frame_key,rater,label,box_x,box_y,box_w,box_h,cx,cy,pass,reason
00256fbe30cdbc6d29c9b1bbcb9c4c2c3662d87474a4b7f9d82502c79abee13e,terra,ABSENT,,,,,,,full_frame,interview shot no ball
002c2ca7a3c0bcba004ff1761736e8d4f4a5f29f8fb196d38f4226007610785b,terra,ABSENT,,,,,,,full_frame,closeup players no ball
004dfb194535143b158e2d9be51ecd2b418db9e245983615f657b3c29116dbe5,terra,VISIBLE,1102,245,27,24,1115.5,257.0,full_frame,ball above backboard
0089acbec576065c10e019dff359c6607d7cf54a09560cfc42de9fa8a53b1cf6,terra,ABSENT,,,,,,,full_frame,sideline closeup no ball
0161bc9aad42061efbe69ad57cd6cdf3a0cf1b83109cc99762bae9d9a9f74031,terra,ABSENT,,,,,,,full_frame,player closeup no ball
01624a78bbc487d9602526cfe4540a4fe96c753bc7e126774fc5c604335e2917,terra,VISIBLE,1236,351,18,17,1245.0,359.5,full_frame,ball by ballhandler
01ce08140eff3b64b4971ca44c434016601f1fa298dc7d5b2836ac2e50bed778,terra,VISIBLE,629,218,33,34,645.5,235.0,full_frame,ball near basket
025a8aaacfd84806f60343d16889f1b70fbbb3352db38619a859583c607ce7f0,terra,ABSENT,,,,,,,full_frame,player closeup no ball
02a8ebb076270a5e8156d01dd9351034a2358f6c799902ea671c86bf3bf6d635,terra,VISIBLE,1462,460,26,28,1475.0,474.0,full_frame,ball in player hands
0382ec91fd1d2da780e67b48b0add10c7a76837b570dac8b22e60c7098e4bfb7,terra,ABSENT,,,,,,,full_frame,player graphic no ball
04256d900e0462c0fb412259b2c1fd7917c094982fe15a25621afbdd2943a3e9,terra,VISIBLE,456,84,33,37,472.5,102.5,full_frame,ball held at sideline
043421998afdec270096c172f35f200dde5d1f723fe1132a02a567d1efedec98,terra,VISIBLE,1450,510,38,38,1469.0,529.0,full_frame,referee holding ball
04c33a2ba3c86c408e325c463d68da8e8d46b843b3136257e3370800df9fadda,terra,VISIBLE,969,442,29,31,983.5,457.5,full_frame,ball in traffic
054db0ba29fc8e4ded1791cd9cf25f22812f33c60f74080c78cf35f4f69e10f8,terra,VISIBLE,686,704,35,33,703.5,720.5,full_frame,ball held by player
0560ba4573e3fbd7c7945660a3476cd07a986a689e8200743c4de19c481c5281,terra,VISIBLE,753,411,27,30,766.5,426.0,full_frame,ball by dribbler
059f61cfb0f7f317bb995f10741559cf3b6b5150b0d7cceaa5a5909cf7c2d975,terra,ABSENT,,,,,,,full_frame,player closeup no ball
05cbce45bbb85d4cd2a1fc61d2246d67799f687299f6a52c0cb837aec010cf4e,terra,ABSENT,,,,,,,full_frame,pre game court view
060e54341df9b6ddc705b8cb5d961bcec09c739c266d965a8e793b02c8c3f32a,terra,ABSENT,,,,,,,full_frame,bench closeup no ball
060ffbe2c29ddbd2129bcd0c31a4283ed000ebbd10378c1736f21cab9a85e28d,terra,VISIBLE,1098,285,122,128,1159.0,349.0,full_frame,large ball in hands
0678b8bdbcee81549712edcab7773594ab55b8211d3a77232bf66af50547918f,terra,ABSENT,,,,,,,full_frame,ball off frame
068d095b39c71754f062e92ea196aa17f6764e08ad7b0053237dd14ef4d5a1ea,terra,VISIBLE,1448,489,23,21,1459.5,499.5,full_frame,ball by ballhandler
06b15ae77e149b1c1ab1e83f3fa9eac0ccd7eaa78dc6ccc8f628d6ac529cf65d,terra,ABSENT,,,,,,,full_frame,halftime closeup no ball
06b61a76a7ed92f4e227015c169b53e2bd2699dd8c7c5fe8fb0f38d92c9527a6,terra,VISIBLE,1255,584,47,42,1278.5,605.0,full_frame,ball in player hands
06b7146c14f12cbd722f89b4164cc1c10ab99530456e6615fa38a5107f7643a3,terra,ABSENT,,,,,,,full_frame,basket view no ball
0714d445d447cd121675c903f4e6b79a77bf4fa7d4a9f0abb53fe142698754b8,terra,VISIBLE,721,423,25,27,733.5,436.5,full_frame,ball in post traffic
0716d136adb43568d2a75382627391a0cbf7145f5e409edc998c9f8732245ffb,terra,ABSENT,,,,,,,full_frame,fallen player no ball
07663802c0296b89e792475d24663fd02261514fbe6ea86cb7df11563a9de53f,terra,VISIBLE,1316,120,35,36,1333.5,138.0,full_frame,ball in flight
077503ec977dee0bade6e66673ed011259f3257ca46d469441c7f03b37c42c6f,terra,VISIBLE,753,641,32,31,769.0,656.5,full_frame,ball held in post
078b67d10e8d352cb836eb095e4d3b7e8962cafb312eebb9fa57b34a0d97cdb6,terra,ABSENT,,,,,,,full_frame,under basket no ball
08037ac3f45254131d1151faa079a5588d3837fca39b1ef18eba470f3ae48096,terra,VISIBLE,201,466,37,37,219.5,484.5,full_frame,ball held on wing
080b4ae24d37915b8a352eccbef7306919a4520c6c07ff4cef75fc397e5e62b7,terra,VISIBLE,922,137,38,37,941.0,155.5,full_frame,ball in flight
088c361670696e6a29f5f5ea6f0009a47928be5e093fd13f6d48e27c83176f71,terra,ABSENT,,,,,,,full_frame,inbound scene no ball
0996009510971daace753d9ad4ac50e072508cb7b32c81430bd4657683de2ccc,terra,ABSENT,,,,,,,full_frame,players walking no ball
09a4d0d36e4889f9edcb88f707e82e15af5d84f8e1af5769f4346d2b5fc4fd8e,terra,VISIBLE,1250,202,29,30,1264.5,217.0,full_frame,ball held at wing
0a6565dfbcddaef56b56582099b31117fea20682cefe1c2c949467e518004210,terra,ABSENT,,,,,,,full_frame,score graphic no ball
0a8431fe20e09972aa2278fb7c06501abaee90d8ce1b8e76211ba80117be76ff,terra,ABSENT,,,,,,,full_frame,crowd shot no ball
0af26b42387635bd56de521cc5ddcbaea224a3acd03eda91359305c1f7877595,terra,VISIBLE,143,568,127,130,206.5,633.0,full_frame,close ball near rim
0b0efe5807b194b9bab3e6f262ff9a0ac6f07c73a08655dba70840d85db064c5,terra,VISIBLE,1118,407,55,55,1145.5,434.5,full_frame,ball in player hands
0b241fe2e28c13757d751c8df6bf0dc9808ec56f08b1725c5c354396b7f826a2,terra,VISIBLE,1543,347,36,38,1561.0,366.0,full_frame,ball at baseline
0b2a0da950da99fe7a74d37330dd9abbe818a55878e288e3cb5d8d27c1e6eda4,terra,ABSENT,,,,,,,full_frame,player closeup no ball
0b3f308131cbbd453856325831312cba0ee41b607e376f5a6bb7fa3845eec80b,terra,UNKNOWN,,,,,,,full_frame,ball not identifiable
0bd4386adf802886b9b44360e518cb26ccaba0a6ad0250f497075e4e2f0acbb7,terra,VISIBLE,895,530,173,178,981.5,619.0,full_frame,ball at rim
0c5bbe8d978af5495bbe5f7acf5a7d19be589175d5322792b87b7ade7031fe38,terra,VISIBLE,1172,458,42,50,1193.0,483.0,full_frame,ball held overhead
0cd289ec6c7ac638897bb971594b0a9b66843838e58f207c10b8de92e1f25d58,terra,VISIBLE,1243,698,30,30,1258.0,713.0,full_frame,ball in dribble
0cd4a064a09a5aef1b0a15bf646ad3462b57c51d326009f471d0e1de9e417f56,terra,VISIBLE,1463,354,45,45,1485.5,376.5,full_frame,ball held right side
0d48df02e4d51ea88e1a6518b47bbda38bf211fea655b172a1625628ce55352a,terra,ABSENT,,,,,,,full_frame,player closeup
0db71514d7adcb20ac39ded1d0da68e41a75d4c0a51e9981f8dcc9e0345de487,terra,UNKNOWN,,,,,,,full_frame,ball obscured at left border
0dc77fa0f8936adc5de02d9b5bea7c1ccb91ecc9325eebb9a690bd85eb76fd17,terra,VISIBLE,604,169,84,86,646.0,212.0,full_frame,ball held for shot
0e28ec60437d97badf30bfeebc4bfefd2af91be56c178e38903ba8e81356707e,terra,VISIBLE,1697,408,31,31,1712.5,423.5,full_frame,ball near right sideline
0e33060e2a2dc248c1d161dd627929a7ede989b82ce9b387a7b3f50a68f4bf55,terra,ABSENT,,,,,,,full_frame,crowd shot
0e3b7e8661689213774c1287168ca73ac6945355d8efbfeef736625138e5b201,terra,VISIBLE,826,333,49,47,850.5,356.5,full_frame,ball in flight
0ec893dabad8268ebd728cd49e52446fe1c7949c383b121f0b87275728ab18c2,terra,ABSENT,,,,,,,full_frame,player closeup
0f10333a93b690a10420bb8b30fb96f6699978f52fb28c1a25563c440a034495,terra,VISIBLE,817,441,45,41,839.5,461.5,full_frame,ball in flight
0f1af2b34fe774fae42afebeb8f8d079b0e0d7eea52c96f3cb9516a1c875c899,terra,UNKNOWN,,,,,,,full_frame,ball not identifiable
0f5be93bb3489c3bd006eaad1f46de00e9964a77bbb8f3756cd7f5b9f7ec58da,terra,UNKNOWN,,,,,,,full_frame,ball not identifiable
0fcb847654626ca47b1cea6a7c42470ec4bdb91e299b01c2b0bb442e1e315b72,terra,UNKNOWN,,,,,,,full_frame,ball obscured by players
0fe4c8ddae336a282ae19bce206c65ec4a54eed69b2eb6303488544000d2c7a7,terra,VISIBLE,1097,130,45,45,1119.5,152.5,full_frame,ball above rim
1026ad7863539feb258bc12c3ea8c21c4d1adfba574f89f0c01a2784468b55b4,terra,ABSENT,,,,,,,full_frame,timeout huddle
106212c1ea74de3259854c30e0209c33616fb651c69e2d341fa56b7d3992c672,terra,VISIBLE,925,462,34,34,942.0,479.0,full_frame,ball in dribble
10ad02178e7d11a79a1d4911a941be512f13e93fd6711324138085919e3a168d,terra,VISIBLE,1265,803,35,35,1282.5,820.5,full_frame,ball in dribble
10b7527d032113b5905db2fdb928363340fd21b44af451a2bcb7c0e72d1f9476,terra,ABSENT,,,,,,,full_frame,player closeup
10d786b6a025c8eeceff884b41b28a9acc1b459b8d71fdb613f2daf951d1d850,terra,ABSENT,,,,,,,full_frame,postgame interview
110f054be70cd154599e5f285465922b9fbf9a086b04f2a3d321912f5c1557c9,terra,VISIBLE,149,588,39,40,168.5,608.0,full_frame,ball in dribble
11ffdedbd9f04b6098ce0f03bd22b0f31745226dfd46e16388e88c91c6a3f823,terra,VISIBLE,805,315,42,44,826.0,337.0,full_frame,ball held in lane
12fae7c643419925b0a63d4c7d30afc1a04c1a565d5ce9068fb177a8f9c525c4,terra,UNKNOWN,,,,,,,full_frame,ball not identifiable
132df7d1940203dc725c171bce5209ac2ccfb10e45e2c5568aa45e70f6bf7e8d,terra,UNKNOWN,,,,,,,full_frame,ball obscured in paint
139b5e762e0905a971a75a59bf0811b9a551726d69b23d7215ea4ae1bcf67ef3,terra,VISIBLE,1682,544,35,36,1699.5,562.0,full_frame,ball in dribble
13dfa04669bf44d17e34d560311fdbbebbc2a41d148dbf05ebbb6bb5349f1163,terra,ABSENT,,,,,,,full_frame,celebration closeup
13fe9b95f2baa8247ef5b480db021592c1f1b12bbfbfce4ae710f4b67a61ac29,terra,ABSENT,,,,,,,full_frame,postgame celebration
1574171a0438267ad6899c56745773b4dc6b78e79bc455a83bfb15774fc9f7d9,terra,VISIBLE,338,385,33,34,354.5,402.0,full_frame,ball in dribble
15811f965b333109faec2b62a84f50dd2dbed20824e77fb05e46ff5081b14764,terra,ABSENT,,,,,,,full_frame,bracket graphic
162155c0f0604f3d22ae6b211e8c549877d26044be323067f408a954fc87e257,terra,ABSENT,,,,,,,full_frame,official review closeup
1623782c2aebfa8ca01815dc8824efd1bc748dec80580a27181bb14350d87767,terra,VISIBLE,1082,323,38,39,1101.0,342.5,full_frame,ball in flight
1641577caabb54039d6e91e3399b6e81031b8067b42fde460acb019a490d65b3,terra,ABSENT,,,,,,,full_frame,postgame interview
167958b50c68c4e4a66e3a490eda19b440264c9845ca2909291cd357e741ad9f,terra,VISIBLE,1001,581,42,42,1022.0,602.0,full_frame,ball in dribble
16c583e45b3936aa65d2dce0135ff0a6bd95f0fb9cd5725e34c56abbfae258b7,terra,VISIBLE,331,712,39,38,350.5,731.0,full_frame,ball in dribble
1715c179cde0c725fff621a8bbd9a5d530919d3a2a225e5574f92225dc543220,terra,ABSENT,,,,,,,full_frame,postgame interview
171ccd76427d46b36945a39241cc9cab358c95c8570aec46c8bbf65b004c0afb,terra,VISIBLE,1040,588,39,40,1059.5,608.0,full_frame,ball held by player
172177e657ab4a55685d4735067c9bfdbdc15283ad6ef388b0ca54fe0452835a,terra,VISIBLE,323,720,43,42,344.5,741.0,full_frame,ball in dribble
1756edee9fdcc4ad55a729a74e1698fb43c6c0e485a08e783a3e714fa80279ef,terra,VISIBLE,1193,358,47,49,1216.5,382.5,full_frame,ball at rim
17b7e5165d18e89ec8cdf10e61e1e730045270597666889957436ca209916965,terra,VISIBLE,142,282,42,39,163.0,301.5,full_frame,held by left player
17d6fcd7fb73dc6b2ca7290f23ce0e2376e2cde27bca89b56e06dd97b01d312a,terra,ABSENT,,,,,,,full_frame,bench closeup
1857d246757a862a829d8d1446a84402b35a7d4a93bd454bd19071bff262ebdf,terra,UNKNOWN,,,,,,,full_frame,obscured at lower border
18655fec2b1913c9a5ed381a0f22048c0a75367fbd4edd75254743cc2036af68,terra,ABSENT,,,,,,,full_frame,player closeup
189ad3ac674890c5633fc2dd5cc3b95a790c360eeaaca3e494a4055f9b7d1e82,terra,VISIBLE,708,713,34,34,725.0,730.0,full_frame,held near lane
18d717b95aad33aa5ace24439cc7b0c3b314759f3b28605f5dad903c3cb30072,terra,VISIBLE,451,404,35,32,468.5,420.0,full_frame,held by white player
18f0cbe4d4c66f57fd89943cf98ec4afd374b683d0c171d3d0f19ee855159349,terra,UNKNOWN,,,,,,,full_frame,distant center action
18f3d180b4854a548ba4cd699bd2cd3452fb4d7882658dced319d09ae2037998,terra,ABSENT,,,,,,,full_frame,dead ball scene
1964f056bc85375168c21c069d074ae31d87e9efc9595a2265c0b222db131811,terra,VISIBLE,707,475,34,32,724.0,491.0,full_frame,dribble near baseline
196f3c56062a843077a6e7166247f2cf97d7dabab56e10ef04428d5c1cdfa126,terra,ABSENT,,,,,,,full_frame,coach closeup
19aa39df5c12435f075506b642b27877c073bd5cf9ddd7265743a7d7c73b8c61,terra,ABSENT,,,,,,,full_frame,players walking
1a1a5c6d446a2ef6bf07093214156f1023d53314952932e1938a1868210b9c26,terra,VISIBLE,875,146,26,25,888.0,158.5,full_frame,held by black player
1ac73a2dcdf15b5d6440505a27ab2ea5de2ea00ec81ccbc506c9dff7173e5033,terra,ABSENT,,,,,,,full_frame,team huddle
1b52ab7e5d34a109084c217412ed79683aa3bfaaa85bb7936bcd28ae13f333c4,terra,ABSENT,,,,,,,full_frame,post score scene
1b7184dbaa2975052158c54c1193f0225526760bbc7b3c3ceae5744685d02af0,terra,ABSENT,,,,,,,full_frame,intro shot
1b86f4d0f72ae1889feab059cd4666616b267abb485788272ebe186109545669,terra,VISIBLE,1430,619,36,34,1448.0,636.0,full_frame,dribble on right wing
1bde52a9fa30008382a935a8b75ef863bcf4ce0025698ee8fe4e70d85a705b46,terra,VISIBLE,812,45,59,68,841.5,79.0,full_frame,airborne near hoop
1bf643c2eec3b066c6c9ef5bf4972ec773b2be2c1c1bb4dc728159a46d1efac5,terra,VISIBLE,720,254,34,31,737.0,269.5,full_frame,held by driving player
1d1cb65290784050f05e114de2d924c2417cf05d48ff636dde6c4822121b8a05,terra,VISIBLE,773,408,34,30,790.0,423.0,full_frame,held on baseline
1dbb98c89d42ef9d5c05d638ced58174eba27f09cb3b8f7beb2c7aad763fb690,terra,VISIBLE,1069,267,37,39,1087.5,286.5,full_frame,airborne near basket
1de680a0b8185f7ae4ecfe73680f91b1c91ab01a84a4db246805c0829c70a689,terra,VISIBLE,1254,420,30,31,1269.0,435.5,full_frame,held under basket
1e020a4bdc8924fa0053f68a60d1f7954eb5d78e887924970ecc0bc2bc710281,terra,VISIBLE,1702,497,31,31,1717.5,512.5,full_frame,airborne at sideline
1ed950faa3530acdd3cdcf78c3c19732be7432bf4a4dc1ec7b61c9eaf1e72153,terra,VISIBLE,286,177,48,56,310.0,205.0,full_frame,airborne pass
1eeefb37ee64be56ca106e5c964e27a6a27b0e51c5ee4e8fad095bbfd712e140,terra,ABSENT,,,,,,,full_frame,referee holds ball
1ef290866cdef99eac79963839aae1037aedcca489dfd0eb48cf2e68e655d97f,terra,VISIBLE,885,128,43,43,906.5,149.5,full_frame,airborne shot
1f22a2a528473a7b93dcd7544caf156e9af80dad501a893bc33f16e8158c789a,terra,ABSENT,,,,,,,full_frame,player closeup
1f6c55e79eb3d2a3f1a58ca9f3c1c519d71a540ea74f16aa6b50e761cdc1105a,terra,ABSENT,,,,,,,full_frame,bench closeup
2034fa57099c3b2942a232d1789ddcc95d2352584e3fe33f1fb5e9eb93ad54a8,terra,ABSENT,,,,,,,full_frame,injured player closeup
2064dd5b1714766b875f09b4f6d2d9a2bead15f7710f62e6f29d548727fbec73,terra,VISIBLE,998,597,34,34,1015.0,614.0,full_frame,held by white player
20acbc1fcca15521097a437ffe46365e974a1f7465a45912146e7a9d389aea3c,terra,ABSENT,,,,,,,full_frame,player closeup
20cbcbd309628c8ada7b8db72cf55148de1a4f1df202827fb50fdb9860f6beb1,terra,ABSENT,,,,,,,full_frame,dead ball setup
20e3d59773aa46f4217ce261270cdcdda96805e4472f093d9039415034109e54,terra,VISIBLE,428,640,35,34,445.5,657.0,full_frame,low dribble
20ea1070cef466b895f7eef7c87325e152af9358bd76ef5c722eb2e08133a5af,terra,VISIBLE,1178,405,36,34,1196.0,422.0,full_frame,dribble at midcourt
2136a528a2d81ea25550741453599aaa27641a98aacfe2e0e7f3ca22a09ee0d9,terra,ABSENT,,,,,,,full_frame,player closeup
21397c7b3c55e7e30722aecce2aa333a6c2871fcb598b40464a8c9eb65cef447,terra,VISIBLE,1028,366,44,43,1050.0,387.5,full_frame,airborne by hoop
21ad836779ea367c0d211410934d94bc61d8343faa66103b0839eeb7e52bf042,terra,VISIBLE,730,418,32,33,746.0,434.5,full_frame,held at baseline
21af71171642d7536d5c7127dfda71b093ac0d221fdbb3c35325fa00ce857a9f,terra,ABSENT,,,,,,,full_frame,players waiting
21d9b9c5350fc1377eae8266d72c429f2f116ffbc1462e9c987f1e7d530a8396,terra,VISIBLE,468,540,43,46,489.5,563.0,full_frame,held near baseline
22548044b18e3773b228619f0d0827eeaf1ed2d4ce77987181f32d2a689cc70a,terra,VISIBLE,1326,100,42,46,1347.0,123.0,full_frame,airborne near backboard
22965c4756ca6efc433097b885a5ca1772c042c66eeef86df56f0ea276aa42e7,terra,VISIBLE,1097,510,40,39,1117.0,529.5,full_frame,held under basket
22bbc4ff9c7e0b873dff66b9f914fae6837adff6df78b956e65bec5b8e577dea,terra,ABSENT,,,,,,,full_frame,crowd reaction shot
22fb1eb7d39c52dda5f2f75ea5ad04b92a1ee4bf3be6929fe9c57dbf0376b54d,terra,ABSENT,,,,,,,full_frame,player closeup
237d19193aeede4824f524531944087848308ef4fe92f97b28b4e45c9bdf166d,terra,VISIBLE,680,265,29,28,694.5,279.0,full_frame,held near midcourt
237f9ae5889173780ca212bb646f15cd06fb33377b9671ae6d83dd663c423079,terra,ABSENT,,,,,,,full_frame,full screen graphic
23cbad5a1c2d68a647f3c4466f4a7ab7908ed1babf8a4a6885299e6a84e5f3e0,terra,ABSENT,,,,,,,full_frame,coach closeup
23cbbd9e412d21fe818271273fbcf19e86ffdbb20b971eeb9841d934679b159d,terra,ABSENT,,,,,,,full_frame,player closeup
23cca1abd53a7a1bb7dd13b7e6b754b9c78ba99cb28f1f8824d7a7cd6fc27f8f,terra,ABSENT,,,,,,,full_frame,crowd and players
24188290937e25df89ed4ca740c029339641e55c11add15a7e961abe0cd00339,terra,ABSENT,,,,,,,full_frame,postgame celebration
2429eda8f89636a22b1d11a36220a0c73255fe554cbcac9fdaa992e356cb5057,terra,ABSENT,,,,,,,full_frame,player graphic shot
243411904abf14d2d21314daaa3be7f75fec2ee82a7d219f02be618e13aac30c,terra,VISIBLE,1137,260,34,31,1154.0,275.5,full_frame,ball in flight
24896f416885b7cc499029d081e869ebc69559396cb60cdfa62d03bc7007657c,terra,VISIBLE,925,376,32,31,941.0,391.5,full_frame,ball in paint
24fd0a97b8dd48fb65390c75b3bc5f69734e729687e17adde219149614006ef4,terra,UNKNOWN,,,,,,,full_frame,ball location unclear
24ff204830b96a8cbfeb2688e0dc2e2062849f5daa3febdf4b4f67828af15dfa,terra,ABSENT,,,,,,,full_frame,interview shot
25de3240f18a9fb6621995cf4d2c21f200dd5ec715754fd865cedc217627c2d0,terra,VISIBLE,1057,390,30,31,1072.0,405.5,full_frame,dribbling ball
263140f3bad0766eea3bd19f135b64591ae55a35c9172a97507e475fd3b50ce8,terra,ABSENT,,,,,,,full_frame,player closeup
2643efedef7defc035734cf4ea032d9f4c78e21e93a7506423b386aaaba62890,terra,ABSENT,,,,,,,full_frame,player closeup
26d7d47a599a028304d4273454bcaac90dee7e27cd1e3314a595652187d94677,terra,VISIBLE,927,264,68,79,961.0,303.5,full_frame,held overhead
26eb9cee0a07399b0c7a82b50d4af683e63d03f766083601ace7c0007bcf3699,terra,VISIBLE,504,437,38,39,523.0,456.5,full_frame,held near sideline
27316d5c1509ae5d55313299818365cfd9e12721ac12787084d9583ad22a4e7a,terra,ABSENT,,,,,,,full_frame,full screen graphic
2798587f7b5c02fe536e630ee40987bd0f34b43bcaf7955ba3ad6428db39ffef,terra,ABSENT,,,,,,,full_frame,player closeup
27dc4e42485e51ffb24f202b9a035eaae7989240a062b4caeb4b81ac82284a30,terra,VISIBLE,1008,821,48,48,1032.0,845.0,full_frame,ball at rim
283468ecf8c555331c501fd825e5c21f435e3b8d2262528670e1d2d759b2e5fe,terra,VISIBLE,1329,532,43,47,1350.5,555.5,full_frame,held under basket
28ac36198862035ea0c6bd1aca9b2daadaf7efdaebd19b7f9879678cbb7f8372,terra,ABSENT,,,,,,,full_frame,stat graphic
28c45077ccf499e1a5228bc129a9ee25c1b7fe2ee89e3ee786eb20c9783d92a5,terra,VISIBLE,638,327,36,38,656.0,346.0,full_frame,held near rim
28f423d90721962afc1a8038875cbe9d37b19e7109a4fd4b9122f4dc6cb33e54,terra,ABSENT,,,,,,,full_frame,player closeup
28f92237d044af6d15208faf09cc998d94a9c1be19cffdc1e46b51528873faec,terra,VISIBLE,388,633,30,30,403.0,648.0,full_frame,dribbling ball
2910362aaca2fd21ed16ef886f80acd40b51ecb66fe487b1d0972bdc56112d26,terra,VISIBLE,1589,449,31,31,1604.5,464.5,full_frame,dribbling ball
29396a12ecc8abc4e34ee6c08b698ea1b464d1df679a2019eaab5d52e5a453ad,terra,VISIBLE,1177,638,30,30,1192.0,653.0,full_frame,held in lane
296bcac9920829e44e07e65abc78d00136d9c7a02ac7c408fd07f86a6ab69571,terra,VISIBLE,1408,447,28,28,1422.0,461.0,full_frame,held on wing
299468af20c51dbf3e2090310433847fecdb8dbc1138dae74f3314da344bebf7,terra,VISIBLE,1531,454,31,33,1546.5,470.5,full_frame,ball in shooting hand
29a5e8320a7051398a643a2c629e0f5895c9eea8748f00d76377e34fb01b6522,terra,ABSENT,,,,,,,full_frame,free throw setup
2a9a710a92da095192e9795585a50a80d61c7f3471f09b3269df86592db3d0ba,terra,ABSENT,,,,,,,full_frame,bench closeup
2bb500a83daf3afa5636a418a3a2a1a45600bc7c1f071b8732fc6c6c0d9ff236,terra,VISIBLE,938,518,53,57,964.5,546.5,full_frame,ball near baseline
2bbe984f4a74b18664c665c3420d3ce26fbf10d4597350334bca69f149859531,terra,VISIBLE,1058,184,31,34,1073.5,201.0,full_frame,ball in shooting hand
2c91e135e4269b4dc9cfd74019f56a035f34266a9e6d0eb77d095291ff9d0df6,terra,UNKNOWN,,,,,,,full_frame,ball location unclear
2ce019929197f1f70f73d69b7ebee54395e3d9230d2112fa7b0479a8f0cd5e8c,terra,VISIBLE,1494,488,35,37,1511.5,506.5,full_frame,held on perimeter
2d4b0c99d15d4db6fe8ae0cc36eb685d80bb3b10efba8902878330d54af88916,terra,ABSENT,,,,,,,full_frame,player closeup
2d61858c542071d4f2f868987ebbb8806cd8a10168b82dd63928c38d90b9f03d,terra,VISIBLE,554,445,38,42,573.0,466.0,full_frame,ball near rim
2eb34d6a761b39ab9284313fe5e2b742d2437777f6a37478ab17b86dcb726562,terra,ABSENT,,,,,,,full_frame,player closeup
2efda39878646c2e8253f9676d7dd9abf4a7417459ff4bfffbc3dfcb490d21b1,terra,ABSENT,,,,,,,full_frame,player closeup
2f016c06f20894d50f6bf44eb17b2a86b28c2072faaba6a0a3cb7e74d300fa49,terra,VISIBLE,1008,291,33,33,1024.5,307.5,full_frame,airborne pass
2f04941c7a03abe8fea239a8e6e6e1cc31256fa8b44169e458712516ee768627,terra,ABSENT,,,,,,,full_frame,bench closeup
2f06e36c1ed1c145ab0713133008fa1b0aad13d152eea9479cc456f3de83911b,terra,ABSENT,,,,,,,full_frame,player closeup
2f243ae981ad41911be70d35816286e6c356f500d8d93e00b3c3dfb32a89144c,terra,VISIBLE,917,609,30,30,932.0,624.0,full_frame,held by ballhandler
2fa4df83ec62b00aad3b497c6e1d7656afcaa13a19aedb0f7daf3bcacfc533ae,terra,VISIBLE,243,568,28,30,257.0,583.0,full_frame,dribbling left wing
2faa7ff03a5c92ab1171b9db598ac35dec447153b5d8b2ddf224c55ae60ec7d7,terra,VISIBLE,689,352,31,32,704.5,368.0,full_frame,held near baseline
2fc1c0c397b9c2352c2522ad63fd3afe145092e42f789740cc554e84ea337cec,terra,VISIBLE,1203,660,31,31,1218.5,675.5,full_frame,loose near lane
2fe64d28cb18ab19038a3f89507381f11d2d211ce72b6fb10aad289f67bd8ead,terra,VISIBLE,787,218,31,30,802.5,233.0,full_frame,above rim
30154a7e31103db64f8bbe2024a6f240d6327313267156aba1a723009f6a356d,terra,VISIBLE,1193,230,34,35,1210.0,247.5,full_frame,at rim
30356bf13742170128ef8fcec769eca428171917548ad839851350ae93776098,terra,ABSENT,,,,,,,full_frame,ball out of view
303ac8d28eeb70d76f501c2db26c060116a2737673e2e628fe09f29d9abc4764,terra,UNKNOWN,,,,,,,full_frame,frame too obscured
311dcabd8fc06df051cac04a20433cddd8ae920a34ee3f2540859fad02969855,terra,ABSENT,,,,,,,full_frame,bench closeup
3130cfa098e54f28258c10bf925e8b4e8c0c0f33b36a0afd2aeb3c4ff383c93a,terra,VISIBLE,754,798,29,29,768.5,812.5,full_frame,dribbling
313bff52e59385f621946dc5a1184395813ac6d11ff8969370b15855d18d01e6,terra,VISIBLE,499,405,29,29,513.5,419.5,full_frame,midair pass
320fdea1359495a998e0efcf83b89f856d025bb4eeca184effd3cd5a11258aba,terra,ABSENT,,,,,,,full_frame,player closeup
32a9b704493fbb795fb761f37bef3fdce018f9bee88a4ec8ec651ab518983bac,terra,ABSENT,,,,,,,full_frame,player closeup
32d80de87a3b4734d676565e434a26c5367c5dc832319936f1ab373124f096c0,terra,VISIBLE,696,507,32,32,712.0,523.0,full_frame,held near sideline
33525f98eccfbcfe08bd471bb58e98acfa141df0fbaecbf1f08e08d1e88dcd18,terra,ABSENT,,,,,,,full_frame,dead ball setup
33b657bad2c022d318d4f3142032e547d2796ab3df86293418c04ffc26cda55a,terra,UNKNOWN,,,,,,,full_frame,ball obscured by players
3427c8976d82fa8ad83e5576b91d3e5733d1fbf89c6b8c1e199dac4877e6d29c,terra,ABSENT,,,,,,,full_frame,coach closeup
3460c10d21ee16eaa06c2ae873e279e4fbba155b259be0c12f2494d06576eee1,terra,VISIBLE,1580,363,26,28,1593.0,377.0,full_frame,held near baseline
34766854d990d4a26907caad5d2686f9434d7c284421a529b278b7fa31cbd08f,terra,ABSENT,,,,,,,full_frame,coach interview
34a68e7844f33d03dc91bf0ac111d896bb6f340377dbf2be9dc62f1ee5c3fcc7,terra,VISIBLE,1552,485,30,31,1567.0,500.5,full_frame,held for inbound
350458ba9feec4e39bf5581d4b4537cff555839a192050d9322d8bf57de03859,terra,VISIBLE,1035,795,42,43,1056.0,816.5,full_frame,dribbling
3522f413dafd1bb6a298d6f8718c4dc246d8c217f350fd9eb9569242e0dc0301,terra,ABSENT,,,,,,,full_frame,crowd shot
35d8cfec5e3d2be8057c87714074fcb3af31eba724c5264f08a3a78448135c47,terra,ABSENT,,,,,,,full_frame,team huddle
369640d8f3c16f995725e62593833f00cab3e21be3efa647210036a6eb4d15fb,terra,ABSENT,,,,,,,full_frame,team huddle
36b7d96fbb5b5ae81d39193fef2a27b129ec5af36ac9b5e11350a135efeb6279,terra,ABSENT,,,,,,,full_frame,interview shot
3706b27ac29699d598acf43c919dc3ccc2f72451f9797aaf9f209651c43c1bcf,terra,UNKNOWN,,,,,,,full_frame,ball obscured in paint
37bec05d324a20b5dbde969991f97f107abbfe1716d257d72e1c10f115f5b1a0,terra,VISIBLE,1201,188,29,31,1215.5,203.5,full_frame,near basket
395923ab30bd9f5175dd813fbe027bc57a05bb928cd7c2f6cfc5c341a645a33d,terra,VISIBLE,483,621,31,31,498.5,636.5,full_frame,held by ballhandler
39adef9c83249a4e5ef43f71db222d86e09aacb8c7011dff0f5aeecbd6359f70,terra,VISIBLE,293,661,29,31,307.5,676.5,full_frame,dribbling sideline
3a0a3add537a99d8a33af4c485aaebe4c0c8711637fa6b301af109f67ab70b0d,terra,VISIBLE,1633,741,33,34,1649.5,758.0,full_frame,dribbling right side
3a1086cbf8943b8233eb6e9c621c8750283d5b0d2e11a30e99bd73cea799f3ab,terra,VISIBLE,85,511,30,32,100.0,527.0,full_frame,held for shot
3a1eac61e1a942b7b31700298f56457707bb1a95295d339f60a60d7a26b4a833,terra,VISIBLE,919,700,36,36,937.0,718.0,full_frame,bouncing in lane
3a43247ea7551d6a14ba6048aa80349de0e47f77911f3860ba85389fd92fa492,terra,VISIBLE,1000,556,34,35,1017.0,573.5,full_frame,held in paint
3b2627eeaeb9e821a62e012eb1e292120268ee0efce82b9d5f6193f515e95cb2,terra,ABSENT,,,,,,,full_frame,postgame interview
3be793e57b63e9c348c3f5568c40b12da5f0ab670a9b501d50f99e9e2686b053,terra,VISIBLE,927,282,34,35,944.0,299.5,full_frame,free throw flight
3cd9af01508e7038b88eccb5605661f483c593d925287c309fe2c77b1e59eb34,terra,ABSENT,,,,,,,full_frame,bench closeup
3d11e940c721c0fa603253f4e78940a080db2b69669fa073e4590b854834301d,terra,VISIBLE,651,228,35,37,668.5,246.5,full_frame,shot in flight
3d209e63af68ec4bd5dde83a5465e5fd96e003ab244c9b9f92405fe09f556636,terra,VISIBLE,1409,466,38,37,1428.0,484.5,full_frame,held on right wing
3d5bfeaf149137570da522c6d992297469c1a205b1708c0484ce376bf6f02812,terra,VISIBLE,979,441,28,27,993.0,454.5,full_frame,near leaping player
3da016070261f317f62e1023453b415bfc76365c7aca1bbb75ed144cf77b5be2,terra,UNKNOWN,,,,,,,full_frame,occluded in player cluster
3e0b4956d16c69707c7f3a9216eb8540d88f43eb3a0cdb2a41cf0134a12db341,terra,ABSENT,,,,,,,full_frame,dead ball closeup
3e1def3d25f97e16f4213a2e990cbc8bd901c29da79e22ddf10eb5f9fbfc37d6,terra,VISIBLE,1394,453,34,33,1411.0,469.5,full_frame,held by right player
3e8a35d3ccaef96f41c214190d718f2622821924f7d3fc9736b0268b3bf5b206,terra,VISIBLE,823,562,51,47,848.5,585.5,full_frame,dribbling at midcourt
3ed0ff187412603e94dd18978285f9c601193f5ef98f2f19af10c56a4cde363b,terra,ABSENT,,,,,,,full_frame,postgame player closeup
3ee198390449ff6335e9abc422a6e098edd46eba95a79ac97c017834bc85235d,terra,ABSENT,,,,,,,full_frame,end of play wide shot
3f185619312046487677eb07ff641a72d09e91e9de3f841b9af41145f4b79b6a,terra,ABSENT,,,,,,,full_frame,bench closeup
3f21f1ddaf0bf659c0e6b1a2729684e4bf9314a76b2c3fd356f62c5524ca8d68,terra,VISIBLE,1482,443,31,30,1497.5,458.0,full_frame,dribbled on right side
3f35e95e476d062086abee57576e602cd1cc6dff7d1483cc5ce824886eadb1d1,terra,ABSENT,,,,,,,full_frame,crowd closeup
3f41b5db499787fdae222123d3b1cdb64039a0a66090090efe2de0fc0f9fe412,terra,ABSENT,,,,,,,full_frame,player graphic ball excluded
3f583d2f8380b5f64eb2b7878256e63194908ca4b40e6654b391c33221d0e0e5,terra,ABSENT,,,,,,,full_frame,player closeup
3fac7667dfa4f79f231fac3b79b5ce60f2865aa75300e45a10eba7b34c747741,terra,ABSENT,,,,,,,full_frame,stoppage with no visible ball
3ff88c8cbc62e29a9bb402c16b78ba628c458b0cdc4d9e1e29bdab0f46eee40a,terra,VISIBLE,1121,263,30,30,1136.0,278.0,full_frame,raised for layup
4120fe16d5c55c3885999b18d77b7a2d0eb5e1a10c2712e5709aca3d58bff755,terra,UNKNOWN,,,,,,,full_frame,obscured in replay action
412413c05f7beb7a5953de30667025544b440f6ee801edc89d1b9b177c43df2a,terra,VISIBLE,895,344,38,37,914.0,362.5,full_frame,held in paint
4124266da547b10bce25bd4466cd55031e7f4ff3dc530fbab2cb13eca9f51771,terra,VISIBLE,820,587,35,36,837.5,605.0,full_frame,held by referee
41d019c3b574a31c1a73f27c69c1923021c4d5984c3eb04e81ff63d63c0aa3b0,terra,VISIBLE,1414,391,28,28,1428.0,405.0,full_frame,held on right wing
4209e0afa63523ada47374829906a6895816cea5b6326dc490abfb52feeba092,terra,VISIBLE,1196,401,24,24,1208.0,413.0,full_frame,midair pass
42118b6a72a0f59ea5950ec9fe1f7f6a3c2303d1fbd0537d6fb9971f18ab9f21,terra,UNKNOWN,,,,,,,full_frame,ball obscured near basket
422239c9c6fb0e2e7582a06e2c51ff7a3c25dba2e8858d44bfaa84d8f10cd4a3,terra,ABSENT,,,,,,,full_frame,bench shot
429d0d1fbda6316ac6e85bc976d268e5c0f40afda19e1c692e7902e8187d3c48,terra,VISIBLE,706,545,49,46,730.5,568.0,full_frame,dribbled in lane
438ec97a364869617e96721e963604375ae841664b055410bf29900a6197c760,terra,ABSENT,,,,,,,full_frame,sideline interview
4391d4db24bc5d6405403dadfe69125f35ba14b76a1584133a2c522d86928e01,terra,VISIBLE,719,544,48,46,743.0,567.0,full_frame,held in traffic
43abca024ee0133823832eaab48ce3e9d334131640876245faf137e3b0d72717,terra,UNKNOWN,,,,,,,full_frame,ball obscured in play
442d0172d04ac1e8943bee1b954bfdb4822abae9d0042570a86d02100364d12c,terra,ABSENT,,,,,,,full_frame,player closeup
44d2f30b6681695e77550c038399325baf57949ab9014f8987391fdc3b726d4d,terra,ABSENT,,,,,,,full_frame,player closeup
45111e3bd05a056536ae5c1b25c08c0753f8f2eddf80b6a1f27d1d8b0692a537,terra,ABSENT,,,,,,,full_frame,player closeup
45926cdb573cba3b61704085067ea133edde6dabb8a0c1a4b28921e1d2626a50,terra,VISIBLE,852,423,72,72,888.0,459.0,full_frame,ball at rim
45cfedb36b91bb8d81f68eb7248fb402ef4d13819b9c7379b773ce3d818104d3,terra,VISIBLE,1613,358,40,40,1633.0,378.0,full_frame,held on right side
4650fce328c9f95e72e2eea82a69b831d283c708530ab1edac9a640bec77279a,terra,VISIBLE,1313,387,31,31,1328.5,402.5,full_frame,dribbled by blue player
4680eba1cd06ec91b0046cd3789bb61d43dbd9a4afffb4975e87e2a003d47e18,terra,VISIBLE,466,449,54,51,493.0,474.5,full_frame,held for inbound
46b6196afc9b02b1fb2691a64c4b963d6f9d8d245468d0bacd908d5f810635e3,terra,VISIBLE,194,462,37,36,212.5,480.0,full_frame,dribbled on left wing
470cd9afd8c573a081402230c5fe6cc82945b6c54ab5c5de5ae158ff4aca2caa,terra,VISIBLE,741,292,35,35,758.5,309.5,full_frame,ball at rim
473ef42aba1992e379cb19efb3aa16eafc727384443a48398759a68f254e9655,terra,VISIBLE,1570,567,29,29,1584.5,581.5,full_frame,dribbled near logo
47826bc60f3c7de62941f86f607822d55a0662c6b19699f8cbb5880649344f90,terra,VISIBLE,753,567,29,29,767.5,581.5,full_frame,orange ball in paint
482d0437ff70368ac28435e0bb71c577b3d0864232c4b2dd25d523e2d8c11749,terra,VISIBLE,198,462,38,37,217.0,480.5,full_frame,held for inbound
485667db795cdc3a7da389229dedf385a70d4af26a18c5d3c301f39cb5041707,terra,VISIBLE,1587,565,29,28,1601.5,579.0,full_frame,dribbled at midcourt
4889322a19c9dbb01025e76af2badefd9422b9ac96ff0f4edb75b9b08e2ec741,terra,VISIBLE,752,305,35,34,769.5,322.0,full_frame,ball above rim
488ece7f5ce8fe81cc4f23534bf8331d69fa14ae44421fac50793c669a215f49,terra,ABSENT,,,,,,,full_frame,arena exterior
48a31ddd32d36fef3f3651aede1bcc4547776bcb4de803f1e4f32c443ce3bec6,terra,VISIBLE,1564,775,27,27,1577.5,788.5,full_frame,ball dribbling at right
493100e98464b4fd6069f97bf684305eb9f66930f355dbadf330a3fe3b6075f4,terra,UNKNOWN,,,,,,,full_frame,ball not discernible
49759debf1d117119d61a2cf7a79034cc51e177d741377a0fd4b679f7c43cb27,terra,VISIBLE,363,433,29,29,377.5,447.5,full_frame,ball held by guard
4a4d42a5cf72a295de2a1642845b6ea02226e7002ea8bdcec9c46851ae76091a,terra,ABSENT,,,,,,,full_frame,commentator shot
4a66870b97d6f459546a8e225f48301e920d8f36a191f29921910408edaf1b54,terra,ABSENT,,,,,,,full_frame,interview shot
4a8130a3bbf855cc6a7adf626c78baea0c41cbc852651b7e99ee2de097f98955,terra,VISIBLE,407,318,31,31,422.5,333.5,full_frame,ball at rim
4aa64724a263ec9b72c8b0dd853da47466633fa55c1c9695305bd39c59a52bb9,terra,VISIBLE,459,506,53,53,485.5,532.5,full_frame,ball held for free throw
4aacb40e95d793da832e75868b2e20fc5da56a0b36c909e4e339c137e70971d4,terra,ABSENT,,,,,,,full_frame,dead ball close shot
4b05e098a7059b2de698d1a5665249995291732360fc88ec23375a788bb121ad,terra,VISIBLE,803,588,35,35,820.5,605.5,full_frame,ball held at line
4b3e14a9ae733872f388f6eee7efb4f6a993a7a05302ecbaaa39695d7ac8ee74,terra,ABSENT,,,,,,,full_frame,player closeup
4b5b66ab7b3050228a0cd033f4234af41a9e91813b3f571cf5b71e4eadf64e10,terra,ABSENT,,,,,,,full_frame,ball not in frame
4b90d2fd363eb516062bc8f49fd92e4214bbf18921d5dcfddac73ef542dec156,terra,VISIBLE,1544,566,28,28,1558.0,580.0,full_frame,ball held by handler
4b9307a32abd3afa640af868637260ef879f046917f24c748bc55e80e9a1daf1,terra,UNKNOWN,,,,,,,full_frame,ball obscured in traffic
4bd2281bab76852367e2ab7c6b4d41e33758104e5839e832d47f0779f097e1ee,terra,ABSENT,,,,,,,full_frame,coach interview
4bfbd15059d0c58f0997241208c12f7623edd999b41b8cfcdff9d5fcdaae37b1,terra,VISIBLE,276,451,30,30,291.0,466.0,full_frame,ball held at left
4c04ef3b2fb85097adb026e04254f1dca19ea33de08d51d63e707e45925becdb,terra,UNKNOWN,,,,,,,full_frame,ball not discernible
4c40b3169cde4328ec3855ebcd4dda750e276e89d29b07ef8e0ebf8c9cbdeb21,terra,ABSENT,,,,,,,full_frame,exterior scene
4c56920ee7936022f81d89bcd40575203ed6e7854fd9e8d10c13ab7008de8a65,terra,VISIBLE,255,260,135,132,322.5,326.0,full_frame,ball in foreground
4c78585af542a3077aeb640d0159be8fb86d97fab80133675cad55515042d2be,terra,UNKNOWN,,,,,,,full_frame,ball not discernible
4c7e2db6b6661d0bc867297b88bac7925e543d77653e8a1730377eaebbb7b0e6,terra,VISIBLE,151,588,32,32,167.0,604.0,full_frame,ball held by player
4ce9feada8d79aaee3dd2e51ad95f11af8bcf774d20e93383c24d6059b5ef97f,terra,UNKNOWN,,,,,,,full_frame,ball obscured near basket
4d0b01c58d65e01ff97ae232627dda289fcd6484dee1d91d4416b9d9c5c367d5,terra,VISIBLE,809,438,32,32,825.0,454.0,full_frame,ball held for inbound
4d3b973423aaa40c186ed70239f05c85fcd889f189ee090cb87c573ffdb4ceee,terra,VISIBLE,1618,590,27,27,1631.5,603.5,full_frame,ball dribbling at right
4d4cfea838a047c54af112649205a1192f978b5179773030db3740d272430a68,terra,UNKNOWN,,,,,,,full_frame,ball obscured in paint
4d5ff17b43bdbdf6d70a7aa78414db6fe98669c4751c2f3f535bddddc9b16161,terra,VISIBLE,348,440,29,29,362.5,454.5,full_frame,ball dribbling at left
4df68823644fbe0c1f8e43f74979bacb5aa735323a5745ef84b288a25b7efa19,terra,ABSENT,,,,,,,full_frame,bench timeout shot
4f1ca53421db45c87e44819b935fc030c9dc2fc56443bba10930628f8ac8f8b3,terra,VISIBLE,516,468,25,25,528.5,480.5,full_frame,ball held by guard
4f64a50ac3c15f025f2bd8a96133be5be89f4b2ac049a1572f577af8229ba4ed,terra,VISIBLE,1499,521,31,31,1514.5,536.5,full_frame,ball held by referee
4fecde40157eb2e3864127bbf27a6c1cba754ddb60b39e6c0de0d08e0efd7d2a,terra,VISIBLE,579,676,28,28,593.0,690.0,full_frame,ball dribbling at left
5034f723871938bdca9740e94f20d5efcd1aaa066ea592364b8a9e20c8b7fbe9,terra,ABSENT,,,,,,,full_frame,postgame interview
5042276960abad3600bc36257c2fde450a2e98b8f28e7843e15266ae9da3411f,terra,UNKNOWN,,,,,,,full_frame,ball not discernible
50a956f66e3d77ba40d4096aa41030205549046c85b899501108a63e46887815,terra,VISIBLE,1181,197,31,31,1196.5,212.5,full_frame,ball at basket
50fc0905e9b86426b0a3b203e59639cc3a07a57faf306181eb59db5829f10a36,terra,UNKNOWN,,,,,,,full_frame,ball obscured by players
51036ebc10cf82e7f12cf940b65ac306798d4a8d563ae8cfdb2b3a4a030f3fd9,terra,VISIBLE,842,537,30,30,857.0,552.0,full_frame,ball held by player
512975438cfd0a649cf3b623e04d12f990dce55155044c5671dfaff19b7b3599,terra,VISIBLE,1494,648,39,39,1513.5,667.5,full_frame,ball held by handler
513d233d9a075155fd4c83c3ca956cf558daa5a044c07f8e151caa322288096e,terra,VISIBLE,1346,687,32,32,1362.0,703.0,full_frame,ball dribbling at right
51e1d3096ee34fdf477995990c068ab1e7e07067550366b014f19be4b53cb28d,terra,VISIBLE,1095,657,31,31,1110.5,672.5,full_frame,ball held by player
5204240b18dd2162c8e9a5f84d1ad89a21000013fee54397f4d27c165a59b46c,terra,ABSENT,,,,,,,full_frame,coach closeup
5232ad114239443128b1eba7fdd23bed50c4c791b62186315fc0c23184387e97,terra,VISIBLE,1606,367,41,41,1626.5,387.5,full_frame,ball held at sideline
523405dbdd66ee53b37a0210e167a3e19b672e95eff4f6dbd855aaa2bb847971,terra,VISIBLE,787,385,25,29,799.5,399.5,full_frame,held near basket
525736693e801aaaf8a8386e7cffe8bb29f8b84fbb6546bc07d09e1bd5a14a8c,terra,VISIBLE,1315,354,35,39,1332.5,373.5,full_frame,shot near rim
5274a65d7dae569dce3e35ed40b898e77a539d7704ee802a4c0ba8e30e1c57e6,terra,VISIBLE,1241,384,28,28,1255.0,398.0,full_frame,held by ballhandler
52b0f15257e93294edbf758def739efba9135f503d60642d5c1d43561709c628,terra,ABSENT,,,,,,,full_frame,player closeup
52bed970ae0792b81fd9c55c6404dcbf7c74b3007150b876b8cf6f279bc59871,terra,VISIBLE,1297,447,21,21,1307.5,457.5,full_frame,held on right wing
5366926a5926519dda7536d35ca325af019d61fb894f76428244a5bfe20c255a,terra,VISIBLE,883,725,33,33,899.5,741.5,full_frame,dribbling ball
538d2e85209eac040555e63e077cecc0184fcf87d0f61daf1cc0a7a4d66c48f7,terra,VISIBLE,581,764,29,28,595.5,778.0,full_frame,free throw ball
540e83f6d87c34f919e61e464047771e8a31061fa2320f570eb4ec107a727333,terra,VISIBLE,1140,416,17,17,1148.5,424.5,full_frame,held near midcourt
545d25ff84323cadfb28c5e69694654c679fd9ec0ffcadb69641d053aade3be0,terra,VISIBLE,1073,173,24,24,1085.0,185.0,full_frame,ball above hoop
547a4769bd1de21dae9961c4a08fd6394c56e15930507b48ed1ecbab8cf323a9,terra,ABSENT,,,,,,,full_frame,team introduction shot
54c516efc7f61db837114abde1ba1f2359c70ea882e56125d8b491485f1e14a9,terra,VISIBLE,1184,730,32,31,1200.0,745.5,full_frame,dribbling ball
5524c7fb0cc3cfc68c16d8f6a7f4c2033ebceb1343034ddc00c11531e7ea27bd,terra,VISIBLE,346,310,128,132,410.0,376.0,full_frame,shooter holds ball
554d4042c10083a140c7068ca38045bd46a198e42b1e25ac8609ab44881eedf3,terra,ABSENT,,,,,,,full_frame,after play no ball
55e1a59bf974c9b4f1da41425346100aebb5b3da7d9296a5bf6847686aadd7cb,terra,VISIBLE,1190,675,44,42,1212.0,696.0,full_frame,held by guard
560a17ccd5de3c151990adb9409ce4b2302151451342771dbc62162d0bae49a3,terra,VISIBLE,607,130,31,30,622.5,145.0,full_frame,ball in flight
56424db05fc44766f95a9561fd0e2910df4d907c80a97aa8962027348f64b9f9,terra,VISIBLE,1054,648,28,27,1068.0,661.5,full_frame,loose ball near player
56997ebd089474fc1247a6cab916ffa044bc3032750246befc4e08f9911c2435,terra,ABSENT,,,,,,,full_frame,coach closeup
56a85ef3b57cbbe6798364ffb760772847c709e62dfcdfd856b89064da6b358e,terra,VISIBLE,1040,239,100,104,1090.0,291.0,full_frame,held for layup
56ec309abe0f27e23f9887c9d5eb182f86aecf756d3403c7be1e73f98da48f4a,terra,VISIBLE,538,347,27,28,551.5,361.0,full_frame,held on left wing
57197ad5dbbe6f6c8b8d8917538cca1d89c24805549f99c1a15061766bede4c9,terra,UNKNOWN,,,,,,,full_frame,wide distant court
57f8aa9e46814f1e9b221b97b4ac21a6fb30da72427c990bd31fd4cf22b134e9,terra,VISIBLE,1595,500,28,27,1609.0,513.5,full_frame,ballhandler on right
57fb0bcc7c24b36e23611118b9a107fad87ed58002f32d1b3f5c719e90dc8ec9,terra,VISIBLE,1001,565,26,27,1014.0,578.5,full_frame,held in traffic
581fbc7865a25dd0941dd6de967de9dfc6b1d5f7f64792134122e0ea24a43467,terra,VISIBLE,1451,605,40,39,1471.0,624.5,full_frame,passing ball
5875f38e37f94f797acd27aa3ecc98ccfb32f9bc2fde945db3d9378e9e357084,terra,VISIBLE,1139,902,185,176,1231.5,990.0,full_frame,held closeup ball
58794fe201bb50a0f931bcbd47e033cb612421d00b348c2ce8f6b237a6ea7e04,terra,VISIBLE,1432,508,25,26,1444.5,521.0,full_frame,dribbling on wing
588c42315e4eb217cb1854e62f6e2256edd9403332468d3d65e9d97837735822,terra,VISIBLE,834,229,38,40,853.0,249.0,full_frame,held for inbound
58f51910570677304c194d54924cccc78e939f618dccebd801e003b81516e109,terra,VISIBLE,1405,443,29,29,1419.5,457.5,full_frame,ballhandler on right
592c0c85869af2165da4e905ec3ed3fe25e6421aa22e2928926c148960cfecb5,terra,VISIBLE,1482,562,26,27,1495.0,575.5,full_frame,held near center logo
5a00d5af219a997bd6e2beaf51b4e4a56973da921e78f62771c0b9de4508ff1f,terra,ABSENT,,,,,,,full_frame,bench closeup
5addcadf30ef24f5f9f529c284d95eb308fc7e35f46685028da5f4176a0bc6bc,terra,ABSENT,,,,,,,full_frame,dead ball players
5adff6aa4e48148482c44d0861b5a738f1afd8ed39f08c8e4da53ae88bdc0559,terra,VISIBLE,872,330,30,30,887.0,345.0,full_frame,held near lane
5ae17f912acd7dc3981204f19e712d276b2592ffd53a3a407c9b8dbe18260192,terra,VISIBLE,1777,575,40,40,1797.0,595.0,full_frame,held on right sideline
5b0c99e32968cf5fdefa4294a7e01a93745f27f5723d91a1440c7c86c53f840c,terra,VISIBLE,994,337,45,45,1016.5,359.5,full_frame,ball above players
5b4aa6539fcc28f7006c3627f7efc904221a86875b35846d5cb5143ccc1a0147,terra,ABSENT,,,,,,,full_frame,broadcast interview
5c506515db87449e470232ee6f57f63de339cfc44f0bca1a18e25fa592f43911,terra,VISIBLE,674,330,61,60,704.5,360.0,full_frame,held under basket
5c55340d7f2914b1b8589bd326b689518040199b492e89f37794f183ef81ad22,terra,VISIBLE,1572,538,25,25,1584.5,550.5,full_frame,ballhandler on right
5c7d27dff273539e9d1a1968c326d9fbdba6875960ed7e4ace92a2d72fabc7a4,terra,ABSENT,,,,,,,full_frame,player closeup
5d166f69fa8d84fc031becc44371761c7add798113397e15e0bd518c64507a9a,terra,VISIBLE,1695,289,44,42,1717.0,310.0,full_frame,pass in flight
5d2d3a04affea28b7679036af5b174a65f3c6fa87f2e9b13b866219baa1c8e6b,terra,ABSENT,,,,,,,full_frame,bench closeup
5d3fb328a3927d16f70b8ea851eabaced5776bc9cea89fb254da41dc3d5550e3,terra,UNKNOWN,,,,,,,full_frame,ball occluded in paint
5d88e82139c338cce986dbc753cdeb614fb903dacb3c532b35721f6b4e5412be,terra,VISIBLE,860,743,50,49,885.0,767.5,full_frame,dribbling near lane
5d8aeeeb55a5b9f615dbd9fd81f74119c7d7af18ec820f047248d07677f6beac,terra,VISIBLE,1179,301,31,34,1194.5,318.0,full_frame,held at midcourt
5da3241e77e653e0c620e078e4399c714f8021eb3b2cf39ecef16f044f06bd25,terra,ABSENT,,,,,,,full_frame,basket graphic only
5dae5c030d69b68c16ebd0ce8109bc8a5b309e731eb27e34162b94755763da6d,terra,ABSENT,,,,,,,full_frame,sideline interview
5dcbda1d60b16b2c9fc8d023e2f84719f342804a024b5d7e2a352b586c8c6040,terra,VISIBLE,300,428,45,44,322.5,450.0,full_frame,held for inbound
5ddd9b25dd622cc5bc13075a68cd0d6a667f73cb764244580453f63371336bb7,terra,VISIBLE,282,711,43,44,303.5,733.0,full_frame,held near sideline
5dfbffaacae647643991cae5464059616876c343b6bf5b5b13b91ca12b29f7c0,terra,VISIBLE,1298,226,29,31,1312.5,241.5,full_frame,above rim
5e1d059c77e4cb5bb5b10cf65ab7df891610d0b2b151fe7b75cf2bda1d19cca9,terra,VISIBLE,866,538,49,46,890.5,561.0,full_frame,held while driving
5e54740ed4e79b8c688333d775f2fdaff271cced9f39a8ba672b1f4d64d2a6bc,terra,VISIBLE,759,835,44,47,781.0,858.5,full_frame,dribbling at midcourt
5e728c70cfacdd28880ed5fa2983c5fb31a973e5f4e1cddd8a3c0e19c100e589,terra,VISIBLE,1295,598,37,38,1313.5,617.0,full_frame,held on wing
5ef705e78f2b76707123257b180720ee731df1c7e84659a1d47ecefa35fc27f0,terra,VISIBLE,1131,337,28,30,1145.0,352.0,full_frame,held on perimeter
5f71a3cb9898d5d5fa7464e11472149c9a260eea5134f9d43ca76fe62ad28609,terra,VISIBLE,465,208,64,58,497.0,237.0,full_frame,at the rim
5f81b9f9e38b5466e0f9e8de08b166779c1dc2e3e58994cd3e1f769ad0d28269,terra,VISIBLE,516,499,37,38,534.5,518.0,full_frame,held for shot
5faf12f4f07db17627826e1e880cbcfe7b8b1b7f13c629095f27b9f1537f08d0,terra,ABSENT,,,,,,,full_frame,player closeup
5fda84db502fe9c7283fd89b68426e43c248cae2cb0d23dd8c1c6fcaca49a498,terra,ABSENT,,,,,,,full_frame,team huddle
5fdab714fc924bcd40b6af9a5ae0aaf901447d5fb3af6ab28af37e2823164d2d,terra,VISIBLE,57,824,139,119,126.5,883.5,full_frame,held in closeup
5fe37d0cc403ac6644112f66c699629734cb9993c20b2a1caa86c322304128fb,terra,ABSENT,,,,,,,full_frame,ball out of frame
6037df5845d3d2a0cdcb3209c7f78a8c3af43a80fb0d8dbbddbf296c554fa1ee,terra,VISIBLE,1105,571,29,30,1119.5,586.0,full_frame,held in paint
60d18369e4cee2ae17b2abdd505f625991db5e8fea017932593b1cab3f812b0f,terra,ABSENT,,,,,,,full_frame,sideline interview
61439814103c2de8a61ef17022ac429cac8d8abf1c23069c0ffdbbab1f88398b,terra,ABSENT,,,,,,,full_frame,sideline interview
618600d99e29080cfa1cb219b092ebbd8cac852daec64052dae35e8a4c2f15ab,terra,ABSENT,,,,,,,full_frame,sideline interview
61efdf2a867a36dfa9145eb9ef0ef147c5678e1dfd8888e183c946b59b192914,terra,VISIBLE,662,552,79,76,701.5,590.0,full_frame,held for free throw
6210a2f091bda239e733240299b7918c64c7e2d0e47675ae6c9b50c0c756e61d,terra,ABSENT,,,,,,,full_frame,ball not visible
622ac07d4c362f2f56b0dc4b5df6f3c0cbadb42c88b5ddd70a34b5933536db7e,terra,ABSENT,,,,,,,full_frame,players closeup
625771c208470357d3748afb303e493f20fd776dc622a1872d85b5ca09af653e,terra,ABSENT,,,,,,,full_frame,sideline interview
62e105916483cc76c43ce0286daf6cc4dd1d4e897cd6bd88493850b1cfd26ce6,terra,VISIBLE,62,677,46,48,85.0,701.0,full_frame,dribbling left side
63b3b82354a0f12afac8c71ba2083b3ae0d6638094338a3434ac42e5718ebc03,terra,VISIBLE,1178,425,40,40,1198.0,445.0,full_frame,held near lane
640da5e14096ed438c6d768e65a8eb67f93f41e642d9488b6ed8ec60e39ead5a,terra,VISIBLE,1320,187,29,29,1334.5,201.5,full_frame,held near basket
64352477bd14160841390f1ed07b56a41bc6d3a57a036e5b07127f2e579ca87d,terra,VISIBLE,937,276,40,40,957.0,296.0,full_frame,at the rim
64b0424b6bdbe9f91340e587ed47c04879a5bb09cf7871d54c078ac284b7ad0a,terra,VISIBLE,1312,340,38,38,1331.0,359.0,full_frame,held on wing
64b97f92e69247b7a4ce4314e114784943bb9d5ac46fa740e681f1d624124191,terra,ABSENT,,,,,,,full_frame,dead ball scene
64d9361b521300c8d4b001f35a25d98dcc2913678bc3f3640ebf2cc737e9c7d2,terra,VISIBLE,470,366,35,35,487.5,383.5,full_frame,passing near sideline
64da58b4ff7cc1883051ceba768d1a74d6d900235cc91e316720b70ce5b35e9a,terra,ABSENT,,,,,,,full_frame,player closeup
64e7d380e3592965a38f9fa656a1f41062057c2e551f21b416e1843ac54d3ebb,terra,UNKNOWN,,,,,,,full_frame,ball obscured in action
65082cf67f56023ddd2048dfb33d81456b925f95c8cf7fb5a691e4ede13dc50b,terra,VISIBLE,479,803,34,34,496.0,820.0,full_frame,dribbling near arc
65c1594f57bce72b2adbd33485cdee3eb3dcb80319210c882fd0b001352351d5,terra,ABSENT,,,,,,,full_frame,player closeup
65d33cab1581e220b4ffba9fb8dfb2d5b2a92ee1f7200f312699b7dd03981bdf,terra,VISIBLE,824,797,32,36,840.0,815.0,full_frame,dribbling near sideline
65e04a6703eb1844a062ca52aad1860af3788e5004f9f06d480f631329921bcc,terra,ABSENT,,,,,,,full_frame,crowd shot
65efed56fbe2179ab44fd671b5583580a7b27bffa283e9d592f2519cc66923af,terra,VISIBLE,803,790,34,38,820.0,809.0,full_frame,dribbling near lane
661810290336c62bd4aa6f982bccdb11ab94da055c7d6974bd84e38043d18d31,terra,UNKNOWN,,,,,,,full_frame,ball obscured under basket
66294faf6cb6fa5de0d3a711b77ef456c5fd287f2f6205879f45fe6fdf051ece,terra,VISIBLE,1134,380,31,34,1149.5,397.0,full_frame,held near basket
6694d39d61a1c6a3f056eddaf44144301590627c37951fd9795a3732d4025140,terra,VISIBLE,1230,494,36,36,1248.0,512.0,full_frame,midair near baseline
66cea5293a7f7eb181ae2ebead07218e4e883e2748d49632dc96bbb11013c1de,terra,UNKNOWN,,,,,,,full_frame,partly obscured by graphic
66f95c9da73da975684ff915d7af4343ad76e0fc2e1b568221aa79a84e3e9f43,terra,VISIBLE,156,316,32,32,172.0,332.0,full_frame,shot in flight
67847dd707fc61d6060b098b5e94a4633a68c84f4080ecc191d10024382517dc,terra,VISIBLE,599,426,45,49,621.5,450.5,full_frame,held by player
67cf74d777b13d0d1892db39626731a60588c3b5c02beae8de26f7af1afe3062,terra,VISIBLE,535,655,24,27,547.0,668.5,full_frame,dribbling player
67f48fec58a70f3d0fbb3416de6e606e2ffc4de18dd30c4bbbca1e723e0573b8,terra,ABSENT,,,,,,,full_frame,dead ball scene
68157217b9610b7502667b0a89bdfe7bbe2c02749cb9905137655c9fe1027f6d,terra,ABSENT,,,,,,,full_frame,closeup without ball
68b18aeb1053c2195aed847546087e4caa9529eb22c7532a97bc0bdf9af0540a,terra,VISIBLE,1193,497,36,37,1211.0,515.5,full_frame,referee holding ball
69134b3fc18bccde4bc30f5014ea2fcf57d85d44d221e4e4a7a9b37f2991b3e4,terra,VISIBLE,1328,635,57,57,1356.5,663.5,full_frame,ball near basket
69521c9dd4e041e4fac3c179dba5b126a79f195035f1caeb6ba31014b828d3fd,terra,ABSENT,,,,,,,full_frame,timeout huddle
6979ca1d49e855986e5d219a981424dd06a46ff9229b74d782dd3c27c647bdfe,terra,VISIBLE,505,452,30,31,520.0,467.5,full_frame,pass in flight
69c25565cb86617fd3fc5bbee55c509bfebc1aefa2d7e8da8e4d6e4092ab074c,terra,UNKNOWN,,,,,,,full_frame,ball outside visible area
6a9cfc1e58d6a578df31a7a0d8dee35fb1b0bb76eb170f624dd0daa83ac6bd22,terra,VISIBLE,1296,412,31,32,1311.5,428.0,full_frame,dribbling player
6af1d5d127b068c5231f76ac18510ac2bd87a92c1a4c09651e27fd722d2b21e9,terra,VISIBLE,746,436,55,54,773.5,463.0,full_frame,held at sideline
6af73144cd5b114d4b4f2112ba62c16ded577cfac981328f1cadd4d88b0660df,terra,ABSENT,,,,,,,full_frame,graphic closeup
6afc105dd75543296ec5fcd5d2c72d8c6d68cd5b9c9ee7975fec942e076cc33e,terra,VISIBLE,1164,660,29,30,1178.5,675.0,full_frame,ballhandler near lane
6b34dba8d44a8350f4b29024c8f21408ea57c2da3a9c2ddbc3fd8895f445eae6,terra,VISIBLE,827,503,51,51,852.5,528.5,full_frame,free throw ball
6b4ce5ad7263ecbc75b1dfdd91cf8139feb690749b8a8b67f393f172c680223c,terra,UNKNOWN,,,,,,,full_frame,ball occluded by players
6b7dce507b0eca22820a99da08b661159a6eb53c84e523d2842a066eb4dff82f,terra,UNKNOWN,,,,,,,full_frame,ball obscured under rim
6ccc80b59e5eb526c3ea8468fba69f15da52b3df6dfbc987215c75432eb1641e,terra,VISIBLE,844,615,38,39,863.0,634.5,full_frame,dribbling in transition
6d18d309bab8cc5dfbb328fced4ad9cb39ccf0e72526d228c1547937b5c7605f,terra,VISIBLE,688,369,53,51,714.5,394.5,full_frame,pass in flight
6d639eeba20508f9d7d588e211ab62f246448f56ce3e091f3f1cec70dcd0acfc,terra,VISIBLE,666,493,38,39,685.0,512.5,full_frame,inbounder holding ball
6d872d267086bbbc821b07830785c1bfae91b78f81d518aa5bb5f66bdf0520d8,terra,ABSENT,,,,,,,full_frame,bench view without ball
6df12376c8761f9c01c6d4a87d82fcbf925582be588f31fb600b0c2e08cbb1f3,terra,ABSENT,,,,,,,full_frame,crowd closeup
6df3a9076a298c3efb2f8d1743dcea54dbeb3b81bcc939addd9ea373a4950d64,terra,VISIBLE,722,365,30,31,737.0,380.5,full_frame,shooter holding ball
6e9a9606a37272072d57e2ba023017b5a1b19b113c5c2ecca9d116b759b40a8e,terra,VISIBLE,374,372,33,32,390.5,388.0,full_frame,dribbling player
6ea733bc62553892f9f58bb305267994d1d64625eb6f8409d324cfe5617e0596,terra,VISIBLE,1480,105,42,40,1501.0,125.0,full_frame,ball at rim
6f644edd363caa0bc7fc3c1e8be185f59c8dfd93840a36e772bff2a11f7d5c7e,terra,UNKNOWN,,,,,,,full_frame,ball obscured by players
6f6d7c2df9aefa1e8084ea92d6055f567678cc19f3be21b4389e91e409088151,terra,VISIBLE,1208,347,37,39,1226.5,366.5,full_frame,shooter holding ball
6f9dd93328d7fb3f12bf41e1b26a21f369462e3aaa1789c41284ed3e6c6e1b44,terra,VISIBLE,1424,645,31,34,1439.5,662.0,full_frame,loose near baseline
6faaf410ce8baeb68cd1aae766f1a9963602ce6a30a92f480013269f29eab2b9,terra,VISIBLE,1015,788,91,95,1060.5,835.5,full_frame,held in huddle
6fb1ee4d77f16071e4b16f0271e0d4cd9a39d403043d0b6403d14df7208765c0,terra,VISIBLE,890,666,77,75,928.5,703.5,full_frame,held by player
6fcf278b16033b938a8444e26794ffff2e5231dd22080a7deda9a97c2ebda398,terra,UNKNOWN,,,,,,,full_frame,ball out of view
6fed7dc9b40b039c561610c7427be477b3bc1311793462e80035b11386c30eb1,terra,VISIBLE,678,202,38,38,697.0,221.0,full_frame,ball near rim
700e6aa694bba2dc7aeb4529c463dcb4f4e9a56ac4e1205821e2b52c82a05096,terra,VISIBLE,1517,424,48,48,1541.0,448.0,full_frame,ballhandler
70e494b21995e75785c69eeebe42d8553639a3f32eebb734a022f10959e940f4,terra,VISIBLE,285,595,37,37,303.5,613.5,full_frame,held at sideline
7103bd5e7dc79ca3e7f68d410e84c3abf20cba98a32b1aec25261092f07a0cf9,terra,VISIBLE,1341,646,55,55,1368.5,673.5,full_frame,ballhandler
712b543a733ed4d91c0b827b3de5fee8bd8f2b27d8efeabfb5e73fcd11594835,terra,VISIBLE,674,204,40,42,694.0,225.0,full_frame,ball near rim
714d3bae0764bea22deaa1a63ff60bb15ecdc83466be7d77ba89a15d5e72094b,terra,VISIBLE,1263,658,52,52,1289.0,684.0,full_frame,ballhandler
716a47c0e6facd866ffd6faeaf0a77eb65fe7a72991782afed6281d0bf48e86b,terra,VISIBLE,1025,402,30,31,1040.0,417.5,full_frame,dribbling at midcourt
727b74f3b8cc3762fd72afd6c6d1ec49e12bee23929ddd4d51d321b2c12b6ce6,terra,ABSENT,,,,,,,full_frame,closeup without ball
727f2ccde3f0ae050d7f86b7637a2cc26bdb615c699a999daff9006d0c7ca7f9,terra,VISIBLE,509,389,58,50,538.0,414.0,full_frame,player dribbling
72fdd09e64a899a0c7f4b80d077693ac17a3c043c7e2ab6f25cebfe57c0fc2d0,terra,VISIBLE,775,421,28,31,789.0,436.5,full_frame,held in paint
73021c4609c1a9b18bf1041cccc73753996a5dd1f4acd3bf868bbd7534d9aabc,terra,VISIBLE,537,403,25,28,549.5,417.0,full_frame,airborne pass
736f1ffc3672a1789c84fc8a928dd2cf220dbde1526f8c7dd8ee58a8092156ae,terra,ABSENT,,,,,,,full_frame,closeup without ball
73787809c7c4a8c3ce994480c214f4221aff009d34f00ae0e1e97717532ed432,terra,VISIBLE,1274,505,30,30,1289.0,520.0,full_frame,held near baseline
73be1766fb129f8f5c7069c1ad060fc268f7c40e72391ac7831ed9753aae8c05,terra,ABSENT,,,,,,,full_frame,closeup without ball
73fb8330d1a0918de22c158bae42de6c7496c0067a64bd783c89919bd641c1cc,terra,VISIBLE,1619,457,33,34,1635.5,474.0,full_frame,player dribbling
743b7be3d8ee0e65ca800a1dcb7c4466e221e38d935a11a05782bdb9ab7e30bf,terra,VISIBLE,753,590,31,32,768.5,606.0,full_frame,official holding ball
746676d0fa6a0f5b4f3ae9efd4688883eb909b285f8aacb8e8d023671c513f9f,terra,ABSENT,,,,,,,full_frame,ball out of frame
74855cdd4b060b44b21fbf118ec3346897eefb8ebe8f084bc0982d94a5e52f8e,terra,VISIBLE,1365,461,35,38,1382.5,480.0,full_frame,player dribbling
748ad8b5bcfb830d91434d7be35cd0141c7e6112fbd645cb24b9d8145325d2c8,terra,VISIBLE,1198,470,22,25,1209.0,482.5,full_frame,player dribbling
7499f207fded6dc07b570a2c3c5e61d65c0d81d19f4d730674ed975dcfbaeefb,terra,VISIBLE,723,585,30,31,738.0,600.5,full_frame,player dribbling
74dfea90b16a6dbe567b70e6e56e83126056d39e73f012a369305be9f00deb7f,terra,ABSENT,,,,,,,full_frame,closeup without ball
753192a7f1274c7e562246af3380f1f2aea62eeb41ba80cb7a327439a793c82d,terra,VISIBLE,595,438,56,51,623.0,463.5,full_frame,player dribbling
754feaf6ed4efc05838e65a30703283d44b0fcb2794c16cb8124ff1645203079,terra,VISIBLE,1343,647,40,39,1363.0,666.5,full_frame,player dribbling
75772aaa460e8a5e129a537bbb765fab7e7fd559ec1314e8690c5098175bbb75,terra,VISIBLE,987,529,88,86,1031.0,572.0,full_frame,held at waist
75ca38a47fa9ef7defc0dcc72236d7dbd35f351c16db9af95959c64504ba20d8,terra,ABSENT,,,,,,,full_frame,bench closeup
75fb3b83f3344a58ecc1b8d100ffc9d0913a5674ac0547686eeda134a60cea39,terra,ABSENT,,,,,,,full_frame,bench closeup
7723df499d48da5900ec7c5e5582ee2f872c602455750840bc55e031ca1a7608,terra,VISIBLE,922,142,44,43,944.0,163.5,full_frame,free throw airborne
77718a5881e920ce9014aac3d38eab18c2e2973dd85d097335dbf0cbb15a86eb,terra,VISIBLE,708,584,34,35,725.0,601.5,full_frame,player dribbling
777d15e76433aba1b782ebf77e169310eb4f8e113429d1415060c1ed9445023f,terra,VISIBLE,1314,361,39,37,1333.5,379.5,full_frame,near basket
779d823c6747f97f30dbdc10ec8a9bd00ff91c00139acdc85d20138d88ce3baf,terra,VISIBLE,1501,650,36,37,1519.0,668.5,full_frame,held at sideline
77f595ac7e96900a97da47e604df99289bf09e03a00255daba70a3138a307f1a,terra,UNKNOWN,,,,,,,full_frame,ball not clearly discernible
7801f246e907949a73f35b55e42f59d1e86c7325f7da6553c53f458ab7cd25aa,terra,VISIBLE,1125,602,36,36,1143.0,620.0,full_frame,free throw held
7886f160304b3ff1dbeeea5106e090fcdd0552c4381cbc1628aa8e05fb70e76d,terra,VISIBLE,369,464,37,38,387.5,483.0,full_frame,player dribbling
78c1ebe2dc5f1a72164bec33fc0c97dacceff477384d2e7f4d37c1ded520d147,terra,VISIBLE,506,404,27,29,519.5,418.5,full_frame,player dribbling
78f2f0e4d8b4c85836cb54847f864d4e4be282ea7c4e63709ea1e2c3ae3aaa8a,terra,ABSENT,,,,,,,full_frame,timeout huddle
790bc25fd8ae75d6d65708859ae2370b6d1f727b95ecfdda77d7ad07c1b8f67c,terra,VISIBLE,1155,207,57,73,1183.5,243.5,full_frame,ball by backboard
793ae92955816d2ffe6e7238cdeaba6e08acea023b3540b42ae9aa024a357073,terra,VISIBLE,1407,397,31,34,1422.5,414.0,full_frame,held near baseline
79c83579594353a96af5ac22ce9dcbae396f715ea6a0546ff0fc1afeb92d500d,terra,VISIBLE,1424,435,29,31,1438.5,450.5,full_frame,held for shot
79d61366b098f87b894d826709044c542f305dafed53474de86423a3541acb4c,terra,ABSENT,,,,,,,full_frame,bench closeup
79e19c5ef2c3474fca60e0d12de47f138cdb6d59ba09149ee42d3113df1ea54a,terra,ABSENT,,,,,,,full_frame,highlight closeup
79e5e79d2bdb3e4c39b6911e18c27e4420d6466b3e580715198c0c7d53e1766b,terra,ABSENT,,,,,,,full_frame,closeup without ball
7a02e9fed24aae484aa274fef51b683306a7a1a619f78a3aad42fdce3e52edf0,terra,VISIBLE,1185,469,27,29,1198.5,483.5,full_frame,held in paint
7a5abbce1a338309818c276f32cff6e36af4706652f1759d85a98e15d21f7260,terra,ABSENT,,,,,,,full_frame,pregame introduction
7a77ec659be073fb416f9a55a0d02d91e305815fa40f3412bb561bea897ba90b,terra,VISIBLE,1726,745,33,30,1742.5,760.0,full_frame,ball on court
7affbbd72599a82ed1f331d2f8efb7bd0374e434d6e4496688589c1948ec7718,terra,ABSENT,,,,,,,full_frame,closeup without ball
7b1fefc4335749478bd292edda8a6bff7b4df6e4c3c2d536b1842cc8470548ff,terra,ABSENT,,,,,,,full_frame,postgame closeup
7c87fcdb9ebfcd86a0c769edad69a6abdf79c2bf0add33bb6efa120362dba09a,terra,ABSENT,,,,,,,full_frame,closeup no ball
7ca0d220a93be3dc20606d84aa657d63984eccb96741f12370a0ceadf748b787,terra,UNKNOWN,,,,,,,full_frame,ball not discernible
7cb042e3cc028e947cd3c380ff55dc052a1e49a285c49cc2a5818cba561b8727,terra,VISIBLE,800,385,34,31,817.0,400.5,full_frame,held near wing
7cf949ee5ae2165e7d38ab4b81129855f9e655be326ec7eac9575b43ee2174b5,terra,VISIBLE,433,568,31,31,448.5,583.5,full_frame,dribbling left wing
7d2ca3793b10f5ca3fb222f63eb90d2b5f188e5f3396aa66d8d42ec05bc821f5,terra,ABSENT,,,,,,,full_frame,pregame player intro
7d768bd0334d4764abfd355ed10bf70c90c8e38cf3b27c60982f0ab3a1ce33ab,terra,UNKNOWN,,,,,,,full_frame,ball not discernible
7d91f76d5af8a7051375460ef2c8114d5a8b8785916c3cd052faf475fe599afc,terra,UNKNOWN,,,,,,,full_frame,ball obscured in traffic
7d9d521aeec69ee8646f8e3bedba0ec5751fe26aaa5055de9e9adb5f84458b87,terra,VISIBLE,482,688,33,32,498.5,704.0,full_frame,baseline pass
7dac93726975443987de11b4c692c44fa4957042a2d33622e628e8c0ce69b771,terra,VISIBLE,527,500,31,31,542.5,515.5,full_frame,guard holding ball
7e5fb041828c9737db695ac6021581b8420527c0be1e0d9ada86a5635a7f53f7,terra,ABSENT,,,,,,,full_frame,player closeup
7f5565ff893c451ea2f13bc412b7dd85c7098b67626f4d6817ca098cf6477b04,terra,VISIBLE,953,1042,88,38,997.0,1061.0,full_frame,ball partly at bottom
7f7214b5c09a57f907cc3b9f082a784a1e794fed1402b83ffeb3176b8309e7c1,terra,ABSENT,,,,,,,full_frame,postgame closeup
80333f68bec088849971145aa5f219526452796ecfa0a0b1645cd2b9b98da751,terra,ABSENT,,,,,,,full_frame,sideline interview
805123a819feb614ff8ece08a134c61348f83b535649250024b349fdeb877234,terra,VISIBLE,535,535,30,29,550.0,549.5,full_frame,dribbling in transition
806edbdc1576c643f67ba0843c7573c73a30d8351253483513b5f4e7cffbe9b5,terra,ABSENT,,,,,,,full_frame,bench closeup
8130c788f80030468b6de88b32c152189bb916b674cf26649863036bf0ac4d2a,terra,VISIBLE,1612,584,31,30,1627.5,599.0,full_frame,dribbling right side
8168d1d83bea6b28537f382ddfe06c812f42971f5661647e8d9b299d22183251,terra,VISIBLE,290,548,31,31,305.5,563.5,full_frame,dribbling at midcourt
819977e602ed9df85caaa41a05a719d9f8f7677bcca1dbf7ca1478358abfc327,terra,VISIBLE,1105,729,39,40,1124.5,749.0,full_frame,held in traffic
825f402b5578f087a4d1bdc44283d2801096df41568ba068bd4f2ceec5517146,terra,ABSENT,,,,,,,full_frame,bench huddle
82f00fdd476d9a70d826186327729204ed5cbe08a4021aa5e12fab021fbaa0b6,terra,ABSENT,,,,,,,full_frame,player closeup
82fbbc268e44bafcf5363d701f43b75fc70ddfb804314586a64323bad9b07a9e,terra,VISIBLE,1200,444,38,38,1219.0,463.0,full_frame,baseline pass
83048a796e3367c151899264bb8d4a03851209931e0e34da7ce21dba41349b90,terra,VISIBLE,1340,288,38,37,1359.0,306.5,full_frame,ball at rim
831ec00d02dfe5881fde406d7143b2c5993b956357e391e7d2b24d277806fa22,terra,VISIBLE,1535,492,35,35,1552.5,509.5,full_frame,shooting ball
835deb004d08d65245eeaa900153faf6dccf66f33c3f19191aeee7f4a9650878,terra,ABSENT,,,,,,,full_frame,mascot crowd shot
836422850d55c8d4f7ce0635178b89d249b4acd6b162893b35581da3f672e744,terra,VISIBLE,60,504,31,31,75.5,519.5,full_frame,dribbling left side
83f1c26a92708be344aaf06acc9e595c723365b0e02d463467d12ee3effde324,terra,VISIBLE,1086,594,57,55,1114.5,621.5,full_frame,held for free throw
8502ab18f68022d8df38b483e7da0674759127634c1f245770e569fb6686bf24,terra,ABSENT,,,,,,,full_frame,player closeup
852d06bee969ba6c5e5a15a39b087825591a97ee1dac2de00f0fbf8d63337ab3,terra,ABSENT,,,,,,,full_frame,wide dead ball setup
852f5100c7bff45fc549f9b7b7ef704126836a41fea90c7eac72d44426e49264,terra,ABSENT,,,,,,,full_frame,player closeup
853663d3fa8888ad62cabce66974845f85c0126be6b8093dffec5a5cde1b428e,terra,ABSENT,,,,,,,full_frame,sideline interview
85597a5e8bf84c4e99fc09019eaa3af4712cc575a5b5fe507a837000c06b34c7,terra,VISIBLE,882,114,41,41,902.5,134.5,full_frame,ball in flight
858022bbc89bf337c9c3813d63887fb11c81fb0086fdb1a6cc23f8c747702d15,terra,VISIBLE,323,495,32,32,339.0,511.0,full_frame,held at left wing
85ad63a5999b98267bf9329bf327fc0c258d1dc86c1b1f75a5ae15751746e393,terra,ABSENT,,,,,,,full_frame,court cutaway
85cb6b627d5b629c33dc553a8250607aca3b9e97201683a81d604a41da385583,terra,ABSENT,,,,,,,full_frame,postgame interview
85f8416413ff85976efc4561566ef4b21ff800f2dbe7694cdca10ab51fe3a15e,terra,VISIBLE,1505,480,31,31,1520.5,495.5,full_frame,referee holding ball
867f70f40b5a4b3acfefa79f063e199db0e4ddbf3c2d5a5ac1a40595a7ad9c9d,terra,ABSENT,,,,,,,full_frame,postgame interview
869565cc29e682f768af4e8a71fbf9eb8f6febd9b6d7b29068f46a96acd4833b,terra,UNKNOWN,,,,,,,full_frame,ball not discernible
86fe4e94afa22933946b064b9b17534b3f1a70d522a5dde567ce1b5d74a39e4f,terra,ABSENT,,,,,,,full_frame,player closeup
877154041e4d137235a64bf2cfc886112b9d7acf53745c34d65266eb8dc09bd5,terra,VISIBLE,860,730,32,32,876.0,746.0,full_frame,dribbling near sideline
87a426f02ac1fbedc2931ecec3ae118f0e035616b2d31e5fc5598ccfdc114735,terra,ABSENT,,,,,,,full_frame,crowd timeout shot
87e899b0a0313af2eb471f4026a341d4744a1f3fc564c98e84f94cd8ff50b8e7,terra,VISIBLE,1208,372,27,25,1221.5,384.5,full_frame,held by player
88a603090bfcfe4a80920f2a07ffabcce75448d2962c53c0b3ef4579d500ab51,terra,VISIBLE,1467,457,29,28,1481.5,471.0,full_frame,held by player
88b95d236e19dc06b226cdff5c840282e46d06b6bd2f038fe278d6ee1dca37f9,terra,ABSENT,,,,,,,full_frame,crowd shot
88dc262ed7483d434a187baede6dae4860a8e1088a47edb72a9ca5b6dcc0a5df,terra,VISIBLE,1661,594,29,28,1675.5,608.0,full_frame,held by player
89521b5d0d6a28a67788b72db9b340949bc414b6d078c43c048d272d04a4d2bb,terra,ABSENT,,,,,,,full_frame,no game ball visible
8986d22a3ee6c11dcdbdd69c64ff86f1fcc3a307fcea0bff087ef28c8d7646ac,terra,VISIBLE,519,515,31,29,534.5,529.5,full_frame,held by player
89b4f8ed448c865dcda2a730ea3cf22c9221a1175a09cf6c4de184b988a2bd89,terra,VISIBLE,1288,335,30,29,1303.0,349.5,full_frame,referee holding ball
89dd8715dd8a53230e612760e0e9faaa294f4cf71a215a36fcbd0e8f14505647,terra,VISIBLE,1818,358,42,43,1839.0,379.5,full_frame,held by player
8a6623a9c489ab14262071544b7b4338e78a48b11e342a414e56856bc0b286fb,terra,VISIBLE,198,169,30,29,213.0,183.5,full_frame,referee holding ball
8b2d24c1bd75b4ec6813145e25619a689d560780c87b6a793a869559e027073a,terra,VISIBLE,793,413,31,29,808.5,427.5,full_frame,held by player
8b7a7979b56cf25bce732b80cb6ae7a1f4f52d8264571c798c5b705402a74926,terra,VISIBLE,1267,341,30,29,1282.0,355.5,full_frame,near the rim
8bfa5dc8d8c9f708ec7647d2eccffb0b1f39bdaefe3261f5f187712515b1a108,terra,UNKNOWN,,,,,,,full_frame,ball obscured
8c2b4ca650afc183c4b868bc71420f45ecc7369c494cd776edcf624da6efc99a,terra,VISIBLE,399,444,28,27,413.0,457.5,full_frame,held for inbound
8c364576216e062ae80d7dc44545f90fb9c96f55698c6ba3bdd9b5843e975ed1,terra,VISIBLE,835,1038,58,42,864.0,1059.0,full_frame,partly cropped ball
8c596a426560b8676b573b19bfcb2425c3b0189835703260e6e7d6a12ece4e2a,terra,VISIBLE,383,599,25,24,395.5,611.0,full_frame,held by player
8d4631207aa624276d7d7f682e9fbe9740585c8a2b39fee7eb2ab34fd18b1cf8,terra,VISIBLE,1670,462,42,41,1691.0,482.5,full_frame,in flight
8d80190d0e2b0e2d086e05aa298aa9ca9dd23a189b569fc02e9a862c21919c5b,terra,ABSENT,,,,,,,full_frame,no game ball visible
8d8066eb670080ea5a2d8353b4ea0c812e8b96f5d6200debfd055ca9abe0a39f,terra,VISIBLE,510,676,29,27,524.5,689.5,full_frame,on the court
8d8ac13542381d6227de271b72bb04db254e1dbdc4d5374ad856259d6e97cf72,terra,ABSENT,,,,,,,full_frame,no game ball visible
8da2fd2e41cd7b92a1b676c0ef626991ffd1fa9f0de022d6a20650fa43c44ca9,terra,VISIBLE,428,657,29,27,442.5,670.5,full_frame,dribbled by player
8db551391476785e590c4586445ae2580962a4512b8674798eec38bcb14b2b57,terra,ABSENT,,,,,,,full_frame,crowd shot
8df8b92593dfdd3fc2c8a0005ed714d8a537f63aa277d43656023059c772730f,terra,ABSENT,,,,,,,full_frame,graphic ball only
8e018c1de817782df05c6ba94e15088fcb1f0a393e2c88352f3bbbf207938923,terra,UNKNOWN,,,,,,,full_frame,ball obscured
8eaa76587cb161a74b611168e90626963c5a629290f5b0979e635b6e6525d378,terra,VISIBLE,1425,369,29,28,1439.5,383.0,full_frame,held by player
8eddb6561311dd70236d0de46f2cf5064ca795cc1c9d859b5e689f4014bda93e,terra,VISIBLE,1232,570,28,27,1246.0,583.5,full_frame,dribbled by player
8f745c2bbdd6d80498297e647eb691a8b9e87a80b9b97632edb0fdce66ac06e0,terra,VISIBLE,1324,83,24,23,1336.0,94.5,full_frame,in flight
8fc5f69f75423607a5af3ff25e76b8393faea61e80b5cf5bab9336e7458c8af8,terra,VISIBLE,992,472,30,29,1007.0,486.5,full_frame,referee holding ball
9061d91c2aad6f456848b30d1106cae637a44481dfea95d00a556ee4c9e68520,terra,ABSENT,,,,,,,full_frame,no game ball visible
90b32b23231272e85a3c96c94f4d8c80a416ef45f38d08056132154b575e78df,terra,ABSENT,,,,,,,full_frame,bench shot
90c2505a735a10fd5362a921e469e9bdcf90c97a1b11ef6ea1e488acf8421e22,terra,ABSENT,,,,,,,full_frame,closeup without ball
90ec31471472043e2f5d66f91dacfb4dffe01e30a60459856a55fc1bd8642b2e,terra,VISIBLE,1138,567,75,55,1175.5,594.5,full_frame,held by player
91237c714d311e4b716de96beedb2ee2da3bb41ea73a5ea15ed68175697e3622,terra,ABSENT,,,,,,,full_frame,no game ball visible
914518aa85f595b1534a72b83bde1f3768c13030027215f2cda311cd22b70684,terra,VISIBLE,939,577,29,29,953.5,591.5,full_frame,held by player
91472eb3a6244434131930847469dbc873a1f11412a2a137fc5c8e262485240b,terra,VISIBLE,566,301,25,24,578.5,313.0,full_frame,held by player
918f12e96516f2d52f3a4b88f0ab8846a71ca4e7e3deec9fa422a0d888934753,terra,ABSENT,,,,,,,full_frame,no game ball visible
91a032cf73e133f0fe367039f06e8eeddba4dd508a04d796728e2ec31a212ab4,terra,ABSENT,,,,,,,full_frame,closeup without ball
9205d986172e50907b03cacaf902aac032bbb0859f099301b06e16e80c9234e2,terra,VISIBLE,1565,429,37,38,1583.5,448.0,full_frame,held for inbound
921ecafd36e40ec70af83ca6e191cafab40e478cb413007f7652f4e5ed5bccaf,terra,ABSENT,,,,,,,full_frame,crowd shot
9220eea33e685c048c4ddca7606ece2e4d6e7ae06fb163a43947b31bd9c3c3f3,terra,ABSENT,,,,,,,full_frame,closeup without ball
934374068bfcf61e1be0c05a549bdb7ad22c9f76e7a74e77a28755991effc24f,terra,ABSENT,,,,,,,full_frame,closeup without ball
93765f85386b118cba2dd10a69e8ea631f7e13daa6b5f2f891d837d786322d09,terra,VISIBLE,1014,625,34,32,1031.0,641.0,full_frame,ball amid players
93d0e95c3c2213526e9dd9b2f882cb1498fa6aa8c07849ecd8f9837795f879ab,terra,ABSENT,,,,,,,full_frame,no ball visible
93d561d0abd77e394fc8ada0c6290be8b3bdef813f6ae0ab937c21b983c2e92c,terra,ABSENT,,,,,,,full_frame,player graphic shot
94565bfe6ace7bc66f7b49827ee85a0f03bb5e3f31914ff2f82238e0f33fe589,terra,VISIBLE,695,542,31,29,710.5,556.5,full_frame,ball in flight
947b87f4c0e66d1191b7c4e40c2f4db1d615a51f04a7ccab8c80b19f514427a5,terra,VISIBLE,623,684,30,31,638.0,699.5,full_frame,dribbled ball
9534d65f18d29affa12890ffd2fae33f1545eb5006b81aa5cbdfdead2305704c,terra,VISIBLE,382,425,32,35,398.0,442.5,full_frame,ball in left hand
9553ae33713a507c8435a5f3fd836f986abb1d7d06575ddb2d63def9b5d80937,terra,UNKNOWN,,,,,,,full_frame,ball obscured by players
95a0ce7b95876ad2a4d58556798b5b5af68f384a74d886cde957ac64939a8cc0,terra,VISIBLE,833,657,31,29,848.5,671.5,full_frame,ball in player hands
95cd346765f1291bd07a18bd3d65b39885d9ed86fdc7dab4478da86276dac028,terra,UNKNOWN,,,,,,,full_frame,ball not distinguishable
9654729789be2f7d2df4f8409e9824e820ce337d4ab537a59e3c1f97f5991012,terra,VISIBLE,1210,589,35,39,1227.5,608.5,full_frame,ball in traffic
96bef25962ec6ad0102df132db9be9d9b96a38d4a325236dd5485b153b8b372e,terra,VISIBLE,1334,300,27,27,1347.5,313.5,full_frame,ball held on wing
9746fd6fd1039a88834733853858a22098eb0c921e125b0a33c552d364618373,terra,VISIBLE,918,584,26,26,931.0,597.0,full_frame,loose ball near player
97b0f9504773181b12c920ba3b1b1c0e2349fc5526f283e90be4c1fe9b69917f,terra,UNKNOWN,,,,,,,full_frame,free throw ball not visible
97d09f6e918233c8dfa0abf95226ce4b0e9b5b0232b5b0bbf2a926daf9a029c7,terra,VISIBLE,958,298,29,30,972.5,313.0,full_frame,ball held overhead
97d7b429f1c7ceb18f39c85c68978d69aa38efe60ba28ddc1d6c22705a578b69,terra,UNKNOWN,,,,,,,full_frame,ball obscured on right
97ddf468f2894d87efd413938a7eec73b4d86187de5ffb4efa3bb5758f7a6bd3,terra,VISIBLE,917,583,31,33,932.5,599.5,full_frame,dribbled ball
98429c1bb9aea2b9ca593b6d3abb6b9741f73324527b6e8e3afc422d9f1058d9,terra,VISIBLE,777,161,29,30,791.5,176.0,full_frame,ball in flight
98bae19d49ab1b1daf5363ed409f57e0b3d6dbbe82906b7d570a5f6fc062ecb1,terra,UNKNOWN,,,,,,,full_frame,dead ball not visible
98c7fd78a17a81f7c63ce09f22d3daaa888a6bd1fe84fee11323ef268fe8d1c2,terra,UNKNOWN,,,,,,,full_frame,ball obscured in rebound
98d4313d277b0890d32404a7474e089a036ce861dd125485ef42d017014c042a,terra,VISIBLE,824,281,78,72,863.0,317.0,full_frame,ball at rim
98d9b066d86637bc09bddc955f3499f1438d6fd7e91f4ff728544007922fc9b3,terra,ABSENT,,,,,,,full_frame,no ball visible
98fd5ff88f79649a6fe17e13eda946c352892597e832581b1c8c18b2a554a23d,terra,ABSENT,,,,,,,full_frame,no ball visible
9965a69284579dd14b173bffb5c9c67bf101500bf1075cdad2c9fdb6a180038f,terra,ABSENT,,,,,,,full_frame,full screen graphic
996c9c8a64da93139b3cd3a170374260408e7ebf9c02a3ead06f267be30f247d,terra,ABSENT,,,,,,,full_frame,sideline closeup
9a153a7bf4f008f6d7b7fe03da871967136c214e2188643102594de81ab44c06,terra,VISIBLE,1428,714,57,55,1456.5,741.5,full_frame,ball held at right
9a228ea59ee671a3df1c0c0d6424d09d22291c6c6cb56defd497b902f1831383,terra,VISIBLE,792,330,33,39,808.5,349.5,full_frame,ball above players
9a36cd5a21143857ac8350e624d82b7771a29ab40cf6f44fffd07bd02dc42402,terra,VISIBLE,697,507,45,44,719.5,529.0,full_frame,referee holding ball
9a43195cc9df5c4f94480b816d414874899fad38f9940f49dc4aba23375536cc,terra,ABSENT,,,,,,,full_frame,full screen graphic
9a52f5e42e75214cc068409115bcbe62ca42fd60c1b7218140b51bb3fc4ee460,terra,VISIBLE,1112,197,32,34,1128.0,214.0,full_frame,ball in flight
9a6c98434331b2a6042aa7fdf32088a18dbee985a7eda3fa25c861001de75625,terra,ABSENT,,,,,,,full_frame,player closeup
9a7fd86aca89744de1468dbb5a8402f2a11626e49d3e08223e3d64e132148b24,terra,VISIBLE,358,538,31,31,373.5,553.5,full_frame,ball held on left
9a98b3eb9ad17c060e332c6faf9f0496a06ca012588a532ace89143a8deccc6b,terra,VISIBLE,1053,481,29,30,1067.5,496.0,full_frame,dribbled ball
9aabc8a8d7212b10b99a333c094a5f50f1d148334c3c3b3d796094b0753e5209,terra,ABSENT,,,,,,,full_frame,player closeup
9ab9acf3cf2bab561f6edd28682a323ac76ef8fb8014782158a526207e094744,terra,ABSENT,,,,,,,full_frame,player closeup
9afdaea39bee674fa289caec464eca747d12754079e07b055656d1096bb197cb,terra,VISIBLE,781,247,38,43,800.0,268.5,full_frame,ball at rim
9b3c40ebe88fbd250a71ae6b77a54d408dc3497d025f0a6a78c4dc297ec05ce2,terra,VISIBLE,548,414,43,42,569.5,435.0,full_frame,dribbled ball
9b505d1a36458beb200cdf80b58417e1dbed1044248aad1aa9a5bb1afa8012a6,terra,ABSENT,,,,,,,full_frame,crowd shot
9c2f3a5abf4713d2b1f6291c87a172bab64c6f3ca09b0f157ba658ae2a4f69ed,terra,ABSENT,,,,,,,full_frame,crowd timeout shot
9c4c692c9a8f5c38ad7b0f03a2c3bd14d99f5f5d385e00cccbda94d49d643067,terra,UNKNOWN,,,,,,,full_frame,ball not distinguishable
9c55d00df5a80514cef10b4a521418bcf466aefaeed08201231b76e124d83aca,terra,VISIBLE,578,341,33,36,594.5,359.0,full_frame,ball held on left
9c8891f0f6e49302adefce0da2eb45fa54e4be9c1acb68a114a46bcff388a74d,terra,VISIBLE,655,642,32,34,671.0,659.0,full_frame,held near defender
9c919fa1a141fc9a5d1041045a4b318f741e3472c21137ea788a117bb1a91713,terra,ABSENT,,,,,,,full_frame,player closeup
9cdc084bdcf0d22a9cde1351295db5a761e613229be52ffd008bf1f1bcb25649,terra,ABSENT,,,,,,,full_frame,bench shot
9d27b2b4a8d77b85965706307964c18d6a24242fe93ce209d45c51820ef51a1b,terra,ABSENT,,,,,,,full_frame,sideline shot
9d795f66257bb251ae7871cfd99a996d3d7ffc1b6b75f088bc3212b3910cb0df,terra,UNKNOWN,,,,,,,full_frame,motion blur obscures ball
9de0a425b11464499f4b48ae3c659cb0c55171b7db0dbb4c6011d1dfb4e999f5,terra,ABSENT,,,,,,,full_frame,commentators shot
9df5e693833bdfac95d917b4ed440d5999ecaf8091a3819ad3b741737a6390d9,terra,VISIBLE,1117,984,205,96,1219.5,1032.0,full_frame,ball partly covered by graphic
9ec4658ae5da7ea22987575bc9ec1aa4b4eeb28c3cfcf5cac77a9625cece245a,terra,VISIBLE,1005,133,41,42,1025.5,154.0,full_frame,ball above rim
9f2f9691c5a9a6c33d30ef8a81fe12af932a4b51c5a2558aa69e7659ea91b55e,terra,ABSENT,,,,,,,full_frame,player introduction
a04e1a03423e3a1d8f1caaeada2bd2c11642d6da70da5187646b8c6da0c6defe,terra,VISIBLE,705,269,36,37,723.0,287.5,full_frame,ball near basket
a0545d1e9dbbea7e2642da4c94b427005fa1af700020ad1205449442406313c4,terra,VISIBLE,1024,592,35,34,1041.5,609.0,full_frame,ball on pass
a0afa08b4d63e472760b5af8add4f42d066a3569c465b93aff39dbe45499dd1c,terra,ABSENT,,,,,,,full_frame,bench shot
a12b95f43c96fd1a26e8a8317da8c3f01f3ac17a27ee0e0f081941be588b0182,terra,ABSENT,,,,,,,full_frame,crowd shot
a1d483474a18dd31d5f984b5f1087ea40b411cf29e97b5d9a57326ed48280927,terra,VISIBLE,578,345,30,32,593.0,361.0,full_frame,dribbled ball
a21fcdda97690a97db67b4380e92125839f612904e3be2036d55844b8be9414c,terra,VISIBLE,675,747,40,46,695.0,770.0,full_frame,held ball
a2e2075549febda5567a7e5d7c454afe9897d3a72f0541825899b63de48664f8,terra,VISIBLE,473,489,35,37,490.5,507.5,full_frame,held for inbound
a308bded2489eb275e5afcaae1c66825d47bb0eb942443a2f132cacf2b9ef768,terra,VISIBLE,894,615,30,36,909.0,633.0,full_frame,dribbled ball
a380236945e16d75ad171d4fa0b979e4640c39c4350de0f7be61c02918f700d2,terra,UNKNOWN,,,,,,,full_frame,ball obscured by players
a421f16c9230b5a3286c6cbf01505585edc0af534638b0a46516b346d978d2c9,terra,VISIBLE,1467,627,20,25,1477.0,639.5,full_frame,ball in handler hand
a45b83a13ce2a68bc5d60e23aeda2e7b1cfc0df45619f65f4cc9846a44971acf,terra,VISIBLE,990,573,14,12,997.0,579.0,full_frame,ball on court
a4602404e1fac09c2520c40d404d638c797014d619a11ba860ca0700bc9c0670,terra,VISIBLE,1176,194,34,32,1193.0,210.0,full_frame,airborne ball
a4866b0f1cb28e228846126f0a92f6956970ebd2d10a2a9bf1cfa95e023b6955,terra,VISIBLE,1609,552,38,38,1628.0,571.0,full_frame,held ball
a568b80a706eb8d853b03bfdf38f7470e7948224823bf4c951d417f48127922b,terra,VISIBLE,863,124,42,36,884.0,142.0,full_frame,airborne ball
a5959793412f2de2d03694e9aae5db01fab4b08c4f8b0260997344a320c72be8,terra,VISIBLE,1250,430,31,35,1265.5,447.5,full_frame,dribbled ball
a5e3d23f6e545af2e266e273014227a307296c7759129c47fbafc15a72ec6314,terra,VISIBLE,792,452,33,35,808.5,469.5,full_frame,held ball
a62bb168d5c0dfbe23b2afcfdfd348e112352be82e3f9367bc74742d3764f29a,terra,UNKNOWN,,,,,,,full_frame,ball obscured near hoop
a682f2f0e1f494a797162098be5f659f09ffde60adfe739c080e6101731c6e0d,terra,VISIBLE,833,468,35,35,850.5,485.5,full_frame,dribbled ball
a68589ed3bb328dc8dfc0d65d8a03d9721b7a4041a184d3f2ecdca7ea6d2f365,terra,ABSENT,,,,,,,full_frame,dead ball setup
a6877f66c4b6210b99e693cb2159076eb009e0188f2d073c0fed50998314610e,terra,ABSENT,,,,,,,full_frame,players awaiting play
a6b88ce1c584f9efd117a86525f0d3cb2e3071495362d6fd7f040ff31e41dcce,terra,VISIBLE,262,564,37,36,280.5,582.0,full_frame,held ball
a7025315194d1fbbe984cf84095df51739fabb70710850e1f4972b6a77eed975,terra,VISIBLE,1397,432,28,39,1411.0,451.5,full_frame,dribbled ball
a77de0779abafb5ce70dba85a83170c17bbb4b4b3237f1d56ed35cbedb798df5,terra,VISIBLE,613,234,30,35,628.0,251.5,full_frame,airborne ball
a7a44c71744c91a886460f3901f06f6c13a383869cf154a0c40fa5536bba5c1a,terra,VISIBLE,790,626,31,38,805.5,645.0,full_frame,referee holding ball
a7e94a21efb9d5960a5f068ad3cc17e3312962bb08cb64aafbd7b108463340cc,terra,ABSENT,,,,,,,full_frame,celebration shot
a886ebe8dcfbabd0a7b75f04cacb4423a1c585a272f47b694045f84870f5ec7e,terra,VISIBLE,203,708,35,39,220.5,727.5,full_frame,dribbled ball
a8e70f46eeb336c5bc6b07a2b741fba81361c4b7d05ad8a86939e6b74fe8e2c1,terra,ABSENT,,,,,,,full_frame,arena wide shot
a9b8c4b4cd72589b687eb3bd4225b9d1e5f700b1c5a29e9526ae42b066206641,terra,VISIBLE,943,659,34,36,960.0,677.0,full_frame,held in traffic
a9e2b0ad85126386ae29c4ab1befa72fa1d45eb8803eb0a9bfb20650582cbe8e,terra,ABSENT,,,,,,,full_frame,rim closeup
aa7a1eaec87df65e2b7d64bfecc024f9de427b8753f82f758e89b8a49e91c3a1,terra,ABSENT,,,,,,,full_frame,timeout huddle
aac1ae55830894f5bebfac48d529381e965ce0484192e19d712e866553f279a2,terra,VISIBLE,860,573,31,34,875.5,590.0,full_frame,held ball
ab9d66958bec3ed71ba0b770e8cbe6b58051abb353fd18994f46675d1f2795ff,terra,VISIBLE,377,647,32,30,393.0,662.0,full_frame,dribbled near midcourt
ac19abac83a32f840d6658fba73c7b945f82d6c31e20ff0f3b661c429b01edf9,terra,VISIBLE,1229,448,31,30,1244.5,463.0,full_frame,held by ballhandler
ac32eaa830f248038ffda02fc212f9e2985b9aba0b057a595dc5a337a9ecf586,terra,UNKNOWN,,,,,,,full_frame,ball not discernible
ac9f7eb7f2bfaf11de9c7a133474ff2c53b2f888be207da3ff8da413517bd516,terra,VISIBLE,1326,520,32,30,1342.0,535.0,full_frame,held in paint
aca6049481908720d3ee2f99b2a79d6c95872c262a07ed2bd1af5b3431b5c031,terra,VISIBLE,1340,202,39,39,1359.5,221.5,full_frame,airborne near basket
ad95b6516712ac58c5568cd9dda57e765fe109f7647a191058fc9d0cc6001b66,terra,ABSENT,,,,,,,full_frame,timeout shot
adfe897bd5b6a32ab89286f2d6e60e86feb4f7b0e64d41e715d43e21dc8bd954,terra,VISIBLE,778,747,42,42,799.0,768.0,full_frame,dribbling at midcourt
ae193f07928ea52599ef29e31e60fc25742d98438cb87543b742f7291e124760,terra,ABSENT,,,,,,,full_frame,bench shot
aeb0302bb27c7eb68690ef454af8a38884aeea694405975f2ed576f79957be09,terra,UNKNOWN,,,,,,,full_frame,ball not discernible
af03b9f50401bf2cc0c5fabb1f84085a98f69c8a54dea67845003c63edba344c,terra,VISIBLE,831,393,32,32,847.0,409.0,full_frame,held by ballhandler
af3d55f58e9ed3153b516ad4fbe21fb39ddafe0048d406f45ab383e613398362,terra,VISIBLE,1033,699,35,35,1050.5,716.5,full_frame,dribbling near wing
af9749790c503761fc4ae9ee3c3cb5fdaebd5a5021268925af3bc5af2f67450c,terra,VISIBLE,1158,243,39,39,1177.5,262.5,full_frame,free throw airborne
afc6f3608db5b441b8e546080a959597bf9df715882f12ab17bf8818bb1a274e,terra,ABSENT,,,,,,,full_frame,closeup between plays
afe10082487bbcdf4569dbd83b20ccb9d068356186ddc2ab1910d9049b6db1d1,terra,VISIBLE,446,604,36,34,464.0,621.0,full_frame,loose near baseline
b03e2fa047ac83a3467519744358ca18eae784ee110835141c1b0f767b1a07fd,terra,ABSENT,,,,,,,full_frame,player closeup
b03e51a438c71b2c69a33825b1e111a5d685abaa91740a3bad11c20c2467abf1,terra,VISIBLE,396,572,36,36,414.0,590.0,full_frame,held at wing
b0448ca4b3a749ff33b30686b721be5b2c336051c663a0dca52aad16b27a9f95,terra,ABSENT,,,,,,,full_frame,player closeup
b0807ec8ff4d30a5d48de01e82ccf39c8bbf16c21169ce393f31b01e15ac5c33,terra,VISIBLE,360,234,30,30,375.0,249.0,full_frame,dribbled in backcourt
b0dfa7dc180e0279af1722e6d8da32ae910dc2c1a1af97d723c957dc70140869,terra,ABSENT,,,,,,,full_frame,dead ball closeup
b101723974b64a1279eb7cd8966563481419174e5d9a3365042a288e6864f5e5,terra,ABSENT,,,,,,,full_frame,player closeup
b14aee495a834c851eebe30d29250502356ce14f1eba09a94a106545345f4214,terra,VISIBLE,840,593,35,35,857.5,610.5,full_frame,dribbling in lane
b1501c3de99d2e76dae00520d2d6160d34f3b83a2f127362efb6935dcac0d374,terra,VISIBLE,947,108,45,45,969.5,130.5,full_frame,airborne shot
b1826846fffe8b200cc10fc36a63f3d4ce3424ef747297205f2fe20d96f3a8b9,terra,UNKNOWN,,,,,,,full_frame,ball not discernible
b255be247dea55232bc0606c2012271c1c1cb886b43bb5beb14089f90abd37bf,terra,VISIBLE,838,469,35,35,855.5,486.5,full_frame,held under basket
b264cffd139ad025805e92c60eefcbbd45708fe59a50f29f40f4da32b464b8b7,terra,VISIBLE,1307,501,37,37,1325.5,519.5,full_frame,held by referee
b269053e49ec9b387d5de45db8143142eca8cb0ffb842e4a20495cf0d5e77069,terra,VISIBLE,753,523,38,38,772.0,542.0,full_frame,held by referee
b2ac3849b75b90f45eb35c47547556d6b289eac5f086068b4da94932ae46ed51,terra,ABSENT,,,,,,,full_frame,bench shot
b3395d88475586a6331b95f436b61476264b84282c08b1173eeb9aea7ede3bee,terra,VISIBLE,674,520,35,35,691.5,537.5,full_frame,loose near baseline
b341fdd285693c9916e1beaea19625431cae32a94842e8501f56b64cbfde8c8f,terra,VISIBLE,527,572,34,34,544.0,589.0,full_frame,held for inbound
b3549eb2457dab26b5e94f42636d3c96600905779732d92ccf4a4165c8d32bb9,terra,VISIBLE,534,483,37,37,552.5,501.5,full_frame,dribbling in lane
b38257564a4f3da2a30619219c738a0f3d3058bc65369d4c3a2448be569600cc,terra,ABSENT,,,,,,,full_frame,bench closeup
b3851928e652b8d4cafd9cef64c210bae068adbccdeb63b86436fda1c92b8660,terra,VISIBLE,670,357,30,30,685.0,372.0,full_frame,held on wing
b3a34cbc4105fdbd390e209f4d6bd45d6d2d48906e896473163159626b6cb252,terra,ABSENT,,,,,,,full_frame,broadcast graphic
b3b02cc6ab153415109561e931892baf576f74fcaba037359835106e2dbfd9db,terra,ABSENT,,,,,,,full_frame,bench closeup
b41047866cf6b5d8451879948d178358d05ad94deaf7fcd4d8a3ab4588af852c,terra,ABSENT,,,,,,,full_frame,postgame interview
b46d16a16c713c1a93c3009b7aa8cd69aefe9eb465030d9e30f27fe2576da6c7,terra,VISIBLE,452,648,36,36,470.0,666.0,full_frame,dribbling in backcourt
b494d694673a2b364d451c42102d394b93283931baf02eec4f374171b7d616e3,terra,VISIBLE,798,523,31,34,813.5,540.0,full_frame,held in paint
b57d818efdfde800bdbbb5eca6e83debfb63cdcf32234408547cb9d6dfd91bac,terra,ABSENT,,,,,,,full_frame,bench reaction
b643cb7a398bfc3527bfa89aaf3869d063242b24302ffcab3bb5be4d72a270c1,terra,ABSENT,,,,,,,full_frame,player closeup
b6478b24d22284a33fa2e084ca4b2b92ad795abd7a32e6475f3295368112799f,terra,VISIBLE,566,362,42,43,587.0,383.5,full_frame,held for shot
b6bb6ae761d1891feb7391d8f435a136f3fec8124933b6a0c11dd1f6a225d894,terra,VISIBLE,1395,334,48,49,1419.0,358.5,full_frame,referee holds ball
b70a17fb2007e6ea1da09c86d5b9ed95a3f35e44c3e77dba7bd59844d7f6fa0b,terra,VISIBLE,666,802,42,42,687.0,823.0,full_frame,player dribbling ball
b716e12e42a764637e3398a5d33153cd8133d4532da6039e2fa5adf783802d04,terra,VISIBLE,1259,703,29,29,1273.5,717.5,full_frame,ball at player hip
b8556e868f732cc5d70d9c5371e7a9e0a8b56a95b9659e3edb33fe1da5bd7246,terra,VISIBLE,1304,478,27,27,1317.5,491.5,full_frame,ball by baseline player
b86e4c31ee79587ba1f889c136aa7751114a62259dd00b7433d6575181afeb3b,terra,VISIBLE,1448,397,36,36,1466.0,415.0,full_frame,player holds ball
b8a141378049c37b3efa1ea3f0c68712147baac7e5eff1ea5421ecbd242b7d76,terra,ABSENT,,,,,,,full_frame,close player shot
b91495e194056e3578100f3bb5b831ce72f661d4126fed9b0fb82d189b3da927,terra,VISIBLE,1067,535,29,29,1081.5,549.5,full_frame,ball above shooter
ba0cc82a3fe4304cf23eb9b24a9da7d36dac016ca416f4afac57d6d468a8f0c1,terra,VISIBLE,744,488,30,30,759.0,503.0,full_frame,player holds ball
ba855df11c50a3fc257c56b75533382b18f9d81f956c99a0f47e5a1aed8770e3,terra,ABSENT,,,,,,,full_frame,team closeup
ba9c0b904e8171f4134c59b7fee28daa443976ce8cac81f285844d4d70d6d696,terra,VISIBLE,1252,294,27,27,1265.5,307.5,full_frame,ball near ballhandler
bb224239090a463daae4968be47f515dc521c1ade3ea432131f5ee6cbee87d5c,terra,VISIBLE,634,574,28,28,648.0,588.0,full_frame,ball near player hands
bbcf6a50aeef0c8179a2158493ff546fd6fa883a0bf12da6b420ba149936ebb0,terra,ABSENT,,,,,,,full_frame,player closeup
bc46741fe1036968019ec24fe5606241ebacc92acadbc13a8c2ca62b3604ddf0,terra,VISIBLE,1063,734,31,31,1078.5,749.5,full_frame,referee holds ball
bc51adfffdaa6ebfdd34da17dca7c8f26fcb974b7288ee6f08402bbdd4721c0a,terra,VISIBLE,346,604,29,29,360.5,618.5,full_frame,ball by ballhandler
bc77f4a2b217155434b683cc98bb534490a213d5e4bf7100586f7c778b41f540,terra,UNKNOWN,,,,,,,full_frame,ball not discernible
bcb481fbcc7056de5b0978ce9fad4d09701c55ec274e42be0ac0790ed52c8cc7,terra,UNKNOWN,,,,,,,full_frame,ball not discernible
bcd6bde84d4f564334e2158f6779d3dbd669ed1a6f18a54c726da569e6775e5a,terra,UNKNOWN,,,,,,,full_frame,ball obscured by players
bd090799c4f823c1d64f27052a4dbeda6b6733e36219d6acab4efd30f94fdf12,terra,VISIBLE,427,207,30,30,442.0,222.0,full_frame,player dribbling ball
bd0d6bb3e74b1d86fa74bb36920356d834d69a4224fec3a8a31d5a13f86576df,terra,ABSENT,,,,,,,full_frame,celebration crowd shot
bdd7a34c674c502ba824b19561ff5b2397f1e1acae43c4a777338829e96ce8be,terra,VISIBLE,1284,471,34,34,1301.0,488.0,full_frame,player holds ball
be34c82fab196cb5ccc4390aac909e4f8f78ef45741bd27214ed3329c541e7de,terra,ABSENT,,,,,,,full_frame,crowd shot
be78f22c1c030d35835dbb3f6e9deb5a41669f85aff9b63f1df083660dc33b00,terra,ABSENT,,,,,,,full_frame,coach closeup
bea639731fa94154f1208b6c86e2eea8e2a5ce2f7fa050cd7c6c8ba742283db0,terra,VISIBLE,1259,323,28,28,1273.0,337.0,full_frame,ball by ballhandler
bed46a2ee91cbcb174f3e84ecb0c5bad69ae20409e4419c5a92f9cf756cdd541,terra,ABSENT,,,,,,,full_frame,coach interview
bee7aed2a269d4d91f5c4f6a07d39f6205626c9d47906c101c38999d7acf8640,terra,ABSENT,,,,,,,full_frame,player closeup
befc9d17fba77b3a3f20a028b72cb3bd4c023437df3e89cec53b137e2ae71d4c,terra,VISIBLE,389,309,28,28,403.0,323.0,full_frame,player dribbling ball
bf2251ab8fae16353a7237f24c3b628d2be82819a703c90e84fd682dc5d4d32f,terra,VISIBLE,1483,370,26,26,1496.0,383.0,full_frame,player holds ball
bf661bdb958235995b9bc4f4c5137dfb29c1a3f5d720f4fd581015db775cf124,terra,VISIBLE,690,406,28,28,704.0,420.0,full_frame,shooter holds ball
bf710d95bb510b119779bc16b64324421086b0993144eb4b2516d18118ec4834,terra,ABSENT,,,,,,,full_frame,non basketball scene
bf77cbc60af01953c39c553bc094a0ecdef43e23bcb3ea502fe94026aba062a9,terra,VISIBLE,553,451,27,27,566.5,464.5,full_frame,player dribbling ball
bf815b63838042db36835710188387ec5ee3354a39e5eb8a7cb4ce384172769a,terra,VISIBLE,1210,379,211,214,1315.5,486.0,full_frame,ball at camera
bfadf48da1eb124ed856eca38b95e4675f9becb12d7a269a0755e5d327aa446d,terra,ABSENT,,,,,,,full_frame,player closeup
bfb8daf6db573ff44b5c3befaef6d864c7a3f20cfd0bfcc3a86d25a989bc1b23,terra,VISIBLE,234,481,31,31,249.5,496.5,full_frame,player dribbling ball
c07853b2493f6ad8ccb12aa1119702270ed4eb485df1fceae0daf56095757b16,terra,ABSENT,,,,,,,full_frame,dead ball players
c09e17b5ace9e2bfc121561c1b8c809ed858dc1afa99ea2c2e1111d0d6ec2ce8,terra,VISIBLE,758,514,126,126,821.0,577.0,full_frame,referee holds ball
c130340efee4549e459681638e244506e98b84a3a5dd7aa17077c3088927043d,terra,VISIBLE,1655,696,39,39,1674.5,715.5,full_frame,inbounder holds ball
c132da3e321d975c9f0e54dc4a04e319df17332e74c44876dd896bdb7605e1d9,terra,VISIBLE,188,537,31,31,203.5,552.5,full_frame,player dribbling ball
c1bbbb7f318c63fb7fd810608e2115f29fb2f75ab2b2b25205b44f0595e07289,terra,VISIBLE,330,380,33,33,346.5,396.5,full_frame,inbounder holds ball
c23aaae11919107b8cb0e9f971a67c897c2378b5701672a0679066d73a4c64a6,terra,ABSENT,,,,,,,full_frame,crowd closeup
c2579c7c4aba220914cec5d6576021cb3d2ba794a49c4ce2f4b1031d69f648de,terra,ABSENT,,,,,,,full_frame,crowd closeup
c33c8426f8484bdf91022a77abbefe2c417c203dbd1392622325f0ae6a28e314,terra,ABSENT,,,,,,,full_frame,band crowd shot
c370975d7d0f627c1ab13558de2af021cc0068eb9b5d673af94a52c88e51b6e9,terra,ABSENT,,,,,,,full_frame,player closeup
c504b83daebade3fce04c2952e811c49fbb588922a51779b229b1ed5f411d155,terra,VISIBLE,768,261,47,45,791.5,283.5,full_frame,airborne near basket
c53712c3ac6c58b8065aa32c26ee09a938474805ea44cc90f8a57d77a8b4a806,terra,ABSENT,,,,,,,full_frame,sideline interview
c576ee9e3a29293deccba5f4c6c6caa785100fb6657dc7d6469b7b9e796dd0cb,terra,ABSENT,,,,,,,full_frame,crowd shot
c5a93ad76402254df4b91b451682785176e98d712e6bc8bb75bbeb47dd5f7b6a,terra,VISIBLE,1487,385,34,34,1504.0,402.0,full_frame,shooter holds ball
c5c35b92fd2daca3da01f67c29963c4b5a659e20e626c40c1d3e8534d0dafc46,terra,VISIBLE,982,316,45,34,1004.5,333.0,full_frame,pass in progress
c5f71722e4b60484d26dc64c84f8512f57ed71ce31d10dc8bf30efdc83bbeeed,terra,ABSENT,,,,,,,full_frame,postgame interview
c63ea555a8e4c9b233ab7819d8990573eef4be5fd3f1bf9a0e81f91fa76a2ba1,terra,ABSENT,,,,,,,full_frame,warmup closeup
c651943b59ddbb91da9eccdfe04c602c1096f832e6057a3054d4808e12d136ce,terra,VISIBLE,508,219,38,41,527.0,239.5,full_frame,held near rim
c65239bf86fb55718d25e9abd4af4ad377ee0c1f783287b742141bf7beaed6bb,terra,VISIBLE,529,476,33,32,545.5,492.0,full_frame,ballhandler holds ball
c65af6218d9d532cae62889364d729981428c23c9d43830bd3504f1a748b52e0,terra,ABSENT,,,,,,,full_frame,timeout huddle
c68e36cf6e1742074cc63f8a5717cca89aa15e59bb7557aa74885870e5e9fda3,terra,UNKNOWN,,,,,,,full_frame,ball obscured in traffic
c699076e0fb586146ae6b9df1ed3cb282548bdb246445670af832a38bf15bb84,terra,VISIBLE,1106,598,62,63,1137.0,629.5,full_frame,held in lane
c6b1b8c35c709efae26af0bbeac7500174a3228c4404977d7e0f75eb78c7ea64,terra,VISIBLE,1326,638,76,78,1364.0,677.0,full_frame,low dribble
c6f3e658d15d209b2d9b0d1568cf27c1b43a8516c255dbc89b5b43778ad60a04,terra,UNKNOWN,,,,,,,full_frame,ball obscured under basket
c70d5872450ef2c5c0764af612c95cd2e26e24eebb41461ca33aeb8ea6676081,terra,VISIBLE,382,404,29,42,396.5,425.0,full_frame,ballhandler dribbling
c822ee49f2fbedcc32f47b19daf12acbc82f9bd97d770dc3b33cd202c797de07,terra,VISIBLE,1040,176,62,40,1071.0,196.0,full_frame,ball at rim
c8584a3adc7a13ed1dca39a2b55f3b733471de4a305e600c49d0421adc94c7c7,terra,VISIBLE,351,666,35,40,368.5,686.0,full_frame,ballhandler dribbling
c8585e20f6732d52c48dd7f484aa6e4ce9b131e18bacc3e69b161cbadf266a7b,terra,ABSENT,,,,,,,full_frame,player closeup
c899ecc1d38c22151f397c7edc2bfed1228c119d6c165c495ea730a08110a550,terra,ABSENT,,,,,,,full_frame,bench closeup
c8b7a671965cedf2899986b26c2031ac8ea2a9f782ac0ba437204d64ae5d4e2e,terra,ABSENT,,,,,,,full_frame,dead ball huddle
c9eb4df95680b262d7a5439ffafb8fe2bc47c750fcf3b367454fc4706541eb2e,terra,ABSENT,,,,,,,full_frame,postgame interview
ca783f13da91f2464d87ac0b8b4e0baeb1c288fb766d3c7ef3388914a170a6bd,terra,ABSENT,,,,,,,full_frame,cheerleader shot
caaf10a7dd5bd2ebeacad6e50aae69caac1dca2f950f116d03d035760afbaa6a,terra,VISIBLE,1037,343,36,35,1055.0,360.5,full_frame,held during stoppage
cac19bad1c9de8c9fcce8731a1c79f64bb81b399fd96a94f3ca181cdd9cf3170,terra,VISIBLE,593,580,29,35,607.5,597.5,full_frame,free throw ball
cac895e73ca51cf3fffd353a3b7f9b4422d309ffada5c6b082efdbea1f939c07,terra,VISIBLE,1275,772,31,29,1290.5,786.5,full_frame,low dribble
cb10f94b2e678bf34463c8cfef1a517c4c94d5b3538a8d8c3dee7a246b0c81d5,terra,VISIBLE,1097,780,41,34,1117.5,797.0,full_frame,ballhandler dribbling
cb9e43cfe82625e57563f85af6decff99b3f154aeceda67ee29f860ce0b73c9c,terra,ABSENT,,,,,,,full_frame,player closeup
cba96941045f0167baff7a2c2e7f5f5ba5938416fe6ea67dc4e92b15c3edb0aa,terra,VISIBLE,777,242,44,42,799.0,263.0,full_frame,ball at rim
cbcac3d74a867a70882820740b59fede2dd69ef455fb805bc58a1ca56eed253f,terra,VISIBLE,1034,456,37,39,1052.5,475.5,full_frame,held in traffic
cc20458c6f0643078e9c3f208e7886520350d99b0035c3e34fe441d8a425e873,terra,VISIBLE,1198,430,45,44,1220.5,452.0,full_frame,ballhandler holds ball
cd44868f53a2b5d0bcb3f5df980fe58f4e0a7dd414da4f639ff24443912e88fe,terra,VISIBLE,777,393,45,47,799.5,416.5,full_frame,held in post
cd8fe23cddfbfe8bac9593270098dc3565f984569e4c8512e7e02c1d87e401f8,terra,ABSENT,,,,,,,full_frame,player closeup
cde14e856cbfa65efea9e3123df30ccc35c8746966f6ed6ca50b40c4b9fdd92c,terra,VISIBLE,816,369,38,38,835.0,388.0,full_frame,airborne pass
ceadd38ef025e341e9eb2529cb0c8a7cc69085893283bc2a431729d7a57563a8,terra,VISIBLE,1331,249,48,53,1355.0,275.5,full_frame,shooter holds ball
ceb578923915b5469c15bfc27a34660f304e2244a42d4a48228ff4d033901694,terra,VISIBLE,876,699,44,44,898.0,721.0,full_frame,airborne ball
cee1530bf9195ce8f20672a014f24ab73a04b41000112e03cc3103a9bc0aa46c,terra,VISIBLE,1196,470,32,36,1212.0,488.0,full_frame,ballhandler dribbling
cee4d81605ae4db59f041f2eb39b8fbeaea39110de77d76e0e9601273ad7361f,terra,VISIBLE,865,628,35,39,882.5,647.5,full_frame,ballhandler dribbling
cefcfd5d8442e3c52ba2c61317bb154a1e4ec529ccb99677c5d5cfc06dd84765,terra,ABSENT,,,,,,,full_frame,crowd graphic
cf13f4ac0e105eec8fafedf9a55015fed09a73cb0e602efeb5291d32d6838f84,terra,ABSENT,,,,,,,full_frame,no ball visible
cf363db185f5457674cb922c545511b3c1d4ffc9216b3b3bd8dc0f68a56719a9,terra,ABSENT,,,,,,,full_frame,no ball visible
cf839e7ef9ae2d813c63ddc67c335185f856132f0dd4ff0509ce4b8673d3858f,terra,ABSENT,,,,,,,full_frame,no ball visible
cf9bb3e7d2cd6d698c82cbeb785874dba9a55a617140a0d3e7b3b98dc5ba1f90,terra,VISIBLE,1665,746,31,31,1680.5,761.5,full_frame,held at right sideline
d071617e6ff7d7120790d82a82b255c8a649f88a0bbc46d50e2d9a5498ae3032,terra,ABSENT,,,,,,,full_frame,empty hoop view
d0a6fb8d652fe30d1534be6fb3e652057841e5f24b39810390a5e4db880449a6,terra,VISIBLE,945,457,30,31,960.0,472.5,full_frame,held near sideline
d0daa78771d38fbb6789e50395d2168800483be92f525246ca5845be27d8fc43,terra,UNKNOWN,,,,,,,full_frame,ball position unclear
d107d2fe7598603f864ec3b8965cb6caddd8f0bfe61ded127546e96f6bd33d54,terra,ABSENT,,,,,,,full_frame,no ball visible
d13c6dc3777b23232d2fc1109060ae21e20fb376be523825218a502044b1fb3c,terra,VISIBLE,1599,615,31,31,1614.5,630.5,full_frame,held at midcourt
d188f300bf34656e8894ac210d9523c7cf0289fc4a3349a056ebdc5fe7d8b48f,terra,VISIBLE,405,313,38,37,424.0,331.5,full_frame,held by yellow player
d1d602cc6a04ee5541e01a7a36369e63826a128bc24011aaec85ef8b6d310e6e,terra,ABSENT,,,,,,,full_frame,bench scene no ball
d1ebf594679a72d2e5612bd39bdf38e26dc455230a50d10e7487b92e76f5412a,terra,VISIBLE,794,530,103,112,845.5,586.0,full_frame,referee holds ball
d1faf8156156685b9d8b42b595f0986afc7ca0af8841399b7daae6755d341f1f,terra,UNKNOWN,,,,,,,full_frame,ball position unclear
d20dae939d7d3441f7fad84c37cbd4bc728af92027181193b07d93cbc5d9e2a5,terra,VISIBLE,787,725,28,31,801.0,740.5,full_frame,dribbled by ballhandler
d2453fab516e3777fca483d504b6b436961366583b0106cde5c7f2ded394a3f6,terra,VISIBLE,998,147,25,26,1010.5,160.0,full_frame,ball in flight
d2a668fbeec06def70b50253d68d47295e3e6135d27436fd6aec306721f356c1,terra,VISIBLE,1556,522,34,34,1573.0,539.0,full_frame,held by white player
d2ea5a73a689c89c54f1d3c8adcf0a9e3773d8bf1c14716c9498b28141c9d17c,terra,VISIBLE,803,625,32,31,819.0,640.5,full_frame,dribbled on fastbreak
d31f9a0c0ce22b96036d80126d652e92eba5ed96415b998a4f30574739177851,terra,UNKNOWN,,,,,,,full_frame,ball position unclear
d3747f70cbcce00c72da265771bed172cc9c3c914bd146bd27e14854d48b91cb,terra,ABSENT,,,,,,,full_frame,no ball visible
d3a3b719e817f3a05276f22716d3f0ec546346f0145b1336ed3e0a5b9d9eb759,terra,VISIBLE,469,568,34,35,486.0,585.5,full_frame,dribbled at midcourt
d3d53b3575ef946e1dd58b968c3c99df5af7779cb2a7145fa2fc531df7d69dfe,terra,VISIBLE,609,615,54,53,636.0,641.5,full_frame,held by white player
d3e2aa486b5bfb8cec472cd36d1ac53d711ac406c227bf5699848a93ec59050f,terra,UNKNOWN,,,,,,,full_frame,ball off border unclear
d58d189f7fd0c2fcc4dec822b4cb1f455d0daa20173cf676631a453030af54d7,terra,VISIBLE,604,299,39,40,623.5,319.0,full_frame,ball in flight
d6342ac414c7fa42e782def5293e7fe0cd292bd37536cf667288ef6dc2129290,terra,VISIBLE,602,315,37,36,620.5,333.0,full_frame,held near basket
d644011a1cffb42cfa23739f40c4995d43b372a93571ae52c86bd533841c4b9c,terra,UNKNOWN,,,,,,,full_frame,ball position unclear
d705a36eefc0ba1e2a027e2ca10a9b132487e2439f71987e6868d4db4925d81b,terra,ABSENT,,,,,,,full_frame,closeup no ball
d727d5b07bf5a0a7f68837307ff260a12a7e3163f45d5fba4a6e608291a3823b,terra,ABSENT,,,,,,,full_frame,interview scene no ball
d803f84a1bf2829d52c6f2f180783289ad27e9a97dc38450e15007f5b909c1f5,terra,VISIBLE,493,567,36,37,511.0,585.5,full_frame,dribbled by white player
d81fad7aafb0125c9c7a43799ecfe96b2f8a0365842d357747d006b5bce6dbad,terra,UNKNOWN,,,,,,,full_frame,ball obscured by players
d89130c2299a26280faa875fd3c86e4afa065898199528d0884c14b3018a5a08,terra,VISIBLE,841,80,94,97,888.0,128.5,full_frame,ball in flight
d945df5188e96ac7c4b857c6710a4c7ea298d394d82afdd8992f3c3e44a0e98f,terra,VISIBLE,1015,690,45,45,1037.5,712.5,full_frame,held near baseline
dad6f3f8d4d54a7dfa5db5a15ea5aaa6cd0b327195b0cf6703ce0f8b0ede9606,terra,VISIBLE,190,767,36,37,208.0,785.5,full_frame,dribbled by black player
db49e3dc015de9f52fe2ea47810e1ea60213f6cdeadbd884ae5f37e3ca2793b0,terra,VISIBLE,914,274,39,39,933.5,293.5,full_frame,ball in flight
dbe27a83f38d25d487242a35438181866fc0e4ca7e64281692ee449e105d407b,terra,VISIBLE,915,274,40,40,935.0,294.0,full_frame,ball in flight
dbfe4e1eba57759ee12eb943f83ae31ebbb6bdcf8fa04c34096469c5518264e1,terra,ABSENT,,,,,,,full_frame,closeup no ball
dc30f641fd411f5eae982edb6032c3c5d34a421e8174341e4f16b62bb2b7dfb6,terra,ABSENT,,,,,,,full_frame,empty hoop view
dc81dfadb27be9b001a99a37064dbeb5dc8fdf3881c02f31ba2982db96143b0b,terra,VISIBLE,934,215,32,33,950.0,231.5,full_frame,ball above hoop
dd56edfca863168247935e46cb72f9c70da47380451c0a5e3575c156c0858a62,terra,ABSENT,,,,,,,full_frame,bench scene no ball
dd5deee8e3b4502cbda9ea36e30509e77697479a0d94e0ccff6d602019aa5f3c,terra,UNKNOWN,,,,,,,full_frame,ball position unclear
dd6672ddb657e5e47c0108623eb80670d8a25d687fcafefe5d3e783aa7536f82,terra,VISIBLE,822,336,28,29,836.0,350.5,full_frame,held for jump shot
dda11891cd04021c790547c6e60d5788398c223b6a9d480d2c40b8eed5d5cfb9,terra,ABSENT,,,,,,,full_frame,empty hoop view
ddf0fb13aca0d0033bd34bfab1d59558f8d1e255e7b9426889b8c5ab925559c1,terra,VISIBLE,884,341,23,23,895.5,352.5,full_frame,dribbling beside player
de6c72f8a75859f8ed67f1bd6a3e1642e79ba9743b01323a6399674ebb514f8f,terra,VISIBLE,1365,426,42,45,1386.0,448.5,full_frame,held at sideline
de8f6c3ca68ac5c9009f6320cf23bd13ab2937747e7f1d227404cedde658c02a,terra,ABSENT,,,,,,,full_frame,timeout huddle
dec72afbbafe76fbbc0b94920387810768a7086b109ca0a4e09efd2c27842de8,terra,ABSENT,,,,,,,full_frame,player closeup
dee93ac0d3ca512e9c264f56a4cbdb9d1f9eec5837911db5ba2ae5eaf53eb0b5,terra,VISIBLE,1016,620,42,37,1037.0,638.5,full_frame,rebound in traffic
def4b74088e9c27f98617d6a2ef784f1e5ed6e00196e0e3117a1c21675f4d624,terra,VISIBLE,395,388,26,25,408.0,400.5,full_frame,held before shot
defe3c0d1e5b03d1838a890e52849dac4a007c54d71ba1ba3b393bcbb3f40124,terra,VISIBLE,1282,688,29,28,1296.5,702.0,full_frame,free throw bounce
dfe5c5f3a10a839eb6b416a5ce20a0017e5b19911ef0b9120870e331c8b27674,terra,ABSENT,,,,,,,full_frame,player closeup
e039ae267e703805a80985a17b00d4d3b34450187f25e98b40f3ab7c7d2c4706,terra,VISIBLE,1149,496,33,28,1165.5,510.0,full_frame,ball by baseline
e0b7002a2d9ee61cd244142399973845526bf0e2969cea1fc6d74c2ccaf2fad0,terra,VISIBLE,871,681,28,28,885.0,695.0,full_frame,dribbling in lane
e102e7fbb88385561a69a1771a85f1e1a8041d277d67962385b67ab23e253824,terra,ABSENT,,,,,,,full_frame,postgame interview
e11e7a1ddfe77d0bff58d7056e7793326d94ddbb7c09562e58f513f6745cb652,terra,ABSENT,,,,,,,full_frame,full screen graphic
e144d07100989d3a36482458cfdf3a7fbf7dd00eb3de9599b58fc06cb31fd96b,terra,UNKNOWN,,,,,,,full_frame,background ball unclear
e156d800c4405fb89da685a79ff9ad540add767bbdfc5bf0176885997875a3a9,terra,VISIBLE,834,416,25,25,846.5,428.5,full_frame,held in paint
e1f1ab7f928fd7ed75aa5f0b6f631cd8fafd683a4bc8ff9d402ac37631b8d07d,terra,VISIBLE,1015,80,22,22,1026.0,91.0,full_frame,shot in flight
e1ffcf35aa4328f0ddb050f9cc7d11d65e047f5adf73a404311ca539246c75be,terra,VISIBLE,1214,420,29,31,1228.5,435.5,full_frame,held under basket
e216c414f1c498045aabde10065362f14bd929d33c38bfbb775608b7dc072160,terra,VISIBLE,1255,323,24,25,1267.0,335.5,full_frame,carried in transition
e225e1049d6a4cb08e8aac64fbcbdc8e7190185dd3cb7aeee20756abe9bfd12e,terra,VISIBLE,832,392,26,27,845.0,405.5,full_frame,rebound in traffic
e2758462fda61984e7b653289770e70d3566a2aab44059917dba0e811c0c2ea8,terra,VISIBLE,1568,505,27,28,1581.5,519.0,full_frame,held in paint
e2d26eda8a6a8c235410b1cc7546a409009b98759d46a9e773ce640d52f40136,terra,ABSENT,,,,,,,full_frame,coach closeup
e324bc5f0d6c4f20b4340159d30e4d28bd5a6c767595ef5a4cad8918dc57f91c,terra,UNKNOWN,,,,,,,full_frame,ball obscured at free throw
e36ad0f4105877b7f9eebc2d54ccb5d1edfc22bfc66dc391a375c47d6acbbdbf,terra,ABSENT,,,,,,,full_frame,band closeup
e37e781e4500a438029cb4d64dcc430168a45ea318f1cb7503f9c75464031648,terra,VISIBLE,356,474,27,28,369.5,488.0,full_frame,dribbling on wing
e3ae0f5c4408c889fb01d856ee1cb63b5c66efde2fda2efb17fa5513e3ee6d89,terra,ABSENT,,,,,,,full_frame,schedule graphic
e3f8f96a0d79b6aa49a693643e9888c20fabd99b538c1066ff87eb40f6280c6a,terra,ABSENT,,,,,,,full_frame,dead ball scene
e40728622afc2e9afed0abed4b111809fe992162564580370beac480dd644d97,terra,VISIBLE,443,435,29,29,457.5,449.5,full_frame,inbounder holds ball
e414c921e9331c9c6cb97cd17cdde6cf08dd54931691d23116cf6fcb8904654b,terra,VISIBLE,595,642,28,29,609.0,656.5,full_frame,guard holding ball
e463c48202f2d155e4545d2e726b1e8dfcd6e3206b331bfed34cba705f79a0e8,terra,VISIBLE,1506,425,27,27,1519.5,438.5,full_frame,ball in transition
e4d79aadcddc0e3c6991cd9a399ba664293bbfeb1bc97bdf6831183f9b751d45,terra,VISIBLE,1695,678,34,34,1712.0,695.0,full_frame,low dribble
e54779db1e96dfde54b99ad0603b9c6f87b17a26dacfdf641ce57718b72b17a9,terra,VISIBLE,895,486,35,35,912.5,503.5,full_frame,free throw held
e5883851f44861abf1f628edb05ff5e2ebb54094ae7a651ebf0bcfc77821cd0b,terra,ABSENT,,,,,,,full_frame,coach closeup
e5bd3c488188e13caaacad21a1367cefb446f61ae64e4f0e925dd74a763a1c84,terra,VISIBLE,674,648,31,31,689.5,663.5,full_frame,low dribble
e5c7cb72f83fa496bc3184c61096d327e2971c52977999c6792a68037704c3ad,terra,ABSENT,,,,,,,full_frame,full screen graphic
e5f28e676ccb89514ecc45a40bad564b1a37814919426c9fff0f2d5e5aa121c8,terra,UNKNOWN,,,,,,,full_frame,ball not discernible
e68262a433bafad167691e9a21dd34b4030045a3dab058364914bade2b50ff88,terra,VISIBLE,1527,451,35,37,1544.5,469.5,full_frame,held on wing
e74a40a018413a3d3fba48c4ab55f627b373f8a4dcf95d39829aec1547c6ffce,terra,VISIBLE,655,456,56,58,683.0,485.0,full_frame,large moving ball
e7911da1b2534bce30b0487316ef9452e1c59ae1f00fcb0f7245dbfe326ecb8f,terra,ABSENT,,,,,,,full_frame,full screen graphic
e79d1d6072d37b3c0407b26e0ff50b2eace06cb7f4c7d02f425c6552eb037337,terra,VISIBLE,1397,229,22,23,1408.0,240.5,full_frame,shot in flight
e848892b2b1700dc05b6c9a1b91fdb65db644b5ae13bebecf3cec627330c222f,terra,VISIBLE,1182,711,29,31,1196.5,726.5,full_frame,low dribble
e8521bf0d237ae2d37a23d606d4fd8ee568034f8d4ddedaffb50ac6e12af6533,terra,ABSENT,,,,,,,full_frame,no ball visible
e86b1958b0e933225f4d64262291b7186822cf745302bfa18fd5e63db8024f40,terra,ABSENT,,,,,,,full_frame,crowd closeup
e89b2b5cefc1ed21c6002f5f6018a90435fc8b6314b2b510344b572209197557,terra,VISIBLE,756,497,49,40,780.5,517.0,full_frame,blurred pass
e979919ec4742c9cafcd760cfe6fb091c47f5fab9a5b786c88de0cbcdd50b8ca,terra,ABSENT,,,,,,,full_frame,reporter shot
e9a686856100d65a562621af0d9f4d268d32b44ec363fd0382391c47eb41c5dd,terra,UNKNOWN,,,,,,,full_frame,ball obscured near baseline
e9fe387a041cc4240edb0ff0d05494312c538d6d83bbe50c90d275dd0f070bc0,terra,VISIBLE,1012,50,29,34,1026.5,67.0,full_frame,ball in flight
ea06480bfc22c25974338ed9ff1781cb303b367bca626fcb6b2f240f2c0cd958,terra,ABSENT,,,,,,,full_frame,transition graphic
ea21e74200df72706ee8a1d2b9f2e2008b47ca203be4b3ba260bb5a0c65006cf,terra,ABSENT,,,,,,,full_frame,bench closeup
ea2300654a31a0e8a65fc808aada10f371e953bc3ca8638b24925a48b8c699bc,terra,ABSENT,,,,,,,full_frame,player closeup
ea840f4d4a332461fa458bc0d6059c70521fdcf9b3987bbdb46e0ec78bdbf976,terra,UNKNOWN,,,,,,,full_frame,ball not discernible
eaa882f182d838e614de6785087352906fae1defe182255a4ea61825ee7eab7d,terra,VISIBLE,593,412,30,31,608.0,427.5,full_frame,player dribbling
eab3e7c6acefe8e755118d596c38beea4d00897498b9eee4877ea71cd5a0cf1d,terra,UNKNOWN,,,,,,,full_frame,ball obscured in traffic
eadfc76d8ce4b8545f7cc1af11d7a47b12aa1808a6fd0c38738fddc6c0e0541b,terra,UNKNOWN,,,,,,,full_frame,ball not discernible
eb1b380880aafbbeded4c24a2fa7343edec4c15cf79d6f9227ae44b7eb10c66a,terra,ABSENT,,,,,,,full_frame,sideline staff
eb8de85a969dce960afe18c4b0a0dd3c1e4822bf1d964c42b3ef12c875ecec93,terra,ABSENT,,,,,,,full_frame,crowd shot
eba8c3908739e03f2422929886b112ed53abc3e46b8783426aa773799cabe333,terra,VISIBLE,1492,631,33,34,1508.5,648.0,full_frame,player dribbling
ebc26084e402a1376edef7e983ef560631e47f7618866adb9cabbe895979069c,terra,ABSENT,,,,,,,full_frame,team huddle
ebc32a31ced1e32d6e8ba376d1b612da97202f7bf357e83b90af1a894966de3f,terra,ABSENT,,,,,,,full_frame,bench shot
ec8cbc20f4b79aac2bb0d4c3cf2bdd7091533677fae271bb5e46648e7ec1b55c,terra,UNKNOWN,,,,,,,full_frame,ball not discernible
ec8f5ca63a7b3c5ac9cd31fde027011333f0544f742d395269792c590fa69715,terra,VISIBLE,1306,866,64,63,1338.0,897.5,full_frame,held ball
ecc0d3be31ce62f03cad7ce52ac052f41e5b2919913d1a7ad278a77d629bfd3d,terra,ABSENT,,,,,,,full_frame,interview shot
ed005cbfedb01cdfe905a888cdc21ca3cf7044888e9e763bca3a52a5adb165d0,terra,ABSENT,,,,,,,full_frame,player closeup
ed5e6a35bf81817508284dc95ee8cf3daa1b7c2f5f0e82f5d3c62bf21594a6ac,terra,VISIBLE,935,168,29,30,949.5,183.0,full_frame,ball in flight
eda38fd4a9914e452d897b0cd3933931a958b88b7c04b1a87ccc8a3680abca70,terra,ABSENT,,,,,,,full_frame,bracket graphic
edce8ae845c0dd71d5cb5e6862086be7657d5a6aa80893adb11cbcf0205aeae7,terra,VISIBLE,144,187,200,188,244.0,281.0,full_frame,held closeup ball
ede87007754221801121d7d09be7937ced5a777f842324d4c2a35d988b4e718b,terra,ABSENT,,,,,,,full_frame,bench celebration
ee27ca49da66243ef9e51c56f1c6ed60fca7847ab05c1146a1afb2ffb65ca286,terra,UNKNOWN,,,,,,,full_frame,ball not discernible
ee311d78fabf4f142cba98e2de9aaaa13cebafcfa70c4a5a6138c67cb9f83a46,terra,VISIBLE,514,696,31,33,529.5,712.5,full_frame,player dribbling
ee74084b8982b01c306f14314a2a935e02d9350bd02bb013f770a0d86e4c2517,terra,ABSENT,,,,,,,full_frame,venue screen
ee76f9191cdbd8d5027d46596a903214dfcbc5bc2ff5f55c377abe4dc4fe6fea,terra,VISIBLE,350,355,55,53,377.5,381.5,full_frame,held ball
ee7f587678ccf2dc828eb9a25ba019d4d5c8a5180ec9842e8d794b4e88374e85,terra,VISIBLE,1350,525,29,33,1364.5,541.5,full_frame,inbound ball
ee801423da414b14e6d3486a617cf36e811a3a45f4803bb1f651b3b9969cdde6,terra,ABSENT,,,,,,,full_frame,postgame closeup
ef38a29a9b129e17b92d451bd58c4f2a471e4007f60dce883f1c0a59bfd05374,terra,VISIBLE,1269,743,34,36,1286.0,761.0,full_frame,player dribbling
ef983fcccd3ace70e36529b4b04e37276a495637ee40416fe155baedcb6ec0af,terra,ABSENT,,,,,,,full_frame,postgame closeup
f0679fbea70cd2c5b293079063810b65bf4575f16453cfcb7074ae884ea22a1b,terra,ABSENT,,,,,,,full_frame,team celebration
f15fccffca03276c1d8633ea654df2261496ddb605f7b304fe28a00fd21910fd,terra,ABSENT,,,,,,,full_frame,player interview
f183ac9e41aa49dde97766504e80649a4e977cd4b2546ee4e3f0251db1b38702,terra,VISIBLE,1094,388,67,68,1127.5,422.0,full_frame,ball in flight
f19823b78128c997d74a3851d9d97d2e9b940ccb38253de415e47fd1a5f1221b,terra,ABSENT,,,,,,,full_frame,exterior graphic
f19899cc7b14e1a2c6e036400065fa3d393c8c7958c9465d6804b2ccc40d9be1,terra,VISIBLE,398,239,131,115,463.5,296.5,full_frame,ball in flight
f1bbb0bdf8333f1191382b2de3b5f51e679b10f813345d5700fa76aab52fa52c,terra,VISIBLE,1010,596,118,112,1069.0,652.0,full_frame,held ball
f1f13c7f22edc6b5a85b51c561c3d330860100984c11e3549c877e4a32496864,terra,VISIBLE,1233,215,31,31,1248.5,230.5,full_frame,ball above rim
f22176d4659e106b0600c64471969f83b65ba199c23cdc59a3cac03465e7ad12,terra,ABSENT,,,,,,,full_frame,no ball visible
f2d1b5c0bd14d7b8d71339d751c7d1ba8f6b1258a25d88170bde089ca8af64da,terra,ABSENT,,,,,,,full_frame,crowd shot
f339d0f0f44dbdbcdb67650b1228d9d100e728a084c89de23c931bd9bf5cd103,terra,ABSENT,,,,,,,full_frame,period ended
f3b924adc1a6d43917801364b965d8c772d44f40f07dc1af4d04f1276e117fb1,terra,VISIBLE,733,438,31,30,748.5,453.0,full_frame,ball being dribbled
f43576229b16a9afa1ea528acb9a901aaea8efe61896e7b32469216a829f09e4,terra,UNKNOWN,,,,,,,full_frame,ball obscured by players
f442c7b355e0d3c2fef1eab175358a9adaa17b9512436ec645af7e227497ced1,terra,VISIBLE,430,563,35,34,447.5,580.0,full_frame,ball held by handler
f46373fc2ad21b635308b20487ddd8eab3528108af9e28b5040e89bdfeae11a3,terra,ABSENT,,,,,,,full_frame,close player shot
f4745b0656259bef203c918c65d63093e234ab37fc411cadaaf85511c6515173,terra,VISIBLE,1550,346,57,54,1578.5,373.0,full_frame,ball held for inbound
f6c38194abd9fb6f1b8100df9cee13e4012d5208a103640ec4a9fc4ac9f9eec9,terra,UNKNOWN,,,,,,,full_frame,distant object unclear
f77c3f33f4d79a6d17f1ce3e9606d7c926895abefc2ad05aade2d5b079afece5,terra,ABSENT,,,,,,,full_frame,close player shot
f7a84e2f89d654ba032b4e0be8fc07a367ff9fb403efe1993d8539412caa0567,terra,VISIBLE,1037,607,47,45,1060.5,629.5,full_frame,ball held overhead
f7d5f65f5257cf5cafa9b3fc64ddb82fae247d7f893c0d498fed2af5b08321f3,terra,VISIBLE,854,239,255,270,981.5,374.0,full_frame,close ball in hands
f7f4a82ba9cb34a726da0c9efcc079824b2e2efe3154e9aa17064bf8b52fcedb,terra,ABSENT,,,,,,,full_frame,no ball visible
f848c4f039c2958153ed931dd720f05115fbda9c9a88d7c1312dd77e218ad688,terra,VISIBLE,1139,107,147,136,1212.5,175.0,full_frame,ball held by player
f8603da6a2db0191583ad827e2d55ad117d410d0ef6050d6d8fdadba18781081,terra,ABSENT,,,,,,,full_frame,close player shot
f88f6bc5615299efee1b67762ca6c15b6dbe967d90540fe37e376579cdc7963b,terra,VISIBLE,580,571,42,40,601.0,591.0,full_frame,ball held near baseline
f8df04ea06fa81ed43ef7cb9921b715e956561135c2c08d3e6e94e3dd8aaaa40,terra,ABSENT,,,,,,,full_frame,no ball visible
f93e941cb10f14df6ca6b1e41f95ad3bfc2211288efd8c88a9e9b7c350536725,terra,VISIBLE,1160,448,83,78,1201.5,487.0,full_frame,ball held by player
f9932656ee59d5138b52ef1d5501ba9871fa2d695bd6be6de6f9aae09f730584,terra,ABSENT,,,,,,,full_frame,bench shot
f9d71135e6240b5007270a3e0cfdf4e464d9ac8c5e40802b0277773cea40aaef,terra,VISIBLE,371,808,26,27,384.0,821.5,full_frame,ball on dribble
fa1b699643c057f5d2161bb533489079bb8bb1d2ce6a119a9b8db56aad7c8b2b,terra,UNKNOWN,,,,,,,full_frame,ball not clear at border
face585feda88f8ae674ca1aef5685b9f6dd1956629900fc7f694337b0f0267b,terra,VISIBLE,523,671,34,33,540.0,687.5,full_frame,ball held near sideline
fb1b5db3afd29b4429d1c5f2e93da793e200c5c617464d3c5b86b9e2536f263f,terra,ABSENT,,,,,,,full_frame,no ball visible
fb255f6b5089f3c72bc17655b1c866e0dbd1881ece9c1d81f2089c1a53a9b97d,terra,VISIBLE,597,508,62,59,628.0,537.5,full_frame,ball in dribbler hand
fb4f91766c8e82a4627d97893f105dacc4cd5db1de5cc8ee588c973196f037bc,terra,ABSENT,,,,,,,full_frame,close player shot
fbae0d0d4b51d9aac91da33f5d839c5a7a72a8473e625847933a53b1d554ea50,terra,VISIBLE,1179,47,62,60,1210.0,77.0,full_frame,ball held overhead
fbda48df8ff799d24b5917944fc848319dd73d13fc0370366a95338347039437,terra,VISIBLE,751,343,31,31,766.5,358.5,full_frame,ball held near wing
fc7d49e94fc2feab024df67469101f3323d0a90abdd88ff258159671705f3f66,terra,ABSENT,,,,,,,full_frame,bench shot
fd56bbf0af4a1f64f0f31d8179c4a3458b00e021647460ed16bbcd57b357f688,terra,ABSENT,,,,,,,full_frame,close player shot
fd74ef3ff8775523a9726de1fd609b2296f73d66b81bce6d432f5ee1c349752b,terra,VISIBLE,1238,321,35,34,1255.5,338.0,full_frame,ball held by player
fd9b7a4304f763255a4e53ad3e1457ce205cceb1c8a42647abb97dd28af533ca,terra,VISIBLE,1100,474,30,30,1115.0,489.0,full_frame,ball in passing lane
fdb7c19c0baea25d0ad3c01a57c81665987b1ac401c8fac6ab0a5891ae4fa36c,terra,ABSENT,,,,,,,full_frame,no ball visible
fdc404d87dff0f2aa2cb8335c3b61419a04f6255496e1997c5ec3ad6a9de68b4,terra,VISIBLE,571,257,34,33,588.0,273.5,full_frame,ball held on wing
fe43ac29fa44c79f826c70d1c1d94a9e2103776c202658465ea8e521a18bbd51,terra,ABSENT,,,,,,,full_frame,close player shot
fe52609d79e5467948e775c5d106770d1bd996d87eda94f2c3a4fd1173a1372b,terra,ABSENT,,,,,,,full_frame,close player shot
fe542224de892f6b3360d9b40409e1acf7270c185087f4bd7872f14dd7f3eb90,terra,ABSENT,,,,,,,full_frame,no ball visible
fe5fa5337cc3492a681f43b6104ebe37878bcec0d6b4c11be36c0211403036af,terra,VISIBLE,1324,453,36,36,1342.0,471.0,full_frame,ball held in backcourt
ff3827e714e6175283a4ec3cdaed1d8caf9ebf2edba6382942397cb3bf4b0c68,terra,ABSENT,,,,,,,full_frame,bench shot
ff3ba7406d07c24504a647a57582436cf8b4dfa5edfa354a2144cc276f0bc48d,terra,ABSENT,,,,,,,full_frame,postgame close shot
ff4169c59f81bb3188d80864ba7eb8993ca011c8beb08d32de06952776be41f3,terra,VISIBLE,320,460,24,24,332.0,472.0,full_frame,ball by white player hands
00088f2f70b5452bebcca594720d11f344ec849cd88e8972dac6257c104f9300,terra,VISIBLE,887,558,42,45,908.0,580.5,full_frame,held above shooter
003818538c6d8a3ba39f7fcdd2e6eb3fa573e8bbbf80b8595a418344e3517374,terra,VISIBLE,927,93,23,27,938.5,106.5,full_frame,above backboard
00670bf31703357800a00f3766e011bdb63eb300b5c53c2dee37f7ae7d54ef1c,terra,VISIBLE,976,597,55,55,1003.5,624.5,full_frame,dribbling player
008404a9932fe4be71fd414f2e8300b1ceb25933d574df5871d543f77ed9fbd7,terra,VISIBLE,552,298,37,39,570.5,317.5,full_frame,held by shooter
01301367dd61f57f061177bc1000eb31942134069bad5d2cd59b7e75c7b4e077,terra,ABSENT,,,,,,,full_frame,pregame walkout
01604bfb8b2630e2f518ec1f283527939e8863fb023c814df80301aeaa948baa,terra,VISIBLE,1453,468,43,42,1474.5,489.0,full_frame,midcourt pass
01d29616002771ad3f5d29743c29f3df60b4b17bfbbf5a99d1b10c74cf7cc2df,terra,ABSENT,,,,,,,full_frame,closeup no ball
0225e903ba5721cfcac4503d77dd80f9427c51cc85af60863d645082c096aa20,terra,VISIBLE,511,624,60,61,541.0,654.5,full_frame,low dribble
025a7448186c76c1c09865db76e371474dc1b8ec2b3c26a9a934f60e8410de95,terra,ABSENT,,,,,,,full_frame,player closeup
02638c6dd88a72199c0395c8f20f419eb51517506b46cbed304de2012aaa8d9d,terra,ABSENT,,,,,,,full_frame,interview shot
0292b9f00e5358e4f47c06116eababc1f6d4e0b3b4545121f19af57cc3513639,terra,VISIBLE,623,621,82,92,664.0,667.0,full_frame,dribbling player
02b8f4143fa6c7c53db6e7c3f63d3f99e2ce1099077fbda003cfcb36afd4411b,terra,ABSENT,,,,,,,full_frame,player closeup
0330d2250898f778d2086a1538ab45f52d6eda3f9327205e2d57806437f8d769,terra,ABSENT,,,,,,,full_frame,schedule graphic
0331961bb5b734f2d7e21ddb6534673df7341d0af5b0b08c055469ae2dfd717c,terra,VISIBLE,421,455,34,39,438.0,474.5,full_frame,held by player
036e0193d5a8139e0e7b00749bb631bf2ab470841de4652898026f03bf308710,terra,VISIBLE,746,535,38,42,765.0,556.0,full_frame,dribbling player
039072cb2ff14d93c4b430ecfc4c70808319ea05475a7a8f838f8234e1631a03,terra,VISIBLE,577,80,34,35,594.0,97.5,full_frame,above basket
03999f5df54bbb47f710b05e8c4ef537de410d02c8c6499128369f07b026638b,terra,VISIBLE,749,538,34,39,766.0,557.5,full_frame,held by player
03ee5d6d130bb5946c06523eb1c6822921ab7cbaf95b7639ecba0d92f2e52883,terra,VISIBLE,1027,564,35,39,1044.5,583.5,full_frame,held by player
045553dfb1de2c282684e1c985df80d891f5d6f34772d9afcd9db9ba4c66df63,terra,ABSENT,,,,,,,full_frame,player closeup
045ee6fe119e5f8aa36b58c6b799d08ce140b1f7f60ce2d953646ab39cc575a6,terra,VISIBLE,1204,500,39,46,1223.5,523.0,full_frame,held in lane
04b79af9c7050671e61e2636905384593795b962280400a76400c4b0e5d9dd22,terra,UNKNOWN,,,,,,,full_frame,ball obscured by players
04d4f5b039d4413dac9a5b9193b26e334babe8a081cbe58c7e69924980e328b5,terra,VISIBLE,1163,529,30,35,1178.0,546.5,full_frame,held by official
04f4187da49b6aba15e9ab2840638a6905f024842e96149a2bc29128a8e8f14c,terra,VISIBLE,1624,838,57,58,1652.5,867.0,full_frame,held at sideline
05d828cb1ced0ef7033b247fdb88cb51d247813c1cc22b06beb2566981250857,terra,VISIBLE,653,586,38,40,672.0,606.0,full_frame,free throw ball
05efd0f88dfd5556c65d66320e9f5f131ef43158b687a0ce75c7e1cba988c738,terra,VISIBLE,1366,506,40,43,1386.0,527.5,full_frame,near baseline
05f3012d95d41fd64e5950c5c91b89adaab2e362d3071379be8a8a35efc56dae,terra,ABSENT,,,,,,,full_frame,bench shot
05f6393f845995ad41c88bfff04644f552405b398d14642414f04730a9b73d82,terra,ABSENT,,,,,,,full_frame,free throw setup
060beffd431727fdb26e9c315584b0a066f16623ad7dc9e21745e620511ffa6a,terra,VISIBLE,580,447,39,43,599.5,468.5,full_frame,held by shooter
06c4cb648f746f28764ce2da5fbb3b4771e8077b33dc966e688005751d63439a,terra,ABSENT,,,,,,,full_frame,rim camera no ball
0736209ccc57357b8638de6c16121d39439ba0e634f94cee0aa563f1ba5052ff,terra,ABSENT,,,,,,,full_frame,player closeup
0807dc9526652ee2cf6367bd2bae708e6155b39b42a94462af592ffaaa01ad57,terra,ABSENT,,,,,,,full_frame,crowd shot
08abef457742414120ef6577b3ddccbb024013343422ad7bfde41ee23a4cf313,terra,VISIBLE,924,461,39,43,943.5,482.5,full_frame,held for free throw
091d2019f15ad13e22606645ceb848a9e49aa36d0bff513eb6f4710f2fd220e5,terra,VISIBLE,482,374,34,36,499.0,392.0,full_frame,held by player
0926190f8ffb3bbe9159b00f62711bf6faa50303a53c0668ee2476895ef91eed,terra,ABSENT,,,,,,,full_frame,interview shot
097e98e04c7fceb8825acc43498c74a4ea06d0ca6e0fc6b6a9621c748ab368d9,terra,ABSENT,,,,,,,full_frame,bench celebration
0a27d36f33c8837fcd53a7ea8507777a620d599e096c54eca94bc1c87134b338,terra,ABSENT,,,,,,,full_frame,player closeup
0ab48a08b7362126aebb50e1787bdc9fa114084252b0d38e3fdb132678c6bf12,terra,ABSENT,,,,,,,full_frame,timeout huddle
0acc5cca56f9c05ccb9da6cb701419cfa9676b6b54528c6768fdd4828b70c84e,terra,VISIBLE,991,72,41,42,1011.5,93.0,full_frame,airborne shot
0b3c8204f6f15667324218c15221f0a15d40f2ea933c0717a8a86d91e2f5527b,terra,VISIBLE,1043,229,37,39,1061.5,248.5,full_frame,held in transition
0c356d7f019485fa69da38bf2f6ec2c4cabd0c0b602431d2e080ceecb4a8f8d2,terra,VISIBLE,395,642,39,39,414.5,661.5,full_frame,dribbling player
0cb724109b5c09e5d0df6cf0ecde27e2291ce3115a5214464ca08f1dcf5451a7,terra,UNKNOWN,,,,,,,full_frame,ball not identifiable
0d2ba648eac22051a8ab8cfc6d58f4acd4743d600cd7d81cf27886be5e7a1e4a,terra,VISIBLE,751,269,32,33,767.0,285.5,full_frame,held above shooter
0d6e5c0c7d8bd5322e4dd3964a10b4a3d6d5e71b904482ca387b5162e49f3ea6,terra,ABSENT,,,,,,,full_frame,crowd shot
0dbef4cae6ad6751f7cf83298a66bef6e77bfe5540963101a83d92eeb6124a40,terra,VISIBLE,1014,556,39,39,1033.5,575.5,full_frame,dribbled in transition
0e28bf5b05f3489a40657d5cb01ac6a82203170393cc70af22ba86b61990477d,terra,ABSENT,,,,,,,full_frame,player closeup
0e71bd724743642707a0af135aadcf3d2939569b9544e68a9de8a58fa8823256,terra,ABSENT,,,,,,,full_frame,team lineup
1040d086c38221cb0682df1ccbf787ab00ddf8c41f26e45a9b214a7212566482,terra,VISIBLE,1549,588,36,39,1567.0,607.5,full_frame,held at wing
104dccb201d499141e6d337a198d4805eba270cf9a91df96170113cfc7a389f9,terra,ABSENT,,,,,,,full_frame,player closeup
105128881d24d61dd16bfad9759f7d33ac00960c65d7b033c037f21526744d9b,terra,VISIBLE,466,451,31,32,481.5,467.0,full_frame,held near sideline
112ed4453b19cbf257ae9d93a4c0965633127ef7311469a98c06f961716493f1,terra,ABSENT,,,,,,,full_frame,dead ball closeup
11375fccfaf88284e65d64e5d142b2b4842203af2be14491d8730d7ea2b73a6f,terra,UNKNOWN,,,,,,,full_frame,ball not discernible
1142effeb3713faac70eb0fbd30283bfb0c4620e9a59c555e79c8e36f95cc024,terra,ABSENT,,,,,,,full_frame,timeout interview
11490e40048bdff582ba91dfef0f49a5d65e64e3240f2837ec3b4d697d91d1b8,terra,VISIBLE,711,538,33,34,727.5,555.0,full_frame,held by referee
12dc4d60a90efe7ae2fd2ccaf52c57ad293170b6a83dce8e056129580caf9f8a,terra,ABSENT,,,,,,,full_frame,player closeup
132a7ac772038752809499b6c9b3750b4c189d8d6e0bfadd345307b45452f171,terra,ABSENT,,,,,,,full_frame,celebration shot
138d7afc971ea791fb1a065624b46600a5ab6d1f4e8e29ecdad6bd771aeff391,terra,ABSENT,,,,,,,full_frame,dead ball closeup
139142e42c9d159d8a8fb24d669124ced9c67f1c9f21db24493cdaf84b8c35c3,terra,VISIBLE,657,445,37,35,675.5,462.5,full_frame,held at wing
13ff1900748f2486706891d974958874b20273b5a4672b254c4fcf85d8decc39,terra,VISIBLE,579,640,31,37,594.5,658.5,full_frame,dribbled at perimeter
147ccf82294bd469fee799aeabd075ad0658b6fdf11922a9c7c9da656fdbb101,terra,ABSENT,,,,,,,full_frame,player closeup
147fa3791fb1d77fcc9592d6c70f2a3773fbd9df4dc68b795387bf4852dfe67a,terra,VISIBLE,752,310,31,31,767.5,325.5,full_frame,held for shot
14b2b08253f57492c3c381dfd1a823f8e8aa95f727c617335529fd1b78ebde20,terra,VISIBLE,1184,286,53,67,1210.5,319.5,full_frame,held in traffic
154e06c69cec129fb39fa418879978049eeec120657c55cfbb52a84a3c8fe2f0,terra,ABSENT,,,,,,,full_frame,timeout huddle
155bc49efcbe441d87bdfae6564605959ed84229bf34d2c2fc6731ff14bd9b52,terra,VISIBLE,1229,332,36,35,1247.0,349.5,full_frame,at rim
159ec8146872d132315e5f3f5bccd1ba5472b1ae121958363530870db08f140f,terra,VISIBLE,1423,479,24,23,1435.0,490.5,full_frame,dribbled in transition
15fb56d6fcde748dd50a43980f4df328a83a9434e8e9c6d0a8295df5544b8a83,terra,ABSENT,,,,,,,full_frame,graphic only
160e9d732bd4600ada55b18bcc12b94b6711cdea0a91f37e11f5937a48bddc60,terra,ABSENT,,,,,,,full_frame,player closeup
1673e946bb0c2c7f469569850f01877aed0ff2673f516de08858fbe31c841700,terra,ABSENT,,,,,,,full_frame,coach interview
16daabf6c6da067d7c391469fd6abf1b2d2cf07df346d1a2503dca13738143d5,terra,VISIBLE,214,525,27,31,227.5,540.5,full_frame,dribbled at midcourt
172583873a8444b783f4fece1029dcac07d6b2640e7ed1f93c8bc87f9010f751,terra,VISIBLE,1344,274,29,31,1358.5,289.5,full_frame,above rim
1778a54bcacad278319e75544646c916d4a1695a32acdd75d145530384b822a8,terra,VISIBLE,1659,338,61,60,1689.5,368.0,full_frame,held at sideline
17def8c0cd3e7b20e1db1b98429389acf49cbfe16a4e245e8de6eadeb29cf21a,terra,VISIBLE,928,496,33,32,944.5,512.0,full_frame,ball in passing lane
17e6d839fc6bf897372105d62514a44b171717ebb5eeaad0bc854d342194b553,terra,VISIBLE,1616,557,47,42,1639.5,578.0,full_frame,held on drive
17eab81b0640afde657c6265cbd1fd7cbc12f018613b0ee46fcbe6b834ab8ccc,terra,VISIBLE,1214,323,28,38,1228.0,342.0,full_frame,at rim
18a1f4e3825cf93a15525549fa82128b22b12db2e701c009f890e2fbd9291f62,terra,ABSENT,,,,,,,full_frame,player closeup
18a514e058fa82a6051937af18936c2f8a492161619bc06ab114589e41ac13cc,terra,ABSENT,,,,,,,full_frame,bench shot
18e6b3b70ce2658dda08b4f25f8f76ce3fdebda60ea46078a988a6a5df429d44,terra,VISIBLE,1205,369,37,39,1223.5,388.5,full_frame,held under basket
19a8b5d543844701d76c7584d93e4ee4c851a0cb87a226ac803e71a53372dfa9,terra,ABSENT,,,,,,,full_frame,dead ball players
1aa34231797bc6772c1bdf1cd1e0a277e103f9883952332c0fa4ff5e7497536a,terra,VISIBLE,574,89,52,50,600.0,114.0,full_frame,ball in flight
1aade590ac7db30875e2c6929f889821039e9c3d87bc241c9e75624ba8048a8b,terra,ABSENT,,,,,,,full_frame,bench reaction
1b295a87874298ae201d4cfe5ee4e545bb47e4bcf5cc4b7b049f66b7ee01873a,terra,UNKNOWN,,,,,,,full_frame,ball not discernible
1b60205b44f22923d9a546bfdeb2f299450fabfe6f936490e60b7ce3317d249e,terra,UNKNOWN,,,,,,,full_frame,ball obscured in paint
1bd46fb1547090b1bbe4da8f34cb9c4f516cac3978d13855d04fbeb27117d43d,terra,VISIBLE,1104,245,31,29,1119.5,259.5,full_frame,ball above rim
1bda1144f13c51902e27b29c0faae8004ed3bbb1523d6c124423f30dbb44a0c5,terra,VISIBLE,481,519,46,45,504.0,541.5,full_frame,ball held at hip
1c2fb1bc86296994ed46fe1e0f60706386d329c3b6b4cc415af0efbe7440922e,terra,VISIBLE,1140,93,35,34,1157.5,110.0,full_frame,ball above backboard
1c53069b32d7d144f1093a18e94ced4e54d2a06af9dcb3cb296bde833ee1dd8a,terra,ABSENT,,,,,,,full_frame,player introduction shot
1c8b42e646cb97ed346f4802fadf1988adc137bcaf843ea8ea632b8a07aaf725,terra,VISIBLE,365,351,42,39,386.0,370.5,full_frame,ball held on wing
1cfcbb1e9d8f130372ac02126672f6af28d02f07a568563e4afe45e84f17b52a,terra,UNKNOWN,,,,,,,full_frame,ball hidden by dribbler
1db0b68cc5e5ee4554a980aa07ae75ea807d3cf10ca58965197ad12c86307f0e,terra,ABSENT,,,,,,,full_frame,bench closeup
1e2a891efe606a5404d0caf2589792e40404fb1e5ffc847aff9040383110adcb,terra,UNKNOWN,,,,,,,full_frame,ball obscured at baseline
1e330a843b83c748067d8c25a60f83f946cb709438b8671c09cdf84a3b7b5cf6,terra,ABSENT,,,,,,,full_frame,official closeup
1e37dbc9ff10abc234165e3f925fba54d99a35f7824171685aadafd30333660b,terra,UNKNOWN,,,,,,,full_frame,ball not discernible in action
1e63d1a8e8ddc1a2af1e39236a50aebb69dd25aa2209cbd68db06324a550ad45,terra,UNKNOWN,,,,,,,full_frame,ball obscured under basket
1fafec2c985200986e1739e650e91ad59aa773f9fd0ea50d95327df09a4ddc39,terra,VISIBLE,403,290,33,31,419.5,305.5,full_frame,ball held by official
1ff7ac29819c556ed865ec550e519b07899dc8e5265608f100b40f0c5988ad66,terra,ABSENT,,,,,,,full_frame,player closeup
20c7cbb969b611d2cc3c321ea90034970a6a170e3b191feddb03f41dc572bb45,terra,VISIBLE,251,627,48,44,275.0,649.0,full_frame,ball controlled near sideline
20ea26903294e40b4c13c060e70bc0d662f403b4cc854b61116d71acc8f86ef7,terra,VISIBLE,979,385,36,37,997.0,403.5,full_frame,ball in flight
210193738364654024a1d752d22e847abee17520168793df7eb94a373805c7f4,terra,ABSENT,,,,,,,full_frame,pre game ceremony
211fa10e2341460440db8ae4572be85ef1ad51365304cb18458cf4ddb8572c25,terra,VISIBLE,1691,547,54,47,1718.0,570.5,full_frame,ball held at sideline
2129587167703b7b73a2258a779fce802f276efc0bd35206e19f918c72aa30a5,terra,VISIBLE,973,384,39,37,992.5,402.5,full_frame,ball in flight
2151cd3a6bba8b1cb513834fda63c8d75a4d914f3be663c569193ed44a0bd2c2,terra,ABSENT,,,,,,,full_frame,player closeup
2196e69d0c916df286e836ee1448f6a5c22d8a855786e3497cc489d13aa1b850,terra,VISIBLE,1146,579,52,48,1172.0,603.0,full_frame,ball at players hands
22189c790cbe2954f2aba95c4e30fbe7b0d71577923fa92c3513ae19d33a76d6,terra,ABSENT,,,,,,,full_frame,player confrontation closeup
223e2f513ec484e888affd944d9971f14638ab109c98c4cfa7701597a41a69e3,terra,ABSENT,,,,,,,full_frame,crowd closeup
22ad77b6ab07710801d256744d791c4c776b1e13d18bc72ac9de4f6d3f7ec1b1,terra,ABSENT,,,,,,,full_frame,crowd closeup
22c28f55c3efe6b0f206f20d8aa2336d8ea3506057151d8a344dcba758005f36,terra,ABSENT,,,,,,,full_frame,player closeup
22e98406f7f0f899d6465019599dd6680c6a8736673ddfe06e251525ad697f69,terra,VISIBLE,430,344,43,40,451.5,364.0,full_frame,ball in pass
22f94007fe87d43066ce590c24226f25bb44b8f63d8fc016ccff35f04ee17d10,terra,ABSENT,,,,,,,full_frame,pre game ceremony
22fde2ad8dae19fe11bd842cdc77fa0f4dbe70df814483f6ccd4bf1d3d0aec7a,terra,ABSENT,,,,,,,full_frame,coach interview
230132ff8c1244b0183d12cc3faeceef7416928085664c20b1954162ff1f88f7,terra,ABSENT,,,,,,,full_frame,crowd closeup
2309e67fdc71bfdddf3d319748817c69c0bdcdf18d962791500928e731a3dc9a,terra,VISIBLE,717,343,40,39,737.0,362.5,full_frame,ball in pass
242719c5fbdd1093c0a3258539ca89b183613396a020e9fb57377e9911cf751f,terra,VISIBLE,627,660,37,39,645.5,679.5,full_frame,ball dribbling
26c23880e4b88d8afcb2ef1d2a98b59936edf4b59fd6a8fd502ca371ca1febd5,terra,ABSENT,,,,,,,full_frame,player huddle closeup
26c27cbb31f84f96a5da3482aa015dd0e9f8d48597ff7a0c27467f74ab25bba9,terra,UNKNOWN,,,,,,,full_frame,ball not discernible in play
26e4e8a6a82a9f29fe40f8eae8b54936b08e64d386cac1689fbc9337e3792b77,terra,ABSENT,,,,,,,full_frame,schedule graphic
272146cdabd84db38e62b179407344f2a021d62649e61591d52e5690eee717f1,terra,ABSENT,,,,,,,full_frame,bench closeup
275d6449cc1fb4f57b4867386d12d12b9da443cfb0439c905585976ef9c580c9,terra,ABSENT,,,,,,,full_frame,team bench shot
284ddc4f03adef0f3046de6b94ee9c8476ef876769f72d98b06bc03a13e6d085,terra,VISIBLE,689,520,43,40,710.5,540.0,full_frame,ball held by official
2907518c14b187e352f9ecd8c7e8724c263e2df27e9cae75731b594f31ef1d5b,terra,UNKNOWN,,,,,,,full_frame,ball obscured by players
290c6cea365404bae102a2f78e22a9b4d107c09e87493de858c7ba03b45c4480,terra,VISIBLE,302,346,46,43,325.0,367.5,full_frame,ball held near sideline
290f7b67972e672fe1a0a0b2cc4f6ab788add9e028e3a949aee479a66bca4dee,terra,VISIBLE,386,635,49,48,410.5,659.0,full_frame,ball held by player
29b9cba3a83ede1f65080a285f78bde553bef3853d5b39f4c259886d500384c3,terra,UNKNOWN,,,,,,,full_frame,sideline ball not discernible
29ccca429264302ed21a7332229f6c74423ce51fba86305c3e803e49aa6a4bf5,terra,ABSENT,,,,,,,full_frame,interview shot
2b468df5ce6c86aa325c22dfed9bdc49baa92d9d2ebc10c1cd897cd35690f1f8,terra,ABSENT,,,,,,,full_frame,pregame arena view
2b6e49e2f950178f74349cb185aaf579c151d5a3d640232cdba6ec8a872be2d4,terra,VISIBLE,1583,581,29,37,1597.5,599.5,full_frame,ball at driving player
2b8b1770bc1d032f7111321af2897e9169ba90cd297b3a3d9325b8293832e931,terra,VISIBLE,617,394,38,39,636.0,413.5,full_frame,ball held near chest
2bc7de97f2df859121e943dd70dad64e0642761ad877bc2f0b33f064bd2ddb51,terra,ABSENT,,,,,,,full_frame,summary graphic
2bd9356baea49aedbf8ccf0e88764ae5315bbbfe1ca4fe15e8ec3c40a0107634,terra,VISIBLE,1305,401,31,35,1320.5,418.5,full_frame,ball held by guard
2bf155503c1a167d6525f3f596785a9b2441fba1352638b5476522e5f150aad3,terra,VISIBLE,608,402,35,37,625.5,420.5,full_frame,ball at shooter
2c33de198f97a0df8296f52e64f4764ad67119714571851d2303a78d708290af,terra,ABSENT,,,,,,,full_frame,player closeup
2cd5dcb7179ba8fdfa77efceb8492c5dfed9b90086d10eb9cd4fabd479f65722,terra,VISIBLE,372,435,28,32,386.0,451.0,full_frame,ball dribbled by guard
2dcc6abe144f2a9401fbb721f34f3721d5d398c89a6eea9f106493bc332b36b4,terra,UNKNOWN,,,,,,,full_frame,motion blur obscures ball
2e0b72280994946d59aa37cb37eef81a89e3ead8e763fa672bdb82177d6e7810,terra,ABSENT,,,,,,,full_frame,ball not in view
2ea774f6f5552f26ea8f6f959b28362e546e7efe8c6fe3b370680c44919ae654,terra,VISIBLE,560,747,31,31,575.5,762.5,full_frame,ball at dribbler
2ef4bdd29f00ecd8d971dba306283cd02bd5eabaca349adf8fadf19a44d3d72b,terra,VISIBLE,872,531,45,43,894.5,552.5,full_frame,ball carried in transition
2f24e5cd62fabfd2ed1e1c05d0a6336ae09f0f80086bc670f87759a165a87d9d,terra,VISIBLE,902,503,29,30,916.5,518.0,full_frame,ball in player hands
30dda507fcc2eb9afcb3964d7fbcce2317cc49421b1623d26ca2bd59efd08a7e,terra,VISIBLE,787,462,59,59,816.5,491.5,full_frame,ball held by player
315d330ad2e84f970593f55b624cb724c72a9887311c205623918ffcb5b3bf27,terra,ABSENT,,,,,,,full_frame,player closeup
3165e55916cea74c57ac4c0a9bdc9bd708c8f0f7fa25e8a193ca6faa9db76de6,terra,VISIBLE,980,670,57,57,1008.5,698.5,full_frame,ball being dribbled
317d256f149e36248a493d318c6b59a1437930a24a0954ea952f893a423e01d7,terra,ABSENT,,,,,,,full_frame,bench reaction
31a9cdbd790d4ab540ede04b1b95980eabb8d5ef0c07c6618cd4f39bd76f7d85,terra,VISIBLE,1463,423,31,32,1478.5,439.0,full_frame,ball being dribbled
31cff4ab45240ffbc4aabf30af3919bdc3fb3e1e576ee653ac79a598fa43cc34,terra,VISIBLE,650,465,197,179,748.5,554.5,full_frame,ball held by referee
3254de6fde5024f61e8505fb0a185b0fb526b5b6c80568ffdb6aa07e9c809164,terra,VISIBLE,555,642,43,42,576.5,663.0,full_frame,ball held before free throw
3278c817c1812b66e6fc6802d4a90402611d71a6cc3cbd145a3881f521ccc5a1,terra,ABSENT,,,,,,,full_frame,ball not in view
334a7a34aa92319986cb62eb0d8a29373fae24c1a5a7f2996d92f7c715a47b67,terra,VISIBLE,391,673,38,39,410.0,692.5,full_frame,ball held by player
337dffa84db68e917d9f0ced9c72c7650a3db8eee3fe55c0038651887b1ac28b,terra,ABSENT,,,,,,,full_frame,dead ball sideline shot
33dbd104f0a73329c1c73af8b184788d76676b73fef93b514d545b18bc2d7741,terra,VISIBLE,721,300,36,38,739.0,319.0,full_frame,ball held by shooter
33dc23e5492f0b49d19cb87f93aeff6e83e1fa811076128357352f6835141c6e,terra,VISIBLE,563,347,37,38,581.5,366.0,full_frame,ball held by player
33eb0e7de74f3a78beb15afce8026676fc78705cead13fc362192b505e8db36b,terra,UNKNOWN,,,,,,,full_frame,ball obscured in action
34e078170dd86fea4833478ded5958f46cc0028b71a0539ee011d4a12c8efb07,terra,ABSENT,,,,,,,full_frame,full screen graphic
34f5ff54a594e23930cb5188ff48a571f56df5ed74a70381f06435bcc2d5e7a0,terra,ABSENT,,,,,,,full_frame,postgame sideline shot
35f276b00a439ed1eea2aa8645aaf8755130076546540f2c2141ee7340cb32f3,terra,ABSENT,,,,,,,full_frame,bracket graphic
36532f71366e5a2dc0f1a1c065a989f8baf353045b2b8ae885c374fec1e9c8e7,terra,VISIBLE,932,188,28,25,946.0,200.5,full_frame,above rim
3694bb364dbfbdd345180bcf7ec694ed97d311f34bfbf7316cd2207215a527bc,terra,VISIBLE,1456,351,30,28,1471.0,365.0,full_frame,held for inbound
36dba72e87b9ca0a9772c0d3dcea9ec3f8bfc905fca90e3ee39e19b3d68855e0,terra,ABSENT,,,,,,,full_frame,bench celebration
36e8869c1ef71cec644421bbed676a4e2bc133ea38500b164dc755d52a85d658,terra,VISIBLE,880,710,25,24,892.5,722.0,full_frame,dribbled low
36f0eda8c93c7ff2831662d4a89d0c3764d530942025a31227300a9127c2aab9,terra,VISIBLE,766,565,25,23,778.5,576.5,full_frame,held over head
37ddcd54a212f5bd44c9297f951790baca7a60ce93caadff8f02033328388aff,terra,ABSENT,,,,,,,full_frame,postgame players
37ee688042c8248578268f968f4d5d8d1caa2730366d4551c0307d93254079d0,terra,VISIBLE,1773,334,35,35,1790.5,351.5,full_frame,held at right border
383b142a1be68bb5e8312a29b9c99fb1cdb479809b6acfeb03726e622afec6da,terra,VISIBLE,1078,174,22,21,1089.0,184.5,full_frame,airborne shot
384c23bc3d0b528969688110bfa4cc05e3d733e5a39b9a86324c60f55a53d682,terra,VISIBLE,1153,281,234,254,1270.0,408.0,full_frame,closeup ball
3864d1ca30ded08cdcf04b94b7e4137f4a5ff3bb1a5dd4bbcbbe7038d7e49989,terra,ABSENT,,,,,,,full_frame,player introductions
3896f57a5bd1667fcc6c93327347c3d0b9f7f1366c471362499853464b2d44a7,terra,VISIBLE,1007,407,26,25,1020.0,419.5,full_frame,below basket
38c098db1bc3f3c5f71a4eb7c3c8bdc3760bc5f32fc28c216b8fcff5f250c1f8,terra,ABSENT,,,,,,,full_frame,bench closeup
394f46686bc97ad1945fefa8ec8f48f74ce24cbc08bc18cf7e3bf02c9b65475c,terra,VISIBLE,1768,445,22,22,1779.0,456.0,full_frame,dribbled right side
39b13d9316e05aa162168010bc88eea8d6a9318faf9416821db1b579950b6c5f,terra,VISIBLE,881,296,31,29,896.5,310.5,full_frame,contested shot
39c210c1f166a373abb750fe5d06199a4782e395b68b3a57a65441b1a7c54a5c,terra,VISIBLE,1139,650,25,24,1151.5,662.0,full_frame,held by shooter
3a31d8836b19581181d5ea0bf18e89a0fc42b01f7df725eeb8903baac1c22d0e,terra,VISIBLE,1326,668,23,23,1337.5,679.5,full_frame,held at midcourt
3aaaf6bfdbfbeb595e0da7896cb956ab3379d33ec96fb5d0c00dc7d0a3561b98,terra,ABSENT,,,,,,,full_frame,player closeup
3ae0fff0a317153afef93c383efcc1b40c3b37f53b32a6fef0ca3954cc687fbb,terra,VISIBLE,846,280,19,19,855.5,289.5,full_frame,airborne pass
3af5576f26bd0ef1f3cab956e7bf349f5d8f6f61570fbb02c1ca69ebdbd8aab6,terra,VISIBLE,1169,621,31,30,1184.5,636.0,full_frame,on the paint
3b21a9c341ad55473c99f0960d21c190b064d6cf8d801844ba2add045bf0fbd3,terra,ABSENT,,,,,,,full_frame,bench shot
3b6b6d1f9ef928d8fe43ae8f3359b8c6aa5c52f136d29556d96c12ed531ecaa0,terra,VISIBLE,477,740,31,29,492.5,754.5,full_frame,dribbled left wing
3ba99903fb7cae0ff0489953252e89d6c609ffaf3c610876c0abf2204a1263ad,terra,VISIBLE,536,700,29,28,550.5,714.0,full_frame,dribbled left wing
3c5a0b1d845314489bee6450f7087c68ffab706d8c5af7cda3ecf1ce1cb15a46,terra,ABSENT,,,,,,,full_frame,player closeup
3c5e603d0fe97cc0671851cde0bf87449d2557e79859d5206a985af840a19ce5,terra,ABSENT,,,,,,,full_frame,team bench
3c8c0a44838309207cf22158cbb7e9914cc67e24114ec6a0f28a9dda882fcdfd,terra,VISIBLE,537,523,28,28,551.0,537.0,full_frame,held near baseline
3d4891ca3f32702ffa095d3de82a1d88937a97847eeceaf8df020f9493b687d6,terra,VISIBLE,700,558,50,39,725.0,577.5,full_frame,passed ball
3d5318d0d17c46655c5510847dddb32433691623b4f59c53f79a3e9ded650d95,terra,VISIBLE,1647,505,95,92,1694.5,551.0,full_frame,held close right
3e620388667ced3da35a08b5264d4073b8753befd01602c3255790b1754f4973,terra,VISIBLE,484,607,30,29,499.0,621.5,full_frame,dribbled at midcourt
3e6c6f7d3eaacef6721f5a337e4abd015b285c691eca8aadf40e3f4a235335d3,terra,ABSENT,,,,,,,full_frame,bracket graphic
3eb2c9bd0862a6d1db8476adf4a1b3d4cc36a4281c1be2dae96a4c6769454461,terra,VISIBLE,1655,500,29,28,1669.5,514.0,full_frame,held on right wing
3eee052b569c9155ef892384c85a79a904c74d7e5e3facf260962fd1f80dcfdb,terra,VISIBLE,270,533,29,28,284.5,547.0,full_frame,held on baseline
3effc13f214246e4432b1cb266d56a3cc6a2d5809e772afdc058aa89de73d002,terra,VISIBLE,925,631,34,34,942.0,648.0,full_frame,ball by dribbler
3fd76abf74a51b2d2a0cfd6d11f6a3ccd4fecede082283fab4c652398a73c3c5,terra,VISIBLE,1672,613,42,42,1693.0,634.0,full_frame,ball at dribbler
3ff2c2140c264bc6a70a18d23564d6b9a101fc9a87ee698d3c27a57683f6dd73,terra,ABSENT,,,,,,,full_frame,player closeup
402913e44b2127d79e2947a075141c7a6bdedfd5579548605d4e64b7f59d5094,terra,VISIBLE,872,354,154,154,949.0,431.0,full_frame,ball held close
4056ca6a554c06bfd8111545a9731925845a735dc0b7c7ac7873b2d8503c9091,terra,ABSENT,,,,,,,full_frame,arena screen view
405f6ff09dd4cde149dcc93bf1a9fa543ddc1e955e6ab3abbd23f301b45a62a1,terra,ABSENT,,,,,,,full_frame,player closeup
408efc38c7d543ce0eeade31cf43247c2562e14d5f184813bf56acef94f91e1a,terra,VISIBLE,1534,465,24,24,1546.0,477.0,full_frame,ball near passer
40b58bc1baea2aa9217c8f0a94e9b8791297115d1380773acee2bc12cf37d0fc,terra,UNKNOWN,,,,,,,full_frame,ball obscured by player
40d21f159f276042090998e1da593784716b187355254bc47f46d31a3253f2da,terra,VISIBLE,1608,542,36,36,1626.0,560.0,full_frame,ball at shooter
4113b53db47602bdf560056315eb3af78164e2f93090bed0f6035c9f8635cdac,terra,ABSENT,,,,,,,full_frame,crowd celebration
4176dd6ad3b7763cca0f3eee0b4344e15d8f031ec8ffdc164f6d7374d274ddfa,terra,ABSENT,,,,,,,full_frame,postgame interview
41885d9338ca9a2f21ec6db992ea88ca27cfd32a539badf45cb488e96d153a17,terra,ABSENT,,,,,,,full_frame,sideline staff
41b459271db851cf2c861263ac11e2e52bbeeb648a592f1ea404c58cbb6536e5,terra,VISIBLE,1377,566,31,31,1392.5,581.5,full_frame,ball at dribbler
41c64faa79ad331fe08f9a5aa350bd0ece5d41ece11c76ac01cac1a881296020,terra,ABSENT,,,,,,,full_frame,player closeup
41db742b731cd15a4b52f7bdf10545934e14092c015c8ccfdd223b0cf7085b86,terra,VISIBLE,718,505,30,30,733.0,520.0,full_frame,ball at ballhandler
424211bdf26aa550870d00f7bb1e8cfcd06c21dab0354f1db14e382cb9541bf7,terra,VISIBLE,1221,432,27,27,1234.5,445.5,full_frame,ball by rim
427befa9c7545871f55642f08b37075bbd2ba9bfab766fad599da3fd11f6c70a,terra,ABSENT,,,,,,,full_frame,player closeup
428a37d10f3e3351827523edcebbae3eb15f459cd1130070961da8ec691bcc03,terra,ABSENT,,,,,,,full_frame,pregame lineup
42a2541be991b0049a38b68ec8f1ac28501c950793e300803a11c820ee027eca,terra,ABSENT,,,,,,,full_frame,bench closeup
43496eca6554de9c7ffe955aec32eddf7afe10dcf104cff133da539db317fe90,terra,VISIBLE,824,382,38,38,843.0,401.0,full_frame,ball held in lane
436f86d45e207327712423fe39b43d306e74c5580bba4fc859f2115a86adf977,terra,UNKNOWN,,,,,,,full_frame,ball above frame
43838ce60bcdc53c1a4f6c05824c67bf1e80831100bc569c8e29790ddcf94bf6,terra,ABSENT,,,,,,,full_frame,team huddle
441473eea62061e77f4daca047f9f757aaad339078fa2f73b3faa5300b7b1040,terra,ABSENT,,,,,,,full_frame,sideline closeup
4433c39d5da92ee7786f63058d6b00c2a3e84671fae8797514e15e39e9d1b8c3,terra,VISIBLE,747,175,87,87,790.5,218.5,full_frame,ball held overhead
445e5f195edf4007ddcfb0ab6b008e2bf83fe6fc22c56f21f45000cbf27b557c,terra,ABSENT,,,,,,,full_frame,bench view
4473aedf8e96a8cbf91702640ea4d9ee124fb8c1750c503e1b627cb211dbde09,terra,VISIBLE,567,616,31,31,582.5,631.5,full_frame,ball at dribbler
44bf0619ae02ca31c3364d9dd7395594714817101afb7e07b5030a30af24b984,terra,UNKNOWN,,,,,,,full_frame,graphic blocks court
44c5afc97e5bc535fedb3ffcf6371ebae4f670bac4b6e250e40dc5d2f4dc97e5,terra,VISIBLE,531,378,30,30,546.0,393.0,full_frame,ball at ballhandler
453686d20144ab5ca65bdeffdd9f95ae2cde4e1cb321bfdfad4837b65885c927,terra,VISIBLE,400,596,35,35,417.5,613.5,full_frame,ball held on wing
45ffd4dd7b7ff050ea887f71edaad39ce5329ffd370d37e175aef1f42565417c,terra,UNKNOWN,,,,,,,full_frame,ball not visible near hoop
4611c69c32f611af37909a8fb2aacbfd5c58d331e9877c62b69024298b5b8c80,terra,UNKNOWN,,,,,,,full_frame,ball obscured in play
46502ecc1535e1fbd37190885c8e165e53a7fdb574fc3878bf6b2a688eedfd98,terra,VISIBLE,1415,680,78,78,1454.0,719.0,full_frame,ball at dribbler
46dde8e433b5c3028ebeef71d2669bbfb6425dc6de9dc6ac2eb0622d418dc48a,terra,VISIBLE,343,426,34,34,360.0,443.0,full_frame,ball inbounding
4744fa7555650701b590b615e3f20ef303d8455f51fb43e22b0f4a64ab771d28,terra,UNKNOWN,,,,,,,full_frame,ball partly off frame
47a78af1a77e66e5517464a4c6c3b2a9c2089445140945874d28d17c1005a4f1,terra,VISIBLE,889,487,34,34,906.0,504.0,full_frame,ball held in lane
47a7d4a4ad1d01b7fdb65cb84e77a61fd77bb033887106b8eb65f8d752dfb857,terra,ABSENT,,,,,,,full_frame,crowd shot
47ae619aa0c3d592c1b644717ecb11b527b49febe471a78d5c61b4f0b501ce34,terra,ABSENT,,,,,,,full_frame,player closeup
4842b3130b2beffbcdee70274e2208821cd3a99e86ef16fd261835d3804bbfda,terra,VISIBLE,294,362,32,32,310.0,378.0,full_frame,ball at dribbler
485e4097b5822df2e42c8f0e7532977e39f7f0ae533d3b9eb91798ba30742ce2,terra,ABSENT,,,,,,,full_frame,player closeup
48677dce980b2ebefe4f6e89934dff13249dff41ecc700a91cd6cc5c3b7212ff,terra,ABSENT,,,,,,,full_frame,bench closeup
4889cdbaf5f0bfd4d8604fc02c8283283f60e7074fe90ded3d571cc87f953139,terra,ABSENT,,,,,,,full_frame,player closeup no ball
49341414e11fe056a26aeb57fd4e2b23f0fcfa2e6782e7140ee89adda72ec608,terra,VISIBLE,1195,276,26,27,1208.0,289.5,full_frame,ball at rim
494ea1aa0b7e7830b8774347564901470f8b7d9f0618ddc7eb7c183dc8d7f9eb,terra,ABSENT,,,,,,,full_frame,broadcast graphic only
496b17f368a9e490d9a203531fb0a5239d30c2f863d7b5a0c8755e88d9f19c17,terra,VISIBLE,542,510,26,28,555.0,524.0,full_frame,ball by dribbler
49ebeb1b5fcd0c75034c9ab69c14996a774984edb2c435b960b081e9008506d0,terra,ABSENT,,,,,,,full_frame,player closeup no ball
4a560b4a53ad369904dea201e1072393c307935cf894fdf4fd91c1d0de62aed5,terra,VISIBLE,240,465,38,38,259.0,484.0,full_frame,ball held left wing
4a79394de1008de39022377bc070c95e09bc8cc08951c03a9460bc204cad258f,terra,VISIBLE,370,470,34,34,387.0,487.0,full_frame,ball held by guard
4b5db2fd82710237185c31dc8d3ba8e3fec207d4f12724c67ad4d188b9665b4c,terra,VISIBLE,1030,692,34,34,1047.0,709.0,full_frame,ball in front of player
4b645300c393f19e5e4a8259b8a76aa75540ec833156eec3580b6ac7e0cd2a3d,terra,VISIBLE,563,423,40,40,583.0,443.0,full_frame,ball held by passer
4baeba87f53960d449dba97cf041af8bf6ad4291c1997a43cc410a673364e98e,terra,VISIBLE,1391,550,34,34,1408.0,567.0,full_frame,ball held on right
4cef1965dc2a8cccdd6f06998b0c891ff48bd3f1ad989123c25442fa989e7a56,terra,ABSENT,,,,,,,full_frame,players between plays
4d0ca1a50dcaddd48d69b4d55d1f2ad5083270177e76bd2b9e5964df7546dc48,terra,VISIBLE,787,263,27,26,800.5,276.0,full_frame,ball above shooter
4d3fe0a8562ef869ac077c83929ad4ad7ba7b3606f35ea7f7bc76be8e32e1477,terra,ABSENT,,,,,,,full_frame,bench closeup no ball
4d6bb9251d880b966cf02434b9eb7e8779c3407ff54612b00797cc889392829f,terra,ABSENT,,,,,,,full_frame,player closeup no ball
4de1c405885f132d8c5747f9b392d626708dfe6306316130cb3da21aada3db45,terra,ABSENT,,,,,,,full_frame,broadcast graphic only
4de347374550fe4402db8a34451e18d2d9710adbb0730a251438c30d97ec89d2,terra,VISIBLE,45,505,53,49,71.5,529.5,full_frame,ball at left border
4eec503af9ec7f77d51a259288512e01cb2f71d296c931c3221890de2cdda0d6,terra,ABSENT,,,,,,,full_frame,player closeup no ball
4f10c0f51393691796485aa97e1ceec04d1202f2d970059a84f2c02c95ce13bb,terra,VISIBLE,1266,619,39,44,1285.5,641.0,full_frame,ball at free throw
4f882f1e1b083aa8a26dcdcef7edd0df5bf80a343ee79bd16e13cb12237a3f99,terra,VISIBLE,1588,544,31,36,1603.5,562.0,full_frame,ball held near sideline
4fa015dcb42c41266b334822735652e11af194fd48e56d6fec58dabd6161ebe9,terra,VISIBLE,1472,620,35,38,1489.5,639.0,full_frame,ball at shooter
505346cd0c51baffc068e89c64a82ec028cca507bff84f09db3bc0f5032bfe5c,terra,ABSENT,,,,,,,full_frame,crowd closeup no ball
50a748002cec335dfa43ca6d723e400db08da0e9df4b4ab8854a846126d341ac,terra,ABSENT,,,,,,,full_frame,crowd closeup no ball
50dce783ae7ae345214a010555d5d9d0b30790d484a84d0595c999a45c11eb09,terra,ABSENT,,,,,,,full_frame,coach closeup no ball
50e1249eaad66208d52c08d96dafeef6efb0778b4b91a9977a18d722b1ca3c14,terra,VISIBLE,1064,431,36,35,1082.0,448.5,full_frame,ball by dribbler
5150b181f4b2d2697df068aaa52acbc5044f3797a0c2e6ba52f984b219cde1ee,terra,VISIBLE,1172,490,37,40,1190.5,510.0,full_frame,ball held near baseline
526cb2d97693555a47823c5a92253f8661596cbedbc6f62753dd5b025f6a5f29,terra,ABSENT,,,,,,,full_frame,official review no ball
529d9ff7571fca0545c7df164117c1f45a8b6c6f56fdb196798707877639a686,terra,ABSENT,,,,,,,full_frame,bench closeup no ball
52bf5ee4997d267f0dda861eb1a58401d5b87ee8fd6bcd27e6d15624377469c8,terra,VISIBLE,868,367,25,26,880.5,380.0,full_frame,ball in transition
53dbf0f11ab23f4b2433ec13e1e720236f1c1360d356f75d66f209b5b11d5129,terra,ABSENT,,,,,,,full_frame,player closeup no ball
544535309fc9c57266af20adddfeeb74dcbcbf61f17e17037e3e4537e3d7bc6e,terra,VISIBLE,953,465,38,39,972.0,484.5,full_frame,ball held in lane
55390fa05f2076b45fd19050207232f8a5313a587f9c21111e3d61cb4a1fc7df,terra,VISIBLE,390,246,30,31,405.0,261.5,full_frame,ball above shooter
57203e476711e545033caf6a188710e92015c86527866b5d777ac08ae6dd3889,terra,ABSENT,,,,,,,full_frame,transition graphic only
574d6547a63a7841295dedbe3076a6e217b5d63306a6168379ba17db4699b20f,terra,UNKNOWN,,,,,,,full_frame,ball not distinguishable
57bd610284b1c9c46b2d17e88d08f98056d3081a9aa81ad30bfa3405d76c7f01,terra,VISIBLE,554,577,42,41,575.0,597.5,full_frame,ball held on wing
581caeef18eba2a2e9479409135d2d047de4c69d0566bea5e34f478e06ed1c2c,terra,VISIBLE,1491,668,40,42,1511.0,689.0,full_frame,ball held at baseline
582edf9bf2107782543d4f8a5885620f78d829e419ae726379d51ca14a16326c,terra,VISIBLE,1018,175,39,40,1037.5,195.0,full_frame,ball held overhead
586f43f02e6722a56069b594d137e4b6dd2e1f8bc14bdd6d597df107dc2ee809,terra,ABSENT,,,,,,,full_frame,mascot shot no ball
590883b213c756d582bbf34b1b18cd1dee4947100f04718bffbc48dad712e726,terra,ABSENT,,,,,,,full_frame,coach closeup no ball
5a7a00430493c186a8dd1495e8f8b39a1005cbbf6f4c49b30fc673938dd2d4e6,terra,ABSENT,,,,,,,full_frame,player closeup no ball
5b140d01ac36b802a9ca62cfb5c9ae0bd0dcb47d5b787589bdf9b95a066bb855,terra,VISIBLE,1125,462,32,34,1141.0,479.0,full_frame,ball held in post
5b3f031bd683710163c8f8791e0f4970a3b0fee37d2d3638014bd1c38003b944,terra,VISIBLE,1195,690,225,225,1307.5,802.5,full_frame,held close to camera
5b626c0e20cc4abe0d2b3e6f60efd2fa9a5f36a130ef4cec1060b76ddf06b5dc,terra,VISIBLE,1475,405,32,32,1491.0,421.0,full_frame,held on right wing
5bb6f4b7699ccadfd90897ca8fb1fd8f352e95e37f54e9d58a8304be2b19aa9f,terra,VISIBLE,815,555,28,28,829.0,569.0,full_frame,dribbled by black player
5be508986662bcfe2098cb9e9617b76effbd2a8c7db75929b6ab5fdfeb389afb,terra,VISIBLE,165,650,28,28,179.0,664.0,full_frame,dribbled near left sideline
5cef26d811dec7c7c727c2e65de49d701ef8e637fe11a72ded88a58b5513f8f2,terra,ABSENT,,,,,,,full_frame,closeup without ball
5d03fad32d3076a2ba9e2c6080fef49b8126f67e979226a114dc87a8d38827bc,terra,VISIBLE,728,527,38,38,747.0,546.0,full_frame,held by red player
5d8f03c82ec2c3e052f09d92acef360bd7cb11e7c598003f19c43e03f0c82f55,terra,ABSENT,,,,,,,full_frame,postgame scene without ball
5df1a11c1e666bc1ef3dcbb12daf787b895593d5140c5326467ba70b2d7f46d5,terra,VISIBLE,337,468,24,24,349.0,480.0,full_frame,held by white guard
5dfdfdc86a2754f8a7b74c5b3ea4a0d4169ba9000b020970f8a230df0cb347c6,terra,VISIBLE,958,326,38,38,977.0,345.0,full_frame,shot in flight
5e4e5e9060e48f551ffe11faa3c6a607455d5d747c0bd139cde0e913666ff809,terra,ABSENT,,,,,,,full_frame,timeout shot without ball
5e861f32c88b4ef18afcc5f4341dd1e351f1e711cb451d539739aa938b22b4dd,terra,ABSENT,,,,,,,full_frame,bench closeup without ball
5f6fe6f36f215f69e02d9b27c92c8b1e4ddc7294070e89b2c360de997c87cb03,terra,VISIBLE,678,487,30,30,693.0,502.0,full_frame,dribbled by white guard
5f843579e4596f23713990f2e0d9231b66851aa38eaa93d9fe99d799864bdbe0,terra,VISIBLE,343,420,30,30,358.0,435.0,full_frame,held near baseline
600f59a6686d32a07f3618aaef2037b60046778bd1edf78db351212410ee94c7,terra,VISIBLE,760,704,26,26,773.0,717.0,full_frame,dribbled at midcourt
60181200ae119b928429f1d93fee4759771f70706b2e21b9a731910b261901ce,terra,VISIBLE,814,487,52,52,840.0,513.0,full_frame,held by red ballhandler
604e46b63415ff011310dd09836bdb37924aecdd1103a69c8666348f612326c5,terra,VISIBLE,248,655,28,28,262.0,669.0,full_frame,dribbled by white player
60a8603c8b3bfb266c5d2ba5f8354591ca92c7348ca2b7ef0a330659107d9cd3,terra,ABSENT,,,,,,,full_frame,interview without ball
612ef2ab8c55cd0ceff5b761bdbf93aa4b247dab9a0affb1ff6be137dd0d36a8,terra,VISIBLE,808,270,29,29,822.5,284.5,full_frame,held near basket
61662c717603cef63dd7ea6482f664f85f39481d2117678293b94c7b53f3de4b,terra,VISIBLE,1572,444,24,24,1584.0,456.0,full_frame,held near right baseline
61c95178267f35758079f7ff3bbb1eee706d425c9d732c411c691d5581553cb2,terra,ABSENT,,,,,,,full_frame,team huddle without ball
620c2af62306f9ede417022d461d7318eb9e91044cf6d6b8616831328cccf9d2,terra,VISIBLE,869,720,31,31,884.5,735.5,full_frame,held in sideline scrum
62b2d7ae5e4b00b044ce2cd0e85b4ad22e3deff4c5d8c226ec46b2bc5b073d3f,terra,VISIBLE,775,342,26,26,788.0,355.0,full_frame,held near free throw line
6355816e103ceb0c623b2695971caa778054b7edbb94c71388543d442b42eb9e,terra,VISIBLE,911,499,45,45,933.5,521.5,full_frame,held for free throw
64ea756467f8e579984b47556aa9496e799038e4f4ca028c29f7de766bfa90e8,terra,ABSENT,,,,,,,full_frame,interview without ball
65adde36966d995e329146bbc5046f3621d977fd931080352bd324dd3f1e68dd,terra,VISIBLE,249,655,31,31,264.5,670.5,full_frame,dribbled by white guard
6613b7a9b76fcff763047af30180973b833959066fd5434cf9fa049d998d602f,terra,VISIBLE,1400,630,25,25,1412.5,642.5,full_frame,held by white player
6679856f073c073940a82b5df8553a3643f59368fc595e9330263a7bd2540048,terra,VISIBLE,1551,468,29,29,1565.5,482.5,full_frame,dribbled on right wing
6742204d3ef6a21bc12dda1eca0bf0ed4b6e860cadbeb78e4e2e6c9e0ac55d26,terra,ABSENT,,,,,,,full_frame,player down without ball
68a61cec9ebd8923eb12c5ecdd7db14794c0ea9df1f772b804ee7132fa25948b,terra,VISIBLE,1545,662,37,37,1563.5,680.5,full_frame,dribbled on right wing
68db51861b834a46b3eca24c56614a3d977ac2ff1be4802df89a218682a03346,terra,VISIBLE,1084,431,31,31,1099.5,446.5,full_frame,free throw ball
690a03e2b14efb66b1d688d53241fec2b948ab1cb19ac9c3fdea18887a86d4bb,terra,VISIBLE,1430,302,53,53,1456.5,328.5,full_frame,shot near right baseline
699f9adcb557b4a3fd39f923cba4fba5712a47e5a6aad7af4a81f1ed604628a1,terra,ABSENT,,,,,,,full_frame,free throw closeup without ball
69c8d65657470a90320bf75ef1a4354f5d8ea2de7cd2eeb18ce94deaf36c6e7e,terra,VISIBLE,715,294,34,34,732.0,311.0,full_frame,shot in flight
69d4e0992b325cb3770ac35d1bcdb6f68ee8123cdb20562aae12b1981065bc79,terra,VISIBLE,552,383,40,40,572.0,403.0,full_frame,held near left basket
69fcc9d7036a12df8889ee95f6be7e39f171e1899682bf2c08c0f02f3ba598be,terra,ABSENT,,,,,,,full_frame,coach closeup without ball
6a1479e9e4e22332cda67c6a0e64e28445aaf00db3863d131c2558b1a5ba3d45,terra,ABSENT,,,,,,,full_frame,ball not visible in frame
6a6248beb18152cb5364ae41b3cebfdf880dfcba5a1e0102e534c49edc23ab96,terra,VISIBLE,1456,650,40,40,1476.0,670.0,full_frame,shot near rim
6a99b66848cfdbefb35c8f851ae09ff1c613f54a587584d0e7fbc68c3392d6de,terra,ABSENT,,,,,,,full_frame,transition graphic
6aa27e4930c2aeeb81bbf72101d99c9768ebb417c7bd2dc7210024a12aa3ece9,terra,VISIBLE,925,574,34,34,942.0,591.0,full_frame,loose ball on court
6b55ca34b308c83f1b76dc20cc7dceb95c6e237ad3468f1ede6356277c236572,terra,VISIBLE,1420,112,52,52,1446.0,138.0,full_frame,ball at rim
6bbbe3cd59be9c8297770b33d9cbce43b1e12728f813aa20b5d8fd9b465519a9,terra,ABSENT,,,,,,,full_frame,arena introduction
6c20179ba59c3cedadae1dc08e4cab126603df8849b7e38eaf27a5568e844848,terra,VISIBLE,1097,426,96,132,1145.0,492.0,full_frame,dribbling ball
6c9755ad2833a0b0acaaf3215686fa02b6b580168ed815642dca70b0c19bd4f1,terra,VISIBLE,1201,658,39,45,1220.5,680.5,full_frame,dribbling ball
6cb85a29d283a18e01c4ddb2cd9ab27040a700a6d808971a1d21e26f4f72fa89,terra,VISIBLE,856,758,34,40,873.0,778.0,full_frame,held ball
6cdd84cb0f2b30533b7bcaafe0e725a25bc0f81ddf450f899cf2f5622ef3a1f1,terra,ABSENT,,,,,,,full_frame,player closeup
6cfb1fb8d36da3ec8d5ad346476678db8d417ddb381414e95e090c31e1ceee5c,terra,ABSENT,,,,,,,full_frame,player closeup
6d75621d11cdcb03d8e88f40c4435707e05225ca49a948284ab190bb2f1ea082,terra,VISIBLE,784,536,43,42,805.5,557.0,full_frame,contested ball
6d7c262af9d998c633957af4ec114604cd8cb799b484e7c585569afb712e718f,terra,VISIBLE,908,1021,119,59,967.5,1050.5,full_frame,free throw ball
6dac09f07860f9fccd8bf2066cd0d903771c3d0ef011293ed06d307a4c075a33,terra,ABSENT,,,,,,,full_frame,player introduction
6daede2260daa465f7811775f453a85e5f8c6cd5315dd62648bad9ba3128f26d,terra,VISIBLE,1468,590,48,48,1492.0,614.0,full_frame,held ball
6e42bf0de215afbe0b718541beefdda21effa19614803714b21b848d26557b12,terra,ABSENT,,,,,,,full_frame,player closeup
6e87f7f43855286b171d4658c20489649d37770f915278e781781964b546ec7e,terra,ABSENT,,,,,,,full_frame,player closeup
6e891db299c229a7369b450f8f6bff2e6d0dd73764f1c482c16ee2ab6595ab81,terra,ABSENT,,,,,,,full_frame,timeout bench shot
6eeddd8f17506e7b27834807a8b0baa9ff74b6583041ce5280b041dc15988882,terra,VISIBLE,125,460,47,52,148.5,486.0,full_frame,held ball
6fda11eb77b6d356db6cdb7fc50d5a18cca57dd06d33dfeff6b45a6cf9c767aa,terra,VISIBLE,853,437,40,40,873.0,457.0,full_frame,dribbling ball
6fe274c47d1e9fe3ce8f5f7ac2da38badcc9bb0eb295c2bb10bdfd5ff1f8ba27,terra,ABSENT,,,,,,,full_frame,player closeup
70599b415590b03426911388c0b8d6f77c6eb8b7024d2ddb0c245d4417d22ae5,terra,ABSENT,,,,,,,full_frame,coach closeup
7085206fd147cd56b77a671f493c27f5c6abfd7aad98852dde6d66249852b8c9,terra,ABSENT,,,,,,,full_frame,bench celebration
719900eee66c2050e5f49731a1bae05e30c5651ac033cc635896343b3dad626b,terra,VISIBLE,1165,478,40,43,1185.0,499.5,full_frame,dribbling ball
723f3a98d77be92168fe1612cf5deb80109997bf2881c10868c63e92823b307c,terra,VISIBLE,1159,480,40,43,1179.0,501.5,full_frame,dribbling ball
726d4d1ef621e20d2a29a9a488f4bd2f2aa3085830b278babd33d5e243fdecfa,terra,ABSENT,,,,,,,full_frame,postgame interview
730c27852a70c0f919f50dd34294d1c52e47a7b2e64f4f0b68a6122ba7a6ab26,terra,VISIBLE,805,667,32,38,821.0,686.0,full_frame,dribbling ball
7328b5b77865fccd3aebbfc4ec4e35eeb1ad3beac29bf8fcc8cabe81eb82db27,terra,ABSENT,,,,,,,full_frame,player introduction
737c1d5502b5460479290270e1edd7c2c40313b99d30ca3a816fd98efa5e68c4,terra,ABSENT,,,,,,,full_frame,player introduction
738b8e170bb373b22eaacef20dc1c172db25db9b78c3f7d917840b408c7005e0,terra,VISIBLE,1421,544,37,42,1439.5,565.0,full_frame,dribbling ball
738c2e44e7cdca60cb5b9e17e64836f0aaf8e6086d14438a35931f3e6b03b2f3,terra,ABSENT,,,,,,,full_frame,schedule graphic
73f850d90cb72fdb318fafe8653c4be5daa374a1016c8a8204f54f56e14b3a33,terra,VISIBLE,789,298,35,37,806.5,316.5,full_frame,official holds ball
7425bd4ef81c68e48328dbc88d59153d747f31e8f38d74c7e7ce5ffb9cc93d8d,terra,VISIBLE,1358,776,39,42,1377.5,797.0,full_frame,dribbling ball
7454f6240515e193688ac25cc3878dfcb701670aa11fa93d573dd24bc6a58531,terra,VISIBLE,684,654,33,35,700.5,671.5,full_frame,loose ball
74b17667a7b0959a126c65402d2af14d751d73dd26a9b6bda6e464fe9598d467,terra,ABSENT,,,,,,,full_frame,player closeup
7691b236d8526bc570e5ff879031fce2c283bb3b50ac74844d4db2bee2afac12,terra,VISIBLE,431,396,35,45,448.5,418.5,full_frame,held ball
76b23fa868141afbb349cbad9afb961467f663d1218d2d628b7d50320f3a565a,terra,ABSENT,,,,,,,full_frame,player closeup
76d829c36fb38249a4a351194cc548e43eeae15c03c9a8162ddaa8eed47ca739,terra,VISIBLE,411,126,49,54,435.5,153.0,full_frame,ball at rim
76ec3fbe857d9a306361f741739e66973b538f7e33a55047dfe25effc057acaf,terra,UNKNOWN,,,,,,,full_frame,ball obscured by players
77530f7009fb2cbe17a2d8136462b8583b03baaea15192187a368c81f5fcb47c,terra,ABSENT,,,,,,,full_frame,player closeup
782cd096c79ce0124a3dbbbb88b1a5d9801aeb43f55f435bb16164347ec2065d,terra,UNKNOWN,,,,,,,full_frame,ball obscured by rim
7864c6cf5bced0d979cbdf7a6b079b361e16fa1cc14693d07efa4b7c5b504c8b,terra,ABSENT,,,,,,,full_frame,team huddle
795e215fec084d844457b3c961a2e48bf7b8884f0cb35bc6b763be0b39eca28e,terra,ABSENT,,,,,,,full_frame,team huddle
79db2d9dd19453075121f20a79a3d84bd656ed74f2e1647e808f0ea72ef8b7cb,terra,UNKNOWN,,,,,,,full_frame,ball obscured by players
7a1198d2d1ba19fc86385d9f943a5a12d47e65466e9cad7c7dc623c103d7094b,terra,ABSENT,,,,,,,full_frame,team huddle
7a5519b3683d493279dffd3b2368e275ba904e52998ba3d7103fa09d9b174be9,terra,ABSENT,,,,,,,full_frame,no ball visible
7ace3e278ac1973dfdbe3c84883de576565456f0de2598b0616f7e57b1b38d48,terra,VISIBLE,885,402,32,32,901.0,418.0,full_frame,held near shooter
7ad5d791eb1ccce5f79f61ac6aa954fe2ae983ac741ece22b6f227007a89058b,terra,ABSENT,,,,,,,full_frame,closeup without ball
7ae5f319a06f123ff068a21b57aa880a79223911d1cce15cb0904b0b884da18a,terra,ABSENT,,,,,,,full_frame,bench closeup
7b82a471249c3bce93ec1f3b75f7c13a0fb1b5ccaa5d471f80f41829b17d44ea,terra,ABSENT,,,,,,,full_frame,official closeup
7bc374cd6349a9c7db0f10dc7dd01d4910aabf2c9bf761392d18e9dbe72af310,terra,UNKNOWN,,,,,,,full_frame,wide action unclear
7c229a1300275df15493d797b3fb19c2a7d701a0081099314e8819d5e5047565,terra,UNKNOWN,,,,,,,full_frame,ball not discernible
7c38e9a68ae4466a3a3f947f7aa1f6de70fce0e80057bb67068ba7a987e340be,terra,VISIBLE,634,787,30,33,649.0,803.5,full_frame,low dribble
7c8d664834872a5e2af5b6eaaea3f3febf34fa1eeae3d6224a2ca581dbb6e183,terra,ABSENT,,,,,,,full_frame,player closeup
7d7bf8fb49ec267bc7e08af59e4e5cb77e693efb9a75a9ec94c74137ae0f8bcf,terra,VISIBLE,697,699,34,34,714.0,716.0,full_frame,dribbling ball
7da2e358d5a1b3f34afca5290230c062dd01fe481c461e972f2a7918c0678ec4,terra,UNKNOWN,,,,,,,full_frame,ball not discernible
7e84521a4fcc513c4846c468cdc2abc10a85aca66b25db96869f49895e8138f3,terra,VISIBLE,798,608,31,31,813.5,623.5,full_frame,dribbling ball
7f15971559a52ceb30a8e24032c34136b4c2cb7f2d8540e60908acf4f082e062,terra,ABSENT,,,,,,,full_frame,player closeup
7fa446ff38f0f3f77621737face67937666da940c5f8b478fc22985e93389fd2,terra,VISIBLE,757,352,38,39,776.0,371.5,full_frame,ball in flight
7fc70ffdb29e8a8a26b8967a7107634dbb2c2915400c1c2b13566efde55f77f1,terra,ABSENT,,,,,,,full_frame,postgame interview
7fc87220c35280d26f8d711656eb4df34f2b601bfcdc5158a76fe901f1a8e398,terra,VISIBLE,396,818,29,29,410.5,832.5,full_frame,low dribble
8091f087514efd215c1cdef68dc0d851ce98fc55e408cf231e99819cc8bd0620,terra,ABSENT,,,,,,,full_frame,player closeup
80a17e269ff5b7f1db4791db14c4c8344cc76bc9516958ffc622a881f8a3e3c5,terra,VISIBLE,1039,760,30,31,1054.0,775.5,full_frame,held at wing
80ba95dba40b40e4ca1623c12a3c39256d4c3231d66d6b5672632cc82098ed24,terra,ABSENT,,,,,,,full_frame,ball off frame
815b708aa1eb84ce27506dc3ef422231c03275ee974a1b3f65b33739cbfd5b6b,terra,VISIBLE,783,604,32,33,799.0,620.5,full_frame,low dribble
81873f75ec75df73958dedc3a36ef5f92e8e1e770870ae26bfdbf72d2f376dc7,terra,VISIBLE,318,505,30,30,333.0,520.0,full_frame,held at wing
81d9dabe6926cc893fac622fd34f9799335b012a96b9d339d7f15293496bfe1e,terra,VISIBLE,873,526,27,28,886.5,540.0,full_frame,dribbling ball
820dc247d6fca590f009dd821bbc25d9e1f8fabbd2808c81d3c85bbb5e56bba5,terra,ABSENT,,,,,,,full_frame,timeout huddle
821d25c767cb4ada985469b30524c5ae8a138e729990ff6e6f04dc6d7d459a19,terra,VISIBLE,998,587,26,27,1011.0,600.5,full_frame,official holds ball
82c470d699956c885fe6f200926b670df97dad40b19613843cfc29b73a5fbc70,terra,VISIBLE,1195,477,31,31,1210.5,492.5,full_frame,free throw ball
82ca705caaffafbfbde713d6bf1cb30ac2114267a4aa3ac1583017a7bd6cd795,terra,VISIBLE,986,451,29,30,1000.5,466.0,full_frame,dribbling ball
83290a1a5b174292eddcc46f2b8e0f4c68d79c88a584833ade464e5582a20950,terra,ABSENT,,,,,,,full_frame,ball not visible
839db258cd89c74955aa838f19d61d0de1412c5caacde5aa827f688bdb6c70ff,terra,ABSENT,,,,,,,full_frame,dead ball court view
83e72190fee7868032aec58483542217af2d8085669ef7abde677199b44f795f,terra,ABSENT,,,,,,,full_frame,commentary closeup
841406dea175fadeafa282e4a46ab01c22f30793c201c2c42442b5e9fa07c01a,terra,VISIBLE,607,395,35,34,624.5,412.0,full_frame,held near baseline
844ef811f93332529f31864b9023e71597db66b51fe93dac5cee8289178b53e2,terra,VISIBLE,869,52,60,61,899.0,82.5,full_frame,free throw in flight
84e4527ec67f28ac82b95dddc60421bd98ca8cf86e1d08af89bf68f0fd89b1e2,terra,ABSENT,,,,,,,full_frame,player closeup
8520dce5c60cdaa52741064bc17b1ec9a57a9248dbcf96bb7351ecd45d0bc6e3,terra,VISIBLE,343,516,43,45,364.5,538.5,full_frame,low dribble
853f9e7ce168ff26508458dbaf2d78172c27ffdb62a2b07b9f746b68c3a68cf9,terra,ABSENT,,,,,,,full_frame,bench shot
8558da84390db9d232967fdf4c73f3d7923b5b339ef6b7bcafd174ebbce06bf7,terra,ABSENT,,,,,,,full_frame,postgame scene
857d01dfed9f343348d633f45ad158d6fd4b6cfb1748f8db6b0613dd44bdfa67,terra,VISIBLE,1315,366,27,28,1328.5,380.0,full_frame,held on wing
8684ac24673bc0956e06bedea7df176aed54646629e2babf8223438a25655089,terra,ABSENT,,,,,,,full_frame,stoppage without ball
86d64ffa5f682f0bbe49b7ae6df4c540a94e4602e960ce9127c2558b5931c3d1,terra,ABSENT,,,,,,,full_frame,ball off frame
874b0ce2aba3ff14d775e032c4bd5818c6bb09d652352ad48b283e82e50e2ff7,terra,ABSENT,,,,,,,full_frame,empty court view
87d72d267f6c6647cd3ab3f1bab6603c2f95034179d3d8e5425e58ada20c4e60,terra,ABSENT,,,,,,,full_frame,broadcast graphic
8860affdc5dc23b485979f972c02a4b8d344f7b82d5afa088c8a04a17103148e,terra,ABSENT,,,,,,,full_frame,bench closeup
886155fd06a3404d0263c7cd3fd3928d21efae4b2efc98df48875bc93205c33c,terra,VISIBLE,699,539,196,198,797.0,638.0,full_frame,official holding ball
88b149b9fb24e9ed0406a8ecf5dab1e0605591e87abfdc7ff0485a849ad1a538,terra,ABSENT,,,,,,,full_frame,official closeup
89b88a939a2e26cb0856e5fcd7bcdac126a76ce29a7a7fdd6b736365c9ce21ef,terra,UNKNOWN,,,,,,,full_frame,scrum obscures ball
8a2212748632966926bdb8aa1f2840da60419430f33ac0a187a6dc95ee31c422,terra,VISIBLE,383,566,27,28,396.5,580.0,full_frame,player holds ball
8a31130a612bf0911742c50ed2c50f3bd75d2784fed55be85b52f477828eb7de,terra,VISIBLE,1176,521,30,31,1191.0,536.5,full_frame,player dribbling
8a42016b10cc607b310b4284e865e4a0655b9c9c5466b1937185fc99b05ee7dd,terra,VISIBLE,1382,598,39,42,1401.5,619.0,full_frame,player holds ball
8a71ecf43fd98056aa4c7051593402c5045349b8f50cd71fc9e865561945dfc0,terra,VISIBLE,249,776,28,30,263.0,791.0,full_frame,player dribbling
8a759db21e22d9b46c4257aa6dda0e6e16a6191c1a5ccb5d36ba28bdfddbae95,terra,VISIBLE,1194,255,26,28,1207.0,269.0,full_frame,ball at rim
8a9954add7956b90377f6aae5f837b75eea4f60e64dd045e793fd16ed192f5d8,terra,ABSENT,,,,,,,full_frame,bench shot
8ab62119a06198576e9533daf404b060b82c82ca1b988c4cb32035f2be799694,terra,VISIBLE,858,400,29,31,872.5,415.5,full_frame,ball in flight
8afdb97e4ed4975c13366c296f32940f37b56c5860c92d3b561e7621c9950f80,terra,VISIBLE,477,473,29,30,491.5,488.0,full_frame,player dribbling
8b5dddd197b26820d699f81a375ba72783e2d25868bc07cc672e934ae5ac08f2,terra,VISIBLE,169,394,26,27,182.0,407.5,full_frame,player holds ball
8bb39a7d2728b0bd10c5edc187af06af9acdc0449c0ed5f32f32af05fad27636,terra,VISIBLE,1356,117,67,66,1389.5,150.0,full_frame,shooter holds ball
8c130e05cc8810ed199800be2e577a7bd828e8a76db35c046d24709e268d5e4c,terra,VISIBLE,1635,594,39,38,1654.5,613.0,full_frame,official holds ball
8d05fd68cf824e449765befb924755ea9ea18396798e99a3cce63802f0d2ae2a,terra,VISIBLE,285,330,25,25,297.5,342.5,full_frame,inbound ball
8d33da4087aae1ca3066be26b29bdf1fe338c536f7d05f156c34abcaf2403dd3,terra,VISIBLE,1635,594,39,38,1654.5,613.0,full_frame,official holds ball
8d5b2b3c0b8763b0f0db5d8b4e074138b845cf9751720663a6ff217428452fd1,terra,ABSENT,,,,,,,full_frame,player closeup
8d6e3ca03ccdc8d53e89533b7ccf83fc930c8ac37c8c76486ebd943ba9944e09,terra,UNKNOWN,,,,,,,full_frame,rim view obscures ball
8d706f43a663969585a3927fb3aa54ab1b397f5128d0fd147c095ad5fca280c7,terra,ABSENT,,,,,,,full_frame,bench reaction
8d71b97b4b4caded6426aeca861d38fb37fd8cd7993303fdd6020bf3aa78ac47,terra,ABSENT,,,,,,,full_frame,bench closeup
8d7d15365b5c1058bf6c4ac6e716b6d77c9faf241880c530435a64665b94fe0b,terra,VISIBLE,523,0,22,7,534.0,3.5,full_frame,ball at top border
8e320a0fffa0fdb87ee022d1ea7b194ae6424a72f17809c079ebf50ae50f136a,terra,VISIBLE,1421,761,28,29,1435.0,775.5,full_frame,player dribbling
8e75164581e242118111d367503ceb68f6d53d09f7fbd7f1b710409b3c8f27a9,terra,VISIBLE,791,272,52,47,817.0,295.5,full_frame,ball at rim
8e7e22d96b7b81077ac9bca460f03e6f7ed360ec84124a0d4d41969871a383a2,terra,UNKNOWN,,,,,,,full_frame,players obscure ball
8ec372e96f437d5cc58b205b33ceec70b7d60e6c7d0a4e3628da189fc0199e8c,terra,VISIBLE,1570,697,37,38,1588.5,716.0,full_frame,official holds ball
8f06fcc808b5c0b363a83a920e063c6c541277501782247fb4029f006e8ebbd1,terra,VISIBLE,1414,470,43,43,1435.5,491.5,full_frame,player holds ball
8f120d7edc05bb295a4592500001b618d8b46c2ebd81f1e62640ee6fd23463f4,terra,VISIBLE,245,526,30,31,260.0,541.5,full_frame,player dribbling
8f7d4e116cd07706d40594f2c645b63e5c93a7d8800ab931b0580cc257ec2e19,terra,VISIBLE,911,792,39,38,930.5,811.0,full_frame,loose ball
8f7d53e4aab80f0da34787e4fc9b9b532c231776ea1830d879ec543f25695a11,terra,VISIBLE,1367,449,38,38,1386.0,468.0,full_frame,player holds ball
902b1d349dfb291ada44f2ea3938961e404eb23d5a47a17628c0b800e2d2a2e2,terra,ABSENT,,,,,,,full_frame,player closeup
908daf01ba0ea03fc9b0bbc244f165b9df3515477ac7e0775c1127331d26bdc4,terra,VISIBLE,882,348,34,33,899.0,364.5,full_frame,player holds ball
90e9d73df074628f374a8078e77532014348b735fa7358b28ec131cc1d694a15,terra,ABSENT,,,,,,,full_frame,player closeup
915dd10451fbe83a2354e30309206a918519a5a5fe68fefcfa47c31964a2f8e3,terra,VISIBLE,1313,377,31,32,1328.5,393.0,full_frame,player dribbling
916b9889b58b5e0dd5072973b7e82e449623313a92af0050834067465dae6c17,terra,VISIBLE,538,478,57,61,566.5,508.5,full_frame,ball at basket
9219999b49a21ec154d0aa4764186021647adfcc913df6943167108859a61629,terra,VISIBLE,961,452,33,34,977.5,469.0,full_frame,ball handler
92c1c315e080c144cdd3ecfe44a14bd8e02470b985737cd7ca02614fb20984f2,terra,ABSENT,,,,,,,full_frame,player closeup
934d8703b6a09e164a7d4c2bffb8a6bc66232a051c9fd82db95462fb0d676765,terra,ABSENT,,,,,,,full_frame,graphic overlay
9367155ab04be03671dcb87d06a4f4d79c5c53b3a50db3ff5bbdcc0102e4cd4a,terra,VISIBLE,449,480,42,43,470.0,501.5,full_frame,free throw ball
936793a45a0d20a6b6848d450346ddf179467840b9b392701dbd819a6e441f25,terra,ABSENT,,,,,,,full_frame,crowd shot
93a1f9552036ab4f8824a729903fc83dc58e7d19805b28801ad80c6920ebf7eb,terra,VISIBLE,820,413,21,20,830.5,423.0,full_frame,held near baseline
93b52117c6a6a31230c97e636fd0f3f61964b01961bf0b5369d136d6b7efdb83,terra,UNKNOWN,,,,,,,full_frame,scrum obscures ball
9459b9f332105e0cc221294a4ef64bd7c69ccf9137999752da7ea92c9429422b,terra,VISIBLE,1238,402,34,34,1255.0,419.0,full_frame,ball in flight
94adde03820c894d723062c1134031d3318043bceed0b19b7693402be892e583,terra,VISIBLE,1012,465,31,29,1027.5,479.5,full_frame,dribbling at midcourt
94b7e23b452bfe029c3d57023ec314a2a5485ac172d7cc41b172b37f7d8ad897,terra,ABSENT,,,,,,,full_frame,crowd closeup
94c286feed13a545a8d4d114510f2bab69e6b6df4a0f457e823242dabe127c49,terra,VISIBLE,425,603,29,31,439.5,618.5,full_frame,ball by baseline
94fa4e49104336b7efe92f3686f61e0b5434fc2d23ce29acac87ee90bb9098ff,terra,VISIBLE,545,599,31,31,560.5,614.5,full_frame,dribbling ball
955a98cd2fa522a84e7f594f917e45b2fe00588fbf40d79367af10e9ae388527,terra,VISIBLE,814,669,39,39,833.5,688.5,full_frame,ball in play
95bae4ee80aec085eb2b911eaf9961db35c67b3ffb45aa4c072daa9134ed78c3,terra,ABSENT,,,,,,,full_frame,player closeup
95e5be960d7ab2de3440388b95d37c4617e714bbd413a697ebfee840c2438e12,terra,ABSENT,,,,,,,full_frame,arena ceiling view
9618f7b182f118664218c13d3bc0694ec24af865ec747ade93afe2f011b7b1c5,terra,UNKNOWN,,,,,,,full_frame,ball obscured after play
966fc277e15622e5212657ad4d9559959244e0ebf1c85bce0f583038db478097,terra,VISIBLE,994,510,43,43,1015.5,531.5,full_frame,ball below basket
981f47e8e9d1186fde50358caeec304b199607a1c1677a11bfecc6824a999df1,terra,UNKNOWN,,,,,,,full_frame,ball obscured by players
986b875ca1e846ef09f76f5781b3fdb15444810a6a504abc62b7d7cb49643048,terra,VISIBLE,493,756,25,25,505.5,768.5,full_frame,dribbling ball
98c855bb751f55e440fcb542037fe820acfe7698892e8d55bd5acff745e16400,terra,ABSENT,,,,,,,full_frame,bench shot
98dbde0893d6b4596f13e147daec4887084fe37c52a317907e89071ccda05637,terra,VISIBLE,492,761,27,27,505.5,774.5,full_frame,ball near baseline
99c1c03afda69e97a9d43c08c99f9c76dc463fb0c51d7495384e1c9c1d0e200e,terra,VISIBLE,858,286,37,39,876.5,305.5,full_frame,ball at rim
9a4515474e7e2835db51e862441ec2142f18bafe38f8282639690e7135c24ce1,terra,ABSENT,,,,,,,full_frame,players between plays
9a6738ee3102fbf347e00cc4c44d62d5e1c45123425cd051c6b287a7f41a881d,terra,ABSENT,,,,,,,full_frame,player closeup
9a78785d4a14d12ca1f6dfea3e65de22f8044331b76c4443b6535cd6b7635510,terra,ABSENT,,,,,,,full_frame,player closeup
9b19924e3298ad20a57be1cfd1007617d6b65109ab3944d5fabb499c4420504c,terra,VISIBLE,791,656,36,37,809.0,674.5,full_frame,free throw ball
9b1cb353938d3904440b6cdff324bac8baed6ac035193edd5c04e7a4556dc89a,terra,VISIBLE,1106,596,40,40,1126.0,616.0,full_frame,free throw ball
9b2fabdd9328188b5a76c441e9045e19c35784458993d72fb1ea2fe3488c1fe1,terra,VISIBLE,1572,621,38,39,1591.0,640.5,full_frame,ball held right
9b8692e61d05755fc0dc72c41181dd1a41be0670323b44eb19229b5af098eacf,terra,VISIBLE,374,618,34,34,391.0,635.0,full_frame,ball held left
9bebb82ff4efdcb1879f9a506830b6e3be33831a60f2bcbd11844090352caf76,terra,UNKNOWN,,,,,,,full_frame,ball obscured at basket
9c69ce8fab38557c7a2e60038a8ed6580f60cf52aa528e6f3fa54464cbb022ef,terra,VISIBLE,1200,510,39,39,1219.5,529.5,full_frame,referee holds ball
9c9bb180c2545f668c5a7d4fd3b5a759586168378950cac44bfe9b1ce02e31f2,terra,ABSENT,,,,,,,full_frame,ceremony wide shot
9c9f5b47be6b8faadcb13a5a6871f3b2de17fc200bfcfd009bb7b99ed4cd99c5,terra,VISIBLE,1164,425,36,37,1182.0,443.5,full_frame,ball held near hoop
9cac0c3221948ad0c737e6810dbfc80619f9195d672d3fb2061a9aa5a4e283b0,terra,VISIBLE,1095,476,36,37,1113.0,494.5,full_frame,ball held in paint
9cfed5db6a874e31939804f68111e31f37903181a25b8b2fbc8a001dd8852667,terra,VISIBLE,1337,179,39,40,1356.5,199.0,full_frame,ball above rim
9dd07735ebb2c1f0b8940edb31161569a544b2a48793b7efb68fa581345e4c81,terra,VISIBLE,1075,369,34,36,1092.0,387.0,full_frame,ball in paint
9dd920ed968a0c7b8fde40ed18f4c661a938831dd4ccd9e1f21dc4cf108aabf8,terra,UNKNOWN,,,,,,,full_frame,ball too small to identify
9e619c8794e085b29bed04b1c6223c1f77b2834bf45e30e8afcd932710032343,terra,VISIBLE,1231,578,45,45,1253.5,600.5,full_frame,dribbling ball
9e940b53567f3a5c626f9c0d8f270aa981d4282b9cb1bee9db97a747ac9fc313,terra,ABSENT,,,,,,,full_frame,player closeup
9f3e39ba1e780d197a84b9d59abf69b98904538c1c1a3c9924c7e196443c66d6,terra,VISIBLE,989,1001,35,36,1006.5,1019.0,full_frame,dribbling ball
9f6bc8235112d70b1d5fe4cbbfcdb9fb7d717326ad86c5737d49e1e1b5a779c1,terra,ABSENT,,,,,,,full_frame,commentators shot
9f8c16a01f3d6fbc21b84da67099223e0977555a98be864c7b1048601a74d824,terra,VISIBLE,674,507,36,36,692.0,525.0,full_frame,ball held in traffic
9f9e8a7208278e057864d68fbb21df2b7131362c2db3eaa5ad2fba379563edc0,terra,ABSENT,,,,,,,full_frame,commentators shot
9fc7a394e3af6f381fc37a5e344e94f7935de035195138cae2c5e4e26a5a0e4a,terra,UNKNOWN,,,,,,,full_frame,ball outside visible play
9fead4c7337464183e293595e9c535922b01a9c22723953c0667dc80833e7c2c,terra,VISIBLE,695,851,36,37,713.0,869.5,full_frame,ball near baseline
a0234e81a4d353dd7f89d2079a1e8206f7966b2c1bd2c7bf160fab53ebd50d4a,terra,ABSENT,,,,,,,full_frame,close player shot
a10eb5b2664e32bef37d42cb57a34ceff34908a77d1b28b935aae12747272529,terra,ABSENT,,,,,,,full_frame,schedule graphic
a125eb8164e8a1027fe805be43b683adfa472a4ab3aa7e31af970eb630dfa8db,terra,VISIBLE,1611,568,32,33,1627.0,584.5,full_frame,held at right wing
a2b05ea7a14d8323e07a05f9fc88335bf4cf7eeefa8517e20d60697d940d8b27,terra,ABSENT,,,,,,,full_frame,player huddle
a2eaffd678d09d0b4f26655de610148c991152855beb5cdcf7ae45482f577a94,terra,VISIBLE,162,516,30,31,177.0,531.5,full_frame,dribbled left side
a3019214448f4f99370cb55aa731c58914778c39e678b47c7dc13739019fb04c,terra,VISIBLE,1475,390,38,38,1494.0,409.0,full_frame,held by official
a3d4ec1931d951ac5bc21022479d89c0f7cd13da62dac7a59c3e4f2ddcd297b2,terra,VISIBLE,1003,309,207,207,1106.5,412.5,full_frame,ball near camera
a4c61c2815cab0bebf60d847b099810b57b560889b05c07618f65e8b49fef80d,terra,ABSENT,,,,,,,full_frame,anthem lineup
a4f7c1ec97fe09a0cde00b5eabefd18e72b407f290e4c5f696346636d2db71e1,terra,ABSENT,,,,,,,full_frame,bench shot
a501184c5ce1ba7445f0cb8b2f593f21d9de0dbba03b2a1c2367659200e2fd20,terra,VISIBLE,1125,180,40,40,1145.0,200.0,full_frame,held by player
a5190ec4c92b51f2abb2386526ba30b131022d83dfe385df458072633a45b304,terra,VISIBLE,1283,452,43,43,1304.5,473.5,full_frame,held on baseline
a54d61eea72b3fb8e44fed584c2731a7826bdfe0cd83105c060fd000e8c86a9e,terra,ABSENT,,,,,,,full_frame,bench shot
a572ec7277ec937e6831766f0bc7d846843f95f1b2772167469bec39b15befd8,terra,VISIBLE,438,575,31,31,453.5,590.5,full_frame,dribbled in backcourt
a5a065e9cf918653fd6bcc3941f0456691438a9eb67e1eb7411345221c88fc45,terra,UNKNOWN,,,,,,,full_frame,ball not discernible
a5a445b1cadd6908fac48e28f0428a6b92ca5b4dc2ba3e2d1001b2fd3f9822b2,terra,VISIBLE,1652,456,35,36,1669.5,474.0,full_frame,held near sideline
a67b4b75a3a0917c9b7a603effe91b7704f56ed26a85e84042eee57700bbfbdd,terra,ABSENT,,,,,,,full_frame,close player shot
a6be7a97714930c186896648b0a902b82e059be946beedb03e1eefba00b58dc6,terra,VISIBLE,1101,650,28,28,1115.0,664.0,full_frame,bouncing at midcourt
a6c102bbae53460e8a52da87bfd3c458b05ce3f127f803270ad417918a87f976,terra,ABSENT,,,,,,,full_frame,close player shot
a762f80d68723243c1331488f962d492e06182699e22bfc629ca21221359875c,terra,VISIBLE,844,578,32,32,860.0,594.0,full_frame,held by James
a763682be4cb08587c99418acfbdccfdc71453e6747104fddd4e45c929dc1e5e,terra,VISIBLE,438,575,31,31,453.5,590.5,full_frame,dribbled in transition
a7e1b5ad168411710f9f674f5a11dbe988c2bf3f8aaccb1e982caf5e1953efa6,terra,VISIBLE,1304,621,31,31,1319.5,636.5,full_frame,bouncing in lane
a7f31b00c9b3068214105265be850e393ce00daebe4b0a421c6ac44ce8321daf,terra,UNKNOWN,,,,,,,full_frame,ball occluded by players
a8977cdfc822b26b35d5116e75da6b87d49fdc4bc68103b8d1085047d1ac4513,terra,ABSENT,,,,,,,full_frame,free throw setup
a8d89721baf93ddb264463e6ac7f41f4b909ce492a5adf7484a10a79ae200e02,terra,ABSENT,,,,,,,full_frame,close player shot
aa7570510b139e29498ee332e6ded6fd1537d8287bf025136d20af9f26773a66,terra,ABSENT,,,,,,,full_frame,player introductions
aa7d6fcc7b2b23c9d0778ac009580c247a7b175aa46b635e85f798571a0c5dd4,terra,ABSENT,,,,,,,full_frame,crowd shot
aaa352df152f71cabc1a01aa189ac387fb59376035202730d462edf0a3acdc83,terra,ABSENT,,,,,,,full_frame,anthem lineup
aaa9790de89819255e438205d4211dd330d45fc4b9a4b0850e9027b3a817a975,terra,UNKNOWN,,,,,,,full_frame,ball not discernible
ab0e4f6ada8cdda8e2b9ba35d1b812d141fa9795803eb8645caf24da4d697ed2,terra,UNKNOWN,,,,,,,full_frame,ball obscured in action
ab3a6c3c5a4aeb475adcf9bb0fc9cdba9c4f0a03110f6663f9139cb2a40ba440,terra,VISIBLE,1752,500,37,38,1770.5,519.0,full_frame,held for inbound
ab8c9f666a0d60b1e2eb2f4acd820a505e5f3f9a4813d70df6e11c0164d6eb91,terra,VISIBLE,967,592,34,34,984.0,609.0,full_frame,bouncing in transition
ab9bb337ea14772dbae79c2b8e53e2f386e6408898af87d9cba29b1c0469dab9,terra,VISIBLE,990,465,35,35,1007.5,482.5,full_frame,held for jump shot
abe9e4beeee9b2785c9984dc9f65f0f5b9e8e0bb1281fd0991ae90ede1581eef,terra,ABSENT,,,,,,,full_frame,close player shot
abec4348aee8bc301dfea00733bcdb74b5fbaddd1fa7de7e8ee405b0378c0c69,terra,VISIBLE,538,440,42,42,559.0,461.0,full_frame,dribbled in lane
ac4cb2e4b2b332c86792fd48aaff2ce5f767411b39a66d2d964170ebb5215959,terra,VISIBLE,1139,604,46,46,1162.0,627.0,full_frame,held by official
ac52b0e71b8db317a49558f664c0e84ccdccdb8c7a317d716e8ece86f1a52f71,terra,VISIBLE,989,464,35,35,1006.5,481.5,full_frame,held for jump shot
ad151e200d887fa957b70eeb868f27651e08c41cd5f5afa49fa9058389d0f261,terra,ABSENT,,,,,,,full_frame,coach close shot
ad34786c6902558d95abaf8d6e075eaf6072cf699c017df09098641b7431529a,terra,UNKNOWN,,,,,,,full_frame,ball not discernible
adbb4cc1d4ac9a043ed18e6e92da64dd78023d6191bd134408d257091d6629b5,terra,VISIBLE,912,97,31,31,927.5,112.5,full_frame,ball above lane
ae6b41a8ad9c7ab6c8043cfec53ffb83254fa229d8c9e804b7efc18e5d88f6b5,terra,VISIBLE,1128,694,34,37,1145.0,712.5,full_frame,ball held low
ae8a0b344a9b453f6b8c28e6b05ba01b06ce227cf8f303e1f112d57b301cc0e1,terra,ABSENT,,,,,,,full_frame,players resetting no ball
aeab4d616fbef708596192ece0568ef80fb871feb9131d4a5414486c285835c7,terra,VISIBLE,570,650,34,34,587.0,667.0,full_frame,ball held by guard
aef7882af7971c4a0744315fcd38df9e9ed4cb7409a1805122b532404803f906,terra,VISIBLE,520,449,39,38,539.5,468.0,full_frame,ball held near basket
af0f7479d417b3e198625fc6b5a8590ef5b9fd96a211be6d44714c757cd26bf7,terra,ABSENT,,,,,,,full_frame,sideline shot no ball
afb270af4edc79a767e8ee6180bafd952c5134c5c16ebbd6c6ba7a21ec5772f9,terra,VISIBLE,20,253,53,49,46.5,277.5,full_frame,ball near baseline
b04ae09d9c5aa0f9b5237a89b9fc32a7311cef065ed9b1a903b2ded291036b94,terra,ABSENT,,,,,,,full_frame,player closeup no ball
b0f8a764a67530f4d2381c7a8230e25d94ab3ff14b5f9775d5f8e424b9aebdd5,terra,VISIBLE,500,430,29,29,514.5,444.5,full_frame,ball in dribble
b0fc8edc219ae0ed88b52eb69711f810c62266b577d11f39cc818a084b0ae7c9,terra,VISIBLE,1009,341,35,39,1026.5,360.5,full_frame,ball at rim
b10018a9cfc7ea0dec791eaec289ed147b317893849953083b4b068f490f9f7a,terra,UNKNOWN,,,,,,,full_frame,ball obscured by players
b1134b4190dc2ce7eda9de965358499947cf36df051a17636e888790656a41c0,terra,VISIBLE,1334,514,27,26,1347.5,527.0,full_frame,ball in player hand
b1314e59adb70b0d036e2e4e04b88bc276822a08cfa3d0e0888e0f80b6c13ac7,terra,VISIBLE,862,41,141,137,932.5,109.5,full_frame,close ball at backboard
b1cb6633fc48051c209137f0885df2837158d54cc9ec222a42587cf6fa37e4f7,terra,VISIBLE,1236,420,51,50,1261.5,445.0,full_frame,ball dribbled
b1e502781eabf90852041a9af2a72fbc45b744714c064e01dfcb80f67ca46738,terra,VISIBLE,546,275,57,51,574.5,300.5,full_frame,ball in air
b21b286038c3db21b89558d40249b6cff4dc4dc617537dcdfc2222bab82386c2,terra,VISIBLE,1170,509,28,29,1184.0,523.5,full_frame,ball held by guard
b253295ef0df9c6f138d13eaa062354c00cd1f29d4c4631ffb72db04dfd5855b,terra,ABSENT,,,,,,,full_frame,sideline no game ball
b264120ace7ce71edfb771d7febb176629756429a60bb59ec0bf1d4ae91dd136,terra,ABSENT,,,,,,,full_frame,intro shot no ball
b2e56d383f654bcda1b6c29f422bcc70df03fa68a6315455a5952a9011e67054,terra,VISIBLE,864,527,39,35,883.5,544.5,full_frame,ball at free throw
b31ceb408e4f887eafc4c88937a3dc904238b8d5530644c7eba5a9f8502fb14e,terra,VISIBLE,1286,611,45,45,1308.5,633.5,full_frame,ball in pass
b39e31151eec915d0b8bdc45aeeb31d6765ed414c4540908983feca339b8f340,terra,ABSENT,,,,,,,full_frame,player closeup no ball
b3a6a3d7803259c56ddd06edf1dbec636a6191e5c4175417314a10927fb31d70,terra,VISIBLE,1424,718,31,32,1439.5,734.0,full_frame,ball held by wing
b425a5cbfc228893cb2a0b256009a020c0d09b54a8782bbd9ad2aca322787575,terra,UNKNOWN,,,,,,,full_frame,ball obscured near rim
b42bbacf639fc7e1dabf1a66cc12f9b980c19ada5138945f8bd49729937fe111,terra,VISIBLE,1264,245,28,31,1278.0,260.5,full_frame,ball at basket
b4332d85548520ebb1447feefb821676597beb838816af9c783421e0f301038f,terra,ABSENT,,,,,,,full_frame,player huddle no ball
b4dea24a7ecc7bbfa3df0a6b2c6ab34fba128ebb6fe4c78fed0a3628915a8b4d,terra,VISIBLE,1105,592,54,57,1132.0,620.5,full_frame,ball in pass
b4fa729400972598aad1a850558b73c723eb394da591492185d1fb6df46e9410,terra,VISIBLE,1336,499,26,31,1349.0,514.5,full_frame,ball at baseline
b5057d965e321a4fdccb5fbe1290e58d850c922ab363ab5ec96ad6ea8e65d1f2,terra,ABSENT,,,,,,,full_frame,close player shot no ball
b50d55a74545f50c699cf0451ac33a0986e401674802df5e9eca1ffca292f748,terra,UNKNOWN,,,,,,,full_frame,ball obscured by players
b56658cf0a258af1785a469d657579e693d73e3ed5f02fa36ab6571739538e42,terra,ABSENT,,,,,,,full_frame,schedule graphic
b5a439dee4646c59f33bd54aae8f7e36f5b4d622901beeac4972de1ff602cf78,terra,ABSENT,,,,,,,full_frame,timeout huddle
b5caad7754895c2e99bd291c7fba149ff484d8ab2299094fce609333c89ad625,terra,VISIBLE,534,369,35,35,551.5,386.5,full_frame,player holds inbound ball
b642c14dbf473cab6d186983a3cf8fc4a9302ee55d56aee5e142301121b44624,terra,ABSENT,,,,,,,full_frame,player closeup
b6de0b706f39785595c0c8fc8043bfb21c6536fb39c3e62b54f39ecf1736a962,terra,ABSENT,,,,,,,full_frame,bench shot
b74c18a4cc17cdbf4b6809e996caad679982eae86b0e35f52ac214167a8ac7ac,terra,VISIBLE,959,568,139,147,1028.5,641.5,full_frame,free throw ball motion blur
b7a2082d6195c6155c525ef5d6230be373b1c2a6b0ac19b99a58da74f122083b,terra,VISIBLE,767,500,39,39,786.5,519.5,full_frame,shooter holds ball
b7ae0fca9906e6bc00fb0ba9160320180650bd2fd2651f5881023e2d4eb05c40,terra,ABSENT,,,,,,,full_frame,celebration dancers
b84917cdbf318586d4153d6dee73109728d82b3f872b867bd965d482bf79af2c,terra,VISIBLE,748,173,35,34,765.5,190.0,full_frame,ball above basket
b84afe3010872a855c45c1a25aa029b7fd886fe0bbc8f4bf2851b795b76c227d,terra,VISIBLE,838,331,49,51,862.5,356.5,full_frame,referee holds ball
b8f36a9692448126812862e4cdbdf5a2290f01907a3faa59c4ad4c767d2f137c,terra,ABSENT,,,,,,,full_frame,bench shot
b9d6f540b4000ae4b66f960f41a609881e7af7688503c661c978f5ee39e09311,terra,VISIBLE,1488,602,40,42,1508.0,623.0,full_frame,referee holds ball
b9ddfc73add0532c0ba667ff69bf6ced4cbd9c2a3c811197b37e07630d997d61,terra,ABSENT,,,,,,,full_frame,team bench shot
ba1d29fe544563fe15630b04e0343868154aab26e718cfca3702ebef6978ffc8,terra,VISIBLE,1014,756,140,155,1084.0,833.5,full_frame,Curry holds ball
bb17798d34b275ccb795db4341406c7c8eafb77d42c9ee45fb878c9d98ac0e38,terra,VISIBLE,314,587,40,40,334.0,607.0,full_frame,player holds ball
bb7cbf538d4b2a22d3248ca614631d9cdffeb9e00b082496c2de524570400c2c,terra,ABSENT,,,,,,,full_frame,transition players no ball
bb99aeb249c68a0d4a8f089c30498fab82442d57812d09fbdc6bda45563e99ae,terra,VISIBLE,973,299,56,58,1001.0,328.0,full_frame,player raises ball
bc3f5a77cb1d4e7a18aadb1fb129f41df38d70ed048d78ec0534e8e8e677f93d,terra,VISIBLE,584,292,36,36,602.0,310.0,full_frame,ball near basket
bc7738bc5fc5542b976e90dcb9629096ad0d777abf3cdaf2d2214ccf189645b4,terra,UNKNOWN,,,,,,,full_frame,ball obscured by players
bcc1174cac40a7db7fe859f14e22737f098826f06202f674fde4942198d42c11,terra,VISIBLE,889,617,39,42,908.5,638.0,full_frame,player dribbles ball
bd251db670c174f56456f38789b25fb69a887d5741b2c48ee32c1434cdf0efac,terra,ABSENT,,,,,,,full_frame,player closeup
bd3d3a2e1cb4fffec028928c8842ee7ed8a6e5bbbdad2de231c3f6e7fbbac1ca,terra,ABSENT,,,,,,,full_frame,bench shot
bd522ba09d5864ab560900401fa0813f1470d08a34af3dff09f742798e8c3f57,terra,ABSENT,,,,,,,full_frame,sideline interview
bd9a83921c8dfef4367c58296f4b001d121c4a1148ad111b2a60371e13ee9dff,terra,ABSENT,,,,,,,full_frame,sideline interview
bdcf73912f8622330a88d8ab513cc74c7b92e0f816cbc925ef88e7d177f4849f,terra,VISIBLE,1497,445,32,32,1513.0,461.0,full_frame,shooter holds ball
be1e89d51985ee87dead837ecdb68dc78749a28a3c12a53bc3d73a6fc03415d7,terra,ABSENT,,,,,,,full_frame,team introduction
becfa0b9bdff7d9fe8835390d9d755dc5f9286a743ef5b58e8daf0a5eb14bbae,terra,VISIBLE,302,266,34,34,319.0,283.0,full_frame,shooter releases ball
bf39621876ffaf212dbdc1956cce4b0796494ccfec693096ad723eacc72b056e,terra,ABSENT,,,,,,,full_frame,player closeup
bf9b0e39202e3dc109a6d5edf014bb4e6139e2861b5227d0cb55b0a797c2c3e5,terra,VISIBLE,724,573,39,41,743.5,593.5,full_frame,player holds ball
bfadff084452d1fd8087015d5c93d693a1e974995ba084b77f3cdf37a0e2fdfd,terra,VISIBLE,840,338,34,34,857.0,355.0,full_frame,player dribbles ball
bfd73445edee63f64f05d9387fac1913c7ad63af0733eec7451c3d4950521efb,terra,ABSENT,,,,,,,full_frame,sideline interview
bfe99622258e7f15d81f925af8633467878eec36bde2aa72864f0bd8fa1f6cea,terra,ABSENT,,,,,,,full_frame,timeout huddle
c0cf904ec62b7a2ea8bed6ebe2bce53a9c0e7e8241b08a660ad86c9d2172a67b,terra,ABSENT,,,,,,,full_frame,player closeup
c1120c43dbc2c537d9f3d417342333abe687ad675e4c7ac286ab4c0b8a3409ac,terra,VISIBLE,982,586,37,39,1000.5,605.5,full_frame,ball in lane
c1800a4454c8725c6e03b09d0d79af2bbdc34ba6f050e0ec3494de1a0c44e1af,terra,UNKNOWN,,,,,,,full_frame,ball not clearly visible
c19824645178a229bcbe5004950dfcfadb39a44d936ee5839ce35e2535f8a4b1,terra,ABSENT,,,,,,,full_frame,timeout closeup
c2041840c53638e2be1ebc5aebe086e3480d9af53b6e4e6f4595972fccd4364a,terra,VISIBLE,854,516,40,42,874.0,537.0,full_frame,ball in flight near basket
c242e569b6755c1ac3fe1d00430e950fdf356a861427a7c68f4a077550feb8d7,terra,ABSENT,,,,,,,full_frame,closeup without game ball
c2d5dece53a3b001443853d23396a433345ab9f04174bb7ff52ffa931350d47b,terra,ABSENT,,,,,,,full_frame,no ball visible
c319a3aa5fdb627dc5ed758fe5ae2ad22c610247deccb9cb5df43e42a8296c29,terra,ABSENT,,,,,,,full_frame,bench scene without ball
c369d72b91fbeff401d1bc4ece46c8fc627d0b73dfcc6544220d968f5102a1ca,terra,VISIBLE,367,676,34,35,384.0,693.5,full_frame,player holds ball
c3a577f7cda5f78b8936bf225c1522a9eb97bd8c78242360a685b9d1588f584b,terra,ABSENT,,,,,,,full_frame,postgame interview without ball
c404ed9b8d60acbe82629e366a4f938b5269696d927721bcfd8afbf2f02cdc31,terra,ABSENT,,,,,,,full_frame,crowd shot without ball
c44a8961b238a3ed641b48ad6c69a0e26feccce38571da09f8a0267145e93c7a,terra,VISIBLE,754,592,37,38,772.5,611.0,full_frame,player holds ball
c46adaa01ddc436526a255e914db51ef0eee34ed4b75248b3520a5bbef83138f,terra,UNKNOWN,,,,,,,full_frame,ball obscured in paint
c541d47266faf85a6d4eaacb9c6b906c6739f7748da7d7e96c0fdc20f5c3144d,terra,ABSENT,,,,,,,full_frame,coach closeup without ball
c5df50485f2638c3c1c4421de9eae20e964ecbbaa439b9b6d06647f238c338e0,terra,VISIBLE,1218,488,29,31,1232.5,503.5,full_frame,player holds ball
c61c2c62ab376ee4b57ae79e3331b908468103c5161c91b5cfd95ed389fce22e,terra,ABSENT,,,,,,,full_frame,bench shot without ball
c6c877370ce1ce4ffcafb507055a4a44c37e0f0f5cdd5094cad2a44516859d07,terra,VISIBLE,927,596,35,39,944.5,615.5,full_frame,dribbler has ball
c75a0025de8711f402a54d32fbdfa96ef0ba3abf66f2296d65f1d145541af287,terra,ABSENT,,,,,,,full_frame,closeup without ball
c76ee0da93ac518297c823172a6a1c8f8795495dbb2083867130ee29549477f2,terra,ABSENT,,,,,,,full_frame,no ball visible
c81c266aebcf40396b9847990107cd53f68fa77e126eab46cf52b2f83a686a31,terra,ABSENT,,,,,,,full_frame,player closeup without ball
c88f6bf9c228038b91cdcb8ebb626363cf0b9c8dde952ea17def0e07bdaf5fb1,terra,ABSENT,,,,,,,full_frame,player closeup without ball
c8b3225fdef5a6acaea3e013692c5ee1cf699b249bdd3d7dbb359cf696ac3987,terra,VISIBLE,485,369,59,55,514.5,396.5,full_frame,player holds ball
c8fa5d46017236fef28e14e325f3dbbafc3861b01b14fd2fa86e64a4aba52ad8,terra,ABSENT,,,,,,,full_frame,bench shot without ball
ca1a3feb29abbd655ab2833836ac8a1668e5f84893553e5fed6e5ba617c938f7,terra,ABSENT,,,,,,,full_frame,player closeup without ball
ca704171d6ec523caa894db9d9315a14d181fcbdc487525b4bf340585195fb91,terra,VISIBLE,897,600,119,117,956.5,658.5,full_frame,ball above rim
cb0e506d27ab29feab7d5c94e8c467dfa895d990fc15c64bbc24319a624fdd6b,terra,ABSENT,,,,,,,full_frame,bench shot without ball
cb38f5846393f5c265f3c46a326277ec99fa139d615322ba5d2dba277d66be7b,terra,VISIBLE,1673,644,40,44,1693.0,666.0,full_frame,player dribbles ball
cbc8eca2de7e6dabc461cd559e7669d93f830ef7ad97a545a6bc655f2b0e7705,terra,VISIBLE,403,762,49,56,427.5,790.0,full_frame,player holds ball
cc3030dde3f1d479d17a090a9aaee3c118fc2221e99c2d4e265e0ee7174b226a,terra,ABSENT,,,,,,,full_frame,bench shot without ball
cc71b4e368a006f646413187d0be2c356510fe01be7bffd2e3a7252e7946fc69,terra,ABSENT,,,,,,,full_frame,player closeup without ball
cd0dbb8ff6e7c4e0a1b31d4d233fe93aa1907b9826f8a4faa1db70debf42b992,terra,VISIBLE,1581,602,36,40,1599.0,622.0,full_frame,player dribbles ball
cdad96974744f34648ce06ffe136f4430305c6d55d382fbe1e68b9081fed7239,terra,ABSENT,,,,,,,full_frame,player closeup without ball
ce9f105bd677c15186e7c9aa7f680551c9a41a94ad248908aa6e2cdbc9d68ec1,terra,ABSENT,,,,,,,full_frame,player closeup without ball
cf211d542602abdb90e29592f48dc6a63a1b7a45e16476f906a5a20863385933,terra,VISIBLE,888,1001,126,79,951.0,1040.5,full_frame,partly obscured held ball
cf56394c0fb7aa409d071e22400149b893fbf295f0d2891a7d23a7a8bc038e04,terra,VISIBLE,750,262,29,30,764.5,277.0,full_frame,ball in flight
cf87bb30a78dada8f11039821618b6224c0bccfd4d735f0ba83afdb633138184,terra,ABSENT,,,,,,,full_frame,bench scene without ball
d091e5fc78da5391b3ef04a3ce2f4829f3e8b3e8cd95e2f1a1079fd8b396ff85,terra,ABSENT,,,,,,,full_frame,celebration without ball
d0b27501afce46f88acf795745a02cc3dc39102a5a3c759eabc0bf5171ac0009,terra,UNKNOWN,,,,,,,full_frame,ball not distinguishable
d0df4605c11f7e510cc307789366ac52fd7c800292e4bbadde985fc5dde8aedd,terra,ABSENT,,,,,,,full_frame,coach closeup without ball
d16ef963f9fa50e4135a8333965a0588c25576961e790a64ac759bf5cab3942b,terra,VISIBLE,802,443,44,45,824.0,465.5,full_frame,ball in traffic
d24ac86aa7ba64d870f7af0ea3a0b5260cdef25e78d54ca8dbfdb75c35b93b78,terra,VISIBLE,1154,148,34,35,1171.0,165.5,full_frame,ball near shooter
d2b63abf1d49eacfca7dd272ca412111d0937fe168d10fdc0744da6c5dbd6d6b,terra,ABSENT,,,,,,,full_frame,bench timeout without ball
d2fb903cc025db0b4d52c7024653f633fc511994ba399445f19727a0078cb02f,terra,ABSENT,,,,,,,full_frame,player closeup without ball
d377d870327deaab186158c707e9e5dc48aad395333b76fc9d0fc69790542867,terra,VISIBLE,1413,411,28,29,1427.0,425.5,full_frame,ball in flight
d3953152079b8c1095d9894e8d3947a49ee1c51dc1dbf350965345098bee35c7,terra,ABSENT,,,,,,,full_frame,postgame closeup
d42bca0144652c3c6af2e91c8ef726d9a4fc32a2fc6e14095514da5199699192,terra,VISIBLE,1250,303,29,27,1264.5,316.5,full_frame,ball above shooter
d43765e3deb55ea4f2aa5c35d86e3a7dc64ea26bfe62d9d5582c158da8293ff7,terra,VISIBLE,1292,408,29,29,1306.5,422.5,full_frame,ball held on right
d473e3c985ae79e301c7474c8865e9425b1ab0218b1d692eea8582a93603caeb,terra,VISIBLE,1213,558,174,210,1300.0,663.0,full_frame,large ball by rim
d4e485dcc3506263ab151e8b77511b84a844c47a5c7904c710056285bcf15f7c,terra,ABSENT,,,,,,,full_frame,schedule graphic
d5082752eaba097c3035d9adb80efeaa6109ff71a5caa026861365ad9d461233,terra,VISIBLE,1596,454,28,30,1610.0,469.0,full_frame,ball being dribbled
d59480f9b498cc710e78436a2d940eac320668e92fab7086d2d5026cf380446d,terra,VISIBLE,704,643,29,29,718.5,657.5,full_frame,ball held by shooter
d5c48014fb6e5e374ccd800d424efd480d1e1d4803d361f9d9b48339dca52e42,terra,VISIBLE,972,418,74,70,1009.0,453.0,full_frame,dribbling ball
d60ce58369ad36ca1138613bf36fda04fac805b3d75c0c86f205139e6073f4a3,terra,VISIBLE,198,674,30,31,213.0,689.5,full_frame,low dribble
d637da23163afc544c36a5646786e067fdac28acf3572ffe470589bc30f150fd,terra,VISIBLE,382,419,32,31,398.0,434.5,full_frame,ball held inbound
d6ec3e73602ef833ba9be8deee05ce18e41f065fdb57163abcaa618a1d75b222,terra,ABSENT,,,,,,,full_frame,player closeup
d6ef57e06dd5c279962c01751e6d9b08be9b8e594f5fcfb1a93ce7cf2ed5e6f2,terra,ABSENT,,,,,,,full_frame,player closeup
d7260cedabd70adab22c16f9cab1e6cb580c30db560912075871bde31f324c6d,terra,VISIBLE,1245,244,40,40,1265.0,264.0,full_frame,ball at rim
d7f147df3f41801ea504afc4d347dff97fdbf65bfbff169cc2be847446fd2172,terra,VISIBLE,596,517,35,35,613.5,534.5,full_frame,ball in transition
d835452d9bcde7571d44d88c15c3ea6214d426daf5d7419a73d3bd908af6ac1f,terra,ABSENT,,,,,,,full_frame,player closeup
d87488aba976048892827d091edb7e8e1ffdc1e800a66c14f44a77e05b6a57a5,terra,ABSENT,,,,,,,full_frame,player closeup
d8aa51bcedf5b6314fd9eaf2f43803a6b73cb724a93e6bd6120953ab4b7196f2,terra,ABSENT,,,,,,,full_frame,ball not visible
d8aab45329895f4e3ee3911ae28259f6422fc8d2ca139e606e5bafb912e304bb,terra,ABSENT,,,,,,,full_frame,lineup introduction
d8b71b236e3fcb8714ab4234c6192af52e6ac682e1163a880be84c907c71667f,terra,VISIBLE,1108,293,27,27,1121.5,306.5,full_frame,ball at rim
d8f96cf1f23d2541d67c060654061347aef38015e4f6f00c8f7c52c3484b0e6f,terra,ABSENT,,,,,,,full_frame,player closeup
d935e975e0a8292121501de9866e7cb8710ec5f4b471ef2f7e3a1ff215013d8f,terra,ABSENT,,,,,,,full_frame,ball not visible
d9c866f3ffaf1054d492ab431879948ded6e69650eaefb2d30237ab64a15aa32,terra,ABSENT,,,,,,,full_frame,player closeup
d9cd21752699937540e3c8d5ad9acf52d6dd2f8907df874b2e32f3977c9a80ec,terra,VISIBLE,953,708,31,31,968.5,723.5,full_frame,ball being dribbled
d9ebadd3b764f0d390a0fe2d7464d1c9810ab2365a93b68ae5ec4cc03e971576,terra,ABSENT,,,,,,,full_frame,bracket graphic
da135772976161d4d7a5b701cf7194be9bc46d615885c487c06a16c28bda085b,terra,ABSENT,,,,,,,full_frame,stats graphic
da152a192732381bd61278c32c8cc126d803631c48e73d8d2e923d360f5b8386,terra,VISIBLE,761,281,51,51,786.5,306.5,full_frame,ball held overhead
da67841f4345b5b7edf3f20c98d13ae2e8c9b9a4f05946f0e8a7cb4663efd5d6,terra,VISIBLE,1390,672,37,37,1408.5,690.5,full_frame,ball held baseline
dabcfacaf453d28907361a379222c155cc831ef01fab9e67af64eb1c70eac06c,terra,ABSENT,,,,,,,full_frame,postgame interview
daf284041d971f2aafc8266ec03ffb6ea8d080b6b0de6ba05b1657e41db0afb1,terra,ABSENT,,,,,,,full_frame,player closeup
db6c83f5327fb31a641ac0a512d8f7c203b8ec9416e0185f0762ab03997837a6,terra,VISIBLE,1068,704,36,36,1086.0,722.0,full_frame,ball held under basket
dbbc4dcf2732bb135a017bf9bd31bbd92979f356375ff9daff5494cdd22d7165,terra,VISIBLE,1039,816,75,75,1076.5,853.5,full_frame,ball held by player
dc0528ec6cc2f782bda11001b3c2bdd5386f96530b7a69a8f51786c7f2ffb2e3,terra,ABSENT,,,,,,,full_frame,player closeup
dc0c28e9374e18f9a92441b8f9459e0300713e12f2c164d0d2f07d87755c4bd0,terra,UNKNOWN,,,,,,,full_frame,ball occluded in play
dceb30c775bdff9a1bd07e6e269e37c9c1b1e628073ecc172436beb2500e549a,terra,VISIBLE,755,339,30,30,770.0,354.0,full_frame,jump ball
dd3611a2f9693237680020088af3560d4072f68520ee63d645c78a4dfcbd13d8,terra,VISIBLE,1039,428,185,185,1131.5,520.5,full_frame,large ball near rim
ddd35c4fe52c01e69e61ba13b4a9db935142020b4ba3b17563598a31cfdb0276,terra,ABSENT,,,,,,,full_frame,player closeup
de0cc3cf57ce7c958c9fc4d723ed30c4497c02170e6c817c91a5b480044b4af2,terra,UNKNOWN,,,,,,,full_frame,ball not clear
de15ef5263fc65cb302507bc146de312b734d2e06f401574adbf069507ce327c,terra,ABSENT,,,,,,,full_frame,player closeup
df3624ba30d72c4b7d0646ed9df67e67124db36f55bf0693374bdad0ca407e96,terra,VISIBLE,303,574,30,30,318.0,589.0,full_frame,low dribble
dfc3aeaab31eed28316128dd75b8cf2a325cad350d4036d7d4fd29db7a29fdb8,terra,VISIBLE,463,450,31,31,478.5,465.5,full_frame,ball held baseline
e001ddad149ca56333812973086500b3b3fe7aec9b6d9077650550b13f88c6b0,terra,ABSENT,,,,,,,full_frame,arena ceiling shot
e0345ad643d4d2195bfb1ac1f1ca105dcfa16350ce7aa7cd5bcf5a1115dcf380,terra,ABSENT,,,,,,,full_frame,bracket graphic
e03a50f13e077cb834eefd4c2a72441fc3f50b06a6c27b547d46ba8725424f16,terra,ABSENT,,,,,,,full_frame,announcer shot
e0736ab0cfac0ae04496f3d5c6ecf5ca758a6f4b3229bad9faffe96544929c07,terra,ABSENT,,,,,,,full_frame,crowd shot
e0be0418f5827c70a7f295c1385801b51cdb33eb106ddefc804c38792b913a11,terra,ABSENT,,,,,,,full_frame,stat graphic covers court
e0cd56a400a9b26b26c3aabb1994c1ee14da8a467eccc6161bc30060b4184991,terra,VISIBLE,1358,500,22,22,1369.0,511.0,full_frame,held by white player
e15bd1387d7e3ba40bb2489dfe8838e7a426ea1e1e50d396b9a70b883c468718,terra,VISIBLE,551,654,34,35,568.0,671.5,full_frame,dribbling at midcourt
e196d99b24848a8c7c4c03cb0572b12e558e8f2b2d12f5c4488db9b7ac02ea5f,terra,ABSENT,,,,,,,full_frame,close player shot
e2a5b92056a17faa0b7b0e76db2e2ea66961a527eda55f17db80b6971d503e61,terra,ABSENT,,,,,,,full_frame,transition graphic
e314c989a47e3411d31fc66ecdd0251510f80e8ccf477b072a209015053b0c60,terra,VISIBLE,1522,573,29,30,1536.5,588.0,full_frame,held on right wing
e329af24e6d3cb964d0c13f242022fd014848a80b8f3520e58043cc1a5499c33,terra,VISIBLE,800,550,31,32,815.5,566.0,full_frame,dribbling in transition
e41bb119e114bf78918f3cd1a8ca667863aefd43004433cae825dac9fcc6b95e,terra,VISIBLE,943,103,38,40,962.0,123.0,full_frame,ball in flight
e493c139554c6fbb0bdd3167cbf9e20997ed294623685148d9b8c8e909a98256,terra,ABSENT,,,,,,,full_frame,bracket graphic
e4caac15f2e6498345fe61b224b86311048dbc57e60091e89050b5b9b0e2e8e5,terra,VISIBLE,300,537,28,30,314.0,552.0,full_frame,held by left player
e59a47671c939a2fac174ef719417bf6603a0515a5980131ce2f9a28ec535f9c,terra,VISIBLE,1592,554,24,24,1604.0,566.0,full_frame,held at right sideline
e5dcbded9303a3623904dd10c2462c9c7a81cf22f3a1c22c0a040a7b0f3769df,terra,VISIBLE,782,651,28,29,796.0,665.5,full_frame,dribbling near lane
e63b757119f90ef92d62d3e26be70a56cd29455802a7d66f0a91474e3ec988f5,terra,ABSENT,,,,,,,full_frame,coaches shot
e77c98c41e982028acfbee8a02b3c6b73e37a8154fde2c7a9ac52342845a39d1,terra,VISIBLE,582,598,25,27,594.5,611.5,full_frame,held at free throw line
e7f0423fca786cb8825073fc441c3ee49f8b86cdd8e1423ee75932c0a497fa13,terra,VISIBLE,1490,830,33,32,1506.5,846.0,full_frame,held by purple player
e892aa96b996be147b3c28800f4a39f5c123d4a280ba876b818e8ea3b534af32,terra,ABSENT,,,,,,,full_frame,bracket graphic
e98caae801b3c5363f6ef62b5e0a2526db9a4834982fa8e5f94b8ae5e0d236d7,terra,ABSENT,,,,,,,full_frame,baseline camera shot
e99a19ae2822107ad333278c4a9286f6c5cef3d824129e5c7a6f924948dcebd6,terra,VISIBLE,870,489,35,35,887.5,506.5,full_frame,held in paint
e9eabd2541fcdefc0ab625ef0f0684c41f4c52b01243f8a0d7df71b4908d695b,terra,VISIBLE,563,449,43,49,584.5,473.5,full_frame,held by blue player
ea1a9b8f27998cffe018e77122ad4e9be4e4238ef3423ef63f254e67dc8b9eb2,terra,VISIBLE,1128,309,29,31,1142.5,324.5,full_frame,dribbling on right wing
ea46299deb27b2369d4113cf64f95cbff386bc2c13ce0c2757353875378cc690,terra,VISIBLE,1103,160,68,74,1137.0,197.0,full_frame,ball below basket
ea5ff4d2d591eda627f24149dd17f61bf78cbb5634a20d2a657f0a685f4c532e,terra,VISIBLE,1287,353,23,25,1298.5,365.5,full_frame,held on baseline
eade03ac7867c3c33ee60773ba5155d74a60ffb060ac928a173ae41a67cf7ece,terra,ABSENT,,,,,,,full_frame,players awaiting restart
eb0c3ef370b0124b42cf8b44ec3ec707ad4c60d62ca9caa2996d609ec804edf4,terra,ABSENT,,,,,,,full_frame,close player shot
eb263ece4b97b5e0cc72dc93962931240e59e3508497cea948e91866f35bd5c9,terra,VISIBLE,1195,85,63,68,1226.5,119.0,full_frame,ball at rim
eb6b8cc6fbcfea2ce6b10db854ed04484a46f5281d26543d5036aaae9e4a6fe0,terra,VISIBLE,437,758,34,38,454.0,777.0,full_frame,dribbling at left sideline
eba8b20097ac423fe722baa43ed023fa26256dc0c944e994cab17df62f5d2996,terra,ABSENT,,,,,,,full_frame,player closeup
ec8f4b20825fd19e6f235cc5beb472b0656ee2a8f46663df376f8c82a431f2fa,terra,VISIBLE,1420,415,37,39,1438.5,434.5,full_frame,held for free throw
ecf4275b3c010e06e7218df4501ffd5efabe8058b41d0d8d5fb8b26dbeee050c,terra,VISIBLE,653,401,31,33,668.5,417.5,full_frame,dribbling upcourt
ecf9cbb894200e6beb3502243719ab7bc8896d49b7eaf55be75340cd187588f0,terra,VISIBLE,640,418,34,37,657.0,436.5,full_frame,held under basket
ed1d4865f8ba843a149925acc265a5323dfbb0f972b84a4de7c6ca3572cb048d,terra,ABSENT,,,,,,,full_frame,crowd shot
ed28f554ab708533808caf2354a45ac6f2173c1c030504be0bb9045575a49ed4,terra,VISIBLE,663,690,30,34,678.0,707.0,full_frame,held before inbound
ef826f16df2b6357674340f2e44f7abff82a3ed2e66b63e3caba7da12d8c8619,terra,VISIBLE,1675,522,29,32,1689.5,538.0,full_frame,dribbling on right wing
efb29f910a9cff50380d3504e314d1f7a24f3dc11dfefa739b6f412ab62a048b,terra,VISIBLE,920,1028,85,52,962.5,1054.0,full_frame,partly visible at bottom
f031544fe2de2ff3ef9b6330d031be2c3c4fc9a3e8947b0b99a7c7ff879fd74b,terra,ABSENT,,,,,,,full_frame,postgame interview
f05683bc5d661ebe3e179c73285f0446af72609c9f660861192641852c7b2501,terra,ABSENT,,,,,,,full_frame,bench closeup
f0a88241b612d84cad54d4a4f0b1a327b09a5b8509ff65d9230f0c73d240149a,terra,VISIBLE,834,275,30,31,849.0,290.5,full_frame,ball held near baseline
f15eea082d9087696a77a038cdba315e594418c37be00ff93c794c1dc0fdcf49,terra,UNKNOWN,,,,,,,full_frame,ball not distinguishable
f1e97ab7c9ec288bb6b072c4df1edb61742b406222fb05a94964ea65438d744e,terra,ABSENT,,,,,,,full_frame,summary graphic
f2a5561bc90cb20363c504dae2e5376455b0511b1e3e4950bdeb4e43209b9d7e,terra,ABSENT,,,,,,,full_frame,player closeup
f2cd23e2f7e83a1f7cfd2236881fbdc807ebbd1f1b6a39dec93d492a648b321f,terra,ABSENT,,,,,,,full_frame,team celebration
f2f19e07e189ad0f8f4e8aae40dbe47995d9fa9ab437d49f521d47cd084a602e,terra,VISIBLE,941,189,42,47,962.0,212.5,full_frame,ball in flight
f39e98b6c40929376130fb6c59f3a4725854b2b998806444da915e89067ec003,terra,VISIBLE,896,535,35,42,913.5,556.0,full_frame,ball at driving player
f45aa38f9fe625ae43a4ed6c84c0a8389d9291e58fb24a1502151adce2c67903,terra,ABSENT,,,,,,,full_frame,broadcast graphic
f4b8c2436cf9bcb5f988bcc06f60178dfadd942e7896cf4c275ca4c417a5cb80,terra,VISIBLE,365,446,28,29,379.0,460.5,full_frame,ball held inbound
f4e7ec7502c52b548ebc5d5aa9fe2c2b4226818b9d25d740f9d5b5b1c73ced29,terra,UNKNOWN,,,,,,,full_frame,ball obscured near basket
f6662f51ce33d0bb3e8cc75389a6670031fe63bcececa776a0d3b37b5ab58915,terra,VISIBLE,987,96,28,31,1001.0,111.5,full_frame,ball in flight
f6a57a2f49a5a904c53d71db9c6b65eb3b269845d42dcfc9d6f539c1f423af2f,terra,VISIBLE,926,321,28,26,940.0,334.0,full_frame,ball in transition
f6b7b482d31991497f6e82d2931293e0ffdc4561b493cdaba2a82b3416ed9fe7,terra,VISIBLE,625,480,76,76,663.0,518.0,full_frame,ball in foreground
f712f1fe0a07c7c6ed44cea23ad08f08e34fb8267635e8ad65f195e7c89d76fe,terra,VISIBLE,850,538,26,29,863.0,552.5,full_frame,ball held in lane
f73ab9fb5392ced40810fe1c5c9a88a4933913c8bb16d1bb2e1d9bd6138fd2c9,terra,VISIBLE,824,115,27,24,837.5,127.0,full_frame,ball above rim
f794bd5e5c3b3649a02de993e70e906d5831ecfc7c274141f39c747b2362d28b,terra,ABSENT,,,,,,,full_frame,player closeup
f79866f6cbfc5d7d4eb1e95248ca83154af4c2ffe30f1c7ac5e7ef39e23772e6,terra,ABSENT,,,,,,,full_frame,postgame closeup
f7caaf20c7bc2e27edd7b09badcc371c0584da8aabb3788fbf21ccf0d2ec10bb,terra,VISIBLE,837,572,116,116,895.0,630.0,full_frame,ball above rim
f87b8ea1887d1d2393139e48fe6079d80206809a4184acec725feafb4ddba02e,terra,UNKNOWN,,,,,,,full_frame,ball obscured in play
f8cc97332574436f9d2e61c7c913ad802093f92659647527ee6051c922870843,terra,ABSENT,,,,,,,full_frame,crowd closeup
f8eba18fcbc7a3c282eb65fe4e824a0fd9d29032395f51e97983835b263b9cfc,terra,VISIBLE,1587,797,34,39,1604.0,816.5,full_frame,ball by dribbler
f8f985b5dbdef19f9d7fc80281e9d73711619c6e39d9c18287802fedd3c3d7f8,terra,VISIBLE,1207,523,25,29,1219.5,537.5,full_frame,ball near passer
f958412f80f63c213ce19ce17818d4791d715de664c047063ef49324765bbb7c,terra,ABSENT,,,,,,,full_frame,player closeup
f9c1fede1ee59d968304eee763c8e81be6880954e482ff3c86c906dea581873e,terra,UNKNOWN,,,,,,,full_frame,ball obscured in cluster
fa8442662e1b3f5605f6fcffdc2884fbf949421d7723fa5c5a0b336363b15dd9,terra,ABSENT,,,,,,,full_frame,timeout huddle
fa9045515642ab61ede69c8bcb5f4f94c1157413872d46a4fefb60a43e064b8d,terra,ABSENT,,,,,,,full_frame,player closeup
fae0913ddf1349a477772f7c922a3a4eea0a7a58a22a2c1e9e1032b20458ed75,terra,ABSENT,,,,,,,full_frame,team celebration
fb1c9981c68b9cacf290c0c4129e387d8e37c685ba9a3107282c8732edc8cd67,terra,ABSENT,,,,,,,full_frame,motion blurred closeup
fb8993f79ed1da944090a4c404d2f728c9df8070bd0c328f3c03533de062075f,terra,UNKNOWN,,,,,,,full_frame,ball not distinguishable
fbab927f6fb232243c9f25eae02f5fc480fcc16db19abc39489dfd592cfefcc6,terra,VISIBLE,619,387,44,43,641.0,408.5,full_frame,ball held for free throw
fbca26cc64e7402ac67b807e4b6a3fc9de12ee7ce1ab4d05c234ed890b83144b,terra,ABSENT,,,,,,,full_frame,interview shot
fc12e97c2520e53ad321f09e2b3b643f3e1231725432085751c8bf3bf6f3a94a,terra,VISIBLE,0,0,209,112,104.5,56.0,full_frame,partial ball at border
fc15514f48cbaac7d7b5f45e5ceaf3471b278c095588fc801023090b7cf2a886,terra,ABSENT,,,,,,,full_frame,sideline interview
fc41f81dfdfc0cee5e43ccab2e27f0730d04fabdb1d074ce506035eb0c00b316,terra,VISIBLE,1364,362,30,30,1379.0,377.0,full_frame,ball in pass
fc5592b5ab59e777914ea0f67e6a28df2fd5a70e49cdc1b1f8383cefcab51591,terra,ABSENT,,,,,,,full_frame,bench reaction
fd1b5c3bc6b5ec0ec6e89b9dd17588f9327c023dba91fbdc38c25e6d0fa2ce40,terra,ABSENT,,,,,,,full_frame,player closeup
fd1e14933d09bc67898cd04e571d4f2d40697a8fe37c1a63bd1fedf71f525be3,terra,ABSENT,,,,,,,full_frame,dead ball scene
fd2878a8cfe7b14d5d852deb17b2cb01ea6d1c6d4d391f7e7240ae7ef8bf8c55,terra,UNKNOWN,,,,,,,full_frame,ball obscured near baseline
fd393e6eede989e53a3af1f6f93c78969f4d33de6b8538de69caa26b82072912,terra,ABSENT,,,,,,,full_frame,bracket graphic
fdae9452f4bc08115aacaadc81678ba2cd53976e10a90d2c150b4935d59d204b,terra,UNKNOWN,,,,,,,full_frame,ball obscured near dribbler
fdc1eaced833b830b1e940a5df8eef1290b95098af43a3069d2aa61daa48c380,terra,ABSENT,,,,,,,full_frame,commentator crowd shot
fdfa02eec605709d6f190ac0f44f3aae3009c3e9a498587e98db0d51514d1c61,terra,VISIBLE,1235,486,39,40,1254.5,506.0,full_frame,ball held during drive
fe22e0d21948082bf65a2c94a391c21230a8b1bee5ef7467f8e1b2f9cbb0c8eb,terra,VISIBLE,1001,514,83,99,1042.5,563.5,full_frame,ball held under arm
fe469757cfaa2715ded2260b727f2cb386695566d00ba29c0dc4914ebaaa3a2e,terra,VISIBLE,176,409,27,30,189.5,424.0,full_frame,ball held near baseline
fe808f69aa95c93be4486da4a083d3c9e570db620a77649773d65e99cc98cd97,terra,VISIBLE,519,567,42,43,540.0,588.5,full_frame,ball held in traffic
feb719b2bc4d24c35ef301fd1542e1074cd15e83f7de35a88a9b979dfd1a49af,terra,VISIBLE,1177,535,111,111,1232.5,590.5,full_frame,ball held by player
fef7b03666a07c8cbb7b8586cb3f765192442c0cb946acafb9b83a20782263fe,terra,ABSENT,,,,,,,full_frame,crowd reaction shot
ff596204ed431eb5d9d91978d85438437ee21803c4648a45ed6cdf32cbe33bcf,terra,ABSENT,,,,,,,full_frame,bench shot
ff5cebf3f3a08d5a9d3ca665f49c1cbbb5f71b08ad598874d789030f908e0897,terra,VISIBLE,1238,567,31,33,1253.5,583.5,full_frame,ball near player
ff64f4f343ee91f1a4246df34297a52d88aa71293bb5a1415745470482412936,terra,VISIBLE,811,670,40,40,831.0,690.0,full_frame,ball bouncing
ffa2f7f2ccfaaeb4067e8542284fec7428999e806dabae33586b28a705165e54,terra,VISIBLE,1578,584,87,85,1621.5,626.5,full_frame,ball held by player
ffb962725a4f59d63efa33b2b26da1183e6948629493d19c4a7ca1dc4dcc3285,terra,VISIBLE,1219,615,65,64,1251.5,647.0,full_frame,referee holding ball
ffd026648ce2097d744fb53db6bf70ffdfe6a14cd7cab41df4105f38fa895007,terra,VISIBLE,179,642,36,34,197.0,659.0,full_frame,ball held on wing
fffa2b9b9eb719a7839e6220cf85f1d4c305e590992c6f350cc502f17fcce15a,terra,VISIBLE,1596,383,39,38,1615.5,402.0,full_frame,ball held for inbound
00256fbe30cdbc6d29c9b1bbcb9c4c2c3662d87474a4b7f9d82502c79abee13e,sol,ABSENT,,,,,,,full_frame,interview shot with no ball
002c2ca7a3c0bcba004ff1761736e8d4f4a5f29f8fb196d38f4226007610785b,sol,ABSENT,,,,,,,full_frame,player closeup with no ball
004dfb194535143b158e2d9be51ecd2b418db9e245983615f657b3c29116dbe5,sol,VISIBLE,1157,199,31,30,1172.5,214.0,full_frame,ball airborne above basket
0089acbec576065c10e019dff359c6607d7cf54a09560cfc42de9fa8a53b1cf6,sol,ABSENT,,,,,,,full_frame,player closeup with no ball
0161bc9aad42061efbe69ad57cd6cdf3a0cf1b83109cc99762bae9d9a9f74031,sol,ABSENT,,,,,,,full_frame,player closeup with no ball
01624a78bbc487d9602526cfe4540a4fe96c753bc7e126774fc5c604335e2917,sol,VISIBLE,1012,574,25,26,1024.5,587.0,full_frame,ball held at chest
01ce08140eff3b64b4971ca44c434016601f1fa298dc7d5b2836ac2e50bed778,sol,VISIBLE,631,219,27,27,644.5,232.5,full_frame,ball airborne above rim
025a8aaacfd84806f60343d16889f1b70fbbb3352db38619a859583c607ce7f0,sol,ABSENT,,,,,,,full_frame,player closeup with no ball
02a8ebb076270a5e8156d01dd9351034a2358f6c799902ea671c86bf3bf6d635,sol,VISIBLE,1432,458,28,31,1446.0,473.5,full_frame,ball held on right wing
0382ec91fd1d2da780e67b48b0add10c7a76837b570dac8b22e60c7098e4bfb7,sol,ABSENT,,,,,,,full_frame,player closeup with no ball
04256d900e0462c0fb412259b2c1fd7917c094982fe15a25621afbdd2943a3e9,sol,VISIBLE,451,4,82,88,492.0,48.0,full_frame,ball held by running player
043421998afdec270096c172f35f200dde5d1f723fe1132a02a567d1efedec98,sol,ABSENT,,,,,,,full_frame,dead ball held by official
04c33a2ba3c86c408e325c463d68da8e8d46b843b3136257e3370800df9fadda,sol,UNKNOWN,,,,,,,full_frame,ball obscured in active play
054db0ba29fc8e4ded1791cd9cf25f22812f33c60f74080c78cf35f4f69e10f8,sol,VISIBLE,655,706,31,34,670.5,723.0,full_frame,ball held by ballhandler
0560ba4573e3fbd7c7945660a3476cd07a986a689e8200743c4de19c481c5281,sol,VISIBLE,746,405,25,27,758.5,418.5,full_frame,ball carried in transition
059f61cfb0f7f317bb995f10741559cf3b6b5150b0d7cceaa5a5909cf7c2d975,sol,ABSENT,,,,,,,full_frame,player closeup with no ball
05cbce45bbb85d4cd2a1fc61d2246d67799f687299f6a52c0cb837aec010cf4e,sol,ABSENT,,,,,,,full_frame,pregame lineup with no ball
060e54341df9b6ddc705b8cb5d961bcec09c739c266d965a8e793b02c8c3f32a,sol,ABSENT,,,,,,,full_frame,player closeup with no ball
060ffbe2c29ddbd2129bcd0c31a4283ed000ebbd10378c1736f21cab9a85e28d,sol,VISIBLE,1115,283,143,139,1186.5,352.5,full_frame,ball held in close action
0678b8bdbcee81549712edcab7773594ab55b8211d3a77232bf66af50547918f,sol,UNKNOWN,,,,,,,full_frame,ball not identifiable in transition
068d095b39c71754f062e92ea196aa17f6764e08ad7b0053237dd14ef4d5a1ea,sol,VISIBLE,1451,493,27,25,1464.5,505.5,full_frame,ball held near midcourt
06b15ae77e149b1c1ab1e83f3fa9eac0ccd7eaa78dc6ccc8f628d6ac529cf65d,sol,ABSENT,,,,,,,full_frame,halftime closeup with no ball
06b61a76a7ed92f4e227015c169b53e2bd2699dd8c7c5fe8fb0f38d92c9527a6,sol,VISIBLE,1284,382,45,42,1306.5,403.0,full_frame,ball near baseline player
06b7146c14f12cbd722f89b4164cc1c10ab99530456e6615fa38a5107f7643a3,sol,UNKNOWN,,,,,,,full_frame,ball obscured under basket
0714d445d447cd121675c903f4e6b79a77bf4fa7d4a9f0abb53fe142698754b8,sol,UNKNOWN,,,,,,,full_frame,ball obscured in post action
0716d136adb43568d2a75382627391a0cbf7145f5e409edc998c9f8732245ffb,sol,UNKNOWN,,,,,,,full_frame,loose ball not identifiable
07663802c0296b89e792475d24663fd02261514fbe6ea86cb7df11563a9de53f,sol,VISIBLE,1317,119,39,36,1336.5,137.0,full_frame,ball airborne over crowd
077503ec977dee0bade6e66673ed011259f3257ca46d469441c7f03b37c42c6f,sol,VISIBLE,758,643,31,38,773.5,662.0,full_frame,ball held in low post
078b67d10e8d352cb836eb095e4d3b7e8962cafb312eebb9fa57b34a0d97cdb6,sol,UNKNOWN,,,,,,,full_frame,ball obscured below basket
08037ac3f45254131d1151faa079a5588d3837fca39b1ef18eba470f3ae48096,sol,VISIBLE,201,480,28,25,215.0,492.5,full_frame,ball held on left wing
080b4ae24d37915b8a352eccbef7306919a4520c6c07ff4cef75fc397e5e62b7,sol,VISIBLE,658,126,42,37,679.0,144.5,full_frame,ball airborne toward basket
088c361670696e6a29f5f5ea6f0009a47928be5e093fd13f6d48e27c83176f71,sol,UNKNOWN,,,,,,,full_frame,ball not identifiable near baseline
0996009510971daace753d9ad4ac50e072508cb7b32c81430bd4657683de2ccc,sol,ABSENT,,,,,,,full_frame,stoppage closeup with no ball
09a4d0d36e4889f9edcb88f707e82e15af5d84f8e1af5769f4346d2b5fc4fd8e,sol,VISIBLE,1181,201,31,27,1196.5,214.5,full_frame,ball held near baseline
0a6565dfbcddaef56b56582099b31117fea20682cefe1c2c949467e518004210,sol,ABSENT,,,,,,,full_frame,only graphic ball is shown
0a8431fe20e09972aa2278fb7c06501abaee90d8ce1b8e76211ba80117be76ff,sol,ABSENT,,,,,,,full_frame,crowd shot with no ball
0af26b42387635bd56de521cc5ddcbaea224a3acd03eda91359305c1f7877595,sol,VISIBLE,131,572,142,123,202.0,633.5,full_frame,ball contested beside rim
0b0efe5807b194b9bab3e6f262ff9a0ac6f07c73a08655dba70840d85db064c5,sol,VISIBLE,1167,371,60,57,1197.0,399.5,full_frame,ball held between defenders
0b241fe2e28c13757d751c8df6bf0dc9808ec56f08b1725c5c354396b7f826a2,sol,VISIBLE,1553,298,46,37,1576.0,316.5,full_frame,ball held by inbounder
0b2a0da950da99fe7a74d37330dd9abbe818a55878e288e3cb5d8d27c1e6eda4,sol,ABSENT,,,,,,,full_frame,player closeup with no ball
0b3f308131cbbd453856325831312cba0ee41b607e376f5a6bb7fa3845eec80b,sol,ABSENT,,,,,,,full_frame,no game ball visible
0bd4386adf802886b9b44360e518cb26ccaba0a6ad0250f497075e4e2f0acbb7,sol,VISIBLE,757,496,209,205,861.5,598.5,full_frame,ball above rim
0c5bbe8d978af5495bbe5f7acf5a7d19be589175d5322792b87b7ade7031fe38,sol,VISIBLE,1170,445,39,45,1189.5,467.5,full_frame,ball held overhead
0cd289ec6c7ac638897bb971594b0a9b66843838e58f207c10b8de92e1f25d58,sol,ABSENT,,,,,,,full_frame,no game ball visible
0cd4a064a09a5aef1b0a15bf646ad3462b57c51d326009f471d0e1de9e417f56,sol,VISIBLE,1503,371,45,43,1525.5,392.5,full_frame,ball held on wing
0d48df02e4d51ea88e1a6518b47bbda38bf211fea655b172a1625628ce55352a,sol,ABSENT,,,,,,,full_frame,player closeup
0db71514d7adcb20ac39ded1d0da68e41a75d4c0a51e9981f8dcc9e0345de487,sol,VISIBLE,1282,919,51,55,1307.5,946.5,full_frame,ball bouncing near player
0dc77fa0f8936adc5de02d9b5bea7c1ccb91ecc9325eebb9a690bd85eb76fd17,sol,VISIBLE,596,155,69,70,630.5,190.0,full_frame,shooter holding ball
0e28ec60437d97badf30bfeebc4bfefd2af91be56c178e38903ba8e81356707e,sol,ABSENT,,,,,,,full_frame,no game ball visible
0e33060e2a2dc248c1d161dd627929a7ede989b82ce9b387a7b3f50a68f4bf55,sol,ABSENT,,,,,,,full_frame,crowd shot
0e3b7e8661689213774c1287168ca73ac6945355d8efbfeef736625138e5b201,sol,VISIBLE,609,336,52,42,635.0,357.0,full_frame,airborne pass
0ec893dabad8268ebd728cd49e52446fe1c7949c383b121f0b87275728ab18c2,sol,ABSENT,,,,,,,full_frame,player closeup
0f10333a93b690a10420bb8b30fb96f6699978f52fb28c1a25563c440a034495,sol,VISIBLE,554,444,35,29,571.5,458.5,full_frame,airborne near baseline
0f1af2b34fe774fae42afebeb8f8d079b0e0d7eea52c96f3cb9516a1c875c899,sol,ABSENT,,,,,,,full_frame,crowd shot
0f5be93bb3489c3bd006eaad1f46de00e9964a77bbb8f3756cd7f5b9f7ec58da,sol,VISIBLE,1092,430,26,31,1105.0,445.5,full_frame,ball bouncing in transition
0fcb847654626ca47b1cea6a7c42470ec4bdb91e299b01c2b0bb442e1e315b72,sol,ABSENT,,,,,,,full_frame,no game ball visible
0fe4c8ddae336a282ae19bce206c65ec4a54eed69b2eb6303488544000d2c7a7,sol,ABSENT,,,,,,,full_frame,no game ball visible
1026ad7863539feb258bc12c3ea8c21c4d1adfba574f89f0c01a2784468b55b4,sol,VISIBLE,1146,0,405,362,1348.5,181.0,full_frame,close ball above rim
106212c1ea74de3259854c30e0209c33616fb651c69e2d341fa56b7d3992c672,sol,ABSENT,,,,,,,full_frame,no game ball visible
10ad02178e7d11a79a1d4911a941be512f13e93fd6711324138085919e3a168d,sol,VISIBLE,1099,112,49,47,1123.5,135.5,full_frame,ball above rim
10b7527d032113b5905db2fdb928363340fd21b44af451a2bcb7c0e72d1f9476,sol,ABSENT,,,,,,,full_frame,timeout huddle
10d786b6a025c8eeceff884b41b28a9acc1b459b8d71fdb613f2daf951d1d850,sol,VISIBLE,675,507,22,22,686.0,518.0,full_frame,low dribble near midcourt
110f054be70cd154599e5f285465922b9fbf9a086b04f2a3d321912f5c1557c9,sol,VISIBLE,1271,802,29,35,1285.5,819.5,full_frame,guard dribbling ball
11ffdedbd9f04b6098ce0f03bd22b0f31745226dfd46e16388e88c91c6a3f823,sol,ABSENT,,,,,,,full_frame,timeout closeup
12fae7c643419925b0a63d4c7d30afc1a04c1a565d5ce9068fb177a8f9c525c4,sol,ABSENT,,,,,,,full_frame,postgame interview
132df7d1940203dc725c171bce5209ac2ccfb10e45e2c5568aa45e70f6bf7e8d,sol,VISIBLE,225,579,27,31,238.5,594.5,full_frame,ball with left handler
139b5e762e0905a971a75a59bf0811b9a551726d69b23d7215ea4ae1bcf67ef3,sol,VISIBLE,768,413,27,32,781.5,429.0,full_frame,low dribble in traffic
13dfa04669bf44d17e34d560311fdbbebbc2a41d148dbf05ebbb6bb5349f1163,sol,ABSENT,,,,,,,full_frame,no game ball visible
13fe9b95f2baa8247ef5b480db021592c1f1b12bbfbfce4ae710f4b67a61ac29,sol,UNKNOWN,,,,,,,full_frame,ball obscured in traffic
1574171a0438267ad6899c56745773b4dc6b78e79bc455a83bfb15774fc9f7d9,sol,VISIBLE,1717,543,29,30,1731.5,558.0,full_frame,ball held on right wing
15811f965b333109faec2b62a84f50dd2dbed20824e77fb05e46ff5081b14764,sol,ABSENT,,,,,,,full_frame,celebration closeup
162155c0f0604f3d22ae6b211e8c549877d26044be323067f408a954fc87e257,sol,ABSENT,,,,,,,full_frame,postgame celebration
1623782c2aebfa8ca01815dc8824efd1bc748dec80580a27181bb14350d87767,sol,VISIBLE,340,403,26,32,353.0,419.0,full_frame,dribble on left wing
1641577caabb54039d6e91e3399b6e81031b8067b42fde460acb019a490d65b3,sol,ABSENT,,,,,,,full_frame,full screen graphic
167958b50c68c4e4a66e3a490eda19b440264c9845ca2909291cd357e741ad9f,sol,ABSENT,,,,,,,full_frame,official review shot
16c583e45b3936aa65d2dce0135ff0a6bd95f0fb9cd5725e34c56abbfae258b7,sol,VISIBLE,963,359,32,33,979.0,375.5,full_frame,ball held in lane
1715c179cde0c725fff621a8bbd9a5d530919d3a2a225e5574f92225dc543220,sol,ABSENT,,,,,,,full_frame,postgame interview
171ccd76427d46b36945a39241cc9cab358c95c8570aec46c8bbf65b004c0afb,sol,VISIBLE,1020,399,72,79,1056.0,438.5,full_frame,airborne pass
172177e657ab4a55685d4735067c9bfdbdc15283ad6ef388b0ca54fe0452835a,sol,VISIBLE,331,715,37,36,349.5,733.0,full_frame,low dribble on left
1756edee9fdcc4ad55a729a74e1698fb43c6c0e485a08e783a3e714fa80279ef,sol,VISIBLE,1209,365,42,43,1230.0,386.5,full_frame,ball held under basket
17b7e5165d18e89ec8cdf10e61e1e730045270597666889957436ca209916965,sol,VISIBLE,142,283,47,48,165.5,307.0,full_frame,ball held at left wing
17d6fcd7fb73dc6b2ca7290f23ce0e2376e2cde27bca89b56e06dd97b01d312a,sol,ABSENT,,,,,,,full_frame,bench timeout closeup
1857d246757a862a829d8d1446a84402b35a7d4a93bd454bd19071bff262ebdf,sol,ABSENT,,,,,,,full_frame,bench scene without ball
18655fec2b1913c9a5ed381a0f22048c0a75367fbd4edd75254743cc2036af68,sol,ABSENT,,,,,,,full_frame,player closeup without ball
189ad3ac674890c5633fc2dd5cc3b95a790c360eeaaca3e494a4055f9b7d1e82,sol,VISIBLE,708,717,32,31,724.0,732.5,full_frame,ball held near lane
18d717b95aad33aa5ace24439cc7b0c3b314759f3b28605f5dad903c3cb30072,sol,VISIBLE,446,399,39,36,465.5,417.0,full_frame,ball partly behind screener
18f0cbe4d4c66f57fd89943cf98ec4afd374b683d0c171d3d0f19ee855159349,sol,UNKNOWN,,,,,,,full_frame,ball not discernible in wide view
18f3d180b4854a548ba4cd699bd2cd3452fb4d7882658dced319d09ae2037998,sol,VISIBLE,1104,453,33,31,1120.5,468.5,full_frame,ball held in paint
1964f056bc85375168c21c069d074ae31d87e9efc9595a2265c0b222db131811,sol,VISIBLE,711,472,31,33,726.5,488.5,full_frame,ball beside driving player
196f3c56062a843077a6e7166247f2cf97d7dabab56e10ef04428d5c1cdfa126,sol,ABSENT,,,,,,,full_frame,timeout interview closeup
19aa39df5c12435f075506b642b27877c073bd5cf9ddd7265743a7d7c73b8c61,sol,ABSENT,,,,,,,full_frame,no ball visible on court
1a1a5c6d446a2ef6bf07093214156f1023d53314952932e1938a1868210b9c26,sol,UNKNOWN,,,,,,,full_frame,ball obscured in transition
1ac73a2dcdf15b5d6440505a27ab2ea5de2ea00ec81ccbc506c9dff7173e5033,sol,ABSENT,,,,,,,full_frame,team huddle closeup
1b52ab7e5d34a109084c217412ed79683aa3bfaaa85bb7936bcd28ae13f333c4,sol,VISIBLE,991,557,27,26,1004.5,570.0,full_frame,loose ball near baseline
1b7184dbaa2975052158c54c1193f0225526760bbc7b3c3ceae5744685d02af0,sol,ABSENT,,,,,,,full_frame,pregame introduction scene
1b86f4d0f72ae1889feab059cd4666616b267abb485788272ebe186109545669,sol,VISIBLE,1444,627,25,24,1456.5,639.0,full_frame,ball on right wing
1bde52a9fa30008382a935a8b75ef863bcf4ce0025698ee8fe4e70d85a705b46,sol,VISIBLE,811,46,70,67,846.0,79.5,full_frame,ball flying toward camera
1bf643c2eec3b066c6c9ef5bf4972ec773b2be2c1c1bb4dc728159a46d1efac5,sol,ABSENT,,,,,,,full_frame,no ball visible on court
1d1cb65290784050f05e114de2d924c2417cf05d48ff636dde6c4822121b8a05,sol,VISIBLE,756,396,39,34,775.5,413.0,full_frame,ball held by baseline player
1dbb98c89d42ef9d5c05d638ced58174eba27f09cb3b8f7beb2c7aad763fb690,sol,VISIBLE,1071,266,45,42,1093.5,287.0,full_frame,ball airborne above lane
1de680a0b8185f7ae4ecfe73680f91b1c91ab01a84a4db246805c0829c70a689,sol,VISIBLE,1178,570,39,38,1197.5,589.0,full_frame,ball held near baseline
1e020a4bdc8924fa0053f68a60d1f7954eb5d78e887924970ecc0bc2bc710281,sol,VISIBLE,1730,498,41,36,1750.5,516.0,full_frame,ball airborne at sideline
1ed950faa3530acdd3cdcf78c3c19732be7432bf4a4dc1ec7b61c9eaf1e72153,sol,VISIBLE,291,193,48,41,315.0,213.5,full_frame,ball crossing upper left
1eeefb37ee64be56ca106e5c964e27a6a27b0e51c5ee4e8fad095bbfd712e140,sol,ABSENT,,,,,,,full_frame,dead ball held by official
1ef290866cdef99eac79963839aae1037aedcca489dfd0eb48cf2e68e655d97f,sol,VISIBLE,882,118,53,55,908.5,145.5,full_frame,ball airborne over lane
1f22a2a528473a7b93dcd7544caf156e9af80dad501a893bc33f16e8158c789a,sol,ABSENT,,,,,,,full_frame,player closeup without ball
1f6c55e79eb3d2a3f1a58ca9f3c1c519d71a540ea74f16aa6b50e761cdc1105a,sol,ABSENT,,,,,,,full_frame,bench closeup without ball
2034fa57099c3b2942a232d1789ddcc95d2352584e3fe33f1fb5e9eb93ad54a8,sol,ABSENT,,,,,,,full_frame,injured player closeup
2064dd5b1714766b875f09b4f6d2d9a2bead15f7710f62e6f29d548727fbec73,sol,VISIBLE,997,605,34,32,1014.0,621.0,full_frame,ball held near free throw line
20acbc1fcca15521097a437ffe46365e974a1f7465a45912146e7a9d389aea3c,sol,ABSENT,,,,,,,full_frame,player closeup without ball
20cbcbd309628c8ada7b8db72cf55148de1a4f1df202827fb50fdb9860f6beb1,sol,ABSENT,,,,,,,full_frame,stoppage without visible ball
20e3d59773aa46f4217ce261270cdcdda96805e4472f093d9039415034109e54,sol,VISIBLE,430,638,31,30,445.5,653.0,full_frame,ball held by left handler
20ea1070cef466b895f7eef7c87325e152af9358bd76ef5c722eb2e08133a5af,sol,UNKNOWN,,,,,,,full_frame,ball hidden by broadcast graphic
2136a528a2d81ea25550741453599aaa27641a98aacfe2e0e7f3ca22a09ee0d9,sol,ABSENT,,,,,,,full_frame,player closeup without ball
21397c7b3c55e7e30722aecce2aa333a6c2871fcb598b40464a8c9eb65cef447,sol,VISIBLE,1028,370,43,43,1049.5,391.5,full_frame,shot airborne right of rim
21ad836779ea367c0d211410934d94bc61d8343faa66103b0839eeb7e52bf042,sol,ABSENT,,,,,,,full_frame,dead ball outside baseline
21af71171642d7536d5c7127dfda71b093ac0d221fdbb3c35325fa00ce857a9f,sol,ABSENT,,,,,,,full_frame,stoppage closeup without ball
21d9b9c5350fc1377eae8266d72c429f2f116ffbc1462e9c987f1e7d530a8396,sol,VISIBLE,472,548,40,39,492.0,567.5,full_frame,ball held in traffic
22548044b18e3773b228619f0d0827eeaf1ed2d4ce77987181f32d2a689cc70a,sol,VISIBLE,1330,101,39,39,1349.5,120.5,full_frame,shot above backboard
22965c4756ca6efc433097b885a5ca1772c042c66eeef86df56f0ea276aa42e7,sol,VISIBLE,1098,501,41,40,1118.5,521.0,full_frame,ball secured under basket
22bbc4ff9c7e0b873dff66b9f914fae6837adff6df78b956e65bec5b8e577dea,sol,ABSENT,,,,,,,full_frame,crowd closeup
22fb1eb7d39c52dda5f2f75ea5ad04b92a1ee4bf3be6929fe9c57dbf0376b54d,sol,ABSENT,,,,,,,full_frame,player closeup
237d19193aeede4824f524531944087848308ef4fe92f97b28b4e45c9bdf166d,sol,ABSENT,,,,,,,full_frame,no ball visible
237f9ae5889173780ca212bb646f15cd06fb33377b9671ae6d83dd663c423079,sol,ABSENT,,,,,,,full_frame,full screen graphic
23cbad5a1c2d68a647f3c4466f4a7ab7908ed1babf8a4a6885299e6a84e5f3e0,sol,ABSENT,,,,,,,full_frame,coach closeup
23cbbd9e412d21fe818271273fbcf19e86ffdbb20b971eeb9841d934679b159d,sol,ABSENT,,,,,,,full_frame,player closeup
23cca1abd53a7a1bb7dd13b7e6b754b9c78ba99cb28f1f8824d7a7cd6fc27f8f,sol,ABSENT,,,,,,,full_frame,players after play
24188290937e25df89ed4ca740c029339641e55c11add15a7e961abe0cd00339,sol,ABSENT,,,,,,,full_frame,postgame closeup
2429eda8f89636a22b1d11a36220a0c73255fe554cbcac9fdaa992e356cb5057,sol,ABSENT,,,,,,,full_frame,stats graphic
243411904abf14d2d21314daaa3be7f75fec2ee82a7d219f02be618e13aac30c,sol,VISIBLE,1129,255,49,44,1153.5,277.0,full_frame,airborne ball
24896f416885b7cc499029d081e869ebc69559396cb60cdfa62d03bc7007657c,sol,ABSENT,,,,,,,full_frame,no ball visible
24fd0a97b8dd48fb65390c75b3bc5f69734e729687e17adde219149614006ef4,sol,VISIBLE,1058,360,65,45,1090.5,382.5,full_frame,motion blurred ball
24ff204830b96a8cbfeb2688e0dc2e2062849f5daa3febdf4b4f67828af15dfa,sol,ABSENT,,,,,,,full_frame,interview closeup
25de3240f18a9fb6621995cf4d2c21f200dd5ec715754fd865cedc217627c2d0,sol,VISIBLE,1061,393,44,31,1083.0,408.5,full_frame,dribbling ball
263140f3bad0766eea3bd19f135b64591ae55a35c9172a97507e475fd3b50ce8,sol,ABSENT,,,,,,,full_frame,player closeup
2643efedef7defc035734cf4ea032d9f4c78e21e93a7506423b386aaaba62890,sol,ABSENT,,,,,,,full_frame,player closeup
26d7d47a599a028304d4273454bcaac90dee7e27cd1e3314a595652187d94677,sol,VISIBLE,930,270,80,78,970.0,309.0,full_frame,ball held overhead
26eb9cee0a07399b0c7a82b50d4af683e63d03f766083601ace7c0007bcf3699,sol,VISIBLE,969,482,129,34,1033.5,499.0,full_frame,motion blurred pass
27316d5c1509ae5d55313299818365cfd9e12721ac12787084d9583ad22a4e7a,sol,ABSENT,,,,,,,full_frame,full screen graphic
2798587f7b5c02fe536e630ee40987bd0f34b43bcaf7955ba3ad6428db39ffef,sol,ABSENT,,,,,,,full_frame,player closeup
27dc4e42485e51ffb24f202b9a035eaae7989240a062b4caeb4b81ac82284a30,sol,VISIBLE,995,812,75,83,1032.5,853.5,full_frame,ball inside net
283468ecf8c555331c501fd825e5c21f435e3b8d2262528670e1d2d759b2e5fe,sol,VISIBLE,1325,545,58,46,1354.0,568.0,full_frame,ball held at baseline
28ac36198862035ea0c6bd1aca9b2daadaf7efdaebd19b7f9879678cbb7f8372,sol,ABSENT,,,,,,,full_frame,graphic ball only
28c45077ccf499e1a5228bc129a9ee25c1b7fe2ee89e3ee786eb20c9783d92a5,sol,ABSENT,,,,,,,full_frame,no ball visible
28f423d90721962afc1a8038875cbe9d37b19e7109a4fd4b9122f4dc6cb33e54,sol,ABSENT,,,,,,,full_frame,player closeup
28f92237d044af6d15208faf09cc998d94a9c1be19cffdc1e46b51528873faec,sol,VISIBLE,389,640,38,33,408.0,656.5,full_frame,ball held low
2910362aaca2fd21ed16ef886f80acd40b51ecb66fe487b1d0972bdc56112d26,sol,VISIBLE,1606,448,34,26,1623.0,461.0,full_frame,dribbling ball
29396a12ecc8abc4e34ee6c08b698ea1b464d1df679a2019eaab5d52e5a453ad,sol,ABSENT,,,,,,,full_frame,no ball visible
296bcac9920829e44e07e65abc78d00136d9c7a02ac7c408fd07f86a6ab69571,sol,ABSENT,,,,,,,full_frame,no ball visible
299468af20c51dbf3e2090310433847fecdb8dbc1138dae74f3314da344bebf7,sol,VISIBLE,1499,449,31,36,1514.5,467.0,full_frame,ball near raised hand
29a5e8320a7051398a643a2c629e0f5895c9eea8748f00d76377e34fb01b6522,sol,ABSENT,,,,,,,full_frame,no ball visible
2a9a710a92da095192e9795585a50a80d61c7f3471f09b3269df86592db3d0ba,sol,ABSENT,,,,,,,full_frame,player closeup
2bb500a83daf3afa5636a418a3a2a1a45600bc7c1f071b8732fc6c6c0d9ff236,sol,VISIBLE,926,495,98,99,975.0,544.5,full_frame,airborne red white ball
2bbe984f4a74b18664c665c3420d3ce26fbf10d4597350334bca69f149859531,sol,VISIBLE,980,164,40,40,1000.0,184.0,full_frame,ball above shooter
2c91e135e4269b4dc9cfd74019f56a035f34266a9e6d0eb77d095291ff9d0df6,sol,ABSENT,,,,,,,full_frame,no ball visible
2ce019929197f1f70f73d69b7ebee54395e3d9230d2112fa7b0479a8f0cd5e8c,sol,VISIBLE,1519,494,46,42,1542.0,515.0,full_frame,ball held on wing
2d4b0c99d15d4db6fe8ae0cc36eb685d80bb3b10efba8902878330d54af88916,sol,ABSENT,,,,,,,full_frame,player closeup
2d61858c542071d4f2f868987ebbb8806cd8a10168b82dd63928c38d90b9f03d,sol,VISIBLE,486,423,61,62,516.5,454.0,full_frame,ball raised near rim
2eb34d6a761b39ab9284313fe5e2b742d2437777f6a37478ab17b86dcb726562,sol,ABSENT,,,,,,,full_frame,player closeup
2efda39878646c2e8253f9676d7dd9abf4a7417459ff4bfffbc3dfcb490d21b1,sol,ABSENT,,,,,,,full_frame,player closeup
2f016c06f20894d50f6bf44eb17b2a86b28c2072faaba6a0a3cb7e74d300fa49,sol,VISIBLE,1007,319,33,32,1023.5,335.0,full_frame,ball airborne above defender
2f04941c7a03abe8fea239a8e6e6e1cc31256fa8b44169e458712516ee768627,sol,ABSENT,,,,,,,full_frame,timeout bench closeup
2f06e36c1ed1c145ab0713133008fa1b0aad13d152eea9479cc456f3de83911b,sol,ABSENT,,,,,,,full_frame,player closeup without ball
2f243ae981ad41911be70d35816286e6c356f500d8d93e00b3c3dfb32a89144c,sol,VISIBLE,916,612,31,31,931.5,627.5,full_frame,ball held at waist
2fa4df83ec62b00aad3b497c6e1d7656afcaa13a19aedb0f7daf3bcacfc533ae,sol,VISIBLE,243,569,27,31,256.5,584.5,full_frame,ball beside dribbler
2faa7ff03a5c92ab1171b9db598ac35dec447153b5d8b2ddf224c55ae60ec7d7,sol,VISIBLE,645,348,31,29,660.5,362.5,full_frame,ball in extended hand
2fc1c0c397b9c2352c2522ad63fd3afe145092e42f789740cc554e84ea337cec,sol,VISIBLE,1198,651,37,38,1216.5,670.0,full_frame,ball bouncing in paint
2fe64d28cb18ab19038a3f89507381f11d2d211ce72b6fb10aad289f67bd8ead,sol,VISIBLE,789,218,30,29,804.0,232.5,full_frame,ball above the rim
30154a7e31103db64f8bbe2024a6f240d6327313267156aba1a723009f6a356d,sol,VISIBLE,1048,479,28,29,1062.0,493.5,full_frame,ball held under basket
30356bf13742170128ef8fcec769eca428171917548ad839851350ae93776098,sol,VISIBLE,709,510,30,29,724.0,524.5,full_frame,ball secured in traffic
303ac8d28eeb70d76f501c2db26c060116a2737673e2e628fe09f29d9abc4764,sol,ABSENT,,,,,,,full_frame,bench closeup without ball
311dcabd8fc06df051cac04a20433cddd8ae920a34ee3f2540859fad02969855,sol,VISIBLE,752,797,31,34,767.5,814.0,full_frame,ball below dribbling hand
3130cfa098e54f28258c10bf925e8b4e8c0c0f33b36a0afd2aeb3c4ff383c93a,sol,UNKNOWN,,,,,,,full_frame,ball obscured near handler
313bff52e59385f621946dc5a1184395813ac6d11ff8969370b15855d18d01e6,sol,ABSENT,,,,,,,full_frame,player closeup without ball
320fdea1359495a998e0efcf83b89f856d025bb4eeca184effd3cd5a11258aba,sol,ABSENT,,,,,,,full_frame,player closeup without ball
32a9b704493fbb795fb761f37bef3fdce018f9bee88a4ec8ec651ab518983bac,sol,VISIBLE,692,512,33,33,708.5,528.5,full_frame,ball held between players
32d80de87a3b4734d676565e434a26c5367c5dc832319936f1ab373124f096c0,sol,ABSENT,,,,,,,full_frame,ball outside visible court
33525f98eccfbcfe08bd471bb58e98acfa141df0fbaecbf1f08e08d1e88dcd18,sol,VISIBLE,323,268,25,25,335.5,280.5,full_frame,ball held near defender
33b657bad2c022d318d4f3142032e547d2796ab3df86293418c04ffc26cda55a,sol,ABSENT,,,,,,,full_frame,coach closeup without ball
3427c8976d82fa8ad83e5576b91d3e5733d1fbf89c6b8c1e199dac4877e6d29c,sol,VISIBLE,1527,394,23,24,1538.5,406.0,full_frame,ball at handlers hand
3460c10d21ee16eaa06c2ae873e279e4fbba155b259be0c12f2494d06576eee1,sol,ABSENT,,,,,,,full_frame,interview closeup without ball
34766854d990d4a26907caad5d2686f9434d7c284421a529b278b7fa31cbd08f,sol,VISIBLE,1323,444,30,30,1338.0,459.0,full_frame,ball held by inbounder
34a68e7844f33d03dc91bf0ac111d896bb6f340377dbf2be9dc62f1ee5c3fcc7,sol,VISIBLE,1064,796,52,55,1090.0,823.5,full_frame,ball bouncing near sideline
350458ba9feec4e39bf5581d4b4537cff555839a192050d9322d8bf57de03859,sol,ABSENT,,,,,,,full_frame,crowd closeup without ball
3522f413dafd1bb6a298d6f8718c4dc246d8c217f350fd9eb9569242e0dc0301,sol,ABSENT,,,,,,,full_frame,timeout huddle without ball
35d8cfec5e3d2be8057c87714074fcb3af31eba724c5264f08a3a78448135c47,sol,ABSENT,,,,,,,full_frame,postgame court crowd
369640d8f3c16f995725e62593833f00cab3e21be3efa647210036a6eb4d15fb,sol,ABSENT,,,,,,,full_frame,postgame interview scene
36b7d96fbb5b5ae81d39193fef2a27b129ec5af36ac9b5e11350a135efeb6279,sol,VISIBLE,1173,286,30,30,1188.0,301.0,full_frame,ball held in rim traffic
3706b27ac29699d598acf43c919dc3ccc2f72451f9797aaf9f209651c43c1bcf,sol,ABSENT,,,,,,,full_frame,city aerial without game ball
37bec05d324a20b5dbde969991f97f107abbfe1716d257d72e1c10f115f5b1a0,sol,VISIBLE,1199,191,29,29,1213.5,205.5,full_frame,ball airborne near rim
395923ab30bd9f5175dd813fbe027bc57a05bb928cd7c2f6cfc5c341a645a33d,sol,VISIBLE,489,606,31,31,504.5,621.5,full_frame,ball held by handler
39adef9c83249a4e5ef43f71db222d86e09aacb8c7011dff0f5aeecbd6359f70,sol,VISIBLE,296,668,28,27,310.0,681.5,full_frame,ball bouncing by dribbler
3a0a3add537a99d8a33af4c485aaebe4c0c8711637fa6b301af109f67ab70b0d,sol,VISIBLE,1639,764,29,31,1653.5,779.5,full_frame,ball beside right hand
3a1086cbf8943b8233eb6e9c621c8750283d5b0d2e11a30e99bd73cea799f3ab,sol,VISIBLE,372,355,29,28,386.5,369.0,full_frame,ball traveling across court
3a1eac61e1a942b7b31700298f56457707bb1a95295d339f60a60d7a26b4a833,sol,VISIBLE,909,687,51,53,934.5,713.5,full_frame,ball bouncing in foreground
3a43247ea7551d6a14ba6048aa80349de0e47f77911f3860ba85389fd92fa492,sol,VISIBLE,989,552,39,38,1008.5,571.0,full_frame,ball secured in both hands
3b2627eeaeb9e821a62e012eb1e292120268ee0efce82b9d5f6193f515e95cb2,sol,ABSENT,,,,,,,full_frame,postgame interview without ball
3be793e57b63e9c348c3f5568c40b12da5f0ab670a9b501d50f99e9e2686b053,sol,VISIBLE,672,250,34,38,689.0,269.0,full_frame,free throw ball airborne
3cd9af01508e7038b88eccb5605661f483c593d925287c309fe2c77b1e59eb34,sol,ABSENT,,,,,,,full_frame,spectator closeup without ball
3d11e940c721c0fa603253f4e78940a080db2b69669fa073e4590b854834301d,sol,VISIBLE,642,227,48,43,666.0,248.5,full_frame,shot ball high in air
3d209e63af68ec4bd5dde83a5465e5fd96e003ab244c9b9f92405fe09f556636,sol,VISIBLE,1443,468,40,39,1463.0,487.5,full_frame,held at right wing
3d5bfeaf149137570da522c6d992297469c1a205b1708c0484ce376bf6f02812,sol,VISIBLE,995,482,35,45,1012.5,504.5,full_frame,held under rim
3da016070261f317f62e1023453b415bfc76365c7aca1bbb75ed144cf77b5be2,sol,VISIBLE,1363,583,39,37,1382.5,601.5,full_frame,right wing dribble
3e0b4956d16c69707c7f3a9216eb8540d88f43eb3a0cdb2a41cf0134a12db341,sol,ABSENT,,,,,,,full_frame,between plays closeup
3e1def3d25f97e16f4213a2e990cbc8bd901c29da79e22ddf10eb5f9fbfc37d6,sol,UNKNOWN,,,,,,,full_frame,ball obscured in live play
3e8a35d3ccaef96f41c214190d718f2622821924f7d3fc9736b0268b3bf5b206,sol,VISIBLE,803,543,93,96,849.5,591.0,full_frame,motion blurred dribble
3ed0ff187412603e94dd18978285f9c601193f5ef98f2f19af10c56a4cde363b,sol,ABSENT,,,,,,,full_frame,postgame player closeup
3ee198390449ff6335e9abc422a6e098edd46eba95a79ac97c017834bc85235d,sol,ABSENT,,,,,,,full_frame,no ball after buzzer
3f185619312046487677eb07ff641a72d09e91e9de3f841b9af41145f4b79b6a,sol,ABSENT,,,,,,,full_frame,bench closeup
3f21f1ddaf0bf659c0e6b1a2729684e4bf9314a76b2c3fd356f62c5524ca8d68,sol,VISIBLE,1451,449,35,35,1468.5,466.5,full_frame,low right wing dribble
3f35e95e476d062086abee57576e602cd1cc6dff7d1483cc5ce824886eadb1d1,sol,ABSENT,,,,,,,full_frame,crowd closeup
3f41b5db499787fdae222123d3b1cdb64039a0a66090090efe2de0fc0f9fe412,sol,ABSENT,,,,,,,full_frame,graphic ball not game ball
3f583d2f8380b5f64eb2b7878256e63194908ca4b40e6654b391c33221d0e0e5,sol,ABSENT,,,,,,,full_frame,player closeup
3fac7667dfa4f79f231fac3b79b5ce60f2865aa75300e45a10eba7b34c747741,sol,ABSENT,,,,,,,full_frame,ball only with official
3ff88c8cbc62e29a9bb402c16b78ba628c458b0cdc4d9e1e29bdab0f46eee40a,sol,ABSENT,,,,,,,full_frame,ball only with official
4120fe16d5c55c3885999b18d77b7a2d0eb5e1a10c2712e5709aca3d58bff755,sol,VISIBLE,1142,257,32,36,1158.0,275.0,full_frame,airborne near basket
412413c05f7beb7a5953de30667025544b440f6ee801edc89d1b9b177c43df2a,sol,UNKNOWN,,,,,,,full_frame,ball hidden in contact
4124266da547b10bce25bd4466cd55031e7f4ff3dc530fbab2cb13eca9f51771,sol,VISIBLE,842,337,55,54,869.5,364.0,full_frame,held at chest
41d019c3b574a31c1a73f27c69c1923021c4d5984c3eb04e81ff63d63c0aa3b0,sol,ABSENT,,,,,,,full_frame,ball only with official
4209e0afa63523ada47374829906a6895816cea5b6326dc490abfb52feeba092,sol,UNKNOWN,,,,,,,full_frame,ball hidden by players
42118b6a72a0f59ea5950ec9fe1f7f6a3c2303d1fbd0537d6fb9971f18ab9f21,sol,VISIBLE,1193,404,31,22,1208.5,415.0,full_frame,airborne pass
422239c9c6fb0e2e7582a06e2c51ff7a3c25dba2e8858d44bfaa84d8f10cd4a3,sol,UNKNOWN,,,,,,,full_frame,ball obscured in lane
429d0d1fbda6316ac6e85bc976d268e5c0f40afda19e1c692e7902e8187d3c48,sol,ABSENT,,,,,,,full_frame,bench closeup
438ec97a364869617e96721e963604375ae841664b055410bf29900a6197c760,sol,UNKNOWN,,,,,,,full_frame,dribble obscured by defender
4391d4db24bc5d6405403dadfe69125f35ba14b76a1584133a2c522d86928e01,sol,ABSENT,,,,,,,full_frame,sideline interview
43abca024ee0133823832eaab48ce3e9d334131640876245faf137e3b0d72717,sol,VISIBLE,725,543,49,48,749.5,567.0,full_frame,controlled in paint
442d0172d04ac1e8943bee1b954bfdb4822abae9d0042570a86d02100364d12c,sol,UNKNOWN,,,,,,,full_frame,no clear ball at handler
44d2f30b6681695e77550c038399325baf57949ab9014f8987391fdc3b726d4d,sol,ABSENT,,,,,,,full_frame,player closeup
45111e3bd05a056536ae5c1b25c08c0753f8f2eddf80b6a1f27d1d8b0692a537,sol,ABSENT,,,,,,,full_frame,postgame closeup
45926cdb573cba3b61704085067ea133edde6dabb8a0c1a4b28921e1d2626a50,sol,ABSENT,,,,,,,full_frame,player closeup
45cfedb36b91bb8d81f68eb7248fb402ef4d13819b9c7379b773ce3d818104d3,sol,VISIBLE,850,394,112,113,906.0,450.5,full_frame,ball on rim
4650fce328c9f95e72e2eea82a69b831d283c708530ab1edac9a640bec77279a,sol,UNKNOWN,,,,,,,full_frame,ball obscured at wing
4680eba1cd06ec91b0046cd3789bb61d43dbd9a4afffb4975e87e2a003d47e18,sol,VISIBLE,1237,492,31,31,1252.5,507.5,full_frame,low dribble
46b6196afc9b02b1fb2691a64c4b963d6f9d8d245468d0bacd908d5f810635e3,sol,UNKNOWN,,,,,,,full_frame,ball blends with inbounder
470cd9afd8c573a081402230c5fe6cc82945b6c54ab5c5de5ae158ff4aca2caa,sol,VISIBLE,1457,793,101,130,1507.5,858.0,full_frame,close dribble
473ef42aba1992e379cb19efb3aa16eafc727384443a48398759a68f254e9655,sol,VISIBLE,668,459,53,51,694.5,484.5,full_frame,midcourt dribble
47826bc60f3c7de62941f86f607822d55a0662c6b19699f8cbb5880649344f90,sol,VISIBLE,483,450,46,76,506.0,488.0,full_frame,held by inbounder
482d0437ff70368ac28435e0bb71c577b3d0864232c4b2dd25d523e2d8c11749,sol,VISIBLE,225,473,29,34,239.5,490.0,full_frame,left wing dribble
485667db795cdc3a7da389229dedf385a70d4af26a18c5d3c301f39cb5041707,sol,VISIBLE,716,314,39,41,735.5,334.5,full_frame,ball in net
4889322a19c9dbb01025e76af2badefd9422b9ac96ff0f4edb75b9b08e2ec741,sol,VISIBLE,1598,568,24,27,1610.0,581.5,full_frame,held on right wing
488ece7f5ce8fe81cc4f23534bf8331d69fa14ae44421fac50793c669a215f49,sol,ABSENT,,,,,,,full_frame,exterior venue shot
48a31ddd32d36fef3f3651aede1bcc4547776bcb4de803f1e4f32c443ce3bec6,sol,VISIBLE,1571,756,28,53,1585.0,782.5,full_frame,ball bouncing by player
493100e98464b4fd6069f97bf684305eb9f66930f355dbadf330a3fe3b6075f4,sol,VISIBLE,856,552,36,38,874.0,571.0,full_frame,ball beside blue player
49759debf1d117119d61a2cf7a79034cc51e177d741377a0fd4b679f7c43cb27,sol,VISIBLE,401,429,31,33,416.5,445.5,full_frame,ball held by guard
4a4d42a5cf72a295de2a1642845b6ea02226e7002ea8bdcec9c46851ae76091a,sol,ABSENT,,,,,,,full_frame,commentators only
4a66870b97d6f459546a8e225f48301e920d8f36a191f29921910408edaf1b54,sol,ABSENT,,,,,,,full_frame,courtside interview
4a8130a3bbf855cc6a7adf626c78baea0c41cbc852651b7e99ee2de097f98955,sol,ABSENT,,,,,,,full_frame,no ball discernible
4aa64724a263ec9b72c8b0dd853da47466633fa55c1c9695305bd39c59a52bb9,sol,VISIBLE,465,519,66,62,498.0,550.0,full_frame,free throw shooter holds ball
4aacb40e95d793da832e75868b2e20fc5da56a0b36c909e4e339c137e70971d4,sol,ABSENT,,,,,,,full_frame,players between plays
4b05e098a7059b2de698d1a5665249995291732360fc88ec23375a788bb121ad,sol,VISIBLE,837,593,34,33,854.0,609.5,full_frame,free throw shooter holds ball
4b3e14a9ae733872f388f6eee7efb4f6a993a7a05302ecbaaa39695d7ac8ee74,sol,ABSENT,,,,,,,full_frame,player closeup
4b5b66ab7b3050228a0cd033f4234af41a9e91813b3f571cf5b71e4eadf64e10,sol,UNKNOWN,,,,,,,full_frame,indistinct object at left border
4b90d2fd363eb516062bc8f49fd92e4214bbf18921d5dcfddac73ef542dec156,sol,VISIBLE,1542,561,35,35,1559.5,578.5,full_frame,ball controlled by guard
4b9307a32abd3afa640af868637260ef879f046917f24c748bc55e80e9a1daf1,sol,VISIBLE,1261,504,33,34,1277.5,521.0,full_frame,ball held in paint
4bd2281bab76852367e2ab7c6b4d41e33758104e5839e832d47f0779f097e1ee,sol,ABSENT,,,,,,,full_frame,postgame interview
4bfbd15059d0c58f0997241208c12f7623edd999b41b8cfcdff9d5fcdaae37b1,sol,VISIBLE,83,704,28,29,97.0,718.5,full_frame,ball under dribblers hand
4c04ef3b2fb85097adb026e04254f1dca19ea33de08d51d63e707e45925becdb,sol,ABSENT,,,,,,,full_frame,ball outside visible frame
4c40b3169cde4328ec3855ebcd4dda750e276e89d29b07ef8e0ebf8c9cbdeb21,sol,ABSENT,,,,,,,full_frame,exterior venue shot
4c56920ee7936022f81d89bcd40575203ed6e7854fd9e8d10c13ab7008de8a65,sol,VISIBLE,255,239,222,218,366.0,348.0,full_frame,ball passing close to camera
4c78585af542a3077aeb640d0159be8fb86d97fab80133675cad55515042d2be,sol,ABSENT,,,,,,,full_frame,ball not visible in transition
4c7e2db6b6661d0bc867297b88bac7925e543d77653e8a1730377eaebbb7b0e6,sol,VISIBLE,164,597,35,33,181.5,613.5,full_frame,ball held by left player
4ce9feada8d79aaee3dd2e51ad95f11af8bcf774d20e93383c24d6059b5ef97f,sol,VISIBLE,939,410,25,22,951.5,421.0,full_frame,ball held near lane
4d0b01c58d65e01ff97ae232627dda289fcd6484dee1d91d4416b9d9c5c367d5,sol,VISIBLE,773,418,49,50,797.5,443.0,full_frame,ball held for inbound
4d3b973423aaa40c186ed70239f05c85fcd889f189ee090cb87c573ffdb4ceee,sol,VISIBLE,1637,590,25,25,1649.5,602.5,full_frame,guard dribbling at right
4d4cfea838a047c54af112649205a1192f978b5179773030db3740d272430a68,sol,ABSENT,,,,,,,full_frame,ball obscured among players
4d5ff17b43bdbdf6d70a7aa78414db6fe98669c4751c2f3f535bddddc9b16161,sol,VISIBLE,568,435,31,31,583.5,450.5,full_frame,ball bouncing near guard
4df68823644fbe0c1f8e43f74979bacb5aa735323a5745ef84b288a25b7efa19,sol,ABSENT,,,,,,,full_frame,team timeout huddle
4f1ca53421db45c87e44819b935fc030c9dc2fc56443bba10930628f8ac8f8b3,sol,VISIBLE,448,467,31,31,463.5,482.5,full_frame,ball held by perimeter player
4f64a50ac3c15f025f2bd8a96133be5be89f4b2ac049a1572f577af8229ba4ed,sol,ABSENT,,,,,,,full_frame,dead ball held by referee
4fecde40157eb2e3864127bbf27a6c1cba754ddb60b39e6c0de0d08e0efd7d2a,sol,ABSENT,,,,,,,full_frame,ball outside visible frame
5034f723871938bdca9740e94f20d5efcd1aaa066ea592364b8a9e20c8b7fbe9,sol,ABSENT,,,,,,,full_frame,courtside interview
5042276960abad3600bc36257c2fde450a2e98b8f28e7843e15266ae9da3411f,sol,ABSENT,,,,,,,full_frame,ball outside close view
50a956f66e3d77ba40d4096aa41030205549046c85b899501108a63e46887815,sol,VISIBLE,1177,196,29,30,1191.5,211.0,full_frame,ball airborne near basket
50fc0905e9b86426b0a3b203e59639cc3a07a57faf306181eb59db5829f10a36,sol,ABSENT,,,,,,,full_frame,ball not visible after pass
51036ebc10cf82e7f12cf940b65ac306798d4a8d563ae8cfdb2b3a4a030f3fd9,sol,VISIBLE,849,534,31,31,864.5,549.5,full_frame,ball held by white player
512975438cfd0a649cf3b623e04d12f990dce55155044c5671dfaff19b7b3599,sol,VISIBLE,1430,602,44,45,1452.0,624.5,full_frame,ball controlled by driver
513d233d9a075155fd4c83c3ca956cf558daa5a044c07f8e151caa322288096e,sol,VISIBLE,1348,684,32,34,1364.0,701.0,full_frame,ball bouncing by guard
51e1d3096ee34fdf477995990c068ab1e7e07067550366b014f19be4b53cb28d,sol,VISIBLE,1082,638,56,59,1110.0,667.5,full_frame,ball cradled at waist
5204240b18dd2162c8e9a5f84d1ad89a21000013fee54397f4d27c165a59b46c,sol,ABSENT,,,,,,,full_frame,sideline staff closeup
5232ad114239443128b1eba7fdd23bed50c4c791b62186315fc0c23184387e97,sol,VISIBLE,1625,354,39,39,1644.5,373.5,full_frame,ball held by red player
523405dbdd66ee53b37a0210e167a3e19b672e95eff4f6dbd855aaa2bb847971,sol,VISIBLE,783,374,32,48,799.0,398.0,full_frame,airborne near shooter
525736693e801aaaf8a8386e7cffe8bb29f8b84fbb6546bc07d09e1bd5a14a8c,sol,VISIBLE,1318,348,37,40,1336.5,368.0,full_frame,airborne beside backboard
5274a65d7dae569dce3e35ed40b898e77a539d7704ee802a4c0ba8e30e1c57e6,sol,VISIBLE,1217,386,24,26,1229.0,399.0,full_frame,held by right wing
52b0f15257e93294edbf758def739efba9135f503d60642d5c1d43561709c628,sol,ABSENT,,,,,,,full_frame,player closeup no ball
52bed970ae0792b81fd9c55c6404dcbf7c74b3007150b876b8cf6f279bc59871,sol,VISIBLE,1298,430,29,27,1312.5,443.5,full_frame,held on right wing
5366926a5926519dda7536d35ca325af019d61fb894f76428244a5bfe20c255a,sol,VISIBLE,882,724,35,36,899.5,742.0,full_frame,bouncing beside dribbler
538d2e85209eac040555e63e077cecc0184fcf87d0f61daf1cc0a7a4d66c48f7,sol,VISIBLE,609,761,32,31,625.0,776.5,full_frame,bouncing near foul line
540e83f6d87c34f919e61e464047771e8a31061fa2320f570eb4ec107a727333,sol,VISIBLE,706,695,32,38,722.0,714.0,full_frame,low dribble at midcourt
545d25ff84323cadfb28c5e69694654c679fd9ec0ffcadb69641d053aade3be0,sol,VISIBLE,1076,171,28,26,1090.0,184.0,full_frame,airborne above lane
547a4769bd1de21dae9961c4a08fd6394c56e15930507b48ed1ecbab8cf323a9,sol,ABSENT,,,,,,,full_frame,pregame introductions no ball
54c516efc7f61db837114abde1ba1f2359c70ea882e56125d8b491485f1e14a9,sol,VISIBLE,1185,730,30,29,1200.0,744.5,full_frame,bouncing beside ballhandler
5524c7fb0cc3cfc68c16d8f6a7f4c2033ebceb1343034ddc00c11531e7ea27bd,sol,VISIBLE,343,301,137,138,411.5,370.0,full_frame,held above shooter
554d4042c10083a140c7068ca38045bd46a198e42b1e25ac8609ab44881eedf3,sol,ABSENT,,,,,,,full_frame,ball not in frame
55e1a59bf974c9b4f1da41425346100aebb5b3da7d9296a5bf6847686aadd7cb,sol,VISIBLE,1197,668,59,49,1226.5,692.5,full_frame,dribbled by yellow player
560a17ccd5de3c151990adb9409ce4b2302151451342771dbc62162d0bae49a3,sol,VISIBLE,605,121,35,34,622.5,138.0,full_frame,airborne above backboard
56424db05fc44766f95a9561fd0e2910df4d907c80a97aa8962027348f64b9f9,sol,VISIBLE,1046,644,36,38,1064.0,663.0,full_frame,bouncing before free throw
56997ebd089474fc1247a6cab916ffa044bc3032750246befc4e08f9911c2435,sol,ABSENT,,,,,,,full_frame,coach closeup no ball
56a85ef3b57cbbe6798364ffb760772847c709e62dfcdfd856b89064da6b358e,sol,VISIBLE,1017,222,114,118,1074.0,281.0,full_frame,held overhead in traffic
56ec309abe0f27e23f9887c9d5eb182f86aecf756d3403c7be1e73f98da48f4a,sol,VISIBLE,936,514,32,42,952.0,535.0,full_frame,held by driving player
57197ad5dbbe6f6c8b8d8917538cca1d89c24805549f99c1a15061766bede4c9,sol,ABSENT,,,,,,,full_frame,wide ceremony view no ball
57f8aa9e46814f1e9b221b97b4ac21a6fb30da72427c990bd31fd4cf22b134e9,sol,VISIBLE,1582,527,33,37,1598.5,545.5,full_frame,low dribble on right wing
57fb0bcc7c24b36e23611118b9a107fad87ed58002f32d1b3f5c719e90dc8ec9,sol,VISIBLE,1127,356,34,45,1144.0,378.5,full_frame,held at players hip
581fbc7865a25dd0941dd6de967de9dfc6b1d5f7f64792134122e0ea24a43467,sol,VISIBLE,1490,382,64,48,1522.0,406.0,full_frame,pass leaving right hand
5875f38e37f94f797acd27aa3ecc98ccfb32f9bc2fde945db3d9378e9e357084,sol,VISIBLE,1027,866,270,214,1162.0,973.0,full_frame,held at bottom border
58794fe201bb50a0f931bcbd47e033cb612421d00b348c2ce8f6b237a6ea7e04,sol,VISIBLE,1460,511,26,31,1473.0,526.5,full_frame,held on right wing
588c42315e4eb217cb1854e62f6e2256edd9403332468d3d65e9d97837735822,sol,VISIBLE,814,242,53,43,840.5,263.5,full_frame,held by inbounder
58f51910570677304c194d54924cccc78e939f618dccebd801e003b81516e109,sol,VISIBLE,1429,430,30,29,1444.0,444.5,full_frame,held at ballhandlers waist
592c0c85869af2165da4e905ec3ed3fe25e6421aa22e2928926c148960cfecb5,sol,ABSENT,,,,,,,full_frame,ball above visible frame
5a00d5af219a997bd6e2beaf51b4e4a56973da921e78f62771c0b9de4508ff1f,sol,ABSENT,,,,,,,full_frame,postgame closeup no ball
5addcadf30ef24f5f9f529c284d95eb308fc7e35f46685028da5f4176a0bc6bc,sol,ABSENT,,,,,,,full_frame,stoppage scene no ball
5adff6aa4e48148482c44d0861b5a738f1afd8ed39f08c8e4da53ae88bdc0559,sol,VISIBLE,915,270,35,32,932.5,286.0,full_frame,held above players head
5ae17f912acd7dc3981204f19e712d276b2592ffd53a3a407c9b8dbe18260192,sol,VISIBLE,1797,573,45,35,1819.5,590.5,full_frame,held by right sideline player
5b0c99e32968cf5fdefa4294a7e01a93745f27f5723d91a1440c7c86c53f840c,sol,VISIBLE,997,340,47,41,1020.5,360.5,full_frame,airborne beneath basket
5b4aa6539fcc28f7006c3627f7efc904221a86875b35846d5cb5143ccc1a0147,sol,UNKNOWN,,,,,,,full_frame,interview obscures court action
5c506515db87449e470232ee6f57f63de339cfc44f0bca1a18e25fa592f43911,sol,VISIBLE,636,316,67,63,669.5,347.5,full_frame,held by player under camera
5c55340d7f2914b1b8589bd326b689518040199b492e89f37794f183ef81ad22,sol,VISIBLE,1589,505,32,32,1605.0,521.0,full_frame,held by right wing guard
5c7d27dff273539e9d1a1968c326d9fbdba6875960ed7e4ace92a2d72fabc7a4,sol,ABSENT,,,,,,,full_frame,player closeup no ball
5d166f69fa8d84fc031becc44371761c7add798113397e15e0bd518c64507a9a,sol,UNKNOWN,,,,,,,full_frame,ball obscured during active play
5d2d3a04affea28b7679036af5b174a65f3c6fa87f2e9b13b866219baa1c8e6b,sol,ABSENT,,,,,,,full_frame,postgame bench scene no ball
5d3fb328a3927d16f70b8ea851eabaced5776bc9cea89fb254da41dc3d5550e3,sol,UNKNOWN,,,,,,,full_frame,ball unclear near crowded rim
5d88e82139c338cce986dbc753cdeb614fb903dacb3c532b35721f6b4e5412be,sol,VISIBLE,854,754,43,43,875.5,775.5,full_frame,ball at dribblers hand
5d8aeeeb55a5b9f615dbd9fd81f74119c7d7af18ec820f047248d07677f6beac,sol,VISIBLE,1181,303,27,27,1194.5,316.5,full_frame,ball held near waist
5da3241e77e653e0c620e078e4399c714f8021eb3b2cf39ecef16f044f06bd25,sol,VISIBLE,940,405,58,88,969.0,449.0,full_frame,ball falling through net
5dae5c030d69b68c16ebd0ce8109bc8a5b309e731eb27e34162b94755763da6d,sol,ABSENT,,,,,,,full_frame,postgame interview
5dcbda1d60b16b2c9fc8d023e2f84719f342804a024b5d7e2a352b586c8c6040,sol,VISIBLE,335,436,35,40,352.5,456.0,full_frame,ball held by inbounder
5ddd9b25dd622cc5bc13075a68cd0d6a667f73cb764244580453f63371336bb7,sol,VISIBLE,283,661,53,62,309.5,692.0,full_frame,ball held at hip
5dfbffaacae647643991cae5464059616876c343b6bf5b5b13b91ca12b29f7c0,sol,VISIBLE,1297,195,32,30,1313.0,210.0,full_frame,ball above rim
5e1d059c77e4cb5bb5b10cf65ab7df891610d0b2b151fe7b75cf2bda1d19cca9,sol,VISIBLE,865,531,66,53,898.0,557.5,full_frame,ball secured by driver
5e54740ed4e79b8c688333d775f2fdaff271cced9f39a8ba672b1f4d64d2a6bc,sol,VISIBLE,762,837,40,43,782.0,858.5,full_frame,ball bouncing on court
5e728c70cfacdd28880ed5fa2983c5fb31a973e5f4e1cddd8a3c0e19c100e589,sol,VISIBLE,1282,594,46,32,1305.0,610.0,full_frame,ball leaving shooters hands
5ef705e78f2b76707123257b180720ee731df1c7e84659a1d47ecefa35fc27f0,sol,VISIBLE,1451,474,37,42,1469.5,495.0,full_frame,ball beside handlers hand
5f71a3cb9898d5d5fa7464e11472149c9a260eea5134f9d43ca76fe62ad28609,sol,VISIBLE,647,748,60,65,677.0,780.5,full_frame,ball held by driver
5f81b9f9e38b5466e0f9e8de08b166779c1dc2e3e58994cd3e1f769ad0d28269,sol,VISIBLE,536,504,35,34,553.5,521.0,full_frame,ball at free throw release
5faf12f4f07db17627826e1e880cbcfe7b8b1b7f13c629095f27b9f1537f08d0,sol,ABSENT,,,,,,,full_frame,player closeup without ball
5fda84db502fe9c7283fd89b68426e43c248cae2cb0d23dd8c1c6fcaca49a498,sol,ABSENT,,,,,,,full_frame,team celebration closeup
5fdab714fc924bcd40b6af9a5ae0aaf901447d5fb3af6ab28af37e2823164d2d,sol,VISIBLE,49,757,182,175,140.0,844.5,full_frame,ball held in closeup
5fe37d0cc403ac6644112f66c699629734cb9993c20b2a1caa86c322304128fb,sol,ABSENT,,,,,,,full_frame,player closeup without ball
6037df5845d3d2a0cdcb3209c7f78a8c3af43a80fb0d8dbbddbf296c554fa1ee,sol,VISIBLE,1075,635,27,29,1088.5,649.5,full_frame,ball held in traffic
60d18369e4cee2ae17b2abdd505f625991db5e8fea017932593b1cab3f812b0f,sol,ABSENT,,,,,,,full_frame,sideline interview
61439814103c2de8a61ef17022ac429cac8d8abf1c23069c0ffdbbab1f88398b,sol,ABSENT,,,,,,,full_frame,sideline interview
618600d99e29080cfa1cb219b092ebbd8cac852daec64052dae35e8a4c2f15ab,sol,ABSENT,,,,,,,full_frame,postgame interview
61efdf2a867a36dfa9145eb9ef0ef147c5678e1dfd8888e183c946b59b192914,sol,VISIBLE,643,550,85,79,685.5,589.5,full_frame,ball held for free throw
6210a2f091bda239e733240299b7918c64c7e2d0e47675ae6c9b50c0c756e61d,sol,UNKNOWN,,,,,,,full_frame,ball not discernible
622ac07d4c362f2f56b0dc4b5df6f3c0cbadb42c88b5ddd70a34b5933536db7e,sol,ABSENT,,,,,,,full_frame,sideline interview
625771c208470357d3748afb303e493f20fd776dc622a1872d85b5ca09af653e,sol,VISIBLE,81,679,44,40,103.0,699.0,full_frame,ball bouncing near sideline
62e105916483cc76c43ce0286daf6cc4dd1d4e897cd6bd88493850b1cfd26ce6,sol,VISIBLE,1177,388,35,35,1194.5,405.5,full_frame,ball held by advancing player
63b3b82354a0f12afac8c71ba2083b3ae0d6638094338a3434ac42e5718ebc03,sol,UNKNOWN,,,,,,,full_frame,ball obscured by player
640da5e14096ed438c6d768e65a8eb67f93f41e642d9488b6ed8ec60e39ead5a,sol,ABSENT,,,,,,,full_frame,postgame interview
64352477bd14160841390f1ed07b56a41bc6d3a57a036e5b07127f2e579ca87d,sol,VISIBLE,938,276,39,40,957.5,296.0,full_frame,ball airborne beside rim
64b0424b6bdbe9f91340e587ed47c04879a5bb09cf7871d54c078ac284b7ad0a,sol,UNKNOWN,,,,,,,full_frame,ball not discernible
64b97f92e69247b7a4ce4314e114784943bb9d5ac46fa740e681f1d624124191,sol,UNKNOWN,,,,,,,full_frame,transition graphic obscures play
64d9361b521300c8d4b001f35a25d98dcc2913678bc3f3640ebf2cc737e9c7d2,sol,VISIBLE,491,464,33,34,507.5,481.0,full_frame,ball beside handlers hand
64da58b4ff7cc1883051ceba768d1a74d6d900235cc91e316720b70ce5b35e9a,sol,ABSENT,,,,,,,full_frame,player closeup without ball
64e7d380e3592965a38f9fa656a1f41062057c2e551f21b416e1843ac54d3ebb,sol,UNKNOWN,,,,,,,full_frame,ball obscured near baseline
65082cf67f56023ddd2048dfb33d81456b925f95c8cf7fb5a691e4ede13dc50b,sol,VISIBLE,511,809,27,27,524.5,822.5,full_frame,ball bouncing near handler
65c1594f57bce72b2adbd33485cdee3eb3dcb80319210c882fd0b001352351d5,sol,ABSENT,,,,,,,full_frame,postgame interview
65d33cab1581e220b4ffba9fb8dfb2d5b2a92ee1f7200f312699b7dd03981bdf,sol,VISIBLE,1378,326,28,27,1392.0,339.5,full_frame,ball held in background
65e04a6703eb1844a062ca52aad1860af3788e5004f9f06d480f631329921bcc,sol,ABSENT,,,,,,,full_frame,crowd shot without game ball
65efed56fbe2179ab44fd671b5583580a7b27bffa283e9d592f2519cc66923af,sol,VISIBLE,824,800,29,28,838.5,814.0,full_frame,ball bouncing beside handler
661810290336c62bd4aa6f982bccdb11ab94da055c7d6974bd84e38043d18d31,sol,VISIBLE,696,315,27,26,709.5,328.0,full_frame,ball at the rim
66294faf6cb6fa5de0d3a711b77ef456c5fd287f2f6205879f45fe6fdf051ece,sol,VISIBLE,1129,381,39,39,1148.5,400.5,full_frame,ball between players
6694d39d61a1c6a3f056eddaf44144301590627c37951fd9795a3732d4025140,sol,VISIBLE,1234,494,37,39,1252.5,513.5,full_frame,ball in midair
66cea5293a7f7eb181ae2ebead07218e4e883e2748d49632dc96bbb11013c1de,sol,VISIBLE,440,759,55,42,467.5,780.0,full_frame,ball beside hoop
66f95c9da73da975684ff915d7af4343ad76e0fc2e1b568221aa79a84e3e9f43,sol,VISIBLE,439,316,37,34,457.5,333.0,full_frame,airborne ball
67847dd707fc61d6060b098b5e94a4633a68c84f4080ecc191d10024382517dc,sol,VISIBLE,638,400,66,89,671.0,444.5,full_frame,ball cradled near face
67cf74d777b13d0d1892db39626731a60588c3b5c02beae8de26f7af1afe3062,sol,VISIBLE,577,652,25,26,589.5,665.0,full_frame,ball by dribbling hand
67f48fec58a70f3d0fbb3416de6e606e2ffc4de18dd30c4bbbca1e723e0573b8,sol,ABSENT,,,,,,,full_frame,no ball in frame
68157217b9610b7502667b0a89bdfe7bbe2c02749cb9905137655c9fe1027f6d,sol,ABSENT,,,,,,,full_frame,closeup without ball
68b18aeb1053c2195aed847546087e4caa9529eb22c7532a97bc0bdf9af0540a,sol,VISIBLE,1192,511,38,39,1211.0,530.5,full_frame,referee holding ball
69134b3fc18bccde4bc30f5014ea2fcf57d85d44d221e4e4a7a9b37f2991b3e4,sol,VISIBLE,1297,624,74,78,1334.0,663.0,full_frame,ball right of hoop
69521c9dd4e041e4fac3c179dba5b126a79f195035f1caeb6ba31014b828d3fd,sol,ABSENT,,,,,,,full_frame,timeout huddle without ball
6979ca1d49e855986e5d219a981424dd06a46ff9229b74d782dd3c27c647bdfe,sol,VISIBLE,505,453,33,33,521.5,469.5,full_frame,ball in midair
69c25565cb86617fd3fc5bbee55c509bfebc1aefa2d7e8da8e4d6e4092ab074c,sol,ABSENT,,,,,,,full_frame,ball outside frame
6a9cfc1e58d6a578df31a7a0d8dee35fb1b0bb76eb170f624dd0daa83ac6bd22,sol,VISIBLE,1299,413,29,29,1313.5,427.5,full_frame,ball by player hand
6af1d5d127b068c5231f76ac18510ac2bd87a92c1a4c09651e27fd722d2b21e9,sol,VISIBLE,735,427,63,65,766.5,459.5,full_frame,player holding ball
6af73144cd5b114d4b4f2112ba62c16ded577cfac981328f1cadd4d88b0660df,sol,ABSENT,,,,,,,full_frame,closeup without ball
6afc105dd75543296ec5fcd5d2c72d8c6d68cd5b9c9ee7975fec942e076cc33e,sol,VISIBLE,1164,653,31,31,1179.5,668.5,full_frame,ball at ballhandler
6b34dba8d44a8350f4b29024c8f21408ea57c2da3a9c2ddbc3fd8895f445eae6,sol,VISIBLE,831,509,42,44,852.0,531.0,full_frame,free throw ball
6b4ce5ad7263ecbc75b1dfdd91cf8139feb690749b8a8b67f393f172c680223c,sol,VISIBLE,1107,475,25,23,1119.5,486.5,full_frame,ball near right wing
6b7dce507b0eca22820a99da08b661159a6eb53c84e523d2842a066eb4dff82f,sol,VISIBLE,730,348,41,38,750.5,367.0,full_frame,ball above rim
6ccc80b59e5eb526c3ea8468fba69f15da52b3df6dfbc987215c75432eb1641e,sol,VISIBLE,850,618,32,32,866.0,634.0,full_frame,ball beside dribbler
6d18d309bab8cc5dfbb328fced4ad9cb39ccf0e72526d228c1547937b5c7605f,sol,VISIBLE,688,370,51,50,713.5,395.0,full_frame,airborne pass
6d639eeba20508f9d7d588e211ab62f246448f56ce3e091f3f1cec70dcd0acfc,sol,VISIBLE,667,496,35,36,684.5,514.0,full_frame,player holding ball overhead
6d872d267086bbbc821b07830785c1bfae91b78f81d518aa5bb5f66bdf0520d8,sol,ABSENT,,,,,,,full_frame,sideline lineup without ball
6df12376c8761f9c01c6d4a87d82fcbf925582be588f31fb600b0c2e08cbb1f3,sol,ABSENT,,,,,,,full_frame,crowd closeup without ball
6df3a9076a298c3efb2f8d1743dcea54dbeb3b81bcc939addd9ea373a4950d64,sol,VISIBLE,721,365,31,31,736.5,380.5,full_frame,shooter holding ball
6e9a9606a37272072d57e2ba023017b5a1b19b113c5c2ecca9d116b759b40a8e,sol,VISIBLE,377,376,29,29,391.5,390.5,full_frame,ball beside dribbler
6ea733bc62553892f9f58bb305267994d1d64625eb6f8409d324cfe5617e0596,sol,VISIBLE,1481,52,55,50,1508.5,77.0,full_frame,motion blurred airborne ball
6f644edd363caa0bc7fc3c1e8be185f59c8dfd93840a36e772bff2a11f7d5c7e,sol,VISIBLE,1036,455,71,61,1071.5,485.5,full_frame,ball between players
6f6d7c2df9aefa1e8084ea92d6055f567678cc19f3be21b4389e91e409088151,sol,ABSENT,,,,,,,full_frame,closeup without ball
6f9dd93328d7fb3f12bf41e1b26a21f369462e3aaa1789c41284ed3e6c6e1b44,sol,VISIBLE,1085,752,39,36,1104.5,770.0,full_frame,ball at players waist
6faaf410ce8baeb68cd1aae766f1a9963602ce6a30a92f480013269f29eab2b9,sol,VISIBLE,1222,350,36,37,1240.0,368.5,full_frame,ball held in traffic
6fb1ee4d77f16071e4b16f0271e0d4cd9a39d403043d0b6403d14df7208765c0,sol,VISIBLE,1427,645,31,31,1442.5,660.5,full_frame,ball in midair
6fcf278b16033b938a8444e26794ffff2e5231dd22080a7deda9a97c2ebda398,sol,ABSENT,,,,,,,full_frame,postgame closeup without ball
6fed7dc9b40b039c561610c7427be477b3bc1311793462e80035b11386c30eb1,sol,VISIBLE,843,543,131,135,908.5,610.5,full_frame,player cradling ball
700e6aa694bba2dc7aeb4529c463dcb4f4e9a56ac4e1205821e2b52c82a05096,sol,VISIBLE,646,181,37,36,664.5,199.0,full_frame,ball under rim
70e494b21995e75785c69eeebe42d8553639a3f32eebb734a022f10959e940f4,sol,VISIBLE,1030,282,34,31,1047.0,297.5,full_frame,ball above rim
7103bd5e7dc79ca3e7f68d410e84c3abf20cba98a32b1aec25261092f07a0cf9,sol,VISIBLE,414,697,34,33,431.0,713.5,full_frame,ball by ballhandler
712b543a733ed4d91c0b827b3de5fee8bd8f2b27d8efeabfb5e73fcd11594835,sol,VISIBLE,280,609,26,27,293.0,622.5,full_frame,player holding ball
714d3bae0764bea22deaa1a63ff60bb15ecdc83466be7d77ba89a15d5e72094b,sol,VISIBLE,1271,648,75,72,1308.5,684.0,full_frame,player carrying ball
716a47c0e6facd866ffd6faeaf0a77eb65fe7a72991782afed6281d0bf48e86b,sol,VISIBLE,1023,404,42,37,1044.0,422.5,full_frame,airborne beside ballhandler
727b74f3b8cc3762fd72afd6c6d1ec49e12bee23929ddd4d51d321b2c12b6ce6,sol,ABSENT,,,,,,,full_frame,player closeup no ball
727f2ccde3f0ae050d7f86b7637a2cc26bdb615c699a999daff9006d0c7ca7f9,sol,VISIBLE,622,393,48,50,646.0,418.0,full_frame,dribble beside player
72fdd09e64a899a0c7f4b80d077693ac17a3c043c7e2ab6f25cebfe57c0fc2d0,sol,UNKNOWN,,,,,,,full_frame,obscured in player cluster
73021c4609c1a9b18bf1041cccc73753996a5dd1f4acd3bf868bbd7534d9aabc,sol,VISIBLE,537,411,39,33,556.5,427.5,full_frame,airborne pass
736f1ffc3672a1789c84fc8a928dd2cf220dbde1526f8c7dd8ee58a8092156ae,sol,ABSENT,,,,,,,full_frame,player closeup no ball
73787809c7c4a8c3ce994480c214f4221aff009d34f00ae0e1e97717532ed432,sol,VISIBLE,829,414,35,34,846.5,431.0,full_frame,airborne near paint
73be1766fb129f8f5c7069c1ad060fc268f7c40e72391ac7831ed9753aae8c05,sol,ABSENT,,,,,,,full_frame,player closeup no ball
73fb8330d1a0918de22c158bae42de6c7496c0067a64bd783c89919bd641c1cc,sol,VISIBLE,1618,447,44,46,1640.0,470.0,full_frame,ball in right hand
743b7be3d8ee0e65ca800a1dcb7c4466e221e38d935a11a05782bdb9ab7e30bf,sol,VISIBLE,729,585,45,48,751.5,609.0,full_frame,referee holding game ball
746676d0fa6a0f5b4f3ae9efd4688883eb909b285f8aacb8e8d023671c513f9f,sol,ABSENT,,,,,,,full_frame,fall aftermath no ball
74855cdd4b060b44b21fbf118ec3346897eefb8ebe8f084bc0982d94a5e52f8e,sol,VISIBLE,1377,470,34,42,1394.0,491.0,full_frame,ball beside blue player
748ad8b5bcfb830d91434d7be35cd0141c7e6112fbd645cb24b9d8145325d2c8,sol,UNKNOWN,,,,,,,full_frame,no identifiable game ball
7499f207fded6dc07b570a2c3c5e61d65c0d81d19f4d730674ed975dcfbaeefb,sol,VISIBLE,701,592,53,41,727.5,612.5,full_frame,player carrying ball
74dfea90b16a6dbe567b70e6e56e83126056d39e73f012a369305be9f00deb7f,sol,ABSENT,,,,,,,full_frame,player closeup no ball
753192a7f1274c7e562246af3380f1f2aea62eeb41ba80cb7a327439a793c82d,sol,VISIBLE,585,417,73,63,621.5,448.5,full_frame,airborne pass
754feaf6ed4efc05838e65a30703283d44b0fcb2794c16cb8124ff1645203079,sol,VISIBLE,1341,640,58,55,1370.0,667.5,full_frame,ballhandler dribbling
75772aaa460e8a5e129a537bbb765fab7e7fd559ec1314e8690c5098175bbb75,sol,VISIBLE,982,534,72,74,1018.0,571.0,full_frame,player secures ball
75ca38a47fa9ef7defc0dcc72236d7dbd35f351c16db9af95959c64504ba20d8,sol,ABSENT,,,,,,,full_frame,bench closeup no ball
75fb3b83f3344a58ecc1b8d100ffc9d0913a5674ac0547686eeda134a60cea39,sol,ABSENT,,,,,,,full_frame,player closeup no ball
7723df499d48da5900ec7c5e5582ee2f872c602455750840bc55e031ca1a7608,sol,ABSENT,,,,,,,full_frame,only bench spare ball
77718a5881e920ce9014aac3d38eab18c2e2973dd85d097335dbf0cbb15a86eb,sol,VISIBLE,703,587,43,41,724.5,607.5,full_frame,dribble in left hand
777d15e76433aba1b782ebf77e169310eb4f8e113429d1415060c1ed9445023f,sol,VISIBLE,1307,360,61,55,1337.5,387.5,full_frame,player holds ball high
779d823c6747f97f30dbdc10ec8a9bd00ff91c00139acdc85d20138d88ce3baf,sol,VISIBLE,1433,606,59,63,1462.5,637.5,full_frame,player cradles ball
77f595ac7e96900a97da47e604df99289bf09e03a00255daba70a3138a307f1a,sol,UNKNOWN,,,,,,,full_frame,ball may be occluded
7801f246e907949a73f35b55e42f59d1e86c7325f7da6553c53f458ab7cd25aa,sol,VISIBLE,1115,611,59,61,1144.5,641.5,full_frame,free thrower holding ball
7886f160304b3ff1dbeeea5106e090fcdd0552c4381cbc1628aa8e05fb70e76d,sol,VISIBLE,365,461,48,48,389.0,485.0,full_frame,dribble by baseline
78c1ebe2dc5f1a72164bec33fc0c97dacceff477384d2e7f4d37c1ded520d147,sol,UNKNOWN,,,,,,,full_frame,ball obscured in transition
78f2f0e4d8b4c85836cb54847f864d4e4be282ea7c4e63709ea1e2c3ae3aaa8a,sol,ABSENT,,,,,,,full_frame,timeout huddle no ball
790bc25fd8ae75d6d65708859ae2370b6d1f727b95ecfdda77d7ad07c1b8f67c,sol,VISIBLE,1137,202,76,79,1175.0,241.5,full_frame,ball above rim
793ae92955816d2ffe6e7238cdeaba6e08acea023b3540b42ae9aa024a357073,sol,UNKNOWN,,,,,,,full_frame,courtside ball status unclear
79c83579594353a96af5ac22ce9dcbae396f715ea6a0546ff0fc1afeb92d500d,sol,UNKNOWN,,,,,,,full_frame,no identifiable game ball
79d61366b098f87b894d826709044c542f305dafed53474de86423a3541acb4c,sol,ABSENT,,,,,,,full_frame,bench closeup no ball
79e19c5ef2c3474fca60e0d12de47f138cdb6d59ba09149ee42d3113df1ea54a,sol,ABSENT,,,,,,,full_frame,crowd closeup no ball
79e5e79d2bdb3e4c39b6911e18c27e4420d6466b3e580715198c0c7d53e1766b,sol,ABSENT,,,,,,,full_frame,player closeup no ball
7a02e9fed24aae484aa274fef51b683306a7a1a619f78a3aad42fdce3e52edf0,sol,VISIBLE,1167,463,48,47,1191.0,486.5,full_frame,ball at player waist
7a5abbce1a338309818c276f32cff6e36af4706652f1759d85a98e15d21f7260,sol,ABSENT,,,,,,,full_frame,pregame intro no ball
7a77ec659be073fb416f9a55a0d02d91e305815fa40f3412bb561bea897ba90b,sol,ABSENT,,,,,,,full_frame,bench celebration no ball
7affbbd72599a82ed1f331d2f8efb7bd0374e434d6e4496688589c1948ec7718,sol,ABSENT,,,,,,,full_frame,player closeup no ball
7b1fefc4335749478bd292edda8a6bff7b4df6e4c3c2d536b1842cc8470548ff,sol,ABSENT,,,,,,,full_frame,postgame closeup no ball
7c87fcdb9ebfcd86a0c769edad69a6abdf79c2bf0add33bb6efa120362dba09a,sol,ABSENT,,,,,,,full_frame,closeup without ball
7ca0d220a93be3dc20606d84aa657d63984eccb96741f12370a0ceadf748b787,sol,VISIBLE,970,708,27,30,983.5,723.0,full_frame,ball carried in transition
7cb042e3cc028e947cd3c380ff55dc052a1e49a285c49cc2a5818cba561b8727,sol,UNKNOWN,,,,,,,full_frame,ball obscured in traffic
7cf949ee5ae2165e7d38ab4b81129855f9e655be326ec7eac9575b43ee2174b5,sol,VISIBLE,434,567,28,32,448.0,583.0,full_frame,ball on low dribble
7d2ca3793b10f5ca3fb222f63eb90d2b5f188e5f3396aa66d8d42ec05bc821f5,sol,ABSENT,,,,,,,full_frame,player introductions no ball
7d768bd0334d4764abfd355ed10bf70c90c8e38cf3b27c60982f0ab3a1ce33ab,sol,UNKNOWN,,,,,,,full_frame,ball not distinguishable
7d91f76d5af8a7051375460ef2c8114d5a8b8785916c3cd052faf475fe599afc,sol,VISIBLE,969,496,22,27,980.0,509.5,full_frame,ball held in lane
7d9d521aeec69ee8646f8e3bedba0ec5751fe26aaa5055de9e9adb5f84458b87,sol,VISIBLE,497,682,32,33,513.0,698.5,full_frame,ball passing toward corner
7dac93726975443987de11b4c692c44fa4957042a2d33622e628e8c0ce69b771,sol,VISIBLE,521,503,20,21,531.0,513.5,full_frame,ball held at perimeter
7e5fb041828c9737db695ac6021581b8420527c0be1e0d9ada86a5635a7f53f7,sol,ABSENT,,,,,,,full_frame,closeup without ball
7f5565ff893c451ea2f13bc412b7dd85c7098b67626f4d6817ca098cf6477b04,sol,VISIBLE,951,1042,133,38,1017.5,1061.0,full_frame,ball clipped at bottom border
7f7214b5c09a57f907cc3b9f082a784a1e794fed1402b83ffeb3176b8309e7c1,sol,ABSENT,,,,,,,full_frame,bench closeup no ball
80333f68bec088849971145aa5f219526452796ecfa0a0b1645cd2b9b98da751,sol,ABSENT,,,,,,,full_frame,interview without ball
805123a819feb614ff8ece08a134c61348f83b535649250024b349fdeb877234,sol,VISIBLE,533,535,29,28,547.5,549.0,full_frame,ball on advancing dribble
806edbdc1576c643f67ba0843c7573c73a30d8351253483513b5f4e7cffbe9b5,sol,ABSENT,,,,,,,full_frame,sideline closeup no ball
8130c788f80030468b6de88b32c152189bb916b674cf26649863036bf0ac4d2a,sol,VISIBLE,1626,588,28,30,1640.0,603.0,full_frame,ball bouncing at right
8168d1d83bea6b28537f382ddfe06c812f42971f5661647e8d9b299d22183251,sol,VISIBLE,493,551,34,29,510.0,565.5,full_frame,ball in handler hand
819977e602ed9df85caaa41a05a719d9f8f7677bcca1dbf7ca1478358abfc327,sol,VISIBLE,1105,707,34,43,1122.0,728.5,full_frame,ball partially held low
825f402b5578f087a4d1bdc44283d2801096df41568ba068bd4f2ceec5517146,sol,ABSENT,,,,,,,full_frame,timeout scene no ball
82f00fdd476d9a70d826186327729204ed5cbe08a4021aa5e12fab021fbaa0b6,sol,ABSENT,,,,,,,full_frame,player closeup no ball
82fbbc268e44bafcf5363d701f43b75fc70ddfb804314586a64323bad9b07a9e,sol,ABSENT,,,,,,,full_frame,celebration with no ball
83048a796e3367c151899264bb8d4a03851209931e0e34da7ce21dba41349b90,sol,VISIBLE,1368,295,28,25,1382.0,307.5,full_frame,ball above the rim
831ec00d02dfe5881fde406d7143b2c5993b956357e391e7d2b24d277806fa22,sol,UNKNOWN,,,,,,,full_frame,released ball not distinguishable
835deb004d08d65245eeaa900153faf6dccf66f33c3f19191aeee7f4a9650878,sol,ABSENT,,,,,,,full_frame,mascot crowd shot
836422850d55c8d4f7ce0635178b89d249b4acd6b162893b35581da3f672e744,sol,VISIBLE,62,509,27,26,75.5,522.0,full_frame,ball on left hand dribble
83f1c26a92708be344aaf06acc9e595c723365b0e02d463467d12ee3effde324,sol,VISIBLE,1077,574,61,53,1107.5,600.5,full_frame,ball held before inbound
8502ab18f68022d8df38b483e7da0674759127634c1f245770e569fb6686bf24,sol,ABSENT,,,,,,,full_frame,player closeup no ball
852d06bee969ba6c5e5a15a39b087825591a97ee1dac2de00f0fbf8d63337ab3,sol,VISIBLE,847,486,22,22,858.0,497.0,full_frame,ball held near left block
852f5100c7bff45fc549f9b7b7ef704126836a41fea90c7eac72d44426e49264,sol,ABSENT,,,,,,,full_frame,stoppage closeup no ball
853663d3fa8888ad62cabce66974845f85c0126be6b8093dffec5a5cde1b428e,sol,ABSENT,,,,,,,full_frame,interview without ball
85597a5e8bf84c4e99fc09019eaa3af4712cc575a5b5fe507a837000c06b34c7,sol,VISIBLE,904,121,35,31,921.5,136.5,full_frame,ball in flight
858022bbc89bf337c9c3813d63887fb11c81fb0086fdb1a6cc23f8c747702d15,sol,VISIBLE,334,504,29,28,348.5,518.0,full_frame,ball held on wing
85ad63a5999b98267bf9329bf327fc0c258d1dc86c1b1f75a5ae15751746e393,sol,ABSENT,,,,,,,full_frame,blurred court no ball
85cb6b627d5b629c33dc553a8250607aca3b9e97201683a81d604a41da385583,sol,ABSENT,,,,,,,full_frame,postgame interview no ball
85f8416413ff85976efc4561566ef4b21ff800f2dbe7694cdca10ab51fe3a15e,sol,VISIBLE,1512,480,31,31,1527.5,495.5,full_frame,referee holding game ball
867f70f40b5a4b3acfefa79f063e199db0e4ddbf3c2d5a5ac1a40595a7ad9c9d,sol,ABSENT,,,,,,,full_frame,postgame interview no ball
869565cc29e682f768af4e8a71fbf9eb8f6febd9b6d7b29068f46a96acd4833b,sol,UNKNOWN,,,,,,,full_frame,ball hidden during stoppage
86fe4e94afa22933946b064b9b17534b3f1a70d522a5dde567ce1b5d74a39e4f,sol,ABSENT,,,,,,,full_frame,player closeup no ball
877154041e4d137235a64bf2cfc886112b9d7acf53745c34d65266eb8dc09bd5,sol,VISIBLE,890,732,29,34,904.5,749.0,full_frame,ball held near sideline
87a426f02ac1fbedc2931ecec3ae118f0e035616b2d31e5fc5598ccfdc114735,sol,ABSENT,,,,,,,full_frame,crowd shot no ball
87e899b0a0313af2eb471f4026a341d4744a1f3fc564c98e84f94cd8ff50b8e7,sol,VISIBLE,1172,369,26,28,1185.0,383.0,full_frame,ball held by baseline player
88a603090bfcfe4a80920f2a07ffabcce75448d2962c53c0b3ef4579d500ab51,sol,VISIBLE,1458,459,31,32,1473.5,475.0,full_frame,ball held by right wing player
88b95d236e19dc06b226cdff5c840282e46d06b6bd2f038fe278d6ee1dca37f9,sol,ABSENT,,,,,,,full_frame,bench closeup without game ball
88dc262ed7483d434a187baede6dae4860a8e1088a47edb72a9ca5b6dcc0a5df,sol,VISIBLE,1658,582,33,38,1674.5,601.0,full_frame,ball in right hand
89521b5d0d6a28a67788b72db9b340949bc414b6d078c43c048d272d04a4d2bb,sol,ABSENT,,,,,,,full_frame,arena ceremony without game ball
8986d22a3ee6c11dcdbdd69c64ff86f1fcc3a307fcea0bff087ef28c8d7646ac,sol,VISIBLE,512,510,42,44,533.0,532.0,full_frame,ball held in lane traffic
89b4f8ed448c865dcda2a730ea3cf22c9221a1175a09cf6c4de184b988a2bd89,sol,VISIBLE,1234,321,36,37,1252.0,339.5,full_frame,ball held by referee
89dd8715dd8a53230e612760e0e9faaa294f4cf71a215a36fcbd0e8f14505647,sol,ABSENT,,,,,,,full_frame,celebration closeup without ball
8a6623a9c489ab14262071544b7b4338e78a48b11e342a414e56856bc0b286fb,sol,VISIBLE,193,173,43,39,214.5,192.5,full_frame,ball held by left referee
8b2d24c1bd75b4ec6813145e25619a689d560780c87b6a793a869559e027073a,sol,UNKNOWN,,,,,,,full_frame,ball obscured during blurred play
8b7a7979b56cf25bce732b80cb6ae7a1f4f52d8264571c798c5b705402a74926,sol,VISIBLE,1248,305,32,40,1264.0,325.0,full_frame,ball above raised hands
8bfa5dc8d8c9f708ec7647d2eccffb0b1f39bdaefe3261f5f187712515b1a108,sol,UNKNOWN,,,,,,,full_frame,ball hidden in floor scramble
8c2b4ca650afc183c4b868bc71420f45ecc7369c494cd776edcf624da6efc99a,sol,VISIBLE,397,442,33,32,413.5,458.0,full_frame,ball held by inbounder
8c364576216e062ae80d7dc44545f90fb9c96f55698c6ba3bdd9b5843e975ed1,sol,ABSENT,,,,,,,full_frame,timeout huddle without game ball
8c596a426560b8676b573b19bfcb2425c3b0189835703260e6e7d6a12ece4e2a,sol,UNKNOWN,,,,,,,full_frame,ball obscured by clustered players
8d4631207aa624276d7d7f682e9fbe9740585c8a2b39fee7eb2ab34fd18b1cf8,sol,VISIBLE,1618,415,56,58,1646.0,444.0,full_frame,ball traveling toward receiver
8d80190d0e2b0e2d086e05aa298aa9ca9dd23a189b569fc02e9a862c21919c5b,sol,ABSENT,,,,,,,full_frame,player closeup without game ball
8d8066eb670080ea5a2d8353b4ea0c812e8b96f5d6200debfd055ca9abe0a39f,sol,VISIBLE,512,674,28,30,526.0,689.0,full_frame,ball bouncing near baseline
8d8ac13542381d6227de271b72bb04db254e1dbdc4d5374ad856259d6e97cf72,sol,ABSENT,,,,,,,full_frame,player closeup without game ball
8da2fd2e41cd7b92a1b676c0ef626991ffd1fa9f0de022d6a20650fa43c44ca9,sol,VISIBLE,422,652,32,31,438.0,667.5,full_frame,ball controlled by left handler
8db551391476785e590c4586445ae2580962a4512b8674798eec38bcb14b2b57,sol,ABSENT,,,,,,,full_frame,bench closeup without game ball
8df8b92593dfdd3fc2c8a0005ed714d8a537f63aa277d43656023059c772730f,sol,ABSENT,,,,,,,full_frame,graphic basketball is not game ball
8e018c1de817782df05c6ba94e15088fcb1f0a393e2c88352f3bbbf207938923,sol,UNKNOWN,,,,,,,full_frame,ball outside view or obscured
8eaa76587cb161a74b611168e90626963c5a629290f5b0979e635b6e6525d378,sol,VISIBLE,1389,340,36,38,1407.0,359.0,full_frame,ball held in shooting motion
8eddb6561311dd70236d0de46f2cf5064ca795cc1c9d859b5e689f4014bda93e,sol,VISIBLE,1235,569,29,29,1249.5,583.5,full_frame,ball bouncing beside dribbler
8f745c2bbdd6d80498297e647eb691a8b9e87a80b9b97632edb0fdce66ac06e0,sol,VISIBLE,1439,271,27,30,1452.5,286.0,full_frame,ball above shooters hands
8fc5f69f75423607a5af3ff25e76b8393faea61e80b5cf5bab9336e7458c8af8,sol,ABSENT,,,,,,,full_frame,stoppage view without game ball
9061d91c2aad6f456848b30d1106cae637a44481dfea95d00a556ee4c9e68520,sol,ABSENT,,,,,,,full_frame,player closeup without game ball
90b32b23231272e85a3c96c94f4d8c80a416ef45f38d08056132154b575e78df,sol,ABSENT,,,,,,,full_frame,sideline celebration without ball
90c2505a735a10fd5362a921e469e9bdcf90c97a1b11ef6ea1e488acf8421e22,sol,ABSENT,,,,,,,full_frame,player closeup without game ball
90ec31471472043e2f5d66f91dacfb4dffe01e30a60459856a55fc1bd8642b2e,sol,VISIBLE,1150,778,62,58,1181.0,807.0,full_frame,ball bouncing during transition
91237c714d311e4b716de96beedb2ee2da3bb41ea73a5ea15ed68175697e3622,sol,VISIBLE,761,220,31,33,776.5,236.5,full_frame,ball dropping through basket
914518aa85f595b1534a72b83bde1f3768c13030027215f2cda311cd22b70684,sol,VISIBLE,562,258,29,28,576.5,272.0,full_frame,ball held by sideline inbounder
91472eb3a6244434131930847469dbc873a1f11412a2a137fc5c8e262485240b,sol,UNKNOWN,,,,,,,full_frame,ball obscured in halfcourt action
918f12e96516f2d52f3a4b88f0ab8846a71ca4e7e3deec9fa422a0d888934753,sol,UNKNOWN,,,,,,,full_frame,ball outside view or obscured
91a032cf73e133f0fe367039f06e8eeddba4dd508a04d796728e2ec31a212ab4,sol,ABSENT,,,,,,,full_frame,player closeup without game ball
9205d986172e50907b03cacaf902aac032bbb0859f099301b06e16e80c9234e2,sol,VISIBLE,1565,422,38,36,1584.0,440.0,full_frame,ball held by baseline inbounder
921ecafd36e40ec70af83ca6e191cafab40e478cb413007f7652f4e5ed5bccaf,sol,ABSENT,,,,,,,full_frame,arena presentation without game ball
9220eea33e685c048c4ddca7606ece2e4d6e7ae06fb163a43947b31bd9c3c3f3,sol,ABSENT,,,,,,,full_frame,postgame closeup without game ball
934374068bfcf61e1be0c05a549bdb7ad22c9f76e7a74e77a28755991effc24f,sol,ABSENT,,,,,,,full_frame,player closeup without game ball
93765f85386b118cba2dd10a69e8ea631f7e13daa6b5f2f891d837d786322d09,sol,VISIBLE,1021,636,37,31,1039.5,651.5,full_frame,ball between players
93d0e95c3c2213526e9dd9b2f882cb1498fa6aa8c07849ecd8f9837795f879ab,sol,ABSENT,,,,,,,full_frame,no ball visible
93d561d0abd77e394fc8ada0c6290be8b3bdef813f6ae0ab937c21b983c2e92c,sol,ABSENT,,,,,,,full_frame,player closeup no ball
94565bfe6ace7bc66f7b49827ee85a0f03bb5e3f31914ff2f82238e0f33fe589,sol,VISIBLE,695,543,31,24,710.5,555.0,full_frame,airborne pass
947b87f4c0e66d1191b7c4e40c2f4db1d615a51f04a7ccab8c80b19f514427a5,sol,VISIBLE,620,691,31,35,635.5,708.5,full_frame,low dribble
9534d65f18d29affa12890ffd2fae33f1545eb5006b81aa5cbdfdead2305704c,sol,VISIBLE,386,422,27,36,399.5,440.0,full_frame,held by ballhandler
9553ae33713a507c8435a5f3fd836f986abb1d7d06575ddb2d63def9b5d80937,sol,ABSENT,,,,,,,full_frame,official holds dead ball
95a0ce7b95876ad2a4d58556798b5b5af68f384a74d886cde957ac64939a8cc0,sol,VISIBLE,447,726,27,30,460.5,741.0,full_frame,ball at left hip
95cd346765f1291bd07a18bd3d65b39885d9ed86fdc7dab4478da86276dac028,sol,UNKNOWN,,,,,,,full_frame,ball obscured in play
9654729789be2f7d2df4f8409e9824e820ce337d4ab537a59e3c1f97f5991012,sol,UNKNOWN,,,,,,,full_frame,ball hidden by bodies
96bef25962ec6ad0102df132db9be9d9b96a38d4a325236dd5485b153b8b372e,sol,VISIBLE,1341,321,29,29,1355.5,335.5,full_frame,pass near right wing
9746fd6fd1039a88834733853858a22098eb0c921e125b0a33c552d364618373,sol,VISIBLE,1727,801,37,34,1745.5,818.0,full_frame,held at right border
97b0f9504773181b12c920ba3b1b1c0e2349fc5526f283e90be4c1fe9b69917f,sol,ABSENT,,,,,,,full_frame,free throw setup no ball
97d09f6e918233c8dfa0abf95226ce4b0e9b5b0232b5b0bbf2a926daf9a029c7,sol,VISIBLE,992,205,29,30,1006.5,220.0,full_frame,ball above shooter
97d7b429f1c7ceb18f39c85c68978d69aa38efe60ba28ddc1d6c22705a578b69,sol,UNKNOWN,,,,,,,full_frame,ball obscured by defender
97ddf468f2894d87efd413938a7eec73b4d86187de5ffb4efa3bb5758f7a6bd3,sol,VISIBLE,913,572,30,30,928.0,587.0,full_frame,ball on low dribble
98429c1bb9aea2b9ca593b6d3abb6b9741f73324527b6e8e3afc422d9f1058d9,sol,VISIBLE,776,158,30,29,791.0,172.5,full_frame,airborne shot
98bae19d49ab1b1daf5363ed409f57e0b3d6dbbe82906b7d570a5f6fc062ecb1,sol,ABSENT,,,,,,,full_frame,stoppage no ball visible
98c7fd78a17a81f7c63ce09f22d3daaa888a6bd1fe84fee11323ef268fe8d1c2,sol,UNKNOWN,,,,,,,full_frame,ball lost in crowd
98d4313d277b0890d32404a7474e089a036ce861dd125485ef42d017014c042a,sol,VISIBLE,839,287,78,72,878.0,323.0,full_frame,ball at the rim
98d9b066d86637bc09bddc955f3499f1438d6fd7e91f4ff728544007922fc9b3,sol,ABSENT,,,,,,,full_frame,free throw setup no ball
98fd5ff88f79649a6fe17e13eda946c352892597e832581b1c8c18b2a554a23d,sol,UNKNOWN,,,,,,,full_frame,ball hidden behind player
9965a69284579dd14b173bffb5c9c67bf101500bf1075cdad2c9fdb6a180038f,sol,ABSENT,,,,,,,full_frame,broadcast graphic no ball
996c9c8a64da93139b3cd3a170374260408e7ebf9c02a3ead06f267be30f247d,sol,ABSENT,,,,,,,full_frame,bench closeup no ball
9a153a7bf4f008f6d7b7fe03da871967136c214e2188643102594de81ab44c06,sol,VISIBLE,1438,723,47,48,1461.5,747.0,full_frame,held near right sideline
9a228ea59ee671a3df1c0c0d6424d09d22291c6c6cb56defd497b902f1831383,sol,VISIBLE,791,357,31,34,806.5,374.0,full_frame,ball above shooter
9a36cd5a21143857ac8350e624d82b7771a29ab40cf6f44fffd07bd02dc42402,sol,ABSENT,,,,,,,full_frame,official holds dead ball
9a43195cc9df5c4f94480b816d414874899fad38f9940f49dc4aba23375536cc,sol,UNKNOWN,,,,,,,full_frame,graphic obscures play
9a52f5e42e75214cc068409115bcbe62ca42fd60c1b7218140b51bb3fc4ee460,sol,VISIBLE,1117,197,32,34,1133.0,214.0,full_frame,airborne shot
9a6c98434331b2a6042aa7fdf32088a18dbee985a7eda3fa25c861001de75625,sol,ABSENT,,,,,,,full_frame,player closeup no ball
9a7fd86aca89744de1468dbb5a8402f2a11626e49d3e08223e3d64e132148b24,sol,VISIBLE,355,534,35,35,372.5,551.5,full_frame,held by ballhandler
9a98b3eb9ad17c060e332c6faf9f0496a06ca012588a532ace89143a8deccc6b,sol,UNKNOWN,,,,,,,full_frame,ball not identifiable
9aabc8a8d7212b10b99a333c094a5f50f1d148334c3c3b3d796094b0753e5209,sol,ABSENT,,,,,,,full_frame,player closeup no ball
9ab9acf3cf2bab561f6edd28682a323ac76ef8fb8014782158a526207e094744,sol,ABSENT,,,,,,,full_frame,postgame closeup no ball
9afdaea39bee674fa289caec464eca747d12754079e07b055656d1096bb197cb,sol,VISIBLE,790,244,30,35,805.0,261.5,full_frame,ball above leaping player
9b3c40ebe88fbd250a71ae6b77a54d408dc3497d025f0a6a78c4dc297ec05ce2,sol,VISIBLE,555,423,43,42,576.5,444.0,full_frame,held by ballhandler
9b505d1a36458beb200cdf80b58417e1dbed1044248aad1aa9a5bb1afa8012a6,sol,ABSENT,,,,,,,full_frame,crowd shot no ball
9c2f3a5abf4713d2b1f6291c87a172bab64c6f3ca09b0f157ba658ae2a4f69ed,sol,ABSENT,,,,,,,full_frame,crowd huddle no ball
9c4c692c9a8f5c38ad7b0f03a2c3bd14d99f5f5d385e00cccbda94d49d643067,sol,UNKNOWN,,,,,,,full_frame,ball obscured near baseline
9c55d00df5a80514cef10b4a521418bcf466aefaeed08201231b76e124d83aca,sol,UNKNOWN,,,,,,,full_frame,ball obscured near sideline
9c8891f0f6e49302adefce0da2eb45fa54e4be9c1acb68a114a46bcff388a74d,sol,VISIBLE,646,742,44,42,668.0,763.0,full_frame,ball beside dribbler
9c919fa1a141fc9a5d1041045a4b318f741e3472c21137ea788a117bb1a91713,sol,ABSENT,,,,,,,full_frame,player closeup no ball
9cdc084bdcf0d22a9cde1351295db5a761e613229be52ffd008bf1f1bcb25649,sol,ABSENT,,,,,,,full_frame,sideline scene no ball
9d27b2b4a8d77b85965706307964c18d6a24242fe93ce209d45c51820ef51a1b,sol,ABSENT,,,,,,,full_frame,sideline scene no ball
9d795f66257bb251ae7871cfd99a996d3d7ffc1b6b75f088bc3212b3910cb0df,sol,UNKNOWN,,,,,,,full_frame,motion blur obscures ball
9de0a425b11464499f4b48ae3c659cb0c55171b7db0dbb4c6011d1dfb4e999f5,sol,ABSENT,,,,,,,full_frame,courtside interview no ball
9df5e693833bdfac95d917b4ed440d5999ecaf8091a3819ad3b741737a6390d9,sol,VISIBLE,1144,968,317,112,1302.5,1024.0,full_frame,held ball at frame border
9ec4658ae5da7ea22987575bc9ec1aa4b4eeb28c3cfcf5cac77a9625cece245a,sol,VISIBLE,1211,111,36,36,1229.0,129.0,full_frame,ball airborne above basket
9f2f9691c5a9a6c33d30ef8a81fe12af932a4b51c5a2558aa69e7659ea91b55e,sol,ABSENT,,,,,,,full_frame,player introduction no ball
a04e1a03423e3a1d8f1caaeada2bd2c11642d6da70da5187646b8c6da0c6defe,sol,VISIBLE,704,272,33,34,720.5,289.0,full_frame,ball near raised hands
a0545d1e9dbbea7e2642da4c94b427005fa1af700020ad1205449442406313c4,sol,VISIBLE,1024,398,35,35,1041.5,415.5,full_frame,ball in midair pass
a0afa08b4d63e472760b5af8add4f42d066a3569c465b93aff39dbe45499dd1c,sol,ABSENT,,,,,,,full_frame,bench lineup no ball
a12b95f43c96fd1a26e8a8317da8c3f01f3ac17a27ee0e0f081941be588b0182,sol,ABSENT,,,,,,,full_frame,crowd closeup no ball
a1d483474a18dd31d5f984b5f1087ea40b411cf29e97b5d9a57326ed48280927,sol,VISIBLE,568,329,34,36,585.0,347.0,full_frame,ball held by advancing player
a21fcdda97690a97db67b4380e92125839f612904e3be2036d55844b8be9414c,sol,VISIBLE,651,744,64,57,683.0,772.5,full_frame,ball held at chest
a2e2075549febda5567a7e5d7c454afe9897d3a72f0541825899b63de48664f8,sol,ABSENT,,,,,,,full_frame,official holds dead ball
a308bded2489eb275e5afcaae1c66825d47bb0eb942443a2f132cacf2b9ef768,sol,VISIBLE,888,618,37,38,906.5,637.0,full_frame,ball on active dribble
a380236945e16d75ad171d4fa0b979e4640c39c4350de0f7be61c02918f700d2,sol,UNKNOWN,,,,,,,full_frame,blurred action hides ball
a421f16c9230b5a3286c6cbf01505585edc0af534638b0a46516b346d978d2c9,sol,VISIBLE,1474,598,29,33,1488.5,614.5,full_frame,ball held by driving player
a45b83a13ce2a68bc5d60e23aeda2e7b1cfc0df45619f65f4cc9846a44971acf,sol,ABSENT,,,,,,,full_frame,official holds dead ball
a4602404e1fac09c2520c40d404d638c797014d619a11ba860ca0700bc9c0670,sol,VISIBLE,1174,190,30,30,1189.0,205.0,full_frame,ball airborne on shot
a4866b0f1cb28e228846126f0a92f6956970ebd2d10a2a9bf1cfa95e023b6955,sol,VISIBLE,1617,552,31,34,1632.5,569.0,full_frame,ball held by handler
a568b80a706eb8d853b03bfdf38f7470e7948224823bf4c951d417f48127922b,sol,VISIBLE,863,106,44,39,885.0,125.5,full_frame,ball airborne above players
a5959793412f2de2d03694e9aae5db01fab4b08c4f8b0260997344a320c72be8,sol,VISIBLE,1240,427,32,34,1256.0,444.0,full_frame,ball held while advancing
a5e3d23f6e545af2e266e273014227a307296c7759129c47fbafc15a72ec6314,sol,VISIBLE,779,438,34,34,796.0,455.0,full_frame,ball held by blue player
a62bb168d5c0dfbe23b2afcfdfd348e112352be82e3f9367bc74742d3764f29a,sol,ABSENT,,,,,,,full_frame,transition view no ball
a682f2f0e1f494a797162098be5f659f09ffde60adfe739c080e6101731c6e0d,sol,VISIBLE,841,485,33,34,857.5,502.0,full_frame,ball beside driving player
a68589ed3bb328dc8dfc0d65d8a03d9721b7a4041a184d3f2ecdca7ea6d2f365,sol,ABSENT,,,,,,,full_frame,stoppage scene no ball
a6877f66c4b6210b99e693cb2159076eb009e0188f2d073c0fed50998314610e,sol,ABSENT,,,,,,,full_frame,stoppage closeup no ball
a6b88ce1c584f9efd117a86525f0d3cb2e3071495362d6fd7f040ff31e41dcce,sol,VISIBLE,262,559,31,31,277.5,574.5,full_frame,ball held on perimeter
a7025315194d1fbbe984cf84095df51739fabb70710850e1f4972b6a77eed975,sol,VISIBLE,1419,436,26,33,1432.0,452.5,full_frame,ball on right hand dribble
a77de0779abafb5ce70dba85a83170c17bbb4b4b3237f1d56ed35cbedb798df5,sol,VISIBLE,599,220,33,32,615.5,236.0,full_frame,ball airborne on shot
a7a44c71744c91a886460f3901f06f6c13a383869cf154a0c40fa5536bba5c1a,sol,ABSENT,,,,,,,full_frame,official holds dead ball
a7e94a21efb9d5960a5f068ad3cc17e3312962bb08cb64aafbd7b108463340cc,sol,ABSENT,,,,,,,full_frame,postgame celebration no ball
a886ebe8dcfbabd0a7b75f04cacb4423a1c585a272f47b694045f84870f5ec7e,sol,VISIBLE,163,676,67,53,196.5,702.5,full_frame,ball on left hand dribble
a8e70f46eeb336c5bc6b07a2b741fba81361c4b7d05ad8a86939e6b74fe8e2c1,sol,ABSENT,,,,,,,full_frame,pregame court no ball
a9b8c4b4cd72589b687eb3bd4225b9d1e5f700b1c5a29e9526ae42b066206641,sol,VISIBLE,940,659,28,26,954.0,672.0,full_frame,ball low in lane
a9e2b0ad85126386ae29c4ab1befa72fa1d45eb8803eb0a9bfb20650582cbe8e,sol,ABSENT,,,,,,,full_frame,rim closeup no ball
aa7a1eaec87df65e2b7d64bfecc024f9de427b8753f82f758e89b8a49e91c3a1,sol,ABSENT,,,,,,,full_frame,timeout huddle no ball
aac1ae55830894f5bebfac48d529381e965ce0484192e19d712e866553f279a2,sol,VISIBLE,873,540,31,31,888.5,555.5,full_frame,ball held under basket
ab9d66958bec3ed71ba0b770e8cbe6b58051abb353fd18994f46675d1f2795ff,sol,VISIBLE,385,645,31,31,400.5,660.5,full_frame,ball by dribbler left hand
ac19abac83a32f840d6658fba73c7b945f82d6c31e20ff0f3b661c429b01edf9,sol,VISIBLE,1217,430,35,34,1234.5,447.0,full_frame,ball in handler hand
ac32eaa830f248038ffda02fc212f9e2985b9aba0b057a595dc5a337a9ecf586,sol,UNKNOWN,,,,,,,full_frame,ball obscured in crowded baseline
ac9f7eb7f2bfaf11de9c7a133474ff2c53b2f888be207da3ff8da413517bd516,sol,UNKNOWN,,,,,,,full_frame,ball not identifiable in contact
aca6049481908720d3ee2f99b2a79d6c95872c262a07ed2bd1af5b3431b5c031,sol,VISIBLE,1332,203,36,46,1350.0,226.0,full_frame,ball airborne above lane
ad95b6516712ac58c5568cd9dda57e765fe109f7647a191058fc9d0cc6001b66,sol,ABSENT,,,,,,,full_frame,no ball in closeup
adfe897bd5b6a32ab89286f2d6e60e86feb4f7b0e64d41e715d43e21dc8bd954,sol,VISIBLE,758,743,42,36,779.0,761.0,full_frame,ball bouncing at midcourt
ae193f07928ea52599ef29e31e60fc25742d98438cb87543b742f7291e124760,sol,ABSENT,,,,,,,full_frame,no ball near bench
aeb0302bb27c7eb68690ef454af8a38884aeea694405975f2ed576f79957be09,sol,UNKNOWN,,,,,,,full_frame,possible ball occluded by handler
af03b9f50401bf2cc0c5fabb1f84085a98f69c8a54dea67845003c63edba344c,sol,VISIBLE,819,382,37,50,837.5,407.0,full_frame,ball cradled at player side
af3d55f58e9ed3153b516ad4fbe21fb39ddafe0048d406f45ab383e613398362,sol,VISIBLE,1042,694,42,37,1063.0,712.5,full_frame,ball moving beside handler
af9749790c503761fc4ae9ee3c3cb5fdaebd5a5021268925af3bc5af2f67450c,sol,VISIBLE,1148,249,44,43,1170.0,270.5,full_frame,airborne free throw
afc6f3608db5b441b8e546080a959597bf9df715882f12ab17bf8818bb1a274e,sol,ABSENT,,,,,,,full_frame,no ball in closeup
afe10082487bbcdf4569dbd83b20ccb9d068356186ddc2ab1910d9049b6db1d1,sol,VISIBLE,447,603,45,43,469.5,624.5,full_frame,loose ball by baseline
b03e2fa047ac83a3467519744358ca18eae784ee110835141c1b0f767b1a07fd,sol,ABSENT,,,,,,,full_frame,no ball in closeup
b03e51a438c71b2c69a33825b1e111a5d685abaa91740a3bad11c20c2467abf1,sol,VISIBLE,419,570,35,37,436.5,588.5,full_frame,ball held at hip
b0448ca4b3a749ff33b30686b721be5b2c336051c663a0dca52aad16b27a9f95,sol,ABSENT,,,,,,,full_frame,no ball in closeup
b0807ec8ff4d30a5d48de01e82ccf39c8bbf16c21169ce393f31b01e15ac5c33,sol,VISIBLE,359,237,33,27,375.5,250.5,full_frame,ball held by handler
b0dfa7dc180e0279af1722e6d8da32ae910dc2c1a1af97d723c957dc70140869,sol,ABSENT,,,,,,,full_frame,no ball in dead ball shot
b101723974b64a1279eb7cd8966563481419174e5d9a3365042a288e6864f5e5,sol,ABSENT,,,,,,,full_frame,no ball in player closeup
b14aee495a834c851eebe30d29250502356ce14f1eba09a94a106545345f4214,sol,VISIBLE,836,579,34,39,853.0,598.5,full_frame,ball bouncing in paint
b1501c3de99d2e76dae00520d2d6160d34f3b83a2f127362efb6935dcac0d374,sol,VISIBLE,941,47,56,58,969.0,76.0,full_frame,airborne game ball
b1826846fffe8b200cc10fc36a63f3d4ce3424ef747297205f2fe20d96f3a8b9,sol,VISIBLE,1114,333,32,31,1130.0,348.5,full_frame,ball held at chest
b255be247dea55232bc0606c2012271c1c1cb886b43bb5beb14089f90abd37bf,sol,VISIBLE,858,421,28,31,872.0,436.5,full_frame,ball raised between players
b264cffd139ad025805e92c60eefcbbd45708fe59a50f29f40f4da32b464b8b7,sol,ABSENT,,,,,,,full_frame,referee holds dead ball
b269053e49ec9b387d5de45db8143142eca8cb0ffb842e4a20495cf0d5e77069,sol,ABSENT,,,,,,,full_frame,referee holds dead ball
b2ac3849b75b90f45eb35c47547556d6b289eac5f086068b4da94932ae46ed51,sol,ABSENT,,,,,,,full_frame,no ball on bench
b3395d88475586a6331b95f436b61476264b84282c08b1173eeb9aea7ede3bee,sol,VISIBLE,664,507,39,39,683.5,526.5,full_frame,loose ball near baseline
b341fdd285693c9916e1beaea19625431cae32a94842e8501f56b64cbfde8c8f,sol,VISIBLE,184,573,36,38,202.0,592.0,full_frame,inbounder holds ball
b3549eb2457dab26b5e94f42636d3c96600905779732d92ccf4a4165c8d32bb9,sol,VISIBLE,551,500,41,39,571.5,519.5,full_frame,handler dribbles ball
b38257564a4f3da2a30619219c738a0f3d3058bc65369d4c3a2448be569600cc,sol,ABSENT,,,,,,,full_frame,no ball in bench shot
b3851928e652b8d4cafd9cef64c210bae068adbccdeb63b86436fda1c92b8660,sol,VISIBLE,638,330,32,31,654.0,345.5,full_frame,ball held near sideline
b3a34cbc4105fdbd390e209f4d6bd45d6d2d48906e896473163159626b6cb252,sol,ABSENT,,,,,,,full_frame,rules graphic no game ball
b3b02cc6ab153415109561e931892baf576f74fcaba037359835106e2dbfd9db,sol,ABSENT,,,,,,,full_frame,no ball on bench
b41047866cf6b5d8451879948d178358d05ad94deaf7fcd4d8a3ab4588af852c,sol,ABSENT,,,,,,,full_frame,interview has no ball
b46d16a16c713c1a93c3009b7aa8cd69aefe9eb465030d9e30f27fe2576da6c7,sol,VISIBLE,1482,478,32,35,1498.0,495.5,full_frame,ball held near baseline
b494d694673a2b364d451c42102d394b93283931baf02eec4f374171b7d616e3,sol,UNKNOWN,,,,,,,full_frame,ball hidden in crowded lane
b57d818efdfde800bdbbb5eca6e83debfb63cdcf32234408547cb9d6dfd91bac,sol,ABSENT,,,,,,,full_frame,no ball in coach closeup
b643cb7a398bfc3527bfa89aaf3869d063242b24302ffcab3bb5be4d72a270c1,sol,ABSENT,,,,,,,full_frame,no ball in player closeup
b6478b24d22284a33fa2e084ca4b2b92ad795abd7a32e6475f3295368112799f,sol,VISIBLE,614,339,44,43,636.0,360.5,full_frame,ball held above shooter
b6bb6ae761d1891feb7391d8f435a136f3fec8124933b6a0c11dd1f6a225d894,sol,VISIBLE,1391,332,55,55,1418.5,359.5,full_frame,ball held by referee
b70a17fb2007e6ea1da09c86d5b9ed95a3f35e44c3e77dba7bd59844d7f6fa0b,sol,VISIBLE,531,800,47,60,554.5,830.0,full_frame,blurred dribble at left
b716e12e42a764637e3398a5d33153cd8133d4532da6039e2fa5adf783802d04,sol,VISIBLE,1209,682,55,48,1236.5,706.0,full_frame,ball held at right hip
b8556e868f732cc5d70d9c5371e7a9e0a8b56a95b9659e3edb33fe1da5bd7246,sol,VISIBLE,1346,478,31,35,1361.5,495.5,full_frame,ball near right baseline
b86e4c31ee79587ba1f889c136aa7751114a62259dd00b7433d6575181afeb3b,sol,VISIBLE,1448,366,48,58,1472.0,395.0,full_frame,ball held by blue player
b8a141378049c37b3efa1ea3f0c68712147baac7e5eff1ea5421ecbd242b7d76,sol,ABSENT,,,,,,,full_frame,closeup with no ball
b91495e194056e3578100f3bb5b831ce72f661d4126fed9b0fb82d189b3da927,sol,VISIBLE,1101,529,32,33,1117.0,545.5,full_frame,ball above player head
ba0cc82a3fe4304cf23eb9b24a9da7d36dac016ca416f4afac57d6d468a8f0c1,sol,VISIBLE,691,488,49,53,715.5,514.5,full_frame,ball held under basket
ba855df11c50a3fc257c56b75533382b18f9d81f956c99a0f47e5a1aed8770e3,sol,ABSENT,,,,,,,full_frame,bench celebration no ball
ba9c0b904e8171f4134c59b7fee28daa443976ce8cac81f285844d4d70d6d696,sol,UNKNOWN,,,,,,,full_frame,ball obscured during possession
bb224239090a463daae4968be47f515dc521c1ade3ea432131f5ee6cbee87d5c,sol,VISIBLE,620,570,47,46,643.5,593.0,full_frame,ball beside driving player
bbcf6a50aeef0c8179a2158493ff546fd6fa883a0bf12da6b420ba149936ebb0,sol,ABSENT,,,,,,,full_frame,player closeup no ball
bc46741fe1036968019ec24fe5606241ebacc92acadbc13a8c2ca62b3604ddf0,sol,VISIBLE,1270,374,30,34,1285.0,391.0,full_frame,ball held near baseline
bc51adfffdaa6ebfdd34da17dca7c8f26fcb974b7288ee6f08402bbdd4721c0a,sol,UNKNOWN,,,,,,,full_frame,ball hidden at left border
bc77f4a2b217155434b683cc98bb534490a213d5e4bf7100586f7c778b41f540,sol,VISIBLE,283,390,31,31,298.5,405.5,full_frame,ball held near sideline
bcb481fbcc7056de5b0978ce9fad4d09701c55ec274e42be0ac0790ed52c8cc7,sol,UNKNOWN,,,,,,,full_frame,ball occluded by ballhandler
bcd6bde84d4f564334e2158f6779d3dbd669ed1a6f18a54c726da569e6775e5a,sol,VISIBLE,1108,461,32,33,1124.0,477.5,full_frame,ball amid rebound contest
bd090799c4f823c1d64f27052a4dbeda6b6733e36219d6acab4efd30f94fdf12,sol,VISIBLE,428,208,35,34,445.5,225.0,full_frame,ball bouncing near handler
bd0d6bb3e74b1d86fa74bb36920356d834d69a4224fec3a8a31d5a13f86576df,sol,ABSENT,,,,,,,full_frame,crowd celebration no ball
bdd7a34c674c502ba824b19561ff5b2397f1e1acae43c4a777338829e96ce8be,sol,VISIBLE,1269,472,35,35,1286.5,489.5,full_frame,ball held in lane
be34c82fab196cb5ccc4390aac909e4f8f78ef45741bd27214ed3329c541e7de,sol,ABSENT,,,,,,,full_frame,bench closeup no ball
be78f22c1c030d35835dbb3f6e9deb5a41669f85aff9b63f1df083660dc33b00,sol,ABSENT,,,,,,,full_frame,coach closeup no ball
bea639731fa94154f1208b6c86e2eea8e2a5ce2f7fa050cd7c6c8ba742283db0,sol,VISIBLE,1330,347,31,35,1345.5,364.5,full_frame,ball at right hip
bed46a2ee91cbcb174f3e84ecb0c5bad69ae20409e4419c5a92f9cf756cdd541,sol,ABSENT,,,,,,,full_frame,coach interview no ball
bee7aed2a269d4d91f5c4f6a07d39f6205626c9d47906c101c38999d7acf8640,sol,ABSENT,,,,,,,full_frame,player closeup no ball
befc9d17fba77b3a3f20a028b72cb3bd4c023437df3e89cec53b137e2ae71d4c,sol,UNKNOWN,,,,,,,full_frame,ball obscured during play
bf2251ab8fae16353a7237f24c3b628d2be82819a703c90e84fd682dc5d4d32f,sol,VISIBLE,1499,305,30,31,1514.0,320.5,full_frame,ball held by perimeter player
bf661bdb958235995b9bc4f4c5137dfb29c1a3f5d720f4fd581015db775cf124,sol,VISIBLE,646,352,30,32,661.0,368.0,full_frame,ball above shooters hands
bf710d95bb510b119779bc16b64324421086b0993144eb4b2516d18118ec4834,sol,ABSENT,,,,,,,full_frame,river scene no game ball
bf77cbc60af01953c39c553bc094a0ecdef43e23bcb3ea502fe94026aba062a9,sol,VISIBLE,582,445,29,28,596.5,459.0,full_frame,ball held by left player
bf815b63838042db36835710188387ec5ee3354a39e5eb8a7cb4ce384172769a,sol,VISIBLE,1211,360,215,243,1318.5,481.5,full_frame,ball close to rim camera
bfadf48da1eb124ed856eca38b95e4675f9becb12d7a269a0755e5d327aa446d,sol,ABSENT,,,,,,,full_frame,player closeup no ball
bfb8daf6db573ff44b5c3befaef6d864c7a3f20cfd0bfcc3a86d25a989bc1b23,sol,VISIBLE,231,487,27,28,244.5,501.0,full_frame,ball beside left handler
c07853b2493f6ad8ccb12aa1119702270ed4eb485df1fceae0daf56095757b16,sol,VISIBLE,1336,807,30,34,1351.0,824.0,full_frame,ball held near right hip
c09e17b5ace9e2bfc121561c1b8c809ed858dc1afa99ea2c2e1111d0d6ec2ce8,sol,ABSENT,,,,,,,full_frame,coach closeup no ball
c130340efee4549e459681638e244506e98b84a3a5dd7aa17077c3088927043d,sol,VISIBLE,716,494,222,213,827.0,600.5,full_frame,ball held by referee
c132da3e321d975c9f0e54dc4a04e319df17332e74c44876dd896bdb7605e1d9,sol,VISIBLE,1687,678,58,75,1716.0,715.5,full_frame,ball held at right border
c1bbbb7f318c63fb7fd810608e2115f29fb2f75ab2b2b25205b44f0595e07289,sol,VISIBLE,221,544,26,28,234.0,558.0,full_frame,ball held by left handler
c23aaae11919107b8cb0e9f971a67c897c2378b5701672a0679066d73a4c64a6,sol,VISIBLE,331,377,33,34,347.5,394.0,full_frame,ball held by inbounder
c2579c7c4aba220914cec5d6576021cb3d2ba794a49c4ce2f4b1031d69f648de,sol,ABSENT,,,,,,,full_frame,crowd closeup no ball
c33c8426f8484bdf91022a77abbefe2c417c203dbd1392622325f0ae6a28e314,sol,ABSENT,,,,,,,full_frame,crowd band shot
c370975d7d0f627c1ab13558de2af021cc0068eb9b5d673af94a52c88e51b6e9,sol,ABSENT,,,,,,,full_frame,player closeup
c504b83daebade3fce04c2952e811c49fbb588922a51779b229b1ed5f411d155,sol,VISIBLE,763,297,45,41,785.5,317.5,full_frame,ball airborne near baseline
c53712c3ac6c58b8065aa32c26ee09a938474805ea44cc90f8a57d77a8b4a806,sol,ABSENT,,,,,,,full_frame,coach interview shot
c576ee9e3a29293deccba5f4c6c6caa785100fb6657dc7d6469b7b9e796dd0cb,sol,ABSENT,,,,,,,full_frame,crowd celebration shot
c5a93ad76402254df4b91b451682785176e98d712e6bc8bb75bbeb47dd5f7b6a,sol,ABSENT,,,,,,,full_frame,ball outside visible frame
c5c35b92fd2daca3da01f67c29963c4b5a659e20e626c40c1d3e8534d0dafc46,sol,VISIBLE,979,301,58,46,1008.0,324.0,full_frame,ball held for pass
c5f71722e4b60484d26dc64c84f8512f57ed71ce31d10dc8bf30efdc83bbeeed,sol,ABSENT,,,,,,,full_frame,postgame interview shot
c63ea555a8e4c9b233ab7819d8990573eef4be5fd3f1bf9a0e81f91fa76a2ba1,sol,ABSENT,,,,,,,full_frame,player closeup
c651943b59ddbb91da9eccdfe04c602c1096f832e6057a3054d4808e12d136ce,sol,VISIBLE,1672,319,25,28,1684.5,333.0,full_frame,ball held at right side
c65239bf86fb55718d25e9abd4af4ad377ee0c1f783287b742141bf7beaed6bb,sol,VISIBLE,540,481,29,26,554.5,494.0,full_frame,ball held on left wing
c65af6218d9d532cae62889364d729981428c23c9d43830bd3504f1a748b52e0,sol,ABSENT,,,,,,,full_frame,timeout huddle
c68e36cf6e1742074cc63f8a5717cca89aa15e59bb7557aa74885870e5e9fda3,sol,VISIBLE,773,583,45,39,795.5,602.5,full_frame,ball loose near baseline
c699076e0fb586146ae6b9df1ed3cb282548bdb246445670af832a38bf15bb84,sol,VISIBLE,1114,608,62,63,1145.0,639.5,full_frame,ball secured at hip
c6b1b8c35c709efae26af0bbeac7500174a3228c4404977d7e0f75eb78c7ea64,sol,VISIBLE,1318,628,83,89,1359.5,672.5,full_frame,ball on low dribble
c6f3e658d15d209b2d9b0d1568cf27c1b43a8516c255dbc89b5b43778ad60a04,sol,VISIBLE,605,535,40,35,625.0,552.5,full_frame,ball held in paint
c70d5872450ef2c5c0764af612c95cd2e26e24eebb41461ca33aeb8ea6676081,sol,VISIBLE,379,410,26,27,392.0,423.5,full_frame,ball held on left wing
c822ee49f2fbedcc32f47b19daf12acbc82f9bd97d770dc3b33cd202c797de07,sol,VISIBLE,1192,206,37,31,1210.5,221.5,full_frame,ball above front rim
c8584a3adc7a13ed1dca39a2b55f3b733471de4a305e600c49d0421adc94c7c7,sol,VISIBLE,356,668,30,38,371.0,687.0,full_frame,ball on left hand dribble
c8585e20f6732d52c48dd7f484aa6e4ce9b131e18bacc3e69b161cbadf266a7b,sol,ABSENT,,,,,,,full_frame,player closeup
c899ecc1d38c22151f397c7edc2bfed1228c119d6c165c495ea730a08110a550,sol,ABSENT,,,,,,,full_frame,postgame player closeup
c8b7a671965cedf2899986b26c2031ac8ea2a9f782ac0ba437204d64ae5d4e2e,sol,ABSENT,,,,,,,full_frame,players gathered closeup
c9eb4df95680b262d7a5439ffafb8fe2bc47c750fcf3b367454fc4706541eb2e,sol,ABSENT,,,,,,,full_frame,player interview shot
ca783f13da91f2464d87ac0b8b4e0baeb1c288fb766d3c7ef3388914a170a6bd,sol,ABSENT,,,,,,,full_frame,cheerleader crowd shot
caaf10a7dd5bd2ebeacad6e50aae69caac1dca2f950f116d03d035760afbaa6a,sol,VISIBLE,1033,360,27,28,1046.5,374.0,full_frame,ball held near sideline
cac19bad1c9de8c9fcce8731a1c79f64bb81b399fd96a94f3ca181cdd9cf3170,sol,VISIBLE,605,586,32,34,621.0,603.0,full_frame,free throw shooter holding ball
cac895e73ca51cf3fffd353a3b7f9b4422d309ffada5c6b082efdbea1f939c07,sol,VISIBLE,1248,770,56,52,1276.0,796.0,full_frame,ball controlled on dribble
cb10f94b2e678bf34463c8cfef1a517c4c94d5b3538a8d8c3dee7a246b0c81d5,sol,VISIBLE,1125,785,43,47,1146.5,808.5,full_frame,ball held near lane
cb9e43cfe82625e57563f85af6decff99b3f154aeceda67ee29f860ce0b73c9c,sol,ABSENT,,,,,,,full_frame,player celebration closeup
cba96941045f0167baff7a2c2e7f5f5ba5938416fe6ea67dc4e92b15c3edb0aa,sol,VISIBLE,821,246,39,36,840.5,264.0,full_frame,ball at the rim
cbcac3d74a867a70882820740b59fede2dd69ef455fb805bc58a1ca56eed253f,sol,VISIBLE,1000,494,38,39,1019.0,513.5,full_frame,ball held in traffic
cc20458c6f0643078e9c3f208e7886520350d99b0035c3e34fe441d8a425e873,sol,VISIBLE,1204,452,34,34,1221.0,469.0,full_frame,ball held near baseline
cd44868f53a2b5d0bcb3f5df980fe58f4e0a7dd414da4f639ff24443912e88fe,sol,VISIBLE,751,399,35,31,768.5,414.5,full_frame,ball held under pressure
cd8fe23cddfbfe8bac9593270098dc3565f984569e4c8512e7e02c1d87e401f8,sol,ABSENT,,,,,,,full_frame,players closeup
cde14e856cbfa65efea9e3123df30ccc35c8746966f6ed6ca50b40c4b9fdd92c,sol,VISIBLE,816,370,39,39,835.5,389.5,full_frame,ball airborne in transition
ceadd38ef025e341e9eb2529cb0c8a7cc69085893283bc2a431729d7a57563a8,sol,VISIBLE,1331,223,57,56,1359.5,251.0,full_frame,ball gathered overhead
ceb578923915b5469c15bfc27a34660f304e2244a42d4a48228ff4d033901694,sol,VISIBLE,867,507,84,75,909.0,544.5,full_frame,blurred ball airborne
cee1530bf9195ce8f20672a014f24ab73a04b41000112e03cc3103a9bc0aa46c,sol,UNKNOWN,,,,,,,full_frame,possible ball obscured on dribble
cee4d81605ae4db59f041f2eb39b8fbeaea39110de77d76e0e9601273ad7361f,sol,VISIBLE,878,627,32,34,894.0,644.0,full_frame,ball on advancing dribble
cefcfd5d8442e3c52ba2c61317bb154a1e4ec529ccb99677c5d5cfc06dd84765,sol,ABSENT,,,,,,,full_frame,crowd graphic shot
cf13f4ac0e105eec8fafedf9a55015fed09a73cb0e602efeb5291d32d6838f84,sol,UNKNOWN,,,,,,,full_frame,possible ball blends with hand
cf363db185f5457674cb922c545511b3c1d4ffc9216b3b3bd8dc0f68a56719a9,sol,ABSENT,,,,,,,full_frame,player closeup no ball
cf839e7ef9ae2d813c63ddc67c335185f856132f0dd4ff0509ce4b8673d3858f,sol,ABSENT,,,,,,,full_frame,official closeup no ball
cf9bb3e7d2cd6d698c82cbeb785874dba9a55a617140a0d3e7b3b98dc5ba1f90,sol,VISIBLE,1669,748,28,34,1683.0,765.0,full_frame,ball beside dribbler
d071617e6ff7d7120790d82a82b255c8a649f88a0bbc46d50e2d9a5498ae3032,sol,ABSENT,,,,,,,full_frame,hoop closeup no ball
d0a6fb8d652fe30d1534be6fb3e652057841e5f24b39810390a5e4db880449a6,sol,VISIBLE,948,455,23,32,959.5,471.0,full_frame,ball at players hip
d0daa78771d38fbb6789e50395d2168800483be92f525246ca5845be27d8fc43,sol,VISIBLE,832,448,28,34,846.0,465.0,full_frame,ball held at torso
d107d2fe7598603f864ec3b8965cb6caddd8f0bfe61ded127546e96f6bd33d54,sol,ABSENT,,,,,,,full_frame,players track offscreen ball
d13c6dc3777b23232d2fc1109060ae21e20fb376be523825218a502044b1fb3c,sol,VISIBLE,1165,608,29,42,1179.5,629.0,full_frame,low dribble by guard
d188f300bf34656e8894ac210d9523c7cf0289fc4a3349a056ebdc5fe7d8b48f,sol,VISIBLE,408,294,29,32,422.5,310.0,full_frame,ball held at chest
d1d602cc6a04ee5541e01a7a36369e63826a128bc24011aaec85ef8b6d310e6e,sol,ABSENT,,,,,,,full_frame,team huddle no ball
d1ebf594679a72d2e5612bd39bdf38e26dc455230a50d10e7487b92e76f5412a,sol,VISIBLE,746,525,126,166,809.0,608.0,full_frame,official holds game ball
d1faf8156156685b9d8b42b595f0986afc7ca0af8841399b7daae6755d341f1f,sol,UNKNOWN,,,,,,,full_frame,ball obscured during inbound
d20dae939d7d3441f7fad84c37cbd4bc728af92027181193b07d93cbc5d9e2a5,sol,VISIBLE,818,729,27,31,831.5,744.5,full_frame,ball beside ballhandler
d2453fab516e3777fca483d504b6b436961366583b0106cde5c7f2ded394a3f6,sol,VISIBLE,999,140,28,27,1013.0,153.5,full_frame,airborne ball above court
d2a668fbeec06def70b50253d68d47295e3e6135d27436fd6aec306721f356c1,sol,VISIBLE,1591,511,25,25,1603.5,523.5,full_frame,ball held by guard
d2ea5a73a689c89c54f1d3c8adcf0a9e3773d8bf1c14716c9498b28141c9d17c,sol,VISIBLE,805,620,31,29,820.5,634.5,full_frame,ball in low dribble
d31f9a0c0ce22b96036d80126d652e92eba5ed96415b998a4f30574739177851,sol,VISIBLE,190,740,33,39,206.5,759.5,full_frame,motion blurred dribble
d3747f70cbcce00c72da265771bed172cc9c3c914bd146bd27e14854d48b91cb,sol,UNKNOWN,,,,,,,full_frame,ball obscured in transition
d3a3b719e817f3a05276f22716d3f0ec546346f0145b1336ed3e0a5b9d9eb759,sol,VISIBLE,477,570,28,31,491.0,585.5,full_frame,ball under left hand
d3d53b3575ef946e1dd58b968c3c99df5af7779cb2a7145fa2fc531df7d69dfe,sol,VISIBLE,611,617,45,52,633.5,643.0,full_frame,motion blurred carried ball
d3e2aa486b5bfb8cec472cd36d1ac53d711ac406c227bf5699848a93ec59050f,sol,ABSENT,,,,,,,full_frame,fast break ball offscreen
d58d189f7fd0c2fcc4dec822b4cb1f455d0daa20173cf676631a453030af54d7,sol,VISIBLE,601,307,32,34,617.0,324.0,full_frame,ball above raised hands
d6342ac414c7fa42e782def5293e7fe0cd292bd37536cf667288ef6dc2129290,sol,UNKNOWN,,,,,,,full_frame,ball too small to locate
d644011a1cffb42cfa23739f40c4995d43b372a93571ae52c86bd533841c4b9c,sol,ABSENT,,,,,,,full_frame,player closeup no ball
d705a36eefc0ba1e2a027e2ca10a9b132487e2439f71987e6868d4db4925d81b,sol,ABSENT,,,,,,,full_frame,courtside interview no ball
d727d5b07bf5a0a7f68837307ff260a12a7e3163f45d5fba4a6e608291a3823b,sol,VISIBLE,529,570,31,27,544.5,583.5,full_frame,ball at dribblers side
d803f84a1bf2829d52c6f2f180783289ad27e9a97dc38450e15007f5b909c1f5,sol,VISIBLE,1348,508,32,31,1364.0,523.5,full_frame,ball held on right wing
d81fad7aafb0125c9c7a43799ecfe96b2f8a0365842d357747d006b5bce6dbad,sol,VISIBLE,840,44,126,136,903.0,112.0,full_frame,airborne ball close view
d89130c2299a26280faa875fd3c86e4afa065898199528d0884c14b3018a5a08,sol,ABSENT,,,,,,,full_frame,crowd shot no ball
d945df5188e96ac7c4b857c6710a4c7ea298d394d82afdd8992f3c3e44a0e98f,sol,UNKNOWN,,,,,,,full_frame,ball obscured between players
dad6f3f8d4d54a7dfa5db5a15ea5aaa6cd0b327195b0cf6703ce0f8b0ede9606,sol,VISIBLE,189,746,30,30,204.0,761.0,full_frame,low dribble near sideline
db49e3dc015de9f52fe2ea47810e1ea60213f6cdeadbd884ae5f37e3ca2793b0,sol,VISIBLE,890,276,30,32,905.0,292.0,full_frame,airborne ball near basket
dbe27a83f38d25d487242a35438181866fc0e4ca7e64281692ee449e105d407b,sol,ABSENT,,,,,,,full_frame,player closeup no ball
dbfe4e1eba57759ee12eb943f83ae31ebbb6bdcf8fa04c34096469c5518264e1,sol,ABSENT,,,,,,,full_frame,postgame closeup no ball
dc30f641fd411f5eae982edb6032c3c5d34a421e8174341e4f16b62bb2b7dfb6,sol,VISIBLE,765,544,50,62,790.0,575.0,full_frame,official holds game ball
dc81dfadb27be9b001a99a37064dbeb5dc8fdf3881c02f31ba2982db96143b0b,sol,VISIBLE,937,218,29,30,951.5,233.0,full_frame,ball above backboard
dd56edfca863168247935e46cb72f9c70da47380451c0a5e3575c156c0858a62,sol,ABSENT,,,,,,,full_frame,bench closeup no ball
dd5deee8e3b4502cbda9ea36e30509e77697479a0d94e0ccff6d602019aa5f3c,sol,ABSENT,,,,,,,full_frame,wide reset no ball
dd6672ddb657e5e47c0108623eb80670d8a25d687fcafefe5d3e783aa7536f82,sol,VISIBLE,848,310,32,32,864.0,326.0,full_frame,airborne ball above shooter
dda11891cd04021c790547c6e60d5788398c223b6a9d480d2c40b8eed5d5cfb9,sol,ABSENT,,,,,,,full_frame,empty hoop closeup
ddf0fb13aca0d0033bd34bfab1d59558f8d1e255e7b9426889b8c5ab925559c1,sol,VISIBLE,882,336,23,25,893.5,348.5,full_frame,dribbled at left hip
de6c72f8a75859f8ed67f1bd6a3e1642e79ba9743b01323a6399674ebb514f8f,sol,VISIBLE,1372,410,55,52,1399.5,436.0,full_frame,held above shooters hands
de8f6c3ca68ac5c9009f6320cf23bd13ab2937747e7f1d227404cedde658c02a,sol,ABSENT,,,,,,,full_frame,timeout huddle no ball
dec72afbbafe76fbbc0b94920387810768a7086b109ca0a4e09efd2c27842de8,sol,ABSENT,,,,,,,full_frame,player closeup no ball
dee93ac0d3ca512e9c264f56a4cbdb9d1f9eec5837911db5ba2ae5eaf53eb0b5,sol,VISIBLE,1001,601,55,54,1028.5,628.0,full_frame,held during contested pass
def4b74088e9c27f98617d6a2ef784f1e5ed6e00196e0e3117a1c21675f4d624,sol,VISIBLE,393,379,28,31,407.0,394.5,full_frame,ball above left wing
defe3c0d1e5b03d1838a890e52849dac4a007c54d71ba1ba3b393bcbb3f40124,sol,VISIBLE,1262,684,35,36,1279.5,702.0,full_frame,free throw dribble
dfe5c5f3a10a839eb6b416a5ce20a0017e5b19911ef0b9120870e331c8b27674,sol,ABSENT,,,,,,,full_frame,player closeup no ball
e039ae267e703805a80985a17b00d4d3b34450187f25e98b40f3ab7c7d2c4706,sol,VISIBLE,1154,501,28,28,1168.0,515.0,full_frame,ball near baseline
e0b7002a2d9ee61cd244142399973845526bf0e2969cea1fc6d74c2ccaf2fad0,sol,VISIBLE,868,678,35,33,885.5,694.5,full_frame,held by ball handler
e102e7fbb88385561a69a1771a85f1e1a8041d277d67962385b67ab23e253824,sol,ABSENT,,,,,,,full_frame,postgame interview no ball
e11e7a1ddfe77d0bff58d7056e7793326d94ddbb7c09562e58f513f6745cb652,sol,UNKNOWN,,,,,,,full_frame,bumper obscures live view
e144d07100989d3a36482458cfdf3a7fbf7dd00eb3de9599b58fc06cb31fd96b,sol,ABSENT,,,,,,,full_frame,interview scene no game ball
e156d800c4405fb89da685a79ff9ad540add767bbdfc5bf0176885997875a3a9,sol,UNKNOWN,,,,,,,full_frame,player cluster hides ball
e1f1ab7f928fd7ed75aa5f0b6f631cd8fafd683a4bc8ff9d402ac37631b8d07d,sol,VISIBLE,1001,44,48,66,1025.0,77.0,full_frame,motion blurred airborne ball
e1ffcf35aa4328f0ddb050f9cc7d11d65e047f5adf73a404311ca539246c75be,sol,VISIBLE,1176,412,43,43,1197.5,433.5,full_frame,ball secured under basket
e216c414f1c498045aabde10065362f14bd929d33c38bfbb775608b7dc072160,sol,VISIBLE,1241,311,38,39,1260.0,330.5,full_frame,held by advancing guard
e225e1049d6a4cb08e8aac64fbcbdc8e7190185dd3cb7aeee20756abe9bfd12e,sol,UNKNOWN,,,,,,,full_frame,scramble obscures ball
e2758462fda61984e7b653289770e70d3566a2aab44059917dba0e811c0c2ea8,sol,VISIBLE,1570,495,36,38,1588.0,514.0,full_frame,held by baseline player
e2d26eda8a6a8c235410b1cc7546a409009b98759d46a9e773ce640d52f40136,sol,ABSENT,,,,,,,full_frame,coach closeup no ball
e324bc5f0d6c4f20b4340159d30e4d28bd5a6c767595ef5a4cad8918dc57f91c,sol,UNKNOWN,,,,,,,full_frame,shooter body blocks ball
e36ad0f4105877b7f9eebc2d54ccb5d1edfc22bfc66dc391a375c47d6acbbdbf,sol,ABSENT,,,,,,,full_frame,band closeup no ball
e37e781e4500a438029cb4d64dcc430168a45ea318f1cb7503f9c75464031648,sol,VISIBLE,353,469,27,30,366.5,484.0,full_frame,controlled on left wing
e3ae0f5c4408c889fb01d856ee1cb63b5c66efde2fda2efb17fa5513e3ee6d89,sol,ABSENT,,,,,,,full_frame,schedule graphic only
e3f8f96a0d79b6aa49a693643e9888c20fabd99b538c1066ff87eb40f6280c6a,sol,ABSENT,,,,,,,full_frame,no ball visible on court
e40728622afc2e9afed0abed4b111809fe992162564580370beac480dd644d97,sol,VISIBLE,443,437,28,27,457.0,450.5,full_frame,inbounder holding ball
e414c921e9331c9c6cb97cd17cdde6cf08dd54931691d23116cf6fcb8904654b,sol,VISIBLE,591,635,33,36,607.5,653.0,full_frame,held at left wing
e463c48202f2d155e4545d2e726b1e8dfcd6e3206b331bfed34cba705f79a0e8,sol,ABSENT,,,,,,,full_frame,transition play no ball visible
e4d79aadcddc0e3c6991cd9a399ba664293bbfeb1bc97bdf6831183f9b751d45,sol,VISIBLE,1678,675,40,44,1698.0,697.0,full_frame,dribbled by right guard
e54779db1e96dfde54b99ad0603b9c6f87b17a26dacfdf641ce57718b72b17a9,sol,VISIBLE,899,488,36,35,917.0,505.5,full_frame,held for free throw
e5883851f44861abf1f628edb05ff5e2ebb54094ae7a651ebf0bcfc77821cd0b,sol,ABSENT,,,,,,,full_frame,coach closeup no ball
e5bd3c488188e13caaacad21a1367cefb446f61ae64e4f0e925dd74a763a1c84,sol,VISIBLE,669,650,36,37,687.0,668.5,full_frame,held at players hip
e5c7cb72f83fa496bc3184c61096d327e2971c52977999c6792a68037704c3ad,sol,UNKNOWN,,,,,,,full_frame,transition graphic obscures play
e5f28e676ccb89514ecc45a40bad564b1a37814919426c9fff0f2d5e5aa121c8,sol,UNKNOWN,,,,,,,full_frame,motion blur hides ball
e68262a433bafad167691e9a21dd34b4030045a3dab058364914bade2b50ff88,sol,VISIBLE,1542,420,36,36,1560.0,438.0,full_frame,held on right wing
e74a40a018413a3d3fba48c4ab55f627b373f8a4dcf95d39829aec1547c6ffce,sol,VISIBLE,640,435,83,101,681.5,485.5,full_frame,motion blurred pass
e7911da1b2534bce30b0487316ef9452e1c59ae1f00fcb0f7245dbfe326ecb8f,sol,ABSENT,,,,,,,full_frame,full screen tournament graphic
e79d1d6072d37b3c0407b26e0ff50b2eace06cb7f4c7d02f425c6552eb037337,sol,UNKNOWN,,,,,,,full_frame,ball not discernible near baseline
e848892b2b1700dc05b6c9a1b91fdb65db644b5ae13bebecf3cec627330c222f,sol,VISIBLE,1154,702,29,37,1168.5,720.5,full_frame,dribbled at top of key
e8521bf0d237ae2d37a23d606d4fd8ee568034f8d4ddedaffb50ac6e12af6533,sol,ABSENT,,,,,,,full_frame,no ball visible
e86b1958b0e933225f4d64262291b7186822cf745302bfa18fd5e63db8024f40,sol,ABSENT,,,,,,,full_frame,crowd closeup
e89b2b5cefc1ed21c6002f5f6018a90435fc8b6314b2b510344b572209197557,sol,VISIBLE,752,456,74,70,789.0,491.0,full_frame,ball blurred in flight
e979919ec4742c9cafcd760cfe6fb091c47f5fab9a5b786c88de0cbcdd50b8ca,sol,ABSENT,,,,,,,full_frame,commentator shot
e9a686856100d65a562621af0d9f4d268d32b44ec363fd0382391c47eb41c5dd,sol,VISIBLE,995,418,58,53,1024.0,444.5,full_frame,baseline dribble
e9fe387a041cc4240edb0ff0d05494312c538d6d83bbe50c90d275dd0f070bc0,sol,VISIBLE,1003,17,49,43,1027.5,38.5,full_frame,ball in flight
ea06480bfc22c25974338ed9ff1781cb303b367bca626fcb6b2f240f2c0cd958,sol,ABSENT,,,,,,,full_frame,broadcast graphic
ea21e74200df72706ee8a1d2b9f2e2008b47ca203be4b3ba260bb5a0c65006cf,sol,ABSENT,,,,,,,full_frame,bench closeup
ea2300654a31a0e8a65fc808aada10f371e953bc3ca8638b24925a48b8c699bc,sol,ABSENT,,,,,,,full_frame,player closeup
ea840f4d4a332461fa458bc0d6059c70521fdcf9b3987bbdb46e0ec78bdbf976,sol,UNKNOWN,,,,,,,full_frame,ball not discernible
eaa882f182d838e614de6785087352906fae1defe182255a4ea61825ee7eab7d,sol,VISIBLE,607,402,34,34,624.0,419.0,full_frame,player holding ball
eab3e7c6acefe8e755118d596c38beea4d00897498b9eee4877ea71cd5a0cf1d,sol,UNKNOWN,,,,,,,full_frame,ball obscured under basket
eadfc76d8ce4b8545f7cc1af11d7a47b12aa1808a6fd0c38738fddc6c0e0541b,sol,UNKNOWN,,,,,,,full_frame,ball obscured in paint
eb1b380880aafbbeded4c24a2fa7343edec4c15cf79d6f9227ae44b7eb10c66a,sol,ABSENT,,,,,,,full_frame,ceremony scene
eb8de85a969dce960afe18c4b0a0dd3c1e4822bf1d964c42b3ef12c875ecec93,sol,ABSENT,,,,,,,full_frame,crowd celebration
eba8c3908739e03f2422929886b112ed53abc3e46b8783426aa773799cabe333,sol,VISIBLE,1487,619,40,40,1507.0,639.0,full_frame,dribbling at wing
ebc26084e402a1376edef7e983ef560631e47f7618866adb9cabbe895979069c,sol,ABSENT,,,,,,,full_frame,team huddle
ebc32a31ced1e32d6e8ba376d1b612da97202f7bf357e83b90af1a894966de3f,sol,ABSENT,,,,,,,full_frame,ceremony lineup
ec8cbc20f4b79aac2bb0d4c3cf2bdd7091533677fae271bb5e46648e7ec1b55c,sol,UNKNOWN,,,,,,,full_frame,ball obscured on possession
ec8f5ca63a7b3c5ac9cd31fde027011333f0544f742d395269792c590fa69715,sol,VISIBLE,1291,853,102,101,1342.0,903.5,full_frame,player holding ball
ecc0d3be31ce62f03cad7ce52ac052f41e5b2919913d1a7ad278a77d629bfd3d,sol,ABSENT,,,,,,,full_frame,sideline interview
ed005cbfedb01cdfe905a888cdc21ca3cf7044888e9e763bca3a52a5adb165d0,sol,ABSENT,,,,,,,full_frame,postgame closeup
ed5e6a35bf81817508284dc95ee8cf3daa1b7c2f5f0e82f5d3c62bf21594a6ac,sol,VISIBLE,927,178,33,34,943.5,195.0,full_frame,ball in flight
eda38fd4a9914e452d897b0cd3933931a958b88b7c04b1a87ccc8a3680abca70,sol,ABSENT,,,,,,,full_frame,bracket graphic
edce8ae845c0dd71d5cb5e6862086be7657d5a6aa80893adb11cbcf0205aeae7,sol,VISIBLE,0,143,175,216,87.5,251.0,full_frame,player holding cropped ball
ede87007754221801121d7d09be7937ced5a777f842324d4c2a35d988b4e718b,sol,ABSENT,,,,,,,full_frame,bench celebration
ee27ca49da66243ef9e51c56f1c6ed60fca7847ab05c1146a1afb2ffb65ca286,sol,UNKNOWN,,,,,,,full_frame,ball hidden among players
ee311d78fabf4f142cba98e2de9aaaa13cebafcfa70c4a5a6138c67cb9f83a46,sol,VISIBLE,520,697,26,27,533.0,710.5,full_frame,low dribble
ee74084b8982b01c306f14314a2a935e02d9350bd02bb013f770a0d86e4c2517,sol,ABSENT,,,,,,,full_frame,arena flag display
ee76f9191cdbd8d5027d46596a903214dfcbc5bc2ff5f55c377abe4dc4fe6fea,sol,VISIBLE,299,352,61,55,329.5,379.5,full_frame,ball moving between players
ee7f587678ccf2dc828eb9a25ba019d4d5c8a5180ec9842e8d794b4e88374e85,sol,VISIBLE,1351,528,34,34,1368.0,545.0,full_frame,official holds game ball
ee801423da414b14e6d3486a617cf36e811a3a45f4803bb1f651b3b9969cdde6,sol,ABSENT,,,,,,,full_frame,postgame closeup
ef38a29a9b129e17b92d451bd58c4f2a471e4007f60dce883f1c0a59bfd05374,sol,VISIBLE,1267,748,40,40,1287.0,768.0,full_frame,low dribble
ef983fcccd3ace70e36529b4b04e37276a495637ee40416fe155baedcb6ec0af,sol,ABSENT,,,,,,,full_frame,postgame closeup
f0679fbea70cd2c5b293079063810b65bf4575f16453cfcb7074ae884ea22a1b,sol,ABSENT,,,,,,,full_frame,postgame huddle
f15fccffca03276c1d8633ea654df2261496ddb605f7b304fe28a00fd21910fd,sol,VISIBLE,1100,380,64,68,1132.0,414.0,full_frame,ball in flight
f183ac9e41aa49dde97766504e80649a4e977cd4b2546ee4e3f0251db1b38702,sol,ABSENT,,,,,,,full_frame,arena exterior
f19823b78128c997d74a3851d9d97d2e9b940ccb38253de415e47fd1a5f1221b,sol,ABSENT,,,,,,,full_frame,player interview
f19899cc7b14e1a2c6e036400065fa3d393c8c7958c9465d6804b2ccc40d9be1,sol,VISIBLE,397,241,137,134,465.5,308.0,full_frame,ball in flight
f1bbb0bdf8333f1191382b2de3b5f51e679b10f813345d5700fa76aab52fa52c,sol,VISIBLE,1021,587,139,142,1090.5,658.0,full_frame,player holding ball
f1f13c7f22edc6b5a85b51c561c3d330860100984c11e3549c877e4a32496864,sol,VISIBLE,1230,210,37,38,1248.5,229.0,full_frame,airborne above rim
f22176d4659e106b0600c64471969f83b65ba199c23cdc59a3cac03465e7ad12,sol,ABSENT,,,,,,,full_frame,no ball in player closeup
f2d1b5c0bd14d7b8d71339d751c7d1ba8f6b1258a25d88170bde089ca8af64da,sol,ABSENT,,,,,,,full_frame,no ball in crowd shot
f339d0f0f44dbdbcdb67650b1228d9d100e728a084c89de23c931bd9bf5cd103,sol,ABSENT,,,,,,,full_frame,no active game ball visible
f3b924adc1a6d43917801364b965d8c772d44f40f07dc1af4d04f1276e117fb1,sol,VISIBLE,729,436,35,33,746.5,452.5,full_frame,dribble at center court
f43576229b16a9afa1ea528acb9a901aaea8efe61896e7b32469216a829f09e4,sol,UNKNOWN,,,,,,,full_frame,ball obscured by players
f442c7b355e0d3c2fef1eab175358a9adaa17b9512436ec645af7e227497ced1,sol,UNKNOWN,,,,,,,full_frame,ball obscured near handler
f46373fc2ad21b635308b20487ddd8eab3528108af9e28b5040e89bdfeae11a3,sol,ABSENT,,,,,,,full_frame,no ball in player closeup
f4745b0656259bef203c918c65d63093e234ab37fc411cadaaf85511c6515173,sol,VISIBLE,1537,334,63,70,1568.5,369.0,full_frame,held at right baseline
f6c38194abd9fb6f1b8100df9cee13e4012d5208a103640ec4a9fc4ac9f9eec9,sol,VISIBLE,1297,227,28,27,1311.0,240.5,full_frame,dropping near rim
f77c3f33f4d79a6d17f1ce3e9606d7c926895abefc2ad05aade2d5b079afece5,sol,ABSENT,,,,,,,full_frame,no ball in player closeup
f7a84e2f89d654ba032b4e0be8fc07a367ff9fb403efe1993d8539412caa0567,sol,VISIBLE,1040,601,47,38,1063.5,620.0,full_frame,held overhead
f7d5f65f5257cf5cafa9b3fc64ddb82fae247d7f893c0d498fed2af5b08321f3,sol,VISIBLE,806,126,407,505,1009.5,378.5,full_frame,motion blurred closeup ball
f7f4a82ba9cb34a726da0c9efcc079824b2e2efe3154e9aa17064bf8b52fcedb,sol,ABSENT,,,,,,,full_frame,no ball in sideline view
f848c4f039c2958153ed931dd720f05115fbda9c9a88d7c1312dd77e218ad688,sol,VISIBLE,1124,76,127,147,1187.5,149.5,full_frame,held at upper center
f8603da6a2db0191583ad827e2d55ad117d410d0ef6050d6d8fdadba18781081,sol,ABSENT,,,,,,,full_frame,no ball in player closeup
f88f6bc5615299efee1b67762ca6c15b6dbe967d90540fe37e376579cdc7963b,sol,VISIBLE,594,565,57,56,622.5,593.0,full_frame,held at left baseline
f8df04ea06fa81ed43ef7cb9921b715e956561135c2c08d3e6e94e3dd8aaaa40,sol,ABSENT,,,,,,,full_frame,no ball in player closeup
f93e941cb10f14df6ca6b1e41f95ad3bfc2211288efd8c88a9e9b7c350536725,sol,VISIBLE,1161,449,70,70,1196.0,484.0,full_frame,held at right wing
f9932656ee59d5138b52ef1d5501ba9871fa2d695bd6be6de6f9aae09f730584,sol,ABSENT,,,,,,,full_frame,no ball in bench shot
f9d71135e6240b5007270a3e0cfdf4e464d9ac8c5e40802b0277773cea40aaef,sol,VISIBLE,368,805,34,42,385.0,826.0,full_frame,bouncing near sideline
fa1b699643c057f5d2161bb533489079bb8bb1d2ce6a119a9b8db56aad7c8b2b,sol,UNKNOWN,,,,,,,full_frame,ball obscured after basket
face585feda88f8ae674ca1aef5685b9f6dd1956629900fc7f694337b0f0267b,sol,VISIBLE,522,674,31,29,537.5,688.5,full_frame,held by inbounder
fb1b5db3afd29b4429d1c5f2e93da793e200c5c617464d3c5b86b9e2536f263f,sol,UNKNOWN,,,,,,,full_frame,ball hidden at sideline
fb255f6b5089f3c72bc17655b1c866e0dbd1881ece9c1d81f2089c1a53a9b97d,sol,VISIBLE,607,511,57,58,635.5,540.0,full_frame,held by ballhandler
fb4f91766c8e82a4627d97893f105dacc4cd5db1de5cc8ee588c973196f037bc,sol,ABSENT,,,,,,,full_frame,no ball in player closeup
fbae0d0d4b51d9aac91da33f5d839c5a7a72a8473e625847933a53b1d554ea50,sol,VISIBLE,1152,43,64,70,1184.0,78.0,full_frame,airborne above shooter
fbda48df8ff799d24b5917944fc848319dd73d13fc0370366a95338347039437,sol,VISIBLE,836,316,29,29,850.5,330.5,full_frame,held near left elbow
fc7d49e94fc2feab024df67469101f3323d0a90abdd88ff258159671705f3f66,sol,ABSENT,,,,,,,full_frame,no ball in bench shot
fd56bbf0af4a1f64f0f31d8179c4a3458b00e021647460ed16bbcd57b357f688,sol,ABSENT,,,,,,,full_frame,no ball in player closeup
fd74ef3ff8775523a9726de1fd609b2296f73d66b81bce6d432f5ee1c349752b,sol,UNKNOWN,,,,,,,full_frame,ball obscured near handler
fd9b7a4304f763255a4e53ad3e1457ce205cceb1c8a42647abb97dd28af533ca,sol,VISIBLE,1101,478,40,31,1121.0,493.5,full_frame,pass across lane
fdb7c19c0baea25d0ad3c01a57c81665987b1ac401c8fac6ab0a5891ae4fa36c,sol,UNKNOWN,,,,,,,full_frame,ball obscured under basket
fdc404d87dff0f2aa2cb8335c3b61419a04f6255496e1997c5ec3ad6a9de68b4,sol,UNKNOWN,,,,,,,full_frame,ball obscured at left wing
fe43ac29fa44c79f826c70d1c1d94a9e2103776c202658465ea8e521a18bbd51,sol,ABSENT,,,,,,,full_frame,no ball in player closeup
fe52609d79e5467948e775c5d106770d1bd996d87eda94f2c3a4fd1173a1372b,sol,ABSENT,,,,,,,full_frame,no ball in player closeup
fe542224de892f6b3360d9b40409e1acf7270c185087f4bd7872f14dd7f3eb90,sol,UNKNOWN,,,,,,,full_frame,ball hidden during transition
fe5fa5337cc3492a681f43b6104ebe37878bcec0d6b4c11be36c0211403036af,sol,VISIBLE,1322,450,42,43,1343.0,471.5,full_frame,held at right side
ff3827e714e6175283a4ec3cdaed1d8caf9ebf2edba6382942397cb3bf4b0c68,sol,ABSENT,,,,,,,full_frame,no ball in player closeup
ff3ba7406d07c24504a647a57582436cf8b4dfa5edfa354a2144cc276f0bc48d,sol,ABSENT,,,,,,,full_frame,no ball in interview shot
ff4169c59f81bb3188d80864ba7eb8993ca011c8beb08d32de06952776be41f3,sol,VISIBLE,377,474,26,25,390.0,486.5,full_frame,ball by left player hand
00088f2f70b5452bebcca594720d11f344ec849cd88e8972dac6257c104f9300,sol,VISIBLE,888,559,41,40,908.5,579.0,full_frame,shooter holding ball
003818538c6d8a3ba39f7fcdd2e6eb3fa573e8bbbf80b8595a418344e3517374,sol,VISIBLE,928,91,21,29,938.5,105.5,full_frame,ball above backboard
00670bf31703357800a00f3766e011bdb63eb300b5c53c2dee37f7ae7d54ef1c,sol,VISIBLE,958,581,71,89,993.5,625.5,full_frame,player dribbling ball
008404a9932fe4be71fd414f2e8300b1ceb25933d574df5871d543f77ed9fbd7,sol,VISIBLE,543,319,40,38,563.0,338.0,full_frame,player passing ball
01301367dd61f57f061177bc1000eb31942134069bad5d2cd59b7e75c7b4e077,sol,ABSENT,,,,,,,full_frame,lineup closeup no ball
01604bfb8b2630e2f518ec1f283527939e8863fb023c814df80301aeaa948baa,sol,VISIBLE,1473,472,29,26,1487.5,485.0,full_frame,ball in midair
01d29616002771ad3f5d29743c29f3df60b4b17bfbbf5a99d1b10c74cf7cc2df,sol,ABSENT,,,,,,,full_frame,player closeup no ball
0225e903ba5721cfcac4503d77dd80f9427c51cc85af60863d645082c096aa20,sol,VISIBLE,438,617,70,78,473.0,656.0,full_frame,blurred dribble beside player
025a7448186c76c1c09865db76e371474dc1b8ec2b3c26a9a934f60e8410de95,sol,ABSENT,,,,,,,full_frame,player closeup no ball
02638c6dd88a72199c0395c8f20f419eb51517506b46cbed304de2012aaa8d9d,sol,ABSENT,,,,,,,full_frame,interview no ball
0292b9f00e5358e4f47c06116eababc1f6d4e0b3b4545121f19af57cc3513639,sol,VISIBLE,626,634,82,98,667.0,683.0,full_frame,blurred dribble beside player
02b8f4143fa6c7c53db6e7c3f63d3f99e2ce1099077fbda003cfcb36afd4411b,sol,ABSENT,,,,,,,full_frame,player closeup no ball
0330d2250898f778d2086a1538ab45f52d6eda3f9327205e2d57806437f8d769,sol,ABSENT,,,,,,,full_frame,schedule graphic no live ball
0331961bb5b734f2d7e21ddb6534673df7341d0af5b0b08c055469ae2dfd717c,sol,UNKNOWN,,,,,,,full_frame,ball obscured in live play
036e0193d5a8139e0e7b00749bb631bf2ab470841de4652898026f03bf308710,sol,VISIBLE,753,541,29,28,767.5,555.0,full_frame,ball at handlers hand
039072cb2ff14d93c4b430ecfc4c70808319ea05475a7a8f838f8234e1631a03,sol,VISIBLE,579,99,25,25,591.5,111.5,full_frame,ball above hoop
03999f5df54bbb47f710b05e8c4ef537de410d02c8c6499128369f07b026638b,sol,VISIBLE,1195,190,39,44,1214.5,212.0,full_frame,ball beside rim
03ee5d6d130bb5946c06523eb1c6822921ab7cbaf95b7639ecba0d92f2e52883,sol,VISIBLE,1059,360,32,31,1075.0,375.5,full_frame,ball airborne near lane
045553dfb1de2c282684e1c985df80d891f5d6f34772d9afcd9db9ba4c66df63,sol,UNKNOWN,,,,,,,full_frame,ball obscured by players
045ee6fe119e5f8aa36b58c6b799d08ce140b1f7f60ce2d953646ab39cc575a6,sol,ABSENT,,,,,,,full_frame,player closeup no ball
04b79af9c7050671e61e2636905384593795b962280400a76400c4b0e5d9dd22,sol,VISIBLE,1184,198,44,48,1206.0,222.0,full_frame,ball on rim
04d4f5b039d4413dac9a5b9193b26e334babe8a081cbe58c7e69924980e328b5,sol,VISIBLE,1097,526,44,45,1119.0,548.5,full_frame,referee holding ball
04f4187da49b6aba15e9ab2840638a6905f024842e96149a2bc29128a8e8f14c,sol,ABSENT,,,,,,,full_frame,post play closeup no ball
05d828cb1ced0ef7033b247fdb88cb51d247813c1cc22b06beb2566981250857,sol,VISIBLE,657,594,36,40,675.0,614.0,full_frame,shooter holding ball
05efd0f88dfd5556c65d66320e9f5f131ef43158b687a0ce75c7e1cba988c738,sol,VISIBLE,1367,508,36,40,1385.0,528.0,full_frame,ball near baseline
05f3012d95d41fd64e5950c5c91b89adaab2e362d3071379be8a8a35efc56dae,sol,ABSENT,,,,,,,full_frame,bench closeup no ball
05f6393f845995ad41c88bfff04644f552405b398d14642414f04730a9b73d82,sol,ABSENT,,,,,,,full_frame,free throw lineup no ball
060beffd431727fdb26e9c315584b0a066f16623ad7dc9e21745e620511ffa6a,sol,VISIBLE,579,447,35,43,596.5,468.5,full_frame,shooter releasing ball
06c4cb648f746f28764ce2da5fbb3b4771e8077b33dc966e688005751d63439a,sol,UNKNOWN,,,,,,,full_frame,ball not discernible overhead
0736209ccc57357b8638de6c16121d39439ba0e634f94cee0aa563f1ba5052ff,sol,ABSENT,,,,,,,full_frame,player closeup no ball
0807dc9526652ee2cf6367bd2bae708e6155b39b42a94462af592ffaaa01ad57,sol,ABSENT,,,,,,,full_frame,crowd shot no ball
08abef457742414120ef6577b3ddccbb024013343422ad7bfde41ee23a4cf313,sol,UNKNOWN,,,,,,,full_frame,ball obscured at shooter
091d2019f15ad13e22606645ceb848a9e49aa36d0bff513eb6f4710f2fd220e5,sol,VISIBLE,482,372,27,31,495.5,387.5,full_frame,background player holding ball
0926190f8ffb3bbe9159b00f62711bf6faa50303a53c0668ee2476895ef91eed,sol,ABSENT,,,,,,,full_frame,interview no ball
097e98e04c7fceb8825acc43498c74a4ea06d0ca6e0fc6b6a9621c748ab368d9,sol,ABSENT,,,,,,,full_frame,team introduction no ball
0a27d36f33c8837fcd53a7ea8507777a620d599e096c54eca94bc1c87134b338,sol,ABSENT,,,,,,,full_frame,player closeup no ball
0ab48a08b7362126aebb50e1787bdc9fa114084252b0d38e3fdb132678c6bf12,sol,ABSENT,,,,,,,full_frame,sideline timeout no ball
0acc5cca56f9c05ccb9da6cb701419cfa9676b6b54528c6768fdd4828b70c84e,sol,VISIBLE,992,80,41,41,1012.5,100.5,full_frame,ball above hoop
0b3c8204f6f15667324218c15221f0a15d40f2ea933c0717a8a86d91e2f5527b,sol,VISIBLE,1047,247,33,30,1063.5,262.0,full_frame,ball beside advancing player
0c356d7f019485fa69da38bf2f6ec2c4cabd0c0b602431d2e080ceecb4a8f8d2,sol,VISIBLE,427,646,36,43,445.0,667.5,full_frame,ball bouncing on floor
0cb724109b5c09e5d0df6cf0ecde27e2291ce3115a5214464ca08f1dcf5451a7,sol,VISIBLE,1422,346,30,31,1437.0,361.5,full_frame,held by inbounder
0d2ba648eac22051a8ab8cfc6d58f4acd4743d600cd7d81cf27886be5e7a1e4a,sol,VISIBLE,726,284,33,38,742.5,303.0,full_frame,held above rim
0d6e5c0c7d8bd5322e4dd3964a10b4a3d6d5e71b904482ca387b5162e49f3ea6,sol,ABSENT,,,,,,,full_frame,crowd closeup
0dbef4cae6ad6751f7cf83298a66bef6e77bfe5540963101a83d92eeb6124a40,sol,VISIBLE,1017,557,38,40,1036.0,577.0,full_frame,live dribble
0e28bf5b05f3489a40657d5cb01ac6a82203170393cc70af22ba86b61990477d,sol,ABSENT,,,,,,,full_frame,player closeup
0e71bd724743642707a0af135aadcf3d2939569b9544e68a9de8a58fa8823256,sol,ABSENT,,,,,,,full_frame,team introduction
1040d086c38221cb0682df1ccbf787ab00ddf8c41f26e45a9b214a7212566482,sol,VISIBLE,1583,600,33,34,1599.5,617.0,full_frame,held by ballhandler
104dccb201d499141e6d337a198d4805eba270cf9a91df96170113cfc7a389f9,sol,ABSENT,,,,,,,full_frame,player closeup
105128881d24d61dd16bfad9759f7d33ac00960c65d7b033c037f21526744d9b,sol,VISIBLE,478,470,30,32,493.0,486.0,full_frame,live dribble
112ed4453b19cbf257ae9d93a4c0965633127ef7311469a98c06f961716493f1,sol,ABSENT,,,,,,,full_frame,dead ball closeup
11375fccfaf88284e65d64e5d142b2b4842203af2be14491d8730d7ea2b73a6f,sol,UNKNOWN,,,,,,,full_frame,ball obscured during drive
1142effeb3713faac70eb0fbd30283bfb0c4620e9a59c555e79c8e36f95cc024,sol,ABSENT,,,,,,,full_frame,coach closeup
11490e40048bdff582ba91dfef0f49a5d65e64e3240f2837ec3b4d697d91d1b8,sol,VISIBLE,709,507,37,35,727.5,524.5,full_frame,held by referee
12dc4d60a90efe7ae2fd2ccaf52c57ad293170b6a83dce8e056129580caf9f8a,sol,ABSENT,,,,,,,full_frame,player closeup
132a7ac772038752809499b6c9b3750b4c189d8d6e0bfadd345307b45452f171,sol,ABSENT,,,,,,,full_frame,bench celebration
138d7afc971ea791fb1a065624b46600a5ab6d1f4e8e29ecdad6bd771aeff391,sol,ABSENT,,,,,,,full_frame,players closeup
139142e42c9d159d8a8fb24d669124ced9c67f1c9f21db24493cdaf84b8c35c3,sol,VISIBLE,696,449,29,29,710.5,463.5,full_frame,held by shooter
13ff1900748f2486706891d974958874b20273b5a4672b254c4fcf85d8decc39,sol,VISIBLE,617,633,32,34,633.0,650.0,full_frame,held at waist
147ccf82294bd469fee799aeabd075ad0658b6fdf11922a9c7c9da656fdbb101,sol,ABSENT,,,,,,,full_frame,player closeup
147fa3791fb1d77fcc9592d6c70f2a3773fbd9df4dc68b795387bf4852dfe67a,sol,UNKNOWN,,,,,,,full_frame,ball obscured near sideline
14b2b08253f57492c3c381dfd1a823f8e8aa95f727c617335529fd1b78ebde20,sol,VISIBLE,1181,292,48,55,1205.0,319.5,full_frame,contested possession
154e06c69cec129fb39fa418879978049eeec120657c55cfbb52a84a3c8fe2f0,sol,ABSENT,,,,,,,full_frame,timeout huddle
155bc49efcbe441d87bdfae6564605959ed84229bf34d2c2fc6731ff14bd9b52,sol,VISIBLE,1234,357,28,28,1248.0,371.0,full_frame,ball at rim
159ec8146872d132315e5f3f5bccd1ba5472b1ae121958363530870db08f140f,sol,UNKNOWN,,,,,,,full_frame,ball unclear in transition
15fb56d6fcde748dd50a43980f4df328a83a9434e8e9c6d0a8295df5544b8a83,sol,ABSENT,,,,,,,full_frame,broadcast graphic
160e9d732bd4600ada55b18bcc12b94b6711cdea0a91f37e11f5937a48bddc60,sol,ABSENT,,,,,,,full_frame,player closeup
1673e946bb0c2c7f469569850f01877aed0ff2673f516de08858fbe31c841700,sol,ABSENT,,,,,,,full_frame,coach interview
16daabf6c6da067d7c391469fd6abf1b2d2cf07df346d1a2503dca13738143d5,sol,VISIBLE,214,526,29,31,228.5,541.5,full_frame,live dribble
172583873a8444b783f4fece1029dcac07d6b2640e7ed1f93c8bc87f9010f751,sol,VISIBLE,1341,279,25,25,1353.5,291.5,full_frame,ball at rim
1778a54bcacad278319e75544646c916d4a1695a32acdd75d145530384b822a8,sol,VISIBLE,1624,338,51,48,1649.5,362.0,full_frame,held by passer
17def8c0cd3e7b20e1db1b98429389acf49cbfe16a4e245e8de6eadeb29cf21a,sol,VISIBLE,931,499,28,28,945.0,513.0,full_frame,pass in flight
17e6d839fc6bf897372105d62514a44b171717ebb5eeaad0bc854d342194b553,sol,VISIBLE,1625,354,35,35,1642.5,371.5,full_frame,live dribble
17eab81b0640afde657c6265cbd1fd7cbc12f018613b0ee46fcbe6b834ab8ccc,sol,VISIBLE,1201,331,28,28,1215.0,345.0,full_frame,ball at rim
18a1f4e3825cf93a15525549fa82128b22b12db2e701c009f890e2fbd9291f62,sol,ABSENT,,,,,,,full_frame,player closeup
18a514e058fa82a6051937af18936c2f8a492161619bc06ab114589e41ac13cc,sol,ABSENT,,,,,,,full_frame,bench closeup
18e6b3b70ce2658dda08b4f25f8f76ce3fdebda60ea46078a988a6a5df429d44,sol,VISIBLE,1206,387,28,29,1220.0,401.5,full_frame,held near baseline
19a8b5d543844701d76c7584d93e4ee4c851a0cb87a226ac803e71a53372dfa9,sol,ABSENT,,,,,,,full_frame,dead ball players
1aa34231797bc6772c1bdf1cd1e0a277e103f9883952332c0fa4ff5e7497536a,sol,VISIBLE,597,68,54,49,624.0,92.5,full_frame,pass in flight
1aade590ac7db30875e2c6929f889821039e9c3d87bc241c9e75624ba8048a8b,sol,ABSENT,,,,,,,full_frame,bench celebration
1b295a87874298ae201d4cfe5ee4e545bb47e4bcf5cc4b7b049f66b7ee01873a,sol,ABSENT,,,,,,,full_frame,dead ball setup
1b60205b44f22923d9a546bfdeb2f299450fabfe6f936490e60b7ce3317d249e,sol,UNKNOWN,,,,,,,full_frame,ball obscured in paint
1bd46fb1547090b1bbe4da8f34cb9c4f516cac3978d13855d04fbeb27117d43d,sol,VISIBLE,1149,263,34,33,1166.0,279.5,full_frame,ball beside rim
1bda1144f13c51902e27b29c0faae8004ed3bbb1523d6c124423f30dbb44a0c5,sol,VISIBLE,444,464,35,37,461.5,482.5,full_frame,ball held at hip
1c2fb1bc86296994ed46fe1e0f60706386d329c3b6b4cc415af0efbe7440922e,sol,VISIBLE,1139,93,30,30,1154.0,108.0,full_frame,ball above backboard
1c53069b32d7d144f1093a18e94ced4e54d2a06af9dcb3cb296bde833ee1dd8a,sol,ABSENT,,,,,,,full_frame,pregame introduction
1c8b42e646cb97ed346f4802fadf1988adc137bcaf843ea8ea632b8a07aaf725,sol,UNKNOWN,,,,,,,full_frame,ball hidden in contact
1cfcbb1e9d8f130372ac02126672f6af28d02f07a568563e4afe45e84f17b52a,sol,VISIBLE,746,837,50,50,771.0,862.0,full_frame,motion blurred bounce
1db0b68cc5e5ee4554a980aa07ae75ea807d3cf10ca58965197ad12c86307f0e,sol,ABSENT,,,,,,,full_frame,bench closeup
1e2a891efe606a5404d0caf2589792e40404fb1e5ffc847aff9040383110adcb,sol,UNKNOWN,,,,,,,full_frame,ball indistinct near handler
1e330a843b83c748067d8c25a60f83f946cb709438b8671c09cdf84a3b7b5cf6,sol,ABSENT,,,,,,,full_frame,referee closeup
1e37dbc9ff10abc234165e3f925fba54d99a35f7824171685aadafd30333660b,sol,ABSENT,,,,,,,full_frame,players celebrating
1e63d1a8e8ddc1a2af1e39236a50aebb69dd25aa2209cbd68db06324a550ad45,sol,VISIBLE,1263,282,54,48,1290.0,306.0,full_frame,ball held overhead
1fafec2c985200986e1739e650e91ad59aa773f9fd0ea50d95327df09a4ddc39,sol,VISIBLE,438,313,31,31,453.5,328.5,full_frame,referee holding ball
1ff7ac29819c556ed865ec550e519b07899dc8e5265608f100b40f0c5988ad66,sol,ABSENT,,,,,,,full_frame,player closeup
20c7cbb969b611d2cc3c321ea90034970a6a170e3b191feddb03f41dc572bb45,sol,VISIBLE,203,640,53,57,229.5,668.5,full_frame,ball in low dribble
20ea26903294e40b4c13c060e70bc0d662f403b4cc854b61116d71acc8f86ef7,sol,UNKNOWN,,,,,,,full_frame,handler cropped at border
210193738364654024a1d752d22e847abee17520168793df7eb94a373805c7f4,sol,ABSENT,,,,,,,full_frame,pregame lineup
211fa10e2341460440db8ae4572be85ef1ad51365304cb18458cf4ddb8572c25,sol,VISIBLE,1337,688,56,62,1365.0,719.0,full_frame,ball held in foreground
2129587167703b7b73a2258a779fce802f276efc0bd35206e19f918c72aa30a5,sol,VISIBLE,978,393,38,38,997.0,412.0,full_frame,ball above rim
2151cd3a6bba8b1cb513834fda63c8d75a4d914f3be663c569193ed44a0bd2c2,sol,ABSENT,,,,,,,full_frame,player closeup
2196e69d0c916df286e836ee1448f6a5c22d8a855786e3497cc489d13aa1b850,sol,VISIBLE,1104,570,62,82,1135.0,611.0,full_frame,motion blurred ball
22189c790cbe2954f2aba95c4e30fbe7b0d71577923fa92c3513ae19d33a76d6,sol,ABSENT,,,,,,,full_frame,sideline closeup
223e2f513ec484e888affd944d9971f14638ab109c98c4cfa7701597a41a69e3,sol,ABSENT,,,,,,,full_frame,crowd closeup
22ad77b6ab07710801d256744d791c4c776b1e13d18bc72ac9de4f6d3f7ec1b1,sol,ABSENT,,,,,,,full_frame,player closeup
22c28f55c3efe6b0f206f20d8aa2336d8ea3506057151d8a344dcba758005f36,sol,VISIBLE,435,343,40,40,455.0,363.0,full_frame,ball in passing lane
22e98406f7f0f899d6465019599dd6680c6a8736673ddfe06e251525ad697f69,sol,ABSENT,,,,,,,full_frame,pregame lineup
22f94007fe87d43066ce590c24226f25bb44b8f63d8fc016ccff35f04ee17d10,sol,ABSENT,,,,,,,full_frame,coach interview
22fde2ad8dae19fe11bd842cdc77fa0f4dbe70df814483f6ccd4bf1d3d0aec7a,sol,ABSENT,,,,,,,full_frame,crowd closeup
230132ff8c1244b0183d12cc3faeceef7416928085664c20b1954162ff1f88f7,sol,ABSENT,,,,,,,full_frame,bench closeup
2309e67fdc71bfdddf3d319748817c69c0bdcdf18d962791500928e731a3dc9a,sol,VISIBLE,707,357,25,26,719.5,370.0,full_frame,ball with advancing guard
242719c5fbdd1093c0a3258539ca89b183613396a020e9fb57377e9911cf751f,sol,VISIBLE,629,667,29,30,643.5,682.0,full_frame,ball bouncing on court
26c23880e4b88d8afcb2ef1d2a98b59936edf4b59fd6a8fd502ca371ca1febd5,sol,ABSENT,,,,,,,full_frame,players awaiting restart
26c27cbb31f84f96a5da3482aa015dd0e9f8d48597ff7a0c27467f74ab25bba9,sol,VISIBLE,1384,639,26,25,1397.0,651.5,full_frame,ball in right hand dribble
26e4e8a6a82a9f29fe40f8eae8b54936b08e64d386cac1689fbc9337e3792b77,sol,ABSENT,,,,,,,full_frame,schedule graphic
272146cdabd84db38e62b179407344f2a021d62649e61591d52e5690eee717f1,sol,ABSENT,,,,,,,full_frame,postgame closeup
275d6449cc1fb4f57b4867386d12d12b9da443cfb0439c905585976ef9c580c9,sol,ABSENT,,,,,,,full_frame,pregame lineup
284ddc4f03adef0f3046de6b94ee9c8476ef876769f72d98b06bc03a13e6d085,sol,VISIBLE,679,511,39,43,698.5,532.5,full_frame,referee holding ball
2907518c14b187e352f9ecd8c7e8724c263e2df27e9cae75731b594f31ef1d5b,sol,VISIBLE,738,478,20,20,748.0,488.0,full_frame,ball in guarded dribble
290c6cea365404bae102a2f78e22a9b4d107c09e87493de858c7ba03b45c4480,sol,VISIBLE,337,288,34,37,354.0,306.5,full_frame,ball held overhead
290f7b67972e672fe1a0a0b2cc4f6ab788add9e028e3a949aee479a66bca4dee,sol,VISIBLE,420,397,52,61,446.0,427.5,full_frame,motion blurred pass
29b9cba3a83ede1f65080a285f78bde553bef3853d5b39f4c259886d500384c3,sol,UNKNOWN,,,,,,,full_frame,ball obscured during inbound
29ccca429264302ed21a7332229f6c74423ce51fba86305c3e803e49aa6a4bf5,sol,ABSENT,,,,,,,full_frame,postgame interview
2b468df5ce6c86aa325c22dfed9bdc49baa92d9d2ebc10c1cd897cd35690f1f8,sol,ABSENT,,,,,,,full_frame,player introductions
2b6e49e2f950178f74349cb185aaf579c151d5a3d640232cdba6ec8a872be2d4,sol,VISIBLE,1583,541,46,62,1606.0,572.0,full_frame,held on drive
2b8b1770bc1d032f7111321af2897e9169ba90cd297b3a3d9325b8293832e931,sol,VISIBLE,605,388,41,42,625.5,409.0,full_frame,held near shoulder
2bc7de97f2df859121e943dd70dad64e0642761ad877bc2f0b33f064bd2ddb51,sol,ABSENT,,,,,,,full_frame,graphic only
2bd9356baea49aedbf8ccf0e88764ae5315bbbfe1ca4fe15e8ec3c40a0107634,sol,VISIBLE,1296,400,29,29,1310.5,414.5,full_frame,held by ballhandler
2bf155503c1a167d6525f3f596785a9b2441fba1352638b5476522e5f150aad3,sol,VISIBLE,608,407,38,32,627.0,423.0,full_frame,held under basket
2c33de198f97a0df8296f52e64f4764ad67119714571851d2303a78d708290af,sol,ABSENT,,,,,,,full_frame,player closeup
2cd5dcb7179ba8fdfa77efceb8492c5dfed9b90086d10eb9cd4fabd479f65722,sol,VISIBLE,374,432,33,34,390.5,449.0,full_frame,held on perimeter
2dcc6abe144f2a9401fbb721f34f3721d5d398c89a6eea9f106493bc332b36b4,sol,UNKNOWN,,,,,,,full_frame,motion blur obscures ball
2e0b72280994946d59aa37cb37eef81a89e3ead8e763fa672bdb82177d6e7810,sol,UNKNOWN,,,,,,,full_frame,blurred live play
2ea774f6f5552f26ea8f6f959b28362e546e7efe8c6fe3b370680c44919ae654,sol,VISIBLE,521,725,31,33,536.5,741.5,full_frame,dribbled by ballhandler
2ef4bdd29f00ecd8d971dba306283cd02bd5eabaca349adf8fadf19a44d3d72b,sol,VISIBLE,870,539,39,31,889.5,554.5,full_frame,held in transition
2f24e5cd62fabfd2ed1e1c05d0a6336ae09f0f80086bc670f87759a165a87d9d,sol,UNKNOWN,,,,,,,full_frame,ball hidden by score graphic
30dda507fcc2eb9afcb3964d7fbcce2317cc49421b1623d26ca2bd59efd08a7e,sol,VISIBLE,785,458,68,66,819.0,491.0,full_frame,held at waist
315d330ad2e84f970593f55b624cb724c72a9887311c205623918ffcb5b3bf27,sol,ABSENT,,,,,,,full_frame,player closeup
3165e55916cea74c57ac4c0a9bdc9bd708c8f0f7fa25e8a193ca6faa9db76de6,sol,VISIBLE,930,668,51,85,955.5,710.5,full_frame,motion blurred dribble
317d256f149e36248a493d318c6b59a1437930a24a0954ea952f893a423e01d7,sol,ABSENT,,,,,,,full_frame,bench reaction
31a9cdbd790d4ab540ede04b1b95980eabb8d5ef0c07c6618cd4f39bd76f7d85,sol,VISIBLE,1457,414,30,31,1472.0,429.5,full_frame,dribbled upcourt
31cff4ab45240ffbc4aabf30af3919bdc3fb3e1e576ee653ac79a598fa43cc34,sol,VISIBLE,649,452,187,189,742.5,546.5,full_frame,held by referee
3254de6fde5024f61e8505fb0a185b0fb526b5b6c80568ffdb6aa07e9c809164,sol,VISIBLE,553,600,39,34,572.5,617.0,full_frame,held during stoppage
3278c817c1812b66e6fc6802d4a90402611d71a6cc3cbd145a3881f521ccc5a1,sol,ABSENT,,,,,,,full_frame,players gesturing
334a7a34aa92319986cb62eb0d8a29373fae24c1a5a7f2996d92f7c715a47b67,sol,VISIBLE,388,674,40,37,408.0,692.5,full_frame,held on wing
337dffa84db68e917d9f0ced9c72c7650a3db8eee3fe55c0038651887b1ac28b,sol,ABSENT,,,,,,,full_frame,postgame celebration
33dbd104f0a73329c1c73af8b184788d76676b73fef93b514d545b18bc2d7741,sol,VISIBLE,722,334,28,29,736.0,348.5,full_frame,held by ballhandler
33dc23e5492f0b49d19cb87f93aeff6e83e1fa811076128357352f6835141c6e,sol,ABSENT,,,,,,,full_frame,no ball near rim
33eb0e7de74f3a78beb15afce8026676fc78705cead13fc362192b505e8db36b,sol,VISIBLE,1337,418,36,38,1355.0,437.0,full_frame,held in traffic
34e078170dd86fea4833478ded5958f46cc0028b71a0539ee011d4a12c8efb07,sol,ABSENT,,,,,,,full_frame,game summary graphic
34f5ff54a594e23930cb5188ff48a571f56df5ed74a70381f06435bcc2d5e7a0,sol,ABSENT,,,,,,,full_frame,coaches postgame
35f276b00a439ed1eea2aa8645aaf8755130076546540f2c2141ee7340cb32f3,sol,ABSENT,,,,,,,full_frame,bracket graphic
36532f71366e5a2dc0f1a1c065a989f8baf353045b2b8ae885c374fec1e9c8e7,sol,VISIBLE,915,166,32,37,931.0,184.5,full_frame,ball above rim
3694bb364dbfbdd345180bcf7ec694ed97d311f34bfbf7316cd2207215a527bc,sol,VISIBLE,1448,341,37,32,1466.5,357.0,full_frame,held for inbound
36dba72e87b9ca0a9772c0d3dcea9ec3f8bfc905fca90e3ee39e19b3d68855e0,sol,ABSENT,,,,,,,full_frame,sideline celebration
36e8869c1ef71cec644421bbed676a4e2bc133ea38500b164dc755d52a85d658,sol,VISIBLE,878,711,29,27,892.5,724.5,full_frame,dribbled on perimeter
36f0eda8c93c7ff2831662d4a89d0c3764d530942025a31227300a9127c2aab9,sol,VISIBLE,765,573,34,27,782.0,586.5,full_frame,held above head
37ddcd54a212f5bd44c9297f951790baca7a60ce93caadff8f02033328388aff,sol,ABSENT,,,,,,,full_frame,postgame handshakes
37ee688042c8248578268f968f4d5d8d1caa2730366d4551c0307d93254079d0,sol,VISIBLE,1777,282,46,54,1800.0,309.0,full_frame,held at right border
383b142a1be68bb5e8312a29b9c99fb1cdb479809b6acfeb03726e622afec6da,sol,VISIBLE,1709,496,26,29,1722.0,510.5,full_frame,held on right wing
384c23bc3d0b528969688110bfa4cc05e3d733e5a39b9a86324c60f55a53d682,sol,VISIBLE,1122,271,274,279,1259.0,410.5,full_frame,closeup game ball
3864d1ca30ded08cdcf04b94b7e4137f4a5ff3bb1a5dd4bbcbbe7038d7e49989,sol,ABSENT,,,,,,,full_frame,pregame player introductions
3896f57a5bd1667fcc6c93327347c3d0b9f7f1366c471362499853464b2d44a7,sol,UNKNOWN,,,,,,,full_frame,ball obscured near basket
38c098db1bc3f3c5f71a4eb7c3c8bdc3760bc5f32fc28c216b8fcff5f250c1f8,sol,ABSENT,,,,,,,full_frame,bench closeup
394f46686bc97ad1945fefa8ec8f48f74ce24cbc08bc18cf7e3bf02c9b65475c,sol,VISIBLE,1765,474,28,33,1779.0,490.5,full_frame,ball under right hand
39b13d9316e05aa162168010bc88eea8d6a9318faf9416821db1b579950b6c5f,sol,VISIBLE,879,317,34,34,896.0,334.0,full_frame,ball held overhead
39c210c1f166a373abb750fe5d06199a4782e395b68b3a57a65441b1a7c54a5c,sol,VISIBLE,420,532,27,34,433.5,549.0,full_frame,ball bouncing near baseline
3a31d8836b19581181d5ea0bf18e89a0fc42b01f7df725eeb8903baac1c22d0e,sol,UNKNOWN,,,,,,,full_frame,ball not discernible in play
3aaaf6bfdbfbeb595e0da7896cb956ab3379d33ec96fb5d0c00dc7d0a3561b98,sol,ABSENT,,,,,,,full_frame,player closeup
3ae0fff0a317153afef93c383efcc1b40c3b37f53b32a6fef0ca3954cc687fbb,sol,VISIBLE,1382,331,28,27,1396.0,344.5,full_frame,ball in airborne pass
3af5576f26bd0ef1f3cab956e7bf349f5d8f6f61570fbb02c1ca69ebdbd8aab6,sol,VISIBLE,1163,619,38,39,1182.0,638.5,full_frame,ball loose in paint
3b21a9c341ad55473c99f0960d21c190b064d6cf8d801844ba2add045bf0fbd3,sol,ABSENT,,,,,,,full_frame,coach closeup
3b6b6d1f9ef928d8fe43ae8f3359b8c6aa5c52f136d29556d96c12ed531ecaa0,sol,VISIBLE,471,737,34,40,488.0,757.0,full_frame,ball held by guard
3ba99903fb7cae0ff0489953252e89d6c609ffaf3c610876c0abf2204a1263ad,sol,VISIBLE,503,691,33,34,519.5,708.0,full_frame,ball on low dribble
3c5a0b1d845314489bee6450f7087c68ffab706d8c5af7cda3ecf1ce1cb15a46,sol,ABSENT,,,,,,,full_frame,player closeup
3c5e603d0fe97cc0671851cde0bf87449d2557e79859d5206a985af840a19ce5,sol,ABSENT,,,,,,,full_frame,bench celebration
3c8c0a44838309207cf22158cbb7e9914cc67e24114ec6a0f28a9dda882fcdfd,sol,VISIBLE,550,535,24,30,562.0,550.0,full_frame,ball beside inbounder
3d4891ca3f32702ffa095d3de82a1d88937a97847eeceaf8df020f9493b687d6,sol,VISIBLE,738,489,102,67,789.0,522.5,full_frame,motion blurred pass
3d5318d0d17c46655c5510847dddb32433691623b4f59c53f79a3e9ded650d95,sol,VISIBLE,1573,479,85,106,1615.5,532.0,full_frame,ball held near chest
3e620388667ced3da35a08b5264d4073b8753befd01602c3255790b1754f4973,sol,VISIBLE,487,608,31,28,502.5,622.0,full_frame,ball on low dribble
3e6c6f7d3eaacef6721f5a337e4abd015b285c691eca8aadf40e3f4a235335d3,sol,ABSENT,,,,,,,full_frame,full screen bracket graphic
3eb2c9bd0862a6d1db8476adf4a1b3d4cc36a4281c1be2dae96a4c6769454461,sol,VISIBLE,1606,456,49,48,1630.5,480.0,full_frame,ball held on right wing
3eee052b569c9155ef892384c85a79a904c74d7e5e3facf260962fd1f80dcfdb,sol,VISIBLE,268,522,32,32,284.0,538.0,full_frame,ball held at baseline
3effc13f214246e4432b1cb266d56a3cc6a2d5809e772afdc058aa89de73d002,sol,VISIBLE,925,626,31,31,940.5,641.5,full_frame,ball on low dribble
3fd76abf74a51b2d2a0cfd6d11f6a3ccd4fecede082283fab4c652398a73c3c5,sol,VISIBLE,1685,607,39,41,1704.5,627.5,full_frame,ball on right hand dribble
3ff2c2140c264bc6a70a18d23564d6b9a101fc9a87ee698d3c27a57683f6dd73,sol,ABSENT,,,,,,,full_frame,player closeup
402913e44b2127d79e2947a075141c7a6bdedfd5579548605d4e64b7f59d5094,sol,VISIBLE,829,318,181,184,919.5,410.0,full_frame,ball held while running
4056ca6a554c06bfd8111545a9731925845a735dc0b7c7ac7873b2d8503c9091,sol,ABSENT,,,,,,,full_frame,arena flag display
405f6ff09dd4cde149dcc93bf1a9fa543ddc1e955e6ab3abbd23f301b45a62a1,sol,ABSENT,,,,,,,full_frame,player closeup
408efc38c7d543ce0eeade31cf43247c2562e14d5f184813bf56acef94f91e1a,sol,ABSENT,,,,,,,full_frame,no ball visible after score
40b58bc1baea2aa9217c8f0a94e9b8791297115d1380773acee2bc12cf37d0fc,sol,UNKNOWN,,,,,,,full_frame,ball obscured by ballhandler
40d21f159f276042090998e1da593784716b187355254bc47f46d31a3253f2da,sol,VISIBLE,1610,549,45,45,1632.5,571.5,full_frame,ball held on right wing
4113b53db47602bdf560056315eb3af78164e2f93090bed0f6035c9f8635cdac,sol,ABSENT,,,,,,,full_frame,crowd celebration
4176dd6ad3b7763cca0f3eee0b4344e15d8f031ec8ffdc164f6d7374d274ddfa,sol,ABSENT,,,,,,,full_frame,postgame interview
41885d9338ca9a2f21ec6db992ea88ca27cfd32a539badf45cb488e96d153a17,sol,ABSENT,,,,,,,full_frame,officials during stoppage
41b459271db851cf2c861263ac11e2e52bbeeb648a592f1ea404c58cbb6536e5,sol,VISIBLE,1405,564,28,29,1419.0,578.5,full_frame,ball held by guard
41c64faa79ad331fe08f9a5aa350bd0ece5d41ece11c76ac01cac1a881296020,sol,ABSENT,,,,,,,full_frame,player closeup
41db742b731cd15a4b52f7bdf10545934e14092c015c8ccfdd223b0cf7085b86,sol,VISIBLE,713,505,38,36,732.0,523.0,full_frame,ball held above shoulder
424211bdf26aa550870d00f7bb1e8cfcd06c21dab0354f1db14e382cb9541bf7,sol,VISIBLE,1171,238,30,31,1186.0,253.5,full_frame,ball above rim
427befa9c7545871f55642f08b37075bbd2ba9bfab766fad599da3fd11f6c70a,sol,ABSENT,,,,,,,full_frame,player closeup
428a37d10f3e3351827523edcebbae3eb15f459cd1130070961da8ec691bcc03,sol,ABSENT,,,,,,,full_frame,pregame player introductions
42a2541be991b0049a38b68ec8f1ac28501c950793e300803a11c820ee027eca,sol,ABSENT,,,,,,,full_frame,postgame closeup
43496eca6554de9c7ffe955aec32eddf7afe10dcf104cff133da539db317fe90,sol,VISIBLE,817,371,49,46,841.5,394.0,full_frame,held near the lane
436f86d45e207327712423fe39b43d306e74c5580bba4fc859f2115a86adf977,sol,UNKNOWN,,,,,,,full_frame,ball obscured during drive
43838ce60bcdc53c1a4f6c05824c67bf1e80831100bc569c8e29790ddcf94bf6,sol,ABSENT,,,,,,,full_frame,postgame team closeup
441473eea62061e77f4daca047f9f757aaad339078fa2f73b3faa5300b7b1040,sol,VISIBLE,732,188,76,82,770.0,229.0,full_frame,held above players head
4433c39d5da92ee7786f63058d6b00c2a3e84671fae8797514e15e39e9d1b8c3,sol,UNKNOWN,,,,,,,full_frame,ball not identifiable in closeup
445e5f195edf4007ddcfb0ab6b008e2bf83fe6fc22c56f21f45000cbf27b557c,sol,VISIBLE,556,649,38,42,575.0,670.0,full_frame,low dribble by white player
4473aedf8e96a8cbf91702640ea4d9ee124fb8c1750c503e1b627cb211dbde09,sol,UNKNOWN,,,,,,,full_frame,court obscured by graphic
44bf0619ae02ca31c3364d9dd7395594714817101afb7e07b5030a30af24b984,sol,VISIBLE,500,403,37,39,518.5,422.5,full_frame,held by left ballhandler
44c5afc97e5bc535fedb3ffcf6371ebae4f670bac4b6e250e40dc5d2f4dc97e5,sol,VISIBLE,422,562,34,38,439.0,581.0,full_frame,held at left hip
453686d20144ab5ca65bdeffdd9f95ae2cde4e1cb321bfdfad4837b65885c927,sol,VISIBLE,287,663,66,64,320.0,695.0,full_frame,secured under basket
45ffd4dd7b7ff050ea887f71edaad39ce5329ffd370d37e175aef1f42565417c,sol,UNKNOWN,,,,,,,full_frame,ball hidden among players
4611c69c32f611af37909a8fb2aacbfd5c58d331e9877c62b69024298b5b8c80,sol,VISIBLE,1388,655,119,111,1447.5,710.5,full_frame,low dribble by white player
46502ecc1535e1fbd37190885c8e165e53a7fdb574fc3878bf6b2a688eedfd98,sol,VISIBLE,304,435,32,34,320.0,452.0,full_frame,held by inbounder
46dde8e433b5c3028ebeef71d2669bbfb6425dc6de9dc6ac2eb0622d418dc48a,sol,UNKNOWN,,,,,,,full_frame,ball not identifiable in transition
4744fa7555650701b590b615e3f20ef303d8455f51fb43e22b0f4a64ab771d28,sol,VISIBLE,0,0,812,218,406.0,109.0,full_frame,ball fills rim camera corner
47a78af1a77e66e5517464a4c6c3b2a9c2089445140945874d28d17c1005a4f1,sol,VISIBLE,884,482,43,48,905.5,506.0,full_frame,held before close shot
47a7d4a4ad1d01b7fdb65cb84e77a61fd77bb033887106b8eb65f8d752dfb857,sol,ABSENT,,,,,,,full_frame,postgame crowd shot
47ae619aa0c3d592c1b644717ecb11b527b49febe471a78d5c61b4f0b501ce34,sol,ABSENT,,,,,,,full_frame,player closeup without ball
4842b3130b2beffbcdee70274e2208821cd3a99e86ef16fd261835d3804bbfda,sol,VISIBLE,299,364,31,32,314.5,380.0,full_frame,dribble by left player
485e4097b5822df2e42c8f0e7532977e39f7f0ae533d3b9eb91798ba30742ce2,sol,ABSENT,,,,,,,full_frame,player closeup without ball
48677dce980b2ebefe4f6e89934dff13249dff41ecc700a91cd6cc5c3b7212ff,sol,ABSENT,,,,,,,full_frame,postgame bench shot
4889cdbaf5f0bfd4d8604fc02c8283283f60e7074fe90ded3d571cc87f953139,sol,ABSENT,,,,,,,full_frame,dead ball player closeup
49341414e11fe056a26aeb57fd4e2b23f0fcfa2e6782e7140ee89adda72ec608,sol,UNKNOWN,,,,,,,full_frame,ball lost in rim scrum
494ea1aa0b7e7830b8774347564901470f8b7d9f0618ddc7eb7c183dc8d7f9eb,sol,ABSENT,,,,,,,full_frame,broadcast graphic only
496b17f368a9e490d9a203531fb0a5239d30c2f863d7b5a0c8755e88d9f19c17,sol,UNKNOWN,,,,,,,full_frame,ball not identifiable in play
49ebeb1b5fcd0c75034c9ab69c14996a774984edb2c435b960b081e9008506d0,sol,ABSENT,,,,,,,full_frame,postgame player closeup
4a560b4a53ad369904dea201e1072393c307935cf894fdf4fd91c1d0de62aed5,sol,VISIBLE,288,421,38,39,307.0,440.5,full_frame,held by left wing player
4a79394de1008de39022377bc070c95e09bc8cc08951c03a9460bc204cad258f,sol,VISIBLE,368,466,38,35,387.0,483.5,full_frame,held by left ballhandler
4b5db2fd82710237185c31dc8d3ba8e3fec207d4f12724c67ad4d188b9665b4c,sol,VISIBLE,1030,690,35,34,1047.5,707.0,full_frame,pass in midair
4b645300c393f19e5e4a8259b8a76aa75540ec833156eec3580b6ac7e0cd2a3d,sol,VISIBLE,560,423,47,44,583.5,445.0,full_frame,pass leaving players hands
4baeba87f53960d449dba97cf041af8bf6ad4291c1997a43cc410a673364e98e,sol,VISIBLE,1378,550,43,45,1399.5,572.5,full_frame,held on right wing
4cef1965dc2a8cccdd6f06998b0c891ff48bd3f1ad989123c25442fa989e7a56,sol,ABSENT,,,,,,,full_frame,stoppage without visible ball
4d0ca1a50dcaddd48d69b4d55d1f2ad5083270177e76bd2b9e5964df7546dc48,sol,UNKNOWN,,,,,,,full_frame,shot ball not distinguishable
4d3fe0a8562ef869ac077c83929ad4ad7ba7b3606f35ea7f7bc76be8e32e1477,sol,ABSENT,,,,,,,full_frame,bench closeup without ball
4d6bb9251d880b966cf02434b9eb7e8779c3407ff54612b00797cc889392829f,sol,ABSENT,,,,,,,full_frame,postgame player closeup
4de1c405885f132d8c5747f9b392d626708dfe6306316130cb3da21aada3db45,sol,UNKNOWN,,,,,,,full_frame,scene obscured by graphic
4de347374550fe4402db8a34451e18d2d9710adbb0730a251438c30d97ec89d2,sol,VISIBLE,17,481,62,70,48.0,516.0,full_frame,held at left frame border
4eec503af9ec7f77d51a259288512e01cb2f71d296c931c3221890de2cdda0d6,sol,ABSENT,,,,,,,full_frame,dead ball closeup
4f10c0f51393691796485aa97e1ceec04d1202f2d970059a84f2c02c95ce13bb,sol,VISIBLE,1270,631,43,46,1291.5,654.0,full_frame,held by free throw shooter
4f882f1e1b083aa8a26dcdcef7edd0df5bf80a343ee79bd16e13cb12237a3f99,sol,VISIBLE,1580,544,42,40,1601.0,564.0,full_frame,held by right wing player
4fa015dcb42c41266b334822735652e11af194fd48e56d6fec58dabd6161ebe9,sol,VISIBLE,1445,639,42,44,1466.0,661.0,full_frame,held at shooting pocket
505346cd0c51baffc068e89c64a82ec028cca507bff84f09db3bc0f5032bfe5c,sol,ABSENT,,,,,,,full_frame,player closeup without ball
50a748002cec335dfa43ca6d723e400db08da0e9df4b4ab8854a846126d341ac,sol,ABSENT,,,,,,,full_frame,crowd closeup without ball
50dce783ae7ae345214a010555d5d9d0b30790d484a84d0595c999a45c11eb09,sol,ABSENT,,,,,,,full_frame,coach closeup without ball
50e1249eaad66208d52c08d96dafeef6efb0778b4b91a9977a18d722b1ca3c14,sol,VISIBLE,1102,368,65,85,1134.5,410.5,full_frame,motion blurred dribble
5150b181f4b2d2697df068aaa52acbc5044f3797a0c2e6ba52f984b219cde1ee,sol,VISIBLE,1172,485,44,46,1194.0,508.0,full_frame,held near right baseline
526cb2d97693555a47823c5a92253f8661596cbedbc6f62753dd5b025f6a5f29,sol,ABSENT,,,,,,,full_frame,official review closeup
529d9ff7571fca0545c7df164117c1f45a8b6c6f56fdb196798707877639a686,sol,VISIBLE,831,369,27,29,844.5,383.5,full_frame,dribble ahead of runner
52bf5ee4997d267f0dda861eb1a58401d5b87ee8fd6bcd27e6d15624377469c8,sol,ABSENT,,,,,,,full_frame,player closeup without ball
53dbf0f11ab23f4b2433ec13e1e720236f1c1360d356f75d66f209b5b11d5129,sol,VISIBLE,925,461,43,48,946.5,485.0,full_frame,held above head in lane
544535309fc9c57266af20adddfeeb74dcbcbf61f17e17037e3e4537e3d7bc6e,sol,VISIBLE,486,253,36,36,504.0,271.0,full_frame,airborne above shooter
55390fa05f2076b45fd19050207232f8a5313a587f9c21111e3d61cb4a1fc7df,sol,ABSENT,,,,,,,full_frame,transition graphic covers frame
57203e476711e545033caf6a188710e92015c86527866b5d777ac08ae6dd3889,sol,VISIBLE,990,704,39,42,1009.5,725.0,full_frame,held near sideline
574d6547a63a7841295dedbe3076a6e217b5d63306a6168379ba17db4699b20f,sol,VISIBLE,557,574,38,45,576.0,596.5,full_frame,held by perimeter passer
57bd610284b1c9c46b2d17e88d08f98056d3081a9aa81ad30bfa3405d76c7f01,sol,VISIBLE,1467,650,38,45,1486.0,672.5,full_frame,held by right wing player
581caeef18eba2a2e9479409135d2d047de4c69d0566bea5e34f478e06ed1c2c,sol,ABSENT,,,,,,,full_frame,injury closeup without ball
582edf9bf2107782543d4f8a5885620f78d829e419ae726379d51ca14a16326c,sol,ABSENT,,,,,,,full_frame,mascot crowd shot
586f43f02e6722a56069b594d137e4b6dd2e1f8bc14bdd6d597df107dc2ee809,sol,ABSENT,,,,,,,full_frame,coach closeup without ball
590883b213c756d582bbf34b1b18cd1dee4947100f04718bffbc48dad712e726,sol,ABSENT,,,,,,,full_frame,player closeup without ball
5a7a00430493c186a8dd1495e8f8b39a1005cbbf6f4c49b30fc673938dd2d4e6,sol,UNKNOWN,,,,,,,full_frame,ball obscured in traffic
5b140d01ac36b802a9ca62cfb5c9ae0bd0dcb47d5b787589bdf9b95a066bb855,sol,VISIBLE,0,502,32,36,16.0,520.0,full_frame,partial ball at left border
5b3f031bd683710163c8f8791e0f4970a3b0fee37d2d3638014bd1c38003b944,sol,VISIBLE,1171,697,234,232,1288.0,813.0,full_frame,large ball beside player
5b626c0e20cc4abe0d2b3e6f60efd2fa9a5f36a130ef4cec1060b76ddf06b5dc,sol,VISIBLE,1480,387,37,38,1498.5,406.0,full_frame,held at shooting pocket
5bb6f4b7699ccadfd90897ca8fb1fd8f352e95e37f54e9d58a8304be2b19aa9f,sol,UNKNOWN,,,,,,,full_frame,motion blur near ballhandler
5be508986662bcfe2098cb9e9617b76effbd2a8c7db75929b6ab5fdfeb389afb,sol,VISIBLE,154,658,38,39,173.0,677.5,full_frame,dribbled at left sideline
5cef26d811dec7c7c727c2e65de49d701ef8e637fe11a72ded88a58b5513f8f2,sol,ABSENT,,,,,,,full_frame,player closeup without ball
5d03fad32d3076a2ba9e2c6080fef49b8126f67e979226a114dc87a8d38827bc,sol,VISIBLE,1371,597,35,36,1388.5,615.0,full_frame,dribbled by right wing player
5d8f03c82ec2c3e052f09d92acef360bd7cb11e7c598003f19c43e03f0c82f55,sol,ABSENT,,,,,,,full_frame,postgame handshake without ball
5df1a11c1e666bc1ef3dcbb12daf787b895593d5140c5326467ba70b2d7f46d5,sol,UNKNOWN,,,,,,,full_frame,ball obscured during drive
5dfdfdc86a2754f8a7b74c5b3ea4a0d4169ba9000b020970f8a230df0cb347c6,sol,VISIBLE,688,302,46,48,711.0,326.0,full_frame,airborne above shooter
5e4e5e9060e48f551ffe11faa3c6a607455d5d747c0bd139cde0e913666ff809,sol,ABSENT,,,,,,,full_frame,timeout sideline closeup
5e861f32c88b4ef18afcc5f4341dd1e351f1e711cb451d539739aa938b22b4dd,sol,ABSENT,,,,,,,full_frame,bench closeup without ball
5f6fe6f36f215f69e02d9b27c92c8b1e4ddc7294070e89b2c360de997c87cb03,sol,VISIBLE,672,479,36,37,690.0,497.5,full_frame,dribbled at top of key
5f843579e4596f23713990f2e0d9231b66851aa38eaa93d9fe99d799864bdbe0,sol,VISIBLE,342,417,36,30,360.0,432.0,full_frame,held near left baseline
600f59a6686d32a07f3618aaef2037b60046778bd1edf78db351212410ee94c7,sol,VISIBLE,759,701,32,32,775.0,717.0,full_frame,dribbled across midcourt
60181200ae119b928429f1d93fee4759771f70706b2e21b9a731910b261901ce,sol,VISIBLE,820,487,52,53,846.0,513.5,full_frame,held during contested drive
604e46b63415ff011310dd09836bdb37924aecdd1103a69c8666348f612326c5,sol,VISIBLE,247,654,36,36,265.0,672.0,full_frame,dribbled by left wing player
60a8603c8b3bfb266c5d2ba5f8354591ca92c7348ca2b7ef0a330659107d9cd3,sol,ABSENT,,,,,,,full_frame,postgame interview without ball
612ef2ab8c55cd0ceff5b761bdbf93aa4b247dab9a0affb1ff6be137dd0d36a8,sol,UNKNOWN,,,,,,,full_frame,ball obscured in post action
61662c717603cef63dd7ea6482f664f85f39481d2117678293b94c7b53f3de4b,sol,VISIBLE,1641,399,44,41,1663.0,419.5,full_frame,ball near right sideline
61c95178267f35758079f7ff3bbb1eee706d425c9d732c411c691d5581553cb2,sol,ABSENT,,,,,,,full_frame,player huddle closeup
620c2af62306f9ede417022d461d7318eb9e91044cf6d6b8616831328cccf9d2,sol,UNKNOWN,,,,,,,full_frame,ball obscured in action
62b2d7ae5e4b00b044ce2cd0e85b4ad22e3deff4c5d8c226ec46b2bc5b073d3f,sol,VISIBLE,740,344,27,25,753.5,356.5,full_frame,ball beside moving player
6355816e103ceb0c623b2695971caa778054b7edbb94c71388543d442b42eb9e,sol,VISIBLE,946,542,33,31,962.5,557.5,full_frame,ball held for free throw
64ea756467f8e579984b47556aa9496e799038e4f4ca028c29f7de766bfa90e8,sol,ABSENT,,,,,,,full_frame,interview closeup
65adde36966d995e329146bbc5046f3621d977fd931080352bd324dd3f1e68dd,sol,VISIBLE,1264,349,27,26,1277.5,362.0,full_frame,ball held under basket
6613b7a9b76fcff763047af30180973b833959066fd5434cf9fa049d998d602f,sol,VISIBLE,1401,511,22,22,1412.0,522.0,full_frame,ball held by guard
6679856f073c073940a82b5df8553a3643f59368fc595e9330263a7bd2540048,sol,VISIBLE,1549,487,30,31,1564.0,502.5,full_frame,ball on right hand dribble
6742204d3ef6a21bc12dda1eca0bf0ed4b6e860cadbeb78e4e2e6c9e0ac55d26,sol,ABSENT,,,,,,,full_frame,injured player closeup
68a61cec9ebd8923eb12c5ecdd7db14794c0ea9df1f772b804ee7132fa25948b,sol,VISIBLE,1547,656,30,29,1562.0,670.5,full_frame,ball on right wing dribble
68db51861b834a46b3eca24c56614a3d977ac2ff1be4802df89a218682a03346,sol,UNKNOWN,,,,,,,full_frame,release area too unclear
690a03e2b14efb66b1d688d53241fec2b948ab1cb19ac9c3fdea18887a86d4bb,sol,VISIBLE,1470,313,59,63,1499.5,344.5,full_frame,ball above shooters hands
699f9adcb557b4a3fd39f923cba4fba5712a47e5a6aad7af4a81f1ed604628a1,sol,ABSENT,,,,,,,full_frame,shooter closeup without ball
69c8d65657470a90320bf75ef1a4354f5d8ea2de7cd2eeb18ce94deaf36c6e7e,sol,VISIBLE,728,320,27,27,741.5,333.5,full_frame,airborne ball near basket
69d4e0992b325cb3770ac35d1bcdb6f68ee8123cdb20562aae12b1981065bc79,sol,VISIBLE,558,387,27,25,571.5,399.5,full_frame,ball near left baseline
69fcc9d7036a12df8889ee95f6be7e39f171e1899682bf2c08c0f02f3ba598be,sol,ABSENT,,,,,,,full_frame,coach closeup
6a1479e9e4e22332cda67c6a0e64e28445aaf00db3863d131c2558b1a5ba3d45,sol,UNKNOWN,,,,,,,full_frame,ball not identifiable in transition
6a6248beb18152cb5364ae41b3cebfdf880dfcba5a1e0102e534c49edc23ab96,sol,VISIBLE,1488,629,45,44,1510.5,651.0,full_frame,ball near right baseline
6a99b66848cfdbefb35c8f851ae09ff1c613f54a587584d0e7fbc68c3392d6de,sol,ABSENT,,,,,,,full_frame,broadcast graphic only
6aa27e4930c2aeeb81bbf72101d99c9768ebb417c7bd2dc7210024a12aa3ece9,sol,VISIBLE,895,586,29,30,909.5,601.0,full_frame,ball bouncing in lane
6b55ca34b308c83f1b76dc20cc7dceb95c6e237ad3468f1ede6356277c236572,sol,VISIBLE,1424,91,50,65,1449.0,123.5,full_frame,ball above backboard
6bbbe3cd59be9c8297770b33d9cbce43b1e12728f813aa20b5d8fd9b465519a9,sol,ABSENT,,,,,,,full_frame,arena crowd ceremony
6c20179ba59c3cedadae1dc08e4cab126603df8849b7e38eaf27a5568e844848,sol,VISIBLE,1111,438,92,105,1157.0,490.5,full_frame,ball on close dribble
6c9755ad2833a0b0acaaf3215686fa02b6b580168ed815642dca70b0c19bd4f1,sol,VISIBLE,1198,664,33,35,1214.5,681.5,full_frame,ball on center court dribble
6cb85a29d283a18e01c4ddb2cd9ab27040a700a6d808971a1d21e26f4f72fa89,sol,VISIBLE,881,784,24,25,893.0,796.5,full_frame,ball beside handlers hand
6cdd84cb0f2b30533b7bcaafe0e725a25bc0f81ddf450f899cf2f5622ef3a1f1,sol,ABSENT,,,,,,,full_frame,player closeup without ball
6cfb1fb8d36da3ec8d5ad346476678db8d417ddb381414e95e090c31e1ceee5c,sol,ABSENT,,,,,,,full_frame,player closeup without ball
6d75621d11cdcb03d8e88f40c4435707e05225ca49a948284ab190bb2f1ea082,sol,VISIBLE,742,563,35,34,759.5,580.0,full_frame,ball held in lane traffic
6d7c262af9d998c633957af4ec114604cd8cb799b484e7c585569afb712e718f,sol,VISIBLE,853,1060,166,20,936.0,1070.0,full_frame,partial ball at bottom border
6dac09f07860f9fccd8bf2066cd0d903771c3d0ef011293ed06d307a4c075a33,sol,ABSENT,,,,,,,full_frame,arena introduction shot
6daede2260daa465f7811775f453a85e5f8c6cd5315dd62648bad9ba3128f26d,sol,VISIBLE,1487,589,50,49,1512.0,613.5,full_frame,ball held on right wing
6e42bf0de215afbe0b718541beefdda21effa19614803714b21b848d26557b12,sol,ABSENT,,,,,,,full_frame,player reaction closeup
6e87f7f43855286b171d4658c20489649d37770f915278e781781964b546ec7e,sol,ABSENT,,,,,,,full_frame,player closeup without ball
6e891db299c229a7369b450f8f6bff2e6d0dd73764f1c482c16ee2ab6595ab81,sol,ABSENT,,,,,,,full_frame,timeout bench shot
6eeddd8f17506e7b27834807a8b0baa9ff74b6583041ce5280b041dc15988882,sol,VISIBLE,193,464,30,31,208.0,479.5,full_frame,ball held on left wing
6fda11eb77b6d356db6cdb7fc50d5a18cca57dd06d33dfeff6b45a6cf9c767aa,sol,UNKNOWN,,,,,,,full_frame,ball not identifiable in setup
6fe274c47d1e9fe3ce8f5f7ac2da38badcc9bb0eb295c2bb10bdfd5ff1f8ba27,sol,VISIBLE,866,441,29,29,880.5,455.5,full_frame,ball held in the lane
70599b415590b03426911388c0b8d6f77c6eb8b7024d2ddb0c245d4417d22ae5,sol,ABSENT,,,,,,,full_frame,player closeup without ball
7085206fd147cd56b77a671f493c27f5c6abfd7aad98852dde6d66249852b8c9,sol,ABSENT,,,,,,,full_frame,coach closeup
719900eee66c2050e5f49731a1bae05e30c5651ac033cc635896343b3dad626b,sol,ABSENT,,,,,,,full_frame,postgame sideline closeup
723f3a98d77be92168fe1612cf5deb80109997bf2881c10868c63e92823b307c,sol,VISIBLE,1168,494,26,28,1181.0,508.0,full_frame,ball beside dribbler
726d4d1ef621e20d2a29a9a488f4bd2f2aa3085830b278babd33d5e243fdecfa,sol,ABSENT,,,,,,,full_frame,postgame player interview
730c27852a70c0f919f50dd34294d1c52e47a7b2e64f4f0b68a6122ba7a6ab26,sol,VISIBLE,766,722,31,29,781.5,736.5,full_frame,low dribble near baseline
7328b5b77865fccd3aebbfc4ec4e35eeb1ad3beac29bf8fcc8cabe81eb82db27,sol,ABSENT,,,,,,,full_frame,pregame player introduction
737c1d5502b5460479290270e1edd7c2c40313b99d30ca3a816fd98efa5e68c4,sol,VISIBLE,1427,565,29,34,1441.5,582.0,full_frame,ball under right hand
738b8e170bb373b22eaacef20dc1c172db25db9b78c3f7d917840b408c7005e0,sol,ABSENT,,,,,,,full_frame,full screen bracket graphic
738c2e44e7cdca60cb5b9e17e64836f0aaf8e6086d14438a35931f3e6b03b2f3,sol,ABSENT,,,,,,,full_frame,no game ball visible
73f850d90cb72fdb318fafe8653c4be5daa374a1016c8a8204f54f56e14b3a33,sol,VISIBLE,1384,795,31,31,1399.5,810.5,full_frame,ball in low dribble
7425bd4ef81c68e48328dbc88d59153d747f31e8f38d74c7e7ce5ffb9cc93d8d,sol,VISIBLE,672,666,36,32,690.0,682.0,full_frame,ball bouncing near player
7454f6240515e193688ac25cc3878dfcb701670aa11fa93d573dd24bc6a58531,sol,ABSENT,,,,,,,full_frame,player closeup during stoppage
74b17667a7b0959a126c65402d2af14d751d73dd26a9b6bda6e464fe9598d467,sol,ABSENT,,,,,,,full_frame,bench closeup during play
7691b236d8526bc570e5ff879031fce2c283bb3b50ac74844d4db2bee2afac12,sol,VISIBLE,468,405,30,45,483.0,427.5,full_frame,ball held at hip
76b23fa868141afbb349cbad9afb961467f663d1218d2d628b7d50320f3a565a,sol,ABSENT,,,,,,,full_frame,postgame player closeup
76d829c36fb38249a4a351194cc548e43eeae15c03c9a8162ddaa8eed47ca739,sol,VISIBLE,429,61,42,45,450.0,83.5,full_frame,ball beside the rim
76ec3fbe857d9a306361f741739e66973b538f7e33a55047dfe25effc057acaf,sol,UNKNOWN,,,,,,,full_frame,ball obscured among players
77530f7009fb2cbe17a2d8136462b8583b03baaea15192187a368c81f5fcb47c,sol,ABSENT,,,,,,,full_frame,players awaiting restart
782cd096c79ce0124a3dbbbb88b1a5d9801aeb43f55f435bb16164347ec2065d,sol,VISIBLE,222,446,28,28,236.0,460.0,full_frame,ball held for inbound
7864c6cf5bced0d979cbdf7a6b079b361e16fa1cc14693d07efa4b7c5b504c8b,sol,ABSENT,,,,,,,full_frame,timeout huddle closeup
795e215fec084d844457b3c961a2e48bf7b8884f0cb35bc6b763be0b39eca28e,sol,ABSENT,,,,,,,full_frame,postgame player closeup
79db2d9dd19453075121f20a79a3d84bd656ed74f2e1647e808f0ea72ef8b7cb,sol,UNKNOWN,,,,,,,full_frame,ball obscured during play
7a1198d2d1ba19fc86385d9f943a5a12d47e65466e9cad7c7dc623c103d7094b,sol,ABSENT,,,,,,,full_frame,timeout huddle closeup
7a5519b3683d493279dffd3b2368e275ba904e52998ba3d7103fa09d9b174be9,sol,VISIBLE,336,373,32,35,352.0,390.5,full_frame,ball above left rim
7ace3e278ac1973dfdbe3c84883de576565456f0de2598b0616f7e57b1b38d48,sol,VISIBLE,888,407,25,25,900.5,419.5,full_frame,ball held above defender
7ad5d791eb1ccce5f79f61ac6aa954fe2ae983ac741ece22b6f227007a89058b,sol,ABSENT,,,,,,,full_frame,player closeup during stoppage
7ae5f319a06f123ff068a21b57aa880a79223911d1cce15cb0904b0b884da18a,sol,ABSENT,,,,,,,full_frame,bench closeup during timeout
7b82a471249c3bce93ec1f3b75f7c13a0fb1b5ccaa5d471f80f41829b17d44ea,sol,ABSENT,,,,,,,full_frame,referee closeup after game
7bc374cd6349a9c7db0f10dc7dd01d4910aabf2c9bf761392d18e9dbe72af310,sol,UNKNOWN,,,,,,,full_frame,ball hidden by foreground graphic
7c229a1300275df15493d797b3fb19c2a7d701a0081099314e8819d5e5047565,sol,UNKNOWN,,,,,,,full_frame,ball obscured near sideline
7c38e9a68ae4466a3a3f947f7aa1f6de70fce0e80057bb67068ba7a987e340be,sol,VISIBLE,642,808,41,53,662.5,834.5,full_frame,motion blurred low dribble
7c8d664834872a5e2af5b6eaaea3f3febf34fa1eeae3d6224a2ca581dbb6e183,sol,ABSENT,,,,,,,full_frame,postgame player closeup
7d7bf8fb49ec267bc7e08af59e4e5cb77e693efb9a75a9ec94c74137ae0f8bcf,sol,VISIBLE,699,704,29,30,713.5,719.0,full_frame,ball in left hand dribble
7da2e358d5a1b3f34afca5290230c062dd01fe481c461e972f2a7918c0678ec4,sol,UNKNOWN,,,,,,,full_frame,ball obscured between players
7e84521a4fcc513c4846c468cdc2abc10a85aca66b25db96869f49895e8138f3,sol,VISIBLE,795,620,30,31,810.0,635.5,full_frame,ball carried in transition
7f15971559a52ceb30a8e24032c34136b4c2cb7f2d8540e60908acf4f082e062,sol,ABSENT,,,,,,,full_frame,player closeup after whistle
7fa446ff38f0f3f77621737face67937666da940c5f8b478fc22985e93389fd2,sol,VISIBLE,764,366,39,43,783.5,387.5,full_frame,ball airborne near baseline
7fc70ffdb29e8a8a26b8967a7107634dbb2c2915400c1c2b13566efde55f77f1,sol,ABSENT,,,,,,,full_frame,postgame court interview
7fc87220c35280d26f8d711656eb4df34f2b601bfcdc5158a76fe901f1a8e398,sol,VISIBLE,623,814,37,35,641.5,831.5,full_frame,low dribble near sideline
8091f087514efd215c1cdef68dc0d851ce98fc55e408cf231e99819cc8bd0620,sol,ABSENT,,,,,,,full_frame,players closeup during stoppage
80a17e269ff5b7f1db4791db14c4c8344cc76bc9516958ffc622a881f8a3e3c5,sol,VISIBLE,1047,755,39,38,1066.5,774.0,full_frame,ball held by passer
80ba95dba40b40e4ca1623c12a3c39256d4c3231d66d6b5672632cc82098ed24,sol,UNKNOWN,,,,,,,full_frame,ball not identifiable
815b708aa1eb84ce27506dc3ef422231c03275ee974a1b3f65b33739cbfd5b6b,sol,VISIBLE,784,604,33,33,800.5,620.5,full_frame,ball on dribble
81873f75ec75df73958dedc3a36ef5f92e8e1e770870ae26bfdbf72d2f376dc7,sol,UNKNOWN,,,,,,,full_frame,ball obscured near handler
81d9dabe6926cc893fac622fd34f9799335b012a96b9d339d7f15293496bfe1e,sol,VISIBLE,877,520,22,27,888.0,533.5,full_frame,ball on dribble
820dc247d6fca590f009dd821bbc25d9e1f8fabbd2808c81d3c85bbb5e56bba5,sol,ABSENT,,,,,,,full_frame,interview shot without ball
821d25c767cb4ada985469b30524c5ae8a138e729990ff6e6f04dc6d7d459a19,sol,ABSENT,,,,,,,full_frame,wide arena shot without ball
82c470d699956c885fe6f200926b670df97dad40b19613843cfc29b73a5fbc70,sol,VISIBLE,1117,235,42,42,1138.0,256.0,full_frame,ball in flight
82ca705caaffafbfbde713d6bf1cb30ac2114267a4aa3ac1583017a7bd6cd795,sol,VISIBLE,768,453,29,30,782.5,468.0,full_frame,ball in open court
83290a1a5b174292eddcc46f2b8e0f4c68d79c88a584833ade464e5582a20950,sol,UNKNOWN,,,,,,,full_frame,ball not identifiable
839db258cd89c74955aa838f19d61d0de1412c5caacde5aa827f688bdb6c70ff,sol,UNKNOWN,,,,,,,full_frame,ball not identifiable
83e72190fee7868032aec58483542217af2d8085669ef7abde677199b44f795f,sol,ABSENT,,,,,,,full_frame,commentator closeup without ball
841406dea175fadeafa282e4a46ab01c22f30793c201c2c42442b5e9fa07c01a,sol,VISIBLE,620,428,38,41,639.0,448.5,full_frame,ball held near chest
844ef811f93332529f31864b9023e71597db66b51fe93dac5cee8289178b53e2,sol,VISIBLE,869,54,68,59,903.0,83.5,full_frame,ball in flight
84e4527ec67f28ac82b95dddc60421bd98ca8cf86e1d08af89bf68f0fd89b1e2,sol,ABSENT,,,,,,,full_frame,player closeup without ball
8520dce5c60cdaa52741064bc17b1ec9a57a9248dbcf96bb7351ecd45d0bc6e3,sol,VISIBLE,331,529,47,48,354.5,553.0,full_frame,ball on dribble
853f9e7ce168ff26508458dbaf2d78172c27ffdb62a2b07b9f746b68c3a68cf9,sol,ABSENT,,,,,,,full_frame,bench lineup without ball
8558da84390db9d232967fdf4c73f3d7923b5b339ef6b7bcafd174ebbce06bf7,sol,ABSENT,,,,,,,full_frame,postgame court without ball
857d01dfed9f343348d633f45ad158d6fd4b6cfb1748f8db6b0613dd44bdfa67,sol,ABSENT,,,,,,,full_frame,interview shot without ball
8684ac24673bc0956e06bedea7df176aed54646629e2babf8223438a25655089,sol,UNKNOWN,,,,,,,full_frame,ball not identifiable
86d64ffa5f682f0bbe49b7ae6df4c540a94e4602e960ce9127c2558b5931c3d1,sol,VISIBLE,1028,318,30,32,1043.0,334.0,full_frame,ball held by passer
874b0ce2aba3ff14d775e032c4bd5818c6bb09d652352ad48b283e82e50e2ff7,sol,UNKNOWN,,,,,,,full_frame,inbound area obscured
87d72d267f6c6647cd3ab3f1bab6603c2f95034179d3d8e5425e58ada20c4e60,sol,ABSENT,,,,,,,full_frame,graphic ball is not game ball
8860affdc5dc23b485979f972c02a4b8d344f7b82d5afa088c8a04a17103148e,sol,ABSENT,,,,,,,full_frame,bench closeup without ball
886155fd06a3404d0263c7cd3fd3928d21efae4b2efc98df48875bc93205c33c,sol,VISIBLE,673,546,221,210,783.5,651.0,full_frame,referee holding ball
88b149b9fb24e9ed0406a8ecf5dab1e0605591e87abfdc7ff0485a849ad1a538,sol,ABSENT,,,,,,,full_frame,referee closeup without ball
89b88a939a2e26cb0856e5fcd7bcdac126a76ce29a7a7fdd6b736365c9ce21ef,sol,UNKNOWN,,,,,,,full_frame,scrum obscures ball
8a2212748632966926bdb8aa1f2840da60419430f33ac0a187a6dc95ee31c422,sol,VISIBLE,438,588,31,32,453.5,604.0,full_frame,ball near baseline handler
8a31130a612bf0911742c50ed2c50f3bd75d2784fed55be85b52f477828eb7de,sol,VISIBLE,751,566,41,27,771.5,579.5,full_frame,ball on low dribble
8a42016b10cc607b310b4284e865e4a0655b9c9c5466b1937185fc99b05ee7dd,sol,VISIBLE,1381,598,39,39,1400.5,617.5,full_frame,ball held by handler
8a71ecf43fd98056aa4c7051593402c5045349b8f50cd71fc9e865561945dfc0,sol,VISIBLE,263,769,35,37,280.5,787.5,full_frame,ball on dribble
8a759db21e22d9b46c4257aa6dda0e6e16a6191c1a5ccb5d36ba28bdfddbae95,sol,UNKNOWN,,,,,,,full_frame,paint action obscures ball
8a9954add7956b90377f6aae5f837b75eea4f60e64dd045e793fd16ed192f5d8,sol,ABSENT,,,,,,,full_frame,bench lineup without ball
8ab62119a06198576e9533daf404b060b82c82ca1b988c4cb32035f2be799694,sol,VISIBLE,858,399,37,36,876.5,417.0,full_frame,ball in midcourt pass
8afdb97e4ed4975c13366c296f32940f37b56c5860c92d3b561e7621c9950f80,sol,VISIBLE,528,468,31,32,543.5,484.0,full_frame,ball on dribble
8b5dddd197b26820d699f81a375ba72783e2d25868bc07cc672e934ae5ac08f2,sol,VISIBLE,370,312,28,29,384.0,326.5,full_frame,ball in flight
8bb39a7d2728b0bd10c5edc187af06af9acdc0449c0ed5f32f32af05fad27636,sol,VISIBLE,1351,112,70,72,1386.0,148.0,full_frame,ball held overhead
8c130e05cc8810ed199800be2e577a7bd828e8a76db35c046d24709e268d5e4c,sol,VISIBLE,284,327,29,29,298.5,341.5,full_frame,ball in inbound pass
8d05fd68cf824e449765befb924755ea9ea18396798e99a3cce63802f0d2ae2a,sol,VISIBLE,1611,570,51,50,1636.5,595.0,full_frame,referee holding ball
8d33da4087aae1ca3066be26b29bdf1fe338c536f7d05f156c34abcaf2403dd3,sol,ABSENT,,,,,,,full_frame,player closeup without ball
8d5b2b3c0b8763b0f0db5d8b4e074138b845cf9751720663a6ff217428452fd1,sol,UNKNOWN,,,,,,,full_frame,ball not identifiable
8d6e3ca03ccdc8d53e89533b7ccf83fc930c8ac37c8c76486ebd943ba9944e09,sol,ABSENT,,,,,,,full_frame,bench reaction with no ball
8d706f43a663969585a3927fb3aa54ab1b397f5128d0fd147c095ad5fca280c7,sol,ABSENT,,,,,,,full_frame,sideline closeup with no ball
8d71b97b4b4caded6426aeca861d38fb37fd8cd7993303fdd6020bf3aa78ac47,sol,ABSENT,,,,,,,full_frame,official during stoppage
8d7d15365b5c1058bf6c4ac6e716b6d77c9faf241880c530435a64665b94fe0b,sol,VISIBLE,1463,761,29,31,1477.5,776.5,full_frame,dribble at right wing
8e320a0fffa0fdb87ee022d1ea7b194ae6424a72f17809c079ebf50ae50f136a,sol,VISIBLE,803,294,43,42,824.5,315.0,full_frame,ball entering rim
8e75164581e242118111d367503ceb68f6d53d09f7fbd7f1b710409b3c8f27a9,sol,ABSENT,,,,,,,full_frame,end game court with no ball
8e7e22d96b7b81077ac9bca460f03e6f7ed360ec84124a0d4d41969871a383a2,sol,VISIBLE,927,324,33,29,943.5,338.5,full_frame,ball airborne near lane
8ec372e96f437d5cc58b205b33ceec70b7d60e6c7d0a4e3628da189fc0199e8c,sol,VISIBLE,1551,700,36,30,1569.0,715.0,full_frame,ball bouncing by baseline
8f06fcc808b5c0b363a83a920e063c6c541277501782247fb4029f006e8ebbd1,sol,VISIBLE,1403,475,44,43,1425.0,496.5,full_frame,player holding ball overhead
8f120d7edc05bb295a4592500001b618d8b46c2ebd81f1e62640ee6fd23463f4,sol,VISIBLE,238,517,35,33,255.5,533.5,full_frame,low dribble at left
8f7d4e116cd07706d40594f2c645b63e5c93a7d8800ab931b0580cc257ec2e19,sol,VISIBLE,909,797,38,37,928.0,815.5,full_frame,loose ball between players
8f7d53e4aab80f0da34787e4fc9b9b532c231776ea1830d879ec543f25695a11,sol,VISIBLE,527,461,28,43,541.0,482.5,full_frame,blurred ball by runner
902b1d349dfb291ada44f2ea3938961e404eb23d5a47a17628c0b800e2d2a2e2,sol,ABSENT,,,,,,,full_frame,postgame player closeup
908daf01ba0ea03fc9b0bbc244f165b9df3515477ac7e0775c1127331d26bdc4,sol,UNKNOWN,,,,,,,full_frame,ball not discernible in action
90e9d73df074628f374a8078e77532014348b735fa7358b28ec131cc1d694a15,sol,ABSENT,,,,,,,full_frame,player closeup during stoppage
915dd10451fbe83a2354e30309206a918519a5a5fe68fefcfa47c31964a2f8e3,sol,VISIBLE,1310,378,35,32,1327.5,394.0,full_frame,ball in runners hand
916b9889b58b5e0dd5072973b7e82e449623313a92af0050834067465dae6c17,sol,VISIBLE,532,464,56,57,560.0,492.5,full_frame,ball beside rim
9219999b49a21ec154d0aa4764186021647adfcc913df6943167108859a61629,sol,VISIBLE,967,426,24,31,979.0,441.5,full_frame,ball beside advancing player
92c1c315e080c144cdd3ecfe44a14bd8e02470b985737cd7ca02614fb20984f2,sol,ABSENT,,,,,,,full_frame,player closeup with no ball
934d8703b6a09e164a7d4c2bffb8a6bc66232a051c9fd82db95462fb0d676765,sol,ABSENT,,,,,,,full_frame,full screen bracket graphic
9367155ab04be03671dcb87d06a4f4d79c5c53b3a50db3ff5bbdcc0102e4cd4a,sol,VISIBLE,447,478,44,44,469.0,500.0,full_frame,free throw ball in hands
936793a45a0d20a6b6848d450346ddf179467840b9b392701dbd819a6e441f25,sol,ABSENT,,,,,,,full_frame,crowd reaction with no ball
93a1f9552036ab4f8824a729903fc83dc58e7d19805b28801ad80c6920ebf7eb,sol,VISIBLE,779,407,27,21,792.5,417.5,full_frame,ball airborne near baseline
93b52117c6a6a31230c97e636fd0f3f61964b01961bf0b5369d136d6b7efdb83,sol,UNKNOWN,,,,,,,full_frame,ball obscured among players
9459b9f332105e0cc221294a4ef64bd7c69ccf9137999752da7ea92c9429422b,sol,VISIBLE,1211,387,50,49,1236.0,411.5,full_frame,ball airborne near basket
94adde03820c894d723062c1134031d3318043bceed0b19b7693402be892e583,sol,VISIBLE,1005,461,43,34,1026.5,478.0,full_frame,ball ahead of runner
94b7e23b452bfe029c3d57023ec314a2a5485ac172d7cc41b172b37f7d8ad897,sol,ABSENT,,,,,,,full_frame,crowd shot with no ball
94c286feed13a545a8d4d114510f2bab69e6b6df4a0f457e823242dabe127c49,sol,ABSENT,,,,,,,full_frame,only inactive ball by stanchion
94fa4e49104336b7efe92f3686f61e0b5434fc2d23ce29acac87ee90bb9098ff,sol,VISIBLE,542,596,33,30,558.5,611.0,full_frame,ball on live dribble
955a98cd2fa522a84e7f594f917e45b2fe00588fbf40d79367af10e9ae388527,sol,VISIBLE,819,636,58,62,848.0,667.0,full_frame,blurred ball in flight
95bae4ee80aec085eb2b911eaf9961db35c67b3ffb45aa4c072daa9134ed78c3,sol,ABSENT,,,,,,,full_frame,player closeup with no ball
95e5be960d7ab2de3440388b95d37c4617e714bbd413a697ebfee840c2438e12,sol,ABSENT,,,,,,,full_frame,arena ceiling shot
9618f7b182f118664218c13d3bc0694ec24af865ec747ade93afe2f011b7b1c5,sol,ABSENT,,,,,,,full_frame,dead play with no ball
966fc277e15622e5212657ad4d9559959244e0ebf1c85bce0f583038db478097,sol,ABSENT,,,,,,,full_frame,buzzer celebration with no ball
981f47e8e9d1186fde50358caeec304b199607a1c1677a11bfecc6824a999df1,sol,UNKNOWN,,,,,,,full_frame,ball hidden by close defender
986b875ca1e846ef09f76f5781b3fdb15444810a6a504abc62b7d7cb49643048,sol,UNKNOWN,,,,,,,full_frame,ball not discernible in offense
98c855bb751f55e440fcb542037fe820acfe7698892e8d55bd5acff745e16400,sol,ABSENT,,,,,,,full_frame,team sideline with no ball
98dbde0893d6b4596f13e147daec4887084fe37c52a317907e89071ccda05637,sol,VISIBLE,477,758,30,27,492.0,771.5,full_frame,ball by baseline dribbler
99c1c03afda69e97a9d43c08c99f9c76dc463fb0c51d7495384e1c9c1d0e200e,sol,VISIBLE,852,281,40,50,872.0,306.0,full_frame,ball above the rim
9a4515474e7e2835db51e862441ec2142f18bafe38f8282639690e7135c24ce1,sol,ABSENT,,,,,,,full_frame,timeout court with no ball
9a6738ee3102fbf347e00cc4c44d62d5e1c45123425cd051c6b287a7f41a881d,sol,ABSENT,,,,,,,full_frame,player closeup no ball
9a78785d4a14d12ca1f6dfea3e65de22f8044331b76c4443b6535cd6b7635510,sol,ABSENT,,,,,,,full_frame,player closeup no ball
9b19924e3298ad20a57be1cfd1007617d6b65109ab3944d5fabb499c4420504c,sol,VISIBLE,799,652,32,38,815.0,671.0,full_frame,held by shooter
9b1cb353938d3904440b6cdff324bac8baed6ac035193edd5c04e7a4556dc89a,sol,VISIBLE,1105,634,55,41,1132.5,654.5,full_frame,held at free throw
9b2fabdd9328188b5a76c441e9045e19c35784458993d72fb1ea2fe3488c1fe1,sol,ABSENT,,,,,,,full_frame,ball not visible
9b8692e61d05755fc0dc72c41181dd1a41be0670323b44eb19229b5af098eacf,sol,VISIBLE,379,621,35,35,396.5,638.5,full_frame,dribbled at left
9bebb82ff4efdcb1879f9a506830b6e3be33831a60f2bcbd11844090352caf76,sol,ABSENT,,,,,,,full_frame,ball not visible
9c69ce8fab38557c7a2e60038a8ed6580f60cf52aa528e6f3fa54464cbb022ef,sol,VISIBLE,1192,512,44,40,1214.0,532.0,full_frame,held by referee
9c9bb180c2545f668c5a7d4fd3b5a759586168378950cac44bfe9b1ce02e31f2,sol,ABSENT,,,,,,,full_frame,pregame lineup no ball
9c9f5b47be6b8faadcb13a5a6871f3b2de17fc200bfcfd009bb7b99ed4cd99c5,sol,VISIBLE,1157,413,37,37,1175.5,431.5,full_frame,held by baseline player
9cac0c3221948ad0c737e6810dbfc80619f9195d672d3fb2061a9aa5a4e283b0,sol,VISIBLE,1101,474,44,50,1123.0,499.0,full_frame,held by driving player
9cfed5db6a874e31939804f68111e31f37903181a25b8b2fbc8a001dd8852667,sol,VISIBLE,1337,151,42,43,1358.0,172.5,full_frame,ball above rim
9dd07735ebb2c1f0b8940edb31161569a544b2a48793b7efb68fa581345e4c81,sol,ABSENT,,,,,,,full_frame,transition with no ball
9dd920ed968a0c7b8fde40ed18f4c661a938831dd4ccd9e1f21dc4cf108aabf8,sol,VISIBLE,1111,413,13,15,1117.5,420.5,full_frame,referee holds ball
9e619c8794e085b29bed04b1c6223c1f77b2834bf45e30e8afcd932710032343,sol,VISIBLE,1267,533,50,59,1292.0,562.5,full_frame,dribbled by white player
9e940b53567f3a5c626f9c0d8f270aa981d4282b9cb1bee9db97a747ac9fc313,sol,ABSENT,,,,,,,full_frame,player closeup no ball
9f3e39ba1e780d197a84b9d59abf69b98904538c1c1a3c9924c7e196443c66d6,sol,VISIBLE,975,460,61,65,1005.5,492.5,full_frame,held at right hip
9f6bc8235112d70b1d5fe4cbbfcdb9fb7d717326ad86c5737d49e1e1b5a779c1,sol,VISIBLE,619,405,72,75,655.0,442.5,full_frame,held at chest
9f8c16a01f3d6fbc21b84da67099223e0977555a98be864c7b1048601a74d824,sol,ABSENT,,,,,,,full_frame,commentators no ball
9f9e8a7208278e057864d68fbb21df2b7131362c2db3eaa5ad2fba379563edc0,sol,ABSENT,,,,,,,full_frame,action with no ball
9fc7a394e3af6f381fc37a5e344e94f7935de035195138cae2c5e4e26a5a0e4a,sol,ABSENT,,,,,,,full_frame,timeout closeup no ball
9fead4c7337464183e293595e9c535922b01a9c22723953c0667dc80833e7c2c,sol,ABSENT,,,,,,,full_frame,under basket no ball
a0234e81a4d353dd7f89d2079a1e8206f7966b2c1bd2c7bf160fab53ebd50d4a,sol,ABSENT,,,,,,,full_frame,player closeup no ball
a10eb5b2664e32bef37d42cb57a34ceff34908a77d1b28b935aae12747272529,sol,ABSENT,,,,,,,full_frame,ball only in graphic
a125eb8164e8a1027fe805be43b683adfa472a4ab3aa7e31af970eb630dfa8db,sol,VISIBLE,1608,534,40,36,1628.0,552.0,full_frame,pass at right wing
a2b05ea7a14d8323e07a05f9fc88335bf4cf7eeefa8517e20d60697d940d8b27,sol,ABSENT,,,,,,,full_frame,players gathering no ball
a2eaffd678d09d0b4f26655de610148c991152855beb5cdcf7ae45482f577a94,sol,VISIBLE,166,516,32,37,182.0,534.5,full_frame,dribbled at left
a3019214448f4f99370cb55aa731c58914778c39e678b47c7dc13739019fb04c,sol,VISIBLE,1470,400,38,41,1489.0,420.5,full_frame,held at chest
a3d4ec1931d951ac5bc21022479d89c0f7cd13da62dac7a59c3e4f2ddcd297b2,sol,VISIBLE,957,309,203,199,1058.5,408.5,full_frame,ball near camera
a4c61c2815cab0bebf60d847b099810b57b560889b05c07618f65e8b49fef80d,sol,ABSENT,,,,,,,full_frame,ceremonial lineup no ball
a4f7c1ec97fe09a0cde00b5eabefd18e72b407f290e4c5f696346636d2db71e1,sol,ABSENT,,,,,,,full_frame,bench celebration no ball
a501184c5ce1ba7445f0cb8b2f593f21d9de0dbba03b2a1c2367659200e2fd20,sol,VISIBLE,1109,153,50,51,1134.0,178.5,full_frame,held by lane player
a5190ec4c92b51f2abb2386526ba30b131022d83dfe385df458072633a45b304,sol,VISIBLE,1262,431,53,49,1288.5,455.5,full_frame,baseline inbounder holds ball
a54d61eea72b3fb8e44fed584c2731a7826bdfe0cd83105c060fd000e8c86a9e,sol,ABSENT,,,,,,,full_frame,bench huddle no ball
a572ec7277ec937e6831766f0bc7d846843f95f1b2772167469bec39b15befd8,sol,ABSENT,,,,,,,full_frame,ball not visible
a5a065e9cf918653fd6bcc3941f0456691438a9eb67e1eb7411345221c88fc45,sol,ABSENT,,,,,,,full_frame,stopped play no ball
a5a445b1cadd6908fac48e28f0428a6b92ca5b4dc2ba3e2d1001b2fd3f9822b2,sol,VISIBLE,1681,444,37,38,1699.5,463.0,full_frame,held by right player
a67b4b75a3a0917c9b7a603effe91b7704f56ed26a85e84042eee57700bbfbdd,sol,ABSENT,,,,,,,full_frame,review closeup no ball
a6be7a97714930c186896648b0a902b82e059be946beedb03e1eefba00b58dc6,sol,VISIBLE,1104,646,26,33,1117.0,662.5,full_frame,bouncing near referee
a6c102bbae53460e8a52da87bfd3c458b05ce3f127f803270ad417918a87f976,sol,ABSENT,,,,,,,full_frame,player closeup no ball
a762f80d68723243c1331488f962d492e06182699e22bfc629ca21221359875c,sol,VISIBLE,850,568,45,44,872.5,590.0,full_frame,ball near baseline
a763682be4cb08587c99418acfbdccfdc71453e6747104fddd4e45c929dc1e5e,sol,VISIBLE,439,579,31,31,454.5,594.5,full_frame,ball beside dribbler
a7e1b5ad168411710f9f674f5a11dbe988c2bf3f8aaccb1e982caf5e1953efa6,sol,VISIBLE,1318,614,49,72,1342.5,650.0,full_frame,motion blurred dribble
a7f31b00c9b3068214105265be850e393ce00daebe4b0a421c6ac44ce8321daf,sol,ABSENT,,,,,,,full_frame,ball fully occluded
a8977cdfc822b26b35d5116e75da6b87d49fdc4bc68103b8d1085047d1ac4513,sol,ABSENT,,,,,,,full_frame,no ball during stoppage
a8d89721baf93ddb264463e6ac7f41f4b909ce492a5adf7484a10a79ae200e02,sol,ABSENT,,,,,,,full_frame,player closeup without ball
aa7570510b139e29498ee332e6ded6fd1537d8287bf025136d20af9f26773a66,sol,ABSENT,,,,,,,full_frame,pregame introductions
aa7d6fcc7b2b23c9d0778ac009580c247a7b175aa46b635e85f798571a0c5dd4,sol,ABSENT,,,,,,,full_frame,crowd shot without ball
aaa352df152f71cabc1a01aa189ac387fb59376035202730d462edf0a3acdc83,sol,ABSENT,,,,,,,full_frame,ceremony without game ball
aaa9790de89819255e438205d4211dd330d45fc4b9a4b0850e9027b3a817a975,sol,UNKNOWN,,,,,,,full_frame,rim area too ambiguous
ab0e4f6ada8cdda8e2b9ba35d1b812d141fa9795803eb8645caf24da4d697ed2,sol,ABSENT,,,,,,,full_frame,ball outside frame
ab3a6c3c5a4aeb475adcf9bb0fc9cdba9c4f0a03110f6663f9139cb2a40ba440,sol,VISIBLE,1824,483,52,42,1850.0,504.0,full_frame,ball held at sideline
ab8c9f666a0d60b1e2eb2f4acd820a505e5f3f9a4813d70df6e11c0164d6eb91,sol,VISIBLE,965,590,39,40,984.5,610.0,full_frame,ball bouncing behind runner
ab9bb337ea14772dbae79c2b8e53e2f386e6408898af87d9cba29b1c0469dab9,sol,VISIBLE,1373,462,28,27,1387.0,475.5,full_frame,ball beside dribbler
abe9e4beeee9b2785c9984dc9f65f0f5b9e8e0bb1281fd0991ae90ede1581eef,sol,ABSENT,,,,,,,full_frame,player closeup without ball
abec4348aee8bc301dfea00733bcdb74b5fbaddd1fa7de7e8ee405b0378c0c69,sol,VISIBLE,538,445,44,43,560.0,466.5,full_frame,ball beside driving player
ac4cb2e4b2b332c86792fd48aaff2ce5f767411b39a66d2d964170ebb5215959,sol,VISIBLE,1137,603,57,53,1165.5,629.5,full_frame,referee holding game ball
ac52b0e71b8db317a49558f664c0e84ccdccdb8c7a317d716e8ece86f1a52f71,sol,VISIBLE,978,454,43,39,999.5,473.5,full_frame,ball above shooters hands
ad151e200d887fa957b70eeb868f27651e08c41cd5f5afa49fa9058389d0f261,sol,ABSENT,,,,,,,full_frame,coach closeup without ball
ad34786c6902558d95abaf8d6e075eaf6072cf699c017df09098641b7431529a,sol,UNKNOWN,,,,,,,full_frame,ball location too unclear
adbb4cc1d4ac9a043ed18e6e92da64dd78023d6191bd134408d257091d6629b5,sol,UNKNOWN,,,,,,,full_frame,ball obscured in traffic
ae6b41a8ad9c7ab6c8043cfec53ffb83254fa229d8c9e804b7efc18e5d88f6b5,sol,VISIBLE,1128,687,39,44,1147.5,709.0,full_frame,low dribble in lane
ae8a0b344a9b453f6b8c28e6b05ba01b06ce227cf8f303e1f112d57b301cc0e1,sol,ABSENT,,,,,,,full_frame,no ball visible after play
aeab4d616fbef708596192ece0568ef80fb871feb9131d4a5414486c285835c7,sol,VISIBLE,569,653,34,28,586.0,667.0,full_frame,ball held in transition
aef7882af7971c4a0744315fcd38df9e9ed4cb7409a1805122b532404803f906,sol,VISIBLE,522,449,49,54,546.5,476.0,full_frame,ball held near face
af0f7479d417b3e198625fc6b5a8590ef5b9fd96a211be6d44714c757cd26bf7,sol,ABSENT,,,,,,,full_frame,bench reaction without ball
afb270af4edc79a767e8ee6180bafd952c5134c5c16ebbd6c6ba7a21ec5772f9,sol,VISIBLE,0,250,68,48,34.0,274.0,full_frame,ball held at frame border
b04ae09d9c5aa0f9b5237a89b9fc32a7311cef065ed9b1a903b2ded291036b94,sol,ABSENT,,,,,,,full_frame,foreground closeup without ball
b0f8a764a67530f4d2381c7a8230e25d94ab3ff14b5f9775d5f8e424b9aebdd5,sol,VISIBLE,502,436,28,28,516.0,450.0,full_frame,ball beside ballhandler
b0fc8edc219ae0ed88b52eb69711f810c62266b577d11f39cc818a084b0ae7c9,sol,VISIBLE,1022,345,30,31,1037.0,360.5,full_frame,ball above shooter
b10018a9cfc7ea0dec791eaec289ed147b317893849953083b4b068f490f9f7a,sol,UNKNOWN,,,,,,,full_frame,ball obscured by raised hands
b1134b4190dc2ce7eda9de965358499947cf36df051a17636e888790656a41c0,sol,VISIBLE,1334,508,29,29,1348.5,522.5,full_frame,ball near standing player
b1314e59adb70b0d036e2e4e04b88bc276822a08cfa3d0e0888e0f80b6c13ac7,sol,VISIBLE,866,41,124,174,928.0,128.0,full_frame,ball behind backboard support
b1cb6633fc48051c209137f0885df2837158d54cc9ec222a42587cf6fa37e4f7,sol,VISIBLE,1265,395,49,72,1289.5,431.0,full_frame,motion blurred dribble
b1e502781eabf90852041a9af2a72fbc45b744714c064e01dfcb80f67ca46738,sol,VISIBLE,551,275,48,50,575.0,300.0,full_frame,ball airborne near bench
b21b286038c3db21b89558d40249b6cff4dc4dc617537dcdfc2222bab82386c2,sol,VISIBLE,1177,531,26,30,1190.0,546.0,full_frame,low dribble at arc
b253295ef0df9c6f138d13eaa062354c00cd1f29d4c4631ffb72db04dfd5855b,sol,ABSENT,,,,,,,full_frame,ball outside frame
b264120ace7ce71edfb771d7febb176629756429a60bb59ec0bf1d4ae91dd136,sol,ABSENT,,,,,,,full_frame,pregame introductions
b2e56d383f654bcda1b6c29f422bcc70df03fa68a6315455a5952a9011e67054,sol,VISIBLE,863,531,42,39,884.0,550.5,full_frame,free throw ball held
b31ceb408e4f887eafc4c88937a3dc904238b8d5530644c7eba5a9f8502fb14e,sol,VISIBLE,1280,614,48,46,1304.0,637.0,full_frame,ball held by player
b39e31151eec915d0b8bdc45aeeb31d6765ed414c4540908983feca339b8f340,sol,ABSENT,,,,,,,full_frame,close shot with no ball
b3a6a3d7803259c56ddd06edf1dbec636a6191e5c4175417314a10927fb31d70,sol,VISIBLE,1427,718,28,27,1441.0,731.5,full_frame,ball held by right player
b425a5cbfc228893cb2a0b256009a020c0d09b54a8782bbd9ad2aca322787575,sol,UNKNOWN,,,,,,,full_frame,ball not identifiable among players
b42bbacf639fc7e1dabf1a66cc12f9b980c19ada5138945f8bd49729937fe111,sol,VISIBLE,1253,252,24,25,1265.0,264.5,full_frame,ball above players near lane
b4332d85548520ebb1447feefb821676597beb838816af9c783421e0f301038f,sol,ABSENT,,,,,,,full_frame,close shot with no ball
b4dea24a7ecc7bbfa3df0a6b2c6ab34fba128ebb6fe4c78fed0a3628915a8b4d,sol,VISIBLE,1110,575,78,77,1149.0,613.5,full_frame,ball moving from player hands
b4fa729400972598aad1a850558b73c723eb394da591492185d1fb6df46e9410,sol,VISIBLE,1350,505,31,34,1365.5,522.0,full_frame,ball held near baseline
b5057d965e321a4fdccb5fbe1290e58d850c922ab363ab5ec96ad6ea8e65d1f2,sol,ABSENT,,,,,,,full_frame,player closeup with no ball
b50d55a74545f50c699cf0451ac33a0986e401674802df5e9eca1ffca292f748,sol,VISIBLE,1119,85,27,26,1132.5,98.0,full_frame,ball airborne above basket
b56658cf0a258af1785a469d657579e693d73e3ed5f02fa36ab6571739538e42,sol,ABSENT,,,,,,,full_frame,full screen bracket graphic
b5a439dee4646c59f33bd54aae8f7e36f5b4d622901beeac4972de1ff602cf78,sol,ABSENT,,,,,,,full_frame,timeout huddle with no ball
b5caad7754895c2e99bd291c7fba149ff484d8ab2299094fce609333c89ad625,sol,VISIBLE,522,373,28,29,536.0,387.5,full_frame,ball held by baseline player
b642c14dbf473cab6d186983a3cf8fc4a9302ee55d56aee5e142301121b44624,sol,ABSENT,,,,,,,full_frame,player closeup with no ball
b6de0b706f39785595c0c8fc8043bfb21c6536fb39c3e62b54f39ecf1736a962,sol,ABSENT,,,,,,,full_frame,bench shot with no ball
b74c18a4cc17cdbf4b6809e996caad679982eae86b0e35f52ac214167a8ac7ac,sol,VISIBLE,860,555,229,220,974.5,665.0,full_frame,ball bouncing before free throw
b7a2082d6195c6155c525ef5d6230be373b1c2a6b0ac19b99a58da74f122083b,sol,VISIBLE,1196,657,48,31,1220.0,672.5,full_frame,ball traveling through lane
b7ae0fca9906e6bc00fb0ba9160320180650bd2fd2651f5881023e2d4eb05c40,sol,VISIBLE,765,499,43,42,786.5,520.0,full_frame,free throw shooter holding ball
b84917cdbf318586d4153d6dee73109728d82b3f872b867bd965d482bf79af2c,sol,ABSENT,,,,,,,full_frame,postgame crowd shot
b84afe3010872a855c45c1a25aa029b7fd886fe0bbc8f4bf2851b795b76c227d,sol,VISIBLE,758,178,27,29,771.5,192.5,full_frame,ball airborne toward hoop
b8f36a9692448126812862e4cdbdf5a2290f01907a3faa59c4ad4c767d2f137c,sol,VISIBLE,869,316,65,65,901.5,348.5,full_frame,referee holding game ball
b9d6f540b4000ae4b66f960f41a609881e7af7688503c661c978f5ee39e09311,sol,ABSENT,,,,,,,full_frame,bench closeup with no ball
b9ddfc73add0532c0ba667ff69bf6ced4cbd9c2a3c811197b37e07630d997d61,sol,VISIBLE,1481,598,42,47,1502.0,621.5,full_frame,ball airborne near baseline
ba1d29fe544563fe15630b04e0343868154aab26e718cfca3702ebef6978ffc8,sol,ABSENT,,,,,,,full_frame,team lineup with no ball
bb17798d34b275ccb795db4341406c7c8eafb77d42c9ee45fb878c9d98ac0e38,sol,VISIBLE,1022,745,218,211,1131.0,850.5,full_frame,player bouncing ball at line
bb7cbf538d4b2a22d3248ca614631d9cdffeb9e00b082496c2de524570400c2c,sol,UNKNOWN,,,,,,,full_frame,ball obscured in half court set
bb99aeb249c68a0d4a8f089c30498fab82442d57812d09fbdc6bda45563e99ae,sol,UNKNOWN,,,,,,,full_frame,ball not identifiable in transition
bc3f5a77cb1d4e7a18aadb1fb129f41df38d70ed048d78ec0534e8e8e677f93d,sol,VISIBLE,977,297,76,74,1015.0,334.0,full_frame,ball held above player head
bc7738bc5fc5542b976e90dcb9629096ad0d777abf3cdaf2d2214ccf189645b4,sol,UNKNOWN,,,,,,,full_frame,game ball not identifiable after score
bcc1174cac40a7db7fe859f14e22737f098826f06202f674fde4942198d42c11,sol,VISIBLE,1363,276,31,31,1378.5,291.5,full_frame,ball held on right wing
bd251db670c174f56456f38789b25fb69a887d5741b2c48ee32c1434cdf0efac,sol,VISIBLE,893,624,29,31,907.5,639.5,full_frame,ball dribbled at midcourt
bd3d3a2e1cb4fffec028928c8842ee7ed8a6e5bbbdad2de231c3f6e7fbbac1ca,sol,ABSENT,,,,,,,full_frame,player closeup with no ball
bd522ba09d5864ab560900401fa0813f1470d08a34af3dff09f742798e8c3f57,sol,ABSENT,,,,,,,full_frame,bench shot with no ball
bd9a83921c8dfef4367c58296f4b001d121c4a1148ad111b2a60371e13ee9dff,sol,ABSENT,,,,,,,full_frame,interview shot with no ball
bdcf73912f8622330a88d8ab513cc74c7b92e0f816cbc925ef88e7d177f4849f,sol,UNKNOWN,,,,,,,full_frame,released ball not identifiable
be1e89d51985ee87dead837ecdb68dc78749a28a3c12a53bc3d73a6fc03415d7,sol,UNKNOWN,,,,,,,full_frame,ball obscured in crowded lane
becfa0b9bdff7d9fe8835390d9d755dc5f9286a743ef5b58e8daf0a5eb14bbae,sol,ABSENT,,,,,,,full_frame,pregame introductions with no ball
bf39621876ffaf212dbdc1956cce4b0796494ccfec693096ad723eacc72b056e,sol,ABSENT,,,,,,,full_frame,player closeup with no ball
bf9b0e39202e3dc109a6d5edf014bb4e6139e2861b5227d0cb55b0a797c2c3e5,sol,VISIBLE,711,588,49,48,735.5,612.0,full_frame,ball held near left elbow
bfadff084452d1fd8087015d5c93d693a1e974995ba084b77f3cdf37a0e2fdfd,sol,VISIBLE,1848,533,48,50,1872.0,558.0,full_frame,ball held by right player
bfd73445edee63f64f05d9387fac1913c7ad63af0733eec7451c3d4950521efb,sol,ABSENT,,,,,,,full_frame,interview shot with no ball
bfe99622258e7f15d81f925af8633467878eec36bde2aa72864f0bd8fa1f6cea,sol,ABSENT,,,,,,,full_frame,timeout huddle no ball
c0cf904ec62b7a2ea8bed6ebe2bce53a9c0e7e8241b08a660ad86c9d2172a67b,sol,ABSENT,,,,,,,full_frame,player closeup no ball
c1120c43dbc2c537d9f3d417342333abe687ad675e4c7ac286ab4c0b8a3409ac,sol,VISIBLE,980,581,25,29,992.5,595.5,full_frame,ball near lane players
c1800a4454c8725c6e03b09d0d79af2bbdc34ba6f050e0ec3494de1a0c44e1af,sol,ABSENT,,,,,,,full_frame,free throw setup no ball
c19824645178a229bcbe5004950dfcfadb39a44d936ee5839ce35e2535f8a4b1,sol,ABSENT,,,,,,,full_frame,bench closeup no ball
c2041840c53638e2be1ebc5aebe086e3480d9af53b6e4e6f4595972fccd4364a,sol,VISIBLE,855,546,42,49,876.0,570.5,full_frame,ball airborne near basket
c242e569b6755c1ac3fe1d00430e950fdf356a861427a7c68f4a077550feb8d7,sol,ABSENT,,,,,,,full_frame,postgame closeup no ball
c2d5dece53a3b001443853d23396a433345ab9f04174bb7ff52ffa931350d47b,sol,ABSENT,,,,,,,full_frame,cropped action no ball
c319a3aa5fdb627dc5ed758fe5ae2ad22c610247deccb9cb5df43e42a8296c29,sol,ABSENT,,,,,,,full_frame,postgame sideline no ball
c369d72b91fbeff401d1bc4ece46c8fc627d0b73dfcc6544220d968f5102a1ca,sol,ABSENT,,,,,,,full_frame,dead ball court no ball
c3a577f7cda5f78b8936bf225c1522a9eb97bd8c78242360a685b9d1588f584b,sol,ABSENT,,,,,,,full_frame,sideline interview no ball
c404ed9b8d60acbe82629e366a4f938b5269696d927721bcfd8afbf2f02cdc31,sol,ABSENT,,,,,,,full_frame,crowd reaction no ball
c44a8961b238a3ed641b48ad6c69a0e26feccce38571da09f8a0267145e93c7a,sol,VISIBLE,747,600,33,31,763.5,615.5,full_frame,ball held in post
c46adaa01ddc436526a255e914db51ef0eee34ed4b75248b3520a5bbef83138f,sol,UNKNOWN,,,,,,,full_frame,ball obscured in player cluster
c541d47266faf85a6d4eaacb9c6b906c6739f7748da7d7e96c0fdc20f5c3144d,sol,ABSENT,,,,,,,full_frame,coach closeup no ball
c5df50485f2638c3c1c4421de9eae20e964ecbbaa439b9b6d06647f238c338e0,sol,VISIBLE,1218,486,29,32,1232.5,502.0,full_frame,ball held at perimeter
c61c2c62ab376ee4b57ae79e3331b908468103c5161c91b5cfd95ed389fce22e,sol,ABSENT,,,,,,,full_frame,coach reaction no ball
c6c877370ce1ce4ffcafb507055a4a44c37e0f0f5cdd5094cad2a44516859d07,sol,VISIBLE,1000,580,55,51,1027.5,605.5,full_frame,ball held while advancing
c75a0025de8711f402a54d32fbdfa96ef0ba3abf66f2296d65f1d145541af287,sol,ABSENT,,,,,,,full_frame,player closeup no ball
c76ee0da93ac518297c823172a6a1c8f8795495dbb2083867130ee29549477f2,sol,VISIBLE,279,587,27,36,292.5,605.0,full_frame,ball held on baseline
c81c266aebcf40396b9847990107cd53f68fa77e126eab46cf52b2f83a686a31,sol,ABSENT,,,,,,,full_frame,player closeup no ball
c88f6bf9c228038b91cdcb8ebb626363cf0b9c8dde952ea17def0e07bdaf5fb1,sol,ABSENT,,,,,,,full_frame,player reaction no ball
c8b3225fdef5a6acaea3e013692c5ee1cf699b249bdd3d7dbb359cf696ac3987,sol,VISIBLE,500,363,61,55,530.5,390.5,full_frame,ball held at wing
c8fa5d46017236fef28e14e325f3dbbafc3861b01b14fd2fa86e64a4aba52ad8,sol,ABSENT,,,,,,,full_frame,bench closeup no ball
ca1a3feb29abbd655ab2833836ac8a1668e5f84893553e5fed6e5ba617c938f7,sol,ABSENT,,,,,,,full_frame,bench closeup no ball
ca704171d6ec523caa894db9d9315a14d181fcbdc487525b4bf340585195fb91,sol,VISIBLE,896,600,118,119,955.0,659.5,full_frame,ball above rim
cb0e506d27ab29feab7d5c94e8c467dfa895d990fc15c64bbc24319a624fdd6b,sol,ABSENT,,,,,,,full_frame,team lineup no ball
cb38f5846393f5c265f3c46a326277ec99fa139d615322ba5d2dba277d66be7b,sol,VISIBLE,1657,628,31,36,1672.5,646.0,full_frame,ball in right hand
cbc8eca2de7e6dabc461cd559e7669d93f830ef7ad97a545a6bc655f2b0e7705,sol,VISIBLE,420,771,59,64,449.5,803.0,full_frame,ball held by dribbler
cc3030dde3f1d479d17a090a9aaee3c118fc2221e99c2d4e265e0ee7174b226a,sol,ABSENT,,,,,,,full_frame,bench closeup no ball
cc71b4e368a006f646413187d0be2c356510fe01be7bffd2e3a7252e7946fc69,sol,ABSENT,,,,,,,full_frame,player closeup no ball
cd0dbb8ff6e7c4e0a1b31d4d233fe93aa1907b9826f8a4faa1db70debf42b992,sol,VISIBLE,1586,592,29,52,1600.5,618.0,full_frame,ball bouncing by handler
cdad96974744f34648ce06ffe136f4430305c6d55d382fbe1e68b9081fed7239,sol,ABSENT,,,,,,,full_frame,player closeup no ball
ce9f105bd677c15186e7c9aa7f680551c9a41a94ad248908aa6e2cdbc9d68ec1,sol,ABSENT,,,,,,,full_frame,free throw closeup no ball
cf211d542602abdb90e29592f48dc6a63a1b7a45e16476f906a5a20863385933,sol,VISIBLE,743,951,438,129,962.0,1015.5,full_frame,ball held below overlay
cf56394c0fb7aa409d071e22400149b893fbf295f0d2891a7d23a7a8bc038e04,sol,VISIBLE,747,265,32,33,763.0,281.5,full_frame,ball airborne left of rim
cf87bb30a78dada8f11039821618b6224c0bccfd4d735f0ba83afdb633138184,sol,ABSENT,,,,,,,full_frame,players waiting no ball
d091e5fc78da5391b3ef04a3ce2f4829f3e8b3e8cd95e2f1a1079fd8b396ff85,sol,ABSENT,,,,,,,full_frame,postgame celebration no ball
d0b27501afce46f88acf795745a02cc3dc39102a5a3c759eabc0bf5171ac0009,sol,UNKNOWN,,,,,,,full_frame,ball unclear near baseline
d0df4605c11f7e510cc307789366ac52fd7c800292e4bbadde985fc5dde8aedd,sol,ABSENT,,,,,,,full_frame,coach closeup no ball
d16ef963f9fa50e4135a8333965a0588c25576961e790a64ac759bf5cab3942b,sol,VISIBLE,829,444,43,45,850.5,466.5,full_frame,ball at players chest
d24ac86aa7ba64d870f7af0ea3a0b5260cdef25e78d54ca8dbfdb75c35b93b78,sol,VISIBLE,1119,389,44,43,1141.0,410.5,full_frame,ball above red shooter
d2b63abf1d49eacfca7dd272ca412111d0937fe168d10fdc0744da6c5dbd6d6b,sol,ABSENT,,,,,,,full_frame,bench timeout no game ball
d2fb903cc025db0b4d52c7024653f633fc511994ba399445f19727a0078cb02f,sol,ABSENT,,,,,,,full_frame,player closeup no ball
d377d870327deaab186158c707e9e5dc48aad395333b76fc9d0fc69790542867,sol,VISIBLE,1388,400,20,20,1398.0,410.0,full_frame,ball airborne at right
d3953152079b8c1095d9894e8d3947a49ee1c51dc1dbf350965345098bee35c7,sol,ABSENT,,,,,,,full_frame,celebration closeup no ball
d42bca0144652c3c6af2e91c8ef726d9a4fc32a2fc6e14095514da5199699192,sol,VISIBLE,1235,316,31,30,1250.5,331.0,full_frame,ball above raised hand
d43765e3deb55ea4f2aa5c35d86e3a7dc64ea26bfe62d9d5582c158da8293ff7,sol,VISIBLE,1315,379,31,27,1330.5,392.5,full_frame,ball held on right wing
d473e3c985ae79e301c7474c8865e9425b1ab0218b1d692eea8582a93603caeb,sol,VISIBLE,1206,552,226,215,1319.0,659.5,full_frame,ball above rim
d4e485dcc3506263ab151e8b77511b84a844c47a5c7904c710056285bcf15f7c,sol,ABSENT,,,,,,,full_frame,full screen bracket graphic
d5082752eaba097c3035d9adb80efeaa6109ff71a5caa026861365ad9d461233,sol,VISIBLE,1617,458,31,33,1632.5,474.5,full_frame,ball at dribblers hand
d59480f9b498cc710e78436a2d940eac320668e92fab7086d2d5026cf380446d,sol,VISIBLE,663,638,34,34,680.0,655.0,full_frame,ball at left guard
d5c48014fb6e5e374ccd800d424efd480d1e1d4803d361f9d9b48339dca52e42,sol,VISIBLE,946,410,82,94,987.0,457.0,full_frame,motion blurred dribble
d60ce58369ad36ca1138613bf36fda04fac805b3d75c0c86f205139e6073f4a3,sol,VISIBLE,195,672,31,38,210.5,691.0,full_frame,ball bouncing by guard
d637da23163afc544c36a5646786e067fdac28acf3572ffe470589bc30f150fd,sol,VISIBLE,381,415,48,45,405.0,437.5,full_frame,inbounder holding ball
d6ec3e73602ef833ba9be8deee05ce18e41f065fdb57163abcaa618a1d75b222,sol,ABSENT,,,,,,,full_frame,player closeup no ball
d6ef57e06dd5c279962c01751e6d9b08be9b8e594f5fcfb1a93ce7cf2ed5e6f2,sol,ABSENT,,,,,,,full_frame,player closeup no ball
d7260cedabd70adab22c16f9cab1e6cb580c30db560912075871bde31f324c6d,sol,VISIBLE,1238,243,42,42,1259.0,264.0,full_frame,ball above rim
d7f147df3f41801ea504afc4d347dff97fdbf65bfbff169cc2be847446fd2172,sol,VISIBLE,598,512,34,34,615.0,529.0,full_frame,guard dribbling in transition
d835452d9bcde7571d44d88c15c3ea6214d426daf5d7419a73d3bd908af6ac1f,sol,ABSENT,,,,,,,full_frame,player closeup no ball
d87488aba976048892827d091edb7e8e1ffdc1e800a66c14f44a77e05b6a57a5,sol,ABSENT,,,,,,,full_frame,free throw closeup no ball
d8aa51bcedf5b6314fd9eaf2f43803a6b73cb724a93e6bd6120953ab4b7196f2,sol,UNKNOWN,,,,,,,full_frame,ball not discernible in blur
d8aab45329895f4e3ee3911ae28259f6422fc8d2ca139e606e5bafb912e304bb,sol,ABSENT,,,,,,,full_frame,pregame introduction no ball
d8b71b236e3fcb8714ab4234c6192af52e6ac682e1163a880be84c907c71667f,sol,VISIBLE,1362,284,32,31,1378.0,299.5,full_frame,ball above rim
d8f96cf1f23d2541d67c060654061347aef38015e4f6f00c8f7c52c3484b0e6f,sol,ABSENT,,,,,,,full_frame,player closeup no ball
d935e975e0a8292121501de9866e7cb8710ec5f4b471ef2f7e3a1ff215013d8f,sol,UNKNOWN,,,,,,,full_frame,ball not discernible in crowd
d9c866f3ffaf1054d492ab431879948ded6e69650eaefb2d30237ab64a15aa32,sol,ABSENT,,,,,,,full_frame,player closeup no ball
d9cd21752699937540e3c8d5ad9acf52d6dd2f8907df874b2e32f3977c9a80ec,sol,VISIBLE,943,716,33,32,959.5,732.0,full_frame,ball at dribblers hand
d9ebadd3b764f0d390a0fe2d7464d1c9810ab2365a93b68ae5ec4cc03e971576,sol,ABSENT,,,,,,,full_frame,full screen bracket graphic
da135772976161d4d7a5b701cf7194be9bc46d615885c487c06a16c28bda085b,sol,ABSENT,,,,,,,full_frame,stats graphic no game ball
da152a192732381bd61278c32c8cc126d803631c48e73d8d2e923d360f5b8386,sol,ABSENT,,,,,,,full_frame,replay shooter no ball
da67841f4345b5b7edf3f20c98d13ae2e8c9b9a4f05946f0e8a7cb4663efd5d6,sol,VISIBLE,1304,635,35,35,1321.5,652.5,full_frame,red player holding ball
dabcfacaf453d28907361a379222c155cc831ef01fab9e67af64eb1c70eac06c,sol,ABSENT,,,,,,,full_frame,postgame interview no ball
daf284041d971f2aafc8266ec03ffb6ea8d080b6b0de6ba05b1657e41db0afb1,sol,ABSENT,,,,,,,full_frame,player closeup no ball
db6c83f5327fb31a641ac0a512d8f7c203b8ec9416e0185f0762ab03997837a6,sol,VISIBLE,1080,724,39,37,1099.5,742.5,full_frame,white player holding ball
dbbc4dcf2732bb135a017bf9bd31bbd92979f356375ff9daff5494cdd22d7165,sol,VISIBLE,997,813,47,69,1020.5,847.5,full_frame,motion blurred held ball
dc0528ec6cc2f782bda11001b3c2bdd5386f96530b7a69a8f51786c7f2ffb2e3,sol,ABSENT,,,,,,,full_frame,player closeup no ball
dc0c28e9374e18f9a92441b8f9459e0300713e12f2c164d0d2f07d87755c4bd0,sol,VISIBLE,1424,432,29,31,1438.5,447.5,full_frame,ball at right guards hand
dceb30c775bdff9a1bd07e6e269e37c9c1b1e628073ecc172436beb2500e549a,sol,VISIBLE,656,338,23,24,667.5,350.0,full_frame,ball airborne near midcourt
dd3611a2f9693237680020088af3560d4072f68520ee63d645c78a4dfcbd13d8,sol,VISIBLE,1041,431,176,176,1129.0,519.0,full_frame,ball above rim
ddd35c4fe52c01e69e61ba13b4a9db935142020b4ba3b17563598a31cfdb0276,sol,ABSENT,,,,,,,full_frame,player closeup no ball
de0cc3cf57ce7c958c9fc4d723ed30c4497c02170e6c817c91a5b480044b4af2,sol,ABSENT,,,,,,,full_frame,no ball visible
de15ef5263fc65cb302507bc146de312b734d2e06f401574adbf069507ce327c,sol,ABSENT,,,,,,,full_frame,player closeup no ball
df3624ba30d72c4b7d0646ed9df67e67124db36f55bf0693374bdad0ca407e96,sol,VISIBLE,312,575,26,27,325.0,588.5,full_frame,dribbled at left wing
dfc3aeaab31eed28316128dd75b8cf2a325cad350d4036d7d4fd29db7a29fdb8,sol,VISIBLE,466,449,29,28,480.5,463.0,full_frame,held near baseline
e001ddad149ca56333812973086500b3b3fe7aec9b6d9077650550b13f88c6b0,sol,ABSENT,,,,,,,full_frame,arena graphic no ball
e0345ad643d4d2195bfb1ac1f1ca105dcfa16350ce7aa7cd5bcf5a1115dcf380,sol,ABSENT,,,,,,,full_frame,bracket graphic no ball
e03a50f13e077cb834eefd4c2a72441fc3f50b06a6c27b547d46ba8725424f16,sol,ABSENT,,,,,,,full_frame,courtside commentators
e0736ab0cfac0ae04496f3d5c6ecf5ca758a6f4b3229bad9faffe96544929c07,sol,ABSENT,,,,,,,full_frame,crowd shot only
e0be0418f5827c70a7f295c1385801b51cdb33eb106ddefc804c38792b913a11,sol,ABSENT,,,,,,,full_frame,stats graphic no ball
e0cd56a400a9b26b26c3aabb1994c1ee14da8a467eccc6161bc30060b4184991,sol,ABSENT,,,,,,,full_frame,no ball visible
e15bd1387d7e3ba40bb2489dfe8838e7a426ea1e1e50d396b9a70b883c468718,sol,VISIBLE,551,655,38,36,570.0,673.0,full_frame,dribble near midcourt
e196d99b24848a8c7c4c03cb0572b12e558e8f2b2d12f5c4488db9b7ac02ea5f,sol,ABSENT,,,,,,,full_frame,player closeup no ball
e2a5b92056a17faa0b7b0e76db2e2ea66961a527eda55f17db80b6971d503e61,sol,ABSENT,,,,,,,full_frame,transition graphic no ball
e314c989a47e3411d31fc66ecdd0251510f80e8ccf477b072a209015053b0c60,sol,VISIBLE,1520,574,32,32,1536.0,590.0,full_frame,held on right wing
e329af24e6d3cb964d0c13f242022fd014848a80b8f3520e58043cc1a5499c33,sol,VISIBLE,800,549,32,35,816.0,566.5,full_frame,dribble in transition
e41bb119e114bf78918f3cd1a8ca667863aefd43004433cae825dac9fcc6b95e,sol,VISIBLE,946,102,38,40,965.0,122.0,full_frame,ball in flight
e493c139554c6fbb0bdd3167cbf9e20997ed294623685148d9b8c8e909a98256,sol,ABSENT,,,,,,,full_frame,bracket graphic no ball
e4caac15f2e6498345fe61b224b86311048dbc57e60091e89050b5b9b0e2e8e5,sol,VISIBLE,292,544,27,28,305.5,558.0,full_frame,held by left ballhandler
e59a47671c939a2fac174ef719417bf6603a0515a5980131ce2f9a28ec535f9c,sol,UNKNOWN,,,,,,,full_frame,possible ball blends with crowd
e5dcbded9303a3623904dd10c2462c9c7a81cf22f3a1c22c0a040a7b0f3769df,sol,VISIBLE,779,649,36,36,797.0,667.0,full_frame,dribble near lane
e63b757119f90ef92d62d3e26be70a56cd29455802a7d66f0a91474e3ec988f5,sol,ABSENT,,,,,,,full_frame,officials closeup no ball
e77c98c41e982028acfbee8a02b3c6b73e37a8154fde2c7a9ac52342845a39d1,sol,VISIBLE,604,596,38,36,623.0,614.0,full_frame,held by free throw shooter
e7f0423fca786cb8825073fc441c3ee49f8b86cdd8e1423ee75932c0a497fa13,sol,VISIBLE,822,524,53,56,848.5,552.0,full_frame,partly occluded at waist
e892aa96b996be147b3c28800f4a39f5c123d4a280ba876b818e8ea3b534af32,sol,ABSENT,,,,,,,full_frame,bracket graphic no ball
e98caae801b3c5363f6ef62b5e0a2526db9a4834982fa8e5f94b8ae5e0d236d7,sol,ABSENT,,,,,,,full_frame,empty court crop
e99a19ae2822107ad333278c4a9286f6c5cef3d824129e5c7a6f924948dcebd6,sol,UNKNOWN,,,,,,,full_frame,ball unclear near rim
e9eabd2541fcdefc0ab625ef0f0684c41f4c52b01243f8a0d7df71b4908d695b,sol,VISIBLE,445,416,50,52,470.0,442.0,full_frame,held by blue player
ea1a9b8f27998cffe018e77122ad4e9be4e4238ef3423ef63f254e67dc8b9eb2,sol,VISIBLE,1128,315,30,28,1143.0,329.0,full_frame,dribble on right wing
ea46299deb27b2369d4113cf64f95cbff386bc2c13ce0c2757353875378cc690,sol,VISIBLE,1106,160,66,73,1139.0,196.5,full_frame,ball below rim
ea5ff4d2d591eda627f24149dd17f61bf78cbb5634a20d2a657f0a685f4c532e,sol,UNKNOWN,,,,,,,full_frame,ball obscured in traffic
eade03ac7867c3c33ee60773ba5155d74a60ffb060ac928a173ae41a67cf7ece,sol,ABSENT,,,,,,,full_frame,no ball visible
eb0c3ef370b0124b42cf8b44ec3ec707ad4c60d62ca9caa2996d609ec804edf4,sol,ABSENT,,,,,,,full_frame,player closeup no ball
eb263ece4b97b5e0cc72dc93962931240e59e3508497cea948e91866f35bd5c9,sol,ABSENT,,,,,,,full_frame,no ball visible
eb6b8cc6fbcfea2ce6b10db854ed04484a46f5281d26543d5036aaae9e4a6fe0,sol,VISIBLE,436,764,38,36,455.0,782.0,full_frame,dribble near sideline
eba8b20097ac423fe722baa43ed023fa26256dc0c944e994cab17df62f5d2996,sol,ABSENT,,,,,,,full_frame,player closeup no ball
ec8f4b20825fd19e6f235cc5beb472b0656ee2a8f46663df376f8c82a431f2fa,sol,VISIBLE,1418,411,47,47,1441.5,434.5,full_frame,held for free throw
ecf4275b3c010e06e7218df4501ffd5efabe8058b41d0d8d5fb8b26dbeee050c,sol,VISIBLE,650,402,31,32,665.5,418.0,full_frame,dribble near left wing
ecf9cbb894200e6beb3502243719ab7bc8896d49b7eaf55be75340cd187588f0,sol,VISIBLE,639,420,36,38,657.0,439.0,full_frame,ball in air near baseline
ed1d4865f8ba843a149925acc265a5323dfbb0f972b84a4de7c6ca3572cb048d,sol,ABSENT,,,,,,,full_frame,crowd shot only
ed28f554ab708533808caf2354a45ac6f2173c1c030504be0bb9045575a49ed4,sol,ABSENT,,,,,,,full_frame,no game ball visible
ef826f16df2b6357674340f2e44f7abff82a3ed2e66b63e3caba7da12d8c8619,sol,VISIBLE,1647,515,35,37,1664.5,533.5,full_frame,ball at dribblers hand
efb29f910a9cff50380d3504e314d1f7a24f3dc11dfefa739b6f412ab62a048b,sol,ABSENT,,,,,,,full_frame,no game ball visible
f031544fe2de2ff3ef9b6330d031be2c3c4fc9a3e8947b0b99a7c7ff879fd74b,sol,ABSENT,,,,,,,full_frame,postgame interview shot
f05683bc5d661ebe3e179c73285f0446af72609c9f660861192641852c7b2501,sol,ABSENT,,,,,,,full_frame,bench closeup without ball
f0a88241b612d84cad54d4a4f0b1a327b09a5b8509ff65d9230f0c73d240149a,sol,UNKNOWN,,,,,,,full_frame,ball location too unclear
f15eea082d9087696a77a038cdba315e594418c37be00ff93c794c1dc0fdcf49,sol,UNKNOWN,,,,,,,full_frame,motion blur obscures ball
f1e97ab7c9ec288bb6b072c4df1edb61742b406222fb05a94964ea65438d744e,sol,ABSENT,,,,,,,full_frame,graphic trophy ball only
f2a5561bc90cb20363c504dae2e5376455b0511b1e3e4950bdeb4e43209b9d7e,sol,ABSENT,,,,,,,full_frame,player closeup without ball
f2cd23e2f7e83a1f7cfd2236881fbdc807ebbd1f1b6a39dec93d492a648b321f,sol,ABSENT,,,,,,,full_frame,team entrance without ball
f2f19e07e189ad0f8f4e8aae40dbe47995d9fa9ab437d49f521d47cd084a602e,sol,VISIBLE,1002,183,47,46,1025.5,206.0,full_frame,ball above raised hands
f39e98b6c40929376130fb6c59f3a4725854b2b998806444da915e89067ec003,sol,VISIBLE,991,493,25,31,1003.5,508.5,full_frame,ball beside driving player
f45aa38f9fe625ae43a4ed6c84c0a8389d9291e58fb24a1502151adce2c67903,sol,VISIBLE,793,157,161,150,873.5,232.0,full_frame,airborne ball closeup
f4b8c2436cf9bcb5f988bcc06f60178dfadd942e7896cf4c275ca4c417a5cb80,sol,VISIBLE,584,446,32,33,600.0,462.5,full_frame,ball held near baseline
f4e7ec7502c52b548ebc5d5aa9fe2c2b4226818b9d25d740f9d5b5b1c73ced29,sol,UNKNOWN,,,,,,,full_frame,ball obscured in player cluster
f6662f51ce33d0bb3e8cc75389a6670031fe63bcececa776a0d3b37b5ab58915,sol,VISIBLE,987,95,30,28,1002.0,109.0,full_frame,ball airborne above backboard
f6a57a2f49a5a904c53d71db9c6b65eb3b269845d42dcfc9d6f539c1f423af2f,sol,VISIBLE,924,320,23,23,935.5,331.5,full_frame,ball carried in transition
f6b7b482d31991497f6e82d2931293e0ffdc4561b493cdaba2a82b3416ed9fe7,sol,VISIBLE,630,479,100,101,680.0,529.5,full_frame,blurred ball in foreground
f712f1fe0a07c7c6ed44cea23ad08f08e34fb8267635e8ad65f195e7c89d76fe,sol,VISIBLE,876,546,29,31,890.5,561.5,full_frame,ball held in lane
f73ab9fb5392ced40810fe1c5c9a88a4933913c8bb16d1bb2e1d9bd6138fd2c9,sol,VISIBLE,812,115,43,41,833.5,135.5,full_frame,airborne ball above basket
f794bd5e5c3b3649a02de993e70e906d5831ecfc7c274141f39c747b2362d28b,sol,ABSENT,,,,,,,full_frame,player closeup without ball
f79866f6cbfc5d7d4eb1e95248ca83154af4c2ffe30f1c7ac5e7ef39e23772e6,sol,ABSENT,,,,,,,full_frame,postgame celebration without ball
f7caaf20c7bc2e27edd7b09badcc371c0584da8aabb3788fbf21ccf0d2ec10bb,sol,VISIBLE,852,568,140,113,922.0,624.5,full_frame,ball directly above rim
f87b8ea1887d1d2393139e48fe6079d80206809a4184acec725feafb4ddba02e,sol,VISIBLE,1347,415,28,28,1361.0,429.0,full_frame,ball held on right wing
f8cc97332574436f9d2e61c7c913ad802093f92659647527ee6051c922870843,sol,ABSENT,,,,,,,full_frame,crowd closeup without ball
f8eba18fcbc7a3c282eb65fe4e824a0fd9d29032395f51e97983835b263b9cfc,sol,VISIBLE,1582,785,49,57,1606.5,813.5,full_frame,ball beside dribblers leg
f8f985b5dbdef19f9d7fc80281e9d73711619c6e39d9c18287802fedd3c3d7f8,sol,VISIBLE,1447,831,53,61,1473.5,861.5,full_frame,ball at drivers hip
f958412f80f63c213ce19ce17818d4791d715de664c047063ef49324765bbb7c,sol,ABSENT,,,,,,,full_frame,player closeup without ball
f9c1fede1ee59d968304eee763c8e81be6880954e482ff3c86c906dea581873e,sol,UNKNOWN,,,,,,,full_frame,ball hidden among left players
fa8442662e1b3f5605f6fcffdc2884fbf949421d7723fa5c5a0b336363b15dd9,sol,ABSENT,,,,,,,full_frame,timeout huddle without ball
fa9045515642ab61ede69c8bcb5f4f94c1157413872d46a4fefb60a43e064b8d,sol,ABSENT,,,,,,,full_frame,player closeup without ball
fae0913ddf1349a477772f7c922a3a4eea0a7a58a22a2c1e9e1032b20458ed75,sol,ABSENT,,,,,,,full_frame,team introductions without ball
fb1c9981c68b9cacf290c0c4129e387d8e37c685ba9a3107282c8732edc8cd67,sol,ABSENT,,,,,,,full_frame,blurred player closeup without ball
fb8993f79ed1da944090a4c404d2f728c9df8070bd0c328f3c03533de062075f,sol,ABSENT,,,,,,,full_frame,ball outside visible frame
fbab927f6fb232243c9f25eae02f5fc480fcc16db19abc39489dfd592cfefcc6,sol,VISIBLE,617,388,45,48,639.5,412.0,full_frame,ball above free throw shooter
fbca26cc64e7402ac67b807e4b6a3fc9de12ee7ce1ab4d05c234ed890b83144b,sol,ABSENT,,,,,,,full_frame,postgame interview without ball
fc12e97c2520e53ad321f09e2b3b643f3e1231725432085751c8bf3bf6f3a94a,sol,ABSENT,,,,,,,full_frame,only spare rack balls visible
fc15514f48cbaac7d7b5f45e5ceaf3471b278c095588fc801023090b7cf2a886,sol,ABSENT,,,,,,,full_frame,interview shot without ball
fc41f81dfdfc0cee5e43ccab2e27f0730d04fabdb1d074ce506035eb0c00b316,sol,VISIBLE,1365,365,29,29,1379.5,379.5,full_frame,ball passed on right wing
fc5592b5ab59e777914ea0f67e6a28df2fd5a70e49cdc1b1f8383cefcab51591,sol,ABSENT,,,,,,,full_frame,bench reaction without ball
fd1b5c3bc6b5ec0ec6e89b9dd17588f9327c023dba91fbdc38c25e6d0fa2ce40,sol,ABSENT,,,,,,,full_frame,no ball visible
fd1e14933d09bc67898cd04e571d4f2d40697a8fe37c1a63bd1fedf71f525be3,sol,ABSENT,,,,,,,full_frame,no ball visible after whistle
fd2878a8cfe7b14d5d852deb17b2cb01ea6d1c6d4d391f7e7240ae7ef8bf8c55,sol,UNKNOWN,,,,,,,full_frame,ball obscured by players
fd393e6eede989e53a3af1f6f93c78969f4d33de6b8538de69caa26b82072912,sol,ABSENT,,,,,,,full_frame,broadcast graphic only
fdae9452f4bc08115aacaadc81678ba2cd53976e10a90d2c150b4935d59d204b,sol,ABSENT,,,,,,,full_frame,no ball visible
fdc1eaced833b830b1e940a5df8eef1290b95098af43a3069d2aa61daa48c380,sol,ABSENT,,,,,,,full_frame,commentators on screen
fdfa02eec605709d6f190ac0f44f3aae3009c3e9a498587e98db0d51514d1c61,sol,VISIBLE,1234,513,43,43,1255.5,534.5,full_frame,ball in dribblers hand
fe22e0d21948082bf65a2c94a391c21230a8b1bee5ef7467f8e1b2f9cbb0c8eb,sol,VISIBLE,950,515,82,76,991.0,553.0,full_frame,ball held at torso
fe469757cfaa2715ded2260b727f2cb386695566d00ba29c0dc4914ebaaa3a2e,sol,VISIBLE,395,397,24,24,407.0,409.0,full_frame,ball near baseline players
fe808f69aa95c93be4486da4a083d3c9e570db620a77649773d65e99cc98cd97,sol,VISIBLE,515,573,36,39,533.0,592.5,full_frame,ball between defenders
feb719b2bc4d24c35ef301fd1542e1074cd15e83f7de35a88a9b979dfd1a49af,sol,VISIBLE,1183,533,91,94,1228.5,580.0,full_frame,ball held while running
fef7b03666a07c8cbb7b8586cb3f765192442c0cb946acafb9b83a20782263fe,sol,ABSENT,,,,,,,full_frame,celebration crowd shot
ff596204ed431eb5d9d91978d85438437ee21803c4648a45ed6cdf32cbe33bcf,sol,ABSENT,,,,,,,full_frame,team lineup no ball
ff5cebf3f3a08d5a9d3ca665f49c1cbbb5f71b08ad598874d789030f908e0897,sol,VISIBLE,1236,568,34,34,1253.0,585.0,full_frame,ball beneath basket
ff64f4f343ee91f1a4246df34297a52d88aa71293bb5a1415745470482412936,sol,VISIBLE,811,672,40,40,831.0,692.0,full_frame,ball on dribble
ffa2f7f2ccfaaeb4067e8542284fec7428999e806dabae33586b28a705165e54,sol,VISIBLE,1579,583,84,85,1621.0,625.5,full_frame,ball held at chest
ffb962725a4f59d63efa33b2b26da1183e6948629493d19c4a7ca1dc4dcc3285,sol,VISIBLE,1222,616,51,48,1247.5,640.0,full_frame,referee holding game ball
ffd026648ce2097d744fb53db6bf70ffdfe6a14cd7cab41df4105f38fa895007,sol,VISIBLE,214,637,24,25,226.0,649.5,full_frame,ball at left wing
fffa2b9b9eb719a7839e6220cf85f1d4c305e590992c6f350cc502f17fcce15a,sol,VISIBLE,1603,388,31,27,1618.5,401.5,full_frame,inbounder holding ball
8c130e05cc8810ed199800be2e577a7bd828e8a76db35c046d24709e268d5e4c,ADJUDICATOR,VISIBLE,281,318,38,38,300.0,337.0,adjudication,airborne near left sideline
8d05fd68cf824e449765befb924755ea9ea18396798e99a3cce63802f0d2ae2a,ADJUDICATOR,VISIBLE,1603,558,58,58,1632.0,587.0,adjudication,held by official dead ball
8d7d15365b5c1058bf6c4ac6e716b6d77c9faf241880c530435a64665b94fe0b,ADJUDICATOR,VISIBLE,1454,772,36,36,1472.0,790.0,adjudication,dribbled in right corner
46502ecc1535e1fbd37190885c8e165e53a7fdb574fc3878bf6b2a688eedfd98,ADJUDICATOR,VISIBLE,336,436,38,38,355.0,455.0,adjudication,held by guard on left wing
5b140d01ac36b802a9ca62cfb5c9ae0bd0dcb47d5b787589bdf9b95a066bb855,ADJUDICATOR,UNKNOWN,,,,,,,adjudication,ball not identifiable in transition
65adde36966d995e329146bbc5046f3621d977fd931080352bd324dd3f1e68dd,ADJUDICATOR,VISIBLE,1234,314,36,36,1252.0,332.0,adjudication,held near baseline dead ball
8c2b4ca650afc183c4b868bc71420f45ecc7369c494cd776edcf624da6efc99a,ADJUDICATOR,VISIBLE,1180,445,45,32,1202.5,461.0,adjudication,motion blurred in transition
bfadff084452d1fd8087015d5c93d693a1e974995ba084b77f3cdf37a0e2fdfd,ADJUDICATOR,VISIBLE,873,340,34,34,890.0,357.0,adjudication,dribbled at top of key
139b5e762e0905a971a75a59bf0811b9a551726d69b23d7215ea4ae1bcf67ef3,ADJUDICATOR,UNKNOWN,,,,,,,adjudication,ball obscured in rebound scrum
57bd610284b1c9c46b2d17e88d08f98056d3081a9aa81ad30bfa3405d76c7f01,ADJUDICATOR,VISIBLE,1474,668,38,38,1493.0,687.0,adjudication,held by guard on right wing
485667db795cdc3a7da389229dedf385a70d4af26a18c5d3c301f39cb5041707,ADJUDICATOR,VISIBLE,692,317,48,48,716.0,341.0,adjudication,at the rim on a free throw
473ef42aba1992e379cb19efb3aa16eafc727384443a48398759a68f254e9655,ADJUDICATOR,UNKNOWN,,,,,,,adjudication,two candidate balls cannot resolve live one
4889322a19c9dbb01025e76af2badefd9422b9ac96ff0f4edb75b9b08e2ec741,ADJUDICATOR,VISIBLE,1596,567,34,34,1613.0,584.0,adjudication,dribbled by guard on right
004dfb194535143b158e2d9be51ecd2b418db9e245983615f657b3c29116dbe5,ADJUDICATOR,VISIBLE,1157,208,30,30,1172.0,223.0,adjudication,airborne above the far backboard
008404a9932fe4be71fd414f2e8300b1ceb25933d574df5871d543f77ed9fbd7,ADJUDICATOR,VISIBLE,577,301,42,42,598.0,322.0,adjudication,held overhead by wing player
0225e903ba5721cfcac4503d77dd80f9427c51cc85af60863d645082c096aa20,ADJUDICATOR,VISIBLE,460,603,90,90,505.0,648.0,adjudication,gathered by ball handler close shot
0331961bb5b734f2d7e21ddb6534673df7341d0af5b0b08c055469ae2dfd717c,ADJUDICATOR,UNKNOWN,,,,,,,adjudication,no ball identifiable in transition
03999f5df54bbb47f710b05e8c4ef537de410d02c8c6499128369f07b026638b,ADJUDICATOR,VISIBLE,1171,146,34,34,1188.0,163.0,adjudication,shot in flight above the rim
03ee5d6d130bb5946c06523eb1c6822921ab7cbaf95b7639ecba0d92f2e52883,ADJUDICATOR,VISIBLE,1059,365,32,32,1075.0,381.0,adjudication,pass in flight over the paint
04256d900e0462c0fb412259b2c1fd7917c094982fe15a25621afbdd2943a3e9,ADJUDICATOR,VISIBLE,462,7,76,76,500.0,45.0,adjudication,held by driver at top frame border
045553dfb1de2c282684e1c985df80d891f5d6f34772d9afcd9db9ba4c66df63,ADJUDICATOR,VISIBLE,1064,573,34,34,1081.0,590.0,adjudication,dribbled at the arc
045ee6fe119e5f8aa36b58c6b799d08ce140b1f7f60ce2d953646ab39cc575a6,ADJUDICATOR,ABSENT,,,,,,,adjudication,close up of player back no ball in frame
04b79af9c7050671e61e2636905384593795b962280400a76400c4b0e5d9dd22,ADJUDICATOR,UNKNOWN,,,,,,,adjudication,ball obscured in rebound scramble
04c33a2ba3c86c408e325c463d68da8e8d46b843b3136257e3370800df9fadda,ADJUDICATOR,VISIBLE,1015,448,40,40,1035.0,468.0,adjudication,driver gathering at the rim
04d4f5b039d4413dac9a5b9193b26e334babe8a081cbe58c7e69924980e328b5,ADJUDICATOR,VISIBLE,1104,524,44,44,1126.0,546.0,adjudication,held by official at the arc
04f4187da49b6aba15e9ab2840638a6905f024842e96149a2bc29128a8e8f14c,ADJUDICATOR,ABSENT,,,,,,,adjudication,sideline celebration no game ball in frame
0678b8bdbcee81549712edcab7773594ab55b8211d3a77232bf66af50547918f,ADJUDICATOR,VISIBLE,1362,577,36,36,1380.0,595.0,adjudication,held by inbounder on the right
06c4cb648f746f28764ce2da5fbb3b4771e8077b33dc966e688005751d63439a,ADJUDICATOR,UNKNOWN,,,,,,,adjudication,overhead rim cam ball not resolvable
078b67d10e8d352cb836eb095e4d3b7e8962cafb312eebb9fa57b34a0d97cdb6,ADJUDICATOR,VISIBLE,880,193,40,40,900.0,213.0,adjudication,at the rim on a finish
08abef457742414120ef6577b3ddccbb024013343422ad7bfde41ee23a4cf313,ADJUDICATOR,VISIBLE,1143,228,34,34,1160.0,245.0,adjudication,at the rim in overtime
0c356d7f019485fa69da38bf2f6ec2c4cabd0c0b602431d2e080ceecb4a8f8d2,ADJUDICATOR,VISIBLE,425,643,36,36,443.0,661.0,adjudication,dribbled low in the backcourt
0cb724109b5c09e5d0df6cf0ecde27e2291ce3115a5214464ca08f1dcf5451a7,ADJUDICATOR,VISIBLE,1198,371,30,30,1213.0,386.0,adjudication,held by inbounder on the baseline
0cd289ec6c7ac638897bb971594b0a9b66843838e58f207c10b8de92e1f25d58,ADJUDICATOR,VISIBLE,874,581,32,32,890.0,597.0,adjudication,motion blurred at the ball handler hand
