S,0,1708,DETECTION,src/tracking/advanced_tracker.py:_activate_slot,1708_305_-15_1029_261
S,1,1708,DETECTION,src/tracking/advanced_tracker.py:_activate_slot,1708_403_1405_1029_1656
S,2,1708,DETECTION,src/tracking/advanced_tracker.py:_activate_slot,1708_363_170_1032_440
S,3,1708,DETECTION,src/tracking/advanced_tracker.py:_activate_slot,1708_396_1231_1030_1462
S,4,1708,DETECTION,src/tracking/advanced_tracker.py:_activate_slot,1708_394_1611_1027_1899
D,0,1708
S,1,1708,PREDICTION,src/tracking/advanced_tracker.py:id_merge,
D,1,1708
S,2,1708,PREDICTION,src/tracking/advanced_tracker.py:id_merge,
D,2,1708
S,3,1708,PREDICTION,src/tracking/advanced_tracker.py:id_merge,
D,3,1708
S,4,1708,PREDICTION,src/tracking/advanced_tracker.py:id_merge,
L,4,1708,PREDICTION,src/tracking/advanced_tracker.py:id_merge,
R,PREDICTION,PREDICTION,1
A,1708
S,0,1711,DETECTION,src/tracking/advanced_tracker.py:_activate_slot,1711_306_-15_1030_250
S,1,1711,DETECTION,src/tracking/advanced_tracker.py:_activate_slot,1711_399_1405_1029_1656
S,2,1711,DETECTION,src/tracking/advanced_tracker.py:_activate_slot,1711_381_171_1035_435
S,4,1711,DETECTION,src/tracking/advanced_tracker.py:_activate_slot,1711_192_1435_844_1705
S,5,1711,DETECTION,src/tracking/advanced_tracker.py:_activate_slot,1711_399_1233_1030_1467
S,6,1711,DETECTION,src/tracking/advanced_tracker.py:_activate_slot,1711_438_1033_1030_1278
S,7,1711,DETECTION,src/tracking/advanced_tracker.py:_activate_slot,1711_400_1608_1026_1896
S,8,1711,DETECTION,src/tracking/advanced_tracker.py:_activate_slot,1711_256_813_1029_1086
S,9,1711,DETECTION,src/tracking/advanced_tracker.py:_activate_slot,1711_431_634_1035_853
S,3,1711,PREDICTION,src/tracking/advanced_tracker.py:flow_gapfill_batched,
D,0,1711
S,1,1711,PREDICTION,src/tracking/advanced_tracker.py:id_merge,
D,1,1711
S,2,1711,PREDICTION,src/tracking/advanced_tracker.py:id_merge,
D,3,1711
S,2,1711,PREDICTION,src/tracking/advanced_tracker.py:id_merge,
D,2,1711
S,4,1711,PREDICTION,src/tracking/advanced_tracker.py:id_merge,
D,5,1711
S,6,1711,PREDICTION,src/tracking/advanced_tracker.py:id_merge,
D,6,1711
S,7,1711,PREDICTION,src/tracking/advanced_tracker.py:id_merge,
D,7,1711
S,8,1711,PREDICTION,src/tracking/advanced_tracker.py:id_merge,
D,8,1711
S,9,1711,PREDICTION,src/tracking/advanced_tracker.py:id_merge,
L,4,1711,PREDICTION,src/tracking/advanced_tracker.py:id_merge,
R,PREDICTION,PREDICTION,1
L,9,1711,PREDICTION,src/tracking/advanced_tracker.py:id_merge,
R,PREDICTION,PREDICTION,1
A,1711
S,0,1714,DETECTION,src/tracking/advanced_tracker.py:_activate_slot,1714_203_-15_514_255
S,1,1714,DETECTION,src/tracking/advanced_tracker.py:_activate_slot,1714_396_1412_1030_1665
S,2,1714,DETECTION,src/tracking/advanced_tracker.py:_activate_slot,1714_378_163_1035_438
S,3,1714,DETECTION,src/tracking/advanced_tracker.py:_activate_slot,1714_21_-11_367_251
S,4,1714,DETECTION,src/tracking/advanced_tracker.py:_activate_slot,1714_149_1238_585_1488
S,5,1714,DETECTION,src/tracking/advanced_tracker.py:_activate_slot,1714_407_1242_1031_1468
S,6,1714,DETECTION,src/tracking/advanced_tracker.py:_activate_slot,1714_439_1038_1030_1305
S,7,1714,DETECTION,src/tracking/advanced_tracker.py:_activate_slot,1714_304_-15_1033_244
S,8,1714,DETECTION,src/tracking/advanced_tracker.py:_activate_slot,1714_170_825_1028_1095
S,9,1714,DETECTION,src/tracking/advanced_tracker.py:_activate_slot,1714_439_639_1032_872
D,0,1714
S,1,1714,PREDICTION,src/tracking/advanced_tracker.py:id_merge,
D,1,1714
S,2,1714,PREDICTION,src/tracking/advanced_tracker.py:id_merge,
D,2,1714
S,3,1714,PREDICTION,src/tracking/advanced_tracker.py:id_merge,
D,3,1714
S,4,1714,PREDICTION,src/tracking/advanced_tracker.py:id_merge,
D,5,1714
S,6,1714,PREDICTION,src/tracking/advanced_tracker.py:id_merge,
D,6,1714
S,7,1714,PREDICTION,src/tracking/advanced_tracker.py:id_merge,
D,7,1714
S,8,1714,PREDICTION,src/tracking/advanced_tracker.py:id_merge,
D,8,1714
S,9,1714,PREDICTION,src/tracking/advanced_tracker.py:id_merge,
L,4,1714,PREDICTION,src/tracking/advanced_tracker.py:id_merge,
R,PREDICTION,PREDICTION,1
L,9,1714,PREDICTION,src/tracking/advanced_tracker.py:id_merge,
R,PREDICTION,PREDICTION,1
A,1714
S,0,1717,DETECTION,src/tracking/advanced_tracker.py:_activate_slot,1717_193_1458_630_1725
S,1,1717,DETECTION,src/tracking/advanced_tracker.py:_activate_slot,1717_397_1414_1030_1663
S,4,1717,DETECTION,src/tracking/advanced_tracker.py:_activate_slot,1717_51_981_390_1225
S,5,1717,DETECTION,src/tracking/advanced_tracker.py:_activate_slot,1717_154_1241_572_1496
S,6,1717,DETECTION,src/tracking/advanced_tracker.py:_activate_slot,1717_441_1041_1030_1293
S,7,1717,DETECTION,src/tracking/advanced_tracker.py:_activate_slot,1717_142_825_1027_1099
S,8,1717,DETECTION,src/tracking/advanced_tracker.py:_activate_slot,1717_57_210_534_450
S,9,1717,DETECTION,src/tracking/advanced_tracker.py:_activate_slot,1717_187_670_595_883
S,2,1717,PREDICTION,src/tracking/advanced_tracker.py:flow_gapfill_batched,
S,3,1717,PREDICTION,src/tracking/advanced_tracker.py:flow_gapfill_batched,
D,0,1717
S,1,1717,PREDICTION,src/tracking/advanced_tracker.py:id_merge,
D,2,1717
S,1,1717,PREDICTION,src/tracking/advanced_tracker.py:id_merge,
D,3,1717
S,1,1717,PREDICTION,src/tracking/advanced_tracker.py:id_merge,
D,1,1717
S,4,1717,PREDICTION,src/tracking/advanced_tracker.py:id_merge,
D,5,1717
S,6,1717,PREDICTION,src/tracking/advanced_tracker.py:id_merge,
D,6,1717
S,7,1717,PREDICTION,src/tracking/advanced_tracker.py:id_merge,
D,7,1717
S,9,1717,PREDICTION,src/tracking/advanced_tracker.py:id_merge,
L,4,1717,PREDICTION,src/tracking/advanced_tracker.py:id_merge,
R,PREDICTION,PREDICTION,1
L,8,1717,DETECTION,src/tracking/advanced_tracker.py:_activate_slot,1717_57_210_534_450
R,DETECTION,DETECTION,1
L,9,1717,PREDICTION,src/tracking/advanced_tracker.py:id_merge,
R,PREDICTION,PREDICTION,1
A,1717
S,2,1720,DETECTION,src/tracking/advanced_tracker.py:_activate_slot,1720_186_1462_856_1723
S,3,1720,DETECTION,src/tracking/advanced_tracker.py:_activate_slot,1720_445_641_1030_858
S,4,1720,DETECTION,src/tracking/advanced_tracker.py:_activate_slot,1720_51_985_590_1246
S,5,1720,DETECTION,src/tracking/advanced_tracker.py:_activate_slot,1720_154_1240_575_1495
S,6,1720,DETECTION,src/tracking/advanced_tracker.py:_activate_slot,1720_442_1042_1029_1380
S,7,1720,DETECTION,src/tracking/advanced_tracker.py:_activate_slot,1720_396_1420_1029_1669
S,8,1720,DETECTION,src/tracking/advanced_tracker.py:_activate_slot,1720_20_-14_423_236
S,9,1720,DETECTION,src/tracking/advanced_tracker.py:_activate_slot,1720_185_667_602_918
S,0,1720,PREDICTION,src/tracking/advanced_tracker.py:flow_gapfill_batched,
S,1,1720,PREDICTION,src/tracking/advanced_tracker.py:flow_gapfill_batched,
D,0,1720
S,1,1720,PREDICTION,src/tracking/advanced_tracker.py:id_merge,
D,1,1720
S,2,1720,PREDICTION,src/tracking/advanced_tracker.py:id_merge,
D,2,1720
S,3,1720,PREDICTION,src/tracking/advanced_tracker.py:id_merge,
D,3,1720
S,4,1720,PREDICTION,src/tracking/advanced_tracker.py:id_merge,
D,5,1720
S,6,1720,PREDICTION,src/tracking/advanced_tracker.py:id_merge,
D,6,1720
S,7,1720,PREDICTION,src/tracking/advanced_tracker.py:id_merge,
D,7,1720
S,8,1720,PREDICTION,src/tracking/advanced_tracker.py:id_merge,
L,4,1720,PREDICTION,src/tracking/advanced_tracker.py:id_merge,
R,PREDICTION,PREDICTION,1
L,8,1720,PREDICTION,src/tracking/advanced_tracker.py:id_merge,
R,PREDICTION,PREDICTION,1
L,9,1720,DETECTION,src/tracking/advanced_tracker.py:_activate_slot,1720_185_667_602_918
R,DETECTION,DETECTION,1
A,1720
S,3,1723,DETECTION,src/tracking/advanced_tracker.py:_activate_slot,1723_438_645_1029_876
S,4,1723,DETECTION,src/tracking/advanced_tracker.py:_activate_slot,1723_52_810_330_968
S,5,1723,DETECTION,src/tracking/advanced_tracker.py:_activate_slot,1723_406_1246_1031_1479
S,6,1723,DETECTION,src/tracking/advanced_tracker.py:_activate_slot,1723_440_1045_1028_1309
S,7,1723,DETECTION,src/tracking/advanced_tracker.py:_activate_slot,1723_399_1420_1030_1675
S,8,1723,DETECTION,src/tracking/advanced_tracker.py:_activate_slot,1723_17_-15_455_235
S,9,1723,DETECTION,src/tracking/advanced_tracker.py:_activate_slot,1723_145_826_1027_1095
S,0,1723,PREDICTION,src/tracking/advanced_tracker.py:flow_gapfill_batched,
S,1,1723,PREDICTION,src/tracking/advanced_tracker.py:flow_gapfill_batched,
S,2,1723,PREDICTION,src/tracking/advanced_tracker.py:flow_gapfill_batched,
D,0,1723
S,1,1723,PREDICTION,src/tracking/advanced_tracker.py:id_merge,
D,1,1723
S,2,1723,PREDICTION,src/tracking/advanced_tracker.py:id_merge,
D,2,1723
S,3,1723,PREDICTION,src/tracking/advanced_tracker.py:id_merge,
D,3,1723
S,4,1723,PREDICTION,src/tracking/advanced_tracker.py:id_merge,
D,5,1723
S,6,1723,PREDICTION,src/tracking/advanced_tracker.py:id_merge,
D,6,1723
S,7,1723,PREDICTION,src/tracking/advanced_tracker.py:id_merge,
D,7,1723
S,8,1723,PREDICTION,src/tracking/advanced_tracker.py:id_merge,
D,8,1723
S,9,1723,PREDICTION,src/tracking/advanced_tracker.py:id_merge,
L,4,1723,PREDICTION,src/tracking/advanced_tracker.py:id_merge,
R,PREDICTION,PREDICTION,1
L,9,1723,PREDICTION,src/tracking/advanced_tracker.py:id_merge,
R,PREDICTION,PREDICTION,1
A,1723
S,0,1726,DETECTION,src/tracking/advanced_tracker.py:_activate_slot,1726_186_80_514_285
S,1,1726,DETECTION,src/tracking/advanced_tracker.py:_activate_slot,1726_393_1420_1030_1681
S,3,1726,DETECTION,src/tracking/advanced_tracker.py:_activate_slot,1726_57_437_367_668
S,5,1726,DETECTION,src/tracking/advanced_tracker.py:_activate_slot,1726_400_1249_1030_1477
S,6,1726,DETECTION,src/tracking/advanced_tracker.py:_activate_slot,1726_439_1048_1030_1303
S,7,1726,DETECTION,src/tracking/advanced_tracker.py:_activate_slot,1726_390_1644_1026_1926
S,8,1726,DETECTION,src/tracking/advanced_tracker.py:_activate_slot,1726_15_-15_455_233
S,9,1726,DETECTION,src/tracking/advanced_tracker.py:_activate_slot,1726_138_821_1028_1110
S,4,1726,PREDICTION,src/tracking/advanced_tracker.py:kalman_homography,
D,0,1726
S,1,1726,PREDICTION,src/tracking/advanced_tracker.py:id_merge,
D,4,1726
S,1,1726,PREDICTION,src/tracking/advanced_tracker.py:id_merge,
D,5,1726
S,6,1726,PREDICTION,src/tracking/advanced_tracker.py:id_merge,
D,6,1726
S,7,1726,PREDICTION,src/tracking/advanced_tracker.py:id_merge,
D,7,1726
S,8,1726,PREDICTION,src/tracking/advanced_tracker.py:id_merge,
D,8,1726
S,9,1726,PREDICTION,src/tracking/advanced_tracker.py:id_merge,
L,1,1726,PREDICTION,src/tracking/advanced_tracker.py:id_merge,
R,PREDICTION,PREDICTION,1
L,3,1726,DETECTION,src/tracking/advanced_tracker.py:_activate_slot,1726_57_437_367_668
R,DETECTION,DETECTION,1
L,9,1726,PREDICTION,src/tracking/advanced_tracker.py:id_merge,
R,PREDICTION,PREDICTION,1
A,1726
S,2,1729,DETECTION,src/tracking/advanced_tracker.py:_activate_slot,1729_369_164_1032_453
S,3,1729,DETECTION,src/tracking/advanced_tracker.py:_activate_slot,1729_55_441_360_681
S,5,1729,DETECTION,src/tracking/advanced_tracker.py:_activate_slot,1729_404_1253_1029_1487
S,6,1729,DETECTION,src/tracking/advanced_tracker.py:_activate_slot,1729_432_643_1026_861
S,7,1729,DETECTION,src/tracking/advanced_tracker.py:_activate_slot,1729_391_1645_1027_1933
S,8,1729,DETECTION,src/tracking/advanced_tracker.py:_activate_slot,1729_13_-15_454_232
S,9,1729,DETECTION,src/tracking/advanced_tracker.py:_activate_slot,1729_154_823_1027_1098
S,0,1729,PREDICTION,src/tracking/advanced_tracker.py:kalman_homography,
S,4,1729,PREDICTION,src/tracking/advanced_tracker.py:kalman_homography,
S,1,1729,PREDICTION,src/tracking/advanced_tracker.py:flow_gapfill_batched,
D,0,1729
S,1,1729,PREDICTION,src/tracking/advanced_tracker.py:id_merge,
D,1,1729
S,2,1729,PREDICTION,src/tracking/advanced_tracker.py:id_merge,
D,4,1729
S,3,1729,PREDICTION,src/tracking/advanced_tracker.py:id_merge,
D,5,1729
S,6,1729,PREDICTION,src/tracking/advanced_tracker.py:id_merge,
D,6,1729
S,7,1729,PREDICTION,src/tracking/advanced_tracker.py:id_merge,
D,7,1729
S,8,1729,PREDICTION,src/tracking/advanced_tracker.py:id_merge,
D,8,1729
S,9,1729,PREDICTION,src/tracking/advanced_tracker.py:id_merge,
L,2,1729,PREDICTION,src/tracking/advanced_tracker.py:id_merge,
R,PREDICTION,PREDICTION,1
L,3,1729,PREDICTION,src/tracking/advanced_tracker.py:id_merge,
R,PREDICTION,PREDICTION,1
L,9,1729,PREDICTION,src/tracking/advanced_tracker.py:id_merge,
R,PREDICTION,PREDICTION,1
A,1729
S,0,1732,DETECTION,src/tracking/advanced_tracker.py:_activate_slot,1732_150_49_503_272
S,2,1732,DETECTION,src/tracking/advanced_tracker.py:_activate_slot,1732_418_646_1024_879
S,3,1732,DETECTION,src/tracking/advanced_tracker.py:_activate_slot,1732_435_1050_1030_1305
S,5,1732,DETECTION,src/tracking/advanced_tracker.py:_activate_slot,1732_399_1251_1031_1485
S,6,1732,DETECTION,src/tracking/advanced_tracker.py:_activate_slot,1732_347_405_1029_656
S,7,1732,DETECTION,src/tracking/advanced_tracker.py:_activate_slot,1732_391_1657_1029_1933
S,8,1732,DETECTION,src/tracking/advanced_tracker.py:_activate_slot,1732_186_1482_841_1749
S,9,1732,DETECTION,src/tracking/advanced_tracker.py:_activate_slot,1732_396_828_1029_1093
S,4,1732,PREDICTION,src/tracking/advanced_tracker.py:kalman_homography,
S,1,1732,PREDICTION,src/tracking/advanced_tracker.py:flow_gapfill_batched,
D,1,1732
S,0,1732,PREDICTION,src/tracking/advanced_tracker.py:id_merge,
D,0,1732
S,3,1732,PREDICTION,src/tracking/advanced_tracker.py:id_merge,
D,2,1732
S,3,1732,PREDICTION,src/tracking/advanced_tracker.py:id_merge,
D,5,1732
S,7,1732,PREDICTION,src/tracking/advanced_tracker.py:id_merge,
D,7,1732
S,8,1732,PREDICTION,src/tracking/advanced_tracker.py:id_merge,
D,8,1732
S,9,1732,PREDICTION,src/tracking/advanced_tracker.py:id_merge,
L,3,1732,PREDICTION,src/tracking/advanced_tracker.py:id_merge,
R,CLAMP,CLAMP,0
L,4,1732,PREDICTION,src/tracking/advanced_tracker.py:kalman_homography,
R,CLAMP,CLAMP,0
L,6,1732,DETECTION,src/tracking/advanced_tracker.py:_activate_slot,1732_347_405_1029_656
R,DETECTION,DETECTION,1
L,9,1732,PREDICTION,src/tracking/advanced_tracker.py:id_merge,
R,PREDICTION,SUBPIXEL,0
A,1732
S,1,1735,DETECTION,src/tracking/advanced_tracker.py:_activate_slot,1735_397_1434_1030_1692
S,3,1735,DETECTION,src/tracking/advanced_tracker.py:_activate_slot,1735_400_1252_1032_1486
S,5,1735,DETECTION,src/tracking/advanced_tracker.py:_activate_slot,1735_419_645_1024_883
S,6,1735,DETECTION,src/tracking/advanced_tracker.py:_activate_slot,1735_345_148_1031_453
S,7,1735,DETECTION,src/tracking/advanced_tracker.py:_activate_slot,1735_388_1659_1028_1935
S,8,1735,DETECTION,src/tracking/advanced_tracker.py:_activate_slot,1735_186_1482_883_1758
S,9,1735,DETECTION,src/tracking/advanced_tracker.py:_activate_slot,1735_136_822_1026_1108
S,4,1735,PREDICTION,src/tracking/advanced_tracker.py:kalman_homography,
S,0,1735,PREDICTION,src/tracking/advanced_tracker.py:flow_gapfill_batched,
S,2,1735,PREDICTION,src/tracking/advanced_tracker.py:flow_gapfill_batched,
D,0,1735
S,1,1735,PREDICTION,src/tracking/advanced_tracker.py:id_merge,
D,2,1735
S,1,1735,PREDICTION,src/tracking/advanced_tracker.py:id_merge,
D,1,1735
S,3,1735,PREDICTION,src/tracking/advanced_tracker.py:id_merge,
D,5,1735
S,7,1735,PREDICTION,src/tracking/advanced_tracker.py:id_merge,
D,6,1735
S,7,1735,PREDICTION,src/tracking/advanced_tracker.py:id_merge,
D,7,1735
S,8,1735,PREDICTION,src/tracking/advanced_tracker.py:id_merge,
D,8,1735
S,9,1735,PREDICTION,src/tracking/advanced_tracker.py:id_merge,
L,3,1735,PREDICTION,src/tracking/advanced_tracker.py:id_merge,
R,CLAMP,CLAMP,0
L,4,1735,PREDICTION,src/tracking/advanced_tracker.py:kalman_homography,
R,PREDICTION,PREDICTION,1
L,9,1735,PREDICTION,src/tracking/advanced_tracker.py:id_merge,
R,PREDICTION,PREDICTION,1
A,1735
S,0,1738,DETECTION,src/tracking/advanced_tracker.py:_activate_slot,1738_30_1002_623_1248
S,2,1738,DETECTION,src/tracking/advanced_tracker.py:_activate_slot,1738_41_193_527_493
S,3,1738,DETECTION,src/tracking/advanced_tracker.py:_activate_slot,1738_390_1441_1029_1699
S,4,1738,DETECTION,src/tracking/advanced_tracker.py:_activate_slot,1738_400_1257_1032_1494
S,5,1738,DETECTION,src/tracking/advanced_tracker.py:_activate_slot,1738_423_639_1025_860
S,6,1738,DETECTION,src/tracking/advanced_tracker.py:_activate_slot,1738_286_-15_1032_220
S,7,1738,DETECTION,src/tracking/advanced_tracker.py:_activate_slot,1738_386_1665_1028_1935
S,8,1738,DETECTION,src/tracking/advanced_tracker.py:_activate_slot,1738_181_1485_867_1758
S,9,1738,DETECTION,src/tracking/advanced_tracker.py:_activate_slot,1738_376_819_1029_1086
S,1,1738,PREDICTION,src/tracking/advanced_tracker.py:flow_gapfill_batched,
D,1,1738
S,0,1738,PREDICTION,src/tracking/advanced_tracker.py:id_merge,
D,0,1738
S,3,1738,PREDICTION,src/tracking/advanced_tracker.py:id_merge,
D,3,1738
S,4,1738,PREDICTION,src/tracking/advanced_tracker.py:id_merge,
D,5,1738
S,6,1738,PREDICTION,src/tracking/advanced_tracker.py:id_merge,
D,6,1738
S,7,1738,PREDICTION,src/tracking/advanced_tracker.py:id_merge,
D,7,1738
S,8,1738,PREDICTION,src/tracking/advanced_tracker.py:id_merge,
D,8,1738
S,9,1738,PREDICTION,src/tracking/advanced_tracker.py:id_merge,
L,2,1738,DETECTION,src/tracking/advanced_tracker.py:_activate_slot,1738_41_193_527_493
R,DETECTION,DETECTION,1
L,4,1738,PREDICTION,src/tracking/advanced_tracker.py:id_merge,
R,PREDICTION,PREDICTION,1
L,9,1738,PREDICTION,src/tracking/advanced_tracker.py:id_merge,
R,PREDICTION,PREDICTION,1
A,1738
S,2,1741,DETECTION,src/tracking/advanced_tracker.py:_activate_slot,1741_344_137_1029_441
S,5,1741,DETECTION,src/tracking/advanced_tracker.py:_activate_slot,1741_343_404_1027_641
S,6,1741,DETECTION,src/tracking/advanced_tracker.py:_activate_slot,1741_130_1223_604_1527
S,7,1741,DETECTION,src/tracking/advanced_tracker.py:_activate_slot,1741_388_1671_1029_1935
S,8,1741,DETECTION,src/tracking/advanced_tracker.py:_activate_slot,1741_182_1489_828_1756
S,9,1741,DETECTION,src/tracking/advanced_tracker.py:_activate_slot,1741_381_825_1029_1088
S,0,1741,PREDICTION,src/tracking/advanced_tracker.py:kalman_homography,
S,1,1741,PREDICTION,src/tracking/advanced_tracker.py:flow_gapfill_batched,
S,3,1741,PREDICTION,src/tracking/advanced_tracker.py:flow_gapfill_batched,
S,4,1741,PREDICTION,src/tracking/advanced_tracker.py:flow_gapfill_batched,
D,1,1741
S,0,1741,PREDICTION,src/tracking/advanced_tracker.py:id_merge,
D,0,1741
S,2,1741,PREDICTION,src/tracking/advanced_tracker.py:id_merge,
D,3,1741
S,2,1741,PREDICTION,src/tracking/advanced_tracker.py:id_merge,
D,4,1741
S,2,1741,PREDICTION,src/tracking/advanced_tracker.py:id_merge,
D,6,1741
S,7,1741,PREDICTION,src/tracking/advanced_tracker.py:id_merge,
D,7,1741
S,8,1741,PREDICTION,src/tracking/advanced_tracker.py:id_merge,
D,8,1741
S,9,1741,PREDICTION,src/tracking/advanced_tracker.py:id_merge,
L,2,1741,PREDICTION,src/tracking/advanced_tracker.py:id_merge,
R,PREDICTION,PREDICTION,1
L,5,1741,DETECTION,src/tracking/advanced_tracker.py:_activate_slot,1741_343_404_1027_641
R,DETECTION,DETECTION,1
L,9,1741,PREDICTION,src/tracking/advanced_tracker.py:id_merge,
R,PREDICTION,SUBPIXEL,0
A,1741
S,3,1744,DETECTION,src/tracking/advanced_tracker.py:_activate_slot,1744_423_642_1026_871
S,4,1744,DETECTION,src/tracking/advanced_tracker.py:_activate_slot,1744_36_442_379_711
S,0,1744,DETECTION,src/tracking/advanced_tracker.py:_activate_slot,1744_180_1482_548_1764
S,5,1744,DETECTION,src/tracking/advanced_tracker.py:_activate_slot,1744_339_141_1029_442
S,6,1744,DETECTION,src/tracking/advanced_tracker.py:_activate_slot,1744_130_1262_585_1524
S,7,1744,DETECTION,src/tracking/advanced_tracker.py:_activate_slot,1744_181_1488_865_1764
S,8,1744,DETECTION,src/tracking/advanced_tracker.py:_activate_slot,1744_178_1737_814_1935
S,9,1744,DETECTION,src/tracking/advanced_tracker.py:_activate_slot,1744_129_824_1027_1100
S,2,1744,PREDICTION,src/tracking/advanced_tracker.py:kalman_homography,
S,1,1744,PREDICTION,src/tracking/advanced_tracker.py:flow_gapfill_batched,
D,1,1744
S,0,1744,PREDICTION,src/tracking/advanced_tracker.py:id_merge,
D,2,1744
S,0,1744,PREDICTION,src/tracking/advanced_tracker.py:id_merge,
D,0,1744
S,3,1744,PREDICTION,src/tracking/advanced_tracker.py:id_merge,
D,5,1744
S,6,1744,PREDICTION,src/tracking/advanced_tracker.py:id_merge,
D,6,1744
S,7,1744,PREDICTION,src/tracking/advanced_tracker.py:id_merge,
D,7,1744
S,8,1744,PREDICTION,src/tracking/advanced_tracker.py:id_merge,
D,8,1744
S,9,1744,PREDICTION,src/tracking/advanced_tracker.py:id_merge,
L,3,1744,PREDICTION,src/tracking/advanced_tracker.py:id_merge,
R,CLAMP,CLAMP,0
L,4,1744,DETECTION,src/tracking/advanced_tracker.py:_activate_slot,1744_36_442_379_711
R,CLAMP,CLAMP,0
L,9,1744,PREDICTION,src/tracking/advanced_tracker.py:id_merge,
R,PREDICTION,SUBPIXEL,0
A,1744
S,0,1747,DETECTION,src/tracking/advanced_tracker.py:_activate_slot,1747_178_1487_639_1764
S,2,1747,DETECTION,src/tracking/advanced_tracker.py:_activate_slot,1747_114_828_1029_1096
S,3,1747,DETECTION,src/tracking/advanced_tracker.py:_activate_slot,1747_390_1445_1031_1710
S,4,1747,DETECTION,src/tracking/advanced_tracker.py:_activate_slot,1747_127_1292_625_1532
S,5,1747,DETECTION,src/tracking/advanced_tracker.py:_activate_slot,1747_285_-15_1029_211
S,6,1747,DETECTION,src/tracking/advanced_tracker.py:_activate_slot,1747_169_1746_549_1935
S,7,1747,DETECTION,src/tracking/advanced_tracker.py:_activate_slot,1747_180_1489_840_1765
S,8,1747,DETECTION,src/tracking/advanced_tracker.py:_activate_slot,1747_387_1689_1032_1935
S,9,1747,DETECTION,src/tracking/advanced_tracker.py:_activate_slot,1747_369_822_1027_1092
S,1,1747,PREDICTION,src/tracking/advanced_tracker.py:flow_gapfill_batched,
D,1,1747
S,0,1747,PREDICTION,src/tracking/advanced_tracker.py:id_merge,
D,0,1747
S,2,1747,PREDICTION,src/tracking/advanced_tracker.py:id_merge,
D,2,1747
S,3,1747,PREDICTION,src/tracking/advanced_tracker.py:id_merge,
D,3,1747
S,4,1747,PREDICTION,src/tracking/advanced_tracker.py:id_merge,
D,5,1747
S,6,1747,PREDICTION,src/tracking/advanced_tracker.py:id_merge,
D,6,1747
S,7,1747,PREDICTION,src/tracking/advanced_tracker.py:id_merge,
D,7,1747
S,8,1747,PREDICTION,src/tracking/advanced_tracker.py:id_merge,
D,8,1747
S,9,1747,PREDICTION,src/tracking/advanced_tracker.py:id_merge,
L,4,1747,PREDICTION,src/tracking/advanced_tracker.py:id_merge,
R,PREDICTION,PREDICTION,1
L,9,1747,PREDICTION,src/tracking/advanced_tracker.py:id_merge,
R,PREDICTION,SUBPIXEL,0
A,1747
S,0,1750,DETECTION,src/tracking/advanced_tracker.py:_activate_slot,1750_215_-7_933_317
S,5,1750,DETECTION,src/tracking/advanced_tracker.py:_activate_slot,1750_248_1232_866_1455
S,6,1750,DETECTION,src/tracking/advanced_tracker.py:_activate_slot,1750_283_1004_866_1220
S,7,1750,DETECTION,src/tracking/advanced_tracker.py:_activate_slot,1750_165_1246_924_1870
S,8,1750,DETECTION,src/tracking/advanced_tracker.py:_activate_slot,1750_188_1594_913_1909
S,9,1750,DETECTION,src/tracking/advanced_tracker.py:_activate_slot,1750_249_790_876_1030
S,2,1750,PREDICTION,src/tracking/advanced_tracker.py:kalman_homography,
S,4,1750,PREDICTION,src/tracking/advanced_tracker.py:kalman_homography,
D,2,1750
S,0,1750,PREDICTION,src/tracking/advanced_tracker.py:id_merge,
D,4,1750
S,0,1750,PREDICTION,src/tracking/advanced_tracker.py:id_merge,
D,5,1750
S,6,1750,PREDICTION,src/tracking/advanced_tracker.py:id_merge,
D,6,1750
S,7,1750,PREDICTION,src/tracking/advanced_tracker.py:id_merge,
D,7,1750
S,8,1750,PREDICTION,src/tracking/advanced_tracker.py:id_merge,
D,8,1750
S,9,1750,PREDICTION,src/tracking/advanced_tracker.py:id_merge,
L,0,1750,PREDICTION,src/tracking/advanced_tracker.py:id_merge,
R,PREDICTION,PREDICTION,1
L,9,1750,PREDICTION,src/tracking/advanced_tracker.py:id_merge,
R,PREDICTION,PREDICTION,1
A,1750
S,0,1753,DETECTION,src/tracking/advanced_tracker.py:_activate_slot,1753_206_-15_932_299
S,1,1753,DETECTION,src/tracking/advanced_tracker.py:_activate_slot,1753_247_774_879_1002
S,2,1753,DETECTION,src/tracking/advanced_tracker.py:_activate_slot,1753_276_984_867_1197
S,3,1753,DETECTION,src/tracking/advanced_tracker.py:_activate_slot,1753_206_1551_926_1899
S,4,1753,DETECTION,src/tracking/advanced_tracker.py:_activate_slot,1753_277_299_927_532
S,5,1753,DETECTION,src/tracking/advanced_tracker.py:_activate_slot,1753_240_1218_871_1449
S,6,1753,DETECTION,src/tracking/advanced_tracker.py:_activate_slot,1753_167_1255_889_1602
S,7,1753,DETECTION,src/tracking/advanced_tracker.py:_activate_slot,1753_162_1260_918_1737
S,8,1753,PREDICTION,src/tracking/advanced_tracker.py:kalman_homography,
S,9,1753,PREDICTION,src/tracking/advanced_tracker.py:kalman_homography,
D,0,1753
S,1,1753,PREDICTION,src/tracking/advanced_tracker.py:id_merge,
D,1,1753
S,2,1753,PREDICTION,src/tracking/advanced_tracker.py:id_merge,
D,2,1753
S,3,1753,PREDICTION,src/tracking/advanced_tracker.py:id_merge,
D,5,1753
S,6,1753,PREDICTION,src/tracking/advanced_tracker.py:id_merge,
D,6,1753
S,7,1753,PREDICTION,src/tracking/advanced_tracker.py:id_merge,
D,8,1753
S,7,1753,PREDICTION,src/tracking/advanced_tracker.py:id_merge,
D,9,1753
S,7,1753,PREDICTION,src/tracking/advanced_tracker.py:id_merge,
L,3,1753,PREDICTION,src/tracking/advanced_tracker.py:id_merge,
R,CLAMP,CLAMP,0
L,4,1753,DETECTION,src/tracking/advanced_tracker.py:_activate_slot,1753_277_299_927_532
R,DETECTION,DETECTION,1
L,7,1753,PREDICTION,src/tracking/advanced_tracker.py:id_merge,
R,PREDICTION,PREDICTION,1
A,1753
S,0,1756,DETECTION,src/tracking/advanced_tracker.py:_activate_slot,1756_198_-15_938_270
S,1,1756,DETECTION,src/tracking/advanced_tracker.py:_activate_slot,1756_241_735_888_981
S,2,1756,DETECTION,src/tracking/advanced_tracker.py:_activate_slot,1756_279_966_862_1177
S,3,1756,DETECTION,src/tracking/advanced_tracker.py:_activate_slot,1756_207_1490_909_1851
S,4,1756,CLAMP,src/tracking/advanced_tracker.py:_activate_slot,1756_158_263_982_741
S,7,1756,DETECTION,src/tracking/advanced_tracker.py:_activate_slot,1756_168_1139_857_1463
S,5,1756,PREDICTION,src/tracking/advanced_tracker.py:kalman_homography,
S,6,1756,PREDICTION,src/tracking/advanced_tracker.py:kalman_homography,
S,8,1756,PREDICTION,src/tracking/advanced_tracker.py:kalman_homography,
S,9,1756,PREDICTION,src/tracking/advanced_tracker.py:kalman_homography,
D,0,1756
S,1,1756,PREDICTION,src/tracking/advanced_tracker.py:id_merge,
D,1,1756
S,2,1756,PREDICTION,src/tracking/advanced_tracker.py:id_merge,
D,2,1756
S,3,1756,PREDICTION,src/tracking/advanced_tracker.py:id_merge,
D,5,1756
S,6,1756,PREDICTION,src/tracking/advanced_tracker.py:id_merge,
D,6,1756
S,7,1756,PREDICTION,src/tracking/advanced_tracker.py:id_merge,
D,8,1756
S,7,1756,PREDICTION,src/tracking/advanced_tracker.py:id_merge,
D,9,1756
S,7,1756,PREDICTION,src/tracking/advanced_tracker.py:id_merge,
L,3,1756,PREDICTION,src/tracking/advanced_tracker.py:id_merge,
R,CLAMP,CLAMP,0
L,4,1756,CLAMP,src/tracking/advanced_tracker.py:_activate_slot,1756_158_263_982_741
R,CLAMP,CLAMP,0
L,7,1756,PREDICTION,src/tracking/advanced_tracker.py:id_merge,
R,PREDICTION,PREDICTION,1
A,1756
S,0,1759,DETECTION,src/tracking/advanced_tracker.py:_activate_slot,1759_210_1466_905_1821
S,1,1759,DETECTION,src/tracking/advanced_tracker.py:_activate_slot,1759_240_721_886_961
S,2,1759,DETECTION,src/tracking/advanced_tracker.py:_activate_slot,1759_276_945_861_1155
S,3,1759,DETECTION,src/tracking/advanced_tracker.py:_activate_slot,1759_169_1066_916_1456
S,4,1759,DETECTION,src/tracking/advanced_tracker.py:_activate_slot,1759_138_206_990_574
S,6,1759,PREDICTION,src/tracking/advanced_tracker.py:kalman_homography,
S,7,1759,PREDICTION,src/tracking/advanced_tracker.py:kalman_homography,
S,8,1759,PREDICTION,src/tracking/advanced_tracker.py:kalman_homography,
S,9,1759,PREDICTION,src/tracking/advanced_tracker.py:kalman_homography,
S,5,1759,PREDICTION,src/tracking/advanced_tracker.py:flow_gapfill_batched,
D,0,1759
S,1,1759,PREDICTION,src/tracking/advanced_tracker.py:id_merge,
D,1,1759
S,2,1759,PREDICTION,src/tracking/advanced_tracker.py:id_merge,
D,2,1759
S,3,1759,PREDICTION,src/tracking/advanced_tracker.py:id_merge,
D,5,1759
S,6,1759,PREDICTION,src/tracking/advanced_tracker.py:id_merge,
D,6,1759
S,7,1759,PREDICTION,src/tracking/advanced_tracker.py:id_merge,
D,8,1759
S,7,1759,PREDICTION,src/tracking/advanced_tracker.py:id_merge,
D,9,1759
S,7,1759,PREDICTION,src/tracking/advanced_tracker.py:id_merge,
L,3,1759,PREDICTION,src/tracking/advanced_tracker.py:id_merge,
R,CLAMP,CLAMP,0
L,4,1759,DETECTION,src/tracking/advanced_tracker.py:_activate_slot,1759_138_206_990_574
R,DETECTION,DETECTION,1
L,7,1759,PREDICTION,src/tracking/advanced_tracker.py:id_merge,
R,PREDICTION,PREDICTION,1
A,1759
S,0,1762,DETECTION,src/tracking/advanced_tracker.py:_activate_slot,1762_191_1427_897_1764
S,1,1762,DETECTION,src/tracking/advanced_tracker.py:_activate_slot,1762_234_700_894_943
S,2,1762,DETECTION,src/tracking/advanced_tracker.py:_activate_slot,1762_222_993_909_1422
S,3,1762,DETECTION,src/tracking/advanced_tracker.py:_activate_slot,1762_240_1174_905_1423
S,4,1762,DETECTION,src/tracking/advanced_tracker.py:_activate_slot,1762_102_65_922_379
S,10,1762,DETECTION,src/tracking/advanced_tracker.py:_activate_slot,1762_303_1393_477_1486
S,6,1762,PREDICTION,src/tracking/advanced_tracker.py:kalman_homography,
S,7,1762,PREDICTION,src/tracking/advanced_tracker.py:kalman_homography,
S,8,1762,PREDICTION,src/tracking/advanced_tracker.py:kalman_homography,
S,9,1762,PREDICTION,src/tracking/advanced_tracker.py:kalman_homography,
S,5,1762,PREDICTION,src/tracking/advanced_tracker.py:flow_gapfill_batched,
D,0,1762
S,1,1762,PREDICTION,src/tracking/advanced_tracker.py:id_merge,
D,1,1762
S,2,1762,PREDICTION,src/tracking/advanced_tracker.py:id_merge,
D,2,1762
S,3,1762,PREDICTION,src/tracking/advanced_tracker.py:id_merge,
D,3,1762
S,4,1762,PREDICTION,src/tracking/advanced_tracker.py:id_merge,
D,5,1762
S,6,1762,PREDICTION,src/tracking/advanced_tracker.py:id_merge,
D,6,1762
S,7,1762,PREDICTION,src/tracking/advanced_tracker.py:id_merge,
D,8,1762
S,7,1762,PREDICTION,src/tracking/advanced_tracker.py:id_merge,
D,9,1762
S,7,1762,PREDICTION,src/tracking/advanced_tracker.py:id_merge,
L,4,1762,PREDICTION,src/tracking/advanced_tracker.py:id_merge,
R,PREDICTION,PREDICTION,1
L,7,1762,PREDICTION,src/tracking/advanced_tracker.py:id_merge,
R,PREDICTION,PREDICTION,1
A,1762
S,0,1765,DETECTION,src/tracking/advanced_tracker.py:_activate_slot,1765_211_1376_897_1707
S,1,1765,DETECTION,src/tracking/advanced_tracker.py:_activate_slot,1765_229_692_892_935
S,2,1765,DETECTION,src/tracking/advanced_tracker.py:_activate_slot,1765_177_907_929_1330
S,3,1765,DETECTION,src/tracking/advanced_tracker.py:_activate_slot,1765_251_1147_812_1353
S,4,1765,DETECTION,src/tracking/advanced_tracker.py:_activate_slot,1765_96_-15_1012_301
S,6,1765,PREDICTION,src/tracking/advanced_tracker.py:kalman_homography,
S,7,1765,PREDICTION,src/tracking/advanced_tracker.py:kalman_homography,
S,8,1765,PREDICTION,src/tracking/advanced_tracker.py:kalman_homography,
S,9,1765,PREDICTION,src/tracking/advanced_tracker.py:kalman_homography,
S,10,1765,PREDICTION,src/tracking/advanced_tracker.py:kalman_homography,
S,5,1765,PREDICTION,src/tracking/advanced_tracker.py:flow_gapfill_batched,
D,0,1765
S,1,1765,PREDICTION,src/tracking/advanced_tracker.py:id_merge,
D,1,1765
S,2,1765,PREDICTION,src/tracking/advanced_tracker.py:id_merge,
D,2,1765
S,3,1765,PREDICTION,src/tracking/advanced_tracker.py:id_merge,
D,3,1765
S,4,1765,PREDICTION,src/tracking/advanced_tracker.py:id_merge,
D,5,1765
S,6,1765,PREDICTION,src/tracking/advanced_tracker.py:id_merge,
D,6,1765
S,7,1765,PREDICTION,src/tracking/advanced_tracker.py:id_merge,
D,8,1765
S,7,1765,PREDICTION,src/tracking/advanced_tracker.py:id_merge,
D,9,1765
S,7,1765,PREDICTION,src/tracking/advanced_tracker.py:id_merge,
L,4,1765,PREDICTION,src/tracking/advanced_tracker.py:id_merge,
R,PREDICTION,PREDICTION,1
L,7,1765,PREDICTION,src/tracking/advanced_tracker.py:id_merge,
R,PREDICTION,PREDICTION,1
A,1765
S,0,1768,DETECTION,src/tracking/advanced_tracker.py:_activate_slot,1768_209_1365_903_1653
S,1,1768,DETECTION,src/tracking/advanced_tracker.py:_activate_slot,1768_224_676_889_919
S,2,1768,DETECTION,src/tracking/advanced_tracker.py:_activate_slot,1768_166_814_927_1186
S,3,1768,DETECTION,src/tracking/advanced_tracker.py:_activate_slot,1768_250_1135_855_1345
S,4,1768,DETECTION,src/tracking/advanced_tracker.py:_activate_slot,1768_150_-15_1011_271
S,9,1768,DETECTION,src/tracking/advanced_tracker.py:_activate_slot,1768_376_1615_547_1762
S,7,1768,PREDICTION,src/tracking/advanced_tracker.py:kalman_homography,
S,8,1768,PREDICTION,src/tracking/advanced_tracker.py:kalman_homography,
S,10,1768,PREDICTION,src/tracking/advanced_tracker.py:kalman_homography,
S,5,1768,PREDICTION,src/tracking/advanced_tracker.py:flow_gapfill_batched,
D,0,1768
S,1,1768,PREDICTION,src/tracking/advanced_tracker.py:id_merge,
D,1,1768
S,2,1768,PREDICTION,src/tracking/advanced_tracker.py:id_merge,
D,2,1768
S,3,1768,PREDICTION,src/tracking/advanced_tracker.py:id_merge,
D,3,1768
S,4,1768,PREDICTION,src/tracking/advanced_tracker.py:id_merge,
D,5,1768
S,7,1768,PREDICTION,src/tracking/advanced_tracker.py:id_merge,
D,8,1768
S,7,1768,PREDICTION,src/tracking/advanced_tracker.py:id_merge,
D,7,1768
S,9,1768,PREDICTION,src/tracking/advanced_tracker.py:id_merge,
L,4,1768,PREDICTION,src/tracking/advanced_tracker.py:id_merge,
R,PREDICTION,PREDICTION,1
L,9,1768,PREDICTION,src/tracking/advanced_tracker.py:id_merge,
R,PREDICTION,PREDICTION,1
A,1768
S,0,1771,DETECTION,src/tracking/advanced_tracker.py:_activate_slot,1771_208_1350_909_1612
S,1,1771,DETECTION,src/tracking/advanced_tracker.py:_activate_slot,1771_207_662_891_912
S,2,1771,DETECTION,src/tracking/advanced_tracker.py:_activate_slot,1771_160_814_919_1110
S,3,1771,DETECTION,src/tracking/advanced_tracker.py:_activate_slot,1771_249_168_934_429
S,4,1771,DETECTION,src/tracking/advanced_tracker.py:_activate_slot,1771_160_-15_1006_232
S,7,1771,DETECTION,src/tracking/advanced_tracker.py:_activate_slot,1771_243_1130_849_1335
S,8,1771,PREDICTION,src/tracking/advanced_tracker.py:kalman_homography,
S,9,1771,PREDICTION,src/tracking/advanced_tracker.py:kalman_homography,
S,10,1771,PREDICTION,src/tracking/advanced_tracker.py:kalman_homography,
S,5,1771,PREDICTION,src/tracking/advanced_tracker.py:flow_gapfill_batched,
S,6,1771,PREDICTION,src/tracking/advanced_tracker.py:flow_gapfill_batched,
D,0,1771
S,1,1771,PREDICTION,src/tracking/advanced_tracker.py:id_merge,
D,1,1771
S,2,1771,PREDICTION,src/tracking/advanced_tracker.py:id_merge,
D,2,1771
S,4,1771,PREDICTION,src/tracking/advanced_tracker.py:id_merge,
D,3,1771
S,4,1771,PREDICTION,src/tracking/advanced_tracker.py:id_merge,
D,5,1771
S,6,1771,PREDICTION,src/tracking/advanced_tracker.py:id_merge,
D,6,1771
S,7,1771,PREDICTION,src/tracking/advanced_tracker.py:id_merge,
D,8,1771
S,7,1771,PREDICTION,src/tracking/advanced_tracker.py:id_merge,
D,9,1771
S,7,1771,PREDICTION,src/tracking/advanced_tracker.py:id_merge,
L,4,1771,PREDICTION,src/tracking/advanced_tracker.py:id_merge,
R,PREDICTION,PREDICTION,1
L,7,1771,PREDICTION,src/tracking/advanced_tracker.py:id_merge,
R,PREDICTION,PREDICTION,1
A,1771
S,0,1774,DETECTION,src/tracking/advanced_tracker.py:_activate_slot,1774_202_1318_910_1564
S,1,1774,DETECTION,src/tracking/advanced_tracker.py:_activate_slot,1774_240_1126_849_1327
S,2,1774,DETECTION,src/tracking/advanced_tracker.py:_activate_slot,1774_160_660_930_1053
S,3,1774,DETECTION,src/tracking/advanced_tracker.py:_activate_slot,1774_237_139_948_413
S,4,1774,DETECTION,src/tracking/advanced_tracker.py:_activate_slot,1774_163_-15_957_113
S,9,1774,DETECTION,src/tracking/advanced_tracker.py:_activate_slot,1774_370_1600_549_1744
S,7,1774,PREDICTION,src/tracking/advanced_tracker.py:kalman_homography,
S,10,1774,PREDICTION,src/tracking/advanced_tracker.py:kalman_homography,
S,5,1774,PREDICTION,src/tracking/advanced_tracker.py:flow_gapfill_batched,
D,0,1774
S,1,1774,PREDICTION,src/tracking/advanced_tracker.py:id_merge,
D,1,1774
S,2,1774,PREDICTION,src/tracking/advanced_tracker.py:id_merge,
D,2,1774
S,4,1774,PREDICTION,src/tracking/advanced_tracker.py:id_merge,
D,3,1774
S,4,1774,PREDICTION,src/tracking/advanced_tracker.py:id_merge,
D,5,1774
S,7,1774,PREDICTION,src/tracking/advanced_tracker.py:id_merge,
D,7,1774
S,9,1774,PREDICTION,src/tracking/advanced_tracker.py:id_merge,
L,4,1774,PREDICTION,src/tracking/advanced_tracker.py:id_merge,
R,PREDICTION,PREDICTION,1
L,9,1774,PREDICTION,src/tracking/advanced_tracker.py:id_merge,
R,PREDICTION,PREDICTION,1
A,1774
S,0,1777,DETECTION,src/tracking/advanced_tracker.py:_activate_slot,1777_229_381_898_633
S,1,1777,DETECTION,src/tracking/advanced_tracker.py:_activate_slot,1777_238_1123_849_1321
S,2,1777,DETECTION,src/tracking/advanced_tracker.py:_activate_slot,1777_182_558_954_1045
S,3,1777,DETECTION,src/tracking/advanced_tracker.py:_activate_slot,1777_232_124_948_401
S,4,1777,DETECTION,src/tracking/advanced_tracker.py:_activate_slot,1777_252_868_833_1090
S,6,1777,DETECTION,src/tracking/advanced_tracker.py:_activate_slot,1777_200_1264_904_1555
S,7,1777,DETECTION,src/tracking/advanced_tracker.py:_activate_slot,1777_182_-15_951_85
S,8,1777,DETECTION,src/tracking/advanced_tracker.py:_activate_slot,1777_454_1063_565_1156
S,9,1777,DETECTION,src/tracking/advanced_tracker.py:_activate_slot,1777_368_1590_551_1734
S,10,1777,PREDICTION,src/tracking/advanced_tracker.py:kalman_homography,
S,5,1777,PREDICTION,src/tracking/advanced_tracker.py:flow_gapfill_batched,
D,1,1777
S,2,1777,PREDICTION,src/tracking/advanced_tracker.py:id_merge,
D,2,1777
S,4,1777,PREDICTION,src/tracking/advanced_tracker.py:id_merge,
D,3,1777
S,4,1777,PREDICTION,src/tracking/advanced_tracker.py:id_merge,
D,5,1777
S,6,1777,PREDICTION,src/tracking/advanced_tracker.py:id_merge,
D,6,1777
S,7,1777,PREDICTION,src/tracking/advanced_tracker.py:id_merge,
D,7,1777
S,8,1777,PREDICTION,src/tracking/advanced_tracker.py:id_merge,
D,8,1777
S,9,1777,PREDICTION,src/tracking/advanced_tracker.py:id_merge,
L,0,1777,DETECTION,src/tracking/advanced_tracker.py:_activate_slot,1777_229_381_898_633
R,CLAMP,CLAMP,0
L,4,1777,PREDICTION,src/tracking/advanced_tracker.py:id_merge,
R,PREDICTION,PREDICTION,1
L,9,1777,PREDICTION,src/tracking/advanced_tracker.py:id_merge,
R,PREDICTION,SUBPIXEL,0
A,1777
S,0,1780,DETECTION,src/tracking/advanced_tracker.py:_activate_slot,1780_360_1572_546_1710
S,1,1780,DETECTION,src/tracking/advanced_tracker.py:_activate_slot,1780_186_1237_903_1539
S,2,1780,DETECTION,src/tracking/advanced_tracker.py:_activate_slot,1780_160_453_982_939
S,3,1780,DETECTION,src/tracking/advanced_tracker.py:_activate_slot,1780_222_81_963_364
S,4,1780,DETECTION,src/tracking/advanced_tracker.py:_activate_slot,1780_244_850_837_1075
S,7,1780,DETECTION,src/tracking/advanced_tracker.py:_activate_slot,1780_229_1107_847_1306
S,6,1780,PREDICTION,src/tracking/advanced_tracker.py:kalman_homography,
S,8,1780,PREDICTION,src/tracking/advanced_tracker.py:kalman_homography,
S,9,1780,PREDICTION,src/tracking/advanced_tracker.py:kalman_homography,
S,10,1780,PREDICTION,src/tracking/advanced_tracker.py:kalman_homography,
D,0,1780
S,1,1780,PREDICTION,src/tracking/advanced_tracker.py:id_merge,
D,1,1780
S,2,1780,PREDICTION,src/tracking/advanced_tracker.py:id_merge,
D,2,1780
S,4,1780,PREDICTION,src/tracking/advanced_tracker.py:id_merge,
D,3,1780
S,4,1780,PREDICTION,src/tracking/advanced_tracker.py:id_merge,
D,6,1780
S,7,1780,PREDICTION,src/tracking/advanced_tracker.py:id_merge,
D,8,1780
S,7,1780,PREDICTION,src/tracking/advanced_tracker.py:id_merge,
D,9,1780
S,7,1780,PREDICTION,src/tracking/advanced_tracker.py:id_merge,
L,4,1780,PREDICTION,src/tracking/advanced_tracker.py:id_merge,
R,PREDICTION,PREDICTION,1
L,7,1780,PREDICTION,src/tracking/advanced_tracker.py:id_merge,
R,PREDICTION,PREDICTION,1
A,1780
S,0,1783,DETECTION,src/tracking/advanced_tracker.py:_activate_slot,1783_188_1219_897_1531
S,1,1783,DETECTION,src/tracking/advanced_tracker.py:_activate_slot,1783_243_841_840_1065
S,2,1783,DETECTION,src/tracking/advanced_tracker.py:_activate_slot,1783_97_343_979_792
S,3,1783,DETECTION,src/tracking/advanced_tracker.py:_activate_slot,1783_218_67_973_343
S,4,1783,DETECTION,src/tracking/advanced_tracker.py:_activate_slot,1783_194_613_873_868
S,7,1783,DETECTION,src/tracking/advanced_tracker.py:_activate_slot,1783_228_1098_846_1296
S,6,1783,PREDICTION,src/tracking/advanced_tracker.py:kalman_homography,
S,8,1783,PREDICTION,src/tracking/advanced_tracker.py:kalman_homography,
S,9,1783,PREDICTION,src/tracking/advanced_tracker.py:kalman_homography,
S,10,1783,PREDICTION,src/tracking/advanced_tracker.py:kalman_homography,
D,0,1783
S,1,1783,PREDICTION,src/tracking/advanced_tracker.py:id_merge,
D,1,1783
S,2,1783,PREDICTION,src/tracking/advanced_tracker.py:id_merge,
D,2,1783
S,4,1783,PREDICTION,src/tracking/advanced_tracker.py:id_merge,
D,6,1783
S,7,1783,PREDICTION,src/tracking/advanced_tracker.py:id_merge,
D,8,1783
S,7,1783,PREDICTION,src/tracking/advanced_tracker.py:id_merge,
D,9,1783
S,7,1783,PREDICTION,src/tracking/advanced_tracker.py:id_merge,
L,3,1783,DETECTION,src/tracking/advanced_tracker.py:_activate_slot,1783_218_67_973_343
R,CLAMP,CLAMP,0
L,4,1783,PREDICTION,src/tracking/advanced_tracker.py:id_merge,
R,PREDICTION,PREDICTION,1
L,7,1783,PREDICTION,src/tracking/advanced_tracker.py:id_merge,
R,PREDICTION,PREDICTION,1
A,1783
S,0,1786,DETECTION,src/tracking/advanced_tracker.py:_activate_slot,1786_190_1192_931_1515
S,1,1786,DETECTION,src/tracking/advanced_tracker.py:_activate_slot,1786_239_838_846_1057
S,2,1786,DETECTION,src/tracking/advanced_tracker.py:_activate_slot,1786_62_203_955_594
S,3,1786,DETECTION,src/tracking/advanced_tracker.py:_activate_slot,1786_210_24_992_297
S,4,1786,DETECTION,src/tracking/advanced_tracker.py:_activate_slot,1786_186_587_899_846
S,7,1786,DETECTION,src/tracking/advanced_tracker.py:_activate_slot,1786_228_1084_845_1285
S,9,1786,DETECTION,src/tracking/advanced_tracker.py:_activate_slot,1786_354_1548_546_1686
S,6,1786,PREDICTION,src/tracking/advanced_tracker.py:kalman_homography,
S,8,1786,PREDICTION,src/tracking/advanced_tracker.py:kalman_homography,
S,10,1786,PREDICTION,src/tracking/advanced_tracker.py:flow_gapfill_batched,
D,0,1786
S,1,1786,PREDICTION,src/tracking/advanced_tracker.py:id_merge,
D,1,1786
S,3,1786,PREDICTION,src/tracking/advanced_tracker.py:id_merge,
D,3,1786
S,4,1786,PREDICTION,src/tracking/advanced_tracker.py:id_merge,
D,6,1786
S,7,1786,PREDICTION,src/tracking/advanced_tracker.py:id_merge,
D,8,1786
S,7,1786,PREDICTION,src/tracking/advanced_tracker.py:id_merge,
D,7,1786
S,9,1786,PREDICTION,src/tracking/advanced_tracker.py:id_merge,
L,2,1786,DETECTION,src/tracking/advanced_tracker.py:_activate_slot,1786_62_203_955_594
R,DETECTION,DETECTION,1
L,4,1786,PREDICTION,src/tracking/advanced_tracker.py:id_merge,
R,PREDICTION,PREDICTION,1
L,9,1786,PREDICTION,src/tracking/advanced_tracker.py:id_merge,
R,PREDICTION,PREDICTION,1
A,1786
S,0,1789,DETECTION,src/tracking/advanced_tracker.py:_activate_slot,1789_181_1166_946_1496
S,1,1789,DETECTION,src/tracking/advanced_tracker.py:_activate_slot,1789_239_831_855_1050
S,2,1789,DETECTION,src/tracking/advanced_tracker.py:_activate_slot,1789_62_118_981_515
S,3,1789,DETECTION,src/tracking/advanced_tracker.py:_activate_slot,1789_214_-10_1005_259
S,4,1789,DETECTION,src/tracking/advanced_tracker.py:_activate_slot,1789_188_576_909_837
S,7,1789,DETECTION,src/tracking/advanced_tracker.py:_activate_slot,1789_226_1078_863_1287
S,9,1789,DETECTION,src/tracking/advanced_tracker.py:_activate_slot,1789_367_1536_553_1680
S,6,1789,PREDICTION,src/tracking/advanced_tracker.py:kalman_homography,
S,8,1789,PREDICTION,src/tracking/advanced_tracker.py:kalman_homography,
D,0,1789
S,1,1789,PREDICTION,src/tracking/advanced_tracker.py:id_merge,
D,1,1789
S,3,1789,PREDICTION,src/tracking/advanced_tracker.py:id_merge,
D,2,1789
S,3,1789,PREDICTION,src/tracking/advanced_tracker.py:id_merge,
D,3,1789
S,4,1789,PREDICTION,src/tracking/advanced_tracker.py:id_merge,
D,6,1789
S,7,1789,PREDICTION,src/tracking/advanced_tracker.py:id_merge,
D,8,1789
S,7,1789,PREDICTION,src/tracking/advanced_tracker.py:id_merge,
D,7,1789
S,9,1789,PREDICTION,src/tracking/advanced_tracker.py:id_merge,
L,4,1789,PREDICTION,src/tracking/advanced_tracker.py:id_merge,
R,PREDICTION,PREDICTION,1
L,9,1789,PREDICTION,src/tracking/advanced_tracker.py:id_merge,
R,PREDICTION,SUBPIXEL,0
A,1789
S,1,1792,DETECTION,src/tracking/advanced_tracker.py:_activate_slot,1792_251_816_878_1047
S,2,1792,DETECTION,src/tracking/advanced_tracker.py:_activate_slot,1792_127_-15_1020_500
S,3,1792,DETECTION,src/tracking/advanced_tracker.py:_activate_slot,1792_221_309_934_539
S,4,1792,DETECTION,src/tracking/advanced_tracker.py:_activate_slot,1792_192_554_932_817
S,6,1792,DETECTION,src/tracking/advanced_tracker.py:_activate_slot,1792_227_1065_873_1263
S,7,1792,DETECTION,src/tracking/advanced_tracker.py:_activate_slot,1792_173_1142_966_1434
S,8,1792,DETECTION,src/tracking/advanced_tracker.py:_activate_slot,1792_450_1003_576_1102
S,9,1792,DETECTION,src/tracking/advanced_tracker.py:_activate_slot,1792_389_1528_568_1669
S,0,1792,PREDICTION,src/tracking/advanced_tracker.py:kalman_homography,
D,0,1792
S,1,1792,PREDICTION,src/tracking/advanced_tracker.py:id_merge,
D,1,1792
S,2,1792,PREDICTION,src/tracking/advanced_tracker.py:id_merge,
D,6,1792
S,7,1792,PREDICTION,src/tracking/advanced_tracker.py:id_merge,
D,7,1792
S,8,1792,PREDICTION,src/tracking/advanced_tracker.py:id_merge,
D,8,1792
S,9,1792,PREDICTION,src/tracking/advanced_tracker.py:id_merge,
L,2,1792,PREDICTION,src/tracking/advanced_tracker.py:id_merge,
R,PREDICTION,PREDICTION,1
L,3,1792,DETECTION,src/tracking/advanced_tracker.py:_activate_slot,1792_221_309_934_539
R,CLAMP,CLAMP,0
L,4,1792,DETECTION,src/tracking/advanced_tracker.py:_activate_slot,1792_192_554_932_817
R,DETECTION,DETECTION,1
L,9,1792,PREDICTION,src/tracking/advanced_tracker.py:id_merge,
R,PREDICTION,SUBPIXEL,0
A,1792
S,0,1795,DETECTION,src/tracking/advanced_tracker.py:_activate_slot,1795_168_1036_983_1354
S,1,1795,DETECTION,src/tracking/advanced_tracker.py:_activate_slot,1795_256_809_897_1044
S,2,1795,DETECTION,src/tracking/advanced_tracker.py:_activate_slot,1795_213_-15_1014_361
S,3,1795,DETECTION,src/tracking/advanced_tracker.py:_activate_slot,1795_234_278_965_527
S,4,1795,DETECTION,src/tracking/advanced_tracker.py:_activate_slot,1795_198_545_946_814
S,8,1795,DETECTION,src/tracking/advanced_tracker.py:_activate_slot,1795_465_1002_582_1101
S,9,1795,DETECTION,src/tracking/advanced_tracker.py:_activate_slot,1795_390_1522_575_1666
S,6,1795,PREDICTION,src/tracking/advanced_tracker.py:kalman_homography,
S,7,1795,PREDICTION,src/tracking/advanced_tracker.py:kalman_homography,
D,0,1795
S,1,1795,PREDICTION,src/tracking/advanced_tracker.py:id_merge,
D,1,1795
S,2,1795,PREDICTION,src/tracking/advanced_tracker.py:id_merge,
D,6,1795
S,7,1795,PREDICTION,src/tracking/advanced_tracker.py:id_merge,
D,7,1795
S,8,1795,PREDICTION,src/tracking/advanced_tracker.py:id_merge,
D,8,1795
S,9,1795,PREDICTION,src/tracking/advanced_tracker.py:id_merge,
L,2,1795,PREDICTION,src/tracking/advanced_tracker.py:id_merge,
R,PREDICTION,PREDICTION,1
L,3,1795,DETECTION,src/tracking/advanced_tracker.py:_activate_slot,1795_234_278_965_527
R,CLAMP,CLAMP,0
L,4,1795,DETECTION,src/tracking/advanced_tracker.py:_activate_slot,1795_198_545_946_814
R,DETECTION,SUBPIXEL,0
L,9,1795,PREDICTION,src/tracking/advanced_tracker.py:id_merge,
R,PREDICTION,SUBPIXEL,0
A,1795
S,0,1798,DETECTION,src/tracking/advanced_tracker.py:_activate_slot,1798_178_990_1008_1363
S,1,1798,DETECTION,src/tracking/advanced_tracker.py:_activate_slot,1798_260_816_915_1050
S,2,1798,DETECTION,src/tracking/advanced_tracker.py:_activate_slot,1798_226_-15_997_208
S,3,1798,DETECTION,src/tracking/advanced_tracker.py:_activate_slot,1798_236_232_1002_526
S,4,1798,DETECTION,src/tracking/advanced_tracker.py:_activate_slot,1798_210_541_972_814
S,8,1798,DETECTION,src/tracking/advanced_tracker.py:_activate_slot,1798_473_1002_597_1107
S,9,1798,DETECTION,src/tracking/advanced_tracker.py:_activate_slot,1798_393_1527_583_1674
S,6,1798,PREDICTION,src/tracking/advanced_tracker.py:kalman_homography,
S,7,1798,PREDICTION,src/tracking/advanced_tracker.py:kalman_homography,
D,0,1798
S,1,1798,PREDICTION,src/tracking/advanced_tracker.py:id_merge,
D,1,1798
S,2,1798,PREDICTION,src/tracking/advanced_tracker.py:id_merge,
D,2,1798
S,4,1798,PREDICTION,src/tracking/advanced_tracker.py:id_merge,
D,6,1798
S,7,1798,PREDICTION,src/tracking/advanced_tracker.py:id_merge,
D,7,1798
S,8,1798,PREDICTION,src/tracking/advanced_tracker.py:id_merge,
D,8,1798
S,9,1798,PREDICTION,src/tracking/advanced_tracker.py:id_merge,
L,3,1798,DETECTION,src/tracking/advanced_tracker.py:_activate_slot,1798_236_232_1002_526
R,CLAMP,CLAMP,0
L,4,1798,PREDICTION,src/tracking/advanced_tracker.py:id_merge,
R,PREDICTION,PREDICTION,1
L,9,1798,PREDICTION,src/tracking/advanced_tracker.py:id_merge,
R,PREDICTION,PREDICTION,1
A,1798
S,0,1801,DETECTION,src/tracking/advanced_tracker.py:_activate_slot,1801_183_919_1032_1374
S,1,1801,DETECTION,src/tracking/advanced_tracker.py:_activate_slot,1801_271_819_928_1048
S,2,1801,DETECTION,src/tracking/advanced_tracker.py:_activate_slot,1801_237_-15_1026_193
S,3,1801,DETECTION,src/tracking/advanced_tracker.py:_activate_slot,1801_247_232_1019_522
S,4,1801,DETECTION,src/tracking/advanced_tracker.py:_activate_slot,1801_218_540_991_819
S,9,1801,DETECTION,src/tracking/advanced_tracker.py:_activate_slot,1801_396_1539_584_1683
S,8,1801,DETECTION,src/tracking/advanced_tracker.py:_activate_slot,1801_478_1002_604_1104
S,6,1801,PREDICTION,src/tracking/advanced_tracker.py:kalman_homography,
S,7,1801,PREDICTION,src/tracking/advanced_tracker.py:kalman_homography,
D,0,1801
S,1,1801,PREDICTION,src/tracking/advanced_tracker.py:id_merge,
D,1,1801
S,2,1801,PREDICTION,src/tracking/advanced_tracker.py:id_merge,
D,2,1801
S,3,1801,PREDICTION,src/tracking/advanced_tracker.py:id_merge,
D,6,1801
S,7,1801,PREDICTION,src/tracking/advanced_tracker.py:id_merge,
D,7,1801
S,8,1801,PREDICTION,src/tracking/advanced_tracker.py:id_merge,
D,8,1801
S,9,1801,PREDICTION,src/tracking/advanced_tracker.py:id_merge,
L,3,1801,PREDICTION,src/tracking/advanced_tracker.py:id_merge,
R,CLAMP,CLAMP,0
L,4,1801,DETECTION,src/tracking/advanced_tracker.py:_activate_slot,1801_218_540_991_819
R,DETECTION,DETECTION,1
L,9,1801,PREDICTION,src/tracking/advanced_tracker.py:id_merge,
R,PREDICTION,SUBPIXEL,0
A,1801
S,0,1804,DETECTION,src/tracking/advanced_tracker.py:_activate_slot,1804_185_855_1028_1383
S,1,1804,DETECTION,src/tracking/advanced_tracker.py:_activate_slot,1804_265_820_950_1018
S,2,1804,DETECTION,src/tracking/advanced_tracker.py:_activate_slot,1804_250_1125_829_1344
S,3,1804,DETECTION,src/tracking/advanced_tracker.py:_activate_slot,1804_250_240_1018_504
S,4,1804,DETECTION,src/tracking/advanced_tracker.py:_activate_slot,1804_218_529_1010_821
S,8,1804,DETECTION,src/tracking/advanced_tracker.py:_activate_slot,1804_237_-15_1023_174
S,9,1804,DETECTION,src/tracking/advanced_tracker.py:_activate_slot,1804_399_1539_577_1683
S,5,1804,DETECTION,src/tracking/advanced_tracker.py:_activate_slot,1804_399_1540_532_1678
S,6,1804,PREDICTION,src/tracking/advanced_tracker.py:kalman_homography,
S,7,1804,PREDICTION,src/tracking/advanced_tracker.py:kalman_homography,
D,0,1804
S,1,1804,PREDICTION,src/tracking/advanced_tracker.py:id_merge,
D,1,1804
S,2,1804,PREDICTION,src/tracking/advanced_tracker.py:id_merge,
D,2,1804
S,4,1804,PREDICTION,src/tracking/advanced_tracker.py:id_merge,
D,6,1804
S,5,1804,PREDICTION,src/tracking/advanced_tracker.py:id_merge,
D,7,1804
S,5,1804,PREDICTION,src/tracking/advanced_tracker.py:id_merge,
D,5,1804
S,8,1804,PREDICTION,src/tracking/advanced_tracker.py:id_merge,
D,8,1804
S,9,1804,PREDICTION,src/tracking/advanced_tracker.py:id_merge,
L,3,1804,DETECTION,src/tracking/advanced_tracker.py:_activate_slot,1804_250_240_1018_504
R,CLAMP,CLAMP,0
L,4,1804,PREDICTION,src/tracking/advanced_tracker.py:id_merge,
R,PREDICTION,PREDICTION,1
L,9,1804,PREDICTION,src/tracking/advanced_tracker.py:id_merge,
R,PREDICTION,SUBPIXEL,0
A,1804
S,1,1807,DETECTION,src/tracking/advanced_tracker.py:_activate_slot,1807_213_817_958_1003
S,2,1807,DETECTION,src/tracking/advanced_tracker.py:_activate_slot,1807_246_1111_894_1348
S,3,1807,DETECTION,src/tracking/advanced_tracker.py:_activate_slot,1807_245_222_1026_502
S,4,1807,DETECTION,src/tracking/advanced_tracker.py:_activate_slot,1807_208_528_1018_814
S,6,1807,DETECTION,src/tracking/advanced_tracker.py:_activate_slot,1807_183_841_1027_1303
S,7,1807,DETECTION,src/tracking/advanced_tracker.py:_activate_slot,1807_235_-15_1024_160
S,5,1807,DETECTION,src/tracking/advanced_tracker.py:_activate_slot,1807_393_1543_527_1684
S,9,1807,DETECTION,src/tracking/advanced_tracker.py:_activate_slot,1807_393_1540_571_1687
D,1,1807
S,2,1807,PREDICTION,src/tracking/advanced_tracker.py:id_merge,
D,2,1807
S,4,1807,PREDICTION,src/tracking/advanced_tracker.py:id_merge,
D,5,1807
S,6,1807,PREDICTION,src/tracking/advanced_tracker.py:id_merge,
D,6,1807
S,7,1807,PREDICTION,src/tracking/advanced_tracker.py:id_merge,
D,7,1807
S,9,1807,PREDICTION,src/tracking/advanced_tracker.py:id_merge,
L,3,1807,DETECTION,src/tracking/advanced_tracker.py:_activate_slot,1807_245_222_1026_502
R,CLAMP,CLAMP,0
L,4,1807,PREDICTION,src/tracking/advanced_tracker.py:id_merge,
R,PREDICTION,SUBPIXEL,0
L,9,1807,PREDICTION,src/tracking/advanced_tracker.py:id_merge,
R,PREDICTION,SUBPIXEL,0
A,1807
S,0,1810,DETECTION,src/tracking/advanced_tracker.py:_activate_slot,1810_183_771_1034_1197
S,1,1810,DETECTION,src/tracking/advanced_tracker.py:_activate_slot,1810_234_-15_1028_136
S,2,1810,DETECTION,src/tracking/advanced_tracker.py:_activate_slot,1810_239_1111_942_1351
S,3,1810,DETECTION,src/tracking/advanced_tracker.py:_activate_slot,1810_246_207_1029_498
S,4,1810,DETECTION,src/tracking/advanced_tracker.py:_activate_slot,1810_205_522_1018_813
S,9,1810,DETECTION,src/tracking/advanced_tracker.py:_activate_slot,1810_395_1558_587_1699
S,5,1810,PREDICTION,src/tracking/advanced_tracker.py:kalman_homography,
S,6,1810,PREDICTION,src/tracking/advanced_tracker.py:kalman_homography,
D,0,1810
S,1,1810,PREDICTION,src/tracking/advanced_tracker.py:id_merge,
D,1,1810
S,2,1810,PREDICTION,src/tracking/advanced_tracker.py:id_merge,
D,2,1810
S,4,1810,PREDICTION,src/tracking/advanced_tracker.py:id_merge,
D,5,1810
S,6,1810,PREDICTION,src/tracking/advanced_tracker.py:id_merge,
D,6,1810
S,9,1810,PREDICTION,src/tracking/advanced_tracker.py:id_merge,
L,3,1810,DETECTION,src/tracking/advanced_tracker.py:_activate_slot,1810_246_207_1029_498
R,CLAMP,CLAMP,0
L,4,1810,PREDICTION,src/tracking/advanced_tracker.py:id_merge,
R,PREDICTION,PREDICTION,1
L,9,1810,PREDICTION,src/tracking/advanced_tracker.py:id_merge,
R,PREDICTION,PREDICTION,1
A,1810
S,0,1813,DETECTION,src/tracking/advanced_tracker.py:_activate_slot,1813_169_709_1029_1083
S,1,1813,DETECTION,src/tracking/advanced_tracker.py:_activate_slot,1813_239_-15_1026_135
S,2,1813,DETECTION,src/tracking/advanced_tracker.py:_activate_slot,1813_239_1098_954_1355
S,3,1813,DETECTION,src/tracking/advanced_tracker.py:_activate_slot,1813_240_203_1026_498
S,4,1813,DETECTION,src/tracking/advanced_tracker.py:_activate_slot,1813_201_521_1019_815
S,9,1813,DETECTION,src/tracking/advanced_tracker.py:_activate_slot,1813_387_1563_586_1713
S,5,1813,PREDICTION,src/tracking/advanced_tracker.py:kalman_homography,
D,0,1813
S,1,1813,PREDICTION,src/tracking/advanced_tracker.py:id_merge,
D,1,1813
S,2,1813,PREDICTION,src/tracking/advanced_tracker.py:id_merge,
D,2,1813
S,4,1813,PREDICTION,src/tracking/advanced_tracker.py:id_merge,
D,5,1813
S,9,1813,PREDICTION,src/tracking/advanced_tracker.py:id_merge,
L,3,1813,DETECTION,src/tracking/advanced_tracker.py:_activate_slot,1813_240_203_1026_498
R,CLAMP,CLAMP,0
L,4,1813,PREDICTION,src/tracking/advanced_tracker.py:id_merge,
R,PREDICTION,SUBPIXEL,0
L,9,1813,PREDICTION,src/tracking/advanced_tracker.py:id_merge,
R,PREDICTION,PREDICTION,1
A,1813
S,0,1816,DETECTION,src/tracking/advanced_tracker.py:_activate_slot,1816_154_656_1030_1065
S,1,1816,DETECTION,src/tracking/advanced_tracker.py:_activate_slot,1816_246_-15_1020_130
S,2,1816,DETECTION,src/tracking/advanced_tracker.py:_activate_slot,1816_231_1111_964_1371
S,3,1816,DETECTION,src/tracking/advanced_tracker.py:_activate_slot,1816_233_193_1025_492
S,4,1816,DETECTION,src/tracking/advanced_tracker.py:_activate_slot,1816_205_522_1003_772
S,8,1816,DETECTION,src/tracking/advanced_tracker.py:_activate_slot,1816_391_1572_587_1722
S,5,1816,PREDICTION,src/tracking/advanced_tracker.py:kalman_homography,
S,9,1816,PREDICTION,src/tracking/advanced_tracker.py:kalman_homography,
D,0,1816
S,1,1816,PREDICTION,src/tracking/advanced_tracker.py:id_merge,
D,1,1816
S,2,1816,PREDICTION,src/tracking/advanced_tracker.py:id_merge,
D,2,1816
S,4,1816,PREDICTION,src/tracking/advanced_tracker.py:id_merge,
D,5,1816
S,8,1816,PREDICTION,src/tracking/advanced_tracker.py:id_merge,
D,9,1816
S,8,1816,PREDICTION,src/tracking/advanced_tracker.py:id_merge,
L,3,1816,DETECTION,src/tracking/advanced_tracker.py:_activate_slot,1816_233_193_1025_492
R,CLAMP,CLAMP,0
L,4,1816,PREDICTION,src/tracking/advanced_tracker.py:id_merge,
R,PREDICTION,PREDICTION,1
L,8,1816,PREDICTION,src/tracking/advanced_tracker.py:id_merge,
R,PREDICTION,PREDICTION,1
A,1816
S,0,1819,DETECTION,src/tracking/advanced_tracker.py:_activate_slot,1819_162_565_1028_1041
S,1,1819,DETECTION,src/tracking/advanced_tracker.py:_activate_slot,1819_243_-15_1019_121
S,2,1819,DETECTION,src/tracking/advanced_tracker.py:_activate_slot,1819_219_1116_972_1377
S,3,1819,DETECTION,src/tracking/advanced_tracker.py:_activate_slot,1819_227_176_1026_498
S,4,1819,DETECTION,src/tracking/advanced_tracker.py:_activate_slot,1819_198_507_1006_772
S,9,1819,DETECTION,src/tracking/advanced_tracker.py:_activate_slot,1819_396_1581_590_1725
S,5,1819,PREDICTION,src/tracking/advanced_tracker.py:kalman_homography,
S,8,1819,PREDICTION,src/tracking/advanced_tracker.py:kalman_homography,
S,7,1819,PREDICTION,src/tracking/advanced_tracker.py:flow_gapfill_batched,
D,0,1819
S,1,1819,PREDICTION,src/tracking/advanced_tracker.py:id_merge,
D,1,1819
S,2,1819,PREDICTION,src/tracking/advanced_tracker.py:id_merge,
D,2,1819
S,4,1819,PREDICTION,src/tracking/advanced_tracker.py:id_merge,
D,5,1819
S,7,1819,PREDICTION,src/tracking/advanced_tracker.py:id_merge,
D,7,1819
S,8,1819,PREDICTION,src/tracking/advanced_tracker.py:id_merge,
D,8,1819
S,9,1819,PREDICTION,src/tracking/advanced_tracker.py:id_merge,
L,3,1819,DETECTION,src/tracking/advanced_tracker.py:_activate_slot,1819_227_176_1026_498
R,CLAMP,CLAMP,0
L,4,1819,PREDICTION,src/tracking/advanced_tracker.py:id_merge,
R,PREDICTION,PREDICTION,1
L,9,1819,PREDICTION,src/tracking/advanced_tracker.py:id_merge,
R,PREDICTION,SUBPIXEL,0
A,1819
S,0,1822,DETECTION,src/tracking/advanced_tracker.py:_activate_slot,1822_130_400_1024_994
S,1,1822,DETECTION,src/tracking/advanced_tracker.py:_activate_slot,1822_247_-15_961_87
S,2,1822,DETECTION,src/tracking/advanced_tracker.py:_activate_slot,1822_200_1117_982_1372
S,3,1822,DETECTION,src/tracking/advanced_tracker.py:_activate_slot,1822_193_151_1023_519
S,4,1822,DETECTION,src/tracking/advanced_tracker.py:_activate_slot,1822_249_805_977_1062
S,9,1822,DETECTION,src/tracking/advanced_tracker.py:_activate_slot,1822_394_1572_595_1728
S,5,1822,PREDICTION,src/tracking/advanced_tracker.py:kalman_homography,
S,8,1822,PREDICTION,src/tracking/advanced_tracker.py:flow_gapfill_batched,
D,0,1822
S,1,1822,PREDICTION,src/tracking/advanced_tracker.py:id_merge,
D,1,1822
S,2,1822,PREDICTION,src/tracking/advanced_tracker.py:id_merge,
D,2,1822
S,4,1822,PREDICTION,src/tracking/advanced_tracker.py:id_merge,
D,5,1822
S,8,1822,PREDICTION,src/tracking/advanced_tracker.py:id_merge,
D,8,1822
S,9,1822,PREDICTION,src/tracking/advanced_tracker.py:id_merge,
L,3,1822,DETECTION,src/tracking/advanced_tracker.py:_activate_slot,1822_193_151_1023_519
R,CLAMP,CLAMP,0
L,4,1822,PREDICTION,src/tracking/advanced_tracker.py:id_merge,
R,PREDICTION,PREDICTION,1
L,9,1822,PREDICTION,src/tracking/advanced_tracker.py:id_merge,
R,PREDICTION,SUBPIXEL,0
A,1822
S,0,1825,DETECTION,src/tracking/advanced_tracker.py:_activate_slot,1825_104_405_1025_832
S,1,1825,DETECTION,src/tracking/advanced_tracker.py:_activate_slot,1825_246_798_978_1062
S,2,1825,DETECTION,src/tracking/advanced_tracker.py:_activate_slot,1825_195_1114_993_1363
S,3,1825,DETECTION,src/tracking/advanced_tracker.py:_activate_slot,1825_177_136_1021_464
S,4,1825,PREDICTION,src/tracking/advanced_tracker.py:kalman_homography,
S,5,1825,PREDICTION,src/tracking/advanced_tracker.py:kalman_homography,
S,9,1825,PREDICTION,src/tracking/advanced_tracker.py:kalman_homography,
S,7,1825,PREDICTION,src/tracking/advanced_tracker.py:flow_gapfill_batched,
S,8,1825,PREDICTION,src/tracking/advanced_tracker.py:flow_gapfill_batched,
D,0,1825
S,1,1825,PREDICTION,src/tracking/advanced_tracker.py:id_merge,
D,1,1825
S,2,1825,PREDICTION,src/tracking/advanced_tracker.py:id_merge,
D,2,1825
S,3,1825,PREDICTION,src/tracking/advanced_tracker.py:id_merge,
D,4,1825
S,3,1825,PREDICTION,src/tracking/advanced_tracker.py:id_merge,
D,5,1825
S,7,1825,PREDICTION,src/tracking/advanced_tracker.py:id_merge,
D,7,1825
S,8,1825,PREDICTION,src/tracking/advanced_tracker.py:id_merge,
D,8,1825
S,9,1825,PREDICTION,src/tracking/advanced_tracker.py:id_merge,
L,3,1825,PREDICTION,src/tracking/advanced_tracker.py:id_merge,
R,CLAMP,CLAMP,0
L,9,1825,PREDICTION,src/tracking/advanced_tracker.py:id_merge,
R,PREDICTION,PREDICTION,1
A,1825
S,0,1828,DETECTION,src/tracking/advanced_tracker.py:_activate_slot,1828_27_98_1024_640
S,1,1828,DETECTION,src/tracking/advanced_tracker.py:_activate_slot,1828_243_798_1005_1060
S,2,1828,DETECTION,src/tracking/advanced_tracker.py:_activate_slot,1828_182_1105_1012_1351
S,3,1828,DETECTION,src/tracking/advanced_tracker.py:_activate_slot,1828_31_103_1027_446
S,4,1828,DETECTION,src/tracking/advanced_tracker.py:_activate_slot,1828_188_525_1020_807
S,9,1828,DETECTION,src/tracking/advanced_tracker.py:_activate_slot,1828_401_1585_596_1723
S,5,1828,PREDICTION,src/tracking/advanced_tracker.py:kalman_homography,
S,7,1828,PREDICTION,src/tracking/advanced_tracker.py:flow_gapfill_batched,
S,8,1828,PREDICTION,src/tracking/advanced_tracker.py:flow_gapfill_batched,
D,0,1828
S,3,1828,PREDICTION,src/tracking/advanced_tracker.py:id_merge,
D,1,1828
S,2,1828,PREDICTION,src/tracking/advanced_tracker.py:id_merge,
D,2,1828
S,3,1828,PREDICTION,src/tracking/advanced_tracker.py:id_merge,
D,5,1828
S,7,1828,PREDICTION,src/tracking/advanced_tracker.py:id_merge,
D,7,1828
S,8,1828,PREDICTION,src/tracking/advanced_tracker.py:id_merge,
D,8,1828
S,9,1828,PREDICTION,src/tracking/advanced_tracker.py:id_merge,
L,3,1828,PREDICTION,src/tracking/advanced_tracker.py:id_merge,
R,CLAMP,CLAMP,0
L,4,1828,DETECTION,src/tracking/advanced_tracker.py:_activate_slot,1828_188_525_1020_807
R,DETECTION,DETECTION,1
L,9,1828,PREDICTION,src/tracking/advanced_tracker.py:id_merge,
R,PREDICTION,PREDICTION,1
A,1828
S,0,1831,DETECTION,src/tracking/advanced_tracker.py:_activate_slot,1831_15_77_1023_538
S,1,1831,DETECTION,src/tracking/advanced_tracker.py:_activate_slot,1831_245_798_1020_1062
S,4,1831,DETECTION,src/tracking/advanced_tracker.py:_activate_slot,1831_171_477_1026_787
S,8,1831,DETECTION,src/tracking/advanced_tracker.py:_activate_slot,1831_185_1089_1025_1351
S,9,1831,DETECTION,src/tracking/advanced_tracker.py:_activate_slot,1831_400_1572_597_1728
S,2,1831,PREDICTION,src/tracking/advanced_tracker.py:kalman_homography,
S,3,1831,PREDICTION,src/tracking/advanced_tracker.py:kalman_homography,
S,5,1831,PREDICTION,src/tracking/advanced_tracker.py:flow_gapfill_batched,
S,7,1831,PREDICTION,src/tracking/advanced_tracker.py:flow_gapfill_batched,
D,0,1831
S,1,1831,PREDICTION,src/tracking/advanced_tracker.py:id_merge,
D,2,1831
S,1,1831,PREDICTION,src/tracking/advanced_tracker.py:id_merge,
D,3,1831
S,1,1831,PREDICTION,src/tracking/advanced_tracker.py:id_merge,
D,1,1831
S,4,1831,PREDICTION,src/tracking/advanced_tracker.py:id_merge,
D,5,1831
S,7,1831,PREDICTION,src/tracking/advanced_tracker.py:id_merge,
D,7,1831
S,8,1831,PREDICTION,src/tracking/advanced_tracker.py:id_merge,
D,8,1831
S,9,1831,PREDICTION,src/tracking/advanced_tracker.py:id_merge,
L,4,1831,PREDICTION,src/tracking/advanced_tracker.py:id_merge,
R,PREDICTION,PREDICTION,1
L,9,1831,PREDICTION,src/tracking/advanced_tracker.py:id_merge,
R,PREDICTION,SUBPIXEL,0
A,1831
S,0,1834,DETECTION,src/tracking/advanced_tracker.py:_activate_slot,1834_9_-15_1024_475
S,1,1834,DETECTION,src/tracking/advanced_tracker.py:_activate_slot,1834_244_808_1015_1069
S,2,1834,DETECTION,src/tracking/advanced_tracker.py:_activate_slot,1834_177_1074_1026_1365
S,4,1834,DETECTION,src/tracking/advanced_tracker.py:_activate_slot,1834_171_480_1026_777
S,9,1834,DETECTION,src/tracking/advanced_tracker.py:_activate_slot,1834_405_1584_612_1743
S,3,1834,PREDICTION,src/tracking/advanced_tracker.py:kalman_homography,
S,8,1834,PREDICTION,src/tracking/advanced_tracker.py:kalman_homography,
D,0,1834
S,1,1834,PREDICTION,src/tracking/advanced_tracker.py:id_merge,
D,1,1834
S,2,1834,PREDICTION,src/tracking/advanced_tracker.py:id_merge,
D,3,1834
S,2,1834,PREDICTION,src/tracking/advanced_tracker.py:id_merge,
D,2,1834
S,4,1834,PREDICTION,src/tracking/advanced_tracker.py:id_merge,
D,8,1834
S,9,1834,PREDICTION,src/tracking/advanced_tracker.py:id_merge,
L,4,1834,PREDICTION,src/tracking/advanced_tracker.py:id_merge,
R,PREDICTION,PREDICTION,1
L,9,1834,PREDICTION,src/tracking/advanced_tracker.py:id_merge,
R,PREDICTION,PREDICTION,1
A,1834
S,0,1837,DETECTION,src/tracking/advanced_tracker.py:_activate_slot,1837_-2_-15_1014_432
S,1,1837,DETECTION,src/tracking/advanced_tracker.py:_activate_slot,1837_246_807_1025_1080
S,2,1837,DETECTION,src/tracking/advanced_tracker.py:_activate_slot,1837_176_1063_1028_1378
S,3,1837,DETECTION,src/tracking/advanced_tracker.py:_activate_slot,1837_216_195_1007_436
S,4,1837,DETECTION,src/tracking/advanced_tracker.py:_activate_slot,1837_168_480_1025_795
S,9,1837,DETECTION,src/tracking/advanced_tracker.py:_activate_slot,1837_413_1591_611_1750
S,8,1837,PREDICTION,src/tracking/advanced_tracker.py:kalman_homography,
D,0,1837
S,1,1837,PREDICTION,src/tracking/advanced_tracker.py:id_merge,
D,1,1837
S,2,1837,PREDICTION,src/tracking/advanced_tracker.py:id_merge,
D,2,1837
S,3,1837,PREDICTION,src/tracking/advanced_tracker.py:id_merge,
D,8,1837
S,9,1837,PREDICTION,src/tracking/advanced_tracker.py:id_merge,
L,3,1837,PREDICTION,src/tracking/advanced_tracker.py:id_merge,
R,CLAMP,CLAMP,0
L,4,1837,DETECTION,src/tracking/advanced_tracker.py:_activate_slot,1837_168_480_1025_795
R,DETECTION,DETECTION,1
L,9,1837,PREDICTION,src/tracking/advanced_tracker.py:id_merge,
R,PREDICTION,SUBPIXEL,0
A,1837
S,1,1840,DETECTION,src/tracking/advanced_tracker.py:_activate_slot,1840_248_822_1011_1083
S,2,1840,DETECTION,src/tracking/advanced_tracker.py:_activate_slot,1840_171_1003_1029_1398
S,3,1840,DETECTION,src/tracking/advanced_tracker.py:_activate_slot,1840_198_49_1026_431
S,4,1840,DETECTION,src/tracking/advanced_tracker.py:_activate_slot,1840_170_477_1025_776
S,0,1840,PREDICTION,src/tracking/advanced_tracker.py:kalman_homography,
S,9,1840,PREDICTION,src/tracking/advanced_tracker.py:kalman_homography,
D,0,1840
S,1,1840,PREDICTION,src/tracking/advanced_tracker.py:id_merge,
D,1,1840
S,2,1840,PREDICTION,src/tracking/advanced_tracker.py:id_merge,
D,2,1840
S,3,1840,PREDICTION,src/tracking/advanced_tracker.py:id_merge,
L,3,1840,PREDICTION,src/tracking/advanced_tracker.py:id_merge,
R,CLAMP,CLAMP,0
L,4,1840,DETECTION,src/tracking/advanced_tracker.py:_activate_slot,1840_170_477_1025_776
R,DETECTION,DETECTION,1
L,9,1840,PREDICTION,src/tracking/advanced_tracker.py:kalman_homography,
R,PREDICTION,PREDICTION,1
A,1840
S,1,1843,DETECTION,src/tracking/advanced_tracker.py:_activate_slot,1843_251_826_1016_1069
S,2,1843,DETECTION,src/tracking/advanced_tracker.py:_activate_slot,1843_171_997_1026_1413
S,4,1843,DETECTION,src/tracking/advanced_tracker.py:_activate_slot,1843_174_474_1024_775
S,7,1843,DETECTION,src/tracking/advanced_tracker.py:_activate_slot,1843_212_68_1026_425
S,0,1843,PREDICTION,src/tracking/advanced_tracker.py:kalman_homography,
S,9,1843,PREDICTION,src/tracking/advanced_tracker.py:kalman_homography,
S,3,1843,PREDICTION,src/tracking/advanced_tracker.py:flow_gapfill_batched,
D,0,1843
S,1,1843,PREDICTION,src/tracking/advanced_tracker.py:id_merge,
D,1,1843
S,2,1843,PREDICTION,src/tracking/advanced_tracker.py:id_merge,
D,3,1843
S,2,1843,PREDICTION,src/tracking/advanced_tracker.py:id_merge,
D,2,1843
S,4,1843,PREDICTION,src/tracking/advanced_tracker.py:id_merge,
D,9,1843
S,7,1843,PREDICTION,src/tracking/advanced_tracker.py:id_merge,
L,4,1843,PREDICTION,src/tracking/advanced_tracker.py:id_merge,
R,PREDICTION,PREDICTION,1
L,7,1843,PREDICTION,src/tracking/advanced_tracker.py:id_merge,
R,PREDICTION,PREDICTION,1
A,1843
S,1,1846,DETECTION,src/tracking/advanced_tracker.py:_activate_slot,1846_250_838_1031_1111
S,2,1846,DETECTION,src/tracking/advanced_tracker.py:_activate_slot,1846_173_998_1023_1364
S,3,1846,DETECTION,src/tracking/advanced_tracker.py:_activate_slot,1846_225_48_1027_430
S,4,1846,DETECTION,src/tracking/advanced_tracker.py:_activate_slot,1846_181_484_1026_814
S,9,1846,DETECTION,src/tracking/advanced_tracker.py:_activate_slot,1846_406_1617_618_1791
S,7,1846,PREDICTION,src/tracking/advanced_tracker.py:kalman_homography,
S,0,1846,PREDICTION,src/tracking/advanced_tracker.py:flow_gapfill_batched,
D,0,1846
S,1,1846,PREDICTION,src/tracking/advanced_tracker.py:id_merge,
D,1,1846
S,2,1846,PREDICTION,src/tracking/advanced_tracker.py:id_merge,
D,2,1846
S,3,1846,PREDICTION,src/tracking/advanced_tracker.py:id_merge,
L,3,1846,PREDICTION,src/tracking/advanced_tracker.py:id_merge,
R,CLAMP,CLAMP,0
L,4,1846,DETECTION,src/tracking/advanced_tracker.py:_activate_slot,1846_181_484_1026_814
R,DETECTION,DETECTION,1
L,7,1846,PREDICTION,src/tracking/advanced_tracker.py:kalman_homography,
R,PREDICTION,PREDICTION,1
L,9,1846,DETECTION,src/tracking/advanced_tracker.py:_activate_slot,1846_406_1617_618_1791
R,DETECTION,SUBPIXEL,0
A,1846
S,1,1849,DETECTION,src/tracking/advanced_tracker.py:_activate_slot,1849_251_849_1029_1110
S,2,1849,DETECTION,src/tracking/advanced_tracker.py:_activate_slot,1849_173_1011_1024_1365
S,3,1849,DETECTION,src/tracking/advanced_tracker.py:_activate_slot,1849_223_50_1029_445
S,7,1849,DETECTION,src/tracking/advanced_tracker.py:_activate_slot,1849_176_492_1027_790
S,9,1849,DETECTION,src/tracking/advanced_tracker.py:_activate_slot,1849_413_1635_624_1809
S,0,1849,PREDICTION,src/tracking/advanced_tracker.py:flow_gapfill_batched,
D,0,1849
S,1,1849,PREDICTION,src/tracking/advanced_tracker.py:id_merge,
D,1,1849
S,2,1849,PREDICTION,src/tracking/advanced_tracker.py:id_merge,
D,2,1849
S,3,1849,PREDICTION,src/tracking/advanced_tracker.py:id_merge,
D,7,1849
S,9,1849,PREDICTION,src/tracking/advanced_tracker.py:id_merge,
L,3,1849,PREDICTION,src/tracking/advanced_tracker.py:id_merge,
R,CLAMP,CLAMP,0
L,9,1849,PREDICTION,src/tracking/advanced_tracker.py:id_merge,
R,PREDICTION,SUBPIXEL,0
A,1849
S,1,1852,DETECTION,src/tracking/advanced_tracker.py:_activate_slot,1852_263_858_1028_1111
S,2,1852,DETECTION,src/tracking/advanced_tracker.py:_activate_slot,1852_164_1031_1027_1391
S,3,1852,DETECTION,src/tracking/advanced_tracker.py:_activate_slot,1852_224_74_1028_463
S,4,1852,DETECTION,src/tracking/advanced_tracker.py:_activate_slot,1852_188_503_1026_816
S,7,1852,PREDICTION,src/tracking/advanced_tracker.py:kalman_homography,
S,9,1852,PREDICTION,src/tracking/advanced_tracker.py:kalman_homography,
S,0,1852,PREDICTION,src/tracking/advanced_tracker.py:flow_gapfill_batched,
D,0,1852
S,1,1852,PREDICTION,src/tracking/advanced_tracker.py:id_merge,
D,1,1852
S,2,1852,PREDICTION,src/tracking/advanced_tracker.py:id_merge,
D,2,1852
S,3,1852,PREDICTION,src/tracking/advanced_tracker.py:id_merge,
D,7,1852
S,9,1852,PREDICTION,src/tracking/advanced_tracker.py:id_merge,
L,3,1852,PREDICTION,src/tracking/advanced_tracker.py:id_merge,
R,CLAMP,CLAMP,0
L,4,1852,DETECTION,src/tracking/advanced_tracker.py:_activate_slot,1852_188_503_1026_816
R,DETECTION,DETECTION,1
L,9,1852,PREDICTION,src/tracking/advanced_tracker.py:id_merge,
R,PREDICTION,PREDICTION,1
A,1852
S,2,1855,DETECTION,src/tracking/advanced_tracker.py:_activate_slot,1855_158_1026_1025_1413
S,3,1855,DETECTION,src/tracking/advanced_tracker.py:_activate_slot,1855_234_86_1024_475
S,4,1855,DETECTION,src/tracking/advanced_tracker.py:_activate_slot,1855_182_511_1026_838
S,8,1855,DETECTION,src/tracking/advanced_tracker.py:_activate_slot,1855_255_867_1028_1134
S,9,1855,DETECTION,src/tracking/advanced_tracker.py:_activate_slot,1855_409_1693_639_1876
S,7,1855,PREDICTION,src/tracking/advanced_tracker.py:kalman_homography,
S,0,1855,PREDICTION,src/tracking/advanced_tracker.py:flow_gapfill_batched,
S,1,1855,PREDICTION,src/tracking/advanced_tracker.py:flow_gapfill_batched,
D,0,1855
S,1,1855,PREDICTION,src/tracking/advanced_tracker.py:id_merge,
D,1,1855
S,2,1855,PREDICTION,src/tracking/advanced_tracker.py:id_merge,
D,2,1855
S,3,1855,PREDICTION,src/tracking/advanced_tracker.py:id_merge,
D,7,1855
S,8,1855,PREDICTION,src/tracking/advanced_tracker.py:id_merge,
D,8,1855
S,9,1855,PREDICTION,src/tracking/advanced_tracker.py:id_merge,
L,3,1855,PREDICTION,src/tracking/advanced_tracker.py:id_merge,
R,CLAMP,CLAMP,0
L,4,1855,DETECTION,src/tracking/advanced_tracker.py:_activate_slot,1855_182_511_1026_838
R,DETECTION,DETECTION,1
L,9,1855,PREDICTION,src/tracking/advanced_tracker.py:id_merge,
R,PREDICTION,PREDICTION,1
A,1855
S,2,1858,DETECTION,src/tracking/advanced_tracker.py:_activate_slot,1858_124_981_1026_1435
S,3,1858,DETECTION,src/tracking/advanced_tracker.py:_activate_slot,1858_237_102_1027_497
S,4,1858,DETECTION,src/tracking/advanced_tracker.py:_activate_slot,1858_172_523_1024_867
S,7,1858,DETECTION,src/tracking/advanced_tracker.py:_activate_slot,1858_248_891_1024_1164
S,9,1858,PREDICTION,src/tracking/advanced_tracker.py:kalman_homography,
S,0,1858,PREDICTION,src/tracking/advanced_tracker.py:flow_gapfill_batched,
D,0,1858
S,2,1858,PREDICTION,src/tracking/advanced_tracker.py:id_merge,
D,2,1858
S,3,1858,PREDICTION,src/tracking/advanced_tracker.py:id_merge,
D,9,1858
S,7,1858,PREDICTION,src/tracking/advanced_tracker.py:id_merge,
L,3,1858,PREDICTION,src/tracking/advanced_tracker.py:id_merge,
R,CLAMP,CLAMP,0
L,4,1858,DETECTION,src/tracking/advanced_tracker.py:_activate_slot,1858_172_523_1024_867
R,DETECTION,DETECTION,1
L,7,1858,PREDICTION,src/tracking/advanced_tracker.py:id_merge,
R,PREDICTION,PREDICTION,1
A,1858
S,1,1861,DETECTION,src/tracking/advanced_tracker.py:_activate_slot,1861_168_537_1023_874
S,2,1861,DETECTION,src/tracking/advanced_tracker.py:_activate_slot,1861_87_997_1026_1435
S,3,1861,DETECTION,src/tracking/advanced_tracker.py:_activate_slot,1861_222_116_1027_508
S,4,1861,DETECTION,src/tracking/advanced_tracker.py:_activate_slot,1861_245_909_1023_1184
S,9,1861,PREDICTION,src/tracking/advanced_tracker.py:kalman_homography,
S,0,1861,PREDICTION,src/tracking/advanced_tracker.py:flow_gapfill_batched,
S,7,1861,PREDICTION,src/tracking/advanced_tracker.py:flow_gapfill_batched,
S,8,1861,PREDICTION,src/tracking/advanced_tracker.py:flow_gapfill_batched,
D,0,1861
S,2,1861,PREDICTION,src/tracking/advanced_tracker.py:id_merge,
D,1,1861
S,2,1861,PREDICTION,src/tracking/advanced_tracker.py:id_merge,
D,2,1861
S,3,1861,PREDICTION,src/tracking/advanced_tracker.py:id_merge,
D,3,1861
S,4,1861,PREDICTION,src/tracking/advanced_tracker.py:id_merge,
D,8,1861
S,7,1861,PREDICTION,src/tracking/advanced_tracker.py:id_merge,
D,9,1861
S,7,1861,PREDICTION,src/tracking/advanced_tracker.py:id_merge,
L,4,1861,PREDICTION,src/tracking/advanced_tracker.py:id_merge,
R,PREDICTION,PREDICTION,1
L,7,1861,PREDICTION,src/tracking/advanced_tracker.py:id_merge,
R,PREDICTION,PREDICTION,1
A,1861
S,1,1864,DETECTION,src/tracking/advanced_tracker.py:_activate_slot,1864_234_128_1027_525
S,2,1864,DETECTION,src/tracking/advanced_tracker.py:_activate_slot,1864_33_978_1020_1438
S,4,1864,DETECTION,src/tracking/advanced_tracker.py:_activate_slot,1864_171_547_1022_891
S,7,1864,DETECTION,src/tracking/advanced_tracker.py:_activate_slot,1864_180_937_1026_1200
S,9,1864,PREDICTION,src/tracking/advanced_tracker.py:kalman_homography,
D,1,1864
S,2,1864,PREDICTION,src/tracking/advanced_tracker.py:id_merge,
D,2,1864
S,4,1864,PREDICTION,src/tracking/advanced_tracker.py:id_merge,
D,9,1864
S,7,1864,PREDICTION,src/tracking/advanced_tracker.py:id_merge,
L,4,1864,PREDICTION,src/tracking/advanced_tracker.py:id_merge,
R,PREDICTION,PREDICTION,1
L,7,1864,PREDICTION,src/tracking/advanced_tracker.py:id_merge,
R,PREDICTION,PREDICTION,1
A,1864
S,1,1867,DETECTION,src/tracking/advanced_tracker.py:_activate_slot,1867_228_152_1026_539
S,2,1867,DETECTION,src/tracking/advanced_tracker.py:_activate_slot,1867_7_969_1018_1452
S,4,1867,DETECTION,src/tracking/advanced_tracker.py:_activate_slot,1867_174_560_1023_915
S,7,1867,DETECTION,src/tracking/advanced_tracker.py:_activate_slot,1867_304_957_1020_1183
S,5,1867,DETECTION,src/tracking/advanced_tracker.py:_activate_slot,1867_520_482_704_572
S,9,1867,PREDICTION,src/tracking/advanced_tracker.py:kalman_homography,
D,2,1867
S,4,1867,PREDICTION,src/tracking/advanced_tracker.py:id_merge,
D,9,1867
S,7,1867,PREDICTION,src/tracking/advanced_tracker.py:id_merge,
L,1,1867,DETECTION,src/tracking/advanced_tracker.py:_activate_slot,1867_228_152_1026_539
R,DETECTION,DETECTION,1
L,4,1867,PREDICTION,src/tracking/advanced_tracker.py:id_merge,
R,PREDICTION,PREDICTION,1
L,5,1867,DETECTION,src/tracking/advanced_tracker.py:_activate_slot,1867_520_482_704_572
R,DETECTION,DETECTION,1
L,7,1867,PREDICTION,src/tracking/advanced_tracker.py:id_merge,
R,PREDICTION,SUBPIXEL,0
A,1867
S,2,1870,DETECTION,src/tracking/advanced_tracker.py:_activate_slot,1870_-3_880_1019_1459
S,3,1870,DETECTION,src/tracking/advanced_tracker.py:_activate_slot,1870_232_171_1029_536
S,4,1870,DETECTION,src/tracking/advanced_tracker.py:_activate_slot,1870_168_573_1026_952
S,5,1870,PREDICTION,src/tracking/advanced_tracker.py:kalman_homography,
S,9,1870,PREDICTION,src/tracking/advanced_tracker.py:kalman_homography,
S,1,1870,PREDICTION,src/tracking/advanced_tracker.py:flow_gapfill_batched,
D,1,1870
S,3,1870,PREDICTION,src/tracking/advanced_tracker.py:id_merge,
D,2,1870
S,4,1870,PREDICTION,src/tracking/advanced_tracker.py:id_merge,
L,3,1870,PREDICTION,src/tracking/advanced_tracker.py:id_merge,
R,CLAMP,CLAMP,0
L,4,1870,PREDICTION,src/tracking/advanced_tracker.py:id_merge,
R,PREDICTION,PREDICTION,1
L,5,1870,PREDICTION,src/tracking/advanced_tracker.py:kalman_homography,
R,PREDICTION,PREDICTION,1
L,9,1870,PREDICTION,src/tracking/advanced_tracker.py:kalman_homography,
R,PREDICTION,PREDICTION,1
A,1870
S,2,1873,DETECTION,src/tracking/advanced_tracker.py:_activate_slot,1873_-10_806_1024_1460
S,3,1873,DETECTION,src/tracking/advanced_tracker.py:_activate_slot,1873_237_164_1027_542
S,4,1873,DETECTION,src/tracking/advanced_tracker.py:_activate_slot,1873_178_576_1026_985
S,9,1873,DETECTION,src/tracking/advanced_tracker.py:_activate_slot,1873_415_1851_672_1935
S,5,1873,PREDICTION,src/tracking/advanced_tracker.py:kalman_homography,
S,1,1873,PREDICTION,src/tracking/advanced_tracker.py:flow_gapfill_batched,
D,1,1873
S,3,1873,PREDICTION,src/tracking/advanced_tracker.py:id_merge,
D,2,1873
S,4,1873,PREDICTION,src/tracking/advanced_tracker.py:id_merge,
L,3,1873,PREDICTION,src/tracking/advanced_tracker.py:id_merge,
R,CLAMP,CLAMP,0
L,4,1873,PREDICTION,src/tracking/advanced_tracker.py:id_merge,
R,PREDICTION,PREDICTION,1
L,5,1873,PREDICTION,src/tracking/advanced_tracker.py:kalman_homography,
R,PREDICTION,SUBPIXEL,0
L,9,1873,DETECTION,src/tracking/advanced_tracker.py:_activate_slot,1873_415_1851_672_1935
R,DETECTION,SUBPIXEL,0
A,1873
S,2,1876,DETECTION,src/tracking/advanced_tracker.py:_activate_slot,1876_-1_825_1024_1471
S,3,1876,DETECTION,src/tracking/advanced_tracker.py:_activate_slot,1876_225_156_1029_548
S,4,1876,DETECTION,src/tracking/advanced_tracker.py:_activate_slot,1876_188_583_1024_942
S,5,1876,PREDICTION,src/tracking/advanced_tracker.py:kalman_homography,
S,9,1876,PREDICTION,src/tracking/advanced_tracker.py:kalman_homography,
S,1,1876,PREDICTION,src/tracking/advanced_tracker.py:flow_gapfill_batched,
S,7,1876,PREDICTION,src/tracking/advanced_tracker.py:flow_gapfill_batched,
D,1,1876
S,3,1876,PREDICTION,src/tracking/advanced_tracker.py:id_merge,
D,2,1876
S,4,1876,PREDICTION,src/tracking/advanced_tracker.py:id_merge,
D,7,1876
S,9,1876,PREDICTION,src/tracking/advanced_tracker.py:id_merge,
L,3,1876,PREDICTION,src/tracking/advanced_tracker.py:id_merge,
R,CLAMP,CLAMP,0
L,4,1876,PREDICTION,src/tracking/advanced_tracker.py:id_merge,
R,PREDICTION,PREDICTION,1
L,5,1876,PREDICTION,src/tracking/advanced_tracker.py:kalman_homography,
R,PREDICTION,SUBPIXEL,0
L,9,1876,PREDICTION,src/tracking/advanced_tracker.py:id_merge,
R,PREDICTION,SUBPIXEL,0
A,1876
S,1,1879,DETECTION,src/tracking/advanced_tracker.py:_activate_slot,1879_-7_828_1020_1458
S,3,1879,DETECTION,src/tracking/advanced_tracker.py:_activate_slot,1879_243_137_1027_547
S,4,1879,DETECTION,src/tracking/advanced_tracker.py:_activate_slot,1879_186_585_1029_966
S,2,1879,PREDICTION,src/tracking/advanced_tracker.py:kalman_homography,
S,5,1879,PREDICTION,src/tracking/advanced_tracker.py:kalman_homography,
S,9,1879,PREDICTION,src/tracking/advanced_tracker.py:flow_gapfill_batched,
D,2,1879
S,1,1879,PREDICTION,src/tracking/advanced_tracker.py:id_merge,
D,1,1879
S,4,1879,PREDICTION,src/tracking/advanced_tracker.py:id_merge,
L,3,1879,DETECTION,src/tracking/advanced_tracker.py:_activate_slot,1879_243_137_1027_547
R,CLAMP,CLAMP,0
L,4,1879,PREDICTION,src/tracking/advanced_tracker.py:id_merge,
R,PREDICTION,PREDICTION,1
L,5,1879,PREDICTION,src/tracking/advanced_tracker.py:kalman_homography,
R,PREDICTION,SUBPIXEL,0
L,9,1879,PREDICTION,src/tracking/advanced_tracker.py:flow_gapfill_batched,
R,PREDICTION,SUBPIXEL,0
A,1879
S,1,1882,DETECTION,src/tracking/advanced_tracker.py:_activate_slot,1882_193_587_1029_953
S,2,1882,DETECTION,src/tracking/advanced_tracker.py:_activate_slot,1882_5_818_1023_1430
S,3,1882,DETECTION,src/tracking/advanced_tracker.py:_activate_slot,1882_237_114_1027_535
S,4,1882,DETECTION,src/tracking/advanced_tracker.py:_activate_slot,1882_558_520_758_610
S,5,1882,PREDICTION,src/tracking/advanced_tracker.py:kalman_homography,
S,9,1882,PREDICTION,src/tracking/advanced_tracker.py:flow_gapfill_batched,
D,1,1882
S,2,1882,PREDICTION,src/tracking/advanced_tracker.py:id_merge,
D,2,1882
S,3,1882,PREDICTION,src/tracking/advanced_tracker.py:id_merge,
L,3,1882,PREDICTION,src/tracking/advanced_tracker.py:id_merge,
R,CLAMP,CLAMP,0
L,4,1882,DETECTION,src/tracking/advanced_tracker.py:_activate_slot,1882_558_520_758_610
R,DETECTION,DETECTION,1
L,5,1882,PREDICTION,src/tracking/advanced_tracker.py:kalman_homography,
R,PREDICTION,SUBPIXEL,0
L,9,1882,PREDICTION,src/tracking/advanced_tracker.py:flow_gapfill_batched,
R,PREDICTION,SUBPIXEL,0
A,1882
S,1,1885,DETECTION,src/tracking/advanced_tracker.py:_activate_slot,1885_187_590_1027_918
S,2,1885,DETECTION,src/tracking/advanced_tracker.py:_activate_slot,1885_8_771_1019_1383
S,3,1885,DETECTION,src/tracking/advanced_tracker.py:_activate_slot,1885_234_109_1027_543
S,4,1885,DETECTION,src/tracking/advanced_tracker.py:_activate_slot,1885_558_524_745_614
S,5,1885,PREDICTION,src/tracking/advanced_tracker.py:kalman_homography,
S,9,1885,PREDICTION,src/tracking/advanced_tracker.py:flow_gapfill_batched,
D,1,1885
S,2,1885,PREDICTION,src/tracking/advanced_tracker.py:id_merge,
D,2,1885
S,3,1885,PREDICTION,src/tracking/advanced_tracker.py:id_merge,
L,3,1885,PREDICTION,src/tracking/advanced_tracker.py:id_merge,
R,CLAMP,CLAMP,0
L,4,1885,DETECTION,src/tracking/advanced_tracker.py:_activate_slot,1885_558_524_745_614
R,DETECTION,DETECTION,1
L,5,1885,PREDICTION,src/tracking/advanced_tracker.py:kalman_homography,
R,PREDICTION,SUBPIXEL,0
L,9,1885,PREDICTION,src/tracking/advanced_tracker.py:flow_gapfill_batched,
R,PREDICTION,PREDICTION,1
A,1885
S,0,1888,DETECTION,src/tracking/advanced_tracker.py:_activate_slot,1888_263_1084_1024_1375
S,1,1888,DETECTION,src/tracking/advanced_tracker.py:_activate_slot,1888_178_596_1029_911
S,2,1888,DETECTION,src/tracking/advanced_tracker.py:_activate_slot,1888_-8_625_1018_1246
S,3,1888,DETECTION,src/tracking/advanced_tracker.py:_activate_slot,1888_225_79_1027_550
S,5,1888,PREDICTION,src/tracking/advanced_tracker.py:kalman_homography,
S,4,1888,PREDICTION,src/tracking/advanced_tracker.py:flow_gapfill_batched,
S,9,1888,PREDICTION,src/tracking/advanced_tracker.py:flow_gapfill_batched,
D,0,1888
S,1,1888,PREDICTION,src/tracking/advanced_tracker.py:id_merge,
D,1,1888
S,2,1888,PREDICTION,src/tracking/advanced_tracker.py:id_merge,
D,2,1888
S,3,1888,PREDICTION,src/tracking/advanced_tracker.py:id_merge,
L,3,1888,PREDICTION,src/tracking/advanced_tracker.py:id_merge,
R,CLAMP,CLAMP,0
L,4,1888,PREDICTION,src/tracking/advanced_tracker.py:flow_gapfill_batched,
R,PREDICTION,PREDICTION,1
L,5,1888,PREDICTION,src/tracking/advanced_tracker.py:kalman_homography,
R,PREDICTION,SUBPIXEL,0
L,9,1888,PREDICTION,src/tracking/advanced_tracker.py:flow_gapfill_batched,
R,PREDICTION,SUBPIXEL,0
A,1888
S,0,1891,DETECTION,src/tracking/advanced_tracker.py:_activate_slot,1891_258_1084_1026_1390
S,2,1891,DETECTION,src/tracking/advanced_tracker.py:_activate_slot,1891_-12_583_1023_1188
S,3,1891,DETECTION,src/tracking/advanced_tracker.py:_activate_slot,1891_175_57_1029_561
S,5,1891,DETECTION,src/tracking/advanced_tracker.py:_activate_slot,1891_552_524_743_615
S,4,1891,PREDICTION,src/tracking/advanced_tracker.py:kalman_homography,
S,9,1891,PREDICTION,src/tracking/advanced_tracker.py:flow_gapfill_batched,
D,0,1891
S,2,1891,PREDICTION,src/tracking/advanced_tracker.py:id_merge,
D,2,1891
S,3,1891,PREDICTION,src/tracking/advanced_tracker.py:id_merge,
L,3,1891,PREDICTION,src/tracking/advanced_tracker.py:id_merge,
R,CLAMP,CLAMP,0
L,4,1891,PREDICTION,src/tracking/advanced_tracker.py:kalman_homography,
R,CLAMP,CLAMP,0
L,5,1891,DETECTION,src/tracking/advanced_tracker.py:_activate_slot,1891_552_524_743_615
R,DETECTION,DETECTION,1
L,9,1891,PREDICTION,src/tracking/advanced_tracker.py:flow_gapfill_batched,
R,PREDICTION,SUBPIXEL,0
A,1891
S,0,1894,DETECTION,src/tracking/advanced_tracker.py:_activate_slot,1894_250_1048_1027_1402
S,2,1894,DETECTION,src/tracking/advanced_tracker.py:_activate_slot,1894_-2_399_1024_1072
S,3,1894,DETECTION,src/tracking/advanced_tracker.py:_activate_slot,1894_174_41_1027_574
S,4,1894,PREDICTION,src/tracking/advanced_tracker.py:kalman_homography,
S,5,1894,PREDICTION,src/tracking/advanced_tracker.py:kalman_homography,
D,0,1894
S,2,1894,PREDICTION,src/tracking/advanced_tracker.py:id_merge,
D,4,1894
S,3,1894,PREDICTION,src/tracking/advanced_tracker.py:id_merge,
L,2,1894,PREDICTION,src/tracking/advanced_tracker.py:id_merge,
R,PREDICTION,PREDICTION,1
L,3,1894,PREDICTION,src/tracking/advanced_tracker.py:id_merge,
R,CLAMP,CLAMP,0
L,5,1894,PREDICTION,src/tracking/advanced_tracker.py:kalman_homography,
R,PREDICTION,PREDICTION,1
A,1894
S,0,1897,DETECTION,src/tracking/advanced_tracker.py:_activate_slot,1897_235_1047_1027_1389
S,2,1897,DETECTION,src/tracking/advanced_tracker.py:_activate_slot,1897_-11_157_1022_998
S,3,1897,DETECTION,src/tracking/advanced_tracker.py:_activate_slot,1897_108_32_1027_580
S,4,1897,PREDICTION,src/tracking/advanced_tracker.py:kalman_homography,
S,5,1897,PREDICTION,src/tracking/advanced_tracker.py:kalman_homography,
S,1,1897,PREDICTION,src/tracking/advanced_tracker.py:flow_gapfill_batched,
D,1,1897
S,0,1897,PREDICTION,src/tracking/advanced_tracker.py:id_merge,
D,0,1897
S,2,1897,PREDICTION,src/tracking/advanced_tracker.py:id_merge,
D,4,1897
S,3,1897,PREDICTION,src/tracking/advanced_tracker.py:id_merge,
L,2,1897,PREDICTION,src/tracking/advanced_tracker.py:id_merge,
R,PREDICTION,PREDICTION,1
L,3,1897,PREDICTION,src/tracking/advanced_tracker.py:id_merge,
R,CLAMP,CLAMP,0
L,5,1897,PREDICTION,src/tracking/advanced_tracker.py:kalman_homography,
R,PREDICTION,PREDICTION,1
A,1897
S,0,1900,DETECTION,src/tracking/advanced_tracker.py:_activate_slot,1900_222_1030_1027_1357
S,3,1900,DETECTION,src/tracking/advanced_tracker.py:_activate_slot,1900_171_16_1024_493
S,4,1900,PREDICTION,src/tracking/advanced_tracker.py:kalman_homography,
S,5,1900,PREDICTION,src/tracking/advanced_tracker.py:kalman_homography,
S,1,1900,PREDICTION,src/tracking/advanced_tracker.py:flow_gapfill_batched,
S,2,1900,PREDICTION,src/tracking/advanced_tracker.py:flow_gapfill_batched,
D,0,1900
S,3,1900,PREDICTION,src/tracking/advanced_tracker.py:id_merge,
D,1,1900
S,2,1900,PREDICTION,src/tracking/advanced_tracker.py:id_merge,
D,4,1900
S,3,1900,PREDICTION,src/tracking/advanced_tracker.py:id_merge,
L,2,1900,PREDICTION,src/tracking/advanced_tracker.py:id_merge,
R,PREDICTION,PREDICTION,1
L,3,1900,PREDICTION,src/tracking/advanced_tracker.py:id_merge,
R,CLAMP,CLAMP,0
L,5,1900,PREDICTION,src/tracking/advanced_tracker.py:kalman_homography,
R,PREDICTION,PREDICTION,1
A,1900
S,0,1903,DETECTION,src/tracking/advanced_tracker.py:_activate_slot,1903_218_1023_1026_1356
S,2,1903,CLAMP,src/tracking/advanced_tracker.py:_activate_slot,1903_3_-9_1017_903
S,3,1903,DETECTION,src/tracking/advanced_tracker.py:_activate_slot,1903_169_707_1020_966
S,4,1903,PREDICTION,src/tracking/advanced_tracker.py:kalman_homography,
S,5,1903,PREDICTION,src/tracking/advanced_tracker.py:kalman_homography,
S,1,1903,PREDICTION,src/tracking/advanced_tracker.py:flow_gapfill_batched,
D,0,1903
S,3,1903,PREDICTION,src/tracking/advanced_tracker.py:id_merge,
D,2,1903
S,3,1903,PREDICTION,src/tracking/advanced_tracker.py:id_merge,
D,4,1903
S,3,1903,PREDICTION,src/tracking/advanced_tracker.py:id_merge,
L,1,1903,PREDICTION,src/tracking/advanced_tracker.py:flow_gapfill_batched,
R,CLAMP,CLAMP,0
L,3,1903,PREDICTION,src/tracking/advanced_tracker.py:id_merge,
R,CLAMP,CLAMP,0
L,5,1903,PREDICTION,src/tracking/advanced_tracker.py:kalman_homography,
R,PREDICTION,PREDICTION,1
A,1903
S,0,1906,DETECTION,src/tracking/advanced_tracker.py:_activate_slot,1906_213_1017_1026_1401
S,2,1906,DETECTION,src/tracking/advanced_tracker.py:_activate_slot,1906_-6_-14_1008_741
S,3,1906,DETECTION,src/tracking/advanced_tracker.py:_activate_slot,1906_144_611_1026_966
S,4,1906,PREDICTION,src/tracking/advanced_tracker.py:kalman_homography,
S,5,1906,PREDICTION,src/tracking/advanced_tracker.py:kalman_homography,
S,1,1906,PREDICTION,src/tracking/advanced_tracker.py:flow_gapfill_batched,
D,0,1906
S,3,1906,PREDICTION,src/tracking/advanced_tracker.py:id_merge,
D,4,1906
S,2,1906,PREDICTION,src/tracking/advanced_tracker.py:id_merge,
L,1,1906,PREDICTION,src/tracking/advanced_tracker.py:flow_gapfill_batched,
R,PREDICTION,PREDICTION,1
L,2,1906,PREDICTION,src/tracking/advanced_tracker.py:id_merge,
R,PREDICTION,PREDICTION,1
L,3,1906,PREDICTION,src/tracking/advanced_tracker.py:id_merge,
R,CLAMP,CLAMP,0
L,5,1906,PREDICTION,src/tracking/advanced_tracker.py:kalman_homography,
R,PREDICTION,PREDICTION,1
A,1906
S,0,1909,DETECTION,src/tracking/advanced_tracker.py:_activate_slot,1909_203_1017_1027_1428
S,2,1909,DETECTION,src/tracking/advanced_tracker.py:_activate_slot,1909_-6_-14_1019_679
S,3,1909,DETECTION,src/tracking/advanced_tracker.py:_activate_slot,1909_139_598_1030_969
S,5,1909,PREDICTION,src/tracking/advanced_tracker.py:kalman_homography,
S,1,1909,PREDICTION,src/tracking/advanced_tracker.py:flow_gapfill_batched,
D,0,1909
S,3,1909,PREDICTION,src/tracking/advanced_tracker.py:id_merge,
L,1,1909,PREDICTION,src/tracking/advanced_tracker.py:flow_gapfill_batched,
R,CLAMP,CLAMP,0
L,2,1909,DETECTION,src/tracking/advanced_tracker.py:_activate_slot,1909_-6_-14_1019_679
R,DETECTION,DETECTION,1
L,3,1909,PREDICTION,src/tracking/advanced_tracker.py:id_merge,
R,CLAMP,CLAMP,0
L,5,1909,PREDICTION,src/tracking/advanced_tracker.py:kalman_homography,
R,PREDICTION,PREDICTION,1
A,1909
S,0,1912,DETECTION,src/tracking/advanced_tracker.py:_activate_slot,1912_189_1028_1029_1457
S,2,1912,DETECTION,src/tracking/advanced_tracker.py:_activate_slot,1912_6_-15_1021_591
S,3,1912,DETECTION,src/tracking/advanced_tracker.py:_activate_slot,1912_136_535_1030_981
S,5,1912,PREDICTION,src/tracking/advanced_tracker.py:kalman_homography,
S,1,1912,PREDICTION,src/tracking/advanced_tracker.py:flow_gapfill_batched,
D,0,1912
S,2,1912,PREDICTION,src/tracking/advanced_tracker.py:id_merge,
D,1,1912
S,2,1912,PREDICTION,src/tracking/advanced_tracker.py:id_merge,
L,2,1912,PREDICTION,src/tracking/advanced_tracker.py:id_merge,
R,PREDICTION,PREDICTION,1
L,3,1912,DETECTION,src/tracking/advanced_tracker.py:_activate_slot,1912_136_535_1030_981
R,CLAMP,CLAMP,0
L,5,1912,PREDICTION,src/tracking/advanced_tracker.py:kalman_homography,
R,PREDICTION,PREDICTION,1
A,1912
S,0,1915,DETECTION,src/tracking/advanced_tracker.py:_activate_slot,1915_172_1044_1029_1473
S,2,1915,DETECTION,src/tracking/advanced_tracker.py:_activate_slot,1915_-12_-15_1020_519
S,3,1915,DETECTION,src/tracking/advanced_tracker.py:_activate_slot,1915_138_523_1029_997
S,5,1915,PREDICTION,src/tracking/advanced_tracker.py:flow_gapfill_batched,
D,0,1915
S,2,1915,PREDICTION,src/tracking/advanced_tracker.py:id_merge,
D,2,1915
S,3,1915,PREDICTION,src/tracking/advanced_tracker.py:id_merge,
L,3,1915,PREDICTION,src/tracking/advanced_tracker.py:id_merge,
R,CLAMP,CLAMP,0
L,5,1915,PREDICTION,src/tracking/advanced_tracker.py:flow_gapfill_batched,
R,PREDICTION,PREDICTION,1
A,1915
S,0,1918,DETECTION,src/tracking/advanced_tracker.py:_activate_slot,1918_153_1072_1027_1519
S,2,1918,DETECTION,src/tracking/advanced_tracker.py:_activate_slot,1918_-7_-14_1023_515
S,3,1918,DETECTION,src/tracking/advanced_tracker.py:_activate_slot,1918_135_529_1032_1009
D,0,1918
S,2,1918,PREDICTION,src/tracking/advanced_tracker.py:id_merge,
D,2,1918
S,3,1918,PREDICTION,src/tracking/advanced_tracker.py:id_merge,
L,3,1918,PREDICTION,src/tracking/advanced_tracker.py:id_merge,
R,CLAMP,CLAMP,0
A,1918
S,0,1921,DETECTION,src/tracking/advanced_tracker.py:_activate_slot,1921_132_1090_1027_1558
S,2,1921,DETECTION,src/tracking/advanced_tracker.py:_activate_slot,1921_126_60_1029_493
S,3,1921,DETECTION,src/tracking/advanced_tracker.py:_activate_slot,1921_138_546_1030_1008
D,0,1921
S,2,1921,PREDICTION,src/tracking/advanced_tracker.py:id_merge,
D,2,1921
S,3,1921,PREDICTION,src/tracking/advanced_tracker.py:id_merge,
L,3,1921,PREDICTION,src/tracking/advanced_tracker.py:id_merge,
R,CLAMP,CLAMP,0
A,1921
S,0,1924,DETECTION,src/tracking/advanced_tracker.py:_activate_slot,1924_105_1063_1024_1609
S,2,1924,DETECTION,src/tracking/advanced_tracker.py:_activate_slot,1924_150_-6_1025_533
S,3,1924,DETECTION,src/tracking/advanced_tracker.py:_activate_slot,1924_138_570_1030_999
S,9,1924,DETECTION,src/tracking/advanced_tracker.py:_activate_slot,1924_543_502_726_591
D,0,1924
S,2,1924,PREDICTION,src/tracking/advanced_tracker.py:id_merge,
D,2,1924
S,3,1924,PREDICTION,src/tracking/advanced_tracker.py:id_merge,
L,3,1924,PREDICTION,src/tracking/advanced_tracker.py:id_merge,
R,CLAMP,CLAMP,0
L,9,1924,DETECTION,src/tracking/advanced_tracker.py:_activate_slot,1924_543_502_726_591
R,DETECTION,DETECTION,1
A,1924
S,0,1927,DETECTION,src/tracking/advanced_tracker.py:_activate_slot,1927_90_1062_1026_1612
S,1,1927,CLAMP,src/tracking/advanced_tracker.py:_activate_slot,1927_148_-14_1026_545
S,3,1927,DETECTION,src/tracking/advanced_tracker.py:_activate_slot,1927_139_572_1033_987
S,9,1927,PREDICTION,src/tracking/advanced_tracker.py:kalman_homography,
D,0,1927
S,3,1927,PREDICTION,src/tracking/advanced_tracker.py:id_merge,
L,1,1927,CLAMP,src/tracking/advanced_tracker.py:_activate_slot,1927_148_-14_1026_545
R,CLAMP,CLAMP,0
L,3,1927,PREDICTION,src/tracking/advanced_tracker.py:id_merge,
R,CLAMP,CLAMP,0
L,9,1927,PREDICTION,src/tracking/advanced_tracker.py:kalman_homography,
R,PREDICTION,PREDICTION,1
A,1927
S,0,1930,DETECTION,src/tracking/advanced_tracker.py:_activate_slot,1930_67_1060_1023_1587
S,1,1930,CLAMP,src/tracking/advanced_tracker.py:_activate_slot,1930_165_-15_1030_456
S,3,1930,DETECTION,src/tracking/advanced_tracker.py:_activate_slot,1930_138_567_1030_978
S,5,1930,DETECTION,src/tracking/advanced_tracker.py:_activate_slot,1930_564_1117_732_1225
S,6,1930,DETECTION,src/tracking/advanced_tracker.py:_activate_slot,1930_568_981_739_1086
S,9,1930,PREDICTION,src/tracking/advanced_tracker.py:kalman_homography,
D,0,1930
S,3,1930,PREDICTION,src/tracking/advanced_tracker.py:id_merge,
D,5,1930
S,6,1930,PREDICTION,src/tracking/advanced_tracker.py:id_merge,
L,1,1930,CLAMP,src/tracking/advanced_tracker.py:_activate_slot,1930_165_-15_1030_456
R,CLAMP,CLAMP,0
L,3,1930,PREDICTION,src/tracking/advanced_tracker.py:id_merge,
R,CLAMP,CLAMP,0
L,6,1930,PREDICTION,src/tracking/advanced_tracker.py:id_merge,
R,PREDICTION,PREDICTION,1
L,9,1930,PREDICTION,src/tracking/advanced_tracker.py:kalman_homography,
R,PREDICTION,SUBPIXEL,0
A,1930
S,0,1933,DETECTION,src/tracking/advanced_tracker.py:_activate_slot,1933_63_1042_1024_1582
S,1,1933,CLAMP,src/tracking/advanced_tracker.py:_activate_slot,1933_159_-15_1026_447
S,3,1933,DETECTION,src/tracking/advanced_tracker.py:_activate_slot,1933_140_559_1028_975
S,4,1933,DETECTION,src/tracking/advanced_tracker.py:_activate_slot,1933_564_1111_734_1221
S,5,1933,PREDICTION,src/tracking/advanced_tracker.py:kalman_homography,
S,6,1933,PREDICTION,src/tracking/advanced_tracker.py:kalman_homography,
S,9,1933,PREDICTION,src/tracking/advanced_tracker.py:kalman_homography,
S,2,1933,PREDICTION,src/tracking/advanced_tracker.py:flow_gapfill_batched,
D,2,1933
S,0,1933,PREDICTION,src/tracking/advanced_tracker.py:id_merge,
D,0,1933
S,3,1933,PREDICTION,src/tracking/advanced_tracker.py:id_merge,
D,3,1933
S,4,1933,PREDICTION,src/tracking/advanced_tracker.py:id_merge,
D,5,1933
S,6,1933,PREDICTION,src/tracking/advanced_tracker.py:id_merge,
L,1,1933,CLAMP,src/tracking/advanced_tracker.py:_activate_slot,1933_159_-15_1026_447
R,CLAMP,CLAMP,0
L,4,1933,PREDICTION,src/tracking/advanced_tracker.py:id_merge,
R,PREDICTION,PREDICTION,1
L,6,1933,PREDICTION,src/tracking/advanced_tracker.py:id_merge,
R,PREDICTION,PREDICTION,1
L,9,1933,PREDICTION,src/tracking/advanced_tracker.py:kalman_homography,
R,PREDICTION,SUBPIXEL,0
A,1933
S,0,1936,DETECTION,src/tracking/advanced_tracker.py:_activate_slot,1936_70_1006_1023_1615
S,1,1936,CLAMP,src/tracking/advanced_tracker.py:_activate_slot,1936_158_-15_1021_487
S,3,1936,DETECTION,src/tracking/advanced_tracker.py:_activate_slot,1936_162_548_1027_978
S,7,1936,DETECTION,src/tracking/advanced_tracker.py:_activate_slot,1936_582_1108_751_1210
S,4,1936,PREDICTION,src/tracking/advanced_tracker.py:kalman_homography,
S,5,1936,PREDICTION,src/tracking/advanced_tracker.py:kalman_homography,
S,6,1936,PREDICTION,src/tracking/advanced_tracker.py:kalman_homography,
S,9,1936,PREDICTION,src/tracking/advanced_tracker.py:kalman_homography,
D,0,1936
S,3,1936,PREDICTION,src/tracking/advanced_tracker.py:id_merge,
D,4,1936
S,3,1936,PREDICTION,src/tracking/advanced_tracker.py:id_merge,
D,5,1936
S,6,1936,PREDICTION,src/tracking/advanced_tracker.py:id_merge,
D,6,1936
S,7,1936,PREDICTION,src/tracking/advanced_tracker.py:id_merge,
L,1,1936,CLAMP,src/tracking/advanced_tracker.py:_activate_slot,1936_158_-15_1021_487
R,CLAMP,CLAMP,0
L,3,1936,PREDICTION,src/tracking/advanced_tracker.py:id_merge,
R,CLAMP,CLAMP,0
L,7,1936,PREDICTION,src/tracking/advanced_tracker.py:id_merge,
R,PREDICTION,PREDICTION,1
L,9,1936,PREDICTION,src/tracking/advanced_tracker.py:kalman_homography,
R,PREDICTION,SUBPIXEL,0
A,1936
S,0,1939,DETECTION,src/tracking/advanced_tracker.py:_activate_slot,1939_79_991_1026_1596
S,1,1939,CLAMP,src/tracking/advanced_tracker.py:_activate_slot,1939_180_-15_1020_457
S,3,1939,DETECTION,src/tracking/advanced_tracker.py:_activate_slot,1939_176_548_1029_982
S,4,1939,DETECTION,src/tracking/advanced_tracker.py:_activate_slot,1939_589_1107_771_1201
S,7,1939,DETECTION,src/tracking/advanced_tracker.py:_activate_slot,1939_604_1108_832_1204
S,5,1939,PREDICTION,src/tracking/advanced_tracker.py:kalman_homography,
S,6,1939,PREDICTION,src/tracking/advanced_tracker.py:kalman_homography,
S,9,1939,PREDICTION,src/tracking/advanced_tracker.py:kalman_homography,
S,2,1939,PREDICTION,src/tracking/advanced_tracker.py:flow_gapfill_batched,
D,2,1939
S,0,1939,PREDICTION,src/tracking/advanced_tracker.py:id_merge,
D,0,1939
S,3,1939,PREDICTION,src/tracking/advanced_tracker.py:id_merge,
D,3,1939
S,4,1939,PREDICTION,src/tracking/advanced_tracker.py:id_merge,
D,5,1939
S,6,1939,PREDICTION,src/tracking/advanced_tracker.py:id_merge,
D,6,1939
S,7,1939,PREDICTION,src/tracking/advanced_tracker.py:id_merge,
L,1,1939,CLAMP,src/tracking/advanced_tracker.py:_activate_slot,1939_180_-15_1020_457
R,CLAMP,CLAMP,0
L,4,1939,PREDICTION,src/tracking/advanced_tracker.py:id_merge,
R,PREDICTION,PREDICTION,1
L,7,1939,PREDICTION,src/tracking/advanced_tracker.py:id_merge,
R,PREDICTION,PREDICTION,1
L,9,1939,PREDICTION,src/tracking/advanced_tracker.py:kalman_homography,
R,PREDICTION,SUBPIXEL,0
A,1939
S,0,1942,DETECTION,src/tracking/advanced_tracker.py:_activate_slot,1942_99_1009_1026_1495
S,1,1942,CLAMP,src/tracking/advanced_tracker.py:_activate_slot,1942_186_-15_1023_446
S,3,1942,DETECTION,src/tracking/advanced_tracker.py:_activate_slot,1942_186_564_1029_990
S,4,1942,PREDICTION,src/tracking/advanced_tracker.py:kalman_homography,
S,5,1942,PREDICTION,src/tracking/advanced_tracker.py:kalman_homography,
S,6,1942,PREDICTION,src/tracking/advanced_tracker.py:kalman_homography,
S,7,1942,PREDICTION,src/tracking/advanced_tracker.py:kalman_homography,
S,9,1942,PREDICTION,src/tracking/advanced_tracker.py:kalman_homography,
D,0,1942
S,3,1942,PREDICTION,src/tracking/advanced_tracker.py:id_merge,
D,4,1942
S,3,1942,PREDICTION,src/tracking/advanced_tracker.py:id_merge,
D,5,1942
S,6,1942,PREDICTION,src/tracking/advanced_tracker.py:id_merge,
D,6,1942
S,7,1942,PREDICTION,src/tracking/advanced_tracker.py:id_merge,
L,1,1942,CLAMP,src/tracking/advanced_tracker.py:_activate_slot,1942_186_-15_1023_446
R,CLAMP,CLAMP,0
L,3,1942,PREDICTION,src/tracking/advanced_tracker.py:id_merge,
R,CLAMP,CLAMP,0
L,7,1942,PREDICTION,src/tracking/advanced_tracker.py:id_merge,
R,PREDICTION,PREDICTION,1
L,9,1942,PREDICTION,src/tracking/advanced_tracker.py:kalman_homography,
R,PREDICTION,SUBPIXEL,0
A,1942
S,0,1945,DETECTION,src/tracking/advanced_tracker.py:_activate_slot,1945_102_1026_1024_1473
S,1,1945,CLAMP,src/tracking/advanced_tracker.py:_activate_slot,1945_198_-15_1029_495
S,3,1945,DETECTION,src/tracking/advanced_tracker.py:_activate_slot,1945_189_585_1032_1002
S,9,1945,DETECTION,src/tracking/advanced_tracker.py:_activate_slot,1945_581_470_783_564
S,4,1945,PREDICTION,src/tracking/advanced_tracker.py:kalman_homography,
S,5,1945,PREDICTION,src/tracking/advanced_tracker.py:kalman_homography,
S,6,1945,PREDICTION,src/tracking/advanced_tracker.py:kalman_homography,
S,7,1945,PREDICTION,src/tracking/advanced_tracker.py:kalman_homography,
D,0,1945
S,3,1945,PREDICTION,src/tracking/advanced_tracker.py:id_merge,
D,4,1945
S,3,1945,PREDICTION,src/tracking/advanced_tracker.py:id_merge,
D,5,1945
S,6,1945,PREDICTION,src/tracking/advanced_tracker.py:id_merge,
D,6,1945
S,7,1945,PREDICTION,src/tracking/advanced_tracker.py:id_merge,
L,1,1945,CLAMP,src/tracking/advanced_tracker.py:_activate_slot,1945_198_-15_1029_495
R,CLAMP,CLAMP,0
L,3,1945,PREDICTION,src/tracking/advanced_tracker.py:id_merge,
R,CLAMP,CLAMP,0
L,7,1945,PREDICTION,src/tracking/advanced_tracker.py:id_merge,
R,PREDICTION,PREDICTION,1
L,9,1945,DETECTION,src/tracking/advanced_tracker.py:_activate_slot,1945_581_470_783_564
R,DETECTION,DETECTION,1
A,1945
S,0,1948,DETECTION,src/tracking/advanced_tracker.py:_activate_slot,1948_88_1043_1023_1466
S,1,1948,CLAMP,src/tracking/advanced_tracker.py:_activate_slot,1948_199_-12_1029_489
S,3,1948,DETECTION,src/tracking/advanced_tracker.py:_activate_slot,1948_201_620_1033_1014
S,9,1948,DETECTION,src/tracking/advanced_tracker.py:_activate_slot,1948_582_485_804_583
S,4,1948,PREDICTION,src/tracking/advanced_tracker.py:kalman_homography,
S,5,1948,PREDICTION,src/tracking/advanced_tracker.py:kalman_homography,
S,6,1948,PREDICTION,src/tracking/advanced_tracker.py:kalman_homography,
S,7,1948,PREDICTION,src/tracking/advanced_tracker.py:kalman_homography,
D,0,1948
S,3,1948,PREDICTION,src/tracking/advanced_tracker.py:id_merge,
D,4,1948
S,3,1948,PREDICTION,src/tracking/advanced_tracker.py:id_merge,
D,5,1948
S,6,1948,PREDICTION,src/tracking/advanced_tracker.py:id_merge,
D,6,1948
S,7,1948,PREDICTION,src/tracking/advanced_tracker.py:id_merge,
L,1,1948,CLAMP,src/tracking/advanced_tracker.py:_activate_slot,1948_199_-12_1029_489
R,CLAMP,CLAMP,0
L,3,1948,PREDICTION,src/tracking/advanced_tracker.py:id_merge,
R,CLAMP,CLAMP,0
L,7,1948,PREDICTION,src/tracking/advanced_tracker.py:id_merge,
R,PREDICTION,PREDICTION,1
L,9,1948,DETECTION,src/tracking/advanced_tracker.py:_activate_slot,1948_582_485_804_583
R,DETECTION,DETECTION,1
A,1948
S,0,1951,DETECTION,src/tracking/advanced_tracker.py:_activate_slot,1951_79_1026_1021_1458
S,1,1951,CLAMP,src/tracking/advanced_tracker.py:_activate_slot,1951_222_16_1027_516
S,3,1951,DETECTION,src/tracking/advanced_tracker.py:_activate_slot,1951_210_645_1032_1020
S,9,1951,DETECTION,src/tracking/advanced_tracker.py:_activate_slot,1951_588_495_721_586
S,4,1951,PREDICTION,src/tracking/advanced_tracker.py:kalman_homography,
S,5,1951,PREDICTION,src/tracking/advanced_tracker.py:kalman_homography,
S,6,1951,PREDICTION,src/tracking/advanced_tracker.py:kalman_homography,
S,7,1951,PREDICTION,src/tracking/advanced_tracker.py:kalman_homography,
D,0,1951
S,3,1951,PREDICTION,src/tracking/advanced_tracker.py:id_merge,
D,4,1951
S,3,1951,PREDICTION,src/tracking/advanced_tracker.py:id_merge,
D,5,1951
S,6,1951,PREDICTION,src/tracking/advanced_tracker.py:id_merge,
D,6,1951
S,7,1951,PREDICTION,src/tracking/advanced_tracker.py:id_merge,
L,1,1951,CLAMP,src/tracking/advanced_tracker.py:_activate_slot,1951_222_16_1027_516
R,CLAMP,CLAMP,0
L,3,1951,PREDICTION,src/tracking/advanced_tracker.py:id_merge,
R,CLAMP,CLAMP,0
L,7,1951,PREDICTION,src/tracking/advanced_tracker.py:id_merge,
R,PREDICTION,PREDICTION,1
L,9,1951,DETECTION,src/tracking/advanced_tracker.py:_activate_slot,1951_588_495_721_586
R,DETECTION,DETECTION,1
A,1951
S,0,1954,DETECTION,src/tracking/advanced_tracker.py:_activate_slot,1954_86_1003_1027_1447
S,1,1954,CLAMP,src/tracking/advanced_tracker.py:_activate_slot,1954_265_58_1030_565
S,3,1954,DETECTION,src/tracking/advanced_tracker.py:_activate_slot,1954_228_687_1030_1037
S,9,1954,DETECTION,src/tracking/advanced_tracker.py:_activate_slot,1954_597_507_804_601
S,4,1954,PREDICTION,src/tracking/advanced_tracker.py:kalman_homography,
S,7,1954,PREDICTION,src/tracking/advanced_tracker.py:kalman_homography,
S,5,1954,PREDICTION,src/tracking/advanced_tracker.py:flow_gapfill_batched,
D,0,1954
S,3,1954,PREDICTION,src/tracking/advanced_tracker.py:id_merge,
D,4,1954
S,3,1954,PREDICTION,src/tracking/advanced_tracker.py:id_merge,
D,5,1954
S,7,1954,PREDICTION,src/tracking/advanced_tracker.py:id_merge,
L,1,1954,CLAMP,src/tracking/advanced_tracker.py:_activate_slot,1954_265_58_1030_565
R,CLAMP,CLAMP,0
L,3,1954,PREDICTION,src/tracking/advanced_tracker.py:id_merge,
R,CLAMP,CLAMP,0
L,7,1954,PREDICTION,src/tracking/advanced_tracker.py:id_merge,
R,PREDICTION,PREDICTION,1
L,9,1954,DETECTION,src/tracking/advanced_tracker.py:_activate_slot,1954_597_507_804_601
R,DETECTION,DETECTION,1
A,1954
S,0,1957,DETECTION,src/tracking/advanced_tracker.py:_activate_slot,1957_96_981_1027_1443
S,1,1957,CLAMP,src/tracking/advanced_tracker.py:_activate_slot,1957_249_87_1030_555
S,3,1957,DETECTION,src/tracking/advanced_tracker.py:_activate_slot,1957_235_709_1030_1039
S,9,1957,DETECTION,src/tracking/advanced_tracker.py:_activate_slot,1957_602_513_732_603
S,4,1957,PREDICTION,src/tracking/advanced_tracker.py:kalman_homography,
S,7,1957,PREDICTION,src/tracking/advanced_tracker.py:kalman_homography,
D,0,1957
S,3,1957,PREDICTION,src/tracking/advanced_tracker.py:id_merge,
D,4,1957
S,3,1957,PREDICTION,src/tracking/advanced_tracker.py:id_merge,
L,1,1957,CLAMP,src/tracking/advanced_tracker.py:_activate_slot,1957_249_87_1030_555
R,CLAMP,CLAMP,0
L,3,1957,PREDICTION,src/tracking/advanced_tracker.py:id_merge,
R,CLAMP,CLAMP,0
L,7,1957,PREDICTION,src/tracking/advanced_tracker.py:kalman_homography,
R,PREDICTION,PREDICTION,1
L,9,1957,DETECTION,src/tracking/advanced_tracker.py:_activate_slot,1957_602_513_732_603
R,DETECTION,DETECTION,1
A,1957
S,0,1960,DETECTION,src/tracking/advanced_tracker.py:_activate_slot,1960_107_754_1027_1429
S,1,1960,CLAMP,src/tracking/advanced_tracker.py:_activate_slot,1960_282_116_1029_582
S,3,1960,DETECTION,src/tracking/advanced_tracker.py:_activate_slot,1960_249_740_1029_1053
S,4,1960,DETECTION,src/tracking/advanced_tracker.py:_activate_slot,1960_607_630_732_723
S,8,1960,DETECTION,src/tracking/advanced_tracker.py:_activate_slot,1960_541_-15_687_52
S,7,1960,PREDICTION,src/tracking/advanced_tracker.py:kalman_homography,
S,9,1960,PREDICTION,src/tracking/advanced_tracker.py:kalman_homography,
D,0,1960
S,3,1960,PREDICTION,src/tracking/advanced_tracker.py:id_merge,
D,3,1960
S,4,1960,PREDICTION,src/tracking/advanced_tracker.py:id_merge,
D,7,1960
S,8,1960,PREDICTION,src/tracking/advanced_tracker.py:id_merge,
L,1,1960,CLAMP,src/tracking/advanced_tracker.py:_activate_slot,1960_282_116_1029_582
R,CLAMP,CLAMP,0
L,4,1960,PREDICTION,src/tracking/advanced_tracker.py:id_merge,
R,PREDICTION,PREDICTION,1
L,8,1960,PREDICTION,src/tracking/advanced_tracker.py:id_merge,
R,PREDICTION,PREDICTION,1
L,9,1960,PREDICTION,src/tracking/advanced_tracker.py:kalman_homography,
R,PREDICTION,PREDICTION,1
A,1960
S,0,1963,DETECTION,src/tracking/advanced_tracker.py:_activate_slot,1963_83_771_1024_1419
S,1,1963,CLAMP,src/tracking/advanced_tracker.py:_activate_slot,1963_280_139_1029_612
S,3,1963,DETECTION,src/tracking/advanced_tracker.py:_activate_slot,1963_249_750_1029_1133
S,8,1963,DETECTION,src/tracking/advanced_tracker.py:_activate_slot,1963_431_-15_687_88
S,4,1963,PREDICTION,src/tracking/advanced_tracker.py:kalman_homography,
S,9,1963,PREDICTION,src/tracking/advanced_tracker.py:kalman_homography,
S,7,1963,PREDICTION,src/tracking/advanced_tracker.py:flow_gapfill_batched,
D,0,1963
S,3,1963,PREDICTION,src/tracking/advanced_tracker.py:id_merge,
D,7,1963
S,8,1963,PREDICTION,src/tracking/advanced_tracker.py:id_merge,
L,1,1963,CLAMP,src/tracking/advanced_tracker.py:_activate_slot,1963_280_139_1029_612
R,CLAMP,CLAMP,0
L,3,1963,PREDICTION,src/tracking/advanced_tracker.py:id_merge,
R,CLAMP,CLAMP,0
L,4,1963,PREDICTION,src/tracking/advanced_tracker.py:kalman_homography,
R,PREDICTION,PREDICTION,1
L,8,1963,PREDICTION,src/tracking/advanced_tracker.py:id_merge,
R,PREDICTION,PREDICTION,1
L,9,1963,PREDICTION,src/tracking/advanced_tracker.py:kalman_homography,
R,PREDICTION,PREDICTION,1
A,1963
S,0,1966,DETECTION,src/tracking/advanced_tracker.py:_activate_slot,1966_4_832_1023_1429
S,1,1966,CLAMP,src/tracking/advanced_tracker.py:_activate_slot,1966_288_176_1028_600
S,3,1966,DETECTION,src/tracking/advanced_tracker.py:_activate_slot,1966_252_754_1030_1090
S,4,1966,PREDICTION,src/tracking/advanced_tracker.py:kalman_homography,
S,8,1966,PREDICTION,src/tracking/advanced_tracker.py:kalman_homography,
S,9,1966,PREDICTION,src/tracking/advanced_tracker.py:kalman_homography,
D,0,1966
S,3,1966,PREDICTION,src/tracking/advanced_tracker.py:id_merge,
L,1,1966,CLAMP,src/tracking/advanced_tracker.py:_activate_slot,1966_288_176_1028_600
R,CLAMP,CLAMP,0
L,3,1966,PREDICTION,src/tracking/advanced_tracker.py:id_merge,
R,CLAMP,CLAMP,0
L,4,1966,PREDICTION,src/tracking/advanced_tracker.py:kalman_homography,
R,CLAMP,CLAMP,1
L,8,1966,PREDICTION,src/tracking/advanced_tracker.py:kalman_homography,
R,PREDICTION,PREDICTION,1
L,9,1966,PREDICTION,src/tracking/advanced_tracker.py:kalman_homography,
R,PREDICTION,PREDICTION,1
A,1966
S,0,1969,DETECTION,src/tracking/advanced_tracker.py:_activate_slot,1969_27_756_1020_1407
S,1,1969,CLAMP,src/tracking/advanced_tracker.py:_activate_slot,1969_291_199_1029_648
S,3,1969,DETECTION,src/tracking/advanced_tracker.py:_activate_slot,1969_352_-15_703_149
S,4,1969,DETECTION,src/tracking/advanced_tracker.py:_activate_slot,1969_593_631_726_723
S,6,1969,DETECTION,src/tracking/advanced_tracker.py:_activate_slot,1969_357_754_1032_1084
S,9,1969,DETECTION,src/tracking/advanced_tracker.py:_activate_slot,1969_591_521_735_600
S,8,1969,PREDICTION,src/tracking/advanced_tracker.py:kalman_homography,
D,0,1969
S,3,1969,PREDICTION,src/tracking/advanced_tracker.py:id_merge,
D,8,1969
S,6,1969,PREDICTION,src/tracking/advanced_tracker.py:id_merge,
L,1,1969,CLAMP,src/tracking/advanced_tracker.py:_activate_slot,1969_291_199_1029_648
R,CLAMP,CLAMP,0
L,3,1969,PREDICTION,src/tracking/advanced_tracker.py:id_merge,
R,CLAMP,CLAMP,0
L,4,1969,DETECTION,src/tracking/advanced_tracker.py:_activate_slot,1969_593_631_726_723
R,DETECTION,DETECTION,1
L,6,1969,PREDICTION,src/tracking/advanced_tracker.py:id_merge,
R,PREDICTION,PREDICTION,1
L,9,1969,DETECTION,src/tracking/advanced_tracker.py:_activate_slot,1969_591_521_735_600
R,DETECTION,DETECTION,1
A,1969
S,0,1972,DETECTION,src/tracking/advanced_tracker.py:_activate_slot,1972_1_657_1018_1336
S,1,1972,DETECTION,src/tracking/advanced_tracker.py:_activate_slot,1972_286_230_1028_694
S,3,1972,DETECTION,src/tracking/advanced_tracker.py:_activate_slot,1972_291_-15_1004_183
S,4,1972,DETECTION,src/tracking/advanced_tracker.py:_activate_slot,1972_600_632_823_733
S,5,1972,DETECTION,src/tracking/advanced_tracker.py:_activate_slot,1972_597_632_781_723
S,6,1972,DETECTION,src/tracking/advanced_tracker.py:_activate_slot,1972_408_748_1025_976
S,8,1972,PREDICTION,src/tracking/advanced_tracker.py:kalman_homography,
S,9,1972,PREDICTION,src/tracking/advanced_tracker.py:kalman_homography,
D,0,1972
S,3,1972,PREDICTION,src/tracking/advanced_tracker.py:id_merge,
D,5,1972
S,6,1972,PREDICTION,src/tracking/advanced_tracker.py:id_merge,
D,8,1972
S,6,1972,PREDICTION,src/tracking/advanced_tracker.py:id_merge,
L,1,1972,DETECTION,src/tracking/advanced_tracker.py:_activate_slot,1972_286_230_1028_694
R,CLAMP,CLAMP,0
L,3,1972,PREDICTION,src/tracking/advanced_tracker.py:id_merge,
R,CLAMP,CLAMP,0
L,4,1972,DETECTION,src/tracking/advanced_tracker.py:_activate_slot,1972_600_632_823_733
R,DETECTION,DETECTION,1
L,6,1972,PREDICTION,src/tracking/advanced_tracker.py:id_merge,
R,PREDICTION,PREDICTION,1
L,9,1972,PREDICTION,src/tracking/advanced_tracker.py:kalman_homography,
R,PREDICTION,PREDICTION,1
A,1972
S,0,1975,DETECTION,src/tracking/advanced_tracker.py:_activate_slot,1975_-9_591_1021_1294
S,1,1975,CLAMP,src/tracking/advanced_tracker.py:_activate_slot,1975_290_-15_1029_204
S,4,1975,DETECTION,src/tracking/advanced_tracker.py:_activate_slot,1975_592_633_820_726
S,5,1975,PREDICTION,src/tracking/advanced_tracker.py:kalman_homography,
S,8,1975,PREDICTION,src/tracking/advanced_tracker.py:kalman_homography,
S,9,1975,PREDICTION,src/tracking/advanced_tracker.py:kalman_homography,
S,3,1975,PREDICTION,src/tracking/advanced_tracker.py:flow_gapfill_batched,
D,3,1975
S,0,1975,PREDICTION,src/tracking/advanced_tracker.py:id_merge,
D,0,1975
S,4,1975,PREDICTION,src/tracking/advanced_tracker.py:id_merge,
D,9,1975
S,5,1975,PREDICTION,src/tracking/advanced_tracker.py:id_merge,
L,1,1975,CLAMP,src/tracking/advanced_tracker.py:_activate_slot,1975_290_-15_1029_204
R,CLAMP,CLAMP,0
L,4,1975,PREDICTION,src/tracking/advanced_tracker.py:id_merge,
R,PREDICTION,PREDICTION,1
L,5,1975,PREDICTION,src/tracking/advanced_tracker.py:id_merge,
R,PREDICTION,PREDICTION,1
L,8,1975,PREDICTION,src/tracking/advanced_tracker.py:kalman_homography,
R,PREDICTION,PREDICTION,1
A,1975
S,0,1978,DETECTION,src/tracking/advanced_tracker.py:_activate_slot,1978_-1_506_1020_1254
S,1,1978,CLAMP,src/tracking/advanced_tracker.py:_activate_slot,1978_240_278_1027_765
S,2,1978,DETECTION,src/tracking/advanced_tracker.py:_activate_slot,1978_596_271_836_390
S,3,1978,DETECTION,src/tracking/advanced_tracker.py:_activate_slot,1978_284_-15_1022_233
S,4,1978,DETECTION,src/tracking/advanced_tracker.py:_activate_slot,1978_588_639_781_734
S,5,1978,PREDICTION,src/tracking/advanced_tracker.py:kalman_homography,
S,8,1978,PREDICTION,src/tracking/advanced_tracker.py:kalman_homography,
S,9,1978,PREDICTION,src/tracking/advanced_tracker.py:kalman_homography,
D,0,1978
S,3,1978,PREDICTION,src/tracking/advanced_tracker.py:id_merge,
D,2,1978
S,3,1978,PREDICTION,src/tracking/advanced_tracker.py:id_merge,
D,9,1978
S,5,1978,PREDICTION,src/tracking/advanced_tracker.py:id_merge,
L,1,1978,CLAMP,src/tracking/advanced_tracker.py:_activate_slot,1978_240_278_1027_765
R,CLAMP,CLAMP,0
L,3,1978,PREDICTION,src/tracking/advanced_tracker.py:id_merge,
R,CLAMP,CLAMP,0
L,4,1978,DETECTION,src/tracking/advanced_tracker.py:_activate_slot,1978_588_639_781_734
R,DETECTION,DETECTION,1
L,5,1978,PREDICTION,src/tracking/advanced_tracker.py:id_merge,
R,PREDICTION,PREDICTION,1
L,8,1978,PREDICTION,src/tracking/advanced_tracker.py:kalman_homography,
R,PREDICTION,PREDICTION,1
A,1978
S,0,1981,DETECTION,src/tracking/advanced_tracker.py:_activate_slot,1981_-11_455_1023_1235
S,1,1981,CLAMP,src/tracking/advanced_tracker.py:_activate_slot,1981_275_323_1030_752
S,2,1981,DETECTION,src/tracking/advanced_tracker.py:_activate_slot,1981_284_-15_1028_261
S,4,1981,PREDICTION,src/tracking/advanced_tracker.py:kalman_homography,
S,8,1981,PREDICTION,src/tracking/advanced_tracker.py:kalman_homography,
S,9,1981,PREDICTION,src/tracking/advanced_tracker.py:kalman_homography,
S,3,1981,PREDICTION,src/tracking/advanced_tracker.py:flow_gapfill_batched,
S,5,1981,PREDICTION,src/tracking/advanced_tracker.py:flow_gapfill_batched,
D,0,1981
S,2,1981,PREDICTION,src/tracking/advanced_tracker.py:id_merge,
D,3,1981
S,2,1981,PREDICTION,src/tracking/advanced_tracker.py:id_merge,
L,1,1981,CLAMP,src/tracking/advanced_tracker.py:_activate_slot,1981_275_323_1030_752
R,CLAMP,CLAMP,0
L,2,1981,PREDICTION,src/tracking/advanced_tracker.py:id_merge,
R,PREDICTION,PREDICTION,1
L,4,1981,PREDICTION,src/tracking/advanced_tracker.py:kalman_homography,
R,PREDICTION,PREDICTION,1
L,5,1981,PREDICTION,src/tracking/advanced_tracker.py:flow_gapfill_batched,
R,PREDICTION,PREDICTION,1
L,8,1981,PREDICTION,src/tracking/advanced_tracker.py:kalman_homography,
R,PREDICTION,PREDICTION,1
L,9,1981,PREDICTION,src/tracking/advanced_tracker.py:kalman_homography,
R,PREDICTION,PREDICTION,1
A,1981
S,0,1984,DETECTION,src/tracking/advanced_tracker.py:_activate_slot,1984_-5_388_1021_1183
S,1,1984,CLAMP,src/tracking/advanced_tracker.py:_activate_slot,1984_129_358_1023_694
S,2,1984,DETECTION,src/tracking/advanced_tracker.py:_activate_slot,1984_277_-15_1015_306
S,3,1984,DETECTION,src/tracking/advanced_tracker.py:_activate_slot,1984_251_978_768_1224
S,7,1984,DETECTION,src/tracking/advanced_tracker.py:_activate_slot,1984_657_1477_753_1573
S,4,1984,PREDICTION,src/tracking/advanced_tracker.py:kalman_homography,
S,5,1984,PREDICTION,src/tracking/advanced_tracker.py:kalman_homography,
S,8,1984,PREDICTION,src/tracking/advanced_tracker.py:kalman_homography,
S,9,1984,PREDICTION,src/tracking/advanced_tracker.py:kalman_homography,
D,0,1984
S,2,1984,PREDICTION,src/tracking/advanced_tracker.py:id_merge,
D,2,1984
S,3,1984,PREDICTION,src/tracking/advanced_tracker.py:id_merge,
D,4,1984
S,3,1984,PREDICTION,src/tracking/advanced_tracker.py:id_merge,
D,8,1984
S,7,1984,PREDICTION,src/tracking/advanced_tracker.py:id_merge,
L,1,1984,CLAMP,src/tracking/advanced_tracker.py:_activate_slot,1984_129_358_1023_694
R,CLAMP,CLAMP,0
L,3,1984,PREDICTION,src/tracking/advanced_tracker.py:id_merge,
R,CLAMP,CLAMP,0
L,5,1984,PREDICTION,src/tracking/advanced_tracker.py:kalman_homography,
R,CLAMP,CLAMP,0
L,7,1984,PREDICTION,src/tracking/advanced_tracker.py:id_merge,
R,PREDICTION,PREDICTION,1
L,9,1984,PREDICTION,src/tracking/advanced_tracker.py:kalman_homography,
R,PREDICTION,PREDICTION,1
A,1984
S,0,1987,DETECTION,src/tracking/advanced_tracker.py:_activate_slot,1987_-6_317_1021_1103
S,1,1987,CLAMP,src/tracking/advanced_tracker.py:_activate_slot,1987_271_-15_670_328
S,2,1987,DETECTION,src/tracking/advanced_tracker.py:_activate_slot,1987_273_-15_990_327
S,3,1987,DETECTION,src/tracking/advanced_tracker.py:_activate_slot,1987_235_891_1024_1219
S,5,1987,DETECTION,src/tracking/advanced_tracker.py:_activate_slot,1987_583_316_810_439
S,9,1987,DETECTION,src/tracking/advanced_tracker.py:_activate_slot,1987_606_1188_849_1302
S,4,1987,PREDICTION,src/tracking/advanced_tracker.py:kalman_homography,
S,7,1987,PREDICTION,src/tracking/advanced_tracker.py:kalman_homography,
S,8,1987,PREDICTION,src/tracking/advanced_tracker.py:flow_gapfill_batched,
D,0,1987
S,2,1987,PREDICTION,src/tracking/advanced_tracker.py:id_merge,
D,2,1987
S,3,1987,PREDICTION,src/tracking/advanced_tracker.py:id_merge,
D,4,1987
S,3,1987,PREDICTION,src/tracking/advanced_tracker.py:id_merge,
D,8,1987
S,7,1987,PREDICTION,src/tracking/advanced_tracker.py:id_merge,
D,7,1987
S,9,1987,PREDICTION,src/tracking/advanced_tracker.py:id_merge,
L,1,1987,CLAMP,src/tracking/advanced_tracker.py:_activate_slot,1987_271_-15_670_328
R,CLAMP,CLAMP,0
L,3,1987,PREDICTION,src/tracking/advanced_tracker.py:id_merge,
R,CLAMP,CLAMP,0
L,5,1987,DETECTION,src/tracking/advanced_tracker.py:_activate_slot,1987_583_316_810_439
R,DETECTION,DETECTION,1
L,9,1987,PREDICTION,src/tracking/advanced_tracker.py:id_merge,
R,PREDICTION,PREDICTION,1
A,1987
S,0,1990,DETECTION,src/tracking/advanced_tracker.py:_activate_slot,1990_-6_77_1014_838
S,2,1990,DETECTION,src/tracking/advanced_tracker.py:_activate_slot,1990_267_-15_1023_298
S,3,1990,DETECTION,src/tracking/advanced_tracker.py:_activate_slot,1990_220_837_1032_1203
S,1,1990,PREDICTION,src/tracking/advanced_tracker.py:kalman_homography,
S,4,1990,PREDICTION,src/tracking/advanced_tracker.py:kalman_homography,
S,5,1990,PREDICTION,src/tracking/advanced_tracker.py:kalman_homography,
S,7,1990,PREDICTION,src/tracking/advanced_tracker.py:kalman_homography,
S,9,1990,PREDICTION,src/tracking/advanced_tracker.py:kalman_homography,
S,6,1990,PREDICTION,src/tracking/advanced_tracker.py:flow_gapfill_batched,
D,1,1990
S,2,1990,PREDICTION,src/tracking/advanced_tracker.py:id_merge,
D,2,1990
S,3,1990,PREDICTION,src/tracking/advanced_tracker.py:id_merge,
D,4,1990
S,3,1990,PREDICTION,src/tracking/advanced_tracker.py:id_merge,
D,6,1990
S,7,1990,PREDICTION,src/tracking/advanced_tracker.py:id_merge,
D,7,1990
S,9,1990,PREDICTION,src/tracking/advanced_tracker.py:id_merge,
L,0,1990,DETECTION,src/tracking/advanced_tracker.py:_activate_slot,1990_-6_77_1014_838
R,CLAMP,CLAMP,0
L,3,1990,PREDICTION,src/tracking/advanced_tracker.py:id_merge,
R,CLAMP,CLAMP,0
L,5,1990,PREDICTION,src/tracking/advanced_tracker.py:kalman_homography,
R,PREDICTION,PREDICTION,1
L,9,1990,PREDICTION,src/tracking/advanced_tracker.py:id_merge,
R,PREDICTION,PREDICTION,1
A,1990
S,0,1993,CLAMP,src/tracking/advanced_tracker.py:_activate_slot,1993_-12_-13_1020_748
S,1,1993,CLAMP,src/tracking/advanced_tracker.py:_activate_slot,1993_216_840_1032_1203
S,2,1993,PREDICTION,src/tracking/advanced_tracker.py:kalman_homography,
S,3,1993,PREDICTION,src/tracking/advanced_tracker.py:kalman_homography,
S,4,1993,PREDICTION,src/tracking/advanced_tracker.py:kalman_homography,
S,5,1993,PREDICTION,src/tracking/advanced_tracker.py:kalman_homography,
S,7,1993,PREDICTION,src/tracking/advanced_tracker.py:kalman_homography,
S,9,1993,PREDICTION,src/tracking/advanced_tracker.py:kalman_homography,
S,6,1993,PREDICTION,src/tracking/advanced_tracker.py:flow_gapfill_batched,
D,2,1993
S,3,1993,PREDICTION,src/tracking/advanced_tracker.py:id_merge,
D,4,1993
S,3,1993,PREDICTION,src/tracking/advanced_tracker.py:id_merge,
D,7,1993
S,5,1993,PREDICTION,src/tracking/advanced_tracker.py:id_merge,
D,5,1993
S,9,1993,PREDICTION,src/tracking/advanced_tracker.py:id_merge,
D,6,1993
S,9,1993,PREDICTION,src/tracking/advanced_tracker.py:id_merge,
L,0,1993,CLAMP,src/tracking/advanced_tracker.py:_activate_slot,1993_-12_-13_1020_748
R,CLAMP,CLAMP,0
L,1,1993,CLAMP,src/tracking/advanced_tracker.py:_activate_slot,1993_216_840_1032_1203
R,CLAMP,CLAMP,0
L,3,1993,PREDICTION,src/tracking/advanced_tracker.py:id_merge,
R,CLAMP,CLAMP,0
L,9,1993,PREDICTION,src/tracking/advanced_tracker.py:id_merge,
R,PREDICTION,PREDICTION,1
A,1993
S,0,1996,CLAMP,src/tracking/advanced_tracker.py:_activate_slot,1996_-15_-15_1022_559
S,1,1996,CLAMP,src/tracking/advanced_tracker.py:_activate_slot,1996_198_856_1030_1215
S,3,1996,DETECTION,src/tracking/advanced_tracker.py:_activate_slot,1996_281_494_1029_822
S,2,1996,PREDICTION,src/tracking/advanced_tracker.py:kalman_homography,
S,4,1996,PREDICTION,src/tracking/advanced_tracker.py:kalman_homography,
S,5,1996,PREDICTION,src/tracking/advanced_tracker.py:kalman_homography,
S,7,1996,PREDICTION,src/tracking/advanced_tracker.py:kalman_homography,
S,9,1996,PREDICTION,src/tracking/advanced_tracker.py:kalman_homography,
S,6,1996,PREDICTION,src/tracking/advanced_tracker.py:flow_gapfill_batched,
D,2,1996
S,3,1996,PREDICTION,src/tracking/advanced_tracker.py:id_merge,
D,4,1996
S,3,1996,PREDICTION,src/tracking/advanced_tracker.py:id_merge,
D,7,1996
S,5,1996,PREDICTION,src/tracking/advanced_tracker.py:id_merge,
D,5,1996
S,9,1996,PREDICTION,src/tracking/advanced_tracker.py:id_merge,
L,0,1996,CLAMP,src/tracking/advanced_tracker.py:_activate_slot,1996_-15_-15_1022_559
R,CLAMP,CLAMP,0
L,1,1996,CLAMP,src/tracking/advanced_tracker.py:_activate_slot,1996_198_856_1030_1215
R,CLAMP,CLAMP,0
L,3,1996,PREDICTION,src/tracking/advanced_tracker.py:id_merge,
R,CLAMP,CLAMP,0
L,6,1996,PREDICTION,src/tracking/advanced_tracker.py:flow_gapfill_batched,
R,PREDICTION,PREDICTION,1
L,9,1996,PREDICTION,src/tracking/advanced_tracker.py:id_merge,
R,PREDICTION,PREDICTION,1
A,1996
S,0,1999,CLAMP,src/tracking/advanced_tracker.py:_activate_slot,1999_-10_-14_1020_458
S,1,1999,CLAMP,src/tracking/advanced_tracker.py:_activate_slot,1999_183_882_1029_1233
S,2,1999,DETECTION,src/tracking/advanced_tracker.py:_activate_slot,1999_273_523_1032_849
S,4,1999,DETECTION,src/tracking/advanced_tracker.py:_activate_slot,1999_568_1240_725_1357
S,5,1999,PREDICTION,src/tracking/advanced_tracker.py:kalman_homography,
S,7,1999,PREDICTION,src/tracking/advanced_tracker.py:kalman_homography,
S,9,1999,PREDICTION,src/tracking/advanced_tracker.py:kalman_homography,
D,2,1999
S,4,1999,PREDICTION,src/tracking/advanced_tracker.py:id_merge,
D,7,1999
S,5,1999,PREDICTION,src/tracking/advanced_tracker.py:id_merge,
D,5,1999
S,9,1999,PREDICTION,src/tracking/advanced_tracker.py:id_merge,
L,0,1999,CLAMP,src/tracking/advanced_tracker.py:_activate_slot,1999_-10_-14_1020_458
R,CLAMP,CLAMP,0
L,1,1999,CLAMP,src/tracking/advanced_tracker.py:_activate_slot,1999_183_882_1029_1233
R,CLAMP,CLAMP,0
L,4,1999,PREDICTION,src/tracking/advanced_tracker.py:id_merge,
R,PREDICTION,PREDICTION,1
L,9,1999,PREDICTION,src/tracking/advanced_tracker.py:id_merge,
R,PREDICTION,PREDICTION,1
A,1999
S,0,2002,CLAMP,src/tracking/advanced_tracker.py:_activate_slot,2002_83_-15_1032_486
S,1,2002,CLAMP,src/tracking/advanced_tracker.py:_activate_slot,2002_171_909_1026_1269
S,2,2002,DETECTION,src/tracking/advanced_tracker.py:_activate_slot,2002_269_572_1030_888
S,3,2002,DETECTION,src/tracking/advanced_tracker.py:_activate_slot,2002_186_136_1026_498
S,4,2002,PREDICTION,src/tracking/advanced_tracker.py:kalman_homography,
S,5,2002,PREDICTION,src/tracking/advanced_tracker.py:kalman_homography,
S,7,2002,PREDICTION,src/tracking/advanced_tracker.py:kalman_homography,
S,9,2002,PREDICTION,src/tracking/advanced_tracker.py:kalman_homography,
D,4,2002
S,2,2002,PREDICTION,src/tracking/advanced_tracker.py:id_merge,
D,7,2002
S,5,2002,PREDICTION,src/tracking/advanced_tracker.py:id_merge,
D,5,2002
S,9,2002,PREDICTION,src/tracking/advanced_tracker.py:id_merge,
L,0,2002,CLAMP,src/tracking/advanced_tracker.py:_activate_slot,2002_83_-15_1032_486
R,CLAMP,CLAMP,0
L,1,2002,CLAMP,src/tracking/advanced_tracker.py:_activate_slot,2002_171_909_1026_1269
R,CLAMP,CLAMP,0
L,2,2002,PREDICTION,src/tracking/advanced_tracker.py:id_merge,
R,PREDICTION,PREDICTION,1
L,3,2002,DETECTION,src/tracking/advanced_tracker.py:_activate_slot,2002_186_136_1026_498
R,CLAMP,CLAMP,0
L,9,2002,PREDICTION,src/tracking/advanced_tracker.py:id_merge,
R,PREDICTION,PREDICTION,1
A,2002
S,0,2005,CLAMP,src/tracking/advanced_tracker.py:_activate_slot,2005_110_-15_1016_257
S,1,2005,CLAMP,src/tracking/advanced_tracker.py:_activate_slot,2005_166_933_1026_1298
S,2,2005,DETECTION,src/tracking/advanced_tracker.py:_activate_slot,2005_267_604_1030_915
S,3,2005,DETECTION,src/tracking/advanced_tracker.py:_activate_slot,2005_219_79_1029_527
S,4,2005,PREDICTION,src/tracking/advanced_tracker.py:kalman_homography,
S,5,2005,PREDICTION,src/tracking/advanced_tracker.py:kalman_homography,
S,7,2005,PREDICTION,src/tracking/advanced_tracker.py:kalman_homography,
S,9,2005,PREDICTION,src/tracking/advanced_tracker.py:flow_gapfill_batched,
D,4,2005
S,2,2005,PREDICTION,src/tracking/advanced_tracker.py:id_merge,
D,7,2005
S,5,2005,PREDICTION,src/tracking/advanced_tracker.py:id_merge,
D,5,2005
S,9,2005,PREDICTION,src/tracking/advanced_tracker.py:id_merge,
L,0,2005,CLAMP,src/tracking/advanced_tracker.py:_activate_slot,2005_110_-15_1016_257
R,CLAMP,CLAMP,0
L,1,2005,CLAMP,src/tracking/advanced_tracker.py:_activate_slot,2005_166_933_1026_1298
R,CLAMP,CLAMP,0
L,2,2005,PREDICTION,src/tracking/advanced_tracker.py:id_merge,
R,PREDICTION,PREDICTION,1
L,3,2005,DETECTION,src/tracking/advanced_tracker.py:_activate_slot,2005_219_79_1029_527
R,CLAMP,CLAMP,0
L,9,2005,PREDICTION,src/tracking/advanced_tracker.py:id_merge,
R,PREDICTION,PREDICTION,1
A,2005
