S,0,324,DETECTION,src/tracking/advanced_tracker.py:_activate_slot,324_192_609_373_717
L,0,324,DETECTION,src/tracking/advanced_tracker.py:_activate_slot,324_192_609_373_717
R,DETECTION,DETECTION,1
A,324
S,0,327,PREDICTION,src/tracking/advanced_tracker.py:kalman_homography,
L,0,327,PREDICTION,src/tracking/advanced_tracker.py:kalman_homography,
R,CLAMP,CLAMP,0
A,327
S,0,330,PREDICTION,src/tracking/advanced_tracker.py:kalman_homography,
L,0,330,PREDICTION,src/tracking/advanced_tracker.py:kalman_homography,
R,CLAMP,CLAMP,0
A,330
S,0,333,PREDICTION,src/tracking/advanced_tracker.py:kalman_homography,
L,0,333,PREDICTION,src/tracking/advanced_tracker.py:kalman_homography,
R,CLAMP,CLAMP,0
A,333
S,0,336,PREDICTION,src/tracking/advanced_tracker.py:kalman_homography,
L,0,336,PREDICTION,src/tracking/advanced_tracker.py:kalman_homography,
R,CLAMP,CLAMP,0
A,336
S,5,339,DETECTION,src/tracking/advanced_tracker.py:_activate_slot,339_111_562_388_666
S,0,339,PREDICTION,src/tracking/advanced_tracker.py:kalman_homography,
L,0,339,PREDICTION,src/tracking/advanced_tracker.py:kalman_homography,
R,CLAMP,CLAMP,0
L,5,339,DETECTION,src/tracking/advanced_tracker.py:_activate_slot,339_111_562_388_666
R,DETECTION,DETECTION,1
A,339
S,5,342,DETECTION,src/tracking/advanced_tracker.py:_activate_slot,342_110_559_385_664
S,0,342,PREDICTION,src/tracking/advanced_tracker.py:kalman_homography,
L,0,342,PREDICTION,src/tracking/advanced_tracker.py:kalman_homography,
R,CLAMP,CLAMP,0
L,5,342,DETECTION,src/tracking/advanced_tracker.py:_activate_slot,342_110_559_385_664
R,DETECTION,DETECTION,1
A,342
S,5,345,DETECTION,src/tracking/advanced_tracker.py:_activate_slot,345_114_558_383_658
S,0,345,PREDICTION,src/tracking/advanced_tracker.py:kalman_homography,
L,0,345,PREDICTION,src/tracking/advanced_tracker.py:kalman_homography,
R,CLAMP,CLAMP,0
L,5,345,DETECTION,src/tracking/advanced_tracker.py:_activate_slot,345_114_558_383_658
R,DETECTION,DETECTION,1
A,345
S,5,348,DETECTION,src/tracking/advanced_tracker.py:_activate_slot,348_116_554_382_657
S,0,348,PREDICTION,src/tracking/advanced_tracker.py:flow_gapfill_batched,
L,0,348,PREDICTION,src/tracking/advanced_tracker.py:flow_gapfill_batched,
R,PREDICTION,PREDICTION,1
L,5,348,DETECTION,src/tracking/advanced_tracker.py:_activate_slot,348_116_554_382_657
R,DETECTION,DETECTION,1
A,348
S,5,351,DETECTION,src/tracking/advanced_tracker.py:_activate_slot,351_119_548_384_659
L,5,351,DETECTION,src/tracking/advanced_tracker.py:_activate_slot,351_119_548_384_659
R,DETECTION,DETECTION,1
A,351
S,5,354,DETECTION,src/tracking/advanced_tracker.py:_activate_slot,354_121_545_382_660
L,5,354,DETECTION,src/tracking/advanced_tracker.py:_activate_slot,354_121_545_382_660
R,DETECTION,DETECTION,1
A,354
S,5,357,DETECTION,src/tracking/advanced_tracker.py:_activate_slot,357_127_544_382_659
L,5,357,DETECTION,src/tracking/advanced_tracker.py:_activate_slot,357_127_544_382_659
R,DETECTION,DETECTION,1
A,357
S,5,360,DETECTION,src/tracking/advanced_tracker.py:_activate_slot,360_128_540_383_662
L,5,360,DETECTION,src/tracking/advanced_tracker.py:_activate_slot,360_128_540_383_662
R,DETECTION,DETECTION,1
A,360
S,6,363,DETECTION,src/tracking/advanced_tracker.py:_activate_slot,363_179_666_374_768
S,5,363,PREDICTION,src/tracking/advanced_tracker.py:flow_gapfill_batched,
L,5,363,PREDICTION,src/tracking/advanced_tracker.py:flow_gapfill_batched,
R,PREDICTION,PREDICTION,1
L,6,363,DETECTION,src/tracking/advanced_tracker.py:_activate_slot,363_179_666_374_768
R,DETECTION,DETECTION,1
A,363
S,6,366,DETECTION,src/tracking/advanced_tracker.py:_activate_slot,366_179_668_374_767
S,5,366,PREDICTION,src/tracking/advanced_tracker.py:flow_gapfill_batched,
L,5,366,PREDICTION,src/tracking/advanced_tracker.py:flow_gapfill_batched,
R,PREDICTION,PREDICTION,1
L,6,366,DETECTION,src/tracking/advanced_tracker.py:_activate_slot,366_179_668_374_767
R,DETECTION,SUBPIXEL,0
A,366
S,6,369,DETECTION,src/tracking/advanced_tracker.py:_activate_slot,369_179_667_374_769
S,5,369,PREDICTION,src/tracking/advanced_tracker.py:flow_gapfill_batched,
L,5,369,PREDICTION,src/tracking/advanced_tracker.py:flow_gapfill_batched,
R,PREDICTION,SUBPIXEL,0
L,6,369,DETECTION,src/tracking/advanced_tracker.py:_activate_slot,369_179_667_374_769
R,DETECTION,DETECTION,1
A,369
S,5,372,DETECTION,src/tracking/advanced_tracker.py:_activate_slot,372_143_542_384_665
S,6,372,DETECTION,src/tracking/advanced_tracker.py:_activate_slot,372_179_667_374_769
L,5,372,DETECTION,src/tracking/advanced_tracker.py:_activate_slot,372_143_542_384_665
R,DETECTION,DETECTION,1
L,6,372,DETECTION,src/tracking/advanced_tracker.py:_activate_slot,372_179_667_374_769
R,DETECTION,SUBPIXEL,0
A,372
S,6,375,CLAMP,src/tracking/advanced_tracker.py:_activate_slot,375_143_541_384_664
S,5,375,PREDICTION,src/tracking/advanced_tracker.py:flow_gapfill_batched,
L,5,375,PREDICTION,src/tracking/advanced_tracker.py:flow_gapfill_batched,
R,PREDICTION,PREDICTION,1
L,6,375,CLAMP,src/tracking/advanced_tracker.py:_activate_slot,375_143_541_384_664
R,CLAMP,CLAMP,0
A,375
S,5,378,DETECTION,src/tracking/advanced_tracker.py:_activate_slot,378_143_549_383_663
S,6,378,PREDICTION,src/tracking/advanced_tracker.py:kalman_homography,
D,6,378
S,5,378,PREDICTION,src/tracking/advanced_tracker.py:id_merge,
L,5,378,PREDICTION,src/tracking/advanced_tracker.py:id_merge,
R,PREDICTION,PREDICTION,1
A,378
S,5,381,PREDICTION,src/tracking/advanced_tracker.py:flow_gapfill_batched,
S,6,381,PREDICTION,src/tracking/advanced_tracker.py:flow_gapfill_batched,
D,6,381
S,5,381,PREDICTION,src/tracking/advanced_tracker.py:id_merge,
L,5,381,PREDICTION,src/tracking/advanced_tracker.py:id_merge,
R,PREDICTION,PREDICTION,1
A,381
S,5,384,PREDICTION,src/tracking/advanced_tracker.py:flow_gapfill_batched,
S,6,384,PREDICTION,src/tracking/advanced_tracker.py:flow_gapfill_batched,
D,6,384
S,5,384,PREDICTION,src/tracking/advanced_tracker.py:id_merge,
L,5,384,PREDICTION,src/tracking/advanced_tracker.py:id_merge,
R,PREDICTION,PREDICTION,1
A,384
S,5,387,PREDICTION,src/tracking/advanced_tracker.py:flow_gapfill_batched,
S,6,387,PREDICTION,src/tracking/advanced_tracker.py:flow_gapfill_batched,
D,6,387
S,5,387,PREDICTION,src/tracking/advanced_tracker.py:id_merge,
L,5,387,PREDICTION,src/tracking/advanced_tracker.py:id_merge,
R,PREDICTION,PREDICTION,1
A,387
S,5,390,PREDICTION,src/tracking/advanced_tracker.py:flow_gapfill_batched,
S,6,390,PREDICTION,src/tracking/advanced_tracker.py:flow_gapfill_batched,
D,6,390
S,5,390,PREDICTION,src/tracking/advanced_tracker.py:id_merge,
L,5,390,PREDICTION,src/tracking/advanced_tracker.py:id_merge,
R,PREDICTION,SUBPIXEL,0
A,390
S,5,393,PREDICTION,src/tracking/advanced_tracker.py:flow_gapfill_batched,
S,6,393,PREDICTION,src/tracking/advanced_tracker.py:flow_gapfill_batched,
D,6,393
S,5,393,PREDICTION,src/tracking/advanced_tracker.py:id_merge,
L,5,393,PREDICTION,src/tracking/advanced_tracker.py:id_merge,
R,PREDICTION,PREDICTION,1
A,393
S,5,396,PREDICTION,src/tracking/advanced_tracker.py:flow_gapfill_batched,
S,6,396,PREDICTION,src/tracking/advanced_tracker.py:flow_gapfill_batched,
D,6,396
S,5,396,PREDICTION,src/tracking/advanced_tracker.py:id_merge,
L,5,396,PREDICTION,src/tracking/advanced_tracker.py:id_merge,
R,PREDICTION,PREDICTION,1
A,396
S,5,399,PREDICTION,src/tracking/advanced_tracker.py:flow_gapfill_batched,
S,6,399,PREDICTION,src/tracking/advanced_tracker.py:flow_gapfill_batched,
D,6,399
S,5,399,PREDICTION,src/tracking/advanced_tracker.py:id_merge,
L,5,399,PREDICTION,src/tracking/advanced_tracker.py:id_merge,
R,PREDICTION,SUBPIXEL,0
A,399
S,5,402,PREDICTION,src/tracking/advanced_tracker.py:flow_gapfill_batched,
L,5,402,PREDICTION,src/tracking/advanced_tracker.py:flow_gapfill_batched,
R,PREDICTION,PREDICTION,1
A,402
A,405
S,7,408,DETECTION,src/tracking/advanced_tracker.py:_activate_slot,408_200_622_378_721
L,7,408,DETECTION,src/tracking/advanced_tracker.py:_activate_slot,408_200_622_378_721
R,DETECTION,DETECTION,1
A,408
S,7,411,PREDICTION,src/tracking/advanced_tracker.py:kalman_homography,
L,7,411,PREDICTION,src/tracking/advanced_tracker.py:kalman_homography,
R,CLAMP,CLAMP,0
A,411
S,0,414,DETECTION,src/tracking/advanced_tracker.py:_activate_slot,414_520_663_882_834
S,1,414,DETECTION,src/tracking/advanced_tracker.py:_activate_slot,414_428_447_779_564
S,2,414,DETECTION,src/tracking/advanced_tracker.py:_activate_slot,414_513_814_867_952
S,3,414,DETECTION,src/tracking/advanced_tracker.py:_activate_slot,414_498_981_848_1131
S,4,414,DETECTION,src/tracking/advanced_tracker.py:_activate_slot,414_332_638_624_789
S,8,414,DETECTION,src/tracking/advanced_tracker.py:_activate_slot,414_167_915_358_1003
S,9,414,DETECTION,src/tracking/advanced_tracker.py:_activate_slot,414_171_795_375_900
S,7,414,PREDICTION,src/tracking/advanced_tracker.py:kalman_homography,
D,0,414
S,2,414,PREDICTION,src/tracking/advanced_tracker.py:id_merge,
D,2,414
S,3,414,PREDICTION,src/tracking/advanced_tracker.py:id_merge,
D,7,414
S,9,414,PREDICTION,src/tracking/advanced_tracker.py:id_merge,
D,8,414
S,9,414,PREDICTION,src/tracking/advanced_tracker.py:id_merge,
L,1,414,DETECTION,src/tracking/advanced_tracker.py:_activate_slot,414_428_447_779_564
R,DETECTION,DETECTION,1
L,3,414,PREDICTION,src/tracking/advanced_tracker.py:id_merge,
R,PREDICTION,PREDICTION,1
L,4,414,DETECTION,src/tracking/advanced_tracker.py:_activate_slot,414_332_638_624_789
R,DETECTION,DETECTION,1
L,9,414,PREDICTION,src/tracking/advanced_tracker.py:id_merge,
R,PREDICTION,PREDICTION,1
A,414
S,0,417,DETECTION,src/tracking/advanced_tracker.py:_activate_slot,417_520_659_880_834
S,1,417,DETECTION,src/tracking/advanced_tracker.py:_activate_slot,417_426_450_778_575
S,2,417,DETECTION,src/tracking/advanced_tracker.py:_activate_slot,417_513_818_867_953
S,3,417,DETECTION,src/tracking/advanced_tracker.py:_activate_slot,417_494_988_849_1135
S,4,417,DETECTION,src/tracking/advanced_tracker.py:_activate_slot,417_331_637_621_789
S,5,417,DETECTION,src/tracking/advanced_tracker.py:_activate_slot,417_171_795_378_900
S,6,417,DETECTION,src/tracking/advanced_tracker.py:_activate_slot,417_168_915_359_1003
S,7,417,PREDICTION,src/tracking/advanced_tracker.py:kalman_homography,
S,8,417,PREDICTION,src/tracking/advanced_tracker.py:kalman_homography,
S,9,417,PREDICTION,src/tracking/advanced_tracker.py:kalman_homography,
D,0,417
S,2,417,PREDICTION,src/tracking/advanced_tracker.py:id_merge,
D,2,417
S,3,417,PREDICTION,src/tracking/advanced_tracker.py:id_merge,
D,5,417
S,6,417,PREDICTION,src/tracking/advanced_tracker.py:id_merge,
D,8,417
S,6,417,PREDICTION,src/tracking/advanced_tracker.py:id_merge,
D,9,417
S,6,417,PREDICTION,src/tracking/advanced_tracker.py:id_merge,
L,1,417,DETECTION,src/tracking/advanced_tracker.py:_activate_slot,417_426_450_778_575
R,DETECTION,DETECTION,1
L,3,417,PREDICTION,src/tracking/advanced_tracker.py:id_merge,
R,PREDICTION,PREDICTION,1
L,4,417,DETECTION,src/tracking/advanced_tracker.py:_activate_slot,417_331_637_621_789
R,DETECTION,DETECTION,1
L,6,417,PREDICTION,src/tracking/advanced_tracker.py:id_merge,
R,CLAMP,CLAMP,0
L,7,417,PREDICTION,src/tracking/advanced_tracker.py:kalman_homography,
R,PREDICTION,PREDICTION,1
A,417
S,0,420,DETECTION,src/tracking/advanced_tracker.py:_activate_slot,420_522_650_880_828
S,1,420,DETECTION,src/tracking/advanced_tracker.py:_activate_slot,420_426_447_778_584
S,2,420,DETECTION,src/tracking/advanced_tracker.py:_activate_slot,420_513_818_868_953
S,3,420,DETECTION,src/tracking/advanced_tracker.py:_activate_slot,420_492_999_846_1140
S,4,420,DETECTION,src/tracking/advanced_tracker.py:_activate_slot,420_330_637_615_790
S,5,420,DETECTION,src/tracking/advanced_tracker.py:_activate_slot,420_171_795_378_900
S,6,420,DETECTION,src/tracking/advanced_tracker.py:_activate_slot,420_168_915_360_1003
S,7,420,PREDICTION,src/tracking/advanced_tracker.py:kalman_homography,
S,8,420,PREDICTION,src/tracking/advanced_tracker.py:kalman_homography,
S,9,420,PREDICTION,src/tracking/advanced_tracker.py:kalman_homography,
D,0,420
S,2,420,PREDICTION,src/tracking/advanced_tracker.py:id_merge,
D,2,420
S,3,420,PREDICTION,src/tracking/advanced_tracker.py:id_merge,
D,5,420
S,6,420,PREDICTION,src/tracking/advanced_tracker.py:id_merge,
D,8,420
S,6,420,PREDICTION,src/tracking/advanced_tracker.py:id_merge,
D,9,420
S,6,420,PREDICTION,src/tracking/advanced_tracker.py:id_merge,
L,1,420,DETECTION,src/tracking/advanced_tracker.py:_activate_slot,420_426_447_778_584
R,DETECTION,DETECTION,1
L,3,420,PREDICTION,src/tracking/advanced_tracker.py:id_merge,
R,PREDICTION,PREDICTION,1
L,4,420,DETECTION,src/tracking/advanced_tracker.py:_activate_slot,420_330_637_615_790
R,DETECTION,DETECTION,1
L,6,420,PREDICTION,src/tracking/advanced_tracker.py:id_merge,
R,CLAMP,CLAMP,0
L,7,420,PREDICTION,src/tracking/advanced_tracker.py:kalman_homography,
R,PREDICTION,SUBPIXEL,0
A,420
S,0,423,DETECTION,src/tracking/advanced_tracker.py:_activate_slot,423_521_648_880_824
S,1,423,DETECTION,src/tracking/advanced_tracker.py:_activate_slot,423_426_448_777_591
S,2,423,DETECTION,src/tracking/advanced_tracker.py:_activate_slot,423_513_820_868_955
S,3,423,DETECTION,src/tracking/advanced_tracker.py:_activate_slot,423_491_999_843_1146
S,4,423,DETECTION,src/tracking/advanced_tracker.py:_activate_slot,423_325_638_601_791
S,5,423,DETECTION,src/tracking/advanced_tracker.py:_activate_slot,423_322_865_604_985
S,6,423,DETECTION,src/tracking/advanced_tracker.py:_activate_slot,423_168_915_359_1005
S,9,423,DETECTION,src/tracking/advanced_tracker.py:_activate_slot,423_172_796_378_901
S,7,423,PREDICTION,src/tracking/advanced_tracker.py:kalman_homography,
S,8,423,PREDICTION,src/tracking/advanced_tracker.py:kalman_homography,
D,0,423
S,2,423,PREDICTION,src/tracking/advanced_tracker.py:id_merge,
D,2,423
S,3,423,PREDICTION,src/tracking/advanced_tracker.py:id_merge,
D,8,423
S,5,423,PREDICTION,src/tracking/advanced_tracker.py:id_merge,
D,5,423
S,9,423,PREDICTION,src/tracking/advanced_tracker.py:id_merge,
D,6,423
S,9,423,PREDICTION,src/tracking/advanced_tracker.py:id_merge,
D,7,423
S,9,423,PREDICTION,src/tracking/advanced_tracker.py:id_merge,
L,1,423,DETECTION,src/tracking/advanced_tracker.py:_activate_slot,423_426_448_777_591
R,DETECTION,DETECTION,1
L,3,423,PREDICTION,src/tracking/advanced_tracker.py:id_merge,
R,PREDICTION,PREDICTION,1
L,4,423,DETECTION,src/tracking/advanced_tracker.py:_activate_slot,423_325_638_601_791
R,DETECTION,DETECTION,1
L,9,423,PREDICTION,src/tracking/advanced_tracker.py:id_merge,
R,PREDICTION,PREDICTION,1
A,423
S,0,426,DETECTION,src/tracking/advanced_tracker.py:_activate_slot,426_521_645_878_819
S,1,426,DETECTION,src/tracking/advanced_tracker.py:_activate_slot,426_428_448_779_592
S,2,426,DETECTION,src/tracking/advanced_tracker.py:_activate_slot,426_511_822_870_957
S,3,426,DETECTION,src/tracking/advanced_tracker.py:_activate_slot,426_492_996_849_1149
S,4,426,DETECTION,src/tracking/advanced_tracker.py:_activate_slot,426_332_636_605_792
S,6,426,DETECTION,src/tracking/advanced_tracker.py:_activate_slot,426_234_1207_495_1321
S,9,426,DETECTION,src/tracking/advanced_tracker.py:_activate_slot,426_171_795_379_902
S,8,426,DETECTION,src/tracking/advanced_tracker.py:_activate_slot,426_174_913_359_1003
S,5,426,PREDICTION,src/tracking/advanced_tracker.py:kalman_homography,
S,7,426,PREDICTION,src/tracking/advanced_tracker.py:kalman_homography,
D,0,426
S,2,426,PREDICTION,src/tracking/advanced_tracker.py:id_merge,
D,2,426
S,3,426,PREDICTION,src/tracking/advanced_tracker.py:id_merge,
D,7,426
S,9,426,PREDICTION,src/tracking/advanced_tracker.py:id_merge,
D,8,426
S,9,426,PREDICTION,src/tracking/advanced_tracker.py:id_merge,
L,1,426,DETECTION,src/tracking/advanced_tracker.py:_activate_slot,426_428_448_779_592
R,DETECTION,DETECTION,1
L,3,426,PREDICTION,src/tracking/advanced_tracker.py:id_merge,
R,PREDICTION,PREDICTION,1
L,4,426,DETECTION,src/tracking/advanced_tracker.py:_activate_slot,426_332_636_605_792
R,DETECTION,DETECTION,1
L,5,426,PREDICTION,src/tracking/advanced_tracker.py:kalman_homography,
R,CLAMP,CLAMP,0
L,6,426,DETECTION,src/tracking/advanced_tracker.py:_activate_slot,426_234_1207_495_1321
R,DETECTION,DETECTION,1
L,9,426,PREDICTION,src/tracking/advanced_tracker.py:id_merge,
R,PREDICTION,SUBPIXEL,0
A,426
S,0,429,DETECTION,src/tracking/advanced_tracker.py:_activate_slot,429_523_642_880_818
S,1,429,DETECTION,src/tracking/advanced_tracker.py:_activate_slot,429_429_449_781_591
S,2,429,DETECTION,src/tracking/advanced_tracker.py:_activate_slot,429_510_817_871_961
S,3,429,DETECTION,src/tracking/advanced_tracker.py:_activate_slot,429_493_993_850_1149
S,4,429,DETECTION,src/tracking/advanced_tracker.py:_activate_slot,429_340_636_609_795
S,8,429,DETECTION,src/tracking/advanced_tracker.py:_activate_slot,429_326_859_605_988
S,9,429,DETECTION,src/tracking/advanced_tracker.py:_activate_slot,429_172_795_380_903
S,5,429,PREDICTION,src/tracking/advanced_tracker.py:kalman_homography,
S,6,429,PREDICTION,src/tracking/advanced_tracker.py:kalman_homography,
S,7,429,PREDICTION,src/tracking/advanced_tracker.py:kalman_homography,
D,0,429
S,1,429,PREDICTION,src/tracking/advanced_tracker.py:id_merge,
D,2,429
S,3,429,PREDICTION,src/tracking/advanced_tracker.py:id_merge,
D,5,429
S,8,429,PREDICTION,src/tracking/advanced_tracker.py:id_merge,
D,7,429
S,9,429,PREDICTION,src/tracking/advanced_tracker.py:id_merge,
D,8,429
S,9,429,PREDICTION,src/tracking/advanced_tracker.py:id_merge,
L,1,429,PREDICTION,src/tracking/advanced_tracker.py:id_merge,
R,PREDICTION,PREDICTION,1
L,3,429,PREDICTION,src/tracking/advanced_tracker.py:id_merge,
R,PREDICTION,SUBPIXEL,0
L,4,429,DETECTION,src/tracking/advanced_tracker.py:_activate_slot,429_340_636_609_795
R,DETECTION,DETECTION,1
L,6,429,PREDICTION,src/tracking/advanced_tracker.py:kalman_homography,
R,PREDICTION,PREDICTION,1
L,9,429,PREDICTION,src/tracking/advanced_tracker.py:id_merge,
R,PREDICTION,PREDICTION,1
A,429
S,0,432,DETECTION,src/tracking/advanced_tracker.py:_activate_slot,432_524_638_881_815
S,1,432,DETECTION,src/tracking/advanced_tracker.py:_activate_slot,432_432_446_783_599
S,2,432,DETECTION,src/tracking/advanced_tracker.py:_activate_slot,432_513_813_870_971
S,3,432,DETECTION,src/tracking/advanced_tracker.py:_activate_slot,432_494_994_851_1153
S,4,432,DETECTION,src/tracking/advanced_tracker.py:_activate_slot,432_338_634_611_793
S,9,432,DETECTION,src/tracking/advanced_tracker.py:_activate_slot,432_171_795_380_903
S,7,432,DETECTION,src/tracking/advanced_tracker.py:_activate_slot,432_183_664_380_769
S,8,432,DETECTION,src/tracking/advanced_tracker.py:_activate_slot,432_320_865_611_993
S,5,432,PREDICTION,src/tracking/advanced_tracker.py:kalman_homography,
S,6,432,PREDICTION,src/tracking/advanced_tracker.py:kalman_homography,
D,0,432
S,1,432,PREDICTION,src/tracking/advanced_tracker.py:id_merge,
D,2,432
S,3,432,PREDICTION,src/tracking/advanced_tracker.py:id_merge,
D,5,432
S,8,432,PREDICTION,src/tracking/advanced_tracker.py:id_merge,
D,7,432
S,9,432,PREDICTION,src/tracking/advanced_tracker.py:id_merge,
D,8,432
S,9,432,PREDICTION,src/tracking/advanced_tracker.py:id_merge,
L,1,432,PREDICTION,src/tracking/advanced_tracker.py:id_merge,
R,PREDICTION,PREDICTION,1
L,3,432,PREDICTION,src/tracking/advanced_tracker.py:id_merge,
R,PREDICTION,PREDICTION,1
L,4,432,DETECTION,src/tracking/advanced_tracker.py:_activate_slot,432_338_634_611_793
R,DETECTION,DETECTION,1
L,6,432,PREDICTION,src/tracking/advanced_tracker.py:kalman_homography,
R,PREDICTION,PREDICTION,1
L,9,432,PREDICTION,src/tracking/advanced_tracker.py:id_merge,
R,PREDICTION,SUBPIXEL,0
A,432
S,0,435,DETECTION,src/tracking/advanced_tracker.py:_activate_slot,435_525_638_882_813
S,1,435,DETECTION,src/tracking/advanced_tracker.py:_activate_slot,435_432_445_784_604
S,2,435,DETECTION,src/tracking/advanced_tracker.py:_activate_slot,435_513_808_871_976
S,3,435,DETECTION,src/tracking/advanced_tracker.py:_activate_slot,435_495_996_850_1155
S,4,435,DETECTION,src/tracking/advanced_tracker.py:_activate_slot,435_337_634_618_795
S,8,435,DETECTION,src/tracking/advanced_tracker.py:_activate_slot,435_316_864_597_990
S,9,435,DETECTION,src/tracking/advanced_tracker.py:_activate_slot,435_171_795_380_903
S,5,435,PREDICTION,src/tracking/advanced_tracker.py:kalman_homography,
S,6,435,PREDICTION,src/tracking/advanced_tracker.py:kalman_homography,
S,7,435,PREDICTION,src/tracking/advanced_tracker.py:kalman_homography,
D,0,435
S,1,435,PREDICTION,src/tracking/advanced_tracker.py:id_merge,
D,2,435
S,3,435,PREDICTION,src/tracking/advanced_tracker.py:id_merge,
D,7,435
S,9,435,PREDICTION,src/tracking/advanced_tracker.py:id_merge,
D,8,435
S,9,435,PREDICTION,src/tracking/advanced_tracker.py:id_merge,
L,1,435,PREDICTION,src/tracking/advanced_tracker.py:id_merge,
R,PREDICTION,PREDICTION,1
L,3,435,PREDICTION,src/tracking/advanced_tracker.py:id_merge,
R,PREDICTION,PREDICTION,1
L,4,435,DETECTION,src/tracking/advanced_tracker.py:_activate_slot,435_337_634_618_795
R,DETECTION,DETECTION,1
L,5,435,PREDICTION,src/tracking/advanced_tracker.py:kalman_homography,
R,CLAMP,CLAMP,0
L,6,435,PREDICTION,src/tracking/advanced_tracker.py:kalman_homography,
R,PREDICTION,PREDICTION,1
L,9,435,PREDICTION,src/tracking/advanced_tracker.py:id_merge,
R,PREDICTION,SUBPIXEL,0
A,435
S,0,438,DETECTION,src/tracking/advanced_tracker.py:_activate_slot,438_525_637_881_813
S,1,438,DETECTION,src/tracking/advanced_tracker.py:_activate_slot,438_435_444_780_572
S,2,438,DETECTION,src/tracking/advanced_tracker.py:_activate_slot,438_513_805_868_987
S,3,438,DETECTION,src/tracking/advanced_tracker.py:_activate_slot,438_495_994_849_1156
S,4,438,DETECTION,src/tracking/advanced_tracker.py:_activate_slot,438_335_634_624_795
S,9,438,DETECTION,src/tracking/advanced_tracker.py:_activate_slot,438_313_865_589_993
S,5,438,PREDICTION,src/tracking/advanced_tracker.py:kalman_homography,
S,6,438,PREDICTION,src/tracking/advanced_tracker.py:kalman_homography,
S,7,438,PREDICTION,src/tracking/advanced_tracker.py:kalman_homography,
S,8,438,PREDICTION,src/tracking/advanced_tracker.py:kalman_homography,
D,0,438
S,2,438,PREDICTION,src/tracking/advanced_tracker.py:id_merge,
D,2,438
S,3,438,PREDICTION,src/tracking/advanced_tracker.py:id_merge,
D,8,438
S,9,438,PREDICTION,src/tracking/advanced_tracker.py:id_merge,
L,1,438,DETECTION,src/tracking/advanced_tracker.py:_activate_slot,438_435_444_780_572
R,DETECTION,DETECTION,1
L,3,438,PREDICTION,src/tracking/advanced_tracker.py:id_merge,
R,PREDICTION,SUBPIXEL,0
L,4,438,DETECTION,src/tracking/advanced_tracker.py:_activate_slot,438_335_634_624_795
R,DETECTION,DETECTION,1
L,5,438,PREDICTION,src/tracking/advanced_tracker.py:kalman_homography,
R,CLAMP,CLAMP,0
L,6,438,PREDICTION,src/tracking/advanced_tracker.py:kalman_homography,
R,PREDICTION,PREDICTION,1
L,7,438,PREDICTION,src/tracking/advanced_tracker.py:kalman_homography,
R,PREDICTION,PREDICTION,1
L,9,438,PREDICTION,src/tracking/advanced_tracker.py:id_merge,
R,PREDICTION,PREDICTION,1
A,438
S,0,441,DETECTION,src/tracking/advanced_tracker.py:_activate_slot,441_525_634_881_813
S,1,441,DETECTION,src/tracking/advanced_tracker.py:_activate_slot,441_435_442_783_585
S,2,441,DETECTION,src/tracking/advanced_tracker.py:_activate_slot,441_513_805_868_991
S,3,441,DETECTION,src/tracking/advanced_tracker.py:_activate_slot,441_495_990_849_1158
S,4,441,DETECTION,src/tracking/advanced_tracker.py:_activate_slot,441_336_634_617_790
S,9,441,DETECTION,src/tracking/advanced_tracker.py:_activate_slot,441_315_864_579_992
S,6,441,PREDICTION,src/tracking/advanced_tracker.py:kalman_homography,
S,7,441,PREDICTION,src/tracking/advanced_tracker.py:kalman_homography,
S,8,441,PREDICTION,src/tracking/advanced_tracker.py:kalman_homography,
S,5,441,PREDICTION,src/tracking/advanced_tracker.py:flow_gapfill_batched,
D,0,441
S,1,441,PREDICTION,src/tracking/advanced_tracker.py:id_merge,
D,2,441
S,3,441,PREDICTION,src/tracking/advanced_tracker.py:id_merge,
D,5,441
S,8,441,PREDICTION,src/tracking/advanced_tracker.py:id_merge,
D,8,441
S,9,441,PREDICTION,src/tracking/advanced_tracker.py:id_merge,
L,1,441,PREDICTION,src/tracking/advanced_tracker.py:id_merge,
R,PREDICTION,PREDICTION,1
L,3,441,PREDICTION,src/tracking/advanced_tracker.py:id_merge,
R,PREDICTION,SUBPIXEL,0
L,4,441,DETECTION,src/tracking/advanced_tracker.py:_activate_slot,441_336_634_617_790
R,DETECTION,DETECTION,1
L,6,441,PREDICTION,src/tracking/advanced_tracker.py:kalman_homography,
R,PREDICTION,PREDICTION,1
L,7,441,PREDICTION,src/tracking/advanced_tracker.py:kalman_homography,
R,PREDICTION,PREDICTION,1
L,9,441,PREDICTION,src/tracking/advanced_tracker.py:id_merge,
R,PREDICTION,PREDICTION,1
A,441
S,0,444,DETECTION,src/tracking/advanced_tracker.py:_activate_slot,444_527_633_882_812
S,1,444,DETECTION,src/tracking/advanced_tracker.py:_activate_slot,444_435_442_780_580
S,2,444,DETECTION,src/tracking/advanced_tracker.py:_activate_slot,444_512_808_868_991
S,3,444,DETECTION,src/tracking/advanced_tracker.py:_activate_slot,444_494_996_849_1158
S,4,444,DETECTION,src/tracking/advanced_tracker.py:_activate_slot,444_337_633_624_792
S,6,444,PREDICTION,src/tracking/advanced_tracker.py:kalman_homography,
S,7,444,PREDICTION,src/tracking/advanced_tracker.py:kalman_homography,
S,8,444,PREDICTION,src/tracking/advanced_tracker.py:kalman_homography,
S,9,444,PREDICTION,src/tracking/advanced_tracker.py:kalman_homography,
S,5,444,PREDICTION,src/tracking/advanced_tracker.py:flow_gapfill_batched,
D,0,444
S,2,444,PREDICTION,src/tracking/advanced_tracker.py:id_merge,
D,2,444
S,3,444,PREDICTION,src/tracking/advanced_tracker.py:id_merge,
D,5,444
S,8,444,PREDICTION,src/tracking/advanced_tracker.py:id_merge,
D,8,444
S,9,444,PREDICTION,src/tracking/advanced_tracker.py:id_merge,
L,1,444,DETECTION,src/tracking/advanced_tracker.py:_activate_slot,444_435_442_780_580
R,DETECTION,DETECTION,1
L,3,444,PREDICTION,src/tracking/advanced_tracker.py:id_merge,
R,PREDICTION,PREDICTION,1
L,4,444,DETECTION,src/tracking/advanced_tracker.py:_activate_slot,444_337_633_624_792
R,DETECTION,DETECTION,1
L,6,444,PREDICTION,src/tracking/advanced_tracker.py:kalman_homography,
R,PREDICTION,PREDICTION,1
L,7,444,PREDICTION,src/tracking/advanced_tracker.py:kalman_homography,
R,PREDICTION,PREDICTION,1
L,9,444,PREDICTION,src/tracking/advanced_tracker.py:id_merge,
R,PREDICTION,PREDICTION,1
A,444
S,0,447,DETECTION,src/tracking/advanced_tracker.py:_activate_slot,447_525_634_882_813
S,1,447,DETECTION,src/tracking/advanced_tracker.py:_activate_slot,447_433_442_784_568
S,2,447,DETECTION,src/tracking/advanced_tracker.py:_activate_slot,447_508_811_869_991
S,3,447,DETECTION,src/tracking/advanced_tracker.py:_activate_slot,447_494_999_849_1158
S,4,447,DETECTION,src/tracking/advanced_tracker.py:_activate_slot,447_338_633_627_793
S,7,447,PREDICTION,src/tracking/advanced_tracker.py:kalman_homography,
S,8,447,PREDICTION,src/tracking/advanced_tracker.py:kalman_homography,
S,9,447,PREDICTION,src/tracking/advanced_tracker.py:kalman_homography,
S,5,447,PREDICTION,src/tracking/advanced_tracker.py:flow_gapfill_batched,
S,6,447,PREDICTION,src/tracking/advanced_tracker.py:flow_gapfill_batched,
D,0,447
S,2,447,PREDICTION,src/tracking/advanced_tracker.py:id_merge,
D,2,447
S,3,447,PREDICTION,src/tracking/advanced_tracker.py:id_merge,
D,5,447
S,8,447,PREDICTION,src/tracking/advanced_tracker.py:id_merge,
D,8,447
S,9,447,PREDICTION,src/tracking/advanced_tracker.py:id_merge,
L,1,447,DETECTION,src/tracking/advanced_tracker.py:_activate_slot,447_433_442_784_568
R,DETECTION,DETECTION,1
L,3,447,PREDICTION,src/tracking/advanced_tracker.py:id_merge,
R,PREDICTION,PREDICTION,1
L,4,447,DETECTION,src/tracking/advanced_tracker.py:_activate_slot,447_338_633_627_793
R,DETECTION,DETECTION,1
L,6,447,PREDICTION,src/tracking/advanced_tracker.py:flow_gapfill_batched,
R,CLAMP,CLAMP,0
L,7,447,PREDICTION,src/tracking/advanced_tracker.py:kalman_homography,
R,PREDICTION,PREDICTION,1
L,9,447,PREDICTION,src/tracking/advanced_tracker.py:id_merge,
R,PREDICTION,PREDICTION,1
A,447
S,0,450,DETECTION,src/tracking/advanced_tracker.py:_activate_slot,450_527_633_882_813
S,1,450,DETECTION,src/tracking/advanced_tracker.py:_activate_slot,450_432_442_785_561
S,2,450,DETECTION,src/tracking/advanced_tracker.py:_activate_slot,450_501_816_870_991
S,3,450,DETECTION,src/tracking/advanced_tracker.py:_activate_slot,450_493_1002_849_1158
S,4,450,DETECTION,src/tracking/advanced_tracker.py:_activate_slot,450_339_633_629_793
S,7,450,PREDICTION,src/tracking/advanced_tracker.py:kalman_homography,
S,8,450,PREDICTION,src/tracking/advanced_tracker.py:kalman_homography,
S,9,450,PREDICTION,src/tracking/advanced_tracker.py:kalman_homography,
S,6,450,PREDICTION,src/tracking/advanced_tracker.py:flow_gapfill_batched,
D,0,450
S,2,450,PREDICTION,src/tracking/advanced_tracker.py:id_merge,
D,2,450
S,3,450,PREDICTION,src/tracking/advanced_tracker.py:id_merge,
D,8,450
S,9,450,PREDICTION,src/tracking/advanced_tracker.py:id_merge,
L,1,450,DETECTION,src/tracking/advanced_tracker.py:_activate_slot,450_432_442_785_561
R,DETECTION,DETECTION,1
L,3,450,PREDICTION,src/tracking/advanced_tracker.py:id_merge,
R,PREDICTION,PREDICTION,1
L,4,450,DETECTION,src/tracking/advanced_tracker.py:_activate_slot,450_339_633_629_793
R,DETECTION,DETECTION,1
L,6,450,PREDICTION,src/tracking/advanced_tracker.py:flow_gapfill_batched,
R,CLAMP,CLAMP,0
L,7,450,PREDICTION,src/tracking/advanced_tracker.py:kalman_homography,
R,PREDICTION,PREDICTION,1
L,9,450,PREDICTION,src/tracking/advanced_tracker.py:id_merge,
R,PREDICTION,PREDICTION,1
A,450
S,0,453,DETECTION,src/tracking/advanced_tracker.py:_activate_slot,453_528_632_882_813
S,1,453,DETECTION,src/tracking/advanced_tracker.py:_activate_slot,453_432_443_782_569
S,2,453,DETECTION,src/tracking/advanced_tracker.py:_activate_slot,453_495_820_870_991
S,3,453,DETECTION,src/tracking/advanced_tracker.py:_activate_slot,453_494_997_849_1158
S,4,453,DETECTION,src/tracking/advanced_tracker.py:_activate_slot,453_341_633_627_793
S,7,453,PREDICTION,src/tracking/advanced_tracker.py:kalman_homography,
S,8,453,PREDICTION,src/tracking/advanced_tracker.py:kalman_homography,
S,9,453,PREDICTION,src/tracking/advanced_tracker.py:kalman_homography,
D,0,453
S,2,453,PREDICTION,src/tracking/advanced_tracker.py:id_merge,
D,2,453
S,3,453,PREDICTION,src/tracking/advanced_tracker.py:id_merge,
D,8,453
S,9,453,PREDICTION,src/tracking/advanced_tracker.py:id_merge,
L,1,453,DETECTION,src/tracking/advanced_tracker.py:_activate_slot,453_432_443_782_569
R,DETECTION,DETECTION,1
L,3,453,PREDICTION,src/tracking/advanced_tracker.py:id_merge,
R,PREDICTION,PREDICTION,1
L,4,453,DETECTION,src/tracking/advanced_tracker.py:_activate_slot,453_341_633_627_793
R,DETECTION,DETECTION,1
L,7,453,PREDICTION,src/tracking/advanced_tracker.py:kalman_homography,
R,PREDICTION,PREDICTION,1
L,9,453,PREDICTION,src/tracking/advanced_tracker.py:id_merge,
R,PREDICTION,PREDICTION,1
A,453
S,0,456,DETECTION,src/tracking/advanced_tracker.py:_activate_slot,456_527_632_882_812
S,1,456,DETECTION,src/tracking/advanced_tracker.py:_activate_slot,456_431_443_780_584
S,2,456,DETECTION,src/tracking/advanced_tracker.py:_activate_slot,456_494_825_867_993
S,3,456,DETECTION,src/tracking/advanced_tracker.py:_activate_slot,456_493_1001_849_1155
S,4,456,DETECTION,src/tracking/advanced_tracker.py:_activate_slot,456_340_633_625_793
S,8,456,PREDICTION,src/tracking/advanced_tracker.py:kalman_homography,
S,9,456,PREDICTION,src/tracking/advanced_tracker.py:kalman_homography,
S,7,456,PREDICTION,src/tracking/advanced_tracker.py:flow_gapfill_batched,
D,0,456
S,1,456,PREDICTION,src/tracking/advanced_tracker.py:id_merge,
D,2,456
S,3,456,PREDICTION,src/tracking/advanced_tracker.py:id_merge,
D,8,456
S,9,456,PREDICTION,src/tracking/advanced_tracker.py:id_merge,
L,1,456,PREDICTION,src/tracking/advanced_tracker.py:id_merge,
R,PREDICTION,PREDICTION,1
L,3,456,PREDICTION,src/tracking/advanced_tracker.py:id_merge,
R,PREDICTION,PREDICTION,1
L,4,456,DETECTION,src/tracking/advanced_tracker.py:_activate_slot,456_340_633_625_793
R,DETECTION,DETECTION,1
L,7,456,PREDICTION,src/tracking/advanced_tracker.py:flow_gapfill_batched,
R,PREDICTION,PREDICTION,1
L,9,456,PREDICTION,src/tracking/advanced_tracker.py:id_merge,
R,PREDICTION,PREDICTION,1
A,456
S,0,459,DETECTION,src/tracking/advanced_tracker.py:_activate_slot,459_528_631_881_813
S,1,459,DETECTION,src/tracking/advanced_tracker.py:_activate_slot,459_429_442_780_591
S,2,459,DETECTION,src/tracking/advanced_tracker.py:_activate_slot,459_499_825_868_995
S,3,459,DETECTION,src/tracking/advanced_tracker.py:_activate_slot,459_494_996_850_1155
S,4,459,DETECTION,src/tracking/advanced_tracker.py:_activate_slot,459_339_634_624_792
S,5,459,DETECTION,src/tracking/advanced_tracker.py:_activate_slot,459_310_867_556_993
S,9,459,PREDICTION,src/tracking/advanced_tracker.py:kalman_homography,
S,8,459,PREDICTION,src/tracking/advanced_tracker.py:flow_gapfill_batched,
D,0,459
S,1,459,PREDICTION,src/tracking/advanced_tracker.py:id_merge,
D,2,459
S,3,459,PREDICTION,src/tracking/advanced_tracker.py:id_merge,
D,8,459
S,5,459,PREDICTION,src/tracking/advanced_tracker.py:id_merge,
L,1,459,PREDICTION,src/tracking/advanced_tracker.py:id_merge,
R,PREDICTION,PREDICTION,1
L,3,459,PREDICTION,src/tracking/advanced_tracker.py:id_merge,
R,PREDICTION,PREDICTION,1
L,4,459,DETECTION,src/tracking/advanced_tracker.py:_activate_slot,459_339_634_624_792
R,DETECTION,DETECTION,1
L,5,459,PREDICTION,src/tracking/advanced_tracker.py:id_merge,
R,CLAMP,CLAMP,0
L,9,459,PREDICTION,src/tracking/advanced_tracker.py:kalman_homography,
R,PREDICTION,PREDICTION,1
A,459
S,0,462,DETECTION,src/tracking/advanced_tracker.py:_activate_slot,462_527_632_881_812
S,1,462,DETECTION,src/tracking/advanced_tracker.py:_activate_slot,462_427_442_782_592
S,2,462,DETECTION,src/tracking/advanced_tracker.py:_activate_slot,462_504_826_866_996
S,3,462,DETECTION,src/tracking/advanced_tracker.py:_activate_slot,462_494_996_849_1155
S,4,462,DETECTION,src/tracking/advanced_tracker.py:_activate_slot,462_335_634_625_793
S,5,462,DETECTION,src/tracking/advanced_tracker.py:_activate_slot,462_167_915_361_1003
S,9,462,PREDICTION,src/tracking/advanced_tracker.py:kalman_homography,
D,0,462
S,1,462,PREDICTION,src/tracking/advanced_tracker.py:id_merge,
D,2,462
S,3,462,PREDICTION,src/tracking/advanced_tracker.py:id_merge,
L,1,462,PREDICTION,src/tracking/advanced_tracker.py:id_merge,
R,PREDICTION,PREDICTION,1
L,3,462,PREDICTION,src/tracking/advanced_tracker.py:id_merge,
R,PREDICTION,SUBPIXEL,0
L,4,462,DETECTION,src/tracking/advanced_tracker.py:_activate_slot,462_335_634_625_793
R,DETECTION,DETECTION,1
L,5,462,DETECTION,src/tracking/advanced_tracker.py:_activate_slot,462_167_915_361_1003
R,CLAMP,CLAMP,0
L,9,462,PREDICTION,src/tracking/advanced_tracker.py:kalman_homography,
R,PREDICTION,PREDICTION,1
A,462
S,0,465,DETECTION,src/tracking/advanced_tracker.py:_activate_slot,465_525_633_880_813
S,1,465,DETECTION,src/tracking/advanced_tracker.py:_activate_slot,465_427_442_780_594
S,2,465,DETECTION,src/tracking/advanced_tracker.py:_activate_slot,465_498_826_866_997
S,3,465,DETECTION,src/tracking/advanced_tracker.py:_activate_slot,465_492_993_849_1154
S,4,465,DETECTION,src/tracking/advanced_tracker.py:_activate_slot,465_333_634_624_794
S,5,465,PREDICTION,src/tracking/advanced_tracker.py:kalman_homography,
S,9,465,PREDICTION,src/tracking/advanced_tracker.py:flow_gapfill_batched,
D,0,465
S,1,465,PREDICTION,src/tracking/advanced_tracker.py:id_merge,
D,2,465
S,3,465,PREDICTION,src/tracking/advanced_tracker.py:id_merge,
L,1,465,PREDICTION,src/tracking/advanced_tracker.py:id_merge,
R,PREDICTION,PREDICTION,1
L,3,465,PREDICTION,src/tracking/advanced_tracker.py:id_merge,
R,PREDICTION,PREDICTION,1
L,4,465,DETECTION,src/tracking/advanced_tracker.py:_activate_slot,465_333_634_624_794
R,DETECTION,DETECTION,1
L,5,465,PREDICTION,src/tracking/advanced_tracker.py:kalman_homography,
R,CLAMP,CLAMP,0
L,9,465,PREDICTION,src/tracking/advanced_tracker.py:flow_gapfill_batched,
R,PREDICTION,PREDICTION,1
A,465
S,0,468,DETECTION,src/tracking/advanced_tracker.py:_activate_slot,468_522_635_881_812
S,1,468,DETECTION,src/tracking/advanced_tracker.py:_activate_slot,468_427_441_777_593
S,2,468,DETECTION,src/tracking/advanced_tracker.py:_activate_slot,468_503_825_866_998
S,3,468,DETECTION,src/tracking/advanced_tracker.py:_activate_slot,468_493_994_849_1153
S,4,468,DETECTION,src/tracking/advanced_tracker.py:_activate_slot,468_333_633_620_792
S,5,468,PREDICTION,src/tracking/advanced_tracker.py:kalman_homography,
D,0,468
S,1,468,PREDICTION,src/tracking/advanced_tracker.py:id_merge,
D,2,468
S,3,468,PREDICTION,src/tracking/advanced_tracker.py:id_merge,
L,1,468,PREDICTION,src/tracking/advanced_tracker.py:id_merge,
R,PREDICTION,PREDICTION,1
L,3,468,PREDICTION,src/tracking/advanced_tracker.py:id_merge,
R,PREDICTION,SUBPIXEL,0
L,4,468,DETECTION,src/tracking/advanced_tracker.py:_activate_slot,468_333_633_620_792
R,DETECTION,DETECTION,1
L,5,468,PREDICTION,src/tracking/advanced_tracker.py:kalman_homography,
R,CLAMP,CLAMP,0
A,468
S,0,471,DETECTION,src/tracking/advanced_tracker.py:_activate_slot,471_525_637_882_813
S,1,471,DETECTION,src/tracking/advanced_tracker.py:_activate_slot,471_426_443_780_593
S,2,471,DETECTION,src/tracking/advanced_tracker.py:_activate_slot,471_507_829_867_997
S,3,471,DETECTION,src/tracking/advanced_tracker.py:_activate_slot,471_492_994_849_1153
S,4,471,DETECTION,src/tracking/advanced_tracker.py:_activate_slot,471_330_634_624_795
S,6,471,DETECTION,src/tracking/advanced_tracker.py:_activate_slot,471_169_793_377_901
S,5,471,PREDICTION,src/tracking/advanced_tracker.py:kalman_homography,
D,0,471
S,1,471,PREDICTION,src/tracking/advanced_tracker.py:id_merge,
D,2,471
S,3,471,PREDICTION,src/tracking/advanced_tracker.py:id_merge,
L,1,471,PREDICTION,src/tracking/advanced_tracker.py:id_merge,
R,PREDICTION,PREDICTION,1
L,3,471,PREDICTION,src/tracking/advanced_tracker.py:id_merge,
R,PREDICTION,SUBPIXEL,0
L,4,471,DETECTION,src/tracking/advanced_tracker.py:_activate_slot,471_330_634_624_795
R,DETECTION,DETECTION,1
L,5,471,PREDICTION,src/tracking/advanced_tracker.py:kalman_homography,
R,CLAMP,CLAMP,0
L,6,471,DETECTION,src/tracking/advanced_tracker.py:_activate_slot,471_169_793_377_901
R,CLAMP,CLAMP,0
A,471
S,0,474,DETECTION,src/tracking/advanced_tracker.py:_activate_slot,474_523_638_882_813
S,1,474,DETECTION,src/tracking/advanced_tracker.py:_activate_slot,474_427_445_780_582
S,2,474,DETECTION,src/tracking/advanced_tracker.py:_activate_slot,474_498_826_869_997
S,3,474,DETECTION,src/tracking/advanced_tracker.py:_activate_slot,474_492_997_848_1150
S,4,474,DETECTION,src/tracking/advanced_tracker.py:_activate_slot,474_331_634_615_792
S,6,474,DETECTION,src/tracking/advanced_tracker.py:_activate_slot,474_171_793_378_900
S,5,474,PREDICTION,src/tracking/advanced_tracker.py:kalman_homography,
D,0,474
S,2,474,PREDICTION,src/tracking/advanced_tracker.py:id_merge,
D,2,474
S,3,474,PREDICTION,src/tracking/advanced_tracker.py:id_merge,
L,1,474,DETECTION,src/tracking/advanced_tracker.py:_activate_slot,474_427_445_780_582
R,DETECTION,DETECTION,1
L,3,474,PREDICTION,src/tracking/advanced_tracker.py:id_merge,
R,PREDICTION,PREDICTION,1
L,4,474,DETECTION,src/tracking/advanced_tracker.py:_activate_slot,474_331_634_615_792
R,DETECTION,DETECTION,1
L,5,474,PREDICTION,src/tracking/advanced_tracker.py:kalman_homography,
R,CLAMP,CLAMP,0
L,6,474,DETECTION,src/tracking/advanced_tracker.py:_activate_slot,474_171_793_378_900
R,CLAMP,CLAMP,0
A,474
S,0,477,DETECTION,src/tracking/advanced_tracker.py:_activate_slot,477_523_641_882_815
S,1,477,DETECTION,src/tracking/advanced_tracker.py:_activate_slot,477_428_447_782_582
S,2,477,DETECTION,src/tracking/advanced_tracker.py:_activate_slot,477_504_826_869_996
S,3,477,DETECTION,src/tracking/advanced_tracker.py:_activate_slot,477_492_997_848_1150
S,4,477,DETECTION,src/tracking/advanced_tracker.py:_activate_slot,477_335_633_602_789
S,6,477,DETECTION,src/tracking/advanced_tracker.py:_activate_slot,477_169_792_376_899
S,7,477,DETECTION,src/tracking/advanced_tracker.py:_activate_slot,477_168_910_360_1003
S,5,477,PREDICTION,src/tracking/advanced_tracker.py:flow_gapfill_batched,
D,0,477
S,2,477,PREDICTION,src/tracking/advanced_tracker.py:id_merge,
D,2,477
S,3,477,PREDICTION,src/tracking/advanced_tracker.py:id_merge,
D,5,477
S,6,477,PREDICTION,src/tracking/advanced_tracker.py:id_merge,
D,6,477
S,7,477,PREDICTION,src/tracking/advanced_tracker.py:id_merge,
L,1,477,DETECTION,src/tracking/advanced_tracker.py:_activate_slot,477_428_447_782_582
R,DETECTION,DETECTION,1
L,3,477,PREDICTION,src/tracking/advanced_tracker.py:id_merge,
R,PREDICTION,SUBPIXEL,0
L,4,477,DETECTION,src/tracking/advanced_tracker.py:_activate_slot,477_335_633_602_789
R,DETECTION,DETECTION,1
L,7,477,PREDICTION,src/tracking/advanced_tracker.py:id_merge,
R,PREDICTION,PREDICTION,1
A,477
S,0,480,DETECTION,src/tracking/advanced_tracker.py:_activate_slot,480_522_644_881_818
S,1,480,DETECTION,src/tracking/advanced_tracker.py:_activate_slot,480_430_448_783_581
S,2,480,DETECTION,src/tracking/advanced_tracker.py:_activate_slot,480_501_825_870_991
S,3,480,DETECTION,src/tracking/advanced_tracker.py:_activate_slot,480_493_999_848_1152
S,4,480,DETECTION,src/tracking/advanced_tracker.py:_activate_slot,480_335_634_600_789
S,6,480,DETECTION,src/tracking/advanced_tracker.py:_activate_slot,480_169_792_373_899
S,7,480,DETECTION,src/tracking/advanced_tracker.py:_activate_slot,480_166_913_360_1003
S,8,480,DETECTION,src/tracking/advanced_tracker.py:_activate_slot,480_149_1083_357_1182
S,5,480,PREDICTION,src/tracking/advanced_tracker.py:flow_gapfill_batched,
D,0,480
S,2,480,PREDICTION,src/tracking/advanced_tracker.py:id_merge,
D,2,480
S,3,480,PREDICTION,src/tracking/advanced_tracker.py:id_merge,
D,5,480
S,6,480,PREDICTION,src/tracking/advanced_tracker.py:id_merge,
D,6,480
S,7,480,PREDICTION,src/tracking/advanced_tracker.py:id_merge,
D,7,480
S,8,480,PREDICTION,src/tracking/advanced_tracker.py:id_merge,
L,1,480,DETECTION,src/tracking/advanced_tracker.py:_activate_slot,480_430_448_783_581
R,DETECTION,SUBPIXEL,0
L,3,480,PREDICTION,src/tracking/advanced_tracker.py:id_merge,
R,PREDICTION,PREDICTION,1
L,4,480,DETECTION,src/tracking/advanced_tracker.py:_activate_slot,480_335_634_600_789
R,DETECTION,DETECTION,1
L,8,480,PREDICTION,src/tracking/advanced_tracker.py:id_merge,
R,PREDICTION,PREDICTION,1
A,480
S,0,483,DETECTION,src/tracking/advanced_tracker.py:_activate_slot,483_521_645_881_821
S,1,483,DETECTION,src/tracking/advanced_tracker.py:_activate_slot,483_433_447_781_588
S,2,483,DETECTION,src/tracking/advanced_tracker.py:_activate_slot,483_509_822_870_990
S,3,483,DETECTION,src/tracking/advanced_tracker.py:_activate_slot,483_493_999_848_1152
S,4,483,DETECTION,src/tracking/advanced_tracker.py:_activate_slot,483_333_634_609_790
S,6,483,DETECTION,src/tracking/advanced_tracker.py:_activate_slot,483_169_792_375_899
S,7,483,DETECTION,src/tracking/advanced_tracker.py:_activate_slot,483_166_912_362_1002
S,8,483,DETECTION,src/tracking/advanced_tracker.py:_activate_slot,483_149_1083_357_1182
S,5,483,PREDICTION,src/tracking/advanced_tracker.py:flow_gapfill_batched,
D,0,483
S,2,483,PREDICTION,src/tracking/advanced_tracker.py:id_merge,
D,2,483
S,3,483,PREDICTION,src/tracking/advanced_tracker.py:id_merge,
D,5,483
S,6,483,PREDICTION,src/tracking/advanced_tracker.py:id_merge,
D,6,483
S,7,483,PREDICTION,src/tracking/advanced_tracker.py:id_merge,
D,7,483
S,8,483,PREDICTION,src/tracking/advanced_tracker.py:id_merge,
L,1,483,DETECTION,src/tracking/advanced_tracker.py:_activate_slot,483_433_447_781_588
R,DETECTION,DETECTION,1
L,3,483,PREDICTION,src/tracking/advanced_tracker.py:id_merge,
R,PREDICTION,SUBPIXEL,0
L,4,483,DETECTION,src/tracking/advanced_tracker.py:_activate_slot,483_333_634_609_790
R,DETECTION,DETECTION,1
L,8,483,PREDICTION,src/tracking/advanced_tracker.py:id_merge,
R,PREDICTION,SUBPIXEL,0
A,483
S,0,486,DETECTION,src/tracking/advanced_tracker.py:_activate_slot,486_522_648_880_823
S,1,486,DETECTION,src/tracking/advanced_tracker.py:_activate_slot,486_433_444_781_593
S,2,486,DETECTION,src/tracking/advanced_tracker.py:_activate_slot,486_507_813_868_984
S,3,486,DETECTION,src/tracking/advanced_tracker.py:_activate_slot,486_494_999_848_1152
S,4,486,DETECTION,src/tracking/advanced_tracker.py:_activate_slot,486_334_634_616_789
S,6,486,DETECTION,src/tracking/advanced_tracker.py:_activate_slot,486_168_795_376_900
S,7,486,DETECTION,src/tracking/advanced_tracker.py:_activate_slot,486_168_912_361_1003
S,8,486,DETECTION,src/tracking/advanced_tracker.py:_activate_slot,486_149_1081_357_1183
S,9,486,DETECTION,src/tracking/advanced_tracker.py:_activate_slot,486_147_1026_347_1117
S,5,486,PREDICTION,src/tracking/advanced_tracker.py:flow_gapfill_batched,
D,0,486
S,2,486,PREDICTION,src/tracking/advanced_tracker.py:id_merge,
D,2,486
S,3,486,PREDICTION,src/tracking/advanced_tracker.py:id_merge,
D,5,486
S,6,486,PREDICTION,src/tracking/advanced_tracker.py:id_merge,
D,6,486
S,7,486,PREDICTION,src/tracking/advanced_tracker.py:id_merge,
D,7,486
S,8,486,PREDICTION,src/tracking/advanced_tracker.py:id_merge,
D,8,486
S,9,486,PREDICTION,src/tracking/advanced_tracker.py:id_merge,
L,1,486,DETECTION,src/tracking/advanced_tracker.py:_activate_slot,486_433_444_781_593
R,DETECTION,DETECTION,1
L,3,486,PREDICTION,src/tracking/advanced_tracker.py:id_merge,
R,PREDICTION,SUBPIXEL,0
L,4,486,DETECTION,src/tracking/advanced_tracker.py:_activate_slot,486_334_634_616_789
R,DETECTION,DETECTION,1
L,9,486,PREDICTION,src/tracking/advanced_tracker.py:id_merge,
R,PREDICTION,PREDICTION,1
A,486
S,0,489,DETECTION,src/tracking/advanced_tracker.py:_activate_slot,489_522_650_881_828
S,1,489,DETECTION,src/tracking/advanced_tracker.py:_activate_slot,489_436_444_783_597
S,2,489,DETECTION,src/tracking/advanced_tracker.py:_activate_slot,489_506_811_867_981
S,3,489,DETECTION,src/tracking/advanced_tracker.py:_activate_slot,489_494_999_848_1152
S,4,489,DETECTION,src/tracking/advanced_tracker.py:_activate_slot,489_333_635_621_789
S,6,489,DETECTION,src/tracking/advanced_tracker.py:_activate_slot,489_168_793_373_898
S,7,489,DETECTION,src/tracking/advanced_tracker.py:_activate_slot,489_168_913_360_1003
S,8,489,DETECTION,src/tracking/advanced_tracker.py:_activate_slot,489_150_1083_357_1182
S,9,489,DETECTION,src/tracking/advanced_tracker.py:_activate_slot,489_147_1026_346_1116
D,0,489
S,2,489,PREDICTION,src/tracking/advanced_tracker.py:id_merge,
D,2,489
S,3,489,PREDICTION,src/tracking/advanced_tracker.py:id_merge,
D,6,489
S,7,489,PREDICTION,src/tracking/advanced_tracker.py:id_merge,
D,7,489
S,8,489,PREDICTION,src/tracking/advanced_tracker.py:id_merge,
D,8,489
S,9,489,PREDICTION,src/tracking/advanced_tracker.py:id_merge,
L,1,489,DETECTION,src/tracking/advanced_tracker.py:_activate_slot,489_436_444_783_597
R,DETECTION,DETECTION,1
L,3,489,PREDICTION,src/tracking/advanced_tracker.py:id_merge,
R,PREDICTION,SUBPIXEL,0
L,4,489,DETECTION,src/tracking/advanced_tracker.py:_activate_slot,489_333_635_621_789
R,DETECTION,DETECTION,1
L,9,489,PREDICTION,src/tracking/advanced_tracker.py:id_merge,
R,PREDICTION,SUBPIXEL,0
A,489
S,0,492,DETECTION,src/tracking/advanced_tracker.py:_activate_slot,492_521_657_878_833
S,1,492,DETECTION,src/tracking/advanced_tracker.py:_activate_slot,492_439_442_783_600
S,2,492,DETECTION,src/tracking/advanced_tracker.py:_activate_slot,492_504_811_867_976
S,3,492,DETECTION,src/tracking/advanced_tracker.py:_activate_slot,492_494_1000_847_1153
S,4,492,DETECTION,src/tracking/advanced_tracker.py:_activate_slot,492_332_635_624_788
S,6,492,DETECTION,src/tracking/advanced_tracker.py:_activate_slot,492_168_793_375_898
S,7,492,DETECTION,src/tracking/advanced_tracker.py:_activate_slot,492_167_913_361_1003
S,8,492,DETECTION,src/tracking/advanced_tracker.py:_activate_slot,492_150_1082_357_1182
S,9,492,DETECTION,src/tracking/advanced_tracker.py:_activate_slot,492_147_1026_347_1119
D,0,492
S,2,492,PREDICTION,src/tracking/advanced_tracker.py:id_merge,
D,2,492
S,3,492,PREDICTION,src/tracking/advanced_tracker.py:id_merge,
D,6,492
S,7,492,PREDICTION,src/tracking/advanced_tracker.py:id_merge,
D,7,492
S,8,492,PREDICTION,src/tracking/advanced_tracker.py:id_merge,
D,8,492
S,9,492,PREDICTION,src/tracking/advanced_tracker.py:id_merge,
L,1,492,DETECTION,src/tracking/advanced_tracker.py:_activate_slot,492_439_442_783_600
R,DETECTION,DETECTION,1
L,3,492,PREDICTION,src/tracking/advanced_tracker.py:id_merge,
R,PREDICTION,PREDICTION,1
L,4,492,DETECTION,src/tracking/advanced_tracker.py:_activate_slot,492_332_635_624_788
R,DETECTION,DETECTION,1
L,9,492,PREDICTION,src/tracking/advanced_tracker.py:id_merge,
R,PREDICTION,PREDICTION,1
A,492
S,0,495,DETECTION,src/tracking/advanced_tracker.py:_activate_slot,495_522_661_880_833
S,1,495,DETECTION,src/tracking/advanced_tracker.py:_activate_slot,495_441_440_783_604
S,2,495,DETECTION,src/tracking/advanced_tracker.py:_activate_slot,495_501_810_868_973
S,3,495,DETECTION,src/tracking/advanced_tracker.py:_activate_slot,495_494_1002_848_1153
S,4,495,DETECTION,src/tracking/advanced_tracker.py:_activate_slot,495_335_634_622_786
S,6,495,DETECTION,src/tracking/advanced_tracker.py:_activate_slot,495_168_792_376_899
S,7,495,DETECTION,src/tracking/advanced_tracker.py:_activate_slot,495_167_913_360_1003
S,8,495,DETECTION,src/tracking/advanced_tracker.py:_activate_slot,495_149_1081_357_1183
S,9,495,DETECTION,src/tracking/advanced_tracker.py:_activate_slot,495_147_1026_346_1117
D,0,495
S,2,495,PREDICTION,src/tracking/advanced_tracker.py:id_merge,
D,2,495
S,3,495,PREDICTION,src/tracking/advanced_tracker.py:id_merge,
D,6,495
S,7,495,PREDICTION,src/tracking/advanced_tracker.py:id_merge,
D,7,495
S,8,495,PREDICTION,src/tracking/advanced_tracker.py:id_merge,
D,8,495
S,9,495,PREDICTION,src/tracking/advanced_tracker.py:id_merge,
L,1,495,DETECTION,src/tracking/advanced_tracker.py:_activate_slot,495_441_440_783_604
R,DETECTION,SUBPIXEL,0
L,3,495,PREDICTION,src/tracking/advanced_tracker.py:id_merge,
R,PREDICTION,SUBPIXEL,0
L,4,495,DETECTION,src/tracking/advanced_tracker.py:_activate_slot,495_335_634_622_786
R,DETECTION,DETECTION,1
L,9,495,PREDICTION,src/tracking/advanced_tracker.py:id_merge,
R,PREDICTION,PREDICTION,1
A,495
S,0,498,DETECTION,src/tracking/advanced_tracker.py:_activate_slot,498_522_663_882_836
S,1,498,DETECTION,src/tracking/advanced_tracker.py:_activate_slot,498_444_438_782_608
S,2,498,DETECTION,src/tracking/advanced_tracker.py:_activate_slot,498_496_798_867_972
S,3,498,DETECTION,src/tracking/advanced_tracker.py:_activate_slot,498_494_1002_846_1155
S,4,498,DETECTION,src/tracking/advanced_tracker.py:_activate_slot,498_333_634_630_786
S,6,498,DETECTION,src/tracking/advanced_tracker.py:_activate_slot,498_169_792_374_900
S,7,498,DETECTION,src/tracking/advanced_tracker.py:_activate_slot,498_168_912_364_1003
S,8,498,DETECTION,src/tracking/advanced_tracker.py:_activate_slot,498_149_1083_357_1182
S,9,498,DETECTION,src/tracking/advanced_tracker.py:_activate_slot,498_147_1026_348_1119
D,0,498
S,2,498,PREDICTION,src/tracking/advanced_tracker.py:id_merge,
D,2,498
S,3,498,PREDICTION,src/tracking/advanced_tracker.py:id_merge,
D,6,498
S,7,498,PREDICTION,src/tracking/advanced_tracker.py:id_merge,
D,7,498
S,8,498,PREDICTION,src/tracking/advanced_tracker.py:id_merge,
D,8,498
S,9,498,PREDICTION,src/tracking/advanced_tracker.py:id_merge,
L,1,498,DETECTION,src/tracking/advanced_tracker.py:_activate_slot,498_444_438_782_608
R,DETECTION,DETECTION,1
L,3,498,PREDICTION,src/tracking/advanced_tracker.py:id_merge,
R,PREDICTION,PREDICTION,1
L,4,498,DETECTION,src/tracking/advanced_tracker.py:_activate_slot,498_333_634_630_786
R,DETECTION,DETECTION,1
L,9,498,PREDICTION,src/tracking/advanced_tracker.py:id_merge,
R,PREDICTION,PREDICTION,1
A,498
S,0,501,DETECTION,src/tracking/advanced_tracker.py:_activate_slot,501_522_666_882_837
S,1,501,DETECTION,src/tracking/advanced_tracker.py:_activate_slot,501_443_438_782_606
S,2,501,DETECTION,src/tracking/advanced_tracker.py:_activate_slot,501_507_808_867_970
S,3,501,DETECTION,src/tracking/advanced_tracker.py:_activate_slot,501_494_1000_847_1153
S,4,501,DETECTION,src/tracking/advanced_tracker.py:_activate_slot,501_336_634_638_786
S,6,501,DETECTION,src/tracking/advanced_tracker.py:_activate_slot,501_169_793_373_901
S,7,501,DETECTION,src/tracking/advanced_tracker.py:_activate_slot,501_168_912_363_1003
S,8,501,DETECTION,src/tracking/advanced_tracker.py:_activate_slot,501_149_1081_357_1183
S,9,501,DETECTION,src/tracking/advanced_tracker.py:_activate_slot,501_147_1026_348_1119
D,0,501
S,2,501,PREDICTION,src/tracking/advanced_tracker.py:id_merge,
D,2,501
S,3,501,PREDICTION,src/tracking/advanced_tracker.py:id_merge,
D,6,501
S,7,501,PREDICTION,src/tracking/advanced_tracker.py:id_merge,
D,7,501
S,8,501,PREDICTION,src/tracking/advanced_tracker.py:id_merge,
D,8,501
S,9,501,PREDICTION,src/tracking/advanced_tracker.py:id_merge,
L,1,501,DETECTION,src/tracking/advanced_tracker.py:_activate_slot,501_443_438_782_606
R,DETECTION,DETECTION,1
L,3,501,PREDICTION,src/tracking/advanced_tracker.py:id_merge,
R,PREDICTION,PREDICTION,1
L,4,501,DETECTION,src/tracking/advanced_tracker.py:_activate_slot,501_336_634_638_786
R,DETECTION,DETECTION,1
L,9,501,PREDICTION,src/tracking/advanced_tracker.py:id_merge,
R,PREDICTION,SUBPIXEL,0
A,501
S,0,504,DETECTION,src/tracking/advanced_tracker.py:_activate_slot,504_522_666_883_837
S,1,504,DETECTION,src/tracking/advanced_tracker.py:_activate_slot,504_441_438_783_608
S,2,504,DETECTION,src/tracking/advanced_tracker.py:_activate_slot,504_512_814_867_969
S,3,504,DETECTION,src/tracking/advanced_tracker.py:_activate_slot,504_494_999_848_1152
S,4,504,DETECTION,src/tracking/advanced_tracker.py:_activate_slot,504_342_634_633_786
S,6,504,DETECTION,src/tracking/advanced_tracker.py:_activate_slot,504_169_794_375_902
S,7,504,DETECTION,src/tracking/advanced_tracker.py:_activate_slot,504_167_912_364_1003
S,8,504,DETECTION,src/tracking/advanced_tracker.py:_activate_slot,504_148_1081_357_1183
S,9,504,DETECTION,src/tracking/advanced_tracker.py:_activate_slot,504_147_1026_348_1119
D,0,504
S,2,504,PREDICTION,src/tracking/advanced_tracker.py:id_merge,
D,2,504
S,3,504,PREDICTION,src/tracking/advanced_tracker.py:id_merge,
D,6,504
S,7,504,PREDICTION,src/tracking/advanced_tracker.py:id_merge,
D,7,504
S,8,504,PREDICTION,src/tracking/advanced_tracker.py:id_merge,
D,8,504
S,9,504,PREDICTION,src/tracking/advanced_tracker.py:id_merge,
L,1,504,DETECTION,src/tracking/advanced_tracker.py:_activate_slot,504_441_438_783_608
R,DETECTION,DETECTION,1
L,3,504,PREDICTION,src/tracking/advanced_tracker.py:id_merge,
R,PREDICTION,PREDICTION,1
L,4,504,DETECTION,src/tracking/advanced_tracker.py:_activate_slot,504_342_634_633_786
R,DETECTION,DETECTION,1
L,9,504,PREDICTION,src/tracking/advanced_tracker.py:id_merge,
R,PREDICTION,SUBPIXEL,0
A,504
S,0,507,DETECTION,src/tracking/advanced_tracker.py:_activate_slot,507_520_669_883_838
S,1,507,DETECTION,src/tracking/advanced_tracker.py:_activate_slot,507_441_439_781_609
S,2,507,DETECTION,src/tracking/advanced_tracker.py:_activate_slot,507_510_812_869_966
S,3,507,DETECTION,src/tracking/advanced_tracker.py:_activate_slot,507_492_1002_845_1155
S,4,507,DETECTION,src/tracking/advanced_tracker.py:_activate_slot,507_342_635_624_785
S,6,507,DETECTION,src/tracking/advanced_tracker.py:_activate_slot,507_171_794_374_899
S,7,507,DETECTION,src/tracking/advanced_tracker.py:_activate_slot,507_166_912_362_1002
S,8,507,DETECTION,src/tracking/advanced_tracker.py:_activate_slot,507_148_1081_358_1183
S,5,507,DETECTION,src/tracking/advanced_tracker.py:_activate_slot,507_169_853_363_940
S,9,507,PREDICTION,src/tracking/advanced_tracker.py:kalman_homography,
D,0,507
S,2,507,PREDICTION,src/tracking/advanced_tracker.py:id_merge,
D,2,507
S,3,507,PREDICTION,src/tracking/advanced_tracker.py:id_merge,
D,5,507
S,6,507,PREDICTION,src/tracking/advanced_tracker.py:id_merge,
D,6,507
S,7,507,PREDICTION,src/tracking/advanced_tracker.py:id_merge,
D,7,507
S,8,507,PREDICTION,src/tracking/advanced_tracker.py:id_merge,
D,9,507
S,8,507,PREDICTION,src/tracking/advanced_tracker.py:id_merge,
L,1,507,DETECTION,src/tracking/advanced_tracker.py:_activate_slot,507_441_439_781_609
R,DETECTION,DETECTION,1
L,3,507,PREDICTION,src/tracking/advanced_tracker.py:id_merge,
R,PREDICTION,PREDICTION,1
L,4,507,DETECTION,src/tracking/advanced_tracker.py:_activate_slot,507_342_635_624_785
R,DETECTION,DETECTION,1
L,8,507,PREDICTION,src/tracking/advanced_tracker.py:id_merge,
R,PREDICTION,SUBPIXEL,0
A,507
S,0,510,DETECTION,src/tracking/advanced_tracker.py:_activate_slot,510_520_669_883_837
S,1,510,DETECTION,src/tracking/advanced_tracker.py:_activate_slot,510_442_441_780_612
S,2,510,DETECTION,src/tracking/advanced_tracker.py:_activate_slot,510_507_811_868_964
S,3,510,DETECTION,src/tracking/advanced_tracker.py:_activate_slot,510_492_1002_845_1155
S,4,510,DETECTION,src/tracking/advanced_tracker.py:_activate_slot,510_341_635_624_785
S,6,510,DETECTION,src/tracking/advanced_tracker.py:_activate_slot,510_171_793_375_901
S,7,510,DETECTION,src/tracking/advanced_tracker.py:_activate_slot,510_167_912_362_1003
S,5,510,DETECTION,src/tracking/advanced_tracker.py:_activate_slot,510_169_854_362_941
S,8,510,DETECTION,src/tracking/advanced_tracker.py:_activate_slot,510_148_1083_357_1182
S,9,510,DETECTION,src/tracking/advanced_tracker.py:_activate_slot,510_147_1026_349_1119
D,0,510
S,2,510,PREDICTION,src/tracking/advanced_tracker.py:id_merge,
D,2,510
S,3,510,PREDICTION,src/tracking/advanced_tracker.py:id_merge,
D,5,510
S,6,510,PREDICTION,src/tracking/advanced_tracker.py:id_merge,
D,6,510
S,7,510,PREDICTION,src/tracking/advanced_tracker.py:id_merge,
D,7,510
S,8,510,PREDICTION,src/tracking/advanced_tracker.py:id_merge,
D,8,510
S,9,510,PREDICTION,src/tracking/advanced_tracker.py:id_merge,
L,1,510,DETECTION,src/tracking/advanced_tracker.py:_activate_slot,510_442_441_780_612
R,DETECTION,DETECTION,1
L,3,510,PREDICTION,src/tracking/advanced_tracker.py:id_merge,
R,PREDICTION,SUBPIXEL,0
L,4,510,DETECTION,src/tracking/advanced_tracker.py:_activate_slot,510_341_635_624_785
R,DETECTION,SUBPIXEL,0
L,9,510,PREDICTION,src/tracking/advanced_tracker.py:id_merge,
R,PREDICTION,SUBPIXEL,0
A,510
S,0,513,DETECTION,src/tracking/advanced_tracker.py:_activate_slot,513_520_670_883_835
S,1,513,DETECTION,src/tracking/advanced_tracker.py:_activate_slot,513_441_443_780_606
S,2,513,DETECTION,src/tracking/advanced_tracker.py:_activate_slot,513_506_810_868_963
S,3,513,DETECTION,src/tracking/advanced_tracker.py:_activate_slot,513_492_1001_845_1154
S,4,513,DETECTION,src/tracking/advanced_tracker.py:_activate_slot,513_337_634_624_784
S,6,513,DETECTION,src/tracking/advanced_tracker.py:_activate_slot,513_171_794_375_899
S,7,513,DETECTION,src/tracking/advanced_tracker.py:_activate_slot,513_168_912_362_1003
S,5,513,DETECTION,src/tracking/advanced_tracker.py:_activate_slot,513_169_853_363_942
S,8,513,DETECTION,src/tracking/advanced_tracker.py:_activate_slot,513_149_1083_357_1182
S,9,513,PREDICTION,src/tracking/advanced_tracker.py:kalman_homography,
D,0,513
S,2,513,PREDICTION,src/tracking/advanced_tracker.py:id_merge,
D,2,513
S,3,513,PREDICTION,src/tracking/advanced_tracker.py:id_merge,
D,5,513
S,6,513,PREDICTION,src/tracking/advanced_tracker.py:id_merge,
D,6,513
S,7,513,PREDICTION,src/tracking/advanced_tracker.py:id_merge,
D,7,513
S,8,513,PREDICTION,src/tracking/advanced_tracker.py:id_merge,
D,9,513
S,8,513,PREDICTION,src/tracking/advanced_tracker.py:id_merge,
L,1,513,DETECTION,src/tracking/advanced_tracker.py:_activate_slot,513_441_443_780_606
R,DETECTION,DETECTION,1
L,3,513,PREDICTION,src/tracking/advanced_tracker.py:id_merge,
R,PREDICTION,SUBPIXEL,0
L,4,513,DETECTION,src/tracking/advanced_tracker.py:_activate_slot,513_337_634_624_784
R,DETECTION,DETECTION,1
L,8,513,PREDICTION,src/tracking/advanced_tracker.py:id_merge,
R,PREDICTION,SUBPIXEL,0
A,513
S,0,516,DETECTION,src/tracking/advanced_tracker.py:_activate_slot,516_520_667_882_835
S,1,516,DETECTION,src/tracking/advanced_tracker.py:_activate_slot,516_430_445_778_589
S,2,516,DETECTION,src/tracking/advanced_tracker.py:_activate_slot,516_511_805_867_961
S,3,516,DETECTION,src/tracking/advanced_tracker.py:_activate_slot,516_492_1001_845_1154
S,4,516,DETECTION,src/tracking/advanced_tracker.py:_activate_slot,516_334_635_632_784
S,6,516,DETECTION,src/tracking/advanced_tracker.py:_activate_slot,516_172_794_373_899
S,7,516,DETECTION,src/tracking/advanced_tracker.py:_activate_slot,516_168_913_363_1003
S,5,516,DETECTION,src/tracking/advanced_tracker.py:_activate_slot,516_169_853_364_943
S,8,516,DETECTION,src/tracking/advanced_tracker.py:_activate_slot,516_149_1083_357_1182
S,9,516,DETECTION,src/tracking/advanced_tracker.py:_activate_slot,516_147_1026_351_1119
D,0,516
S,2,516,PREDICTION,src/tracking/advanced_tracker.py:id_merge,
D,2,516
S,3,516,PREDICTION,src/tracking/advanced_tracker.py:id_merge,
D,5,516
S,6,516,PREDICTION,src/tracking/advanced_tracker.py:id_merge,
D,6,516
S,7,516,PREDICTION,src/tracking/advanced_tracker.py:id_merge,
D,7,516
S,8,516,PREDICTION,src/tracking/advanced_tracker.py:id_merge,
D,8,516
S,9,516,PREDICTION,src/tracking/advanced_tracker.py:id_merge,
L,1,516,DETECTION,src/tracking/advanced_tracker.py:_activate_slot,516_430_445_778_589
R,DETECTION,DETECTION,1
L,3,516,PREDICTION,src/tracking/advanced_tracker.py:id_merge,
R,PREDICTION,SUBPIXEL,0
L,4,516,DETECTION,src/tracking/advanced_tracker.py:_activate_slot,516_334_635_632_784
R,DETECTION,DETECTION,1
L,9,516,PREDICTION,src/tracking/advanced_tracker.py:id_merge,
R,PREDICTION,PREDICTION,1
A,516
S,0,519,DETECTION,src/tracking/advanced_tracker.py:_activate_slot,519_521_665_882_833
S,1,519,DETECTION,src/tracking/advanced_tracker.py:_activate_slot,519_414_447_771_587
S,2,519,DETECTION,src/tracking/advanced_tracker.py:_activate_slot,519_515_805_867_961
S,3,519,DETECTION,src/tracking/advanced_tracker.py:_activate_slot,519_492_1000_846_1153
S,4,519,DETECTION,src/tracking/advanced_tracker.py:_activate_slot,519_339_635_625_785
S,6,519,DETECTION,src/tracking/advanced_tracker.py:_activate_slot,519_171_794_372_900
S,7,519,DETECTION,src/tracking/advanced_tracker.py:_activate_slot,519_168_910_363_1003
S,5,519,DETECTION,src/tracking/advanced_tracker.py:_activate_slot,519_169_853_363_943
S,8,519,DETECTION,src/tracking/advanced_tracker.py:_activate_slot,519_148_1083_357_1182
S,9,519,DETECTION,src/tracking/advanced_tracker.py:_activate_slot,519_147_1026_348_1119
D,0,519
S,2,519,PREDICTION,src/tracking/advanced_tracker.py:id_merge,
D,2,519
S,3,519,PREDICTION,src/tracking/advanced_tracker.py:id_merge,
D,5,519
S,6,519,PREDICTION,src/tracking/advanced_tracker.py:id_merge,
D,6,519
S,7,519,PREDICTION,src/tracking/advanced_tracker.py:id_merge,
D,7,519
S,8,519,PREDICTION,src/tracking/advanced_tracker.py:id_merge,
D,8,519
S,9,519,PREDICTION,src/tracking/advanced_tracker.py:id_merge,
L,1,519,DETECTION,src/tracking/advanced_tracker.py:_activate_slot,519_414_447_771_587
R,DETECTION,DETECTION,1
L,3,519,PREDICTION,src/tracking/advanced_tracker.py:id_merge,
R,PREDICTION,PREDICTION,1
L,4,519,DETECTION,src/tracking/advanced_tracker.py:_activate_slot,519_339_635_625_785
R,DETECTION,DETECTION,1
L,9,519,PREDICTION,src/tracking/advanced_tracker.py:id_merge,
R,PREDICTION,PREDICTION,1
A,519
S,0,522,DETECTION,src/tracking/advanced_tracker.py:_activate_slot,522_522_663_882_832
S,1,522,DETECTION,src/tracking/advanced_tracker.py:_activate_slot,522_404_445_773_583
S,2,522,DETECTION,src/tracking/advanced_tracker.py:_activate_slot,522_513_804_868_960
S,3,522,DETECTION,src/tracking/advanced_tracker.py:_activate_slot,522_493_1000_846_1153
S,4,522,DETECTION,src/tracking/advanced_tracker.py:_activate_slot,522_340_635_622_785
S,6,522,DETECTION,src/tracking/advanced_tracker.py:_activate_slot,522_171_795_374_900
S,7,522,DETECTION,src/tracking/advanced_tracker.py:_activate_slot,522_168_909_364_1003
S,5,522,DETECTION,src/tracking/advanced_tracker.py:_activate_slot,522_169_853_364_942
S,8,522,DETECTION,src/tracking/advanced_tracker.py:_activate_slot,522_148_1082_357_1181
S,9,522,DETECTION,src/tracking/advanced_tracker.py:_activate_slot,522_147_1026_348_1119
D,0,522
S,2,522,PREDICTION,src/tracking/advanced_tracker.py:id_merge,
D,2,522
S,3,522,PREDICTION,src/tracking/advanced_tracker.py:id_merge,
D,5,522
S,6,522,PREDICTION,src/tracking/advanced_tracker.py:id_merge,
D,6,522
S,7,522,PREDICTION,src/tracking/advanced_tracker.py:id_merge,
D,7,522
S,8,522,PREDICTION,src/tracking/advanced_tracker.py:id_merge,
D,8,522
S,9,522,PREDICTION,src/tracking/advanced_tracker.py:id_merge,
L,1,522,DETECTION,src/tracking/advanced_tracker.py:_activate_slot,522_404_445_773_583
R,DETECTION,DETECTION,1
L,3,522,PREDICTION,src/tracking/advanced_tracker.py:id_merge,
R,PREDICTION,SUBPIXEL,0
L,4,522,DETECTION,src/tracking/advanced_tracker.py:_activate_slot,522_340_635_622_785
R,DETECTION,DETECTION,1
L,9,522,PREDICTION,src/tracking/advanced_tracker.py:id_merge,
R,PREDICTION,SUBPIXEL,0
A,522
S,0,525,DETECTION,src/tracking/advanced_tracker.py:_activate_slot,525_522_659_879_832
S,1,525,DETECTION,src/tracking/advanced_tracker.py:_activate_slot,525_373_444_774_582
S,2,525,DETECTION,src/tracking/advanced_tracker.py:_activate_slot,525_514_801_870_960
S,3,525,DETECTION,src/tracking/advanced_tracker.py:_activate_slot,525_492_1002_845_1153
S,4,525,DETECTION,src/tracking/advanced_tracker.py:_activate_slot,525_337_635_624_785
S,6,525,DETECTION,src/tracking/advanced_tracker.py:_activate_slot,525_171_795_374_900
S,7,525,DETECTION,src/tracking/advanced_tracker.py:_activate_slot,525_168_910_362_1003
S,5,525,DETECTION,src/tracking/advanced_tracker.py:_activate_slot,525_169_853_363_942
S,8,525,DETECTION,src/tracking/advanced_tracker.py:_activate_slot,525_148_1081_357_1182
S,9,525,DETECTION,src/tracking/advanced_tracker.py:_activate_slot,525_147_1026_346_1119
D,0,525
S,2,525,PREDICTION,src/tracking/advanced_tracker.py:id_merge,
D,2,525
S,3,525,PREDICTION,src/tracking/advanced_tracker.py:id_merge,
D,5,525
S,6,525,PREDICTION,src/tracking/advanced_tracker.py:id_merge,
D,6,525
S,7,525,PREDICTION,src/tracking/advanced_tracker.py:id_merge,
D,7,525
S,8,525,PREDICTION,src/tracking/advanced_tracker.py:id_merge,
D,8,525
S,9,525,PREDICTION,src/tracking/advanced_tracker.py:id_merge,
L,1,525,DETECTION,src/tracking/advanced_tracker.py:_activate_slot,525_373_444_774_582
R,DETECTION,DETECTION,1
L,3,525,PREDICTION,src/tracking/advanced_tracker.py:id_merge,
R,PREDICTION,PREDICTION,1
L,4,525,DETECTION,src/tracking/advanced_tracker.py:_activate_slot,525_337_635_624_785
R,DETECTION,DETECTION,1
L,9,525,PREDICTION,src/tracking/advanced_tracker.py:id_merge,
R,PREDICTION,PREDICTION,1
A,525
S,0,528,DETECTION,src/tracking/advanced_tracker.py:_activate_slot,528_519_653_880_830
S,1,528,DETECTION,src/tracking/advanced_tracker.py:_activate_slot,528_385_445_774_576
S,2,528,DETECTION,src/tracking/advanced_tracker.py:_activate_slot,528_514_799_870_961
S,3,528,DETECTION,src/tracking/advanced_tracker.py:_activate_slot,528_494_1000_844_1153
S,4,528,DETECTION,src/tracking/advanced_tracker.py:_activate_slot,528_338_636_626_786
S,6,528,DETECTION,src/tracking/advanced_tracker.py:_activate_slot,528_171_793_373_898
S,7,528,DETECTION,src/tracking/advanced_tracker.py:_activate_slot,528_168_911_362_1002
S,5,528,DETECTION,src/tracking/advanced_tracker.py:_activate_slot,528_168_853_362_940
S,8,528,DETECTION,src/tracking/advanced_tracker.py:_activate_slot,528_148_1081_357_1180
S,9,528,DETECTION,src/tracking/advanced_tracker.py:_activate_slot,528_147_1026_347_1119
D,0,528
S,2,528,PREDICTION,src/tracking/advanced_tracker.py:id_merge,
D,2,528
S,3,528,PREDICTION,src/tracking/advanced_tracker.py:id_merge,
D,5,528
S,6,528,PREDICTION,src/tracking/advanced_tracker.py:id_merge,
D,6,528
S,7,528,PREDICTION,src/tracking/advanced_tracker.py:id_merge,
D,7,528
S,8,528,PREDICTION,src/tracking/advanced_tracker.py:id_merge,
D,8,528
S,9,528,PREDICTION,src/tracking/advanced_tracker.py:id_merge,
L,1,528,DETECTION,src/tracking/advanced_tracker.py:_activate_slot,528_385_445_774_576
R,DETECTION,DETECTION,1
L,3,528,PREDICTION,src/tracking/advanced_tracker.py:id_merge,
R,PREDICTION,PREDICTION,1
L,4,528,DETECTION,src/tracking/advanced_tracker.py:_activate_slot,528_338_636_626_786
R,DETECTION,DETECTION,1
L,9,528,PREDICTION,src/tracking/advanced_tracker.py:id_merge,
R,PREDICTION,SUBPIXEL,0
A,528
S,0,531,DETECTION,src/tracking/advanced_tracker.py:_activate_slot,531_519_648_881_825
S,1,531,DETECTION,src/tracking/advanced_tracker.py:_activate_slot,531_340_443_765_594
S,2,531,DETECTION,src/tracking/advanced_tracker.py:_activate_slot,531_511_796_868_964
S,3,531,DETECTION,src/tracking/advanced_tracker.py:_activate_slot,531_494_1000_844_1153
S,4,531,DETECTION,src/tracking/advanced_tracker.py:_activate_slot,531_335_634_641_793
S,6,531,DETECTION,src/tracking/advanced_tracker.py:_activate_slot,531_170_793_372_898
S,7,531,DETECTION,src/tracking/advanced_tracker.py:_activate_slot,531_165_912_362_1002
S,5,531,DETECTION,src/tracking/advanced_tracker.py:_activate_slot,531_168_855_363_939
S,8,531,DETECTION,src/tracking/advanced_tracker.py:_activate_slot,531_147_1081_358_1180
S,9,531,DETECTION,src/tracking/advanced_tracker.py:_activate_slot,531_147_1025_349_1116
D,0,531
S,2,531,PREDICTION,src/tracking/advanced_tracker.py:id_merge,
D,2,531
S,3,531,PREDICTION,src/tracking/advanced_tracker.py:id_merge,
D,5,531
S,6,531,PREDICTION,src/tracking/advanced_tracker.py:id_merge,
D,6,531
S,7,531,PREDICTION,src/tracking/advanced_tracker.py:id_merge,
D,7,531
S,8,531,PREDICTION,src/tracking/advanced_tracker.py:id_merge,
D,8,531
S,9,531,PREDICTION,src/tracking/advanced_tracker.py:id_merge,
L,1,531,DETECTION,src/tracking/advanced_tracker.py:_activate_slot,531_340_443_765_594
R,DETECTION,DETECTION,1
L,3,531,PREDICTION,src/tracking/advanced_tracker.py:id_merge,
R,PREDICTION,SUBPIXEL,0
L,4,531,DETECTION,src/tracking/advanced_tracker.py:_activate_slot,531_335_634_641_793
R,DETECTION,DETECTION,1
L,9,531,PREDICTION,src/tracking/advanced_tracker.py:id_merge,
R,PREDICTION,PREDICTION,1
A,531
S,0,534,DETECTION,src/tracking/advanced_tracker.py:_activate_slot,534_519_648_879_821
S,1,534,DETECTION,src/tracking/advanced_tracker.py:_activate_slot,534_342_441_767_579
S,2,534,DETECTION,src/tracking/advanced_tracker.py:_activate_slot,534_509_799_867_964
S,3,534,DETECTION,src/tracking/advanced_tracker.py:_activate_slot,534_494_1000_843_1153
S,4,534,DETECTION,src/tracking/advanced_tracker.py:_activate_slot,534_337_634_619_789
S,6,534,DETECTION,src/tracking/advanced_tracker.py:_activate_slot,534_169_792_373_899
S,7,534,DETECTION,src/tracking/advanced_tracker.py:_activate_slot,534_165_913_362_1003
S,8,534,DETECTION,src/tracking/advanced_tracker.py:_activate_slot,534_147_1081_358_1180
S,5,534,DETECTION,src/tracking/advanced_tracker.py:_activate_slot,534_168_853_363_937
S,9,534,DETECTION,src/tracking/advanced_tracker.py:_activate_slot,534_147_1026_350_1117
D,0,534
S,2,534,PREDICTION,src/tracking/advanced_tracker.py:id_merge,
D,2,534
S,3,534,PREDICTION,src/tracking/advanced_tracker.py:id_merge,
D,5,534
S,6,534,PREDICTION,src/tracking/advanced_tracker.py:id_merge,
D,6,534
S,7,534,PREDICTION,src/tracking/advanced_tracker.py:id_merge,
D,7,534
S,8,534,PREDICTION,src/tracking/advanced_tracker.py:id_merge,
D,8,534
S,9,534,PREDICTION,src/tracking/advanced_tracker.py:id_merge,
L,1,534,DETECTION,src/tracking/advanced_tracker.py:_activate_slot,534_342_441_767_579
R,DETECTION,DETECTION,1
L,3,534,PREDICTION,src/tracking/advanced_tracker.py:id_merge,
R,PREDICTION,SUBPIXEL,0
L,4,534,DETECTION,src/tracking/advanced_tracker.py:_activate_slot,534_337_634_619_789
R,DETECTION,DETECTION,1
L,9,534,PREDICTION,src/tracking/advanced_tracker.py:id_merge,
R,PREDICTION,PREDICTION,1
A,534
S,0,537,DETECTION,src/tracking/advanced_tracker.py:_activate_slot,537_522_648_880_817
S,1,537,DETECTION,src/tracking/advanced_tracker.py:_activate_slot,537_347_439_769_577
S,2,537,DETECTION,src/tracking/advanced_tracker.py:_activate_slot,537_506_801_868_969
S,3,537,DETECTION,src/tracking/advanced_tracker.py:_activate_slot,537_494_999_843_1155
S,4,537,DETECTION,src/tracking/advanced_tracker.py:_activate_slot,537_338_634_611_789
S,6,537,DETECTION,src/tracking/advanced_tracker.py:_activate_slot,537_170_793_372_898
S,7,537,DETECTION,src/tracking/advanced_tracker.py:_activate_slot,537_166_913_362_1003
S,8,537,DETECTION,src/tracking/advanced_tracker.py:_activate_slot,537_148_1081_358_1180
S,9,537,DETECTION,src/tracking/advanced_tracker.py:_activate_slot,537_147_1026_349_1117
S,5,537,PREDICTION,src/tracking/advanced_tracker.py:kalman_homography,
D,0,537
S,2,537,PREDICTION,src/tracking/advanced_tracker.py:id_merge,
D,2,537
S,3,537,PREDICTION,src/tracking/advanced_tracker.py:id_merge,
D,5,537
S,6,537,PREDICTION,src/tracking/advanced_tracker.py:id_merge,
D,6,537
S,7,537,PREDICTION,src/tracking/advanced_tracker.py:id_merge,
D,7,537
S,8,537,PREDICTION,src/tracking/advanced_tracker.py:id_merge,
D,8,537
S,9,537,PREDICTION,src/tracking/advanced_tracker.py:id_merge,
L,1,537,DETECTION,src/tracking/advanced_tracker.py:_activate_slot,537_347_439_769_577
R,DETECTION,DETECTION,1
L,3,537,PREDICTION,src/tracking/advanced_tracker.py:id_merge,
R,PREDICTION,PREDICTION,1
L,4,537,DETECTION,src/tracking/advanced_tracker.py:_activate_slot,537_338_634_611_789
R,DETECTION,DETECTION,1
L,9,537,PREDICTION,src/tracking/advanced_tracker.py:id_merge,
R,PREDICTION,PREDICTION,1
A,537
S,0,540,DETECTION,src/tracking/advanced_tracker.py:_activate_slot,540_522_642_880_815
S,1,540,DETECTION,src/tracking/advanced_tracker.py:_activate_slot,540_351_438_770_572
S,2,540,DETECTION,src/tracking/advanced_tracker.py:_activate_slot,540_507_804_870_972
S,3,540,DETECTION,src/tracking/advanced_tracker.py:_activate_slot,540_495_996_843_1155
S,4,540,DETECTION,src/tracking/advanced_tracker.py:_activate_slot,540_336_634_610_790
S,6,540,DETECTION,src/tracking/advanced_tracker.py:_activate_slot,540_169_792_374_899
S,7,540,DETECTION,src/tracking/advanced_tracker.py:_activate_slot,540_164_913_362_1003
S,8,540,DETECTION,src/tracking/advanced_tracker.py:_activate_slot,540_148_1081_357_1180
S,9,540,DETECTION,src/tracking/advanced_tracker.py:_activate_slot,540_147_1024_348_1117
S,5,540,PREDICTION,src/tracking/advanced_tracker.py:kalman_homography,
D,0,540
S,2,540,PREDICTION,src/tracking/advanced_tracker.py:id_merge,
D,2,540
S,3,540,PREDICTION,src/tracking/advanced_tracker.py:id_merge,
D,5,540
S,6,540,PREDICTION,src/tracking/advanced_tracker.py:id_merge,
D,6,540
S,7,540,PREDICTION,src/tracking/advanced_tracker.py:id_merge,
D,7,540
S,8,540,PREDICTION,src/tracking/advanced_tracker.py:id_merge,
D,8,540
S,9,540,PREDICTION,src/tracking/advanced_tracker.py:id_merge,
L,1,540,DETECTION,src/tracking/advanced_tracker.py:_activate_slot,540_351_438_770_572
R,DETECTION,DETECTION,1
L,3,540,PREDICTION,src/tracking/advanced_tracker.py:id_merge,
R,PREDICTION,PREDICTION,1
L,4,540,DETECTION,src/tracking/advanced_tracker.py:_activate_slot,540_336_634_610_790
R,DETECTION,DETECTION,1
L,9,540,PREDICTION,src/tracking/advanced_tracker.py:id_merge,
R,PREDICTION,PREDICTION,1
A,540
S,0,543,DETECTION,src/tracking/advanced_tracker.py:_activate_slot,543_522_639_880_813
S,1,543,DETECTION,src/tracking/advanced_tracker.py:_activate_slot,543_352_433_777_557
S,2,543,DETECTION,src/tracking/advanced_tracker.py:_activate_slot,543_507_804_866_972
S,3,543,DETECTION,src/tracking/advanced_tracker.py:_activate_slot,543_494_993_843_1157
S,4,543,DETECTION,src/tracking/advanced_tracker.py:_activate_slot,543_334_633_607_789
S,5,543,DETECTION,src/tracking/advanced_tracker.py:_activate_slot,543_295_1213_541_1336
S,6,543,DETECTION,src/tracking/advanced_tracker.py:_activate_slot,543_168_793_379_898
S,7,543,DETECTION,src/tracking/advanced_tracker.py:_activate_slot,543_164_913_361_1003
S,8,543,DETECTION,src/tracking/advanced_tracker.py:_activate_slot,543_148_1081_358_1180
S,9,543,DETECTION,src/tracking/advanced_tracker.py:_activate_slot,543_147_1026_349_1116
D,0,543
S,2,543,PREDICTION,src/tracking/advanced_tracker.py:id_merge,
D,2,543
S,3,543,PREDICTION,src/tracking/advanced_tracker.py:id_merge,
D,6,543
S,7,543,PREDICTION,src/tracking/advanced_tracker.py:id_merge,
D,7,543
S,8,543,PREDICTION,src/tracking/advanced_tracker.py:id_merge,
D,8,543
S,9,543,PREDICTION,src/tracking/advanced_tracker.py:id_merge,
L,1,543,DETECTION,src/tracking/advanced_tracker.py:_activate_slot,543_352_433_777_557
R,DETECTION,DETECTION,1
L,3,543,PREDICTION,src/tracking/advanced_tracker.py:id_merge,
R,PREDICTION,SUBPIXEL,0
L,4,543,DETECTION,src/tracking/advanced_tracker.py:_activate_slot,543_334_633_607_789
R,DETECTION,DETECTION,1
L,5,543,DETECTION,src/tracking/advanced_tracker.py:_activate_slot,543_295_1213_541_1336
R,CLAMP,CLAMP,0
L,9,543,PREDICTION,src/tracking/advanced_tracker.py:id_merge,
R,PREDICTION,PREDICTION,1
A,543
S,0,546,DETECTION,src/tracking/advanced_tracker.py:_activate_slot,546_522_637_879_813
S,1,546,DETECTION,src/tracking/advanced_tracker.py:_activate_slot,546_351_433_776_553
S,2,546,DETECTION,src/tracking/advanced_tracker.py:_activate_slot,546_508_807_866_975
S,3,546,DETECTION,src/tracking/advanced_tracker.py:_activate_slot,546_495_996_843_1157
S,4,546,DETECTION,src/tracking/advanced_tracker.py:_activate_slot,546_337_633_606_787
S,5,546,DETECTION,src/tracking/advanced_tracker.py:_activate_slot,546_285_1215_548_1335
S,6,546,DETECTION,src/tracking/advanced_tracker.py:_activate_slot,546_169_792_379_900
S,7,546,DETECTION,src/tracking/advanced_tracker.py:_activate_slot,546_165_913_363_1003
S,8,546,DETECTION,src/tracking/advanced_tracker.py:_activate_slot,546_149_1082_358_1181
S,9,546,DETECTION,src/tracking/advanced_tracker.py:_activate_slot,546_147_1026_350_1119
D,0,546
S,2,546,PREDICTION,src/tracking/advanced_tracker.py:id_merge,
D,2,546
S,3,546,PREDICTION,src/tracking/advanced_tracker.py:id_merge,
D,6,546
S,7,546,PREDICTION,src/tracking/advanced_tracker.py:id_merge,
D,7,546
S,8,546,PREDICTION,src/tracking/advanced_tracker.py:id_merge,
D,8,546
S,9,546,PREDICTION,src/tracking/advanced_tracker.py:id_merge,
L,1,546,DETECTION,src/tracking/advanced_tracker.py:_activate_slot,546_351_433_776_553
R,DETECTION,DETECTION,1
L,3,546,PREDICTION,src/tracking/advanced_tracker.py:id_merge,
R,PREDICTION,SUBPIXEL,0
L,4,546,DETECTION,src/tracking/advanced_tracker.py:_activate_slot,546_337_633_606_787
R,DETECTION,SUBPIXEL,0
L,5,546,DETECTION,src/tracking/advanced_tracker.py:_activate_slot,546_285_1215_548_1335
R,CLAMP,CLAMP,0
L,9,546,PREDICTION,src/tracking/advanced_tracker.py:id_merge,
R,PREDICTION,PREDICTION,1
A,546
S,0,549,DETECTION,src/tracking/advanced_tracker.py:_activate_slot,549_522_636_879_813
S,1,549,DETECTION,src/tracking/advanced_tracker.py:_activate_slot,549_350_430_776_551
S,2,549,DETECTION,src/tracking/advanced_tracker.py:_activate_slot,549_513_810_866_975
S,3,549,DETECTION,src/tracking/advanced_tracker.py:_activate_slot,549_495_994_843_1158
S,4,549,DETECTION,src/tracking/advanced_tracker.py:_activate_slot,549_336_633_626_793
S,6,549,DETECTION,src/tracking/advanced_tracker.py:_activate_slot,549_169_792_378_899
S,7,549,DETECTION,src/tracking/advanced_tracker.py:_activate_slot,549_165_915_363_1003
S,8,549,DETECTION,src/tracking/advanced_tracker.py:_activate_slot,549_148_1081_357_1180
S,9,549,DETECTION,src/tracking/advanced_tracker.py:_activate_slot,549_168_470_390_588
S,5,549,PREDICTION,src/tracking/advanced_tracker.py:kalman_homography,
D,0,549
S,2,549,PREDICTION,src/tracking/advanced_tracker.py:id_merge,
D,2,549
S,3,549,PREDICTION,src/tracking/advanced_tracker.py:id_merge,
D,6,549
S,7,549,PREDICTION,src/tracking/advanced_tracker.py:id_merge,
D,7,549
S,8,549,PREDICTION,src/tracking/advanced_tracker.py:id_merge,
L,1,549,DETECTION,src/tracking/advanced_tracker.py:_activate_slot,549_350_430_776_551
R,DETECTION,DETECTION,1
L,3,549,PREDICTION,src/tracking/advanced_tracker.py:id_merge,
R,PREDICTION,SUBPIXEL,0
L,4,549,DETECTION,src/tracking/advanced_tracker.py:_activate_slot,549_336_633_626_793
R,DETECTION,DETECTION,1
L,5,549,PREDICTION,src/tracking/advanced_tracker.py:kalman_homography,
R,CLAMP,CLAMP,0
L,8,549,PREDICTION,src/tracking/advanced_tracker.py:id_merge,
R,PREDICTION,PREDICTION,1
L,9,549,DETECTION,src/tracking/advanced_tracker.py:_activate_slot,549_168_470_390_588
R,DETECTION,DETECTION,1
A,549
S,0,552,DETECTION,src/tracking/advanced_tracker.py:_activate_slot,552_524_632_879_812
S,1,552,DETECTION,src/tracking/advanced_tracker.py:_activate_slot,552_351_427_776_549
S,2,552,DETECTION,src/tracking/advanced_tracker.py:_activate_slot,552_514_813_866_978
S,3,552,DETECTION,src/tracking/advanced_tracker.py:_activate_slot,552_495_996_843_1157
S,4,552,DETECTION,src/tracking/advanced_tracker.py:_activate_slot,552_338_633_627_794
S,6,552,DETECTION,src/tracking/advanced_tracker.py:_activate_slot,552_168_793_377_898
S,7,552,DETECTION,src/tracking/advanced_tracker.py:_activate_slot,552_164_915_363_1003
S,8,552,DETECTION,src/tracking/advanced_tracker.py:_activate_slot,552_286_1216_543_1333
S,9,552,DETECTION,src/tracking/advanced_tracker.py:_activate_slot,552_169_469_393_588
S,5,552,PREDICTION,src/tracking/advanced_tracker.py:kalman_homography,
D,0,552
S,2,552,PREDICTION,src/tracking/advanced_tracker.py:id_merge,
D,2,552
S,3,552,PREDICTION,src/tracking/advanced_tracker.py:id_merge,
D,5,552
S,8,552,PREDICTION,src/tracking/advanced_tracker.py:id_merge,
D,6,552
S,7,552,PREDICTION,src/tracking/advanced_tracker.py:id_merge,
L,1,552,DETECTION,src/tracking/advanced_tracker.py:_activate_slot,552_351_427_776_549
R,DETECTION,DETECTION,1
L,3,552,PREDICTION,src/tracking/advanced_tracker.py:id_merge,
R,PREDICTION,SUBPIXEL,0
L,4,552,DETECTION,src/tracking/advanced_tracker.py:_activate_slot,552_338_633_627_794
R,DETECTION,DETECTION,1
L,7,552,PREDICTION,src/tracking/advanced_tracker.py:id_merge,
R,PREDICTION,PREDICTION,1
L,8,552,PREDICTION,src/tracking/advanced_tracker.py:id_merge,
R,PREDICTION,PREDICTION,1
L,9,552,DETECTION,src/tracking/advanced_tracker.py:_activate_slot,552_169_469_393_588
R,DETECTION,DETECTION,1
A,552
S,0,555,DETECTION,src/tracking/advanced_tracker.py:_activate_slot,555_525_628_879_812
S,1,555,DETECTION,src/tracking/advanced_tracker.py:_activate_slot,555_351_426_777_546
S,2,555,DETECTION,src/tracking/advanced_tracker.py:_activate_slot,555_511_813_867_981
S,3,555,DETECTION,src/tracking/advanced_tracker.py:_activate_slot,555_495_994_842_1156
S,4,555,DETECTION,src/tracking/advanced_tracker.py:_activate_slot,555_339_633_624_790
S,6,555,DETECTION,src/tracking/advanced_tracker.py:_activate_slot,555_169_793_379_898
S,7,555,DETECTION,src/tracking/advanced_tracker.py:_activate_slot,555_167_912_362_1002
S,8,555,DETECTION,src/tracking/advanced_tracker.py:_activate_slot,555_285_1211_550_1337
S,5,555,PREDICTION,src/tracking/advanced_tracker.py:kalman_homography,
S,9,555,PREDICTION,src/tracking/advanced_tracker.py:flow_gapfill_batched,
D,0,555
S,2,555,PREDICTION,src/tracking/advanced_tracker.py:id_merge,
D,2,555
S,3,555,PREDICTION,src/tracking/advanced_tracker.py:id_merge,
D,6,555
S,7,555,PREDICTION,src/tracking/advanced_tracker.py:id_merge,
L,1,555,DETECTION,src/tracking/advanced_tracker.py:_activate_slot,555_351_426_777_546
R,DETECTION,DETECTION,1
L,3,555,PREDICTION,src/tracking/advanced_tracker.py:id_merge,
R,PREDICTION,PREDICTION,1
L,4,555,DETECTION,src/tracking/advanced_tracker.py:_activate_slot,555_339_633_624_790
R,DETECTION,DETECTION,1
L,5,555,PREDICTION,src/tracking/advanced_tracker.py:kalman_homography,
R,CLAMP,CLAMP,0
L,7,555,PREDICTION,src/tracking/advanced_tracker.py:id_merge,
R,PREDICTION,PREDICTION,1
L,8,555,DETECTION,src/tracking/advanced_tracker.py:_activate_slot,555_285_1211_550_1337
R,DETECTION,DETECTION,1
L,9,555,PREDICTION,src/tracking/advanced_tracker.py:flow_gapfill_batched,
R,PREDICTION,SUBPIXEL,0
A,555
S,0,558,DETECTION,src/tracking/advanced_tracker.py:_activate_slot,558_525_627_879_813
S,1,558,DETECTION,src/tracking/advanced_tracker.py:_activate_slot,558_351_424_777_543
S,2,558,DETECTION,src/tracking/advanced_tracker.py:_activate_slot,558_509_816_864_981
S,3,558,DETECTION,src/tracking/advanced_tracker.py:_activate_slot,558_495_993_843_1158
S,4,558,DETECTION,src/tracking/advanced_tracker.py:_activate_slot,558_340_632_625_791
S,6,558,DETECTION,src/tracking/advanced_tracker.py:_activate_slot,558_168_792_381_898
S,7,558,DETECTION,src/tracking/advanced_tracker.py:_activate_slot,558_164_912_362_1002
S,8,558,DETECTION,src/tracking/advanced_tracker.py:_activate_slot,558_292_1210_571_1339
S,5,558,PREDICTION,src/tracking/advanced_tracker.py:kalman_homography,
S,9,558,PREDICTION,src/tracking/advanced_tracker.py:flow_gapfill_batched,
D,0,558
S,2,558,PREDICTION,src/tracking/advanced_tracker.py:id_merge,
D,2,558
S,3,558,PREDICTION,src/tracking/advanced_tracker.py:id_merge,
D,6,558
S,7,558,PREDICTION,src/tracking/advanced_tracker.py:id_merge,
L,1,558,DETECTION,src/tracking/advanced_tracker.py:_activate_slot,558_351_424_777_543
R,DETECTION,DETECTION,1
L,3,558,PREDICTION,src/tracking/advanced_tracker.py:id_merge,
R,PREDICTION,PREDICTION,1
L,4,558,DETECTION,src/tracking/advanced_tracker.py:_activate_slot,558_340_632_625_791
R,DETECTION,DETECTION,1
L,5,558,PREDICTION,src/tracking/advanced_tracker.py:kalman_homography,
R,CLAMP,CLAMP,0
L,7,558,PREDICTION,src/tracking/advanced_tracker.py:id_merge,
R,PREDICTION,SUBPIXEL,0
L,8,558,DETECTION,src/tracking/advanced_tracker.py:_activate_slot,558_292_1210_571_1339
R,DETECTION,DETECTION,1
L,9,558,PREDICTION,src/tracking/advanced_tracker.py:flow_gapfill_batched,
R,PREDICTION,PREDICTION,1
A,558
S,0,561,DETECTION,src/tracking/advanced_tracker.py:_activate_slot,561_524_627_878_810
S,1,561,DETECTION,src/tracking/advanced_tracker.py:_activate_slot,561_354_423_777_543
S,2,561,DETECTION,src/tracking/advanced_tracker.py:_activate_slot,561_508_820_863_985
S,3,561,DETECTION,src/tracking/advanced_tracker.py:_activate_slot,561_495_994_841_1156
S,4,561,DETECTION,src/tracking/advanced_tracker.py:_activate_slot,561_342_632_622_789
S,5,561,DETECTION,src/tracking/advanced_tracker.py:_activate_slot,561_147_1080_357_1182
S,6,561,DETECTION,src/tracking/advanced_tracker.py:_activate_slot,561_168_792_380_897
S,7,561,DETECTION,src/tracking/advanced_tracker.py:_activate_slot,561_162_915_360_1002
S,8,561,DETECTION,src/tracking/advanced_tracker.py:_activate_slot,561_302_1209_570_1344
S,9,561,PREDICTION,src/tracking/advanced_tracker.py:flow_gapfill_batched,
D,0,561
S,2,561,PREDICTION,src/tracking/advanced_tracker.py:id_merge,
D,2,561
S,3,561,PREDICTION,src/tracking/advanced_tracker.py:id_merge,
D,5,561
S,7,561,PREDICTION,src/tracking/advanced_tracker.py:id_merge,
D,6,561
S,7,561,PREDICTION,src/tracking/advanced_tracker.py:id_merge,
L,1,561,DETECTION,src/tracking/advanced_tracker.py:_activate_slot,561_354_423_777_543
R,DETECTION,SUBPIXEL,0
L,3,561,PREDICTION,src/tracking/advanced_tracker.py:id_merge,
R,PREDICTION,PREDICTION,1
L,4,561,DETECTION,src/tracking/advanced_tracker.py:_activate_slot,561_342_632_622_789
R,DETECTION,DETECTION,1
L,7,561,PREDICTION,src/tracking/advanced_tracker.py:id_merge,
R,PREDICTION,PREDICTION,1
L,8,561,DETECTION,src/tracking/advanced_tracker.py:_activate_slot,561_302_1209_570_1344
R,DETECTION,DETECTION,1
L,9,561,PREDICTION,src/tracking/advanced_tracker.py:flow_gapfill_batched,
R,PREDICTION,PREDICTION,1
A,561
S,0,564,DETECTION,src/tracking/advanced_tracker.py:_activate_slot,564_525_627_878_807
S,1,564,DETECTION,src/tracking/advanced_tracker.py:_activate_slot,564_357_424_778_541
S,2,564,DETECTION,src/tracking/advanced_tracker.py:_activate_slot,564_509_823_862_987
S,3,564,DETECTION,src/tracking/advanced_tracker.py:_activate_slot,564_495_993_843_1152
S,4,564,DETECTION,src/tracking/advanced_tracker.py:_activate_slot,564_344_635_617_789
S,6,564,DETECTION,src/tracking/advanced_tracker.py:_activate_slot,564_169_793_380_898
S,7,564,DETECTION,src/tracking/advanced_tracker.py:_activate_slot,564_164_914_361_1002
S,8,564,DETECTION,src/tracking/advanced_tracker.py:_activate_slot,564_305_1209_571_1344
S,5,564,DETECTION,src/tracking/advanced_tracker.py:_activate_slot,564_147_1026_345_1116
S,9,564,PREDICTION,src/tracking/advanced_tracker.py:flow_gapfill_batched,
D,0,564
S,2,564,PREDICTION,src/tracking/advanced_tracker.py:id_merge,
D,2,564
S,3,564,PREDICTION,src/tracking/advanced_tracker.py:id_merge,
D,5,564
S,7,564,PREDICTION,src/tracking/advanced_tracker.py:id_merge,
D,6,564
S,7,564,PREDICTION,src/tracking/advanced_tracker.py:id_merge,
L,1,564,DETECTION,src/tracking/advanced_tracker.py:_activate_slot,564_357_424_778_541
R,DETECTION,DETECTION,1
L,3,564,PREDICTION,src/tracking/advanced_tracker.py:id_merge,
R,PREDICTION,PREDICTION,1
L,4,564,DETECTION,src/tracking/advanced_tracker.py:_activate_slot,564_344_635_617_789
R,DETECTION,DETECTION,1
L,7,564,PREDICTION,src/tracking/advanced_tracker.py:id_merge,
R,PREDICTION,SUBPIXEL,0
L,8,564,DETECTION,src/tracking/advanced_tracker.py:_activate_slot,564_305_1209_571_1344
R,DETECTION,DETECTION,1
L,9,564,PREDICTION,src/tracking/advanced_tracker.py:flow_gapfill_batched,
R,PREDICTION,PREDICTION,1
A,564
S,0,567,DETECTION,src/tracking/advanced_tracker.py:_activate_slot,567_525_627_879_807
S,1,567,DETECTION,src/tracking/advanced_tracker.py:_activate_slot,567_359_425_778_540
S,2,567,DETECTION,src/tracking/advanced_tracker.py:_activate_slot,567_501_823_864_988
S,3,567,DETECTION,src/tracking/advanced_tracker.py:_activate_slot,567_495_996_842_1152
S,4,567,DETECTION,src/tracking/advanced_tracker.py:_activate_slot,567_344_638_613_789
S,6,567,DETECTION,src/tracking/advanced_tracker.py:_activate_slot,567_168_792_380_900
S,7,567,DETECTION,src/tracking/advanced_tracker.py:_activate_slot,567_165_913_361_1003
S,8,567,DETECTION,src/tracking/advanced_tracker.py:_activate_slot,567_306_1209_585_1339
S,5,567,PREDICTION,src/tracking/advanced_tracker.py:kalman_homography,
S,9,567,PREDICTION,src/tracking/advanced_tracker.py:flow_gapfill_batched,
D,0,567
S,2,567,PREDICTION,src/tracking/advanced_tracker.py:id_merge,
D,2,567
S,3,567,PREDICTION,src/tracking/advanced_tracker.py:id_merge,
D,5,567
S,6,567,PREDICTION,src/tracking/advanced_tracker.py:id_merge,
D,6,567
S,7,567,PREDICTION,src/tracking/advanced_tracker.py:id_merge,
L,1,567,DETECTION,src/tracking/advanced_tracker.py:_activate_slot,567_359_425_778_540
R,DETECTION,SUBPIXEL,0
L,3,567,PREDICTION,src/tracking/advanced_tracker.py:id_merge,
R,PREDICTION,PREDICTION,1
L,4,567,DETECTION,src/tracking/advanced_tracker.py:_activate_slot,567_344_638_613_789
R,DETECTION,DETECTION,1
L,7,567,PREDICTION,src/tracking/advanced_tracker.py:id_merge,
R,PREDICTION,SUBPIXEL,0
L,8,567,DETECTION,src/tracking/advanced_tracker.py:_activate_slot,567_306_1209_585_1339
R,DETECTION,DETECTION,1
L,9,567,PREDICTION,src/tracking/advanced_tracker.py:flow_gapfill_batched,
R,PREDICTION,PREDICTION,1
A,567
S,0,570,DETECTION,src/tracking/advanced_tracker.py:_activate_slot,570_526_627_879_807
S,1,570,DETECTION,src/tracking/advanced_tracker.py:_activate_slot,570_366_427_778_547
S,2,570,DETECTION,src/tracking/advanced_tracker.py:_activate_slot,570_497_822_863_987
S,3,570,DETECTION,src/tracking/advanced_tracker.py:_activate_slot,570_495_994_843_1150
S,4,570,DETECTION,src/tracking/advanced_tracker.py:_activate_slot,570_344_639_615_792
S,6,570,DETECTION,src/tracking/advanced_tracker.py:_activate_slot,570_168_791_380_899
S,7,570,DETECTION,src/tracking/advanced_tracker.py:_activate_slot,570_165_909_363_1002
S,8,570,DETECTION,src/tracking/advanced_tracker.py:_activate_slot,570_313_1206_601_1335
S,5,570,PREDICTION,src/tracking/advanced_tracker.py:kalman_homography,
S,9,570,PREDICTION,src/tracking/advanced_tracker.py:flow_gapfill_batched,
D,0,570
S,2,570,PREDICTION,src/tracking/advanced_tracker.py:id_merge,
D,2,570
S,3,570,PREDICTION,src/tracking/advanced_tracker.py:id_merge,
D,5,570
S,6,570,PREDICTION,src/tracking/advanced_tracker.py:id_merge,
D,6,570
S,7,570,PREDICTION,src/tracking/advanced_tracker.py:id_merge,
L,1,570,DETECTION,src/tracking/advanced_tracker.py:_activate_slot,570_366_427_778_547
R,DETECTION,DETECTION,1
L,3,570,PREDICTION,src/tracking/advanced_tracker.py:id_merge,
R,PREDICTION,PREDICTION,1
L,4,570,DETECTION,src/tracking/advanced_tracker.py:_activate_slot,570_344_639_615_792
R,DETECTION,DETECTION,1
L,7,570,PREDICTION,src/tracking/advanced_tracker.py:id_merge,
R,PREDICTION,PREDICTION,1
L,8,570,DETECTION,src/tracking/advanced_tracker.py:_activate_slot,570_313_1206_601_1335
R,DETECTION,DETECTION,1
L,9,570,PREDICTION,src/tracking/advanced_tracker.py:flow_gapfill_batched,
R,PREDICTION,PREDICTION,1
A,570
S,0,573,DETECTION,src/tracking/advanced_tracker.py:_activate_slot,573_527_627_880_805
S,1,573,DETECTION,src/tracking/advanced_tracker.py:_activate_slot,573_412_431_777_560
S,2,573,DETECTION,src/tracking/advanced_tracker.py:_activate_slot,573_498_819_858_984
S,3,573,DETECTION,src/tracking/advanced_tracker.py:_activate_slot,573_494_994_844_1150
S,4,573,DETECTION,src/tracking/advanced_tracker.py:_activate_slot,573_343_642_618_796
S,6,573,DETECTION,src/tracking/advanced_tracker.py:_activate_slot,573_168_790_384_898
S,8,573,DETECTION,src/tracking/advanced_tracker.py:_activate_slot,573_330_1204_605_1327
S,7,573,DETECTION,src/tracking/advanced_tracker.py:_activate_slot,573_168_912_363_1002
S,5,573,PREDICTION,src/tracking/advanced_tracker.py:kalman_homography,
S,9,573,PREDICTION,src/tracking/advanced_tracker.py:flow_gapfill_batched,
D,0,573
S,2,573,PREDICTION,src/tracking/advanced_tracker.py:id_merge,
D,2,573
S,3,573,PREDICTION,src/tracking/advanced_tracker.py:id_merge,
D,5,573
S,6,573,PREDICTION,src/tracking/advanced_tracker.py:id_merge,
D,6,573
S,7,573,PREDICTION,src/tracking/advanced_tracker.py:id_merge,
L,1,573,DETECTION,src/tracking/advanced_tracker.py:_activate_slot,573_412_431_777_560
R,DETECTION,DETECTION,1
L,3,573,PREDICTION,src/tracking/advanced_tracker.py:id_merge,
R,PREDICTION,PREDICTION,1
L,4,573,DETECTION,src/tracking/advanced_tracker.py:_activate_slot,573_343_642_618_796
R,DETECTION,DETECTION,1
L,7,573,PREDICTION,src/tracking/advanced_tracker.py:id_merge,
R,PREDICTION,PREDICTION,1
L,8,573,DETECTION,src/tracking/advanced_tracker.py:_activate_slot,573_330_1204_605_1327
R,DETECTION,DETECTION,1
L,9,573,PREDICTION,src/tracking/advanced_tracker.py:flow_gapfill_batched,
R,PREDICTION,PREDICTION,1
A,573
S,0,576,DETECTION,src/tracking/advanced_tracker.py:_activate_slot,576_527_628_880_805
S,1,576,DETECTION,src/tracking/advanced_tracker.py:_activate_slot,576_420_438_777_558
S,2,576,DETECTION,src/tracking/advanced_tracker.py:_activate_slot,576_501_816_860_978
S,3,576,DETECTION,src/tracking/advanced_tracker.py:_activate_slot,576_494_995_846_1149
S,4,576,DETECTION,src/tracking/advanced_tracker.py:_activate_slot,576_345_646_622_798
S,8,576,DETECTION,src/tracking/advanced_tracker.py:_activate_slot,576_339_1197_628_1320
S,7,576,DETECTION,src/tracking/advanced_tracker.py:_activate_slot,576_174_912_363_1002
S,5,576,PREDICTION,src/tracking/advanced_tracker.py:kalman_homography,
S,6,576,PREDICTION,src/tracking/advanced_tracker.py:kalman_homography,
S,9,576,PREDICTION,src/tracking/advanced_tracker.py:flow_gapfill_batched,
D,0,576
S,2,576,PREDICTION,src/tracking/advanced_tracker.py:id_merge,
D,2,576
S,3,576,PREDICTION,src/tracking/advanced_tracker.py:id_merge,
D,5,576
S,6,576,PREDICTION,src/tracking/advanced_tracker.py:id_merge,
D,6,576
S,7,576,PREDICTION,src/tracking/advanced_tracker.py:id_merge,
L,1,576,DETECTION,src/tracking/advanced_tracker.py:_activate_slot,576_420_438_777_558
R,DETECTION,DETECTION,1
L,3,576,PREDICTION,src/tracking/advanced_tracker.py:id_merge,
R,PREDICTION,PREDICTION,1
L,4,576,DETECTION,src/tracking/advanced_tracker.py:_activate_slot,576_345_646_622_798
R,DETECTION,DETECTION,1
L,7,576,PREDICTION,src/tracking/advanced_tracker.py:id_merge,
R,PREDICTION,SUBPIXEL,0
L,8,576,DETECTION,src/tracking/advanced_tracker.py:_activate_slot,576_339_1197_628_1320
R,DETECTION,DETECTION,1
L,9,576,PREDICTION,src/tracking/advanced_tracker.py:flow_gapfill_batched,
R,PREDICTION,PREDICTION,1
A,576
S,0,579,DETECTION,src/tracking/advanced_tracker.py:_activate_slot,579_528_628_880_804
S,1,579,DETECTION,src/tracking/advanced_tracker.py:_activate_slot,579_425_441_776_573
S,2,579,DETECTION,src/tracking/advanced_tracker.py:_activate_slot,579_499_814_855_967
S,3,579,DETECTION,src/tracking/advanced_tracker.py:_activate_slot,579_492_999_843_1148
S,4,579,DETECTION,src/tracking/advanced_tracker.py:_activate_slot,579_360_648_619_797
S,8,579,DETECTION,src/tracking/advanced_tracker.py:_activate_slot,579_345_1192_627_1318
S,6,579,DETECTION,src/tracking/advanced_tracker.py:_activate_slot,579_171_791_382_897
S,7,579,DETECTION,src/tracking/advanced_tracker.py:_activate_slot,579_177_910_361_1000
S,5,579,PREDICTION,src/tracking/advanced_tracker.py:kalman_homography,
D,0,579
S,1,579,PREDICTION,src/tracking/advanced_tracker.py:id_merge,
D,2,579
S,3,579,PREDICTION,src/tracking/advanced_tracker.py:id_merge,
D,5,579
S,6,579,PREDICTION,src/tracking/advanced_tracker.py:id_merge,
D,6,579
S,7,579,PREDICTION,src/tracking/advanced_tracker.py:id_merge,
L,1,579,PREDICTION,src/tracking/advanced_tracker.py:id_merge,
R,PREDICTION,PREDICTION,1
L,3,579,PREDICTION,src/tracking/advanced_tracker.py:id_merge,
R,PREDICTION,PREDICTION,1
L,4,579,DETECTION,src/tracking/advanced_tracker.py:_activate_slot,579_360_648_619_797
R,DETECTION,DETECTION,1
L,7,579,PREDICTION,src/tracking/advanced_tracker.py:id_merge,
R,PREDICTION,PREDICTION,1
L,8,579,DETECTION,src/tracking/advanced_tracker.py:_activate_slot,579_345_1192_627_1318
R,DETECTION,DETECTION,1
A,579
S,0,582,DETECTION,src/tracking/advanced_tracker.py:_activate_slot,582_528_627_880_804
S,1,582,DETECTION,src/tracking/advanced_tracker.py:_activate_slot,582_429_444_778_569
S,2,582,DETECTION,src/tracking/advanced_tracker.py:_activate_slot,582_492_808_843_964
S,3,582,DETECTION,src/tracking/advanced_tracker.py:_activate_slot,582_492_1003_842_1150
S,4,582,DETECTION,src/tracking/advanced_tracker.py:_activate_slot,582_360_640_609_792
S,8,582,DETECTION,src/tracking/advanced_tracker.py:_activate_slot,582_345_1186_626_1309
S,6,582,DETECTION,src/tracking/advanced_tracker.py:_activate_slot,582_168_789_380_898
S,7,582,DETECTION,src/tracking/advanced_tracker.py:_activate_slot,582_170_908_365_1001
S,5,582,PREDICTION,src/tracking/advanced_tracker.py:kalman_homography,
D,0,582
S,1,582,PREDICTION,src/tracking/advanced_tracker.py:id_merge,
D,2,582
S,3,582,PREDICTION,src/tracking/advanced_tracker.py:id_merge,
D,5,582
S,6,582,PREDICTION,src/tracking/advanced_tracker.py:id_merge,
D,6,582
S,7,582,PREDICTION,src/tracking/advanced_tracker.py:id_merge,
L,1,582,PREDICTION,src/tracking/advanced_tracker.py:id_merge,
R,PREDICTION,PREDICTION,1
L,3,582,PREDICTION,src/tracking/advanced_tracker.py:id_merge,
R,PREDICTION,PREDICTION,1
L,4,582,DETECTION,src/tracking/advanced_tracker.py:_activate_slot,582_360_640_609_792
R,DETECTION,DETECTION,1
L,7,582,PREDICTION,src/tracking/advanced_tracker.py:id_merge,
R,PREDICTION,PREDICTION,1
L,8,582,DETECTION,src/tracking/advanced_tracker.py:_activate_slot,582_345_1186_626_1309
R,DETECTION,DETECTION,1
A,582
S,0,585,DETECTION,src/tracking/advanced_tracker.py:_activate_slot,585_528_629_882_806
S,1,585,DETECTION,src/tracking/advanced_tracker.py:_activate_slot,585_430_447_777_577
S,2,585,DETECTION,src/tracking/advanced_tracker.py:_activate_slot,585_492_805_837_958
S,3,585,DETECTION,src/tracking/advanced_tracker.py:_activate_slot,585_492_992_843_1146
S,4,585,DETECTION,src/tracking/advanced_tracker.py:_activate_slot,585_367_633_603_789
S,6,585,DETECTION,src/tracking/advanced_tracker.py:_activate_slot,585_166_789_390_897
S,8,585,DETECTION,src/tracking/advanced_tracker.py:_activate_slot,585_348_1180_637_1303
S,7,585,DETECTION,src/tracking/advanced_tracker.py:_activate_slot,585_172_906_365_1000
S,5,585,PREDICTION,src/tracking/advanced_tracker.py:kalman_homography,
D,0,585
S,1,585,PREDICTION,src/tracking/advanced_tracker.py:id_merge,
D,2,585
S,3,585,PREDICTION,src/tracking/advanced_tracker.py:id_merge,
D,6,585
S,7,585,PREDICTION,src/tracking/advanced_tracker.py:id_merge,
L,1,585,PREDICTION,src/tracking/advanced_tracker.py:id_merge,
R,PREDICTION,PREDICTION,1
L,3,585,PREDICTION,src/tracking/advanced_tracker.py:id_merge,
R,PREDICTION,PREDICTION,1
L,4,585,DETECTION,src/tracking/advanced_tracker.py:_activate_slot,585_367_633_603_789
R,DETECTION,DETECTION,1
L,5,585,PREDICTION,src/tracking/advanced_tracker.py:kalman_homography,
R,CLAMP,CLAMP,0
L,7,585,PREDICTION,src/tracking/advanced_tracker.py:id_merge,
R,PREDICTION,SUBPIXEL,0
L,8,585,DETECTION,src/tracking/advanced_tracker.py:_activate_slot,585_348_1180_637_1303
R,DETECTION,DETECTION,1
A,585
S,0,588,DETECTION,src/tracking/advanced_tracker.py:_activate_slot,588_526_634_882_811
S,1,588,DETECTION,src/tracking/advanced_tracker.py:_activate_slot,588_431_455_778_579
S,2,588,DETECTION,src/tracking/advanced_tracker.py:_activate_slot,588_492_805_831_951
S,3,588,DETECTION,src/tracking/advanced_tracker.py:_activate_slot,588_492_990_842_1145
S,4,588,DETECTION,src/tracking/advanced_tracker.py:_activate_slot,588_377_621_602_786
S,6,588,DETECTION,src/tracking/advanced_tracker.py:_activate_slot,588_169_789_380_897
S,8,588,DETECTION,src/tracking/advanced_tracker.py:_activate_slot,588_356_1173_648_1297
S,7,588,PREDICTION,src/tracking/advanced_tracker.py:kalman_homography,
S,5,588,PREDICTION,src/tracking/advanced_tracker.py:flow_gapfill_batched,
D,0,588
S,1,588,PREDICTION,src/tracking/advanced_tracker.py:id_merge,
D,2,588
S,3,588,PREDICTION,src/tracking/advanced_tracker.py:id_merge,
D,5,588
S,7,588,PREDICTION,src/tracking/advanced_tracker.py:id_merge,
D,7,588
S,6,588,PREDICTION,src/tracking/advanced_tracker.py:id_merge,
L,1,588,PREDICTION,src/tracking/advanced_tracker.py:id_merge,
R,PREDICTION,PREDICTION,1
L,3,588,PREDICTION,src/tracking/advanced_tracker.py:id_merge,
R,PREDICTION,PREDICTION,1
L,4,588,DETECTION,src/tracking/advanced_tracker.py:_activate_slot,588_377_621_602_786
R,DETECTION,DETECTION,1
L,6,588,PREDICTION,src/tracking/advanced_tracker.py:id_merge,
R,CLAMP,CLAMP,0
L,8,588,DETECTION,src/tracking/advanced_tracker.py:_activate_slot,588_356_1173_648_1297
R,DETECTION,DETECTION,1
A,588
S,0,591,DETECTION,src/tracking/advanced_tracker.py:_activate_slot,591_526_640_882_813
S,1,591,DETECTION,src/tracking/advanced_tracker.py:_activate_slot,591_429_467_780_606
S,2,591,DETECTION,src/tracking/advanced_tracker.py:_activate_slot,591_491_808_831_940
S,3,591,DETECTION,src/tracking/advanced_tracker.py:_activate_slot,591_493_986_843_1142
S,4,591,DETECTION,src/tracking/advanced_tracker.py:_activate_slot,591_384_613_614_781
S,8,591,DETECTION,src/tracking/advanced_tracker.py:_activate_slot,591_359_1168_662_1290
S,6,591,DETECTION,src/tracking/advanced_tracker.py:_activate_slot,591_169_789_380_897
S,7,591,PREDICTION,src/tracking/advanced_tracker.py:kalman_homography,
D,0,591
S,1,591,PREDICTION,src/tracking/advanced_tracker.py:id_merge,
D,1,591
S,4,591,PREDICTION,src/tracking/advanced_tracker.py:id_merge,
D,2,591
S,3,591,PREDICTION,src/tracking/advanced_tracker.py:id_merge,
D,7,591
S,6,591,PREDICTION,src/tracking/advanced_tracker.py:id_merge,
L,3,591,PREDICTION,src/tracking/advanced_tracker.py:id_merge,
R,PREDICTION,PREDICTION,1
L,4,591,PREDICTION,src/tracking/advanced_tracker.py:id_merge,
R,PREDICTION,PREDICTION,1
L,6,591,PREDICTION,src/tracking/advanced_tracker.py:id_merge,
R,CLAMP,CLAMP,0
L,8,591,DETECTION,src/tracking/advanced_tracker.py:_activate_slot,591_359_1168_662_1290
R,DETECTION,DETECTION,1
A,591
S,0,594,DETECTION,src/tracking/advanced_tracker.py:_activate_slot,594_524_642_882_818
S,1,594,DETECTION,src/tracking/advanced_tracker.py:_activate_slot,594_429_466_777_624
S,2,594,DETECTION,src/tracking/advanced_tracker.py:_activate_slot,594_486_807_828_931
S,3,594,DETECTION,src/tracking/advanced_tracker.py:_activate_slot,594_491_993_840_1143
S,4,594,DETECTION,src/tracking/advanced_tracker.py:_activate_slot,594_388_608_634_771
S,6,594,DETECTION,src/tracking/advanced_tracker.py:_activate_slot,594_169_789_389_896
S,8,594,DETECTION,src/tracking/advanced_tracker.py:_activate_slot,594_363_1164_663_1284
S,7,594,PREDICTION,src/tracking/advanced_tracker.py:kalman_homography,
D,0,594
S,1,594,PREDICTION,src/tracking/advanced_tracker.py:id_merge,
D,1,594
S,4,594,PREDICTION,src/tracking/advanced_tracker.py:id_merge,
D,2,594
S,3,594,PREDICTION,src/tracking/advanced_tracker.py:id_merge,
D,7,594
S,6,594,PREDICTION,src/tracking/advanced_tracker.py:id_merge,
L,3,594,PREDICTION,src/tracking/advanced_tracker.py:id_merge,
R,PREDICTION,PREDICTION,1
L,4,594,PREDICTION,src/tracking/advanced_tracker.py:id_merge,
R,PREDICTION,PREDICTION,1
L,6,594,PREDICTION,src/tracking/advanced_tracker.py:id_merge,
R,CLAMP,CLAMP,0
L,8,594,DETECTION,src/tracking/advanced_tracker.py:_activate_slot,594_363_1164_663_1284
R,DETECTION,DETECTION,1
A,594
S,0,597,DETECTION,src/tracking/advanced_tracker.py:_activate_slot,597_524_644_880_822
S,1,597,DETECTION,src/tracking/advanced_tracker.py:_activate_slot,597_430_464_777_648
S,2,597,DETECTION,src/tracking/advanced_tracker.py:_activate_slot,597_488_800_827_917
S,3,597,DETECTION,src/tracking/advanced_tracker.py:_activate_slot,597_490_984_843_1140
S,4,597,DETECTION,src/tracking/advanced_tracker.py:_activate_slot,597_388_604_640_769
S,6,597,DETECTION,src/tracking/advanced_tracker.py:_activate_slot,597_168_789_380_897
S,7,597,PREDICTION,src/tracking/advanced_tracker.py:kalman_homography,
S,8,597,PREDICTION,src/tracking/advanced_tracker.py:kalman_homography,
D,0,597
S,1,597,PREDICTION,src/tracking/advanced_tracker.py:id_merge,
D,1,597
S,4,597,PREDICTION,src/tracking/advanced_tracker.py:id_merge,
D,2,597
S,3,597,PREDICTION,src/tracking/advanced_tracker.py:id_merge,
D,7,597
S,6,597,PREDICTION,src/tracking/advanced_tracker.py:id_merge,
L,3,597,PREDICTION,src/tracking/advanced_tracker.py:id_merge,
R,PREDICTION,PREDICTION,1
L,4,597,PREDICTION,src/tracking/advanced_tracker.py:id_merge,
R,PREDICTION,PREDICTION,1
L,6,597,PREDICTION,src/tracking/advanced_tracker.py:id_merge,
R,CLAMP,CLAMP,0
L,8,597,PREDICTION,src/tracking/advanced_tracker.py:kalman_homography,
R,PREDICTION,PREDICTION,1
A,597
S,0,600,DETECTION,src/tracking/advanced_tracker.py:_activate_slot,600_525_648_879_822
S,1,600,DETECTION,src/tracking/advanced_tracker.py:_activate_slot,600_434_466_774_656
S,2,600,DETECTION,src/tracking/advanced_tracker.py:_activate_slot,600_489_783_826_900
S,3,600,DETECTION,src/tracking/advanced_tracker.py:_activate_slot,600_490_968_840_1142
S,4,600,DETECTION,src/tracking/advanced_tracker.py:_activate_slot,600_390_596_600_769
S,6,600,DETECTION,src/tracking/advanced_tracker.py:_activate_slot,600_168_789_380_897
S,9,600,DETECTION,src/tracking/advanced_tracker.py:_activate_slot,600_117_1366_224_1471
S,7,600,PREDICTION,src/tracking/advanced_tracker.py:kalman_homography,
S,8,600,PREDICTION,src/tracking/advanced_tracker.py:kalman_homography,
D,0,600
S,1,600,PREDICTION,src/tracking/advanced_tracker.py:id_merge,
D,1,600
S,4,600,PREDICTION,src/tracking/advanced_tracker.py:id_merge,
D,7,600
S,6,600,PREDICTION,src/tracking/advanced_tracker.py:id_merge,
L,2,600,DETECTION,src/tracking/advanced_tracker.py:_activate_slot,600_489_783_826_900
R,DETECTION,DETECTION,1
L,3,600,DETECTION,src/tracking/advanced_tracker.py:_activate_slot,600_490_968_840_1142
R,DETECTION,DETECTION,1
L,4,600,PREDICTION,src/tracking/advanced_tracker.py:id_merge,
R,PREDICTION,PREDICTION,1
L,6,600,PREDICTION,src/tracking/advanced_tracker.py:id_merge,
R,CLAMP,CLAMP,0
L,8,600,PREDICTION,src/tracking/advanced_tracker.py:kalman_homography,
R,PREDICTION,PREDICTION,1
L,9,600,DETECTION,src/tracking/advanced_tracker.py:_activate_slot,600_117_1366_224_1471
R,CLAMP,CLAMP,0
A,600
S,0,603,DETECTION,src/tracking/advanced_tracker.py:_activate_slot,603_523_651_880_834
S,1,603,DETECTION,src/tracking/advanced_tracker.py:_activate_slot,603_429_473_774_669
S,2,603,DETECTION,src/tracking/advanced_tracker.py:_activate_slot,603_482_784_829_910
S,3,603,DETECTION,src/tracking/advanced_tracker.py:_activate_slot,603_491_972_840_1143
S,4,603,DETECTION,src/tracking/advanced_tracker.py:_activate_slot,603_389_612_638_766
S,6,603,DETECTION,src/tracking/advanced_tracker.py:_activate_slot,603_168_789_398_897
S,9,603,DETECTION,src/tracking/advanced_tracker.py:_activate_slot,603_114_1366_224_1471
S,7,603,PREDICTION,src/tracking/advanced_tracker.py:kalman_homography,
S,8,603,PREDICTION,src/tracking/advanced_tracker.py:kalman_homography,
D,0,603
S,1,603,PREDICTION,src/tracking/advanced_tracker.py:id_merge,
D,1,603
S,4,603,PREDICTION,src/tracking/advanced_tracker.py:id_merge,
D,2,603
S,3,603,PREDICTION,src/tracking/advanced_tracker.py:id_merge,
D,7,603
S,6,603,PREDICTION,src/tracking/advanced_tracker.py:id_merge,
L,3,603,PREDICTION,src/tracking/advanced_tracker.py:id_merge,
R,PREDICTION,PREDICTION,1
L,4,603,PREDICTION,src/tracking/advanced_tracker.py:id_merge,
R,PREDICTION,PREDICTION,1
L,6,603,PREDICTION,src/tracking/advanced_tracker.py:id_merge,
R,CLAMP,CLAMP,0
L,8,603,PREDICTION,src/tracking/advanced_tracker.py:kalman_homography,
R,PREDICTION,PREDICTION,1
L,9,603,DETECTION,src/tracking/advanced_tracker.py:_activate_slot,603_114_1366_224_1471
R,CLAMP,CLAMP,0
A,603
S,0,606,DETECTION,src/tracking/advanced_tracker.py:_activate_slot,606_524_661_882_832
S,1,606,DETECTION,src/tracking/advanced_tracker.py:_activate_slot,606_427_477_772_681
S,2,606,DETECTION,src/tracking/advanced_tracker.py:_activate_slot,606_479_784_819_901
S,3,606,DETECTION,src/tracking/advanced_tracker.py:_activate_slot,606_491_963_840_1143
S,4,606,DETECTION,src/tracking/advanced_tracker.py:_activate_slot,606_386_619_642_767
S,6,606,DETECTION,src/tracking/advanced_tracker.py:_activate_slot,606_168_789_380_900
S,9,606,DETECTION,src/tracking/advanced_tracker.py:_activate_slot,606_115_1366_224_1471
S,7,606,PREDICTION,src/tracking/advanced_tracker.py:kalman_homography,
S,8,606,PREDICTION,src/tracking/advanced_tracker.py:kalman_homography,
D,0,606
S,1,606,PREDICTION,src/tracking/advanced_tracker.py:id_merge,
D,1,606
S,4,606,PREDICTION,src/tracking/advanced_tracker.py:id_merge,
D,2,606
S,4,606,PREDICTION,src/tracking/advanced_tracker.py:id_merge,
D,7,606
S,6,606,PREDICTION,src/tracking/advanced_tracker.py:id_merge,
L,3,606,DETECTION,src/tracking/advanced_tracker.py:_activate_slot,606_491_963_840_1143
R,DETECTION,DETECTION,1
L,4,606,PREDICTION,src/tracking/advanced_tracker.py:id_merge,
R,PREDICTION,PREDICTION,1
L,6,606,PREDICTION,src/tracking/advanced_tracker.py:id_merge,
R,CLAMP,CLAMP,0
L,8,606,PREDICTION,src/tracking/advanced_tracker.py:kalman_homography,
R,PREDICTION,PREDICTION,1
L,9,606,DETECTION,src/tracking/advanced_tracker.py:_activate_slot,606_115_1366_224_1471
R,CLAMP,CLAMP,0
A,606
S,0,609,DETECTION,src/tracking/advanced_tracker.py:_activate_slot,609_525_664_882_828
S,1,609,DETECTION,src/tracking/advanced_tracker.py:_activate_slot,609_426_480_773_701
S,2,609,DETECTION,src/tracking/advanced_tracker.py:_activate_slot,609_472_787_817_904
S,3,609,DETECTION,src/tracking/advanced_tracker.py:_activate_slot,609_490_978_840_1143
S,4,609,DETECTION,src/tracking/advanced_tracker.py:_activate_slot,609_381_621_672_768
S,6,609,DETECTION,src/tracking/advanced_tracker.py:_activate_slot,609_168_790_390_898
S,9,609,DETECTION,src/tracking/advanced_tracker.py:_activate_slot,609_117_1366_224_1471
S,8,609,PREDICTION,src/tracking/advanced_tracker.py:kalman_homography,
S,7,609,PREDICTION,src/tracking/advanced_tracker.py:flow_gapfill_batched,
D,0,609
S,1,609,PREDICTION,src/tracking/advanced_tracker.py:id_merge,
D,1,609
S,4,609,PREDICTION,src/tracking/advanced_tracker.py:id_merge,
D,2,609
S,4,609,PREDICTION,src/tracking/advanced_tracker.py:id_merge,
D,7,609
S,6,609,PREDICTION,src/tracking/advanced_tracker.py:id_merge,
L,3,609,DETECTION,src/tracking/advanced_tracker.py:_activate_slot,609_490_978_840_1143
R,DETECTION,DETECTION,1
L,4,609,PREDICTION,src/tracking/advanced_tracker.py:id_merge,
R,PREDICTION,PREDICTION,1
L,6,609,PREDICTION,src/tracking/advanced_tracker.py:id_merge,
R,CLAMP,CLAMP,0
L,8,609,PREDICTION,src/tracking/advanced_tracker.py:kalman_homography,
R,PREDICTION,PREDICTION,1
L,9,609,DETECTION,src/tracking/advanced_tracker.py:_activate_slot,609_117_1366_224_1471
R,CLAMP,CLAMP,0
A,609
S,0,612,DETECTION,src/tracking/advanced_tracker.py:_activate_slot,612_524_670_881_834
S,1,612,DETECTION,src/tracking/advanced_tracker.py:_activate_slot,612_427_482_771_708
S,2,612,DETECTION,src/tracking/advanced_tracker.py:_activate_slot,612_467_772_816_919
S,3,612,DETECTION,src/tracking/advanced_tracker.py:_activate_slot,612_491_997_840_1147
S,4,612,DETECTION,src/tracking/advanced_tracker.py:_activate_slot,612_378_627_693_774
S,6,612,DETECTION,src/tracking/advanced_tracker.py:_activate_slot,612_168_789_393_897
S,8,612,PREDICTION,src/tracking/advanced_tracker.py:kalman_homography,
S,9,612,PREDICTION,src/tracking/advanced_tracker.py:kalman_homography,
D,0,612
S,1,612,PREDICTION,src/tracking/advanced_tracker.py:id_merge,
D,1,612
S,4,612,PREDICTION,src/tracking/advanced_tracker.py:id_merge,
D,2,612
S,4,612,PREDICTION,src/tracking/advanced_tracker.py:id_merge,
L,3,612,DETECTION,src/tracking/advanced_tracker.py:_activate_slot,612_491_997_840_1147
R,DETECTION,DETECTION,1
L,4,612,PREDICTION,src/tracking/advanced_tracker.py:id_merge,
R,PREDICTION,PREDICTION,1
L,6,612,DETECTION,src/tracking/advanced_tracker.py:_activate_slot,612_168_789_393_897
R,CLAMP,CLAMP,0
L,8,612,PREDICTION,src/tracking/advanced_tracker.py:kalman_homography,
R,PREDICTION,PREDICTION,1
L,9,612,PREDICTION,src/tracking/advanced_tracker.py:kalman_homography,
R,CLAMP,CLAMP,0
A,612
S,0,615,DETECTION,src/tracking/advanced_tracker.py:_activate_slot,615_522_674_878_840
S,1,615,DETECTION,src/tracking/advanced_tracker.py:_activate_slot,615_429_481_769_699
S,2,615,DETECTION,src/tracking/advanced_tracker.py:_activate_slot,615_469_763_813_907
S,3,615,DETECTION,src/tracking/advanced_tracker.py:_activate_slot,615_492_993_841_1155
S,4,615,DETECTION,src/tracking/advanced_tracker.py:_activate_slot,615_370_639_695_780
S,6,615,DETECTION,src/tracking/advanced_tracker.py:_activate_slot,615_168_789_389_897
S,8,615,PREDICTION,src/tracking/advanced_tracker.py:kalman_homography,
S,9,615,PREDICTION,src/tracking/advanced_tracker.py:kalman_homography,
D,0,615
S,1,615,PREDICTION,src/tracking/advanced_tracker.py:id_merge,
D,1,615
S,4,615,PREDICTION,src/tracking/advanced_tracker.py:id_merge,
D,2,615
S,4,615,PREDICTION,src/tracking/advanced_tracker.py:id_merge,
L,3,615,DETECTION,src/tracking/advanced_tracker.py:_activate_slot,615_492_993_841_1155
R,DETECTION,DETECTION,1
L,4,615,PREDICTION,src/tracking/advanced_tracker.py:id_merge,
R,PREDICTION,PREDICTION,1
L,6,615,DETECTION,src/tracking/advanced_tracker.py:_activate_slot,615_168_789_389_897
R,CLAMP,CLAMP,0
L,8,615,PREDICTION,src/tracking/advanced_tracker.py:kalman_homography,
R,PREDICTION,PREDICTION,1
L,9,615,PREDICTION,src/tracking/advanced_tracker.py:kalman_homography,
R,CLAMP,CLAMP,0
A,615
S,0,618,DETECTION,src/tracking/advanced_tracker.py:_activate_slot,618_519_669_880_842
S,1,618,DETECTION,src/tracking/advanced_tracker.py:_activate_slot,618_423_481_767_717
S,2,618,DETECTION,src/tracking/advanced_tracker.py:_activate_slot,618_469_780_810_912
S,3,618,DETECTION,src/tracking/advanced_tracker.py:_activate_slot,618_493_997_841_1144
S,4,618,DETECTION,src/tracking/advanced_tracker.py:_activate_slot,618_366_645_696_782
S,6,618,DETECTION,src/tracking/advanced_tracker.py:_activate_slot,618_168_790_380_898
S,9,618,PREDICTION,src/tracking/advanced_tracker.py:kalman_homography,
S,8,618,PREDICTION,src/tracking/advanced_tracker.py:flow_gapfill_batched,
D,0,618
S,1,618,PREDICTION,src/tracking/advanced_tracker.py:id_merge,
D,1,618
S,4,618,PREDICTION,src/tracking/advanced_tracker.py:id_merge,
D,2,618
S,4,618,PREDICTION,src/tracking/advanced_tracker.py:id_merge,
L,3,618,DETECTION,src/tracking/advanced_tracker.py:_activate_slot,618_493_997_841_1144
R,DETECTION,DETECTION,1
L,4,618,PREDICTION,src/tracking/advanced_tracker.py:id_merge,
R,PREDICTION,PREDICTION,1
L,6,618,DETECTION,src/tracking/advanced_tracker.py:_activate_slot,618_168_790_380_898
R,CLAMP,CLAMP,0
L,8,618,PREDICTION,src/tracking/advanced_tracker.py:flow_gapfill_batched,
R,PREDICTION,PREDICTION,1
L,9,618,PREDICTION,src/tracking/advanced_tracker.py:kalman_homography,
R,CLAMP,CLAMP,0
A,618
S,0,621,DETECTION,src/tracking/advanced_tracker.py:_activate_slot,621_520_669_879_852
S,1,621,DETECTION,src/tracking/advanced_tracker.py:_activate_slot,621_422_481_767_684
S,2,621,DETECTION,src/tracking/advanced_tracker.py:_activate_slot,621_472_781_813_892
S,3,621,DETECTION,src/tracking/advanced_tracker.py:_activate_slot,621_491_984_843_1143
S,4,621,DETECTION,src/tracking/advanced_tracker.py:_activate_slot,621_361_648_687_783
S,7,621,DETECTION,src/tracking/advanced_tracker.py:_activate_slot,621_168_789_379_897
S,6,621,PREDICTION,src/tracking/advanced_tracker.py:kalman_homography,
S,9,621,PREDICTION,src/tracking/advanced_tracker.py:kalman_homography,
D,0,621
S,1,621,PREDICTION,src/tracking/advanced_tracker.py:id_merge,
D,1,621
S,4,621,PREDICTION,src/tracking/advanced_tracker.py:id_merge,
D,2,621
S,4,621,PREDICTION,src/tracking/advanced_tracker.py:id_merge,
D,6,621
S,7,621,PREDICTION,src/tracking/advanced_tracker.py:id_merge,
L,3,621,DETECTION,src/tracking/advanced_tracker.py:_activate_slot,621_491_984_843_1143
R,DETECTION,DETECTION,1
L,4,621,PREDICTION,src/tracking/advanced_tracker.py:id_merge,
R,PREDICTION,PREDICTION,1
L,7,621,PREDICTION,src/tracking/advanced_tracker.py:id_merge,
R,PREDICTION,PREDICTION,1
L,9,621,PREDICTION,src/tracking/advanced_tracker.py:kalman_homography,
R,CLAMP,CLAMP,0
A,621
