S,0,3136,DETECTION,src/tracking/advanced_tracker.py:_activate_slot,3136_852_239_1029_329
S,1,3136,DETECTION,src/tracking/advanced_tracker.py:_activate_slot,3136_913_1602_1035_1680
S,2,3136,DETECTION,src/tracking/advanced_tracker.py:_activate_slot,3136_943_1209_1035_1290
S,3,3136,DETECTION,src/tracking/advanced_tracker.py:_activate_slot,3136_951_480_1035_568
S,4,3136,DETECTION,src/tracking/advanced_tracker.py:_activate_slot,3136_916_1503_1035_1599
S,10,3136,DETECTION,src/tracking/advanced_tracker.py:_activate_slot,3136_760_430_903_502
D,0,3136
S,1,3136,PREDICTION,src/tracking/advanced_tracker.py:id_merge,
D,1,3136
S,2,3136,PREDICTION,src/tracking/advanced_tracker.py:id_merge,
D,2,3136
S,3,3136,PREDICTION,src/tracking/advanced_tracker.py:id_merge,
D,3,3136
S,4,3136,PREDICTION,src/tracking/advanced_tracker.py:id_merge,
L,4,3136,PREDICTION,src/tracking/advanced_tracker.py:id_merge,
R,PREDICTION,PREDICTION,1
A,3136
S,0,3139,DETECTION,src/tracking/advanced_tracker.py:_activate_slot,3139_852_240_1029_329
S,1,3139,DETECTION,src/tracking/advanced_tracker.py:_activate_slot,3139_914_1602_1035_1686
S,2,3139,DETECTION,src/tracking/advanced_tracker.py:_activate_slot,3139_944_1210_1035_1291
S,3,3139,DETECTION,src/tracking/advanced_tracker.py:_activate_slot,3139_951_482_1035_566
S,4,3139,DETECTION,src/tracking/advanced_tracker.py:_activate_slot,3139_916_1501_1035_1606
S,10,3139,DETECTION,src/tracking/advanced_tracker.py:_activate_slot,3139_770_435_902_502
D,0,3139
S,1,3139,PREDICTION,src/tracking/advanced_tracker.py:id_merge,
D,1,3139
S,2,3139,PREDICTION,src/tracking/advanced_tracker.py:id_merge,
D,2,3139
S,3,3139,PREDICTION,src/tracking/advanced_tracker.py:id_merge,
D,3,3139
S,4,3139,PREDICTION,src/tracking/advanced_tracker.py:id_merge,
L,4,3139,PREDICTION,src/tracking/advanced_tracker.py:id_merge,
R,PREDICTION,SUBPIXEL,0
A,3139
S,0,3142,DETECTION,src/tracking/advanced_tracker.py:_activate_slot,3142_852_240_1028_330
S,1,3142,DETECTION,src/tracking/advanced_tracker.py:_activate_slot,3142_913_1602_1035_1686
S,2,3142,DETECTION,src/tracking/advanced_tracker.py:_activate_slot,3142_944_1210_1035_1291
S,3,3142,DETECTION,src/tracking/advanced_tracker.py:_activate_slot,3142_951_483_1035_567
S,4,3142,DETECTION,src/tracking/advanced_tracker.py:_activate_slot,3142_915_1500_1035_1608
S,10,3142,DETECTION,src/tracking/advanced_tracker.py:_activate_slot,3142_759_438_903_504
S,5,3142,DETECTION,src/tracking/advanced_tracker.py:_activate_slot,3142_806_1551_948_1623
D,0,3142
S,1,3142,PREDICTION,src/tracking/advanced_tracker.py:id_merge,
D,1,3142
S,2,3142,PREDICTION,src/tracking/advanced_tracker.py:id_merge,
D,2,3142
S,3,3142,PREDICTION,src/tracking/advanced_tracker.py:id_merge,
D,3,3142
S,4,3142,PREDICTION,src/tracking/advanced_tracker.py:id_merge,
L,4,3142,PREDICTION,src/tracking/advanced_tracker.py:id_merge,
R,PREDICTION,SUBPIXEL,0
L,5,3142,DETECTION,src/tracking/advanced_tracker.py:_activate_slot,3142_806_1551_948_1623
R,DETECTION,DETECTION,1
A,3142
S,0,3145,DETECTION,src/tracking/advanced_tracker.py:_activate_slot,3145_852_240_1028_330
S,1,3145,DETECTION,src/tracking/advanced_tracker.py:_activate_slot,3145_914_1605_1035_1689
S,2,3145,DETECTION,src/tracking/advanced_tracker.py:_activate_slot,3145_943_1210_1035_1291
S,3,3145,DETECTION,src/tracking/advanced_tracker.py:_activate_slot,3145_951_486_1035_566
S,4,3145,DETECTION,src/tracking/advanced_tracker.py:_activate_slot,3145_912_1500_1035_1611
S,6,3145,DETECTION,src/tracking/advanced_tracker.py:_activate_slot,3145_768_386_918_471
S,10,3145,DETECTION,src/tracking/advanced_tracker.py:_activate_slot,3145_753_432_903_504
S,7,3145,DETECTION,src/tracking/advanced_tracker.py:_activate_slot,3145_913_1533_1033_1611
S,5,3145,PREDICTION,src/tracking/advanced_tracker.py:kalman_homography,
D,0,3145
S,1,3145,PREDICTION,src/tracking/advanced_tracker.py:id_merge,
D,1,3145
S,2,3145,PREDICTION,src/tracking/advanced_tracker.py:id_merge,
D,2,3145
S,3,3145,PREDICTION,src/tracking/advanced_tracker.py:id_merge,
D,3,3145
S,4,3145,PREDICTION,src/tracking/advanced_tracker.py:id_merge,
D,5,3145
S,7,3145,PREDICTION,src/tracking/advanced_tracker.py:id_merge,
L,4,3145,PREDICTION,src/tracking/advanced_tracker.py:id_merge,
R,PREDICTION,SUBPIXEL,0
L,6,3145,DETECTION,src/tracking/advanced_tracker.py:_activate_slot,3145_768_386_918_471
R,DETECTION,DETECTION,1
L,7,3145,PREDICTION,src/tracking/advanced_tracker.py:id_merge,
R,PREDICTION,PREDICTION,1
A,3145
S,0,3148,DETECTION,src/tracking/advanced_tracker.py:_activate_slot,3148_852_240_1028_330
S,1,3148,DETECTION,src/tracking/advanced_tracker.py:_activate_slot,3148_914_1603_1034_1687
S,2,3148,DETECTION,src/tracking/advanced_tracker.py:_activate_slot,3148_943_1209_1035_1290
S,3,3148,DETECTION,src/tracking/advanced_tracker.py:_activate_slot,3148_957_1146_1035_1218
S,4,3148,DETECTION,src/tracking/advanced_tracker.py:_activate_slot,3148_915_1525_1035_1609
S,6,3148,DETECTION,src/tracking/advanced_tracker.py:_activate_slot,3148_769_390_918_470
S,7,3148,DETECTION,src/tracking/advanced_tracker.py:_activate_slot,3148_913_1500_1035_1611
S,10,3148,DETECTION,src/tracking/advanced_tracker.py:_activate_slot,3148_754_432_904_504
S,5,3148,PREDICTION,src/tracking/advanced_tracker.py:kalman_homography,
D,0,3148
S,1,3148,PREDICTION,src/tracking/advanced_tracker.py:id_merge,
D,1,3148
S,2,3148,PREDICTION,src/tracking/advanced_tracker.py:id_merge,
D,2,3148
S,3,3148,PREDICTION,src/tracking/advanced_tracker.py:id_merge,
D,3,3148
S,4,3148,PREDICTION,src/tracking/advanced_tracker.py:id_merge,
D,5,3148
S,7,3148,PREDICTION,src/tracking/advanced_tracker.py:id_merge,
L,4,3148,PREDICTION,src/tracking/advanced_tracker.py:id_merge,
R,PREDICTION,SUBPIXEL,0
L,6,3148,DETECTION,src/tracking/advanced_tracker.py:_activate_slot,3148_769_390_918_470
R,DETECTION,DETECTION,1
L,7,3148,PREDICTION,src/tracking/advanced_tracker.py:id_merge,
R,PREDICTION,SUBPIXEL,0
A,3148
S,0,3151,DETECTION,src/tracking/advanced_tracker.py:_activate_slot,3151_853_241_1027_329
S,1,3151,DETECTION,src/tracking/advanced_tracker.py:_activate_slot,3151_915_1603_1035_1687
S,2,3151,DETECTION,src/tracking/advanced_tracker.py:_activate_slot,3151_945_1210_1035_1291
S,4,3151,DETECTION,src/tracking/advanced_tracker.py:_activate_slot,3151_912_1524_1032_1608
S,6,3151,DETECTION,src/tracking/advanced_tracker.py:_activate_slot,3151_774_390_918_470
S,7,3151,DETECTION,src/tracking/advanced_tracker.py:_activate_slot,3151_753_435_903_506
S,8,3151,DETECTION,src/tracking/advanced_tracker.py:_activate_slot,3151_921_1501_1035_1582
S,5,3151,PREDICTION,src/tracking/advanced_tracker.py:kalman_homography,
S,10,3151,PREDICTION,src/tracking/advanced_tracker.py:kalman_homography,
D,0,3151
S,1,3151,PREDICTION,src/tracking/advanced_tracker.py:id_merge,
D,1,3151
S,2,3151,PREDICTION,src/tracking/advanced_tracker.py:id_merge,
D,2,3151
S,4,3151,PREDICTION,src/tracking/advanced_tracker.py:id_merge,
D,5,3151
S,8,3151,PREDICTION,src/tracking/advanced_tracker.py:id_merge,
D,6,3151
S,7,3151,PREDICTION,src/tracking/advanced_tracker.py:id_merge,
L,4,3151,PREDICTION,src/tracking/advanced_tracker.py:id_merge,
R,PREDICTION,PREDICTION,1
L,7,3151,PREDICTION,src/tracking/advanced_tracker.py:id_merge,
R,PREDICTION,PREDICTION,1
L,8,3151,PREDICTION,src/tracking/advanced_tracker.py:id_merge,
R,PREDICTION,PREDICTION,1
A,3151
S,0,3154,DETECTION,src/tracking/advanced_tracker.py:_activate_slot,3154_853_240_1027_330
S,1,3154,DETECTION,src/tracking/advanced_tracker.py:_activate_slot,3154_915_1602_1033_1686
S,2,3154,DETECTION,src/tracking/advanced_tracker.py:_activate_slot,3154_945_1210_1035_1291
S,4,3154,DETECTION,src/tracking/advanced_tracker.py:_activate_slot,3154_928_756_1035_843
S,3,3154,DETECTION,src/tracking/advanced_tracker.py:_activate_slot,3154_925_1501_1033_1579
S,6,3154,DETECTION,src/tracking/advanced_tracker.py:_activate_slot,3154_774_389_918_471
S,8,3154,DETECTION,src/tracking/advanced_tracker.py:_activate_slot,3154_921_1500_1035_1599
S,10,3154,DETECTION,src/tracking/advanced_tracker.py:_activate_slot,3154_757_436_901_507
S,5,3154,PREDICTION,src/tracking/advanced_tracker.py:kalman_homography,
S,7,3154,PREDICTION,src/tracking/advanced_tracker.py:flow_gapfill_batched,
D,0,3154
S,1,3154,PREDICTION,src/tracking/advanced_tracker.py:id_merge,
D,1,3154
S,2,3154,PREDICTION,src/tracking/advanced_tracker.py:id_merge,
D,2,3154
S,3,3154,PREDICTION,src/tracking/advanced_tracker.py:id_merge,
D,3,3154
S,4,3154,PREDICTION,src/tracking/advanced_tracker.py:id_merge,
D,5,3154
S,8,3154,PREDICTION,src/tracking/advanced_tracker.py:id_merge,
D,7,3154
S,6,3154,PREDICTION,src/tracking/advanced_tracker.py:id_merge,
L,4,3154,PREDICTION,src/tracking/advanced_tracker.py:id_merge,
R,PREDICTION,PREDICTION,1
L,6,3154,PREDICTION,src/tracking/advanced_tracker.py:id_merge,
R,PREDICTION,SUBPIXEL,0
L,8,3154,PREDICTION,src/tracking/advanced_tracker.py:id_merge,
R,PREDICTION,SUBPIXEL,0
A,3154
S,0,3157,DETECTION,src/tracking/advanced_tracker.py:_activate_slot,3157_852_241_1026_330
S,1,3157,DETECTION,src/tracking/advanced_tracker.py:_activate_slot,3157_915_1599_1032_1689
S,2,3157,DETECTION,src/tracking/advanced_tracker.py:_activate_slot,3157_945_1210_1035_1291
S,3,3157,DETECTION,src/tracking/advanced_tracker.py:_activate_slot,3157_955_1146_1033_1218
S,4,3157,DETECTION,src/tracking/advanced_tracker.py:_activate_slot,3157_949_683_1033_776
S,6,3157,DETECTION,src/tracking/advanced_tracker.py:_activate_slot,3157_775_387_919_470
S,8,3157,DETECTION,src/tracking/advanced_tracker.py:_activate_slot,3157_924_1500_1035_1596
S,10,3157,DETECTION,src/tracking/advanced_tracker.py:_activate_slot,3157_753_436_903_507
S,9,3157,DETECTION,src/tracking/advanced_tracker.py:_activate_slot,3157_915_1539_1034_1611
S,5,3157,PREDICTION,src/tracking/advanced_tracker.py:kalman_homography,
S,7,3157,PREDICTION,src/tracking/advanced_tracker.py:flow_gapfill_batched,
D,0,3157
S,1,3157,PREDICTION,src/tracking/advanced_tracker.py:id_merge,
D,1,3157
S,2,3157,PREDICTION,src/tracking/advanced_tracker.py:id_merge,
D,2,3157
S,3,3157,PREDICTION,src/tracking/advanced_tracker.py:id_merge,
D,3,3157
S,4,3157,PREDICTION,src/tracking/advanced_tracker.py:id_merge,
D,5,3157
S,8,3157,PREDICTION,src/tracking/advanced_tracker.py:id_merge,
D,7,3157
S,6,3157,PREDICTION,src/tracking/advanced_tracker.py:id_merge,
D,8,3157
S,9,3157,PREDICTION,src/tracking/advanced_tracker.py:id_merge,
L,4,3157,PREDICTION,src/tracking/advanced_tracker.py:id_merge,
R,PREDICTION,PREDICTION,1
L,6,3157,PREDICTION,src/tracking/advanced_tracker.py:id_merge,
R,PREDICTION,PREDICTION,1
L,9,3157,PREDICTION,src/tracking/advanced_tracker.py:id_merge,
R,PREDICTION,PREDICTION,1
A,3157
S,0,3160,DETECTION,src/tracking/advanced_tracker.py:_activate_slot,3160_852_241_1026_330
S,1,3160,DETECTION,src/tracking/advanced_tracker.py:_activate_slot,3160_912_1596_1035_1692
S,2,3160,DETECTION,src/tracking/advanced_tracker.py:_activate_slot,3160_945_1210_1035_1291
S,6,3160,DETECTION,src/tracking/advanced_tracker.py:_activate_slot,3160_777_387_918_470
S,8,3160,DETECTION,src/tracking/advanced_tracker.py:_activate_slot,3160_924_1501_1035_1597
S,10,3160,DETECTION,src/tracking/advanced_tracker.py:_activate_slot,3160_760_437_904_505
S,5,3160,PREDICTION,src/tracking/advanced_tracker.py:kalman_homography,
S,3,3160,PREDICTION,src/tracking/advanced_tracker.py:flow_gapfill_batched,
S,4,3160,PREDICTION,src/tracking/advanced_tracker.py:flow_gapfill_batched,
S,7,3160,PREDICTION,src/tracking/advanced_tracker.py:flow_gapfill_batched,
S,9,3160,PREDICTION,src/tracking/advanced_tracker.py:flow_gapfill_batched,
D,0,3160
S,1,3160,PREDICTION,src/tracking/advanced_tracker.py:id_merge,
D,1,3160
S,2,3160,PREDICTION,src/tracking/advanced_tracker.py:id_merge,
D,3,3160
S,2,3160,PREDICTION,src/tracking/advanced_tracker.py:id_merge,
D,4,3160
S,2,3160,PREDICTION,src/tracking/advanced_tracker.py:id_merge,
D,5,3160
S,8,3160,PREDICTION,src/tracking/advanced_tracker.py:id_merge,
D,7,3160
S,6,3160,PREDICTION,src/tracking/advanced_tracker.py:id_merge,
D,9,3160
S,8,3160,PREDICTION,src/tracking/advanced_tracker.py:id_merge,
L,2,3160,PREDICTION,src/tracking/advanced_tracker.py:id_merge,
R,PREDICTION,PREDICTION,1
L,6,3160,PREDICTION,src/tracking/advanced_tracker.py:id_merge,
R,PREDICTION,PREDICTION,1
L,8,3160,PREDICTION,src/tracking/advanced_tracker.py:id_merge,
R,PREDICTION,SUBPIXEL,0
A,3160
S,0,3163,DETECTION,src/tracking/advanced_tracker.py:_activate_slot,3163_851_242_1026_330
S,1,3163,DETECTION,src/tracking/advanced_tracker.py:_activate_slot,3163_918_1545_1035_1617
S,2,3163,DETECTION,src/tracking/advanced_tracker.py:_activate_slot,3163_945_1210_1035_1291
S,6,3163,DETECTION,src/tracking/advanced_tracker.py:_activate_slot,3163_775_388_916_468
S,7,3163,DETECTION,src/tracking/advanced_tracker.py:_activate_slot,3163_922_1599_1033_1683
S,8,3163,DETECTION,src/tracking/advanced_tracker.py:_activate_slot,3163_921_1499_1035_1596
S,10,3163,DETECTION,src/tracking/advanced_tracker.py:_activate_slot,3163_762_434_903_504
S,5,3163,PREDICTION,src/tracking/advanced_tracker.py:kalman_homography,
S,4,3163,PREDICTION,src/tracking/advanced_tracker.py:flow_gapfill_batched,
D,0,3163
S,1,3163,PREDICTION,src/tracking/advanced_tracker.py:id_merge,
D,1,3163
S,2,3163,PREDICTION,src/tracking/advanced_tracker.py:id_merge,
D,4,3163
S,2,3163,PREDICTION,src/tracking/advanced_tracker.py:id_merge,
D,5,3163
S,7,3163,PREDICTION,src/tracking/advanced_tracker.py:id_merge,
D,7,3163
S,8,3163,PREDICTION,src/tracking/advanced_tracker.py:id_merge,
L,2,3163,PREDICTION,src/tracking/advanced_tracker.py:id_merge,
R,PREDICTION,SUBPIXEL,0
L,6,3163,DETECTION,src/tracking/advanced_tracker.py:_activate_slot,3163_775_388_916_468
R,DETECTION,DETECTION,1
L,8,3163,PREDICTION,src/tracking/advanced_tracker.py:id_merge,
R,PREDICTION,SUBPIXEL,0
A,3163
S,0,3166,DETECTION,src/tracking/advanced_tracker.py:_activate_slot,3166_852_242_1026_330
S,1,3166,DETECTION,src/tracking/advanced_tracker.py:_activate_slot,3166_916_1539_1033_1617
S,2,3166,DETECTION,src/tracking/advanced_tracker.py:_activate_slot,3166_945_1210_1035_1291
S,6,3166,DETECTION,src/tracking/advanced_tracker.py:_activate_slot,3166_774_386_918_467
S,8,3166,DETECTION,src/tracking/advanced_tracker.py:_activate_slot,3166_921_1500_1035_1596
S,10,3166,DETECTION,src/tracking/advanced_tracker.py:_activate_slot,3166_768_435_903_504
S,3,3166,PREDICTION,src/tracking/advanced_tracker.py:flow_gapfill_batched,
S,4,3166,PREDICTION,src/tracking/advanced_tracker.py:flow_gapfill_batched,
S,5,3166,PREDICTION,src/tracking/advanced_tracker.py:flow_gapfill_batched,
S,9,3166,PREDICTION,src/tracking/advanced_tracker.py:flow_gapfill_batched,
D,0,3166
S,1,3166,PREDICTION,src/tracking/advanced_tracker.py:id_merge,
D,1,3166
S,2,3166,PREDICTION,src/tracking/advanced_tracker.py:id_merge,
D,3,3166
S,2,3166,PREDICTION,src/tracking/advanced_tracker.py:id_merge,
D,4,3166
S,2,3166,PREDICTION,src/tracking/advanced_tracker.py:id_merge,
D,5,3166
S,8,3166,PREDICTION,src/tracking/advanced_tracker.py:id_merge,
D,9,3166
S,8,3166,PREDICTION,src/tracking/advanced_tracker.py:id_merge,
L,2,3166,PREDICTION,src/tracking/advanced_tracker.py:id_merge,
R,PREDICTION,SUBPIXEL,0
L,6,3166,DETECTION,src/tracking/advanced_tracker.py:_activate_slot,3166_774_386_918_467
R,DETECTION,DETECTION,1
L,8,3166,PREDICTION,src/tracking/advanced_tracker.py:id_merge,
R,PREDICTION,SUBPIXEL,0
A,3166
S,0,3169,DETECTION,src/tracking/advanced_tracker.py:_activate_slot,3169_852_242_1027_330
S,1,3169,DETECTION,src/tracking/advanced_tracker.py:_activate_slot,3169_925_1499_1033_1578
S,2,3169,DETECTION,src/tracking/advanced_tracker.py:_activate_slot,3169_945_1210_1035_1291
S,6,3169,DETECTION,src/tracking/advanced_tracker.py:_activate_slot,3169_777_388_918_469
S,8,3169,DETECTION,src/tracking/advanced_tracker.py:_activate_slot,3169_930_1600_1035_1672
S,10,3169,DETECTION,src/tracking/advanced_tracker.py:_activate_slot,3169_767_438_902_505
S,3,3169,PREDICTION,src/tracking/advanced_tracker.py:flow_gapfill_batched,
S,4,3169,PREDICTION,src/tracking/advanced_tracker.py:flow_gapfill_batched,
S,7,3169,PREDICTION,src/tracking/advanced_tracker.py:flow_gapfill_batched,
D,0,3169
S,1,3169,PREDICTION,src/tracking/advanced_tracker.py:id_merge,
D,1,3169
S,2,3169,PREDICTION,src/tracking/advanced_tracker.py:id_merge,
D,3,3169
S,2,3169,PREDICTION,src/tracking/advanced_tracker.py:id_merge,
D,4,3169
S,2,3169,PREDICTION,src/tracking/advanced_tracker.py:id_merge,
D,7,3169
S,8,3169,PREDICTION,src/tracking/advanced_tracker.py:id_merge,
L,2,3169,PREDICTION,src/tracking/advanced_tracker.py:id_merge,
R,PREDICTION,SUBPIXEL,0
L,6,3169,DETECTION,src/tracking/advanced_tracker.py:_activate_slot,3169_777_388_918_469
R,DETECTION,DETECTION,1
L,8,3169,PREDICTION,src/tracking/advanced_tracker.py:id_merge,
R,PREDICTION,SUBPIXEL,0
A,3169
S,0,3172,DETECTION,src/tracking/advanced_tracker.py:_activate_slot,3172_852_242_1027_330
S,2,3172,DETECTION,src/tracking/advanced_tracker.py:_activate_slot,3172_944_1210_1035_1291
S,6,3172,DETECTION,src/tracking/advanced_tracker.py:_activate_slot,3172_776_389_918_468
S,10,3172,DETECTION,src/tracking/advanced_tracker.py:_activate_slot,3172_767_437_902_504
S,3,3172,PREDICTION,src/tracking/advanced_tracker.py:flow_gapfill_batched,
S,4,3172,PREDICTION,src/tracking/advanced_tracker.py:flow_gapfill_batched,
S,7,3172,PREDICTION,src/tracking/advanced_tracker.py:flow_gapfill_batched,
S,9,3172,PREDICTION,src/tracking/advanced_tracker.py:flow_gapfill_batched,
D,0,3172
S,2,3172,PREDICTION,src/tracking/advanced_tracker.py:id_merge,
D,3,3172
S,2,3172,PREDICTION,src/tracking/advanced_tracker.py:id_merge,
D,4,3172
S,2,3172,PREDICTION,src/tracking/advanced_tracker.py:id_merge,
D,9,3172
S,7,3172,PREDICTION,src/tracking/advanced_tracker.py:id_merge,
L,2,3172,PREDICTION,src/tracking/advanced_tracker.py:id_merge,
R,PREDICTION,SUBPIXEL,0
L,6,3172,DETECTION,src/tracking/advanced_tracker.py:_activate_slot,3172_776_389_918_468
R,DETECTION,SUBPIXEL,0
L,7,3172,PREDICTION,src/tracking/advanced_tracker.py:id_merge,
R,PREDICTION,PREDICTION,1
A,3172
S,0,3175,DETECTION,src/tracking/advanced_tracker.py:_activate_slot,3175_852_241_1029_330
S,2,3175,DETECTION,src/tracking/advanced_tracker.py:_activate_slot,3175_944_1210_1035_1291
S,6,3175,DETECTION,src/tracking/advanced_tracker.py:_activate_slot,3175_777_391_917_471
S,9,3175,DETECTION,src/tracking/advanced_tracker.py:_activate_slot,3175_918_1548_1035_1620
S,10,3175,PREDICTION,src/tracking/advanced_tracker.py:kalman_homography,
S,1,3175,PREDICTION,src/tracking/advanced_tracker.py:flow_gapfill_batched,
S,3,3175,PREDICTION,src/tracking/advanced_tracker.py:flow_gapfill_batched,
S,4,3175,PREDICTION,src/tracking/advanced_tracker.py:flow_gapfill_batched,
S,7,3175,PREDICTION,src/tracking/advanced_tracker.py:flow_gapfill_batched,
S,8,3175,PREDICTION,src/tracking/advanced_tracker.py:flow_gapfill_batched,
D,1,3175
S,0,3175,PREDICTION,src/tracking/advanced_tracker.py:id_merge,
D,0,3175
S,2,3175,PREDICTION,src/tracking/advanced_tracker.py:id_merge,
D,3,3175
S,2,3175,PREDICTION,src/tracking/advanced_tracker.py:id_merge,
D,4,3175
S,2,3175,PREDICTION,src/tracking/advanced_tracker.py:id_merge,
D,7,3175
S,8,3175,PREDICTION,src/tracking/advanced_tracker.py:id_merge,
D,8,3175
S,9,3175,PREDICTION,src/tracking/advanced_tracker.py:id_merge,
L,2,3175,PREDICTION,src/tracking/advanced_tracker.py:id_merge,
R,PREDICTION,SUBPIXEL,0
L,6,3175,DETECTION,src/tracking/advanced_tracker.py:_activate_slot,3175_777_391_917_471
R,DETECTION,DETECTION,1
L,9,3175,PREDICTION,src/tracking/advanced_tracker.py:id_merge,
R,PREDICTION,SUBPIXEL,0
A,3175
S,0,3178,DETECTION,src/tracking/advanced_tracker.py:_activate_slot,3178_852_241_1029_330
S,2,3178,DETECTION,src/tracking/advanced_tracker.py:_activate_slot,3178_945_1209_1035_1290
S,6,3178,DETECTION,src/tracking/advanced_tracker.py:_activate_slot,3178_774_389_918_471
S,10,3178,DETECTION,src/tracking/advanced_tracker.py:_activate_slot,3178_762_438_903_508
S,1,3178,PREDICTION,src/tracking/advanced_tracker.py:flow_gapfill_batched,
S,3,3178,PREDICTION,src/tracking/advanced_tracker.py:flow_gapfill_batched,
S,4,3178,PREDICTION,src/tracking/advanced_tracker.py:flow_gapfill_batched,
S,7,3178,PREDICTION,src/tracking/advanced_tracker.py:flow_gapfill_batched,
S,8,3178,PREDICTION,src/tracking/advanced_tracker.py:flow_gapfill_batched,
D,1,3178
S,0,3178,PREDICTION,src/tracking/advanced_tracker.py:id_merge,
D,0,3178
S,2,3178,PREDICTION,src/tracking/advanced_tracker.py:id_merge,
D,3,3178
S,2,3178,PREDICTION,src/tracking/advanced_tracker.py:id_merge,
D,4,3178
S,2,3178,PREDICTION,src/tracking/advanced_tracker.py:id_merge,
D,7,3178
S,8,3178,PREDICTION,src/tracking/advanced_tracker.py:id_merge,
L,2,3178,PREDICTION,src/tracking/advanced_tracker.py:id_merge,
R,PREDICTION,SUBPIXEL,0
L,6,3178,DETECTION,src/tracking/advanced_tracker.py:_activate_slot,3178_774_389_918_471
R,DETECTION,DETECTION,1
L,8,3178,PREDICTION,src/tracking/advanced_tracker.py:id_merge,
R,PREDICTION,SUBPIXEL,0
A,3178
S,0,3181,DETECTION,src/tracking/advanced_tracker.py:_activate_slot,3181_852_242_1029_330
S,1,3181,DETECTION,src/tracking/advanced_tracker.py:_activate_slot,3181_954_1134_1032_1200
S,2,3181,DETECTION,src/tracking/advanced_tracker.py:_activate_slot,3181_945_1209_1035_1290
S,4,3181,DETECTION,src/tracking/advanced_tracker.py:_activate_slot,3181_927_1551_1035_1623
S,6,3181,DETECTION,src/tracking/advanced_tracker.py:_activate_slot,3181_774_391_917_471
S,10,3181,PREDICTION,src/tracking/advanced_tracker.py:kalman_homography,
S,3,3181,PREDICTION,src/tracking/advanced_tracker.py:flow_gapfill_batched,
S,7,3181,PREDICTION,src/tracking/advanced_tracker.py:flow_gapfill_batched,
S,8,3181,PREDICTION,src/tracking/advanced_tracker.py:flow_gapfill_batched,
S,9,3181,PREDICTION,src/tracking/advanced_tracker.py:flow_gapfill_batched,
D,0,3181
S,1,3181,PREDICTION,src/tracking/advanced_tracker.py:id_merge,
D,1,3181
S,2,3181,PREDICTION,src/tracking/advanced_tracker.py:id_merge,
D,3,3181
S,2,3181,PREDICTION,src/tracking/advanced_tracker.py:id_merge,
D,2,3181
S,4,3181,PREDICTION,src/tracking/advanced_tracker.py:id_merge,
D,7,3181
S,8,3181,PREDICTION,src/tracking/advanced_tracker.py:id_merge,
D,8,3181
S,9,3181,PREDICTION,src/tracking/advanced_tracker.py:id_merge,
L,4,3181,PREDICTION,src/tracking/advanced_tracker.py:id_merge,
R,PREDICTION,PREDICTION,1
L,6,3181,DETECTION,src/tracking/advanced_tracker.py:_activate_slot,3181_774_391_917_471
R,DETECTION,DETECTION,1
L,9,3181,PREDICTION,src/tracking/advanced_tracker.py:id_merge,
R,PREDICTION,SUBPIXEL,0
A,3181
S,0,3184,DETECTION,src/tracking/advanced_tracker.py:_activate_slot,3184_852_242_1029_330
S,1,3184,DETECTION,src/tracking/advanced_tracker.py:_activate_slot,3184_955_1134_1033_1200
S,2,3184,DETECTION,src/tracking/advanced_tracker.py:_activate_slot,3184_945_1209_1035_1291
S,4,3184,DETECTION,src/tracking/advanced_tracker.py:_activate_slot,3184_924_1551_1035_1620
S,6,3184,DETECTION,src/tracking/advanced_tracker.py:_activate_slot,3184_924_1599_1035_1674
S,10,3184,PREDICTION,src/tracking/advanced_tracker.py:kalman_homography,
S,7,3184,PREDICTION,src/tracking/advanced_tracker.py:flow_gapfill_batched,
S,8,3184,PREDICTION,src/tracking/advanced_tracker.py:flow_gapfill_batched,
D,0,3184
S,1,3184,PREDICTION,src/tracking/advanced_tracker.py:id_merge,
D,1,3184
S,2,3184,PREDICTION,src/tracking/advanced_tracker.py:id_merge,
D,2,3184
S,4,3184,PREDICTION,src/tracking/advanced_tracker.py:id_merge,
D,7,3184
S,6,3184,PREDICTION,src/tracking/advanced_tracker.py:id_merge,
D,8,3184
S,6,3184,PREDICTION,src/tracking/advanced_tracker.py:id_merge,
L,4,3184,PREDICTION,src/tracking/advanced_tracker.py:id_merge,
R,PREDICTION,SUBPIXEL,0
L,6,3184,PREDICTION,src/tracking/advanced_tracker.py:id_merge,
R,PREDICTION,PREDICTION,1
A,3184
S,0,3187,DETECTION,src/tracking/advanced_tracker.py:_activate_slot,3187_852_243_1029_330
S,1,3187,DETECTION,src/tracking/advanced_tracker.py:_activate_slot,3187_925_1500_1033_1578
S,2,3187,DETECTION,src/tracking/advanced_tracker.py:_activate_slot,3187_945_1209_1035_1290
S,4,3187,DETECTION,src/tracking/advanced_tracker.py:_activate_slot,3187_927_754_1035_838
S,5,3187,DETECTION,src/tracking/advanced_tracker.py:_activate_slot,3187_772_388_918_478
S,10,3187,PREDICTION,src/tracking/advanced_tracker.py:kalman_homography,
S,7,3187,PREDICTION,src/tracking/advanced_tracker.py:flow_gapfill_batched,
S,9,3187,PREDICTION,src/tracking/advanced_tracker.py:flow_gapfill_batched,
D,0,3187
S,1,3187,PREDICTION,src/tracking/advanced_tracker.py:id_merge,
D,1,3187
S,2,3187,PREDICTION,src/tracking/advanced_tracker.py:id_merge,
D,2,3187
S,4,3187,PREDICTION,src/tracking/advanced_tracker.py:id_merge,
D,7,3187
S,9,3187,PREDICTION,src/tracking/advanced_tracker.py:id_merge,
L,4,3187,PREDICTION,src/tracking/advanced_tracker.py:id_merge,
R,PREDICTION,PREDICTION,1
L,5,3187,DETECTION,src/tracking/advanced_tracker.py:_activate_slot,3187_772_388_918_478
R,DETECTION,DETECTION,1
L,9,3187,PREDICTION,src/tracking/advanced_tracker.py:id_merge,
R,PREDICTION,SUBPIXEL,0
A,3187
S,0,3190,DETECTION,src/tracking/advanced_tracker.py:_activate_slot,3190_852_244_1028_331
S,1,3190,DETECTION,src/tracking/advanced_tracker.py:_activate_slot,3190_926_1500_1034_1578
S,2,3190,DETECTION,src/tracking/advanced_tracker.py:_activate_slot,3190_944_1210_1035_1291
S,4,3190,DETECTION,src/tracking/advanced_tracker.py:_activate_slot,3190_956_1132_1032_1198
S,5,3190,PREDICTION,src/tracking/advanced_tracker.py:kalman_homography,
S,10,3190,PREDICTION,src/tracking/advanced_tracker.py:kalman_homography,
S,8,3190,PREDICTION,src/tracking/advanced_tracker.py:flow_gapfill_batched,
S,9,3190,PREDICTION,src/tracking/advanced_tracker.py:flow_gapfill_batched,
D,0,3190
S,1,3190,PREDICTION,src/tracking/advanced_tracker.py:id_merge,
D,1,3190
S,2,3190,PREDICTION,src/tracking/advanced_tracker.py:id_merge,
D,2,3190
S,4,3190,PREDICTION,src/tracking/advanced_tracker.py:id_merge,
D,8,3190
S,9,3190,PREDICTION,src/tracking/advanced_tracker.py:id_merge,
L,4,3190,PREDICTION,src/tracking/advanced_tracker.py:id_merge,
R,PREDICTION,PREDICTION,1
L,5,3190,PREDICTION,src/tracking/advanced_tracker.py:kalman_homography,
R,PREDICTION,PREDICTION,1
L,9,3190,PREDICTION,src/tracking/advanced_tracker.py:id_merge,
R,PREDICTION,SUBPIXEL,0
A,3190
S,0,3193,DETECTION,src/tracking/advanced_tracker.py:_activate_slot,3193_852_244_1029_331
S,1,3193,DETECTION,src/tracking/advanced_tracker.py:_activate_slot,3193_932_1599_1035_1683
S,2,3193,DETECTION,src/tracking/advanced_tracker.py:_activate_slot,3193_945_1210_1035_1291
S,4,3193,DETECTION,src/tracking/advanced_tracker.py:_activate_slot,3193_926_1498_1034_1579
S,5,3193,PREDICTION,src/tracking/advanced_tracker.py:kalman_homography,
S,10,3193,PREDICTION,src/tracking/advanced_tracker.py:kalman_homography,
S,8,3193,PREDICTION,src/tracking/advanced_tracker.py:flow_gapfill_batched,
S,9,3193,PREDICTION,src/tracking/advanced_tracker.py:flow_gapfill_batched,
D,0,3193
S,1,3193,PREDICTION,src/tracking/advanced_tracker.py:id_merge,
D,1,3193
S,2,3193,PREDICTION,src/tracking/advanced_tracker.py:id_merge,
D,2,3193
S,4,3193,PREDICTION,src/tracking/advanced_tracker.py:id_merge,
D,8,3193
S,9,3193,PREDICTION,src/tracking/advanced_tracker.py:id_merge,
L,4,3193,PREDICTION,src/tracking/advanced_tracker.py:id_merge,
R,PREDICTION,PREDICTION,1
L,5,3193,PREDICTION,src/tracking/advanced_tracker.py:kalman_homography,
R,PREDICTION,SUBPIXEL,0
L,9,3193,PREDICTION,src/tracking/advanced_tracker.py:id_merge,
R,PREDICTION,SUBPIXEL,0
A,3193
S,0,3196,DETECTION,src/tracking/advanced_tracker.py:_activate_slot,3196_852_244_1029_331
S,1,3196,DETECTION,src/tracking/advanced_tracker.py:_activate_slot,3196_955_1134_1033_1198
S,2,3196,DETECTION,src/tracking/advanced_tracker.py:_activate_slot,3196_944_1210_1035_1291
S,5,3196,PREDICTION,src/tracking/advanced_tracker.py:kalman_homography,
S,10,3196,PREDICTION,src/tracking/advanced_tracker.py:kalman_homography,
S,4,3196,PREDICTION,src/tracking/advanced_tracker.py:flow_gapfill_batched,
S,6,3196,PREDICTION,src/tracking/advanced_tracker.py:flow_gapfill_batched,
S,9,3196,PREDICTION,src/tracking/advanced_tracker.py:flow_gapfill_batched,
D,0,3196
S,1,3196,PREDICTION,src/tracking/advanced_tracker.py:id_merge,
D,1,3196
S,2,3196,PREDICTION,src/tracking/advanced_tracker.py:id_merge,
D,4,3196
S,2,3196,PREDICTION,src/tracking/advanced_tracker.py:id_merge,
D,9,3196
S,6,3196,PREDICTION,src/tracking/advanced_tracker.py:id_merge,
L,2,3196,PREDICTION,src/tracking/advanced_tracker.py:id_merge,
R,PREDICTION,SUBPIXEL,0
L,5,3196,PREDICTION,src/tracking/advanced_tracker.py:kalman_homography,
R,PREDICTION,SUBPIXEL,0
L,6,3196,PREDICTION,src/tracking/advanced_tracker.py:id_merge,
R,PREDICTION,SUBPIXEL,0
A,3196
S,0,3199,DETECTION,src/tracking/advanced_tracker.py:_activate_slot,3199_852_244_1028_331
S,1,3199,DETECTION,src/tracking/advanced_tracker.py:_activate_slot,3199_954_1132_1034_1201
S,2,3199,DETECTION,src/tracking/advanced_tracker.py:_activate_slot,3199_945_1210_1035_1291
S,4,3199,DETECTION,src/tracking/advanced_tracker.py:_activate_slot,3199_922_1563_1035_1626
S,5,3199,DETECTION,src/tracking/advanced_tracker.py:_activate_slot,3199_777_403_918_480
S,10,3199,PREDICTION,src/tracking/advanced_tracker.py:kalman_homography,
S,6,3199,PREDICTION,src/tracking/advanced_tracker.py:flow_gapfill_batched,
S,9,3199,PREDICTION,src/tracking/advanced_tracker.py:flow_gapfill_batched,
D,0,3199
S,1,3199,PREDICTION,src/tracking/advanced_tracker.py:id_merge,
D,1,3199
S,2,3199,PREDICTION,src/tracking/advanced_tracker.py:id_merge,
D,2,3199
S,4,3199,PREDICTION,src/tracking/advanced_tracker.py:id_merge,
D,9,3199
S,6,3199,PREDICTION,src/tracking/advanced_tracker.py:id_merge,
L,4,3199,PREDICTION,src/tracking/advanced_tracker.py:id_merge,
R,PREDICTION,SUBPIXEL,0
L,5,3199,DETECTION,src/tracking/advanced_tracker.py:_activate_slot,3199_777_403_918_480
R,DETECTION,DETECTION,1
L,6,3199,PREDICTION,src/tracking/advanced_tracker.py:id_merge,
R,PREDICTION,SUBPIXEL,0
A,3199
S,0,3202,DETECTION,src/tracking/advanced_tracker.py:_activate_slot,3202_852_244_1028_331
S,2,3202,DETECTION,src/tracking/advanced_tracker.py:_activate_slot,3202_944_1210_1035_1291
S,4,3202,DETECTION,src/tracking/advanced_tracker.py:_activate_slot,3202_954_1134_1035_1203
S,3,3202,DETECTION,src/tracking/advanced_tracker.py:_activate_slot,3202_931_1752_1035_1836
S,5,3202,PREDICTION,src/tracking/advanced_tracker.py:kalman_homography,
S,6,3202,PREDICTION,src/tracking/advanced_tracker.py:flow_gapfill_batched,
S,10,3202,PREDICTION,src/tracking/advanced_tracker.py:flow_gapfill_batched,
D,0,3202
S,2,3202,PREDICTION,src/tracking/advanced_tracker.py:id_merge,
D,2,3202
S,3,3202,PREDICTION,src/tracking/advanced_tracker.py:id_merge,
D,3,3202
S,4,3202,PREDICTION,src/tracking/advanced_tracker.py:id_merge,
L,4,3202,PREDICTION,src/tracking/advanced_tracker.py:id_merge,
R,PREDICTION,PREDICTION,1
L,5,3202,PREDICTION,src/tracking/advanced_tracker.py:kalman_homography,
R,PREDICTION,PREDICTION,1
L,6,3202,PREDICTION,src/tracking/advanced_tracker.py:flow_gapfill_batched,
R,PREDICTION,SUBPIXEL,0
A,3202
S,0,3205,DETECTION,src/tracking/advanced_tracker.py:_activate_slot,3205_852_244_1029_330
S,2,3205,DETECTION,src/tracking/advanced_tracker.py:_activate_slot,3205_945_1210_1035_1291
S,4,3205,DETECTION,src/tracking/advanced_tracker.py:_activate_slot,3205_930_1752_1035_1836
S,5,3205,PREDICTION,src/tracking/advanced_tracker.py:kalman_homography,
S,1,3205,PREDICTION,src/tracking/advanced_tracker.py:flow_gapfill_batched,
S,6,3205,PREDICTION,src/tracking/advanced_tracker.py:flow_gapfill_batched,
D,1,3205
S,0,3205,PREDICTION,src/tracking/advanced_tracker.py:id_merge,
D,0,3205
S,2,3205,PREDICTION,src/tracking/advanced_tracker.py:id_merge,
D,2,3205
S,4,3205,PREDICTION,src/tracking/advanced_tracker.py:id_merge,
L,4,3205,PREDICTION,src/tracking/advanced_tracker.py:id_merge,
R,PREDICTION,PREDICTION,1
L,5,3205,PREDICTION,src/tracking/advanced_tracker.py:kalman_homography,
R,PREDICTION,PREDICTION,1
L,6,3205,PREDICTION,src/tracking/advanced_tracker.py:flow_gapfill_batched,
R,PREDICTION,SUBPIXEL,0
A,3205
S,0,3208,DETECTION,src/tracking/advanced_tracker.py:_activate_slot,3208_852_243_1029_331
S,2,3208,DETECTION,src/tracking/advanced_tracker.py:_activate_slot,3208_943_1210_1035_1291
S,3,3208,DETECTION,src/tracking/advanced_tracker.py:_activate_slot,3208_930_1755_1035_1836
S,4,3208,DETECTION,src/tracking/advanced_tracker.py:_activate_slot,3208_954_1132_1035_1207
S,7,3208,DETECTION,src/tracking/advanced_tracker.py:_activate_slot,3208_930_1816_1035_1894
S,5,3208,PREDICTION,src/tracking/advanced_tracker.py:kalman_homography,
S,1,3208,PREDICTION,src/tracking/advanced_tracker.py:flow_gapfill_batched,
S,6,3208,PREDICTION,src/tracking/advanced_tracker.py:flow_gapfill_batched,
D,1,3208
S,0,3208,PREDICTION,src/tracking/advanced_tracker.py:id_merge,
D,0,3208
S,2,3208,PREDICTION,src/tracking/advanced_tracker.py:id_merge,
D,2,3208
S,3,3208,PREDICTION,src/tracking/advanced_tracker.py:id_merge,
D,3,3208
S,4,3208,PREDICTION,src/tracking/advanced_tracker.py:id_merge,
D,6,3208
S,7,3208,PREDICTION,src/tracking/advanced_tracker.py:id_merge,
L,4,3208,PREDICTION,src/tracking/advanced_tracker.py:id_merge,
R,PREDICTION,PREDICTION,1
L,5,3208,PREDICTION,src/tracking/advanced_tracker.py:kalman_homography,
R,PREDICTION,PREDICTION,1
L,7,3208,PREDICTION,src/tracking/advanced_tracker.py:id_merge,
R,PREDICTION,PREDICTION,1
A,3208
S,0,3211,DETECTION,src/tracking/advanced_tracker.py:_activate_slot,3211_852_241_1029_330
S,2,3211,DETECTION,src/tracking/advanced_tracker.py:_activate_slot,3211_944_1210_1035_1291
S,3,3211,DETECTION,src/tracking/advanced_tracker.py:_activate_slot,3211_930_1756_1035_1840
S,4,3211,DETECTION,src/tracking/advanced_tracker.py:_activate_slot,3211_926_747_1034_833
S,1,3211,DETECTION,src/tracking/advanced_tracker.py:_activate_slot,3211_952_685_1033_772
S,7,3211,DETECTION,src/tracking/advanced_tracker.py:_activate_slot,3211_930_1818_1035_1896
S,5,3211,PREDICTION,src/tracking/advanced_tracker.py:kalman_homography,
D,0,3211
S,1,3211,PREDICTION,src/tracking/advanced_tracker.py:id_merge,
D,1,3211
S,2,3211,PREDICTION,src/tracking/advanced_tracker.py:id_merge,
D,2,3211
S,3,3211,PREDICTION,src/tracking/advanced_tracker.py:id_merge,
D,3,3211
S,4,3211,PREDICTION,src/tracking/advanced_tracker.py:id_merge,
L,4,3211,PREDICTION,src/tracking/advanced_tracker.py:id_merge,
R,PREDICTION,PREDICTION,1
L,5,3211,PREDICTION,src/tracking/advanced_tracker.py:kalman_homography,
R,PREDICTION,PREDICTION,1
L,7,3211,DETECTION,src/tracking/advanced_tracker.py:_activate_slot,3211_930_1818_1035_1896
R,DETECTION,SUBPIXEL,0
A,3211
S,0,3214,DETECTION,src/tracking/advanced_tracker.py:_activate_slot,3214_851_241_1028_330
S,1,3214,DETECTION,src/tracking/advanced_tracker.py:_activate_slot,3214_954_1134_1035_1209
S,2,3214,DETECTION,src/tracking/advanced_tracker.py:_activate_slot,3214_944_1210_1035_1291
S,3,3214,DETECTION,src/tracking/advanced_tracker.py:_activate_slot,3214_931_1755_1035_1842
S,4,3214,DETECTION,src/tracking/advanced_tracker.py:_activate_slot,3214_930_1815_1035_1893
S,8,3214,DETECTION,src/tracking/advanced_tracker.py:_activate_slot,3214_576_982_729_1054
S,5,3214,PREDICTION,src/tracking/advanced_tracker.py:kalman_homography,
D,0,3214
S,1,3214,PREDICTION,src/tracking/advanced_tracker.py:id_merge,
D,1,3214
S,2,3214,PREDICTION,src/tracking/advanced_tracker.py:id_merge,
D,2,3214
S,3,3214,PREDICTION,src/tracking/advanced_tracker.py:id_merge,
D,3,3214
S,4,3214,PREDICTION,src/tracking/advanced_tracker.py:id_merge,
D,5,3214
S,8,3214,PREDICTION,src/tracking/advanced_tracker.py:id_merge,
L,4,3214,PREDICTION,src/tracking/advanced_tracker.py:id_merge,
R,PREDICTION,PREDICTION,1
L,8,3214,PREDICTION,src/tracking/advanced_tracker.py:id_merge,
R,PREDICTION,PREDICTION,1
A,3214
S,0,3217,DETECTION,src/tracking/advanced_tracker.py:_activate_slot,3217_851_242_1031_330
S,1,3217,DETECTION,src/tracking/advanced_tracker.py:_activate_slot,3217_954_1135_1034_1210
S,2,3217,DETECTION,src/tracking/advanced_tracker.py:_activate_slot,3217_943_1210_1035_1291
S,3,3217,DETECTION,src/tracking/advanced_tracker.py:_activate_slot,3217_930_1758_1035_1842
S,4,3217,DETECTION,src/tracking/advanced_tracker.py:_activate_slot,3217_928_1815_1035_1896
S,5,3217,PREDICTION,src/tracking/advanced_tracker.py:kalman_homography,
S,8,3217,PREDICTION,src/tracking/advanced_tracker.py:kalman_homography,
S,7,3217,PREDICTION,src/tracking/advanced_tracker.py:flow_gapfill_batched,
D,0,3217
S,1,3217,PREDICTION,src/tracking/advanced_tracker.py:id_merge,
D,1,3217
S,2,3217,PREDICTION,src/tracking/advanced_tracker.py:id_merge,
D,2,3217
S,3,3217,PREDICTION,src/tracking/advanced_tracker.py:id_merge,
D,3,3217
S,4,3217,PREDICTION,src/tracking/advanced_tracker.py:id_merge,
D,5,3217
S,7,3217,PREDICTION,src/tracking/advanced_tracker.py:id_merge,
L,4,3217,PREDICTION,src/tracking/advanced_tracker.py:id_merge,
R,PREDICTION,SUBPIXEL,0
L,7,3217,PREDICTION,src/tracking/advanced_tracker.py:id_merge,
R,PREDICTION,SUBPIXEL,0
L,8,3217,PREDICTION,src/tracking/advanced_tracker.py:kalman_homography,
R,PREDICTION,PREDICTION,1
A,3217
S,0,3220,DETECTION,src/tracking/advanced_tracker.py:_activate_slot,3220_852_241_1031_330
S,1,3220,DETECTION,src/tracking/advanced_tracker.py:_activate_slot,3220_955_1137_1033_1209
S,2,3220,DETECTION,src/tracking/advanced_tracker.py:_activate_slot,3220_943_1209_1035_1291
S,3,3220,DETECTION,src/tracking/advanced_tracker.py:_activate_slot,3220_933_1761_1035_1845
S,4,3220,DETECTION,src/tracking/advanced_tracker.py:_activate_slot,3220_927_1816_1035_1894
S,5,3220,DETECTION,src/tracking/advanced_tracker.py:_activate_slot,3220_777_408_918_477
S,8,3220,PREDICTION,src/tracking/advanced_tracker.py:kalman_homography,
D,0,3220
S,1,3220,PREDICTION,src/tracking/advanced_tracker.py:id_merge,
D,1,3220
S,2,3220,PREDICTION,src/tracking/advanced_tracker.py:id_merge,
D,2,3220
S,3,3220,PREDICTION,src/tracking/advanced_tracker.py:id_merge,
D,3,3220
S,4,3220,PREDICTION,src/tracking/advanced_tracker.py:id_merge,
D,8,3220
S,5,3220,PREDICTION,src/tracking/advanced_tracker.py:id_merge,
L,4,3220,PREDICTION,src/tracking/advanced_tracker.py:id_merge,
R,PREDICTION,SUBPIXEL,0
L,5,3220,PREDICTION,src/tracking/advanced_tracker.py:id_merge,
R,PREDICTION,PREDICTION,1
A,3220
S,0,3223,DETECTION,src/tracking/advanced_tracker.py:_activate_slot,3223_852_241_1032_330
S,1,3223,DETECTION,src/tracking/advanced_tracker.py:_activate_slot,3223_954_1140_1035_1209
S,2,3223,DETECTION,src/tracking/advanced_tracker.py:_activate_slot,3223_943_1210_1035_1291
S,3,3223,DETECTION,src/tracking/advanced_tracker.py:_activate_slot,3223_933_1764_1035_1845
S,4,3223,DETECTION,src/tracking/advanced_tracker.py:_activate_slot,3223_924_741_1034_828
S,5,3223,DETECTION,src/tracking/advanced_tracker.py:_activate_slot,3223_775_408_916_478
S,8,3223,PREDICTION,src/tracking/advanced_tracker.py:kalman_homography,
D,0,3223
S,1,3223,PREDICTION,src/tracking/advanced_tracker.py:id_merge,
D,1,3223
S,2,3223,PREDICTION,src/tracking/advanced_tracker.py:id_merge,
D,2,3223
S,3,3223,PREDICTION,src/tracking/advanced_tracker.py:id_merge,
D,3,3223
S,4,3223,PREDICTION,src/tracking/advanced_tracker.py:id_merge,
D,8,3223
S,5,3223,PREDICTION,src/tracking/advanced_tracker.py:id_merge,
L,4,3223,PREDICTION,src/tracking/advanced_tracker.py:id_merge,
R,PREDICTION,PREDICTION,1
L,5,3223,PREDICTION,src/tracking/advanced_tracker.py:id_merge,
R,PREDICTION,PREDICTION,1
A,3223
S,0,3226,DETECTION,src/tracking/advanced_tracker.py:_activate_slot,3226_852_240_1030_330
S,1,3226,DETECTION,src/tracking/advanced_tracker.py:_activate_slot,3226_954_1137_1035_1211
S,2,3226,DETECTION,src/tracking/advanced_tracker.py:_activate_slot,3226_943_1210_1035_1291
S,3,3226,DETECTION,src/tracking/advanced_tracker.py:_activate_slot,3226_933_1767_1035_1845
S,5,3226,DETECTION,src/tracking/advanced_tracker.py:_activate_slot,3226_771_407_918_479
S,8,3226,PREDICTION,src/tracking/advanced_tracker.py:kalman_homography,
S,4,3226,PREDICTION,src/tracking/advanced_tracker.py:flow_gapfill_batched,
S,7,3226,PREDICTION,src/tracking/advanced_tracker.py:flow_gapfill_batched,
D,0,3226
S,1,3226,PREDICTION,src/tracking/advanced_tracker.py:id_merge,
D,1,3226
S,2,3226,PREDICTION,src/tracking/advanced_tracker.py:id_merge,
D,2,3226
S,3,3226,PREDICTION,src/tracking/advanced_tracker.py:id_merge,
D,4,3226
S,3,3226,PREDICTION,src/tracking/advanced_tracker.py:id_merge,
D,8,3226
S,5,3226,PREDICTION,src/tracking/advanced_tracker.py:id_merge,
L,3,3226,PREDICTION,src/tracking/advanced_tracker.py:id_merge,
R,PREDICTION,PREDICTION,1
L,5,3226,PREDICTION,src/tracking/advanced_tracker.py:id_merge,
R,PREDICTION,PREDICTION,1
L,7,3226,PREDICTION,src/tracking/advanced_tracker.py:flow_gapfill_batched,
R,PREDICTION,SUBPIXEL,0
A,3226
S,0,3229,DETECTION,src/tracking/advanced_tracker.py:_activate_slot,3229_850_240_1033_330
S,2,3229,DETECTION,src/tracking/advanced_tracker.py:_activate_slot,3229_943_1210_1035_1291
S,3,3229,DETECTION,src/tracking/advanced_tracker.py:_activate_slot,3229_933_1767_1035_1845
S,5,3229,DETECTION,src/tracking/advanced_tracker.py:_activate_slot,3229_770_407_918_479
S,8,3229,PREDICTION,src/tracking/advanced_tracker.py:kalman_homography,
S,4,3229,PREDICTION,src/tracking/advanced_tracker.py:flow_gapfill_batched,
D,0,3229
S,2,3229,PREDICTION,src/tracking/advanced_tracker.py:id_merge,
D,2,3229
S,3,3229,PREDICTION,src/tracking/advanced_tracker.py:id_merge,
D,4,3229
S,3,3229,PREDICTION,src/tracking/advanced_tracker.py:id_merge,
D,8,3229
S,5,3229,PREDICTION,src/tracking/advanced_tracker.py:id_merge,
L,3,3229,PREDICTION,src/tracking/advanced_tracker.py:id_merge,
R,PREDICTION,SUBPIXEL,0
L,5,3229,PREDICTION,src/tracking/advanced_tracker.py:id_merge,
R,PREDICTION,SUBPIXEL,0
A,3229
S,0,3232,DETECTION,src/tracking/advanced_tracker.py:_activate_slot,3232_853_241_1030_327
S,2,3232,DETECTION,src/tracking/advanced_tracker.py:_activate_slot,3232_943_1211_1035_1292
S,3,3232,DETECTION,src/tracking/advanced_tracker.py:_activate_slot,3232_934_1767_1035_1845
S,5,3232,DETECTION,src/tracking/advanced_tracker.py:_activate_slot,3232_928_1548_1035_1623
S,7,3232,DETECTION,src/tracking/advanced_tracker.py:_activate_slot,3232_934_1818_1035_1902
S,6,3232,DETECTION,src/tracking/advanced_tracker.py:_activate_slot,3232_777_406_917_480
S,8,3232,PREDICTION,src/tracking/advanced_tracker.py:kalman_homography,
S,1,3232,PREDICTION,src/tracking/advanced_tracker.py:flow_gapfill_batched,
S,4,3232,PREDICTION,src/tracking/advanced_tracker.py:flow_gapfill_batched,
D,1,3232
S,0,3232,PREDICTION,src/tracking/advanced_tracker.py:id_merge,
D,0,3232
S,2,3232,PREDICTION,src/tracking/advanced_tracker.py:id_merge,
D,2,3232
S,3,3232,PREDICTION,src/tracking/advanced_tracker.py:id_merge,
D,4,3232
S,3,3232,PREDICTION,src/tracking/advanced_tracker.py:id_merge,
D,5,3232
S,7,3232,PREDICTION,src/tracking/advanced_tracker.py:id_merge,
D,8,3232
S,6,3232,PREDICTION,src/tracking/advanced_tracker.py:id_merge,
L,3,3232,PREDICTION,src/tracking/advanced_tracker.py:id_merge,
R,PREDICTION,SUBPIXEL,0
L,6,3232,PREDICTION,src/tracking/advanced_tracker.py:id_merge,
R,PREDICTION,PREDICTION,1
L,7,3232,PREDICTION,src/tracking/advanced_tracker.py:id_merge,
R,PREDICTION,SUBPIXEL,0
A,3232
S,0,3235,DETECTION,src/tracking/advanced_tracker.py:_activate_slot,3235_853_241_1029_328
S,2,3235,DETECTION,src/tracking/advanced_tracker.py:_activate_slot,3235_942_1210_1035_1291
S,3,3235,DETECTION,src/tracking/advanced_tracker.py:_activate_slot,3235_933_1765_1035_1849
S,6,3235,DETECTION,src/tracking/advanced_tracker.py:_activate_slot,3235_775_406_916_478
S,8,3235,PREDICTION,src/tracking/advanced_tracker.py:kalman_homography,
S,1,3235,PREDICTION,src/tracking/advanced_tracker.py:flow_gapfill_batched,
S,4,3235,PREDICTION,src/tracking/advanced_tracker.py:flow_gapfill_batched,
D,1,3235
S,0,3235,PREDICTION,src/tracking/advanced_tracker.py:id_merge,
D,0,3235
S,2,3235,PREDICTION,src/tracking/advanced_tracker.py:id_merge,
D,2,3235
S,3,3235,PREDICTION,src/tracking/advanced_tracker.py:id_merge,
D,4,3235
S,3,3235,PREDICTION,src/tracking/advanced_tracker.py:id_merge,
D,8,3235
S,6,3235,PREDICTION,src/tracking/advanced_tracker.py:id_merge,
L,3,3235,PREDICTION,src/tracking/advanced_tracker.py:id_merge,
R,PREDICTION,SUBPIXEL,0
L,6,3235,PREDICTION,src/tracking/advanced_tracker.py:id_merge,
R,PREDICTION,PREDICTION,1
A,3235
S,0,3238,DETECTION,src/tracking/advanced_tracker.py:_activate_slot,3238_855_241_1020_327
S,1,3238,DETECTION,src/tracking/advanced_tracker.py:_activate_slot,3238_952_1137_1033_1209
S,2,3238,DETECTION,src/tracking/advanced_tracker.py:_activate_slot,3238_943_1210_1035_1291
S,3,3238,DETECTION,src/tracking/advanced_tracker.py:_activate_slot,3238_933_1765_1035_1849
S,6,3238,DETECTION,src/tracking/advanced_tracker.py:_activate_slot,3238_772_403_916_480
S,4,3238,PREDICTION,src/tracking/advanced_tracker.py:flow_gapfill_batched,
S,8,3238,PREDICTION,src/tracking/advanced_tracker.py:flow_gapfill_batched,
D,0,3238
S,1,3238,PREDICTION,src/tracking/advanced_tracker.py:id_merge,
D,1,3238
S,2,3238,PREDICTION,src/tracking/advanced_tracker.py:id_merge,
D,2,3238
S,3,3238,PREDICTION,src/tracking/advanced_tracker.py:id_merge,
D,4,3238
S,3,3238,PREDICTION,src/tracking/advanced_tracker.py:id_merge,
D,8,3238
S,6,3238,PREDICTION,src/tracking/advanced_tracker.py:id_merge,
L,3,3238,PREDICTION,src/tracking/advanced_tracker.py:id_merge,
R,PREDICTION,SUBPIXEL,0
L,6,3238,PREDICTION,src/tracking/advanced_tracker.py:id_merge,
R,PREDICTION,PREDICTION,1
A,3238
S,0,3241,DETECTION,src/tracking/advanced_tracker.py:_activate_slot,3241_853_242_1018_328
S,1,3241,DETECTION,src/tracking/advanced_tracker.py:_activate_slot,3241_952_1137_1035_1209
S,2,3241,DETECTION,src/tracking/advanced_tracker.py:_activate_slot,3241_943_1210_1035_1291
S,3,3241,DETECTION,src/tracking/advanced_tracker.py:_activate_slot,3241_933_1764_1035_1848
S,6,3241,DETECTION,src/tracking/advanced_tracker.py:_activate_slot,3241_771_400_917_477
S,4,3241,PREDICTION,src/tracking/advanced_tracker.py:flow_gapfill_batched,
S,5,3241,PREDICTION,src/tracking/advanced_tracker.py:flow_gapfill_batched,
D,0,3241
S,1,3241,PREDICTION,src/tracking/advanced_tracker.py:id_merge,
D,1,3241
S,2,3241,PREDICTION,src/tracking/advanced_tracker.py:id_merge,
D,2,3241
S,3,3241,PREDICTION,src/tracking/advanced_tracker.py:id_merge,
D,4,3241
S,3,3241,PREDICTION,src/tracking/advanced_tracker.py:id_merge,
L,3,3241,PREDICTION,src/tracking/advanced_tracker.py:id_merge,
R,PREDICTION,SUBPIXEL,0
L,5,3241,PREDICTION,src/tracking/advanced_tracker.py:flow_gapfill_batched,
R,PREDICTION,PREDICTION,1
L,6,3241,DETECTION,src/tracking/advanced_tracker.py:_activate_slot,3241_771_400_917_477
R,DETECTION,DETECTION,1
A,3241
S,0,3244,DETECTION,src/tracking/advanced_tracker.py:_activate_slot,3244_855_242_1017_328
S,1,3244,DETECTION,src/tracking/advanced_tracker.py:_activate_slot,3244_954_1137_1035_1209
S,2,3244,DETECTION,src/tracking/advanced_tracker.py:_activate_slot,3244_943_1210_1035_1291
S,3,3244,DETECTION,src/tracking/advanced_tracker.py:_activate_slot,3244_933_1762_1035_1846
S,6,3244,DETECTION,src/tracking/advanced_tracker.py:_activate_slot,3244_765_391_917_480
S,7,3244,PREDICTION,src/tracking/advanced_tracker.py:flow_gapfill_batched,
D,0,3244
S,1,3244,PREDICTION,src/tracking/advanced_tracker.py:id_merge,
D,1,3244
S,2,3244,PREDICTION,src/tracking/advanced_tracker.py:id_merge,
D,2,3244
S,3,3244,PREDICTION,src/tracking/advanced_tracker.py:id_merge,
L,3,3244,PREDICTION,src/tracking/advanced_tracker.py:id_merge,
R,PREDICTION,SUBPIXEL,0
L,6,3244,DETECTION,src/tracking/advanced_tracker.py:_activate_slot,3244_765_391_917_480
R,DETECTION,DETECTION,1
L,7,3244,PREDICTION,src/tracking/advanced_tracker.py:flow_gapfill_batched,
R,PREDICTION,PREDICTION,1
A,3244
S,0,3247,DETECTION,src/tracking/advanced_tracker.py:_activate_slot,3247_852_240_1017_330
S,1,3247,DETECTION,src/tracking/advanced_tracker.py:_activate_slot,3247_952_1138_1035_1207
S,2,3247,DETECTION,src/tracking/advanced_tracker.py:_activate_slot,3247_942_1210_1035_1293
S,3,3247,DETECTION,src/tracking/advanced_tracker.py:_activate_slot,3247_933_1761_1035_1845
S,6,3247,DETECTION,src/tracking/advanced_tracker.py:_activate_slot,3247_762_391_918_477
S,4,3247,PREDICTION,src/tracking/advanced_tracker.py:flow_gapfill_batched,
S,5,3247,PREDICTION,src/tracking/advanced_tracker.py:flow_gapfill_batched,
S,7,3247,PREDICTION,src/tracking/advanced_tracker.py:flow_gapfill_batched,
D,0,3247
S,1,3247,PREDICTION,src/tracking/advanced_tracker.py:id_merge,
D,1,3247
S,2,3247,PREDICTION,src/tracking/advanced_tracker.py:id_merge,
D,2,3247
S,3,3247,PREDICTION,src/tracking/advanced_tracker.py:id_merge,
D,4,3247
S,3,3247,PREDICTION,src/tracking/advanced_tracker.py:id_merge,
D,5,3247
S,7,3247,PREDICTION,src/tracking/advanced_tracker.py:id_merge,
L,3,3247,PREDICTION,src/tracking/advanced_tracker.py:id_merge,
R,PREDICTION,SUBPIXEL,0
L,6,3247,DETECTION,src/tracking/advanced_tracker.py:_activate_slot,3247_762_391_918_477
R,DETECTION,DETECTION,1
L,7,3247,PREDICTION,src/tracking/advanced_tracker.py:id_merge,
R,PREDICTION,PREDICTION,1
A,3247
S,0,3250,DETECTION,src/tracking/advanced_tracker.py:_activate_slot,3250_855_241_1017_328
S,1,3250,DETECTION,src/tracking/advanced_tracker.py:_activate_slot,3250_951_1138_1035_1207
S,2,3250,DETECTION,src/tracking/advanced_tracker.py:_activate_slot,3250_943_1209_1035_1292
S,3,3250,DETECTION,src/tracking/advanced_tracker.py:_activate_slot,3250_932_1759_1035_1846
S,6,3250,DETECTION,src/tracking/advanced_tracker.py:_activate_slot,3250_762_387_918_474
S,10,3250,DETECTION,src/tracking/advanced_tracker.py:_activate_slot,3250_768_435_903_504
S,5,3250,PREDICTION,src/tracking/advanced_tracker.py:flow_gapfill_batched,
D,0,3250
S,1,3250,PREDICTION,src/tracking/advanced_tracker.py:id_merge,
D,1,3250
S,2,3250,PREDICTION,src/tracking/advanced_tracker.py:id_merge,
D,2,3250
S,3,3250,PREDICTION,src/tracking/advanced_tracker.py:id_merge,
L,3,3250,PREDICTION,src/tracking/advanced_tracker.py:id_merge,
R,PREDICTION,SUBPIXEL,0
L,5,3250,PREDICTION,src/tracking/advanced_tracker.py:flow_gapfill_batched,
R,PREDICTION,SUBPIXEL,0
L,6,3250,DETECTION,src/tracking/advanced_tracker.py:_activate_slot,3250_762_387_918_474
R,DETECTION,DETECTION,1
A,3250
S,0,3253,DETECTION,src/tracking/advanced_tracker.py:_activate_slot,3253_855_242_1015_328
S,1,3253,DETECTION,src/tracking/advanced_tracker.py:_activate_slot,3253_951_1137_1034_1206
S,2,3253,DETECTION,src/tracking/advanced_tracker.py:_activate_slot,3253_943_1209_1035_1292
S,3,3253,DETECTION,src/tracking/advanced_tracker.py:_activate_slot,3253_925_1498_1035_1573
S,4,3253,DETECTION,src/tracking/advanced_tracker.py:_activate_slot,3253_924_1543_1035_1621
S,6,3253,DETECTION,src/tracking/advanced_tracker.py:_activate_slot,3253_762_390_918_473
S,10,3253,PREDICTION,src/tracking/advanced_tracker.py:kalman_homography,
S,5,3253,PREDICTION,src/tracking/advanced_tracker.py:flow_gapfill_batched,
D,0,3253
S,1,3253,PREDICTION,src/tracking/advanced_tracker.py:id_merge,
D,1,3253
S,2,3253,PREDICTION,src/tracking/advanced_tracker.py:id_merge,
D,2,3253
S,3,3253,PREDICTION,src/tracking/advanced_tracker.py:id_merge,
D,3,3253
S,4,3253,PREDICTION,src/tracking/advanced_tracker.py:id_merge,
L,4,3253,PREDICTION,src/tracking/advanced_tracker.py:id_merge,
R,PREDICTION,PREDICTION,1
L,5,3253,PREDICTION,src/tracking/advanced_tracker.py:flow_gapfill_batched,
R,PREDICTION,SUBPIXEL,0
L,6,3253,DETECTION,src/tracking/advanced_tracker.py:_activate_slot,3253_762_390_918_473
R,DETECTION,DETECTION,1
A,3253
S,0,3256,DETECTION,src/tracking/advanced_tracker.py:_activate_slot,3256_854_242_1013_328
S,1,3256,DETECTION,src/tracking/advanced_tracker.py:_activate_slot,3256_951_1137_1035_1206
S,2,3256,DETECTION,src/tracking/advanced_tracker.py:_activate_slot,3256_943_1209_1035_1292
S,3,3256,DETECTION,src/tracking/advanced_tracker.py:_activate_slot,3256_925_1500_1035_1572
S,4,3256,DETECTION,src/tracking/advanced_tracker.py:_activate_slot,3256_924_1543_1035_1621
S,6,3256,DETECTION,src/tracking/advanced_tracker.py:_activate_slot,3256_766_390_916_471
S,10,3256,PREDICTION,src/tracking/advanced_tracker.py:kalman_homography,
D,0,3256
S,1,3256,PREDICTION,src/tracking/advanced_tracker.py:id_merge,
D,1,3256
S,2,3256,PREDICTION,src/tracking/advanced_tracker.py:id_merge,
D,2,3256
S,3,3256,PREDICTION,src/tracking/advanced_tracker.py:id_merge,
D,3,3256
S,4,3256,PREDICTION,src/tracking/advanced_tracker.py:id_merge,
L,4,3256,PREDICTION,src/tracking/advanced_tracker.py:id_merge,
R,PREDICTION,SUBPIXEL,0
L,6,3256,DETECTION,src/tracking/advanced_tracker.py:_activate_slot,3256_766_390_916_471
R,DETECTION,DETECTION,1
A,3256
S,0,3259,DETECTION,src/tracking/advanced_tracker.py:_activate_slot,3259_854_243_1014_328
S,1,3259,DETECTION,src/tracking/advanced_tracker.py:_activate_slot,3259_951_1135_1035_1204
S,2,3259,DETECTION,src/tracking/advanced_tracker.py:_activate_slot,3259_942_1209_1035_1293
S,3,3259,DETECTION,src/tracking/advanced_tracker.py:_activate_slot,3259_924_1542_1035_1620
S,4,3259,DETECTION,src/tracking/advanced_tracker.py:_activate_slot,3259_927_1500_1035_1572
S,6,3259,DETECTION,src/tracking/advanced_tracker.py:_activate_slot,3259_768_390_918_470
S,7,3259,DETECTION,src/tracking/advanced_tracker.py:_activate_slot,3259_924_1827_1035_1899
S,10,3259,DETECTION,src/tracking/advanced_tracker.py:_activate_slot,3259_765_434_902_504
D,0,3259
S,1,3259,PREDICTION,src/tracking/advanced_tracker.py:id_merge,
D,1,3259
S,2,3259,PREDICTION,src/tracking/advanced_tracker.py:id_merge,
D,2,3259
S,3,3259,PREDICTION,src/tracking/advanced_tracker.py:id_merge,
D,3,3259
S,4,3259,PREDICTION,src/tracking/advanced_tracker.py:id_merge,
L,4,3259,PREDICTION,src/tracking/advanced_tracker.py:id_merge,
R,PREDICTION,SUBPIXEL,0
L,6,3259,DETECTION,src/tracking/advanced_tracker.py:_activate_slot,3259_768_390_918_470
R,DETECTION,DETECTION,1
L,7,3259,DETECTION,src/tracking/advanced_tracker.py:_activate_slot,3259_924_1827_1035_1899
R,DETECTION,SUBPIXEL,0
A,3259
S,0,3262,DETECTION,src/tracking/advanced_tracker.py:_activate_slot,3262_854_243_1014_327
S,1,3262,DETECTION,src/tracking/advanced_tracker.py:_activate_slot,3262_952_1137_1035_1206
S,2,3262,DETECTION,src/tracking/advanced_tracker.py:_activate_slot,3262_943_1209_1035_1292
S,4,3262,DETECTION,src/tracking/advanced_tracker.py:_activate_slot,3262_927_1497_1035_1572
S,6,3262,DETECTION,src/tracking/advanced_tracker.py:_activate_slot,3262_768_388_918_468
S,7,3262,DETECTION,src/tracking/advanced_tracker.py:_activate_slot,3262_925_1827_1035_1899
S,10,3262,DETECTION,src/tracking/advanced_tracker.py:_activate_slot,3262_765_432_901_504
D,0,3262
S,1,3262,PREDICTION,src/tracking/advanced_tracker.py:id_merge,
D,1,3262
S,2,3262,PREDICTION,src/tracking/advanced_tracker.py:id_merge,
D,2,3262
S,4,3262,PREDICTION,src/tracking/advanced_tracker.py:id_merge,
L,4,3262,PREDICTION,src/tracking/advanced_tracker.py:id_merge,
R,PREDICTION,SUBPIXEL,0
L,6,3262,DETECTION,src/tracking/advanced_tracker.py:_activate_slot,3262_768_388_918_468
R,DETECTION,DETECTION,1
L,7,3262,DETECTION,src/tracking/advanced_tracker.py:_activate_slot,3262_925_1827_1035_1899
R,DETECTION,SUBPIXEL,0
A,3262
S,0,3265,DETECTION,src/tracking/advanced_tracker.py:_activate_slot,3265_854_242_1014_327
S,1,3265,DETECTION,src/tracking/advanced_tracker.py:_activate_slot,3265_951_1134_1035_1206
S,2,3265,DETECTION,src/tracking/advanced_tracker.py:_activate_slot,3265_942_1209_1035_1293
S,4,3265,DETECTION,src/tracking/advanced_tracker.py:_activate_slot,3265_927_1497_1035_1573
S,6,3265,DETECTION,src/tracking/advanced_tracker.py:_activate_slot,3265_769_387_918_468
S,7,3265,DETECTION,src/tracking/advanced_tracker.py:_activate_slot,3265_935_1824_1035_1896
S,10,3265,PREDICTION,src/tracking/advanced_tracker.py:kalman_homography,
D,0,3265
S,1,3265,PREDICTION,src/tracking/advanced_tracker.py:id_merge,
D,1,3265
S,2,3265,PREDICTION,src/tracking/advanced_tracker.py:id_merge,
D,2,3265
S,4,3265,PREDICTION,src/tracking/advanced_tracker.py:id_merge,
L,4,3265,PREDICTION,src/tracking/advanced_tracker.py:id_merge,
R,PREDICTION,SUBPIXEL,0
L,6,3265,DETECTION,src/tracking/advanced_tracker.py:_activate_slot,3265_769_387_918_468
R,DETECTION,DETECTION,1
L,7,3265,DETECTION,src/tracking/advanced_tracker.py:_activate_slot,3265_935_1824_1035_1896
R,DETECTION,SUBPIXEL,0
A,3265
S,0,3268,DETECTION,src/tracking/advanced_tracker.py:_activate_slot,3268_854_243_1017_327
S,1,3268,DETECTION,src/tracking/advanced_tracker.py:_activate_slot,3268_951_1134_1035_1206
S,2,3268,DETECTION,src/tracking/advanced_tracker.py:_activate_slot,3268_943_1208_1035_1292
S,4,3268,DETECTION,src/tracking/advanced_tracker.py:_activate_slot,3268_927_1495_1035_1573
S,6,3268,DETECTION,src/tracking/advanced_tracker.py:_activate_slot,3268_771_387_917_468
S,7,3268,DETECTION,src/tracking/advanced_tracker.py:_activate_slot,3268_934_1824_1033_1896
S,10,3268,PREDICTION,src/tracking/advanced_tracker.py:kalman_homography,
D,0,3268
S,1,3268,PREDICTION,src/tracking/advanced_tracker.py:id_merge,
D,1,3268
S,2,3268,PREDICTION,src/tracking/advanced_tracker.py:id_merge,
D,2,3268
S,4,3268,PREDICTION,src/tracking/advanced_tracker.py:id_merge,
L,4,3268,PREDICTION,src/tracking/advanced_tracker.py:id_merge,
R,PREDICTION,SUBPIXEL,0
L,6,3268,DETECTION,src/tracking/advanced_tracker.py:_activate_slot,3268_771_387_917_468
R,DETECTION,DETECTION,1
L,7,3268,DETECTION,src/tracking/advanced_tracker.py:_activate_slot,3268_934_1824_1033_1896
R,DETECTION,DETECTION,1
A,3268
S,0,3271,DETECTION,src/tracking/advanced_tracker.py:_activate_slot,3271_853_243_1018_327
S,1,3271,DETECTION,src/tracking/advanced_tracker.py:_activate_slot,3271_952_1135_1035_1207
S,2,3271,DETECTION,src/tracking/advanced_tracker.py:_activate_slot,3271_943_1208_1035_1292
S,3,3271,DETECTION,src/tracking/advanced_tracker.py:_activate_slot,3271_933_1818_1035_1896
S,4,3271,DETECTION,src/tracking/advanced_tracker.py:_activate_slot,3271_927_1495_1035_1573
S,6,3271,DETECTION,src/tracking/advanced_tracker.py:_activate_slot,3271_771_388_917_468
S,10,3271,PREDICTION,src/tracking/advanced_tracker.py:kalman_homography,
D,0,3271
S,1,3271,PREDICTION,src/tracking/advanced_tracker.py:id_merge,
D,1,3271
S,2,3271,PREDICTION,src/tracking/advanced_tracker.py:id_merge,
D,2,3271
S,3,3271,PREDICTION,src/tracking/advanced_tracker.py:id_merge,
D,3,3271
S,4,3271,PREDICTION,src/tracking/advanced_tracker.py:id_merge,
L,4,3271,PREDICTION,src/tracking/advanced_tracker.py:id_merge,
R,PREDICTION,SUBPIXEL,0
L,6,3271,DETECTION,src/tracking/advanced_tracker.py:_activate_slot,3271_771_388_917_468
R,DETECTION,DETECTION,1
A,3271
S,0,3274,DETECTION,src/tracking/advanced_tracker.py:_activate_slot,3274_853_244_1018_327
S,1,3274,DETECTION,src/tracking/advanced_tracker.py:_activate_slot,3274_951_1135_1035_1206
S,2,3274,DETECTION,src/tracking/advanced_tracker.py:_activate_slot,3274_943_1208_1035_1292
S,3,3274,DETECTION,src/tracking/advanced_tracker.py:_activate_slot,3274_933_1816_1035_1894
S,4,3274,DETECTION,src/tracking/advanced_tracker.py:_activate_slot,3274_927_1494_1035_1573
S,6,3274,DETECTION,src/tracking/advanced_tracker.py:_activate_slot,3274_771_388_918_468
S,10,3274,PREDICTION,src/tracking/advanced_tracker.py:kalman_homography,
S,7,3274,PREDICTION,src/tracking/advanced_tracker.py:flow_gapfill_batched,
D,0,3274
S,1,3274,PREDICTION,src/tracking/advanced_tracker.py:id_merge,
D,1,3274
S,2,3274,PREDICTION,src/tracking/advanced_tracker.py:id_merge,
D,2,3274
S,3,3274,PREDICTION,src/tracking/advanced_tracker.py:id_merge,
D,3,3274
S,4,3274,PREDICTION,src/tracking/advanced_tracker.py:id_merge,
L,4,3274,PREDICTION,src/tracking/advanced_tracker.py:id_merge,
R,PREDICTION,SUBPIXEL,0
L,6,3274,DETECTION,src/tracking/advanced_tracker.py:_activate_slot,3274_771_388_918_468
R,DETECTION,DETECTION,1
L,7,3274,PREDICTION,src/tracking/advanced_tracker.py:flow_gapfill_batched,
R,PREDICTION,SUBPIXEL,0
A,3274
S,0,3277,DETECTION,src/tracking/advanced_tracker.py:_activate_slot,3277_855_244_1017_327
S,1,3277,DETECTION,src/tracking/advanced_tracker.py:_activate_slot,3277_951_1135_1035_1207
S,2,3277,DETECTION,src/tracking/advanced_tracker.py:_activate_slot,3277_943_1209_1035_1291
S,3,3277,DETECTION,src/tracking/advanced_tracker.py:_activate_slot,3277_933_1818_1035_1896
S,4,3277,DETECTION,src/tracking/advanced_tracker.py:_activate_slot,3277_927_1494_1035_1573
S,6,3277,DETECTION,src/tracking/advanced_tracker.py:_activate_slot,3277_772_387_918_468
S,10,3277,PREDICTION,src/tracking/advanced_tracker.py:kalman_homography,
S,7,3277,PREDICTION,src/tracking/advanced_tracker.py:flow_gapfill_batched,
D,0,3277
S,1,3277,PREDICTION,src/tracking/advanced_tracker.py:id_merge,
D,1,3277
S,2,3277,PREDICTION,src/tracking/advanced_tracker.py:id_merge,
D,2,3277
S,3,3277,PREDICTION,src/tracking/advanced_tracker.py:id_merge,
D,3,3277
S,4,3277,PREDICTION,src/tracking/advanced_tracker.py:id_merge,
L,4,3277,PREDICTION,src/tracking/advanced_tracker.py:id_merge,
R,PREDICTION,SUBPIXEL,0
L,6,3277,DETECTION,src/tracking/advanced_tracker.py:_activate_slot,3277_772_387_918_468
R,DETECTION,DETECTION,1
L,7,3277,PREDICTION,src/tracking/advanced_tracker.py:flow_gapfill_batched,
R,PREDICTION,SUBPIXEL,0
A,3277
S,0,3280,DETECTION,src/tracking/advanced_tracker.py:_activate_slot,3280_853_244_1018_327
S,1,3280,DETECTION,src/tracking/advanced_tracker.py:_activate_slot,3280_951_1135_1035_1207
S,2,3280,DETECTION,src/tracking/advanced_tracker.py:_activate_slot,3280_943_1208_1035_1292
S,3,3280,DETECTION,src/tracking/advanced_tracker.py:_activate_slot,3280_877_1785_1030_1869
S,4,3280,DETECTION,src/tracking/advanced_tracker.py:_activate_slot,3280_927_1492_1035_1576
S,6,3280,DETECTION,src/tracking/advanced_tracker.py:_activate_slot,3280_771_387_918_467
S,10,3280,PREDICTION,src/tracking/advanced_tracker.py:kalman_homography,
S,7,3280,PREDICTION,src/tracking/advanced_tracker.py:flow_gapfill_batched,
D,0,3280
S,1,3280,PREDICTION,src/tracking/advanced_tracker.py:id_merge,
D,1,3280
S,2,3280,PREDICTION,src/tracking/advanced_tracker.py:id_merge,
D,2,3280
S,3,3280,PREDICTION,src/tracking/advanced_tracker.py:id_merge,
D,3,3280
S,4,3280,PREDICTION,src/tracking/advanced_tracker.py:id_merge,
L,4,3280,PREDICTION,src/tracking/advanced_tracker.py:id_merge,
R,PREDICTION,SUBPIXEL,0
L,6,3280,DETECTION,src/tracking/advanced_tracker.py:_activate_slot,3280_771_387_918_467
R,DETECTION,SUBPIXEL,0
L,7,3280,PREDICTION,src/tracking/advanced_tracker.py:flow_gapfill_batched,
R,PREDICTION,SUBPIXEL,0
A,3280
S,0,3283,DETECTION,src/tracking/advanced_tracker.py:_activate_slot,3283_853_244_1018_327
S,1,3283,DETECTION,src/tracking/advanced_tracker.py:_activate_slot,3283_951_1136_1035_1206
S,2,3283,DETECTION,src/tracking/advanced_tracker.py:_activate_slot,3283_945_1209_1035_1291
S,3,3283,DETECTION,src/tracking/advanced_tracker.py:_activate_slot,3283_946_813_1035_897
S,4,3283,DETECTION,src/tracking/advanced_tracker.py:_activate_slot,3283_927_1492_1035_1576
S,6,3283,DETECTION,src/tracking/advanced_tracker.py:_activate_slot,3283_772_387_918_468
S,10,3283,PREDICTION,src/tracking/advanced_tracker.py:kalman_homography,
D,0,3283
S,1,3283,PREDICTION,src/tracking/advanced_tracker.py:id_merge,
D,1,3283
S,2,3283,PREDICTION,src/tracking/advanced_tracker.py:id_merge,
D,2,3283
S,3,3283,PREDICTION,src/tracking/advanced_tracker.py:id_merge,
D,3,3283
S,4,3283,PREDICTION,src/tracking/advanced_tracker.py:id_merge,
L,4,3283,PREDICTION,src/tracking/advanced_tracker.py:id_merge,
R,PREDICTION,SUBPIXEL,0
L,6,3283,DETECTION,src/tracking/advanced_tracker.py:_activate_slot,3283_772_387_918_468
R,DETECTION,SUBPIXEL,0
A,3283
S,0,3286,DETECTION,src/tracking/advanced_tracker.py:_activate_slot,3286_856_245_1018_327
S,1,3286,DETECTION,src/tracking/advanced_tracker.py:_activate_slot,3286_951_1136_1035_1206
S,2,3286,DETECTION,src/tracking/advanced_tracker.py:_activate_slot,3286_945_1210_1035_1291
S,3,3286,DETECTION,src/tracking/advanced_tracker.py:_activate_slot,3286_919_740_1035_833
S,4,3286,DETECTION,src/tracking/advanced_tracker.py:_activate_slot,3286_927_1495_1035_1576
S,5,3286,DETECTION,src/tracking/advanced_tracker.py:_activate_slot,3286_930_1545_1035_1623
S,6,3286,DETECTION,src/tracking/advanced_tracker.py:_activate_slot,3286_772_387_918_467
S,10,3286,PREDICTION,src/tracking/advanced_tracker.py:flow_gapfill_batched,
D,0,3286
S,1,3286,PREDICTION,src/tracking/advanced_tracker.py:id_merge,
D,1,3286
S,2,3286,PREDICTION,src/tracking/advanced_tracker.py:id_merge,
D,2,3286
S,3,3286,PREDICTION,src/tracking/advanced_tracker.py:id_merge,
D,3,3286
S,4,3286,PREDICTION,src/tracking/advanced_tracker.py:id_merge,
L,4,3286,PREDICTION,src/tracking/advanced_tracker.py:id_merge,
R,PREDICTION,SUBPIXEL,0
L,5,3286,DETECTION,src/tracking/advanced_tracker.py:_activate_slot,3286_930_1545_1035_1623
R,DETECTION,SUBPIXEL,0
L,6,3286,DETECTION,src/tracking/advanced_tracker.py:_activate_slot,3286_772_387_918_467
R,DETECTION,SUBPIXEL,0
A,3286
S,0,3289,DETECTION,src/tracking/advanced_tracker.py:_activate_slot,3289_855_245_1017_326
S,1,3289,DETECTION,src/tracking/advanced_tracker.py:_activate_slot,3289_951_1136_1035_1206
S,2,3289,DETECTION,src/tracking/advanced_tracker.py:_activate_slot,3289_944_1209_1035_1291
S,3,3289,DETECTION,src/tracking/advanced_tracker.py:_activate_slot,3289_946_817_1035_897
S,4,3289,DETECTION,src/tracking/advanced_tracker.py:_activate_slot,3289_927_1496_1035_1575
S,6,3289,DETECTION,src/tracking/advanced_tracker.py:_activate_slot,3289_773_388_918_469
S,7,3289,DETECTION,src/tracking/advanced_tracker.py:_activate_slot,3289_930_1545_1035_1623
D,0,3289
S,1,3289,PREDICTION,src/tracking/advanced_tracker.py:id_merge,
D,1,3289
S,2,3289,PREDICTION,src/tracking/advanced_tracker.py:id_merge,
D,2,3289
S,3,3289,PREDICTION,src/tracking/advanced_tracker.py:id_merge,
D,3,3289
S,4,3289,PREDICTION,src/tracking/advanced_tracker.py:id_merge,
L,4,3289,PREDICTION,src/tracking/advanced_tracker.py:id_merge,
R,PREDICTION,SUBPIXEL,0
L,6,3289,DETECTION,src/tracking/advanced_tracker.py:_activate_slot,3289_773_388_918_469
R,DETECTION,DETECTION,1
L,7,3289,DETECTION,src/tracking/advanced_tracker.py:_activate_slot,3289_930_1545_1035_1623
R,DETECTION,DETECTION,1
A,3289
S,0,3292,DETECTION,src/tracking/advanced_tracker.py:_activate_slot,3292_855_245_1019_326
S,1,3292,DETECTION,src/tracking/advanced_tracker.py:_activate_slot,3292_951_1136_1035_1206
S,2,3292,DETECTION,src/tracking/advanced_tracker.py:_activate_slot,3292_945_1209_1035_1291
S,3,3292,DETECTION,src/tracking/advanced_tracker.py:_activate_slot,3292_928_1545_1035_1623
S,4,3292,DETECTION,src/tracking/advanced_tracker.py:_activate_slot,3292_927_1500_1035_1578
S,6,3292,DETECTION,src/tracking/advanced_tracker.py:_activate_slot,3292_774_390_918_468
D,0,3292
S,1,3292,PREDICTION,src/tracking/advanced_tracker.py:id_merge,
D,1,3292
S,2,3292,PREDICTION,src/tracking/advanced_tracker.py:id_merge,
D,2,3292
S,3,3292,PREDICTION,src/tracking/advanced_tracker.py:id_merge,
D,3,3292
S,4,3292,PREDICTION,src/tracking/advanced_tracker.py:id_merge,
L,4,3292,PREDICTION,src/tracking/advanced_tracker.py:id_merge,
R,PREDICTION,SUBPIXEL,0
L,6,3292,DETECTION,src/tracking/advanced_tracker.py:_activate_slot,3292_774_390_918_468
R,DETECTION,DETECTION,1
A,3292
S,0,3295,DETECTION,src/tracking/advanced_tracker.py:_activate_slot,3295_856_244_1018_325
S,1,3295,DETECTION,src/tracking/advanced_tracker.py:_activate_slot,3295_951_1135_1035_1207
S,2,3295,DETECTION,src/tracking/advanced_tracker.py:_activate_slot,3295_945_1207_1035_1291
S,3,3295,DETECTION,src/tracking/advanced_tracker.py:_activate_slot,3295_946_819_1035_897
S,4,3295,DETECTION,src/tracking/advanced_tracker.py:_activate_slot,3295_924_1501_1035_1579
S,6,3295,DETECTION,src/tracking/advanced_tracker.py:_activate_slot,3295_775_391_919_468
S,7,3295,DETECTION,src/tracking/advanced_tracker.py:_activate_slot,3295_929_1545_1035_1623
S,5,3295,PREDICTION,src/tracking/advanced_tracker.py:flow_gapfill_batched,
D,0,3295
S,1,3295,PREDICTION,src/tracking/advanced_tracker.py:id_merge,
D,1,3295
S,2,3295,PREDICTION,src/tracking/advanced_tracker.py:id_merge,
D,2,3295
S,3,3295,PREDICTION,src/tracking/advanced_tracker.py:id_merge,
D,3,3295
S,4,3295,PREDICTION,src/tracking/advanced_tracker.py:id_merge,
D,5,3295
S,7,3295,PREDICTION,src/tracking/advanced_tracker.py:id_merge,
L,4,3295,PREDICTION,src/tracking/advanced_tracker.py:id_merge,
R,PREDICTION,SUBPIXEL,0
L,6,3295,DETECTION,src/tracking/advanced_tracker.py:_activate_slot,3295_775_391_919_468
R,DETECTION,DETECTION,1
L,7,3295,PREDICTION,src/tracking/advanced_tracker.py:id_merge,
R,PREDICTION,SUBPIXEL,0
A,3295
S,0,3298,DETECTION,src/tracking/advanced_tracker.py:_activate_slot,3298_856_244_1018_326
S,1,3298,DETECTION,src/tracking/advanced_tracker.py:_activate_slot,3298_951_1137_1035_1207
S,2,3298,DETECTION,src/tracking/advanced_tracker.py:_activate_slot,3298_945_1209_1035_1291
S,3,3298,DETECTION,src/tracking/advanced_tracker.py:_activate_slot,3298_928_1545_1035_1623
S,4,3298,DETECTION,src/tracking/advanced_tracker.py:_activate_slot,3298_925_1500_1035_1578
S,6,3298,DETECTION,src/tracking/advanced_tracker.py:_activate_slot,3298_777_388_918_471
D,0,3298
S,1,3298,PREDICTION,src/tracking/advanced_tracker.py:id_merge,
D,1,3298
S,2,3298,PREDICTION,src/tracking/advanced_tracker.py:id_merge,
D,2,3298
S,3,3298,PREDICTION,src/tracking/advanced_tracker.py:id_merge,
D,3,3298
S,4,3298,PREDICTION,src/tracking/advanced_tracker.py:id_merge,
L,4,3298,PREDICTION,src/tracking/advanced_tracker.py:id_merge,
R,PREDICTION,SUBPIXEL,0
L,6,3298,DETECTION,src/tracking/advanced_tracker.py:_activate_slot,3298_777_388_918_471
R,DETECTION,DETECTION,1
A,3298
S,0,3301,DETECTION,src/tracking/advanced_tracker.py:_activate_slot,3301_855_244_1017_325
S,1,3301,DETECTION,src/tracking/advanced_tracker.py:_activate_slot,3301_951_1135_1034_1207
S,2,3301,DETECTION,src/tracking/advanced_tracker.py:_activate_slot,3301_943_1209_1035_1293
S,3,3301,DETECTION,src/tracking/advanced_tracker.py:_activate_slot,3301_928_1545_1035_1623
S,4,3301,DETECTION,src/tracking/advanced_tracker.py:_activate_slot,3301_924_1501_1035_1579
S,6,3301,DETECTION,src/tracking/advanced_tracker.py:_activate_slot,3301_930_1836_1035_1902
S,8,3301,DETECTION,src/tracking/advanced_tracker.py:_activate_slot,3301_773_395_918_474
S,5,3301,PREDICTION,src/tracking/advanced_tracker.py:flow_gapfill_batched,
D,0,3301
S,1,3301,PREDICTION,src/tracking/advanced_tracker.py:id_merge,
D,1,3301
S,2,3301,PREDICTION,src/tracking/advanced_tracker.py:id_merge,
D,2,3301
S,3,3301,PREDICTION,src/tracking/advanced_tracker.py:id_merge,
D,3,3301
S,4,3301,PREDICTION,src/tracking/advanced_tracker.py:id_merge,
D,5,3301
S,6,3301,PREDICTION,src/tracking/advanced_tracker.py:id_merge,
L,4,3301,PREDICTION,src/tracking/advanced_tracker.py:id_merge,
R,PREDICTION,SUBPIXEL,0
L,6,3301,PREDICTION,src/tracking/advanced_tracker.py:id_merge,
R,PREDICTION,PREDICTION,1
L,8,3301,DETECTION,src/tracking/advanced_tracker.py:_activate_slot,3301_773_395_918_474
R,DETECTION,DETECTION,1
A,3301
S,0,3304,DETECTION,src/tracking/advanced_tracker.py:_activate_slot,3304_856_244_1015_327
S,1,3304,DETECTION,src/tracking/advanced_tracker.py:_activate_slot,3304_951_1135_1035_1209
S,2,3304,DETECTION,src/tracking/advanced_tracker.py:_activate_slot,3304_945_1209_1035_1293
S,3,3304,DETECTION,src/tracking/advanced_tracker.py:_activate_slot,3304_928_1545_1035_1623
S,4,3304,DETECTION,src/tracking/advanced_tracker.py:_activate_slot,3304_923_1503_1035_1581
S,8,3304,DETECTION,src/tracking/advanced_tracker.py:_activate_slot,3304_768_387_917_479
S,5,3304,PREDICTION,src/tracking/advanced_tracker.py:flow_gapfill_batched,
D,0,3304
S,1,3304,PREDICTION,src/tracking/advanced_tracker.py:id_merge,
D,1,3304
S,2,3304,PREDICTION,src/tracking/advanced_tracker.py:id_merge,
D,2,3304
S,3,3304,PREDICTION,src/tracking/advanced_tracker.py:id_merge,
D,3,3304
S,4,3304,PREDICTION,src/tracking/advanced_tracker.py:id_merge,
L,4,3304,PREDICTION,src/tracking/advanced_tracker.py:id_merge,
R,PREDICTION,SUBPIXEL,0
L,5,3304,PREDICTION,src/tracking/advanced_tracker.py:flow_gapfill_batched,
R,PREDICTION,SUBPIXEL,0
L,8,3304,DETECTION,src/tracking/advanced_tracker.py:_activate_slot,3304_768_387_917_479
R,DETECTION,DETECTION,1
A,3304
S,0,3307,DETECTION,src/tracking/advanced_tracker.py:_activate_slot,3307_856_244_1012_327
S,1,3307,DETECTION,src/tracking/advanced_tracker.py:_activate_slot,3307_951_1135_1034_1207
S,2,3307,DETECTION,src/tracking/advanced_tracker.py:_activate_slot,3307_945_1209_1035_1292
S,3,3307,DETECTION,src/tracking/advanced_tracker.py:_activate_slot,3307_928_1545_1035_1623
S,4,3307,DETECTION,src/tracking/advanced_tracker.py:_activate_slot,3307_922_1504_1035_1579
S,8,3307,PREDICTION,src/tracking/advanced_tracker.py:kalman_homography,
S,5,3307,PREDICTION,src/tracking/advanced_tracker.py:flow_gapfill_batched,
S,6,3307,PREDICTION,src/tracking/advanced_tracker.py:flow_gapfill_batched,
D,0,3307
S,1,3307,PREDICTION,src/tracking/advanced_tracker.py:id_merge,
D,1,3307
S,2,3307,PREDICTION,src/tracking/advanced_tracker.py:id_merge,
D,2,3307
S,3,3307,PREDICTION,src/tracking/advanced_tracker.py:id_merge,
D,3,3307
S,4,3307,PREDICTION,src/tracking/advanced_tracker.py:id_merge,
D,5,3307
S,6,3307,PREDICTION,src/tracking/advanced_tracker.py:id_merge,
L,4,3307,PREDICTION,src/tracking/advanced_tracker.py:id_merge,
R,PREDICTION,SUBPIXEL,0
L,6,3307,PREDICTION,src/tracking/advanced_tracker.py:id_merge,
R,PREDICTION,SUBPIXEL,0
L,8,3307,PREDICTION,src/tracking/advanced_tracker.py:kalman_homography,
R,PREDICTION,PREDICTION,1
A,3307
S,0,3310,DETECTION,src/tracking/advanced_tracker.py:_activate_slot,3310_855_244_1015_327
S,1,3310,DETECTION,src/tracking/advanced_tracker.py:_activate_slot,3310_951_1136_1035_1208
S,2,3310,DETECTION,src/tracking/advanced_tracker.py:_activate_slot,3310_945_1210_1035_1291
S,3,3310,DETECTION,src/tracking/advanced_tracker.py:_activate_slot,3310_928_1545_1035_1623
S,4,3310,DETECTION,src/tracking/advanced_tracker.py:_activate_slot,3310_921_1504_1035_1579
S,8,3310,PREDICTION,src/tracking/advanced_tracker.py:kalman_homography,
S,5,3310,PREDICTION,src/tracking/advanced_tracker.py:flow_gapfill_batched,
D,0,3310
S,1,3310,PREDICTION,src/tracking/advanced_tracker.py:id_merge,
D,1,3310
S,2,3310,PREDICTION,src/tracking/advanced_tracker.py:id_merge,
D,2,3310
S,3,3310,PREDICTION,src/tracking/advanced_tracker.py:id_merge,
D,3,3310
S,4,3310,PREDICTION,src/tracking/advanced_tracker.py:id_merge,
L,4,3310,PREDICTION,src/tracking/advanced_tracker.py:id_merge,
R,PREDICTION,SUBPIXEL,0
L,5,3310,PREDICTION,src/tracking/advanced_tracker.py:flow_gapfill_batched,
R,PREDICTION,SUBPIXEL,0
L,8,3310,PREDICTION,src/tracking/advanced_tracker.py:kalman_homography,
R,PREDICTION,PREDICTION,1
A,3310
S,0,3313,DETECTION,src/tracking/advanced_tracker.py:_activate_slot,3313_853_243_1014_328
S,1,3313,DETECTION,src/tracking/advanced_tracker.py:_activate_slot,3313_952_1135_1033_1207
S,2,3313,DETECTION,src/tracking/advanced_tracker.py:_activate_slot,3313_943_1209_1035_1291
S,3,3313,DETECTION,src/tracking/advanced_tracker.py:_activate_slot,3313_926_1543_1035_1621
S,4,3313,DETECTION,src/tracking/advanced_tracker.py:_activate_slot,3313_921_1504_1035_1579
S,8,3313,PREDICTION,src/tracking/advanced_tracker.py:kalman_homography,
S,7,3313,PREDICTION,src/tracking/advanced_tracker.py:flow_gapfill_batched,
D,0,3313
S,1,3313,PREDICTION,src/tracking/advanced_tracker.py:id_merge,
D,1,3313
S,2,3313,PREDICTION,src/tracking/advanced_tracker.py:id_merge,
D,2,3313
S,3,3313,PREDICTION,src/tracking/advanced_tracker.py:id_merge,
D,3,3313
S,4,3313,PREDICTION,src/tracking/advanced_tracker.py:id_merge,
L,4,3313,PREDICTION,src/tracking/advanced_tracker.py:id_merge,
R,PREDICTION,SUBPIXEL,0
L,7,3313,PREDICTION,src/tracking/advanced_tracker.py:flow_gapfill_batched,
R,PREDICTION,SUBPIXEL,0
L,8,3313,PREDICTION,src/tracking/advanced_tracker.py:kalman_homography,
R,PREDICTION,PREDICTION,1
A,3313
S,0,3316,DETECTION,src/tracking/advanced_tracker.py:_activate_slot,3316_853_242_1021_329
S,1,3316,DETECTION,src/tracking/advanced_tracker.py:_activate_slot,3316_951_1135_1034_1207
S,2,3316,DETECTION,src/tracking/advanced_tracker.py:_activate_slot,3316_943_1209_1035_1293
S,3,3316,DETECTION,src/tracking/advanced_tracker.py:_activate_slot,3316_924_1543_1035_1621
S,4,3316,DETECTION,src/tracking/advanced_tracker.py:_activate_slot,3316_921_1503_1035_1581
S,8,3316,DETECTION,src/tracking/advanced_tracker.py:_activate_slot,3316_769_404_916_485
S,7,3316,PREDICTION,src/tracking/advanced_tracker.py:flow_gapfill_batched,
D,0,3316
S,1,3316,PREDICTION,src/tracking/advanced_tracker.py:id_merge,
D,1,3316
S,2,3316,PREDICTION,src/tracking/advanced_tracker.py:id_merge,
D,2,3316
S,3,3316,PREDICTION,src/tracking/advanced_tracker.py:id_merge,
D,3,3316
S,4,3316,PREDICTION,src/tracking/advanced_tracker.py:id_merge,
L,4,3316,PREDICTION,src/tracking/advanced_tracker.py:id_merge,
R,PREDICTION,SUBPIXEL,0
L,7,3316,PREDICTION,src/tracking/advanced_tracker.py:flow_gapfill_batched,
R,PREDICTION,SUBPIXEL,0
L,8,3316,DETECTION,src/tracking/advanced_tracker.py:_activate_slot,3316_769_404_916_485
R,DETECTION,DETECTION,1
A,3316
S,0,3319,DETECTION,src/tracking/advanced_tracker.py:_activate_slot,3319_853_242_1024_328
S,1,3319,DETECTION,src/tracking/advanced_tracker.py:_activate_slot,3319_952_1135_1035_1207
S,2,3319,DETECTION,src/tracking/advanced_tracker.py:_activate_slot,3319_943_1209_1035_1292
S,3,3319,DETECTION,src/tracking/advanced_tracker.py:_activate_slot,3319_871_1779_1033_1863
S,4,3319,DETECTION,src/tracking/advanced_tracker.py:_activate_slot,3319_919_1504_1035_1582
S,8,3319,PREDICTION,src/tracking/advanced_tracker.py:kalman_homography,
S,6,3319,PREDICTION,src/tracking/advanced_tracker.py:flow_gapfill_batched,
D,0,3319
S,1,3319,PREDICTION,src/tracking/advanced_tracker.py:id_merge,
D,1,3319
S,2,3319,PREDICTION,src/tracking/advanced_tracker.py:id_merge,
D,2,3319
S,3,3319,PREDICTION,src/tracking/advanced_tracker.py:id_merge,
D,3,3319
S,4,3319,PREDICTION,src/tracking/advanced_tracker.py:id_merge,
L,4,3319,PREDICTION,src/tracking/advanced_tracker.py:id_merge,
R,PREDICTION,SUBPIXEL,0
L,6,3319,PREDICTION,src/tracking/advanced_tracker.py:flow_gapfill_batched,
R,PREDICTION,SUBPIXEL,0
L,8,3319,PREDICTION,src/tracking/advanced_tracker.py:kalman_homography,
R,PREDICTION,PREDICTION,1
A,3319
S,0,3322,DETECTION,src/tracking/advanced_tracker.py:_activate_slot,3322_854_242_1020_328
S,1,3322,DETECTION,src/tracking/advanced_tracker.py:_activate_slot,3322_951_1136_1035_1206
S,2,3322,DETECTION,src/tracking/advanced_tracker.py:_activate_slot,3322_943_1209_1035_1292
S,3,3322,DETECTION,src/tracking/advanced_tracker.py:_activate_slot,3322_873_1779_1033_1863
S,4,3322,DETECTION,src/tracking/advanced_tracker.py:_activate_slot,3322_920_1505_1035_1584
S,8,3322,DETECTION,src/tracking/advanced_tracker.py:_activate_slot,3322_766_404_916_486
S,6,3322,PREDICTION,src/tracking/advanced_tracker.py:flow_gapfill_batched,
D,0,3322
S,1,3322,PREDICTION,src/tracking/advanced_tracker.py:id_merge,
D,1,3322
S,2,3322,PREDICTION,src/tracking/advanced_tracker.py:id_merge,
D,2,3322
S,3,3322,PREDICTION,src/tracking/advanced_tracker.py:id_merge,
D,3,3322
S,4,3322,PREDICTION,src/tracking/advanced_tracker.py:id_merge,
L,4,3322,PREDICTION,src/tracking/advanced_tracker.py:id_merge,
R,PREDICTION,SUBPIXEL,0
L,6,3322,PREDICTION,src/tracking/advanced_tracker.py:flow_gapfill_batched,
R,PREDICTION,SUBPIXEL,0
L,8,3322,DETECTION,src/tracking/advanced_tracker.py:_activate_slot,3322_766_404_916_486
R,DETECTION,DETECTION,1
A,3322
S,0,3325,DETECTION,src/tracking/advanced_tracker.py:_activate_slot,3325_854_241_1013_328
S,1,3325,DETECTION,src/tracking/advanced_tracker.py:_activate_slot,3325_951_1137_1035_1206
S,2,3325,DETECTION,src/tracking/advanced_tracker.py:_activate_slot,3325_943_1208_1035_1292
S,3,3325,DETECTION,src/tracking/advanced_tracker.py:_activate_slot,3325_873_1779_1033_1857
S,4,3325,DETECTION,src/tracking/advanced_tracker.py:_activate_slot,3325_922_1503_1035_1581
S,8,3325,PREDICTION,src/tracking/advanced_tracker.py:kalman_homography,
S,6,3325,PREDICTION,src/tracking/advanced_tracker.py:flow_gapfill_batched,
D,0,3325
S,1,3325,PREDICTION,src/tracking/advanced_tracker.py:id_merge,
D,1,3325
S,2,3325,PREDICTION,src/tracking/advanced_tracker.py:id_merge,
D,2,3325
S,3,3325,PREDICTION,src/tracking/advanced_tracker.py:id_merge,
D,3,3325
S,4,3325,PREDICTION,src/tracking/advanced_tracker.py:id_merge,
L,4,3325,PREDICTION,src/tracking/advanced_tracker.py:id_merge,
R,PREDICTION,SUBPIXEL,0
L,6,3325,PREDICTION,src/tracking/advanced_tracker.py:flow_gapfill_batched,
R,PREDICTION,SUBPIXEL,0
L,8,3325,PREDICTION,src/tracking/advanced_tracker.py:kalman_homography,
R,PREDICTION,PREDICTION,1
A,3325
S,0,3328,DETECTION,src/tracking/advanced_tracker.py:_activate_slot,3328_855_243_1011_326
S,1,3328,DETECTION,src/tracking/advanced_tracker.py:_activate_slot,3328_951_1136_1035_1206
S,2,3328,DETECTION,src/tracking/advanced_tracker.py:_activate_slot,3328_944_1209_1035_1291
S,3,3328,DETECTION,src/tracking/advanced_tracker.py:_activate_slot,3328_874_1777_1033_1858
S,4,3328,DETECTION,src/tracking/advanced_tracker.py:_activate_slot,3328_922_1503_1035_1581
S,8,3328,PREDICTION,src/tracking/advanced_tracker.py:kalman_homography,
D,0,3328
S,1,3328,PREDICTION,src/tracking/advanced_tracker.py:id_merge,
D,1,3328
S,2,3328,PREDICTION,src/tracking/advanced_tracker.py:id_merge,
D,2,3328
S,3,3328,PREDICTION,src/tracking/advanced_tracker.py:id_merge,
D,3,3328
S,4,3328,PREDICTION,src/tracking/advanced_tracker.py:id_merge,
L,4,3328,PREDICTION,src/tracking/advanced_tracker.py:id_merge,
R,PREDICTION,SUBPIXEL,0
L,8,3328,PREDICTION,src/tracking/advanced_tracker.py:kalman_homography,
R,PREDICTION,PREDICTION,1
A,3328
S,0,3331,DETECTION,src/tracking/advanced_tracker.py:_activate_slot,3331_855_242_1017_326
S,1,3331,DETECTION,src/tracking/advanced_tracker.py:_activate_slot,3331_915_1743_1035_1815
S,2,3331,DETECTION,src/tracking/advanced_tracker.py:_activate_slot,3331_944_1209_1035_1293
S,3,3331,DETECTION,src/tracking/advanced_tracker.py:_activate_slot,3331_873_1779_1032_1860
S,4,3331,DETECTION,src/tracking/advanced_tracker.py:_activate_slot,3331_922_1501_1035_1579
S,8,3331,DETECTION,src/tracking/advanced_tracker.py:_activate_slot,3331_768_408_918_486
D,0,3331
S,1,3331,PREDICTION,src/tracking/advanced_tracker.py:id_merge,
D,1,3331
S,2,3331,PREDICTION,src/tracking/advanced_tracker.py:id_merge,
D,2,3331
S,3,3331,PREDICTION,src/tracking/advanced_tracker.py:id_merge,
D,3,3331
S,4,3331,PREDICTION,src/tracking/advanced_tracker.py:id_merge,
L,4,3331,PREDICTION,src/tracking/advanced_tracker.py:id_merge,
R,PREDICTION,SUBPIXEL,0
L,8,3331,DETECTION,src/tracking/advanced_tracker.py:_activate_slot,3331_768_408_918_486
R,DETECTION,DETECTION,1
A,3331
S,0,3334,DETECTION,src/tracking/advanced_tracker.py:_activate_slot,3334_855_243_1017_326
S,1,3334,DETECTION,src/tracking/advanced_tracker.py:_activate_slot,3334_952_1137_1033_1206
S,2,3334,DETECTION,src/tracking/advanced_tracker.py:_activate_slot,3334_944_1210_1035_1291
S,3,3334,DETECTION,src/tracking/advanced_tracker.py:_activate_slot,3334_873_1779_1032_1860
S,4,3334,DETECTION,src/tracking/advanced_tracker.py:_activate_slot,3334_927_1500_1035_1578
S,8,3334,DETECTION,src/tracking/advanced_tracker.py:_activate_slot,3334_768_408_918_485
S,5,3334,DETECTION,src/tracking/advanced_tracker.py:_activate_slot,3334_928_1542_1035_1620
D,0,3334
S,1,3334,PREDICTION,src/tracking/advanced_tracker.py:id_merge,
D,1,3334
S,2,3334,PREDICTION,src/tracking/advanced_tracker.py:id_merge,
D,2,3334
S,3,3334,PREDICTION,src/tracking/advanced_tracker.py:id_merge,
D,3,3334
S,4,3334,PREDICTION,src/tracking/advanced_tracker.py:id_merge,
L,4,3334,PREDICTION,src/tracking/advanced_tracker.py:id_merge,
R,PREDICTION,SUBPIXEL,0
L,5,3334,DETECTION,src/tracking/advanced_tracker.py:_activate_slot,3334_928_1542_1035_1620
R,DETECTION,SUBPIXEL,0
L,8,3334,DETECTION,src/tracking/advanced_tracker.py:_activate_slot,3334_768_408_918_485
R,DETECTION,DETECTION,1
A,3334
S,0,3337,DETECTION,src/tracking/advanced_tracker.py:_activate_slot,3337_855_242_1023_327
S,1,3337,DETECTION,src/tracking/advanced_tracker.py:_activate_slot,3337_952_1137_1033_1206
S,2,3337,DETECTION,src/tracking/advanced_tracker.py:_activate_slot,3337_943_1209_1035_1292
S,3,3337,DETECTION,src/tracking/advanced_tracker.py:_activate_slot,3337_873_1777_1033_1858
S,4,3337,DETECTION,src/tracking/advanced_tracker.py:_activate_slot,3337_924_1500_1035_1578
S,5,3337,DETECTION,src/tracking/advanced_tracker.py:_activate_slot,3337_928_1542_1035_1620
S,8,3337,DETECTION,src/tracking/advanced_tracker.py:_activate_slot,3337_768_409_919_484
D,0,3337
S,1,3337,PREDICTION,src/tracking/advanced_tracker.py:id_merge,
D,1,3337
S,2,3337,PREDICTION,src/tracking/advanced_tracker.py:id_merge,
D,2,3337
S,3,3337,PREDICTION,src/tracking/advanced_tracker.py:id_merge,
D,3,3337
S,4,3337,PREDICTION,src/tracking/advanced_tracker.py:id_merge,
L,4,3337,PREDICTION,src/tracking/advanced_tracker.py:id_merge,
R,PREDICTION,SUBPIXEL,0
L,5,3337,DETECTION,src/tracking/advanced_tracker.py:_activate_slot,3337_928_1542_1035_1620
R,DETECTION,SUBPIXEL,0
L,8,3337,DETECTION,src/tracking/advanced_tracker.py:_activate_slot,3337_768_409_919_484
R,DETECTION,DETECTION,1
A,3337
S,0,3340,DETECTION,src/tracking/advanced_tracker.py:_activate_slot,3340_855_243_1023_326
S,1,3340,DETECTION,src/tracking/advanced_tracker.py:_activate_slot,3340_952_1136_1033_1206
S,2,3340,DETECTION,src/tracking/advanced_tracker.py:_activate_slot,3340_945_1209_1035_1292
S,3,3340,DETECTION,src/tracking/advanced_tracker.py:_activate_slot,3340_873_1779_1033_1863
S,4,3340,DETECTION,src/tracking/advanced_tracker.py:_activate_slot,3340_925_1500_1035_1578
S,5,3340,DETECTION,src/tracking/advanced_tracker.py:_activate_slot,3340_927_1545_1035_1623
S,8,3340,DETECTION,src/tracking/advanced_tracker.py:_activate_slot,3340_769_408_919_484
D,0,3340
S,1,3340,PREDICTION,src/tracking/advanced_tracker.py:id_merge,
D,1,3340
S,2,3340,PREDICTION,src/tracking/advanced_tracker.py:id_merge,
D,2,3340
S,3,3340,PREDICTION,src/tracking/advanced_tracker.py:id_merge,
D,3,3340
S,4,3340,PREDICTION,src/tracking/advanced_tracker.py:id_merge,
L,4,3340,PREDICTION,src/tracking/advanced_tracker.py:id_merge,
R,PREDICTION,SUBPIXEL,0
L,5,3340,DETECTION,src/tracking/advanced_tracker.py:_activate_slot,3340_927_1545_1035_1623
R,DETECTION,SUBPIXEL,0
L,8,3340,DETECTION,src/tracking/advanced_tracker.py:_activate_slot,3340_769_408_919_484
R,DETECTION,SUBPIXEL,0
A,3340
S,0,3343,DETECTION,src/tracking/advanced_tracker.py:_activate_slot,3343_855_243_1029_327
S,1,3343,DETECTION,src/tracking/advanced_tracker.py:_activate_slot,3343_951_1137_1034_1206
S,2,3343,DETECTION,src/tracking/advanced_tracker.py:_activate_slot,3343_945_1209_1035_1292
S,3,3343,DETECTION,src/tracking/advanced_tracker.py:_activate_slot,3343_873_1779_1032_1863
S,4,3343,DETECTION,src/tracking/advanced_tracker.py:_activate_slot,3343_926_1500_1034_1575
S,8,3343,DETECTION,src/tracking/advanced_tracker.py:_activate_slot,3343_769_409_919_484
D,0,3343
S,1,3343,PREDICTION,src/tracking/advanced_tracker.py:id_merge,
D,1,3343
S,2,3343,PREDICTION,src/tracking/advanced_tracker.py:id_merge,
D,2,3343
S,3,3343,PREDICTION,src/tracking/advanced_tracker.py:id_merge,
D,3,3343
S,4,3343,PREDICTION,src/tracking/advanced_tracker.py:id_merge,
L,4,3343,PREDICTION,src/tracking/advanced_tracker.py:id_merge,
R,PREDICTION,SUBPIXEL,0
L,8,3343,DETECTION,src/tracking/advanced_tracker.py:_activate_slot,3343_769_409_919_484
R,DETECTION,SUBPIXEL,0
A,3343
S,0,3346,DETECTION,src/tracking/advanced_tracker.py:_activate_slot,3346_855_243_1023_325
S,1,3346,DETECTION,src/tracking/advanced_tracker.py:_activate_slot,3346_952_1135_1033_1207
S,2,3346,DETECTION,src/tracking/advanced_tracker.py:_activate_slot,3346_943_1209_1035_1292
S,3,3346,DETECTION,src/tracking/advanced_tracker.py:_activate_slot,3346_873_1779_1032_1863
S,4,3346,DETECTION,src/tracking/advanced_tracker.py:_activate_slot,3346_924_1498_1035_1573
S,5,3346,DETECTION,src/tracking/advanced_tracker.py:_activate_slot,3346_925_1543_1035_1621
S,8,3346,DETECTION,src/tracking/advanced_tracker.py:_activate_slot,3346_768_410_918_483
S,6,3346,DETECTION,src/tracking/advanced_tracker.py:_activate_slot,3346_766_394_915_484
D,0,3346
S,1,3346,PREDICTION,src/tracking/advanced_tracker.py:id_merge,
D,1,3346
S,2,3346,PREDICTION,src/tracking/advanced_tracker.py:id_merge,
D,2,3346
S,3,3346,PREDICTION,src/tracking/advanced_tracker.py:id_merge,
D,3,3346
S,4,3346,PREDICTION,src/tracking/advanced_tracker.py:id_merge,
D,6,3346
S,8,3346,PREDICTION,src/tracking/advanced_tracker.py:id_merge,
L,4,3346,PREDICTION,src/tracking/advanced_tracker.py:id_merge,
R,PREDICTION,SUBPIXEL,0
L,5,3346,DETECTION,src/tracking/advanced_tracker.py:_activate_slot,3346_925_1543_1035_1621
R,DETECTION,SUBPIXEL,0
L,8,3346,PREDICTION,src/tracking/advanced_tracker.py:id_merge,
R,PREDICTION,PREDICTION,1
A,3346
S,0,3349,DETECTION,src/tracking/advanced_tracker.py:_activate_slot,3349_852_242_1032_327
S,1,3349,DETECTION,src/tracking/advanced_tracker.py:_activate_slot,3349_951_1135_1035_1207
S,2,3349,DETECTION,src/tracking/advanced_tracker.py:_activate_slot,3349_943_1209_1035_1292
S,3,3349,DETECTION,src/tracking/advanced_tracker.py:_activate_slot,3349_873_1780_1032_1861
S,4,3349,DETECTION,src/tracking/advanced_tracker.py:_activate_slot,3349_925_1497_1033_1573
S,8,3349,DETECTION,src/tracking/advanced_tracker.py:_activate_slot,3349_925_1543_1035_1621
S,6,3349,DETECTION,src/tracking/advanced_tracker.py:_activate_slot,3349_765_393_914_486
S,7,3349,DETECTION,src/tracking/advanced_tracker.py:_activate_slot,3349_767_410_918_484
D,0,3349
S,1,3349,PREDICTION,src/tracking/advanced_tracker.py:id_merge,
D,1,3349
S,2,3349,PREDICTION,src/tracking/advanced_tracker.py:id_merge,
D,2,3349
S,3,3349,PREDICTION,src/tracking/advanced_tracker.py:id_merge,
D,3,3349
S,4,3349,PREDICTION,src/tracking/advanced_tracker.py:id_merge,
D,6,3349
S,7,3349,PREDICTION,src/tracking/advanced_tracker.py:id_merge,
L,4,3349,PREDICTION,src/tracking/advanced_tracker.py:id_merge,
R,PREDICTION,PREDICTION,1
L,7,3349,PREDICTION,src/tracking/advanced_tracker.py:id_merge,
R,PREDICTION,PREDICTION,1
L,8,3349,DETECTION,src/tracking/advanced_tracker.py:_activate_slot,3349_925_1543_1035_1621
R,DETECTION,DETECTION,1
A,3349
S,0,3352,DETECTION,src/tracking/advanced_tracker.py:_activate_slot,3352_852_241_1029_328
S,1,3352,DETECTION,src/tracking/advanced_tracker.py:_activate_slot,3352_951_1135_1035_1207
S,2,3352,DETECTION,src/tracking/advanced_tracker.py:_activate_slot,3352_943_1209_1035_1292
S,3,3352,DETECTION,src/tracking/advanced_tracker.py:_activate_slot,3352_873_1780_1029_1861
S,4,3352,DETECTION,src/tracking/advanced_tracker.py:_activate_slot,3352_924_1495_1034_1573
S,7,3352,DETECTION,src/tracking/advanced_tracker.py:_activate_slot,3352_768_405_921_486
S,6,3352,PREDICTION,src/tracking/advanced_tracker.py:kalman_homography,
D,0,3352
S,1,3352,PREDICTION,src/tracking/advanced_tracker.py:id_merge,
D,1,3352
S,2,3352,PREDICTION,src/tracking/advanced_tracker.py:id_merge,
D,2,3352
S,3,3352,PREDICTION,src/tracking/advanced_tracker.py:id_merge,
D,3,3352
S,4,3352,PREDICTION,src/tracking/advanced_tracker.py:id_merge,
D,6,3352
S,7,3352,PREDICTION,src/tracking/advanced_tracker.py:id_merge,
L,4,3352,PREDICTION,src/tracking/advanced_tracker.py:id_merge,
R,PREDICTION,PREDICTION,1
L,7,3352,PREDICTION,src/tracking/advanced_tracker.py:id_merge,
R,PREDICTION,PREDICTION,1
A,3352
S,0,3355,DETECTION,src/tracking/advanced_tracker.py:_activate_slot,3355_852_241_1029_330
S,1,3355,DETECTION,src/tracking/advanced_tracker.py:_activate_slot,3355_951_1135_1035_1207
S,2,3355,DETECTION,src/tracking/advanced_tracker.py:_activate_slot,3355_944_1209_1035_1292
S,3,3355,DETECTION,src/tracking/advanced_tracker.py:_activate_slot,3355_874_1780_1030_1861
S,4,3355,DETECTION,src/tracking/advanced_tracker.py:_activate_slot,3355_924_1495_1035_1573
S,8,3355,DETECTION,src/tracking/advanced_tracker.py:_activate_slot,3355_924_1543_1035_1621
S,6,3355,PREDICTION,src/tracking/advanced_tracker.py:kalman_homography,
S,7,3355,PREDICTION,src/tracking/advanced_tracker.py:kalman_homography,
S,5,3355,PREDICTION,src/tracking/advanced_tracker.py:flow_gapfill_batched,
D,0,3355
S,1,3355,PREDICTION,src/tracking/advanced_tracker.py:id_merge,
D,1,3355
S,2,3355,PREDICTION,src/tracking/advanced_tracker.py:id_merge,
D,2,3355
S,3,3355,PREDICTION,src/tracking/advanced_tracker.py:id_merge,
D,3,3355
S,4,3355,PREDICTION,src/tracking/advanced_tracker.py:id_merge,
D,5,3355
S,8,3355,PREDICTION,src/tracking/advanced_tracker.py:id_merge,
D,6,3355
S,7,3355,PREDICTION,src/tracking/advanced_tracker.py:id_merge,
L,4,3355,PREDICTION,src/tracking/advanced_tracker.py:id_merge,
R,PREDICTION,SUBPIXEL,0
L,7,3355,PREDICTION,src/tracking/advanced_tracker.py:id_merge,
R,PREDICTION,PREDICTION,1
L,8,3355,PREDICTION,src/tracking/advanced_tracker.py:id_merge,
R,PREDICTION,SUBPIXEL,0
A,3355
S,0,3358,DETECTION,src/tracking/advanced_tracker.py:_activate_slot,3358_852_241_1029_330
S,1,3358,DETECTION,src/tracking/advanced_tracker.py:_activate_slot,3358_951_1135_1034_1207
S,2,3358,DETECTION,src/tracking/advanced_tracker.py:_activate_slot,3358_944_1209_1035_1293
S,3,3358,DETECTION,src/tracking/advanced_tracker.py:_activate_slot,3358_873_1780_1029_1861
S,4,3358,DETECTION,src/tracking/advanced_tracker.py:_activate_slot,3358_925_1495_1033_1572
S,8,3358,DETECTION,src/tracking/advanced_tracker.py:_activate_slot,3358_924_1543_1035_1621
S,6,3358,PREDICTION,src/tracking/advanced_tracker.py:kalman_homography,
S,7,3358,PREDICTION,src/tracking/advanced_tracker.py:kalman_homography,
S,5,3358,PREDICTION,src/tracking/advanced_tracker.py:flow_gapfill_batched,
D,0,3358
S,1,3358,PREDICTION,src/tracking/advanced_tracker.py:id_merge,
D,1,3358
S,2,3358,PREDICTION,src/tracking/advanced_tracker.py:id_merge,
D,2,3358
S,3,3358,PREDICTION,src/tracking/advanced_tracker.py:id_merge,
D,3,3358
S,4,3358,PREDICTION,src/tracking/advanced_tracker.py:id_merge,
D,5,3358
S,8,3358,PREDICTION,src/tracking/advanced_tracker.py:id_merge,
D,6,3358
S,7,3358,PREDICTION,src/tracking/advanced_tracker.py:id_merge,
L,4,3358,PREDICTION,src/tracking/advanced_tracker.py:id_merge,
R,PREDICTION,PREDICTION,1
L,7,3358,PREDICTION,src/tracking/advanced_tracker.py:id_merge,
R,PREDICTION,PREDICTION,1
L,8,3358,PREDICTION,src/tracking/advanced_tracker.py:id_merge,
R,PREDICTION,SUBPIXEL,0
A,3358
S,0,3361,DETECTION,src/tracking/advanced_tracker.py:_activate_slot,3361_854_243_1025_328
S,1,3361,DETECTION,src/tracking/advanced_tracker.py:_activate_slot,3361_951_1135_1035_1207
S,2,3361,DETECTION,src/tracking/advanced_tracker.py:_activate_slot,3361_943_1209_1035_1293
S,3,3361,DETECTION,src/tracking/advanced_tracker.py:_activate_slot,3361_873_1780_1029_1861
S,4,3361,DETECTION,src/tracking/advanced_tracker.py:_activate_slot,3361_925_1497_1035_1573
S,8,3361,DETECTION,src/tracking/advanced_tracker.py:_activate_slot,3361_924_1543_1035_1621
S,6,3361,PREDICTION,src/tracking/advanced_tracker.py:kalman_homography,
S,7,3361,PREDICTION,src/tracking/advanced_tracker.py:kalman_homography,
S,5,3361,PREDICTION,src/tracking/advanced_tracker.py:flow_gapfill_batched,
D,0,3361
S,1,3361,PREDICTION,src/tracking/advanced_tracker.py:id_merge,
D,1,3361
S,2,3361,PREDICTION,src/tracking/advanced_tracker.py:id_merge,
D,2,3361
S,3,3361,PREDICTION,src/tracking/advanced_tracker.py:id_merge,
D,3,3361
S,4,3361,PREDICTION,src/tracking/advanced_tracker.py:id_merge,
D,5,3361
S,7,3361,PREDICTION,src/tracking/advanced_tracker.py:id_merge,
D,6,3361
S,7,3361,PREDICTION,src/tracking/advanced_tracker.py:id_merge,
D,7,3361
S,8,3361,PREDICTION,src/tracking/advanced_tracker.py:id_merge,
L,4,3361,PREDICTION,src/tracking/advanced_tracker.py:id_merge,
R,PREDICTION,PREDICTION,1
L,8,3361,PREDICTION,src/tracking/advanced_tracker.py:id_merge,
R,PREDICTION,SUBPIXEL,0
A,3361
S,0,3364,DETECTION,src/tracking/advanced_tracker.py:_activate_slot,3364_854_243_1025_328
S,1,3364,DETECTION,src/tracking/advanced_tracker.py:_activate_slot,3364_951_1135_1034_1207
S,2,3364,DETECTION,src/tracking/advanced_tracker.py:_activate_slot,3364_943_1207_1035_1291
S,3,3364,DETECTION,src/tracking/advanced_tracker.py:_activate_slot,3364_873_1779_1029_1863
S,4,3364,DETECTION,src/tracking/advanced_tracker.py:_activate_slot,3364_925_1498_1035_1572
S,8,3364,DETECTION,src/tracking/advanced_tracker.py:_activate_slot,3364_924_1543_1035_1621
S,6,3364,PREDICTION,src/tracking/advanced_tracker.py:kalman_homography,
S,7,3364,PREDICTION,src/tracking/advanced_tracker.py:kalman_homography,
S,5,3364,PREDICTION,src/tracking/advanced_tracker.py:flow_gapfill_batched,
D,0,3364
S,1,3364,PREDICTION,src/tracking/advanced_tracker.py:id_merge,
D,1,3364
S,2,3364,PREDICTION,src/tracking/advanced_tracker.py:id_merge,
D,2,3364
S,3,3364,PREDICTION,src/tracking/advanced_tracker.py:id_merge,
D,3,3364
S,4,3364,PREDICTION,src/tracking/advanced_tracker.py:id_merge,
D,5,3364
S,7,3364,PREDICTION,src/tracking/advanced_tracker.py:id_merge,
D,6,3364
S,7,3364,PREDICTION,src/tracking/advanced_tracker.py:id_merge,
D,7,3364
S,8,3364,PREDICTION,src/tracking/advanced_tracker.py:id_merge,
L,4,3364,PREDICTION,src/tracking/advanced_tracker.py:id_merge,
R,PREDICTION,SUBPIXEL,0
L,8,3364,PREDICTION,src/tracking/advanced_tracker.py:id_merge,
R,PREDICTION,SUBPIXEL,0
A,3364
S,0,3367,DETECTION,src/tracking/advanced_tracker.py:_activate_slot,3367_855_243_1023_328
S,1,3367,DETECTION,src/tracking/advanced_tracker.py:_activate_slot,3367_951_1135_1034_1207
S,2,3367,DETECTION,src/tracking/advanced_tracker.py:_activate_slot,3367_943_1207_1035_1291
S,3,3367,DETECTION,src/tracking/advanced_tracker.py:_activate_slot,3367_873_1779_1031_1863
S,4,3367,DETECTION,src/tracking/advanced_tracker.py:_activate_slot,3367_924_1498_1035_1570
S,8,3367,DETECTION,src/tracking/advanced_tracker.py:_activate_slot,3367_924_1542_1035_1620
S,6,3367,PREDICTION,src/tracking/advanced_tracker.py:kalman_homography,
S,7,3367,PREDICTION,src/tracking/advanced_tracker.py:kalman_homography,
S,5,3367,PREDICTION,src/tracking/advanced_tracker.py:flow_gapfill_batched,
D,0,3367
S,1,3367,PREDICTION,src/tracking/advanced_tracker.py:id_merge,
D,1,3367
S,2,3367,PREDICTION,src/tracking/advanced_tracker.py:id_merge,
D,2,3367
S,3,3367,PREDICTION,src/tracking/advanced_tracker.py:id_merge,
D,3,3367
S,4,3367,PREDICTION,src/tracking/advanced_tracker.py:id_merge,
D,5,3367
S,7,3367,PREDICTION,src/tracking/advanced_tracker.py:id_merge,
D,6,3367
S,7,3367,PREDICTION,src/tracking/advanced_tracker.py:id_merge,
D,7,3367
S,8,3367,PREDICTION,src/tracking/advanced_tracker.py:id_merge,
L,4,3367,PREDICTION,src/tracking/advanced_tracker.py:id_merge,
R,PREDICTION,SUBPIXEL,0
L,8,3367,PREDICTION,src/tracking/advanced_tracker.py:id_merge,
R,PREDICTION,SUBPIXEL,0
A,3367
S,0,3370,DETECTION,src/tracking/advanced_tracker.py:_activate_slot,3370_855_243_1026_328
S,1,3370,DETECTION,src/tracking/advanced_tracker.py:_activate_slot,3370_952_1135_1033_1207
S,2,3370,DETECTION,src/tracking/advanced_tracker.py:_activate_slot,3370_942_1206_1035_1290
S,3,3370,DETECTION,src/tracking/advanced_tracker.py:_activate_slot,3370_874_1779_1030_1863
S,4,3370,DETECTION,src/tracking/advanced_tracker.py:_activate_slot,3370_924_1498_1035_1572
S,6,3370,PREDICTION,src/tracking/advanced_tracker.py:kalman_homography,
S,7,3370,PREDICTION,src/tracking/advanced_tracker.py:kalman_homography,
D,0,3370
S,1,3370,PREDICTION,src/tracking/advanced_tracker.py:id_merge,
D,1,3370
S,2,3370,PREDICTION,src/tracking/advanced_tracker.py:id_merge,
D,2,3370
S,3,3370,PREDICTION,src/tracking/advanced_tracker.py:id_merge,
D,3,3370
S,4,3370,PREDICTION,src/tracking/advanced_tracker.py:id_merge,
D,6,3370
S,7,3370,PREDICTION,src/tracking/advanced_tracker.py:id_merge,
L,4,3370,PREDICTION,src/tracking/advanced_tracker.py:id_merge,
R,PREDICTION,SUBPIXEL,0
L,7,3370,PREDICTION,src/tracking/advanced_tracker.py:id_merge,
R,PREDICTION,PREDICTION,1
A,3370
S,0,3373,DETECTION,src/tracking/advanced_tracker.py:_activate_slot,3373_855_243_1024_329
S,1,3373,DETECTION,src/tracking/advanced_tracker.py:_activate_slot,3373_952_1135_1033_1206
S,2,3373,DETECTION,src/tracking/advanced_tracker.py:_activate_slot,3373_942_1205_1035_1290
S,3,3373,DETECTION,src/tracking/advanced_tracker.py:_activate_slot,3373_873_1779_1032_1863
S,4,3373,DETECTION,src/tracking/advanced_tracker.py:_activate_slot,3373_922_1498_1035_1573
S,8,3373,DETECTION,src/tracking/advanced_tracker.py:_activate_slot,3373_922_1545_1035_1623
S,7,3373,PREDICTION,src/tracking/advanced_tracker.py:kalman_homography,
S,6,3373,PREDICTION,src/tracking/advanced_tracker.py:flow_gapfill_batched,
D,0,3373
S,1,3373,PREDICTION,src/tracking/advanced_tracker.py:id_merge,
D,1,3373
S,2,3373,PREDICTION,src/tracking/advanced_tracker.py:id_merge,
D,2,3373
S,3,3373,PREDICTION,src/tracking/advanced_tracker.py:id_merge,
D,3,3373
S,4,3373,PREDICTION,src/tracking/advanced_tracker.py:id_merge,
D,6,3373
S,7,3373,PREDICTION,src/tracking/advanced_tracker.py:id_merge,
D,7,3373
S,8,3373,PREDICTION,src/tracking/advanced_tracker.py:id_merge,
L,4,3373,PREDICTION,src/tracking/advanced_tracker.py:id_merge,
R,PREDICTION,SUBPIXEL,0
L,8,3373,PREDICTION,src/tracking/advanced_tracker.py:id_merge,
R,PREDICTION,SUBPIXEL,0
A,3373
S,0,3376,DETECTION,src/tracking/advanced_tracker.py:_activate_slot,3376_855_243_1029_328
S,1,3376,DETECTION,src/tracking/advanced_tracker.py:_activate_slot,3376_953_1137_1034_1206
S,2,3376,DETECTION,src/tracking/advanced_tracker.py:_activate_slot,3376_943_1204_1035_1288
S,3,3376,DETECTION,src/tracking/advanced_tracker.py:_activate_slot,3376_873_1779_1033_1863
S,4,3376,DETECTION,src/tracking/advanced_tracker.py:_activate_slot,3376_924_1497_1035_1572
S,7,3376,DETECTION,src/tracking/advanced_tracker.py:_activate_slot,3376_777_388_918_469
D,0,3376
S,1,3376,PREDICTION,src/tracking/advanced_tracker.py:id_merge,
D,1,3376
S,2,3376,PREDICTION,src/tracking/advanced_tracker.py:id_merge,
D,2,3376
S,3,3376,PREDICTION,src/tracking/advanced_tracker.py:id_merge,
D,3,3376
S,4,3376,PREDICTION,src/tracking/advanced_tracker.py:id_merge,
L,4,3376,PREDICTION,src/tracking/advanced_tracker.py:id_merge,
R,PREDICTION,SUBPIXEL,0
L,7,3376,DETECTION,src/tracking/advanced_tracker.py:_activate_slot,3376_777_388_918_469
R,DETECTION,DETECTION,1
A,3376
S,0,3379,DETECTION,src/tracking/advanced_tracker.py:_activate_slot,3379_855_243_1026_328
S,1,3379,DETECTION,src/tracking/advanced_tracker.py:_activate_slot,3379_951_1137_1034_1205
S,2,3379,DETECTION,src/tracking/advanced_tracker.py:_activate_slot,3379_942_1204_1035_1288
S,3,3379,DETECTION,src/tracking/advanced_tracker.py:_activate_slot,3379_873_1782_1033_1863
S,4,3379,DETECTION,src/tracking/advanced_tracker.py:_activate_slot,3379_924_1500_1035_1575
S,7,3379,DETECTION,src/tracking/advanced_tracker.py:_activate_slot,3379_770_389_918_468
D,0,3379
S,1,3379,PREDICTION,src/tracking/advanced_tracker.py:id_merge,
D,1,3379
S,2,3379,PREDICTION,src/tracking/advanced_tracker.py:id_merge,
D,2,3379
S,3,3379,PREDICTION,src/tracking/advanced_tracker.py:id_merge,
D,3,3379
S,4,3379,PREDICTION,src/tracking/advanced_tracker.py:id_merge,
L,4,3379,PREDICTION,src/tracking/advanced_tracker.py:id_merge,
R,PREDICTION,SUBPIXEL,0
L,7,3379,DETECTION,src/tracking/advanced_tracker.py:_activate_slot,3379_770_389_918_468
R,DETECTION,SUBPIXEL,0
A,3379
S,0,3382,DETECTION,src/tracking/advanced_tracker.py:_activate_slot,3382_855_243_1026_328
S,1,3382,DETECTION,src/tracking/advanced_tracker.py:_activate_slot,3382_951_1137_1035_1205
S,2,3382,DETECTION,src/tracking/advanced_tracker.py:_activate_slot,3382_943_1204_1035_1288
S,3,3382,DETECTION,src/tracking/advanced_tracker.py:_activate_slot,3382_873_1782_1032_1863
S,4,3382,DETECTION,src/tracking/advanced_tracker.py:_activate_slot,3382_924_1500_1035_1575
S,7,3382,DETECTION,src/tracking/advanced_tracker.py:_activate_slot,3382_774_391_918_467
D,0,3382
S,1,3382,PREDICTION,src/tracking/advanced_tracker.py:id_merge,
D,1,3382
S,2,3382,PREDICTION,src/tracking/advanced_tracker.py:id_merge,
D,2,3382
S,3,3382,PREDICTION,src/tracking/advanced_tracker.py:id_merge,
D,3,3382
S,4,3382,PREDICTION,src/tracking/advanced_tracker.py:id_merge,
L,4,3382,PREDICTION,src/tracking/advanced_tracker.py:id_merge,
R,PREDICTION,SUBPIXEL,0
L,7,3382,DETECTION,src/tracking/advanced_tracker.py:_activate_slot,3382_774_391_918_467
R,DETECTION,DETECTION,1
A,3382
S,0,3385,DETECTION,src/tracking/advanced_tracker.py:_activate_slot,3385_855_243_1026_328
S,1,3385,DETECTION,src/tracking/advanced_tracker.py:_activate_slot,3385_951_1137_1035_1206
S,2,3385,DETECTION,src/tracking/advanced_tracker.py:_activate_slot,3385_943_1203_1035_1287
S,3,3385,DETECTION,src/tracking/advanced_tracker.py:_activate_slot,3385_871_1782_1033_1863
S,4,3385,DETECTION,src/tracking/advanced_tracker.py:_activate_slot,3385_924_1501_1035_1576
S,7,3385,DETECTION,src/tracking/advanced_tracker.py:_activate_slot,3385_774_391_917_467
S,8,3385,PREDICTION,src/tracking/advanced_tracker.py:flow_gapfill_batched,
D,0,3385
S,1,3385,PREDICTION,src/tracking/advanced_tracker.py:id_merge,
D,1,3385
S,2,3385,PREDICTION,src/tracking/advanced_tracker.py:id_merge,
D,2,3385
S,3,3385,PREDICTION,src/tracking/advanced_tracker.py:id_merge,
D,3,3385
S,4,3385,PREDICTION,src/tracking/advanced_tracker.py:id_merge,
L,4,3385,PREDICTION,src/tracking/advanced_tracker.py:id_merge,
R,PREDICTION,SUBPIXEL,0
L,7,3385,DETECTION,src/tracking/advanced_tracker.py:_activate_slot,3385_774_391_917_467
R,DETECTION,DETECTION,1
L,8,3385,PREDICTION,src/tracking/advanced_tracker.py:flow_gapfill_batched,
R,PREDICTION,SUBPIXEL,0
A,3385
S,0,3388,DETECTION,src/tracking/advanced_tracker.py:_activate_slot,3388_854_243_1026_327
S,1,3388,DETECTION,src/tracking/advanced_tracker.py:_activate_slot,3388_951_1137_1035_1205
S,2,3388,DETECTION,src/tracking/advanced_tracker.py:_activate_slot,3388_943_1200_1035_1286
S,3,3388,DETECTION,src/tracking/advanced_tracker.py:_activate_slot,3388_872_1782_1034_1863
S,4,3388,DETECTION,src/tracking/advanced_tracker.py:_activate_slot,3388_923_1501_1035_1576
S,7,3388,DETECTION,src/tracking/advanced_tracker.py:_activate_slot,3388_774_390_918_467
S,8,3388,PREDICTION,src/tracking/advanced_tracker.py:flow_gapfill_batched,
D,0,3388
S,1,3388,PREDICTION,src/tracking/advanced_tracker.py:id_merge,
D,1,3388
S,2,3388,PREDICTION,src/tracking/advanced_tracker.py:id_merge,
D,2,3388
S,3,3388,PREDICTION,src/tracking/advanced_tracker.py:id_merge,
D,3,3388
S,4,3388,PREDICTION,src/tracking/advanced_tracker.py:id_merge,
L,4,3388,PREDICTION,src/tracking/advanced_tracker.py:id_merge,
R,PREDICTION,SUBPIXEL,0
L,7,3388,DETECTION,src/tracking/advanced_tracker.py:_activate_slot,3388_774_390_918_467
R,DETECTION,DETECTION,1
L,8,3388,PREDICTION,src/tracking/advanced_tracker.py:flow_gapfill_batched,
R,PREDICTION,SUBPIXEL,0
A,3388
S,0,3391,DETECTION,src/tracking/advanced_tracker.py:_activate_slot,3391_855_244_1021_327
S,1,3391,DETECTION,src/tracking/advanced_tracker.py:_activate_slot,3391_951_1137_1034_1205
S,2,3391,DETECTION,src/tracking/advanced_tracker.py:_activate_slot,3391_944_1200_1035_1284
S,3,3391,DETECTION,src/tracking/advanced_tracker.py:_activate_slot,3391_873_1782_1033_1863
S,4,3391,DETECTION,src/tracking/advanced_tracker.py:_activate_slot,3391_922_1501_1035_1576
S,7,3391,DETECTION,src/tracking/advanced_tracker.py:_activate_slot,3391_774_391_918_467
S,8,3391,PREDICTION,src/tracking/advanced_tracker.py:flow_gapfill_batched,
D,0,3391
S,1,3391,PREDICTION,src/tracking/advanced_tracker.py:id_merge,
D,1,3391
S,2,3391,PREDICTION,src/tracking/advanced_tracker.py:id_merge,
D,2,3391
S,3,3391,PREDICTION,src/tracking/advanced_tracker.py:id_merge,
D,3,3391
S,4,3391,PREDICTION,src/tracking/advanced_tracker.py:id_merge,
L,4,3391,PREDICTION,src/tracking/advanced_tracker.py:id_merge,
R,PREDICTION,SUBPIXEL,0
L,7,3391,DETECTION,src/tracking/advanced_tracker.py:_activate_slot,3391_774_391_918_467
R,DETECTION,DETECTION,1
L,8,3391,PREDICTION,src/tracking/advanced_tracker.py:flow_gapfill_batched,
R,PREDICTION,SUBPIXEL,0
A,3391
S,0,3394,DETECTION,src/tracking/advanced_tracker.py:_activate_slot,3394_855_244_1023_327
S,1,3394,DETECTION,src/tracking/advanced_tracker.py:_activate_slot,3394_912_1744_1035_1816
S,2,3394,DETECTION,src/tracking/advanced_tracker.py:_activate_slot,3394_944_1200_1035_1284
S,3,3394,DETECTION,src/tracking/advanced_tracker.py:_activate_slot,3394_873_1782_1032_1863
S,4,3394,DETECTION,src/tracking/advanced_tracker.py:_activate_slot,3394_921_1500_1035_1575
S,7,3394,DETECTION,src/tracking/advanced_tracker.py:_activate_slot,3394_774_390_918_468
S,8,3394,PREDICTION,src/tracking/advanced_tracker.py:flow_gapfill_batched,
D,0,3394
S,1,3394,PREDICTION,src/tracking/advanced_tracker.py:id_merge,
D,1,3394
S,2,3394,PREDICTION,src/tracking/advanced_tracker.py:id_merge,
D,2,3394
S,3,3394,PREDICTION,src/tracking/advanced_tracker.py:id_merge,
D,3,3394
S,4,3394,PREDICTION,src/tracking/advanced_tracker.py:id_merge,
L,4,3394,PREDICTION,src/tracking/advanced_tracker.py:id_merge,
R,PREDICTION,SUBPIXEL,0
L,7,3394,DETECTION,src/tracking/advanced_tracker.py:_activate_slot,3394_774_390_918_468
R,DETECTION,SUBPIXEL,0
L,8,3394,PREDICTION,src/tracking/advanced_tracker.py:flow_gapfill_batched,
R,PREDICTION,SUBPIXEL,0
A,3394
S,0,3397,DETECTION,src/tracking/advanced_tracker.py:_activate_slot,3397_855_244_1023_327
S,1,3397,DETECTION,src/tracking/advanced_tracker.py:_activate_slot,3397_927_1828_1035_1900
S,2,3397,DETECTION,src/tracking/advanced_tracker.py:_activate_slot,3397_942_1199_1035_1284
S,3,3397,DETECTION,src/tracking/advanced_tracker.py:_activate_slot,3397_873_1782_1032_1863
S,4,3397,DETECTION,src/tracking/advanced_tracker.py:_activate_slot,3397_922_1501_1035_1573
S,7,3397,PREDICTION,src/tracking/advanced_tracker.py:kalman_homography,
S,8,3397,PREDICTION,src/tracking/advanced_tracker.py:flow_gapfill_batched,
D,0,3397
S,1,3397,PREDICTION,src/tracking/advanced_tracker.py:id_merge,
D,1,3397
S,2,3397,PREDICTION,src/tracking/advanced_tracker.py:id_merge,
D,2,3397
S,3,3397,PREDICTION,src/tracking/advanced_tracker.py:id_merge,
D,3,3397
S,4,3397,PREDICTION,src/tracking/advanced_tracker.py:id_merge,
L,4,3397,PREDICTION,src/tracking/advanced_tracker.py:id_merge,
R,PREDICTION,SUBPIXEL,0
L,7,3397,PREDICTION,src/tracking/advanced_tracker.py:kalman_homography,
R,PREDICTION,PREDICTION,1
L,8,3397,PREDICTION,src/tracking/advanced_tracker.py:flow_gapfill_batched,
R,PREDICTION,SUBPIXEL,0
A,3397
S,0,3400,DETECTION,src/tracking/advanced_tracker.py:_activate_slot,3400_854_244_1025_328
S,1,3400,DETECTION,src/tracking/advanced_tracker.py:_activate_slot,3400_910_1743_1035_1815
S,2,3400,DETECTION,src/tracking/advanced_tracker.py:_activate_slot,3400_941_1201_1035_1285
S,3,3400,DETECTION,src/tracking/advanced_tracker.py:_activate_slot,3400_873_1779_1032_1863
S,4,3400,DETECTION,src/tracking/advanced_tracker.py:_activate_slot,3400_924_1500_1035_1575
S,7,3400,DETECTION,src/tracking/advanced_tracker.py:_activate_slot,3400_784_391_916_466
D,0,3400
S,1,3400,PREDICTION,src/tracking/advanced_tracker.py:id_merge,
D,1,3400
S,2,3400,PREDICTION,src/tracking/advanced_tracker.py:id_merge,
D,2,3400
S,3,3400,PREDICTION,src/tracking/advanced_tracker.py:id_merge,
D,3,3400
S,4,3400,PREDICTION,src/tracking/advanced_tracker.py:id_merge,
L,4,3400,PREDICTION,src/tracking/advanced_tracker.py:id_merge,
R,PREDICTION,SUBPIXEL,0
L,7,3400,DETECTION,src/tracking/advanced_tracker.py:_activate_slot,3400_784_391_916_466
R,DETECTION,DETECTION,1
A,3400
S,0,3403,DETECTION,src/tracking/advanced_tracker.py:_activate_slot,3403_854_245_1025_328
S,1,3403,DETECTION,src/tracking/advanced_tracker.py:_activate_slot,3403_909_1743_1035_1815
S,2,3403,DETECTION,src/tracking/advanced_tracker.py:_activate_slot,3403_943_1201_1035_1288
S,3,3403,DETECTION,src/tracking/advanced_tracker.py:_activate_slot,3403_873_1782_1033_1863
S,4,3403,DETECTION,src/tracking/advanced_tracker.py:_activate_slot,3403_924_1499_1035_1572
S,8,3403,DETECTION,src/tracking/advanced_tracker.py:_activate_slot,3403_924_1545_1035_1620
S,7,3403,DETECTION,src/tracking/advanced_tracker.py:_activate_slot,3403_777_384_918_469
S,5,3403,DETECTION,src/tracking/advanced_tracker.py:_activate_slot,3403_771_396_918_476
D,0,3403
S,1,3403,PREDICTION,src/tracking/advanced_tracker.py:id_merge,
D,1,3403
S,2,3403,PREDICTION,src/tracking/advanced_tracker.py:id_merge,
D,2,3403
S,3,3403,PREDICTION,src/tracking/advanced_tracker.py:id_merge,
D,3,3403
S,4,3403,PREDICTION,src/tracking/advanced_tracker.py:id_merge,
D,5,3403
S,7,3403,PREDICTION,src/tracking/advanced_tracker.py:id_merge,
L,4,3403,PREDICTION,src/tracking/advanced_tracker.py:id_merge,
R,PREDICTION,SUBPIXEL,0
L,7,3403,PREDICTION,src/tracking/advanced_tracker.py:id_merge,
R,PREDICTION,PREDICTION,1
L,8,3403,DETECTION,src/tracking/advanced_tracker.py:_activate_slot,3403_924_1545_1035_1620
R,DETECTION,SUBPIXEL,0
A,3403
S,0,3406,DETECTION,src/tracking/advanced_tracker.py:_activate_slot,3406_854_245_1025_328
S,1,3406,DETECTION,src/tracking/advanced_tracker.py:_activate_slot,3406_930_1828_1035_1900
S,2,3406,DETECTION,src/tracking/advanced_tracker.py:_activate_slot,3406_942_1205_1035_1289
S,3,3406,DETECTION,src/tracking/advanced_tracker.py:_activate_slot,3406_873_1782_1033_1863
S,4,3406,DETECTION,src/tracking/advanced_tracker.py:_activate_slot,3406_924_1499_1035_1572
S,7,3406,DETECTION,src/tracking/advanced_tracker.py:_activate_slot,3406_771_389_918_479
S,8,3406,DETECTION,src/tracking/advanced_tracker.py:_activate_slot,3406_923_1545_1035_1620
S,5,3406,PREDICTION,src/tracking/advanced_tracker.py:kalman_homography,
D,0,3406
S,1,3406,PREDICTION,src/tracking/advanced_tracker.py:id_merge,
D,1,3406
S,2,3406,PREDICTION,src/tracking/advanced_tracker.py:id_merge,
D,2,3406
S,3,3406,PREDICTION,src/tracking/advanced_tracker.py:id_merge,
D,3,3406
S,4,3406,PREDICTION,src/tracking/advanced_tracker.py:id_merge,
D,5,3406
S,7,3406,PREDICTION,src/tracking/advanced_tracker.py:id_merge,
L,4,3406,PREDICTION,src/tracking/advanced_tracker.py:id_merge,
R,PREDICTION,SUBPIXEL,0
L,7,3406,PREDICTION,src/tracking/advanced_tracker.py:id_merge,
R,PREDICTION,PREDICTION,1
L,8,3406,DETECTION,src/tracking/advanced_tracker.py:_activate_slot,3406_923_1545_1035_1620
R,DETECTION,SUBPIXEL,0
A,3406
S,0,3409,DETECTION,src/tracking/advanced_tracker.py:_activate_slot,3409_853_245_1024_329
S,1,3409,DETECTION,src/tracking/advanced_tracker.py:_activate_slot,3409_930_1828_1035_1900
S,2,3409,DETECTION,src/tracking/advanced_tracker.py:_activate_slot,3409_943_1207_1035_1291
S,3,3409,DETECTION,src/tracking/advanced_tracker.py:_activate_slot,3409_873_1782_1032_1863
S,4,3409,DETECTION,src/tracking/advanced_tracker.py:_activate_slot,3409_923_1498_1034_1572
S,5,3409,DETECTION,src/tracking/advanced_tracker.py:_activate_slot,3409_771_393_918_480
S,7,3409,DETECTION,src/tracking/advanced_tracker.py:_activate_slot,3409_779_382_915_454
D,0,3409
S,1,3409,PREDICTION,src/tracking/advanced_tracker.py:id_merge,
D,1,3409
S,2,3409,PREDICTION,src/tracking/advanced_tracker.py:id_merge,
D,2,3409
S,3,3409,PREDICTION,src/tracking/advanced_tracker.py:id_merge,
D,3,3409
S,4,3409,PREDICTION,src/tracking/advanced_tracker.py:id_merge,
D,5,3409
S,7,3409,PREDICTION,src/tracking/advanced_tracker.py:id_merge,
L,4,3409,PREDICTION,src/tracking/advanced_tracker.py:id_merge,
R,PREDICTION,SUBPIXEL,0
L,7,3409,PREDICTION,src/tracking/advanced_tracker.py:id_merge,
R,PREDICTION,PREDICTION,1
A,3409
S,0,3412,DETECTION,src/tracking/advanced_tracker.py:_activate_slot,3412_853_245_1027_330
S,1,3412,DETECTION,src/tracking/advanced_tracker.py:_activate_slot,3412_909_1743_1035_1815
S,2,3412,DETECTION,src/tracking/advanced_tracker.py:_activate_slot,3412_943_1212_1035_1293
S,3,3412,DETECTION,src/tracking/advanced_tracker.py:_activate_slot,3412_873_1779_1032_1863
S,4,3412,DETECTION,src/tracking/advanced_tracker.py:_activate_slot,3412_924_1498_1035_1573
S,8,3412,DETECTION,src/tracking/advanced_tracker.py:_activate_slot,3412_931_1830_1035_1902
S,5,3412,DETECTION,src/tracking/advanced_tracker.py:_activate_slot,3412_771_402_918_480
S,7,3412,DETECTION,src/tracking/advanced_tracker.py:_activate_slot,3412_777_384_917_472
D,0,3412
S,1,3412,PREDICTION,src/tracking/advanced_tracker.py:id_merge,
D,1,3412
S,2,3412,PREDICTION,src/tracking/advanced_tracker.py:id_merge,
D,2,3412
S,3,3412,PREDICTION,src/tracking/advanced_tracker.py:id_merge,
D,3,3412
S,4,3412,PREDICTION,src/tracking/advanced_tracker.py:id_merge,
D,5,3412
S,7,3412,PREDICTION,src/tracking/advanced_tracker.py:id_merge,
L,4,3412,PREDICTION,src/tracking/advanced_tracker.py:id_merge,
R,PREDICTION,SUBPIXEL,0
L,7,3412,PREDICTION,src/tracking/advanced_tracker.py:id_merge,
R,PREDICTION,PREDICTION,1
L,8,3412,DETECTION,src/tracking/advanced_tracker.py:_activate_slot,3412_931_1830_1035_1902
R,DETECTION,DETECTION,1
A,3412
S,0,3415,DETECTION,src/tracking/advanced_tracker.py:_activate_slot,3415_853_246_1021_328
S,1,3415,DETECTION,src/tracking/advanced_tracker.py:_activate_slot,3415_911_1744_1035_1816
S,2,3415,DETECTION,src/tracking/advanced_tracker.py:_activate_slot,3415_942_1212_1035_1295
S,3,3415,DETECTION,src/tracking/advanced_tracker.py:_activate_slot,3415_874_1782_1033_1863
S,4,3415,DETECTION,src/tracking/advanced_tracker.py:_activate_slot,3415_924_1497_1035_1572
S,5,3415,DETECTION,src/tracking/advanced_tracker.py:_activate_slot,3415_771_395_918_481
S,7,3415,DETECTION,src/tracking/advanced_tracker.py:_activate_slot,3415_778_384_916_471
D,0,3415
S,1,3415,PREDICTION,src/tracking/advanced_tracker.py:id_merge,
D,1,3415
S,2,3415,PREDICTION,src/tracking/advanced_tracker.py:id_merge,
D,2,3415
S,3,3415,PREDICTION,src/tracking/advanced_tracker.py:id_merge,
D,3,3415
S,4,3415,PREDICTION,src/tracking/advanced_tracker.py:id_merge,
D,5,3415
S,7,3415,PREDICTION,src/tracking/advanced_tracker.py:id_merge,
L,4,3415,PREDICTION,src/tracking/advanced_tracker.py:id_merge,
R,PREDICTION,SUBPIXEL,0
L,7,3415,PREDICTION,src/tracking/advanced_tracker.py:id_merge,
R,PREDICTION,PREDICTION,1
A,3415
S,0,3418,DETECTION,src/tracking/advanced_tracker.py:_activate_slot,3418_853_245_1021_328
S,1,3418,DETECTION,src/tracking/advanced_tracker.py:_activate_slot,3418_912_1744_1035_1816
S,2,3418,DETECTION,src/tracking/advanced_tracker.py:_activate_slot,3418_943_1217_1035_1296
S,3,3418,DETECTION,src/tracking/advanced_tracker.py:_activate_slot,3418_873_1779_1033_1863
S,4,3418,DETECTION,src/tracking/advanced_tracker.py:_activate_slot,3418_924_1497_1035_1572
S,8,3418,DETECTION,src/tracking/advanced_tracker.py:_activate_slot,3418_924_1545_1035_1620
S,5,3418,DETECTION,src/tracking/advanced_tracker.py:_activate_slot,3418_770_404_918_482
S,7,3418,DETECTION,src/tracking/advanced_tracker.py:_activate_slot,3418_775_384_916_479
D,0,3418
S,1,3418,PREDICTION,src/tracking/advanced_tracker.py:id_merge,
D,1,3418
S,2,3418,PREDICTION,src/tracking/advanced_tracker.py:id_merge,
D,2,3418
S,3,3418,PREDICTION,src/tracking/advanced_tracker.py:id_merge,
D,3,3418
S,4,3418,PREDICTION,src/tracking/advanced_tracker.py:id_merge,
D,5,3418
S,7,3418,PREDICTION,src/tracking/advanced_tracker.py:id_merge,
L,4,3418,PREDICTION,src/tracking/advanced_tracker.py:id_merge,
R,PREDICTION,SUBPIXEL,0
L,7,3418,PREDICTION,src/tracking/advanced_tracker.py:id_merge,
R,PREDICTION,PREDICTION,1
L,8,3418,DETECTION,src/tracking/advanced_tracker.py:_activate_slot,3418_924_1545_1035_1620
R,DETECTION,DETECTION,1
A,3418
S,0,3421,DETECTION,src/tracking/advanced_tracker.py:_activate_slot,3421_854_244_1022_327
S,1,3421,DETECTION,src/tracking/advanced_tracker.py:_activate_slot,3421_912_1746_1035_1818
S,2,3421,DETECTION,src/tracking/advanced_tracker.py:_activate_slot,3421_943_1221_1035_1302
S,3,3421,DETECTION,src/tracking/advanced_tracker.py:_activate_slot,3421_871_1780_1033_1861
S,4,3421,DETECTION,src/tracking/advanced_tracker.py:_activate_slot,3421_925_1497_1035_1573
S,8,3421,DETECTION,src/tracking/advanced_tracker.py:_activate_slot,3421_924_1545_1035_1620
S,5,3421,DETECTION,src/tracking/advanced_tracker.py:_activate_slot,3421_770_408_918_483
S,7,3421,PREDICTION,src/tracking/advanced_tracker.py:kalman_homography,
D,0,3421
S,1,3421,PREDICTION,src/tracking/advanced_tracker.py:id_merge,
D,1,3421
S,2,3421,PREDICTION,src/tracking/advanced_tracker.py:id_merge,
D,2,3421
S,3,3421,PREDICTION,src/tracking/advanced_tracker.py:id_merge,
D,3,3421
S,4,3421,PREDICTION,src/tracking/advanced_tracker.py:id_merge,
D,7,3421
S,5,3421,PREDICTION,src/tracking/advanced_tracker.py:id_merge,
L,4,3421,PREDICTION,src/tracking/advanced_tracker.py:id_merge,
R,PREDICTION,SUBPIXEL,0
L,5,3421,PREDICTION,src/tracking/advanced_tracker.py:id_merge,
R,PREDICTION,PREDICTION,1
L,8,3421,DETECTION,src/tracking/advanced_tracker.py:_activate_slot,3421_924_1545_1035_1620
R,DETECTION,SUBPIXEL,0
A,3421
S,0,3424,DETECTION,src/tracking/advanced_tracker.py:_activate_slot,3424_854_244_1020_327
S,1,3424,DETECTION,src/tracking/advanced_tracker.py:_activate_slot,3424_914_1746_1035_1818
S,2,3424,DETECTION,src/tracking/advanced_tracker.py:_activate_slot,3424_944_1221_1035_1304
S,3,3424,DETECTION,src/tracking/advanced_tracker.py:_activate_slot,3424_873_1779_1032_1863
S,4,3424,DETECTION,src/tracking/advanced_tracker.py:_activate_slot,3424_925_1497_1035_1572
S,8,3424,DETECTION,src/tracking/advanced_tracker.py:_activate_slot,3424_924_1545_1035_1620
S,5,3424,DETECTION,src/tracking/advanced_tracker.py:_activate_slot,3424_771_410_918_482
S,7,3424,PREDICTION,src/tracking/advanced_tracker.py:kalman_homography,
D,0,3424
S,1,3424,PREDICTION,src/tracking/advanced_tracker.py:id_merge,
D,1,3424
S,2,3424,PREDICTION,src/tracking/advanced_tracker.py:id_merge,
D,2,3424
S,3,3424,PREDICTION,src/tracking/advanced_tracker.py:id_merge,
D,3,3424
S,4,3424,PREDICTION,src/tracking/advanced_tracker.py:id_merge,
D,7,3424
S,5,3424,PREDICTION,src/tracking/advanced_tracker.py:id_merge,
L,4,3424,PREDICTION,src/tracking/advanced_tracker.py:id_merge,
R,PREDICTION,SUBPIXEL,0
L,5,3424,PREDICTION,src/tracking/advanced_tracker.py:id_merge,
R,PREDICTION,PREDICTION,1
L,8,3424,DETECTION,src/tracking/advanced_tracker.py:_activate_slot,3424_924_1545_1035_1620
R,DETECTION,SUBPIXEL,0
A,3424
S,0,3427,DETECTION,src/tracking/advanced_tracker.py:_activate_slot,3427_854_244_1020_327
S,1,3427,DETECTION,src/tracking/advanced_tracker.py:_activate_slot,3427_914_1746_1035_1818
S,2,3427,DETECTION,src/tracking/advanced_tracker.py:_activate_slot,3427_945_1223_1035_1304
S,3,3427,DETECTION,src/tracking/advanced_tracker.py:_activate_slot,3427_873_1779_1032_1863
S,4,3427,DETECTION,src/tracking/advanced_tracker.py:_activate_slot,3427_925_1497_1035_1572
S,10,3427,DETECTION,src/tracking/advanced_tracker.py:_activate_slot,3427_773_410_918_481
S,5,3427,PREDICTION,src/tracking/advanced_tracker.py:kalman_homography,
S,7,3427,PREDICTION,src/tracking/advanced_tracker.py:kalman_homography,
D,0,3427
S,1,3427,PREDICTION,src/tracking/advanced_tracker.py:id_merge,
D,1,3427
S,2,3427,PREDICTION,src/tracking/advanced_tracker.py:id_merge,
D,2,3427
S,3,3427,PREDICTION,src/tracking/advanced_tracker.py:id_merge,
D,3,3427
S,4,3427,PREDICTION,src/tracking/advanced_tracker.py:id_merge,
D,7,3427
S,5,3427,PREDICTION,src/tracking/advanced_tracker.py:id_merge,
L,4,3427,PREDICTION,src/tracking/advanced_tracker.py:id_merge,
R,PREDICTION,SUBPIXEL,0
L,5,3427,PREDICTION,src/tracking/advanced_tracker.py:id_merge,
R,PREDICTION,PREDICTION,1
A,3427
S,0,3430,DETECTION,src/tracking/advanced_tracker.py:_activate_slot,3430_854_243_1020_326
S,1,3430,DETECTION,src/tracking/advanced_tracker.py:_activate_slot,3430_914_1747_1035_1816
S,2,3430,DETECTION,src/tracking/advanced_tracker.py:_activate_slot,3430_945_1224_1035_1305
S,3,3430,DETECTION,src/tracking/advanced_tracker.py:_activate_slot,3430_873_1779_1032_1863
S,4,3430,DETECTION,src/tracking/advanced_tracker.py:_activate_slot,3430_925_1497_1035_1572
S,10,3430,DETECTION,src/tracking/advanced_tracker.py:_activate_slot,3430_776_410_918_480
S,5,3430,PREDICTION,src/tracking/advanced_tracker.py:kalman_homography,
S,7,3430,PREDICTION,src/tracking/advanced_tracker.py:kalman_homography,
D,0,3430
S,1,3430,PREDICTION,src/tracking/advanced_tracker.py:id_merge,
D,1,3430
S,2,3430,PREDICTION,src/tracking/advanced_tracker.py:id_merge,
D,2,3430
S,3,3430,PREDICTION,src/tracking/advanced_tracker.py:id_merge,
D,3,3430
S,4,3430,PREDICTION,src/tracking/advanced_tracker.py:id_merge,
D,7,3430
S,5,3430,PREDICTION,src/tracking/advanced_tracker.py:id_merge,
L,4,3430,PREDICTION,src/tracking/advanced_tracker.py:id_merge,
R,PREDICTION,SUBPIXEL,0
L,5,3430,PREDICTION,src/tracking/advanced_tracker.py:id_merge,
R,PREDICTION,PREDICTION,1
A,3430
S,0,3433,DETECTION,src/tracking/advanced_tracker.py:_activate_slot,3433_852_241_1023_326
S,1,3433,DETECTION,src/tracking/advanced_tracker.py:_activate_slot,3433_915_1747_1035_1816
S,2,3433,DETECTION,src/tracking/advanced_tracker.py:_activate_slot,3433_945_1224_1035_1305
S,3,3433,DETECTION,src/tracking/advanced_tracker.py:_activate_slot,3433_873_1779_1032_1863
S,4,3433,DETECTION,src/tracking/advanced_tracker.py:_activate_slot,3433_925_1497_1035_1572
S,10,3433,DETECTION,src/tracking/advanced_tracker.py:_activate_slot,3433_771_411_918_481
S,5,3433,PREDICTION,src/tracking/advanced_tracker.py:kalman_homography,
S,7,3433,PREDICTION,src/tracking/advanced_tracker.py:kalman_homography,
D,0,3433
S,1,3433,PREDICTION,src/tracking/advanced_tracker.py:id_merge,
D,1,3433
S,2,3433,PREDICTION,src/tracking/advanced_tracker.py:id_merge,
D,2,3433
S,3,3433,PREDICTION,src/tracking/advanced_tracker.py:id_merge,
D,3,3433
S,4,3433,PREDICTION,src/tracking/advanced_tracker.py:id_merge,
D,7,3433
S,5,3433,PREDICTION,src/tracking/advanced_tracker.py:id_merge,
L,4,3433,PREDICTION,src/tracking/advanced_tracker.py:id_merge,
R,PREDICTION,SUBPIXEL,0
L,5,3433,PREDICTION,src/tracking/advanced_tracker.py:id_merge,
R,PREDICTION,SUBPIXEL,0
A,3433
