S,0,2789,DETECTION,src/tracking/advanced_tracker.py:_activate_slot,2789_227_913_510_1084
S,1,2789,DETECTION,src/tracking/advanced_tracker.py:_activate_slot,2789_503_857_819_1050
S,2,2789,DETECTION,src/tracking/advanced_tracker.py:_activate_slot,2789_411_679_690_871
S,3,2789,DETECTION,src/tracking/advanced_tracker.py:_activate_slot,2789_618_744_883_889
L,0,2789,DETECTION,src/tracking/advanced_tracker.py:_activate_slot,2789_227_913_510_1084
R,DETECTION,DETECTION,1
L,1,2789,DETECTION,src/tracking/advanced_tracker.py:_activate_slot,2789_503_857_819_1050
R,DETECTION,DETECTION,1
L,2,2789,DETECTION,src/tracking/advanced_tracker.py:_activate_slot,2789_411_679_690_871
R,DETECTION,DETECTION,1
L,3,2789,DETECTION,src/tracking/advanced_tracker.py:_activate_slot,2789_618_744_883_889
R,DETECTION,DETECTION,1
A,2789
S,0,2792,DETECTION,src/tracking/advanced_tracker.py:_activate_slot,2792_221_930_512_1086
S,1,2792,DETECTION,src/tracking/advanced_tracker.py:_activate_slot,2792_510_853_826_1069
S,2,2792,DETECTION,src/tracking/advanced_tracker.py:_activate_slot,2792_404_696_707_876
S,3,2792,DETECTION,src/tracking/advanced_tracker.py:_activate_slot,2792_615_727_891_856
S,4,2792,DETECTION,src/tracking/advanced_tracker.py:_activate_slot,2792_516_853_813_1000
L,0,2792,DETECTION,src/tracking/advanced_tracker.py:_activate_slot,2792_221_930_512_1086
R,DETECTION,DETECTION,1
L,1,2792,DETECTION,src/tracking/advanced_tracker.py:_activate_slot,2792_510_853_826_1069
R,DETECTION,DETECTION,1
L,2,2792,DETECTION,src/tracking/advanced_tracker.py:_activate_slot,2792_404_696_707_876
R,DETECTION,DETECTION,1
L,3,2792,DETECTION,src/tracking/advanced_tracker.py:_activate_slot,2792_615_727_891_856
R,DETECTION,DETECTION,1
L,4,2792,DETECTION,src/tracking/advanced_tracker.py:_activate_slot,2792_516_853_813_1000
R,DETECTION,DETECTION,1
A,2792
S,0,2795,DETECTION,src/tracking/advanced_tracker.py:_activate_slot,2795_219_939_510_1087
S,3,2795,DETECTION,src/tracking/advanced_tracker.py:_activate_slot,2795_476_657_888_868
S,5,2795,DETECTION,src/tracking/advanced_tracker.py:_activate_slot,2795_519_831_827_996
S,6,2795,DETECTION,src/tracking/advanced_tracker.py:_activate_slot,2795_399_701_705_894
S,7,2795,DETECTION,src/tracking/advanced_tracker.py:_activate_slot,2795_518_832_826_1072
S,1,2795,PREDICTION,src/tracking/advanced_tracker.py:kalman_homography,
S,2,2795,PREDICTION,src/tracking/advanced_tracker.py:kalman_homography,
S,4,2795,PREDICTION,src/tracking/advanced_tracker.py:kalman_homography,
L,0,2795,DETECTION,src/tracking/advanced_tracker.py:_activate_slot,2795_219_939_510_1087
R,DETECTION,DETECTION,1
L,1,2795,PREDICTION,src/tracking/advanced_tracker.py:kalman_homography,
R,PREDICTION,PREDICTION,1
L,2,2795,PREDICTION,src/tracking/advanced_tracker.py:kalman_homography,
R,PREDICTION,PREDICTION,1
L,3,2795,DETECTION,src/tracking/advanced_tracker.py:_activate_slot,2795_476_657_888_868
R,DETECTION,DETECTION,1
L,4,2795,PREDICTION,src/tracking/advanced_tracker.py:kalman_homography,
R,PREDICTION,PREDICTION,1
L,5,2795,DETECTION,src/tracking/advanced_tracker.py:_activate_slot,2795_519_831_827_996
R,DETECTION,DETECTION,1
L,6,2795,DETECTION,src/tracking/advanced_tracker.py:_activate_slot,2795_399_701_705_894
R,DETECTION,DETECTION,1
L,7,2795,DETECTION,src/tracking/advanced_tracker.py:_activate_slot,2795_518_832_826_1072
R,DETECTION,DETECTION,1
A,2795
S,0,2798,DETECTION,src/tracking/advanced_tracker.py:_activate_slot,2798_228_961_513_1113
S,2,2798,DETECTION,src/tracking/advanced_tracker.py:_activate_slot,2798_373_744_667_914
S,3,2798,DETECTION,src/tracking/advanced_tracker.py:_activate_slot,2798_611_645_891_852
S,7,2798,DETECTION,src/tracking/advanced_tracker.py:_activate_slot,2798_528_805_830_1057
S,1,2798,PREDICTION,src/tracking/advanced_tracker.py:kalman_homography,
S,4,2798,PREDICTION,src/tracking/advanced_tracker.py:kalman_homography,
S,5,2798,PREDICTION,src/tracking/advanced_tracker.py:kalman_homography,
S,6,2798,PREDICTION,src/tracking/advanced_tracker.py:kalman_homography,
D,5,2798
S,7,2798,PREDICTION,src/tracking/advanced_tracker.py:id_merge,
L,0,2798,DETECTION,src/tracking/advanced_tracker.py:_activate_slot,2798_228_961_513_1113
R,DETECTION,DETECTION,1
L,1,2798,PREDICTION,src/tracking/advanced_tracker.py:kalman_homography,
R,PREDICTION,PREDICTION,1
L,2,2798,DETECTION,src/tracking/advanced_tracker.py:_activate_slot,2798_373_744_667_914
R,DETECTION,DETECTION,1
L,3,2798,DETECTION,src/tracking/advanced_tracker.py:_activate_slot,2798_611_645_891_852
R,DETECTION,DETECTION,1
L,4,2798,PREDICTION,src/tracking/advanced_tracker.py:kalman_homography,
R,PREDICTION,SUBPIXEL,0
L,6,2798,PREDICTION,src/tracking/advanced_tracker.py:kalman_homography,
R,PREDICTION,PREDICTION,1
L,7,2798,PREDICTION,src/tracking/advanced_tracker.py:id_merge,
R,PREDICTION,PREDICTION,1
A,2798
S,0,2801,DETECTION,src/tracking/advanced_tracker.py:_activate_slot,2801_242_963_534_1128
S,3,2801,DETECTION,src/tracking/advanced_tracker.py:_activate_slot,2801_624_663_891_828
S,6,2801,DETECTION,src/tracking/advanced_tracker.py:_activate_slot,2801_392_750_670_905
S,7,2801,DETECTION,src/tracking/advanced_tracker.py:_activate_slot,2801_495_808_828_1027
S,1,2801,PREDICTION,src/tracking/advanced_tracker.py:kalman_homography,
S,2,2801,PREDICTION,src/tracking/advanced_tracker.py:kalman_homography,
S,4,2801,PREDICTION,src/tracking/advanced_tracker.py:kalman_homography,
S,5,2801,PREDICTION,src/tracking/advanced_tracker.py:kalman_homography,
D,5,2801
S,7,2801,PREDICTION,src/tracking/advanced_tracker.py:id_merge,
L,0,2801,DETECTION,src/tracking/advanced_tracker.py:_activate_slot,2801_242_963_534_1128
R,DETECTION,DETECTION,1
L,1,2801,PREDICTION,src/tracking/advanced_tracker.py:kalman_homography,
R,PREDICTION,PREDICTION,1
L,2,2801,PREDICTION,src/tracking/advanced_tracker.py:kalman_homography,
R,PREDICTION,PREDICTION,1
L,3,2801,DETECTION,src/tracking/advanced_tracker.py:_activate_slot,2801_624_663_891_828
R,DETECTION,DETECTION,1
L,4,2801,PREDICTION,src/tracking/advanced_tracker.py:kalman_homography,
R,PREDICTION,SUBPIXEL,0
L,6,2801,DETECTION,src/tracking/advanced_tracker.py:_activate_slot,2801_392_750_670_905
R,DETECTION,DETECTION,1
L,7,2801,PREDICTION,src/tracking/advanced_tracker.py:id_merge,
R,PREDICTION,PREDICTION,1
A,2801
S,0,2804,DETECTION,src/tracking/advanced_tracker.py:_activate_slot,2804_254_976_539_1128
S,3,2804,DETECTION,src/tracking/advanced_tracker.py:_activate_slot,2804_603_651_887_798
S,4,2804,DETECTION,src/tracking/advanced_tracker.py:_activate_slot,2804_417_796_825_999
S,1,2804,PREDICTION,src/tracking/advanced_tracker.py:kalman_homography,
S,2,2804,PREDICTION,src/tracking/advanced_tracker.py:kalman_homography,
S,5,2804,PREDICTION,src/tracking/advanced_tracker.py:kalman_homography,
S,6,2804,PREDICTION,src/tracking/advanced_tracker.py:kalman_homography,
S,7,2804,PREDICTION,src/tracking/advanced_tracker.py:kalman_homography,
D,5,2804
S,7,2804,PREDICTION,src/tracking/advanced_tracker.py:id_merge,
L,0,2804,DETECTION,src/tracking/advanced_tracker.py:_activate_slot,2804_254_976_539_1128
R,DETECTION,DETECTION,1
L,1,2804,PREDICTION,src/tracking/advanced_tracker.py:kalman_homography,
R,PREDICTION,PREDICTION,1
L,2,2804,PREDICTION,src/tracking/advanced_tracker.py:kalman_homography,
R,PREDICTION,PREDICTION,1
L,3,2804,DETECTION,src/tracking/advanced_tracker.py:_activate_slot,2804_603_651_887_798
R,DETECTION,DETECTION,1
L,4,2804,DETECTION,src/tracking/advanced_tracker.py:_activate_slot,2804_417_796_825_999
R,DETECTION,DETECTION,1
L,6,2804,PREDICTION,src/tracking/advanced_tracker.py:kalman_homography,
R,PREDICTION,PREDICTION,1
L,7,2804,PREDICTION,src/tracking/advanced_tracker.py:id_merge,
R,PREDICTION,PREDICTION,1
A,2804
S,0,2807,DETECTION,src/tracking/advanced_tracker.py:_activate_slot,2807_247_980_540_1119
S,3,2807,DETECTION,src/tracking/advanced_tracker.py:_activate_slot,2807_611_648_885_804
S,4,2807,DETECTION,src/tracking/advanced_tracker.py:_activate_slot,2807_472_817_824_987
S,1,2807,PREDICTION,src/tracking/advanced_tracker.py:kalman_homography,
S,2,2807,PREDICTION,src/tracking/advanced_tracker.py:kalman_homography,
S,5,2807,PREDICTION,src/tracking/advanced_tracker.py:kalman_homography,
S,6,2807,PREDICTION,src/tracking/advanced_tracker.py:kalman_homography,
S,7,2807,PREDICTION,src/tracking/advanced_tracker.py:kalman_homography,
L,0,2807,DETECTION,src/tracking/advanced_tracker.py:_activate_slot,2807_247_980_540_1119
R,DETECTION,DETECTION,1
L,1,2807,PREDICTION,src/tracking/advanced_tracker.py:kalman_homography,
R,PREDICTION,PREDICTION,1
L,2,2807,PREDICTION,src/tracking/advanced_tracker.py:kalman_homography,
R,PREDICTION,PREDICTION,1
L,3,2807,DETECTION,src/tracking/advanced_tracker.py:_activate_slot,2807_611_648_885_804
R,DETECTION,DETECTION,1
L,4,2807,DETECTION,src/tracking/advanced_tracker.py:_activate_slot,2807_472_817_824_987
R,DETECTION,DETECTION,1
L,5,2807,PREDICTION,src/tracking/advanced_tracker.py:kalman_homography,
R,PREDICTION,PREDICTION,1
L,6,2807,PREDICTION,src/tracking/advanced_tracker.py:kalman_homography,
R,PREDICTION,PREDICTION,1
L,7,2807,PREDICTION,src/tracking/advanced_tracker.py:kalman_homography,
R,PREDICTION,PREDICTION,1
A,2807
S,0,2810,DETECTION,src/tracking/advanced_tracker.py:_activate_slot,2810_239_972_541_1095
S,1,2810,DETECTION,src/tracking/advanced_tracker.py:_activate_slot,2810_451_798_829_1031
S,2,2810,DETECTION,src/tracking/advanced_tracker.py:_activate_slot,2810_390_890_655_1022
S,4,2810,DETECTION,src/tracking/advanced_tracker.py:_activate_slot,2810_493_796_829_985
S,8,2810,DETECTION,src/tracking/advanced_tracker.py:_activate_slot,2810_624_620_884_774
S,3,2810,PREDICTION,src/tracking/advanced_tracker.py:kalman_homography,
S,5,2810,PREDICTION,src/tracking/advanced_tracker.py:kalman_homography,
S,6,2810,PREDICTION,src/tracking/advanced_tracker.py:kalman_homography,
S,7,2810,PREDICTION,src/tracking/advanced_tracker.py:kalman_homography,
L,0,2810,DETECTION,src/tracking/advanced_tracker.py:_activate_slot,2810_239_972_541_1095
R,DETECTION,DETECTION,1
L,1,2810,DETECTION,src/tracking/advanced_tracker.py:_activate_slot,2810_451_798_829_1031
R,CLAMP,CLAMP,0
L,2,2810,DETECTION,src/tracking/advanced_tracker.py:_activate_slot,2810_390_890_655_1022
R,CLAMP,CLAMP,0
L,3,2810,PREDICTION,src/tracking/advanced_tracker.py:kalman_homography,
R,PREDICTION,PREDICTION,1
L,4,2810,DETECTION,src/tracking/advanced_tracker.py:_activate_slot,2810_493_796_829_985
R,DETECTION,DETECTION,1
L,5,2810,PREDICTION,src/tracking/advanced_tracker.py:kalman_homography,
R,PREDICTION,SUBPIXEL,0
L,6,2810,PREDICTION,src/tracking/advanced_tracker.py:kalman_homography,
R,PREDICTION,PREDICTION,1
L,7,2810,PREDICTION,src/tracking/advanced_tracker.py:kalman_homography,
R,PREDICTION,PREDICTION,1
L,8,2810,DETECTION,src/tracking/advanced_tracker.py:_activate_slot,2810_624_620_884_774
R,DETECTION,DETECTION,1
A,2810
S,0,2813,DETECTION,src/tracking/advanced_tracker.py:_activate_slot,2813_201_876_541_1095
S,1,2813,DETECTION,src/tracking/advanced_tracker.py:_activate_slot,2813_423_777_828_1076
S,3,2813,DETECTION,src/tracking/advanced_tracker.py:_activate_slot,2813_621_608_887_758
S,4,2813,DETECTION,src/tracking/advanced_tracker.py:_activate_slot,2813_479_775_831_1015
S,2,2813,PREDICTION,src/tracking/advanced_tracker.py:kalman_homography,
S,5,2813,PREDICTION,src/tracking/advanced_tracker.py:kalman_homography,
S,6,2813,PREDICTION,src/tracking/advanced_tracker.py:kalman_homography,
S,7,2813,PREDICTION,src/tracking/advanced_tracker.py:kalman_homography,
S,8,2813,PREDICTION,src/tracking/advanced_tracker.py:kalman_homography,
L,0,2813,DETECTION,src/tracking/advanced_tracker.py:_activate_slot,2813_201_876_541_1095
R,DETECTION,DETECTION,1
L,1,2813,DETECTION,src/tracking/advanced_tracker.py:_activate_slot,2813_423_777_828_1076
R,CLAMP,CLAMP,0
L,2,2813,PREDICTION,src/tracking/advanced_tracker.py:kalman_homography,
R,CLAMP,CLAMP,0
L,3,2813,DETECTION,src/tracking/advanced_tracker.py:_activate_slot,2813_621_608_887_758
R,DETECTION,DETECTION,1
L,4,2813,DETECTION,src/tracking/advanced_tracker.py:_activate_slot,2813_479_775_831_1015
R,DETECTION,DETECTION,1
L,5,2813,PREDICTION,src/tracking/advanced_tracker.py:kalman_homography,
R,PREDICTION,SUBPIXEL,0
L,6,2813,PREDICTION,src/tracking/advanced_tracker.py:kalman_homography,
R,PREDICTION,PREDICTION,1
L,7,2813,PREDICTION,src/tracking/advanced_tracker.py:kalman_homography,
R,PREDICTION,PREDICTION,1
L,8,2813,PREDICTION,src/tracking/advanced_tracker.py:kalman_homography,
R,PREDICTION,PREDICTION,1
A,2813
S,0,2816,DETECTION,src/tracking/advanced_tracker.py:_activate_slot,2816_239_943_537_1102
S,3,2816,DETECTION,src/tracking/advanced_tracker.py:_activate_slot,2816_592_600_885_769
S,4,2816,DETECTION,src/tracking/advanced_tracker.py:_activate_slot,2816_528_774_830_987
S,5,2816,DETECTION,src/tracking/advanced_tracker.py:_activate_slot,2816_408_893_725_1028
S,1,2816,PREDICTION,src/tracking/advanced_tracker.py:kalman_homography,
S,2,2816,PREDICTION,src/tracking/advanced_tracker.py:kalman_homography,
S,6,2816,PREDICTION,src/tracking/advanced_tracker.py:kalman_homography,
S,7,2816,PREDICTION,src/tracking/advanced_tracker.py:kalman_homography,
S,8,2816,PREDICTION,src/tracking/advanced_tracker.py:kalman_homography,
L,0,2816,DETECTION,src/tracking/advanced_tracker.py:_activate_slot,2816_239_943_537_1102
R,DETECTION,DETECTION,1
L,1,2816,PREDICTION,src/tracking/advanced_tracker.py:kalman_homography,
R,CLAMP,CLAMP,0
L,2,2816,PREDICTION,src/tracking/advanced_tracker.py:kalman_homography,
R,CLAMP,CLAMP,0
L,3,2816,DETECTION,src/tracking/advanced_tracker.py:_activate_slot,2816_592_600_885_769
R,DETECTION,DETECTION,1
L,4,2816,DETECTION,src/tracking/advanced_tracker.py:_activate_slot,2816_528_774_830_987
R,DETECTION,DETECTION,1
L,5,2816,DETECTION,src/tracking/advanced_tracker.py:_activate_slot,2816_408_893_725_1028
R,DETECTION,DETECTION,1
L,6,2816,PREDICTION,src/tracking/advanced_tracker.py:kalman_homography,
R,PREDICTION,PREDICTION,1
L,7,2816,PREDICTION,src/tracking/advanced_tracker.py:kalman_homography,
R,PREDICTION,PREDICTION,1
L,8,2816,PREDICTION,src/tracking/advanced_tracker.py:kalman_homography,
R,PREDICTION,SUBPIXEL,0
A,2816
S,0,2819,DETECTION,src/tracking/advanced_tracker.py:_activate_slot,2819_217_946_535_1105
S,1,2819,DETECTION,src/tracking/advanced_tracker.py:_activate_slot,2819_410_883_725_1050
S,3,2819,DETECTION,src/tracking/advanced_tracker.py:_activate_slot,2819_585_594_888_747
S,4,2819,DETECTION,src/tracking/advanced_tracker.py:_activate_slot,2819_522_778_829_976
S,2,2819,DETECTION,src/tracking/advanced_tracker.py:_activate_slot,2819_218_951_672_1106
S,5,2819,PREDICTION,src/tracking/advanced_tracker.py:kalman_homography,
S,6,2819,PREDICTION,src/tracking/advanced_tracker.py:kalman_homography,
S,7,2819,PREDICTION,src/tracking/advanced_tracker.py:kalman_homography,
S,8,2819,PREDICTION,src/tracking/advanced_tracker.py:kalman_homography,
L,0,2819,DETECTION,src/tracking/advanced_tracker.py:_activate_slot,2819_217_946_535_1105
R,DETECTION,DETECTION,1
L,1,2819,DETECTION,src/tracking/advanced_tracker.py:_activate_slot,2819_410_883_725_1050
R,CLAMP,CLAMP,0
L,2,2819,DETECTION,src/tracking/advanced_tracker.py:_activate_slot,2819_218_951_672_1106
R,CLAMP,CLAMP,0
L,3,2819,DETECTION,src/tracking/advanced_tracker.py:_activate_slot,2819_585_594_888_747
R,DETECTION,DETECTION,1
L,4,2819,DETECTION,src/tracking/advanced_tracker.py:_activate_slot,2819_522_778_829_976
R,DETECTION,DETECTION,1
L,5,2819,PREDICTION,src/tracking/advanced_tracker.py:kalman_homography,
R,PREDICTION,PREDICTION,1
L,6,2819,PREDICTION,src/tracking/advanced_tracker.py:kalman_homography,
R,PREDICTION,PREDICTION,1
L,7,2819,PREDICTION,src/tracking/advanced_tracker.py:kalman_homography,
R,PREDICTION,PREDICTION,1
L,8,2819,PREDICTION,src/tracking/advanced_tracker.py:kalman_homography,
R,PREDICTION,SUBPIXEL,0
A,2819
S,3,2822,DETECTION,src/tracking/advanced_tracker.py:_activate_slot,2822_587_567_888_740
S,4,2822,DETECTION,src/tracking/advanced_tracker.py:_activate_slot,2822_527_768_823_933
S,1,2822,DETECTION,src/tracking/advanced_tracker.py:_activate_slot,2822_442_909_697_1050
S,5,2822,DETECTION,src/tracking/advanced_tracker.py:_activate_slot,2822_435_910_709_1105
S,0,2822,PREDICTION,src/tracking/advanced_tracker.py:kalman_homography,
S,2,2822,PREDICTION,src/tracking/advanced_tracker.py:kalman_homography,
S,6,2822,PREDICTION,src/tracking/advanced_tracker.py:kalman_homography,
S,7,2822,PREDICTION,src/tracking/advanced_tracker.py:kalman_homography,
S,8,2822,PREDICTION,src/tracking/advanced_tracker.py:kalman_homography,
L,0,2822,PREDICTION,src/tracking/advanced_tracker.py:kalman_homography,
R,PREDICTION,PREDICTION,1
L,1,2822,DETECTION,src/tracking/advanced_tracker.py:_activate_slot,2822_442_909_697_1050
R,CLAMP,CLAMP,0
L,2,2822,PREDICTION,src/tracking/advanced_tracker.py:kalman_homography,
R,CLAMP,CLAMP,0
L,3,2822,DETECTION,src/tracking/advanced_tracker.py:_activate_slot,2822_587_567_888_740
R,DETECTION,DETECTION,1
L,4,2822,DETECTION,src/tracking/advanced_tracker.py:_activate_slot,2822_527_768_823_933
R,DETECTION,DETECTION,1
L,5,2822,DETECTION,src/tracking/advanced_tracker.py:_activate_slot,2822_435_910_709_1105
R,DETECTION,DETECTION,1
L,6,2822,PREDICTION,src/tracking/advanced_tracker.py:kalman_homography,
R,PREDICTION,PREDICTION,1
L,7,2822,PREDICTION,src/tracking/advanced_tracker.py:kalman_homography,
R,PREDICTION,PREDICTION,1
L,8,2822,PREDICTION,src/tracking/advanced_tracker.py:kalman_homography,
R,PREDICTION,SUBPIXEL,0
A,2822
S,0,2825,DETECTION,src/tracking/advanced_tracker.py:_activate_slot,2825_230_958_505_1093
S,1,2825,DETECTION,src/tracking/advanced_tracker.py:_activate_slot,2825_424_901_726_1102
S,3,2825,DETECTION,src/tracking/advanced_tracker.py:_activate_slot,2825_591_568_887_719
S,4,2825,DETECTION,src/tracking/advanced_tracker.py:_activate_slot,2825_529_771_825_945
S,2,2825,DETECTION,src/tracking/advanced_tracker.py:_activate_slot,2825_232_898_710_1108
S,5,2825,PREDICTION,src/tracking/advanced_tracker.py:kalman_homography,
S,8,2825,PREDICTION,src/tracking/advanced_tracker.py:kalman_homography,
S,6,2825,PREDICTION,src/tracking/advanced_tracker.py:flow_gapfill_batched,
S,7,2825,PREDICTION,src/tracking/advanced_tracker.py:flow_gapfill_batched,
D,1,2825
S,2,2825,PREDICTION,src/tracking/advanced_tracker.py:id_merge,
L,0,2825,DETECTION,src/tracking/advanced_tracker.py:_activate_slot,2825_230_958_505_1093
R,CLAMP,CLAMP,0
L,2,2825,PREDICTION,src/tracking/advanced_tracker.py:id_merge,
R,CLAMP,CLAMP,0
L,3,2825,DETECTION,src/tracking/advanced_tracker.py:_activate_slot,2825_591_568_887_719
R,DETECTION,DETECTION,1
L,4,2825,DETECTION,src/tracking/advanced_tracker.py:_activate_slot,2825_529_771_825_945
R,DETECTION,DETECTION,1
L,5,2825,PREDICTION,src/tracking/advanced_tracker.py:kalman_homography,
R,PREDICTION,PREDICTION,1
L,6,2825,PREDICTION,src/tracking/advanced_tracker.py:flow_gapfill_batched,
R,PREDICTION,PREDICTION,1
L,7,2825,PREDICTION,src/tracking/advanced_tracker.py:flow_gapfill_batched,
R,CLAMP,CLAMP,0
L,8,2825,PREDICTION,src/tracking/advanced_tracker.py:kalman_homography,
R,PREDICTION,SUBPIXEL,0
A,2825
S,0,2828,DETECTION,src/tracking/advanced_tracker.py:_activate_slot,2828_238_946_517_1087
S,1,2828,DETECTION,src/tracking/advanced_tracker.py:_activate_slot,2828_408_915_726_1104
S,2,2828,DETECTION,src/tracking/advanced_tracker.py:_activate_slot,2828_241_918_725_1098
S,3,2828,DETECTION,src/tracking/advanced_tracker.py:_activate_slot,2828_583_571_885_699
S,4,2828,DETECTION,src/tracking/advanced_tracker.py:_activate_slot,2828_528_754_826_931
S,5,2828,PREDICTION,src/tracking/advanced_tracker.py:kalman_homography,
S,8,2828,PREDICTION,src/tracking/advanced_tracker.py:kalman_homography,
D,1,2828
S,2,2828,PREDICTION,src/tracking/advanced_tracker.py:id_merge,
L,0,2828,DETECTION,src/tracking/advanced_tracker.py:_activate_slot,2828_238_946_517_1087
R,DETECTION,DETECTION,1
L,2,2828,PREDICTION,src/tracking/advanced_tracker.py:id_merge,
R,CLAMP,CLAMP,0
L,3,2828,DETECTION,src/tracking/advanced_tracker.py:_activate_slot,2828_583_571_885_699
R,DETECTION,DETECTION,1
L,4,2828,DETECTION,src/tracking/advanced_tracker.py:_activate_slot,2828_528_754_826_931
R,DETECTION,DETECTION,1
L,5,2828,PREDICTION,src/tracking/advanced_tracker.py:kalman_homography,
R,PREDICTION,PREDICTION,1
L,8,2828,PREDICTION,src/tracking/advanced_tracker.py:kalman_homography,
R,PREDICTION,SUBPIXEL,0
A,2828
S,0,2831,DETECTION,src/tracking/advanced_tracker.py:_activate_slot,2831_254_852_553_986
S,1,2831,DETECTION,src/tracking/advanced_tracker.py:_activate_slot,2831_389_939_722_1098
S,2,2831,DETECTION,src/tracking/advanced_tracker.py:_activate_slot,2831_236_930_722_1101
S,3,2831,DETECTION,src/tracking/advanced_tracker.py:_activate_slot,2831_576_573_884_698
S,4,2831,DETECTION,src/tracking/advanced_tracker.py:_activate_slot,2831_529_760_826_934
S,5,2831,PREDICTION,src/tracking/advanced_tracker.py:kalman_homography,
S,8,2831,PREDICTION,src/tracking/advanced_tracker.py:kalman_homography,
D,1,2831
S,2,2831,PREDICTION,src/tracking/advanced_tracker.py:id_merge,
L,0,2831,DETECTION,src/tracking/advanced_tracker.py:_activate_slot,2831_254_852_553_986
R,DETECTION,DETECTION,1
L,2,2831,PREDICTION,src/tracking/advanced_tracker.py:id_merge,
R,CLAMP,CLAMP,0
L,3,2831,DETECTION,src/tracking/advanced_tracker.py:_activate_slot,2831_576_573_884_698
R,DETECTION,DETECTION,1
L,4,2831,DETECTION,src/tracking/advanced_tracker.py:_activate_slot,2831_529_760_826_934
R,DETECTION,DETECTION,1
L,5,2831,PREDICTION,src/tracking/advanced_tracker.py:kalman_homography,
R,PREDICTION,PREDICTION,1
L,8,2831,PREDICTION,src/tracking/advanced_tracker.py:kalman_homography,
R,PREDICTION,SUBPIXEL,0
A,2831
S,0,2834,DETECTION,src/tracking/advanced_tracker.py:_activate_slot,2834_262_802_553_973
S,3,2834,DETECTION,src/tracking/advanced_tracker.py:_activate_slot,2834_560_579_885_741
S,4,2834,DETECTION,src/tracking/advanced_tracker.py:_activate_slot,2834_521_756_824_942
S,5,2834,DETECTION,src/tracking/advanced_tracker.py:_activate_slot,2834_408_980_737_1148
S,6,2834,DETECTION,src/tracking/advanced_tracker.py:_activate_slot,2834_240_904_504_1089
S,1,2834,PREDICTION,src/tracking/advanced_tracker.py:kalman_homography,
S,2,2834,PREDICTION,src/tracking/advanced_tracker.py:kalman_homography,
S,8,2834,PREDICTION,src/tracking/advanced_tracker.py:flow_gapfill_batched,
D,1,2834
S,2,2834,PREDICTION,src/tracking/advanced_tracker.py:id_merge,
L,0,2834,DETECTION,src/tracking/advanced_tracker.py:_activate_slot,2834_262_802_553_973
R,DETECTION,DETECTION,1
L,2,2834,PREDICTION,src/tracking/advanced_tracker.py:id_merge,
R,CLAMP,CLAMP,0
L,3,2834,DETECTION,src/tracking/advanced_tracker.py:_activate_slot,2834_560_579_885_741
R,DETECTION,DETECTION,1
L,4,2834,DETECTION,src/tracking/advanced_tracker.py:_activate_slot,2834_521_756_824_942
R,DETECTION,DETECTION,1
L,5,2834,DETECTION,src/tracking/advanced_tracker.py:_activate_slot,2834_408_980_737_1148
R,DETECTION,DETECTION,1
L,6,2834,DETECTION,src/tracking/advanced_tracker.py:_activate_slot,2834_240_904_504_1089
R,CLAMP,CLAMP,0
L,8,2834,PREDICTION,src/tracking/advanced_tracker.py:flow_gapfill_batched,
R,PREDICTION,PREDICTION,1
A,2834
S,1,2837,CLAMP,src/tracking/advanced_tracker.py:_activate_slot,2837_383_967_744_1168
S,3,2837,DETECTION,src/tracking/advanced_tracker.py:_activate_slot,2837_555_584_885_747
S,4,2837,DETECTION,src/tracking/advanced_tracker.py:_activate_slot,2837_525_752_828_948
S,6,2837,DETECTION,src/tracking/advanced_tracker.py:_activate_slot,2837_245_958_507_1090
S,7,2837,CLAMP,src/tracking/advanced_tracker.py:_activate_slot,2837_267_756_552_975
S,9,2837,DETECTION,src/tracking/advanced_tracker.py:_activate_slot,2837_246_891_510_1092
S,0,2837,PREDICTION,src/tracking/advanced_tracker.py:kalman_homography,
S,2,2837,PREDICTION,src/tracking/advanced_tracker.py:kalman_homography,
S,5,2837,PREDICTION,src/tracking/advanced_tracker.py:kalman_homography,
L,0,2837,PREDICTION,src/tracking/advanced_tracker.py:kalman_homography,
R,PREDICTION,PREDICTION,1
L,1,2837,CLAMP,src/tracking/advanced_tracker.py:_activate_slot,2837_383_967_744_1168
R,CLAMP,CLAMP,0
L,2,2837,PREDICTION,src/tracking/advanced_tracker.py:kalman_homography,
R,CLAMP,CLAMP,0
L,3,2837,DETECTION,src/tracking/advanced_tracker.py:_activate_slot,2837_555_584_885_747
R,DETECTION,DETECTION,1
L,4,2837,DETECTION,src/tracking/advanced_tracker.py:_activate_slot,2837_525_752_828_948
R,DETECTION,DETECTION,1
L,5,2837,PREDICTION,src/tracking/advanced_tracker.py:kalman_homography,
R,PREDICTION,PREDICTION,1
L,6,2837,DETECTION,src/tracking/advanced_tracker.py:_activate_slot,2837_245_958_507_1090
R,CLAMP,CLAMP,0
L,7,2837,CLAMP,src/tracking/advanced_tracker.py:_activate_slot,2837_267_756_552_975
R,CLAMP,CLAMP,0
L,9,2837,DETECTION,src/tracking/advanced_tracker.py:_activate_slot,2837_246_891_510_1092
R,DETECTION,DETECTION,1
A,2837
S,0,2840,DETECTION,src/tracking/advanced_tracker.py:_activate_slot,2840_263_747_556_891
S,3,2840,DETECTION,src/tracking/advanced_tracker.py:_activate_slot,2840_551_607_885_817
S,4,2840,DETECTION,src/tracking/advanced_tracker.py:_activate_slot,2840_527_771_821_972
S,5,2840,DETECTION,src/tracking/advanced_tracker.py:_activate_slot,2840_408_990_741_1206
S,6,2840,DETECTION,src/tracking/advanced_tracker.py:_activate_slot,2840_258_961_530_1093
S,9,2840,DETECTION,src/tracking/advanced_tracker.py:_activate_slot,2840_258_902_531_1092
S,1,2840,PREDICTION,src/tracking/advanced_tracker.py:kalman_homography,
S,2,2840,PREDICTION,src/tracking/advanced_tracker.py:kalman_homography,
S,7,2840,PREDICTION,src/tracking/advanced_tracker.py:kalman_homography,
L,0,2840,DETECTION,src/tracking/advanced_tracker.py:_activate_slot,2840_263_747_556_891
R,DETECTION,DETECTION,1
L,1,2840,PREDICTION,src/tracking/advanced_tracker.py:kalman_homography,
R,CLAMP,CLAMP,0
L,2,2840,PREDICTION,src/tracking/advanced_tracker.py:kalman_homography,
R,CLAMP,CLAMP,0
L,3,2840,DETECTION,src/tracking/advanced_tracker.py:_activate_slot,2840_551_607_885_817
R,DETECTION,DETECTION,1
L,4,2840,DETECTION,src/tracking/advanced_tracker.py:_activate_slot,2840_527_771_821_972
R,DETECTION,DETECTION,1
L,5,2840,DETECTION,src/tracking/advanced_tracker.py:_activate_slot,2840_408_990_741_1206
R,DETECTION,DETECTION,1
L,6,2840,DETECTION,src/tracking/advanced_tracker.py:_activate_slot,2840_258_961_530_1093
R,CLAMP,CLAMP,0
L,7,2840,PREDICTION,src/tracking/advanced_tracker.py:kalman_homography,
R,CLAMP,CLAMP,0
L,9,2840,DETECTION,src/tracking/advanced_tracker.py:_activate_slot,2840_258_902_531_1092
R,DETECTION,DETECTION,1
A,2840
S,0,2843,DETECTION,src/tracking/advanced_tracker.py:_activate_slot,2843_265_739_556_886
S,3,2843,DETECTION,src/tracking/advanced_tracker.py:_activate_slot,2843_554_612_886_844
S,4,2843,DETECTION,src/tracking/advanced_tracker.py:_activate_slot,2843_525_796_820_981
S,6,2843,DETECTION,src/tracking/advanced_tracker.py:_activate_slot,2843_257_961_528_1083
S,9,2843,DETECTION,src/tracking/advanced_tracker.py:_activate_slot,2843_257_908_528_1082
S,1,2843,PREDICTION,src/tracking/advanced_tracker.py:kalman_homography,
S,2,2843,PREDICTION,src/tracking/advanced_tracker.py:kalman_homography,
S,7,2843,PREDICTION,src/tracking/advanced_tracker.py:kalman_homography,
S,5,2843,PREDICTION,src/tracking/advanced_tracker.py:flow_gapfill_batched,
L,0,2843,DETECTION,src/tracking/advanced_tracker.py:_activate_slot,2843_265_739_556_886
R,DETECTION,DETECTION,1
L,1,2843,PREDICTION,src/tracking/advanced_tracker.py:kalman_homography,
R,CLAMP,CLAMP,0
L,2,2843,PREDICTION,src/tracking/advanced_tracker.py:kalman_homography,
R,CLAMP,CLAMP,0
L,3,2843,DETECTION,src/tracking/advanced_tracker.py:_activate_slot,2843_554_612_886_844
R,DETECTION,DETECTION,1
L,4,2843,DETECTION,src/tracking/advanced_tracker.py:_activate_slot,2843_525_796_820_981
R,DETECTION,DETECTION,1
L,5,2843,PREDICTION,src/tracking/advanced_tracker.py:flow_gapfill_batched,
R,PREDICTION,PREDICTION,1
L,6,2843,DETECTION,src/tracking/advanced_tracker.py:_activate_slot,2843_257_961_528_1083
R,CLAMP,CLAMP,0
L,7,2843,PREDICTION,src/tracking/advanced_tracker.py:kalman_homography,
R,CLAMP,CLAMP,0
L,9,2843,DETECTION,src/tracking/advanced_tracker.py:_activate_slot,2843_257_908_528_1082
R,DETECTION,DETECTION,1
A,2843
S,0,2846,DETECTION,src/tracking/advanced_tracker.py:_activate_slot,2846_270_720_564_869
S,3,2846,DETECTION,src/tracking/advanced_tracker.py:_activate_slot,2846_549_642_881_857
S,4,2846,DETECTION,src/tracking/advanced_tracker.py:_activate_slot,2846_527_813_819_996
S,9,2846,DETECTION,src/tracking/advanced_tracker.py:_activate_slot,2846_254_941_527_1089
S,2,2846,PREDICTION,src/tracking/advanced_tracker.py:kalman_homography,
S,6,2846,PREDICTION,src/tracking/advanced_tracker.py:kalman_homography,
S,7,2846,PREDICTION,src/tracking/advanced_tracker.py:kalman_homography,
S,1,2846,PREDICTION,src/tracking/advanced_tracker.py:flow_gapfill_batched,
S,5,2846,PREDICTION,src/tracking/advanced_tracker.py:flow_gapfill_batched,
L,0,2846,DETECTION,src/tracking/advanced_tracker.py:_activate_slot,2846_270_720_564_869
R,DETECTION,DETECTION,1
L,1,2846,PREDICTION,src/tracking/advanced_tracker.py:flow_gapfill_batched,
R,CLAMP,CLAMP,0
L,2,2846,PREDICTION,src/tracking/advanced_tracker.py:kalman_homography,
R,CLAMP,CLAMP,0
L,3,2846,DETECTION,src/tracking/advanced_tracker.py:_activate_slot,2846_549_642_881_857
R,DETECTION,DETECTION,1
L,4,2846,DETECTION,src/tracking/advanced_tracker.py:_activate_slot,2846_527_813_819_996
R,DETECTION,DETECTION,1
L,5,2846,PREDICTION,src/tracking/advanced_tracker.py:flow_gapfill_batched,
R,PREDICTION,PREDICTION,1
L,6,2846,PREDICTION,src/tracking/advanced_tracker.py:kalman_homography,
R,CLAMP,CLAMP,0
L,7,2846,PREDICTION,src/tracking/advanced_tracker.py:kalman_homography,
R,CLAMP,CLAMP,0
L,9,2846,DETECTION,src/tracking/advanced_tracker.py:_activate_slot,2846_254_941_527_1089
R,DETECTION,DETECTION,1
A,2846
S,0,2849,DETECTION,src/tracking/advanced_tracker.py:_activate_slot,2849_275_677_566_858
S,3,2849,DETECTION,src/tracking/advanced_tracker.py:_activate_slot,2849_519_849_818_1002
S,5,2849,CLAMP,src/tracking/advanced_tracker.py:_activate_slot,2849_254_968_528_1077
S,2,2849,PREDICTION,src/tracking/advanced_tracker.py:kalman_homography,
S,4,2849,PREDICTION,src/tracking/advanced_tracker.py:kalman_homography,
S,6,2849,PREDICTION,src/tracking/advanced_tracker.py:kalman_homography,
S,9,2849,PREDICTION,src/tracking/advanced_tracker.py:kalman_homography,
S,1,2849,PREDICTION,src/tracking/advanced_tracker.py:flow_gapfill_batched,
S,7,2849,PREDICTION,src/tracking/advanced_tracker.py:flow_gapfill_batched,
D,4,2849
S,3,2849,PREDICTION,src/tracking/advanced_tracker.py:id_merge,
L,0,2849,DETECTION,src/tracking/advanced_tracker.py:_activate_slot,2849_275_677_566_858
R,DETECTION,DETECTION,1
L,1,2849,PREDICTION,src/tracking/advanced_tracker.py:flow_gapfill_batched,
R,CLAMP,CLAMP,0
L,2,2849,PREDICTION,src/tracking/advanced_tracker.py:kalman_homography,
R,CLAMP,CLAMP,0
L,3,2849,PREDICTION,src/tracking/advanced_tracker.py:id_merge,
R,CLAMP,CLAMP,0
L,5,2849,CLAMP,src/tracking/advanced_tracker.py:_activate_slot,2849_254_968_528_1077
R,CLAMP,CLAMP,0
L,6,2849,PREDICTION,src/tracking/advanced_tracker.py:kalman_homography,
R,CLAMP,CLAMP,0
L,7,2849,PREDICTION,src/tracking/advanced_tracker.py:flow_gapfill_batched,
R,CLAMP,CLAMP,0
L,9,2849,PREDICTION,src/tracking/advanced_tracker.py:kalman_homography,
R,PREDICTION,PREDICTION,1
A,2849
S,0,2852,DETECTION,src/tracking/advanced_tracker.py:_activate_slot,2852_276_654_572_848
S,3,2852,DETECTION,src/tracking/advanced_tracker.py:_activate_slot,2852_543_694_885_876
S,4,2852,DETECTION,src/tracking/advanced_tracker.py:_activate_slot,2852_512_889_819_1021
S,6,2852,DETECTION,src/tracking/advanced_tracker.py:_activate_slot,2852_261_972_559_1077
S,2,2852,PREDICTION,src/tracking/advanced_tracker.py:kalman_homography,
S,5,2852,PREDICTION,src/tracking/advanced_tracker.py:kalman_homography,
S,9,2852,PREDICTION,src/tracking/advanced_tracker.py:kalman_homography,
S,1,2852,PREDICTION,src/tracking/advanced_tracker.py:flow_gapfill_batched,
S,7,2852,PREDICTION,src/tracking/advanced_tracker.py:flow_gapfill_batched,
L,0,2852,DETECTION,src/tracking/advanced_tracker.py:_activate_slot,2852_276_654_572_848
R,DETECTION,DETECTION,1
L,1,2852,PREDICTION,src/tracking/advanced_tracker.py:flow_gapfill_batched,
R,CLAMP,CLAMP,0
L,2,2852,PREDICTION,src/tracking/advanced_tracker.py:kalman_homography,
R,CLAMP,CLAMP,0
L,3,2852,DETECTION,src/tracking/advanced_tracker.py:_activate_slot,2852_543_694_885_876
R,DETECTION,DETECTION,1
L,4,2852,DETECTION,src/tracking/advanced_tracker.py:_activate_slot,2852_512_889_819_1021
R,DETECTION,DETECTION,1
L,5,2852,PREDICTION,src/tracking/advanced_tracker.py:kalman_homography,
R,CLAMP,CLAMP,0
L,6,2852,DETECTION,src/tracking/advanced_tracker.py:_activate_slot,2852_261_972_559_1077
R,CLAMP,CLAMP,0
L,7,2852,PREDICTION,src/tracking/advanced_tracker.py:flow_gapfill_batched,
R,CLAMP,CLAMP,0
L,9,2852,PREDICTION,src/tracking/advanced_tracker.py:kalman_homography,
R,PREDICTION,PREDICTION,1
A,2852
S,0,2855,DETECTION,src/tracking/advanced_tracker.py:_activate_slot,2855_280_656_570_853
S,3,2855,DETECTION,src/tracking/advanced_tracker.py:_activate_slot,2855_544_707_883_870
S,4,2855,DETECTION,src/tracking/advanced_tracker.py:_activate_slot,2855_507_895_817_1027
S,5,2855,DETECTION,src/tracking/advanced_tracker.py:_activate_slot,2855_266_972_561_1077
S,6,2855,PREDICTION,src/tracking/advanced_tracker.py:kalman_homography,
S,9,2855,PREDICTION,src/tracking/advanced_tracker.py:kalman_homography,
S,1,2855,PREDICTION,src/tracking/advanced_tracker.py:flow_gapfill_batched,
S,2,2855,PREDICTION,src/tracking/advanced_tracker.py:flow_gapfill_batched,
S,7,2855,PREDICTION,src/tracking/advanced_tracker.py:flow_gapfill_batched,
D,6,2855
S,5,2855,PREDICTION,src/tracking/advanced_tracker.py:id_merge,
D,9,2855
S,5,2855,PREDICTION,src/tracking/advanced_tracker.py:id_merge,
L,0,2855,DETECTION,src/tracking/advanced_tracker.py:_activate_slot,2855_280_656_570_853
R,DETECTION,DETECTION,1
L,1,2855,PREDICTION,src/tracking/advanced_tracker.py:flow_gapfill_batched,
R,CLAMP,CLAMP,0
L,2,2855,PREDICTION,src/tracking/advanced_tracker.py:flow_gapfill_batched,
R,CLAMP,CLAMP,0
L,3,2855,DETECTION,src/tracking/advanced_tracker.py:_activate_slot,2855_544_707_883_870
R,DETECTION,DETECTION,1
L,4,2855,DETECTION,src/tracking/advanced_tracker.py:_activate_slot,2855_507_895_817_1027
R,DETECTION,DETECTION,1
L,5,2855,PREDICTION,src/tracking/advanced_tracker.py:id_merge,
R,CLAMP,CLAMP,0
L,7,2855,PREDICTION,src/tracking/advanced_tracker.py:flow_gapfill_batched,
R,CLAMP,CLAMP,0
A,2855
S,0,2858,DETECTION,src/tracking/advanced_tracker.py:_activate_slot,2858_273_625_568_850
S,3,2858,DETECTION,src/tracking/advanced_tracker.py:_activate_slot,2858_543_715_881_864
S,4,2858,DETECTION,src/tracking/advanced_tracker.py:_activate_slot,2858_504_917_809_1055
S,6,2858,DETECTION,src/tracking/advanced_tracker.py:_activate_slot,2858_265_959_559_1076
S,5,2858,PREDICTION,src/tracking/advanced_tracker.py:kalman_homography,
S,9,2858,PREDICTION,src/tracking/advanced_tracker.py:kalman_homography,
S,1,2858,PREDICTION,src/tracking/advanced_tracker.py:flow_gapfill_batched,
S,7,2858,PREDICTION,src/tracking/advanced_tracker.py:flow_gapfill_batched,
D,9,2858
S,6,2858,PREDICTION,src/tracking/advanced_tracker.py:id_merge,
L,0,2858,DETECTION,src/tracking/advanced_tracker.py:_activate_slot,2858_273_625_568_850
R,DETECTION,DETECTION,1
L,1,2858,PREDICTION,src/tracking/advanced_tracker.py:flow_gapfill_batched,
R,CLAMP,CLAMP,0
L,3,2858,DETECTION,src/tracking/advanced_tracker.py:_activate_slot,2858_543_715_881_864
R,DETECTION,DETECTION,1
L,4,2858,DETECTION,src/tracking/advanced_tracker.py:_activate_slot,2858_504_917_809_1055
R,DETECTION,DETECTION,1
L,5,2858,PREDICTION,src/tracking/advanced_tracker.py:kalman_homography,
R,CLAMP,CLAMP,0
L,6,2858,PREDICTION,src/tracking/advanced_tracker.py:id_merge,
R,CLAMP,CLAMP,0
L,7,2858,PREDICTION,src/tracking/advanced_tracker.py:flow_gapfill_batched,
R,CLAMP,CLAMP,0
A,2858
S,2,2861,DETECTION,src/tracking/advanced_tracker.py:_activate_slot,2861_504_919_795_1072
S,3,2861,DETECTION,src/tracking/advanced_tracker.py:_activate_slot,2861_540_717_880_856
S,4,2861,CLAMP,src/tracking/advanced_tracker.py:_activate_slot,2861_271_633_565_816
S,6,2861,DETECTION,src/tracking/advanced_tracker.py:_activate_slot,2861_262_964_556_1075
S,0,2861,PREDICTION,src/tracking/advanced_tracker.py:kalman_homography,
S,5,2861,PREDICTION,src/tracking/advanced_tracker.py:kalman_homography,
S,9,2861,PREDICTION,src/tracking/advanced_tracker.py:kalman_homography,
S,1,2861,PREDICTION,src/tracking/advanced_tracker.py:flow_gapfill_batched,
S,7,2861,PREDICTION,src/tracking/advanced_tracker.py:flow_gapfill_batched,
D,2,2861
S,4,2861,PREDICTION,src/tracking/advanced_tracker.py:id_merge,
L,0,2861,PREDICTION,src/tracking/advanced_tracker.py:kalman_homography,
R,PREDICTION,PREDICTION,1
L,1,2861,PREDICTION,src/tracking/advanced_tracker.py:flow_gapfill_batched,
R,CLAMP,CLAMP,0
L,3,2861,DETECTION,src/tracking/advanced_tracker.py:_activate_slot,2861_540_717_880_856
R,DETECTION,DETECTION,1
L,4,2861,PREDICTION,src/tracking/advanced_tracker.py:id_merge,
R,PREDICTION,SUBPIXEL,0
L,5,2861,PREDICTION,src/tracking/advanced_tracker.py:kalman_homography,
R,CLAMP,CLAMP,0
L,6,2861,DETECTION,src/tracking/advanced_tracker.py:_activate_slot,2861_262_964_556_1075
R,CLAMP,CLAMP,0
L,7,2861,PREDICTION,src/tracking/advanced_tracker.py:flow_gapfill_batched,
R,CLAMP,CLAMP,0
L,9,2861,PREDICTION,src/tracking/advanced_tracker.py:kalman_homography,
R,PREDICTION,PREDICTION,1
A,2861
S,0,2864,DETECTION,src/tracking/advanced_tracker.py:_activate_slot,2864_247_615_565_763
S,2,2864,DETECTION,src/tracking/advanced_tracker.py:_activate_slot,2864_498_933_795_1083
S,3,2864,DETECTION,src/tracking/advanced_tracker.py:_activate_slot,2864_537_713_878_851
S,4,2864,CLAMP,src/tracking/advanced_tracker.py:_activate_slot,2864_259_646_566_766
S,6,2864,DETECTION,src/tracking/advanced_tracker.py:_activate_slot,2864_266_950_556_1067
S,8,2864,DETECTION,src/tracking/advanced_tracker.py:_activate_slot,2864_246_665_562_761
S,5,2864,PREDICTION,src/tracking/advanced_tracker.py:kalman_homography,
S,9,2864,PREDICTION,src/tracking/advanced_tracker.py:kalman_homography,
D,2,2864
S,4,2864,PREDICTION,src/tracking/advanced_tracker.py:id_merge,
L,0,2864,DETECTION,src/tracking/advanced_tracker.py:_activate_slot,2864_247_615_565_763
R,DETECTION,DETECTION,1
L,3,2864,DETECTION,src/tracking/advanced_tracker.py:_activate_slot,2864_537_713_878_851
R,DETECTION,DETECTION,1
L,4,2864,PREDICTION,src/tracking/advanced_tracker.py:id_merge,
R,PREDICTION,SUBPIXEL,0
L,5,2864,PREDICTION,src/tracking/advanced_tracker.py:kalman_homography,
R,CLAMP,CLAMP,0
L,6,2864,DETECTION,src/tracking/advanced_tracker.py:_activate_slot,2864_266_950_556_1067
R,CLAMP,CLAMP,0
L,8,2864,DETECTION,src/tracking/advanced_tracker.py:_activate_slot,2864_246_665_562_761
R,CLAMP,CLAMP,0
L,9,2864,PREDICTION,src/tracking/advanced_tracker.py:kalman_homography,
R,PREDICTION,PREDICTION,1
A,2864
S,0,2867,DETECTION,src/tracking/advanced_tracker.py:_activate_slot,2867_269_655_540_753
S,2,2867,DETECTION,src/tracking/advanced_tracker.py:_activate_slot,2867_489_940_796_1081
S,3,2867,DETECTION,src/tracking/advanced_tracker.py:_activate_slot,2867_537_701_873_843
S,4,2867,CLAMP,src/tracking/advanced_tracker.py:_activate_slot,2867_237_603_556_714
S,6,2867,DETECTION,src/tracking/advanced_tracker.py:_activate_slot,2867_267_946_566_1075
S,8,2867,DETECTION,src/tracking/advanced_tracker.py:_activate_slot,2867_248_589_560_760
S,5,2867,PREDICTION,src/tracking/advanced_tracker.py:kalman_homography,
S,9,2867,PREDICTION,src/tracking/advanced_tracker.py:kalman_homography,
D,2,2867
S,4,2867,PREDICTION,src/tracking/advanced_tracker.py:id_merge,
L,0,2867,DETECTION,src/tracking/advanced_tracker.py:_activate_slot,2867_269_655_540_753
R,DETECTION,DETECTION,1
L,3,2867,DETECTION,src/tracking/advanced_tracker.py:_activate_slot,2867_537_701_873_843
R,DETECTION,DETECTION,1
L,4,2867,PREDICTION,src/tracking/advanced_tracker.py:id_merge,
R,PREDICTION,SUBPIXEL,0
L,5,2867,PREDICTION,src/tracking/advanced_tracker.py:kalman_homography,
R,CLAMP,CLAMP,0
L,6,2867,DETECTION,src/tracking/advanced_tracker.py:_activate_slot,2867_267_946_566_1075
R,CLAMP,CLAMP,0
L,8,2867,DETECTION,src/tracking/advanced_tracker.py:_activate_slot,2867_248_589_560_760
R,CLAMP,CLAMP,0
L,9,2867,PREDICTION,src/tracking/advanced_tracker.py:kalman_homography,
R,PREDICTION,PREDICTION,1
A,2867
S,0,2870,DETECTION,src/tracking/advanced_tracker.py:_activate_slot,2870_270_630_538_727
S,2,2870,DETECTION,src/tracking/advanced_tracker.py:_activate_slot,2870_490_951_799_1074
S,3,2870,DETECTION,src/tracking/advanced_tracker.py:_activate_slot,2870_537_678_878_836
S,6,2870,CLAMP,src/tracking/advanced_tracker.py:_activate_slot,2870_264_940_800_1075
S,5,2870,PREDICTION,src/tracking/advanced_tracker.py:kalman_homography,
S,8,2870,PREDICTION,src/tracking/advanced_tracker.py:kalman_homography,
S,4,2870,PREDICTION,src/tracking/advanced_tracker.py:flow_gapfill_batched,
S,9,2870,PREDICTION,src/tracking/advanced_tracker.py:flow_gapfill_batched,
D,4,2870
S,0,2870,PREDICTION,src/tracking/advanced_tracker.py:id_merge,
L,0,2870,PREDICTION,src/tracking/advanced_tracker.py:id_merge,
R,PREDICTION,PREDICTION,1
L,2,2870,DETECTION,src/tracking/advanced_tracker.py:_activate_slot,2870_490_951_799_1074
R,CLAMP,CLAMP,0
L,3,2870,DETECTION,src/tracking/advanced_tracker.py:_activate_slot,2870_537_678_878_836
R,DETECTION,DETECTION,1
L,5,2870,PREDICTION,src/tracking/advanced_tracker.py:kalman_homography,
R,CLAMP,CLAMP,0
L,6,2870,CLAMP,src/tracking/advanced_tracker.py:_activate_slot,2870_264_940_800_1075
R,CLAMP,CLAMP,0
L,8,2870,PREDICTION,src/tracking/advanced_tracker.py:kalman_homography,
R,CLAMP,CLAMP,0
L,9,2870,PREDICTION,src/tracking/advanced_tracker.py:flow_gapfill_batched,
R,CLAMP,CLAMP,0
A,2870
S,0,2873,DETECTION,src/tracking/advanced_tracker.py:_activate_slot,2873_278_620_540_717
S,2,2873,DETECTION,src/tracking/advanced_tracker.py:_activate_slot,2873_483_930_801_1071
S,6,2873,CLAMP,src/tracking/advanced_tracker.py:_activate_slot,2873_260_904_801_1072
S,8,2873,CLAMP,src/tracking/advanced_tracker.py:_activate_slot,2873_536_659_873_835
S,5,2873,DETECTION,src/tracking/advanced_tracker.py:_activate_slot,2873_271_903_556_1050
S,3,2873,PREDICTION,src/tracking/advanced_tracker.py:kalman_homography,
L,0,2873,DETECTION,src/tracking/advanced_tracker.py:_activate_slot,2873_278_620_540_717
R,DETECTION,DETECTION,1
L,2,2873,DETECTION,src/tracking/advanced_tracker.py:_activate_slot,2873_483_930_801_1071
R,CLAMP,CLAMP,0
L,3,2873,PREDICTION,src/tracking/advanced_tracker.py:kalman_homography,
R,PREDICTION,PREDICTION,1
L,5,2873,DETECTION,src/tracking/advanced_tracker.py:_activate_slot,2873_271_903_556_1050
R,CLAMP,CLAMP,0
L,6,2873,CLAMP,src/tracking/advanced_tracker.py:_activate_slot,2873_260_904_801_1072
R,CLAMP,CLAMP,0
L,8,2873,CLAMP,src/tracking/advanced_tracker.py:_activate_slot,2873_536_659_873_835
R,CLAMP,CLAMP,0
A,2873
S,0,2876,DETECTION,src/tracking/advanced_tracker.py:_activate_slot,2876_294_577_550_705
S,2,2876,DETECTION,src/tracking/advanced_tracker.py:_activate_slot,2876_505_921_804_1053
S,3,2876,DETECTION,src/tracking/advanced_tracker.py:_activate_slot,2876_535_643_871_795
S,5,2876,DETECTION,src/tracking/advanced_tracker.py:_activate_slot,2876_273_917_561_1050
S,6,2876,PREDICTION,src/tracking/advanced_tracker.py:kalman_homography,
S,8,2876,PREDICTION,src/tracking/advanced_tracker.py:kalman_homography,
S,4,2876,PREDICTION,src/tracking/advanced_tracker.py:flow_gapfill_batched,
D,4,2876
S,0,2876,PREDICTION,src/tracking/advanced_tracker.py:id_merge,
L,0,2876,PREDICTION,src/tracking/advanced_tracker.py:id_merge,
R,PREDICTION,PREDICTION,1
L,2,2876,DETECTION,src/tracking/advanced_tracker.py:_activate_slot,2876_505_921_804_1053
R,CLAMP,CLAMP,0
L,3,2876,DETECTION,src/tracking/advanced_tracker.py:_activate_slot,2876_535_643_871_795
R,DETECTION,DETECTION,1
L,5,2876,DETECTION,src/tracking/advanced_tracker.py:_activate_slot,2876_273_917_561_1050
R,CLAMP,CLAMP,0
L,6,2876,PREDICTION,src/tracking/advanced_tracker.py:kalman_homography,
R,CLAMP,CLAMP,0
L,8,2876,PREDICTION,src/tracking/advanced_tracker.py:kalman_homography,
R,CLAMP,CLAMP,0
A,2876
S,0,2879,DETECTION,src/tracking/advanced_tracker.py:_activate_slot,2879_290_551_554_672
S,2,2879,DETECTION,src/tracking/advanced_tracker.py:_activate_slot,2879_489_910_800_1039
S,3,2879,DETECTION,src/tracking/advanced_tracker.py:_activate_slot,2879_537_622_870_785
S,5,2879,DETECTION,src/tracking/advanced_tracker.py:_activate_slot,2879_281_915_564_1059
S,6,2879,DETECTION,src/tracking/advanced_tracker.py:_activate_slot,2879_277_910_796_1054
S,4,2879,PREDICTION,src/tracking/advanced_tracker.py:flow_gapfill_batched,
S,8,2879,PREDICTION,src/tracking/advanced_tracker.py:flow_gapfill_batched,
D,4,2879
S,0,2879,PREDICTION,src/tracking/advanced_tracker.py:id_merge,
L,0,2879,PREDICTION,src/tracking/advanced_tracker.py:id_merge,
R,PREDICTION,PREDICTION,1
L,2,2879,DETECTION,src/tracking/advanced_tracker.py:_activate_slot,2879_489_910_800_1039
R,CLAMP,CLAMP,0
L,3,2879,DETECTION,src/tracking/advanced_tracker.py:_activate_slot,2879_537_622_870_785
R,DETECTION,DETECTION,1
L,5,2879,DETECTION,src/tracking/advanced_tracker.py:_activate_slot,2879_281_915_564_1059
R,CLAMP,CLAMP,0
L,6,2879,DETECTION,src/tracking/advanced_tracker.py:_activate_slot,2879_277_910_796_1054
R,CLAMP,CLAMP,0
L,8,2879,PREDICTION,src/tracking/advanced_tracker.py:flow_gapfill_batched,
R,PREDICTION,PREDICTION,1
A,2879
S,2,2882,DETECTION,src/tracking/advanced_tracker.py:_activate_slot,2882_480_889_798_1015
S,3,2882,DETECTION,src/tracking/advanced_tracker.py:_activate_slot,2882_545_557_881_723
S,5,2882,DETECTION,src/tracking/advanced_tracker.py:_activate_slot,2882_287_898_576_1056
S,0,2882,PREDICTION,src/tracking/advanced_tracker.py:kalman_homography,
S,6,2882,PREDICTION,src/tracking/advanced_tracker.py:kalman_homography,
S,4,2882,PREDICTION,src/tracking/advanced_tracker.py:flow_gapfill_batched,
S,8,2882,PREDICTION,src/tracking/advanced_tracker.py:flow_gapfill_batched,
D,4,2882
S,0,2882,PREDICTION,src/tracking/advanced_tracker.py:id_merge,
L,0,2882,PREDICTION,src/tracking/advanced_tracker.py:id_merge,
R,PREDICTION,PREDICTION,1
L,2,2882,DETECTION,src/tracking/advanced_tracker.py:_activate_slot,2882_480_889_798_1015
R,CLAMP,CLAMP,0
L,3,2882,DETECTION,src/tracking/advanced_tracker.py:_activate_slot,2882_545_557_881_723
R,DETECTION,DETECTION,1
L,5,2882,DETECTION,src/tracking/advanced_tracker.py:_activate_slot,2882_287_898_576_1056
R,CLAMP,CLAMP,0
L,6,2882,PREDICTION,src/tracking/advanced_tracker.py:kalman_homography,
R,CLAMP,CLAMP,0
L,8,2882,PREDICTION,src/tracking/advanced_tracker.py:flow_gapfill_batched,
R,PREDICTION,PREDICTION,1
A,2882
S,2,2885,DETECTION,src/tracking/advanced_tracker.py:_activate_slot,2885_486_871_799_1000
S,3,2885,DETECTION,src/tracking/advanced_tracker.py:_activate_slot,2885_554_548_882_750
S,5,2885,DETECTION,src/tracking/advanced_tracker.py:_activate_slot,2885_314_915_598_1053
S,0,2885,PREDICTION,src/tracking/advanced_tracker.py:kalman_homography,
S,6,2885,PREDICTION,src/tracking/advanced_tracker.py:kalman_homography,
S,4,2885,PREDICTION,src/tracking/advanced_tracker.py:flow_gapfill_batched,
S,8,2885,PREDICTION,src/tracking/advanced_tracker.py:flow_gapfill_batched,
D,4,2885
S,0,2885,PREDICTION,src/tracking/advanced_tracker.py:id_merge,
L,0,2885,PREDICTION,src/tracking/advanced_tracker.py:id_merge,
R,PREDICTION,PREDICTION,1
L,2,2885,DETECTION,src/tracking/advanced_tracker.py:_activate_slot,2885_486_871_799_1000
R,CLAMP,CLAMP,0
L,3,2885,DETECTION,src/tracking/advanced_tracker.py:_activate_slot,2885_554_548_882_750
R,DETECTION,DETECTION,1
L,5,2885,DETECTION,src/tracking/advanced_tracker.py:_activate_slot,2885_314_915_598_1053
R,CLAMP,CLAMP,0
L,6,2885,PREDICTION,src/tracking/advanced_tracker.py:kalman_homography,
R,CLAMP,CLAMP,0
L,8,2885,PREDICTION,src/tracking/advanced_tracker.py:flow_gapfill_batched,
R,PREDICTION,PREDICTION,1
A,2885
S,0,2888,DETECTION,src/tracking/advanced_tracker.py:_activate_slot,2888_339_441_590_564
S,2,2888,DETECTION,src/tracking/advanced_tracker.py:_activate_slot,2888_500_831_812_978
S,3,2888,DETECTION,src/tracking/advanced_tracker.py:_activate_slot,2888_562_519_879_631
S,5,2888,DETECTION,src/tracking/advanced_tracker.py:_activate_slot,2888_325_921_613_1070
S,6,2888,PREDICTION,src/tracking/advanced_tracker.py:kalman_homography,
S,4,2888,PREDICTION,src/tracking/advanced_tracker.py:flow_gapfill_batched,
S,8,2888,PREDICTION,src/tracking/advanced_tracker.py:flow_gapfill_batched,
L,0,2888,DETECTION,src/tracking/advanced_tracker.py:_activate_slot,2888_339_441_590_564
R,DETECTION,DETECTION,1
L,2,2888,DETECTION,src/tracking/advanced_tracker.py:_activate_slot,2888_500_831_812_978
R,CLAMP,CLAMP,0
L,3,2888,DETECTION,src/tracking/advanced_tracker.py:_activate_slot,2888_562_519_879_631
R,DETECTION,DETECTION,1
L,4,2888,PREDICTION,src/tracking/advanced_tracker.py:flow_gapfill_batched,
R,CLAMP,CLAMP,0
L,5,2888,DETECTION,src/tracking/advanced_tracker.py:_activate_slot,2888_325_921_613_1070
R,CLAMP,CLAMP,0
L,6,2888,PREDICTION,src/tracking/advanced_tracker.py:kalman_homography,
R,CLAMP,CLAMP,0
L,8,2888,PREDICTION,src/tracking/advanced_tracker.py:flow_gapfill_batched,
R,PREDICTION,PREDICTION,1
A,2888
S,0,2891,DETECTION,src/tracking/advanced_tracker.py:_activate_slot,2891_344_416_620_536
S,2,2891,DETECTION,src/tracking/advanced_tracker.py:_activate_slot,2891_511_823_821_973
S,3,2891,DETECTION,src/tracking/advanced_tracker.py:_activate_slot,2891_563_498_885_612
S,5,2891,DETECTION,src/tracking/advanced_tracker.py:_activate_slot,2891_325_935_621_1067
S,6,2891,PREDICTION,src/tracking/advanced_tracker.py:kalman_homography,
S,4,2891,PREDICTION,src/tracking/advanced_tracker.py:flow_gapfill_batched,
S,8,2891,PREDICTION,src/tracking/advanced_tracker.py:flow_gapfill_batched,
L,0,2891,DETECTION,src/tracking/advanced_tracker.py:_activate_slot,2891_344_416_620_536
R,DETECTION,DETECTION,1
L,2,2891,DETECTION,src/tracking/advanced_tracker.py:_activate_slot,2891_511_823_821_973
R,CLAMP,CLAMP,0
L,3,2891,DETECTION,src/tracking/advanced_tracker.py:_activate_slot,2891_563_498_885_612
R,DETECTION,DETECTION,1
L,4,2891,PREDICTION,src/tracking/advanced_tracker.py:flow_gapfill_batched,
R,CLAMP,CLAMP,0
L,5,2891,DETECTION,src/tracking/advanced_tracker.py:_activate_slot,2891_325_935_621_1067
R,CLAMP,CLAMP,0
L,6,2891,PREDICTION,src/tracking/advanced_tracker.py:kalman_homography,
R,CLAMP,CLAMP,0
L,8,2891,PREDICTION,src/tracking/advanced_tracker.py:flow_gapfill_batched,
R,PREDICTION,PREDICTION,1
A,2891
S,0,2894,DETECTION,src/tracking/advanced_tracker.py:_activate_slot,2894_360_361_631_493
S,2,2894,DETECTION,src/tracking/advanced_tracker.py:_activate_slot,2894_521_781_835_937
S,3,2894,DETECTION,src/tracking/advanced_tracker.py:_activate_slot,2894_575_444_882_569
S,5,2894,DETECTION,src/tracking/advanced_tracker.py:_activate_slot,2894_326_951_636_1067
S,6,2894,PREDICTION,src/tracking/advanced_tracker.py:kalman_homography,
S,8,2894,PREDICTION,src/tracking/advanced_tracker.py:flow_gapfill_batched,
L,0,2894,DETECTION,src/tracking/advanced_tracker.py:_activate_slot,2894_360_361_631_493
R,DETECTION,DETECTION,1
L,2,2894,DETECTION,src/tracking/advanced_tracker.py:_activate_slot,2894_521_781_835_937
R,CLAMP,CLAMP,0
L,3,2894,DETECTION,src/tracking/advanced_tracker.py:_activate_slot,2894_575_444_882_569
R,DETECTION,DETECTION,1
L,5,2894,DETECTION,src/tracking/advanced_tracker.py:_activate_slot,2894_326_951_636_1067
R,CLAMP,CLAMP,0
L,6,2894,PREDICTION,src/tracking/advanced_tracker.py:kalman_homography,
R,CLAMP,CLAMP,0
L,8,2894,PREDICTION,src/tracking/advanced_tracker.py:flow_gapfill_batched,
R,PREDICTION,PREDICTION,1
A,2894
S,0,2897,DETECTION,src/tracking/advanced_tracker.py:_activate_slot,2897_366_315_655_473
S,2,2897,DETECTION,src/tracking/advanced_tracker.py:_activate_slot,2897_522_775_846_916
S,3,2897,DETECTION,src/tracking/advanced_tracker.py:_activate_slot,2897_579_415_885_556
S,8,2897,DETECTION,src/tracking/advanced_tracker.py:_activate_slot,2897_338_954_642_1076
S,5,2897,PREDICTION,src/tracking/advanced_tracker.py:kalman_homography,
S,6,2897,PREDICTION,src/tracking/advanced_tracker.py:kalman_homography,
D,5,2897
S,8,2897,PREDICTION,src/tracking/advanced_tracker.py:id_merge,
L,0,2897,DETECTION,src/tracking/advanced_tracker.py:_activate_slot,2897_366_315_655_473
R,DETECTION,DETECTION,1
L,2,2897,DETECTION,src/tracking/advanced_tracker.py:_activate_slot,2897_522_775_846_916
R,CLAMP,CLAMP,0
L,3,2897,DETECTION,src/tracking/advanced_tracker.py:_activate_slot,2897_579_415_885_556
R,DETECTION,DETECTION,1
L,6,2897,PREDICTION,src/tracking/advanced_tracker.py:kalman_homography,
R,CLAMP,CLAMP,0
L,8,2897,PREDICTION,src/tracking/advanced_tracker.py:id_merge,
R,CLAMP,CLAMP,0
A,2897
S,0,2900,DETECTION,src/tracking/advanced_tracker.py:_activate_slot,2900_378_265_676_437
S,2,2900,DETECTION,src/tracking/advanced_tracker.py:_activate_slot,2900_533_746_858_888
S,3,2900,DETECTION,src/tracking/advanced_tracker.py:_activate_slot,2900_579_354_886_514
S,5,2900,DETECTION,src/tracking/advanced_tracker.py:_activate_slot,2900_350_941_645_1112
S,6,2900,PREDICTION,src/tracking/advanced_tracker.py:kalman_homography,
S,8,2900,PREDICTION,src/tracking/advanced_tracker.py:kalman_homography,
D,8,2900
S,5,2900,PREDICTION,src/tracking/advanced_tracker.py:id_merge,
L,0,2900,DETECTION,src/tracking/advanced_tracker.py:_activate_slot,2900_378_265_676_437
R,DETECTION,DETECTION,1
L,2,2900,DETECTION,src/tracking/advanced_tracker.py:_activate_slot,2900_533_746_858_888
R,CLAMP,CLAMP,0
L,3,2900,DETECTION,src/tracking/advanced_tracker.py:_activate_slot,2900_579_354_886_514
R,DETECTION,DETECTION,1
L,5,2900,PREDICTION,src/tracking/advanced_tracker.py:id_merge,
R,CLAMP,CLAMP,0
L,6,2900,PREDICTION,src/tracking/advanced_tracker.py:kalman_homography,
R,CLAMP,CLAMP,0
A,2900
S,0,2903,DETECTION,src/tracking/advanced_tracker.py:_activate_slot,2903_379_243_675_406
S,2,2903,DETECTION,src/tracking/advanced_tracker.py:_activate_slot,2903_538_735_862_879
S,3,2903,DETECTION,src/tracking/advanced_tracker.py:_activate_slot,2903_584_333_888_490
S,5,2903,DETECTION,src/tracking/advanced_tracker.py:_activate_slot,2903_348_936_648_1110
S,8,2903,PREDICTION,src/tracking/advanced_tracker.py:kalman_homography,
S,6,2903,PREDICTION,src/tracking/advanced_tracker.py:flow_gapfill_batched,
L,0,2903,DETECTION,src/tracking/advanced_tracker.py:_activate_slot,2903_379_243_675_406
R,DETECTION,DETECTION,1
L,2,2903,DETECTION,src/tracking/advanced_tracker.py:_activate_slot,2903_538_735_862_879
R,CLAMP,CLAMP,0
L,3,2903,DETECTION,src/tracking/advanced_tracker.py:_activate_slot,2903_584_333_888_490
R,DETECTION,DETECTION,1
L,5,2903,DETECTION,src/tracking/advanced_tracker.py:_activate_slot,2903_348_936_648_1110
R,CLAMP,CLAMP,0
L,6,2903,PREDICTION,src/tracking/advanced_tracker.py:flow_gapfill_batched,
R,CLAMP,CLAMP,0
L,8,2903,PREDICTION,src/tracking/advanced_tracker.py:kalman_homography,
R,CLAMP,CLAMP,0
A,2903
S,0,2906,DETECTION,src/tracking/advanced_tracker.py:_activate_slot,2906_379_195_681_336
S,2,2906,DETECTION,src/tracking/advanced_tracker.py:_activate_slot,2906_547_713_873_864
S,3,2906,DETECTION,src/tracking/advanced_tracker.py:_activate_slot,2906_584_273_906_420
S,5,2906,DETECTION,src/tracking/advanced_tracker.py:_activate_slot,2906_357_978_639_1098
S,8,2906,CLAMP,src/tracking/advanced_tracker.py:_activate_slot,2906_405_1023_720_1209
L,0,2906,DETECTION,src/tracking/advanced_tracker.py:_activate_slot,2906_379_195_681_336
R,DETECTION,DETECTION,1
L,2,2906,DETECTION,src/tracking/advanced_tracker.py:_activate_slot,2906_547_713_873_864
R,CLAMP,CLAMP,0
L,3,2906,DETECTION,src/tracking/advanced_tracker.py:_activate_slot,2906_584_273_906_420
R,DETECTION,DETECTION,1
L,5,2906,DETECTION,src/tracking/advanced_tracker.py:_activate_slot,2906_357_978_639_1098
R,CLAMP,CLAMP,0
L,8,2906,CLAMP,src/tracking/advanced_tracker.py:_activate_slot,2906_405_1023_720_1209
R,CLAMP,CLAMP,0
A,2906
S,2,2909,DETECTION,src/tracking/advanced_tracker.py:_activate_slot,2909_553_700_878_853
S,3,2909,DETECTION,src/tracking/advanced_tracker.py:_activate_slot,2909_587_246_930_386
S,5,2909,DETECTION,src/tracking/advanced_tracker.py:_activate_slot,2909_354_981_639_1101
S,0,2909,PREDICTION,src/tracking/advanced_tracker.py:kalman_homography,
L,0,2909,PREDICTION,src/tracking/advanced_tracker.py:kalman_homography,
R,PREDICTION,PREDICTION,1
L,2,2909,DETECTION,src/tracking/advanced_tracker.py:_activate_slot,2909_553_700_878_853
R,CLAMP,CLAMP,0
L,3,2909,DETECTION,src/tracking/advanced_tracker.py:_activate_slot,2909_587_246_930_386
R,DETECTION,DETECTION,1
L,5,2909,DETECTION,src/tracking/advanced_tracker.py:_activate_slot,2909_354_981_639_1101
R,CLAMP,CLAMP,0
A,2909
S,2,2912,DETECTION,src/tracking/advanced_tracker.py:_activate_slot,2912_562_682_882_832
S,3,2912,DETECTION,src/tracking/advanced_tracker.py:_activate_slot,2912_590_204_929_361
S,5,2912,DETECTION,src/tracking/advanced_tracker.py:_activate_slot,2912_352_996_708_1131
S,8,2912,CLAMP,src/tracking/advanced_tracker.py:_activate_slot,2912_409_1014_720_1203
S,0,2912,PREDICTION,src/tracking/advanced_tracker.py:kalman_homography,
L,0,2912,PREDICTION,src/tracking/advanced_tracker.py:kalman_homography,
R,PREDICTION,PREDICTION,1
L,2,2912,DETECTION,src/tracking/advanced_tracker.py:_activate_slot,2912_562_682_882_832
R,CLAMP,CLAMP,0
L,3,2912,DETECTION,src/tracking/advanced_tracker.py:_activate_slot,2912_590_204_929_361
R,DETECTION,DETECTION,1
L,5,2912,DETECTION,src/tracking/advanced_tracker.py:_activate_slot,2912_352_996_708_1131
R,CLAMP,CLAMP,0
L,8,2912,CLAMP,src/tracking/advanced_tracker.py:_activate_slot,2912_409_1014_720_1203
R,CLAMP,CLAMP,0
A,2912
S,0,2915,DETECTION,src/tracking/advanced_tracker.py:_activate_slot,2915_508_104_724_247
S,2,2915,DETECTION,src/tracking/advanced_tracker.py:_activate_slot,2915_564_670_885_824
S,3,2915,DETECTION,src/tracking/advanced_tracker.py:_activate_slot,2915_590_176_930_355
S,5,2915,DETECTION,src/tracking/advanced_tracker.py:_activate_slot,2915_357_996_690_1134
S,8,2915,PREDICTION,src/tracking/advanced_tracker.py:flow_gapfill_batched,
L,0,2915,DETECTION,src/tracking/advanced_tracker.py:_activate_slot,2915_508_104_724_247
R,DETECTION,DETECTION,1
L,2,2915,DETECTION,src/tracking/advanced_tracker.py:_activate_slot,2915_564_670_885_824
R,CLAMP,CLAMP,0
L,3,2915,DETECTION,src/tracking/advanced_tracker.py:_activate_slot,2915_590_176_930_355
R,DETECTION,DETECTION,1
L,5,2915,DETECTION,src/tracking/advanced_tracker.py:_activate_slot,2915_357_996_690_1134
R,CLAMP,CLAMP,0
L,8,2915,PREDICTION,src/tracking/advanced_tracker.py:flow_gapfill_batched,
R,CLAMP,CLAMP,0
A,2915
S,0,2918,DETECTION,src/tracking/advanced_tracker.py:_activate_slot,2918_431_78_725_214
S,2,2918,DETECTION,src/tracking/advanced_tracker.py:_activate_slot,2918_576_634_888_815
S,3,2918,DETECTION,src/tracking/advanced_tracker.py:_activate_slot,2918_549_155_921_289
S,5,2918,DETECTION,src/tracking/advanced_tracker.py:_activate_slot,2918_384_1000_725_1189
S,1,2918,DETECTION,src/tracking/advanced_tracker.py:_activate_slot,2918_534_78_924_288
D,1,2918
S,3,2918,PREDICTION,src/tracking/advanced_tracker.py:id_merge,
L,0,2918,DETECTION,src/tracking/advanced_tracker.py:_activate_slot,2918_431_78_725_214
R,DETECTION,DETECTION,1
L,2,2918,DETECTION,src/tracking/advanced_tracker.py:_activate_slot,2918_576_634_888_815
R,CLAMP,CLAMP,0
L,3,2918,PREDICTION,src/tracking/advanced_tracker.py:id_merge,
R,PREDICTION,PREDICTION,1
L,5,2918,DETECTION,src/tracking/advanced_tracker.py:_activate_slot,2918_384_1000_725_1189
R,DETECTION,DETECTION,1
A,2918
S,0,2921,DETECTION,src/tracking/advanced_tracker.py:_activate_slot,2921_425_73_734_208
S,2,2921,DETECTION,src/tracking/advanced_tracker.py:_activate_slot,2921_580_628_888_804
S,3,2921,DETECTION,src/tracking/advanced_tracker.py:_activate_slot,2921_549_123_924_255
S,5,2921,DETECTION,src/tracking/advanced_tracker.py:_activate_slot,2921_380_989_722_1185
S,1,2921,PREDICTION,src/tracking/advanced_tracker.py:kalman_homography,
S,8,2921,PREDICTION,src/tracking/advanced_tracker.py:flow_gapfill_batched,
D,1,2921
S,3,2921,PREDICTION,src/tracking/advanced_tracker.py:id_merge,
L,0,2921,DETECTION,src/tracking/advanced_tracker.py:_activate_slot,2921_425_73_734_208
R,DETECTION,DETECTION,1
L,2,2921,DETECTION,src/tracking/advanced_tracker.py:_activate_slot,2921_580_628_888_804
R,CLAMP,CLAMP,0
L,3,2921,PREDICTION,src/tracking/advanced_tracker.py:id_merge,
R,PREDICTION,PREDICTION,1
L,5,2921,DETECTION,src/tracking/advanced_tracker.py:_activate_slot,2921_380_989_722_1185
R,DETECTION,DETECTION,1
L,8,2921,PREDICTION,src/tracking/advanced_tracker.py:flow_gapfill_batched,
R,CLAMP,CLAMP,0
A,2921
S,0,2924,DETECTION,src/tracking/advanced_tracker.py:_activate_slot,2924_403_73_723_192
S,1,2924,DETECTION,src/tracking/advanced_tracker.py:_activate_slot,2924_402_52_933_247
S,2,2924,DETECTION,src/tracking/advanced_tracker.py:_activate_slot,2924_580_609_892_763
S,3,2924,DETECTION,src/tracking/advanced_tracker.py:_activate_slot,2924_586_48_931_243
S,5,2924,DETECTION,src/tracking/advanced_tracker.py:_activate_slot,2924_354_1011_691_1189
S,6,2924,DETECTION,src/tracking/advanced_tracker.py:_activate_slot,2924_364_994_685_1147
S,8,2924,PREDICTION,src/tracking/advanced_tracker.py:flow_gapfill_batched,
D,1,2924
S,3,2924,PREDICTION,src/tracking/advanced_tracker.py:id_merge,
L,0,2924,DETECTION,src/tracking/advanced_tracker.py:_activate_slot,2924_403_73_723_192
R,DETECTION,DETECTION,1
L,2,2924,DETECTION,src/tracking/advanced_tracker.py:_activate_slot,2924_580_609_892_763
R,CLAMP,CLAMP,0
L,3,2924,PREDICTION,src/tracking/advanced_tracker.py:id_merge,
R,PREDICTION,PREDICTION,1
L,5,2924,DETECTION,src/tracking/advanced_tracker.py:_activate_slot,2924_354_1011_691_1189
R,DETECTION,DETECTION,1
L,6,2924,DETECTION,src/tracking/advanced_tracker.py:_activate_slot,2924_364_994_685_1147
R,CLAMP,CLAMP,0
L,8,2924,PREDICTION,src/tracking/advanced_tracker.py:flow_gapfill_batched,
R,CLAMP,CLAMP,0
A,2924
S,1,2927,DETECTION,src/tracking/advanced_tracker.py:_activate_slot,2927_426_18_933_242
S,2,2927,DETECTION,src/tracking/advanced_tracker.py:_activate_slot,2927_582_601_889_753
S,3,2927,DETECTION,src/tracking/advanced_tracker.py:_activate_slot,2927_588_19_932_242
S,5,2927,DETECTION,src/tracking/advanced_tracker.py:_activate_slot,2927_290_999_687_1191
S,6,2927,PREDICTION,src/tracking/advanced_tracker.py:kalman_homography,
S,0,2927,PREDICTION,src/tracking/advanced_tracker.py:flow_gapfill_batched,
S,8,2927,PREDICTION,src/tracking/advanced_tracker.py:flow_gapfill_batched,
D,1,2927
S,3,2927,PREDICTION,src/tracking/advanced_tracker.py:id_merge,
D,8,2927
S,6,2927,PREDICTION,src/tracking/advanced_tracker.py:id_merge,
L,0,2927,PREDICTION,src/tracking/advanced_tracker.py:flow_gapfill_batched,
R,PREDICTION,PREDICTION,1
L,2,2927,DETECTION,src/tracking/advanced_tracker.py:_activate_slot,2927_582_601_889_753
R,CLAMP,CLAMP,0
L,3,2927,PREDICTION,src/tracking/advanced_tracker.py:id_merge,
R,PREDICTION,PREDICTION,1
L,5,2927,DETECTION,src/tracking/advanced_tracker.py:_activate_slot,2927_290_999_687_1191
R,DETECTION,DETECTION,1
L,6,2927,PREDICTION,src/tracking/advanced_tracker.py:id_merge,
R,CLAMP,CLAMP,0
A,2927
S,3,2930,DETECTION,src/tracking/advanced_tracker.py:_activate_slot,2930_560_-1_935_215
S,5,2930,DETECTION,src/tracking/advanced_tracker.py:_activate_slot,2930_223_993_681_1181
S,6,2930,CLAMP,src/tracking/advanced_tracker.py:_activate_slot,2930_615_588_891_730
S,1,2930,PREDICTION,src/tracking/advanced_tracker.py:kalman_homography,
S,2,2930,PREDICTION,src/tracking/advanced_tracker.py:kalman_homography,
S,0,2930,PREDICTION,src/tracking/advanced_tracker.py:flow_gapfill_batched,
S,8,2930,PREDICTION,src/tracking/advanced_tracker.py:flow_gapfill_batched,
D,1,2930
S,3,2930,PREDICTION,src/tracking/advanced_tracker.py:id_merge,
D,5,2930
S,6,2930,PREDICTION,src/tracking/advanced_tracker.py:id_merge,
D,8,2930
S,6,2930,PREDICTION,src/tracking/advanced_tracker.py:id_merge,
L,0,2930,PREDICTION,src/tracking/advanced_tracker.py:flow_gapfill_batched,
R,PREDICTION,PREDICTION,1
L,2,2930,PREDICTION,src/tracking/advanced_tracker.py:kalman_homography,
R,CLAMP,CLAMP,0
L,3,2930,PREDICTION,src/tracking/advanced_tracker.py:id_merge,
R,PREDICTION,PREDICTION,1
L,6,2930,PREDICTION,src/tracking/advanced_tracker.py:id_merge,
R,CLAMP,CLAMP,0
A,2930
S,2,2933,DETECTION,src/tracking/advanced_tracker.py:_activate_slot,2933_631_572_888_723
S,3,2933,DETECTION,src/tracking/advanced_tracker.py:_activate_slot,2933_589_-14_937_165
S,5,2933,DETECTION,src/tracking/advanced_tracker.py:_activate_slot,2933_291_984_663_1166
S,8,2933,DETECTION,src/tracking/advanced_tracker.py:_activate_slot,2933_153_1050_572_1179
S,7,2933,DETECTION,src/tracking/advanced_tracker.py:_activate_slot,2933_150_991_576_1179
S,1,2933,PREDICTION,src/tracking/advanced_tracker.py:kalman_homography,
S,6,2933,PREDICTION,src/tracking/advanced_tracker.py:kalman_homography,
D,1,2933
S,3,2933,PREDICTION,src/tracking/advanced_tracker.py:id_merge,
L,2,2933,DETECTION,src/tracking/advanced_tracker.py:_activate_slot,2933_631_572_888_723
R,CLAMP,CLAMP,0
L,3,2933,PREDICTION,src/tracking/advanced_tracker.py:id_merge,
R,PREDICTION,PREDICTION,1
L,5,2933,DETECTION,src/tracking/advanced_tracker.py:_activate_slot,2933_291_984_663_1166
R,CLAMP,CLAMP,0
L,6,2933,PREDICTION,src/tracking/advanced_tracker.py:kalman_homography,
R,CLAMP,CLAMP,0
L,7,2933,DETECTION,src/tracking/advanced_tracker.py:_activate_slot,2933_150_991_576_1179
R,CLAMP,CLAMP,0
L,8,2933,DETECTION,src/tracking/advanced_tracker.py:_activate_slot,2933_153_1050_572_1179
R,CLAMP,CLAMP,0
A,2933
S,2,2936,DETECTION,src/tracking/advanced_tracker.py:_activate_slot,2936_643_528_889_704
S,3,2936,DETECTION,src/tracking/advanced_tracker.py:_activate_slot,2936_594_-15_945_62
S,4,2936,DETECTION,src/tracking/advanced_tracker.py:_activate_slot,2936_295_969_654_1101
S,8,2936,DETECTION,src/tracking/advanced_tracker.py:_activate_slot,2936_240_1051_570_1198
S,1,2936,PREDICTION,src/tracking/advanced_tracker.py:kalman_homography,
S,5,2936,PREDICTION,src/tracking/advanced_tracker.py:kalman_homography,
S,7,2936,PREDICTION,src/tracking/advanced_tracker.py:kalman_homography,
S,0,2936,PREDICTION,src/tracking/advanced_tracker.py:flow_gapfill_batched,
S,6,2936,PREDICTION,src/tracking/advanced_tracker.py:flow_gapfill_batched,
D,1,2936
S,3,2936,PREDICTION,src/tracking/advanced_tracker.py:id_merge,
L,0,2936,PREDICTION,src/tracking/advanced_tracker.py:flow_gapfill_batched,
R,PREDICTION,PREDICTION,1
L,2,2936,DETECTION,src/tracking/advanced_tracker.py:_activate_slot,2936_643_528_889_704
R,DETECTION,DETECTION,1
L,3,2936,PREDICTION,src/tracking/advanced_tracker.py:id_merge,
R,PREDICTION,PREDICTION,1
L,4,2936,DETECTION,src/tracking/advanced_tracker.py:_activate_slot,2936_295_969_654_1101
R,CLAMP,CLAMP,0
L,5,2936,PREDICTION,src/tracking/advanced_tracker.py:kalman_homography,
R,CLAMP,CLAMP,0
L,6,2936,PREDICTION,src/tracking/advanced_tracker.py:flow_gapfill_batched,
R,CLAMP,CLAMP,0
L,7,2936,PREDICTION,src/tracking/advanced_tracker.py:kalman_homography,
R,CLAMP,CLAMP,0
L,8,2936,DETECTION,src/tracking/advanced_tracker.py:_activate_slot,2936_240_1051_570_1198
R,CLAMP,CLAMP,0
A,2936
S,2,2939,DETECTION,src/tracking/advanced_tracker.py:_activate_slot,2939_657_487_895_666
S,3,2939,CLAMP,src/tracking/advanced_tracker.py:_activate_slot,2939_263_1051_568_1213
S,4,2939,DETECTION,src/tracking/advanced_tracker.py:_activate_slot,2939_291_960_652_1092
S,9,2939,DETECTION,src/tracking/advanced_tracker.py:_activate_slot,2939_621_-15_896_35
S,1,2939,PREDICTION,src/tracking/advanced_tracker.py:kalman_homography,
S,5,2939,PREDICTION,src/tracking/advanced_tracker.py:kalman_homography,
S,7,2939,PREDICTION,src/tracking/advanced_tracker.py:kalman_homography,
S,8,2939,PREDICTION,src/tracking/advanced_tracker.py:kalman_homography,
S,0,2939,PREDICTION,src/tracking/advanced_tracker.py:flow_gapfill_batched,
S,6,2939,PREDICTION,src/tracking/advanced_tracker.py:flow_gapfill_batched,
D,1,2939
S,3,2939,PREDICTION,src/tracking/advanced_tracker.py:id_merge,
L,0,2939,PREDICTION,src/tracking/advanced_tracker.py:flow_gapfill_batched,
R,PREDICTION,PREDICTION,1
L,2,2939,DETECTION,src/tracking/advanced_tracker.py:_activate_slot,2939_657_487_895_666
R,DETECTION,DETECTION,1
L,3,2939,PREDICTION,src/tracking/advanced_tracker.py:id_merge,
R,PREDICTION,SUBPIXEL,0
L,4,2939,DETECTION,src/tracking/advanced_tracker.py:_activate_slot,2939_291_960_652_1092
R,CLAMP,CLAMP,0
L,5,2939,PREDICTION,src/tracking/advanced_tracker.py:kalman_homography,
R,CLAMP,CLAMP,0
L,6,2939,PREDICTION,src/tracking/advanced_tracker.py:flow_gapfill_batched,
R,CLAMP,CLAMP,0
L,7,2939,PREDICTION,src/tracking/advanced_tracker.py:kalman_homography,
R,CLAMP,CLAMP,0
L,8,2939,PREDICTION,src/tracking/advanced_tracker.py:kalman_homography,
R,CLAMP,CLAMP,0
L,9,2939,DETECTION,src/tracking/advanced_tracker.py:_activate_slot,2939_621_-15_896_35
R,CLAMP,CLAMP,0
A,2939
S,2,2942,DETECTION,src/tracking/advanced_tracker.py:_activate_slot,2942_675_425_889_612
S,5,2942,DETECTION,src/tracking/advanced_tracker.py:_activate_slot,2942_291_948_638_1095
S,8,2942,DETECTION,src/tracking/advanced_tracker.py:_activate_slot,2942_295_1074_565_1245
S,1,2942,PREDICTION,src/tracking/advanced_tracker.py:kalman_homography,
S,4,2942,PREDICTION,src/tracking/advanced_tracker.py:kalman_homography,
S,7,2942,PREDICTION,src/tracking/advanced_tracker.py:kalman_homography,
S,9,2942,PREDICTION,src/tracking/advanced_tracker.py:kalman_homography,
S,0,2942,PREDICTION,src/tracking/advanced_tracker.py:flow_gapfill_batched,
S,3,2942,PREDICTION,src/tracking/advanced_tracker.py:flow_gapfill_batched,
S,6,2942,PREDICTION,src/tracking/advanced_tracker.py:flow_gapfill_batched,
L,0,2942,PREDICTION,src/tracking/advanced_tracker.py:flow_gapfill_batched,
R,PREDICTION,SUBPIXEL,0
L,1,2942,PREDICTION,src/tracking/advanced_tracker.py:kalman_homography,
R,CLAMP,CLAMP,0
L,2,2942,DETECTION,src/tracking/advanced_tracker.py:_activate_slot,2942_675_425_889_612
R,DETECTION,DETECTION,1
L,3,2942,PREDICTION,src/tracking/advanced_tracker.py:flow_gapfill_batched,
R,CLAMP,CLAMP,0
L,4,2942,PREDICTION,src/tracking/advanced_tracker.py:kalman_homography,
R,CLAMP,CLAMP,0
L,5,2942,DETECTION,src/tracking/advanced_tracker.py:_activate_slot,2942_291_948_638_1095
R,CLAMP,CLAMP,0
L,6,2942,PREDICTION,src/tracking/advanced_tracker.py:flow_gapfill_batched,
R,CLAMP,CLAMP,0
L,7,2942,PREDICTION,src/tracking/advanced_tracker.py:kalman_homography,
R,CLAMP,CLAMP,0
L,8,2942,DETECTION,src/tracking/advanced_tracker.py:_activate_slot,2942_295_1074_565_1245
R,CLAMP,CLAMP,0
L,9,2942,PREDICTION,src/tracking/advanced_tracker.py:kalman_homography,
R,CLAMP,CLAMP,0
A,2942
S,2,2945,DETECTION,src/tracking/advanced_tracker.py:_activate_slot,2945_678_393_894_592
S,4,2945,DETECTION,src/tracking/advanced_tracker.py:_activate_slot,2945_316_939_626_1060
S,1,2945,PREDICTION,src/tracking/advanced_tracker.py:kalman_homography,
S,5,2945,PREDICTION,src/tracking/advanced_tracker.py:kalman_homography,
S,7,2945,PREDICTION,src/tracking/advanced_tracker.py:kalman_homography,
S,9,2945,PREDICTION,src/tracking/advanced_tracker.py:kalman_homography,
S,0,2945,PREDICTION,src/tracking/advanced_tracker.py:flow_gapfill_batched,
S,6,2945,PREDICTION,src/tracking/advanced_tracker.py:flow_gapfill_batched,
S,8,2945,PREDICTION,src/tracking/advanced_tracker.py:flow_gapfill_batched,
L,0,2945,PREDICTION,src/tracking/advanced_tracker.py:flow_gapfill_batched,
R,PREDICTION,PREDICTION,1
L,1,2945,PREDICTION,src/tracking/advanced_tracker.py:kalman_homography,
R,CLAMP,CLAMP,0
L,2,2945,DETECTION,src/tracking/advanced_tracker.py:_activate_slot,2945_678_393_894_592
R,DETECTION,DETECTION,1
L,4,2945,DETECTION,src/tracking/advanced_tracker.py:_activate_slot,2945_316_939_626_1060
R,CLAMP,CLAMP,0
L,5,2945,PREDICTION,src/tracking/advanced_tracker.py:kalman_homography,
R,CLAMP,CLAMP,0
L,6,2945,PREDICTION,src/tracking/advanced_tracker.py:flow_gapfill_batched,
R,CLAMP,CLAMP,0
L,7,2945,PREDICTION,src/tracking/advanced_tracker.py:kalman_homography,
R,CLAMP,CLAMP,0
L,8,2945,PREDICTION,src/tracking/advanced_tracker.py:flow_gapfill_batched,
R,CLAMP,CLAMP,0
L,9,2945,PREDICTION,src/tracking/advanced_tracker.py:kalman_homography,
R,CLAMP,CLAMP,0
A,2945
S,2,2948,DETECTION,src/tracking/advanced_tracker.py:_activate_slot,2948_660_355_912_512
S,4,2948,DETECTION,src/tracking/advanced_tracker.py:_activate_slot,2948_311_933_606_1055
S,5,2948,DETECTION,src/tracking/advanced_tracker.py:_activate_slot,2948_302_1020_542_1119
S,6,2948,CLAMP,src/tracking/advanced_tracker.py:_activate_slot,2948_561_988_820_1129
S,8,2948,DETECTION,src/tracking/advanced_tracker.py:_activate_slot,2948_339_1084_601_1222
S,1,2948,PREDICTION,src/tracking/advanced_tracker.py:kalman_homography,
S,7,2948,PREDICTION,src/tracking/advanced_tracker.py:kalman_homography,
S,9,2948,PREDICTION,src/tracking/advanced_tracker.py:kalman_homography,
S,0,2948,PREDICTION,src/tracking/advanced_tracker.py:flow_gapfill_batched,
S,3,2948,PREDICTION,src/tracking/advanced_tracker.py:flow_gapfill_batched,
L,0,2948,PREDICTION,src/tracking/advanced_tracker.py:flow_gapfill_batched,
R,PREDICTION,PREDICTION,1
L,1,2948,PREDICTION,src/tracking/advanced_tracker.py:kalman_homography,
R,CLAMP,CLAMP,0
L,2,2948,DETECTION,src/tracking/advanced_tracker.py:_activate_slot,2948_660_355_912_512
R,DETECTION,DETECTION,1
L,3,2948,PREDICTION,src/tracking/advanced_tracker.py:flow_gapfill_batched,
R,CLAMP,CLAMP,0
L,4,2948,DETECTION,src/tracking/advanced_tracker.py:_activate_slot,2948_311_933_606_1055
R,CLAMP,CLAMP,0
L,5,2948,DETECTION,src/tracking/advanced_tracker.py:_activate_slot,2948_302_1020_542_1119
R,CLAMP,CLAMP,0
L,6,2948,CLAMP,src/tracking/advanced_tracker.py:_activate_slot,2948_561_988_820_1129
R,CLAMP,CLAMP,0
L,7,2948,PREDICTION,src/tracking/advanced_tracker.py:kalman_homography,
R,CLAMP,CLAMP,0
L,8,2948,DETECTION,src/tracking/advanced_tracker.py:_activate_slot,2948_339_1084_601_1222
R,CLAMP,CLAMP,0
L,9,2948,PREDICTION,src/tracking/advanced_tracker.py:kalman_homography,
R,CLAMP,CLAMP,0
A,2948
S,2,2951,DETECTION,src/tracking/advanced_tracker.py:_activate_slot,2951_681_299_891_479
S,4,2951,CLAMP,src/tracking/advanced_tracker.py:_activate_slot,2951_339_1080_599_1209
S,5,2951,DETECTION,src/tracking/advanced_tracker.py:_activate_slot,2951_296_1014_538_1122
S,6,2951,CLAMP,src/tracking/advanced_tracker.py:_activate_slot,2951_578_948_830_1113
S,7,2951,PREDICTION,src/tracking/advanced_tracker.py:kalman_homography,
S,9,2951,PREDICTION,src/tracking/advanced_tracker.py:kalman_homography,
S,1,2951,PREDICTION,src/tracking/advanced_tracker.py:flow_gapfill_batched,
S,8,2951,PREDICTION,src/tracking/advanced_tracker.py:flow_gapfill_batched,
L,1,2951,PREDICTION,src/tracking/advanced_tracker.py:flow_gapfill_batched,
R,CLAMP,CLAMP,0
L,2,2951,DETECTION,src/tracking/advanced_tracker.py:_activate_slot,2951_681_299_891_479
R,DETECTION,DETECTION,1
L,4,2951,CLAMP,src/tracking/advanced_tracker.py:_activate_slot,2951_339_1080_599_1209
R,CLAMP,CLAMP,0
L,5,2951,DETECTION,src/tracking/advanced_tracker.py:_activate_slot,2951_296_1014_538_1122
R,CLAMP,CLAMP,0
L,6,2951,CLAMP,src/tracking/advanced_tracker.py:_activate_slot,2951_578_948_830_1113
R,CLAMP,CLAMP,0
L,7,2951,PREDICTION,src/tracking/advanced_tracker.py:kalman_homography,
R,CLAMP,CLAMP,0
L,8,2951,PREDICTION,src/tracking/advanced_tracker.py:flow_gapfill_batched,
R,CLAMP,CLAMP,0
L,9,2951,PREDICTION,src/tracking/advanced_tracker.py:kalman_homography,
R,CLAMP,CLAMP,0
A,2951
S,2,2954,DETECTION,src/tracking/advanced_tracker.py:_activate_slot,2954_726_236_1032_393
S,5,2954,DETECTION,src/tracking/advanced_tracker.py:_activate_slot,2954_315_1016_545_1148
S,7,2954,CLAMP,src/tracking/advanced_tracker.py:_activate_slot,2954_294_909_578_1018
S,9,2954,PREDICTION,src/tracking/advanced_tracker.py:kalman_homography,
S,4,2954,PREDICTION,src/tracking/advanced_tracker.py:flow_gapfill_batched,
S,6,2954,PREDICTION,src/tracking/advanced_tracker.py:flow_gapfill_batched,
S,8,2954,PREDICTION,src/tracking/advanced_tracker.py:flow_gapfill_batched,
L,2,2954,DETECTION,src/tracking/advanced_tracker.py:_activate_slot,2954_726_236_1032_393
R,DETECTION,DETECTION,1
L,4,2954,PREDICTION,src/tracking/advanced_tracker.py:flow_gapfill_batched,
R,CLAMP,CLAMP,0
L,5,2954,DETECTION,src/tracking/advanced_tracker.py:_activate_slot,2954_315_1016_545_1148
R,CLAMP,CLAMP,0
L,6,2954,PREDICTION,src/tracking/advanced_tracker.py:flow_gapfill_batched,
R,CLAMP,CLAMP,0
L,7,2954,CLAMP,src/tracking/advanced_tracker.py:_activate_slot,2954_294_909_578_1018
R,CLAMP,CLAMP,0
L,8,2954,PREDICTION,src/tracking/advanced_tracker.py:flow_gapfill_batched,
R,CLAMP,CLAMP,0
L,9,2954,PREDICTION,src/tracking/advanced_tracker.py:kalman_homography,
R,CLAMP,CLAMP,0
A,2954
S,2,2957,DETECTION,src/tracking/advanced_tracker.py:_activate_slot,2957_737_180_1031_355
S,4,2957,CLAMP,src/tracking/advanced_tracker.py:_activate_slot,2957_280_904_580_1012
S,5,2957,DETECTION,src/tracking/advanced_tracker.py:_activate_slot,2957_318_1004_572_1128
S,7,2957,PREDICTION,src/tracking/advanced_tracker.py:kalman_homography,
S,9,2957,PREDICTION,src/tracking/advanced_tracker.py:kalman_homography,
S,6,2957,PREDICTION,src/tracking/advanced_tracker.py:flow_gapfill_batched,
S,8,2957,PREDICTION,src/tracking/advanced_tracker.py:flow_gapfill_batched,
L,2,2957,DETECTION,src/tracking/advanced_tracker.py:_activate_slot,2957_737_180_1031_355
R,DETECTION,DETECTION,1
L,4,2957,CLAMP,src/tracking/advanced_tracker.py:_activate_slot,2957_280_904_580_1012
R,CLAMP,CLAMP,0
L,5,2957,DETECTION,src/tracking/advanced_tracker.py:_activate_slot,2957_318_1004_572_1128
R,CLAMP,CLAMP,0
L,6,2957,PREDICTION,src/tracking/advanced_tracker.py:flow_gapfill_batched,
R,CLAMP,CLAMP,0
L,7,2957,PREDICTION,src/tracking/advanced_tracker.py:kalman_homography,
R,CLAMP,CLAMP,0
L,8,2957,PREDICTION,src/tracking/advanced_tracker.py:flow_gapfill_batched,
R,CLAMP,CLAMP,0
L,9,2957,PREDICTION,src/tracking/advanced_tracker.py:kalman_homography,
R,CLAMP,CLAMP,0
A,2957
S,2,2960,DETECTION,src/tracking/advanced_tracker.py:_activate_slot,2960_751_78_1032_325
S,5,2960,DETECTION,src/tracking/advanced_tracker.py:_activate_slot,2960_309_964_543_1069
S,7,2960,DETECTION,src/tracking/advanced_tracker.py:_activate_slot,2960_266_892_550_1015
S,4,2960,PREDICTION,src/tracking/advanced_tracker.py:kalman_homography,
S,9,2960,PREDICTION,src/tracking/advanced_tracker.py:kalman_homography,
S,6,2960,PREDICTION,src/tracking/advanced_tracker.py:flow_gapfill_batched,
S,8,2960,PREDICTION,src/tracking/advanced_tracker.py:flow_gapfill_batched,
L,2,2960,DETECTION,src/tracking/advanced_tracker.py:_activate_slot,2960_751_78_1032_325
R,DETECTION,DETECTION,1
L,4,2960,PREDICTION,src/tracking/advanced_tracker.py:kalman_homography,
R,CLAMP,CLAMP,0
L,5,2960,DETECTION,src/tracking/advanced_tracker.py:_activate_slot,2960_309_964_543_1069
R,CLAMP,CLAMP,0
L,6,2960,PREDICTION,src/tracking/advanced_tracker.py:flow_gapfill_batched,
R,CLAMP,CLAMP,0
L,7,2960,DETECTION,src/tracking/advanced_tracker.py:_activate_slot,2960_266_892_550_1015
R,CLAMP,CLAMP,0
L,8,2960,PREDICTION,src/tracking/advanced_tracker.py:flow_gapfill_batched,
R,CLAMP,CLAMP,0
L,9,2960,PREDICTION,src/tracking/advanced_tracker.py:kalman_homography,
R,CLAMP,CLAMP,0
A,2960
S,2,2963,DETECTION,src/tracking/advanced_tracker.py:_activate_slot,2963_750_17_1032_312
S,7,2963,DETECTION,src/tracking/advanced_tracker.py:_activate_slot,2963_272_888_547_1008
S,4,2963,PREDICTION,src/tracking/advanced_tracker.py:kalman_homography,
S,5,2963,PREDICTION,src/tracking/advanced_tracker.py:kalman_homography,
S,3,2963,PREDICTION,src/tracking/advanced_tracker.py:flow_gapfill_batched,
S,6,2963,PREDICTION,src/tracking/advanced_tracker.py:flow_gapfill_batched,
S,8,2963,PREDICTION,src/tracking/advanced_tracker.py:flow_gapfill_batched,
S,9,2963,PREDICTION,src/tracking/advanced_tracker.py:flow_gapfill_batched,
L,2,2963,DETECTION,src/tracking/advanced_tracker.py:_activate_slot,2963_750_17_1032_312
R,DETECTION,DETECTION,1
L,3,2963,PREDICTION,src/tracking/advanced_tracker.py:flow_gapfill_batched,
R,CLAMP,CLAMP,0
L,4,2963,PREDICTION,src/tracking/advanced_tracker.py:kalman_homography,
R,CLAMP,CLAMP,0
L,5,2963,PREDICTION,src/tracking/advanced_tracker.py:kalman_homography,
R,CLAMP,CLAMP,0
L,6,2963,PREDICTION,src/tracking/advanced_tracker.py:flow_gapfill_batched,
R,CLAMP,CLAMP,0
L,7,2963,DETECTION,src/tracking/advanced_tracker.py:_activate_slot,2963_272_888_547_1008
R,CLAMP,CLAMP,0
L,8,2963,PREDICTION,src/tracking/advanced_tracker.py:flow_gapfill_batched,
R,CLAMP,CLAMP,0
L,9,2963,PREDICTION,src/tracking/advanced_tracker.py:flow_gapfill_batched,
R,CLAMP,CLAMP,0
A,2963
S,2,2966,DETECTION,src/tracking/advanced_tracker.py:_activate_slot,2966_829_-15_1030_180
S,6,2966,DETECTION,src/tracking/advanced_tracker.py:_activate_slot,2966_575_916_870_1120
S,7,2966,DETECTION,src/tracking/advanced_tracker.py:_activate_slot,2966_277_857_522_990
S,5,2966,DETECTION,src/tracking/advanced_tracker.py:_activate_slot,2966_274_850_525_1033
S,4,2966,PREDICTION,src/tracking/advanced_tracker.py:kalman_homography,
S,8,2966,PREDICTION,src/tracking/advanced_tracker.py:flow_gapfill_batched,
D,5,2966
S,7,2966,PREDICTION,src/tracking/advanced_tracker.py:id_merge,
L,2,2966,DETECTION,src/tracking/advanced_tracker.py:_activate_slot,2966_829_-15_1030_180
R,DETECTION,DETECTION,1
L,4,2966,PREDICTION,src/tracking/advanced_tracker.py:kalman_homography,
R,CLAMP,CLAMP,0
L,6,2966,DETECTION,src/tracking/advanced_tracker.py:_activate_slot,2966_575_916_870_1120
R,CLAMP,CLAMP,0
L,7,2966,PREDICTION,src/tracking/advanced_tracker.py:id_merge,
R,CLAMP,CLAMP,0
L,8,2966,PREDICTION,src/tracking/advanced_tracker.py:flow_gapfill_batched,
R,CLAMP,CLAMP,0
A,2966
S,5,2969,DETECTION,src/tracking/advanced_tracker.py:_activate_slot,2969_268_854_552_1043
S,6,2969,DETECTION,src/tracking/advanced_tracker.py:_activate_slot,2969_581_891_870_1101
S,0,2969,DETECTION,src/tracking/advanced_tracker.py:_activate_slot,2969_573_641_861_858
S,4,2969,PREDICTION,src/tracking/advanced_tracker.py:kalman_homography,
S,7,2969,PREDICTION,src/tracking/advanced_tracker.py:kalman_homography,
S,8,2969,PREDICTION,src/tracking/advanced_tracker.py:flow_gapfill_batched,
L,0,2969,DETECTION,src/tracking/advanced_tracker.py:_activate_slot,2969_573_641_861_858
R,CLAMP,CLAMP,0
L,4,2969,PREDICTION,src/tracking/advanced_tracker.py:kalman_homography,
R,CLAMP,CLAMP,0
L,5,2969,DETECTION,src/tracking/advanced_tracker.py:_activate_slot,2969_268_854_552_1043
R,CLAMP,CLAMP,0
L,6,2969,DETECTION,src/tracking/advanced_tracker.py:_activate_slot,2969_581_891_870_1101
R,CLAMP,CLAMP,0
L,7,2969,PREDICTION,src/tracking/advanced_tracker.py:kalman_homography,
R,CLAMP,CLAMP,0
L,8,2969,PREDICTION,src/tracking/advanced_tracker.py:flow_gapfill_batched,
R,CLAMP,CLAMP,0
A,2969
S,0,2972,CLAMP,src/tracking/advanced_tracker.py:_activate_slot,2972_570_596_870_823
S,4,2972,DETECTION,src/tracking/advanced_tracker.py:_activate_slot,2972_420_1215_652_1353
S,5,2972,DETECTION,src/tracking/advanced_tracker.py:_activate_slot,2972_261_814_567_1044
S,7,2972,DETECTION,src/tracking/advanced_tracker.py:_activate_slot,2972_209_1339_457_1498
S,10,2972,DETECTION,src/tracking/advanced_tracker.py:_activate_slot,2972_149_346_333_430
S,1,2972,DETECTION,src/tracking/advanced_tracker.py:_activate_slot,2972_391_98_692_228
S,6,2972,PREDICTION,src/tracking/advanced_tracker.py:kalman_homography,
S,8,2972,PREDICTION,src/tracking/advanced_tracker.py:flow_gapfill_batched,
D,8,2972
S,5,2972,PREDICTION,src/tracking/advanced_tracker.py:id_merge,
L,0,2972,CLAMP,src/tracking/advanced_tracker.py:_activate_slot,2972_570_596_870_823
R,CLAMP,CLAMP,0
L,1,2972,DETECTION,src/tracking/advanced_tracker.py:_activate_slot,2972_391_98_692_228
R,CLAMP,CLAMP,0
L,4,2972,DETECTION,src/tracking/advanced_tracker.py:_activate_slot,2972_420_1215_652_1353
R,CLAMP,CLAMP,0
L,5,2972,PREDICTION,src/tracking/advanced_tracker.py:id_merge,
R,CLAMP,CLAMP,0
L,6,2972,PREDICTION,src/tracking/advanced_tracker.py:kalman_homography,
R,CLAMP,CLAMP,0
L,7,2972,DETECTION,src/tracking/advanced_tracker.py:_activate_slot,2972_209_1339_457_1498
R,CLAMP,CLAMP,0
A,2972
S,0,2975,CLAMP,src/tracking/advanced_tracker.py:_activate_slot,2975_579_573_862_780
S,1,2975,DETECTION,src/tracking/advanced_tracker.py:_activate_slot,2975_396_84_686_235
S,4,2975,DETECTION,src/tracking/advanced_tracker.py:_activate_slot,2975_421_1198_661_1366
S,5,2975,DETECTION,src/tracking/advanced_tracker.py:_activate_slot,2975_261_813_572_992
S,7,2975,DETECTION,src/tracking/advanced_tracker.py:_activate_slot,2975_211_1338_452_1488
S,6,2975,PREDICTION,src/tracking/advanced_tracker.py:kalman_homography,
S,10,2975,PREDICTION,src/tracking/advanced_tracker.py:kalman_homography,
L,0,2975,CLAMP,src/tracking/advanced_tracker.py:_activate_slot,2975_579_573_862_780
R,CLAMP,CLAMP,0
L,1,2975,DETECTION,src/tracking/advanced_tracker.py:_activate_slot,2975_396_84_686_235
R,CLAMP,CLAMP,0
L,4,2975,DETECTION,src/tracking/advanced_tracker.py:_activate_slot,2975_421_1198_661_1366
R,CLAMP,CLAMP,0
L,5,2975,DETECTION,src/tracking/advanced_tracker.py:_activate_slot,2975_261_813_572_992
R,CLAMP,CLAMP,0
L,6,2975,PREDICTION,src/tracking/advanced_tracker.py:kalman_homography,
R,CLAMP,CLAMP,0
L,7,2975,DETECTION,src/tracking/advanced_tracker.py:_activate_slot,2975_211_1338_452_1488
R,CLAMP,CLAMP,0
A,2975
S,0,2978,CLAMP,src/tracking/advanced_tracker.py:_activate_slot,2978_589_501_880_722
S,1,2978,DETECTION,src/tracking/advanced_tracker.py:_activate_slot,2978_401_71_708_244
S,4,2978,DETECTION,src/tracking/advanced_tracker.py:_activate_slot,2978_426_1216_703_1381
S,5,2978,DETECTION,src/tracking/advanced_tracker.py:_activate_slot,2978_242_807_561_1008
S,7,2978,DETECTION,src/tracking/advanced_tracker.py:_activate_slot,2978_200_1315_454_1507
S,10,2978,DETECTION,src/tracking/advanced_tracker.py:_activate_slot,2978_147_397_423_516
S,6,2978,PREDICTION,src/tracking/advanced_tracker.py:kalman_homography,
L,0,2978,CLAMP,src/tracking/advanced_tracker.py:_activate_slot,2978_589_501_880_722
R,CLAMP,CLAMP,0
L,1,2978,DETECTION,src/tracking/advanced_tracker.py:_activate_slot,2978_401_71_708_244
R,CLAMP,CLAMP,0
L,4,2978,DETECTION,src/tracking/advanced_tracker.py:_activate_slot,2978_426_1216_703_1381
R,CLAMP,CLAMP,0
L,5,2978,DETECTION,src/tracking/advanced_tracker.py:_activate_slot,2978_242_807_561_1008
R,CLAMP,CLAMP,0
L,6,2978,PREDICTION,src/tracking/advanced_tracker.py:kalman_homography,
R,CLAMP,CLAMP,0
L,7,2978,DETECTION,src/tracking/advanced_tracker.py:_activate_slot,2978_200_1315_454_1507
R,CLAMP,CLAMP,0
A,2978
S,1,2981,DETECTION,src/tracking/advanced_tracker.py:_activate_slot,2981_392_71_704_200
S,4,2981,DETECTION,src/tracking/advanced_tracker.py:_activate_slot,2981_435_1219_700_1393
S,0,2981,CLAMP,src/tracking/advanced_tracker.py:_activate_slot,2981_592_475_882_718
S,5,2981,DETECTION,src/tracking/advanced_tracker.py:_activate_slot,2981_250_762_568_1002
S,6,2981,DETECTION,src/tracking/advanced_tracker.py:_activate_slot,2981_105_1074_214_1158
S,7,2981,DETECTION,src/tracking/advanced_tracker.py:_activate_slot,2981_196_1317_451_1504
S,10,2981,DETECTION,src/tracking/advanced_tracker.py:_activate_slot,2981_146_416_425_534
L,0,2981,CLAMP,src/tracking/advanced_tracker.py:_activate_slot,2981_592_475_882_718
R,CLAMP,CLAMP,0
L,1,2981,DETECTION,src/tracking/advanced_tracker.py:_activate_slot,2981_392_71_704_200
R,CLAMP,CLAMP,0
L,4,2981,DETECTION,src/tracking/advanced_tracker.py:_activate_slot,2981_435_1219_700_1393
R,CLAMP,CLAMP,0
L,5,2981,DETECTION,src/tracking/advanced_tracker.py:_activate_slot,2981_250_762_568_1002
R,CLAMP,CLAMP,0
L,6,2981,DETECTION,src/tracking/advanced_tracker.py:_activate_slot,2981_105_1074_214_1158
R,CLAMP,CLAMP,0
L,7,2981,DETECTION,src/tracking/advanced_tracker.py:_activate_slot,2981_196_1317_451_1504
R,CLAMP,CLAMP,0
A,2981
S,0,2984,CLAMP,src/tracking/advanced_tracker.py:_activate_slot,2984_607_427_796_550
S,5,2984,DETECTION,src/tracking/advanced_tracker.py:_activate_slot,2984_229_751_556_946
S,6,2984,DETECTION,src/tracking/advanced_tracker.py:_activate_slot,2984_89_925_217_1021
S,7,2984,DETECTION,src/tracking/advanced_tracker.py:_activate_slot,2984_196_1297_448_1441
S,8,2984,CLAMP,src/tracking/advanced_tracker.py:_activate_slot,2984_444_1213_712_1425
S,10,2984,DETECTION,src/tracking/advanced_tracker.py:_activate_slot,2984_136_446_419_582
S,3,2984,DETECTION,src/tracking/advanced_tracker.py:_activate_slot,2984_657_656_885_831
S,9,2984,DETECTION,src/tracking/advanced_tracker.py:_activate_slot,2984_136_540_246_645
S,4,2984,PREDICTION,src/tracking/advanced_tracker.py:kalman_homography,
S,1,2984,PREDICTION,src/tracking/advanced_tracker.py:flow_gapfill_batched,
L,0,2984,CLAMP,src/tracking/advanced_tracker.py:_activate_slot,2984_607_427_796_550
R,CLAMP,CLAMP,0
L,1,2984,PREDICTION,src/tracking/advanced_tracker.py:flow_gapfill_batched,
R,CLAMP,CLAMP,0
L,3,2984,DETECTION,src/tracking/advanced_tracker.py:_activate_slot,2984_657_656_885_831
R,DETECTION,DETECTION,1
L,4,2984,PREDICTION,src/tracking/advanced_tracker.py:kalman_homography,
R,CLAMP,CLAMP,0
L,5,2984,DETECTION,src/tracking/advanced_tracker.py:_activate_slot,2984_229_751_556_946
R,CLAMP,CLAMP,0
L,6,2984,DETECTION,src/tracking/advanced_tracker.py:_activate_slot,2984_89_925_217_1021
R,CLAMP,CLAMP,0
L,7,2984,DETECTION,src/tracking/advanced_tracker.py:_activate_slot,2984_196_1297_448_1441
R,CLAMP,CLAMP,0
L,8,2984,CLAMP,src/tracking/advanced_tracker.py:_activate_slot,2984_444_1213_712_1425
R,CLAMP,CLAMP,0
L,9,2984,DETECTION,src/tracking/advanced_tracker.py:_activate_slot,2984_136_540_246_645
R,CLAMP,CLAMP,0
A,2984
S,3,2987,DETECTION,src/tracking/advanced_tracker.py:_activate_slot,2987_669_630_880_798
S,5,2987,DETECTION,src/tracking/advanced_tracker.py:_activate_slot,2987_222_763_462_949
S,7,2987,DETECTION,src/tracking/advanced_tracker.py:_activate_slot,2987_192_1299_442_1459
S,8,2987,CLAMP,src/tracking/advanced_tracker.py:_activate_slot,2987_443_1207_742_1423
S,10,2987,DETECTION,src/tracking/advanced_tracker.py:_activate_slot,2987_134_468_413_604
S,0,2987,PREDICTION,src/tracking/advanced_tracker.py:kalman_homography,
S,4,2987,PREDICTION,src/tracking/advanced_tracker.py:kalman_homography,
S,6,2987,PREDICTION,src/tracking/advanced_tracker.py:kalman_homography,
S,9,2987,PREDICTION,src/tracking/advanced_tracker.py:kalman_homography,
S,1,2987,PREDICTION,src/tracking/advanced_tracker.py:flow_gapfill_batched,
L,0,2987,PREDICTION,src/tracking/advanced_tracker.py:kalman_homography,
R,PREDICTION,PREDICTION,1
L,1,2987,PREDICTION,src/tracking/advanced_tracker.py:flow_gapfill_batched,
R,CLAMP,CLAMP,0
L,3,2987,DETECTION,src/tracking/advanced_tracker.py:_activate_slot,2987_669_630_880_798
R,DETECTION,DETECTION,1
L,4,2987,PREDICTION,src/tracking/advanced_tracker.py:kalman_homography,
R,CLAMP,CLAMP,0
L,5,2987,DETECTION,src/tracking/advanced_tracker.py:_activate_slot,2987_222_763_462_949
R,CLAMP,CLAMP,0
L,6,2987,PREDICTION,src/tracking/advanced_tracker.py:kalman_homography,
R,CLAMP,CLAMP,0
L,7,2987,DETECTION,src/tracking/advanced_tracker.py:_activate_slot,2987_192_1299_442_1459
R,CLAMP,CLAMP,0
L,8,2987,CLAMP,src/tracking/advanced_tracker.py:_activate_slot,2987_443_1207_742_1423
R,CLAMP,CLAMP,0
L,9,2987,PREDICTION,src/tracking/advanced_tracker.py:kalman_homography,
R,CLAMP,CLAMP,0
A,2987
S,0,2990,DETECTION,src/tracking/advanced_tracker.py:_activate_slot,2990_592_333_876_591
S,3,2990,DETECTION,src/tracking/advanced_tracker.py:_activate_slot,2990_679_542_885_729
S,5,2990,DETECTION,src/tracking/advanced_tracker.py:_activate_slot,2990_204_694_532_912
S,7,2990,DETECTION,src/tracking/advanced_tracker.py:_activate_slot,2990_165_1290_426_1479
S,8,2990,CLAMP,src/tracking/advanced_tracker.py:_activate_slot,2990_444_1149_724_1413
S,10,2990,DETECTION,src/tracking/advanced_tracker.py:_activate_slot,2990_115_517_394_648
S,4,2990,PREDICTION,src/tracking/advanced_tracker.py:kalman_homography,
S,9,2990,PREDICTION,src/tracking/advanced_tracker.py:kalman_homography,
S,1,2990,PREDICTION,src/tracking/advanced_tracker.py:flow_gapfill_batched,
S,6,2990,PREDICTION,src/tracking/advanced_tracker.py:flow_gapfill_batched,
L,0,2990,DETECTION,src/tracking/advanced_tracker.py:_activate_slot,2990_592_333_876_591
R,DETECTION,DETECTION,1
L,1,2990,PREDICTION,src/tracking/advanced_tracker.py:flow_gapfill_batched,
R,CLAMP,CLAMP,0
L,3,2990,DETECTION,src/tracking/advanced_tracker.py:_activate_slot,2990_679_542_885_729
R,DETECTION,DETECTION,1
L,4,2990,PREDICTION,src/tracking/advanced_tracker.py:kalman_homography,
R,CLAMP,CLAMP,0
L,5,2990,DETECTION,src/tracking/advanced_tracker.py:_activate_slot,2990_204_694_532_912
R,CLAMP,CLAMP,0
L,6,2990,PREDICTION,src/tracking/advanced_tracker.py:flow_gapfill_batched,
R,CLAMP,CLAMP,0
L,7,2990,DETECTION,src/tracking/advanced_tracker.py:_activate_slot,2990_165_1290_426_1479
R,CLAMP,CLAMP,0
L,8,2990,CLAMP,src/tracking/advanced_tracker.py:_activate_slot,2990_444_1149_724_1413
R,CLAMP,CLAMP,0
L,9,2990,PREDICTION,src/tracking/advanced_tracker.py:kalman_homography,
R,CLAMP,CLAMP,0
A,2990
S,0,2993,DETECTION,src/tracking/advanced_tracker.py:_activate_slot,2993_588_315_884_471
S,3,2993,DETECTION,src/tracking/advanced_tracker.py:_activate_slot,2993_675_499_889_699
S,5,2993,DETECTION,src/tracking/advanced_tracker.py:_activate_slot,2993_196_686_526_915
S,7,2993,DETECTION,src/tracking/advanced_tracker.py:_activate_slot,2993_164_1308_419_1468
S,8,2993,CLAMP,src/tracking/advanced_tracker.py:_activate_slot,2993_439_1186_717_1437
S,10,2993,DETECTION,src/tracking/advanced_tracker.py:_activate_slot,2993_102_554_381_675
S,4,2993,PREDICTION,src/tracking/advanced_tracker.py:kalman_homography,
S,9,2993,PREDICTION,src/tracking/advanced_tracker.py:kalman_homography,
S,1,2993,PREDICTION,src/tracking/advanced_tracker.py:flow_gapfill_batched,
S,6,2993,PREDICTION,src/tracking/advanced_tracker.py:flow_gapfill_batched,
L,0,2993,DETECTION,src/tracking/advanced_tracker.py:_activate_slot,2993_588_315_884_471
R,DETECTION,DETECTION,1
L,1,2993,PREDICTION,src/tracking/advanced_tracker.py:flow_gapfill_batched,
R,CLAMP,CLAMP,0
L,3,2993,DETECTION,src/tracking/advanced_tracker.py:_activate_slot,2993_675_499_889_699
R,DETECTION,DETECTION,1
L,4,2993,PREDICTION,src/tracking/advanced_tracker.py:kalman_homography,
R,CLAMP,CLAMP,0
L,5,2993,DETECTION,src/tracking/advanced_tracker.py:_activate_slot,2993_196_686_526_915
R,CLAMP,CLAMP,0
L,6,2993,PREDICTION,src/tracking/advanced_tracker.py:flow_gapfill_batched,
R,CLAMP,CLAMP,0
L,7,2993,DETECTION,src/tracking/advanced_tracker.py:_activate_slot,2993_164_1308_419_1468
R,CLAMP,CLAMP,0
L,8,2993,CLAMP,src/tracking/advanced_tracker.py:_activate_slot,2993_439_1186_717_1437
R,CLAMP,CLAMP,0
L,9,2993,PREDICTION,src/tracking/advanced_tracker.py:kalman_homography,
R,CLAMP,CLAMP,0
A,2993
S,1,2996,DETECTION,src/tracking/advanced_tracker.py:_activate_slot,2996_368_69_679_204
S,3,2996,DETECTION,src/tracking/advanced_tracker.py:_activate_slot,2996_669_484_888_639
S,0,2996,DETECTION,src/tracking/advanced_tracker.py:_activate_slot,2996_576_262_888_488
S,5,2996,DETECTION,src/tracking/advanced_tracker.py:_activate_slot,2996_155_672_508_930
S,7,2996,DETECTION,src/tracking/advanced_tracker.py:_activate_slot,2996_148_1308_397_1471
S,8,2996,CLAMP,src/tracking/advanced_tracker.py:_activate_slot,2996_430_1192_738_1423
S,10,2996,DETECTION,src/tracking/advanced_tracker.py:_activate_slot,2996_87_617_347_753
S,4,2996,PREDICTION,src/tracking/advanced_tracker.py:kalman_homography,
S,9,2996,PREDICTION,src/tracking/advanced_tracker.py:kalman_homography,
S,6,2996,PREDICTION,src/tracking/advanced_tracker.py:flow_gapfill_batched,
L,0,2996,DETECTION,src/tracking/advanced_tracker.py:_activate_slot,2996_576_262_888_488
R,DETECTION,DETECTION,1
L,1,2996,DETECTION,src/tracking/advanced_tracker.py:_activate_slot,2996_368_69_679_204
R,CLAMP,CLAMP,0
L,3,2996,DETECTION,src/tracking/advanced_tracker.py:_activate_slot,2996_669_484_888_639
R,DETECTION,DETECTION,1
L,4,2996,PREDICTION,src/tracking/advanced_tracker.py:kalman_homography,
R,CLAMP,CLAMP,0
L,5,2996,DETECTION,src/tracking/advanced_tracker.py:_activate_slot,2996_155_672_508_930
R,CLAMP,CLAMP,0
L,6,2996,PREDICTION,src/tracking/advanced_tracker.py:flow_gapfill_batched,
R,CLAMP,CLAMP,0
L,7,2996,DETECTION,src/tracking/advanced_tracker.py:_activate_slot,2996_148_1308_397_1471
R,CLAMP,CLAMP,0
L,8,2996,CLAMP,src/tracking/advanced_tracker.py:_activate_slot,2996_430_1192_738_1423
R,CLAMP,CLAMP,0
L,9,2996,PREDICTION,src/tracking/advanced_tracker.py:kalman_homography,
R,CLAMP,CLAMP,0
A,2996
S,0,2999,DETECTION,src/tracking/advanced_tracker.py:_activate_slot,2999_615_245_882_481
S,1,2999,DETECTION,src/tracking/advanced_tracker.py:_activate_slot,2999_356_64_660_193
S,3,2999,DETECTION,src/tracking/advanced_tracker.py:_activate_slot,2999_674_453_888_593
S,5,2999,DETECTION,src/tracking/advanced_tracker.py:_activate_slot,2999_232_687_465_837
S,7,2999,DETECTION,src/tracking/advanced_tracker.py:_activate_slot,2999_129_1309_389_1492
S,8,2999,CLAMP,src/tracking/advanced_tracker.py:_activate_slot,2999_435_1169_726_1382
S,10,2999,DETECTION,src/tracking/advanced_tracker.py:_activate_slot,2999_87_639_339_774
S,4,2999,PREDICTION,src/tracking/advanced_tracker.py:kalman_homography,
S,9,2999,PREDICTION,src/tracking/advanced_tracker.py:kalman_homography,
L,0,2999,DETECTION,src/tracking/advanced_tracker.py:_activate_slot,2999_615_245_882_481
R,DETECTION,DETECTION,1
L,1,2999,DETECTION,src/tracking/advanced_tracker.py:_activate_slot,2999_356_64_660_193
R,CLAMP,CLAMP,0
L,3,2999,DETECTION,src/tracking/advanced_tracker.py:_activate_slot,2999_674_453_888_593
R,DETECTION,DETECTION,1
L,4,2999,PREDICTION,src/tracking/advanced_tracker.py:kalman_homography,
R,CLAMP,CLAMP,0
L,5,2999,DETECTION,src/tracking/advanced_tracker.py:_activate_slot,2999_232_687_465_837
R,CLAMP,CLAMP,0
L,7,2999,DETECTION,src/tracking/advanced_tracker.py:_activate_slot,2999_129_1309_389_1492
R,CLAMP,CLAMP,0
L,8,2999,CLAMP,src/tracking/advanced_tracker.py:_activate_slot,2999_435_1169_726_1382
R,CLAMP,CLAMP,0
L,9,2999,PREDICTION,src/tracking/advanced_tracker.py:kalman_homography,
R,CLAMP,CLAMP,0
A,2999
S,0,3002,DETECTION,src/tracking/advanced_tracker.py:_activate_slot,3002_558_194_914_358
S,1,3002,DETECTION,src/tracking/advanced_tracker.py:_activate_slot,3002_347_67_649_228
S,3,3002,DETECTION,src/tracking/advanced_tracker.py:_activate_slot,3002_663_271_891_548
S,5,3002,DETECTION,src/tracking/advanced_tracker.py:_activate_slot,3002_205_643_475_890
S,7,3002,DETECTION,src/tracking/advanced_tracker.py:_activate_slot,3002_119_1330_378_1504
S,9,3002,DETECTION,src/tracking/advanced_tracker.py:_activate_slot,3002_80_729_375_876
S,8,3002,CLAMP,src/tracking/advanced_tracker.py:_activate_slot,3002_417_1167_702_1359
S,4,3002,PREDICTION,src/tracking/advanced_tracker.py:kalman_homography,
S,10,3002,PREDICTION,src/tracking/advanced_tracker.py:kalman_homography,
D,0,3002
S,3,3002,PREDICTION,src/tracking/advanced_tracker.py:id_merge,
D,5,3002
S,9,3002,PREDICTION,src/tracking/advanced_tracker.py:id_merge,
L,1,3002,DETECTION,src/tracking/advanced_tracker.py:_activate_slot,3002_347_67_649_228
R,CLAMP,CLAMP,0
L,3,3002,PREDICTION,src/tracking/advanced_tracker.py:id_merge,
R,PREDICTION,PREDICTION,1
L,4,3002,PREDICTION,src/tracking/advanced_tracker.py:kalman_homography,
R,CLAMP,CLAMP,0
L,7,3002,DETECTION,src/tracking/advanced_tracker.py:_activate_slot,3002_119_1330_378_1504
R,CLAMP,CLAMP,0
L,8,3002,CLAMP,src/tracking/advanced_tracker.py:_activate_slot,3002_417_1167_702_1359
R,CLAMP,CLAMP,0
L,9,3002,PREDICTION,src/tracking/advanced_tracker.py:id_merge,
R,CLAMP,CLAMP,0
A,3002
S,0,3005,DETECTION,src/tracking/advanced_tracker.py:_activate_slot,3005_563_195_903_369
S,1,3005,DETECTION,src/tracking/advanced_tracker.py:_activate_slot,3005_348_94_648_220
S,3,3005,DETECTION,src/tracking/advanced_tracker.py:_activate_slot,3005_663_344_891_513
S,7,3005,DETECTION,src/tracking/advanced_tracker.py:_activate_slot,3005_123_1341_375_1476
S,8,3005,CLAMP,src/tracking/advanced_tracker.py:_activate_slot,3005_413_1155_722_1326
S,9,3005,DETECTION,src/tracking/advanced_tracker.py:_activate_slot,3005_93_774_365_906
S,5,3005,PREDICTION,src/tracking/advanced_tracker.py:kalman_homography,
S,10,3005,PREDICTION,src/tracking/advanced_tracker.py:kalman_homography,
S,4,3005,PREDICTION,src/tracking/advanced_tracker.py:flow_gapfill_batched,
S,6,3005,PREDICTION,src/tracking/advanced_tracker.py:flow_gapfill_batched,
D,5,3005
S,9,3005,PREDICTION,src/tracking/advanced_tracker.py:id_merge,
L,0,3005,DETECTION,src/tracking/advanced_tracker.py:_activate_slot,3005_563_195_903_369
R,DETECTION,DETECTION,1
L,1,3005,DETECTION,src/tracking/advanced_tracker.py:_activate_slot,3005_348_94_648_220
R,CLAMP,CLAMP,0
L,3,3005,DETECTION,src/tracking/advanced_tracker.py:_activate_slot,3005_663_344_891_513
R,DETECTION,DETECTION,1
L,4,3005,PREDICTION,src/tracking/advanced_tracker.py:flow_gapfill_batched,
R,CLAMP,CLAMP,0
L,6,3005,PREDICTION,src/tracking/advanced_tracker.py:flow_gapfill_batched,
R,CLAMP,CLAMP,0
L,7,3005,DETECTION,src/tracking/advanced_tracker.py:_activate_slot,3005_123_1341_375_1476
R,CLAMP,CLAMP,0
L,8,3005,CLAMP,src/tracking/advanced_tracker.py:_activate_slot,3005_413_1155_722_1326
R,CLAMP,CLAMP,0
L,9,3005,PREDICTION,src/tracking/advanced_tracker.py:id_merge,
R,CLAMP,CLAMP,0
A,3005
S,1,3008,DETECTION,src/tracking/advanced_tracker.py:_activate_slot,3008_344_106_553_246
S,3,3008,DETECTION,src/tracking/advanced_tracker.py:_activate_slot,3008_684_303_888_497
S,5,3008,DETECTION,src/tracking/advanced_tracker.py:_activate_slot,3008_184_677_463_842
S,7,3008,DETECTION,src/tracking/advanced_tracker.py:_activate_slot,3008_102_1354_374_1543
S,9,3008,DETECTION,src/tracking/advanced_tracker.py:_activate_slot,3008_59_781_350_985
S,0,3008,PREDICTION,src/tracking/advanced_tracker.py:kalman_homography,
S,8,3008,PREDICTION,src/tracking/advanced_tracker.py:kalman_homography,
S,10,3008,PREDICTION,src/tracking/advanced_tracker.py:kalman_homography,
D,5,3008
S,9,3008,PREDICTION,src/tracking/advanced_tracker.py:id_merge,
L,0,3008,PREDICTION,src/tracking/advanced_tracker.py:kalman_homography,
R,PREDICTION,PREDICTION,1
L,1,3008,DETECTION,src/tracking/advanced_tracker.py:_activate_slot,3008_344_106_553_246
R,CLAMP,CLAMP,0
L,3,3008,DETECTION,src/tracking/advanced_tracker.py:_activate_slot,3008_684_303_888_497
R,DETECTION,DETECTION,1
L,7,3008,DETECTION,src/tracking/advanced_tracker.py:_activate_slot,3008_102_1354_374_1543
R,CLAMP,CLAMP,0
L,8,3008,PREDICTION,src/tracking/advanced_tracker.py:kalman_homography,
R,CLAMP,CLAMP,0
L,9,3008,PREDICTION,src/tracking/advanced_tracker.py:id_merge,
R,CLAMP,CLAMP,0
A,3008
S,0,3011,DETECTION,src/tracking/advanced_tracker.py:_activate_slot,3011_575_106_935_429
S,1,3011,DETECTION,src/tracking/advanced_tracker.py:_activate_slot,3011_340_116_552_251
S,4,3011,CLAMP,src/tracking/advanced_tracker.py:_activate_slot,3011_36_293_160_453
S,5,3011,DETECTION,src/tracking/advanced_tracker.py:_activate_slot,3011_158_694_458_880
S,7,3011,DETECTION,src/tracking/advanced_tracker.py:_activate_slot,3011_103_1359_373_1561
S,9,3011,DETECTION,src/tracking/advanced_tracker.py:_activate_slot,3011_95_813_343_948
S,10,3011,DETECTION,src/tracking/advanced_tracker.py:_activate_slot,3011_52_882_319_1014
S,2,3011,DETECTION,src/tracking/advanced_tracker.py:_activate_slot,3011_411_1162_714_1369
S,3,3011,PREDICTION,src/tracking/advanced_tracker.py:kalman_homography,
S,8,3011,PREDICTION,src/tracking/advanced_tracker.py:kalman_homography,
D,3,3011
S,0,3011,PREDICTION,src/tracking/advanced_tracker.py:id_merge,
D,2,3011
S,4,3011,PREDICTION,src/tracking/advanced_tracker.py:id_merge,
D,5,3011
S,9,3011,PREDICTION,src/tracking/advanced_tracker.py:id_merge,
L,0,3011,PREDICTION,src/tracking/advanced_tracker.py:id_merge,
R,PREDICTION,PREDICTION,1
L,1,3011,DETECTION,src/tracking/advanced_tracker.py:_activate_slot,3011_340_116_552_251
R,CLAMP,CLAMP,0
L,4,3011,PREDICTION,src/tracking/advanced_tracker.py:id_merge,
R,CLAMP,CLAMP,0
L,7,3011,DETECTION,src/tracking/advanced_tracker.py:_activate_slot,3011_103_1359_373_1561
R,CLAMP,CLAMP,0
L,8,3011,PREDICTION,src/tracking/advanced_tracker.py:kalman_homography,
R,CLAMP,CLAMP,0
L,9,3011,PREDICTION,src/tracking/advanced_tracker.py:id_merge,
R,CLAMP,CLAMP,0
A,3011
S,2,3014,DETECTION,src/tracking/advanced_tracker.py:_activate_slot,3014_411_1138_735_1402
S,0,3014,DETECTION,src/tracking/advanced_tracker.py:_activate_slot,3014_679_198_1030_385
S,1,3014,DETECTION,src/tracking/advanced_tracker.py:_activate_slot,3014_347_171_543_290
S,5,3014,DETECTION,src/tracking/advanced_tracker.py:_activate_slot,3014_162_688_454_910
S,7,3014,DETECTION,src/tracking/advanced_tracker.py:_activate_slot,3014_111_1419_369_1539
S,10,3014,DETECTION,src/tracking/advanced_tracker.py:_activate_slot,3014_48_949_309_1084
S,3,3014,PREDICTION,src/tracking/advanced_tracker.py:kalman_homography,
S,4,3014,PREDICTION,src/tracking/advanced_tracker.py:kalman_homography,
S,8,3014,PREDICTION,src/tracking/advanced_tracker.py:kalman_homography,
S,9,3014,PREDICTION,src/tracking/advanced_tracker.py:kalman_homography,
D,3,3014
S,0,3014,PREDICTION,src/tracking/advanced_tracker.py:id_merge,
D,9,3014
S,5,3014,PREDICTION,src/tracking/advanced_tracker.py:id_merge,
L,0,3014,PREDICTION,src/tracking/advanced_tracker.py:id_merge,
R,PREDICTION,PREDICTION,1
L,1,3014,DETECTION,src/tracking/advanced_tracker.py:_activate_slot,3014_347_171_543_290
R,CLAMP,CLAMP,0
L,2,3014,DETECTION,src/tracking/advanced_tracker.py:_activate_slot,3014_411_1138_735_1402
R,CLAMP,CLAMP,0
L,4,3014,PREDICTION,src/tracking/advanced_tracker.py:kalman_homography,
R,CLAMP,CLAMP,0
L,5,3014,PREDICTION,src/tracking/advanced_tracker.py:id_merge,
R,CLAMP,CLAMP,0
L,7,3014,DETECTION,src/tracking/advanced_tracker.py:_activate_slot,3014_111_1419_369_1539
R,CLAMP,CLAMP,0
L,8,3014,PREDICTION,src/tracking/advanced_tracker.py:kalman_homography,
R,CLAMP,CLAMP,0
A,3014
S,0,3017,CLAMP,src/tracking/advanced_tracker.py:_activate_slot,3017_-9_1815_108_1929
S,2,3017,DETECTION,src/tracking/advanced_tracker.py:_activate_slot,3017_423_1179_741_1364
S,4,3017,DETECTION,src/tracking/advanced_tracker.py:_activate_slot,3017_40_473_149_623
S,1,3017,DETECTION,src/tracking/advanced_tracker.py:_activate_slot,3017_347_176_526_315
S,5,3017,DETECTION,src/tracking/advanced_tracker.py:_activate_slot,3017_166_728_453_831
S,7,3017,DETECTION,src/tracking/advanced_tracker.py:_activate_slot,3017_106_1423_366_1588
S,9,3017,DETECTION,src/tracking/advanced_tracker.py:_activate_slot,3017_91_864_343_1020
S,10,3017,DETECTION,src/tracking/advanced_tracker.py:_activate_slot,3017_46_1011_311_1137
S,3,3017,PREDICTION,src/tracking/advanced_tracker.py:kalman_homography,
S,8,3017,PREDICTION,src/tracking/advanced_tracker.py:kalman_homography,
D,3,3017
S,0,3017,PREDICTION,src/tracking/advanced_tracker.py:id_merge,
D,5,3017
S,9,3017,PREDICTION,src/tracking/advanced_tracker.py:id_merge,
L,0,3017,PREDICTION,src/tracking/advanced_tracker.py:id_merge,
R,PREDICTION,SUBPIXEL,0
L,1,3017,DETECTION,src/tracking/advanced_tracker.py:_activate_slot,3017_347_176_526_315
R,CLAMP,CLAMP,0
L,2,3017,DETECTION,src/tracking/advanced_tracker.py:_activate_slot,3017_423_1179_741_1364
R,CLAMP,CLAMP,0
L,4,3017,DETECTION,src/tracking/advanced_tracker.py:_activate_slot,3017_40_473_149_623
R,CLAMP,CLAMP,0
L,7,3017,DETECTION,src/tracking/advanced_tracker.py:_activate_slot,3017_106_1423_366_1588
R,CLAMP,CLAMP,0
L,8,3017,PREDICTION,src/tracking/advanced_tracker.py:kalman_homography,
R,CLAMP,CLAMP,0
L,9,3017,PREDICTION,src/tracking/advanced_tracker.py:id_merge,
R,CLAMP,CLAMP,0
A,3017
S,2,3020,DETECTION,src/tracking/advanced_tracker.py:_activate_slot,3020_425_1165_744_1377
S,4,3020,DETECTION,src/tracking/advanced_tracker.py:_activate_slot,3020_85_900_341_1101
S,5,3020,DETECTION,src/tracking/advanced_tracker.py:_activate_slot,3020_146_722_458_932
S,7,3020,DETECTION,src/tracking/advanced_tracker.py:_activate_slot,3020_100_1443_375_1662
S,8,3020,DETECTION,src/tracking/advanced_tracker.py:_activate_slot,3020_27_1356_128_1461
S,9,3020,DETECTION,src/tracking/advanced_tracker.py:_activate_slot,3020_35_1270_192_1366
S,10,3020,DETECTION,src/tracking/advanced_tracker.py:_activate_slot,3020_50_1123_307_1257
S,1,3020,PREDICTION,src/tracking/advanced_tracker.py:kalman_homography,
S,3,3020,PREDICTION,src/tracking/advanced_tracker.py:kalman_homography,
S,0,3020,PREDICTION,src/tracking/advanced_tracker.py:flow_gapfill_batched,
D,8,3020
S,9,3020,PREDICTION,src/tracking/advanced_tracker.py:id_merge,
L,0,3020,PREDICTION,src/tracking/advanced_tracker.py:flow_gapfill_batched,
R,CLAMP,CLAMP,0
L,1,3020,PREDICTION,src/tracking/advanced_tracker.py:kalman_homography,
R,CLAMP,CLAMP,0
L,2,3020,DETECTION,src/tracking/advanced_tracker.py:_activate_slot,3020_425_1165_744_1377
R,CLAMP,CLAMP,0
L,3,3020,PREDICTION,src/tracking/advanced_tracker.py:kalman_homography,
R,PREDICTION,PREDICTION,1
L,4,3020,DETECTION,src/tracking/advanced_tracker.py:_activate_slot,3020_85_900_341_1101
R,CLAMP,CLAMP,0
L,5,3020,DETECTION,src/tracking/advanced_tracker.py:_activate_slot,3020_146_722_458_932
R,CLAMP,CLAMP,0
L,7,3020,DETECTION,src/tracking/advanced_tracker.py:_activate_slot,3020_100_1443_375_1662
R,CLAMP,CLAMP,0
L,9,3020,PREDICTION,src/tracking/advanced_tracker.py:id_merge,
R,CLAMP,CLAMP,0
A,3020
S,1,3023,DETECTION,src/tracking/advanced_tracker.py:_activate_slot,3023_360_247_524_360
S,2,3023,DETECTION,src/tracking/advanced_tracker.py:_activate_slot,3023_423_1185_750_1407
S,3,3023,DETECTION,src/tracking/advanced_tracker.py:_activate_slot,3023_693_140_1029_370
S,5,3023,DETECTION,src/tracking/advanced_tracker.py:_activate_slot,3023_150_748_439_973
S,6,3023,DETECTION,src/tracking/advanced_tracker.py:_activate_slot,3023_54_850_353_1099
S,7,3023,DETECTION,src/tracking/advanced_tracker.py:_activate_slot,3023_117_1495_379_1672
S,8,3023,DETECTION,src/tracking/advanced_tracker.py:_activate_slot,3023_44_532_153_631
S,9,3023,DETECTION,src/tracking/advanced_tracker.py:_activate_slot,3023_45_423_153_547
S,10,3023,DETECTION,src/tracking/advanced_tracker.py:_activate_slot,3023_56_1186_306_1321
S,4,3023,PREDICTION,src/tracking/advanced_tracker.py:kalman_homography,
S,0,3023,PREDICTION,src/tracking/advanced_tracker.py:flow_gapfill_batched,
D,5,3023
S,6,3023,PREDICTION,src/tracking/advanced_tracker.py:id_merge,
D,8,3023
S,9,3023,PREDICTION,src/tracking/advanced_tracker.py:id_merge,
L,0,3023,PREDICTION,src/tracking/advanced_tracker.py:flow_gapfill_batched,
R,CLAMP,CLAMP,0
L,1,3023,DETECTION,src/tracking/advanced_tracker.py:_activate_slot,3023_360_247_524_360
R,CLAMP,CLAMP,0
L,2,3023,DETECTION,src/tracking/advanced_tracker.py:_activate_slot,3023_423_1185_750_1407
R,CLAMP,CLAMP,0
L,3,3023,DETECTION,src/tracking/advanced_tracker.py:_activate_slot,3023_693_140_1029_370
R,DETECTION,DETECTION,1
L,4,3023,PREDICTION,src/tracking/advanced_tracker.py:kalman_homography,
R,CLAMP,CLAMP,0
L,6,3023,PREDICTION,src/tracking/advanced_tracker.py:id_merge,
R,CLAMP,CLAMP,0
L,7,3023,DETECTION,src/tracking/advanced_tracker.py:_activate_slot,3023_117_1495_379_1672
R,CLAMP,CLAMP,0
L,9,3023,PREDICTION,src/tracking/advanced_tracker.py:id_merge,
R,CLAMP,CLAMP,0
A,3023
S,1,3026,DETECTION,src/tracking/advanced_tracker.py:_activate_slot,3026_357_283_577_396
S,2,3026,DETECTION,src/tracking/advanced_tracker.py:_activate_slot,3026_441_1209_780_1389
S,5,3026,DETECTION,src/tracking/advanced_tracker.py:_activate_slot,3026_151_807_437_981
S,6,3026,DETECTION,src/tracking/advanced_tracker.py:_activate_slot,3026_53_917_343_1118
S,7,3026,DETECTION,src/tracking/advanced_tracker.py:_activate_slot,3026_104_1530_380_1692
S,8,3026,DETECTION,src/tracking/advanced_tracker.py:_activate_slot,3026_42_659_152_752
S,9,3026,DETECTION,src/tracking/advanced_tracker.py:_activate_slot,3026_45_479_152_585
S,10,3026,DETECTION,src/tracking/advanced_tracker.py:_activate_slot,3026_51_1305_304_1431
S,4,3026,PREDICTION,src/tracking/advanced_tracker.py:kalman_homography,
S,0,3026,PREDICTION,src/tracking/advanced_tracker.py:flow_gapfill_batched,
S,3,3026,PREDICTION,src/tracking/advanced_tracker.py:flow_gapfill_batched,
D,5,3026
S,6,3026,PREDICTION,src/tracking/advanced_tracker.py:id_merge,
D,8,3026
S,9,3026,PREDICTION,src/tracking/advanced_tracker.py:id_merge,
L,0,3026,PREDICTION,src/tracking/advanced_tracker.py:flow_gapfill_batched,
R,CLAMP,CLAMP,0
L,1,3026,DETECTION,src/tracking/advanced_tracker.py:_activate_slot,3026_357_283_577_396
R,CLAMP,CLAMP,0
L,2,3026,DETECTION,src/tracking/advanced_tracker.py:_activate_slot,3026_441_1209_780_1389
R,CLAMP,CLAMP,0
L,3,3026,PREDICTION,src/tracking/advanced_tracker.py:flow_gapfill_batched,
R,PREDICTION,PREDICTION,1
L,4,3026,PREDICTION,src/tracking/advanced_tracker.py:kalman_homography,
R,CLAMP,CLAMP,0
L,6,3026,PREDICTION,src/tracking/advanced_tracker.py:id_merge,
R,CLAMP,CLAMP,0
L,7,3026,DETECTION,src/tracking/advanced_tracker.py:_activate_slot,3026_104_1530_380_1692
R,CLAMP,CLAMP,0
L,9,3026,PREDICTION,src/tracking/advanced_tracker.py:id_merge,
R,CLAMP,CLAMP,0
A,3026
S,0,3029,CLAMP,src/tracking/advanced_tracker.py:_activate_slot,3029_362_312_581_424
S,2,3029,DETECTION,src/tracking/advanced_tracker.py:_activate_slot,3029_453_1203_782_1355
S,5,3029,DETECTION,src/tracking/advanced_tracker.py:_activate_slot,3029_151_820_439_958
S,6,3029,DETECTION,src/tracking/advanced_tracker.py:_activate_slot,3029_79_975_348_1161
S,7,3029,DETECTION,src/tracking/advanced_tracker.py:_activate_slot,3029_116_1527_381_1731
S,8,3029,DETECTION,src/tracking/advanced_tracker.py:_activate_slot,3029_40_722_146_811
S,9,3029,DETECTION,src/tracking/advanced_tracker.py:_activate_slot,3029_50_543_150_646
S,10,3029,DETECTION,src/tracking/advanced_tracker.py:_activate_slot,3029_56_1341_308_1470
S,1,3029,PREDICTION,src/tracking/advanced_tracker.py:kalman_homography,
S,4,3029,PREDICTION,src/tracking/advanced_tracker.py:kalman_homography,
S,3,3029,PREDICTION,src/tracking/advanced_tracker.py:flow_gapfill_batched,
D,8,3029
S,9,3029,PREDICTION,src/tracking/advanced_tracker.py:id_merge,
L,0,3029,CLAMP,src/tracking/advanced_tracker.py:_activate_slot,3029_362_312_581_424
R,CLAMP,CLAMP,0
L,1,3029,PREDICTION,src/tracking/advanced_tracker.py:kalman_homography,
R,CLAMP,CLAMP,0
L,2,3029,DETECTION,src/tracking/advanced_tracker.py:_activate_slot,3029_453_1203_782_1355
R,CLAMP,CLAMP,0
L,3,3029,PREDICTION,src/tracking/advanced_tracker.py:flow_gapfill_batched,
R,PREDICTION,PREDICTION,1
L,4,3029,PREDICTION,src/tracking/advanced_tracker.py:kalman_homography,
R,CLAMP,CLAMP,0
L,5,3029,DETECTION,src/tracking/advanced_tracker.py:_activate_slot,3029_151_820_439_958
R,CLAMP,CLAMP,0
L,6,3029,DETECTION,src/tracking/advanced_tracker.py:_activate_slot,3029_79_975_348_1161
R,CLAMP,CLAMP,0
L,7,3029,DETECTION,src/tracking/advanced_tracker.py:_activate_slot,3029_116_1527_381_1731
R,CLAMP,CLAMP,0
L,9,3029,PREDICTION,src/tracking/advanced_tracker.py:id_merge,
R,CLAMP,CLAMP,0
A,3029
S,1,3032,DETECTION,src/tracking/advanced_tracker.py:_activate_slot,3032_370_332_579_444
S,2,3032,DETECTION,src/tracking/advanced_tracker.py:_activate_slot,3032_451_1180_782_1414
S,5,3032,DETECTION,src/tracking/advanced_tracker.py:_activate_slot,3032_139_825_441_1002
S,6,3032,DETECTION,src/tracking/advanced_tracker.py:_activate_slot,3032_63_969_351_1122
S,7,3032,DETECTION,src/tracking/advanced_tracker.py:_activate_slot,3032_114_1545_385_1749
S,8,3032,DETECTION,src/tracking/advanced_tracker.py:_activate_slot,3032_40_802_146_895
S,9,3032,DETECTION,src/tracking/advanced_tracker.py:_activate_slot,3032_46_630_144_729
S,10,3032,DETECTION,src/tracking/advanced_tracker.py:_activate_slot,3032_49_1401_306_1572
S,0,3032,PREDICTION,src/tracking/advanced_tracker.py:kalman_homography,
S,4,3032,PREDICTION,src/tracking/advanced_tracker.py:kalman_homography,
D,5,3032
S,6,3032,PREDICTION,src/tracking/advanced_tracker.py:id_merge,
D,8,3032
S,9,3032,PREDICTION,src/tracking/advanced_tracker.py:id_merge,
L,0,3032,PREDICTION,src/tracking/advanced_tracker.py:kalman_homography,
R,PREDICTION,PREDICTION,1
L,1,3032,DETECTION,src/tracking/advanced_tracker.py:_activate_slot,3032_370_332_579_444
R,CLAMP,CLAMP,0
L,2,3032,DETECTION,src/tracking/advanced_tracker.py:_activate_slot,3032_451_1180_782_1414
R,CLAMP,CLAMP,0
L,4,3032,PREDICTION,src/tracking/advanced_tracker.py:kalman_homography,
R,CLAMP,CLAMP,0
L,6,3032,PREDICTION,src/tracking/advanced_tracker.py:id_merge,
R,CLAMP,CLAMP,0
L,7,3032,DETECTION,src/tracking/advanced_tracker.py:_activate_slot,3032_114_1545_385_1749
R,CLAMP,CLAMP,0
L,9,3032,PREDICTION,src/tracking/advanced_tracker.py:id_merge,
R,CLAMP,CLAMP,0
A,3032
S,0,3035,CLAMP,src/tracking/advanced_tracker.py:_activate_slot,3035_45_1206_135_1344
S,1,3035,DETECTION,src/tracking/advanced_tracker.py:_activate_slot,3035_365_339_563_464
S,2,3035,DETECTION,src/tracking/advanced_tracker.py:_activate_slot,3035_460_1159_814_1423
S,5,3035,DETECTION,src/tracking/advanced_tracker.py:_activate_slot,3035_133_808_424_1039
S,6,3035,DETECTION,src/tracking/advanced_tracker.py:_activate_slot,3035_51_1025_344_1169
S,7,3035,DETECTION,src/tracking/advanced_tracker.py:_activate_slot,3035_115_1599_386_1719
S,8,3035,DETECTION,src/tracking/advanced_tracker.py:_activate_slot,3035_40_784_139_892
S,10,3035,DETECTION,src/tracking/advanced_tracker.py:_activate_slot,3035_40_1471_307_1587
S,4,3035,PREDICTION,src/tracking/advanced_tracker.py:kalman_homography,
S,9,3035,PREDICTION,src/tracking/advanced_tracker.py:kalman_homography,
L,0,3035,CLAMP,src/tracking/advanced_tracker.py:_activate_slot,3035_45_1206_135_1344
R,CLAMP,CLAMP,0
L,1,3035,DETECTION,src/tracking/advanced_tracker.py:_activate_slot,3035_365_339_563_464
R,CLAMP,CLAMP,0
L,2,3035,DETECTION,src/tracking/advanced_tracker.py:_activate_slot,3035_460_1159_814_1423
R,CLAMP,CLAMP,0
L,4,3035,PREDICTION,src/tracking/advanced_tracker.py:kalman_homography,
R,CLAMP,CLAMP,0
L,5,3035,DETECTION,src/tracking/advanced_tracker.py:_activate_slot,3035_133_808_424_1039
R,CLAMP,CLAMP,0
L,6,3035,DETECTION,src/tracking/advanced_tracker.py:_activate_slot,3035_51_1025_344_1169
R,CLAMP,CLAMP,0
L,7,3035,DETECTION,src/tracking/advanced_tracker.py:_activate_slot,3035_115_1599_386_1719
R,CLAMP,CLAMP,0
L,8,3035,DETECTION,src/tracking/advanced_tracker.py:_activate_slot,3035_40_784_139_892
R,CLAMP,CLAMP,0
L,9,3035,PREDICTION,src/tracking/advanced_tracker.py:kalman_homography,
R,CLAMP,CLAMP,0
A,3035
S,1,3038,DETECTION,src/tracking/advanced_tracker.py:_activate_slot,3038_365_343_687_499
S,2,3038,DETECTION,src/tracking/advanced_tracker.py:_activate_slot,3038_468_1185_809_1362
S,5,3038,DETECTION,src/tracking/advanced_tracker.py:_activate_slot,3038_129_853_382_964
S,6,3038,DETECTION,src/tracking/advanced_tracker.py:_activate_slot,3038_73_1029_316_1191
S,8,3038,DETECTION,src/tracking/advanced_tracker.py:_activate_slot,3038_26_771_135_897
S,10,3038,DETECTION,src/tracking/advanced_tracker.py:_activate_slot,3038_40_1528_299_1663
S,0,3038,PREDICTION,src/tracking/advanced_tracker.py:kalman_homography,
S,7,3038,PREDICTION,src/tracking/advanced_tracker.py:kalman_homography,
S,9,3038,PREDICTION,src/tracking/advanced_tracker.py:kalman_homography,
S,4,3038,PREDICTION,src/tracking/advanced_tracker.py:flow_gapfill_batched,
L,0,3038,PREDICTION,src/tracking/advanced_tracker.py:kalman_homography,
R,CLAMP,CLAMP,0
L,1,3038,DETECTION,src/tracking/advanced_tracker.py:_activate_slot,3038_365_343_687_499
R,CLAMP,CLAMP,0
L,2,3038,DETECTION,src/tracking/advanced_tracker.py:_activate_slot,3038_468_1185_809_1362
R,CLAMP,CLAMP,0
L,4,3038,PREDICTION,src/tracking/advanced_tracker.py:flow_gapfill_batched,
R,CLAMP,CLAMP,0
L,5,3038,DETECTION,src/tracking/advanced_tracker.py:_activate_slot,3038_129_853_382_964
R,CLAMP,CLAMP,0
L,6,3038,DETECTION,src/tracking/advanced_tracker.py:_activate_slot,3038_73_1029_316_1191
R,CLAMP,CLAMP,0
L,7,3038,PREDICTION,src/tracking/advanced_tracker.py:kalman_homography,
R,CLAMP,CLAMP,0
L,8,3038,DETECTION,src/tracking/advanced_tracker.py:_activate_slot,3038_26_771_135_897
R,CLAMP,CLAMP,0
L,9,3038,PREDICTION,src/tracking/advanced_tracker.py:kalman_homography,
R,CLAMP,CLAMP,0
A,3038
S,1,3041,DETECTION,src/tracking/advanced_tracker.py:_activate_slot,3041_360_372_681_517
S,2,3041,DETECTION,src/tracking/advanced_tracker.py:_activate_slot,3041_448_1166_796_1386
S,5,3041,DETECTION,src/tracking/advanced_tracker.py:_activate_slot,3041_112_866_407_1016
S,6,3041,DETECTION,src/tracking/advanced_tracker.py:_activate_slot,3041_33_1048_309_1243
S,8,3041,DETECTION,src/tracking/advanced_tracker.py:_activate_slot,3041_16_949_114_1063
S,10,3041,DETECTION,src/tracking/advanced_tracker.py:_activate_slot,3041_34_1590_358_1818
S,0,3041,PREDICTION,src/tracking/advanced_tracker.py:kalman_homography,
S,7,3041,PREDICTION,src/tracking/advanced_tracker.py:kalman_homography,
S,9,3041,PREDICTION,src/tracking/advanced_tracker.py:kalman_homography,
S,3,3041,PREDICTION,src/tracking/advanced_tracker.py:flow_gapfill_batched,
S,4,3041,PREDICTION,src/tracking/advanced_tracker.py:flow_gapfill_batched,
D,5,3041
S,8,3041,PREDICTION,src/tracking/advanced_tracker.py:id_merge,
L,0,3041,PREDICTION,src/tracking/advanced_tracker.py:kalman_homography,
R,CLAMP,CLAMP,0
L,1,3041,DETECTION,src/tracking/advanced_tracker.py:_activate_slot,3041_360_372_681_517
R,CLAMP,CLAMP,0
L,2,3041,DETECTION,src/tracking/advanced_tracker.py:_activate_slot,3041_448_1166_796_1386
R,CLAMP,CLAMP,0
L,3,3041,PREDICTION,src/tracking/advanced_tracker.py:flow_gapfill_batched,
R,PREDICTION,PREDICTION,1
L,4,3041,PREDICTION,src/tracking/advanced_tracker.py:flow_gapfill_batched,
R,CLAMP,CLAMP,0
L,6,3041,DETECTION,src/tracking/advanced_tracker.py:_activate_slot,3041_33_1048_309_1243
R,CLAMP,CLAMP,0
L,7,3041,PREDICTION,src/tracking/advanced_tracker.py:kalman_homography,
R,CLAMP,CLAMP,0
L,8,3041,PREDICTION,src/tracking/advanced_tracker.py:id_merge,
R,CLAMP,CLAMP,0
L,9,3041,PREDICTION,src/tracking/advanced_tracker.py:kalman_homography,
R,CLAMP,CLAMP,0
A,3041
S,1,3044,DETECTION,src/tracking/advanced_tracker.py:_activate_slot,3044_348_356_669_578
S,2,3044,DETECTION,src/tracking/advanced_tracker.py:_activate_slot,3044_438_1086_785_1386
S,5,3044,DETECTION,src/tracking/advanced_tracker.py:_activate_slot,3044_85_873_381_1071
S,6,3044,DETECTION,src/tracking/advanced_tracker.py:_activate_slot,3044_15_1080_298_1179
S,8,3044,DETECTION,src/tracking/advanced_tracker.py:_activate_slot,3044_-7_1142_97_1235
S,9,3044,DETECTION,src/tracking/advanced_tracker.py:_activate_slot,3044_27_1060_304_1171
S,10,3044,DETECTION,src/tracking/advanced_tracker.py:_activate_slot,3044_28_1659_345_1827
S,7,3044,PREDICTION,src/tracking/advanced_tracker.py:kalman_homography,
S,0,3044,PREDICTION,src/tracking/advanced_tracker.py:flow_gapfill_batched,
S,4,3044,PREDICTION,src/tracking/advanced_tracker.py:flow_gapfill_batched,
D,4,3044
S,0,3044,PREDICTION,src/tracking/advanced_tracker.py:id_merge,
D,5,3044
S,6,3044,PREDICTION,src/tracking/advanced_tracker.py:id_merge,
D,6,3044
S,8,3044,PREDICTION,src/tracking/advanced_tracker.py:id_merge,
D,8,3044
S,9,3044,PREDICTION,src/tracking/advanced_tracker.py:id_merge,
L,0,3044,PREDICTION,src/tracking/advanced_tracker.py:id_merge,
R,CLAMP,CLAMP,0
L,1,3044,DETECTION,src/tracking/advanced_tracker.py:_activate_slot,3044_348_356_669_578
R,CLAMP,CLAMP,0
L,2,3044,DETECTION,src/tracking/advanced_tracker.py:_activate_slot,3044_438_1086_785_1386
R,CLAMP,CLAMP,0
L,7,3044,PREDICTION,src/tracking/advanced_tracker.py:kalman_homography,
R,CLAMP,CLAMP,0
L,9,3044,PREDICTION,src/tracking/advanced_tracker.py:id_merge,
R,CLAMP,CLAMP,0
A,3044
S,1,3047,DETECTION,src/tracking/advanced_tracker.py:_activate_slot,3047_345_420_659_596
S,2,3047,DETECTION,src/tracking/advanced_tracker.py:_activate_slot,3047_422_1129_772_1345
S,5,3047,DETECTION,src/tracking/advanced_tracker.py:_activate_slot,3047_69_882_364_1047
S,6,3047,DETECTION,src/tracking/advanced_tracker.py:_activate_slot,3047_9_1033_286_1225
S,7,3047,DETECTION,src/tracking/advanced_tracker.py:_activate_slot,3047_51_1677_331_1821
S,10,3047,DETECTION,src/tracking/advanced_tracker.py:_activate_slot,3047_5_1782_258_1908
S,8,3047,PREDICTION,src/tracking/advanced_tracker.py:kalman_homography,
S,9,3047,PREDICTION,src/tracking/advanced_tracker.py:kalman_homography,
S,0,3047,PREDICTION,src/tracking/advanced_tracker.py:flow_gapfill_batched,
D,5,3047
S,6,3047,PREDICTION,src/tracking/advanced_tracker.py:id_merge,
D,8,3047
S,6,3047,PREDICTION,src/tracking/advanced_tracker.py:id_merge,
D,9,3047
S,6,3047,PREDICTION,src/tracking/advanced_tracker.py:id_merge,
L,0,3047,PREDICTION,src/tracking/advanced_tracker.py:flow_gapfill_batched,
R,CLAMP,CLAMP,0
L,1,3047,DETECTION,src/tracking/advanced_tracker.py:_activate_slot,3047_345_420_659_596
R,CLAMP,CLAMP,0
L,2,3047,DETECTION,src/tracking/advanced_tracker.py:_activate_slot,3047_422_1129_772_1345
R,CLAMP,CLAMP,0
L,6,3047,PREDICTION,src/tracking/advanced_tracker.py:id_merge,
R,CLAMP,CLAMP,0
L,7,3047,DETECTION,src/tracking/advanced_tracker.py:_activate_slot,3047_51_1677_331_1821
R,CLAMP,CLAMP,0
A,3047
S,1,3050,DETECTION,src/tracking/advanced_tracker.py:_activate_slot,3050_326_460_646_605
S,2,3050,DETECTION,src/tracking/advanced_tracker.py:_activate_slot,3050_399_1125_766_1365
S,3,3050,DETECTION,src/tracking/advanced_tracker.py:_activate_slot,3050_669_133_1030_350
S,5,3050,DETECTION,src/tracking/advanced_tracker.py:_activate_slot,3050_68_939_348_1065
S,6,3050,DETECTION,src/tracking/advanced_tracker.py:_activate_slot,3050_-2_1099_271_1282
S,7,3050,DETECTION,src/tracking/advanced_tracker.py:_activate_slot,3050_30_1659_319_1878
S,8,3050,DETECTION,src/tracking/advanced_tracker.py:_activate_slot,3050_-11_1320_73_1407
S,9,3050,PREDICTION,src/tracking/advanced_tracker.py:kalman_homography,
S,10,3050,PREDICTION,src/tracking/advanced_tracker.py:kalman_homography,
D,6,3050
S,8,3050,PREDICTION,src/tracking/advanced_tracker.py:id_merge,
D,9,3050
S,8,3050,PREDICTION,src/tracking/advanced_tracker.py:id_merge,
L,1,3050,DETECTION,src/tracking/advanced_tracker.py:_activate_slot,3050_326_460_646_605
R,CLAMP,CLAMP,0
L,2,3050,DETECTION,src/tracking/advanced_tracker.py:_activate_slot,3050_399_1125_766_1365
R,CLAMP,CLAMP,0
L,3,3050,DETECTION,src/tracking/advanced_tracker.py:_activate_slot,3050_669_133_1030_350
R,DETECTION,DETECTION,1
L,5,3050,DETECTION,src/tracking/advanced_tracker.py:_activate_slot,3050_68_939_348_1065
R,CLAMP,CLAMP,0
L,7,3050,DETECTION,src/tracking/advanced_tracker.py:_activate_slot,3050_30_1659_319_1878
R,CLAMP,CLAMP,0
L,8,3050,PREDICTION,src/tracking/advanced_tracker.py:id_merge,
R,CLAMP,CLAMP,0
A,3050
S,1,3053,DETECTION,src/tracking/advanced_tracker.py:_activate_slot,3053_320_444_647_631
S,3,3053,DETECTION,src/tracking/advanced_tracker.py:_activate_slot,3053_645_147_1032_320
S,2,3053,DETECTION,src/tracking/advanced_tracker.py:_activate_slot,3053_385_1092_703_1377
S,6,3053,DETECTION,src/tracking/advanced_tracker.py:_activate_slot,3053_0_1111_252_1234
S,7,3053,DETECTION,src/tracking/advanced_tracker.py:_activate_slot,3053_53_939_347_1095
S,8,3053,DETECTION,src/tracking/advanced_tracker.py:_activate_slot,3053_-10_1294_70_1392
S,5,3053,PREDICTION,src/tracking/advanced_tracker.py:kalman_homography,
S,9,3053,PREDICTION,src/tracking/advanced_tracker.py:kalman_homography,
S,10,3053,PREDICTION,src/tracking/advanced_tracker.py:flow_gapfill_batched,
D,5,3053
S,6,3053,PREDICTION,src/tracking/advanced_tracker.py:id_merge,
D,6,3053
S,7,3053,PREDICTION,src/tracking/advanced_tracker.py:id_merge,
L,1,3053,DETECTION,src/tracking/advanced_tracker.py:_activate_slot,3053_320_444_647_631
R,CLAMP,CLAMP,0
L,2,3053,DETECTION,src/tracking/advanced_tracker.py:_activate_slot,3053_385_1092_703_1377
R,CLAMP,CLAMP,0
L,3,3053,DETECTION,src/tracking/advanced_tracker.py:_activate_slot,3053_645_147_1032_320
R,DETECTION,DETECTION,1
L,7,3053,PREDICTION,src/tracking/advanced_tracker.py:id_merge,
R,CLAMP,CLAMP,0
L,8,3053,DETECTION,src/tracking/advanced_tracker.py:_activate_slot,3053_-10_1294_70_1392
R,CLAMP,CLAMP,0
L,9,3053,PREDICTION,src/tracking/advanced_tracker.py:kalman_homography,
R,CLAMP,CLAMP,0
A,3053
S,1,3056,DETECTION,src/tracking/advanced_tracker.py:_activate_slot,3056_322_437_652_657
S,2,3056,DETECTION,src/tracking/advanced_tracker.py:_activate_slot,3056_354_1095_716_1297
S,3,3056,DETECTION,src/tracking/advanced_tracker.py:_activate_slot,3056_640_94_1032_324
S,5,3056,DETECTION,src/tracking/advanced_tracker.py:_activate_slot,3056_49_915_341_1140
S,6,3056,DETECTION,src/tracking/advanced_tracker.py:_activate_slot,3056_0_1127_277_1232
S,9,3056,DETECTION,src/tracking/advanced_tracker.py:_activate_slot,3056_43_1731_322_1851
S,8,3056,DETECTION,src/tracking/advanced_tracker.py:_activate_slot,3056_-10_1357_69_1468
S,7,3056,PREDICTION,src/tracking/advanced_tracker.py:kalman_homography,
S,0,3056,PREDICTION,src/tracking/advanced_tracker.py:flow_gapfill_batched,
S,10,3056,PREDICTION,src/tracking/advanced_tracker.py:flow_gapfill_batched,
D,5,3056
S,6,3056,PREDICTION,src/tracking/advanced_tracker.py:id_merge,
L,0,3056,PREDICTION,src/tracking/advanced_tracker.py:flow_gapfill_batched,
R,CLAMP,CLAMP,0
L,1,3056,DETECTION,src/tracking/advanced_tracker.py:_activate_slot,3056_322_437_652_657
R,CLAMP,CLAMP,0
L,2,3056,DETECTION,src/tracking/advanced_tracker.py:_activate_slot,3056_354_1095_716_1297
R,CLAMP,CLAMP,0
L,3,3056,DETECTION,src/tracking/advanced_tracker.py:_activate_slot,3056_640_94_1032_324
R,DETECTION,DETECTION,1
L,6,3056,PREDICTION,src/tracking/advanced_tracker.py:id_merge,
R,CLAMP,CLAMP,0
L,7,3056,PREDICTION,src/tracking/advanced_tracker.py:kalman_homography,
R,CLAMP,CLAMP,0
L,8,3056,DETECTION,src/tracking/advanced_tracker.py:_activate_slot,3056_-10_1357_69_1468
R,CLAMP,CLAMP,0
L,9,3056,DETECTION,src/tracking/advanced_tracker.py:_activate_slot,3056_43_1731_322_1851
R,CLAMP,CLAMP,0
A,3056
S,1,3059,DETECTION,src/tracking/advanced_tracker.py:_activate_slot,3059_318_462_646_675
S,2,3059,DETECTION,src/tracking/advanced_tracker.py:_activate_slot,3059_354_1096_702_1333
S,3,3059,DETECTION,src/tracking/advanced_tracker.py:_activate_slot,3059_646_119_1021_291
S,5,3059,DETECTION,src/tracking/advanced_tracker.py:_activate_slot,3059_52_963_303_1065
S,6,3059,DETECTION,src/tracking/advanced_tracker.py:_activate_slot,3059_-3_1124_259_1290
S,9,3059,DETECTION,src/tracking/advanced_tracker.py:_activate_slot,3059_26_1722_321_1902
S,7,3059,PREDICTION,src/tracking/advanced_tracker.py:kalman_homography,
S,8,3059,PREDICTION,src/tracking/advanced_tracker.py:kalman_homography,
S,0,3059,PREDICTION,src/tracking/advanced_tracker.py:flow_gapfill_batched,
S,10,3059,PREDICTION,src/tracking/advanced_tracker.py:flow_gapfill_batched,
L,0,3059,PREDICTION,src/tracking/advanced_tracker.py:flow_gapfill_batched,
R,CLAMP,CLAMP,0
L,1,3059,DETECTION,src/tracking/advanced_tracker.py:_activate_slot,3059_318_462_646_675
R,CLAMP,CLAMP,0
L,2,3059,DETECTION,src/tracking/advanced_tracker.py:_activate_slot,3059_354_1096_702_1333
R,CLAMP,CLAMP,0
L,3,3059,DETECTION,src/tracking/advanced_tracker.py:_activate_slot,3059_646_119_1021_291
R,DETECTION,DETECTION,1
L,5,3059,DETECTION,src/tracking/advanced_tracker.py:_activate_slot,3059_52_963_303_1065
R,CLAMP,CLAMP,0
L,6,3059,DETECTION,src/tracking/advanced_tracker.py:_activate_slot,3059_-3_1124_259_1290
R,CLAMP,CLAMP,0
L,7,3059,PREDICTION,src/tracking/advanced_tracker.py:kalman_homography,
R,CLAMP,CLAMP,0
L,8,3059,PREDICTION,src/tracking/advanced_tracker.py:kalman_homography,
R,CLAMP,CLAMP,0
L,9,3059,DETECTION,src/tracking/advanced_tracker.py:_activate_slot,3059_26_1722_321_1902
R,CLAMP,CLAMP,0
A,3059
S,1,3062,DETECTION,src/tracking/advanced_tracker.py:_activate_slot,3062_308_531_632_713
S,2,3062,DETECTION,src/tracking/advanced_tracker.py:_activate_slot,3062_335_1090_660_1339
S,3,3062,DETECTION,src/tracking/advanced_tracker.py:_activate_slot,3062_624_111_1017_294
S,5,3062,DETECTION,src/tracking/advanced_tracker.py:_activate_slot,3062_53_974_333_1103
S,6,3062,DETECTION,src/tracking/advanced_tracker.py:_activate_slot,3062_-9_1126_257_1330
S,7,3062,DETECTION,src/tracking/advanced_tracker.py:_activate_slot,3062_51_974_282_1089
S,9,3062,DETECTION,src/tracking/advanced_tracker.py:_activate_slot,3062_37_1716_316_1932
S,8,3062,DETECTION,src/tracking/advanced_tracker.py:_activate_slot,3062_-11_1524_70_1632
S,10,3062,PREDICTION,src/tracking/advanced_tracker.py:flow_gapfill_batched,
D,5,3062
S,7,3062,PREDICTION,src/tracking/advanced_tracker.py:id_merge,
L,1,3062,DETECTION,src/tracking/advanced_tracker.py:_activate_slot,3062_308_531_632_713
R,CLAMP,CLAMP,0
L,2,3062,DETECTION,src/tracking/advanced_tracker.py:_activate_slot,3062_335_1090_660_1339
R,CLAMP,CLAMP,0
L,3,3062,DETECTION,src/tracking/advanced_tracker.py:_activate_slot,3062_624_111_1017_294
R,DETECTION,DETECTION,1
L,6,3062,DETECTION,src/tracking/advanced_tracker.py:_activate_slot,3062_-9_1126_257_1330
R,CLAMP,CLAMP,0
L,7,3062,PREDICTION,src/tracking/advanced_tracker.py:id_merge,
R,CLAMP,CLAMP,0
L,8,3062,DETECTION,src/tracking/advanced_tracker.py:_activate_slot,3062_-11_1524_70_1632
R,CLAMP,CLAMP,0
L,9,3062,DETECTION,src/tracking/advanced_tracker.py:_activate_slot,3062_37_1716_316_1932
R,CLAMP,CLAMP,0
A,3062
S,1,3065,DETECTION,src/tracking/advanced_tracker.py:_activate_slot,3065_291_587_609_740
S,2,3065,DETECTION,src/tracking/advanced_tracker.py:_activate_slot,3065_325_1146_610_1326
S,3,3065,DETECTION,src/tracking/advanced_tracker.py:_activate_slot,3065_623_64_1010_294
S,5,3065,DETECTION,src/tracking/advanced_tracker.py:_activate_slot,3065_37_981_340_1164
S,6,3065,DETECTION,src/tracking/advanced_tracker.py:_activate_slot,3065_0_1150_278_1258
S,9,3065,DETECTION,src/tracking/advanced_tracker.py:_activate_slot,3065_43_1779_313_1881
S,8,3065,DETECTION,src/tracking/advanced_tracker.py:_activate_slot,3065_-11_1591_70_1705
S,4,3065,DETECTION,src/tracking/advanced_tracker.py:_activate_slot,3065_224_396_552_602
S,7,3065,PREDICTION,src/tracking/advanced_tracker.py:kalman_homography,
S,10,3065,PREDICTION,src/tracking/advanced_tracker.py:flow_gapfill_batched,
D,5,3065
S,6,3065,PREDICTION,src/tracking/advanced_tracker.py:id_merge,
L,1,3065,DETECTION,src/tracking/advanced_tracker.py:_activate_slot,3065_291_587_609_740
R,CLAMP,CLAMP,0
L,2,3065,DETECTION,src/tracking/advanced_tracker.py:_activate_slot,3065_325_1146_610_1326
R,CLAMP,CLAMP,0
L,3,3065,DETECTION,src/tracking/advanced_tracker.py:_activate_slot,3065_623_64_1010_294
R,DETECTION,DETECTION,1
L,4,3065,DETECTION,src/tracking/advanced_tracker.py:_activate_slot,3065_224_396_552_602
R,CLAMP,CLAMP,0
L,6,3065,PREDICTION,src/tracking/advanced_tracker.py:id_merge,
R,CLAMP,CLAMP,0
L,7,3065,PREDICTION,src/tracking/advanced_tracker.py:kalman_homography,
R,CLAMP,CLAMP,0
L,8,3065,DETECTION,src/tracking/advanced_tracker.py:_activate_slot,3065_-11_1591_70_1705
R,CLAMP,CLAMP,0
L,9,3065,DETECTION,src/tracking/advanced_tracker.py:_activate_slot,3065_43_1779_313_1881
R,CLAMP,CLAMP,0
A,3065
S,1,3068,DETECTION,src/tracking/advanced_tracker.py:_activate_slot,3068_282_592_605_763
S,2,3068,DETECTION,src/tracking/advanced_tracker.py:_activate_slot,3068_314_1119_644_1299
S,3,3068,DETECTION,src/tracking/advanced_tracker.py:_activate_slot,3068_628_105_1002_277
S,4,3068,DETECTION,src/tracking/advanced_tracker.py:_activate_slot,3068_228_464_553_639
S,5,3068,DETECTION,src/tracking/advanced_tracker.py:_activate_slot,3068_42_954_331_1177
S,7,3068,DETECTION,src/tracking/advanced_tracker.py:_activate_slot,3068_-4_1143_263_1299
S,9,3068,DETECTION,src/tracking/advanced_tracker.py:_activate_slot,3068_33_1785_325_1929
S,8,3068,DETECTION,src/tracking/advanced_tracker.py:_activate_slot,3068_-10_1665_72_1779
S,6,3068,PREDICTION,src/tracking/advanced_tracker.py:kalman_homography,
S,10,3068,PREDICTION,src/tracking/advanced_tracker.py:flow_gapfill_batched,
D,1,3068
S,4,3068,PREDICTION,src/tracking/advanced_tracker.py:id_merge,
D,6,3068
S,5,3068,PREDICTION,src/tracking/advanced_tracker.py:id_merge,
D,5,3068
S,7,3068,PREDICTION,src/tracking/advanced_tracker.py:id_merge,
L,2,3068,DETECTION,src/tracking/advanced_tracker.py:_activate_slot,3068_314_1119_644_1299
R,CLAMP,CLAMP,0
L,3,3068,DETECTION,src/tracking/advanced_tracker.py:_activate_slot,3068_628_105_1002_277
R,DETECTION,DETECTION,1
L,4,3068,PREDICTION,src/tracking/advanced_tracker.py:id_merge,
R,CLAMP,CLAMP,0
L,7,3068,PREDICTION,src/tracking/advanced_tracker.py:id_merge,
R,CLAMP,CLAMP,0
L,8,3068,DETECTION,src/tracking/advanced_tracker.py:_activate_slot,3068_-10_1665_72_1779
R,CLAMP,CLAMP,0
L,9,3068,DETECTION,src/tracking/advanced_tracker.py:_activate_slot,3068_33_1785_325_1929
R,CLAMP,CLAMP,0
A,3068
S,1,3071,DETECTION,src/tracking/advanced_tracker.py:_activate_slot,3071_285_559_603_768
S,2,3071,DETECTION,src/tracking/advanced_tracker.py:_activate_slot,3071_299_1093_612_1318
S,3,3071,DETECTION,src/tracking/advanced_tracker.py:_activate_slot,3071_622_76_994_288
S,4,3071,DETECTION,src/tracking/advanced_tracker.py:_activate_slot,3071_236_484_559_678
S,5,3071,DETECTION,src/tracking/advanced_tracker.py:_activate_slot,3071_45_997_329_1144
S,6,3071,DETECTION,src/tracking/advanced_tracker.py:_activate_slot,3071_-9_1131_246_1329
S,7,3071,CLAMP,src/tracking/advanced_tracker.py:_activate_slot,3071_405_118_721_272
S,8,3071,DETECTION,src/tracking/advanced_tracker.py:_activate_slot,3071_47_996_330_1107
S,9,3071,DETECTION,src/tracking/advanced_tracker.py:_activate_slot,3071_38_1743_317_1935
S,10,3071,PREDICTION,src/tracking/advanced_tracker.py:flow_gapfill_batched,
D,1,3071
S,4,3071,PREDICTION,src/tracking/advanced_tracker.py:id_merge,
D,5,3071
S,6,3071,PREDICTION,src/tracking/advanced_tracker.py:id_merge,
D,6,3071
S,7,3071,PREDICTION,src/tracking/advanced_tracker.py:id_merge,
D,7,3071
S,8,3071,PREDICTION,src/tracking/advanced_tracker.py:id_merge,
L,2,3071,DETECTION,src/tracking/advanced_tracker.py:_activate_slot,3071_299_1093_612_1318
R,CLAMP,CLAMP,0
L,3,3071,DETECTION,src/tracking/advanced_tracker.py:_activate_slot,3071_622_76_994_288
R,DETECTION,DETECTION,1
L,4,3071,PREDICTION,src/tracking/advanced_tracker.py:id_merge,
R,CLAMP,CLAMP,0
L,8,3071,PREDICTION,src/tracking/advanced_tracker.py:id_merge,
R,CLAMP,CLAMP,0
L,9,3071,DETECTION,src/tracking/advanced_tracker.py:_activate_slot,3071_38_1743_317_1935
R,CLAMP,CLAMP,0
A,3071
S,1,3074,DETECTION,src/tracking/advanced_tracker.py:_activate_slot,3074_315_606_615_838
S,2,3074,DETECTION,src/tracking/advanced_tracker.py:_activate_slot,3074_303_1124_608_1257
S,3,3074,DETECTION,src/tracking/advanced_tracker.py:_activate_slot,3074_633_86_1015_287
S,4,3074,DETECTION,src/tracking/advanced_tracker.py:_activate_slot,3074_239_525_585_714
S,5,3074,DETECTION,src/tracking/advanced_tracker.py:_activate_slot,3074_49_975_337_1137
S,6,3074,DETECTION,src/tracking/advanced_tracker.py:_activate_slot,3074_-4_1140_276_1242
S,9,3074,DETECTION,src/tracking/advanced_tracker.py:_activate_slot,3074_54_1776_329_1932
S,10,3074,CLAMP,src/tracking/advanced_tracker.py:_activate_slot,3074_-13_627_125_729
S,8,3074,PREDICTION,src/tracking/advanced_tracker.py:kalman_homography,
S,7,3074,PREDICTION,src/tracking/advanced_tracker.py:flow_gapfill_batched,
D,1,3074
S,4,3074,PREDICTION,src/tracking/advanced_tracker.py:id_merge,
D,5,3074
S,6,3074,PREDICTION,src/tracking/advanced_tracker.py:id_merge,
D,8,3074
S,6,3074,PREDICTION,src/tracking/advanced_tracker.py:id_merge,
L,2,3074,DETECTION,src/tracking/advanced_tracker.py:_activate_slot,3074_303_1124_608_1257
R,CLAMP,CLAMP,0
L,3,3074,DETECTION,src/tracking/advanced_tracker.py:_activate_slot,3074_633_86_1015_287
R,DETECTION,DETECTION,1
L,4,3074,PREDICTION,src/tracking/advanced_tracker.py:id_merge,
R,CLAMP,CLAMP,0
L,6,3074,PREDICTION,src/tracking/advanced_tracker.py:id_merge,
R,CLAMP,CLAMP,0
L,7,3074,PREDICTION,src/tracking/advanced_tracker.py:flow_gapfill_batched,
R,CLAMP,CLAMP,0
L,9,3074,DETECTION,src/tracking/advanced_tracker.py:_activate_slot,3074_54_1776_329_1932
R,CLAMP,CLAMP,0
A,3074
S,1,3077,DETECTION,src/tracking/advanced_tracker.py:_activate_slot,3077_314_666_610_895
S,2,3077,DETECTION,src/tracking/advanced_tracker.py:_activate_slot,3077_285_1121_604_1257
S,3,3077,DETECTION,src/tracking/advanced_tracker.py:_activate_slot,3077_615_54_995_284
S,4,3077,DETECTION,src/tracking/advanced_tracker.py:_activate_slot,3077_243_584_582_766
S,5,3077,DETECTION,src/tracking/advanced_tracker.py:_activate_slot,3077_54_946_336_1164
S,6,3077,DETECTION,src/tracking/advanced_tracker.py:_activate_slot,3077_1_1122_266_1284
S,9,3077,DETECTION,src/tracking/advanced_tracker.py:_activate_slot,3077_50_1807_333_1918
S,10,3077,CLAMP,src/tracking/advanced_tracker.py:_activate_slot,3077_-13_691_127_790
S,8,3077,PREDICTION,src/tracking/advanced_tracker.py:kalman_homography,
S,7,3077,PREDICTION,src/tracking/advanced_tracker.py:flow_gapfill_batched,
D,1,3077
S,4,3077,PREDICTION,src/tracking/advanced_tracker.py:id_merge,
D,5,3077
S,6,3077,PREDICTION,src/tracking/advanced_tracker.py:id_merge,
L,2,3077,DETECTION,src/tracking/advanced_tracker.py:_activate_slot,3077_285_1121_604_1257
R,CLAMP,CLAMP,0
L,3,3077,DETECTION,src/tracking/advanced_tracker.py:_activate_slot,3077_615_54_995_284
R,DETECTION,DETECTION,1
L,4,3077,PREDICTION,src/tracking/advanced_tracker.py:id_merge,
R,CLAMP,CLAMP,0
L,6,3077,PREDICTION,src/tracking/advanced_tracker.py:id_merge,
R,CLAMP,CLAMP,0
L,7,3077,PREDICTION,src/tracking/advanced_tracker.py:flow_gapfill_batched,
R,CLAMP,CLAMP,0
L,8,3077,PREDICTION,src/tracking/advanced_tracker.py:kalman_homography,
R,CLAMP,CLAMP,0
L,9,3077,DETECTION,src/tracking/advanced_tracker.py:_activate_slot,3077_50_1807_333_1918
R,CLAMP,CLAMP,0
A,3077
S,1,3080,DETECTION,src/tracking/advanced_tracker.py:_activate_slot,3080_297_727_607_973
S,2,3080,DETECTION,src/tracking/advanced_tracker.py:_activate_slot,3080_278_1086_590_1285
S,3,3080,DETECTION,src/tracking/advanced_tracker.py:_activate_slot,3080_551_78_1008_278
S,4,3080,DETECTION,src/tracking/advanced_tracker.py:_activate_slot,3080_254_645_594_819
S,5,3080,DETECTION,src/tracking/advanced_tracker.py:_activate_slot,3080_73_969_322_1080
S,6,3080,DETECTION,src/tracking/advanced_tracker.py:_activate_slot,3080_-3_1089_252_1299
S,9,3080,DETECTION,src/tracking/advanced_tracker.py:_activate_slot,3080_51_1767_347_1935
S,10,3080,CLAMP,src/tracking/advanced_tracker.py:_activate_slot,3080_-14_750_141_848
S,0,3080,DETECTION,src/tracking/advanced_tracker.py:_activate_slot,3080_259_459_554_610
S,8,3080,PREDICTION,src/tracking/advanced_tracker.py:kalman_homography,
S,7,3080,PREDICTION,src/tracking/advanced_tracker.py:flow_gapfill_batched,
D,1,3080
S,4,3080,PREDICTION,src/tracking/advanced_tracker.py:id_merge,
D,5,3080
S,6,3080,PREDICTION,src/tracking/advanced_tracker.py:id_merge,
L,0,3080,DETECTION,src/tracking/advanced_tracker.py:_activate_slot,3080_259_459_554_610
R,DETECTION,DETECTION,1
L,2,3080,DETECTION,src/tracking/advanced_tracker.py:_activate_slot,3080_278_1086_590_1285
R,CLAMP,CLAMP,0
L,3,3080,DETECTION,src/tracking/advanced_tracker.py:_activate_slot,3080_551_78_1008_278
R,DETECTION,DETECTION,1
L,4,3080,PREDICTION,src/tracking/advanced_tracker.py:id_merge,
R,CLAMP,CLAMP,0
L,6,3080,PREDICTION,src/tracking/advanced_tracker.py:id_merge,
R,CLAMP,CLAMP,0
L,7,3080,PREDICTION,src/tracking/advanced_tracker.py:flow_gapfill_batched,
R,CLAMP,CLAMP,0
L,8,3080,PREDICTION,src/tracking/advanced_tracker.py:kalman_homography,
R,CLAMP,CLAMP,0
L,9,3080,DETECTION,src/tracking/advanced_tracker.py:_activate_slot,3080_51_1767_347_1935
R,CLAMP,CLAMP,0
A,3080
S,0,3083,DETECTION,src/tracking/advanced_tracker.py:_activate_slot,3083_260_481_555_631
S,1,3083,DETECTION,src/tracking/advanced_tracker.py:_activate_slot,3083_297_813_597_990
S,2,3083,DETECTION,src/tracking/advanced_tracker.py:_activate_slot,3083_273_1104_573_1242
S,3,3083,DETECTION,src/tracking/advanced_tracker.py:_activate_slot,3083_555_98_1021_295
S,4,3083,DETECTION,src/tracking/advanced_tracker.py:_activate_slot,3083_269_700_615_867
S,6,3083,DETECTION,src/tracking/advanced_tracker.py:_activate_slot,3083_-15_1048_262_1174
S,9,3083,DETECTION,src/tracking/advanced_tracker.py:_activate_slot,3083_61_1761_347_1935
S,5,3083,DETECTION,src/tracking/advanced_tracker.py:_activate_slot,3083_72_960_341_1083
S,10,3083,CLAMP,src/tracking/advanced_tracker.py:_activate_slot,3083_-15_795_148_892
S,8,3083,PREDICTION,src/tracking/advanced_tracker.py:kalman_homography,
S,7,3083,PREDICTION,src/tracking/advanced_tracker.py:flow_gapfill_batched,
D,1,3083
S,4,3083,PREDICTION,src/tracking/advanced_tracker.py:id_merge,
D,5,3083
S,6,3083,PREDICTION,src/tracking/advanced_tracker.py:id_merge,
L,0,3083,DETECTION,src/tracking/advanced_tracker.py:_activate_slot,3083_260_481_555_631
R,DETECTION,DETECTION,1
L,2,3083,DETECTION,src/tracking/advanced_tracker.py:_activate_slot,3083_273_1104_573_1242
R,CLAMP,CLAMP,0
L,3,3083,DETECTION,src/tracking/advanced_tracker.py:_activate_slot,3083_555_98_1021_295
R,DETECTION,DETECTION,1
L,4,3083,PREDICTION,src/tracking/advanced_tracker.py:id_merge,
R,CLAMP,CLAMP,0
L,6,3083,PREDICTION,src/tracking/advanced_tracker.py:id_merge,
R,CLAMP,CLAMP,0
L,7,3083,PREDICTION,src/tracking/advanced_tracker.py:flow_gapfill_batched,
R,CLAMP,CLAMP,0
L,8,3083,PREDICTION,src/tracking/advanced_tracker.py:kalman_homography,
R,CLAMP,CLAMP,0
L,9,3083,DETECTION,src/tracking/advanced_tracker.py:_activate_slot,3083_61_1761_347_1935
R,CLAMP,CLAMP,0
A,3083
S,0,3086,DETECTION,src/tracking/advanced_tracker.py:_activate_slot,3086_267_493_552_652
S,1,3086,DETECTION,src/tracking/advanced_tracker.py:_activate_slot,3086_300_858_609_1020
S,2,3086,DETECTION,src/tracking/advanced_tracker.py:_activate_slot,3086_277_1087_572_1219
S,3,3086,DETECTION,src/tracking/advanced_tracker.py:_activate_slot,3086_556_103_1030_299
S,4,3086,DETECTION,src/tracking/advanced_tracker.py:_activate_slot,3086_287_729_635_901
S,5,3086,DETECTION,src/tracking/advanced_tracker.py:_activate_slot,3086_79_922_367_1096
S,9,3086,DETECTION,src/tracking/advanced_tracker.py:_activate_slot,3086_102_1789_359_1900
S,10,3086,CLAMP,src/tracking/advanced_tracker.py:_activate_slot,3086_-11_835_163_931
S,6,3086,PREDICTION,src/tracking/advanced_tracker.py:kalman_homography,
S,8,3086,PREDICTION,src/tracking/advanced_tracker.py:kalman_homography,
S,7,3086,PREDICTION,src/tracking/advanced_tracker.py:flow_gapfill_batched,
D,1,3086
S,4,3086,PREDICTION,src/tracking/advanced_tracker.py:id_merge,
D,6,3086
S,5,3086,PREDICTION,src/tracking/advanced_tracker.py:id_merge,
D,7,3086
S,8,3086,PREDICTION,src/tracking/advanced_tracker.py:id_merge,
L,0,3086,DETECTION,src/tracking/advanced_tracker.py:_activate_slot,3086_267_493_552_652
R,DETECTION,DETECTION,1
L,2,3086,DETECTION,src/tracking/advanced_tracker.py:_activate_slot,3086_277_1087_572_1219
R,CLAMP,CLAMP,0
L,3,3086,DETECTION,src/tracking/advanced_tracker.py:_activate_slot,3086_556_103_1030_299
R,DETECTION,DETECTION,1
L,4,3086,PREDICTION,src/tracking/advanced_tracker.py:id_merge,
R,CLAMP,CLAMP,0
L,5,3086,PREDICTION,src/tracking/advanced_tracker.py:id_merge,
R,CLAMP,CLAMP,0
L,8,3086,PREDICTION,src/tracking/advanced_tracker.py:id_merge,
R,CLAMP,CLAMP,0
L,9,3086,DETECTION,src/tracking/advanced_tracker.py:_activate_slot,3086_102_1789_359_1900
R,CLAMP,CLAMP,0
A,3086
