S,0,118,DETECTION,src/tracking/advanced_tracker.py:_activate_slot,118_225_1275_457_1377
S,1,118,DETECTION,src/tracking/advanced_tracker.py:_activate_slot,118_405_690_690_792
S,2,118,DETECTION,src/tracking/advanced_tracker.py:_activate_slot,118_211_647_421_737
S,3,118,DETECTION,src/tracking/advanced_tracker.py:_activate_slot,118_365_820_607_988
S,4,118,DETECTION,src/tracking/advanced_tracker.py:_activate_slot,118_184_1527_399_1641
D,1,118
S,3,118,PREDICTION,src/tracking/advanced_tracker.py:id_merge,
L,0,118,DETECTION,src/tracking/advanced_tracker.py:_activate_slot,118_225_1275_457_1377
R,DETECTION,DETECTION,1
L,2,118,DETECTION,src/tracking/advanced_tracker.py:_activate_slot,118_211_647_421_737
R,DETECTION,DETECTION,1
L,3,118,PREDICTION,src/tracking/advanced_tracker.py:id_merge,
R,PREDICTION,PREDICTION,1
L,4,118,DETECTION,src/tracking/advanced_tracker.py:_activate_slot,118_184_1527_399_1641
R,DETECTION,DETECTION,1
A,118
S,0,121,DETECTION,src/tracking/advanced_tracker.py:_activate_slot,121_229_1282_462_1387
S,1,121,DETECTION,src/tracking/advanced_tracker.py:_activate_slot,121_402_672_681_785
S,2,121,DETECTION,src/tracking/advanced_tracker.py:_activate_slot,121_215_652_420_743
S,3,121,DETECTION,src/tracking/advanced_tracker.py:_activate_slot,121_361_844_596_994
S,4,121,DETECTION,src/tracking/advanced_tracker.py:_activate_slot,121_183_1533_396_1647
D,1,121
S,3,121,PREDICTION,src/tracking/advanced_tracker.py:id_merge,
L,0,121,DETECTION,src/tracking/advanced_tracker.py:_activate_slot,121_229_1282_462_1387
R,DETECTION,DETECTION,1
L,2,121,DETECTION,src/tracking/advanced_tracker.py:_activate_slot,121_215_652_420_743
R,DETECTION,DETECTION,1
L,3,121,PREDICTION,src/tracking/advanced_tracker.py:id_merge,
R,PREDICTION,PREDICTION,1
L,4,121,DETECTION,src/tracking/advanced_tracker.py:_activate_slot,121_183_1533_396_1647
R,DETECTION,DETECTION,1
A,121
S,0,124,DETECTION,src/tracking/advanced_tracker.py:_activate_slot,124_232_1293_463_1392
S,1,124,DETECTION,src/tracking/advanced_tracker.py:_activate_slot,124_390_643_672_766
S,2,124,DETECTION,src/tracking/advanced_tracker.py:_activate_slot,124_210_659_411_754
S,3,124,DETECTION,src/tracking/advanced_tracker.py:_activate_slot,124_351_849_585_994
S,4,124,DETECTION,src/tracking/advanced_tracker.py:_activate_slot,124_183_1545_397_1659
S,5,124,DETECTION,src/tracking/advanced_tracker.py:_activate_slot,124_106_747_331_861
L,0,124,DETECTION,src/tracking/advanced_tracker.py:_activate_slot,124_232_1293_463_1392
R,DETECTION,DETECTION,1
L,1,124,DETECTION,src/tracking/advanced_tracker.py:_activate_slot,124_390_643_672_766
R,DETECTION,DETECTION,1
L,2,124,DETECTION,src/tracking/advanced_tracker.py:_activate_slot,124_210_659_411_754
R,DETECTION,DETECTION,1
L,3,124,DETECTION,src/tracking/advanced_tracker.py:_activate_slot,124_351_849_585_994
R,DETECTION,DETECTION,1
L,4,124,DETECTION,src/tracking/advanced_tracker.py:_activate_slot,124_183_1545_397_1659
R,DETECTION,DETECTION,1
L,5,124,DETECTION,src/tracking/advanced_tracker.py:_activate_slot,124_106_747_331_861
R,DETECTION,DETECTION,1
A,124
S,0,127,CLAMP,src/tracking/advanced_tracker.py:_activate_slot,127_205_666_408_759
S,1,127,DETECTION,src/tracking/advanced_tracker.py:_activate_slot,127_363_630_678_765
S,3,127,DETECTION,src/tracking/advanced_tracker.py:_activate_slot,127_344_843_580_987
S,5,127,DETECTION,src/tracking/advanced_tracker.py:_activate_slot,127_102_756_336_868
S,6,127,DETECTION,src/tracking/advanced_tracker.py:_activate_slot,127_182_1548_397_1668
S,7,127,DETECTION,src/tracking/advanced_tracker.py:_activate_slot,127_81_1015_293_1114
S,2,127,PREDICTION,src/tracking/advanced_tracker.py:kalman_homography,
S,4,127,PREDICTION,src/tracking/advanced_tracker.py:kalman_homography,
L,0,127,CLAMP,src/tracking/advanced_tracker.py:_activate_slot,127_205_666_408_759
R,CLAMP,CLAMP,0
L,1,127,DETECTION,src/tracking/advanced_tracker.py:_activate_slot,127_363_630_678_765
R,DETECTION,DETECTION,1
L,2,127,PREDICTION,src/tracking/advanced_tracker.py:kalman_homography,
R,PREDICTION,PREDICTION,1
L,3,127,DETECTION,src/tracking/advanced_tracker.py:_activate_slot,127_344_843_580_987
R,DETECTION,DETECTION,1
L,4,127,PREDICTION,src/tracking/advanced_tracker.py:kalman_homography,
R,PREDICTION,PREDICTION,1
L,5,127,DETECTION,src/tracking/advanced_tracker.py:_activate_slot,127_102_756_336_868
R,DETECTION,DETECTION,1
L,6,127,DETECTION,src/tracking/advanced_tracker.py:_activate_slot,127_182_1548_397_1668
R,DETECTION,DETECTION,1
L,7,127,DETECTION,src/tracking/advanced_tracker.py:_activate_slot,127_81_1015_293_1114
R,DETECTION,DETECTION,1
A,127
S,0,130,DETECTION,src/tracking/advanced_tracker.py:_activate_slot,130_364_626_664_744
S,2,130,DETECTION,src/tracking/advanced_tracker.py:_activate_slot,130_204_673_416_772
S,3,130,DETECTION,src/tracking/advanced_tracker.py:_activate_slot,130_335_820_583_991
S,5,130,DETECTION,src/tracking/advanced_tracker.py:_activate_slot,130_118_764_339_878
S,6,130,DETECTION,src/tracking/advanced_tracker.py:_activate_slot,130_186_1560_402_1680
S,1,130,PREDICTION,src/tracking/advanced_tracker.py:kalman_homography,
S,7,130,PREDICTION,src/tracking/advanced_tracker.py:kalman_homography,
S,4,130,PREDICTION,src/tracking/advanced_tracker.py:flow_gapfill_batched,
D,1,130
S,0,130,PREDICTION,src/tracking/advanced_tracker.py:id_merge,
L,0,130,PREDICTION,src/tracking/advanced_tracker.py:id_merge,
R,CLAMP,CLAMP,0
L,2,130,DETECTION,src/tracking/advanced_tracker.py:_activate_slot,130_204_673_416_772
R,DETECTION,DETECTION,1
L,3,130,DETECTION,src/tracking/advanced_tracker.py:_activate_slot,130_335_820_583_991
R,DETECTION,DETECTION,1
L,4,130,PREDICTION,src/tracking/advanced_tracker.py:flow_gapfill_batched,
R,PREDICTION,PREDICTION,1
L,5,130,DETECTION,src/tracking/advanced_tracker.py:_activate_slot,130_118_764_339_878
R,DETECTION,DETECTION,1
L,6,130,DETECTION,src/tracking/advanced_tracker.py:_activate_slot,130_186_1560_402_1680
R,DETECTION,DETECTION,1
L,7,130,PREDICTION,src/tracking/advanced_tracker.py:kalman_homography,
R,PREDICTION,PREDICTION,1
A,130
S,0,133,DETECTION,src/tracking/advanced_tracker.py:_activate_slot,133_363_590_642_738
S,3,133,DETECTION,src/tracking/advanced_tracker.py:_activate_slot,133_325_790_580_987
S,5,133,DETECTION,src/tracking/advanced_tracker.py:_activate_slot,133_116_778_341_888
S,6,133,CLAMP,src/tracking/advanced_tracker.py:_activate_slot,133_196_683_425_782
S,7,133,DETECTION,src/tracking/advanced_tracker.py:_activate_slot,133_84_1036_298_1135
S,1,133,PREDICTION,src/tracking/advanced_tracker.py:kalman_homography,
S,2,133,PREDICTION,src/tracking/advanced_tracker.py:kalman_homography,
D,1,133
S,0,133,PREDICTION,src/tracking/advanced_tracker.py:id_merge,
L,0,133,PREDICTION,src/tracking/advanced_tracker.py:id_merge,
R,CLAMP,CLAMP,0
L,2,133,PREDICTION,src/tracking/advanced_tracker.py:kalman_homography,
R,PREDICTION,PREDICTION,1
L,3,133,DETECTION,src/tracking/advanced_tracker.py:_activate_slot,133_325_790_580_987
R,DETECTION,DETECTION,1
L,5,133,DETECTION,src/tracking/advanced_tracker.py:_activate_slot,133_116_778_341_888
R,DETECTION,DETECTION,1
L,6,133,CLAMP,src/tracking/advanced_tracker.py:_activate_slot,133_196_683_425_782
R,CLAMP,CLAMP,0
L,7,133,DETECTION,src/tracking/advanced_tracker.py:_activate_slot,133_84_1036_298_1135
R,DETECTION,DETECTION,1
A,133
S,0,136,DETECTION,src/tracking/advanced_tracker.py:_activate_slot,136_506_411_774_525
S,1,136,DETECTION,src/tracking/advanced_tracker.py:_activate_slot,136_365_582_645_743
S,3,136,DETECTION,src/tracking/advanced_tracker.py:_activate_slot,136_320_784_579_931
S,5,136,DETECTION,src/tracking/advanced_tracker.py:_activate_slot,136_117_792_339_902
S,6,136,CLAMP,src/tracking/advanced_tracker.py:_activate_slot,136_188_696_427_794
S,2,136,PREDICTION,src/tracking/advanced_tracker.py:kalman_homography,
S,7,136,PREDICTION,src/tracking/advanced_tracker.py:kalman_homography,
S,4,136,PREDICTION,src/tracking/advanced_tracker.py:flow_gapfill_batched,
D,0,136
S,1,136,PREDICTION,src/tracking/advanced_tracker.py:id_merge,
L,1,136,PREDICTION,src/tracking/advanced_tracker.py:id_merge,
R,PREDICTION,PREDICTION,1
L,2,136,PREDICTION,src/tracking/advanced_tracker.py:kalman_homography,
R,PREDICTION,PREDICTION,1
L,3,136,DETECTION,src/tracking/advanced_tracker.py:_activate_slot,136_320_784_579_931
R,DETECTION,DETECTION,1
L,4,136,PREDICTION,src/tracking/advanced_tracker.py:flow_gapfill_batched,
R,PREDICTION,PREDICTION,1
L,5,136,DETECTION,src/tracking/advanced_tracker.py:_activate_slot,136_117_792_339_902
R,DETECTION,DETECTION,1
L,6,136,CLAMP,src/tracking/advanced_tracker.py:_activate_slot,136_188_696_427_794
R,CLAMP,CLAMP,0
L,7,136,PREDICTION,src/tracking/advanced_tracker.py:kalman_homography,
R,PREDICTION,PREDICTION,1
A,136
S,1,139,DETECTION,src/tracking/advanced_tracker.py:_activate_slot,139_359_589_638_735
S,2,139,DETECTION,src/tracking/advanced_tracker.py:_activate_slot,139_194_705_427_809
S,3,139,DETECTION,src/tracking/advanced_tracker.py:_activate_slot,139_320_783_576_884
S,5,139,DETECTION,src/tracking/advanced_tracker.py:_activate_slot,139_118_805_336_910
S,7,139,DETECTION,src/tracking/advanced_tracker.py:_activate_slot,139_84_1057_300_1161
S,0,139,PREDICTION,src/tracking/advanced_tracker.py:kalman_homography,
S,6,139,PREDICTION,src/tracking/advanced_tracker.py:flow_gapfill_batched,
D,6,139
S,5,139,PREDICTION,src/tracking/advanced_tracker.py:id_merge,
L,0,139,PREDICTION,src/tracking/advanced_tracker.py:kalman_homography,
R,CLAMP,CLAMP,0
L,1,139,DETECTION,src/tracking/advanced_tracker.py:_activate_slot,139_359_589_638_735
R,DETECTION,DETECTION,1
L,2,139,DETECTION,src/tracking/advanced_tracker.py:_activate_slot,139_194_705_427_809
R,DETECTION,DETECTION,1
L,3,139,DETECTION,src/tracking/advanced_tracker.py:_activate_slot,139_320_783_576_884
R,DETECTION,DETECTION,1
L,5,139,PREDICTION,src/tracking/advanced_tracker.py:id_merge,
R,PREDICTION,PREDICTION,1
L,7,139,DETECTION,src/tracking/advanced_tracker.py:_activate_slot,139_84_1057_300_1161
R,DETECTION,DETECTION,1
A,139
S,1,142,DETECTION,src/tracking/advanced_tracker.py:_activate_slot,142_361_591_645_747
S,3,142,DETECTION,src/tracking/advanced_tracker.py:_activate_slot,142_308_733_560_870
S,2,142,DETECTION,src/tracking/advanced_tracker.py:_activate_slot,142_207_711_423_823
S,5,142,DETECTION,src/tracking/advanced_tracker.py:_activate_slot,142_123_814_343_922
S,8,142,DETECTION,src/tracking/advanced_tracker.py:_activate_slot,142_314_798_521_921
S,7,142,DETECTION,src/tracking/advanced_tracker.py:_activate_slot,142_84_1068_301_1171
S,0,142,PREDICTION,src/tracking/advanced_tracker.py:kalman_homography,
S,4,142,PREDICTION,src/tracking/advanced_tracker.py:flow_gapfill_batched,
S,6,142,PREDICTION,src/tracking/advanced_tracker.py:flow_gapfill_batched,
D,1,142
S,3,142,PREDICTION,src/tracking/advanced_tracker.py:id_merge,
D,6,142
S,5,142,PREDICTION,src/tracking/advanced_tracker.py:id_merge,
D,7,142
S,8,142,PREDICTION,src/tracking/advanced_tracker.py:id_merge,
L,0,142,PREDICTION,src/tracking/advanced_tracker.py:kalman_homography,
R,CLAMP,CLAMP,0
L,2,142,DETECTION,src/tracking/advanced_tracker.py:_activate_slot,142_207_711_423_823
R,DETECTION,DETECTION,1
L,3,142,PREDICTION,src/tracking/advanced_tracker.py:id_merge,
R,PREDICTION,PREDICTION,1
L,4,142,PREDICTION,src/tracking/advanced_tracker.py:flow_gapfill_batched,
R,PREDICTION,PREDICTION,1
L,5,142,PREDICTION,src/tracking/advanced_tracker.py:id_merge,
R,PREDICTION,PREDICTION,1
L,8,142,PREDICTION,src/tracking/advanced_tracker.py:id_merge,
R,PREDICTION,PREDICTION,1
A,142
S,1,145,DETECTION,src/tracking/advanced_tracker.py:_activate_slot,145_360_584_627_754
S,2,145,DETECTION,src/tracking/advanced_tracker.py:_activate_slot,145_360_632_628_755
S,3,145,DETECTION,src/tracking/advanced_tracker.py:_activate_slot,145_309_721_552_918
S,5,145,DETECTION,src/tracking/advanced_tracker.py:_activate_slot,145_121_829_340_934
S,7,145,DETECTION,src/tracking/advanced_tracker.py:_activate_slot,145_92_1081_306_1183
S,8,145,PREDICTION,src/tracking/advanced_tracker.py:kalman_homography,
S,0,145,PREDICTION,src/tracking/advanced_tracker.py:flow_gapfill_batched,
S,6,145,PREDICTION,src/tracking/advanced_tracker.py:flow_gapfill_batched,
D,0,145
S,1,145,PREDICTION,src/tracking/advanced_tracker.py:id_merge,
D,1,145
S,2,145,PREDICTION,src/tracking/advanced_tracker.py:id_merge,
D,2,145
S,3,145,PREDICTION,src/tracking/advanced_tracker.py:id_merge,
D,6,145
S,5,145,PREDICTION,src/tracking/advanced_tracker.py:id_merge,
D,8,145
S,7,145,PREDICTION,src/tracking/advanced_tracker.py:id_merge,
L,3,145,PREDICTION,src/tracking/advanced_tracker.py:id_merge,
R,PREDICTION,PREDICTION,1
L,5,145,PREDICTION,src/tracking/advanced_tracker.py:id_merge,
R,PREDICTION,PREDICTION,1
L,7,145,PREDICTION,src/tracking/advanced_tracker.py:id_merge,
R,PREDICTION,PREDICTION,1
A,145
S,2,148,DETECTION,src/tracking/advanced_tracker.py:_activate_slot,148_364_642_620_766
S,3,148,DETECTION,src/tracking/advanced_tracker.py:_activate_slot,148_305_708_541_890
S,1,148,DETECTION,src/tracking/advanced_tracker.py:_activate_slot,148_363_567_573_703
S,5,148,DETECTION,src/tracking/advanced_tracker.py:_activate_slot,148_120_838_344_949
S,7,148,DETECTION,src/tracking/advanced_tracker.py:_activate_slot,148_86_1092_303_1197
S,9,148,DETECTION,src/tracking/advanced_tracker.py:_activate_slot,148_199_746_397_846
S,8,148,PREDICTION,src/tracking/advanced_tracker.py:kalman_homography,
S,0,148,PREDICTION,src/tracking/advanced_tracker.py:flow_gapfill_batched,
S,6,148,PREDICTION,src/tracking/advanced_tracker.py:flow_gapfill_batched,
D,0,148
S,2,148,PREDICTION,src/tracking/advanced_tracker.py:id_merge,
D,2,148
S,3,148,PREDICTION,src/tracking/advanced_tracker.py:id_merge,
D,5,148
S,9,148,PREDICTION,src/tracking/advanced_tracker.py:id_merge,
D,6,148
S,9,148,PREDICTION,src/tracking/advanced_tracker.py:id_merge,
D,8,148
S,7,148,PREDICTION,src/tracking/advanced_tracker.py:id_merge,
L,1,148,DETECTION,src/tracking/advanced_tracker.py:_activate_slot,148_363_567_573_703
R,DETECTION,DETECTION,1
L,3,148,PREDICTION,src/tracking/advanced_tracker.py:id_merge,
R,PREDICTION,PREDICTION,1
L,7,148,PREDICTION,src/tracking/advanced_tracker.py:id_merge,
R,PREDICTION,PREDICTION,1
L,9,148,PREDICTION,src/tracking/advanced_tracker.py:id_merge,
R,PREDICTION,PREDICTION,1
A,148
S,1,151,DETECTION,src/tracking/advanced_tracker.py:_activate_slot,151_368_580_627_738
S,3,151,DETECTION,src/tracking/advanced_tracker.py:_activate_slot,151_295_684_558_876
S,2,151,DETECTION,src/tracking/advanced_tracker.py:_activate_slot,151_370_589_616_712
S,5,151,DETECTION,src/tracking/advanced_tracker.py:_activate_slot,151_122_849_347_954
S,9,151,DETECTION,src/tracking/advanced_tracker.py:_activate_slot,151_207_753_417_856
S,7,151,DETECTION,src/tracking/advanced_tracker.py:_activate_slot,151_94_1104_307_1209
S,8,151,PREDICTION,src/tracking/advanced_tracker.py:kalman_homography,
S,0,151,PREDICTION,src/tracking/advanced_tracker.py:flow_gapfill_batched,
S,6,151,PREDICTION,src/tracking/advanced_tracker.py:flow_gapfill_batched,
D,1,151
S,2,151,PREDICTION,src/tracking/advanced_tracker.py:id_merge,
D,2,151
S,3,151,PREDICTION,src/tracking/advanced_tracker.py:id_merge,
D,5,151
S,9,151,PREDICTION,src/tracking/advanced_tracker.py:id_merge,
D,8,151
S,7,151,PREDICTION,src/tracking/advanced_tracker.py:id_merge,
L,0,151,PREDICTION,src/tracking/advanced_tracker.py:flow_gapfill_batched,
R,CLAMP,CLAMP,0
L,3,151,PREDICTION,src/tracking/advanced_tracker.py:id_merge,
R,PREDICTION,PREDICTION,1
L,6,151,PREDICTION,src/tracking/advanced_tracker.py:flow_gapfill_batched,
R,CLAMP,CLAMP,0
L,7,151,PREDICTION,src/tracking/advanced_tracker.py:id_merge,
R,PREDICTION,PREDICTION,1
L,9,151,PREDICTION,src/tracking/advanced_tracker.py:id_merge,
R,PREDICTION,PREDICTION,1
A,151
S,1,154,DETECTION,src/tracking/advanced_tracker.py:_activate_slot,154_362_561_600_713
S,3,154,DETECTION,src/tracking/advanced_tracker.py:_activate_slot,154_286_670_534_873
S,5,154,DETECTION,src/tracking/advanced_tracker.py:_activate_slot,154_125_858_349_969
S,9,154,DETECTION,src/tracking/advanced_tracker.py:_activate_slot,154_195_756_423_864
S,2,154,PREDICTION,src/tracking/advanced_tracker.py:kalman_homography,
S,7,154,PREDICTION,src/tracking/advanced_tracker.py:kalman_homography,
S,8,154,PREDICTION,src/tracking/advanced_tracker.py:kalman_homography,
S,0,154,PREDICTION,src/tracking/advanced_tracker.py:flow_gapfill_batched,
S,6,154,PREDICTION,src/tracking/advanced_tracker.py:flow_gapfill_batched,
D,0,154
S,2,154,PREDICTION,src/tracking/advanced_tracker.py:id_merge,
D,1,154
S,3,154,PREDICTION,src/tracking/advanced_tracker.py:id_merge,
D,5,154
S,9,154,PREDICTION,src/tracking/advanced_tracker.py:id_merge,
D,8,154
S,7,154,PREDICTION,src/tracking/advanced_tracker.py:id_merge,
L,2,154,PREDICTION,src/tracking/advanced_tracker.py:id_merge,
R,CLAMP,CLAMP,0
L,3,154,PREDICTION,src/tracking/advanced_tracker.py:id_merge,
R,PREDICTION,PREDICTION,1
L,6,154,PREDICTION,src/tracking/advanced_tracker.py:flow_gapfill_batched,
R,CLAMP,CLAMP,0
L,7,154,PREDICTION,src/tracking/advanced_tracker.py:id_merge,
R,PREDICTION,PREDICTION,1
L,9,154,PREDICTION,src/tracking/advanced_tracker.py:id_merge,
R,PREDICTION,PREDICTION,1
A,154
S,1,157,DETECTION,src/tracking/advanced_tracker.py:_activate_slot,157_354_544_623_745
S,3,157,DETECTION,src/tracking/advanced_tracker.py:_activate_slot,157_307_705_525_885
S,4,157,CLAMP,src/tracking/advanced_tracker.py:_activate_slot,157_205_766_416_871
S,2,157,DETECTION,src/tracking/advanced_tracker.py:_activate_slot,157_360_542_604_695
S,5,157,DETECTION,src/tracking/advanced_tracker.py:_activate_slot,157_126_871_351_979
S,7,157,DETECTION,src/tracking/advanced_tracker.py:_activate_slot,157_98_1125_309_1232
S,8,157,PREDICTION,src/tracking/advanced_tracker.py:kalman_homography,
S,9,157,PREDICTION,src/tracking/advanced_tracker.py:kalman_homography,
S,0,157,PREDICTION,src/tracking/advanced_tracker.py:flow_gapfill_batched,
S,6,157,PREDICTION,src/tracking/advanced_tracker.py:flow_gapfill_batched,
D,1,157
S,2,157,PREDICTION,src/tracking/advanced_tracker.py:id_merge,
D,9,157
S,5,157,PREDICTION,src/tracking/advanced_tracker.py:id_merge,
D,8,157
S,7,157,PREDICTION,src/tracking/advanced_tracker.py:id_merge,
L,0,157,PREDICTION,src/tracking/advanced_tracker.py:flow_gapfill_batched,
R,CLAMP,CLAMP,0
L,2,157,PREDICTION,src/tracking/advanced_tracker.py:id_merge,
R,PREDICTION,PREDICTION,1
L,3,157,DETECTION,src/tracking/advanced_tracker.py:_activate_slot,157_307_705_525_885
R,DETECTION,DETECTION,1
L,4,157,CLAMP,src/tracking/advanced_tracker.py:_activate_slot,157_205_766_416_871
R,CLAMP,CLAMP,0
L,5,157,PREDICTION,src/tracking/advanced_tracker.py:id_merge,
R,PREDICTION,PREDICTION,1
L,6,157,PREDICTION,src/tracking/advanced_tracker.py:flow_gapfill_batched,
R,CLAMP,CLAMP,0
L,7,157,PREDICTION,src/tracking/advanced_tracker.py:id_merge,
R,PREDICTION,PREDICTION,1
A,157
S,3,160,DETECTION,src/tracking/advanced_tracker.py:_activate_slot,160_307_709_514_883
S,4,160,CLAMP,src/tracking/advanced_tracker.py:_activate_slot,160_351_541_624_730
S,5,160,DETECTION,src/tracking/advanced_tracker.py:_activate_slot,160_130_881_347_992
S,7,160,DETECTION,src/tracking/advanced_tracker.py:_activate_slot,160_94_1134_308_1242
S,9,160,DETECTION,src/tracking/advanced_tracker.py:_activate_slot,160_199_774_419_882
S,1,160,PREDICTION,src/tracking/advanced_tracker.py:kalman_homography,
S,2,160,PREDICTION,src/tracking/advanced_tracker.py:kalman_homography,
S,8,160,PREDICTION,src/tracking/advanced_tracker.py:kalman_homography,
S,0,160,PREDICTION,src/tracking/advanced_tracker.py:flow_gapfill_batched,
S,6,160,PREDICTION,src/tracking/advanced_tracker.py:flow_gapfill_batched,
D,1,160
S,2,160,PREDICTION,src/tracking/advanced_tracker.py:id_merge,
D,5,160
S,9,160,PREDICTION,src/tracking/advanced_tracker.py:id_merge,
D,8,160
S,7,160,PREDICTION,src/tracking/advanced_tracker.py:id_merge,
L,0,160,PREDICTION,src/tracking/advanced_tracker.py:flow_gapfill_batched,
R,CLAMP,CLAMP,0
L,2,160,PREDICTION,src/tracking/advanced_tracker.py:id_merge,
R,PREDICTION,PREDICTION,1
L,3,160,DETECTION,src/tracking/advanced_tracker.py:_activate_slot,160_307_709_514_883
R,DETECTION,DETECTION,1
L,4,160,CLAMP,src/tracking/advanced_tracker.py:_activate_slot,160_351_541_624_730
R,CLAMP,CLAMP,0
L,6,160,PREDICTION,src/tracking/advanced_tracker.py:flow_gapfill_batched,
R,CLAMP,CLAMP,0
L,7,160,PREDICTION,src/tracking/advanced_tracker.py:id_merge,
R,PREDICTION,PREDICTION,1
L,9,160,PREDICTION,src/tracking/advanced_tracker.py:id_merge,
R,PREDICTION,PREDICTION,1
A,160
S,1,163,DETECTION,src/tracking/advanced_tracker.py:_activate_slot,163_337_546_606_705
S,3,163,DETECTION,src/tracking/advanced_tracker.py:_activate_slot,163_307_717_514_894
S,4,163,CLAMP,src/tracking/advanced_tracker.py:_activate_slot,163_198_780_413_896
S,5,163,DETECTION,src/tracking/advanced_tracker.py:_activate_slot,163_129_888_348_1002
S,2,163,PREDICTION,src/tracking/advanced_tracker.py:kalman_homography,
S,7,163,PREDICTION,src/tracking/advanced_tracker.py:kalman_homography,
S,8,163,PREDICTION,src/tracking/advanced_tracker.py:kalman_homography,
S,9,163,PREDICTION,src/tracking/advanced_tracker.py:kalman_homography,
D,2,163
S,1,163,PREDICTION,src/tracking/advanced_tracker.py:id_merge,
D,9,163
S,5,163,PREDICTION,src/tracking/advanced_tracker.py:id_merge,
D,8,163
S,7,163,PREDICTION,src/tracking/advanced_tracker.py:id_merge,
L,1,163,PREDICTION,src/tracking/advanced_tracker.py:id_merge,
R,PREDICTION,PREDICTION,1
L,3,163,DETECTION,src/tracking/advanced_tracker.py:_activate_slot,163_307_717_514_894
R,DETECTION,DETECTION,1
L,4,163,CLAMP,src/tracking/advanced_tracker.py:_activate_slot,163_198_780_413_896
R,CLAMP,CLAMP,0
L,5,163,PREDICTION,src/tracking/advanced_tracker.py:id_merge,
R,PREDICTION,PREDICTION,1
L,7,163,PREDICTION,src/tracking/advanced_tracker.py:id_merge,
R,PREDICTION,PREDICTION,1
A,163
S,1,166,DETECTION,src/tracking/advanced_tracker.py:_activate_slot,166_328_533_598_674
S,3,166,DETECTION,src/tracking/advanced_tracker.py:_activate_slot,166_307_713_514_902
S,4,166,CLAMP,src/tracking/advanced_tracker.py:_activate_slot,166_201_781_411_913
S,5,166,DETECTION,src/tracking/advanced_tracker.py:_activate_slot,166_128_894_351_1020
S,7,166,DETECTION,src/tracking/advanced_tracker.py:_activate_slot,166_315_603_595_753
S,2,166,PREDICTION,src/tracking/advanced_tracker.py:kalman_homography,
S,9,166,PREDICTION,src/tracking/advanced_tracker.py:kalman_homography,
S,8,166,PREDICTION,src/tracking/advanced_tracker.py:flow_gapfill_batched,
D,2,166
S,1,166,PREDICTION,src/tracking/advanced_tracker.py:id_merge,
D,5,166
S,7,166,PREDICTION,src/tracking/advanced_tracker.py:id_merge,
D,9,166
S,7,166,PREDICTION,src/tracking/advanced_tracker.py:id_merge,
L,1,166,PREDICTION,src/tracking/advanced_tracker.py:id_merge,
R,PREDICTION,PREDICTION,1
L,3,166,DETECTION,src/tracking/advanced_tracker.py:_activate_slot,166_307_713_514_902
R,DETECTION,DETECTION,1
L,4,166,CLAMP,src/tracking/advanced_tracker.py:_activate_slot,166_201_781_411_913
R,CLAMP,CLAMP,0
L,7,166,PREDICTION,src/tracking/advanced_tracker.py:id_merge,
R,PREDICTION,PREDICTION,1
L,8,166,PREDICTION,src/tracking/advanced_tracker.py:flow_gapfill_batched,
R,PREDICTION,PREDICTION,1
A,166
S,1,169,DETECTION,src/tracking/advanced_tracker.py:_activate_slot,169_324_513_596_663
S,3,169,DETECTION,src/tracking/advanced_tracker.py:_activate_slot,169_294_712_516_910
S,4,169,CLAMP,src/tracking/advanced_tracker.py:_activate_slot,169_197_786_415_917
S,5,169,DETECTION,src/tracking/advanced_tracker.py:_activate_slot,169_128_900_345_1014
S,2,169,PREDICTION,src/tracking/advanced_tracker.py:kalman_homography,
S,7,169,PREDICTION,src/tracking/advanced_tracker.py:kalman_homography,
S,9,169,PREDICTION,src/tracking/advanced_tracker.py:kalman_homography,
D,2,169
S,1,169,PREDICTION,src/tracking/advanced_tracker.py:id_merge,
D,7,169
S,5,169,PREDICTION,src/tracking/advanced_tracker.py:id_merge,
D,9,169
S,5,169,PREDICTION,src/tracking/advanced_tracker.py:id_merge,
L,1,169,PREDICTION,src/tracking/advanced_tracker.py:id_merge,
R,PREDICTION,PREDICTION,1
L,3,169,DETECTION,src/tracking/advanced_tracker.py:_activate_slot,169_294_712_516_910
R,DETECTION,DETECTION,1
L,4,169,CLAMP,src/tracking/advanced_tracker.py:_activate_slot,169_197_786_415_917
R,CLAMP,CLAMP,0
L,5,169,PREDICTION,src/tracking/advanced_tracker.py:id_merge,
R,PREDICTION,PREDICTION,1
A,169
S,1,172,DETECTION,src/tracking/advanced_tracker.py:_activate_slot,172_330_474_598_650
S,3,172,DETECTION,src/tracking/advanced_tracker.py:_activate_slot,172_286_711_517_913
S,4,172,CLAMP,src/tracking/advanced_tracker.py:_activate_slot,172_374_590_604_748
S,9,172,DETECTION,src/tracking/advanced_tracker.py:_activate_slot,172_194_783_412_939
S,2,172,PREDICTION,src/tracking/advanced_tracker.py:kalman_homography,
S,5,172,PREDICTION,src/tracking/advanced_tracker.py:kalman_homography,
S,7,172,PREDICTION,src/tracking/advanced_tracker.py:kalman_homography,
D,2,172
S,1,172,PREDICTION,src/tracking/advanced_tracker.py:id_merge,
D,5,172
S,9,172,PREDICTION,src/tracking/advanced_tracker.py:id_merge,
L,1,172,PREDICTION,src/tracking/advanced_tracker.py:id_merge,
R,PREDICTION,PREDICTION,1
L,3,172,DETECTION,src/tracking/advanced_tracker.py:_activate_slot,172_286_711_517_913
R,DETECTION,DETECTION,1
L,4,172,CLAMP,src/tracking/advanced_tracker.py:_activate_slot,172_374_590_604_748
R,CLAMP,CLAMP,0
L,7,172,PREDICTION,src/tracking/advanced_tracker.py:kalman_homography,
R,CLAMP,CLAMP,0
L,9,172,PREDICTION,src/tracking/advanced_tracker.py:id_merge,
R,PREDICTION,PREDICTION,1
A,172
S,1,175,DETECTION,src/tracking/advanced_tracker.py:_activate_slot,175_333_474_602_638
S,3,175,DETECTION,src/tracking/advanced_tracker.py:_activate_slot,175_197_720_517_914
S,4,175,CLAMP,src/tracking/advanced_tracker.py:_activate_slot,175_384_568_604_745
S,5,175,DETECTION,src/tracking/advanced_tracker.py:_activate_slot,175_133_903_348_1024
S,2,175,PREDICTION,src/tracking/advanced_tracker.py:kalman_homography,
S,7,175,PREDICTION,src/tracking/advanced_tracker.py:kalman_homography,
S,9,175,PREDICTION,src/tracking/advanced_tracker.py:kalman_homography,
D,2,175
S,1,175,PREDICTION,src/tracking/advanced_tracker.py:id_merge,
D,9,175
S,5,175,PREDICTION,src/tracking/advanced_tracker.py:id_merge,
L,1,175,PREDICTION,src/tracking/advanced_tracker.py:id_merge,
R,PREDICTION,PREDICTION,1
L,3,175,DETECTION,src/tracking/advanced_tracker.py:_activate_slot,175_197_720_517_914
R,DETECTION,DETECTION,1
L,4,175,CLAMP,src/tracking/advanced_tracker.py:_activate_slot,175_384_568_604_745
R,CLAMP,CLAMP,0
L,5,175,PREDICTION,src/tracking/advanced_tracker.py:id_merge,
R,PREDICTION,PREDICTION,1
L,7,175,PREDICTION,src/tracking/advanced_tracker.py:kalman_homography,
R,CLAMP,CLAMP,0
A,175
S,1,178,DETECTION,src/tracking/advanced_tracker.py:_activate_slot,178_337_474_588_620
S,3,178,DETECTION,src/tracking/advanced_tracker.py:_activate_slot,178_290_630_540_786
S,5,178,DETECTION,src/tracking/advanced_tracker.py:_activate_slot,178_125_922_350_1024
S,2,178,PREDICTION,src/tracking/advanced_tracker.py:kalman_homography,
S,4,178,PREDICTION,src/tracking/advanced_tracker.py:kalman_homography,
S,9,178,PREDICTION,src/tracking/advanced_tracker.py:kalman_homography,
S,7,178,PREDICTION,src/tracking/advanced_tracker.py:flow_gapfill_batched,
D,2,178
S,1,178,PREDICTION,src/tracking/advanced_tracker.py:id_merge,
D,7,178
S,5,178,PREDICTION,src/tracking/advanced_tracker.py:id_merge,
D,9,178
S,5,178,PREDICTION,src/tracking/advanced_tracker.py:id_merge,
L,1,178,PREDICTION,src/tracking/advanced_tracker.py:id_merge,
R,PREDICTION,PREDICTION,1
L,3,178,DETECTION,src/tracking/advanced_tracker.py:_activate_slot,178_290_630_540_786
R,DETECTION,DETECTION,1
L,4,178,PREDICTION,src/tracking/advanced_tracker.py:kalman_homography,
R,CLAMP,CLAMP,0
L,5,178,PREDICTION,src/tracking/advanced_tracker.py:id_merge,
R,PREDICTION,PREDICTION,1
A,178
S,3,181,DETECTION,src/tracking/advanced_tracker.py:_activate_slot,181_298_621_548_778
S,1,181,DETECTION,src/tracking/advanced_tracker.py:_activate_slot,181_331_474_589_676
S,5,181,DETECTION,src/tracking/advanced_tracker.py:_activate_slot,181_123_930_358_1026
S,0,181,DETECTION,src/tracking/advanced_tracker.py:_activate_slot,181_438_384_660_543
S,4,181,PREDICTION,src/tracking/advanced_tracker.py:kalman_homography,
S,9,181,PREDICTION,src/tracking/advanced_tracker.py:kalman_homography,
S,2,181,PREDICTION,src/tracking/advanced_tracker.py:flow_gapfill_batched,
S,7,181,PREDICTION,src/tracking/advanced_tracker.py:flow_gapfill_batched,
D,0,181
S,1,181,PREDICTION,src/tracking/advanced_tracker.py:id_merge,
D,2,181
S,1,181,PREDICTION,src/tracking/advanced_tracker.py:id_merge,
D,7,181
S,5,181,PREDICTION,src/tracking/advanced_tracker.py:id_merge,
D,9,181
S,5,181,PREDICTION,src/tracking/advanced_tracker.py:id_merge,
L,1,181,PREDICTION,src/tracking/advanced_tracker.py:id_merge,
R,PREDICTION,PREDICTION,1
L,3,181,DETECTION,src/tracking/advanced_tracker.py:_activate_slot,181_298_621_548_778
R,DETECTION,DETECTION,1
L,4,181,PREDICTION,src/tracking/advanced_tracker.py:kalman_homography,
R,CLAMP,CLAMP,0
L,5,181,PREDICTION,src/tracking/advanced_tracker.py:id_merge,
R,PREDICTION,PREDICTION,1
A,181
S,0,184,DETECTION,src/tracking/advanced_tracker.py:_activate_slot,184_441_378_644_525
S,1,184,DETECTION,src/tracking/advanced_tracker.py:_activate_slot,184_345_489_599_663
S,3,184,DETECTION,src/tracking/advanced_tracker.py:_activate_slot,184_298_609_552_798
S,5,184,DETECTION,src/tracking/advanced_tracker.py:_activate_slot,184_136_923_369_1017
S,6,184,DETECTION,src/tracking/advanced_tracker.py:_activate_slot,184_206_1527_420_1653
S,4,184,PREDICTION,src/tracking/advanced_tracker.py:kalman_homography,
S,9,184,PREDICTION,src/tracking/advanced_tracker.py:kalman_homography,
S,7,184,PREDICTION,src/tracking/advanced_tracker.py:flow_gapfill_batched,
D,7,184
S,5,184,PREDICTION,src/tracking/advanced_tracker.py:id_merge,
D,9,184
S,5,184,PREDICTION,src/tracking/advanced_tracker.py:id_merge,
L,0,184,DETECTION,src/tracking/advanced_tracker.py:_activate_slot,184_441_378_644_525
R,CLAMP,CLAMP,0
L,1,184,DETECTION,src/tracking/advanced_tracker.py:_activate_slot,184_345_489_599_663
R,DETECTION,DETECTION,1
L,3,184,DETECTION,src/tracking/advanced_tracker.py:_activate_slot,184_298_609_552_798
R,DETECTION,DETECTION,1
L,4,184,PREDICTION,src/tracking/advanced_tracker.py:kalman_homography,
R,CLAMP,CLAMP,0
L,5,184,PREDICTION,src/tracking/advanced_tracker.py:id_merge,
R,PREDICTION,PREDICTION,1
L,6,184,DETECTION,src/tracking/advanced_tracker.py:_activate_slot,184_206_1527_420_1653
R,DETECTION,DETECTION,1
A,184
S,0,187,DETECTION,src/tracking/advanced_tracker.py:_activate_slot,187_453_380_659_525
S,1,187,DETECTION,src/tracking/advanced_tracker.py:_activate_slot,187_353_486_621_660
S,3,187,DETECTION,src/tracking/advanced_tracker.py:_activate_slot,187_298_654_565_796
S,5,187,DETECTION,src/tracking/advanced_tracker.py:_activate_slot,187_149_920_368_1014
S,4,187,PREDICTION,src/tracking/advanced_tracker.py:kalman_homography,
S,9,187,PREDICTION,src/tracking/advanced_tracker.py:kalman_homography,
S,6,187,PREDICTION,src/tracking/advanced_tracker.py:flow_gapfill_batched,
S,7,187,PREDICTION,src/tracking/advanced_tracker.py:flow_gapfill_batched,
D,7,187
S,5,187,PREDICTION,src/tracking/advanced_tracker.py:id_merge,
D,9,187
S,5,187,PREDICTION,src/tracking/advanced_tracker.py:id_merge,
L,0,187,DETECTION,src/tracking/advanced_tracker.py:_activate_slot,187_453_380_659_525
R,CLAMP,CLAMP,0
L,1,187,DETECTION,src/tracking/advanced_tracker.py:_activate_slot,187_353_486_621_660
R,DETECTION,DETECTION,1
L,3,187,DETECTION,src/tracking/advanced_tracker.py:_activate_slot,187_298_654_565_796
R,DETECTION,DETECTION,1
L,4,187,PREDICTION,src/tracking/advanced_tracker.py:kalman_homography,
R,CLAMP,CLAMP,0
L,5,187,PREDICTION,src/tracking/advanced_tracker.py:id_merge,
R,PREDICTION,PREDICTION,1
L,6,187,PREDICTION,src/tracking/advanced_tracker.py:flow_gapfill_batched,
R,PREDICTION,PREDICTION,1
A,187
S,0,190,DETECTION,src/tracking/advanced_tracker.py:_activate_slot,190_469_412_676_519
S,1,190,DETECTION,src/tracking/advanced_tracker.py:_activate_slot,190_308_771_543_897
S,3,190,DETECTION,src/tracking/advanced_tracker.py:_activate_slot,190_319_659_570_785
S,5,190,DETECTION,src/tracking/advanced_tracker.py:_activate_slot,190_159_913_392_1015
S,4,190,PREDICTION,src/tracking/advanced_tracker.py:kalman_homography,
S,9,190,PREDICTION,src/tracking/advanced_tracker.py:kalman_homography,
S,7,190,PREDICTION,src/tracking/advanced_tracker.py:flow_gapfill_batched,
D,7,190
S,5,190,PREDICTION,src/tracking/advanced_tracker.py:id_merge,
D,9,190
S,5,190,PREDICTION,src/tracking/advanced_tracker.py:id_merge,
L,0,190,DETECTION,src/tracking/advanced_tracker.py:_activate_slot,190_469_412_676_519
R,CLAMP,CLAMP,0
L,1,190,DETECTION,src/tracking/advanced_tracker.py:_activate_slot,190_308_771_543_897
R,DETECTION,DETECTION,1
L,3,190,DETECTION,src/tracking/advanced_tracker.py:_activate_slot,190_319_659_570_785
R,DETECTION,DETECTION,1
L,4,190,PREDICTION,src/tracking/advanced_tracker.py:kalman_homography,
R,CLAMP,CLAMP,0
L,5,190,PREDICTION,src/tracking/advanced_tracker.py:id_merge,
R,PREDICTION,PREDICTION,1
A,190
S,0,193,DETECTION,src/tracking/advanced_tracker.py:_activate_slot,193_488_410_691_533
S,1,193,DETECTION,src/tracking/advanced_tracker.py:_activate_slot,193_308_763_550_904
S,3,193,DETECTION,src/tracking/advanced_tracker.py:_activate_slot,193_315_648_574_789
S,5,193,DETECTION,src/tracking/advanced_tracker.py:_activate_slot,193_174_915_401_1010
S,8,193,DETECTION,src/tracking/advanced_tracker.py:_activate_slot,193_187_1299_402_1390
S,4,193,PREDICTION,src/tracking/advanced_tracker.py:kalman_homography,
S,9,193,PREDICTION,src/tracking/advanced_tracker.py:kalman_homography,
S,6,193,PREDICTION,src/tracking/advanced_tracker.py:flow_gapfill_batched,
D,9,193
S,5,193,PREDICTION,src/tracking/advanced_tracker.py:id_merge,
L,0,193,DETECTION,src/tracking/advanced_tracker.py:_activate_slot,193_488_410_691_533
R,CLAMP,CLAMP,0
L,1,193,DETECTION,src/tracking/advanced_tracker.py:_activate_slot,193_308_763_550_904
R,DETECTION,DETECTION,1
L,3,193,DETECTION,src/tracking/advanced_tracker.py:_activate_slot,193_315_648_574_789
R,DETECTION,DETECTION,1
L,4,193,PREDICTION,src/tracking/advanced_tracker.py:kalman_homography,
R,CLAMP,CLAMP,0
L,5,193,PREDICTION,src/tracking/advanced_tracker.py:id_merge,
R,PREDICTION,PREDICTION,1
L,6,193,PREDICTION,src/tracking/advanced_tracker.py:flow_gapfill_batched,
R,PREDICTION,PREDICTION,1
L,8,193,DETECTION,src/tracking/advanced_tracker.py:_activate_slot,193_187_1299_402_1390
R,CLAMP,CLAMP,0
A,193
S,0,196,DETECTION,src/tracking/advanced_tracker.py:_activate_slot,196_486_413_713_578
S,3,196,DETECTION,src/tracking/advanced_tracker.py:_activate_slot,196_321_658_571_790
S,4,196,CLAMP,src/tracking/advanced_tracker.py:_activate_slot,196_375_546_629_649
S,5,196,DETECTION,src/tracking/advanced_tracker.py:_activate_slot,196_166_913_409_1018
S,1,196,PREDICTION,src/tracking/advanced_tracker.py:kalman_homography,
S,8,196,PREDICTION,src/tracking/advanced_tracker.py:kalman_homography,
S,6,196,PREDICTION,src/tracking/advanced_tracker.py:flow_gapfill_batched,
S,9,196,PREDICTION,src/tracking/advanced_tracker.py:flow_gapfill_batched,
D,9,196
S,5,196,PREDICTION,src/tracking/advanced_tracker.py:id_merge,
L,0,196,DETECTION,src/tracking/advanced_tracker.py:_activate_slot,196_486_413_713_578
R,CLAMP,CLAMP,0
L,1,196,PREDICTION,src/tracking/advanced_tracker.py:kalman_homography,
R,PREDICTION,PREDICTION,1
L,3,196,DETECTION,src/tracking/advanced_tracker.py:_activate_slot,196_321_658_571_790
R,DETECTION,DETECTION,1
L,4,196,CLAMP,src/tracking/advanced_tracker.py:_activate_slot,196_375_546_629_649
R,CLAMP,CLAMP,0
L,5,196,PREDICTION,src/tracking/advanced_tracker.py:id_merge,
R,PREDICTION,PREDICTION,1
L,6,196,PREDICTION,src/tracking/advanced_tracker.py:flow_gapfill_batched,
R,PREDICTION,PREDICTION,1
L,8,196,PREDICTION,src/tracking/advanced_tracker.py:kalman_homography,
R,CLAMP,CLAMP,0
A,196
S,0,199,DETECTION,src/tracking/advanced_tracker.py:_activate_slot,199_514_409_736_586
S,3,199,DETECTION,src/tracking/advanced_tracker.py:_activate_slot,199_319_674_579_792
S,4,199,CLAMP,src/tracking/advanced_tracker.py:_activate_slot,199_243_752_558_923
S,5,199,DETECTION,src/tracking/advanced_tracker.py:_activate_slot,199_174_921_408_1020
S,8,199,DETECTION,src/tracking/advanced_tracker.py:_activate_slot,199_192_1285_407_1404
S,1,199,PREDICTION,src/tracking/advanced_tracker.py:kalman_homography,
S,6,199,PREDICTION,src/tracking/advanced_tracker.py:flow_gapfill_batched,
L,0,199,DETECTION,src/tracking/advanced_tracker.py:_activate_slot,199_514_409_736_586
R,CLAMP,CLAMP,0
L,1,199,PREDICTION,src/tracking/advanced_tracker.py:kalman_homography,
R,PREDICTION,PREDICTION,1
L,3,199,DETECTION,src/tracking/advanced_tracker.py:_activate_slot,199_319_674_579_792
R,DETECTION,DETECTION,1
L,4,199,CLAMP,src/tracking/advanced_tracker.py:_activate_slot,199_243_752_558_923
R,CLAMP,CLAMP,0
L,5,199,DETECTION,src/tracking/advanced_tracker.py:_activate_slot,199_174_921_408_1020
R,DETECTION,DETECTION,1
L,6,199,PREDICTION,src/tracking/advanced_tracker.py:flow_gapfill_batched,
R,PREDICTION,PREDICTION,1
L,8,199,DETECTION,src/tracking/advanced_tracker.py:_activate_slot,199_192_1285_407_1404
R,CLAMP,CLAMP,0
A,199
S,0,202,DETECTION,src/tracking/advanced_tracker.py:_activate_slot,202_513_428_736_576
S,3,202,DETECTION,src/tracking/advanced_tracker.py:_activate_slot,202_315_682_583_796
S,4,202,CLAMP,src/tracking/advanced_tracker.py:_activate_slot,202_372_537_619_636
S,5,202,DETECTION,src/tracking/advanced_tracker.py:_activate_slot,202_180_917_415_1047
S,2,202,DETECTION,src/tracking/advanced_tracker.py:_activate_slot,202_600_235_891_365
S,1,202,PREDICTION,src/tracking/advanced_tracker.py:kalman_homography,
S,8,202,PREDICTION,src/tracking/advanced_tracker.py:kalman_homography,
L,0,202,DETECTION,src/tracking/advanced_tracker.py:_activate_slot,202_513_428_736_576
R,CLAMP,CLAMP,0
L,1,202,PREDICTION,src/tracking/advanced_tracker.py:kalman_homography,
R,PREDICTION,PREDICTION,1
L,2,202,DETECTION,src/tracking/advanced_tracker.py:_activate_slot,202_600_235_891_365
R,DETECTION,DETECTION,1
L,3,202,DETECTION,src/tracking/advanced_tracker.py:_activate_slot,202_315_682_583_796
R,DETECTION,DETECTION,1
L,4,202,CLAMP,src/tracking/advanced_tracker.py:_activate_slot,202_372_537_619_636
R,CLAMP,CLAMP,0
L,5,202,DETECTION,src/tracking/advanced_tracker.py:_activate_slot,202_180_917_415_1047
R,DETECTION,DETECTION,1
L,8,202,PREDICTION,src/tracking/advanced_tracker.py:kalman_homography,
R,CLAMP,CLAMP,0
A,202
S,0,205,DETECTION,src/tracking/advanced_tracker.py:_activate_slot,205_514_438_741_564
S,2,205,DETECTION,src/tracking/advanced_tracker.py:_activate_slot,205_603_230_895_366
S,3,205,DETECTION,src/tracking/advanced_tracker.py:_activate_slot,205_321_670_581_792
S,4,205,CLAMP,src/tracking/advanced_tracker.py:_activate_slot,205_261_779_559_918
S,5,205,DETECTION,src/tracking/advanced_tracker.py:_activate_slot,205_195_910_417_1051
S,1,205,PREDICTION,src/tracking/advanced_tracker.py:kalman_homography,
S,8,205,PREDICTION,src/tracking/advanced_tracker.py:kalman_homography,
S,6,205,PREDICTION,src/tracking/advanced_tracker.py:flow_gapfill_batched,
D,0,205
S,3,205,PREDICTION,src/tracking/advanced_tracker.py:id_merge,
L,1,205,PREDICTION,src/tracking/advanced_tracker.py:kalman_homography,
R,PREDICTION,PREDICTION,1
L,2,205,DETECTION,src/tracking/advanced_tracker.py:_activate_slot,205_603_230_895_366
R,DETECTION,DETECTION,1
L,3,205,PREDICTION,src/tracking/advanced_tracker.py:id_merge,
R,PREDICTION,PREDICTION,1
L,4,205,CLAMP,src/tracking/advanced_tracker.py:_activate_slot,205_261_779_559_918
R,CLAMP,CLAMP,0
L,5,205,DETECTION,src/tracking/advanced_tracker.py:_activate_slot,205_195_910_417_1051
R,DETECTION,DETECTION,1
L,6,205,PREDICTION,src/tracking/advanced_tracker.py:flow_gapfill_batched,
R,PREDICTION,PREDICTION,1
L,8,205,PREDICTION,src/tracking/advanced_tracker.py:kalman_homography,
R,CLAMP,CLAMP,0
A,205
S,0,208,DETECTION,src/tracking/advanced_tracker.py:_activate_slot,208_508_417_751_561
S,2,208,DETECTION,src/tracking/advanced_tracker.py:_activate_slot,208_603_204_894_361
S,3,208,DETECTION,src/tracking/advanced_tracker.py:_activate_slot,208_327_657_585_789
S,4,208,CLAMP,src/tracking/advanced_tracker.py:_activate_slot,208_263_808_559_913
S,5,208,DETECTION,src/tracking/advanced_tracker.py:_activate_slot,208_192_910_418_1042
S,8,208,DETECTION,src/tracking/advanced_tracker.py:_activate_slot,208_252_1408_458_1501
S,1,208,PREDICTION,src/tracking/advanced_tracker.py:kalman_homography,
S,6,208,PREDICTION,src/tracking/advanced_tracker.py:flow_gapfill_batched,
D,0,208
S,3,208,PREDICTION,src/tracking/advanced_tracker.py:id_merge,
D,6,208
S,8,208,PREDICTION,src/tracking/advanced_tracker.py:id_merge,
L,1,208,PREDICTION,src/tracking/advanced_tracker.py:kalman_homography,
R,PREDICTION,PREDICTION,1
L,2,208,DETECTION,src/tracking/advanced_tracker.py:_activate_slot,208_603_204_894_361
R,DETECTION,DETECTION,1
L,3,208,PREDICTION,src/tracking/advanced_tracker.py:id_merge,
R,PREDICTION,PREDICTION,1
L,4,208,CLAMP,src/tracking/advanced_tracker.py:_activate_slot,208_263_808_559_913
R,CLAMP,CLAMP,0
L,5,208,DETECTION,src/tracking/advanced_tracker.py:_activate_slot,208_192_910_418_1042
R,DETECTION,DETECTION,1
L,8,208,PREDICTION,src/tracking/advanced_tracker.py:id_merge,
R,CLAMP,CLAMP,0
A,208
S,0,211,DETECTION,src/tracking/advanced_tracker.py:_activate_slot,211_510_381_766_545
S,2,211,DETECTION,src/tracking/advanced_tracker.py:_activate_slot,211_603_193_896_343
S,3,211,DETECTION,src/tracking/advanced_tracker.py:_activate_slot,211_337_652_589_780
S,5,211,DETECTION,src/tracking/advanced_tracker.py:_activate_slot,211_183_904_415_1036
S,9,211,DETECTION,src/tracking/advanced_tracker.py:_activate_slot,211_186_927_417_1026
S,7,211,DETECTION,src/tracking/advanced_tracker.py:_activate_slot,211_249_804_559_909
S,1,211,PREDICTION,src/tracking/advanced_tracker.py:kalman_homography,
S,4,211,PREDICTION,src/tracking/advanced_tracker.py:kalman_homography,
S,8,211,PREDICTION,src/tracking/advanced_tracker.py:flow_gapfill_batched,
D,5,211
S,9,211,PREDICTION,src/tracking/advanced_tracker.py:id_merge,
L,0,211,DETECTION,src/tracking/advanced_tracker.py:_activate_slot,211_510_381_766_545
R,CLAMP,CLAMP,0
L,1,211,PREDICTION,src/tracking/advanced_tracker.py:kalman_homography,
R,PREDICTION,PREDICTION,1
L,2,211,DETECTION,src/tracking/advanced_tracker.py:_activate_slot,211_603_193_896_343
R,DETECTION,DETECTION,1
L,3,211,DETECTION,src/tracking/advanced_tracker.py:_activate_slot,211_337_652_589_780
R,DETECTION,DETECTION,1
L,4,211,PREDICTION,src/tracking/advanced_tracker.py:kalman_homography,
R,CLAMP,CLAMP,0
L,7,211,DETECTION,src/tracking/advanced_tracker.py:_activate_slot,211_249_804_559_909
R,DETECTION,DETECTION,1
L,8,211,PREDICTION,src/tracking/advanced_tracker.py:flow_gapfill_batched,
R,CLAMP,CLAMP,0
L,9,211,PREDICTION,src/tracking/advanced_tracker.py:id_merge,
R,PREDICTION,PREDICTION,1
A,211
S,0,214,DETECTION,src/tracking/advanced_tracker.py:_activate_slot,214_513_377_754_526
S,2,214,DETECTION,src/tracking/advanced_tracker.py:_activate_slot,214_603_175_897_320
S,3,214,DETECTION,src/tracking/advanced_tracker.py:_activate_slot,214_339_671_588_775
S,4,214,DETECTION,src/tracking/advanced_tracker.py:_activate_slot,214_366_491_627_607
S,9,214,DETECTION,src/tracking/advanced_tracker.py:_activate_slot,214_185_925_417_1026
S,1,214,PREDICTION,src/tracking/advanced_tracker.py:kalman_homography,
S,5,214,PREDICTION,src/tracking/advanced_tracker.py:kalman_homography,
S,7,214,PREDICTION,src/tracking/advanced_tracker.py:kalman_homography,
S,8,214,PREDICTION,src/tracking/advanced_tracker.py:flow_gapfill_batched,
D,0,214
S,4,214,PREDICTION,src/tracking/advanced_tracker.py:id_merge,
D,5,214
S,9,214,PREDICTION,src/tracking/advanced_tracker.py:id_merge,
L,1,214,PREDICTION,src/tracking/advanced_tracker.py:kalman_homography,
R,PREDICTION,PREDICTION,1
L,2,214,DETECTION,src/tracking/advanced_tracker.py:_activate_slot,214_603_175_897_320
R,DETECTION,DETECTION,1
L,3,214,DETECTION,src/tracking/advanced_tracker.py:_activate_slot,214_339_671_588_775
R,DETECTION,DETECTION,1
L,4,214,PREDICTION,src/tracking/advanced_tracker.py:id_merge,
R,CLAMP,CLAMP,0
L,7,214,PREDICTION,src/tracking/advanced_tracker.py:kalman_homography,
R,PREDICTION,PREDICTION,1
L,8,214,PREDICTION,src/tracking/advanced_tracker.py:flow_gapfill_batched,
R,CLAMP,CLAMP,0
L,9,214,PREDICTION,src/tracking/advanced_tracker.py:id_merge,
R,PREDICTION,PREDICTION,1
A,214
S,0,217,DETECTION,src/tracking/advanced_tracker.py:_activate_slot,217_509_349_762_505
S,3,217,DETECTION,src/tracking/advanced_tracker.py:_activate_slot,217_336_681_577_777
S,4,217,DETECTION,src/tracking/advanced_tracker.py:_activate_slot,217_602_156_899_306
S,7,217,DETECTION,src/tracking/advanced_tracker.py:_activate_slot,217_265_807_558_910
S,9,217,DETECTION,src/tracking/advanced_tracker.py:_activate_slot,217_184_931_419_1039
S,2,217,PREDICTION,src/tracking/advanced_tracker.py:kalman_homography,
S,5,217,PREDICTION,src/tracking/advanced_tracker.py:kalman_homography,
S,1,217,PREDICTION,src/tracking/advanced_tracker.py:flow_gapfill_batched,
S,8,217,PREDICTION,src/tracking/advanced_tracker.py:flow_gapfill_batched,
D,2,217
S,4,217,PREDICTION,src/tracking/advanced_tracker.py:id_merge,
D,5,217
S,7,217,PREDICTION,src/tracking/advanced_tracker.py:id_merge,
D,7,217
S,9,217,PREDICTION,src/tracking/advanced_tracker.py:id_merge,
L,0,217,DETECTION,src/tracking/advanced_tracker.py:_activate_slot,217_509_349_762_505
R,CLAMP,CLAMP,0
L,1,217,PREDICTION,src/tracking/advanced_tracker.py:flow_gapfill_batched,
R,CLAMP,CLAMP,0
L,3,217,DETECTION,src/tracking/advanced_tracker.py:_activate_slot,217_336_681_577_777
R,DETECTION,DETECTION,1
L,4,217,PREDICTION,src/tracking/advanced_tracker.py:id_merge,
R,CLAMP,CLAMP,0
L,8,217,PREDICTION,src/tracking/advanced_tracker.py:flow_gapfill_batched,
R,CLAMP,CLAMP,0
L,9,217,PREDICTION,src/tracking/advanced_tracker.py:id_merge,
R,PREDICTION,PREDICTION,1
A,217
S,0,220,DETECTION,src/tracking/advanced_tracker.py:_activate_slot,220_506_358_762_486
S,3,220,DETECTION,src/tracking/advanced_tracker.py:_activate_slot,220_330_681_573_810
S,4,220,DETECTION,src/tracking/advanced_tracker.py:_activate_slot,220_603_146_900_296
S,6,220,CLAMP,src/tracking/advanced_tracker.py:_activate_slot,220_144_520_355_607
S,7,220,DETECTION,src/tracking/advanced_tracker.py:_activate_slot,220_246_798_530_911
S,9,220,DETECTION,src/tracking/advanced_tracker.py:_activate_slot,220_176_933_421_1050
S,2,220,PREDICTION,src/tracking/advanced_tracker.py:kalman_homography,
S,5,220,PREDICTION,src/tracking/advanced_tracker.py:kalman_homography,
S,8,220,PREDICTION,src/tracking/advanced_tracker.py:flow_gapfill_batched,
D,2,220
S,4,220,PREDICTION,src/tracking/advanced_tracker.py:id_merge,
D,5,220
S,7,220,PREDICTION,src/tracking/advanced_tracker.py:id_merge,
D,7,220
S,9,220,PREDICTION,src/tracking/advanced_tracker.py:id_merge,
L,0,220,DETECTION,src/tracking/advanced_tracker.py:_activate_slot,220_506_358_762_486
R,CLAMP,CLAMP,0
L,3,220,DETECTION,src/tracking/advanced_tracker.py:_activate_slot,220_330_681_573_810
R,DETECTION,DETECTION,1
L,4,220,PREDICTION,src/tracking/advanced_tracker.py:id_merge,
R,CLAMP,CLAMP,0
L,6,220,CLAMP,src/tracking/advanced_tracker.py:_activate_slot,220_144_520_355_607
R,CLAMP,CLAMP,0
L,8,220,PREDICTION,src/tracking/advanced_tracker.py:flow_gapfill_batched,
R,CLAMP,CLAMP,0
L,9,220,PREDICTION,src/tracking/advanced_tracker.py:id_merge,
R,PREDICTION,PREDICTION,1
A,220
S,0,223,DETECTION,src/tracking/advanced_tracker.py:_activate_slot,223_507_349_766_472
S,2,223,DETECTION,src/tracking/advanced_tracker.py:_activate_slot,223_601_141_901_291
S,3,223,DETECTION,src/tracking/advanced_tracker.py:_activate_slot,223_325_682_568_810
S,4,223,DETECTION,src/tracking/advanced_tracker.py:_activate_slot,223_351_472_617_598
S,6,223,DETECTION,src/tracking/advanced_tracker.py:_activate_slot,223_241_1332_458_1431
S,7,223,DETECTION,src/tracking/advanced_tracker.py:_activate_slot,223_260_817_511_916
S,9,223,DETECTION,src/tracking/advanced_tracker.py:_activate_slot,223_192_931_418_1048
S,5,223,PREDICTION,src/tracking/advanced_tracker.py:kalman_homography,
S,8,223,PREDICTION,src/tracking/advanced_tracker.py:flow_gapfill_batched,
D,0,223
S,4,223,PREDICTION,src/tracking/advanced_tracker.py:id_merge,
D,5,223
S,7,223,PREDICTION,src/tracking/advanced_tracker.py:id_merge,
D,7,223
S,9,223,PREDICTION,src/tracking/advanced_tracker.py:id_merge,
L,2,223,DETECTION,src/tracking/advanced_tracker.py:_activate_slot,223_601_141_901_291
R,DETECTION,DETECTION,1
L,3,223,DETECTION,src/tracking/advanced_tracker.py:_activate_slot,223_325_682_568_810
R,DETECTION,DETECTION,1
L,4,223,PREDICTION,src/tracking/advanced_tracker.py:id_merge,
R,CLAMP,CLAMP,0
L,6,223,DETECTION,src/tracking/advanced_tracker.py:_activate_slot,223_241_1332_458_1431
R,DETECTION,DETECTION,1
L,8,223,PREDICTION,src/tracking/advanced_tracker.py:flow_gapfill_batched,
R,CLAMP,CLAMP,0
L,9,223,PREDICTION,src/tracking/advanced_tracker.py:id_merge,
R,PREDICTION,PREDICTION,1
A,223
S,0,226,DETECTION,src/tracking/advanced_tracker.py:_activate_slot,226_516_337_780_465
S,2,226,DETECTION,src/tracking/advanced_tracker.py:_activate_slot,226_603_141_900_288
S,3,226,DETECTION,src/tracking/advanced_tracker.py:_activate_slot,226_325_676_569_811
S,7,226,DETECTION,src/tracking/advanced_tracker.py:_activate_slot,226_258_817_505_928
S,9,226,DETECTION,src/tracking/advanced_tracker.py:_activate_slot,226_186_936_416_1041
S,4,226,PREDICTION,src/tracking/advanced_tracker.py:kalman_homography,
S,5,226,PREDICTION,src/tracking/advanced_tracker.py:kalman_homography,
S,6,226,PREDICTION,src/tracking/advanced_tracker.py:flow_gapfill_batched,
S,8,226,PREDICTION,src/tracking/advanced_tracker.py:flow_gapfill_batched,
D,5,226
S,7,226,PREDICTION,src/tracking/advanced_tracker.py:id_merge,
D,7,226
S,9,226,PREDICTION,src/tracking/advanced_tracker.py:id_merge,
L,0,226,DETECTION,src/tracking/advanced_tracker.py:_activate_slot,226_516_337_780_465
R,CLAMP,CLAMP,0
L,2,226,DETECTION,src/tracking/advanced_tracker.py:_activate_slot,226_603_141_900_288
R,DETECTION,DETECTION,1
L,3,226,DETECTION,src/tracking/advanced_tracker.py:_activate_slot,226_325_676_569_811
R,DETECTION,DETECTION,1
L,4,226,PREDICTION,src/tracking/advanced_tracker.py:kalman_homography,
R,CLAMP,CLAMP,0
L,6,226,PREDICTION,src/tracking/advanced_tracker.py:flow_gapfill_batched,
R,PREDICTION,PREDICTION,1
L,8,226,PREDICTION,src/tracking/advanced_tracker.py:flow_gapfill_batched,
R,CLAMP,CLAMP,0
L,9,226,PREDICTION,src/tracking/advanced_tracker.py:id_merge,
R,PREDICTION,PREDICTION,1
A,226
S,0,229,DETECTION,src/tracking/advanced_tracker.py:_activate_slot,229_523_333_781_462
S,2,229,DETECTION,src/tracking/advanced_tracker.py:_activate_slot,229_606_139_900_286
S,3,229,DETECTION,src/tracking/advanced_tracker.py:_activate_slot,229_327_663_577_804
S,7,229,DETECTION,src/tracking/advanced_tracker.py:_activate_slot,229_255_813_505_939
S,9,229,DETECTION,src/tracking/advanced_tracker.py:_activate_slot,229_180_933_423_1044
S,4,229,PREDICTION,src/tracking/advanced_tracker.py:kalman_homography,
S,5,229,PREDICTION,src/tracking/advanced_tracker.py:kalman_homography,
S,6,229,PREDICTION,src/tracking/advanced_tracker.py:flow_gapfill_batched,
S,8,229,PREDICTION,src/tracking/advanced_tracker.py:flow_gapfill_batched,
D,5,229
S,7,229,PREDICTION,src/tracking/advanced_tracker.py:id_merge,
D,7,229
S,9,229,PREDICTION,src/tracking/advanced_tracker.py:id_merge,
L,0,229,DETECTION,src/tracking/advanced_tracker.py:_activate_slot,229_523_333_781_462
R,CLAMP,CLAMP,0
L,2,229,DETECTION,src/tracking/advanced_tracker.py:_activate_slot,229_606_139_900_286
R,DETECTION,DETECTION,1
L,3,229,DETECTION,src/tracking/advanced_tracker.py:_activate_slot,229_327_663_577_804
R,DETECTION,DETECTION,1
L,4,229,PREDICTION,src/tracking/advanced_tracker.py:kalman_homography,
R,CLAMP,CLAMP,0
L,6,229,PREDICTION,src/tracking/advanced_tracker.py:flow_gapfill_batched,
R,PREDICTION,PREDICTION,1
L,8,229,PREDICTION,src/tracking/advanced_tracker.py:flow_gapfill_batched,
R,CLAMP,CLAMP,0
L,9,229,PREDICTION,src/tracking/advanced_tracker.py:id_merge,
R,PREDICTION,PREDICTION,1
A,229
S,0,232,DETECTION,src/tracking/advanced_tracker.py:_activate_slot,232_525_332_786_458
S,2,232,DETECTION,src/tracking/advanced_tracker.py:_activate_slot,232_609_122_898_279
S,3,232,DETECTION,src/tracking/advanced_tracker.py:_activate_slot,232_332_639_584_801
S,4,232,DETECTION,src/tracking/advanced_tracker.py:_activate_slot,232_342_463_597_585
S,9,232,DETECTION,src/tracking/advanced_tracker.py:_activate_slot,232_173_930_413_1035
S,5,232,PREDICTION,src/tracking/advanced_tracker.py:kalman_homography,
S,7,232,PREDICTION,src/tracking/advanced_tracker.py:kalman_homography,
S,6,232,PREDICTION,src/tracking/advanced_tracker.py:flow_gapfill_batched,
S,8,232,PREDICTION,src/tracking/advanced_tracker.py:flow_gapfill_batched,
D,5,232
S,7,232,PREDICTION,src/tracking/advanced_tracker.py:id_merge,
D,7,232
S,9,232,PREDICTION,src/tracking/advanced_tracker.py:id_merge,
L,0,232,DETECTION,src/tracking/advanced_tracker.py:_activate_slot,232_525_332_786_458
R,CLAMP,CLAMP,0
L,2,232,DETECTION,src/tracking/advanced_tracker.py:_activate_slot,232_609_122_898_279
R,DETECTION,DETECTION,1
L,3,232,DETECTION,src/tracking/advanced_tracker.py:_activate_slot,232_332_639_584_801
R,DETECTION,DETECTION,1
L,4,232,DETECTION,src/tracking/advanced_tracker.py:_activate_slot,232_342_463_597_585
R,CLAMP,CLAMP,0
L,6,232,PREDICTION,src/tracking/advanced_tracker.py:flow_gapfill_batched,
R,PREDICTION,PREDICTION,1
L,8,232,PREDICTION,src/tracking/advanced_tracker.py:flow_gapfill_batched,
R,CLAMP,CLAMP,0
L,9,232,PREDICTION,src/tracking/advanced_tracker.py:id_merge,
R,PREDICTION,PREDICTION,1
A,232
S,0,235,DETECTION,src/tracking/advanced_tracker.py:_activate_slot,235_534_321_786_450
S,2,235,DETECTION,src/tracking/advanced_tracker.py:_activate_slot,235_611_109_897_260
S,3,235,DETECTION,src/tracking/advanced_tracker.py:_activate_slot,235_338_638_589_795
S,9,235,DETECTION,src/tracking/advanced_tracker.py:_activate_slot,235_177_922_411_1029
S,4,235,PREDICTION,src/tracking/advanced_tracker.py:kalman_homography,
S,7,235,PREDICTION,src/tracking/advanced_tracker.py:kalman_homography,
S,5,235,PREDICTION,src/tracking/advanced_tracker.py:flow_gapfill_batched,
S,6,235,PREDICTION,src/tracking/advanced_tracker.py:flow_gapfill_batched,
D,5,235
S,7,235,PREDICTION,src/tracking/advanced_tracker.py:id_merge,
D,7,235
S,9,235,PREDICTION,src/tracking/advanced_tracker.py:id_merge,
L,0,235,DETECTION,src/tracking/advanced_tracker.py:_activate_slot,235_534_321_786_450
R,CLAMP,CLAMP,0
L,2,235,DETECTION,src/tracking/advanced_tracker.py:_activate_slot,235_611_109_897_260
R,DETECTION,DETECTION,1
L,3,235,DETECTION,src/tracking/advanced_tracker.py:_activate_slot,235_338_638_589_795
R,DETECTION,DETECTION,1
L,4,235,PREDICTION,src/tracking/advanced_tracker.py:kalman_homography,
R,CLAMP,CLAMP,0
L,6,235,PREDICTION,src/tracking/advanced_tracker.py:flow_gapfill_batched,
R,PREDICTION,PREDICTION,1
L,9,235,PREDICTION,src/tracking/advanced_tracker.py:id_merge,
R,PREDICTION,PREDICTION,1
A,235
S,0,238,DETECTION,src/tracking/advanced_tracker.py:_activate_slot,238_541_301_796_440
S,3,238,DETECTION,src/tracking/advanced_tracker.py:_activate_slot,238_339_636_591_783
S,7,238,DETECTION,src/tracking/advanced_tracker.py:_activate_slot,238_262_814_499_931
S,9,238,DETECTION,src/tracking/advanced_tracker.py:_activate_slot,238_180_915_414_1023
S,1,238,DETECTION,src/tracking/advanced_tracker.py:_activate_slot,238_350_442_604_580
S,2,238,PREDICTION,src/tracking/advanced_tracker.py:kalman_homography,
S,4,238,PREDICTION,src/tracking/advanced_tracker.py:kalman_homography,
S,6,238,PREDICTION,src/tracking/advanced_tracker.py:flow_gapfill_batched,
D,4,238
S,1,238,PREDICTION,src/tracking/advanced_tracker.py:id_merge,
D,7,238
S,9,238,PREDICTION,src/tracking/advanced_tracker.py:id_merge,
L,0,238,DETECTION,src/tracking/advanced_tracker.py:_activate_slot,238_541_301_796_440
R,CLAMP,CLAMP,0
L,1,238,PREDICTION,src/tracking/advanced_tracker.py:id_merge,
R,CLAMP,CLAMP,0
L,2,238,PREDICTION,src/tracking/advanced_tracker.py:kalman_homography,
R,PREDICTION,PREDICTION,1
L,3,238,DETECTION,src/tracking/advanced_tracker.py:_activate_slot,238_339_636_591_783
R,DETECTION,DETECTION,1
L,6,238,PREDICTION,src/tracking/advanced_tracker.py:flow_gapfill_batched,
R,PREDICTION,PREDICTION,1
L,9,238,PREDICTION,src/tracking/advanced_tracker.py:id_merge,
R,PREDICTION,PREDICTION,1
A,238
S,0,241,DETECTION,src/tracking/advanced_tracker.py:_activate_slot,241_547_296_804_432
S,1,241,DETECTION,src/tracking/advanced_tracker.py:_activate_slot,241_348_439_607_577
S,3,241,DETECTION,src/tracking/advanced_tracker.py:_activate_slot,241_339_621_594_757
S,5,241,DETECTION,src/tracking/advanced_tracker.py:_activate_slot,241_183_888_421_1023
S,2,241,PREDICTION,src/tracking/advanced_tracker.py:kalman_homography,
S,4,241,PREDICTION,src/tracking/advanced_tracker.py:kalman_homography,
S,7,241,PREDICTION,src/tracking/advanced_tracker.py:kalman_homography,
S,9,241,PREDICTION,src/tracking/advanced_tracker.py:kalman_homography,
S,6,241,PREDICTION,src/tracking/advanced_tracker.py:flow_gapfill_batched,
D,4,241
S,1,241,PREDICTION,src/tracking/advanced_tracker.py:id_merge,
D,7,241
S,5,241,PREDICTION,src/tracking/advanced_tracker.py:id_merge,
D,9,241
S,5,241,PREDICTION,src/tracking/advanced_tracker.py:id_merge,
L,0,241,DETECTION,src/tracking/advanced_tracker.py:_activate_slot,241_547_296_804_432
R,CLAMP,CLAMP,0
L,1,241,PREDICTION,src/tracking/advanced_tracker.py:id_merge,
R,CLAMP,CLAMP,0
L,2,241,PREDICTION,src/tracking/advanced_tracker.py:kalman_homography,
R,PREDICTION,PREDICTION,1
L,3,241,DETECTION,src/tracking/advanced_tracker.py:_activate_slot,241_339_621_594_757
R,DETECTION,DETECTION,1
L,5,241,PREDICTION,src/tracking/advanced_tracker.py:id_merge,
R,PREDICTION,PREDICTION,1
L,6,241,PREDICTION,src/tracking/advanced_tracker.py:flow_gapfill_batched,
R,PREDICTION,SUBPIXEL,0
A,241
S,0,244,DETECTION,src/tracking/advanced_tracker.py:_activate_slot,244_552_292_804_429
S,1,244,DETECTION,src/tracking/advanced_tracker.py:_activate_slot,244_258_819_504_924
S,3,244,DETECTION,src/tracking/advanced_tracker.py:_activate_slot,244_337_617_593_735
S,7,244,DETECTION,src/tracking/advanced_tracker.py:_activate_slot,244_187_817_501_931
S,5,244,DETECTION,src/tracking/advanced_tracker.py:_activate_slot,244_183_879_437_1017
S,4,244,PREDICTION,src/tracking/advanced_tracker.py:kalman_homography,
S,9,244,PREDICTION,src/tracking/advanced_tracker.py:kalman_homography,
S,2,244,PREDICTION,src/tracking/advanced_tracker.py:flow_gapfill_batched,
S,6,244,PREDICTION,src/tracking/advanced_tracker.py:flow_gapfill_batched,
D,5,244
S,7,244,PREDICTION,src/tracking/advanced_tracker.py:id_merge,
D,9,244
S,7,244,PREDICTION,src/tracking/advanced_tracker.py:id_merge,
L,0,244,DETECTION,src/tracking/advanced_tracker.py:_activate_slot,244_552_292_804_429
R,CLAMP,CLAMP,0
L,1,244,DETECTION,src/tracking/advanced_tracker.py:_activate_slot,244_258_819_504_924
R,CLAMP,CLAMP,0
L,2,244,PREDICTION,src/tracking/advanced_tracker.py:flow_gapfill_batched,
R,PREDICTION,PREDICTION,1
L,3,244,DETECTION,src/tracking/advanced_tracker.py:_activate_slot,244_337_617_593_735
R,DETECTION,DETECTION,1
L,4,244,PREDICTION,src/tracking/advanced_tracker.py:kalman_homography,
R,CLAMP,CLAMP,0
L,6,244,PREDICTION,src/tracking/advanced_tracker.py:flow_gapfill_batched,
R,PREDICTION,PREDICTION,1
L,7,244,PREDICTION,src/tracking/advanced_tracker.py:id_merge,
R,PREDICTION,PREDICTION,1
A,244
S,0,247,DETECTION,src/tracking/advanced_tracker.py:_activate_slot,247_556_286_807_417
S,1,247,DETECTION,src/tracking/advanced_tracker.py:_activate_slot,247_274_435_614_543
S,3,247,DETECTION,src/tracking/advanced_tracker.py:_activate_slot,247_336_619_611_709
S,5,247,DETECTION,src/tracking/advanced_tracker.py:_activate_slot,247_189_875_465_984
S,9,247,DETECTION,src/tracking/advanced_tracker.py:_activate_slot,247_187_882_436_997
S,4,247,PREDICTION,src/tracking/advanced_tracker.py:kalman_homography,
S,7,247,PREDICTION,src/tracking/advanced_tracker.py:kalman_homography,
S,6,247,PREDICTION,src/tracking/advanced_tracker.py:flow_gapfill_batched,
D,4,247
S,1,247,PREDICTION,src/tracking/advanced_tracker.py:id_merge,
D,7,247
S,5,247,PREDICTION,src/tracking/advanced_tracker.py:id_merge,
D,5,247
S,9,247,PREDICTION,src/tracking/advanced_tracker.py:id_merge,
L,0,247,DETECTION,src/tracking/advanced_tracker.py:_activate_slot,247_556_286_807_417
R,CLAMP,CLAMP,0
L,1,247,PREDICTION,src/tracking/advanced_tracker.py:id_merge,
R,CLAMP,CLAMP,0
L,3,247,DETECTION,src/tracking/advanced_tracker.py:_activate_slot,247_336_619_611_709
R,DETECTION,DETECTION,1
L,6,247,PREDICTION,src/tracking/advanced_tracker.py:flow_gapfill_batched,
R,PREDICTION,PREDICTION,1
L,9,247,PREDICTION,src/tracking/advanced_tracker.py:id_merge,
R,PREDICTION,PREDICTION,1
A,247
S,0,250,DETECTION,src/tracking/advanced_tracker.py:_activate_slot,250_555_282_807_407
S,1,250,DETECTION,src/tracking/advanced_tracker.py:_activate_slot,250_268_435_616_543
S,3,250,DETECTION,src/tracking/advanced_tracker.py:_activate_slot,250_340_610_576_709
S,9,250,DETECTION,src/tracking/advanced_tracker.py:_activate_slot,250_186_882_444_990
S,4,250,PREDICTION,src/tracking/advanced_tracker.py:kalman_homography,
S,5,250,PREDICTION,src/tracking/advanced_tracker.py:kalman_homography,
S,7,250,PREDICTION,src/tracking/advanced_tracker.py:kalman_homography,
D,4,250
S,1,250,PREDICTION,src/tracking/advanced_tracker.py:id_merge,
D,7,250
S,5,250,PREDICTION,src/tracking/advanced_tracker.py:id_merge,
D,5,250
S,9,250,PREDICTION,src/tracking/advanced_tracker.py:id_merge,
L,0,250,DETECTION,src/tracking/advanced_tracker.py:_activate_slot,250_555_282_807_407
R,CLAMP,CLAMP,0
L,1,250,PREDICTION,src/tracking/advanced_tracker.py:id_merge,
R,CLAMP,CLAMP,0
L,3,250,DETECTION,src/tracking/advanced_tracker.py:_activate_slot,250_340_610_576_709
R,DETECTION,DETECTION,1
L,9,250,PREDICTION,src/tracking/advanced_tracker.py:id_merge,
R,PREDICTION,PREDICTION,1
A,250
S,0,253,DETECTION,src/tracking/advanced_tracker.py:_activate_slot,253_558_282_807_410
S,3,253,DETECTION,src/tracking/advanced_tracker.py:_activate_slot,253_340_609_569_711
S,7,253,DETECTION,src/tracking/advanced_tracker.py:_activate_slot,253_196_822_511_951
S,8,253,DETECTION,src/tracking/advanced_tracker.py:_activate_slot,253_259_1278_467_1406
S,1,253,PREDICTION,src/tracking/advanced_tracker.py:kalman_homography,
S,4,253,PREDICTION,src/tracking/advanced_tracker.py:kalman_homography,
S,5,253,PREDICTION,src/tracking/advanced_tracker.py:kalman_homography,
S,9,253,PREDICTION,src/tracking/advanced_tracker.py:kalman_homography,
S,2,253,PREDICTION,src/tracking/advanced_tracker.py:flow_gapfill_batched,
D,5,253
S,7,253,PREDICTION,src/tracking/advanced_tracker.py:id_merge,
D,9,253
S,7,253,PREDICTION,src/tracking/advanced_tracker.py:id_merge,
L,0,253,DETECTION,src/tracking/advanced_tracker.py:_activate_slot,253_558_282_807_410
R,CLAMP,CLAMP,0
L,1,253,PREDICTION,src/tracking/advanced_tracker.py:kalman_homography,
R,CLAMP,CLAMP,0
L,2,253,PREDICTION,src/tracking/advanced_tracker.py:flow_gapfill_batched,
R,PREDICTION,PREDICTION,1
L,3,253,DETECTION,src/tracking/advanced_tracker.py:_activate_slot,253_340_609_569_711
R,DETECTION,DETECTION,1
L,4,253,PREDICTION,src/tracking/advanced_tracker.py:kalman_homography,
R,CLAMP,CLAMP,0
L,7,253,PREDICTION,src/tracking/advanced_tracker.py:id_merge,
R,PREDICTION,PREDICTION,1
L,8,253,DETECTION,src/tracking/advanced_tracker.py:_activate_slot,253_259_1278_467_1406
R,CLAMP,CLAMP,0
A,253
S,0,256,DETECTION,src/tracking/advanced_tracker.py:_activate_slot,256_564_285_816_420
S,3,256,DETECTION,src/tracking/advanced_tracker.py:_activate_slot,256_340_611_597_713
S,7,256,DETECTION,src/tracking/advanced_tracker.py:_activate_slot,256_195_834_513_969
S,8,256,DETECTION,src/tracking/advanced_tracker.py:_activate_slot,256_264_1294_468_1414
S,9,256,DETECTION,src/tracking/advanced_tracker.py:_activate_slot,256_186_902_390_1005
S,1,256,PREDICTION,src/tracking/advanced_tracker.py:kalman_homography,
S,5,256,PREDICTION,src/tracking/advanced_tracker.py:kalman_homography,
S,2,256,PREDICTION,src/tracking/advanced_tracker.py:flow_gapfill_batched,
S,4,256,PREDICTION,src/tracking/advanced_tracker.py:flow_gapfill_batched,
D,5,256
S,7,256,PREDICTION,src/tracking/advanced_tracker.py:id_merge,
L,0,256,DETECTION,src/tracking/advanced_tracker.py:_activate_slot,256_564_285_816_420
R,CLAMP,CLAMP,0
L,1,256,PREDICTION,src/tracking/advanced_tracker.py:kalman_homography,
R,CLAMP,CLAMP,0
L,2,256,PREDICTION,src/tracking/advanced_tracker.py:flow_gapfill_batched,
R,PREDICTION,PREDICTION,1
L,3,256,DETECTION,src/tracking/advanced_tracker.py:_activate_slot,256_340_611_597_713
R,DETECTION,DETECTION,1
L,4,256,PREDICTION,src/tracking/advanced_tracker.py:flow_gapfill_batched,
R,CLAMP,CLAMP,0
L,7,256,PREDICTION,src/tracking/advanced_tracker.py:id_merge,
R,PREDICTION,PREDICTION,1
L,8,256,DETECTION,src/tracking/advanced_tracker.py:_activate_slot,256_264_1294_468_1414
R,CLAMP,CLAMP,0
L,9,256,DETECTION,src/tracking/advanced_tracker.py:_activate_slot,256_186_902_390_1005
R,DETECTION,DETECTION,1
A,256
S,0,259,DETECTION,src/tracking/advanced_tracker.py:_activate_slot,259_577_301_817_437
S,3,259,DETECTION,src/tracking/advanced_tracker.py:_activate_slot,259_339_621_590_723
S,4,259,DETECTION,src/tracking/advanced_tracker.py:_activate_slot,259_370_469_604_572
S,7,259,DETECTION,src/tracking/advanced_tracker.py:_activate_slot,259_265_940_463_1065
S,8,259,DETECTION,src/tracking/advanced_tracker.py:_activate_slot,259_264_1306_466_1428
S,5,259,PREDICTION,src/tracking/advanced_tracker.py:kalman_homography,
S,9,259,PREDICTION,src/tracking/advanced_tracker.py:kalman_homography,
S,1,259,PREDICTION,src/tracking/advanced_tracker.py:flow_gapfill_batched,
S,2,259,PREDICTION,src/tracking/advanced_tracker.py:flow_gapfill_batched,
D,1,259
S,4,259,PREDICTION,src/tracking/advanced_tracker.py:id_merge,
D,5,259
S,7,259,PREDICTION,src/tracking/advanced_tracker.py:id_merge,
L,0,259,DETECTION,src/tracking/advanced_tracker.py:_activate_slot,259_577_301_817_437
R,CLAMP,CLAMP,0
L,2,259,PREDICTION,src/tracking/advanced_tracker.py:flow_gapfill_batched,
R,PREDICTION,PREDICTION,1
L,3,259,DETECTION,src/tracking/advanced_tracker.py:_activate_slot,259_339_621_590_723
R,DETECTION,DETECTION,1
L,4,259,PREDICTION,src/tracking/advanced_tracker.py:id_merge,
R,CLAMP,CLAMP,0
L,7,259,PREDICTION,src/tracking/advanced_tracker.py:id_merge,
R,PREDICTION,PREDICTION,1
L,8,259,DETECTION,src/tracking/advanced_tracker.py:_activate_slot,259_264_1306_466_1428
R,CLAMP,CLAMP,0
L,9,259,PREDICTION,src/tracking/advanced_tracker.py:kalman_homography,
R,PREDICTION,PREDICTION,1
A,259
S,0,262,DETECTION,src/tracking/advanced_tracker.py:_activate_slot,262_576_322_813_462
S,3,262,DETECTION,src/tracking/advanced_tracker.py:_activate_slot,262_341_633_591_732
S,4,262,DETECTION,src/tracking/advanced_tracker.py:_activate_slot,262_384_486_624_590
S,5,262,DETECTION,src/tracking/advanced_tracker.py:_activate_slot,262_246_528_489_654
S,7,262,DETECTION,src/tracking/advanced_tracker.py:_activate_slot,262_259_978_459_1091
S,8,262,DETECTION,src/tracking/advanced_tracker.py:_activate_slot,262_264_1335_469_1446
S,9,262,PREDICTION,src/tracking/advanced_tracker.py:kalman_homography,
S,1,262,PREDICTION,src/tracking/advanced_tracker.py:flow_gapfill_batched,
D,1,262
S,4,262,PREDICTION,src/tracking/advanced_tracker.py:id_merge,
L,0,262,DETECTION,src/tracking/advanced_tracker.py:_activate_slot,262_576_322_813_462
R,CLAMP,CLAMP,0
L,3,262,DETECTION,src/tracking/advanced_tracker.py:_activate_slot,262_341_633_591_732
R,DETECTION,DETECTION,1
L,4,262,PREDICTION,src/tracking/advanced_tracker.py:id_merge,
R,CLAMP,CLAMP,0
L,5,262,DETECTION,src/tracking/advanced_tracker.py:_activate_slot,262_246_528_489_654
R,CLAMP,CLAMP,0
L,7,262,DETECTION,src/tracking/advanced_tracker.py:_activate_slot,262_259_978_459_1091
R,DETECTION,DETECTION,1
L,8,262,DETECTION,src/tracking/advanced_tracker.py:_activate_slot,262_264_1335_469_1446
R,CLAMP,CLAMP,0
L,9,262,PREDICTION,src/tracking/advanced_tracker.py:kalman_homography,
R,PREDICTION,PREDICTION,1
A,262
S,0,265,DETECTION,src/tracking/advanced_tracker.py:_activate_slot,265_555_353_804_481
S,1,265,DETECTION,src/tracking/advanced_tracker.py:_activate_slot,265_623_192_891_320
S,3,265,DETECTION,src/tracking/advanced_tracker.py:_activate_slot,265_353_648_591_755
S,4,265,DETECTION,src/tracking/advanced_tracker.py:_activate_slot,265_393_508_634_619
S,7,265,DETECTION,src/tracking/advanced_tracker.py:_activate_slot,265_243_1035_453_1141
S,8,265,DETECTION,src/tracking/advanced_tracker.py:_activate_slot,265_265_1368_468_1470
S,5,265,PREDICTION,src/tracking/advanced_tracker.py:kalman_homography,
S,9,265,PREDICTION,src/tracking/advanced_tracker.py:kalman_homography,
L,0,265,DETECTION,src/tracking/advanced_tracker.py:_activate_slot,265_555_353_804_481
R,CLAMP,CLAMP,0
L,1,265,DETECTION,src/tracking/advanced_tracker.py:_activate_slot,265_623_192_891_320
R,CLAMP,CLAMP,0
L,3,265,DETECTION,src/tracking/advanced_tracker.py:_activate_slot,265_353_648_591_755
R,DETECTION,DETECTION,1
L,4,265,DETECTION,src/tracking/advanced_tracker.py:_activate_slot,265_393_508_634_619
R,CLAMP,CLAMP,0
L,5,265,PREDICTION,src/tracking/advanced_tracker.py:kalman_homography,
R,CLAMP,CLAMP,0
L,7,265,DETECTION,src/tracking/advanced_tracker.py:_activate_slot,265_243_1035_453_1141
R,DETECTION,DETECTION,1
L,8,265,DETECTION,src/tracking/advanced_tracker.py:_activate_slot,265_265_1368_468_1470
R,CLAMP,CLAMP,0
L,9,265,PREDICTION,src/tracking/advanced_tracker.py:kalman_homography,
R,PREDICTION,PREDICTION,1
A,265
S,0,268,DETECTION,src/tracking/advanced_tracker.py:_activate_slot,268_543_399_774_507
S,1,268,DETECTION,src/tracking/advanced_tracker.py:_activate_slot,268_539_398_775_541
S,3,268,DETECTION,src/tracking/advanced_tracker.py:_activate_slot,268_342_651_584_791
S,4,268,DETECTION,src/tracking/advanced_tracker.py:_activate_slot,268_395_526_638_646
S,5,268,DETECTION,src/tracking/advanced_tracker.py:_activate_slot,268_230_584_480_689
S,7,268,DETECTION,src/tracking/advanced_tracker.py:_activate_slot,268_246_1072_456_1168
S,8,268,DETECTION,src/tracking/advanced_tracker.py:_activate_slot,268_261_1395_470_1494
S,6,268,DETECTION,src/tracking/advanced_tracker.py:_activate_slot,268_185_644_364_725
S,9,268,PREDICTION,src/tracking/advanced_tracker.py:kalman_homography,
D,0,268
S,1,268,PREDICTION,src/tracking/advanced_tracker.py:id_merge,
D,1,268
S,3,268,PREDICTION,src/tracking/advanced_tracker.py:id_merge,
D,5,268
S,6,268,PREDICTION,src/tracking/advanced_tracker.py:id_merge,
L,3,268,PREDICTION,src/tracking/advanced_tracker.py:id_merge,
R,PREDICTION,PREDICTION,1
L,4,268,DETECTION,src/tracking/advanced_tracker.py:_activate_slot,268_395_526_638_646
R,CLAMP,CLAMP,0
L,6,268,PREDICTION,src/tracking/advanced_tracker.py:id_merge,
R,CLAMP,CLAMP,0
L,7,268,DETECTION,src/tracking/advanced_tracker.py:_activate_slot,268_246_1072_456_1168
R,DETECTION,DETECTION,1
L,8,268,DETECTION,src/tracking/advanced_tracker.py:_activate_slot,268_261_1395_470_1494
R,CLAMP,CLAMP,0
L,9,268,PREDICTION,src/tracking/advanced_tracker.py:kalman_homography,
R,PREDICTION,PREDICTION,1
A,268
S,0,271,DETECTION,src/tracking/advanced_tracker.py:_activate_slot,271_530_441_756_541
S,1,271,DETECTION,src/tracking/advanced_tracker.py:_activate_slot,271_529_439_757_601
S,3,271,DETECTION,src/tracking/advanced_tracker.py:_activate_slot,271_341_669_585_810
S,4,271,DETECTION,src/tracking/advanced_tracker.py:_activate_slot,271_411_543_632_654
S,6,271,CLAMP,src/tracking/advanced_tracker.py:_activate_slot,271_265_1420_466_1516
S,7,271,DETECTION,src/tracking/advanced_tracker.py:_activate_slot,271_261_1113_470_1230
S,5,271,PREDICTION,src/tracking/advanced_tracker.py:kalman_homography,
S,9,271,PREDICTION,src/tracking/advanced_tracker.py:kalman_homography,
S,8,271,PREDICTION,src/tracking/advanced_tracker.py:flow_gapfill_batched,
D,0,271
S,1,271,PREDICTION,src/tracking/advanced_tracker.py:id_merge,
D,1,271
S,3,271,PREDICTION,src/tracking/advanced_tracker.py:id_merge,
D,5,271
S,6,271,PREDICTION,src/tracking/advanced_tracker.py:id_merge,
L,3,271,PREDICTION,src/tracking/advanced_tracker.py:id_merge,
R,PREDICTION,PREDICTION,1
L,4,271,DETECTION,src/tracking/advanced_tracker.py:_activate_slot,271_411_543_632_654
R,CLAMP,CLAMP,0
L,6,271,PREDICTION,src/tracking/advanced_tracker.py:id_merge,
R,CLAMP,CLAMP,0
L,7,271,DETECTION,src/tracking/advanced_tracker.py:_activate_slot,271_261_1113_470_1230
R,DETECTION,DETECTION,1
L,8,271,PREDICTION,src/tracking/advanced_tracker.py:flow_gapfill_batched,
R,CLAMP,CLAMP,0
L,9,271,PREDICTION,src/tracking/advanced_tracker.py:kalman_homography,
R,PREDICTION,PREDICTION,1
A,271
S,0,274,DETECTION,src/tracking/advanced_tracker.py:_activate_slot,274_521_479_746_592
S,1,274,CLAMP,src/tracking/advanced_tracker.py:_activate_slot,274_307_981_530_1083
S,3,274,DETECTION,src/tracking/advanced_tracker.py:_activate_slot,274_343_680_580_804
S,4,274,DETECTION,src/tracking/advanced_tracker.py:_activate_slot,274_396_562_623_675
S,5,274,DETECTION,src/tracking/advanced_tracker.py:_activate_slot,274_220_635_439_727
S,7,274,DETECTION,src/tracking/advanced_tracker.py:_activate_slot,274_282_1138_477_1282
S,8,274,DETECTION,src/tracking/advanced_tracker.py:_activate_slot,274_262_1441_466_1534
S,9,274,PREDICTION,src/tracking/advanced_tracker.py:kalman_homography,
S,6,274,PREDICTION,src/tracking/advanced_tracker.py:flow_gapfill_batched,
D,0,274
S,3,274,PREDICTION,src/tracking/advanced_tracker.py:id_merge,
D,6,274
S,8,274,PREDICTION,src/tracking/advanced_tracker.py:id_merge,
L,1,274,CLAMP,src/tracking/advanced_tracker.py:_activate_slot,274_307_981_530_1083
R,CLAMP,CLAMP,0
L,3,274,PREDICTION,src/tracking/advanced_tracker.py:id_merge,
R,PREDICTION,PREDICTION,1
L,4,274,DETECTION,src/tracking/advanced_tracker.py:_activate_slot,274_396_562_623_675
R,CLAMP,CLAMP,0
L,5,274,DETECTION,src/tracking/advanced_tracker.py:_activate_slot,274_220_635_439_727
R,CLAMP,CLAMP,0
L,7,274,DETECTION,src/tracking/advanced_tracker.py:_activate_slot,274_282_1138_477_1282
R,DETECTION,DETECTION,1
L,8,274,PREDICTION,src/tracking/advanced_tracker.py:id_merge,
R,CLAMP,CLAMP,0
L,9,274,PREDICTION,src/tracking/advanced_tracker.py:kalman_homography,
R,PREDICTION,PREDICTION,1
A,274
S,0,277,DETECTION,src/tracking/advanced_tracker.py:_activate_slot,277_530_510_746_610
S,3,277,DETECTION,src/tracking/advanced_tracker.py:_activate_slot,277_340_688_578_807
S,4,277,DETECTION,src/tracking/advanced_tracker.py:_activate_slot,277_393_582_624_705
S,7,277,DETECTION,src/tracking/advanced_tracker.py:_activate_slot,277_300_1162_485_1312
S,5,277,DETECTION,src/tracking/advanced_tracker.py:_activate_slot,277_211_645_440_750
S,1,277,PREDICTION,src/tracking/advanced_tracker.py:kalman_homography,
S,9,277,PREDICTION,src/tracking/advanced_tracker.py:kalman_homography,
S,6,277,PREDICTION,src/tracking/advanced_tracker.py:flow_gapfill_batched,
S,8,277,PREDICTION,src/tracking/advanced_tracker.py:flow_gapfill_batched,
D,3,277
S,4,277,PREDICTION,src/tracking/advanced_tracker.py:id_merge,
D,6,277
S,8,277,PREDICTION,src/tracking/advanced_tracker.py:id_merge,
L,0,277,DETECTION,src/tracking/advanced_tracker.py:_activate_slot,277_530_510_746_610
R,CLAMP,CLAMP,0
L,1,277,PREDICTION,src/tracking/advanced_tracker.py:kalman_homography,
R,PREDICTION,PREDICTION,1
L,4,277,PREDICTION,src/tracking/advanced_tracker.py:id_merge,
R,CLAMP,CLAMP,0
L,5,277,DETECTION,src/tracking/advanced_tracker.py:_activate_slot,277_211_645_440_750
R,CLAMP,CLAMP,0
L,7,277,DETECTION,src/tracking/advanced_tracker.py:_activate_slot,277_300_1162_485_1312
R,DETECTION,DETECTION,1
L,8,277,PREDICTION,src/tracking/advanced_tracker.py:id_merge,
R,CLAMP,CLAMP,0
L,9,277,PREDICTION,src/tracking/advanced_tracker.py:kalman_homography,
R,PREDICTION,PREDICTION,1
A,277
S,0,280,DETECTION,src/tracking/advanced_tracker.py:_activate_slot,280_531_532_736_652
S,1,280,DETECTION,src/tracking/advanced_tracker.py:_activate_slot,280_615_245_900_421
S,2,280,CLAMP,src/tracking/advanced_tracker.py:_activate_slot,280_507_726_724_895
S,3,280,DETECTION,src/tracking/advanced_tracker.py:_activate_slot,280_332_700_583_807
S,4,280,DETECTION,src/tracking/advanced_tracker.py:_activate_slot,280_396_603_639_730
S,5,280,DETECTION,src/tracking/advanced_tracker.py:_activate_slot,280_202_671_422_776
S,6,280,DETECTION,src/tracking/advanced_tracker.py:_activate_slot,280_198_891_409_990
S,7,280,PREDICTION,src/tracking/advanced_tracker.py:kalman_homography,
S,8,280,PREDICTION,src/tracking/advanced_tracker.py:flow_gapfill_batched,
S,9,280,PREDICTION,src/tracking/advanced_tracker.py:flow_gapfill_batched,
D,3,280
S,4,280,PREDICTION,src/tracking/advanced_tracker.py:id_merge,
D,9,280
S,6,280,PREDICTION,src/tracking/advanced_tracker.py:id_merge,
D,8,280
S,7,280,PREDICTION,src/tracking/advanced_tracker.py:id_merge,
L,0,280,DETECTION,src/tracking/advanced_tracker.py:_activate_slot,280_531_532_736_652
R,CLAMP,CLAMP,0
L,1,280,DETECTION,src/tracking/advanced_tracker.py:_activate_slot,280_615_245_900_421
R,CLAMP,CLAMP,0
L,2,280,CLAMP,src/tracking/advanced_tracker.py:_activate_slot,280_507_726_724_895
R,CLAMP,CLAMP,0
L,4,280,PREDICTION,src/tracking/advanced_tracker.py:id_merge,
R,CLAMP,CLAMP,0
L,5,280,DETECTION,src/tracking/advanced_tracker.py:_activate_slot,280_202_671_422_776
R,CLAMP,CLAMP,0
L,6,280,PREDICTION,src/tracking/advanced_tracker.py:id_merge,
R,CLAMP,CLAMP,0
L,7,280,PREDICTION,src/tracking/advanced_tracker.py:id_merge,
R,PREDICTION,PREDICTION,1
A,280
S,0,283,DETECTION,src/tracking/advanced_tracker.py:_activate_slot,283_526_549_733_679
S,1,283,DETECTION,src/tracking/advanced_tracker.py:_activate_slot,283_609_265_897_432
S,2,283,CLAMP,src/tracking/advanced_tracker.py:_activate_slot,283_409_616_632_757
S,3,283,DETECTION,src/tracking/advanced_tracker.py:_activate_slot,283_340_701_562_821
S,5,283,DETECTION,src/tracking/advanced_tracker.py:_activate_slot,283_191_689_428_806
S,7,283,DETECTION,src/tracking/advanced_tracker.py:_activate_slot,283_304_1263_483_1362
S,4,283,PREDICTION,src/tracking/advanced_tracker.py:kalman_homography,
S,6,283,PREDICTION,src/tracking/advanced_tracker.py:kalman_homography,
S,8,283,PREDICTION,src/tracking/advanced_tracker.py:flow_gapfill_batched,
D,4,283
S,3,283,PREDICTION,src/tracking/advanced_tracker.py:id_merge,
D,6,283
S,5,283,PREDICTION,src/tracking/advanced_tracker.py:id_merge,
L,0,283,DETECTION,src/tracking/advanced_tracker.py:_activate_slot,283_526_549_733_679
R,CLAMP,CLAMP,0
L,1,283,DETECTION,src/tracking/advanced_tracker.py:_activate_slot,283_609_265_897_432
R,CLAMP,CLAMP,0
L,2,283,CLAMP,src/tracking/advanced_tracker.py:_activate_slot,283_409_616_632_757
R,CLAMP,CLAMP,0
L,3,283,PREDICTION,src/tracking/advanced_tracker.py:id_merge,
R,PREDICTION,PREDICTION,1
L,5,283,PREDICTION,src/tracking/advanced_tracker.py:id_merge,
R,PREDICTION,PREDICTION,1
L,7,283,DETECTION,src/tracking/advanced_tracker.py:_activate_slot,283_304_1263_483_1362
R,DETECTION,DETECTION,1
L,8,283,PREDICTION,src/tracking/advanced_tracker.py:flow_gapfill_batched,
R,CLAMP,CLAMP,0
A,283
S,0,286,DETECTION,src/tracking/advanced_tracker.py:_activate_slot,286_511_571_733_695
S,2,286,CLAMP,src/tracking/advanced_tracker.py:_activate_slot,286_483_805_718_973
S,3,286,DETECTION,src/tracking/advanced_tracker.py:_activate_slot,286_348_723_561_829
S,4,286,DETECTION,src/tracking/advanced_tracker.py:_activate_slot,286_415_633_640_748
S,5,286,DETECTION,src/tracking/advanced_tracker.py:_activate_slot,286_194_717_420_832
S,1,286,PREDICTION,src/tracking/advanced_tracker.py:kalman_homography,
S,6,286,PREDICTION,src/tracking/advanced_tracker.py:kalman_homography,
S,7,286,PREDICTION,src/tracking/advanced_tracker.py:kalman_homography,
S,8,286,PREDICTION,src/tracking/advanced_tracker.py:flow_gapfill_batched,
D,3,286
S,4,286,PREDICTION,src/tracking/advanced_tracker.py:id_merge,
D,8,286
S,7,286,PREDICTION,src/tracking/advanced_tracker.py:id_merge,
L,0,286,DETECTION,src/tracking/advanced_tracker.py:_activate_slot,286_511_571_733_695
R,CLAMP,CLAMP,0
L,1,286,PREDICTION,src/tracking/advanced_tracker.py:kalman_homography,
R,CLAMP,CLAMP,0
L,2,286,CLAMP,src/tracking/advanced_tracker.py:_activate_slot,286_483_805_718_973
R,CLAMP,CLAMP,0
L,4,286,PREDICTION,src/tracking/advanced_tracker.py:id_merge,
R,CLAMP,CLAMP,0
L,5,286,DETECTION,src/tracking/advanced_tracker.py:_activate_slot,286_194_717_420_832
R,DETECTION,DETECTION,1
L,6,286,PREDICTION,src/tracking/advanced_tracker.py:kalman_homography,
R,CLAMP,CLAMP,0
L,7,286,PREDICTION,src/tracking/advanced_tracker.py:id_merge,
R,PREDICTION,PREDICTION,1
A,286
S,0,289,DETECTION,src/tracking/advanced_tracker.py:_activate_slot,289_503_578_736_689
S,2,289,CLAMP,src/tracking/advanced_tracker.py:_activate_slot,289_485_762_709_939
S,3,289,DETECTION,src/tracking/advanced_tracker.py:_activate_slot,289_345_713_699_840
S,4,289,DETECTION,src/tracking/advanced_tracker.py:_activate_slot,289_422_636_639_750
S,5,289,DETECTION,src/tracking/advanced_tracker.py:_activate_slot,289_196_743_420_836
S,6,289,PREDICTION,src/tracking/advanced_tracker.py:kalman_homography,
S,7,289,PREDICTION,src/tracking/advanced_tracker.py:kalman_homography,
S,1,289,PREDICTION,src/tracking/advanced_tracker.py:flow_gapfill_batched,
L,0,289,DETECTION,src/tracking/advanced_tracker.py:_activate_slot,289_503_578_736_689
R,CLAMP,CLAMP,0
L,1,289,PREDICTION,src/tracking/advanced_tracker.py:flow_gapfill_batched,
R,CLAMP,CLAMP,0
L,2,289,CLAMP,src/tracking/advanced_tracker.py:_activate_slot,289_485_762_709_939
R,CLAMP,CLAMP,0
L,3,289,DETECTION,src/tracking/advanced_tracker.py:_activate_slot,289_345_713_699_840
R,CLAMP,CLAMP,0
L,4,289,DETECTION,src/tracking/advanced_tracker.py:_activate_slot,289_422_636_639_750
R,CLAMP,CLAMP,0
L,5,289,DETECTION,src/tracking/advanced_tracker.py:_activate_slot,289_196_743_420_836
R,DETECTION,DETECTION,1
L,6,289,PREDICTION,src/tracking/advanced_tracker.py:kalman_homography,
R,CLAMP,CLAMP,0
L,7,289,PREDICTION,src/tracking/advanced_tracker.py:kalman_homography,
R,PREDICTION,PREDICTION,1
A,289
S,0,292,DETECTION,src/tracking/advanced_tracker.py:_activate_slot,292_499_574_741_675
S,1,292,DETECTION,src/tracking/advanced_tracker.py:_activate_slot,292_612_309_906_457
S,4,292,DETECTION,src/tracking/advanced_tracker.py:_activate_slot,292_414_651_650_755
S,3,292,DETECTION,src/tracking/advanced_tracker.py:_activate_slot,292_395_698_663_800
S,2,292,PREDICTION,src/tracking/advanced_tracker.py:kalman_homography,
S,5,292,PREDICTION,src/tracking/advanced_tracker.py:kalman_homography,
S,6,292,PREDICTION,src/tracking/advanced_tracker.py:flow_gapfill_batched,
S,7,292,PREDICTION,src/tracking/advanced_tracker.py:flow_gapfill_batched,
D,0,292
S,3,292,PREDICTION,src/tracking/advanced_tracker.py:id_merge,
D,6,292
S,5,292,PREDICTION,src/tracking/advanced_tracker.py:id_merge,
L,1,292,DETECTION,src/tracking/advanced_tracker.py:_activate_slot,292_612_309_906_457
R,CLAMP,CLAMP,0
L,2,292,PREDICTION,src/tracking/advanced_tracker.py:kalman_homography,
R,CLAMP,CLAMP,0
L,3,292,PREDICTION,src/tracking/advanced_tracker.py:id_merge,
R,PREDICTION,PREDICTION,1
L,4,292,DETECTION,src/tracking/advanced_tracker.py:_activate_slot,292_414_651_650_755
R,CLAMP,CLAMP,0
L,5,292,PREDICTION,src/tracking/advanced_tracker.py:id_merge,
R,PREDICTION,PREDICTION,1
L,7,292,PREDICTION,src/tracking/advanced_tracker.py:flow_gapfill_batched,
R,PREDICTION,PREDICTION,1
A,292
S,0,295,DETECTION,src/tracking/advanced_tracker.py:_activate_slot,295_498_555_746_673
S,1,295,DETECTION,src/tracking/advanced_tracker.py:_activate_slot,295_619_319_904_460
S,3,295,DETECTION,src/tracking/advanced_tracker.py:_activate_slot,295_482_775_698_886
S,4,295,DETECTION,src/tracking/advanced_tracker.py:_activate_slot,295_386_650_684_795
S,5,295,DETECTION,src/tracking/advanced_tracker.py:_activate_slot,295_190_777_412_876
S,2,295,PREDICTION,src/tracking/advanced_tracker.py:flow_gapfill_batched,
S,6,295,PREDICTION,src/tracking/advanced_tracker.py:flow_gapfill_batched,
S,7,295,PREDICTION,src/tracking/advanced_tracker.py:flow_gapfill_batched,
S,8,295,PREDICTION,src/tracking/advanced_tracker.py:flow_gapfill_batched,
D,0,295
S,4,295,PREDICTION,src/tracking/advanced_tracker.py:id_merge,
D,6,295
S,5,295,PREDICTION,src/tracking/advanced_tracker.py:id_merge,
D,8,295
S,7,295,PREDICTION,src/tracking/advanced_tracker.py:id_merge,
L,1,295,DETECTION,src/tracking/advanced_tracker.py:_activate_slot,295_619_319_904_460
R,CLAMP,CLAMP,0
L,2,295,PREDICTION,src/tracking/advanced_tracker.py:flow_gapfill_batched,
R,CLAMP,CLAMP,0
L,3,295,DETECTION,src/tracking/advanced_tracker.py:_activate_slot,295_482_775_698_886
R,DETECTION,DETECTION,1
L,4,295,PREDICTION,src/tracking/advanced_tracker.py:id_merge,
R,CLAMP,CLAMP,0
L,5,295,PREDICTION,src/tracking/advanced_tracker.py:id_merge,
R,PREDICTION,PREDICTION,1
L,7,295,PREDICTION,src/tracking/advanced_tracker.py:id_merge,
R,PREDICTION,PREDICTION,1
A,295
S,0,298,DETECTION,src/tracking/advanced_tracker.py:_activate_slot,298_509_555_768_676
S,1,298,DETECTION,src/tracking/advanced_tracker.py:_activate_slot,298_627_327_900_465
S,3,298,DETECTION,src/tracking/advanced_tracker.py:_activate_slot,298_373_726_718_879
S,4,298,DETECTION,src/tracking/advanced_tracker.py:_activate_slot,298_359_661_695_792
S,5,298,DETECTION,src/tracking/advanced_tracker.py:_activate_slot,298_180_793_430_895
S,6,298,DETECTION,src/tracking/advanced_tracker.py:_activate_slot,298_242_436_478_541
S,8,298,PREDICTION,src/tracking/advanced_tracker.py:flow_gapfill_batched,
D,0,298
S,4,298,PREDICTION,src/tracking/advanced_tracker.py:id_merge,
L,1,298,DETECTION,src/tracking/advanced_tracker.py:_activate_slot,298_627_327_900_465
R,CLAMP,CLAMP,0
L,3,298,DETECTION,src/tracking/advanced_tracker.py:_activate_slot,298_373_726_718_879
R,CLAMP,CLAMP,1
L,4,298,PREDICTION,src/tracking/advanced_tracker.py:id_merge,
R,CLAMP,CLAMP,0
L,5,298,DETECTION,src/tracking/advanced_tracker.py:_activate_slot,298_180_793_430_895
R,DETECTION,DETECTION,1
L,6,298,DETECTION,src/tracking/advanced_tracker.py:_activate_slot,298_242_436_478_541
R,CLAMP,CLAMP,0
L,8,298,PREDICTION,src/tracking/advanced_tracker.py:flow_gapfill_batched,
R,CLAMP,CLAMP,0
A,298
S,0,301,DETECTION,src/tracking/advanced_tracker.py:_activate_slot,301_517_560_808_680
S,1,301,DETECTION,src/tracking/advanced_tracker.py:_activate_slot,301_643_318_916_466
S,3,301,DETECTION,src/tracking/advanced_tracker.py:_activate_slot,301_474_768_683_882
S,4,301,DETECTION,src/tracking/advanced_tracker.py:_activate_slot,301_390_663_725_807
S,6,301,DETECTION,src/tracking/advanced_tracker.py:_activate_slot,301_244_438_485_547
S,5,301,DETECTION,src/tracking/advanced_tracker.py:_activate_slot,301_176_811_431_907
S,9,301,DETECTION,src/tracking/advanced_tracker.py:_activate_slot,301_141_1285_377_1396
S,2,301,PREDICTION,src/tracking/advanced_tracker.py:flow_gapfill_batched,
S,7,301,PREDICTION,src/tracking/advanced_tracker.py:flow_gapfill_batched,
D,3,301
S,4,301,PREDICTION,src/tracking/advanced_tracker.py:id_merge,
L,0,301,DETECTION,src/tracking/advanced_tracker.py:_activate_slot,301_517_560_808_680
R,DETECTION,DETECTION,1
L,1,301,DETECTION,src/tracking/advanced_tracker.py:_activate_slot,301_643_318_916_466
R,CLAMP,CLAMP,0
L,2,301,PREDICTION,src/tracking/advanced_tracker.py:flow_gapfill_batched,
R,CLAMP,CLAMP,0
L,4,301,PREDICTION,src/tracking/advanced_tracker.py:id_merge,
R,CLAMP,CLAMP,0
L,5,301,DETECTION,src/tracking/advanced_tracker.py:_activate_slot,301_176_811_431_907
R,DETECTION,DETECTION,1
L,6,301,DETECTION,src/tracking/advanced_tracker.py:_activate_slot,301_244_438_485_547
R,CLAMP,CLAMP,0
L,7,301,PREDICTION,src/tracking/advanced_tracker.py:flow_gapfill_batched,
R,PREDICTION,PREDICTION,1
L,9,301,DETECTION,src/tracking/advanced_tracker.py:_activate_slot,301_141_1285_377_1396
R,CLAMP,CLAMP,1
A,301
S,0,304,DETECTION,src/tracking/advanced_tracker.py:_activate_slot,304_534_559_834_684
S,1,304,DETECTION,src/tracking/advanced_tracker.py:_activate_slot,304_658_308_913_465
S,3,304,DETECTION,src/tracking/advanced_tracker.py:_activate_slot,304_463_759_732_876
S,4,304,DETECTION,src/tracking/advanced_tracker.py:_activate_slot,304_420_656_746_822
S,5,304,DETECTION,src/tracking/advanced_tracker.py:_activate_slot,304_248_436_493_543
S,9,304,DETECTION,src/tracking/advanced_tracker.py:_activate_slot,304_136_1318_376_1435
S,6,304,PREDICTION,src/tracking/advanced_tracker.py:kalman_homography,
D,6,304
S,5,304,PREDICTION,src/tracking/advanced_tracker.py:id_merge,
L,0,304,DETECTION,src/tracking/advanced_tracker.py:_activate_slot,304_534_559_834_684
R,DETECTION,DETECTION,1
L,1,304,DETECTION,src/tracking/advanced_tracker.py:_activate_slot,304_658_308_913_465
R,CLAMP,CLAMP,0
L,3,304,DETECTION,src/tracking/advanced_tracker.py:_activate_slot,304_463_759_732_876
R,CLAMP,CLAMP,0
L,4,304,DETECTION,src/tracking/advanced_tracker.py:_activate_slot,304_420_656_746_822
R,DETECTION,DETECTION,1
L,5,304,PREDICTION,src/tracking/advanced_tracker.py:id_merge,
R,CLAMP,CLAMP,0
L,9,304,DETECTION,src/tracking/advanced_tracker.py:_activate_slot,304_136_1318_376_1435
R,CLAMP,CLAMP,0
A,304
S,0,307,DETECTION,src/tracking/advanced_tracker.py:_activate_slot,307_550_541_856_693
S,1,307,DETECTION,src/tracking/advanced_tracker.py:_activate_slot,307_677_303_917_462
S,2,307,DETECTION,src/tracking/advanced_tracker.py:_activate_slot,307_297_828_557_948
S,3,307,DETECTION,src/tracking/advanced_tracker.py:_activate_slot,307_451_769_759_886
S,4,307,DETECTION,src/tracking/advanced_tracker.py:_activate_slot,307_409_627_748_790
S,5,307,DETECTION,src/tracking/advanced_tracker.py:_activate_slot,307_247_433_505_541
S,9,307,DETECTION,src/tracking/advanced_tracker.py:_activate_slot,307_138_1362_378_1476
S,6,307,PREDICTION,src/tracking/advanced_tracker.py:flow_gapfill_batched,
S,7,307,PREDICTION,src/tracking/advanced_tracker.py:flow_gapfill_batched,
D,6,307
S,5,307,PREDICTION,src/tracking/advanced_tracker.py:id_merge,
L,0,307,DETECTION,src/tracking/advanced_tracker.py:_activate_slot,307_550_541_856_693
R,DETECTION,DETECTION,1
L,1,307,DETECTION,src/tracking/advanced_tracker.py:_activate_slot,307_677_303_917_462
R,CLAMP,CLAMP,0
L,2,307,DETECTION,src/tracking/advanced_tracker.py:_activate_slot,307_297_828_557_948
R,CLAMP,CLAMP,0
L,3,307,DETECTION,src/tracking/advanced_tracker.py:_activate_slot,307_451_769_759_886
R,CLAMP,CLAMP,0
L,4,307,DETECTION,src/tracking/advanced_tracker.py:_activate_slot,307_409_627_748_790
R,DETECTION,DETECTION,1
L,5,307,PREDICTION,src/tracking/advanced_tracker.py:id_merge,
R,CLAMP,CLAMP,0
L,7,307,PREDICTION,src/tracking/advanced_tracker.py:flow_gapfill_batched,
R,PREDICTION,PREDICTION,1
L,9,307,DETECTION,src/tracking/advanced_tracker.py:_activate_slot,307_138_1362_378_1476
R,CLAMP,CLAMP,0
A,307
S,1,310,DETECTION,src/tracking/advanced_tracker.py:_activate_slot,310_702_317_910_460
S,2,310,DETECTION,src/tracking/advanced_tracker.py:_activate_slot,310_325_828_553_933
S,3,310,DETECTION,src/tracking/advanced_tracker.py:_activate_slot,310_443_768_756_908
S,4,310,DETECTION,src/tracking/advanced_tracker.py:_activate_slot,310_451_628_753_790
S,9,310,PREDICTION,src/tracking/advanced_tracker.py:kalman_homography,
S,0,310,PREDICTION,src/tracking/advanced_tracker.py:flow_gapfill_batched,
S,5,310,PREDICTION,src/tracking/advanced_tracker.py:flow_gapfill_batched,
S,6,310,PREDICTION,src/tracking/advanced_tracker.py:flow_gapfill_batched,
D,6,310
S,5,310,PREDICTION,src/tracking/advanced_tracker.py:id_merge,
L,0,310,PREDICTION,src/tracking/advanced_tracker.py:flow_gapfill_batched,
R,PREDICTION,PREDICTION,1
L,1,310,DETECTION,src/tracking/advanced_tracker.py:_activate_slot,310_702_317_910_460
R,CLAMP,CLAMP,0
L,2,310,DETECTION,src/tracking/advanced_tracker.py:_activate_slot,310_325_828_553_933
R,CLAMP,CLAMP,0
L,3,310,DETECTION,src/tracking/advanced_tracker.py:_activate_slot,310_443_768_756_908
R,CLAMP,CLAMP,0
L,4,310,DETECTION,src/tracking/advanced_tracker.py:_activate_slot,310_451_628_753_790
R,DETECTION,DETECTION,1
L,5,310,PREDICTION,src/tracking/advanced_tracker.py:id_merge,
R,CLAMP,CLAMP,0
L,9,310,PREDICTION,src/tracking/advanced_tracker.py:kalman_homography,
R,CLAMP,CLAMP,0
A,310
S,0,313,DETECTION,src/tracking/advanced_tracker.py:_activate_slot,313_507_612_666_725
S,1,313,DETECTION,src/tracking/advanced_tracker.py:_activate_slot,313_720_316_920_452
S,2,313,DETECTION,src/tracking/advanced_tracker.py:_activate_slot,313_349_803_534_924
S,4,313,DETECTION,src/tracking/advanced_tracker.py:_activate_slot,313_544_641_763_790
S,9,313,DETECTION,src/tracking/advanced_tracker.py:_activate_slot,313_139_1431_403_1551
S,3,313,PREDICTION,src/tracking/advanced_tracker.py:flow_gapfill_batched,
S,5,313,PREDICTION,src/tracking/advanced_tracker.py:flow_gapfill_batched,
S,6,313,PREDICTION,src/tracking/advanced_tracker.py:flow_gapfill_batched,
D,0,313
S,2,313,PREDICTION,src/tracking/advanced_tracker.py:id_merge,
D,6,313
S,5,313,PREDICTION,src/tracking/advanced_tracker.py:id_merge,
L,1,313,DETECTION,src/tracking/advanced_tracker.py:_activate_slot,313_720_316_920_452
R,CLAMP,CLAMP,0
L,2,313,PREDICTION,src/tracking/advanced_tracker.py:id_merge,
R,CLAMP,CLAMP,0
L,3,313,PREDICTION,src/tracking/advanced_tracker.py:flow_gapfill_batched,
R,CLAMP,CLAMP,0
L,4,313,DETECTION,src/tracking/advanced_tracker.py:_activate_slot,313_544_641_763_790
R,DETECTION,DETECTION,1
L,5,313,PREDICTION,src/tracking/advanced_tracker.py:id_merge,
R,CLAMP,CLAMP,0
L,9,313,DETECTION,src/tracking/advanced_tracker.py:_activate_slot,313_139_1431_403_1551
R,CLAMP,CLAMP,0
A,313
S,3,316,DETECTION,src/tracking/advanced_tracker.py:_activate_slot,316_370_724_661_886
S,9,316,DETECTION,src/tracking/advanced_tracker.py:_activate_slot,316_132_1464_414_1584
S,0,316,PREDICTION,src/tracking/advanced_tracker.py:kalman_homography,
S,2,316,PREDICTION,src/tracking/advanced_tracker.py:kalman_homography,
S,1,316,PREDICTION,src/tracking/advanced_tracker.py:flow_gapfill_batched,
S,4,316,PREDICTION,src/tracking/advanced_tracker.py:flow_gapfill_batched,
S,5,316,PREDICTION,src/tracking/advanced_tracker.py:flow_gapfill_batched,
S,6,316,PREDICTION,src/tracking/advanced_tracker.py:flow_gapfill_batched,
D,0,316
S,2,316,PREDICTION,src/tracking/advanced_tracker.py:id_merge,
D,6,316
S,5,316,PREDICTION,src/tracking/advanced_tracker.py:id_merge,
L,1,316,PREDICTION,src/tracking/advanced_tracker.py:flow_gapfill_batched,
R,CLAMP,CLAMP,0
L,2,316,PREDICTION,src/tracking/advanced_tracker.py:id_merge,
R,CLAMP,CLAMP,0
L,3,316,DETECTION,src/tracking/advanced_tracker.py:_activate_slot,316_370_724_661_886
R,DETECTION,DETECTION,1
L,4,316,PREDICTION,src/tracking/advanced_tracker.py:flow_gapfill_batched,
R,PREDICTION,PREDICTION,1
L,5,316,PREDICTION,src/tracking/advanced_tracker.py:id_merge,
R,CLAMP,CLAMP,0
L,9,316,DETECTION,src/tracking/advanced_tracker.py:_activate_slot,316_132_1464_414_1584
R,CLAMP,CLAMP,0
A,316
S,3,319,DETECTION,src/tracking/advanced_tracker.py:_activate_slot,319_368_742_689_888
S,1,319,DETECTION,src/tracking/advanced_tracker.py:_activate_slot,319_745_319_916_447
S,2,319,DETECTION,src/tracking/advanced_tracker.py:_activate_slot,319_370_774_588_888
S,9,319,CLAMP,src/tracking/advanced_tracker.py:_activate_slot,319_89_874_360_979
S,8,319,DETECTION,src/tracking/advanced_tracker.py:_activate_slot,319_160_918_477_1047
S,0,319,PREDICTION,src/tracking/advanced_tracker.py:kalman_homography,
S,4,319,PREDICTION,src/tracking/advanced_tracker.py:flow_gapfill_batched,
S,5,319,PREDICTION,src/tracking/advanced_tracker.py:flow_gapfill_batched,
S,6,319,PREDICTION,src/tracking/advanced_tracker.py:flow_gapfill_batched,
D,0,319
S,2,319,PREDICTION,src/tracking/advanced_tracker.py:id_merge,
D,4,319
S,2,319,PREDICTION,src/tracking/advanced_tracker.py:id_merge,
D,6,319
S,5,319,PREDICTION,src/tracking/advanced_tracker.py:id_merge,
L,1,319,DETECTION,src/tracking/advanced_tracker.py:_activate_slot,319_745_319_916_447
R,CLAMP,CLAMP,0
L,2,319,PREDICTION,src/tracking/advanced_tracker.py:id_merge,
R,CLAMP,CLAMP,0
L,3,319,DETECTION,src/tracking/advanced_tracker.py:_activate_slot,319_368_742_689_888
R,DETECTION,DETECTION,1
L,5,319,PREDICTION,src/tracking/advanced_tracker.py:id_merge,
R,CLAMP,CLAMP,0
L,8,319,DETECTION,src/tracking/advanced_tracker.py:_activate_slot,319_160_918_477_1047
R,DETECTION,DETECTION,1
L,9,319,CLAMP,src/tracking/advanced_tracker.py:_activate_slot,319_89_874_360_979
R,CLAMP,CLAMP,0
A,319
S,3,322,DETECTION,src/tracking/advanced_tracker.py:_activate_slot,322_335_751_686_898
S,1,322,DETECTION,src/tracking/advanced_tracker.py:_activate_slot,322_753_334_916_459
S,8,322,DETECTION,src/tracking/advanced_tracker.py:_activate_slot,322_154_939_460_1073
S,9,322,CLAMP,src/tracking/advanced_tracker.py:_activate_slot,322_94_890_361_993
S,0,322,PREDICTION,src/tracking/advanced_tracker.py:kalman_homography,
S,2,322,PREDICTION,src/tracking/advanced_tracker.py:kalman_homography,
S,4,322,PREDICTION,src/tracking/advanced_tracker.py:flow_gapfill_batched,
S,5,322,PREDICTION,src/tracking/advanced_tracker.py:flow_gapfill_batched,
S,6,322,PREDICTION,src/tracking/advanced_tracker.py:flow_gapfill_batched,
D,6,322
S,5,322,PREDICTION,src/tracking/advanced_tracker.py:id_merge,
L,0,322,PREDICTION,src/tracking/advanced_tracker.py:kalman_homography,
R,CLAMP,CLAMP,0
L,1,322,DETECTION,src/tracking/advanced_tracker.py:_activate_slot,322_753_334_916_459
R,CLAMP,CLAMP,0
L,2,322,PREDICTION,src/tracking/advanced_tracker.py:kalman_homography,
R,CLAMP,CLAMP,0
L,3,322,DETECTION,src/tracking/advanced_tracker.py:_activate_slot,322_335_751_686_898
R,DETECTION,DETECTION,1
L,4,322,PREDICTION,src/tracking/advanced_tracker.py:flow_gapfill_batched,
R,PREDICTION,PREDICTION,1
L,5,322,PREDICTION,src/tracking/advanced_tracker.py:id_merge,
R,CLAMP,CLAMP,0
L,8,322,DETECTION,src/tracking/advanced_tracker.py:_activate_slot,322_154_939_460_1073
R,DETECTION,DETECTION,1
L,9,322,CLAMP,src/tracking/advanced_tracker.py:_activate_slot,322_94_890_361_993
R,CLAMP,CLAMP,0
A,322
S,1,325,DETECTION,src/tracking/advanced_tracker.py:_activate_slot,325_756_351_906_467
S,8,325,DETECTION,src/tracking/advanced_tracker.py:_activate_slot,325_157_961_461_1096
S,0,325,PREDICTION,src/tracking/advanced_tracker.py:kalman_homography,
S,2,325,PREDICTION,src/tracking/advanced_tracker.py:kalman_homography,
S,3,325,PREDICTION,src/tracking/advanced_tracker.py:kalman_homography,
S,9,325,PREDICTION,src/tracking/advanced_tracker.py:kalman_homography,
S,4,325,PREDICTION,src/tracking/advanced_tracker.py:flow_gapfill_batched,
S,5,325,PREDICTION,src/tracking/advanced_tracker.py:flow_gapfill_batched,
S,6,325,PREDICTION,src/tracking/advanced_tracker.py:flow_gapfill_batched,
D,4,325
S,3,325,PREDICTION,src/tracking/advanced_tracker.py:id_merge,
D,6,325
S,5,325,PREDICTION,src/tracking/advanced_tracker.py:id_merge,
L,0,325,PREDICTION,src/tracking/advanced_tracker.py:kalman_homography,
R,CLAMP,CLAMP,0
L,1,325,DETECTION,src/tracking/advanced_tracker.py:_activate_slot,325_756_351_906_467
R,CLAMP,CLAMP,0
L,2,325,PREDICTION,src/tracking/advanced_tracker.py:kalman_homography,
R,CLAMP,CLAMP,0
L,3,325,PREDICTION,src/tracking/advanced_tracker.py:id_merge,
R,PREDICTION,PREDICTION,1
L,5,325,PREDICTION,src/tracking/advanced_tracker.py:id_merge,
R,CLAMP,CLAMP,0
L,8,325,DETECTION,src/tracking/advanced_tracker.py:_activate_slot,325_157_961_461_1096
R,DETECTION,DETECTION,1
L,9,325,PREDICTION,src/tracking/advanced_tracker.py:kalman_homography,
R,PREDICTION,PREDICTION,1
A,325
S,1,328,DETECTION,src/tracking/advanced_tracker.py:_activate_slot,328_771_369_921_480
S,8,328,DETECTION,src/tracking/advanced_tracker.py:_activate_slot,328_159_966_462_1128
S,7,328,DETECTION,src/tracking/advanced_tracker.py:_activate_slot,328_181_1083_392_1194
S,0,328,PREDICTION,src/tracking/advanced_tracker.py:kalman_homography,
S,2,328,PREDICTION,src/tracking/advanced_tracker.py:kalman_homography,
S,3,328,PREDICTION,src/tracking/advanced_tracker.py:kalman_homography,
S,9,328,PREDICTION,src/tracking/advanced_tracker.py:kalman_homography,
S,4,328,PREDICTION,src/tracking/advanced_tracker.py:flow_gapfill_batched,
S,5,328,PREDICTION,src/tracking/advanced_tracker.py:flow_gapfill_batched,
D,4,328
S,2,328,PREDICTION,src/tracking/advanced_tracker.py:id_merge,
D,7,328
S,8,328,PREDICTION,src/tracking/advanced_tracker.py:id_merge,
L,0,328,PREDICTION,src/tracking/advanced_tracker.py:kalman_homography,
R,CLAMP,CLAMP,0
L,1,328,DETECTION,src/tracking/advanced_tracker.py:_activate_slot,328_771_369_921_480
R,CLAMP,CLAMP,0
L,2,328,PREDICTION,src/tracking/advanced_tracker.py:id_merge,
R,CLAMP,CLAMP,0
L,3,328,PREDICTION,src/tracking/advanced_tracker.py:kalman_homography,
R,PREDICTION,PREDICTION,1
L,5,328,PREDICTION,src/tracking/advanced_tracker.py:flow_gapfill_batched,
R,CLAMP,CLAMP,0
L,8,328,PREDICTION,src/tracking/advanced_tracker.py:id_merge,
R,PREDICTION,PREDICTION,1
L,9,328,PREDICTION,src/tracking/advanced_tracker.py:kalman_homography,
R,PREDICTION,PREDICTION,1
A,328
S,3,331,DETECTION,src/tracking/advanced_tracker.py:_activate_slot,331_363_798_648_921
S,8,331,DETECTION,src/tracking/advanced_tracker.py:_activate_slot,331_159_978_465_1140
S,7,331,DETECTION,src/tracking/advanced_tracker.py:_activate_slot,331_175_1086_394_1194
S,0,331,PREDICTION,src/tracking/advanced_tracker.py:kalman_homography,
S,2,331,PREDICTION,src/tracking/advanced_tracker.py:kalman_homography,
S,1,331,PREDICTION,src/tracking/advanced_tracker.py:flow_gapfill_batched,
S,4,331,PREDICTION,src/tracking/advanced_tracker.py:flow_gapfill_batched,
S,5,331,PREDICTION,src/tracking/advanced_tracker.py:flow_gapfill_batched,
S,9,331,PREDICTION,src/tracking/advanced_tracker.py:flow_gapfill_batched,
D,4,331
S,3,331,PREDICTION,src/tracking/advanced_tracker.py:id_merge,
D,7,331
S,8,331,PREDICTION,src/tracking/advanced_tracker.py:id_merge,
L,0,331,PREDICTION,src/tracking/advanced_tracker.py:kalman_homography,
R,CLAMP,CLAMP,0
L,1,331,PREDICTION,src/tracking/advanced_tracker.py:flow_gapfill_batched,
R,CLAMP,CLAMP,0
L,2,331,PREDICTION,src/tracking/advanced_tracker.py:kalman_homography,
R,CLAMP,CLAMP,0
L,3,331,PREDICTION,src/tracking/advanced_tracker.py:id_merge,
R,PREDICTION,PREDICTION,1
L,5,331,PREDICTION,src/tracking/advanced_tracker.py:flow_gapfill_batched,
R,CLAMP,CLAMP,0
L,8,331,PREDICTION,src/tracking/advanced_tracker.py:id_merge,
R,PREDICTION,PREDICTION,1
L,9,331,PREDICTION,src/tracking/advanced_tracker.py:flow_gapfill_batched,
R,CLAMP,CLAMP,0
A,331
S,1,334,DETECTION,src/tracking/advanced_tracker.py:_activate_slot,334_765_396_915_507
S,3,334,DETECTION,src/tracking/advanced_tracker.py:_activate_slot,334_364_792_661_924
S,7,334,DETECTION,src/tracking/advanced_tracker.py:_activate_slot,334_162_705_620_825
S,8,334,DETECTION,src/tracking/advanced_tracker.py:_activate_slot,334_154_978_463_1143
S,0,334,PREDICTION,src/tracking/advanced_tracker.py:kalman_homography,
S,2,334,PREDICTION,src/tracking/advanced_tracker.py:kalman_homography,
S,4,334,PREDICTION,src/tracking/advanced_tracker.py:flow_gapfill_batched,
S,9,334,PREDICTION,src/tracking/advanced_tracker.py:flow_gapfill_batched,
D,4,334
S,3,334,PREDICTION,src/tracking/advanced_tracker.py:id_merge,
D,7,334
S,8,334,PREDICTION,src/tracking/advanced_tracker.py:id_merge,
L,0,334,PREDICTION,src/tracking/advanced_tracker.py:kalman_homography,
R,CLAMP,CLAMP,0
L,1,334,DETECTION,src/tracking/advanced_tracker.py:_activate_slot,334_765_396_915_507
R,CLAMP,CLAMP,0
L,2,334,PREDICTION,src/tracking/advanced_tracker.py:kalman_homography,
R,CLAMP,CLAMP,0
L,3,334,PREDICTION,src/tracking/advanced_tracker.py:id_merge,
R,PREDICTION,PREDICTION,1
L,8,334,PREDICTION,src/tracking/advanced_tracker.py:id_merge,
R,PREDICTION,PREDICTION,1
L,9,334,PREDICTION,src/tracking/advanced_tracker.py:flow_gapfill_batched,
R,CLAMP,CLAMP,0
A,334
S,3,337,DETECTION,src/tracking/advanced_tracker.py:_activate_slot,337_343_783_686_935
S,8,337,DETECTION,src/tracking/advanced_tracker.py:_activate_slot,337_159_998_464_1152
S,2,337,PREDICTION,src/tracking/advanced_tracker.py:kalman_homography,
S,7,337,PREDICTION,src/tracking/advanced_tracker.py:kalman_homography,
S,0,337,PREDICTION,src/tracking/advanced_tracker.py:flow_gapfill_batched,
S,1,337,PREDICTION,src/tracking/advanced_tracker.py:flow_gapfill_batched,
S,4,337,PREDICTION,src/tracking/advanced_tracker.py:flow_gapfill_batched,
S,9,337,PREDICTION,src/tracking/advanced_tracker.py:flow_gapfill_batched,
D,4,337
S,2,337,PREDICTION,src/tracking/advanced_tracker.py:id_merge,
L,0,337,PREDICTION,src/tracking/advanced_tracker.py:flow_gapfill_batched,
R,CLAMP,CLAMP,0
L,1,337,PREDICTION,src/tracking/advanced_tracker.py:flow_gapfill_batched,
R,CLAMP,CLAMP,0
L,2,337,PREDICTION,src/tracking/advanced_tracker.py:id_merge,
R,CLAMP,CLAMP,0
L,3,337,DETECTION,src/tracking/advanced_tracker.py:_activate_slot,337_343_783_686_935
R,DETECTION,DETECTION,1
L,7,337,PREDICTION,src/tracking/advanced_tracker.py:kalman_homography,
R,CLAMP,CLAMP,0
L,8,337,DETECTION,src/tracking/advanced_tracker.py:_activate_slot,337_159_998_464_1152
R,DETECTION,DETECTION,1
L,9,337,PREDICTION,src/tracking/advanced_tracker.py:flow_gapfill_batched,
R,CLAMP,CLAMP,0
A,337
S,3,340,DETECTION,src/tracking/advanced_tracker.py:_activate_slot,340_351_795_682_936
S,8,340,DETECTION,src/tracking/advanced_tracker.py:_activate_slot,340_148_1023_466_1161
S,2,340,PREDICTION,src/tracking/advanced_tracker.py:kalman_homography,
S,7,340,PREDICTION,src/tracking/advanced_tracker.py:kalman_homography,
S,1,340,PREDICTION,src/tracking/advanced_tracker.py:flow_gapfill_batched,
S,9,340,PREDICTION,src/tracking/advanced_tracker.py:flow_gapfill_batched,
L,1,340,PREDICTION,src/tracking/advanced_tracker.py:flow_gapfill_batched,
R,CLAMP,CLAMP,0
L,2,340,PREDICTION,src/tracking/advanced_tracker.py:kalman_homography,
R,CLAMP,CLAMP,0
L,3,340,DETECTION,src/tracking/advanced_tracker.py:_activate_slot,340_351_795_682_936
R,DETECTION,DETECTION,1
L,7,340,PREDICTION,src/tracking/advanced_tracker.py:kalman_homography,
R,CLAMP,CLAMP,0
L,8,340,DETECTION,src/tracking/advanced_tracker.py:_activate_slot,340_148_1023_466_1161
R,DETECTION,DETECTION,1
L,9,340,PREDICTION,src/tracking/advanced_tracker.py:flow_gapfill_batched,
R,CLAMP,CLAMP,0
A,340
S,8,343,DETECTION,src/tracking/advanced_tracker.py:_activate_slot,343_138_1038_474_1179
S,3,343,PREDICTION,src/tracking/advanced_tracker.py:kalman_homography,
S,1,343,PREDICTION,src/tracking/advanced_tracker.py:flow_gapfill_batched,
S,2,343,PREDICTION,src/tracking/advanced_tracker.py:flow_gapfill_batched,
S,7,343,PREDICTION,src/tracking/advanced_tracker.py:flow_gapfill_batched,
S,9,343,PREDICTION,src/tracking/advanced_tracker.py:flow_gapfill_batched,
D,9,343
S,7,343,PREDICTION,src/tracking/advanced_tracker.py:id_merge,
L,1,343,PREDICTION,src/tracking/advanced_tracker.py:flow_gapfill_batched,
R,CLAMP,CLAMP,0
L,2,343,PREDICTION,src/tracking/advanced_tracker.py:flow_gapfill_batched,
R,CLAMP,CLAMP,0
L,3,343,PREDICTION,src/tracking/advanced_tracker.py:kalman_homography,
R,PREDICTION,PREDICTION,1
L,7,343,PREDICTION,src/tracking/advanced_tracker.py:id_merge,
R,CLAMP,CLAMP,0
L,8,343,DETECTION,src/tracking/advanced_tracker.py:_activate_slot,343_138_1038_474_1179
R,DETECTION,DETECTION,1
A,343
S,8,346,DETECTION,src/tracking/advanced_tracker.py:_activate_slot,346_139_1051_484_1177
S,6,346,DETECTION,src/tracking/advanced_tracker.py:_activate_slot,346_96_891_387_1014
S,3,346,PREDICTION,src/tracking/advanced_tracker.py:kalman_homography,
S,1,346,PREDICTION,src/tracking/advanced_tracker.py:flow_gapfill_batched,
S,7,346,PREDICTION,src/tracking/advanced_tracker.py:flow_gapfill_batched,
S,9,346,PREDICTION,src/tracking/advanced_tracker.py:flow_gapfill_batched,
D,7,346
S,6,346,PREDICTION,src/tracking/advanced_tracker.py:id_merge,
D,9,346
S,6,346,PREDICTION,src/tracking/advanced_tracker.py:id_merge,
L,1,346,PREDICTION,src/tracking/advanced_tracker.py:flow_gapfill_batched,
R,CLAMP,CLAMP,0
L,3,346,PREDICTION,src/tracking/advanced_tracker.py:kalman_homography,
R,PREDICTION,PREDICTION,1
L,6,346,PREDICTION,src/tracking/advanced_tracker.py:id_merge,
R,CLAMP,CLAMP,0
L,8,346,DETECTION,src/tracking/advanced_tracker.py:_activate_slot,346_139_1051_484_1177
R,DETECTION,DETECTION,1
A,346
S,6,349,DETECTION,src/tracking/advanced_tracker.py:_activate_slot,349_98_895_388_1012
S,8,349,DETECTION,src/tracking/advanced_tracker.py:_activate_slot,349_151_1042_494_1180
S,3,349,PREDICTION,src/tracking/advanced_tracker.py:kalman_homography,
S,1,349,PREDICTION,src/tracking/advanced_tracker.py:flow_gapfill_batched,
S,7,349,PREDICTION,src/tracking/advanced_tracker.py:flow_gapfill_batched,
D,7,349
S,6,349,PREDICTION,src/tracking/advanced_tracker.py:id_merge,
L,1,349,PREDICTION,src/tracking/advanced_tracker.py:flow_gapfill_batched,
R,CLAMP,CLAMP,0
L,3,349,PREDICTION,src/tracking/advanced_tracker.py:kalman_homography,
R,PREDICTION,PREDICTION,1
L,6,349,PREDICTION,src/tracking/advanced_tracker.py:id_merge,
R,CLAMP,CLAMP,0
L,8,349,DETECTION,src/tracking/advanced_tracker.py:_activate_slot,349_151_1042_494_1180
R,DETECTION,DETECTION,1
A,349
S,6,352,DETECTION,src/tracking/advanced_tracker.py:_activate_slot,352_102_903_399_1018
S,8,352,DETECTION,src/tracking/advanced_tracker.py:_activate_slot,352_162_1050_502_1181
S,5,352,DETECTION,src/tracking/advanced_tracker.py:_activate_slot,352_212_1492_414_1600
S,3,352,PREDICTION,src/tracking/advanced_tracker.py:kalman_homography,
S,1,352,PREDICTION,src/tracking/advanced_tracker.py:flow_gapfill_batched,
S,7,352,PREDICTION,src/tracking/advanced_tracker.py:flow_gapfill_batched,
D,7,352
S,6,352,PREDICTION,src/tracking/advanced_tracker.py:id_merge,
L,1,352,PREDICTION,src/tracking/advanced_tracker.py:flow_gapfill_batched,
R,CLAMP,CLAMP,0
L,3,352,PREDICTION,src/tracking/advanced_tracker.py:kalman_homography,
R,PREDICTION,PREDICTION,1
L,5,352,DETECTION,src/tracking/advanced_tracker.py:_activate_slot,352_212_1492_414_1600
R,CLAMP,CLAMP,0
L,6,352,PREDICTION,src/tracking/advanced_tracker.py:id_merge,
R,CLAMP,CLAMP,0
L,8,352,DETECTION,src/tracking/advanced_tracker.py:_activate_slot,352_162_1050_502_1181
R,DETECTION,DETECTION,1
A,352
S,5,355,DETECTION,src/tracking/advanced_tracker.py:_activate_slot,355_212_1494_423_1605
S,6,355,DETECTION,src/tracking/advanced_tracker.py:_activate_slot,355_112_903_413_1026
S,8,355,DETECTION,src/tracking/advanced_tracker.py:_activate_slot,355_169_1056_505_1181
S,3,355,PREDICTION,src/tracking/advanced_tracker.py:kalman_homography,
S,1,355,PREDICTION,src/tracking/advanced_tracker.py:flow_gapfill_batched,
S,7,355,PREDICTION,src/tracking/advanced_tracker.py:flow_gapfill_batched,
D,7,355
S,6,355,PREDICTION,src/tracking/advanced_tracker.py:id_merge,
L,1,355,PREDICTION,src/tracking/advanced_tracker.py:flow_gapfill_batched,
R,CLAMP,CLAMP,0
L,3,355,PREDICTION,src/tracking/advanced_tracker.py:kalman_homography,
R,PREDICTION,PREDICTION,1
L,5,355,DETECTION,src/tracking/advanced_tracker.py:_activate_slot,355_212_1494_423_1605
R,CLAMP,CLAMP,0
L,6,355,PREDICTION,src/tracking/advanced_tracker.py:id_merge,
R,CLAMP,CLAMP,0
L,8,355,DETECTION,src/tracking/advanced_tracker.py:_activate_slot,355_169_1056_505_1181
R,DETECTION,DETECTION,1
A,355
S,6,358,DETECTION,src/tracking/advanced_tracker.py:_activate_slot,358_122_916_404_1027
S,8,358,DETECTION,src/tracking/advanced_tracker.py:_activate_slot,358_173_1060_516_1185
S,5,358,DETECTION,src/tracking/advanced_tracker.py:_activate_slot,358_217_1498_424_1606
S,3,358,PREDICTION,src/tracking/advanced_tracker.py:kalman_homography,
S,1,358,PREDICTION,src/tracking/advanced_tracker.py:flow_gapfill_batched,
S,7,358,PREDICTION,src/tracking/advanced_tracker.py:flow_gapfill_batched,
D,7,358
S,6,358,PREDICTION,src/tracking/advanced_tracker.py:id_merge,
L,1,358,PREDICTION,src/tracking/advanced_tracker.py:flow_gapfill_batched,
R,CLAMP,CLAMP,0
L,3,358,PREDICTION,src/tracking/advanced_tracker.py:kalman_homography,
R,PREDICTION,PREDICTION,1
L,5,358,DETECTION,src/tracking/advanced_tracker.py:_activate_slot,358_217_1498_424_1606
R,CLAMP,CLAMP,0
L,6,358,PREDICTION,src/tracking/advanced_tracker.py:id_merge,
R,CLAMP,CLAMP,0
L,8,358,DETECTION,src/tracking/advanced_tracker.py:_activate_slot,358_173_1060_516_1185
R,DETECTION,DETECTION,1
A,358
S,5,361,DETECTION,src/tracking/advanced_tracker.py:_activate_slot,361_267_694_584_912
S,8,361,DETECTION,src/tracking/advanced_tracker.py:_activate_slot,361_175_1060_520_1198
S,6,361,DETECTION,src/tracking/advanced_tracker.py:_activate_slot,361_127_922_404_1030
S,3,361,PREDICTION,src/tracking/advanced_tracker.py:kalman_homography,
L,3,361,PREDICTION,src/tracking/advanced_tracker.py:kalman_homography,
R,PREDICTION,PREDICTION,1
L,5,361,DETECTION,src/tracking/advanced_tracker.py:_activate_slot,361_267_694_584_912
R,DETECTION,DETECTION,1
L,6,361,DETECTION,src/tracking/advanced_tracker.py:_activate_slot,361_127_922_404_1030
R,CLAMP,CLAMP,0
L,8,361,DETECTION,src/tracking/advanced_tracker.py:_activate_slot,361_175_1060_520_1198
R,DETECTION,DETECTION,1
A,361
S,6,364,DETECTION,src/tracking/advanced_tracker.py:_activate_slot,364_132_924_423_1035
S,8,364,DETECTION,src/tracking/advanced_tracker.py:_activate_slot,364_177_1063_524_1204
S,5,364,PREDICTION,src/tracking/advanced_tracker.py:kalman_homography,
S,3,364,PREDICTION,src/tracking/advanced_tracker.py:flow_gapfill_batched,
L,3,364,PREDICTION,src/tracking/advanced_tracker.py:flow_gapfill_batched,
R,PREDICTION,PREDICTION,1
L,5,364,PREDICTION,src/tracking/advanced_tracker.py:kalman_homography,
R,CLAMP,CLAMP,0
L,6,364,DETECTION,src/tracking/advanced_tracker.py:_activate_slot,364_132_924_423_1035
R,CLAMP,CLAMP,0
L,8,364,DETECTION,src/tracking/advanced_tracker.py:_activate_slot,364_177_1063_524_1204
R,DETECTION,DETECTION,1
A,364
S,0,367,DETECTION,src/tracking/advanced_tracker.py:_activate_slot,367_594_510_812_640
S,6,367,DETECTION,src/tracking/advanced_tracker.py:_activate_slot,367_131_921_423_1041
S,7,367,CLAMP,src/tracking/advanced_tracker.py:_activate_slot,367_218_1512_426_1614
S,8,367,DETECTION,src/tracking/advanced_tracker.py:_activate_slot,367_178_1071_529_1212
S,9,367,DETECTION,src/tracking/advanced_tracker.py:_activate_slot,367_184_994_422_1102
S,5,367,PREDICTION,src/tracking/advanced_tracker.py:flow_gapfill_batched,
D,5,367
S,6,367,PREDICTION,src/tracking/advanced_tracker.py:id_merge,
D,6,367
S,7,367,PREDICTION,src/tracking/advanced_tracker.py:id_merge,
L,0,367,DETECTION,src/tracking/advanced_tracker.py:_activate_slot,367_594_510_812_640
R,DETECTION,DETECTION,1
L,7,367,PREDICTION,src/tracking/advanced_tracker.py:id_merge,
R,CLAMP,CLAMP,0
L,8,367,DETECTION,src/tracking/advanced_tracker.py:_activate_slot,367_178_1071_529_1212
R,DETECTION,DETECTION,1
L,9,367,DETECTION,src/tracking/advanced_tracker.py:_activate_slot,367_184_994_422_1102
R,CLAMP,CLAMP,0
A,367
S,0,370,DETECTION,src/tracking/advanced_tracker.py:_activate_slot,370_621_512_812_653
S,6,370,DETECTION,src/tracking/advanced_tracker.py:_activate_slot,370_131_922_424_1042
S,8,370,DETECTION,src/tracking/advanced_tracker.py:_activate_slot,370_180_1074_547_1215
S,9,370,DETECTION,src/tracking/advanced_tracker.py:_activate_slot,370_186_991_431_1111
S,2,370,DETECTION,src/tracking/advanced_tracker.py:_activate_slot,370_397_740_720_906
S,5,370,PREDICTION,src/tracking/advanced_tracker.py:flow_gapfill_batched,
S,7,370,PREDICTION,src/tracking/advanced_tracker.py:flow_gapfill_batched,
D,5,370
S,9,370,PREDICTION,src/tracking/advanced_tracker.py:id_merge,
D,6,370
S,9,370,PREDICTION,src/tracking/advanced_tracker.py:id_merge,
L,0,370,DETECTION,src/tracking/advanced_tracker.py:_activate_slot,370_621_512_812_653
R,DETECTION,DETECTION,1
L,2,370,DETECTION,src/tracking/advanced_tracker.py:_activate_slot,370_397_740_720_906
R,CLAMP,CLAMP,0
L,7,370,PREDICTION,src/tracking/advanced_tracker.py:flow_gapfill_batched,
R,PREDICTION,PREDICTION,1
L,8,370,DETECTION,src/tracking/advanced_tracker.py:_activate_slot,370_180_1074_547_1215
R,DETECTION,DETECTION,1
L,9,370,PREDICTION,src/tracking/advanced_tracker.py:id_merge,
R,CLAMP,CLAMP,0
A,370
S,2,373,DETECTION,src/tracking/advanced_tracker.py:_activate_slot,373_411_752_729_912
S,0,373,DETECTION,src/tracking/advanced_tracker.py:_activate_slot,373_634_517_808_658
S,6,373,DETECTION,src/tracking/advanced_tracker.py:_activate_slot,373_135_934_408_1045
S,7,373,DETECTION,src/tracking/advanced_tracker.py:_activate_slot,373_188_993_429_1113
S,8,373,DETECTION,src/tracking/advanced_tracker.py:_activate_slot,373_184_1078_537_1218
S,9,373,PREDICTION,src/tracking/advanced_tracker.py:kalman_homography,
S,5,373,PREDICTION,src/tracking/advanced_tracker.py:flow_gapfill_batched,
D,5,373
S,7,373,PREDICTION,src/tracking/advanced_tracker.py:id_merge,
D,9,373
S,7,373,PREDICTION,src/tracking/advanced_tracker.py:id_merge,
L,0,373,DETECTION,src/tracking/advanced_tracker.py:_activate_slot,373_634_517_808_658
R,DETECTION,DETECTION,1
L,2,373,DETECTION,src/tracking/advanced_tracker.py:_activate_slot,373_411_752_729_912
R,CLAMP,CLAMP,0
L,6,373,DETECTION,src/tracking/advanced_tracker.py:_activate_slot,373_135_934_408_1045
R,CLAMP,CLAMP,0
L,7,373,PREDICTION,src/tracking/advanced_tracker.py:id_merge,
R,CLAMP,CLAMP,0
L,8,373,DETECTION,src/tracking/advanced_tracker.py:_activate_slot,373_184_1078_537_1218
R,DETECTION,DETECTION,1
A,373
S,3,376,DETECTION,src/tracking/advanced_tracker.py:_activate_slot,376_417_757_732_916
S,2,376,DETECTION,src/tracking/advanced_tracker.py:_activate_slot,376_433_783_711_916
S,7,376,DETECTION,src/tracking/advanced_tracker.py:_activate_slot,376_145_730_416_868
S,8,376,DETECTION,src/tracking/advanced_tracker.py:_activate_slot,376_200_1084_546_1224
S,6,376,DETECTION,src/tracking/advanced_tracker.py:_activate_slot,376_134_933_414_1050
S,9,376,DETECTION,src/tracking/advanced_tracker.py:_activate_slot,376_176_1005_422_1116
S,0,376,PREDICTION,src/tracking/advanced_tracker.py:kalman_homography,
S,5,376,PREDICTION,src/tracking/advanced_tracker.py:flow_gapfill_batched,
D,0,376
S,2,376,PREDICTION,src/tracking/advanced_tracker.py:id_merge,
D,2,376
S,3,376,PREDICTION,src/tracking/advanced_tracker.py:id_merge,
D,5,376
S,6,376,PREDICTION,src/tracking/advanced_tracker.py:id_merge,
D,6,376
S,9,376,PREDICTION,src/tracking/advanced_tracker.py:id_merge,
L,3,376,PREDICTION,src/tracking/advanced_tracker.py:id_merge,
R,PREDICTION,PREDICTION,1
L,7,376,DETECTION,src/tracking/advanced_tracker.py:_activate_slot,376_145_730_416_868
R,CLAMP,CLAMP,0
L,8,376,DETECTION,src/tracking/advanced_tracker.py:_activate_slot,376_200_1084_546_1224
R,DETECTION,DETECTION,1
L,9,376,PREDICTION,src/tracking/advanced_tracker.py:id_merge,
R,CLAMP,CLAMP,0
A,376
S,3,379,DETECTION,src/tracking/advanced_tracker.py:_activate_slot,379_438_789_726_915
S,6,379,CLAMP,src/tracking/advanced_tracker.py:_activate_slot,379_219_1533_417_1644
S,8,379,DETECTION,src/tracking/advanced_tracker.py:_activate_slot,379_207_1090_552_1233
S,9,379,DETECTION,src/tracking/advanced_tracker.py:_activate_slot,379_164_1003_415_1123
S,0,379,PREDICTION,src/tracking/advanced_tracker.py:kalman_homography,
S,2,379,PREDICTION,src/tracking/advanced_tracker.py:kalman_homography,
S,7,379,PREDICTION,src/tracking/advanced_tracker.py:kalman_homography,
S,5,379,PREDICTION,src/tracking/advanced_tracker.py:flow_gapfill_batched,
D,0,379
S,3,379,PREDICTION,src/tracking/advanced_tracker.py:id_merge,
D,2,379
S,3,379,PREDICTION,src/tracking/advanced_tracker.py:id_merge,
D,5,379
S,9,379,PREDICTION,src/tracking/advanced_tracker.py:id_merge,
D,6,379
S,9,379,PREDICTION,src/tracking/advanced_tracker.py:id_merge,
L,3,379,PREDICTION,src/tracking/advanced_tracker.py:id_merge,
R,PREDICTION,PREDICTION,1
L,7,379,PREDICTION,src/tracking/advanced_tracker.py:kalman_homography,
R,CLAMP,CLAMP,0
L,8,379,DETECTION,src/tracking/advanced_tracker.py:_activate_slot,379_207_1090_552_1233
R,DETECTION,DETECTION,1
L,9,379,PREDICTION,src/tracking/advanced_tracker.py:id_merge,
R,CLAMP,CLAMP,0
A,379
S,3,382,DETECTION,src/tracking/advanced_tracker.py:_activate_slot,382_438_790_723_915
S,8,382,DETECTION,src/tracking/advanced_tracker.py:_activate_slot,382_198_1096_550_1252
S,9,382,DETECTION,src/tracking/advanced_tracker.py:_activate_slot,382_147_1010_416_1122
S,0,382,PREDICTION,src/tracking/advanced_tracker.py:kalman_homography,
S,2,382,PREDICTION,src/tracking/advanced_tracker.py:kalman_homography,
S,5,382,PREDICTION,src/tracking/advanced_tracker.py:flow_gapfill_batched,
S,6,382,PREDICTION,src/tracking/advanced_tracker.py:flow_gapfill_batched,
S,7,382,PREDICTION,src/tracking/advanced_tracker.py:flow_gapfill_batched,
D,5,382
S,9,382,PREDICTION,src/tracking/advanced_tracker.py:id_merge,
L,0,382,PREDICTION,src/tracking/advanced_tracker.py:kalman_homography,
R,CLAMP,CLAMP,0
L,2,382,PREDICTION,src/tracking/advanced_tracker.py:kalman_homography,
R,CLAMP,CLAMP,0
L,3,382,DETECTION,src/tracking/advanced_tracker.py:_activate_slot,382_438_790_723_915
R,DETECTION,DETECTION,1
L,6,382,PREDICTION,src/tracking/advanced_tracker.py:flow_gapfill_batched,
R,PREDICTION,PREDICTION,1
L,7,382,PREDICTION,src/tracking/advanced_tracker.py:flow_gapfill_batched,
R,CLAMP,CLAMP,0
L,8,382,DETECTION,src/tracking/advanced_tracker.py:_activate_slot,382_198_1096_550_1252
R,DETECTION,DETECTION,1
L,9,382,PREDICTION,src/tracking/advanced_tracker.py:id_merge,
R,CLAMP,CLAMP,0
A,382
S,3,385,DETECTION,src/tracking/advanced_tracker.py:_activate_slot,385_423_772_735_919
S,8,385,DETECTION,src/tracking/advanced_tracker.py:_activate_slot,385_204_1101_549_1261
S,9,385,DETECTION,src/tracking/advanced_tracker.py:_activate_slot,385_131_918_414_1068
S,0,385,PREDICTION,src/tracking/advanced_tracker.py:kalman_homography,
S,2,385,PREDICTION,src/tracking/advanced_tracker.py:flow_gapfill_batched,
S,5,385,PREDICTION,src/tracking/advanced_tracker.py:flow_gapfill_batched,
S,6,385,PREDICTION,src/tracking/advanced_tracker.py:flow_gapfill_batched,
S,7,385,PREDICTION,src/tracking/advanced_tracker.py:flow_gapfill_batched,
D,2,385
S,3,385,PREDICTION,src/tracking/advanced_tracker.py:id_merge,
D,5,385
S,9,385,PREDICTION,src/tracking/advanced_tracker.py:id_merge,
L,0,385,PREDICTION,src/tracking/advanced_tracker.py:kalman_homography,
R,CLAMP,CLAMP,0
L,3,385,PREDICTION,src/tracking/advanced_tracker.py:id_merge,
R,PREDICTION,PREDICTION,1
L,6,385,PREDICTION,src/tracking/advanced_tracker.py:flow_gapfill_batched,
R,PREDICTION,PREDICTION,1
L,7,385,PREDICTION,src/tracking/advanced_tracker.py:flow_gapfill_batched,
R,CLAMP,CLAMP,0
L,8,385,DETECTION,src/tracking/advanced_tracker.py:_activate_slot,385_204_1101_549_1261
R,DETECTION,DETECTION,1
L,9,385,PREDICTION,src/tracking/advanced_tracker.py:id_merge,
R,CLAMP,CLAMP,0
A,385
S,3,388,DETECTION,src/tracking/advanced_tracker.py:_activate_slot,388_437_808_726_921
S,8,388,DETECTION,src/tracking/advanced_tracker.py:_activate_slot,388_191_1105_552_1282
S,9,388,DETECTION,src/tracking/advanced_tracker.py:_activate_slot,388_130_921_414_1084
S,0,388,PREDICTION,src/tracking/advanced_tracker.py:kalman_homography,
S,2,388,PREDICTION,src/tracking/advanced_tracker.py:flow_gapfill_batched,
S,7,388,PREDICTION,src/tracking/advanced_tracker.py:flow_gapfill_batched,
L,0,388,PREDICTION,src/tracking/advanced_tracker.py:kalman_homography,
R,CLAMP,CLAMP,0
L,2,388,PREDICTION,src/tracking/advanced_tracker.py:flow_gapfill_batched,
R,CLAMP,CLAMP,0
L,3,388,DETECTION,src/tracking/advanced_tracker.py:_activate_slot,388_437_808_726_921
R,DETECTION,DETECTION,1
L,7,388,PREDICTION,src/tracking/advanced_tracker.py:flow_gapfill_batched,
R,CLAMP,CLAMP,0
L,8,388,DETECTION,src/tracking/advanced_tracker.py:_activate_slot,388_191_1105_552_1282
R,DETECTION,DETECTION,1
L,9,388,DETECTION,src/tracking/advanced_tracker.py:_activate_slot,388_130_921_414_1084
R,CLAMP,CLAMP,0
A,388
S,8,391,DETECTION,src/tracking/advanced_tracker.py:_activate_slot,391_211_1120_561_1258
S,9,391,DETECTION,src/tracking/advanced_tracker.py:_activate_slot,391_147_964_409_1084
S,3,391,PREDICTION,src/tracking/advanced_tracker.py:kalman_homography,
S,0,391,PREDICTION,src/tracking/advanced_tracker.py:flow_gapfill_batched,
S,2,391,PREDICTION,src/tracking/advanced_tracker.py:flow_gapfill_batched,
S,6,391,PREDICTION,src/tracking/advanced_tracker.py:flow_gapfill_batched,
S,7,391,PREDICTION,src/tracking/advanced_tracker.py:flow_gapfill_batched,
D,6,391
S,8,391,PREDICTION,src/tracking/advanced_tracker.py:id_merge,
L,0,391,PREDICTION,src/tracking/advanced_tracker.py:flow_gapfill_batched,
R,PREDICTION,PREDICTION,1
L,2,391,PREDICTION,src/tracking/advanced_tracker.py:flow_gapfill_batched,
R,CLAMP,CLAMP,0
L,3,391,PREDICTION,src/tracking/advanced_tracker.py:kalman_homography,
R,PREDICTION,PREDICTION,1
L,7,391,PREDICTION,src/tracking/advanced_tracker.py:flow_gapfill_batched,
R,CLAMP,CLAMP,0
L,8,391,PREDICTION,src/tracking/advanced_tracker.py:id_merge,
R,PREDICTION,PREDICTION,1
L,9,391,DETECTION,src/tracking/advanced_tracker.py:_activate_slot,391_147_964_409_1084
R,CLAMP,CLAMP,0
A,391
S,0,394,CLAMP,src/tracking/advanced_tracker.py:_activate_slot,394_388_1402_708_1633
S,1,394,DETECTION,src/tracking/advanced_tracker.py:_activate_slot,394_657_781_912_991
S,2,394,CLAMP,src/tracking/advanced_tracker.py:_activate_slot,394_437_855_772_1003
S,6,394,CLAMP,src/tracking/advanced_tracker.py:_activate_slot,394_203_1566_421_1677
S,8,394,CLAMP,src/tracking/advanced_tracker.py:_activate_slot,394_215_1114_567_1299
S,3,394,PREDICTION,src/tracking/advanced_tracker.py:kalman_homography,
S,9,394,PREDICTION,src/tracking/advanced_tracker.py:kalman_homography,
S,7,394,PREDICTION,src/tracking/advanced_tracker.py:flow_gapfill_batched,
D,3,394
S,1,394,PREDICTION,src/tracking/advanced_tracker.py:id_merge,
D,6,394
S,8,394,PREDICTION,src/tracking/advanced_tracker.py:id_merge,
D,7,394
S,9,394,PREDICTION,src/tracking/advanced_tracker.py:id_merge,
L,0,394,CLAMP,src/tracking/advanced_tracker.py:_activate_slot,394_388_1402_708_1633
R,CLAMP,CLAMP,0
L,1,394,PREDICTION,src/tracking/advanced_tracker.py:id_merge,
R,CLAMP,CLAMP,0
L,2,394,CLAMP,src/tracking/advanced_tracker.py:_activate_slot,394_437_855_772_1003
R,CLAMP,CLAMP,0
L,8,394,PREDICTION,src/tracking/advanced_tracker.py:id_merge,
R,PREDICTION,SUBPIXEL,0
L,9,394,PREDICTION,src/tracking/advanced_tracker.py:id_merge,
R,CLAMP,CLAMP,0
A,394
S,0,397,CLAMP,src/tracking/advanced_tracker.py:_activate_slot,397_389_1404_705_1635
S,2,397,CLAMP,src/tracking/advanced_tracker.py:_activate_slot,397_427_865_773_1014
S,4,397,DETECTION,src/tracking/advanced_tracker.py:_activate_slot,397_469_717_779_843
S,6,397,CLAMP,src/tracking/advanced_tracker.py:_activate_slot,397_675_806_912_966
S,8,397,CLAMP,src/tracking/advanced_tracker.py:_activate_slot,397_220_1130_573_1298
S,9,397,DETECTION,src/tracking/advanced_tracker.py:_activate_slot,397_131_987_404_1104
S,1,397,PREDICTION,src/tracking/advanced_tracker.py:kalman_homography,
S,3,397,PREDICTION,src/tracking/advanced_tracker.py:kalman_homography,
S,7,397,PREDICTION,src/tracking/advanced_tracker.py:flow_gapfill_batched,
D,3,397
S,1,397,PREDICTION,src/tracking/advanced_tracker.py:id_merge,
D,1,397
S,4,397,PREDICTION,src/tracking/advanced_tracker.py:id_merge,
D,6,397
S,8,397,PREDICTION,src/tracking/advanced_tracker.py:id_merge,
D,7,397
S,9,397,PREDICTION,src/tracking/advanced_tracker.py:id_merge,
L,0,397,CLAMP,src/tracking/advanced_tracker.py:_activate_slot,397_389_1404_705_1635
R,CLAMP,CLAMP,0
L,2,397,CLAMP,src/tracking/advanced_tracker.py:_activate_slot,397_427_865_773_1014
R,CLAMP,CLAMP,0
L,4,397,PREDICTION,src/tracking/advanced_tracker.py:id_merge,
R,CLAMP,CLAMP,0
L,8,397,PREDICTION,src/tracking/advanced_tracker.py:id_merge,
R,PREDICTION,SUBPIXEL,0
L,9,397,PREDICTION,src/tracking/advanced_tracker.py:id_merge,
R,CLAMP,CLAMP,0
A,397
S,4,400,DETECTION,src/tracking/advanced_tracker.py:_activate_slot,400_465_721_780_846
S,8,400,CLAMP,src/tracking/advanced_tracker.py:_activate_slot,400_212_1147_580_1290
S,9,400,DETECTION,src/tracking/advanced_tracker.py:_activate_slot,400_125_994_408_1117
S,0,400,PREDICTION,src/tracking/advanced_tracker.py:kalman_homography,
S,1,400,PREDICTION,src/tracking/advanced_tracker.py:kalman_homography,
S,2,400,PREDICTION,src/tracking/advanced_tracker.py:kalman_homography,
S,3,400,PREDICTION,src/tracking/advanced_tracker.py:kalman_homography,
S,6,400,PREDICTION,src/tracking/advanced_tracker.py:kalman_homography,
S,7,400,PREDICTION,src/tracking/advanced_tracker.py:flow_gapfill_batched,
D,1,400
S,2,400,PREDICTION,src/tracking/advanced_tracker.py:id_merge,
D,3,400
S,2,400,PREDICTION,src/tracking/advanced_tracker.py:id_merge,
D,2,400
S,4,400,PREDICTION,src/tracking/advanced_tracker.py:id_merge,
D,7,400
S,9,400,PREDICTION,src/tracking/advanced_tracker.py:id_merge,
L,0,400,PREDICTION,src/tracking/advanced_tracker.py:kalman_homography,
R,CLAMP,CLAMP,0
L,4,400,PREDICTION,src/tracking/advanced_tracker.py:id_merge,
R,CLAMP,CLAMP,0
L,6,400,PREDICTION,src/tracking/advanced_tracker.py:kalman_homography,
R,CLAMP,CLAMP,0
L,8,400,CLAMP,src/tracking/advanced_tracker.py:_activate_slot,400_212_1147_580_1290
R,CLAMP,CLAMP,0
L,9,400,PREDICTION,src/tracking/advanced_tracker.py:id_merge,
R,CLAMP,CLAMP,0
A,400
S,1,403,DETECTION,src/tracking/advanced_tracker.py:_activate_slot,403_654_817_909_982
S,2,403,CLAMP,src/tracking/advanced_tracker.py:_activate_slot,403_363_882_765_1020
S,4,403,DETECTION,src/tracking/advanced_tracker.py:_activate_slot,403_472_727_787_846
S,8,403,CLAMP,src/tracking/advanced_tracker.py:_activate_slot,403_216_1160_580_1290
S,9,403,DETECTION,src/tracking/advanced_tracker.py:_activate_slot,403_125_1008_409_1116
S,0,403,PREDICTION,src/tracking/advanced_tracker.py:kalman_homography,
S,3,403,PREDICTION,src/tracking/advanced_tracker.py:kalman_homography,
S,6,403,PREDICTION,src/tracking/advanced_tracker.py:flow_gapfill_batched,
D,3,403
S,1,403,PREDICTION,src/tracking/advanced_tracker.py:id_merge,
D,1,403
S,4,403,PREDICTION,src/tracking/advanced_tracker.py:id_merge,
L,0,403,PREDICTION,src/tracking/advanced_tracker.py:kalman_homography,
R,CLAMP,CLAMP,0
L,2,403,CLAMP,src/tracking/advanced_tracker.py:_activate_slot,403_363_882_765_1020
R,CLAMP,CLAMP,0
L,4,403,PREDICTION,src/tracking/advanced_tracker.py:id_merge,
R,CLAMP,CLAMP,0
L,6,403,PREDICTION,src/tracking/advanced_tracker.py:flow_gapfill_batched,
R,CLAMP,CLAMP,0
L,8,403,CLAMP,src/tracking/advanced_tracker.py:_activate_slot,403_216_1160_580_1290
R,CLAMP,CLAMP,0
L,9,403,DETECTION,src/tracking/advanced_tracker.py:_activate_slot,403_125_1008_409_1116
R,CLAMP,CLAMP,0
A,403
S,0,406,DETECTION,src/tracking/advanced_tracker.py:_activate_slot,406_374_1419_702_1534
S,1,406,DETECTION,src/tracking/advanced_tracker.py:_activate_slot,406_629_821_909_974
S,2,406,CLAMP,src/tracking/advanced_tracker.py:_activate_slot,406_381_889_762_1030
S,8,406,CLAMP,src/tracking/advanced_tracker.py:_activate_slot,406_229_1168_580_1306
S,9,406,DETECTION,src/tracking/advanced_tracker.py:_activate_slot,406_470_735_768_849
S,5,406,DETECTION,src/tracking/advanced_tracker.py:_activate_slot,406_384_734_784_864
S,3,406,PREDICTION,src/tracking/advanced_tracker.py:kalman_homography,
S,4,406,PREDICTION,src/tracking/advanced_tracker.py:kalman_homography,
S,6,406,PREDICTION,src/tracking/advanced_tracker.py:flow_gapfill_batched,
D,3,406
S,1,406,PREDICTION,src/tracking/advanced_tracker.py:id_merge,
D,4,406
S,1,406,PREDICTION,src/tracking/advanced_tracker.py:id_merge,
D,6,406
S,5,406,PREDICTION,src/tracking/advanced_tracker.py:id_merge,
D,5,406
S,9,406,PREDICTION,src/tracking/advanced_tracker.py:id_merge,
L,0,406,DETECTION,src/tracking/advanced_tracker.py:_activate_slot,406_374_1419_702_1534
R,CLAMP,CLAMP,0
L,1,406,PREDICTION,src/tracking/advanced_tracker.py:id_merge,
R,CLAMP,CLAMP,0
L,2,406,CLAMP,src/tracking/advanced_tracker.py:_activate_slot,406_381_889_762_1030
R,CLAMP,CLAMP,0
L,8,406,CLAMP,src/tracking/advanced_tracker.py:_activate_slot,406_229_1168_580_1306
R,CLAMP,CLAMP,0
L,9,406,PREDICTION,src/tracking/advanced_tracker.py:id_merge,
R,CLAMP,CLAMP,0
A,406
S,0,409,DETECTION,src/tracking/advanced_tracker.py:_activate_slot,409_363_1385_702_1536
S,1,409,DETECTION,src/tracking/advanced_tracker.py:_activate_slot,409_616_819_907_972
S,5,409,DETECTION,src/tracking/advanced_tracker.py:_activate_slot,409_359_741_780_873
S,8,409,CLAMP,src/tracking/advanced_tracker.py:_activate_slot,409_233_1177_599_1303
S,9,409,DETECTION,src/tracking/advanced_tracker.py:_activate_slot,409_251_1008_571_1173
S,2,409,PREDICTION,src/tracking/advanced_tracker.py:kalman_homography,
S,3,409,PREDICTION,src/tracking/advanced_tracker.py:kalman_homography,
S,4,409,PREDICTION,src/tracking/advanced_tracker.py:kalman_homography,
S,6,409,PREDICTION,src/tracking/advanced_tracker.py:flow_gapfill_batched,
D,2,409
S,1,409,PREDICTION,src/tracking/advanced_tracker.py:id_merge,
D,3,409
S,1,409,PREDICTION,src/tracking/advanced_tracker.py:id_merge,
D,4,409
S,1,409,PREDICTION,src/tracking/advanced_tracker.py:id_merge,
D,6,409
S,5,409,PREDICTION,src/tracking/advanced_tracker.py:id_merge,
L,0,409,DETECTION,src/tracking/advanced_tracker.py:_activate_slot,409_363_1385_702_1536
R,CLAMP,CLAMP,0
L,1,409,PREDICTION,src/tracking/advanced_tracker.py:id_merge,
R,CLAMP,CLAMP,0
L,5,409,PREDICTION,src/tracking/advanced_tracker.py:id_merge,
R,PREDICTION,PREDICTION,1
L,8,409,CLAMP,src/tracking/advanced_tracker.py:_activate_slot,409_233_1177_599_1303
R,CLAMP,CLAMP,0
L,9,409,DETECTION,src/tracking/advanced_tracker.py:_activate_slot,409_251_1008_571_1173
R,CLAMP,CLAMP,0
A,409
S,0,412,DETECTION,src/tracking/advanced_tracker.py:_activate_slot,412_370_1363_705_1543
S,1,412,DETECTION,src/tracking/advanced_tracker.py:_activate_slot,412_608_820_903_970
S,2,412,CLAMP,src/tracking/advanced_tracker.py:_activate_slot,412_366_906_768_1053
S,4,412,DETECTION,src/tracking/advanced_tracker.py:_activate_slot,412_396_744_771_869
S,8,412,CLAMP,src/tracking/advanced_tracker.py:_activate_slot,412_248_1182_600_1301
S,9,412,DETECTION,src/tracking/advanced_tracker.py:_activate_slot,412_128_1020_405_1131
S,5,412,PREDICTION,src/tracking/advanced_tracker.py:kalman_homography,
S,3,412,PREDICTION,src/tracking/advanced_tracker.py:flow_gapfill_batched,
S,6,412,PREDICTION,src/tracking/advanced_tracker.py:flow_gapfill_batched,
D,3,412
S,1,412,PREDICTION,src/tracking/advanced_tracker.py:id_merge,
D,1,412
S,4,412,PREDICTION,src/tracking/advanced_tracker.py:id_merge,
D,6,412
S,5,412,PREDICTION,src/tracking/advanced_tracker.py:id_merge,
L,0,412,DETECTION,src/tracking/advanced_tracker.py:_activate_slot,412_370_1363_705_1543
R,CLAMP,CLAMP,0
L,2,412,CLAMP,src/tracking/advanced_tracker.py:_activate_slot,412_366_906_768_1053
R,CLAMP,CLAMP,0
L,4,412,PREDICTION,src/tracking/advanced_tracker.py:id_merge,
R,CLAMP,CLAMP,0
L,5,412,PREDICTION,src/tracking/advanced_tracker.py:id_merge,
R,PREDICTION,PREDICTION,1
L,8,412,CLAMP,src/tracking/advanced_tracker.py:_activate_slot,412_248_1182_600_1301
R,CLAMP,CLAMP,0
L,9,412,DETECTION,src/tracking/advanced_tracker.py:_activate_slot,412_128_1020_405_1131
R,CLAMP,CLAMP,0
A,412
S,0,415,DETECTION,src/tracking/advanced_tracker.py:_activate_slot,415_372_1356_701_1546
S,1,415,DETECTION,src/tracking/advanced_tracker.py:_activate_slot,415_599_828_906_978
S,2,415,CLAMP,src/tracking/advanced_tracker.py:_activate_slot,415_420_885_768_1053
S,5,415,DETECTION,src/tracking/advanced_tracker.py:_activate_slot,415_420_743_771_875
S,8,415,CLAMP,src/tracking/advanced_tracker.py:_activate_slot,415_246_1170_605_1305
S,9,415,DETECTION,src/tracking/advanced_tracker.py:_activate_slot,415_261_1041_572_1188
S,4,415,PREDICTION,src/tracking/advanced_tracker.py:kalman_homography,
S,6,415,PREDICTION,src/tracking/advanced_tracker.py:flow_gapfill_batched,
D,4,415
S,1,415,PREDICTION,src/tracking/advanced_tracker.py:id_merge,
D,6,415
S,5,415,PREDICTION,src/tracking/advanced_tracker.py:id_merge,
L,0,415,DETECTION,src/tracking/advanced_tracker.py:_activate_slot,415_372_1356_701_1546
R,CLAMP,CLAMP,0
L,1,415,PREDICTION,src/tracking/advanced_tracker.py:id_merge,
R,CLAMP,CLAMP,0
L,2,415,CLAMP,src/tracking/advanced_tracker.py:_activate_slot,415_420_885_768_1053
R,CLAMP,CLAMP,0
L,5,415,PREDICTION,src/tracking/advanced_tracker.py:id_merge,
R,PREDICTION,PREDICTION,1
L,8,415,CLAMP,src/tracking/advanced_tracker.py:_activate_slot,415_246_1170_605_1305
R,CLAMP,CLAMP,0
L,9,415,DETECTION,src/tracking/advanced_tracker.py:_activate_slot,415_261_1041_572_1188
R,CLAMP,CLAMP,0
A,415
