S,0,1331,DETECTION,src/tracking/advanced_tracker.py:_activate_slot,1331_333_1186_1017_1878
L,0,1331,DETECTION,src/tracking/advanced_tracker.py:_activate_slot,1331_333_1186_1017_1878
R,DETECTION,DETECTION,1
A,1331
S,0,1334,DETECTION,src/tracking/advanced_tracker.py:_activate_slot,1334_331_1153_1026_1881
S,1,1334,DETECTION,src/tracking/advanced_tracker.py:_activate_slot,1334_249_729_609_885
L,0,1334,DETECTION,src/tracking/advanced_tracker.py:_activate_slot,1334_331_1153_1026_1881
R,DETECTION,DETECTION,1
L,1,1334,DETECTION,src/tracking/advanced_tracker.py:_activate_slot,1334_249_729_609_885
R,DETECTION,DETECTION,1
A,1334
S,0,1337,DETECTION,src/tracking/advanced_tracker.py:_activate_slot,1337_341_1198_1027_1873
S,1,1337,PREDICTION,src/tracking/advanced_tracker.py:kalman_homography,
L,0,1337,DETECTION,src/tracking/advanced_tracker.py:_activate_slot,1337_341_1198_1027_1873
R,DETECTION,DETECTION,1
L,1,1337,PREDICTION,src/tracking/advanced_tracker.py:kalman_homography,
R,PREDICTION,PREDICTION,1
A,1337
S,0,1340,DETECTION,src/tracking/advanced_tracker.py:_activate_slot,1340_344_1165_1025_1867
S,1,1340,PREDICTION,src/tracking/advanced_tracker.py:kalman_homography,
L,0,1340,DETECTION,src/tracking/advanced_tracker.py:_activate_slot,1340_344_1165_1025_1867
R,DETECTION,DETECTION,1
L,1,1340,PREDICTION,src/tracking/advanced_tracker.py:kalman_homography,
R,PREDICTION,SUBPIXEL,0
A,1340
S,0,1343,DETECTION,src/tracking/advanced_tracker.py:_activate_slot,1343_366_1201_1023_1851
S,1,1343,PREDICTION,src/tracking/advanced_tracker.py:kalman_homography,
L,0,1343,DETECTION,src/tracking/advanced_tracker.py:_activate_slot,1343_366_1201_1023_1851
R,DETECTION,DETECTION,1
L,1,1343,PREDICTION,src/tracking/advanced_tracker.py:kalman_homography,
R,PREDICTION,SUBPIXEL,0
A,1343
S,0,1346,DETECTION,src/tracking/advanced_tracker.py:_activate_slot,1346_83_823_1030_1827
S,1,1346,PREDICTION,src/tracking/advanced_tracker.py:kalman_homography,
L,0,1346,DETECTION,src/tracking/advanced_tracker.py:_activate_slot,1346_83_823_1030_1827
R,CLAMP,CLAMP,0
L,1,1346,PREDICTION,src/tracking/advanced_tracker.py:kalman_homography,
R,PREDICTION,SUBPIXEL,0
A,1346
S,0,1349,PREDICTION,src/tracking/advanced_tracker.py:kalman_homography,
S,1,1349,PREDICTION,src/tracking/advanced_tracker.py:kalman_homography,
L,0,1349,PREDICTION,src/tracking/advanced_tracker.py:kalman_homography,
R,CLAMP,CLAMP,0
L,1,1349,PREDICTION,src/tracking/advanced_tracker.py:kalman_homography,
R,PREDICTION,SUBPIXEL,0
A,1349
S,0,1352,PREDICTION,src/tracking/advanced_tracker.py:kalman_homography,
S,1,1352,PREDICTION,src/tracking/advanced_tracker.py:kalman_homography,
L,0,1352,PREDICTION,src/tracking/advanced_tracker.py:kalman_homography,
R,CLAMP,CLAMP,0
L,1,1352,PREDICTION,src/tracking/advanced_tracker.py:kalman_homography,
R,PREDICTION,SUBPIXEL,0
A,1352
S,1,1355,PREDICTION,src/tracking/advanced_tracker.py:kalman_homography,
S,0,1355,PREDICTION,src/tracking/advanced_tracker.py:flow_gapfill_batched,
L,0,1355,PREDICTION,src/tracking/advanced_tracker.py:flow_gapfill_batched,
R,CLAMP,CLAMP,0
L,1,1355,PREDICTION,src/tracking/advanced_tracker.py:kalman_homography,
R,PREDICTION,SUBPIXEL,0
A,1355
S,1,1358,PREDICTION,src/tracking/advanced_tracker.py:flow_gapfill_batched,
L,1,1358,PREDICTION,src/tracking/advanced_tracker.py:flow_gapfill_batched,
R,CLAMP,CLAMP,0
A,1358
S,5,1361,DETECTION,src/tracking/advanced_tracker.py:_activate_slot,1361_741_1815_900_1935
L,5,1361,DETECTION,src/tracking/advanced_tracker.py:_activate_slot,1361_741_1815_900_1935
R,DETECTION,DETECTION,1
A,1361
S,2,1364,DETECTION,src/tracking/advanced_tracker.py:_activate_slot,1364_721_1743_883_1899
S,0,1364,PREDICTION,src/tracking/advanced_tracker.py:kalman_homography,
S,5,1364,PREDICTION,src/tracking/advanced_tracker.py:kalman_homography,
L,0,1364,PREDICTION,src/tracking/advanced_tracker.py:kalman_homography,
R,CLAMP,CLAMP,0
L,2,1364,DETECTION,src/tracking/advanced_tracker.py:_activate_slot,1364_721_1743_883_1899
R,DETECTION,DETECTION,1
L,5,1364,PREDICTION,src/tracking/advanced_tracker.py:kalman_homography,
R,PREDICTION,PREDICTION,1
A,1364
S,2,1367,DETECTION,src/tracking/advanced_tracker.py:_activate_slot,1367_677_1614_846_1776
S,3,1367,DETECTION,src/tracking/advanced_tracker.py:_activate_slot,1367_772_1786_970_1933
S,0,1367,PREDICTION,src/tracking/advanced_tracker.py:kalman_homography,
S,5,1367,PREDICTION,src/tracking/advanced_tracker.py:kalman_homography,
L,0,1367,PREDICTION,src/tracking/advanced_tracker.py:kalman_homography,
R,PREDICTION,PREDICTION,1
L,2,1367,DETECTION,src/tracking/advanced_tracker.py:_activate_slot,1367_677_1614_846_1776
R,DETECTION,DETECTION,1
L,3,1367,DETECTION,src/tracking/advanced_tracker.py:_activate_slot,1367_772_1786_970_1933
R,DETECTION,DETECTION,1
L,5,1367,PREDICTION,src/tracking/advanced_tracker.py:kalman_homography,
R,PREDICTION,SUBPIXEL,0
A,1367
S,4,1370,DETECTION,src/tracking/advanced_tracker.py:_activate_slot,1370_748_1689_1026_1845
S,2,1370,PREDICTION,src/tracking/advanced_tracker.py:kalman_homography,
S,3,1370,PREDICTION,src/tracking/advanced_tracker.py:kalman_homography,
S,5,1370,PREDICTION,src/tracking/advanced_tracker.py:kalman_homography,
L,2,1370,PREDICTION,src/tracking/advanced_tracker.py:kalman_homography,
R,PREDICTION,PREDICTION,1
L,3,1370,PREDICTION,src/tracking/advanced_tracker.py:kalman_homography,
R,PREDICTION,PREDICTION,1
L,4,1370,DETECTION,src/tracking/advanced_tracker.py:_activate_slot,1370_748_1689_1026_1845
R,DETECTION,DETECTION,1
L,5,1370,PREDICTION,src/tracking/advanced_tracker.py:kalman_homography,
R,PREDICTION,SUBPIXEL,0
A,1370
S,2,1373,DETECTION,src/tracking/advanced_tracker.py:_activate_slot,1373_651_1411_821_1578
S,5,1373,DETECTION,src/tracking/advanced_tracker.py:_activate_slot,1373_683_1749_1035_1935
S,3,1373,PREDICTION,src/tracking/advanced_tracker.py:kalman_homography,
S,4,1373,PREDICTION,src/tracking/advanced_tracker.py:flow_gapfill_batched,
L,2,1373,DETECTION,src/tracking/advanced_tracker.py:_activate_slot,1373_651_1411_821_1578
R,DETECTION,DETECTION,1
L,3,1373,PREDICTION,src/tracking/advanced_tracker.py:kalman_homography,
R,PREDICTION,SUBPIXEL,0
L,4,1373,PREDICTION,src/tracking/advanced_tracker.py:flow_gapfill_batched,
R,PREDICTION,PREDICTION,1
L,5,1373,DETECTION,src/tracking/advanced_tracker.py:_activate_slot,1373_683_1749_1035_1935
R,CLAMP,CLAMP,0
A,1373
S,2,1376,DETECTION,src/tracking/advanced_tracker.py:_activate_slot,1376_664_1348_877_1516
S,4,1376,DETECTION,src/tracking/advanced_tracker.py:_activate_slot,1376_747_1519_1017_1660
S,5,1376,DETECTION,src/tracking/advanced_tracker.py:_activate_slot,1376_642_1704_1001_1932
S,3,1376,PREDICTION,src/tracking/advanced_tracker.py:kalman_homography,
D,3,1376
S,2,1376,PREDICTION,src/tracking/advanced_tracker.py:id_merge,
L,2,1376,PREDICTION,src/tracking/advanced_tracker.py:id_merge,
R,CLAMP,CLAMP,0
L,4,1376,DETECTION,src/tracking/advanced_tracker.py:_activate_slot,1376_747_1519_1017_1660
R,DETECTION,DETECTION,1
L,5,1376,DETECTION,src/tracking/advanced_tracker.py:_activate_slot,1376_642_1704_1001_1932
R,CLAMP,CLAMP,0
A,1376
S,2,1379,DETECTION,src/tracking/advanced_tracker.py:_activate_slot,1379_661_1266_883_1431
S,3,1379,DETECTION,src/tracking/advanced_tracker.py:_activate_slot,1379_-5_1560_1017_1935
S,4,1379,DETECTION,src/tracking/advanced_tracker.py:_activate_slot,1379_753_1428_888_1555
S,1,1379,DETECTION,src/tracking/advanced_tracker.py:_activate_slot,1379_659_1267_831_1423
S,5,1379,PREDICTION,src/tracking/advanced_tracker.py:kalman_homography,
D,2,1379
S,3,1379,PREDICTION,src/tracking/advanced_tracker.py:id_merge,
L,1,1379,DETECTION,src/tracking/advanced_tracker.py:_activate_slot,1379_659_1267_831_1423
R,CLAMP,CLAMP,0
L,3,1379,PREDICTION,src/tracking/advanced_tracker.py:id_merge,
R,PREDICTION,PREDICTION,1
L,4,1379,DETECTION,src/tracking/advanced_tracker.py:_activate_slot,1379_753_1428_888_1555
R,CLAMP,CLAMP,0
L,5,1379,PREDICTION,src/tracking/advanced_tracker.py:kalman_homography,
R,CLAMP,CLAMP,0
A,1379
S,3,1382,DETECTION,src/tracking/advanced_tracker.py:_activate_slot,1382_-12_1521_1024_1935
S,4,1382,DETECTION,src/tracking/advanced_tracker.py:_activate_slot,1382_750_1369_888_1497
S,1,1382,PREDICTION,src/tracking/advanced_tracker.py:kalman_homography,
S,2,1382,PREDICTION,src/tracking/advanced_tracker.py:kalman_homography,
S,5,1382,PREDICTION,src/tracking/advanced_tracker.py:kalman_homography,
L,1,1382,PREDICTION,src/tracking/advanced_tracker.py:kalman_homography,
R,CLAMP,CLAMP,0
L,2,1382,PREDICTION,src/tracking/advanced_tracker.py:kalman_homography,
R,CLAMP,CLAMP,0
L,3,1382,DETECTION,src/tracking/advanced_tracker.py:_activate_slot,1382_-12_1521_1024_1935
R,DETECTION,DETECTION,1
L,4,1382,DETECTION,src/tracking/advanced_tracker.py:_activate_slot,1382_750_1369_888_1497
R,CLAMP,CLAMP,0
L,5,1382,PREDICTION,src/tracking/advanced_tracker.py:kalman_homography,
R,CLAMP,CLAMP,0
A,1382
S,1,1385,DETECTION,src/tracking/advanced_tracker.py:_activate_slot,1385_405_-15_574_127
S,3,1385,DETECTION,src/tracking/advanced_tracker.py:_activate_slot,1385_-9_1413_1021_1935
S,4,1385,DETECTION,src/tracking/advanced_tracker.py:_activate_slot,1385_748_1278_883_1407
S,2,1385,DETECTION,src/tracking/advanced_tracker.py:_activate_slot,1385_655_1108_825_1276
S,5,1385,CLAMP,src/tracking/advanced_tracker.py:_activate_slot,1385_655_1107_886_1284
D,2,1385
S,4,1385,PREDICTION,src/tracking/advanced_tracker.py:id_merge,
D,3,1385
S,4,1385,PREDICTION,src/tracking/advanced_tracker.py:id_merge,
L,1,1385,DETECTION,src/tracking/advanced_tracker.py:_activate_slot,1385_405_-15_574_127
R,CLAMP,CLAMP,0
L,4,1385,PREDICTION,src/tracking/advanced_tracker.py:id_merge,
R,PREDICTION,PREDICTION,1
L,5,1385,CLAMP,src/tracking/advanced_tracker.py:_activate_slot,1385_655_1107_886_1284
R,CLAMP,CLAMP,0
A,1385
S,3,1388,DETECTION,src/tracking/advanced_tracker.py:_activate_slot,1388_-10_1344_1022_1935
S,4,1388,DETECTION,src/tracking/advanced_tracker.py:_activate_slot,1388_747_1221_885_1344
S,2,1388,PREDICTION,src/tracking/advanced_tracker.py:flow_gapfill_batched,
S,5,1388,PREDICTION,src/tracking/advanced_tracker.py:flow_gapfill_batched,
L,2,1388,PREDICTION,src/tracking/advanced_tracker.py:flow_gapfill_batched,
R,CLAMP,CLAMP,0
L,3,1388,DETECTION,src/tracking/advanced_tracker.py:_activate_slot,1388_-10_1344_1022_1935
R,DETECTION,DETECTION,1
L,4,1388,DETECTION,src/tracking/advanced_tracker.py:_activate_slot,1388_747_1221_885_1344
R,DETECTION,DETECTION,1
L,5,1388,PREDICTION,src/tracking/advanced_tracker.py:flow_gapfill_batched,
R,CLAMP,CLAMP,0
A,1388
S,3,1391,DETECTION,src/tracking/advanced_tracker.py:_activate_slot,1391_-14_1401_1023_1935
S,4,1391,DETECTION,src/tracking/advanced_tracker.py:_activate_slot,1391_748_1131_886_1263
S,0,1391,DETECTION,src/tracking/advanced_tracker.py:_activate_slot,1391_471_-15_612_117
S,1,1391,PREDICTION,src/tracking/advanced_tracker.py:flow_gapfill_batched,
S,2,1391,PREDICTION,src/tracking/advanced_tracker.py:flow_gapfill_batched,
S,5,1391,PREDICTION,src/tracking/advanced_tracker.py:flow_gapfill_batched,
D,1,1391
S,0,1391,PREDICTION,src/tracking/advanced_tracker.py:id_merge,
D,2,1391
S,3,1391,PREDICTION,src/tracking/advanced_tracker.py:id_merge,
L,0,1391,PREDICTION,src/tracking/advanced_tracker.py:id_merge,
R,CLAMP,CLAMP,0
L,3,1391,PREDICTION,src/tracking/advanced_tracker.py:id_merge,
R,PREDICTION,PREDICTION,1
L,4,1391,DETECTION,src/tracking/advanced_tracker.py:_activate_slot,1391_748_1131_886_1263
R,CLAMP,CLAMP,0
L,5,1391,PREDICTION,src/tracking/advanced_tracker.py:flow_gapfill_batched,
R,CLAMP,CLAMP,0
A,1391
S,3,1394,DETECTION,src/tracking/advanced_tracker.py:_activate_slot,1394_-11_1503_1020_1935
S,4,1394,CLAMP,src/tracking/advanced_tracker.py:_activate_slot,1394_480_1188_889_1560
S,0,1394,DETECTION,src/tracking/advanced_tracker.py:_activate_slot,1394_383_6_569_147
S,1,1394,PREDICTION,src/tracking/advanced_tracker.py:flow_gapfill_batched,
S,2,1394,PREDICTION,src/tracking/advanced_tracker.py:flow_gapfill_batched,
L,0,1394,DETECTION,src/tracking/advanced_tracker.py:_activate_slot,1394_383_6_569_147
R,CLAMP,CLAMP,0
L,1,1394,PREDICTION,src/tracking/advanced_tracker.py:flow_gapfill_batched,
R,CLAMP,CLAMP,0
L,2,1394,PREDICTION,src/tracking/advanced_tracker.py:flow_gapfill_batched,
R,CLAMP,CLAMP,0
L,3,1394,DETECTION,src/tracking/advanced_tracker.py:_activate_slot,1394_-11_1503_1020_1935
R,DETECTION,DETECTION,1
L,4,1394,CLAMP,src/tracking/advanced_tracker.py:_activate_slot,1394_480_1188_889_1560
R,CLAMP,CLAMP,0
A,1394
S,3,1397,DETECTION,src/tracking/advanced_tracker.py:_activate_slot,1397_-8_1483_1018_1933
S,0,1397,PREDICTION,src/tracking/advanced_tracker.py:kalman_homography,
S,4,1397,PREDICTION,src/tracking/advanced_tracker.py:kalman_homography,
S,2,1397,PREDICTION,src/tracking/advanced_tracker.py:flow_gapfill_batched,
S,5,1397,PREDICTION,src/tracking/advanced_tracker.py:flow_gapfill_batched,
L,0,1397,PREDICTION,src/tracking/advanced_tracker.py:kalman_homography,
R,CLAMP,CLAMP,0
L,2,1397,PREDICTION,src/tracking/advanced_tracker.py:flow_gapfill_batched,
R,CLAMP,CLAMP,0
L,3,1397,DETECTION,src/tracking/advanced_tracker.py:_activate_slot,1397_-8_1483_1018_1933
R,DETECTION,DETECTION,1
L,4,1397,PREDICTION,src/tracking/advanced_tracker.py:kalman_homography,
R,CLAMP,CLAMP,0
L,5,1397,PREDICTION,src/tracking/advanced_tracker.py:flow_gapfill_batched,
R,CLAMP,CLAMP,0
A,1397
S,3,1400,DETECTION,src/tracking/advanced_tracker.py:_activate_slot,1400_-9_1481_1018_1932
S,0,1400,DETECTION,src/tracking/advanced_tracker.py:_activate_slot,1400_274_43_427_165
S,4,1400,CLAMP,src/tracking/advanced_tracker.py:_activate_slot,1400_468_1164_943_1554
S,1,1400,PREDICTION,src/tracking/advanced_tracker.py:flow_gapfill_batched,
D,0,1400
S,3,1400,PREDICTION,src/tracking/advanced_tracker.py:id_merge,
L,1,1400,PREDICTION,src/tracking/advanced_tracker.py:flow_gapfill_batched,
R,CLAMP,CLAMP,0
L,3,1400,PREDICTION,src/tracking/advanced_tracker.py:id_merge,
R,PREDICTION,PREDICTION,1
L,4,1400,CLAMP,src/tracking/advanced_tracker.py:_activate_slot,1400_468_1164_943_1554
R,CLAMP,CLAMP,0
A,1400
S,3,1403,DETECTION,src/tracking/advanced_tracker.py:_activate_slot,1403_-9_1483_1018_1933
S,4,1403,DETECTION,src/tracking/advanced_tracker.py:_activate_slot,1403_465_1174_876_1534
S,6,1403,DETECTION,src/tracking/advanced_tracker.py:_activate_slot,1403_486_220_629_369
S,0,1403,PREDICTION,src/tracking/advanced_tracker.py:kalman_homography,
S,1,1403,PREDICTION,src/tracking/advanced_tracker.py:flow_gapfill_batched,
S,2,1403,PREDICTION,src/tracking/advanced_tracker.py:flow_gapfill_batched,
D,0,1403
S,3,1403,PREDICTION,src/tracking/advanced_tracker.py:id_merge,
D,3,1403
S,4,1403,PREDICTION,src/tracking/advanced_tracker.py:id_merge,
L,1,1403,PREDICTION,src/tracking/advanced_tracker.py:flow_gapfill_batched,
R,CLAMP,CLAMP,0
L,2,1403,PREDICTION,src/tracking/advanced_tracker.py:flow_gapfill_batched,
R,CLAMP,CLAMP,0
L,4,1403,PREDICTION,src/tracking/advanced_tracker.py:id_merge,
R,CLAMP,CLAMP,0
L,6,1403,DETECTION,src/tracking/advanced_tracker.py:_activate_slot,1403_486_220_629_369
R,DETECTION,DETECTION,1
A,1403
S,3,1406,DETECTION,src/tracking/advanced_tracker.py:_activate_slot,1406_-11_1489_1018_1933
S,4,1406,DETECTION,src/tracking/advanced_tracker.py:_activate_slot,1406_467_1177_888_1543
S,6,1406,DETECTION,src/tracking/advanced_tracker.py:_activate_slot,1406_491_225_635_368
S,0,1406,PREDICTION,src/tracking/advanced_tracker.py:kalman_homography,
S,1,1406,PREDICTION,src/tracking/advanced_tracker.py:flow_gapfill_batched,
S,5,1406,PREDICTION,src/tracking/advanced_tracker.py:flow_gapfill_batched,
D,3,1406
S,4,1406,PREDICTION,src/tracking/advanced_tracker.py:id_merge,
L,0,1406,PREDICTION,src/tracking/advanced_tracker.py:kalman_homography,
R,PREDICTION,PREDICTION,1
L,1,1406,PREDICTION,src/tracking/advanced_tracker.py:flow_gapfill_batched,
R,CLAMP,CLAMP,0
L,4,1406,PREDICTION,src/tracking/advanced_tracker.py:id_merge,
R,PREDICTION,PREDICTION,1
L,5,1406,PREDICTION,src/tracking/advanced_tracker.py:flow_gapfill_batched,
R,CLAMP,CLAMP,0
L,6,1406,DETECTION,src/tracking/advanced_tracker.py:_activate_slot,1406_491_225_635_368
R,DETECTION,DETECTION,1
A,1406
S,3,1409,DETECTION,src/tracking/advanced_tracker.py:_activate_slot,1409_-12_1497_1019_1935
S,4,1409,CLAMP,src/tracking/advanced_tracker.py:_activate_slot,1409_357_820_547_949
S,0,1409,PREDICTION,src/tracking/advanced_tracker.py:kalman_homography,
S,6,1409,PREDICTION,src/tracking/advanced_tracker.py:kalman_homography,
S,1,1409,PREDICTION,src/tracking/advanced_tracker.py:flow_gapfill_batched,
S,5,1409,PREDICTION,src/tracking/advanced_tracker.py:flow_gapfill_batched,
D,3,1409
S,4,1409,PREDICTION,src/tracking/advanced_tracker.py:id_merge,
L,0,1409,PREDICTION,src/tracking/advanced_tracker.py:kalman_homography,
R,PREDICTION,PREDICTION,1
L,1,1409,PREDICTION,src/tracking/advanced_tracker.py:flow_gapfill_batched,
R,CLAMP,CLAMP,0
L,4,1409,PREDICTION,src/tracking/advanced_tracker.py:id_merge,
R,PREDICTION,SUBPIXEL,0
L,5,1409,PREDICTION,src/tracking/advanced_tracker.py:flow_gapfill_batched,
R,CLAMP,CLAMP,0
L,6,1409,PREDICTION,src/tracking/advanced_tracker.py:kalman_homography,
R,PREDICTION,PREDICTION,1
A,1409
S,4,1412,CLAMP,src/tracking/advanced_tracker.py:_activate_slot,1412_352_798_638_954
S,5,1412,DETECTION,src/tracking/advanced_tracker.py:_activate_slot,1412_-14_1507_1021_1933
S,0,1412,PREDICTION,src/tracking/advanced_tracker.py:kalman_homography,
S,3,1412,PREDICTION,src/tracking/advanced_tracker.py:kalman_homography,
S,6,1412,PREDICTION,src/tracking/advanced_tracker.py:kalman_homography,
D,3,1412
S,4,1412,PREDICTION,src/tracking/advanced_tracker.py:id_merge,
L,0,1412,PREDICTION,src/tracking/advanced_tracker.py:kalman_homography,
R,PREDICTION,PREDICTION,1
L,4,1412,PREDICTION,src/tracking/advanced_tracker.py:id_merge,
R,PREDICTION,SUBPIXEL,0
L,5,1412,DETECTION,src/tracking/advanced_tracker.py:_activate_slot,1412_-14_1507_1021_1933
R,CLAMP,CLAMP,0
L,6,1412,PREDICTION,src/tracking/advanced_tracker.py:kalman_homography,
R,PREDICTION,PREDICTION,1
A,1412
S,2,1415,DETECTION,src/tracking/advanced_tracker.py:_activate_slot,1415_-12_1540_1017_1933
S,0,1415,PREDICTION,src/tracking/advanced_tracker.py:kalman_homography,
S,3,1415,PREDICTION,src/tracking/advanced_tracker.py:kalman_homography,
S,4,1415,PREDICTION,src/tracking/advanced_tracker.py:kalman_homography,
S,5,1415,PREDICTION,src/tracking/advanced_tracker.py:kalman_homography,
S,6,1415,PREDICTION,src/tracking/advanced_tracker.py:kalman_homography,
D,3,1415
S,2,1415,PREDICTION,src/tracking/advanced_tracker.py:id_merge,
L,0,1415,PREDICTION,src/tracking/advanced_tracker.py:kalman_homography,
R,PREDICTION,PREDICTION,1
L,2,1415,PREDICTION,src/tracking/advanced_tracker.py:id_merge,
R,CLAMP,CLAMP,0
L,4,1415,PREDICTION,src/tracking/advanced_tracker.py:kalman_homography,
R,CLAMP,CLAMP,0
L,5,1415,PREDICTION,src/tracking/advanced_tracker.py:kalman_homography,
R,PREDICTION,PREDICTION,1
L,6,1415,PREDICTION,src/tracking/advanced_tracker.py:kalman_homography,
R,PREDICTION,PREDICTION,1
A,1415
S,2,1418,DETECTION,src/tracking/advanced_tracker.py:_activate_slot,1418_-11_1579_1018_1933
S,7,1418,DETECTION,src/tracking/advanced_tracker.py:_activate_slot,1418_501_-15_630_96
S,0,1418,PREDICTION,src/tracking/advanced_tracker.py:kalman_homography,
S,3,1418,PREDICTION,src/tracking/advanced_tracker.py:kalman_homography,
S,4,1418,PREDICTION,src/tracking/advanced_tracker.py:kalman_homography,
S,6,1418,PREDICTION,src/tracking/advanced_tracker.py:kalman_homography,
D,3,1418
S,2,1418,PREDICTION,src/tracking/advanced_tracker.py:id_merge,
D,6,1418
S,7,1418,PREDICTION,src/tracking/advanced_tracker.py:id_merge,
L,0,1418,PREDICTION,src/tracking/advanced_tracker.py:kalman_homography,
R,PREDICTION,PREDICTION,1
L,2,1418,PREDICTION,src/tracking/advanced_tracker.py:id_merge,
R,CLAMP,CLAMP,0
L,4,1418,PREDICTION,src/tracking/advanced_tracker.py:kalman_homography,
R,CLAMP,CLAMP,0
L,7,1418,PREDICTION,src/tracking/advanced_tracker.py:id_merge,
R,PREDICTION,PREDICTION,1
A,1418
S,2,1421,CLAMP,src/tracking/advanced_tracker.py:_activate_slot,1421_-12_1627_1018_1933
S,4,1421,CLAMP,src/tracking/advanced_tracker.py:_activate_slot,1421_71_352_902_835
S,6,1421,DETECTION,src/tracking/advanced_tracker.py:_activate_slot,1421_119_882_896_1518
S,3,1421,PREDICTION,src/tracking/advanced_tracker.py:kalman_homography,
S,5,1421,PREDICTION,src/tracking/advanced_tracker.py:flow_gapfill_batched,
L,2,1421,CLAMP,src/tracking/advanced_tracker.py:_activate_slot,1421_-12_1627_1018_1933
R,CLAMP,CLAMP,0
L,3,1421,PREDICTION,src/tracking/advanced_tracker.py:kalman_homography,
R,CLAMP,CLAMP,0
L,4,1421,CLAMP,src/tracking/advanced_tracker.py:_activate_slot,1421_71_352_902_835
R,CLAMP,CLAMP,0
L,5,1421,PREDICTION,src/tracking/advanced_tracker.py:flow_gapfill_batched,
R,CLAMP,CLAMP,0
L,6,1421,DETECTION,src/tracking/advanced_tracker.py:_activate_slot,1421_119_882_896_1518
R,CLAMP,CLAMP,0
A,1421
S,1,1424,DETECTION,src/tracking/advanced_tracker.py:_activate_slot,1424_117_917_1026_1460
S,2,1424,CLAMP,src/tracking/advanced_tracker.py:_activate_slot,1424_-3_1671_1024_1935
S,4,1424,CLAMP,src/tracking/advanced_tracker.py:_activate_slot,1424_76_335_1025_903
S,3,1424,PREDICTION,src/tracking/advanced_tracker.py:kalman_homography,
S,6,1424,PREDICTION,src/tracking/advanced_tracker.py:kalman_homography,
L,1,1424,DETECTION,src/tracking/advanced_tracker.py:_activate_slot,1424_117_917_1026_1460
R,CLAMP,CLAMP,0
L,2,1424,CLAMP,src/tracking/advanced_tracker.py:_activate_slot,1424_-3_1671_1024_1935
R,CLAMP,CLAMP,0
L,3,1424,PREDICTION,src/tracking/advanced_tracker.py:kalman_homography,
R,CLAMP,CLAMP,0
L,4,1424,CLAMP,src/tracking/advanced_tracker.py:_activate_slot,1424_76_335_1025_903
R,CLAMP,CLAMP,0
L,6,1424,PREDICTION,src/tracking/advanced_tracker.py:kalman_homography,
R,CLAMP,CLAMP,0
A,1424
S,0,1427,CLAMP,src/tracking/advanced_tracker.py:_activate_slot,1427_263_813_664_1107
S,1,1427,DETECTION,src/tracking/advanced_tracker.py:_activate_slot,1427_433_1345_1029_1735
S,2,1427,CLAMP,src/tracking/advanced_tracker.py:_activate_slot,1427_241_1717_1020_1933
S,4,1427,CLAMP,src/tracking/advanced_tracker.py:_activate_slot,1427_271_394_1027_1096
S,3,1427,PREDICTION,src/tracking/advanced_tracker.py:kalman_homography,
S,6,1427,PREDICTION,src/tracking/advanced_tracker.py:kalman_homography,
L,0,1427,CLAMP,src/tracking/advanced_tracker.py:_activate_slot,1427_263_813_664_1107
R,CLAMP,CLAMP,0
L,1,1427,DETECTION,src/tracking/advanced_tracker.py:_activate_slot,1427_433_1345_1029_1735
R,CLAMP,CLAMP,0
L,2,1427,CLAMP,src/tracking/advanced_tracker.py:_activate_slot,1427_241_1717_1020_1933
R,CLAMP,CLAMP,0
L,3,1427,PREDICTION,src/tracking/advanced_tracker.py:kalman_homography,
R,CLAMP,CLAMP,0
L,4,1427,CLAMP,src/tracking/advanced_tracker.py:_activate_slot,1427_271_394_1027_1096
R,CLAMP,CLAMP,0
L,6,1427,PREDICTION,src/tracking/advanced_tracker.py:kalman_homography,
R,CLAMP,CLAMP,0
A,1427
S,2,1430,CLAMP,src/tracking/advanced_tracker.py:_activate_slot,1430_272_1740_1018_1932
S,1,1430,DETECTION,src/tracking/advanced_tracker.py:_activate_slot,1430_247_1647_1015_1935
S,3,1430,DETECTION,src/tracking/advanced_tracker.py:_activate_slot,1430_270_1540_1017_1933
S,0,1430,PREDICTION,src/tracking/advanced_tracker.py:kalman_homography,
S,6,1430,PREDICTION,src/tracking/advanced_tracker.py:kalman_homography,
S,4,1430,PREDICTION,src/tracking/advanced_tracker.py:flow_gapfill_batched,
D,1,1430
S,3,1430,PREDICTION,src/tracking/advanced_tracker.py:id_merge,
L,0,1430,PREDICTION,src/tracking/advanced_tracker.py:kalman_homography,
R,CLAMP,CLAMP,0
L,2,1430,CLAMP,src/tracking/advanced_tracker.py:_activate_slot,1430_272_1740_1018_1932
R,CLAMP,CLAMP,0
L,3,1430,PREDICTION,src/tracking/advanced_tracker.py:id_merge,
R,CLAMP,CLAMP,0
L,4,1430,PREDICTION,src/tracking/advanced_tracker.py:flow_gapfill_batched,
R,CLAMP,CLAMP,0
L,6,1430,PREDICTION,src/tracking/advanced_tracker.py:kalman_homography,
R,CLAMP,CLAMP,0
A,1430
S,1,1433,PREDICTION,src/tracking/advanced_tracker.py:flow_gapfill_render,
S,2,1433,PREDICTION,src/tracking/advanced_tracker.py:flow_gapfill_render,
S,3,1433,PREDICTION,src/tracking/advanced_tracker.py:flow_gapfill_render,
S,5,1433,PREDICTION,src/tracking/advanced_tracker.py:flow_gapfill_render,
L,1,1433,PREDICTION,src/tracking/advanced_tracker.py:flow_gapfill_render,
R,CLAMP,CLAMP,0
L,2,1433,PREDICTION,src/tracking/advanced_tracker.py:flow_gapfill_render,
R,CLAMP,CLAMP,0
L,3,1433,PREDICTION,src/tracking/advanced_tracker.py:flow_gapfill_render,
R,CLAMP,CLAMP,0
L,5,1433,PREDICTION,src/tracking/advanced_tracker.py:flow_gapfill_render,
R,CLAMP,CLAMP,0
A,1433
S,0,1436,PREDICTION,src/tracking/advanced_tracker.py:flow_gapfill_render,
L,0,1436,PREDICTION,src/tracking/advanced_tracker.py:flow_gapfill_render,
R,CLAMP,CLAMP,0
A,1436
S,0,1439,PREDICTION,src/tracking/advanced_tracker.py:flow_gapfill_render,
L,0,1439,PREDICTION,src/tracking/advanced_tracker.py:flow_gapfill_render,
R,CLAMP,CLAMP,0
A,1439
S,0,1442,PREDICTION,src/tracking/advanced_tracker.py:flow_gapfill_render,
L,0,1442,PREDICTION,src/tracking/advanced_tracker.py:flow_gapfill_render,
R,CLAMP,CLAMP,0
A,1442
S,5,1445,DETECTION,src/tracking/advanced_tracker.py:_activate_slot,1445_280_714_795_1151
S,6,1445,DETECTION,src/tracking/advanced_tracker.py:_activate_slot,1445_268_969_743_1363
S,7,1445,DETECTION,src/tracking/advanced_tracker.py:_activate_slot,1445_328_609_682_814
S,8,1445,DETECTION,src/tracking/advanced_tracker.py:_activate_slot,1445_198_1539_718_1755
S,9,1445,DETECTION,src/tracking/advanced_tracker.py:_activate_slot,1445_157_276_771_453
S,0,1445,PREDICTION,src/tracking/advanced_tracker.py:kalman_homography,
L,0,1445,PREDICTION,src/tracking/advanced_tracker.py:kalman_homography,
R,CLAMP,CLAMP,0
L,5,1445,DETECTION,src/tracking/advanced_tracker.py:_activate_slot,1445_280_714_795_1151
R,CLAMP,CLAMP,0
L,6,1445,DETECTION,src/tracking/advanced_tracker.py:_activate_slot,1445_268_969_743_1363
R,CLAMP,CLAMP,0
L,7,1445,DETECTION,src/tracking/advanced_tracker.py:_activate_slot,1445_328_609_682_814
R,CLAMP,CLAMP,0
L,8,1445,DETECTION,src/tracking/advanced_tracker.py:_activate_slot,1445_198_1539_718_1755
R,DETECTION,DETECTION,1
L,9,1445,DETECTION,src/tracking/advanced_tracker.py:_activate_slot,1445_157_276_771_453
R,DETECTION,DETECTION,1
A,1445
S,0,1448,DETECTION,src/tracking/advanced_tracker.py:_activate_slot,1448_191_1527_716_1749
S,1,1448,CLAMP,src/tracking/advanced_tracker.py:_activate_slot,1448_148_279_765_465
S,2,1448,DETECTION,src/tracking/advanced_tracker.py:_activate_slot,1448_271_1071_737_1386
S,3,1448,DETECTION,src/tracking/advanced_tracker.py:_activate_slot,1448_270_948_744_1401
S,4,1448,DETECTION,src/tracking/advanced_tracker.py:_activate_slot,1448_330_711_538_810
S,6,1448,DETECTION,src/tracking/advanced_tracker.py:_activate_slot,1448_254_708_792_1188
S,8,1448,DETECTION,src/tracking/advanced_tracker.py:_activate_slot,1448_246_1758_621_1893
S,5,1448,PREDICTION,src/tracking/advanced_tracker.py:kalman_homography,
S,7,1448,PREDICTION,src/tracking/advanced_tracker.py:kalman_homography,
S,9,1448,PREDICTION,src/tracking/advanced_tracker.py:kalman_homography,
D,0,1448
S,1,1448,PREDICTION,src/tracking/advanced_tracker.py:id_merge,
D,2,1448
S,3,1448,PREDICTION,src/tracking/advanced_tracker.py:id_merge,
D,5,1448
S,7,1448,PREDICTION,src/tracking/advanced_tracker.py:id_merge,
L,1,1448,PREDICTION,src/tracking/advanced_tracker.py:id_merge,
R,CLAMP,CLAMP,0
L,3,1448,PREDICTION,src/tracking/advanced_tracker.py:id_merge,
R,CLAMP,CLAMP,0
L,4,1448,DETECTION,src/tracking/advanced_tracker.py:_activate_slot,1448_330_711_538_810
R,CLAMP,CLAMP,0
L,6,1448,DETECTION,src/tracking/advanced_tracker.py:_activate_slot,1448_254_708_792_1188
R,CLAMP,CLAMP,0
L,7,1448,PREDICTION,src/tracking/advanced_tracker.py:id_merge,
R,CLAMP,CLAMP,0
L,8,1448,DETECTION,src/tracking/advanced_tracker.py:_activate_slot,1448_246_1758_621_1893
R,DETECTION,DETECTION,1
L,9,1448,PREDICTION,src/tracking/advanced_tracker.py:kalman_homography,
R,PREDICTION,PREDICTION,1
A,1448
S,0,1451,DETECTION,src/tracking/advanced_tracker.py:_activate_slot,1451_186_1525_720_1741
S,1,1451,CLAMP,src/tracking/advanced_tracker.py:_activate_slot,1451_340_771_541_855
S,2,1451,DETECTION,src/tracking/advanced_tracker.py:_activate_slot,1451_281_1176_730_1395
S,3,1451,DETECTION,src/tracking/advanced_tracker.py:_activate_slot,1451_240_707_781_1280
S,4,1451,DETECTION,src/tracking/advanced_tracker.py:_activate_slot,1451_325_705_538_807
S,8,1451,DETECTION,src/tracking/advanced_tracker.py:_activate_slot,1451_334_1397_592_1541
S,9,1451,DETECTION,src/tracking/advanced_tracker.py:_activate_slot,1451_153_281_768_501
S,5,1451,PREDICTION,src/tracking/advanced_tracker.py:kalman_homography,
S,6,1451,PREDICTION,src/tracking/advanced_tracker.py:kalman_homography,
S,7,1451,PREDICTION,src/tracking/advanced_tracker.py:kalman_homography,
D,0,1451
S,1,1451,PREDICTION,src/tracking/advanced_tracker.py:id_merge,
D,7,1451
S,6,1451,PREDICTION,src/tracking/advanced_tracker.py:id_merge,
L,1,1451,PREDICTION,src/tracking/advanced_tracker.py:id_merge,
R,CLAMP,CLAMP,0
L,2,1451,DETECTION,src/tracking/advanced_tracker.py:_activate_slot,1451_281_1176_730_1395
R,CLAMP,CLAMP,0
L,3,1451,DETECTION,src/tracking/advanced_tracker.py:_activate_slot,1451_240_707_781_1280
R,CLAMP,CLAMP,0
L,4,1451,DETECTION,src/tracking/advanced_tracker.py:_activate_slot,1451_325_705_538_807
R,CLAMP,CLAMP,0
L,5,1451,PREDICTION,src/tracking/advanced_tracker.py:kalman_homography,
R,CLAMP,CLAMP,0
L,6,1451,PREDICTION,src/tracking/advanced_tracker.py:id_merge,
R,CLAMP,CLAMP,0
L,8,1451,DETECTION,src/tracking/advanced_tracker.py:_activate_slot,1451_334_1397_592_1541
R,DETECTION,DETECTION,1
L,9,1451,DETECTION,src/tracking/advanced_tracker.py:_activate_slot,1451_153_281_768_501
R,DETECTION,DETECTION,1
A,1451
S,0,1454,DETECTION,src/tracking/advanced_tracker.py:_activate_slot,1454_186_1507_714_1735
S,1,1454,CLAMP,src/tracking/advanced_tracker.py:_activate_slot,1454_338_766_537_849
S,2,1454,DETECTION,src/tracking/advanced_tracker.py:_activate_slot,1454_288_1113_732_1419
S,3,1454,DETECTION,src/tracking/advanced_tracker.py:_activate_slot,1454_246_715_777_1324
S,4,1454,DETECTION,src/tracking/advanced_tracker.py:_activate_slot,1454_327_699_536_804
S,6,1454,DETECTION,src/tracking/advanced_tracker.py:_activate_slot,1454_333_543_542_630
S,9,1454,DETECTION,src/tracking/advanced_tracker.py:_activate_slot,1454_141_279_768_484
S,5,1454,PREDICTION,src/tracking/advanced_tracker.py:kalman_homography,
S,7,1454,PREDICTION,src/tracking/advanced_tracker.py:kalman_homography,
S,8,1454,PREDICTION,src/tracking/advanced_tracker.py:kalman_homography,
D,0,1454
S,1,1454,PREDICTION,src/tracking/advanced_tracker.py:id_merge,
L,1,1454,PREDICTION,src/tracking/advanced_tracker.py:id_merge,
R,CLAMP,CLAMP,0
L,2,1454,DETECTION,src/tracking/advanced_tracker.py:_activate_slot,1454_288_1113_732_1419
R,CLAMP,CLAMP,0
L,3,1454,DETECTION,src/tracking/advanced_tracker.py:_activate_slot,1454_246_715_777_1324
R,CLAMP,CLAMP,0
L,4,1454,DETECTION,src/tracking/advanced_tracker.py:_activate_slot,1454_327_699_536_804
R,CLAMP,CLAMP,0
L,5,1454,PREDICTION,src/tracking/advanced_tracker.py:kalman_homography,
R,CLAMP,CLAMP,0
L,6,1454,DETECTION,src/tracking/advanced_tracker.py:_activate_slot,1454_333_543_542_630
R,CLAMP,CLAMP,0
L,7,1454,PREDICTION,src/tracking/advanced_tracker.py:kalman_homography,
R,CLAMP,CLAMP,0
L,8,1454,PREDICTION,src/tracking/advanced_tracker.py:kalman_homography,
R,PREDICTION,PREDICTION,1
L,9,1454,DETECTION,src/tracking/advanced_tracker.py:_activate_slot,1454_141_279_768_484
R,DETECTION,DETECTION,1
A,1454
S,0,1457,DETECTION,src/tracking/advanced_tracker.py:_activate_slot,1457_191_1490_714_1713
S,1,1457,CLAMP,src/tracking/advanced_tracker.py:_activate_slot,1457_339_744_537_831
S,2,1457,DETECTION,src/tracking/advanced_tracker.py:_activate_slot,1457_293_1195_724_1537
S,3,1457,DETECTION,src/tracking/advanced_tracker.py:_activate_slot,1457_239_780_745_1026
S,4,1457,DETECTION,src/tracking/advanced_tracker.py:_activate_slot,1457_327_677_535_784
S,9,1457,DETECTION,src/tracking/advanced_tracker.py:_activate_slot,1457_131_264_768_472
S,5,1457,PREDICTION,src/tracking/advanced_tracker.py:kalman_homography,
S,6,1457,PREDICTION,src/tracking/advanced_tracker.py:kalman_homography,
S,7,1457,PREDICTION,src/tracking/advanced_tracker.py:kalman_homography,
S,8,1457,PREDICTION,src/tracking/advanced_tracker.py:kalman_homography,
D,0,1457
S,1,1457,PREDICTION,src/tracking/advanced_tracker.py:id_merge,
D,5,1457
S,6,1457,PREDICTION,src/tracking/advanced_tracker.py:id_merge,
D,6,1457
S,9,1457,PREDICTION,src/tracking/advanced_tracker.py:id_merge,
D,7,1457
S,8,1457,PREDICTION,src/tracking/advanced_tracker.py:id_merge,
L,1,1457,PREDICTION,src/tracking/advanced_tracker.py:id_merge,
R,CLAMP,CLAMP,0
L,2,1457,DETECTION,src/tracking/advanced_tracker.py:_activate_slot,1457_293_1195_724_1537
R,CLAMP,CLAMP,0
L,3,1457,DETECTION,src/tracking/advanced_tracker.py:_activate_slot,1457_239_780_745_1026
R,CLAMP,CLAMP,0
L,4,1457,DETECTION,src/tracking/advanced_tracker.py:_activate_slot,1457_327_677_535_784
R,CLAMP,CLAMP,0
L,8,1457,PREDICTION,src/tracking/advanced_tracker.py:id_merge,
R,PREDICTION,PREDICTION,1
L,9,1457,PREDICTION,src/tracking/advanced_tracker.py:id_merge,
R,PREDICTION,PREDICTION,1
A,1457
S,0,1460,DETECTION,src/tracking/advanced_tracker.py:_activate_slot,1460_192_1492_717_1693
S,1,1460,DETECTION,src/tracking/advanced_tracker.py:_activate_slot,1460_338_801_543_888
S,2,1460,DETECTION,src/tracking/advanced_tracker.py:_activate_slot,1460_290_1187_735_1529
S,3,1460,DETECTION,src/tracking/advanced_tracker.py:_activate_slot,1460_232_804_738_1014
S,4,1460,DETECTION,src/tracking/advanced_tracker.py:_activate_slot,1460_323_662_539_765
S,6,1460,DETECTION,src/tracking/advanced_tracker.py:_activate_slot,1460_337_502_546_591
S,9,1460,DETECTION,src/tracking/advanced_tracker.py:_activate_slot,1460_118_244_767_444
S,5,1460,PREDICTION,src/tracking/advanced_tracker.py:kalman_homography,
S,7,1460,PREDICTION,src/tracking/advanced_tracker.py:kalman_homography,
S,8,1460,PREDICTION,src/tracking/advanced_tracker.py:kalman_homography,
D,1,1460
S,3,1460,PREDICTION,src/tracking/advanced_tracker.py:id_merge,
D,5,1460
S,9,1460,PREDICTION,src/tracking/advanced_tracker.py:id_merge,
L,0,1460,DETECTION,src/tracking/advanced_tracker.py:_activate_slot,1460_192_1492_717_1693
R,CLAMP,CLAMP,0
L,2,1460,DETECTION,src/tracking/advanced_tracker.py:_activate_slot,1460_290_1187_735_1529
R,CLAMP,CLAMP,0
L,3,1460,PREDICTION,src/tracking/advanced_tracker.py:id_merge,
R,CLAMP,CLAMP,0
L,4,1460,DETECTION,src/tracking/advanced_tracker.py:_activate_slot,1460_323_662_539_765
R,CLAMP,CLAMP,0
L,6,1460,DETECTION,src/tracking/advanced_tracker.py:_activate_slot,1460_337_502_546_591
R,CLAMP,CLAMP,0
L,7,1460,PREDICTION,src/tracking/advanced_tracker.py:kalman_homography,
R,CLAMP,CLAMP,0
L,8,1460,PREDICTION,src/tracking/advanced_tracker.py:kalman_homography,
R,PREDICTION,PREDICTION,1
L,9,1460,PREDICTION,src/tracking/advanced_tracker.py:id_merge,
R,PREDICTION,PREDICTION,1
A,1460
S,0,1463,DETECTION,src/tracking/advanced_tracker.py:_activate_slot,1463_200_1445_715_1644
S,1,1463,DETECTION,src/tracking/advanced_tracker.py:_activate_slot,1463_245_1635_612_1785
S,2,1463,DETECTION,src/tracking/advanced_tracker.py:_activate_slot,1463_295_1170_752_1533
S,3,1463,DETECTION,src/tracking/advanced_tracker.py:_activate_slot,1463_219_793_733_982
S,4,1463,DETECTION,src/tracking/advanced_tracker.py:_activate_slot,1463_248_897_762_1343
S,6,1463,PREDICTION,src/tracking/advanced_tracker.py:kalman_homography,
S,7,1463,PREDICTION,src/tracking/advanced_tracker.py:kalman_homography,
S,8,1463,PREDICTION,src/tracking/advanced_tracker.py:kalman_homography,
S,9,1463,PREDICTION,src/tracking/advanced_tracker.py:kalman_homography,
S,5,1463,PREDICTION,src/tracking/advanced_tracker.py:flow_gapfill_batched,
L,0,1463,DETECTION,src/tracking/advanced_tracker.py:_activate_slot,1463_200_1445_715_1644
R,CLAMP,CLAMP,0
L,1,1463,DETECTION,src/tracking/advanced_tracker.py:_activate_slot,1463_245_1635_612_1785
R,CLAMP,CLAMP,0
L,2,1463,DETECTION,src/tracking/advanced_tracker.py:_activate_slot,1463_295_1170_752_1533
R,CLAMP,CLAMP,0
L,3,1463,DETECTION,src/tracking/advanced_tracker.py:_activate_slot,1463_219_793_733_982
R,CLAMP,CLAMP,0
L,4,1463,DETECTION,src/tracking/advanced_tracker.py:_activate_slot,1463_248_897_762_1343
R,CLAMP,CLAMP,0
L,5,1463,PREDICTION,src/tracking/advanced_tracker.py:flow_gapfill_batched,
R,CLAMP,CLAMP,0
L,6,1463,PREDICTION,src/tracking/advanced_tracker.py:kalman_homography,
R,CLAMP,CLAMP,0
L,7,1463,PREDICTION,src/tracking/advanced_tracker.py:kalman_homography,
R,CLAMP,CLAMP,0
L,8,1463,PREDICTION,src/tracking/advanced_tracker.py:kalman_homography,
R,PREDICTION,PREDICTION,1
L,9,1463,PREDICTION,src/tracking/advanced_tracker.py:kalman_homography,
R,PREDICTION,PREDICTION,1
A,1463
S,0,1466,DETECTION,src/tracking/advanced_tracker.py:_activate_slot,1466_191_1413_702_1602
S,1,1466,CLAMP,src/tracking/advanced_tracker.py:_activate_slot,1466_326_582_533_696
S,2,1466,DETECTION,src/tracking/advanced_tracker.py:_activate_slot,1466_294_1179_751_1494
S,3,1466,DETECTION,src/tracking/advanced_tracker.py:_activate_slot,1466_219_768_730_963
S,4,1466,DETECTION,src/tracking/advanced_tracker.py:_activate_slot,1466_249_883_748_1330
S,8,1466,CLAMP,src/tracking/advanced_tracker.py:_activate_slot,1466_214_1725_317_1863
S,6,1466,PREDICTION,src/tracking/advanced_tracker.py:kalman_homography,
S,7,1466,PREDICTION,src/tracking/advanced_tracker.py:kalman_homography,
S,9,1466,PREDICTION,src/tracking/advanced_tracker.py:kalman_homography,
S,5,1466,PREDICTION,src/tracking/advanced_tracker.py:flow_gapfill_batched,
D,6,1466
S,9,1466,PREDICTION,src/tracking/advanced_tracker.py:id_merge,
L,0,1466,DETECTION,src/tracking/advanced_tracker.py:_activate_slot,1466_191_1413_702_1602
R,CLAMP,CLAMP,0
L,1,1466,CLAMP,src/tracking/advanced_tracker.py:_activate_slot,1466_326_582_533_696
R,CLAMP,CLAMP,0
L,2,1466,DETECTION,src/tracking/advanced_tracker.py:_activate_slot,1466_294_1179_751_1494
R,CLAMP,CLAMP,0
L,3,1466,DETECTION,src/tracking/advanced_tracker.py:_activate_slot,1466_219_768_730_963
R,CLAMP,CLAMP,0
L,4,1466,DETECTION,src/tracking/advanced_tracker.py:_activate_slot,1466_249_883_748_1330
R,CLAMP,CLAMP,0
L,5,1466,PREDICTION,src/tracking/advanced_tracker.py:flow_gapfill_batched,
R,CLAMP,CLAMP,0
L,7,1466,PREDICTION,src/tracking/advanced_tracker.py:kalman_homography,
R,CLAMP,CLAMP,0
L,8,1466,CLAMP,src/tracking/advanced_tracker.py:_activate_slot,1466_214_1725_317_1863
R,CLAMP,CLAMP,0
L,9,1466,PREDICTION,src/tracking/advanced_tracker.py:id_merge,
R,PREDICTION,PREDICTION,1
A,1466
S,0,1469,DETECTION,src/tracking/advanced_tracker.py:_activate_slot,1469_180_1332_693_1515
S,1,1469,DETECTION,src/tracking/advanced_tracker.py:_activate_slot,1469_305_1705_636_1933
S,2,1469,DETECTION,src/tracking/advanced_tracker.py:_activate_slot,1469_278_1143_747_1436
S,3,1469,DETECTION,src/tracking/advanced_tracker.py:_activate_slot,1469_218_706_717_886
S,4,1469,DETECTION,src/tracking/advanced_tracker.py:_activate_slot,1469_247_855_743_1162
S,8,1469,PREDICTION,src/tracking/advanced_tracker.py:kalman_homography,
S,9,1469,PREDICTION,src/tracking/advanced_tracker.py:kalman_homography,
S,5,1469,PREDICTION,src/tracking/advanced_tracker.py:flow_gapfill_batched,
S,6,1469,PREDICTION,src/tracking/advanced_tracker.py:flow_gapfill_batched,
S,7,1469,PREDICTION,src/tracking/advanced_tracker.py:flow_gapfill_batched,
L,0,1469,DETECTION,src/tracking/advanced_tracker.py:_activate_slot,1469_180_1332_693_1515
R,CLAMP,CLAMP,0
L,1,1469,DETECTION,src/tracking/advanced_tracker.py:_activate_slot,1469_305_1705_636_1933
R,CLAMP,CLAMP,0
L,2,1469,DETECTION,src/tracking/advanced_tracker.py:_activate_slot,1469_278_1143_747_1436
R,CLAMP,CLAMP,0
L,3,1469,DETECTION,src/tracking/advanced_tracker.py:_activate_slot,1469_218_706_717_886
R,CLAMP,CLAMP,0
L,4,1469,DETECTION,src/tracking/advanced_tracker.py:_activate_slot,1469_247_855_743_1162
R,CLAMP,CLAMP,0
L,5,1469,PREDICTION,src/tracking/advanced_tracker.py:flow_gapfill_batched,
R,CLAMP,CLAMP,0
L,6,1469,PREDICTION,src/tracking/advanced_tracker.py:flow_gapfill_batched,
R,CLAMP,CLAMP,0
L,7,1469,PREDICTION,src/tracking/advanced_tracker.py:flow_gapfill_batched,
R,CLAMP,CLAMP,0
L,8,1469,PREDICTION,src/tracking/advanced_tracker.py:kalman_homography,
R,CLAMP,CLAMP,0
L,9,1469,PREDICTION,src/tracking/advanced_tracker.py:kalman_homography,
R,PREDICTION,PREDICTION,1
A,1469
S,0,1472,DETECTION,src/tracking/advanced_tracker.py:_activate_slot,1472_176_1293_358_1443
S,1,1472,DETECTION,src/tracking/advanced_tracker.py:_activate_slot,1472_307_1665_626_1905
S,2,1472,DETECTION,src/tracking/advanced_tracker.py:_activate_slot,1472_265_1099_739_1488
S,3,1472,DETECTION,src/tracking/advanced_tracker.py:_activate_slot,1472_210_654_708_822
S,4,1472,DETECTION,src/tracking/advanced_tracker.py:_activate_slot,1472_229_816_756_1127
S,8,1472,PREDICTION,src/tracking/advanced_tracker.py:kalman_homography,
S,6,1472,PREDICTION,src/tracking/advanced_tracker.py:flow_gapfill_batched,
S,9,1472,PREDICTION,src/tracking/advanced_tracker.py:flow_gapfill_batched,
L,0,1472,DETECTION,src/tracking/advanced_tracker.py:_activate_slot,1472_176_1293_358_1443
R,CLAMP,CLAMP,0
L,1,1472,DETECTION,src/tracking/advanced_tracker.py:_activate_slot,1472_307_1665_626_1905
R,CLAMP,CLAMP,0
L,2,1472,DETECTION,src/tracking/advanced_tracker.py:_activate_slot,1472_265_1099_739_1488
R,CLAMP,CLAMP,0
L,3,1472,DETECTION,src/tracking/advanced_tracker.py:_activate_slot,1472_210_654_708_822
R,CLAMP,CLAMP,0
L,4,1472,DETECTION,src/tracking/advanced_tracker.py:_activate_slot,1472_229_816_756_1127
R,CLAMP,CLAMP,0
L,6,1472,PREDICTION,src/tracking/advanced_tracker.py:flow_gapfill_batched,
R,CLAMP,CLAMP,0
L,8,1472,PREDICTION,src/tracking/advanced_tracker.py:kalman_homography,
R,CLAMP,CLAMP,0
L,9,1472,PREDICTION,src/tracking/advanced_tracker.py:flow_gapfill_batched,
R,PREDICTION,PREDICTION,1
A,1472
S,0,1475,DETECTION,src/tracking/advanced_tracker.py:_activate_slot,1475_229_999_755_1479
S,2,1475,DETECTION,src/tracking/advanced_tracker.py:_activate_slot,1475_227_1155_722_1455
S,3,1475,DETECTION,src/tracking/advanced_tracker.py:_activate_slot,1475_189_548_714_710
S,4,1475,DETECTION,src/tracking/advanced_tracker.py:_activate_slot,1475_215_728_753_975
S,8,1475,CLAMP,src/tracking/advanced_tracker.py:_activate_slot,1475_295_325_504_450
S,1,1475,PREDICTION,src/tracking/advanced_tracker.py:flow_gapfill_batched,
S,6,1475,PREDICTION,src/tracking/advanced_tracker.py:flow_gapfill_batched,
S,9,1475,PREDICTION,src/tracking/advanced_tracker.py:flow_gapfill_batched,
D,0,1475
S,2,1475,PREDICTION,src/tracking/advanced_tracker.py:id_merge,
D,6,1475
S,9,1475,PREDICTION,src/tracking/advanced_tracker.py:id_merge,
L,1,1475,PREDICTION,src/tracking/advanced_tracker.py:flow_gapfill_batched,
R,CLAMP,CLAMP,0
L,2,1475,PREDICTION,src/tracking/advanced_tracker.py:id_merge,
R,CLAMP,CLAMP,0
L,3,1475,DETECTION,src/tracking/advanced_tracker.py:_activate_slot,1475_189_548_714_710
R,CLAMP,CLAMP,0
L,4,1475,DETECTION,src/tracking/advanced_tracker.py:_activate_slot,1475_215_728_753_975
R,CLAMP,CLAMP,0
L,8,1475,CLAMP,src/tracking/advanced_tracker.py:_activate_slot,1475_295_325_504_450
R,CLAMP,CLAMP,0
L,9,1475,PREDICTION,src/tracking/advanced_tracker.py:id_merge,
R,PREDICTION,PREDICTION,1
A,1475
S,0,1478,DETECTION,src/tracking/advanced_tracker.py:_activate_slot,1478_232_1009_758_1423
S,1,1478,DETECTION,src/tracking/advanced_tracker.py:_activate_slot,1478_220_1308_580_1452
S,2,1478,DETECTION,src/tracking/advanced_tracker.py:_activate_slot,1478_249_1147_758_1425
S,3,1478,DETECTION,src/tracking/advanced_tracker.py:_activate_slot,1478_302_339_510_429
S,4,1478,DETECTION,src/tracking/advanced_tracker.py:_activate_slot,1478_167_1126_350_1261
S,8,1478,PREDICTION,src/tracking/advanced_tracker.py:flow_gapfill_batched,
S,9,1478,PREDICTION,src/tracking/advanced_tracker.py:flow_gapfill_batched,
D,0,1478
S,2,1478,PREDICTION,src/tracking/advanced_tracker.py:id_merge,
L,1,1478,DETECTION,src/tracking/advanced_tracker.py:_activate_slot,1478_220_1308_580_1452
R,CLAMP,CLAMP,0
L,2,1478,PREDICTION,src/tracking/advanced_tracker.py:id_merge,
R,CLAMP,CLAMP,0
L,3,1478,DETECTION,src/tracking/advanced_tracker.py:_activate_slot,1478_302_339_510_429
R,CLAMP,CLAMP,0
L,4,1478,DETECTION,src/tracking/advanced_tracker.py:_activate_slot,1478_167_1126_350_1261
R,CLAMP,CLAMP,0
L,8,1478,PREDICTION,src/tracking/advanced_tracker.py:flow_gapfill_batched,
R,PREDICTION,PREDICTION,1
L,9,1478,PREDICTION,src/tracking/advanced_tracker.py:flow_gapfill_batched,
R,PREDICTION,PREDICTION,1
A,1478
S,0,1481,DETECTION,src/tracking/advanced_tracker.py:_activate_slot,1481_171_1018_548_1174
S,1,1481,DETECTION,src/tracking/advanced_tracker.py:_activate_slot,1481_304_1399_627_1657
S,2,1481,DETECTION,src/tracking/advanced_tracker.py:_activate_slot,1481_228_1092_778_1338
S,3,1481,DETECTION,src/tracking/advanced_tracker.py:_activate_slot,1481_136_384_730_587
S,4,1481,DETECTION,src/tracking/advanced_tracker.py:_activate_slot,1481_190_615_756_945
S,6,1481,PREDICTION,src/tracking/advanced_tracker.py:flow_gapfill_batched,
S,8,1481,PREDICTION,src/tracking/advanced_tracker.py:flow_gapfill_batched,
D,0,1481
S,2,1481,PREDICTION,src/tracking/advanced_tracker.py:id_merge,
D,6,1481
S,8,1481,PREDICTION,src/tracking/advanced_tracker.py:id_merge,
L,1,1481,DETECTION,src/tracking/advanced_tracker.py:_activate_slot,1481_304_1399_627_1657
R,CLAMP,CLAMP,0
L,2,1481,PREDICTION,src/tracking/advanced_tracker.py:id_merge,
R,CLAMP,CLAMP,0
L,3,1481,DETECTION,src/tracking/advanced_tracker.py:_activate_slot,1481_136_384_730_587
R,CLAMP,CLAMP,0
L,4,1481,DETECTION,src/tracking/advanced_tracker.py:_activate_slot,1481_190_615_756_945
R,CLAMP,CLAMP,0
L,8,1481,PREDICTION,src/tracking/advanced_tracker.py:id_merge,
R,PREDICTION,PREDICTION,1
A,1481
S,1,1484,DETECTION,src/tracking/advanced_tracker.py:_activate_slot,1484_298_1371_631_1623
S,2,1484,DETECTION,src/tracking/advanced_tracker.py:_activate_slot,1484_216_1030_810_1369
S,3,1484,DETECTION,src/tracking/advanced_tracker.py:_activate_slot,1484_130_343_734_547
S,4,1484,DETECTION,src/tracking/advanced_tracker.py:_activate_slot,1484_161_589_777_882
S,0,1484,DETECTION,src/tracking/advanced_tracker.py:_activate_slot,1484_178_880_577_1150
S,6,1484,PREDICTION,src/tracking/advanced_tracker.py:flow_gapfill_batched,
S,8,1484,PREDICTION,src/tracking/advanced_tracker.py:flow_gapfill_batched,
D,6,1484
S,8,1484,PREDICTION,src/tracking/advanced_tracker.py:id_merge,
L,0,1484,DETECTION,src/tracking/advanced_tracker.py:_activate_slot,1484_178_880_577_1150
R,CLAMP,CLAMP,0
L,1,1484,DETECTION,src/tracking/advanced_tracker.py:_activate_slot,1484_298_1371_631_1623
R,CLAMP,CLAMP,0
L,2,1484,DETECTION,src/tracking/advanced_tracker.py:_activate_slot,1484_216_1030_810_1369
R,CLAMP,CLAMP,0
L,3,1484,DETECTION,src/tracking/advanced_tracker.py:_activate_slot,1484_130_343_734_547
R,CLAMP,CLAMP,0
L,4,1484,DETECTION,src/tracking/advanced_tracker.py:_activate_slot,1484_161_589_777_882
R,CLAMP,CLAMP,0
L,8,1484,PREDICTION,src/tracking/advanced_tracker.py:id_merge,
R,PREDICTION,PREDICTION,1
A,1484
S,0,1487,DETECTION,src/tracking/advanced_tracker.py:_activate_slot,1487_301_819_567_1016
S,2,1487,DETECTION,src/tracking/advanced_tracker.py:_activate_slot,1487_215_1015_811_1360
S,3,1487,DETECTION,src/tracking/advanced_tracker.py:_activate_slot,1487_151_272_747_520
S,4,1487,DETECTION,src/tracking/advanced_tracker.py:_activate_slot,1487_141_501_794_836
S,1,1487,DETECTION,src/tracking/advanced_tracker.py:_activate_slot,1487_333_1456_627_1654
S,8,1487,CLAMP,src/tracking/advanced_tracker.py:_activate_slot,1487_291_1330_620_1579
L,0,1487,DETECTION,src/tracking/advanced_tracker.py:_activate_slot,1487_301_819_567_1016
R,CLAMP,CLAMP,0
L,1,1487,DETECTION,src/tracking/advanced_tracker.py:_activate_slot,1487_333_1456_627_1654
R,CLAMP,CLAMP,0
L,2,1487,DETECTION,src/tracking/advanced_tracker.py:_activate_slot,1487_215_1015_811_1360
R,CLAMP,CLAMP,0
L,3,1487,DETECTION,src/tracking/advanced_tracker.py:_activate_slot,1487_151_272_747_520
R,CLAMP,CLAMP,0
L,4,1487,DETECTION,src/tracking/advanced_tracker.py:_activate_slot,1487_141_501_794_836
R,CLAMP,CLAMP,0
L,8,1487,CLAMP,src/tracking/advanced_tracker.py:_activate_slot,1487_291_1330_620_1579
R,CLAMP,CLAMP,0
A,1487
S,0,1490,DETECTION,src/tracking/advanced_tracker.py:_activate_slot,1490_294_766_566_1015
S,1,1490,DETECTION,src/tracking/advanced_tracker.py:_activate_slot,1490_289_1323_618_1572
S,2,1490,DETECTION,src/tracking/advanced_tracker.py:_activate_slot,1490_174_954_808_1389
S,3,1490,DETECTION,src/tracking/advanced_tracker.py:_activate_slot,1490_161_261_749_461
S,4,1490,DETECTION,src/tracking/advanced_tracker.py:_activate_slot,1490_137_409_786_822
S,8,1490,PREDICTION,src/tracking/advanced_tracker.py:kalman_homography,
L,0,1490,DETECTION,src/tracking/advanced_tracker.py:_activate_slot,1490_294_766_566_1015
R,CLAMP,CLAMP,0
L,1,1490,DETECTION,src/tracking/advanced_tracker.py:_activate_slot,1490_289_1323_618_1572
R,CLAMP,CLAMP,0
L,2,1490,DETECTION,src/tracking/advanced_tracker.py:_activate_slot,1490_174_954_808_1389
R,CLAMP,CLAMP,0
L,3,1490,DETECTION,src/tracking/advanced_tracker.py:_activate_slot,1490_161_261_749_461
R,CLAMP,CLAMP,0
L,4,1490,DETECTION,src/tracking/advanced_tracker.py:_activate_slot,1490_137_409_786_822
R,CLAMP,CLAMP,0
L,8,1490,PREDICTION,src/tracking/advanced_tracker.py:kalman_homography,
R,CLAMP,CLAMP,0
A,1490
S,0,1493,DETECTION,src/tracking/advanced_tracker.py:_activate_slot,1493_178_1273_280_1402
S,1,1493,DETECTION,src/tracking/advanced_tracker.py:_activate_slot,1493_288_1309_619_1567
S,2,1493,DETECTION,src/tracking/advanced_tracker.py:_activate_slot,1493_152_892_870_1336
S,3,1493,DETECTION,src/tracking/advanced_tracker.py:_activate_slot,1493_165_255_751_522
S,4,1493,CLAMP,src/tracking/advanced_tracker.py:_activate_slot,1493_329_1438_633_1642
S,7,1493,DETECTION,src/tracking/advanced_tracker.py:_activate_slot,1493_90_1626_266_1752
S,8,1493,PREDICTION,src/tracking/advanced_tracker.py:kalman_homography,
L,0,1493,DETECTION,src/tracking/advanced_tracker.py:_activate_slot,1493_178_1273_280_1402
R,CLAMP,CLAMP,0
L,1,1493,DETECTION,src/tracking/advanced_tracker.py:_activate_slot,1493_288_1309_619_1567
R,CLAMP,CLAMP,0
L,2,1493,DETECTION,src/tracking/advanced_tracker.py:_activate_slot,1493_152_892_870_1336
R,CLAMP,CLAMP,0
L,3,1493,DETECTION,src/tracking/advanced_tracker.py:_activate_slot,1493_165_255_751_522
R,CLAMP,CLAMP,0
L,4,1493,CLAMP,src/tracking/advanced_tracker.py:_activate_slot,1493_329_1438_633_1642
R,CLAMP,CLAMP,0
L,7,1493,DETECTION,src/tracking/advanced_tracker.py:_activate_slot,1493_90_1626_266_1752
R,CLAMP,CLAMP,0
L,8,1493,PREDICTION,src/tracking/advanced_tracker.py:kalman_homography,
R,CLAMP,CLAMP,0
A,1493
S,0,1496,CLAMP,src/tracking/advanced_tracker.py:_activate_slot,1496_82_496_852_813
S,1,1496,DETECTION,src/tracking/advanced_tracker.py:_activate_slot,1496_283_1321_617_1579
S,2,1496,DETECTION,src/tracking/advanced_tracker.py:_activate_slot,1496_173_816_891_1356
S,3,1496,DETECTION,src/tracking/advanced_tracker.py:_activate_slot,1496_164_255_755_525
S,4,1496,CLAMP,src/tracking/advanced_tracker.py:_activate_slot,1496_302_1531_633_1741
S,5,1496,DETECTION,src/tracking/advanced_tracker.py:_activate_slot,1496_177_1285_280_1411
S,7,1496,PREDICTION,src/tracking/advanced_tracker.py:kalman_homography,
S,8,1496,PREDICTION,src/tracking/advanced_tracker.py:flow_gapfill_batched,
L,0,1496,CLAMP,src/tracking/advanced_tracker.py:_activate_slot,1496_82_496_852_813
R,CLAMP,CLAMP,0
L,1,1496,DETECTION,src/tracking/advanced_tracker.py:_activate_slot,1496_283_1321_617_1579
R,CLAMP,CLAMP,0
L,2,1496,DETECTION,src/tracking/advanced_tracker.py:_activate_slot,1496_173_816_891_1356
R,CLAMP,CLAMP,0
L,3,1496,DETECTION,src/tracking/advanced_tracker.py:_activate_slot,1496_164_255_755_525
R,CLAMP,CLAMP,0
L,4,1496,CLAMP,src/tracking/advanced_tracker.py:_activate_slot,1496_302_1531_633_1741
R,CLAMP,CLAMP,0
L,5,1496,DETECTION,src/tracking/advanced_tracker.py:_activate_slot,1496_177_1285_280_1411
R,CLAMP,CLAMP,0
L,7,1496,PREDICTION,src/tracking/advanced_tracker.py:kalman_homography,
R,CLAMP,CLAMP,0
L,8,1496,PREDICTION,src/tracking/advanced_tracker.py:flow_gapfill_batched,
R,CLAMP,CLAMP,0
A,1496
S,0,1499,CLAMP,src/tracking/advanced_tracker.py:_activate_slot,1499_78_531_849_876
S,1,1499,DETECTION,src/tracking/advanced_tracker.py:_activate_slot,1499_287_1374_615_1618
S,2,1499,DETECTION,src/tracking/advanced_tracker.py:_activate_slot,1499_160_749_912_1395
S,3,1499,DETECTION,src/tracking/advanced_tracker.py:_activate_slot,1499_148_245_747_521
S,4,1499,DETECTION,src/tracking/advanced_tracker.py:_activate_slot,1499_133_1093_526_1255
S,8,1499,DETECTION,src/tracking/advanced_tracker.py:_activate_slot,1499_178_1327_279_1452
S,5,1499,PREDICTION,src/tracking/advanced_tracker.py:kalman_homography,
S,7,1499,PREDICTION,src/tracking/advanced_tracker.py:kalman_homography,
D,5,1499
S,8,1499,PREDICTION,src/tracking/advanced_tracker.py:id_merge,
L,0,1499,CLAMP,src/tracking/advanced_tracker.py:_activate_slot,1499_78_531_849_876
R,CLAMP,CLAMP,0
L,1,1499,DETECTION,src/tracking/advanced_tracker.py:_activate_slot,1499_287_1374_615_1618
R,CLAMP,CLAMP,0
L,2,1499,DETECTION,src/tracking/advanced_tracker.py:_activate_slot,1499_160_749_912_1395
R,CLAMP,CLAMP,0
L,3,1499,DETECTION,src/tracking/advanced_tracker.py:_activate_slot,1499_148_245_747_521
R,CLAMP,CLAMP,0
L,4,1499,DETECTION,src/tracking/advanced_tracker.py:_activate_slot,1499_133_1093_526_1255
R,CLAMP,CLAMP,0
L,7,1499,PREDICTION,src/tracking/advanced_tracker.py:kalman_homography,
R,CLAMP,CLAMP,0
L,8,1499,PREDICTION,src/tracking/advanced_tracker.py:id_merge,
R,CLAMP,CLAMP,0
A,1499
S,0,1502,CLAMP,src/tracking/advanced_tracker.py:_activate_slot,1502_73_538_888_909
S,1,1502,DETECTION,src/tracking/advanced_tracker.py:_activate_slot,1502_290_1383_608_1633
S,2,1502,DETECTION,src/tracking/advanced_tracker.py:_activate_slot,1502_152_727_924_1365
S,3,1502,DETECTION,src/tracking/advanced_tracker.py:_activate_slot,1502_139_290_737_557
S,4,1502,DETECTION,src/tracking/advanced_tracker.py:_activate_slot,1502_185_1346_285_1473
S,5,1502,PREDICTION,src/tracking/advanced_tracker.py:kalman_homography,
S,7,1502,PREDICTION,src/tracking/advanced_tracker.py:kalman_homography,
S,8,1502,PREDICTION,src/tracking/advanced_tracker.py:kalman_homography,
D,0,1502
S,4,1502,PREDICTION,src/tracking/advanced_tracker.py:id_merge,
D,5,1502
S,8,1502,PREDICTION,src/tracking/advanced_tracker.py:id_merge,
L,1,1502,DETECTION,src/tracking/advanced_tracker.py:_activate_slot,1502_290_1383_608_1633
R,CLAMP,CLAMP,0
L,2,1502,DETECTION,src/tracking/advanced_tracker.py:_activate_slot,1502_152_727_924_1365
R,CLAMP,CLAMP,0
L,3,1502,DETECTION,src/tracking/advanced_tracker.py:_activate_slot,1502_139_290_737_557
R,CLAMP,CLAMP,0
L,4,1502,PREDICTION,src/tracking/advanced_tracker.py:id_merge,
R,CLAMP,CLAMP,0
L,7,1502,PREDICTION,src/tracking/advanced_tracker.py:kalman_homography,
R,CLAMP,CLAMP,0
L,8,1502,PREDICTION,src/tracking/advanced_tracker.py:id_merge,
R,CLAMP,CLAMP,0
A,1502
S,0,1505,CLAMP,src/tracking/advanced_tracker.py:_activate_slot,1505_93_551_828_908
S,1,1505,DETECTION,src/tracking/advanced_tracker.py:_activate_slot,1505_290_1455_591_1695
S,2,1505,DETECTION,src/tracking/advanced_tracker.py:_activate_slot,1505_143_798_945_1260
S,3,1505,DETECTION,src/tracking/advanced_tracker.py:_activate_slot,1505_130_422_729_669
S,4,1505,DETECTION,src/tracking/advanced_tracker.py:_activate_slot,1505_167_1228_665_1399
S,6,1505,DETECTION,src/tracking/advanced_tracker.py:_activate_slot,1505_198_1422_294_1531
S,5,1505,PREDICTION,src/tracking/advanced_tracker.py:kalman_homography,
S,7,1505,PREDICTION,src/tracking/advanced_tracker.py:kalman_homography,
S,8,1505,PREDICTION,src/tracking/advanced_tracker.py:kalman_homography,
D,8,1505
S,6,1505,PREDICTION,src/tracking/advanced_tracker.py:id_merge,
L,0,1505,CLAMP,src/tracking/advanced_tracker.py:_activate_slot,1505_93_551_828_908
R,CLAMP,CLAMP,0
L,1,1505,DETECTION,src/tracking/advanced_tracker.py:_activate_slot,1505_290_1455_591_1695
R,CLAMP,CLAMP,0
L,2,1505,DETECTION,src/tracking/advanced_tracker.py:_activate_slot,1505_143_798_945_1260
R,CLAMP,CLAMP,0
L,3,1505,DETECTION,src/tracking/advanced_tracker.py:_activate_slot,1505_130_422_729_669
R,CLAMP,CLAMP,0
L,4,1505,DETECTION,src/tracking/advanced_tracker.py:_activate_slot,1505_167_1228_665_1399
R,CLAMP,CLAMP,0
L,5,1505,PREDICTION,src/tracking/advanced_tracker.py:kalman_homography,
R,CLAMP,CLAMP,0
L,6,1505,PREDICTION,src/tracking/advanced_tracker.py:id_merge,
R,CLAMP,CLAMP,0
L,7,1505,PREDICTION,src/tracking/advanced_tracker.py:kalman_homography,
R,CLAMP,CLAMP,0
A,1505
S,0,1508,CLAMP,src/tracking/advanced_tracker.py:_activate_slot,1508_78_575_858_929
S,1,1508,DETECTION,src/tracking/advanced_tracker.py:_activate_slot,1508_299_1510_582_1747
S,2,1508,DETECTION,src/tracking/advanced_tracker.py:_activate_slot,1508_128_805_925_1285
S,3,1508,DETECTION,src/tracking/advanced_tracker.py:_activate_slot,1508_154_519_730_715
S,4,1508,DETECTION,src/tracking/advanced_tracker.py:_activate_slot,1508_345_1710_612_1932
S,6,1508,DETECTION,src/tracking/advanced_tracker.py:_activate_slot,1508_207_1476_299_1585
S,5,1508,PREDICTION,src/tracking/advanced_tracker.py:kalman_homography,
S,7,1508,PREDICTION,src/tracking/advanced_tracker.py:kalman_homography,
S,8,1508,PREDICTION,src/tracking/advanced_tracker.py:kalman_homography,
D,8,1508
S,6,1508,PREDICTION,src/tracking/advanced_tracker.py:id_merge,
L,0,1508,CLAMP,src/tracking/advanced_tracker.py:_activate_slot,1508_78_575_858_929
R,CLAMP,CLAMP,0
L,1,1508,DETECTION,src/tracking/advanced_tracker.py:_activate_slot,1508_299_1510_582_1747
R,CLAMP,CLAMP,0
L,2,1508,DETECTION,src/tracking/advanced_tracker.py:_activate_slot,1508_128_805_925_1285
R,CLAMP,CLAMP,0
L,3,1508,DETECTION,src/tracking/advanced_tracker.py:_activate_slot,1508_154_519_730_715
R,CLAMP,CLAMP,0
L,4,1508,DETECTION,src/tracking/advanced_tracker.py:_activate_slot,1508_345_1710_612_1932
R,CLAMP,CLAMP,0
L,5,1508,PREDICTION,src/tracking/advanced_tracker.py:kalman_homography,
R,CLAMP,CLAMP,0
L,6,1508,PREDICTION,src/tracking/advanced_tracker.py:id_merge,
R,CLAMP,CLAMP,0
L,7,1508,PREDICTION,src/tracking/advanced_tracker.py:kalman_homography,
R,CLAMP,CLAMP,0
A,1508
S,0,1511,CLAMP,src/tracking/advanced_tracker.py:_activate_slot,1511_77_566_889_918
S,2,1511,DETECTION,src/tracking/advanced_tracker.py:_activate_slot,1511_123_811_909_1306
S,3,1511,DETECTION,src/tracking/advanced_tracker.py:_activate_slot,1511_185_312_690_516
S,6,1511,DETECTION,src/tracking/advanced_tracker.py:_activate_slot,1511_192_1423_572_1591
S,9,1511,DETECTION,src/tracking/advanced_tracker.py:_activate_slot,1511_215_289_625_404
S,1,1511,PREDICTION,src/tracking/advanced_tracker.py:kalman_homography,
S,4,1511,PREDICTION,src/tracking/advanced_tracker.py:kalman_homography,
S,5,1511,PREDICTION,src/tracking/advanced_tracker.py:kalman_homography,
S,7,1511,PREDICTION,src/tracking/advanced_tracker.py:kalman_homography,
S,8,1511,PREDICTION,src/tracking/advanced_tracker.py:kalman_homography,
L,0,1511,CLAMP,src/tracking/advanced_tracker.py:_activate_slot,1511_77_566_889_918
R,CLAMP,CLAMP,0
L,1,1511,PREDICTION,src/tracking/advanced_tracker.py:kalman_homography,
R,CLAMP,CLAMP,0
L,2,1511,DETECTION,src/tracking/advanced_tracker.py:_activate_slot,1511_123_811_909_1306
R,CLAMP,CLAMP,0
L,3,1511,DETECTION,src/tracking/advanced_tracker.py:_activate_slot,1511_185_312_690_516
R,CLAMP,CLAMP,0
L,4,1511,PREDICTION,src/tracking/advanced_tracker.py:kalman_homography,
R,CLAMP,CLAMP,0
L,5,1511,PREDICTION,src/tracking/advanced_tracker.py:kalman_homography,
R,CLAMP,CLAMP,0
L,6,1511,DETECTION,src/tracking/advanced_tracker.py:_activate_slot,1511_192_1423_572_1591
R,CLAMP,CLAMP,0
L,7,1511,PREDICTION,src/tracking/advanced_tracker.py:kalman_homography,
R,CLAMP,CLAMP,0
L,8,1511,PREDICTION,src/tracking/advanced_tracker.py:kalman_homography,
R,CLAMP,CLAMP,0
L,9,1511,DETECTION,src/tracking/advanced_tracker.py:_activate_slot,1511_215_289_625_404
R,DETECTION,DETECTION,1
A,1511
S,0,1514,CLAMP,src/tracking/advanced_tracker.py:_activate_slot,1514_99_661_870_982
S,2,1514,DETECTION,src/tracking/advanced_tracker.py:_activate_slot,1514_147_816_975_1242
S,3,1514,DETECTION,src/tracking/advanced_tracker.py:_activate_slot,1514_220_462_639_635
S,1,1514,DETECTION,src/tracking/advanced_tracker.py:_activate_slot,1514_327_1710_585_1902
S,6,1514,DETECTION,src/tracking/advanced_tracker.py:_activate_slot,1514_202_1513_609_1681
S,5,1514,PREDICTION,src/tracking/advanced_tracker.py:kalman_homography,
S,7,1514,PREDICTION,src/tracking/advanced_tracker.py:kalman_homography,
S,8,1514,PREDICTION,src/tracking/advanced_tracker.py:kalman_homography,
S,9,1514,PREDICTION,src/tracking/advanced_tracker.py:kalman_homography,
S,4,1514,PREDICTION,src/tracking/advanced_tracker.py:flow_gapfill_batched,
D,4,1514
S,1,1514,PREDICTION,src/tracking/advanced_tracker.py:id_merge,
L,0,1514,CLAMP,src/tracking/advanced_tracker.py:_activate_slot,1514_99_661_870_982
R,CLAMP,CLAMP,0
L,1,1514,PREDICTION,src/tracking/advanced_tracker.py:id_merge,
R,CLAMP,CLAMP,0
L,2,1514,DETECTION,src/tracking/advanced_tracker.py:_activate_slot,1514_147_816_975_1242
R,CLAMP,CLAMP,0
L,3,1514,DETECTION,src/tracking/advanced_tracker.py:_activate_slot,1514_220_462_639_635
R,CLAMP,CLAMP,0
L,5,1514,PREDICTION,src/tracking/advanced_tracker.py:kalman_homography,
R,CLAMP,CLAMP,0
L,6,1514,DETECTION,src/tracking/advanced_tracker.py:_activate_slot,1514_202_1513_609_1681
R,CLAMP,CLAMP,0
L,7,1514,PREDICTION,src/tracking/advanced_tracker.py:kalman_homography,
R,CLAMP,CLAMP,0
L,8,1514,PREDICTION,src/tracking/advanced_tracker.py:kalman_homography,
R,CLAMP,CLAMP,0
L,9,1514,PREDICTION,src/tracking/advanced_tracker.py:kalman_homography,
R,PREDICTION,PREDICTION,1
A,1514
S,2,1517,DETECTION,src/tracking/advanced_tracker.py:_activate_slot,1517_199_693_974_1165
S,3,1517,DETECTION,src/tracking/advanced_tracker.py:_activate_slot,1517_180_330_776_571
S,4,1517,DETECTION,src/tracking/advanced_tracker.py:_activate_slot,1517_239_1605_667_1788
S,0,1517,CLAMP,src/tracking/advanced_tracker.py:_activate_slot,1517_183_711_678_888
S,9,1517,DETECTION,src/tracking/advanced_tracker.py:_activate_slot,1517_261_647_684_809
S,1,1517,PREDICTION,src/tracking/advanced_tracker.py:kalman_homography,
S,5,1517,PREDICTION,src/tracking/advanced_tracker.py:kalman_homography,
S,6,1517,PREDICTION,src/tracking/advanced_tracker.py:kalman_homography,
S,7,1517,PREDICTION,src/tracking/advanced_tracker.py:flow_gapfill_batched,
L,0,1517,CLAMP,src/tracking/advanced_tracker.py:_activate_slot,1517_183_711_678_888
R,CLAMP,CLAMP,0
L,1,1517,PREDICTION,src/tracking/advanced_tracker.py:kalman_homography,
R,CLAMP,CLAMP,0
L,2,1517,DETECTION,src/tracking/advanced_tracker.py:_activate_slot,1517_199_693_974_1165
R,CLAMP,CLAMP,0
L,3,1517,DETECTION,src/tracking/advanced_tracker.py:_activate_slot,1517_180_330_776_571
R,CLAMP,CLAMP,0
L,4,1517,DETECTION,src/tracking/advanced_tracker.py:_activate_slot,1517_239_1605_667_1788
R,CLAMP,CLAMP,0
L,5,1517,PREDICTION,src/tracking/advanced_tracker.py:kalman_homography,
R,CLAMP,CLAMP,0
L,6,1517,PREDICTION,src/tracking/advanced_tracker.py:kalman_homography,
R,CLAMP,CLAMP,0
L,7,1517,PREDICTION,src/tracking/advanced_tracker.py:flow_gapfill_batched,
R,CLAMP,CLAMP,0
L,9,1517,DETECTION,src/tracking/advanced_tracker.py:_activate_slot,1517_261_647_684_809
R,CLAMP,CLAMP,1
A,1517
S,0,1520,DETECTION,src/tracking/advanced_tracker.py:_activate_slot,1520_161_750_691_928
S,1,1520,CLAMP,src/tracking/advanced_tracker.py:_activate_slot,1520_246_852_970_1245
S,2,1520,DETECTION,src/tracking/advanced_tracker.py:_activate_slot,1520_226_729_951_1105
S,3,1520,DETECTION,src/tracking/advanced_tracker.py:_activate_slot,1520_213_455_786_686
S,4,1520,DETECTION,src/tracking/advanced_tracker.py:_activate_slot,1520_267_1677_676_1875
S,6,1520,PREDICTION,src/tracking/advanced_tracker.py:kalman_homography,
S,9,1520,PREDICTION,src/tracking/advanced_tracker.py:kalman_homography,
S,5,1520,PREDICTION,src/tracking/advanced_tracker.py:flow_gapfill_batched,
S,8,1520,PREDICTION,src/tracking/advanced_tracker.py:flow_gapfill_batched,
D,0,1520
S,2,1520,PREDICTION,src/tracking/advanced_tracker.py:id_merge,
D,5,1520
S,8,1520,PREDICTION,src/tracking/advanced_tracker.py:id_merge,
L,1,1520,CLAMP,src/tracking/advanced_tracker.py:_activate_slot,1520_246_852_970_1245
R,CLAMP,CLAMP,0
L,2,1520,PREDICTION,src/tracking/advanced_tracker.py:id_merge,
R,CLAMP,CLAMP,0
L,3,1520,DETECTION,src/tracking/advanced_tracker.py:_activate_slot,1520_213_455_786_686
R,CLAMP,CLAMP,0
L,4,1520,DETECTION,src/tracking/advanced_tracker.py:_activate_slot,1520_267_1677_676_1875
R,CLAMP,CLAMP,0
L,6,1520,PREDICTION,src/tracking/advanced_tracker.py:kalman_homography,
R,CLAMP,CLAMP,0
L,8,1520,PREDICTION,src/tracking/advanced_tracker.py:id_merge,
R,CLAMP,CLAMP,0
L,9,1520,PREDICTION,src/tracking/advanced_tracker.py:kalman_homography,
R,CLAMP,CLAMP,0
A,1520
S,1,1523,DETECTION,src/tracking/advanced_tracker.py:_activate_slot,1523_300_1132_716_1291
S,2,1523,DETECTION,src/tracking/advanced_tracker.py:_activate_slot,1523_203_744_972_1340
S,3,1523,DETECTION,src/tracking/advanced_tracker.py:_activate_slot,1523_258_603_760_816
S,4,1523,DETECTION,src/tracking/advanced_tracker.py:_activate_slot,1523_299_1770_687_1932
S,0,1523,PREDICTION,src/tracking/advanced_tracker.py:kalman_homography,
S,6,1523,PREDICTION,src/tracking/advanced_tracker.py:kalman_homography,
S,9,1523,PREDICTION,src/tracking/advanced_tracker.py:kalman_homography,
S,8,1523,PREDICTION,src/tracking/advanced_tracker.py:flow_gapfill_batched,
L,0,1523,PREDICTION,src/tracking/advanced_tracker.py:kalman_homography,
R,CLAMP,CLAMP,0
L,1,1523,DETECTION,src/tracking/advanced_tracker.py:_activate_slot,1523_300_1132_716_1291
R,CLAMP,CLAMP,0
L,2,1523,DETECTION,src/tracking/advanced_tracker.py:_activate_slot,1523_203_744_972_1340
R,CLAMP,CLAMP,0
L,3,1523,DETECTION,src/tracking/advanced_tracker.py:_activate_slot,1523_258_603_760_816
R,CLAMP,CLAMP,0
L,4,1523,DETECTION,src/tracking/advanced_tracker.py:_activate_slot,1523_299_1770_687_1932
R,CLAMP,CLAMP,0
L,6,1523,PREDICTION,src/tracking/advanced_tracker.py:kalman_homography,
R,CLAMP,CLAMP,0
L,8,1523,PREDICTION,src/tracking/advanced_tracker.py:flow_gapfill_batched,
R,CLAMP,CLAMP,0
L,9,1523,PREDICTION,src/tracking/advanced_tracker.py:kalman_homography,
R,CLAMP,CLAMP,0
A,1523
S,0,1526,DETECTION,src/tracking/advanced_tracker.py:_activate_slot,1526_200_730_1008_1390
S,1,1526,DETECTION,src/tracking/advanced_tracker.py:_activate_slot,1526_328_1204_733_1350
S,3,1526,DETECTION,src/tracking/advanced_tracker.py:_activate_slot,1526_294_700_794_898
S,4,1526,DETECTION,src/tracking/advanced_tracker.py:_activate_slot,1526_348_1842_701_1935
S,2,1526,PREDICTION,src/tracking/advanced_tracker.py:kalman_homography,
S,6,1526,PREDICTION,src/tracking/advanced_tracker.py:kalman_homography,
S,9,1526,PREDICTION,src/tracking/advanced_tracker.py:kalman_homography,
D,2,1526
S,0,1526,PREDICTION,src/tracking/advanced_tracker.py:id_merge,
L,0,1526,PREDICTION,src/tracking/advanced_tracker.py:id_merge,
R,CLAMP,CLAMP,0
L,1,1526,DETECTION,src/tracking/advanced_tracker.py:_activate_slot,1526_328_1204_733_1350
R,CLAMP,CLAMP,0
L,3,1526,DETECTION,src/tracking/advanced_tracker.py:_activate_slot,1526_294_700_794_898
R,CLAMP,CLAMP,0
L,4,1526,DETECTION,src/tracking/advanced_tracker.py:_activate_slot,1526_348_1842_701_1935
R,CLAMP,CLAMP,0
L,6,1526,PREDICTION,src/tracking/advanced_tracker.py:kalman_homography,
R,CLAMP,CLAMP,0
L,9,1526,PREDICTION,src/tracking/advanced_tracker.py:kalman_homography,
R,CLAMP,CLAMP,0
A,1526
S,0,1529,DETECTION,src/tracking/advanced_tracker.py:_activate_slot,1529_363_1236_569_1347
S,1,1529,DETECTION,src/tracking/advanced_tracker.py:_activate_slot,1529_366_1095_707_1216
S,2,1529,DETECTION,src/tracking/advanced_tracker.py:_activate_slot,1529_77_819_1012_1374
S,3,1529,DETECTION,src/tracking/advanced_tracker.py:_activate_slot,1529_329_790_750_970
S,4,1529,DETECTION,src/tracking/advanced_tracker.py:_activate_slot,1529_362_1285_737_1428
S,6,1529,PREDICTION,src/tracking/advanced_tracker.py:kalman_homography,
S,9,1529,PREDICTION,src/tracking/advanced_tracker.py:kalman_homography,
D,0,1529
S,4,1529,PREDICTION,src/tracking/advanced_tracker.py:id_merge,
L,1,1529,DETECTION,src/tracking/advanced_tracker.py:_activate_slot,1529_366_1095_707_1216
R,CLAMP,CLAMP,0
L,2,1529,DETECTION,src/tracking/advanced_tracker.py:_activate_slot,1529_77_819_1012_1374
R,CLAMP,CLAMP,0
L,3,1529,DETECTION,src/tracking/advanced_tracker.py:_activate_slot,1529_329_790_750_970
R,CLAMP,CLAMP,0
L,4,1529,PREDICTION,src/tracking/advanced_tracker.py:id_merge,
R,CLAMP,CLAMP,0
L,6,1529,PREDICTION,src/tracking/advanced_tracker.py:kalman_homography,
R,CLAMP,CLAMP,0
L,9,1529,PREDICTION,src/tracking/advanced_tracker.py:kalman_homography,
R,CLAMP,CLAMP,0
A,1529
S,0,1532,DETECTION,src/tracking/advanced_tracker.py:_activate_slot,1532_375_1332_741_1473
S,1,1532,DETECTION,src/tracking/advanced_tracker.py:_activate_slot,1532_380_1155_720_1281
S,2,1532,DETECTION,src/tracking/advanced_tracker.py:_activate_slot,1532_78_813_996_1278
S,3,1532,DETECTION,src/tracking/advanced_tracker.py:_activate_slot,1532_401_290_771_451
S,4,1532,PREDICTION,src/tracking/advanced_tracker.py:kalman_homography,
S,6,1532,PREDICTION,src/tracking/advanced_tracker.py:kalman_homography,
S,9,1532,PREDICTION,src/tracking/advanced_tracker.py:kalman_homography,
D,4,1532
S,0,1532,PREDICTION,src/tracking/advanced_tracker.py:id_merge,
L,0,1532,PREDICTION,src/tracking/advanced_tracker.py:id_merge,
R,CLAMP,CLAMP,0
L,1,1532,DETECTION,src/tracking/advanced_tracker.py:_activate_slot,1532_380_1155_720_1281
R,CLAMP,CLAMP,0
L,2,1532,DETECTION,src/tracking/advanced_tracker.py:_activate_slot,1532_78_813_996_1278
R,CLAMP,CLAMP,0
L,3,1532,DETECTION,src/tracking/advanced_tracker.py:_activate_slot,1532_401_290_771_451
R,CLAMP,CLAMP,0
L,6,1532,PREDICTION,src/tracking/advanced_tracker.py:kalman_homography,
R,CLAMP,CLAMP,0
L,9,1532,PREDICTION,src/tracking/advanced_tracker.py:kalman_homography,
R,CLAMP,CLAMP,0
A,1532
S,0,1535,DETECTION,src/tracking/advanced_tracker.py:_activate_slot,1535_388_1369_746_1534
S,1,1535,DETECTION,src/tracking/advanced_tracker.py:_activate_slot,1535_395_1201_731_1333
S,2,1535,DETECTION,src/tracking/advanced_tracker.py:_activate_slot,1535_152_804_979_1139
S,9,1535,CLAMP,src/tracking/advanced_tracker.py:_activate_slot,1535_427_394_768_571
S,3,1535,PREDICTION,src/tracking/advanced_tracker.py:kalman_homography,
S,4,1535,PREDICTION,src/tracking/advanced_tracker.py:kalman_homography,
S,6,1535,PREDICTION,src/tracking/advanced_tracker.py:flow_gapfill_batched,
D,4,1535
S,1,1535,PREDICTION,src/tracking/advanced_tracker.py:id_merge,
L,0,1535,DETECTION,src/tracking/advanced_tracker.py:_activate_slot,1535_388_1369_746_1534
R,CLAMP,CLAMP,0
L,1,1535,PREDICTION,src/tracking/advanced_tracker.py:id_merge,
R,CLAMP,CLAMP,0
L,2,1535,DETECTION,src/tracking/advanced_tracker.py:_activate_slot,1535_152_804_979_1139
R,CLAMP,CLAMP,0
L,3,1535,PREDICTION,src/tracking/advanced_tracker.py:kalman_homography,
R,CLAMP,CLAMP,0
L,6,1535,PREDICTION,src/tracking/advanced_tracker.py:flow_gapfill_batched,
R,CLAMP,CLAMP,0
L,9,1535,CLAMP,src/tracking/advanced_tracker.py:_activate_slot,1535_427_394_768_571
R,CLAMP,CLAMP,0
A,1535
S,0,1538,DETECTION,src/tracking/advanced_tracker.py:_activate_slot,1538_404_1394_751_1539
S,1,1538,DETECTION,src/tracking/advanced_tracker.py:_activate_slot,1538_415_1233_733_1361
S,2,1538,DETECTION,src/tracking/advanced_tracker.py:_activate_slot,1538_114_775_974_1185
S,4,1538,CLAMP,src/tracking/advanced_tracker.py:_activate_slot,1538_452_494_771_630
S,9,1538,PREDICTION,src/tracking/advanced_tracker.py:kalman_homography,
S,3,1538,PREDICTION,src/tracking/advanced_tracker.py:flow_gapfill_batched,
S,6,1538,PREDICTION,src/tracking/advanced_tracker.py:flow_gapfill_batched,
D,0,1538
S,4,1538,PREDICTION,src/tracking/advanced_tracker.py:id_merge,
D,1,1538
S,4,1538,PREDICTION,src/tracking/advanced_tracker.py:id_merge,
L,2,1538,DETECTION,src/tracking/advanced_tracker.py:_activate_slot,1538_114_775_974_1185
R,CLAMP,CLAMP,0
L,3,1538,PREDICTION,src/tracking/advanced_tracker.py:flow_gapfill_batched,
R,CLAMP,CLAMP,0
L,4,1538,PREDICTION,src/tracking/advanced_tracker.py:id_merge,
R,CLAMP,CLAMP,0
L,6,1538,PREDICTION,src/tracking/advanced_tracker.py:flow_gapfill_batched,
R,CLAMP,CLAMP,0
L,9,1538,PREDICTION,src/tracking/advanced_tracker.py:kalman_homography,
R,PREDICTION,PREDICTION,1
A,1538
S,0,1541,DETECTION,src/tracking/advanced_tracker.py:_activate_slot,1541_431_1410_768_1545
S,1,1541,DETECTION,src/tracking/advanced_tracker.py:_activate_slot,1541_441_1266_746_1386
S,2,1541,DETECTION,src/tracking/advanced_tracker.py:_activate_slot,1541_118_769_912_1192
S,4,1541,DETECTION,src/tracking/advanced_tracker.py:_activate_slot,1541_466_1036_834_1192
S,6,1541,CLAMP,src/tracking/advanced_tracker.py:_activate_slot,1541_481_572_777_704
S,9,1541,PREDICTION,src/tracking/advanced_tracker.py:kalman_homography,
L,0,1541,DETECTION,src/tracking/advanced_tracker.py:_activate_slot,1541_431_1410_768_1545
R,CLAMP,CLAMP,0
L,1,1541,DETECTION,src/tracking/advanced_tracker.py:_activate_slot,1541_441_1266_746_1386
R,CLAMP,CLAMP,0
L,2,1541,DETECTION,src/tracking/advanced_tracker.py:_activate_slot,1541_118_769_912_1192
R,CLAMP,CLAMP,0
L,4,1541,DETECTION,src/tracking/advanced_tracker.py:_activate_slot,1541_466_1036_834_1192
R,CLAMP,CLAMP,0
L,6,1541,CLAMP,src/tracking/advanced_tracker.py:_activate_slot,1541_481_572_777_704
R,CLAMP,CLAMP,0
L,9,1541,PREDICTION,src/tracking/advanced_tracker.py:kalman_homography,
R,PREDICTION,PREDICTION,1
A,1541
S,0,1544,DETECTION,src/tracking/advanced_tracker.py:_activate_slot,1544_459_1413_775_1551
S,1,1544,DETECTION,src/tracking/advanced_tracker.py:_activate_slot,1544_462_1282_756_1398
S,2,1544,DETECTION,src/tracking/advanced_tracker.py:_activate_slot,1544_88_849_876_1170
S,3,1544,DETECTION,src/tracking/advanced_tracker.py:_activate_slot,1544_505_648_784_768
S,4,1544,DETECTION,src/tracking/advanced_tracker.py:_activate_slot,1544_462_1027_816_1213
S,6,1544,PREDICTION,src/tracking/advanced_tracker.py:kalman_homography,
S,9,1544,PREDICTION,src/tracking/advanced_tracker.py:kalman_homography,
D,0,1544
S,1,1544,PREDICTION,src/tracking/advanced_tracker.py:id_merge,
D,2,1544
S,4,1544,PREDICTION,src/tracking/advanced_tracker.py:id_merge,
L,1,1544,PREDICTION,src/tracking/advanced_tracker.py:id_merge,
R,CLAMP,CLAMP,0
L,3,1544,DETECTION,src/tracking/advanced_tracker.py:_activate_slot,1544_505_648_784_768
R,CLAMP,CLAMP,0
L,4,1544,PREDICTION,src/tracking/advanced_tracker.py:id_merge,
R,CLAMP,CLAMP,0
L,6,1544,PREDICTION,src/tracking/advanced_tracker.py:kalman_homography,
R,CLAMP,CLAMP,0
L,9,1544,PREDICTION,src/tracking/advanced_tracker.py:kalman_homography,
R,PREDICTION,PREDICTION,1
A,1544
S,0,1547,DETECTION,src/tracking/advanced_tracker.py:_activate_slot,1547_491_1414_786_1549
S,1,1547,DETECTION,src/tracking/advanced_tracker.py:_activate_slot,1547_491_1301_765_1412
S,2,1547,DETECTION,src/tracking/advanced_tracker.py:_activate_slot,1547_144_766_876_1152
S,3,1547,DETECTION,src/tracking/advanced_tracker.py:_activate_slot,1547_525_710_792_825
S,4,1547,DETECTION,src/tracking/advanced_tracker.py:_activate_slot,1547_471_1062_813_1227
S,6,1547,PREDICTION,src/tracking/advanced_tracker.py:kalman_homography,
S,9,1547,PREDICTION,src/tracking/advanced_tracker.py:flow_gapfill_batched,
D,0,1547
S,1,1547,PREDICTION,src/tracking/advanced_tracker.py:id_merge,
L,1,1547,PREDICTION,src/tracking/advanced_tracker.py:id_merge,
R,CLAMP,CLAMP,0
L,2,1547,DETECTION,src/tracking/advanced_tracker.py:_activate_slot,1547_144_766_876_1152
R,CLAMP,CLAMP,0
L,3,1547,DETECTION,src/tracking/advanced_tracker.py:_activate_slot,1547_525_710_792_825
R,CLAMP,CLAMP,0
L,4,1547,DETECTION,src/tracking/advanced_tracker.py:_activate_slot,1547_471_1062_813_1227
R,CLAMP,CLAMP,0
L,6,1547,PREDICTION,src/tracking/advanced_tracker.py:kalman_homography,
R,CLAMP,CLAMP,0
L,9,1547,PREDICTION,src/tracking/advanced_tracker.py:flow_gapfill_batched,
R,PREDICTION,PREDICTION,1
A,1547
S,0,1550,DETECTION,src/tracking/advanced_tracker.py:_activate_slot,1550_505_1419_792_1554
S,1,1550,DETECTION,src/tracking/advanced_tracker.py:_activate_slot,1550_500_1308_777_1419
S,2,1550,DETECTION,src/tracking/advanced_tracker.py:_activate_slot,1550_198_864_870_1140
S,3,1550,DETECTION,src/tracking/advanced_tracker.py:_activate_slot,1550_540_741_797_855
S,4,1550,DETECTION,src/tracking/advanced_tracker.py:_activate_slot,1550_493_1074_810_1233
S,9,1550,PREDICTION,src/tracking/advanced_tracker.py:flow_gapfill_batched,
D,0,1550
S,1,1550,PREDICTION,src/tracking/advanced_tracker.py:id_merge,
L,1,1550,PREDICTION,src/tracking/advanced_tracker.py:id_merge,
R,CLAMP,CLAMP,0
L,2,1550,DETECTION,src/tracking/advanced_tracker.py:_activate_slot,1550_198_864_870_1140
R,CLAMP,CLAMP,0
L,3,1550,DETECTION,src/tracking/advanced_tracker.py:_activate_slot,1550_540_741_797_855
R,CLAMP,CLAMP,0
L,4,1550,DETECTION,src/tracking/advanced_tracker.py:_activate_slot,1550_493_1074_810_1233
R,CLAMP,CLAMP,0
L,9,1550,PREDICTION,src/tracking/advanced_tracker.py:flow_gapfill_batched,
R,PREDICTION,PREDICTION,1
A,1550
S,0,1553,CLAMP,src/tracking/advanced_tracker.py:_activate_slot,1553_480_423_947_612
S,1,1553,DETECTION,src/tracking/advanced_tracker.py:_activate_slot,1553_520_1323_778_1425
S,2,1553,DETECTION,src/tracking/advanced_tracker.py:_activate_slot,1553_279_850_895_1122
S,3,1553,DETECTION,src/tracking/advanced_tracker.py:_activate_slot,1553_519_532_912_688
S,4,1553,DETECTION,src/tracking/advanced_tracker.py:_activate_slot,1553_506_1092_831_1237
S,6,1553,DETECTION,src/tracking/advanced_tracker.py:_activate_slot,1553_552_792_799_912
S,9,1553,PREDICTION,src/tracking/advanced_tracker.py:flow_gapfill_batched,
D,0,1553
S,1,1553,PREDICTION,src/tracking/advanced_tracker.py:id_merge,
L,1,1553,PREDICTION,src/tracking/advanced_tracker.py:id_merge,
R,CLAMP,CLAMP,0
L,2,1553,DETECTION,src/tracking/advanced_tracker.py:_activate_slot,1553_279_850_895_1122
R,CLAMP,CLAMP,0
L,3,1553,DETECTION,src/tracking/advanced_tracker.py:_activate_slot,1553_519_532_912_688
R,CLAMP,CLAMP,0
L,4,1553,DETECTION,src/tracking/advanced_tracker.py:_activate_slot,1553_506_1092_831_1237
R,CLAMP,CLAMP,0
L,6,1553,DETECTION,src/tracking/advanced_tracker.py:_activate_slot,1553_552_792_799_912
R,CLAMP,CLAMP,0
L,9,1553,PREDICTION,src/tracking/advanced_tracker.py:flow_gapfill_batched,
R,PREDICTION,PREDICTION,1
A,1553
S,0,1556,CLAMP,src/tracking/advanced_tracker.py:_activate_slot,1556_486_403_980_657
S,1,1556,DETECTION,src/tracking/advanced_tracker.py:_activate_slot,1556_524_1329_780_1428
S,2,1556,DETECTION,src/tracking/advanced_tracker.py:_activate_slot,1556_331_838_912_1105
S,3,1556,DETECTION,src/tracking/advanced_tracker.py:_activate_slot,1556_525_577_918_723
S,4,1556,DETECTION,src/tracking/advanced_tracker.py:_activate_slot,1556_513_1102_837_1231
S,6,1556,PREDICTION,src/tracking/advanced_tracker.py:kalman_homography,
S,9,1556,PREDICTION,src/tracking/advanced_tracker.py:flow_gapfill_batched,
D,0,1556
S,1,1556,PREDICTION,src/tracking/advanced_tracker.py:id_merge,
L,1,1556,PREDICTION,src/tracking/advanced_tracker.py:id_merge,
R,CLAMP,CLAMP,0
L,2,1556,DETECTION,src/tracking/advanced_tracker.py:_activate_slot,1556_331_838_912_1105
R,CLAMP,CLAMP,0
L,3,1556,DETECTION,src/tracking/advanced_tracker.py:_activate_slot,1556_525_577_918_723
R,CLAMP,CLAMP,0
L,4,1556,DETECTION,src/tracking/advanced_tracker.py:_activate_slot,1556_513_1102_837_1231
R,CLAMP,CLAMP,0
L,6,1556,PREDICTION,src/tracking/advanced_tracker.py:kalman_homography,
R,CLAMP,CLAMP,0
L,9,1556,PREDICTION,src/tracking/advanced_tracker.py:flow_gapfill_batched,
R,PREDICTION,PREDICTION,1
A,1556
S,0,1559,CLAMP,src/tracking/advanced_tracker.py:_activate_slot,1559_531_602_904_771
S,1,1559,DETECTION,src/tracking/advanced_tracker.py:_activate_slot,1559_536_1333_777_1431
S,2,1559,DETECTION,src/tracking/advanced_tracker.py:_activate_slot,1559_386_823_953_1087
S,3,1559,DETECTION,src/tracking/advanced_tracker.py:_activate_slot,1559_497_474_952_699
S,4,1559,DETECTION,src/tracking/advanced_tracker.py:_activate_slot,1559_515_1109_832_1229
S,6,1559,DETECTION,src/tracking/advanced_tracker.py:_activate_slot,1559_545_1411_797_1546
S,9,1559,PREDICTION,src/tracking/advanced_tracker.py:flow_gapfill_batched,
D,0,1559
S,1,1559,PREDICTION,src/tracking/advanced_tracker.py:id_merge,
L,1,1559,PREDICTION,src/tracking/advanced_tracker.py:id_merge,
R,CLAMP,CLAMP,0
L,2,1559,DETECTION,src/tracking/advanced_tracker.py:_activate_slot,1559_386_823_953_1087
R,CLAMP,CLAMP,0
L,3,1559,DETECTION,src/tracking/advanced_tracker.py:_activate_slot,1559_497_474_952_699
R,CLAMP,CLAMP,0
L,4,1559,DETECTION,src/tracking/advanced_tracker.py:_activate_slot,1559_515_1109_832_1229
R,CLAMP,CLAMP,0
L,6,1559,DETECTION,src/tracking/advanced_tracker.py:_activate_slot,1559_545_1411_797_1546
R,CLAMP,CLAMP,0
L,9,1559,PREDICTION,src/tracking/advanced_tracker.py:flow_gapfill_batched,
R,PREDICTION,PREDICTION,1
A,1559
S,0,1562,DETECTION,src/tracking/advanced_tracker.py:_activate_slot,1562_532_656_894_809
S,1,1562,DETECTION,src/tracking/advanced_tracker.py:_activate_slot,1562_538_1336_777_1432
S,2,1562,DETECTION,src/tracking/advanced_tracker.py:_activate_slot,1562_419_808_964_1066
S,3,1562,DETECTION,src/tracking/advanced_tracker.py:_activate_slot,1562_510_508_944_789
S,4,1562,DETECTION,src/tracking/advanced_tracker.py:_activate_slot,1562_525_1110_835_1236
S,6,1562,PREDICTION,src/tracking/advanced_tracker.py:kalman_homography,
D,0,1562
S,3,1562,PREDICTION,src/tracking/advanced_tracker.py:id_merge,
L,1,1562,DETECTION,src/tracking/advanced_tracker.py:_activate_slot,1562_538_1336_777_1432
R,CLAMP,CLAMP,0
L,2,1562,DETECTION,src/tracking/advanced_tracker.py:_activate_slot,1562_419_808_964_1066
R,CLAMP,CLAMP,0
L,3,1562,PREDICTION,src/tracking/advanced_tracker.py:id_merge,
R,CLAMP,CLAMP,0
L,4,1562,DETECTION,src/tracking/advanced_tracker.py:_activate_slot,1562_525_1110_835_1236
R,CLAMP,CLAMP,0
L,6,1562,PREDICTION,src/tracking/advanced_tracker.py:kalman_homography,
R,CLAMP,CLAMP,0
A,1562
S,0,1565,DETECTION,src/tracking/advanced_tracker.py:_activate_slot,1565_535_693_904_827
S,1,1565,CLAMP,src/tracking/advanced_tracker.py:_activate_slot,1565_580_404_749_483
S,2,1565,DETECTION,src/tracking/advanced_tracker.py:_activate_slot,1565_578_291_768_412
S,3,1565,DETECTION,src/tracking/advanced_tracker.py:_activate_slot,1565_522_527_949_807
S,4,1565,DETECTION,src/tracking/advanced_tracker.py:_activate_slot,1565_532_1119_844_1248
S,6,1565,CLAMP,src/tracking/advanced_tracker.py:_activate_slot,1565_448_781_1023_997
S,9,1565,DETECTION,src/tracking/advanced_tracker.py:_activate_slot,1565_553_1446_806_1569
D,0,1565
S,3,1565,PREDICTION,src/tracking/advanced_tracker.py:id_merge,
L,1,1565,CLAMP,src/tracking/advanced_tracker.py:_activate_slot,1565_580_404_749_483
R,CLAMP,CLAMP,0
L,2,1565,DETECTION,src/tracking/advanced_tracker.py:_activate_slot,1565_578_291_768_412
R,CLAMP,CLAMP,0
L,3,1565,PREDICTION,src/tracking/advanced_tracker.py:id_merge,
R,CLAMP,CLAMP,0
L,4,1565,DETECTION,src/tracking/advanced_tracker.py:_activate_slot,1565_532_1119_844_1248
R,CLAMP,CLAMP,0
L,6,1565,CLAMP,src/tracking/advanced_tracker.py:_activate_slot,1565_448_781_1023_997
R,CLAMP,CLAMP,0
L,9,1565,DETECTION,src/tracking/advanced_tracker.py:_activate_slot,1565_553_1446_806_1569
R,CLAMP,CLAMP,0
A,1565
S,0,1568,DETECTION,src/tracking/advanced_tracker.py:_activate_slot,1568_464_774_1031_939
S,1,1568,DETECTION,src/tracking/advanced_tracker.py:_activate_slot,1568_546_1362_796_1459
S,2,1568,CLAMP,src/tracking/advanced_tracker.py:_activate_slot,1568_555_1449_807_1575
S,3,1568,DETECTION,src/tracking/advanced_tracker.py:_activate_slot,1568_524_533_957_818
S,4,1568,DETECTION,src/tracking/advanced_tracker.py:_activate_slot,1568_584_331_763_419
S,6,1568,PREDICTION,src/tracking/advanced_tracker.py:kalman_homography,
S,9,1568,PREDICTION,src/tracking/advanced_tracker.py:kalman_homography,
D,2,1568
S,4,1568,PREDICTION,src/tracking/advanced_tracker.py:id_merge,
L,0,1568,DETECTION,src/tracking/advanced_tracker.py:_activate_slot,1568_464_774_1031_939
R,CLAMP,CLAMP,0
L,1,1568,DETECTION,src/tracking/advanced_tracker.py:_activate_slot,1568_546_1362_796_1459
R,CLAMP,CLAMP,0
L,3,1568,DETECTION,src/tracking/advanced_tracker.py:_activate_slot,1568_524_533_957_818
R,CLAMP,CLAMP,0
L,4,1568,PREDICTION,src/tracking/advanced_tracker.py:id_merge,
R,CLAMP,CLAMP,0
L,6,1568,PREDICTION,src/tracking/advanced_tracker.py:kalman_homography,
R,CLAMP,CLAMP,0
L,9,1568,PREDICTION,src/tracking/advanced_tracker.py:kalman_homography,
R,CLAMP,CLAMP,0
A,1568
S,0,1571,DETECTION,src/tracking/advanced_tracker.py:_activate_slot,1571_506_731_1010_893
S,1,1571,CLAMP,src/tracking/advanced_tracker.py:_activate_slot,1571_584_429_756_507
S,2,1571,CLAMP,src/tracking/advanced_tracker.py:_activate_slot,1571_554_1378_801_1474
S,3,1571,DETECTION,src/tracking/advanced_tracker.py:_activate_slot,1571_525_549_959_831
S,4,1571,DETECTION,src/tracking/advanced_tracker.py:_activate_slot,1571_539_1135_855_1258
S,6,1571,PREDICTION,src/tracking/advanced_tracker.py:kalman_homography,
S,9,1571,PREDICTION,src/tracking/advanced_tracker.py:kalman_homography,
D,0,1571
S,3,1571,PREDICTION,src/tracking/advanced_tracker.py:id_merge,
L,1,1571,CLAMP,src/tracking/advanced_tracker.py:_activate_slot,1571_584_429_756_507
R,CLAMP,CLAMP,0
L,2,1571,CLAMP,src/tracking/advanced_tracker.py:_activate_slot,1571_554_1378_801_1474
R,CLAMP,CLAMP,0
L,3,1571,PREDICTION,src/tracking/advanced_tracker.py:id_merge,
R,CLAMP,CLAMP,0
L,4,1571,DETECTION,src/tracking/advanced_tracker.py:_activate_slot,1571_539_1135_855_1258
R,CLAMP,CLAMP,0
L,6,1571,PREDICTION,src/tracking/advanced_tracker.py:kalman_homography,
R,CLAMP,CLAMP,0
L,9,1571,PREDICTION,src/tracking/advanced_tracker.py:kalman_homography,
R,CLAMP,CLAMP,0
A,1571
S,0,1574,DETECTION,src/tracking/advanced_tracker.py:_activate_slot,1574_533_732_1032_947
S,1,1574,DETECTION,src/tracking/advanced_tracker.py:_activate_slot,1574_589_922_808_1024
S,2,1574,CLAMP,src/tracking/advanced_tracker.py:_activate_slot,1574_528_1146_866_1272
S,3,1574,DETECTION,src/tracking/advanced_tracker.py:_activate_slot,1574_531_574_960_805
S,4,1574,DETECTION,src/tracking/advanced_tracker.py:_activate_slot,1574_564_1485_825_1617
S,9,1574,DETECTION,src/tracking/advanced_tracker.py:_activate_slot,1574_558_1390_807_1495
S,6,1574,PREDICTION,src/tracking/advanced_tracker.py:kalman_homography,
D,0,1574
S,3,1574,PREDICTION,src/tracking/advanced_tracker.py:id_merge,
L,1,1574,DETECTION,src/tracking/advanced_tracker.py:_activate_slot,1574_589_922_808_1024
R,CLAMP,CLAMP,0
L,2,1574,CLAMP,src/tracking/advanced_tracker.py:_activate_slot,1574_528_1146_866_1272
R,CLAMP,CLAMP,0
L,3,1574,PREDICTION,src/tracking/advanced_tracker.py:id_merge,
R,CLAMP,CLAMP,0
L,4,1574,DETECTION,src/tracking/advanced_tracker.py:_activate_slot,1574_564_1485_825_1617
R,CLAMP,CLAMP,0
L,6,1574,PREDICTION,src/tracking/advanced_tracker.py:kalman_homography,
R,CLAMP,CLAMP,0
L,9,1574,DETECTION,src/tracking/advanced_tracker.py:_activate_slot,1574_558_1390_807_1495
R,CLAMP,CLAMP,0
A,1574
S,0,1577,DETECTION,src/tracking/advanced_tracker.py:_activate_slot,1577_544_777_1027_976
S,1,1577,DETECTION,src/tracking/advanced_tracker.py:_activate_slot,1577_598_456_766_532
S,2,1577,DETECTION,src/tracking/advanced_tracker.py:_activate_slot,1577_594_375_778_467
S,3,1577,DETECTION,src/tracking/advanced_tracker.py:_activate_slot,1577_531_591_966_816
S,4,1577,DETECTION,src/tracking/advanced_tracker.py:_activate_slot,1577_548_1153_859_1279
S,6,1577,CLAMP,src/tracking/advanced_tracker.py:_activate_slot,1577_566_1496_832_1635
S,9,1577,PREDICTION,src/tracking/advanced_tracker.py:kalman_homography,
D,1,1577
S,2,1577,PREDICTION,src/tracking/advanced_tracker.py:id_merge,
L,0,1577,DETECTION,src/tracking/advanced_tracker.py:_activate_slot,1577_544_777_1027_976
R,CLAMP,CLAMP,0
L,2,1577,PREDICTION,src/tracking/advanced_tracker.py:id_merge,
R,CLAMP,CLAMP,0
L,3,1577,DETECTION,src/tracking/advanced_tracker.py:_activate_slot,1577_531_591_966_816
R,CLAMP,CLAMP,0
L,4,1577,DETECTION,src/tracking/advanced_tracker.py:_activate_slot,1577_548_1153_859_1279
R,CLAMP,CLAMP,0
L,6,1577,CLAMP,src/tracking/advanced_tracker.py:_activate_slot,1577_566_1496_832_1635
R,CLAMP,CLAMP,0
L,9,1577,PREDICTION,src/tracking/advanced_tracker.py:kalman_homography,
R,CLAMP,CLAMP,0
A,1577
S,0,1580,DETECTION,src/tracking/advanced_tracker.py:_activate_slot,1580_544_745_996_979
S,1,1580,DETECTION,src/tracking/advanced_tracker.py:_activate_slot,1580_547_1423_814_1528
S,2,1580,CLAMP,src/tracking/advanced_tracker.py:_activate_slot,1580_561_1519_835_1657
S,3,1580,DETECTION,src/tracking/advanced_tracker.py:_activate_slot,1580_596_475_760_550
S,4,1580,DETECTION,src/tracking/advanced_tracker.py:_activate_slot,1580_591_946_812_1050
S,6,1580,PREDICTION,src/tracking/advanced_tracker.py:kalman_homography,
S,9,1580,PREDICTION,src/tracking/advanced_tracker.py:kalman_homography,
D,2,1580
S,3,1580,PREDICTION,src/tracking/advanced_tracker.py:id_merge,
L,0,1580,DETECTION,src/tracking/advanced_tracker.py:_activate_slot,1580_544_745_996_979
R,CLAMP,CLAMP,0
L,1,1580,DETECTION,src/tracking/advanced_tracker.py:_activate_slot,1580_547_1423_814_1528
R,CLAMP,CLAMP,0
L,3,1580,PREDICTION,src/tracking/advanced_tracker.py:id_merge,
R,CLAMP,CLAMP,0
L,4,1580,DETECTION,src/tracking/advanced_tracker.py:_activate_slot,1580_591_946_812_1050
R,CLAMP,CLAMP,0
L,6,1580,PREDICTION,src/tracking/advanced_tracker.py:kalman_homography,
R,CLAMP,CLAMP,0
L,9,1580,PREDICTION,src/tracking/advanced_tracker.py:kalman_homography,
R,CLAMP,CLAMP,0
A,1580
S,0,1583,DETECTION,src/tracking/advanced_tracker.py:_activate_slot,1583_510_804_912_960
S,1,1583,CLAMP,src/tracking/advanced_tracker.py:_activate_slot,1583_576_508_741_586
S,2,1583,CLAMP,src/tracking/advanced_tracker.py:_activate_slot,1583_540_1557_822_1707
S,3,1583,DETECTION,src/tracking/advanced_tracker.py:_activate_slot,1583_522_656_974_859
S,4,1583,DETECTION,src/tracking/advanced_tracker.py:_activate_slot,1583_575_979_797_1072
S,6,1583,PREDICTION,src/tracking/advanced_tracker.py:kalman_homography,
S,9,1583,PREDICTION,src/tracking/advanced_tracker.py:kalman_homography,
D,0,1583
S,3,1583,PREDICTION,src/tracking/advanced_tracker.py:id_merge,
L,1,1583,CLAMP,src/tracking/advanced_tracker.py:_activate_slot,1583_576_508_741_586
R,CLAMP,CLAMP,0
L,2,1583,CLAMP,src/tracking/advanced_tracker.py:_activate_slot,1583_540_1557_822_1707
R,CLAMP,CLAMP,0
L,3,1583,PREDICTION,src/tracking/advanced_tracker.py:id_merge,
R,CLAMP,CLAMP,0
L,4,1583,DETECTION,src/tracking/advanced_tracker.py:_activate_slot,1583_575_979_797_1072
R,CLAMP,CLAMP,0
L,6,1583,PREDICTION,src/tracking/advanced_tracker.py:kalman_homography,
R,CLAMP,CLAMP,0
L,9,1583,PREDICTION,src/tracking/advanced_tracker.py:kalman_homography,
R,CLAMP,CLAMP,0
A,1583
S,0,1586,DETECTION,src/tracking/advanced_tracker.py:_activate_slot,1586_467_820_903_982
S,1,1586,DETECTION,src/tracking/advanced_tracker.py:_activate_slot,1586_496_1494_769_1602
S,2,1586,CLAMP,src/tracking/advanced_tracker.py:_activate_slot,1586_485_1192_828_1315
S,3,1586,CLAMP,src/tracking/advanced_tracker.py:_activate_slot,1586_501_1602_789_1755
S,4,1586,DETECTION,src/tracking/advanced_tracker.py:_activate_slot,1586_480_910_883_1021
S,5,1586,DETECTION,src/tracking/advanced_tracker.py:_activate_slot,1586_760_272_1006_838
S,9,1586,PREDICTION,src/tracking/advanced_tracker.py:kalman_homography,
S,6,1586,PREDICTION,src/tracking/advanced_tracker.py:flow_gapfill_batched,
D,0,1586
S,4,1586,PREDICTION,src/tracking/advanced_tracker.py:id_merge,
L,1,1586,DETECTION,src/tracking/advanced_tracker.py:_activate_slot,1586_496_1494_769_1602
R,CLAMP,CLAMP,0
L,2,1586,CLAMP,src/tracking/advanced_tracker.py:_activate_slot,1586_485_1192_828_1315
R,CLAMP,CLAMP,0
L,3,1586,CLAMP,src/tracking/advanced_tracker.py:_activate_slot,1586_501_1602_789_1755
R,CLAMP,CLAMP,0
L,4,1586,PREDICTION,src/tracking/advanced_tracker.py:id_merge,
R,CLAMP,CLAMP,0
L,5,1586,DETECTION,src/tracking/advanced_tracker.py:_activate_slot,1586_760_272_1006_838
R,CLAMP,CLAMP,0
L,6,1586,PREDICTION,src/tracking/advanced_tracker.py:flow_gapfill_batched,
R,CLAMP,CLAMP,0
L,9,1586,PREDICTION,src/tracking/advanced_tracker.py:kalman_homography,
R,CLAMP,CLAMP,0
A,1586
S,0,1589,DETECTION,src/tracking/advanced_tracker.py:_activate_slot,1589_423_891_839_1089
S,1,1589,CLAMP,src/tracking/advanced_tracker.py:_activate_slot,1589_483_504_656_615
S,2,1589,CLAMP,src/tracking/advanced_tracker.py:_activate_slot,1589_456_1681_748_1831
S,3,1589,DETECTION,src/tracking/advanced_tracker.py:_activate_slot,1589_371_673_858_858
S,4,1589,DETECTION,src/tracking/advanced_tracker.py:_activate_slot,1589_430_1200_771_1362
S,7,1589,DETECTION,src/tracking/advanced_tracker.py:_activate_slot,1589_441_987_840_1125
S,5,1589,PREDICTION,src/tracking/advanced_tracker.py:kalman_homography,
S,9,1589,PREDICTION,src/tracking/advanced_tracker.py:kalman_homography,
S,6,1589,PREDICTION,src/tracking/advanced_tracker.py:flow_gapfill_batched,
L,0,1589,DETECTION,src/tracking/advanced_tracker.py:_activate_slot,1589_423_891_839_1089
R,CLAMP,CLAMP,0
L,1,1589,CLAMP,src/tracking/advanced_tracker.py:_activate_slot,1589_483_504_656_615
R,CLAMP,CLAMP,0
L,2,1589,CLAMP,src/tracking/advanced_tracker.py:_activate_slot,1589_456_1681_748_1831
R,CLAMP,CLAMP,0
L,3,1589,DETECTION,src/tracking/advanced_tracker.py:_activate_slot,1589_371_673_858_858
R,CLAMP,CLAMP,0
L,4,1589,DETECTION,src/tracking/advanced_tracker.py:_activate_slot,1589_430_1200_771_1362
R,CLAMP,CLAMP,0
L,5,1589,PREDICTION,src/tracking/advanced_tracker.py:kalman_homography,
R,CLAMP,CLAMP,0
L,6,1589,PREDICTION,src/tracking/advanced_tracker.py:flow_gapfill_batched,
R,CLAMP,CLAMP,0
L,7,1589,DETECTION,src/tracking/advanced_tracker.py:_activate_slot,1589_441_987_840_1125
R,CLAMP,CLAMP,0
L,9,1589,PREDICTION,src/tracking/advanced_tracker.py:kalman_homography,
R,CLAMP,CLAMP,0
A,1589
S,0,1592,DETECTION,src/tracking/advanced_tracker.py:_activate_slot,1592_389_948_798_1194
S,1,1592,CLAMP,src/tracking/advanced_tracker.py:_activate_slot,1592_440_561_614_675
S,2,1592,CLAMP,src/tracking/advanced_tracker.py:_activate_slot,1592_424_1773_729_1929
S,3,1592,DETECTION,src/tracking/advanced_tracker.py:_activate_slot,1592_335_648_826_880
S,4,1592,DETECTION,src/tracking/advanced_tracker.py:_activate_slot,1592_393_1253_747_1418
S,5,1592,DETECTION,src/tracking/advanced_tracker.py:_activate_slot,1592_612_329_838_739
S,7,1592,PREDICTION,src/tracking/advanced_tracker.py:kalman_homography,
S,9,1592,PREDICTION,src/tracking/advanced_tracker.py:kalman_homography,
S,6,1592,PREDICTION,src/tracking/advanced_tracker.py:flow_gapfill_batched,
L,0,1592,DETECTION,src/tracking/advanced_tracker.py:_activate_slot,1592_389_948_798_1194
R,CLAMP,CLAMP,0
L,1,1592,CLAMP,src/tracking/advanced_tracker.py:_activate_slot,1592_440_561_614_675
R,CLAMP,CLAMP,0
L,2,1592,CLAMP,src/tracking/advanced_tracker.py:_activate_slot,1592_424_1773_729_1929
R,CLAMP,CLAMP,0
L,3,1592,DETECTION,src/tracking/advanced_tracker.py:_activate_slot,1592_335_648_826_880
R,CLAMP,CLAMP,0
L,4,1592,DETECTION,src/tracking/advanced_tracker.py:_activate_slot,1592_393_1253_747_1418
R,CLAMP,CLAMP,0
L,5,1592,DETECTION,src/tracking/advanced_tracker.py:_activate_slot,1592_612_329_838_739
R,CLAMP,CLAMP,0
L,6,1592,PREDICTION,src/tracking/advanced_tracker.py:flow_gapfill_batched,
R,CLAMP,CLAMP,0
L,7,1592,PREDICTION,src/tracking/advanced_tracker.py:kalman_homography,
R,CLAMP,CLAMP,0
L,9,1592,PREDICTION,src/tracking/advanced_tracker.py:kalman_homography,
R,CLAMP,CLAMP,0
A,1592
S,0,1595,DETECTION,src/tracking/advanced_tracker.py:_activate_slot,1595_330_1042_750_1285
S,1,1595,CLAMP,src/tracking/advanced_tracker.py:_activate_slot,1595_389_649_588_757
S,2,1595,DETECTION,src/tracking/advanced_tracker.py:_activate_slot,1595_379_888_586_972
S,3,1595,DETECTION,src/tracking/advanced_tracker.py:_activate_slot,1595_299_678_765_923
S,4,1595,DETECTION,src/tracking/advanced_tracker.py:_activate_slot,1595_343_1333_705_1504
S,5,1595,PREDICTION,src/tracking/advanced_tracker.py:kalman_homography,
S,7,1595,PREDICTION,src/tracking/advanced_tracker.py:kalman_homography,
S,9,1595,PREDICTION,src/tracking/advanced_tracker.py:kalman_homography,
S,6,1595,PREDICTION,src/tracking/advanced_tracker.py:flow_gapfill_batched,
D,1,1595
S,4,1595,PREDICTION,src/tracking/advanced_tracker.py:id_merge,
L,0,1595,DETECTION,src/tracking/advanced_tracker.py:_activate_slot,1595_330_1042_750_1285
R,CLAMP,CLAMP,0
L,2,1595,DETECTION,src/tracking/advanced_tracker.py:_activate_slot,1595_379_888_586_972
R,CLAMP,CLAMP,0
L,3,1595,DETECTION,src/tracking/advanced_tracker.py:_activate_slot,1595_299_678_765_923
R,CLAMP,CLAMP,0
L,4,1595,PREDICTION,src/tracking/advanced_tracker.py:id_merge,
R,CLAMP,CLAMP,0
L,5,1595,PREDICTION,src/tracking/advanced_tracker.py:kalman_homography,
R,CLAMP,CLAMP,0
L,6,1595,PREDICTION,src/tracking/advanced_tracker.py:flow_gapfill_batched,
R,CLAMP,CLAMP,0
L,7,1595,PREDICTION,src/tracking/advanced_tracker.py:kalman_homography,
R,CLAMP,CLAMP,0
L,9,1595,PREDICTION,src/tracking/advanced_tracker.py:kalman_homography,
R,CLAMP,CLAMP,0
A,1595
S,0,1598,DETECTION,src/tracking/advanced_tracker.py:_activate_slot,1598_308_1097_727_1344
S,1,1598,DETECTION,src/tracking/advanced_tracker.py:_activate_slot,1598_366_691_589_788
S,2,1598,DETECTION,src/tracking/advanced_tracker.py:_activate_slot,1598_358_921_549_1011
S,3,1598,DETECTION,src/tracking/advanced_tracker.py:_activate_slot,1598_300_700_741_937
S,4,1598,DETECTION,src/tracking/advanced_tracker.py:_activate_slot,1598_309_1375_687_1549
S,9,1598,DETECTION,src/tracking/advanced_tracker.py:_activate_slot,1598_319_1830_657_1935
S,5,1598,PREDICTION,src/tracking/advanced_tracker.py:kalman_homography,
S,7,1598,PREDICTION,src/tracking/advanced_tracker.py:kalman_homography,
D,1,1598
S,3,1598,PREDICTION,src/tracking/advanced_tracker.py:id_merge,
L,0,1598,DETECTION,src/tracking/advanced_tracker.py:_activate_slot,1598_308_1097_727_1344
R,CLAMP,CLAMP,0
L,2,1598,DETECTION,src/tracking/advanced_tracker.py:_activate_slot,1598_358_921_549_1011
R,CLAMP,CLAMP,0
L,3,1598,PREDICTION,src/tracking/advanced_tracker.py:id_merge,
R,CLAMP,CLAMP,0
L,4,1598,DETECTION,src/tracking/advanced_tracker.py:_activate_slot,1598_309_1375_687_1549
R,CLAMP,CLAMP,0
L,5,1598,PREDICTION,src/tracking/advanced_tracker.py:kalman_homography,
R,CLAMP,CLAMP,0
L,7,1598,PREDICTION,src/tracking/advanced_tracker.py:kalman_homography,
R,CLAMP,CLAMP,0
L,9,1598,DETECTION,src/tracking/advanced_tracker.py:_activate_slot,1598_319_1830_657_1935
R,CLAMP,CLAMP,0
A,1598
S,0,1601,DETECTION,src/tracking/advanced_tracker.py:_activate_slot,1601_273_1179_717_1401
S,1,1601,DETECTION,src/tracking/advanced_tracker.py:_activate_slot,1601_276_1296_718_1419
S,2,1601,DETECTION,src/tracking/advanced_tracker.py:_activate_slot,1601_375_1095_511_1165
S,3,1601,DETECTION,src/tracking/advanced_tracker.py:_activate_slot,1601_255_754_714_967
S,4,1601,DETECTION,src/tracking/advanced_tracker.py:_activate_slot,1601_273_1455_676_1620
S,5,1601,PREDICTION,src/tracking/advanced_tracker.py:kalman_homography,
S,7,1601,PREDICTION,src/tracking/advanced_tracker.py:kalman_homography,
S,6,1601,PREDICTION,src/tracking/advanced_tracker.py:flow_gapfill_batched,
S,9,1601,PREDICTION,src/tracking/advanced_tracker.py:flow_gapfill_batched,
D,0,1601
S,1,1601,PREDICTION,src/tracking/advanced_tracker.py:id_merge,
L,1,1601,PREDICTION,src/tracking/advanced_tracker.py:id_merge,
R,CLAMP,CLAMP,0
L,2,1601,DETECTION,src/tracking/advanced_tracker.py:_activate_slot,1601_375_1095_511_1165
R,CLAMP,CLAMP,0
L,3,1601,DETECTION,src/tracking/advanced_tracker.py:_activate_slot,1601_255_754_714_967
R,CLAMP,CLAMP,0
L,4,1601,DETECTION,src/tracking/advanced_tracker.py:_activate_slot,1601_273_1455_676_1620
R,CLAMP,CLAMP,0
L,5,1601,PREDICTION,src/tracking/advanced_tracker.py:kalman_homography,
R,CLAMP,CLAMP,0
L,6,1601,PREDICTION,src/tracking/advanced_tracker.py:flow_gapfill_batched,
R,CLAMP,CLAMP,0
L,7,1601,PREDICTION,src/tracking/advanced_tracker.py:kalman_homography,
R,CLAMP,CLAMP,0
L,9,1601,PREDICTION,src/tracking/advanced_tracker.py:flow_gapfill_batched,
R,CLAMP,CLAMP,0
A,1601
S,0,1604,DETECTION,src/tracking/advanced_tracker.py:_activate_slot,1604_265_1217_706_1415
S,1,1604,DETECTION,src/tracking/advanced_tracker.py:_activate_slot,1604_269_1339_642_1461
S,2,1604,DETECTION,src/tracking/advanced_tracker.py:_activate_slot,1604_343_1010_540_1094
S,3,1604,DETECTION,src/tracking/advanced_tracker.py:_activate_slot,1604_230_780_705_980
S,4,1604,DETECTION,src/tracking/advanced_tracker.py:_activate_slot,1604_257_1483_679_1660
S,7,1604,DETECTION,src/tracking/advanced_tracker.py:_activate_slot,1604_423_570_677_807
S,5,1604,PREDICTION,src/tracking/advanced_tracker.py:kalman_homography,
S,9,1604,PREDICTION,src/tracking/advanced_tracker.py:flow_gapfill_batched,
D,0,1604
S,1,1604,PREDICTION,src/tracking/advanced_tracker.py:id_merge,
L,1,1604,PREDICTION,src/tracking/advanced_tracker.py:id_merge,
R,CLAMP,CLAMP,0
L,2,1604,DETECTION,src/tracking/advanced_tracker.py:_activate_slot,1604_343_1010_540_1094
R,CLAMP,CLAMP,0
L,3,1604,DETECTION,src/tracking/advanced_tracker.py:_activate_slot,1604_230_780_705_980
R,CLAMP,CLAMP,0
L,4,1604,DETECTION,src/tracking/advanced_tracker.py:_activate_slot,1604_257_1483_679_1660
R,CLAMP,CLAMP,0
L,5,1604,PREDICTION,src/tracking/advanced_tracker.py:kalman_homography,
R,CLAMP,CLAMP,0
L,7,1604,DETECTION,src/tracking/advanced_tracker.py:_activate_slot,1604_423_570_677_807
R,CLAMP,CLAMP,0
L,9,1604,PREDICTION,src/tracking/advanced_tracker.py:flow_gapfill_batched,
R,CLAMP,CLAMP,0
A,1604
S,1,1607,DETECTION,src/tracking/advanced_tracker.py:_activate_slot,1607_242_1395_636_1542
S,2,1607,DETECTION,src/tracking/advanced_tracker.py:_activate_slot,1607_321_1061_537_1146
S,3,1607,DETECTION,src/tracking/advanced_tracker.py:_activate_slot,1607_208_829_693_1009
S,4,1607,DETECTION,src/tracking/advanced_tracker.py:_activate_slot,1607_239_1545_687_1743
S,9,1607,DETECTION,src/tracking/advanced_tracker.py:_activate_slot,1607_252_1281_707_1464
S,7,1607,DETECTION,src/tracking/advanced_tracker.py:_activate_slot,1607_390_540_663_819
S,8,1607,DETECTION,src/tracking/advanced_tracker.py:_activate_slot,1607_387_644_662_819
S,0,1607,PREDICTION,src/tracking/advanced_tracker.py:kalman_homography,
S,5,1607,PREDICTION,src/tracking/advanced_tracker.py:kalman_homography,
D,0,1607
S,1,1607,PREDICTION,src/tracking/advanced_tracker.py:id_merge,
D,7,1607
S,8,1607,PREDICTION,src/tracking/advanced_tracker.py:id_merge,
L,1,1607,PREDICTION,src/tracking/advanced_tracker.py:id_merge,
R,CLAMP,CLAMP,0
L,2,1607,DETECTION,src/tracking/advanced_tracker.py:_activate_slot,1607_321_1061_537_1146
R,CLAMP,CLAMP,0
L,3,1607,DETECTION,src/tracking/advanced_tracker.py:_activate_slot,1607_208_829_693_1009
R,CLAMP,CLAMP,0
L,4,1607,DETECTION,src/tracking/advanced_tracker.py:_activate_slot,1607_239_1545_687_1743
R,CLAMP,CLAMP,0
L,5,1607,PREDICTION,src/tracking/advanced_tracker.py:kalman_homography,
R,CLAMP,CLAMP,0
L,8,1607,PREDICTION,src/tracking/advanced_tracker.py:id_merge,
R,CLAMP,CLAMP,0
L,9,1607,DETECTION,src/tracking/advanced_tracker.py:_activate_slot,1607_252_1281_707_1464
R,CLAMP,CLAMP,0
A,1607
S,0,1610,DETECTION,src/tracking/advanced_tracker.py:_activate_slot,1610_241_1317_716_1528
S,1,1610,DETECTION,src/tracking/advanced_tracker.py:_activate_slot,1610_319_1084_530_1177
S,2,1610,CLAMP,src/tracking/advanced_tracker.py:_activate_slot,1610_224_240_605_404
S,3,1610,DETECTION,src/tracking/advanced_tracker.py:_activate_slot,1610_186_858_690_1044
S,4,1610,DETECTION,src/tracking/advanced_tracker.py:_activate_slot,1610_225_1593_687_1821
S,5,1610,PREDICTION,src/tracking/advanced_tracker.py:kalman_homography,
S,7,1610,PREDICTION,src/tracking/advanced_tracker.py:kalman_homography,
S,8,1610,PREDICTION,src/tracking/advanced_tracker.py:kalman_homography,
S,9,1610,PREDICTION,src/tracking/advanced_tracker.py:kalman_homography,
D,1,1610
S,2,1610,PREDICTION,src/tracking/advanced_tracker.py:id_merge,
D,7,1610
S,8,1610,PREDICTION,src/tracking/advanced_tracker.py:id_merge,
L,0,1610,DETECTION,src/tracking/advanced_tracker.py:_activate_slot,1610_241_1317_716_1528
R,CLAMP,CLAMP,0
L,2,1610,PREDICTION,src/tracking/advanced_tracker.py:id_merge,
R,CLAMP,CLAMP,0
L,3,1610,DETECTION,src/tracking/advanced_tracker.py:_activate_slot,1610_186_858_690_1044
R,CLAMP,CLAMP,0
L,4,1610,DETECTION,src/tracking/advanced_tracker.py:_activate_slot,1610_225_1593_687_1821
R,CLAMP,CLAMP,0
L,5,1610,PREDICTION,src/tracking/advanced_tracker.py:kalman_homography,
R,CLAMP,CLAMP,0
L,8,1610,PREDICTION,src/tracking/advanced_tracker.py:id_merge,
R,CLAMP,CLAMP,0
L,9,1610,PREDICTION,src/tracking/advanced_tracker.py:kalman_homography,
R,CLAMP,CLAMP,0
A,1610
S,0,1613,DETECTION,src/tracking/advanced_tracker.py:_activate_slot,1613_238_1344_722_1584
S,1,1613,DETECTION,src/tracking/advanced_tracker.py:_activate_slot,1613_310_1133_523_1211
S,2,1613,DETECTION,src/tracking/advanced_tracker.py:_activate_slot,1613_249_1503_708_1674
S,3,1613,DETECTION,src/tracking/advanced_tracker.py:_activate_slot,1613_180_879_681_1068
S,4,1613,DETECTION,src/tracking/advanced_tracker.py:_activate_slot,1613_210_1662_689_1878
S,8,1613,DETECTION,src/tracking/advanced_tracker.py:_activate_slot,1613_390_582_647_871
S,5,1613,PREDICTION,src/tracking/advanced_tracker.py:kalman_homography,
S,7,1613,PREDICTION,src/tracking/advanced_tracker.py:kalman_homography,
S,9,1613,PREDICTION,src/tracking/advanced_tracker.py:kalman_homography,
D,0,1613
S,2,1613,PREDICTION,src/tracking/advanced_tracker.py:id_merge,
D,5,1613
S,7,1613,PREDICTION,src/tracking/advanced_tracker.py:id_merge,
L,1,1613,DETECTION,src/tracking/advanced_tracker.py:_activate_slot,1613_310_1133_523_1211
R,CLAMP,CLAMP,0
L,2,1613,PREDICTION,src/tracking/advanced_tracker.py:id_merge,
R,CLAMP,CLAMP,0
L,3,1613,DETECTION,src/tracking/advanced_tracker.py:_activate_slot,1613_180_879_681_1068
R,CLAMP,CLAMP,0
L,4,1613,DETECTION,src/tracking/advanced_tracker.py:_activate_slot,1613_210_1662_689_1878
R,CLAMP,CLAMP,0
L,7,1613,PREDICTION,src/tracking/advanced_tracker.py:id_merge,
R,CLAMP,CLAMP,0
L,8,1613,DETECTION,src/tracking/advanced_tracker.py:_activate_slot,1613_390_582_647_871
R,CLAMP,CLAMP,0
L,9,1613,PREDICTION,src/tracking/advanced_tracker.py:kalman_homography,
R,CLAMP,CLAMP,0
A,1613
S,2,1616,CLAMP,src/tracking/advanced_tracker.py:_activate_slot,1616_150_36_984_781
S,3,1616,DETECTION,src/tracking/advanced_tracker.py:_activate_slot,1616_281_945_1026_1358
S,0,1616,PREDICTION,src/tracking/advanced_tracker.py:kalman_homography,
S,1,1616,PREDICTION,src/tracking/advanced_tracker.py:kalman_homography,
S,4,1616,PREDICTION,src/tracking/advanced_tracker.py:kalman_homography,
S,7,1616,PREDICTION,src/tracking/advanced_tracker.py:kalman_homography,
S,8,1616,PREDICTION,src/tracking/advanced_tracker.py:kalman_homography,
S,9,1616,PREDICTION,src/tracking/advanced_tracker.py:kalman_homography,
S,5,1616,PREDICTION,src/tracking/advanced_tracker.py:flow_gapfill_batched,
D,0,1616
S,2,1616,PREDICTION,src/tracking/advanced_tracker.py:id_merge,
D,5,1616
S,7,1616,PREDICTION,src/tracking/advanced_tracker.py:id_merge,
L,1,1616,PREDICTION,src/tracking/advanced_tracker.py:kalman_homography,
R,CLAMP,CLAMP,0
L,2,1616,PREDICTION,src/tracking/advanced_tracker.py:id_merge,
R,CLAMP,CLAMP,0
L,3,1616,DETECTION,src/tracking/advanced_tracker.py:_activate_slot,1616_281_945_1026_1358
R,CLAMP,CLAMP,0
L,4,1616,PREDICTION,src/tracking/advanced_tracker.py:kalman_homography,
R,CLAMP,CLAMP,0
L,7,1616,PREDICTION,src/tracking/advanced_tracker.py:id_merge,
R,CLAMP,CLAMP,0
L,8,1616,PREDICTION,src/tracking/advanced_tracker.py:kalman_homography,
R,PREDICTION,PREDICTION,1
L,9,1616,PREDICTION,src/tracking/advanced_tracker.py:kalman_homography,
R,PREDICTION,PREDICTION,1
A,1616
S,0,1619,DETECTION,src/tracking/advanced_tracker.py:_activate_slot,1619_159_673_943_1363
S,1,1619,DETECTION,src/tracking/advanced_tracker.py:_activate_slot,1619_156_83_1019_881
S,2,1619,CLAMP,src/tracking/advanced_tracker.py:_activate_slot,1619_160_676_940_1066
S,3,1619,DETECTION,src/tracking/advanced_tracker.py:_activate_slot,1619_303_924_1025_1371
S,4,1619,CLAMP,src/tracking/advanced_tracker.py:_activate_slot,1619_304_717_1019_1375
S,6,1619,CLAMP,src/tracking/advanced_tracker.py:_activate_slot,1619_-13_550_82_668
S,7,1619,PREDICTION,src/tracking/advanced_tracker.py:kalman_homography,
S,8,1619,PREDICTION,src/tracking/advanced_tracker.py:kalman_homography,
S,9,1619,PREDICTION,src/tracking/advanced_tracker.py:kalman_homography,
D,0,1619
S,3,1619,PREDICTION,src/tracking/advanced_tracker.py:id_merge,
D,9,1619
S,8,1619,PREDICTION,src/tracking/advanced_tracker.py:id_merge,
L,1,1619,DETECTION,src/tracking/advanced_tracker.py:_activate_slot,1619_156_83_1019_881
R,CLAMP,CLAMP,0
L,2,1619,CLAMP,src/tracking/advanced_tracker.py:_activate_slot,1619_160_676_940_1066
R,CLAMP,CLAMP,0
L,3,1619,PREDICTION,src/tracking/advanced_tracker.py:id_merge,
R,CLAMP,CLAMP,0
L,4,1619,CLAMP,src/tracking/advanced_tracker.py:_activate_slot,1619_304_717_1019_1375
R,CLAMP,CLAMP,0
L,6,1619,CLAMP,src/tracking/advanced_tracker.py:_activate_slot,1619_-13_550_82_668
R,CLAMP,CLAMP,0
L,7,1619,PREDICTION,src/tracking/advanced_tracker.py:kalman_homography,
R,CLAMP,CLAMP,0
L,8,1619,PREDICTION,src/tracking/advanced_tracker.py:id_merge,
R,PREDICTION,PREDICTION,1
A,1619
S,0,1622,CLAMP,src/tracking/advanced_tracker.py:_activate_slot,1622_-12_120_838_510
S,5,1622,DETECTION,src/tracking/advanced_tracker.py:_activate_slot,1622_126_712_944_1369
S,6,1622,CLAMP,src/tracking/advanced_tracker.py:_activate_slot,1622_-14_562_87_678
S,7,1622,DETECTION,src/tracking/advanced_tracker.py:_activate_slot,1622_155_182_1023_964
S,8,1622,DETECTION,src/tracking/advanced_tracker.py:_activate_slot,1622_321_712_1027_1372
S,2,1622,PREDICTION,src/tracking/advanced_tracker.py:kalman_homography,
S,4,1622,PREDICTION,src/tracking/advanced_tracker.py:kalman_homography,
S,9,1622,PREDICTION,src/tracking/advanced_tracker.py:kalman_homography,
D,5,1622
S,8,1622,PREDICTION,src/tracking/advanced_tracker.py:id_merge,
L,0,1622,CLAMP,src/tracking/advanced_tracker.py:_activate_slot,1622_-12_120_838_510
R,CLAMP,CLAMP,0
L,2,1622,PREDICTION,src/tracking/advanced_tracker.py:kalman_homography,
R,CLAMP,CLAMP,0
L,4,1622,PREDICTION,src/tracking/advanced_tracker.py:kalman_homography,
R,CLAMP,CLAMP,0
L,6,1622,CLAMP,src/tracking/advanced_tracker.py:_activate_slot,1622_-14_562_87_678
R,CLAMP,CLAMP,0
L,7,1622,DETECTION,src/tracking/advanced_tracker.py:_activate_slot,1622_155_182_1023_964
R,DETECTION,DETECTION,1
L,8,1622,PREDICTION,src/tracking/advanced_tracker.py:id_merge,
R,PREDICTION,PREDICTION,1
L,9,1622,PREDICTION,src/tracking/advanced_tracker.py:kalman_homography,
R,PREDICTION,PREDICTION,1
A,1622
S,2,1625,DETECTION,src/tracking/advanced_tracker.py:_activate_slot,1625_176_396_1029_912
S,5,1625,DETECTION,src/tracking/advanced_tracker.py:_activate_slot,1625_78_819_1020_1365
S,6,1625,CLAMP,src/tracking/advanced_tracker.py:_activate_slot,1625_-13_588_90_702
S,7,1625,DETECTION,src/tracking/advanced_tracker.py:_activate_slot,1625_-12_156_808_520
S,8,1625,DETECTION,src/tracking/advanced_tracker.py:_activate_slot,1625_324_783_1026_1371
S,9,1625,PREDICTION,src/tracking/advanced_tracker.py:kalman_homography,
S,0,1625,PREDICTION,src/tracking/advanced_tracker.py:flow_gapfill_batched,
S,1,1625,PREDICTION,src/tracking/advanced_tracker.py:flow_gapfill_batched,
S,4,1625,PREDICTION,src/tracking/advanced_tracker.py:flow_gapfill_batched,
D,1,1625
S,0,1625,PREDICTION,src/tracking/advanced_tracker.py:id_merge,
D,5,1625
S,8,1625,PREDICTION,src/tracking/advanced_tracker.py:id_merge,
L,0,1625,PREDICTION,src/tracking/advanced_tracker.py:id_merge,
R,CLAMP,CLAMP,0
L,2,1625,DETECTION,src/tracking/advanced_tracker.py:_activate_slot,1625_176_396_1029_912
R,CLAMP,CLAMP,0
L,4,1625,PREDICTION,src/tracking/advanced_tracker.py:flow_gapfill_batched,
R,CLAMP,CLAMP,0
L,6,1625,CLAMP,src/tracking/advanced_tracker.py:_activate_slot,1625_-13_588_90_702
R,CLAMP,CLAMP,0
L,7,1625,DETECTION,src/tracking/advanced_tracker.py:_activate_slot,1625_-12_156_808_520
R,DETECTION,DETECTION,1
L,8,1625,PREDICTION,src/tracking/advanced_tracker.py:id_merge,
R,PREDICTION,PREDICTION,1
L,9,1625,PREDICTION,src/tracking/advanced_tracker.py:kalman_homography,
R,PREDICTION,PREDICTION,1
A,1625
S,0,1628,DETECTION,src/tracking/advanced_tracker.py:_activate_slot,1628_330_829_1024_1170
S,2,1628,DETECTION,src/tracking/advanced_tracker.py:_activate_slot,1628_186_436_1020_903
S,3,1628,DETECTION,src/tracking/advanced_tracker.py:_activate_slot,1628_341_840_1026_1326
S,5,1628,DETECTION,src/tracking/advanced_tracker.py:_activate_slot,1628_58_867_990_1326
S,6,1628,CLAMP,src/tracking/advanced_tracker.py:_activate_slot,1628_-14_608_83_722
S,7,1628,DETECTION,src/tracking/advanced_tracker.py:_activate_slot,1628_-14_181_792_553
S,9,1628,PREDICTION,src/tracking/advanced_tracker.py:kalman_homography,
S,8,1628,PREDICTION,src/tracking/advanced_tracker.py:flow_gapfill_batched,
D,0,1628
S,3,1628,PREDICTION,src/tracking/advanced_tracker.py:id_merge,
D,8,1628
S,5,1628,PREDICTION,src/tracking/advanced_tracker.py:id_merge,
D,9,1628
S,7,1628,PREDICTION,src/tracking/advanced_tracker.py:id_merge,
L,2,1628,DETECTION,src/tracking/advanced_tracker.py:_activate_slot,1628_186_436_1020_903
R,CLAMP,CLAMP,0
L,3,1628,PREDICTION,src/tracking/advanced_tracker.py:id_merge,
R,CLAMP,CLAMP,0
L,5,1628,PREDICTION,src/tracking/advanced_tracker.py:id_merge,
R,CLAMP,CLAMP,0
L,6,1628,CLAMP,src/tracking/advanced_tracker.py:_activate_slot,1628_-14_608_83_722
R,CLAMP,CLAMP,0
L,7,1628,PREDICTION,src/tracking/advanced_tracker.py:id_merge,
R,PREDICTION,PREDICTION,1
A,1628
