S,0,2206,DETECTION,src/tracking/advanced_tracker.py:_activate_slot,2206_235_1028_479_1130
S,1,2206,DETECTION,src/tracking/advanced_tracker.py:_activate_slot,2206_465_323_743_436
S,2,2206,DETECTION,src/tracking/advanced_tracker.py:_activate_slot,2206_289_982_524_1084
S,3,2206,DETECTION,src/tracking/advanced_tracker.py:_activate_slot,2206_275_683_516_792
S,4,2206,DETECTION,src/tracking/advanced_tracker.py:_activate_slot,2206_706_411_819_521
D,0,2206
S,1,2206,PREDICTION,src/tracking/advanced_tracker.py:id_merge,
D,1,2206
S,2,2206,PREDICTION,src/tracking/advanced_tracker.py:id_merge,
D,2,2206
S,3,2206,PREDICTION,src/tracking/advanced_tracker.py:id_merge,
D,3,2206
S,4,2206,PREDICTION,src/tracking/advanced_tracker.py:id_merge,
L,4,2206,PREDICTION,src/tracking/advanced_tracker.py:id_merge,
R,PREDICTION,PREDICTION,1
A,2206
S,0,2209,DETECTION,src/tracking/advanced_tracker.py:_activate_slot,2209_240_1017_489_1122
S,1,2209,DETECTION,src/tracking/advanced_tracker.py:_activate_slot,2209_471_291_750_410
S,2,2209,DETECTION,src/tracking/advanced_tracker.py:_activate_slot,2209_300_970_522_1090
S,3,2209,DETECTION,src/tracking/advanced_tracker.py:_activate_slot,2209_282_637_531_771
S,4,2209,DETECTION,src/tracking/advanced_tracker.py:_activate_slot,2209_716_396_819_506
S,5,2209,DETECTION,src/tracking/advanced_tracker.py:_activate_slot,2209_183_567_405_675
S,6,2209,DETECTION,src/tracking/advanced_tracker.py:_activate_slot,2209_171_910_376_1003
D,0,2209
S,1,2209,PREDICTION,src/tracking/advanced_tracker.py:id_merge,
D,1,2209
S,2,2209,PREDICTION,src/tracking/advanced_tracker.py:id_merge,
D,2,2209
S,3,2209,PREDICTION,src/tracking/advanced_tracker.py:id_merge,
D,3,2209
S,4,2209,PREDICTION,src/tracking/advanced_tracker.py:id_merge,
D,5,2209
S,6,2209,PREDICTION,src/tracking/advanced_tracker.py:id_merge,
L,4,2209,PREDICTION,src/tracking/advanced_tracker.py:id_merge,
R,PREDICTION,SUBPIXEL,0
L,6,2209,PREDICTION,src/tracking/advanced_tracker.py:id_merge,
R,PREDICTION,PREDICTION,1
A,2209
S,0,2212,DETECTION,src/tracking/advanced_tracker.py:_activate_slot,2212_276_379_549_486
S,1,2212,DETECTION,src/tracking/advanced_tracker.py:_activate_slot,2212_482_248_763_378
S,2,2212,DETECTION,src/tracking/advanced_tracker.py:_activate_slot,2212_686_594_815_692
S,3,2212,DETECTION,src/tracking/advanced_tracker.py:_activate_slot,2212_291_609_539_732
S,4,2212,DETECTION,src/tracking/advanced_tracker.py:_activate_slot,2212_685_341_1017_487
S,6,2212,DETECTION,src/tracking/advanced_tracker.py:_activate_slot,2212_296_960_532_1096
S,5,2212,DETECTION,src/tracking/advanced_tracker.py:_activate_slot,2212_200_552_412_651
S,7,2212,DETECTION,src/tracking/advanced_tracker.py:_activate_slot,2212_255_1008_494_1113
S,8,2212,DETECTION,src/tracking/advanced_tracker.py:_activate_slot,2212_193_894_384_982
D,0,2212
S,1,2212,PREDICTION,src/tracking/advanced_tracker.py:id_merge,
D,1,2212
S,2,2212,PREDICTION,src/tracking/advanced_tracker.py:id_merge,
D,2,2212
S,3,2212,PREDICTION,src/tracking/advanced_tracker.py:id_merge,
D,3,2212
S,4,2212,PREDICTION,src/tracking/advanced_tracker.py:id_merge,
D,5,2212
S,6,2212,PREDICTION,src/tracking/advanced_tracker.py:id_merge,
D,6,2212
S,7,2212,PREDICTION,src/tracking/advanced_tracker.py:id_merge,
D,7,2212
S,8,2212,PREDICTION,src/tracking/advanced_tracker.py:id_merge,
L,4,2212,PREDICTION,src/tracking/advanced_tracker.py:id_merge,
R,PREDICTION,PREDICTION,1
L,8,2212,PREDICTION,src/tracking/advanced_tracker.py:id_merge,
R,PREDICTION,PREDICTION,1
A,2212
S,0,2215,DETECTION,src/tracking/advanced_tracker.py:_activate_slot,2215_264_364_552_470
S,1,2215,DETECTION,src/tracking/advanced_tracker.py:_activate_slot,2215_489_200_774_362
S,2,2215,DETECTION,src/tracking/advanced_tracker.py:_activate_slot,2215_685_552_976_665
S,3,2215,DETECTION,src/tracking/advanced_tracker.py:_activate_slot,2215_299_589_534_720
S,4,2215,DETECTION,src/tracking/advanced_tracker.py:_activate_slot,2215_713_323_1026_474
S,8,2215,DETECTION,src/tracking/advanced_tracker.py:_activate_slot,2215_181_875_391_959
S,5,2215,DETECTION,src/tracking/advanced_tracker.py:_activate_slot,2215_193_535_411_634
S,6,2215,PREDICTION,src/tracking/advanced_tracker.py:kalman_homography,
S,7,2215,PREDICTION,src/tracking/advanced_tracker.py:kalman_homography,
D,0,2215
S,1,2215,PREDICTION,src/tracking/advanced_tracker.py:id_merge,
D,1,2215
S,2,2215,PREDICTION,src/tracking/advanced_tracker.py:id_merge,
D,2,2215
S,3,2215,PREDICTION,src/tracking/advanced_tracker.py:id_merge,
D,3,2215
S,4,2215,PREDICTION,src/tracking/advanced_tracker.py:id_merge,
D,6,2215
S,5,2215,PREDICTION,src/tracking/advanced_tracker.py:id_merge,
D,7,2215
S,5,2215,PREDICTION,src/tracking/advanced_tracker.py:id_merge,
D,5,2215
S,8,2215,PREDICTION,src/tracking/advanced_tracker.py:id_merge,
L,4,2215,PREDICTION,src/tracking/advanced_tracker.py:id_merge,
R,PREDICTION,PREDICTION,1
L,8,2215,PREDICTION,src/tracking/advanced_tracker.py:id_merge,
R,PREDICTION,SUBPIXEL,0
A,2215
S,0,2218,DETECTION,src/tracking/advanced_tracker.py:_activate_slot,2218_263_351_549_470
S,1,2218,DETECTION,src/tracking/advanced_tracker.py:_activate_slot,2218_493_173_774_333
S,2,2218,DETECTION,src/tracking/advanced_tracker.py:_activate_slot,2218_685_483_970_648
S,3,2218,DETECTION,src/tracking/advanced_tracker.py:_activate_slot,2218_300_570_536_665
S,4,2218,DETECTION,src/tracking/advanced_tracker.py:_activate_slot,2218_727_307_1030_457
S,6,2218,DETECTION,src/tracking/advanced_tracker.py:_activate_slot,2218_183_516_412_626
S,8,2218,DETECTION,src/tracking/advanced_tracker.py:_activate_slot,2218_175_849_383_939
S,9,2218,DETECTION,src/tracking/advanced_tracker.py:_activate_slot,2218_183_156_423_271
S,5,2218,PREDICTION,src/tracking/advanced_tracker.py:kalman_homography,
S,7,2218,PREDICTION,src/tracking/advanced_tracker.py:kalman_homography,
D,0,2218
S,1,2218,PREDICTION,src/tracking/advanced_tracker.py:id_merge,
D,1,2218
S,2,2218,PREDICTION,src/tracking/advanced_tracker.py:id_merge,
D,2,2218
S,3,2218,PREDICTION,src/tracking/advanced_tracker.py:id_merge,
D,3,2218
S,4,2218,PREDICTION,src/tracking/advanced_tracker.py:id_merge,
D,5,2218
S,6,2218,PREDICTION,src/tracking/advanced_tracker.py:id_merge,
D,7,2218
S,6,2218,PREDICTION,src/tracking/advanced_tracker.py:id_merge,
D,6,2218
S,8,2218,PREDICTION,src/tracking/advanced_tracker.py:id_merge,
D,8,2218
S,9,2218,PREDICTION,src/tracking/advanced_tracker.py:id_merge,
L,4,2218,PREDICTION,src/tracking/advanced_tracker.py:id_merge,
R,PREDICTION,SUBPIXEL,0
L,9,2218,PREDICTION,src/tracking/advanced_tracker.py:id_merge,
R,PREDICTION,PREDICTION,1
A,2218
S,0,2221,DETECTION,src/tracking/advanced_tracker.py:_activate_slot,2221_258_340_554_488
S,1,2221,DETECTION,src/tracking/advanced_tracker.py:_activate_slot,2221_489_152_776_283
S,2,2221,DETECTION,src/tracking/advanced_tracker.py:_activate_slot,2221_687_460_981_637
S,3,2221,DETECTION,src/tracking/advanced_tracker.py:_activate_slot,2221_251_930_534_1089
S,4,2221,DETECTION,src/tracking/advanced_tracker.py:_activate_slot,2221_732_290_1030_438
S,6,2221,DETECTION,src/tracking/advanced_tracker.py:_activate_slot,2221_191_507_411_601
S,7,2221,DETECTION,src/tracking/advanced_tracker.py:_activate_slot,2221_280_541_538_637
S,5,2221,PREDICTION,src/tracking/advanced_tracker.py:kalman_homography,
S,8,2221,PREDICTION,src/tracking/advanced_tracker.py:kalman_homography,
S,9,2221,PREDICTION,src/tracking/advanced_tracker.py:kalman_homography,
D,0,2221
S,1,2221,PREDICTION,src/tracking/advanced_tracker.py:id_merge,
D,1,2221
S,2,2221,PREDICTION,src/tracking/advanced_tracker.py:id_merge,
D,2,2221
S,3,2221,PREDICTION,src/tracking/advanced_tracker.py:id_merge,
D,3,2221
S,4,2221,PREDICTION,src/tracking/advanced_tracker.py:id_merge,
D,5,2221
S,6,2221,PREDICTION,src/tracking/advanced_tracker.py:id_merge,
D,6,2221
S,7,2221,PREDICTION,src/tracking/advanced_tracker.py:id_merge,
D,8,2221
S,7,2221,PREDICTION,src/tracking/advanced_tracker.py:id_merge,
D,9,2221
S,7,2221,PREDICTION,src/tracking/advanced_tracker.py:id_merge,
L,4,2221,PREDICTION,src/tracking/advanced_tracker.py:id_merge,
R,PREDICTION,SUBPIXEL,0
L,7,2221,PREDICTION,src/tracking/advanced_tracker.py:id_merge,
R,PREDICTION,PREDICTION,1
A,2221
S,0,2224,DETECTION,src/tracking/advanced_tracker.py:_activate_slot,2224_288_507_540_615
S,1,2224,DETECTION,src/tracking/advanced_tracker.py:_activate_slot,2224_482_128_777_225
S,2,2224,DETECTION,src/tracking/advanced_tracker.py:_activate_slot,2224_685_447_976_611
S,3,2224,DETECTION,src/tracking/advanced_tracker.py:_activate_slot,2224_265_924_530_1086
S,4,2224,DETECTION,src/tracking/advanced_tracker.py:_activate_slot,2224_733_278_1033_425
S,7,2224,DETECTION,src/tracking/advanced_tracker.py:_activate_slot,2224_277_324_561_483
S,5,2224,PREDICTION,src/tracking/advanced_tracker.py:kalman_homography,
S,6,2224,PREDICTION,src/tracking/advanced_tracker.py:kalman_homography,
S,8,2224,PREDICTION,src/tracking/advanced_tracker.py:kalman_homography,
S,9,2224,PREDICTION,src/tracking/advanced_tracker.py:kalman_homography,
D,0,2224
S,1,2224,PREDICTION,src/tracking/advanced_tracker.py:id_merge,
D,1,2224
S,2,2224,PREDICTION,src/tracking/advanced_tracker.py:id_merge,
D,2,2224
S,3,2224,PREDICTION,src/tracking/advanced_tracker.py:id_merge,
D,3,2224
S,4,2224,PREDICTION,src/tracking/advanced_tracker.py:id_merge,
D,5,2224
S,6,2224,PREDICTION,src/tracking/advanced_tracker.py:id_merge,
D,6,2224
S,7,2224,PREDICTION,src/tracking/advanced_tracker.py:id_merge,
D,8,2224
S,7,2224,PREDICTION,src/tracking/advanced_tracker.py:id_merge,
D,9,2224
S,7,2224,PREDICTION,src/tracking/advanced_tracker.py:id_merge,
L,4,2224,PREDICTION,src/tracking/advanced_tracker.py:id_merge,
R,PREDICTION,SUBPIXEL,0
L,7,2224,PREDICTION,src/tracking/advanced_tracker.py:id_merge,
R,PREDICTION,PREDICTION,1
A,2224
S,0,2227,DETECTION,src/tracking/advanced_tracker.py:_activate_slot,2227_296_483_549_604
S,1,2227,DETECTION,src/tracking/advanced_tracker.py:_activate_slot,2227_485_79_779_208
S,2,2227,DETECTION,src/tracking/advanced_tracker.py:_activate_slot,2227_676_435_817_546
S,3,2227,DETECTION,src/tracking/advanced_tracker.py:_activate_slot,2227_299_921_536_1089
S,4,2227,DETECTION,src/tracking/advanced_tracker.py:_activate_slot,2227_735_259_1034_400
S,8,2227,DETECTION,src/tracking/advanced_tracker.py:_activate_slot,2227_169_794_388_914
S,5,2227,PREDICTION,src/tracking/advanced_tracker.py:kalman_homography,
S,6,2227,PREDICTION,src/tracking/advanced_tracker.py:kalman_homography,
S,9,2227,PREDICTION,src/tracking/advanced_tracker.py:kalman_homography,
S,7,2227,PREDICTION,src/tracking/advanced_tracker.py:flow_gapfill_batched,
D,0,2227
S,1,2227,PREDICTION,src/tracking/advanced_tracker.py:id_merge,
D,1,2227
S,2,2227,PREDICTION,src/tracking/advanced_tracker.py:id_merge,
D,2,2227
S,3,2227,PREDICTION,src/tracking/advanced_tracker.py:id_merge,
D,3,2227
S,4,2227,PREDICTION,src/tracking/advanced_tracker.py:id_merge,
D,5,2227
S,6,2227,PREDICTION,src/tracking/advanced_tracker.py:id_merge,
D,6,2227
S,7,2227,PREDICTION,src/tracking/advanced_tracker.py:id_merge,
D,7,2227
S,8,2227,PREDICTION,src/tracking/advanced_tracker.py:id_merge,
D,9,2227
S,8,2227,PREDICTION,src/tracking/advanced_tracker.py:id_merge,
L,4,2227,PREDICTION,src/tracking/advanced_tracker.py:id_merge,
R,PREDICTION,SUBPIXEL,0
L,8,2227,PREDICTION,src/tracking/advanced_tracker.py:id_merge,
R,PREDICTION,PREDICTION,1
A,2227
S,0,2230,DETECTION,src/tracking/advanced_tracker.py:_activate_slot,2230_291_475_545_601
S,1,2230,DETECTION,src/tracking/advanced_tracker.py:_activate_slot,2230_484_31_777_208
S,2,2230,DETECTION,src/tracking/advanced_tracker.py:_activate_slot,2230_671_404_819_537
S,3,2230,DETECTION,src/tracking/advanced_tracker.py:_activate_slot,2230_299_921_531_1086
S,4,2230,DETECTION,src/tracking/advanced_tracker.py:_activate_slot,2230_746_240_1032_360
S,7,2230,DETECTION,src/tracking/advanced_tracker.py:_activate_slot,2230_229_328_561_477
S,8,2230,DETECTION,src/tracking/advanced_tracker.py:_activate_slot,2230_167_784_384_907
S,5,2230,PREDICTION,src/tracking/advanced_tracker.py:kalman_homography,
S,6,2230,PREDICTION,src/tracking/advanced_tracker.py:kalman_homography,
S,9,2230,PREDICTION,src/tracking/advanced_tracker.py:kalman_homography,
D,0,2230
S,1,2230,PREDICTION,src/tracking/advanced_tracker.py:id_merge,
D,1,2230
S,2,2230,PREDICTION,src/tracking/advanced_tracker.py:id_merge,
D,2,2230
S,3,2230,PREDICTION,src/tracking/advanced_tracker.py:id_merge,
D,3,2230
S,4,2230,PREDICTION,src/tracking/advanced_tracker.py:id_merge,
D,5,2230
S,6,2230,PREDICTION,src/tracking/advanced_tracker.py:id_merge,
D,6,2230
S,7,2230,PREDICTION,src/tracking/advanced_tracker.py:id_merge,
D,7,2230
S,8,2230,PREDICTION,src/tracking/advanced_tracker.py:id_merge,
D,9,2230
S,8,2230,PREDICTION,src/tracking/advanced_tracker.py:id_merge,
L,4,2230,PREDICTION,src/tracking/advanced_tracker.py:id_merge,
R,PREDICTION,SUBPIXEL,0
L,8,2230,PREDICTION,src/tracking/advanced_tracker.py:id_merge,
R,PREDICTION,SUBPIXEL,0
A,2230
S,0,2233,DETECTION,src/tracking/advanced_tracker.py:_activate_slot,2233_291_468_548_571
S,1,2233,DETECTION,src/tracking/advanced_tracker.py:_activate_slot,2233_482_15_774_199
S,2,2233,DETECTION,src/tracking/advanced_tracker.py:_activate_slot,2233_665_372_822_525
S,3,2233,DETECTION,src/tracking/advanced_tracker.py:_activate_slot,2233_289_927_521_1083
S,4,2233,DETECTION,src/tracking/advanced_tracker.py:_activate_slot,2233_742_224_1032_343
S,7,2233,DETECTION,src/tracking/advanced_tracker.py:_activate_slot,2233_186_356_554_475
S,8,2233,DETECTION,src/tracking/advanced_tracker.py:_activate_slot,2233_182_780_381_882
S,5,2233,PREDICTION,src/tracking/advanced_tracker.py:kalman_homography,
S,9,2233,PREDICTION,src/tracking/advanced_tracker.py:kalman_homography,
S,6,2233,PREDICTION,src/tracking/advanced_tracker.py:flow_gapfill_batched,
D,0,2233
S,1,2233,PREDICTION,src/tracking/advanced_tracker.py:id_merge,
D,1,2233
S,2,2233,PREDICTION,src/tracking/advanced_tracker.py:id_merge,
D,2,2233
S,3,2233,PREDICTION,src/tracking/advanced_tracker.py:id_merge,
D,3,2233
S,4,2233,PREDICTION,src/tracking/advanced_tracker.py:id_merge,
D,5,2233
S,6,2233,PREDICTION,src/tracking/advanced_tracker.py:id_merge,
D,6,2233
S,7,2233,PREDICTION,src/tracking/advanced_tracker.py:id_merge,
D,7,2233
S,8,2233,PREDICTION,src/tracking/advanced_tracker.py:id_merge,
D,9,2233
S,8,2233,PREDICTION,src/tracking/advanced_tracker.py:id_merge,
L,4,2233,PREDICTION,src/tracking/advanced_tracker.py:id_merge,
R,PREDICTION,SUBPIXEL,0
L,8,2233,PREDICTION,src/tracking/advanced_tracker.py:id_merge,
R,PREDICTION,PREDICTION,1
A,2233
S,0,2236,DETECTION,src/tracking/advanced_tracker.py:_activate_slot,2236_351_834_584_930
S,1,2236,DETECTION,src/tracking/advanced_tracker.py:_activate_slot,2236_480_8_777_164
S,2,2236,DETECTION,src/tracking/advanced_tracker.py:_activate_slot,2236_665_333_957_509
S,3,2236,DETECTION,src/tracking/advanced_tracker.py:_activate_slot,2236_233_892_492_997
S,4,2236,DETECTION,src/tracking/advanced_tracker.py:_activate_slot,2236_744_206_1035_337
S,5,2236,DETECTION,src/tracking/advanced_tracker.py:_activate_slot,2236_281_462_546_549
S,7,2236,DETECTION,src/tracking/advanced_tracker.py:_activate_slot,2236_192_380_552_484
S,8,2236,DETECTION,src/tracking/advanced_tracker.py:_activate_slot,2236_281_921_524_1071
S,9,2236,PREDICTION,src/tracking/advanced_tracker.py:kalman_homography,
S,6,2236,PREDICTION,src/tracking/advanced_tracker.py:flow_gapfill_batched,
D,0,2236
S,1,2236,PREDICTION,src/tracking/advanced_tracker.py:id_merge,
D,1,2236
S,2,2236,PREDICTION,src/tracking/advanced_tracker.py:id_merge,
D,2,2236
S,3,2236,PREDICTION,src/tracking/advanced_tracker.py:id_merge,
D,3,2236
S,4,2236,PREDICTION,src/tracking/advanced_tracker.py:id_merge,
D,6,2236
S,5,2236,PREDICTION,src/tracking/advanced_tracker.py:id_merge,
D,5,2236
S,7,2236,PREDICTION,src/tracking/advanced_tracker.py:id_merge,
D,7,2236
S,8,2236,PREDICTION,src/tracking/advanced_tracker.py:id_merge,
D,9,2236
S,8,2236,PREDICTION,src/tracking/advanced_tracker.py:id_merge,
L,4,2236,PREDICTION,src/tracking/advanced_tracker.py:id_merge,
R,PREDICTION,SUBPIXEL,0
L,8,2236,PREDICTION,src/tracking/advanced_tracker.py:id_merge,
R,PREDICTION,PREDICTION,1
A,2236
S,0,2239,DETECTION,src/tracking/advanced_tracker.py:_activate_slot,2239_345_854_603_974
S,1,2239,DETECTION,src/tracking/advanced_tracker.py:_activate_slot,2239_476_-14_772_94
S,2,2239,DETECTION,src/tracking/advanced_tracker.py:_activate_slot,2239_658_306_949_479
S,3,2239,DETECTION,src/tracking/advanced_tracker.py:_activate_slot,2239_277_944_467_1061
S,4,2239,DETECTION,src/tracking/advanced_tracker.py:_activate_slot,2239_750_186_1035_324
S,9,2239,DETECTION,src/tracking/advanced_tracker.py:_activate_slot,2239_161_745_373_865
S,5,2239,PREDICTION,src/tracking/advanced_tracker.py:kalman_homography,
S,7,2239,PREDICTION,src/tracking/advanced_tracker.py:kalman_homography,
S,8,2239,PREDICTION,src/tracking/advanced_tracker.py:kalman_homography,
S,6,2239,PREDICTION,src/tracking/advanced_tracker.py:flow_gapfill_batched,
D,0,2239
S,2,2239,PREDICTION,src/tracking/advanced_tracker.py:id_merge,
D,1,2239
S,2,2239,PREDICTION,src/tracking/advanced_tracker.py:id_merge,
D,2,2239
S,3,2239,PREDICTION,src/tracking/advanced_tracker.py:id_merge,
D,3,2239
S,4,2239,PREDICTION,src/tracking/advanced_tracker.py:id_merge,
D,6,2239
S,5,2239,PREDICTION,src/tracking/advanced_tracker.py:id_merge,
D,5,2239
S,7,2239,PREDICTION,src/tracking/advanced_tracker.py:id_merge,
D,7,2239
S,8,2239,PREDICTION,src/tracking/advanced_tracker.py:id_merge,
D,8,2239
S,9,2239,PREDICTION,src/tracking/advanced_tracker.py:id_merge,
L,4,2239,PREDICTION,src/tracking/advanced_tracker.py:id_merge,
R,PREDICTION,SUBPIXEL,0
L,9,2239,PREDICTION,src/tracking/advanced_tracker.py:id_merge,
R,PREDICTION,PREDICTION,1
A,2239
S,0,2242,DETECTION,src/tracking/advanced_tracker.py:_activate_slot,2242_354_873_621_993
S,1,2242,DETECTION,src/tracking/advanced_tracker.py:_activate_slot,2242_471_-15_771_78
S,2,2242,DETECTION,src/tracking/advanced_tracker.py:_activate_slot,2242_648_288_948_438
S,3,2242,DETECTION,src/tracking/advanced_tracker.py:_activate_slot,2242_276_933_494_1059
S,4,2242,DETECTION,src/tracking/advanced_tracker.py:_activate_slot,2242_753_160_1032_298
S,5,2242,DETECTION,src/tracking/advanced_tracker.py:_activate_slot,2242_277_397_550_530
S,7,2242,PREDICTION,src/tracking/advanced_tracker.py:kalman_homography,
S,8,2242,PREDICTION,src/tracking/advanced_tracker.py:kalman_homography,
S,9,2242,PREDICTION,src/tracking/advanced_tracker.py:kalman_homography,
S,6,2242,PREDICTION,src/tracking/advanced_tracker.py:flow_gapfill_batched,
D,1,2242
S,2,2242,PREDICTION,src/tracking/advanced_tracker.py:id_merge,
D,2,2242
S,3,2242,PREDICTION,src/tracking/advanced_tracker.py:id_merge,
D,3,2242
S,4,2242,PREDICTION,src/tracking/advanced_tracker.py:id_merge,
D,6,2242
S,5,2242,PREDICTION,src/tracking/advanced_tracker.py:id_merge,
D,7,2242
S,5,2242,PREDICTION,src/tracking/advanced_tracker.py:id_merge,
D,8,2242
S,5,2242,PREDICTION,src/tracking/advanced_tracker.py:id_merge,
D,9,2242
S,5,2242,PREDICTION,src/tracking/advanced_tracker.py:id_merge,
L,0,2242,DETECTION,src/tracking/advanced_tracker.py:_activate_slot,2242_354_873_621_993
R,DETECTION,DETECTION,1
L,4,2242,PREDICTION,src/tracking/advanced_tracker.py:id_merge,
R,PREDICTION,PREDICTION,1
L,5,2242,PREDICTION,src/tracking/advanced_tracker.py:id_merge,
R,PREDICTION,PREDICTION,1
A,2242
S,0,2245,DETECTION,src/tracking/advanced_tracker.py:_activate_slot,2245_278_391_559_543
S,1,2245,DETECTION,src/tracking/advanced_tracker.py:_activate_slot,2245_582_-15_771_67
S,2,2245,DETECTION,src/tracking/advanced_tracker.py:_activate_slot,2245_643_271_952_399
S,3,2245,DETECTION,src/tracking/advanced_tracker.py:_activate_slot,2245_269_814_483_949
S,4,2245,DETECTION,src/tracking/advanced_tracker.py:_activate_slot,2245_754_126_1033_274
S,9,2245,DETECTION,src/tracking/advanced_tracker.py:_activate_slot,2245_152_462_381_567
S,5,2245,PREDICTION,src/tracking/advanced_tracker.py:kalman_homography,
S,7,2245,PREDICTION,src/tracking/advanced_tracker.py:kalman_homography,
S,8,2245,PREDICTION,src/tracking/advanced_tracker.py:kalman_homography,
S,6,2245,PREDICTION,src/tracking/advanced_tracker.py:flow_gapfill_batched,
D,0,2245
S,1,2245,PREDICTION,src/tracking/advanced_tracker.py:id_merge,
D,1,2245
S,2,2245,PREDICTION,src/tracking/advanced_tracker.py:id_merge,
D,2,2245
S,3,2245,PREDICTION,src/tracking/advanced_tracker.py:id_merge,
D,3,2245
S,4,2245,PREDICTION,src/tracking/advanced_tracker.py:id_merge,
D,6,2245
S,5,2245,PREDICTION,src/tracking/advanced_tracker.py:id_merge,
D,7,2245
S,5,2245,PREDICTION,src/tracking/advanced_tracker.py:id_merge,
D,5,2245
S,9,2245,PREDICTION,src/tracking/advanced_tracker.py:id_merge,
L,4,2245,PREDICTION,src/tracking/advanced_tracker.py:id_merge,
R,PREDICTION,SUBPIXEL,0
L,8,2245,PREDICTION,src/tracking/advanced_tracker.py:kalman_homography,
R,PREDICTION,PREDICTION,1
L,9,2245,PREDICTION,src/tracking/advanced_tracker.py:id_merge,
R,PREDICTION,PREDICTION,1
A,2245
S,0,2248,DETECTION,src/tracking/advanced_tracker.py:_activate_slot,2248_270_384_554_549
S,2,2248,DETECTION,src/tracking/advanced_tracker.py:_activate_slot,2248_649_214_952_392
S,3,2248,DETECTION,src/tracking/advanced_tracker.py:_activate_slot,2248_271_789_484_963
S,4,2248,DETECTION,src/tracking/advanced_tracker.py:_activate_slot,2248_757_96_1035_256
S,7,2248,DETECTION,src/tracking/advanced_tracker.py:_activate_slot,2248_273_927_550_1060
S,9,2248,DETECTION,src/tracking/advanced_tracker.py:_activate_slot,2248_151_460_371_561
S,1,2248,PREDICTION,src/tracking/advanced_tracker.py:kalman_homography,
S,5,2248,PREDICTION,src/tracking/advanced_tracker.py:kalman_homography,
S,8,2248,PREDICTION,src/tracking/advanced_tracker.py:flow_gapfill_batched,
D,1,2248
S,0,2248,PREDICTION,src/tracking/advanced_tracker.py:id_merge,
D,0,2248
S,2,2248,PREDICTION,src/tracking/advanced_tracker.py:id_merge,
D,2,2248
S,3,2248,PREDICTION,src/tracking/advanced_tracker.py:id_merge,
D,3,2248
S,4,2248,PREDICTION,src/tracking/advanced_tracker.py:id_merge,
D,8,2248
S,7,2248,PREDICTION,src/tracking/advanced_tracker.py:id_merge,
D,7,2248
S,9,2248,PREDICTION,src/tracking/advanced_tracker.py:id_merge,
L,4,2248,PREDICTION,src/tracking/advanced_tracker.py:id_merge,
R,PREDICTION,SUBPIXEL,0
L,5,2248,PREDICTION,src/tracking/advanced_tracker.py:kalman_homography,
R,PREDICTION,PREDICTION,1
L,9,2248,PREDICTION,src/tracking/advanced_tracker.py:id_merge,
R,PREDICTION,PREDICTION,1
A,2248
S,0,2251,DETECTION,src/tracking/advanced_tracker.py:_activate_slot,2251_270_378_550_486
S,1,2251,DETECTION,src/tracking/advanced_tracker.py:_activate_slot,2251_280_408_566_550
S,2,2251,DETECTION,src/tracking/advanced_tracker.py:_activate_slot,2251_650_170_953_383
S,3,2251,DETECTION,src/tracking/advanced_tracker.py:_activate_slot,2251_270_768_484_957
S,4,2251,DETECTION,src/tracking/advanced_tracker.py:_activate_slot,2251_739_52_1033_238
S,5,2251,DETECTION,src/tracking/advanced_tracker.py:_activate_slot,2251_261_378_542_465
S,7,2251,DETECTION,src/tracking/advanced_tracker.py:_activate_slot,2251_267_936_542_1062
S,9,2251,DETECTION,src/tracking/advanced_tracker.py:_activate_slot,2251_148_447_370_555
S,8,2251,PREDICTION,src/tracking/advanced_tracker.py:flow_gapfill_batched,
D,0,2251
S,1,2251,PREDICTION,src/tracking/advanced_tracker.py:id_merge,
D,1,2251
S,2,2251,PREDICTION,src/tracking/advanced_tracker.py:id_merge,
D,2,2251
S,3,2251,PREDICTION,src/tracking/advanced_tracker.py:id_merge,
D,3,2251
S,4,2251,PREDICTION,src/tracking/advanced_tracker.py:id_merge,
D,5,2251
S,7,2251,PREDICTION,src/tracking/advanced_tracker.py:id_merge,
D,8,2251
S,7,2251,PREDICTION,src/tracking/advanced_tracker.py:id_merge,
D,7,2251
S,9,2251,PREDICTION,src/tracking/advanced_tracker.py:id_merge,
L,4,2251,PREDICTION,src/tracking/advanced_tracker.py:id_merge,
R,PREDICTION,SUBPIXEL,0
L,9,2251,PREDICTION,src/tracking/advanced_tracker.py:id_merge,
R,PREDICTION,SUBPIXEL,0
A,2251
S,0,2254,DETECTION,src/tracking/advanced_tracker.py:_activate_slot,2254_262_917_549_1079
S,1,2254,DETECTION,src/tracking/advanced_tracker.py:_activate_slot,2254_294_410_575_548
S,2,2254,DETECTION,src/tracking/advanced_tracker.py:_activate_slot,2254_632_166_951_356
S,3,2254,DETECTION,src/tracking/advanced_tracker.py:_activate_slot,2254_270_735_482_915
S,4,2254,DETECTION,src/tracking/advanced_tracker.py:_activate_slot,2254_740_12_1032_200
S,6,2254,DETECTION,src/tracking/advanced_tracker.py:_activate_slot,2254_262_362_537_456
S,9,2254,DETECTION,src/tracking/advanced_tracker.py:_activate_slot,2254_141_431_366_553
S,5,2254,PREDICTION,src/tracking/advanced_tracker.py:kalman_homography,
S,7,2254,PREDICTION,src/tracking/advanced_tracker.py:kalman_homography,
S,8,2254,PREDICTION,src/tracking/advanced_tracker.py:flow_gapfill_batched,
D,0,2254
S,1,2254,PREDICTION,src/tracking/advanced_tracker.py:id_merge,
D,1,2254
S,3,2254,PREDICTION,src/tracking/advanced_tracker.py:id_merge,
D,2,2254
S,3,2254,PREDICTION,src/tracking/advanced_tracker.py:id_merge,
D,3,2254
S,4,2254,PREDICTION,src/tracking/advanced_tracker.py:id_merge,
D,5,2254
S,6,2254,PREDICTION,src/tracking/advanced_tracker.py:id_merge,
D,7,2254
S,6,2254,PREDICTION,src/tracking/advanced_tracker.py:id_merge,
D,8,2254
S,6,2254,PREDICTION,src/tracking/advanced_tracker.py:id_merge,
D,6,2254
S,9,2254,PREDICTION,src/tracking/advanced_tracker.py:id_merge,
L,4,2254,PREDICTION,src/tracking/advanced_tracker.py:id_merge,
R,PREDICTION,SUBPIXEL,0
L,9,2254,PREDICTION,src/tracking/advanced_tracker.py:id_merge,
R,PREDICTION,SUBPIXEL,0
A,2254
S,1,2257,DETECTION,src/tracking/advanced_tracker.py:_activate_slot,2257_298_404_583_545
S,2,2257,DETECTION,src/tracking/advanced_tracker.py:_activate_slot,2257_633_128_948_304
S,3,2257,DETECTION,src/tracking/advanced_tracker.py:_activate_slot,2257_255_696_479_874
S,4,2257,DETECTION,src/tracking/advanced_tracker.py:_activate_slot,2257_778_-15_1033_178
S,5,2257,DETECTION,src/tracking/advanced_tracker.py:_activate_slot,2257_258_340_525_432
S,6,2257,DETECTION,src/tracking/advanced_tracker.py:_activate_slot,2257_257_941_549_1103
S,7,2257,DETECTION,src/tracking/advanced_tracker.py:_activate_slot,2257_257_327_537_442
S,0,2257,PREDICTION,src/tracking/advanced_tracker.py:kalman_homography,
S,9,2257,PREDICTION,src/tracking/advanced_tracker.py:kalman_homography,
S,8,2257,PREDICTION,src/tracking/advanced_tracker.py:flow_gapfill_batched,
D,0,2257
S,2,2257,PREDICTION,src/tracking/advanced_tracker.py:id_merge,
D,2,2257
S,3,2257,PREDICTION,src/tracking/advanced_tracker.py:id_merge,
D,3,2257
S,4,2257,PREDICTION,src/tracking/advanced_tracker.py:id_merge,
D,5,2257
S,6,2257,PREDICTION,src/tracking/advanced_tracker.py:id_merge,
D,6,2257
S,7,2257,PREDICTION,src/tracking/advanced_tracker.py:id_merge,
D,8,2257
S,7,2257,PREDICTION,src/tracking/advanced_tracker.py:id_merge,
D,9,2257
S,7,2257,PREDICTION,src/tracking/advanced_tracker.py:id_merge,
L,1,2257,DETECTION,src/tracking/advanced_tracker.py:_activate_slot,2257_298_404_583_545
R,DETECTION,DETECTION,1
L,4,2257,PREDICTION,src/tracking/advanced_tracker.py:id_merge,
R,PREDICTION,SUBPIXEL,0
L,7,2257,PREDICTION,src/tracking/advanced_tracker.py:id_merge,
R,PREDICTION,PREDICTION,1
A,2257
S,0,2260,DETECTION,src/tracking/advanced_tracker.py:_activate_slot,2260_270_990_537_1125
S,1,2260,DETECTION,src/tracking/advanced_tracker.py:_activate_slot,2260_322_397_582_548
S,2,2260,DETECTION,src/tracking/advanced_tracker.py:_activate_slot,2260_600_80_937_232
S,3,2260,DETECTION,src/tracking/advanced_tracker.py:_activate_slot,2260_215_666_486_851
S,4,2260,DETECTION,src/tracking/advanced_tracker.py:_activate_slot,2260_775_-15_1033_137
S,6,2260,DETECTION,src/tracking/advanced_tracker.py:_activate_slot,2260_125_598_366_691
S,7,2260,DETECTION,src/tracking/advanced_tracker.py:_activate_slot,2260_237_927_505_1053
S,9,2260,DETECTION,src/tracking/advanced_tracker.py:_activate_slot,2260_125_399_354_524
S,5,2260,PREDICTION,src/tracking/advanced_tracker.py:kalman_homography,
S,8,2260,PREDICTION,src/tracking/advanced_tracker.py:flow_gapfill_batched,
D,0,2260
S,2,2260,PREDICTION,src/tracking/advanced_tracker.py:id_merge,
D,2,2260
S,3,2260,PREDICTION,src/tracking/advanced_tracker.py:id_merge,
D,3,2260
S,4,2260,PREDICTION,src/tracking/advanced_tracker.py:id_merge,
D,5,2260
S,6,2260,PREDICTION,src/tracking/advanced_tracker.py:id_merge,
D,6,2260
S,7,2260,PREDICTION,src/tracking/advanced_tracker.py:id_merge,
D,8,2260
S,7,2260,PREDICTION,src/tracking/advanced_tracker.py:id_merge,
D,7,2260
S,9,2260,PREDICTION,src/tracking/advanced_tracker.py:id_merge,
L,1,2260,DETECTION,src/tracking/advanced_tracker.py:_activate_slot,2260_322_397_582_548
R,DETECTION,DETECTION,1
L,4,2260,PREDICTION,src/tracking/advanced_tracker.py:id_merge,
R,PREDICTION,PREDICTION,1
L,9,2260,PREDICTION,src/tracking/advanced_tracker.py:id_merge,
R,PREDICTION,PREDICTION,1
A,2260
S,0,2263,DETECTION,src/tracking/advanced_tracker.py:_activate_slot,2263_270_1006_546_1174
S,1,2263,DETECTION,src/tracking/advanced_tracker.py:_activate_slot,2263_337_373_586_544
S,2,2263,DETECTION,src/tracking/advanced_tracker.py:_activate_slot,2263_608_46_933_226
S,3,2263,DETECTION,src/tracking/advanced_tracker.py:_activate_slot,2263_233_643_490_814
S,4,2263,DETECTION,src/tracking/advanced_tracker.py:_activate_slot,2263_707_-15_1035_75
S,5,2263,DETECTION,src/tracking/advanced_tracker.py:_activate_slot,2263_243_271_525_431
S,6,2263,DETECTION,src/tracking/advanced_tracker.py:_activate_slot,2263_757_-15_1035_65
S,9,2263,DETECTION,src/tracking/advanced_tracker.py:_activate_slot,2263_113_379_352_485
S,7,2263,PREDICTION,src/tracking/advanced_tracker.py:kalman_homography,
D,0,2263
S,2,2263,PREDICTION,src/tracking/advanced_tracker.py:id_merge,
D,2,2263
S,3,2263,PREDICTION,src/tracking/advanced_tracker.py:id_merge,
D,3,2263
S,4,2263,PREDICTION,src/tracking/advanced_tracker.py:id_merge,
D,5,2263
S,6,2263,PREDICTION,src/tracking/advanced_tracker.py:id_merge,
D,7,2263
S,6,2263,PREDICTION,src/tracking/advanced_tracker.py:id_merge,
D,6,2263
S,9,2263,PREDICTION,src/tracking/advanced_tracker.py:id_merge,
L,1,2263,DETECTION,src/tracking/advanced_tracker.py:_activate_slot,2263_337_373_586_544
R,DETECTION,DETECTION,1
L,4,2263,PREDICTION,src/tracking/advanced_tracker.py:id_merge,
R,PREDICTION,SUBPIXEL,0
L,9,2263,PREDICTION,src/tracking/advanced_tracker.py:id_merge,
R,PREDICTION,PREDICTION,1
A,2263
S,0,2266,DETECTION,src/tracking/advanced_tracker.py:_activate_slot,2266_257_1020_532_1197
S,1,2266,DETECTION,src/tracking/advanced_tracker.py:_activate_slot,2266_338_334_582_532
S,2,2266,DETECTION,src/tracking/advanced_tracker.py:_activate_slot,2266_539_-11_929_212
S,3,2266,DETECTION,src/tracking/advanced_tracker.py:_activate_slot,2266_232_599_484_747
S,4,2266,DETECTION,src/tracking/advanced_tracker.py:_activate_slot,2266_233_265_513_370
S,6,2266,DETECTION,src/tracking/advanced_tracker.py:_activate_slot,2266_100_355_347_475
S,5,2266,PREDICTION,src/tracking/advanced_tracker.py:kalman_homography,
S,7,2266,PREDICTION,src/tracking/advanced_tracker.py:kalman_homography,
S,9,2266,PREDICTION,src/tracking/advanced_tracker.py:kalman_homography,
D,0,2266
S,2,2266,PREDICTION,src/tracking/advanced_tracker.py:id_merge,
D,2,2266
S,3,2266,PREDICTION,src/tracking/advanced_tracker.py:id_merge,
D,3,2266
S,4,2266,PREDICTION,src/tracking/advanced_tracker.py:id_merge,
D,5,2266
S,6,2266,PREDICTION,src/tracking/advanced_tracker.py:id_merge,
D,7,2266
S,6,2266,PREDICTION,src/tracking/advanced_tracker.py:id_merge,
D,9,2266
S,6,2266,PREDICTION,src/tracking/advanced_tracker.py:id_merge,
L,1,2266,DETECTION,src/tracking/advanced_tracker.py:_activate_slot,2266_338_334_582_532
R,DETECTION,DETECTION,1
L,4,2266,PREDICTION,src/tracking/advanced_tracker.py:id_merge,
R,PREDICTION,PREDICTION,1
L,6,2266,PREDICTION,src/tracking/advanced_tracker.py:id_merge,
R,PREDICTION,PREDICTION,1
A,2266
S,0,2269,DETECTION,src/tracking/advanced_tracker.py:_activate_slot,2269_228_1068_509_1245
S,1,2269,DETECTION,src/tracking/advanced_tracker.py:_activate_slot,2269_335_319_575_507
S,2,2269,DETECTION,src/tracking/advanced_tracker.py:_activate_slot,2269_536_-15_903_163
S,3,2269,DETECTION,src/tracking/advanced_tracker.py:_activate_slot,2269_169_497_474_718
S,4,2269,DETECTION,src/tracking/advanced_tracker.py:_activate_slot,2269_208_252_501_353
S,6,2269,DETECTION,src/tracking/advanced_tracker.py:_activate_slot,2269_105_328_334_465
S,5,2269,PREDICTION,src/tracking/advanced_tracker.py:kalman_homography,
S,7,2269,PREDICTION,src/tracking/advanced_tracker.py:kalman_homography,
S,9,2269,PREDICTION,src/tracking/advanced_tracker.py:kalman_homography,
D,0,2269
S,2,2269,PREDICTION,src/tracking/advanced_tracker.py:id_merge,
D,2,2269
S,3,2269,PREDICTION,src/tracking/advanced_tracker.py:id_merge,
D,3,2269
S,4,2269,PREDICTION,src/tracking/advanced_tracker.py:id_merge,
D,5,2269
S,6,2269,PREDICTION,src/tracking/advanced_tracker.py:id_merge,
D,7,2269
S,6,2269,PREDICTION,src/tracking/advanced_tracker.py:id_merge,
D,9,2269
S,6,2269,PREDICTION,src/tracking/advanced_tracker.py:id_merge,
L,1,2269,DETECTION,src/tracking/advanced_tracker.py:_activate_slot,2269_335_319_575_507
R,DETECTION,DETECTION,1
L,4,2269,PREDICTION,src/tracking/advanced_tracker.py:id_merge,
R,PREDICTION,PREDICTION,1
L,6,2269,PREDICTION,src/tracking/advanced_tracker.py:id_merge,
R,PREDICTION,PREDICTION,1
A,2269
S,0,2272,DETECTION,src/tracking/advanced_tracker.py:_activate_slot,2272_340_1143_630_1275
S,1,2272,DETECTION,src/tracking/advanced_tracker.py:_activate_slot,2272_296_273_568_461
S,2,2272,DETECTION,src/tracking/advanced_tracker.py:_activate_slot,2272_565_-15_891_94
S,3,2272,DETECTION,src/tracking/advanced_tracker.py:_activate_slot,2272_168_478_475_694
S,4,2272,DETECTION,src/tracking/advanced_tracker.py:_activate_slot,2272_207_215_498_335
S,9,2272,DETECTION,src/tracking/advanced_tracker.py:_activate_slot,2272_68_303_323_462
S,5,2272,PREDICTION,src/tracking/advanced_tracker.py:kalman_homography,
S,6,2272,PREDICTION,src/tracking/advanced_tracker.py:kalman_homography,
S,7,2272,PREDICTION,src/tracking/advanced_tracker.py:kalman_homography,
D,0,2272
S,1,2272,PREDICTION,src/tracking/advanced_tracker.py:id_merge,
D,1,2272
S,4,2272,PREDICTION,src/tracking/advanced_tracker.py:id_merge,
D,2,2272
S,3,2272,PREDICTION,src/tracking/advanced_tracker.py:id_merge,
D,3,2272
S,4,2272,PREDICTION,src/tracking/advanced_tracker.py:id_merge,
D,5,2272
S,6,2272,PREDICTION,src/tracking/advanced_tracker.py:id_merge,
D,7,2272
S,6,2272,PREDICTION,src/tracking/advanced_tracker.py:id_merge,
D,6,2272
S,9,2272,PREDICTION,src/tracking/advanced_tracker.py:id_merge,
L,4,2272,PREDICTION,src/tracking/advanced_tracker.py:id_merge,
R,PREDICTION,PREDICTION,1
L,9,2272,PREDICTION,src/tracking/advanced_tracker.py:id_merge,
R,PREDICTION,PREDICTION,1
A,2272
S,0,2275,DETECTION,src/tracking/advanced_tracker.py:_activate_slot,2275_328_1125_628_1272
S,1,2275,DETECTION,src/tracking/advanced_tracker.py:_activate_slot,2275_297_243_564_436
S,2,2275,DETECTION,src/tracking/advanced_tracker.py:_activate_slot,2275_588_-15_884_73
S,3,2275,DETECTION,src/tracking/advanced_tracker.py:_activate_slot,2275_98_445_475_658
S,4,2275,DETECTION,src/tracking/advanced_tracker.py:_activate_slot,2275_171_889_457_1017
S,6,2275,DETECTION,src/tracking/advanced_tracker.py:_activate_slot,2275_55_289_319_434
S,7,2275,DETECTION,src/tracking/advanced_tracker.py:_activate_slot,2275_190_172_483_322
S,5,2275,PREDICTION,src/tracking/advanced_tracker.py:kalman_homography,
S,9,2275,PREDICTION,src/tracking/advanced_tracker.py:kalman_homography,
D,0,2275
S,1,2275,PREDICTION,src/tracking/advanced_tracker.py:id_merge,
D,1,2275
S,3,2275,PREDICTION,src/tracking/advanced_tracker.py:id_merge,
D,2,2275
S,3,2275,PREDICTION,src/tracking/advanced_tracker.py:id_merge,
D,3,2275
S,4,2275,PREDICTION,src/tracking/advanced_tracker.py:id_merge,
D,5,2275
S,6,2275,PREDICTION,src/tracking/advanced_tracker.py:id_merge,
D,6,2275
S,7,2275,PREDICTION,src/tracking/advanced_tracker.py:id_merge,
D,9,2275
S,7,2275,PREDICTION,src/tracking/advanced_tracker.py:id_merge,
L,4,2275,PREDICTION,src/tracking/advanced_tracker.py:id_merge,
R,PREDICTION,PREDICTION,1
L,7,2275,PREDICTION,src/tracking/advanced_tracker.py:id_merge,
R,PREDICTION,PREDICTION,1
A,2275
S,0,2278,DETECTION,src/tracking/advanced_tracker.py:_activate_slot,2278_330_1133_625_1289
S,2,2278,DETECTION,src/tracking/advanced_tracker.py:_activate_slot,2278_669_-15_873_74
S,3,2278,DETECTION,src/tracking/advanced_tracker.py:_activate_slot,2278_101_409_471_591
S,4,2278,DETECTION,src/tracking/advanced_tracker.py:_activate_slot,2278_172_855_457_1026
S,7,2278,DETECTION,src/tracking/advanced_tracker.py:_activate_slot,2278_180_165_461_278
S,9,2278,DETECTION,src/tracking/advanced_tracker.py:_activate_slot,2278_54_280_310_395
S,5,2278,PREDICTION,src/tracking/advanced_tracker.py:kalman_homography,
S,6,2278,PREDICTION,src/tracking/advanced_tracker.py:kalman_homography,
S,1,2278,PREDICTION,src/tracking/advanced_tracker.py:flow_gapfill_batched,
D,1,2278
S,0,2278,PREDICTION,src/tracking/advanced_tracker.py:id_merge,
D,0,2278
S,3,2278,PREDICTION,src/tracking/advanced_tracker.py:id_merge,
D,2,2278
S,3,2278,PREDICTION,src/tracking/advanced_tracker.py:id_merge,
D,3,2278
S,4,2278,PREDICTION,src/tracking/advanced_tracker.py:id_merge,
D,5,2278
S,6,2278,PREDICTION,src/tracking/advanced_tracker.py:id_merge,
D,6,2278
S,7,2278,PREDICTION,src/tracking/advanced_tracker.py:id_merge,
D,7,2278
S,9,2278,PREDICTION,src/tracking/advanced_tracker.py:id_merge,
L,4,2278,PREDICTION,src/tracking/advanced_tracker.py:id_merge,
R,PREDICTION,SUBPIXEL,0
L,9,2278,PREDICTION,src/tracking/advanced_tracker.py:id_merge,
R,PREDICTION,SUBPIXEL,0
A,2278
S,0,2281,DETECTION,src/tracking/advanced_tracker.py:_activate_slot,2281_348_1165_628_1303
S,1,2281,DETECTION,src/tracking/advanced_tracker.py:_activate_slot,2281_166_166_420_258
S,3,2281,DETECTION,src/tracking/advanced_tracker.py:_activate_slot,2281_172_381_457_537
S,4,2281,DETECTION,src/tracking/advanced_tracker.py:_activate_slot,2281_173_841_449_1032
S,2,2281,DETECTION,src/tracking/advanced_tracker.py:_activate_slot,2281_721_-15_862_62
S,9,2281,DETECTION,src/tracking/advanced_tracker.py:_activate_slot,2281_27_-15_299_100
S,8,2281,DETECTION,src/tracking/advanced_tracker.py:_activate_slot,2281_-15_686_238_804
S,5,2281,PREDICTION,src/tracking/advanced_tracker.py:kalman_homography,
S,6,2281,PREDICTION,src/tracking/advanced_tracker.py:kalman_homography,
S,7,2281,PREDICTION,src/tracking/advanced_tracker.py:flow_gapfill_batched,
D,0,2281
S,1,2281,PREDICTION,src/tracking/advanced_tracker.py:id_merge,
D,1,2281
S,2,2281,PREDICTION,src/tracking/advanced_tracker.py:id_merge,
D,2,2281
S,3,2281,PREDICTION,src/tracking/advanced_tracker.py:id_merge,
D,3,2281
S,4,2281,PREDICTION,src/tracking/advanced_tracker.py:id_merge,
D,5,2281
S,6,2281,PREDICTION,src/tracking/advanced_tracker.py:id_merge,
D,6,2281
S,7,2281,PREDICTION,src/tracking/advanced_tracker.py:id_merge,
D,7,2281
S,8,2281,PREDICTION,src/tracking/advanced_tracker.py:id_merge,
D,8,2281
S,9,2281,PREDICTION,src/tracking/advanced_tracker.py:id_merge,
L,4,2281,PREDICTION,src/tracking/advanced_tracker.py:id_merge,
R,PREDICTION,PREDICTION,1
L,9,2281,PREDICTION,src/tracking/advanced_tracker.py:id_merge,
R,PREDICTION,PREDICTION,1
A,2281
S,0,2284,DETECTION,src/tracking/advanced_tracker.py:_activate_slot,2284_340_1187_627_1319
S,1,2284,DETECTION,src/tracking/advanced_tracker.py:_activate_slot,2284_154_165_358_253
S,2,2284,DETECTION,src/tracking/advanced_tracker.py:_activate_slot,2284_909_786_1035_924
S,3,2284,DETECTION,src/tracking/advanced_tracker.py:_activate_slot,2284_156_343_470_516
S,4,2284,DETECTION,src/tracking/advanced_tracker.py:_activate_slot,2284_156_838_430_1024
S,5,2284,DETECTION,src/tracking/advanced_tracker.py:_activate_slot,2284_153_1170_420_1301
S,6,2284,DETECTION,src/tracking/advanced_tracker.py:_activate_slot,2284_38_233_285_368
S,8,2284,DETECTION,src/tracking/advanced_tracker.py:_activate_slot,2284_-15_695_218_822
S,9,2284,DETECTION,src/tracking/advanced_tracker.py:_activate_slot,2284_17_-15_285_118
S,7,2284,PREDICTION,src/tracking/advanced_tracker.py:flow_gapfill_batched,
D,0,2284
S,1,2284,PREDICTION,src/tracking/advanced_tracker.py:id_merge,
D,1,2284
S,2,2284,PREDICTION,src/tracking/advanced_tracker.py:id_merge,
D,2,2284
S,3,2284,PREDICTION,src/tracking/advanced_tracker.py:id_merge,
D,3,2284
S,4,2284,PREDICTION,src/tracking/advanced_tracker.py:id_merge,
D,5,2284
S,6,2284,PREDICTION,src/tracking/advanced_tracker.py:id_merge,
D,7,2284
S,6,2284,PREDICTION,src/tracking/advanced_tracker.py:id_merge,
D,6,2284
S,8,2284,PREDICTION,src/tracking/advanced_tracker.py:id_merge,
D,8,2284
S,9,2284,PREDICTION,src/tracking/advanced_tracker.py:id_merge,
L,4,2284,PREDICTION,src/tracking/advanced_tracker.py:id_merge,
R,PREDICTION,PREDICTION,1
L,9,2284,PREDICTION,src/tracking/advanced_tracker.py:id_merge,
R,PREDICTION,PREDICTION,1
A,2284
S,0,2287,DETECTION,src/tracking/advanced_tracker.py:_activate_slot,2287_362_1194_618_1353
S,1,2287,DETECTION,src/tracking/advanced_tracker.py:_activate_slot,2287_141_159_398_268
S,2,2287,DETECTION,src/tracking/advanced_tracker.py:_activate_slot,2287_899_788_1035_935
S,3,2287,DETECTION,src/tracking/advanced_tracker.py:_activate_slot,2287_162_310_467_426
S,4,2287,DETECTION,src/tracking/advanced_tracker.py:_activate_slot,2287_144_843_419_1001
S,5,2287,DETECTION,src/tracking/advanced_tracker.py:_activate_slot,2287_96_381_339_492
S,7,2287,DETECTION,src/tracking/advanced_tracker.py:_activate_slot,2287_129_1214_414_1338
S,9,2287,DETECTION,src/tracking/advanced_tracker.py:_activate_slot,2287_-6_-15_275_124
S,6,2287,DETECTION,src/tracking/advanced_tracker.py:_activate_slot,2287_52_221_276_360
S,8,2287,DETECTION,src/tracking/advanced_tracker.py:_activate_slot,2287_-14_702_214_832
D,0,2287
S,1,2287,PREDICTION,src/tracking/advanced_tracker.py:id_merge,
D,1,2287
S,2,2287,PREDICTION,src/tracking/advanced_tracker.py:id_merge,
D,2,2287
S,3,2287,PREDICTION,src/tracking/advanced_tracker.py:id_merge,
D,3,2287
S,4,2287,PREDICTION,src/tracking/advanced_tracker.py:id_merge,
D,5,2287
S,6,2287,PREDICTION,src/tracking/advanced_tracker.py:id_merge,
D,6,2287
S,7,2287,PREDICTION,src/tracking/advanced_tracker.py:id_merge,
D,7,2287
S,8,2287,PREDICTION,src/tracking/advanced_tracker.py:id_merge,
D,8,2287
S,9,2287,PREDICTION,src/tracking/advanced_tracker.py:id_merge,
L,4,2287,PREDICTION,src/tracking/advanced_tracker.py:id_merge,
R,PREDICTION,PREDICTION,1
L,9,2287,PREDICTION,src/tracking/advanced_tracker.py:id_merge,
R,PREDICTION,PREDICTION,1
A,2287
S,0,2290,DETECTION,src/tracking/advanced_tracker.py:_activate_slot,2290_358_1200_612_1358
S,1,2290,DETECTION,src/tracking/advanced_tracker.py:_activate_slot,2290_137_165_415_292
S,2,2290,DETECTION,src/tracking/advanced_tracker.py:_activate_slot,2290_892_816_1035_957
S,3,2290,DETECTION,src/tracking/advanced_tracker.py:_activate_slot,2290_163_283_459_424
S,4,2290,DETECTION,src/tracking/advanced_tracker.py:_activate_slot,2290_128_864_405_973
S,5,2290,DETECTION,src/tracking/advanced_tracker.py:_activate_slot,2290_102_373_348_497
S,7,2290,DETECTION,src/tracking/advanced_tracker.py:_activate_slot,2290_137_1252_407_1407
S,9,2290,DETECTION,src/tracking/advanced_tracker.py:_activate_slot,2290_-10_-11_263_134
S,6,2290,DETECTION,src/tracking/advanced_tracker.py:_activate_slot,2290_14_232_267_345
S,8,2290,PREDICTION,src/tracking/advanced_tracker.py:kalman_homography,
D,0,2290
S,1,2290,PREDICTION,src/tracking/advanced_tracker.py:id_merge,
D,1,2290
S,2,2290,PREDICTION,src/tracking/advanced_tracker.py:id_merge,
D,2,2290
S,3,2290,PREDICTION,src/tracking/advanced_tracker.py:id_merge,
D,3,2290
S,4,2290,PREDICTION,src/tracking/advanced_tracker.py:id_merge,
D,5,2290
S,6,2290,PREDICTION,src/tracking/advanced_tracker.py:id_merge,
D,6,2290
S,7,2290,PREDICTION,src/tracking/advanced_tracker.py:id_merge,
D,8,2290
S,7,2290,PREDICTION,src/tracking/advanced_tracker.py:id_merge,
D,7,2290
S,9,2290,PREDICTION,src/tracking/advanced_tracker.py:id_merge,
L,4,2290,PREDICTION,src/tracking/advanced_tracker.py:id_merge,
R,PREDICTION,PREDICTION,1
L,9,2290,PREDICTION,src/tracking/advanced_tracker.py:id_merge,
R,PREDICTION,PREDICTION,1
A,2290
S,0,2293,DETECTION,src/tracking/advanced_tracker.py:_activate_slot,2293_352_1209_606_1374
S,1,2293,DETECTION,src/tracking/advanced_tracker.py:_activate_slot,2293_133_169_405_310
S,2,2293,DETECTION,src/tracking/advanced_tracker.py:_activate_slot,2293_885_832_1029_982
S,3,2293,DETECTION,src/tracking/advanced_tracker.py:_activate_slot,2293_158_241_450_428
S,4,2293,DETECTION,src/tracking/advanced_tracker.py:_activate_slot,2293_127_860_403_978
S,7,2293,DETECTION,src/tracking/advanced_tracker.py:_activate_slot,2293_143_1283_400_1452
S,5,2293,PREDICTION,src/tracking/advanced_tracker.py:kalman_homography,
S,6,2293,PREDICTION,src/tracking/advanced_tracker.py:kalman_homography,
S,8,2293,PREDICTION,src/tracking/advanced_tracker.py:kalman_homography,
S,9,2293,PREDICTION,src/tracking/advanced_tracker.py:kalman_homography,
D,0,2293
S,1,2293,PREDICTION,src/tracking/advanced_tracker.py:id_merge,
D,1,2293
S,2,2293,PREDICTION,src/tracking/advanced_tracker.py:id_merge,
D,2,2293
S,3,2293,PREDICTION,src/tracking/advanced_tracker.py:id_merge,
D,3,2293
S,4,2293,PREDICTION,src/tracking/advanced_tracker.py:id_merge,
D,5,2293
S,6,2293,PREDICTION,src/tracking/advanced_tracker.py:id_merge,
D,6,2293
S,7,2293,PREDICTION,src/tracking/advanced_tracker.py:id_merge,
D,8,2293
S,7,2293,PREDICTION,src/tracking/advanced_tracker.py:id_merge,
D,9,2293
S,7,2293,PREDICTION,src/tracking/advanced_tracker.py:id_merge,
L,4,2293,PREDICTION,src/tracking/advanced_tracker.py:id_merge,
R,PREDICTION,SUBPIXEL,0
L,7,2293,PREDICTION,src/tracking/advanced_tracker.py:id_merge,
R,PREDICTION,PREDICTION,1
A,2293
S,0,2296,CLAMP,src/tracking/advanced_tracker.py:_activate_slot,2296_342_1215_637_1383
S,1,2296,CLAMP,src/tracking/advanced_tracker.py:_activate_slot,2296_129_181_407_288
S,2,2296,DETECTION,src/tracking/advanced_tracker.py:_activate_slot,2296_882_859_1029_1006
S,3,2296,DETECTION,src/tracking/advanced_tracker.py:_activate_slot,2296_158_236_469_449
S,4,2296,CLAMP,src/tracking/advanced_tracker.py:_activate_slot,2296_116_840_400_1005
S,7,2296,CLAMP,src/tracking/advanced_tracker.py:_activate_slot,2296_150_1328_405_1481
S,8,2296,DETECTION,src/tracking/advanced_tracker.py:_activate_slot,2296_-14_783_207_913
S,5,2296,PREDICTION,src/tracking/advanced_tracker.py:kalman_homography,
S,6,2296,PREDICTION,src/tracking/advanced_tracker.py:kalman_homography,
S,9,2296,PREDICTION,src/tracking/advanced_tracker.py:flow_gapfill_batched,
D,0,2296
S,1,2296,PREDICTION,src/tracking/advanced_tracker.py:id_merge,
D,5,2296
S,9,2296,PREDICTION,src/tracking/advanced_tracker.py:id_merge,
D,6,2296
S,9,2296,PREDICTION,src/tracking/advanced_tracker.py:id_merge,
L,1,2296,PREDICTION,src/tracking/advanced_tracker.py:id_merge,
R,PREDICTION,SUBPIXEL,0
L,2,2296,DETECTION,src/tracking/advanced_tracker.py:_activate_slot,2296_882_859_1029_1006
R,DETECTION,DETECTION,1
L,3,2296,DETECTION,src/tracking/advanced_tracker.py:_activate_slot,2296_158_236_469_449
R,DETECTION,DETECTION,1
L,4,2296,CLAMP,src/tracking/advanced_tracker.py:_activate_slot,2296_116_840_400_1005
R,CLAMP,CLAMP,0
L,7,2296,CLAMP,src/tracking/advanced_tracker.py:_activate_slot,2296_150_1328_405_1481
R,CLAMP,CLAMP,0
L,8,2296,DETECTION,src/tracking/advanced_tracker.py:_activate_slot,2296_-14_783_207_913
R,CLAMP,CLAMP,0
L,9,2296,PREDICTION,src/tracking/advanced_tracker.py:id_merge,
R,CLAMP,CLAMP,0
A,2296
S,0,2299,CLAMP,src/tracking/advanced_tracker.py:_activate_slot,2299_419_1151_722_1280
S,1,2299,CLAMP,src/tracking/advanced_tracker.py:_activate_slot,2299_122_192_393_294
S,2,2299,DETECTION,src/tracking/advanced_tracker.py:_activate_slot,2299_916_747_1035_852
S,3,2299,DETECTION,src/tracking/advanced_tracker.py:_activate_slot,2299_176_239_469_423
S,4,2299,CLAMP,src/tracking/advanced_tracker.py:_activate_slot,2299_108_855_394_1027
S,5,2299,CLAMP,src/tracking/advanced_tracker.py:_activate_slot,2299_120_384_366_507
S,7,2299,CLAMP,src/tracking/advanced_tracker.py:_activate_slot,2299_354_1224_650_1389
S,8,2299,DETECTION,src/tracking/advanced_tracker.py:_activate_slot,2299_451_1809_685_1935
S,9,2299,CLAMP,src/tracking/advanced_tracker.py:_activate_slot,2299_929_1588_1034_1726
S,6,2299,PREDICTION,src/tracking/advanced_tracker.py:kalman_homography,
D,0,2299
S,1,2299,PREDICTION,src/tracking/advanced_tracker.py:id_merge,
D,6,2299
S,9,2299,PREDICTION,src/tracking/advanced_tracker.py:id_merge,
L,1,2299,PREDICTION,src/tracking/advanced_tracker.py:id_merge,
R,PREDICTION,SUBPIXEL,0
L,2,2299,DETECTION,src/tracking/advanced_tracker.py:_activate_slot,2299_916_747_1035_852
R,DETECTION,DETECTION,1
L,3,2299,DETECTION,src/tracking/advanced_tracker.py:_activate_slot,2299_176_239_469_423
R,DETECTION,DETECTION,1
L,4,2299,CLAMP,src/tracking/advanced_tracker.py:_activate_slot,2299_108_855_394_1027
R,CLAMP,CLAMP,0
L,5,2299,CLAMP,src/tracking/advanced_tracker.py:_activate_slot,2299_120_384_366_507
R,CLAMP,CLAMP,0
L,7,2299,CLAMP,src/tracking/advanced_tracker.py:_activate_slot,2299_354_1224_650_1389
R,CLAMP,CLAMP,0
L,8,2299,DETECTION,src/tracking/advanced_tracker.py:_activate_slot,2299_451_1809_685_1935
R,CLAMP,CLAMP,0
L,9,2299,PREDICTION,src/tracking/advanced_tracker.py:id_merge,
R,CLAMP,CLAMP,0
A,2299
S,0,2302,CLAMP,src/tracking/advanced_tracker.py:_activate_slot,2302_369_1236_647_1377
S,1,2302,CLAMP,src/tracking/advanced_tracker.py:_activate_slot,2302_117_399_400_528
S,2,2302,DETECTION,src/tracking/advanced_tracker.py:_activate_slot,2302_914_493_1035_613
S,3,2302,DETECTION,src/tracking/advanced_tracker.py:_activate_slot,2302_165_244_457_360
S,4,2302,CLAMP,src/tracking/advanced_tracker.py:_activate_slot,2302_114_876_388_1039
S,5,2302,CLAMP,src/tracking/advanced_tracker.py:_activate_slot,2302_418_1177_732_1312
S,6,2302,CLAMP,src/tracking/advanced_tracker.py:_activate_slot,2302_3_282_255_426
S,7,2302,CLAMP,src/tracking/advanced_tracker.py:_activate_slot,2302_134_1432_417_1564
S,8,2302,DETECTION,src/tracking/advanced_tracker.py:_activate_slot,2302_922_1620_1035_1758
S,9,2302,CLAMP,src/tracking/advanced_tracker.py:_activate_slot,2302_939_1521_1035_1650
D,0,2302
S,1,2302,PREDICTION,src/tracking/advanced_tracker.py:id_merge,
D,6,2302
S,7,2302,PREDICTION,src/tracking/advanced_tracker.py:id_merge,
L,1,2302,PREDICTION,src/tracking/advanced_tracker.py:id_merge,
R,PREDICTION,SUBPIXEL,0
L,2,2302,DETECTION,src/tracking/advanced_tracker.py:_activate_slot,2302_914_493_1035_613
R,DETECTION,DETECTION,1
L,3,2302,DETECTION,src/tracking/advanced_tracker.py:_activate_slot,2302_165_244_457_360
R,DETECTION,DETECTION,1
L,4,2302,CLAMP,src/tracking/advanced_tracker.py:_activate_slot,2302_114_876_388_1039
R,CLAMP,CLAMP,0
L,5,2302,CLAMP,src/tracking/advanced_tracker.py:_activate_slot,2302_418_1177_732_1312
R,CLAMP,CLAMP,0
L,7,2302,PREDICTION,src/tracking/advanced_tracker.py:id_merge,
R,PREDICTION,SUBPIXEL,0
L,8,2302,DETECTION,src/tracking/advanced_tracker.py:_activate_slot,2302_922_1620_1035_1758
R,CLAMP,CLAMP,0
L,9,2302,CLAMP,src/tracking/advanced_tracker.py:_activate_slot,2302_939_1521_1035_1650
R,CLAMP,CLAMP,0
A,2302
S,0,2305,CLAMP,src/tracking/advanced_tracker.py:_activate_slot,2305_372_1224_641_1398
S,1,2305,CLAMP,src/tracking/advanced_tracker.py:_activate_slot,2305_128_399_407_546
S,2,2305,DETECTION,src/tracking/advanced_tracker.py:_activate_slot,2305_907_433_1030_563
S,3,2305,DETECTION,src/tracking/advanced_tracker.py:_activate_slot,2305_284_53_573_248
S,4,2305,CLAMP,src/tracking/advanced_tracker.py:_activate_slot,2305_903_530_1035_645
S,5,2305,CLAMP,src/tracking/advanced_tracker.py:_activate_slot,2305_410_1192_727_1344
S,6,2305,CLAMP,src/tracking/advanced_tracker.py:_activate_slot,2305_142_224_453_375
S,7,2305,CLAMP,src/tracking/advanced_tracker.py:_activate_slot,2305_128_1482_420_1593
S,8,2305,DETECTION,src/tracking/advanced_tracker.py:_activate_slot,2305_99_906_380_1037
S,9,2305,CLAMP,src/tracking/advanced_tracker.py:_activate_slot,2305_931_1548_1035_1680
D,0,2305
S,1,2305,PREDICTION,src/tracking/advanced_tracker.py:id_merge,
D,6,2305
S,7,2305,PREDICTION,src/tracking/advanced_tracker.py:id_merge,
L,1,2305,PREDICTION,src/tracking/advanced_tracker.py:id_merge,
R,PREDICTION,SUBPIXEL,0
L,2,2305,DETECTION,src/tracking/advanced_tracker.py:_activate_slot,2305_907_433_1030_563
R,DETECTION,DETECTION,1
L,3,2305,DETECTION,src/tracking/advanced_tracker.py:_activate_slot,2305_284_53_573_248
R,DETECTION,DETECTION,1
L,4,2305,CLAMP,src/tracking/advanced_tracker.py:_activate_slot,2305_903_530_1035_645
R,CLAMP,CLAMP,0
L,5,2305,CLAMP,src/tracking/advanced_tracker.py:_activate_slot,2305_410_1192_727_1344
R,CLAMP,CLAMP,0
L,7,2305,PREDICTION,src/tracking/advanced_tracker.py:id_merge,
R,PREDICTION,SUBPIXEL,0
L,8,2305,DETECTION,src/tracking/advanced_tracker.py:_activate_slot,2305_99_906_380_1037
R,CLAMP,CLAMP,0
L,9,2305,CLAMP,src/tracking/advanced_tracker.py:_activate_slot,2305_931_1548_1035_1680
R,CLAMP,CLAMP,0
A,2305
S,0,2308,CLAMP,src/tracking/advanced_tracker.py:_activate_slot,2308_359_1190_725_1377
S,1,2308,CLAMP,src/tracking/advanced_tracker.py:_activate_slot,2308_149_425_404_543
S,2,2308,DETECTION,src/tracking/advanced_tracker.py:_activate_slot,2308_897_564_1035_684
S,3,2308,DETECTION,src/tracking/advanced_tracker.py:_activate_slot,2308_293_56_560_204
S,4,2308,CLAMP,src/tracking/advanced_tracker.py:_activate_slot,2308_900_469_1032_596
S,5,2308,CLAMP,src/tracking/advanced_tracker.py:_activate_slot,2308_94_928_369_1026
S,6,2308,CLAMP,src/tracking/advanced_tracker.py:_activate_slot,2308_933_1374_1035_1515
S,7,2308,CLAMP,src/tracking/advanced_tracker.py:_activate_slot,2308_135_1521_420_1641
S,8,2308,DETECTION,src/tracking/advanced_tracker.py:_activate_slot,2308_909_1672_1035_1810
S,9,2308,CLAMP,src/tracking/advanced_tracker.py:_activate_slot,2308_921_1578_1035_1704
S,10,2308,DETECTION,src/tracking/advanced_tracker.py:_activate_slot,2308_920_1491_1035_1605
D,0,2308
S,1,2308,PREDICTION,src/tracking/advanced_tracker.py:id_merge,
D,6,2308
S,7,2308,PREDICTION,src/tracking/advanced_tracker.py:id_merge,
L,1,2308,PREDICTION,src/tracking/advanced_tracker.py:id_merge,
R,PREDICTION,SUBPIXEL,0
L,2,2308,DETECTION,src/tracking/advanced_tracker.py:_activate_slot,2308_897_564_1035_684
R,DETECTION,DETECTION,1
L,3,2308,DETECTION,src/tracking/advanced_tracker.py:_activate_slot,2308_293_56_560_204
R,DETECTION,DETECTION,1
L,4,2308,CLAMP,src/tracking/advanced_tracker.py:_activate_slot,2308_900_469_1032_596
R,CLAMP,CLAMP,0
L,5,2308,CLAMP,src/tracking/advanced_tracker.py:_activate_slot,2308_94_928_369_1026
R,CLAMP,CLAMP,0
L,7,2308,PREDICTION,src/tracking/advanced_tracker.py:id_merge,
R,PREDICTION,SUBPIXEL,0
L,8,2308,DETECTION,src/tracking/advanced_tracker.py:_activate_slot,2308_909_1672_1035_1810
R,CLAMP,CLAMP,0
L,9,2308,CLAMP,src/tracking/advanced_tracker.py:_activate_slot,2308_921_1578_1035_1704
R,CLAMP,CLAMP,0
A,2308
S,0,2311,CLAMP,src/tracking/advanced_tracker.py:_activate_slot,2311_357_1200_707_1410
S,1,2311,CLAMP,src/tracking/advanced_tracker.py:_activate_slot,2311_145_440_392_557
S,2,2311,DETECTION,src/tracking/advanced_tracker.py:_activate_slot,2311_877_595_1033_717
S,3,2311,DETECTION,src/tracking/advanced_tracker.py:_activate_slot,2311_271_6_557_234
S,4,2311,CLAMP,src/tracking/advanced_tracker.py:_activate_slot,2311_915_121_1035_256
S,5,2311,CLAMP,src/tracking/advanced_tracker.py:_activate_slot,2311_87_925_365_1053
S,6,2311,CLAMP,src/tracking/advanced_tracker.py:_activate_slot,2311_918_1402_1035_1546
S,7,2311,CLAMP,src/tracking/advanced_tracker.py:_activate_slot,2311_137_1551_408_1671
S,8,2311,DETECTION,src/tracking/advanced_tracker.py:_activate_slot,2311_912_1600_1035_1732
S,9,2311,CLAMP,src/tracking/advanced_tracker.py:_activate_slot,2311_909_1513_1035_1633
D,0,2311
S,1,2311,PREDICTION,src/tracking/advanced_tracker.py:id_merge,
D,6,2311
S,7,2311,PREDICTION,src/tracking/advanced_tracker.py:id_merge,
L,1,2311,PREDICTION,src/tracking/advanced_tracker.py:id_merge,
R,PREDICTION,SUBPIXEL,0
L,2,2311,DETECTION,src/tracking/advanced_tracker.py:_activate_slot,2311_877_595_1033_717
R,DETECTION,DETECTION,1
L,3,2311,DETECTION,src/tracking/advanced_tracker.py:_activate_slot,2311_271_6_557_234
R,DETECTION,DETECTION,1
L,4,2311,CLAMP,src/tracking/advanced_tracker.py:_activate_slot,2311_915_121_1035_256
R,CLAMP,CLAMP,0
L,5,2311,CLAMP,src/tracking/advanced_tracker.py:_activate_slot,2311_87_925_365_1053
R,CLAMP,CLAMP,0
L,7,2311,PREDICTION,src/tracking/advanced_tracker.py:id_merge,
R,PREDICTION,SUBPIXEL,0
L,8,2311,DETECTION,src/tracking/advanced_tracker.py:_activate_slot,2311_912_1600_1035_1732
R,CLAMP,CLAMP,0
L,9,2311,CLAMP,src/tracking/advanced_tracker.py:_activate_slot,2311_909_1513_1035_1633
R,CLAMP,CLAMP,0
A,2311
S,0,2314,CLAMP,src/tracking/advanced_tracker.py:_activate_slot,2314_371_1189_702_1375
S,1,2314,CLAMP,src/tracking/advanced_tracker.py:_activate_slot,2314_140_442_408_586
S,2,2314,DETECTION,src/tracking/advanced_tracker.py:_activate_slot,2314_865_536_1029_664
S,3,2314,DETECTION,src/tracking/advanced_tracker.py:_activate_slot,2314_261_-3_551_235
S,4,2314,CLAMP,src/tracking/advanced_tracker.py:_activate_slot,2314_897_155_1035_294
S,5,2314,CLAMP,src/tracking/advanced_tracker.py:_activate_slot,2314_94_907_356_1080
S,7,2314,CLAMP,src/tracking/advanced_tracker.py:_activate_slot,2314_116_1578_414_1704
S,9,2314,CLAMP,src/tracking/advanced_tracker.py:_activate_slot,2314_902_1620_1035_1752
D,0,2314
S,1,2314,PREDICTION,src/tracking/advanced_tracker.py:id_merge,
L,1,2314,PREDICTION,src/tracking/advanced_tracker.py:id_merge,
R,PREDICTION,SUBPIXEL,0
L,2,2314,DETECTION,src/tracking/advanced_tracker.py:_activate_slot,2314_865_536_1029_664
R,DETECTION,DETECTION,1
L,3,2314,DETECTION,src/tracking/advanced_tracker.py:_activate_slot,2314_261_-3_551_235
R,DETECTION,DETECTION,1
L,4,2314,CLAMP,src/tracking/advanced_tracker.py:_activate_slot,2314_897_155_1035_294
R,CLAMP,CLAMP,0
L,5,2314,CLAMP,src/tracking/advanced_tracker.py:_activate_slot,2314_94_907_356_1080
R,CLAMP,CLAMP,0
L,7,2314,CLAMP,src/tracking/advanced_tracker.py:_activate_slot,2314_116_1578_414_1704
R,CLAMP,CLAMP,0
L,9,2314,CLAMP,src/tracking/advanced_tracker.py:_activate_slot,2314_902_1620_1035_1752
R,CLAMP,CLAMP,0
A,2314
S,0,2317,CLAMP,src/tracking/advanced_tracker.py:_activate_slot,2317_366_1173_693_1370
S,1,2317,CLAMP,src/tracking/advanced_tracker.py:_activate_slot,2317_147_443_424_597
S,2,2317,DETECTION,src/tracking/advanced_tracker.py:_activate_slot,2317_903_387_1033_523
S,3,2317,DETECTION,src/tracking/advanced_tracker.py:_activate_slot,2317_129_186_433_353
S,4,2317,CLAMP,src/tracking/advanced_tracker.py:_activate_slot,2317_885_190_1035_327
S,5,2317,CLAMP,src/tracking/advanced_tracker.py:_activate_slot,2317_90_922_355_1101
S,7,2317,CLAMP,src/tracking/advanced_tracker.py:_activate_slot,2317_115_1602_407_1728
S,9,2317,CLAMP,src/tracking/advanced_tracker.py:_activate_slot,2317_889_1641_1035_1770
S,6,2317,PREDICTION,src/tracking/advanced_tracker.py:flow_gapfill_batched,
S,10,2317,PREDICTION,src/tracking/advanced_tracker.py:flow_gapfill_batched,
D,0,2317
S,1,2317,PREDICTION,src/tracking/advanced_tracker.py:id_merge,
L,1,2317,PREDICTION,src/tracking/advanced_tracker.py:id_merge,
R,PREDICTION,SUBPIXEL,0
L,2,2317,DETECTION,src/tracking/advanced_tracker.py:_activate_slot,2317_903_387_1033_523
R,DETECTION,DETECTION,1
L,3,2317,DETECTION,src/tracking/advanced_tracker.py:_activate_slot,2317_129_186_433_353
R,DETECTION,DETECTION,1
L,4,2317,CLAMP,src/tracking/advanced_tracker.py:_activate_slot,2317_885_190_1035_327
R,CLAMP,CLAMP,0
L,5,2317,CLAMP,src/tracking/advanced_tracker.py:_activate_slot,2317_90_922_355_1101
R,CLAMP,CLAMP,0
L,6,2317,PREDICTION,src/tracking/advanced_tracker.py:flow_gapfill_batched,
R,CLAMP,CLAMP,0
L,7,2317,CLAMP,src/tracking/advanced_tracker.py:_activate_slot,2317_115_1602_407_1728
R,CLAMP,CLAMP,0
L,9,2317,CLAMP,src/tracking/advanced_tracker.py:_activate_slot,2317_889_1641_1035_1770
R,CLAMP,CLAMP,0
A,2317
S,0,2320,CLAMP,src/tracking/advanced_tracker.py:_activate_slot,2320_348_1147_688_1375
S,1,2320,CLAMP,src/tracking/advanced_tracker.py:_activate_slot,2320_156_449_426_590
S,2,2320,DETECTION,src/tracking/advanced_tracker.py:_activate_slot,2320_889_418_1027_556
S,3,2320,DETECTION,src/tracking/advanced_tracker.py:_activate_slot,2320_142_199_424_319
S,4,2320,CLAMP,src/tracking/advanced_tracker.py:_activate_slot,2320_868_223_1035_362
S,5,2320,CLAMP,src/tracking/advanced_tracker.py:_activate_slot,2320_81_946_349_1093
S,7,2320,CLAMP,src/tracking/advanced_tracker.py:_activate_slot,2320_112_1623_401_1749
S,9,2320,CLAMP,src/tracking/advanced_tracker.py:_activate_slot,2320_879_1656_1035_1788
S,6,2320,PREDICTION,src/tracking/advanced_tracker.py:flow_gapfill_batched,
S,8,2320,PREDICTION,src/tracking/advanced_tracker.py:flow_gapfill_batched,
S,10,2320,PREDICTION,src/tracking/advanced_tracker.py:flow_gapfill_batched,
D,0,2320
S,1,2320,PREDICTION,src/tracking/advanced_tracker.py:id_merge,
D,6,2320
S,8,2320,PREDICTION,src/tracking/advanced_tracker.py:id_merge,
L,1,2320,PREDICTION,src/tracking/advanced_tracker.py:id_merge,
R,PREDICTION,SUBPIXEL,0
L,2,2320,DETECTION,src/tracking/advanced_tracker.py:_activate_slot,2320_889_418_1027_556
R,DETECTION,DETECTION,1
L,3,2320,DETECTION,src/tracking/advanced_tracker.py:_activate_slot,2320_142_199_424_319
R,DETECTION,DETECTION,1
L,4,2320,CLAMP,src/tracking/advanced_tracker.py:_activate_slot,2320_868_223_1035_362
R,CLAMP,CLAMP,0
L,5,2320,CLAMP,src/tracking/advanced_tracker.py:_activate_slot,2320_81_946_349_1093
R,CLAMP,CLAMP,0
L,7,2320,CLAMP,src/tracking/advanced_tracker.py:_activate_slot,2320_112_1623_401_1749
R,CLAMP,CLAMP,0
L,8,2320,PREDICTION,src/tracking/advanced_tracker.py:id_merge,
R,CLAMP,CLAMP,0
L,9,2320,CLAMP,src/tracking/advanced_tracker.py:_activate_slot,2320_879_1656_1035_1788
R,CLAMP,CLAMP,0
A,2320
S,0,2323,CLAMP,src/tracking/advanced_tracker.py:_activate_slot,2323_357_1128_642_1287
S,1,2323,CLAMP,src/tracking/advanced_tracker.py:_activate_slot,2323_156_453_411_580
S,2,2323,DETECTION,src/tracking/advanced_tracker.py:_activate_slot,2323_861_361_1030_492
S,3,2323,DETECTION,src/tracking/advanced_tracker.py:_activate_slot,2323_142_190_419_316
S,4,2323,CLAMP,src/tracking/advanced_tracker.py:_activate_slot,2323_890_178_1032_301
S,5,2323,CLAMP,src/tracking/advanced_tracker.py:_activate_slot,2323_74_955_345_1075
S,6,2323,DETECTION,src/tracking/advanced_tracker.py:_activate_slot,2323_913_1062_1035_1179
S,7,2323,CLAMP,src/tracking/advanced_tracker.py:_activate_slot,2323_110_1635_400_1770
S,8,2323,DETECTION,src/tracking/advanced_tracker.py:_activate_slot,2323_906_1147_1035_1279
S,9,2323,DETECTION,src/tracking/advanced_tracker.py:_activate_slot,2323_78_297_322_426
S,10,2323,PREDICTION,src/tracking/advanced_tracker.py:flow_gapfill_batched,
D,0,2323
S,1,2323,PREDICTION,src/tracking/advanced_tracker.py:id_merge,
D,6,2323
S,8,2323,PREDICTION,src/tracking/advanced_tracker.py:id_merge,
L,1,2323,PREDICTION,src/tracking/advanced_tracker.py:id_merge,
R,PREDICTION,SUBPIXEL,0
L,2,2323,DETECTION,src/tracking/advanced_tracker.py:_activate_slot,2323_861_361_1030_492
R,DETECTION,DETECTION,1
L,3,2323,DETECTION,src/tracking/advanced_tracker.py:_activate_slot,2323_142_190_419_316
R,DETECTION,DETECTION,1
L,4,2323,CLAMP,src/tracking/advanced_tracker.py:_activate_slot,2323_890_178_1032_301
R,CLAMP,CLAMP,0
L,5,2323,CLAMP,src/tracking/advanced_tracker.py:_activate_slot,2323_74_955_345_1075
R,CLAMP,CLAMP,0
L,7,2323,CLAMP,src/tracking/advanced_tracker.py:_activate_slot,2323_110_1635_400_1770
R,CLAMP,CLAMP,0
L,8,2323,PREDICTION,src/tracking/advanced_tracker.py:id_merge,
R,CLAMP,CLAMP,0
L,9,2323,DETECTION,src/tracking/advanced_tracker.py:_activate_slot,2323_78_297_322_426
R,CLAMP,CLAMP,0
A,2323
S,0,2326,CLAMP,src/tracking/advanced_tracker.py:_activate_slot,2326_363_1099_636_1240
S,1,2326,CLAMP,src/tracking/advanced_tracker.py:_activate_slot,2326_162_447_437_603
S,2,2326,DETECTION,src/tracking/advanced_tracker.py:_activate_slot,2326_843_301_1008_430
S,3,2326,DETECTION,src/tracking/advanced_tracker.py:_activate_slot,2326_128_168_411_353
S,4,2326,CLAMP,src/tracking/advanced_tracker.py:_activate_slot,2326_877_223_1024_337
S,5,2326,CLAMP,src/tracking/advanced_tracker.py:_activate_slot,2326_62_966_339_1083
S,6,2326,DETECTION,src/tracking/advanced_tracker.py:_activate_slot,2326_894_994_1035_1120
S,7,2326,CLAMP,src/tracking/advanced_tracker.py:_activate_slot,2326_115_1659_399_1791
S,8,2326,DETECTION,src/tracking/advanced_tracker.py:_activate_slot,2326_892_1086_1035_1206
S,9,2326,DETECTION,src/tracking/advanced_tracker.py:_activate_slot,2326_897_1164_1035_1303
S,10,2326,PREDICTION,src/tracking/advanced_tracker.py:flow_gapfill_batched,
D,0,2326
S,1,2326,PREDICTION,src/tracking/advanced_tracker.py:id_merge,
D,6,2326
S,8,2326,PREDICTION,src/tracking/advanced_tracker.py:id_merge,
D,8,2326
S,9,2326,PREDICTION,src/tracking/advanced_tracker.py:id_merge,
L,1,2326,PREDICTION,src/tracking/advanced_tracker.py:id_merge,
R,PREDICTION,SUBPIXEL,0
L,2,2326,DETECTION,src/tracking/advanced_tracker.py:_activate_slot,2326_843_301_1008_430
R,DETECTION,DETECTION,1
L,3,2326,DETECTION,src/tracking/advanced_tracker.py:_activate_slot,2326_128_168_411_353
R,DETECTION,DETECTION,1
L,4,2326,CLAMP,src/tracking/advanced_tracker.py:_activate_slot,2326_877_223_1024_337
R,CLAMP,CLAMP,0
L,5,2326,CLAMP,src/tracking/advanced_tracker.py:_activate_slot,2326_62_966_339_1083
R,CLAMP,CLAMP,0
L,7,2326,CLAMP,src/tracking/advanced_tracker.py:_activate_slot,2326_115_1659_399_1791
R,CLAMP,CLAMP,0
L,9,2326,PREDICTION,src/tracking/advanced_tracker.py:id_merge,
R,CLAMP,CLAMP,0
A,2326
S,0,2329,CLAMP,src/tracking/advanced_tracker.py:_activate_slot,2329_356_1069_630_1255
S,1,2329,CLAMP,src/tracking/advanced_tracker.py:_activate_slot,2329_177_468_444_610
S,2,2329,DETECTION,src/tracking/advanced_tracker.py:_activate_slot,2329_863_258_1017_372
S,3,2329,DETECTION,src/tracking/advanced_tracker.py:_activate_slot,2329_129_176_407_359
S,4,2329,CLAMP,src/tracking/advanced_tracker.py:_activate_slot,2329_858_168_1032_301
S,5,2329,CLAMP,src/tracking/advanced_tracker.py:_activate_slot,2329_63_312_324_443
S,6,2329,DETECTION,src/tracking/advanced_tracker.py:_activate_slot,2329_-7_420_222_526
S,7,2329,CLAMP,src/tracking/advanced_tracker.py:_activate_slot,2329_121_1666_401_1807
S,8,2329,DETECTION,src/tracking/advanced_tracker.py:_activate_slot,2329_891_1017_1035_1150
S,9,2329,PREDICTION,src/tracking/advanced_tracker.py:kalman_homography,
S,10,2329,PREDICTION,src/tracking/advanced_tracker.py:flow_gapfill_batched,
D,0,2329
S,1,2329,PREDICTION,src/tracking/advanced_tracker.py:id_merge,
L,1,2329,PREDICTION,src/tracking/advanced_tracker.py:id_merge,
R,PREDICTION,SUBPIXEL,0
L,2,2329,DETECTION,src/tracking/advanced_tracker.py:_activate_slot,2329_863_258_1017_372
R,DETECTION,DETECTION,1
L,3,2329,DETECTION,src/tracking/advanced_tracker.py:_activate_slot,2329_129_176_407_359
R,DETECTION,DETECTION,1
L,4,2329,CLAMP,src/tracking/advanced_tracker.py:_activate_slot,2329_858_168_1032_301
R,CLAMP,CLAMP,0
L,5,2329,CLAMP,src/tracking/advanced_tracker.py:_activate_slot,2329_63_312_324_443
R,CLAMP,CLAMP,0
L,6,2329,DETECTION,src/tracking/advanced_tracker.py:_activate_slot,2329_-7_420_222_526
R,CLAMP,CLAMP,0
L,7,2329,CLAMP,src/tracking/advanced_tracker.py:_activate_slot,2329_121_1666_401_1807
R,CLAMP,CLAMP,0
L,8,2329,DETECTION,src/tracking/advanced_tracker.py:_activate_slot,2329_891_1017_1035_1150
R,CLAMP,CLAMP,0
L,9,2329,PREDICTION,src/tracking/advanced_tracker.py:kalman_homography,
R,CLAMP,CLAMP,0
A,2329
S,0,2332,CLAMP,src/tracking/advanced_tracker.py:_activate_slot,2332_342_1038_621_1245
S,1,2332,CLAMP,src/tracking/advanced_tracker.py:_activate_slot,2332_204_483_438_603
S,2,2332,DETECTION,src/tracking/advanced_tracker.py:_activate_slot,2332_845_211_1029_332
S,3,2332,DETECTION,src/tracking/advanced_tracker.py:_activate_slot,2332_134_204_411_330
S,4,2332,CLAMP,src/tracking/advanced_tracker.py:_activate_slot,2332_852_302_1023_416
S,5,2332,CLAMP,src/tracking/advanced_tracker.py:_activate_slot,2332_909_1548_1035_1668
S,7,2332,CLAMP,src/tracking/advanced_tracker.py:_activate_slot,2332_71_344_318_454
S,8,2332,DETECTION,src/tracking/advanced_tracker.py:_activate_slot,2332_3_421_234_563
S,9,2332,PREDICTION,src/tracking/advanced_tracker.py:kalman_homography,
S,6,2332,PREDICTION,src/tracking/advanced_tracker.py:flow_gapfill_batched,
S,10,2332,PREDICTION,src/tracking/advanced_tracker.py:flow_gapfill_batched,
D,0,2332
S,1,2332,PREDICTION,src/tracking/advanced_tracker.py:id_merge,
D,6,2332
S,8,2332,PREDICTION,src/tracking/advanced_tracker.py:id_merge,
L,1,2332,PREDICTION,src/tracking/advanced_tracker.py:id_merge,
R,PREDICTION,SUBPIXEL,0
L,2,2332,DETECTION,src/tracking/advanced_tracker.py:_activate_slot,2332_845_211_1029_332
R,DETECTION,DETECTION,1
L,3,2332,DETECTION,src/tracking/advanced_tracker.py:_activate_slot,2332_134_204_411_330
R,DETECTION,DETECTION,1
L,4,2332,CLAMP,src/tracking/advanced_tracker.py:_activate_slot,2332_852_302_1023_416
R,CLAMP,CLAMP,0
L,5,2332,CLAMP,src/tracking/advanced_tracker.py:_activate_slot,2332_909_1548_1035_1668
R,CLAMP,CLAMP,0
L,7,2332,CLAMP,src/tracking/advanced_tracker.py:_activate_slot,2332_71_344_318_454
R,CLAMP,CLAMP,0
L,8,2332,PREDICTION,src/tracking/advanced_tracker.py:id_merge,
R,CLAMP,CLAMP,0
L,9,2332,PREDICTION,src/tracking/advanced_tracker.py:kalman_homography,
R,CLAMP,CLAMP,0
A,2332
S,0,2335,CLAMP,src/tracking/advanced_tracker.py:_activate_slot,2335_344_1023_627_1227
S,1,2335,CLAMP,src/tracking/advanced_tracker.py:_activate_slot,2335_238_496_436_621
S,2,2335,DETECTION,src/tracking/advanced_tracker.py:_activate_slot,2335_81_1000_331_1150
S,3,2335,DETECTION,src/tracking/advanced_tracker.py:_activate_slot,2335_131_223_400_337
S,4,2335,CLAMP,src/tracking/advanced_tracker.py:_activate_slot,2335_832_253_1027_377
S,5,2335,CLAMP,src/tracking/advanced_tracker.py:_activate_slot,2335_896_1575_1035_1695
S,6,2335,DETECTION,src/tracking/advanced_tracker.py:_activate_slot,2335_127_1698_399_1854
S,7,2335,CLAMP,src/tracking/advanced_tracker.py:_activate_slot,2335_882_1078_1035_1207
S,8,2335,DETECTION,src/tracking/advanced_tracker.py:_activate_slot,2335_80_348_294_469
S,9,2335,DETECTION,src/tracking/advanced_tracker.py:_activate_slot,2335_903_710_1035_836
S,10,2335,DETECTION,src/tracking/advanced_tracker.py:_activate_slot,2335_925_619_1035_741
D,0,2335
S,1,2335,PREDICTION,src/tracking/advanced_tracker.py:id_merge,
L,1,2335,PREDICTION,src/tracking/advanced_tracker.py:id_merge,
R,PREDICTION,SUBPIXEL,0
L,2,2335,DETECTION,src/tracking/advanced_tracker.py:_activate_slot,2335_81_1000_331_1150
R,CLAMP,CLAMP,0
L,3,2335,DETECTION,src/tracking/advanced_tracker.py:_activate_slot,2335_131_223_400_337
R,DETECTION,DETECTION,1
L,4,2335,CLAMP,src/tracking/advanced_tracker.py:_activate_slot,2335_832_253_1027_377
R,CLAMP,CLAMP,0
L,5,2335,CLAMP,src/tracking/advanced_tracker.py:_activate_slot,2335_896_1575_1035_1695
R,CLAMP,CLAMP,0
L,6,2335,DETECTION,src/tracking/advanced_tracker.py:_activate_slot,2335_127_1698_399_1854
R,CLAMP,CLAMP,0
L,7,2335,CLAMP,src/tracking/advanced_tracker.py:_activate_slot,2335_882_1078_1035_1207
R,CLAMP,CLAMP,0
L,8,2335,DETECTION,src/tracking/advanced_tracker.py:_activate_slot,2335_80_348_294_469
R,CLAMP,CLAMP,0
L,9,2335,DETECTION,src/tracking/advanced_tracker.py:_activate_slot,2335_903_710_1035_836
R,CLAMP,CLAMP,0
A,2335
S,0,2338,CLAMP,src/tracking/advanced_tracker.py:_activate_slot,2338_358_1012_618_1138
S,1,2338,CLAMP,src/tracking/advanced_tracker.py:_activate_slot,2338_191_479_452_656
S,2,2338,DETECTION,src/tracking/advanced_tracker.py:_activate_slot,2338_874_167_1030_287
S,3,2338,DETECTION,src/tracking/advanced_tracker.py:_activate_slot,2338_120_225_391_368
S,4,2338,CLAMP,src/tracking/advanced_tracker.py:_activate_slot,2338_819_302_1030_426
S,5,2338,CLAMP,src/tracking/advanced_tracker.py:_activate_slot,2338_894_1514_1035_1635
S,6,2338,CLAMP,src/tracking/advanced_tracker.py:_activate_slot,2338_888_14_1035_184
S,7,2338,CLAMP,src/tracking/advanced_tracker.py:_activate_slot,2338_121_1719_400_1869
S,8,2338,DETECTION,src/tracking/advanced_tracker.py:_activate_slot,2338_89_380_283_500
S,9,2338,DETECTION,src/tracking/advanced_tracker.py:_activate_slot,2338_877_1111_1035_1240
S,10,2338,DETECTION,src/tracking/advanced_tracker.py:_activate_slot,2338_912_661_1033_783
D,0,2338
S,1,2338,PREDICTION,src/tracking/advanced_tracker.py:id_merge,
L,1,2338,PREDICTION,src/tracking/advanced_tracker.py:id_merge,
R,PREDICTION,SUBPIXEL,0
L,2,2338,DETECTION,src/tracking/advanced_tracker.py:_activate_slot,2338_874_167_1030_287
R,DETECTION,DETECTION,1
L,3,2338,DETECTION,src/tracking/advanced_tracker.py:_activate_slot,2338_120_225_391_368
R,DETECTION,DETECTION,1
L,4,2338,CLAMP,src/tracking/advanced_tracker.py:_activate_slot,2338_819_302_1030_426
R,CLAMP,CLAMP,0
L,5,2338,CLAMP,src/tracking/advanced_tracker.py:_activate_slot,2338_894_1514_1035_1635
R,CLAMP,CLAMP,0
L,6,2338,CLAMP,src/tracking/advanced_tracker.py:_activate_slot,2338_888_14_1035_184
R,CLAMP,CLAMP,0
L,7,2338,CLAMP,src/tracking/advanced_tracker.py:_activate_slot,2338_121_1719_400_1869
R,CLAMP,CLAMP,0
L,8,2338,DETECTION,src/tracking/advanced_tracker.py:_activate_slot,2338_89_380_283_500
R,CLAMP,CLAMP,0
L,9,2338,DETECTION,src/tracking/advanced_tracker.py:_activate_slot,2338_877_1111_1035_1240
R,CLAMP,CLAMP,0
A,2338
S,0,2341,CLAMP,src/tracking/advanced_tracker.py:_activate_slot,2341_344_995_614_1166
S,1,2341,CLAMP,src/tracking/advanced_tracker.py:_activate_slot,2341_205_498_464_674
S,2,2341,DETECTION,src/tracking/advanced_tracker.py:_activate_slot,2341_334_25_604_176
S,3,2341,DETECTION,src/tracking/advanced_tracker.py:_activate_slot,2341_121_236_387_373
S,4,2341,CLAMP,src/tracking/advanced_tracker.py:_activate_slot,2341_403_1842_586_1932
S,5,2341,CLAMP,src/tracking/advanced_tracker.py:_activate_slot,2341_888_1636_1035_1753
S,6,2341,DETECTION,src/tracking/advanced_tracker.py:_activate_slot,2341_79_1059_325_1149
S,7,2341,CLAMP,src/tracking/advanced_tracker.py:_activate_slot,2341_73_27_219_179
S,8,2341,DETECTION,src/tracking/advanced_tracker.py:_activate_slot,2341_85_386_292_501
S,9,2341,DETECTION,src/tracking/advanced_tracker.py:_activate_slot,2341_138_1722_398_1860
S,10,2341,DETECTION,src/tracking/advanced_tracker.py:_activate_slot,2341_905_701_1034_822
D,0,2341
S,1,2341,PREDICTION,src/tracking/advanced_tracker.py:id_merge,
L,1,2341,PREDICTION,src/tracking/advanced_tracker.py:id_merge,
R,PREDICTION,SUBPIXEL,0
L,2,2341,DETECTION,src/tracking/advanced_tracker.py:_activate_slot,2341_334_25_604_176
R,DETECTION,DETECTION,1
L,3,2341,DETECTION,src/tracking/advanced_tracker.py:_activate_slot,2341_121_236_387_373
R,DETECTION,DETECTION,1
L,4,2341,CLAMP,src/tracking/advanced_tracker.py:_activate_slot,2341_403_1842_586_1932
R,CLAMP,CLAMP,0
L,5,2341,CLAMP,src/tracking/advanced_tracker.py:_activate_slot,2341_888_1636_1035_1753
R,CLAMP,CLAMP,0
L,6,2341,DETECTION,src/tracking/advanced_tracker.py:_activate_slot,2341_79_1059_325_1149
R,CLAMP,CLAMP,0
L,7,2341,CLAMP,src/tracking/advanced_tracker.py:_activate_slot,2341_73_27_219_179
R,CLAMP,CLAMP,0
L,8,2341,DETECTION,src/tracking/advanced_tracker.py:_activate_slot,2341_85_386_292_501
R,CLAMP,CLAMP,0
L,9,2341,DETECTION,src/tracking/advanced_tracker.py:_activate_slot,2341_138_1722_398_1860
R,CLAMP,CLAMP,0
A,2341
S,0,2344,CLAMP,src/tracking/advanced_tracker.py:_activate_slot,2344_347_958_626_1168
S,1,2344,CLAMP,src/tracking/advanced_tracker.py:_activate_slot,2344_215_524_464_676
S,2,2344,DETECTION,src/tracking/advanced_tracker.py:_activate_slot,2344_330_58_592_198
S,3,2344,DETECTION,src/tracking/advanced_tracker.py:_activate_slot,2344_129_276_386_378
S,4,2344,CLAMP,src/tracking/advanced_tracker.py:_activate_slot,2344_405_1836_648_1935
S,6,2344,DETECTION,src/tracking/advanced_tracker.py:_activate_slot,2344_882_1581_1035_1701
S,7,2344,CLAMP,src/tracking/advanced_tracker.py:_activate_slot,2344_145_1755_395_1869
S,8,2344,DETECTION,src/tracking/advanced_tracker.py:_activate_slot,2344_89_408_281_507
S,9,2344,DETECTION,src/tracking/advanced_tracker.py:_activate_slot,2344_886_1665_1035_1788
S,10,2344,DETECTION,src/tracking/advanced_tracker.py:_activate_slot,2344_897_741_1031_861
S,5,2344,PREDICTION,src/tracking/advanced_tracker.py:flow_gapfill_batched,
D,0,2344
S,1,2344,PREDICTION,src/tracking/advanced_tracker.py:id_merge,
D,5,2344
S,6,2344,PREDICTION,src/tracking/advanced_tracker.py:id_merge,
D,6,2344
S,9,2344,PREDICTION,src/tracking/advanced_tracker.py:id_merge,
L,1,2344,PREDICTION,src/tracking/advanced_tracker.py:id_merge,
R,PREDICTION,SUBPIXEL,0
L,2,2344,DETECTION,src/tracking/advanced_tracker.py:_activate_slot,2344_330_58_592_198
R,DETECTION,DETECTION,1
L,3,2344,DETECTION,src/tracking/advanced_tracker.py:_activate_slot,2344_129_276_386_378
R,DETECTION,DETECTION,1
L,4,2344,CLAMP,src/tracking/advanced_tracker.py:_activate_slot,2344_405_1836_648_1935
R,CLAMP,CLAMP,0
L,7,2344,CLAMP,src/tracking/advanced_tracker.py:_activate_slot,2344_145_1755_395_1869
R,CLAMP,CLAMP,0
L,8,2344,DETECTION,src/tracking/advanced_tracker.py:_activate_slot,2344_89_408_281_507
R,CLAMP,CLAMP,0
L,9,2344,PREDICTION,src/tracking/advanced_tracker.py:id_merge,
R,CLAMP,CLAMP,0
A,2344
S,0,2347,CLAMP,src/tracking/advanced_tracker.py:_activate_slot,2347_360_945_627_1125
S,1,2347,CLAMP,src/tracking/advanced_tracker.py:_activate_slot,2347_217_542_462_667
S,2,2347,DETECTION,src/tracking/advanced_tracker.py:_activate_slot,2347_322_83_588_242
S,3,2347,DETECTION,src/tracking/advanced_tracker.py:_activate_slot,2347_130_268_389_401
S,4,2347,CLAMP,src/tracking/advanced_tracker.py:_activate_slot,2347_101_1063_324_1216
S,5,2347,CLAMP,src/tracking/advanced_tracker.py:_activate_slot,2347_887_1608_1035_1728
S,6,2347,DETECTION,src/tracking/advanced_tracker.py:_activate_slot,2347_876_1695_1035_1815
S,7,2347,CLAMP,src/tracking/advanced_tracker.py:_activate_slot,2347_79_421_306_556
S,8,2347,CLAMP,src/tracking/advanced_tracker.py:_activate_slot,2347_162_1770_419_1884
S,10,2347,DETECTION,src/tracking/advanced_tracker.py:_activate_slot,2347_891_781_1035_898
S,9,2347,PREDICTION,src/tracking/advanced_tracker.py:flow_gapfill_batched,
D,0,2347
S,1,2347,PREDICTION,src/tracking/advanced_tracker.py:id_merge,
D,9,2347
S,6,2347,PREDICTION,src/tracking/advanced_tracker.py:id_merge,
L,1,2347,PREDICTION,src/tracking/advanced_tracker.py:id_merge,
R,PREDICTION,SUBPIXEL,0
L,2,2347,DETECTION,src/tracking/advanced_tracker.py:_activate_slot,2347_322_83_588_242
R,DETECTION,DETECTION,1
L,3,2347,DETECTION,src/tracking/advanced_tracker.py:_activate_slot,2347_130_268_389_401
R,DETECTION,DETECTION,1
L,4,2347,CLAMP,src/tracking/advanced_tracker.py:_activate_slot,2347_101_1063_324_1216
R,CLAMP,CLAMP,0
L,5,2347,CLAMP,src/tracking/advanced_tracker.py:_activate_slot,2347_887_1608_1035_1728
R,CLAMP,CLAMP,0
L,6,2347,PREDICTION,src/tracking/advanced_tracker.py:id_merge,
R,CLAMP,CLAMP,0
L,7,2347,CLAMP,src/tracking/advanced_tracker.py:_activate_slot,2347_79_421_306_556
R,CLAMP,CLAMP,0
L,8,2347,CLAMP,src/tracking/advanced_tracker.py:_activate_slot,2347_162_1770_419_1884
R,CLAMP,CLAMP,0
A,2347
S,0,2350,CLAMP,src/tracking/advanced_tracker.py:_activate_slot,2350_367_930_627_1059
S,1,2350,CLAMP,src/tracking/advanced_tracker.py:_activate_slot,2350_223_550_478_688
S,2,2350,DETECTION,src/tracking/advanced_tracker.py:_activate_slot,2350_273_0_546_104
S,3,2350,DETECTION,src/tracking/advanced_tracker.py:_activate_slot,2350_135_273_388_435
S,4,2350,CLAMP,src/tracking/advanced_tracker.py:_activate_slot,2350_103_1092_329_1245
S,5,2350,CLAMP,src/tracking/advanced_tracker.py:_activate_slot,2350_875_1719_1034_1842
S,7,2350,CLAMP,src/tracking/advanced_tracker.py:_activate_slot,2350_44_544_233_690
S,8,2350,DETECTION,src/tracking/advanced_tracker.py:_activate_slot,2350_81_426_296_532
S,9,2350,CLAMP,src/tracking/advanced_tracker.py:_activate_slot,2350_873_-5_1033_161
S,6,2350,PREDICTION,src/tracking/advanced_tracker.py:flow_gapfill_batched,
D,0,2350
S,1,2350,PREDICTION,src/tracking/advanced_tracker.py:id_merge,
D,6,2350
S,9,2350,PREDICTION,src/tracking/advanced_tracker.py:id_merge,
L,1,2350,PREDICTION,src/tracking/advanced_tracker.py:id_merge,
R,PREDICTION,SUBPIXEL,0
L,2,2350,DETECTION,src/tracking/advanced_tracker.py:_activate_slot,2350_273_0_546_104
R,DETECTION,DETECTION,1
L,3,2350,DETECTION,src/tracking/advanced_tracker.py:_activate_slot,2350_135_273_388_435
R,DETECTION,DETECTION,1
L,4,2350,CLAMP,src/tracking/advanced_tracker.py:_activate_slot,2350_103_1092_329_1245
R,CLAMP,CLAMP,0
L,5,2350,CLAMP,src/tracking/advanced_tracker.py:_activate_slot,2350_875_1719_1034_1842
R,CLAMP,CLAMP,0
L,7,2350,CLAMP,src/tracking/advanced_tracker.py:_activate_slot,2350_44_544_233_690
R,CLAMP,CLAMP,0
L,8,2350,DETECTION,src/tracking/advanced_tracker.py:_activate_slot,2350_81_426_296_532
R,CLAMP,CLAMP,0
L,9,2350,PREDICTION,src/tracking/advanced_tracker.py:id_merge,
R,CLAMP,CLAMP,0
A,2350
S,0,2353,CLAMP,src/tracking/advanced_tracker.py:_activate_slot,2353_352_909_611_1071
S,1,2353,CLAMP,src/tracking/advanced_tracker.py:_activate_slot,2353_243_566_486_705
S,2,2353,DETECTION,src/tracking/advanced_tracker.py:_activate_slot,2353_271_9_544_147
S,3,2353,DETECTION,src/tracking/advanced_tracker.py:_activate_slot,2353_141_304_383_420
S,4,2353,CLAMP,src/tracking/advanced_tracker.py:_activate_slot,2353_100_1107_329_1245
S,6,2353,DETECTION,src/tracking/advanced_tracker.py:_activate_slot,2353_897_1015_1035_1144
S,7,2353,CLAMP,src/tracking/advanced_tracker.py:_activate_slot,2353_397_1263_658_1445
S,8,2353,DETECTION,src/tracking/advanced_tracker.py:_activate_slot,2353_95_451_285_548
S,9,2353,DETECTION,src/tracking/advanced_tracker.py:_activate_slot,2353_874_1746_1035_1872
S,5,2353,PREDICTION,src/tracking/advanced_tracker.py:flow_gapfill_batched,
D,5,2353
S,9,2353,PREDICTION,src/tracking/advanced_tracker.py:id_merge,
L,2,2353,DETECTION,src/tracking/advanced_tracker.py:_activate_slot,2353_271_9_544_147
R,DETECTION,DETECTION,1
L,3,2353,DETECTION,src/tracking/advanced_tracker.py:_activate_slot,2353_141_304_383_420
R,DETECTION,DETECTION,1
L,6,2353,DETECTION,src/tracking/advanced_tracker.py:_activate_slot,2353_897_1015_1035_1144
R,CLAMP,CLAMP,0
L,8,2353,DETECTION,src/tracking/advanced_tracker.py:_activate_slot,2353_95_451_285_548
R,CLAMP,CLAMP,0
L,9,2353,PREDICTION,src/tracking/advanced_tracker.py:id_merge,
R,CLAMP,CLAMP,0
A,2353
S,0,2356,DETECTION,src/tracking/advanced_tracker.py:_activate_slot,2356_432_1774_684_1933
S,1,2356,DETECTION,src/tracking/advanced_tracker.py:_activate_slot,2356_353_882_609_1092
S,2,2356,DETECTION,src/tracking/advanced_tracker.py:_activate_slot,2356_276_41_538_170
S,3,2356,DETECTION,src/tracking/advanced_tracker.py:_activate_slot,2356_141_334_382_430
S,4,2356,DETECTION,src/tracking/advanced_tracker.py:_activate_slot,2356_282_156_533_277
S,5,2356,CLAMP,src/tracking/advanced_tracker.py:_activate_slot,2356_874_1783_1035_1906
S,6,2356,DETECTION,src/tracking/advanced_tracker.py:_activate_slot,2356_862_1698_1033_1821
S,7,2356,DETECTION,src/tracking/advanced_tracker.py:_activate_slot,2356_99_1143_331_1237
S,8,2356,PREDICTION,src/tracking/advanced_tracker.py:kalman_homography,
S,10,2356,PREDICTION,src/tracking/advanced_tracker.py:flow_gapfill_batched,
D,2,2356
S,4,2356,PREDICTION,src/tracking/advanced_tracker.py:id_merge,
D,3,2356
S,4,2356,PREDICTION,src/tracking/advanced_tracker.py:id_merge,
L,0,2356,DETECTION,src/tracking/advanced_tracker.py:_activate_slot,2356_432_1774_684_1933
R,CLAMP,CLAMP,0
L,1,2356,DETECTION,src/tracking/advanced_tracker.py:_activate_slot,2356_353_882_609_1092
R,CLAMP,CLAMP,0
L,4,2356,PREDICTION,src/tracking/advanced_tracker.py:id_merge,
R,CLAMP,CLAMP,0
L,5,2356,CLAMP,src/tracking/advanced_tracker.py:_activate_slot,2356_874_1783_1035_1906
R,CLAMP,CLAMP,0
L,6,2356,DETECTION,src/tracking/advanced_tracker.py:_activate_slot,2356_862_1698_1033_1821
R,CLAMP,CLAMP,0
L,7,2356,DETECTION,src/tracking/advanced_tracker.py:_activate_slot,2356_99_1143_331_1237
R,CLAMP,CLAMP,0
L,8,2356,PREDICTION,src/tracking/advanced_tracker.py:kalman_homography,
R,CLAMP,CLAMP,0
A,2356
S,0,2359,DETECTION,src/tracking/advanced_tracker.py:_activate_slot,2359_441_1774_696_1885
S,1,2359,DETECTION,src/tracking/advanced_tracker.py:_activate_slot,2359_360_861_624_1065
S,2,2359,DETECTION,src/tracking/advanced_tracker.py:_activate_slot,2359_256_4_511_124
S,3,2359,DETECTION,src/tracking/advanced_tracker.py:_activate_slot,2359_147_321_388_467
S,4,2359,DETECTION,src/tracking/advanced_tracker.py:_activate_slot,2359_280_183_511_296
S,5,2359,CLAMP,src/tracking/advanced_tracker.py:_activate_slot,2359_873_1815_1035_1935
S,6,2359,DETECTION,src/tracking/advanced_tracker.py:_activate_slot,2359_894_1086_1035_1212
S,7,2359,DETECTION,src/tracking/advanced_tracker.py:_activate_slot,2359_870_1722_1035_1854
S,8,2359,DETECTION,src/tracking/advanced_tracker.py:_activate_slot,2359_397_1316_655_1454
S,9,2359,CLAMP,src/tracking/advanced_tracker.py:_activate_slot,2359_31_579_234_715
S,10,2359,PREDICTION,src/tracking/advanced_tracker.py:kalman_homography,
D,2,2359
S,4,2359,PREDICTION,src/tracking/advanced_tracker.py:id_merge,
D,3,2359
S,4,2359,PREDICTION,src/tracking/advanced_tracker.py:id_merge,
D,7,2359
S,9,2359,PREDICTION,src/tracking/advanced_tracker.py:id_merge,
L,0,2359,DETECTION,src/tracking/advanced_tracker.py:_activate_slot,2359_441_1774_696_1885
R,CLAMP,CLAMP,0
L,1,2359,DETECTION,src/tracking/advanced_tracker.py:_activate_slot,2359_360_861_624_1065
R,CLAMP,CLAMP,0
L,4,2359,PREDICTION,src/tracking/advanced_tracker.py:id_merge,
R,CLAMP,CLAMP,0
L,5,2359,CLAMP,src/tracking/advanced_tracker.py:_activate_slot,2359_873_1815_1035_1935
R,CLAMP,CLAMP,0
L,6,2359,DETECTION,src/tracking/advanced_tracker.py:_activate_slot,2359_894_1086_1035_1212
R,CLAMP,CLAMP,0
L,8,2359,DETECTION,src/tracking/advanced_tracker.py:_activate_slot,2359_397_1316_655_1454
R,CLAMP,CLAMP,0
L,9,2359,PREDICTION,src/tracking/advanced_tracker.py:id_merge,
R,CLAMP,CLAMP,0
A,2359
S,0,2362,DETECTION,src/tracking/advanced_tracker.py:_activate_slot,2362_448_1767_698_1887
S,1,2362,DETECTION,src/tracking/advanced_tracker.py:_activate_slot,2362_367_861_619_1014
S,2,2362,DETECTION,src/tracking/advanced_tracker.py:_activate_slot,2362_262_-14_511_123
S,3,2362,DETECTION,src/tracking/advanced_tracker.py:_activate_slot,2362_143_334_379_501
S,4,2362,DETECTION,src/tracking/advanced_tracker.py:_activate_slot,2362_273_202_513_319
S,5,2362,CLAMP,src/tracking/advanced_tracker.py:_activate_slot,2362_865_1839_1033_1935
S,6,2362,DETECTION,src/tracking/advanced_tracker.py:_activate_slot,2362_873_1755_1033_1881
S,7,2362,DETECTION,src/tracking/advanced_tracker.py:_activate_slot,2362_393_1323_651_1458
S,8,2362,DETECTION,src/tracking/advanced_tracker.py:_activate_slot,2362_45_1845_200_1935
S,9,2362,CLAMP,src/tracking/advanced_tracker.py:_activate_slot,2362_922_249_1035_373
S,10,2362,PREDICTION,src/tracking/advanced_tracker.py:kalman_homography,
D,2,2362
S,4,2362,PREDICTION,src/tracking/advanced_tracker.py:id_merge,
D,3,2362
S,4,2362,PREDICTION,src/tracking/advanced_tracker.py:id_merge,
D,6,2362
S,9,2362,PREDICTION,src/tracking/advanced_tracker.py:id_merge,
L,0,2362,DETECTION,src/tracking/advanced_tracker.py:_activate_slot,2362_448_1767_698_1887
R,CLAMP,CLAMP,0
L,1,2362,DETECTION,src/tracking/advanced_tracker.py:_activate_slot,2362_367_861_619_1014
R,CLAMP,CLAMP,0
L,4,2362,PREDICTION,src/tracking/advanced_tracker.py:id_merge,
R,CLAMP,CLAMP,0
L,7,2362,DETECTION,src/tracking/advanced_tracker.py:_activate_slot,2362_393_1323_651_1458
R,CLAMP,CLAMP,0
L,8,2362,DETECTION,src/tracking/advanced_tracker.py:_activate_slot,2362_45_1845_200_1935
R,CLAMP,CLAMP,0
L,9,2362,PREDICTION,src/tracking/advanced_tracker.py:id_merge,
R,CLAMP,CLAMP,0
A,2362
S,0,2365,DETECTION,src/tracking/advanced_tracker.py:_activate_slot,2365_449_1746_701_1902
S,1,2365,DETECTION,src/tracking/advanced_tracker.py:_activate_slot,2365_360_841_617_994
S,2,2365,DETECTION,src/tracking/advanced_tracker.py:_activate_slot,2365_273_14_509_118
S,3,2365,DETECTION,src/tracking/advanced_tracker.py:_activate_slot,2365_148_371_377_510
S,4,2365,DETECTION,src/tracking/advanced_tracker.py:_activate_slot,2365_260_214_496_351
S,5,2365,DETECTION,src/tracking/advanced_tracker.py:_activate_slot,2365_916_813_1033_928
S,6,2365,DETECTION,src/tracking/advanced_tracker.py:_activate_slot,2365_873_1783_1035_1924
S,7,2365,DETECTION,src/tracking/advanced_tracker.py:_activate_slot,2365_111_1164_340_1318
S,8,2365,DETECTION,src/tracking/advanced_tracker.py:_activate_slot,2365_93_467_308_618
S,9,2365,CLAMP,src/tracking/advanced_tracker.py:_activate_slot,2365_46_602_242_689
S,10,2365,PREDICTION,src/tracking/advanced_tracker.py:kalman_homography,
D,2,2365
S,4,2365,PREDICTION,src/tracking/advanced_tracker.py:id_merge,
D,3,2365
S,4,2365,PREDICTION,src/tracking/advanced_tracker.py:id_merge,
D,6,2365
S,9,2365,PREDICTION,src/tracking/advanced_tracker.py:id_merge,
L,0,2365,DETECTION,src/tracking/advanced_tracker.py:_activate_slot,2365_449_1746_701_1902
R,CLAMP,CLAMP,0
L,1,2365,DETECTION,src/tracking/advanced_tracker.py:_activate_slot,2365_360_841_617_994
R,CLAMP,CLAMP,0
L,4,2365,PREDICTION,src/tracking/advanced_tracker.py:id_merge,
R,CLAMP,CLAMP,0
L,5,2365,DETECTION,src/tracking/advanced_tracker.py:_activate_slot,2365_916_813_1033_928
R,CLAMP,CLAMP,0
L,7,2365,DETECTION,src/tracking/advanced_tracker.py:_activate_slot,2365_111_1164_340_1318
R,CLAMP,CLAMP,0
L,8,2365,DETECTION,src/tracking/advanced_tracker.py:_activate_slot,2365_93_467_308_618
R,CLAMP,CLAMP,0
L,9,2365,PREDICTION,src/tracking/advanced_tracker.py:id_merge,
R,CLAMP,CLAMP,0
A,2365
S,0,2368,DETECTION,src/tracking/advanced_tracker.py:_activate_slot,2368_454_1705_706_1909
S,1,2368,DETECTION,src/tracking/advanced_tracker.py:_activate_slot,2368_360_815_618_1004
S,2,2368,DETECTION,src/tracking/advanced_tracker.py:_activate_slot,2368_267_34_460_135
S,3,2368,DETECTION,src/tracking/advanced_tracker.py:_activate_slot,2368_147_406_376_493
S,4,2368,DETECTION,src/tracking/advanced_tracker.py:_activate_slot,2368_285_240_491_382
S,5,2368,DETECTION,src/tracking/advanced_tracker.py:_activate_slot,2368_912_843_1035_963
S,6,2368,DETECTION,src/tracking/advanced_tracker.py:_activate_slot,2368_865_1815_1033_1935
S,7,2368,DETECTION,src/tracking/advanced_tracker.py:_activate_slot,2368_905_329_1034_456
S,8,2368,DETECTION,src/tracking/advanced_tracker.py:_activate_slot,2368_96_473_308_608
S,9,2368,CLAMP,src/tracking/advanced_tracker.py:_activate_slot,2368_904_76_1035_216
S,10,2368,PREDICTION,src/tracking/advanced_tracker.py:kalman_homography,
D,2,2368
S,4,2368,PREDICTION,src/tracking/advanced_tracker.py:id_merge,
D,3,2368
S,4,2368,PREDICTION,src/tracking/advanced_tracker.py:id_merge,
D,6,2368
S,9,2368,PREDICTION,src/tracking/advanced_tracker.py:id_merge,
L,0,2368,DETECTION,src/tracking/advanced_tracker.py:_activate_slot,2368_454_1705_706_1909
R,CLAMP,CLAMP,0
L,1,2368,DETECTION,src/tracking/advanced_tracker.py:_activate_slot,2368_360_815_618_1004
R,CLAMP,CLAMP,0
L,4,2368,PREDICTION,src/tracking/advanced_tracker.py:id_merge,
R,CLAMP,CLAMP,0
L,5,2368,DETECTION,src/tracking/advanced_tracker.py:_activate_slot,2368_912_843_1035_963
R,CLAMP,CLAMP,0
L,7,2368,DETECTION,src/tracking/advanced_tracker.py:_activate_slot,2368_905_329_1034_456
R,CLAMP,CLAMP,0
L,8,2368,DETECTION,src/tracking/advanced_tracker.py:_activate_slot,2368_96_473_308_608
R,CLAMP,CLAMP,0
L,9,2368,PREDICTION,src/tracking/advanced_tracker.py:id_merge,
R,CLAMP,CLAMP,0
A,2368
S,0,2371,DETECTION,src/tracking/advanced_tracker.py:_activate_slot,2371_469_1701_717_1881
S,1,2371,DETECTION,src/tracking/advanced_tracker.py:_activate_slot,2371_373_795_625_984
S,2,2371,DETECTION,src/tracking/advanced_tracker.py:_activate_slot,2371_268_37_517_181
S,3,2371,DETECTION,src/tracking/advanced_tracker.py:_activate_slot,2371_147_402_377_516
S,4,2371,DETECTION,src/tracking/advanced_tracker.py:_activate_slot,2371_267_630_489_738
S,5,2371,DETECTION,src/tracking/advanced_tracker.py:_activate_slot,2371_903_874_1035_996
S,6,2371,DETECTION,src/tracking/advanced_tracker.py:_activate_slot,2371_879_1842_1031_1932
S,7,2371,DETECTION,src/tracking/advanced_tracker.py:_activate_slot,2371_889_-15_1033_79
S,8,2371,DETECTION,src/tracking/advanced_tracker.py:_activate_slot,2371_95_498_305_632
S,9,2371,CLAMP,src/tracking/advanced_tracker.py:_activate_slot,2371_18_615_240_743
S,10,2371,PREDICTION,src/tracking/advanced_tracker.py:flow_gapfill_batched,
D,6,2371
S,9,2371,PREDICTION,src/tracking/advanced_tracker.py:id_merge,
L,0,2371,DETECTION,src/tracking/advanced_tracker.py:_activate_slot,2371_469_1701_717_1881
R,CLAMP,CLAMP,0
L,1,2371,DETECTION,src/tracking/advanced_tracker.py:_activate_slot,2371_373_795_625_984
R,CLAMP,CLAMP,0
L,2,2371,DETECTION,src/tracking/advanced_tracker.py:_activate_slot,2371_268_37_517_181
R,DETECTION,DETECTION,1
L,3,2371,DETECTION,src/tracking/advanced_tracker.py:_activate_slot,2371_147_402_377_516
R,DETECTION,DETECTION,1
L,4,2371,DETECTION,src/tracking/advanced_tracker.py:_activate_slot,2371_267_630_489_738
R,CLAMP,CLAMP,0
L,5,2371,DETECTION,src/tracking/advanced_tracker.py:_activate_slot,2371_903_874_1035_996
R,CLAMP,CLAMP,0
L,7,2371,DETECTION,src/tracking/advanced_tracker.py:_activate_slot,2371_889_-15_1033_79
R,CLAMP,CLAMP,0
L,8,2371,DETECTION,src/tracking/advanced_tracker.py:_activate_slot,2371_95_498_305_632
R,CLAMP,CLAMP,0
L,9,2371,PREDICTION,src/tracking/advanced_tracker.py:id_merge,
R,CLAMP,CLAMP,0
A,2371
S,0,2374,DETECTION,src/tracking/advanced_tracker.py:_activate_slot,2374_474_1705_718_1819
S,1,2374,DETECTION,src/tracking/advanced_tracker.py:_activate_slot,2374_378_801_629_910
S,2,2374,DETECTION,src/tracking/advanced_tracker.py:_activate_slot,2374_276_40_520_202
S,3,2374,DETECTION,src/tracking/advanced_tracker.py:_activate_slot,2374_149_412_381_558
S,4,2374,DETECTION,src/tracking/advanced_tracker.py:_activate_slot,2374_276_633_512_749
S,5,2374,DETECTION,src/tracking/advanced_tracker.py:_activate_slot,2374_879_1239_1035_1365
S,6,2374,DETECTION,src/tracking/advanced_tracker.py:_activate_slot,2374_108_501_303_594
S,7,2374,DETECTION,src/tracking/advanced_tracker.py:_activate_slot,2374_892_410_1027_528
S,8,2374,DETECTION,src/tracking/advanced_tracker.py:_activate_slot,2374_114_1230_342_1317
S,9,2374,DETECTION,src/tracking/advanced_tracker.py:_activate_slot,2374_406_1374_617_1453
D,1,2374
S,4,2374,PREDICTION,src/tracking/advanced_tracker.py:id_merge,
L,0,2374,DETECTION,src/tracking/advanced_tracker.py:_activate_slot,2374_474_1705_718_1819
R,CLAMP,CLAMP,0
L,2,2374,DETECTION,src/tracking/advanced_tracker.py:_activate_slot,2374_276_40_520_202
R,DETECTION,DETECTION,1
L,3,2374,DETECTION,src/tracking/advanced_tracker.py:_activate_slot,2374_149_412_381_558
R,DETECTION,DETECTION,1
L,4,2374,PREDICTION,src/tracking/advanced_tracker.py:id_merge,
R,CLAMP,CLAMP,0
L,5,2374,DETECTION,src/tracking/advanced_tracker.py:_activate_slot,2374_879_1239_1035_1365
R,CLAMP,CLAMP,0
L,6,2374,DETECTION,src/tracking/advanced_tracker.py:_activate_slot,2374_108_501_303_594
R,CLAMP,CLAMP,0
L,7,2374,DETECTION,src/tracking/advanced_tracker.py:_activate_slot,2374_892_410_1027_528
R,CLAMP,CLAMP,0
L,8,2374,DETECTION,src/tracking/advanced_tracker.py:_activate_slot,2374_114_1230_342_1317
R,CLAMP,CLAMP,0
L,9,2374,DETECTION,src/tracking/advanced_tracker.py:_activate_slot,2374_406_1374_617_1453
R,CLAMP,CLAMP,0
A,2374
S,0,2377,DETECTION,src/tracking/advanced_tracker.py:_activate_slot,2377_457_1686_726_1836
S,1,2377,DETECTION,src/tracking/advanced_tracker.py:_activate_slot,2377_367_781_624_922
S,2,2377,DETECTION,src/tracking/advanced_tracker.py:_activate_slot,2377_282_63_523_172
S,3,2377,DETECTION,src/tracking/advanced_tracker.py:_activate_slot,2377_153_445_381_585
S,4,2377,DETECTION,src/tracking/advanced_tracker.py:_activate_slot,2377_229_228_522_400
S,6,2377,DETECTION,src/tracking/advanced_tracker.py:_activate_slot,2377_125_1209_346_1344
S,8,2377,DETECTION,src/tracking/advanced_tracker.py:_activate_slot,2377_118_511_318_596
S,9,2377,DETECTION,src/tracking/advanced_tracker.py:_activate_slot,2377_115_510_268_591
S,5,2377,PREDICTION,src/tracking/advanced_tracker.py:flow_gapfill_batched,
D,2,2377
S,4,2377,PREDICTION,src/tracking/advanced_tracker.py:id_merge,
D,8,2377
S,9,2377,PREDICTION,src/tracking/advanced_tracker.py:id_merge,
L,0,2377,DETECTION,src/tracking/advanced_tracker.py:_activate_slot,2377_457_1686_726_1836
R,CLAMP,CLAMP,0
L,1,2377,DETECTION,src/tracking/advanced_tracker.py:_activate_slot,2377_367_781_624_922
R,CLAMP,CLAMP,0
L,3,2377,DETECTION,src/tracking/advanced_tracker.py:_activate_slot,2377_153_445_381_585
R,DETECTION,DETECTION,1
L,4,2377,PREDICTION,src/tracking/advanced_tracker.py:id_merge,
R,CLAMP,CLAMP,0
L,5,2377,PREDICTION,src/tracking/advanced_tracker.py:flow_gapfill_batched,
R,CLAMP,CLAMP,0
L,6,2377,DETECTION,src/tracking/advanced_tracker.py:_activate_slot,2377_125_1209_346_1344
R,CLAMP,CLAMP,0
L,9,2377,PREDICTION,src/tracking/advanced_tracker.py:id_merge,
R,CLAMP,CLAMP,0
A,2377
S,0,2380,DETECTION,src/tracking/advanced_tracker.py:_activate_slot,2380_478_1638_736_1842
S,1,2380,DETECTION,src/tracking/advanced_tracker.py:_activate_slot,2380_362_744_623_930
S,2,2380,DETECTION,src/tracking/advanced_tracker.py:_activate_slot,2380_279_72_519_186
S,3,2380,DETECTION,src/tracking/advanced_tracker.py:_activate_slot,2380_151_480_378_573
S,4,2380,DETECTION,src/tracking/advanced_tracker.py:_activate_slot,2380_226_269_517_420
S,5,2380,DETECTION,src/tracking/advanced_tracker.py:_activate_slot,2380_895_1566_1033_1698
S,6,2380,DETECTION,src/tracking/advanced_tracker.py:_activate_slot,2380_135_1219_347_1375
S,8,2380,DETECTION,src/tracking/advanced_tracker.py:_activate_slot,2380_69_603_244_738
S,9,2380,PREDICTION,src/tracking/advanced_tracker.py:kalman_homography,
D,2,2380
S,4,2380,PREDICTION,src/tracking/advanced_tracker.py:id_merge,
D,3,2380
S,4,2380,PREDICTION,src/tracking/advanced_tracker.py:id_merge,
D,9,2380
S,8,2380,PREDICTION,src/tracking/advanced_tracker.py:id_merge,
L,0,2380,DETECTION,src/tracking/advanced_tracker.py:_activate_slot,2380_478_1638_736_1842
R,CLAMP,CLAMP,0
L,1,2380,DETECTION,src/tracking/advanced_tracker.py:_activate_slot,2380_362_744_623_930
R,CLAMP,CLAMP,0
L,4,2380,PREDICTION,src/tracking/advanced_tracker.py:id_merge,
R,CLAMP,CLAMP,0
L,5,2380,DETECTION,src/tracking/advanced_tracker.py:_activate_slot,2380_895_1566_1033_1698
R,CLAMP,CLAMP,0
L,6,2380,DETECTION,src/tracking/advanced_tracker.py:_activate_slot,2380_135_1219_347_1375
R,CLAMP,CLAMP,0
L,8,2380,PREDICTION,src/tracking/advanced_tracker.py:id_merge,
R,CLAMP,CLAMP,0
A,2380
S,0,2383,DETECTION,src/tracking/advanced_tracker.py:_activate_slot,2383_491_1666_735_1801
S,1,2383,DETECTION,src/tracking/advanced_tracker.py:_activate_slot,2383_373_725_627_863
S,2,2383,DETECTION,src/tracking/advanced_tracker.py:_activate_slot,2383_276_69_523_220
S,3,2383,DETECTION,src/tracking/advanced_tracker.py:_activate_slot,2383_126_497_377_644
S,4,2383,DETECTION,src/tracking/advanced_tracker.py:_activate_slot,2383_218_294_516_409
S,5,2383,DETECTION,src/tracking/advanced_tracker.py:_activate_slot,2383_883_1333_1033_1458
S,6,2383,DETECTION,src/tracking/advanced_tracker.py:_activate_slot,2383_882_516_1033_635
S,8,2383,DETECTION,src/tracking/advanced_tracker.py:_activate_slot,2383_72_639_244_725
S,9,2383,DETECTION,src/tracking/advanced_tracker.py:_activate_slot,2383_140_497_372_594
S,7,2383,PREDICTION,src/tracking/advanced_tracker.py:flow_gapfill_batched,
D,2,2383
S,4,2383,PREDICTION,src/tracking/advanced_tracker.py:id_merge,
D,7,2383
S,6,2383,PREDICTION,src/tracking/advanced_tracker.py:id_merge,
D,8,2383
S,9,2383,PREDICTION,src/tracking/advanced_tracker.py:id_merge,
L,0,2383,DETECTION,src/tracking/advanced_tracker.py:_activate_slot,2383_491_1666_735_1801
R,CLAMP,CLAMP,0
L,1,2383,DETECTION,src/tracking/advanced_tracker.py:_activate_slot,2383_373_725_627_863
R,CLAMP,CLAMP,0
L,3,2383,DETECTION,src/tracking/advanced_tracker.py:_activate_slot,2383_126_497_377_644
R,DETECTION,DETECTION,1
L,4,2383,PREDICTION,src/tracking/advanced_tracker.py:id_merge,
R,CLAMP,CLAMP,0
L,5,2383,DETECTION,src/tracking/advanced_tracker.py:_activate_slot,2383_883_1333_1033_1458
R,CLAMP,CLAMP,0
L,6,2383,PREDICTION,src/tracking/advanced_tracker.py:id_merge,
R,CLAMP,CLAMP,0
L,9,2383,PREDICTION,src/tracking/advanced_tracker.py:id_merge,
R,CLAMP,CLAMP,0
A,2383
S,0,2386,DETECTION,src/tracking/advanced_tracker.py:_activate_slot,2386_418_1391_658_1536
S,1,2386,DETECTION,src/tracking/advanced_tracker.py:_activate_slot,2386_374_737_627_842
S,2,2386,DETECTION,src/tracking/advanced_tracker.py:_activate_slot,2386_288_75_529_235
S,3,2386,DETECTION,src/tracking/advanced_tracker.py:_activate_slot,2386_123_486_378_623
S,4,2386,DETECTION,src/tracking/advanced_tracker.py:_activate_slot,2386_220_316_516_428
S,5,2386,DETECTION,src/tracking/advanced_tracker.py:_activate_slot,2386_900_1038_1035_1153
S,8,2386,DETECTION,src/tracking/advanced_tracker.py:_activate_slot,2386_54_639_245_733
S,6,2386,PREDICTION,src/tracking/advanced_tracker.py:kalman_homography,
S,9,2386,PREDICTION,src/tracking/advanced_tracker.py:kalman_homography,
S,7,2386,PREDICTION,src/tracking/advanced_tracker.py:flow_gapfill_batched,
D,2,2386
S,4,2386,PREDICTION,src/tracking/advanced_tracker.py:id_merge,
D,3,2386
S,4,2386,PREDICTION,src/tracking/advanced_tracker.py:id_merge,
D,7,2386
S,6,2386,PREDICTION,src/tracking/advanced_tracker.py:id_merge,
D,9,2386
S,8,2386,PREDICTION,src/tracking/advanced_tracker.py:id_merge,
L,0,2386,DETECTION,src/tracking/advanced_tracker.py:_activate_slot,2386_418_1391_658_1536
R,CLAMP,CLAMP,0
L,1,2386,DETECTION,src/tracking/advanced_tracker.py:_activate_slot,2386_374_737_627_842
R,CLAMP,CLAMP,0
L,4,2386,PREDICTION,src/tracking/advanced_tracker.py:id_merge,
R,CLAMP,CLAMP,0
L,5,2386,DETECTION,src/tracking/advanced_tracker.py:_activate_slot,2386_900_1038_1035_1153
R,CLAMP,CLAMP,0
L,6,2386,PREDICTION,src/tracking/advanced_tracker.py:id_merge,
R,CLAMP,CLAMP,0
L,8,2386,PREDICTION,src/tracking/advanced_tracker.py:id_merge,
R,CLAMP,CLAMP,0
A,2386
S,0,2389,DETECTION,src/tracking/advanced_tracker.py:_activate_slot,2389_412_1414_661_1513
S,1,2389,DETECTION,src/tracking/advanced_tracker.py:_activate_slot,2389_366_669_627_859
S,2,2389,DETECTION,src/tracking/advanced_tracker.py:_activate_slot,2389_289_90_524_229
S,3,2389,DETECTION,src/tracking/advanced_tracker.py:_activate_slot,2389_296_652_625_861
S,4,2389,DETECTION,src/tracking/advanced_tracker.py:_activate_slot,2389_265_324_517_456
S,8,2389,DETECTION,src/tracking/advanced_tracker.py:_activate_slot,2389_66_656_249_731
S,9,2389,DETECTION,src/tracking/advanced_tracker.py:_activate_slot,2389_141_512_375_658
S,5,2389,DETECTION,src/tracking/advanced_tracker.py:_activate_slot,2389_898_1072_1035_1192
D,1,2389
S,3,2389,PREDICTION,src/tracking/advanced_tracker.py:id_merge,
D,8,2389
S,9,2389,PREDICTION,src/tracking/advanced_tracker.py:id_merge,
L,0,2389,DETECTION,src/tracking/advanced_tracker.py:_activate_slot,2389_412_1414_661_1513
R,CLAMP,CLAMP,0
L,2,2389,DETECTION,src/tracking/advanced_tracker.py:_activate_slot,2389_289_90_524_229
R,DETECTION,DETECTION,1
L,3,2389,PREDICTION,src/tracking/advanced_tracker.py:id_merge,
R,PREDICTION,PREDICTION,1
L,4,2389,DETECTION,src/tracking/advanced_tracker.py:_activate_slot,2389_265_324_517_456
R,CLAMP,CLAMP,0
L,5,2389,DETECTION,src/tracking/advanced_tracker.py:_activate_slot,2389_898_1072_1035_1192
R,CLAMP,CLAMP,0
L,9,2389,PREDICTION,src/tracking/advanced_tracker.py:id_merge,
R,CLAMP,CLAMP,0
A,2389
S,0,2392,DETECTION,src/tracking/advanced_tracker.py:_activate_slot,2392_415_1422_660_1524
S,1,2392,DETECTION,src/tracking/advanced_tracker.py:_activate_slot,2392_374_687_630_876
S,2,2392,DETECTION,src/tracking/advanced_tracker.py:_activate_slot,2392_311_96_536_228
S,3,2392,DETECTION,src/tracking/advanced_tracker.py:_activate_slot,2392_218_1768_465_1927
S,4,2392,DETECTION,src/tracking/advanced_tracker.py:_activate_slot,2392_268_342_513_486
S,8,2392,DETECTION,src/tracking/advanced_tracker.py:_activate_slot,2392_94_672_247_759
S,9,2392,DETECTION,src/tracking/advanced_tracker.py:_activate_slot,2392_152_1280_351_1425
S,6,2392,PREDICTION,src/tracking/advanced_tracker.py:flow_gapfill_batched,
L,0,2392,DETECTION,src/tracking/advanced_tracker.py:_activate_slot,2392_415_1422_660_1524
R,CLAMP,CLAMP,0
L,1,2392,DETECTION,src/tracking/advanced_tracker.py:_activate_slot,2392_374_687_630_876
R,CLAMP,CLAMP,0
L,2,2392,DETECTION,src/tracking/advanced_tracker.py:_activate_slot,2392_311_96_536_228
R,DETECTION,DETECTION,1
L,3,2392,DETECTION,src/tracking/advanced_tracker.py:_activate_slot,2392_218_1768_465_1927
R,CLAMP,CLAMP,0
L,4,2392,DETECTION,src/tracking/advanced_tracker.py:_activate_slot,2392_268_342_513_486
R,CLAMP,CLAMP,0
L,6,2392,PREDICTION,src/tracking/advanced_tracker.py:flow_gapfill_batched,
R,CLAMP,CLAMP,0
L,8,2392,DETECTION,src/tracking/advanced_tracker.py:_activate_slot,2392_94_672_247_759
R,CLAMP,CLAMP,0
L,9,2392,DETECTION,src/tracking/advanced_tracker.py:_activate_slot,2392_152_1280_351_1425
R,CLAMP,CLAMP,0
A,2392
S,0,2395,DETECTION,src/tracking/advanced_tracker.py:_activate_slot,2395_507_1629_761_1737
S,1,2395,DETECTION,src/tracking/advanced_tracker.py:_activate_slot,2395_309_683_631_869
S,2,2395,DETECTION,src/tracking/advanced_tracker.py:_activate_slot,2395_293_107_547_254
S,3,2395,CLAMP,src/tracking/advanced_tracker.py:_activate_slot,2395_196_347_364_460
S,4,2395,DETECTION,src/tracking/advanced_tracker.py:_activate_slot,2395_267_374_513_518
S,6,2395,DETECTION,src/tracking/advanced_tracker.py:_activate_slot,2395_52_265_204_351
S,8,2395,DETECTION,src/tracking/advanced_tracker.py:_activate_slot,2395_54_672_248_787
S,9,2395,DETECTION,src/tracking/advanced_tracker.py:_activate_slot,2395_150_1296_355_1458
S,7,2395,PREDICTION,src/tracking/advanced_tracker.py:flow_gapfill_batched,
L,0,2395,DETECTION,src/tracking/advanced_tracker.py:_activate_slot,2395_507_1629_761_1737
R,CLAMP,CLAMP,0
L,1,2395,DETECTION,src/tracking/advanced_tracker.py:_activate_slot,2395_309_683_631_869
R,CLAMP,CLAMP,0
L,2,2395,DETECTION,src/tracking/advanced_tracker.py:_activate_slot,2395_293_107_547_254
R,DETECTION,DETECTION,1
L,3,2395,CLAMP,src/tracking/advanced_tracker.py:_activate_slot,2395_196_347_364_460
R,CLAMP,CLAMP,0
L,4,2395,DETECTION,src/tracking/advanced_tracker.py:_activate_slot,2395_267_374_513_518
R,CLAMP,CLAMP,0
L,6,2395,DETECTION,src/tracking/advanced_tracker.py:_activate_slot,2395_52_265_204_351
R,CLAMP,CLAMP,0
L,7,2395,PREDICTION,src/tracking/advanced_tracker.py:flow_gapfill_batched,
R,CLAMP,CLAMP,0
L,8,2395,DETECTION,src/tracking/advanced_tracker.py:_activate_slot,2395_54_672_248_787
R,CLAMP,CLAMP,0
L,9,2395,DETECTION,src/tracking/advanced_tracker.py:_activate_slot,2395_150_1296_355_1458
R,CLAMP,CLAMP,0
A,2395
S,0,2398,DETECTION,src/tracking/advanced_tracker.py:_activate_slot,2398_508_1629_759_1749
S,1,2398,DETECTION,src/tracking/advanced_tracker.py:_activate_slot,2398_297_724_531_829
S,2,2398,DETECTION,src/tracking/advanced_tracker.py:_activate_slot,2398_300_136_546_261
S,3,2398,DETECTION,src/tracking/advanced_tracker.py:_activate_slot,2398_148_583_373_687
S,4,2398,DETECTION,src/tracking/advanced_tracker.py:_activate_slot,2398_257_409_510_522
S,5,2398,DETECTION,src/tracking/advanced_tracker.py:_activate_slot,2398_121_543_305_624
S,6,2398,DETECTION,src/tracking/advanced_tracker.py:_activate_slot,2398_763_-15_1005_110
S,7,2398,DETECTION,src/tracking/advanced_tracker.py:_activate_slot,2398_382_700_629_798
S,8,2398,DETECTION,src/tracking/advanced_tracker.py:_activate_slot,2398_65_669_240_805
S,9,2398,PREDICTION,src/tracking/advanced_tracker.py:kalman_homography,
D,1,2398
S,3,2398,PREDICTION,src/tracking/advanced_tracker.py:id_merge,
D,3,2398
S,4,2398,PREDICTION,src/tracking/advanced_tracker.py:id_merge,
D,5,2398
S,8,2398,PREDICTION,src/tracking/advanced_tracker.py:id_merge,
L,0,2398,DETECTION,src/tracking/advanced_tracker.py:_activate_slot,2398_508_1629_759_1749
R,CLAMP,CLAMP,0
L,2,2398,DETECTION,src/tracking/advanced_tracker.py:_activate_slot,2398_300_136_546_261
R,DETECTION,DETECTION,1
L,4,2398,PREDICTION,src/tracking/advanced_tracker.py:id_merge,
R,CLAMP,CLAMP,0
L,6,2398,DETECTION,src/tracking/advanced_tracker.py:_activate_slot,2398_763_-15_1005_110
R,CLAMP,CLAMP,0
L,7,2398,DETECTION,src/tracking/advanced_tracker.py:_activate_slot,2398_382_700_629_798
R,CLAMP,CLAMP,0
L,8,2398,PREDICTION,src/tracking/advanced_tracker.py:id_merge,
R,CLAMP,CLAMP,0
L,9,2398,PREDICTION,src/tracking/advanced_tracker.py:kalman_homography,
R,CLAMP,CLAMP,0
A,2398
S,0,2401,DETECTION,src/tracking/advanced_tracker.py:_activate_slot,2401_510_1605_771_1779
S,1,2401,DETECTION,src/tracking/advanced_tracker.py:_activate_slot,2401_297_741_534_834
S,2,2401,DETECTION,src/tracking/advanced_tracker.py:_activate_slot,2401_299_135_546_254
S,3,2401,DETECTION,src/tracking/advanced_tracker.py:_activate_slot,2401_157_586_374_715
S,4,2401,DETECTION,src/tracking/advanced_tracker.py:_activate_slot,2401_250_426_502_526
S,5,2401,DETECTION,src/tracking/advanced_tracker.py:_activate_slot,2401_127_541_297_627
S,6,2401,DETECTION,src/tracking/advanced_tracker.py:_activate_slot,2401_791_-15_1035_70
S,8,2401,DETECTION,src/tracking/advanced_tracker.py:_activate_slot,2401_73_686_247_761
S,7,2401,PREDICTION,src/tracking/advanced_tracker.py:kalman_homography,
S,9,2401,PREDICTION,src/tracking/advanced_tracker.py:kalman_homography,
D,1,2401
S,3,2401,PREDICTION,src/tracking/advanced_tracker.py:id_merge,
D,3,2401
S,4,2401,PREDICTION,src/tracking/advanced_tracker.py:id_merge,
D,5,2401
S,8,2401,PREDICTION,src/tracking/advanced_tracker.py:id_merge,
L,0,2401,DETECTION,src/tracking/advanced_tracker.py:_activate_slot,2401_510_1605_771_1779
R,CLAMP,CLAMP,0
L,2,2401,DETECTION,src/tracking/advanced_tracker.py:_activate_slot,2401_299_135_546_254
R,DETECTION,DETECTION,1
L,4,2401,PREDICTION,src/tracking/advanced_tracker.py:id_merge,
R,CLAMP,CLAMP,0
L,6,2401,DETECTION,src/tracking/advanced_tracker.py:_activate_slot,2401_791_-15_1035_70
R,CLAMP,CLAMP,0
L,7,2401,PREDICTION,src/tracking/advanced_tracker.py:kalman_homography,
R,CLAMP,CLAMP,0
L,8,2401,PREDICTION,src/tracking/advanced_tracker.py:id_merge,
R,CLAMP,CLAMP,0
L,9,2401,PREDICTION,src/tracking/advanced_tracker.py:kalman_homography,
R,CLAMP,CLAMP,0
A,2401
S,0,2404,DETECTION,src/tracking/advanced_tracker.py:_activate_slot,2404_520_1584_775_1776
S,1,2404,DETECTION,src/tracking/advanced_tracker.py:_activate_slot,2404_309_753_542_843
S,2,2404,DETECTION,src/tracking/advanced_tracker.py:_activate_slot,2404_300_156_549_274
S,3,2404,DETECTION,src/tracking/advanced_tracker.py:_activate_slot,2404_159_610_378_749
S,4,2404,DETECTION,src/tracking/advanced_tracker.py:_activate_slot,2404_250_436_505_552
S,5,2404,DETECTION,src/tracking/advanced_tracker.py:_activate_slot,2404_106_543_298_642
S,7,2404,DETECTION,src/tracking/advanced_tracker.py:_activate_slot,2404_911_1572_1035_1704
S,8,2404,DETECTION,src/tracking/advanced_tracker.py:_activate_slot,2404_782_-15_1032_110
S,9,2404,PREDICTION,src/tracking/advanced_tracker.py:flow_gapfill_batched,
D,1,2404
S,3,2404,PREDICTION,src/tracking/advanced_tracker.py:id_merge,
D,3,2404
S,4,2404,PREDICTION,src/tracking/advanced_tracker.py:id_merge,
L,0,2404,DETECTION,src/tracking/advanced_tracker.py:_activate_slot,2404_520_1584_775_1776
R,CLAMP,CLAMP,0
L,2,2404,DETECTION,src/tracking/advanced_tracker.py:_activate_slot,2404_300_156_549_274
R,DETECTION,DETECTION,1
L,4,2404,PREDICTION,src/tracking/advanced_tracker.py:id_merge,
R,CLAMP,CLAMP,0
L,5,2404,DETECTION,src/tracking/advanced_tracker.py:_activate_slot,2404_106_543_298_642
R,CLAMP,CLAMP,0
L,7,2404,DETECTION,src/tracking/advanced_tracker.py:_activate_slot,2404_911_1572_1035_1704
R,CLAMP,CLAMP,0
L,8,2404,DETECTION,src/tracking/advanced_tracker.py:_activate_slot,2404_782_-15_1032_110
R,CLAMP,CLAMP,0
L,9,2404,PREDICTION,src/tracking/advanced_tracker.py:flow_gapfill_batched,
R,CLAMP,CLAMP,0
A,2404
S,0,2407,DETECTION,src/tracking/advanced_tracker.py:_activate_slot,2407_531_1608_780_1713
S,1,2407,DETECTION,src/tracking/advanced_tracker.py:_activate_slot,2407_311_728_543_866
S,2,2407,DETECTION,src/tracking/advanced_tracker.py:_activate_slot,2407_298_144_552_304
S,3,2407,DETECTION,src/tracking/advanced_tracker.py:_activate_slot,2407_155_638_379_744
S,4,2407,DETECTION,src/tracking/advanced_tracker.py:_activate_slot,2407_254_438_504_584
S,5,2407,DETECTION,src/tracking/advanced_tracker.py:_activate_slot,2407_796_-15_1033_136
S,7,2407,DETECTION,src/tracking/advanced_tracker.py:_activate_slot,2407_139_1356_362_1462
S,9,2407,PREDICTION,src/tracking/advanced_tracker.py:flow_gapfill_batched,
D,1,2407
S,3,2407,PREDICTION,src/tracking/advanced_tracker.py:id_merge,
D,3,2407
S,4,2407,PREDICTION,src/tracking/advanced_tracker.py:id_merge,
D,9,2407
S,7,2407,PREDICTION,src/tracking/advanced_tracker.py:id_merge,
L,0,2407,DETECTION,src/tracking/advanced_tracker.py:_activate_slot,2407_531_1608_780_1713
R,CLAMP,CLAMP,0
L,2,2407,DETECTION,src/tracking/advanced_tracker.py:_activate_slot,2407_298_144_552_304
R,DETECTION,DETECTION,1
L,4,2407,PREDICTION,src/tracking/advanced_tracker.py:id_merge,
R,CLAMP,CLAMP,0
L,5,2407,DETECTION,src/tracking/advanced_tracker.py:_activate_slot,2407_796_-15_1033_136
R,CLAMP,CLAMP,0
L,7,2407,PREDICTION,src/tracking/advanced_tracker.py:id_merge,
R,CLAMP,CLAMP,0
A,2407
S,0,2410,DETECTION,src/tracking/advanced_tracker.py:_activate_slot,2410_529_1608_780_1722
S,1,2410,DETECTION,src/tracking/advanced_tracker.py:_activate_slot,2410_313_733_552_895
S,2,2410,DETECTION,src/tracking/advanced_tracker.py:_activate_slot,2410_309_172_557_324
S,3,2410,CLAMP,src/tracking/advanced_tracker.py:_activate_slot,2410_171_405_373_518
S,4,2410,DETECTION,src/tracking/advanced_tracker.py:_activate_slot,2410_255_461_499_614
S,5,2410,DETECTION,src/tracking/advanced_tracker.py:_activate_slot,2410_130_546_315_627
S,8,2410,DETECTION,src/tracking/advanced_tracker.py:_activate_slot,2410_777_9_1035_165
S,9,2410,DETECTION,src/tracking/advanced_tracker.py:_activate_slot,2410_153_1359_352_1476
S,7,2410,PREDICTION,src/tracking/advanced_tracker.py:kalman_homography,
S,6,2410,PREDICTION,src/tracking/advanced_tracker.py:flow_gapfill_batched,
D,6,2410
S,8,2410,PREDICTION,src/tracking/advanced_tracker.py:id_merge,
L,0,2410,DETECTION,src/tracking/advanced_tracker.py:_activate_slot,2410_529_1608_780_1722
R,CLAMP,CLAMP,0
L,1,2410,DETECTION,src/tracking/advanced_tracker.py:_activate_slot,2410_313_733_552_895
R,CLAMP,CLAMP,0
L,2,2410,DETECTION,src/tracking/advanced_tracker.py:_activate_slot,2410_309_172_557_324
R,DETECTION,DETECTION,1
L,3,2410,CLAMP,src/tracking/advanced_tracker.py:_activate_slot,2410_171_405_373_518
R,CLAMP,CLAMP,0
L,4,2410,DETECTION,src/tracking/advanced_tracker.py:_activate_slot,2410_255_461_499_614
R,CLAMP,CLAMP,0
L,5,2410,DETECTION,src/tracking/advanced_tracker.py:_activate_slot,2410_130_546_315_627
R,CLAMP,CLAMP,0
L,7,2410,PREDICTION,src/tracking/advanced_tracker.py:kalman_homography,
R,CLAMP,CLAMP,0
L,8,2410,PREDICTION,src/tracking/advanced_tracker.py:id_merge,
R,CLAMP,CLAMP,0
L,9,2410,DETECTION,src/tracking/advanced_tracker.py:_activate_slot,2410_153_1359_352_1476
R,CLAMP,CLAMP,0
A,2410
S,0,2413,DETECTION,src/tracking/advanced_tracker.py:_activate_slot,2413_524_1566_788_1752
S,1,2413,DETECTION,src/tracking/advanced_tracker.py:_activate_slot,2413_310_759_551_888
S,2,2413,DETECTION,src/tracking/advanced_tracker.py:_activate_slot,2413_310_189_555_324
S,3,2413,CLAMP,src/tracking/advanced_tracker.py:_activate_slot,2413_162_407_372_534
S,4,2413,DETECTION,src/tracking/advanced_tracker.py:_activate_slot,2413_255_491_498_643
S,6,2413,DETECTION,src/tracking/advanced_tracker.py:_activate_slot,2413_747_159_981_281
S,7,2413,CLAMP,src/tracking/advanced_tracker.py:_activate_slot,2413_744_270_933_377
S,8,2413,DETECTION,src/tracking/advanced_tracker.py:_activate_slot,2413_774_33_1035_195
S,9,2413,DETECTION,src/tracking/advanced_tracker.py:_activate_slot,2413_159_1368_345_1458
S,5,2413,PREDICTION,src/tracking/advanced_tracker.py:kalman_homography,
D,6,2413
S,8,2413,PREDICTION,src/tracking/advanced_tracker.py:id_merge,
L,0,2413,DETECTION,src/tracking/advanced_tracker.py:_activate_slot,2413_524_1566_788_1752
R,CLAMP,CLAMP,0
L,1,2413,DETECTION,src/tracking/advanced_tracker.py:_activate_slot,2413_310_759_551_888
R,CLAMP,CLAMP,0
L,2,2413,DETECTION,src/tracking/advanced_tracker.py:_activate_slot,2413_310_189_555_324
R,DETECTION,DETECTION,1
L,3,2413,CLAMP,src/tracking/advanced_tracker.py:_activate_slot,2413_162_407_372_534
R,CLAMP,CLAMP,0
L,4,2413,DETECTION,src/tracking/advanced_tracker.py:_activate_slot,2413_255_491_498_643
R,CLAMP,CLAMP,0
L,5,2413,PREDICTION,src/tracking/advanced_tracker.py:kalman_homography,
R,CLAMP,CLAMP,0
L,7,2413,CLAMP,src/tracking/advanced_tracker.py:_activate_slot,2413_744_270_933_377
R,CLAMP,CLAMP,0
L,8,2413,PREDICTION,src/tracking/advanced_tracker.py:id_merge,
R,CLAMP,CLAMP,0
L,9,2413,DETECTION,src/tracking/advanced_tracker.py:_activate_slot,2413_159_1368_345_1458
R,CLAMP,CLAMP,0
A,2413
S,0,2416,DETECTION,src/tracking/advanced_tracker.py:_activate_slot,2416_534_1557_792_1758
S,1,2416,DETECTION,src/tracking/advanced_tracker.py:_activate_slot,2416_309_781_558_874
S,2,2416,DETECTION,src/tracking/advanced_tracker.py:_activate_slot,2416_303_215_561_317
S,3,2416,DETECTION,src/tracking/advanced_tracker.py:_activate_slot,2416_149_670_378_807
S,4,2416,DETECTION,src/tracking/advanced_tracker.py:_activate_slot,2416_252_522_498_624
S,6,2416,DETECTION,src/tracking/advanced_tracker.py:_activate_slot,2416_781_50_1035_225
S,8,2416,DETECTION,src/tracking/advanced_tracker.py:_activate_slot,2416_911_-15_1034_93
S,5,2416,PREDICTION,src/tracking/advanced_tracker.py:kalman_homography,
S,7,2416,PREDICTION,src/tracking/advanced_tracker.py:kalman_homography,
S,9,2416,PREDICTION,src/tracking/advanced_tracker.py:kalman_homography,
D,1,2416
S,3,2416,PREDICTION,src/tracking/advanced_tracker.py:id_merge,
D,3,2416
S,4,2416,PREDICTION,src/tracking/advanced_tracker.py:id_merge,
D,7,2416
S,6,2416,PREDICTION,src/tracking/advanced_tracker.py:id_merge,
D,6,2416
S,8,2416,PREDICTION,src/tracking/advanced_tracker.py:id_merge,
L,0,2416,DETECTION,src/tracking/advanced_tracker.py:_activate_slot,2416_534_1557_792_1758
R,CLAMP,CLAMP,0
L,2,2416,DETECTION,src/tracking/advanced_tracker.py:_activate_slot,2416_303_215_561_317
R,DETECTION,DETECTION,1
L,4,2416,PREDICTION,src/tracking/advanced_tracker.py:id_merge,
R,CLAMP,CLAMP,0
L,5,2416,PREDICTION,src/tracking/advanced_tracker.py:kalman_homography,
R,CLAMP,CLAMP,0
L,8,2416,PREDICTION,src/tracking/advanced_tracker.py:id_merge,
R,CLAMP,CLAMP,0
L,9,2416,PREDICTION,src/tracking/advanced_tracker.py:kalman_homography,
R,CLAMP,CLAMP,0
A,2416
S,0,2419,DETECTION,src/tracking/advanced_tracker.py:_activate_slot,2419_544_1584_795_1728
S,1,2419,DETECTION,src/tracking/advanced_tracker.py:_activate_slot,2419_315_765_561_896
S,2,2419,DETECTION,src/tracking/advanced_tracker.py:_activate_slot,2419_308_231_567_339
S,3,2419,DETECTION,src/tracking/advanced_tracker.py:_activate_slot,2419_144_702_384_823
S,4,2419,DETECTION,src/tracking/advanced_tracker.py:_activate_slot,2419_262_540_498_636
S,6,2419,DETECTION,src/tracking/advanced_tracker.py:_activate_slot,2419_780_110_1035_257
S,8,2419,DETECTION,src/tracking/advanced_tracker.py:_activate_slot,2419_912_-15_1035_126
S,5,2419,PREDICTION,src/tracking/advanced_tracker.py:kalman_homography,
S,9,2419,PREDICTION,src/tracking/advanced_tracker.py:kalman_homography,
S,7,2419,PREDICTION,src/tracking/advanced_tracker.py:flow_gapfill_batched,
D,1,2419
S,3,2419,PREDICTION,src/tracking/advanced_tracker.py:id_merge,
D,3,2419
S,4,2419,PREDICTION,src/tracking/advanced_tracker.py:id_merge,
D,7,2419
S,6,2419,PREDICTION,src/tracking/advanced_tracker.py:id_merge,
D,6,2419
S,8,2419,PREDICTION,src/tracking/advanced_tracker.py:id_merge,
L,0,2419,DETECTION,src/tracking/advanced_tracker.py:_activate_slot,2419_544_1584_795_1728
R,CLAMP,CLAMP,0
L,2,2419,DETECTION,src/tracking/advanced_tracker.py:_activate_slot,2419_308_231_567_339
R,DETECTION,DETECTION,1
L,4,2419,PREDICTION,src/tracking/advanced_tracker.py:id_merge,
R,CLAMP,CLAMP,0
L,5,2419,PREDICTION,src/tracking/advanced_tracker.py:kalman_homography,
R,CLAMP,CLAMP,0
L,8,2419,PREDICTION,src/tracking/advanced_tracker.py:id_merge,
R,CLAMP,CLAMP,0
L,9,2419,PREDICTION,src/tracking/advanced_tracker.py:kalman_homography,
R,CLAMP,CLAMP,0
A,2419
S,0,2422,DETECTION,src/tracking/advanced_tracker.py:_activate_slot,2422_376_645_634_774
S,1,2422,DETECTION,src/tracking/advanced_tracker.py:_activate_slot,2422_321_765_559_924
S,2,2422,DETECTION,src/tracking/advanced_tracker.py:_activate_slot,2422_316_240_572_374
S,3,2422,DETECTION,src/tracking/advanced_tracker.py:_activate_slot,2422_150_728_381_825
S,4,2422,DETECTION,src/tracking/advanced_tracker.py:_activate_slot,2422_245_549_497_666
S,6,2422,DETECTION,src/tracking/advanced_tracker.py:_activate_slot,2422_762_138_1032_289
S,9,2422,DETECTION,src/tracking/advanced_tracker.py:_activate_slot,2422_141_1368_372_1517
S,5,2422,PREDICTION,src/tracking/advanced_tracker.py:kalman_homography,
S,7,2422,PREDICTION,src/tracking/advanced_tracker.py:flow_gapfill_batched,
D,0,2422
S,1,2422,PREDICTION,src/tracking/advanced_tracker.py:id_merge,
D,1,2422
S,3,2422,PREDICTION,src/tracking/advanced_tracker.py:id_merge,
D,3,2422
S,4,2422,PREDICTION,src/tracking/advanced_tracker.py:id_merge,
D,7,2422
S,6,2422,PREDICTION,src/tracking/advanced_tracker.py:id_merge,
L,2,2422,DETECTION,src/tracking/advanced_tracker.py:_activate_slot,2422_316_240_572_374
R,DETECTION,DETECTION,1
L,4,2422,PREDICTION,src/tracking/advanced_tracker.py:id_merge,
R,CLAMP,CLAMP,0
L,5,2422,PREDICTION,src/tracking/advanced_tracker.py:kalman_homography,
R,CLAMP,CLAMP,0
L,6,2422,PREDICTION,src/tracking/advanced_tracker.py:id_merge,
R,CLAMP,CLAMP,0
L,9,2422,DETECTION,src/tracking/advanced_tracker.py:_activate_slot,2422_141_1368_372_1517
R,CLAMP,CLAMP,0
A,2422
S,0,2425,DETECTION,src/tracking/advanced_tracker.py:_activate_slot,2425_165_446_367_566
S,1,2425,DETECTION,src/tracking/advanced_tracker.py:_activate_slot,2425_324_784_558_946
S,2,2425,DETECTION,src/tracking/advanced_tracker.py:_activate_slot,2425_319_268_574_392
S,3,2425,DETECTION,src/tracking/advanced_tracker.py:_activate_slot,2425_159_741_377_828
S,4,2425,DETECTION,src/tracking/advanced_tracker.py:_activate_slot,2425_237_557_493_683
S,7,2425,DETECTION,src/tracking/advanced_tracker.py:_activate_slot,2425_366_651_629_754
S,9,2425,DETECTION,src/tracking/advanced_tracker.py:_activate_slot,2425_157_1389_374_1470
S,6,2425,DETECTION,src/tracking/advanced_tracker.py:_activate_slot,2425_757_177_1032_310
S,5,2425,PREDICTION,src/tracking/advanced_tracker.py:kalman_homography,
D,0,2425
S,4,2425,PREDICTION,src/tracking/advanced_tracker.py:id_merge,
D,1,2425
S,3,2425,PREDICTION,src/tracking/advanced_tracker.py:id_merge,
D,3,2425
S,4,2425,PREDICTION,src/tracking/advanced_tracker.py:id_merge,
L,2,2425,DETECTION,src/tracking/advanced_tracker.py:_activate_slot,2425_319_268_574_392
R,DETECTION,DETECTION,1
L,4,2425,PREDICTION,src/tracking/advanced_tracker.py:id_merge,
R,CLAMP,CLAMP,0
L,5,2425,PREDICTION,src/tracking/advanced_tracker.py:kalman_homography,
R,CLAMP,CLAMP,0
L,6,2425,DETECTION,src/tracking/advanced_tracker.py:_activate_slot,2425_757_177_1032_310
R,CLAMP,CLAMP,0
L,7,2425,DETECTION,src/tracking/advanced_tracker.py:_activate_slot,2425_366_651_629_754
R,CLAMP,CLAMP,0
L,9,2425,DETECTION,src/tracking/advanced_tracker.py:_activate_slot,2425_157_1389_374_1470
R,CLAMP,CLAMP,0
A,2425
S,0,2428,DETECTION,src/tracking/advanced_tracker.py:_activate_slot,2428_172_446_366_591
S,1,2428,DETECTION,src/tracking/advanced_tracker.py:_activate_slot,2428_320_816_562_936
S,2,2428,DETECTION,src/tracking/advanced_tracker.py:_activate_slot,2428_318_275_570_400
S,3,2428,DETECTION,src/tracking/advanced_tracker.py:_activate_slot,2428_152_1350_372_1494
S,4,2428,DETECTION,src/tracking/advanced_tracker.py:_activate_slot,2428_251_579_484_720
S,6,2428,DETECTION,src/tracking/advanced_tracker.py:_activate_slot,2428_747_211_1035_334
S,7,2428,DETECTION,src/tracking/advanced_tracker.py:_activate_slot,2428_366_655_617_753
S,5,2428,PREDICTION,src/tracking/advanced_tracker.py:kalman_homography,
S,9,2428,PREDICTION,src/tracking/advanced_tracker.py:kalman_homography,
S,8,2428,PREDICTION,src/tracking/advanced_tracker.py:flow_gapfill_batched,
D,0,2428
S,4,2428,PREDICTION,src/tracking/advanced_tracker.py:id_merge,
D,8,2428
S,6,2428,PREDICTION,src/tracking/advanced_tracker.py:id_merge,
L,1,2428,DETECTION,src/tracking/advanced_tracker.py:_activate_slot,2428_320_816_562_936
R,CLAMP,CLAMP,0
L,2,2428,DETECTION,src/tracking/advanced_tracker.py:_activate_slot,2428_318_275_570_400
R,DETECTION,DETECTION,1
L,3,2428,DETECTION,src/tracking/advanced_tracker.py:_activate_slot,2428_152_1350_372_1494
R,CLAMP,CLAMP,0
L,4,2428,PREDICTION,src/tracking/advanced_tracker.py:id_merge,
R,CLAMP,CLAMP,0
L,5,2428,PREDICTION,src/tracking/advanced_tracker.py:kalman_homography,
R,CLAMP,CLAMP,0
L,6,2428,PREDICTION,src/tracking/advanced_tracker.py:id_merge,
R,CLAMP,CLAMP,0
L,7,2428,DETECTION,src/tracking/advanced_tracker.py:_activate_slot,2428_366_655_617_753
R,CLAMP,CLAMP,0
L,9,2428,PREDICTION,src/tracking/advanced_tracker.py:kalman_homography,
R,CLAMP,CLAMP,0
A,2428
S,0,2431,DETECTION,src/tracking/advanced_tracker.py:_activate_slot,2431_172_467_366_622
S,1,2431,DETECTION,src/tracking/advanced_tracker.py:_activate_slot,2431_318_848_561_930
S,2,2431,DETECTION,src/tracking/advanced_tracker.py:_activate_slot,2431_315_309_571_416
S,3,2431,DETECTION,src/tracking/advanced_tracker.py:_activate_slot,2431_151_1386_376_1522
S,4,2431,DETECTION,src/tracking/advanced_tracker.py:_activate_slot,2431_249_611_486_732
S,7,2431,DETECTION,src/tracking/advanced_tracker.py:_activate_slot,2431_375_658_630_756
S,6,2431,DETECTION,src/tracking/advanced_tracker.py:_activate_slot,2431_744_238_1027_360
S,5,2431,PREDICTION,src/tracking/advanced_tracker.py:kalman_homography,
S,9,2431,PREDICTION,src/tracking/advanced_tracker.py:kalman_homography,
S,8,2431,PREDICTION,src/tracking/advanced_tracker.py:flow_gapfill_batched,
D,0,2431
S,4,2431,PREDICTION,src/tracking/advanced_tracker.py:id_merge,
D,1,2431
S,4,2431,PREDICTION,src/tracking/advanced_tracker.py:id_merge,
D,8,2431
S,6,2431,PREDICTION,src/tracking/advanced_tracker.py:id_merge,
L,2,2431,DETECTION,src/tracking/advanced_tracker.py:_activate_slot,2431_315_309_571_416
R,DETECTION,DETECTION,1
L,3,2431,DETECTION,src/tracking/advanced_tracker.py:_activate_slot,2431_151_1386_376_1522
R,CLAMP,CLAMP,0
L,4,2431,PREDICTION,src/tracking/advanced_tracker.py:id_merge,
R,CLAMP,CLAMP,0
L,5,2431,PREDICTION,src/tracking/advanced_tracker.py:kalman_homography,
R,CLAMP,CLAMP,0
L,6,2431,PREDICTION,src/tracking/advanced_tracker.py:id_merge,
R,CLAMP,CLAMP,0
L,7,2431,DETECTION,src/tracking/advanced_tracker.py:_activate_slot,2431_375_658_630_756
R,CLAMP,CLAMP,0
L,9,2431,PREDICTION,src/tracking/advanced_tracker.py:kalman_homography,
R,CLAMP,CLAMP,0
A,2431
S,0,2434,DETECTION,src/tracking/advanced_tracker.py:_activate_slot,2434_181_502_368_630
S,1,2434,DETECTION,src/tracking/advanced_tracker.py:_activate_slot,2434_322_838_561_955
S,2,2434,DETECTION,src/tracking/advanced_tracker.py:_activate_slot,2434_315_304_572_442
S,3,2434,DETECTION,src/tracking/advanced_tracker.py:_activate_slot,2434_157_1371_374_1536
S,4,2434,DETECTION,src/tracking/advanced_tracker.py:_activate_slot,2434_248_647_438_741
S,5,2434,DETECTION,src/tracking/advanced_tracker.py:_activate_slot,2434_263_1716_504_1818
S,8,2434,DETECTION,src/tracking/advanced_tracker.py:_activate_slot,2434_892_158_1035_308
S,9,2434,DETECTION,src/tracking/advanced_tracker.py:_activate_slot,2434_135_573_314_661
S,7,2434,PREDICTION,src/tracking/advanced_tracker.py:kalman_homography,
D,0,2434
S,4,2434,PREDICTION,src/tracking/advanced_tracker.py:id_merge,
L,1,2434,DETECTION,src/tracking/advanced_tracker.py:_activate_slot,2434_322_838_561_955
R,CLAMP,CLAMP,0
L,2,2434,DETECTION,src/tracking/advanced_tracker.py:_activate_slot,2434_315_304_572_442
R,DETECTION,DETECTION,1
L,3,2434,DETECTION,src/tracking/advanced_tracker.py:_activate_slot,2434_157_1371_374_1536
R,CLAMP,CLAMP,0
L,4,2434,PREDICTION,src/tracking/advanced_tracker.py:id_merge,
R,CLAMP,CLAMP,0
L,5,2434,DETECTION,src/tracking/advanced_tracker.py:_activate_slot,2434_263_1716_504_1818
R,CLAMP,CLAMP,0
L,7,2434,PREDICTION,src/tracking/advanced_tracker.py:kalman_homography,
R,CLAMP,CLAMP,0
L,8,2434,DETECTION,src/tracking/advanced_tracker.py:_activate_slot,2434_892_158_1035_308
R,CLAMP,CLAMP,0
L,9,2434,DETECTION,src/tracking/advanced_tracker.py:_activate_slot,2434_135_573_314_661
R,CLAMP,CLAMP,0
A,2434
S,0,2437,DETECTION,src/tracking/advanced_tracker.py:_activate_slot,2437_163_519_366_612
S,1,2437,DETECTION,src/tracking/advanced_tracker.py:_activate_slot,2437_326_838_567_994
S,2,2437,DETECTION,src/tracking/advanced_tracker.py:_activate_slot,2437_323_314_571_470
S,3,2437,DETECTION,src/tracking/advanced_tracker.py:_activate_slot,2437_380_621_627_804
S,4,2437,DETECTION,src/tracking/advanced_tracker.py:_activate_slot,2437_159_823_387_904
S,5,2437,DETECTION,src/tracking/advanced_tracker.py:_activate_slot,2437_165_1401_376_1491
S,8,2437,DETECTION,src/tracking/advanced_tracker.py:_activate_slot,2437_886_194_1033_346
S,6,2437,PREDICTION,src/tracking/advanced_tracker.py:kalman_homography,
S,7,2437,PREDICTION,src/tracking/advanced_tracker.py:kalman_homography,
S,9,2437,PREDICTION,src/tracking/advanced_tracker.py:kalman_homography,
D,1,2437
S,3,2437,PREDICTION,src/tracking/advanced_tracker.py:id_merge,
D,6,2437
S,8,2437,PREDICTION,src/tracking/advanced_tracker.py:id_merge,
L,0,2437,DETECTION,src/tracking/advanced_tracker.py:_activate_slot,2437_163_519_366_612
R,CLAMP,CLAMP,0
L,2,2437,DETECTION,src/tracking/advanced_tracker.py:_activate_slot,2437_323_314_571_470
R,DETECTION,DETECTION,1
L,3,2437,PREDICTION,src/tracking/advanced_tracker.py:id_merge,
R,PREDICTION,PREDICTION,1
L,4,2437,DETECTION,src/tracking/advanced_tracker.py:_activate_slot,2437_159_823_387_904
R,CLAMP,CLAMP,0
L,5,2437,DETECTION,src/tracking/advanced_tracker.py:_activate_slot,2437_165_1401_376_1491
R,CLAMP,CLAMP,0
L,7,2437,PREDICTION,src/tracking/advanced_tracker.py:kalman_homography,
R,CLAMP,CLAMP,0
L,8,2437,PREDICTION,src/tracking/advanced_tracker.py:id_merge,
R,CLAMP,CLAMP,0
L,9,2437,PREDICTION,src/tracking/advanced_tracker.py:kalman_homography,
R,CLAMP,CLAMP,0
A,2437
S,0,2440,DETECTION,src/tracking/advanced_tracker.py:_activate_slot,2440_150_524_371_626
S,1,2440,DETECTION,src/tracking/advanced_tracker.py:_activate_slot,2440_328_863_568_1016
S,2,2440,DETECTION,src/tracking/advanced_tracker.py:_activate_slot,2440_325_360_570_502
S,3,2440,DETECTION,src/tracking/advanced_tracker.py:_activate_slot,2440_382_638_630_811
S,4,2440,DETECTION,src/tracking/advanced_tracker.py:_activate_slot,2440_156_838_397_922
S,5,2440,PREDICTION,src/tracking/advanced_tracker.py:kalman_homography,
S,6,2440,PREDICTION,src/tracking/advanced_tracker.py:kalman_homography,
S,7,2440,PREDICTION,src/tracking/advanced_tracker.py:kalman_homography,
S,9,2440,PREDICTION,src/tracking/advanced_tracker.py:kalman_homography,
D,1,2440
S,3,2440,PREDICTION,src/tracking/advanced_tracker.py:id_merge,
L,0,2440,DETECTION,src/tracking/advanced_tracker.py:_activate_slot,2440_150_524_371_626
R,CLAMP,CLAMP,0
L,2,2440,DETECTION,src/tracking/advanced_tracker.py:_activate_slot,2440_325_360_570_502
R,DETECTION,DETECTION,1
L,3,2440,PREDICTION,src/tracking/advanced_tracker.py:id_merge,
R,PREDICTION,PREDICTION,1
L,4,2440,DETECTION,src/tracking/advanced_tracker.py:_activate_slot,2440_156_838_397_922
R,CLAMP,CLAMP,0
L,5,2440,PREDICTION,src/tracking/advanced_tracker.py:kalman_homography,
R,CLAMP,CLAMP,0
L,6,2440,PREDICTION,src/tracking/advanced_tracker.py:kalman_homography,
R,CLAMP,CLAMP,0
L,7,2440,PREDICTION,src/tracking/advanced_tracker.py:kalman_homography,
R,CLAMP,CLAMP,0
L,9,2440,PREDICTION,src/tracking/advanced_tracker.py:kalman_homography,
R,CLAMP,CLAMP,0
A,2440
S,0,2443,DETECTION,src/tracking/advanced_tracker.py:_activate_slot,2443_148_510_375_659
S,1,2443,DETECTION,src/tracking/advanced_tracker.py:_activate_slot,2443_330_896_570_1025
S,2,2443,DETECTION,src/tracking/advanced_tracker.py:_activate_slot,2443_326_385_571_535
S,3,2443,DETECTION,src/tracking/advanced_tracker.py:_activate_slot,2443_164_1422_383_1535
S,4,2443,DETECTION,src/tracking/advanced_tracker.py:_activate_slot,2443_257_714_489_816
S,7,2443,DETECTION,src/tracking/advanced_tracker.py:_activate_slot,2443_274_1692_516_1800
S,8,2443,DETECTION,src/tracking/advanced_tracker.py:_activate_slot,2443_882_266_1032_413
S,5,2443,PREDICTION,src/tracking/advanced_tracker.py:kalman_homography,
S,6,2443,PREDICTION,src/tracking/advanced_tracker.py:kalman_homography,
S,9,2443,PREDICTION,src/tracking/advanced_tracker.py:flow_gapfill_batched,
D,0,2443
S,2,2443,PREDICTION,src/tracking/advanced_tracker.py:id_merge,
D,1,2443
S,4,2443,PREDICTION,src/tracking/advanced_tracker.py:id_merge,
D,6,2443
S,8,2443,PREDICTION,src/tracking/advanced_tracker.py:id_merge,
L,2,2443,PREDICTION,src/tracking/advanced_tracker.py:id_merge,
R,PREDICTION,PREDICTION,1
L,3,2443,DETECTION,src/tracking/advanced_tracker.py:_activate_slot,2443_164_1422_383_1535
R,CLAMP,CLAMP,0
L,4,2443,PREDICTION,src/tracking/advanced_tracker.py:id_merge,
R,CLAMP,CLAMP,0
L,5,2443,PREDICTION,src/tracking/advanced_tracker.py:kalman_homography,
R,CLAMP,CLAMP,0
L,7,2443,DETECTION,src/tracking/advanced_tracker.py:_activate_slot,2443_274_1692_516_1800
R,CLAMP,CLAMP,0
L,8,2443,PREDICTION,src/tracking/advanced_tracker.py:id_merge,
R,CLAMP,CLAMP,0
L,9,2443,PREDICTION,src/tracking/advanced_tracker.py:flow_gapfill_batched,
R,CLAMP,CLAMP,0
A,2443
S,0,2446,DETECTION,src/tracking/advanced_tracker.py:_activate_slot,2446_142_557_355_674
S,1,2446,DETECTION,src/tracking/advanced_tracker.py:_activate_slot,2446_329_926_571_1029
S,2,2446,DETECTION,src/tracking/advanced_tracker.py:_activate_slot,2446_326_414_571_567
S,3,2446,DETECTION,src/tracking/advanced_tracker.py:_activate_slot,2446_275_1695_521_1815
S,4,2446,DETECTION,src/tracking/advanced_tracker.py:_activate_slot,2446_259_730_487_852
S,5,2446,DETECTION,src/tracking/advanced_tracker.py:_activate_slot,2446_368_673_631_775
S,10,2446,DETECTION,src/tracking/advanced_tracker.py:_activate_slot,2446_904_1502_1035_1629
S,6,2446,PREDICTION,src/tracking/advanced_tracker.py:kalman_homography,
S,7,2446,PREDICTION,src/tracking/advanced_tracker.py:flow_gapfill_batched,
S,9,2446,PREDICTION,src/tracking/advanced_tracker.py:flow_gapfill_batched,
D,0,2446
S,4,2446,PREDICTION,src/tracking/advanced_tracker.py:id_merge,
D,1,2446
S,4,2446,PREDICTION,src/tracking/advanced_tracker.py:id_merge,
L,2,2446,DETECTION,src/tracking/advanced_tracker.py:_activate_slot,2446_326_414_571_567
R,DETECTION,DETECTION,1
L,3,2446,DETECTION,src/tracking/advanced_tracker.py:_activate_slot,2446_275_1695_521_1815
R,CLAMP,CLAMP,0
L,4,2446,PREDICTION,src/tracking/advanced_tracker.py:id_merge,
R,CLAMP,CLAMP,0
L,5,2446,DETECTION,src/tracking/advanced_tracker.py:_activate_slot,2446_368_673_631_775
R,CLAMP,CLAMP,0
L,6,2446,PREDICTION,src/tracking/advanced_tracker.py:kalman_homography,
R,CLAMP,CLAMP,0
L,7,2446,PREDICTION,src/tracking/advanced_tracker.py:flow_gapfill_batched,
R,CLAMP,CLAMP,0
L,9,2446,PREDICTION,src/tracking/advanced_tracker.py:flow_gapfill_batched,
R,CLAMP,CLAMP,0
A,2446
S,0,2449,DETECTION,src/tracking/advanced_tracker.py:_activate_slot,2449_156_564_377_709
S,1,2449,DETECTION,src/tracking/advanced_tracker.py:_activate_slot,2449_332_918_571_1023
S,2,2449,DETECTION,src/tracking/advanced_tracker.py:_activate_slot,2449_334_468_571_607
S,3,2449,DETECTION,src/tracking/advanced_tracker.py:_activate_slot,2449_465_1533_699_1659
S,4,2449,DETECTION,src/tracking/advanced_tracker.py:_activate_slot,2449_259_748_496_877
S,8,2449,DETECTION,src/tracking/advanced_tracker.py:_activate_slot,2449_879_336_1030_486
S,10,2449,DETECTION,src/tracking/advanced_tracker.py:_activate_slot,2449_913_1539_1035_1659
S,5,2449,PREDICTION,src/tracking/advanced_tracker.py:kalman_homography,
S,6,2449,PREDICTION,src/tracking/advanced_tracker.py:kalman_homography,
S,7,2449,PREDICTION,src/tracking/advanced_tracker.py:flow_gapfill_batched,
S,9,2449,PREDICTION,src/tracking/advanced_tracker.py:flow_gapfill_batched,
D,0,2449
S,2,2449,PREDICTION,src/tracking/advanced_tracker.py:id_merge,
D,1,2449
S,4,2449,PREDICTION,src/tracking/advanced_tracker.py:id_merge,
D,6,2449
S,8,2449,PREDICTION,src/tracking/advanced_tracker.py:id_merge,
L,2,2449,PREDICTION,src/tracking/advanced_tracker.py:id_merge,
R,PREDICTION,PREDICTION,1
L,3,2449,DETECTION,src/tracking/advanced_tracker.py:_activate_slot,2449_465_1533_699_1659
R,CLAMP,CLAMP,0
L,4,2449,PREDICTION,src/tracking/advanced_tracker.py:id_merge,
R,CLAMP,CLAMP,0
L,5,2449,PREDICTION,src/tracking/advanced_tracker.py:kalman_homography,
R,CLAMP,CLAMP,0
L,7,2449,PREDICTION,src/tracking/advanced_tracker.py:flow_gapfill_batched,
R,CLAMP,CLAMP,0
L,8,2449,PREDICTION,src/tracking/advanced_tracker.py:id_merge,
R,CLAMP,CLAMP,0
L,9,2449,PREDICTION,src/tracking/advanced_tracker.py:flow_gapfill_batched,
R,CLAMP,CLAMP,0
A,2449
S,0,2452,DETECTION,src/tracking/advanced_tracker.py:_activate_slot,2452_154_594_377_688
S,1,2452,DETECTION,src/tracking/advanced_tracker.py:_activate_slot,2452_338_927_577_1067
S,2,2452,DETECTION,src/tracking/advanced_tracker.py:_activate_slot,2452_337_495_574_652
S,3,2452,DETECTION,src/tracking/advanced_tracker.py:_activate_slot,2452_280_1683_534_1854
S,4,2452,DETECTION,src/tracking/advanced_tracker.py:_activate_slot,2452_263_778_497_868
S,5,2452,DETECTION,src/tracking/advanced_tracker.py:_activate_slot,2452_151_1417_384_1554
S,8,2452,DETECTION,src/tracking/advanced_tracker.py:_activate_slot,2452_874_373_1030_525
S,10,2452,DETECTION,src/tracking/advanced_tracker.py:_activate_slot,2452_913_1579_1035_1711
S,6,2452,PREDICTION,src/tracking/advanced_tracker.py:kalman_homography,
S,7,2452,PREDICTION,src/tracking/advanced_tracker.py:flow_gapfill_batched,
S,9,2452,PREDICTION,src/tracking/advanced_tracker.py:flow_gapfill_batched,
D,0,2452
S,2,2452,PREDICTION,src/tracking/advanced_tracker.py:id_merge,
D,1,2452
S,4,2452,PREDICTION,src/tracking/advanced_tracker.py:id_merge,
D,6,2452
S,8,2452,PREDICTION,src/tracking/advanced_tracker.py:id_merge,
L,2,2452,PREDICTION,src/tracking/advanced_tracker.py:id_merge,
R,PREDICTION,PREDICTION,1
L,3,2452,DETECTION,src/tracking/advanced_tracker.py:_activate_slot,2452_280_1683_534_1854
R,CLAMP,CLAMP,0
L,4,2452,PREDICTION,src/tracking/advanced_tracker.py:id_merge,
R,CLAMP,CLAMP,0
L,5,2452,DETECTION,src/tracking/advanced_tracker.py:_activate_slot,2452_151_1417_384_1554
R,CLAMP,CLAMP,0
L,7,2452,PREDICTION,src/tracking/advanced_tracker.py:flow_gapfill_batched,
R,CLAMP,CLAMP,0
L,8,2452,PREDICTION,src/tracking/advanced_tracker.py:id_merge,
R,CLAMP,CLAMP,0
L,9,2452,PREDICTION,src/tracking/advanced_tracker.py:flow_gapfill_batched,
R,CLAMP,CLAMP,0
A,2452
S,0,2455,DETECTION,src/tracking/advanced_tracker.py:_activate_slot,2455_162_589_380_696
S,1,2455,DETECTION,src/tracking/advanced_tracker.py:_activate_slot,2455_347_954_578_1102
S,2,2455,DETECTION,src/tracking/advanced_tracker.py:_activate_slot,2455_344_531_576_687
S,3,2455,DETECTION,src/tracking/advanced_tracker.py:_activate_slot,2455_288_1687_535_1858
S,4,2455,DETECTION,src/tracking/advanced_tracker.py:_activate_slot,2455_266_804_502_894
S,5,2455,DETECTION,src/tracking/advanced_tracker.py:_activate_slot,2455_901_1284_1030_1398
S,6,2455,DETECTION,src/tracking/advanced_tracker.py:_activate_slot,2455_916_1527_1032_1635
S,8,2455,DETECTION,src/tracking/advanced_tracker.py:_activate_slot,2455_877_408_1030_558
S,7,2455,PREDICTION,src/tracking/advanced_tracker.py:flow_gapfill_batched,
S,9,2455,PREDICTION,src/tracking/advanced_tracker.py:flow_gapfill_batched,
D,0,2455
S,2,2455,PREDICTION,src/tracking/advanced_tracker.py:id_merge,
D,1,2455
S,4,2455,PREDICTION,src/tracking/advanced_tracker.py:id_merge,
L,2,2455,PREDICTION,src/tracking/advanced_tracker.py:id_merge,
R,PREDICTION,PREDICTION,1
L,3,2455,DETECTION,src/tracking/advanced_tracker.py:_activate_slot,2455_288_1687_535_1858
R,CLAMP,CLAMP,0
L,4,2455,PREDICTION,src/tracking/advanced_tracker.py:id_merge,
R,CLAMP,CLAMP,0
L,5,2455,DETECTION,src/tracking/advanced_tracker.py:_activate_slot,2455_901_1284_1030_1398
R,CLAMP,CLAMP,0
L,6,2455,DETECTION,src/tracking/advanced_tracker.py:_activate_slot,2455_916_1527_1032_1635
R,CLAMP,CLAMP,0
L,7,2455,PREDICTION,src/tracking/advanced_tracker.py:flow_gapfill_batched,
R,CLAMP,CLAMP,0
L,8,2455,DETECTION,src/tracking/advanced_tracker.py:_activate_slot,2455_877_408_1030_558
R,CLAMP,CLAMP,0
L,9,2455,PREDICTION,src/tracking/advanced_tracker.py:flow_gapfill_batched,
R,CLAMP,CLAMP,0
A,2455
S,0,2458,DETECTION,src/tracking/advanced_tracker.py:_activate_slot,2458_169_586_387_715
S,1,2458,DETECTION,src/tracking/advanced_tracker.py:_activate_slot,2458_348_984_582_1125
S,2,2458,DETECTION,src/tracking/advanced_tracker.py:_activate_slot,2458_342_564_579_714
S,3,2458,DETECTION,src/tracking/advanced_tracker.py:_activate_slot,2458_292_1707_534_1827
S,4,2458,DETECTION,src/tracking/advanced_tracker.py:_activate_slot,2458_266_811_506_922
S,8,2458,DETECTION,src/tracking/advanced_tracker.py:_activate_slot,2458_483_1602_709_1692
S,7,2458,PREDICTION,src/tracking/advanced_tracker.py:flow_gapfill_batched,
S,9,2458,PREDICTION,src/tracking/advanced_tracker.py:flow_gapfill_batched,
S,10,2458,PREDICTION,src/tracking/advanced_tracker.py:flow_gapfill_batched,
D,0,2458
S,2,2458,PREDICTION,src/tracking/advanced_tracker.py:id_merge,
D,1,2458
S,4,2458,PREDICTION,src/tracking/advanced_tracker.py:id_merge,
D,7,2458
S,8,2458,PREDICTION,src/tracking/advanced_tracker.py:id_merge,
L,2,2458,PREDICTION,src/tracking/advanced_tracker.py:id_merge,
R,PREDICTION,PREDICTION,1
L,3,2458,DETECTION,src/tracking/advanced_tracker.py:_activate_slot,2458_292_1707_534_1827
R,CLAMP,CLAMP,0
L,4,2458,PREDICTION,src/tracking/advanced_tracker.py:id_merge,
R,CLAMP,CLAMP,0
L,8,2458,PREDICTION,src/tracking/advanced_tracker.py:id_merge,
R,CLAMP,CLAMP,0
L,9,2458,PREDICTION,src/tracking/advanced_tracker.py:flow_gapfill_batched,
R,CLAMP,CLAMP,0
A,2458
S,0,2461,DETECTION,src/tracking/advanced_tracker.py:_activate_slot,2461_168_599_387_737
S,1,2461,DETECTION,src/tracking/advanced_tracker.py:_activate_slot,2461_346_1011_582_1110
S,2,2461,DETECTION,src/tracking/advanced_tracker.py:_activate_slot,2461_344_589_579_733
S,3,2461,DETECTION,src/tracking/advanced_tracker.py:_activate_slot,2461_290_1704_544_1836
S,4,2461,DETECTION,src/tracking/advanced_tracker.py:_activate_slot,2461_271_817_508_949
S,5,2461,DETECTION,src/tracking/advanced_tracker.py:_activate_slot,2461_909_1346_1035_1460
S,6,2461,DETECTION,src/tracking/advanced_tracker.py:_activate_slot,2461_153_1539_365_1653
S,8,2461,DETECTION,src/tracking/advanced_tracker.py:_activate_slot,2461_165_1480_379_1606
S,7,2461,PREDICTION,src/tracking/advanced_tracker.py:flow_gapfill_batched,
S,10,2461,PREDICTION,src/tracking/advanced_tracker.py:flow_gapfill_batched,
D,0,2461
S,2,2461,PREDICTION,src/tracking/advanced_tracker.py:id_merge,
D,1,2461
S,4,2461,PREDICTION,src/tracking/advanced_tracker.py:id_merge,
D,2,2461
S,4,2461,PREDICTION,src/tracking/advanced_tracker.py:id_merge,
D,6,2461
S,8,2461,PREDICTION,src/tracking/advanced_tracker.py:id_merge,
L,3,2461,DETECTION,src/tracking/advanced_tracker.py:_activate_slot,2461_290_1704_544_1836
R,CLAMP,CLAMP,0
L,4,2461,PREDICTION,src/tracking/advanced_tracker.py:id_merge,
R,CLAMP,CLAMP,0
L,5,2461,DETECTION,src/tracking/advanced_tracker.py:_activate_slot,2461_909_1346_1035_1460
R,CLAMP,CLAMP,0
L,7,2461,PREDICTION,src/tracking/advanced_tracker.py:flow_gapfill_batched,
R,CLAMP,CLAMP,0
L,8,2461,PREDICTION,src/tracking/advanced_tracker.py:id_merge,
R,CLAMP,CLAMP,0
A,2461
S,0,2464,DETECTION,src/tracking/advanced_tracker.py:_activate_slot,2464_192_603_391_764
S,1,2464,DETECTION,src/tracking/advanced_tracker.py:_activate_slot,2464_352_1023_582_1110
S,2,2464,DETECTION,src/tracking/advanced_tracker.py:_activate_slot,2464_346_616_580_743
S,3,2464,DETECTION,src/tracking/advanced_tracker.py:_activate_slot,2464_291_1689_520_1839
S,4,2464,DETECTION,src/tracking/advanced_tracker.py:_activate_slot,2464_274_843_508_975
S,5,2464,DETECTION,src/tracking/advanced_tracker.py:_activate_slot,2464_852_1839_1034_1935
S,9,2464,DETECTION,src/tracking/advanced_tracker.py:_activate_slot,2464_167_1481_387_1590
S,6,2464,PREDICTION,src/tracking/advanced_tracker.py:kalman_homography,
S,7,2464,PREDICTION,src/tracking/advanced_tracker.py:flow_gapfill_batched,
S,8,2464,PREDICTION,src/tracking/advanced_tracker.py:flow_gapfill_batched,
S,10,2464,PREDICTION,src/tracking/advanced_tracker.py:flow_gapfill_batched,
D,0,2464
S,2,2464,PREDICTION,src/tracking/advanced_tracker.py:id_merge,
D,1,2464
S,4,2464,PREDICTION,src/tracking/advanced_tracker.py:id_merge,
D,8,2464
S,9,2464,PREDICTION,src/tracking/advanced_tracker.py:id_merge,
L,2,2464,PREDICTION,src/tracking/advanced_tracker.py:id_merge,
R,PREDICTION,PREDICTION,1
L,3,2464,DETECTION,src/tracking/advanced_tracker.py:_activate_slot,2464_291_1689_520_1839
R,CLAMP,CLAMP,0
L,4,2464,PREDICTION,src/tracking/advanced_tracker.py:id_merge,
R,CLAMP,CLAMP,0
L,5,2464,DETECTION,src/tracking/advanced_tracker.py:_activate_slot,2464_852_1839_1034_1935
R,CLAMP,CLAMP,0
L,6,2464,PREDICTION,src/tracking/advanced_tracker.py:kalman_homography,
R,CLAMP,CLAMP,0
L,7,2464,PREDICTION,src/tracking/advanced_tracker.py:flow_gapfill_batched,
R,CLAMP,CLAMP,0
L,9,2464,PREDICTION,src/tracking/advanced_tracker.py:id_merge,
R,CLAMP,CLAMP,0
A,2464
S,0,2467,DETECTION,src/tracking/advanced_tracker.py:_activate_slot,2467_187_645_397_749
S,1,2467,DETECTION,src/tracking/advanced_tracker.py:_activate_slot,2467_349_1009_586_1123
S,2,2467,DETECTION,src/tracking/advanced_tracker.py:_activate_slot,2467_345_642_583_745
S,3,2467,DETECTION,src/tracking/advanced_tracker.py:_activate_slot,2467_299_1680_527_1830
S,4,2467,DETECTION,src/tracking/advanced_tracker.py:_activate_slot,2467_274_865_513_985
S,5,2467,DETECTION,src/tracking/advanced_tracker.py:_activate_slot,2467_918_1396_1035_1510
S,6,2467,DETECTION,src/tracking/advanced_tracker.py:_activate_slot,2467_189_607_381_688
S,9,2467,DETECTION,src/tracking/advanced_tracker.py:_activate_slot,2467_163_1591_296_1726
S,8,2467,PREDICTION,src/tracking/advanced_tracker.py:flow_gapfill_batched,
S,10,2467,PREDICTION,src/tracking/advanced_tracker.py:flow_gapfill_batched,
D,0,2467
S,2,2467,PREDICTION,src/tracking/advanced_tracker.py:id_merge,
D,1,2467
S,4,2467,PREDICTION,src/tracking/advanced_tracker.py:id_merge,
D,8,2467
S,9,2467,PREDICTION,src/tracking/advanced_tracker.py:id_merge,
L,2,2467,PREDICTION,src/tracking/advanced_tracker.py:id_merge,
R,PREDICTION,PREDICTION,1
L,3,2467,DETECTION,src/tracking/advanced_tracker.py:_activate_slot,2467_299_1680_527_1830
R,CLAMP,CLAMP,0
L,4,2467,PREDICTION,src/tracking/advanced_tracker.py:id_merge,
R,CLAMP,CLAMP,0
L,5,2467,DETECTION,src/tracking/advanced_tracker.py:_activate_slot,2467_918_1396_1035_1510
R,CLAMP,CLAMP,0
L,6,2467,DETECTION,src/tracking/advanced_tracker.py:_activate_slot,2467_189_607_381_688
R,CLAMP,CLAMP,0
L,9,2467,PREDICTION,src/tracking/advanced_tracker.py:id_merge,
R,CLAMP,CLAMP,0
A,2467
S,0,2470,DETECTION,src/tracking/advanced_tracker.py:_activate_slot,2470_184_654_390_750
S,1,2470,DETECTION,src/tracking/advanced_tracker.py:_activate_slot,2470_361_1014_590_1155
S,2,2470,DETECTION,src/tracking/advanced_tracker.py:_activate_slot,2470_343_660_573_750
S,3,2470,DETECTION,src/tracking/advanced_tracker.py:_activate_slot,2470_302_1671_522_1779
S,4,2470,DETECTION,src/tracking/advanced_tracker.py:_activate_slot,2470_276_890_512_995
S,5,2470,DETECTION,src/tracking/advanced_tracker.py:_activate_slot,2470_922_1414_1033_1531
S,6,2470,DETECTION,src/tracking/advanced_tracker.py:_activate_slot,2470_162_1474_392_1606
S,8,2470,DETECTION,src/tracking/advanced_tracker.py:_activate_slot,2470_514_1596_736_1698
S,9,2470,PREDICTION,src/tracking/advanced_tracker.py:kalman_homography,
S,10,2470,PREDICTION,src/tracking/advanced_tracker.py:flow_gapfill_batched,
D,0,2470
S,2,2470,PREDICTION,src/tracking/advanced_tracker.py:id_merge,
D,1,2470
S,4,2470,PREDICTION,src/tracking/advanced_tracker.py:id_merge,
L,2,2470,PREDICTION,src/tracking/advanced_tracker.py:id_merge,
R,PREDICTION,PREDICTION,1
L,3,2470,DETECTION,src/tracking/advanced_tracker.py:_activate_slot,2470_302_1671_522_1779
R,CLAMP,CLAMP,0
L,4,2470,PREDICTION,src/tracking/advanced_tracker.py:id_merge,
R,CLAMP,CLAMP,0
L,5,2470,DETECTION,src/tracking/advanced_tracker.py:_activate_slot,2470_922_1414_1033_1531
R,CLAMP,CLAMP,0
L,6,2470,DETECTION,src/tracking/advanced_tracker.py:_activate_slot,2470_162_1474_392_1606
R,CLAMP,CLAMP,0
L,8,2470,DETECTION,src/tracking/advanced_tracker.py:_activate_slot,2470_514_1596_736_1698
R,CLAMP,CLAMP,0
L,9,2470,PREDICTION,src/tracking/advanced_tracker.py:kalman_homography,
R,CLAMP,CLAMP,0
A,2470
S,0,2473,DETECTION,src/tracking/advanced_tracker.py:_activate_slot,2473_196_657_398_755
S,1,2473,DETECTION,src/tracking/advanced_tracker.py:_activate_slot,2473_355_1033_591_1174
S,2,2473,DETECTION,src/tracking/advanced_tracker.py:_activate_slot,2473_370_686_651_854
S,3,2473,DETECTION,src/tracking/advanced_tracker.py:_activate_slot,2473_297_1648_519_1774
S,4,2473,DETECTION,src/tracking/advanced_tracker.py:_activate_slot,2473_279_907_510_1015
S,5,2473,DETECTION,src/tracking/advanced_tracker.py:_activate_slot,2473_925_1441_1035_1555
S,6,2473,DETECTION,src/tracking/advanced_tracker.py:_activate_slot,2473_167_1496_384_1605
S,7,2473,DETECTION,src/tracking/advanced_tracker.py:_activate_slot,2473_512_1605_734_1695
S,8,2473,DETECTION,src/tracking/advanced_tracker.py:_activate_slot,2473_841_1821_1035_1935
S,9,2473,DETECTION,src/tracking/advanced_tracker.py:_activate_slot,2473_167_1497_355_1584
D,1,2473
S,4,2473,PREDICTION,src/tracking/advanced_tracker.py:id_merge,
D,2,2473
S,4,2473,PREDICTION,src/tracking/advanced_tracker.py:id_merge,
D,6,2473
S,9,2473,PREDICTION,src/tracking/advanced_tracker.py:id_merge,
L,0,2473,DETECTION,src/tracking/advanced_tracker.py:_activate_slot,2473_196_657_398_755
R,CLAMP,CLAMP,0
L,3,2473,DETECTION,src/tracking/advanced_tracker.py:_activate_slot,2473_297_1648_519_1774
R,CLAMP,CLAMP,0
L,4,2473,PREDICTION,src/tracking/advanced_tracker.py:id_merge,
R,CLAMP,CLAMP,0
L,5,2473,DETECTION,src/tracking/advanced_tracker.py:_activate_slot,2473_925_1441_1035_1555
R,CLAMP,CLAMP,0
L,7,2473,DETECTION,src/tracking/advanced_tracker.py:_activate_slot,2473_512_1605_734_1695
R,CLAMP,CLAMP,0
L,8,2473,DETECTION,src/tracking/advanced_tracker.py:_activate_slot,2473_841_1821_1035_1935
R,CLAMP,CLAMP,0
L,9,2473,PREDICTION,src/tracking/advanced_tracker.py:id_merge,
R,CLAMP,CLAMP,0
A,2473
S,0,2476,DETECTION,src/tracking/advanced_tracker.py:_activate_slot,2476_208_651_403_758
S,1,2476,DETECTION,src/tracking/advanced_tracker.py:_activate_slot,2476_358_1053_588_1167
S,2,2476,DETECTION,src/tracking/advanced_tracker.py:_activate_slot,2476_394_706_646_838
S,3,2476,DETECTION,src/tracking/advanced_tracker.py:_activate_slot,2476_287_1647_518_1785
S,4,2476,DETECTION,src/tracking/advanced_tracker.py:_activate_slot,2476_281_927_507_1036
S,5,2476,DETECTION,src/tracking/advanced_tracker.py:_activate_slot,2476_928_1464_1035_1578
S,8,2476,DETECTION,src/tracking/advanced_tracker.py:_activate_slot,2476_846_1839_1035_1935
S,9,2476,DETECTION,src/tracking/advanced_tracker.py:_activate_slot,2476_167_1504_382_1585
S,6,2476,PREDICTION,src/tracking/advanced_tracker.py:kalman_homography,
S,7,2476,PREDICTION,src/tracking/advanced_tracker.py:kalman_homography,
S,10,2476,PREDICTION,src/tracking/advanced_tracker.py:flow_gapfill_batched,
D,1,2476
S,4,2476,PREDICTION,src/tracking/advanced_tracker.py:id_merge,
D,6,2476
S,9,2476,PREDICTION,src/tracking/advanced_tracker.py:id_merge,
L,0,2476,DETECTION,src/tracking/advanced_tracker.py:_activate_slot,2476_208_651_403_758
R,CLAMP,CLAMP,0
L,2,2476,DETECTION,src/tracking/advanced_tracker.py:_activate_slot,2476_394_706_646_838
R,DETECTION,DETECTION,1
L,3,2476,DETECTION,src/tracking/advanced_tracker.py:_activate_slot,2476_287_1647_518_1785
R,CLAMP,CLAMP,0
L,4,2476,PREDICTION,src/tracking/advanced_tracker.py:id_merge,
R,CLAMP,CLAMP,0
L,5,2476,DETECTION,src/tracking/advanced_tracker.py:_activate_slot,2476_928_1464_1035_1578
R,CLAMP,CLAMP,0
L,7,2476,PREDICTION,src/tracking/advanced_tracker.py:kalman_homography,
R,CLAMP,CLAMP,0
L,8,2476,DETECTION,src/tracking/advanced_tracker.py:_activate_slot,2476_846_1839_1035_1935
R,CLAMP,CLAMP,0
L,9,2476,PREDICTION,src/tracking/advanced_tracker.py:id_merge,
R,CLAMP,CLAMP,0
A,2476
S,0,2479,DETECTION,src/tracking/advanced_tracker.py:_activate_slot,2479_201_636_414_776
S,1,2479,DETECTION,src/tracking/advanced_tracker.py:_activate_slot,2479_357_1071_586_1164
S,2,2479,DETECTION,src/tracking/advanced_tracker.py:_activate_slot,2479_350_678_645_810
S,3,2479,DETECTION,src/tracking/advanced_tracker.py:_activate_slot,2479_303_1635_513_1749
S,4,2479,DETECTION,src/tracking/advanced_tracker.py:_activate_slot,2479_287_942_511_1055
S,5,2479,DETECTION,src/tracking/advanced_tracker.py:_activate_slot,2479_204_591_388_678
S,6,2479,DETECTION,src/tracking/advanced_tracker.py:_activate_slot,2479_376_725_648_809
S,9,2479,DETECTION,src/tracking/advanced_tracker.py:_activate_slot,2479_162_1502_383_1593
S,7,2479,PREDICTION,src/tracking/advanced_tracker.py:kalman_homography,
S,8,2479,PREDICTION,src/tracking/advanced_tracker.py:flow_gapfill_batched,
D,0,2479
S,2,2479,PREDICTION,src/tracking/advanced_tracker.py:id_merge,
D,1,2479
S,4,2479,PREDICTION,src/tracking/advanced_tracker.py:id_merge,
L,2,2479,PREDICTION,src/tracking/advanced_tracker.py:id_merge,
R,PREDICTION,PREDICTION,1
L,3,2479,DETECTION,src/tracking/advanced_tracker.py:_activate_slot,2479_303_1635_513_1749
R,CLAMP,CLAMP,0
L,4,2479,PREDICTION,src/tracking/advanced_tracker.py:id_merge,
R,CLAMP,CLAMP,0
L,5,2479,DETECTION,src/tracking/advanced_tracker.py:_activate_slot,2479_204_591_388_678
R,CLAMP,CLAMP,0
L,6,2479,DETECTION,src/tracking/advanced_tracker.py:_activate_slot,2479_376_725_648_809
R,CLAMP,CLAMP,0
L,7,2479,PREDICTION,src/tracking/advanced_tracker.py:kalman_homography,
R,CLAMP,CLAMP,0
L,8,2479,PREDICTION,src/tracking/advanced_tracker.py:flow_gapfill_batched,
R,CLAMP,CLAMP,0
L,9,2479,DETECTION,src/tracking/advanced_tracker.py:_activate_slot,2479_162_1502_383_1593
R,CLAMP,CLAMP,0
A,2479
S,0,2482,DETECTION,src/tracking/advanced_tracker.py:_activate_slot,2482_213_659_413_779
S,1,2482,DETECTION,src/tracking/advanced_tracker.py:_activate_slot,2482_351_1050_599_1164
S,2,2482,DETECTION,src/tracking/advanced_tracker.py:_activate_slot,2482_349_693_642_818
S,3,2482,DETECTION,src/tracking/advanced_tracker.py:_activate_slot,2482_310_1608_528_1728
S,4,2482,DETECTION,src/tracking/advanced_tracker.py:_activate_slot,2482_289_960_514_1077
S,5,2482,PREDICTION,src/tracking/advanced_tracker.py:kalman_homography,
S,6,2482,PREDICTION,src/tracking/advanced_tracker.py:kalman_homography,
S,7,2482,PREDICTION,src/tracking/advanced_tracker.py:kalman_homography,
S,9,2482,PREDICTION,src/tracking/advanced_tracker.py:kalman_homography,
D,0,2482
S,2,2482,PREDICTION,src/tracking/advanced_tracker.py:id_merge,
D,1,2482
S,4,2482,PREDICTION,src/tracking/advanced_tracker.py:id_merge,
L,2,2482,PREDICTION,src/tracking/advanced_tracker.py:id_merge,
R,PREDICTION,PREDICTION,1
L,3,2482,DETECTION,src/tracking/advanced_tracker.py:_activate_slot,2482_310_1608_528_1728
R,CLAMP,CLAMP,0
L,4,2482,PREDICTION,src/tracking/advanced_tracker.py:id_merge,
R,CLAMP,CLAMP,0
L,5,2482,PREDICTION,src/tracking/advanced_tracker.py:kalman_homography,
R,CLAMP,CLAMP,0
L,6,2482,PREDICTION,src/tracking/advanced_tracker.py:kalman_homography,
R,CLAMP,CLAMP,0
L,7,2482,PREDICTION,src/tracking/advanced_tracker.py:kalman_homography,
R,CLAMP,CLAMP,0
L,9,2482,PREDICTION,src/tracking/advanced_tracker.py:kalman_homography,
R,CLAMP,CLAMP,0
A,2482
S,0,2485,DETECTION,src/tracking/advanced_tracker.py:_activate_slot,2485_204_660_411_749
S,1,2485,DETECTION,src/tracking/advanced_tracker.py:_activate_slot,2485_361_1030_604_1180
S,2,2485,DETECTION,src/tracking/advanced_tracker.py:_activate_slot,2485_337_669_640_834
S,3,2485,DETECTION,src/tracking/advanced_tracker.py:_activate_slot,2485_298_1611_514_1713
S,4,2485,DETECTION,src/tracking/advanced_tracker.py:_activate_slot,2485_287_976_513_1099
S,6,2485,DETECTION,src/tracking/advanced_tracker.py:_activate_slot,2485_513_1584_732_1674
S,8,2485,DETECTION,src/tracking/advanced_tracker.py:_activate_slot,2485_940_1527_1035_1644
S,9,2485,DETECTION,src/tracking/advanced_tracker.py:_activate_slot,2485_167_1498_374_1606
S,7,2485,PREDICTION,src/tracking/advanced_tracker.py:kalman_homography,
S,5,2485,PREDICTION,src/tracking/advanced_tracker.py:flow_gapfill_batched,
D,0,2485
S,2,2485,PREDICTION,src/tracking/advanced_tracker.py:id_merge,
D,1,2485
S,4,2485,PREDICTION,src/tracking/advanced_tracker.py:id_merge,
L,2,2485,PREDICTION,src/tracking/advanced_tracker.py:id_merge,
R,PREDICTION,PREDICTION,1
L,3,2485,DETECTION,src/tracking/advanced_tracker.py:_activate_slot,2485_298_1611_514_1713
R,CLAMP,CLAMP,0
L,4,2485,PREDICTION,src/tracking/advanced_tracker.py:id_merge,
R,CLAMP,CLAMP,0
L,5,2485,PREDICTION,src/tracking/advanced_tracker.py:flow_gapfill_batched,
R,CLAMP,CLAMP,0
L,6,2485,DETECTION,src/tracking/advanced_tracker.py:_activate_slot,2485_513_1584_732_1674
R,CLAMP,CLAMP,0
L,7,2485,PREDICTION,src/tracking/advanced_tracker.py:kalman_homography,
R,CLAMP,CLAMP,0
L,8,2485,DETECTION,src/tracking/advanced_tracker.py:_activate_slot,2485_940_1527_1035_1644
R,CLAMP,CLAMP,0
L,9,2485,DETECTION,src/tracking/advanced_tracker.py:_activate_slot,2485_167_1498_374_1606
R,CLAMP,CLAMP,0
A,2485
S,0,2488,DETECTION,src/tracking/advanced_tracker.py:_activate_slot,2488_204_655_409_745
S,1,2488,DETECTION,src/tracking/advanced_tracker.py:_activate_slot,2488_363_1044_595_1191
S,2,2488,DETECTION,src/tracking/advanced_tracker.py:_activate_slot,2488_328_667_640_841
S,3,2488,DETECTION,src/tracking/advanced_tracker.py:_activate_slot,2488_291_1594_513_1705
S,4,2488,DETECTION,src/tracking/advanced_tracker.py:_activate_slot,2488_285_993_513_1101
S,7,2488,DETECTION,src/tracking/advanced_tracker.py:_activate_slot,2488_512_1575_746_1671
S,9,2488,DETECTION,src/tracking/advanced_tracker.py:_activate_slot,2488_162_1509_382_1608
S,6,2488,PREDICTION,src/tracking/advanced_tracker.py:kalman_homography,
S,5,2488,PREDICTION,src/tracking/advanced_tracker.py:flow_gapfill_batched,
S,8,2488,PREDICTION,src/tracking/advanced_tracker.py:flow_gapfill_batched,
D,0,2488
S,2,2488,PREDICTION,src/tracking/advanced_tracker.py:id_merge,
D,1,2488
S,4,2488,PREDICTION,src/tracking/advanced_tracker.py:id_merge,
D,6,2488
S,7,2488,PREDICTION,src/tracking/advanced_tracker.py:id_merge,
L,2,2488,PREDICTION,src/tracking/advanced_tracker.py:id_merge,
R,PREDICTION,PREDICTION,1
L,3,2488,DETECTION,src/tracking/advanced_tracker.py:_activate_slot,2488_291_1594_513_1705
R,CLAMP,CLAMP,0
L,4,2488,PREDICTION,src/tracking/advanced_tracker.py:id_merge,
R,CLAMP,CLAMP,0
L,5,2488,PREDICTION,src/tracking/advanced_tracker.py:flow_gapfill_batched,
R,CLAMP,CLAMP,0
L,7,2488,PREDICTION,src/tracking/advanced_tracker.py:id_merge,
R,CLAMP,CLAMP,0
L,8,2488,PREDICTION,src/tracking/advanced_tracker.py:flow_gapfill_batched,
R,CLAMP,CLAMP,0
L,9,2488,DETECTION,src/tracking/advanced_tracker.py:_activate_slot,2488_162_1509_382_1608
R,CLAMP,CLAMP,0
A,2488
S,0,2491,DETECTION,src/tracking/advanced_tracker.py:_activate_slot,2491_216_638_415_756
S,1,2491,DETECTION,src/tracking/advanced_tracker.py:_activate_slot,2491_360_1055_598_1194
S,2,2491,DETECTION,src/tracking/advanced_tracker.py:_activate_slot,2491_330_677_639_827
S,3,2491,DETECTION,src/tracking/advanced_tracker.py:_activate_slot,2491_291_1566_515_1689
S,4,2491,DETECTION,src/tracking/advanced_tracker.py:_activate_slot,2491_285_1006_515_1117
S,5,2491,DETECTION,src/tracking/advanced_tracker.py:_activate_slot,2491_89_613_219_698
S,6,2491,DETECTION,src/tracking/advanced_tracker.py:_activate_slot,2491_160_1509_376_1605
S,8,2491,DETECTION,src/tracking/advanced_tracker.py:_activate_slot,2491_855_1615_1033_1753
S,10,2491,DETECTION,src/tracking/advanced_tracker.py:_activate_slot,2491_887_1329_1034_1446
S,7,2491,PREDICTION,src/tracking/advanced_tracker.py:kalman_homography,
S,9,2491,PREDICTION,src/tracking/advanced_tracker.py:kalman_homography,
D,0,2491
S,2,2491,PREDICTION,src/tracking/advanced_tracker.py:id_merge,
D,1,2491
S,4,2491,PREDICTION,src/tracking/advanced_tracker.py:id_merge,
D,9,2491
S,6,2491,PREDICTION,src/tracking/advanced_tracker.py:id_merge,
L,2,2491,PREDICTION,src/tracking/advanced_tracker.py:id_merge,
R,PREDICTION,PREDICTION,1
L,3,2491,DETECTION,src/tracking/advanced_tracker.py:_activate_slot,2491_291_1566_515_1689
R,CLAMP,CLAMP,0
L,4,2491,PREDICTION,src/tracking/advanced_tracker.py:id_merge,
R,CLAMP,CLAMP,0
L,5,2491,DETECTION,src/tracking/advanced_tracker.py:_activate_slot,2491_89_613_219_698
R,CLAMP,CLAMP,0
L,6,2491,PREDICTION,src/tracking/advanced_tracker.py:id_merge,
R,CLAMP,CLAMP,0
L,7,2491,PREDICTION,src/tracking/advanced_tracker.py:kalman_homography,
R,CLAMP,CLAMP,0
L,8,2491,DETECTION,src/tracking/advanced_tracker.py:_activate_slot,2491_855_1615_1033_1753
R,CLAMP,CLAMP,0
A,2491
S,0,2494,DETECTION,src/tracking/advanced_tracker.py:_activate_slot,2494_220_637_416_736
S,1,2494,DETECTION,src/tracking/advanced_tracker.py:_activate_slot,2494_363_1071_597_1167
S,2,2494,DETECTION,src/tracking/advanced_tracker.py:_activate_slot,2494_332_691_638_799
S,3,2494,DETECTION,src/tracking/advanced_tracker.py:_activate_slot,2494_284_1567_522_1666
S,4,2494,DETECTION,src/tracking/advanced_tracker.py:_activate_slot,2494_279_1027_510_1147
S,8,2494,DETECTION,src/tracking/advanced_tracker.py:_activate_slot,2494_859_1636_1030_1768
S,10,2494,DETECTION,src/tracking/advanced_tracker.py:_activate_slot,2494_891_1344_1032_1460
S,5,2494,PREDICTION,src/tracking/advanced_tracker.py:kalman_homography,
S,6,2494,PREDICTION,src/tracking/advanced_tracker.py:kalman_homography,
S,7,2494,PREDICTION,src/tracking/advanced_tracker.py:kalman_homography,
S,9,2494,PREDICTION,src/tracking/advanced_tracker.py:kalman_homography,
D,0,2494
S,2,2494,PREDICTION,src/tracking/advanced_tracker.py:id_merge,
D,1,2494
S,4,2494,PREDICTION,src/tracking/advanced_tracker.py:id_merge,
D,9,2494
S,6,2494,PREDICTION,src/tracking/advanced_tracker.py:id_merge,
L,2,2494,PREDICTION,src/tracking/advanced_tracker.py:id_merge,
R,PREDICTION,PREDICTION,1
L,3,2494,DETECTION,src/tracking/advanced_tracker.py:_activate_slot,2494_284_1567_522_1666
R,CLAMP,CLAMP,0
L,4,2494,PREDICTION,src/tracking/advanced_tracker.py:id_merge,
R,CLAMP,CLAMP,0
L,5,2494,PREDICTION,src/tracking/advanced_tracker.py:kalman_homography,
R,CLAMP,CLAMP,0
L,6,2494,PREDICTION,src/tracking/advanced_tracker.py:id_merge,
R,CLAMP,CLAMP,0
L,7,2494,PREDICTION,src/tracking/advanced_tracker.py:kalman_homography,
R,CLAMP,CLAMP,0
L,8,2494,DETECTION,src/tracking/advanced_tracker.py:_activate_slot,2494_859_1636_1030_1768
R,CLAMP,CLAMP,0
A,2494
S,0,2497,DETECTION,src/tracking/advanced_tracker.py:_activate_slot,2497_227_632_413_729
S,1,2497,DETECTION,src/tracking/advanced_tracker.py:_activate_slot,2497_169_1143_394_1248
S,2,2497,DETECTION,src/tracking/advanced_tracker.py:_activate_slot,2497_333_687_639_799
S,3,2497,DETECTION,src/tracking/advanced_tracker.py:_activate_slot,2497_277_1551_538_1659
S,4,2497,DETECTION,src/tracking/advanced_tracker.py:_activate_slot,2497_282_1044_578_1160
S,6,2497,DETECTION,src/tracking/advanced_tracker.py:_activate_slot,2497_369_685_636_784
S,7,2497,DETECTION,src/tracking/advanced_tracker.py:_activate_slot,2497_535_1539_748_1647
S,9,2497,DETECTION,src/tracking/advanced_tracker.py:_activate_slot,2497_151_1512_363_1614
S,8,2497,DETECTION,src/tracking/advanced_tracker.py:_activate_slot,2497_858_1653_1032_1791
S,10,2497,DETECTION,src/tracking/advanced_tracker.py:_activate_slot,2497_893_1359_1032_1476
S,5,2497,PREDICTION,src/tracking/advanced_tracker.py:flow_gapfill_batched,
D,0,2497
S,2,2497,PREDICTION,src/tracking/advanced_tracker.py:id_merge,
D,1,2497
S,4,2497,PREDICTION,src/tracking/advanced_tracker.py:id_merge,
L,2,2497,PREDICTION,src/tracking/advanced_tracker.py:id_merge,
R,PREDICTION,PREDICTION,1
L,3,2497,DETECTION,src/tracking/advanced_tracker.py:_activate_slot,2497_277_1551_538_1659
R,CLAMP,CLAMP,0
L,4,2497,PREDICTION,src/tracking/advanced_tracker.py:id_merge,
R,CLAMP,CLAMP,0
L,5,2497,PREDICTION,src/tracking/advanced_tracker.py:flow_gapfill_batched,
R,CLAMP,CLAMP,0
L,6,2497,DETECTION,src/tracking/advanced_tracker.py:_activate_slot,2497_369_685_636_784
R,CLAMP,CLAMP,0
L,7,2497,DETECTION,src/tracking/advanced_tracker.py:_activate_slot,2497_535_1539_748_1647
R,CLAMP,CLAMP,0
L,8,2497,DETECTION,src/tracking/advanced_tracker.py:_activate_slot,2497_858_1653_1032_1791
R,CLAMP,CLAMP,0
L,9,2497,DETECTION,src/tracking/advanced_tracker.py:_activate_slot,2497_151_1512_363_1614
R,CLAMP,CLAMP,0
A,2497
S,0,2500,DETECTION,src/tracking/advanced_tracker.py:_activate_slot,2500_226_625_420_728
S,1,2500,DETECTION,src/tracking/advanced_tracker.py:_activate_slot,2500_166_1159_388_1258
S,2,2500,DETECTION,src/tracking/advanced_tracker.py:_activate_slot,2500_333_649_642_802
S,3,2500,DETECTION,src/tracking/advanced_tracker.py:_activate_slot,2500_276_1533_525_1644
S,4,2500,DETECTION,src/tracking/advanced_tracker.py:_activate_slot,2500_280_1054_600_1177
S,5,2500,DETECTION,src/tracking/advanced_tracker.py:_activate_slot,2500_247_544_451_643
S,7,2500,DETECTION,src/tracking/advanced_tracker.py:_activate_slot,2500_498_1546_747_1639
S,9,2500,DETECTION,src/tracking/advanced_tracker.py:_activate_slot,2500_150_1528_361_1627
S,10,2500,DETECTION,src/tracking/advanced_tracker.py:_activate_slot,2500_894_1374_1035_1492
S,6,2500,PREDICTION,src/tracking/advanced_tracker.py:kalman_homography,
S,8,2500,PREDICTION,src/tracking/advanced_tracker.py:kalman_homography,
D,0,2500
S,2,2500,PREDICTION,src/tracking/advanced_tracker.py:id_merge,
D,1,2500
S,4,2500,PREDICTION,src/tracking/advanced_tracker.py:id_merge,
D,6,2500
S,5,2500,PREDICTION,src/tracking/advanced_tracker.py:id_merge,
L,2,2500,PREDICTION,src/tracking/advanced_tracker.py:id_merge,
R,PREDICTION,PREDICTION,1
L,3,2500,DETECTION,src/tracking/advanced_tracker.py:_activate_slot,2500_276_1533_525_1644
R,CLAMP,CLAMP,0
L,4,2500,PREDICTION,src/tracking/advanced_tracker.py:id_merge,
R,CLAMP,CLAMP,0
L,5,2500,PREDICTION,src/tracking/advanced_tracker.py:id_merge,
R,CLAMP,CLAMP,0
L,7,2500,DETECTION,src/tracking/advanced_tracker.py:_activate_slot,2500_498_1546_747_1639
R,CLAMP,CLAMP,0
L,8,2500,PREDICTION,src/tracking/advanced_tracker.py:kalman_homography,
R,CLAMP,CLAMP,0
L,9,2500,DETECTION,src/tracking/advanced_tracker.py:_activate_slot,2500_150_1528_361_1627
R,CLAMP,CLAMP,0
A,2500
S,0,2503,DETECTION,src/tracking/advanced_tracker.py:_activate_slot,2503_228_621_426_723
S,1,2503,DETECTION,src/tracking/advanced_tracker.py:_activate_slot,2503_174_1171_385_1273
S,2,2503,DETECTION,src/tracking/advanced_tracker.py:_activate_slot,2503_331_642_642_814
S,3,2503,DETECTION,src/tracking/advanced_tracker.py:_activate_slot,2503_280_1488_537_1641
S,4,2503,DETECTION,src/tracking/advanced_tracker.py:_activate_slot,2503_283_1056_602_1221
S,5,2503,DETECTION,src/tracking/advanced_tracker.py:_activate_slot,2503_247_551_463_643
S,8,2503,DETECTION,src/tracking/advanced_tracker.py:_activate_slot,2503_898_1392_1033_1512
S,9,2503,DETECTION,src/tracking/advanced_tracker.py:_activate_slot,2503_138_1542_339_1638
S,6,2503,PREDICTION,src/tracking/advanced_tracker.py:kalman_homography,
S,7,2503,PREDICTION,src/tracking/advanced_tracker.py:kalman_homography,
D,0,2503
S,2,2503,PREDICTION,src/tracking/advanced_tracker.py:id_merge,
D,1,2503
S,4,2503,PREDICTION,src/tracking/advanced_tracker.py:id_merge,
L,2,2503,PREDICTION,src/tracking/advanced_tracker.py:id_merge,
R,PREDICTION,PREDICTION,1
L,3,2503,DETECTION,src/tracking/advanced_tracker.py:_activate_slot,2503_280_1488_537_1641
R,CLAMP,CLAMP,0
L,4,2503,PREDICTION,src/tracking/advanced_tracker.py:id_merge,
R,CLAMP,CLAMP,0
L,5,2503,DETECTION,src/tracking/advanced_tracker.py:_activate_slot,2503_247_551_463_643
R,CLAMP,CLAMP,0
L,6,2503,PREDICTION,src/tracking/advanced_tracker.py:kalman_homography,
R,CLAMP,CLAMP,0
L,7,2503,PREDICTION,src/tracking/advanced_tracker.py:kalman_homography,
R,CLAMP,CLAMP,0
L,8,2503,DETECTION,src/tracking/advanced_tracker.py:_activate_slot,2503_898_1392_1033_1512
R,CLAMP,CLAMP,0
L,9,2503,DETECTION,src/tracking/advanced_tracker.py:_activate_slot,2503_138_1542_339_1638
R,CLAMP,CLAMP,0
A,2503
