S,0,1574,DETECTION,src/tracking/advanced_tracker.py:_activate_slot,1574_490_1045_764_1207
S,1,1574,DETECTION,src/tracking/advanced_tracker.py:_activate_slot,1574_574_1758_862_1890
S,2,1574,DETECTION,src/tracking/advanced_tracker.py:_activate_slot,1574_490_1306_682_1420
S,3,1574,DETECTION,src/tracking/advanced_tracker.py:_activate_slot,1574_341_859_554_949
S,4,1574,DETECTION,src/tracking/advanced_tracker.py:_activate_slot,1574_443_771_713_897
D,0,1574
S,1,1574,PREDICTION,src/tracking/advanced_tracker.py:id_merge,
L,1,1574,PREDICTION,src/tracking/advanced_tracker.py:id_merge,
R,PREDICTION,PREDICTION,1
L,2,1574,DETECTION,src/tracking/advanced_tracker.py:_activate_slot,1574_490_1306_682_1420
R,DETECTION,DETECTION,1
L,3,1574,DETECTION,src/tracking/advanced_tracker.py:_activate_slot,1574_341_859_554_949
R,DETECTION,DETECTION,1
L,4,1574,DETECTION,src/tracking/advanced_tracker.py:_activate_slot,1574_443_771_713_897
R,DETECTION,DETECTION,1
A,1574
S,0,1577,DETECTION,src/tracking/advanced_tracker.py:_activate_slot,1577_491_1036_762_1198
S,1,1577,DETECTION,src/tracking/advanced_tracker.py:_activate_slot,1577_579_1710_866_1866
S,2,1577,DETECTION,src/tracking/advanced_tracker.py:_activate_slot,1577_474_1299_700_1413
S,3,1577,DETECTION,src/tracking/advanced_tracker.py:_activate_slot,1577_349_876_565_972
S,4,1577,DETECTION,src/tracking/advanced_tracker.py:_activate_slot,1577_444_804_709_906
D,0,1577
S,1,1577,PREDICTION,src/tracking/advanced_tracker.py:id_merge,
D,1,1577
S,4,1577,PREDICTION,src/tracking/advanced_tracker.py:id_merge,
L,2,1577,DETECTION,src/tracking/advanced_tracker.py:_activate_slot,1577_474_1299_700_1413
R,DETECTION,DETECTION,1
L,3,1577,DETECTION,src/tracking/advanced_tracker.py:_activate_slot,1577_349_876_565_972
R,DETECTION,DETECTION,1
L,4,1577,PREDICTION,src/tracking/advanced_tracker.py:id_merge,
R,PREDICTION,PREDICTION,1
A,1577
S,0,1580,DETECTION,src/tracking/advanced_tracker.py:_activate_slot,1580_494_1039_764_1210
S,2,1580,DETECTION,src/tracking/advanced_tracker.py:_activate_slot,1580_484_1300_687_1422
S,4,1580,DETECTION,src/tracking/advanced_tracker.py:_activate_slot,1580_445_823_709_961
S,3,1580,DETECTION,src/tracking/advanced_tracker.py:_activate_slot,1580_354_889_572_1000
S,5,1580,DETECTION,src/tracking/advanced_tracker.py:_activate_slot,1580_579_1725_871_1851
S,6,1580,DETECTION,src/tracking/advanced_tracker.py:_activate_slot,1580_315_1450_536_1546
S,1,1580,PREDICTION,src/tracking/advanced_tracker.py:kalman_homography,
D,1,1580
S,0,1580,PREDICTION,src/tracking/advanced_tracker.py:id_merge,
D,0,1580
S,4,1580,PREDICTION,src/tracking/advanced_tracker.py:id_merge,
L,2,1580,DETECTION,src/tracking/advanced_tracker.py:_activate_slot,1580_484_1300_687_1422
R,DETECTION,DETECTION,1
L,3,1580,DETECTION,src/tracking/advanced_tracker.py:_activate_slot,1580_354_889_572_1000
R,DETECTION,DETECTION,1
L,4,1580,PREDICTION,src/tracking/advanced_tracker.py:id_merge,
R,PREDICTION,PREDICTION,1
L,5,1580,DETECTION,src/tracking/advanced_tracker.py:_activate_slot,1580_579_1725_871_1851
R,DETECTION,DETECTION,1
L,6,1580,DETECTION,src/tracking/advanced_tracker.py:_activate_slot,1580_315_1450_536_1546
R,DETECTION,DETECTION,1
A,1580
S,0,1583,DETECTION,src/tracking/advanced_tracker.py:_activate_slot,1583_495_1056_768_1215
S,2,1583,DETECTION,src/tracking/advanced_tracker.py:_activate_slot,1583_484_1305_730_1424
S,3,1583,DETECTION,src/tracking/advanced_tracker.py:_activate_slot,1583_350_885_545_1000
S,4,1583,DETECTION,src/tracking/advanced_tracker.py:_activate_slot,1583_442_849_714_1014
S,5,1583,DETECTION,src/tracking/advanced_tracker.py:_activate_slot,1583_579_1680_874_1845
S,6,1583,DETECTION,src/tracking/advanced_tracker.py:_activate_slot,1583_304_1422_525_1546
S,7,1583,DETECTION,src/tracking/advanced_tracker.py:_activate_slot,1583_379_1316_523_1421
S,1,1583,PREDICTION,src/tracking/advanced_tracker.py:kalman_homography,
D,1,1583
S,0,1583,PREDICTION,src/tracking/advanced_tracker.py:id_merge,
D,0,1583
S,4,1583,PREDICTION,src/tracking/advanced_tracker.py:id_merge,
D,6,1583
S,7,1583,PREDICTION,src/tracking/advanced_tracker.py:id_merge,
L,2,1583,DETECTION,src/tracking/advanced_tracker.py:_activate_slot,1583_484_1305_730_1424
R,DETECTION,DETECTION,1
L,3,1583,DETECTION,src/tracking/advanced_tracker.py:_activate_slot,1583_350_885_545_1000
R,DETECTION,DETECTION,1
L,4,1583,PREDICTION,src/tracking/advanced_tracker.py:id_merge,
R,PREDICTION,PREDICTION,1
L,5,1583,DETECTION,src/tracking/advanced_tracker.py:_activate_slot,1583_579_1680_874_1845
R,DETECTION,DETECTION,1
L,7,1583,PREDICTION,src/tracking/advanced_tracker.py:id_merge,
R,PREDICTION,PREDICTION,1
A,1583
S,0,1586,DETECTION,src/tracking/advanced_tracker.py:_activate_slot,1586_488_1074_764_1248
S,2,1586,DETECTION,src/tracking/advanced_tracker.py:_activate_slot,1586_489_1284_742_1410
S,3,1586,DETECTION,src/tracking/advanced_tracker.py:_activate_slot,1586_352_882_523_984
S,4,1586,DETECTION,src/tracking/advanced_tracker.py:_activate_slot,1586_449_862_716_1018
S,5,1586,DETECTION,src/tracking/advanced_tracker.py:_activate_slot,1586_574_1677_879_1863
S,1,1586,PREDICTION,src/tracking/advanced_tracker.py:kalman_homography,
S,6,1586,PREDICTION,src/tracking/advanced_tracker.py:kalman_homography,
S,7,1586,PREDICTION,src/tracking/advanced_tracker.py:kalman_homography,
D,1,1586
S,0,1586,PREDICTION,src/tracking/advanced_tracker.py:id_merge,
D,0,1586
S,4,1586,PREDICTION,src/tracking/advanced_tracker.py:id_merge,
L,2,1586,DETECTION,src/tracking/advanced_tracker.py:_activate_slot,1586_489_1284_742_1410
R,DETECTION,DETECTION,1
L,3,1586,DETECTION,src/tracking/advanced_tracker.py:_activate_slot,1586_352_882_523_984
R,CLAMP,CLAMP,0
L,4,1586,PREDICTION,src/tracking/advanced_tracker.py:id_merge,
R,PREDICTION,PREDICTION,1
L,5,1586,DETECTION,src/tracking/advanced_tracker.py:_activate_slot,1586_574_1677_879_1863
R,DETECTION,DETECTION,1
L,6,1586,PREDICTION,src/tracking/advanced_tracker.py:kalman_homography,
R,PREDICTION,PREDICTION,1
L,7,1586,PREDICTION,src/tracking/advanced_tracker.py:kalman_homography,
R,PREDICTION,PREDICTION,1
A,1586
S,0,1589,DETECTION,src/tracking/advanced_tracker.py:_activate_slot,1589_470_1105_758_1258
S,2,1589,DETECTION,src/tracking/advanced_tracker.py:_activate_slot,1589_499_1302_747_1392
S,3,1589,DETECTION,src/tracking/advanced_tracker.py:_activate_slot,1589_348_876_554_970
S,4,1589,DETECTION,src/tracking/advanced_tracker.py:_activate_slot,1589_449_892_713_1042
S,5,1589,DETECTION,src/tracking/advanced_tracker.py:_activate_slot,1589_583_1708_880_1846
S,1,1589,PREDICTION,src/tracking/advanced_tracker.py:kalman_homography,
S,6,1589,PREDICTION,src/tracking/advanced_tracker.py:kalman_homography,
S,7,1589,PREDICTION,src/tracking/advanced_tracker.py:kalman_homography,
D,1,1589
S,0,1589,PREDICTION,src/tracking/advanced_tracker.py:id_merge,
D,0,1589
S,2,1589,PREDICTION,src/tracking/advanced_tracker.py:id_merge,
D,2,1589
S,4,1589,PREDICTION,src/tracking/advanced_tracker.py:id_merge,
L,3,1589,DETECTION,src/tracking/advanced_tracker.py:_activate_slot,1589_348_876_554_970
R,DETECTION,DETECTION,1
L,4,1589,PREDICTION,src/tracking/advanced_tracker.py:id_merge,
R,PREDICTION,PREDICTION,1
L,5,1589,DETECTION,src/tracking/advanced_tracker.py:_activate_slot,1589_583_1708_880_1846
R,DETECTION,SUBPIXEL,0
L,6,1589,PREDICTION,src/tracking/advanced_tracker.py:kalman_homography,
R,PREDICTION,PREDICTION,1
L,7,1589,PREDICTION,src/tracking/advanced_tracker.py:kalman_homography,
R,PREDICTION,SUBPIXEL,0
A,1589
S,0,1592,DETECTION,src/tracking/advanced_tracker.py:_activate_slot,1592_471_1122_759_1254
S,2,1592,DETECTION,src/tracking/advanced_tracker.py:_activate_slot,1592_499_1265_753_1409
S,3,1592,DETECTION,src/tracking/advanced_tracker.py:_activate_slot,1592_342_841_539_975
S,4,1592,DETECTION,src/tracking/advanced_tracker.py:_activate_slot,1592_445_924_715_1056
S,5,1592,DETECTION,src/tracking/advanced_tracker.py:_activate_slot,1592_582_1716_884_1818
S,1,1592,PREDICTION,src/tracking/advanced_tracker.py:kalman_homography,
S,6,1592,PREDICTION,src/tracking/advanced_tracker.py:kalman_homography,
S,7,1592,PREDICTION,src/tracking/advanced_tracker.py:kalman_homography,
D,1,1592
S,0,1592,PREDICTION,src/tracking/advanced_tracker.py:id_merge,
D,0,1592
S,2,1592,PREDICTION,src/tracking/advanced_tracker.py:id_merge,
D,2,1592
S,4,1592,PREDICTION,src/tracking/advanced_tracker.py:id_merge,
L,3,1592,DETECTION,src/tracking/advanced_tracker.py:_activate_slot,1592_342_841_539_975
R,DETECTION,DETECTION,1
L,4,1592,PREDICTION,src/tracking/advanced_tracker.py:id_merge,
R,PREDICTION,PREDICTION,1
L,5,1592,DETECTION,src/tracking/advanced_tracker.py:_activate_slot,1592_582_1716_884_1818
R,DETECTION,DETECTION,1
L,6,1592,PREDICTION,src/tracking/advanced_tracker.py:kalman_homography,
R,PREDICTION,PREDICTION,1
L,7,1592,PREDICTION,src/tracking/advanced_tracker.py:kalman_homography,
R,PREDICTION,SUBPIXEL,0
A,1592
S,0,1595,DETECTION,src/tracking/advanced_tracker.py:_activate_slot,1595_490_1141_765_1258
S,2,1595,DETECTION,src/tracking/advanced_tracker.py:_activate_slot,1595_508_1259_774_1370
S,4,1595,DETECTION,src/tracking/advanced_tracker.py:_activate_slot,1595_453_967_721_1081
S,5,1595,DETECTION,src/tracking/advanced_tracker.py:_activate_slot,1595_583_1672_888_1825
S,1,1595,PREDICTION,src/tracking/advanced_tracker.py:kalman_homography,
S,3,1595,PREDICTION,src/tracking/advanced_tracker.py:kalman_homography,
S,6,1595,PREDICTION,src/tracking/advanced_tracker.py:kalman_homography,
S,7,1595,PREDICTION,src/tracking/advanced_tracker.py:kalman_homography,
D,1,1595
S,0,1595,PREDICTION,src/tracking/advanced_tracker.py:id_merge,
D,0,1595
S,2,1595,PREDICTION,src/tracking/advanced_tracker.py:id_merge,
D,2,1595
S,4,1595,PREDICTION,src/tracking/advanced_tracker.py:id_merge,
L,3,1595,PREDICTION,src/tracking/advanced_tracker.py:kalman_homography,
R,PREDICTION,PREDICTION,1
L,4,1595,PREDICTION,src/tracking/advanced_tracker.py:id_merge,
R,PREDICTION,PREDICTION,1
L,5,1595,DETECTION,src/tracking/advanced_tracker.py:_activate_slot,1595_583_1672_888_1825
R,DETECTION,DETECTION,1
L,6,1595,PREDICTION,src/tracking/advanced_tracker.py:kalman_homography,
R,PREDICTION,PREDICTION,1
L,7,1595,PREDICTION,src/tracking/advanced_tracker.py:kalman_homography,
R,PREDICTION,SUBPIXEL,0
A,1595
S,0,1598,DETECTION,src/tracking/advanced_tracker.py:_activate_slot,1598_495_1153_772_1264
S,2,1598,DETECTION,src/tracking/advanced_tracker.py:_activate_slot,1598_509_1254_777_1359
S,4,1598,DETECTION,src/tracking/advanced_tracker.py:_activate_slot,1598_450_983_720_1097
S,3,1598,DETECTION,src/tracking/advanced_tracker.py:_activate_slot,1598_341_814_549_925
S,5,1598,DETECTION,src/tracking/advanced_tracker.py:_activate_slot,1598_581_1650_891_1842
S,1,1598,PREDICTION,src/tracking/advanced_tracker.py:kalman_homography,
S,6,1598,PREDICTION,src/tracking/advanced_tracker.py:kalman_homography,
S,7,1598,PREDICTION,src/tracking/advanced_tracker.py:kalman_homography,
D,1,1598
S,0,1598,PREDICTION,src/tracking/advanced_tracker.py:id_merge,
D,0,1598
S,2,1598,PREDICTION,src/tracking/advanced_tracker.py:id_merge,
D,2,1598
S,4,1598,PREDICTION,src/tracking/advanced_tracker.py:id_merge,
L,3,1598,DETECTION,src/tracking/advanced_tracker.py:_activate_slot,1598_341_814_549_925
R,DETECTION,DETECTION,1
L,4,1598,PREDICTION,src/tracking/advanced_tracker.py:id_merge,
R,PREDICTION,PREDICTION,1
L,5,1598,DETECTION,src/tracking/advanced_tracker.py:_activate_slot,1598_581_1650_891_1842
R,DETECTION,DETECTION,1
L,6,1598,PREDICTION,src/tracking/advanced_tracker.py:kalman_homography,
R,PREDICTION,PREDICTION,1
L,7,1598,PREDICTION,src/tracking/advanced_tracker.py:kalman_homography,
R,PREDICTION,SUBPIXEL,0
A,1598
S,0,1601,DETECTION,src/tracking/advanced_tracker.py:_activate_slot,1601_487_1170_772_1278
S,2,1601,DETECTION,src/tracking/advanced_tracker.py:_activate_slot,1601_503_1224_773_1339
S,3,1601,DETECTION,src/tracking/advanced_tracker.py:_activate_slot,1601_340_807_562_915
S,4,1601,DETECTION,src/tracking/advanced_tracker.py:_activate_slot,1601_456_996_718_1150
S,5,1601,DETECTION,src/tracking/advanced_tracker.py:_activate_slot,1601_590_1656_896_1848
S,6,1601,PREDICTION,src/tracking/advanced_tracker.py:kalman_homography,
S,7,1601,PREDICTION,src/tracking/advanced_tracker.py:kalman_homography,
S,1,1601,PREDICTION,src/tracking/advanced_tracker.py:flow_gapfill_batched,
D,1,1601
S,0,1601,PREDICTION,src/tracking/advanced_tracker.py:id_merge,
D,0,1601
S,2,1601,PREDICTION,src/tracking/advanced_tracker.py:id_merge,
D,2,1601
S,4,1601,PREDICTION,src/tracking/advanced_tracker.py:id_merge,
L,3,1601,DETECTION,src/tracking/advanced_tracker.py:_activate_slot,1601_340_807_562_915
R,DETECTION,DETECTION,1
L,4,1601,PREDICTION,src/tracking/advanced_tracker.py:id_merge,
R,PREDICTION,PREDICTION,1
L,5,1601,DETECTION,src/tracking/advanced_tracker.py:_activate_slot,1601_590_1656_896_1848
R,DETECTION,DETECTION,1
L,6,1601,PREDICTION,src/tracking/advanced_tracker.py:kalman_homography,
R,PREDICTION,PREDICTION,1
L,7,1601,PREDICTION,src/tracking/advanced_tracker.py:kalman_homography,
R,PREDICTION,SUBPIXEL,0
A,1601
S,0,1604,DETECTION,src/tracking/advanced_tracker.py:_activate_slot,1604_482_1183_756_1288
S,1,1604,DETECTION,src/tracking/advanced_tracker.py:_activate_slot,1604_587_1671_897_1815
S,2,1604,DETECTION,src/tracking/advanced_tracker.py:_activate_slot,1604_482_1185_780_1317
S,3,1604,DETECTION,src/tracking/advanced_tracker.py:_activate_slot,1604_326_795_563_903
S,4,1604,DETECTION,src/tracking/advanced_tracker.py:_activate_slot,1604_453_1005_719_1127
S,8,1604,DETECTION,src/tracking/advanced_tracker.py:_activate_slot,1604_287_1271_502_1370
S,5,1604,PREDICTION,src/tracking/advanced_tracker.py:kalman_homography,
S,6,1604,PREDICTION,src/tracking/advanced_tracker.py:kalman_homography,
S,7,1604,PREDICTION,src/tracking/advanced_tracker.py:kalman_homography,
D,0,1604
S,1,1604,PREDICTION,src/tracking/advanced_tracker.py:id_merge,
D,1,1604
S,2,1604,PREDICTION,src/tracking/advanced_tracker.py:id_merge,
D,2,1604
S,4,1604,PREDICTION,src/tracking/advanced_tracker.py:id_merge,
D,6,1604
S,8,1604,PREDICTION,src/tracking/advanced_tracker.py:id_merge,
L,3,1604,DETECTION,src/tracking/advanced_tracker.py:_activate_slot,1604_326_795_563_903
R,DETECTION,DETECTION,1
L,4,1604,PREDICTION,src/tracking/advanced_tracker.py:id_merge,
R,PREDICTION,PREDICTION,1
L,5,1604,PREDICTION,src/tracking/advanced_tracker.py:kalman_homography,
R,PREDICTION,PREDICTION,1
L,7,1604,PREDICTION,src/tracking/advanced_tracker.py:kalman_homography,
R,PREDICTION,SUBPIXEL,0
L,8,1604,PREDICTION,src/tracking/advanced_tracker.py:id_merge,
R,PREDICTION,PREDICTION,1
A,1604
S,1,1607,DETECTION,src/tracking/advanced_tracker.py:_activate_slot,1607_454_1032_720_1149
S,2,1607,DETECTION,src/tracking/advanced_tracker.py:_activate_slot,1607_461_1170_812_1299
S,3,1607,DETECTION,src/tracking/advanced_tracker.py:_activate_slot,1607_318_762_570_882
S,5,1607,DETECTION,src/tracking/advanced_tracker.py:_activate_slot,1607_586_1668_900_1788
S,0,1607,PREDICTION,src/tracking/advanced_tracker.py:kalman_homography,
S,4,1607,PREDICTION,src/tracking/advanced_tracker.py:kalman_homography,
S,8,1607,PREDICTION,src/tracking/advanced_tracker.py:kalman_homography,
S,6,1607,PREDICTION,src/tracking/advanced_tracker.py:flow_gapfill_batched,
D,0,1607
S,1,1607,PREDICTION,src/tracking/advanced_tracker.py:id_merge,
D,1,1607
S,2,1607,PREDICTION,src/tracking/advanced_tracker.py:id_merge,
D,4,1607
S,2,1607,PREDICTION,src/tracking/advanced_tracker.py:id_merge,
D,6,1607
S,8,1607,PREDICTION,src/tracking/advanced_tracker.py:id_merge,
L,2,1607,PREDICTION,src/tracking/advanced_tracker.py:id_merge,
R,PREDICTION,PREDICTION,1
L,3,1607,DETECTION,src/tracking/advanced_tracker.py:_activate_slot,1607_318_762_570_882
R,DETECTION,DETECTION,1
L,5,1607,DETECTION,src/tracking/advanced_tracker.py:_activate_slot,1607_586_1668_900_1788
R,DETECTION,DETECTION,1
L,8,1607,PREDICTION,src/tracking/advanced_tracker.py:id_merge,
R,CLAMP,CLAMP,0
A,1607
S,0,1610,DETECTION,src/tracking/advanced_tracker.py:_activate_slot,1610_446_1207_738_1309
S,1,1610,DETECTION,src/tracking/advanced_tracker.py:_activate_slot,1610_451_927_709_1078
S,2,1610,DETECTION,src/tracking/advanced_tracker.py:_activate_slot,1610_552_1144_822_1282
S,4,1610,DETECTION,src/tracking/advanced_tracker.py:_activate_slot,1610_449_1047_715_1162
S,9,1610,DETECTION,src/tracking/advanced_tracker.py:_activate_slot,1610_327_757_481_853
S,3,1610,PREDICTION,src/tracking/advanced_tracker.py:kalman_homography,
S,5,1610,PREDICTION,src/tracking/advanced_tracker.py:kalman_homography,
S,8,1610,PREDICTION,src/tracking/advanced_tracker.py:kalman_homography,
D,0,1610
S,1,1610,PREDICTION,src/tracking/advanced_tracker.py:id_merge,
D,1,1610
S,2,1610,PREDICTION,src/tracking/advanced_tracker.py:id_merge,
L,2,1610,PREDICTION,src/tracking/advanced_tracker.py:id_merge,
R,PREDICTION,PREDICTION,1
L,3,1610,PREDICTION,src/tracking/advanced_tracker.py:kalman_homography,
R,PREDICTION,PREDICTION,1
L,4,1610,DETECTION,src/tracking/advanced_tracker.py:_activate_slot,1610_449_1047_715_1162
R,DETECTION,DETECTION,1
L,5,1610,PREDICTION,src/tracking/advanced_tracker.py:kalman_homography,
R,PREDICTION,PREDICTION,1
L,8,1610,PREDICTION,src/tracking/advanced_tracker.py:kalman_homography,
R,CLAMP,CLAMP,0
L,9,1610,DETECTION,src/tracking/advanced_tracker.py:_activate_slot,1610_327_757_481_853
R,DETECTION,DETECTION,1
A,1610
S,0,1613,DETECTION,src/tracking/advanced_tracker.py:_activate_slot,1613_439_1215_718_1323
S,2,1613,DETECTION,src/tracking/advanced_tracker.py:_activate_slot,1613_573_1143_835_1269
S,4,1613,DETECTION,src/tracking/advanced_tracker.py:_activate_slot,1613_440_1071_707_1200
S,1,1613,DETECTION,src/tracking/advanced_tracker.py:_activate_slot,1613_409_638_673_757
S,5,1613,DETECTION,src/tracking/advanced_tracker.py:_activate_slot,1613_596_1582_898_1786
S,3,1613,PREDICTION,src/tracking/advanced_tracker.py:kalman_homography,
S,8,1613,PREDICTION,src/tracking/advanced_tracker.py:kalman_homography,
S,9,1613,PREDICTION,src/tracking/advanced_tracker.py:kalman_homography,
D,0,1613
S,4,1613,PREDICTION,src/tracking/advanced_tracker.py:id_merge,
D,1,1613
S,2,1613,PREDICTION,src/tracking/advanced_tracker.py:id_merge,
L,2,1613,PREDICTION,src/tracking/advanced_tracker.py:id_merge,
R,PREDICTION,PREDICTION,1
L,3,1613,PREDICTION,src/tracking/advanced_tracker.py:kalman_homography,
R,PREDICTION,PREDICTION,1
L,4,1613,PREDICTION,src/tracking/advanced_tracker.py:id_merge,
R,PREDICTION,PREDICTION,1
L,5,1613,DETECTION,src/tracking/advanced_tracker.py:_activate_slot,1613_596_1582_898_1786
R,DETECTION,DETECTION,1
L,8,1613,PREDICTION,src/tracking/advanced_tracker.py:kalman_homography,
R,CLAMP,CLAMP,0
L,9,1613,PREDICTION,src/tracking/advanced_tracker.py:kalman_homography,
R,CLAMP,CLAMP,0
A,1613
S,0,1616,DETECTION,src/tracking/advanced_tracker.py:_activate_slot,1616_440_1221_711_1329
S,2,1616,DETECTION,src/tracking/advanced_tracker.py:_activate_slot,1616_572_1143_836_1269
S,4,1616,DETECTION,src/tracking/advanced_tracker.py:_activate_slot,1616_434_1080_704_1212
S,3,1616,CLAMP,src/tracking/advanced_tracker.py:_activate_slot,1616_354_715_504_813
S,1,1616,PREDICTION,src/tracking/advanced_tracker.py:kalman_homography,
S,5,1616,PREDICTION,src/tracking/advanced_tracker.py:kalman_homography,
S,8,1616,PREDICTION,src/tracking/advanced_tracker.py:kalman_homography,
S,9,1616,PREDICTION,src/tracking/advanced_tracker.py:kalman_homography,
D,0,1616
S,4,1616,PREDICTION,src/tracking/advanced_tracker.py:id_merge,
D,1,1616
S,2,1616,PREDICTION,src/tracking/advanced_tracker.py:id_merge,
L,2,1616,PREDICTION,src/tracking/advanced_tracker.py:id_merge,
R,PREDICTION,PREDICTION,1
L,3,1616,CLAMP,src/tracking/advanced_tracker.py:_activate_slot,1616_354_715_504_813
R,CLAMP,CLAMP,0
L,4,1616,PREDICTION,src/tracking/advanced_tracker.py:id_merge,
R,PREDICTION,PREDICTION,1
L,5,1616,PREDICTION,src/tracking/advanced_tracker.py:kalman_homography,
R,PREDICTION,PREDICTION,1
L,8,1616,PREDICTION,src/tracking/advanced_tracker.py:kalman_homography,
R,CLAMP,CLAMP,0
L,9,1616,PREDICTION,src/tracking/advanced_tracker.py:kalman_homography,
R,CLAMP,CLAMP,0
A,1616
S,0,1619,DETECTION,src/tracking/advanced_tracker.py:_activate_slot,1619_428_1236_696_1347
S,2,1619,DETECTION,src/tracking/advanced_tracker.py:_activate_slot,1619_568_1150_837_1275
S,4,1619,DETECTION,src/tracking/advanced_tracker.py:_activate_slot,1619_421_1095_701_1203
S,5,1619,DETECTION,src/tracking/advanced_tracker.py:_activate_slot,1619_583_1596_902_1734
S,3,1619,PREDICTION,src/tracking/advanced_tracker.py:kalman_homography,
S,8,1619,PREDICTION,src/tracking/advanced_tracker.py:kalman_homography,
S,9,1619,PREDICTION,src/tracking/advanced_tracker.py:kalman_homography,
S,1,1619,PREDICTION,src/tracking/advanced_tracker.py:flow_gapfill_batched,
D,0,1619
S,4,1619,PREDICTION,src/tracking/advanced_tracker.py:id_merge,
D,1,1619
S,2,1619,PREDICTION,src/tracking/advanced_tracker.py:id_merge,
L,2,1619,PREDICTION,src/tracking/advanced_tracker.py:id_merge,
R,PREDICTION,PREDICTION,1
L,3,1619,PREDICTION,src/tracking/advanced_tracker.py:kalman_homography,
R,CLAMP,CLAMP,0
L,4,1619,PREDICTION,src/tracking/advanced_tracker.py:id_merge,
R,PREDICTION,PREDICTION,1
L,5,1619,DETECTION,src/tracking/advanced_tracker.py:_activate_slot,1619_583_1596_902_1734
R,DETECTION,DETECTION,1
L,8,1619,PREDICTION,src/tracking/advanced_tracker.py:kalman_homography,
R,CLAMP,CLAMP,0
L,9,1619,PREDICTION,src/tracking/advanced_tracker.py:kalman_homography,
R,CLAMP,CLAMP,0
A,1619
S,0,1622,DETECTION,src/tracking/advanced_tracker.py:_activate_slot,1622_416_1237_681_1335
S,2,1622,DETECTION,src/tracking/advanced_tracker.py:_activate_slot,1622_562_1157_836_1280
S,4,1622,DETECTION,src/tracking/advanced_tracker.py:_activate_slot,1622_418_1101_676_1215
S,3,1622,DETECTION,src/tracking/advanced_tracker.py:_activate_slot,1622_363_662_531_843
S,5,1622,PREDICTION,src/tracking/advanced_tracker.py:kalman_homography,
S,8,1622,PREDICTION,src/tracking/advanced_tracker.py:kalman_homography,
S,9,1622,PREDICTION,src/tracking/advanced_tracker.py:kalman_homography,
S,1,1622,PREDICTION,src/tracking/advanced_tracker.py:flow_gapfill_batched,
D,0,1622
S,4,1622,PREDICTION,src/tracking/advanced_tracker.py:id_merge,
D,1,1622
S,2,1622,PREDICTION,src/tracking/advanced_tracker.py:id_merge,
L,2,1622,PREDICTION,src/tracking/advanced_tracker.py:id_merge,
R,PREDICTION,PREDICTION,1
L,3,1622,DETECTION,src/tracking/advanced_tracker.py:_activate_slot,1622_363_662_531_843
R,CLAMP,CLAMP,0
L,4,1622,PREDICTION,src/tracking/advanced_tracker.py:id_merge,
R,PREDICTION,PREDICTION,1
L,5,1622,PREDICTION,src/tracking/advanced_tracker.py:kalman_homography,
R,PREDICTION,PREDICTION,1
L,8,1622,PREDICTION,src/tracking/advanced_tracker.py:kalman_homography,
R,CLAMP,CLAMP,0
L,9,1622,PREDICTION,src/tracking/advanced_tracker.py:kalman_homography,
R,CLAMP,CLAMP,0
A,1622
S,0,1625,DETECTION,src/tracking/advanced_tracker.py:_activate_slot,1625_413_1241_672_1341
S,2,1625,DETECTION,src/tracking/advanced_tracker.py:_activate_slot,1625_557_1168_839_1291
S,4,1625,DETECTION,src/tracking/advanced_tracker.py:_activate_slot,1625_412_1117_655_1222
S,5,1625,DETECTION,src/tracking/advanced_tracker.py:_activate_slot,1625_594_1542_906_1692
S,3,1625,PREDICTION,src/tracking/advanced_tracker.py:kalman_homography,
S,8,1625,PREDICTION,src/tracking/advanced_tracker.py:kalman_homography,
S,9,1625,PREDICTION,src/tracking/advanced_tracker.py:kalman_homography,
S,1,1625,PREDICTION,src/tracking/advanced_tracker.py:flow_gapfill_batched,
D,0,1625
S,4,1625,PREDICTION,src/tracking/advanced_tracker.py:id_merge,
D,1,1625
S,2,1625,PREDICTION,src/tracking/advanced_tracker.py:id_merge,
L,2,1625,PREDICTION,src/tracking/advanced_tracker.py:id_merge,
R,PREDICTION,PREDICTION,1
L,3,1625,PREDICTION,src/tracking/advanced_tracker.py:kalman_homography,
R,PREDICTION,PREDICTION,1
L,4,1625,PREDICTION,src/tracking/advanced_tracker.py:id_merge,
R,PREDICTION,PREDICTION,1
L,5,1625,DETECTION,src/tracking/advanced_tracker.py:_activate_slot,1625_594_1542_906_1692
R,DETECTION,DETECTION,1
L,8,1625,PREDICTION,src/tracking/advanced_tracker.py:kalman_homography,
R,CLAMP,CLAMP,0
L,9,1625,PREDICTION,src/tracking/advanced_tracker.py:kalman_homography,
R,CLAMP,CLAMP,0
A,1625
S,0,1628,DETECTION,src/tracking/advanced_tracker.py:_activate_slot,1628_411_1239_666_1339
S,2,1628,DETECTION,src/tracking/advanced_tracker.py:_activate_slot,1628_553_1172_835_1299
S,4,1628,DETECTION,src/tracking/advanced_tracker.py:_activate_slot,1628_407_1115_653_1227
S,5,1628,DETECTION,src/tracking/advanced_tracker.py:_activate_slot,1628_600_1501_901_1696
S,3,1628,PREDICTION,src/tracking/advanced_tracker.py:kalman_homography,
S,9,1628,PREDICTION,src/tracking/advanced_tracker.py:kalman_homography,
S,1,1628,PREDICTION,src/tracking/advanced_tracker.py:flow_gapfill_batched,
S,8,1628,PREDICTION,src/tracking/advanced_tracker.py:flow_gapfill_batched,
D,0,1628
S,4,1628,PREDICTION,src/tracking/advanced_tracker.py:id_merge,
D,1,1628
S,2,1628,PREDICTION,src/tracking/advanced_tracker.py:id_merge,
L,2,1628,PREDICTION,src/tracking/advanced_tracker.py:id_merge,
R,PREDICTION,PREDICTION,1
L,3,1628,PREDICTION,src/tracking/advanced_tracker.py:kalman_homography,
R,PREDICTION,PREDICTION,1
L,4,1628,PREDICTION,src/tracking/advanced_tracker.py:id_merge,
R,PREDICTION,PREDICTION,1
L,5,1628,DETECTION,src/tracking/advanced_tracker.py:_activate_slot,1628_600_1501_901_1696
R,DETECTION,SUBPIXEL,0
L,8,1628,PREDICTION,src/tracking/advanced_tracker.py:flow_gapfill_batched,
R,PREDICTION,PREDICTION,1
L,9,1628,PREDICTION,src/tracking/advanced_tracker.py:kalman_homography,
R,CLAMP,CLAMP,0
A,1628
S,0,1631,DETECTION,src/tracking/advanced_tracker.py:_activate_slot,1631_402_1246_657_1345
S,2,1631,DETECTION,src/tracking/advanced_tracker.py:_activate_slot,1631_560_1180_831_1303
S,4,1631,DETECTION,src/tracking/advanced_tracker.py:_activate_slot,1631_389_1116_653_1230
S,3,1631,PREDICTION,src/tracking/advanced_tracker.py:kalman_homography,
S,5,1631,PREDICTION,src/tracking/advanced_tracker.py:kalman_homography,
S,9,1631,PREDICTION,src/tracking/advanced_tracker.py:kalman_homography,
S,1,1631,PREDICTION,src/tracking/advanced_tracker.py:flow_gapfill_batched,
D,0,1631
S,4,1631,PREDICTION,src/tracking/advanced_tracker.py:id_merge,
D,1,1631
S,2,1631,PREDICTION,src/tracking/advanced_tracker.py:id_merge,
L,2,1631,PREDICTION,src/tracking/advanced_tracker.py:id_merge,
R,PREDICTION,PREDICTION,1
L,3,1631,PREDICTION,src/tracking/advanced_tracker.py:kalman_homography,
R,PREDICTION,PREDICTION,1
L,4,1631,PREDICTION,src/tracking/advanced_tracker.py:id_merge,
R,PREDICTION,PREDICTION,1
L,5,1631,PREDICTION,src/tracking/advanced_tracker.py:kalman_homography,
R,PREDICTION,PREDICTION,1
L,9,1631,PREDICTION,src/tracking/advanced_tracker.py:kalman_homography,
R,CLAMP,CLAMP,0
A,1631
S,0,1634,DETECTION,src/tracking/advanced_tracker.py:_activate_slot,1634_382_1249_650_1351
S,2,1634,DETECTION,src/tracking/advanced_tracker.py:_activate_slot,1634_557_1191_831_1308
S,4,1634,DETECTION,src/tracking/advanced_tracker.py:_activate_slot,1634_393_1119_652_1233
S,3,1634,PREDICTION,src/tracking/advanced_tracker.py:kalman_homography,
S,5,1634,PREDICTION,src/tracking/advanced_tracker.py:kalman_homography,
S,1,1634,PREDICTION,src/tracking/advanced_tracker.py:flow_gapfill_batched,
D,3,1634
S,0,1634,PREDICTION,src/tracking/advanced_tracker.py:id_merge,
D,0,1634
S,4,1634,PREDICTION,src/tracking/advanced_tracker.py:id_merge,
D,1,1634
S,2,1634,PREDICTION,src/tracking/advanced_tracker.py:id_merge,
L,2,1634,PREDICTION,src/tracking/advanced_tracker.py:id_merge,
R,PREDICTION,PREDICTION,1
L,4,1634,PREDICTION,src/tracking/advanced_tracker.py:id_merge,
R,PREDICTION,PREDICTION,1
L,5,1634,PREDICTION,src/tracking/advanced_tracker.py:kalman_homography,
R,PREDICTION,PREDICTION,1
A,1634
S,0,1637,DETECTION,src/tracking/advanced_tracker.py:_activate_slot,1637_384_1246_631_1354
S,2,1637,DETECTION,src/tracking/advanced_tracker.py:_activate_slot,1637_554_1201_833_1321
S,4,1637,DETECTION,src/tracking/advanced_tracker.py:_activate_slot,1637_381_1125_640_1230
S,3,1637,PREDICTION,src/tracking/advanced_tracker.py:kalman_homography,
S,5,1637,PREDICTION,src/tracking/advanced_tracker.py:kalman_homography,
S,1,1637,PREDICTION,src/tracking/advanced_tracker.py:flow_gapfill_batched,
D,3,1637
S,0,1637,PREDICTION,src/tracking/advanced_tracker.py:id_merge,
L,0,1637,PREDICTION,src/tracking/advanced_tracker.py:id_merge,
R,PREDICTION,PREDICTION,1
L,1,1637,PREDICTION,src/tracking/advanced_tracker.py:flow_gapfill_batched,
R,PREDICTION,PREDICTION,1
L,2,1637,DETECTION,src/tracking/advanced_tracker.py:_activate_slot,1637_554_1201_833_1321
R,DETECTION,DETECTION,1
L,4,1637,DETECTION,src/tracking/advanced_tracker.py:_activate_slot,1637_381_1125_640_1230
R,DETECTION,DETECTION,1
L,5,1637,PREDICTION,src/tracking/advanced_tracker.py:kalman_homography,
R,PREDICTION,PREDICTION,1
A,1637
S,0,1640,DETECTION,src/tracking/advanced_tracker.py:_activate_slot,1640_385_1243_626_1362
S,2,1640,DETECTION,src/tracking/advanced_tracker.py:_activate_slot,1640_546_1210_828_1327
S,4,1640,DETECTION,src/tracking/advanced_tracker.py:_activate_slot,1640_369_1121_622_1230
S,3,1640,PREDICTION,src/tracking/advanced_tracker.py:kalman_homography,
S,5,1640,PREDICTION,src/tracking/advanced_tracker.py:kalman_homography,
D,0,1640
S,4,1640,PREDICTION,src/tracking/advanced_tracker.py:id_merge,
D,3,1640
S,4,1640,PREDICTION,src/tracking/advanced_tracker.py:id_merge,
L,2,1640,DETECTION,src/tracking/advanced_tracker.py:_activate_slot,1640_546_1210_828_1327
R,DETECTION,DETECTION,1
L,4,1640,PREDICTION,src/tracking/advanced_tracker.py:id_merge,
R,PREDICTION,PREDICTION,1
L,5,1640,PREDICTION,src/tracking/advanced_tracker.py:kalman_homography,
R,PREDICTION,PREDICTION,1
A,1640
S,0,1643,DETECTION,src/tracking/advanced_tracker.py:_activate_slot,1643_371_1252_613_1359
S,2,1643,DETECTION,src/tracking/advanced_tracker.py:_activate_slot,1643_537_1233_819_1341
S,4,1643,DETECTION,src/tracking/advanced_tracker.py:_activate_slot,1643_370_1116_599_1215
S,3,1643,PREDICTION,src/tracking/advanced_tracker.py:kalman_homography,
S,5,1643,PREDICTION,src/tracking/advanced_tracker.py:kalman_homography,
D,0,1643
S,4,1643,PREDICTION,src/tracking/advanced_tracker.py:id_merge,
L,2,1643,DETECTION,src/tracking/advanced_tracker.py:_activate_slot,1643_537_1233_819_1341
R,DETECTION,DETECTION,1
L,3,1643,PREDICTION,src/tracking/advanced_tracker.py:kalman_homography,
R,PREDICTION,PREDICTION,1
L,4,1643,PREDICTION,src/tracking/advanced_tracker.py:id_merge,
R,PREDICTION,PREDICTION,1
L,5,1643,PREDICTION,src/tracking/advanced_tracker.py:kalman_homography,
R,PREDICTION,PREDICTION,1
A,1643
S,0,1646,DETECTION,src/tracking/advanced_tracker.py:_activate_slot,1646_359_1249_605_1359
S,2,1646,DETECTION,src/tracking/advanced_tracker.py:_activate_slot,1646_531_1231_815_1348
S,4,1646,DETECTION,src/tracking/advanced_tracker.py:_activate_slot,1646_371_1113_588_1218
S,5,1646,PREDICTION,src/tracking/advanced_tracker.py:kalman_homography,
S,3,1646,PREDICTION,src/tracking/advanced_tracker.py:flow_gapfill_batched,
D,0,1646
S,4,1646,PREDICTION,src/tracking/advanced_tracker.py:id_merge,
L,2,1646,DETECTION,src/tracking/advanced_tracker.py:_activate_slot,1646_531_1231_815_1348
R,DETECTION,DETECTION,1
L,3,1646,PREDICTION,src/tracking/advanced_tracker.py:flow_gapfill_batched,
R,CLAMP,CLAMP,0
L,4,1646,PREDICTION,src/tracking/advanced_tracker.py:id_merge,
R,PREDICTION,PREDICTION,1
L,5,1646,PREDICTION,src/tracking/advanced_tracker.py:kalman_homography,
R,PREDICTION,PREDICTION,1
A,1646
S,0,1649,DETECTION,src/tracking/advanced_tracker.py:_activate_slot,1649_361_1243_602_1366
S,2,1649,DETECTION,src/tracking/advanced_tracker.py:_activate_slot,1649_534_1231_805_1359
S,4,1649,DETECTION,src/tracking/advanced_tracker.py:_activate_slot,1649_362_1099_594_1204
S,5,1649,PREDICTION,src/tracking/advanced_tracker.py:kalman_homography,
D,0,1649
S,4,1649,PREDICTION,src/tracking/advanced_tracker.py:id_merge,
L,2,1649,DETECTION,src/tracking/advanced_tracker.py:_activate_slot,1649_534_1231_805_1359
R,DETECTION,DETECTION,1
L,4,1649,PREDICTION,src/tracking/advanced_tracker.py:id_merge,
R,PREDICTION,PREDICTION,1
L,5,1649,PREDICTION,src/tracking/advanced_tracker.py:kalman_homography,
R,PREDICTION,PREDICTION,1
A,1649
S,0,1652,DETECTION,src/tracking/advanced_tracker.py:_activate_slot,1652_354_1233_604_1368
S,2,1652,DETECTION,src/tracking/advanced_tracker.py:_activate_slot,1652_538_1233_799_1386
S,4,1652,DETECTION,src/tracking/advanced_tracker.py:_activate_slot,1652_359_1090_580_1195
S,5,1652,PREDICTION,src/tracking/advanced_tracker.py:flow_gapfill_batched,
D,0,1652
S,4,1652,PREDICTION,src/tracking/advanced_tracker.py:id_merge,
L,2,1652,DETECTION,src/tracking/advanced_tracker.py:_activate_slot,1652_538_1233_799_1386
R,DETECTION,DETECTION,1
L,4,1652,PREDICTION,src/tracking/advanced_tracker.py:id_merge,
R,PREDICTION,PREDICTION,1
L,5,1652,PREDICTION,src/tracking/advanced_tracker.py:flow_gapfill_batched,
R,PREDICTION,PREDICTION,1
A,1652
S,0,1655,DETECTION,src/tracking/advanced_tracker.py:_activate_slot,1655_335_1216_578_1354
S,2,1655,DETECTION,src/tracking/advanced_tracker.py:_activate_slot,1655_533_1236_791_1418
S,4,1655,CLAMP,src/tracking/advanced_tracker.py:_activate_slot,1655_445_988_756_1129
L,0,1655,DETECTION,src/tracking/advanced_tracker.py:_activate_slot,1655_335_1216_578_1354
R,CLAMP,CLAMP,0
L,2,1655,DETECTION,src/tracking/advanced_tracker.py:_activate_slot,1655_533_1236_791_1418
R,DETECTION,DETECTION,1
L,4,1655,CLAMP,src/tracking/advanced_tracker.py:_activate_slot,1655_445_988_756_1129
R,CLAMP,CLAMP,0
A,1655
S,0,1658,DETECTION,src/tracking/advanced_tracker.py:_activate_slot,1658_339_1212_571_1343
S,1,1658,DETECTION,src/tracking/advanced_tracker.py:_activate_slot,1658_449_1030_713_1171
S,2,1658,DETECTION,src/tracking/advanced_tracker.py:_activate_slot,1658_527_1245_787_1449
S,4,1658,CLAMP,src/tracking/advanced_tracker.py:_activate_slot,1658_479_982_744_1087
S,5,1658,CLAMP,src/tracking/advanced_tracker.py:_activate_slot,1658_271_765_489_885
D,1,1658
S,2,1658,PREDICTION,src/tracking/advanced_tracker.py:id_merge,
L,0,1658,DETECTION,src/tracking/advanced_tracker.py:_activate_slot,1658_339_1212_571_1343
R,CLAMP,CLAMP,0
L,2,1658,PREDICTION,src/tracking/advanced_tracker.py:id_merge,
R,PREDICTION,PREDICTION,1
L,4,1658,CLAMP,src/tracking/advanced_tracker.py:_activate_slot,1658_479_982_744_1087
R,CLAMP,CLAMP,0
L,5,1658,CLAMP,src/tracking/advanced_tracker.py:_activate_slot,1658_271_765_489_885
R,CLAMP,CLAMP,0
A,1658
S,0,1661,DETECTION,src/tracking/advanced_tracker.py:_activate_slot,1661_319_1182_571_1315
S,1,1661,DETECTION,src/tracking/advanced_tracker.py:_activate_slot,1661_474_968_724_1182
S,2,1661,DETECTION,src/tracking/advanced_tracker.py:_activate_slot,1661_507_1300_778_1450
S,3,1661,CLAMP,src/tracking/advanced_tracker.py:_activate_slot,1661_585_1423_889_1537
S,4,1661,CLAMP,src/tracking/advanced_tracker.py:_activate_slot,1661_470_967_724_1129
S,6,1661,DETECTION,src/tracking/advanced_tracker.py:_activate_slot,1661_286_755_489_917
S,5,1661,PREDICTION,src/tracking/advanced_tracker.py:flow_gapfill_batched,
D,0,1661
S,3,1661,PREDICTION,src/tracking/advanced_tracker.py:id_merge,
D,1,1661
S,2,1661,PREDICTION,src/tracking/advanced_tracker.py:id_merge,
D,5,1661
S,6,1661,PREDICTION,src/tracking/advanced_tracker.py:id_merge,
L,2,1661,PREDICTION,src/tracking/advanced_tracker.py:id_merge,
R,PREDICTION,PREDICTION,1
L,3,1661,PREDICTION,src/tracking/advanced_tracker.py:id_merge,
R,CLAMP,CLAMP,0
L,4,1661,CLAMP,src/tracking/advanced_tracker.py:_activate_slot,1661_470_967_724_1129
R,CLAMP,CLAMP,0
L,6,1661,PREDICTION,src/tracking/advanced_tracker.py:id_merge,
R,PREDICTION,PREDICTION,1
A,1661
S,0,1664,CLAMP,src/tracking/advanced_tracker.py:_activate_slot,1664_308_1170_559_1305
S,1,1664,CLAMP,src/tracking/advanced_tracker.py:_activate_slot,1664_414_1095_709_1248
S,2,1664,CLAMP,src/tracking/advanced_tracker.py:_activate_slot,1664_489_1347_775_1487
S,3,1664,CLAMP,src/tracking/advanced_tracker.py:_activate_slot,1664_580_1420_889_1540
S,4,1664,CLAMP,src/tracking/advanced_tracker.py:_activate_slot,1664_456_953_720_1136
S,5,1664,CLAMP,src/tracking/advanced_tracker.py:_activate_slot,1664_214_1032_426_1116
S,6,1664,DETECTION,src/tracking/advanced_tracker.py:_activate_slot,1664_253_751_489_886
S,7,1664,DETECTION,src/tracking/advanced_tracker.py:_activate_slot,1664_134_1402_226_1507
D,0,1664
S,3,1664,PREDICTION,src/tracking/advanced_tracker.py:id_merge,
D,1,1664
S,2,1664,PREDICTION,src/tracking/advanced_tracker.py:id_merge,
L,2,1664,PREDICTION,src/tracking/advanced_tracker.py:id_merge,
R,PREDICTION,SUBPIXEL,0
L,3,1664,PREDICTION,src/tracking/advanced_tracker.py:id_merge,
R,CLAMP,CLAMP,0
L,4,1664,CLAMP,src/tracking/advanced_tracker.py:_activate_slot,1664_456_953_720_1136
R,CLAMP,CLAMP,0
L,5,1664,CLAMP,src/tracking/advanced_tracker.py:_activate_slot,1664_214_1032_426_1116
R,CLAMP,CLAMP,0
L,6,1664,DETECTION,src/tracking/advanced_tracker.py:_activate_slot,1664_253_751_489_886
R,CLAMP,CLAMP,0
L,7,1664,DETECTION,src/tracking/advanced_tracker.py:_activate_slot,1664_134_1402_226_1507
R,CLAMP,CLAMP,0
A,1664
S,0,1667,CLAMP,src/tracking/advanced_tracker.py:_activate_slot,1667_314_1150_531_1255
S,1,1667,CLAMP,src/tracking/advanced_tracker.py:_activate_slot,1667_444_1147_678_1264
S,2,1667,CLAMP,src/tracking/advanced_tracker.py:_activate_slot,1667_482_1393_735_1533
S,3,1667,CLAMP,src/tracking/advanced_tracker.py:_activate_slot,1667_335_1062_560_1167
S,4,1667,CLAMP,src/tracking/advanced_tracker.py:_activate_slot,1667_448_909_720_1095
S,5,1667,CLAMP,src/tracking/advanced_tracker.py:_activate_slot,1667_213_1039_430_1123
S,6,1667,DETECTION,src/tracking/advanced_tracker.py:_activate_slot,1667_264_750_489_861
S,7,1667,DETECTION,src/tracking/advanced_tracker.py:_activate_slot,1667_133_1408_227_1513
S,8,1667,DETECTION,src/tracking/advanced_tracker.py:_activate_slot,1667_213_1089_384_1185
D,0,1667
S,3,1667,PREDICTION,src/tracking/advanced_tracker.py:id_merge,
D,1,1667
S,2,1667,PREDICTION,src/tracking/advanced_tracker.py:id_merge,
L,2,1667,PREDICTION,src/tracking/advanced_tracker.py:id_merge,
R,PREDICTION,SUBPIXEL,0
L,3,1667,PREDICTION,src/tracking/advanced_tracker.py:id_merge,
R,CLAMP,CLAMP,0
L,4,1667,CLAMP,src/tracking/advanced_tracker.py:_activate_slot,1667_448_909_720_1095
R,CLAMP,CLAMP,0
L,5,1667,CLAMP,src/tracking/advanced_tracker.py:_activate_slot,1667_213_1039_430_1123
R,CLAMP,CLAMP,0
L,6,1667,DETECTION,src/tracking/advanced_tracker.py:_activate_slot,1667_264_750_489_861
R,CLAMP,CLAMP,0
L,7,1667,DETECTION,src/tracking/advanced_tracker.py:_activate_slot,1667_133_1408_227_1513
R,CLAMP,CLAMP,0
L,8,1667,DETECTION,src/tracking/advanced_tracker.py:_activate_slot,1667_213_1089_384_1185
R,CLAMP,CLAMP,0
A,1667
S,0,1670,CLAMP,src/tracking/advanced_tracker.py:_activate_slot,1670_603_1410_889_1554
S,2,1670,CLAMP,src/tracking/advanced_tracker.py:_activate_slot,1670_489_1408_889_1554
S,3,1670,CLAMP,src/tracking/advanced_tracker.py:_activate_slot,1670_346_1059_559_1167
S,4,1670,CLAMP,src/tracking/advanced_tracker.py:_activate_slot,1670_449_892_723_1056
S,6,1670,DETECTION,src/tracking/advanced_tracker.py:_activate_slot,1670_228_741_487_860
S,9,1670,DETECTION,src/tracking/advanced_tracker.py:_activate_slot,1670_217_1044_414_1129
S,7,1670,DETECTION,src/tracking/advanced_tracker.py:_activate_slot,1670_140_1411_229_1516
S,8,1670,DETECTION,src/tracking/advanced_tracker.py:_activate_slot,1670_214_1089_384_1188
S,1,1670,PREDICTION,src/tracking/advanced_tracker.py:kalman_homography,
S,5,1670,PREDICTION,src/tracking/advanced_tracker.py:kalman_homography,
D,0,1670
S,3,1670,PREDICTION,src/tracking/advanced_tracker.py:id_merge,
D,5,1670
S,8,1670,PREDICTION,src/tracking/advanced_tracker.py:id_merge,
D,8,1670
S,9,1670,PREDICTION,src/tracking/advanced_tracker.py:id_merge,
L,1,1670,PREDICTION,src/tracking/advanced_tracker.py:kalman_homography,
R,CLAMP,CLAMP,0
L,2,1670,CLAMP,src/tracking/advanced_tracker.py:_activate_slot,1670_489_1408_889_1554
R,CLAMP,CLAMP,0
L,3,1670,PREDICTION,src/tracking/advanced_tracker.py:id_merge,
R,CLAMP,CLAMP,0
L,4,1670,CLAMP,src/tracking/advanced_tracker.py:_activate_slot,1670_449_892_723_1056
R,CLAMP,CLAMP,0
L,6,1670,DETECTION,src/tracking/advanced_tracker.py:_activate_slot,1670_228_741_487_860
R,CLAMP,CLAMP,0
L,7,1670,DETECTION,src/tracking/advanced_tracker.py:_activate_slot,1670_140_1411_229_1516
R,CLAMP,CLAMP,0
L,9,1670,PREDICTION,src/tracking/advanced_tracker.py:id_merge,
R,PREDICTION,PREDICTION,1
A,1670
S,0,1673,CLAMP,src/tracking/advanced_tracker.py:_activate_slot,1673_591_1408_890_1552
S,1,1673,DETECTION,src/tracking/advanced_tracker.py:_activate_slot,1673_501_1443_696_1575
S,2,1673,CLAMP,src/tracking/advanced_tracker.py:_activate_slot,1673_499_1444_754_1585
S,3,1673,CLAMP,src/tracking/advanced_tracker.py:_activate_slot,1673_431_954_689_1086
S,4,1673,CLAMP,src/tracking/advanced_tracker.py:_activate_slot,1673_437_884_713_1025
S,7,1673,DETECTION,src/tracking/advanced_tracker.py:_activate_slot,1673_424_229_727_355
S,8,1673,DETECTION,src/tracking/advanced_tracker.py:_activate_slot,1673_240_692_487_845
S,5,1673,PREDICTION,src/tracking/advanced_tracker.py:kalman_homography,
S,6,1673,PREDICTION,src/tracking/advanced_tracker.py:kalman_homography,
S,9,1673,PREDICTION,src/tracking/advanced_tracker.py:kalman_homography,
D,0,1673
S,3,1673,PREDICTION,src/tracking/advanced_tracker.py:id_merge,
D,5,1673
S,9,1673,PREDICTION,src/tracking/advanced_tracker.py:id_merge,
D,6,1673
S,8,1673,PREDICTION,src/tracking/advanced_tracker.py:id_merge,
L,1,1673,DETECTION,src/tracking/advanced_tracker.py:_activate_slot,1673_501_1443_696_1575
R,CLAMP,CLAMP,0
L,2,1673,CLAMP,src/tracking/advanced_tracker.py:_activate_slot,1673_499_1444_754_1585
R,CLAMP,CLAMP,0
L,3,1673,PREDICTION,src/tracking/advanced_tracker.py:id_merge,
R,CLAMP,CLAMP,0
L,4,1673,CLAMP,src/tracking/advanced_tracker.py:_activate_slot,1673_437_884_713_1025
R,CLAMP,CLAMP,0
L,7,1673,DETECTION,src/tracking/advanced_tracker.py:_activate_slot,1673_424_229_727_355
R,CLAMP,CLAMP,0
L,8,1673,PREDICTION,src/tracking/advanced_tracker.py:id_merge,
R,CLAMP,CLAMP,0
L,9,1673,PREDICTION,src/tracking/advanced_tracker.py:id_merge,
R,PREDICTION,PREDICTION,1
A,1673
S,0,1676,CLAMP,src/tracking/advanced_tracker.py:_activate_slot,1676_590_1414_888_1558
S,1,1676,DETECTION,src/tracking/advanced_tracker.py:_activate_slot,1676_444_1192_694_1341
S,2,1676,CLAMP,src/tracking/advanced_tracker.py:_activate_slot,1676_496_1468_751_1602
S,3,1676,CLAMP,src/tracking/advanced_tracker.py:_activate_slot,1676_421_936_690_1089
S,4,1676,CLAMP,src/tracking/advanced_tracker.py:_activate_slot,1676_437_889_707_994
S,5,1676,PREDICTION,src/tracking/advanced_tracker.py:kalman_homography,
S,6,1676,PREDICTION,src/tracking/advanced_tracker.py:kalman_homography,
S,8,1676,PREDICTION,src/tracking/advanced_tracker.py:kalman_homography,
S,9,1676,PREDICTION,src/tracking/advanced_tracker.py:kalman_homography,
S,7,1676,PREDICTION,src/tracking/advanced_tracker.py:flow_gapfill_batched,
D,0,1676
S,3,1676,PREDICTION,src/tracking/advanced_tracker.py:id_merge,
D,5,1676
S,9,1676,PREDICTION,src/tracking/advanced_tracker.py:id_merge,
D,6,1676
S,8,1676,PREDICTION,src/tracking/advanced_tracker.py:id_merge,
L,1,1676,DETECTION,src/tracking/advanced_tracker.py:_activate_slot,1676_444_1192_694_1341
R,CLAMP,CLAMP,0
L,2,1676,CLAMP,src/tracking/advanced_tracker.py:_activate_slot,1676_496_1468_751_1602
R,CLAMP,CLAMP,0
L,3,1676,PREDICTION,src/tracking/advanced_tracker.py:id_merge,
R,CLAMP,CLAMP,0
L,4,1676,CLAMP,src/tracking/advanced_tracker.py:_activate_slot,1676_437_889_707_994
R,CLAMP,CLAMP,0
L,7,1676,PREDICTION,src/tracking/advanced_tracker.py:flow_gapfill_batched,
R,CLAMP,CLAMP,0
L,8,1676,PREDICTION,src/tracking/advanced_tracker.py:id_merge,
R,CLAMP,CLAMP,0
L,9,1676,PREDICTION,src/tracking/advanced_tracker.py:id_merge,
R,PREDICTION,SUBPIXEL,0
A,1676
S,0,1679,CLAMP,src/tracking/advanced_tracker.py:_activate_slot,1679_594_1422_889_1581
S,1,1679,DETECTION,src/tracking/advanced_tracker.py:_activate_slot,1679_427_1207_687_1347
S,2,1679,CLAMP,src/tracking/advanced_tracker.py:_activate_slot,1679_489_1494_747_1608
S,3,1679,CLAMP,src/tracking/advanced_tracker.py:_activate_slot,1679_398_874_674_1006
S,4,1679,CLAMP,src/tracking/advanced_tracker.py:_activate_slot,1679_411_852_701_992
S,9,1679,DETECTION,src/tracking/advanced_tracker.py:_activate_slot,1679_216_1055_343_1134
S,5,1679,PREDICTION,src/tracking/advanced_tracker.py:kalman_homography,
S,6,1679,PREDICTION,src/tracking/advanced_tracker.py:kalman_homography,
S,8,1679,PREDICTION,src/tracking/advanced_tracker.py:kalman_homography,
S,7,1679,PREDICTION,src/tracking/advanced_tracker.py:flow_gapfill_batched,
D,0,1679
S,3,1679,PREDICTION,src/tracking/advanced_tracker.py:id_merge,
D,5,1679
S,9,1679,PREDICTION,src/tracking/advanced_tracker.py:id_merge,
D,7,1679
S,8,1679,PREDICTION,src/tracking/advanced_tracker.py:id_merge,
L,1,1679,DETECTION,src/tracking/advanced_tracker.py:_activate_slot,1679_427_1207_687_1347
R,CLAMP,CLAMP,0
L,2,1679,CLAMP,src/tracking/advanced_tracker.py:_activate_slot,1679_489_1494_747_1608
R,CLAMP,CLAMP,0
L,3,1679,PREDICTION,src/tracking/advanced_tracker.py:id_merge,
R,CLAMP,CLAMP,0
L,4,1679,CLAMP,src/tracking/advanced_tracker.py:_activate_slot,1679_411_852_701_992
R,CLAMP,CLAMP,0
L,6,1679,PREDICTION,src/tracking/advanced_tracker.py:kalman_homography,
R,CLAMP,CLAMP,0
L,8,1679,PREDICTION,src/tracking/advanced_tracker.py:id_merge,
R,CLAMP,CLAMP,0
L,9,1679,PREDICTION,src/tracking/advanced_tracker.py:id_merge,
R,PREDICTION,PREDICTION,1
A,1679
S,0,1682,CLAMP,src/tracking/advanced_tracker.py:_activate_slot,1682_592_1429_892_1603
S,1,1682,DETECTION,src/tracking/advanced_tracker.py:_activate_slot,1682_422_1224_675_1353
S,2,1682,CLAMP,src/tracking/advanced_tracker.py:_activate_slot,1682_478_1501_744_1612
S,4,1682,CLAMP,src/tracking/advanced_tracker.py:_activate_slot,1682_389_825_676_993
S,9,1682,DETECTION,src/tracking/advanced_tracker.py:_activate_slot,1682_215_1053_420_1140
S,3,1682,PREDICTION,src/tracking/advanced_tracker.py:kalman_homography,
S,5,1682,PREDICTION,src/tracking/advanced_tracker.py:kalman_homography,
S,6,1682,PREDICTION,src/tracking/advanced_tracker.py:kalman_homography,
S,8,1682,PREDICTION,src/tracking/advanced_tracker.py:kalman_homography,
S,7,1682,PREDICTION,src/tracking/advanced_tracker.py:flow_gapfill_batched,
D,7,1682
S,8,1682,PREDICTION,src/tracking/advanced_tracker.py:id_merge,
L,0,1682,CLAMP,src/tracking/advanced_tracker.py:_activate_slot,1682_592_1429_892_1603
R,CLAMP,CLAMP,0
L,1,1682,DETECTION,src/tracking/advanced_tracker.py:_activate_slot,1682_422_1224_675_1353
R,CLAMP,CLAMP,0
L,2,1682,CLAMP,src/tracking/advanced_tracker.py:_activate_slot,1682_478_1501_744_1612
R,CLAMP,CLAMP,0
L,3,1682,PREDICTION,src/tracking/advanced_tracker.py:kalman_homography,
R,CLAMP,CLAMP,0
L,4,1682,CLAMP,src/tracking/advanced_tracker.py:_activate_slot,1682_389_825_676_993
R,CLAMP,CLAMP,0
L,5,1682,PREDICTION,src/tracking/advanced_tracker.py:kalman_homography,
R,CLAMP,CLAMP,0
L,6,1682,PREDICTION,src/tracking/advanced_tracker.py:kalman_homography,
R,CLAMP,CLAMP,0
L,8,1682,PREDICTION,src/tracking/advanced_tracker.py:id_merge,
R,CLAMP,CLAMP,0
L,9,1682,DETECTION,src/tracking/advanced_tracker.py:_activate_slot,1682_215_1053_420_1140
R,DETECTION,DETECTION,1
A,1682
S,0,1685,CLAMP,src/tracking/advanced_tracker.py:_activate_slot,1685_594_1440_895_1614
S,1,1685,DETECTION,src/tracking/advanced_tracker.py:_activate_slot,1685_419_1234_666_1363
S,2,1685,CLAMP,src/tracking/advanced_tracker.py:_activate_slot,1685_468_1522_729_1630
S,3,1685,DETECTION,src/tracking/advanced_tracker.py:_activate_slot,1685_376_817_678_921
S,4,1685,CLAMP,src/tracking/advanced_tracker.py:_activate_slot,1685_374_815_678_954
S,5,1685,PREDICTION,src/tracking/advanced_tracker.py:kalman_homography,
S,6,1685,PREDICTION,src/tracking/advanced_tracker.py:kalman_homography,
S,9,1685,PREDICTION,src/tracking/advanced_tracker.py:kalman_homography,
S,7,1685,PREDICTION,src/tracking/advanced_tracker.py:flow_gapfill_batched,
S,8,1685,PREDICTION,src/tracking/advanced_tracker.py:flow_gapfill_batched,
D,6,1685
S,8,1685,PREDICTION,src/tracking/advanced_tracker.py:id_merge,
L,0,1685,CLAMP,src/tracking/advanced_tracker.py:_activate_slot,1685_594_1440_895_1614
R,CLAMP,CLAMP,0
L,1,1685,DETECTION,src/tracking/advanced_tracker.py:_activate_slot,1685_419_1234_666_1363
R,CLAMP,CLAMP,0
L,2,1685,CLAMP,src/tracking/advanced_tracker.py:_activate_slot,1685_468_1522_729_1630
R,CLAMP,CLAMP,0
L,3,1685,DETECTION,src/tracking/advanced_tracker.py:_activate_slot,1685_376_817_678_921
R,CLAMP,CLAMP,0
L,4,1685,CLAMP,src/tracking/advanced_tracker.py:_activate_slot,1685_374_815_678_954
R,CLAMP,CLAMP,0
L,5,1685,PREDICTION,src/tracking/advanced_tracker.py:kalman_homography,
R,CLAMP,CLAMP,0
L,7,1685,PREDICTION,src/tracking/advanced_tracker.py:flow_gapfill_batched,
R,CLAMP,CLAMP,0
L,8,1685,PREDICTION,src/tracking/advanced_tracker.py:id_merge,
R,CLAMP,CLAMP,0
L,9,1685,PREDICTION,src/tracking/advanced_tracker.py:kalman_homography,
R,PREDICTION,PREDICTION,1
A,1685
S,0,1688,CLAMP,src/tracking/advanced_tracker.py:_activate_slot,1688_597_1458_900_1614
S,1,1688,DETECTION,src/tracking/advanced_tracker.py:_activate_slot,1688_420_1241_662_1370
S,2,1688,CLAMP,src/tracking/advanced_tracker.py:_activate_slot,1688_462_1530_705_1644
S,3,1688,DETECTION,src/tracking/advanced_tracker.py:_activate_slot,1688_406_808_645_930
S,4,1688,CLAMP,src/tracking/advanced_tracker.py:_activate_slot,1688_381_805_670_972
S,9,1688,DETECTION,src/tracking/advanced_tracker.py:_activate_slot,1688_217_1060_434_1144
S,5,1688,PREDICTION,src/tracking/advanced_tracker.py:kalman_homography,
S,6,1688,PREDICTION,src/tracking/advanced_tracker.py:kalman_homography,
S,7,1688,PREDICTION,src/tracking/advanced_tracker.py:flow_gapfill_batched,
S,8,1688,PREDICTION,src/tracking/advanced_tracker.py:flow_gapfill_batched,
D,6,1688
S,8,1688,PREDICTION,src/tracking/advanced_tracker.py:id_merge,
L,0,1688,CLAMP,src/tracking/advanced_tracker.py:_activate_slot,1688_597_1458_900_1614
R,CLAMP,CLAMP,0
L,1,1688,DETECTION,src/tracking/advanced_tracker.py:_activate_slot,1688_420_1241_662_1370
R,CLAMP,CLAMP,0
L,2,1688,CLAMP,src/tracking/advanced_tracker.py:_activate_slot,1688_462_1530_705_1644
R,CLAMP,CLAMP,0
L,3,1688,DETECTION,src/tracking/advanced_tracker.py:_activate_slot,1688_406_808_645_930
R,CLAMP,CLAMP,0
L,4,1688,CLAMP,src/tracking/advanced_tracker.py:_activate_slot,1688_381_805_670_972
R,CLAMP,CLAMP,0
L,5,1688,PREDICTION,src/tracking/advanced_tracker.py:kalman_homography,
R,CLAMP,CLAMP,0
L,7,1688,PREDICTION,src/tracking/advanced_tracker.py:flow_gapfill_batched,
R,CLAMP,CLAMP,0
L,8,1688,PREDICTION,src/tracking/advanced_tracker.py:id_merge,
R,CLAMP,CLAMP,0
L,9,1688,DETECTION,src/tracking/advanced_tracker.py:_activate_slot,1688_217_1060_434_1144
R,DETECTION,DETECTION,1
A,1688
S,0,1691,CLAMP,src/tracking/advanced_tracker.py:_activate_slot,1691_594_1469_903_1620
S,1,1691,DETECTION,src/tracking/advanced_tracker.py:_activate_slot,1691_417_1249_667_1372
S,2,1691,CLAMP,src/tracking/advanced_tracker.py:_activate_slot,1691_438_1533_690_1656
S,3,1691,DETECTION,src/tracking/advanced_tracker.py:_activate_slot,1691_538_125_800_247
S,4,1691,CLAMP,src/tracking/advanced_tracker.py:_activate_slot,1691_366_800_666_920
S,9,1691,DETECTION,src/tracking/advanced_tracker.py:_activate_slot,1691_215_1062_433_1149
S,6,1691,PREDICTION,src/tracking/advanced_tracker.py:kalman_homography,
S,5,1691,PREDICTION,src/tracking/advanced_tracker.py:flow_gapfill_batched,
S,7,1691,PREDICTION,src/tracking/advanced_tracker.py:flow_gapfill_batched,
S,8,1691,PREDICTION,src/tracking/advanced_tracker.py:flow_gapfill_batched,
D,5,1691
S,9,1691,PREDICTION,src/tracking/advanced_tracker.py:id_merge,
D,6,1691
S,8,1691,PREDICTION,src/tracking/advanced_tracker.py:id_merge,
L,0,1691,CLAMP,src/tracking/advanced_tracker.py:_activate_slot,1691_594_1469_903_1620
R,CLAMP,CLAMP,0
L,1,1691,DETECTION,src/tracking/advanced_tracker.py:_activate_slot,1691_417_1249_667_1372
R,CLAMP,CLAMP,0
L,2,1691,CLAMP,src/tracking/advanced_tracker.py:_activate_slot,1691_438_1533_690_1656
R,CLAMP,CLAMP,0
L,3,1691,DETECTION,src/tracking/advanced_tracker.py:_activate_slot,1691_538_125_800_247
R,CLAMP,CLAMP,0
L,4,1691,CLAMP,src/tracking/advanced_tracker.py:_activate_slot,1691_366_800_666_920
R,CLAMP,CLAMP,0
L,7,1691,PREDICTION,src/tracking/advanced_tracker.py:flow_gapfill_batched,
R,CLAMP,CLAMP,0
L,8,1691,PREDICTION,src/tracking/advanced_tracker.py:id_merge,
R,CLAMP,CLAMP,0
L,9,1691,PREDICTION,src/tracking/advanced_tracker.py:id_merge,
R,PREDICTION,PREDICTION,1
A,1691
S,0,1694,CLAMP,src/tracking/advanced_tracker.py:_activate_slot,1694_594_1479_904_1623
S,1,1694,DETECTION,src/tracking/advanced_tracker.py:_activate_slot,1694_407_1248_667_1373
S,2,1694,CLAMP,src/tracking/advanced_tracker.py:_activate_slot,1694_426_1533_675_1653
S,4,1694,CLAMP,src/tracking/advanced_tracker.py:_activate_slot,1694_369_795_642_903
S,3,1694,PREDICTION,src/tracking/advanced_tracker.py:kalman_homography,
S,9,1694,PREDICTION,src/tracking/advanced_tracker.py:kalman_homography,
S,6,1694,PREDICTION,src/tracking/advanced_tracker.py:flow_gapfill_batched,
S,7,1694,PREDICTION,src/tracking/advanced_tracker.py:flow_gapfill_batched,
S,8,1694,PREDICTION,src/tracking/advanced_tracker.py:flow_gapfill_batched,
D,6,1694
S,8,1694,PREDICTION,src/tracking/advanced_tracker.py:id_merge,
L,0,1694,CLAMP,src/tracking/advanced_tracker.py:_activate_slot,1694_594_1479_904_1623
R,CLAMP,CLAMP,0
L,1,1694,DETECTION,src/tracking/advanced_tracker.py:_activate_slot,1694_407_1248_667_1373
R,CLAMP,CLAMP,0
L,2,1694,CLAMP,src/tracking/advanced_tracker.py:_activate_slot,1694_426_1533_675_1653
R,CLAMP,CLAMP,0
L,3,1694,PREDICTION,src/tracking/advanced_tracker.py:kalman_homography,
R,CLAMP,CLAMP,0
L,4,1694,CLAMP,src/tracking/advanced_tracker.py:_activate_slot,1694_369_795_642_903
R,CLAMP,CLAMP,0
L,7,1694,PREDICTION,src/tracking/advanced_tracker.py:flow_gapfill_batched,
R,CLAMP,CLAMP,0
L,8,1694,PREDICTION,src/tracking/advanced_tracker.py:id_merge,
R,CLAMP,CLAMP,0
L,9,1694,PREDICTION,src/tracking/advanced_tracker.py:kalman_homography,
R,PREDICTION,PREDICTION,1
A,1694
S,0,1697,CLAMP,src/tracking/advanced_tracker.py:_activate_slot,1697_592_1498_906_1630
S,1,1697,DETECTION,src/tracking/advanced_tracker.py:_activate_slot,1697_372_786_628_882
S,2,1697,CLAMP,src/tracking/advanced_tracker.py:_activate_slot,1697_423_1528_639_1642
S,4,1697,CLAMP,src/tracking/advanced_tracker.py:_activate_slot,1697_367_777_640_900
S,5,1697,DETECTION,src/tracking/advanced_tracker.py:_activate_slot,1697_269_901_463_982
S,9,1697,PREDICTION,src/tracking/advanced_tracker.py:kalman_homography,
S,3,1697,PREDICTION,src/tracking/advanced_tracker.py:flow_gapfill_batched,
S,7,1697,PREDICTION,src/tracking/advanced_tracker.py:flow_gapfill_batched,
S,8,1697,PREDICTION,src/tracking/advanced_tracker.py:flow_gapfill_batched,
D,8,1697
S,5,1697,PREDICTION,src/tracking/advanced_tracker.py:id_merge,
D,9,1697
S,5,1697,PREDICTION,src/tracking/advanced_tracker.py:id_merge,
L,0,1697,CLAMP,src/tracking/advanced_tracker.py:_activate_slot,1697_592_1498_906_1630
R,CLAMP,CLAMP,0
L,1,1697,DETECTION,src/tracking/advanced_tracker.py:_activate_slot,1697_372_786_628_882
R,CLAMP,CLAMP,0
L,2,1697,CLAMP,src/tracking/advanced_tracker.py:_activate_slot,1697_423_1528_639_1642
R,CLAMP,CLAMP,0
L,3,1697,PREDICTION,src/tracking/advanced_tracker.py:flow_gapfill_batched,
R,CLAMP,CLAMP,0
L,4,1697,CLAMP,src/tracking/advanced_tracker.py:_activate_slot,1697_367_777_640_900
R,CLAMP,CLAMP,0
L,5,1697,PREDICTION,src/tracking/advanced_tracker.py:id_merge,
R,CLAMP,CLAMP,0
L,7,1697,PREDICTION,src/tracking/advanced_tracker.py:flow_gapfill_batched,
R,CLAMP,CLAMP,0
A,1697
S,0,1700,CLAMP,src/tracking/advanced_tracker.py:_activate_slot,1700_591_1507_906_1636
S,1,1700,DETECTION,src/tracking/advanced_tracker.py:_activate_slot,1700_461_258_734_434
S,2,1700,CLAMP,src/tracking/advanced_tracker.py:_activate_slot,1700_432_1520_648_1635
S,4,1700,CLAMP,src/tracking/advanced_tracker.py:_activate_slot,1700_361_785_605_875
S,5,1700,DETECTION,src/tracking/advanced_tracker.py:_activate_slot,1700_221_1212_379_1305
S,9,1700,PREDICTION,src/tracking/advanced_tracker.py:kalman_homography,
S,3,1700,PREDICTION,src/tracking/advanced_tracker.py:flow_gapfill_batched,
D,3,1700
S,1,1700,PREDICTION,src/tracking/advanced_tracker.py:id_merge,
D,9,1700
S,5,1700,PREDICTION,src/tracking/advanced_tracker.py:id_merge,
L,0,1700,CLAMP,src/tracking/advanced_tracker.py:_activate_slot,1700_591_1507_906_1636
R,CLAMP,CLAMP,0
L,1,1700,PREDICTION,src/tracking/advanced_tracker.py:id_merge,
R,CLAMP,CLAMP,0
L,2,1700,CLAMP,src/tracking/advanced_tracker.py:_activate_slot,1700_432_1520_648_1635
R,CLAMP,CLAMP,0
L,4,1700,CLAMP,src/tracking/advanced_tracker.py:_activate_slot,1700_361_785_605_875
R,CLAMP,CLAMP,0
L,5,1700,PREDICTION,src/tracking/advanced_tracker.py:id_merge,
R,CLAMP,CLAMP,0
A,1700
S,0,1703,CLAMP,src/tracking/advanced_tracker.py:_activate_slot,1703_592_1520_912_1647
S,1,1703,DETECTION,src/tracking/advanced_tracker.py:_activate_slot,1703_362_719_578_831
S,2,1703,CLAMP,src/tracking/advanced_tracker.py:_activate_slot,1703_432_1509_656_1614
S,3,1703,DETECTION,src/tracking/advanced_tracker.py:_activate_slot,1703_330_900_552_1041
S,4,1703,CLAMP,src/tracking/advanced_tracker.py:_activate_slot,1703_361_778_588_871
S,9,1703,DETECTION,src/tracking/advanced_tracker.py:_activate_slot,1703_219_1064_439_1151
S,5,1703,PREDICTION,src/tracking/advanced_tracker.py:kalman_homography,
D,1,1703
S,3,1703,PREDICTION,src/tracking/advanced_tracker.py:id_merge,
D,5,1703
S,9,1703,PREDICTION,src/tracking/advanced_tracker.py:id_merge,
L,0,1703,CLAMP,src/tracking/advanced_tracker.py:_activate_slot,1703_592_1520_912_1647
R,CLAMP,CLAMP,0
L,2,1703,CLAMP,src/tracking/advanced_tracker.py:_activate_slot,1703_432_1509_656_1614
R,CLAMP,CLAMP,0
L,3,1703,PREDICTION,src/tracking/advanced_tracker.py:id_merge,
R,CLAMP,CLAMP,0
L,4,1703,CLAMP,src/tracking/advanced_tracker.py:_activate_slot,1703_361_778_588_871
R,CLAMP,CLAMP,0
L,9,1703,PREDICTION,src/tracking/advanced_tracker.py:id_merge,
R,PREDICTION,PREDICTION,1
A,1703
S,0,1706,CLAMP,src/tracking/advanced_tracker.py:_activate_slot,1706_593_1527_912_1647
S,1,1706,DETECTION,src/tracking/advanced_tracker.py:_activate_slot,1706_459_338_720_438
S,2,1706,CLAMP,src/tracking/advanced_tracker.py:_activate_slot,1706_428_1474_655_1609
S,3,1706,DETECTION,src/tracking/advanced_tracker.py:_activate_slot,1706_202_904_535_1030
S,4,1706,CLAMP,src/tracking/advanced_tracker.py:_activate_slot,1706_360_693_579_823
S,6,1706,DETECTION,src/tracking/advanced_tracker.py:_activate_slot,1706_261_764_587_917
S,9,1706,DETECTION,src/tracking/advanced_tracker.py:_activate_slot,1706_217_1065_438_1155
S,5,1706,PREDICTION,src/tracking/advanced_tracker.py:kalman_homography,
L,0,1706,CLAMP,src/tracking/advanced_tracker.py:_activate_slot,1706_593_1527_912_1647
R,CLAMP,CLAMP,0
L,1,1706,DETECTION,src/tracking/advanced_tracker.py:_activate_slot,1706_459_338_720_438
R,CLAMP,CLAMP,0
L,2,1706,CLAMP,src/tracking/advanced_tracker.py:_activate_slot,1706_428_1474_655_1609
R,CLAMP,CLAMP,0
L,3,1706,DETECTION,src/tracking/advanced_tracker.py:_activate_slot,1706_202_904_535_1030
R,CLAMP,CLAMP,0
L,4,1706,CLAMP,src/tracking/advanced_tracker.py:_activate_slot,1706_360_693_579_823
R,CLAMP,CLAMP,0
L,5,1706,PREDICTION,src/tracking/advanced_tracker.py:kalman_homography,
R,CLAMP,CLAMP,0
L,6,1706,DETECTION,src/tracking/advanced_tracker.py:_activate_slot,1706_261_764_587_917
R,CLAMP,CLAMP,0
L,9,1706,DETECTION,src/tracking/advanced_tracker.py:_activate_slot,1706_217_1065_438_1155
R,DETECTION,DETECTION,1
A,1706
S,0,1709,CLAMP,src/tracking/advanced_tracker.py:_activate_slot,1709_597_1533_915_1653
S,2,1709,CLAMP,src/tracking/advanced_tracker.py:_activate_slot,1709_427_1450_644_1581
S,3,1709,DETECTION,src/tracking/advanced_tracker.py:_activate_slot,1709_380_1260_630_1392
S,4,1709,CLAMP,src/tracking/advanced_tracker.py:_activate_slot,1709_364_697_577_813
S,6,1709,DETECTION,src/tracking/advanced_tracker.py:_activate_slot,1709_279_907_535_1000
S,9,1709,DETECTION,src/tracking/advanced_tracker.py:_activate_slot,1709_223_1069_439_1159
S,1,1709,PREDICTION,src/tracking/advanced_tracker.py:kalman_homography,
S,5,1709,PREDICTION,src/tracking/advanced_tracker.py:kalman_homography,
D,6,1709
S,9,1709,PREDICTION,src/tracking/advanced_tracker.py:id_merge,
L,0,1709,CLAMP,src/tracking/advanced_tracker.py:_activate_slot,1709_597_1533_915_1653
R,CLAMP,CLAMP,0
L,1,1709,PREDICTION,src/tracking/advanced_tracker.py:kalman_homography,
R,CLAMP,CLAMP,0
L,2,1709,CLAMP,src/tracking/advanced_tracker.py:_activate_slot,1709_427_1450_644_1581
R,CLAMP,CLAMP,0
L,3,1709,DETECTION,src/tracking/advanced_tracker.py:_activate_slot,1709_380_1260_630_1392
R,CLAMP,CLAMP,0
L,4,1709,CLAMP,src/tracking/advanced_tracker.py:_activate_slot,1709_364_697_577_813
R,CLAMP,CLAMP,0
L,5,1709,PREDICTION,src/tracking/advanced_tracker.py:kalman_homography,
R,CLAMP,CLAMP,0
L,9,1709,PREDICTION,src/tracking/advanced_tracker.py:id_merge,
R,PREDICTION,PREDICTION,1
A,1709
S,0,1712,CLAMP,src/tracking/advanced_tracker.py:_activate_slot,1712_600_1534_916_1657
S,2,1712,CLAMP,src/tracking/advanced_tracker.py:_activate_slot,1712_436_1426_645_1558
S,3,1712,DETECTION,src/tracking/advanced_tracker.py:_activate_slot,1712_368_765_594_876
S,4,1712,CLAMP,src/tracking/advanced_tracker.py:_activate_slot,1712_366_690_576_799
S,9,1712,DETECTION,src/tracking/advanced_tracker.py:_activate_slot,1712_221_1075_442_1165
S,1,1712,PREDICTION,src/tracking/advanced_tracker.py:kalman_homography,
S,5,1712,PREDICTION,src/tracking/advanced_tracker.py:kalman_homography,
S,6,1712,PREDICTION,src/tracking/advanced_tracker.py:kalman_homography,
D,6,1712
S,9,1712,PREDICTION,src/tracking/advanced_tracker.py:id_merge,
L,0,1712,CLAMP,src/tracking/advanced_tracker.py:_activate_slot,1712_600_1534_916_1657
R,CLAMP,CLAMP,0
L,1,1712,PREDICTION,src/tracking/advanced_tracker.py:kalman_homography,
R,CLAMP,CLAMP,0
L,2,1712,CLAMP,src/tracking/advanced_tracker.py:_activate_slot,1712_436_1426_645_1558
R,CLAMP,CLAMP,0
L,3,1712,DETECTION,src/tracking/advanced_tracker.py:_activate_slot,1712_368_765_594_876
R,CLAMP,CLAMP,0
L,5,1712,PREDICTION,src/tracking/advanced_tracker.py:kalman_homography,
R,CLAMP,CLAMP,0
L,9,1712,PREDICTION,src/tracking/advanced_tracker.py:id_merge,
R,PREDICTION,PREDICTION,1
A,1712
S,0,1715,CLAMP,src/tracking/advanced_tracker.py:_activate_slot,1715_600_1542_917_1662
S,2,1715,CLAMP,src/tracking/advanced_tracker.py:_activate_slot,1715_444_1404_631_1542
S,3,1715,DETECTION,src/tracking/advanced_tracker.py:_activate_slot,1715_394_1253_637_1487
S,4,1715,DETECTION,src/tracking/advanced_tracker.py:_activate_slot,1715_556_277_816_398
S,9,1715,DETECTION,src/tracking/advanced_tracker.py:_activate_slot,1715_226_1081_446_1171
S,5,1715,PREDICTION,src/tracking/advanced_tracker.py:kalman_homography,
S,6,1715,PREDICTION,src/tracking/advanced_tracker.py:kalman_homography,
S,1,1715,PREDICTION,src/tracking/advanced_tracker.py:flow_gapfill_batched,
D,1,1715
S,4,1715,PREDICTION,src/tracking/advanced_tracker.py:id_merge,
D,6,1715
S,9,1715,PREDICTION,src/tracking/advanced_tracker.py:id_merge,
L,0,1715,CLAMP,src/tracking/advanced_tracker.py:_activate_slot,1715_600_1542_917_1662
R,CLAMP,CLAMP,0
L,2,1715,CLAMP,src/tracking/advanced_tracker.py:_activate_slot,1715_444_1404_631_1542
R,CLAMP,CLAMP,0
L,3,1715,DETECTION,src/tracking/advanced_tracker.py:_activate_slot,1715_394_1253_637_1487
R,CLAMP,CLAMP,0
L,4,1715,PREDICTION,src/tracking/advanced_tracker.py:id_merge,
R,CLAMP,CLAMP,0
L,5,1715,PREDICTION,src/tracking/advanced_tracker.py:kalman_homography,
R,CLAMP,CLAMP,0
L,9,1715,PREDICTION,src/tracking/advanced_tracker.py:id_merge,
R,PREDICTION,PREDICTION,1
A,1715
S,0,1718,CLAMP,src/tracking/advanced_tracker.py:_activate_slot,1718_600_1545_919_1668
S,2,1718,CLAMP,src/tracking/advanced_tracker.py:_activate_slot,1718_438_1384_633_1537
S,3,1718,DETECTION,src/tracking/advanced_tracker.py:_activate_slot,1718_470_415_755_514
S,4,1718,DETECTION,src/tracking/advanced_tracker.py:_activate_slot,1718_557_304_818_418
S,9,1718,DETECTION,src/tracking/advanced_tracker.py:_activate_slot,1718_226_1089_444_1175
S,7,1718,DETECTION,src/tracking/advanced_tracker.py:_activate_slot,1718_148_1462_241_1567
S,8,1718,DETECTION,src/tracking/advanced_tracker.py:_activate_slot,1718_257_792_491_888
S,5,1718,PREDICTION,src/tracking/advanced_tracker.py:kalman_homography,
S,6,1718,PREDICTION,src/tracking/advanced_tracker.py:kalman_homography,
S,1,1718,PREDICTION,src/tracking/advanced_tracker.py:flow_gapfill_batched,
D,1,1718
S,3,1718,PREDICTION,src/tracking/advanced_tracker.py:id_merge,
D,3,1718
S,4,1718,PREDICTION,src/tracking/advanced_tracker.py:id_merge,
D,6,1718
S,9,1718,PREDICTION,src/tracking/advanced_tracker.py:id_merge,
L,0,1718,CLAMP,src/tracking/advanced_tracker.py:_activate_slot,1718_600_1545_919_1668
R,CLAMP,CLAMP,0
L,2,1718,CLAMP,src/tracking/advanced_tracker.py:_activate_slot,1718_438_1384_633_1537
R,CLAMP,CLAMP,0
L,4,1718,PREDICTION,src/tracking/advanced_tracker.py:id_merge,
R,CLAMP,CLAMP,0
L,5,1718,PREDICTION,src/tracking/advanced_tracker.py:kalman_homography,
R,CLAMP,CLAMP,0
L,7,1718,DETECTION,src/tracking/advanced_tracker.py:_activate_slot,1718_148_1462_241_1567
R,CLAMP,CLAMP,0
L,8,1718,DETECTION,src/tracking/advanced_tracker.py:_activate_slot,1718_257_792_491_888
R,CLAMP,CLAMP,0
L,9,1718,PREDICTION,src/tracking/advanced_tracker.py:id_merge,
R,PREDICTION,PREDICTION,1
A,1718
S,0,1721,CLAMP,src/tracking/advanced_tracker.py:_activate_slot,1721_601_1551_921_1677
S,2,1721,CLAMP,src/tracking/advanced_tracker.py:_activate_slot,1721_435_1380_631_1543
S,3,1721,DETECTION,src/tracking/advanced_tracker.py:_activate_slot,1721_394_1316_632_1539
S,4,1721,DETECTION,src/tracking/advanced_tracker.py:_activate_slot,1721_557_328_820_454
S,5,1721,CLAMP,src/tracking/advanced_tracker.py:_activate_slot,1721_420_-15_684_130
S,7,1721,DETECTION,src/tracking/advanced_tracker.py:_activate_slot,1721_148_1474_243_1578
S,8,1721,DETECTION,src/tracking/advanced_tracker.py:_activate_slot,1721_267_781_484_877
S,9,1721,DETECTION,src/tracking/advanced_tracker.py:_activate_slot,1721_228_1097_447_1185
S,6,1721,PREDICTION,src/tracking/advanced_tracker.py:kalman_homography,
S,1,1721,PREDICTION,src/tracking/advanced_tracker.py:flow_gapfill_batched,
D,1,1721
S,4,1721,PREDICTION,src/tracking/advanced_tracker.py:id_merge,
D,6,1721
S,9,1721,PREDICTION,src/tracking/advanced_tracker.py:id_merge,
L,3,1721,DETECTION,src/tracking/advanced_tracker.py:_activate_slot,1721_394_1316_632_1539
R,CLAMP,CLAMP,0
L,4,1721,PREDICTION,src/tracking/advanced_tracker.py:id_merge,
R,CLAMP,CLAMP,0
L,5,1721,CLAMP,src/tracking/advanced_tracker.py:_activate_slot,1721_420_-15_684_130
R,CLAMP,CLAMP,0
L,7,1721,DETECTION,src/tracking/advanced_tracker.py:_activate_slot,1721_148_1474_243_1578
R,CLAMP,CLAMP,0
L,8,1721,DETECTION,src/tracking/advanced_tracker.py:_activate_slot,1721_267_781_484_877
R,CLAMP,CLAMP,0
L,9,1721,PREDICTION,src/tracking/advanced_tracker.py:id_merge,
R,PREDICTION,PREDICTION,1
A,1721
S,0,1724,DETECTION,src/tracking/advanced_tracker.py:_activate_slot,1724_603_1557_921_1683
S,2,1724,DETECTION,src/tracking/advanced_tracker.py:_activate_slot,1724_414_-13_684_125
S,3,1724,DETECTION,src/tracking/advanced_tracker.py:_activate_slot,1724_462_450_731_562
S,4,1724,DETECTION,src/tracking/advanced_tracker.py:_activate_slot,1724_562_333_825_481
S,5,1724,DETECTION,src/tracking/advanced_tracker.py:_activate_slot,1724_155_1480_242_1582
S,8,1724,DETECTION,src/tracking/advanced_tracker.py:_activate_slot,1724_268_777_490_884
S,9,1724,DETECTION,src/tracking/advanced_tracker.py:_activate_slot,1724_232_1102_450_1189
S,6,1724,PREDICTION,src/tracking/advanced_tracker.py:kalman_homography,
S,7,1724,PREDICTION,src/tracking/advanced_tracker.py:kalman_homography,
S,1,1724,PREDICTION,src/tracking/advanced_tracker.py:flow_gapfill_batched,
D,1,1724
S,3,1724,PREDICTION,src/tracking/advanced_tracker.py:id_merge,
D,3,1724
S,4,1724,PREDICTION,src/tracking/advanced_tracker.py:id_merge,
D,7,1724
S,5,1724,PREDICTION,src/tracking/advanced_tracker.py:id_merge,
D,6,1724
S,9,1724,PREDICTION,src/tracking/advanced_tracker.py:id_merge,
L,0,1724,DETECTION,src/tracking/advanced_tracker.py:_activate_slot,1724_603_1557_921_1683
R,CLAMP,CLAMP,0
L,2,1724,DETECTION,src/tracking/advanced_tracker.py:_activate_slot,1724_414_-13_684_125
R,CLAMP,CLAMP,0
L,4,1724,PREDICTION,src/tracking/advanced_tracker.py:id_merge,
R,CLAMP,CLAMP,0
L,5,1724,PREDICTION,src/tracking/advanced_tracker.py:id_merge,
R,CLAMP,CLAMP,0
L,8,1724,DETECTION,src/tracking/advanced_tracker.py:_activate_slot,1724_268_777_490_884
R,CLAMP,CLAMP,0
L,9,1724,PREDICTION,src/tracking/advanced_tracker.py:id_merge,
R,PREDICTION,PREDICTION,1
A,1724
S,0,1727,DETECTION,src/tracking/advanced_tracker.py:_activate_slot,1727_603_1560_921_1686
S,3,1727,DETECTION,src/tracking/advanced_tracker.py:_activate_slot,1727_470_471_729_581
S,4,1727,DETECTION,src/tracking/advanced_tracker.py:_activate_slot,1727_565_357_835_510
S,5,1727,CLAMP,src/tracking/advanced_tracker.py:_activate_slot,1727_409_2_681_131
S,7,1727,DETECTION,src/tracking/advanced_tracker.py:_activate_slot,1727_154_1486_244_1588
S,8,1727,DETECTION,src/tracking/advanced_tracker.py:_activate_slot,1727_264_770_487_881
S,9,1727,DETECTION,src/tracking/advanced_tracker.py:_activate_slot,1727_227_1111_450_1195
S,2,1727,PREDICTION,src/tracking/advanced_tracker.py:kalman_homography,
S,6,1727,PREDICTION,src/tracking/advanced_tracker.py:kalman_homography,
S,1,1727,PREDICTION,src/tracking/advanced_tracker.py:flow_gapfill_batched,
D,1,1727
S,3,1727,PREDICTION,src/tracking/advanced_tracker.py:id_merge,
D,3,1727
S,4,1727,PREDICTION,src/tracking/advanced_tracker.py:id_merge,
D,5,1727
S,7,1727,PREDICTION,src/tracking/advanced_tracker.py:id_merge,
D,6,1727
S,9,1727,PREDICTION,src/tracking/advanced_tracker.py:id_merge,
L,0,1727,DETECTION,src/tracking/advanced_tracker.py:_activate_slot,1727_603_1560_921_1686
R,CLAMP,CLAMP,0
L,2,1727,PREDICTION,src/tracking/advanced_tracker.py:kalman_homography,
R,CLAMP,CLAMP,0
L,4,1727,PREDICTION,src/tracking/advanced_tracker.py:id_merge,
R,CLAMP,CLAMP,0
L,7,1727,PREDICTION,src/tracking/advanced_tracker.py:id_merge,
R,CLAMP,CLAMP,0
L,8,1727,DETECTION,src/tracking/advanced_tracker.py:_activate_slot,1727_264_770_487_881
R,CLAMP,CLAMP,0
L,9,1727,PREDICTION,src/tracking/advanced_tracker.py:id_merge,
R,PREDICTION,PREDICTION,1
A,1727
S,0,1730,DETECTION,src/tracking/advanced_tracker.py:_activate_slot,1730_604_1563_922_1689
S,2,1730,DETECTION,src/tracking/advanced_tracker.py:_activate_slot,1730_461_499_719_591
S,4,1730,DETECTION,src/tracking/advanced_tracker.py:_activate_slot,1730_570_396_824_545
S,5,1730,DETECTION,src/tracking/advanced_tracker.py:_activate_slot,1730_423_19_678_140
S,7,1730,DETECTION,src/tracking/advanced_tracker.py:_activate_slot,1730_152_1491_242_1593
S,8,1730,DETECTION,src/tracking/advanced_tracker.py:_activate_slot,1730_264_765_475_861
S,9,1730,DETECTION,src/tracking/advanced_tracker.py:_activate_slot,1730_307_1095_504_1191
S,3,1730,PREDICTION,src/tracking/advanced_tracker.py:kalman_homography,
S,6,1730,PREDICTION,src/tracking/advanced_tracker.py:kalman_homography,
S,1,1730,PREDICTION,src/tracking/advanced_tracker.py:flow_gapfill_batched,
D,1,1730
S,2,1730,PREDICTION,src/tracking/advanced_tracker.py:id_merge,
D,3,1730
S,2,1730,PREDICTION,src/tracking/advanced_tracker.py:id_merge,
D,2,1730
S,4,1730,PREDICTION,src/tracking/advanced_tracker.py:id_merge,
D,6,1730
S,9,1730,PREDICTION,src/tracking/advanced_tracker.py:id_merge,
L,0,1730,DETECTION,src/tracking/advanced_tracker.py:_activate_slot,1730_604_1563_922_1689
R,CLAMP,CLAMP,0
L,4,1730,PREDICTION,src/tracking/advanced_tracker.py:id_merge,
R,CLAMP,CLAMP,0
L,5,1730,DETECTION,src/tracking/advanced_tracker.py:_activate_slot,1730_423_19_678_140
R,CLAMP,CLAMP,0
L,7,1730,DETECTION,src/tracking/advanced_tracker.py:_activate_slot,1730_152_1491_242_1593
R,CLAMP,CLAMP,0
L,8,1730,DETECTION,src/tracking/advanced_tracker.py:_activate_slot,1730_264_765_475_861
R,CLAMP,CLAMP,0
L,9,1730,PREDICTION,src/tracking/advanced_tracker.py:id_merge,
R,PREDICTION,PREDICTION,1
A,1730
S,0,1733,DETECTION,src/tracking/advanced_tracker.py:_activate_slot,1733_604_1560_922_1689
S,2,1733,DETECTION,src/tracking/advanced_tracker.py:_activate_slot,1733_460_513_731_617
S,3,1733,DETECTION,src/tracking/advanced_tracker.py:_activate_slot,1733_463_516_643_616
S,4,1733,DETECTION,src/tracking/advanced_tracker.py:_activate_slot,1733_576_440_829_591
S,7,1733,DETECTION,src/tracking/advanced_tracker.py:_activate_slot,1733_297_852_508_966
S,8,1733,PREDICTION,src/tracking/advanced_tracker.py:kalman_homography,
S,9,1733,PREDICTION,src/tracking/advanced_tracker.py:kalman_homography,
S,5,1733,PREDICTION,src/tracking/advanced_tracker.py:flow_gapfill_batched,
S,6,1733,PREDICTION,src/tracking/advanced_tracker.py:flow_gapfill_batched,
D,2,1733
S,3,1733,PREDICTION,src/tracking/advanced_tracker.py:id_merge,
D,3,1733
S,4,1733,PREDICTION,src/tracking/advanced_tracker.py:id_merge,
D,6,1733
S,7,1733,PREDICTION,src/tracking/advanced_tracker.py:id_merge,
D,8,1733
S,7,1733,PREDICTION,src/tracking/advanced_tracker.py:id_merge,
D,9,1733
S,7,1733,PREDICTION,src/tracking/advanced_tracker.py:id_merge,
L,0,1733,DETECTION,src/tracking/advanced_tracker.py:_activate_slot,1733_604_1560_922_1689
R,CLAMP,CLAMP,0
L,4,1733,PREDICTION,src/tracking/advanced_tracker.py:id_merge,
R,CLAMP,CLAMP,0
L,5,1733,PREDICTION,src/tracking/advanced_tracker.py:flow_gapfill_batched,
R,CLAMP,CLAMP,0
L,7,1733,PREDICTION,src/tracking/advanced_tracker.py:id_merge,
R,CLAMP,CLAMP,0
A,1733
S,0,1736,DETECTION,src/tracking/advanced_tracker.py:_activate_slot,1736_609_1551_923_1695
S,2,1736,DETECTION,src/tracking/advanced_tracker.py:_activate_slot,1736_390_602_612_732
S,3,1736,DETECTION,src/tracking/advanced_tracker.py:_activate_slot,1736_259_760_480_850
S,4,1736,DETECTION,src/tracking/advanced_tracker.py:_activate_slot,1736_596_450_825_585
S,7,1736,PREDICTION,src/tracking/advanced_tracker.py:kalman_homography,
S,8,1736,PREDICTION,src/tracking/advanced_tracker.py:kalman_homography,
S,9,1736,PREDICTION,src/tracking/advanced_tracker.py:kalman_homography,
S,5,1736,PREDICTION,src/tracking/advanced_tracker.py:flow_gapfill_batched,
D,2,1736
S,3,1736,PREDICTION,src/tracking/advanced_tracker.py:id_merge,
D,8,1736
S,7,1736,PREDICTION,src/tracking/advanced_tracker.py:id_merge,
L,0,1736,DETECTION,src/tracking/advanced_tracker.py:_activate_slot,1736_609_1551_923_1695
R,CLAMP,CLAMP,0
L,3,1736,PREDICTION,src/tracking/advanced_tracker.py:id_merge,
R,CLAMP,CLAMP,0
L,4,1736,DETECTION,src/tracking/advanced_tracker.py:_activate_slot,1736_596_450_825_585
R,CLAMP,CLAMP,0
L,5,1736,PREDICTION,src/tracking/advanced_tracker.py:flow_gapfill_batched,
R,CLAMP,CLAMP,0
L,7,1736,PREDICTION,src/tracking/advanced_tracker.py:id_merge,
R,CLAMP,CLAMP,0
L,9,1736,PREDICTION,src/tracking/advanced_tracker.py:kalman_homography,
R,PREDICTION,PREDICTION,1
A,1736
S,0,1739,DETECTION,src/tracking/advanced_tracker.py:_activate_slot,1739_613_1548_928_1704
S,3,1739,DETECTION,src/tracking/advanced_tracker.py:_activate_slot,1739_274_768_469_854
S,4,1739,DETECTION,src/tracking/advanced_tracker.py:_activate_slot,1739_606_474_831_645
S,5,1739,DETECTION,src/tracking/advanced_tracker.py:_activate_slot,1739_411_41_667_203
S,2,1739,PREDICTION,src/tracking/advanced_tracker.py:kalman_homography,
S,7,1739,PREDICTION,src/tracking/advanced_tracker.py:kalman_homography,
S,8,1739,PREDICTION,src/tracking/advanced_tracker.py:kalman_homography,
S,9,1739,PREDICTION,src/tracking/advanced_tracker.py:kalman_homography,
D,2,1739
S,3,1739,PREDICTION,src/tracking/advanced_tracker.py:id_merge,
D,8,1739
S,7,1739,PREDICTION,src/tracking/advanced_tracker.py:id_merge,
L,0,1739,DETECTION,src/tracking/advanced_tracker.py:_activate_slot,1739_613_1548_928_1704
R,CLAMP,CLAMP,0
L,3,1739,PREDICTION,src/tracking/advanced_tracker.py:id_merge,
R,CLAMP,CLAMP,0
L,4,1739,DETECTION,src/tracking/advanced_tracker.py:_activate_slot,1739_606_474_831_645
R,CLAMP,CLAMP,0
L,5,1739,DETECTION,src/tracking/advanced_tracker.py:_activate_slot,1739_411_41_667_203
R,CLAMP,CLAMP,0
L,7,1739,PREDICTION,src/tracking/advanced_tracker.py:id_merge,
R,CLAMP,CLAMP,0
L,9,1739,PREDICTION,src/tracking/advanced_tracker.py:kalman_homography,
R,PREDICTION,PREDICTION,1
A,1739
S,0,1742,DETECTION,src/tracking/advanced_tracker.py:_activate_slot,1742_618_1548_933_1719
S,4,1742,DETECTION,src/tracking/advanced_tracker.py:_activate_slot,1742_600_515_831_671
S,5,1742,DETECTION,src/tracking/advanced_tracker.py:_activate_slot,1742_412_87_663_200
S,2,1742,PREDICTION,src/tracking/advanced_tracker.py:kalman_homography,
S,3,1742,PREDICTION,src/tracking/advanced_tracker.py:kalman_homography,
S,7,1742,PREDICTION,src/tracking/advanced_tracker.py:kalman_homography,
S,8,1742,PREDICTION,src/tracking/advanced_tracker.py:kalman_homography,
S,9,1742,PREDICTION,src/tracking/advanced_tracker.py:kalman_homography,
D,2,1742
S,3,1742,PREDICTION,src/tracking/advanced_tracker.py:id_merge,
D,7,1742
S,5,1742,PREDICTION,src/tracking/advanced_tracker.py:id_merge,
L,0,1742,DETECTION,src/tracking/advanced_tracker.py:_activate_slot,1742_618_1548_933_1719
R,CLAMP,CLAMP,0
L,3,1742,PREDICTION,src/tracking/advanced_tracker.py:id_merge,
R,CLAMP,CLAMP,0
L,4,1742,DETECTION,src/tracking/advanced_tracker.py:_activate_slot,1742_600_515_831_671
R,CLAMP,CLAMP,0
L,5,1742,PREDICTION,src/tracking/advanced_tracker.py:id_merge,
R,CLAMP,CLAMP,0
L,8,1742,PREDICTION,src/tracking/advanced_tracker.py:kalman_homography,
R,CLAMP,CLAMP,0
L,9,1742,PREDICTION,src/tracking/advanced_tracker.py:kalman_homography,
R,PREDICTION,PREDICTION,1
A,1742
S,0,1745,DETECTION,src/tracking/advanced_tracker.py:_activate_slot,1745_618_1554_929_1728
S,1,1745,DETECTION,src/tracking/advanced_tracker.py:_activate_slot,1745_477_605_651_721
S,4,1745,DETECTION,src/tracking/advanced_tracker.py:_activate_slot,1745_594_598_831_726
S,2,1745,PREDICTION,src/tracking/advanced_tracker.py:kalman_homography,
S,3,1745,PREDICTION,src/tracking/advanced_tracker.py:kalman_homography,
S,5,1745,PREDICTION,src/tracking/advanced_tracker.py:kalman_homography,
S,7,1745,PREDICTION,src/tracking/advanced_tracker.py:kalman_homography,
S,8,1745,PREDICTION,src/tracking/advanced_tracker.py:kalman_homography,
S,9,1745,PREDICTION,src/tracking/advanced_tracker.py:kalman_homography,
D,1,1745
S,4,1745,PREDICTION,src/tracking/advanced_tracker.py:id_merge,
D,2,1745
S,3,1745,PREDICTION,src/tracking/advanced_tracker.py:id_merge,
D,7,1745
S,5,1745,PREDICTION,src/tracking/advanced_tracker.py:id_merge,
L,0,1745,DETECTION,src/tracking/advanced_tracker.py:_activate_slot,1745_618_1554_929_1728
R,CLAMP,CLAMP,0
L,3,1745,PREDICTION,src/tracking/advanced_tracker.py:id_merge,
R,CLAMP,CLAMP,0
L,4,1745,PREDICTION,src/tracking/advanced_tracker.py:id_merge,
R,CLAMP,CLAMP,0
L,5,1745,PREDICTION,src/tracking/advanced_tracker.py:id_merge,
R,CLAMP,CLAMP,0
L,8,1745,PREDICTION,src/tracking/advanced_tracker.py:kalman_homography,
R,CLAMP,CLAMP,0
L,9,1745,PREDICTION,src/tracking/advanced_tracker.py:kalman_homography,
R,PREDICTION,PREDICTION,1
A,1745
S,0,1748,DETECTION,src/tracking/advanced_tracker.py:_activate_slot,1748_618_1557_926_1713
S,1,1748,DETECTION,src/tracking/advanced_tracker.py:_activate_slot,1748_384_637_639_808
S,4,1748,DETECTION,src/tracking/advanced_tracker.py:_activate_slot,1748_584_613_840_760
S,2,1748,PREDICTION,src/tracking/advanced_tracker.py:kalman_homography,
S,3,1748,PREDICTION,src/tracking/advanced_tracker.py:kalman_homography,
S,5,1748,PREDICTION,src/tracking/advanced_tracker.py:kalman_homography,
S,8,1748,PREDICTION,src/tracking/advanced_tracker.py:kalman_homography,
S,9,1748,PREDICTION,src/tracking/advanced_tracker.py:kalman_homography,
S,7,1748,PREDICTION,src/tracking/advanced_tracker.py:flow_gapfill_batched,
D,1,1748
S,4,1748,PREDICTION,src/tracking/advanced_tracker.py:id_merge,
D,2,1748
S,3,1748,PREDICTION,src/tracking/advanced_tracker.py:id_merge,
D,8,1748
S,7,1748,PREDICTION,src/tracking/advanced_tracker.py:id_merge,
L,0,1748,DETECTION,src/tracking/advanced_tracker.py:_activate_slot,1748_618_1557_926_1713
R,CLAMP,CLAMP,0
L,3,1748,PREDICTION,src/tracking/advanced_tracker.py:id_merge,
R,CLAMP,CLAMP,0
L,4,1748,PREDICTION,src/tracking/advanced_tracker.py:id_merge,
R,CLAMP,CLAMP,0
L,5,1748,PREDICTION,src/tracking/advanced_tracker.py:kalman_homography,
R,CLAMP,CLAMP,0
L,7,1748,PREDICTION,src/tracking/advanced_tracker.py:id_merge,
R,CLAMP,CLAMP,0
L,9,1748,PREDICTION,src/tracking/advanced_tracker.py:kalman_homography,
R,PREDICTION,PREDICTION,1
A,1748
S,0,1751,DETECTION,src/tracking/advanced_tracker.py:_activate_slot,1751_613_1548_928_1668
S,1,1751,DETECTION,src/tracking/advanced_tracker.py:_activate_slot,1751_469_655_721_769
S,4,1751,DETECTION,src/tracking/advanced_tracker.py:_activate_slot,1751_608_665_846_819
S,2,1751,PREDICTION,src/tracking/advanced_tracker.py:kalman_homography,
S,3,1751,PREDICTION,src/tracking/advanced_tracker.py:kalman_homography,
S,5,1751,PREDICTION,src/tracking/advanced_tracker.py:kalman_homography,
S,8,1751,PREDICTION,src/tracking/advanced_tracker.py:kalman_homography,
S,9,1751,PREDICTION,src/tracking/advanced_tracker.py:kalman_homography,
S,7,1751,PREDICTION,src/tracking/advanced_tracker.py:flow_gapfill_batched,
D,1,1751
S,4,1751,PREDICTION,src/tracking/advanced_tracker.py:id_merge,
D,2,1751
S,3,1751,PREDICTION,src/tracking/advanced_tracker.py:id_merge,
D,8,1751
S,7,1751,PREDICTION,src/tracking/advanced_tracker.py:id_merge,
L,0,1751,DETECTION,src/tracking/advanced_tracker.py:_activate_slot,1751_613_1548_928_1668
R,CLAMP,CLAMP,0
L,3,1751,PREDICTION,src/tracking/advanced_tracker.py:id_merge,
R,CLAMP,CLAMP,0
L,4,1751,PREDICTION,src/tracking/advanced_tracker.py:id_merge,
R,CLAMP,CLAMP,0
L,5,1751,PREDICTION,src/tracking/advanced_tracker.py:kalman_homography,
R,CLAMP,CLAMP,0
L,7,1751,PREDICTION,src/tracking/advanced_tracker.py:id_merge,
R,CLAMP,CLAMP,0
L,9,1751,PREDICTION,src/tracking/advanced_tracker.py:kalman_homography,
R,PREDICTION,PREDICTION,1
A,1751
S,0,1754,DETECTION,src/tracking/advanced_tracker.py:_activate_slot,1754_615_1539_931_1659
S,1,1754,DETECTION,src/tracking/advanced_tracker.py:_activate_slot,1754_462_672_729_785
S,4,1754,DETECTION,src/tracking/advanced_tracker.py:_activate_slot,1754_610_734_844_855
S,8,1754,DETECTION,src/tracking/advanced_tracker.py:_activate_slot,1754_277_754_465_880
S,6,1754,DETECTION,src/tracking/advanced_tracker.py:_activate_slot,1754_158_1596_249_1698
S,2,1754,PREDICTION,src/tracking/advanced_tracker.py:kalman_homography,
S,3,1754,PREDICTION,src/tracking/advanced_tracker.py:kalman_homography,
S,5,1754,PREDICTION,src/tracking/advanced_tracker.py:kalman_homography,
S,7,1754,PREDICTION,src/tracking/advanced_tracker.py:flow_gapfill_batched,
S,9,1754,PREDICTION,src/tracking/advanced_tracker.py:flow_gapfill_batched,
D,1,1754
S,4,1754,PREDICTION,src/tracking/advanced_tracker.py:id_merge,
D,7,1754
S,8,1754,PREDICTION,src/tracking/advanced_tracker.py:id_merge,
L,0,1754,DETECTION,src/tracking/advanced_tracker.py:_activate_slot,1754_615_1539_931_1659
R,CLAMP,CLAMP,0
L,2,1754,PREDICTION,src/tracking/advanced_tracker.py:kalman_homography,
R,CLAMP,CLAMP,0
L,3,1754,PREDICTION,src/tracking/advanced_tracker.py:kalman_homography,
R,CLAMP,CLAMP,0
L,4,1754,PREDICTION,src/tracking/advanced_tracker.py:id_merge,
R,CLAMP,CLAMP,0
L,5,1754,PREDICTION,src/tracking/advanced_tracker.py:kalman_homography,
R,CLAMP,CLAMP,0
L,6,1754,DETECTION,src/tracking/advanced_tracker.py:_activate_slot,1754_158_1596_249_1698
R,DETECTION,DETECTION,1
L,8,1754,PREDICTION,src/tracking/advanced_tracker.py:id_merge,
R,CLAMP,CLAMP,0
L,9,1754,PREDICTION,src/tracking/advanced_tracker.py:flow_gapfill_batched,
R,PREDICTION,PREDICTION,1
A,1754
S,0,1757,DETECTION,src/tracking/advanced_tracker.py:_activate_slot,1757_618_1512_936_1671
S,1,1757,DETECTION,src/tracking/advanced_tracker.py:_activate_slot,1757_452_687_696_834
S,4,1757,DETECTION,src/tracking/advanced_tracker.py:_activate_slot,1757_593_787_852_922
S,6,1757,DETECTION,src/tracking/advanced_tracker.py:_activate_slot,1757_158_1615_249_1717
S,2,1757,PREDICTION,src/tracking/advanced_tracker.py:kalman_homography,
S,3,1757,PREDICTION,src/tracking/advanced_tracker.py:kalman_homography,
S,5,1757,PREDICTION,src/tracking/advanced_tracker.py:kalman_homography,
S,8,1757,PREDICTION,src/tracking/advanced_tracker.py:kalman_homography,
S,7,1757,PREDICTION,src/tracking/advanced_tracker.py:flow_gapfill_batched,
D,1,1757
S,4,1757,PREDICTION,src/tracking/advanced_tracker.py:id_merge,
D,7,1757
S,8,1757,PREDICTION,src/tracking/advanced_tracker.py:id_merge,
L,0,1757,DETECTION,src/tracking/advanced_tracker.py:_activate_slot,1757_618_1512_936_1671
R,CLAMP,CLAMP,0
L,2,1757,PREDICTION,src/tracking/advanced_tracker.py:kalman_homography,
R,CLAMP,CLAMP,0
L,3,1757,PREDICTION,src/tracking/advanced_tracker.py:kalman_homography,
R,CLAMP,CLAMP,0
L,4,1757,PREDICTION,src/tracking/advanced_tracker.py:id_merge,
R,CLAMP,CLAMP,0
L,5,1757,PREDICTION,src/tracking/advanced_tracker.py:kalman_homography,
R,CLAMP,CLAMP,0
L,6,1757,DETECTION,src/tracking/advanced_tracker.py:_activate_slot,1757_158_1615_249_1717
R,DETECTION,DETECTION,1
L,8,1757,PREDICTION,src/tracking/advanced_tracker.py:id_merge,
R,CLAMP,CLAMP,0
A,1757
S,0,1760,DETECTION,src/tracking/advanced_tracker.py:_activate_slot,1760_619_1513_940_1684
S,1,1760,DETECTION,src/tracking/advanced_tracker.py:_activate_slot,1760_462_693_737_838
S,4,1760,DETECTION,src/tracking/advanced_tracker.py:_activate_slot,1760_573_818_841_987
S,3,1760,PREDICTION,src/tracking/advanced_tracker.py:kalman_homography,
S,5,1760,PREDICTION,src/tracking/advanced_tracker.py:kalman_homography,
S,6,1760,PREDICTION,src/tracking/advanced_tracker.py:kalman_homography,
S,8,1760,PREDICTION,src/tracking/advanced_tracker.py:kalman_homography,
S,2,1760,PREDICTION,src/tracking/advanced_tracker.py:flow_gapfill_batched,
D,2,1760
S,1,1760,PREDICTION,src/tracking/advanced_tracker.py:id_merge,
D,1,1760
S,4,1760,PREDICTION,src/tracking/advanced_tracker.py:id_merge,
L,0,1760,DETECTION,src/tracking/advanced_tracker.py:_activate_slot,1760_619_1513_940_1684
R,CLAMP,CLAMP,0
L,3,1760,PREDICTION,src/tracking/advanced_tracker.py:kalman_homography,
R,CLAMP,CLAMP,0
L,4,1760,PREDICTION,src/tracking/advanced_tracker.py:id_merge,
R,CLAMP,CLAMP,0
L,5,1760,PREDICTION,src/tracking/advanced_tracker.py:kalman_homography,
R,CLAMP,CLAMP,0
L,6,1760,PREDICTION,src/tracking/advanced_tracker.py:kalman_homography,
R,PREDICTION,PREDICTION,1
L,8,1760,PREDICTION,src/tracking/advanced_tracker.py:kalman_homography,
R,CLAMP,CLAMP,0
A,1760
S,0,1763,DETECTION,src/tracking/advanced_tracker.py:_activate_slot,1763_618_1528_942_1675
S,1,1763,DETECTION,src/tracking/advanced_tracker.py:_activate_slot,1763_484_704_744_842
S,4,1763,DETECTION,src/tracking/advanced_tracker.py:_activate_slot,1763_581_918_848_1016
S,6,1763,DETECTION,src/tracking/advanced_tracker.py:_activate_slot,1763_158_1644_249_1752
S,5,1763,PREDICTION,src/tracking/advanced_tracker.py:kalman_homography,
S,8,1763,PREDICTION,src/tracking/advanced_tracker.py:kalman_homography,
S,3,1763,PREDICTION,src/tracking/advanced_tracker.py:flow_gapfill_batched,
D,1,1763
S,4,1763,PREDICTION,src/tracking/advanced_tracker.py:id_merge,
L,0,1763,DETECTION,src/tracking/advanced_tracker.py:_activate_slot,1763_618_1528_942_1675
R,CLAMP,CLAMP,0
L,3,1763,PREDICTION,src/tracking/advanced_tracker.py:flow_gapfill_batched,
R,CLAMP,CLAMP,0
L,4,1763,PREDICTION,src/tracking/advanced_tracker.py:id_merge,
R,CLAMP,CLAMP,0
L,5,1763,PREDICTION,src/tracking/advanced_tracker.py:kalman_homography,
R,CLAMP,CLAMP,0
L,6,1763,DETECTION,src/tracking/advanced_tracker.py:_activate_slot,1763_158_1644_249_1752
R,DETECTION,DETECTION,1
L,8,1763,PREDICTION,src/tracking/advanced_tracker.py:kalman_homography,
R,CLAMP,CLAMP,0
A,1763
S,0,1766,DETECTION,src/tracking/advanced_tracker.py:_activate_slot,1766_618_1536_939_1656
S,1,1766,DETECTION,src/tracking/advanced_tracker.py:_activate_slot,1766_482_715_745_850
S,4,1766,DETECTION,src/tracking/advanced_tracker.py:_activate_slot,1766_564_951_852_1110
S,6,1766,DETECTION,src/tracking/advanced_tracker.py:_activate_slot,1766_158_1659_250_1767
S,8,1766,PREDICTION,src/tracking/advanced_tracker.py:kalman_homography,
S,5,1766,PREDICTION,src/tracking/advanced_tracker.py:flow_gapfill_batched,
L,0,1766,DETECTION,src/tracking/advanced_tracker.py:_activate_slot,1766_618_1536_939_1656
R,CLAMP,CLAMP,0
L,1,1766,DETECTION,src/tracking/advanced_tracker.py:_activate_slot,1766_482_715_745_850
R,CLAMP,CLAMP,0
L,4,1766,DETECTION,src/tracking/advanced_tracker.py:_activate_slot,1766_564_951_852_1110
R,CLAMP,CLAMP,0
L,5,1766,PREDICTION,src/tracking/advanced_tracker.py:flow_gapfill_batched,
R,CLAMP,CLAMP,0
L,6,1766,DETECTION,src/tracking/advanced_tracker.py:_activate_slot,1766_158_1659_250_1767
R,DETECTION,DETECTION,1
L,8,1766,PREDICTION,src/tracking/advanced_tracker.py:kalman_homography,
R,CLAMP,CLAMP,0
A,1766
S,0,1769,DETECTION,src/tracking/advanced_tracker.py:_activate_slot,1769_622_1536_940_1635
S,1,1769,DETECTION,src/tracking/advanced_tracker.py:_activate_slot,1769_466_706_744_844
S,4,1769,DETECTION,src/tracking/advanced_tracker.py:_activate_slot,1769_565_975_858_1152
S,6,1769,DETECTION,src/tracking/advanced_tracker.py:_activate_slot,1769_159_1677_252_1791
S,8,1769,PREDICTION,src/tracking/advanced_tracker.py:kalman_homography,
L,0,1769,DETECTION,src/tracking/advanced_tracker.py:_activate_slot,1769_622_1536_940_1635
R,CLAMP,CLAMP,0
L,1,1769,DETECTION,src/tracking/advanced_tracker.py:_activate_slot,1769_466_706_744_844
R,CLAMP,CLAMP,0
L,4,1769,DETECTION,src/tracking/advanced_tracker.py:_activate_slot,1769_565_975_858_1152
R,CLAMP,CLAMP,0
L,6,1769,DETECTION,src/tracking/advanced_tracker.py:_activate_slot,1769_159_1677_252_1791
R,DETECTION,DETECTION,1
L,8,1769,PREDICTION,src/tracking/advanced_tracker.py:kalman_homography,
R,CLAMP,CLAMP,0
A,1769
S,0,1772,DETECTION,src/tracking/advanced_tracker.py:_activate_slot,1772_627_1522_954_1639
S,1,1772,DETECTION,src/tracking/advanced_tracker.py:_activate_slot,1772_463_712_737_823
S,4,1772,DETECTION,src/tracking/advanced_tracker.py:_activate_slot,1772_579_1008_857_1182
S,6,1772,DETECTION,src/tracking/advanced_tracker.py:_activate_slot,1772_164_1695_258_1803
S,5,1772,DETECTION,src/tracking/advanced_tracker.py:_activate_slot,1772_491_120_705_205
S,8,1772,PREDICTION,src/tracking/advanced_tracker.py:kalman_homography,
L,0,1772,DETECTION,src/tracking/advanced_tracker.py:_activate_slot,1772_627_1522_954_1639
R,CLAMP,CLAMP,0
L,1,1772,DETECTION,src/tracking/advanced_tracker.py:_activate_slot,1772_463_712_737_823
R,CLAMP,CLAMP,0
L,4,1772,DETECTION,src/tracking/advanced_tracker.py:_activate_slot,1772_579_1008_857_1182
R,CLAMP,CLAMP,0
L,5,1772,DETECTION,src/tracking/advanced_tracker.py:_activate_slot,1772_491_120_705_205
R,CLAMP,CLAMP,0
L,6,1772,DETECTION,src/tracking/advanced_tracker.py:_activate_slot,1772_164_1695_258_1803
R,DETECTION,DETECTION,1
L,8,1772,PREDICTION,src/tracking/advanced_tracker.py:kalman_homography,
R,CLAMP,CLAMP,0
A,1772
S,0,1775,DETECTION,src/tracking/advanced_tracker.py:_activate_slot,1775_640_1524_969_1662
S,2,1775,DETECTION,src/tracking/advanced_tracker.py:_activate_slot,1775_230_1176_441_1272
S,3,1775,DETECTION,src/tracking/advanced_tracker.py:_activate_slot,1775_246_1305_472_1398
S,4,1775,DETECTION,src/tracking/advanced_tracker.py:_activate_slot,1775_360_1075_624_1171
S,6,1775,DETECTION,src/tracking/advanced_tracker.py:_activate_slot,1775_166_1723_262_1834
S,9,1775,DETECTION,src/tracking/advanced_tracker.py:_activate_slot,1775_308_687_468_789
S,1,1775,PREDICTION,src/tracking/advanced_tracker.py:kalman_homography,
S,5,1775,PREDICTION,src/tracking/advanced_tracker.py:kalman_homography,
S,8,1775,PREDICTION,src/tracking/advanced_tracker.py:kalman_homography,
D,2,1775
S,3,1775,PREDICTION,src/tracking/advanced_tracker.py:id_merge,
D,8,1775
S,9,1775,PREDICTION,src/tracking/advanced_tracker.py:id_merge,
L,0,1775,DETECTION,src/tracking/advanced_tracker.py:_activate_slot,1775_640_1524_969_1662
R,CLAMP,CLAMP,0
L,1,1775,PREDICTION,src/tracking/advanced_tracker.py:kalman_homography,
R,CLAMP,CLAMP,0
L,3,1775,PREDICTION,src/tracking/advanced_tracker.py:id_merge,
R,CLAMP,CLAMP,0
L,4,1775,DETECTION,src/tracking/advanced_tracker.py:_activate_slot,1775_360_1075_624_1171
R,CLAMP,CLAMP,0
L,5,1775,PREDICTION,src/tracking/advanced_tracker.py:kalman_homography,
R,CLAMP,CLAMP,0
L,6,1775,DETECTION,src/tracking/advanced_tracker.py:_activate_slot,1775_166_1723_262_1834
R,DETECTION,DETECTION,1
L,9,1775,PREDICTION,src/tracking/advanced_tracker.py:id_merge,
R,PREDICTION,PREDICTION,1
A,1775
S,0,1778,DETECTION,src/tracking/advanced_tracker.py:_activate_slot,1778_651_1530_985_1686
S,2,1778,DETECTION,src/tracking/advanced_tracker.py:_activate_slot,1778_228_1185_440_1287
S,3,1778,DETECTION,src/tracking/advanced_tracker.py:_activate_slot,1778_359_1335_588_1440
S,4,1778,DETECTION,src/tracking/advanced_tracker.py:_activate_slot,1778_585_1133_870_1265
S,6,1778,DETECTION,src/tracking/advanced_tracker.py:_activate_slot,1778_162_1747_260_1861
S,7,1778,DETECTION,src/tracking/advanced_tracker.py:_activate_slot,1778_246_1320_460_1413
S,1,1778,PREDICTION,src/tracking/advanced_tracker.py:kalman_homography,
S,5,1778,PREDICTION,src/tracking/advanced_tracker.py:kalman_homography,
S,9,1778,PREDICTION,src/tracking/advanced_tracker.py:kalman_homography,
S,8,1778,PREDICTION,src/tracking/advanced_tracker.py:flow_gapfill_batched,
D,2,1778
S,3,1778,PREDICTION,src/tracking/advanced_tracker.py:id_merge,
D,8,1778
S,9,1778,PREDICTION,src/tracking/advanced_tracker.py:id_merge,
L,0,1778,DETECTION,src/tracking/advanced_tracker.py:_activate_slot,1778_651_1530_985_1686
R,CLAMP,CLAMP,0
L,1,1778,PREDICTION,src/tracking/advanced_tracker.py:kalman_homography,
R,CLAMP,CLAMP,0
L,3,1778,PREDICTION,src/tracking/advanced_tracker.py:id_merge,
R,CLAMP,CLAMP,0
L,4,1778,DETECTION,src/tracking/advanced_tracker.py:_activate_slot,1778_585_1133_870_1265
R,CLAMP,CLAMP,0
L,5,1778,PREDICTION,src/tracking/advanced_tracker.py:kalman_homography,
R,CLAMP,CLAMP,0
L,6,1778,DETECTION,src/tracking/advanced_tracker.py:_activate_slot,1778_162_1747_260_1861
R,DETECTION,DETECTION,1
L,7,1778,DETECTION,src/tracking/advanced_tracker.py:_activate_slot,1778_246_1320_460_1413
R,CLAMP,CLAMP,0
L,9,1778,PREDICTION,src/tracking/advanced_tracker.py:id_merge,
R,PREDICTION,PREDICTION,1
A,1778
S,0,1781,DETECTION,src/tracking/advanced_tracker.py:_activate_slot,1781_661_1540_1000_1705
S,2,1781,DETECTION,src/tracking/advanced_tracker.py:_activate_slot,1781_383_1041_669_1182
S,4,1781,DETECTION,src/tracking/advanced_tracker.py:_activate_slot,1781_589_1187_876_1316
S,6,1781,DETECTION,src/tracking/advanced_tracker.py:_activate_slot,1781_157_1782_258_1902
S,7,1781,DETECTION,src/tracking/advanced_tracker.py:_activate_slot,1781_249_1338_468_1434
S,1,1781,PREDICTION,src/tracking/advanced_tracker.py:kalman_homography,
S,3,1781,PREDICTION,src/tracking/advanced_tracker.py:kalman_homography,
S,5,1781,PREDICTION,src/tracking/advanced_tracker.py:kalman_homography,
S,9,1781,PREDICTION,src/tracking/advanced_tracker.py:kalman_homography,
D,2,1781
S,4,1781,PREDICTION,src/tracking/advanced_tracker.py:id_merge,
L,0,1781,DETECTION,src/tracking/advanced_tracker.py:_activate_slot,1781_661_1540_1000_1705
R,CLAMP,CLAMP,0
L,1,1781,PREDICTION,src/tracking/advanced_tracker.py:kalman_homography,
R,CLAMP,CLAMP,0
L,3,1781,PREDICTION,src/tracking/advanced_tracker.py:kalman_homography,
R,CLAMP,CLAMP,0
L,4,1781,PREDICTION,src/tracking/advanced_tracker.py:id_merge,
R,CLAMP,CLAMP,0
L,5,1781,PREDICTION,src/tracking/advanced_tracker.py:kalman_homography,
R,CLAMP,CLAMP,0
L,6,1781,DETECTION,src/tracking/advanced_tracker.py:_activate_slot,1781_157_1782_258_1902
R,DETECTION,DETECTION,1
L,7,1781,DETECTION,src/tracking/advanced_tracker.py:_activate_slot,1781_249_1338_468_1434
R,CLAMP,CLAMP,0
L,9,1781,PREDICTION,src/tracking/advanced_tracker.py:kalman_homography,
R,PREDICTION,SUBPIXEL,0
A,1781
S,0,1784,DETECTION,src/tracking/advanced_tracker.py:_activate_slot,1784_663_1530_1009_1704
S,2,1784,DETECTION,src/tracking/advanced_tracker.py:_activate_slot,1784_374_1041_671_1182
S,4,1784,DETECTION,src/tracking/advanced_tracker.py:_activate_slot,1784_582_1227_874_1350
S,7,1784,DETECTION,src/tracking/advanced_tracker.py:_activate_slot,1784_245_1357_470_1449
S,6,1784,DETECTION,src/tracking/advanced_tracker.py:_activate_slot,1784_156_1809_259_1929
S,1,1784,PREDICTION,src/tracking/advanced_tracker.py:kalman_homography,
S,3,1784,PREDICTION,src/tracking/advanced_tracker.py:kalman_homography,
S,5,1784,PREDICTION,src/tracking/advanced_tracker.py:kalman_homography,
S,9,1784,PREDICTION,src/tracking/advanced_tracker.py:kalman_homography,
D,3,1784
S,4,1784,PREDICTION,src/tracking/advanced_tracker.py:id_merge,
L,0,1784,DETECTION,src/tracking/advanced_tracker.py:_activate_slot,1784_663_1530_1009_1704
R,CLAMP,CLAMP,0
L,1,1784,PREDICTION,src/tracking/advanced_tracker.py:kalman_homography,
R,CLAMP,CLAMP,0
L,2,1784,DETECTION,src/tracking/advanced_tracker.py:_activate_slot,1784_374_1041_671_1182
R,CLAMP,CLAMP,0
L,4,1784,PREDICTION,src/tracking/advanced_tracker.py:id_merge,
R,CLAMP,CLAMP,0
L,5,1784,PREDICTION,src/tracking/advanced_tracker.py:kalman_homography,
R,CLAMP,CLAMP,0
L,6,1784,DETECTION,src/tracking/advanced_tracker.py:_activate_slot,1784_156_1809_259_1929
R,DETECTION,DETECTION,1
L,7,1784,DETECTION,src/tracking/advanced_tracker.py:_activate_slot,1784_245_1357_470_1449
R,CLAMP,CLAMP,0
L,9,1784,PREDICTION,src/tracking/advanced_tracker.py:kalman_homography,
R,PREDICTION,SUBPIXEL,0
A,1784
S,0,1787,DETECTION,src/tracking/advanced_tracker.py:_activate_slot,1787_669_1545_1028_1695
S,4,1787,DETECTION,src/tracking/advanced_tracker.py:_activate_slot,1787_586_1285_885_1399
S,6,1787,CLAMP,src/tracking/advanced_tracker.py:_activate_slot,1787_504_54_756_149
S,1,1787,PREDICTION,src/tracking/advanced_tracker.py:kalman_homography,
S,2,1787,PREDICTION,src/tracking/advanced_tracker.py:kalman_homography,
S,3,1787,PREDICTION,src/tracking/advanced_tracker.py:kalman_homography,
S,5,1787,PREDICTION,src/tracking/advanced_tracker.py:kalman_homography,
S,7,1787,PREDICTION,src/tracking/advanced_tracker.py:kalman_homography,
S,9,1787,PREDICTION,src/tracking/advanced_tracker.py:kalman_homography,
D,3,1787
S,4,1787,PREDICTION,src/tracking/advanced_tracker.py:id_merge,
L,0,1787,DETECTION,src/tracking/advanced_tracker.py:_activate_slot,1787_669_1545_1028_1695
R,CLAMP,CLAMP,0
L,1,1787,PREDICTION,src/tracking/advanced_tracker.py:kalman_homography,
R,CLAMP,CLAMP,0
L,2,1787,PREDICTION,src/tracking/advanced_tracker.py:kalman_homography,
R,CLAMP,CLAMP,0
L,4,1787,PREDICTION,src/tracking/advanced_tracker.py:id_merge,
R,CLAMP,CLAMP,0
L,5,1787,PREDICTION,src/tracking/advanced_tracker.py:kalman_homography,
R,CLAMP,CLAMP,0
L,6,1787,CLAMP,src/tracking/advanced_tracker.py:_activate_slot,1787_504_54_756_149
R,CLAMP,CLAMP,0
L,7,1787,PREDICTION,src/tracking/advanced_tracker.py:kalman_homography,
R,CLAMP,CLAMP,0
L,9,1787,PREDICTION,src/tracking/advanced_tracker.py:kalman_homography,
R,PREDICTION,SUBPIXEL,0
A,1787
S,0,1790,DETECTION,src/tracking/advanced_tracker.py:_activate_slot,1790_674_1551_1032_1707
S,4,1790,DETECTION,src/tracking/advanced_tracker.py:_activate_slot,1790_584_1309_887_1447
S,1,1790,PREDICTION,src/tracking/advanced_tracker.py:kalman_homography,
S,2,1790,PREDICTION,src/tracking/advanced_tracker.py:kalman_homography,
S,3,1790,PREDICTION,src/tracking/advanced_tracker.py:kalman_homography,
S,5,1790,PREDICTION,src/tracking/advanced_tracker.py:kalman_homography,
S,7,1790,PREDICTION,src/tracking/advanced_tracker.py:kalman_homography,
S,9,1790,PREDICTION,src/tracking/advanced_tracker.py:kalman_homography,
S,6,1790,PREDICTION,src/tracking/advanced_tracker.py:flow_gapfill_batched,
D,3,1790
S,0,1790,PREDICTION,src/tracking/advanced_tracker.py:id_merge,
D,5,1790
S,6,1790,PREDICTION,src/tracking/advanced_tracker.py:id_merge,
L,0,1790,PREDICTION,src/tracking/advanced_tracker.py:id_merge,
R,CLAMP,CLAMP,0
L,1,1790,PREDICTION,src/tracking/advanced_tracker.py:kalman_homography,
R,CLAMP,CLAMP,0
L,2,1790,PREDICTION,src/tracking/advanced_tracker.py:kalman_homography,
R,CLAMP,CLAMP,0
L,4,1790,DETECTION,src/tracking/advanced_tracker.py:_activate_slot,1790_584_1309_887_1447
R,CLAMP,CLAMP,0
L,6,1790,PREDICTION,src/tracking/advanced_tracker.py:id_merge,
R,CLAMP,CLAMP,0
L,7,1790,PREDICTION,src/tracking/advanced_tracker.py:kalman_homography,
R,CLAMP,CLAMP,0
L,9,1790,PREDICTION,src/tracking/advanced_tracker.py:kalman_homography,
R,PREDICTION,SUBPIXEL,0
A,1790
S,0,1793,DETECTION,src/tracking/advanced_tracker.py:_activate_slot,1793_677_1572_1032_1731
S,4,1793,DETECTION,src/tracking/advanced_tracker.py:_activate_slot,1793_592_1356_888_1503
S,1,1793,PREDICTION,src/tracking/advanced_tracker.py:kalman_homography,
S,2,1793,PREDICTION,src/tracking/advanced_tracker.py:kalman_homography,
S,3,1793,PREDICTION,src/tracking/advanced_tracker.py:kalman_homography,
S,5,1793,PREDICTION,src/tracking/advanced_tracker.py:kalman_homography,
S,7,1793,PREDICTION,src/tracking/advanced_tracker.py:kalman_homography,
S,9,1793,PREDICTION,src/tracking/advanced_tracker.py:kalman_homography,
S,6,1793,PREDICTION,src/tracking/advanced_tracker.py:flow_gapfill_batched,
D,3,1793
S,0,1793,PREDICTION,src/tracking/advanced_tracker.py:id_merge,
D,5,1793
S,6,1793,PREDICTION,src/tracking/advanced_tracker.py:id_merge,
L,0,1793,PREDICTION,src/tracking/advanced_tracker.py:id_merge,
R,CLAMP,CLAMP,0
L,1,1793,PREDICTION,src/tracking/advanced_tracker.py:kalman_homography,
R,CLAMP,CLAMP,0
L,2,1793,PREDICTION,src/tracking/advanced_tracker.py:kalman_homography,
R,CLAMP,CLAMP,0
L,4,1793,DETECTION,src/tracking/advanced_tracker.py:_activate_slot,1793_592_1356_888_1503
R,CLAMP,CLAMP,0
L,6,1793,PREDICTION,src/tracking/advanced_tracker.py:id_merge,
R,CLAMP,CLAMP,0
L,7,1793,PREDICTION,src/tracking/advanced_tracker.py:kalman_homography,
R,CLAMP,CLAMP,0
L,9,1793,PREDICTION,src/tracking/advanced_tracker.py:kalman_homography,
R,PREDICTION,SUBPIXEL,0
A,1793
S,0,1796,DETECTION,src/tracking/advanced_tracker.py:_activate_slot,1796_681_1590_1033_1752
S,2,1796,DETECTION,src/tracking/advanced_tracker.py:_activate_slot,1796_587_1401_840_1539
S,4,1796,DETECTION,src/tracking/advanced_tracker.py:_activate_slot,1796_590_1384_887_1537
S,3,1796,PREDICTION,src/tracking/advanced_tracker.py:kalman_homography,
S,7,1796,PREDICTION,src/tracking/advanced_tracker.py:kalman_homography,
S,9,1796,PREDICTION,src/tracking/advanced_tracker.py:kalman_homography,
S,1,1796,PREDICTION,src/tracking/advanced_tracker.py:flow_gapfill_batched,
S,5,1796,PREDICTION,src/tracking/advanced_tracker.py:flow_gapfill_batched,
S,6,1796,PREDICTION,src/tracking/advanced_tracker.py:flow_gapfill_batched,
D,3,1796
S,0,1796,PREDICTION,src/tracking/advanced_tracker.py:id_merge,
D,0,1796
S,4,1796,PREDICTION,src/tracking/advanced_tracker.py:id_merge,
D,2,1796
S,4,1796,PREDICTION,src/tracking/advanced_tracker.py:id_merge,
D,5,1796
S,6,1796,PREDICTION,src/tracking/advanced_tracker.py:id_merge,
L,1,1796,PREDICTION,src/tracking/advanced_tracker.py:flow_gapfill_batched,
R,CLAMP,CLAMP,0
L,4,1796,PREDICTION,src/tracking/advanced_tracker.py:id_merge,
R,CLAMP,CLAMP,0
L,6,1796,PREDICTION,src/tracking/advanced_tracker.py:id_merge,
R,CLAMP,CLAMP,0
L,7,1796,PREDICTION,src/tracking/advanced_tracker.py:kalman_homography,
R,CLAMP,CLAMP,0
L,9,1796,PREDICTION,src/tracking/advanced_tracker.py:kalman_homography,
R,PREDICTION,SUBPIXEL,0
A,1796
S,0,1799,DETECTION,src/tracking/advanced_tracker.py:_activate_slot,1799_686_1629_1032_1779
S,2,1799,DETECTION,src/tracking/advanced_tracker.py:_activate_slot,1799_429_1084_785_1222
S,4,1799,DETECTION,src/tracking/advanced_tracker.py:_activate_slot,1799_579_1432_892_1612
S,8,1799,DETECTION,src/tracking/advanced_tracker.py:_activate_slot,1799_209_1311_458_1440
S,3,1799,PREDICTION,src/tracking/advanced_tracker.py:kalman_homography,
S,7,1799,PREDICTION,src/tracking/advanced_tracker.py:kalman_homography,
S,6,1799,PREDICTION,src/tracking/advanced_tracker.py:flow_gapfill_batched,
S,9,1799,PREDICTION,src/tracking/advanced_tracker.py:flow_gapfill_batched,
D,3,1799
S,0,1799,PREDICTION,src/tracking/advanced_tracker.py:id_merge,
D,0,1799
S,4,1799,PREDICTION,src/tracking/advanced_tracker.py:id_merge,
D,7,1799
S,8,1799,PREDICTION,src/tracking/advanced_tracker.py:id_merge,
L,2,1799,DETECTION,src/tracking/advanced_tracker.py:_activate_slot,1799_429_1084_785_1222
R,CLAMP,CLAMP,0
L,4,1799,PREDICTION,src/tracking/advanced_tracker.py:id_merge,
R,CLAMP,CLAMP,0
L,6,1799,PREDICTION,src/tracking/advanced_tracker.py:flow_gapfill_batched,
R,CLAMP,CLAMP,0
L,8,1799,PREDICTION,src/tracking/advanced_tracker.py:id_merge,
R,PREDICTION,PREDICTION,1
L,9,1799,PREDICTION,src/tracking/advanced_tracker.py:flow_gapfill_batched,
R,PREDICTION,PREDICTION,1
A,1799
S,0,1802,DETECTION,src/tracking/advanced_tracker.py:_activate_slot,1802_688_1647_1033_1797
S,2,1802,DETECTION,src/tracking/advanced_tracker.py:_activate_slot,1802_424_1117_789_1252
S,4,1802,DETECTION,src/tracking/advanced_tracker.py:_activate_slot,1802_564_1465_895_1627
S,8,1802,DETECTION,src/tracking/advanced_tracker.py:_activate_slot,1802_199_1329_457_1458
S,7,1802,PREDICTION,src/tracking/advanced_tracker.py:kalman_homography,
S,6,1802,PREDICTION,src/tracking/advanced_tracker.py:flow_gapfill_batched,
D,0,1802
S,4,1802,PREDICTION,src/tracking/advanced_tracker.py:id_merge,
D,7,1802
S,8,1802,PREDICTION,src/tracking/advanced_tracker.py:id_merge,
L,2,1802,DETECTION,src/tracking/advanced_tracker.py:_activate_slot,1802_424_1117_789_1252
R,CLAMP,CLAMP,0
L,4,1802,PREDICTION,src/tracking/advanced_tracker.py:id_merge,
R,CLAMP,CLAMP,0
L,6,1802,PREDICTION,src/tracking/advanced_tracker.py:flow_gapfill_batched,
R,CLAMP,CLAMP,0
L,8,1802,PREDICTION,src/tracking/advanced_tracker.py:id_merge,
R,PREDICTION,PREDICTION,1
A,1802
S,0,1805,DETECTION,src/tracking/advanced_tracker.py:_activate_slot,1805_692_1674_1032_1818
S,4,1805,DETECTION,src/tracking/advanced_tracker.py:_activate_slot,1805_576_1491_910_1653
S,8,1805,DETECTION,src/tracking/advanced_tracker.py:_activate_slot,1805_195_1368_456_1482
S,2,1805,PREDICTION,src/tracking/advanced_tracker.py:kalman_homography,
S,7,1805,PREDICTION,src/tracking/advanced_tracker.py:kalman_homography,
S,6,1805,PREDICTION,src/tracking/advanced_tracker.py:flow_gapfill_batched,
D,0,1805
S,4,1805,PREDICTION,src/tracking/advanced_tracker.py:id_merge,
D,7,1805
S,8,1805,PREDICTION,src/tracking/advanced_tracker.py:id_merge,
L,2,1805,PREDICTION,src/tracking/advanced_tracker.py:kalman_homography,
R,CLAMP,CLAMP,0
L,4,1805,PREDICTION,src/tracking/advanced_tracker.py:id_merge,
R,CLAMP,CLAMP,0
L,6,1805,PREDICTION,src/tracking/advanced_tracker.py:flow_gapfill_batched,
R,CLAMP,CLAMP,0
L,8,1805,PREDICTION,src/tracking/advanced_tracker.py:id_merge,
R,PREDICTION,PREDICTION,1
A,1805
S,0,1808,DETECTION,src/tracking/advanced_tracker.py:_activate_slot,1808_691_1680_1033_1830
S,4,1808,DETECTION,src/tracking/advanced_tracker.py:_activate_slot,1808_568_1527_901_1671
S,2,1808,PREDICTION,src/tracking/advanced_tracker.py:kalman_homography,
S,8,1808,PREDICTION,src/tracking/advanced_tracker.py:kalman_homography,
S,6,1808,PREDICTION,src/tracking/advanced_tracker.py:flow_gapfill_batched,
S,7,1808,PREDICTION,src/tracking/advanced_tracker.py:flow_gapfill_batched,
D,0,1808
S,4,1808,PREDICTION,src/tracking/advanced_tracker.py:id_merge,
D,7,1808
S,8,1808,PREDICTION,src/tracking/advanced_tracker.py:id_merge,
L,2,1808,PREDICTION,src/tracking/advanced_tracker.py:kalman_homography,
R,CLAMP,CLAMP,0
L,4,1808,PREDICTION,src/tracking/advanced_tracker.py:id_merge,
R,CLAMP,CLAMP,0
L,6,1808,PREDICTION,src/tracking/advanced_tracker.py:flow_gapfill_batched,
R,CLAMP,CLAMP,0
L,8,1808,PREDICTION,src/tracking/advanced_tracker.py:id_merge,
R,PREDICTION,PREDICTION,1
A,1808
S,0,1811,DETECTION,src/tracking/advanced_tracker.py:_activate_slot,1811_687_1680_1032_1836
S,4,1811,DETECTION,src/tracking/advanced_tracker.py:_activate_slot,1811_556_1545_909_1701
S,8,1811,DETECTION,src/tracking/advanced_tracker.py:_activate_slot,1811_188_1402_451_1507
S,2,1811,PREDICTION,src/tracking/advanced_tracker.py:kalman_homography,
S,6,1811,PREDICTION,src/tracking/advanced_tracker.py:flow_gapfill_batched,
D,0,1811
S,4,1811,PREDICTION,src/tracking/advanced_tracker.py:id_merge,
L,2,1811,PREDICTION,src/tracking/advanced_tracker.py:kalman_homography,
R,CLAMP,CLAMP,0
L,4,1811,PREDICTION,src/tracking/advanced_tracker.py:id_merge,
R,CLAMP,CLAMP,0
L,6,1811,PREDICTION,src/tracking/advanced_tracker.py:flow_gapfill_batched,
R,CLAMP,CLAMP,0
L,8,1811,DETECTION,src/tracking/advanced_tracker.py:_activate_slot,1811_188_1402_451_1507
R,DETECTION,DETECTION,1
A,1811
S,0,1814,DETECTION,src/tracking/advanced_tracker.py:_activate_slot,1814_687_1675_1035_1840
S,4,1814,DETECTION,src/tracking/advanced_tracker.py:_activate_slot,1814_554_1563_902_1719
S,1,1814,DETECTION,src/tracking/advanced_tracker.py:_activate_slot,1814_372_670_668_768
S,2,1814,DETECTION,src/tracking/advanced_tracker.py:_activate_slot,1814_376_951_678_1047
S,8,1814,PREDICTION,src/tracking/advanced_tracker.py:kalman_homography,
D,0,1814
S,4,1814,PREDICTION,src/tracking/advanced_tracker.py:id_merge,
L,1,1814,DETECTION,src/tracking/advanced_tracker.py:_activate_slot,1814_372_670_668_768
R,CLAMP,CLAMP,0
L,2,1814,DETECTION,src/tracking/advanced_tracker.py:_activate_slot,1814_376_951_678_1047
R,CLAMP,CLAMP,0
L,4,1814,PREDICTION,src/tracking/advanced_tracker.py:id_merge,
R,CLAMP,CLAMP,0
L,8,1814,PREDICTION,src/tracking/advanced_tracker.py:kalman_homography,
R,PREDICTION,PREDICTION,1
A,1814
S,0,1817,DETECTION,src/tracking/advanced_tracker.py:_activate_slot,1817_685_1675_1035_1843
S,1,1817,DETECTION,src/tracking/advanced_tracker.py:_activate_slot,1817_367_636_690_777
S,4,1817,DETECTION,src/tracking/advanced_tracker.py:_activate_slot,1817_563_1584_902_1740
S,8,1817,DETECTION,src/tracking/advanced_tracker.py:_activate_slot,1817_189_1422_455_1524
S,5,1817,DETECTION,src/tracking/advanced_tracker.py:_activate_slot,1817_206_1594_430_1705
S,2,1817,PREDICTION,src/tracking/advanced_tracker.py:kalman_homography,
D,0,1817
S,4,1817,PREDICTION,src/tracking/advanced_tracker.py:id_merge,
D,2,1817
S,1,1817,PREDICTION,src/tracking/advanced_tracker.py:id_merge,
D,5,1817
S,8,1817,PREDICTION,src/tracking/advanced_tracker.py:id_merge,
L,1,1817,PREDICTION,src/tracking/advanced_tracker.py:id_merge,
R,CLAMP,CLAMP,0
L,4,1817,PREDICTION,src/tracking/advanced_tracker.py:id_merge,
R,CLAMP,CLAMP,0
L,8,1817,PREDICTION,src/tracking/advanced_tracker.py:id_merge,
R,PREDICTION,PREDICTION,1
A,1817
S,0,1820,DETECTION,src/tracking/advanced_tracker.py:_activate_slot,1820_685_1677_1033_1845
S,4,1820,DETECTION,src/tracking/advanced_tracker.py:_activate_slot,1820_561_1590_897_1746
S,5,1820,DETECTION,src/tracking/advanced_tracker.py:_activate_slot,1820_206_1600_428_1708
S,8,1820,DETECTION,src/tracking/advanced_tracker.py:_activate_slot,1820_195_1426_458_1528
S,9,1820,DETECTION,src/tracking/advanced_tracker.py:_activate_slot,1820_366_608_693_732
S,1,1820,PREDICTION,src/tracking/advanced_tracker.py:kalman_homography,
S,2,1820,PREDICTION,src/tracking/advanced_tracker.py:kalman_homography,
D,0,1820
S,4,1820,PREDICTION,src/tracking/advanced_tracker.py:id_merge,
D,2,1820
S,1,1820,PREDICTION,src/tracking/advanced_tracker.py:id_merge,
D,5,1820
S,8,1820,PREDICTION,src/tracking/advanced_tracker.py:id_merge,
L,1,1820,PREDICTION,src/tracking/advanced_tracker.py:id_merge,
R,CLAMP,CLAMP,0
L,4,1820,PREDICTION,src/tracking/advanced_tracker.py:id_merge,
R,CLAMP,CLAMP,0
L,8,1820,PREDICTION,src/tracking/advanced_tracker.py:id_merge,
R,PREDICTION,PREDICTION,1
L,9,1820,DETECTION,src/tracking/advanced_tracker.py:_activate_slot,1820_366_608_693_732
R,DETECTION,DETECTION,1
A,1820
S,0,1823,DETECTION,src/tracking/advanced_tracker.py:_activate_slot,1823_687_1680_1032_1848
S,1,1823,DETECTION,src/tracking/advanced_tracker.py:_activate_slot,1823_365_606_702_728
S,3,1823,DETECTION,src/tracking/advanced_tracker.py:_activate_slot,1823_445_1309_786_1528
S,4,1823,DETECTION,src/tracking/advanced_tracker.py:_activate_slot,1823_544_1606_904_1801
S,5,1823,DETECTION,src/tracking/advanced_tracker.py:_activate_slot,1823_207_1602_433_1713
S,8,1823,DETECTION,src/tracking/advanced_tracker.py:_activate_slot,1823_192_1434_460_1542
S,2,1823,PREDICTION,src/tracking/advanced_tracker.py:kalman_homography,
S,9,1823,PREDICTION,src/tracking/advanced_tracker.py:kalman_homography,
D,0,1823
S,4,1823,PREDICTION,src/tracking/advanced_tracker.py:id_merge,
D,2,1823
S,1,1823,PREDICTION,src/tracking/advanced_tracker.py:id_merge,
D,5,1823
S,8,1823,PREDICTION,src/tracking/advanced_tracker.py:id_merge,
L,1,1823,PREDICTION,src/tracking/advanced_tracker.py:id_merge,
R,CLAMP,CLAMP,0
L,3,1823,DETECTION,src/tracking/advanced_tracker.py:_activate_slot,1823_445_1309_786_1528
R,CLAMP,CLAMP,0
L,4,1823,PREDICTION,src/tracking/advanced_tracker.py:id_merge,
R,CLAMP,CLAMP,0
L,8,1823,PREDICTION,src/tracking/advanced_tracker.py:id_merge,
R,PREDICTION,PREDICTION,1
L,9,1823,PREDICTION,src/tracking/advanced_tracker.py:kalman_homography,
R,PREDICTION,PREDICTION,1
A,1823
S,0,1826,DETECTION,src/tracking/advanced_tracker.py:_activate_slot,1826_684_1681_1032_1849
S,1,1826,DETECTION,src/tracking/advanced_tracker.py:_activate_slot,1826_363_613_702_726
S,3,1826,DETECTION,src/tracking/advanced_tracker.py:_activate_slot,1826_444_1327_786_1540
S,4,1826,DETECTION,src/tracking/advanced_tracker.py:_activate_slot,1826_543_1608_905_1770
S,5,1826,DETECTION,src/tracking/advanced_tracker.py:_activate_slot,1826_347_930_692_1084
S,8,1826,DETECTION,src/tracking/advanced_tracker.py:_activate_slot,1826_195_1446_454_1548
S,2,1826,PREDICTION,src/tracking/advanced_tracker.py:kalman_homography,
S,9,1826,PREDICTION,src/tracking/advanced_tracker.py:kalman_homography,
D,0,1826
S,4,1826,PREDICTION,src/tracking/advanced_tracker.py:id_merge,
D,2,1826
S,1,1826,PREDICTION,src/tracking/advanced_tracker.py:id_merge,
L,1,1826,PREDICTION,src/tracking/advanced_tracker.py:id_merge,
R,CLAMP,CLAMP,0
L,3,1826,DETECTION,src/tracking/advanced_tracker.py:_activate_slot,1826_444_1327_786_1540
R,CLAMP,CLAMP,0
L,4,1826,PREDICTION,src/tracking/advanced_tracker.py:id_merge,
R,CLAMP,CLAMP,0
L,5,1826,DETECTION,src/tracking/advanced_tracker.py:_activate_slot,1826_347_930_692_1084
R,CLAMP,CLAMP,0
L,8,1826,DETECTION,src/tracking/advanced_tracker.py:_activate_slot,1826_195_1446_454_1548
R,DETECTION,DETECTION,1
L,9,1826,PREDICTION,src/tracking/advanced_tracker.py:kalman_homography,
R,PREDICTION,SUBPIXEL,0
A,1826
S,0,1829,DETECTION,src/tracking/advanced_tracker.py:_activate_slot,1829_684_1680_1032_1854
S,1,1829,DETECTION,src/tracking/advanced_tracker.py:_activate_slot,1829_351_927_693_1083
S,4,1829,DETECTION,src/tracking/advanced_tracker.py:_activate_slot,1829_544_1608_873_1770
S,8,1829,DETECTION,src/tracking/advanced_tracker.py:_activate_slot,1829_190_1450_471_1561
S,9,1829,DETECTION,src/tracking/advanced_tracker.py:_activate_slot,1829_362_613_701_735
S,7,1829,DETECTION,src/tracking/advanced_tracker.py:_activate_slot,1829_207_1611_430_1713
S,2,1829,PREDICTION,src/tracking/advanced_tracker.py:kalman_homography,
S,3,1829,PREDICTION,src/tracking/advanced_tracker.py:kalman_homography,
S,5,1829,PREDICTION,src/tracking/advanced_tracker.py:kalman_homography,
D,0,1829
S,4,1829,PREDICTION,src/tracking/advanced_tracker.py:id_merge,
D,5,1829
S,9,1829,PREDICTION,src/tracking/advanced_tracker.py:id_merge,
D,7,1829
S,8,1829,PREDICTION,src/tracking/advanced_tracker.py:id_merge,
L,1,1829,DETECTION,src/tracking/advanced_tracker.py:_activate_slot,1829_351_927_693_1083
R,CLAMP,CLAMP,0
L,2,1829,PREDICTION,src/tracking/advanced_tracker.py:kalman_homography,
R,CLAMP,CLAMP,0
L,3,1829,PREDICTION,src/tracking/advanced_tracker.py:kalman_homography,
R,CLAMP,CLAMP,0
L,4,1829,PREDICTION,src/tracking/advanced_tracker.py:id_merge,
R,CLAMP,CLAMP,0
L,8,1829,PREDICTION,src/tracking/advanced_tracker.py:id_merge,
R,PREDICTION,PREDICTION,1
L,9,1829,PREDICTION,src/tracking/advanced_tracker.py:id_merge,
R,PREDICTION,PREDICTION,1
A,1829
S,0,1832,DETECTION,src/tracking/advanced_tracker.py:_activate_slot,1832_682_1683_1033_1857
S,1,1832,DETECTION,src/tracking/advanced_tracker.py:_activate_slot,1832_355_929_692_1080
S,4,1832,DETECTION,src/tracking/advanced_tracker.py:_activate_slot,1832_543_1605_868_1761
S,8,1832,DETECTION,src/tracking/advanced_tracker.py:_activate_slot,1832_189_1453_471_1558
S,9,1832,DETECTION,src/tracking/advanced_tracker.py:_activate_slot,1832_365_612_704_729
S,6,1832,DETECTION,src/tracking/advanced_tracker.py:_activate_slot,1832_209_1737_427_1851
S,2,1832,PREDICTION,src/tracking/advanced_tracker.py:kalman_homography,
S,3,1832,PREDICTION,src/tracking/advanced_tracker.py:kalman_homography,
S,5,1832,PREDICTION,src/tracking/advanced_tracker.py:kalman_homography,
S,7,1832,PREDICTION,src/tracking/advanced_tracker.py:kalman_homography,
D,0,1832
S,4,1832,PREDICTION,src/tracking/advanced_tracker.py:id_merge,
D,3,1832
S,4,1832,PREDICTION,src/tracking/advanced_tracker.py:id_merge,
D,5,1832
S,9,1832,PREDICTION,src/tracking/advanced_tracker.py:id_merge,
D,7,1832
S,6,1832,PREDICTION,src/tracking/advanced_tracker.py:id_merge,
L,1,1832,DETECTION,src/tracking/advanced_tracker.py:_activate_slot,1832_355_929_692_1080
R,CLAMP,CLAMP,0
L,2,1832,PREDICTION,src/tracking/advanced_tracker.py:kalman_homography,
R,CLAMP,CLAMP,0
L,4,1832,PREDICTION,src/tracking/advanced_tracker.py:id_merge,
R,CLAMP,CLAMP,0
L,6,1832,PREDICTION,src/tracking/advanced_tracker.py:id_merge,
R,PREDICTION,PREDICTION,1
L,8,1832,DETECTION,src/tracking/advanced_tracker.py:_activate_slot,1832_189_1453_471_1558
R,DETECTION,SUBPIXEL,0
L,9,1832,PREDICTION,src/tracking/advanced_tracker.py:id_merge,
R,PREDICTION,PREDICTION,1
A,1832
S,0,1835,DETECTION,src/tracking/advanced_tracker.py:_activate_slot,1835_672_1692_1033_1866
S,4,1835,DETECTION,src/tracking/advanced_tracker.py:_activate_slot,1835_537_1603_879_1753
S,6,1835,DETECTION,src/tracking/advanced_tracker.py:_activate_slot,1835_210_1737_429_1851
S,8,1835,DETECTION,src/tracking/advanced_tracker.py:_activate_slot,1835_195_1455_471_1566
S,9,1835,DETECTION,src/tracking/advanced_tracker.py:_activate_slot,1835_364_618_706_738
S,1,1835,PREDICTION,src/tracking/advanced_tracker.py:kalman_homography,
S,2,1835,PREDICTION,src/tracking/advanced_tracker.py:kalman_homography,
S,3,1835,PREDICTION,src/tracking/advanced_tracker.py:kalman_homography,
S,5,1835,PREDICTION,src/tracking/advanced_tracker.py:kalman_homography,
S,7,1835,PREDICTION,src/tracking/advanced_tracker.py:kalman_homography,
D,0,1835
S,4,1835,PREDICTION,src/tracking/advanced_tracker.py:id_merge,
D,3,1835
S,4,1835,PREDICTION,src/tracking/advanced_tracker.py:id_merge,
D,7,1835
S,6,1835,PREDICTION,src/tracking/advanced_tracker.py:id_merge,
L,1,1835,PREDICTION,src/tracking/advanced_tracker.py:kalman_homography,
R,CLAMP,CLAMP,0
L,2,1835,PREDICTION,src/tracking/advanced_tracker.py:kalman_homography,
R,CLAMP,CLAMP,0
L,4,1835,PREDICTION,src/tracking/advanced_tracker.py:id_merge,
R,CLAMP,CLAMP,0
L,5,1835,PREDICTION,src/tracking/advanced_tracker.py:kalman_homography,
R,CLAMP,CLAMP,0
L,6,1835,PREDICTION,src/tracking/advanced_tracker.py:id_merge,
R,PREDICTION,PREDICTION,1
L,8,1835,DETECTION,src/tracking/advanced_tracker.py:_activate_slot,1835_195_1455_471_1566
R,DETECTION,DETECTION,1
L,9,1835,DETECTION,src/tracking/advanced_tracker.py:_activate_slot,1835_364_618_706_738
R,DETECTION,DETECTION,1
A,1835
S,0,1838,DETECTION,src/tracking/advanced_tracker.py:_activate_slot,1838_669_1701_1032_1872
S,4,1838,DETECTION,src/tracking/advanced_tracker.py:_activate_slot,1838_537_1597_885_1750
S,6,1838,DETECTION,src/tracking/advanced_tracker.py:_activate_slot,1838_210_1740_429_1851
S,8,1838,DETECTION,src/tracking/advanced_tracker.py:_activate_slot,1838_195_1462_471_1570
S,9,1838,DETECTION,src/tracking/advanced_tracker.py:_activate_slot,1838_363_619_708_738
S,1,1838,PREDICTION,src/tracking/advanced_tracker.py:kalman_homography,
S,3,1838,PREDICTION,src/tracking/advanced_tracker.py:kalman_homography,
S,7,1838,PREDICTION,src/tracking/advanced_tracker.py:kalman_homography,
S,2,1838,PREDICTION,src/tracking/advanced_tracker.py:flow_gapfill_batched,
S,5,1838,PREDICTION,src/tracking/advanced_tracker.py:flow_gapfill_batched,
D,0,1838
S,4,1838,PREDICTION,src/tracking/advanced_tracker.py:id_merge,
D,2,1838
S,1,1838,PREDICTION,src/tracking/advanced_tracker.py:id_merge,
D,3,1838
S,1,1838,PREDICTION,src/tracking/advanced_tracker.py:id_merge,
D,7,1838
S,6,1838,PREDICTION,src/tracking/advanced_tracker.py:id_merge,
L,1,1838,PREDICTION,src/tracking/advanced_tracker.py:id_merge,
R,CLAMP,CLAMP,0
L,4,1838,PREDICTION,src/tracking/advanced_tracker.py:id_merge,
R,CLAMP,CLAMP,0
L,5,1838,PREDICTION,src/tracking/advanced_tracker.py:flow_gapfill_batched,
R,CLAMP,CLAMP,0
L,6,1838,PREDICTION,src/tracking/advanced_tracker.py:id_merge,
R,PREDICTION,SUBPIXEL,0
L,8,1838,DETECTION,src/tracking/advanced_tracker.py:_activate_slot,1838_195_1462_471_1570
R,DETECTION,DETECTION,1
L,9,1838,DETECTION,src/tracking/advanced_tracker.py:_activate_slot,1838_363_619_708_738
R,DETECTION,DETECTION,1
A,1838
S,0,1841,DETECTION,src/tracking/advanced_tracker.py:_activate_slot,1841_659_1707_1032_1881
S,2,1841,DETECTION,src/tracking/advanced_tracker.py:_activate_slot,1841_364_620_702_743
S,4,1841,DETECTION,src/tracking/advanced_tracker.py:_activate_slot,1841_534_1602_875_1746
S,6,1841,DETECTION,src/tracking/advanced_tracker.py:_activate_slot,1841_210_1740_429_1854
S,1,1841,PREDICTION,src/tracking/advanced_tracker.py:kalman_homography,
S,3,1841,PREDICTION,src/tracking/advanced_tracker.py:kalman_homography,
S,7,1841,PREDICTION,src/tracking/advanced_tracker.py:kalman_homography,
S,8,1841,PREDICTION,src/tracking/advanced_tracker.py:kalman_homography,
S,9,1841,PREDICTION,src/tracking/advanced_tracker.py:kalman_homography,
S,5,1841,PREDICTION,src/tracking/advanced_tracker.py:flow_gapfill_batched,
D,0,1841
S,4,1841,PREDICTION,src/tracking/advanced_tracker.py:id_merge,
D,3,1841
S,1,1841,PREDICTION,src/tracking/advanced_tracker.py:id_merge,
D,7,1841
S,6,1841,PREDICTION,src/tracking/advanced_tracker.py:id_merge,
L,1,1841,PREDICTION,src/tracking/advanced_tracker.py:id_merge,
R,CLAMP,CLAMP,0
L,2,1841,DETECTION,src/tracking/advanced_tracker.py:_activate_slot,1841_364_620_702_743
R,CLAMP,CLAMP,0
L,4,1841,PREDICTION,src/tracking/advanced_tracker.py:id_merge,
R,CLAMP,CLAMP,0
L,5,1841,PREDICTION,src/tracking/advanced_tracker.py:flow_gapfill_batched,
R,CLAMP,CLAMP,0
L,6,1841,PREDICTION,src/tracking/advanced_tracker.py:id_merge,
R,PREDICTION,PREDICTION,1
L,8,1841,PREDICTION,src/tracking/advanced_tracker.py:kalman_homography,
R,PREDICTION,PREDICTION,1
L,9,1841,PREDICTION,src/tracking/advanced_tracker.py:kalman_homography,
R,PREDICTION,PREDICTION,1
A,1841
S,0,1844,DETECTION,src/tracking/advanced_tracker.py:_activate_slot,1844_659_1696_1032_1882
S,2,1844,DETECTION,src/tracking/advanced_tracker.py:_activate_slot,1844_435_1492_789_1666
S,4,1844,DETECTION,src/tracking/advanced_tracker.py:_activate_slot,1844_537_1608_880_1740
S,6,1844,DETECTION,src/tracking/advanced_tracker.py:_activate_slot,1844_211_1740_427_1854
S,9,1844,DETECTION,src/tracking/advanced_tracker.py:_activate_slot,1844_367_619_703_748
S,1,1844,PREDICTION,src/tracking/advanced_tracker.py:kalman_homography,
S,3,1844,PREDICTION,src/tracking/advanced_tracker.py:kalman_homography,
S,7,1844,PREDICTION,src/tracking/advanced_tracker.py:kalman_homography,
S,8,1844,PREDICTION,src/tracking/advanced_tracker.py:kalman_homography,
S,5,1844,PREDICTION,src/tracking/advanced_tracker.py:flow_gapfill_batched,
D,0,1844
S,4,1844,PREDICTION,src/tracking/advanced_tracker.py:id_merge,
D,1,1844
S,2,1844,PREDICTION,src/tracking/advanced_tracker.py:id_merge,
D,3,1844
S,2,1844,PREDICTION,src/tracking/advanced_tracker.py:id_merge,
D,2,1844
S,4,1844,PREDICTION,src/tracking/advanced_tracker.py:id_merge,
D,7,1844
S,6,1844,PREDICTION,src/tracking/advanced_tracker.py:id_merge,
L,4,1844,PREDICTION,src/tracking/advanced_tracker.py:id_merge,
R,CLAMP,CLAMP,0
L,5,1844,PREDICTION,src/tracking/advanced_tracker.py:flow_gapfill_batched,
R,CLAMP,CLAMP,0
L,6,1844,PREDICTION,src/tracking/advanced_tracker.py:id_merge,
R,PREDICTION,PREDICTION,1
L,8,1844,PREDICTION,src/tracking/advanced_tracker.py:kalman_homography,
R,PREDICTION,PREDICTION,1
L,9,1844,DETECTION,src/tracking/advanced_tracker.py:_activate_slot,1844_367_619_703_748
R,DETECTION,DETECTION,1
A,1844
S,0,1847,DETECTION,src/tracking/advanced_tracker.py:_activate_slot,1847_657_1701_1032_1887
S,2,1847,DETECTION,src/tracking/advanced_tracker.py:_activate_slot,1847_236_1584_490_1686
S,4,1847,DETECTION,src/tracking/advanced_tracker.py:_activate_slot,1847_518_1590_864_1728
S,6,1847,DETECTION,src/tracking/advanced_tracker.py:_activate_slot,1847_210_1740_428_1854
S,8,1847,DETECTION,src/tracking/advanced_tracker.py:_activate_slot,1847_450_27_780_157
S,1,1847,PREDICTION,src/tracking/advanced_tracker.py:kalman_homography,
S,3,1847,PREDICTION,src/tracking/advanced_tracker.py:kalman_homography,
S,7,1847,PREDICTION,src/tracking/advanced_tracker.py:kalman_homography,
S,9,1847,PREDICTION,src/tracking/advanced_tracker.py:kalman_homography,
S,5,1847,PREDICTION,src/tracking/advanced_tracker.py:flow_gapfill_batched,
D,0,1847
S,4,1847,PREDICTION,src/tracking/advanced_tracker.py:id_merge,
D,1,1847
S,2,1847,PREDICTION,src/tracking/advanced_tracker.py:id_merge,
D,3,1847
S,4,1847,PREDICTION,src/tracking/advanced_tracker.py:id_merge,
D,7,1847
S,6,1847,PREDICTION,src/tracking/advanced_tracker.py:id_merge,
L,2,1847,PREDICTION,src/tracking/advanced_tracker.py:id_merge,
R,CLAMP,CLAMP,0
L,4,1847,PREDICTION,src/tracking/advanced_tracker.py:id_merge,
R,CLAMP,CLAMP,0
L,5,1847,PREDICTION,src/tracking/advanced_tracker.py:flow_gapfill_batched,
R,CLAMP,CLAMP,0
L,6,1847,PREDICTION,src/tracking/advanced_tracker.py:id_merge,
R,PREDICTION,PREDICTION,1
L,8,1847,DETECTION,src/tracking/advanced_tracker.py:_activate_slot,1847_450_27_780_157
R,CLAMP,CLAMP,0
L,9,1847,PREDICTION,src/tracking/advanced_tracker.py:kalman_homography,
R,PREDICTION,PREDICTION,1
A,1847
S,0,1850,DETECTION,src/tracking/advanced_tracker.py:_activate_slot,1850_654_1701_1032_1887
S,4,1850,DETECTION,src/tracking/advanced_tracker.py:_activate_slot,1850_513_1578_866_1716
S,6,1850,DETECTION,src/tracking/advanced_tracker.py:_activate_slot,1850_210_1740_428_1854
S,9,1850,DETECTION,src/tracking/advanced_tracker.py:_activate_slot,1850_445_32_780_182
S,1,1850,PREDICTION,src/tracking/advanced_tracker.py:kalman_homography,
S,7,1850,PREDICTION,src/tracking/advanced_tracker.py:kalman_homography,
S,2,1850,PREDICTION,src/tracking/advanced_tracker.py:flow_gapfill_batched,
S,3,1850,PREDICTION,src/tracking/advanced_tracker.py:flow_gapfill_batched,
S,5,1850,PREDICTION,src/tracking/advanced_tracker.py:flow_gapfill_batched,
S,8,1850,PREDICTION,src/tracking/advanced_tracker.py:flow_gapfill_batched,
D,0,1850
S,4,1850,PREDICTION,src/tracking/advanced_tracker.py:id_merge,
D,1,1850
S,2,1850,PREDICTION,src/tracking/advanced_tracker.py:id_merge,
D,3,1850
S,4,1850,PREDICTION,src/tracking/advanced_tracker.py:id_merge,
D,7,1850
S,6,1850,PREDICTION,src/tracking/advanced_tracker.py:id_merge,
D,8,1850
S,9,1850,PREDICTION,src/tracking/advanced_tracker.py:id_merge,
L,2,1850,PREDICTION,src/tracking/advanced_tracker.py:id_merge,
R,CLAMP,CLAMP,0
L,4,1850,PREDICTION,src/tracking/advanced_tracker.py:id_merge,
R,CLAMP,CLAMP,0
L,5,1850,PREDICTION,src/tracking/advanced_tracker.py:flow_gapfill_batched,
R,CLAMP,CLAMP,0
L,6,1850,PREDICTION,src/tracking/advanced_tracker.py:id_merge,
R,PREDICTION,SUBPIXEL,0
L,9,1850,PREDICTION,src/tracking/advanced_tracker.py:id_merge,
R,PREDICTION,PREDICTION,1
A,1850
S,0,1853,DETECTION,src/tracking/advanced_tracker.py:_activate_slot,1853_641_1713_1032_1887
S,4,1853,DETECTION,src/tracking/advanced_tracker.py:_activate_slot,1853_210_1737_429_1851
S,1,1853,PREDICTION,src/tracking/advanced_tracker.py:kalman_homography,
S,6,1853,PREDICTION,src/tracking/advanced_tracker.py:kalman_homography,
S,2,1853,PREDICTION,src/tracking/advanced_tracker.py:flow_gapfill_batched,
S,7,1853,PREDICTION,src/tracking/advanced_tracker.py:flow_gapfill_batched,
S,8,1853,PREDICTION,src/tracking/advanced_tracker.py:flow_gapfill_batched,
S,9,1853,PREDICTION,src/tracking/advanced_tracker.py:flow_gapfill_batched,
D,1,1853
S,2,1853,PREDICTION,src/tracking/advanced_tracker.py:id_merge,
D,2,1853
S,4,1853,PREDICTION,src/tracking/advanced_tracker.py:id_merge,
D,7,1853
S,6,1853,PREDICTION,src/tracking/advanced_tracker.py:id_merge,
D,8,1853
S,9,1853,PREDICTION,src/tracking/advanced_tracker.py:id_merge,
L,0,1853,DETECTION,src/tracking/advanced_tracker.py:_activate_slot,1853_641_1713_1032_1887
R,CLAMP,CLAMP,0
L,4,1853,PREDICTION,src/tracking/advanced_tracker.py:id_merge,
R,CLAMP,CLAMP,0
L,6,1853,PREDICTION,src/tracking/advanced_tracker.py:id_merge,
R,PREDICTION,PREDICTION,1
L,9,1853,PREDICTION,src/tracking/advanced_tracker.py:id_merge,
R,PREDICTION,PREDICTION,1
A,1853
S,0,1856,DETECTION,src/tracking/advanced_tracker.py:_activate_slot,1856_633_1717_1028_1888
S,4,1856,CLAMP,src/tracking/advanced_tracker.py:_activate_slot,1856_446_34_780_198
S,6,1856,DETECTION,src/tracking/advanced_tracker.py:_activate_slot,1856_210_1738_429_1852
S,1,1856,PREDICTION,src/tracking/advanced_tracker.py:flow_gapfill_batched,
S,2,1856,PREDICTION,src/tracking/advanced_tracker.py:flow_gapfill_batched,
S,8,1856,PREDICTION,src/tracking/advanced_tracker.py:flow_gapfill_batched,
S,9,1856,PREDICTION,src/tracking/advanced_tracker.py:flow_gapfill_batched,
D,2,1856
S,4,1856,PREDICTION,src/tracking/advanced_tracker.py:id_merge,
D,8,1856
S,9,1856,PREDICTION,src/tracking/advanced_tracker.py:id_merge,
L,0,1856,DETECTION,src/tracking/advanced_tracker.py:_activate_slot,1856_633_1717_1028_1888
R,CLAMP,CLAMP,0
L,1,1856,PREDICTION,src/tracking/advanced_tracker.py:flow_gapfill_batched,
R,CLAMP,CLAMP,0
L,4,1856,PREDICTION,src/tracking/advanced_tracker.py:id_merge,
R,CLAMP,CLAMP,0
L,6,1856,DETECTION,src/tracking/advanced_tracker.py:_activate_slot,1856_210_1738_429_1852
R,DETECTION,DETECTION,1
L,9,1856,PREDICTION,src/tracking/advanced_tracker.py:id_merge,
R,PREDICTION,PREDICTION,1
A,1856
S,0,1859,DETECTION,src/tracking/advanced_tracker.py:_activate_slot,1859_625_1725_1020_1899
S,2,1859,DETECTION,src/tracking/advanced_tracker.py:_activate_slot,1859_364_663_691_776
S,4,1859,CLAMP,src/tracking/advanced_tracker.py:_activate_slot,1859_451_30_778_203
S,6,1859,DETECTION,src/tracking/advanced_tracker.py:_activate_slot,1859_210_1740_427_1854
S,8,1859,PREDICTION,src/tracking/advanced_tracker.py:flow_gapfill_batched,
S,9,1859,PREDICTION,src/tracking/advanced_tracker.py:flow_gapfill_batched,
D,8,1859
S,9,1859,PREDICTION,src/tracking/advanced_tracker.py:id_merge,
L,0,1859,DETECTION,src/tracking/advanced_tracker.py:_activate_slot,1859_625_1725_1020_1899
R,CLAMP,CLAMP,0
L,2,1859,DETECTION,src/tracking/advanced_tracker.py:_activate_slot,1859_364_663_691_776
R,CLAMP,CLAMP,0
L,4,1859,CLAMP,src/tracking/advanced_tracker.py:_activate_slot,1859_451_30_778_203
R,CLAMP,CLAMP,0
L,6,1859,DETECTION,src/tracking/advanced_tracker.py:_activate_slot,1859_210_1740_427_1854
R,DETECTION,DETECTION,1
L,9,1859,PREDICTION,src/tracking/advanced_tracker.py:id_merge,
R,PREDICTION,PREDICTION,1
A,1859
S,0,1862,DETECTION,src/tracking/advanced_tracker.py:_activate_slot,1862_625_1723_1018_1903
S,2,1862,DETECTION,src/tracking/advanced_tracker.py:_activate_slot,1862_436_40_775_206
S,4,1862,DETECTION,src/tracking/advanced_tracker.py:_activate_slot,1862_208_1602_516_1728
S,6,1862,DETECTION,src/tracking/advanced_tracker.py:_activate_slot,1862_210_1735_428_1855
S,8,1862,PREDICTION,src/tracking/advanced_tracker.py:flow_gapfill_batched,
S,9,1862,PREDICTION,src/tracking/advanced_tracker.py:flow_gapfill_batched,
D,8,1862
S,9,1862,PREDICTION,src/tracking/advanced_tracker.py:id_merge,
L,0,1862,DETECTION,src/tracking/advanced_tracker.py:_activate_slot,1862_625_1723_1018_1903
R,CLAMP,CLAMP,0
L,2,1862,DETECTION,src/tracking/advanced_tracker.py:_activate_slot,1862_436_40_775_206
R,CLAMP,CLAMP,0
L,4,1862,DETECTION,src/tracking/advanced_tracker.py:_activate_slot,1862_208_1602_516_1728
R,CLAMP,CLAMP,0
L,6,1862,DETECTION,src/tracking/advanced_tracker.py:_activate_slot,1862_210_1735_428_1855
R,DETECTION,DETECTION,1
L,9,1862,PREDICTION,src/tracking/advanced_tracker.py:id_merge,
R,PREDICTION,PREDICTION,1
A,1862
S,0,1865,DETECTION,src/tracking/advanced_tracker.py:_activate_slot,1865_621_1737_1014_1905
S,1,1865,DETECTION,src/tracking/advanced_tracker.py:_activate_slot,1865_420_780_750_930
S,2,1865,DETECTION,src/tracking/advanced_tracker.py:_activate_slot,1865_362_666_687_816
S,3,1865,DETECTION,src/tracking/advanced_tracker.py:_activate_slot,1865_421_1659_768_1770
S,4,1865,DETECTION,src/tracking/advanced_tracker.py:_activate_slot,1865_361_967_696_1090
S,5,1865,DETECTION,src/tracking/advanced_tracker.py:_activate_slot,1865_195_1483_628_1615
S,6,1865,DETECTION,src/tracking/advanced_tracker.py:_activate_slot,1865_210_1738_426_1855
S,8,1865,PREDICTION,src/tracking/advanced_tracker.py:flow_gapfill_batched,
S,9,1865,PREDICTION,src/tracking/advanced_tracker.py:flow_gapfill_batched,
D,1,1865
S,2,1865,PREDICTION,src/tracking/advanced_tracker.py:id_merge,
D,8,1865
S,9,1865,PREDICTION,src/tracking/advanced_tracker.py:id_merge,
L,0,1865,DETECTION,src/tracking/advanced_tracker.py:_activate_slot,1865_621_1737_1014_1905
R,CLAMP,CLAMP,0
L,2,1865,PREDICTION,src/tracking/advanced_tracker.py:id_merge,
R,CLAMP,CLAMP,0
L,3,1865,DETECTION,src/tracking/advanced_tracker.py:_activate_slot,1865_421_1659_768_1770
R,CLAMP,CLAMP,0
L,4,1865,DETECTION,src/tracking/advanced_tracker.py:_activate_slot,1865_361_967_696_1090
R,CLAMP,CLAMP,0
L,5,1865,DETECTION,src/tracking/advanced_tracker.py:_activate_slot,1865_195_1483_628_1615
R,CLAMP,CLAMP,0
L,6,1865,DETECTION,src/tracking/advanced_tracker.py:_activate_slot,1865_210_1738_426_1855
R,DETECTION,DETECTION,1
L,9,1865,PREDICTION,src/tracking/advanced_tracker.py:id_merge,
R,PREDICTION,PREDICTION,1
A,1865
S,0,1868,DETECTION,src/tracking/advanced_tracker.py:_activate_slot,1868_615_1746_1010_1902
S,1,1868,DETECTION,src/tracking/advanced_tracker.py:_activate_slot,1868_420_787_760_945
S,2,1868,DETECTION,src/tracking/advanced_tracker.py:_activate_slot,1868_401_1360_698_1486
S,3,1868,DETECTION,src/tracking/advanced_tracker.py:_activate_slot,1868_420_1672_766_1810
S,4,1868,DETECTION,src/tracking/advanced_tracker.py:_activate_slot,1868_360_967_711_1096
S,5,1868,DETECTION,src/tracking/advanced_tracker.py:_activate_slot,1868_232_1623_528_1743
S,6,1868,CLAMP,src/tracking/advanced_tracker.py:_activate_slot,1868_435_97_750_228
D,0,1868
S,3,1868,PREDICTION,src/tracking/advanced_tracker.py:id_merge,
D,1,1868
S,4,1868,PREDICTION,src/tracking/advanced_tracker.py:id_merge,
D,5,1868
S,6,1868,PREDICTION,src/tracking/advanced_tracker.py:id_merge,
L,2,1868,DETECTION,src/tracking/advanced_tracker.py:_activate_slot,1868_401_1360_698_1486
R,CLAMP,CLAMP,0
L,3,1868,PREDICTION,src/tracking/advanced_tracker.py:id_merge,
R,CLAMP,CLAMP,0
L,4,1868,PREDICTION,src/tracking/advanced_tracker.py:id_merge,
R,CLAMP,CLAMP,0
L,6,1868,PREDICTION,src/tracking/advanced_tracker.py:id_merge,
R,PREDICTION,SUBPIXEL,0
A,1868
S,0,1871,DETECTION,src/tracking/advanced_tracker.py:_activate_slot,1871_601_1719_988_1911
S,2,1871,DETECTION,src/tracking/advanced_tracker.py:_activate_slot,1871_387_909_721_1064
S,3,1871,DETECTION,src/tracking/advanced_tracker.py:_activate_slot,1871_420_1671_768_1857
S,4,1871,DETECTION,src/tracking/advanced_tracker.py:_activate_slot,1871_369_960_720_1097
S,1,1871,PREDICTION,src/tracking/advanced_tracker.py:kalman_homography,
S,5,1871,PREDICTION,src/tracking/advanced_tracker.py:kalman_homography,
S,6,1871,PREDICTION,src/tracking/advanced_tracker.py:flow_gapfill_batched,
D,0,1871
S,3,1871,PREDICTION,src/tracking/advanced_tracker.py:id_merge,
D,1,1871
S,2,1871,PREDICTION,src/tracking/advanced_tracker.py:id_merge,
D,2,1871
S,4,1871,PREDICTION,src/tracking/advanced_tracker.py:id_merge,
L,3,1871,PREDICTION,src/tracking/advanced_tracker.py:id_merge,
R,CLAMP,CLAMP,0
L,4,1871,PREDICTION,src/tracking/advanced_tracker.py:id_merge,
R,CLAMP,CLAMP,0
L,5,1871,PREDICTION,src/tracking/advanced_tracker.py:kalman_homography,
R,CLAMP,CLAMP,0
L,6,1871,PREDICTION,src/tracking/advanced_tracker.py:flow_gapfill_batched,
R,CLAMP,CLAMP,0
A,1871
