S,0,2089,DETECTION,src/tracking/advanced_tracker.py:_activate_slot,2089_278_430_551_567
S,1,2089,DETECTION,src/tracking/advanced_tracker.py:_activate_slot,2089_408_284_723_405
S,2,2089,DETECTION,src/tracking/advanced_tracker.py:_activate_slot,2089_443_1021_786_1155
S,3,2089,DETECTION,src/tracking/advanced_tracker.py:_activate_slot,2089_850_1215_1033_1353
S,4,2089,DETECTION,src/tracking/advanced_tracker.py:_activate_slot,2089_870_893_1035_1020
D,0,2089
S,1,2089,PREDICTION,src/tracking/advanced_tracker.py:id_merge,
D,2,2089
S,3,2089,PREDICTION,src/tracking/advanced_tracker.py:id_merge,
D,3,2089
S,4,2089,PREDICTION,src/tracking/advanced_tracker.py:id_merge,
L,1,2089,PREDICTION,src/tracking/advanced_tracker.py:id_merge,
R,PREDICTION,PREDICTION,1
L,4,2089,PREDICTION,src/tracking/advanced_tracker.py:id_merge,
R,PREDICTION,PREDICTION,1
A,2089
S,0,2092,DETECTION,src/tracking/advanced_tracker.py:_activate_slot,2092_275_429_551_568
S,3,2092,DETECTION,src/tracking/advanced_tracker.py:_activate_slot,2092_850_1215_1033_1353
S,4,2092,DETECTION,src/tracking/advanced_tracker.py:_activate_slot,2092_871_893_1035_1020
S,5,2092,DETECTION,src/tracking/advanced_tracker.py:_activate_slot,2092_861_1329_1034_1436
S,6,2092,DETECTION,src/tracking/advanced_tracker.py:_activate_slot,2092_895_1134_1035_1271
S,7,2092,DETECTION,src/tracking/advanced_tracker.py:_activate_slot,2092_145_131_373_227
S,8,2092,DETECTION,src/tracking/advanced_tracker.py:_activate_slot,2092_48_791_331_902
S,9,2092,DETECTION,src/tracking/advanced_tracker.py:_activate_slot,2092_123_304_377_409
S,1,2092,PREDICTION,src/tracking/advanced_tracker.py:kalman_homography,
S,2,2092,PREDICTION,src/tracking/advanced_tracker.py:kalman_homography,
D,1,2092
S,0,2092,PREDICTION,src/tracking/advanced_tracker.py:id_merge,
D,2,2092
S,3,2092,PREDICTION,src/tracking/advanced_tracker.py:id_merge,
D,3,2092
S,4,2092,PREDICTION,src/tracking/advanced_tracker.py:id_merge,
D,5,2092
S,6,2092,PREDICTION,src/tracking/advanced_tracker.py:id_merge,
D,6,2092
S,7,2092,PREDICTION,src/tracking/advanced_tracker.py:id_merge,
D,7,2092
S,9,2092,PREDICTION,src/tracking/advanced_tracker.py:id_merge,
L,0,2092,PREDICTION,src/tracking/advanced_tracker.py:id_merge,
R,PREDICTION,PREDICTION,1
L,4,2092,PREDICTION,src/tracking/advanced_tracker.py:id_merge,
R,PREDICTION,SUBPIXEL,0
L,8,2092,DETECTION,src/tracking/advanced_tracker.py:_activate_slot,2092_48_791_331_902
R,DETECTION,DETECTION,1
L,9,2092,PREDICTION,src/tracking/advanced_tracker.py:id_merge,
R,PREDICTION,PREDICTION,1
A,2092
S,0,2095,DETECTION,src/tracking/advanced_tracker.py:_activate_slot,2095_271_427_552_568
S,1,2095,DETECTION,src/tracking/advanced_tracker.py:_activate_slot,2095_419_260_720_381
S,2,2095,DETECTION,src/tracking/advanced_tracker.py:_activate_slot,2095_439_1032_815_1167
S,3,2095,DETECTION,src/tracking/advanced_tracker.py:_activate_slot,2095_850_1214_1033_1353
S,5,2095,DETECTION,src/tracking/advanced_tracker.py:_activate_slot,2095_862_1330_1033_1435
S,6,2095,DETECTION,src/tracking/advanced_tracker.py:_activate_slot,2095_894_1134_1035_1272
S,7,2095,DETECTION,src/tracking/advanced_tracker.py:_activate_slot,2095_144_132_373_228
S,8,2095,DETECTION,src/tracking/advanced_tracker.py:_activate_slot,2095_870_894_1035_1020
S,9,2095,DETECTION,src/tracking/advanced_tracker.py:_activate_slot,2095_123_304_378_409
S,4,2095,PREDICTION,src/tracking/advanced_tracker.py:flow_gapfill_batched,
D,2,2095
S,3,2095,PREDICTION,src/tracking/advanced_tracker.py:id_merge,
D,4,2095
S,3,2095,PREDICTION,src/tracking/advanced_tracker.py:id_merge,
D,5,2095
S,6,2095,PREDICTION,src/tracking/advanced_tracker.py:id_merge,
D,6,2095
S,7,2095,PREDICTION,src/tracking/advanced_tracker.py:id_merge,
D,7,2095
S,8,2095,PREDICTION,src/tracking/advanced_tracker.py:id_merge,
D,8,2095
S,9,2095,PREDICTION,src/tracking/advanced_tracker.py:id_merge,
L,0,2095,DETECTION,src/tracking/advanced_tracker.py:_activate_slot,2095_271_427_552_568
R,DETECTION,SUBPIXEL,0
L,1,2095,DETECTION,src/tracking/advanced_tracker.py:_activate_slot,2095_419_260_720_381
R,DETECTION,DETECTION,1
L,3,2095,PREDICTION,src/tracking/advanced_tracker.py:id_merge,
R,PREDICTION,PREDICTION,1
L,9,2095,PREDICTION,src/tracking/advanced_tracker.py:id_merge,
R,PREDICTION,PREDICTION,1
A,2095
S,0,2098,DETECTION,src/tracking/advanced_tracker.py:_activate_slot,2098_265_423_552_562
S,1,2098,DETECTION,src/tracking/advanced_tracker.py:_activate_slot,2098_419_228_729_375
S,3,2098,DETECTION,src/tracking/advanced_tracker.py:_activate_slot,2098_850_1215_1033_1353
S,4,2098,DETECTION,src/tracking/advanced_tracker.py:_activate_slot,2098_451_1035_816_1165
S,5,2098,DETECTION,src/tracking/advanced_tracker.py:_activate_slot,2098_862_1330_1033_1437
S,6,2098,DETECTION,src/tracking/advanced_tracker.py:_activate_slot,2098_892_1134_1035_1273
S,7,2098,DETECTION,src/tracking/advanced_tracker.py:_activate_slot,2098_145_130_372_229
S,8,2098,DETECTION,src/tracking/advanced_tracker.py:_activate_slot,2098_873_894_1035_1020
S,9,2098,DETECTION,src/tracking/advanced_tracker.py:_activate_slot,2098_124_303_379_410
S,2,2098,PREDICTION,src/tracking/advanced_tracker.py:kalman_homography,
D,2,2098
S,3,2098,PREDICTION,src/tracking/advanced_tracker.py:id_merge,
D,3,2098
S,4,2098,PREDICTION,src/tracking/advanced_tracker.py:id_merge,
D,5,2098
S,6,2098,PREDICTION,src/tracking/advanced_tracker.py:id_merge,
D,6,2098
S,7,2098,PREDICTION,src/tracking/advanced_tracker.py:id_merge,
D,7,2098
S,8,2098,PREDICTION,src/tracking/advanced_tracker.py:id_merge,
D,8,2098
S,9,2098,PREDICTION,src/tracking/advanced_tracker.py:id_merge,
L,0,2098,DETECTION,src/tracking/advanced_tracker.py:_activate_slot,2098_265_423_552_562
R,DETECTION,DETECTION,1
L,1,2098,DETECTION,src/tracking/advanced_tracker.py:_activate_slot,2098_419_228_729_375
R,DETECTION,DETECTION,1
L,4,2098,PREDICTION,src/tracking/advanced_tracker.py:id_merge,
R,PREDICTION,PREDICTION,1
L,9,2098,PREDICTION,src/tracking/advanced_tracker.py:id_merge,
R,PREDICTION,SUBPIXEL,0
A,2098
S,0,2101,DETECTION,src/tracking/advanced_tracker.py:_activate_slot,2101_263_420_550_540
S,2,2101,DETECTION,src/tracking/advanced_tracker.py:_activate_slot,2101_456_1035_813_1171
S,3,2101,DETECTION,src/tracking/advanced_tracker.py:_activate_slot,2101_850_1215_1033_1353
S,4,2101,DETECTION,src/tracking/advanced_tracker.py:_activate_slot,2101_417_204_732_369
S,5,2101,DETECTION,src/tracking/advanced_tracker.py:_activate_slot,2101_860_1329_1034_1437
S,6,2101,DETECTION,src/tracking/advanced_tracker.py:_activate_slot,2101_891_1135_1035_1273
S,7,2101,DETECTION,src/tracking/advanced_tracker.py:_activate_slot,2101_144_130_372_229
S,8,2101,DETECTION,src/tracking/advanced_tracker.py:_activate_slot,2101_144_-8_414_101
S,9,2101,DETECTION,src/tracking/advanced_tracker.py:_activate_slot,2101_873_894_1035_1020
S,1,2101,PREDICTION,src/tracking/advanced_tracker.py:kalman_homography,
D,1,2101
S,4,2101,PREDICTION,src/tracking/advanced_tracker.py:id_merge,
D,2,2101
S,3,2101,PREDICTION,src/tracking/advanced_tracker.py:id_merge,
D,5,2101
S,6,2101,PREDICTION,src/tracking/advanced_tracker.py:id_merge,
D,6,2101
S,7,2101,PREDICTION,src/tracking/advanced_tracker.py:id_merge,
D,7,2101
S,8,2101,PREDICTION,src/tracking/advanced_tracker.py:id_merge,
D,8,2101
S,9,2101,PREDICTION,src/tracking/advanced_tracker.py:id_merge,
L,0,2101,DETECTION,src/tracking/advanced_tracker.py:_activate_slot,2101_263_420_550_540
R,DETECTION,DETECTION,1
L,3,2101,PREDICTION,src/tracking/advanced_tracker.py:id_merge,
R,PREDICTION,SUBPIXEL,0
L,4,2101,PREDICTION,src/tracking/advanced_tracker.py:id_merge,
R,CLAMP,CLAMP,0
L,9,2101,PREDICTION,src/tracking/advanced_tracker.py:id_merge,
R,PREDICTION,PREDICTION,1
A,2101
S,0,2104,DETECTION,src/tracking/advanced_tracker.py:_activate_slot,2104_272_411_549_516
S,1,2104,DETECTION,src/tracking/advanced_tracker.py:_activate_slot,2104_426_202_738_369
S,3,2104,DETECTION,src/tracking/advanced_tracker.py:_activate_slot,2104_850_1215_1033_1353
S,4,2104,DETECTION,src/tracking/advanced_tracker.py:_activate_slot,2104_460_1041_813_1176
S,5,2104,DETECTION,src/tracking/advanced_tracker.py:_activate_slot,2104_860_1329_1034_1437
S,6,2104,DETECTION,src/tracking/advanced_tracker.py:_activate_slot,2104_891_1134_1035_1274
S,7,2104,DETECTION,src/tracking/advanced_tracker.py:_activate_slot,2104_146_128_371_230
S,2,2104,PREDICTION,src/tracking/advanced_tracker.py:kalman_homography,
S,8,2104,PREDICTION,src/tracking/advanced_tracker.py:flow_gapfill_batched,
D,2,2104
S,3,2104,PREDICTION,src/tracking/advanced_tracker.py:id_merge,
D,3,2104
S,4,2104,PREDICTION,src/tracking/advanced_tracker.py:id_merge,
D,5,2104
S,6,2104,PREDICTION,src/tracking/advanced_tracker.py:id_merge,
D,6,2104
S,7,2104,PREDICTION,src/tracking/advanced_tracker.py:id_merge,
D,8,2104
S,7,2104,PREDICTION,src/tracking/advanced_tracker.py:id_merge,
L,0,2104,DETECTION,src/tracking/advanced_tracker.py:_activate_slot,2104_272_411_549_516
R,DETECTION,DETECTION,1
L,1,2104,DETECTION,src/tracking/advanced_tracker.py:_activate_slot,2104_426_202_738_369
R,DETECTION,DETECTION,1
L,4,2104,PREDICTION,src/tracking/advanced_tracker.py:id_merge,
R,PREDICTION,PREDICTION,1
L,7,2104,PREDICTION,src/tracking/advanced_tracker.py:id_merge,
R,PREDICTION,PREDICTION,1
A,2104
S,1,2107,DETECTION,src/tracking/advanced_tracker.py:_activate_slot,2107_426_201_733_363
S,2,2107,DETECTION,src/tracking/advanced_tracker.py:_activate_slot,2107_456_1048_813_1177
S,3,2107,DETECTION,src/tracking/advanced_tracker.py:_activate_slot,2107_849_1215_1034_1353
S,4,2107,DETECTION,src/tracking/advanced_tracker.py:_activate_slot,2107_272_406_547_508
S,5,2107,DETECTION,src/tracking/advanced_tracker.py:_activate_slot,2107_862_1329_1033_1437
S,6,2107,DETECTION,src/tracking/advanced_tracker.py:_activate_slot,2107_890_1135_1035_1275
S,7,2107,DETECTION,src/tracking/advanced_tracker.py:_activate_slot,2107_135_127_376_230
S,0,2107,PREDICTION,src/tracking/advanced_tracker.py:kalman_homography,
S,8,2107,PREDICTION,src/tracking/advanced_tracker.py:flow_gapfill_batched,
S,9,2107,PREDICTION,src/tracking/advanced_tracker.py:flow_gapfill_batched,
D,0,2107
S,4,2107,PREDICTION,src/tracking/advanced_tracker.py:id_merge,
D,2,2107
S,3,2107,PREDICTION,src/tracking/advanced_tracker.py:id_merge,
D,5,2107
S,6,2107,PREDICTION,src/tracking/advanced_tracker.py:id_merge,
D,6,2107
S,7,2107,PREDICTION,src/tracking/advanced_tracker.py:id_merge,
D,8,2107
S,7,2107,PREDICTION,src/tracking/advanced_tracker.py:id_merge,
D,9,2107
S,7,2107,PREDICTION,src/tracking/advanced_tracker.py:id_merge,
L,1,2107,DETECTION,src/tracking/advanced_tracker.py:_activate_slot,2107_426_201_733_363
R,DETECTION,DETECTION,1
L,3,2107,PREDICTION,src/tracking/advanced_tracker.py:id_merge,
R,PREDICTION,PREDICTION,1
L,4,2107,PREDICTION,src/tracking/advanced_tracker.py:id_merge,
R,PREDICTION,PREDICTION,1
L,7,2107,PREDICTION,src/tracking/advanced_tracker.py:id_merge,
R,PREDICTION,PREDICTION,1
A,2107
S,0,2110,DETECTION,src/tracking/advanced_tracker.py:_activate_slot,2110_271_399_547_501
S,1,2110,DETECTION,src/tracking/advanced_tracker.py:_activate_slot,2110_425_198_735_364
S,3,2110,DETECTION,src/tracking/advanced_tracker.py:_activate_slot,2110_850_1215_1033_1353
S,4,2110,DETECTION,src/tracking/advanced_tracker.py:_activate_slot,2110_458_1051_813_1180
S,5,2110,DETECTION,src/tracking/advanced_tracker.py:_activate_slot,2110_862_1329_1033_1437
S,6,2110,DETECTION,src/tracking/advanced_tracker.py:_activate_slot,2110_886_1135_1035_1276
S,7,2110,DETECTION,src/tracking/advanced_tracker.py:_activate_slot,2110_134_126_377_229
S,2,2110,PREDICTION,src/tracking/advanced_tracker.py:kalman_homography,
S,8,2110,PREDICTION,src/tracking/advanced_tracker.py:flow_gapfill_batched,
D,2,2110
S,3,2110,PREDICTION,src/tracking/advanced_tracker.py:id_merge,
D,3,2110
S,4,2110,PREDICTION,src/tracking/advanced_tracker.py:id_merge,
D,5,2110
S,6,2110,PREDICTION,src/tracking/advanced_tracker.py:id_merge,
D,6,2110
S,7,2110,PREDICTION,src/tracking/advanced_tracker.py:id_merge,
D,8,2110
S,7,2110,PREDICTION,src/tracking/advanced_tracker.py:id_merge,
L,0,2110,DETECTION,src/tracking/advanced_tracker.py:_activate_slot,2110_271_399_547_501
R,DETECTION,DETECTION,1
L,1,2110,DETECTION,src/tracking/advanced_tracker.py:_activate_slot,2110_425_198_735_364
R,DETECTION,DETECTION,1
L,4,2110,PREDICTION,src/tracking/advanced_tracker.py:id_merge,
R,PREDICTION,PREDICTION,1
L,7,2110,PREDICTION,src/tracking/advanced_tracker.py:id_merge,
R,PREDICTION,SUBPIXEL,0
A,2110
S,0,2113,DETECTION,src/tracking/advanced_tracker.py:_activate_slot,2113_268_392_547_500
S,1,2113,DETECTION,src/tracking/advanced_tracker.py:_activate_slot,2113_424_193_736_343
S,3,2113,DETECTION,src/tracking/advanced_tracker.py:_activate_slot,2113_850_1215_1033_1353
S,4,2113,DETECTION,src/tracking/advanced_tracker.py:_activate_slot,2113_460_1053_814_1185
S,5,2113,DETECTION,src/tracking/advanced_tracker.py:_activate_slot,2113_861_1330_1033_1438
S,6,2113,DETECTION,src/tracking/advanced_tracker.py:_activate_slot,2113_886_1134_1035_1278
S,7,2113,DETECTION,src/tracking/advanced_tracker.py:_activate_slot,2113_136_125_375_229
S,2,2113,PREDICTION,src/tracking/advanced_tracker.py:kalman_homography,
S,8,2113,PREDICTION,src/tracking/advanced_tracker.py:flow_gapfill_batched,
S,9,2113,PREDICTION,src/tracking/advanced_tracker.py:flow_gapfill_batched,
D,2,2113
S,3,2113,PREDICTION,src/tracking/advanced_tracker.py:id_merge,
D,3,2113
S,4,2113,PREDICTION,src/tracking/advanced_tracker.py:id_merge,
D,5,2113
S,6,2113,PREDICTION,src/tracking/advanced_tracker.py:id_merge,
D,6,2113
S,7,2113,PREDICTION,src/tracking/advanced_tracker.py:id_merge,
D,8,2113
S,7,2113,PREDICTION,src/tracking/advanced_tracker.py:id_merge,
D,9,2113
S,7,2113,PREDICTION,src/tracking/advanced_tracker.py:id_merge,
L,0,2113,DETECTION,src/tracking/advanced_tracker.py:_activate_slot,2113_268_392_547_500
R,DETECTION,DETECTION,1
L,1,2113,DETECTION,src/tracking/advanced_tracker.py:_activate_slot,2113_424_193_736_343
R,DETECTION,DETECTION,1
L,4,2113,PREDICTION,src/tracking/advanced_tracker.py:id_merge,
R,PREDICTION,SUBPIXEL,0
L,7,2113,PREDICTION,src/tracking/advanced_tracker.py:id_merge,
R,PREDICTION,SUBPIXEL,0
A,2113
S,0,2116,DETECTION,src/tracking/advanced_tracker.py:_activate_slot,2116_267_389_546_499
S,1,2116,DETECTION,src/tracking/advanced_tracker.py:_activate_slot,2116_424_192_736_321
S,3,2116,DETECTION,src/tracking/advanced_tracker.py:_activate_slot,2116_849_1215_1033_1352
S,4,2116,DETECTION,src/tracking/advanced_tracker.py:_activate_slot,2116_465_1054_812_1192
S,5,2116,DETECTION,src/tracking/advanced_tracker.py:_activate_slot,2116_860_1329_1034_1438
S,6,2116,DETECTION,src/tracking/advanced_tracker.py:_activate_slot,2116_888_1134_1035_1278
S,7,2116,DETECTION,src/tracking/advanced_tracker.py:_activate_slot,2116_147_126_370_228
S,2,2116,PREDICTION,src/tracking/advanced_tracker.py:kalman_homography,
S,8,2116,PREDICTION,src/tracking/advanced_tracker.py:flow_gapfill_batched,
D,2,2116
S,3,2116,PREDICTION,src/tracking/advanced_tracker.py:id_merge,
D,3,2116
S,4,2116,PREDICTION,src/tracking/advanced_tracker.py:id_merge,
D,5,2116
S,6,2116,PREDICTION,src/tracking/advanced_tracker.py:id_merge,
D,6,2116
S,7,2116,PREDICTION,src/tracking/advanced_tracker.py:id_merge,
D,8,2116
S,7,2116,PREDICTION,src/tracking/advanced_tracker.py:id_merge,
L,0,2116,DETECTION,src/tracking/advanced_tracker.py:_activate_slot,2116_267_389_546_499
R,DETECTION,DETECTION,1
L,1,2116,DETECTION,src/tracking/advanced_tracker.py:_activate_slot,2116_424_192_736_321
R,DETECTION,DETECTION,1
L,4,2116,PREDICTION,src/tracking/advanced_tracker.py:id_merge,
R,PREDICTION,PREDICTION,1
L,7,2116,PREDICTION,src/tracking/advanced_tracker.py:id_merge,
R,PREDICTION,PREDICTION,1
A,2116
S,0,2119,DETECTION,src/tracking/advanced_tracker.py:_activate_slot,2119_267_385_546_497
S,1,2119,DETECTION,src/tracking/advanced_tracker.py:_activate_slot,2119_423_187_739_294
S,2,2119,DETECTION,src/tracking/advanced_tracker.py:_activate_slot,2119_468_1053_810_1182
S,3,2119,DETECTION,src/tracking/advanced_tracker.py:_activate_slot,2119_849_1216_1033_1351
S,4,2119,DETECTION,src/tracking/advanced_tracker.py:_activate_slot,2119_859_1329_1035_1440
S,5,2119,DETECTION,src/tracking/advanced_tracker.py:_activate_slot,2119_148_-15_416_91
S,6,2119,DETECTION,src/tracking/advanced_tracker.py:_activate_slot,2119_888_1134_1035_1278
S,7,2119,DETECTION,src/tracking/advanced_tracker.py:_activate_slot,2119_141_125_372_229
S,8,2119,PREDICTION,src/tracking/advanced_tracker.py:flow_gapfill_batched,
S,9,2119,PREDICTION,src/tracking/advanced_tracker.py:flow_gapfill_batched,
D,2,2119
S,3,2119,PREDICTION,src/tracking/advanced_tracker.py:id_merge,
D,3,2119
S,4,2119,PREDICTION,src/tracking/advanced_tracker.py:id_merge,
D,5,2119
S,6,2119,PREDICTION,src/tracking/advanced_tracker.py:id_merge,
D,6,2119
S,7,2119,PREDICTION,src/tracking/advanced_tracker.py:id_merge,
D,8,2119
S,7,2119,PREDICTION,src/tracking/advanced_tracker.py:id_merge,
D,9,2119
S,7,2119,PREDICTION,src/tracking/advanced_tracker.py:id_merge,
L,0,2119,DETECTION,src/tracking/advanced_tracker.py:_activate_slot,2119_267_385_546_497
R,DETECTION,DETECTION,1
L,1,2119,DETECTION,src/tracking/advanced_tracker.py:_activate_slot,2119_423_187_739_294
R,DETECTION,DETECTION,1
L,4,2119,PREDICTION,src/tracking/advanced_tracker.py:id_merge,
R,PREDICTION,PREDICTION,1
L,7,2119,PREDICTION,src/tracking/advanced_tracker.py:id_merge,
R,PREDICTION,PREDICTION,1
A,2119
S,0,2122,DETECTION,src/tracking/advanced_tracker.py:_activate_slot,2122_265_379_546_497
S,1,2122,DETECTION,src/tracking/advanced_tracker.py:_activate_slot,2122_423_185_737_289
S,2,2122,DETECTION,src/tracking/advanced_tracker.py:_activate_slot,2122_468_1048_811_1180
S,3,2122,DETECTION,src/tracking/advanced_tracker.py:_activate_slot,2122_850_1216_1033_1351
S,4,2122,DETECTION,src/tracking/advanced_tracker.py:_activate_slot,2122_869_891_1034_1020
S,6,2122,DETECTION,src/tracking/advanced_tracker.py:_activate_slot,2122_887_1134_1035_1278
S,7,2122,DETECTION,src/tracking/advanced_tracker.py:_activate_slot,2122_146_125_370_228
S,5,2122,PREDICTION,src/tracking/advanced_tracker.py:flow_gapfill_batched,
S,8,2122,PREDICTION,src/tracking/advanced_tracker.py:flow_gapfill_batched,
S,9,2122,PREDICTION,src/tracking/advanced_tracker.py:flow_gapfill_batched,
D,2,2122
S,3,2122,PREDICTION,src/tracking/advanced_tracker.py:id_merge,
D,3,2122
S,4,2122,PREDICTION,src/tracking/advanced_tracker.py:id_merge,
D,5,2122
S,6,2122,PREDICTION,src/tracking/advanced_tracker.py:id_merge,
D,6,2122
S,7,2122,PREDICTION,src/tracking/advanced_tracker.py:id_merge,
D,8,2122
S,7,2122,PREDICTION,src/tracking/advanced_tracker.py:id_merge,
D,9,2122
S,7,2122,PREDICTION,src/tracking/advanced_tracker.py:id_merge,
L,0,2122,DETECTION,src/tracking/advanced_tracker.py:_activate_slot,2122_265_379_546_497
R,DETECTION,DETECTION,1
L,1,2122,DETECTION,src/tracking/advanced_tracker.py:_activate_slot,2122_423_185_737_289
R,DETECTION,DETECTION,1
L,4,2122,PREDICTION,src/tracking/advanced_tracker.py:id_merge,
R,PREDICTION,PREDICTION,1
L,7,2122,PREDICTION,src/tracking/advanced_tracker.py:id_merge,
R,PREDICTION,PREDICTION,1
A,2122
S,0,2125,DETECTION,src/tracking/advanced_tracker.py:_activate_slot,2125_260_372_547_492
S,1,2125,DETECTION,src/tracking/advanced_tracker.py:_activate_slot,2125_425_176_744_285
S,3,2125,DETECTION,src/tracking/advanced_tracker.py:_activate_slot,2125_849_1216_1033_1351
S,6,2125,DETECTION,src/tracking/advanced_tracker.py:_activate_slot,2125_887_1133_1035_1277
S,7,2125,DETECTION,src/tracking/advanced_tracker.py:_activate_slot,2125_146_126_371_227
S,8,2125,DETECTION,src/tracking/advanced_tracker.py:_activate_slot,2125_467_1047_813_1176
S,2,2125,PREDICTION,src/tracking/advanced_tracker.py:kalman_homography,
S,4,2125,PREDICTION,src/tracking/advanced_tracker.py:flow_gapfill_batched,
S,5,2125,PREDICTION,src/tracking/advanced_tracker.py:flow_gapfill_batched,
S,9,2125,PREDICTION,src/tracking/advanced_tracker.py:flow_gapfill_batched,
D,2,2125
S,3,2125,PREDICTION,src/tracking/advanced_tracker.py:id_merge,
D,4,2125
S,3,2125,PREDICTION,src/tracking/advanced_tracker.py:id_merge,
D,5,2125
S,6,2125,PREDICTION,src/tracking/advanced_tracker.py:id_merge,
D,6,2125
S,7,2125,PREDICTION,src/tracking/advanced_tracker.py:id_merge,
D,9,2125
S,7,2125,PREDICTION,src/tracking/advanced_tracker.py:id_merge,
L,0,2125,DETECTION,src/tracking/advanced_tracker.py:_activate_slot,2125_260_372_547_492
R,DETECTION,DETECTION,1
L,1,2125,DETECTION,src/tracking/advanced_tracker.py:_activate_slot,2125_425_176_744_285
R,DETECTION,DETECTION,1
L,3,2125,PREDICTION,src/tracking/advanced_tracker.py:id_merge,
R,PREDICTION,PREDICTION,1
L,7,2125,PREDICTION,src/tracking/advanced_tracker.py:id_merge,
R,PREDICTION,PREDICTION,1
L,8,2125,DETECTION,src/tracking/advanced_tracker.py:_activate_slot,2125_467_1047_813_1176
R,CLAMP,CLAMP,0
A,2125
S,0,2128,DETECTION,src/tracking/advanced_tracker.py:_activate_slot,2128_258_365_544_470
S,1,2128,DETECTION,src/tracking/advanced_tracker.py:_activate_slot,2128_427_175_747_284
S,3,2128,DETECTION,src/tracking/advanced_tracker.py:_activate_slot,2128_849_1213_1033_1351
S,6,2128,DETECTION,src/tracking/advanced_tracker.py:_activate_slot,2128_888_1133_1035_1275
S,7,2128,DETECTION,src/tracking/advanced_tracker.py:_activate_slot,2128_143_125_371_228
S,8,2128,DETECTION,src/tracking/advanced_tracker.py:_activate_slot,2128_858_1326_1035_1441
S,2,2128,PREDICTION,src/tracking/advanced_tracker.py:kalman_homography,
S,5,2128,PREDICTION,src/tracking/advanced_tracker.py:flow_gapfill_batched,
D,2,2128
S,3,2128,PREDICTION,src/tracking/advanced_tracker.py:id_merge,
D,5,2128
S,6,2128,PREDICTION,src/tracking/advanced_tracker.py:id_merge,
D,6,2128
S,7,2128,PREDICTION,src/tracking/advanced_tracker.py:id_merge,
D,7,2128
S,8,2128,PREDICTION,src/tracking/advanced_tracker.py:id_merge,
L,0,2128,DETECTION,src/tracking/advanced_tracker.py:_activate_slot,2128_258_365_544_470
R,DETECTION,DETECTION,1
L,1,2128,DETECTION,src/tracking/advanced_tracker.py:_activate_slot,2128_427_175_747_284
R,DETECTION,DETECTION,1
L,3,2128,PREDICTION,src/tracking/advanced_tracker.py:id_merge,
R,PREDICTION,SUBPIXEL,0
L,8,2128,PREDICTION,src/tracking/advanced_tracker.py:id_merge,
R,CLAMP,CLAMP,0
A,2128
S,0,2131,DETECTION,src/tracking/advanced_tracker.py:_activate_slot,2131_257_361_544_463
S,1,2131,DETECTION,src/tracking/advanced_tracker.py:_activate_slot,2131_428_170_744_283
S,3,2131,DETECTION,src/tracking/advanced_tracker.py:_activate_slot,2131_847_1213_1033_1351
S,6,2131,DETECTION,src/tracking/advanced_tracker.py:_activate_slot,2131_888_1134_1035_1272
S,7,2131,DETECTION,src/tracking/advanced_tracker.py:_activate_slot,2131_145_124_370_226
S,2,2131,PREDICTION,src/tracking/advanced_tracker.py:kalman_homography,
S,4,2131,PREDICTION,src/tracking/advanced_tracker.py:flow_gapfill_batched,
S,5,2131,PREDICTION,src/tracking/advanced_tracker.py:flow_gapfill_batched,
S,8,2131,PREDICTION,src/tracking/advanced_tracker.py:flow_gapfill_batched,
D,2,2131
S,3,2131,PREDICTION,src/tracking/advanced_tracker.py:id_merge,
D,4,2131
S,3,2131,PREDICTION,src/tracking/advanced_tracker.py:id_merge,
D,5,2131
S,6,2131,PREDICTION,src/tracking/advanced_tracker.py:id_merge,
D,6,2131
S,7,2131,PREDICTION,src/tracking/advanced_tracker.py:id_merge,
D,8,2131
S,7,2131,PREDICTION,src/tracking/advanced_tracker.py:id_merge,
L,0,2131,DETECTION,src/tracking/advanced_tracker.py:_activate_slot,2131_257_361_544_463
R,DETECTION,DETECTION,1
L,1,2131,DETECTION,src/tracking/advanced_tracker.py:_activate_slot,2131_428_170_744_283
R,DETECTION,DETECTION,1
L,3,2131,PREDICTION,src/tracking/advanced_tracker.py:id_merge,
R,PREDICTION,SUBPIXEL,0
L,7,2131,PREDICTION,src/tracking/advanced_tracker.py:id_merge,
R,PREDICTION,SUBPIXEL,0
A,2131
S,0,2134,DETECTION,src/tracking/advanced_tracker.py:_activate_slot,2134_260_346_549_465
S,1,2134,DETECTION,src/tracking/advanced_tracker.py:_activate_slot,2134_431_166_746_284
S,2,2134,DETECTION,src/tracking/advanced_tracker.py:_activate_slot,2134_479_1036_810_1159
S,3,2134,DETECTION,src/tracking/advanced_tracker.py:_activate_slot,2134_846_1211_1033_1352
S,6,2134,DETECTION,src/tracking/advanced_tracker.py:_activate_slot,2134_887_1132_1035_1270
S,7,2134,DETECTION,src/tracking/advanced_tracker.py:_activate_slot,2134_144_124_369_226
S,8,2134,DETECTION,src/tracking/advanced_tracker.py:_activate_slot,2134_859_1323_1033_1443
S,4,2134,PREDICTION,src/tracking/advanced_tracker.py:flow_gapfill_batched,
S,5,2134,PREDICTION,src/tracking/advanced_tracker.py:flow_gapfill_batched,
D,2,2134
S,3,2134,PREDICTION,src/tracking/advanced_tracker.py:id_merge,
D,4,2134
S,3,2134,PREDICTION,src/tracking/advanced_tracker.py:id_merge,
D,5,2134
S,6,2134,PREDICTION,src/tracking/advanced_tracker.py:id_merge,
D,6,2134
S,7,2134,PREDICTION,src/tracking/advanced_tracker.py:id_merge,
D,7,2134
S,8,2134,PREDICTION,src/tracking/advanced_tracker.py:id_merge,
L,0,2134,DETECTION,src/tracking/advanced_tracker.py:_activate_slot,2134_260_346_549_465
R,DETECTION,DETECTION,1
L,1,2134,DETECTION,src/tracking/advanced_tracker.py:_activate_slot,2134_431_166_746_284
R,DETECTION,DETECTION,1
L,3,2134,PREDICTION,src/tracking/advanced_tracker.py:id_merge,
R,PREDICTION,PREDICTION,1
L,8,2134,PREDICTION,src/tracking/advanced_tracker.py:id_merge,
R,CLAMP,CLAMP,0
A,2134
S,0,2137,DETECTION,src/tracking/advanced_tracker.py:_activate_slot,2137_255_331_543_466
S,1,2137,DETECTION,src/tracking/advanced_tracker.py:_activate_slot,2137_435_163_741_283
S,2,2137,DETECTION,src/tracking/advanced_tracker.py:_activate_slot,2137_480_1035_803_1155
S,3,2137,DETECTION,src/tracking/advanced_tracker.py:_activate_slot,2137_846_1210_1033_1351
S,4,2137,DETECTION,src/tracking/advanced_tracker.py:_activate_slot,2137_891_1018_1035_1147
S,5,2137,DETECTION,src/tracking/advanced_tracker.py:_activate_slot,2137_124_-15_415_61
S,6,2137,DETECTION,src/tracking/advanced_tracker.py:_activate_slot,2137_887_1129_1035_1267
S,7,2137,DETECTION,src/tracking/advanced_tracker.py:_activate_slot,2137_140_124_369_228
S,8,2137,DETECTION,src/tracking/advanced_tracker.py:_activate_slot,2137_858_1320_1035_1443
D,2,2137
S,3,2137,PREDICTION,src/tracking/advanced_tracker.py:id_merge,
D,3,2137
S,4,2137,PREDICTION,src/tracking/advanced_tracker.py:id_merge,
D,5,2137
S,6,2137,PREDICTION,src/tracking/advanced_tracker.py:id_merge,
D,6,2137
S,7,2137,PREDICTION,src/tracking/advanced_tracker.py:id_merge,
D,7,2137
S,8,2137,PREDICTION,src/tracking/advanced_tracker.py:id_merge,
L,0,2137,DETECTION,src/tracking/advanced_tracker.py:_activate_slot,2137_255_331_543_466
R,DETECTION,DETECTION,1
L,1,2137,DETECTION,src/tracking/advanced_tracker.py:_activate_slot,2137_435_163_741_283
R,DETECTION,DETECTION,1
L,4,2137,PREDICTION,src/tracking/advanced_tracker.py:id_merge,
R,PREDICTION,PREDICTION,1
L,8,2137,PREDICTION,src/tracking/advanced_tracker.py:id_merge,
R,CLAMP,CLAMP,0
A,2137
S,0,2140,DETECTION,src/tracking/advanced_tracker.py:_activate_slot,2140_257_331_549_466
S,1,2140,DETECTION,src/tracking/advanced_tracker.py:_activate_slot,2140_438_160_742_285
S,2,2140,DETECTION,src/tracking/advanced_tracker.py:_activate_slot,2140_480_1032_802_1155
S,3,2140,DETECTION,src/tracking/advanced_tracker.py:_activate_slot,2140_847_1210_1033_1351
S,4,2140,DETECTION,src/tracking/advanced_tracker.py:_activate_slot,2140_890_1013_1035_1146
S,6,2140,DETECTION,src/tracking/advanced_tracker.py:_activate_slot,2140_891_1127_1035_1263
S,7,2140,DETECTION,src/tracking/advanced_tracker.py:_activate_slot,2140_140_125_369_228
S,8,2140,DETECTION,src/tracking/advanced_tracker.py:_activate_slot,2140_858_1317_1033_1443
S,5,2140,PREDICTION,src/tracking/advanced_tracker.py:flow_gapfill_batched,
D,2,2140
S,3,2140,PREDICTION,src/tracking/advanced_tracker.py:id_merge,
D,3,2140
S,4,2140,PREDICTION,src/tracking/advanced_tracker.py:id_merge,
D,5,2140
S,6,2140,PREDICTION,src/tracking/advanced_tracker.py:id_merge,
D,6,2140
S,7,2140,PREDICTION,src/tracking/advanced_tracker.py:id_merge,
D,7,2140
S,8,2140,PREDICTION,src/tracking/advanced_tracker.py:id_merge,
L,0,2140,DETECTION,src/tracking/advanced_tracker.py:_activate_slot,2140_257_331_549_466
R,DETECTION,SUBPIXEL,0
L,1,2140,DETECTION,src/tracking/advanced_tracker.py:_activate_slot,2140_438_160_742_285
R,DETECTION,DETECTION,1
L,4,2140,PREDICTION,src/tracking/advanced_tracker.py:id_merge,
R,PREDICTION,PREDICTION,1
L,8,2140,PREDICTION,src/tracking/advanced_tracker.py:id_merge,
R,CLAMP,CLAMP,0
A,2140
S,0,2143,DETECTION,src/tracking/advanced_tracker.py:_activate_slot,2143_254_331_549_467
S,1,2143,DETECTION,src/tracking/advanced_tracker.py:_activate_slot,2143_441_159_741_282
S,2,2143,DETECTION,src/tracking/advanced_tracker.py:_activate_slot,2143_480_1033_803_1153
S,3,2143,DETECTION,src/tracking/advanced_tracker.py:_activate_slot,2143_844_1209_1033_1353
S,4,2143,DETECTION,src/tracking/advanced_tracker.py:_activate_slot,2143_867_890_1035_1019
S,5,2143,DETECTION,src/tracking/advanced_tracker.py:_activate_slot,2143_434_1134_788_1252
S,6,2143,DETECTION,src/tracking/advanced_tracker.py:_activate_slot,2143_891_1123_1035_1258
S,7,2143,DETECTION,src/tracking/advanced_tracker.py:_activate_slot,2143_140_124_369_229
S,8,2143,PREDICTION,src/tracking/advanced_tracker.py:flow_gapfill_batched,
D,0,2143
S,4,2143,PREDICTION,src/tracking/advanced_tracker.py:id_merge,
D,2,2143
S,3,2143,PREDICTION,src/tracking/advanced_tracker.py:id_merge,
D,3,2143
S,4,2143,PREDICTION,src/tracking/advanced_tracker.py:id_merge,
D,5,2143
S,6,2143,PREDICTION,src/tracking/advanced_tracker.py:id_merge,
D,6,2143
S,7,2143,PREDICTION,src/tracking/advanced_tracker.py:id_merge,
D,8,2143
S,7,2143,PREDICTION,src/tracking/advanced_tracker.py:id_merge,
L,1,2143,DETECTION,src/tracking/advanced_tracker.py:_activate_slot,2143_441_159_741_282
R,DETECTION,DETECTION,1
L,4,2143,PREDICTION,src/tracking/advanced_tracker.py:id_merge,
R,PREDICTION,PREDICTION,1
L,7,2143,PREDICTION,src/tracking/advanced_tracker.py:id_merge,
R,PREDICTION,PREDICTION,1
A,2143
S,0,2146,DETECTION,src/tracking/advanced_tracker.py:_activate_slot,2146_255_326_550_465
S,1,2146,DETECTION,src/tracking/advanced_tracker.py:_activate_slot,2146_441_158_740_280
S,2,2146,DETECTION,src/tracking/advanced_tracker.py:_activate_slot,2146_480_1033_802_1150
S,3,2146,DETECTION,src/tracking/advanced_tracker.py:_activate_slot,2146_844_1209_1033_1353
S,4,2146,DETECTION,src/tracking/advanced_tracker.py:_activate_slot,2146_91_13_355_115
S,5,2146,DETECTION,src/tracking/advanced_tracker.py:_activate_slot,2146_890_1011_1035_1147
S,6,2146,DETECTION,src/tracking/advanced_tracker.py:_activate_slot,2146_883_1120_1035_1252
S,7,2146,DETECTION,src/tracking/advanced_tracker.py:_activate_slot,2146_139_124_370_228
S,9,2146,DETECTION,src/tracking/advanced_tracker.py:_activate_slot,2146_100_-15_420_61
S,8,2146,PREDICTION,src/tracking/advanced_tracker.py:flow_gapfill_batched,
D,0,2146
S,4,2146,PREDICTION,src/tracking/advanced_tracker.py:id_merge,
D,2,2146
S,3,2146,PREDICTION,src/tracking/advanced_tracker.py:id_merge,
D,3,2146
S,4,2146,PREDICTION,src/tracking/advanced_tracker.py:id_merge,
D,5,2146
S,6,2146,PREDICTION,src/tracking/advanced_tracker.py:id_merge,
D,6,2146
S,7,2146,PREDICTION,src/tracking/advanced_tracker.py:id_merge,
D,8,2146
S,7,2146,PREDICTION,src/tracking/advanced_tracker.py:id_merge,
D,7,2146
S,9,2146,PREDICTION,src/tracking/advanced_tracker.py:id_merge,
L,1,2146,DETECTION,src/tracking/advanced_tracker.py:_activate_slot,2146_441_158_740_280
R,DETECTION,DETECTION,1
L,4,2146,PREDICTION,src/tracking/advanced_tracker.py:id_merge,
R,PREDICTION,PREDICTION,1
L,9,2146,PREDICTION,src/tracking/advanced_tracker.py:id_merge,
R,PREDICTION,PREDICTION,1
A,2146
S,0,2149,DETECTION,src/tracking/advanced_tracker.py:_activate_slot,2149_236_312_539_460
S,1,2149,DETECTION,src/tracking/advanced_tracker.py:_activate_slot,2149_441_158_742_279
S,2,2149,DETECTION,src/tracking/advanced_tracker.py:_activate_slot,2149_481_1035_804_1152
S,3,2149,DETECTION,src/tracking/advanced_tracker.py:_activate_slot,2149_847_1207_1033_1353
S,4,2149,DETECTION,src/tracking/advanced_tracker.py:_activate_slot,2149_91_11_352_115
S,5,2149,DETECTION,src/tracking/advanced_tracker.py:_activate_slot,2149_889_1009_1035_1146
S,6,2149,DETECTION,src/tracking/advanced_tracker.py:_activate_slot,2149_891_1118_1035_1247
S,7,2149,DETECTION,src/tracking/advanced_tracker.py:_activate_slot,2149_137_124_369_228
S,8,2149,DETECTION,src/tracking/advanced_tracker.py:_activate_slot,2149_870_889_1035_1018
S,9,2149,DETECTION,src/tracking/advanced_tracker.py:_activate_slot,2149_95_-15_418_61
D,0,2149
S,4,2149,PREDICTION,src/tracking/advanced_tracker.py:id_merge,
D,2,2149
S,3,2149,PREDICTION,src/tracking/advanced_tracker.py:id_merge,
D,3,2149
S,4,2149,PREDICTION,src/tracking/advanced_tracker.py:id_merge,
D,5,2149
S,6,2149,PREDICTION,src/tracking/advanced_tracker.py:id_merge,
D,6,2149
S,7,2149,PREDICTION,src/tracking/advanced_tracker.py:id_merge,
D,7,2149
S,8,2149,PREDICTION,src/tracking/advanced_tracker.py:id_merge,
D,8,2149
S,9,2149,PREDICTION,src/tracking/advanced_tracker.py:id_merge,
L,1,2149,DETECTION,src/tracking/advanced_tracker.py:_activate_slot,2149_441_158_742_279
R,DETECTION,DETECTION,1
L,4,2149,PREDICTION,src/tracking/advanced_tracker.py:id_merge,
R,PREDICTION,PREDICTION,1
L,9,2149,PREDICTION,src/tracking/advanced_tracker.py:id_merge,
R,PREDICTION,PREDICTION,1
A,2149
S,1,2152,DETECTION,src/tracking/advanced_tracker.py:_activate_slot,2152_436_161_741_276
S,2,2152,DETECTION,src/tracking/advanced_tracker.py:_activate_slot,2152_106_-15_417_61
S,3,2152,DETECTION,src/tracking/advanced_tracker.py:_activate_slot,2152_848_1209_1034_1353
S,4,2152,DETECTION,src/tracking/advanced_tracker.py:_activate_slot,2152_90_10_352_115
S,0,2152,DETECTION,src/tracking/advanced_tracker.py:_activate_slot,2152_265_309_533_450
S,5,2152,DETECTION,src/tracking/advanced_tracker.py:_activate_slot,2152_891_1012_1035_1144
S,6,2152,DETECTION,src/tracking/advanced_tracker.py:_activate_slot,2152_888_1116_1035_1247
S,7,2152,DETECTION,src/tracking/advanced_tracker.py:_activate_slot,2152_136_124_369_228
S,8,2152,DETECTION,src/tracking/advanced_tracker.py:_activate_slot,2152_858_1314_1035_1443
S,9,2152,DETECTION,src/tracking/advanced_tracker.py:_activate_slot,2152_870_889_1035_1018
D,0,2152
S,2,2152,PREDICTION,src/tracking/advanced_tracker.py:id_merge,
D,2,2152
S,3,2152,PREDICTION,src/tracking/advanced_tracker.py:id_merge,
D,3,2152
S,4,2152,PREDICTION,src/tracking/advanced_tracker.py:id_merge,
D,5,2152
S,6,2152,PREDICTION,src/tracking/advanced_tracker.py:id_merge,
D,6,2152
S,7,2152,PREDICTION,src/tracking/advanced_tracker.py:id_merge,
D,7,2152
S,8,2152,PREDICTION,src/tracking/advanced_tracker.py:id_merge,
D,8,2152
S,9,2152,PREDICTION,src/tracking/advanced_tracker.py:id_merge,
L,1,2152,DETECTION,src/tracking/advanced_tracker.py:_activate_slot,2152_436_161_741_276
R,DETECTION,DETECTION,1
L,4,2152,PREDICTION,src/tracking/advanced_tracker.py:id_merge,
R,PREDICTION,PREDICTION,1
L,9,2152,PREDICTION,src/tracking/advanced_tracker.py:id_merge,
R,PREDICTION,PREDICTION,1
A,2152
S,0,2155,DETECTION,src/tracking/advanced_tracker.py:_activate_slot,2155_123_307_538_427
S,1,2155,DETECTION,src/tracking/advanced_tracker.py:_activate_slot,2155_433_159_744_272
S,2,2155,DETECTION,src/tracking/advanced_tracker.py:_activate_slot,2155_482_1044_802_1158
S,3,2155,DETECTION,src/tracking/advanced_tracker.py:_activate_slot,2155_852_1207_1034_1351
S,4,2155,DETECTION,src/tracking/advanced_tracker.py:_activate_slot,2155_90_13_353_114
S,5,2155,DETECTION,src/tracking/advanced_tracker.py:_activate_slot,2155_890_1011_1035_1145
S,6,2155,DETECTION,src/tracking/advanced_tracker.py:_activate_slot,2155_885_1116_1035_1245
S,7,2155,DETECTION,src/tracking/advanced_tracker.py:_activate_slot,2155_132_123_370_226
S,8,2155,DETECTION,src/tracking/advanced_tracker.py:_activate_slot,2155_441_1144_794_1279
D,0,2155
S,4,2155,PREDICTION,src/tracking/advanced_tracker.py:id_merge,
D,2,2155
S,3,2155,PREDICTION,src/tracking/advanced_tracker.py:id_merge,
D,3,2155
S,4,2155,PREDICTION,src/tracking/advanced_tracker.py:id_merge,
D,5,2155
S,6,2155,PREDICTION,src/tracking/advanced_tracker.py:id_merge,
D,6,2155
S,7,2155,PREDICTION,src/tracking/advanced_tracker.py:id_merge,
L,1,2155,DETECTION,src/tracking/advanced_tracker.py:_activate_slot,2155_433_159_744_272
R,DETECTION,DETECTION,1
L,4,2155,PREDICTION,src/tracking/advanced_tracker.py:id_merge,
R,PREDICTION,SUBPIXEL,0
L,7,2155,PREDICTION,src/tracking/advanced_tracker.py:id_merge,
R,PREDICTION,PREDICTION,1
L,8,2155,DETECTION,src/tracking/advanced_tracker.py:_activate_slot,2155_441_1144_794_1279
R,CLAMP,CLAMP,0
A,2155
S,0,2158,DETECTION,src/tracking/advanced_tracker.py:_activate_slot,2158_480_1045_803_1162
S,1,2158,DETECTION,src/tracking/advanced_tracker.py:_activate_slot,2158_432_159_744_268
S,3,2158,DETECTION,src/tracking/advanced_tracker.py:_activate_slot,2158_852_1207_1034_1351
S,4,2158,DETECTION,src/tracking/advanced_tracker.py:_activate_slot,2158_90_10_353_115
S,5,2158,DETECTION,src/tracking/advanced_tracker.py:_activate_slot,2158_858_1314_1035_1443
S,6,2158,DETECTION,src/tracking/advanced_tracker.py:_activate_slot,2158_881_1114_1035_1245
S,7,2158,DETECTION,src/tracking/advanced_tracker.py:_activate_slot,2158_131_124_369_226
S,8,2158,DETECTION,src/tracking/advanced_tracker.py:_activate_slot,2158_111_-15_415_61
S,9,2158,DETECTION,src/tracking/advanced_tracker.py:_activate_slot,2158_115_480_372_604
S,2,2158,PREDICTION,src/tracking/advanced_tracker.py:flow_gapfill_batched,
D,2,2158
S,0,2158,PREDICTION,src/tracking/advanced_tracker.py:id_merge,
D,0,2158
S,3,2158,PREDICTION,src/tracking/advanced_tracker.py:id_merge,
D,3,2158
S,4,2158,PREDICTION,src/tracking/advanced_tracker.py:id_merge,
D,5,2158
S,6,2158,PREDICTION,src/tracking/advanced_tracker.py:id_merge,
D,6,2158
S,7,2158,PREDICTION,src/tracking/advanced_tracker.py:id_merge,
D,7,2158
S,8,2158,PREDICTION,src/tracking/advanced_tracker.py:id_merge,
L,1,2158,DETECTION,src/tracking/advanced_tracker.py:_activate_slot,2158_432_159_744_268
R,DETECTION,DETECTION,1
L,4,2158,PREDICTION,src/tracking/advanced_tracker.py:id_merge,
R,PREDICTION,SUBPIXEL,0
L,8,2158,PREDICTION,src/tracking/advanced_tracker.py:id_merge,
R,CLAMP,CLAMP,0
L,9,2158,DETECTION,src/tracking/advanced_tracker.py:_activate_slot,2158_115_480_372_604
R,DETECTION,DETECTION,1
A,2158
S,1,2161,DETECTION,src/tracking/advanced_tracker.py:_activate_slot,2161_428_163_744_276
S,2,2161,DETECTION,src/tracking/advanced_tracker.py:_activate_slot,2161_482_1043_800_1163
S,3,2161,DETECTION,src/tracking/advanced_tracker.py:_activate_slot,2161_852_1206_1034_1350
S,4,2161,DETECTION,src/tracking/advanced_tracker.py:_activate_slot,2161_94_14_352_115
S,5,2161,DETECTION,src/tracking/advanced_tracker.py:_activate_slot,2161_890_1015_1035_1150
S,6,2161,DETECTION,src/tracking/advanced_tracker.py:_activate_slot,2161_883_1116_1035_1245
S,7,2161,DETECTION,src/tracking/advanced_tracker.py:_activate_slot,2161_134_126_371_227
S,8,2161,DETECTION,src/tracking/advanced_tracker.py:_activate_slot,2161_444_1168_795_1276
S,9,2161,DETECTION,src/tracking/advanced_tracker.py:_activate_slot,2161_871_889_1035_1018
S,0,2161,PREDICTION,src/tracking/advanced_tracker.py:kalman_homography,
D,0,2161
S,2,2161,PREDICTION,src/tracking/advanced_tracker.py:id_merge,
D,2,2161
S,3,2161,PREDICTION,src/tracking/advanced_tracker.py:id_merge,
D,3,2161
S,4,2161,PREDICTION,src/tracking/advanced_tracker.py:id_merge,
D,5,2161
S,6,2161,PREDICTION,src/tracking/advanced_tracker.py:id_merge,
D,6,2161
S,7,2161,PREDICTION,src/tracking/advanced_tracker.py:id_merge,
D,7,2161
S,9,2161,PREDICTION,src/tracking/advanced_tracker.py:id_merge,
L,1,2161,DETECTION,src/tracking/advanced_tracker.py:_activate_slot,2161_428_163_744_276
R,DETECTION,DETECTION,1
L,4,2161,PREDICTION,src/tracking/advanced_tracker.py:id_merge,
R,PREDICTION,PREDICTION,1
L,8,2161,DETECTION,src/tracking/advanced_tracker.py:_activate_slot,2161_444_1168_795_1276
R,CLAMP,CLAMP,0
L,9,2161,PREDICTION,src/tracking/advanced_tracker.py:id_merge,
R,PREDICTION,PREDICTION,1
A,2161
S,1,2164,DETECTION,src/tracking/advanced_tracker.py:_activate_slot,2164_426_159_745_273
S,2,2164,DETECTION,src/tracking/advanced_tracker.py:_activate_slot,2164_112_289_530_406
S,3,2164,DETECTION,src/tracking/advanced_tracker.py:_activate_slot,2164_853_1206_1033_1349
S,5,2164,DETECTION,src/tracking/advanced_tracker.py:_activate_slot,2164_890_1018_1034_1153
S,6,2164,DETECTION,src/tracking/advanced_tracker.py:_activate_slot,2164_885_1116_1035_1245
S,7,2164,DETECTION,src/tracking/advanced_tracker.py:_activate_slot,2164_138_124_368_227
S,8,2164,DETECTION,src/tracking/advanced_tracker.py:_activate_slot,2164_858_1317_1035_1439
S,9,2164,DETECTION,src/tracking/advanced_tracker.py:_activate_slot,2164_110_487_367_602
S,0,2164,PREDICTION,src/tracking/advanced_tracker.py:kalman_homography,
S,4,2164,PREDICTION,src/tracking/advanced_tracker.py:kalman_homography,
D,0,2164
S,3,2164,PREDICTION,src/tracking/advanced_tracker.py:id_merge,
D,2,2164
S,3,2164,PREDICTION,src/tracking/advanced_tracker.py:id_merge,
D,4,2164
S,3,2164,PREDICTION,src/tracking/advanced_tracker.py:id_merge,
D,5,2164
S,6,2164,PREDICTION,src/tracking/advanced_tracker.py:id_merge,
D,6,2164
S,7,2164,PREDICTION,src/tracking/advanced_tracker.py:id_merge,
D,7,2164
S,8,2164,PREDICTION,src/tracking/advanced_tracker.py:id_merge,
L,1,2164,DETECTION,src/tracking/advanced_tracker.py:_activate_slot,2164_426_159_745_273
R,DETECTION,DETECTION,1
L,3,2164,PREDICTION,src/tracking/advanced_tracker.py:id_merge,
R,PREDICTION,PREDICTION,1
L,8,2164,PREDICTION,src/tracking/advanced_tracker.py:id_merge,
R,CLAMP,CLAMP,0
L,9,2164,DETECTION,src/tracking/advanced_tracker.py:_activate_slot,2164_110_487_367_602
R,DETECTION,DETECTION,1
A,2164
S,1,2167,CLAMP,src/tracking/advanced_tracker.py:_activate_slot,2167_446_1176_794_1289
S,2,2167,DETECTION,src/tracking/advanced_tracker.py:_activate_slot,2167_110_286_532_404
S,3,2167,DETECTION,src/tracking/advanced_tracker.py:_activate_slot,2167_852_1207_1034_1348
S,5,2167,DETECTION,src/tracking/advanced_tracker.py:_activate_slot,2167_891_1018_1035_1153
S,6,2167,DETECTION,src/tracking/advanced_tracker.py:_activate_slot,2167_885_1116_1035_1244
S,7,2167,DETECTION,src/tracking/advanced_tracker.py:_activate_slot,2167_138_126_370_226
S,8,2167,DETECTION,src/tracking/advanced_tracker.py:_activate_slot,2167_858_1320_1035_1437
S,9,2167,DETECTION,src/tracking/advanced_tracker.py:_activate_slot,2167_107_487_367_598
S,0,2167,PREDICTION,src/tracking/advanced_tracker.py:kalman_homography,
S,4,2167,PREDICTION,src/tracking/advanced_tracker.py:kalman_homography,
D,0,2167
S,3,2167,PREDICTION,src/tracking/advanced_tracker.py:id_merge,
D,2,2167
S,3,2167,PREDICTION,src/tracking/advanced_tracker.py:id_merge,
D,4,2167
S,3,2167,PREDICTION,src/tracking/advanced_tracker.py:id_merge,
D,5,2167
S,6,2167,PREDICTION,src/tracking/advanced_tracker.py:id_merge,
D,6,2167
S,7,2167,PREDICTION,src/tracking/advanced_tracker.py:id_merge,
D,7,2167
S,8,2167,PREDICTION,src/tracking/advanced_tracker.py:id_merge,
L,1,2167,CLAMP,src/tracking/advanced_tracker.py:_activate_slot,2167_446_1176_794_1289
R,CLAMP,CLAMP,0
L,3,2167,PREDICTION,src/tracking/advanced_tracker.py:id_merge,
R,PREDICTION,SUBPIXEL,0
L,8,2167,PREDICTION,src/tracking/advanced_tracker.py:id_merge,
R,CLAMP,CLAMP,0
L,9,2167,DETECTION,src/tracking/advanced_tracker.py:_activate_slot,2167_107_487_367_598
R,DETECTION,DETECTION,1
A,2167
S,0,2170,DETECTION,src/tracking/advanced_tracker.py:_activate_slot,2170_487_1041_796_1161
S,1,2170,CLAMP,src/tracking/advanced_tracker.py:_activate_slot,2170_442_1176_795_1308
S,2,2170,DETECTION,src/tracking/advanced_tracker.py:_activate_slot,2170_110_287_529_403
S,3,2170,DETECTION,src/tracking/advanced_tracker.py:_activate_slot,2170_852_1207_1035_1348
S,6,2170,DETECTION,src/tracking/advanced_tracker.py:_activate_slot,2170_888_1117_1035_1243
S,7,2170,DETECTION,src/tracking/advanced_tracker.py:_activate_slot,2170_132_126_370_226
S,8,2170,DETECTION,src/tracking/advanced_tracker.py:_activate_slot,2170_858_1326_1035_1437
S,4,2170,PREDICTION,src/tracking/advanced_tracker.py:kalman_homography,
S,9,2170,PREDICTION,src/tracking/advanced_tracker.py:kalman_homography,
D,0,2170
S,3,2170,PREDICTION,src/tracking/advanced_tracker.py:id_merge,
D,2,2170
S,3,2170,PREDICTION,src/tracking/advanced_tracker.py:id_merge,
D,4,2170
S,3,2170,PREDICTION,src/tracking/advanced_tracker.py:id_merge,
D,6,2170
S,7,2170,PREDICTION,src/tracking/advanced_tracker.py:id_merge,
D,7,2170
S,8,2170,PREDICTION,src/tracking/advanced_tracker.py:id_merge,
L,1,2170,CLAMP,src/tracking/advanced_tracker.py:_activate_slot,2170_442_1176_795_1308
R,CLAMP,CLAMP,0
L,3,2170,PREDICTION,src/tracking/advanced_tracker.py:id_merge,
R,PREDICTION,SUBPIXEL,0
L,8,2170,PREDICTION,src/tracking/advanced_tracker.py:id_merge,
R,CLAMP,CLAMP,0
L,9,2170,PREDICTION,src/tracking/advanced_tracker.py:kalman_homography,
R,PREDICTION,PREDICTION,1
A,2170
S,0,2173,DETECTION,src/tracking/advanced_tracker.py:_activate_slot,2173_487_1040_798_1161
S,1,2173,CLAMP,src/tracking/advanced_tracker.py:_activate_slot,2173_867_891_1035_1018
S,2,2173,DETECTION,src/tracking/advanced_tracker.py:_activate_slot,2173_97_17_352_113
S,3,2173,DETECTION,src/tracking/advanced_tracker.py:_activate_slot,2173_853_1206_1035_1346
S,6,2173,DETECTION,src/tracking/advanced_tracker.py:_activate_slot,2173_888_1116_1035_1245
S,7,2173,DETECTION,src/tracking/advanced_tracker.py:_activate_slot,2173_134_129_370_226
S,8,2173,DETECTION,src/tracking/advanced_tracker.py:_activate_slot,2173_858_1328_1035_1434
S,9,2173,DETECTION,src/tracking/advanced_tracker.py:_activate_slot,2173_106_75_353_167
S,4,2173,PREDICTION,src/tracking/advanced_tracker.py:kalman_homography,
D,0,2173
S,3,2173,PREDICTION,src/tracking/advanced_tracker.py:id_merge,
D,2,2173
S,3,2173,PREDICTION,src/tracking/advanced_tracker.py:id_merge,
D,4,2173
S,3,2173,PREDICTION,src/tracking/advanced_tracker.py:id_merge,
D,6,2173
S,7,2173,PREDICTION,src/tracking/advanced_tracker.py:id_merge,
D,7,2173
S,8,2173,PREDICTION,src/tracking/advanced_tracker.py:id_merge,
D,8,2173
S,9,2173,PREDICTION,src/tracking/advanced_tracker.py:id_merge,
L,1,2173,CLAMP,src/tracking/advanced_tracker.py:_activate_slot,2173_867_891_1035_1018
R,CLAMP,CLAMP,0
L,3,2173,PREDICTION,src/tracking/advanced_tracker.py:id_merge,
R,PREDICTION,SUBPIXEL,0
L,9,2173,PREDICTION,src/tracking/advanced_tracker.py:id_merge,
R,PREDICTION,PREDICTION,1
A,2173
S,2,2176,DETECTION,src/tracking/advanced_tracker.py:_activate_slot,2176_114_285_529_404
S,3,2176,DETECTION,src/tracking/advanced_tracker.py:_activate_slot,2176_852_1206_1035_1347
S,5,2176,DETECTION,src/tracking/advanced_tracker.py:_activate_slot,2176_889_1018_1035_1156
S,6,2176,DETECTION,src/tracking/advanced_tracker.py:_activate_slot,2176_885_1115_1035_1244
S,7,2176,DETECTION,src/tracking/advanced_tracker.py:_activate_slot,2176_143_129_369_223
S,8,2176,DETECTION,src/tracking/advanced_tracker.py:_activate_slot,2176_858_1327_1032_1429
S,9,2176,DETECTION,src/tracking/advanced_tracker.py:_activate_slot,2176_106_74_352_167
S,0,2176,PREDICTION,src/tracking/advanced_tracker.py:kalman_homography,
S,4,2176,PREDICTION,src/tracking/advanced_tracker.py:kalman_homography,
S,1,2176,PREDICTION,src/tracking/advanced_tracker.py:flow_gapfill_batched,
D,0,2176
S,1,2176,PREDICTION,src/tracking/advanced_tracker.py:id_merge,
D,1,2176
S,2,2176,PREDICTION,src/tracking/advanced_tracker.py:id_merge,
D,2,2176
S,3,2176,PREDICTION,src/tracking/advanced_tracker.py:id_merge,
D,4,2176
S,3,2176,PREDICTION,src/tracking/advanced_tracker.py:id_merge,
D,5,2176
S,6,2176,PREDICTION,src/tracking/advanced_tracker.py:id_merge,
D,6,2176
S,7,2176,PREDICTION,src/tracking/advanced_tracker.py:id_merge,
D,7,2176
S,8,2176,PREDICTION,src/tracking/advanced_tracker.py:id_merge,
D,8,2176
S,9,2176,PREDICTION,src/tracking/advanced_tracker.py:id_merge,
L,3,2176,PREDICTION,src/tracking/advanced_tracker.py:id_merge,
R,PREDICTION,SUBPIXEL,0
L,9,2176,PREDICTION,src/tracking/advanced_tracker.py:id_merge,
R,PREDICTION,SUBPIXEL,0
A,2176
S,2,2179,DETECTION,src/tracking/advanced_tracker.py:_activate_slot,2179_248_900_531_1011
S,3,2179,CLAMP,src/tracking/advanced_tracker.py:_activate_slot,2179_853_1206_1035_1347
S,5,2179,DETECTION,src/tracking/advanced_tracker.py:_activate_slot,2179_431_152_740_261
S,6,2179,DETECTION,src/tracking/advanced_tracker.py:_activate_slot,2179_886_1117_1035_1246
S,7,2179,CLAMP,src/tracking/advanced_tracker.py:_activate_slot,2179_140_131_369_223
S,8,2179,CLAMP,src/tracking/advanced_tracker.py:_activate_slot,2179_859_1327_1033_1426
S,9,2179,CLAMP,src/tracking/advanced_tracker.py:_activate_slot,2179_107_73_352_169
S,0,2179,PREDICTION,src/tracking/advanced_tracker.py:kalman_homography,
D,7,2179
S,8,2179,PREDICTION,src/tracking/advanced_tracker.py:id_merge,
D,8,2179
S,9,2179,PREDICTION,src/tracking/advanced_tracker.py:id_merge,
L,0,2179,PREDICTION,src/tracking/advanced_tracker.py:kalman_homography,
R,CLAMP,CLAMP,0
L,2,2179,DETECTION,src/tracking/advanced_tracker.py:_activate_slot,2179_248_900_531_1011
R,DETECTION,DETECTION,1
L,3,2179,CLAMP,src/tracking/advanced_tracker.py:_activate_slot,2179_853_1206_1035_1347
R,CLAMP,CLAMP,0
L,5,2179,DETECTION,src/tracking/advanced_tracker.py:_activate_slot,2179_431_152_740_261
R,DETECTION,DETECTION,1
L,6,2179,DETECTION,src/tracking/advanced_tracker.py:_activate_slot,2179_886_1117_1035_1246
R,DETECTION,DETECTION,1
L,9,2179,PREDICTION,src/tracking/advanced_tracker.py:id_merge,
R,PREDICTION,SUBPIXEL,0
A,2179
S,1,2182,CLAMP,src/tracking/advanced_tracker.py:_activate_slot,2182_229_284_529_403
S,3,2182,CLAMP,src/tracking/advanced_tracker.py:_activate_slot,2182_853_1207_1035_1347
S,5,2182,DETECTION,src/tracking/advanced_tracker.py:_activate_slot,2182_889_1018_1035_1158
S,6,2182,DETECTION,src/tracking/advanced_tracker.py:_activate_slot,2182_886_1116_1035_1248
S,7,2182,CLAMP,src/tracking/advanced_tracker.py:_activate_slot,2182_141_131_370_223
S,8,2182,CLAMP,src/tracking/advanced_tracker.py:_activate_slot,2182_877_900_1035_1011
S,9,2182,CLAMP,src/tracking/advanced_tracker.py:_activate_slot,2182_109_74_351_168
S,0,2182,PREDICTION,src/tracking/advanced_tracker.py:kalman_homography,
S,2,2182,PREDICTION,src/tracking/advanced_tracker.py:kalman_homography,
D,5,2182
S,6,2182,PREDICTION,src/tracking/advanced_tracker.py:id_merge,
D,7,2182
S,8,2182,PREDICTION,src/tracking/advanced_tracker.py:id_merge,
D,8,2182
S,9,2182,PREDICTION,src/tracking/advanced_tracker.py:id_merge,
L,0,2182,PREDICTION,src/tracking/advanced_tracker.py:kalman_homography,
R,CLAMP,CLAMP,0
L,1,2182,CLAMP,src/tracking/advanced_tracker.py:_activate_slot,2182_229_284_529_403
R,CLAMP,CLAMP,0
L,2,2182,PREDICTION,src/tracking/advanced_tracker.py:kalman_homography,
R,PREDICTION,PREDICTION,1
L,3,2182,CLAMP,src/tracking/advanced_tracker.py:_activate_slot,2182_853_1207_1035_1347
R,CLAMP,CLAMP,0
L,6,2182,PREDICTION,src/tracking/advanced_tracker.py:id_merge,
R,PREDICTION,SUBPIXEL,0
L,9,2182,PREDICTION,src/tracking/advanced_tracker.py:id_merge,
R,PREDICTION,SUBPIXEL,0
A,2182
S,0,2185,PREDICTION,src/tracking/advanced_tracker.py:flow_gapfill_render,
S,1,2185,PREDICTION,src/tracking/advanced_tracker.py:flow_gapfill_render,
S,2,2185,PREDICTION,src/tracking/advanced_tracker.py:flow_gapfill_render,
S,7,2185,PREDICTION,src/tracking/advanced_tracker.py:flow_gapfill_render,
S,9,2185,PREDICTION,src/tracking/advanced_tracker.py:flow_gapfill_render,
L,0,2185,PREDICTION,src/tracking/advanced_tracker.py:flow_gapfill_render,
R,CLAMP,CLAMP,0
L,1,2185,PREDICTION,src/tracking/advanced_tracker.py:flow_gapfill_render,
R,CLAMP,CLAMP,0
L,2,2185,PREDICTION,src/tracking/advanced_tracker.py:flow_gapfill_render,
R,PREDICTION,PREDICTION,1
L,7,2185,PREDICTION,src/tracking/advanced_tracker.py:flow_gapfill_render,
R,CLAMP,CLAMP,0
L,9,2185,PREDICTION,src/tracking/advanced_tracker.py:flow_gapfill_render,
R,CLAMP,CLAMP,0
A,2185
S,0,2188,PREDICTION,src/tracking/advanced_tracker.py:flow_gapfill_render,
S,1,2188,PREDICTION,src/tracking/advanced_tracker.py:flow_gapfill_render,
S,2,2188,PREDICTION,src/tracking/advanced_tracker.py:flow_gapfill_render,
S,5,2188,PREDICTION,src/tracking/advanced_tracker.py:flow_gapfill_render,
S,7,2188,PREDICTION,src/tracking/advanced_tracker.py:flow_gapfill_render,
S,9,2188,PREDICTION,src/tracking/advanced_tracker.py:flow_gapfill_render,
L,0,2188,PREDICTION,src/tracking/advanced_tracker.py:flow_gapfill_render,
R,CLAMP,CLAMP,0
L,1,2188,PREDICTION,src/tracking/advanced_tracker.py:flow_gapfill_render,
R,CLAMP,CLAMP,0
L,2,2188,PREDICTION,src/tracking/advanced_tracker.py:flow_gapfill_render,
R,PREDICTION,PREDICTION,1
L,5,2188,PREDICTION,src/tracking/advanced_tracker.py:flow_gapfill_render,
R,CLAMP,CLAMP,0
L,7,2188,PREDICTION,src/tracking/advanced_tracker.py:flow_gapfill_render,
R,CLAMP,CLAMP,0
L,9,2188,PREDICTION,src/tracking/advanced_tracker.py:flow_gapfill_render,
R,CLAMP,CLAMP,0
A,2188
S,0,2191,PREDICTION,src/tracking/advanced_tracker.py:flow_gapfill_render,
S,1,2191,PREDICTION,src/tracking/advanced_tracker.py:flow_gapfill_render,
S,2,2191,PREDICTION,src/tracking/advanced_tracker.py:flow_gapfill_render,
S,5,2191,PREDICTION,src/tracking/advanced_tracker.py:flow_gapfill_render,
S,6,2191,PREDICTION,src/tracking/advanced_tracker.py:flow_gapfill_render,
S,7,2191,PREDICTION,src/tracking/advanced_tracker.py:flow_gapfill_render,
S,9,2191,PREDICTION,src/tracking/advanced_tracker.py:flow_gapfill_render,
L,0,2191,PREDICTION,src/tracking/advanced_tracker.py:flow_gapfill_render,
R,CLAMP,CLAMP,0
L,1,2191,PREDICTION,src/tracking/advanced_tracker.py:flow_gapfill_render,
R,CLAMP,CLAMP,0
L,2,2191,PREDICTION,src/tracking/advanced_tracker.py:flow_gapfill_render,
R,PREDICTION,PREDICTION,1
L,5,2191,PREDICTION,src/tracking/advanced_tracker.py:flow_gapfill_render,
R,CLAMP,CLAMP,0
L,6,2191,PREDICTION,src/tracking/advanced_tracker.py:flow_gapfill_render,
R,PREDICTION,PREDICTION,1
L,7,2191,PREDICTION,src/tracking/advanced_tracker.py:flow_gapfill_render,
R,CLAMP,CLAMP,0
L,9,2191,PREDICTION,src/tracking/advanced_tracker.py:flow_gapfill_render,
R,CLAMP,CLAMP,0
A,2191
S,0,2194,PREDICTION,src/tracking/advanced_tracker.py:kalman_homography,
S,7,2194,PREDICTION,src/tracking/advanced_tracker.py:kalman_homography,
S,1,2194,PREDICTION,src/tracking/advanced_tracker.py:flow_gapfill_batched,
S,2,2194,PREDICTION,src/tracking/advanced_tracker.py:flow_gapfill_batched,
S,5,2194,PREDICTION,src/tracking/advanced_tracker.py:flow_gapfill_batched,
S,6,2194,PREDICTION,src/tracking/advanced_tracker.py:flow_gapfill_batched,
S,9,2194,PREDICTION,src/tracking/advanced_tracker.py:flow_gapfill_batched,
D,5,2194
S,6,2194,PREDICTION,src/tracking/advanced_tracker.py:id_merge,
D,7,2194
S,9,2194,PREDICTION,src/tracking/advanced_tracker.py:id_merge,
L,0,2194,PREDICTION,src/tracking/advanced_tracker.py:kalman_homography,
R,CLAMP,CLAMP,0
L,1,2194,PREDICTION,src/tracking/advanced_tracker.py:flow_gapfill_batched,
R,CLAMP,CLAMP,0
L,2,2194,PREDICTION,src/tracking/advanced_tracker.py:flow_gapfill_batched,
R,PREDICTION,PREDICTION,1
L,6,2194,PREDICTION,src/tracking/advanced_tracker.py:id_merge,
R,PREDICTION,SUBPIXEL,0
L,9,2194,PREDICTION,src/tracking/advanced_tracker.py:id_merge,
R,CLAMP,CLAMP,0
A,2194
S,7,2197,PREDICTION,src/tracking/advanced_tracker.py:kalman_homography,
S,0,2197,PREDICTION,src/tracking/advanced_tracker.py:flow_gapfill_batched,
S,1,2197,PREDICTION,src/tracking/advanced_tracker.py:flow_gapfill_batched,
S,2,2197,PREDICTION,src/tracking/advanced_tracker.py:flow_gapfill_batched,
S,3,2197,PREDICTION,src/tracking/advanced_tracker.py:flow_gapfill_batched,
S,5,2197,PREDICTION,src/tracking/advanced_tracker.py:flow_gapfill_batched,
S,6,2197,PREDICTION,src/tracking/advanced_tracker.py:flow_gapfill_batched,
S,9,2197,PREDICTION,src/tracking/advanced_tracker.py:flow_gapfill_batched,
D,5,2197
S,6,2197,PREDICTION,src/tracking/advanced_tracker.py:id_merge,
D,7,2197
S,9,2197,PREDICTION,src/tracking/advanced_tracker.py:id_merge,
L,0,2197,PREDICTION,src/tracking/advanced_tracker.py:flow_gapfill_batched,
R,CLAMP,CLAMP,0
L,1,2197,PREDICTION,src/tracking/advanced_tracker.py:flow_gapfill_batched,
R,CLAMP,CLAMP,0
L,2,2197,PREDICTION,src/tracking/advanced_tracker.py:flow_gapfill_batched,
R,PREDICTION,SUBPIXEL,0
L,3,2197,PREDICTION,src/tracking/advanced_tracker.py:flow_gapfill_batched,
R,CLAMP,CLAMP,0
L,6,2197,PREDICTION,src/tracking/advanced_tracker.py:id_merge,
R,PREDICTION,SUBPIXEL,0
L,9,2197,PREDICTION,src/tracking/advanced_tracker.py:id_merge,
R,CLAMP,CLAMP,0
A,2197
S,1,2200,PREDICTION,src/tracking/advanced_tracker.py:flow_gapfill_render,
S,2,2200,PREDICTION,src/tracking/advanced_tracker.py:flow_gapfill_render,
S,3,2200,PREDICTION,src/tracking/advanced_tracker.py:flow_gapfill_render,
S,5,2200,PREDICTION,src/tracking/advanced_tracker.py:flow_gapfill_render,
S,6,2200,PREDICTION,src/tracking/advanced_tracker.py:flow_gapfill_render,
S,7,2200,PREDICTION,src/tracking/advanced_tracker.py:flow_gapfill_render,
S,9,2200,PREDICTION,src/tracking/advanced_tracker.py:flow_gapfill_render,
L,1,2200,PREDICTION,src/tracking/advanced_tracker.py:flow_gapfill_render,
R,CLAMP,CLAMP,0
L,2,2200,PREDICTION,src/tracking/advanced_tracker.py:flow_gapfill_render,
R,PREDICTION,SUBPIXEL,0
L,3,2200,PREDICTION,src/tracking/advanced_tracker.py:flow_gapfill_render,
R,CLAMP,CLAMP,0
L,5,2200,PREDICTION,src/tracking/advanced_tracker.py:flow_gapfill_render,
R,CLAMP,CLAMP,0
L,6,2200,PREDICTION,src/tracking/advanced_tracker.py:flow_gapfill_render,
R,PREDICTION,SUBPIXEL,0
L,7,2200,PREDICTION,src/tracking/advanced_tracker.py:flow_gapfill_render,
R,CLAMP,CLAMP,0
L,9,2200,PREDICTION,src/tracking/advanced_tracker.py:flow_gapfill_render,
R,CLAMP,CLAMP,0
A,2200
S,7,2203,PREDICTION,src/tracking/advanced_tracker.py:kalman_homography,
S,1,2203,PREDICTION,src/tracking/advanced_tracker.py:flow_gapfill_batched,
S,2,2203,PREDICTION,src/tracking/advanced_tracker.py:flow_gapfill_batched,
S,3,2203,PREDICTION,src/tracking/advanced_tracker.py:flow_gapfill_batched,
S,5,2203,PREDICTION,src/tracking/advanced_tracker.py:flow_gapfill_batched,
S,6,2203,PREDICTION,src/tracking/advanced_tracker.py:flow_gapfill_batched,
S,9,2203,PREDICTION,src/tracking/advanced_tracker.py:flow_gapfill_batched,
D,5,2203
S,6,2203,PREDICTION,src/tracking/advanced_tracker.py:id_merge,
D,7,2203
S,9,2203,PREDICTION,src/tracking/advanced_tracker.py:id_merge,
L,1,2203,PREDICTION,src/tracking/advanced_tracker.py:flow_gapfill_batched,
R,CLAMP,CLAMP,0
L,2,2203,PREDICTION,src/tracking/advanced_tracker.py:flow_gapfill_batched,
R,PREDICTION,SUBPIXEL,0
L,3,2203,PREDICTION,src/tracking/advanced_tracker.py:flow_gapfill_batched,
R,CLAMP,CLAMP,0
L,6,2203,PREDICTION,src/tracking/advanced_tracker.py:id_merge,
R,PREDICTION,SUBPIXEL,0
L,9,2203,PREDICTION,src/tracking/advanced_tracker.py:id_merge,
R,CLAMP,CLAMP,0
A,2203
S,4,2206,DETECTION,src/tracking/advanced_tracker.py:_activate_slot,2206_313_1755_451_1839
S,1,2206,PREDICTION,src/tracking/advanced_tracker.py:flow_gapfill_batched,
S,3,2206,PREDICTION,src/tracking/advanced_tracker.py:flow_gapfill_batched,
S,5,2206,PREDICTION,src/tracking/advanced_tracker.py:flow_gapfill_batched,
S,6,2206,PREDICTION,src/tracking/advanced_tracker.py:flow_gapfill_batched,
S,7,2206,PREDICTION,src/tracking/advanced_tracker.py:flow_gapfill_batched,
S,9,2206,PREDICTION,src/tracking/advanced_tracker.py:flow_gapfill_batched,
D,5,2206
S,6,2206,PREDICTION,src/tracking/advanced_tracker.py:id_merge,
D,7,2206
S,9,2206,PREDICTION,src/tracking/advanced_tracker.py:id_merge,
L,1,2206,PREDICTION,src/tracking/advanced_tracker.py:flow_gapfill_batched,
R,CLAMP,CLAMP,0
L,3,2206,PREDICTION,src/tracking/advanced_tracker.py:flow_gapfill_batched,
R,CLAMP,CLAMP,0
L,4,2206,DETECTION,src/tracking/advanced_tracker.py:_activate_slot,2206_313_1755_451_1839
R,CLAMP,CLAMP,0
L,6,2206,PREDICTION,src/tracking/advanced_tracker.py:id_merge,
R,PREDICTION,SUBPIXEL,0
L,9,2206,PREDICTION,src/tracking/advanced_tracker.py:id_merge,
R,CLAMP,CLAMP,0
A,2206
S,4,2209,DETECTION,src/tracking/advanced_tracker.py:_activate_slot,2209_315_1752_451_1836
L,4,2209,DETECTION,src/tracking/advanced_tracker.py:_activate_slot,2209_315_1752_451_1836
R,CLAMP,CLAMP,0
A,2209
S,4,2212,PREDICTION,src/tracking/advanced_tracker.py:flow_gapfill_render,
L,4,2212,PREDICTION,src/tracking/advanced_tracker.py:flow_gapfill_render,
R,CLAMP,CLAMP,0
A,2212
S,4,2215,DETECTION,src/tracking/advanced_tracker.py:_activate_slot,2215_319_1749_450_1827
L,4,2215,DETECTION,src/tracking/advanced_tracker.py:_activate_slot,2215_319_1749_450_1827
R,CLAMP,CLAMP,0
A,2215
S,5,2218,DETECTION,src/tracking/advanced_tracker.py:_activate_slot,2218_319_1752_450_1827
S,4,2218,PREDICTION,src/tracking/advanced_tracker.py:kalman_homography,
L,4,2218,PREDICTION,src/tracking/advanced_tracker.py:kalman_homography,
R,CLAMP,CLAMP,0
L,5,2218,DETECTION,src/tracking/advanced_tracker.py:_activate_slot,2218_319_1752_450_1827
R,CLAMP,CLAMP,0
A,2218
S,5,2221,DETECTION,src/tracking/advanced_tracker.py:_activate_slot,2221_319_1752_451_1827
S,4,2221,PREDICTION,src/tracking/advanced_tracker.py:kalman_homography,
L,4,2221,PREDICTION,src/tracking/advanced_tracker.py:kalman_homography,
R,CLAMP,CLAMP,0
L,5,2221,DETECTION,src/tracking/advanced_tracker.py:_activate_slot,2221_319_1752_451_1827
R,CLAMP,CLAMP,0
A,2221
S,4,2224,PREDICTION,src/tracking/advanced_tracker.py:kalman_homography,
S,5,2224,PREDICTION,src/tracking/advanced_tracker.py:kalman_homography,
L,4,2224,PREDICTION,src/tracking/advanced_tracker.py:kalman_homography,
R,CLAMP,CLAMP,0
L,5,2224,PREDICTION,src/tracking/advanced_tracker.py:kalman_homography,
R,CLAMP,CLAMP,0
A,2224
S,4,2227,PREDICTION,src/tracking/advanced_tracker.py:flow_gapfill_render,
S,5,2227,PREDICTION,src/tracking/advanced_tracker.py:flow_gapfill_render,
L,4,2227,PREDICTION,src/tracking/advanced_tracker.py:flow_gapfill_render,
R,CLAMP,CLAMP,0
L,5,2227,PREDICTION,src/tracking/advanced_tracker.py:flow_gapfill_render,
R,CLAMP,CLAMP,0
A,2227
S,4,2230,PREDICTION,src/tracking/advanced_tracker.py:flow_gapfill_render,
S,5,2230,PREDICTION,src/tracking/advanced_tracker.py:flow_gapfill_render,
L,4,2230,PREDICTION,src/tracking/advanced_tracker.py:flow_gapfill_render,
R,CLAMP,CLAMP,0
L,5,2230,PREDICTION,src/tracking/advanced_tracker.py:flow_gapfill_render,
R,CLAMP,CLAMP,0
A,2230
S,4,2233,PREDICTION,src/tracking/advanced_tracker.py:flow_gapfill_render,
S,5,2233,PREDICTION,src/tracking/advanced_tracker.py:flow_gapfill_render,
L,4,2233,PREDICTION,src/tracking/advanced_tracker.py:flow_gapfill_render,
R,CLAMP,CLAMP,0
L,5,2233,PREDICTION,src/tracking/advanced_tracker.py:flow_gapfill_render,
R,CLAMP,CLAMP,0
A,2233
S,4,2236,PREDICTION,src/tracking/advanced_tracker.py:flow_gapfill_render,
S,5,2236,PREDICTION,src/tracking/advanced_tracker.py:flow_gapfill_render,
L,4,2236,PREDICTION,src/tracking/advanced_tracker.py:flow_gapfill_render,
R,CLAMP,CLAMP,0
L,5,2236,PREDICTION,src/tracking/advanced_tracker.py:flow_gapfill_render,
R,CLAMP,CLAMP,0
A,2236
S,4,2239,PREDICTION,src/tracking/advanced_tracker.py:flow_gapfill_render,
S,5,2239,PREDICTION,src/tracking/advanced_tracker.py:flow_gapfill_render,
L,4,2239,PREDICTION,src/tracking/advanced_tracker.py:flow_gapfill_render,
R,CLAMP,CLAMP,0
L,5,2239,PREDICTION,src/tracking/advanced_tracker.py:flow_gapfill_render,
R,CLAMP,CLAMP,0
A,2239
S,5,2242,PREDICTION,src/tracking/advanced_tracker.py:flow_gapfill_render,
L,5,2242,PREDICTION,src/tracking/advanced_tracker.py:flow_gapfill_render,
R,CLAMP,CLAMP,0
A,2242
S,5,2245,PREDICTION,src/tracking/advanced_tracker.py:flow_gapfill_render,
L,5,2245,PREDICTION,src/tracking/advanced_tracker.py:flow_gapfill_render,
R,CLAMP,CLAMP,0
A,2245
S,6,2248,DETECTION,src/tracking/advanced_tracker.py:_activate_slot,2248_321_1752_453_1827
L,6,2248,DETECTION,src/tracking/advanced_tracker.py:_activate_slot,2248_321_1752_453_1827
R,CLAMP,CLAMP,0
A,2248
S,6,2251,DETECTION,src/tracking/advanced_tracker.py:_activate_slot,2251_320_1749_452_1827
L,6,2251,DETECTION,src/tracking/advanced_tracker.py:_activate_slot,2251_320_1749_452_1827
R,CLAMP,CLAMP,0
A,2251
S,4,2254,DETECTION,src/tracking/advanced_tracker.py:_activate_slot,2254_320_1749_452_1827
S,6,2254,PREDICTION,src/tracking/advanced_tracker.py:kalman_homography,
L,4,2254,DETECTION,src/tracking/advanced_tracker.py:_activate_slot,2254_320_1749_452_1827
R,CLAMP,CLAMP,0
L,6,2254,PREDICTION,src/tracking/advanced_tracker.py:kalman_homography,
R,CLAMP,CLAMP,0
A,2254
S,4,2257,DETECTION,src/tracking/advanced_tracker.py:_activate_slot,2257_319_1749_453_1827
S,6,2257,PREDICTION,src/tracking/advanced_tracker.py:kalman_homography,
L,4,2257,DETECTION,src/tracking/advanced_tracker.py:_activate_slot,2257_319_1749_453_1827
R,CLAMP,CLAMP,0
L,6,2257,PREDICTION,src/tracking/advanced_tracker.py:kalman_homography,
R,CLAMP,CLAMP,0
A,2257
S,4,2260,DETECTION,src/tracking/advanced_tracker.py:_activate_slot,2260_319_1749_451_1827
S,6,2260,PREDICTION,src/tracking/advanced_tracker.py:kalman_homography,
L,4,2260,DETECTION,src/tracking/advanced_tracker.py:_activate_slot,2260_319_1749_451_1827
R,CLAMP,CLAMP,0
L,6,2260,PREDICTION,src/tracking/advanced_tracker.py:kalman_homography,
R,CLAMP,CLAMP,0
A,2260
S,4,2263,DETECTION,src/tracking/advanced_tracker.py:_activate_slot,2263_319_1749_452_1827
S,6,2263,PREDICTION,src/tracking/advanced_tracker.py:kalman_homography,
L,4,2263,DETECTION,src/tracking/advanced_tracker.py:_activate_slot,2263_319_1749_452_1827
R,CLAMP,CLAMP,0
L,6,2263,PREDICTION,src/tracking/advanced_tracker.py:kalman_homography,
R,CLAMP,CLAMP,0
A,2263
S,6,2266,DETECTION,src/tracking/advanced_tracker.py:_activate_slot,2266_320_1749_452_1821
S,4,2266,PREDICTION,src/tracking/advanced_tracker.py:kalman_homography,
L,4,2266,PREDICTION,src/tracking/advanced_tracker.py:kalman_homography,
R,CLAMP,CLAMP,0
L,6,2266,DETECTION,src/tracking/advanced_tracker.py:_activate_slot,2266_320_1749_452_1821
R,CLAMP,CLAMP,0
A,2266
S,4,2449,DETECTION,src/tracking/advanced_tracker.py:_activate_slot,2449_320_1749_451_1821
S,6,2449,PREDICTION,src/tracking/advanced_tracker.py:kalman_homography,
L,4,2449,DETECTION,src/tracking/advanced_tracker.py:_activate_slot,2449_320_1749_451_1821
R,CLAMP,CLAMP,0
L,6,2449,PREDICTION,src/tracking/advanced_tracker.py:kalman_homography,
R,CLAMP,CLAMP,0
A,2449
S,4,2452,DETECTION,src/tracking/advanced_tracker.py:_activate_slot,2452_317_1738_450_1816
S,6,2452,PREDICTION,src/tracking/advanced_tracker.py:kalman_homography,
L,4,2452,DETECTION,src/tracking/advanced_tracker.py:_activate_slot,2452_317_1738_450_1816
R,CLAMP,CLAMP,0
L,6,2452,PREDICTION,src/tracking/advanced_tracker.py:kalman_homography,
R,CLAMP,CLAMP,0
A,2452
S,4,2455,DETECTION,src/tracking/advanced_tracker.py:_activate_slot,2455_316_1735_451_1813
S,6,2455,PREDICTION,src/tracking/advanced_tracker.py:kalman_homography,
L,4,2455,DETECTION,src/tracking/advanced_tracker.py:_activate_slot,2455_316_1735_451_1813
R,CLAMP,CLAMP,0
L,6,2455,PREDICTION,src/tracking/advanced_tracker.py:kalman_homography,
R,CLAMP,CLAMP,0
A,2455
S,0,2458,DETECTION,src/tracking/advanced_tracker.py:_activate_slot,2458_420_1092_734_1298
S,1,2458,DETECTION,src/tracking/advanced_tracker.py:_activate_slot,2458_434_362_719_596
S,2,2458,DETECTION,src/tracking/advanced_tracker.py:_activate_slot,2458_342_638_729_774
S,3,2458,DETECTION,src/tracking/advanced_tracker.py:_activate_slot,2458_435_924_708_1146
S,4,2458,DETECTION,src/tracking/advanced_tracker.py:_activate_slot,2458_295_1041_521_1182
S,5,2458,DETECTION,src/tracking/advanced_tracker.py:_activate_slot,2458_888_1020_1035_1152
S,6,2458,DETECTION,src/tracking/advanced_tracker.py:_activate_slot,2458_871_1117_1035_1266
S,7,2458,DETECTION,src/tracking/advanced_tracker.py:_activate_slot,2458_852_1311_1035_1434
S,8,2458,DETECTION,src/tracking/advanced_tracker.py:_activate_slot,2458_62_817_334_928
S,9,2458,DETECTION,src/tracking/advanced_tracker.py:_activate_slot,2458_149_163_380_261
D,0,2458
S,3,2458,PREDICTION,src/tracking/advanced_tracker.py:id_merge,
D,1,2458
S,2,2458,PREDICTION,src/tracking/advanced_tracker.py:id_merge,
D,3,2458
S,4,2458,PREDICTION,src/tracking/advanced_tracker.py:id_merge,
D,5,2458
S,6,2458,PREDICTION,src/tracking/advanced_tracker.py:id_merge,
D,6,2458
S,7,2458,PREDICTION,src/tracking/advanced_tracker.py:id_merge,
L,2,2458,PREDICTION,src/tracking/advanced_tracker.py:id_merge,
R,PREDICTION,PREDICTION,1
L,4,2458,PREDICTION,src/tracking/advanced_tracker.py:id_merge,
R,CLAMP,CLAMP,0
L,7,2458,PREDICTION,src/tracking/advanced_tracker.py:id_merge,
R,CLAMP,CLAMP,0
L,8,2458,DETECTION,src/tracking/advanced_tracker.py:_activate_slot,2458_62_817_334_928
R,CLAMP,CLAMP,0
L,9,2458,DETECTION,src/tracking/advanced_tracker.py:_activate_slot,2458_149_163_380_261
R,CLAMP,CLAMP,0
A,2458
S,0,2461,DETECTION,src/tracking/advanced_tracker.py:_activate_slot,2461_415_1110_718_1299
S,1,2461,DETECTION,src/tracking/advanced_tracker.py:_activate_slot,2461_441_418_710_601
S,2,2461,DETECTION,src/tracking/advanced_tracker.py:_activate_slot,2461_354_639_678_834
S,5,2461,DETECTION,src/tracking/advanced_tracker.py:_activate_slot,2461_888_1018_1035_1150
S,7,2461,DETECTION,src/tracking/advanced_tracker.py:_activate_slot,2461_855_1309_1035_1435
S,8,2461,DETECTION,src/tracking/advanced_tracker.py:_activate_slot,2461_65_822_335_927
S,9,2461,DETECTION,src/tracking/advanced_tracker.py:_activate_slot,2461_149_171_378_264
S,3,2461,PREDICTION,src/tracking/advanced_tracker.py:kalman_homography,
S,4,2461,PREDICTION,src/tracking/advanced_tracker.py:kalman_homography,
D,3,2461
S,0,2461,PREDICTION,src/tracking/advanced_tracker.py:id_merge,
D,1,2461
S,2,2461,PREDICTION,src/tracking/advanced_tracker.py:id_merge,
L,0,2461,PREDICTION,src/tracking/advanced_tracker.py:id_merge,
R,CLAMP,CLAMP,0
L,2,2461,PREDICTION,src/tracking/advanced_tracker.py:id_merge,
R,PREDICTION,PREDICTION,1
L,4,2461,PREDICTION,src/tracking/advanced_tracker.py:kalman_homography,
R,CLAMP,CLAMP,0
L,5,2461,DETECTION,src/tracking/advanced_tracker.py:_activate_slot,2461_888_1018_1035_1150
R,CLAMP,CLAMP,0
L,7,2461,DETECTION,src/tracking/advanced_tracker.py:_activate_slot,2461_855_1309_1035_1435
R,CLAMP,CLAMP,0
L,8,2461,DETECTION,src/tracking/advanced_tracker.py:_activate_slot,2461_65_822_335_927
R,CLAMP,CLAMP,0
L,9,2461,DETECTION,src/tracking/advanced_tracker.py:_activate_slot,2461_149_171_378_264
R,CLAMP,CLAMP,0
A,2461
S,0,2464,DETECTION,src/tracking/advanced_tracker.py:_activate_slot,2464_411_1122_711_1296
S,5,2464,DETECTION,src/tracking/advanced_tracker.py:_activate_slot,2464_888_1020_1033_1149
S,7,2464,DETECTION,src/tracking/advanced_tracker.py:_activate_slot,2464_854_1305_1035_1434
S,8,2464,DETECTION,src/tracking/advanced_tracker.py:_activate_slot,2464_67_819_337_927
S,9,2464,DETECTION,src/tracking/advanced_tracker.py:_activate_slot,2464_147_174_376_264
S,1,2464,PREDICTION,src/tracking/advanced_tracker.py:kalman_homography,
S,2,2464,PREDICTION,src/tracking/advanced_tracker.py:kalman_homography,
S,3,2464,PREDICTION,src/tracking/advanced_tracker.py:kalman_homography,
S,4,2464,PREDICTION,src/tracking/advanced_tracker.py:kalman_homography,
S,6,2464,PREDICTION,src/tracking/advanced_tracker.py:flow_gapfill_batched,
D,3,2464
S,0,2464,PREDICTION,src/tracking/advanced_tracker.py:id_merge,
D,1,2464
S,2,2464,PREDICTION,src/tracking/advanced_tracker.py:id_merge,
D,4,2464
S,2,2464,PREDICTION,src/tracking/advanced_tracker.py:id_merge,
D,6,2464
S,5,2464,PREDICTION,src/tracking/advanced_tracker.py:id_merge,
L,0,2464,PREDICTION,src/tracking/advanced_tracker.py:id_merge,
R,CLAMP,CLAMP,0
L,2,2464,PREDICTION,src/tracking/advanced_tracker.py:id_merge,
R,PREDICTION,PREDICTION,1
L,5,2464,PREDICTION,src/tracking/advanced_tracker.py:id_merge,
R,CLAMP,CLAMP,0
L,7,2464,DETECTION,src/tracking/advanced_tracker.py:_activate_slot,2464_854_1305_1035_1434
R,CLAMP,CLAMP,0
L,8,2464,DETECTION,src/tracking/advanced_tracker.py:_activate_slot,2464_67_819_337_927
R,CLAMP,CLAMP,0
L,9,2464,DETECTION,src/tracking/advanced_tracker.py:_activate_slot,2464_147_174_376_264
R,CLAMP,CLAMP,0
A,2464
S,0,2467,DETECTION,src/tracking/advanced_tracker.py:_activate_slot,2467_405_1132_712_1291
S,5,2467,DETECTION,src/tracking/advanced_tracker.py:_activate_slot,2467_888_1020_1032_1149
S,7,2467,DETECTION,src/tracking/advanced_tracker.py:_activate_slot,2467_853_1303_1035_1429
S,8,2467,DETECTION,src/tracking/advanced_tracker.py:_activate_slot,2467_846_1201_1032_1333
S,9,2467,DETECTION,src/tracking/advanced_tracker.py:_activate_slot,2467_126_109_355_198
S,1,2467,PREDICTION,src/tracking/advanced_tracker.py:kalman_homography,
S,2,2467,PREDICTION,src/tracking/advanced_tracker.py:kalman_homography,
S,3,2467,PREDICTION,src/tracking/advanced_tracker.py:kalman_homography,
S,4,2467,PREDICTION,src/tracking/advanced_tracker.py:kalman_homography,
S,6,2467,PREDICTION,src/tracking/advanced_tracker.py:flow_gapfill_batched,
D,3,2467
S,0,2467,PREDICTION,src/tracking/advanced_tracker.py:id_merge,
D,1,2467
S,2,2467,PREDICTION,src/tracking/advanced_tracker.py:id_merge,
D,6,2467
S,5,2467,PREDICTION,src/tracking/advanced_tracker.py:id_merge,
D,5,2467
S,8,2467,PREDICTION,src/tracking/advanced_tracker.py:id_merge,
D,7,2467
S,8,2467,PREDICTION,src/tracking/advanced_tracker.py:id_merge,
L,0,2467,PREDICTION,src/tracking/advanced_tracker.py:id_merge,
R,CLAMP,CLAMP,0
L,2,2467,PREDICTION,src/tracking/advanced_tracker.py:id_merge,
R,PREDICTION,PREDICTION,1
L,4,2467,PREDICTION,src/tracking/advanced_tracker.py:kalman_homography,
R,CLAMP,CLAMP,0
L,8,2467,PREDICTION,src/tracking/advanced_tracker.py:id_merge,
R,CLAMP,CLAMP,0
L,9,2467,DETECTION,src/tracking/advanced_tracker.py:_activate_slot,2467_126_109_355_198
R,CLAMP,CLAMP,0
A,2467
S,0,2470,DETECTION,src/tracking/advanced_tracker.py:_activate_slot,2470_393_1142_710_1292
S,5,2470,DETECTION,src/tracking/advanced_tracker.py:_activate_slot,2470_885_1018_1032_1150
S,7,2470,DETECTION,src/tracking/advanced_tracker.py:_activate_slot,2470_853_1304_1035_1425
S,9,2470,DETECTION,src/tracking/advanced_tracker.py:_activate_slot,2470_134_114_354_201
S,1,2470,PREDICTION,src/tracking/advanced_tracker.py:kalman_homography,
S,2,2470,PREDICTION,src/tracking/advanced_tracker.py:kalman_homography,
S,3,2470,PREDICTION,src/tracking/advanced_tracker.py:kalman_homography,
S,4,2470,PREDICTION,src/tracking/advanced_tracker.py:kalman_homography,
S,6,2470,PREDICTION,src/tracking/advanced_tracker.py:flow_gapfill_batched,
S,8,2470,PREDICTION,src/tracking/advanced_tracker.py:flow_gapfill_batched,
D,3,2470
S,0,2470,PREDICTION,src/tracking/advanced_tracker.py:id_merge,
D,1,2470
S,2,2470,PREDICTION,src/tracking/advanced_tracker.py:id_merge,
D,6,2470
S,5,2470,PREDICTION,src/tracking/advanced_tracker.py:id_merge,
D,8,2470
S,5,2470,PREDICTION,src/tracking/advanced_tracker.py:id_merge,
L,0,2470,PREDICTION,src/tracking/advanced_tracker.py:id_merge,
R,CLAMP,CLAMP,0
L,2,2470,PREDICTION,src/tracking/advanced_tracker.py:id_merge,
R,PREDICTION,PREDICTION,1
L,4,2470,PREDICTION,src/tracking/advanced_tracker.py:kalman_homography,
R,CLAMP,CLAMP,0
L,5,2470,PREDICTION,src/tracking/advanced_tracker.py:id_merge,
R,CLAMP,CLAMP,0
L,7,2470,DETECTION,src/tracking/advanced_tracker.py:_activate_slot,2470_853_1304_1035_1425
R,CLAMP,CLAMP,0
L,9,2470,DETECTION,src/tracking/advanced_tracker.py:_activate_slot,2470_134_114_354_201
R,CLAMP,CLAMP,0
A,2470
S,0,2473,DETECTION,src/tracking/advanced_tracker.py:_activate_slot,2473_388_1153_708_1294
S,5,2473,DETECTION,src/tracking/advanced_tracker.py:_activate_slot,2473_880_1017_1033_1149
S,7,2473,DETECTION,src/tracking/advanced_tracker.py:_activate_slot,2473_850_1300_1035_1423
S,9,2473,DETECTION,src/tracking/advanced_tracker.py:_activate_slot,2473_136_117_355_201
S,1,2473,PREDICTION,src/tracking/advanced_tracker.py:kalman_homography,
S,2,2473,PREDICTION,src/tracking/advanced_tracker.py:kalman_homography,
S,3,2473,PREDICTION,src/tracking/advanced_tracker.py:kalman_homography,
S,4,2473,PREDICTION,src/tracking/advanced_tracker.py:flow_gapfill_batched,
S,6,2473,PREDICTION,src/tracking/advanced_tracker.py:flow_gapfill_batched,
S,8,2473,PREDICTION,src/tracking/advanced_tracker.py:flow_gapfill_batched,
D,3,2473
S,0,2473,PREDICTION,src/tracking/advanced_tracker.py:id_merge,
D,4,2473
S,0,2473,PREDICTION,src/tracking/advanced_tracker.py:id_merge,
D,6,2473
S,5,2473,PREDICTION,src/tracking/advanced_tracker.py:id_merge,
D,8,2473
S,5,2473,PREDICTION,src/tracking/advanced_tracker.py:id_merge,
L,0,2473,PREDICTION,src/tracking/advanced_tracker.py:id_merge,
R,CLAMP,CLAMP,0
L,1,2473,PREDICTION,src/tracking/advanced_tracker.py:kalman_homography,
R,CLAMP,CLAMP,0
L,2,2473,PREDICTION,src/tracking/advanced_tracker.py:kalman_homography,
R,PREDICTION,PREDICTION,1
L,5,2473,PREDICTION,src/tracking/advanced_tracker.py:id_merge,
R,CLAMP,CLAMP,0
L,7,2473,DETECTION,src/tracking/advanced_tracker.py:_activate_slot,2473_850_1300_1035_1423
R,CLAMP,CLAMP,0
L,9,2473,DETECTION,src/tracking/advanced_tracker.py:_activate_slot,2473_136_117_355_201
R,CLAMP,CLAMP,0
A,2473
S,0,2476,DETECTION,src/tracking/advanced_tracker.py:_activate_slot,2476_372_1158_703_1293
S,3,2476,DETECTION,src/tracking/advanced_tracker.py:_activate_slot,2476_396_919_689_1111
S,5,2476,DETECTION,src/tracking/advanced_tracker.py:_activate_slot,2476_876_1017_1032_1149
S,7,2476,DETECTION,src/tracking/advanced_tracker.py:_activate_slot,2476_852_1299_1035_1422
S,9,2476,DETECTION,src/tracking/advanced_tracker.py:_activate_slot,2476_131_121_356_208
S,1,2476,PREDICTION,src/tracking/advanced_tracker.py:kalman_homography,
S,2,2476,PREDICTION,src/tracking/advanced_tracker.py:kalman_homography,
S,4,2476,PREDICTION,src/tracking/advanced_tracker.py:flow_gapfill_batched,
S,6,2476,PREDICTION,src/tracking/advanced_tracker.py:flow_gapfill_batched,
S,8,2476,PREDICTION,src/tracking/advanced_tracker.py:flow_gapfill_batched,
D,0,2476
S,3,2476,PREDICTION,src/tracking/advanced_tracker.py:id_merge,
D,2,2476
S,3,2476,PREDICTION,src/tracking/advanced_tracker.py:id_merge,
D,4,2476
S,3,2476,PREDICTION,src/tracking/advanced_tracker.py:id_merge,
D,6,2476
S,5,2476,PREDICTION,src/tracking/advanced_tracker.py:id_merge,
D,8,2476
S,5,2476,PREDICTION,src/tracking/advanced_tracker.py:id_merge,
L,1,2476,PREDICTION,src/tracking/advanced_tracker.py:kalman_homography,
R,CLAMP,CLAMP,0
L,3,2476,PREDICTION,src/tracking/advanced_tracker.py:id_merge,
R,CLAMP,CLAMP,0
L,5,2476,PREDICTION,src/tracking/advanced_tracker.py:id_merge,
R,CLAMP,CLAMP,0
L,7,2476,DETECTION,src/tracking/advanced_tracker.py:_activate_slot,2476_852_1299_1035_1422
R,CLAMP,CLAMP,0
L,9,2476,DETECTION,src/tracking/advanced_tracker.py:_activate_slot,2476_131_121_356_208
R,CLAMP,CLAMP,0
A,2476
S,0,2479,DETECTION,src/tracking/advanced_tracker.py:_activate_slot,2479_344_1157_682_1280
S,3,2479,DETECTION,src/tracking/advanced_tracker.py:_activate_slot,2479_390_931_690_1108
S,5,2479,DETECTION,src/tracking/advanced_tracker.py:_activate_slot,2479_874_1014_1033_1147
S,7,2479,DETECTION,src/tracking/advanced_tracker.py:_activate_slot,2479_849_1297_1032_1420
S,9,2479,DETECTION,src/tracking/advanced_tracker.py:_activate_slot,2479_138_125_356_212
S,1,2479,PREDICTION,src/tracking/advanced_tracker.py:kalman_homography,
S,2,2479,PREDICTION,src/tracking/advanced_tracker.py:kalman_homography,
S,4,2479,PREDICTION,src/tracking/advanced_tracker.py:flow_gapfill_batched,
S,6,2479,PREDICTION,src/tracking/advanced_tracker.py:flow_gapfill_batched,
S,8,2479,PREDICTION,src/tracking/advanced_tracker.py:flow_gapfill_batched,
D,0,2479
S,3,2479,PREDICTION,src/tracking/advanced_tracker.py:id_merge,
D,2,2479
S,3,2479,PREDICTION,src/tracking/advanced_tracker.py:id_merge,
D,4,2479
S,3,2479,PREDICTION,src/tracking/advanced_tracker.py:id_merge,
D,6,2479
S,5,2479,PREDICTION,src/tracking/advanced_tracker.py:id_merge,
D,8,2479
S,5,2479,PREDICTION,src/tracking/advanced_tracker.py:id_merge,
L,1,2479,PREDICTION,src/tracking/advanced_tracker.py:kalman_homography,
R,CLAMP,CLAMP,0
L,3,2479,PREDICTION,src/tracking/advanced_tracker.py:id_merge,
R,CLAMP,CLAMP,0
L,5,2479,PREDICTION,src/tracking/advanced_tracker.py:id_merge,
R,CLAMP,CLAMP,0
L,7,2479,DETECTION,src/tracking/advanced_tracker.py:_activate_slot,2479_849_1297_1032_1420
R,CLAMP,CLAMP,0
L,9,2479,DETECTION,src/tracking/advanced_tracker.py:_activate_slot,2479_138_125_356_212
R,CLAMP,CLAMP,0
A,2479
S,0,2482,DETECTION,src/tracking/advanced_tracker.py:_activate_slot,2482_343_1156_664_1291
S,3,2482,DETECTION,src/tracking/advanced_tracker.py:_activate_slot,2482_386_960_674_1113
S,5,2482,DETECTION,src/tracking/advanced_tracker.py:_activate_slot,2482_875_1013_1034_1146
S,7,2482,DETECTION,src/tracking/advanced_tracker.py:_activate_slot,2482_330_1108_613_1216
S,9,2482,DETECTION,src/tracking/advanced_tracker.py:_activate_slot,2482_140_128_355_223
S,1,2482,PREDICTION,src/tracking/advanced_tracker.py:kalman_homography,
S,2,2482,PREDICTION,src/tracking/advanced_tracker.py:kalman_homography,
S,4,2482,PREDICTION,src/tracking/advanced_tracker.py:flow_gapfill_batched,
S,6,2482,PREDICTION,src/tracking/advanced_tracker.py:flow_gapfill_batched,
D,0,2482
S,3,2482,PREDICTION,src/tracking/advanced_tracker.py:id_merge,
D,2,2482
S,3,2482,PREDICTION,src/tracking/advanced_tracker.py:id_merge,
D,4,2482
S,3,2482,PREDICTION,src/tracking/advanced_tracker.py:id_merge,
D,6,2482
S,5,2482,PREDICTION,src/tracking/advanced_tracker.py:id_merge,
L,1,2482,PREDICTION,src/tracking/advanced_tracker.py:kalman_homography,
R,CLAMP,CLAMP,0
L,3,2482,PREDICTION,src/tracking/advanced_tracker.py:id_merge,
R,CLAMP,CLAMP,0
L,5,2482,PREDICTION,src/tracking/advanced_tracker.py:id_merge,
R,CLAMP,CLAMP,0
L,7,2482,DETECTION,src/tracking/advanced_tracker.py:_activate_slot,2482_330_1108_613_1216
R,CLAMP,CLAMP,0
L,9,2482,DETECTION,src/tracking/advanced_tracker.py:_activate_slot,2482_140_128_355_223
R,CLAMP,CLAMP,0
A,2482
S,0,2485,DETECTION,src/tracking/advanced_tracker.py:_activate_slot,2485_349_1159_658_1300
S,3,2485,DETECTION,src/tracking/advanced_tracker.py:_activate_slot,2485_388_963_675_1112
S,5,2485,DETECTION,src/tracking/advanced_tracker.py:_activate_slot,2485_873_1012_1035_1152
S,9,2485,DETECTION,src/tracking/advanced_tracker.py:_activate_slot,2485_139_131_355_224
S,7,2485,PREDICTION,src/tracking/advanced_tracker.py:kalman_homography,
S,1,2485,PREDICTION,src/tracking/advanced_tracker.py:flow_gapfill_batched,
S,2,2485,PREDICTION,src/tracking/advanced_tracker.py:flow_gapfill_batched,
D,0,2485
S,3,2485,PREDICTION,src/tracking/advanced_tracker.py:id_merge,
L,1,2485,PREDICTION,src/tracking/advanced_tracker.py:flow_gapfill_batched,
R,CLAMP,CLAMP,0
L,2,2485,PREDICTION,src/tracking/advanced_tracker.py:flow_gapfill_batched,
R,PREDICTION,PREDICTION,1
L,3,2485,PREDICTION,src/tracking/advanced_tracker.py:id_merge,
R,CLAMP,CLAMP,0
L,5,2485,DETECTION,src/tracking/advanced_tracker.py:_activate_slot,2485_873_1012_1035_1152
R,CLAMP,CLAMP,0
L,7,2485,PREDICTION,src/tracking/advanced_tracker.py:kalman_homography,
R,CLAMP,CLAMP,0
L,9,2485,DETECTION,src/tracking/advanced_tracker.py:_activate_slot,2485_139_131_355_224
R,CLAMP,CLAMP,0
A,2485
S,0,2488,DETECTION,src/tracking/advanced_tracker.py:_activate_slot,2488_357_1163_656_1298
S,3,2488,DETECTION,src/tracking/advanced_tracker.py:_activate_slot,2488_387_967_675_1108
S,1,2488,DETECTION,src/tracking/advanced_tracker.py:_activate_slot,2488_400_642_674_784
S,5,2488,DETECTION,src/tracking/advanced_tracker.py:_activate_slot,2488_570_1809_793_1935
S,9,2488,DETECTION,src/tracking/advanced_tracker.py:_activate_slot,2488_140_135_355_227
S,7,2488,DETECTION,src/tracking/advanced_tracker.py:_activate_slot,2488_83_1035_318_1126
D,0,2488
S,3,2488,PREDICTION,src/tracking/advanced_tracker.py:id_merge,
L,1,2488,DETECTION,src/tracking/advanced_tracker.py:_activate_slot,2488_400_642_674_784
R,CLAMP,CLAMP,0
L,3,2488,PREDICTION,src/tracking/advanced_tracker.py:id_merge,
R,CLAMP,CLAMP,0
L,5,2488,DETECTION,src/tracking/advanced_tracker.py:_activate_slot,2488_570_1809_793_1935
R,CLAMP,CLAMP,0
L,7,2488,DETECTION,src/tracking/advanced_tracker.py:_activate_slot,2488_83_1035_318_1126
R,CLAMP,CLAMP,0
L,9,2488,DETECTION,src/tracking/advanced_tracker.py:_activate_slot,2488_140_135_355_227
R,CLAMP,CLAMP,0
A,2488
S,0,2491,DETECTION,src/tracking/advanced_tracker.py:_activate_slot,2491_352_1183_650_1294
S,3,2491,DETECTION,src/tracking/advanced_tracker.py:_activate_slot,2491_390_962_672_1115
S,9,2491,DETECTION,src/tracking/advanced_tracker.py:_activate_slot,2491_158_205_384_296
S,1,2491,PREDICTION,src/tracking/advanced_tracker.py:kalman_homography,
S,7,2491,PREDICTION,src/tracking/advanced_tracker.py:kalman_homography,
S,5,2491,PREDICTION,src/tracking/advanced_tracker.py:flow_gapfill_batched,
D,0,2491
S,3,2491,PREDICTION,src/tracking/advanced_tracker.py:id_merge,
L,1,2491,PREDICTION,src/tracking/advanced_tracker.py:kalman_homography,
R,CLAMP,CLAMP,0
L,3,2491,PREDICTION,src/tracking/advanced_tracker.py:id_merge,
R,CLAMP,CLAMP,0
L,5,2491,PREDICTION,src/tracking/advanced_tracker.py:flow_gapfill_batched,
R,CLAMP,CLAMP,0
L,7,2491,PREDICTION,src/tracking/advanced_tracker.py:kalman_homography,
R,CLAMP,CLAMP,0
L,9,2491,DETECTION,src/tracking/advanced_tracker.py:_activate_slot,2491_158_205_384_296
R,CLAMP,CLAMP,0
A,2491
S,3,2494,DETECTION,src/tracking/advanced_tracker.py:_activate_slot,2494_388_966_673_1125
S,1,2494,DETECTION,src/tracking/advanced_tracker.py:_activate_slot,2494_293_645_641_774
S,9,2494,DETECTION,src/tracking/advanced_tracker.py:_activate_slot,2494_160_208_384_301
S,0,2494,PREDICTION,src/tracking/advanced_tracker.py:kalman_homography,
S,5,2494,PREDICTION,src/tracking/advanced_tracker.py:flow_gapfill_batched,
S,7,2494,PREDICTION,src/tracking/advanced_tracker.py:flow_gapfill_batched,
D,0,2494
S,3,2494,PREDICTION,src/tracking/advanced_tracker.py:id_merge,
L,1,2494,DETECTION,src/tracking/advanced_tracker.py:_activate_slot,2494_293_645_641_774
R,CLAMP,CLAMP,0
L,3,2494,PREDICTION,src/tracking/advanced_tracker.py:id_merge,
R,CLAMP,CLAMP,0
L,5,2494,PREDICTION,src/tracking/advanced_tracker.py:flow_gapfill_batched,
R,CLAMP,CLAMP,0
L,7,2494,PREDICTION,src/tracking/advanced_tracker.py:flow_gapfill_batched,
R,CLAMP,CLAMP,0
L,9,2494,DETECTION,src/tracking/advanced_tracker.py:_activate_slot,2494_160_208_384_301
R,CLAMP,CLAMP,0
A,2494
S,0,2497,DETECTION,src/tracking/advanced_tracker.py:_activate_slot,2497_340_1212_646_1311
S,3,2497,DETECTION,src/tracking/advanced_tracker.py:_activate_slot,2497_402_966_675_1125
S,1,2497,PREDICTION,src/tracking/advanced_tracker.py:kalman_homography,
S,9,2497,PREDICTION,src/tracking/advanced_tracker.py:kalman_homography,
S,5,2497,PREDICTION,src/tracking/advanced_tracker.py:flow_gapfill_batched,
S,7,2497,PREDICTION,src/tracking/advanced_tracker.py:flow_gapfill_batched,
D,0,2497
S,3,2497,PREDICTION,src/tracking/advanced_tracker.py:id_merge,
L,1,2497,PREDICTION,src/tracking/advanced_tracker.py:kalman_homography,
R,CLAMP,CLAMP,0
L,3,2497,PREDICTION,src/tracking/advanced_tracker.py:id_merge,
R,CLAMP,CLAMP,0
L,5,2497,PREDICTION,src/tracking/advanced_tracker.py:flow_gapfill_batched,
R,CLAMP,CLAMP,0
L,7,2497,PREDICTION,src/tracking/advanced_tracker.py:flow_gapfill_batched,
R,CLAMP,CLAMP,0
L,9,2497,PREDICTION,src/tracking/advanced_tracker.py:kalman_homography,
R,CLAMP,CLAMP,0
A,2497
S,0,2500,DETECTION,src/tracking/advanced_tracker.py:_activate_slot,2500_335_1215_641_1319
S,1,2500,PREDICTION,src/tracking/advanced_tracker.py:kalman_homography,
S,3,2500,PREDICTION,src/tracking/advanced_tracker.py:kalman_homography,
S,9,2500,PREDICTION,src/tracking/advanced_tracker.py:kalman_homography,
S,5,2500,PREDICTION,src/tracking/advanced_tracker.py:flow_gapfill_batched,
S,7,2500,PREDICTION,src/tracking/advanced_tracker.py:flow_gapfill_batched,
D,3,2500
S,0,2500,PREDICTION,src/tracking/advanced_tracker.py:id_merge,
L,0,2500,PREDICTION,src/tracking/advanced_tracker.py:id_merge,
R,CLAMP,CLAMP,0
L,1,2500,PREDICTION,src/tracking/advanced_tracker.py:kalman_homography,
R,CLAMP,CLAMP,0
L,5,2500,PREDICTION,src/tracking/advanced_tracker.py:flow_gapfill_batched,
R,CLAMP,CLAMP,0
L,7,2500,PREDICTION,src/tracking/advanced_tracker.py:flow_gapfill_batched,
R,CLAMP,CLAMP,0
L,9,2500,PREDICTION,src/tracking/advanced_tracker.py:kalman_homography,
R,CLAMP,CLAMP,0
A,2500
S,0,2503,DETECTION,src/tracking/advanced_tracker.py:_activate_slot,2503_334_1224_627_1326
S,3,2503,DETECTION,src/tracking/advanced_tracker.py:_activate_slot,2503_391_969_681_1134
S,4,2503,DETECTION,src/tracking/advanced_tracker.py:_activate_slot,2503_290_805_569_931
S,6,2503,DETECTION,src/tracking/advanced_tracker.py:_activate_slot,2503_338_645_593_750
S,1,2503,PREDICTION,src/tracking/advanced_tracker.py:kalman_homography,
S,9,2503,PREDICTION,src/tracking/advanced_tracker.py:kalman_homography,
S,5,2503,PREDICTION,src/tracking/advanced_tracker.py:flow_gapfill_batched,
S,7,2503,PREDICTION,src/tracking/advanced_tracker.py:flow_gapfill_batched,
D,0,2503
S,3,2503,PREDICTION,src/tracking/advanced_tracker.py:id_merge,
D,1,2503
S,4,2503,PREDICTION,src/tracking/advanced_tracker.py:id_merge,
D,3,2503
S,4,2503,PREDICTION,src/tracking/advanced_tracker.py:id_merge,
L,4,2503,PREDICTION,src/tracking/advanced_tracker.py:id_merge,
R,CLAMP,CLAMP,0
L,5,2503,PREDICTION,src/tracking/advanced_tracker.py:flow_gapfill_batched,
R,CLAMP,CLAMP,0
L,6,2503,DETECTION,src/tracking/advanced_tracker.py:_activate_slot,2503_338_645_593_750
R,DETECTION,DETECTION,1
L,7,2503,PREDICTION,src/tracking/advanced_tracker.py:flow_gapfill_batched,
R,CLAMP,CLAMP,0
L,9,2503,PREDICTION,src/tracking/advanced_tracker.py:kalman_homography,
R,CLAMP,CLAMP,0
A,2503
S,0,2506,DETECTION,src/tracking/advanced_tracker.py:_activate_slot,2506_393_979_679_1132
S,1,2506,DETECTION,src/tracking/advanced_tracker.py:_activate_slot,2506_250_726_483_811
S,2,2506,DETECTION,src/tracking/advanced_tracker.py:_activate_slot,2506_333_634_585_748
S,3,2506,PREDICTION,src/tracking/advanced_tracker.py:kalman_homography,
S,4,2506,PREDICTION,src/tracking/advanced_tracker.py:kalman_homography,
S,6,2506,PREDICTION,src/tracking/advanced_tracker.py:kalman_homography,
S,9,2506,PREDICTION,src/tracking/advanced_tracker.py:kalman_homography,
S,5,2506,PREDICTION,src/tracking/advanced_tracker.py:flow_gapfill_batched,
S,7,2506,PREDICTION,src/tracking/advanced_tracker.py:flow_gapfill_batched,
D,3,2506
S,0,2506,PREDICTION,src/tracking/advanced_tracker.py:id_merge,
D,4,2506
S,0,2506,PREDICTION,src/tracking/advanced_tracker.py:id_merge,
D,1,2506
S,2,2506,PREDICTION,src/tracking/advanced_tracker.py:id_merge,
L,0,2506,PREDICTION,src/tracking/advanced_tracker.py:id_merge,
R,CLAMP,CLAMP,0
L,2,2506,PREDICTION,src/tracking/advanced_tracker.py:id_merge,
R,PREDICTION,PREDICTION,1
L,5,2506,PREDICTION,src/tracking/advanced_tracker.py:flow_gapfill_batched,
R,CLAMP,CLAMP,0
L,6,2506,PREDICTION,src/tracking/advanced_tracker.py:kalman_homography,
R,PREDICTION,PREDICTION,1
L,7,2506,PREDICTION,src/tracking/advanced_tracker.py:flow_gapfill_batched,
R,CLAMP,CLAMP,0
L,9,2506,PREDICTION,src/tracking/advanced_tracker.py:kalman_homography,
R,CLAMP,CLAMP,0
A,2506
S,0,2509,DETECTION,src/tracking/advanced_tracker.py:_activate_slot,2509_314_945_597_1062
S,2,2509,DETECTION,src/tracking/advanced_tracker.py:_activate_slot,2509_334_621_574_748
S,1,2509,DETECTION,src/tracking/advanced_tracker.py:_activate_slot,2509_247_741_468_825
S,3,2509,PREDICTION,src/tracking/advanced_tracker.py:kalman_homography,
S,4,2509,PREDICTION,src/tracking/advanced_tracker.py:kalman_homography,
S,6,2509,PREDICTION,src/tracking/advanced_tracker.py:kalman_homography,
S,9,2509,PREDICTION,src/tracking/advanced_tracker.py:kalman_homography,
S,5,2509,PREDICTION,src/tracking/advanced_tracker.py:flow_gapfill_batched,
S,7,2509,PREDICTION,src/tracking/advanced_tracker.py:flow_gapfill_batched,
D,3,2509
S,0,2509,PREDICTION,src/tracking/advanced_tracker.py:id_merge,
D,4,2509
S,0,2509,PREDICTION,src/tracking/advanced_tracker.py:id_merge,
D,1,2509
S,2,2509,PREDICTION,src/tracking/advanced_tracker.py:id_merge,
L,0,2509,PREDICTION,src/tracking/advanced_tracker.py:id_merge,
R,CLAMP,CLAMP,0
L,2,2509,PREDICTION,src/tracking/advanced_tracker.py:id_merge,
R,PREDICTION,PREDICTION,1
L,5,2509,PREDICTION,src/tracking/advanced_tracker.py:flow_gapfill_batched,
R,CLAMP,CLAMP,0
L,6,2509,PREDICTION,src/tracking/advanced_tracker.py:kalman_homography,
R,PREDICTION,SUBPIXEL,0
L,7,2509,PREDICTION,src/tracking/advanced_tracker.py:flow_gapfill_batched,
R,CLAMP,CLAMP,0
L,9,2509,PREDICTION,src/tracking/advanced_tracker.py:kalman_homography,
R,CLAMP,CLAMP,0
A,2509
S,2,2512,DETECTION,src/tracking/advanced_tracker.py:_activate_slot,2512_339_623_573_749
S,3,2512,DETECTION,src/tracking/advanced_tracker.py:_activate_slot,2512_386_1006_666_1135
S,9,2512,DETECTION,src/tracking/advanced_tracker.py:_activate_slot,2512_131_375_367_468
S,8,2512,DETECTION,src/tracking/advanced_tracker.py:_activate_slot,2512_137_60_361_147
S,0,2512,PREDICTION,src/tracking/advanced_tracker.py:kalman_homography,
S,1,2512,PREDICTION,src/tracking/advanced_tracker.py:kalman_homography,
S,4,2512,PREDICTION,src/tracking/advanced_tracker.py:kalman_homography,
S,6,2512,PREDICTION,src/tracking/advanced_tracker.py:kalman_homography,
S,5,2512,PREDICTION,src/tracking/advanced_tracker.py:flow_gapfill_batched,
S,7,2512,PREDICTION,src/tracking/advanced_tracker.py:flow_gapfill_batched,
D,0,2512
S,1,2512,PREDICTION,src/tracking/advanced_tracker.py:id_merge,
D,1,2512
S,2,2512,PREDICTION,src/tracking/advanced_tracker.py:id_merge,
D,4,2512
S,2,2512,PREDICTION,src/tracking/advanced_tracker.py:id_merge,
L,2,2512,PREDICTION,src/tracking/advanced_tracker.py:id_merge,
R,PREDICTION,PREDICTION,1
L,3,2512,DETECTION,src/tracking/advanced_tracker.py:_activate_slot,2512_386_1006_666_1135
R,CLAMP,CLAMP,0
L,5,2512,PREDICTION,src/tracking/advanced_tracker.py:flow_gapfill_batched,
R,CLAMP,CLAMP,0
L,6,2512,PREDICTION,src/tracking/advanced_tracker.py:kalman_homography,
R,PREDICTION,SUBPIXEL,0
L,7,2512,PREDICTION,src/tracking/advanced_tracker.py:flow_gapfill_batched,
R,CLAMP,CLAMP,0
L,8,2512,DETECTION,src/tracking/advanced_tracker.py:_activate_slot,2512_137_60_361_147
R,CLAMP,CLAMP,0
L,9,2512,DETECTION,src/tracking/advanced_tracker.py:_activate_slot,2512_131_375_367_468
R,CLAMP,CLAMP,0
A,2512
S,2,2515,DETECTION,src/tracking/advanced_tracker.py:_activate_slot,2515_340_624_576_747
S,3,2515,DETECTION,src/tracking/advanced_tracker.py:_activate_slot,2515_384_1030_650_1144
S,8,2515,DETECTION,src/tracking/advanced_tracker.py:_activate_slot,2515_143_62_358_148
S,9,2515,DETECTION,src/tracking/advanced_tracker.py:_activate_slot,2515_145_378_367_471
S,0,2515,PREDICTION,src/tracking/advanced_tracker.py:kalman_homography,
S,1,2515,PREDICTION,src/tracking/advanced_tracker.py:kalman_homography,
S,4,2515,PREDICTION,src/tracking/advanced_tracker.py:kalman_homography,
S,6,2515,PREDICTION,src/tracking/advanced_tracker.py:kalman_homography,
D,0,2515
S,1,2515,PREDICTION,src/tracking/advanced_tracker.py:id_merge,
D,1,2515
S,2,2515,PREDICTION,src/tracking/advanced_tracker.py:id_merge,
D,4,2515
S,2,2515,PREDICTION,src/tracking/advanced_tracker.py:id_merge,
L,2,2515,PREDICTION,src/tracking/advanced_tracker.py:id_merge,
R,PREDICTION,PREDICTION,1
L,3,2515,DETECTION,src/tracking/advanced_tracker.py:_activate_slot,2515_384_1030_650_1144
R,CLAMP,CLAMP,0
L,6,2515,PREDICTION,src/tracking/advanced_tracker.py:kalman_homography,
R,PREDICTION,SUBPIXEL,0
L,8,2515,DETECTION,src/tracking/advanced_tracker.py:_activate_slot,2515_143_62_358_148
R,CLAMP,CLAMP,0
L,9,2515,DETECTION,src/tracking/advanced_tracker.py:_activate_slot,2515_145_378_367_471
R,CLAMP,CLAMP,0
A,2515
S,2,2518,DETECTION,src/tracking/advanced_tracker.py:_activate_slot,2518_345_630_580_750
S,3,2518,DETECTION,src/tracking/advanced_tracker.py:_activate_slot,2518_381_1038_666_1149
S,1,2518,DETECTION,src/tracking/advanced_tracker.py:_activate_slot,2518_259_760_513_862
S,4,2518,DETECTION,src/tracking/advanced_tracker.py:_activate_slot,2518_248_758_510_885
S,8,2518,DETECTION,src/tracking/advanced_tracker.py:_activate_slot,2518_138_69_360_159
S,9,2518,DETECTION,src/tracking/advanced_tracker.py:_activate_slot,2518_143_381_367_474
S,0,2518,PREDICTION,src/tracking/advanced_tracker.py:kalman_homography,
S,6,2518,PREDICTION,src/tracking/advanced_tracker.py:kalman_homography,
D,0,2518
S,1,2518,PREDICTION,src/tracking/advanced_tracker.py:id_merge,
D,1,2518
S,2,2518,PREDICTION,src/tracking/advanced_tracker.py:id_merge,
D,2,2518
S,4,2518,PREDICTION,src/tracking/advanced_tracker.py:id_merge,
L,3,2518,DETECTION,src/tracking/advanced_tracker.py:_activate_slot,2518_381_1038_666_1149
R,CLAMP,CLAMP,0
L,4,2518,PREDICTION,src/tracking/advanced_tracker.py:id_merge,
R,CLAMP,CLAMP,0
L,6,2518,PREDICTION,src/tracking/advanced_tracker.py:kalman_homography,
R,PREDICTION,SUBPIXEL,0
L,8,2518,DETECTION,src/tracking/advanced_tracker.py:_activate_slot,2518_138_69_360_159
R,CLAMP,CLAMP,0
L,9,2518,DETECTION,src/tracking/advanced_tracker.py:_activate_slot,2518_143_381_367_474
R,CLAMP,CLAMP,0
A,2518
S,2,2521,DETECTION,src/tracking/advanced_tracker.py:_activate_slot,2521_357_627_583_777
S,3,2521,DETECTION,src/tracking/advanced_tracker.py:_activate_slot,2521_375_1050_664_1158
S,8,2521,DETECTION,src/tracking/advanced_tracker.py:_activate_slot,2521_142_71_359_159
S,9,2521,DETECTION,src/tracking/advanced_tracker.py:_activate_slot,2521_136_388_365_478
S,0,2521,PREDICTION,src/tracking/advanced_tracker.py:kalman_homography,
S,1,2521,PREDICTION,src/tracking/advanced_tracker.py:kalman_homography,
S,4,2521,PREDICTION,src/tracking/advanced_tracker.py:kalman_homography,
S,6,2521,PREDICTION,src/tracking/advanced_tracker.py:kalman_homography,
D,0,2521
S,1,2521,PREDICTION,src/tracking/advanced_tracker.py:id_merge,
D,1,2521
S,2,2521,PREDICTION,src/tracking/advanced_tracker.py:id_merge,
D,4,2521
S,2,2521,PREDICTION,src/tracking/advanced_tracker.py:id_merge,
L,2,2521,PREDICTION,src/tracking/advanced_tracker.py:id_merge,
R,PREDICTION,PREDICTION,1
L,3,2521,DETECTION,src/tracking/advanced_tracker.py:_activate_slot,2521_375_1050_664_1158
R,CLAMP,CLAMP,0
L,6,2521,PREDICTION,src/tracking/advanced_tracker.py:kalman_homography,
R,PREDICTION,SUBPIXEL,0
L,8,2521,DETECTION,src/tracking/advanced_tracker.py:_activate_slot,2521_142_71_359_159
R,CLAMP,CLAMP,0
L,9,2521,DETECTION,src/tracking/advanced_tracker.py:_activate_slot,2521_136_388_365_478
R,CLAMP,CLAMP,0
A,2521
S,3,2524,DETECTION,src/tracking/advanced_tracker.py:_activate_slot,2524_369_1053_654_1150
S,2,2524,DETECTION,src/tracking/advanced_tracker.py:_activate_slot,2524_369_640_576_802
S,8,2524,DETECTION,src/tracking/advanced_tracker.py:_activate_slot,2524_230_750_506_888
S,9,2524,DETECTION,src/tracking/advanced_tracker.py:_activate_slot,2524_129_391_358_484
S,0,2524,PREDICTION,src/tracking/advanced_tracker.py:kalman_homography,
S,1,2524,PREDICTION,src/tracking/advanced_tracker.py:kalman_homography,
S,4,2524,PREDICTION,src/tracking/advanced_tracker.py:kalman_homography,
S,6,2524,PREDICTION,src/tracking/advanced_tracker.py:kalman_homography,
D,0,2524
S,2,2524,PREDICTION,src/tracking/advanced_tracker.py:id_merge,
D,1,2524
S,2,2524,PREDICTION,src/tracking/advanced_tracker.py:id_merge,
D,4,2524
S,2,2524,PREDICTION,src/tracking/advanced_tracker.py:id_merge,
D,6,2524
S,8,2524,PREDICTION,src/tracking/advanced_tracker.py:id_merge,
L,2,2524,PREDICTION,src/tracking/advanced_tracker.py:id_merge,
R,PREDICTION,PREDICTION,1
L,3,2524,DETECTION,src/tracking/advanced_tracker.py:_activate_slot,2524_369_1053_654_1150
R,CLAMP,CLAMP,0
L,8,2524,PREDICTION,src/tracking/advanced_tracker.py:id_merge,
R,CLAMP,CLAMP,0
L,9,2524,DETECTION,src/tracking/advanced_tracker.py:_activate_slot,2524_129_391_358_484
R,CLAMP,CLAMP,0
A,2524
S,2,2527,DETECTION,src/tracking/advanced_tracker.py:_activate_slot,2527_364_666_592_800
S,3,2527,DETECTION,src/tracking/advanced_tracker.py:_activate_slot,2527_356_1054_647_1153
S,1,2527,DETECTION,src/tracking/advanced_tracker.py:_activate_slot,2527_229_751_660_901
S,9,2527,DETECTION,src/tracking/advanced_tracker.py:_activate_slot,2527_129_399_354_490
S,0,2527,PREDICTION,src/tracking/advanced_tracker.py:kalman_homography,
S,4,2527,PREDICTION,src/tracking/advanced_tracker.py:kalman_homography,
S,8,2527,PREDICTION,src/tracking/advanced_tracker.py:kalman_homography,
S,6,2527,PREDICTION,src/tracking/advanced_tracker.py:flow_gapfill_batched,
D,0,2527
S,2,2527,PREDICTION,src/tracking/advanced_tracker.py:id_merge,
D,1,2527
S,2,2527,PREDICTION,src/tracking/advanced_tracker.py:id_merge,
D,4,2527
S,2,2527,PREDICTION,src/tracking/advanced_tracker.py:id_merge,
L,2,2527,PREDICTION,src/tracking/advanced_tracker.py:id_merge,
R,PREDICTION,PREDICTION,1
L,3,2527,DETECTION,src/tracking/advanced_tracker.py:_activate_slot,2527_356_1054_647_1153
R,CLAMP,CLAMP,0
L,6,2527,PREDICTION,src/tracking/advanced_tracker.py:flow_gapfill_batched,
R,PREDICTION,PREDICTION,1
L,8,2527,PREDICTION,src/tracking/advanced_tracker.py:kalman_homography,
R,CLAMP,CLAMP,0
L,9,2527,DETECTION,src/tracking/advanced_tracker.py:_activate_slot,2527_129_399_354_490
R,CLAMP,CLAMP,0
A,2527
S,2,2530,DETECTION,src/tracking/advanced_tracker.py:_activate_slot,2530_116_155_336_246
S,3,2530,DETECTION,src/tracking/advanced_tracker.py:_activate_slot,2530_346_1056_627_1164
S,9,2530,DETECTION,src/tracking/advanced_tracker.py:_activate_slot,2530_126_402_349_494
S,8,2530,DETECTION,src/tracking/advanced_tracker.py:_activate_slot,2530_278_1186_565_1291
S,0,2530,PREDICTION,src/tracking/advanced_tracker.py:kalman_homography,
S,1,2530,PREDICTION,src/tracking/advanced_tracker.py:kalman_homography,
S,4,2530,PREDICTION,src/tracking/advanced_tracker.py:kalman_homography,
D,4,2530
S,1,2530,PREDICTION,src/tracking/advanced_tracker.py:id_merge,
L,0,2530,PREDICTION,src/tracking/advanced_tracker.py:kalman_homography,
R,CLAMP,CLAMP,0
L,1,2530,PREDICTION,src/tracking/advanced_tracker.py:id_merge,
R,CLAMP,CLAMP,0
L,2,2530,DETECTION,src/tracking/advanced_tracker.py:_activate_slot,2530_116_155_336_246
R,DETECTION,DETECTION,1
L,3,2530,DETECTION,src/tracking/advanced_tracker.py:_activate_slot,2530_346_1056_627_1164
R,CLAMP,CLAMP,0
L,8,2530,DETECTION,src/tracking/advanced_tracker.py:_activate_slot,2530_278_1186_565_1291
R,CLAMP,CLAMP,0
L,9,2530,DETECTION,src/tracking/advanced_tracker.py:_activate_slot,2530_126_402_349_494
R,CLAMP,CLAMP,0
A,2530
S,3,2533,DETECTION,src/tracking/advanced_tracker.py:_activate_slot,2533_333_1064_610_1173
S,9,2533,DETECTION,src/tracking/advanced_tracker.py:_activate_slot,2533_280_1284_544_1387
S,5,2533,DETECTION,src/tracking/advanced_tracker.py:_activate_slot,2533_798_1605_1032_1743
S,7,2533,DETECTION,src/tracking/advanced_tracker.py:_activate_slot,2533_219_747_480_858
S,1,2533,PREDICTION,src/tracking/advanced_tracker.py:kalman_homography,
S,2,2533,PREDICTION,src/tracking/advanced_tracker.py:kalman_homography,
S,4,2533,PREDICTION,src/tracking/advanced_tracker.py:kalman_homography,
S,8,2533,PREDICTION,src/tracking/advanced_tracker.py:kalman_homography,
S,0,2533,PREDICTION,src/tracking/advanced_tracker.py:flow_gapfill_batched,
D,0,2533
S,1,2533,PREDICTION,src/tracking/advanced_tracker.py:id_merge,
D,4,2533
S,1,2533,PREDICTION,src/tracking/advanced_tracker.py:id_merge,
D,8,2533
S,9,2533,PREDICTION,src/tracking/advanced_tracker.py:id_merge,
L,1,2533,PREDICTION,src/tracking/advanced_tracker.py:id_merge,
R,CLAMP,CLAMP,0
L,2,2533,PREDICTION,src/tracking/advanced_tracker.py:kalman_homography,
R,PREDICTION,PREDICTION,1
L,3,2533,DETECTION,src/tracking/advanced_tracker.py:_activate_slot,2533_333_1064_610_1173
R,CLAMP,CLAMP,0
L,5,2533,DETECTION,src/tracking/advanced_tracker.py:_activate_slot,2533_798_1605_1032_1743
R,CLAMP,CLAMP,0
L,7,2533,DETECTION,src/tracking/advanced_tracker.py:_activate_slot,2533_219_747_480_858
R,CLAMP,CLAMP,0
L,9,2533,PREDICTION,src/tracking/advanced_tracker.py:id_merge,
R,CLAMP,CLAMP,0
A,2533
S,3,2536,DETECTION,src/tracking/advanced_tracker.py:_activate_slot,2536_327_1071_604_1187
S,1,2536,DETECTION,src/tracking/advanced_tracker.py:_activate_slot,2536_325_810_651_918
S,5,2536,DETECTION,src/tracking/advanced_tracker.py:_activate_slot,2536_795_1605_1032_1740
S,8,2536,DETECTION,src/tracking/advanced_tracker.py:_activate_slot,2536_504_1734_714_1851
S,4,2536,PREDICTION,src/tracking/advanced_tracker.py:kalman_homography,
S,7,2536,PREDICTION,src/tracking/advanced_tracker.py:kalman_homography,
S,9,2536,PREDICTION,src/tracking/advanced_tracker.py:kalman_homography,
S,2,2536,PREDICTION,src/tracking/advanced_tracker.py:flow_gapfill_batched,
D,4,2536
S,1,2536,PREDICTION,src/tracking/advanced_tracker.py:id_merge,
L,1,2536,PREDICTION,src/tracking/advanced_tracker.py:id_merge,
R,CLAMP,CLAMP,0
L,2,2536,PREDICTION,src/tracking/advanced_tracker.py:flow_gapfill_batched,
R,PREDICTION,PREDICTION,1
L,3,2536,DETECTION,src/tracking/advanced_tracker.py:_activate_slot,2536_327_1071_604_1187
R,CLAMP,CLAMP,0
L,5,2536,DETECTION,src/tracking/advanced_tracker.py:_activate_slot,2536_795_1605_1032_1740
R,CLAMP,CLAMP,0
L,7,2536,PREDICTION,src/tracking/advanced_tracker.py:kalman_homography,
R,CLAMP,CLAMP,0
L,8,2536,DETECTION,src/tracking/advanced_tracker.py:_activate_slot,2536_504_1734_714_1851
R,CLAMP,CLAMP,0
L,9,2536,PREDICTION,src/tracking/advanced_tracker.py:kalman_homography,
R,CLAMP,CLAMP,0
A,2536
S,3,2539,DETECTION,src/tracking/advanced_tracker.py:_activate_slot,2539_326_1081_600_1198
S,5,2539,DETECTION,src/tracking/advanced_tracker.py:_activate_slot,2539_795_1608_1033_1740
S,1,2539,PREDICTION,src/tracking/advanced_tracker.py:kalman_homography,
S,4,2539,PREDICTION,src/tracking/advanced_tracker.py:kalman_homography,
S,7,2539,PREDICTION,src/tracking/advanced_tracker.py:kalman_homography,
S,9,2539,PREDICTION,src/tracking/advanced_tracker.py:kalman_homography,
S,2,2539,PREDICTION,src/tracking/advanced_tracker.py:flow_gapfill_batched,
S,8,2539,PREDICTION,src/tracking/advanced_tracker.py:flow_gapfill_batched,
D,9,2539
S,8,2539,PREDICTION,src/tracking/advanced_tracker.py:id_merge,
L,1,2539,PREDICTION,src/tracking/advanced_tracker.py:kalman_homography,
R,CLAMP,CLAMP,0
L,2,2539,PREDICTION,src/tracking/advanced_tracker.py:flow_gapfill_batched,
R,PREDICTION,PREDICTION,1
L,3,2539,DETECTION,src/tracking/advanced_tracker.py:_activate_slot,2539_326_1081_600_1198
R,CLAMP,CLAMP,0
L,4,2539,PREDICTION,src/tracking/advanced_tracker.py:kalman_homography,
R,CLAMP,CLAMP,0
L,5,2539,DETECTION,src/tracking/advanced_tracker.py:_activate_slot,2539_795_1608_1033_1740
R,CLAMP,CLAMP,0
L,7,2539,PREDICTION,src/tracking/advanced_tracker.py:kalman_homography,
R,CLAMP,CLAMP,0
L,8,2539,PREDICTION,src/tracking/advanced_tracker.py:id_merge,
R,CLAMP,CLAMP,0
A,2539
S,3,2542,DETECTION,src/tracking/advanced_tracker.py:_activate_slot,2542_324_1092_585_1212
S,5,2542,DETECTION,src/tracking/advanced_tracker.py:_activate_slot,2542_792_1608_1032_1740
S,1,2542,PREDICTION,src/tracking/advanced_tracker.py:kalman_homography,
S,7,2542,PREDICTION,src/tracking/advanced_tracker.py:kalman_homography,
S,2,2542,PREDICTION,src/tracking/advanced_tracker.py:flow_gapfill_batched,
S,4,2542,PREDICTION,src/tracking/advanced_tracker.py:flow_gapfill_batched,
S,8,2542,PREDICTION,src/tracking/advanced_tracker.py:flow_gapfill_batched,
S,9,2542,PREDICTION,src/tracking/advanced_tracker.py:flow_gapfill_batched,
D,4,2542
S,1,2542,PREDICTION,src/tracking/advanced_tracker.py:id_merge,
L,1,2542,PREDICTION,src/tracking/advanced_tracker.py:id_merge,
R,CLAMP,CLAMP,0
L,2,2542,PREDICTION,src/tracking/advanced_tracker.py:flow_gapfill_batched,
R,PREDICTION,PREDICTION,1
L,3,2542,DETECTION,src/tracking/advanced_tracker.py:_activate_slot,2542_324_1092_585_1212
R,CLAMP,CLAMP,0
L,5,2542,DETECTION,src/tracking/advanced_tracker.py:_activate_slot,2542_792_1608_1032_1740
R,CLAMP,CLAMP,0
L,7,2542,PREDICTION,src/tracking/advanced_tracker.py:kalman_homography,
R,CLAMP,CLAMP,0
L,8,2542,PREDICTION,src/tracking/advanced_tracker.py:flow_gapfill_batched,
R,CLAMP,CLAMP,0
L,9,2542,PREDICTION,src/tracking/advanced_tracker.py:flow_gapfill_batched,
R,CLAMP,CLAMP,0
A,2542
S,3,2545,DETECTION,src/tracking/advanced_tracker.py:_activate_slot,2545_323_1110_580_1218
S,5,2545,DETECTION,src/tracking/advanced_tracker.py:_activate_slot,2545_790_1611_1030_1743
S,7,2545,DETECTION,src/tracking/advanced_tracker.py:_activate_slot,2545_220_781_451_880
S,1,2545,PREDICTION,src/tracking/advanced_tracker.py:kalman_homography,
S,2,2545,PREDICTION,src/tracking/advanced_tracker.py:flow_gapfill_batched,
S,8,2545,PREDICTION,src/tracking/advanced_tracker.py:flow_gapfill_batched,
S,9,2545,PREDICTION,src/tracking/advanced_tracker.py:flow_gapfill_batched,
L,1,2545,PREDICTION,src/tracking/advanced_tracker.py:kalman_homography,
R,CLAMP,CLAMP,0
L,2,2545,PREDICTION,src/tracking/advanced_tracker.py:flow_gapfill_batched,
R,PREDICTION,PREDICTION,1
L,3,2545,DETECTION,src/tracking/advanced_tracker.py:_activate_slot,2545_323_1110_580_1218
R,CLAMP,CLAMP,0
L,5,2545,DETECTION,src/tracking/advanced_tracker.py:_activate_slot,2545_790_1611_1030_1743
R,CLAMP,CLAMP,0
L,7,2545,DETECTION,src/tracking/advanced_tracker.py:_activate_slot,2545_220_781_451_880
R,CLAMP,CLAMP,0
L,8,2545,PREDICTION,src/tracking/advanced_tracker.py:flow_gapfill_batched,
R,CLAMP,CLAMP,0
L,9,2545,PREDICTION,src/tracking/advanced_tracker.py:flow_gapfill_batched,
R,CLAMP,CLAMP,0
A,2545
S,3,2548,DETECTION,src/tracking/advanced_tracker.py:_activate_slot,2548_315_1122_564_1224
S,5,2548,DETECTION,src/tracking/advanced_tracker.py:_activate_slot,2548_786_1611_1027_1743
S,7,2548,DETECTION,src/tracking/advanced_tracker.py:_activate_slot,2548_222_789_426_888
S,6,2548,DETECTION,src/tracking/advanced_tracker.py:_activate_slot,2548_357_798_610_903
S,1,2548,PREDICTION,src/tracking/advanced_tracker.py:kalman_homography,
S,2,2548,PREDICTION,src/tracking/advanced_tracker.py:flow_gapfill_batched,
S,8,2548,PREDICTION,src/tracking/advanced_tracker.py:flow_gapfill_batched,
S,9,2548,PREDICTION,src/tracking/advanced_tracker.py:flow_gapfill_batched,
D,6,2548
S,7,2548,PREDICTION,src/tracking/advanced_tracker.py:id_merge,
L,1,2548,PREDICTION,src/tracking/advanced_tracker.py:kalman_homography,
R,CLAMP,CLAMP,0
L,2,2548,PREDICTION,src/tracking/advanced_tracker.py:flow_gapfill_batched,
R,PREDICTION,PREDICTION,1
L,3,2548,DETECTION,src/tracking/advanced_tracker.py:_activate_slot,2548_315_1122_564_1224
R,CLAMP,CLAMP,0
L,5,2548,DETECTION,src/tracking/advanced_tracker.py:_activate_slot,2548_786_1611_1027_1743
R,CLAMP,CLAMP,0
L,7,2548,PREDICTION,src/tracking/advanced_tracker.py:id_merge,
R,CLAMP,CLAMP,0
L,8,2548,PREDICTION,src/tracking/advanced_tracker.py:flow_gapfill_batched,
R,CLAMP,CLAMP,0
L,9,2548,PREDICTION,src/tracking/advanced_tracker.py:flow_gapfill_batched,
R,CLAMP,CLAMP,0
A,2548
S,3,2551,DETECTION,src/tracking/advanced_tracker.py:_activate_slot,2551_312_1126_561_1228
S,5,2551,DETECTION,src/tracking/advanced_tracker.py:_activate_slot,2551_781_1614_1027_1740
S,6,2551,DETECTION,src/tracking/advanced_tracker.py:_activate_slot,2551_361_816_607_921
S,7,2551,DETECTION,src/tracking/advanced_tracker.py:_activate_slot,2551_212_807_438_907
S,1,2551,PREDICTION,src/tracking/advanced_tracker.py:kalman_homography,
S,2,2551,PREDICTION,src/tracking/advanced_tracker.py:flow_gapfill_batched,
S,8,2551,PREDICTION,src/tracking/advanced_tracker.py:flow_gapfill_batched,
S,9,2551,PREDICTION,src/tracking/advanced_tracker.py:flow_gapfill_batched,
D,6,2551
S,7,2551,PREDICTION,src/tracking/advanced_tracker.py:id_merge,
L,1,2551,PREDICTION,src/tracking/advanced_tracker.py:kalman_homography,
R,CLAMP,CLAMP,0
L,2,2551,PREDICTION,src/tracking/advanced_tracker.py:flow_gapfill_batched,
R,PREDICTION,PREDICTION,1
L,3,2551,DETECTION,src/tracking/advanced_tracker.py:_activate_slot,2551_312_1126_561_1228
R,CLAMP,CLAMP,0
L,5,2551,DETECTION,src/tracking/advanced_tracker.py:_activate_slot,2551_781_1614_1027_1740
R,CLAMP,CLAMP,0
L,7,2551,PREDICTION,src/tracking/advanced_tracker.py:id_merge,
R,CLAMP,CLAMP,0
L,8,2551,PREDICTION,src/tracking/advanced_tracker.py:flow_gapfill_batched,
R,CLAMP,CLAMP,0
L,9,2551,PREDICTION,src/tracking/advanced_tracker.py:flow_gapfill_batched,
R,CLAMP,CLAMP,0
A,2551
S,3,2554,DETECTION,src/tracking/advanced_tracker.py:_activate_slot,2554_312_1127_559_1230
S,5,2554,DETECTION,src/tracking/advanced_tracker.py:_activate_slot,2554_778_1611_1027_1743
S,6,2554,DETECTION,src/tracking/advanced_tracker.py:_activate_slot,2554_369_828_616_935
S,0,2554,DETECTION,src/tracking/advanced_tracker.py:_activate_slot,2554_612_1022_816_1143
S,1,2554,PREDICTION,src/tracking/advanced_tracker.py:kalman_homography,
S,7,2554,PREDICTION,src/tracking/advanced_tracker.py:kalman_homography,
S,2,2554,PREDICTION,src/tracking/advanced_tracker.py:flow_gapfill_batched,
S,8,2554,PREDICTION,src/tracking/advanced_tracker.py:flow_gapfill_batched,
S,9,2554,PREDICTION,src/tracking/advanced_tracker.py:flow_gapfill_batched,
D,1,2554
S,0,2554,PREDICTION,src/tracking/advanced_tracker.py:id_merge,
D,7,2554
S,6,2554,PREDICTION,src/tracking/advanced_tracker.py:id_merge,
L,0,2554,PREDICTION,src/tracking/advanced_tracker.py:id_merge,
R,CLAMP,CLAMP,0
L,2,2554,PREDICTION,src/tracking/advanced_tracker.py:flow_gapfill_batched,
R,PREDICTION,PREDICTION,1
L,3,2554,DETECTION,src/tracking/advanced_tracker.py:_activate_slot,2554_312_1127_559_1230
R,CLAMP,CLAMP,0
L,5,2554,DETECTION,src/tracking/advanced_tracker.py:_activate_slot,2554_778_1611_1027_1743
R,CLAMP,CLAMP,0
L,6,2554,PREDICTION,src/tracking/advanced_tracker.py:id_merge,
R,PREDICTION,PREDICTION,1
L,8,2554,PREDICTION,src/tracking/advanced_tracker.py:flow_gapfill_batched,
R,CLAMP,CLAMP,0
L,9,2554,PREDICTION,src/tracking/advanced_tracker.py:flow_gapfill_batched,
R,CLAMP,CLAMP,0
A,2554
S,0,2557,DETECTION,src/tracking/advanced_tracker.py:_activate_slot,2557_614_1029_818_1146
S,2,2557,DETECTION,src/tracking/advanced_tracker.py:_activate_slot,2557_282_1257_532_1365
S,3,2557,DETECTION,src/tracking/advanced_tracker.py:_activate_slot,2557_312_1129_558_1231
S,5,2557,DETECTION,src/tracking/advanced_tracker.py:_activate_slot,2557_269_1203_528_1299
S,6,2557,DETECTION,src/tracking/advanced_tracker.py:_activate_slot,2557_375_851_613_941
S,7,2557,DETECTION,src/tracking/advanced_tracker.py:_activate_slot,2557_219_834_434_927
S,1,2557,PREDICTION,src/tracking/advanced_tracker.py:kalman_homography,
S,8,2557,PREDICTION,src/tracking/advanced_tracker.py:flow_gapfill_batched,
S,9,2557,PREDICTION,src/tracking/advanced_tracker.py:flow_gapfill_batched,
D,1,2557
S,0,2557,PREDICTION,src/tracking/advanced_tracker.py:id_merge,
D,2,2557
S,3,2557,PREDICTION,src/tracking/advanced_tracker.py:id_merge,
D,9,2557
S,5,2557,PREDICTION,src/tracking/advanced_tracker.py:id_merge,
D,6,2557
S,7,2557,PREDICTION,src/tracking/advanced_tracker.py:id_merge,
L,0,2557,PREDICTION,src/tracking/advanced_tracker.py:id_merge,
R,CLAMP,CLAMP,0
L,3,2557,PREDICTION,src/tracking/advanced_tracker.py:id_merge,
R,CLAMP,CLAMP,0
L,5,2557,PREDICTION,src/tracking/advanced_tracker.py:id_merge,
R,CLAMP,CLAMP,0
L,7,2557,PREDICTION,src/tracking/advanced_tracker.py:id_merge,
R,CLAMP,CLAMP,0
L,8,2557,PREDICTION,src/tracking/advanced_tracker.py:flow_gapfill_batched,
R,CLAMP,CLAMP,0
A,2557
S,2,2560,DETECTION,src/tracking/advanced_tracker.py:_activate_slot,2560_618_1032_816_1149
S,3,2560,DETECTION,src/tracking/advanced_tracker.py:_activate_slot,2560_307_1137_558_1236
S,1,2560,DETECTION,src/tracking/advanced_tracker.py:_activate_slot,2560_400_898_649_1024
S,5,2560,DETECTION,src/tracking/advanced_tracker.py:_activate_slot,2560_891_1302_1035_1428
S,6,2560,DETECTION,src/tracking/advanced_tracker.py:_activate_slot,2560_154_366_352_445
S,7,2560,DETECTION,src/tracking/advanced_tracker.py:_activate_slot,2560_213_843_450_945
S,0,2560,PREDICTION,src/tracking/advanced_tracker.py:kalman_homography,
S,8,2560,PREDICTION,src/tracking/advanced_tracker.py:flow_gapfill_batched,
D,0,2560
S,1,2560,PREDICTION,src/tracking/advanced_tracker.py:id_merge,
D,1,2560
S,2,2560,PREDICTION,src/tracking/advanced_tracker.py:id_merge,
L,2,2560,PREDICTION,src/tracking/advanced_tracker.py:id_merge,
R,CLAMP,CLAMP,0
L,3,2560,DETECTION,src/tracking/advanced_tracker.py:_activate_slot,2560_307_1137_558_1236
R,CLAMP,CLAMP,0
L,5,2560,DETECTION,src/tracking/advanced_tracker.py:_activate_slot,2560_891_1302_1035_1428
R,CLAMP,CLAMP,0
L,6,2560,DETECTION,src/tracking/advanced_tracker.py:_activate_slot,2560_154_366_352_445
R,DETECTION,DETECTION,1
L,7,2560,DETECTION,src/tracking/advanced_tracker.py:_activate_slot,2560_213_843_450_945
R,CLAMP,CLAMP,0
L,8,2560,PREDICTION,src/tracking/advanced_tracker.py:flow_gapfill_batched,
R,CLAMP,CLAMP,0
A,2560
S,0,2563,DETECTION,src/tracking/advanced_tracker.py:_activate_slot,2563_624_1038_816_1155
S,2,2563,DETECTION,src/tracking/advanced_tracker.py:_activate_slot,2563_197_1038_409_1138
S,3,2563,DETECTION,src/tracking/advanced_tracker.py:_activate_slot,2563_306_1146_535_1236
S,4,2563,DETECTION,src/tracking/advanced_tracker.py:_activate_slot,2563_278_1212_525_1311
S,1,2563,DETECTION,src/tracking/advanced_tracker.py:_activate_slot,2563_401_903_648_1029
S,7,2563,DETECTION,src/tracking/advanced_tracker.py:_activate_slot,2563_219_856_444_954
S,6,2563,DETECTION,src/tracking/advanced_tracker.py:_activate_slot,2563_129_325_328_413
S,5,2563,PREDICTION,src/tracking/advanced_tracker.py:kalman_homography,
D,0,2563
S,1,2563,PREDICTION,src/tracking/advanced_tracker.py:id_merge,
D,2,2563
S,3,2563,PREDICTION,src/tracking/advanced_tracker.py:id_merge,
D,3,2563
S,4,2563,PREDICTION,src/tracking/advanced_tracker.py:id_merge,
L,1,2563,PREDICTION,src/tracking/advanced_tracker.py:id_merge,
R,CLAMP,CLAMP,0
L,4,2563,PREDICTION,src/tracking/advanced_tracker.py:id_merge,
R,CLAMP,CLAMP,0
L,5,2563,PREDICTION,src/tracking/advanced_tracker.py:kalman_homography,
R,CLAMP,CLAMP,0
L,6,2563,DETECTION,src/tracking/advanced_tracker.py:_activate_slot,2563_129_325_328_413
R,DETECTION,DETECTION,1
L,7,2563,DETECTION,src/tracking/advanced_tracker.py:_activate_slot,2563_219_856_444_954
R,CLAMP,CLAMP,0
A,2563
S,1,2566,DETECTION,src/tracking/advanced_tracker.py:_activate_slot,2566_397_895_648_1036
S,2,2566,DETECTION,src/tracking/advanced_tracker.py:_activate_slot,2566_626_1044_814_1161
S,3,2566,DETECTION,src/tracking/advanced_tracker.py:_activate_slot,2566_302_1153_537_1246
S,4,2566,DETECTION,src/tracking/advanced_tracker.py:_activate_slot,2566_275_1218_525_1311
S,7,2566,DETECTION,src/tracking/advanced_tracker.py:_activate_slot,2566_221_867_451_966
S,0,2566,PREDICTION,src/tracking/advanced_tracker.py:kalman_homography,
S,5,2566,PREDICTION,src/tracking/advanced_tracker.py:kalman_homography,
S,6,2566,PREDICTION,src/tracking/advanced_tracker.py:kalman_homography,
D,0,2566
S,1,2566,PREDICTION,src/tracking/advanced_tracker.py:id_merge,
D,1,2566
S,2,2566,PREDICTION,src/tracking/advanced_tracker.py:id_merge,
D,3,2566
S,4,2566,PREDICTION,src/tracking/advanced_tracker.py:id_merge,
L,2,2566,PREDICTION,src/tracking/advanced_tracker.py:id_merge,
R,CLAMP,CLAMP,0
L,4,2566,PREDICTION,src/tracking/advanced_tracker.py:id_merge,
R,CLAMP,CLAMP,0
L,5,2566,PREDICTION,src/tracking/advanced_tracker.py:kalman_homography,
R,CLAMP,CLAMP,0
L,6,2566,PREDICTION,src/tracking/advanced_tracker.py:kalman_homography,
R,PREDICTION,PREDICTION,1
L,7,2566,DETECTION,src/tracking/advanced_tracker.py:_activate_slot,2566_221_867_451_966
R,CLAMP,CLAMP,0
A,2566
