S,0,2906,DETECTION,src/tracking/advanced_tracker.py:_activate_slot,2906_246_480_519_657
S,1,2906,DETECTION,src/tracking/advanced_tracker.py:_activate_slot,2906_319_699_637_825
S,2,2906,DETECTION,src/tracking/advanced_tracker.py:_activate_slot,2906_669_335_844_476
S,3,2906,DETECTION,src/tracking/advanced_tracker.py:_activate_slot,2906_425_440_704_597
S,4,2906,DETECTION,src/tracking/advanced_tracker.py:_activate_slot,2906_293_618_542_735
L,0,2906,DETECTION,src/tracking/advanced_tracker.py:_activate_slot,2906_246_480_519_657
R,DETECTION,DETECTION,1
L,1,2906,DETECTION,src/tracking/advanced_tracker.py:_activate_slot,2906_319_699_637_825
R,DETECTION,DETECTION,1
L,2,2906,DETECTION,src/tracking/advanced_tracker.py:_activate_slot,2906_669_335_844_476
R,DETECTION,DETECTION,1
L,3,2906,DETECTION,src/tracking/advanced_tracker.py:_activate_slot,2906_425_440_704_597
R,DETECTION,DETECTION,1
L,4,2906,DETECTION,src/tracking/advanced_tracker.py:_activate_slot,2906_293_618_542_735
R,DETECTION,DETECTION,1
A,2906
S,0,2909,DETECTION,src/tracking/advanced_tracker.py:_activate_slot,2909_243_469_522_648
S,2,2909,DETECTION,src/tracking/advanced_tracker.py:_activate_slot,2909_669_336_846_472
S,1,2909,PREDICTION,src/tracking/advanced_tracker.py:kalman_homography,
S,3,2909,PREDICTION,src/tracking/advanced_tracker.py:kalman_homography,
S,4,2909,PREDICTION,src/tracking/advanced_tracker.py:kalman_homography,
L,0,2909,DETECTION,src/tracking/advanced_tracker.py:_activate_slot,2909_243_469_522_648
R,DETECTION,DETECTION,1
L,1,2909,PREDICTION,src/tracking/advanced_tracker.py:kalman_homography,
R,PREDICTION,PREDICTION,1
L,2,2909,DETECTION,src/tracking/advanced_tracker.py:_activate_slot,2909_669_336_846_472
R,DETECTION,DETECTION,1
L,3,2909,PREDICTION,src/tracking/advanced_tracker.py:kalman_homography,
R,PREDICTION,PREDICTION,1
L,4,2909,PREDICTION,src/tracking/advanced_tracker.py:kalman_homography,
R,PREDICTION,PREDICTION,1
A,2909
S,2,2912,DETECTION,src/tracking/advanced_tracker.py:_activate_slot,2912_669_327_848_462
S,5,2912,DETECTION,src/tracking/advanced_tracker.py:_activate_slot,2912_246_464_513_642
S,0,2912,PREDICTION,src/tracking/advanced_tracker.py:kalman_homography,
S,1,2912,PREDICTION,src/tracking/advanced_tracker.py:kalman_homography,
S,3,2912,PREDICTION,src/tracking/advanced_tracker.py:kalman_homography,
S,4,2912,PREDICTION,src/tracking/advanced_tracker.py:kalman_homography,
L,0,2912,PREDICTION,src/tracking/advanced_tracker.py:kalman_homography,
R,PREDICTION,PREDICTION,1
L,1,2912,PREDICTION,src/tracking/advanced_tracker.py:kalman_homography,
R,PREDICTION,SUBPIXEL,0
L,2,2912,DETECTION,src/tracking/advanced_tracker.py:_activate_slot,2912_669_327_848_462
R,DETECTION,DETECTION,1
L,3,2912,PREDICTION,src/tracking/advanced_tracker.py:kalman_homography,
R,PREDICTION,SUBPIXEL,0
L,4,2912,PREDICTION,src/tracking/advanced_tracker.py:kalman_homography,
R,PREDICTION,SUBPIXEL,0
L,5,2912,DETECTION,src/tracking/advanced_tracker.py:_activate_slot,2912_246_464_513_642
R,DETECTION,DETECTION,1
A,2912
S,2,2915,DETECTION,src/tracking/advanced_tracker.py:_activate_slot,2915_669_323_856_456
S,0,2915,PREDICTION,src/tracking/advanced_tracker.py:kalman_homography,
S,1,2915,PREDICTION,src/tracking/advanced_tracker.py:kalman_homography,
S,3,2915,PREDICTION,src/tracking/advanced_tracker.py:kalman_homography,
S,4,2915,PREDICTION,src/tracking/advanced_tracker.py:kalman_homography,
S,5,2915,PREDICTION,src/tracking/advanced_tracker.py:kalman_homography,
L,0,2915,PREDICTION,src/tracking/advanced_tracker.py:kalman_homography,
R,PREDICTION,PREDICTION,1
L,1,2915,PREDICTION,src/tracking/advanced_tracker.py:kalman_homography,
R,PREDICTION,SUBPIXEL,0
L,2,2915,DETECTION,src/tracking/advanced_tracker.py:_activate_slot,2915_669_323_856_456
R,DETECTION,DETECTION,1
L,3,2915,PREDICTION,src/tracking/advanced_tracker.py:kalman_homography,
R,PREDICTION,SUBPIXEL,0
L,4,2915,PREDICTION,src/tracking/advanced_tracker.py:kalman_homography,
R,PREDICTION,SUBPIXEL,0
L,5,2915,PREDICTION,src/tracking/advanced_tracker.py:kalman_homography,
R,PREDICTION,PREDICTION,1
A,2915
S,2,2918,DETECTION,src/tracking/advanced_tracker.py:_activate_slot,2918_477_495_772_669
S,5,2918,DETECTION,src/tracking/advanced_tracker.py:_activate_slot,2918_229_447_511_633
S,0,2918,PREDICTION,src/tracking/advanced_tracker.py:kalman_homography,
S,1,2918,PREDICTION,src/tracking/advanced_tracker.py:kalman_homography,
S,3,2918,PREDICTION,src/tracking/advanced_tracker.py:kalman_homography,
S,4,2918,PREDICTION,src/tracking/advanced_tracker.py:kalman_homography,
L,0,2918,PREDICTION,src/tracking/advanced_tracker.py:kalman_homography,
R,PREDICTION,PREDICTION,1
L,1,2918,PREDICTION,src/tracking/advanced_tracker.py:kalman_homography,
R,PREDICTION,SUBPIXEL,0
L,2,2918,DETECTION,src/tracking/advanced_tracker.py:_activate_slot,2918_477_495_772_669
R,DETECTION,DETECTION,1
L,3,2918,PREDICTION,src/tracking/advanced_tracker.py:kalman_homography,
R,PREDICTION,SUBPIXEL,0
L,4,2918,PREDICTION,src/tracking/advanced_tracker.py:kalman_homography,
R,PREDICTION,SUBPIXEL,0
L,5,2918,DETECTION,src/tracking/advanced_tracker.py:_activate_slot,2918_229_447_511_633
R,DETECTION,DETECTION,1
A,2918
S,0,2921,DETECTION,src/tracking/advanced_tracker.py:_activate_slot,2921_218_453_511_616
S,1,2921,PREDICTION,src/tracking/advanced_tracker.py:kalman_homography,
S,2,2921,PREDICTION,src/tracking/advanced_tracker.py:kalman_homography,
S,3,2921,PREDICTION,src/tracking/advanced_tracker.py:kalman_homography,
S,4,2921,PREDICTION,src/tracking/advanced_tracker.py:kalman_homography,
S,5,2921,PREDICTION,src/tracking/advanced_tracker.py:kalman_homography,
L,0,2921,DETECTION,src/tracking/advanced_tracker.py:_activate_slot,2921_218_453_511_616
R,DETECTION,DETECTION,1
L,1,2921,PREDICTION,src/tracking/advanced_tracker.py:kalman_homography,
R,PREDICTION,SUBPIXEL,0
L,2,2921,PREDICTION,src/tracking/advanced_tracker.py:kalman_homography,
R,PREDICTION,PREDICTION,1
L,3,2921,PREDICTION,src/tracking/advanced_tracker.py:kalman_homography,
R,PREDICTION,SUBPIXEL,0
L,4,2921,PREDICTION,src/tracking/advanced_tracker.py:kalman_homography,
R,PREDICTION,SUBPIXEL,0
L,5,2921,PREDICTION,src/tracking/advanced_tracker.py:kalman_homography,
R,PREDICTION,PREDICTION,1
A,2921
S,0,2924,CLAMP,src/tracking/advanced_tracker.py:_activate_slot,2924_671_312_861_449
S,1,2924,DETECTION,src/tracking/advanced_tracker.py:_activate_slot,2924_330_708_646_915
S,6,2924,DETECTION,src/tracking/advanced_tracker.py:_activate_slot,2924_207_426_511_581
S,7,2924,DETECTION,src/tracking/advanced_tracker.py:_activate_slot,2924_332_710_645_843
S,2,2924,PREDICTION,src/tracking/advanced_tracker.py:kalman_homography,
S,3,2924,PREDICTION,src/tracking/advanced_tracker.py:kalman_homography,
S,4,2924,PREDICTION,src/tracking/advanced_tracker.py:kalman_homography,
S,5,2924,PREDICTION,src/tracking/advanced_tracker.py:kalman_homography,
D,5,2924
S,6,2924,PREDICTION,src/tracking/advanced_tracker.py:id_merge,
L,0,2924,CLAMP,src/tracking/advanced_tracker.py:_activate_slot,2924_671_312_861_449
R,CLAMP,CLAMP,0
L,1,2924,DETECTION,src/tracking/advanced_tracker.py:_activate_slot,2924_330_708_646_915
R,DETECTION,DETECTION,1
L,2,2924,PREDICTION,src/tracking/advanced_tracker.py:kalman_homography,
R,PREDICTION,PREDICTION,1
L,3,2924,PREDICTION,src/tracking/advanced_tracker.py:kalman_homography,
R,PREDICTION,SUBPIXEL,0
L,4,2924,PREDICTION,src/tracking/advanced_tracker.py:kalman_homography,
R,PREDICTION,SUBPIXEL,0
L,6,2924,PREDICTION,src/tracking/advanced_tracker.py:id_merge,
R,PREDICTION,PREDICTION,1
L,7,2924,DETECTION,src/tracking/advanced_tracker.py:_activate_slot,2924_332_710_645_843
R,DETECTION,DETECTION,1
A,2924
S,0,2927,CLAMP,src/tracking/advanced_tracker.py:_activate_slot,2927_672_310_852_444
S,1,2927,PREDICTION,src/tracking/advanced_tracker.py:kalman_homography,
S,2,2927,PREDICTION,src/tracking/advanced_tracker.py:kalman_homography,
S,3,2927,PREDICTION,src/tracking/advanced_tracker.py:kalman_homography,
S,4,2927,PREDICTION,src/tracking/advanced_tracker.py:kalman_homography,
S,5,2927,PREDICTION,src/tracking/advanced_tracker.py:kalman_homography,
S,6,2927,PREDICTION,src/tracking/advanced_tracker.py:kalman_homography,
S,7,2927,PREDICTION,src/tracking/advanced_tracker.py:kalman_homography,
D,5,2927
S,6,2927,PREDICTION,src/tracking/advanced_tracker.py:id_merge,
L,0,2927,CLAMP,src/tracking/advanced_tracker.py:_activate_slot,2927_672_310_852_444
R,CLAMP,CLAMP,0
L,1,2927,PREDICTION,src/tracking/advanced_tracker.py:kalman_homography,
R,PREDICTION,PREDICTION,1
L,2,2927,PREDICTION,src/tracking/advanced_tracker.py:kalman_homography,
R,CLAMP,CLAMP,0
L,3,2927,PREDICTION,src/tracking/advanced_tracker.py:kalman_homography,
R,PREDICTION,SUBPIXEL,0
L,4,2927,PREDICTION,src/tracking/advanced_tracker.py:kalman_homography,
R,PREDICTION,SUBPIXEL,0
L,6,2927,PREDICTION,src/tracking/advanced_tracker.py:id_merge,
R,PREDICTION,PREDICTION,1
L,7,2927,PREDICTION,src/tracking/advanced_tracker.py:kalman_homography,
R,PREDICTION,PREDICTION,1
A,2927
S,8,2930,DETECTION,src/tracking/advanced_tracker.py:_activate_slot,2930_265_384_528_562
S,1,2930,PREDICTION,src/tracking/advanced_tracker.py:kalman_homography,
S,2,2930,PREDICTION,src/tracking/advanced_tracker.py:kalman_homography,
S,5,2930,PREDICTION,src/tracking/advanced_tracker.py:kalman_homography,
S,6,2930,PREDICTION,src/tracking/advanced_tracker.py:kalman_homography,
S,7,2930,PREDICTION,src/tracking/advanced_tracker.py:kalman_homography,
S,0,2930,PREDICTION,src/tracking/advanced_tracker.py:flow_gapfill_batched,
S,3,2930,PREDICTION,src/tracking/advanced_tracker.py:flow_gapfill_batched,
S,4,2930,PREDICTION,src/tracking/advanced_tracker.py:flow_gapfill_batched,
D,5,2930
S,6,2930,PREDICTION,src/tracking/advanced_tracker.py:id_merge,
D,6,2930
S,8,2930,PREDICTION,src/tracking/advanced_tracker.py:id_merge,
L,0,2930,PREDICTION,src/tracking/advanced_tracker.py:flow_gapfill_batched,
R,CLAMP,CLAMP,0
L,1,2930,PREDICTION,src/tracking/advanced_tracker.py:kalman_homography,
R,PREDICTION,PREDICTION,1
L,2,2930,PREDICTION,src/tracking/advanced_tracker.py:kalman_homography,
R,CLAMP,CLAMP,0
L,3,2930,PREDICTION,src/tracking/advanced_tracker.py:flow_gapfill_batched,
R,PREDICTION,PREDICTION,1
L,4,2930,PREDICTION,src/tracking/advanced_tracker.py:flow_gapfill_batched,
R,PREDICTION,PREDICTION,1
L,7,2930,PREDICTION,src/tracking/advanced_tracker.py:kalman_homography,
R,PREDICTION,SUBPIXEL,0
L,8,2930,PREDICTION,src/tracking/advanced_tracker.py:id_merge,
R,PREDICTION,PREDICTION,1
A,2930
S,1,2933,PREDICTION,src/tracking/advanced_tracker.py:kalman_homography,
S,2,2933,PREDICTION,src/tracking/advanced_tracker.py:kalman_homography,
S,5,2933,PREDICTION,src/tracking/advanced_tracker.py:kalman_homography,
S,6,2933,PREDICTION,src/tracking/advanced_tracker.py:kalman_homography,
S,7,2933,PREDICTION,src/tracking/advanced_tracker.py:kalman_homography,
S,8,2933,PREDICTION,src/tracking/advanced_tracker.py:kalman_homography,
S,0,2933,PREDICTION,src/tracking/advanced_tracker.py:flow_gapfill_batched,
D,5,2933
S,6,2933,PREDICTION,src/tracking/advanced_tracker.py:id_merge,
D,6,2933
S,8,2933,PREDICTION,src/tracking/advanced_tracker.py:id_merge,
L,0,2933,PREDICTION,src/tracking/advanced_tracker.py:flow_gapfill_batched,
R,CLAMP,CLAMP,0
L,1,2933,PREDICTION,src/tracking/advanced_tracker.py:kalman_homography,
R,PREDICTION,PREDICTION,1
L,2,2933,PREDICTION,src/tracking/advanced_tracker.py:kalman_homography,
R,CLAMP,CLAMP,0
L,7,2933,PREDICTION,src/tracking/advanced_tracker.py:kalman_homography,
R,PREDICTION,SUBPIXEL,0
L,8,2933,PREDICTION,src/tracking/advanced_tracker.py:id_merge,
R,PREDICTION,PREDICTION,1
A,2933
S,1,2936,PREDICTION,src/tracking/advanced_tracker.py:kalman_homography,
S,5,2936,PREDICTION,src/tracking/advanced_tracker.py:kalman_homography,
S,6,2936,PREDICTION,src/tracking/advanced_tracker.py:kalman_homography,
S,7,2936,PREDICTION,src/tracking/advanced_tracker.py:kalman_homography,
S,8,2936,PREDICTION,src/tracking/advanced_tracker.py:kalman_homography,
S,0,2936,PREDICTION,src/tracking/advanced_tracker.py:flow_gapfill_batched,
S,2,2936,PREDICTION,src/tracking/advanced_tracker.py:flow_gapfill_batched,
D,5,2936
S,6,2936,PREDICTION,src/tracking/advanced_tracker.py:id_merge,
D,6,2936
S,8,2936,PREDICTION,src/tracking/advanced_tracker.py:id_merge,
L,0,2936,PREDICTION,src/tracking/advanced_tracker.py:flow_gapfill_batched,
R,CLAMP,CLAMP,0
L,1,2936,PREDICTION,src/tracking/advanced_tracker.py:kalman_homography,
R,PREDICTION,PREDICTION,1
L,2,2936,PREDICTION,src/tracking/advanced_tracker.py:flow_gapfill_batched,
R,CLAMP,CLAMP,0
L,7,2936,PREDICTION,src/tracking/advanced_tracker.py:kalman_homography,
R,PREDICTION,SUBPIXEL,0
L,8,2936,PREDICTION,src/tracking/advanced_tracker.py:id_merge,
R,PREDICTION,SUBPIXEL,0
A,2936
S,9,2939,DETECTION,src/tracking/advanced_tracker.py:_activate_slot,2939_388_824_715_1010
S,1,2939,PREDICTION,src/tracking/advanced_tracker.py:kalman_homography,
S,5,2939,PREDICTION,src/tracking/advanced_tracker.py:kalman_homography,
S,6,2939,PREDICTION,src/tracking/advanced_tracker.py:kalman_homography,
S,7,2939,PREDICTION,src/tracking/advanced_tracker.py:kalman_homography,
S,8,2939,PREDICTION,src/tracking/advanced_tracker.py:kalman_homography,
S,0,2939,PREDICTION,src/tracking/advanced_tracker.py:flow_gapfill_batched,
S,2,2939,PREDICTION,src/tracking/advanced_tracker.py:flow_gapfill_batched,
D,6,2939
S,8,2939,PREDICTION,src/tracking/advanced_tracker.py:id_merge,
L,0,2939,PREDICTION,src/tracking/advanced_tracker.py:flow_gapfill_batched,
R,CLAMP,CLAMP,0
L,1,2939,PREDICTION,src/tracking/advanced_tracker.py:kalman_homography,
R,PREDICTION,PREDICTION,1
L,2,2939,PREDICTION,src/tracking/advanced_tracker.py:flow_gapfill_batched,
R,CLAMP,CLAMP,0
L,5,2939,PREDICTION,src/tracking/advanced_tracker.py:kalman_homography,
R,PREDICTION,PREDICTION,1
L,7,2939,PREDICTION,src/tracking/advanced_tracker.py:kalman_homography,
R,PREDICTION,SUBPIXEL,0
L,8,2939,PREDICTION,src/tracking/advanced_tracker.py:id_merge,
R,PREDICTION,SUBPIXEL,0
L,9,2939,DETECTION,src/tracking/advanced_tracker.py:_activate_slot,2939_388_824_715_1010
R,DETECTION,DETECTION,1
A,2939
S,1,2942,PREDICTION,src/tracking/advanced_tracker.py:kalman_homography,
S,6,2942,PREDICTION,src/tracking/advanced_tracker.py:kalman_homography,
S,7,2942,PREDICTION,src/tracking/advanced_tracker.py:kalman_homography,
S,8,2942,PREDICTION,src/tracking/advanced_tracker.py:kalman_homography,
S,0,2942,PREDICTION,src/tracking/advanced_tracker.py:flow_gapfill_batched,
S,2,2942,PREDICTION,src/tracking/advanced_tracker.py:flow_gapfill_batched,
S,5,2942,PREDICTION,src/tracking/advanced_tracker.py:flow_gapfill_batched,
S,9,2942,PREDICTION,src/tracking/advanced_tracker.py:flow_gapfill_batched,
D,5,2942
S,6,2942,PREDICTION,src/tracking/advanced_tracker.py:id_merge,
D,6,2942
S,8,2942,PREDICTION,src/tracking/advanced_tracker.py:id_merge,
L,0,2942,PREDICTION,src/tracking/advanced_tracker.py:flow_gapfill_batched,
R,CLAMP,CLAMP,0
L,1,2942,PREDICTION,src/tracking/advanced_tracker.py:kalman_homography,
R,PREDICTION,PREDICTION,1
L,2,2942,PREDICTION,src/tracking/advanced_tracker.py:flow_gapfill_batched,
R,CLAMP,CLAMP,0
L,7,2942,PREDICTION,src/tracking/advanced_tracker.py:kalman_homography,
R,PREDICTION,SUBPIXEL,0
L,8,2942,PREDICTION,src/tracking/advanced_tracker.py:id_merge,
R,PREDICTION,SUBPIXEL,0
L,9,2942,PREDICTION,src/tracking/advanced_tracker.py:flow_gapfill_batched,
R,PREDICTION,PREDICTION,1
A,2942
S,1,2945,PREDICTION,src/tracking/advanced_tracker.py:kalman_homography,
S,6,2945,PREDICTION,src/tracking/advanced_tracker.py:kalman_homography,
S,7,2945,PREDICTION,src/tracking/advanced_tracker.py:kalman_homography,
S,8,2945,PREDICTION,src/tracking/advanced_tracker.py:kalman_homography,
S,0,2945,PREDICTION,src/tracking/advanced_tracker.py:flow_gapfill_batched,
S,9,2945,PREDICTION,src/tracking/advanced_tracker.py:flow_gapfill_batched,
D,6,2945
S,8,2945,PREDICTION,src/tracking/advanced_tracker.py:id_merge,
L,0,2945,PREDICTION,src/tracking/advanced_tracker.py:flow_gapfill_batched,
R,CLAMP,CLAMP,0
L,1,2945,PREDICTION,src/tracking/advanced_tracker.py:kalman_homography,
R,PREDICTION,PREDICTION,1
L,7,2945,PREDICTION,src/tracking/advanced_tracker.py:kalman_homography,
R,PREDICTION,SUBPIXEL,0
L,8,2945,PREDICTION,src/tracking/advanced_tracker.py:id_merge,
R,PREDICTION,SUBPIXEL,0
L,9,2945,PREDICTION,src/tracking/advanced_tracker.py:flow_gapfill_batched,
R,PREDICTION,PREDICTION,1
A,2945
S,8,2948,PREDICTION,src/tracking/advanced_tracker.py:kalman_homography,
S,0,2948,PREDICTION,src/tracking/advanced_tracker.py:flow_gapfill_batched,
S,1,2948,PREDICTION,src/tracking/advanced_tracker.py:flow_gapfill_batched,
S,6,2948,PREDICTION,src/tracking/advanced_tracker.py:flow_gapfill_batched,
S,7,2948,PREDICTION,src/tracking/advanced_tracker.py:flow_gapfill_batched,
L,0,2948,PREDICTION,src/tracking/advanced_tracker.py:flow_gapfill_batched,
R,CLAMP,CLAMP,0
L,1,2948,PREDICTION,src/tracking/advanced_tracker.py:flow_gapfill_batched,
R,CLAMP,CLAMP,0
L,6,2948,PREDICTION,src/tracking/advanced_tracker.py:flow_gapfill_batched,
R,PREDICTION,PREDICTION,1
L,7,2948,PREDICTION,src/tracking/advanced_tracker.py:flow_gapfill_batched,
R,PREDICTION,PREDICTION,1
L,8,2948,PREDICTION,src/tracking/advanced_tracker.py:kalman_homography,
R,PREDICTION,SUBPIXEL,0
A,2948
S,3,2951,DETECTION,src/tracking/advanced_tracker.py:_activate_slot,2951_228_190_516_337
S,4,2951,DETECTION,src/tracking/advanced_tracker.py:_activate_slot,2951_261_535_534_690
S,8,2951,PREDICTION,src/tracking/advanced_tracker.py:kalman_homography,
S,0,2951,PREDICTION,src/tracking/advanced_tracker.py:flow_gapfill_batched,
L,0,2951,PREDICTION,src/tracking/advanced_tracker.py:flow_gapfill_batched,
R,CLAMP,CLAMP,0
L,3,2951,DETECTION,src/tracking/advanced_tracker.py:_activate_slot,2951_228_190_516_337
R,CLAMP,CLAMP,0
L,4,2951,DETECTION,src/tracking/advanced_tracker.py:_activate_slot,2951_261_535_534_690
R,DETECTION,DETECTION,1
L,8,2951,PREDICTION,src/tracking/advanced_tracker.py:kalman_homography,
R,PREDICTION,SUBPIXEL,0
A,2951
S,3,2954,PREDICTION,src/tracking/advanced_tracker.py:kalman_homography,
S,4,2954,PREDICTION,src/tracking/advanced_tracker.py:kalman_homography,
S,8,2954,PREDICTION,src/tracking/advanced_tracker.py:flow_gapfill_batched,
S,9,2954,PREDICTION,src/tracking/advanced_tracker.py:flow_gapfill_batched,
L,3,2954,PREDICTION,src/tracking/advanced_tracker.py:kalman_homography,
R,CLAMP,CLAMP,0
L,4,2954,PREDICTION,src/tracking/advanced_tracker.py:kalman_homography,
R,PREDICTION,PREDICTION,1
L,8,2954,PREDICTION,src/tracking/advanced_tracker.py:flow_gapfill_batched,
R,PREDICTION,PREDICTION,1
L,9,2954,PREDICTION,src/tracking/advanced_tracker.py:flow_gapfill_batched,
R,PREDICTION,PREDICTION,1
A,2954
S,3,2957,PREDICTION,src/tracking/advanced_tracker.py:kalman_homography,
S,4,2957,PREDICTION,src/tracking/advanced_tracker.py:kalman_homography,
S,9,2957,PREDICTION,src/tracking/advanced_tracker.py:flow_gapfill_batched,
L,3,2957,PREDICTION,src/tracking/advanced_tracker.py:kalman_homography,
R,CLAMP,CLAMP,0
L,4,2957,PREDICTION,src/tracking/advanced_tracker.py:kalman_homography,
R,PREDICTION,SUBPIXEL,0
L,9,2957,PREDICTION,src/tracking/advanced_tracker.py:flow_gapfill_batched,
R,PREDICTION,PREDICTION,1
A,2957
S,3,2960,PREDICTION,src/tracking/advanced_tracker.py:kalman_homography,
S,4,2960,PREDICTION,src/tracking/advanced_tracker.py:kalman_homography,
S,9,2960,PREDICTION,src/tracking/advanced_tracker.py:flow_gapfill_batched,
L,3,2960,PREDICTION,src/tracking/advanced_tracker.py:kalman_homography,
R,CLAMP,CLAMP,0
L,4,2960,PREDICTION,src/tracking/advanced_tracker.py:kalman_homography,
R,PREDICTION,SUBPIXEL,0
L,9,2960,PREDICTION,src/tracking/advanced_tracker.py:flow_gapfill_batched,
R,PREDICTION,PREDICTION,1
A,2960
S,1,2963,CLAMP,src/tracking/advanced_tracker.py:_activate_slot,2963_426_919_656_1048
S,2,2963,DETECTION,src/tracking/advanced_tracker.py:_activate_slot,2963_264_487_545_663
S,5,2963,DETECTION,src/tracking/advanced_tracker.py:_activate_slot,2963_112_142_520_258
S,3,2963,PREDICTION,src/tracking/advanced_tracker.py:kalman_homography,
S,4,2963,PREDICTION,src/tracking/advanced_tracker.py:kalman_homography,
D,4,2963
S,2,2963,PREDICTION,src/tracking/advanced_tracker.py:id_merge,
L,1,2963,CLAMP,src/tracking/advanced_tracker.py:_activate_slot,2963_426_919_656_1048
R,CLAMP,CLAMP,0
L,2,2963,PREDICTION,src/tracking/advanced_tracker.py:id_merge,
R,CLAMP,CLAMP,0
L,3,2963,PREDICTION,src/tracking/advanced_tracker.py:kalman_homography,
R,CLAMP,CLAMP,0
L,5,2963,DETECTION,src/tracking/advanced_tracker.py:_activate_slot,2963_112_142_520_258
R,DETECTION,DETECTION,1
A,2963
S,2,2966,PREDICTION,src/tracking/advanced_tracker.py:kalman_homography,
S,3,2966,PREDICTION,src/tracking/advanced_tracker.py:kalman_homography,
S,4,2966,PREDICTION,src/tracking/advanced_tracker.py:kalman_homography,
S,5,2966,PREDICTION,src/tracking/advanced_tracker.py:kalman_homography,
S,1,2966,PREDICTION,src/tracking/advanced_tracker.py:flow_gapfill_batched,
D,4,2966
S,2,2966,PREDICTION,src/tracking/advanced_tracker.py:id_merge,
L,1,2966,PREDICTION,src/tracking/advanced_tracker.py:flow_gapfill_batched,
R,CLAMP,CLAMP,0
L,2,2966,PREDICTION,src/tracking/advanced_tracker.py:id_merge,
R,CLAMP,CLAMP,0
L,3,2966,PREDICTION,src/tracking/advanced_tracker.py:kalman_homography,
R,CLAMP,CLAMP,0
L,5,2966,PREDICTION,src/tracking/advanced_tracker.py:kalman_homography,
R,PREDICTION,PREDICTION,1
A,2966
S,2,2969,DETECTION,src/tracking/advanced_tracker.py:_activate_slot,2969_263_498_543_657
S,6,2969,DETECTION,src/tracking/advanced_tracker.py:_activate_slot,2969_223_116_515_240
S,3,2969,PREDICTION,src/tracking/advanced_tracker.py:kalman_homography,
S,4,2969,PREDICTION,src/tracking/advanced_tracker.py:kalman_homography,
S,5,2969,PREDICTION,src/tracking/advanced_tracker.py:kalman_homography,
S,1,2969,PREDICTION,src/tracking/advanced_tracker.py:flow_gapfill_batched,
D,4,2969
S,2,2969,PREDICTION,src/tracking/advanced_tracker.py:id_merge,
D,5,2969
S,6,2969,PREDICTION,src/tracking/advanced_tracker.py:id_merge,
L,1,2969,PREDICTION,src/tracking/advanced_tracker.py:flow_gapfill_batched,
R,CLAMP,CLAMP,0
L,2,2969,PREDICTION,src/tracking/advanced_tracker.py:id_merge,
R,CLAMP,CLAMP,0
L,3,2969,PREDICTION,src/tracking/advanced_tracker.py:kalman_homography,
R,CLAMP,CLAMP,0
L,6,2969,PREDICTION,src/tracking/advanced_tracker.py:id_merge,
R,PREDICTION,PREDICTION,1
A,2969
S,2,2972,DETECTION,src/tracking/advanced_tracker.py:_activate_slot,2972_263_492_546_657
S,3,2972,DETECTION,src/tracking/advanced_tracker.py:_activate_slot,2972_220_109_516_241
S,7,2972,DETECTION,src/tracking/advanced_tracker.py:_activate_slot,2972_102_109_517_242
S,4,2972,PREDICTION,src/tracking/advanced_tracker.py:kalman_homography,
S,5,2972,PREDICTION,src/tracking/advanced_tracker.py:kalman_homography,
S,6,2972,PREDICTION,src/tracking/advanced_tracker.py:kalman_homography,
D,4,2972
S,2,2972,PREDICTION,src/tracking/advanced_tracker.py:id_merge,
D,5,2972
S,6,2972,PREDICTION,src/tracking/advanced_tracker.py:id_merge,
D,6,2972
S,7,2972,PREDICTION,src/tracking/advanced_tracker.py:id_merge,
L,2,2972,PREDICTION,src/tracking/advanced_tracker.py:id_merge,
R,CLAMP,CLAMP,0
L,3,2972,DETECTION,src/tracking/advanced_tracker.py:_activate_slot,2972_220_109_516_241
R,CLAMP,CLAMP,0
L,7,2972,PREDICTION,src/tracking/advanced_tracker.py:id_merge,
R,CLAMP,CLAMP,0
A,2972
S,2,2975,DETECTION,src/tracking/advanced_tracker.py:_activate_slot,2975_267_490_543_663
S,3,2975,DETECTION,src/tracking/advanced_tracker.py:_activate_slot,2975_222_109_516_223
S,5,2975,PREDICTION,src/tracking/advanced_tracker.py:kalman_homography,
S,6,2975,PREDICTION,src/tracking/advanced_tracker.py:kalman_homography,
S,7,2975,PREDICTION,src/tracking/advanced_tracker.py:kalman_homography,
S,1,2975,PREDICTION,src/tracking/advanced_tracker.py:flow_gapfill_batched,
S,4,2975,PREDICTION,src/tracking/advanced_tracker.py:flow_gapfill_batched,
D,4,2975
S,2,2975,PREDICTION,src/tracking/advanced_tracker.py:id_merge,
D,5,2975
S,6,2975,PREDICTION,src/tracking/advanced_tracker.py:id_merge,
D,6,2975
S,7,2975,PREDICTION,src/tracking/advanced_tracker.py:id_merge,
L,1,2975,PREDICTION,src/tracking/advanced_tracker.py:flow_gapfill_batched,
R,CLAMP,CLAMP,0
L,2,2975,PREDICTION,src/tracking/advanced_tracker.py:id_merge,
R,CLAMP,CLAMP,0
L,3,2975,DETECTION,src/tracking/advanced_tracker.py:_activate_slot,2975_222_109_516_223
R,CLAMP,CLAMP,0
L,7,2975,PREDICTION,src/tracking/advanced_tracker.py:id_merge,
R,CLAMP,CLAMP,0
A,2975
S,2,2978,DETECTION,src/tracking/advanced_tracker.py:_activate_slot,2978_264_487_543_704
S,3,2978,DETECTION,src/tracking/advanced_tracker.py:_activate_slot,2978_202_99_515_211
S,5,2978,PREDICTION,src/tracking/advanced_tracker.py:kalman_homography,
S,6,2978,PREDICTION,src/tracking/advanced_tracker.py:kalman_homography,
S,7,2978,PREDICTION,src/tracking/advanced_tracker.py:kalman_homography,
S,1,2978,PREDICTION,src/tracking/advanced_tracker.py:flow_gapfill_batched,
D,5,2978
S,6,2978,PREDICTION,src/tracking/advanced_tracker.py:id_merge,
D,6,2978
S,7,2978,PREDICTION,src/tracking/advanced_tracker.py:id_merge,
L,1,2978,PREDICTION,src/tracking/advanced_tracker.py:flow_gapfill_batched,
R,CLAMP,CLAMP,0
L,2,2978,DETECTION,src/tracking/advanced_tracker.py:_activate_slot,2978_264_487_543_704
R,CLAMP,CLAMP,0
L,3,2978,DETECTION,src/tracking/advanced_tracker.py:_activate_slot,2978_202_99_515_211
R,CLAMP,CLAMP,0
L,7,2978,PREDICTION,src/tracking/advanced_tracker.py:id_merge,
R,CLAMP,CLAMP,0
A,2978
S,0,2981,DETECTION,src/tracking/advanced_tracker.py:_activate_slot,2981_262_520_529_646
S,2,2981,PREDICTION,src/tracking/advanced_tracker.py:kalman_homography,
S,3,2981,PREDICTION,src/tracking/advanced_tracker.py:kalman_homography,
S,5,2981,PREDICTION,src/tracking/advanced_tracker.py:kalman_homography,
S,6,2981,PREDICTION,src/tracking/advanced_tracker.py:kalman_homography,
S,7,2981,PREDICTION,src/tracking/advanced_tracker.py:kalman_homography,
S,1,2981,PREDICTION,src/tracking/advanced_tracker.py:flow_gapfill_batched,
D,5,2981
S,6,2981,PREDICTION,src/tracking/advanced_tracker.py:id_merge,
D,6,2981
S,7,2981,PREDICTION,src/tracking/advanced_tracker.py:id_merge,
L,0,2981,DETECTION,src/tracking/advanced_tracker.py:_activate_slot,2981_262_520_529_646
R,DETECTION,DETECTION,1
L,1,2981,PREDICTION,src/tracking/advanced_tracker.py:flow_gapfill_batched,
R,CLAMP,CLAMP,0
L,2,2981,PREDICTION,src/tracking/advanced_tracker.py:kalman_homography,
R,CLAMP,CLAMP,0
L,3,2981,PREDICTION,src/tracking/advanced_tracker.py:kalman_homography,
R,CLAMP,CLAMP,0
L,7,2981,PREDICTION,src/tracking/advanced_tracker.py:id_merge,
R,CLAMP,CLAMP,0
A,2981
S,8,2984,DETECTION,src/tracking/advanced_tracker.py:_activate_slot,2984_258_547_518_657
S,0,2984,PREDICTION,src/tracking/advanced_tracker.py:kalman_homography,
S,2,2984,PREDICTION,src/tracking/advanced_tracker.py:kalman_homography,
S,3,2984,PREDICTION,src/tracking/advanced_tracker.py:kalman_homography,
S,5,2984,PREDICTION,src/tracking/advanced_tracker.py:kalman_homography,
S,6,2984,PREDICTION,src/tracking/advanced_tracker.py:kalman_homography,
S,7,2984,PREDICTION,src/tracking/advanced_tracker.py:kalman_homography,
S,1,2984,PREDICTION,src/tracking/advanced_tracker.py:flow_gapfill_batched,
D,2,2984
S,0,2984,PREDICTION,src/tracking/advanced_tracker.py:id_merge,
D,5,2984
S,6,2984,PREDICTION,src/tracking/advanced_tracker.py:id_merge,
D,6,2984
S,7,2984,PREDICTION,src/tracking/advanced_tracker.py:id_merge,
L,0,2984,PREDICTION,src/tracking/advanced_tracker.py:id_merge,
R,PREDICTION,PREDICTION,1
L,1,2984,PREDICTION,src/tracking/advanced_tracker.py:flow_gapfill_batched,
R,CLAMP,CLAMP,0
L,3,2984,PREDICTION,src/tracking/advanced_tracker.py:kalman_homography,
R,CLAMP,CLAMP,0
L,7,2984,PREDICTION,src/tracking/advanced_tracker.py:id_merge,
R,CLAMP,CLAMP,0
L,8,2984,DETECTION,src/tracking/advanced_tracker.py:_activate_slot,2984_258_547_518_657
R,DETECTION,DETECTION,1
A,2984
S,9,2987,DETECTION,src/tracking/advanced_tracker.py:_activate_slot,2987_233_56_531_172
S,0,2987,PREDICTION,src/tracking/advanced_tracker.py:kalman_homography,
S,2,2987,PREDICTION,src/tracking/advanced_tracker.py:kalman_homography,
S,3,2987,PREDICTION,src/tracking/advanced_tracker.py:kalman_homography,
S,6,2987,PREDICTION,src/tracking/advanced_tracker.py:kalman_homography,
S,7,2987,PREDICTION,src/tracking/advanced_tracker.py:kalman_homography,
S,8,2987,PREDICTION,src/tracking/advanced_tracker.py:kalman_homography,
S,1,2987,PREDICTION,src/tracking/advanced_tracker.py:flow_gapfill_batched,
S,5,2987,PREDICTION,src/tracking/advanced_tracker.py:flow_gapfill_batched,
D,2,2987
S,0,2987,PREDICTION,src/tracking/advanced_tracker.py:id_merge,
D,5,2987
S,6,2987,PREDICTION,src/tracking/advanced_tracker.py:id_merge,
D,6,2987
S,7,2987,PREDICTION,src/tracking/advanced_tracker.py:id_merge,
D,7,2987
S,9,2987,PREDICTION,src/tracking/advanced_tracker.py:id_merge,
L,0,2987,PREDICTION,src/tracking/advanced_tracker.py:id_merge,
R,PREDICTION,SUBPIXEL,0
L,1,2987,PREDICTION,src/tracking/advanced_tracker.py:flow_gapfill_batched,
R,CLAMP,CLAMP,0
L,3,2987,PREDICTION,src/tracking/advanced_tracker.py:kalman_homography,
R,CLAMP,CLAMP,0
L,8,2987,PREDICTION,src/tracking/advanced_tracker.py:kalman_homography,
R,PREDICTION,PREDICTION,1
L,9,2987,PREDICTION,src/tracking/advanced_tracker.py:id_merge,
R,CLAMP,CLAMP,0
A,2987
S,0,2990,PREDICTION,src/tracking/advanced_tracker.py:kalman_homography,
S,2,2990,PREDICTION,src/tracking/advanced_tracker.py:kalman_homography,
S,3,2990,PREDICTION,src/tracking/advanced_tracker.py:kalman_homography,
S,6,2990,PREDICTION,src/tracking/advanced_tracker.py:kalman_homography,
S,7,2990,PREDICTION,src/tracking/advanced_tracker.py:kalman_homography,
S,8,2990,PREDICTION,src/tracking/advanced_tracker.py:kalman_homography,
S,9,2990,PREDICTION,src/tracking/advanced_tracker.py:kalman_homography,
D,2,2990
S,0,2990,PREDICTION,src/tracking/advanced_tracker.py:id_merge,
D,6,2990
S,7,2990,PREDICTION,src/tracking/advanced_tracker.py:id_merge,
D,7,2990
S,9,2990,PREDICTION,src/tracking/advanced_tracker.py:id_merge,
L,0,2990,PREDICTION,src/tracking/advanced_tracker.py:id_merge,
R,PREDICTION,SUBPIXEL,0
L,3,2990,PREDICTION,src/tracking/advanced_tracker.py:kalman_homography,
R,CLAMP,CLAMP,0
L,8,2990,PREDICTION,src/tracking/advanced_tracker.py:kalman_homography,
R,PREDICTION,SUBPIXEL,0
L,9,2990,PREDICTION,src/tracking/advanced_tracker.py:id_merge,
R,CLAMP,CLAMP,0
A,2990
S,0,2993,PREDICTION,src/tracking/advanced_tracker.py:kalman_homography,
S,2,2993,PREDICTION,src/tracking/advanced_tracker.py:kalman_homography,
S,3,2993,PREDICTION,src/tracking/advanced_tracker.py:kalman_homography,
S,7,2993,PREDICTION,src/tracking/advanced_tracker.py:kalman_homography,
S,8,2993,PREDICTION,src/tracking/advanced_tracker.py:kalman_homography,
S,9,2993,PREDICTION,src/tracking/advanced_tracker.py:kalman_homography,
S,6,2993,PREDICTION,src/tracking/advanced_tracker.py:flow_gapfill_batched,
D,2,2993
S,0,2993,PREDICTION,src/tracking/advanced_tracker.py:id_merge,
D,6,2993
S,7,2993,PREDICTION,src/tracking/advanced_tracker.py:id_merge,
D,7,2993
S,9,2993,PREDICTION,src/tracking/advanced_tracker.py:id_merge,
L,0,2993,PREDICTION,src/tracking/advanced_tracker.py:id_merge,
R,PREDICTION,SUBPIXEL,0
L,3,2993,PREDICTION,src/tracking/advanced_tracker.py:kalman_homography,
R,CLAMP,CLAMP,0
L,8,2993,PREDICTION,src/tracking/advanced_tracker.py:kalman_homography,
R,PREDICTION,SUBPIXEL,0
L,9,2993,PREDICTION,src/tracking/advanced_tracker.py:id_merge,
R,CLAMP,CLAMP,0
A,2993
S,10,2996,DETECTION,src/tracking/advanced_tracker.py:_activate_slot,2996_98_224_285_312
S,4,2996,DETECTION,src/tracking/advanced_tracker.py:_activate_slot,2996_506_602_839_801
S,0,2996,PREDICTION,src/tracking/advanced_tracker.py:kalman_homography,
S,2,2996,PREDICTION,src/tracking/advanced_tracker.py:kalman_homography,
S,8,2996,PREDICTION,src/tracking/advanced_tracker.py:kalman_homography,
S,3,2996,PREDICTION,src/tracking/advanced_tracker.py:flow_gapfill_batched,
S,7,2996,PREDICTION,src/tracking/advanced_tracker.py:flow_gapfill_batched,
D,2,2996
S,0,2996,PREDICTION,src/tracking/advanced_tracker.py:id_merge,
L,0,2996,PREDICTION,src/tracking/advanced_tracker.py:id_merge,
R,CLAMP,CLAMP,0
L,3,2996,PREDICTION,src/tracking/advanced_tracker.py:flow_gapfill_batched,
R,CLAMP,CLAMP,0
L,4,2996,DETECTION,src/tracking/advanced_tracker.py:_activate_slot,2996_506_602_839_801
R,CLAMP,CLAMP,0
L,7,2996,PREDICTION,src/tracking/advanced_tracker.py:flow_gapfill_batched,
R,CLAMP,CLAMP,0
L,8,2996,PREDICTION,src/tracking/advanced_tracker.py:kalman_homography,
R,CLAMP,CLAMP,0
A,2996
S,0,2999,PREDICTION,src/tracking/advanced_tracker.py:kalman_homography,
S,2,2999,PREDICTION,src/tracking/advanced_tracker.py:kalman_homography,
S,4,2999,PREDICTION,src/tracking/advanced_tracker.py:kalman_homography,
S,8,2999,PREDICTION,src/tracking/advanced_tracker.py:kalman_homography,
S,10,2999,PREDICTION,src/tracking/advanced_tracker.py:kalman_homography,
D,2,2999
S,0,2999,PREDICTION,src/tracking/advanced_tracker.py:id_merge,
L,0,2999,PREDICTION,src/tracking/advanced_tracker.py:id_merge,
R,CLAMP,CLAMP,0
L,4,2999,PREDICTION,src/tracking/advanced_tracker.py:kalman_homography,
R,CLAMP,CLAMP,0
L,8,2999,PREDICTION,src/tracking/advanced_tracker.py:kalman_homography,
R,CLAMP,CLAMP,0
A,2999
S,0,3002,PREDICTION,src/tracking/advanced_tracker.py:kalman_homography,
S,4,3002,PREDICTION,src/tracking/advanced_tracker.py:kalman_homography,
S,8,3002,PREDICTION,src/tracking/advanced_tracker.py:kalman_homography,
S,10,3002,PREDICTION,src/tracking/advanced_tracker.py:kalman_homography,
S,2,3002,PREDICTION,src/tracking/advanced_tracker.py:flow_gapfill_batched,
S,3,3002,PREDICTION,src/tracking/advanced_tracker.py:flow_gapfill_batched,
D,2,3002
S,0,3002,PREDICTION,src/tracking/advanced_tracker.py:id_merge,
L,0,3002,PREDICTION,src/tracking/advanced_tracker.py:id_merge,
R,CLAMP,CLAMP,0
L,3,3002,PREDICTION,src/tracking/advanced_tracker.py:flow_gapfill_batched,
R,CLAMP,CLAMP,0
L,4,3002,PREDICTION,src/tracking/advanced_tracker.py:kalman_homography,
R,CLAMP,CLAMP,0
L,8,3002,PREDICTION,src/tracking/advanced_tracker.py:kalman_homography,
R,CLAMP,CLAMP,0
A,3002
S,4,3005,PREDICTION,src/tracking/advanced_tracker.py:kalman_homography,
S,8,3005,PREDICTION,src/tracking/advanced_tracker.py:kalman_homography,
S,10,3005,PREDICTION,src/tracking/advanced_tracker.py:kalman_homography,
S,0,3005,PREDICTION,src/tracking/advanced_tracker.py:flow_gapfill_batched,
L,0,3005,PREDICTION,src/tracking/advanced_tracker.py:flow_gapfill_batched,
R,CLAMP,CLAMP,0
L,4,3005,PREDICTION,src/tracking/advanced_tracker.py:kalman_homography,
R,CLAMP,CLAMP,0
L,8,3005,PREDICTION,src/tracking/advanced_tracker.py:kalman_homography,
R,CLAMP,CLAMP,0
A,3005
S,4,3008,DETECTION,src/tracking/advanced_tracker.py:_activate_slot,3008_641_657_818_783
S,1,3008,DETECTION,src/tracking/advanced_tracker.py:_activate_slot,3008_516_447_840_579
S,5,3008,DETECTION,src/tracking/advanced_tracker.py:_activate_slot,3008_140_303_400_421
S,10,3008,PREDICTION,src/tracking/advanced_tracker.py:kalman_homography,
L,1,3008,DETECTION,src/tracking/advanced_tracker.py:_activate_slot,3008_516_447_840_579
R,CLAMP,CLAMP,0
L,4,3008,DETECTION,src/tracking/advanced_tracker.py:_activate_slot,3008_641_657_818_783
R,CLAMP,CLAMP,0
L,5,3008,DETECTION,src/tracking/advanced_tracker.py:_activate_slot,3008_140_303_400_421
R,CLAMP,CLAMP,0
A,3008
S,1,3011,PREDICTION,src/tracking/advanced_tracker.py:kalman_homography,
S,4,3011,PREDICTION,src/tracking/advanced_tracker.py:kalman_homography,
S,5,3011,PREDICTION,src/tracking/advanced_tracker.py:kalman_homography,
S,10,3011,PREDICTION,src/tracking/advanced_tracker.py:kalman_homography,
L,1,3011,PREDICTION,src/tracking/advanced_tracker.py:kalman_homography,
R,CLAMP,CLAMP,0
L,4,3011,PREDICTION,src/tracking/advanced_tracker.py:kalman_homography,
R,CLAMP,CLAMP,0
L,5,3011,PREDICTION,src/tracking/advanced_tracker.py:kalman_homography,
R,CLAMP,CLAMP,0
A,3011
S,6,3014,DETECTION,src/tracking/advanced_tracker.py:_activate_slot,3014_146_293_405_409
S,1,3014,PREDICTION,src/tracking/advanced_tracker.py:kalman_homography,
S,4,3014,PREDICTION,src/tracking/advanced_tracker.py:kalman_homography,
S,5,3014,PREDICTION,src/tracking/advanced_tracker.py:kalman_homography,
S,10,3014,PREDICTION,src/tracking/advanced_tracker.py:kalman_homography,
D,5,3014
S,6,3014,PREDICTION,src/tracking/advanced_tracker.py:id_merge,
L,1,3014,PREDICTION,src/tracking/advanced_tracker.py:kalman_homography,
R,CLAMP,CLAMP,0
L,4,3014,PREDICTION,src/tracking/advanced_tracker.py:kalman_homography,
R,CLAMP,CLAMP,0
L,6,3014,PREDICTION,src/tracking/advanced_tracker.py:id_merge,
R,CLAMP,CLAMP,0
A,3014
S,6,3017,DETECTION,src/tracking/advanced_tracker.py:_activate_slot,3017_143_291_409_406
S,7,3017,DETECTION,src/tracking/advanced_tracker.py:_activate_slot,3017_97_544_358_669
S,1,3017,PREDICTION,src/tracking/advanced_tracker.py:kalman_homography,
S,4,3017,PREDICTION,src/tracking/advanced_tracker.py:kalman_homography,
S,5,3017,PREDICTION,src/tracking/advanced_tracker.py:kalman_homography,
S,10,3017,PREDICTION,src/tracking/advanced_tracker.py:kalman_homography,
D,5,3017
S,6,3017,PREDICTION,src/tracking/advanced_tracker.py:id_merge,
L,1,3017,PREDICTION,src/tracking/advanced_tracker.py:kalman_homography,
R,CLAMP,CLAMP,0
L,4,3017,PREDICTION,src/tracking/advanced_tracker.py:kalman_homography,
R,CLAMP,CLAMP,0
L,6,3017,PREDICTION,src/tracking/advanced_tracker.py:id_merge,
R,CLAMP,CLAMP,0
L,7,3017,DETECTION,src/tracking/advanced_tracker.py:_activate_slot,3017_97_544_358_669
R,CLAMP,CLAMP,0
A,3017
S,6,3020,DETECTION,src/tracking/advanced_tracker.py:_activate_slot,3020_146_288_407_401
S,7,3020,DETECTION,src/tracking/advanced_tracker.py:_activate_slot,3020_98_540_357_673
S,1,3020,PREDICTION,src/tracking/advanced_tracker.py:kalman_homography,
S,4,3020,PREDICTION,src/tracking/advanced_tracker.py:kalman_homography,
S,5,3020,PREDICTION,src/tracking/advanced_tracker.py:kalman_homography,
S,10,3020,PREDICTION,src/tracking/advanced_tracker.py:flow_gapfill_batched,
D,5,3020
S,6,3020,PREDICTION,src/tracking/advanced_tracker.py:id_merge,
L,1,3020,PREDICTION,src/tracking/advanced_tracker.py:kalman_homography,
R,CLAMP,CLAMP,0
L,4,3020,PREDICTION,src/tracking/advanced_tracker.py:kalman_homography,
R,CLAMP,CLAMP,0
L,6,3020,PREDICTION,src/tracking/advanced_tracker.py:id_merge,
R,CLAMP,CLAMP,0
L,7,3020,DETECTION,src/tracking/advanced_tracker.py:_activate_slot,3020_98_540_357_673
R,CLAMP,CLAMP,0
A,3020
S,6,3023,DETECTION,src/tracking/advanced_tracker.py:_activate_slot,3023_139_287_408_401
S,7,3023,DETECTION,src/tracking/advanced_tracker.py:_activate_slot,3023_101_541_358_673
S,2,3023,DETECTION,src/tracking/advanced_tracker.py:_activate_slot,3023_552_183_927_360
S,3,3023,DETECTION,src/tracking/advanced_tracker.py:_activate_slot,3023_642_518_863_669
S,1,3023,PREDICTION,src/tracking/advanced_tracker.py:kalman_homography,
S,4,3023,PREDICTION,src/tracking/advanced_tracker.py:kalman_homography,
S,5,3023,PREDICTION,src/tracking/advanced_tracker.py:kalman_homography,
D,1,3023
S,3,3023,PREDICTION,src/tracking/advanced_tracker.py:id_merge,
D,5,3023
S,6,3023,PREDICTION,src/tracking/advanced_tracker.py:id_merge,
L,2,3023,DETECTION,src/tracking/advanced_tracker.py:_activate_slot,3023_552_183_927_360
R,CLAMP,CLAMP,0
L,3,3023,PREDICTION,src/tracking/advanced_tracker.py:id_merge,
R,CLAMP,CLAMP,0
L,4,3023,PREDICTION,src/tracking/advanced_tracker.py:kalman_homography,
R,CLAMP,CLAMP,0
L,6,3023,PREDICTION,src/tracking/advanced_tracker.py:id_merge,
R,CLAMP,CLAMP,0
L,7,3023,DETECTION,src/tracking/advanced_tracker.py:_activate_slot,3023_101_541_358_673
R,CLAMP,CLAMP,0
A,3023
S,6,3026,DETECTION,src/tracking/advanced_tracker.py:_activate_slot,3026_141_288_408_402
S,7,3026,DETECTION,src/tracking/advanced_tracker.py:_activate_slot,3026_102_543_354_663
S,0,3026,DETECTION,src/tracking/advanced_tracker.py:_activate_slot,3026_538_132_916_301
S,1,3026,PREDICTION,src/tracking/advanced_tracker.py:kalman_homography,
S,2,3026,PREDICTION,src/tracking/advanced_tracker.py:kalman_homography,
S,3,3026,PREDICTION,src/tracking/advanced_tracker.py:kalman_homography,
S,4,3026,PREDICTION,src/tracking/advanced_tracker.py:kalman_homography,
S,5,3026,PREDICTION,src/tracking/advanced_tracker.py:kalman_homography,
D,2,3026
S,0,3026,PREDICTION,src/tracking/advanced_tracker.py:id_merge,
D,1,3026
S,3,3026,PREDICTION,src/tracking/advanced_tracker.py:id_merge,
D,5,3026
S,6,3026,PREDICTION,src/tracking/advanced_tracker.py:id_merge,
L,0,3026,PREDICTION,src/tracking/advanced_tracker.py:id_merge,
R,CLAMP,CLAMP,0
L,3,3026,PREDICTION,src/tracking/advanced_tracker.py:id_merge,
R,CLAMP,CLAMP,0
L,4,3026,PREDICTION,src/tracking/advanced_tracker.py:kalman_homography,
R,CLAMP,CLAMP,0
L,6,3026,PREDICTION,src/tracking/advanced_tracker.py:id_merge,
R,CLAMP,CLAMP,0
L,7,3026,DETECTION,src/tracking/advanced_tracker.py:_activate_slot,3026_102_543_354_663
R,CLAMP,CLAMP,0
A,3026
S,6,3029,DETECTION,src/tracking/advanced_tracker.py:_activate_slot,3029_142_287_407_401
S,7,3029,DETECTION,src/tracking/advanced_tracker.py:_activate_slot,3029_103_540_357_669
S,8,3029,DETECTION,src/tracking/advanced_tracker.py:_activate_slot,3029_543_763_882_892
S,0,3029,PREDICTION,src/tracking/advanced_tracker.py:kalman_homography,
S,1,3029,PREDICTION,src/tracking/advanced_tracker.py:kalman_homography,
S,2,3029,PREDICTION,src/tracking/advanced_tracker.py:kalman_homography,
S,3,3029,PREDICTION,src/tracking/advanced_tracker.py:kalman_homography,
S,4,3029,PREDICTION,src/tracking/advanced_tracker.py:kalman_homography,
S,5,3029,PREDICTION,src/tracking/advanced_tracker.py:kalman_homography,
D,2,3029
S,0,3029,PREDICTION,src/tracking/advanced_tracker.py:id_merge,
D,1,3029
S,3,3029,PREDICTION,src/tracking/advanced_tracker.py:id_merge,
D,5,3029
S,6,3029,PREDICTION,src/tracking/advanced_tracker.py:id_merge,
L,0,3029,PREDICTION,src/tracking/advanced_tracker.py:id_merge,
R,CLAMP,CLAMP,0
L,3,3029,PREDICTION,src/tracking/advanced_tracker.py:id_merge,
R,CLAMP,CLAMP,0
L,4,3029,PREDICTION,src/tracking/advanced_tracker.py:kalman_homography,
R,CLAMP,CLAMP,0
L,6,3029,PREDICTION,src/tracking/advanced_tracker.py:id_merge,
R,CLAMP,CLAMP,0
L,7,3029,DETECTION,src/tracking/advanced_tracker.py:_activate_slot,3029_103_540_357_669
R,CLAMP,CLAMP,0
L,8,3029,DETECTION,src/tracking/advanced_tracker.py:_activate_slot,3029_543_763_882_892
R,CLAMP,CLAMP,0
A,3029
S,6,3032,DETECTION,src/tracking/advanced_tracker.py:_activate_slot,3032_141_288_407_401
S,7,3032,DETECTION,src/tracking/advanced_tracker.py:_activate_slot,3032_101_540_355_663
S,8,3032,DETECTION,src/tracking/advanced_tracker.py:_activate_slot,3032_544_755_883_893
S,9,3032,DETECTION,src/tracking/advanced_tracker.py:_activate_slot,3032_93_754_193_840
S,0,3032,PREDICTION,src/tracking/advanced_tracker.py:kalman_homography,
S,2,3032,PREDICTION,src/tracking/advanced_tracker.py:kalman_homography,
S,3,3032,PREDICTION,src/tracking/advanced_tracker.py:kalman_homography,
S,1,3032,PREDICTION,src/tracking/advanced_tracker.py:flow_gapfill_batched,
S,4,3032,PREDICTION,src/tracking/advanced_tracker.py:flow_gapfill_batched,
S,5,3032,PREDICTION,src/tracking/advanced_tracker.py:flow_gapfill_batched,
D,2,3032
S,0,3032,PREDICTION,src/tracking/advanced_tracker.py:id_merge,
D,1,3032
S,3,3032,PREDICTION,src/tracking/advanced_tracker.py:id_merge,
D,4,3032
S,3,3032,PREDICTION,src/tracking/advanced_tracker.py:id_merge,
D,5,3032
S,6,3032,PREDICTION,src/tracking/advanced_tracker.py:id_merge,
L,0,3032,PREDICTION,src/tracking/advanced_tracker.py:id_merge,
R,CLAMP,CLAMP,0
L,3,3032,PREDICTION,src/tracking/advanced_tracker.py:id_merge,
R,CLAMP,CLAMP,0
L,6,3032,PREDICTION,src/tracking/advanced_tracker.py:id_merge,
R,CLAMP,CLAMP,0
L,7,3032,DETECTION,src/tracking/advanced_tracker.py:_activate_slot,3032_101_540_355_663
R,CLAMP,CLAMP,0
L,8,3032,DETECTION,src/tracking/advanced_tracker.py:_activate_slot,3032_544_755_883_893
R,CLAMP,CLAMP,0
L,9,3032,DETECTION,src/tracking/advanced_tracker.py:_activate_slot,3032_93_754_193_840
R,CLAMP,CLAMP,0
A,3032
S,6,3035,DETECTION,src/tracking/advanced_tracker.py:_activate_slot,3035_142_285_407_400
S,7,3035,DETECTION,src/tracking/advanced_tracker.py:_activate_slot,3035_101_541_351_664
S,8,3035,DETECTION,src/tracking/advanced_tracker.py:_activate_slot,3035_527_748_888_895
S,9,3035,DETECTION,src/tracking/advanced_tracker.py:_activate_slot,3035_93_756_193_840
S,0,3035,PREDICTION,src/tracking/advanced_tracker.py:kalman_homography,
S,2,3035,PREDICTION,src/tracking/advanced_tracker.py:kalman_homography,
S,3,3035,PREDICTION,src/tracking/advanced_tracker.py:kalman_homography,
D,2,3035
S,0,3035,PREDICTION,src/tracking/advanced_tracker.py:id_merge,
L,0,3035,PREDICTION,src/tracking/advanced_tracker.py:id_merge,
R,CLAMP,CLAMP,0
L,3,3035,PREDICTION,src/tracking/advanced_tracker.py:kalman_homography,
R,CLAMP,CLAMP,0
L,6,3035,DETECTION,src/tracking/advanced_tracker.py:_activate_slot,3035_142_285_407_400
R,CLAMP,CLAMP,0
L,7,3035,DETECTION,src/tracking/advanced_tracker.py:_activate_slot,3035_101_541_351_664
R,CLAMP,CLAMP,0
L,8,3035,DETECTION,src/tracking/advanced_tracker.py:_activate_slot,3035_527_748_888_895
R,CLAMP,CLAMP,0
L,9,3035,DETECTION,src/tracking/advanced_tracker.py:_activate_slot,3035_93_756_193_840
R,CLAMP,CLAMP,0
A,3035
S,6,3038,DETECTION,src/tracking/advanced_tracker.py:_activate_slot,3038_602_456_891_596
S,7,3038,DETECTION,src/tracking/advanced_tracker.py:_activate_slot,3038_100_544_350_669
S,9,3038,DETECTION,src/tracking/advanced_tracker.py:_activate_slot,3038_204_784_501_901
S,0,3038,PREDICTION,src/tracking/advanced_tracker.py:kalman_homography,
S,2,3038,PREDICTION,src/tracking/advanced_tracker.py:kalman_homography,
S,3,3038,PREDICTION,src/tracking/advanced_tracker.py:kalman_homography,
S,8,3038,PREDICTION,src/tracking/advanced_tracker.py:kalman_homography,
D,2,3038
S,0,3038,PREDICTION,src/tracking/advanced_tracker.py:id_merge,
L,0,3038,PREDICTION,src/tracking/advanced_tracker.py:id_merge,
R,CLAMP,CLAMP,0
L,3,3038,PREDICTION,src/tracking/advanced_tracker.py:kalman_homography,
R,CLAMP,CLAMP,0
L,6,3038,DETECTION,src/tracking/advanced_tracker.py:_activate_slot,3038_602_456_891_596
R,DETECTION,DETECTION,1
L,7,3038,DETECTION,src/tracking/advanced_tracker.py:_activate_slot,3038_100_544_350_669
R,CLAMP,CLAMP,0
L,8,3038,PREDICTION,src/tracking/advanced_tracker.py:kalman_homography,
R,CLAMP,CLAMP,0
L,9,3038,DETECTION,src/tracking/advanced_tracker.py:_activate_slot,3038_204_784_501_901
R,CLAMP,CLAMP,0
A,3038
S,7,3041,DETECTION,src/tracking/advanced_tracker.py:_activate_slot,3041_98_546_352_659
S,10,3041,DETECTION,src/tracking/advanced_tracker.py:_activate_slot,3041_132_167_311_257
S,0,3041,PREDICTION,src/tracking/advanced_tracker.py:kalman_homography,
S,2,3041,PREDICTION,src/tracking/advanced_tracker.py:kalman_homography,
S,3,3041,PREDICTION,src/tracking/advanced_tracker.py:kalman_homography,
S,6,3041,PREDICTION,src/tracking/advanced_tracker.py:kalman_homography,
S,8,3041,PREDICTION,src/tracking/advanced_tracker.py:kalman_homography,
S,9,3041,PREDICTION,src/tracking/advanced_tracker.py:kalman_homography,
D,2,3041
S,0,3041,PREDICTION,src/tracking/advanced_tracker.py:id_merge,
L,0,3041,PREDICTION,src/tracking/advanced_tracker.py:id_merge,
R,CLAMP,CLAMP,0
L,3,3041,PREDICTION,src/tracking/advanced_tracker.py:kalman_homography,
R,CLAMP,CLAMP,0
L,6,3041,PREDICTION,src/tracking/advanced_tracker.py:kalman_homography,
R,PREDICTION,PREDICTION,1
L,7,3041,DETECTION,src/tracking/advanced_tracker.py:_activate_slot,3041_98_546_352_659
R,CLAMP,CLAMP,0
L,8,3041,PREDICTION,src/tracking/advanced_tracker.py:kalman_homography,
R,CLAMP,CLAMP,0
L,9,3041,PREDICTION,src/tracking/advanced_tracker.py:kalman_homography,
R,CLAMP,CLAMP,0
A,3041
S,7,3044,DETECTION,src/tracking/advanced_tracker.py:_activate_slot,3044_100_545_349_663
S,10,3044,DETECTION,src/tracking/advanced_tracker.py:_activate_slot,3044_133_171_311_259
S,0,3044,PREDICTION,src/tracking/advanced_tracker.py:kalman_homography,
S,2,3044,PREDICTION,src/tracking/advanced_tracker.py:kalman_homography,
S,3,3044,PREDICTION,src/tracking/advanced_tracker.py:kalman_homography,
S,8,3044,PREDICTION,src/tracking/advanced_tracker.py:kalman_homography,
S,9,3044,PREDICTION,src/tracking/advanced_tracker.py:kalman_homography,
S,6,3044,PREDICTION,src/tracking/advanced_tracker.py:flow_gapfill_batched,
D,2,3044
S,0,3044,PREDICTION,src/tracking/advanced_tracker.py:id_merge,
D,8,3044
S,9,3044,PREDICTION,src/tracking/advanced_tracker.py:id_merge,
L,0,3044,PREDICTION,src/tracking/advanced_tracker.py:id_merge,
R,CLAMP,CLAMP,0
L,3,3044,PREDICTION,src/tracking/advanced_tracker.py:kalman_homography,
R,CLAMP,CLAMP,0
L,6,3044,PREDICTION,src/tracking/advanced_tracker.py:flow_gapfill_batched,
R,PREDICTION,PREDICTION,1
L,7,3044,DETECTION,src/tracking/advanced_tracker.py:_activate_slot,3044_100_545_349_663
R,CLAMP,CLAMP,0
L,9,3044,PREDICTION,src/tracking/advanced_tracker.py:id_merge,
R,CLAMP,CLAMP,0
A,3044
S,7,3047,DETECTION,src/tracking/advanced_tracker.py:_activate_slot,3047_101_558_347_664
S,10,3047,DETECTION,src/tracking/advanced_tracker.py:_activate_slot,3047_130_178_314_264
S,0,3047,PREDICTION,src/tracking/advanced_tracker.py:kalman_homography,
S,8,3047,PREDICTION,src/tracking/advanced_tracker.py:kalman_homography,
S,9,3047,PREDICTION,src/tracking/advanced_tracker.py:kalman_homography,
S,2,3047,PREDICTION,src/tracking/advanced_tracker.py:flow_gapfill_batched,
S,6,3047,PREDICTION,src/tracking/advanced_tracker.py:flow_gapfill_batched,
D,2,3047
S,0,3047,PREDICTION,src/tracking/advanced_tracker.py:id_merge,
D,8,3047
S,9,3047,PREDICTION,src/tracking/advanced_tracker.py:id_merge,
L,0,3047,PREDICTION,src/tracking/advanced_tracker.py:id_merge,
R,CLAMP,CLAMP,0
L,6,3047,PREDICTION,src/tracking/advanced_tracker.py:flow_gapfill_batched,
R,PREDICTION,SUBPIXEL,0
L,7,3047,DETECTION,src/tracking/advanced_tracker.py:_activate_slot,3047_101_558_347_664
R,CLAMP,CLAMP,0
L,9,3047,PREDICTION,src/tracking/advanced_tracker.py:id_merge,
R,CLAMP,CLAMP,0
A,3047
S,10,3050,DETECTION,src/tracking/advanced_tracker.py:_activate_slot,3050_131_183_307_273
S,7,3050,PREDICTION,src/tracking/advanced_tracker.py:kalman_homography,
S,8,3050,PREDICTION,src/tracking/advanced_tracker.py:kalman_homography,
S,9,3050,PREDICTION,src/tracking/advanced_tracker.py:kalman_homography,
S,0,3050,PREDICTION,src/tracking/advanced_tracker.py:flow_gapfill_batched,
S,6,3050,PREDICTION,src/tracking/advanced_tracker.py:flow_gapfill_batched,
L,0,3050,PREDICTION,src/tracking/advanced_tracker.py:flow_gapfill_batched,
R,CLAMP,CLAMP,0
L,6,3050,PREDICTION,src/tracking/advanced_tracker.py:flow_gapfill_batched,
R,PREDICTION,SUBPIXEL,0
L,7,3050,PREDICTION,src/tracking/advanced_tracker.py:kalman_homography,
R,CLAMP,CLAMP,0
L,8,3050,PREDICTION,src/tracking/advanced_tracker.py:kalman_homography,
R,CLAMP,CLAMP,0
L,9,3050,PREDICTION,src/tracking/advanced_tracker.py:kalman_homography,
R,CLAMP,CLAMP,0
A,3050
S,5,3053,DETECTION,src/tracking/advanced_tracker.py:_activate_slot,3053_139_298_402_432
S,10,3053,DETECTION,src/tracking/advanced_tracker.py:_activate_slot,3053_126_190_307_281
S,1,3053,DETECTION,src/tracking/advanced_tracker.py:_activate_slot,3053_334_904_700_1105
S,4,3053,DETECTION,src/tracking/advanced_tracker.py:_activate_slot,3053_478_711_852_889
S,7,3053,PREDICTION,src/tracking/advanced_tracker.py:kalman_homography,
S,8,3053,PREDICTION,src/tracking/advanced_tracker.py:kalman_homography,
S,6,3053,PREDICTION,src/tracking/advanced_tracker.py:flow_gapfill_batched,
S,9,3053,PREDICTION,src/tracking/advanced_tracker.py:flow_gapfill_batched,
L,1,3053,DETECTION,src/tracking/advanced_tracker.py:_activate_slot,3053_334_904_700_1105
R,CLAMP,CLAMP,0
L,4,3053,DETECTION,src/tracking/advanced_tracker.py:_activate_slot,3053_478_711_852_889
R,CLAMP,CLAMP,0
L,5,3053,DETECTION,src/tracking/advanced_tracker.py:_activate_slot,3053_139_298_402_432
R,CLAMP,CLAMP,0
L,6,3053,PREDICTION,src/tracking/advanced_tracker.py:flow_gapfill_batched,
R,PREDICTION,SUBPIXEL,0
L,7,3053,PREDICTION,src/tracking/advanced_tracker.py:kalman_homography,
R,CLAMP,CLAMP,0
L,8,3053,PREDICTION,src/tracking/advanced_tracker.py:kalman_homography,
R,CLAMP,CLAMP,0
L,9,3053,PREDICTION,src/tracking/advanced_tracker.py:flow_gapfill_batched,
R,CLAMP,CLAMP,0
A,3053
S,1,3056,DETECTION,src/tracking/advanced_tracker.py:_activate_slot,3056_329_909_703_1116
S,5,3056,DETECTION,src/tracking/advanced_tracker.py:_activate_slot,3056_141_318_400_439
S,10,3056,DETECTION,src/tracking/advanced_tracker.py:_activate_slot,3056_125_199_306_288
S,4,3056,PREDICTION,src/tracking/advanced_tracker.py:kalman_homography,
S,7,3056,PREDICTION,src/tracking/advanced_tracker.py:kalman_homography,
S,8,3056,PREDICTION,src/tracking/advanced_tracker.py:kalman_homography,
S,6,3056,PREDICTION,src/tracking/advanced_tracker.py:flow_gapfill_batched,
S,9,3056,PREDICTION,src/tracking/advanced_tracker.py:flow_gapfill_batched,
L,1,3056,DETECTION,src/tracking/advanced_tracker.py:_activate_slot,3056_329_909_703_1116
R,CLAMP,CLAMP,0
L,4,3056,PREDICTION,src/tracking/advanced_tracker.py:kalman_homography,
R,CLAMP,CLAMP,0
L,5,3056,DETECTION,src/tracking/advanced_tracker.py:_activate_slot,3056_141_318_400_439
R,CLAMP,CLAMP,0
L,6,3056,PREDICTION,src/tracking/advanced_tracker.py:flow_gapfill_batched,
R,PREDICTION,SUBPIXEL,0
L,7,3056,PREDICTION,src/tracking/advanced_tracker.py:kalman_homography,
R,CLAMP,CLAMP,0
L,8,3056,PREDICTION,src/tracking/advanced_tracker.py:kalman_homography,
R,CLAMP,CLAMP,0
L,9,3056,PREDICTION,src/tracking/advanced_tracker.py:flow_gapfill_batched,
R,CLAMP,CLAMP,0
A,3056
S,10,3059,DETECTION,src/tracking/advanced_tracker.py:_activate_slot,3059_121_201_301_294
S,1,3059,PREDICTION,src/tracking/advanced_tracker.py:kalman_homography,
S,4,3059,PREDICTION,src/tracking/advanced_tracker.py:kalman_homography,
S,5,3059,PREDICTION,src/tracking/advanced_tracker.py:kalman_homography,
S,7,3059,PREDICTION,src/tracking/advanced_tracker.py:kalman_homography,
S,6,3059,PREDICTION,src/tracking/advanced_tracker.py:flow_gapfill_batched,
S,8,3059,PREDICTION,src/tracking/advanced_tracker.py:flow_gapfill_batched,
S,9,3059,PREDICTION,src/tracking/advanced_tracker.py:flow_gapfill_batched,
L,1,3059,PREDICTION,src/tracking/advanced_tracker.py:kalman_homography,
R,CLAMP,CLAMP,0
L,4,3059,PREDICTION,src/tracking/advanced_tracker.py:kalman_homography,
R,CLAMP,CLAMP,0
L,5,3059,PREDICTION,src/tracking/advanced_tracker.py:kalman_homography,
R,CLAMP,CLAMP,0
L,6,3059,PREDICTION,src/tracking/advanced_tracker.py:flow_gapfill_batched,
R,PREDICTION,SUBPIXEL,0
L,7,3059,PREDICTION,src/tracking/advanced_tracker.py:kalman_homography,
R,CLAMP,CLAMP,0
L,8,3059,PREDICTION,src/tracking/advanced_tracker.py:flow_gapfill_batched,
R,CLAMP,CLAMP,0
L,9,3059,PREDICTION,src/tracking/advanced_tracker.py:flow_gapfill_batched,
R,CLAMP,CLAMP,0
A,3059
S,5,3062,DETECTION,src/tracking/advanced_tracker.py:_activate_slot,3062_136_336_393_453
S,7,3062,DETECTION,src/tracking/advanced_tracker.py:_activate_slot,3062_89_588_308_716
S,10,3062,DETECTION,src/tracking/advanced_tracker.py:_activate_slot,3062_119_213_303_303
S,1,3062,PREDICTION,src/tracking/advanced_tracker.py:kalman_homography,
S,4,3062,PREDICTION,src/tracking/advanced_tracker.py:kalman_homography,
S,6,3062,PREDICTION,src/tracking/advanced_tracker.py:flow_gapfill_batched,
S,9,3062,PREDICTION,src/tracking/advanced_tracker.py:flow_gapfill_batched,
L,1,3062,PREDICTION,src/tracking/advanced_tracker.py:kalman_homography,
R,CLAMP,CLAMP,0
L,4,3062,PREDICTION,src/tracking/advanced_tracker.py:kalman_homography,
R,CLAMP,CLAMP,0
L,5,3062,DETECTION,src/tracking/advanced_tracker.py:_activate_slot,3062_136_336_393_453
R,CLAMP,CLAMP,0
L,6,3062,PREDICTION,src/tracking/advanced_tracker.py:flow_gapfill_batched,
R,PREDICTION,PREDICTION,1
L,7,3062,DETECTION,src/tracking/advanced_tracker.py:_activate_slot,3062_89_588_308_716
R,CLAMP,CLAMP,0
L,9,3062,PREDICTION,src/tracking/advanced_tracker.py:flow_gapfill_batched,
R,CLAMP,CLAMP,0
A,3062
S,5,3065,DETECTION,src/tracking/advanced_tracker.py:_activate_slot,3065_139_334_390_459
S,10,3065,DETECTION,src/tracking/advanced_tracker.py:_activate_slot,3065_117_220_303_312
S,1,3065,PREDICTION,src/tracking/advanced_tracker.py:kalman_homography,
S,4,3065,PREDICTION,src/tracking/advanced_tracker.py:kalman_homography,
S,7,3065,PREDICTION,src/tracking/advanced_tracker.py:kalman_homography,
L,1,3065,PREDICTION,src/tracking/advanced_tracker.py:kalman_homography,
R,CLAMP,CLAMP,0
L,4,3065,PREDICTION,src/tracking/advanced_tracker.py:kalman_homography,
R,CLAMP,CLAMP,0
L,5,3065,DETECTION,src/tracking/advanced_tracker.py:_activate_slot,3065_139_334_390_459
R,CLAMP,CLAMP,0
L,7,3065,PREDICTION,src/tracking/advanced_tracker.py:kalman_homography,
R,CLAMP,CLAMP,0
A,3065
S,5,3068,DETECTION,src/tracking/advanced_tracker.py:_activate_slot,3068_138_337_388_472
S,10,3068,DETECTION,src/tracking/advanced_tracker.py:_activate_slot,3068_115_230_300_322
S,2,3068,DETECTION,src/tracking/advanced_tracker.py:_activate_slot,3068_510_653_814_896
S,3,3068,DETECTION,src/tracking/advanced_tracker.py:_activate_slot,3068_543_409_887_555
S,1,3068,PREDICTION,src/tracking/advanced_tracker.py:kalman_homography,
S,4,3068,PREDICTION,src/tracking/advanced_tracker.py:kalman_homography,
S,7,3068,PREDICTION,src/tracking/advanced_tracker.py:kalman_homography,
D,4,3068
S,2,3068,PREDICTION,src/tracking/advanced_tracker.py:id_merge,
L,1,3068,PREDICTION,src/tracking/advanced_tracker.py:kalman_homography,
R,CLAMP,CLAMP,0
L,2,3068,PREDICTION,src/tracking/advanced_tracker.py:id_merge,
R,CLAMP,CLAMP,0
L,3,3068,DETECTION,src/tracking/advanced_tracker.py:_activate_slot,3068_543_409_887_555
R,CLAMP,CLAMP,0
L,5,3068,DETECTION,src/tracking/advanced_tracker.py:_activate_slot,3068_138_337_388_472
R,CLAMP,CLAMP,0
L,7,3068,PREDICTION,src/tracking/advanced_tracker.py:kalman_homography,
R,CLAMP,CLAMP,0
A,3068
S,3,3071,DETECTION,src/tracking/advanced_tracker.py:_activate_slot,3071_546_399_889_569
S,5,3071,DETECTION,src/tracking/advanced_tracker.py:_activate_slot,3071_143_336_390_477
S,10,3071,DETECTION,src/tracking/advanced_tracker.py:_activate_slot,3071_115_244_299_338
S,0,3071,DETECTION,src/tracking/advanced_tracker.py:_activate_slot,3071_510_576_813_866
S,1,3071,PREDICTION,src/tracking/advanced_tracker.py:kalman_homography,
S,2,3071,PREDICTION,src/tracking/advanced_tracker.py:kalman_homography,
S,4,3071,PREDICTION,src/tracking/advanced_tracker.py:kalman_homography,
S,7,3071,PREDICTION,src/tracking/advanced_tracker.py:kalman_homography,
D,2,3071
S,0,3071,PREDICTION,src/tracking/advanced_tracker.py:id_merge,
D,4,3071
S,0,3071,PREDICTION,src/tracking/advanced_tracker.py:id_merge,
L,0,3071,PREDICTION,src/tracking/advanced_tracker.py:id_merge,
R,CLAMP,CLAMP,0
L,1,3071,PREDICTION,src/tracking/advanced_tracker.py:kalman_homography,
R,CLAMP,CLAMP,0
L,3,3071,DETECTION,src/tracking/advanced_tracker.py:_activate_slot,3071_546_399_889_569
R,CLAMP,CLAMP,0
L,5,3071,DETECTION,src/tracking/advanced_tracker.py:_activate_slot,3071_143_336_390_477
R,CLAMP,CLAMP,0
L,7,3071,PREDICTION,src/tracking/advanced_tracker.py:kalman_homography,
R,CLAMP,CLAMP,0
A,3071
S,3,3074,DETECTION,src/tracking/advanced_tracker.py:_activate_slot,3074_558_357_885_578
S,5,3074,DETECTION,src/tracking/advanced_tracker.py:_activate_slot,3074_145_336_387_486
S,10,3074,DETECTION,src/tracking/advanced_tracker.py:_activate_slot,3074_114_257_294_349
S,0,3074,PREDICTION,src/tracking/advanced_tracker.py:kalman_homography,
S,1,3074,PREDICTION,src/tracking/advanced_tracker.py:kalman_homography,
S,2,3074,PREDICTION,src/tracking/advanced_tracker.py:kalman_homography,
S,4,3074,PREDICTION,src/tracking/advanced_tracker.py:kalman_homography,
S,7,3074,PREDICTION,src/tracking/advanced_tracker.py:kalman_homography,
D,2,3074
S,0,3074,PREDICTION,src/tracking/advanced_tracker.py:id_merge,
D,4,3074
S,0,3074,PREDICTION,src/tracking/advanced_tracker.py:id_merge,
L,0,3074,PREDICTION,src/tracking/advanced_tracker.py:id_merge,
R,CLAMP,CLAMP,0
L,1,3074,PREDICTION,src/tracking/advanced_tracker.py:kalman_homography,
R,CLAMP,CLAMP,0
L,3,3074,DETECTION,src/tracking/advanced_tracker.py:_activate_slot,3074_558_357_885_578
R,CLAMP,CLAMP,0
L,5,3074,DETECTION,src/tracking/advanced_tracker.py:_activate_slot,3074_145_336_387_486
R,CLAMP,CLAMP,0
L,7,3074,PREDICTION,src/tracking/advanced_tracker.py:kalman_homography,
R,CLAMP,CLAMP,0
A,3074
S,5,3077,DETECTION,src/tracking/advanced_tracker.py:_activate_slot,3077_144_332_387_452
S,10,3077,DETECTION,src/tracking/advanced_tracker.py:_activate_slot,3077_119_273_297_368
S,0,3077,PREDICTION,src/tracking/advanced_tracker.py:kalman_homography,
S,1,3077,PREDICTION,src/tracking/advanced_tracker.py:kalman_homography,
S,2,3077,PREDICTION,src/tracking/advanced_tracker.py:kalman_homography,
S,3,3077,PREDICTION,src/tracking/advanced_tracker.py:kalman_homography,
S,7,3077,PREDICTION,src/tracking/advanced_tracker.py:kalman_homography,
D,2,3077
S,0,3077,PREDICTION,src/tracking/advanced_tracker.py:id_merge,
L,0,3077,PREDICTION,src/tracking/advanced_tracker.py:id_merge,
R,CLAMP,CLAMP,0
L,1,3077,PREDICTION,src/tracking/advanced_tracker.py:kalman_homography,
R,CLAMP,CLAMP,0
L,3,3077,PREDICTION,src/tracking/advanced_tracker.py:kalman_homography,
R,CLAMP,CLAMP,0
L,5,3077,DETECTION,src/tracking/advanced_tracker.py:_activate_slot,3077_144_332_387_452
R,CLAMP,CLAMP,0
L,7,3077,PREDICTION,src/tracking/advanced_tracker.py:kalman_homography,
R,CLAMP,CLAMP,0
A,3077
S,5,3080,DETECTION,src/tracking/advanced_tracker.py:_activate_slot,3080_151_328_392_454
S,10,3080,DETECTION,src/tracking/advanced_tracker.py:_activate_slot,3080_113_287_295_375
S,8,3080,DETECTION,src/tracking/advanced_tracker.py:_activate_slot,3080_402_1018_693_1177
S,0,3080,PREDICTION,src/tracking/advanced_tracker.py:kalman_homography,
S,2,3080,PREDICTION,src/tracking/advanced_tracker.py:kalman_homography,
S,3,3080,PREDICTION,src/tracking/advanced_tracker.py:kalman_homography,
S,7,3080,PREDICTION,src/tracking/advanced_tracker.py:kalman_homography,
D,2,3080
S,0,3080,PREDICTION,src/tracking/advanced_tracker.py:id_merge,
L,0,3080,PREDICTION,src/tracking/advanced_tracker.py:id_merge,
R,CLAMP,CLAMP,0
L,3,3080,PREDICTION,src/tracking/advanced_tracker.py:kalman_homography,
R,CLAMP,CLAMP,0
L,5,3080,DETECTION,src/tracking/advanced_tracker.py:_activate_slot,3080_151_328_392_454
R,CLAMP,CLAMP,0
L,7,3080,PREDICTION,src/tracking/advanced_tracker.py:kalman_homography,
R,CLAMP,CLAMP,0
L,8,3080,DETECTION,src/tracking/advanced_tracker.py:_activate_slot,3080_402_1018_693_1177
R,CLAMP,CLAMP,0
A,3080
S,10,3083,DETECTION,src/tracking/advanced_tracker.py:_activate_slot,3083_157_317_382_453
S,6,3083,DETECTION,src/tracking/advanced_tracker.py:_activate_slot,3083_403_1271_708_1427
S,9,3083,DETECTION,src/tracking/advanced_tracker.py:_activate_slot,3083_421_759_718_930
S,0,3083,PREDICTION,src/tracking/advanced_tracker.py:kalman_homography,
S,2,3083,PREDICTION,src/tracking/advanced_tracker.py:kalman_homography,
S,3,3083,PREDICTION,src/tracking/advanced_tracker.py:kalman_homography,
S,5,3083,PREDICTION,src/tracking/advanced_tracker.py:kalman_homography,
S,7,3083,PREDICTION,src/tracking/advanced_tracker.py:kalman_homography,
S,8,3083,PREDICTION,src/tracking/advanced_tracker.py:kalman_homography,
D,2,3083
S,0,3083,PREDICTION,src/tracking/advanced_tracker.py:id_merge,
L,0,3083,PREDICTION,src/tracking/advanced_tracker.py:id_merge,
R,CLAMP,CLAMP,0
L,3,3083,PREDICTION,src/tracking/advanced_tracker.py:kalman_homography,
R,CLAMP,CLAMP,0
L,5,3083,PREDICTION,src/tracking/advanced_tracker.py:kalman_homography,
R,CLAMP,CLAMP,0
L,6,3083,DETECTION,src/tracking/advanced_tracker.py:_activate_slot,3083_403_1271_708_1427
R,CLAMP,CLAMP,0
L,7,3083,PREDICTION,src/tracking/advanced_tracker.py:kalman_homography,
R,CLAMP,CLAMP,0
L,8,3083,PREDICTION,src/tracking/advanced_tracker.py:kalman_homography,
R,CLAMP,CLAMP,0
L,9,3083,DETECTION,src/tracking/advanced_tracker.py:_activate_slot,3083_421_759_718_930
R,CLAMP,CLAMP,0
A,3083
S,2,3086,DETECTION,src/tracking/advanced_tracker.py:_activate_slot,3086_268_384_511_522
S,10,3086,DETECTION,src/tracking/advanced_tracker.py:_activate_slot,3086_162_325_390_428
S,0,3086,PREDICTION,src/tracking/advanced_tracker.py:kalman_homography,
S,3,3086,PREDICTION,src/tracking/advanced_tracker.py:kalman_homography,
S,5,3086,PREDICTION,src/tracking/advanced_tracker.py:kalman_homography,
S,6,3086,PREDICTION,src/tracking/advanced_tracker.py:kalman_homography,
S,8,3086,PREDICTION,src/tracking/advanced_tracker.py:kalman_homography,
S,9,3086,PREDICTION,src/tracking/advanced_tracker.py:kalman_homography,
S,7,3086,PREDICTION,src/tracking/advanced_tracker.py:flow_gapfill_batched,
L,0,3086,PREDICTION,src/tracking/advanced_tracker.py:kalman_homography,
R,CLAMP,CLAMP,0
L,2,3086,DETECTION,src/tracking/advanced_tracker.py:_activate_slot,3086_268_384_511_522
R,CLAMP,CLAMP,0
L,3,3086,PREDICTION,src/tracking/advanced_tracker.py:kalman_homography,
R,CLAMP,CLAMP,0
L,5,3086,PREDICTION,src/tracking/advanced_tracker.py:kalman_homography,
R,CLAMP,CLAMP,0
L,6,3086,PREDICTION,src/tracking/advanced_tracker.py:kalman_homography,
R,CLAMP,CLAMP,0
L,7,3086,PREDICTION,src/tracking/advanced_tracker.py:flow_gapfill_batched,
R,CLAMP,CLAMP,0
L,8,3086,PREDICTION,src/tracking/advanced_tracker.py:kalman_homography,
R,CLAMP,CLAMP,0
L,9,3086,PREDICTION,src/tracking/advanced_tracker.py:kalman_homography,
R,CLAMP,CLAMP,0
A,3086
S,2,3089,DETECTION,src/tracking/advanced_tracker.py:_activate_slot,3089_261_399_507_527
S,4,3089,DETECTION,src/tracking/advanced_tracker.py:_activate_slot,3089_408_691_675_903
S,8,3089,DETECTION,src/tracking/advanced_tracker.py:_activate_slot,3089_408_958_712_1150
S,0,3089,PREDICTION,src/tracking/advanced_tracker.py:kalman_homography,
S,3,3089,PREDICTION,src/tracking/advanced_tracker.py:kalman_homography,
S,5,3089,PREDICTION,src/tracking/advanced_tracker.py:kalman_homography,
S,6,3089,PREDICTION,src/tracking/advanced_tracker.py:kalman_homography,
S,9,3089,PREDICTION,src/tracking/advanced_tracker.py:kalman_homography,
S,10,3089,PREDICTION,src/tracking/advanced_tracker.py:kalman_homography,
D,0,3089
S,4,3089,PREDICTION,src/tracking/advanced_tracker.py:id_merge,
L,2,3089,DETECTION,src/tracking/advanced_tracker.py:_activate_slot,3089_261_399_507_527
R,CLAMP,CLAMP,0
L,3,3089,PREDICTION,src/tracking/advanced_tracker.py:kalman_homography,
R,CLAMP,CLAMP,0
L,4,3089,PREDICTION,src/tracking/advanced_tracker.py:id_merge,
R,CLAMP,CLAMP,0
L,5,3089,PREDICTION,src/tracking/advanced_tracker.py:kalman_homography,
R,CLAMP,CLAMP,0
L,6,3089,PREDICTION,src/tracking/advanced_tracker.py:kalman_homography,
R,CLAMP,CLAMP,0
L,8,3089,DETECTION,src/tracking/advanced_tracker.py:_activate_slot,3089_408_958_712_1150
R,CLAMP,CLAMP,0
L,9,3089,PREDICTION,src/tracking/advanced_tracker.py:kalman_homography,
R,CLAMP,CLAMP,0
A,3089
S,3,3092,DETECTION,src/tracking/advanced_tracker.py:_activate_slot,3092_482_348_839_521
S,0,3092,PREDICTION,src/tracking/advanced_tracker.py:kalman_homography,
S,2,3092,PREDICTION,src/tracking/advanced_tracker.py:kalman_homography,
S,4,3092,PREDICTION,src/tracking/advanced_tracker.py:kalman_homography,
S,5,3092,PREDICTION,src/tracking/advanced_tracker.py:kalman_homography,
S,6,3092,PREDICTION,src/tracking/advanced_tracker.py:kalman_homography,
S,8,3092,PREDICTION,src/tracking/advanced_tracker.py:kalman_homography,
S,9,3092,PREDICTION,src/tracking/advanced_tracker.py:kalman_homography,
S,10,3092,PREDICTION,src/tracking/advanced_tracker.py:kalman_homography,
D,0,3092
S,4,3092,PREDICTION,src/tracking/advanced_tracker.py:id_merge,
L,2,3092,PREDICTION,src/tracking/advanced_tracker.py:kalman_homography,
R,CLAMP,CLAMP,0
L,3,3092,DETECTION,src/tracking/advanced_tracker.py:_activate_slot,3092_482_348_839_521
R,CLAMP,CLAMP,0
L,4,3092,PREDICTION,src/tracking/advanced_tracker.py:id_merge,
R,CLAMP,CLAMP,0
L,5,3092,PREDICTION,src/tracking/advanced_tracker.py:kalman_homography,
R,CLAMP,CLAMP,0
L,6,3092,PREDICTION,src/tracking/advanced_tracker.py:kalman_homography,
R,CLAMP,CLAMP,0
L,8,3092,PREDICTION,src/tracking/advanced_tracker.py:kalman_homography,
R,CLAMP,CLAMP,0
L,9,3092,PREDICTION,src/tracking/advanced_tracker.py:kalman_homography,
R,CLAMP,CLAMP,0
A,3092
S,2,3095,PREDICTION,src/tracking/advanced_tracker.py:kalman_homography,
S,3,3095,PREDICTION,src/tracking/advanced_tracker.py:kalman_homography,
S,4,3095,PREDICTION,src/tracking/advanced_tracker.py:kalman_homography,
S,5,3095,PREDICTION,src/tracking/advanced_tracker.py:kalman_homography,
S,6,3095,PREDICTION,src/tracking/advanced_tracker.py:kalman_homography,
S,8,3095,PREDICTION,src/tracking/advanced_tracker.py:kalman_homography,
S,9,3095,PREDICTION,src/tracking/advanced_tracker.py:kalman_homography,
S,10,3095,PREDICTION,src/tracking/advanced_tracker.py:kalman_homography,
L,2,3095,PREDICTION,src/tracking/advanced_tracker.py:kalman_homography,
R,CLAMP,CLAMP,0
L,3,3095,PREDICTION,src/tracking/advanced_tracker.py:kalman_homography,
R,CLAMP,CLAMP,0
L,4,3095,PREDICTION,src/tracking/advanced_tracker.py:kalman_homography,
R,CLAMP,CLAMP,0
L,5,3095,PREDICTION,src/tracking/advanced_tracker.py:kalman_homography,
R,CLAMP,CLAMP,0
L,6,3095,PREDICTION,src/tracking/advanced_tracker.py:kalman_homography,
R,CLAMP,CLAMP,0
L,8,3095,PREDICTION,src/tracking/advanced_tracker.py:kalman_homography,
R,CLAMP,CLAMP,0
L,9,3095,PREDICTION,src/tracking/advanced_tracker.py:kalman_homography,
R,CLAMP,CLAMP,0
A,3095
S,2,3098,PREDICTION,src/tracking/advanced_tracker.py:kalman_homography,
S,3,3098,PREDICTION,src/tracking/advanced_tracker.py:kalman_homography,
S,4,3098,PREDICTION,src/tracking/advanced_tracker.py:kalman_homography,
S,5,3098,PREDICTION,src/tracking/advanced_tracker.py:kalman_homography,
S,6,3098,PREDICTION,src/tracking/advanced_tracker.py:kalman_homography,
S,8,3098,PREDICTION,src/tracking/advanced_tracker.py:kalman_homography,
S,9,3098,PREDICTION,src/tracking/advanced_tracker.py:kalman_homography,
S,10,3098,PREDICTION,src/tracking/advanced_tracker.py:kalman_homography,
L,2,3098,PREDICTION,src/tracking/advanced_tracker.py:kalman_homography,
R,CLAMP,CLAMP,0
L,3,3098,PREDICTION,src/tracking/advanced_tracker.py:kalman_homography,
R,CLAMP,CLAMP,0
L,4,3098,PREDICTION,src/tracking/advanced_tracker.py:kalman_homography,
R,CLAMP,CLAMP,0
L,5,3098,PREDICTION,src/tracking/advanced_tracker.py:kalman_homography,
R,CLAMP,CLAMP,0
L,6,3098,PREDICTION,src/tracking/advanced_tracker.py:kalman_homography,
R,CLAMP,CLAMP,0
L,8,3098,PREDICTION,src/tracking/advanced_tracker.py:kalman_homography,
R,CLAMP,CLAMP,0
L,9,3098,PREDICTION,src/tracking/advanced_tracker.py:kalman_homography,
R,CLAMP,CLAMP,0
A,3098
S,1,3101,DETECTION,src/tracking/advanced_tracker.py:_activate_slot,3101_522_163_851_349
S,2,3101,PREDICTION,src/tracking/advanced_tracker.py:kalman_homography,
S,3,3101,PREDICTION,src/tracking/advanced_tracker.py:kalman_homography,
S,4,3101,PREDICTION,src/tracking/advanced_tracker.py:kalman_homography,
S,5,3101,PREDICTION,src/tracking/advanced_tracker.py:kalman_homography,
S,6,3101,PREDICTION,src/tracking/advanced_tracker.py:kalman_homography,
S,8,3101,PREDICTION,src/tracking/advanced_tracker.py:kalman_homography,
S,9,3101,PREDICTION,src/tracking/advanced_tracker.py:kalman_homography,
S,10,3101,PREDICTION,src/tracking/advanced_tracker.py:kalman_homography,
L,1,3101,DETECTION,src/tracking/advanced_tracker.py:_activate_slot,3101_522_163_851_349
R,CLAMP,CLAMP,0
L,2,3101,PREDICTION,src/tracking/advanced_tracker.py:kalman_homography,
R,CLAMP,CLAMP,0
L,3,3101,PREDICTION,src/tracking/advanced_tracker.py:kalman_homography,
R,CLAMP,CLAMP,0
L,4,3101,PREDICTION,src/tracking/advanced_tracker.py:kalman_homography,
R,CLAMP,CLAMP,0
L,5,3101,PREDICTION,src/tracking/advanced_tracker.py:kalman_homography,
R,CLAMP,CLAMP,0
L,6,3101,PREDICTION,src/tracking/advanced_tracker.py:kalman_homography,
R,CLAMP,CLAMP,0
L,8,3101,PREDICTION,src/tracking/advanced_tracker.py:kalman_homography,
R,CLAMP,CLAMP,0
L,9,3101,PREDICTION,src/tracking/advanced_tracker.py:kalman_homography,
R,CLAMP,CLAMP,0
A,3101
S,1,3104,DETECTION,src/tracking/advanced_tracker.py:_activate_slot,3104_466_148_849_425
S,2,3104,PREDICTION,src/tracking/advanced_tracker.py:kalman_homography,
S,3,3104,PREDICTION,src/tracking/advanced_tracker.py:kalman_homography,
S,4,3104,PREDICTION,src/tracking/advanced_tracker.py:kalman_homography,
S,6,3104,PREDICTION,src/tracking/advanced_tracker.py:kalman_homography,
S,8,3104,PREDICTION,src/tracking/advanced_tracker.py:kalman_homography,
S,9,3104,PREDICTION,src/tracking/advanced_tracker.py:kalman_homography,
S,10,3104,PREDICTION,src/tracking/advanced_tracker.py:kalman_homography,
S,5,3104,PREDICTION,src/tracking/advanced_tracker.py:flow_gapfill_batched,
D,3,3104
S,1,3104,PREDICTION,src/tracking/advanced_tracker.py:id_merge,
D,9,3104
S,8,3104,PREDICTION,src/tracking/advanced_tracker.py:id_merge,
L,1,3104,PREDICTION,src/tracking/advanced_tracker.py:id_merge,
R,CLAMP,CLAMP,0
L,2,3104,PREDICTION,src/tracking/advanced_tracker.py:kalman_homography,
R,CLAMP,CLAMP,0
L,4,3104,PREDICTION,src/tracking/advanced_tracker.py:kalman_homography,
R,CLAMP,CLAMP,0
L,5,3104,PREDICTION,src/tracking/advanced_tracker.py:flow_gapfill_batched,
R,CLAMP,CLAMP,0
L,6,3104,PREDICTION,src/tracking/advanced_tracker.py:kalman_homography,
R,CLAMP,CLAMP,0
L,8,3104,PREDICTION,src/tracking/advanced_tracker.py:id_merge,
R,CLAMP,CLAMP,0
A,3104
S,7,3107,DETECTION,src/tracking/advanced_tracker.py:_activate_slot,3107_496_1303_812_1507
S,1,3107,PREDICTION,src/tracking/advanced_tracker.py:kalman_homography,
S,2,3107,PREDICTION,src/tracking/advanced_tracker.py:kalman_homography,
S,3,3107,PREDICTION,src/tracking/advanced_tracker.py:kalman_homography,
S,4,3107,PREDICTION,src/tracking/advanced_tracker.py:kalman_homography,
S,8,3107,PREDICTION,src/tracking/advanced_tracker.py:kalman_homography,
S,10,3107,PREDICTION,src/tracking/advanced_tracker.py:kalman_homography,
S,9,3107,PREDICTION,src/tracking/advanced_tracker.py:flow_gapfill_batched,
D,3,3107
S,1,3107,PREDICTION,src/tracking/advanced_tracker.py:id_merge,
D,9,3107
S,8,3107,PREDICTION,src/tracking/advanced_tracker.py:id_merge,
L,1,3107,PREDICTION,src/tracking/advanced_tracker.py:id_merge,
R,CLAMP,CLAMP,0
L,2,3107,PREDICTION,src/tracking/advanced_tracker.py:kalman_homography,
R,CLAMP,CLAMP,0
L,4,3107,PREDICTION,src/tracking/advanced_tracker.py:kalman_homography,
R,CLAMP,CLAMP,0
L,7,3107,DETECTION,src/tracking/advanced_tracker.py:_activate_slot,3107_496_1303_812_1507
R,CLAMP,CLAMP,0
L,8,3107,PREDICTION,src/tracking/advanced_tracker.py:id_merge,
R,CLAMP,CLAMP,0
A,3107
S,1,3110,PREDICTION,src/tracking/advanced_tracker.py:kalman_homography,
S,2,3110,PREDICTION,src/tracking/advanced_tracker.py:kalman_homography,
S,3,3110,PREDICTION,src/tracking/advanced_tracker.py:kalman_homography,
S,4,3110,PREDICTION,src/tracking/advanced_tracker.py:kalman_homography,
S,7,3110,PREDICTION,src/tracking/advanced_tracker.py:kalman_homography,
S,8,3110,PREDICTION,src/tracking/advanced_tracker.py:kalman_homography,
S,10,3110,PREDICTION,src/tracking/advanced_tracker.py:flow_gapfill_batched,
D,3,3110
S,1,3110,PREDICTION,src/tracking/advanced_tracker.py:id_merge,
L,1,3110,PREDICTION,src/tracking/advanced_tracker.py:id_merge,
R,CLAMP,CLAMP,0
L,2,3110,PREDICTION,src/tracking/advanced_tracker.py:kalman_homography,
R,CLAMP,CLAMP,0
L,4,3110,PREDICTION,src/tracking/advanced_tracker.py:kalman_homography,
R,CLAMP,CLAMP,0
L,7,3110,PREDICTION,src/tracking/advanced_tracker.py:kalman_homography,
R,CLAMP,CLAMP,0
L,8,3110,PREDICTION,src/tracking/advanced_tracker.py:kalman_homography,
R,CLAMP,CLAMP,0
A,3110
S,1,3113,DETECTION,src/tracking/advanced_tracker.py:_activate_slot,3113_446_105_716_339
S,3,3113,PREDICTION,src/tracking/advanced_tracker.py:kalman_homography,
S,7,3113,PREDICTION,src/tracking/advanced_tracker.py:kalman_homography,
S,2,3113,PREDICTION,src/tracking/advanced_tracker.py:flow_gapfill_batched,
S,4,3113,PREDICTION,src/tracking/advanced_tracker.py:flow_gapfill_batched,
S,8,3113,PREDICTION,src/tracking/advanced_tracker.py:flow_gapfill_batched,
L,1,3113,DETECTION,src/tracking/advanced_tracker.py:_activate_slot,3113_446_105_716_339
R,CLAMP,CLAMP,0
L,2,3113,PREDICTION,src/tracking/advanced_tracker.py:flow_gapfill_batched,
R,CLAMP,CLAMP,0
L,3,3113,PREDICTION,src/tracking/advanced_tracker.py:kalman_homography,
R,CLAMP,CLAMP,0
L,4,3113,PREDICTION,src/tracking/advanced_tracker.py:flow_gapfill_batched,
R,CLAMP,CLAMP,0
L,7,3113,PREDICTION,src/tracking/advanced_tracker.py:kalman_homography,
R,CLAMP,CLAMP,0
L,8,3113,PREDICTION,src/tracking/advanced_tracker.py:flow_gapfill_batched,
R,CLAMP,CLAMP,0
A,3113
S,0,3116,DETECTION,src/tracking/advanced_tracker.py:_activate_slot,3116_356_418_693_668
S,1,3116,PREDICTION,src/tracking/advanced_tracker.py:kalman_homography,
S,7,3116,PREDICTION,src/tracking/advanced_tracker.py:kalman_homography,
S,3,3116,PREDICTION,src/tracking/advanced_tracker.py:flow_gapfill_batched,
D,3,3116
S,0,3116,PREDICTION,src/tracking/advanced_tracker.py:id_merge,
L,0,3116,PREDICTION,src/tracking/advanced_tracker.py:id_merge,
R,CLAMP,CLAMP,0
L,1,3116,PREDICTION,src/tracking/advanced_tracker.py:kalman_homography,
R,CLAMP,CLAMP,0
L,7,3116,PREDICTION,src/tracking/advanced_tracker.py:kalman_homography,
R,CLAMP,CLAMP,0
A,3116
S,7,3119,DETECTION,src/tracking/advanced_tracker.py:_activate_slot,3119_517_1174_868_1441
S,0,3119,PREDICTION,src/tracking/advanced_tracker.py:kalman_homography,
S,1,3119,PREDICTION,src/tracking/advanced_tracker.py:kalman_homography,
L,0,3119,PREDICTION,src/tracking/advanced_tracker.py:kalman_homography,
R,CLAMP,CLAMP,0
L,1,3119,PREDICTION,src/tracking/advanced_tracker.py:kalman_homography,
R,CLAMP,CLAMP,0
L,7,3119,DETECTION,src/tracking/advanced_tracker.py:_activate_slot,3119_517_1174_868_1441
R,CLAMP,CLAMP,0
A,3119
S,0,3122,PREDICTION,src/tracking/advanced_tracker.py:kalman_homography,
S,1,3122,PREDICTION,src/tracking/advanced_tracker.py:kalman_homography,
S,7,3122,PREDICTION,src/tracking/advanced_tracker.py:kalman_homography,
L,0,3122,PREDICTION,src/tracking/advanced_tracker.py:kalman_homography,
R,CLAMP,CLAMP,0
L,1,3122,PREDICTION,src/tracking/advanced_tracker.py:kalman_homography,
R,CLAMP,CLAMP,0
L,7,3122,PREDICTION,src/tracking/advanced_tracker.py:kalman_homography,
R,CLAMP,CLAMP,0
A,3122
S,5,3125,DETECTION,src/tracking/advanced_tracker.py:_activate_slot,3125_65_1117_316_1249
S,0,3125,PREDICTION,src/tracking/advanced_tracker.py:kalman_homography,
S,1,3125,PREDICTION,src/tracking/advanced_tracker.py:kalman_homography,
S,7,3125,PREDICTION,src/tracking/advanced_tracker.py:kalman_homography,
L,0,3125,PREDICTION,src/tracking/advanced_tracker.py:kalman_homography,
R,CLAMP,CLAMP,0
L,1,3125,PREDICTION,src/tracking/advanced_tracker.py:kalman_homography,
R,CLAMP,CLAMP,0
L,5,3125,DETECTION,src/tracking/advanced_tracker.py:_activate_slot,3125_65_1117_316_1249
R,CLAMP,CLAMP,0
L,7,3125,PREDICTION,src/tracking/advanced_tracker.py:kalman_homography,
R,CLAMP,CLAMP,0
A,3125
S,6,3128,DETECTION,src/tracking/advanced_tracker.py:_activate_slot,3128_161_326_387_490
S,9,3128,DETECTION,src/tracking/advanced_tracker.py:_activate_slot,3128_63_1153_312_1288
S,0,3128,PREDICTION,src/tracking/advanced_tracker.py:kalman_homography,
S,5,3128,PREDICTION,src/tracking/advanced_tracker.py:kalman_homography,
S,7,3128,PREDICTION,src/tracking/advanced_tracker.py:kalman_homography,
S,1,3128,PREDICTION,src/tracking/advanced_tracker.py:flow_gapfill_batched,
D,5,3128
S,9,3128,PREDICTION,src/tracking/advanced_tracker.py:id_merge,
L,0,3128,PREDICTION,src/tracking/advanced_tracker.py:kalman_homography,
R,CLAMP,CLAMP,0
L,1,3128,PREDICTION,src/tracking/advanced_tracker.py:flow_gapfill_batched,
R,CLAMP,CLAMP,0
L,6,3128,DETECTION,src/tracking/advanced_tracker.py:_activate_slot,3128_161_326_387_490
R,DETECTION,DETECTION,1
L,7,3128,PREDICTION,src/tracking/advanced_tracker.py:kalman_homography,
R,CLAMP,CLAMP,0
L,9,3128,PREDICTION,src/tracking/advanced_tracker.py:id_merge,
R,CLAMP,CLAMP,0
A,3128
S,3,3131,DETECTION,src/tracking/advanced_tracker.py:_activate_slot,3131_353_286_692_444
S,10,3131,DETECTION,src/tracking/advanced_tracker.py:_activate_slot,3131_80_832_262_925
S,0,3131,PREDICTION,src/tracking/advanced_tracker.py:kalman_homography,
S,5,3131,PREDICTION,src/tracking/advanced_tracker.py:kalman_homography,
S,6,3131,PREDICTION,src/tracking/advanced_tracker.py:kalman_homography,
S,7,3131,PREDICTION,src/tracking/advanced_tracker.py:kalman_homography,
S,9,3131,PREDICTION,src/tracking/advanced_tracker.py:kalman_homography,
S,1,3131,PREDICTION,src/tracking/advanced_tracker.py:flow_gapfill_batched,
D,1,3131
S,3,3131,PREDICTION,src/tracking/advanced_tracker.py:id_merge,
D,5,3131
S,9,3131,PREDICTION,src/tracking/advanced_tracker.py:id_merge,
L,0,3131,PREDICTION,src/tracking/advanced_tracker.py:kalman_homography,
R,CLAMP,CLAMP,0
L,3,3131,PREDICTION,src/tracking/advanced_tracker.py:id_merge,
R,CLAMP,CLAMP,0
L,6,3131,PREDICTION,src/tracking/advanced_tracker.py:kalman_homography,
R,PREDICTION,PREDICTION,1
L,7,3131,PREDICTION,src/tracking/advanced_tracker.py:kalman_homography,
R,CLAMP,CLAMP,0
L,9,3131,PREDICTION,src/tracking/advanced_tracker.py:id_merge,
R,CLAMP,CLAMP,0
A,3131
S,3,3134,DETECTION,src/tracking/advanced_tracker.py:_activate_slot,3134_345_267_686_449
S,2,3134,DETECTION,src/tracking/advanced_tracker.py:_activate_slot,3134_522_541_868_765
S,4,3134,DETECTION,src/tracking/advanced_tracker.py:_activate_slot,3134_252_882_510_1077
S,8,3134,DETECTION,src/tracking/advanced_tracker.py:_activate_slot,3134_239_637_505_763
S,0,3134,PREDICTION,src/tracking/advanced_tracker.py:kalman_homography,
S,5,3134,PREDICTION,src/tracking/advanced_tracker.py:kalman_homography,
S,6,3134,PREDICTION,src/tracking/advanced_tracker.py:kalman_homography,
S,7,3134,PREDICTION,src/tracking/advanced_tracker.py:kalman_homography,
S,9,3134,PREDICTION,src/tracking/advanced_tracker.py:kalman_homography,
S,10,3134,PREDICTION,src/tracking/advanced_tracker.py:kalman_homography,
S,1,3134,PREDICTION,src/tracking/advanced_tracker.py:flow_gapfill_batched,
D,1,3134
S,3,3134,PREDICTION,src/tracking/advanced_tracker.py:id_merge,
D,5,3134
S,9,3134,PREDICTION,src/tracking/advanced_tracker.py:id_merge,
L,0,3134,PREDICTION,src/tracking/advanced_tracker.py:kalman_homography,
R,CLAMP,CLAMP,0
L,2,3134,DETECTION,src/tracking/advanced_tracker.py:_activate_slot,3134_522_541_868_765
R,CLAMP,CLAMP,0
L,3,3134,PREDICTION,src/tracking/advanced_tracker.py:id_merge,
R,CLAMP,CLAMP,0
L,4,3134,DETECTION,src/tracking/advanced_tracker.py:_activate_slot,3134_252_882_510_1077
R,CLAMP,CLAMP,0
L,6,3134,PREDICTION,src/tracking/advanced_tracker.py:kalman_homography,
R,PREDICTION,SUBPIXEL,0
L,7,3134,PREDICTION,src/tracking/advanced_tracker.py:kalman_homography,
R,CLAMP,CLAMP,0
L,8,3134,DETECTION,src/tracking/advanced_tracker.py:_activate_slot,3134_239_637_505_763
R,CLAMP,CLAMP,0
L,9,3134,PREDICTION,src/tracking/advanced_tracker.py:id_merge,
R,CLAMP,CLAMP,0
A,3134
S,3,3137,DETECTION,src/tracking/advanced_tracker.py:_activate_slot,3137_321_259_672_466
S,0,3137,PREDICTION,src/tracking/advanced_tracker.py:kalman_homography,
S,2,3137,PREDICTION,src/tracking/advanced_tracker.py:kalman_homography,
S,4,3137,PREDICTION,src/tracking/advanced_tracker.py:kalman_homography,
S,5,3137,PREDICTION,src/tracking/advanced_tracker.py:kalman_homography,
S,6,3137,PREDICTION,src/tracking/advanced_tracker.py:kalman_homography,
S,7,3137,PREDICTION,src/tracking/advanced_tracker.py:kalman_homography,
S,8,3137,PREDICTION,src/tracking/advanced_tracker.py:kalman_homography,
S,9,3137,PREDICTION,src/tracking/advanced_tracker.py:kalman_homography,
S,10,3137,PREDICTION,src/tracking/advanced_tracker.py:kalman_homography,
S,1,3137,PREDICTION,src/tracking/advanced_tracker.py:flow_gapfill_batched,
D,1,3137
S,3,3137,PREDICTION,src/tracking/advanced_tracker.py:id_merge,
D,5,3137
S,9,3137,PREDICTION,src/tracking/advanced_tracker.py:id_merge,
L,0,3137,PREDICTION,src/tracking/advanced_tracker.py:kalman_homography,
R,CLAMP,CLAMP,0
L,2,3137,PREDICTION,src/tracking/advanced_tracker.py:kalman_homography,
R,CLAMP,CLAMP,0
L,3,3137,PREDICTION,src/tracking/advanced_tracker.py:id_merge,
R,CLAMP,CLAMP,0
L,4,3137,PREDICTION,src/tracking/advanced_tracker.py:kalman_homography,
R,CLAMP,CLAMP,0
L,6,3137,PREDICTION,src/tracking/advanced_tracker.py:kalman_homography,
R,PREDICTION,SUBPIXEL,0
L,7,3137,PREDICTION,src/tracking/advanced_tracker.py:kalman_homography,
R,CLAMP,CLAMP,0
L,8,3137,PREDICTION,src/tracking/advanced_tracker.py:kalman_homography,
R,CLAMP,CLAMP,0
L,9,3137,PREDICTION,src/tracking/advanced_tracker.py:id_merge,
R,CLAMP,CLAMP,0
A,3137
S,3,3140,DETECTION,src/tracking/advanced_tracker.py:_activate_slot,3140_154_253_657_461
S,2,3140,PREDICTION,src/tracking/advanced_tracker.py:kalman_homography,
S,4,3140,PREDICTION,src/tracking/advanced_tracker.py:kalman_homography,
S,5,3140,PREDICTION,src/tracking/advanced_tracker.py:kalman_homography,
S,6,3140,PREDICTION,src/tracking/advanced_tracker.py:kalman_homography,
S,7,3140,PREDICTION,src/tracking/advanced_tracker.py:kalman_homography,
S,8,3140,PREDICTION,src/tracking/advanced_tracker.py:kalman_homography,
S,9,3140,PREDICTION,src/tracking/advanced_tracker.py:kalman_homography,
S,10,3140,PREDICTION,src/tracking/advanced_tracker.py:kalman_homography,
S,0,3140,PREDICTION,src/tracking/advanced_tracker.py:flow_gapfill_batched,
D,0,3140
S,2,3140,PREDICTION,src/tracking/advanced_tracker.py:id_merge,
D,5,3140
S,9,3140,PREDICTION,src/tracking/advanced_tracker.py:id_merge,
L,2,3140,PREDICTION,src/tracking/advanced_tracker.py:id_merge,
R,CLAMP,CLAMP,0
L,3,3140,DETECTION,src/tracking/advanced_tracker.py:_activate_slot,3140_154_253_657_461
R,CLAMP,CLAMP,0
L,4,3140,PREDICTION,src/tracking/advanced_tracker.py:kalman_homography,
R,CLAMP,CLAMP,0
L,6,3140,PREDICTION,src/tracking/advanced_tracker.py:kalman_homography,
R,PREDICTION,SUBPIXEL,0
L,7,3140,PREDICTION,src/tracking/advanced_tracker.py:kalman_homography,
R,CLAMP,CLAMP,0
L,8,3140,PREDICTION,src/tracking/advanced_tracker.py:kalman_homography,
R,CLAMP,CLAMP,0
L,9,3140,PREDICTION,src/tracking/advanced_tracker.py:id_merge,
R,CLAMP,CLAMP,0
A,3140
S,2,3143,PREDICTION,src/tracking/advanced_tracker.py:kalman_homography,
S,3,3143,PREDICTION,src/tracking/advanced_tracker.py:kalman_homography,
S,4,3143,PREDICTION,src/tracking/advanced_tracker.py:kalman_homography,
S,5,3143,PREDICTION,src/tracking/advanced_tracker.py:kalman_homography,
S,6,3143,PREDICTION,src/tracking/advanced_tracker.py:kalman_homography,
S,8,3143,PREDICTION,src/tracking/advanced_tracker.py:kalman_homography,
S,9,3143,PREDICTION,src/tracking/advanced_tracker.py:kalman_homography,
S,10,3143,PREDICTION,src/tracking/advanced_tracker.py:kalman_homography,
S,7,3143,PREDICTION,src/tracking/advanced_tracker.py:flow_gapfill_batched,
D,5,3143
S,9,3143,PREDICTION,src/tracking/advanced_tracker.py:id_merge,
L,2,3143,PREDICTION,src/tracking/advanced_tracker.py:kalman_homography,
R,CLAMP,CLAMP,0
L,3,3143,PREDICTION,src/tracking/advanced_tracker.py:kalman_homography,
R,CLAMP,CLAMP,0
L,4,3143,PREDICTION,src/tracking/advanced_tracker.py:kalman_homography,
R,CLAMP,CLAMP,0
L,6,3143,PREDICTION,src/tracking/advanced_tracker.py:kalman_homography,
R,PREDICTION,SUBPIXEL,0
L,7,3143,PREDICTION,src/tracking/advanced_tracker.py:flow_gapfill_batched,
R,CLAMP,CLAMP,0
L,8,3143,PREDICTION,src/tracking/advanced_tracker.py:kalman_homography,
R,CLAMP,CLAMP,0
L,9,3143,PREDICTION,src/tracking/advanced_tracker.py:id_merge,
R,CLAMP,CLAMP,0
A,3143
S,2,3146,PREDICTION,src/tracking/advanced_tracker.py:kalman_homography,
S,3,3146,PREDICTION,src/tracking/advanced_tracker.py:kalman_homography,
S,4,3146,PREDICTION,src/tracking/advanced_tracker.py:kalman_homography,
S,5,3146,PREDICTION,src/tracking/advanced_tracker.py:kalman_homography,
S,6,3146,PREDICTION,src/tracking/advanced_tracker.py:kalman_homography,
S,8,3146,PREDICTION,src/tracking/advanced_tracker.py:kalman_homography,
S,9,3146,PREDICTION,src/tracking/advanced_tracker.py:kalman_homography,
S,10,3146,PREDICTION,src/tracking/advanced_tracker.py:kalman_homography,
D,5,3146
S,9,3146,PREDICTION,src/tracking/advanced_tracker.py:id_merge,
L,2,3146,PREDICTION,src/tracking/advanced_tracker.py:kalman_homography,
R,CLAMP,CLAMP,0
L,3,3146,PREDICTION,src/tracking/advanced_tracker.py:kalman_homography,
R,CLAMP,CLAMP,0
L,4,3146,PREDICTION,src/tracking/advanced_tracker.py:kalman_homography,
R,CLAMP,CLAMP,0
L,6,3146,PREDICTION,src/tracking/advanced_tracker.py:kalman_homography,
R,PREDICTION,SUBPIXEL,0
L,8,3146,PREDICTION,src/tracking/advanced_tracker.py:kalman_homography,
R,CLAMP,CLAMP,0
L,9,3146,PREDICTION,src/tracking/advanced_tracker.py:id_merge,
R,CLAMP,CLAMP,0
A,3146
S,2,3149,PREDICTION,src/tracking/advanced_tracker.py:kalman_homography,
S,3,3149,PREDICTION,src/tracking/advanced_tracker.py:kalman_homography,
S,4,3149,PREDICTION,src/tracking/advanced_tracker.py:kalman_homography,
S,6,3149,PREDICTION,src/tracking/advanced_tracker.py:kalman_homography,
S,8,3149,PREDICTION,src/tracking/advanced_tracker.py:kalman_homography,
S,9,3149,PREDICTION,src/tracking/advanced_tracker.py:kalman_homography,
S,10,3149,PREDICTION,src/tracking/advanced_tracker.py:kalman_homography,
S,5,3149,PREDICTION,src/tracking/advanced_tracker.py:flow_gapfill_batched,
D,5,3149
S,9,3149,PREDICTION,src/tracking/advanced_tracker.py:id_merge,
L,2,3149,PREDICTION,src/tracking/advanced_tracker.py:kalman_homography,
R,CLAMP,CLAMP,0
L,3,3149,PREDICTION,src/tracking/advanced_tracker.py:kalman_homography,
R,CLAMP,CLAMP,0
L,4,3149,PREDICTION,src/tracking/advanced_tracker.py:kalman_homography,
R,CLAMP,CLAMP,0
L,6,3149,PREDICTION,src/tracking/advanced_tracker.py:kalman_homography,
R,PREDICTION,SUBPIXEL,0
L,8,3149,PREDICTION,src/tracking/advanced_tracker.py:kalman_homography,
R,CLAMP,CLAMP,0
L,9,3149,PREDICTION,src/tracking/advanced_tracker.py:id_merge,
R,CLAMP,CLAMP,0
A,3149
S,2,3152,PREDICTION,src/tracking/advanced_tracker.py:kalman_homography,
S,3,3152,PREDICTION,src/tracking/advanced_tracker.py:kalman_homography,
S,4,3152,PREDICTION,src/tracking/advanced_tracker.py:kalman_homography,
S,8,3152,PREDICTION,src/tracking/advanced_tracker.py:kalman_homography,
S,10,3152,PREDICTION,src/tracking/advanced_tracker.py:kalman_homography,
S,6,3152,PREDICTION,src/tracking/advanced_tracker.py:flow_gapfill_batched,
S,9,3152,PREDICTION,src/tracking/advanced_tracker.py:flow_gapfill_batched,
L,2,3152,PREDICTION,src/tracking/advanced_tracker.py:kalman_homography,
R,CLAMP,CLAMP,0
L,3,3152,PREDICTION,src/tracking/advanced_tracker.py:kalman_homography,
R,CLAMP,CLAMP,0
L,4,3152,PREDICTION,src/tracking/advanced_tracker.py:kalman_homography,
R,CLAMP,CLAMP,0
L,6,3152,PREDICTION,src/tracking/advanced_tracker.py:flow_gapfill_batched,
R,PREDICTION,PREDICTION,1
L,8,3152,PREDICTION,src/tracking/advanced_tracker.py:kalman_homography,
R,CLAMP,CLAMP,0
L,9,3152,PREDICTION,src/tracking/advanced_tracker.py:flow_gapfill_batched,
R,CLAMP,CLAMP,0
A,3152
S,2,3155,PREDICTION,src/tracking/advanced_tracker.py:kalman_homography,
S,3,3155,PREDICTION,src/tracking/advanced_tracker.py:kalman_homography,
S,4,3155,PREDICTION,src/tracking/advanced_tracker.py:kalman_homography,
S,8,3155,PREDICTION,src/tracking/advanced_tracker.py:kalman_homography,
S,10,3155,PREDICTION,src/tracking/advanced_tracker.py:flow_gapfill_batched,
L,2,3155,PREDICTION,src/tracking/advanced_tracker.py:kalman_homography,
R,CLAMP,CLAMP,0
L,3,3155,PREDICTION,src/tracking/advanced_tracker.py:kalman_homography,
R,CLAMP,CLAMP,0
L,4,3155,PREDICTION,src/tracking/advanced_tracker.py:kalman_homography,
R,CLAMP,CLAMP,0
L,8,3155,PREDICTION,src/tracking/advanced_tracker.py:kalman_homography,
R,CLAMP,CLAMP,0
A,3155
S,1,3158,DETECTION,src/tracking/advanced_tracker.py:_activate_slot,3158_288_645_536_802
S,3,3158,PREDICTION,src/tracking/advanced_tracker.py:kalman_homography,
S,4,3158,PREDICTION,src/tracking/advanced_tracker.py:flow_gapfill_batched,
L,1,3158,DETECTION,src/tracking/advanced_tracker.py:_activate_slot,3158_288_645_536_802
R,CLAMP,CLAMP,0
L,3,3158,PREDICTION,src/tracking/advanced_tracker.py:kalman_homography,
R,CLAMP,CLAMP,0
L,4,3158,PREDICTION,src/tracking/advanced_tracker.py:flow_gapfill_batched,
R,CLAMP,CLAMP,0
A,3158
S,0,3161,DETECTION,src/tracking/advanced_tracker.py:_activate_slot,3161_591_960_797_1084
S,1,3161,PREDICTION,src/tracking/advanced_tracker.py:kalman_homography,
S,3,3161,PREDICTION,src/tracking/advanced_tracker.py:kalman_homography,
L,0,3161,DETECTION,src/tracking/advanced_tracker.py:_activate_slot,3161_591_960_797_1084
R,CLAMP,CLAMP,0
L,1,3161,PREDICTION,src/tracking/advanced_tracker.py:kalman_homography,
R,CLAMP,CLAMP,0
L,3,3161,PREDICTION,src/tracking/advanced_tracker.py:kalman_homography,
R,CLAMP,CLAMP,0
A,3161
S,7,3164,DETECTION,src/tracking/advanced_tracker.py:_activate_slot,3164_158_148_426_326
S,0,3164,PREDICTION,src/tracking/advanced_tracker.py:kalman_homography,
S,1,3164,PREDICTION,src/tracking/advanced_tracker.py:kalman_homography,
S,3,3164,PREDICTION,src/tracking/advanced_tracker.py:flow_gapfill_batched,
L,0,3164,PREDICTION,src/tracking/advanced_tracker.py:kalman_homography,
R,CLAMP,CLAMP,0
L,1,3164,PREDICTION,src/tracking/advanced_tracker.py:kalman_homography,
R,CLAMP,CLAMP,0
L,3,3164,PREDICTION,src/tracking/advanced_tracker.py:flow_gapfill_batched,
R,CLAMP,CLAMP,0
L,7,3164,DETECTION,src/tracking/advanced_tracker.py:_activate_slot,3164_158_148_426_326
R,CLAMP,CLAMP,0
A,3164
S,0,3167,PREDICTION,src/tracking/advanced_tracker.py:kalman_homography,
S,1,3167,PREDICTION,src/tracking/advanced_tracker.py:kalman_homography,
S,7,3167,PREDICTION,src/tracking/advanced_tracker.py:kalman_homography,
L,0,3167,PREDICTION,src/tracking/advanced_tracker.py:kalman_homography,
R,CLAMP,CLAMP,0
L,1,3167,PREDICTION,src/tracking/advanced_tracker.py:kalman_homography,
R,CLAMP,CLAMP,0
L,7,3167,PREDICTION,src/tracking/advanced_tracker.py:kalman_homography,
R,CLAMP,CLAMP,0
A,3167
S,7,3170,DETECTION,src/tracking/advanced_tracker.py:_activate_slot,3170_128_103_576_351
S,5,3170,DETECTION,src/tracking/advanced_tracker.py:_activate_slot,3170_55_1753_317_1870
S,0,3170,PREDICTION,src/tracking/advanced_tracker.py:kalman_homography,
S,1,3170,PREDICTION,src/tracking/advanced_tracker.py:kalman_homography,
L,0,3170,PREDICTION,src/tracking/advanced_tracker.py:kalman_homography,
R,CLAMP,CLAMP,0
L,1,3170,PREDICTION,src/tracking/advanced_tracker.py:kalman_homography,
R,CLAMP,CLAMP,0
L,5,3170,DETECTION,src/tracking/advanced_tracker.py:_activate_slot,3170_55_1753_317_1870
R,CLAMP,CLAMP,0
L,7,3170,DETECTION,src/tracking/advanced_tracker.py:_activate_slot,3170_128_103_576_351
R,CLAMP,CLAMP,0
A,3170
S,1,3173,DETECTION,src/tracking/advanced_tracker.py:_activate_slot,3173_318_672_563_812
S,6,3173,DETECTION,src/tracking/advanced_tracker.py:_activate_slot,3173_46_1794_314_1926
S,9,3173,DETECTION,src/tracking/advanced_tracker.py:_activate_slot,3173_86_391_188_494
S,0,3173,PREDICTION,src/tracking/advanced_tracker.py:kalman_homography,
S,5,3173,PREDICTION,src/tracking/advanced_tracker.py:kalman_homography,
S,7,3173,PREDICTION,src/tracking/advanced_tracker.py:kalman_homography,
D,5,3173
S,6,3173,PREDICTION,src/tracking/advanced_tracker.py:id_merge,
L,0,3173,PREDICTION,src/tracking/advanced_tracker.py:kalman_homography,
R,CLAMP,CLAMP,0
L,1,3173,DETECTION,src/tracking/advanced_tracker.py:_activate_slot,3173_318_672_563_812
R,CLAMP,CLAMP,0
L,6,3173,PREDICTION,src/tracking/advanced_tracker.py:id_merge,
R,CLAMP,CLAMP,0
L,7,3173,PREDICTION,src/tracking/advanced_tracker.py:kalman_homography,
R,CLAMP,CLAMP,0
L,9,3173,DETECTION,src/tracking/advanced_tracker.py:_activate_slot,3173_86_391_188_494
R,CLAMP,CLAMP,0
A,3173
S,9,3176,DETECTION,src/tracking/advanced_tracker.py:_activate_slot,3176_95_348_185_443
S,10,3176,DETECTION,src/tracking/advanced_tracker.py:_activate_slot,3176_56_1516_244_1609
S,0,3176,PREDICTION,src/tracking/advanced_tracker.py:kalman_homography,
S,1,3176,PREDICTION,src/tracking/advanced_tracker.py:kalman_homography,
S,5,3176,PREDICTION,src/tracking/advanced_tracker.py:kalman_homography,
S,6,3176,PREDICTION,src/tracking/advanced_tracker.py:kalman_homography,
S,7,3176,PREDICTION,src/tracking/advanced_tracker.py:kalman_homography,
D,5,3176
S,6,3176,PREDICTION,src/tracking/advanced_tracker.py:id_merge,
L,0,3176,PREDICTION,src/tracking/advanced_tracker.py:kalman_homography,
R,CLAMP,CLAMP,0
L,1,3176,PREDICTION,src/tracking/advanced_tracker.py:kalman_homography,
R,CLAMP,CLAMP,0
L,6,3176,PREDICTION,src/tracking/advanced_tracker.py:id_merge,
R,CLAMP,CLAMP,0
L,7,3176,PREDICTION,src/tracking/advanced_tracker.py:kalman_homography,
R,CLAMP,CLAMP,0
L,9,3176,DETECTION,src/tracking/advanced_tracker.py:_activate_slot,3176_95_348_185_443
R,CLAMP,CLAMP,0
A,3176
S,1,3179,DETECTION,src/tracking/advanced_tracker.py:_activate_slot,3179_327_670_581_834
S,10,3179,DETECTION,src/tracking/advanced_tracker.py:_activate_slot,3179_56_1560_252_1656
S,2,3179,DETECTION,src/tracking/advanced_tracker.py:_activate_slot,3179_606_1770_982_1905
S,4,3179,DETECTION,src/tracking/advanced_tracker.py:_activate_slot,3179_296_919_572_1072
S,8,3179,DETECTION,src/tracking/advanced_tracker.py:_activate_slot,3179_136_78_375_175
S,0,3179,PREDICTION,src/tracking/advanced_tracker.py:kalman_homography,
S,5,3179,PREDICTION,src/tracking/advanced_tracker.py:kalman_homography,
S,6,3179,PREDICTION,src/tracking/advanced_tracker.py:kalman_homography,
S,7,3179,PREDICTION,src/tracking/advanced_tracker.py:kalman_homography,
S,9,3179,PREDICTION,src/tracking/advanced_tracker.py:kalman_homography,
D,5,3179
S,6,3179,PREDICTION,src/tracking/advanced_tracker.py:id_merge,
L,0,3179,PREDICTION,src/tracking/advanced_tracker.py:kalman_homography,
R,CLAMP,CLAMP,0
L,1,3179,DETECTION,src/tracking/advanced_tracker.py:_activate_slot,3179_327_670_581_834
R,CLAMP,CLAMP,0
L,2,3179,DETECTION,src/tracking/advanced_tracker.py:_activate_slot,3179_606_1770_982_1905
R,DETECTION,DETECTION,1
L,4,3179,DETECTION,src/tracking/advanced_tracker.py:_activate_slot,3179_296_919_572_1072
R,CLAMP,CLAMP,0
L,6,3179,PREDICTION,src/tracking/advanced_tracker.py:id_merge,
R,CLAMP,CLAMP,0
L,7,3179,PREDICTION,src/tracking/advanced_tracker.py:kalman_homography,
R,CLAMP,CLAMP,0
L,8,3179,DETECTION,src/tracking/advanced_tracker.py:_activate_slot,3179_136_78_375_175
R,CLAMP,CLAMP,0
L,9,3179,PREDICTION,src/tracking/advanced_tracker.py:kalman_homography,
R,CLAMP,CLAMP,0
A,3179
S,1,3182,DETECTION,src/tracking/advanced_tracker.py:_activate_slot,3182_341_681_568_840
S,2,3182,DETECTION,src/tracking/advanced_tracker.py:_activate_slot,3182_600_1755_984_1917
S,0,3182,PREDICTION,src/tracking/advanced_tracker.py:kalman_homography,
S,4,3182,PREDICTION,src/tracking/advanced_tracker.py:kalman_homography,
S,5,3182,PREDICTION,src/tracking/advanced_tracker.py:kalman_homography,
S,6,3182,PREDICTION,src/tracking/advanced_tracker.py:kalman_homography,
S,7,3182,PREDICTION,src/tracking/advanced_tracker.py:kalman_homography,
S,8,3182,PREDICTION,src/tracking/advanced_tracker.py:kalman_homography,
S,9,3182,PREDICTION,src/tracking/advanced_tracker.py:kalman_homography,
S,10,3182,PREDICTION,src/tracking/advanced_tracker.py:kalman_homography,
D,0,3182
S,4,3182,PREDICTION,src/tracking/advanced_tracker.py:id_merge,
D,5,3182
S,6,3182,PREDICTION,src/tracking/advanced_tracker.py:id_merge,
L,1,3182,DETECTION,src/tracking/advanced_tracker.py:_activate_slot,3182_341_681_568_840
R,CLAMP,CLAMP,0
L,2,3182,DETECTION,src/tracking/advanced_tracker.py:_activate_slot,3182_600_1755_984_1917
R,DETECTION,DETECTION,1
L,4,3182,PREDICTION,src/tracking/advanced_tracker.py:id_merge,
R,CLAMP,CLAMP,0
L,6,3182,PREDICTION,src/tracking/advanced_tracker.py:id_merge,
R,CLAMP,CLAMP,0
L,7,3182,PREDICTION,src/tracking/advanced_tracker.py:kalman_homography,
R,CLAMP,CLAMP,0
L,8,3182,PREDICTION,src/tracking/advanced_tracker.py:kalman_homography,
R,CLAMP,CLAMP,0
L,9,3182,PREDICTION,src/tracking/advanced_tracker.py:kalman_homography,
R,CLAMP,CLAMP,0
A,3182
S,2,3185,DETECTION,src/tracking/advanced_tracker.py:_activate_slot,3185_593_1705_987_1930
S,4,3185,DETECTION,src/tracking/advanced_tracker.py:_activate_slot,3185_339_948_589_1055
S,3,3185,DETECTION,src/tracking/advanced_tracker.py:_activate_slot,3185_273_113_579_312
S,1,3185,PREDICTION,src/tracking/advanced_tracker.py:kalman_homography,
S,5,3185,PREDICTION,src/tracking/advanced_tracker.py:kalman_homography,
S,6,3185,PREDICTION,src/tracking/advanced_tracker.py:kalman_homography,
S,7,3185,PREDICTION,src/tracking/advanced_tracker.py:kalman_homography,
S,8,3185,PREDICTION,src/tracking/advanced_tracker.py:kalman_homography,
S,9,3185,PREDICTION,src/tracking/advanced_tracker.py:kalman_homography,
S,10,3185,PREDICTION,src/tracking/advanced_tracker.py:kalman_homography,
S,0,3185,PREDICTION,src/tracking/advanced_tracker.py:flow_gapfill_batched,
D,0,3185
S,4,3185,PREDICTION,src/tracking/advanced_tracker.py:id_merge,
D,5,3185
S,6,3185,PREDICTION,src/tracking/advanced_tracker.py:id_merge,
L,1,3185,PREDICTION,src/tracking/advanced_tracker.py:kalman_homography,
R,CLAMP,CLAMP,0
L,2,3185,DETECTION,src/tracking/advanced_tracker.py:_activate_slot,3185_593_1705_987_1930
R,DETECTION,DETECTION,1
L,3,3185,DETECTION,src/tracking/advanced_tracker.py:_activate_slot,3185_273_113_579_312
R,CLAMP,CLAMP,0
L,4,3185,PREDICTION,src/tracking/advanced_tracker.py:id_merge,
R,CLAMP,CLAMP,0
L,6,3185,PREDICTION,src/tracking/advanced_tracker.py:id_merge,
R,CLAMP,CLAMP,0
L,7,3185,PREDICTION,src/tracking/advanced_tracker.py:kalman_homography,
R,CLAMP,CLAMP,0
L,8,3185,PREDICTION,src/tracking/advanced_tracker.py:kalman_homography,
R,CLAMP,CLAMP,0
L,9,3185,PREDICTION,src/tracking/advanced_tracker.py:kalman_homography,
R,CLAMP,CLAMP,0
A,3185
S,1,3188,DETECTION,src/tracking/advanced_tracker.py:_activate_slot,3188_361_682_633_825
S,2,3188,PREDICTION,src/tracking/advanced_tracker.py:kalman_homography,
S,3,3188,PREDICTION,src/tracking/advanced_tracker.py:kalman_homography,
S,4,3188,PREDICTION,src/tracking/advanced_tracker.py:kalman_homography,
S,5,3188,PREDICTION,src/tracking/advanced_tracker.py:kalman_homography,
S,6,3188,PREDICTION,src/tracking/advanced_tracker.py:kalman_homography,
S,7,3188,PREDICTION,src/tracking/advanced_tracker.py:kalman_homography,
S,8,3188,PREDICTION,src/tracking/advanced_tracker.py:kalman_homography,
S,9,3188,PREDICTION,src/tracking/advanced_tracker.py:kalman_homography,
S,10,3188,PREDICTION,src/tracking/advanced_tracker.py:kalman_homography,
D,5,3188
S,6,3188,PREDICTION,src/tracking/advanced_tracker.py:id_merge,
L,1,3188,DETECTION,src/tracking/advanced_tracker.py:_activate_slot,3188_361_682_633_825
R,CLAMP,CLAMP,0
L,2,3188,PREDICTION,src/tracking/advanced_tracker.py:kalman_homography,
R,PREDICTION,PREDICTION,1
L,3,3188,PREDICTION,src/tracking/advanced_tracker.py:kalman_homography,
R,CLAMP,CLAMP,0
L,4,3188,PREDICTION,src/tracking/advanced_tracker.py:kalman_homography,
R,CLAMP,CLAMP,0
L,6,3188,PREDICTION,src/tracking/advanced_tracker.py:id_merge,
R,CLAMP,CLAMP,0
L,7,3188,PREDICTION,src/tracking/advanced_tracker.py:kalman_homography,
R,CLAMP,CLAMP,0
L,8,3188,PREDICTION,src/tracking/advanced_tracker.py:kalman_homography,
R,CLAMP,CLAMP,0
L,9,3188,PREDICTION,src/tracking/advanced_tracker.py:kalman_homography,
R,CLAMP,CLAMP,0
A,3188
S,1,3191,PREDICTION,src/tracking/advanced_tracker.py:kalman_homography,
S,2,3191,PREDICTION,src/tracking/advanced_tracker.py:kalman_homography,
S,3,3191,PREDICTION,src/tracking/advanced_tracker.py:kalman_homography,
S,4,3191,PREDICTION,src/tracking/advanced_tracker.py:kalman_homography,
S,5,3191,PREDICTION,src/tracking/advanced_tracker.py:kalman_homography,
S,6,3191,PREDICTION,src/tracking/advanced_tracker.py:kalman_homography,
S,7,3191,PREDICTION,src/tracking/advanced_tracker.py:kalman_homography,
S,8,3191,PREDICTION,src/tracking/advanced_tracker.py:kalman_homography,
S,9,3191,PREDICTION,src/tracking/advanced_tracker.py:kalman_homography,
S,10,3191,PREDICTION,src/tracking/advanced_tracker.py:kalman_homography,
D,5,3191
S,6,3191,PREDICTION,src/tracking/advanced_tracker.py:id_merge,
L,1,3191,PREDICTION,src/tracking/advanced_tracker.py:kalman_homography,
R,CLAMP,CLAMP,0
L,2,3191,PREDICTION,src/tracking/advanced_tracker.py:kalman_homography,
R,PREDICTION,PREDICTION,1
L,3,3191,PREDICTION,src/tracking/advanced_tracker.py:kalman_homography,
R,CLAMP,CLAMP,0
L,4,3191,PREDICTION,src/tracking/advanced_tracker.py:kalman_homography,
R,CLAMP,CLAMP,0
L,6,3191,PREDICTION,src/tracking/advanced_tracker.py:id_merge,
R,CLAMP,CLAMP,0
L,7,3191,PREDICTION,src/tracking/advanced_tracker.py:kalman_homography,
R,CLAMP,CLAMP,0
L,8,3191,PREDICTION,src/tracking/advanced_tracker.py:kalman_homography,
R,CLAMP,CLAMP,0
L,9,3191,PREDICTION,src/tracking/advanced_tracker.py:kalman_homography,
R,CLAMP,CLAMP,0
A,3191
S,1,3194,DETECTION,src/tracking/advanced_tracker.py:_activate_slot,3194_361_695_649_861
S,4,3194,DETECTION,src/tracking/advanced_tracker.py:_activate_slot,3194_331_928_507_1113
S,2,3194,PREDICTION,src/tracking/advanced_tracker.py:kalman_homography,
S,3,3194,PREDICTION,src/tracking/advanced_tracker.py:kalman_homography,
S,6,3194,PREDICTION,src/tracking/advanced_tracker.py:kalman_homography,
S,8,3194,PREDICTION,src/tracking/advanced_tracker.py:kalman_homography,
S,9,3194,PREDICTION,src/tracking/advanced_tracker.py:kalman_homography,
S,10,3194,PREDICTION,src/tracking/advanced_tracker.py:kalman_homography,
S,5,3194,PREDICTION,src/tracking/advanced_tracker.py:flow_gapfill_batched,
S,7,3194,PREDICTION,src/tracking/advanced_tracker.py:flow_gapfill_batched,
D,5,3194
S,6,3194,PREDICTION,src/tracking/advanced_tracker.py:id_merge,
D,7,3194
S,8,3194,PREDICTION,src/tracking/advanced_tracker.py:id_merge,
L,1,3194,DETECTION,src/tracking/advanced_tracker.py:_activate_slot,3194_361_695_649_861
R,CLAMP,CLAMP,0
L,2,3194,PREDICTION,src/tracking/advanced_tracker.py:kalman_homography,
R,PREDICTION,PREDICTION,1
L,3,3194,PREDICTION,src/tracking/advanced_tracker.py:kalman_homography,
R,CLAMP,CLAMP,0
L,4,3194,DETECTION,src/tracking/advanced_tracker.py:_activate_slot,3194_331_928_507_1113
R,CLAMP,CLAMP,0
L,6,3194,PREDICTION,src/tracking/advanced_tracker.py:id_merge,
R,CLAMP,CLAMP,0
L,8,3194,PREDICTION,src/tracking/advanced_tracker.py:id_merge,
R,CLAMP,CLAMP,0
L,9,3194,PREDICTION,src/tracking/advanced_tracker.py:kalman_homography,
R,CLAMP,CLAMP,0
A,3194
S,1,3197,DETECTION,src/tracking/advanced_tracker.py:_activate_slot,3197_376_732_546_849
S,2,3197,PREDICTION,src/tracking/advanced_tracker.py:kalman_homography,
S,3,3197,PREDICTION,src/tracking/advanced_tracker.py:kalman_homography,
S,4,3197,PREDICTION,src/tracking/advanced_tracker.py:kalman_homography,
S,8,3197,PREDICTION,src/tracking/advanced_tracker.py:kalman_homography,
S,9,3197,PREDICTION,src/tracking/advanced_tracker.py:kalman_homography,
S,10,3197,PREDICTION,src/tracking/advanced_tracker.py:kalman_homography,
S,6,3197,PREDICTION,src/tracking/advanced_tracker.py:flow_gapfill_batched,
L,1,3197,DETECTION,src/tracking/advanced_tracker.py:_activate_slot,3197_376_732_546_849
R,CLAMP,CLAMP,0
L,2,3197,PREDICTION,src/tracking/advanced_tracker.py:kalman_homography,
R,PREDICTION,PREDICTION,1
L,3,3197,PREDICTION,src/tracking/advanced_tracker.py:kalman_homography,
R,CLAMP,CLAMP,0
L,4,3197,PREDICTION,src/tracking/advanced_tracker.py:kalman_homography,
R,CLAMP,CLAMP,0
L,6,3197,PREDICTION,src/tracking/advanced_tracker.py:flow_gapfill_batched,
R,CLAMP,CLAMP,0
L,8,3197,PREDICTION,src/tracking/advanced_tracker.py:kalman_homography,
R,CLAMP,CLAMP,0
L,9,3197,PREDICTION,src/tracking/advanced_tracker.py:kalman_homography,
R,CLAMP,CLAMP,0
A,3197
S,4,3200,DETECTION,src/tracking/advanced_tracker.py:_activate_slot,3200_342_924_552_1075
S,1,3200,PREDICTION,src/tracking/advanced_tracker.py:kalman_homography,
S,2,3200,PREDICTION,src/tracking/advanced_tracker.py:kalman_homography,
S,3,3200,PREDICTION,src/tracking/advanced_tracker.py:kalman_homography,
S,8,3200,PREDICTION,src/tracking/advanced_tracker.py:kalman_homography,
S,10,3200,PREDICTION,src/tracking/advanced_tracker.py:kalman_homography,
S,9,3200,PREDICTION,src/tracking/advanced_tracker.py:flow_gapfill_batched,
L,1,3200,PREDICTION,src/tracking/advanced_tracker.py:kalman_homography,
R,CLAMP,CLAMP,0
L,2,3200,PREDICTION,src/tracking/advanced_tracker.py:kalman_homography,
R,PREDICTION,PREDICTION,1
L,3,3200,PREDICTION,src/tracking/advanced_tracker.py:kalman_homography,
R,CLAMP,CLAMP,0
L,4,3200,DETECTION,src/tracking/advanced_tracker.py:_activate_slot,3200_342_924_552_1075
R,CLAMP,CLAMP,0
L,8,3200,PREDICTION,src/tracking/advanced_tracker.py:kalman_homography,
R,CLAMP,CLAMP,0
L,9,3200,PREDICTION,src/tracking/advanced_tracker.py:flow_gapfill_batched,
R,CLAMP,CLAMP,0
A,3200
S,4,3203,DETECTION,src/tracking/advanced_tracker.py:_activate_slot,3203_373_919_584_1045
S,1,3203,PREDICTION,src/tracking/advanced_tracker.py:kalman_homography,
S,2,3203,PREDICTION,src/tracking/advanced_tracker.py:kalman_homography,
S,3,3203,PREDICTION,src/tracking/advanced_tracker.py:kalman_homography,
S,10,3203,PREDICTION,src/tracking/advanced_tracker.py:flow_gapfill_batched,
L,1,3203,PREDICTION,src/tracking/advanced_tracker.py:kalman_homography,
R,CLAMP,CLAMP,0
L,2,3203,PREDICTION,src/tracking/advanced_tracker.py:kalman_homography,
R,PREDICTION,PREDICTION,1
L,3,3203,PREDICTION,src/tracking/advanced_tracker.py:kalman_homography,
R,CLAMP,CLAMP,0
L,4,3203,DETECTION,src/tracking/advanced_tracker.py:_activate_slot,3203_373_919_584_1045
R,CLAMP,CLAMP,0
A,3203
