A,819
A,822
A,825
A,828
A,831
A,834
A,837
A,840
A,843
A,846
A,849
A,852
A,855
A,858
A,861
A,864
A,867
A,870
A,873
A,876
A,879
A,882
A,885
A,888
A,891
A,894
A,897
S,0,900,DETECTION,src/tracking/advanced_tracker.py:_activate_slot,900_345_309_577_434
L,0,900,DETECTION,src/tracking/advanced_tracker.py:_activate_slot,900_345_309_577_434
R,DETECTION,DETECTION,1
A,900
S,0,903,DETECTION,src/tracking/advanced_tracker.py:_activate_slot,903_339_271_572_425
L,0,903,DETECTION,src/tracking/advanced_tracker.py:_activate_slot,903_339_271_572_425
R,DETECTION,DETECTION,1
A,903
S,0,906,DETECTION,src/tracking/advanced_tracker.py:_activate_slot,906_339_253_563_411
L,0,906,DETECTION,src/tracking/advanced_tracker.py:_activate_slot,906_339_253_563_411
R,DETECTION,DETECTION,1
A,906
S,1,909,DETECTION,src/tracking/advanced_tracker.py:_activate_slot,909_348_385_699_526
S,2,909,DETECTION,src/tracking/advanced_tracker.py:_activate_slot,909_408_562_645_792
S,3,909,DETECTION,src/tracking/advanced_tracker.py:_activate_slot,909_357_1341_539_1469
S,4,909,DETECTION,src/tracking/advanced_tracker.py:_activate_slot,909_632_336_897_471
S,5,909,DETECTION,src/tracking/advanced_tracker.py:_activate_slot,909_335_255_553_388
S,6,909,DETECTION,src/tracking/advanced_tracker.py:_activate_slot,909_189_1401_389_1514
S,7,909,DETECTION,src/tracking/advanced_tracker.py:_activate_slot,909_268_1064_462_1154
S,8,909,DETECTION,src/tracking/advanced_tracker.py:_activate_slot,909_272_1065_413_1152
S,10,909,DETECTION,src/tracking/advanced_tracker.py:_activate_slot,909_210_1153_354_1264
S,0,909,PREDICTION,src/tracking/advanced_tracker.py:kalman_homography,
D,0,909
S,1,909,PREDICTION,src/tracking/advanced_tracker.py:id_merge,
D,1,909
S,2,909,PREDICTION,src/tracking/advanced_tracker.py:id_merge,
D,7,909
S,8,909,PREDICTION,src/tracking/advanced_tracker.py:id_merge,
L,2,909,PREDICTION,src/tracking/advanced_tracker.py:id_merge,
R,PREDICTION,PREDICTION,1
L,3,909,DETECTION,src/tracking/advanced_tracker.py:_activate_slot,909_357_1341_539_1469
R,DETECTION,DETECTION,1
L,4,909,DETECTION,src/tracking/advanced_tracker.py:_activate_slot,909_632_336_897_471
R,DETECTION,DETECTION,1
L,5,909,DETECTION,src/tracking/advanced_tracker.py:_activate_slot,909_335_255_553_388
R,DETECTION,DETECTION,1
L,6,909,DETECTION,src/tracking/advanced_tracker.py:_activate_slot,909_189_1401_389_1514
R,DETECTION,DETECTION,1
L,8,909,PREDICTION,src/tracking/advanced_tracker.py:id_merge,
R,PREDICTION,PREDICTION,1
A,909
S,1,912,DETECTION,src/tracking/advanced_tracker.py:_activate_slot,912_421_378_690_502
S,2,912,DETECTION,src/tracking/advanced_tracker.py:_activate_slot,912_404_569_646_762
S,3,912,DETECTION,src/tracking/advanced_tracker.py:_activate_slot,912_360_1343_560_1464
S,4,912,DETECTION,src/tracking/advanced_tracker.py:_activate_slot,912_629_345_902_478
S,5,912,DETECTION,src/tracking/advanced_tracker.py:_activate_slot,912_319_265_533_384
S,6,912,DETECTION,src/tracking/advanced_tracker.py:_activate_slot,912_184_1411_390_1525
S,7,912,DETECTION,src/tracking/advanced_tracker.py:_activate_slot,912_258_1059_476_1139
S,8,912,DETECTION,src/tracking/advanced_tracker.py:_activate_slot,912_261_1062_409_1140
S,9,912,DETECTION,src/tracking/advanced_tracker.py:_activate_slot,912_384_166_561_279
S,0,912,PREDICTION,src/tracking/advanced_tracker.py:kalman_homography,
S,10,912,PREDICTION,src/tracking/advanced_tracker.py:kalman_homography,
D,0,912
S,1,912,PREDICTION,src/tracking/advanced_tracker.py:id_merge,
D,1,912
S,2,912,PREDICTION,src/tracking/advanced_tracker.py:id_merge,
D,5,912
S,9,912,PREDICTION,src/tracking/advanced_tracker.py:id_merge,
D,7,912
S,8,912,PREDICTION,src/tracking/advanced_tracker.py:id_merge,
L,2,912,PREDICTION,src/tracking/advanced_tracker.py:id_merge,
R,PREDICTION,PREDICTION,1
L,3,912,DETECTION,src/tracking/advanced_tracker.py:_activate_slot,912_360_1343_560_1464
R,DETECTION,DETECTION,1
L,4,912,DETECTION,src/tracking/advanced_tracker.py:_activate_slot,912_629_345_902_478
R,DETECTION,DETECTION,1
L,6,912,DETECTION,src/tracking/advanced_tracker.py:_activate_slot,912_184_1411_390_1525
R,DETECTION,DETECTION,1
L,8,912,PREDICTION,src/tracking/advanced_tracker.py:id_merge,
R,PREDICTION,PREDICTION,1
L,9,912,PREDICTION,src/tracking/advanced_tracker.py:id_merge,
R,PREDICTION,PREDICTION,1
A,912
S,2,915,DETECTION,src/tracking/advanced_tracker.py:_activate_slot,915_398_551_650_732
S,3,915,DETECTION,src/tracking/advanced_tracker.py:_activate_slot,915_373_1353_594_1461
S,4,915,DETECTION,src/tracking/advanced_tracker.py:_activate_slot,915_632_352_900_488
S,6,915,DETECTION,src/tracking/advanced_tracker.py:_activate_slot,915_172_1423_391_1533
S,7,915,DETECTION,src/tracking/advanced_tracker.py:_activate_slot,915_247_1050_468_1143
S,5,915,DETECTION,src/tracking/advanced_tracker.py:_activate_slot,915_314_268_514_402
S,10,915,DETECTION,src/tracking/advanced_tracker.py:_activate_slot,915_214_1177_354_1282
S,0,915,PREDICTION,src/tracking/advanced_tracker.py:kalman_homography,
S,1,915,PREDICTION,src/tracking/advanced_tracker.py:kalman_homography,
S,8,915,PREDICTION,src/tracking/advanced_tracker.py:kalman_homography,
S,9,915,PREDICTION,src/tracking/advanced_tracker.py:kalman_homography,
D,0,915
S,1,915,PREDICTION,src/tracking/advanced_tracker.py:id_merge,
D,1,915
S,2,915,PREDICTION,src/tracking/advanced_tracker.py:id_merge,
D,9,915
S,5,915,PREDICTION,src/tracking/advanced_tracker.py:id_merge,
D,8,915
S,7,915,PREDICTION,src/tracking/advanced_tracker.py:id_merge,
L,2,915,PREDICTION,src/tracking/advanced_tracker.py:id_merge,
R,PREDICTION,PREDICTION,1
L,3,915,DETECTION,src/tracking/advanced_tracker.py:_activate_slot,915_373_1353_594_1461
R,DETECTION,DETECTION,1
L,4,915,DETECTION,src/tracking/advanced_tracker.py:_activate_slot,915_632_352_900_488
R,DETECTION,DETECTION,1
L,5,915,PREDICTION,src/tracking/advanced_tracker.py:id_merge,
R,PREDICTION,PREDICTION,1
L,6,915,DETECTION,src/tracking/advanced_tracker.py:_activate_slot,915_172_1423_391_1533
R,DETECTION,DETECTION,1
L,7,915,PREDICTION,src/tracking/advanced_tracker.py:id_merge,
R,PREDICTION,PREDICTION,1
A,915
S,2,918,DETECTION,src/tracking/advanced_tracker.py:_activate_slot,918_396_549_644_732
S,3,918,DETECTION,src/tracking/advanced_tracker.py:_activate_slot,918_388_1362_606_1459
S,4,918,DETECTION,src/tracking/advanced_tracker.py:_activate_slot,918_627_363_897_503
S,6,918,DETECTION,src/tracking/advanced_tracker.py:_activate_slot,918_177_1434_390_1546
S,5,918,DETECTION,src/tracking/advanced_tracker.py:_activate_slot,918_292_273_533_422
S,10,918,DETECTION,src/tracking/advanced_tracker.py:_activate_slot,918_207_1179_354_1294
S,0,918,PREDICTION,src/tracking/advanced_tracker.py:kalman_homography,
S,1,918,PREDICTION,src/tracking/advanced_tracker.py:kalman_homography,
S,7,918,PREDICTION,src/tracking/advanced_tracker.py:kalman_homography,
S,8,918,PREDICTION,src/tracking/advanced_tracker.py:kalman_homography,
S,9,918,PREDICTION,src/tracking/advanced_tracker.py:kalman_homography,
D,0,918
S,1,918,PREDICTION,src/tracking/advanced_tracker.py:id_merge,
D,1,918
S,2,918,PREDICTION,src/tracking/advanced_tracker.py:id_merge,
D,9,918
S,5,918,PREDICTION,src/tracking/advanced_tracker.py:id_merge,
D,8,918
S,7,918,PREDICTION,src/tracking/advanced_tracker.py:id_merge,
L,2,918,PREDICTION,src/tracking/advanced_tracker.py:id_merge,
R,PREDICTION,PREDICTION,1
L,3,918,DETECTION,src/tracking/advanced_tracker.py:_activate_slot,918_388_1362_606_1459
R,DETECTION,DETECTION,1
L,4,918,DETECTION,src/tracking/advanced_tracker.py:_activate_slot,918_627_363_897_503
R,DETECTION,DETECTION,1
L,5,918,PREDICTION,src/tracking/advanced_tracker.py:id_merge,
R,PREDICTION,PREDICTION,1
L,6,918,DETECTION,src/tracking/advanced_tracker.py:_activate_slot,918_177_1434_390_1546
R,DETECTION,DETECTION,1
L,7,918,PREDICTION,src/tracking/advanced_tracker.py:id_merge,
R,PREDICTION,PREDICTION,1
A,918
S,2,921,DETECTION,src/tracking/advanced_tracker.py:_activate_slot,921_411_558_663_709
S,3,921,DETECTION,src/tracking/advanced_tracker.py:_activate_slot,921_405_1363_624_1468
S,5,921,DETECTION,src/tracking/advanced_tracker.py:_activate_slot,921_628_378_901_507
S,6,921,DETECTION,src/tracking/advanced_tracker.py:_activate_slot,921_169_1441_392_1549
S,7,921,DETECTION,src/tracking/advanced_tracker.py:_activate_slot,921_235_1050_439_1152
S,0,921,PREDICTION,src/tracking/advanced_tracker.py:kalman_homography,
S,1,921,PREDICTION,src/tracking/advanced_tracker.py:kalman_homography,
S,4,921,PREDICTION,src/tracking/advanced_tracker.py:kalman_homography,
S,8,921,PREDICTION,src/tracking/advanced_tracker.py:kalman_homography,
S,9,921,PREDICTION,src/tracking/advanced_tracker.py:kalman_homography,
S,10,921,PREDICTION,src/tracking/advanced_tracker.py:kalman_homography,
D,0,921
S,1,921,PREDICTION,src/tracking/advanced_tracker.py:id_merge,
D,1,921
S,2,921,PREDICTION,src/tracking/advanced_tracker.py:id_merge,
D,8,921
S,7,921,PREDICTION,src/tracking/advanced_tracker.py:id_merge,
L,2,921,PREDICTION,src/tracking/advanced_tracker.py:id_merge,
R,PREDICTION,PREDICTION,1
L,3,921,DETECTION,src/tracking/advanced_tracker.py:_activate_slot,921_405_1363_624_1468
R,DETECTION,DETECTION,1
L,4,921,PREDICTION,src/tracking/advanced_tracker.py:kalman_homography,
R,PREDICTION,PREDICTION,1
L,5,921,DETECTION,src/tracking/advanced_tracker.py:_activate_slot,921_628_378_901_507
R,DETECTION,DETECTION,1
L,6,921,DETECTION,src/tracking/advanced_tracker.py:_activate_slot,921_169_1441_392_1549
R,DETECTION,DETECTION,1
L,7,921,PREDICTION,src/tracking/advanced_tracker.py:id_merge,
R,PREDICTION,PREDICTION,1
L,9,921,PREDICTION,src/tracking/advanced_tracker.py:kalman_homography,
R,PREDICTION,PREDICTION,1
A,921
S,2,924,DETECTION,src/tracking/advanced_tracker.py:_activate_slot,924_430_541_630_697
S,3,924,DETECTION,src/tracking/advanced_tracker.py:_activate_slot,924_410_1362_612_1473
S,4,924,DETECTION,src/tracking/advanced_tracker.py:_activate_slot,924_612_388_899_526
S,6,924,DETECTION,src/tracking/advanced_tracker.py:_activate_slot,924_174_1449_389_1551
S,7,924,DETECTION,src/tracking/advanced_tracker.py:_activate_slot,924_224_1057_419_1137
S,10,924,DETECTION,src/tracking/advanced_tracker.py:_activate_slot,924_210_1206_357_1316
S,0,924,PREDICTION,src/tracking/advanced_tracker.py:kalman_homography,
S,1,924,PREDICTION,src/tracking/advanced_tracker.py:kalman_homography,
S,5,924,PREDICTION,src/tracking/advanced_tracker.py:kalman_homography,
S,8,924,PREDICTION,src/tracking/advanced_tracker.py:kalman_homography,
S,9,924,PREDICTION,src/tracking/advanced_tracker.py:kalman_homography,
D,0,924
S,1,924,PREDICTION,src/tracking/advanced_tracker.py:id_merge,
D,1,924
S,4,924,PREDICTION,src/tracking/advanced_tracker.py:id_merge,
D,8,924
S,7,924,PREDICTION,src/tracking/advanced_tracker.py:id_merge,
L,2,924,DETECTION,src/tracking/advanced_tracker.py:_activate_slot,924_430_541_630_697
R,DETECTION,DETECTION,1
L,3,924,DETECTION,src/tracking/advanced_tracker.py:_activate_slot,924_410_1362_612_1473
R,DETECTION,DETECTION,1
L,4,924,PREDICTION,src/tracking/advanced_tracker.py:id_merge,
R,PREDICTION,PREDICTION,1
L,5,924,PREDICTION,src/tracking/advanced_tracker.py:kalman_homography,
R,PREDICTION,PREDICTION,1
L,6,924,DETECTION,src/tracking/advanced_tracker.py:_activate_slot,924_174_1449_389_1551
R,DETECTION,DETECTION,1
L,7,924,PREDICTION,src/tracking/advanced_tracker.py:id_merge,
R,PREDICTION,PREDICTION,1
L,9,924,PREDICTION,src/tracking/advanced_tracker.py:kalman_homography,
R,PREDICTION,SUBPIXEL,0
A,924
S,2,927,DETECTION,src/tracking/advanced_tracker.py:_activate_slot,927_434_549_686_672
S,3,927,DETECTION,src/tracking/advanced_tracker.py:_activate_slot,927_415_1359_661_1476
S,4,927,DETECTION,src/tracking/advanced_tracker.py:_activate_slot,927_625_402_895_537
S,5,927,DETECTION,src/tracking/advanced_tracker.py:_activate_slot,927_173_1461_388_1548
S,7,927,DETECTION,src/tracking/advanced_tracker.py:_activate_slot,927_198_1054_405_1138
S,0,927,PREDICTION,src/tracking/advanced_tracker.py:kalman_homography,
S,1,927,PREDICTION,src/tracking/advanced_tracker.py:kalman_homography,
S,6,927,PREDICTION,src/tracking/advanced_tracker.py:kalman_homography,
S,8,927,PREDICTION,src/tracking/advanced_tracker.py:kalman_homography,
S,9,927,PREDICTION,src/tracking/advanced_tracker.py:kalman_homography,
S,10,927,PREDICTION,src/tracking/advanced_tracker.py:kalman_homography,
D,1,927
S,2,927,PREDICTION,src/tracking/advanced_tracker.py:id_merge,
D,6,927
S,5,927,PREDICTION,src/tracking/advanced_tracker.py:id_merge,
D,8,927
S,7,927,PREDICTION,src/tracking/advanced_tracker.py:id_merge,
L,0,927,PREDICTION,src/tracking/advanced_tracker.py:kalman_homography,
R,CLAMP,CLAMP,0
L,2,927,PREDICTION,src/tracking/advanced_tracker.py:id_merge,
R,PREDICTION,PREDICTION,1
L,3,927,DETECTION,src/tracking/advanced_tracker.py:_activate_slot,927_415_1359_661_1476
R,DETECTION,DETECTION,1
L,4,927,DETECTION,src/tracking/advanced_tracker.py:_activate_slot,927_625_402_895_537
R,DETECTION,DETECTION,1
L,5,927,PREDICTION,src/tracking/advanced_tracker.py:id_merge,
R,CLAMP,CLAMP,0
L,7,927,PREDICTION,src/tracking/advanced_tracker.py:id_merge,
R,PREDICTION,PREDICTION,1
L,9,927,PREDICTION,src/tracking/advanced_tracker.py:kalman_homography,
R,PREDICTION,SUBPIXEL,0
A,927
S,2,930,DETECTION,src/tracking/advanced_tracker.py:_activate_slot,930_432_543_681_663
S,3,930,DETECTION,src/tracking/advanced_tracker.py:_activate_slot,930_421_1348_663_1489
S,4,930,DETECTION,src/tracking/advanced_tracker.py:_activate_slot,930_619_414_895_554
S,5,930,DETECTION,src/tracking/advanced_tracker.py:_activate_slot,930_256_966_454_1068
S,6,930,DETECTION,src/tracking/advanced_tracker.py:_activate_slot,930_175_1465_388_1552
S,7,930,DETECTION,src/tracking/advanced_tracker.py:_activate_slot,930_208_1046_391_1142
S,10,930,DETECTION,src/tracking/advanced_tracker.py:_activate_slot,930_207_1224_354_1344
S,1,930,PREDICTION,src/tracking/advanced_tracker.py:kalman_homography,
S,8,930,PREDICTION,src/tracking/advanced_tracker.py:kalman_homography,
S,9,930,PREDICTION,src/tracking/advanced_tracker.py:kalman_homography,
S,0,930,PREDICTION,src/tracking/advanced_tracker.py:flow_gapfill_batched,
D,0,930
S,1,930,PREDICTION,src/tracking/advanced_tracker.py:id_merge,
D,1,930
S,4,930,PREDICTION,src/tracking/advanced_tracker.py:id_merge,
D,5,930
S,7,930,PREDICTION,src/tracking/advanced_tracker.py:id_merge,
D,8,930
S,7,930,PREDICTION,src/tracking/advanced_tracker.py:id_merge,
L,2,930,DETECTION,src/tracking/advanced_tracker.py:_activate_slot,930_432_543_681_663
R,DETECTION,DETECTION,1
L,3,930,DETECTION,src/tracking/advanced_tracker.py:_activate_slot,930_421_1348_663_1489
R,DETECTION,DETECTION,1
L,4,930,PREDICTION,src/tracking/advanced_tracker.py:id_merge,
R,PREDICTION,PREDICTION,1
L,6,930,DETECTION,src/tracking/advanced_tracker.py:_activate_slot,930_175_1465_388_1552
R,DETECTION,DETECTION,1
L,7,930,PREDICTION,src/tracking/advanced_tracker.py:id_merge,
R,PREDICTION,PREDICTION,1
L,9,930,PREDICTION,src/tracking/advanced_tracker.py:kalman_homography,
R,PREDICTION,SUBPIXEL,0
A,930
S,2,933,DETECTION,src/tracking/advanced_tracker.py:_activate_slot,933_434_543_681_667
S,3,933,DETECTION,src/tracking/advanced_tracker.py:_activate_slot,933_417_1347_666_1479
S,4,933,DETECTION,src/tracking/advanced_tracker.py:_activate_slot,933_620_430_894_559
S,1,933,DETECTION,src/tracking/advanced_tracker.py:_activate_slot,933_487_355_763_482
S,6,933,DETECTION,src/tracking/advanced_tracker.py:_activate_slot,933_175_1465_385_1555
S,5,933,PREDICTION,src/tracking/advanced_tracker.py:kalman_homography,
S,7,933,PREDICTION,src/tracking/advanced_tracker.py:kalman_homography,
S,8,933,PREDICTION,src/tracking/advanced_tracker.py:kalman_homography,
S,9,933,PREDICTION,src/tracking/advanced_tracker.py:kalman_homography,
S,10,933,PREDICTION,src/tracking/advanced_tracker.py:kalman_homography,
D,1,933
S,2,933,PREDICTION,src/tracking/advanced_tracker.py:id_merge,
D,5,933
S,6,933,PREDICTION,src/tracking/advanced_tracker.py:id_merge,
D,8,933
S,7,933,PREDICTION,src/tracking/advanced_tracker.py:id_merge,
L,2,933,PREDICTION,src/tracking/advanced_tracker.py:id_merge,
R,PREDICTION,PREDICTION,1
L,3,933,DETECTION,src/tracking/advanced_tracker.py:_activate_slot,933_417_1347_666_1479
R,DETECTION,DETECTION,1
L,4,933,DETECTION,src/tracking/advanced_tracker.py:_activate_slot,933_620_430_894_559
R,DETECTION,DETECTION,1
L,6,933,PREDICTION,src/tracking/advanced_tracker.py:id_merge,
R,PREDICTION,PREDICTION,1
L,7,933,PREDICTION,src/tracking/advanced_tracker.py:id_merge,
R,PREDICTION,PREDICTION,1
L,9,933,PREDICTION,src/tracking/advanced_tracker.py:kalman_homography,
R,PREDICTION,SUBPIXEL,0
A,933
S,3,936,DETECTION,src/tracking/advanced_tracker.py:_activate_slot,936_423_1361_668_1478
S,4,936,DETECTION,src/tracking/advanced_tracker.py:_activate_slot,936_617_442_879_576
S,2,936,DETECTION,src/tracking/advanced_tracker.py:_activate_slot,936_422_552_668_672
S,6,936,DETECTION,src/tracking/advanced_tracker.py:_activate_slot,936_170_1459_387_1576
S,7,936,DETECTION,src/tracking/advanced_tracker.py:_activate_slot,936_196_1057_388_1143
S,10,936,DETECTION,src/tracking/advanced_tracker.py:_activate_slot,936_206_1251_353_1371
S,1,936,PREDICTION,src/tracking/advanced_tracker.py:kalman_homography,
S,5,936,PREDICTION,src/tracking/advanced_tracker.py:kalman_homography,
S,8,936,PREDICTION,src/tracking/advanced_tracker.py:flow_gapfill_batched,
S,9,936,PREDICTION,src/tracking/advanced_tracker.py:flow_gapfill_batched,
D,1,936
S,2,936,PREDICTION,src/tracking/advanced_tracker.py:id_merge,
D,5,936
S,6,936,PREDICTION,src/tracking/advanced_tracker.py:id_merge,
D,8,936
S,7,936,PREDICTION,src/tracking/advanced_tracker.py:id_merge,
L,2,936,PREDICTION,src/tracking/advanced_tracker.py:id_merge,
R,PREDICTION,PREDICTION,1
L,3,936,DETECTION,src/tracking/advanced_tracker.py:_activate_slot,936_423_1361_668_1478
R,DETECTION,DETECTION,1
L,4,936,DETECTION,src/tracking/advanced_tracker.py:_activate_slot,936_617_442_879_576
R,DETECTION,DETECTION,1
L,6,936,PREDICTION,src/tracking/advanced_tracker.py:id_merge,
R,PREDICTION,PREDICTION,1
L,7,936,PREDICTION,src/tracking/advanced_tracker.py:id_merge,
R,PREDICTION,PREDICTION,1
L,9,936,PREDICTION,src/tracking/advanced_tracker.py:flow_gapfill_batched,
R,PREDICTION,PREDICTION,1
A,936
S,2,939,DETECTION,src/tracking/advanced_tracker.py:_activate_slot,939_404_554_662_663
S,3,939,DETECTION,src/tracking/advanced_tracker.py:_activate_slot,939_436_1335_684_1491
S,4,939,DETECTION,src/tracking/advanced_tracker.py:_activate_slot,939_604_443_892_590
S,6,939,DETECTION,src/tracking/advanced_tracker.py:_activate_slot,939_167_1467_384_1585
S,7,939,DETECTION,src/tracking/advanced_tracker.py:_activate_slot,939_198_1069_387_1146
S,10,939,DETECTION,src/tracking/advanced_tracker.py:_activate_slot,939_204_1272_353_1388
S,1,939,PREDICTION,src/tracking/advanced_tracker.py:kalman_homography,
S,5,939,PREDICTION,src/tracking/advanced_tracker.py:kalman_homography,
D,1,939
S,4,939,PREDICTION,src/tracking/advanced_tracker.py:id_merge,
D,5,939
S,6,939,PREDICTION,src/tracking/advanced_tracker.py:id_merge,
L,2,939,DETECTION,src/tracking/advanced_tracker.py:_activate_slot,939_404_554_662_663
R,DETECTION,DETECTION,1
L,3,939,DETECTION,src/tracking/advanced_tracker.py:_activate_slot,939_436_1335_684_1491
R,DETECTION,DETECTION,1
L,4,939,PREDICTION,src/tracking/advanced_tracker.py:id_merge,
R,PREDICTION,PREDICTION,1
L,6,939,PREDICTION,src/tracking/advanced_tracker.py:id_merge,
R,PREDICTION,PREDICTION,1
L,7,939,DETECTION,src/tracking/advanced_tracker.py:_activate_slot,939_198_1069_387_1146
R,DETECTION,DETECTION,1
A,939
S,2,942,DETECTION,src/tracking/advanced_tracker.py:_activate_slot,942_414_556_628_663
S,3,942,DETECTION,src/tracking/advanced_tracker.py:_activate_slot,942_448_1324_698_1477
S,4,942,DETECTION,src/tracking/advanced_tracker.py:_activate_slot,942_612_468_883_618
S,6,942,DETECTION,src/tracking/advanced_tracker.py:_activate_slot,942_169_1479_384_1599
S,7,942,DETECTION,src/tracking/advanced_tracker.py:_activate_slot,942_184_1074_377_1158
S,10,942,DETECTION,src/tracking/advanced_tracker.py:_activate_slot,942_206_1278_352_1402
S,1,942,PREDICTION,src/tracking/advanced_tracker.py:kalman_homography,
S,5,942,PREDICTION,src/tracking/advanced_tracker.py:kalman_homography,
D,1,942
S,4,942,PREDICTION,src/tracking/advanced_tracker.py:id_merge,
D,5,942
S,6,942,PREDICTION,src/tracking/advanced_tracker.py:id_merge,
L,2,942,DETECTION,src/tracking/advanced_tracker.py:_activate_slot,942_414_556_628_663
R,DETECTION,DETECTION,1
L,3,942,DETECTION,src/tracking/advanced_tracker.py:_activate_slot,942_448_1324_698_1477
R,DETECTION,DETECTION,1
L,4,942,PREDICTION,src/tracking/advanced_tracker.py:id_merge,
R,PREDICTION,PREDICTION,1
L,6,942,PREDICTION,src/tracking/advanced_tracker.py:id_merge,
R,PREDICTION,PREDICTION,1
L,7,942,DETECTION,src/tracking/advanced_tracker.py:_activate_slot,942_184_1074_377_1158
R,DETECTION,DETECTION,1
A,942
S,2,945,DETECTION,src/tracking/advanced_tracker.py:_activate_slot,945_376_530_648_672
S,3,945,DETECTION,src/tracking/advanced_tracker.py:_activate_slot,945_452_1315_700_1456
S,4,945,DETECTION,src/tracking/advanced_tracker.py:_activate_slot,945_612_481_881_615
S,1,945,DETECTION,src/tracking/advanced_tracker.py:_activate_slot,945_507_387_756_533
S,6,945,DETECTION,src/tracking/advanced_tracker.py:_activate_slot,945_172_1486_384_1606
S,7,945,DETECTION,src/tracking/advanced_tracker.py:_activate_slot,945_160_1077_367_1169
S,10,945,DETECTION,src/tracking/advanced_tracker.py:_activate_slot,945_200_1294_354_1414
S,5,945,PREDICTION,src/tracking/advanced_tracker.py:kalman_homography,
D,1,945
S,2,945,PREDICTION,src/tracking/advanced_tracker.py:id_merge,
L,2,945,PREDICTION,src/tracking/advanced_tracker.py:id_merge,
R,PREDICTION,PREDICTION,1
L,3,945,DETECTION,src/tracking/advanced_tracker.py:_activate_slot,945_452_1315_700_1456
R,DETECTION,DETECTION,1
L,4,945,DETECTION,src/tracking/advanced_tracker.py:_activate_slot,945_612_481_881_615
R,DETECTION,DETECTION,1
L,5,945,PREDICTION,src/tracking/advanced_tracker.py:kalman_homography,
R,CLAMP,CLAMP,0
L,6,945,DETECTION,src/tracking/advanced_tracker.py:_activate_slot,945_172_1486_384_1606
R,DETECTION,DETECTION,1
L,7,945,DETECTION,src/tracking/advanced_tracker.py:_activate_slot,945_160_1077_367_1169
R,DETECTION,DETECTION,1
A,945
S,3,948,DETECTION,src/tracking/advanced_tracker.py:_activate_slot,948_447_1335_699_1461
S,4,948,DETECTION,src/tracking/advanced_tracker.py:_activate_slot,948_610_429_891_625
S,2,948,DETECTION,src/tracking/advanced_tracker.py:_activate_slot,948_388_529_619_645
S,6,948,DETECTION,src/tracking/advanced_tracker.py:_activate_slot,948_174_1497_381_1602
S,7,948,DETECTION,src/tracking/advanced_tracker.py:_activate_slot,948_161_1076_342_1175
S,10,948,DETECTION,src/tracking/advanced_tracker.py:_activate_slot,948_207_1297_351_1423
S,1,948,PREDICTION,src/tracking/advanced_tracker.py:kalman_homography,
S,5,948,PREDICTION,src/tracking/advanced_tracker.py:flow_gapfill_batched,
D,1,948
S,2,948,PREDICTION,src/tracking/advanced_tracker.py:id_merge,
D,5,948
S,7,948,PREDICTION,src/tracking/advanced_tracker.py:id_merge,
L,2,948,PREDICTION,src/tracking/advanced_tracker.py:id_merge,
R,PREDICTION,PREDICTION,1
L,3,948,DETECTION,src/tracking/advanced_tracker.py:_activate_slot,948_447_1335_699_1461
R,DETECTION,DETECTION,1
L,4,948,DETECTION,src/tracking/advanced_tracker.py:_activate_slot,948_610_429_891_625
R,DETECTION,DETECTION,1
L,6,948,DETECTION,src/tracking/advanced_tracker.py:_activate_slot,948_174_1497_381_1602
R,DETECTION,DETECTION,1
L,7,948,PREDICTION,src/tracking/advanced_tracker.py:id_merge,
R,PREDICTION,PREDICTION,1
A,948
S,3,951,DETECTION,src/tracking/advanced_tracker.py:_activate_slot,951_447_1342_714_1456
S,4,951,DETECTION,src/tracking/advanced_tracker.py:_activate_slot,951_612_500_876_627
S,6,951,DETECTION,src/tracking/advanced_tracker.py:_activate_slot,951_170_1506_381_1593
S,7,951,DETECTION,src/tracking/advanced_tracker.py:_activate_slot,951_165_1074_346_1170
S,10,951,DETECTION,src/tracking/advanced_tracker.py:_activate_slot,951_200_1327_351_1432
S,0,951,DETECTION,src/tracking/advanced_tracker.py:_activate_slot,951_543_734_839_882
S,1,951,PREDICTION,src/tracking/advanced_tracker.py:kalman_homography,
S,2,951,PREDICTION,src/tracking/advanced_tracker.py:kalman_homography,
S,5,951,PREDICTION,src/tracking/advanced_tracker.py:flow_gapfill_batched,
D,1,951
S,2,951,PREDICTION,src/tracking/advanced_tracker.py:id_merge,
D,5,951
S,7,951,PREDICTION,src/tracking/advanced_tracker.py:id_merge,
L,0,951,DETECTION,src/tracking/advanced_tracker.py:_activate_slot,951_543_734_839_882
R,CLAMP,CLAMP,0
L,2,951,PREDICTION,src/tracking/advanced_tracker.py:id_merge,
R,PREDICTION,PREDICTION,1
L,3,951,DETECTION,src/tracking/advanced_tracker.py:_activate_slot,951_447_1342_714_1456
R,DETECTION,DETECTION,1
L,4,951,DETECTION,src/tracking/advanced_tracker.py:_activate_slot,951_612_500_876_627
R,DETECTION,DETECTION,1
L,6,951,DETECTION,src/tracking/advanced_tracker.py:_activate_slot,951_170_1506_381_1593
R,DETECTION,SUBPIXEL,0
L,7,951,PREDICTION,src/tracking/advanced_tracker.py:id_merge,
R,PREDICTION,PREDICTION,1
A,951
S,0,954,DETECTION,src/tracking/advanced_tracker.py:_activate_slot,954_539_765_837_948
S,1,954,DETECTION,src/tracking/advanced_tracker.py:_activate_slot,954_408_1138_659_1249
S,3,954,DETECTION,src/tracking/advanced_tracker.py:_activate_slot,954_453_1347_715_1458
S,4,954,DETECTION,src/tracking/advanced_tracker.py:_activate_slot,954_612_507_886_639
S,6,954,DETECTION,src/tracking/advanced_tracker.py:_activate_slot,954_193_1502_382_1593
S,7,954,DETECTION,src/tracking/advanced_tracker.py:_activate_slot,954_162_1070_342_1178
S,2,954,PREDICTION,src/tracking/advanced_tracker.py:kalman_homography,
S,10,954,PREDICTION,src/tracking/advanced_tracker.py:kalman_homography,
S,5,954,PREDICTION,src/tracking/advanced_tracker.py:flow_gapfill_batched,
D,1,954
S,3,954,PREDICTION,src/tracking/advanced_tracker.py:id_merge,
D,5,954
S,7,954,PREDICTION,src/tracking/advanced_tracker.py:id_merge,
L,0,954,DETECTION,src/tracking/advanced_tracker.py:_activate_slot,954_539_765_837_948
R,CLAMP,CLAMP,0
L,2,954,PREDICTION,src/tracking/advanced_tracker.py:kalman_homography,
R,PREDICTION,PREDICTION,1
L,3,954,PREDICTION,src/tracking/advanced_tracker.py:id_merge,
R,PREDICTION,PREDICTION,1
L,4,954,DETECTION,src/tracking/advanced_tracker.py:_activate_slot,954_612_507_886_639
R,DETECTION,DETECTION,1
L,6,954,DETECTION,src/tracking/advanced_tracker.py:_activate_slot,954_193_1502_382_1593
R,DETECTION,DETECTION,1
L,7,954,PREDICTION,src/tracking/advanced_tracker.py:id_merge,
R,PREDICTION,PREDICTION,1
A,954
S,0,957,DETECTION,src/tracking/advanced_tracker.py:_activate_slot,957_537_846_825_980
S,1,957,DETECTION,src/tracking/advanced_tracker.py:_activate_slot,957_609_516_890_650
S,3,957,DETECTION,src/tracking/advanced_tracker.py:_activate_slot,957_451_1359_713_1467
S,6,957,DETECTION,src/tracking/advanced_tracker.py:_activate_slot,957_186_1487_381_1596
S,10,957,DETECTION,src/tracking/advanced_tracker.py:_activate_slot,957_207_1327_349_1450
S,8,957,DETECTION,src/tracking/advanced_tracker.py:_activate_slot,957_224_931_422_1075
S,9,957,DETECTION,src/tracking/advanced_tracker.py:_activate_slot,957_75_837_275_924
S,2,957,PREDICTION,src/tracking/advanced_tracker.py:kalman_homography,
S,4,957,PREDICTION,src/tracking/advanced_tracker.py:kalman_homography,
S,7,957,PREDICTION,src/tracking/advanced_tracker.py:kalman_homography,
D,4,957
S,1,957,PREDICTION,src/tracking/advanced_tracker.py:id_merge,
D,7,957
S,8,957,PREDICTION,src/tracking/advanced_tracker.py:id_merge,
D,8,957
S,9,957,PREDICTION,src/tracking/advanced_tracker.py:id_merge,
L,0,957,DETECTION,src/tracking/advanced_tracker.py:_activate_slot,957_537_846_825_980
R,CLAMP,CLAMP,0
L,1,957,PREDICTION,src/tracking/advanced_tracker.py:id_merge,
R,PREDICTION,PREDICTION,1
L,2,957,PREDICTION,src/tracking/advanced_tracker.py:kalman_homography,
R,PREDICTION,PREDICTION,1
L,3,957,DETECTION,src/tracking/advanced_tracker.py:_activate_slot,957_451_1359_713_1467
R,DETECTION,DETECTION,1
L,6,957,DETECTION,src/tracking/advanced_tracker.py:_activate_slot,957_186_1487_381_1596
R,DETECTION,DETECTION,1
L,9,957,PREDICTION,src/tracking/advanced_tracker.py:id_merge,
R,CLAMP,CLAMP,0
A,957
S,0,960,DETECTION,src/tracking/advanced_tracker.py:_activate_slot,960_551_906_838_1081
S,1,960,DETECTION,src/tracking/advanced_tracker.py:_activate_slot,960_417_1150_657_1249
S,3,960,DETECTION,src/tracking/advanced_tracker.py:_activate_slot,960_439_1366_711_1476
S,4,960,DETECTION,src/tracking/advanced_tracker.py:_activate_slot,960_609_528_874_654
S,6,960,DETECTION,src/tracking/advanced_tracker.py:_activate_slot,960_186_1494_384_1605
S,8,960,DETECTION,src/tracking/advanced_tracker.py:_activate_slot,960_210_939_413_1077
S,2,960,PREDICTION,src/tracking/advanced_tracker.py:kalman_homography,
S,7,960,PREDICTION,src/tracking/advanced_tracker.py:kalman_homography,
S,9,960,PREDICTION,src/tracking/advanced_tracker.py:kalman_homography,
S,10,960,PREDICTION,src/tracking/advanced_tracker.py:kalman_homography,
D,1,960
S,3,960,PREDICTION,src/tracking/advanced_tracker.py:id_merge,
D,7,960
S,8,960,PREDICTION,src/tracking/advanced_tracker.py:id_merge,
D,9,960
S,8,960,PREDICTION,src/tracking/advanced_tracker.py:id_merge,
L,0,960,DETECTION,src/tracking/advanced_tracker.py:_activate_slot,960_551_906_838_1081
R,CLAMP,CLAMP,0
L,2,960,PREDICTION,src/tracking/advanced_tracker.py:kalman_homography,
R,PREDICTION,PREDICTION,1
L,3,960,PREDICTION,src/tracking/advanced_tracker.py:id_merge,
R,PREDICTION,PREDICTION,1
L,4,960,DETECTION,src/tracking/advanced_tracker.py:_activate_slot,960_609_528_874_654
R,DETECTION,DETECTION,1
L,6,960,DETECTION,src/tracking/advanced_tracker.py:_activate_slot,960_186_1494_384_1605
R,DETECTION,DETECTION,1
L,8,960,PREDICTION,src/tracking/advanced_tracker.py:id_merge,
R,PREDICTION,PREDICTION,1
A,960
S,0,963,DETECTION,src/tracking/advanced_tracker.py:_activate_slot,963_576_936_846_1152
S,1,963,DETECTION,src/tracking/advanced_tracker.py:_activate_slot,963_412_1158_652_1254
S,3,963,DETECTION,src/tracking/advanced_tracker.py:_activate_slot,963_433_1383_690_1488
S,4,963,DETECTION,src/tracking/advanced_tracker.py:_activate_slot,963_611_537_880_663
S,6,963,DETECTION,src/tracking/advanced_tracker.py:_activate_slot,963_172_1498_384_1609
S,8,963,DETECTION,src/tracking/advanced_tracker.py:_activate_slot,963_226_950_414_1059
S,2,963,PREDICTION,src/tracking/advanced_tracker.py:kalman_homography,
S,7,963,PREDICTION,src/tracking/advanced_tracker.py:kalman_homography,
S,9,963,PREDICTION,src/tracking/advanced_tracker.py:kalman_homography,
S,10,963,PREDICTION,src/tracking/advanced_tracker.py:kalman_homography,
D,1,963
S,3,963,PREDICTION,src/tracking/advanced_tracker.py:id_merge,
D,7,963
S,8,963,PREDICTION,src/tracking/advanced_tracker.py:id_merge,
D,9,963
S,8,963,PREDICTION,src/tracking/advanced_tracker.py:id_merge,
L,0,963,DETECTION,src/tracking/advanced_tracker.py:_activate_slot,963_576_936_846_1152
R,CLAMP,CLAMP,0
L,2,963,PREDICTION,src/tracking/advanced_tracker.py:kalman_homography,
R,PREDICTION,PREDICTION,1
L,3,963,PREDICTION,src/tracking/advanced_tracker.py:id_merge,
R,PREDICTION,PREDICTION,1
L,4,963,DETECTION,src/tracking/advanced_tracker.py:_activate_slot,963_611_537_880_663
R,DETECTION,DETECTION,1
L,6,963,DETECTION,src/tracking/advanced_tracker.py:_activate_slot,963_172_1498_384_1609
R,DETECTION,DETECTION,1
L,8,963,PREDICTION,src/tracking/advanced_tracker.py:id_merge,
R,PREDICTION,PREDICTION,1
A,963
S,0,966,DETECTION,src/tracking/advanced_tracker.py:_activate_slot,966_587_957_844_1161
S,3,966,DETECTION,src/tracking/advanced_tracker.py:_activate_slot,966_419_1383_674_1495
S,4,966,DETECTION,src/tracking/advanced_tracker.py:_activate_slot,966_614_541_881_671
S,6,966,DETECTION,src/tracking/advanced_tracker.py:_activate_slot,966_174_1501_385_1612
S,8,966,DETECTION,src/tracking/advanced_tracker.py:_activate_slot,966_225_950_406_1050
S,10,966,DETECTION,src/tracking/advanced_tracker.py:_activate_slot,966_206_1353_353_1471
S,1,966,PREDICTION,src/tracking/advanced_tracker.py:kalman_homography,
S,2,966,PREDICTION,src/tracking/advanced_tracker.py:kalman_homography,
S,7,966,PREDICTION,src/tracking/advanced_tracker.py:kalman_homography,
S,9,966,PREDICTION,src/tracking/advanced_tracker.py:kalman_homography,
D,1,966
S,3,966,PREDICTION,src/tracking/advanced_tracker.py:id_merge,
D,7,966
S,8,966,PREDICTION,src/tracking/advanced_tracker.py:id_merge,
D,9,966
S,8,966,PREDICTION,src/tracking/advanced_tracker.py:id_merge,
L,0,966,DETECTION,src/tracking/advanced_tracker.py:_activate_slot,966_587_957_844_1161
R,CLAMP,CLAMP,0
L,2,966,PREDICTION,src/tracking/advanced_tracker.py:kalman_homography,
R,PREDICTION,PREDICTION,1
L,3,966,PREDICTION,src/tracking/advanced_tracker.py:id_merge,
R,PREDICTION,PREDICTION,1
L,4,966,DETECTION,src/tracking/advanced_tracker.py:_activate_slot,966_614_541_881_671
R,DETECTION,DETECTION,1
L,6,966,DETECTION,src/tracking/advanced_tracker.py:_activate_slot,966_174_1501_385_1612
R,DETECTION,DETECTION,1
L,8,966,PREDICTION,src/tracking/advanced_tracker.py:id_merge,
R,PREDICTION,PREDICTION,1
A,966
S,0,969,DETECTION,src/tracking/advanced_tracker.py:_activate_slot,969_583_974_846_1164
S,3,969,DETECTION,src/tracking/advanced_tracker.py:_activate_slot,969_406_1388_649_1497
S,6,969,DETECTION,src/tracking/advanced_tracker.py:_activate_slot,969_183_1506_385_1617
S,8,969,DETECTION,src/tracking/advanced_tracker.py:_activate_slot,969_218_942_419_1050
S,10,969,DETECTION,src/tracking/advanced_tracker.py:_activate_slot,969_205_1365_352_1476
S,1,969,PREDICTION,src/tracking/advanced_tracker.py:kalman_homography,
S,2,969,PREDICTION,src/tracking/advanced_tracker.py:kalman_homography,
S,4,969,PREDICTION,src/tracking/advanced_tracker.py:kalman_homography,
S,7,969,PREDICTION,src/tracking/advanced_tracker.py:kalman_homography,
S,9,969,PREDICTION,src/tracking/advanced_tracker.py:kalman_homography,
D,1,969
S,3,969,PREDICTION,src/tracking/advanced_tracker.py:id_merge,
D,7,969
S,8,969,PREDICTION,src/tracking/advanced_tracker.py:id_merge,
D,9,969
S,8,969,PREDICTION,src/tracking/advanced_tracker.py:id_merge,
L,0,969,DETECTION,src/tracking/advanced_tracker.py:_activate_slot,969_583_974_846_1164
R,CLAMP,CLAMP,0
L,2,969,PREDICTION,src/tracking/advanced_tracker.py:kalman_homography,
R,PREDICTION,PREDICTION,1
L,3,969,PREDICTION,src/tracking/advanced_tracker.py:id_merge,
R,PREDICTION,PREDICTION,1
L,4,969,PREDICTION,src/tracking/advanced_tracker.py:kalman_homography,
R,PREDICTION,PREDICTION,1
L,6,969,DETECTION,src/tracking/advanced_tracker.py:_activate_slot,969_183_1506_385_1617
R,DETECTION,DETECTION,1
L,8,969,PREDICTION,src/tracking/advanced_tracker.py:id_merge,
R,PREDICTION,PREDICTION,1
A,969
S,0,972,DETECTION,src/tracking/advanced_tracker.py:_activate_slot,972_544_975_846_1170
S,3,972,DETECTION,src/tracking/advanced_tracker.py:_activate_slot,972_398_1407_649_1506
S,4,972,DETECTION,src/tracking/advanced_tracker.py:_activate_slot,972_610_549_880_679
S,8,972,DETECTION,src/tracking/advanced_tracker.py:_activate_slot,972_177_1503_385_1620
S,10,972,DETECTION,src/tracking/advanced_tracker.py:_activate_slot,972_202_1374_354_1482
S,1,972,PREDICTION,src/tracking/advanced_tracker.py:kalman_homography,
S,6,972,PREDICTION,src/tracking/advanced_tracker.py:kalman_homography,
S,7,972,PREDICTION,src/tracking/advanced_tracker.py:kalman_homography,
S,9,972,PREDICTION,src/tracking/advanced_tracker.py:kalman_homography,
S,2,972,PREDICTION,src/tracking/advanced_tracker.py:flow_gapfill_batched,
D,1,972
S,3,972,PREDICTION,src/tracking/advanced_tracker.py:id_merge,
D,6,972
S,8,972,PREDICTION,src/tracking/advanced_tracker.py:id_merge,
D,7,972
S,9,972,PREDICTION,src/tracking/advanced_tracker.py:id_merge,
L,0,972,DETECTION,src/tracking/advanced_tracker.py:_activate_slot,972_544_975_846_1170
R,CLAMP,CLAMP,0
L,2,972,PREDICTION,src/tracking/advanced_tracker.py:flow_gapfill_batched,
R,PREDICTION,PREDICTION,1
L,3,972,PREDICTION,src/tracking/advanced_tracker.py:id_merge,
R,PREDICTION,PREDICTION,1
L,4,972,DETECTION,src/tracking/advanced_tracker.py:_activate_slot,972_610_549_880_679
R,DETECTION,DETECTION,1
L,8,972,PREDICTION,src/tracking/advanced_tracker.py:id_merge,
R,PREDICTION,PREDICTION,1
L,9,972,PREDICTION,src/tracking/advanced_tracker.py:id_merge,
R,CLAMP,CLAMP,0
A,972
S,0,975,DETECTION,src/tracking/advanced_tracker.py:_activate_slot,975_501_969_842_1157
S,3,975,DETECTION,src/tracking/advanced_tracker.py:_activate_slot,975_393_1413_644_1515
S,6,975,DETECTION,src/tracking/advanced_tracker.py:_activate_slot,975_190_1509_385_1623
S,8,975,DETECTION,src/tracking/advanced_tracker.py:_activate_slot,975_609_557_886_684
S,10,975,DETECTION,src/tracking/advanced_tracker.py:_activate_slot,975_205_1372_355_1488
S,5,975,DETECTION,src/tracking/advanced_tracker.py:_activate_slot,975_171_1132_377_1243
S,1,975,PREDICTION,src/tracking/advanced_tracker.py:kalman_homography,
S,4,975,PREDICTION,src/tracking/advanced_tracker.py:kalman_homography,
S,7,975,PREDICTION,src/tracking/advanced_tracker.py:kalman_homography,
S,9,975,PREDICTION,src/tracking/advanced_tracker.py:kalman_homography,
D,7,975
S,5,975,PREDICTION,src/tracking/advanced_tracker.py:id_merge,
L,0,975,DETECTION,src/tracking/advanced_tracker.py:_activate_slot,975_501_969_842_1157
R,CLAMP,CLAMP,0
L,1,975,PREDICTION,src/tracking/advanced_tracker.py:kalman_homography,
R,CLAMP,CLAMP,0
L,3,975,DETECTION,src/tracking/advanced_tracker.py:_activate_slot,975_393_1413_644_1515
R,DETECTION,DETECTION,1
L,4,975,PREDICTION,src/tracking/advanced_tracker.py:kalman_homography,
R,PREDICTION,PREDICTION,1
L,5,975,PREDICTION,src/tracking/advanced_tracker.py:id_merge,
R,CLAMP,CLAMP,0
L,6,975,DETECTION,src/tracking/advanced_tracker.py:_activate_slot,975_190_1509_385_1623
R,DETECTION,DETECTION,1
L,8,975,DETECTION,src/tracking/advanced_tracker.py:_activate_slot,975_609_557_886_684
R,CLAMP,CLAMP,0
L,9,975,PREDICTION,src/tracking/advanced_tracker.py:kalman_homography,
R,CLAMP,CLAMP,0
A,975
S,0,978,DETECTION,src/tracking/advanced_tracker.py:_activate_slot,978_518_973_827_1149
S,3,978,DETECTION,src/tracking/advanced_tracker.py:_activate_slot,978_378_1416_641_1530
S,4,978,DETECTION,src/tracking/advanced_tracker.py:_activate_slot,978_612_563_886_692
S,6,978,DETECTION,src/tracking/advanced_tracker.py:_activate_slot,978_177_1514_388_1623
S,10,978,DETECTION,src/tracking/advanced_tracker.py:_activate_slot,978_205_1374_355_1494
S,1,978,PREDICTION,src/tracking/advanced_tracker.py:kalman_homography,
S,5,978,PREDICTION,src/tracking/advanced_tracker.py:kalman_homography,
S,8,978,PREDICTION,src/tracking/advanced_tracker.py:kalman_homography,
S,9,978,PREDICTION,src/tracking/advanced_tracker.py:kalman_homography,
S,7,978,PREDICTION,src/tracking/advanced_tracker.py:flow_gapfill_batched,
D,7,978
S,5,978,PREDICTION,src/tracking/advanced_tracker.py:id_merge,
L,0,978,DETECTION,src/tracking/advanced_tracker.py:_activate_slot,978_518_973_827_1149
R,CLAMP,CLAMP,0
L,1,978,PREDICTION,src/tracking/advanced_tracker.py:kalman_homography,
R,CLAMP,CLAMP,0
L,3,978,DETECTION,src/tracking/advanced_tracker.py:_activate_slot,978_378_1416_641_1530
R,DETECTION,DETECTION,1
L,4,978,DETECTION,src/tracking/advanced_tracker.py:_activate_slot,978_612_563_886_692
R,DETECTION,DETECTION,1
L,5,978,PREDICTION,src/tracking/advanced_tracker.py:id_merge,
R,CLAMP,CLAMP,0
L,6,978,DETECTION,src/tracking/advanced_tracker.py:_activate_slot,978_177_1514_388_1623
R,DETECTION,DETECTION,1
L,8,978,PREDICTION,src/tracking/advanced_tracker.py:kalman_homography,
R,CLAMP,CLAMP,0
L,9,978,PREDICTION,src/tracking/advanced_tracker.py:kalman_homography,
R,CLAMP,CLAMP,0
A,978
S,0,981,DETECTION,src/tracking/advanced_tracker.py:_activate_slot,981_516_962_825_1142
S,3,981,DETECTION,src/tracking/advanced_tracker.py:_activate_slot,981_370_1425_635_1539
S,4,981,DETECTION,src/tracking/advanced_tracker.py:_activate_slot,981_371_1161_612_1263
S,8,981,DETECTION,src/tracking/advanced_tracker.py:_activate_slot,981_179_1519_386_1633
S,9,981,DETECTION,src/tracking/advanced_tracker.py:_activate_slot,981_81_880_274_967
S,10,981,DETECTION,src/tracking/advanced_tracker.py:_activate_slot,981_208_1379_355_1496
S,5,981,PREDICTION,src/tracking/advanced_tracker.py:kalman_homography,
S,6,981,PREDICTION,src/tracking/advanced_tracker.py:kalman_homography,
S,1,981,PREDICTION,src/tracking/advanced_tracker.py:flow_gapfill_batched,
D,1,981
S,4,981,PREDICTION,src/tracking/advanced_tracker.py:id_merge,
D,6,981
S,8,981,PREDICTION,src/tracking/advanced_tracker.py:id_merge,
L,0,981,DETECTION,src/tracking/advanced_tracker.py:_activate_slot,981_516_962_825_1142
R,CLAMP,CLAMP,0
L,3,981,DETECTION,src/tracking/advanced_tracker.py:_activate_slot,981_370_1425_635_1539
R,DETECTION,DETECTION,1
L,4,981,PREDICTION,src/tracking/advanced_tracker.py:id_merge,
R,CLAMP,CLAMP,1
L,5,981,PREDICTION,src/tracking/advanced_tracker.py:kalman_homography,
R,CLAMP,CLAMP,0
L,8,981,PREDICTION,src/tracking/advanced_tracker.py:id_merge,
R,PREDICTION,PREDICTION,1
L,9,981,DETECTION,src/tracking/advanced_tracker.py:_activate_slot,981_81_880_274_967
R,CLAMP,CLAMP,0
A,981
S,0,984,DETECTION,src/tracking/advanced_tracker.py:_activate_slot,984_525_979_843_1138
S,3,984,DETECTION,src/tracking/advanced_tracker.py:_activate_slot,984_366_1430_618_1550
S,8,984,DETECTION,src/tracking/advanced_tracker.py:_activate_slot,984_181_1524_387_1632
S,10,984,DETECTION,src/tracking/advanced_tracker.py:_activate_slot,984_204_1381_353_1507
S,4,984,PREDICTION,src/tracking/advanced_tracker.py:kalman_homography,
S,5,984,PREDICTION,src/tracking/advanced_tracker.py:kalman_homography,
S,6,984,PREDICTION,src/tracking/advanced_tracker.py:kalman_homography,
S,9,984,PREDICTION,src/tracking/advanced_tracker.py:kalman_homography,
S,1,984,PREDICTION,src/tracking/advanced_tracker.py:flow_gapfill_batched,
D,1,984
S,4,984,PREDICTION,src/tracking/advanced_tracker.py:id_merge,
D,4,984
S,3,984,PREDICTION,src/tracking/advanced_tracker.py:id_merge,
D,6,984
S,8,984,PREDICTION,src/tracking/advanced_tracker.py:id_merge,
L,0,984,DETECTION,src/tracking/advanced_tracker.py:_activate_slot,984_525_979_843_1138
R,CLAMP,CLAMP,0
L,3,984,PREDICTION,src/tracking/advanced_tracker.py:id_merge,
R,PREDICTION,PREDICTION,1
L,5,984,PREDICTION,src/tracking/advanced_tracker.py:kalman_homography,
R,CLAMP,CLAMP,0
L,8,984,PREDICTION,src/tracking/advanced_tracker.py:id_merge,
R,PREDICTION,PREDICTION,1
L,9,984,PREDICTION,src/tracking/advanced_tracker.py:kalman_homography,
R,CLAMP,CLAMP,0
A,984
S,0,987,DETECTION,src/tracking/advanced_tracker.py:_activate_slot,987_552_984_855_1128
S,3,987,DETECTION,src/tracking/advanced_tracker.py:_activate_slot,987_349_1440_604_1551
S,8,987,DETECTION,src/tracking/advanced_tracker.py:_activate_slot,987_178_1524_388_1620
S,10,987,DETECTION,src/tracking/advanced_tracker.py:_activate_slot,987_206_1393_353_1513
S,4,987,PREDICTION,src/tracking/advanced_tracker.py:kalman_homography,
S,5,987,PREDICTION,src/tracking/advanced_tracker.py:kalman_homography,
S,6,987,PREDICTION,src/tracking/advanced_tracker.py:kalman_homography,
S,9,987,PREDICTION,src/tracking/advanced_tracker.py:kalman_homography,
S,1,987,PREDICTION,src/tracking/advanced_tracker.py:flow_gapfill_batched,
D,4,987
S,3,987,PREDICTION,src/tracking/advanced_tracker.py:id_merge,
D,6,987
S,8,987,PREDICTION,src/tracking/advanced_tracker.py:id_merge,
L,0,987,DETECTION,src/tracking/advanced_tracker.py:_activate_slot,987_552_984_855_1128
R,CLAMP,CLAMP,0
L,1,987,PREDICTION,src/tracking/advanced_tracker.py:flow_gapfill_batched,
R,CLAMP,CLAMP,0
L,3,987,PREDICTION,src/tracking/advanced_tracker.py:id_merge,
R,PREDICTION,PREDICTION,1
L,5,987,PREDICTION,src/tracking/advanced_tracker.py:kalman_homography,
R,CLAMP,CLAMP,0
L,8,987,PREDICTION,src/tracking/advanced_tracker.py:id_merge,
R,PREDICTION,PREDICTION,1
L,9,987,PREDICTION,src/tracking/advanced_tracker.py:kalman_homography,
R,CLAMP,CLAMP,0
A,987
S,0,990,DETECTION,src/tracking/advanced_tracker.py:_activate_slot,990_552_990_853_1134
S,3,990,DETECTION,src/tracking/advanced_tracker.py:_activate_slot,990_331_1446_591_1551
S,6,990,DETECTION,src/tracking/advanced_tracker.py:_activate_slot,990_172_1525_387_1612
S,8,990,DETECTION,src/tracking/advanced_tracker.py:_activate_slot,990_611_588_884_717
S,10,990,DETECTION,src/tracking/advanced_tracker.py:_activate_slot,990_207_1396_354_1519
S,4,990,PREDICTION,src/tracking/advanced_tracker.py:kalman_homography,
S,5,990,PREDICTION,src/tracking/advanced_tracker.py:kalman_homography,
S,9,990,PREDICTION,src/tracking/advanced_tracker.py:kalman_homography,
L,0,990,DETECTION,src/tracking/advanced_tracker.py:_activate_slot,990_552_990_853_1134
R,CLAMP,CLAMP,0
L,3,990,DETECTION,src/tracking/advanced_tracker.py:_activate_slot,990_331_1446_591_1551
R,DETECTION,DETECTION,1
L,4,990,PREDICTION,src/tracking/advanced_tracker.py:kalman_homography,
R,CLAMP,CLAMP,0
L,5,990,PREDICTION,src/tracking/advanced_tracker.py:kalman_homography,
R,CLAMP,CLAMP,0
L,6,990,DETECTION,src/tracking/advanced_tracker.py:_activate_slot,990_172_1525_387_1612
R,DETECTION,SUBPIXEL,0
L,8,990,DETECTION,src/tracking/advanced_tracker.py:_activate_slot,990_611_588_884_717
R,CLAMP,CLAMP,0
L,9,990,PREDICTION,src/tracking/advanced_tracker.py:kalman_homography,
R,CLAMP,CLAMP,0
A,990
S,0,993,DETECTION,src/tracking/advanced_tracker.py:_activate_slot,993_531_1008_835_1165
S,3,993,DETECTION,src/tracking/advanced_tracker.py:_activate_slot,993_333_1449_579_1551
S,6,993,DETECTION,src/tracking/advanced_tracker.py:_activate_slot,993_168_1525_388_1615
S,10,993,DETECTION,src/tracking/advanced_tracker.py:_activate_slot,993_207_1422_350_1526
S,2,993,DETECTION,src/tracking/advanced_tracker.py:_activate_slot,993_390_582_651_748
S,4,993,PREDICTION,src/tracking/advanced_tracker.py:kalman_homography,
S,5,993,PREDICTION,src/tracking/advanced_tracker.py:kalman_homography,
S,8,993,PREDICTION,src/tracking/advanced_tracker.py:kalman_homography,
S,9,993,PREDICTION,src/tracking/advanced_tracker.py:kalman_homography,
L,0,993,DETECTION,src/tracking/advanced_tracker.py:_activate_slot,993_531_1008_835_1165
R,CLAMP,CLAMP,0
L,2,993,DETECTION,src/tracking/advanced_tracker.py:_activate_slot,993_390_582_651_748
R,DETECTION,DETECTION,1
L,3,993,DETECTION,src/tracking/advanced_tracker.py:_activate_slot,993_333_1449_579_1551
R,DETECTION,DETECTION,1
L,4,993,PREDICTION,src/tracking/advanced_tracker.py:kalman_homography,
R,CLAMP,CLAMP,0
L,5,993,PREDICTION,src/tracking/advanced_tracker.py:kalman_homography,
R,CLAMP,CLAMP,0
L,6,993,DETECTION,src/tracking/advanced_tracker.py:_activate_slot,993_168_1525_388_1615
R,DETECTION,DETECTION,1
L,8,993,PREDICTION,src/tracking/advanced_tracker.py:kalman_homography,
R,CLAMP,CLAMP,0
L,9,993,PREDICTION,src/tracking/advanced_tracker.py:kalman_homography,
R,CLAMP,CLAMP,0
A,993
S,0,996,DETECTION,src/tracking/advanced_tracker.py:_activate_slot,996_511_1057_820_1186
S,2,996,DETECTION,src/tracking/advanced_tracker.py:_activate_slot,996_408_608_650_753
S,3,996,DETECTION,src/tracking/advanced_tracker.py:_activate_slot,996_340_1450_587_1552
S,4,996,DETECTION,src/tracking/advanced_tracker.py:_activate_slot,996_552_912_765_1085
S,6,996,DETECTION,src/tracking/advanced_tracker.py:_activate_slot,996_175_1245_388_1344
S,10,996,DETECTION,src/tracking/advanced_tracker.py:_activate_slot,996_206_1418_354_1536
S,5,996,PREDICTION,src/tracking/advanced_tracker.py:kalman_homography,
S,9,996,PREDICTION,src/tracking/advanced_tracker.py:kalman_homography,
S,8,996,PREDICTION,src/tracking/advanced_tracker.py:flow_gapfill_batched,
D,0,996
S,4,996,PREDICTION,src/tracking/advanced_tracker.py:id_merge,
D,5,996
S,6,996,PREDICTION,src/tracking/advanced_tracker.py:id_merge,
L,2,996,DETECTION,src/tracking/advanced_tracker.py:_activate_slot,996_408_608_650_753
R,DETECTION,DETECTION,1
L,3,996,DETECTION,src/tracking/advanced_tracker.py:_activate_slot,996_340_1450_587_1552
R,DETECTION,DETECTION,1
L,4,996,PREDICTION,src/tracking/advanced_tracker.py:id_merge,
R,PREDICTION,PREDICTION,1
L,6,996,PREDICTION,src/tracking/advanced_tracker.py:id_merge,
R,PREDICTION,PREDICTION,1
L,8,996,PREDICTION,src/tracking/advanced_tracker.py:flow_gapfill_batched,
R,CLAMP,CLAMP,0
L,9,996,PREDICTION,src/tracking/advanced_tracker.py:kalman_homography,
R,CLAMP,CLAMP,0
A,996
S,0,999,DETECTION,src/tracking/advanced_tracker.py:_activate_slot,999_504_1083_805_1203
S,2,999,DETECTION,src/tracking/advanced_tracker.py:_activate_slot,999_416_597_668_745
S,3,999,DETECTION,src/tracking/advanced_tracker.py:_activate_slot,999_615_612_876_740
S,4,999,DETECTION,src/tracking/advanced_tracker.py:_activate_slot,999_550_924_762_1083
S,5,999,DETECTION,src/tracking/advanced_tracker.py:_activate_slot,999_335_1458_581_1551
S,10,999,DETECTION,src/tracking/advanced_tracker.py:_activate_slot,999_207_1422_357_1539
S,7,999,DETECTION,src/tracking/advanced_tracker.py:_activate_slot,999_192_1500_390_1632
S,6,999,PREDICTION,src/tracking/advanced_tracker.py:kalman_homography,
S,9,999,PREDICTION,src/tracking/advanced_tracker.py:kalman_homography,
S,8,999,PREDICTION,src/tracking/advanced_tracker.py:flow_gapfill_batched,
D,0,999
S,4,999,PREDICTION,src/tracking/advanced_tracker.py:id_merge,
D,2,999
S,3,999,PREDICTION,src/tracking/advanced_tracker.py:id_merge,
D,5,999
S,7,999,PREDICTION,src/tracking/advanced_tracker.py:id_merge,
L,3,999,PREDICTION,src/tracking/advanced_tracker.py:id_merge,
R,CLAMP,CLAMP,0
L,4,999,PREDICTION,src/tracking/advanced_tracker.py:id_merge,
R,PREDICTION,PREDICTION,1
L,6,999,PREDICTION,src/tracking/advanced_tracker.py:kalman_homography,
R,PREDICTION,PREDICTION,1
L,7,999,PREDICTION,src/tracking/advanced_tracker.py:id_merge,
R,PREDICTION,PREDICTION,1
L,8,999,PREDICTION,src/tracking/advanced_tracker.py:flow_gapfill_batched,
R,CLAMP,CLAMP,0
L,9,999,PREDICTION,src/tracking/advanced_tracker.py:kalman_homography,
R,CLAMP,CLAMP,0
A,999
S,0,1002,DETECTION,src/tracking/advanced_tracker.py:_activate_slot,1002_507_1110_805_1221
S,3,1002,DETECTION,src/tracking/advanced_tracker.py:_activate_slot,1002_614_615_885_744
S,2,1002,DETECTION,src/tracking/advanced_tracker.py:_activate_slot,1002_417_553_652_732
S,5,1002,DETECTION,src/tracking/advanced_tracker.py:_activate_slot,1002_416_618_675_725
S,7,1002,DETECTION,src/tracking/advanced_tracker.py:_activate_slot,1002_207_1505_388_1632
S,9,1002,DETECTION,src/tracking/advanced_tracker.py:_activate_slot,1002_75_930_285_1029
S,4,1002,PREDICTION,src/tracking/advanced_tracker.py:kalman_homography,
S,6,1002,PREDICTION,src/tracking/advanced_tracker.py:kalman_homography,
S,10,1002,PREDICTION,src/tracking/advanced_tracker.py:kalman_homography,
S,8,1002,PREDICTION,src/tracking/advanced_tracker.py:flow_gapfill_batched,
D,4,1002
S,0,1002,PREDICTION,src/tracking/advanced_tracker.py:id_merge,
D,2,1002
S,3,1002,PREDICTION,src/tracking/advanced_tracker.py:id_merge,
D,8,1002
S,5,1002,PREDICTION,src/tracking/advanced_tracker.py:id_merge,
D,6,1002
S,9,1002,PREDICTION,src/tracking/advanced_tracker.py:id_merge,
L,0,1002,PREDICTION,src/tracking/advanced_tracker.py:id_merge,
R,CLAMP,CLAMP,0
L,3,1002,PREDICTION,src/tracking/advanced_tracker.py:id_merge,
R,CLAMP,CLAMP,0
L,5,1002,PREDICTION,src/tracking/advanced_tracker.py:id_merge,
R,PREDICTION,PREDICTION,1
L,7,1002,DETECTION,src/tracking/advanced_tracker.py:_activate_slot,1002_207_1505_388_1632
R,DETECTION,DETECTION,1
L,9,1002,PREDICTION,src/tracking/advanced_tracker.py:id_merge,
R,CLAMP,CLAMP,0
A,1002
S,0,1005,DETECTION,src/tracking/advanced_tracker.py:_activate_slot,1005_514_1113_805_1284
S,2,1005,DETECTION,src/tracking/advanced_tracker.py:_activate_slot,1005_418_572_663_753
S,3,1005,DETECTION,src/tracking/advanced_tracker.py:_activate_slot,1005_345_1219_512_1297
S,7,1005,DETECTION,src/tracking/advanced_tracker.py:_activate_slot,1005_183_1503_388_1626
S,9,1005,DETECTION,src/tracking/advanced_tracker.py:_activate_slot,1005_75_931_284_1027
S,4,1005,PREDICTION,src/tracking/advanced_tracker.py:kalman_homography,
S,5,1005,PREDICTION,src/tracking/advanced_tracker.py:kalman_homography,
S,6,1005,PREDICTION,src/tracking/advanced_tracker.py:kalman_homography,
S,10,1005,PREDICTION,src/tracking/advanced_tracker.py:kalman_homography,
S,8,1005,PREDICTION,src/tracking/advanced_tracker.py:flow_gapfill_batched,
D,8,1005
S,5,1005,PREDICTION,src/tracking/advanced_tracker.py:id_merge,
D,6,1005
S,9,1005,PREDICTION,src/tracking/advanced_tracker.py:id_merge,
L,0,1005,DETECTION,src/tracking/advanced_tracker.py:_activate_slot,1005_514_1113_805_1284
R,CLAMP,CLAMP,0
L,2,1005,DETECTION,src/tracking/advanced_tracker.py:_activate_slot,1005_418_572_663_753
R,DETECTION,DETECTION,1
L,3,1005,DETECTION,src/tracking/advanced_tracker.py:_activate_slot,1005_345_1219_512_1297
R,DETECTION,DETECTION,1
L,4,1005,PREDICTION,src/tracking/advanced_tracker.py:kalman_homography,
R,PREDICTION,PREDICTION,1
L,5,1005,PREDICTION,src/tracking/advanced_tracker.py:id_merge,
R,PREDICTION,PREDICTION,1
L,7,1005,DETECTION,src/tracking/advanced_tracker.py:_activate_slot,1005_183_1503_388_1626
R,DETECTION,DETECTION,1
L,9,1005,PREDICTION,src/tracking/advanced_tracker.py:id_merge,
R,CLAMP,CLAMP,0
A,1005
S,0,1008,DETECTION,src/tracking/advanced_tracker.py:_activate_slot,1008_509_1117_801_1290
S,1,1008,DETECTION,src/tracking/advanced_tracker.py:_activate_slot,1008_256_1155_498_1290
S,3,1008,DETECTION,src/tracking/advanced_tracker.py:_activate_slot,1008_297_1057_501_1165
S,2,1008,DETECTION,src/tracking/advanced_tracker.py:_activate_slot,1008_415_549_650_732
S,9,1008,DETECTION,src/tracking/advanced_tracker.py:_activate_slot,1008_75_928_285_1030
S,7,1008,DETECTION,src/tracking/advanced_tracker.py:_activate_slot,1008_235_1496_388_1599
S,4,1008,PREDICTION,src/tracking/advanced_tracker.py:kalman_homography,
S,5,1008,PREDICTION,src/tracking/advanced_tracker.py:kalman_homography,
S,6,1008,PREDICTION,src/tracking/advanced_tracker.py:kalman_homography,
S,10,1008,PREDICTION,src/tracking/advanced_tracker.py:kalman_homography,
S,8,1008,PREDICTION,src/tracking/advanced_tracker.py:flow_gapfill_batched,
D,1,1008
S,3,1008,PREDICTION,src/tracking/advanced_tracker.py:id_merge,
D,6,1008
S,9,1008,PREDICTION,src/tracking/advanced_tracker.py:id_merge,
L,0,1008,DETECTION,src/tracking/advanced_tracker.py:_activate_slot,1008_509_1117_801_1290
R,CLAMP,CLAMP,0
L,2,1008,DETECTION,src/tracking/advanced_tracker.py:_activate_slot,1008_415_549_650_732
R,DETECTION,DETECTION,1
L,3,1008,PREDICTION,src/tracking/advanced_tracker.py:id_merge,
R,PREDICTION,PREDICTION,1
L,4,1008,PREDICTION,src/tracking/advanced_tracker.py:kalman_homography,
R,PREDICTION,PREDICTION,1
L,5,1008,PREDICTION,src/tracking/advanced_tracker.py:kalman_homography,
R,PREDICTION,PREDICTION,1
L,7,1008,DETECTION,src/tracking/advanced_tracker.py:_activate_slot,1008_235_1496_388_1599
R,DETECTION,DETECTION,1
L,8,1008,PREDICTION,src/tracking/advanced_tracker.py:flow_gapfill_batched,
R,CLAMP,CLAMP,0
L,9,1008,PREDICTION,src/tracking/advanced_tracker.py:id_merge,
R,CLAMP,CLAMP,0
A,1008
S,0,1011,DETECTION,src/tracking/advanced_tracker.py:_activate_slot,1011_496_1150_786_1294
S,1,1011,DETECTION,src/tracking/advanced_tracker.py:_activate_slot,1011_502_985_735_1099
S,2,1011,DETECTION,src/tracking/advanced_tracker.py:_activate_slot,1011_413_568_660_749
S,3,1011,DETECTION,src/tracking/advanced_tracker.py:_activate_slot,1011_237_972_438_1076
S,7,1011,DETECTION,src/tracking/advanced_tracker.py:_activate_slot,1011_178_1495_390_1585
S,4,1011,PREDICTION,src/tracking/advanced_tracker.py:kalman_homography,
S,6,1011,PREDICTION,src/tracking/advanced_tracker.py:kalman_homography,
S,9,1011,PREDICTION,src/tracking/advanced_tracker.py:kalman_homography,
S,10,1011,PREDICTION,src/tracking/advanced_tracker.py:kalman_homography,
S,5,1011,PREDICTION,src/tracking/advanced_tracker.py:flow_gapfill_batched,
S,8,1011,PREDICTION,src/tracking/advanced_tracker.py:flow_gapfill_batched,
D,0,1011
S,1,1011,PREDICTION,src/tracking/advanced_tracker.py:id_merge,
D,4,1011
S,1,1011,PREDICTION,src/tracking/advanced_tracker.py:id_merge,
D,8,1011
S,5,1011,PREDICTION,src/tracking/advanced_tracker.py:id_merge,
D,6,1011
S,9,1011,PREDICTION,src/tracking/advanced_tracker.py:id_merge,
L,1,1011,PREDICTION,src/tracking/advanced_tracker.py:id_merge,
R,PREDICTION,PREDICTION,1
L,2,1011,DETECTION,src/tracking/advanced_tracker.py:_activate_slot,1011_413_568_660_749
R,DETECTION,DETECTION,1
L,3,1011,DETECTION,src/tracking/advanced_tracker.py:_activate_slot,1011_237_972_438_1076
R,DETECTION,DETECTION,1
L,5,1011,PREDICTION,src/tracking/advanced_tracker.py:id_merge,
R,PREDICTION,PREDICTION,1
L,7,1011,DETECTION,src/tracking/advanced_tracker.py:_activate_slot,1011_178_1495_390_1585
R,DETECTION,DETECTION,1
L,9,1011,PREDICTION,src/tracking/advanced_tracker.py:id_merge,
R,CLAMP,CLAMP,0
A,1011
S,0,1014,DETECTION,src/tracking/advanced_tracker.py:_activate_slot,1014_483_1191_780_1293
S,1,1014,DETECTION,src/tracking/advanced_tracker.py:_activate_slot,1014_498_991_735_1120
S,2,1014,DETECTION,src/tracking/advanced_tracker.py:_activate_slot,1014_412_586_652_751
S,3,1014,DETECTION,src/tracking/advanced_tracker.py:_activate_slot,1014_292_1056_504_1161
S,5,1014,DETECTION,src/tracking/advanced_tracker.py:_activate_slot,1014_229_1174_475_1272
S,7,1014,DETECTION,src/tracking/advanced_tracker.py:_activate_slot,1014_189_1488_391_1569
S,9,1014,DETECTION,src/tracking/advanced_tracker.py:_activate_slot,1014_222_961_427_1075
S,4,1014,PREDICTION,src/tracking/advanced_tracker.py:kalman_homography,
S,6,1014,PREDICTION,src/tracking/advanced_tracker.py:kalman_homography,
S,10,1014,PREDICTION,src/tracking/advanced_tracker.py:kalman_homography,
S,8,1014,PREDICTION,src/tracking/advanced_tracker.py:flow_gapfill_batched,
D,0,1014
S,1,1014,PREDICTION,src/tracking/advanced_tracker.py:id_merge,
D,5,1014
S,9,1014,PREDICTION,src/tracking/advanced_tracker.py:id_merge,
L,1,1014,PREDICTION,src/tracking/advanced_tracker.py:id_merge,
R,PREDICTION,PREDICTION,1
L,2,1014,DETECTION,src/tracking/advanced_tracker.py:_activate_slot,1014_412_586_652_751
R,DETECTION,DETECTION,1
L,3,1014,DETECTION,src/tracking/advanced_tracker.py:_activate_slot,1014_292_1056_504_1161
R,DETECTION,DETECTION,1
L,4,1014,PREDICTION,src/tracking/advanced_tracker.py:kalman_homography,
R,PREDICTION,PREDICTION,1
L,6,1014,PREDICTION,src/tracking/advanced_tracker.py:kalman_homography,
R,PREDICTION,PREDICTION,1
L,7,1014,DETECTION,src/tracking/advanced_tracker.py:_activate_slot,1014_189_1488_391_1569
R,DETECTION,DETECTION,1
L,8,1014,PREDICTION,src/tracking/advanced_tracker.py:flow_gapfill_batched,
R,CLAMP,CLAMP,0
L,9,1014,PREDICTION,src/tracking/advanced_tracker.py:id_merge,
R,CLAMP,CLAMP,0
A,1014
S,0,1017,DETECTION,src/tracking/advanced_tracker.py:_activate_slot,1017_480_1208_777_1302
S,2,1017,DETECTION,src/tracking/advanced_tracker.py:_activate_slot,1017_417_585_647_747
S,3,1017,DETECTION,src/tracking/advanced_tracker.py:_activate_slot,1017_292_1047_505_1149
S,5,1017,DETECTION,src/tracking/advanced_tracker.py:_activate_slot,1017_237_1179_470_1284
S,7,1017,DETECTION,src/tracking/advanced_tracker.py:_activate_slot,1017_200_1468_390_1552
S,1,1017,PREDICTION,src/tracking/advanced_tracker.py:kalman_homography,
S,4,1017,PREDICTION,src/tracking/advanced_tracker.py:kalman_homography,
S,6,1017,PREDICTION,src/tracking/advanced_tracker.py:kalman_homography,
S,9,1017,PREDICTION,src/tracking/advanced_tracker.py:kalman_homography,
S,10,1017,PREDICTION,src/tracking/advanced_tracker.py:kalman_homography,
D,4,1017
S,1,1017,PREDICTION,src/tracking/advanced_tracker.py:id_merge,
D,9,1017
S,5,1017,PREDICTION,src/tracking/advanced_tracker.py:id_merge,
L,0,1017,DETECTION,src/tracking/advanced_tracker.py:_activate_slot,1017_480_1208_777_1302
R,CLAMP,CLAMP,0
L,1,1017,PREDICTION,src/tracking/advanced_tracker.py:id_merge,
R,PREDICTION,PREDICTION,1
L,2,1017,DETECTION,src/tracking/advanced_tracker.py:_activate_slot,1017_417_585_647_747
R,DETECTION,DETECTION,1
L,3,1017,DETECTION,src/tracking/advanced_tracker.py:_activate_slot,1017_292_1047_505_1149
R,DETECTION,DETECTION,1
L,5,1017,PREDICTION,src/tracking/advanced_tracker.py:id_merge,
R,PREDICTION,PREDICTION,1
L,6,1017,PREDICTION,src/tracking/advanced_tracker.py:kalman_homography,
R,PREDICTION,PREDICTION,1
L,7,1017,DETECTION,src/tracking/advanced_tracker.py:_activate_slot,1017_200_1468_390_1552
R,DETECTION,DETECTION,1
A,1017
S,0,1020,DETECTION,src/tracking/advanced_tracker.py:_activate_slot,1020_470_1214_766_1319
S,2,1020,DETECTION,src/tracking/advanced_tracker.py:_activate_slot,1020_610_601_892_727
S,3,1020,DETECTION,src/tracking/advanced_tracker.py:_activate_slot,1020_288_1036_498_1140
S,7,1020,DETECTION,src/tracking/advanced_tracker.py:_activate_slot,1020_205_1428_390_1539
S,1,1020,PREDICTION,src/tracking/advanced_tracker.py:kalman_homography,
S,4,1020,PREDICTION,src/tracking/advanced_tracker.py:kalman_homography,
S,5,1020,PREDICTION,src/tracking/advanced_tracker.py:kalman_homography,
S,9,1020,PREDICTION,src/tracking/advanced_tracker.py:kalman_homography,
S,10,1020,PREDICTION,src/tracking/advanced_tracker.py:kalman_homography,
S,6,1020,PREDICTION,src/tracking/advanced_tracker.py:flow_gapfill_batched,
D,1,1020
S,2,1020,PREDICTION,src/tracking/advanced_tracker.py:id_merge,
D,4,1020
S,2,1020,PREDICTION,src/tracking/advanced_tracker.py:id_merge,
D,6,1020
S,5,1020,PREDICTION,src/tracking/advanced_tracker.py:id_merge,
D,5,1020
S,7,1020,PREDICTION,src/tracking/advanced_tracker.py:id_merge,
L,0,1020,DETECTION,src/tracking/advanced_tracker.py:_activate_slot,1020_470_1214_766_1319
R,CLAMP,CLAMP,0
L,2,1020,PREDICTION,src/tracking/advanced_tracker.py:id_merge,
R,PREDICTION,PREDICTION,1
L,3,1020,DETECTION,src/tracking/advanced_tracker.py:_activate_slot,1020_288_1036_498_1140
R,DETECTION,DETECTION,1
L,7,1020,PREDICTION,src/tracking/advanced_tracker.py:id_merge,
R,PREDICTION,PREDICTION,1
L,9,1020,PREDICTION,src/tracking/advanced_tracker.py:kalman_homography,
R,CLAMP,CLAMP,0
A,1020
S,0,1023,DETECTION,src/tracking/advanced_tracker.py:_activate_slot,1023_474_1218_755_1329
S,2,1023,DETECTION,src/tracking/advanced_tracker.py:_activate_slot,1023_612_598_889_723
S,3,1023,DETECTION,src/tracking/advanced_tracker.py:_activate_slot,1023_296_1025_497_1127
S,4,1023,DETECTION,src/tracking/advanced_tracker.py:_activate_slot,1023_243_930_447_1059
S,7,1023,DETECTION,src/tracking/advanced_tracker.py:_activate_slot,1023_222_1420_388_1545
S,1,1023,PREDICTION,src/tracking/advanced_tracker.py:kalman_homography,
S,5,1023,PREDICTION,src/tracking/advanced_tracker.py:kalman_homography,
S,9,1023,PREDICTION,src/tracking/advanced_tracker.py:kalman_homography,
S,10,1023,PREDICTION,src/tracking/advanced_tracker.py:flow_gapfill_batched,
D,1,1023
S,2,1023,PREDICTION,src/tracking/advanced_tracker.py:id_merge,
D,3,1023
S,4,1023,PREDICTION,src/tracking/advanced_tracker.py:id_merge,
D,5,1023
S,7,1023,PREDICTION,src/tracking/advanced_tracker.py:id_merge,
L,0,1023,DETECTION,src/tracking/advanced_tracker.py:_activate_slot,1023_474_1218_755_1329
R,CLAMP,CLAMP,0
L,2,1023,PREDICTION,src/tracking/advanced_tracker.py:id_merge,
R,PREDICTION,PREDICTION,1
L,4,1023,PREDICTION,src/tracking/advanced_tracker.py:id_merge,
R,PREDICTION,PREDICTION,1
L,7,1023,PREDICTION,src/tracking/advanced_tracker.py:id_merge,
R,PREDICTION,PREDICTION,1
L,9,1023,PREDICTION,src/tracking/advanced_tracker.py:kalman_homography,
R,CLAMP,CLAMP,0
A,1023
S,0,1026,DETECTION,src/tracking/advanced_tracker.py:_activate_slot,1026_465_1216_744_1348
S,2,1026,DETECTION,src/tracking/advanced_tracker.py:_activate_slot,1026_615_594_891_717
S,3,1026,DETECTION,src/tracking/advanced_tracker.py:_activate_slot,1026_325_1431_549_1512
S,4,1026,DETECTION,src/tracking/advanced_tracker.py:_activate_slot,1026_450_570_642_702
S,7,1026,DETECTION,src/tracking/advanced_tracker.py:_activate_slot,1026_213_1422_392_1533
S,5,1026,PREDICTION,src/tracking/advanced_tracker.py:kalman_homography,
S,9,1026,PREDICTION,src/tracking/advanced_tracker.py:kalman_homography,
S,1,1026,PREDICTION,src/tracking/advanced_tracker.py:flow_gapfill_batched,
D,1,1026
S,0,1026,PREDICTION,src/tracking/advanced_tracker.py:id_merge,
D,5,1026
S,7,1026,PREDICTION,src/tracking/advanced_tracker.py:id_merge,
L,0,1026,PREDICTION,src/tracking/advanced_tracker.py:id_merge,
R,CLAMP,CLAMP,0
L,2,1026,DETECTION,src/tracking/advanced_tracker.py:_activate_slot,1026_615_594_891_717
R,DETECTION,DETECTION,1
L,3,1026,DETECTION,src/tracking/advanced_tracker.py:_activate_slot,1026_325_1431_549_1512
R,DETECTION,DETECTION,1
L,4,1026,DETECTION,src/tracking/advanced_tracker.py:_activate_slot,1026_450_570_642_702
R,DETECTION,DETECTION,1
L,7,1026,PREDICTION,src/tracking/advanced_tracker.py:id_merge,
R,PREDICTION,PREDICTION,1
L,9,1026,PREDICTION,src/tracking/advanced_tracker.py:kalman_homography,
R,CLAMP,CLAMP,0
A,1026
S,0,1029,DETECTION,src/tracking/advanced_tracker.py:_activate_slot,1029_459_1250_740_1382
S,1,1029,DETECTION,src/tracking/advanced_tracker.py:_activate_slot,1029_321_1212_549_1302
S,2,1029,DETECTION,src/tracking/advanced_tracker.py:_activate_slot,1029_611_587_894_716
S,3,1029,DETECTION,src/tracking/advanced_tracker.py:_activate_slot,1029_321_1410_548_1510
S,4,1029,DETECTION,src/tracking/advanced_tracker.py:_activate_slot,1029_447_567_641_710
S,9,1029,DETECTION,src/tracking/advanced_tracker.py:_activate_slot,1029_250_973_495_1117
S,5,1029,PREDICTION,src/tracking/advanced_tracker.py:kalman_homography,
S,7,1029,PREDICTION,src/tracking/advanced_tracker.py:kalman_homography,
D,0,1029
S,1,1029,PREDICTION,src/tracking/advanced_tracker.py:id_merge,
D,1,1029
S,3,1029,PREDICTION,src/tracking/advanced_tracker.py:id_merge,
D,5,1029
S,7,1029,PREDICTION,src/tracking/advanced_tracker.py:id_merge,
L,2,1029,DETECTION,src/tracking/advanced_tracker.py:_activate_slot,1029_611_587_894_716
R,DETECTION,DETECTION,1
L,3,1029,PREDICTION,src/tracking/advanced_tracker.py:id_merge,
R,PREDICTION,PREDICTION,1
L,4,1029,DETECTION,src/tracking/advanced_tracker.py:_activate_slot,1029_447_567_641_710
R,DETECTION,DETECTION,1
L,7,1029,PREDICTION,src/tracking/advanced_tracker.py:id_merge,
R,PREDICTION,PREDICTION,1
L,9,1029,DETECTION,src/tracking/advanced_tracker.py:_activate_slot,1029_250_973_495_1117
R,CLAMP,CLAMP,0
A,1029
S,0,1032,DETECTION,src/tracking/advanced_tracker.py:_activate_slot,1032_466_1259_745_1410
S,1,1032,DETECTION,src/tracking/advanced_tracker.py:_activate_slot,1032_318_1209_549_1302
S,2,1032,DETECTION,src/tracking/advanced_tracker.py:_activate_slot,1032_610_585_901_709
S,3,1032,DETECTION,src/tracking/advanced_tracker.py:_activate_slot,1032_315_1400_546_1514
S,9,1032,DETECTION,src/tracking/advanced_tracker.py:_activate_slot,1032_250_978_492_1092
S,7,1032,DETECTION,src/tracking/advanced_tracker.py:_activate_slot,1032_202_1401_382_1520
S,4,1032,PREDICTION,src/tracking/advanced_tracker.py:kalman_homography,
S,5,1032,PREDICTION,src/tracking/advanced_tracker.py:kalman_homography,
D,0,1032
S,1,1032,PREDICTION,src/tracking/advanced_tracker.py:id_merge,
D,1,1032
S,3,1032,PREDICTION,src/tracking/advanced_tracker.py:id_merge,
D,4,1032
S,2,1032,PREDICTION,src/tracking/advanced_tracker.py:id_merge,
D,5,1032
S,7,1032,PREDICTION,src/tracking/advanced_tracker.py:id_merge,
L,2,1032,PREDICTION,src/tracking/advanced_tracker.py:id_merge,
R,PREDICTION,PREDICTION,1
L,3,1032,PREDICTION,src/tracking/advanced_tracker.py:id_merge,
R,PREDICTION,PREDICTION,1
L,7,1032,PREDICTION,src/tracking/advanced_tracker.py:id_merge,
R,PREDICTION,PREDICTION,1
L,9,1032,DETECTION,src/tracking/advanced_tracker.py:_activate_slot,1032_250_978_492_1092
R,CLAMP,CLAMP,0
A,1032
S,0,1035,DETECTION,src/tracking/advanced_tracker.py:_activate_slot,1035_484_1278_750_1440
S,2,1035,DETECTION,src/tracking/advanced_tracker.py:_activate_slot,1035_625_576_900_705
S,3,1035,DETECTION,src/tracking/advanced_tracker.py:_activate_slot,1035_315_1417_548_1516
S,8,1035,DETECTION,src/tracking/advanced_tracker.py:_activate_slot,1035_218_1095_427_1246
S,1,1035,PREDICTION,src/tracking/advanced_tracker.py:kalman_homography,
S,4,1035,PREDICTION,src/tracking/advanced_tracker.py:kalman_homography,
S,5,1035,PREDICTION,src/tracking/advanced_tracker.py:kalman_homography,
S,7,1035,PREDICTION,src/tracking/advanced_tracker.py:kalman_homography,
S,9,1035,PREDICTION,src/tracking/advanced_tracker.py:kalman_homography,
D,1,1035
S,0,1035,PREDICTION,src/tracking/advanced_tracker.py:id_merge,
D,9,1035
S,8,1035,PREDICTION,src/tracking/advanced_tracker.py:id_merge,
L,0,1035,PREDICTION,src/tracking/advanced_tracker.py:id_merge,
R,CLAMP,CLAMP,0
L,2,1035,DETECTION,src/tracking/advanced_tracker.py:_activate_slot,1035_625_576_900_705
R,DETECTION,DETECTION,1
L,3,1035,DETECTION,src/tracking/advanced_tracker.py:_activate_slot,1035_315_1417_548_1516
R,DETECTION,DETECTION,1
L,4,1035,PREDICTION,src/tracking/advanced_tracker.py:kalman_homography,
R,PREDICTION,PREDICTION,1
L,5,1035,PREDICTION,src/tracking/advanced_tracker.py:kalman_homography,
R,PREDICTION,PREDICTION,1
L,7,1035,PREDICTION,src/tracking/advanced_tracker.py:kalman_homography,
R,PREDICTION,PREDICTION,1
L,8,1035,PREDICTION,src/tracking/advanced_tracker.py:id_merge,
R,PREDICTION,PREDICTION,1
A,1035
S,0,1038,DETECTION,src/tracking/advanced_tracker.py:_activate_slot,1038_489_1278_753_1440
S,3,1038,DETECTION,src/tracking/advanced_tracker.py:_activate_slot,1038_315_1425_555_1518
S,5,1038,DETECTION,src/tracking/advanced_tracker.py:_activate_slot,1038_627_571_901_697
S,8,1038,DETECTION,src/tracking/advanced_tracker.py:_activate_slot,1038_216_1071_424_1222
S,1,1038,PREDICTION,src/tracking/advanced_tracker.py:kalman_homography,
S,2,1038,PREDICTION,src/tracking/advanced_tracker.py:kalman_homography,
S,4,1038,PREDICTION,src/tracking/advanced_tracker.py:kalman_homography,
S,7,1038,PREDICTION,src/tracking/advanced_tracker.py:kalman_homography,
S,9,1038,PREDICTION,src/tracking/advanced_tracker.py:kalman_homography,
D,1,1038
S,3,1038,PREDICTION,src/tracking/advanced_tracker.py:id_merge,
D,9,1038
S,8,1038,PREDICTION,src/tracking/advanced_tracker.py:id_merge,
L,0,1038,DETECTION,src/tracking/advanced_tracker.py:_activate_slot,1038_489_1278_753_1440
R,CLAMP,CLAMP,0
L,2,1038,PREDICTION,src/tracking/advanced_tracker.py:kalman_homography,
R,PREDICTION,PREDICTION,1
L,3,1038,PREDICTION,src/tracking/advanced_tracker.py:id_merge,
R,PREDICTION,PREDICTION,1
L,4,1038,PREDICTION,src/tracking/advanced_tracker.py:kalman_homography,
R,PREDICTION,PREDICTION,1
L,5,1038,DETECTION,src/tracking/advanced_tracker.py:_activate_slot,1038_627_571_901_697
R,CLAMP,CLAMP,0
L,7,1038,PREDICTION,src/tracking/advanced_tracker.py:kalman_homography,
R,PREDICTION,PREDICTION,1
L,8,1038,PREDICTION,src/tracking/advanced_tracker.py:id_merge,
R,PREDICTION,PREDICTION,1
A,1038
S,0,1041,DETECTION,src/tracking/advanced_tracker.py:_activate_slot,1041_471_1269_755_1427
S,2,1041,DETECTION,src/tracking/advanced_tracker.py:_activate_slot,1041_631_561_901_696
S,3,1041,DETECTION,src/tracking/advanced_tracker.py:_activate_slot,1041_312_1418_558_1517
S,5,1041,DETECTION,src/tracking/advanced_tracker.py:_activate_slot,1041_175_1206_381_1305
S,8,1041,DETECTION,src/tracking/advanced_tracker.py:_activate_slot,1041_194_1062_426_1179
S,6,1041,DETECTION,src/tracking/advanced_tracker.py:_activate_slot,1041_196_1027_429_1179
S,1,1041,PREDICTION,src/tracking/advanced_tracker.py:kalman_homography,
S,4,1041,PREDICTION,src/tracking/advanced_tracker.py:kalman_homography,
S,7,1041,PREDICTION,src/tracking/advanced_tracker.py:kalman_homography,
S,9,1041,PREDICTION,src/tracking/advanced_tracker.py:kalman_homography,
D,1,1041
S,3,1041,PREDICTION,src/tracking/advanced_tracker.py:id_merge,
D,5,1041
S,6,1041,PREDICTION,src/tracking/advanced_tracker.py:id_merge,
D,6,1041
S,8,1041,PREDICTION,src/tracking/advanced_tracker.py:id_merge,
D,9,1041
S,8,1041,PREDICTION,src/tracking/advanced_tracker.py:id_merge,
L,0,1041,DETECTION,src/tracking/advanced_tracker.py:_activate_slot,1041_471_1269_755_1427
R,CLAMP,CLAMP,0
L,2,1041,DETECTION,src/tracking/advanced_tracker.py:_activate_slot,1041_631_561_901_696
R,DETECTION,DETECTION,1
L,3,1041,PREDICTION,src/tracking/advanced_tracker.py:id_merge,
R,PREDICTION,PREDICTION,1
L,4,1041,PREDICTION,src/tracking/advanced_tracker.py:kalman_homography,
R,PREDICTION,PREDICTION,1
L,7,1041,PREDICTION,src/tracking/advanced_tracker.py:kalman_homography,
R,PREDICTION,PREDICTION,1
L,8,1041,PREDICTION,src/tracking/advanced_tracker.py:id_merge,
R,PREDICTION,PREDICTION,1
A,1041
S,0,1044,DETECTION,src/tracking/advanced_tracker.py:_activate_slot,1044_474_1252_753_1390
S,2,1044,DETECTION,src/tracking/advanced_tracker.py:_activate_slot,1044_633_550_902_687
S,3,1044,DETECTION,src/tracking/advanced_tracker.py:_activate_slot,1044_314_1408_552_1519
S,5,1044,DETECTION,src/tracking/advanced_tracker.py:_activate_slot,1044_182_1198_384_1306
S,8,1044,DETECTION,src/tracking/advanced_tracker.py:_activate_slot,1044_165_1053_419_1161
S,9,1044,DETECTION,src/tracking/advanced_tracker.py:_activate_slot,1044_183_915_476_1101
S,10,1044,DETECTION,src/tracking/advanced_tracker.py:_activate_slot,1044_200_1434_357_1551
S,1,1044,PREDICTION,src/tracking/advanced_tracker.py:kalman_homography,
S,6,1044,PREDICTION,src/tracking/advanced_tracker.py:kalman_homography,
S,7,1044,PREDICTION,src/tracking/advanced_tracker.py:kalman_homography,
S,4,1044,PREDICTION,src/tracking/advanced_tracker.py:flow_gapfill_batched,
D,1,1044
S,3,1044,PREDICTION,src/tracking/advanced_tracker.py:id_merge,
D,6,1044
S,5,1044,PREDICTION,src/tracking/advanced_tracker.py:id_merge,
D,7,1044
S,5,1044,PREDICTION,src/tracking/advanced_tracker.py:id_merge,
D,5,1044
S,8,1044,PREDICTION,src/tracking/advanced_tracker.py:id_merge,
D,8,1044
S,9,1044,PREDICTION,src/tracking/advanced_tracker.py:id_merge,
L,0,1044,DETECTION,src/tracking/advanced_tracker.py:_activate_slot,1044_474_1252_753_1390
R,CLAMP,CLAMP,0
L,2,1044,DETECTION,src/tracking/advanced_tracker.py:_activate_slot,1044_633_550_902_687
R,DETECTION,DETECTION,1
L,3,1044,PREDICTION,src/tracking/advanced_tracker.py:id_merge,
R,PREDICTION,PREDICTION,1
L,4,1044,PREDICTION,src/tracking/advanced_tracker.py:flow_gapfill_batched,
R,PREDICTION,PREDICTION,1
L,9,1044,PREDICTION,src/tracking/advanced_tracker.py:id_merge,
R,CLAMP,CLAMP,0
A,1044
S,0,1047,DETECTION,src/tracking/advanced_tracker.py:_activate_slot,1047_483_1220_778_1364
S,1,1047,DETECTION,src/tracking/advanced_tracker.py:_activate_slot,1047_354_1193_546_1304
S,2,1047,DETECTION,src/tracking/advanced_tracker.py:_activate_slot,1047_631_540_901_679
S,3,1047,DETECTION,src/tracking/advanced_tracker.py:_activate_slot,1047_309_1404_555_1515
S,8,1047,DETECTION,src/tracking/advanced_tracker.py:_activate_slot,1047_150_1001_438_1136
S,6,1047,DETECTION,src/tracking/advanced_tracker.py:_activate_slot,1047_166_1021_412_1138
S,5,1047,PREDICTION,src/tracking/advanced_tracker.py:kalman_homography,
S,7,1047,PREDICTION,src/tracking/advanced_tracker.py:kalman_homography,
S,9,1047,PREDICTION,src/tracking/advanced_tracker.py:kalman_homography,
S,10,1047,PREDICTION,src/tracking/advanced_tracker.py:kalman_homography,
S,4,1047,PREDICTION,src/tracking/advanced_tracker.py:flow_gapfill_batched,
D,0,1047
S,1,1047,PREDICTION,src/tracking/advanced_tracker.py:id_merge,
D,1,1047
S,3,1047,PREDICTION,src/tracking/advanced_tracker.py:id_merge,
D,7,1047
S,5,1047,PREDICTION,src/tracking/advanced_tracker.py:id_merge,
D,6,1047
S,8,1047,PREDICTION,src/tracking/advanced_tracker.py:id_merge,
D,9,1047
S,8,1047,PREDICTION,src/tracking/advanced_tracker.py:id_merge,
L,2,1047,DETECTION,src/tracking/advanced_tracker.py:_activate_slot,1047_631_540_901_679
R,DETECTION,DETECTION,1
L,3,1047,PREDICTION,src/tracking/advanced_tracker.py:id_merge,
R,PREDICTION,PREDICTION,1
L,4,1047,PREDICTION,src/tracking/advanced_tracker.py:flow_gapfill_batched,
R,PREDICTION,PREDICTION,1
L,5,1047,PREDICTION,src/tracking/advanced_tracker.py:id_merge,
R,PREDICTION,PREDICTION,1
L,8,1047,PREDICTION,src/tracking/advanced_tracker.py:id_merge,
R,PREDICTION,PREDICTION,1
A,1047
S,0,1050,DETECTION,src/tracking/advanced_tracker.py:_activate_slot,1050_500_1215_795_1368
S,1,1050,DETECTION,src/tracking/advanced_tracker.py:_activate_slot,1050_364_1179_563_1293
S,2,1050,DETECTION,src/tracking/advanced_tracker.py:_activate_slot,1050_641_532_903_670
S,3,1050,DETECTION,src/tracking/advanced_tracker.py:_activate_slot,1050_305_1399_552_1510
S,7,1050,DETECTION,src/tracking/advanced_tracker.py:_activate_slot,1050_148_1353_367_1443
S,10,1050,DETECTION,src/tracking/advanced_tracker.py:_activate_slot,1050_195_1441_357_1555
S,5,1050,PREDICTION,src/tracking/advanced_tracker.py:kalman_homography,
S,6,1050,PREDICTION,src/tracking/advanced_tracker.py:kalman_homography,
S,8,1050,PREDICTION,src/tracking/advanced_tracker.py:kalman_homography,
S,9,1050,PREDICTION,src/tracking/advanced_tracker.py:kalman_homography,
S,4,1050,PREDICTION,src/tracking/advanced_tracker.py:flow_gapfill_batched,
D,0,1050
S,1,1050,PREDICTION,src/tracking/advanced_tracker.py:id_merge,
D,1,1050
S,3,1050,PREDICTION,src/tracking/advanced_tracker.py:id_merge,
D,6,1050
S,8,1050,PREDICTION,src/tracking/advanced_tracker.py:id_merge,
D,9,1050
S,8,1050,PREDICTION,src/tracking/advanced_tracker.py:id_merge,
L,2,1050,DETECTION,src/tracking/advanced_tracker.py:_activate_slot,1050_641_532_903_670
R,DETECTION,DETECTION,1
L,3,1050,PREDICTION,src/tracking/advanced_tracker.py:id_merge,
R,PREDICTION,PREDICTION,1
L,4,1050,PREDICTION,src/tracking/advanced_tracker.py:flow_gapfill_batched,
R,PREDICTION,PREDICTION,1
L,5,1050,PREDICTION,src/tracking/advanced_tracker.py:kalman_homography,
R,PREDICTION,PREDICTION,1
L,7,1050,DETECTION,src/tracking/advanced_tracker.py:_activate_slot,1050_148_1353_367_1443
R,DETECTION,DETECTION,1
L,8,1050,PREDICTION,src/tracking/advanced_tracker.py:id_merge,
R,PREDICTION,PREDICTION,1
A,1050
S,0,1053,DETECTION,src/tracking/advanced_tracker.py:_activate_slot,1053_495_1215_800_1365
S,2,1053,DETECTION,src/tracking/advanced_tracker.py:_activate_slot,1053_373_1179_565_1282
S,3,1053,DETECTION,src/tracking/advanced_tracker.py:_activate_slot,1053_302_1399_555_1507
S,6,1053,DETECTION,src/tracking/advanced_tracker.py:_activate_slot,1053_151_991_460_1099
S,7,1053,DETECTION,src/tracking/advanced_tracker.py:_activate_slot,1053_144_1359_363_1446
S,10,1053,DETECTION,src/tracking/advanced_tracker.py:_activate_slot,1053_196_1443_358_1566
S,1,1053,PREDICTION,src/tracking/advanced_tracker.py:kalman_homography,
S,8,1053,PREDICTION,src/tracking/advanced_tracker.py:kalman_homography,
S,9,1053,PREDICTION,src/tracking/advanced_tracker.py:kalman_homography,
S,4,1053,PREDICTION,src/tracking/advanced_tracker.py:flow_gapfill_batched,
S,5,1053,PREDICTION,src/tracking/advanced_tracker.py:flow_gapfill_batched,
D,1,1053
S,0,1053,PREDICTION,src/tracking/advanced_tracker.py:id_merge,
D,2,1053
S,3,1053,PREDICTION,src/tracking/advanced_tracker.py:id_merge,
D,5,1053
S,6,1053,PREDICTION,src/tracking/advanced_tracker.py:id_merge,
D,8,1053
S,6,1053,PREDICTION,src/tracking/advanced_tracker.py:id_merge,
D,9,1053
S,6,1053,PREDICTION,src/tracking/advanced_tracker.py:id_merge,
L,0,1053,PREDICTION,src/tracking/advanced_tracker.py:id_merge,
R,CLAMP,CLAMP,0
L,3,1053,PREDICTION,src/tracking/advanced_tracker.py:id_merge,
R,PREDICTION,PREDICTION,1
L,4,1053,PREDICTION,src/tracking/advanced_tracker.py:flow_gapfill_batched,
R,PREDICTION,PREDICTION,1
L,6,1053,PREDICTION,src/tracking/advanced_tracker.py:id_merge,
R,PREDICTION,PREDICTION,1
L,7,1053,DETECTION,src/tracking/advanced_tracker.py:_activate_slot,1053_144_1359_363_1446
R,DETECTION,DETECTION,1
A,1053
S,0,1056,DETECTION,src/tracking/advanced_tracker.py:_activate_slot,1056_498_1222_805_1366
S,1,1056,DETECTION,src/tracking/advanced_tracker.py:_activate_slot,1056_373_1179_574_1295
S,2,1056,DETECTION,src/tracking/advanced_tracker.py:_activate_slot,1056_648_531_903_672
S,3,1056,DETECTION,src/tracking/advanced_tracker.py:_activate_slot,1056_308_1413_558_1521
S,7,1056,DETECTION,src/tracking/advanced_tracker.py:_activate_slot,1056_136_1344_364_1451
S,6,1056,DETECTION,src/tracking/advanced_tracker.py:_activate_slot,1056_155_980_368_1077
S,10,1056,DETECTION,src/tracking/advanced_tracker.py:_activate_slot,1056_192_1447_352_1576
S,8,1056,PREDICTION,src/tracking/advanced_tracker.py:kalman_homography,
S,9,1056,PREDICTION,src/tracking/advanced_tracker.py:kalman_homography,
S,5,1056,PREDICTION,src/tracking/advanced_tracker.py:flow_gapfill_batched,
D,0,1056
S,1,1056,PREDICTION,src/tracking/advanced_tracker.py:id_merge,
D,1,1056
S,3,1056,PREDICTION,src/tracking/advanced_tracker.py:id_merge,
D,5,1056
S,6,1056,PREDICTION,src/tracking/advanced_tracker.py:id_merge,
D,8,1056
S,6,1056,PREDICTION,src/tracking/advanced_tracker.py:id_merge,
D,9,1056
S,6,1056,PREDICTION,src/tracking/advanced_tracker.py:id_merge,
L,2,1056,DETECTION,src/tracking/advanced_tracker.py:_activate_slot,1056_648_531_903_672
R,DETECTION,SUBPIXEL,0
L,3,1056,PREDICTION,src/tracking/advanced_tracker.py:id_merge,
R,PREDICTION,PREDICTION,1
L,6,1056,PREDICTION,src/tracking/advanced_tracker.py:id_merge,
R,PREDICTION,PREDICTION,1
L,7,1056,DETECTION,src/tracking/advanced_tracker.py:_activate_slot,1056_136_1344_364_1451
R,DETECTION,DETECTION,1
A,1056
S,0,1059,DETECTION,src/tracking/advanced_tracker.py:_activate_slot,1059_497_1234_807_1372
S,3,1059,DETECTION,src/tracking/advanced_tracker.py:_activate_slot,1059_310_1410_553_1551
S,6,1059,DETECTION,src/tracking/advanced_tracker.py:_activate_slot,1059_152_970_368_1065
S,7,1059,DETECTION,src/tracking/advanced_tracker.py:_activate_slot,1059_133_1356_360_1453
S,10,1059,DETECTION,src/tracking/advanced_tracker.py:_activate_slot,1059_187_1461_354_1591
S,1,1059,PREDICTION,src/tracking/advanced_tracker.py:kalman_homography,
S,2,1059,PREDICTION,src/tracking/advanced_tracker.py:kalman_homography,
S,8,1059,PREDICTION,src/tracking/advanced_tracker.py:kalman_homography,
S,9,1059,PREDICTION,src/tracking/advanced_tracker.py:kalman_homography,
S,5,1059,PREDICTION,src/tracking/advanced_tracker.py:flow_gapfill_batched,
D,1,1059
S,0,1059,PREDICTION,src/tracking/advanced_tracker.py:id_merge,
D,5,1059
S,6,1059,PREDICTION,src/tracking/advanced_tracker.py:id_merge,
D,8,1059
S,6,1059,PREDICTION,src/tracking/advanced_tracker.py:id_merge,
D,9,1059
S,6,1059,PREDICTION,src/tracking/advanced_tracker.py:id_merge,
L,0,1059,PREDICTION,src/tracking/advanced_tracker.py:id_merge,
R,CLAMP,CLAMP,0
L,2,1059,PREDICTION,src/tracking/advanced_tracker.py:kalman_homography,
R,PREDICTION,PREDICTION,1
L,3,1059,DETECTION,src/tracking/advanced_tracker.py:_activate_slot,1059_310_1410_553_1551
R,DETECTION,DETECTION,1
L,6,1059,PREDICTION,src/tracking/advanced_tracker.py:id_merge,
R,PREDICTION,PREDICTION,1
L,7,1059,DETECTION,src/tracking/advanced_tracker.py:_activate_slot,1059_133_1356_360_1453
R,DETECTION,DETECTION,1
A,1059
S,0,1062,DETECTION,src/tracking/advanced_tracker.py:_activate_slot,1062_495_1234_807_1381
S,3,1062,DETECTION,src/tracking/advanced_tracker.py:_activate_slot,1062_321_1396_555_1564
S,7,1062,DETECTION,src/tracking/advanced_tracker.py:_activate_slot,1062_141_1357_349_1447
S,10,1062,DETECTION,src/tracking/advanced_tracker.py:_activate_slot,1062_185_1465_352_1602
S,1,1062,PREDICTION,src/tracking/advanced_tracker.py:kalman_homography,
S,2,1062,PREDICTION,src/tracking/advanced_tracker.py:kalman_homography,
S,6,1062,PREDICTION,src/tracking/advanced_tracker.py:kalman_homography,
S,8,1062,PREDICTION,src/tracking/advanced_tracker.py:kalman_homography,
S,9,1062,PREDICTION,src/tracking/advanced_tracker.py:kalman_homography,
S,5,1062,PREDICTION,src/tracking/advanced_tracker.py:flow_gapfill_batched,
D,1,1062
S,0,1062,PREDICTION,src/tracking/advanced_tracker.py:id_merge,
D,5,1062
S,6,1062,PREDICTION,src/tracking/advanced_tracker.py:id_merge,
D,8,1062
S,6,1062,PREDICTION,src/tracking/advanced_tracker.py:id_merge,
D,9,1062
S,6,1062,PREDICTION,src/tracking/advanced_tracker.py:id_merge,
L,0,1062,PREDICTION,src/tracking/advanced_tracker.py:id_merge,
R,CLAMP,CLAMP,0
L,2,1062,PREDICTION,src/tracking/advanced_tracker.py:kalman_homography,
R,PREDICTION,PREDICTION,1
L,3,1062,DETECTION,src/tracking/advanced_tracker.py:_activate_slot,1062_321_1396_555_1564
R,DETECTION,DETECTION,1
L,6,1062,PREDICTION,src/tracking/advanced_tracker.py:id_merge,
R,PREDICTION,PREDICTION,1
L,7,1062,DETECTION,src/tracking/advanced_tracker.py:_activate_slot,1062_141_1357_349_1447
R,DETECTION,DETECTION,1
A,1062
S,0,1065,DETECTION,src/tracking/advanced_tracker.py:_activate_slot,1065_498_1249_809_1396
S,1,1065,DETECTION,src/tracking/advanced_tracker.py:_activate_slot,1065_404_1162_642_1302
S,3,1065,DETECTION,src/tracking/advanced_tracker.py:_activate_slot,1065_324_1350_553_1572
S,7,1065,DETECTION,src/tracking/advanced_tracker.py:_activate_slot,1065_130_1360_358_1447
S,10,1065,DETECTION,src/tracking/advanced_tracker.py:_activate_slot,1065_185_1473_351_1611
S,2,1065,PREDICTION,src/tracking/advanced_tracker.py:kalman_homography,
S,6,1065,PREDICTION,src/tracking/advanced_tracker.py:kalman_homography,
S,8,1065,PREDICTION,src/tracking/advanced_tracker.py:kalman_homography,
S,9,1065,PREDICTION,src/tracking/advanced_tracker.py:kalman_homography,
S,5,1065,PREDICTION,src/tracking/advanced_tracker.py:flow_gapfill_batched,
D,0,1065
S,1,1065,PREDICTION,src/tracking/advanced_tracker.py:id_merge,
D,5,1065
S,7,1065,PREDICTION,src/tracking/advanced_tracker.py:id_merge,
D,8,1065
S,6,1065,PREDICTION,src/tracking/advanced_tracker.py:id_merge,
D,9,1065
S,6,1065,PREDICTION,src/tracking/advanced_tracker.py:id_merge,
L,1,1065,PREDICTION,src/tracking/advanced_tracker.py:id_merge,
R,PREDICTION,PREDICTION,1
L,2,1065,PREDICTION,src/tracking/advanced_tracker.py:kalman_homography,
R,PREDICTION,PREDICTION,1
L,3,1065,DETECTION,src/tracking/advanced_tracker.py:_activate_slot,1065_324_1350_553_1572
R,DETECTION,DETECTION,1
L,6,1065,PREDICTION,src/tracking/advanced_tracker.py:id_merge,
R,PREDICTION,PREDICTION,1
L,7,1065,PREDICTION,src/tracking/advanced_tracker.py:id_merge,
R,PREDICTION,PREDICTION,1
A,1065
S,0,1068,DETECTION,src/tracking/advanced_tracker.py:_activate_slot,1068_495_1241_810_1404
S,2,1068,DETECTION,src/tracking/advanced_tracker.py:_activate_slot,1068_645_551_901_696
S,3,1068,DETECTION,src/tracking/advanced_tracker.py:_activate_slot,1068_324_1354_505_1468
S,7,1068,DETECTION,src/tracking/advanced_tracker.py:_activate_slot,1068_188_1309_415_1423
S,6,1068,DETECTION,src/tracking/advanced_tracker.py:_activate_slot,1068_28_906_272_1011
S,8,1068,DETECTION,src/tracking/advanced_tracker.py:_activate_slot,1068_214_829_446_988
S,10,1068,DETECTION,src/tracking/advanced_tracker.py:_activate_slot,1068_185_1485_354_1617
S,1,1068,PREDICTION,src/tracking/advanced_tracker.py:kalman_homography,
S,5,1068,PREDICTION,src/tracking/advanced_tracker.py:flow_gapfill_batched,
S,9,1068,PREDICTION,src/tracking/advanced_tracker.py:flow_gapfill_batched,
D,1,1068
S,0,1068,PREDICTION,src/tracking/advanced_tracker.py:id_merge,
D,5,1068
S,7,1068,PREDICTION,src/tracking/advanced_tracker.py:id_merge,
D,6,1068
S,8,1068,PREDICTION,src/tracking/advanced_tracker.py:id_merge,
D,9,1068
S,8,1068,PREDICTION,src/tracking/advanced_tracker.py:id_merge,
L,0,1068,PREDICTION,src/tracking/advanced_tracker.py:id_merge,
R,CLAMP,CLAMP,0
L,2,1068,DETECTION,src/tracking/advanced_tracker.py:_activate_slot,1068_645_551_901_696
R,DETECTION,DETECTION,1
L,3,1068,DETECTION,src/tracking/advanced_tracker.py:_activate_slot,1068_324_1354_505_1468
R,DETECTION,DETECTION,1
L,7,1068,PREDICTION,src/tracking/advanced_tracker.py:id_merge,
R,PREDICTION,PREDICTION,1
L,8,1068,PREDICTION,src/tracking/advanced_tracker.py:id_merge,
R,PREDICTION,PREDICTION,1
A,1068
S,0,1071,DETECTION,src/tracking/advanced_tracker.py:_activate_slot,1071_484_1272_801_1422
S,2,1071,DETECTION,src/tracking/advanced_tracker.py:_activate_slot,1071_645_554_903_697
S,3,1071,DETECTION,src/tracking/advanced_tracker.py:_activate_slot,1071_253_1014_484_1158
S,7,1071,DETECTION,src/tracking/advanced_tracker.py:_activate_slot,1071_180_1323_465_1449
S,8,1071,DETECTION,src/tracking/advanced_tracker.py:_activate_slot,1071_215_819_440_941
S,10,1071,DETECTION,src/tracking/advanced_tracker.py:_activate_slot,1071_185_1482_352_1620
S,1,1071,PREDICTION,src/tracking/advanced_tracker.py:kalman_homography,
S,6,1071,PREDICTION,src/tracking/advanced_tracker.py:kalman_homography,
D,1,1071
S,0,1071,PREDICTION,src/tracking/advanced_tracker.py:id_merge,
D,6,1071
S,8,1071,PREDICTION,src/tracking/advanced_tracker.py:id_merge,
L,0,1071,PREDICTION,src/tracking/advanced_tracker.py:id_merge,
R,CLAMP,CLAMP,0
L,2,1071,DETECTION,src/tracking/advanced_tracker.py:_activate_slot,1071_645_554_903_697
R,DETECTION,DETECTION,1
L,3,1071,DETECTION,src/tracking/advanced_tracker.py:_activate_slot,1071_253_1014_484_1158
R,DETECTION,DETECTION,1
L,7,1071,DETECTION,src/tracking/advanced_tracker.py:_activate_slot,1071_180_1323_465_1449
R,DETECTION,DETECTION,1
L,8,1071,PREDICTION,src/tracking/advanced_tracker.py:id_merge,
R,PREDICTION,PREDICTION,1
A,1071
S,0,1074,DETECTION,src/tracking/advanced_tracker.py:_activate_slot,1074_468_1286_790_1419
S,2,1074,DETECTION,src/tracking/advanced_tracker.py:_activate_slot,1074_646_555_903_696
S,3,1074,DETECTION,src/tracking/advanced_tracker.py:_activate_slot,1074_266_1019_489_1151
S,4,1074,DETECTION,src/tracking/advanced_tracker.py:_activate_slot,1074_496_855_718_1078
S,8,1074,DETECTION,src/tracking/advanced_tracker.py:_activate_slot,1074_218_798_439_942
S,10,1074,DETECTION,src/tracking/advanced_tracker.py:_activate_slot,1074_184_1485_352_1620
S,1,1074,PREDICTION,src/tracking/advanced_tracker.py:kalman_homography,
S,6,1074,PREDICTION,src/tracking/advanced_tracker.py:kalman_homography,
S,7,1074,PREDICTION,src/tracking/advanced_tracker.py:kalman_homography,
D,1,1074
S,0,1074,PREDICTION,src/tracking/advanced_tracker.py:id_merge,
D,6,1074
S,8,1074,PREDICTION,src/tracking/advanced_tracker.py:id_merge,
L,0,1074,PREDICTION,src/tracking/advanced_tracker.py:id_merge,
R,CLAMP,CLAMP,0
L,2,1074,DETECTION,src/tracking/advanced_tracker.py:_activate_slot,1074_646_555_903_696
R,DETECTION,SUBPIXEL,0
L,3,1074,DETECTION,src/tracking/advanced_tracker.py:_activate_slot,1074_266_1019_489_1151
R,DETECTION,DETECTION,1
L,4,1074,DETECTION,src/tracking/advanced_tracker.py:_activate_slot,1074_496_855_718_1078
R,DETECTION,DETECTION,1
L,7,1074,PREDICTION,src/tracking/advanced_tracker.py:kalman_homography,
R,PREDICTION,PREDICTION,1
L,8,1074,PREDICTION,src/tracking/advanced_tracker.py:id_merge,
R,PREDICTION,PREDICTION,1
A,1074
S,0,1077,DETECTION,src/tracking/advanced_tracker.py:_activate_slot,1077_457_1293_784_1434
S,2,1077,DETECTION,src/tracking/advanced_tracker.py:_activate_slot,1077_646_553_903_697
S,3,1077,DETECTION,src/tracking/advanced_tracker.py:_activate_slot,1077_274_1032_501_1149
S,4,1077,DETECTION,src/tracking/advanced_tracker.py:_activate_slot,1077_484_816_720_1062
S,8,1077,DETECTION,src/tracking/advanced_tracker.py:_activate_slot,1077_216_796_440_931
S,10,1077,DETECTION,src/tracking/advanced_tracker.py:_activate_slot,1077_185_1488_348_1623
S,1,1077,PREDICTION,src/tracking/advanced_tracker.py:kalman_homography,
S,6,1077,PREDICTION,src/tracking/advanced_tracker.py:kalman_homography,
S,7,1077,PREDICTION,src/tracking/advanced_tracker.py:kalman_homography,
D,1,1077
S,0,1077,PREDICTION,src/tracking/advanced_tracker.py:id_merge,
L,0,1077,PREDICTION,src/tracking/advanced_tracker.py:id_merge,
R,CLAMP,CLAMP,0
L,2,1077,DETECTION,src/tracking/advanced_tracker.py:_activate_slot,1077_646_553_903_697
R,DETECTION,SUBPIXEL,0
L,3,1077,DETECTION,src/tracking/advanced_tracker.py:_activate_slot,1077_274_1032_501_1149
R,DETECTION,DETECTION,1
L,4,1077,DETECTION,src/tracking/advanced_tracker.py:_activate_slot,1077_484_816_720_1062
R,DETECTION,DETECTION,1
L,6,1077,PREDICTION,src/tracking/advanced_tracker.py:kalman_homography,
R,PREDICTION,PREDICTION,1
L,7,1077,PREDICTION,src/tracking/advanced_tracker.py:kalman_homography,
R,PREDICTION,PREDICTION,1
L,8,1077,DETECTION,src/tracking/advanced_tracker.py:_activate_slot,1077_216_796_440_931
R,DETECTION,DETECTION,1
A,1077
S,0,1080,DETECTION,src/tracking/advanced_tracker.py:_activate_slot,1080_459_1317_776_1446
S,2,1080,DETECTION,src/tracking/advanced_tracker.py:_activate_slot,1080_648_552_903_696
S,3,1080,DETECTION,src/tracking/advanced_tracker.py:_activate_slot,1080_259_1024_505_1152
S,8,1080,DETECTION,src/tracking/advanced_tracker.py:_activate_slot,1080_210_795_439_936
S,10,1080,DETECTION,src/tracking/advanced_tracker.py:_activate_slot,1080_185_1485_349_1623
S,1,1080,PREDICTION,src/tracking/advanced_tracker.py:kalman_homography,
S,4,1080,PREDICTION,src/tracking/advanced_tracker.py:kalman_homography,
S,6,1080,PREDICTION,src/tracking/advanced_tracker.py:kalman_homography,
S,7,1080,PREDICTION,src/tracking/advanced_tracker.py:kalman_homography,
D,1,1080
S,0,1080,PREDICTION,src/tracking/advanced_tracker.py:id_merge,
L,0,1080,PREDICTION,src/tracking/advanced_tracker.py:id_merge,
R,CLAMP,CLAMP,0
L,2,1080,DETECTION,src/tracking/advanced_tracker.py:_activate_slot,1080_648_552_903_696
R,DETECTION,DETECTION,1
L,3,1080,DETECTION,src/tracking/advanced_tracker.py:_activate_slot,1080_259_1024_505_1152
R,DETECTION,DETECTION,1
L,4,1080,PREDICTION,src/tracking/advanced_tracker.py:kalman_homography,
R,PREDICTION,PREDICTION,1
L,6,1080,PREDICTION,src/tracking/advanced_tracker.py:kalman_homography,
R,PREDICTION,PREDICTION,1
L,7,1080,PREDICTION,src/tracking/advanced_tracker.py:kalman_homography,
R,PREDICTION,PREDICTION,1
L,8,1080,DETECTION,src/tracking/advanced_tracker.py:_activate_slot,1080_210_795_439_936
R,DETECTION,DETECTION,1
A,1080
S,0,1083,DETECTION,src/tracking/advanced_tracker.py:_activate_slot,1083_469_1341_776_1470
S,2,1083,DETECTION,src/tracking/advanced_tracker.py:_activate_slot,1083_648_552_903_697
S,3,1083,DETECTION,src/tracking/advanced_tracker.py:_activate_slot,1083_279_1008_505_1122
S,1,1083,DETECTION,src/tracking/advanced_tracker.py:_activate_slot,1083_313_1111_714_1279
S,9,1083,DETECTION,src/tracking/advanced_tracker.py:_activate_slot,1083_108_844_290_928
S,10,1083,DETECTION,src/tracking/advanced_tracker.py:_activate_slot,1083_186_1489_349_1624
S,4,1083,PREDICTION,src/tracking/advanced_tracker.py:kalman_homography,
S,6,1083,PREDICTION,src/tracking/advanced_tracker.py:kalman_homography,
S,7,1083,PREDICTION,src/tracking/advanced_tracker.py:kalman_homography,
S,8,1083,PREDICTION,src/tracking/advanced_tracker.py:kalman_homography,
D,0,1083
S,1,1083,PREDICTION,src/tracking/advanced_tracker.py:id_merge,
D,1,1083
S,3,1083,PREDICTION,src/tracking/advanced_tracker.py:id_merge,
D,4,1083
S,3,1083,PREDICTION,src/tracking/advanced_tracker.py:id_merge,
D,6,1083
S,9,1083,PREDICTION,src/tracking/advanced_tracker.py:id_merge,
D,8,1083
S,9,1083,PREDICTION,src/tracking/advanced_tracker.py:id_merge,
L,2,1083,DETECTION,src/tracking/advanced_tracker.py:_activate_slot,1083_648_552_903_697
R,DETECTION,SUBPIXEL,0
L,3,1083,PREDICTION,src/tracking/advanced_tracker.py:id_merge,
R,PREDICTION,PREDICTION,1
L,7,1083,PREDICTION,src/tracking/advanced_tracker.py:kalman_homography,
R,PREDICTION,PREDICTION,1
L,9,1083,PREDICTION,src/tracking/advanced_tracker.py:id_merge,
R,CLAMP,CLAMP,0
A,1083
S,0,1086,DETECTION,src/tracking/advanced_tracker.py:_activate_slot,1086_467_1354_785_1492
S,2,1086,DETECTION,src/tracking/advanced_tracker.py:_activate_slot,1086_649_550_901_694
S,3,1086,DETECTION,src/tracking/advanced_tracker.py:_activate_slot,1086_292_987_481_1086
S,4,1086,DETECTION,src/tracking/advanced_tracker.py:_activate_slot,1086_311_1032_525_1167
S,10,1086,DETECTION,src/tracking/advanced_tracker.py:_activate_slot,1086_183_1492_350_1624
S,1,1086,PREDICTION,src/tracking/advanced_tracker.py:kalman_homography,
S,6,1086,PREDICTION,src/tracking/advanced_tracker.py:kalman_homography,
S,7,1086,PREDICTION,src/tracking/advanced_tracker.py:kalman_homography,
S,8,1086,PREDICTION,src/tracking/advanced_tracker.py:kalman_homography,
S,9,1086,PREDICTION,src/tracking/advanced_tracker.py:kalman_homography,
D,1,1086
S,4,1086,PREDICTION,src/tracking/advanced_tracker.py:id_merge,
D,3,1086
S,4,1086,PREDICTION,src/tracking/advanced_tracker.py:id_merge,
D,6,1086
S,9,1086,PREDICTION,src/tracking/advanced_tracker.py:id_merge,
D,8,1086
S,9,1086,PREDICTION,src/tracking/advanced_tracker.py:id_merge,
L,0,1086,DETECTION,src/tracking/advanced_tracker.py:_activate_slot,1086_467_1354_785_1492
R,CLAMP,CLAMP,0
L,2,1086,DETECTION,src/tracking/advanced_tracker.py:_activate_slot,1086_649_550_901_694
R,DETECTION,DETECTION,1
L,4,1086,PREDICTION,src/tracking/advanced_tracker.py:id_merge,
R,PREDICTION,PREDICTION,1
L,7,1086,PREDICTION,src/tracking/advanced_tracker.py:kalman_homography,
R,PREDICTION,PREDICTION,1
L,9,1086,PREDICTION,src/tracking/advanced_tracker.py:id_merge,
R,CLAMP,CLAMP,0
A,1086
S,0,1089,DETECTION,src/tracking/advanced_tracker.py:_activate_slot,1089_465_1358_778_1506
S,2,1089,DETECTION,src/tracking/advanced_tracker.py:_activate_slot,1089_650_549_903_696
S,3,1089,DETECTION,src/tracking/advanced_tracker.py:_activate_slot,1089_307_952_561_1111
S,4,1089,DETECTION,src/tracking/advanced_tracker.py:_activate_slot,1089_456_713_720_899
S,10,1089,DETECTION,src/tracking/advanced_tracker.py:_activate_slot,1089_184_1504_353_1627
S,5,1089,DETECTION,src/tracking/advanced_tracker.py:_activate_slot,1089_231_1405_483_1540
S,1,1089,PREDICTION,src/tracking/advanced_tracker.py:kalman_homography,
S,7,1089,PREDICTION,src/tracking/advanced_tracker.py:kalman_homography,
S,8,1089,PREDICTION,src/tracking/advanced_tracker.py:kalman_homography,
S,9,1089,PREDICTION,src/tracking/advanced_tracker.py:kalman_homography,
S,6,1089,PREDICTION,src/tracking/advanced_tracker.py:flow_gapfill_batched,
D,1,1089
S,3,1089,PREDICTION,src/tracking/advanced_tracker.py:id_merge,
D,7,1089
S,5,1089,PREDICTION,src/tracking/advanced_tracker.py:id_merge,
D,6,1089
S,8,1089,PREDICTION,src/tracking/advanced_tracker.py:id_merge,
D,8,1089
S,9,1089,PREDICTION,src/tracking/advanced_tracker.py:id_merge,
L,0,1089,DETECTION,src/tracking/advanced_tracker.py:_activate_slot,1089_465_1358_778_1506
R,CLAMP,CLAMP,0
L,2,1089,DETECTION,src/tracking/advanced_tracker.py:_activate_slot,1089_650_549_903_696
R,DETECTION,DETECTION,1
L,3,1089,PREDICTION,src/tracking/advanced_tracker.py:id_merge,
R,PREDICTION,PREDICTION,1
L,4,1089,DETECTION,src/tracking/advanced_tracker.py:_activate_slot,1089_456_713_720_899
R,DETECTION,DETECTION,1
L,5,1089,PREDICTION,src/tracking/advanced_tracker.py:id_merge,
R,PREDICTION,PREDICTION,1
L,9,1089,PREDICTION,src/tracking/advanced_tracker.py:id_merge,
R,CLAMP,CLAMP,0
A,1089
S,0,1092,DETECTION,src/tracking/advanced_tracker.py:_activate_slot,1092_451_1368_765_1512
S,1,1092,DETECTION,src/tracking/advanced_tracker.py:_activate_slot,1092_294_868_563_1036
S,2,1092,DETECTION,src/tracking/advanced_tracker.py:_activate_slot,1092_650_548_903_690
S,3,1092,DETECTION,src/tracking/advanced_tracker.py:_activate_slot,1092_327_926_560_1038
S,10,1092,DETECTION,src/tracking/advanced_tracker.py:_activate_slot,1092_181_1514_353_1629
S,4,1092,PREDICTION,src/tracking/advanced_tracker.py:kalman_homography,
S,5,1092,PREDICTION,src/tracking/advanced_tracker.py:kalman_homography,
S,7,1092,PREDICTION,src/tracking/advanced_tracker.py:kalman_homography,
S,8,1092,PREDICTION,src/tracking/advanced_tracker.py:kalman_homography,
S,9,1092,PREDICTION,src/tracking/advanced_tracker.py:kalman_homography,
S,6,1092,PREDICTION,src/tracking/advanced_tracker.py:flow_gapfill_batched,
D,1,1092
S,3,1092,PREDICTION,src/tracking/advanced_tracker.py:id_merge,
D,4,1092
S,3,1092,PREDICTION,src/tracking/advanced_tracker.py:id_merge,
D,7,1092
S,5,1092,PREDICTION,src/tracking/advanced_tracker.py:id_merge,
D,6,1092
S,8,1092,PREDICTION,src/tracking/advanced_tracker.py:id_merge,
D,8,1092
S,9,1092,PREDICTION,src/tracking/advanced_tracker.py:id_merge,
L,0,1092,DETECTION,src/tracking/advanced_tracker.py:_activate_slot,1092_451_1368_765_1512
R,CLAMP,CLAMP,0
L,2,1092,DETECTION,src/tracking/advanced_tracker.py:_activate_slot,1092_650_548_903_690
R,DETECTION,DETECTION,1
L,3,1092,PREDICTION,src/tracking/advanced_tracker.py:id_merge,
R,PREDICTION,PREDICTION,1
L,5,1092,PREDICTION,src/tracking/advanced_tracker.py:id_merge,
R,PREDICTION,PREDICTION,1
L,9,1092,PREDICTION,src/tracking/advanced_tracker.py:id_merge,
R,CLAMP,CLAMP,0
A,1092
S,0,1095,DETECTION,src/tracking/advanced_tracker.py:_activate_slot,1095_441_1368_765_1508
S,1,1095,DETECTION,src/tracking/advanced_tracker.py:_activate_slot,1095_220_781_439_916
S,2,1095,DETECTION,src/tracking/advanced_tracker.py:_activate_slot,1095_652_544_901_688
S,3,1095,DETECTION,src/tracking/advanced_tracker.py:_activate_slot,1095_317_841_567_1027
S,10,1095,DETECTION,src/tracking/advanced_tracker.py:_activate_slot,1095_181_1512_375_1632
S,4,1095,PREDICTION,src/tracking/advanced_tracker.py:kalman_homography,
S,5,1095,PREDICTION,src/tracking/advanced_tracker.py:kalman_homography,
S,8,1095,PREDICTION,src/tracking/advanced_tracker.py:kalman_homography,
S,9,1095,PREDICTION,src/tracking/advanced_tracker.py:kalman_homography,
S,7,1095,PREDICTION,src/tracking/advanced_tracker.py:flow_gapfill_batched,
D,1,1095
S,3,1095,PREDICTION,src/tracking/advanced_tracker.py:id_merge,
D,7,1095
S,5,1095,PREDICTION,src/tracking/advanced_tracker.py:id_merge,
D,8,1095
S,9,1095,PREDICTION,src/tracking/advanced_tracker.py:id_merge,
L,0,1095,DETECTION,src/tracking/advanced_tracker.py:_activate_slot,1095_441_1368_765_1508
R,CLAMP,CLAMP,0
L,2,1095,DETECTION,src/tracking/advanced_tracker.py:_activate_slot,1095_652_544_901_688
R,DETECTION,DETECTION,1
L,3,1095,PREDICTION,src/tracking/advanced_tracker.py:id_merge,
R,PREDICTION,PREDICTION,1
L,4,1095,PREDICTION,src/tracking/advanced_tracker.py:kalman_homography,
R,PREDICTION,PREDICTION,1
L,5,1095,PREDICTION,src/tracking/advanced_tracker.py:id_merge,
R,PREDICTION,SUBPIXEL,0
L,9,1095,PREDICTION,src/tracking/advanced_tracker.py:id_merge,
R,CLAMP,CLAMP,0
A,1095
S,0,1098,DETECTION,src/tracking/advanced_tracker.py:_activate_slot,1098_435_1378_757_1510
S,1,1098,DETECTION,src/tracking/advanced_tracker.py:_activate_slot,1098_255_783_557_1005
S,2,1098,DETECTION,src/tracking/advanced_tracker.py:_activate_slot,1098_653_542_902_681
S,3,1098,DETECTION,src/tracking/advanced_tracker.py:_activate_slot,1098_338_785_558_1004
S,10,1098,DETECTION,src/tracking/advanced_tracker.py:_activate_slot,1098_179_1512_377_1638
S,4,1098,PREDICTION,src/tracking/advanced_tracker.py:kalman_homography,
S,5,1098,PREDICTION,src/tracking/advanced_tracker.py:kalman_homography,
S,8,1098,PREDICTION,src/tracking/advanced_tracker.py:kalman_homography,
S,9,1098,PREDICTION,src/tracking/advanced_tracker.py:kalman_homography,
D,1,1098
S,3,1098,PREDICTION,src/tracking/advanced_tracker.py:id_merge,
D,4,1098
S,2,1098,PREDICTION,src/tracking/advanced_tracker.py:id_merge,
D,8,1098
S,9,1098,PREDICTION,src/tracking/advanced_tracker.py:id_merge,
L,0,1098,DETECTION,src/tracking/advanced_tracker.py:_activate_slot,1098_435_1378_757_1510
R,CLAMP,CLAMP,0
L,2,1098,PREDICTION,src/tracking/advanced_tracker.py:id_merge,
R,PREDICTION,PREDICTION,1
L,3,1098,PREDICTION,src/tracking/advanced_tracker.py:id_merge,
R,PREDICTION,PREDICTION,1
L,5,1098,PREDICTION,src/tracking/advanced_tracker.py:kalman_homography,
R,PREDICTION,SUBPIXEL,0
L,9,1098,PREDICTION,src/tracking/advanced_tracker.py:id_merge,
R,CLAMP,CLAMP,0
A,1098
S,0,1101,DETECTION,src/tracking/advanced_tracker.py:_activate_slot,1101_435_1385_752_1514
S,1,1101,DETECTION,src/tracking/advanced_tracker.py:_activate_slot,1101_255_824_461_947
S,2,1101,DETECTION,src/tracking/advanced_tracker.py:_activate_slot,1101_651_541_902_684
S,3,1101,DETECTION,src/tracking/advanced_tracker.py:_activate_slot,1101_441_667_698_808
S,10,1101,DETECTION,src/tracking/advanced_tracker.py:_activate_slot,1101_181_1515_369_1632
S,4,1101,PREDICTION,src/tracking/advanced_tracker.py:kalman_homography,
S,5,1101,PREDICTION,src/tracking/advanced_tracker.py:kalman_homography,
S,8,1101,PREDICTION,src/tracking/advanced_tracker.py:kalman_homography,
S,9,1101,PREDICTION,src/tracking/advanced_tracker.py:kalman_homography,
D,4,1101
S,2,1101,PREDICTION,src/tracking/advanced_tracker.py:id_merge,
D,8,1101
S,9,1101,PREDICTION,src/tracking/advanced_tracker.py:id_merge,
L,0,1101,DETECTION,src/tracking/advanced_tracker.py:_activate_slot,1101_435_1385_752_1514
R,CLAMP,CLAMP,0
L,1,1101,DETECTION,src/tracking/advanced_tracker.py:_activate_slot,1101_255_824_461_947
R,DETECTION,DETECTION,1
L,2,1101,PREDICTION,src/tracking/advanced_tracker.py:id_merge,
R,PREDICTION,PREDICTION,1
L,3,1101,DETECTION,src/tracking/advanced_tracker.py:_activate_slot,1101_441_667_698_808
R,DETECTION,DETECTION,1
L,5,1101,PREDICTION,src/tracking/advanced_tracker.py:kalman_homography,
R,PREDICTION,SUBPIXEL,0
L,9,1101,PREDICTION,src/tracking/advanced_tracker.py:id_merge,
R,CLAMP,CLAMP,0
A,1101
S,0,1104,DETECTION,src/tracking/advanced_tracker.py:_activate_slot,1104_441_1393_758_1531
S,2,1104,DETECTION,src/tracking/advanced_tracker.py:_activate_slot,1104_391_549_676_674
S,3,1104,DETECTION,src/tracking/advanced_tracker.py:_activate_slot,1104_445_675_690_838
S,10,1104,DETECTION,src/tracking/advanced_tracker.py:_activate_slot,1104_182_1527_361_1647
S,1,1104,PREDICTION,src/tracking/advanced_tracker.py:kalman_homography,
S,4,1104,PREDICTION,src/tracking/advanced_tracker.py:kalman_homography,
S,5,1104,PREDICTION,src/tracking/advanced_tracker.py:kalman_homography,
S,9,1104,PREDICTION,src/tracking/advanced_tracker.py:kalman_homography,
S,8,1104,PREDICTION,src/tracking/advanced_tracker.py:flow_gapfill_batched,
D,1,1104
S,3,1104,PREDICTION,src/tracking/advanced_tracker.py:id_merge,
D,2,1104
S,3,1104,PREDICTION,src/tracking/advanced_tracker.py:id_merge,
D,4,1104
S,3,1104,PREDICTION,src/tracking/advanced_tracker.py:id_merge,
D,8,1104
S,9,1104,PREDICTION,src/tracking/advanced_tracker.py:id_merge,
L,0,1104,DETECTION,src/tracking/advanced_tracker.py:_activate_slot,1104_441_1393_758_1531
R,CLAMP,CLAMP,0
L,3,1104,PREDICTION,src/tracking/advanced_tracker.py:id_merge,
R,PREDICTION,PREDICTION,1
L,5,1104,PREDICTION,src/tracking/advanced_tracker.py:kalman_homography,
R,PREDICTION,SUBPIXEL,0
L,9,1104,PREDICTION,src/tracking/advanced_tracker.py:id_merge,
R,PREDICTION,PREDICTION,1
A,1104
S,0,1107,DETECTION,src/tracking/advanced_tracker.py:_activate_slot,1107_448_1422_765_1560
S,2,1107,DETECTION,src/tracking/advanced_tracker.py:_activate_slot,1107_660_562_903_703
S,3,1107,DETECTION,src/tracking/advanced_tracker.py:_activate_slot,1107_444_1209_743_1378
S,10,1107,DETECTION,src/tracking/advanced_tracker.py:_activate_slot,1107_187_1539_360_1659
S,1,1107,PREDICTION,src/tracking/advanced_tracker.py:kalman_homography,
S,4,1107,PREDICTION,src/tracking/advanced_tracker.py:kalman_homography,
S,5,1107,PREDICTION,src/tracking/advanced_tracker.py:kalman_homography,
S,9,1107,PREDICTION,src/tracking/advanced_tracker.py:flow_gapfill_batched,
D,0,1107
S,3,1107,PREDICTION,src/tracking/advanced_tracker.py:id_merge,
D,4,1107
S,2,1107,PREDICTION,src/tracking/advanced_tracker.py:id_merge,
L,1,1107,PREDICTION,src/tracking/advanced_tracker.py:kalman_homography,
R,PREDICTION,PREDICTION,1
L,2,1107,PREDICTION,src/tracking/advanced_tracker.py:id_merge,
R,PREDICTION,PREDICTION,1
L,3,1107,PREDICTION,src/tracking/advanced_tracker.py:id_merge,
R,PREDICTION,PREDICTION,1
L,5,1107,PREDICTION,src/tracking/advanced_tracker.py:kalman_homography,
R,PREDICTION,SUBPIXEL,0
L,9,1107,PREDICTION,src/tracking/advanced_tracker.py:flow_gapfill_batched,
R,PREDICTION,PREDICTION,1
A,1107
S,0,1110,DETECTION,src/tracking/advanced_tracker.py:_activate_slot,1110_456_1462_774_1584
S,2,1110,DETECTION,src/tracking/advanced_tracker.py:_activate_slot,1110_447_1221_756_1380
S,10,1110,DETECTION,src/tracking/advanced_tracker.py:_activate_slot,1110_192_1548_378_1683
S,1,1110,PREDICTION,src/tracking/advanced_tracker.py:kalman_homography,
S,3,1110,PREDICTION,src/tracking/advanced_tracker.py:kalman_homography,
S,4,1110,PREDICTION,src/tracking/advanced_tracker.py:kalman_homography,
S,5,1110,PREDICTION,src/tracking/advanced_tracker.py:kalman_homography,
D,0,1110
S,2,1110,PREDICTION,src/tracking/advanced_tracker.py:id_merge,
D,3,1110
S,2,1110,PREDICTION,src/tracking/advanced_tracker.py:id_merge,
L,1,1110,PREDICTION,src/tracking/advanced_tracker.py:kalman_homography,
R,PREDICTION,PREDICTION,1
L,2,1110,PREDICTION,src/tracking/advanced_tracker.py:id_merge,
R,CLAMP,CLAMP,0
L,4,1110,PREDICTION,src/tracking/advanced_tracker.py:kalman_homography,
R,PREDICTION,PREDICTION,1
L,5,1110,PREDICTION,src/tracking/advanced_tracker.py:kalman_homography,
R,PREDICTION,SUBPIXEL,0
A,1110
S,0,1113,DETECTION,src/tracking/advanced_tracker.py:_activate_slot,1113_464_1485_788_1632
S,2,1113,DETECTION,src/tracking/advanced_tracker.py:_activate_slot,1113_459_1246_748_1399
S,5,1113,DETECTION,src/tracking/advanced_tracker.py:_activate_slot,1113_199_1572_579_1728
S,9,1113,DETECTION,src/tracking/advanced_tracker.py:_activate_slot,1113_62_722_275_822
S,6,1113,DETECTION,src/tracking/advanced_tracker.py:_activate_slot,1113_133_1291_375_1399
S,1,1113,PREDICTION,src/tracking/advanced_tracker.py:kalman_homography,
S,3,1113,PREDICTION,src/tracking/advanced_tracker.py:kalman_homography,
S,10,1113,PREDICTION,src/tracking/advanced_tracker.py:kalman_homography,
S,4,1113,PREDICTION,src/tracking/advanced_tracker.py:flow_gapfill_batched,
D,3,1113
S,0,1113,PREDICTION,src/tracking/advanced_tracker.py:id_merge,
L,0,1113,PREDICTION,src/tracking/advanced_tracker.py:id_merge,
R,CLAMP,CLAMP,0
L,1,1113,PREDICTION,src/tracking/advanced_tracker.py:kalman_homography,
R,PREDICTION,PREDICTION,1
L,2,1113,DETECTION,src/tracking/advanced_tracker.py:_activate_slot,1113_459_1246_748_1399
R,CLAMP,CLAMP,0
L,4,1113,PREDICTION,src/tracking/advanced_tracker.py:flow_gapfill_batched,
R,PREDICTION,PREDICTION,1
L,5,1113,DETECTION,src/tracking/advanced_tracker.py:_activate_slot,1113_199_1572_579_1728
R,DETECTION,DETECTION,1
L,6,1113,DETECTION,src/tracking/advanced_tracker.py:_activate_slot,1113_133_1291_375_1399
R,DETECTION,DETECTION,1
L,9,1113,DETECTION,src/tracking/advanced_tracker.py:_activate_slot,1113_62_722_275_822
R,DETECTION,DETECTION,1
A,1113
S,0,1116,DETECTION,src/tracking/advanced_tracker.py:_activate_slot,1116_477_1507_801_1687
S,2,1116,DETECTION,src/tracking/advanced_tracker.py:_activate_slot,1116_697_604_898_748
S,5,1116,DETECTION,src/tracking/advanced_tracker.py:_activate_slot,1116_208_1596_589_1761
S,6,1116,DETECTION,src/tracking/advanced_tracker.py:_activate_slot,1116_136_1311_383_1428
S,7,1116,DETECTION,src/tracking/advanced_tracker.py:_activate_slot,1116_105_915_331_1032
S,1,1116,PREDICTION,src/tracking/advanced_tracker.py:kalman_homography,
S,3,1116,PREDICTION,src/tracking/advanced_tracker.py:kalman_homography,
S,9,1116,PREDICTION,src/tracking/advanced_tracker.py:kalman_homography,
S,10,1116,PREDICTION,src/tracking/advanced_tracker.py:kalman_homography,
D,3,1116
S,0,1116,PREDICTION,src/tracking/advanced_tracker.py:id_merge,
D,9,1116
S,7,1116,PREDICTION,src/tracking/advanced_tracker.py:id_merge,
L,0,1116,PREDICTION,src/tracking/advanced_tracker.py:id_merge,
R,CLAMP,CLAMP,0
L,1,1116,PREDICTION,src/tracking/advanced_tracker.py:kalman_homography,
R,PREDICTION,PREDICTION,1
L,2,1116,DETECTION,src/tracking/advanced_tracker.py:_activate_slot,1116_697_604_898_748
R,DETECTION,DETECTION,1
L,5,1116,DETECTION,src/tracking/advanced_tracker.py:_activate_slot,1116_208_1596_589_1761
R,DETECTION,DETECTION,1
L,6,1116,DETECTION,src/tracking/advanced_tracker.py:_activate_slot,1116_136_1311_383_1428
R,DETECTION,DETECTION,1
L,7,1116,PREDICTION,src/tracking/advanced_tracker.py:id_merge,
R,PREDICTION,PREDICTION,1
A,1116
