A,1088
A,1091
A,1094
A,1097
A,1100
A,1103
A,1106
A,1109
A,1112
S,0,1115,DETECTION,src/tracking/advanced_tracker.py:_activate_slot,1115_613_318_910_487
L,0,1115,DETECTION,src/tracking/advanced_tracker.py:_activate_slot,1115_613_318_910_487
R,DETECTION,DETECTION,1
A,1115
S,0,1118,DETECTION,src/tracking/advanced_tracker.py:_activate_slot,1118_617_324_909_484
L,0,1118,DETECTION,src/tracking/advanced_tracker.py:_activate_slot,1118_617_324_909_484
R,DETECTION,DETECTION,1
A,1118
S,0,1121,DETECTION,src/tracking/advanced_tracker.py:_activate_slot,1121_619_327_913_488
L,0,1121,DETECTION,src/tracking/advanced_tracker.py:_activate_slot,1121_619_327_913_488
R,DETECTION,DETECTION,1
A,1121
S,0,1124,DETECTION,src/tracking/advanced_tracker.py:_activate_slot,1124_615_335_909_497
L,0,1124,DETECTION,src/tracking/advanced_tracker.py:_activate_slot,1124_615_335_909_497
R,DETECTION,DETECTION,1
A,1124
S,0,1127,DETECTION,src/tracking/advanced_tracker.py:_activate_slot,1127_611_352_911_511
L,0,1127,DETECTION,src/tracking/advanced_tracker.py:_activate_slot,1127_611_352_911_511
R,DETECTION,DETECTION,1
A,1127
S,0,1130,DETECTION,src/tracking/advanced_tracker.py:_activate_slot,1130_609_399_903_538
L,0,1130,DETECTION,src/tracking/advanced_tracker.py:_activate_slot,1130_609_399_903_538
R,CLAMP,CLAMP,0
A,1130
S,0,1133,DETECTION,src/tracking/advanced_tracker.py:_activate_slot,1133_609_414_902_559
L,0,1133,DETECTION,src/tracking/advanced_tracker.py:_activate_slot,1133_609_414_902_559
R,CLAMP,CLAMP,0
A,1133
S,0,1136,DETECTION,src/tracking/advanced_tracker.py:_activate_slot,1136_609_429_904_574
L,0,1136,DETECTION,src/tracking/advanced_tracker.py:_activate_slot,1136_609_429_904_574
R,CLAMP,CLAMP,0
A,1136
S,0,1139,DETECTION,src/tracking/advanced_tracker.py:_activate_slot,1139_609_439_906_585
L,0,1139,DETECTION,src/tracking/advanced_tracker.py:_activate_slot,1139_609_439_906_585
R,CLAMP,CLAMP,0
A,1139
S,0,1142,DETECTION,src/tracking/advanced_tracker.py:_activate_slot,1142_603_443_907_590
L,0,1142,DETECTION,src/tracking/advanced_tracker.py:_activate_slot,1142_603_443_907_590
R,CLAMP,CLAMP,0
A,1142
S,0,1145,DETECTION,src/tracking/advanced_tracker.py:_activate_slot,1145_598_468_907_599
L,0,1145,DETECTION,src/tracking/advanced_tracker.py:_activate_slot,1145_598_468_907_599
R,CLAMP,CLAMP,0
A,1145
S,0,1148,DETECTION,src/tracking/advanced_tracker.py:_activate_slot,1148_594_478_903_607
L,0,1148,DETECTION,src/tracking/advanced_tracker.py:_activate_slot,1148_594_478_903_607
R,CLAMP,CLAMP,0
A,1148
S,0,1151,DETECTION,src/tracking/advanced_tracker.py:_activate_slot,1151_590_492_904_628
L,0,1151,DETECTION,src/tracking/advanced_tracker.py:_activate_slot,1151_590_492_904_628
R,CLAMP,CLAMP,0
A,1151
S,0,1154,DETECTION,src/tracking/advanced_tracker.py:_activate_slot,1154_593_502_904_667
L,0,1154,DETECTION,src/tracking/advanced_tracker.py:_activate_slot,1154_593_502_904_667
R,CLAMP,CLAMP,0
A,1154
S,0,1157,DETECTION,src/tracking/advanced_tracker.py:_activate_slot,1157_592_512_905_677
L,0,1157,DETECTION,src/tracking/advanced_tracker.py:_activate_slot,1157_592_512_905_677
R,CLAMP,CLAMP,0
A,1157
S,0,1160,DETECTION,src/tracking/advanced_tracker.py:_activate_slot,1160_592_512_901_677
L,0,1160,DETECTION,src/tracking/advanced_tracker.py:_activate_slot,1160_592_512_901_677
R,CLAMP,CLAMP,0
A,1160
S,0,1163,DETECTION,src/tracking/advanced_tracker.py:_activate_slot,1163_592_527_899_679
L,0,1163,DETECTION,src/tracking/advanced_tracker.py:_activate_slot,1163_592_527_899_679
R,CLAMP,CLAMP,0
A,1163
S,0,1166,DETECTION,src/tracking/advanced_tracker.py:_activate_slot,1166_592_537_900_682
L,0,1166,DETECTION,src/tracking/advanced_tracker.py:_activate_slot,1166_592_537_900_682
R,CLAMP,CLAMP,0
A,1166
S,0,1169,DETECTION,src/tracking/advanced_tracker.py:_activate_slot,1169_598_542_904_690
L,0,1169,DETECTION,src/tracking/advanced_tracker.py:_activate_slot,1169_598_542_904_690
R,CLAMP,CLAMP,0
A,1169
S,0,1172,DETECTION,src/tracking/advanced_tracker.py:_activate_slot,1172_613_543_907_679
L,0,1172,DETECTION,src/tracking/advanced_tracker.py:_activate_slot,1172_613_543_907_679
R,CLAMP,CLAMP,0
A,1172
S,0,1175,DETECTION,src/tracking/advanced_tracker.py:_activate_slot,1175_613_542_907_672
L,0,1175,DETECTION,src/tracking/advanced_tracker.py:_activate_slot,1175_613_542_907_672
R,CLAMP,CLAMP,0
A,1175
S,0,1178,CLAMP,src/tracking/advanced_tracker.py:_activate_slot,1178_624_542_904_759
S,1,1178,DETECTION,src/tracking/advanced_tracker.py:_activate_slot,1178_329_981_584_1090
S,2,1178,DETECTION,src/tracking/advanced_tracker.py:_activate_slot,1178_373_455_642_609
S,3,1178,DETECTION,src/tracking/advanced_tracker.py:_activate_slot,1178_305_693_561_831
S,4,1178,DETECTION,src/tracking/advanced_tracker.py:_activate_slot,1178_285_1184_561_1296
S,5,1178,DETECTION,src/tracking/advanced_tracker.py:_activate_slot,1178_224_1077_455_1185
S,6,1178,DETECTION,src/tracking/advanced_tracker.py:_activate_slot,1178_627_540_909_666
S,7,1178,DETECTION,src/tracking/advanced_tracker.py:_activate_slot,1178_825_1785_982_1935
S,8,1178,DETECTION,src/tracking/advanced_tracker.py:_activate_slot,1178_266_1307_566_1439
S,9,1178,DETECTION,src/tracking/advanced_tracker.py:_activate_slot,1178_385_1774_594_1918
D,1,1178
S,4,1178,PREDICTION,src/tracking/advanced_tracker.py:id_merge,
D,2,1178
S,3,1178,PREDICTION,src/tracking/advanced_tracker.py:id_merge,
L,0,1178,CLAMP,src/tracking/advanced_tracker.py:_activate_slot,1178_624_542_904_759
R,CLAMP,CLAMP,0
L,3,1178,PREDICTION,src/tracking/advanced_tracker.py:id_merge,
R,PREDICTION,PREDICTION,1
L,4,1178,PREDICTION,src/tracking/advanced_tracker.py:id_merge,
R,PREDICTION,PREDICTION,1
L,5,1178,DETECTION,src/tracking/advanced_tracker.py:_activate_slot,1178_224_1077_455_1185
R,DETECTION,DETECTION,1
L,6,1178,DETECTION,src/tracking/advanced_tracker.py:_activate_slot,1178_627_540_909_666
R,DETECTION,DETECTION,1
L,7,1178,DETECTION,src/tracking/advanced_tracker.py:_activate_slot,1178_825_1785_982_1935
R,DETECTION,DETECTION,1
L,8,1178,DETECTION,src/tracking/advanced_tracker.py:_activate_slot,1178_266_1307_566_1439
R,DETECTION,DETECTION,1
L,9,1178,DETECTION,src/tracking/advanced_tracker.py:_activate_slot,1178_385_1774_594_1918
R,DETECTION,DETECTION,1
A,1178
S,0,1181,CLAMP,src/tracking/advanced_tracker.py:_activate_slot,1181_631_531_901_732
S,1,1181,DETECTION,src/tracking/advanced_tracker.py:_activate_slot,1181_332_977_593_1097
S,2,1181,DETECTION,src/tracking/advanced_tracker.py:_activate_slot,1181_382_440_654_591
S,3,1181,DETECTION,src/tracking/advanced_tracker.py:_activate_slot,1181_301_673_562_795
S,4,1181,DETECTION,src/tracking/advanced_tracker.py:_activate_slot,1181_288_1170_572_1290
S,5,1181,DETECTION,src/tracking/advanced_tracker.py:_activate_slot,1181_232_1074_452_1184
S,8,1181,DETECTION,src/tracking/advanced_tracker.py:_activate_slot,1181_313_1311_585_1455
S,6,1181,PREDICTION,src/tracking/advanced_tracker.py:kalman_homography,
S,7,1181,PREDICTION,src/tracking/advanced_tracker.py:kalman_homography,
S,9,1181,PREDICTION,src/tracking/advanced_tracker.py:kalman_homography,
D,1,1181
S,4,1181,PREDICTION,src/tracking/advanced_tracker.py:id_merge,
D,2,1181
S,3,1181,PREDICTION,src/tracking/advanced_tracker.py:id_merge,
L,0,1181,CLAMP,src/tracking/advanced_tracker.py:_activate_slot,1181_631_531_901_732
R,CLAMP,CLAMP,0
L,3,1181,PREDICTION,src/tracking/advanced_tracker.py:id_merge,
R,PREDICTION,PREDICTION,1
L,4,1181,PREDICTION,src/tracking/advanced_tracker.py:id_merge,
R,PREDICTION,PREDICTION,1
L,5,1181,DETECTION,src/tracking/advanced_tracker.py:_activate_slot,1181_232_1074_452_1184
R,DETECTION,DETECTION,1
L,6,1181,PREDICTION,src/tracking/advanced_tracker.py:kalman_homography,
R,PREDICTION,PREDICTION,1
L,7,1181,PREDICTION,src/tracking/advanced_tracker.py:kalman_homography,
R,PREDICTION,PREDICTION,1
L,8,1181,DETECTION,src/tracking/advanced_tracker.py:_activate_slot,1181_313_1311_585_1455
R,DETECTION,DETECTION,1
L,9,1181,PREDICTION,src/tracking/advanced_tracker.py:kalman_homography,
R,PREDICTION,PREDICTION,1
A,1181
S,0,1184,CLAMP,src/tracking/advanced_tracker.py:_activate_slot,1184_648_538_906_664
S,1,1184,DETECTION,src/tracking/advanced_tracker.py:_activate_slot,1184_333_969_591_1089
S,2,1184,DETECTION,src/tracking/advanced_tracker.py:_activate_slot,1184_384_418_646_563
S,3,1184,DETECTION,src/tracking/advanced_tracker.py:_activate_slot,1184_301_649_558_754
S,4,1184,DETECTION,src/tracking/advanced_tracker.py:_activate_slot,1184_294_1191_575_1305
S,5,1184,DETECTION,src/tracking/advanced_tracker.py:_activate_slot,1184_232_1071_474_1182
S,6,1184,DETECTION,src/tracking/advanced_tracker.py:_activate_slot,1184_249_1317_582_1449
S,8,1184,DETECTION,src/tracking/advanced_tracker.py:_activate_slot,1184_358_1333_585_1450
S,7,1184,PREDICTION,src/tracking/advanced_tracker.py:kalman_homography,
S,9,1184,PREDICTION,src/tracking/advanced_tracker.py:kalman_homography,
D,1,1184
S,4,1184,PREDICTION,src/tracking/advanced_tracker.py:id_merge,
D,2,1184
S,3,1184,PREDICTION,src/tracking/advanced_tracker.py:id_merge,
D,6,1184
S,8,1184,PREDICTION,src/tracking/advanced_tracker.py:id_merge,
L,0,1184,CLAMP,src/tracking/advanced_tracker.py:_activate_slot,1184_648_538_906_664
R,CLAMP,CLAMP,0
L,3,1184,PREDICTION,src/tracking/advanced_tracker.py:id_merge,
R,PREDICTION,PREDICTION,1
L,4,1184,PREDICTION,src/tracking/advanced_tracker.py:id_merge,
R,PREDICTION,PREDICTION,1
L,5,1184,DETECTION,src/tracking/advanced_tracker.py:_activate_slot,1184_232_1071_474_1182
R,DETECTION,DETECTION,1
L,7,1184,PREDICTION,src/tracking/advanced_tracker.py:kalman_homography,
R,PREDICTION,SUBPIXEL,0
L,8,1184,PREDICTION,src/tracking/advanced_tracker.py:id_merge,
R,PREDICTION,PREDICTION,1
L,9,1184,PREDICTION,src/tracking/advanced_tracker.py:kalman_homography,
R,PREDICTION,SUBPIXEL,0
A,1184
S,0,1187,CLAMP,src/tracking/advanced_tracker.py:_activate_slot,1187_653_519_906_656
S,1,1187,DETECTION,src/tracking/advanced_tracker.py:_activate_slot,1187_333_958_585_1078
S,2,1187,DETECTION,src/tracking/advanced_tracker.py:_activate_slot,1187_379_408_658_548
S,3,1187,DETECTION,src/tracking/advanced_tracker.py:_activate_slot,1187_310_626_573_738
S,4,1187,DETECTION,src/tracking/advanced_tracker.py:_activate_slot,1187_214_754_413_877
S,6,1187,DETECTION,src/tracking/advanced_tracker.py:_activate_slot,1187_846_1785_1002_1935
S,7,1187,DETECTION,src/tracking/advanced_tracker.py:_activate_slot,1187_236_1071_493_1182
S,8,1187,DETECTION,src/tracking/advanced_tracker.py:_activate_slot,1187_297_1323_592_1446
S,9,1187,DETECTION,src/tracking/advanced_tracker.py:_activate_slot,1187_407_1780_617_1918
S,5,1187,PREDICTION,src/tracking/advanced_tracker.py:kalman_homography,
D,2,1187
S,3,1187,PREDICTION,src/tracking/advanced_tracker.py:id_merge,
D,3,1187
S,4,1187,PREDICTION,src/tracking/advanced_tracker.py:id_merge,
D,5,1187
S,7,1187,PREDICTION,src/tracking/advanced_tracker.py:id_merge,
L,0,1187,CLAMP,src/tracking/advanced_tracker.py:_activate_slot,1187_653_519_906_656
R,CLAMP,CLAMP,0
L,1,1187,DETECTION,src/tracking/advanced_tracker.py:_activate_slot,1187_333_958_585_1078
R,DETECTION,DETECTION,1
L,4,1187,PREDICTION,src/tracking/advanced_tracker.py:id_merge,
R,PREDICTION,PREDICTION,1
L,6,1187,DETECTION,src/tracking/advanced_tracker.py:_activate_slot,1187_846_1785_1002_1935
R,CLAMP,CLAMP,0
L,7,1187,PREDICTION,src/tracking/advanced_tracker.py:id_merge,
R,CLAMP,CLAMP,0
L,8,1187,DETECTION,src/tracking/advanced_tracker.py:_activate_slot,1187_297_1323_592_1446
R,DETECTION,DETECTION,1
L,9,1187,DETECTION,src/tracking/advanced_tracker.py:_activate_slot,1187_407_1780_617_1918
R,DETECTION,DETECTION,1
A,1187
S,0,1190,CLAMP,src/tracking/advanced_tracker.py:_activate_slot,1190_661_513_907_654
S,1,1190,DETECTION,src/tracking/advanced_tracker.py:_activate_slot,1190_334_949_591_1062
S,2,1190,DETECTION,src/tracking/advanced_tracker.py:_activate_slot,1190_384_396_661_523
S,3,1190,DETECTION,src/tracking/advanced_tracker.py:_activate_slot,1190_330_591_581_736
S,4,1190,DETECTION,src/tracking/advanced_tracker.py:_activate_slot,1190_291_1194_581_1312
S,7,1190,DETECTION,src/tracking/advanced_tracker.py:_activate_slot,1190_242_1068_491_1179
S,8,1190,DETECTION,src/tracking/advanced_tracker.py:_activate_slot,1190_357_1318_588_1461
S,9,1190,DETECTION,src/tracking/advanced_tracker.py:_activate_slot,1190_408_1768_628_1912
S,5,1190,PREDICTION,src/tracking/advanced_tracker.py:kalman_homography,
S,6,1190,PREDICTION,src/tracking/advanced_tracker.py:flow_gapfill_batched,
D,1,1190
S,4,1190,PREDICTION,src/tracking/advanced_tracker.py:id_merge,
D,2,1190
S,3,1190,PREDICTION,src/tracking/advanced_tracker.py:id_merge,
D,5,1190
S,7,1190,PREDICTION,src/tracking/advanced_tracker.py:id_merge,
L,0,1190,CLAMP,src/tracking/advanced_tracker.py:_activate_slot,1190_661_513_907_654
R,CLAMP,CLAMP,0
L,3,1190,PREDICTION,src/tracking/advanced_tracker.py:id_merge,
R,PREDICTION,PREDICTION,1
L,4,1190,PREDICTION,src/tracking/advanced_tracker.py:id_merge,
R,PREDICTION,PREDICTION,1
L,6,1190,PREDICTION,src/tracking/advanced_tracker.py:flow_gapfill_batched,
R,CLAMP,CLAMP,0
L,7,1190,PREDICTION,src/tracking/advanced_tracker.py:id_merge,
R,CLAMP,CLAMP,0
L,8,1190,DETECTION,src/tracking/advanced_tracker.py:_activate_slot,1190_357_1318_588_1461
R,DETECTION,DETECTION,1
L,9,1190,DETECTION,src/tracking/advanced_tracker.py:_activate_slot,1190_408_1768_628_1912
R,DETECTION,DETECTION,1
A,1190
S,0,1193,CLAMP,src/tracking/advanced_tracker.py:_activate_slot,1193_676_494_909_651
S,1,1193,DETECTION,src/tracking/advanced_tracker.py:_activate_slot,1193_338_931_591_1048
S,2,1193,DETECTION,src/tracking/advanced_tracker.py:_activate_slot,1193_593_333_903_523
S,3,1193,DETECTION,src/tracking/advanced_tracker.py:_activate_slot,1193_348_570_582_729
S,4,1193,DETECTION,src/tracking/advanced_tracker.py:_activate_slot,1193_308_1191_583_1314
S,5,1193,PREDICTION,src/tracking/advanced_tracker.py:kalman_homography,
S,7,1193,PREDICTION,src/tracking/advanced_tracker.py:kalman_homography,
S,8,1193,PREDICTION,src/tracking/advanced_tracker.py:kalman_homography,
S,9,1193,PREDICTION,src/tracking/advanced_tracker.py:kalman_homography,
S,6,1193,PREDICTION,src/tracking/advanced_tracker.py:flow_gapfill_batched,
D,5,1193
S,7,1193,PREDICTION,src/tracking/advanced_tracker.py:id_merge,
L,0,1193,CLAMP,src/tracking/advanced_tracker.py:_activate_slot,1193_676_494_909_651
R,CLAMP,CLAMP,0
L,1,1193,DETECTION,src/tracking/advanced_tracker.py:_activate_slot,1193_338_931_591_1048
R,DETECTION,DETECTION,1
L,2,1193,DETECTION,src/tracking/advanced_tracker.py:_activate_slot,1193_593_333_903_523
R,DETECTION,DETECTION,1
L,3,1193,DETECTION,src/tracking/advanced_tracker.py:_activate_slot,1193_348_570_582_729
R,DETECTION,DETECTION,1
L,4,1193,DETECTION,src/tracking/advanced_tracker.py:_activate_slot,1193_308_1191_583_1314
R,DETECTION,DETECTION,1
L,6,1193,PREDICTION,src/tracking/advanced_tracker.py:flow_gapfill_batched,
R,CLAMP,CLAMP,0
L,7,1193,PREDICTION,src/tracking/advanced_tracker.py:id_merge,
R,CLAMP,CLAMP,0
L,8,1193,PREDICTION,src/tracking/advanced_tracker.py:kalman_homography,
R,PREDICTION,PREDICTION,1
L,9,1193,PREDICTION,src/tracking/advanced_tracker.py:kalman_homography,
R,PREDICTION,PREDICTION,1
A,1193
S,0,1196,CLAMP,src/tracking/advanced_tracker.py:_activate_slot,1196_685_464_906_627
S,1,1196,DETECTION,src/tracking/advanced_tracker.py:_activate_slot,1196_437_348_684_523
S,2,1196,DETECTION,src/tracking/advanced_tracker.py:_activate_slot,1196_341_905_592_1043
S,3,1196,DETECTION,src/tracking/advanced_tracker.py:_activate_slot,1196_339_527_593_698
S,4,1196,DETECTION,src/tracking/advanced_tracker.py:_activate_slot,1196_310_1189_590_1303
S,8,1196,DETECTION,src/tracking/advanced_tracker.py:_activate_slot,1196_343_1327_580_1443
S,5,1196,PREDICTION,src/tracking/advanced_tracker.py:kalman_homography,
S,7,1196,PREDICTION,src/tracking/advanced_tracker.py:kalman_homography,
S,9,1196,PREDICTION,src/tracking/advanced_tracker.py:kalman_homography,
S,6,1196,PREDICTION,src/tracking/advanced_tracker.py:flow_gapfill_batched,
D,1,1196
S,3,1196,PREDICTION,src/tracking/advanced_tracker.py:id_merge,
L,0,1196,CLAMP,src/tracking/advanced_tracker.py:_activate_slot,1196_685_464_906_627
R,CLAMP,CLAMP,0
L,2,1196,DETECTION,src/tracking/advanced_tracker.py:_activate_slot,1196_341_905_592_1043
R,DETECTION,DETECTION,1
L,3,1196,PREDICTION,src/tracking/advanced_tracker.py:id_merge,
R,PREDICTION,PREDICTION,1
L,4,1196,DETECTION,src/tracking/advanced_tracker.py:_activate_slot,1196_310_1189_590_1303
R,DETECTION,DETECTION,1
L,5,1196,PREDICTION,src/tracking/advanced_tracker.py:kalman_homography,
R,PREDICTION,PREDICTION,1
L,6,1196,PREDICTION,src/tracking/advanced_tracker.py:flow_gapfill_batched,
R,CLAMP,CLAMP,0
L,7,1196,PREDICTION,src/tracking/advanced_tracker.py:kalman_homography,
R,CLAMP,CLAMP,0
L,8,1196,DETECTION,src/tracking/advanced_tracker.py:_activate_slot,1196_343_1327_580_1443
R,DETECTION,DETECTION,1
L,9,1196,PREDICTION,src/tracking/advanced_tracker.py:kalman_homography,
R,PREDICTION,PREDICTION,1
A,1196
S,0,1199,CLAMP,src/tracking/advanced_tracker.py:_activate_slot,1199_687_423_908_594
S,1,1199,DETECTION,src/tracking/advanced_tracker.py:_activate_slot,1199_453_313_723_513
S,2,1199,DETECTION,src/tracking/advanced_tracker.py:_activate_slot,1199_343_903_596_1038
S,3,1199,DETECTION,src/tracking/advanced_tracker.py:_activate_slot,1199_327_494_594_627
S,4,1199,DETECTION,src/tracking/advanced_tracker.py:_activate_slot,1199_320_1183_591_1306
S,8,1199,DETECTION,src/tracking/advanced_tracker.py:_activate_slot,1199_324_1321_575_1449
S,9,1199,DETECTION,src/tracking/advanced_tracker.py:_activate_slot,1199_156_425_378_525
S,5,1199,PREDICTION,src/tracking/advanced_tracker.py:kalman_homography,
S,7,1199,PREDICTION,src/tracking/advanced_tracker.py:kalman_homography,
S,6,1199,PREDICTION,src/tracking/advanced_tracker.py:flow_gapfill_batched,
D,1,1199
S,3,1199,PREDICTION,src/tracking/advanced_tracker.py:id_merge,
L,0,1199,CLAMP,src/tracking/advanced_tracker.py:_activate_slot,1199_687_423_908_594
R,CLAMP,CLAMP,0
L,2,1199,DETECTION,src/tracking/advanced_tracker.py:_activate_slot,1199_343_903_596_1038
R,DETECTION,DETECTION,1
L,3,1199,PREDICTION,src/tracking/advanced_tracker.py:id_merge,
R,PREDICTION,PREDICTION,1
L,4,1199,DETECTION,src/tracking/advanced_tracker.py:_activate_slot,1199_320_1183_591_1306
R,DETECTION,DETECTION,1
L,5,1199,PREDICTION,src/tracking/advanced_tracker.py:kalman_homography,
R,PREDICTION,PREDICTION,1
L,6,1199,PREDICTION,src/tracking/advanced_tracker.py:flow_gapfill_batched,
R,CLAMP,CLAMP,0
L,7,1199,PREDICTION,src/tracking/advanced_tracker.py:kalman_homography,
R,CLAMP,CLAMP,0
L,8,1199,DETECTION,src/tracking/advanced_tracker.py:_activate_slot,1199_324_1321_575_1449
R,DETECTION,DETECTION,1
L,9,1199,DETECTION,src/tracking/advanced_tracker.py:_activate_slot,1199_156_425_378_525
R,CLAMP,CLAMP,0
A,1199
S,0,1202,CLAMP,src/tracking/advanced_tracker.py:_activate_slot,1202_694_390_906_551
S,1,1202,DETECTION,src/tracking/advanced_tracker.py:_activate_slot,1202_468_275_726_474
S,2,1202,DETECTION,src/tracking/advanced_tracker.py:_activate_slot,1202_341_883_596_1033
S,3,1202,DETECTION,src/tracking/advanced_tracker.py:_activate_slot,1202_336_428_621_576
S,4,1202,DETECTION,src/tracking/advanced_tracker.py:_activate_slot,1202_332_1183_599_1312
S,6,1202,DETECTION,src/tracking/advanced_tracker.py:_activate_slot,1202_340_1342_580_1456
S,8,1202,DETECTION,src/tracking/advanced_tracker.py:_activate_slot,1202_333_1320_597_1452
S,9,1202,DETECTION,src/tracking/advanced_tracker.py:_activate_slot,1202_199_88_289_188
S,5,1202,PREDICTION,src/tracking/advanced_tracker.py:kalman_homography,
S,7,1202,PREDICTION,src/tracking/advanced_tracker.py:kalman_homography,
D,1,1202
S,3,1202,PREDICTION,src/tracking/advanced_tracker.py:id_merge,
D,6,1202
S,8,1202,PREDICTION,src/tracking/advanced_tracker.py:id_merge,
L,0,1202,CLAMP,src/tracking/advanced_tracker.py:_activate_slot,1202_694_390_906_551
R,CLAMP,CLAMP,0
L,2,1202,DETECTION,src/tracking/advanced_tracker.py:_activate_slot,1202_341_883_596_1033
R,DETECTION,DETECTION,1
L,3,1202,PREDICTION,src/tracking/advanced_tracker.py:id_merge,
R,PREDICTION,PREDICTION,1
L,4,1202,DETECTION,src/tracking/advanced_tracker.py:_activate_slot,1202_332_1183_599_1312
R,DETECTION,DETECTION,1
L,5,1202,PREDICTION,src/tracking/advanced_tracker.py:kalman_homography,
R,PREDICTION,PREDICTION,1
L,7,1202,PREDICTION,src/tracking/advanced_tracker.py:kalman_homography,
R,CLAMP,CLAMP,0
L,8,1202,PREDICTION,src/tracking/advanced_tracker.py:id_merge,
R,PREDICTION,PREDICTION,1
L,9,1202,DETECTION,src/tracking/advanced_tracker.py:_activate_slot,1202_199_88_289_188
R,CLAMP,CLAMP,0
A,1202
S,0,1205,CLAMP,src/tracking/advanced_tracker.py:_activate_slot,1205_698_367_908_515
S,1,1205,DETECTION,src/tracking/advanced_tracker.py:_activate_slot,1205_474_232_726_418
S,2,1205,DETECTION,src/tracking/advanced_tracker.py:_activate_slot,1205_260_1023_506_1164
S,3,1205,DETECTION,src/tracking/advanced_tracker.py:_activate_slot,1205_361_410_610_555
S,4,1205,DETECTION,src/tracking/advanced_tracker.py:_activate_slot,1205_334_1180_604_1330
S,5,1205,PREDICTION,src/tracking/advanced_tracker.py:kalman_homography,
S,6,1205,PREDICTION,src/tracking/advanced_tracker.py:kalman_homography,
S,8,1205,PREDICTION,src/tracking/advanced_tracker.py:kalman_homography,
S,7,1205,PREDICTION,src/tracking/advanced_tracker.py:flow_gapfill_batched,
S,9,1205,PREDICTION,src/tracking/advanced_tracker.py:flow_gapfill_batched,
D,1,1205
S,3,1205,PREDICTION,src/tracking/advanced_tracker.py:id_merge,
D,2,1205
S,4,1205,PREDICTION,src/tracking/advanced_tracker.py:id_merge,
D,5,1205
S,6,1205,PREDICTION,src/tracking/advanced_tracker.py:id_merge,
D,7,1205
S,6,1205,PREDICTION,src/tracking/advanced_tracker.py:id_merge,
D,6,1205
S,8,1205,PREDICTION,src/tracking/advanced_tracker.py:id_merge,
L,0,1205,CLAMP,src/tracking/advanced_tracker.py:_activate_slot,1205_698_367_908_515
R,CLAMP,CLAMP,0
L,3,1205,PREDICTION,src/tracking/advanced_tracker.py:id_merge,
R,PREDICTION,PREDICTION,1
L,4,1205,PREDICTION,src/tracking/advanced_tracker.py:id_merge,
R,PREDICTION,PREDICTION,1
L,8,1205,PREDICTION,src/tracking/advanced_tracker.py:id_merge,
R,PREDICTION,PREDICTION,1
L,9,1205,PREDICTION,src/tracking/advanced_tracker.py:flow_gapfill_batched,
R,CLAMP,CLAMP,0
A,1205
S,0,1208,CLAMP,src/tracking/advanced_tracker.py:_activate_slot,1208_255_427_478_589
S,1,1208,DETECTION,src/tracking/advanced_tracker.py:_activate_slot,1208_468_183_733_402
S,2,1208,DETECTION,src/tracking/advanced_tracker.py:_activate_slot,1208_334_849_591_957
S,3,1208,DETECTION,src/tracking/advanced_tracker.py:_activate_slot,1208_376_344_616_546
S,4,1208,DETECTION,src/tracking/advanced_tracker.py:_activate_slot,1208_336_1173_609_1356
S,7,1208,DETECTION,src/tracking/advanced_tracker.py:_activate_slot,1208_723_341_1032_500
S,8,1208,DETECTION,src/tracking/advanced_tracker.py:_activate_slot,1208_291_1273_590_1474
S,6,1208,PREDICTION,src/tracking/advanced_tracker.py:kalman_homography,
S,5,1208,PREDICTION,src/tracking/advanced_tracker.py:flow_gapfill_batched,
S,9,1208,PREDICTION,src/tracking/advanced_tracker.py:flow_gapfill_batched,
D,1,1208
S,3,1208,PREDICTION,src/tracking/advanced_tracker.py:id_merge,
D,5,1208
S,6,1208,PREDICTION,src/tracking/advanced_tracker.py:id_merge,
D,6,1208
S,8,1208,PREDICTION,src/tracking/advanced_tracker.py:id_merge,
L,0,1208,CLAMP,src/tracking/advanced_tracker.py:_activate_slot,1208_255_427_478_589
R,CLAMP,CLAMP,0
L,2,1208,DETECTION,src/tracking/advanced_tracker.py:_activate_slot,1208_334_849_591_957
R,DETECTION,DETECTION,1
L,3,1208,PREDICTION,src/tracking/advanced_tracker.py:id_merge,
R,PREDICTION,PREDICTION,1
L,4,1208,DETECTION,src/tracking/advanced_tracker.py:_activate_slot,1208_336_1173_609_1356
R,DETECTION,DETECTION,1
L,7,1208,DETECTION,src/tracking/advanced_tracker.py:_activate_slot,1208_723_341_1032_500
R,CLAMP,CLAMP,0
L,8,1208,PREDICTION,src/tracking/advanced_tracker.py:id_merge,
R,PREDICTION,PREDICTION,1
L,9,1208,PREDICTION,src/tracking/advanced_tracker.py:flow_gapfill_batched,
R,CLAMP,CLAMP,0
A,1208
S,0,1211,CLAMP,src/tracking/advanced_tracker.py:_activate_slot,1211_190_888_358_975
S,1,1211,DETECTION,src/tracking/advanced_tracker.py:_activate_slot,1211_468_131_720_366
S,2,1211,DETECTION,src/tracking/advanced_tracker.py:_activate_slot,1211_333_822_583_945
S,3,1211,DETECTION,src/tracking/advanced_tracker.py:_activate_slot,1211_382_294_624_466
S,4,1211,DETECTION,src/tracking/advanced_tracker.py:_activate_slot,1211_313_1173_609_1359
S,6,1211,PREDICTION,src/tracking/advanced_tracker.py:kalman_homography,
S,8,1211,PREDICTION,src/tracking/advanced_tracker.py:kalman_homography,
S,9,1211,PREDICTION,src/tracking/advanced_tracker.py:flow_gapfill_batched,
D,1,1211
S,3,1211,PREDICTION,src/tracking/advanced_tracker.py:id_merge,
L,0,1211,CLAMP,src/tracking/advanced_tracker.py:_activate_slot,1211_190_888_358_975
R,CLAMP,CLAMP,0
L,2,1211,DETECTION,src/tracking/advanced_tracker.py:_activate_slot,1211_333_822_583_945
R,DETECTION,DETECTION,1
L,3,1211,PREDICTION,src/tracking/advanced_tracker.py:id_merge,
R,PREDICTION,PREDICTION,1
L,4,1211,DETECTION,src/tracking/advanced_tracker.py:_activate_slot,1211_313_1173_609_1359
R,DETECTION,DETECTION,1
L,6,1211,PREDICTION,src/tracking/advanced_tracker.py:kalman_homography,
R,CLAMP,CLAMP,0
L,8,1211,PREDICTION,src/tracking/advanced_tracker.py:kalman_homography,
R,PREDICTION,PREDICTION,1
L,9,1211,PREDICTION,src/tracking/advanced_tracker.py:flow_gapfill_batched,
R,CLAMP,CLAMP,0
A,1211
S,0,1214,CLAMP,src/tracking/advanced_tracker.py:_activate_slot,1214_206_409_418_538
S,1,1214,DETECTION,src/tracking/advanced_tracker.py:_activate_slot,1214_477_77_752_290
S,2,1214,DETECTION,src/tracking/advanced_tracker.py:_activate_slot,1214_341_790_585_934
S,3,1214,DETECTION,src/tracking/advanced_tracker.py:_activate_slot,1214_377_210_621_418
S,4,1214,DETECTION,src/tracking/advanced_tracker.py:_activate_slot,1214_328_1190_609_1373
S,5,1214,DETECTION,src/tracking/advanced_tracker.py:_activate_slot,1214_604_-15_949_117
S,6,1214,DETECTION,src/tracking/advanced_tracker.py:_activate_slot,1214_870_1785_1029_1923
S,8,1214,DETECTION,src/tracking/advanced_tracker.py:_activate_slot,1214_351_1392_590_1488
S,9,1214,PREDICTION,src/tracking/advanced_tracker.py:flow_gapfill_batched,
D,1,1214
S,3,1214,PREDICTION,src/tracking/advanced_tracker.py:id_merge,
L,0,1214,CLAMP,src/tracking/advanced_tracker.py:_activate_slot,1214_206_409_418_538
R,CLAMP,CLAMP,0
L,2,1214,DETECTION,src/tracking/advanced_tracker.py:_activate_slot,1214_341_790_585_934
R,DETECTION,DETECTION,1
L,3,1214,PREDICTION,src/tracking/advanced_tracker.py:id_merge,
R,PREDICTION,PREDICTION,1
L,4,1214,DETECTION,src/tracking/advanced_tracker.py:_activate_slot,1214_328_1190_609_1373
R,DETECTION,DETECTION,1
L,5,1214,DETECTION,src/tracking/advanced_tracker.py:_activate_slot,1214_604_-15_949_117
R,CLAMP,CLAMP,0
L,6,1214,DETECTION,src/tracking/advanced_tracker.py:_activate_slot,1214_870_1785_1029_1923
R,CLAMP,CLAMP,0
L,8,1214,DETECTION,src/tracking/advanced_tracker.py:_activate_slot,1214_351_1392_590_1488
R,DETECTION,DETECTION,1
L,9,1214,PREDICTION,src/tracking/advanced_tracker.py:flow_gapfill_batched,
R,CLAMP,CLAMP,0
A,1214
S,0,1217,CLAMP,src/tracking/advanced_tracker.py:_activate_slot,1217_268_184_529_390
S,1,1217,DETECTION,src/tracking/advanced_tracker.py:_activate_slot,1217_484_16_694_162
S,2,1217,DETECTION,src/tracking/advanced_tracker.py:_activate_slot,1217_338_757_574_903
S,3,1217,DETECTION,src/tracking/advanced_tracker.py:_activate_slot,1217_272_170_621_385
S,4,1217,DETECTION,src/tracking/advanced_tracker.py:_activate_slot,1217_332_1209_612_1341
S,9,1217,CLAMP,src/tracking/advanced_tracker.py:_activate_slot,1217_517_1833_826_1935
S,8,1217,PREDICTION,src/tracking/advanced_tracker.py:kalman_homography,
S,5,1217,PREDICTION,src/tracking/advanced_tracker.py:flow_gapfill_batched,
S,7,1217,PREDICTION,src/tracking/advanced_tracker.py:flow_gapfill_batched,
D,1,1217
S,3,1217,PREDICTION,src/tracking/advanced_tracker.py:id_merge,
L,0,1217,CLAMP,src/tracking/advanced_tracker.py:_activate_slot,1217_268_184_529_390
R,CLAMP,CLAMP,0
L,2,1217,DETECTION,src/tracking/advanced_tracker.py:_activate_slot,1217_338_757_574_903
R,DETECTION,DETECTION,1
L,3,1217,PREDICTION,src/tracking/advanced_tracker.py:id_merge,
R,PREDICTION,PREDICTION,1
L,4,1217,DETECTION,src/tracking/advanced_tracker.py:_activate_slot,1217_332_1209_612_1341
R,DETECTION,DETECTION,1
L,5,1217,PREDICTION,src/tracking/advanced_tracker.py:flow_gapfill_batched,
R,CLAMP,CLAMP,0
L,7,1217,PREDICTION,src/tracking/advanced_tracker.py:flow_gapfill_batched,
R,CLAMP,CLAMP,0
L,8,1217,PREDICTION,src/tracking/advanced_tracker.py:kalman_homography,
R,PREDICTION,PREDICTION,1
L,9,1217,CLAMP,src/tracking/advanced_tracker.py:_activate_slot,1217_517_1833_826_1935
R,CLAMP,CLAMP,0
A,1217
S,0,1220,CLAMP,src/tracking/advanced_tracker.py:_activate_slot,1220_261_154_471_335
S,1,1220,DETECTION,src/tracking/advanced_tracker.py:_activate_slot,1220_507_-15_774_168
S,2,1220,DETECTION,src/tracking/advanced_tracker.py:_activate_slot,1220_330_720_567_864
S,3,1220,DETECTION,src/tracking/advanced_tracker.py:_activate_slot,1220_275_901_484_1054
S,4,1220,DETECTION,src/tracking/advanced_tracker.py:_activate_slot,1220_340_1236_621_1345
S,7,1220,DETECTION,src/tracking/advanced_tracker.py:_activate_slot,1220_144_348_412_459
S,8,1220,DETECTION,src/tracking/advanced_tracker.py:_activate_slot,1220_355_1402_583_1510
S,9,1220,CLAMP,src/tracking/advanced_tracker.py:_activate_slot,1220_516_1815_826_1935
S,5,1220,PREDICTION,src/tracking/advanced_tracker.py:flow_gapfill_batched,
S,6,1220,PREDICTION,src/tracking/advanced_tracker.py:flow_gapfill_batched,
D,2,1220
S,3,1220,PREDICTION,src/tracking/advanced_tracker.py:id_merge,
L,0,1220,CLAMP,src/tracking/advanced_tracker.py:_activate_slot,1220_261_154_471_335
R,CLAMP,CLAMP,0
L,1,1220,DETECTION,src/tracking/advanced_tracker.py:_activate_slot,1220_507_-15_774_168
R,CLAMP,CLAMP,0
L,3,1220,PREDICTION,src/tracking/advanced_tracker.py:id_merge,
R,CLAMP,CLAMP,0
L,4,1220,DETECTION,src/tracking/advanced_tracker.py:_activate_slot,1220_340_1236_621_1345
R,DETECTION,DETECTION,1
L,5,1220,PREDICTION,src/tracking/advanced_tracker.py:flow_gapfill_batched,
R,CLAMP,CLAMP,0
L,6,1220,PREDICTION,src/tracking/advanced_tracker.py:flow_gapfill_batched,
R,CLAMP,CLAMP,0
L,7,1220,DETECTION,src/tracking/advanced_tracker.py:_activate_slot,1220_144_348_412_459
R,CLAMP,CLAMP,0
L,8,1220,DETECTION,src/tracking/advanced_tracker.py:_activate_slot,1220_355_1402_583_1510
R,DETECTION,DETECTION,1
L,9,1220,CLAMP,src/tracking/advanced_tracker.py:_activate_slot,1220_516_1815_826_1935
R,CLAMP,CLAMP,0
A,1220
S,0,1223,CLAMP,src/tracking/advanced_tracker.py:_activate_slot,1223_295_74_540_228
S,1,1223,DETECTION,src/tracking/advanced_tracker.py:_activate_slot,1223_348_1405_584_1513
S,2,1223,DETECTION,src/tracking/advanced_tracker.py:_activate_slot,1223_307_680_564_850
S,3,1223,DETECTION,src/tracking/advanced_tracker.py:_activate_slot,1223_269_854_481_1032
S,4,1223,DETECTION,src/tracking/advanced_tracker.py:_activate_slot,1223_347_1233_628_1365
S,6,1223,CLAMP,src/tracking/advanced_tracker.py:_activate_slot,1223_142_315_409_439
S,8,1223,DETECTION,src/tracking/advanced_tracker.py:_activate_slot,1223_340_1367_582_1514
S,9,1223,CLAMP,src/tracking/advanced_tracker.py:_activate_slot,1223_512_1791_810_1935
S,10,1223,DETECTION,src/tracking/advanced_tracker.py:_activate_slot,1223_197_308_410_403
S,7,1223,PREDICTION,src/tracking/advanced_tracker.py:kalman_homography,
S,5,1223,PREDICTION,src/tracking/advanced_tracker.py:flow_gapfill_batched,
D,1,1223
S,4,1223,PREDICTION,src/tracking/advanced_tracker.py:id_merge,
D,2,1223
S,3,1223,PREDICTION,src/tracking/advanced_tracker.py:id_merge,
L,0,1223,CLAMP,src/tracking/advanced_tracker.py:_activate_slot,1223_295_74_540_228
R,CLAMP,CLAMP,0
L,3,1223,PREDICTION,src/tracking/advanced_tracker.py:id_merge,
R,PREDICTION,PREDICTION,1
L,4,1223,PREDICTION,src/tracking/advanced_tracker.py:id_merge,
R,PREDICTION,PREDICTION,1
L,5,1223,PREDICTION,src/tracking/advanced_tracker.py:flow_gapfill_batched,
R,CLAMP,CLAMP,0
L,6,1223,CLAMP,src/tracking/advanced_tracker.py:_activate_slot,1223_142_315_409_439
R,CLAMP,CLAMP,0
L,7,1223,PREDICTION,src/tracking/advanced_tracker.py:kalman_homography,
R,CLAMP,CLAMP,0
L,8,1223,DETECTION,src/tracking/advanced_tracker.py:_activate_slot,1223_340_1367_582_1514
R,DETECTION,DETECTION,1
L,9,1223,CLAMP,src/tracking/advanced_tracker.py:_activate_slot,1223_512_1791_810_1935
R,CLAMP,CLAMP,0
A,1223
S,0,1226,CLAMP,src/tracking/advanced_tracker.py:_activate_slot,1226_282_-15_542_162
S,1,1226,DETECTION,src/tracking/advanced_tracker.py:_activate_slot,1226_141_550_379_654
S,2,1226,DETECTION,src/tracking/advanced_tracker.py:_activate_slot,1226_312_626_537_802
S,3,1226,DETECTION,src/tracking/advanced_tracker.py:_activate_slot,1226_268_823_464_967
S,4,1226,DETECTION,src/tracking/advanced_tracker.py:_activate_slot,1226_350_1221_633_1370
S,8,1226,DETECTION,src/tracking/advanced_tracker.py:_activate_slot,1226_330_1380_592_1508
S,9,1226,CLAMP,src/tracking/advanced_tracker.py:_activate_slot,1226_510_1777_808_1930
S,10,1226,DETECTION,src/tracking/advanced_tracker.py:_activate_slot,1226_195_271_409_361
S,6,1226,PREDICTION,src/tracking/advanced_tracker.py:kalman_homography,
S,7,1226,PREDICTION,src/tracking/advanced_tracker.py:kalman_homography,
S,5,1226,PREDICTION,src/tracking/advanced_tracker.py:flow_gapfill_batched,
D,1,1226
S,2,1226,PREDICTION,src/tracking/advanced_tracker.py:id_merge,
D,2,1226
S,3,1226,PREDICTION,src/tracking/advanced_tracker.py:id_merge,
D,6,1226
S,9,1226,PREDICTION,src/tracking/advanced_tracker.py:id_merge,
L,0,1226,CLAMP,src/tracking/advanced_tracker.py:_activate_slot,1226_282_-15_542_162
R,CLAMP,CLAMP,0
L,3,1226,PREDICTION,src/tracking/advanced_tracker.py:id_merge,
R,PREDICTION,PREDICTION,1
L,4,1226,DETECTION,src/tracking/advanced_tracker.py:_activate_slot,1226_350_1221_633_1370
R,DETECTION,DETECTION,1
L,5,1226,PREDICTION,src/tracking/advanced_tracker.py:flow_gapfill_batched,
R,CLAMP,CLAMP,0
L,7,1226,PREDICTION,src/tracking/advanced_tracker.py:kalman_homography,
R,CLAMP,CLAMP,0
L,8,1226,DETECTION,src/tracking/advanced_tracker.py:_activate_slot,1226_330_1380_592_1508
R,DETECTION,DETECTION,1
L,9,1226,PREDICTION,src/tracking/advanced_tracker.py:id_merge,
R,CLAMP,CLAMP,0
A,1226
S,0,1229,CLAMP,src/tracking/advanced_tracker.py:_activate_slot,1229_266_776_470_927
S,1,1229,DETECTION,src/tracking/advanced_tracker.py:_activate_slot,1229_121_541_367_643
S,2,1229,DETECTION,src/tracking/advanced_tracker.py:_activate_slot,1229_309_583_530_763
S,3,1229,DETECTION,src/tracking/advanced_tracker.py:_activate_slot,1229_267_975_516_1146
S,7,1229,DETECTION,src/tracking/advanced_tracker.py:_activate_slot,1229_341_1217_628_1359
S,8,1229,DETECTION,src/tracking/advanced_tracker.py:_activate_slot,1229_343_1393_586_1500
S,9,1229,CLAMP,src/tracking/advanced_tracker.py:_activate_slot,1229_506_1758_804_1926
S,10,1229,DETECTION,src/tracking/advanced_tracker.py:_activate_slot,1229_180_230_403_327
S,4,1229,PREDICTION,src/tracking/advanced_tracker.py:kalman_homography,
S,5,1229,PREDICTION,src/tracking/advanced_tracker.py:flow_gapfill_batched,
S,6,1229,PREDICTION,src/tracking/advanced_tracker.py:flow_gapfill_batched,
D,1,1229
S,2,1229,PREDICTION,src/tracking/advanced_tracker.py:id_merge,
D,7,1229
S,8,1229,PREDICTION,src/tracking/advanced_tracker.py:id_merge,
L,0,1229,CLAMP,src/tracking/advanced_tracker.py:_activate_slot,1229_266_776_470_927
R,CLAMP,CLAMP,0
L,2,1229,PREDICTION,src/tracking/advanced_tracker.py:id_merge,
R,PREDICTION,PREDICTION,1
L,3,1229,DETECTION,src/tracking/advanced_tracker.py:_activate_slot,1229_267_975_516_1146
R,DETECTION,DETECTION,1
L,4,1229,PREDICTION,src/tracking/advanced_tracker.py:kalman_homography,
R,PREDICTION,PREDICTION,1
L,5,1229,PREDICTION,src/tracking/advanced_tracker.py:flow_gapfill_batched,
R,CLAMP,CLAMP,0
L,6,1229,PREDICTION,src/tracking/advanced_tracker.py:flow_gapfill_batched,
R,PREDICTION,PREDICTION,1
L,8,1229,PREDICTION,src/tracking/advanced_tracker.py:id_merge,
R,PREDICTION,PREDICTION,1
L,9,1229,CLAMP,src/tracking/advanced_tracker.py:_activate_slot,1229_506_1758_804_1926
R,CLAMP,CLAMP,0
A,1229
S,0,1232,CLAMP,src/tracking/advanced_tracker.py:_activate_slot,1232_270_740_480_897
S,1,1232,DETECTION,src/tracking/advanced_tracker.py:_activate_slot,1232_121_531_357_633
S,2,1232,DETECTION,src/tracking/advanced_tracker.py:_activate_slot,1232_313_537_531_672
S,3,1232,DETECTION,src/tracking/advanced_tracker.py:_activate_slot,1232_286_921_518_1105
S,4,1232,DETECTION,src/tracking/advanced_tracker.py:_activate_slot,1232_117_432_347_543
S,5,1232,DETECTION,src/tracking/advanced_tracker.py:_activate_slot,1232_330_1221_621_1352
S,8,1232,DETECTION,src/tracking/advanced_tracker.py:_activate_slot,1232_312_1390_572_1513
S,9,1232,CLAMP,src/tracking/advanced_tracker.py:_activate_slot,1232_489_1753_804_1909
S,7,1232,PREDICTION,src/tracking/advanced_tracker.py:kalman_homography,
S,10,1232,PREDICTION,src/tracking/advanced_tracker.py:kalman_homography,
S,6,1232,PREDICTION,src/tracking/advanced_tracker.py:flow_gapfill_batched,
D,1,1232
S,2,1232,PREDICTION,src/tracking/advanced_tracker.py:id_merge,
D,2,1232
S,4,1232,PREDICTION,src/tracking/advanced_tracker.py:id_merge,
D,7,1232
S,5,1232,PREDICTION,src/tracking/advanced_tracker.py:id_merge,
D,5,1232
S,8,1232,PREDICTION,src/tracking/advanced_tracker.py:id_merge,
L,0,1232,CLAMP,src/tracking/advanced_tracker.py:_activate_slot,1232_270_740_480_897
R,CLAMP,CLAMP,0
L,3,1232,DETECTION,src/tracking/advanced_tracker.py:_activate_slot,1232_286_921_518_1105
R,DETECTION,DETECTION,1
L,4,1232,PREDICTION,src/tracking/advanced_tracker.py:id_merge,
R,CLAMP,CLAMP,0
L,6,1232,PREDICTION,src/tracking/advanced_tracker.py:flow_gapfill_batched,
R,PREDICTION,PREDICTION,1
L,8,1232,PREDICTION,src/tracking/advanced_tracker.py:id_merge,
R,PREDICTION,PREDICTION,1
L,9,1232,CLAMP,src/tracking/advanced_tracker.py:_activate_slot,1232_489_1753_804_1909
R,CLAMP,CLAMP,0
A,1232
S,0,1235,CLAMP,src/tracking/advanced_tracker.py:_activate_slot,1235_254_688_480_813
S,1,1235,DETECTION,src/tracking/advanced_tracker.py:_activate_slot,1235_110_528_343_623
S,2,1235,DETECTION,src/tracking/advanced_tracker.py:_activate_slot,1235_272_487_517_647
S,3,1235,DETECTION,src/tracking/advanced_tracker.py:_activate_slot,1235_282_871_516_1033
S,4,1235,DETECTION,src/tracking/advanced_tracker.py:_activate_slot,1235_144_844_311_940
S,8,1235,DETECTION,src/tracking/advanced_tracker.py:_activate_slot,1235_309_1392_573_1524
S,9,1235,CLAMP,src/tracking/advanced_tracker.py:_activate_slot,1235_486_1704_793_1881
S,5,1235,PREDICTION,src/tracking/advanced_tracker.py:kalman_homography,
S,7,1235,PREDICTION,src/tracking/advanced_tracker.py:kalman_homography,
S,10,1235,PREDICTION,src/tracking/advanced_tracker.py:kalman_homography,
S,6,1235,PREDICTION,src/tracking/advanced_tracker.py:flow_gapfill_batched,
D,1,1235
S,2,1235,PREDICTION,src/tracking/advanced_tracker.py:id_merge,
D,3,1235
S,4,1235,PREDICTION,src/tracking/advanced_tracker.py:id_merge,
D,7,1235
S,5,1235,PREDICTION,src/tracking/advanced_tracker.py:id_merge,
D,5,1235
S,8,1235,PREDICTION,src/tracking/advanced_tracker.py:id_merge,
D,6,1235
S,9,1235,PREDICTION,src/tracking/advanced_tracker.py:id_merge,
L,2,1235,PREDICTION,src/tracking/advanced_tracker.py:id_merge,
R,PREDICTION,PREDICTION,1
L,4,1235,PREDICTION,src/tracking/advanced_tracker.py:id_merge,
R,PREDICTION,PREDICTION,1
L,8,1235,PREDICTION,src/tracking/advanced_tracker.py:id_merge,
R,PREDICTION,PREDICTION,1
L,9,1235,PREDICTION,src/tracking/advanced_tracker.py:id_merge,
R,CLAMP,CLAMP,0
A,1235
S,1,1238,DETECTION,src/tracking/advanced_tracker.py:_activate_slot,1238_103_507_356_617
S,2,1238,DETECTION,src/tracking/advanced_tracker.py:_activate_slot,1238_266_645_469_789
S,3,1238,DETECTION,src/tracking/advanced_tracker.py:_activate_slot,1238_269_816_512_969
S,4,1238,DETECTION,src/tracking/advanced_tracker.py:_activate_slot,1238_303_1393_561_1525
S,5,1238,DETECTION,src/tracking/advanced_tracker.py:_activate_slot,1238_332_1230_637_1353
S,6,1238,DETECTION,src/tracking/advanced_tracker.py:_activate_slot,1238_176_94_384_259
S,7,1238,DETECTION,src/tracking/advanced_tracker.py:_activate_slot,1238_98_409_501_615
S,8,1238,DETECTION,src/tracking/advanced_tracker.py:_activate_slot,1238_137_840_306_930
S,9,1238,DETECTION,src/tracking/advanced_tracker.py:_activate_slot,1238_183_324_335_436
S,0,1238,DETECTION,src/tracking/advanced_tracker.py:_activate_slot,1238_102_410_339_519
S,10,1238,PREDICTION,src/tracking/advanced_tracker.py:kalman_homography,
D,0,1238
S,1,1238,PREDICTION,src/tracking/advanced_tracker.py:id_merge,
D,1,1238
S,2,1238,PREDICTION,src/tracking/advanced_tracker.py:id_merge,
D,2,1238
S,3,1238,PREDICTION,src/tracking/advanced_tracker.py:id_merge,
D,6,1238
S,9,1238,PREDICTION,src/tracking/advanced_tracker.py:id_merge,
D,7,1238
S,9,1238,PREDICTION,src/tracking/advanced_tracker.py:id_merge,
L,3,1238,PREDICTION,src/tracking/advanced_tracker.py:id_merge,
R,PREDICTION,PREDICTION,1
L,4,1238,DETECTION,src/tracking/advanced_tracker.py:_activate_slot,1238_303_1393_561_1525
R,DETECTION,DETECTION,1
L,5,1238,DETECTION,src/tracking/advanced_tracker.py:_activate_slot,1238_332_1230_637_1353
R,DETECTION,DETECTION,1
L,8,1238,DETECTION,src/tracking/advanced_tracker.py:_activate_slot,1238_137_840_306_930
R,DETECTION,DETECTION,1
L,9,1238,PREDICTION,src/tracking/advanced_tracker.py:id_merge,
R,CLAMP,CLAMP,0
A,1238
S,0,1241,DETECTION,src/tracking/advanced_tracker.py:_activate_slot,1241_110_405_327_510
S,1,1241,DETECTION,src/tracking/advanced_tracker.py:_activate_slot,1241_99_507_346_604
S,2,1241,DETECTION,src/tracking/advanced_tracker.py:_activate_slot,1241_259_599_477_772
S,3,1241,DETECTION,src/tracking/advanced_tracker.py:_activate_slot,1241_146_705_511_945
S,4,1241,DETECTION,src/tracking/advanced_tracker.py:_activate_slot,1241_302_1380_557_1527
S,5,1241,DETECTION,src/tracking/advanced_tracker.py:_activate_slot,1241_339_1222_644_1363
S,6,1241,DETECTION,src/tracking/advanced_tracker.py:_activate_slot,1241_480_1680_780_1824
S,7,1241,PREDICTION,src/tracking/advanced_tracker.py:kalman_homography,
S,8,1241,PREDICTION,src/tracking/advanced_tracker.py:kalman_homography,
S,9,1241,PREDICTION,src/tracking/advanced_tracker.py:kalman_homography,
S,10,1241,PREDICTION,src/tracking/advanced_tracker.py:kalman_homography,
D,0,1241
S,1,1241,PREDICTION,src/tracking/advanced_tracker.py:id_merge,
D,1,1241
S,2,1241,PREDICTION,src/tracking/advanced_tracker.py:id_merge,
D,2,1241
S,3,1241,PREDICTION,src/tracking/advanced_tracker.py:id_merge,
L,3,1241,PREDICTION,src/tracking/advanced_tracker.py:id_merge,
R,PREDICTION,PREDICTION,1
L,4,1241,DETECTION,src/tracking/advanced_tracker.py:_activate_slot,1241_302_1380_557_1527
R,DETECTION,DETECTION,1
L,5,1241,DETECTION,src/tracking/advanced_tracker.py:_activate_slot,1241_339_1222_644_1363
R,DETECTION,DETECTION,1
L,6,1241,DETECTION,src/tracking/advanced_tracker.py:_activate_slot,1241_480_1680_780_1824
R,CLAMP,CLAMP,0
L,7,1241,PREDICTION,src/tracking/advanced_tracker.py:kalman_homography,
R,CLAMP,CLAMP,0
L,8,1241,PREDICTION,src/tracking/advanced_tracker.py:kalman_homography,
R,PREDICTION,PREDICTION,1
L,9,1241,PREDICTION,src/tracking/advanced_tracker.py:kalman_homography,
R,CLAMP,CLAMP,0
A,1241
S,0,1244,DETECTION,src/tracking/advanced_tracker.py:_activate_slot,1244_100_394_331_508
S,1,1244,DETECTION,src/tracking/advanced_tracker.py:_activate_slot,1244_97_493_344_599
S,2,1244,DETECTION,src/tracking/advanced_tracker.py:_activate_slot,1244_237_549_492_722
S,3,1244,DETECTION,src/tracking/advanced_tracker.py:_activate_slot,1244_205_675_524_888
S,4,1244,DETECTION,src/tracking/advanced_tracker.py:_activate_slot,1244_316_1422_562_1524
S,5,1244,DETECTION,src/tracking/advanced_tracker.py:_activate_slot,1244_341_1219_659_1357
S,6,1244,DETECTION,src/tracking/advanced_tracker.py:_activate_slot,1244_365_1624_782_1825
S,8,1244,DETECTION,src/tracking/advanced_tracker.py:_activate_slot,1244_123_828_293_918
S,10,1244,DETECTION,src/tracking/advanced_tracker.py:_activate_slot,1244_142_9_417_161
S,7,1244,PREDICTION,src/tracking/advanced_tracker.py:kalman_homography,
S,9,1244,PREDICTION,src/tracking/advanced_tracker.py:flow_gapfill_batched,
D,0,1244
S,1,1244,PREDICTION,src/tracking/advanced_tracker.py:id_merge,
D,1,1244
S,2,1244,PREDICTION,src/tracking/advanced_tracker.py:id_merge,
D,2,1244
S,3,1244,PREDICTION,src/tracking/advanced_tracker.py:id_merge,
D,7,1244
S,9,1244,PREDICTION,src/tracking/advanced_tracker.py:id_merge,
L,3,1244,PREDICTION,src/tracking/advanced_tracker.py:id_merge,
R,PREDICTION,PREDICTION,1
L,4,1244,DETECTION,src/tracking/advanced_tracker.py:_activate_slot,1244_316_1422_562_1524
R,DETECTION,DETECTION,1
L,5,1244,DETECTION,src/tracking/advanced_tracker.py:_activate_slot,1244_341_1219_659_1357
R,DETECTION,DETECTION,1
L,6,1244,DETECTION,src/tracking/advanced_tracker.py:_activate_slot,1244_365_1624_782_1825
R,CLAMP,CLAMP,0
L,8,1244,DETECTION,src/tracking/advanced_tracker.py:_activate_slot,1244_123_828_293_918
R,DETECTION,DETECTION,1
L,9,1244,PREDICTION,src/tracking/advanced_tracker.py:id_merge,
R,CLAMP,CLAMP,0
A,1244
S,0,1247,DETECTION,src/tracking/advanced_tracker.py:_activate_slot,1247_101_396_330_504
S,1,1247,DETECTION,src/tracking/advanced_tracker.py:_activate_slot,1247_93_490_324_595
S,2,1247,DETECTION,src/tracking/advanced_tracker.py:_activate_slot,1247_263_487_486_643
S,3,1247,DETECTION,src/tracking/advanced_tracker.py:_activate_slot,1247_260_635_521_807
S,4,1247,DETECTION,src/tracking/advanced_tracker.py:_activate_slot,1247_132_717_302_810
S,5,1247,DETECTION,src/tracking/advanced_tracker.py:_activate_slot,1247_337_1213_655_1339
S,6,1247,DETECTION,src/tracking/advanced_tracker.py:_activate_slot,1247_279_1378_567_1522
S,7,1247,PREDICTION,src/tracking/advanced_tracker.py:kalman_homography,
S,8,1247,PREDICTION,src/tracking/advanced_tracker.py:kalman_homography,
S,10,1247,PREDICTION,src/tracking/advanced_tracker.py:kalman_homography,
S,9,1247,PREDICTION,src/tracking/advanced_tracker.py:flow_gapfill_batched,
D,0,1247
S,1,1247,PREDICTION,src/tracking/advanced_tracker.py:id_merge,
D,1,1247
S,2,1247,PREDICTION,src/tracking/advanced_tracker.py:id_merge,
D,2,1247
S,3,1247,PREDICTION,src/tracking/advanced_tracker.py:id_merge,
D,5,1247
S,6,1247,PREDICTION,src/tracking/advanced_tracker.py:id_merge,
L,3,1247,PREDICTION,src/tracking/advanced_tracker.py:id_merge,
R,PREDICTION,PREDICTION,1
L,4,1247,DETECTION,src/tracking/advanced_tracker.py:_activate_slot,1247_132_717_302_810
R,CLAMP,CLAMP,0
L,6,1247,PREDICTION,src/tracking/advanced_tracker.py:id_merge,
R,CLAMP,CLAMP,0
L,7,1247,PREDICTION,src/tracking/advanced_tracker.py:kalman_homography,
R,CLAMP,CLAMP,0
L,8,1247,PREDICTION,src/tracking/advanced_tracker.py:kalman_homography,
R,PREDICTION,PREDICTION,1
L,9,1247,PREDICTION,src/tracking/advanced_tracker.py:flow_gapfill_batched,
R,CLAMP,CLAMP,0
A,1247
S,0,1250,DETECTION,src/tracking/advanced_tracker.py:_activate_slot,1250_87_390_315_504
S,1,1250,DETECTION,src/tracking/advanced_tracker.py:_activate_slot,1250_82_488_332_591
S,2,1250,DETECTION,src/tracking/advanced_tracker.py:_activate_slot,1250_238_446_482_614
S,3,1250,DETECTION,src/tracking/advanced_tracker.py:_activate_slot,1250_256_577_514_756
S,4,1250,DETECTION,src/tracking/advanced_tracker.py:_activate_slot,1250_126_296_312_414
S,5,1250,DETECTION,src/tracking/advanced_tracker.py:_activate_slot,1250_324_1207_646_1336
S,6,1250,DETECTION,src/tracking/advanced_tracker.py:_activate_slot,1250_489_1609_769_1720
S,7,1250,DETECTION,src/tracking/advanced_tracker.py:_activate_slot,1250_259_241_478_438
S,8,1250,PREDICTION,src/tracking/advanced_tracker.py:kalman_homography,
S,9,1250,PREDICTION,src/tracking/advanced_tracker.py:flow_gapfill_batched,
D,0,1250
S,1,1250,PREDICTION,src/tracking/advanced_tracker.py:id_merge,
D,1,1250
S,2,1250,PREDICTION,src/tracking/advanced_tracker.py:id_merge,
D,2,1250
S,3,1250,PREDICTION,src/tracking/advanced_tracker.py:id_merge,
D,9,1250
S,7,1250,PREDICTION,src/tracking/advanced_tracker.py:id_merge,
L,3,1250,PREDICTION,src/tracking/advanced_tracker.py:id_merge,
R,PREDICTION,PREDICTION,1
L,4,1250,DETECTION,src/tracking/advanced_tracker.py:_activate_slot,1250_126_296_312_414
R,CLAMP,CLAMP,0
L,5,1250,DETECTION,src/tracking/advanced_tracker.py:_activate_slot,1250_324_1207_646_1336
R,DETECTION,DETECTION,1
L,6,1250,DETECTION,src/tracking/advanced_tracker.py:_activate_slot,1250_489_1609_769_1720
R,CLAMP,CLAMP,0
L,7,1250,PREDICTION,src/tracking/advanced_tracker.py:id_merge,
R,CLAMP,CLAMP,0
L,8,1250,PREDICTION,src/tracking/advanced_tracker.py:kalman_homography,
R,PREDICTION,PREDICTION,1
A,1250
S,0,1253,DETECTION,src/tracking/advanced_tracker.py:_activate_slot,1253_82_393_309_510
S,1,1253,DETECTION,src/tracking/advanced_tracker.py:_activate_slot,1253_73_491_317_594
S,2,1253,DETECTION,src/tracking/advanced_tracker.py:_activate_slot,1253_241_218_477_394
S,3,1253,DETECTION,src/tracking/advanced_tracker.py:_activate_slot,1253_257_408_511_717
S,4,1253,DETECTION,src/tracking/advanced_tracker.py:_activate_slot,1253_287_1420_549_1516
S,6,1253,DETECTION,src/tracking/advanced_tracker.py:_activate_slot,1253_466_1596_763_1704
S,7,1253,DETECTION,src/tracking/advanced_tracker.py:_activate_slot,1253_108_294_309_408
S,5,1253,PREDICTION,src/tracking/advanced_tracker.py:kalman_homography,
S,8,1253,PREDICTION,src/tracking/advanced_tracker.py:kalman_homography,
S,9,1253,PREDICTION,src/tracking/advanced_tracker.py:flow_gapfill_batched,
S,10,1253,PREDICTION,src/tracking/advanced_tracker.py:flow_gapfill_batched,
D,0,1253
S,1,1253,PREDICTION,src/tracking/advanced_tracker.py:id_merge,
D,1,1253
S,3,1253,PREDICTION,src/tracking/advanced_tracker.py:id_merge,
D,8,1253
S,7,1253,PREDICTION,src/tracking/advanced_tracker.py:id_merge,
D,9,1253
S,7,1253,PREDICTION,src/tracking/advanced_tracker.py:id_merge,
L,2,1253,DETECTION,src/tracking/advanced_tracker.py:_activate_slot,1253_241_218_477_394
R,DETECTION,DETECTION,1
L,3,1253,PREDICTION,src/tracking/advanced_tracker.py:id_merge,
R,PREDICTION,PREDICTION,1
L,4,1253,DETECTION,src/tracking/advanced_tracker.py:_activate_slot,1253_287_1420_549_1516
R,DETECTION,DETECTION,1
L,5,1253,PREDICTION,src/tracking/advanced_tracker.py:kalman_homography,
R,PREDICTION,PREDICTION,1
L,6,1253,DETECTION,src/tracking/advanced_tracker.py:_activate_slot,1253_466_1596_763_1704
R,CLAMP,CLAMP,0
L,7,1253,PREDICTION,src/tracking/advanced_tracker.py:id_merge,
R,CLAMP,CLAMP,0
A,1253
S,0,1256,DETECTION,src/tracking/advanced_tracker.py:_activate_slot,1256_71_400_306_516
S,1,1256,DETECTION,src/tracking/advanced_tracker.py:_activate_slot,1256_69_497_319_597
S,2,1256,DETECTION,src/tracking/advanced_tracker.py:_activate_slot,1256_227_184_466_310
S,3,1256,DETECTION,src/tracking/advanced_tracker.py:_activate_slot,1256_259_477_511_660
S,4,1256,DETECTION,src/tracking/advanced_tracker.py:_activate_slot,1256_111_722_285_813
S,5,1256,DETECTION,src/tracking/advanced_tracker.py:_activate_slot,1256_321_1200_648_1335
S,6,1256,DETECTION,src/tracking/advanced_tracker.py:_activate_slot,1256_460_1551_759_1683
S,7,1256,DETECTION,src/tracking/advanced_tracker.py:_activate_slot,1256_84_299_304_406
S,8,1256,DETECTION,src/tracking/advanced_tracker.py:_activate_slot,1256_283_1408_541_1510
S,9,1256,PREDICTION,src/tracking/advanced_tracker.py:flow_gapfill_batched,
S,10,1256,PREDICTION,src/tracking/advanced_tracker.py:flow_gapfill_batched,
D,0,1256
S,1,1256,PREDICTION,src/tracking/advanced_tracker.py:id_merge,
D,1,1256
S,3,1256,PREDICTION,src/tracking/advanced_tracker.py:id_merge,
D,5,1256
S,8,1256,PREDICTION,src/tracking/advanced_tracker.py:id_merge,
D,9,1256
S,7,1256,PREDICTION,src/tracking/advanced_tracker.py:id_merge,
L,2,1256,DETECTION,src/tracking/advanced_tracker.py:_activate_slot,1256_227_184_466_310
R,DETECTION,DETECTION,1
L,3,1256,PREDICTION,src/tracking/advanced_tracker.py:id_merge,
R,PREDICTION,PREDICTION,1
L,4,1256,DETECTION,src/tracking/advanced_tracker.py:_activate_slot,1256_111_722_285_813
R,CLAMP,CLAMP,0
L,6,1256,DETECTION,src/tracking/advanced_tracker.py:_activate_slot,1256_460_1551_759_1683
R,CLAMP,CLAMP,0
L,7,1256,PREDICTION,src/tracking/advanced_tracker.py:id_merge,
R,CLAMP,CLAMP,0
L,8,1256,PREDICTION,src/tracking/advanced_tracker.py:id_merge,
R,CLAMP,CLAMP,0
A,1256
S,0,1259,DETECTION,src/tracking/advanced_tracker.py:_activate_slot,1259_68_405_305_526
S,1,1259,DETECTION,src/tracking/advanced_tracker.py:_activate_slot,1259_56_501_309_603
S,2,1259,DETECTION,src/tracking/advanced_tracker.py:_activate_slot,1259_212_149_450_301
S,3,1259,DETECTION,src/tracking/advanced_tracker.py:_activate_slot,1259_253_435_496_570
S,4,1259,DETECTION,src/tracking/advanced_tracker.py:_activate_slot,1259_180_99_450_304
S,6,1259,DETECTION,src/tracking/advanced_tracker.py:_activate_slot,1259_456_1506_746_1686
S,7,1259,DETECTION,src/tracking/advanced_tracker.py:_activate_slot,1259_74_303_297_419
S,8,1259,DETECTION,src/tracking/advanced_tracker.py:_activate_slot,1259_274_1399_532_1513
S,5,1259,PREDICTION,src/tracking/advanced_tracker.py:kalman_homography,
S,9,1259,PREDICTION,src/tracking/advanced_tracker.py:flow_gapfill_batched,
S,10,1259,PREDICTION,src/tracking/advanced_tracker.py:flow_gapfill_batched,
D,0,1259
S,1,1259,PREDICTION,src/tracking/advanced_tracker.py:id_merge,
D,1,1259
S,3,1259,PREDICTION,src/tracking/advanced_tracker.py:id_merge,
D,2,1259
S,4,1259,PREDICTION,src/tracking/advanced_tracker.py:id_merge,
D,5,1259
S,8,1259,PREDICTION,src/tracking/advanced_tracker.py:id_merge,
D,9,1259
S,7,1259,PREDICTION,src/tracking/advanced_tracker.py:id_merge,
L,3,1259,PREDICTION,src/tracking/advanced_tracker.py:id_merge,
R,PREDICTION,PREDICTION,1
L,4,1259,PREDICTION,src/tracking/advanced_tracker.py:id_merge,
R,CLAMP,CLAMP,0
L,6,1259,DETECTION,src/tracking/advanced_tracker.py:_activate_slot,1259_456_1506_746_1686
R,CLAMP,CLAMP,0
L,7,1259,PREDICTION,src/tracking/advanced_tracker.py:id_merge,
R,CLAMP,CLAMP,0
L,8,1259,PREDICTION,src/tracking/advanced_tracker.py:id_merge,
R,CLAMP,CLAMP,0
A,1259
S,0,1262,DETECTION,src/tracking/advanced_tracker.py:_activate_slot,1262_54_417_291_529
S,1,1262,DETECTION,src/tracking/advanced_tracker.py:_activate_slot,1262_52_514_293_613
S,2,1262,DETECTION,src/tracking/advanced_tracker.py:_activate_slot,1262_167_99_428_290
S,3,1262,DETECTION,src/tracking/advanced_tracker.py:_activate_slot,1262_241_385_486_561
S,4,1262,DETECTION,src/tracking/advanced_tracker.py:_activate_slot,1262_249_275_473_422
S,5,1262,DETECTION,src/tracking/advanced_tracker.py:_activate_slot,1262_322_1180_642_1347
S,6,1262,DETECTION,src/tracking/advanced_tracker.py:_activate_slot,1262_443_1497_734_1680
S,7,1262,DETECTION,src/tracking/advanced_tracker.py:_activate_slot,1262_53_299_275_428
S,8,1262,DETECTION,src/tracking/advanced_tracker.py:_activate_slot,1262_246_1386_513_1518
S,9,1262,DETECTION,src/tracking/advanced_tracker.py:_activate_slot,1262_790_1611_901_1749
S,10,1262,PREDICTION,src/tracking/advanced_tracker.py:flow_gapfill_batched,
D,0,1262
S,1,1262,PREDICTION,src/tracking/advanced_tracker.py:id_merge,
D,1,1262
S,3,1262,PREDICTION,src/tracking/advanced_tracker.py:id_merge,
D,2,1262
S,4,1262,PREDICTION,src/tracking/advanced_tracker.py:id_merge,
D,3,1262
S,4,1262,PREDICTION,src/tracking/advanced_tracker.py:id_merge,
D,5,1262
S,8,1262,PREDICTION,src/tracking/advanced_tracker.py:id_merge,
D,6,1262
S,9,1262,PREDICTION,src/tracking/advanced_tracker.py:id_merge,
L,4,1262,PREDICTION,src/tracking/advanced_tracker.py:id_merge,
R,CLAMP,CLAMP,0
L,7,1262,DETECTION,src/tracking/advanced_tracker.py:_activate_slot,1262_53_299_275_428
R,CLAMP,CLAMP,0
L,8,1262,PREDICTION,src/tracking/advanced_tracker.py:id_merge,
R,CLAMP,CLAMP,0
L,9,1262,PREDICTION,src/tracking/advanced_tracker.py:id_merge,
R,PREDICTION,PREDICTION,1
A,1262
S,0,1265,DETECTION,src/tracking/advanced_tracker.py:_activate_slot,1265_55_428_283_545
S,1,1265,DETECTION,src/tracking/advanced_tracker.py:_activate_slot,1265_34_526_288_628
S,2,1265,DETECTION,src/tracking/advanced_tracker.py:_activate_slot,1265_178_97_410_214
S,3,1265,DETECTION,src/tracking/advanced_tracker.py:_activate_slot,1265_217_329_489_537
S,4,1265,DETECTION,src/tracking/advanced_tracker.py:_activate_slot,1265_229_205_485_394
S,6,1265,DETECTION,src/tracking/advanced_tracker.py:_activate_slot,1265_435_1489_717_1654
S,9,1265,DETECTION,src/tracking/advanced_tracker.py:_activate_slot,1265_771_1605_900_1767
S,5,1265,PREDICTION,src/tracking/advanced_tracker.py:kalman_homography,
S,7,1265,PREDICTION,src/tracking/advanced_tracker.py:kalman_homography,
S,8,1265,PREDICTION,src/tracking/advanced_tracker.py:kalman_homography,
S,10,1265,PREDICTION,src/tracking/advanced_tracker.py:flow_gapfill_batched,
D,0,1265
S,1,1265,PREDICTION,src/tracking/advanced_tracker.py:id_merge,
D,2,1265
S,4,1265,PREDICTION,src/tracking/advanced_tracker.py:id_merge,
D,3,1265
S,4,1265,PREDICTION,src/tracking/advanced_tracker.py:id_merge,
D,8,1265
S,6,1265,PREDICTION,src/tracking/advanced_tracker.py:id_merge,
D,6,1265
S,9,1265,PREDICTION,src/tracking/advanced_tracker.py:id_merge,
L,1,1265,PREDICTION,src/tracking/advanced_tracker.py:id_merge,
R,PREDICTION,PREDICTION,1
L,4,1265,PREDICTION,src/tracking/advanced_tracker.py:id_merge,
R,CLAMP,CLAMP,0
L,5,1265,PREDICTION,src/tracking/advanced_tracker.py:kalman_homography,
R,PREDICTION,PREDICTION,1
L,7,1265,PREDICTION,src/tracking/advanced_tracker.py:kalman_homography,
R,CLAMP,CLAMP,0
L,9,1265,PREDICTION,src/tracking/advanced_tracker.py:id_merge,
R,PREDICTION,PREDICTION,1
A,1265
S,0,1268,DETECTION,src/tracking/advanced_tracker.py:_activate_slot,1268_47_450_250_562
S,1,1268,DETECTION,src/tracking/advanced_tracker.py:_activate_slot,1268_37_551_267_650
S,2,1268,DETECTION,src/tracking/advanced_tracker.py:_activate_slot,1268_193_72_403_208
S,3,1268,DETECTION,src/tracking/advanced_tracker.py:_activate_slot,1268_225_314_482_492
S,4,1268,DETECTION,src/tracking/advanced_tracker.py:_activate_slot,1268_226_209_473_333
S,5,1268,DETECTION,src/tracking/advanced_tracker.py:_activate_slot,1268_294_1187_611_1316
S,6,1268,DETECTION,src/tracking/advanced_tracker.py:_activate_slot,1268_416_1499_702_1608
S,8,1268,DETECTION,src/tracking/advanced_tracker.py:_activate_slot,1268_218_1392_434_1491
S,9,1268,DETECTION,src/tracking/advanced_tracker.py:_activate_slot,1268_754_1602_898_1782
S,7,1268,DETECTION,src/tracking/advanced_tracker.py:_activate_slot,1268_34_338_253_462
S,10,1268,PREDICTION,src/tracking/advanced_tracker.py:flow_gapfill_batched,
D,0,1268
S,1,1268,PREDICTION,src/tracking/advanced_tracker.py:id_merge,
D,2,1268
S,4,1268,PREDICTION,src/tracking/advanced_tracker.py:id_merge,
D,3,1268
S,4,1268,PREDICTION,src/tracking/advanced_tracker.py:id_merge,
D,6,1268
S,9,1268,PREDICTION,src/tracking/advanced_tracker.py:id_merge,
L,1,1268,PREDICTION,src/tracking/advanced_tracker.py:id_merge,
R,PREDICTION,PREDICTION,1
L,4,1268,PREDICTION,src/tracking/advanced_tracker.py:id_merge,
R,CLAMP,CLAMP,0
L,5,1268,DETECTION,src/tracking/advanced_tracker.py:_activate_slot,1268_294_1187_611_1316
R,DETECTION,DETECTION,1
L,7,1268,DETECTION,src/tracking/advanced_tracker.py:_activate_slot,1268_34_338_253_462
R,CLAMP,CLAMP,0
L,8,1268,DETECTION,src/tracking/advanced_tracker.py:_activate_slot,1268_218_1392_434_1491
R,CLAMP,CLAMP,0
L,9,1268,PREDICTION,src/tracking/advanced_tracker.py:id_merge,
R,PREDICTION,PREDICTION,1
A,1268
S,0,1271,DETECTION,src/tracking/advanced_tracker.py:_activate_slot,1271_36_462_261_591
S,1,1271,DETECTION,src/tracking/advanced_tracker.py:_activate_slot,1271_33_579_264_679
S,2,1271,DETECTION,src/tracking/advanced_tracker.py:_activate_slot,1271_180_61_391_211
S,3,1271,DETECTION,src/tracking/advanced_tracker.py:_activate_slot,1271_217_287_477_429
S,4,1271,DETECTION,src/tracking/advanced_tracker.py:_activate_slot,1271_216_177_463_335
S,5,1271,DETECTION,src/tracking/advanced_tracker.py:_activate_slot,1271_288_1194_599_1308
S,6,1271,DETECTION,src/tracking/advanced_tracker.py:_activate_slot,1271_407_1478_692_1623
S,7,1271,DETECTION,src/tracking/advanced_tracker.py:_activate_slot,1271_21_370_250_490
S,8,1271,DETECTION,src/tracking/advanced_tracker.py:_activate_slot,1271_208_1407_457_1518
S,9,1271,DETECTION,src/tracking/advanced_tracker.py:_activate_slot,1271_786_1273_899_1408
D,0,1271
S,1,1271,PREDICTION,src/tracking/advanced_tracker.py:id_merge,
D,2,1271
S,3,1271,PREDICTION,src/tracking/advanced_tracker.py:id_merge,
D,3,1271
S,4,1271,PREDICTION,src/tracking/advanced_tracker.py:id_merge,
L,1,1271,PREDICTION,src/tracking/advanced_tracker.py:id_merge,
R,PREDICTION,PREDICTION,1
L,4,1271,PREDICTION,src/tracking/advanced_tracker.py:id_merge,
R,CLAMP,CLAMP,0
L,5,1271,DETECTION,src/tracking/advanced_tracker.py:_activate_slot,1271_288_1194_599_1308
R,DETECTION,DETECTION,1
L,6,1271,DETECTION,src/tracking/advanced_tracker.py:_activate_slot,1271_407_1478_692_1623
R,CLAMP,CLAMP,0
L,7,1271,DETECTION,src/tracking/advanced_tracker.py:_activate_slot,1271_21_370_250_490
R,CLAMP,CLAMP,0
L,8,1271,DETECTION,src/tracking/advanced_tracker.py:_activate_slot,1271_208_1407_457_1518
R,CLAMP,CLAMP,0
L,9,1271,DETECTION,src/tracking/advanced_tracker.py:_activate_slot,1271_786_1273_899_1408
R,DETECTION,DETECTION,1
A,1271
S,0,1274,DETECTION,src/tracking/advanced_tracker.py:_activate_slot,1274_17_409_251_528
S,1,1274,DETECTION,src/tracking/advanced_tracker.py:_activate_slot,1274_19_608_252_708
S,2,1274,DETECTION,src/tracking/advanced_tracker.py:_activate_slot,1274_156_40_381_201
S,3,1274,DETECTION,src/tracking/advanced_tracker.py:_activate_slot,1274_215_282_479_445
S,4,1274,DETECTION,src/tracking/advanced_tracker.py:_activate_slot,1274_214_156_462_279
S,6,1274,DETECTION,src/tracking/advanced_tracker.py:_activate_slot,1274_710_1770_861_1902
S,8,1274,DETECTION,src/tracking/advanced_tracker.py:_activate_slot,1274_200_1413_438_1548
S,9,1274,DETECTION,src/tracking/advanced_tracker.py:_activate_slot,1274_778_1290_897_1436
S,5,1274,PREDICTION,src/tracking/advanced_tracker.py:kalman_homography,
S,7,1274,PREDICTION,src/tracking/advanced_tracker.py:kalman_homography,
D,0,1274
S,1,1274,PREDICTION,src/tracking/advanced_tracker.py:id_merge,
D,2,1274
S,4,1274,PREDICTION,src/tracking/advanced_tracker.py:id_merge,
D,3,1274
S,4,1274,PREDICTION,src/tracking/advanced_tracker.py:id_merge,
L,1,1274,PREDICTION,src/tracking/advanced_tracker.py:id_merge,
R,PREDICTION,PREDICTION,1
L,4,1274,PREDICTION,src/tracking/advanced_tracker.py:id_merge,
R,CLAMP,CLAMP,0
L,5,1274,PREDICTION,src/tracking/advanced_tracker.py:kalman_homography,
R,PREDICTION,PREDICTION,1
L,6,1274,DETECTION,src/tracking/advanced_tracker.py:_activate_slot,1274_710_1770_861_1902
R,CLAMP,CLAMP,0
L,7,1274,PREDICTION,src/tracking/advanced_tracker.py:kalman_homography,
R,CLAMP,CLAMP,0
L,8,1274,DETECTION,src/tracking/advanced_tracker.py:_activate_slot,1274_200_1413_438_1548
R,CLAMP,CLAMP,0
L,9,1274,DETECTION,src/tracking/advanced_tracker.py:_activate_slot,1274_778_1290_897_1436
R,DETECTION,DETECTION,1
A,1274
S,0,1277,DETECTION,src/tracking/advanced_tracker.py:_activate_slot,1277_397_1494_688_1665
S,1,1277,DETECTION,src/tracking/advanced_tracker.py:_activate_slot,1277_8_648_250_747
S,2,1277,DETECTION,src/tracking/advanced_tracker.py:_activate_slot,1277_164_66_386_160
S,3,1277,DETECTION,src/tracking/advanced_tracker.py:_activate_slot,1277_218_264_455_388
S,4,1277,DETECTION,src/tracking/advanced_tracker.py:_activate_slot,1277_294_1170_591_1368
S,5,1277,DETECTION,src/tracking/advanced_tracker.py:_activate_slot,1277_25_528_257_638
S,6,1277,DETECTION,src/tracking/advanced_tracker.py:_activate_slot,1277_705_1797_858_1935
S,7,1277,DETECTION,src/tracking/advanced_tracker.py:_activate_slot,1277_14_450_243_557
S,8,1277,DETECTION,src/tracking/advanced_tracker.py:_activate_slot,1277_731_1686_873_1863
S,9,1277,DETECTION,src/tracking/advanced_tracker.py:_activate_slot,1277_771_1321_898_1464
D,2,1277
S,3,1277,PREDICTION,src/tracking/advanced_tracker.py:id_merge,
D,5,1277
S,7,1277,PREDICTION,src/tracking/advanced_tracker.py:id_merge,
D,6,1277
S,8,1277,PREDICTION,src/tracking/advanced_tracker.py:id_merge,
L,0,1277,DETECTION,src/tracking/advanced_tracker.py:_activate_slot,1277_397_1494_688_1665
R,CLAMP,CLAMP,0
L,1,1277,DETECTION,src/tracking/advanced_tracker.py:_activate_slot,1277_8_648_250_747
R,DETECTION,DETECTION,1
L,3,1277,PREDICTION,src/tracking/advanced_tracker.py:id_merge,
R,PREDICTION,PREDICTION,1
L,4,1277,DETECTION,src/tracking/advanced_tracker.py:_activate_slot,1277_294_1170_591_1368
R,DETECTION,DETECTION,1
L,7,1277,PREDICTION,src/tracking/advanced_tracker.py:id_merge,
R,CLAMP,CLAMP,0
L,8,1277,PREDICTION,src/tracking/advanced_tracker.py:id_merge,
R,CLAMP,CLAMP,0
L,9,1277,DETECTION,src/tracking/advanced_tracker.py:_activate_slot,1277_771_1321_898_1464
R,DETECTION,DETECTION,1
A,1277
S,0,1280,DETECTION,src/tracking/advanced_tracker.py:_activate_slot,1280_760_1092_898_1219
S,1,1280,DETECTION,src/tracking/advanced_tracker.py:_activate_slot,1280_7_683_252_782
S,2,1280,DETECTION,src/tracking/advanced_tracker.py:_activate_slot,1280_229_124_471_274
S,3,1280,DETECTION,src/tracking/advanced_tracker.py:_activate_slot,1280_238_256_472_400
S,4,1280,DETECTION,src/tracking/advanced_tracker.py:_activate_slot,1280_292_1197_586_1392
S,7,1280,DETECTION,src/tracking/advanced_tracker.py:_activate_slot,1280_21_565_255_668
S,9,1280,DETECTION,src/tracking/advanced_tracker.py:_activate_slot,1280_766_1354_898_1495
S,5,1280,PREDICTION,src/tracking/advanced_tracker.py:kalman_homography,
S,8,1280,PREDICTION,src/tracking/advanced_tracker.py:kalman_homography,
S,6,1280,PREDICTION,src/tracking/advanced_tracker.py:flow_gapfill_batched,
D,2,1280
S,3,1280,PREDICTION,src/tracking/advanced_tracker.py:id_merge,
D,5,1280
S,7,1280,PREDICTION,src/tracking/advanced_tracker.py:id_merge,
D,6,1280
S,8,1280,PREDICTION,src/tracking/advanced_tracker.py:id_merge,
L,0,1280,DETECTION,src/tracking/advanced_tracker.py:_activate_slot,1280_760_1092_898_1219
R,CLAMP,CLAMP,0
L,1,1280,DETECTION,src/tracking/advanced_tracker.py:_activate_slot,1280_7_683_252_782
R,DETECTION,DETECTION,1
L,3,1280,PREDICTION,src/tracking/advanced_tracker.py:id_merge,
R,PREDICTION,PREDICTION,1
L,4,1280,DETECTION,src/tracking/advanced_tracker.py:_activate_slot,1280_292_1197_586_1392
R,DETECTION,DETECTION,1
L,7,1280,PREDICTION,src/tracking/advanced_tracker.py:id_merge,
R,CLAMP,CLAMP,0
L,8,1280,PREDICTION,src/tracking/advanced_tracker.py:id_merge,
R,CLAMP,CLAMP,0
L,9,1280,DETECTION,src/tracking/advanced_tracker.py:_activate_slot,1280_766_1354_898_1495
R,DETECTION,DETECTION,1
A,1280
S,0,1283,DETECTION,src/tracking/advanced_tracker.py:_activate_slot,1283_759_1126_901_1252
S,1,1283,DETECTION,src/tracking/advanced_tracker.py:_activate_slot,1283_4_717_254_819
S,2,1283,DETECTION,src/tracking/advanced_tracker.py:_activate_slot,1283_225_100_476_253
S,3,1283,DETECTION,src/tracking/advanced_tracker.py:_activate_slot,1283_232_239_463_369
S,4,1283,DETECTION,src/tracking/advanced_tracker.py:_activate_slot,1283_292_1225_583_1384
S,6,1283,DETECTION,src/tracking/advanced_tracker.py:_activate_slot,1283_14_524_245_626
S,7,1283,DETECTION,src/tracking/advanced_tracker.py:_activate_slot,1283_25_588_259_702
S,8,1283,CLAMP,src/tracking/advanced_tracker.py:_activate_slot,1283_51_222_138_314
S,9,1283,DETECTION,src/tracking/advanced_tracker.py:_activate_slot,1283_762_1383_899_1533
S,5,1283,PREDICTION,src/tracking/advanced_tracker.py:kalman_homography,
D,2,1283
S,3,1283,PREDICTION,src/tracking/advanced_tracker.py:id_merge,
D,6,1283
S,7,1283,PREDICTION,src/tracking/advanced_tracker.py:id_merge,
L,0,1283,DETECTION,src/tracking/advanced_tracker.py:_activate_slot,1283_759_1126_901_1252
R,CLAMP,CLAMP,0
L,1,1283,DETECTION,src/tracking/advanced_tracker.py:_activate_slot,1283_4_717_254_819
R,DETECTION,DETECTION,1
L,3,1283,PREDICTION,src/tracking/advanced_tracker.py:id_merge,
R,PREDICTION,PREDICTION,1
L,4,1283,DETECTION,src/tracking/advanced_tracker.py:_activate_slot,1283_292_1225_583_1384
R,DETECTION,DETECTION,1
L,5,1283,PREDICTION,src/tracking/advanced_tracker.py:kalman_homography,
R,CLAMP,CLAMP,0
L,7,1283,PREDICTION,src/tracking/advanced_tracker.py:id_merge,
R,CLAMP,CLAMP,0
L,8,1283,CLAMP,src/tracking/advanced_tracker.py:_activate_slot,1283_51_222_138_314
R,CLAMP,CLAMP,0
L,9,1283,DETECTION,src/tracking/advanced_tracker.py:_activate_slot,1283_762_1383_899_1533
R,DETECTION,DETECTION,1
A,1283
S,0,1286,DETECTION,src/tracking/advanced_tracker.py:_activate_slot,1286_756_1155_902_1283
S,1,1286,DETECTION,src/tracking/advanced_tracker.py:_activate_slot,1286_17_748_256_850
S,2,1286,DETECTION,src/tracking/advanced_tracker.py:_activate_slot,1286_253_93_484_234
S,3,1286,DETECTION,src/tracking/advanced_tracker.py:_activate_slot,1286_230_218_474_402
S,4,1286,DETECTION,src/tracking/advanced_tracker.py:_activate_slot,1286_414_1494_693_1659
S,5,1286,DETECTION,src/tracking/advanced_tracker.py:_activate_slot,1286_207_1474_447_1561
S,6,1286,DETECTION,src/tracking/advanced_tracker.py:_activate_slot,1286_28_550_249_660
S,7,1286,DETECTION,src/tracking/advanced_tracker.py:_activate_slot,1286_30_631_260_736
S,8,1286,CLAMP,src/tracking/advanced_tracker.py:_activate_slot,1286_131_40_364_168
S,9,1286,DETECTION,src/tracking/advanced_tracker.py:_activate_slot,1286_764_1416_900_1557
D,2,1286
S,3,1286,PREDICTION,src/tracking/advanced_tracker.py:id_merge,
D,6,1286
S,7,1286,PREDICTION,src/tracking/advanced_tracker.py:id_merge,
L,0,1286,DETECTION,src/tracking/advanced_tracker.py:_activate_slot,1286_756_1155_902_1283
R,CLAMP,CLAMP,0
L,1,1286,DETECTION,src/tracking/advanced_tracker.py:_activate_slot,1286_17_748_256_850
R,DETECTION,DETECTION,1
L,3,1286,PREDICTION,src/tracking/advanced_tracker.py:id_merge,
R,PREDICTION,PREDICTION,1
L,4,1286,DETECTION,src/tracking/advanced_tracker.py:_activate_slot,1286_414_1494_693_1659
R,DETECTION,DETECTION,1
L,5,1286,DETECTION,src/tracking/advanced_tracker.py:_activate_slot,1286_207_1474_447_1561
R,DETECTION,DETECTION,1
L,7,1286,PREDICTION,src/tracking/advanced_tracker.py:id_merge,
R,CLAMP,CLAMP,0
L,8,1286,CLAMP,src/tracking/advanced_tracker.py:_activate_slot,1286_131_40_364_168
R,CLAMP,CLAMP,0
L,9,1286,DETECTION,src/tracking/advanced_tracker.py:_activate_slot,1286_764_1416_900_1557
R,DETECTION,DETECTION,1
A,1286
S,0,1289,DETECTION,src/tracking/advanced_tracker.py:_activate_slot,1289_243_202_483_394
S,1,1289,DETECTION,src/tracking/advanced_tracker.py:_activate_slot,1289_25_784_260_886
S,2,1289,DETECTION,src/tracking/advanced_tracker.py:_activate_slot,1289_260_71_481_220
S,3,1289,DETECTION,src/tracking/advanced_tracker.py:_activate_slot,1289_239_202_485_330
S,4,1289,DETECTION,src/tracking/advanced_tracker.py:_activate_slot,1289_416_1510_701_1678
S,6,1289,DETECTION,src/tracking/advanced_tracker.py:_activate_slot,1289_34_579_252_684
S,7,1289,DETECTION,src/tracking/advanced_tracker.py:_activate_slot,1289_37_642_263_766
S,8,1289,DETECTION,src/tracking/advanced_tracker.py:_activate_slot,1289_756_1191_897_1312
S,9,1289,DETECTION,src/tracking/advanced_tracker.py:_activate_slot,1289_762_1447_900_1582
S,5,1289,PREDICTION,src/tracking/advanced_tracker.py:kalman_homography,
D,0,1289
S,2,1289,PREDICTION,src/tracking/advanced_tracker.py:id_merge,
D,2,1289
S,3,1289,PREDICTION,src/tracking/advanced_tracker.py:id_merge,
D,6,1289
S,7,1289,PREDICTION,src/tracking/advanced_tracker.py:id_merge,
D,8,1289
S,9,1289,PREDICTION,src/tracking/advanced_tracker.py:id_merge,
L,1,1289,DETECTION,src/tracking/advanced_tracker.py:_activate_slot,1289_25_784_260_886
R,DETECTION,DETECTION,1
L,3,1289,PREDICTION,src/tracking/advanced_tracker.py:id_merge,
R,PREDICTION,PREDICTION,1
L,4,1289,DETECTION,src/tracking/advanced_tracker.py:_activate_slot,1289_416_1510_701_1678
R,DETECTION,DETECTION,1
L,5,1289,PREDICTION,src/tracking/advanced_tracker.py:kalman_homography,
R,PREDICTION,PREDICTION,1
L,7,1289,PREDICTION,src/tracking/advanced_tracker.py:id_merge,
R,CLAMP,CLAMP,0
L,9,1289,PREDICTION,src/tracking/advanced_tracker.py:id_merge,
R,PREDICTION,PREDICTION,1
A,1289
S,0,1292,DETECTION,src/tracking/advanced_tracker.py:_activate_slot,1292_257_185_487_357
S,1,1292,DETECTION,src/tracking/advanced_tracker.py:_activate_slot,1292_27_816_259_921
S,2,1292,DETECTION,src/tracking/advanced_tracker.py:_activate_slot,1292_264_53_480_209
S,3,1292,DETECTION,src/tracking/advanced_tracker.py:_activate_slot,1292_259_185_484_316
S,4,1292,DETECTION,src/tracking/advanced_tracker.py:_activate_slot,1292_403_1533_700_1671
S,5,1292,CLAMP,src/tracking/advanced_tracker.py:_activate_slot,1292_134_70_309_167
S,6,1292,DETECTION,src/tracking/advanced_tracker.py:_activate_slot,1292_35_608_260_717
S,7,1292,DETECTION,src/tracking/advanced_tracker.py:_activate_slot,1292_34_676_264_798
S,8,1292,DETECTION,src/tracking/advanced_tracker.py:_activate_slot,1292_760_1472_898_1617
S,9,1292,DETECTION,src/tracking/advanced_tracker.py:_activate_slot,1292_208_1446_442_1588
D,0,1292
S,2,1292,PREDICTION,src/tracking/advanced_tracker.py:id_merge,
D,2,1292
S,3,1292,PREDICTION,src/tracking/advanced_tracker.py:id_merge,
D,5,1292
S,9,1292,PREDICTION,src/tracking/advanced_tracker.py:id_merge,
D,6,1292
S,7,1292,PREDICTION,src/tracking/advanced_tracker.py:id_merge,
L,1,1292,DETECTION,src/tracking/advanced_tracker.py:_activate_slot,1292_27_816_259_921
R,DETECTION,DETECTION,1
L,3,1292,PREDICTION,src/tracking/advanced_tracker.py:id_merge,
R,PREDICTION,PREDICTION,1
L,4,1292,DETECTION,src/tracking/advanced_tracker.py:_activate_slot,1292_403_1533_700_1671
R,DETECTION,DETECTION,1
L,7,1292,PREDICTION,src/tracking/advanced_tracker.py:id_merge,
R,CLAMP,CLAMP,0
L,8,1292,DETECTION,src/tracking/advanced_tracker.py:_activate_slot,1292_760_1472_898_1617
R,CLAMP,CLAMP,0
L,9,1292,PREDICTION,src/tracking/advanced_tracker.py:id_merge,
R,PREDICTION,PREDICTION,1
A,1292
S,0,1295,DETECTION,src/tracking/advanced_tracker.py:_activate_slot,1295_799_903_901_1049
S,1,1295,DETECTION,src/tracking/advanced_tracker.py:_activate_slot,1295_31_847_258_952
S,2,1295,DETECTION,src/tracking/advanced_tracker.py:_activate_slot,1295_262_35_490_158
S,3,1295,DETECTION,src/tracking/advanced_tracker.py:_activate_slot,1295_248_188_486_312
S,4,1295,DETECTION,src/tracking/advanced_tracker.py:_activate_slot,1295_412_1554_700_1650
S,5,1295,DETECTION,src/tracking/advanced_tracker.py:_activate_slot,1295_38_722_263_828
S,7,1295,DETECTION,src/tracking/advanced_tracker.py:_activate_slot,1295_40_640_259_751
S,8,1295,CLAMP,src/tracking/advanced_tracker.py:_activate_slot,1295_148_72_366_214
S,9,1295,DETECTION,src/tracking/advanced_tracker.py:_activate_slot,1295_757_1500_900_1653
S,6,1295,PREDICTION,src/tracking/advanced_tracker.py:kalman_homography,
D,2,1295
S,3,1295,PREDICTION,src/tracking/advanced_tracker.py:id_merge,
D,5,1295
S,7,1295,PREDICTION,src/tracking/advanced_tracker.py:id_merge,
D,6,1295
S,7,1295,PREDICTION,src/tracking/advanced_tracker.py:id_merge,
D,8,1295
S,9,1295,PREDICTION,src/tracking/advanced_tracker.py:id_merge,
L,0,1295,DETECTION,src/tracking/advanced_tracker.py:_activate_slot,1295_799_903_901_1049
R,CLAMP,CLAMP,0
L,1,1295,DETECTION,src/tracking/advanced_tracker.py:_activate_slot,1295_31_847_258_952
R,DETECTION,DETECTION,1
L,3,1295,PREDICTION,src/tracking/advanced_tracker.py:id_merge,
R,PREDICTION,PREDICTION,1
L,4,1295,DETECTION,src/tracking/advanced_tracker.py:_activate_slot,1295_412_1554_700_1650
R,DETECTION,SUBPIXEL,0
L,7,1295,PREDICTION,src/tracking/advanced_tracker.py:id_merge,
R,CLAMP,CLAMP,0
L,9,1295,PREDICTION,src/tracking/advanced_tracker.py:id_merge,
R,PREDICTION,PREDICTION,1
A,1295
S,0,1298,DETECTION,src/tracking/advanced_tracker.py:_activate_slot,1298_323_1230_603_1407
S,1,1298,DETECTION,src/tracking/advanced_tracker.py:_activate_slot,1298_152_85_346_173
S,2,1298,DETECTION,src/tracking/advanced_tracker.py:_activate_slot,1298_274_17_499_134
S,3,1298,DETECTION,src/tracking/advanced_tracker.py:_activate_slot,1298_253_180_486_309
S,4,1298,DETECTION,src/tracking/advanced_tracker.py:_activate_slot,1298_418_1528_698_1672
S,5,1298,DETECTION,src/tracking/advanced_tracker.py:_activate_slot,1298_41_885_257_984
S,6,1298,DETECTION,src/tracking/advanced_tracker.py:_activate_slot,1298_38_746_263_860
S,7,1298,DETECTION,src/tracking/advanced_tracker.py:_activate_slot,1298_40_672_256_774
S,8,1298,CLAMP,src/tracking/advanced_tracker.py:_activate_slot,1298_147_84_349_211
S,9,1298,DETECTION,src/tracking/advanced_tracker.py:_activate_slot,1298_757_1528_892_1678
D,1,1298
S,2,1298,PREDICTION,src/tracking/advanced_tracker.py:id_merge,
D,2,1298
S,3,1298,PREDICTION,src/tracking/advanced_tracker.py:id_merge,
D,5,1298
S,6,1298,PREDICTION,src/tracking/advanced_tracker.py:id_merge,
D,6,1298
S,7,1298,PREDICTION,src/tracking/advanced_tracker.py:id_merge,
D,8,1298
S,9,1298,PREDICTION,src/tracking/advanced_tracker.py:id_merge,
L,0,1298,DETECTION,src/tracking/advanced_tracker.py:_activate_slot,1298_323_1230_603_1407
R,CLAMP,CLAMP,0
L,3,1298,PREDICTION,src/tracking/advanced_tracker.py:id_merge,
R,PREDICTION,PREDICTION,1
L,4,1298,DETECTION,src/tracking/advanced_tracker.py:_activate_slot,1298_418_1528_698_1672
R,DETECTION,DETECTION,1
L,7,1298,PREDICTION,src/tracking/advanced_tracker.py:id_merge,
R,CLAMP,CLAMP,0
L,9,1298,PREDICTION,src/tracking/advanced_tracker.py:id_merge,
R,PREDICTION,PREDICTION,1
A,1298
S,0,1301,DETECTION,src/tracking/advanced_tracker.py:_activate_slot,1301_320_1221_600_1368
S,1,1301,DETECTION,src/tracking/advanced_tracker.py:_activate_slot,1301_789_960_903_1113
S,2,1301,DETECTION,src/tracking/advanced_tracker.py:_activate_slot,1301_278_5_487_115
S,3,1301,DETECTION,src/tracking/advanced_tracker.py:_activate_slot,1301_266_173_475_304
S,4,1301,DETECTION,src/tracking/advanced_tracker.py:_activate_slot,1301_427_1517_699_1704
S,5,1301,DETECTION,src/tracking/advanced_tracker.py:_activate_slot,1301_198_1509_449_1605
S,6,1301,DETECTION,src/tracking/advanced_tracker.py:_activate_slot,1301_43_780_258_885
S,7,1301,DETECTION,src/tracking/advanced_tracker.py:_activate_slot,1301_37_702_261_799
S,8,1301,CLAMP,src/tracking/advanced_tracker.py:_activate_slot,1301_148_79_365_175
S,9,1301,DETECTION,src/tracking/advanced_tracker.py:_activate_slot,1301_755_1557_897_1701
D,2,1301
S,3,1301,PREDICTION,src/tracking/advanced_tracker.py:id_merge,
D,6,1301
S,7,1301,PREDICTION,src/tracking/advanced_tracker.py:id_merge,
D,8,1301
S,9,1301,PREDICTION,src/tracking/advanced_tracker.py:id_merge,
L,0,1301,DETECTION,src/tracking/advanced_tracker.py:_activate_slot,1301_320_1221_600_1368
R,CLAMP,CLAMP,0
L,1,1301,DETECTION,src/tracking/advanced_tracker.py:_activate_slot,1301_789_960_903_1113
R,CLAMP,CLAMP,0
L,3,1301,PREDICTION,src/tracking/advanced_tracker.py:id_merge,
R,PREDICTION,PREDICTION,1
L,4,1301,DETECTION,src/tracking/advanced_tracker.py:_activate_slot,1301_427_1517_699_1704
R,DETECTION,DETECTION,1
L,5,1301,DETECTION,src/tracking/advanced_tracker.py:_activate_slot,1301_198_1509_449_1605
R,DETECTION,DETECTION,1
L,7,1301,PREDICTION,src/tracking/advanced_tracker.py:id_merge,
R,CLAMP,CLAMP,0
L,9,1301,PREDICTION,src/tracking/advanced_tracker.py:id_merge,
R,PREDICTION,PREDICTION,1
A,1301
S,0,1304,DETECTION,src/tracking/advanced_tracker.py:_activate_slot,1304_307_1207_595_1390
S,1,1304,DETECTION,src/tracking/advanced_tracker.py:_activate_slot,1304_799_844_904_967
S,2,1304,DETECTION,src/tracking/advanced_tracker.py:_activate_slot,1304_273_-15_488_127
S,3,1304,DETECTION,src/tracking/advanced_tracker.py:_activate_slot,1304_269_171_464_297
S,4,1304,DETECTION,src/tracking/advanced_tracker.py:_activate_slot,1304_427_1545_698_1725
S,5,1304,DETECTION,src/tracking/advanced_tracker.py:_activate_slot,1304_193_1498_443_1630
S,6,1304,DETECTION,src/tracking/advanced_tracker.py:_activate_slot,1304_38_813_255_919
S,7,1304,DETECTION,src/tracking/advanced_tracker.py:_activate_slot,1304_42_729_260_831
S,8,1304,CLAMP,src/tracking/advanced_tracker.py:_activate_slot,1304_134_93_294_188
S,9,1304,DETECTION,src/tracking/advanced_tracker.py:_activate_slot,1304_753_1584_900_1734
D,2,1304
S,3,1304,PREDICTION,src/tracking/advanced_tracker.py:id_merge,
D,6,1304
S,7,1304,PREDICTION,src/tracking/advanced_tracker.py:id_merge,
D,8,1304
S,9,1304,PREDICTION,src/tracking/advanced_tracker.py:id_merge,
L,0,1304,DETECTION,src/tracking/advanced_tracker.py:_activate_slot,1304_307_1207_595_1390
R,CLAMP,CLAMP,0
L,1,1304,DETECTION,src/tracking/advanced_tracker.py:_activate_slot,1304_799_844_904_967
R,CLAMP,CLAMP,0
L,3,1304,PREDICTION,src/tracking/advanced_tracker.py:id_merge,
R,PREDICTION,PREDICTION,1
L,4,1304,DETECTION,src/tracking/advanced_tracker.py:_activate_slot,1304_427_1545_698_1725
R,DETECTION,DETECTION,1
L,5,1304,DETECTION,src/tracking/advanced_tracker.py:_activate_slot,1304_193_1498_443_1630
R,DETECTION,DETECTION,1
L,7,1304,PREDICTION,src/tracking/advanced_tracker.py:id_merge,
R,CLAMP,CLAMP,0
L,9,1304,PREDICTION,src/tracking/advanced_tracker.py:id_merge,
R,PREDICTION,PREDICTION,1
A,1304
S,0,1307,DETECTION,src/tracking/advanced_tracker.py:_activate_slot,1307_300_1216_588_1396
S,1,1307,DETECTION,src/tracking/advanced_tracker.py:_activate_slot,1307_790_870_903_1002
S,2,1307,DETECTION,src/tracking/advanced_tracker.py:_activate_slot,1307_283_-15_476_88
S,3,1307,DETECTION,src/tracking/advanced_tracker.py:_activate_slot,1307_261_170_482_286
S,4,1307,DETECTION,src/tracking/advanced_tracker.py:_activate_slot,1307_422_1575_693_1719
S,5,1307,DETECTION,src/tracking/advanced_tracker.py:_activate_slot,1307_777_1011_901_1176
S,6,1307,DETECTION,src/tracking/advanced_tracker.py:_activate_slot,1307_34_846_251_948
S,7,1307,DETECTION,src/tracking/advanced_tracker.py:_activate_slot,1307_42_761_256_863
S,8,1307,DETECTION,src/tracking/advanced_tracker.py:_activate_slot,1307_748_1623_898_1767
S,9,1307,DETECTION,src/tracking/advanced_tracker.py:_activate_slot,1307_31_972_253_1081
D,2,1307
S,3,1307,PREDICTION,src/tracking/advanced_tracker.py:id_merge,
D,6,1307
S,7,1307,PREDICTION,src/tracking/advanced_tracker.py:id_merge,
D,7,1307
S,9,1307,PREDICTION,src/tracking/advanced_tracker.py:id_merge,
L,0,1307,DETECTION,src/tracking/advanced_tracker.py:_activate_slot,1307_300_1216_588_1396
R,CLAMP,CLAMP,0
L,1,1307,DETECTION,src/tracking/advanced_tracker.py:_activate_slot,1307_790_870_903_1002
R,CLAMP,CLAMP,0
L,3,1307,PREDICTION,src/tracking/advanced_tracker.py:id_merge,
R,PREDICTION,PREDICTION,1
L,4,1307,DETECTION,src/tracking/advanced_tracker.py:_activate_slot,1307_422_1575_693_1719
R,DETECTION,DETECTION,1
L,5,1307,DETECTION,src/tracking/advanced_tracker.py:_activate_slot,1307_777_1011_901_1176
R,CLAMP,CLAMP,0
L,8,1307,DETECTION,src/tracking/advanced_tracker.py:_activate_slot,1307_748_1623_898_1767
R,CLAMP,CLAMP,0
L,9,1307,PREDICTION,src/tracking/advanced_tracker.py:id_merge,
R,CLAMP,CLAMP,1
A,1307
S,0,1310,DETECTION,src/tracking/advanced_tracker.py:_activate_slot,1310_304_1227_585_1356
S,1,1310,DETECTION,src/tracking/advanced_tracker.py:_activate_slot,1310_786_911_900_1035
S,2,1310,DETECTION,src/tracking/advanced_tracker.py:_activate_slot,1310_295_-15_529_59
S,3,1310,DETECTION,src/tracking/advanced_tracker.py:_activate_slot,1310_259_162_485_307
S,4,1310,DETECTION,src/tracking/advanced_tracker.py:_activate_slot,1310_415_1599_696_1695
S,5,1310,DETECTION,src/tracking/advanced_tracker.py:_activate_slot,1310_37_1005_250_1122
S,6,1310,DETECTION,src/tracking/advanced_tracker.py:_activate_slot,1310_37_879_250_981
S,7,1310,DETECTION,src/tracking/advanced_tracker.py:_activate_slot,1310_43_793_255_892
S,8,1310,DETECTION,src/tracking/advanced_tracker.py:_activate_slot,1310_746_1647_896_1797
S,9,1310,DETECTION,src/tracking/advanced_tracker.py:_activate_slot,1310_729_1401_924_1526
D,2,1310
S,3,1310,PREDICTION,src/tracking/advanced_tracker.py:id_merge,
D,5,1310
S,6,1310,PREDICTION,src/tracking/advanced_tracker.py:id_merge,
D,6,1310
S,7,1310,PREDICTION,src/tracking/advanced_tracker.py:id_merge,
D,8,1310
S,9,1310,PREDICTION,src/tracking/advanced_tracker.py:id_merge,
L,0,1310,DETECTION,src/tracking/advanced_tracker.py:_activate_slot,1310_304_1227_585_1356
R,CLAMP,CLAMP,0
L,1,1310,DETECTION,src/tracking/advanced_tracker.py:_activate_slot,1310_786_911_900_1035
R,CLAMP,CLAMP,0
L,3,1310,PREDICTION,src/tracking/advanced_tracker.py:id_merge,
R,PREDICTION,PREDICTION,1
L,4,1310,DETECTION,src/tracking/advanced_tracker.py:_activate_slot,1310_415_1599_696_1695
R,DETECTION,DETECTION,1
L,7,1310,PREDICTION,src/tracking/advanced_tracker.py:id_merge,
R,CLAMP,CLAMP,0
L,9,1310,PREDICTION,src/tracking/advanced_tracker.py:id_merge,
R,PREDICTION,PREDICTION,1
A,1310
S,0,1313,DETECTION,src/tracking/advanced_tracker.py:_activate_slot,1313_302_1218_581_1353
S,1,1313,DETECTION,src/tracking/advanced_tracker.py:_activate_slot,1313_777_942_900_1068
S,2,1313,DETECTION,src/tracking/advanced_tracker.py:_activate_slot,1313_286_-15_510_60
S,3,1313,DETECTION,src/tracking/advanced_tracker.py:_activate_slot,1313_258_155_474_310
S,4,1313,DETECTION,src/tracking/advanced_tracker.py:_activate_slot,1313_414_1575_693_1713
S,5,1313,DETECTION,src/tracking/advanced_tracker.py:_activate_slot,1313_742_1675_898_1822
S,6,1313,DETECTION,src/tracking/advanced_tracker.py:_activate_slot,1313_36_909_247_1014
S,7,1313,DETECTION,src/tracking/advanced_tracker.py:_activate_slot,1313_39_820_253_922
S,8,1313,DETECTION,src/tracking/advanced_tracker.py:_activate_slot,1313_766_1080_901_1245
S,9,1313,DETECTION,src/tracking/advanced_tracker.py:_activate_slot,1313_36_1031_248_1152
D,2,1313
S,3,1313,PREDICTION,src/tracking/advanced_tracker.py:id_merge,
D,6,1313
S,7,1313,PREDICTION,src/tracking/advanced_tracker.py:id_merge,
D,7,1313
S,9,1313,PREDICTION,src/tracking/advanced_tracker.py:id_merge,
L,0,1313,DETECTION,src/tracking/advanced_tracker.py:_activate_slot,1313_302_1218_581_1353
R,CLAMP,CLAMP,0
L,1,1313,DETECTION,src/tracking/advanced_tracker.py:_activate_slot,1313_777_942_900_1068
R,CLAMP,CLAMP,0
L,3,1313,PREDICTION,src/tracking/advanced_tracker.py:id_merge,
R,PREDICTION,PREDICTION,1
L,4,1313,DETECTION,src/tracking/advanced_tracker.py:_activate_slot,1313_414_1575_693_1713
R,DETECTION,DETECTION,1
L,5,1313,DETECTION,src/tracking/advanced_tracker.py:_activate_slot,1313_742_1675_898_1822
R,DETECTION,DETECTION,1
L,8,1313,DETECTION,src/tracking/advanced_tracker.py:_activate_slot,1313_766_1080_901_1245
R,CLAMP,CLAMP,0
L,9,1313,PREDICTION,src/tracking/advanced_tracker.py:id_merge,
R,CLAMP,CLAMP,0
A,1313
S,0,1316,DETECTION,src/tracking/advanced_tracker.py:_activate_slot,1316_289_1200_571_1376
S,1,1316,DETECTION,src/tracking/advanced_tracker.py:_activate_slot,1316_771_979_903_1096
S,2,1316,DETECTION,src/tracking/advanced_tracker.py:_activate_slot,1316_780_857_900_1008
S,3,1316,DETECTION,src/tracking/advanced_tracker.py:_activate_slot,1316_253_150_459_290
S,4,1316,DETECTION,src/tracking/advanced_tracker.py:_activate_slot,1316_420_1575_689_1743
S,5,1316,CLAMP,src/tracking/advanced_tracker.py:_activate_slot,1316_120_102_290_217
S,6,1316,DETECTION,src/tracking/advanced_tracker.py:_activate_slot,1316_27_942_237_1047
S,7,1316,DETECTION,src/tracking/advanced_tracker.py:_activate_slot,1316_33_838_246_952
S,8,1316,DETECTION,src/tracking/advanced_tracker.py:_activate_slot,1316_759_1119_903_1271
S,9,1316,PREDICTION,src/tracking/advanced_tracker.py:kalman_homography,
D,1,1316
S,2,1316,PREDICTION,src/tracking/advanced_tracker.py:id_merge,
D,6,1316
S,7,1316,PREDICTION,src/tracking/advanced_tracker.py:id_merge,
D,9,1316
S,7,1316,PREDICTION,src/tracking/advanced_tracker.py:id_merge,
L,0,1316,DETECTION,src/tracking/advanced_tracker.py:_activate_slot,1316_289_1200_571_1376
R,CLAMP,CLAMP,0
L,2,1316,PREDICTION,src/tracking/advanced_tracker.py:id_merge,
R,CLAMP,CLAMP,0
L,3,1316,DETECTION,src/tracking/advanced_tracker.py:_activate_slot,1316_253_150_459_290
R,DETECTION,DETECTION,1
L,4,1316,DETECTION,src/tracking/advanced_tracker.py:_activate_slot,1316_420_1575_689_1743
R,DETECTION,DETECTION,1
L,5,1316,CLAMP,src/tracking/advanced_tracker.py:_activate_slot,1316_120_102_290_217
R,CLAMP,CLAMP,0
L,7,1316,PREDICTION,src/tracking/advanced_tracker.py:id_merge,
R,CLAMP,CLAMP,0
L,8,1316,DETECTION,src/tracking/advanced_tracker.py:_activate_slot,1316_759_1119_903_1271
R,CLAMP,CLAMP,0
A,1316
S,0,1319,DETECTION,src/tracking/advanced_tracker.py:_activate_slot,1319_-11_743_892_1323
S,1,1319,PREDICTION,src/tracking/advanced_tracker.py:kalman_homography,
S,2,1319,PREDICTION,src/tracking/advanced_tracker.py:kalman_homography,
S,3,1319,PREDICTION,src/tracking/advanced_tracker.py:kalman_homography,
S,4,1319,PREDICTION,src/tracking/advanced_tracker.py:kalman_homography,
S,5,1319,PREDICTION,src/tracking/advanced_tracker.py:kalman_homography,
S,6,1319,PREDICTION,src/tracking/advanced_tracker.py:kalman_homography,
S,7,1319,PREDICTION,src/tracking/advanced_tracker.py:kalman_homography,
S,8,1319,PREDICTION,src/tracking/advanced_tracker.py:kalman_homography,
S,9,1319,PREDICTION,src/tracking/advanced_tracker.py:kalman_homography,
D,1,1319
S,0,1319,PREDICTION,src/tracking/advanced_tracker.py:id_merge,
D,2,1319
S,0,1319,PREDICTION,src/tracking/advanced_tracker.py:id_merge,
D,6,1319
S,7,1319,PREDICTION,src/tracking/advanced_tracker.py:id_merge,
D,9,1319
S,7,1319,PREDICTION,src/tracking/advanced_tracker.py:id_merge,
L,0,1319,PREDICTION,src/tracking/advanced_tracker.py:id_merge,
R,CLAMP,CLAMP,0
L,3,1319,PREDICTION,src/tracking/advanced_tracker.py:kalman_homography,
R,PREDICTION,PREDICTION,1
L,4,1319,PREDICTION,src/tracking/advanced_tracker.py:kalman_homography,
R,PREDICTION,PREDICTION,1
L,5,1319,PREDICTION,src/tracking/advanced_tracker.py:kalman_homography,
R,CLAMP,CLAMP,0
L,7,1319,PREDICTION,src/tracking/advanced_tracker.py:id_merge,
R,CLAMP,CLAMP,0
L,8,1319,PREDICTION,src/tracking/advanced_tracker.py:kalman_homography,
R,CLAMP,CLAMP,0
A,1319
S,3,1322,DETECTION,src/tracking/advanced_tracker.py:_activate_slot,1322_-11_669_901_1353
S,0,1322,PREDICTION,src/tracking/advanced_tracker.py:kalman_homography,
S,1,1322,PREDICTION,src/tracking/advanced_tracker.py:kalman_homography,
S,4,1322,PREDICTION,src/tracking/advanced_tracker.py:kalman_homography,
S,6,1322,PREDICTION,src/tracking/advanced_tracker.py:kalman_homography,
S,7,1322,PREDICTION,src/tracking/advanced_tracker.py:kalman_homography,
S,2,1322,PREDICTION,src/tracking/advanced_tracker.py:flow_gapfill_batched,
S,5,1322,PREDICTION,src/tracking/advanced_tracker.py:flow_gapfill_batched,
S,8,1322,PREDICTION,src/tracking/advanced_tracker.py:flow_gapfill_batched,
S,9,1322,PREDICTION,src/tracking/advanced_tracker.py:flow_gapfill_batched,
D,1,1322
S,0,1322,PREDICTION,src/tracking/advanced_tracker.py:id_merge,
D,2,1322
S,0,1322,PREDICTION,src/tracking/advanced_tracker.py:id_merge,
D,0,1322
S,3,1322,PREDICTION,src/tracking/advanced_tracker.py:id_merge,
D,6,1322
S,7,1322,PREDICTION,src/tracking/advanced_tracker.py:id_merge,
D,9,1322
S,7,1322,PREDICTION,src/tracking/advanced_tracker.py:id_merge,
L,3,1322,PREDICTION,src/tracking/advanced_tracker.py:id_merge,
R,CLAMP,CLAMP,0
L,4,1322,PREDICTION,src/tracking/advanced_tracker.py:kalman_homography,
R,PREDICTION,PREDICTION,1
L,5,1322,PREDICTION,src/tracking/advanced_tracker.py:flow_gapfill_batched,
R,CLAMP,CLAMP,0
L,7,1322,PREDICTION,src/tracking/advanced_tracker.py:id_merge,
R,CLAMP,CLAMP,0
L,8,1322,PREDICTION,src/tracking/advanced_tracker.py:flow_gapfill_batched,
R,CLAMP,CLAMP,0
A,1322
S,0,1325,DETECTION,src/tracking/advanced_tracker.py:_activate_slot,1325_56_561_893_1352
S,3,1325,DETECTION,src/tracking/advanced_tracker.py:_activate_slot,1325_-11_1245_909_1608
S,1,1325,PREDICTION,src/tracking/advanced_tracker.py:kalman_homography,
S,4,1325,PREDICTION,src/tracking/advanced_tracker.py:kalman_homography,
S,6,1325,PREDICTION,src/tracking/advanced_tracker.py:kalman_homography,
S,7,1325,PREDICTION,src/tracking/advanced_tracker.py:kalman_homography,
S,2,1325,PREDICTION,src/tracking/advanced_tracker.py:flow_gapfill_batched,
S,8,1325,PREDICTION,src/tracking/advanced_tracker.py:flow_gapfill_batched,
S,9,1325,PREDICTION,src/tracking/advanced_tracker.py:flow_gapfill_batched,
D,1,1325
S,0,1325,PREDICTION,src/tracking/advanced_tracker.py:id_merge,
D,2,1325
S,0,1325,PREDICTION,src/tracking/advanced_tracker.py:id_merge,
D,6,1325
S,7,1325,PREDICTION,src/tracking/advanced_tracker.py:id_merge,
D,9,1325
S,7,1325,PREDICTION,src/tracking/advanced_tracker.py:id_merge,
L,0,1325,PREDICTION,src/tracking/advanced_tracker.py:id_merge,
R,CLAMP,CLAMP,0
L,3,1325,DETECTION,src/tracking/advanced_tracker.py:_activate_slot,1325_-11_1245_909_1608
R,CLAMP,CLAMP,0
L,4,1325,PREDICTION,src/tracking/advanced_tracker.py:kalman_homography,
R,PREDICTION,PREDICTION,1
L,7,1325,PREDICTION,src/tracking/advanced_tracker.py:id_merge,
R,CLAMP,CLAMP,0
L,8,1325,PREDICTION,src/tracking/advanced_tracker.py:flow_gapfill_batched,
R,CLAMP,CLAMP,0
A,1325
S,0,1328,DETECTION,src/tracking/advanced_tracker.py:_activate_slot,1328_75_514_899_1323
S,3,1328,DETECTION,src/tracking/advanced_tracker.py:_activate_slot,1328_-14_1400_903_1857
S,1,1328,PREDICTION,src/tracking/advanced_tracker.py:kalman_homography,
S,4,1328,PREDICTION,src/tracking/advanced_tracker.py:kalman_homography,
S,6,1328,PREDICTION,src/tracking/advanced_tracker.py:kalman_homography,
S,7,1328,PREDICTION,src/tracking/advanced_tracker.py:kalman_homography,
S,2,1328,PREDICTION,src/tracking/advanced_tracker.py:flow_gapfill_batched,
S,9,1328,PREDICTION,src/tracking/advanced_tracker.py:flow_gapfill_batched,
D,2,1328
S,0,1328,PREDICTION,src/tracking/advanced_tracker.py:id_merge,
D,4,1328
S,3,1328,PREDICTION,src/tracking/advanced_tracker.py:id_merge,
D,6,1328
S,7,1328,PREDICTION,src/tracking/advanced_tracker.py:id_merge,
D,9,1328
S,7,1328,PREDICTION,src/tracking/advanced_tracker.py:id_merge,
L,0,1328,PREDICTION,src/tracking/advanced_tracker.py:id_merge,
R,CLAMP,CLAMP,0
L,1,1328,PREDICTION,src/tracking/advanced_tracker.py:kalman_homography,
R,CLAMP,CLAMP,0
L,3,1328,PREDICTION,src/tracking/advanced_tracker.py:id_merge,
R,CLAMP,CLAMP,0
L,7,1328,PREDICTION,src/tracking/advanced_tracker.py:id_merge,
R,CLAMP,CLAMP,0
A,1328
S,0,1331,DETECTION,src/tracking/advanced_tracker.py:_activate_slot,1331_48_576_894_1152
S,1,1331,PREDICTION,src/tracking/advanced_tracker.py:kalman_homography,
S,4,1331,PREDICTION,src/tracking/advanced_tracker.py:kalman_homography,
S,6,1331,PREDICTION,src/tracking/advanced_tracker.py:kalman_homography,
S,7,1331,PREDICTION,src/tracking/advanced_tracker.py:kalman_homography,
S,2,1331,PREDICTION,src/tracking/advanced_tracker.py:flow_gapfill_batched,
S,3,1331,PREDICTION,src/tracking/advanced_tracker.py:flow_gapfill_batched,
S,5,1331,PREDICTION,src/tracking/advanced_tracker.py:flow_gapfill_batched,
S,9,1331,PREDICTION,src/tracking/advanced_tracker.py:flow_gapfill_batched,
D,2,1331
S,0,1331,PREDICTION,src/tracking/advanced_tracker.py:id_merge,
D,4,1331
S,3,1331,PREDICTION,src/tracking/advanced_tracker.py:id_merge,
D,6,1331
S,7,1331,PREDICTION,src/tracking/advanced_tracker.py:id_merge,
D,9,1331
S,7,1331,PREDICTION,src/tracking/advanced_tracker.py:id_merge,
L,0,1331,PREDICTION,src/tracking/advanced_tracker.py:id_merge,
R,CLAMP,CLAMP,0
L,1,1331,PREDICTION,src/tracking/advanced_tracker.py:kalman_homography,
R,CLAMP,CLAMP,0
L,3,1331,PREDICTION,src/tracking/advanced_tracker.py:id_merge,
R,CLAMP,CLAMP,0
L,5,1331,PREDICTION,src/tracking/advanced_tracker.py:flow_gapfill_batched,
R,CLAMP,CLAMP,0
L,7,1331,PREDICTION,src/tracking/advanced_tracker.py:id_merge,
R,CLAMP,CLAMP,0
A,1331
S,0,1334,DETECTION,src/tracking/advanced_tracker.py:_activate_slot,1334_50_634_902_1195
S,1,1334,PREDICTION,src/tracking/advanced_tracker.py:kalman_homography,
S,4,1334,PREDICTION,src/tracking/advanced_tracker.py:kalman_homography,
S,6,1334,PREDICTION,src/tracking/advanced_tracker.py:kalman_homography,
S,7,1334,PREDICTION,src/tracking/advanced_tracker.py:kalman_homography,
S,2,1334,PREDICTION,src/tracking/advanced_tracker.py:flow_gapfill_batched,
S,3,1334,PREDICTION,src/tracking/advanced_tracker.py:flow_gapfill_batched,
S,5,1334,PREDICTION,src/tracking/advanced_tracker.py:flow_gapfill_batched,
S,8,1334,PREDICTION,src/tracking/advanced_tracker.py:flow_gapfill_batched,
S,9,1334,PREDICTION,src/tracking/advanced_tracker.py:flow_gapfill_batched,
D,2,1334
S,0,1334,PREDICTION,src/tracking/advanced_tracker.py:id_merge,
D,1,1334
S,3,1334,PREDICTION,src/tracking/advanced_tracker.py:id_merge,
D,6,1334
S,7,1334,PREDICTION,src/tracking/advanced_tracker.py:id_merge,
D,9,1334
S,7,1334,PREDICTION,src/tracking/advanced_tracker.py:id_merge,
L,0,1334,PREDICTION,src/tracking/advanced_tracker.py:id_merge,
R,CLAMP,CLAMP,0
L,3,1334,PREDICTION,src/tracking/advanced_tracker.py:id_merge,
R,CLAMP,CLAMP,0
L,4,1334,PREDICTION,src/tracking/advanced_tracker.py:kalman_homography,
R,PREDICTION,PREDICTION,1
L,5,1334,PREDICTION,src/tracking/advanced_tracker.py:flow_gapfill_batched,
R,CLAMP,CLAMP,0
L,7,1334,PREDICTION,src/tracking/advanced_tracker.py:id_merge,
R,CLAMP,CLAMP,0
L,8,1334,PREDICTION,src/tracking/advanced_tracker.py:flow_gapfill_batched,
R,CLAMP,CLAMP,0
A,1334
S,0,1337,DETECTION,src/tracking/advanced_tracker.py:_activate_slot,1337_75_691_898_1162
S,1,1337,PREDICTION,src/tracking/advanced_tracker.py:kalman_homography,
S,4,1337,PREDICTION,src/tracking/advanced_tracker.py:kalman_homography,
S,6,1337,PREDICTION,src/tracking/advanced_tracker.py:kalman_homography,
S,7,1337,PREDICTION,src/tracking/advanced_tracker.py:kalman_homography,
S,2,1337,PREDICTION,src/tracking/advanced_tracker.py:flow_gapfill_batched,
S,3,1337,PREDICTION,src/tracking/advanced_tracker.py:flow_gapfill_batched,
S,5,1337,PREDICTION,src/tracking/advanced_tracker.py:flow_gapfill_batched,
S,8,1337,PREDICTION,src/tracking/advanced_tracker.py:flow_gapfill_batched,
S,9,1337,PREDICTION,src/tracking/advanced_tracker.py:flow_gapfill_batched,
D,2,1337
S,0,1337,PREDICTION,src/tracking/advanced_tracker.py:id_merge,
D,1,1337
S,3,1337,PREDICTION,src/tracking/advanced_tracker.py:id_merge,
D,6,1337
S,7,1337,PREDICTION,src/tracking/advanced_tracker.py:id_merge,
D,9,1337
S,7,1337,PREDICTION,src/tracking/advanced_tracker.py:id_merge,
L,0,1337,PREDICTION,src/tracking/advanced_tracker.py:id_merge,
R,CLAMP,CLAMP,0
L,3,1337,PREDICTION,src/tracking/advanced_tracker.py:id_merge,
R,CLAMP,CLAMP,0
L,4,1337,PREDICTION,src/tracking/advanced_tracker.py:kalman_homography,
R,PREDICTION,PREDICTION,1
L,5,1337,PREDICTION,src/tracking/advanced_tracker.py:flow_gapfill_batched,
R,CLAMP,CLAMP,0
L,7,1337,PREDICTION,src/tracking/advanced_tracker.py:id_merge,
R,CLAMP,CLAMP,0
L,8,1337,PREDICTION,src/tracking/advanced_tracker.py:flow_gapfill_batched,
R,CLAMP,CLAMP,0
A,1337
S,0,1340,DETECTION,src/tracking/advanced_tracker.py:_activate_slot,1340_6_738_897_1183
S,1,1340,PREDICTION,src/tracking/advanced_tracker.py:flow_gapfill_batched,
S,2,1340,PREDICTION,src/tracking/advanced_tracker.py:flow_gapfill_batched,
S,3,1340,PREDICTION,src/tracking/advanced_tracker.py:flow_gapfill_batched,
S,4,1340,PREDICTION,src/tracking/advanced_tracker.py:flow_gapfill_batched,
S,5,1340,PREDICTION,src/tracking/advanced_tracker.py:flow_gapfill_batched,
S,6,1340,PREDICTION,src/tracking/advanced_tracker.py:flow_gapfill_batched,
S,7,1340,PREDICTION,src/tracking/advanced_tracker.py:flow_gapfill_batched,
S,8,1340,PREDICTION,src/tracking/advanced_tracker.py:flow_gapfill_batched,
D,1,1340
S,0,1340,PREDICTION,src/tracking/advanced_tracker.py:id_merge,
D,2,1340
S,0,1340,PREDICTION,src/tracking/advanced_tracker.py:id_merge,
D,6,1340
S,7,1340,PREDICTION,src/tracking/advanced_tracker.py:id_merge,
L,0,1340,PREDICTION,src/tracking/advanced_tracker.py:id_merge,
R,CLAMP,CLAMP,0
L,3,1340,PREDICTION,src/tracking/advanced_tracker.py:flow_gapfill_batched,
R,CLAMP,CLAMP,0
L,4,1340,PREDICTION,src/tracking/advanced_tracker.py:flow_gapfill_batched,
R,PREDICTION,PREDICTION,1
L,5,1340,PREDICTION,src/tracking/advanced_tracker.py:flow_gapfill_batched,
R,CLAMP,CLAMP,0
L,7,1340,PREDICTION,src/tracking/advanced_tracker.py:id_merge,
R,CLAMP,CLAMP,0
L,8,1340,PREDICTION,src/tracking/advanced_tracker.py:flow_gapfill_batched,
R,CLAMP,CLAMP,0
A,1340
S,0,1343,DETECTION,src/tracking/advanced_tracker.py:_activate_slot,1343_-10_749_893_1215
S,3,1343,PREDICTION,src/tracking/advanced_tracker.py:flow_gapfill_batched,
L,0,1343,DETECTION,src/tracking/advanced_tracker.py:_activate_slot,1343_-10_749_893_1215
R,CLAMP,CLAMP,0
L,3,1343,PREDICTION,src/tracking/advanced_tracker.py:flow_gapfill_batched,
R,CLAMP,CLAMP,0
A,1343
S,0,1346,DETECTION,src/tracking/advanced_tracker.py:_activate_slot,1346_-8_663_897_1290
S,3,1346,PREDICTION,src/tracking/advanced_tracker.py:flow_gapfill_batched,
L,0,1346,DETECTION,src/tracking/advanced_tracker.py:_activate_slot,1346_-8_663_897_1290
R,CLAMP,CLAMP,0
L,3,1346,PREDICTION,src/tracking/advanced_tracker.py:flow_gapfill_batched,
R,CLAMP,CLAMP,0
A,1346
S,0,1349,DETECTION,src/tracking/advanced_tracker.py:_activate_slot,1349_-5_536_907_1290
S,3,1349,PREDICTION,src/tracking/advanced_tracker.py:flow_gapfill_batched,
L,0,1349,DETECTION,src/tracking/advanced_tracker.py:_activate_slot,1349_-5_536_907_1290
R,CLAMP,CLAMP,0
L,3,1349,PREDICTION,src/tracking/advanced_tracker.py:flow_gapfill_batched,
R,CLAMP,CLAMP,0
A,1349
S,4,1352,DETECTION,src/tracking/advanced_tracker.py:_activate_slot,1352_-4_521_894_1314
S,0,1352,PREDICTION,src/tracking/advanced_tracker.py:kalman_homography,
S,3,1352,PREDICTION,src/tracking/advanced_tracker.py:flow_gapfill_batched,
D,0,1352
S,4,1352,PREDICTION,src/tracking/advanced_tracker.py:id_merge,
L,3,1352,PREDICTION,src/tracking/advanced_tracker.py:flow_gapfill_batched,
R,CLAMP,CLAMP,0
L,4,1352,PREDICTION,src/tracking/advanced_tracker.py:id_merge,
R,CLAMP,CLAMP,0
A,1352
S,0,1355,DETECTION,src/tracking/advanced_tracker.py:_activate_slot,1355_-9_581_897_1385
S,4,1355,PREDICTION,src/tracking/advanced_tracker.py:kalman_homography,
D,4,1355
S,0,1355,PREDICTION,src/tracking/advanced_tracker.py:id_merge,
L,0,1355,PREDICTION,src/tracking/advanced_tracker.py:id_merge,
R,CLAMP,CLAMP,0
A,1355
S,0,1448,DETECTION,src/tracking/advanced_tracker.py:_activate_slot,1448_-11_679_906_1396
S,4,1448,PREDICTION,src/tracking/advanced_tracker.py:kalman_homography,
L,0,1448,DETECTION,src/tracking/advanced_tracker.py:_activate_slot,1448_-11_679_906_1396
R,CLAMP,CLAMP,0
L,4,1448,PREDICTION,src/tracking/advanced_tracker.py:kalman_homography,
R,CLAMP,CLAMP,0
A,1448
S,0,1451,DETECTION,src/tracking/advanced_tracker.py:_activate_slot,1451_199_1092_410_1206
S,1,1451,DETECTION,src/tracking/advanced_tracker.py:_activate_slot,1451_202_450_415_558
S,2,1451,DETECTION,src/tracking/advanced_tracker.py:_activate_slot,1451_527_1506_801_1686
S,3,1451,DETECTION,src/tracking/advanced_tracker.py:_activate_slot,1451_372_442_636_551
S,4,1451,DETECTION,src/tracking/advanced_tracker.py:_activate_slot,1451_224_714_524_932
S,5,1451,CLAMP,src/tracking/advanced_tracker.py:_activate_slot,1451_166_1602_391_1728
S,6,1451,DETECTION,src/tracking/advanced_tracker.py:_activate_slot,1451_722_387_843_510
S,7,1451,DETECTION,src/tracking/advanced_tracker.py:_activate_slot,1451_58_1146_261_1248
S,8,1451,DETECTION,src/tracking/advanced_tracker.py:_activate_slot,1451_173_197_409_297
S,9,1451,DETECTION,src/tracking/advanced_tracker.py:_activate_slot,1451_724_309_843_428
D,1,1451
S,3,1451,PREDICTION,src/tracking/advanced_tracker.py:id_merge,
D,5,1451
S,8,1451,PREDICTION,src/tracking/advanced_tracker.py:id_merge,
D,6,1451
S,9,1451,PREDICTION,src/tracking/advanced_tracker.py:id_merge,
L,0,1451,DETECTION,src/tracking/advanced_tracker.py:_activate_slot,1451_199_1092_410_1206
R,CLAMP,CLAMP,0
L,2,1451,DETECTION,src/tracking/advanced_tracker.py:_activate_slot,1451_527_1506_801_1686
R,CLAMP,CLAMP,0
L,3,1451,PREDICTION,src/tracking/advanced_tracker.py:id_merge,
R,PREDICTION,PREDICTION,1
L,4,1451,DETECTION,src/tracking/advanced_tracker.py:_activate_slot,1451_224_714_524_932
R,CLAMP,CLAMP,0
L,7,1451,DETECTION,src/tracking/advanced_tracker.py:_activate_slot,1451_58_1146_261_1248
R,CLAMP,CLAMP,0
L,8,1451,PREDICTION,src/tracking/advanced_tracker.py:id_merge,
R,PREDICTION,PREDICTION,1
L,9,1451,PREDICTION,src/tracking/advanced_tracker.py:id_merge,
R,CLAMP,CLAMP,0
A,1451
S,0,1454,DETECTION,src/tracking/advanced_tracker.py:_activate_slot,1454_185_1105_398_1222
S,1,1454,DETECTION,src/tracking/advanced_tracker.py:_activate_slot,1454_199_470_421_593
S,2,1454,DETECTION,src/tracking/advanced_tracker.py:_activate_slot,1454_184_1608_378_1734
S,3,1454,DETECTION,src/tracking/advanced_tracker.py:_activate_slot,1454_463_274_757_381
S,4,1454,DETECTION,src/tracking/advanced_tracker.py:_activate_slot,1454_241_725_523_921
S,5,1454,CLAMP,src/tracking/advanced_tracker.py:_activate_slot,1454_531_1518_804_1662
S,6,1454,DETECTION,src/tracking/advanced_tracker.py:_activate_slot,1454_726_406_843_523
S,7,1454,DETECTION,src/tracking/advanced_tracker.py:_activate_slot,1454_60_1164_266_1265
S,8,1454,DETECTION,src/tracking/advanced_tracker.py:_activate_slot,1454_175_223_412_321
S,9,1454,DETECTION,src/tracking/advanced_tracker.py:_activate_slot,1454_706_220_844_355
D,5,1454
S,8,1454,PREDICTION,src/tracking/advanced_tracker.py:id_merge,
D,6,1454
S,9,1454,PREDICTION,src/tracking/advanced_tracker.py:id_merge,
L,0,1454,DETECTION,src/tracking/advanced_tracker.py:_activate_slot,1454_185_1105_398_1222
R,CLAMP,CLAMP,0
L,1,1454,DETECTION,src/tracking/advanced_tracker.py:_activate_slot,1454_199_470_421_593
R,DETECTION,DETECTION,1
L,2,1454,DETECTION,src/tracking/advanced_tracker.py:_activate_slot,1454_184_1608_378_1734
R,CLAMP,CLAMP,0
L,3,1454,DETECTION,src/tracking/advanced_tracker.py:_activate_slot,1454_463_274_757_381
R,DETECTION,DETECTION,1
L,4,1454,DETECTION,src/tracking/advanced_tracker.py:_activate_slot,1454_241_725_523_921
R,CLAMP,CLAMP,0
L,7,1454,DETECTION,src/tracking/advanced_tracker.py:_activate_slot,1454_60_1164_266_1265
R,CLAMP,CLAMP,0
L,8,1454,PREDICTION,src/tracking/advanced_tracker.py:id_merge,
R,PREDICTION,PREDICTION,1
L,9,1454,PREDICTION,src/tracking/advanced_tracker.py:id_merge,
R,CLAMP,CLAMP,0
A,1454
S,0,1457,DETECTION,src/tracking/advanced_tracker.py:_activate_slot,1457_114_829_321_934
S,1,1457,DETECTION,src/tracking/advanced_tracker.py:_activate_slot,1457_197_479_429_623
S,2,1457,DETECTION,src/tracking/advanced_tracker.py:_activate_slot,1457_175_1608_403_1710
S,3,1457,DETECTION,src/tracking/advanced_tracker.py:_activate_slot,1457_363_461_632_570
S,4,1457,DETECTION,src/tracking/advanced_tracker.py:_activate_slot,1457_245_738_491_891
S,5,1457,DETECTION,src/tracking/advanced_tracker.py:_activate_slot,1457_531_1512_812_1620
S,6,1457,DETECTION,src/tracking/advanced_tracker.py:_activate_slot,1457_729_343_843_457
S,7,1457,DETECTION,src/tracking/advanced_tracker.py:_activate_slot,1457_64_1184_293_1286
S,8,1457,DETECTION,src/tracking/advanced_tracker.py:_activate_slot,1457_187_1116_400_1245
S,9,1457,CLAMP,src/tracking/advanced_tracker.py:_activate_slot,1457_867_1782_1035_1908
D,0,1457
S,4,1457,PREDICTION,src/tracking/advanced_tracker.py:id_merge,
D,1,1457
S,3,1457,PREDICTION,src/tracking/advanced_tracker.py:id_merge,
D,6,1457
S,9,1457,PREDICTION,src/tracking/advanced_tracker.py:id_merge,
D,7,1457
S,8,1457,PREDICTION,src/tracking/advanced_tracker.py:id_merge,
L,2,1457,DETECTION,src/tracking/advanced_tracker.py:_activate_slot,1457_175_1608_403_1710
R,CLAMP,CLAMP,0
L,3,1457,PREDICTION,src/tracking/advanced_tracker.py:id_merge,
R,PREDICTION,PREDICTION,1
L,4,1457,PREDICTION,src/tracking/advanced_tracker.py:id_merge,
R,CLAMP,CLAMP,0
L,5,1457,DETECTION,src/tracking/advanced_tracker.py:_activate_slot,1457_531_1512_812_1620
R,DETECTION,DETECTION,1
L,8,1457,PREDICTION,src/tracking/advanced_tracker.py:id_merge,
R,CLAMP,CLAMP,0
L,9,1457,PREDICTION,src/tracking/advanced_tracker.py:id_merge,
R,CLAMP,CLAMP,0
A,1457
S,0,1460,DETECTION,src/tracking/advanced_tracker.py:_activate_slot,1460_140_846_334_962
S,1,1460,DETECTION,src/tracking/advanced_tracker.py:_activate_slot,1460_193_501_433_644
S,2,1460,DETECTION,src/tracking/advanced_tracker.py:_activate_slot,1460_173_1594_403_1702
S,3,1460,DETECTION,src/tracking/advanced_tracker.py:_activate_slot,1460_472_238_761_405
S,4,1460,DETECTION,src/tracking/advanced_tracker.py:_activate_slot,1460_241_748_482_892
S,6,1460,DETECTION,src/tracking/advanced_tracker.py:_activate_slot,1460_716_249_840_386
S,7,1460,DETECTION,src/tracking/advanced_tracker.py:_activate_slot,1460_68_1208_277_1304
S,8,1460,DETECTION,src/tracking/advanced_tracker.py:_activate_slot,1460_189_1129_407_1267
S,9,1460,CLAMP,src/tracking/advanced_tracker.py:_activate_slot,1460_873_1797_1035_1935
S,5,1460,PREDICTION,src/tracking/advanced_tracker.py:kalman_homography,
D,0,1460
S,4,1460,PREDICTION,src/tracking/advanced_tracker.py:id_merge,
D,6,1460
S,9,1460,PREDICTION,src/tracking/advanced_tracker.py:id_merge,
D,7,1460
S,8,1460,PREDICTION,src/tracking/advanced_tracker.py:id_merge,
L,1,1460,DETECTION,src/tracking/advanced_tracker.py:_activate_slot,1460_193_501_433_644
R,DETECTION,DETECTION,1
L,2,1460,DETECTION,src/tracking/advanced_tracker.py:_activate_slot,1460_173_1594_403_1702
R,CLAMP,CLAMP,0
L,3,1460,DETECTION,src/tracking/advanced_tracker.py:_activate_slot,1460_472_238_761_405
R,DETECTION,DETECTION,1
L,4,1460,PREDICTION,src/tracking/advanced_tracker.py:id_merge,
R,CLAMP,CLAMP,0
L,5,1460,PREDICTION,src/tracking/advanced_tracker.py:kalman_homography,
R,PREDICTION,PREDICTION,1
L,8,1460,PREDICTION,src/tracking/advanced_tracker.py:id_merge,
R,CLAMP,CLAMP,0
L,9,1460,PREDICTION,src/tracking/advanced_tracker.py:id_merge,
R,CLAMP,CLAMP,0
A,1460
S,0,1463,DETECTION,src/tracking/advanced_tracker.py:_activate_slot,1463_141_865_337_979
S,1,1463,DETECTION,src/tracking/advanced_tracker.py:_activate_slot,1463_199_532_437_655
S,2,1463,DETECTION,src/tracking/advanced_tracker.py:_activate_slot,1463_537_1458_814_1638
S,3,1463,DETECTION,src/tracking/advanced_tracker.py:_activate_slot,1463_476_252_761_412
S,4,1463,DETECTION,src/tracking/advanced_tracker.py:_activate_slot,1463_242_732_482_876
S,6,1463,DETECTION,src/tracking/advanced_tracker.py:_activate_slot,1463_721_261_838_402
S,7,1463,DETECTION,src/tracking/advanced_tracker.py:_activate_slot,1463_71_1221_303_1323
S,8,1463,DETECTION,src/tracking/advanced_tracker.py:_activate_slot,1463_175_1575_405_1719
S,9,1463,DETECTION,src/tracking/advanced_tracker.py:_activate_slot,1463_66_1005_261_1098
S,5,1463,PREDICTION,src/tracking/advanced_tracker.py:flow_gapfill_batched,
D,0,1463
S,4,1463,PREDICTION,src/tracking/advanced_tracker.py:id_merge,
D,1,1463
S,4,1463,PREDICTION,src/tracking/advanced_tracker.py:id_merge,
D,7,1463
S,9,1463,PREDICTION,src/tracking/advanced_tracker.py:id_merge,
L,2,1463,DETECTION,src/tracking/advanced_tracker.py:_activate_slot,1463_537_1458_814_1638
R,CLAMP,CLAMP,0
L,3,1463,DETECTION,src/tracking/advanced_tracker.py:_activate_slot,1463_476_252_761_412
R,DETECTION,DETECTION,1
L,4,1463,PREDICTION,src/tracking/advanced_tracker.py:id_merge,
R,CLAMP,CLAMP,0
L,5,1463,PREDICTION,src/tracking/advanced_tracker.py:flow_gapfill_batched,
R,PREDICTION,PREDICTION,1
L,6,1463,DETECTION,src/tracking/advanced_tracker.py:_activate_slot,1463_721_261_838_402
R,DETECTION,DETECTION,1
L,8,1463,DETECTION,src/tracking/advanced_tracker.py:_activate_slot,1463_175_1575_405_1719
R,CLAMP,CLAMP,0
L,9,1463,PREDICTION,src/tracking/advanced_tracker.py:id_merge,
R,CLAMP,CLAMP,0
A,1463
S,0,1466,DETECTION,src/tracking/advanced_tracker.py:_activate_slot,1466_141_882_341_993
S,1,1466,DETECTION,src/tracking/advanced_tracker.py:_activate_slot,1466_214_573_426_675
S,2,1466,DETECTION,src/tracking/advanced_tracker.py:_activate_slot,1466_543_1472_823_1605
S,3,1466,DETECTION,src/tracking/advanced_tracker.py:_activate_slot,1466_476_249_762_386
S,4,1466,DETECTION,src/tracking/advanced_tracker.py:_activate_slot,1466_241_721_496_864
S,7,1466,DETECTION,src/tracking/advanced_tracker.py:_activate_slot,1466_69_1239_309_1344
S,6,1466,DETECTION,src/tracking/advanced_tracker.py:_activate_slot,1466_727_275_841_410
S,9,1466,PREDICTION,src/tracking/advanced_tracker.py:kalman_homography,
S,5,1466,PREDICTION,src/tracking/advanced_tracker.py:flow_gapfill_batched,
S,8,1466,PREDICTION,src/tracking/advanced_tracker.py:flow_gapfill_batched,
D,0,1466
S,4,1466,PREDICTION,src/tracking/advanced_tracker.py:id_merge,
D,1,1466
S,4,1466,PREDICTION,src/tracking/advanced_tracker.py:id_merge,
D,9,1466
S,7,1466,PREDICTION,src/tracking/advanced_tracker.py:id_merge,
L,2,1466,DETECTION,src/tracking/advanced_tracker.py:_activate_slot,1466_543_1472_823_1605
R,CLAMP,CLAMP,0
L,3,1466,DETECTION,src/tracking/advanced_tracker.py:_activate_slot,1466_476_249_762_386
R,DETECTION,DETECTION,1
L,4,1466,PREDICTION,src/tracking/advanced_tracker.py:id_merge,
R,CLAMP,CLAMP,0
L,5,1466,PREDICTION,src/tracking/advanced_tracker.py:flow_gapfill_batched,
R,PREDICTION,PREDICTION,1
L,6,1466,DETECTION,src/tracking/advanced_tracker.py:_activate_slot,1466_727_275_841_410
R,DETECTION,DETECTION,1
L,7,1466,PREDICTION,src/tracking/advanced_tracker.py:id_merge,
R,CLAMP,CLAMP,0
L,8,1466,PREDICTION,src/tracking/advanced_tracker.py:flow_gapfill_batched,
R,CLAMP,CLAMP,0
A,1466
S,0,1469,DETECTION,src/tracking/advanced_tracker.py:_activate_slot,1469_128_900_347_1008
S,1,1469,DETECTION,src/tracking/advanced_tracker.py:_activate_slot,1469_224_597_369_696
S,2,1469,DETECTION,src/tracking/advanced_tracker.py:_activate_slot,1469_538_1446_833_1575
S,3,1469,DETECTION,src/tracking/advanced_tracker.py:_activate_slot,1469_479_222_768_351
S,4,1469,DETECTION,src/tracking/advanced_tracker.py:_activate_slot,1469_252_705_500_845
S,5,1469,DETECTION,src/tracking/advanced_tracker.py:_activate_slot,1469_193_1566_387_1686
S,7,1469,DETECTION,src/tracking/advanced_tracker.py:_activate_slot,1469_75_1258_299_1360
S,6,1469,DETECTION,src/tracking/advanced_tracker.py:_activate_slot,1469_731_285_840_425
S,8,1469,PREDICTION,src/tracking/advanced_tracker.py:flow_gapfill_batched,
S,9,1469,PREDICTION,src/tracking/advanced_tracker.py:flow_gapfill_batched,
D,0,1469
S,4,1469,PREDICTION,src/tracking/advanced_tracker.py:id_merge,
D,1,1469
S,4,1469,PREDICTION,src/tracking/advanced_tracker.py:id_merge,
D,8,1469
S,5,1469,PREDICTION,src/tracking/advanced_tracker.py:id_merge,
L,2,1469,DETECTION,src/tracking/advanced_tracker.py:_activate_slot,1469_538_1446_833_1575
R,CLAMP,CLAMP,0
L,3,1469,DETECTION,src/tracking/advanced_tracker.py:_activate_slot,1469_479_222_768_351
R,DETECTION,DETECTION,1
L,4,1469,PREDICTION,src/tracking/advanced_tracker.py:id_merge,
R,CLAMP,CLAMP,0
L,5,1469,PREDICTION,src/tracking/advanced_tracker.py:id_merge,
R,PREDICTION,PREDICTION,1
L,6,1469,DETECTION,src/tracking/advanced_tracker.py:_activate_slot,1469_731_285_840_425
R,DETECTION,DETECTION,1
L,7,1469,DETECTION,src/tracking/advanced_tracker.py:_activate_slot,1469_75_1258_299_1360
R,CLAMP,CLAMP,0
L,9,1469,PREDICTION,src/tracking/advanced_tracker.py:flow_gapfill_batched,
R,CLAMP,CLAMP,0
A,1469
S,0,1472,DETECTION,src/tracking/advanced_tracker.py:_activate_slot,1472_131_918_342_1022
S,1,1472,DETECTION,src/tracking/advanced_tracker.py:_activate_slot,1472_227_624_426_727
S,2,1472,DETECTION,src/tracking/advanced_tracker.py:_activate_slot,1472_547_1420_840_1594
S,3,1472,DETECTION,src/tracking/advanced_tracker.py:_activate_slot,1472_480_214_772_362
S,4,1472,DETECTION,src/tracking/advanced_tracker.py:_activate_slot,1472_261_672_507_830
S,7,1472,DETECTION,src/tracking/advanced_tracker.py:_activate_slot,1472_80_1281_297_1377
S,6,1472,DETECTION,src/tracking/advanced_tracker.py:_activate_slot,1472_737_294_845_435
S,5,1472,PREDICTION,src/tracking/advanced_tracker.py:kalman_homography,
S,8,1472,PREDICTION,src/tracking/advanced_tracker.py:flow_gapfill_batched,
S,9,1472,PREDICTION,src/tracking/advanced_tracker.py:flow_gapfill_batched,
D,1,1472
S,4,1472,PREDICTION,src/tracking/advanced_tracker.py:id_merge,
D,8,1472
S,5,1472,PREDICTION,src/tracking/advanced_tracker.py:id_merge,
L,0,1472,DETECTION,src/tracking/advanced_tracker.py:_activate_slot,1472_131_918_342_1022
R,CLAMP,CLAMP,0
L,2,1472,DETECTION,src/tracking/advanced_tracker.py:_activate_slot,1472_547_1420_840_1594
R,CLAMP,CLAMP,0
L,3,1472,DETECTION,src/tracking/advanced_tracker.py:_activate_slot,1472_480_214_772_362
R,DETECTION,DETECTION,1
L,4,1472,PREDICTION,src/tracking/advanced_tracker.py:id_merge,
R,CLAMP,CLAMP,0
L,5,1472,PREDICTION,src/tracking/advanced_tracker.py:id_merge,
R,PREDICTION,PREDICTION,1
L,6,1472,DETECTION,src/tracking/advanced_tracker.py:_activate_slot,1472_737_294_845_435
R,DETECTION,DETECTION,1
L,7,1472,DETECTION,src/tracking/advanced_tracker.py:_activate_slot,1472_80_1281_297_1377
R,CLAMP,CLAMP,0
L,9,1472,PREDICTION,src/tracking/advanced_tracker.py:flow_gapfill_batched,
R,CLAMP,CLAMP,0
A,1472
S,0,1475,DETECTION,src/tracking/advanced_tracker.py:_activate_slot,1475_235_1196_431_1307
S,1,1475,DETECTION,src/tracking/advanced_tracker.py:_activate_slot,1475_221_639_446_744
S,2,1475,DETECTION,src/tracking/advanced_tracker.py:_activate_slot,1475_564_1413_847_1593
S,3,1475,DETECTION,src/tracking/advanced_tracker.py:_activate_slot,1475_486_208_780_365
S,4,1475,DETECTION,src/tracking/advanced_tracker.py:_activate_slot,1475_263_648_528_840
S,7,1475,DETECTION,src/tracking/advanced_tracker.py:_activate_slot,1475_86_1294_310_1396
S,5,1475,PREDICTION,src/tracking/advanced_tracker.py:kalman_homography,
S,6,1475,PREDICTION,src/tracking/advanced_tracker.py:kalman_homography,
S,8,1475,PREDICTION,src/tracking/advanced_tracker.py:flow_gapfill_batched,
S,9,1475,PREDICTION,src/tracking/advanced_tracker.py:flow_gapfill_batched,
D,1,1475
S,4,1475,PREDICTION,src/tracking/advanced_tracker.py:id_merge,
D,8,1475
S,5,1475,PREDICTION,src/tracking/advanced_tracker.py:id_merge,
L,0,1475,DETECTION,src/tracking/advanced_tracker.py:_activate_slot,1475_235_1196_431_1307
R,CLAMP,CLAMP,0
L,2,1475,DETECTION,src/tracking/advanced_tracker.py:_activate_slot,1475_564_1413_847_1593
R,CLAMP,CLAMP,0
L,3,1475,DETECTION,src/tracking/advanced_tracker.py:_activate_slot,1475_486_208_780_365
R,DETECTION,DETECTION,1
L,4,1475,PREDICTION,src/tracking/advanced_tracker.py:id_merge,
R,CLAMP,CLAMP,0
L,5,1475,PREDICTION,src/tracking/advanced_tracker.py:id_merge,
R,PREDICTION,PREDICTION,1
L,6,1475,PREDICTION,src/tracking/advanced_tracker.py:kalman_homography,
R,PREDICTION,PREDICTION,1
L,7,1475,DETECTION,src/tracking/advanced_tracker.py:_activate_slot,1475_86_1294_310_1396
R,CLAMP,CLAMP,0
L,9,1475,PREDICTION,src/tracking/advanced_tracker.py:flow_gapfill_batched,
R,CLAMP,CLAMP,0
A,1475
