S,0,2438,DETECTION,src/tracking/advanced_tracker.py:_activate_slot,2438_658_312_901_503
S,1,2438,DETECTION,src/tracking/advanced_tracker.py:_activate_slot,2438_481_693_773_876
S,2,2438,DETECTION,src/tracking/advanced_tracker.py:_activate_slot,2438_527_1098_860_1329
S,3,2438,DETECTION,src/tracking/advanced_tracker.py:_activate_slot,2438_390_909_687_1071
S,4,2438,DETECTION,src/tracking/advanced_tracker.py:_activate_slot,2438_449_1059_777_1207
D,1,2438
S,2,2438,PREDICTION,src/tracking/advanced_tracker.py:id_merge,
D,2,2438
S,4,2438,PREDICTION,src/tracking/advanced_tracker.py:id_merge,
D,3,2438
S,4,2438,PREDICTION,src/tracking/advanced_tracker.py:id_merge,
L,0,2438,DETECTION,src/tracking/advanced_tracker.py:_activate_slot,2438_658_312_901_503
R,DETECTION,DETECTION,1
L,4,2438,PREDICTION,src/tracking/advanced_tracker.py:id_merge,
R,PREDICTION,PREDICTION,1
A,2438
S,0,2441,DETECTION,src/tracking/advanced_tracker.py:_activate_slot,2441_669_272_901_481
S,2,2441,DETECTION,src/tracking/advanced_tracker.py:_activate_slot,2441_519_1173_870_1347
S,3,2441,DETECTION,src/tracking/advanced_tracker.py:_activate_slot,2441_389_897_707_1063
S,4,2441,DETECTION,src/tracking/advanced_tracker.py:_activate_slot,2441_464_1056_780_1221
D,2,2441
S,3,2441,PREDICTION,src/tracking/advanced_tracker.py:id_merge,
D,3,2441
S,4,2441,PREDICTION,src/tracking/advanced_tracker.py:id_merge,
L,0,2441,DETECTION,src/tracking/advanced_tracker.py:_activate_slot,2441_669_272_901_481
R,DETECTION,DETECTION,1
L,4,2441,PREDICTION,src/tracking/advanced_tracker.py:id_merge,
R,PREDICTION,PREDICTION,1
A,2441
S,0,2444,DETECTION,src/tracking/advanced_tracker.py:_activate_slot,2444_673_243_904_461
S,2,2444,DETECTION,src/tracking/advanced_tracker.py:_activate_slot,2444_486_1184_890_1392
S,3,2444,DETECTION,src/tracking/advanced_tracker.py:_activate_slot,2444_380_876_711_1061
S,4,2444,DETECTION,src/tracking/advanced_tracker.py:_activate_slot,2444_471_1062_786_1215
S,1,2444,PREDICTION,src/tracking/advanced_tracker.py:flow_gapfill_batched,
D,1,2444
S,2,2444,PREDICTION,src/tracking/advanced_tracker.py:id_merge,
D,2,2444
S,3,2444,PREDICTION,src/tracking/advanced_tracker.py:id_merge,
D,3,2444
S,4,2444,PREDICTION,src/tracking/advanced_tracker.py:id_merge,
L,0,2444,DETECTION,src/tracking/advanced_tracker.py:_activate_slot,2444_673_243_904_461
R,DETECTION,DETECTION,1
L,4,2444,PREDICTION,src/tracking/advanced_tracker.py:id_merge,
R,PREDICTION,PREDICTION,1
A,2444
S,4,2447,DETECTION,src/tracking/advanced_tracker.py:_activate_slot,2447_677_215_903_438
S,5,2447,DETECTION,src/tracking/advanced_tracker.py:_activate_slot,2447_437_1068_789_1215
S,6,2447,DETECTION,src/tracking/advanced_tracker.py:_activate_slot,2447_395_873_714_1059
S,7,2447,DETECTION,src/tracking/advanced_tracker.py:_activate_slot,2447_393_876_684_1005
S,0,2447,PREDICTION,src/tracking/advanced_tracker.py:kalman_homography,
S,2,2447,PREDICTION,src/tracking/advanced_tracker.py:kalman_homography,
S,3,2447,PREDICTION,src/tracking/advanced_tracker.py:kalman_homography,
D,0,2447
S,4,2447,PREDICTION,src/tracking/advanced_tracker.py:id_merge,
D,2,2447
S,3,2447,PREDICTION,src/tracking/advanced_tracker.py:id_merge,
D,5,2447
S,6,2447,PREDICTION,src/tracking/advanced_tracker.py:id_merge,
D,6,2447
S,7,2447,PREDICTION,src/tracking/advanced_tracker.py:id_merge,
L,3,2447,PREDICTION,src/tracking/advanced_tracker.py:id_merge,
R,PREDICTION,PREDICTION,1
L,4,2447,PREDICTION,src/tracking/advanced_tracker.py:id_merge,
R,CLAMP,CLAMP,0
L,7,2447,PREDICTION,src/tracking/advanced_tracker.py:id_merge,
R,PREDICTION,PREDICTION,1
A,2447
S,0,2450,DETECTION,src/tracking/advanced_tracker.py:_activate_slot,2450_679_187_904_391
S,4,2450,DETECTION,src/tracking/advanced_tracker.py:_activate_slot,2450_510_1311_895_1570
S,5,2450,DETECTION,src/tracking/advanced_tracker.py:_activate_slot,2450_427_985_793_1234
S,6,2450,DETECTION,src/tracking/advanced_tracker.py:_activate_slot,2450_382_858_717_1041
S,8,2450,DETECTION,src/tracking/advanced_tracker.py:_activate_slot,2450_375_1470_639_1573
S,9,2450,DETECTION,src/tracking/advanced_tracker.py:_activate_slot,2450_292_246_615_396
S,2,2450,PREDICTION,src/tracking/advanced_tracker.py:kalman_homography,
S,3,2450,PREDICTION,src/tracking/advanced_tracker.py:kalman_homography,
S,7,2450,PREDICTION,src/tracking/advanced_tracker.py:kalman_homography,
S,1,2450,PREDICTION,src/tracking/advanced_tracker.py:flow_gapfill_batched,
D,1,2450
S,2,2450,PREDICTION,src/tracking/advanced_tracker.py:id_merge,
D,2,2450
S,3,2450,PREDICTION,src/tracking/advanced_tracker.py:id_merge,
D,3,2450
S,4,2450,PREDICTION,src/tracking/advanced_tracker.py:id_merge,
D,5,2450
S,6,2450,PREDICTION,src/tracking/advanced_tracker.py:id_merge,
D,7,2450
S,6,2450,PREDICTION,src/tracking/advanced_tracker.py:id_merge,
D,6,2450
S,8,2450,PREDICTION,src/tracking/advanced_tracker.py:id_merge,
D,8,2450
S,9,2450,PREDICTION,src/tracking/advanced_tracker.py:id_merge,
L,0,2450,DETECTION,src/tracking/advanced_tracker.py:_activate_slot,2450_679_187_904_391
R,DETECTION,DETECTION,1
L,4,2450,PREDICTION,src/tracking/advanced_tracker.py:id_merge,
R,PREDICTION,PREDICTION,1
L,9,2450,PREDICTION,src/tracking/advanced_tracker.py:id_merge,
R,PREDICTION,PREDICTION,1
A,2450
S,0,2453,DETECTION,src/tracking/advanced_tracker.py:_activate_slot,2453_678_160_906_343
S,3,2453,DETECTION,src/tracking/advanced_tracker.py:_activate_slot,2453_354_840_717_1005
S,6,2453,DETECTION,src/tracking/advanced_tracker.py:_activate_slot,2453_371_1344_732_1476
S,8,2453,DETECTION,src/tracking/advanced_tracker.py:_activate_slot,2453_360_1506_621_1602
S,9,2453,DETECTION,src/tracking/advanced_tracker.py:_activate_slot,2453_279_219_607_370
S,2,2453,PREDICTION,src/tracking/advanced_tracker.py:kalman_homography,
S,4,2453,PREDICTION,src/tracking/advanced_tracker.py:kalman_homography,
S,5,2453,PREDICTION,src/tracking/advanced_tracker.py:kalman_homography,
S,7,2453,PREDICTION,src/tracking/advanced_tracker.py:kalman_homography,
D,2,2453
S,3,2453,PREDICTION,src/tracking/advanced_tracker.py:id_merge,
D,5,2453
S,6,2453,PREDICTION,src/tracking/advanced_tracker.py:id_merge,
D,7,2453
S,6,2453,PREDICTION,src/tracking/advanced_tracker.py:id_merge,
D,6,2453
S,8,2453,PREDICTION,src/tracking/advanced_tracker.py:id_merge,
L,0,2453,DETECTION,src/tracking/advanced_tracker.py:_activate_slot,2453_678_160_906_343
R,DETECTION,DETECTION,1
L,3,2453,PREDICTION,src/tracking/advanced_tracker.py:id_merge,
R,PREDICTION,SUBPIXEL,0
L,4,2453,PREDICTION,src/tracking/advanced_tracker.py:kalman_homography,
R,PREDICTION,PREDICTION,1
L,8,2453,PREDICTION,src/tracking/advanced_tracker.py:id_merge,
R,PREDICTION,PREDICTION,1
L,9,2453,DETECTION,src/tracking/advanced_tracker.py:_activate_slot,2453_279_219_607_370
R,CLAMP,CLAMP,0
A,2453
S,0,2456,DETECTION,src/tracking/advanced_tracker.py:_activate_slot,2456_694_130_901_304
S,2,2456,PREDICTION,src/tracking/advanced_tracker.py:kalman_homography,
S,3,2456,PREDICTION,src/tracking/advanced_tracker.py:kalman_homography,
S,4,2456,PREDICTION,src/tracking/advanced_tracker.py:kalman_homography,
S,5,2456,PREDICTION,src/tracking/advanced_tracker.py:kalman_homography,
S,6,2456,PREDICTION,src/tracking/advanced_tracker.py:kalman_homography,
S,7,2456,PREDICTION,src/tracking/advanced_tracker.py:kalman_homography,
S,8,2456,PREDICTION,src/tracking/advanced_tracker.py:kalman_homography,
S,9,2456,PREDICTION,src/tracking/advanced_tracker.py:kalman_homography,
D,2,2456
S,3,2456,PREDICTION,src/tracking/advanced_tracker.py:id_merge,
D,5,2456
S,6,2456,PREDICTION,src/tracking/advanced_tracker.py:id_merge,
D,7,2456
S,6,2456,PREDICTION,src/tracking/advanced_tracker.py:id_merge,
D,6,2456
S,8,2456,PREDICTION,src/tracking/advanced_tracker.py:id_merge,
L,0,2456,DETECTION,src/tracking/advanced_tracker.py:_activate_slot,2456_694_130_901_304
R,DETECTION,DETECTION,1
L,3,2456,PREDICTION,src/tracking/advanced_tracker.py:id_merge,
R,PREDICTION,PREDICTION,1
L,4,2456,PREDICTION,src/tracking/advanced_tracker.py:kalman_homography,
R,PREDICTION,PREDICTION,1
L,8,2456,PREDICTION,src/tracking/advanced_tracker.py:id_merge,
R,PREDICTION,PREDICTION,1
L,9,2456,PREDICTION,src/tracking/advanced_tracker.py:kalman_homography,
R,PREDICTION,PREDICTION,1
A,2456
S,0,2459,PREDICTION,src/tracking/advanced_tracker.py:kalman_homography,
S,2,2459,PREDICTION,src/tracking/advanced_tracker.py:kalman_homography,
S,3,2459,PREDICTION,src/tracking/advanced_tracker.py:kalman_homography,
S,4,2459,PREDICTION,src/tracking/advanced_tracker.py:kalman_homography,
S,5,2459,PREDICTION,src/tracking/advanced_tracker.py:kalman_homography,
S,7,2459,PREDICTION,src/tracking/advanced_tracker.py:kalman_homography,
S,8,2459,PREDICTION,src/tracking/advanced_tracker.py:kalman_homography,
S,9,2459,PREDICTION,src/tracking/advanced_tracker.py:kalman_homography,
S,6,2459,PREDICTION,src/tracking/advanced_tracker.py:flow_gapfill_batched,
D,2,2459
S,3,2459,PREDICTION,src/tracking/advanced_tracker.py:id_merge,
D,4,2459
S,3,2459,PREDICTION,src/tracking/advanced_tracker.py:id_merge,
D,5,2459
S,6,2459,PREDICTION,src/tracking/advanced_tracker.py:id_merge,
D,7,2459
S,6,2459,PREDICTION,src/tracking/advanced_tracker.py:id_merge,
D,6,2459
S,8,2459,PREDICTION,src/tracking/advanced_tracker.py:id_merge,
L,0,2459,PREDICTION,src/tracking/advanced_tracker.py:kalman_homography,
R,PREDICTION,PREDICTION,1
L,3,2459,PREDICTION,src/tracking/advanced_tracker.py:id_merge,
R,PREDICTION,PREDICTION,1
L,8,2459,PREDICTION,src/tracking/advanced_tracker.py:id_merge,
R,PREDICTION,PREDICTION,1
L,9,2459,PREDICTION,src/tracking/advanced_tracker.py:kalman_homography,
R,PREDICTION,PREDICTION,1
A,2459
S,7,2462,DETECTION,src/tracking/advanced_tracker.py:_activate_slot,2462_246_877_604_1021
S,8,2462,DETECTION,src/tracking/advanced_tracker.py:_activate_slot,2462_294_1521_588_1629
S,0,2462,PREDICTION,src/tracking/advanced_tracker.py:kalman_homography,
S,2,2462,PREDICTION,src/tracking/advanced_tracker.py:kalman_homography,
S,3,2462,PREDICTION,src/tracking/advanced_tracker.py:kalman_homography,
S,4,2462,PREDICTION,src/tracking/advanced_tracker.py:kalman_homography,
S,5,2462,PREDICTION,src/tracking/advanced_tracker.py:kalman_homography,
S,6,2462,PREDICTION,src/tracking/advanced_tracker.py:flow_gapfill_batched,
D,2,2462
S,3,2462,PREDICTION,src/tracking/advanced_tracker.py:id_merge,
D,4,2462
S,3,2462,PREDICTION,src/tracking/advanced_tracker.py:id_merge,
D,6,2462
S,7,2462,PREDICTION,src/tracking/advanced_tracker.py:id_merge,
D,7,2462
S,8,2462,PREDICTION,src/tracking/advanced_tracker.py:id_merge,
L,0,2462,PREDICTION,src/tracking/advanced_tracker.py:kalman_homography,
R,PREDICTION,PREDICTION,1
L,3,2462,PREDICTION,src/tracking/advanced_tracker.py:id_merge,
R,PREDICTION,PREDICTION,1
L,5,2462,PREDICTION,src/tracking/advanced_tracker.py:kalman_homography,
R,PREDICTION,PREDICTION,1
L,8,2462,PREDICTION,src/tracking/advanced_tracker.py:id_merge,
R,PREDICTION,PREDICTION,1
A,2462
S,0,2465,DETECTION,src/tracking/advanced_tracker.py:_activate_slot,2465_683_21_1032_213
S,4,2465,DETECTION,src/tracking/advanced_tracker.py:_activate_slot,2465_468_1806_1028_1935
S,7,2465,DETECTION,src/tracking/advanced_tracker.py:_activate_slot,2465_224_882_594_1029
S,2,2465,PREDICTION,src/tracking/advanced_tracker.py:kalman_homography,
S,3,2465,PREDICTION,src/tracking/advanced_tracker.py:kalman_homography,
S,5,2465,PREDICTION,src/tracking/advanced_tracker.py:kalman_homography,
S,8,2465,PREDICTION,src/tracking/advanced_tracker.py:kalman_homography,
S,6,2465,PREDICTION,src/tracking/advanced_tracker.py:flow_gapfill_batched,
D,2,2465
S,3,2465,PREDICTION,src/tracking/advanced_tracker.py:id_merge,
D,3,2465
S,4,2465,PREDICTION,src/tracking/advanced_tracker.py:id_merge,
D,6,2465
S,7,2465,PREDICTION,src/tracking/advanced_tracker.py:id_merge,
D,8,2465
S,7,2465,PREDICTION,src/tracking/advanced_tracker.py:id_merge,
L,0,2465,DETECTION,src/tracking/advanced_tracker.py:_activate_slot,2465_683_21_1032_213
R,DETECTION,DETECTION,1
L,4,2465,PREDICTION,src/tracking/advanced_tracker.py:id_merge,
R,PREDICTION,PREDICTION,1
L,5,2465,PREDICTION,src/tracking/advanced_tracker.py:kalman_homography,
R,PREDICTION,PREDICTION,1
L,7,2465,PREDICTION,src/tracking/advanced_tracker.py:id_merge,
R,PREDICTION,PREDICTION,1
A,2465
S,0,2468,DETECTION,src/tracking/advanced_tracker.py:_activate_slot,2468_673_-5_1032_204
S,7,2468,DETECTION,src/tracking/advanced_tracker.py:_activate_slot,2468_186_879_555_1041
S,3,2468,PREDICTION,src/tracking/advanced_tracker.py:kalman_homography,
S,5,2468,PREDICTION,src/tracking/advanced_tracker.py:kalman_homography,
S,8,2468,PREDICTION,src/tracking/advanced_tracker.py:kalman_homography,
S,2,2468,PREDICTION,src/tracking/advanced_tracker.py:flow_gapfill_batched,
S,6,2468,PREDICTION,src/tracking/advanced_tracker.py:flow_gapfill_batched,
S,9,2468,PREDICTION,src/tracking/advanced_tracker.py:flow_gapfill_batched,
D,2,2468
S,3,2468,PREDICTION,src/tracking/advanced_tracker.py:id_merge,
D,6,2468
S,7,2468,PREDICTION,src/tracking/advanced_tracker.py:id_merge,
D,8,2468
S,7,2468,PREDICTION,src/tracking/advanced_tracker.py:id_merge,
L,0,2468,DETECTION,src/tracking/advanced_tracker.py:_activate_slot,2468_673_-5_1032_204
R,DETECTION,DETECTION,1
L,3,2468,PREDICTION,src/tracking/advanced_tracker.py:id_merge,
R,PREDICTION,PREDICTION,1
L,5,2468,PREDICTION,src/tracking/advanced_tracker.py:kalman_homography,
R,PREDICTION,PREDICTION,1
L,7,2468,PREDICTION,src/tracking/advanced_tracker.py:id_merge,
R,PREDICTION,PREDICTION,1
L,9,2468,PREDICTION,src/tracking/advanced_tracker.py:flow_gapfill_batched,
R,CLAMP,CLAMP,0
A,2468
S,0,2471,DETECTION,src/tracking/advanced_tracker.py:_activate_slot,2471_667_-15_1032_213
S,7,2471,DETECTION,src/tracking/advanced_tracker.py:_activate_slot,2471_164_886_539_1054
S,9,2471,CLAMP,src/tracking/advanced_tracker.py:_activate_slot,2471_137_117_508_279
S,3,2471,PREDICTION,src/tracking/advanced_tracker.py:kalman_homography,
S,5,2471,PREDICTION,src/tracking/advanced_tracker.py:kalman_homography,
S,8,2471,PREDICTION,src/tracking/advanced_tracker.py:kalman_homography,
S,4,2471,PREDICTION,src/tracking/advanced_tracker.py:flow_gapfill_batched,
S,6,2471,PREDICTION,src/tracking/advanced_tracker.py:flow_gapfill_batched,
D,3,2471
S,4,2471,PREDICTION,src/tracking/advanced_tracker.py:id_merge,
D,6,2471
S,7,2471,PREDICTION,src/tracking/advanced_tracker.py:id_merge,
D,8,2471
S,7,2471,PREDICTION,src/tracking/advanced_tracker.py:id_merge,
L,0,2471,DETECTION,src/tracking/advanced_tracker.py:_activate_slot,2471_667_-15_1032_213
R,DETECTION,SUBPIXEL,0
L,4,2471,PREDICTION,src/tracking/advanced_tracker.py:id_merge,
R,PREDICTION,PREDICTION,1
L,5,2471,PREDICTION,src/tracking/advanced_tracker.py:kalman_homography,
R,PREDICTION,PREDICTION,1
L,7,2471,PREDICTION,src/tracking/advanced_tracker.py:id_merge,
R,PREDICTION,PREDICTION,1
L,9,2471,CLAMP,src/tracking/advanced_tracker.py:_activate_slot,2471_137_117_508_279
R,CLAMP,CLAMP,0
A,2471
S,0,2474,DETECTION,src/tracking/advanced_tracker.py:_activate_slot,2474_668_-15_1029_228
S,7,2474,DETECTION,src/tracking/advanced_tracker.py:_activate_slot,2474_150_903_511_1065
S,9,2474,CLAMP,src/tracking/advanced_tracker.py:_activate_slot,2474_125_117_493_288
S,3,2474,PREDICTION,src/tracking/advanced_tracker.py:kalman_homography,
S,8,2474,PREDICTION,src/tracking/advanced_tracker.py:kalman_homography,
S,4,2474,PREDICTION,src/tracking/advanced_tracker.py:flow_gapfill_batched,
S,5,2474,PREDICTION,src/tracking/advanced_tracker.py:flow_gapfill_batched,
S,6,2474,PREDICTION,src/tracking/advanced_tracker.py:flow_gapfill_batched,
D,3,2474
S,4,2474,PREDICTION,src/tracking/advanced_tracker.py:id_merge,
D,6,2474
S,7,2474,PREDICTION,src/tracking/advanced_tracker.py:id_merge,
D,8,2474
S,7,2474,PREDICTION,src/tracking/advanced_tracker.py:id_merge,
L,0,2474,DETECTION,src/tracking/advanced_tracker.py:_activate_slot,2474_668_-15_1029_228
R,DETECTION,DETECTION,1
L,4,2474,PREDICTION,src/tracking/advanced_tracker.py:id_merge,
R,PREDICTION,PREDICTION,1
L,5,2474,PREDICTION,src/tracking/advanced_tracker.py:flow_gapfill_batched,
R,PREDICTION,PREDICTION,1
L,7,2474,PREDICTION,src/tracking/advanced_tracker.py:id_merge,
R,PREDICTION,PREDICTION,1
L,9,2474,CLAMP,src/tracking/advanced_tracker.py:_activate_slot,2474_125_117_493_288
R,CLAMP,CLAMP,0
A,2474
S,0,2477,DETECTION,src/tracking/advanced_tracker.py:_activate_slot,2477_654_-15_1032_240
S,7,2477,DETECTION,src/tracking/advanced_tracker.py:_activate_slot,2477_133_910_498_1075
S,9,2477,DETECTION,src/tracking/advanced_tracker.py:_activate_slot,2477_107_130_483_300
S,8,2477,PREDICTION,src/tracking/advanced_tracker.py:kalman_homography,
S,3,2477,PREDICTION,src/tracking/advanced_tracker.py:flow_gapfill_batched,
S,4,2477,PREDICTION,src/tracking/advanced_tracker.py:flow_gapfill_batched,
S,6,2477,PREDICTION,src/tracking/advanced_tracker.py:flow_gapfill_batched,
D,6,2477
S,8,2477,PREDICTION,src/tracking/advanced_tracker.py:id_merge,
D,8,2477
S,7,2477,PREDICTION,src/tracking/advanced_tracker.py:id_merge,
L,0,2477,DETECTION,src/tracking/advanced_tracker.py:_activate_slot,2477_654_-15_1032_240
R,DETECTION,DETECTION,1
L,3,2477,PREDICTION,src/tracking/advanced_tracker.py:flow_gapfill_batched,
R,PREDICTION,PREDICTION,1
L,4,2477,PREDICTION,src/tracking/advanced_tracker.py:flow_gapfill_batched,
R,PREDICTION,PREDICTION,1
L,7,2477,PREDICTION,src/tracking/advanced_tracker.py:id_merge,
R,PREDICTION,PREDICTION,1
L,9,2477,DETECTION,src/tracking/advanced_tracker.py:_activate_slot,2477_107_130_483_300
R,CLAMP,CLAMP,0
A,2477
S,0,2480,DETECTION,src/tracking/advanced_tracker.py:_activate_slot,2480_640_-6_1027_249
S,7,2480,DETECTION,src/tracking/advanced_tracker.py:_activate_slot,2480_117_922_493_1081
S,9,2480,DETECTION,src/tracking/advanced_tracker.py:_activate_slot,2480_92_140_483_310
S,8,2480,PREDICTION,src/tracking/advanced_tracker.py:kalman_homography,
S,4,2480,PREDICTION,src/tracking/advanced_tracker.py:flow_gapfill_batched,
D,8,2480
S,7,2480,PREDICTION,src/tracking/advanced_tracker.py:id_merge,
L,0,2480,DETECTION,src/tracking/advanced_tracker.py:_activate_slot,2480_640_-6_1027_249
R,DETECTION,DETECTION,1
L,4,2480,PREDICTION,src/tracking/advanced_tracker.py:flow_gapfill_batched,
R,PREDICTION,SUBPIXEL,0
L,7,2480,PREDICTION,src/tracking/advanced_tracker.py:id_merge,
R,PREDICTION,PREDICTION,1
L,9,2480,DETECTION,src/tracking/advanced_tracker.py:_activate_slot,2480_92_140_483_310
R,CLAMP,CLAMP,0
A,2480
S,7,2483,DETECTION,src/tracking/advanced_tracker.py:_activate_slot,2483_99_933_478_1089
S,9,2483,DETECTION,src/tracking/advanced_tracker.py:_activate_slot,2483_75_143_484_317
S,1,2483,DETECTION,src/tracking/advanced_tracker.py:_activate_slot,2483_298_748_796_979
S,0,2483,PREDICTION,src/tracking/advanced_tracker.py:kalman_homography,
S,8,2483,PREDICTION,src/tracking/advanced_tracker.py:kalman_homography,
S,4,2483,PREDICTION,src/tracking/advanced_tracker.py:flow_gapfill_batched,
D,4,2483
S,1,2483,PREDICTION,src/tracking/advanced_tracker.py:id_merge,
D,8,2483
S,7,2483,PREDICTION,src/tracking/advanced_tracker.py:id_merge,
L,0,2483,PREDICTION,src/tracking/advanced_tracker.py:kalman_homography,
R,PREDICTION,PREDICTION,1
L,1,2483,PREDICTION,src/tracking/advanced_tracker.py:id_merge,
R,PREDICTION,PREDICTION,1
L,7,2483,PREDICTION,src/tracking/advanced_tracker.py:id_merge,
R,PREDICTION,PREDICTION,1
L,9,2483,DETECTION,src/tracking/advanced_tracker.py:_activate_slot,2483_75_143_484_317
R,CLAMP,CLAMP,0
A,2483
S,1,2486,DETECTION,src/tracking/advanced_tracker.py:_activate_slot,2486_282_759_794_990
S,7,2486,DETECTION,src/tracking/advanced_tracker.py:_activate_slot,2486_85_946_437_1099
S,9,2486,DETECTION,src/tracking/advanced_tracker.py:_activate_slot,2486_62_165_465_329
S,0,2486,PREDICTION,src/tracking/advanced_tracker.py:kalman_homography,
S,4,2486,PREDICTION,src/tracking/advanced_tracker.py:flow_gapfill_batched,
S,8,2486,PREDICTION,src/tracking/advanced_tracker.py:flow_gapfill_batched,
D,4,2486
S,1,2486,PREDICTION,src/tracking/advanced_tracker.py:id_merge,
D,8,2486
S,7,2486,PREDICTION,src/tracking/advanced_tracker.py:id_merge,
L,0,2486,PREDICTION,src/tracking/advanced_tracker.py:kalman_homography,
R,PREDICTION,PREDICTION,1
L,1,2486,PREDICTION,src/tracking/advanced_tracker.py:id_merge,
R,PREDICTION,PREDICTION,1
L,7,2486,PREDICTION,src/tracking/advanced_tracker.py:id_merge,
R,PREDICTION,PREDICTION,1
L,9,2486,DETECTION,src/tracking/advanced_tracker.py:_activate_slot,2486_62_165_465_329
R,CLAMP,CLAMP,0
A,2486
S,7,2489,DETECTION,src/tracking/advanced_tracker.py:_activate_slot,2489_66_963_447_1119
S,9,2489,DETECTION,src/tracking/advanced_tracker.py:_activate_slot,2489_46_186_414_346
S,2,2489,DETECTION,src/tracking/advanced_tracker.py:_activate_slot,2489_411_1446_910_1632
S,0,2489,PREDICTION,src/tracking/advanced_tracker.py:kalman_homography,
S,1,2489,PREDICTION,src/tracking/advanced_tracker.py:kalman_homography,
S,4,2489,PREDICTION,src/tracking/advanced_tracker.py:flow_gapfill_batched,
D,1,2489
S,2,2489,PREDICTION,src/tracking/advanced_tracker.py:id_merge,
D,4,2489
S,2,2489,PREDICTION,src/tracking/advanced_tracker.py:id_merge,
L,0,2489,PREDICTION,src/tracking/advanced_tracker.py:kalman_homography,
R,PREDICTION,PREDICTION,1
L,2,2489,PREDICTION,src/tracking/advanced_tracker.py:id_merge,
R,PREDICTION,PREDICTION,1
L,7,2489,DETECTION,src/tracking/advanced_tracker.py:_activate_slot,2489_66_963_447_1119
R,DETECTION,DETECTION,1
L,9,2489,DETECTION,src/tracking/advanced_tracker.py:_activate_slot,2489_46_186_414_346
R,CLAMP,CLAMP,0
A,2489
S,2,2492,DETECTION,src/tracking/advanced_tracker.py:_activate_slot,2492_360_1404_891_1638
S,1,2492,DETECTION,src/tracking/advanced_tracker.py:_activate_slot,2492_304_801_769_1029
S,7,2492,DETECTION,src/tracking/advanced_tracker.py:_activate_slot,2492_51_985_438_1150
S,9,2492,DETECTION,src/tracking/advanced_tracker.py:_activate_slot,2492_34_221_434_381
S,0,2492,PREDICTION,src/tracking/advanced_tracker.py:kalman_homography,
D,1,2492
S,2,2492,PREDICTION,src/tracking/advanced_tracker.py:id_merge,
L,0,2492,PREDICTION,src/tracking/advanced_tracker.py:kalman_homography,
R,PREDICTION,PREDICTION,1
L,2,2492,PREDICTION,src/tracking/advanced_tracker.py:id_merge,
R,PREDICTION,PREDICTION,1
L,7,2492,DETECTION,src/tracking/advanced_tracker.py:_activate_slot,2492_51_985_438_1150
R,DETECTION,DETECTION,1
L,9,2492,DETECTION,src/tracking/advanced_tracker.py:_activate_slot,2492_34_221_434_381
R,CLAMP,CLAMP,0
A,2492
S,2,2495,DETECTION,src/tracking/advanced_tracker.py:_activate_slot,2495_320_1350_843_1672
S,7,2495,DETECTION,src/tracking/advanced_tracker.py:_activate_slot,2495_42_1026_395_1188
S,9,2495,DETECTION,src/tracking/advanced_tracker.py:_activate_slot,2495_23_269_391_435
S,5,2495,DETECTION,src/tracking/advanced_tracker.py:_activate_slot,2495_44_1576_357_1702
S,0,2495,PREDICTION,src/tracking/advanced_tracker.py:kalman_homography,
S,1,2495,PREDICTION,src/tracking/advanced_tracker.py:kalman_homography,
D,1,2495
S,2,2495,PREDICTION,src/tracking/advanced_tracker.py:id_merge,
D,5,2495
S,7,2495,PREDICTION,src/tracking/advanced_tracker.py:id_merge,
L,0,2495,PREDICTION,src/tracking/advanced_tracker.py:kalman_homography,
R,PREDICTION,PREDICTION,1
L,2,2495,PREDICTION,src/tracking/advanced_tracker.py:id_merge,
R,PREDICTION,PREDICTION,1
L,7,2495,PREDICTION,src/tracking/advanced_tracker.py:id_merge,
R,PREDICTION,PREDICTION,1
L,9,2495,DETECTION,src/tracking/advanced_tracker.py:_activate_slot,2495_23_269_391_435
R,CLAMP,CLAMP,0
A,2495
S,2,2498,DETECTION,src/tracking/advanced_tracker.py:_activate_slot,2498_310_1362_789_1663
S,5,2498,DETECTION,src/tracking/advanced_tracker.py:_activate_slot,2498_20_1624_329_1756
S,7,2498,DETECTION,src/tracking/advanced_tracker.py:_activate_slot,2498_26_1065_396_1233
S,9,2498,DETECTION,src/tracking/advanced_tracker.py:_activate_slot,2498_-6_322_371_478
S,3,2498,DETECTION,src/tracking/advanced_tracker.py:_activate_slot,2498_606_187_903_450
S,6,2498,DETECTION,src/tracking/advanced_tracker.py:_activate_slot,2498_283_909_804_1122
S,0,2498,PREDICTION,src/tracking/advanced_tracker.py:kalman_homography,
S,1,2498,PREDICTION,src/tracking/advanced_tracker.py:kalman_homography,
D,1,2498
S,2,2498,PREDICTION,src/tracking/advanced_tracker.py:id_merge,
D,5,2498
S,7,2498,PREDICTION,src/tracking/advanced_tracker.py:id_merge,
L,0,2498,PREDICTION,src/tracking/advanced_tracker.py:kalman_homography,
R,PREDICTION,PREDICTION,1
L,2,2498,PREDICTION,src/tracking/advanced_tracker.py:id_merge,
R,PREDICTION,PREDICTION,1
L,3,2498,DETECTION,src/tracking/advanced_tracker.py:_activate_slot,2498_606_187_903_450
R,CLAMP,CLAMP,0
L,6,2498,DETECTION,src/tracking/advanced_tracker.py:_activate_slot,2498_283_909_804_1122
R,DETECTION,DETECTION,1
L,7,2498,PREDICTION,src/tracking/advanced_tracker.py:id_merge,
R,PREDICTION,PREDICTION,1
L,9,2498,DETECTION,src/tracking/advanced_tracker.py:_activate_slot,2498_-6_322_371_478
R,CLAMP,CLAMP,0
A,2498
S,2,2501,DETECTION,src/tracking/advanced_tracker.py:_activate_slot,2501_287_1303_762_1602
S,3,2501,DETECTION,src/tracking/advanced_tracker.py:_activate_slot,2501_604_217_907_514
S,5,2501,DETECTION,src/tracking/advanced_tracker.py:_activate_slot,2501_-3_1668_306_1794
S,7,2501,DETECTION,src/tracking/advanced_tracker.py:_activate_slot,2501_14_1104_338_1281
S,9,2501,DETECTION,src/tracking/advanced_tracker.py:_activate_slot,2501_-14_357_348_519
S,0,2501,PREDICTION,src/tracking/advanced_tracker.py:kalman_homography,
S,1,2501,PREDICTION,src/tracking/advanced_tracker.py:kalman_homography,
S,6,2501,PREDICTION,src/tracking/advanced_tracker.py:kalman_homography,
D,1,2501
S,2,2501,PREDICTION,src/tracking/advanced_tracker.py:id_merge,
D,5,2501
S,7,2501,PREDICTION,src/tracking/advanced_tracker.py:id_merge,
L,0,2501,PREDICTION,src/tracking/advanced_tracker.py:kalman_homography,
R,PREDICTION,PREDICTION,1
L,2,2501,PREDICTION,src/tracking/advanced_tracker.py:id_merge,
R,PREDICTION,PREDICTION,1
L,3,2501,DETECTION,src/tracking/advanced_tracker.py:_activate_slot,2501_604_217_907_514
R,CLAMP,CLAMP,0
L,6,2501,PREDICTION,src/tracking/advanced_tracker.py:kalman_homography,
R,PREDICTION,PREDICTION,1
L,7,2501,PREDICTION,src/tracking/advanced_tracker.py:id_merge,
R,PREDICTION,PREDICTION,1
L,9,2501,DETECTION,src/tracking/advanced_tracker.py:_activate_slot,2501_-14_357_348_519
R,CLAMP,CLAMP,0
A,2501
S,2,2504,DETECTION,src/tracking/advanced_tracker.py:_activate_slot,2504_220_1227_724_1506
S,3,2504,DETECTION,src/tracking/advanced_tracker.py:_activate_slot,2504_582_234_908_547
S,5,2504,DETECTION,src/tracking/advanced_tracker.py:_activate_slot,2504_-15_1687_278_1813
S,7,2504,DETECTION,src/tracking/advanced_tracker.py:_activate_slot,2504_-11_1116_297_1323
S,9,2504,DETECTION,src/tracking/advanced_tracker.py:_activate_slot,2504_89_293_304_440
S,1,2504,PREDICTION,src/tracking/advanced_tracker.py:kalman_homography,
S,6,2504,PREDICTION,src/tracking/advanced_tracker.py:kalman_homography,
S,0,2504,PREDICTION,src/tracking/advanced_tracker.py:flow_gapfill_batched,
D,1,2504
S,2,2504,PREDICTION,src/tracking/advanced_tracker.py:id_merge,
D,5,2504
S,7,2504,PREDICTION,src/tracking/advanced_tracker.py:id_merge,
L,0,2504,PREDICTION,src/tracking/advanced_tracker.py:flow_gapfill_batched,
R,PREDICTION,PREDICTION,1
L,2,2504,PREDICTION,src/tracking/advanced_tracker.py:id_merge,
R,PREDICTION,PREDICTION,1
L,3,2504,DETECTION,src/tracking/advanced_tracker.py:_activate_slot,2504_582_234_908_547
R,CLAMP,CLAMP,0
L,6,2504,PREDICTION,src/tracking/advanced_tracker.py:kalman_homography,
R,PREDICTION,SUBPIXEL,0
L,7,2504,PREDICTION,src/tracking/advanced_tracker.py:id_merge,
R,PREDICTION,PREDICTION,1
L,9,2504,DETECTION,src/tracking/advanced_tracker.py:_activate_slot,2504_89_293_304_440
R,CLAMP,CLAMP,0
A,2504
S,2,2507,DETECTION,src/tracking/advanced_tracker.py:_activate_slot,2507_181_1168_684_1477
S,3,2507,DETECTION,src/tracking/advanced_tracker.py:_activate_slot,2507_546_247_902_550
S,5,2507,DETECTION,src/tracking/advanced_tracker.py:_activate_slot,2507_-14_1683_254_1815
S,7,2507,DETECTION,src/tracking/advanced_tracker.py:_activate_slot,2507_-12_1128_267_1352
S,9,2507,DETECTION,src/tracking/advanced_tracker.py:_activate_slot,2507_50_292_266_433
S,8,2507,DETECTION,src/tracking/advanced_tracker.py:_activate_slot,2507_-11_1497_169_1623
S,1,2507,PREDICTION,src/tracking/advanced_tracker.py:kalman_homography,
S,6,2507,PREDICTION,src/tracking/advanced_tracker.py:kalman_homography,
D,5,2507
S,7,2507,PREDICTION,src/tracking/advanced_tracker.py:id_merge,
D,7,2507
S,8,2507,PREDICTION,src/tracking/advanced_tracker.py:id_merge,
L,1,2507,PREDICTION,src/tracking/advanced_tracker.py:kalman_homography,
R,PREDICTION,PREDICTION,1
L,2,2507,DETECTION,src/tracking/advanced_tracker.py:_activate_slot,2507_181_1168_684_1477
R,DETECTION,DETECTION,1
L,3,2507,DETECTION,src/tracking/advanced_tracker.py:_activate_slot,2507_546_247_902_550
R,CLAMP,CLAMP,0
L,6,2507,PREDICTION,src/tracking/advanced_tracker.py:kalman_homography,
R,PREDICTION,SUBPIXEL,0
L,8,2507,PREDICTION,src/tracking/advanced_tracker.py:id_merge,
R,PREDICTION,PREDICTION,1
L,9,2507,DETECTION,src/tracking/advanced_tracker.py:_activate_slot,2507_50_292_266_433
R,CLAMP,CLAMP,0
A,2507
S,2,2510,DETECTION,src/tracking/advanced_tracker.py:_activate_slot,2510_154_1119_632_1431
S,3,2510,DETECTION,src/tracking/advanced_tracker.py:_activate_slot,2510_525_250_899_539
S,7,2510,DETECTION,src/tracking/advanced_tracker.py:_activate_slot,2510_-10_1126_274_1384
S,8,2510,DETECTION,src/tracking/advanced_tracker.py:_activate_slot,2510_-15_1498_135_1624
S,5,2510,DETECTION,src/tracking/advanced_tracker.py:_activate_slot,2510_-15_1689_228_1863
S,1,2510,PREDICTION,src/tracking/advanced_tracker.py:kalman_homography,
S,6,2510,PREDICTION,src/tracking/advanced_tracker.py:kalman_homography,
S,9,2510,PREDICTION,src/tracking/advanced_tracker.py:kalman_homography,
D,5,2510
S,7,2510,PREDICTION,src/tracking/advanced_tracker.py:id_merge,
D,7,2510
S,8,2510,PREDICTION,src/tracking/advanced_tracker.py:id_merge,
L,1,2510,PREDICTION,src/tracking/advanced_tracker.py:kalman_homography,
R,PREDICTION,PREDICTION,1
L,2,2510,DETECTION,src/tracking/advanced_tracker.py:_activate_slot,2510_154_1119_632_1431
R,DETECTION,DETECTION,1
L,3,2510,DETECTION,src/tracking/advanced_tracker.py:_activate_slot,2510_525_250_899_539
R,CLAMP,CLAMP,0
L,6,2510,PREDICTION,src/tracking/advanced_tracker.py:kalman_homography,
R,PREDICTION,SUBPIXEL,0
L,8,2510,PREDICTION,src/tracking/advanced_tracker.py:id_merge,
R,PREDICTION,PREDICTION,1
L,9,2510,PREDICTION,src/tracking/advanced_tracker.py:kalman_homography,
R,CLAMP,CLAMP,0
A,2510
S,2,2513,DETECTION,src/tracking/advanced_tracker.py:_activate_slot,2513_108_1104_592_1371
S,3,2513,DETECTION,src/tracking/advanced_tracker.py:_activate_slot,2513_522_225_903_527
S,5,2513,DETECTION,src/tracking/advanced_tracker.py:_activate_slot,2513_-14_1695_188_1869
S,7,2513,DETECTION,src/tracking/advanced_tracker.py:_activate_slot,2513_-13_685_405_870
S,1,2513,PREDICTION,src/tracking/advanced_tracker.py:kalman_homography,
S,6,2513,PREDICTION,src/tracking/advanced_tracker.py:kalman_homography,
S,8,2513,PREDICTION,src/tracking/advanced_tracker.py:kalman_homography,
S,9,2513,PREDICTION,src/tracking/advanced_tracker.py:kalman_homography,
D,5,2513
S,7,2513,PREDICTION,src/tracking/advanced_tracker.py:id_merge,
D,8,2513
S,7,2513,PREDICTION,src/tracking/advanced_tracker.py:id_merge,
L,1,2513,PREDICTION,src/tracking/advanced_tracker.py:kalman_homography,
R,PREDICTION,PREDICTION,1
L,2,2513,DETECTION,src/tracking/advanced_tracker.py:_activate_slot,2513_108_1104_592_1371
R,DETECTION,DETECTION,1
L,3,2513,DETECTION,src/tracking/advanced_tracker.py:_activate_slot,2513_522_225_903_527
R,CLAMP,CLAMP,0
L,6,2513,PREDICTION,src/tracking/advanced_tracker.py:kalman_homography,
R,PREDICTION,SUBPIXEL,0
L,7,2513,PREDICTION,src/tracking/advanced_tracker.py:id_merge,
R,PREDICTION,PREDICTION,1
L,9,2513,PREDICTION,src/tracking/advanced_tracker.py:kalman_homography,
R,CLAMP,CLAMP,0
A,2513
S,3,2516,DETECTION,src/tracking/advanced_tracker.py:_activate_slot,2516_508_182_900_504
S,7,2516,DETECTION,src/tracking/advanced_tracker.py:_activate_slot,2516_-15_631_376_807
S,9,2516,DETECTION,src/tracking/advanced_tracker.py:_activate_slot,2516_-14_273_170_435
S,2,2516,PREDICTION,src/tracking/advanced_tracker.py:kalman_homography,
S,5,2516,PREDICTION,src/tracking/advanced_tracker.py:kalman_homography,
S,6,2516,PREDICTION,src/tracking/advanced_tracker.py:kalman_homography,
S,8,2516,PREDICTION,src/tracking/advanced_tracker.py:kalman_homography,
S,1,2516,PREDICTION,src/tracking/advanced_tracker.py:flow_gapfill_batched,
D,5,2516
S,7,2516,PREDICTION,src/tracking/advanced_tracker.py:id_merge,
D,8,2516
S,7,2516,PREDICTION,src/tracking/advanced_tracker.py:id_merge,
L,1,2516,PREDICTION,src/tracking/advanced_tracker.py:flow_gapfill_batched,
R,PREDICTION,PREDICTION,1
L,2,2516,PREDICTION,src/tracking/advanced_tracker.py:kalman_homography,
R,PREDICTION,PREDICTION,1
L,3,2516,DETECTION,src/tracking/advanced_tracker.py:_activate_slot,2516_508_182_900_504
R,CLAMP,CLAMP,0
L,6,2516,PREDICTION,src/tracking/advanced_tracker.py:kalman_homography,
R,PREDICTION,SUBPIXEL,0
L,7,2516,PREDICTION,src/tracking/advanced_tracker.py:id_merge,
R,PREDICTION,PREDICTION,1
L,9,2516,DETECTION,src/tracking/advanced_tracker.py:_activate_slot,2516_-14_273_170_435
R,CLAMP,CLAMP,0
A,2516
S,3,2519,DETECTION,src/tracking/advanced_tracker.py:_activate_slot,2519_486_142_903_465
S,4,2519,DETECTION,src/tracking/advanced_tracker.py:_activate_slot,2519_333_331_753_492
S,7,2519,DETECTION,src/tracking/advanced_tracker.py:_activate_slot,2519_-12_594_338_779
S,2,2519,PREDICTION,src/tracking/advanced_tracker.py:kalman_homography,
S,5,2519,PREDICTION,src/tracking/advanced_tracker.py:kalman_homography,
S,6,2519,PREDICTION,src/tracking/advanced_tracker.py:kalman_homography,
S,8,2519,PREDICTION,src/tracking/advanced_tracker.py:kalman_homography,
S,9,2519,PREDICTION,src/tracking/advanced_tracker.py:kalman_homography,
D,5,2519
S,7,2519,PREDICTION,src/tracking/advanced_tracker.py:id_merge,
D,8,2519
S,7,2519,PREDICTION,src/tracking/advanced_tracker.py:id_merge,
L,2,2519,PREDICTION,src/tracking/advanced_tracker.py:kalman_homography,
R,PREDICTION,PREDICTION,1
L,3,2519,DETECTION,src/tracking/advanced_tracker.py:_activate_slot,2519_486_142_903_465
R,CLAMP,CLAMP,0
L,4,2519,DETECTION,src/tracking/advanced_tracker.py:_activate_slot,2519_333_331_753_492
R,CLAMP,CLAMP,0
L,6,2519,PREDICTION,src/tracking/advanced_tracker.py:kalman_homography,
R,PREDICTION,SUBPIXEL,0
L,7,2519,PREDICTION,src/tracking/advanced_tracker.py:id_merge,
R,PREDICTION,PREDICTION,1
L,9,2519,PREDICTION,src/tracking/advanced_tracker.py:kalman_homography,
R,CLAMP,CLAMP,0
A,2519
S,3,2522,DETECTION,src/tracking/advanced_tracker.py:_activate_slot,2522_435_120_903_445
S,7,2522,DETECTION,src/tracking/advanced_tracker.py:_activate_slot,2522_-12_541_308_724
S,2,2522,PREDICTION,src/tracking/advanced_tracker.py:kalman_homography,
S,4,2522,PREDICTION,src/tracking/advanced_tracker.py:kalman_homography,
S,5,2522,PREDICTION,src/tracking/advanced_tracker.py:kalman_homography,
S,8,2522,PREDICTION,src/tracking/advanced_tracker.py:kalman_homography,
S,9,2522,PREDICTION,src/tracking/advanced_tracker.py:kalman_homography,
S,6,2522,PREDICTION,src/tracking/advanced_tracker.py:flow_gapfill_batched,
D,8,2522
S,5,2522,PREDICTION,src/tracking/advanced_tracker.py:id_merge,
L,2,2522,PREDICTION,src/tracking/advanced_tracker.py:kalman_homography,
R,PREDICTION,PREDICTION,1
L,3,2522,DETECTION,src/tracking/advanced_tracker.py:_activate_slot,2522_435_120_903_445
R,CLAMP,CLAMP,0
L,4,2522,PREDICTION,src/tracking/advanced_tracker.py:kalman_homography,
R,CLAMP,CLAMP,0
L,5,2522,PREDICTION,src/tracking/advanced_tracker.py:id_merge,
R,PREDICTION,PREDICTION,1
L,6,2522,PREDICTION,src/tracking/advanced_tracker.py:flow_gapfill_batched,
R,PREDICTION,PREDICTION,1
L,7,2522,DETECTION,src/tracking/advanced_tracker.py:_activate_slot,2522_-12_541_308_724
R,DETECTION,DETECTION,1
L,9,2522,PREDICTION,src/tracking/advanced_tracker.py:kalman_homography,
R,CLAMP,CLAMP,0
A,2522
S,3,2525,DETECTION,src/tracking/advanced_tracker.py:_activate_slot,2525_411_98_900_395
S,7,2525,DETECTION,src/tracking/advanced_tracker.py:_activate_slot,2525_-13_501_272_692
S,0,2525,DETECTION,src/tracking/advanced_tracker.py:_activate_slot,2525_-13_790_441_1044
S,2,2525,PREDICTION,src/tracking/advanced_tracker.py:kalman_homography,
S,4,2525,PREDICTION,src/tracking/advanced_tracker.py:kalman_homography,
S,5,2525,PREDICTION,src/tracking/advanced_tracker.py:kalman_homography,
S,8,2525,PREDICTION,src/tracking/advanced_tracker.py:kalman_homography,
S,9,2525,PREDICTION,src/tracking/advanced_tracker.py:kalman_homography,
D,2,2525
S,0,2525,PREDICTION,src/tracking/advanced_tracker.py:id_merge,
D,8,2525
S,5,2525,PREDICTION,src/tracking/advanced_tracker.py:id_merge,
L,0,2525,PREDICTION,src/tracking/advanced_tracker.py:id_merge,
R,PREDICTION,PREDICTION,1
L,3,2525,DETECTION,src/tracking/advanced_tracker.py:_activate_slot,2525_411_98_900_395
R,CLAMP,CLAMP,0
L,4,2525,PREDICTION,src/tracking/advanced_tracker.py:kalman_homography,
R,CLAMP,CLAMP,0
L,5,2525,PREDICTION,src/tracking/advanced_tracker.py:id_merge,
R,PREDICTION,PREDICTION,1
L,7,2525,DETECTION,src/tracking/advanced_tracker.py:_activate_slot,2525_-13_501_272_692
R,DETECTION,DETECTION,1
L,9,2525,PREDICTION,src/tracking/advanced_tracker.py:kalman_homography,
R,CLAMP,CLAMP,0
A,2525
S,7,2528,CLAMP,src/tracking/advanced_tracker.py:_activate_slot,2528_-13_713_388_992
S,0,2528,PREDICTION,src/tracking/advanced_tracker.py:kalman_homography,
S,2,2528,PREDICTION,src/tracking/advanced_tracker.py:kalman_homography,
L,0,2528,PREDICTION,src/tracking/advanced_tracker.py:kalman_homography,
R,CLAMP,CLAMP,0
L,2,2528,PREDICTION,src/tracking/advanced_tracker.py:kalman_homography,
R,CLAMP,CLAMP,0
L,7,2528,CLAMP,src/tracking/advanced_tracker.py:_activate_slot,2528_-13_713_388_992
R,CLAMP,CLAMP,0
A,2528
S,0,2531,PREDICTION,src/tracking/advanced_tracker.py:kalman_homography,
S,2,2531,PREDICTION,src/tracking/advanced_tracker.py:kalman_homography,
S,7,2531,PREDICTION,src/tracking/advanced_tracker.py:kalman_homography,
D,2,2531
S,0,2531,PREDICTION,src/tracking/advanced_tracker.py:id_merge,
L,0,2531,PREDICTION,src/tracking/advanced_tracker.py:id_merge,
R,CLAMP,CLAMP,0
L,7,2531,PREDICTION,src/tracking/advanced_tracker.py:kalman_homography,
R,CLAMP,CLAMP,0
A,2531
S,0,2534,PREDICTION,src/tracking/advanced_tracker.py:kalman_homography,
S,2,2534,PREDICTION,src/tracking/advanced_tracker.py:kalman_homography,
S,7,2534,PREDICTION,src/tracking/advanced_tracker.py:kalman_homography,
D,2,2534
S,0,2534,PREDICTION,src/tracking/advanced_tracker.py:id_merge,
L,0,2534,PREDICTION,src/tracking/advanced_tracker.py:id_merge,
R,CLAMP,CLAMP,0
L,7,2534,PREDICTION,src/tracking/advanced_tracker.py:kalman_homography,
R,CLAMP,CLAMP,0
A,2534
S,1,2537,DETECTION,src/tracking/advanced_tracker.py:_activate_slot,2537_63_1044_788_1437
S,0,2537,PREDICTION,src/tracking/advanced_tracker.py:kalman_homography,
S,7,2537,PREDICTION,src/tracking/advanced_tracker.py:kalman_homography,
S,2,2537,PREDICTION,src/tracking/advanced_tracker.py:flow_gapfill_batched,
L,0,2537,PREDICTION,src/tracking/advanced_tracker.py:kalman_homography,
R,CLAMP,CLAMP,0
L,1,2537,DETECTION,src/tracking/advanced_tracker.py:_activate_slot,2537_63_1044_788_1437
R,CLAMP,CLAMP,0
L,2,2537,PREDICTION,src/tracking/advanced_tracker.py:flow_gapfill_batched,
R,CLAMP,CLAMP,0
L,7,2537,PREDICTION,src/tracking/advanced_tracker.py:kalman_homography,
R,CLAMP,CLAMP,0
A,2537
S,1,2540,DETECTION,src/tracking/advanced_tracker.py:_activate_slot,2540_122_986_803_1436
S,0,2540,PREDICTION,src/tracking/advanced_tracker.py:kalman_homography,
S,7,2540,PREDICTION,src/tracking/advanced_tracker.py:kalman_homography,
L,0,2540,PREDICTION,src/tracking/advanced_tracker.py:kalman_homography,
R,CLAMP,CLAMP,0
L,1,2540,DETECTION,src/tracking/advanced_tracker.py:_activate_slot,2540_122_986_803_1436
R,CLAMP,CLAMP,0
L,7,2540,PREDICTION,src/tracking/advanced_tracker.py:kalman_homography,
R,CLAMP,CLAMP,0
A,2540
S,1,2543,DETECTION,src/tracking/advanced_tracker.py:_activate_slot,2543_99_1060_820_1498
S,6,2543,DETECTION,src/tracking/advanced_tracker.py:_activate_slot,2543_257_687_939_987
S,0,2543,PREDICTION,src/tracking/advanced_tracker.py:kalman_homography,
S,7,2543,PREDICTION,src/tracking/advanced_tracker.py:kalman_homography,
L,0,2543,PREDICTION,src/tracking/advanced_tracker.py:kalman_homography,
R,CLAMP,CLAMP,0
L,1,2543,DETECTION,src/tracking/advanced_tracker.py:_activate_slot,2543_99_1060_820_1498
R,CLAMP,CLAMP,0
L,6,2543,DETECTION,src/tracking/advanced_tracker.py:_activate_slot,2543_257_687_939_987
R,CLAMP,CLAMP,0
L,7,2543,PREDICTION,src/tracking/advanced_tracker.py:kalman_homography,
R,CLAMP,CLAMP,0
A,2543
S,1,2546,DETECTION,src/tracking/advanced_tracker.py:_activate_slot,2546_123_1159_828_1533
S,0,2546,PREDICTION,src/tracking/advanced_tracker.py:kalman_homography,
S,6,2546,PREDICTION,src/tracking/advanced_tracker.py:kalman_homography,
S,7,2546,PREDICTION,src/tracking/advanced_tracker.py:kalman_homography,
L,0,2546,PREDICTION,src/tracking/advanced_tracker.py:kalman_homography,
R,CLAMP,CLAMP,0
L,1,2546,DETECTION,src/tracking/advanced_tracker.py:_activate_slot,2546_123_1159_828_1533
R,CLAMP,CLAMP,0
L,6,2546,PREDICTION,src/tracking/advanced_tracker.py:kalman_homography,
R,CLAMP,CLAMP,0
L,7,2546,PREDICTION,src/tracking/advanced_tracker.py:kalman_homography,
R,CLAMP,CLAMP,0
A,2546
S,1,2549,DETECTION,src/tracking/advanced_tracker.py:_activate_slot,2549_103_1128_850_1536
S,6,2549,PREDICTION,src/tracking/advanced_tracker.py:kalman_homography,
S,7,2549,PREDICTION,src/tracking/advanced_tracker.py:kalman_homography,
S,0,2549,PREDICTION,src/tracking/advanced_tracker.py:flow_gapfill_batched,
L,0,2549,PREDICTION,src/tracking/advanced_tracker.py:flow_gapfill_batched,
R,CLAMP,CLAMP,0
L,1,2549,DETECTION,src/tracking/advanced_tracker.py:_activate_slot,2549_103_1128_850_1536
R,CLAMP,CLAMP,0
L,6,2549,PREDICTION,src/tracking/advanced_tracker.py:kalman_homography,
R,CLAMP,CLAMP,0
L,7,2549,PREDICTION,src/tracking/advanced_tracker.py:kalman_homography,
R,CLAMP,CLAMP,0
A,2549
S,1,2552,PREDICTION,src/tracking/advanced_tracker.py:kalman_homography,
S,6,2552,PREDICTION,src/tracking/advanced_tracker.py:kalman_homography,
S,7,2552,PREDICTION,src/tracking/advanced_tracker.py:flow_gapfill_batched,
L,1,2552,PREDICTION,src/tracking/advanced_tracker.py:kalman_homography,
R,CLAMP,CLAMP,0
L,6,2552,PREDICTION,src/tracking/advanced_tracker.py:kalman_homography,
R,CLAMP,CLAMP,0
L,7,2552,PREDICTION,src/tracking/advanced_tracker.py:flow_gapfill_batched,
R,CLAMP,CLAMP,0
A,2552
S,8,2555,DETECTION,src/tracking/advanced_tracker.py:_activate_slot,2555_100_1369_390_1570
S,1,2555,PREDICTION,src/tracking/advanced_tracker.py:kalman_homography,
S,6,2555,PREDICTION,src/tracking/advanced_tracker.py:kalman_homography,
L,1,2555,PREDICTION,src/tracking/advanced_tracker.py:kalman_homography,
R,CLAMP,CLAMP,0
L,6,2555,PREDICTION,src/tracking/advanced_tracker.py:kalman_homography,
R,CLAMP,CLAMP,0
L,8,2555,DETECTION,src/tracking/advanced_tracker.py:_activate_slot,2555_100_1369_390_1570
R,CLAMP,CLAMP,0
A,2555
S,8,2558,DETECTION,src/tracking/advanced_tracker.py:_activate_slot,2558_109_1303_387_1483
S,2,2558,DETECTION,src/tracking/advanced_tracker.py:_activate_slot,2558_454_1020_810_1239
S,5,2558,DETECTION,src/tracking/advanced_tracker.py:_activate_slot,2558_7_784_268_910
S,1,2558,PREDICTION,src/tracking/advanced_tracker.py:kalman_homography,
S,6,2558,PREDICTION,src/tracking/advanced_tracker.py:kalman_homography,
L,1,2558,PREDICTION,src/tracking/advanced_tracker.py:kalman_homography,
R,CLAMP,CLAMP,0
L,2,2558,DETECTION,src/tracking/advanced_tracker.py:_activate_slot,2558_454_1020_810_1239
R,CLAMP,CLAMP,0
L,5,2558,DETECTION,src/tracking/advanced_tracker.py:_activate_slot,2558_7_784_268_910
R,CLAMP,CLAMP,0
L,6,2558,PREDICTION,src/tracking/advanced_tracker.py:kalman_homography,
R,CLAMP,CLAMP,0
L,8,2558,DETECTION,src/tracking/advanced_tracker.py:_activate_slot,2558_109_1303_387_1483
R,CLAMP,CLAMP,0
A,2558
S,2,2561,DETECTION,src/tracking/advanced_tracker.py:_activate_slot,2561_451_1015_804_1215
S,8,2561,DETECTION,src/tracking/advanced_tracker.py:_activate_slot,2561_95_1245_384_1409
S,9,2561,DETECTION,src/tracking/advanced_tracker.py:_activate_slot,2561_73_1852_342_1933
S,1,2561,PREDICTION,src/tracking/advanced_tracker.py:kalman_homography,
S,5,2561,PREDICTION,src/tracking/advanced_tracker.py:kalman_homography,
S,6,2561,PREDICTION,src/tracking/advanced_tracker.py:kalman_homography,
L,1,2561,PREDICTION,src/tracking/advanced_tracker.py:kalman_homography,
R,CLAMP,CLAMP,0
L,2,2561,DETECTION,src/tracking/advanced_tracker.py:_activate_slot,2561_451_1015_804_1215
R,CLAMP,CLAMP,0
L,5,2561,PREDICTION,src/tracking/advanced_tracker.py:kalman_homography,
R,CLAMP,CLAMP,0
L,6,2561,PREDICTION,src/tracking/advanced_tracker.py:kalman_homography,
R,CLAMP,CLAMP,0
L,8,2561,DETECTION,src/tracking/advanced_tracker.py:_activate_slot,2561_95_1245_384_1409
R,CLAMP,CLAMP,0
L,9,2561,DETECTION,src/tracking/advanced_tracker.py:_activate_slot,2561_73_1852_342_1933
R,CLAMP,CLAMP,0
A,2561
S,2,2564,DETECTION,src/tracking/advanced_tracker.py:_activate_slot,2564_443_1005_789_1185
S,8,2564,DETECTION,src/tracking/advanced_tracker.py:_activate_slot,2564_98_1185_388_1362
S,1,2564,PREDICTION,src/tracking/advanced_tracker.py:kalman_homography,
S,5,2564,PREDICTION,src/tracking/advanced_tracker.py:kalman_homography,
S,6,2564,PREDICTION,src/tracking/advanced_tracker.py:kalman_homography,
S,9,2564,PREDICTION,src/tracking/advanced_tracker.py:kalman_homography,
L,1,2564,PREDICTION,src/tracking/advanced_tracker.py:kalman_homography,
R,CLAMP,CLAMP,0
L,2,2564,DETECTION,src/tracking/advanced_tracker.py:_activate_slot,2564_443_1005_789_1185
R,CLAMP,CLAMP,0
L,5,2564,PREDICTION,src/tracking/advanced_tracker.py:kalman_homography,
R,CLAMP,CLAMP,0
L,6,2564,PREDICTION,src/tracking/advanced_tracker.py:kalman_homography,
R,CLAMP,CLAMP,0
L,8,2564,DETECTION,src/tracking/advanced_tracker.py:_activate_slot,2564_98_1185_388_1362
R,CLAMP,CLAMP,0
L,9,2564,PREDICTION,src/tracking/advanced_tracker.py:kalman_homography,
R,CLAMP,CLAMP,0
A,2564
S,2,2567,DETECTION,src/tracking/advanced_tracker.py:_activate_slot,2567_445_996_789_1167
S,8,2567,DETECTION,src/tracking/advanced_tracker.py:_activate_slot,2567_116_1149_390_1328
S,5,2567,DETECTION,src/tracking/advanced_tracker.py:_activate_slot,2567_12_802_286_913
S,9,2567,DETECTION,src/tracking/advanced_tracker.py:_activate_slot,2567_92_1864_372_1933
S,1,2567,PREDICTION,src/tracking/advanced_tracker.py:kalman_homography,
S,6,2567,PREDICTION,src/tracking/advanced_tracker.py:flow_gapfill_batched,
L,1,2567,PREDICTION,src/tracking/advanced_tracker.py:kalman_homography,
R,CLAMP,CLAMP,0
L,2,2567,DETECTION,src/tracking/advanced_tracker.py:_activate_slot,2567_445_996_789_1167
R,CLAMP,CLAMP,0
L,5,2567,DETECTION,src/tracking/advanced_tracker.py:_activate_slot,2567_12_802_286_913
R,CLAMP,CLAMP,0
L,6,2567,PREDICTION,src/tracking/advanced_tracker.py:flow_gapfill_batched,
R,CLAMP,CLAMP,0
L,8,2567,DETECTION,src/tracking/advanced_tracker.py:_activate_slot,2567_116_1149_390_1328
R,CLAMP,CLAMP,0
L,9,2567,DETECTION,src/tracking/advanced_tracker.py:_activate_slot,2567_92_1864_372_1933
R,CLAMP,CLAMP,0
A,2567
S,2,2570,DETECTION,src/tracking/advanced_tracker.py:_activate_slot,2570_453_989_790_1164
S,8,2570,DETECTION,src/tracking/advanced_tracker.py:_activate_slot,2570_118_1114_392_1285
S,9,2570,DETECTION,src/tracking/advanced_tracker.py:_activate_slot,2570_94_1827_369_1935
S,1,2570,PREDICTION,src/tracking/advanced_tracker.py:kalman_homography,
S,5,2570,PREDICTION,src/tracking/advanced_tracker.py:kalman_homography,
L,1,2570,PREDICTION,src/tracking/advanced_tracker.py:kalman_homography,
R,CLAMP,CLAMP,0
L,2,2570,DETECTION,src/tracking/advanced_tracker.py:_activate_slot,2570_453_989_790_1164
R,CLAMP,CLAMP,0
L,5,2570,PREDICTION,src/tracking/advanced_tracker.py:kalman_homography,
R,CLAMP,CLAMP,0
L,8,2570,DETECTION,src/tracking/advanced_tracker.py:_activate_slot,2570_118_1114_392_1285
R,CLAMP,CLAMP,0
L,9,2570,DETECTION,src/tracking/advanced_tracker.py:_activate_slot,2570_94_1827_369_1935
R,CLAMP,CLAMP,0
A,2570
S,2,2573,DETECTION,src/tracking/advanced_tracker.py:_activate_slot,2573_451_999_783_1188
S,8,2573,DETECTION,src/tracking/advanced_tracker.py:_activate_slot,2573_110_1092_388_1263
S,9,2573,DETECTION,src/tracking/advanced_tracker.py:_activate_slot,2573_89_1797_369_1935
S,7,2573,DETECTION,src/tracking/advanced_tracker.py:_activate_slot,2573_173_1341_436_1539
S,5,2573,PREDICTION,src/tracking/advanced_tracker.py:kalman_homography,
S,1,2573,PREDICTION,src/tracking/advanced_tracker.py:flow_gapfill_batched,
L,1,2573,PREDICTION,src/tracking/advanced_tracker.py:flow_gapfill_batched,
R,CLAMP,CLAMP,0
L,2,2573,DETECTION,src/tracking/advanced_tracker.py:_activate_slot,2573_451_999_783_1188
R,CLAMP,CLAMP,0
L,5,2573,PREDICTION,src/tracking/advanced_tracker.py:kalman_homography,
R,CLAMP,CLAMP,0
L,7,2573,DETECTION,src/tracking/advanced_tracker.py:_activate_slot,2573_173_1341_436_1539
R,CLAMP,CLAMP,0
L,8,2573,DETECTION,src/tracking/advanced_tracker.py:_activate_slot,2573_110_1092_388_1263
R,CLAMP,CLAMP,0
L,9,2573,DETECTION,src/tracking/advanced_tracker.py:_activate_slot,2573_89_1797_369_1935
R,CLAMP,CLAMP,0
A,2573
S,2,2576,DETECTION,src/tracking/advanced_tracker.py:_activate_slot,2576_444_991_777_1186
S,7,2576,DETECTION,src/tracking/advanced_tracker.py:_activate_slot,2576_189_1281_434_1482
S,8,2576,DETECTION,src/tracking/advanced_tracker.py:_activate_slot,2576_75_1075_383_1261
S,9,2576,DETECTION,src/tracking/advanced_tracker.py:_activate_slot,2576_84_1794_367_1935
S,5,2576,PREDICTION,src/tracking/advanced_tracker.py:kalman_homography,
L,2,2576,DETECTION,src/tracking/advanced_tracker.py:_activate_slot,2576_444_991_777_1186
R,CLAMP,CLAMP,0
L,5,2576,PREDICTION,src/tracking/advanced_tracker.py:kalman_homography,
R,CLAMP,CLAMP,0
L,7,2576,DETECTION,src/tracking/advanced_tracker.py:_activate_slot,2576_189_1281_434_1482
R,CLAMP,CLAMP,0
L,8,2576,DETECTION,src/tracking/advanced_tracker.py:_activate_slot,2576_75_1075_383_1261
R,CLAMP,CLAMP,0
L,9,2576,DETECTION,src/tracking/advanced_tracker.py:_activate_slot,2576_84_1794_367_1935
R,CLAMP,CLAMP,0
A,2576
S,0,2579,DETECTION,src/tracking/advanced_tracker.py:_activate_slot,2579_209_1257_432_1455
S,2,2579,DETECTION,src/tracking/advanced_tracker.py:_activate_slot,2579_441_976_771_1180
S,8,2579,DETECTION,src/tracking/advanced_tracker.py:_activate_slot,2579_120_1059_384_1258
S,9,2579,DETECTION,src/tracking/advanced_tracker.py:_activate_slot,2579_84_1791_368_1929
S,5,2579,PREDICTION,src/tracking/advanced_tracker.py:kalman_homography,
S,7,2579,PREDICTION,src/tracking/advanced_tracker.py:kalman_homography,
L,0,2579,DETECTION,src/tracking/advanced_tracker.py:_activate_slot,2579_209_1257_432_1455
R,CLAMP,CLAMP,0
L,2,2579,DETECTION,src/tracking/advanced_tracker.py:_activate_slot,2579_441_976_771_1180
R,CLAMP,CLAMP,0
L,5,2579,PREDICTION,src/tracking/advanced_tracker.py:kalman_homography,
R,CLAMP,CLAMP,0
L,7,2579,PREDICTION,src/tracking/advanced_tracker.py:kalman_homography,
R,CLAMP,CLAMP,0
L,8,2579,DETECTION,src/tracking/advanced_tracker.py:_activate_slot,2579_120_1059_384_1258
R,CLAMP,CLAMP,0
L,9,2579,DETECTION,src/tracking/advanced_tracker.py:_activate_slot,2579_84_1791_368_1929
R,CLAMP,CLAMP,0
A,2579
S,2,2582,DETECTION,src/tracking/advanced_tracker.py:_activate_slot,2582_436_979_767_1189
S,7,2582,DETECTION,src/tracking/advanced_tracker.py:_activate_slot,2582_220_1237_434_1435
S,8,2582,DETECTION,src/tracking/advanced_tracker.py:_activate_slot,2582_113_1044_379_1239
S,9,2582,DETECTION,src/tracking/advanced_tracker.py:_activate_slot,2582_86_1780_365_1906
S,0,2582,PREDICTION,src/tracking/advanced_tracker.py:kalman_homography,
S,5,2582,PREDICTION,src/tracking/advanced_tracker.py:kalman_homography,
L,0,2582,PREDICTION,src/tracking/advanced_tracker.py:kalman_homography,
R,CLAMP,CLAMP,0
L,2,2582,DETECTION,src/tracking/advanced_tracker.py:_activate_slot,2582_436_979_767_1189
R,CLAMP,CLAMP,0
L,5,2582,PREDICTION,src/tracking/advanced_tracker.py:kalman_homography,
R,CLAMP,CLAMP,0
L,7,2582,DETECTION,src/tracking/advanced_tracker.py:_activate_slot,2582_220_1237_434_1435
R,CLAMP,CLAMP,0
L,8,2582,DETECTION,src/tracking/advanced_tracker.py:_activate_slot,2582_113_1044_379_1239
R,CLAMP,CLAMP,0
L,9,2582,DETECTION,src/tracking/advanced_tracker.py:_activate_slot,2582_86_1780_365_1906
R,CLAMP,CLAMP,0
A,2582
S,2,2585,DETECTION,src/tracking/advanced_tracker.py:_activate_slot,2585_419_1014_757_1194
S,7,2585,DETECTION,src/tracking/advanced_tracker.py:_activate_slot,2585_223_1212_435_1413
S,8,2585,DETECTION,src/tracking/advanced_tracker.py:_activate_slot,2585_90_1027_380_1218
S,9,2585,DETECTION,src/tracking/advanced_tracker.py:_activate_slot,2585_84_1758_367_1878
S,0,2585,PREDICTION,src/tracking/advanced_tracker.py:kalman_homography,
S,5,2585,PREDICTION,src/tracking/advanced_tracker.py:kalman_homography,
L,0,2585,PREDICTION,src/tracking/advanced_tracker.py:kalman_homography,
R,CLAMP,CLAMP,0
L,2,2585,DETECTION,src/tracking/advanced_tracker.py:_activate_slot,2585_419_1014_757_1194
R,CLAMP,CLAMP,0
L,5,2585,PREDICTION,src/tracking/advanced_tracker.py:kalman_homography,
R,CLAMP,CLAMP,0
L,7,2585,DETECTION,src/tracking/advanced_tracker.py:_activate_slot,2585_223_1212_435_1413
R,CLAMP,CLAMP,0
L,8,2585,DETECTION,src/tracking/advanced_tracker.py:_activate_slot,2585_90_1027_380_1218
R,CLAMP,CLAMP,0
L,9,2585,DETECTION,src/tracking/advanced_tracker.py:_activate_slot,2585_84_1758_367_1878
R,CLAMP,CLAMP,0
A,2585
S,2,2588,DETECTION,src/tracking/advanced_tracker.py:_activate_slot,2588_416_1018_749_1173
S,7,2588,DETECTION,src/tracking/advanced_tracker.py:_activate_slot,2588_218_1191_435_1389
S,8,2588,DETECTION,src/tracking/advanced_tracker.py:_activate_slot,2588_73_1011_386_1206
S,9,2588,DETECTION,src/tracking/advanced_tracker.py:_activate_slot,2588_87_1732_366_1855
S,6,2588,DETECTION,src/tracking/advanced_tracker.py:_activate_slot,2588_88_1585_334_1690
S,0,2588,PREDICTION,src/tracking/advanced_tracker.py:kalman_homography,
S,5,2588,PREDICTION,src/tracking/advanced_tracker.py:kalman_homography,
L,0,2588,PREDICTION,src/tracking/advanced_tracker.py:kalman_homography,
R,CLAMP,CLAMP,0
L,2,2588,DETECTION,src/tracking/advanced_tracker.py:_activate_slot,2588_416_1018_749_1173
R,CLAMP,CLAMP,0
L,5,2588,PREDICTION,src/tracking/advanced_tracker.py:kalman_homography,
R,CLAMP,CLAMP,0
L,6,2588,DETECTION,src/tracking/advanced_tracker.py:_activate_slot,2588_88_1585_334_1690
R,CLAMP,CLAMP,0
L,7,2588,DETECTION,src/tracking/advanced_tracker.py:_activate_slot,2588_218_1191_435_1389
R,CLAMP,CLAMP,0
L,8,2588,DETECTION,src/tracking/advanced_tracker.py:_activate_slot,2588_73_1011_386_1206
R,CLAMP,CLAMP,0
L,9,2588,DETECTION,src/tracking/advanced_tracker.py:_activate_slot,2588_87_1732_366_1855
R,CLAMP,CLAMP,0
A,2588
S,2,2591,DETECTION,src/tracking/advanced_tracker.py:_activate_slot,2591_420_1010_744_1166
S,6,2591,DETECTION,src/tracking/advanced_tracker.py:_activate_slot,2591_87_1557_352_1671
S,7,2591,DETECTION,src/tracking/advanced_tracker.py:_activate_slot,2591_209_1170_436_1367
S,8,2591,DETECTION,src/tracking/advanced_tracker.py:_activate_slot,2591_81_995_388_1178
S,9,2591,DETECTION,src/tracking/advanced_tracker.py:_activate_slot,2591_88_1707_363_1827
S,0,2591,PREDICTION,src/tracking/advanced_tracker.py:kalman_homography,
S,5,2591,PREDICTION,src/tracking/advanced_tracker.py:flow_gapfill_batched,
L,0,2591,PREDICTION,src/tracking/advanced_tracker.py:kalman_homography,
R,CLAMP,CLAMP,0
L,2,2591,DETECTION,src/tracking/advanced_tracker.py:_activate_slot,2591_420_1010_744_1166
R,CLAMP,CLAMP,0
L,5,2591,PREDICTION,src/tracking/advanced_tracker.py:flow_gapfill_batched,
R,CLAMP,CLAMP,0
L,6,2591,DETECTION,src/tracking/advanced_tracker.py:_activate_slot,2591_87_1557_352_1671
R,CLAMP,CLAMP,0
L,7,2591,DETECTION,src/tracking/advanced_tracker.py:_activate_slot,2591_209_1170_436_1367
R,CLAMP,CLAMP,0
L,8,2591,DETECTION,src/tracking/advanced_tracker.py:_activate_slot,2591_81_995_388_1178
R,CLAMP,CLAMP,0
L,9,2591,DETECTION,src/tracking/advanced_tracker.py:_activate_slot,2591_88_1707_363_1827
R,CLAMP,CLAMP,0
A,2591
S,2,2594,DETECTION,src/tracking/advanced_tracker.py:_activate_slot,2594_430_997_743_1168
S,6,2594,DETECTION,src/tracking/advanced_tracker.py:_activate_slot,2594_84_1527_357_1635
S,7,2594,DETECTION,src/tracking/advanced_tracker.py:_activate_slot,2594_198_1134_428_1338
S,8,2594,DETECTION,src/tracking/advanced_tracker.py:_activate_slot,2594_75_979_392_1152
S,9,2594,DETECTION,src/tracking/advanced_tracker.py:_activate_slot,2594_84_1674_362_1794
S,0,2594,PREDICTION,src/tracking/advanced_tracker.py:kalman_homography,
L,0,2594,PREDICTION,src/tracking/advanced_tracker.py:kalman_homography,
R,CLAMP,CLAMP,0
L,2,2594,DETECTION,src/tracking/advanced_tracker.py:_activate_slot,2594_430_997_743_1168
R,CLAMP,CLAMP,0
L,6,2594,DETECTION,src/tracking/advanced_tracker.py:_activate_slot,2594_84_1527_357_1635
R,CLAMP,CLAMP,0
L,7,2594,DETECTION,src/tracking/advanced_tracker.py:_activate_slot,2594_198_1134_428_1338
R,CLAMP,CLAMP,0
L,8,2594,DETECTION,src/tracking/advanced_tracker.py:_activate_slot,2594_75_979_392_1152
R,CLAMP,CLAMP,0
L,9,2594,DETECTION,src/tracking/advanced_tracker.py:_activate_slot,2594_84_1674_362_1794
R,CLAMP,CLAMP,0
A,2594
S,2,2597,DETECTION,src/tracking/advanced_tracker.py:_activate_slot,2597_430_991_741_1174
S,6,2597,DETECTION,src/tracking/advanced_tracker.py:_activate_slot,2597_91_1492_354_1600
S,7,2597,DETECTION,src/tracking/advanced_tracker.py:_activate_slot,2597_194_1099_436_1308
S,8,2597,DETECTION,src/tracking/advanced_tracker.py:_activate_slot,2597_114_969_400_1116
S,9,2597,DETECTION,src/tracking/advanced_tracker.py:_activate_slot,2597_88_1641_364_1767
S,5,2597,DETECTION,src/tracking/advanced_tracker.py:_activate_slot,2597_95_871_297_979
S,0,2597,PREDICTION,src/tracking/advanced_tracker.py:kalman_homography,
L,0,2597,PREDICTION,src/tracking/advanced_tracker.py:kalman_homography,
R,CLAMP,CLAMP,0
L,2,2597,DETECTION,src/tracking/advanced_tracker.py:_activate_slot,2597_430_991_741_1174
R,CLAMP,CLAMP,0
L,5,2597,DETECTION,src/tracking/advanced_tracker.py:_activate_slot,2597_95_871_297_979
R,CLAMP,CLAMP,0
L,6,2597,DETECTION,src/tracking/advanced_tracker.py:_activate_slot,2597_91_1492_354_1600
R,CLAMP,CLAMP,0
L,7,2597,DETECTION,src/tracking/advanced_tracker.py:_activate_slot,2597_194_1099_436_1308
R,CLAMP,CLAMP,0
L,8,2597,DETECTION,src/tracking/advanced_tracker.py:_activate_slot,2597_114_969_400_1116
R,CLAMP,CLAMP,0
L,9,2597,DETECTION,src/tracking/advanced_tracker.py:_activate_slot,2597_88_1641_364_1767
R,CLAMP,CLAMP,0
A,2597
S,2,2600,DETECTION,src/tracking/advanced_tracker.py:_activate_slot,2600_423_970_740_1189
S,5,2600,DETECTION,src/tracking/advanced_tracker.py:_activate_slot,2600_103_1014_381_1128
S,6,2600,DETECTION,src/tracking/advanced_tracker.py:_activate_slot,2600_92_1459_356_1569
S,7,2600,DETECTION,src/tracking/advanced_tracker.py:_activate_slot,2600_191_1077_435_1260
S,8,2600,DETECTION,src/tracking/advanced_tracker.py:_activate_slot,2600_106_939_401_1089
S,9,2600,DETECTION,src/tracking/advanced_tracker.py:_activate_slot,2600_91_1615_364_1750
S,0,2600,PREDICTION,src/tracking/advanced_tracker.py:kalman_homography,
D,5,2600
S,8,2600,PREDICTION,src/tracking/advanced_tracker.py:id_merge,
L,0,2600,PREDICTION,src/tracking/advanced_tracker.py:kalman_homography,
R,CLAMP,CLAMP,0
L,2,2600,DETECTION,src/tracking/advanced_tracker.py:_activate_slot,2600_423_970_740_1189
R,CLAMP,CLAMP,0
L,6,2600,DETECTION,src/tracking/advanced_tracker.py:_activate_slot,2600_92_1459_356_1569
R,CLAMP,CLAMP,0
L,7,2600,DETECTION,src/tracking/advanced_tracker.py:_activate_slot,2600_191_1077_435_1260
R,CLAMP,CLAMP,0
L,8,2600,PREDICTION,src/tracking/advanced_tracker.py:id_merge,
R,CLAMP,CLAMP,0
L,9,2600,DETECTION,src/tracking/advanced_tracker.py:_activate_slot,2600_91_1615_364_1750
R,CLAMP,CLAMP,0
A,2600
S,2,2603,DETECTION,src/tracking/advanced_tracker.py:_activate_slot,2603_423_963_738_1176
S,5,2603,DETECTION,src/tracking/advanced_tracker.py:_activate_slot,2603_184_1042_434_1198
S,6,2603,DETECTION,src/tracking/advanced_tracker.py:_activate_slot,2603_99_1435_351_1540
S,8,2603,DETECTION,src/tracking/advanced_tracker.py:_activate_slot,2603_143_924_401_1068
S,9,2603,DETECTION,src/tracking/advanced_tracker.py:_activate_slot,2603_88_1599_366_1737
S,7,2603,PREDICTION,src/tracking/advanced_tracker.py:kalman_homography,
S,0,2603,PREDICTION,src/tracking/advanced_tracker.py:flow_gapfill_batched,
D,7,2603
S,5,2603,PREDICTION,src/tracking/advanced_tracker.py:id_merge,
L,0,2603,PREDICTION,src/tracking/advanced_tracker.py:flow_gapfill_batched,
R,CLAMP,CLAMP,0
L,2,2603,DETECTION,src/tracking/advanced_tracker.py:_activate_slot,2603_423_963_738_1176
R,CLAMP,CLAMP,0
L,5,2603,PREDICTION,src/tracking/advanced_tracker.py:id_merge,
R,CLAMP,CLAMP,0
L,6,2603,DETECTION,src/tracking/advanced_tracker.py:_activate_slot,2603_99_1435_351_1540
R,CLAMP,CLAMP,0
L,8,2603,DETECTION,src/tracking/advanced_tracker.py:_activate_slot,2603_143_924_401_1068
R,CLAMP,CLAMP,0
L,9,2603,DETECTION,src/tracking/advanced_tracker.py:_activate_slot,2603_88_1599_366_1737
R,CLAMP,CLAMP,0
A,2603
S,2,2606,DETECTION,src/tracking/advanced_tracker.py:_activate_slot,2606_412_988_735_1176
S,5,2606,DETECTION,src/tracking/advanced_tracker.py:_activate_slot,2606_93_817_309_925
S,6,2606,DETECTION,src/tracking/advanced_tracker.py:_activate_slot,2606_98_1417_352_1522
S,7,2606,DETECTION,src/tracking/advanced_tracker.py:_activate_slot,2606_193_1002_444_1185
S,8,2606,DETECTION,src/tracking/advanced_tracker.py:_activate_slot,2606_146_910_402_1036
S,9,2606,DETECTION,src/tracking/advanced_tracker.py:_activate_slot,2606_93_1590_363_1734
L,2,2606,DETECTION,src/tracking/advanced_tracker.py:_activate_slot,2606_412_988_735_1176
R,CLAMP,CLAMP,0
L,5,2606,DETECTION,src/tracking/advanced_tracker.py:_activate_slot,2606_93_817_309_925
R,CLAMP,CLAMP,0
L,6,2606,DETECTION,src/tracking/advanced_tracker.py:_activate_slot,2606_98_1417_352_1522
R,CLAMP,CLAMP,0
L,7,2606,DETECTION,src/tracking/advanced_tracker.py:_activate_slot,2606_193_1002_444_1185
R,CLAMP,CLAMP,0
L,8,2606,DETECTION,src/tracking/advanced_tracker.py:_activate_slot,2606_146_910_402_1036
R,CLAMP,CLAMP,0
L,9,2606,DETECTION,src/tracking/advanced_tracker.py:_activate_slot,2606_93_1590_363_1734
R,CLAMP,CLAMP,0
A,2606
S,2,2609,DETECTION,src/tracking/advanced_tracker.py:_activate_slot,2609_409_1012_733_1173
S,6,2609,DETECTION,src/tracking/advanced_tracker.py:_activate_slot,2609_100_1403_355_1521
S,7,2609,DETECTION,src/tracking/advanced_tracker.py:_activate_slot,2609_232_997_460_1168
S,8,2609,DETECTION,src/tracking/advanced_tracker.py:_activate_slot,2609_148_903_399_1038
S,9,2609,DETECTION,src/tracking/advanced_tracker.py:_activate_slot,2609_90_1584_364_1728
S,5,2609,DETECTION,src/tracking/advanced_tracker.py:_activate_slot,2609_94_804_295_912
L,2,2609,DETECTION,src/tracking/advanced_tracker.py:_activate_slot,2609_409_1012_733_1173
R,CLAMP,CLAMP,0
L,5,2609,DETECTION,src/tracking/advanced_tracker.py:_activate_slot,2609_94_804_295_912
R,CLAMP,CLAMP,0
L,6,2609,DETECTION,src/tracking/advanced_tracker.py:_activate_slot,2609_100_1403_355_1521
R,CLAMP,CLAMP,0
L,7,2609,DETECTION,src/tracking/advanced_tracker.py:_activate_slot,2609_232_997_460_1168
R,CLAMP,CLAMP,0
L,8,2609,DETECTION,src/tracking/advanced_tracker.py:_activate_slot,2609_148_903_399_1038
R,CLAMP,CLAMP,0
L,9,2609,DETECTION,src/tracking/advanced_tracker.py:_activate_slot,2609_90_1584_364_1728
R,CLAMP,CLAMP,0
A,2609
S,2,2612,DETECTION,src/tracking/advanced_tracker.py:_activate_slot,2612_416_1013_729_1166
S,6,2612,DETECTION,src/tracking/advanced_tracker.py:_activate_slot,2612_100_1383_357_1518
S,7,2612,DETECTION,src/tracking/advanced_tracker.py:_activate_slot,2612_207_984_464_1160
S,8,2612,DETECTION,src/tracking/advanced_tracker.py:_activate_slot,2612_127_895_400_1039
S,9,2612,DETECTION,src/tracking/advanced_tracker.py:_activate_slot,2612_90_1572_361_1728
S,5,2612,DETECTION,src/tracking/advanced_tracker.py:_activate_slot,2612_91_798_287_906
L,2,2612,DETECTION,src/tracking/advanced_tracker.py:_activate_slot,2612_416_1013_729_1166
R,CLAMP,CLAMP,0
L,5,2612,DETECTION,src/tracking/advanced_tracker.py:_activate_slot,2612_91_798_287_906
R,CLAMP,CLAMP,0
L,6,2612,DETECTION,src/tracking/advanced_tracker.py:_activate_slot,2612_100_1383_357_1518
R,CLAMP,CLAMP,0
L,7,2612,DETECTION,src/tracking/advanced_tracker.py:_activate_slot,2612_207_984_464_1160
R,CLAMP,CLAMP,0
L,8,2612,DETECTION,src/tracking/advanced_tracker.py:_activate_slot,2612_127_895_400_1039
R,CLAMP,CLAMP,0
L,9,2612,DETECTION,src/tracking/advanced_tracker.py:_activate_slot,2612_90_1572_361_1728
R,CLAMP,CLAMP,0
A,2612
S,1,2615,DETECTION,src/tracking/advanced_tracker.py:_activate_slot,2615_193_970_447_1138
S,2,2615,DETECTION,src/tracking/advanced_tracker.py:_activate_slot,2615_424_1005_729_1188
S,6,2615,DETECTION,src/tracking/advanced_tracker.py:_activate_slot,2615_99_1363_353_1504
S,8,2615,DETECTION,src/tracking/advanced_tracker.py:_activate_slot,2615_135_876_400_1032
S,9,2615,DETECTION,src/tracking/advanced_tracker.py:_activate_slot,2615_83_1567_354_1723
S,5,2615,DETECTION,src/tracking/advanced_tracker.py:_activate_slot,2615_91_781_287_895
S,7,2615,PREDICTION,src/tracking/advanced_tracker.py:kalman_homography,
L,1,2615,DETECTION,src/tracking/advanced_tracker.py:_activate_slot,2615_193_970_447_1138
R,CLAMP,CLAMP,0
L,2,2615,DETECTION,src/tracking/advanced_tracker.py:_activate_slot,2615_424_1005_729_1188
R,CLAMP,CLAMP,0
L,5,2615,DETECTION,src/tracking/advanced_tracker.py:_activate_slot,2615_91_781_287_895
R,CLAMP,CLAMP,0
L,6,2615,DETECTION,src/tracking/advanced_tracker.py:_activate_slot,2615_99_1363_353_1504
R,CLAMP,CLAMP,0
L,7,2615,PREDICTION,src/tracking/advanced_tracker.py:kalman_homography,
R,CLAMP,CLAMP,0
L,8,2615,DETECTION,src/tracking/advanced_tracker.py:_activate_slot,2615_135_876_400_1032
R,CLAMP,CLAMP,0
L,9,2615,DETECTION,src/tracking/advanced_tracker.py:_activate_slot,2615_83_1567_354_1723
R,CLAMP,CLAMP,0
A,2615
S,2,2618,DETECTION,src/tracking/advanced_tracker.py:_activate_slot,2618_416_989_718_1182
S,6,2618,DETECTION,src/tracking/advanced_tracker.py:_activate_slot,2618_89_1347_338_1491
S,7,2618,DETECTION,src/tracking/advanced_tracker.py:_activate_slot,2618_182_988_434_1126
S,8,2618,DETECTION,src/tracking/advanced_tracker.py:_activate_slot,2618_136_861_395_1038
S,9,2618,DETECTION,src/tracking/advanced_tracker.py:_activate_slot,2618_78_1578_353_1710
S,1,2618,PREDICTION,src/tracking/advanced_tracker.py:kalman_homography,
L,1,2618,PREDICTION,src/tracking/advanced_tracker.py:kalman_homography,
R,CLAMP,CLAMP,0
L,2,2618,DETECTION,src/tracking/advanced_tracker.py:_activate_slot,2618_416_989_718_1182
R,CLAMP,CLAMP,0
L,6,2618,DETECTION,src/tracking/advanced_tracker.py:_activate_slot,2618_89_1347_338_1491
R,CLAMP,CLAMP,0
L,7,2618,DETECTION,src/tracking/advanced_tracker.py:_activate_slot,2618_182_988_434_1126
R,CLAMP,CLAMP,0
L,8,2618,DETECTION,src/tracking/advanced_tracker.py:_activate_slot,2618_136_861_395_1038
R,CLAMP,CLAMP,0
L,9,2618,DETECTION,src/tracking/advanced_tracker.py:_activate_slot,2618_78_1578_353_1710
R,CLAMP,CLAMP,0
A,2618
S,1,2621,DETECTION,src/tracking/advanced_tracker.py:_activate_slot,2621_180_994_409_1128
S,2,2621,DETECTION,src/tracking/advanced_tracker.py:_activate_slot,2621_393_963_701_1179
S,6,2621,DETECTION,src/tracking/advanced_tracker.py:_activate_slot,2621_77_1332_327_1452
S,8,2621,DETECTION,src/tracking/advanced_tracker.py:_activate_slot,2621_124_850_384_1024
S,9,2621,DETECTION,src/tracking/advanced_tracker.py:_activate_slot,2621_68_1578_335_1704
S,7,2621,PREDICTION,src/tracking/advanced_tracker.py:kalman_homography,
L,1,2621,DETECTION,src/tracking/advanced_tracker.py:_activate_slot,2621_180_994_409_1128
R,CLAMP,CLAMP,0
L,2,2621,DETECTION,src/tracking/advanced_tracker.py:_activate_slot,2621_393_963_701_1179
R,CLAMP,CLAMP,0
L,6,2621,DETECTION,src/tracking/advanced_tracker.py:_activate_slot,2621_77_1332_327_1452
R,CLAMP,CLAMP,0
L,7,2621,PREDICTION,src/tracking/advanced_tracker.py:kalman_homography,
R,CLAMP,CLAMP,0
L,8,2621,DETECTION,src/tracking/advanced_tracker.py:_activate_slot,2621_124_850_384_1024
R,CLAMP,CLAMP,0
L,9,2621,DETECTION,src/tracking/advanced_tracker.py:_activate_slot,2621_68_1578_335_1704
R,CLAMP,CLAMP,0
A,2621
S,2,2624,DETECTION,src/tracking/advanced_tracker.py:_activate_slot,2624_369_993_678_1179
S,6,2624,DETECTION,src/tracking/advanced_tracker.py:_activate_slot,2624_69_1309_311_1417
S,7,2624,DETECTION,src/tracking/advanced_tracker.py:_activate_slot,2624_175_972_404_1143
S,8,2624,DETECTION,src/tracking/advanced_tracker.py:_activate_slot,2624_96_876_367_1021
S,9,2624,DETECTION,src/tracking/advanced_tracker.py:_activate_slot,2624_55_1564_324_1681
S,1,2624,PREDICTION,src/tracking/advanced_tracker.py:kalman_homography,
S,5,2624,PREDICTION,src/tracking/advanced_tracker.py:flow_gapfill_batched,
L,1,2624,PREDICTION,src/tracking/advanced_tracker.py:kalman_homography,
R,CLAMP,CLAMP,0
L,2,2624,DETECTION,src/tracking/advanced_tracker.py:_activate_slot,2624_369_993_678_1179
R,CLAMP,CLAMP,0
L,5,2624,PREDICTION,src/tracking/advanced_tracker.py:flow_gapfill_batched,
R,CLAMP,CLAMP,0
L,6,2624,DETECTION,src/tracking/advanced_tracker.py:_activate_slot,2624_69_1309_311_1417
R,CLAMP,CLAMP,0
L,7,2624,DETECTION,src/tracking/advanced_tracker.py:_activate_slot,2624_175_972_404_1143
R,CLAMP,CLAMP,0
L,8,2624,DETECTION,src/tracking/advanced_tracker.py:_activate_slot,2624_96_876_367_1021
R,CLAMP,CLAMP,0
L,9,2624,DETECTION,src/tracking/advanced_tracker.py:_activate_slot,2624_55_1564_324_1681
R,CLAMP,CLAMP,0
A,2624
S,2,2627,DETECTION,src/tracking/advanced_tracker.py:_activate_slot,2627_346_1010_661_1169
S,5,2627,DETECTION,src/tracking/advanced_tracker.py:_activate_slot,2627_-8_844_229_961
S,6,2627,DETECTION,src/tracking/advanced_tracker.py:_activate_slot,2627_54_1282_296_1390
S,7,2627,DETECTION,src/tracking/advanced_tracker.py:_activate_slot,2627_167_957_387_1143
S,8,2627,DETECTION,src/tracking/advanced_tracker.py:_activate_slot,2627_76_891_348_1018
S,9,2627,DETECTION,src/tracking/advanced_tracker.py:_activate_slot,2627_42_1537_314_1675
S,1,2627,PREDICTION,src/tracking/advanced_tracker.py:kalman_homography,
L,1,2627,PREDICTION,src/tracking/advanced_tracker.py:kalman_homography,
R,CLAMP,CLAMP,0
L,2,2627,DETECTION,src/tracking/advanced_tracker.py:_activate_slot,2627_346_1010_661_1169
R,CLAMP,CLAMP,0
L,5,2627,DETECTION,src/tracking/advanced_tracker.py:_activate_slot,2627_-8_844_229_961
R,CLAMP,CLAMP,0
L,6,2627,DETECTION,src/tracking/advanced_tracker.py:_activate_slot,2627_54_1282_296_1390
R,CLAMP,CLAMP,0
L,7,2627,DETECTION,src/tracking/advanced_tracker.py:_activate_slot,2627_167_957_387_1143
R,CLAMP,CLAMP,0
L,8,2627,DETECTION,src/tracking/advanced_tracker.py:_activate_slot,2627_76_891_348_1018
R,CLAMP,CLAMP,0
L,9,2627,DETECTION,src/tracking/advanced_tracker.py:_activate_slot,2627_42_1537_314_1675
R,CLAMP,CLAMP,0
A,2627
S,2,2630,DETECTION,src/tracking/advanced_tracker.py:_activate_slot,2630_341_996_650_1154
S,6,2630,DETECTION,src/tracking/advanced_tracker.py:_activate_slot,2630_41_1251_289_1362
S,7,2630,DETECTION,src/tracking/advanced_tracker.py:_activate_slot,2630_150_972_375_1146
S,8,2630,DETECTION,src/tracking/advanced_tracker.py:_activate_slot,2630_67_887_342_1019
S,9,2630,DETECTION,src/tracking/advanced_tracker.py:_activate_slot,2630_37_1519_306_1672
S,5,2630,DETECTION,src/tracking/advanced_tracker.py:_activate_slot,2630_-15_816_240_936
S,1,2630,PREDICTION,src/tracking/advanced_tracker.py:kalman_homography,
L,1,2630,PREDICTION,src/tracking/advanced_tracker.py:kalman_homography,
R,CLAMP,CLAMP,0
L,2,2630,DETECTION,src/tracking/advanced_tracker.py:_activate_slot,2630_341_996_650_1154
R,CLAMP,CLAMP,0
L,5,2630,DETECTION,src/tracking/advanced_tracker.py:_activate_slot,2630_-15_816_240_936
R,CLAMP,CLAMP,0
L,6,2630,DETECTION,src/tracking/advanced_tracker.py:_activate_slot,2630_41_1251_289_1362
R,CLAMP,CLAMP,0
L,7,2630,DETECTION,src/tracking/advanced_tracker.py:_activate_slot,2630_150_972_375_1146
R,CLAMP,CLAMP,0
L,8,2630,DETECTION,src/tracking/advanced_tracker.py:_activate_slot,2630_67_887_342_1019
R,CLAMP,CLAMP,0
L,9,2630,DETECTION,src/tracking/advanced_tracker.py:_activate_slot,2630_37_1519_306_1672
R,CLAMP,CLAMP,0
A,2630
S,1,2633,DETECTION,src/tracking/advanced_tracker.py:_activate_slot,2633_136_1003_377_1153
S,2,2633,DETECTION,src/tracking/advanced_tracker.py:_activate_slot,2633_348_978_649_1155
S,6,2633,DETECTION,src/tracking/advanced_tracker.py:_activate_slot,2633_30_1221_271_1332
S,8,2633,DETECTION,src/tracking/advanced_tracker.py:_activate_slot,2633_97_853_340_1021
S,9,2633,DETECTION,src/tracking/advanced_tracker.py:_activate_slot,2633_21_1495_301_1654
S,5,2633,DETECTION,src/tracking/advanced_tracker.py:_activate_slot,2633_-15_793_221_910
S,7,2633,PREDICTION,src/tracking/advanced_tracker.py:kalman_homography,
L,1,2633,DETECTION,src/tracking/advanced_tracker.py:_activate_slot,2633_136_1003_377_1153
R,CLAMP,CLAMP,0
L,2,2633,DETECTION,src/tracking/advanced_tracker.py:_activate_slot,2633_348_978_649_1155
R,CLAMP,CLAMP,0
L,5,2633,DETECTION,src/tracking/advanced_tracker.py:_activate_slot,2633_-15_793_221_910
R,CLAMP,CLAMP,0
L,6,2633,DETECTION,src/tracking/advanced_tracker.py:_activate_slot,2633_30_1221_271_1332
R,CLAMP,CLAMP,0
L,7,2633,PREDICTION,src/tracking/advanced_tracker.py:kalman_homography,
R,CLAMP,CLAMP,0
L,8,2633,DETECTION,src/tracking/advanced_tracker.py:_activate_slot,2633_97_853_340_1021
R,CLAMP,CLAMP,0
L,9,2633,DETECTION,src/tracking/advanced_tracker.py:_activate_slot,2633_21_1495_301_1654
R,CLAMP,CLAMP,0
A,2633
S,1,2636,DETECTION,src/tracking/advanced_tracker.py:_activate_slot,2636_130_987_388_1131
S,2,2636,DETECTION,src/tracking/advanced_tracker.py:_activate_slot,2636_360_961_649_1132
S,6,2636,DETECTION,src/tracking/advanced_tracker.py:_activate_slot,2636_26_1190_275_1299
S,8,2636,DETECTION,src/tracking/advanced_tracker.py:_activate_slot,2636_92_822_337_1017
S,9,2636,DETECTION,src/tracking/advanced_tracker.py:_activate_slot,2636_19_1470_300_1620
S,5,2636,PREDICTION,src/tracking/advanced_tracker.py:kalman_homography,
S,7,2636,PREDICTION,src/tracking/advanced_tracker.py:kalman_homography,
L,1,2636,DETECTION,src/tracking/advanced_tracker.py:_activate_slot,2636_130_987_388_1131
R,CLAMP,CLAMP,0
L,2,2636,DETECTION,src/tracking/advanced_tracker.py:_activate_slot,2636_360_961_649_1132
R,CLAMP,CLAMP,0
L,5,2636,PREDICTION,src/tracking/advanced_tracker.py:kalman_homography,
R,CLAMP,CLAMP,0
L,6,2636,DETECTION,src/tracking/advanced_tracker.py:_activate_slot,2636_26_1190_275_1299
R,CLAMP,CLAMP,0
L,7,2636,PREDICTION,src/tracking/advanced_tracker.py:kalman_homography,
R,CLAMP,CLAMP,0
L,8,2636,DETECTION,src/tracking/advanced_tracker.py:_activate_slot,2636_92_822_337_1017
R,CLAMP,CLAMP,0
L,9,2636,DETECTION,src/tracking/advanced_tracker.py:_activate_slot,2636_19_1470_300_1620
R,CLAMP,CLAMP,0
A,2636
S,1,2639,DETECTION,src/tracking/advanced_tracker.py:_activate_slot,2639_144_982_399_1111
S,2,2639,DETECTION,src/tracking/advanced_tracker.py:_activate_slot,2639_363_934_647_1120
S,6,2639,DETECTION,src/tracking/advanced_tracker.py:_activate_slot,2639_27_1147_278_1270
S,8,2639,DETECTION,src/tracking/advanced_tracker.py:_activate_slot,2639_90_811_335_1018
S,9,2639,DETECTION,src/tracking/advanced_tracker.py:_activate_slot,2639_23_1462_299_1588
S,5,2639,PREDICTION,src/tracking/advanced_tracker.py:kalman_homography,
S,7,2639,PREDICTION,src/tracking/advanced_tracker.py:kalman_homography,
L,1,2639,DETECTION,src/tracking/advanced_tracker.py:_activate_slot,2639_144_982_399_1111
R,CLAMP,CLAMP,0
L,2,2639,DETECTION,src/tracking/advanced_tracker.py:_activate_slot,2639_363_934_647_1120
R,CLAMP,CLAMP,0
L,5,2639,PREDICTION,src/tracking/advanced_tracker.py:kalman_homography,
R,CLAMP,CLAMP,0
L,6,2639,DETECTION,src/tracking/advanced_tracker.py:_activate_slot,2639_27_1147_278_1270
R,CLAMP,CLAMP,0
L,7,2639,PREDICTION,src/tracking/advanced_tracker.py:kalman_homography,
R,CLAMP,CLAMP,0
L,8,2639,DETECTION,src/tracking/advanced_tracker.py:_activate_slot,2639_90_811_335_1018
R,CLAMP,CLAMP,0
L,9,2639,DETECTION,src/tracking/advanced_tracker.py:_activate_slot,2639_23_1462_299_1588
R,CLAMP,CLAMP,0
A,2639
S,1,2642,DETECTION,src/tracking/advanced_tracker.py:_activate_slot,2642_149_957_393_1107
S,2,2642,DETECTION,src/tracking/advanced_tracker.py:_activate_slot,2642_344_888_643_1096
S,6,2642,DETECTION,src/tracking/advanced_tracker.py:_activate_slot,2642_23_1104_277_1230
S,8,2642,DETECTION,src/tracking/advanced_tracker.py:_activate_slot,2642_85_828_333_987
S,9,2642,DETECTION,src/tracking/advanced_tracker.py:_activate_slot,2642_28_1437_297_1557
S,7,2642,PREDICTION,src/tracking/advanced_tracker.py:kalman_homography,
L,1,2642,DETECTION,src/tracking/advanced_tracker.py:_activate_slot,2642_149_957_393_1107
R,CLAMP,CLAMP,0
L,2,2642,DETECTION,src/tracking/advanced_tracker.py:_activate_slot,2642_344_888_643_1096
R,CLAMP,CLAMP,0
L,6,2642,DETECTION,src/tracking/advanced_tracker.py:_activate_slot,2642_23_1104_277_1230
R,CLAMP,CLAMP,0
L,7,2642,PREDICTION,src/tracking/advanced_tracker.py:kalman_homography,
R,CLAMP,CLAMP,0
L,8,2642,DETECTION,src/tracking/advanced_tracker.py:_activate_slot,2642_85_828_333_987
R,CLAMP,CLAMP,0
L,9,2642,DETECTION,src/tracking/advanced_tracker.py:_activate_slot,2642_28_1437_297_1557
R,CLAMP,CLAMP,0
A,2642
S,1,2645,DETECTION,src/tracking/advanced_tracker.py:_activate_slot,2645_145_945_413_1116
S,2,2645,DETECTION,src/tracking/advanced_tracker.py:_activate_slot,2645_330_873_643_1086
S,6,2645,DETECTION,src/tracking/advanced_tracker.py:_activate_slot,2645_30_1064_259_1173
S,8,2645,DETECTION,src/tracking/advanced_tracker.py:_activate_slot,2645_64_820_319_976
S,9,2645,DETECTION,src/tracking/advanced_tracker.py:_activate_slot,2645_27_1386_295_1542
S,7,2645,PREDICTION,src/tracking/advanced_tracker.py:kalman_homography,
D,7,2645
S,6,2645,PREDICTION,src/tracking/advanced_tracker.py:id_merge,
L,1,2645,DETECTION,src/tracking/advanced_tracker.py:_activate_slot,2645_145_945_413_1116
R,CLAMP,CLAMP,0
L,2,2645,DETECTION,src/tracking/advanced_tracker.py:_activate_slot,2645_330_873_643_1086
R,CLAMP,CLAMP,0
L,6,2645,PREDICTION,src/tracking/advanced_tracker.py:id_merge,
R,CLAMP,CLAMP,0
L,8,2645,DETECTION,src/tracking/advanced_tracker.py:_activate_slot,2645_64_820_319_976
R,CLAMP,CLAMP,0
L,9,2645,DETECTION,src/tracking/advanced_tracker.py:_activate_slot,2645_27_1386_295_1542
R,CLAMP,CLAMP,0
A,2645
S,1,2648,DETECTION,src/tracking/advanced_tracker.py:_activate_slot,2648_147_936_402_1124
S,2,2648,DETECTION,src/tracking/advanced_tracker.py:_activate_slot,2648_322_884_603_1061
S,5,2648,DETECTION,src/tracking/advanced_tracker.py:_activate_slot,2648_64_793_321_964
S,6,2648,DETECTION,src/tracking/advanced_tracker.py:_activate_slot,2648_31_1029_249_1126
S,8,2648,DETECTION,src/tracking/advanced_tracker.py:_activate_slot,2648_64_838_324_967
S,9,2648,DETECTION,src/tracking/advanced_tracker.py:_activate_slot,2648_33_1328_295_1517
S,7,2648,PREDICTION,src/tracking/advanced_tracker.py:kalman_homography,
D,5,2648
S,8,2648,PREDICTION,src/tracking/advanced_tracker.py:id_merge,
D,7,2648
S,6,2648,PREDICTION,src/tracking/advanced_tracker.py:id_merge,
L,1,2648,DETECTION,src/tracking/advanced_tracker.py:_activate_slot,2648_147_936_402_1124
R,CLAMP,CLAMP,0
L,2,2648,DETECTION,src/tracking/advanced_tracker.py:_activate_slot,2648_322_884_603_1061
R,CLAMP,CLAMP,0
L,6,2648,PREDICTION,src/tracking/advanced_tracker.py:id_merge,
R,CLAMP,CLAMP,0
L,8,2648,PREDICTION,src/tracking/advanced_tracker.py:id_merge,
R,CLAMP,CLAMP,0
L,9,2648,DETECTION,src/tracking/advanced_tracker.py:_activate_slot,2648_33_1328_295_1517
R,CLAMP,CLAMP,0
A,2648
S,1,2651,DETECTION,src/tracking/advanced_tracker.py:_activate_slot,2651_130_928_380_1138
S,2,2651,DETECTION,src/tracking/advanced_tracker.py:_activate_slot,2651_319_847_603_1027
S,5,2651,DETECTION,src/tracking/advanced_tracker.py:_activate_slot,2651_72_787_320_946
S,9,2651,DETECTION,src/tracking/advanced_tracker.py:_activate_slot,2651_19_1278_287_1467
S,6,2651,PREDICTION,src/tracking/advanced_tracker.py:kalman_homography,
S,7,2651,PREDICTION,src/tracking/advanced_tracker.py:kalman_homography,
S,8,2651,PREDICTION,src/tracking/advanced_tracker.py:kalman_homography,
D,8,2651
S,5,2651,PREDICTION,src/tracking/advanced_tracker.py:id_merge,
D,7,2651
S,6,2651,PREDICTION,src/tracking/advanced_tracker.py:id_merge,
L,1,2651,DETECTION,src/tracking/advanced_tracker.py:_activate_slot,2651_130_928_380_1138
R,CLAMP,CLAMP,0
L,2,2651,DETECTION,src/tracking/advanced_tracker.py:_activate_slot,2651_319_847_603_1027
R,CLAMP,CLAMP,0
L,5,2651,PREDICTION,src/tracking/advanced_tracker.py:id_merge,
R,CLAMP,CLAMP,0
L,6,2651,PREDICTION,src/tracking/advanced_tracker.py:id_merge,
R,CLAMP,CLAMP,0
L,9,2651,DETECTION,src/tracking/advanced_tracker.py:_activate_slot,2651_19_1278_287_1467
R,CLAMP,CLAMP,0
A,2651
S,1,2654,DETECTION,src/tracking/advanced_tracker.py:_activate_slot,2654_123_936_397_1112
S,2,2654,DETECTION,src/tracking/advanced_tracker.py:_activate_slot,2654_321_814_587_993
S,6,2654,DETECTION,src/tracking/advanced_tracker.py:_activate_slot,2654_19_906_265_1038
S,8,2654,DETECTION,src/tracking/advanced_tracker.py:_activate_slot,2654_80_795_332_927
S,9,2654,DETECTION,src/tracking/advanced_tracker.py:_activate_slot,2654_21_1268_278_1425
S,5,2654,PREDICTION,src/tracking/advanced_tracker.py:kalman_homography,
S,7,2654,PREDICTION,src/tracking/advanced_tracker.py:flow_gapfill_batched,
D,5,2654
S,8,2654,PREDICTION,src/tracking/advanced_tracker.py:id_merge,
L,1,2654,DETECTION,src/tracking/advanced_tracker.py:_activate_slot,2654_123_936_397_1112
R,CLAMP,CLAMP,0
L,2,2654,DETECTION,src/tracking/advanced_tracker.py:_activate_slot,2654_321_814_587_993
R,CLAMP,CLAMP,0
L,6,2654,DETECTION,src/tracking/advanced_tracker.py:_activate_slot,2654_19_906_265_1038
R,CLAMP,CLAMP,0
L,7,2654,PREDICTION,src/tracking/advanced_tracker.py:flow_gapfill_batched,
R,CLAMP,CLAMP,0
L,8,2654,PREDICTION,src/tracking/advanced_tracker.py:id_merge,
R,CLAMP,CLAMP,0
L,9,2654,DETECTION,src/tracking/advanced_tracker.py:_activate_slot,2654_21_1268_278_1425
R,CLAMP,CLAMP,0
A,2654
S,1,2657,DETECTION,src/tracking/advanced_tracker.py:_activate_slot,2657_121_945_396_1086
S,2,2657,DETECTION,src/tracking/advanced_tracker.py:_activate_slot,2657_329_813_572_1000
S,6,2657,DETECTION,src/tracking/advanced_tracker.py:_activate_slot,2657_19_882_252_992
S,8,2657,DETECTION,src/tracking/advanced_tracker.py:_activate_slot,2657_101_765_322_921
S,9,2657,DETECTION,src/tracking/advanced_tracker.py:_activate_slot,2657_4_1266_266_1376
S,5,2657,PREDICTION,src/tracking/advanced_tracker.py:kalman_homography,
D,5,2657
S,8,2657,PREDICTION,src/tracking/advanced_tracker.py:id_merge,
L,1,2657,DETECTION,src/tracking/advanced_tracker.py:_activate_slot,2657_121_945_396_1086
R,CLAMP,CLAMP,0
L,2,2657,DETECTION,src/tracking/advanced_tracker.py:_activate_slot,2657_329_813_572_1000
R,CLAMP,CLAMP,0
L,6,2657,DETECTION,src/tracking/advanced_tracker.py:_activate_slot,2657_19_882_252_992
R,CLAMP,CLAMP,0
L,8,2657,PREDICTION,src/tracking/advanced_tracker.py:id_merge,
R,CLAMP,CLAMP,0
L,9,2657,DETECTION,src/tracking/advanced_tracker.py:_activate_slot,2657_4_1266_266_1376
R,CLAMP,CLAMP,0
A,2657
S,1,2660,DETECTION,src/tracking/advanced_tracker.py:_activate_slot,2660_125_952_391_1084
S,2,2660,DETECTION,src/tracking/advanced_tracker.py:_activate_slot,2660_324_786_569_978
S,8,2660,DETECTION,src/tracking/advanced_tracker.py:_activate_slot,2660_18_745_314_940
S,9,2660,DETECTION,src/tracking/advanced_tracker.py:_activate_slot,2660_15_1246_269_1354
S,6,2660,DETECTION,src/tracking/advanced_tracker.py:_activate_slot,2660_13_849_265_945
S,5,2660,PREDICTION,src/tracking/advanced_tracker.py:kalman_homography,
D,5,2660
S,6,2660,PREDICTION,src/tracking/advanced_tracker.py:id_merge,
D,6,2660
S,8,2660,PREDICTION,src/tracking/advanced_tracker.py:id_merge,
L,1,2660,DETECTION,src/tracking/advanced_tracker.py:_activate_slot,2660_125_952_391_1084
R,CLAMP,CLAMP,0
L,2,2660,DETECTION,src/tracking/advanced_tracker.py:_activate_slot,2660_324_786_569_978
R,CLAMP,CLAMP,0
L,8,2660,PREDICTION,src/tracking/advanced_tracker.py:id_merge,
R,CLAMP,CLAMP,0
L,9,2660,DETECTION,src/tracking/advanced_tracker.py:_activate_slot,2660_15_1246_269_1354
R,CLAMP,CLAMP,0
A,2660
S,2,2663,DETECTION,src/tracking/advanced_tracker.py:_activate_slot,2663_309_774_570_951
S,6,2663,DETECTION,src/tracking/advanced_tracker.py:_activate_slot,2663_21_805_310_907
S,9,2663,DETECTION,src/tracking/advanced_tracker.py:_activate_slot,2663_15_1212_257_1354
S,1,2663,PREDICTION,src/tracking/advanced_tracker.py:kalman_homography,
S,5,2663,PREDICTION,src/tracking/advanced_tracker.py:kalman_homography,
S,8,2663,PREDICTION,src/tracking/advanced_tracker.py:kalman_homography,
D,5,2663
S,6,2663,PREDICTION,src/tracking/advanced_tracker.py:id_merge,
D,8,2663
S,6,2663,PREDICTION,src/tracking/advanced_tracker.py:id_merge,
L,1,2663,PREDICTION,src/tracking/advanced_tracker.py:kalman_homography,
R,CLAMP,CLAMP,0
L,2,2663,DETECTION,src/tracking/advanced_tracker.py:_activate_slot,2663_309_774_570_951
R,CLAMP,CLAMP,0
L,6,2663,PREDICTION,src/tracking/advanced_tracker.py:id_merge,
R,CLAMP,CLAMP,0
L,9,2663,DETECTION,src/tracking/advanced_tracker.py:_activate_slot,2663_15_1212_257_1354
R,CLAMP,CLAMP,0
A,2663
S,2,2666,DETECTION,src/tracking/advanced_tracker.py:_activate_slot,2666_292_775_565_946
S,9,2666,CLAMP,src/tracking/advanced_tracker.py:_activate_slot,2666_-15_1779_236_1935
S,1,2666,PREDICTION,src/tracking/advanced_tracker.py:kalman_homography,
S,5,2666,PREDICTION,src/tracking/advanced_tracker.py:kalman_homography,
S,6,2666,PREDICTION,src/tracking/advanced_tracker.py:flow_gapfill_batched,
S,8,2666,PREDICTION,src/tracking/advanced_tracker.py:flow_gapfill_batched,
D,5,2666
S,6,2666,PREDICTION,src/tracking/advanced_tracker.py:id_merge,
D,8,2666
S,6,2666,PREDICTION,src/tracking/advanced_tracker.py:id_merge,
L,1,2666,PREDICTION,src/tracking/advanced_tracker.py:kalman_homography,
R,CLAMP,CLAMP,0
L,2,2666,DETECTION,src/tracking/advanced_tracker.py:_activate_slot,2666_292_775_565_946
R,CLAMP,CLAMP,0
L,6,2666,PREDICTION,src/tracking/advanced_tracker.py:id_merge,
R,CLAMP,CLAMP,0
L,9,2666,CLAMP,src/tracking/advanced_tracker.py:_activate_slot,2666_-15_1779_236_1935
R,CLAMP,CLAMP,0
A,2666
S,1,2669,DETECTION,src/tracking/advanced_tracker.py:_activate_slot,2669_115_943_377_1051
S,2,2669,DETECTION,src/tracking/advanced_tracker.py:_activate_slot,2669_285_766_561_934
S,9,2669,CLAMP,src/tracking/advanced_tracker.py:_activate_slot,2669_-14_1720_231_1864
S,8,2669,DETECTION,src/tracking/advanced_tracker.py:_activate_slot,2669_11_772_287_885
S,5,2669,PREDICTION,src/tracking/advanced_tracker.py:kalman_homography,
S,6,2669,PREDICTION,src/tracking/advanced_tracker.py:flow_gapfill_batched,
D,5,2669
S,6,2669,PREDICTION,src/tracking/advanced_tracker.py:id_merge,
D,6,2669
S,8,2669,PREDICTION,src/tracking/advanced_tracker.py:id_merge,
L,1,2669,DETECTION,src/tracking/advanced_tracker.py:_activate_slot,2669_115_943_377_1051
R,CLAMP,CLAMP,0
L,2,2669,DETECTION,src/tracking/advanced_tracker.py:_activate_slot,2669_285_766_561_934
R,CLAMP,CLAMP,0
L,8,2669,PREDICTION,src/tracking/advanced_tracker.py:id_merge,
R,CLAMP,CLAMP,0
L,9,2669,CLAMP,src/tracking/advanced_tracker.py:_activate_slot,2669_-14_1720_231_1864
R,CLAMP,CLAMP,0
A,2669
S,1,2672,DETECTION,src/tracking/advanced_tracker.py:_activate_slot,2672_97_900_378_1077
S,2,2672,DETECTION,src/tracking/advanced_tracker.py:_activate_slot,2672_287_750_544_900
S,9,2672,CLAMP,src/tracking/advanced_tracker.py:_activate_slot,2672_-13_1656_230_1800
S,5,2672,PREDICTION,src/tracking/advanced_tracker.py:kalman_homography,
L,1,2672,DETECTION,src/tracking/advanced_tracker.py:_activate_slot,2672_97_900_378_1077
R,CLAMP,CLAMP,0
L,2,2672,DETECTION,src/tracking/advanced_tracker.py:_activate_slot,2672_287_750_544_900
R,CLAMP,CLAMP,0
L,5,2672,PREDICTION,src/tracking/advanced_tracker.py:kalman_homography,
R,CLAMP,CLAMP,0
L,9,2672,CLAMP,src/tracking/advanced_tracker.py:_activate_slot,2672_-13_1656_230_1800
R,CLAMP,CLAMP,0
A,2672
S,2,2675,DETECTION,src/tracking/advanced_tracker.py:_activate_slot,2675_297_652_821_889
S,9,2675,CLAMP,src/tracking/advanced_tracker.py:_activate_slot,2675_-15_1599_224_1758
S,0,2675,DETECTION,src/tracking/advanced_tracker.py:_activate_slot,2675_296_732_531_885
S,7,2675,DETECTION,src/tracking/advanced_tracker.py:_activate_slot,2675_101_925_376_1048
S,1,2675,PREDICTION,src/tracking/advanced_tracker.py:kalman_homography,
S,5,2675,PREDICTION,src/tracking/advanced_tracker.py:flow_gapfill_batched,
S,6,2675,PREDICTION,src/tracking/advanced_tracker.py:flow_gapfill_batched,
S,8,2675,PREDICTION,src/tracking/advanced_tracker.py:flow_gapfill_batched,
D,5,2675
S,6,2675,PREDICTION,src/tracking/advanced_tracker.py:id_merge,
D,6,2675
S,8,2675,PREDICTION,src/tracking/advanced_tracker.py:id_merge,
L,0,2675,DETECTION,src/tracking/advanced_tracker.py:_activate_slot,2675_296_732_531_885
R,CLAMP,CLAMP,0
L,1,2675,PREDICTION,src/tracking/advanced_tracker.py:kalman_homography,
R,CLAMP,CLAMP,0
L,2,2675,DETECTION,src/tracking/advanced_tracker.py:_activate_slot,2675_297_652_821_889
R,CLAMP,CLAMP,0
L,7,2675,DETECTION,src/tracking/advanced_tracker.py:_activate_slot,2675_101_925_376_1048
R,CLAMP,CLAMP,0
L,8,2675,PREDICTION,src/tracking/advanced_tracker.py:id_merge,
R,CLAMP,CLAMP,0
L,9,2675,CLAMP,src/tracking/advanced_tracker.py:_activate_slot,2675_-15_1599_224_1758
R,CLAMP,CLAMP,0
A,2675
S,0,2678,DETECTION,src/tracking/advanced_tracker.py:_activate_slot,2678_297_711_534_887
S,1,2678,DETECTION,src/tracking/advanced_tracker.py:_activate_slot,2678_111_921_379_1032
S,2,2678,CLAMP,src/tracking/advanced_tracker.py:_activate_slot,2678_308_1836_694_1935
S,9,2678,DETECTION,src/tracking/advanced_tracker.py:_activate_slot,2678_-12_1533_226_1674
S,7,2678,PREDICTION,src/tracking/advanced_tracker.py:kalman_homography,
S,6,2678,PREDICTION,src/tracking/advanced_tracker.py:flow_gapfill_batched,
S,8,2678,PREDICTION,src/tracking/advanced_tracker.py:flow_gapfill_batched,
D,6,2678
S,7,2678,PREDICTION,src/tracking/advanced_tracker.py:id_merge,
L,0,2678,DETECTION,src/tracking/advanced_tracker.py:_activate_slot,2678_297_711_534_887
R,CLAMP,CLAMP,0
L,1,2678,DETECTION,src/tracking/advanced_tracker.py:_activate_slot,2678_111_921_379_1032
R,CLAMP,CLAMP,0
L,2,2678,CLAMP,src/tracking/advanced_tracker.py:_activate_slot,2678_308_1836_694_1935
R,CLAMP,CLAMP,0
L,7,2678,PREDICTION,src/tracking/advanced_tracker.py:id_merge,
R,CLAMP,CLAMP,0
L,8,2678,PREDICTION,src/tracking/advanced_tracker.py:flow_gapfill_batched,
R,CLAMP,CLAMP,0
L,9,2678,DETECTION,src/tracking/advanced_tracker.py:_activate_slot,2678_-12_1533_226_1674
R,CLAMP,CLAMP,0
A,2678
S,2,2681,CLAMP,src/tracking/advanced_tracker.py:_activate_slot,2681_309_1776_691_1932
S,3,2681,DETECTION,src/tracking/advanced_tracker.py:_activate_slot,2681_489_668_820_879
S,7,2681,DETECTION,src/tracking/advanced_tracker.py:_activate_slot,2681_113_874_380_1048
S,9,2681,DETECTION,src/tracking/advanced_tracker.py:_activate_slot,2681_-13_1471_232_1636
S,1,2681,PREDICTION,src/tracking/advanced_tracker.py:kalman_homography,
S,0,2681,PREDICTION,src/tracking/advanced_tracker.py:flow_gapfill_batched,
S,6,2681,PREDICTION,src/tracking/advanced_tracker.py:flow_gapfill_batched,
S,8,2681,PREDICTION,src/tracking/advanced_tracker.py:flow_gapfill_batched,
D,2,2681
S,3,2681,PREDICTION,src/tracking/advanced_tracker.py:id_merge,
D,6,2681
S,7,2681,PREDICTION,src/tracking/advanced_tracker.py:id_merge,
D,8,2681
S,7,2681,PREDICTION,src/tracking/advanced_tracker.py:id_merge,
L,0,2681,PREDICTION,src/tracking/advanced_tracker.py:flow_gapfill_batched,
R,CLAMP,CLAMP,0
L,1,2681,PREDICTION,src/tracking/advanced_tracker.py:kalman_homography,
R,CLAMP,CLAMP,0
L,3,2681,PREDICTION,src/tracking/advanced_tracker.py:id_merge,
R,CLAMP,CLAMP,0
L,7,2681,PREDICTION,src/tracking/advanced_tracker.py:id_merge,
R,CLAMP,CLAMP,0
L,9,2681,DETECTION,src/tracking/advanced_tracker.py:_activate_slot,2681_-13_1471_232_1636
R,CLAMP,CLAMP,0
A,2681
S,2,2684,CLAMP,src/tracking/advanced_tracker.py:_activate_slot,2684_301_1731_677_1923
S,7,2684,DETECTION,src/tracking/advanced_tracker.py:_activate_slot,2684_114_874_381_1030
S,9,2684,DETECTION,src/tracking/advanced_tracker.py:_activate_slot,2684_-13_1410_224_1543
S,1,2684,PREDICTION,src/tracking/advanced_tracker.py:kalman_homography,
S,3,2684,PREDICTION,src/tracking/advanced_tracker.py:kalman_homography,
S,0,2684,PREDICTION,src/tracking/advanced_tracker.py:flow_gapfill_batched,
S,6,2684,PREDICTION,src/tracking/advanced_tracker.py:flow_gapfill_batched,
S,8,2684,PREDICTION,src/tracking/advanced_tracker.py:flow_gapfill_batched,
D,3,2684
S,2,2684,PREDICTION,src/tracking/advanced_tracker.py:id_merge,
D,6,2684
S,7,2684,PREDICTION,src/tracking/advanced_tracker.py:id_merge,
L,0,2684,PREDICTION,src/tracking/advanced_tracker.py:flow_gapfill_batched,
R,CLAMP,CLAMP,0
L,1,2684,PREDICTION,src/tracking/advanced_tracker.py:kalman_homography,
R,CLAMP,CLAMP,0
L,2,2684,PREDICTION,src/tracking/advanced_tracker.py:id_merge,
R,CLAMP,CLAMP,0
L,7,2684,PREDICTION,src/tracking/advanced_tracker.py:id_merge,
R,CLAMP,CLAMP,0
L,8,2684,PREDICTION,src/tracking/advanced_tracker.py:flow_gapfill_batched,
R,CLAMP,CLAMP,0
L,9,2684,DETECTION,src/tracking/advanced_tracker.py:_activate_slot,2684_-13_1410_224_1543
R,CLAMP,CLAMP,0
A,2684
S,2,2687,CLAMP,src/tracking/advanced_tracker.py:_activate_slot,2687_300_1719_672_1845
S,3,2687,DETECTION,src/tracking/advanced_tracker.py:_activate_slot,2687_464_682_820_871
S,7,2687,DETECTION,src/tracking/advanced_tracker.py:_activate_slot,2687_107_877_381_976
S,9,2687,DETECTION,src/tracking/advanced_tracker.py:_activate_slot,2687_-15_1345_242_1468
S,1,2687,PREDICTION,src/tracking/advanced_tracker.py:kalman_homography,
S,0,2687,PREDICTION,src/tracking/advanced_tracker.py:flow_gapfill_batched,
S,6,2687,PREDICTION,src/tracking/advanced_tracker.py:flow_gapfill_batched,
S,8,2687,PREDICTION,src/tracking/advanced_tracker.py:flow_gapfill_batched,
D,2,2687
S,3,2687,PREDICTION,src/tracking/advanced_tracker.py:id_merge,
D,6,2687
S,7,2687,PREDICTION,src/tracking/advanced_tracker.py:id_merge,
D,8,2687
S,7,2687,PREDICTION,src/tracking/advanced_tracker.py:id_merge,
L,0,2687,PREDICTION,src/tracking/advanced_tracker.py:flow_gapfill_batched,
R,CLAMP,CLAMP,0
L,1,2687,PREDICTION,src/tracking/advanced_tracker.py:kalman_homography,
R,CLAMP,CLAMP,0
L,3,2687,PREDICTION,src/tracking/advanced_tracker.py:id_merge,
R,CLAMP,CLAMP,0
L,7,2687,PREDICTION,src/tracking/advanced_tracker.py:id_merge,
R,CLAMP,CLAMP,0
L,9,2687,DETECTION,src/tracking/advanced_tracker.py:_activate_slot,2687_-15_1345_242_1468
R,CLAMP,CLAMP,0
A,2687
S,2,2690,CLAMP,src/tracking/advanced_tracker.py:_activate_slot,2690_300_1671_661_1803
S,3,2690,DETECTION,src/tracking/advanced_tracker.py:_activate_slot,2690_477_678_820_893
S,7,2690,DETECTION,src/tracking/advanced_tracker.py:_activate_slot,2690_95_837_380_984
S,9,2690,DETECTION,src/tracking/advanced_tracker.py:_activate_slot,2690_-12_1275_229_1407
S,1,2690,PREDICTION,src/tracking/advanced_tracker.py:kalman_homography,
S,8,2690,PREDICTION,src/tracking/advanced_tracker.py:flow_gapfill_batched,
D,2,2690
S,3,2690,PREDICTION,src/tracking/advanced_tracker.py:id_merge,
L,1,2690,PREDICTION,src/tracking/advanced_tracker.py:kalman_homography,
R,CLAMP,CLAMP,0
L,3,2690,PREDICTION,src/tracking/advanced_tracker.py:id_merge,
R,CLAMP,CLAMP,0
L,7,2690,DETECTION,src/tracking/advanced_tracker.py:_activate_slot,2690_95_837_380_984
R,CLAMP,CLAMP,0
L,8,2690,PREDICTION,src/tracking/advanced_tracker.py:flow_gapfill_batched,
R,CLAMP,CLAMP,0
L,9,2690,DETECTION,src/tracking/advanced_tracker.py:_activate_slot,2690_-12_1275_229_1407
R,CLAMP,CLAMP,0
A,2690
S,2,2693,CLAMP,src/tracking/advanced_tracker.py:_activate_slot,2693_301_1608_656_1788
S,5,2693,DETECTION,src/tracking/advanced_tracker.py:_activate_slot,2693_475_714_823_870
S,7,2693,DETECTION,src/tracking/advanced_tracker.py:_activate_slot,2693_112_816_384_979
S,9,2693,DETECTION,src/tracking/advanced_tracker.py:_activate_slot,2693_-15_1222_237_1333
S,1,2693,PREDICTION,src/tracking/advanced_tracker.py:kalman_homography,
S,3,2693,PREDICTION,src/tracking/advanced_tracker.py:kalman_homography,
S,0,2693,PREDICTION,src/tracking/advanced_tracker.py:flow_gapfill_batched,
D,0,2693
S,1,2693,PREDICTION,src/tracking/advanced_tracker.py:id_merge,
D,3,2693
S,2,2693,PREDICTION,src/tracking/advanced_tracker.py:id_merge,
L,1,2693,PREDICTION,src/tracking/advanced_tracker.py:id_merge,
R,CLAMP,CLAMP,0
L,2,2693,PREDICTION,src/tracking/advanced_tracker.py:id_merge,
R,CLAMP,CLAMP,0
L,5,2693,DETECTION,src/tracking/advanced_tracker.py:_activate_slot,2693_475_714_823_870
R,CLAMP,CLAMP,0
L,7,2693,DETECTION,src/tracking/advanced_tracker.py:_activate_slot,2693_112_816_384_979
R,CLAMP,CLAMP,0
L,9,2693,DETECTION,src/tracking/advanced_tracker.py:_activate_slot,2693_-15_1222_237_1333
R,CLAMP,CLAMP,0
A,2693
S,2,2696,CLAMP,src/tracking/advanced_tracker.py:_activate_slot,2696_301_1548_650_1758
S,3,2696,DETECTION,src/tracking/advanced_tracker.py:_activate_slot,2696_477_712_831_870
S,5,2696,CLAMP,src/tracking/advanced_tracker.py:_activate_slot,2696_-13_1125_243_1272
S,7,2696,DETECTION,src/tracking/advanced_tracker.py:_activate_slot,2696_123_831_387_934
S,9,2696,DETECTION,src/tracking/advanced_tracker.py:_activate_slot,2696_-15_1156_235_1272
S,1,2696,PREDICTION,src/tracking/advanced_tracker.py:kalman_homography,
S,0,2696,PREDICTION,src/tracking/advanced_tracker.py:flow_gapfill_batched,
D,0,2696
S,1,2696,PREDICTION,src/tracking/advanced_tracker.py:id_merge,
D,2,2696
S,3,2696,PREDICTION,src/tracking/advanced_tracker.py:id_merge,
L,1,2696,PREDICTION,src/tracking/advanced_tracker.py:id_merge,
R,CLAMP,CLAMP,0
L,3,2696,PREDICTION,src/tracking/advanced_tracker.py:id_merge,
R,CLAMP,CLAMP,0
L,5,2696,CLAMP,src/tracking/advanced_tracker.py:_activate_slot,2696_-13_1125_243_1272
R,CLAMP,CLAMP,0
L,7,2696,DETECTION,src/tracking/advanced_tracker.py:_activate_slot,2696_123_831_387_934
R,CLAMP,CLAMP,0
L,9,2696,DETECTION,src/tracking/advanced_tracker.py:_activate_slot,2696_-15_1156_235_1272
R,CLAMP,CLAMP,0
A,2696
S,2,2699,CLAMP,src/tracking/advanced_tracker.py:_activate_slot,2699_300_1519_649_1705
S,3,2699,DETECTION,src/tracking/advanced_tracker.py:_activate_slot,2699_473_687_826_911
S,5,2699,DETECTION,src/tracking/advanced_tracker.py:_activate_slot,2699_23_912_267_1019
S,7,2699,DETECTION,src/tracking/advanced_tracker.py:_activate_slot,2699_126_813_383_948
S,9,2699,DETECTION,src/tracking/advanced_tracker.py:_activate_slot,2699_-15_1111_234_1222
S,1,2699,PREDICTION,src/tracking/advanced_tracker.py:kalman_homography,
S,0,2699,PREDICTION,src/tracking/advanced_tracker.py:flow_gapfill_batched,
D,0,2699
S,1,2699,PREDICTION,src/tracking/advanced_tracker.py:id_merge,
D,2,2699
S,3,2699,PREDICTION,src/tracking/advanced_tracker.py:id_merge,
L,1,2699,PREDICTION,src/tracking/advanced_tracker.py:id_merge,
R,CLAMP,CLAMP,0
L,3,2699,PREDICTION,src/tracking/advanced_tracker.py:id_merge,
R,CLAMP,CLAMP,0
L,5,2699,DETECTION,src/tracking/advanced_tracker.py:_activate_slot,2699_23_912_267_1019
R,CLAMP,CLAMP,0
L,7,2699,DETECTION,src/tracking/advanced_tracker.py:_activate_slot,2699_126_813_383_948
R,CLAMP,CLAMP,0
L,9,2699,DETECTION,src/tracking/advanced_tracker.py:_activate_slot,2699_-15_1111_234_1222
R,CLAMP,CLAMP,0
A,2699
S,2,2702,CLAMP,src/tracking/advanced_tracker.py:_activate_slot,2702_299_1501_648_1660
S,3,2702,DETECTION,src/tracking/advanced_tracker.py:_activate_slot,2702_492_705_828_918
S,4,2702,DETECTION,src/tracking/advanced_tracker.py:_activate_slot,2702_119_789_383_957
S,6,2702,CLAMP,src/tracking/advanced_tracker.py:_activate_slot,2702_29_1842_261_1935
S,9,2702,DETECTION,src/tracking/advanced_tracker.py:_activate_slot,2702_-15_1067_242_1178
S,7,2702,PREDICTION,src/tracking/advanced_tracker.py:kalman_homography,
S,1,2702,PREDICTION,src/tracking/advanced_tracker.py:flow_gapfill_batched,
S,5,2702,PREDICTION,src/tracking/advanced_tracker.py:flow_gapfill_batched,
D,2,2702
S,3,2702,PREDICTION,src/tracking/advanced_tracker.py:id_merge,
D,5,2702
S,6,2702,PREDICTION,src/tracking/advanced_tracker.py:id_merge,
D,7,2702
S,6,2702,PREDICTION,src/tracking/advanced_tracker.py:id_merge,
L,1,2702,PREDICTION,src/tracking/advanced_tracker.py:flow_gapfill_batched,
R,CLAMP,CLAMP,0
L,3,2702,PREDICTION,src/tracking/advanced_tracker.py:id_merge,
R,CLAMP,CLAMP,0
L,4,2702,DETECTION,src/tracking/advanced_tracker.py:_activate_slot,2702_119_789_383_957
R,CLAMP,CLAMP,0
L,6,2702,PREDICTION,src/tracking/advanced_tracker.py:id_merge,
R,CLAMP,CLAMP,0
L,9,2702,DETECTION,src/tracking/advanced_tracker.py:_activate_slot,2702_-15_1067_242_1178
R,CLAMP,CLAMP,0
A,2702
S,2,2705,CLAMP,src/tracking/advanced_tracker.py:_activate_slot,2705_297_1506_647_1632
S,4,2705,DETECTION,src/tracking/advanced_tracker.py:_activate_slot,2705_126_811_387_928
S,6,2705,DETECTION,src/tracking/advanced_tracker.py:_activate_slot,2705_477_759_829_929
S,9,2705,DETECTION,src/tracking/advanced_tracker.py:_activate_slot,2705_-12_1018_249_1135
S,3,2705,PREDICTION,src/tracking/advanced_tracker.py:kalman_homography,
S,7,2705,PREDICTION,src/tracking/advanced_tracker.py:kalman_homography,
S,5,2705,PREDICTION,src/tracking/advanced_tracker.py:flow_gapfill_batched,
D,3,2705
S,2,2705,PREDICTION,src/tracking/advanced_tracker.py:id_merge,
L,2,2705,PREDICTION,src/tracking/advanced_tracker.py:id_merge,
R,CLAMP,CLAMP,0
L,4,2705,DETECTION,src/tracking/advanced_tracker.py:_activate_slot,2705_126_811_387_928
R,CLAMP,CLAMP,0
L,5,2705,PREDICTION,src/tracking/advanced_tracker.py:flow_gapfill_batched,
R,CLAMP,CLAMP,0
L,6,2705,DETECTION,src/tracking/advanced_tracker.py:_activate_slot,2705_477_759_829_929
R,CLAMP,CLAMP,0
L,7,2705,PREDICTION,src/tracking/advanced_tracker.py:kalman_homography,
R,CLAMP,CLAMP,0
L,9,2705,DETECTION,src/tracking/advanced_tracker.py:_activate_slot,2705_-12_1018_249_1135
R,CLAMP,CLAMP,0
A,2705
S,0,2708,CLAMP,src/tracking/advanced_tracker.py:_activate_slot,2708_65_1875_371_1935
S,1,2708,CLAMP,src/tracking/advanced_tracker.py:_activate_slot,2708_44_1863_375_1935
S,2,2708,CLAMP,src/tracking/advanced_tracker.py:_activate_slot,2708_300_1484_652_1617
S,4,2708,DETECTION,src/tracking/advanced_tracker.py:_activate_slot,2708_123_808_381_943
S,7,2708,CLAMP,src/tracking/advanced_tracker.py:_activate_slot,2708_4_1764_263_1905
S,8,2708,DETECTION,src/tracking/advanced_tracker.py:_activate_slot,2708_16_930_270_1044
S,9,2708,DETECTION,src/tracking/advanced_tracker.py:_activate_slot,2708_-13_983_259_1101
S,3,2708,PREDICTION,src/tracking/advanced_tracker.py:kalman_homography,
S,5,2708,PREDICTION,src/tracking/advanced_tracker.py:flow_gapfill_batched,
S,6,2708,PREDICTION,src/tracking/advanced_tracker.py:flow_gapfill_batched,
D,0,2708
S,4,2708,PREDICTION,src/tracking/advanced_tracker.py:id_merge,
D,3,2708
S,2,2708,PREDICTION,src/tracking/advanced_tracker.py:id_merge,
D,5,2708
S,8,2708,PREDICTION,src/tracking/advanced_tracker.py:id_merge,
D,8,2708
S,9,2708,PREDICTION,src/tracking/advanced_tracker.py:id_merge,
L,1,2708,CLAMP,src/tracking/advanced_tracker.py:_activate_slot,2708_44_1863_375_1935
R,CLAMP,CLAMP,0
L,2,2708,PREDICTION,src/tracking/advanced_tracker.py:id_merge,
R,CLAMP,CLAMP,0
L,4,2708,PREDICTION,src/tracking/advanced_tracker.py:id_merge,
R,CLAMP,CLAMP,0
L,6,2708,PREDICTION,src/tracking/advanced_tracker.py:flow_gapfill_batched,
R,CLAMP,CLAMP,0
L,7,2708,CLAMP,src/tracking/advanced_tracker.py:_activate_slot,2708_4_1764_263_1905
R,CLAMP,CLAMP,0
L,9,2708,PREDICTION,src/tracking/advanced_tracker.py:id_merge,
R,CLAMP,CLAMP,0
A,2708
S,0,2711,CLAMP,src/tracking/advanced_tracker.py:_activate_slot,2711_75_1827_376_1935
S,2,2711,CLAMP,src/tracking/advanced_tracker.py:_activate_slot,2711_304_1460_636_1617
S,7,2711,DETECTION,src/tracking/advanced_tracker.py:_activate_slot,2711_129_792_386_969
S,8,2711,DETECTION,src/tracking/advanced_tracker.py:_activate_slot,2711_11_930_271_1062
S,9,2711,DETECTION,src/tracking/advanced_tracker.py:_activate_slot,2711_20_930_273_1032
S,3,2711,PREDICTION,src/tracking/advanced_tracker.py:kalman_homography,
S,4,2711,PREDICTION,src/tracking/advanced_tracker.py:kalman_homography,
S,1,2711,PREDICTION,src/tracking/advanced_tracker.py:flow_gapfill_batched,
S,5,2711,PREDICTION,src/tracking/advanced_tracker.py:flow_gapfill_batched,
S,6,2711,PREDICTION,src/tracking/advanced_tracker.py:flow_gapfill_batched,
D,4,2711
S,0,2711,PREDICTION,src/tracking/advanced_tracker.py:id_merge,
D,3,2711
S,2,2711,PREDICTION,src/tracking/advanced_tracker.py:id_merge,
D,5,2711
S,8,2711,PREDICTION,src/tracking/advanced_tracker.py:id_merge,
D,8,2711
S,9,2711,PREDICTION,src/tracking/advanced_tracker.py:id_merge,
L,0,2711,PREDICTION,src/tracking/advanced_tracker.py:id_merge,
R,CLAMP,CLAMP,0
L,1,2711,PREDICTION,src/tracking/advanced_tracker.py:flow_gapfill_batched,
R,CLAMP,CLAMP,0
L,2,2711,PREDICTION,src/tracking/advanced_tracker.py:id_merge,
R,CLAMP,CLAMP,0
L,6,2711,PREDICTION,src/tracking/advanced_tracker.py:flow_gapfill_batched,
R,CLAMP,CLAMP,0
L,7,2711,DETECTION,src/tracking/advanced_tracker.py:_activate_slot,2711_129_792_386_969
R,CLAMP,CLAMP,0
L,9,2711,PREDICTION,src/tracking/advanced_tracker.py:id_merge,
R,CLAMP,CLAMP,0
A,2711
S,1,2714,DETECTION,src/tracking/advanced_tracker.py:_activate_slot,2714_106_1792_381_1933
S,2,2714,CLAMP,src/tracking/advanced_tracker.py:_activate_slot,2714_308_1435_642_1603
S,8,2714,DETECTION,src/tracking/advanced_tracker.py:_activate_slot,2714_21_923_278_1034
S,3,2714,PREDICTION,src/tracking/advanced_tracker.py:kalman_homography,
S,4,2714,PREDICTION,src/tracking/advanced_tracker.py:kalman_homography,
S,7,2714,PREDICTION,src/tracking/advanced_tracker.py:kalman_homography,
S,9,2714,PREDICTION,src/tracking/advanced_tracker.py:kalman_homography,
S,0,2714,PREDICTION,src/tracking/advanced_tracker.py:flow_gapfill_batched,
S,5,2714,PREDICTION,src/tracking/advanced_tracker.py:flow_gapfill_batched,
S,6,2714,PREDICTION,src/tracking/advanced_tracker.py:flow_gapfill_batched,
D,0,2714
S,1,2714,PREDICTION,src/tracking/advanced_tracker.py:id_merge,
D,3,2714
S,2,2714,PREDICTION,src/tracking/advanced_tracker.py:id_merge,
D,5,2714
S,8,2714,PREDICTION,src/tracking/advanced_tracker.py:id_merge,
D,9,2714
S,8,2714,PREDICTION,src/tracking/advanced_tracker.py:id_merge,
L,1,2714,PREDICTION,src/tracking/advanced_tracker.py:id_merge,
R,CLAMP,CLAMP,0
L,2,2714,PREDICTION,src/tracking/advanced_tracker.py:id_merge,
R,CLAMP,CLAMP,0
L,4,2714,PREDICTION,src/tracking/advanced_tracker.py:kalman_homography,
R,CLAMP,CLAMP,0
L,6,2714,PREDICTION,src/tracking/advanced_tracker.py:flow_gapfill_batched,
R,CLAMP,CLAMP,0
L,7,2714,PREDICTION,src/tracking/advanced_tracker.py:kalman_homography,
R,CLAMP,CLAMP,0
L,8,2714,PREDICTION,src/tracking/advanced_tracker.py:id_merge,
R,CLAMP,CLAMP,0
A,2714
S,2,2717,CLAMP,src/tracking/advanced_tracker.py:_activate_slot,2717_306_1426_644_1588
S,4,2717,DETECTION,src/tracking/advanced_tracker.py:_activate_slot,2717_128_762_384_939
S,5,2717,CLAMP,src/tracking/advanced_tracker.py:_activate_slot,2717_33_1417_219_1528
S,6,2717,CLAMP,src/tracking/advanced_tracker.py:_activate_slot,2717_50_1347_216_1455
S,8,2717,DETECTION,src/tracking/advanced_tracker.py:_activate_slot,2717_11_903_275_1047
S,1,2717,PREDICTION,src/tracking/advanced_tracker.py:kalman_homography,
S,3,2717,PREDICTION,src/tracking/advanced_tracker.py:kalman_homography,
S,7,2717,PREDICTION,src/tracking/advanced_tracker.py:kalman_homography,
S,9,2717,PREDICTION,src/tracking/advanced_tracker.py:kalman_homography,
S,0,2717,PREDICTION,src/tracking/advanced_tracker.py:flow_gapfill_batched,
D,0,2717
S,1,2717,PREDICTION,src/tracking/advanced_tracker.py:id_merge,
D,3,2717
S,2,2717,PREDICTION,src/tracking/advanced_tracker.py:id_merge,
D,5,2717
S,8,2717,PREDICTION,src/tracking/advanced_tracker.py:id_merge,
D,7,2717
S,9,2717,PREDICTION,src/tracking/advanced_tracker.py:id_merge,
L,1,2717,PREDICTION,src/tracking/advanced_tracker.py:id_merge,
R,CLAMP,CLAMP,0
L,2,2717,PREDICTION,src/tracking/advanced_tracker.py:id_merge,
R,CLAMP,CLAMP,0
L,4,2717,DETECTION,src/tracking/advanced_tracker.py:_activate_slot,2717_128_762_384_939
R,CLAMP,CLAMP,0
L,6,2717,CLAMP,src/tracking/advanced_tracker.py:_activate_slot,2717_50_1347_216_1455
R,CLAMP,CLAMP,0
L,8,2717,PREDICTION,src/tracking/advanced_tracker.py:id_merge,
R,CLAMP,CLAMP,0
L,9,2717,PREDICTION,src/tracking/advanced_tracker.py:id_merge,
R,CLAMP,CLAMP,0
A,2717
S,2,2720,CLAMP,src/tracking/advanced_tracker.py:_activate_slot,2720_308_1411_646_1560
S,5,2720,DETECTION,src/tracking/advanced_tracker.py:_activate_slot,2720_477_819_822_1035
S,6,2720,CLAMP,src/tracking/advanced_tracker.py:_activate_slot,2720_15_1647_277_1773
S,8,2720,DETECTION,src/tracking/advanced_tracker.py:_activate_slot,2720_27_927_278_1071
S,3,2720,PREDICTION,src/tracking/advanced_tracker.py:kalman_homography,
S,4,2720,PREDICTION,src/tracking/advanced_tracker.py:kalman_homography,
S,9,2720,PREDICTION,src/tracking/advanced_tracker.py:kalman_homography,
S,0,2720,PREDICTION,src/tracking/advanced_tracker.py:flow_gapfill_batched,
S,1,2720,PREDICTION,src/tracking/advanced_tracker.py:flow_gapfill_batched,
S,7,2720,PREDICTION,src/tracking/advanced_tracker.py:flow_gapfill_batched,
D,0,2720
S,1,2720,PREDICTION,src/tracking/advanced_tracker.py:id_merge,
D,3,2720
S,2,2720,PREDICTION,src/tracking/advanced_tracker.py:id_merge,
D,5,2720
S,6,2720,PREDICTION,src/tracking/advanced_tracker.py:id_merge,
D,7,2720
S,9,2720,PREDICTION,src/tracking/advanced_tracker.py:id_merge,
L,1,2720,PREDICTION,src/tracking/advanced_tracker.py:id_merge,
R,CLAMP,CLAMP,0
L,2,2720,PREDICTION,src/tracking/advanced_tracker.py:id_merge,
R,CLAMP,CLAMP,0
L,4,2720,PREDICTION,src/tracking/advanced_tracker.py:kalman_homography,
R,CLAMP,CLAMP,0
L,6,2720,PREDICTION,src/tracking/advanced_tracker.py:id_merge,
R,CLAMP,CLAMP,0
L,8,2720,DETECTION,src/tracking/advanced_tracker.py:_activate_slot,2720_27_927_278_1071
R,CLAMP,CLAMP,0
L,9,2720,PREDICTION,src/tracking/advanced_tracker.py:id_merge,
R,CLAMP,CLAMP,0
A,2720
S,2,2723,CLAMP,src/tracking/advanced_tracker.py:_activate_slot,2723_306_1393_646_1551
S,5,2723,DETECTION,src/tracking/advanced_tracker.py:_activate_slot,2723_487_827_823_1028
S,7,2723,DETECTION,src/tracking/advanced_tracker.py:_activate_slot,2723_41_1350_216_1464
S,8,2723,DETECTION,src/tracking/advanced_tracker.py:_activate_slot,2723_28_960_278_1054
S,3,2723,PREDICTION,src/tracking/advanced_tracker.py:kalman_homography,
S,4,2723,PREDICTION,src/tracking/advanced_tracker.py:kalman_homography,
S,0,2723,PREDICTION,src/tracking/advanced_tracker.py:flow_gapfill_batched,
S,1,2723,PREDICTION,src/tracking/advanced_tracker.py:flow_gapfill_batched,
S,6,2723,PREDICTION,src/tracking/advanced_tracker.py:flow_gapfill_batched,
S,9,2723,PREDICTION,src/tracking/advanced_tracker.py:flow_gapfill_batched,
D,0,2723
S,1,2723,PREDICTION,src/tracking/advanced_tracker.py:id_merge,
D,3,2723
S,2,2723,PREDICTION,src/tracking/advanced_tracker.py:id_merge,
D,9,2723
S,8,2723,PREDICTION,src/tracking/advanced_tracker.py:id_merge,
L,1,2723,PREDICTION,src/tracking/advanced_tracker.py:id_merge,
R,CLAMP,CLAMP,0
L,2,2723,PREDICTION,src/tracking/advanced_tracker.py:id_merge,
R,CLAMP,CLAMP,0
L,4,2723,PREDICTION,src/tracking/advanced_tracker.py:kalman_homography,
R,CLAMP,CLAMP,0
L,5,2723,DETECTION,src/tracking/advanced_tracker.py:_activate_slot,2723_487_827_823_1028
R,CLAMP,CLAMP,0
L,6,2723,PREDICTION,src/tracking/advanced_tracker.py:flow_gapfill_batched,
R,CLAMP,CLAMP,0
L,7,2723,DETECTION,src/tracking/advanced_tracker.py:_activate_slot,2723_41_1350_216_1464
R,CLAMP,CLAMP,0
L,8,2723,PREDICTION,src/tracking/advanced_tracker.py:id_merge,
R,CLAMP,CLAMP,0
A,2723
S,2,2726,CLAMP,src/tracking/advanced_tracker.py:_activate_slot,2726_310_1380_646_1554
S,7,2726,CLAMP,src/tracking/advanced_tracker.py:_activate_slot,2726_157_801_389_972
S,8,2726,DETECTION,src/tracking/advanced_tracker.py:_activate_slot,2726_32_951_298_1101
S,4,2726,PREDICTION,src/tracking/advanced_tracker.py:kalman_homography,
S,5,2726,PREDICTION,src/tracking/advanced_tracker.py:kalman_homography,
S,0,2726,PREDICTION,src/tracking/advanced_tracker.py:flow_gapfill_batched,
S,1,2726,PREDICTION,src/tracking/advanced_tracker.py:flow_gapfill_batched,
S,3,2726,PREDICTION,src/tracking/advanced_tracker.py:flow_gapfill_batched,
S,6,2726,PREDICTION,src/tracking/advanced_tracker.py:flow_gapfill_batched,
S,9,2726,PREDICTION,src/tracking/advanced_tracker.py:flow_gapfill_batched,
D,0,2726
S,1,2726,PREDICTION,src/tracking/advanced_tracker.py:id_merge,
D,3,2726
S,2,2726,PREDICTION,src/tracking/advanced_tracker.py:id_merge,
L,1,2726,PREDICTION,src/tracking/advanced_tracker.py:id_merge,
R,CLAMP,CLAMP,0
L,2,2726,PREDICTION,src/tracking/advanced_tracker.py:id_merge,
R,CLAMP,CLAMP,0
L,4,2726,PREDICTION,src/tracking/advanced_tracker.py:kalman_homography,
R,CLAMP,CLAMP,0
L,5,2726,PREDICTION,src/tracking/advanced_tracker.py:kalman_homography,
R,CLAMP,CLAMP,0
L,6,2726,PREDICTION,src/tracking/advanced_tracker.py:flow_gapfill_batched,
R,CLAMP,CLAMP,0
L,7,2726,CLAMP,src/tracking/advanced_tracker.py:_activate_slot,2726_157_801_389_972
R,CLAMP,CLAMP,0
L,8,2726,DETECTION,src/tracking/advanced_tracker.py:_activate_slot,2726_32_951_298_1101
R,CLAMP,CLAMP,0
L,9,2726,PREDICTION,src/tracking/advanced_tracker.py:flow_gapfill_batched,
R,CLAMP,CLAMP,0
A,2726
S,2,2729,CLAMP,src/tracking/advanced_tracker.py:_activate_slot,2729_319_1353_645_1534
S,6,2729,DETECTION,src/tracking/advanced_tracker.py:_activate_slot,2729_28_1536_277_1674
S,7,2729,CLAMP,src/tracking/advanced_tracker.py:_activate_slot,2729_153_792_388_947
S,8,2729,DETECTION,src/tracking/advanced_tracker.py:_activate_slot,2729_29_940_298_1077
S,4,2729,PREDICTION,src/tracking/advanced_tracker.py:kalman_homography,
S,0,2729,PREDICTION,src/tracking/advanced_tracker.py:flow_gapfill_batched,
S,1,2729,PREDICTION,src/tracking/advanced_tracker.py:flow_gapfill_batched,
S,5,2729,PREDICTION,src/tracking/advanced_tracker.py:flow_gapfill_batched,
S,9,2729,PREDICTION,src/tracking/advanced_tracker.py:flow_gapfill_batched,
D,0,2729
S,1,2729,PREDICTION,src/tracking/advanced_tracker.py:id_merge,
D,9,2729
S,8,2729,PREDICTION,src/tracking/advanced_tracker.py:id_merge,
L,1,2729,PREDICTION,src/tracking/advanced_tracker.py:id_merge,
R,CLAMP,CLAMP,0
L,2,2729,CLAMP,src/tracking/advanced_tracker.py:_activate_slot,2729_319_1353_645_1534
R,CLAMP,CLAMP,0
L,4,2729,PREDICTION,src/tracking/advanced_tracker.py:kalman_homography,
R,CLAMP,CLAMP,0
L,5,2729,PREDICTION,src/tracking/advanced_tracker.py:flow_gapfill_batched,
R,CLAMP,CLAMP,0
L,6,2729,DETECTION,src/tracking/advanced_tracker.py:_activate_slot,2729_28_1536_277_1674
R,CLAMP,CLAMP,0
L,7,2729,CLAMP,src/tracking/advanced_tracker.py:_activate_slot,2729_153_792_388_947
R,CLAMP,CLAMP,0
L,8,2729,PREDICTION,src/tracking/advanced_tracker.py:id_merge,
R,CLAMP,CLAMP,0
A,2729
S,2,2732,CLAMP,src/tracking/advanced_tracker.py:_activate_slot,2732_320_1332_643_1503
S,6,2732,DETECTION,src/tracking/advanced_tracker.py:_activate_slot,2732_27_1509_282_1632
S,8,2732,DETECTION,src/tracking/advanced_tracker.py:_activate_slot,2732_23_970_276_1093
S,4,2732,PREDICTION,src/tracking/advanced_tracker.py:kalman_homography,
S,0,2732,PREDICTION,src/tracking/advanced_tracker.py:flow_gapfill_batched,
S,1,2732,PREDICTION,src/tracking/advanced_tracker.py:flow_gapfill_batched,
S,5,2732,PREDICTION,src/tracking/advanced_tracker.py:flow_gapfill_batched,
S,7,2732,PREDICTION,src/tracking/advanced_tracker.py:flow_gapfill_batched,
S,9,2732,PREDICTION,src/tracking/advanced_tracker.py:flow_gapfill_batched,
D,0,2732
S,1,2732,PREDICTION,src/tracking/advanced_tracker.py:id_merge,
L,1,2732,PREDICTION,src/tracking/advanced_tracker.py:id_merge,
R,CLAMP,CLAMP,0
L,2,2732,CLAMP,src/tracking/advanced_tracker.py:_activate_slot,2732_320_1332_643_1503
R,CLAMP,CLAMP,0
L,4,2732,PREDICTION,src/tracking/advanced_tracker.py:kalman_homography,
R,CLAMP,CLAMP,0
L,5,2732,PREDICTION,src/tracking/advanced_tracker.py:flow_gapfill_batched,
R,CLAMP,CLAMP,0
L,6,2732,DETECTION,src/tracking/advanced_tracker.py:_activate_slot,2732_27_1509_282_1632
R,CLAMP,CLAMP,0
L,7,2732,PREDICTION,src/tracking/advanced_tracker.py:flow_gapfill_batched,
R,CLAMP,CLAMP,0
L,8,2732,DETECTION,src/tracking/advanced_tracker.py:_activate_slot,2732_23_970_276_1093
R,CLAMP,CLAMP,0
L,9,2732,PREDICTION,src/tracking/advanced_tracker.py:flow_gapfill_batched,
R,CLAMP,CLAMP,0
A,2732
S,2,2735,CLAMP,src/tracking/advanced_tracker.py:_activate_slot,2735_322_1326_639_1477
S,6,2735,DETECTION,src/tracking/advanced_tracker.py:_activate_slot,2735_34_1474_280_1596
S,8,2735,DETECTION,src/tracking/advanced_tracker.py:_activate_slot,2735_33_957_283_1083
S,4,2735,PREDICTION,src/tracking/advanced_tracker.py:kalman_homography,
S,0,2735,PREDICTION,src/tracking/advanced_tracker.py:flow_gapfill_batched,
S,1,2735,PREDICTION,src/tracking/advanced_tracker.py:flow_gapfill_batched,
S,5,2735,PREDICTION,src/tracking/advanced_tracker.py:flow_gapfill_batched,
S,7,2735,PREDICTION,src/tracking/advanced_tracker.py:flow_gapfill_batched,
S,9,2735,PREDICTION,src/tracking/advanced_tracker.py:flow_gapfill_batched,
D,0,2735
S,1,2735,PREDICTION,src/tracking/advanced_tracker.py:id_merge,
L,1,2735,PREDICTION,src/tracking/advanced_tracker.py:id_merge,
R,CLAMP,CLAMP,0
L,2,2735,CLAMP,src/tracking/advanced_tracker.py:_activate_slot,2735_322_1326_639_1477
R,CLAMP,CLAMP,0
L,4,2735,PREDICTION,src/tracking/advanced_tracker.py:kalman_homography,
R,CLAMP,CLAMP,0
L,5,2735,PREDICTION,src/tracking/advanced_tracker.py:flow_gapfill_batched,
R,CLAMP,CLAMP,0
L,6,2735,DETECTION,src/tracking/advanced_tracker.py:_activate_slot,2735_34_1474_280_1596
R,CLAMP,CLAMP,0
L,7,2735,PREDICTION,src/tracking/advanced_tracker.py:flow_gapfill_batched,
R,CLAMP,CLAMP,0
L,8,2735,DETECTION,src/tracking/advanced_tracker.py:_activate_slot,2735_33_957_283_1083
R,CLAMP,CLAMP,0
L,9,2735,PREDICTION,src/tracking/advanced_tracker.py:flow_gapfill_batched,
R,CLAMP,CLAMP,0
A,2735
