S,0,725,DETECTION,src/tracking/advanced_tracker.py:_activate_slot,725_360_638_654_789
S,1,725,DETECTION,src/tracking/advanced_tracker.py:_activate_slot,725_372_988_693_1168
S,2,725,DETECTION,src/tracking/advanced_tracker.py:_activate_slot,725_259_1116_486_1251
S,3,725,DETECTION,src/tracking/advanced_tracker.py:_activate_slot,725_186_373_431_532
S,4,725,DETECTION,src/tracking/advanced_tracker.py:_activate_slot,725_173_1594_432_1726
D,1,725
S,2,725,PREDICTION,src/tracking/advanced_tracker.py:id_merge,
D,2,725
S,3,725,PREDICTION,src/tracking/advanced_tracker.py:id_merge,
D,3,725
S,4,725,PREDICTION,src/tracking/advanced_tracker.py:id_merge,
L,0,725,DETECTION,src/tracking/advanced_tracker.py:_activate_slot,725_360_638_654_789
R,DETECTION,DETECTION,1
L,4,725,PREDICTION,src/tracking/advanced_tracker.py:id_merge,
R,PREDICTION,PREDICTION,1
A,725
S,0,728,DETECTION,src/tracking/advanced_tracker.py:_activate_slot,728_360_677_657_829
S,1,728,DETECTION,src/tracking/advanced_tracker.py:_activate_slot,728_372_1007_697_1163
S,2,728,DETECTION,src/tracking/advanced_tracker.py:_activate_slot,728_263_1137_493_1293
S,3,728,DETECTION,src/tracking/advanced_tracker.py:_activate_slot,728_172_396_431_578
S,4,728,DETECTION,src/tracking/advanced_tracker.py:_activate_slot,728_202_1576_431_1747
S,5,728,DETECTION,src/tracking/advanced_tracker.py:_activate_slot,728_82_1070_168_1163
S,6,728,DETECTION,src/tracking/advanced_tracker.py:_activate_slot,728_93_345_330_442
S,7,728,DETECTION,src/tracking/advanced_tracker.py:_activate_slot,728_112_-15_323_96
D,1,728
S,2,728,PREDICTION,src/tracking/advanced_tracker.py:id_merge,
D,2,728
S,3,728,PREDICTION,src/tracking/advanced_tracker.py:id_merge,
D,3,728
S,4,728,PREDICTION,src/tracking/advanced_tracker.py:id_merge,
D,6,728
S,7,728,PREDICTION,src/tracking/advanced_tracker.py:id_merge,
L,0,728,DETECTION,src/tracking/advanced_tracker.py:_activate_slot,728_360_677_657_829
R,DETECTION,DETECTION,1
L,4,728,PREDICTION,src/tracking/advanced_tracker.py:id_merge,
R,PREDICTION,SUBPIXEL,0
L,5,728,DETECTION,src/tracking/advanced_tracker.py:_activate_slot,728_82_1070_168_1163
R,DETECTION,DETECTION,1
L,7,728,PREDICTION,src/tracking/advanced_tracker.py:id_merge,
R,PREDICTION,PREDICTION,1
A,728
S,0,731,DETECTION,src/tracking/advanced_tracker.py:_activate_slot,731_357_715_656_873
S,1,731,DETECTION,src/tracking/advanced_tracker.py:_activate_slot,731_360_1017_703_1173
S,2,731,DETECTION,src/tracking/advanced_tracker.py:_activate_slot,731_265_1161_492_1338
S,6,731,DETECTION,src/tracking/advanced_tracker.py:_activate_slot,731_94_336_307_436
S,8,731,DETECTION,src/tracking/advanced_tracker.py:_activate_slot,731_177_1609_435_1747
S,9,731,DETECTION,src/tracking/advanced_tracker.py:_activate_slot,731_106_684_338_798
S,5,731,DETECTION,src/tracking/advanced_tracker.py:_activate_slot,731_83_1113_170_1209
S,7,731,DETECTION,src/tracking/advanced_tracker.py:_activate_slot,731_113_36_278_133
S,3,731,PREDICTION,src/tracking/advanced_tracker.py:kalman_homography,
S,4,731,PREDICTION,src/tracking/advanced_tracker.py:kalman_homography,
D,0,731
S,1,731,PREDICTION,src/tracking/advanced_tracker.py:id_merge,
D,1,731
S,2,731,PREDICTION,src/tracking/advanced_tracker.py:id_merge,
D,3,731
S,2,731,PREDICTION,src/tracking/advanced_tracker.py:id_merge,
D,4,731
S,2,731,PREDICTION,src/tracking/advanced_tracker.py:id_merge,
D,5,731
S,8,731,PREDICTION,src/tracking/advanced_tracker.py:id_merge,
D,6,731
S,7,731,PREDICTION,src/tracking/advanced_tracker.py:id_merge,
D,7,731
S,8,731,PREDICTION,src/tracking/advanced_tracker.py:id_merge,
L,2,731,PREDICTION,src/tracking/advanced_tracker.py:id_merge,
R,PREDICTION,PREDICTION,1
L,8,731,PREDICTION,src/tracking/advanced_tracker.py:id_merge,
R,PREDICTION,PREDICTION,1
L,9,731,DETECTION,src/tracking/advanced_tracker.py:_activate_slot,731_106_684_338_798
R,DETECTION,DETECTION,1
A,731
S,0,734,DETECTION,src/tracking/advanced_tracker.py:_activate_slot,734_354_761_656_918
S,1,734,DETECTION,src/tracking/advanced_tracker.py:_activate_slot,734_353_1060_674_1189
S,2,734,DETECTION,src/tracking/advanced_tracker.py:_activate_slot,734_257_1201_485_1339
S,4,734,DETECTION,src/tracking/advanced_tracker.py:_activate_slot,734_180_1614_436_1734
S,5,734,DETECTION,src/tracking/advanced_tracker.py:_activate_slot,734_84_1158_171_1251
S,6,734,DETECTION,src/tracking/advanced_tracker.py:_activate_slot,734_91_378_309_481
S,7,734,DETECTION,src/tracking/advanced_tracker.py:_activate_slot,734_110_87_276_186
S,9,734,DETECTION,src/tracking/advanced_tracker.py:_activate_slot,734_103_694_337_816
S,3,734,PREDICTION,src/tracking/advanced_tracker.py:kalman_homography,
S,8,734,PREDICTION,src/tracking/advanced_tracker.py:kalman_homography,
D,0,734
S,1,734,PREDICTION,src/tracking/advanced_tracker.py:id_merge,
D,1,734
S,2,734,PREDICTION,src/tracking/advanced_tracker.py:id_merge,
D,3,734
S,2,734,PREDICTION,src/tracking/advanced_tracker.py:id_merge,
D,2,734
S,4,734,PREDICTION,src/tracking/advanced_tracker.py:id_merge,
D,8,734
S,5,734,PREDICTION,src/tracking/advanced_tracker.py:id_merge,
D,6,734
S,7,734,PREDICTION,src/tracking/advanced_tracker.py:id_merge,
L,4,734,PREDICTION,src/tracking/advanced_tracker.py:id_merge,
R,PREDICTION,SUBPIXEL,0
L,5,734,PREDICTION,src/tracking/advanced_tracker.py:id_merge,
R,PREDICTION,PREDICTION,1
L,7,734,PREDICTION,src/tracking/advanced_tracker.py:id_merge,
R,PREDICTION,PREDICTION,1
L,9,734,DETECTION,src/tracking/advanced_tracker.py:_activate_slot,734_103_694_337_816
R,DETECTION,DETECTION,1
A,734
S,0,737,DETECTION,src/tracking/advanced_tracker.py:_activate_slot,737_351_805_653_967
S,1,737,DETECTION,src/tracking/advanced_tracker.py:_activate_slot,737_360_1071_672_1224
S,2,737,DETECTION,src/tracking/advanced_tracker.py:_activate_slot,737_239_1213_481_1336
S,4,737,DETECTION,src/tracking/advanced_tracker.py:_activate_slot,737_745_1680_907_1800
S,8,737,DETECTION,src/tracking/advanced_tracker.py:_activate_slot,737_169_1611_435_1761
S,9,737,DETECTION,src/tracking/advanced_tracker.py:_activate_slot,737_104_732_337_844
S,6,737,DETECTION,src/tracking/advanced_tracker.py:_activate_slot,737_97_420_312_527
S,7,737,DETECTION,src/tracking/advanced_tracker.py:_activate_slot,737_127_63_281_184
S,3,737,PREDICTION,src/tracking/advanced_tracker.py:kalman_homography,
S,5,737,PREDICTION,src/tracking/advanced_tracker.py:kalman_homography,
D,0,737
S,1,737,PREDICTION,src/tracking/advanced_tracker.py:id_merge,
D,1,737
S,2,737,PREDICTION,src/tracking/advanced_tracker.py:id_merge,
D,3,737
S,2,737,PREDICTION,src/tracking/advanced_tracker.py:id_merge,
D,2,737
S,4,737,PREDICTION,src/tracking/advanced_tracker.py:id_merge,
D,5,737
S,7,737,PREDICTION,src/tracking/advanced_tracker.py:id_merge,
D,6,737
S,7,737,PREDICTION,src/tracking/advanced_tracker.py:id_merge,
D,7,737
S,8,737,PREDICTION,src/tracking/advanced_tracker.py:id_merge,
L,4,737,PREDICTION,src/tracking/advanced_tracker.py:id_merge,
R,PREDICTION,PREDICTION,1
L,8,737,PREDICTION,src/tracking/advanced_tracker.py:id_merge,
R,PREDICTION,SUBPIXEL,0
L,9,737,DETECTION,src/tracking/advanced_tracker.py:_activate_slot,737_104_732_337_844
R,DETECTION,DETECTION,1
A,737
S,0,740,DETECTION,src/tracking/advanced_tracker.py:_activate_slot,740_348_859_647_1015
S,1,740,DETECTION,src/tracking/advanced_tracker.py:_activate_slot,740_355_1100_673_1251
S,2,740,DETECTION,src/tracking/advanced_tracker.py:_activate_slot,740_244_1231_478_1350
S,3,740,DETECTION,src/tracking/advanced_tracker.py:_activate_slot,740_175_544_426_688
S,4,740,DETECTION,src/tracking/advanced_tracker.py:_activate_slot,740_747_1705_1032_1813
S,6,740,DETECTION,src/tracking/advanced_tracker.py:_activate_slot,740_97_466_317_570
S,5,740,PREDICTION,src/tracking/advanced_tracker.py:kalman_homography,
S,7,740,PREDICTION,src/tracking/advanced_tracker.py:kalman_homography,
S,8,740,PREDICTION,src/tracking/advanced_tracker.py:kalman_homography,
S,9,740,PREDICTION,src/tracking/advanced_tracker.py:flow_gapfill_batched,
D,0,740
S,1,740,PREDICTION,src/tracking/advanced_tracker.py:id_merge,
D,1,740
S,2,740,PREDICTION,src/tracking/advanced_tracker.py:id_merge,
D,2,740
S,4,740,PREDICTION,src/tracking/advanced_tracker.py:id_merge,
D,3,740
S,4,740,PREDICTION,src/tracking/advanced_tracker.py:id_merge,
D,5,740
S,7,740,PREDICTION,src/tracking/advanced_tracker.py:id_merge,
D,7,740
S,6,740,PREDICTION,src/tracking/advanced_tracker.py:id_merge,
D,8,740
S,6,740,PREDICTION,src/tracking/advanced_tracker.py:id_merge,
L,4,740,PREDICTION,src/tracking/advanced_tracker.py:id_merge,
R,PREDICTION,PREDICTION,1
L,6,740,PREDICTION,src/tracking/advanced_tracker.py:id_merge,
R,PREDICTION,PREDICTION,1
L,9,740,PREDICTION,src/tracking/advanced_tracker.py:flow_gapfill_batched,
R,PREDICTION,PREDICTION,1
A,740
S,0,743,DETECTION,src/tracking/advanced_tracker.py:_activate_slot,743_345_915_637_1059
S,1,743,DETECTION,src/tracking/advanced_tracker.py:_activate_slot,743_340_1125_667_1242
S,2,743,DETECTION,src/tracking/advanced_tracker.py:_activate_slot,743_257_1221_486_1365
S,9,743,CLAMP,src/tracking/advanced_tracker.py:_activate_slot,743_87_789_339_906
S,6,743,DETECTION,src/tracking/advanced_tracker.py:_activate_slot,743_96_502_311_615
S,3,743,PREDICTION,src/tracking/advanced_tracker.py:kalman_homography,
S,5,743,PREDICTION,src/tracking/advanced_tracker.py:kalman_homography,
S,7,743,PREDICTION,src/tracking/advanced_tracker.py:kalman_homography,
S,8,743,PREDICTION,src/tracking/advanced_tracker.py:kalman_homography,
D,0,743
S,1,743,PREDICTION,src/tracking/advanced_tracker.py:id_merge,
D,1,743
S,2,743,PREDICTION,src/tracking/advanced_tracker.py:id_merge,
D,5,743
S,7,743,PREDICTION,src/tracking/advanced_tracker.py:id_merge,
D,7,743
S,6,743,PREDICTION,src/tracking/advanced_tracker.py:id_merge,
D,8,743
S,6,743,PREDICTION,src/tracking/advanced_tracker.py:id_merge,
L,2,743,PREDICTION,src/tracking/advanced_tracker.py:id_merge,
R,PREDICTION,PREDICTION,1
L,3,743,PREDICTION,src/tracking/advanced_tracker.py:kalman_homography,
R,PREDICTION,PREDICTION,1
L,6,743,PREDICTION,src/tracking/advanced_tracker.py:id_merge,
R,PREDICTION,PREDICTION,1
L,9,743,CLAMP,src/tracking/advanced_tracker.py:_activate_slot,743_87_789_339_906
R,CLAMP,CLAMP,0
A,743
S,0,746,DETECTION,src/tracking/advanced_tracker.py:_activate_slot,746_343_963_649_1101
S,1,746,DETECTION,src/tracking/advanced_tracker.py:_activate_slot,746_334_1129_651_1270
S,2,746,DETECTION,src/tracking/advanced_tracker.py:_activate_slot,746_244_1248_487_1398
S,9,746,CLAMP,src/tracking/advanced_tracker.py:_activate_slot,746_81_817_334_940
S,6,746,DETECTION,src/tracking/advanced_tracker.py:_activate_slot,746_104_602_328_691
S,5,746,PREDICTION,src/tracking/advanced_tracker.py:kalman_homography,
S,7,746,PREDICTION,src/tracking/advanced_tracker.py:kalman_homography,
S,8,746,PREDICTION,src/tracking/advanced_tracker.py:kalman_homography,
S,3,746,PREDICTION,src/tracking/advanced_tracker.py:flow_gapfill_batched,
D,0,746
S,1,746,PREDICTION,src/tracking/advanced_tracker.py:id_merge,
D,1,746
S,2,746,PREDICTION,src/tracking/advanced_tracker.py:id_merge,
D,5,746
S,7,746,PREDICTION,src/tracking/advanced_tracker.py:id_merge,
D,7,746
S,6,746,PREDICTION,src/tracking/advanced_tracker.py:id_merge,
L,2,746,PREDICTION,src/tracking/advanced_tracker.py:id_merge,
R,PREDICTION,PREDICTION,1
L,3,746,PREDICTION,src/tracking/advanced_tracker.py:flow_gapfill_batched,
R,PREDICTION,PREDICTION,1
L,6,746,PREDICTION,src/tracking/advanced_tracker.py:id_merge,
R,PREDICTION,PREDICTION,1
L,8,746,PREDICTION,src/tracking/advanced_tracker.py:kalman_homography,
R,PREDICTION,PREDICTION,1
L,9,746,CLAMP,src/tracking/advanced_tracker.py:_activate_slot,746_81_817_334_940
R,CLAMP,CLAMP,0
A,746
S,0,749,DETECTION,src/tracking/advanced_tracker.py:_activate_slot,749_345_1006_645_1144
S,1,749,DETECTION,src/tracking/advanced_tracker.py:_activate_slot,749_339_1137_651_1293
S,8,749,DETECTION,src/tracking/advanced_tracker.py:_activate_slot,749_176_1602_431_1776
S,9,749,DETECTION,src/tracking/advanced_tracker.py:_activate_slot,749_237_1246_486_1423
S,2,749,PREDICTION,src/tracking/advanced_tracker.py:kalman_homography,
S,5,749,PREDICTION,src/tracking/advanced_tracker.py:kalman_homography,
S,6,749,PREDICTION,src/tracking/advanced_tracker.py:kalman_homography,
S,7,749,PREDICTION,src/tracking/advanced_tracker.py:kalman_homography,
S,3,749,PREDICTION,src/tracking/advanced_tracker.py:flow_gapfill_batched,
S,4,749,PREDICTION,src/tracking/advanced_tracker.py:flow_gapfill_batched,
D,0,749
S,1,749,PREDICTION,src/tracking/advanced_tracker.py:id_merge,
D,2,749
S,1,749,PREDICTION,src/tracking/advanced_tracker.py:id_merge,
D,4,749
S,1,749,PREDICTION,src/tracking/advanced_tracker.py:id_merge,
D,5,749
S,7,749,PREDICTION,src/tracking/advanced_tracker.py:id_merge,
D,7,749
S,6,749,PREDICTION,src/tracking/advanced_tracker.py:id_merge,
D,8,749
S,9,749,PREDICTION,src/tracking/advanced_tracker.py:id_merge,
L,1,749,PREDICTION,src/tracking/advanced_tracker.py:id_merge,
R,PREDICTION,PREDICTION,1
L,3,749,PREDICTION,src/tracking/advanced_tracker.py:flow_gapfill_batched,
R,PREDICTION,PREDICTION,1
L,6,749,PREDICTION,src/tracking/advanced_tracker.py:id_merge,
R,PREDICTION,PREDICTION,1
L,9,749,PREDICTION,src/tracking/advanced_tracker.py:id_merge,
R,CLAMP,CLAMP,0
A,749
S,0,752,DETECTION,src/tracking/advanced_tracker.py:_activate_slot,752_344_1044_646_1191
S,1,752,DETECTION,src/tracking/advanced_tracker.py:_activate_slot,752_344_1170_650_1320
S,2,752,DETECTION,src/tracking/advanced_tracker.py:_activate_slot,752_235_1245_486_1404
S,9,752,DETECTION,src/tracking/advanced_tracker.py:_activate_slot,752_94_883_318_1005
S,5,752,DETECTION,src/tracking/advanced_tracker.py:_activate_slot,752_95_1395_183_1485
S,6,752,PREDICTION,src/tracking/advanced_tracker.py:kalman_homography,
S,7,752,PREDICTION,src/tracking/advanced_tracker.py:kalman_homography,
S,8,752,PREDICTION,src/tracking/advanced_tracker.py:kalman_homography,
S,4,752,PREDICTION,src/tracking/advanced_tracker.py:flow_gapfill_batched,
D,0,752
S,1,752,PREDICTION,src/tracking/advanced_tracker.py:id_merge,
D,1,752
S,2,752,PREDICTION,src/tracking/advanced_tracker.py:id_merge,
D,4,752
S,2,752,PREDICTION,src/tracking/advanced_tracker.py:id_merge,
D,7,752
S,5,752,PREDICTION,src/tracking/advanced_tracker.py:id_merge,
D,8,752
S,5,752,PREDICTION,src/tracking/advanced_tracker.py:id_merge,
L,2,752,PREDICTION,src/tracking/advanced_tracker.py:id_merge,
R,PREDICTION,SUBPIXEL,0
L,5,752,PREDICTION,src/tracking/advanced_tracker.py:id_merge,
R,PREDICTION,PREDICTION,1
L,6,752,PREDICTION,src/tracking/advanced_tracker.py:kalman_homography,
R,PREDICTION,PREDICTION,1
L,9,752,DETECTION,src/tracking/advanced_tracker.py:_activate_slot,752_94_883_318_1005
R,CLAMP,CLAMP,0
A,752
S,0,755,DETECTION,src/tracking/advanced_tracker.py:_activate_slot,755_348_1080_647_1222
S,1,755,DETECTION,src/tracking/advanced_tracker.py:_activate_slot,755_339_1194_658_1320
S,2,755,DETECTION,src/tracking/advanced_tracker.py:_activate_slot,755_238_1258_478_1402
S,3,755,DETECTION,src/tracking/advanced_tracker.py:_activate_slot,755_196_720_437_915
S,8,755,DETECTION,src/tracking/advanced_tracker.py:_activate_slot,755_171_1581_430_1719
S,5,755,DETECTION,src/tracking/advanced_tracker.py:_activate_slot,755_91_1417_183_1516
S,7,755,PREDICTION,src/tracking/advanced_tracker.py:kalman_homography,
S,9,755,PREDICTION,src/tracking/advanced_tracker.py:kalman_homography,
S,4,755,PREDICTION,src/tracking/advanced_tracker.py:flow_gapfill_batched,
S,6,755,PREDICTION,src/tracking/advanced_tracker.py:flow_gapfill_batched,
D,0,755
S,1,755,PREDICTION,src/tracking/advanced_tracker.py:id_merge,
D,1,755
S,2,755,PREDICTION,src/tracking/advanced_tracker.py:id_merge,
D,4,755
S,2,755,PREDICTION,src/tracking/advanced_tracker.py:id_merge,
D,7,755
S,5,755,PREDICTION,src/tracking/advanced_tracker.py:id_merge,
D,5,755
S,8,755,PREDICTION,src/tracking/advanced_tracker.py:id_merge,
D,9,755
S,8,755,PREDICTION,src/tracking/advanced_tracker.py:id_merge,
L,2,755,PREDICTION,src/tracking/advanced_tracker.py:id_merge,
R,PREDICTION,PREDICTION,1
L,3,755,DETECTION,src/tracking/advanced_tracker.py:_activate_slot,755_196_720_437_915
R,CLAMP,CLAMP,0
L,6,755,PREDICTION,src/tracking/advanced_tracker.py:flow_gapfill_batched,
R,PREDICTION,PREDICTION,1
L,8,755,PREDICTION,src/tracking/advanced_tracker.py:id_merge,
R,PREDICTION,PREDICTION,1
A,755
S,0,758,DETECTION,src/tracking/advanced_tracker.py:_activate_slot,758_348_1114_652_1249
S,1,758,DETECTION,src/tracking/advanced_tracker.py:_activate_slot,758_329_1217_656_1344
S,2,758,DETECTION,src/tracking/advanced_tracker.py:_activate_slot,758_249_1270_476_1393
S,6,758,DETECTION,src/tracking/advanced_tracker.py:_activate_slot,758_197_756_442_962
S,5,758,DETECTION,src/tracking/advanced_tracker.py:_activate_slot,758_96_1453_185_1546
S,9,758,DETECTION,src/tracking/advanced_tracker.py:_activate_slot,758_58_1078_306_1165
S,3,758,PREDICTION,src/tracking/advanced_tracker.py:kalman_homography,
S,7,758,PREDICTION,src/tracking/advanced_tracker.py:kalman_homography,
S,8,758,PREDICTION,src/tracking/advanced_tracker.py:kalman_homography,
D,0,758
S,1,758,PREDICTION,src/tracking/advanced_tracker.py:id_merge,
D,1,758
S,2,758,PREDICTION,src/tracking/advanced_tracker.py:id_merge,
D,7,758
S,5,758,PREDICTION,src/tracking/advanced_tracker.py:id_merge,
D,8,758
S,5,758,PREDICTION,src/tracking/advanced_tracker.py:id_merge,
D,5,758
S,9,758,PREDICTION,src/tracking/advanced_tracker.py:id_merge,
L,2,758,PREDICTION,src/tracking/advanced_tracker.py:id_merge,
R,PREDICTION,PREDICTION,1
L,3,758,PREDICTION,src/tracking/advanced_tracker.py:kalman_homography,
R,PREDICTION,PREDICTION,1
L,6,758,DETECTION,src/tracking/advanced_tracker.py:_activate_slot,758_197_756_442_962
R,DETECTION,DETECTION,1
L,9,758,PREDICTION,src/tracking/advanced_tracker.py:id_merge,
R,CLAMP,CLAMP,0
A,758
S,0,761,DETECTION,src/tracking/advanced_tracker.py:_activate_slot,761_350_1135_653_1279
S,1,761,DETECTION,src/tracking/advanced_tracker.py:_activate_slot,761_326_1237_652_1365
S,6,761,DETECTION,src/tracking/advanced_tracker.py:_activate_slot,761_195_823_447_1000
S,9,761,DETECTION,src/tracking/advanced_tracker.py:_activate_slot,761_61_1102_307_1192
S,2,761,PREDICTION,src/tracking/advanced_tracker.py:kalman_homography,
S,3,761,PREDICTION,src/tracking/advanced_tracker.py:kalman_homography,
S,5,761,PREDICTION,src/tracking/advanced_tracker.py:kalman_homography,
S,8,761,PREDICTION,src/tracking/advanced_tracker.py:kalman_homography,
S,7,761,PREDICTION,src/tracking/advanced_tracker.py:flow_gapfill_batched,
D,0,761
S,1,761,PREDICTION,src/tracking/advanced_tracker.py:id_merge,
D,2,761
S,1,761,PREDICTION,src/tracking/advanced_tracker.py:id_merge,
D,3,761
S,1,761,PREDICTION,src/tracking/advanced_tracker.py:id_merge,
D,5,761
S,6,761,PREDICTION,src/tracking/advanced_tracker.py:id_merge,
D,8,761
S,6,761,PREDICTION,src/tracking/advanced_tracker.py:id_merge,
D,6,761
S,9,761,PREDICTION,src/tracking/advanced_tracker.py:id_merge,
D,7,761
S,9,761,PREDICTION,src/tracking/advanced_tracker.py:id_merge,
L,1,761,PREDICTION,src/tracking/advanced_tracker.py:id_merge,
R,PREDICTION,PREDICTION,1
L,9,761,PREDICTION,src/tracking/advanced_tracker.py:id_merge,
R,CLAMP,CLAMP,0
A,761
S,0,764,DETECTION,src/tracking/advanced_tracker.py:_activate_slot,764_343_1150_661_1300
S,1,764,DETECTION,src/tracking/advanced_tracker.py:_activate_slot,764_332_1249_647_1393
S,6,764,DETECTION,src/tracking/advanced_tracker.py:_activate_slot,764_208_901_446_1024
S,9,764,DETECTION,src/tracking/advanced_tracker.py:_activate_slot,764_65_1133_319_1215
S,2,764,PREDICTION,src/tracking/advanced_tracker.py:kalman_homography,
S,3,764,PREDICTION,src/tracking/advanced_tracker.py:kalman_homography,
S,5,764,PREDICTION,src/tracking/advanced_tracker.py:kalman_homography,
S,8,764,PREDICTION,src/tracking/advanced_tracker.py:kalman_homography,
S,4,764,PREDICTION,src/tracking/advanced_tracker.py:flow_gapfill_batched,
D,0,764
S,1,764,PREDICTION,src/tracking/advanced_tracker.py:id_merge,
D,2,764
S,1,764,PREDICTION,src/tracking/advanced_tracker.py:id_merge,
D,3,764
S,1,764,PREDICTION,src/tracking/advanced_tracker.py:id_merge,
D,4,764
S,1,764,PREDICTION,src/tracking/advanced_tracker.py:id_merge,
D,5,764
S,6,764,PREDICTION,src/tracking/advanced_tracker.py:id_merge,
D,8,764
S,6,764,PREDICTION,src/tracking/advanced_tracker.py:id_merge,
D,6,764
S,9,764,PREDICTION,src/tracking/advanced_tracker.py:id_merge,
L,1,764,PREDICTION,src/tracking/advanced_tracker.py:id_merge,
R,PREDICTION,PREDICTION,1
L,9,764,PREDICTION,src/tracking/advanced_tracker.py:id_merge,
R,CLAMP,CLAMP,0
A,764
S,0,767,DETECTION,src/tracking/advanced_tracker.py:_activate_slot,767_349_1176_661_1314
S,1,767,DETECTION,src/tracking/advanced_tracker.py:_activate_slot,767_337_1255_655_1414
S,3,767,DETECTION,src/tracking/advanced_tracker.py:_activate_slot,767_228_949_460_1111
S,8,767,DETECTION,src/tracking/advanced_tracker.py:_activate_slot,767_180_1536_431_1674
S,9,767,DETECTION,src/tracking/advanced_tracker.py:_activate_slot,767_76_1161_321_1243
S,2,767,PREDICTION,src/tracking/advanced_tracker.py:kalman_homography,
S,5,767,PREDICTION,src/tracking/advanced_tracker.py:kalman_homography,
S,6,767,PREDICTION,src/tracking/advanced_tracker.py:kalman_homography,
D,0,767
S,1,767,PREDICTION,src/tracking/advanced_tracker.py:id_merge,
D,2,767
S,1,767,PREDICTION,src/tracking/advanced_tracker.py:id_merge,
D,1,767
S,3,767,PREDICTION,src/tracking/advanced_tracker.py:id_merge,
D,5,767
S,6,767,PREDICTION,src/tracking/advanced_tracker.py:id_merge,
D,6,767
S,8,767,PREDICTION,src/tracking/advanced_tracker.py:id_merge,
D,8,767
S,9,767,PREDICTION,src/tracking/advanced_tracker.py:id_merge,
L,3,767,PREDICTION,src/tracking/advanced_tracker.py:id_merge,
R,PREDICTION,PREDICTION,1
L,9,767,PREDICTION,src/tracking/advanced_tracker.py:id_merge,
R,CLAMP,CLAMP,0
A,767
S,0,770,DETECTION,src/tracking/advanced_tracker.py:_activate_slot,770_348_1179_668_1344
S,1,770,DETECTION,src/tracking/advanced_tracker.py:_activate_slot,770_338_1291_656_1408
S,2,770,DETECTION,src/tracking/advanced_tracker.py:_activate_slot,770_775_1734_1030_1833
S,3,770,DETECTION,src/tracking/advanced_tracker.py:_activate_slot,770_218_1045_481_1186
S,5,770,DETECTION,src/tracking/advanced_tracker.py:_activate_slot,770_118_1563_206_1656
S,9,770,DETECTION,src/tracking/advanced_tracker.py:_activate_slot,770_79_1188_315_1270
S,6,770,PREDICTION,src/tracking/advanced_tracker.py:kalman_homography,
S,8,770,PREDICTION,src/tracking/advanced_tracker.py:kalman_homography,
D,0,770
S,1,770,PREDICTION,src/tracking/advanced_tracker.py:id_merge,
D,1,770
S,2,770,PREDICTION,src/tracking/advanced_tracker.py:id_merge,
D,2,770
S,3,770,PREDICTION,src/tracking/advanced_tracker.py:id_merge,
D,6,770
S,5,770,PREDICTION,src/tracking/advanced_tracker.py:id_merge,
D,8,770
S,5,770,PREDICTION,src/tracking/advanced_tracker.py:id_merge,
D,5,770
S,9,770,PREDICTION,src/tracking/advanced_tracker.py:id_merge,
L,3,770,PREDICTION,src/tracking/advanced_tracker.py:id_merge,
R,PREDICTION,PREDICTION,1
L,9,770,PREDICTION,src/tracking/advanced_tracker.py:id_merge,
R,CLAMP,CLAMP,0
A,770
S,0,773,DETECTION,src/tracking/advanced_tracker.py:_activate_slot,773_353_1201_668_1357
S,1,773,DETECTION,src/tracking/advanced_tracker.py:_activate_slot,773_331_1308_644_1434
S,2,773,DETECTION,src/tracking/advanced_tracker.py:_activate_slot,773_235_1123_481_1222
S,9,773,DETECTION,src/tracking/advanced_tracker.py:_activate_slot,773_775_1726_1030_1834
S,5,773,DETECTION,src/tracking/advanced_tracker.py:_activate_slot,773_123_1593_210_1683
S,3,773,PREDICTION,src/tracking/advanced_tracker.py:kalman_homography,
S,6,773,PREDICTION,src/tracking/advanced_tracker.py:kalman_homography,
S,8,773,PREDICTION,src/tracking/advanced_tracker.py:kalman_homography,
D,0,773
S,1,773,PREDICTION,src/tracking/advanced_tracker.py:id_merge,
D,1,773
S,2,773,PREDICTION,src/tracking/advanced_tracker.py:id_merge,
D,3,773
S,2,773,PREDICTION,src/tracking/advanced_tracker.py:id_merge,
D,6,773
S,5,773,PREDICTION,src/tracking/advanced_tracker.py:id_merge,
D,8,773
S,5,773,PREDICTION,src/tracking/advanced_tracker.py:id_merge,
D,5,773
S,9,773,PREDICTION,src/tracking/advanced_tracker.py:id_merge,
L,2,773,PREDICTION,src/tracking/advanced_tracker.py:id_merge,
R,PREDICTION,PREDICTION,1
L,9,773,PREDICTION,src/tracking/advanced_tracker.py:id_merge,
R,CLAMP,CLAMP,0
A,773
S,0,776,DETECTION,src/tracking/advanced_tracker.py:_activate_slot,776_348_1222_658_1372
S,1,776,DETECTION,src/tracking/advanced_tracker.py:_activate_slot,776_329_1330_640_1456
S,2,776,DETECTION,src/tracking/advanced_tracker.py:_activate_slot,776_278_1057_488_1162
S,3,776,DETECTION,src/tracking/advanced_tracker.py:_activate_slot,776_241_1149_501_1269
S,5,776,DETECTION,src/tracking/advanced_tracker.py:_activate_slot,776_145_623_345_719
S,6,776,PREDICTION,src/tracking/advanced_tracker.py:kalman_homography,
S,8,776,PREDICTION,src/tracking/advanced_tracker.py:kalman_homography,
D,0,776
S,1,776,PREDICTION,src/tracking/advanced_tracker.py:id_merge,
D,1,776
S,2,776,PREDICTION,src/tracking/advanced_tracker.py:id_merge,
D,2,776
S,3,776,PREDICTION,src/tracking/advanced_tracker.py:id_merge,
D,6,776
S,8,776,PREDICTION,src/tracking/advanced_tracker.py:id_merge,
L,3,776,PREDICTION,src/tracking/advanced_tracker.py:id_merge,
R,PREDICTION,PREDICTION,1
L,5,776,DETECTION,src/tracking/advanced_tracker.py:_activate_slot,776_145_623_345_719
R,DETECTION,DETECTION,1
L,8,776,PREDICTION,src/tracking/advanced_tracker.py:id_merge,
R,PREDICTION,PREDICTION,1
A,776
S,0,779,DETECTION,src/tracking/advanced_tracker.py:_activate_slot,779_345_1248_651_1383
S,1,779,DETECTION,src/tracking/advanced_tracker.py:_activate_slot,779_335_1339_638_1477
S,3,779,DETECTION,src/tracking/advanced_tracker.py:_activate_slot,779_251_1148_525_1301
S,8,779,DETECTION,src/tracking/advanced_tracker.py:_activate_slot,779_193_1496_433_1623
S,2,779,PREDICTION,src/tracking/advanced_tracker.py:kalman_homography,
S,5,779,PREDICTION,src/tracking/advanced_tracker.py:kalman_homography,
S,6,779,PREDICTION,src/tracking/advanced_tracker.py:kalman_homography,
S,9,779,PREDICTION,src/tracking/advanced_tracker.py:flow_gapfill_batched,
D,0,779
S,1,779,PREDICTION,src/tracking/advanced_tracker.py:id_merge,
D,2,779
S,1,779,PREDICTION,src/tracking/advanced_tracker.py:id_merge,
D,1,779
S,3,779,PREDICTION,src/tracking/advanced_tracker.py:id_merge,
D,6,779
S,5,779,PREDICTION,src/tracking/advanced_tracker.py:id_merge,
D,5,779
S,8,779,PREDICTION,src/tracking/advanced_tracker.py:id_merge,
D,9,779
S,8,779,PREDICTION,src/tracking/advanced_tracker.py:id_merge,
L,3,779,PREDICTION,src/tracking/advanced_tracker.py:id_merge,
R,PREDICTION,PREDICTION,1
L,8,779,PREDICTION,src/tracking/advanced_tracker.py:id_merge,
R,PREDICTION,PREDICTION,1
A,779
S,0,782,DETECTION,src/tracking/advanced_tracker.py:_activate_slot,782_346_1269_652_1395
S,1,782,DETECTION,src/tracking/advanced_tracker.py:_activate_slot,782_329_1353_636_1494
S,3,782,DETECTION,src/tracking/advanced_tracker.py:_activate_slot,782_263_1156_539_1330
S,5,782,DETECTION,src/tracking/advanced_tracker.py:_activate_slot,782_784_1710_1035_1836
S,7,782,DETECTION,src/tracking/advanced_tracker.py:_activate_slot,782_151_678_352_771
S,2,782,PREDICTION,src/tracking/advanced_tracker.py:kalman_homography,
S,6,782,PREDICTION,src/tracking/advanced_tracker.py:kalman_homography,
S,8,782,PREDICTION,src/tracking/advanced_tracker.py:kalman_homography,
S,9,782,PREDICTION,src/tracking/advanced_tracker.py:flow_gapfill_batched,
D,0,782
S,1,782,PREDICTION,src/tracking/advanced_tracker.py:id_merge,
D,1,782
S,3,782,PREDICTION,src/tracking/advanced_tracker.py:id_merge,
D,6,782
S,5,782,PREDICTION,src/tracking/advanced_tracker.py:id_merge,
D,8,782
S,5,782,PREDICTION,src/tracking/advanced_tracker.py:id_merge,
D,9,782
S,5,782,PREDICTION,src/tracking/advanced_tracker.py:id_merge,
L,2,782,PREDICTION,src/tracking/advanced_tracker.py:kalman_homography,
R,CLAMP,CLAMP,0
L,3,782,PREDICTION,src/tracking/advanced_tracker.py:id_merge,
R,PREDICTION,PREDICTION,1
L,5,782,PREDICTION,src/tracking/advanced_tracker.py:id_merge,
R,PREDICTION,PREDICTION,1
L,7,782,DETECTION,src/tracking/advanced_tracker.py:_activate_slot,782_151_678_352_771
R,DETECTION,DETECTION,1
A,782
S,0,785,DETECTION,src/tracking/advanced_tracker.py:_activate_slot,785_348_1288_647_1411
S,1,785,DETECTION,src/tracking/advanced_tracker.py:_activate_slot,785_328_1366_634_1519
S,3,785,DETECTION,src/tracking/advanced_tracker.py:_activate_slot,785_296_1164_534_1304
S,5,785,DETECTION,src/tracking/advanced_tracker.py:_activate_slot,785_783_1708_1029_1816
S,7,785,DETECTION,src/tracking/advanced_tracker.py:_activate_slot,785_160_703_356_795
S,8,785,DETECTION,src/tracking/advanced_tracker.py:_activate_slot,785_196_1480_425_1600
S,4,785,DETECTION,src/tracking/advanced_tracker.py:_activate_slot,785_196_1479_427_1575
S,2,785,PREDICTION,src/tracking/advanced_tracker.py:kalman_homography,
S,6,785,PREDICTION,src/tracking/advanced_tracker.py:kalman_homography,
S,9,785,PREDICTION,src/tracking/advanced_tracker.py:flow_gapfill_batched,
D,0,785
S,1,785,PREDICTION,src/tracking/advanced_tracker.py:id_merge,
D,2,785
S,1,785,PREDICTION,src/tracking/advanced_tracker.py:id_merge,
D,1,785
S,3,785,PREDICTION,src/tracking/advanced_tracker.py:id_merge,
D,3,785
S,4,785,PREDICTION,src/tracking/advanced_tracker.py:id_merge,
D,6,785
S,5,785,PREDICTION,src/tracking/advanced_tracker.py:id_merge,
D,5,785
S,8,785,PREDICTION,src/tracking/advanced_tracker.py:id_merge,
D,9,785
S,8,785,PREDICTION,src/tracking/advanced_tracker.py:id_merge,
L,4,785,PREDICTION,src/tracking/advanced_tracker.py:id_merge,
R,PREDICTION,PREDICTION,1
L,7,785,DETECTION,src/tracking/advanced_tracker.py:_activate_slot,785_160_703_356_795
R,DETECTION,DETECTION,1
L,8,785,PREDICTION,src/tracking/advanced_tracker.py:id_merge,
R,PREDICTION,PREDICTION,1
A,785
S,0,788,DETECTION,src/tracking/advanced_tracker.py:_activate_slot,788_354_1309_639_1435
S,3,788,DETECTION,src/tracking/advanced_tracker.py:_activate_slot,788_282_1156_537_1384
S,4,788,DETECTION,src/tracking/advanced_tracker.py:_activate_slot,788_196_1452_435_1581
S,6,788,DETECTION,src/tracking/advanced_tracker.py:_activate_slot,788_326_1388_624_1526
S,7,788,DETECTION,src/tracking/advanced_tracker.py:_activate_slot,788_158_725_356_816
S,1,788,PREDICTION,src/tracking/advanced_tracker.py:kalman_homography,
S,2,788,PREDICTION,src/tracking/advanced_tracker.py:kalman_homography,
S,8,788,PREDICTION,src/tracking/advanced_tracker.py:kalman_homography,
S,5,788,PREDICTION,src/tracking/advanced_tracker.py:flow_gapfill_batched,
S,9,788,PREDICTION,src/tracking/advanced_tracker.py:flow_gapfill_batched,
D,1,788
S,0,788,PREDICTION,src/tracking/advanced_tracker.py:id_merge,
D,2,788
S,0,788,PREDICTION,src/tracking/advanced_tracker.py:id_merge,
D,0,788
S,3,788,PREDICTION,src/tracking/advanced_tracker.py:id_merge,
D,3,788
S,4,788,PREDICTION,src/tracking/advanced_tracker.py:id_merge,
D,5,788
S,6,788,PREDICTION,src/tracking/advanced_tracker.py:id_merge,
D,8,788
S,6,788,PREDICTION,src/tracking/advanced_tracker.py:id_merge,
D,9,788
S,6,788,PREDICTION,src/tracking/advanced_tracker.py:id_merge,
L,4,788,PREDICTION,src/tracking/advanced_tracker.py:id_merge,
R,PREDICTION,PREDICTION,1
L,6,788,PREDICTION,src/tracking/advanced_tracker.py:id_merge,
R,PREDICTION,PREDICTION,1
L,7,788,DETECTION,src/tracking/advanced_tracker.py:_activate_slot,788_158_725_356_816
R,DETECTION,DETECTION,1
A,788
S,0,791,DETECTION,src/tracking/advanced_tracker.py:_activate_slot,791_349_1318_647_1438
S,1,791,DETECTION,src/tracking/advanced_tracker.py:_activate_slot,791_292_1264_648_1435
S,3,791,DETECTION,src/tracking/advanced_tracker.py:_activate_slot,791_319_1159_551_1318
S,8,791,DETECTION,src/tracking/advanced_tracker.py:_activate_slot,791_176_1467_439_1579
S,4,791,PREDICTION,src/tracking/advanced_tracker.py:kalman_homography,
S,6,791,PREDICTION,src/tracking/advanced_tracker.py:kalman_homography,
S,2,791,PREDICTION,src/tracking/advanced_tracker.py:flow_gapfill_batched,
D,0,791
S,1,791,PREDICTION,src/tracking/advanced_tracker.py:id_merge,
D,2,791
S,1,791,PREDICTION,src/tracking/advanced_tracker.py:id_merge,
D,1,791
S,3,791,PREDICTION,src/tracking/advanced_tracker.py:id_merge,
D,4,791
S,3,791,PREDICTION,src/tracking/advanced_tracker.py:id_merge,
D,6,791
S,8,791,PREDICTION,src/tracking/advanced_tracker.py:id_merge,
L,3,791,PREDICTION,src/tracking/advanced_tracker.py:id_merge,
R,PREDICTION,PREDICTION,1
L,8,791,PREDICTION,src/tracking/advanced_tracker.py:id_merge,
R,PREDICTION,PREDICTION,1
A,791
S,0,794,DETECTION,src/tracking/advanced_tracker.py:_activate_slot,794_310_1301_641_1449
S,1,794,DETECTION,src/tracking/advanced_tracker.py:_activate_slot,794_321_1411_622_1539
S,3,794,DETECTION,src/tracking/advanced_tracker.py:_activate_slot,794_326_1178_550_1350
S,8,794,DETECTION,src/tracking/advanced_tracker.py:_activate_slot,794_215_1452_440_1587
S,4,794,PREDICTION,src/tracking/advanced_tracker.py:kalman_homography,
S,6,794,PREDICTION,src/tracking/advanced_tracker.py:kalman_homography,
S,2,794,PREDICTION,src/tracking/advanced_tracker.py:flow_gapfill_batched,
S,5,794,PREDICTION,src/tracking/advanced_tracker.py:flow_gapfill_batched,
S,7,794,PREDICTION,src/tracking/advanced_tracker.py:flow_gapfill_batched,
D,0,794
S,1,794,PREDICTION,src/tracking/advanced_tracker.py:id_merge,
D,2,794
S,1,794,PREDICTION,src/tracking/advanced_tracker.py:id_merge,
D,1,794
S,3,794,PREDICTION,src/tracking/advanced_tracker.py:id_merge,
D,4,794
S,3,794,PREDICTION,src/tracking/advanced_tracker.py:id_merge,
D,5,794
S,6,794,PREDICTION,src/tracking/advanced_tracker.py:id_merge,
D,6,794
S,8,794,PREDICTION,src/tracking/advanced_tracker.py:id_merge,
L,3,794,PREDICTION,src/tracking/advanced_tracker.py:id_merge,
R,PREDICTION,PREDICTION,1
L,7,794,PREDICTION,src/tracking/advanced_tracker.py:flow_gapfill_batched,
R,PREDICTION,PREDICTION,1
L,8,794,PREDICTION,src/tracking/advanced_tracker.py:id_merge,
R,PREDICTION,PREDICTION,1
A,794
S,0,797,DETECTION,src/tracking/advanced_tracker.py:_activate_slot,797_325_1299_639_1473
S,1,797,DETECTION,src/tracking/advanced_tracker.py:_activate_slot,797_323_1414_623_1561
S,3,797,DETECTION,src/tracking/advanced_tracker.py:_activate_slot,797_303_1197_558_1359
S,8,797,DETECTION,src/tracking/advanced_tracker.py:_activate_slot,797_205_1444_375_1533
S,4,797,PREDICTION,src/tracking/advanced_tracker.py:kalman_homography,
S,6,797,PREDICTION,src/tracking/advanced_tracker.py:kalman_homography,
S,7,797,PREDICTION,src/tracking/advanced_tracker.py:kalman_homography,
S,2,797,PREDICTION,src/tracking/advanced_tracker.py:flow_gapfill_batched,
S,5,797,PREDICTION,src/tracking/advanced_tracker.py:flow_gapfill_batched,
S,9,797,PREDICTION,src/tracking/advanced_tracker.py:flow_gapfill_batched,
D,0,797
S,1,797,PREDICTION,src/tracking/advanced_tracker.py:id_merge,
D,2,797
S,1,797,PREDICTION,src/tracking/advanced_tracker.py:id_merge,
D,1,797
S,3,797,PREDICTION,src/tracking/advanced_tracker.py:id_merge,
D,4,797
S,3,797,PREDICTION,src/tracking/advanced_tracker.py:id_merge,
D,5,797
S,6,797,PREDICTION,src/tracking/advanced_tracker.py:id_merge,
D,6,797
S,8,797,PREDICTION,src/tracking/advanced_tracker.py:id_merge,
D,9,797
S,8,797,PREDICTION,src/tracking/advanced_tracker.py:id_merge,
L,3,797,PREDICTION,src/tracking/advanced_tracker.py:id_merge,
R,PREDICTION,PREDICTION,1
L,7,797,PREDICTION,src/tracking/advanced_tracker.py:kalman_homography,
R,CLAMP,CLAMP,0
L,8,797,PREDICTION,src/tracking/advanced_tracker.py:id_merge,
R,PREDICTION,PREDICTION,1
A,797
S,1,800,DETECTION,src/tracking/advanced_tracker.py:_activate_slot,800_319_1438_598_1555
S,0,800,DETECTION,src/tracking/advanced_tracker.py:_activate_slot,800_326_1282_632_1479
S,3,800,DETECTION,src/tracking/advanced_tracker.py:_activate_slot,800_319_1245_557_1386
S,7,800,DETECTION,src/tracking/advanced_tracker.py:_activate_slot,800_175_796_369_891
S,8,800,DETECTION,src/tracking/advanced_tracker.py:_activate_slot,800_203_1411_378_1546
S,4,800,PREDICTION,src/tracking/advanced_tracker.py:kalman_homography,
S,6,800,PREDICTION,src/tracking/advanced_tracker.py:kalman_homography,
S,2,800,PREDICTION,src/tracking/advanced_tracker.py:flow_gapfill_batched,
D,0,800
S,1,800,PREDICTION,src/tracking/advanced_tracker.py:id_merge,
D,2,800
S,1,800,PREDICTION,src/tracking/advanced_tracker.py:id_merge,
D,1,800
S,3,800,PREDICTION,src/tracking/advanced_tracker.py:id_merge,
D,4,800
S,3,800,PREDICTION,src/tracking/advanced_tracker.py:id_merge,
D,6,800
S,8,800,PREDICTION,src/tracking/advanced_tracker.py:id_merge,
L,3,800,PREDICTION,src/tracking/advanced_tracker.py:id_merge,
R,PREDICTION,PREDICTION,1
L,7,800,DETECTION,src/tracking/advanced_tracker.py:_activate_slot,800_175_796_369_891
R,CLAMP,CLAMP,0
L,8,800,PREDICTION,src/tracking/advanced_tracker.py:id_merge,
R,PREDICTION,PREDICTION,1
A,800
S,0,803,DETECTION,src/tracking/advanced_tracker.py:_activate_slot,803_342_1288_633_1489
S,1,803,DETECTION,src/tracking/advanced_tracker.py:_activate_slot,803_297_1446_593_1560
S,6,803,DETECTION,src/tracking/advanced_tracker.py:_activate_slot,803_158_1175_358_1271
S,8,803,DETECTION,src/tracking/advanced_tracker.py:_activate_slot,803_178_816_366_903
S,3,803,PREDICTION,src/tracking/advanced_tracker.py:kalman_homography,
S,4,803,PREDICTION,src/tracking/advanced_tracker.py:kalman_homography,
S,7,803,PREDICTION,src/tracking/advanced_tracker.py:kalman_homography,
D,0,803
S,1,803,PREDICTION,src/tracking/advanced_tracker.py:id_merge,
D,3,803
S,1,803,PREDICTION,src/tracking/advanced_tracker.py:id_merge,
D,4,803
S,1,803,PREDICTION,src/tracking/advanced_tracker.py:id_merge,
D,7,803
S,8,803,PREDICTION,src/tracking/advanced_tracker.py:id_merge,
L,1,803,PREDICTION,src/tracking/advanced_tracker.py:id_merge,
R,PREDICTION,PREDICTION,1
L,6,803,DETECTION,src/tracking/advanced_tracker.py:_activate_slot,803_158_1175_358_1271
R,DETECTION,DETECTION,1
L,8,803,PREDICTION,src/tracking/advanced_tracker.py:id_merge,
R,CLAMP,CLAMP,0
A,803
S,0,806,DETECTION,src/tracking/advanced_tracker.py:_activate_slot,806_358_1298_627_1476
S,1,806,DETECTION,src/tracking/advanced_tracker.py:_activate_slot,806_291_1413_599_1560
S,7,806,DETECTION,src/tracking/advanced_tracker.py:_activate_slot,806_178_825_371_915
S,8,806,DETECTION,src/tracking/advanced_tracker.py:_activate_slot,806_266_1207_461_1348
S,3,806,PREDICTION,src/tracking/advanced_tracker.py:kalman_homography,
S,4,806,PREDICTION,src/tracking/advanced_tracker.py:kalman_homography,
S,6,806,PREDICTION,src/tracking/advanced_tracker.py:kalman_homography,
S,5,806,PREDICTION,src/tracking/advanced_tracker.py:flow_gapfill_batched,
D,0,806
S,1,806,PREDICTION,src/tracking/advanced_tracker.py:id_merge,
D,3,806
S,1,806,PREDICTION,src/tracking/advanced_tracker.py:id_merge,
D,4,806
S,1,806,PREDICTION,src/tracking/advanced_tracker.py:id_merge,
D,5,806
S,6,806,PREDICTION,src/tracking/advanced_tracker.py:id_merge,
D,6,806
S,8,806,PREDICTION,src/tracking/advanced_tracker.py:id_merge,
L,1,806,PREDICTION,src/tracking/advanced_tracker.py:id_merge,
R,PREDICTION,SUBPIXEL,0
L,7,806,DETECTION,src/tracking/advanced_tracker.py:_activate_slot,806_178_825_371_915
R,CLAMP,CLAMP,0
L,8,806,PREDICTION,src/tracking/advanced_tracker.py:id_merge,
R,PREDICTION,PREDICTION,1
A,806
S,0,809,DETECTION,src/tracking/advanced_tracker.py:_activate_slot,809_323_1315_623_1456
S,1,809,DETECTION,src/tracking/advanced_tracker.py:_activate_slot,809_303_1425_597_1566
S,7,809,DETECTION,src/tracking/advanced_tracker.py:_activate_slot,809_182_833_372_923
S,3,809,PREDICTION,src/tracking/advanced_tracker.py:kalman_homography,
S,4,809,PREDICTION,src/tracking/advanced_tracker.py:kalman_homography,
S,6,809,PREDICTION,src/tracking/advanced_tracker.py:kalman_homography,
S,8,809,PREDICTION,src/tracking/advanced_tracker.py:kalman_homography,
S,5,809,PREDICTION,src/tracking/advanced_tracker.py:flow_gapfill_batched,
D,0,809
S,1,809,PREDICTION,src/tracking/advanced_tracker.py:id_merge,
D,3,809
S,1,809,PREDICTION,src/tracking/advanced_tracker.py:id_merge,
D,4,809
S,1,809,PREDICTION,src/tracking/advanced_tracker.py:id_merge,
D,5,809
S,6,809,PREDICTION,src/tracking/advanced_tracker.py:id_merge,
D,6,809
S,8,809,PREDICTION,src/tracking/advanced_tracker.py:id_merge,
L,1,809,PREDICTION,src/tracking/advanced_tracker.py:id_merge,
R,PREDICTION,SUBPIXEL,0
L,7,809,DETECTION,src/tracking/advanced_tracker.py:_activate_slot,809_182_833_372_923
R,CLAMP,CLAMP,0
L,8,809,PREDICTION,src/tracking/advanced_tracker.py:id_merge,
R,PREDICTION,PREDICTION,1
A,809
S,0,812,DETECTION,src/tracking/advanced_tracker.py:_activate_slot,812_318_1300_611_1453
S,1,812,DETECTION,src/tracking/advanced_tracker.py:_activate_slot,812_331_1500_589_1596
S,7,812,DETECTION,src/tracking/advanced_tracker.py:_activate_slot,812_181_840_373_930
S,3,812,PREDICTION,src/tracking/advanced_tracker.py:kalman_homography,
S,6,812,PREDICTION,src/tracking/advanced_tracker.py:kalman_homography,
S,8,812,PREDICTION,src/tracking/advanced_tracker.py:kalman_homography,
S,4,812,PREDICTION,src/tracking/advanced_tracker.py:flow_gapfill_batched,
D,0,812
S,1,812,PREDICTION,src/tracking/advanced_tracker.py:id_merge,
D,3,812
S,1,812,PREDICTION,src/tracking/advanced_tracker.py:id_merge,
D,4,812
S,1,812,PREDICTION,src/tracking/advanced_tracker.py:id_merge,
D,6,812
S,8,812,PREDICTION,src/tracking/advanced_tracker.py:id_merge,
L,1,812,PREDICTION,src/tracking/advanced_tracker.py:id_merge,
R,PREDICTION,PREDICTION,1
L,7,812,DETECTION,src/tracking/advanced_tracker.py:_activate_slot,812_181_840_373_930
R,CLAMP,CLAMP,0
L,8,812,PREDICTION,src/tracking/advanced_tracker.py:id_merge,
R,PREDICTION,PREDICTION,1
A,812
S,0,815,DETECTION,src/tracking/advanced_tracker.py:_activate_slot,815_350_1281_613_1452
S,1,815,DETECTION,src/tracking/advanced_tracker.py:_activate_slot,815_335_1531_579_1645
S,4,815,DETECTION,src/tracking/advanced_tracker.py:_activate_slot,815_307_1431_601_1552
S,7,815,DETECTION,src/tracking/advanced_tracker.py:_activate_slot,815_187_847_379_937
S,3,815,PREDICTION,src/tracking/advanced_tracker.py:kalman_homography,
S,6,815,PREDICTION,src/tracking/advanced_tracker.py:kalman_homography,
S,8,815,PREDICTION,src/tracking/advanced_tracker.py:kalman_homography,
D,0,815
S,1,815,PREDICTION,src/tracking/advanced_tracker.py:id_merge,
D,3,815
S,1,815,PREDICTION,src/tracking/advanced_tracker.py:id_merge,
D,1,815
S,4,815,PREDICTION,src/tracking/advanced_tracker.py:id_merge,
D,6,815
S,7,815,PREDICTION,src/tracking/advanced_tracker.py:id_merge,
L,4,815,PREDICTION,src/tracking/advanced_tracker.py:id_merge,
R,PREDICTION,PREDICTION,1
L,7,815,PREDICTION,src/tracking/advanced_tracker.py:id_merge,
R,CLAMP,CLAMP,0
L,8,815,PREDICTION,src/tracking/advanced_tracker.py:kalman_homography,
R,PREDICTION,PREDICTION,1
A,815
S,0,818,DETECTION,src/tracking/advanced_tracker.py:_activate_slot,818_351_1269_618_1443
S,1,818,DETECTION,src/tracking/advanced_tracker.py:_activate_slot,818_345_1536_592_1704
S,4,818,DETECTION,src/tracking/advanced_tracker.py:_activate_slot,818_312_1426_601_1534
S,5,818,DETECTION,src/tracking/advanced_tracker.py:_activate_slot,818_266_1215_479_1347
S,7,818,DETECTION,src/tracking/advanced_tracker.py:_activate_slot,818_184_851_376_942
S,9,818,DETECTION,src/tracking/advanced_tracker.py:_activate_slot,818_414_159_701_272
S,3,818,PREDICTION,src/tracking/advanced_tracker.py:kalman_homography,
S,8,818,PREDICTION,src/tracking/advanced_tracker.py:kalman_homography,
S,6,818,PREDICTION,src/tracking/advanced_tracker.py:flow_gapfill_batched,
D,0,818
S,1,818,PREDICTION,src/tracking/advanced_tracker.py:id_merge,
D,3,818
S,1,818,PREDICTION,src/tracking/advanced_tracker.py:id_merge,
D,1,818
S,4,818,PREDICTION,src/tracking/advanced_tracker.py:id_merge,
D,6,818
S,5,818,PREDICTION,src/tracking/advanced_tracker.py:id_merge,
D,8,818
S,5,818,PREDICTION,src/tracking/advanced_tracker.py:id_merge,
D,5,818
S,9,818,PREDICTION,src/tracking/advanced_tracker.py:id_merge,
L,4,818,PREDICTION,src/tracking/advanced_tracker.py:id_merge,
R,PREDICTION,SUBPIXEL,0
L,7,818,DETECTION,src/tracking/advanced_tracker.py:_activate_slot,818_184_851_376_942
R,CLAMP,CLAMP,0
L,9,818,PREDICTION,src/tracking/advanced_tracker.py:id_merge,
R,CLAMP,CLAMP,0
A,818
S,0,821,DETECTION,src/tracking/advanced_tracker.py:_activate_slot,821_345_1263_612_1419
S,1,821,DETECTION,src/tracking/advanced_tracker.py:_activate_slot,821_350_1555_591_1714
S,3,821,DETECTION,src/tracking/advanced_tracker.py:_activate_slot,821_359_1392_609_1482
S,4,821,DETECTION,src/tracking/advanced_tracker.py:_activate_slot,821_354_1392_609_1536
S,7,821,DETECTION,src/tracking/advanced_tracker.py:_activate_slot,821_191_856_381_946
S,2,821,DETECTION,src/tracking/advanced_tracker.py:_activate_slot,821_543_606_828_727
S,5,821,PREDICTION,src/tracking/advanced_tracker.py:kalman_homography,
S,6,821,PREDICTION,src/tracking/advanced_tracker.py:kalman_homography,
S,8,821,PREDICTION,src/tracking/advanced_tracker.py:kalman_homography,
S,9,821,PREDICTION,src/tracking/advanced_tracker.py:kalman_homography,
D,0,821
S,1,821,PREDICTION,src/tracking/advanced_tracker.py:id_merge,
D,1,821
S,3,821,PREDICTION,src/tracking/advanced_tracker.py:id_merge,
D,3,821
S,4,821,PREDICTION,src/tracking/advanced_tracker.py:id_merge,
D,8,821
S,5,821,PREDICTION,src/tracking/advanced_tracker.py:id_merge,
D,5,821
S,9,821,PREDICTION,src/tracking/advanced_tracker.py:id_merge,
L,2,821,DETECTION,src/tracking/advanced_tracker.py:_activate_slot,821_543_606_828_727
R,DETECTION,DETECTION,1
L,4,821,PREDICTION,src/tracking/advanced_tracker.py:id_merge,
R,PREDICTION,PREDICTION,1
L,6,821,PREDICTION,src/tracking/advanced_tracker.py:kalman_homography,
R,CLAMP,CLAMP,0
L,7,821,DETECTION,src/tracking/advanced_tracker.py:_activate_slot,821_191_856_381_946
R,CLAMP,CLAMP,0
L,9,821,PREDICTION,src/tracking/advanced_tracker.py:id_merge,
R,CLAMP,CLAMP,0
A,821
S,0,824,DETECTION,src/tracking/advanced_tracker.py:_activate_slot,824_327_1266_602_1437
S,1,824,DETECTION,src/tracking/advanced_tracker.py:_activate_slot,824_347_1617_593_1731
S,2,824,DETECTION,src/tracking/advanced_tracker.py:_activate_slot,824_543_626_831_741
S,4,824,DETECTION,src/tracking/advanced_tracker.py:_activate_slot,824_347_1395_624_1536
S,5,824,DETECTION,src/tracking/advanced_tracker.py:_activate_slot,824_291_1212_444_1332
S,7,824,DETECTION,src/tracking/advanced_tracker.py:_activate_slot,824_191_862_381_952
S,9,824,DETECTION,src/tracking/advanced_tracker.py:_activate_slot,824_431_174_699_288
S,3,824,PREDICTION,src/tracking/advanced_tracker.py:kalman_homography,
S,6,824,PREDICTION,src/tracking/advanced_tracker.py:kalman_homography,
S,8,824,PREDICTION,src/tracking/advanced_tracker.py:kalman_homography,
D,0,824
S,1,824,PREDICTION,src/tracking/advanced_tracker.py:id_merge,
D,3,824
S,1,824,PREDICTION,src/tracking/advanced_tracker.py:id_merge,
D,1,824
S,4,824,PREDICTION,src/tracking/advanced_tracker.py:id_merge,
D,8,824
S,5,824,PREDICTION,src/tracking/advanced_tracker.py:id_merge,
D,5,824
S,9,824,PREDICTION,src/tracking/advanced_tracker.py:id_merge,
L,2,824,DETECTION,src/tracking/advanced_tracker.py:_activate_slot,824_543_626_831_741
R,DETECTION,DETECTION,1
L,4,824,PREDICTION,src/tracking/advanced_tracker.py:id_merge,
R,PREDICTION,PREDICTION,1
L,6,824,PREDICTION,src/tracking/advanced_tracker.py:kalman_homography,
R,CLAMP,CLAMP,0
L,7,824,DETECTION,src/tracking/advanced_tracker.py:_activate_slot,824_191_862_381_952
R,CLAMP,CLAMP,0
L,9,824,PREDICTION,src/tracking/advanced_tracker.py:id_merge,
R,CLAMP,CLAMP,0
A,824
S,0,827,DETECTION,src/tracking/advanced_tracker.py:_activate_slot,827_318_1265_588_1398
S,2,827,DETECTION,src/tracking/advanced_tracker.py:_activate_slot,827_544_632_830_750
S,4,827,DETECTION,src/tracking/advanced_tracker.py:_activate_slot,827_317_1389_589_1521
S,3,827,DETECTION,src/tracking/advanced_tracker.py:_activate_slot,827_318_1389_557_1491
S,5,827,DETECTION,src/tracking/advanced_tracker.py:_activate_slot,827_268_1209_459_1341
S,7,827,DETECTION,src/tracking/advanced_tracker.py:_activate_slot,827_345_1645_602_1768
S,1,827,PREDICTION,src/tracking/advanced_tracker.py:kalman_homography,
S,8,827,PREDICTION,src/tracking/advanced_tracker.py:kalman_homography,
S,9,827,PREDICTION,src/tracking/advanced_tracker.py:kalman_homography,
S,6,827,PREDICTION,src/tracking/advanced_tracker.py:flow_gapfill_batched,
D,1,827
S,0,827,PREDICTION,src/tracking/advanced_tracker.py:id_merge,
D,0,827
S,3,827,PREDICTION,src/tracking/advanced_tracker.py:id_merge,
D,3,827
S,4,827,PREDICTION,src/tracking/advanced_tracker.py:id_merge,
D,6,827
S,5,827,PREDICTION,src/tracking/advanced_tracker.py:id_merge,
D,5,827
S,7,827,PREDICTION,src/tracking/advanced_tracker.py:id_merge,
D,9,827
S,7,827,PREDICTION,src/tracking/advanced_tracker.py:id_merge,
L,2,827,DETECTION,src/tracking/advanced_tracker.py:_activate_slot,827_544_632_830_750
R,DETECTION,DETECTION,1
L,4,827,PREDICTION,src/tracking/advanced_tracker.py:id_merge,
R,PREDICTION,PREDICTION,1
L,7,827,PREDICTION,src/tracking/advanced_tracker.py:id_merge,
R,PREDICTION,PREDICTION,1
L,8,827,PREDICTION,src/tracking/advanced_tracker.py:kalman_homography,
R,PREDICTION,PREDICTION,1
A,827
S,0,830,DETECTION,src/tracking/advanced_tracker.py:_activate_slot,830_322_1257_582_1389
S,1,830,DETECTION,src/tracking/advanced_tracker.py:_activate_slot,830_358_1678_609_1795
S,2,830,DETECTION,src/tracking/advanced_tracker.py:_activate_slot,830_543_638_828_753
S,4,830,DETECTION,src/tracking/advanced_tracker.py:_activate_slot,830_263_1370_573_1482
S,3,830,DETECTION,src/tracking/advanced_tracker.py:_activate_slot,830_249_1359_558_1500
S,5,830,DETECTION,src/tracking/advanced_tracker.py:_activate_slot,830_264_1209_469_1342
S,7,830,DETECTION,src/tracking/advanced_tracker.py:_activate_slot,830_754_1540_1033_1648
S,9,830,DETECTION,src/tracking/advanced_tracker.py:_activate_slot,830_423_176_705_288
S,8,830,PREDICTION,src/tracking/advanced_tracker.py:flow_gapfill_batched,
D,0,830
S,1,830,PREDICTION,src/tracking/advanced_tracker.py:id_merge,
D,1,830
S,3,830,PREDICTION,src/tracking/advanced_tracker.py:id_merge,
D,3,830
S,4,830,PREDICTION,src/tracking/advanced_tracker.py:id_merge,
D,5,830
S,7,830,PREDICTION,src/tracking/advanced_tracker.py:id_merge,
D,8,830
S,7,830,PREDICTION,src/tracking/advanced_tracker.py:id_merge,
D,7,830
S,9,830,PREDICTION,src/tracking/advanced_tracker.py:id_merge,
L,2,830,DETECTION,src/tracking/advanced_tracker.py:_activate_slot,830_543_638_828_753
R,DETECTION,DETECTION,1
L,4,830,PREDICTION,src/tracking/advanced_tracker.py:id_merge,
R,PREDICTION,PREDICTION,1
L,9,830,PREDICTION,src/tracking/advanced_tracker.py:id_merge,
R,CLAMP,CLAMP,0
A,830
S,0,833,DETECTION,src/tracking/advanced_tracker.py:_activate_slot,833_320_1251_586_1443
S,1,833,DETECTION,src/tracking/advanced_tracker.py:_activate_slot,833_366_1701_615_1818
S,2,833,DETECTION,src/tracking/advanced_tracker.py:_activate_slot,833_543_639_828_756
S,4,833,DETECTION,src/tracking/advanced_tracker.py:_activate_slot,833_261_1360_550_1486
S,9,833,DETECTION,src/tracking/advanced_tracker.py:_activate_slot,833_418_175_706_286
S,3,833,PREDICTION,src/tracking/advanced_tracker.py:kalman_homography,
S,5,833,PREDICTION,src/tracking/advanced_tracker.py:kalman_homography,
D,0,833
S,1,833,PREDICTION,src/tracking/advanced_tracker.py:id_merge,
D,3,833
S,1,833,PREDICTION,src/tracking/advanced_tracker.py:id_merge,
D,1,833
S,4,833,PREDICTION,src/tracking/advanced_tracker.py:id_merge,
D,5,833
S,9,833,PREDICTION,src/tracking/advanced_tracker.py:id_merge,
L,2,833,DETECTION,src/tracking/advanced_tracker.py:_activate_slot,833_543_639_828_756
R,DETECTION,DETECTION,1
L,4,833,PREDICTION,src/tracking/advanced_tracker.py:id_merge,
R,PREDICTION,PREDICTION,1
L,9,833,PREDICTION,src/tracking/advanced_tracker.py:id_merge,
R,CLAMP,CLAMP,0
A,833
S,0,836,DETECTION,src/tracking/advanced_tracker.py:_activate_slot,836_750_1500_1032_1620
S,1,836,DETECTION,src/tracking/advanced_tracker.py:_activate_slot,836_371_1707_602_1809
S,2,836,DETECTION,src/tracking/advanced_tracker.py:_activate_slot,836_540_633_824_753
S,9,836,DETECTION,src/tracking/advanced_tracker.py:_activate_slot,836_328_1249_583_1378
S,3,836,PREDICTION,src/tracking/advanced_tracker.py:kalman_homography,
S,4,836,PREDICTION,src/tracking/advanced_tracker.py:kalman_homography,
S,5,836,PREDICTION,src/tracking/advanced_tracker.py:kalman_homography,
S,7,836,PREDICTION,src/tracking/advanced_tracker.py:flow_gapfill_batched,
D,0,836
S,1,836,PREDICTION,src/tracking/advanced_tracker.py:id_merge,
D,3,836
S,1,836,PREDICTION,src/tracking/advanced_tracker.py:id_merge,
D,4,836
S,1,836,PREDICTION,src/tracking/advanced_tracker.py:id_merge,
D,5,836
S,7,836,PREDICTION,src/tracking/advanced_tracker.py:id_merge,
D,7,836
S,9,836,PREDICTION,src/tracking/advanced_tracker.py:id_merge,
L,1,836,PREDICTION,src/tracking/advanced_tracker.py:id_merge,
R,PREDICTION,PREDICTION,1
L,2,836,DETECTION,src/tracking/advanced_tracker.py:_activate_slot,836_540_633_824_753
R,DETECTION,DETECTION,1
L,9,836,PREDICTION,src/tracking/advanced_tracker.py:id_merge,
R,CLAMP,CLAMP,0
A,836
S,1,839,DETECTION,src/tracking/advanced_tracker.py:_activate_slot,839_372_1713_628_1824
S,2,839,DETECTION,src/tracking/advanced_tracker.py:_activate_slot,839_542_620_822_740
S,4,839,DETECTION,src/tracking/advanced_tracker.py:_activate_slot,839_263_1329_525_1443
S,9,839,DETECTION,src/tracking/advanced_tracker.py:_activate_slot,839_750_1480_1033_1603
S,5,839,DETECTION,src/tracking/advanced_tracker.py:_activate_slot,839_254_1185_469_1303
S,3,839,PREDICTION,src/tracking/advanced_tracker.py:kalman_homography,
S,0,839,PREDICTION,src/tracking/advanced_tracker.py:flow_gapfill_batched,
S,7,839,PREDICTION,src/tracking/advanced_tracker.py:flow_gapfill_batched,
D,0,839
S,1,839,PREDICTION,src/tracking/advanced_tracker.py:id_merge,
D,3,839
S,1,839,PREDICTION,src/tracking/advanced_tracker.py:id_merge,
D,1,839
S,4,839,PREDICTION,src/tracking/advanced_tracker.py:id_merge,
D,7,839
S,5,839,PREDICTION,src/tracking/advanced_tracker.py:id_merge,
D,5,839
S,9,839,PREDICTION,src/tracking/advanced_tracker.py:id_merge,
L,2,839,DETECTION,src/tracking/advanced_tracker.py:_activate_slot,839_542_620_822_740
R,DETECTION,DETECTION,1
L,4,839,PREDICTION,src/tracking/advanced_tracker.py:id_merge,
R,PREDICTION,PREDICTION,1
L,9,839,PREDICTION,src/tracking/advanced_tracker.py:id_merge,
R,CLAMP,CLAMP,0
A,839
S,1,842,DETECTION,src/tracking/advanced_tracker.py:_activate_slot,842_373_1716_634_1824
S,2,842,DETECTION,src/tracking/advanced_tracker.py:_activate_slot,842_540_607_822_731
S,4,842,DETECTION,src/tracking/advanced_tracker.py:_activate_slot,842_275_1233_553_1374
S,5,842,DETECTION,src/tracking/advanced_tracker.py:_activate_slot,842_249_1174_446_1296
S,9,842,DETECTION,src/tracking/advanced_tracker.py:_activate_slot,842_191_832_381_919
S,3,842,PREDICTION,src/tracking/advanced_tracker.py:kalman_homography,
S,0,842,PREDICTION,src/tracking/advanced_tracker.py:flow_gapfill_batched,
S,7,842,PREDICTION,src/tracking/advanced_tracker.py:flow_gapfill_batched,
D,0,842
S,1,842,PREDICTION,src/tracking/advanced_tracker.py:id_merge,
D,3,842
S,1,842,PREDICTION,src/tracking/advanced_tracker.py:id_merge,
D,1,842
S,4,842,PREDICTION,src/tracking/advanced_tracker.py:id_merge,
D,7,842
S,5,842,PREDICTION,src/tracking/advanced_tracker.py:id_merge,
L,2,842,DETECTION,src/tracking/advanced_tracker.py:_activate_slot,842_540_607_822_731
R,DETECTION,DETECTION,1
L,4,842,PREDICTION,src/tracking/advanced_tracker.py:id_merge,
R,PREDICTION,PREDICTION,1
L,5,842,PREDICTION,src/tracking/advanced_tracker.py:id_merge,
R,PREDICTION,PREDICTION,1
L,9,842,DETECTION,src/tracking/advanced_tracker.py:_activate_slot,842_191_832_381_919
R,CLAMP,CLAMP,0
A,842
S,1,845,DETECTION,src/tracking/advanced_tracker.py:_activate_slot,845_379_1719_654_1827
S,2,845,DETECTION,src/tracking/advanced_tracker.py:_activate_slot,845_540_595_825_718
S,3,845,DETECTION,src/tracking/advanced_tracker.py:_activate_slot,845_259_1359_436_1444
S,4,845,DETECTION,src/tracking/advanced_tracker.py:_activate_slot,845_285_1219_541_1329
S,5,845,DETECTION,src/tracking/advanced_tracker.py:_activate_slot,845_247_1156_469_1281
S,9,845,PREDICTION,src/tracking/advanced_tracker.py:kalman_homography,
S,0,845,PREDICTION,src/tracking/advanced_tracker.py:flow_gapfill_batched,
S,7,845,PREDICTION,src/tracking/advanced_tracker.py:flow_gapfill_batched,
D,0,845
S,1,845,PREDICTION,src/tracking/advanced_tracker.py:id_merge,
D,1,845
S,3,845,PREDICTION,src/tracking/advanced_tracker.py:id_merge,
D,3,845
S,4,845,PREDICTION,src/tracking/advanced_tracker.py:id_merge,
D,7,845
S,5,845,PREDICTION,src/tracking/advanced_tracker.py:id_merge,
D,9,845
S,5,845,PREDICTION,src/tracking/advanced_tracker.py:id_merge,
L,2,845,DETECTION,src/tracking/advanced_tracker.py:_activate_slot,845_540_595_825_718
R,DETECTION,DETECTION,1
L,4,845,PREDICTION,src/tracking/advanced_tracker.py:id_merge,
R,PREDICTION,PREDICTION,1
L,5,845,PREDICTION,src/tracking/advanced_tracker.py:id_merge,
R,PREDICTION,PREDICTION,1
A,845
S,1,848,DETECTION,src/tracking/advanced_tracker.py:_activate_slot,848_398_1713_674_1818
S,2,848,DETECTION,src/tracking/advanced_tracker.py:_activate_slot,848_541_565_823_706
S,4,848,DETECTION,src/tracking/advanced_tracker.py:_activate_slot,848_275_1206_536_1327
S,3,848,DETECTION,src/tracking/advanced_tracker.py:_activate_slot,848_258_1351_420_1459
S,5,848,DETECTION,src/tracking/advanced_tracker.py:_activate_slot,848_249_1140_467_1266
S,6,848,DETECTION,src/tracking/advanced_tracker.py:_activate_slot,848_249_1284_501_1399
S,9,848,PREDICTION,src/tracking/advanced_tracker.py:kalman_homography,
S,0,848,PREDICTION,src/tracking/advanced_tracker.py:flow_gapfill_batched,
D,0,848
S,1,848,PREDICTION,src/tracking/advanced_tracker.py:id_merge,
D,1,848
S,3,848,PREDICTION,src/tracking/advanced_tracker.py:id_merge,
D,3,848
S,4,848,PREDICTION,src/tracking/advanced_tracker.py:id_merge,
D,5,848
S,6,848,PREDICTION,src/tracking/advanced_tracker.py:id_merge,
D,9,848
S,6,848,PREDICTION,src/tracking/advanced_tracker.py:id_merge,
L,2,848,DETECTION,src/tracking/advanced_tracker.py:_activate_slot,848_541_565_823_706
R,DETECTION,DETECTION,1
L,4,848,PREDICTION,src/tracking/advanced_tracker.py:id_merge,
R,PREDICTION,PREDICTION,1
L,6,848,PREDICTION,src/tracking/advanced_tracker.py:id_merge,
R,PREDICTION,PREDICTION,1
A,848
S,1,851,DETECTION,src/tracking/advanced_tracker.py:_activate_slot,851_406_1704_672_1812
S,2,851,DETECTION,src/tracking/advanced_tracker.py:_activate_slot,851_544_545_823_690
S,3,851,DETECTION,src/tracking/advanced_tracker.py:_activate_slot,851_244_1252_494_1390
S,4,851,DETECTION,src/tracking/advanced_tracker.py:_activate_slot,851_271_1186_507_1299
S,5,851,DETECTION,src/tracking/advanced_tracker.py:_activate_slot,851_246_1188_534_1314
S,6,851,DETECTION,src/tracking/advanced_tracker.py:_activate_slot,851_260_1344_442_1428
S,8,851,DETECTION,src/tracking/advanced_tracker.py:_activate_slot,851_192_797_382_885
S,9,851,PREDICTION,src/tracking/advanced_tracker.py:kalman_homography,
S,0,851,PREDICTION,src/tracking/advanced_tracker.py:flow_gapfill_batched,
S,7,851,PREDICTION,src/tracking/advanced_tracker.py:flow_gapfill_batched,
D,0,851
S,1,851,PREDICTION,src/tracking/advanced_tracker.py:id_merge,
D,1,851
S,3,851,PREDICTION,src/tracking/advanced_tracker.py:id_merge,
D,3,851
S,4,851,PREDICTION,src/tracking/advanced_tracker.py:id_merge,
D,5,851
S,6,851,PREDICTION,src/tracking/advanced_tracker.py:id_merge,
D,7,851
S,6,851,PREDICTION,src/tracking/advanced_tracker.py:id_merge,
D,9,851
S,6,851,PREDICTION,src/tracking/advanced_tracker.py:id_merge,
L,2,851,DETECTION,src/tracking/advanced_tracker.py:_activate_slot,851_544_545_823_690
R,CLAMP,CLAMP,0
L,4,851,PREDICTION,src/tracking/advanced_tracker.py:id_merge,
R,PREDICTION,PREDICTION,1
L,6,851,PREDICTION,src/tracking/advanced_tracker.py:id_merge,
R,PREDICTION,PREDICTION,1
L,8,851,DETECTION,src/tracking/advanced_tracker.py:_activate_slot,851_192_797_382_885
R,CLAMP,CLAMP,0
A,851
S,1,854,DETECTION,src/tracking/advanced_tracker.py:_activate_slot,854_416_1696_674_1810
S,2,854,DETECTION,src/tracking/advanced_tracker.py:_activate_slot,854_543_535_826_688
S,4,854,DETECTION,src/tracking/advanced_tracker.py:_activate_slot,854_260_1125_531_1281
S,5,854,DETECTION,src/tracking/advanced_tracker.py:_activate_slot,854_257_1159_533_1296
S,6,854,DETECTION,src/tracking/advanced_tracker.py:_activate_slot,854_266_1332_450_1448
S,8,854,DETECTION,src/tracking/advanced_tracker.py:_activate_slot,854_193_790_382_876
S,3,854,PREDICTION,src/tracking/advanced_tracker.py:kalman_homography,
S,9,854,PREDICTION,src/tracking/advanced_tracker.py:kalman_homography,
S,0,854,PREDICTION,src/tracking/advanced_tracker.py:flow_gapfill_batched,
S,7,854,PREDICTION,src/tracking/advanced_tracker.py:flow_gapfill_batched,
D,0,854
S,1,854,PREDICTION,src/tracking/advanced_tracker.py:id_merge,
D,3,854
S,1,854,PREDICTION,src/tracking/advanced_tracker.py:id_merge,
D,1,854
S,4,854,PREDICTION,src/tracking/advanced_tracker.py:id_merge,
D,5,854
S,6,854,PREDICTION,src/tracking/advanced_tracker.py:id_merge,
D,7,854
S,6,854,PREDICTION,src/tracking/advanced_tracker.py:id_merge,
D,9,854
S,6,854,PREDICTION,src/tracking/advanced_tracker.py:id_merge,
L,2,854,DETECTION,src/tracking/advanced_tracker.py:_activate_slot,854_543_535_826_688
R,CLAMP,CLAMP,0
L,4,854,PREDICTION,src/tracking/advanced_tracker.py:id_merge,
R,PREDICTION,PREDICTION,1
L,6,854,PREDICTION,src/tracking/advanced_tracker.py:id_merge,
R,PREDICTION,PREDICTION,1
L,8,854,DETECTION,src/tracking/advanced_tracker.py:_activate_slot,854_193_790_382_876
R,CLAMP,CLAMP,0
A,854
S,1,857,DETECTION,src/tracking/advanced_tracker.py:_activate_slot,857_417_1683_692_1821
S,5,857,DETECTION,src/tracking/advanced_tracker.py:_activate_slot,857_268_1142_519_1272
S,6,857,DETECTION,src/tracking/advanced_tracker.py:_activate_slot,857_238_1221_481_1375
S,8,857,DETECTION,src/tracking/advanced_tracker.py:_activate_slot,857_193_782_382_867
S,3,857,PREDICTION,src/tracking/advanced_tracker.py:kalman_homography,
S,4,857,PREDICTION,src/tracking/advanced_tracker.py:kalman_homography,
S,9,857,PREDICTION,src/tracking/advanced_tracker.py:kalman_homography,
S,0,857,PREDICTION,src/tracking/advanced_tracker.py:flow_gapfill_batched,
D,0,857
S,1,857,PREDICTION,src/tracking/advanced_tracker.py:id_merge,
D,3,857
S,1,857,PREDICTION,src/tracking/advanced_tracker.py:id_merge,
D,4,857
S,1,857,PREDICTION,src/tracking/advanced_tracker.py:id_merge,
D,5,857
S,6,857,PREDICTION,src/tracking/advanced_tracker.py:id_merge,
D,9,857
S,6,857,PREDICTION,src/tracking/advanced_tracker.py:id_merge,
L,1,857,PREDICTION,src/tracking/advanced_tracker.py:id_merge,
R,PREDICTION,PREDICTION,1
L,6,857,PREDICTION,src/tracking/advanced_tracker.py:id_merge,
R,PREDICTION,PREDICTION,1
L,8,857,DETECTION,src/tracking/advanced_tracker.py:_activate_slot,857_193_782_382_867
R,CLAMP,CLAMP,0
A,857
S,1,860,DETECTION,src/tracking/advanced_tracker.py:_activate_slot,860_419_1686_683_1800
S,3,860,DETECTION,src/tracking/advanced_tracker.py:_activate_slot,860_291_1191_496_1282
S,4,860,DETECTION,src/tracking/advanced_tracker.py:_activate_slot,860_272_1119_509_1266
S,6,860,DETECTION,src/tracking/advanced_tracker.py:_activate_slot,860_259_1228_465_1372
S,5,860,PREDICTION,src/tracking/advanced_tracker.py:kalman_homography,
S,8,860,PREDICTION,src/tracking/advanced_tracker.py:kalman_homography,
S,0,860,PREDICTION,src/tracking/advanced_tracker.py:flow_gapfill_batched,
S,9,860,PREDICTION,src/tracking/advanced_tracker.py:flow_gapfill_batched,
D,0,860
S,1,860,PREDICTION,src/tracking/advanced_tracker.py:id_merge,
D,1,860
S,3,860,PREDICTION,src/tracking/advanced_tracker.py:id_merge,
D,3,860
S,4,860,PREDICTION,src/tracking/advanced_tracker.py:id_merge,
D,5,860
S,6,860,PREDICTION,src/tracking/advanced_tracker.py:id_merge,
L,4,860,PREDICTION,src/tracking/advanced_tracker.py:id_merge,
R,PREDICTION,PREDICTION,1
L,6,860,PREDICTION,src/tracking/advanced_tracker.py:id_merge,
R,PREDICTION,PREDICTION,1
L,8,860,PREDICTION,src/tracking/advanced_tracker.py:kalman_homography,
R,CLAMP,CLAMP,0
L,9,860,PREDICTION,src/tracking/advanced_tracker.py:flow_gapfill_batched,
R,CLAMP,CLAMP,0
A,860
S,1,863,DETECTION,src/tracking/advanced_tracker.py:_activate_slot,863_436_1686_681_1794
S,4,863,DETECTION,src/tracking/advanced_tracker.py:_activate_slot,863_268_1077_506_1254
S,6,863,DETECTION,src/tracking/advanced_tracker.py:_activate_slot,863_248_1197_465_1365
S,3,863,PREDICTION,src/tracking/advanced_tracker.py:kalman_homography,
S,5,863,PREDICTION,src/tracking/advanced_tracker.py:kalman_homography,
S,8,863,PREDICTION,src/tracking/advanced_tracker.py:kalman_homography,
S,9,863,PREDICTION,src/tracking/advanced_tracker.py:flow_gapfill_batched,
D,3,863
S,1,863,PREDICTION,src/tracking/advanced_tracker.py:id_merge,
D,1,863
S,4,863,PREDICTION,src/tracking/advanced_tracker.py:id_merge,
D,5,863
S,6,863,PREDICTION,src/tracking/advanced_tracker.py:id_merge,
L,4,863,PREDICTION,src/tracking/advanced_tracker.py:id_merge,
R,PREDICTION,PREDICTION,1
L,6,863,PREDICTION,src/tracking/advanced_tracker.py:id_merge,
R,PREDICTION,PREDICTION,1
L,8,863,PREDICTION,src/tracking/advanced_tracker.py:kalman_homography,
R,CLAMP,CLAMP,0
L,9,863,PREDICTION,src/tracking/advanced_tracker.py:flow_gapfill_batched,
R,CLAMP,CLAMP,0
A,863
S,1,866,DETECTION,src/tracking/advanced_tracker.py:_activate_slot,866_452_1320_705_1461
S,4,866,DETECTION,src/tracking/advanced_tracker.py:_activate_slot,866_275_1066_506_1237
S,6,866,DETECTION,src/tracking/advanced_tracker.py:_activate_slot,866_250_1203_462_1356
S,3,866,PREDICTION,src/tracking/advanced_tracker.py:kalman_homography,
S,5,866,PREDICTION,src/tracking/advanced_tracker.py:kalman_homography,
S,9,866,PREDICTION,src/tracking/advanced_tracker.py:flow_gapfill_batched,
D,3,866
S,1,866,PREDICTION,src/tracking/advanced_tracker.py:id_merge,
D,1,866
S,4,866,PREDICTION,src/tracking/advanced_tracker.py:id_merge,
D,5,866
S,6,866,PREDICTION,src/tracking/advanced_tracker.py:id_merge,
L,4,866,PREDICTION,src/tracking/advanced_tracker.py:id_merge,
R,PREDICTION,PREDICTION,1
L,6,866,PREDICTION,src/tracking/advanced_tracker.py:id_merge,
R,PREDICTION,PREDICTION,1
L,9,866,PREDICTION,src/tracking/advanced_tracker.py:flow_gapfill_batched,
R,CLAMP,CLAMP,0
A,866
S,1,869,DETECTION,src/tracking/advanced_tracker.py:_activate_slot,869_454_1309_706_1423
S,4,869,DETECTION,src/tracking/advanced_tracker.py:_activate_slot,869_279_1057_504_1195
S,6,869,DETECTION,src/tracking/advanced_tracker.py:_activate_slot,869_221_1171_456_1344
S,3,869,PREDICTION,src/tracking/advanced_tracker.py:kalman_homography,
S,5,869,PREDICTION,src/tracking/advanced_tracker.py:kalman_homography,
S,8,869,PREDICTION,src/tracking/advanced_tracker.py:flow_gapfill_batched,
D,3,869
S,1,869,PREDICTION,src/tracking/advanced_tracker.py:id_merge,
D,1,869
S,4,869,PREDICTION,src/tracking/advanced_tracker.py:id_merge,
D,5,869
S,6,869,PREDICTION,src/tracking/advanced_tracker.py:id_merge,
L,4,869,PREDICTION,src/tracking/advanced_tracker.py:id_merge,
R,PREDICTION,PREDICTION,1
L,6,869,PREDICTION,src/tracking/advanced_tracker.py:id_merge,
R,PREDICTION,PREDICTION,1
L,8,869,PREDICTION,src/tracking/advanced_tracker.py:flow_gapfill_batched,
R,CLAMP,CLAMP,0
A,869
S,4,872,DETECTION,src/tracking/advanced_tracker.py:_activate_slot,872_296_1144_502_1272
S,5,872,DETECTION,src/tracking/advanced_tracker.py:_activate_slot,872_252_1055_498_1160
S,1,872,PREDICTION,src/tracking/advanced_tracker.py:kalman_homography,
S,3,872,PREDICTION,src/tracking/advanced_tracker.py:kalman_homography,
S,6,872,PREDICTION,src/tracking/advanced_tracker.py:kalman_homography,
D,3,872
S,1,872,PREDICTION,src/tracking/advanced_tracker.py:id_merge,
D,1,872
S,4,872,PREDICTION,src/tracking/advanced_tracker.py:id_merge,
D,6,872
S,5,872,PREDICTION,src/tracking/advanced_tracker.py:id_merge,
L,4,872,PREDICTION,src/tracking/advanced_tracker.py:id_merge,
R,PREDICTION,PREDICTION,1
L,5,872,PREDICTION,src/tracking/advanced_tracker.py:id_merge,
R,PREDICTION,PREDICTION,1
A,872
S,3,875,DETECTION,src/tracking/advanced_tracker.py:_activate_slot,875_249_1044_499_1149
S,4,875,DETECTION,src/tracking/advanced_tracker.py:_activate_slot,875_313_1161_519_1291
S,7,875,DETECTION,src/tracking/advanced_tracker.py:_activate_slot,875_739_1440_1029_1569
S,1,875,PREDICTION,src/tracking/advanced_tracker.py:kalman_homography,
S,5,875,PREDICTION,src/tracking/advanced_tracker.py:kalman_homography,
S,6,875,PREDICTION,src/tracking/advanced_tracker.py:kalman_homography,
D,1,875
S,3,875,PREDICTION,src/tracking/advanced_tracker.py:id_merge,
D,3,875
S,4,875,PREDICTION,src/tracking/advanced_tracker.py:id_merge,
D,6,875
S,5,875,PREDICTION,src/tracking/advanced_tracker.py:id_merge,
D,5,875
S,7,875,PREDICTION,src/tracking/advanced_tracker.py:id_merge,
L,4,875,PREDICTION,src/tracking/advanced_tracker.py:id_merge,
R,PREDICTION,PREDICTION,1
L,7,875,PREDICTION,src/tracking/advanced_tracker.py:id_merge,
R,PREDICTION,PREDICTION,1
A,875
S,3,878,DETECTION,src/tracking/advanced_tracker.py:_activate_slot,878_246_1029_496_1139
S,4,878,DETECTION,src/tracking/advanced_tracker.py:_activate_slot,878_314_1146_539_1293
S,7,878,DETECTION,src/tracking/advanced_tracker.py:_activate_slot,878_736_1446_1030_1578
S,1,878,PREDICTION,src/tracking/advanced_tracker.py:kalman_homography,
S,5,878,PREDICTION,src/tracking/advanced_tracker.py:kalman_homography,
S,6,878,PREDICTION,src/tracking/advanced_tracker.py:kalman_homography,
D,1,878
S,3,878,PREDICTION,src/tracking/advanced_tracker.py:id_merge,
D,3,878
S,4,878,PREDICTION,src/tracking/advanced_tracker.py:id_merge,
D,6,878
S,5,878,PREDICTION,src/tracking/advanced_tracker.py:id_merge,
D,5,878
S,7,878,PREDICTION,src/tracking/advanced_tracker.py:id_merge,
L,4,878,PREDICTION,src/tracking/advanced_tracker.py:id_merge,
R,PREDICTION,PREDICTION,1
L,7,878,PREDICTION,src/tracking/advanced_tracker.py:id_merge,
R,PREDICTION,SUBPIXEL,0
A,878
S,3,881,DETECTION,src/tracking/advanced_tracker.py:_activate_slot,881_268_1029_493_1128
S,4,881,DETECTION,src/tracking/advanced_tracker.py:_activate_slot,881_332_1161_538_1273
S,7,881,DETECTION,src/tracking/advanced_tracker.py:_activate_slot,881_741_1453_1032_1584
S,0,881,DETECTION,src/tracking/advanced_tracker.py:_activate_slot,881_468_1225_711_1387
S,1,881,PREDICTION,src/tracking/advanced_tracker.py:kalman_homography,
S,5,881,PREDICTION,src/tracking/advanced_tracker.py:kalman_homography,
S,6,881,PREDICTION,src/tracking/advanced_tracker.py:kalman_homography,
D,1,881
S,0,881,PREDICTION,src/tracking/advanced_tracker.py:id_merge,
D,0,881
S,3,881,PREDICTION,src/tracking/advanced_tracker.py:id_merge,
D,3,881
S,4,881,PREDICTION,src/tracking/advanced_tracker.py:id_merge,
D,6,881
S,5,881,PREDICTION,src/tracking/advanced_tracker.py:id_merge,
D,5,881
S,7,881,PREDICTION,src/tracking/advanced_tracker.py:id_merge,
L,4,881,PREDICTION,src/tracking/advanced_tracker.py:id_merge,
R,PREDICTION,SUBPIXEL,0
L,7,881,PREDICTION,src/tracking/advanced_tracker.py:id_merge,
R,PREDICTION,SUBPIXEL,0
A,881
S,0,884,DETECTION,src/tracking/advanced_tracker.py:_activate_slot,884_477_1228_708_1381
S,3,884,DETECTION,src/tracking/advanced_tracker.py:_activate_slot,884_260_1023_495_1126
S,6,884,DETECTION,src/tracking/advanced_tracker.py:_activate_slot,884_236_1156_539_1279
S,7,884,DETECTION,src/tracking/advanced_tracker.py:_activate_slot,884_745_1462_1033_1596
S,1,884,PREDICTION,src/tracking/advanced_tracker.py:kalman_homography,
S,4,884,PREDICTION,src/tracking/advanced_tracker.py:kalman_homography,
S,5,884,PREDICTION,src/tracking/advanced_tracker.py:kalman_homography,
D,1,884
S,0,884,PREDICTION,src/tracking/advanced_tracker.py:id_merge,
D,0,884
S,3,884,PREDICTION,src/tracking/advanced_tracker.py:id_merge,
D,4,884
S,3,884,PREDICTION,src/tracking/advanced_tracker.py:id_merge,
D,5,884
S,6,884,PREDICTION,src/tracking/advanced_tracker.py:id_merge,
D,6,884
S,7,884,PREDICTION,src/tracking/advanced_tracker.py:id_merge,
L,3,884,PREDICTION,src/tracking/advanced_tracker.py:id_merge,
R,PREDICTION,PREDICTION,1
L,7,884,PREDICTION,src/tracking/advanced_tracker.py:id_merge,
R,PREDICTION,PREDICTION,1
A,884
S,0,887,DETECTION,src/tracking/advanced_tracker.py:_activate_slot,887_480_1230_717_1377
S,3,887,DETECTION,src/tracking/advanced_tracker.py:_activate_slot,887_253_1017_496_1122
S,4,887,DETECTION,src/tracking/advanced_tracker.py:_activate_slot,887_312_1146_550_1263
S,7,887,DETECTION,src/tracking/advanced_tracker.py:_activate_slot,887_745_1470_1033_1599
S,9,887,DETECTION,src/tracking/advanced_tracker.py:_activate_slot,887_495_1644_782_1764
S,1,887,PREDICTION,src/tracking/advanced_tracker.py:kalman_homography,
S,5,887,PREDICTION,src/tracking/advanced_tracker.py:kalman_homography,
S,6,887,PREDICTION,src/tracking/advanced_tracker.py:kalman_homography,
D,0,887
S,3,887,PREDICTION,src/tracking/advanced_tracker.py:id_merge,
D,3,887
S,4,887,PREDICTION,src/tracking/advanced_tracker.py:id_merge,
D,5,887
S,6,887,PREDICTION,src/tracking/advanced_tracker.py:id_merge,
D,6,887
S,7,887,PREDICTION,src/tracking/advanced_tracker.py:id_merge,
D,7,887
S,9,887,PREDICTION,src/tracking/advanced_tracker.py:id_merge,
L,1,887,PREDICTION,src/tracking/advanced_tracker.py:kalman_homography,
R,CLAMP,CLAMP,0
L,4,887,PREDICTION,src/tracking/advanced_tracker.py:id_merge,
R,PREDICTION,PREDICTION,1
L,9,887,PREDICTION,src/tracking/advanced_tracker.py:id_merge,
R,CLAMP,CLAMP,0
A,887
S,0,890,DETECTION,src/tracking/advanced_tracker.py:_activate_slot,890_486_1228_728_1378
S,3,890,DETECTION,src/tracking/advanced_tracker.py:_activate_slot,890_256_1014_505_1122
S,4,890,DETECTION,src/tracking/advanced_tracker.py:_activate_slot,890_326_1135_562_1260
S,7,890,DETECTION,src/tracking/advanced_tracker.py:_activate_slot,890_745_1477_1032_1606
S,5,890,PREDICTION,src/tracking/advanced_tracker.py:kalman_homography,
S,6,890,PREDICTION,src/tracking/advanced_tracker.py:kalman_homography,
S,9,890,PREDICTION,src/tracking/advanced_tracker.py:kalman_homography,
S,1,890,PREDICTION,src/tracking/advanced_tracker.py:flow_gapfill_batched,
D,1,890
S,0,890,PREDICTION,src/tracking/advanced_tracker.py:id_merge,
D,0,890
S,3,890,PREDICTION,src/tracking/advanced_tracker.py:id_merge,
D,3,890
S,4,890,PREDICTION,src/tracking/advanced_tracker.py:id_merge,
D,5,890
S,6,890,PREDICTION,src/tracking/advanced_tracker.py:id_merge,
D,6,890
S,7,890,PREDICTION,src/tracking/advanced_tracker.py:id_merge,
D,9,890
S,7,890,PREDICTION,src/tracking/advanced_tracker.py:id_merge,
L,4,890,PREDICTION,src/tracking/advanced_tracker.py:id_merge,
R,PREDICTION,PREDICTION,1
L,7,890,PREDICTION,src/tracking/advanced_tracker.py:id_merge,
R,PREDICTION,PREDICTION,1
A,890
S,0,893,DETECTION,src/tracking/advanced_tracker.py:_activate_slot,893_489_1229_735_1379
S,3,893,DETECTION,src/tracking/advanced_tracker.py:_activate_slot,893_245_1005_506_1145
S,4,893,DETECTION,src/tracking/advanced_tracker.py:_activate_slot,893_344_1147_560_1252
S,6,893,DETECTION,src/tracking/advanced_tracker.py:_activate_slot,893_220_1096_463_1225
S,7,893,DETECTION,src/tracking/advanced_tracker.py:_activate_slot,893_743_1485_1032_1617
S,9,893,DETECTION,src/tracking/advanced_tracker.py:_activate_slot,893_519_1575_790_1770
S,5,893,PREDICTION,src/tracking/advanced_tracker.py:kalman_homography,
S,1,893,PREDICTION,src/tracking/advanced_tracker.py:flow_gapfill_batched,
D,1,893
S,0,893,PREDICTION,src/tracking/advanced_tracker.py:id_merge,
D,0,893
S,3,893,PREDICTION,src/tracking/advanced_tracker.py:id_merge,
D,3,893
S,4,893,PREDICTION,src/tracking/advanced_tracker.py:id_merge,
D,5,893
S,6,893,PREDICTION,src/tracking/advanced_tracker.py:id_merge,
D,6,893
S,7,893,PREDICTION,src/tracking/advanced_tracker.py:id_merge,
D,7,893
S,9,893,PREDICTION,src/tracking/advanced_tracker.py:id_merge,
L,4,893,PREDICTION,src/tracking/advanced_tracker.py:id_merge,
R,PREDICTION,SUBPIXEL,0
L,9,893,PREDICTION,src/tracking/advanced_tracker.py:id_merge,
R,CLAMP,CLAMP,0
A,893
S,0,896,DETECTION,src/tracking/advanced_tracker.py:_activate_slot,896_522_1558_789_1768
S,3,896,DETECTION,src/tracking/advanced_tracker.py:_activate_slot,896_248_994_500_1131
S,4,896,DETECTION,src/tracking/advanced_tracker.py:_activate_slot,896_325_1147_558_1261
S,6,896,DETECTION,src/tracking/advanced_tracker.py:_activate_slot,896_200_1095_456_1221
S,7,896,DETECTION,src/tracking/advanced_tracker.py:_activate_slot,896_738_1494_1034_1626
S,9,896,PREDICTION,src/tracking/advanced_tracker.py:kalman_homography,
S,5,896,PREDICTION,src/tracking/advanced_tracker.py:flow_gapfill_batched,
D,0,896
S,3,896,PREDICTION,src/tracking/advanced_tracker.py:id_merge,
D,3,896
S,4,896,PREDICTION,src/tracking/advanced_tracker.py:id_merge,
D,5,896
S,6,896,PREDICTION,src/tracking/advanced_tracker.py:id_merge,
D,6,896
S,7,896,PREDICTION,src/tracking/advanced_tracker.py:id_merge,
D,9,896
S,7,896,PREDICTION,src/tracking/advanced_tracker.py:id_merge,
L,4,896,PREDICTION,src/tracking/advanced_tracker.py:id_merge,
R,PREDICTION,PREDICTION,1
L,7,896,PREDICTION,src/tracking/advanced_tracker.py:id_merge,
R,PREDICTION,SUBPIXEL,0
A,896
S,0,899,DETECTION,src/tracking/advanced_tracker.py:_activate_slot,899_506_1560_778_1752
S,2,899,CLAMP,src/tracking/advanced_tracker.py:_activate_slot,899_733_1500_1035_1638
S,3,899,DETECTION,src/tracking/advanced_tracker.py:_activate_slot,899_242_983_489_1088
S,4,899,DETECTION,src/tracking/advanced_tracker.py:_activate_slot,899_312_1142_548_1265
S,6,899,DETECTION,src/tracking/advanced_tracker.py:_activate_slot,899_196_1090_451_1210
S,9,899,PREDICTION,src/tracking/advanced_tracker.py:kalman_homography,
S,7,899,PREDICTION,src/tracking/advanced_tracker.py:flow_gapfill_batched,
D,0,899
S,3,899,PREDICTION,src/tracking/advanced_tracker.py:id_merge,
D,3,899
S,4,899,PREDICTION,src/tracking/advanced_tracker.py:id_merge,
D,7,899
S,6,899,PREDICTION,src/tracking/advanced_tracker.py:id_merge,
D,9,899
S,6,899,PREDICTION,src/tracking/advanced_tracker.py:id_merge,
L,2,899,CLAMP,src/tracking/advanced_tracker.py:_activate_slot,899_733_1500_1035_1638
R,CLAMP,CLAMP,0
L,4,899,PREDICTION,src/tracking/advanced_tracker.py:id_merge,
R,PREDICTION,PREDICTION,1
L,6,899,PREDICTION,src/tracking/advanced_tracker.py:id_merge,
R,PREDICTION,PREDICTION,1
A,899
S,0,902,DETECTION,src/tracking/advanced_tracker.py:_activate_slot,902_493_1555_769_1723
S,2,902,CLAMP,src/tracking/advanced_tracker.py:_activate_slot,902_313_1146_547_1257
S,3,902,DETECTION,src/tracking/advanced_tracker.py:_activate_slot,902_255_955_485_1084
S,6,902,DETECTION,src/tracking/advanced_tracker.py:_activate_slot,902_196_1090_439_1207
S,7,902,DETECTION,src/tracking/advanced_tracker.py:_activate_slot,902_730_1509_1035_1647
S,8,902,DETECTION,src/tracking/advanced_tracker.py:_activate_slot,902_151_751_335_838
S,4,902,PREDICTION,src/tracking/advanced_tracker.py:kalman_homography,
S,9,902,PREDICTION,src/tracking/advanced_tracker.py:kalman_homography,
D,0,902
S,3,902,PREDICTION,src/tracking/advanced_tracker.py:id_merge,
D,4,902
S,3,902,PREDICTION,src/tracking/advanced_tracker.py:id_merge,
D,6,902
S,7,902,PREDICTION,src/tracking/advanced_tracker.py:id_merge,
D,9,902
S,7,902,PREDICTION,src/tracking/advanced_tracker.py:id_merge,
L,2,902,CLAMP,src/tracking/advanced_tracker.py:_activate_slot,902_313_1146_547_1257
R,CLAMP,CLAMP,0
L,3,902,PREDICTION,src/tracking/advanced_tracker.py:id_merge,
R,PREDICTION,PREDICTION,1
L,7,902,PREDICTION,src/tracking/advanced_tracker.py:id_merge,
R,PREDICTION,PREDICTION,1
L,8,902,DETECTION,src/tracking/advanced_tracker.py:_activate_slot,902_151_751_335_838
R,CLAMP,CLAMP,0
A,902
S,2,905,CLAMP,src/tracking/advanced_tracker.py:_activate_slot,905_723_1516_1035_1657
S,3,905,DETECTION,src/tracking/advanced_tracker.py:_activate_slot,905_249_931_483_1078
S,4,905,DETECTION,src/tracking/advanced_tracker.py:_activate_slot,905_309_1150_537_1261
S,6,905,DETECTION,src/tracking/advanced_tracker.py:_activate_slot,905_206_1086_436_1203
S,7,905,DETECTION,src/tracking/advanced_tracker.py:_activate_slot,905_144_754_335_838
S,0,905,PREDICTION,src/tracking/advanced_tracker.py:kalman_homography,
S,9,905,PREDICTION,src/tracking/advanced_tracker.py:kalman_homography,
S,8,905,PREDICTION,src/tracking/advanced_tracker.py:flow_gapfill_batched,
D,0,905
S,3,905,PREDICTION,src/tracking/advanced_tracker.py:id_merge,
D,3,905
S,4,905,PREDICTION,src/tracking/advanced_tracker.py:id_merge,
D,9,905
S,6,905,PREDICTION,src/tracking/advanced_tracker.py:id_merge,
D,8,905
S,7,905,PREDICTION,src/tracking/advanced_tracker.py:id_merge,
L,2,905,CLAMP,src/tracking/advanced_tracker.py:_activate_slot,905_723_1516_1035_1657
R,CLAMP,CLAMP,0
L,4,905,PREDICTION,src/tracking/advanced_tracker.py:id_merge,
R,PREDICTION,PREDICTION,1
L,6,905,PREDICTION,src/tracking/advanced_tracker.py:id_merge,
R,PREDICTION,PREDICTION,1
L,7,905,PREDICTION,src/tracking/advanced_tracker.py:id_merge,
R,CLAMP,CLAMP,0
A,905
S,2,908,CLAMP,src/tracking/advanced_tracker.py:_activate_slot,908_727_1527_909_1665
S,3,908,DETECTION,src/tracking/advanced_tracker.py:_activate_slot,908_258_921_479_1080
S,4,908,DETECTION,src/tracking/advanced_tracker.py:_activate_slot,908_307_1152_538_1272
S,7,908,DETECTION,src/tracking/advanced_tracker.py:_activate_slot,908_276_1383_519_1491
S,8,908,DETECTION,src/tracking/advanced_tracker.py:_activate_slot,908_142_750_331_837
S,0,908,PREDICTION,src/tracking/advanced_tracker.py:kalman_homography,
S,6,908,PREDICTION,src/tracking/advanced_tracker.py:kalman_homography,
S,9,908,PREDICTION,src/tracking/advanced_tracker.py:kalman_homography,
D,0,908
S,3,908,PREDICTION,src/tracking/advanced_tracker.py:id_merge,
D,3,908
S,4,908,PREDICTION,src/tracking/advanced_tracker.py:id_merge,
D,6,908
S,7,908,PREDICTION,src/tracking/advanced_tracker.py:id_merge,
D,9,908
S,7,908,PREDICTION,src/tracking/advanced_tracker.py:id_merge,
L,2,908,CLAMP,src/tracking/advanced_tracker.py:_activate_slot,908_727_1527_909_1665
R,CLAMP,CLAMP,0
L,4,908,PREDICTION,src/tracking/advanced_tracker.py:id_merge,
R,PREDICTION,SUBPIXEL,0
L,7,908,PREDICTION,src/tracking/advanced_tracker.py:id_merge,
R,PREDICTION,PREDICTION,1
L,8,908,DETECTION,src/tracking/advanced_tracker.py:_activate_slot,908_142_750_331_837
R,CLAMP,CLAMP,0
A,908
S,2,911,CLAMP,src/tracking/advanced_tracker.py:_activate_slot,911_715_1533_909_1674
S,3,911,DETECTION,src/tracking/advanced_tracker.py:_activate_slot,911_250_920_479_1073
S,4,911,DETECTION,src/tracking/advanced_tracker.py:_activate_slot,911_307_1158_537_1287
S,6,911,DETECTION,src/tracking/advanced_tracker.py:_activate_slot,911_198_1092_431_1212
S,8,911,DETECTION,src/tracking/advanced_tracker.py:_activate_slot,911_140_750_330_837
S,0,911,PREDICTION,src/tracking/advanced_tracker.py:kalman_homography,
S,7,911,PREDICTION,src/tracking/advanced_tracker.py:kalman_homography,
S,9,911,PREDICTION,src/tracking/advanced_tracker.py:kalman_homography,
D,0,911
S,3,911,PREDICTION,src/tracking/advanced_tracker.py:id_merge,
D,3,911
S,4,911,PREDICTION,src/tracking/advanced_tracker.py:id_merge,
D,7,911
S,6,911,PREDICTION,src/tracking/advanced_tracker.py:id_merge,
D,9,911
S,6,911,PREDICTION,src/tracking/advanced_tracker.py:id_merge,
L,2,911,CLAMP,src/tracking/advanced_tracker.py:_activate_slot,911_715_1533_909_1674
R,CLAMP,CLAMP,0
L,4,911,PREDICTION,src/tracking/advanced_tracker.py:id_merge,
R,PREDICTION,PREDICTION,1
L,6,911,PREDICTION,src/tracking/advanced_tracker.py:id_merge,
R,PREDICTION,PREDICTION,1
L,8,911,DETECTION,src/tracking/advanced_tracker.py:_activate_slot,911_140_750_330_837
R,CLAMP,CLAMP,0
A,911
S,2,914,CLAMP,src/tracking/advanced_tracker.py:_activate_slot,914_728_1530_1035_1680
S,3,914,DETECTION,src/tracking/advanced_tracker.py:_activate_slot,914_242_922_480_1063
S,4,914,DETECTION,src/tracking/advanced_tracker.py:_activate_slot,914_303_1159_536_1297
S,6,914,DETECTION,src/tracking/advanced_tracker.py:_activate_slot,914_192_1092_452_1221
S,8,914,DETECTION,src/tracking/advanced_tracker.py:_activate_slot,914_137_751_326_837
S,1,914,DETECTION,src/tracking/advanced_tracker.py:_activate_slot,914_505_1297_750_1477
S,7,914,PREDICTION,src/tracking/advanced_tracker.py:kalman_homography,
S,9,914,PREDICTION,src/tracking/advanced_tracker.py:kalman_homography,
S,0,914,PREDICTION,src/tracking/advanced_tracker.py:flow_gapfill_batched,
D,0,914
S,1,914,PREDICTION,src/tracking/advanced_tracker.py:id_merge,
D,1,914
S,3,914,PREDICTION,src/tracking/advanced_tracker.py:id_merge,
D,3,914
S,4,914,PREDICTION,src/tracking/advanced_tracker.py:id_merge,
D,7,914
S,6,914,PREDICTION,src/tracking/advanced_tracker.py:id_merge,
D,9,914
S,6,914,PREDICTION,src/tracking/advanced_tracker.py:id_merge,
L,2,914,CLAMP,src/tracking/advanced_tracker.py:_activate_slot,914_728_1530_1035_1680
R,CLAMP,CLAMP,0
L,4,914,PREDICTION,src/tracking/advanced_tracker.py:id_merge,
R,PREDICTION,SUBPIXEL,0
L,6,914,PREDICTION,src/tracking/advanced_tracker.py:id_merge,
R,PREDICTION,PREDICTION,1
L,8,914,DETECTION,src/tracking/advanced_tracker.py:_activate_slot,914_137_751_326_837
R,CLAMP,CLAMP,0
A,914
S,1,917,DETECTION,src/tracking/advanced_tracker.py:_activate_slot,917_512_1297_755_1474
S,3,917,DETECTION,src/tracking/advanced_tracker.py:_activate_slot,917_244_921_484_1041
S,4,917,DETECTION,src/tracking/advanced_tracker.py:_activate_slot,917_301_1179_535_1302
S,6,917,DETECTION,src/tracking/advanced_tracker.py:_activate_slot,917_207_1095_459_1230
S,8,917,DETECTION,src/tracking/advanced_tracker.py:_activate_slot,917_133_747_324_836
S,5,917,DETECTION,src/tracking/advanced_tracker.py:_activate_slot,917_732_1531_1035_1681
S,7,917,PREDICTION,src/tracking/advanced_tracker.py:kalman_homography,
S,0,917,PREDICTION,src/tracking/advanced_tracker.py:flow_gapfill_batched,
S,2,917,PREDICTION,src/tracking/advanced_tracker.py:flow_gapfill_batched,
S,9,917,PREDICTION,src/tracking/advanced_tracker.py:flow_gapfill_batched,
D,0,917
S,1,917,PREDICTION,src/tracking/advanced_tracker.py:id_merge,
D,2,917
S,1,917,PREDICTION,src/tracking/advanced_tracker.py:id_merge,
D,1,917
S,3,917,PREDICTION,src/tracking/advanced_tracker.py:id_merge,
D,3,917
S,4,917,PREDICTION,src/tracking/advanced_tracker.py:id_merge,
D,5,917
S,6,917,PREDICTION,src/tracking/advanced_tracker.py:id_merge,
D,7,917
S,6,917,PREDICTION,src/tracking/advanced_tracker.py:id_merge,
D,9,917
S,6,917,PREDICTION,src/tracking/advanced_tracker.py:id_merge,
L,4,917,PREDICTION,src/tracking/advanced_tracker.py:id_merge,
R,PREDICTION,PREDICTION,1
L,6,917,PREDICTION,src/tracking/advanced_tracker.py:id_merge,
R,PREDICTION,PREDICTION,1
L,8,917,DETECTION,src/tracking/advanced_tracker.py:_activate_slot,917_133_747_324_836
R,CLAMP,CLAMP,0
A,917
S,1,920,DETECTION,src/tracking/advanced_tracker.py:_activate_slot,920_512_1294_755_1459
S,3,920,DETECTION,src/tracking/advanced_tracker.py:_activate_slot,920_255_921_488_1036
S,4,920,DETECTION,src/tracking/advanced_tracker.py:_activate_slot,920_293_1198_531_1303
S,5,920,DETECTION,src/tracking/advanced_tracker.py:_activate_slot,920_734_1536_1035_1680
S,8,920,DETECTION,src/tracking/advanced_tracker.py:_activate_slot,920_133_747_323_835
S,6,920,PREDICTION,src/tracking/advanced_tracker.py:kalman_homography,
S,0,920,PREDICTION,src/tracking/advanced_tracker.py:flow_gapfill_batched,
S,2,920,PREDICTION,src/tracking/advanced_tracker.py:flow_gapfill_batched,
S,7,920,PREDICTION,src/tracking/advanced_tracker.py:flow_gapfill_batched,
D,0,920
S,1,920,PREDICTION,src/tracking/advanced_tracker.py:id_merge,
D,2,920
S,1,920,PREDICTION,src/tracking/advanced_tracker.py:id_merge,
D,1,920
S,3,920,PREDICTION,src/tracking/advanced_tracker.py:id_merge,
D,3,920
S,4,920,PREDICTION,src/tracking/advanced_tracker.py:id_merge,
D,6,920
S,5,920,PREDICTION,src/tracking/advanced_tracker.py:id_merge,
D,7,920
S,5,920,PREDICTION,src/tracking/advanced_tracker.py:id_merge,
L,4,920,PREDICTION,src/tracking/advanced_tracker.py:id_merge,
R,PREDICTION,SUBPIXEL,0
L,5,920,PREDICTION,src/tracking/advanced_tracker.py:id_merge,
R,PREDICTION,PREDICTION,1
L,8,920,DETECTION,src/tracking/advanced_tracker.py:_activate_slot,920_133_747_323_835
R,CLAMP,CLAMP,0
A,920
S,1,923,DETECTION,src/tracking/advanced_tracker.py:_activate_slot,923_513_1296_757_1437
S,3,923,DETECTION,src/tracking/advanced_tracker.py:_activate_slot,923_259_921_498_1037
S,4,923,DETECTION,src/tracking/advanced_tracker.py:_activate_slot,923_294_1199_531_1325
S,5,923,DETECTION,src/tracking/advanced_tracker.py:_activate_slot,923_733_1533_1035_1677
S,6,923,DETECTION,src/tracking/advanced_tracker.py:_activate_slot,923_222_1095_471_1227
S,8,923,DETECTION,src/tracking/advanced_tracker.py:_activate_slot,923_131_747_322_835
S,0,923,PREDICTION,src/tracking/advanced_tracker.py:flow_gapfill_batched,
S,7,923,PREDICTION,src/tracking/advanced_tracker.py:flow_gapfill_batched,
D,0,923
S,1,923,PREDICTION,src/tracking/advanced_tracker.py:id_merge,
D,1,923
S,3,923,PREDICTION,src/tracking/advanced_tracker.py:id_merge,
D,3,923
S,4,923,PREDICTION,src/tracking/advanced_tracker.py:id_merge,
D,5,923
S,6,923,PREDICTION,src/tracking/advanced_tracker.py:id_merge,
D,7,923
S,6,923,PREDICTION,src/tracking/advanced_tracker.py:id_merge,
L,4,923,PREDICTION,src/tracking/advanced_tracker.py:id_merge,
R,PREDICTION,PREDICTION,1
L,6,923,PREDICTION,src/tracking/advanced_tracker.py:id_merge,
R,PREDICTION,PREDICTION,1
L,8,923,DETECTION,src/tracking/advanced_tracker.py:_activate_slot,923_131_747_322_835
R,CLAMP,CLAMP,0
A,923
S,1,926,DETECTION,src/tracking/advanced_tracker.py:_activate_slot,926_519_1292_759_1439
S,3,926,DETECTION,src/tracking/advanced_tracker.py:_activate_slot,926_256_922_497_1039
S,4,926,DETECTION,src/tracking/advanced_tracker.py:_activate_slot,926_294_1200_515_1347
S,5,926,DETECTION,src/tracking/advanced_tracker.py:_activate_slot,926_738_1531_1035_1666
S,8,926,DETECTION,src/tracking/advanced_tracker.py:_activate_slot,926_124_747_308_837
S,6,926,PREDICTION,src/tracking/advanced_tracker.py:kalman_homography,
S,0,926,PREDICTION,src/tracking/advanced_tracker.py:flow_gapfill_batched,
S,7,926,PREDICTION,src/tracking/advanced_tracker.py:flow_gapfill_batched,
D,0,926
S,1,926,PREDICTION,src/tracking/advanced_tracker.py:id_merge,
D,1,926
S,3,926,PREDICTION,src/tracking/advanced_tracker.py:id_merge,
D,3,926
S,4,926,PREDICTION,src/tracking/advanced_tracker.py:id_merge,
D,6,926
S,5,926,PREDICTION,src/tracking/advanced_tracker.py:id_merge,
D,7,926
S,5,926,PREDICTION,src/tracking/advanced_tracker.py:id_merge,
L,4,926,PREDICTION,src/tracking/advanced_tracker.py:id_merge,
R,PREDICTION,PREDICTION,1
L,5,926,PREDICTION,src/tracking/advanced_tracker.py:id_merge,
R,PREDICTION,PREDICTION,1
L,8,926,DETECTION,src/tracking/advanced_tracker.py:_activate_slot,926_124_747_308_837
R,CLAMP,CLAMP,0
A,926
S,0,929,DETECTION,src/tracking/advanced_tracker.py:_activate_slot,929_737_1525_1035_1657
S,1,929,DETECTION,src/tracking/advanced_tracker.py:_activate_slot,929_528_1257_778_1419
S,3,929,DETECTION,src/tracking/advanced_tracker.py:_activate_slot,929_254_930_497_1044
S,4,929,DETECTION,src/tracking/advanced_tracker.py:_activate_slot,929_297_1213_521_1357
S,8,929,DETECTION,src/tracking/advanced_tracker.py:_activate_slot,929_121_745_303_835
S,6,929,PREDICTION,src/tracking/advanced_tracker.py:kalman_homography,
S,7,929,PREDICTION,src/tracking/advanced_tracker.py:flow_gapfill_batched,
D,0,929
S,1,929,PREDICTION,src/tracking/advanced_tracker.py:id_merge,
D,1,929
S,3,929,PREDICTION,src/tracking/advanced_tracker.py:id_merge,
D,3,929
S,4,929,PREDICTION,src/tracking/advanced_tracker.py:id_merge,
D,7,929
S,6,929,PREDICTION,src/tracking/advanced_tracker.py:id_merge,
L,4,929,PREDICTION,src/tracking/advanced_tracker.py:id_merge,
R,PREDICTION,PREDICTION,1
L,6,929,PREDICTION,src/tracking/advanced_tracker.py:id_merge,
R,PREDICTION,PREDICTION,1
L,8,929,DETECTION,src/tracking/advanced_tracker.py:_activate_slot,929_121_745_303_835
R,CLAMP,CLAMP,0
A,929
S,0,932,DETECTION,src/tracking/advanced_tracker.py:_activate_slot,932_246_1520_498_1629
S,1,932,DETECTION,src/tracking/advanced_tracker.py:_activate_slot,932_540_1330_801_1528
S,3,932,DETECTION,src/tracking/advanced_tracker.py:_activate_slot,932_241_930_490_1046
S,4,932,DETECTION,src/tracking/advanced_tracker.py:_activate_slot,932_298_1258_522_1378
S,5,932,DETECTION,src/tracking/advanced_tracker.py:_activate_slot,932_738_1518_1035_1644
S,6,932,DETECTION,src/tracking/advanced_tracker.py:_activate_slot,932_195_1098_472_1220
S,8,932,DETECTION,src/tracking/advanced_tracker.py:_activate_slot,932_120_745_309_834
S,7,932,PREDICTION,src/tracking/advanced_tracker.py:flow_gapfill_batched,
D,0,932
S,1,932,PREDICTION,src/tracking/advanced_tracker.py:id_merge,
D,1,932
S,3,932,PREDICTION,src/tracking/advanced_tracker.py:id_merge,
D,3,932
S,4,932,PREDICTION,src/tracking/advanced_tracker.py:id_merge,
D,5,932
S,6,932,PREDICTION,src/tracking/advanced_tracker.py:id_merge,
D,7,932
S,6,932,PREDICTION,src/tracking/advanced_tracker.py:id_merge,
L,4,932,PREDICTION,src/tracking/advanced_tracker.py:id_merge,
R,PREDICTION,PREDICTION,1
L,6,932,PREDICTION,src/tracking/advanced_tracker.py:id_merge,
R,PREDICTION,PREDICTION,1
L,8,932,DETECTION,src/tracking/advanced_tracker.py:_activate_slot,932_120_745_309_834
R,CLAMP,CLAMP,0
A,932
S,1,935,DETECTION,src/tracking/advanced_tracker.py:_activate_slot,935_546_1320_798_1487
S,3,935,DETECTION,src/tracking/advanced_tracker.py:_activate_slot,935_241_937_490_1048
S,4,935,DETECTION,src/tracking/advanced_tracker.py:_activate_slot,935_297_1273_520_1378
S,5,935,DETECTION,src/tracking/advanced_tracker.py:_activate_slot,935_739_1509_1035_1647
S,6,935,DETECTION,src/tracking/advanced_tracker.py:_activate_slot,935_208_1098_483_1227
S,8,935,DETECTION,src/tracking/advanced_tracker.py:_activate_slot,935_118_747_304_832
S,0,935,PREDICTION,src/tracking/advanced_tracker.py:kalman_homography,
D,0,935
S,1,935,PREDICTION,src/tracking/advanced_tracker.py:id_merge,
D,1,935
S,3,935,PREDICTION,src/tracking/advanced_tracker.py:id_merge,
D,3,935
S,4,935,PREDICTION,src/tracking/advanced_tracker.py:id_merge,
D,5,935
S,6,935,PREDICTION,src/tracking/advanced_tracker.py:id_merge,
L,4,935,PREDICTION,src/tracking/advanced_tracker.py:id_merge,
R,PREDICTION,PREDICTION,1
L,6,935,PREDICTION,src/tracking/advanced_tracker.py:id_merge,
R,PREDICTION,PREDICTION,1
L,8,935,DETECTION,src/tracking/advanced_tracker.py:_activate_slot,935_118_747_304_832
R,CLAMP,CLAMP,0
A,935
S,1,938,DETECTION,src/tracking/advanced_tracker.py:_activate_slot,938_546_1317_813_1478
S,2,938,DETECTION,src/tracking/advanced_tracker.py:_activate_slot,938_581_507_852_700
S,3,938,DETECTION,src/tracking/advanced_tracker.py:_activate_slot,938_240_945_502_1062
S,4,938,DETECTION,src/tracking/advanced_tracker.py:_activate_slot,938_293_1282_515_1408
S,5,938,DETECTION,src/tracking/advanced_tracker.py:_activate_slot,938_736_1499_1032_1620
S,8,938,DETECTION,src/tracking/advanced_tracker.py:_activate_slot,938_240_1548_491_1656
S,9,938,DETECTION,src/tracking/advanced_tracker.py:_activate_slot,938_417_-15_699_56
S,0,938,PREDICTION,src/tracking/advanced_tracker.py:kalman_homography,
S,6,938,PREDICTION,src/tracking/advanced_tracker.py:kalman_homography,
D,0,938
S,1,938,PREDICTION,src/tracking/advanced_tracker.py:id_merge,
D,1,938
S,3,938,PREDICTION,src/tracking/advanced_tracker.py:id_merge,
D,3,938
S,4,938,PREDICTION,src/tracking/advanced_tracker.py:id_merge,
D,6,938
S,5,938,PREDICTION,src/tracking/advanced_tracker.py:id_merge,
D,5,938
S,8,938,PREDICTION,src/tracking/advanced_tracker.py:id_merge,
D,8,938
S,9,938,PREDICTION,src/tracking/advanced_tracker.py:id_merge,
L,2,938,DETECTION,src/tracking/advanced_tracker.py:_activate_slot,938_581_507_852_700
R,CLAMP,CLAMP,0
L,4,938,PREDICTION,src/tracking/advanced_tracker.py:id_merge,
R,PREDICTION,PREDICTION,1
L,9,938,PREDICTION,src/tracking/advanced_tracker.py:id_merge,
R,CLAMP,CLAMP,0
A,938
S,1,941,DETECTION,src/tracking/advanced_tracker.py:_activate_slot,941_538_1314_834_1471
S,2,941,CLAMP,src/tracking/advanced_tracker.py:_activate_slot,941_596_546_852_753
S,3,941,DETECTION,src/tracking/advanced_tracker.py:_activate_slot,941_258_942_524_1065
S,4,941,DETECTION,src/tracking/advanced_tracker.py:_activate_slot,941_289_1283_513_1421
S,5,941,DETECTION,src/tracking/advanced_tracker.py:_activate_slot,941_733_1488_1033_1596
S,6,941,DETECTION,src/tracking/advanced_tracker.py:_activate_slot,941_243_1095_501_1239
S,0,941,PREDICTION,src/tracking/advanced_tracker.py:kalman_homography,
S,8,941,PREDICTION,src/tracking/advanced_tracker.py:kalman_homography,
S,9,941,PREDICTION,src/tracking/advanced_tracker.py:kalman_homography,
D,0,941
S,1,941,PREDICTION,src/tracking/advanced_tracker.py:id_merge,
D,1,941
S,3,941,PREDICTION,src/tracking/advanced_tracker.py:id_merge,
D,3,941
S,4,941,PREDICTION,src/tracking/advanced_tracker.py:id_merge,
D,5,941
S,6,941,PREDICTION,src/tracking/advanced_tracker.py:id_merge,
D,8,941
S,6,941,PREDICTION,src/tracking/advanced_tracker.py:id_merge,
D,9,941
S,6,941,PREDICTION,src/tracking/advanced_tracker.py:id_merge,
L,2,941,CLAMP,src/tracking/advanced_tracker.py:_activate_slot,941_596_546_852_753
R,CLAMP,CLAMP,0
L,4,941,PREDICTION,src/tracking/advanced_tracker.py:id_merge,
R,PREDICTION,SUBPIXEL,0
L,6,941,PREDICTION,src/tracking/advanced_tracker.py:id_merge,
R,PREDICTION,PREDICTION,1
A,941
S,1,944,DETECTION,src/tracking/advanced_tracker.py:_activate_slot,944_532_1296_825_1458
S,2,944,CLAMP,src/tracking/advanced_tracker.py:_activate_slot,944_585_534_850_765
S,3,944,DETECTION,src/tracking/advanced_tracker.py:_activate_slot,944_277_939_530_1071
S,4,944,DETECTION,src/tracking/advanced_tracker.py:_activate_slot,944_279_1291_507_1420
S,5,944,DETECTION,src/tracking/advanced_tracker.py:_activate_slot,944_732_1476_1032_1590
S,6,944,DETECTION,src/tracking/advanced_tracker.py:_activate_slot,944_112_742_299_831
S,9,944,PREDICTION,src/tracking/advanced_tracker.py:kalman_homography,
S,0,944,PREDICTION,src/tracking/advanced_tracker.py:flow_gapfill_batched,
S,8,944,PREDICTION,src/tracking/advanced_tracker.py:flow_gapfill_batched,
D,0,944
S,1,944,PREDICTION,src/tracking/advanced_tracker.py:id_merge,
D,1,944
S,3,944,PREDICTION,src/tracking/advanced_tracker.py:id_merge,
D,3,944
S,4,944,PREDICTION,src/tracking/advanced_tracker.py:id_merge,
D,8,944
S,5,944,PREDICTION,src/tracking/advanced_tracker.py:id_merge,
D,9,944
S,5,944,PREDICTION,src/tracking/advanced_tracker.py:id_merge,
L,2,944,CLAMP,src/tracking/advanced_tracker.py:_activate_slot,944_585_534_850_765
R,CLAMP,CLAMP,0
L,4,944,PREDICTION,src/tracking/advanced_tracker.py:id_merge,
R,PREDICTION,PREDICTION,1
L,5,944,PREDICTION,src/tracking/advanced_tracker.py:id_merge,
R,PREDICTION,PREDICTION,1
L,6,944,DETECTION,src/tracking/advanced_tracker.py:_activate_slot,944_112_742_299_831
R,CLAMP,CLAMP,0
A,944
S,1,947,DETECTION,src/tracking/advanced_tracker.py:_activate_slot,947_534_1286_837_1433
S,2,947,CLAMP,src/tracking/advanced_tracker.py:_activate_slot,947_582_567_846_811
S,3,947,DETECTION,src/tracking/advanced_tracker.py:_activate_slot,947_271_948_536_1083
S,4,947,DETECTION,src/tracking/advanced_tracker.py:_activate_slot,947_272_1311_500_1422
S,5,947,DETECTION,src/tracking/advanced_tracker.py:_activate_slot,947_729_1458_1032_1578
S,6,947,DETECTION,src/tracking/advanced_tracker.py:_activate_slot,947_110_744_293_828
S,9,947,PREDICTION,src/tracking/advanced_tracker.py:kalman_homography,
S,0,947,PREDICTION,src/tracking/advanced_tracker.py:flow_gapfill_batched,
S,8,947,PREDICTION,src/tracking/advanced_tracker.py:flow_gapfill_batched,
D,0,947
S,1,947,PREDICTION,src/tracking/advanced_tracker.py:id_merge,
D,1,947
S,3,947,PREDICTION,src/tracking/advanced_tracker.py:id_merge,
D,3,947
S,4,947,PREDICTION,src/tracking/advanced_tracker.py:id_merge,
D,8,947
S,5,947,PREDICTION,src/tracking/advanced_tracker.py:id_merge,
D,9,947
S,5,947,PREDICTION,src/tracking/advanced_tracker.py:id_merge,
L,2,947,CLAMP,src/tracking/advanced_tracker.py:_activate_slot,947_582_567_846_811
R,CLAMP,CLAMP,0
L,4,947,PREDICTION,src/tracking/advanced_tracker.py:id_merge,
R,PREDICTION,PREDICTION,1
L,5,947,PREDICTION,src/tracking/advanced_tracker.py:id_merge,
R,PREDICTION,PREDICTION,1
L,6,947,DETECTION,src/tracking/advanced_tracker.py:_activate_slot,947_110_744_293_828
R,CLAMP,CLAMP,0
A,947
S,0,950,DETECTION,src/tracking/advanced_tracker.py:_activate_slot,950_208_1576_460_1678
S,1,950,DETECTION,src/tracking/advanced_tracker.py:_activate_slot,950_545_1249_846_1420
S,2,950,CLAMP,src/tracking/advanced_tracker.py:_activate_slot,950_558_649_846_834
S,3,950,DETECTION,src/tracking/advanced_tracker.py:_activate_slot,950_285_958_536_1090
S,4,950,DETECTION,src/tracking/advanced_tracker.py:_activate_slot,950_267_1320_507_1437
S,5,950,DETECTION,src/tracking/advanced_tracker.py:_activate_slot,950_725_1446_1029_1566
S,6,950,PREDICTION,src/tracking/advanced_tracker.py:kalman_homography,
S,9,950,PREDICTION,src/tracking/advanced_tracker.py:kalman_homography,
S,8,950,PREDICTION,src/tracking/advanced_tracker.py:flow_gapfill_batched,
D,0,950
S,1,950,PREDICTION,src/tracking/advanced_tracker.py:id_merge,
D,1,950
S,3,950,PREDICTION,src/tracking/advanced_tracker.py:id_merge,
D,3,950
S,4,950,PREDICTION,src/tracking/advanced_tracker.py:id_merge,
D,6,950
S,5,950,PREDICTION,src/tracking/advanced_tracker.py:id_merge,
D,8,950
S,5,950,PREDICTION,src/tracking/advanced_tracker.py:id_merge,
D,9,950
S,5,950,PREDICTION,src/tracking/advanced_tracker.py:id_merge,
L,2,950,CLAMP,src/tracking/advanced_tracker.py:_activate_slot,950_558_649_846_834
R,CLAMP,CLAMP,0
L,4,950,PREDICTION,src/tracking/advanced_tracker.py:id_merge,
R,PREDICTION,PREDICTION,1
L,5,950,PREDICTION,src/tracking/advanced_tracker.py:id_merge,
R,PREDICTION,SUBPIXEL,0
A,950
S,0,953,DETECTION,src/tracking/advanced_tracker.py:_activate_slot,953_251_1168_516_1306
S,1,953,DETECTION,src/tracking/advanced_tracker.py:_activate_slot,953_570_1185_849_1422
S,2,953,CLAMP,src/tracking/advanced_tracker.py:_activate_slot,953_551_735_848_853
S,3,953,DETECTION,src/tracking/advanced_tracker.py:_activate_slot,953_275_979_535_1105
S,4,953,DETECTION,src/tracking/advanced_tracker.py:_activate_slot,953_269_1326_507_1440
S,6,953,PREDICTION,src/tracking/advanced_tracker.py:kalman_homography,
S,9,953,PREDICTION,src/tracking/advanced_tracker.py:kalman_homography,
S,5,953,PREDICTION,src/tracking/advanced_tracker.py:flow_gapfill_batched,
S,8,953,PREDICTION,src/tracking/advanced_tracker.py:flow_gapfill_batched,
D,0,953
S,1,953,PREDICTION,src/tracking/advanced_tracker.py:id_merge,
D,1,953
S,3,953,PREDICTION,src/tracking/advanced_tracker.py:id_merge,
D,3,953
S,4,953,PREDICTION,src/tracking/advanced_tracker.py:id_merge,
D,6,953
S,5,953,PREDICTION,src/tracking/advanced_tracker.py:id_merge,
D,8,953
S,5,953,PREDICTION,src/tracking/advanced_tracker.py:id_merge,
D,9,953
S,5,953,PREDICTION,src/tracking/advanced_tracker.py:id_merge,
L,2,953,CLAMP,src/tracking/advanced_tracker.py:_activate_slot,953_551_735_848_853
R,CLAMP,CLAMP,0
L,4,953,PREDICTION,src/tracking/advanced_tracker.py:id_merge,
R,PREDICTION,SUBPIXEL,0
L,5,953,PREDICTION,src/tracking/advanced_tracker.py:id_merge,
R,PREDICTION,PREDICTION,1
A,953
S,0,956,DETECTION,src/tracking/advanced_tracker.py:_activate_slot,956_197_1581_442_1677
S,1,956,DETECTION,src/tracking/advanced_tracker.py:_activate_slot,956_576_1189_855_1411
S,2,956,CLAMP,src/tracking/advanced_tracker.py:_activate_slot,956_550_787_849_901
S,3,956,DETECTION,src/tracking/advanced_tracker.py:_activate_slot,956_276_978_536_1119
S,4,956,DETECTION,src/tracking/advanced_tracker.py:_activate_slot,956_266_1329_507_1437
S,5,956,DETECTION,src/tracking/advanced_tracker.py:_activate_slot,956_107_983_304_1067
S,7,956,DETECTION,src/tracking/advanced_tracker.py:_activate_slot,956_252_1182_525_1320
S,6,956,PREDICTION,src/tracking/advanced_tracker.py:kalman_homography,
S,9,956,PREDICTION,src/tracking/advanced_tracker.py:kalman_homography,
S,8,956,PREDICTION,src/tracking/advanced_tracker.py:flow_gapfill_batched,
D,0,956
S,1,956,PREDICTION,src/tracking/advanced_tracker.py:id_merge,
D,1,956
S,3,956,PREDICTION,src/tracking/advanced_tracker.py:id_merge,
D,3,956
S,4,956,PREDICTION,src/tracking/advanced_tracker.py:id_merge,
D,5,956
S,7,956,PREDICTION,src/tracking/advanced_tracker.py:id_merge,
D,6,956
S,7,956,PREDICTION,src/tracking/advanced_tracker.py:id_merge,
D,8,956
S,7,956,PREDICTION,src/tracking/advanced_tracker.py:id_merge,
D,9,956
S,7,956,PREDICTION,src/tracking/advanced_tracker.py:id_merge,
L,2,956,CLAMP,src/tracking/advanced_tracker.py:_activate_slot,956_550_787_849_901
R,CLAMP,CLAMP,0
L,4,956,PREDICTION,src/tracking/advanced_tracker.py:id_merge,
R,PREDICTION,SUBPIXEL,0
L,7,956,PREDICTION,src/tracking/advanced_tracker.py:id_merge,
R,PREDICTION,PREDICTION,1
A,956
S,0,959,DETECTION,src/tracking/advanced_tracker.py:_activate_slot,959_534_1059_860_1383
S,2,959,CLAMP,src/tracking/advanced_tracker.py:_activate_slot,959_546_789_849_962
S,3,959,DETECTION,src/tracking/advanced_tracker.py:_activate_slot,959_290_976_551_1144
S,4,959,DETECTION,src/tracking/advanced_tracker.py:_activate_slot,959_264_1327_506_1432
S,5,959,DETECTION,src/tracking/advanced_tracker.py:_activate_slot,959_706_1420_906_1519
S,7,959,DETECTION,src/tracking/advanced_tracker.py:_activate_slot,959_270_1215_532_1329
S,1,959,PREDICTION,src/tracking/advanced_tracker.py:kalman_homography,
S,6,959,PREDICTION,src/tracking/advanced_tracker.py:kalman_homography,
S,9,959,PREDICTION,src/tracking/advanced_tracker.py:kalman_homography,
S,8,959,PREDICTION,src/tracking/advanced_tracker.py:flow_gapfill_batched,
D,1,959
S,0,959,PREDICTION,src/tracking/advanced_tracker.py:id_merge,
D,0,959
S,3,959,PREDICTION,src/tracking/advanced_tracker.py:id_merge,
D,3,959
S,4,959,PREDICTION,src/tracking/advanced_tracker.py:id_merge,
D,6,959
S,5,959,PREDICTION,src/tracking/advanced_tracker.py:id_merge,
D,5,959
S,7,959,PREDICTION,src/tracking/advanced_tracker.py:id_merge,
D,8,959
S,7,959,PREDICTION,src/tracking/advanced_tracker.py:id_merge,
D,9,959
S,7,959,PREDICTION,src/tracking/advanced_tracker.py:id_merge,
L,2,959,CLAMP,src/tracking/advanced_tracker.py:_activate_slot,959_546_789_849_962
R,CLAMP,CLAMP,0
L,4,959,PREDICTION,src/tracking/advanced_tracker.py:id_merge,
R,PREDICTION,SUBPIXEL,0
L,7,959,PREDICTION,src/tracking/advanced_tracker.py:id_merge,
R,PREDICTION,PREDICTION,1
A,959
S,0,962,DETECTION,src/tracking/advanced_tracker.py:_activate_slot,962_180_1575_435_1671
S,1,962,DETECTION,src/tracking/advanced_tracker.py:_activate_slot,962_516_1078_854_1315
S,2,962,CLAMP,src/tracking/advanced_tracker.py:_activate_slot,962_532_819_838_991
S,3,962,DETECTION,src/tracking/advanced_tracker.py:_activate_slot,962_297_981_542_1155
S,4,962,DETECTION,src/tracking/advanced_tracker.py:_activate_slot,962_263_1329_501_1426
S,5,962,DETECTION,src/tracking/advanced_tracker.py:_activate_slot,962_97_723_287_810
S,6,962,PREDICTION,src/tracking/advanced_tracker.py:kalman_homography,
S,7,962,PREDICTION,src/tracking/advanced_tracker.py:kalman_homography,
S,8,962,PREDICTION,src/tracking/advanced_tracker.py:flow_gapfill_batched,
S,9,962,PREDICTION,src/tracking/advanced_tracker.py:flow_gapfill_batched,
D,0,962
S,1,962,PREDICTION,src/tracking/advanced_tracker.py:id_merge,
D,1,962
S,3,962,PREDICTION,src/tracking/advanced_tracker.py:id_merge,
D,3,962
S,4,962,PREDICTION,src/tracking/advanced_tracker.py:id_merge,
D,6,962
S,7,962,PREDICTION,src/tracking/advanced_tracker.py:id_merge,
D,8,962
S,7,962,PREDICTION,src/tracking/advanced_tracker.py:id_merge,
D,9,962
S,7,962,PREDICTION,src/tracking/advanced_tracker.py:id_merge,
L,2,962,CLAMP,src/tracking/advanced_tracker.py:_activate_slot,962_532_819_838_991
R,CLAMP,CLAMP,0
L,4,962,PREDICTION,src/tracking/advanced_tracker.py:id_merge,
R,PREDICTION,PREDICTION,1
L,5,962,DETECTION,src/tracking/advanced_tracker.py:_activate_slot,962_97_723_287_810
R,DETECTION,DETECTION,1
L,7,962,PREDICTION,src/tracking/advanced_tracker.py:id_merge,
R,PREDICTION,PREDICTION,1
A,962
S,0,965,DETECTION,src/tracking/advanced_tracker.py:_activate_slot,965_297_1026_519_1173
S,1,965,DETECTION,src/tracking/advanced_tracker.py:_activate_slot,965_594_1059_849_1235
S,2,965,CLAMP,src/tracking/advanced_tracker.py:_activate_slot,965_524_888_819_1030
S,3,965,DETECTION,src/tracking/advanced_tracker.py:_activate_slot,965_295_1002_561_1171
S,4,965,DETECTION,src/tracking/advanced_tracker.py:_activate_slot,965_258_1329_501_1430
S,5,965,DETECTION,src/tracking/advanced_tracker.py:_activate_slot,965_96_717_288_807
S,6,965,PREDICTION,src/tracking/advanced_tracker.py:kalman_homography,
S,7,965,PREDICTION,src/tracking/advanced_tracker.py:kalman_homography,
D,0,965
S,1,965,PREDICTION,src/tracking/advanced_tracker.py:id_merge,
D,1,965
S,3,965,PREDICTION,src/tracking/advanced_tracker.py:id_merge,
D,3,965
S,4,965,PREDICTION,src/tracking/advanced_tracker.py:id_merge,
D,6,965
S,7,965,PREDICTION,src/tracking/advanced_tracker.py:id_merge,
L,2,965,CLAMP,src/tracking/advanced_tracker.py:_activate_slot,965_524_888_819_1030
R,CLAMP,CLAMP,0
L,4,965,PREDICTION,src/tracking/advanced_tracker.py:id_merge,
R,PREDICTION,SUBPIXEL,0
L,5,965,DETECTION,src/tracking/advanced_tracker.py:_activate_slot,965_96_717_288_807
R,DETECTION,DETECTION,1
L,7,965,PREDICTION,src/tracking/advanced_tracker.py:id_merge,
R,PREDICTION,PREDICTION,1
A,965
S,0,968,DETECTION,src/tracking/advanced_tracker.py:_activate_slot,968_192_1564_422_1660
S,1,968,DETECTION,src/tracking/advanced_tracker.py:_activate_slot,968_534_1029_843_1179
S,2,968,CLAMP,src/tracking/advanced_tracker.py:_activate_slot,968_509_940_837_1081
S,3,968,DETECTION,src/tracking/advanced_tracker.py:_activate_slot,968_294_1059_514_1191
S,4,968,DETECTION,src/tracking/advanced_tracker.py:_activate_slot,968_174_1542_422_1662
S,5,968,PREDICTION,src/tracking/advanced_tracker.py:kalman_homography,
S,7,968,PREDICTION,src/tracking/advanced_tracker.py:kalman_homography,
S,6,968,PREDICTION,src/tracking/advanced_tracker.py:flow_gapfill_batched,
D,0,968
S,1,968,PREDICTION,src/tracking/advanced_tracker.py:id_merge,
D,1,968
S,3,968,PREDICTION,src/tracking/advanced_tracker.py:id_merge,
D,3,968
S,4,968,PREDICTION,src/tracking/advanced_tracker.py:id_merge,
D,7,968
S,5,968,PREDICTION,src/tracking/advanced_tracker.py:id_merge,
L,2,968,CLAMP,src/tracking/advanced_tracker.py:_activate_slot,968_509_940_837_1081
R,CLAMP,CLAMP,0
L,4,968,PREDICTION,src/tracking/advanced_tracker.py:id_merge,
R,PREDICTION,PREDICTION,1
L,5,968,PREDICTION,src/tracking/advanced_tracker.py:id_merge,
R,PREDICTION,PREDICTION,1
L,6,968,PREDICTION,src/tracking/advanced_tracker.py:flow_gapfill_batched,
R,CLAMP,CLAMP,0
A,968
S,0,971,DETECTION,src/tracking/advanced_tracker.py:_activate_slot,971_92_910_291_1002
S,2,971,CLAMP,src/tracking/advanced_tracker.py:_activate_slot,971_526_993_848_1131
S,4,971,DETECTION,src/tracking/advanced_tracker.py:_activate_slot,971_295_1059_564_1205
S,5,971,DETECTION,src/tracking/advanced_tracker.py:_activate_slot,971_174_1546_424_1657
S,1,971,PREDICTION,src/tracking/advanced_tracker.py:kalman_homography,
S,3,971,PREDICTION,src/tracking/advanced_tracker.py:kalman_homography,
S,7,971,PREDICTION,src/tracking/advanced_tracker.py:kalman_homography,
S,6,971,PREDICTION,src/tracking/advanced_tracker.py:flow_gapfill_batched,
D,1,971
S,3,971,PREDICTION,src/tracking/advanced_tracker.py:id_merge,
D,3,971
S,4,971,PREDICTION,src/tracking/advanced_tracker.py:id_merge,
D,7,971
S,5,971,PREDICTION,src/tracking/advanced_tracker.py:id_merge,
L,0,971,DETECTION,src/tracking/advanced_tracker.py:_activate_slot,971_92_910_291_1002
R,DETECTION,DETECTION,1
L,2,971,CLAMP,src/tracking/advanced_tracker.py:_activate_slot,971_526_993_848_1131
R,CLAMP,CLAMP,0
L,4,971,PREDICTION,src/tracking/advanced_tracker.py:id_merge,
R,PREDICTION,PREDICTION,1
L,5,971,PREDICTION,src/tracking/advanced_tracker.py:id_merge,
R,PREDICTION,PREDICTION,1
L,6,971,PREDICTION,src/tracking/advanced_tracker.py:flow_gapfill_batched,
R,CLAMP,CLAMP,0
A,971
S,0,974,DETECTION,src/tracking/advanced_tracker.py:_activate_slot,974_690_1340_902_1458
S,1,974,DETECTION,src/tracking/advanced_tracker.py:_activate_slot,974_494_919_768_1087
S,4,974,DETECTION,src/tracking/advanced_tracker.py:_activate_slot,974_302_1068_565_1233
S,2,974,CLAMP,src/tracking/advanced_tracker.py:_activate_slot,974_549_1032_837_1155
S,7,974,DETECTION,src/tracking/advanced_tracker.py:_activate_slot,974_244_1297_538_1417
S,3,974,PREDICTION,src/tracking/advanced_tracker.py:kalman_homography,
S,5,974,PREDICTION,src/tracking/advanced_tracker.py:kalman_homography,
D,0,974
S,1,974,PREDICTION,src/tracking/advanced_tracker.py:id_merge,
D,3,974
S,1,974,PREDICTION,src/tracking/advanced_tracker.py:id_merge,
D,1,974
S,4,974,PREDICTION,src/tracking/advanced_tracker.py:id_merge,
D,5,974
S,7,974,PREDICTION,src/tracking/advanced_tracker.py:id_merge,
L,2,974,CLAMP,src/tracking/advanced_tracker.py:_activate_slot,974_549_1032_837_1155
R,CLAMP,CLAMP,0
L,4,974,PREDICTION,src/tracking/advanced_tracker.py:id_merge,
R,PREDICTION,PREDICTION,1
L,7,974,PREDICTION,src/tracking/advanced_tracker.py:id_merge,
R,PREDICTION,PREDICTION,1
A,974
S,0,977,DETECTION,src/tracking/advanced_tracker.py:_activate_slot,977_686_1245_903_1446
S,1,977,DETECTION,src/tracking/advanced_tracker.py:_activate_slot,977_498_879_849_1107
S,2,977,CLAMP,src/tracking/advanced_tracker.py:_activate_slot,977_538_1063_792_1243
S,3,977,DETECTION,src/tracking/advanced_tracker.py:_activate_slot,977_312_1081_562_1240
S,4,977,DETECTION,src/tracking/advanced_tracker.py:_activate_slot,977_584_1278_818_1386
S,5,977,DETECTION,src/tracking/advanced_tracker.py:_activate_slot,977_96_707_288_795
S,7,977,PREDICTION,src/tracking/advanced_tracker.py:kalman_homography,
D,0,977
S,1,977,PREDICTION,src/tracking/advanced_tracker.py:id_merge,
D,1,977
S,3,977,PREDICTION,src/tracking/advanced_tracker.py:id_merge,
D,3,977
S,4,977,PREDICTION,src/tracking/advanced_tracker.py:id_merge,
L,2,977,CLAMP,src/tracking/advanced_tracker.py:_activate_slot,977_538_1063_792_1243
R,CLAMP,CLAMP,0
L,4,977,PREDICTION,src/tracking/advanced_tracker.py:id_merge,
R,PREDICTION,PREDICTION,1
L,5,977,DETECTION,src/tracking/advanced_tracker.py:_activate_slot,977_96_707_288_795
R,DETECTION,DETECTION,1
L,7,977,PREDICTION,src/tracking/advanced_tracker.py:kalman_homography,
R,PREDICTION,PREDICTION,1
A,977
S,0,980,DETECTION,src/tracking/advanced_tracker.py:_activate_slot,980_657_1299_903_1443
S,1,980,DETECTION,src/tracking/advanced_tracker.py:_activate_slot,980_504_867_850_1044
S,2,980,CLAMP,src/tracking/advanced_tracker.py:_activate_slot,980_513_1077_817_1254
S,3,980,DETECTION,src/tracking/advanced_tracker.py:_activate_slot,980_315_1116_550_1263
S,4,980,DETECTION,src/tracking/advanced_tracker.py:_activate_slot,980_582_1320_774_1449
S,5,980,DETECTION,src/tracking/advanced_tracker.py:_activate_slot,980_98_708_287_796
S,7,980,PREDICTION,src/tracking/advanced_tracker.py:kalman_homography,
D,0,980
S,1,980,PREDICTION,src/tracking/advanced_tracker.py:id_merge,
D,1,980
S,3,980,PREDICTION,src/tracking/advanced_tracker.py:id_merge,
D,3,980
S,4,980,PREDICTION,src/tracking/advanced_tracker.py:id_merge,
L,2,980,CLAMP,src/tracking/advanced_tracker.py:_activate_slot,980_513_1077_817_1254
R,CLAMP,CLAMP,0
L,4,980,PREDICTION,src/tracking/advanced_tracker.py:id_merge,
R,PREDICTION,PREDICTION,1
L,5,980,DETECTION,src/tracking/advanced_tracker.py:_activate_slot,980_98_708_287_796
R,DETECTION,DETECTION,1
L,7,980,PREDICTION,src/tracking/advanced_tracker.py:kalman_homography,
R,PREDICTION,PREDICTION,1
A,980
S,0,983,DETECTION,src/tracking/advanced_tracker.py:_activate_slot,983_508_1150_786_1264
S,1,983,DETECTION,src/tracking/advanced_tracker.py:_activate_slot,983_492_850_852_996
S,3,983,DETECTION,src/tracking/advanced_tracker.py:_activate_slot,983_317_1161_570_1284
S,4,983,DETECTION,src/tracking/advanced_tracker.py:_activate_slot,983_564_1345_866_1518
S,6,983,DETECTION,src/tracking/advanced_tracker.py:_activate_slot,983_686_1290_903_1440
S,8,983,DETECTION,src/tracking/advanced_tracker.py:_activate_slot,983_171_1461_408_1611
S,9,983,DETECTION,src/tracking/advanced_tracker.py:_activate_slot,983_101_708_288_796
S,2,983,PREDICTION,src/tracking/advanced_tracker.py:kalman_homography,
S,5,983,PREDICTION,src/tracking/advanced_tracker.py:kalman_homography,
S,7,983,PREDICTION,src/tracking/advanced_tracker.py:kalman_homography,
D,0,983
S,1,983,PREDICTION,src/tracking/advanced_tracker.py:id_merge,
D,2,983
S,1,983,PREDICTION,src/tracking/advanced_tracker.py:id_merge,
D,1,983
S,3,983,PREDICTION,src/tracking/advanced_tracker.py:id_merge,
D,3,983
S,4,983,PREDICTION,src/tracking/advanced_tracker.py:id_merge,
D,5,983
S,6,983,PREDICTION,src/tracking/advanced_tracker.py:id_merge,
D,7,983
S,6,983,PREDICTION,src/tracking/advanced_tracker.py:id_merge,
D,6,983
S,8,983,PREDICTION,src/tracking/advanced_tracker.py:id_merge,
L,4,983,PREDICTION,src/tracking/advanced_tracker.py:id_merge,
R,PREDICTION,PREDICTION,1
L,8,983,PREDICTION,src/tracking/advanced_tracker.py:id_merge,
R,PREDICTION,PREDICTION,1
L,9,983,DETECTION,src/tracking/advanced_tracker.py:_activate_slot,983_101_708_288_796
R,DETECTION,DETECTION,1
A,983
S,0,986,DETECTION,src/tracking/advanced_tracker.py:_activate_slot,986_178_1456_407_1603
S,1,986,DETECTION,src/tracking/advanced_tracker.py:_activate_slot,986_480_816_815_945
S,3,986,DETECTION,src/tracking/advanced_tracker.py:_activate_slot,986_332_1170_559_1305
S,4,986,DETECTION,src/tracking/advanced_tracker.py:_activate_slot,986_559_1374_855_1539
S,2,986,CLAMP,src/tracking/advanced_tracker.py:_activate_slot,986_509_1177_773_1315
S,6,986,DETECTION,src/tracking/advanced_tracker.py:_activate_slot,986_687_1282_899_1440
S,9,986,DETECTION,src/tracking/advanced_tracker.py:_activate_slot,986_107_705_291_794
S,5,986,PREDICTION,src/tracking/advanced_tracker.py:kalman_homography,
S,7,986,PREDICTION,src/tracking/advanced_tracker.py:kalman_homography,
S,8,986,PREDICTION,src/tracking/advanced_tracker.py:kalman_homography,
D,0,986
S,1,986,PREDICTION,src/tracking/advanced_tracker.py:id_merge,
D,1,986
S,3,986,PREDICTION,src/tracking/advanced_tracker.py:id_merge,
D,3,986
S,4,986,PREDICTION,src/tracking/advanced_tracker.py:id_merge,
D,5,986
S,6,986,PREDICTION,src/tracking/advanced_tracker.py:id_merge,
D,7,986
S,6,986,PREDICTION,src/tracking/advanced_tracker.py:id_merge,
D,8,986
S,6,986,PREDICTION,src/tracking/advanced_tracker.py:id_merge,
L,2,986,CLAMP,src/tracking/advanced_tracker.py:_activate_slot,986_509_1177_773_1315
R,CLAMP,CLAMP,0
L,4,986,PREDICTION,src/tracking/advanced_tracker.py:id_merge,
R,PREDICTION,PREDICTION,1
L,6,986,PREDICTION,src/tracking/advanced_tracker.py:id_merge,
R,PREDICTION,PREDICTION,1
L,9,986,DETECTION,src/tracking/advanced_tracker.py:_activate_slot,986_107_705_291_794
R,DETECTION,DETECTION,1
A,986
S,0,989,DETECTION,src/tracking/advanced_tracker.py:_activate_slot,989_164_1441_368_1540
S,1,989,DETECTION,src/tracking/advanced_tracker.py:_activate_slot,989_479_805_729_921
S,3,989,DETECTION,src/tracking/advanced_tracker.py:_activate_slot,989_331_1161_573_1344
S,4,989,DETECTION,src/tracking/advanced_tracker.py:_activate_slot,989_557_1411_835_1560
S,6,989,DETECTION,src/tracking/advanced_tracker.py:_activate_slot,989_242_1258_458_1353
S,9,989,DETECTION,src/tracking/advanced_tracker.py:_activate_slot,989_107_703_297_789
S,2,989,PREDICTION,src/tracking/advanced_tracker.py:kalman_homography,
S,5,989,PREDICTION,src/tracking/advanced_tracker.py:kalman_homography,
S,7,989,PREDICTION,src/tracking/advanced_tracker.py:kalman_homography,
S,8,989,PREDICTION,src/tracking/advanced_tracker.py:kalman_homography,
D,0,989
S,1,989,PREDICTION,src/tracking/advanced_tracker.py:id_merge,
D,2,989
S,1,989,PREDICTION,src/tracking/advanced_tracker.py:id_merge,
D,1,989
S,3,989,PREDICTION,src/tracking/advanced_tracker.py:id_merge,
D,3,989
S,4,989,PREDICTION,src/tracking/advanced_tracker.py:id_merge,
D,5,989
S,6,989,PREDICTION,src/tracking/advanced_tracker.py:id_merge,
D,7,989
S,6,989,PREDICTION,src/tracking/advanced_tracker.py:id_merge,
D,8,989
S,6,989,PREDICTION,src/tracking/advanced_tracker.py:id_merge,
L,4,989,PREDICTION,src/tracking/advanced_tracker.py:id_merge,
R,PREDICTION,PREDICTION,1
L,6,989,PREDICTION,src/tracking/advanced_tracker.py:id_merge,
R,PREDICTION,PREDICTION,1
L,9,989,DETECTION,src/tracking/advanced_tracker.py:_activate_slot,989_107_703_297_789
R,DETECTION,DETECTION,1
A,989
S,1,992,DETECTION,src/tracking/advanced_tracker.py:_activate_slot,992_492_771_750_897
S,2,992,CLAMP,src/tracking/advanced_tracker.py:_activate_slot,992_509_1224_764_1359
S,3,992,DETECTION,src/tracking/advanced_tracker.py:_activate_slot,992_271_1171_561_1348
S,4,992,DETECTION,src/tracking/advanced_tracker.py:_activate_slot,992_540_1426_817_1585
S,9,992,DETECTION,src/tracking/advanced_tracker.py:_activate_slot,992_688_1285_904_1438
S,0,992,PREDICTION,src/tracking/advanced_tracker.py:kalman_homography,
S,5,992,PREDICTION,src/tracking/advanced_tracker.py:kalman_homography,
S,6,992,PREDICTION,src/tracking/advanced_tracker.py:kalman_homography,
S,7,992,PREDICTION,src/tracking/advanced_tracker.py:kalman_homography,
S,8,992,PREDICTION,src/tracking/advanced_tracker.py:kalman_homography,
D,0,992
S,1,992,PREDICTION,src/tracking/advanced_tracker.py:id_merge,
D,1,992
S,3,992,PREDICTION,src/tracking/advanced_tracker.py:id_merge,
D,3,992
S,4,992,PREDICTION,src/tracking/advanced_tracker.py:id_merge,
D,5,992
S,6,992,PREDICTION,src/tracking/advanced_tracker.py:id_merge,
D,7,992
S,6,992,PREDICTION,src/tracking/advanced_tracker.py:id_merge,
D,8,992
S,6,992,PREDICTION,src/tracking/advanced_tracker.py:id_merge,
D,6,992
S,9,992,PREDICTION,src/tracking/advanced_tracker.py:id_merge,
L,2,992,CLAMP,src/tracking/advanced_tracker.py:_activate_slot,992_509_1224_764_1359
R,CLAMP,CLAMP,0
L,4,992,PREDICTION,src/tracking/advanced_tracker.py:id_merge,
R,PREDICTION,PREDICTION,1
L,9,992,PREDICTION,src/tracking/advanced_tracker.py:id_merge,
R,PREDICTION,PREDICTION,1
A,992
S,1,995,DETECTION,src/tracking/advanced_tracker.py:_activate_slot,995_504_726_749_876
S,2,995,CLAMP,src/tracking/advanced_tracker.py:_activate_slot,995_521_1236_765_1362
S,3,995,DETECTION,src/tracking/advanced_tracker.py:_activate_slot,995_240_1218_500_1338
S,4,995,DETECTION,src/tracking/advanced_tracker.py:_activate_slot,995_294_1462_546_1612
S,5,995,DETECTION,src/tracking/advanced_tracker.py:_activate_slot,995_525_1416_808_1578
S,0,995,PREDICTION,src/tracking/advanced_tracker.py:kalman_homography,
S,6,995,PREDICTION,src/tracking/advanced_tracker.py:kalman_homography,
S,7,995,PREDICTION,src/tracking/advanced_tracker.py:kalman_homography,
S,8,995,PREDICTION,src/tracking/advanced_tracker.py:kalman_homography,
S,9,995,PREDICTION,src/tracking/advanced_tracker.py:flow_gapfill_batched,
D,0,995
S,1,995,PREDICTION,src/tracking/advanced_tracker.py:id_merge,
D,1,995
S,3,995,PREDICTION,src/tracking/advanced_tracker.py:id_merge,
D,3,995
S,4,995,PREDICTION,src/tracking/advanced_tracker.py:id_merge,
D,6,995
S,5,995,PREDICTION,src/tracking/advanced_tracker.py:id_merge,
D,7,995
S,5,995,PREDICTION,src/tracking/advanced_tracker.py:id_merge,
D,8,995
S,5,995,PREDICTION,src/tracking/advanced_tracker.py:id_merge,
D,9,995
S,5,995,PREDICTION,src/tracking/advanced_tracker.py:id_merge,
L,2,995,CLAMP,src/tracking/advanced_tracker.py:_activate_slot,995_521_1236_765_1362
R,CLAMP,CLAMP,0
L,4,995,PREDICTION,src/tracking/advanced_tracker.py:id_merge,
R,PREDICTION,PREDICTION,1
L,5,995,PREDICTION,src/tracking/advanced_tracker.py:id_merge,
R,PREDICTION,PREDICTION,1
A,995
S,1,998,DETECTION,src/tracking/advanced_tracker.py:_activate_slot,998_502_670_751_858
S,2,998,CLAMP,src/tracking/advanced_tracker.py:_activate_slot,998_511_1233_765_1365
S,3,998,DETECTION,src/tracking/advanced_tracker.py:_activate_slot,998_318_1227_555_1351
S,4,998,DETECTION,src/tracking/advanced_tracker.py:_activate_slot,998_294_1460_547_1665
S,5,998,DETECTION,src/tracking/advanced_tracker.py:_activate_slot,998_97_1114_288_1216
S,6,998,PREDICTION,src/tracking/advanced_tracker.py:kalman_homography,
S,8,998,PREDICTION,src/tracking/advanced_tracker.py:kalman_homography,
S,0,998,PREDICTION,src/tracking/advanced_tracker.py:flow_gapfill_batched,
S,7,998,PREDICTION,src/tracking/advanced_tracker.py:flow_gapfill_batched,
S,9,998,PREDICTION,src/tracking/advanced_tracker.py:flow_gapfill_batched,
D,0,998
S,3,998,PREDICTION,src/tracking/advanced_tracker.py:id_merge,
D,1,998
S,3,998,PREDICTION,src/tracking/advanced_tracker.py:id_merge,
D,3,998
S,4,998,PREDICTION,src/tracking/advanced_tracker.py:id_merge,
D,6,998
S,5,998,PREDICTION,src/tracking/advanced_tracker.py:id_merge,
D,7,998
S,5,998,PREDICTION,src/tracking/advanced_tracker.py:id_merge,
D,8,998
S,5,998,PREDICTION,src/tracking/advanced_tracker.py:id_merge,
D,9,998
S,5,998,PREDICTION,src/tracking/advanced_tracker.py:id_merge,
L,2,998,CLAMP,src/tracking/advanced_tracker.py:_activate_slot,998_511_1233_765_1365
R,CLAMP,CLAMP,0
L,4,998,PREDICTION,src/tracking/advanced_tracker.py:id_merge,
R,PREDICTION,PREDICTION,1
L,5,998,PREDICTION,src/tracking/advanced_tracker.py:id_merge,
R,PREDICTION,PREDICTION,1
A,998
S,1,1001,DETECTION,src/tracking/advanced_tracker.py:_activate_slot,1001_497_640_764_791
S,2,1001,CLAMP,src/tracking/advanced_tracker.py:_activate_slot,1001_493_1227_763_1352
S,3,1001,DETECTION,src/tracking/advanced_tracker.py:_activate_slot,1001_317_1224_536_1362
S,4,1001,DETECTION,src/tracking/advanced_tracker.py:_activate_slot,1001_291_1473_548_1653
S,5,1001,PREDICTION,src/tracking/advanced_tracker.py:kalman_homography,
S,8,1001,PREDICTION,src/tracking/advanced_tracker.py:kalman_homography,
S,0,1001,PREDICTION,src/tracking/advanced_tracker.py:flow_gapfill_batched,
S,6,1001,PREDICTION,src/tracking/advanced_tracker.py:flow_gapfill_batched,
S,9,1001,PREDICTION,src/tracking/advanced_tracker.py:flow_gapfill_batched,
D,0,1001
S,3,1001,PREDICTION,src/tracking/advanced_tracker.py:id_merge,
D,3,1001
S,4,1001,PREDICTION,src/tracking/advanced_tracker.py:id_merge,
D,6,1001
S,5,1001,PREDICTION,src/tracking/advanced_tracker.py:id_merge,
D,8,1001
S,5,1001,PREDICTION,src/tracking/advanced_tracker.py:id_merge,
D,9,1001
S,5,1001,PREDICTION,src/tracking/advanced_tracker.py:id_merge,
L,1,1001,DETECTION,src/tracking/advanced_tracker.py:_activate_slot,1001_497_640_764_791
R,DETECTION,DETECTION,1
L,2,1001,CLAMP,src/tracking/advanced_tracker.py:_activate_slot,1001_493_1227_763_1352
R,CLAMP,CLAMP,0
L,4,1001,PREDICTION,src/tracking/advanced_tracker.py:id_merge,
R,PREDICTION,SUBPIXEL,0
L,5,1001,PREDICTION,src/tracking/advanced_tracker.py:id_merge,
R,PREDICTION,PREDICTION,1
A,1001
S,1,1004,DETECTION,src/tracking/advanced_tracker.py:_activate_slot,1004_494_581_771_750
S,2,1004,CLAMP,src/tracking/advanced_tracker.py:_activate_slot,1004_479_1215_752_1356
S,3,1004,DETECTION,src/tracking/advanced_tracker.py:_activate_slot,1004_323_1215_540_1356
S,4,1004,DETECTION,src/tracking/advanced_tracker.py:_activate_slot,1004_296_1506_549_1650
S,5,1004,PREDICTION,src/tracking/advanced_tracker.py:kalman_homography,
S,8,1004,PREDICTION,src/tracking/advanced_tracker.py:kalman_homography,
S,0,1004,PREDICTION,src/tracking/advanced_tracker.py:flow_gapfill_batched,
S,6,1004,PREDICTION,src/tracking/advanced_tracker.py:flow_gapfill_batched,
S,9,1004,PREDICTION,src/tracking/advanced_tracker.py:flow_gapfill_batched,
D,0,1004
S,3,1004,PREDICTION,src/tracking/advanced_tracker.py:id_merge,
D,3,1004
S,4,1004,PREDICTION,src/tracking/advanced_tracker.py:id_merge,
D,6,1004
S,5,1004,PREDICTION,src/tracking/advanced_tracker.py:id_merge,
D,8,1004
S,5,1004,PREDICTION,src/tracking/advanced_tracker.py:id_merge,
D,9,1004
S,5,1004,PREDICTION,src/tracking/advanced_tracker.py:id_merge,
L,1,1004,DETECTION,src/tracking/advanced_tracker.py:_activate_slot,1004_494_581_771_750
R,DETECTION,DETECTION,1
L,4,1004,PREDICTION,src/tracking/advanced_tracker.py:id_merge,
R,PREDICTION,SUBPIXEL,0
L,5,1004,PREDICTION,src/tracking/advanced_tracker.py:id_merge,
R,PREDICTION,PREDICTION,1
A,1004
S,1,1007,DETECTION,src/tracking/advanced_tracker.py:_activate_slot,1007_504_581_783_720
S,2,1007,DETECTION,src/tracking/advanced_tracker.py:_activate_slot,1007_514_1351_763_1557
S,3,1007,DETECTION,src/tracking/advanced_tracker.py:_activate_slot,1007_327_1220_582_1361
S,4,1007,DETECTION,src/tracking/advanced_tracker.py:_activate_slot,1007_275_1527_540_1641
S,5,1007,PREDICTION,src/tracking/advanced_tracker.py:kalman_homography,
S,0,1007,PREDICTION,src/tracking/advanced_tracker.py:flow_gapfill_batched,
S,6,1007,PREDICTION,src/tracking/advanced_tracker.py:flow_gapfill_batched,
S,8,1007,PREDICTION,src/tracking/advanced_tracker.py:flow_gapfill_batched,
S,9,1007,PREDICTION,src/tracking/advanced_tracker.py:flow_gapfill_batched,
D,0,1007
S,2,1007,PREDICTION,src/tracking/advanced_tracker.py:id_merge,
D,2,1007
S,3,1007,PREDICTION,src/tracking/advanced_tracker.py:id_merge,
D,3,1007
S,4,1007,PREDICTION,src/tracking/advanced_tracker.py:id_merge,
D,6,1007
S,5,1007,PREDICTION,src/tracking/advanced_tracker.py:id_merge,
D,8,1007
S,5,1007,PREDICTION,src/tracking/advanced_tracker.py:id_merge,
D,9,1007
S,5,1007,PREDICTION,src/tracking/advanced_tracker.py:id_merge,
L,1,1007,DETECTION,src/tracking/advanced_tracker.py:_activate_slot,1007_504_581_783_720
R,DETECTION,DETECTION,1
L,4,1007,PREDICTION,src/tracking/advanced_tracker.py:id_merge,
R,PREDICTION,SUBPIXEL,0
L,5,1007,PREDICTION,src/tracking/advanced_tracker.py:id_merge,
R,PREDICTION,PREDICTION,1
A,1007
S,3,1010,DETECTION,src/tracking/advanced_tracker.py:_activate_slot,1010_332_1226_585_1358
S,4,1010,DETECTION,src/tracking/advanced_tracker.py:_activate_slot,1010_274_1530_542_1650
S,2,1010,PREDICTION,src/tracking/advanced_tracker.py:kalman_homography,
S,5,1010,PREDICTION,src/tracking/advanced_tracker.py:kalman_homography,
S,0,1010,PREDICTION,src/tracking/advanced_tracker.py:flow_gapfill_batched,
S,1,1010,PREDICTION,src/tracking/advanced_tracker.py:flow_gapfill_batched,
S,6,1010,PREDICTION,src/tracking/advanced_tracker.py:flow_gapfill_batched,
S,9,1010,PREDICTION,src/tracking/advanced_tracker.py:flow_gapfill_batched,
D,0,1010
S,2,1010,PREDICTION,src/tracking/advanced_tracker.py:id_merge,
D,2,1010
S,3,1010,PREDICTION,src/tracking/advanced_tracker.py:id_merge,
D,3,1010
S,4,1010,PREDICTION,src/tracking/advanced_tracker.py:id_merge,
D,6,1010
S,5,1010,PREDICTION,src/tracking/advanced_tracker.py:id_merge,
D,9,1010
S,5,1010,PREDICTION,src/tracking/advanced_tracker.py:id_merge,
L,1,1010,PREDICTION,src/tracking/advanced_tracker.py:flow_gapfill_batched,
R,PREDICTION,PREDICTION,1
L,4,1010,PREDICTION,src/tracking/advanced_tracker.py:id_merge,
R,PREDICTION,SUBPIXEL,0
L,5,1010,PREDICTION,src/tracking/advanced_tracker.py:id_merge,
R,PREDICTION,PREDICTION,1
A,1010
S,2,1013,DETECTION,src/tracking/advanced_tracker.py:_activate_slot,1013_531_1304_761_1521
S,3,1013,DETECTION,src/tracking/advanced_tracker.py:_activate_slot,1013_335_1224_588_1359
S,4,1013,DETECTION,src/tracking/advanced_tracker.py:_activate_slot,1013_291_1525_552_1672
S,0,1013,PREDICTION,src/tracking/advanced_tracker.py:flow_gapfill_batched,
S,1,1013,PREDICTION,src/tracking/advanced_tracker.py:flow_gapfill_batched,
S,5,1013,PREDICTION,src/tracking/advanced_tracker.py:flow_gapfill_batched,
S,6,1013,PREDICTION,src/tracking/advanced_tracker.py:flow_gapfill_batched,
S,9,1013,PREDICTION,src/tracking/advanced_tracker.py:flow_gapfill_batched,
D,0,1013
S,2,1013,PREDICTION,src/tracking/advanced_tracker.py:id_merge,
D,2,1013
S,3,1013,PREDICTION,src/tracking/advanced_tracker.py:id_merge,
D,3,1013
S,4,1013,PREDICTION,src/tracking/advanced_tracker.py:id_merge,
D,6,1013
S,5,1013,PREDICTION,src/tracking/advanced_tracker.py:id_merge,
D,9,1013
S,5,1013,PREDICTION,src/tracking/advanced_tracker.py:id_merge,
L,1,1013,PREDICTION,src/tracking/advanced_tracker.py:flow_gapfill_batched,
R,CLAMP,CLAMP,0
L,4,1013,PREDICTION,src/tracking/advanced_tracker.py:id_merge,
R,PREDICTION,PREDICTION,1
L,5,1013,PREDICTION,src/tracking/advanced_tracker.py:id_merge,
R,PREDICTION,PREDICTION,1
A,1013
S,2,1016,DETECTION,src/tracking/advanced_tracker.py:_activate_slot,1016_545_1314_762_1460
S,3,1016,DETECTION,src/tracking/advanced_tracker.py:_activate_slot,1016_332_1221_579_1356
S,4,1016,DETECTION,src/tracking/advanced_tracker.py:_activate_slot,1016_294_1520_549_1671
S,5,1016,PREDICTION,src/tracking/advanced_tracker.py:flow_gapfill_batched,
S,9,1016,PREDICTION,src/tracking/advanced_tracker.py:flow_gapfill_batched,
D,2,1016
S,3,1016,PREDICTION,src/tracking/advanced_tracker.py:id_merge,
D,3,1016
S,4,1016,PREDICTION,src/tracking/advanced_tracker.py:id_merge,
D,9,1016
S,5,1016,PREDICTION,src/tracking/advanced_tracker.py:id_merge,
L,4,1016,PREDICTION,src/tracking/advanced_tracker.py:id_merge,
R,PREDICTION,PREDICTION,1
L,5,1016,PREDICTION,src/tracking/advanced_tracker.py:id_merge,
R,PREDICTION,PREDICTION,1
A,1016
S,2,1019,DETECTION,src/tracking/advanced_tracker.py:_activate_slot,1019_520_1255_733_1375
S,3,1019,DETECTION,src/tracking/advanced_tracker.py:_activate_slot,1019_332_1209_581_1350
S,4,1019,DETECTION,src/tracking/advanced_tracker.py:_activate_slot,1019_297_1524_552_1662
S,7,1019,DETECTION,src/tracking/advanced_tracker.py:_activate_slot,1019_107_1020_440_1135
S,1,1019,PREDICTION,src/tracking/advanced_tracker.py:flow_gapfill_batched,
S,5,1019,PREDICTION,src/tracking/advanced_tracker.py:flow_gapfill_batched,
D,2,1019
S,3,1019,PREDICTION,src/tracking/advanced_tracker.py:id_merge,
D,3,1019
S,4,1019,PREDICTION,src/tracking/advanced_tracker.py:id_merge,
D,5,1019
S,7,1019,PREDICTION,src/tracking/advanced_tracker.py:id_merge,
L,1,1019,PREDICTION,src/tracking/advanced_tracker.py:flow_gapfill_batched,
R,PREDICTION,PREDICTION,1
L,4,1019,PREDICTION,src/tracking/advanced_tracker.py:id_merge,
R,PREDICTION,PREDICTION,1
L,7,1019,PREDICTION,src/tracking/advanced_tracker.py:id_merge,
R,PREDICTION,PREDICTION,1
A,1019
S,2,1022,DETECTION,src/tracking/advanced_tracker.py:_activate_slot,1022_446_1209_767_1332
S,3,1022,DETECTION,src/tracking/advanced_tracker.py:_activate_slot,1022_334_1207_491_1345
S,4,1022,DETECTION,src/tracking/advanced_tracker.py:_activate_slot,1022_300_1530_551_1656
S,7,1022,DETECTION,src/tracking/advanced_tracker.py:_activate_slot,1022_112_1008_430_1119
S,5,1022,PREDICTION,src/tracking/advanced_tracker.py:flow_gapfill_batched,
D,2,1022
S,3,1022,PREDICTION,src/tracking/advanced_tracker.py:id_merge,
D,3,1022
S,4,1022,PREDICTION,src/tracking/advanced_tracker.py:id_merge,
D,5,1022
S,7,1022,PREDICTION,src/tracking/advanced_tracker.py:id_merge,
L,4,1022,PREDICTION,src/tracking/advanced_tracker.py:id_merge,
R,PREDICTION,SUBPIXEL,0
L,7,1022,PREDICTION,src/tracking/advanced_tracker.py:id_merge,
R,PREDICTION,PREDICTION,1
A,1022
