S,0,3249,DETECTION,src/tracking/advanced_tracker.py:_activate_slot,3249_253_305_424_389
S,1,3249,DETECTION,src/tracking/advanced_tracker.py:_activate_slot,3249_215_863_374_940
S,2,3249,DETECTION,src/tracking/advanced_tracker.py:_activate_slot,3249_190_507_354_580
S,3,3249,DETECTION,src/tracking/advanced_tracker.py:_activate_slot,3249_387_715_544_815
S,4,3249,DETECTION,src/tracking/advanced_tracker.py:_activate_slot,3249_70_545_225_621
D,0,3249
S,1,3249,PREDICTION,src/tracking/advanced_tracker.py:id_merge,
D,1,3249
S,2,3249,PREDICTION,src/tracking/advanced_tracker.py:id_merge,
D,2,3249
S,3,3249,PREDICTION,src/tracking/advanced_tracker.py:id_merge,
L,3,3249,PREDICTION,src/tracking/advanced_tracker.py:id_merge,
R,PREDICTION,PREDICTION,1
L,4,3249,DETECTION,src/tracking/advanced_tracker.py:_activate_slot,3249_70_545_225_621
R,DETECTION,DETECTION,1
A,3249
S,0,3255,DETECTION,src/tracking/advanced_tracker.py:_activate_slot,3255_253_306_423_389
S,1,3255,DETECTION,src/tracking/advanced_tracker.py:_activate_slot,3255_216_864_375_940
S,2,3255,DETECTION,src/tracking/advanced_tracker.py:_activate_slot,3255_188_509_353_581
S,3,3255,DETECTION,src/tracking/advanced_tracker.py:_activate_slot,3255_384_722_543_820
S,4,3255,DETECTION,src/tracking/advanced_tracker.py:_activate_slot,3255_69_547_223_630
D,0,3255
S,1,3255,PREDICTION,src/tracking/advanced_tracker.py:id_merge,
D,1,3255
S,2,3255,PREDICTION,src/tracking/advanced_tracker.py:id_merge,
D,2,3255
S,3,3255,PREDICTION,src/tracking/advanced_tracker.py:id_merge,
L,3,3255,PREDICTION,src/tracking/advanced_tracker.py:id_merge,
R,PREDICTION,SUBPIXEL,0
L,4,3255,DETECTION,src/tracking/advanced_tracker.py:_activate_slot,3255_69_547_223_630
R,DETECTION,DETECTION,1
A,3255
S,0,3261,DETECTION,src/tracking/advanced_tracker.py:_activate_slot,3261_253_306_424_389
S,1,3261,DETECTION,src/tracking/advanced_tracker.py:_activate_slot,3261_217_863_374_939
S,2,3261,DETECTION,src/tracking/advanced_tracker.py:_activate_slot,3261_186_507_349_584
S,3,3261,DETECTION,src/tracking/advanced_tracker.py:_activate_slot,3261_382_729_543_823
S,4,3261,DETECTION,src/tracking/advanced_tracker.py:_activate_slot,3261_63_558_218_634
S,5,3261,DETECTION,src/tracking/advanced_tracker.py:_activate_slot,3261_268_776_420_870
S,6,3261,DETECTION,src/tracking/advanced_tracker.py:_activate_slot,3261_161_799_303_875
S,7,3261,DETECTION,src/tracking/advanced_tracker.py:_activate_slot,3261_-12_425_155_502
D,0,3261
S,1,3261,PREDICTION,src/tracking/advanced_tracker.py:id_merge,
D,1,3261
S,2,3261,PREDICTION,src/tracking/advanced_tracker.py:id_merge,
D,2,3261
S,3,3261,PREDICTION,src/tracking/advanced_tracker.py:id_merge,
D,5,3261
S,7,3261,PREDICTION,src/tracking/advanced_tracker.py:id_merge,
D,6,3261
S,7,3261,PREDICTION,src/tracking/advanced_tracker.py:id_merge,
L,3,3261,PREDICTION,src/tracking/advanced_tracker.py:id_merge,
R,PREDICTION,PREDICTION,1
L,4,3261,DETECTION,src/tracking/advanced_tracker.py:_activate_slot,3261_63_558_218_634
R,DETECTION,DETECTION,1
L,7,3261,PREDICTION,src/tracking/advanced_tracker.py:id_merge,
R,PREDICTION,PREDICTION,1
A,3261
S,0,3267,DETECTION,src/tracking/advanced_tracker.py:_activate_slot,3267_253_307_423_390
S,1,3267,DETECTION,src/tracking/advanced_tracker.py:_activate_slot,3267_216_863_374_939
S,2,3267,DETECTION,src/tracking/advanced_tracker.py:_activate_slot,3267_158_791_298_881
S,3,3267,DETECTION,src/tracking/advanced_tracker.py:_activate_slot,3267_383_730_543_824
S,8,3267,DETECTION,src/tracking/advanced_tracker.py:_activate_slot,3267_57_566_207_638
S,5,3267,DETECTION,src/tracking/advanced_tracker.py:_activate_slot,3267_269_790_435_878
S,4,3267,PREDICTION,src/tracking/advanced_tracker.py:kalman_homography,
S,6,3267,PREDICTION,src/tracking/advanced_tracker.py:kalman_homography,
S,7,3267,PREDICTION,src/tracking/advanced_tracker.py:kalman_homography,
D,0,3267
S,1,3267,PREDICTION,src/tracking/advanced_tracker.py:id_merge,
D,1,3267
S,2,3267,PREDICTION,src/tracking/advanced_tracker.py:id_merge,
D,4,3267
S,2,3267,PREDICTION,src/tracking/advanced_tracker.py:id_merge,
D,7,3267
S,5,3267,PREDICTION,src/tracking/advanced_tracker.py:id_merge,
D,6,3267
S,8,3267,PREDICTION,src/tracking/advanced_tracker.py:id_merge,
L,2,3267,PREDICTION,src/tracking/advanced_tracker.py:id_merge,
R,PREDICTION,PREDICTION,1
L,3,3267,DETECTION,src/tracking/advanced_tracker.py:_activate_slot,3267_383_730_543_824
R,DETECTION,SUBPIXEL,0
L,5,3267,PREDICTION,src/tracking/advanced_tracker.py:id_merge,
R,PREDICTION,PREDICTION,1
L,8,3267,PREDICTION,src/tracking/advanced_tracker.py:id_merge,
R,PREDICTION,PREDICTION,1
A,3267
S,0,3273,DETECTION,src/tracking/advanced_tracker.py:_activate_slot,3273_252_306_423_390
S,1,3273,DETECTION,src/tracking/advanced_tracker.py:_activate_slot,3273_214_861_376_938
S,2,3273,DETECTION,src/tracking/advanced_tracker.py:_activate_slot,3273_159_788_302_882
S,3,3273,DETECTION,src/tracking/advanced_tracker.py:_activate_slot,3273_383_729_544_821
S,8,3273,DETECTION,src/tracking/advanced_tracker.py:_activate_slot,3273_51_566_204_645
S,5,3273,DETECTION,src/tracking/advanced_tracker.py:_activate_slot,3273_263_805_418_876
S,4,3273,PREDICTION,src/tracking/advanced_tracker.py:kalman_homography,
S,6,3273,PREDICTION,src/tracking/advanced_tracker.py:kalman_homography,
S,7,3273,PREDICTION,src/tracking/advanced_tracker.py:kalman_homography,
D,0,3273
S,1,3273,PREDICTION,src/tracking/advanced_tracker.py:id_merge,
D,1,3273
S,2,3273,PREDICTION,src/tracking/advanced_tracker.py:id_merge,
D,4,3273
S,2,3273,PREDICTION,src/tracking/advanced_tracker.py:id_merge,
D,7,3273
S,5,3273,PREDICTION,src/tracking/advanced_tracker.py:id_merge,
D,5,3273
S,8,3273,PREDICTION,src/tracking/advanced_tracker.py:id_merge,
D,6,3273
S,8,3273,PREDICTION,src/tracking/advanced_tracker.py:id_merge,
L,2,3273,PREDICTION,src/tracking/advanced_tracker.py:id_merge,
R,PREDICTION,PREDICTION,1
L,3,3273,DETECTION,src/tracking/advanced_tracker.py:_activate_slot,3273_383_729_544_821
R,DETECTION,SUBPIXEL,0
L,8,3273,PREDICTION,src/tracking/advanced_tracker.py:id_merge,
R,PREDICTION,PREDICTION,1
A,3273
S,0,3279,DETECTION,src/tracking/advanced_tracker.py:_activate_slot,3279_252_306_423_390
S,1,3279,DETECTION,src/tracking/advanced_tracker.py:_activate_slot,3279_214_859_380_937
S,2,3279,DETECTION,src/tracking/advanced_tracker.py:_activate_slot,3279_-15_425_155_503
S,3,3279,DETECTION,src/tracking/advanced_tracker.py:_activate_slot,3279_382_728_544_820
S,5,3279,DETECTION,src/tracking/advanced_tracker.py:_activate_slot,3279_259_808_389_876
S,8,3279,DETECTION,src/tracking/advanced_tracker.py:_activate_slot,3279_57_570_197_658
S,4,3279,PREDICTION,src/tracking/advanced_tracker.py:kalman_homography,
S,6,3279,PREDICTION,src/tracking/advanced_tracker.py:kalman_homography,
S,7,3279,PREDICTION,src/tracking/advanced_tracker.py:kalman_homography,
D,0,3279
S,1,3279,PREDICTION,src/tracking/advanced_tracker.py:id_merge,
D,1,3279
S,2,3279,PREDICTION,src/tracking/advanced_tracker.py:id_merge,
D,4,3279
S,2,3279,PREDICTION,src/tracking/advanced_tracker.py:id_merge,
D,6,3279
S,5,3279,PREDICTION,src/tracking/advanced_tracker.py:id_merge,
D,7,3279
S,5,3279,PREDICTION,src/tracking/advanced_tracker.py:id_merge,
D,5,3279
S,8,3279,PREDICTION,src/tracking/advanced_tracker.py:id_merge,
L,2,3279,PREDICTION,src/tracking/advanced_tracker.py:id_merge,
R,PREDICTION,PREDICTION,1
L,3,3279,DETECTION,src/tracking/advanced_tracker.py:_activate_slot,3279_382_728_544_820
R,DETECTION,SUBPIXEL,0
L,8,3279,PREDICTION,src/tracking/advanced_tracker.py:id_merge,
R,PREDICTION,PREDICTION,1
A,3279
S,0,3285,DETECTION,src/tracking/advanced_tracker.py:_activate_slot,3285_252_306_423_390
S,1,3285,DETECTION,src/tracking/advanced_tracker.py:_activate_slot,3285_24_508_177_585
S,2,3285,DETECTION,src/tracking/advanced_tracker.py:_activate_slot,3285_-15_425_155_503
S,3,3285,DETECTION,src/tracking/advanced_tracker.py:_activate_slot,3285_382_728_545_815
S,5,3285,DETECTION,src/tracking/advanced_tracker.py:_activate_slot,3285_235_807_386_881
S,6,3285,DETECTION,src/tracking/advanced_tracker.py:_activate_slot,3285_212_860_383_938
S,8,3285,DETECTION,src/tracking/advanced_tracker.py:_activate_slot,3285_62_575_193_660
S,4,3285,PREDICTION,src/tracking/advanced_tracker.py:kalman_homography,
S,7,3285,PREDICTION,src/tracking/advanced_tracker.py:kalman_homography,
D,0,3285
S,3,3285,PREDICTION,src/tracking/advanced_tracker.py:id_merge,
D,1,3285
S,2,3285,PREDICTION,src/tracking/advanced_tracker.py:id_merge,
D,4,3285
S,2,3285,PREDICTION,src/tracking/advanced_tracker.py:id_merge,
D,5,3285
S,6,3285,PREDICTION,src/tracking/advanced_tracker.py:id_merge,
D,7,3285
S,6,3285,PREDICTION,src/tracking/advanced_tracker.py:id_merge,
D,6,3285
S,8,3285,PREDICTION,src/tracking/advanced_tracker.py:id_merge,
L,2,3285,PREDICTION,src/tracking/advanced_tracker.py:id_merge,
R,PREDICTION,SUBPIXEL,0
L,3,3285,PREDICTION,src/tracking/advanced_tracker.py:id_merge,
R,PREDICTION,SUBPIXEL,0
L,8,3285,PREDICTION,src/tracking/advanced_tracker.py:id_merge,
R,PREDICTION,PREDICTION,1
A,3285
S,0,3291,DETECTION,src/tracking/advanced_tracker.py:_activate_slot,3291_252_306_423_390
S,2,3291,DETECTION,src/tracking/advanced_tracker.py:_activate_slot,3291_204_861_383_940
S,3,3291,DETECTION,src/tracking/advanced_tracker.py:_activate_slot,3291_382_728_544_814
S,5,3291,DETECTION,src/tracking/advanced_tracker.py:_activate_slot,3291_171_808_406_892
S,8,3291,DETECTION,src/tracking/advanced_tracker.py:_activate_slot,3291_61_582_193_660
S,9,3291,DETECTION,src/tracking/advanced_tracker.py:_activate_slot,3291_230_807_398_883
S,1,3291,PREDICTION,src/tracking/advanced_tracker.py:kalman_homography,
S,4,3291,PREDICTION,src/tracking/advanced_tracker.py:kalman_homography,
S,6,3291,PREDICTION,src/tracking/advanced_tracker.py:kalman_homography,
S,7,3291,PREDICTION,src/tracking/advanced_tracker.py:kalman_homography,
D,0,3291
S,2,3291,PREDICTION,src/tracking/advanced_tracker.py:id_merge,
D,1,3291
S,2,3291,PREDICTION,src/tracking/advanced_tracker.py:id_merge,
D,4,3291
S,2,3291,PREDICTION,src/tracking/advanced_tracker.py:id_merge,
D,6,3291
S,5,3291,PREDICTION,src/tracking/advanced_tracker.py:id_merge,
D,7,3291
S,5,3291,PREDICTION,src/tracking/advanced_tracker.py:id_merge,
D,5,3291
S,8,3291,PREDICTION,src/tracking/advanced_tracker.py:id_merge,
D,8,3291
S,9,3291,PREDICTION,src/tracking/advanced_tracker.py:id_merge,
L,2,3291,PREDICTION,src/tracking/advanced_tracker.py:id_merge,
R,PREDICTION,PREDICTION,1
L,3,3291,DETECTION,src/tracking/advanced_tracker.py:_activate_slot,3291_382_728_544_814
R,DETECTION,SUBPIXEL,0
L,9,3291,PREDICTION,src/tracking/advanced_tracker.py:id_merge,
R,PREDICTION,PREDICTION,1
A,3291
S,0,3297,DETECTION,src/tracking/advanced_tracker.py:_activate_slot,3297_252_306_423_390
S,3,3297,DETECTION,src/tracking/advanced_tracker.py:_activate_slot,3297_382_728_545_814
S,6,3297,DETECTION,src/tracking/advanced_tracker.py:_activate_slot,3297_180_515_346_595
S,8,3297,DETECTION,src/tracking/advanced_tracker.py:_activate_slot,3297_53_584_193_659
S,1,3297,PREDICTION,src/tracking/advanced_tracker.py:kalman_homography,
S,2,3297,PREDICTION,src/tracking/advanced_tracker.py:kalman_homography,
S,4,3297,PREDICTION,src/tracking/advanced_tracker.py:kalman_homography,
S,5,3297,PREDICTION,src/tracking/advanced_tracker.py:kalman_homography,
S,7,3297,PREDICTION,src/tracking/advanced_tracker.py:kalman_homography,
S,9,3297,PREDICTION,src/tracking/advanced_tracker.py:kalman_homography,
D,2,3297
S,0,3297,PREDICTION,src/tracking/advanced_tracker.py:id_merge,
D,0,3297
S,3,3297,PREDICTION,src/tracking/advanced_tracker.py:id_merge,
D,4,3297
S,1,3297,PREDICTION,src/tracking/advanced_tracker.py:id_merge,
D,5,3297
S,6,3297,PREDICTION,src/tracking/advanced_tracker.py:id_merge,
D,7,3297
S,6,3297,PREDICTION,src/tracking/advanced_tracker.py:id_merge,
D,6,3297
S,8,3297,PREDICTION,src/tracking/advanced_tracker.py:id_merge,
L,1,3297,PREDICTION,src/tracking/advanced_tracker.py:id_merge,
R,PREDICTION,PREDICTION,1
L,3,3297,PREDICTION,src/tracking/advanced_tracker.py:id_merge,
R,PREDICTION,SUBPIXEL,0
L,8,3297,PREDICTION,src/tracking/advanced_tracker.py:id_merge,
R,PREDICTION,PREDICTION,1
L,9,3297,PREDICTION,src/tracking/advanced_tracker.py:kalman_homography,
R,PREDICTION,PREDICTION,1
A,3297
S,0,3303,DETECTION,src/tracking/advanced_tracker.py:_activate_slot,3303_252_307_422_389
S,3,3303,DETECTION,src/tracking/advanced_tracker.py:_activate_slot,3303_382_729_545_815
S,8,3303,DETECTION,src/tracking/advanced_tracker.py:_activate_slot,3303_54_586_202_662
S,1,3303,PREDICTION,src/tracking/advanced_tracker.py:kalman_homography,
S,2,3303,PREDICTION,src/tracking/advanced_tracker.py:kalman_homography,
S,4,3303,PREDICTION,src/tracking/advanced_tracker.py:kalman_homography,
S,5,3303,PREDICTION,src/tracking/advanced_tracker.py:kalman_homography,
S,6,3303,PREDICTION,src/tracking/advanced_tracker.py:kalman_homography,
S,7,3303,PREDICTION,src/tracking/advanced_tracker.py:kalman_homography,
S,9,3303,PREDICTION,src/tracking/advanced_tracker.py:kalman_homography,
D,2,3303
S,0,3303,PREDICTION,src/tracking/advanced_tracker.py:id_merge,
D,0,3303
S,3,3303,PREDICTION,src/tracking/advanced_tracker.py:id_merge,
D,4,3303
S,1,3303,PREDICTION,src/tracking/advanced_tracker.py:id_merge,
D,5,3303
S,6,3303,PREDICTION,src/tracking/advanced_tracker.py:id_merge,
D,7,3303
S,6,3303,PREDICTION,src/tracking/advanced_tracker.py:id_merge,
D,6,3303
S,8,3303,PREDICTION,src/tracking/advanced_tracker.py:id_merge,
D,9,3303
S,8,3303,PREDICTION,src/tracking/advanced_tracker.py:id_merge,
L,1,3303,PREDICTION,src/tracking/advanced_tracker.py:id_merge,
R,PREDICTION,PREDICTION,1
L,3,3303,PREDICTION,src/tracking/advanced_tracker.py:id_merge,
R,PREDICTION,SUBPIXEL,0
L,8,3303,PREDICTION,src/tracking/advanced_tracker.py:id_merge,
R,PREDICTION,PREDICTION,1
A,3303
S,0,3309,DETECTION,src/tracking/advanced_tracker.py:_activate_slot,3309_252_307_421_389
S,3,3309,DETECTION,src/tracking/advanced_tracker.py:_activate_slot,3309_382_729_542_815
S,8,3309,DETECTION,src/tracking/advanced_tracker.py:_activate_slot,3309_60_587_201_677
S,9,3309,DETECTION,src/tracking/advanced_tracker.py:_activate_slot,3309_250_785_439_887
S,2,3309,PREDICTION,src/tracking/advanced_tracker.py:kalman_homography,
S,5,3309,PREDICTION,src/tracking/advanced_tracker.py:kalman_homography,
S,6,3309,PREDICTION,src/tracking/advanced_tracker.py:kalman_homography,
S,1,3309,PREDICTION,src/tracking/advanced_tracker.py:flow_gapfill_batched,
S,4,3309,PREDICTION,src/tracking/advanced_tracker.py:flow_gapfill_batched,
S,7,3309,PREDICTION,src/tracking/advanced_tracker.py:flow_gapfill_batched,
D,0,3309
S,3,3309,PREDICTION,src/tracking/advanced_tracker.py:id_merge,
D,4,3309
S,1,3309,PREDICTION,src/tracking/advanced_tracker.py:id_merge,
D,5,3309
S,6,3309,PREDICTION,src/tracking/advanced_tracker.py:id_merge,
D,7,3309
S,6,3309,PREDICTION,src/tracking/advanced_tracker.py:id_merge,
D,6,3309
S,9,3309,PREDICTION,src/tracking/advanced_tracker.py:id_merge,
L,1,3309,PREDICTION,src/tracking/advanced_tracker.py:id_merge,
R,PREDICTION,PREDICTION,1
L,2,3309,PREDICTION,src/tracking/advanced_tracker.py:kalman_homography,
R,PREDICTION,PREDICTION,1
L,3,3309,PREDICTION,src/tracking/advanced_tracker.py:id_merge,
R,PREDICTION,PREDICTION,1
L,8,3309,DETECTION,src/tracking/advanced_tracker.py:_activate_slot,3309_60_587_201_677
R,DETECTION,DETECTION,1
L,9,3309,PREDICTION,src/tracking/advanced_tracker.py:id_merge,
R,PREDICTION,PREDICTION,1
A,3309
S,0,3315,DETECTION,src/tracking/advanced_tracker.py:_activate_slot,3315_252_306_422_389
S,3,3315,DETECTION,src/tracking/advanced_tracker.py:_activate_slot,3315_382_730_543_816
S,8,3315,DETECTION,src/tracking/advanced_tracker.py:_activate_slot,3315_60_586_203_680
S,9,3315,DETECTION,src/tracking/advanced_tracker.py:_activate_slot,3315_267_791_407_880
S,2,3315,PREDICTION,src/tracking/advanced_tracker.py:kalman_homography,
S,5,3315,PREDICTION,src/tracking/advanced_tracker.py:kalman_homography,
S,6,3315,PREDICTION,src/tracking/advanced_tracker.py:kalman_homography,
S,1,3315,PREDICTION,src/tracking/advanced_tracker.py:flow_gapfill_batched,
D,0,3315
S,3,3315,PREDICTION,src/tracking/advanced_tracker.py:id_merge,
D,5,3315
S,8,3315,PREDICTION,src/tracking/advanced_tracker.py:id_merge,
D,6,3315
S,9,3315,PREDICTION,src/tracking/advanced_tracker.py:id_merge,
D,8,3315
S,9,3315,PREDICTION,src/tracking/advanced_tracker.py:id_merge,
L,1,3315,PREDICTION,src/tracking/advanced_tracker.py:flow_gapfill_batched,
R,PREDICTION,PREDICTION,1
L,2,3315,PREDICTION,src/tracking/advanced_tracker.py:kalman_homography,
R,CLAMP,CLAMP,0
L,3,3315,PREDICTION,src/tracking/advanced_tracker.py:id_merge,
R,PREDICTION,PREDICTION,1
L,9,3315,PREDICTION,src/tracking/advanced_tracker.py:id_merge,
R,PREDICTION,PREDICTION,1
A,3315
S,0,3321,DETECTION,src/tracking/advanced_tracker.py:_activate_slot,3321_251_303_425_388
S,3,3321,DETECTION,src/tracking/advanced_tracker.py:_activate_slot,3321_172_530_341_626
S,8,3321,DETECTION,src/tracking/advanced_tracker.py:_activate_slot,3321_60_593_205_675
S,9,3321,DETECTION,src/tracking/advanced_tracker.py:_activate_slot,3321_234_792_408_868
S,2,3321,PREDICTION,src/tracking/advanced_tracker.py:kalman_homography,
S,5,3321,PREDICTION,src/tracking/advanced_tracker.py:kalman_homography,
S,6,3321,PREDICTION,src/tracking/advanced_tracker.py:kalman_homography,
S,1,3321,PREDICTION,src/tracking/advanced_tracker.py:flow_gapfill_batched,
D,0,3321
S,3,3321,PREDICTION,src/tracking/advanced_tracker.py:id_merge,
D,1,3321
S,2,3321,PREDICTION,src/tracking/advanced_tracker.py:id_merge,
D,5,3321
S,8,3321,PREDICTION,src/tracking/advanced_tracker.py:id_merge,
D,6,3321
S,9,3321,PREDICTION,src/tracking/advanced_tracker.py:id_merge,
D,8,3321
S,9,3321,PREDICTION,src/tracking/advanced_tracker.py:id_merge,
L,2,3321,PREDICTION,src/tracking/advanced_tracker.py:id_merge,
R,CLAMP,CLAMP,0
L,3,3321,PREDICTION,src/tracking/advanced_tracker.py:id_merge,
R,PREDICTION,PREDICTION,1
L,9,3321,PREDICTION,src/tracking/advanced_tracker.py:id_merge,
R,PREDICTION,PREDICTION,1
A,3321
S,0,3327,DETECTION,src/tracking/advanced_tracker.py:_activate_slot,3327_250_302_426_387
S,8,3327,DETECTION,src/tracking/advanced_tracker.py:_activate_slot,3327_59_598_208_670
S,9,3327,DETECTION,src/tracking/advanced_tracker.py:_activate_slot,3327_215_786_399_862
S,3,3327,PREDICTION,src/tracking/advanced_tracker.py:kalman_homography,
S,5,3327,PREDICTION,src/tracking/advanced_tracker.py:kalman_homography,
S,1,3327,PREDICTION,src/tracking/advanced_tracker.py:flow_gapfill_batched,
S,2,3327,PREDICTION,src/tracking/advanced_tracker.py:flow_gapfill_batched,
S,6,3327,PREDICTION,src/tracking/advanced_tracker.py:flow_gapfill_batched,
D,2,3327
S,0,3327,PREDICTION,src/tracking/advanced_tracker.py:id_merge,
D,3,3327
S,0,3327,PREDICTION,src/tracking/advanced_tracker.py:id_merge,
D,5,3327
S,8,3327,PREDICTION,src/tracking/advanced_tracker.py:id_merge,
D,6,3327
S,8,3327,PREDICTION,src/tracking/advanced_tracker.py:id_merge,
D,8,3327
S,9,3327,PREDICTION,src/tracking/advanced_tracker.py:id_merge,
L,0,3327,PREDICTION,src/tracking/advanced_tracker.py:id_merge,
R,PREDICTION,PREDICTION,1
L,1,3327,PREDICTION,src/tracking/advanced_tracker.py:flow_gapfill_batched,
R,PREDICTION,PREDICTION,1
L,9,3327,PREDICTION,src/tracking/advanced_tracker.py:id_merge,
R,PREDICTION,PREDICTION,1
A,3327
S,0,3333,DETECTION,src/tracking/advanced_tracker.py:_activate_slot,3333_245_299_423_382
S,8,3333,DETECTION,src/tracking/advanced_tracker.py:_activate_slot,3333_58_603_208_673
S,9,3333,DETECTION,src/tracking/advanced_tracker.py:_activate_slot,3333_226_781_389_862
S,3,3333,PREDICTION,src/tracking/advanced_tracker.py:kalman_homography,
S,5,3333,PREDICTION,src/tracking/advanced_tracker.py:kalman_homography,
S,1,3333,PREDICTION,src/tracking/advanced_tracker.py:flow_gapfill_batched,
S,2,3333,PREDICTION,src/tracking/advanced_tracker.py:flow_gapfill_batched,
S,6,3333,PREDICTION,src/tracking/advanced_tracker.py:flow_gapfill_batched,
D,2,3333
S,0,3333,PREDICTION,src/tracking/advanced_tracker.py:id_merge,
D,3,3333
S,0,3333,PREDICTION,src/tracking/advanced_tracker.py:id_merge,
D,5,3333
S,8,3333,PREDICTION,src/tracking/advanced_tracker.py:id_merge,
D,6,3333
S,8,3333,PREDICTION,src/tracking/advanced_tracker.py:id_merge,
D,8,3333
S,9,3333,PREDICTION,src/tracking/advanced_tracker.py:id_merge,
L,0,3333,PREDICTION,src/tracking/advanced_tracker.py:id_merge,
R,PREDICTION,PREDICTION,1
L,1,3333,PREDICTION,src/tracking/advanced_tracker.py:flow_gapfill_batched,
R,PREDICTION,PREDICTION,1
L,9,3333,PREDICTION,src/tracking/advanced_tracker.py:id_merge,
R,PREDICTION,PREDICTION,1
A,3333
S,0,3339,DETECTION,src/tracking/advanced_tracker.py:_activate_slot,3339_243_294_419_367
S,8,3339,DETECTION,src/tracking/advanced_tracker.py:_activate_slot,3339_66_606_218_686
S,9,3339,DETECTION,src/tracking/advanced_tracker.py:_activate_slot,3339_217_757_377_853
S,3,3339,PREDICTION,src/tracking/advanced_tracker.py:kalman_homography,
S,2,3339,PREDICTION,src/tracking/advanced_tracker.py:flow_gapfill_batched,
S,5,3339,PREDICTION,src/tracking/advanced_tracker.py:flow_gapfill_batched,
S,6,3339,PREDICTION,src/tracking/advanced_tracker.py:flow_gapfill_batched,
D,2,3339
S,0,3339,PREDICTION,src/tracking/advanced_tracker.py:id_merge,
D,3,3339
S,0,3339,PREDICTION,src/tracking/advanced_tracker.py:id_merge,
D,5,3339
S,6,3339,PREDICTION,src/tracking/advanced_tracker.py:id_merge,
D,6,3339
S,8,3339,PREDICTION,src/tracking/advanced_tracker.py:id_merge,
D,8,3339
S,9,3339,PREDICTION,src/tracking/advanced_tracker.py:id_merge,
L,0,3339,PREDICTION,src/tracking/advanced_tracker.py:id_merge,
R,PREDICTION,PREDICTION,1
L,9,3339,PREDICTION,src/tracking/advanced_tracker.py:id_merge,
R,PREDICTION,PREDICTION,1
A,3339
S,0,3345,DETECTION,src/tracking/advanced_tracker.py:_activate_slot,3345_243_286_411_361
S,8,3345,DETECTION,src/tracking/advanced_tracker.py:_activate_slot,3345_72_609_215_689
S,9,3345,DETECTION,src/tracking/advanced_tracker.py:_activate_slot,3345_211_758_370_848
S,3,3345,PREDICTION,src/tracking/advanced_tracker.py:kalman_homography,
S,6,3345,PREDICTION,src/tracking/advanced_tracker.py:flow_gapfill_batched,
D,3,3345
S,0,3345,PREDICTION,src/tracking/advanced_tracker.py:id_merge,
D,6,3345
S,8,3345,PREDICTION,src/tracking/advanced_tracker.py:id_merge,
D,8,3345
S,9,3345,PREDICTION,src/tracking/advanced_tracker.py:id_merge,
L,0,3345,PREDICTION,src/tracking/advanced_tracker.py:id_merge,
R,PREDICTION,PREDICTION,1
L,9,3345,PREDICTION,src/tracking/advanced_tracker.py:id_merge,
R,PREDICTION,PREDICTION,1
A,3345
S,0,3351,DETECTION,src/tracking/advanced_tracker.py:_activate_slot,3351_244_272_410_357
S,8,3351,DETECTION,src/tracking/advanced_tracker.py:_activate_slot,3351_70_608_214_688
S,9,3351,DETECTION,src/tracking/advanced_tracker.py:_activate_slot,3351_222_755_354_848
S,4,3351,DETECTION,src/tracking/advanced_tracker.py:_activate_slot,3351_381_729_543_817
S,3,3351,PREDICTION,src/tracking/advanced_tracker.py:kalman_homography,
D,0,3351
S,4,3351,PREDICTION,src/tracking/advanced_tracker.py:id_merge,
D,8,3351
S,9,3351,PREDICTION,src/tracking/advanced_tracker.py:id_merge,
L,3,3351,PREDICTION,src/tracking/advanced_tracker.py:kalman_homography,
R,PREDICTION,PREDICTION,1
L,4,3351,PREDICTION,src/tracking/advanced_tracker.py:id_merge,
R,PREDICTION,PREDICTION,1
L,9,3351,PREDICTION,src/tracking/advanced_tracker.py:id_merge,
R,PREDICTION,PREDICTION,1
A,3351
S,0,3357,DETECTION,src/tracking/advanced_tracker.py:_activate_slot,3357_243_259_410_359
S,2,3357,DETECTION,src/tracking/advanced_tracker.py:_activate_slot,3357_150_574_302_652
S,4,3357,DETECTION,src/tracking/advanced_tracker.py:_activate_slot,3357_383_728_545_816
S,5,3357,DETECTION,src/tracking/advanced_tracker.py:_activate_slot,3357_41_432_190_510
S,8,3357,DETECTION,src/tracking/advanced_tracker.py:_activate_slot,3357_63_603_219_688
S,9,3357,PREDICTION,src/tracking/advanced_tracker.py:kalman_homography,
S,3,3357,PREDICTION,src/tracking/advanced_tracker.py:flow_gapfill_batched,
D,0,3357
S,2,3357,PREDICTION,src/tracking/advanced_tracker.py:id_merge,
D,3,3357
S,2,3357,PREDICTION,src/tracking/advanced_tracker.py:id_merge,
D,5,3357
S,8,3357,PREDICTION,src/tracking/advanced_tracker.py:id_merge,
D,9,3357
S,8,3357,PREDICTION,src/tracking/advanced_tracker.py:id_merge,
L,2,3357,PREDICTION,src/tracking/advanced_tracker.py:id_merge,
R,PREDICTION,PREDICTION,1
L,4,3357,DETECTION,src/tracking/advanced_tracker.py:_activate_slot,3357_383_728_545_816
R,DETECTION,DETECTION,1
L,8,3357,PREDICTION,src/tracking/advanced_tracker.py:id_merge,
R,PREDICTION,PREDICTION,1
A,3357
S,0,3363,DETECTION,src/tracking/advanced_tracker.py:_activate_slot,3363_242_255_409_350
S,2,3363,DETECTION,src/tracking/advanced_tracker.py:_activate_slot,3363_156_575_297_659
S,4,3363,DETECTION,src/tracking/advanced_tracker.py:_activate_slot,3363_383_729_545_816
S,5,3363,DETECTION,src/tracking/advanced_tracker.py:_activate_slot,3363_56_411_192_509
S,8,3363,DETECTION,src/tracking/advanced_tracker.py:_activate_slot,3363_64_598_221_684
S,9,3363,DETECTION,src/tracking/advanced_tracker.py:_activate_slot,3363_223_749_336_849
S,3,3363,PREDICTION,src/tracking/advanced_tracker.py:flow_gapfill_batched,
D,0,3363
S,2,3363,PREDICTION,src/tracking/advanced_tracker.py:id_merge,
D,3,3363
S,2,3363,PREDICTION,src/tracking/advanced_tracker.py:id_merge,
D,5,3363
S,8,3363,PREDICTION,src/tracking/advanced_tracker.py:id_merge,
D,8,3363
S,9,3363,PREDICTION,src/tracking/advanced_tracker.py:id_merge,
L,2,3363,PREDICTION,src/tracking/advanced_tracker.py:id_merge,
R,PREDICTION,PREDICTION,1
L,4,3363,DETECTION,src/tracking/advanced_tracker.py:_activate_slot,3363_383_729_545_816
R,DETECTION,SUBPIXEL,0
L,9,3363,PREDICTION,src/tracking/advanced_tracker.py:id_merge,
R,PREDICTION,PREDICTION,1
A,3363
S,0,3369,DETECTION,src/tracking/advanced_tracker.py:_activate_slot,3369_237_246_406_334
S,4,3369,DETECTION,src/tracking/advanced_tracker.py:_activate_slot,3369_383_730_545_816
S,7,3369,DETECTION,src/tracking/advanced_tracker.py:_activate_slot,3369_54_400_194_506
S,8,3369,DETECTION,src/tracking/advanced_tracker.py:_activate_slot,3369_69_586_213_665
S,5,3369,DETECTION,src/tracking/advanced_tracker.py:_activate_slot,3369_39_371_162_436
S,2,3369,PREDICTION,src/tracking/advanced_tracker.py:kalman_homography,
S,9,3369,PREDICTION,src/tracking/advanced_tracker.py:kalman_homography,
S,3,3369,PREDICTION,src/tracking/advanced_tracker.py:flow_gapfill_batched,
D,2,3369
S,0,3369,PREDICTION,src/tracking/advanced_tracker.py:id_merge,
D,3,3369
S,0,3369,PREDICTION,src/tracking/advanced_tracker.py:id_merge,
D,0,3369
S,4,3369,PREDICTION,src/tracking/advanced_tracker.py:id_merge,
D,5,3369
S,7,3369,PREDICTION,src/tracking/advanced_tracker.py:id_merge,
D,7,3369
S,8,3369,PREDICTION,src/tracking/advanced_tracker.py:id_merge,
D,9,3369
S,8,3369,PREDICTION,src/tracking/advanced_tracker.py:id_merge,
L,4,3369,PREDICTION,src/tracking/advanced_tracker.py:id_merge,
R,PREDICTION,SUBPIXEL,0
L,8,3369,PREDICTION,src/tracking/advanced_tracker.py:id_merge,
R,PREDICTION,PREDICTION,1
A,3369
S,0,3375,DETECTION,src/tracking/advanced_tracker.py:_activate_slot,3375_237_237_407_314
S,3,3375,DETECTION,src/tracking/advanced_tracker.py:_activate_slot,3375_134_604_277_694
S,4,3375,DETECTION,src/tracking/advanced_tracker.py:_activate_slot,3375_383_730_545_816
S,6,3375,DETECTION,src/tracking/advanced_tracker.py:_activate_slot,3375_150_602_276_676
S,7,3375,DETECTION,src/tracking/advanced_tracker.py:_activate_slot,3375_50_383_195_490
S,8,3375,DETECTION,src/tracking/advanced_tracker.py:_activate_slot,3375_73_584_212_658
S,9,3375,DETECTION,src/tracking/advanced_tracker.py:_activate_slot,3375_193_752_344_848
S,1,3375,DETECTION,src/tracking/advanced_tracker.py:_activate_slot,3375_334_577_524_669
S,2,3375,PREDICTION,src/tracking/advanced_tracker.py:kalman_homography,
S,5,3375,PREDICTION,src/tracking/advanced_tracker.py:kalman_homography,
D,0,3375
S,1,3375,PREDICTION,src/tracking/advanced_tracker.py:id_merge,
D,2,3375
S,1,3375,PREDICTION,src/tracking/advanced_tracker.py:id_merge,
D,1,3375
S,4,3375,PREDICTION,src/tracking/advanced_tracker.py:id_merge,
D,5,3375
S,6,3375,PREDICTION,src/tracking/advanced_tracker.py:id_merge,
D,6,3375
S,7,3375,PREDICTION,src/tracking/advanced_tracker.py:id_merge,
D,7,3375
S,8,3375,PREDICTION,src/tracking/advanced_tracker.py:id_merge,
D,8,3375
S,9,3375,PREDICTION,src/tracking/advanced_tracker.py:id_merge,
L,3,3375,DETECTION,src/tracking/advanced_tracker.py:_activate_slot,3375_134_604_277_694
R,DETECTION,DETECTION,1
L,4,3375,PREDICTION,src/tracking/advanced_tracker.py:id_merge,
R,PREDICTION,SUBPIXEL,0
L,9,3375,PREDICTION,src/tracking/advanced_tracker.py:id_merge,
R,PREDICTION,PREDICTION,1
A,3375
S,0,3381,DETECTION,src/tracking/advanced_tracker.py:_activate_slot,3381_242_218_404_300
S,1,3381,DETECTION,src/tracking/advanced_tracker.py:_activate_slot,3381_338_558_507_646
S,3,3381,DETECTION,src/tracking/advanced_tracker.py:_activate_slot,3381_125_617_276_697
S,4,3381,DETECTION,src/tracking/advanced_tracker.py:_activate_slot,3381_383_730_545_816
S,8,3381,DETECTION,src/tracking/advanced_tracker.py:_activate_slot,3381_67_582_213_649
S,9,3381,DETECTION,src/tracking/advanced_tracker.py:_activate_slot,3381_204_747_350_848
S,2,3381,PREDICTION,src/tracking/advanced_tracker.py:kalman_homography,
S,5,3381,PREDICTION,src/tracking/advanced_tracker.py:kalman_homography,
S,6,3381,PREDICTION,src/tracking/advanced_tracker.py:kalman_homography,
S,7,3381,PREDICTION,src/tracking/advanced_tracker.py:kalman_homography,
D,0,3381
S,1,3381,PREDICTION,src/tracking/advanced_tracker.py:id_merge,
D,2,3381
S,1,3381,PREDICTION,src/tracking/advanced_tracker.py:id_merge,
D,1,3381
S,4,3381,PREDICTION,src/tracking/advanced_tracker.py:id_merge,
D,5,3381
S,6,3381,PREDICTION,src/tracking/advanced_tracker.py:id_merge,
D,6,3381
S,7,3381,PREDICTION,src/tracking/advanced_tracker.py:id_merge,
D,7,3381
S,8,3381,PREDICTION,src/tracking/advanced_tracker.py:id_merge,
D,8,3381
S,9,3381,PREDICTION,src/tracking/advanced_tracker.py:id_merge,
L,3,3381,DETECTION,src/tracking/advanced_tracker.py:_activate_slot,3381_125_617_276_697
R,DETECTION,DETECTION,1
L,4,3381,PREDICTION,src/tracking/advanced_tracker.py:id_merge,
R,PREDICTION,SUBPIXEL,0
L,9,3381,PREDICTION,src/tracking/advanced_tracker.py:id_merge,
R,PREDICTION,PREDICTION,1
A,3381
S,0,3387,DETECTION,src/tracking/advanced_tracker.py:_activate_slot,3387_240_197_405_300
S,1,3387,DETECTION,src/tracking/advanced_tracker.py:_activate_slot,3387_343_522_524_630
S,3,3387,DETECTION,src/tracking/advanced_tracker.py:_activate_slot,3387_115_628_274_718
S,4,3387,DETECTION,src/tracking/advanced_tracker.py:_activate_slot,3387_383_730_545_815
S,8,3387,DETECTION,src/tracking/advanced_tracker.py:_activate_slot,3387_63_580_216_668
S,9,3387,DETECTION,src/tracking/advanced_tracker.py:_activate_slot,3387_209_746_350_848
S,2,3387,PREDICTION,src/tracking/advanced_tracker.py:kalman_homography,
S,5,3387,PREDICTION,src/tracking/advanced_tracker.py:kalman_homography,
S,6,3387,PREDICTION,src/tracking/advanced_tracker.py:kalman_homography,
S,7,3387,PREDICTION,src/tracking/advanced_tracker.py:kalman_homography,
D,0,3387
S,1,3387,PREDICTION,src/tracking/advanced_tracker.py:id_merge,
D,2,3387
S,1,3387,PREDICTION,src/tracking/advanced_tracker.py:id_merge,
D,1,3387
S,4,3387,PREDICTION,src/tracking/advanced_tracker.py:id_merge,
D,5,3387
S,6,3387,PREDICTION,src/tracking/advanced_tracker.py:id_merge,
D,6,3387
S,7,3387,PREDICTION,src/tracking/advanced_tracker.py:id_merge,
D,7,3387
S,8,3387,PREDICTION,src/tracking/advanced_tracker.py:id_merge,
D,8,3387
S,9,3387,PREDICTION,src/tracking/advanced_tracker.py:id_merge,
L,3,3387,DETECTION,src/tracking/advanced_tracker.py:_activate_slot,3387_115_628_274_718
R,DETECTION,DETECTION,1
L,4,3387,PREDICTION,src/tracking/advanced_tracker.py:id_merge,
R,PREDICTION,SUBPIXEL,0
L,9,3387,PREDICTION,src/tracking/advanced_tracker.py:id_merge,
R,PREDICTION,SUBPIXEL,0
A,3387
S,0,3393,DETECTION,src/tracking/advanced_tracker.py:_activate_slot,3393_239_191_403_293
S,1,3393,DETECTION,src/tracking/advanced_tracker.py:_activate_slot,3393_342_503_511_613
S,3,3393,DETECTION,src/tracking/advanced_tracker.py:_activate_slot,3393_115_654_250_732
S,4,3393,DETECTION,src/tracking/advanced_tracker.py:_activate_slot,3393_383_730_545_816
S,8,3393,DETECTION,src/tracking/advanced_tracker.py:_activate_slot,3393_66_575_223_657
S,9,3393,DETECTION,src/tracking/advanced_tracker.py:_activate_slot,3393_211_745_352_847
S,2,3393,PREDICTION,src/tracking/advanced_tracker.py:kalman_homography,
S,5,3393,PREDICTION,src/tracking/advanced_tracker.py:kalman_homography,
S,6,3393,PREDICTION,src/tracking/advanced_tracker.py:kalman_homography,
S,7,3393,PREDICTION,src/tracking/advanced_tracker.py:kalman_homography,
D,0,3393
S,1,3393,PREDICTION,src/tracking/advanced_tracker.py:id_merge,
D,2,3393
S,1,3393,PREDICTION,src/tracking/advanced_tracker.py:id_merge,
D,1,3393
S,4,3393,PREDICTION,src/tracking/advanced_tracker.py:id_merge,
D,5,3393
S,6,3393,PREDICTION,src/tracking/advanced_tracker.py:id_merge,
D,6,3393
S,7,3393,PREDICTION,src/tracking/advanced_tracker.py:id_merge,
D,7,3393
S,8,3393,PREDICTION,src/tracking/advanced_tracker.py:id_merge,
D,8,3393
S,9,3393,PREDICTION,src/tracking/advanced_tracker.py:id_merge,
L,3,3393,DETECTION,src/tracking/advanced_tracker.py:_activate_slot,3393_115_654_250_732
R,DETECTION,DETECTION,1
L,4,3393,PREDICTION,src/tracking/advanced_tracker.py:id_merge,
R,PREDICTION,SUBPIXEL,0
L,9,3393,PREDICTION,src/tracking/advanced_tracker.py:id_merge,
R,PREDICTION,PREDICTION,1
A,3393
S,0,3399,DETECTION,src/tracking/advanced_tracker.py:_activate_slot,3399_236_187_400_275
S,1,3399,DETECTION,src/tracking/advanced_tracker.py:_activate_slot,3399_342_492_519_595
S,3,3399,DETECTION,src/tracking/advanced_tracker.py:_activate_slot,3399_105_667_252_740
S,4,3399,DETECTION,src/tracking/advanced_tracker.py:_activate_slot,3399_383_730_545_815
S,8,3399,DETECTION,src/tracking/advanced_tracker.py:_activate_slot,3399_70_566_220_658
S,9,3399,DETECTION,src/tracking/advanced_tracker.py:_activate_slot,3399_212_746_351_850
S,2,3399,PREDICTION,src/tracking/advanced_tracker.py:kalman_homography,
S,5,3399,PREDICTION,src/tracking/advanced_tracker.py:kalman_homography,
S,6,3399,PREDICTION,src/tracking/advanced_tracker.py:kalman_homography,
S,7,3399,PREDICTION,src/tracking/advanced_tracker.py:kalman_homography,
D,0,3399
S,1,3399,PREDICTION,src/tracking/advanced_tracker.py:id_merge,
D,2,3399
S,1,3399,PREDICTION,src/tracking/advanced_tracker.py:id_merge,
D,1,3399
S,4,3399,PREDICTION,src/tracking/advanced_tracker.py:id_merge,
D,5,3399
S,6,3399,PREDICTION,src/tracking/advanced_tracker.py:id_merge,
D,6,3399
S,7,3399,PREDICTION,src/tracking/advanced_tracker.py:id_merge,
D,7,3399
S,8,3399,PREDICTION,src/tracking/advanced_tracker.py:id_merge,
D,8,3399
S,9,3399,PREDICTION,src/tracking/advanced_tracker.py:id_merge,
L,3,3399,DETECTION,src/tracking/advanced_tracker.py:_activate_slot,3399_105_667_252_740
R,DETECTION,DETECTION,1
L,4,3399,PREDICTION,src/tracking/advanced_tracker.py:id_merge,
R,PREDICTION,SUBPIXEL,0
L,9,3399,PREDICTION,src/tracking/advanced_tracker.py:id_merge,
R,PREDICTION,PREDICTION,1
A,3399
S,0,3405,DETECTION,src/tracking/advanced_tracker.py:_activate_slot,3405_234_176_397_279
S,1,3405,DETECTION,src/tracking/advanced_tracker.py:_activate_slot,3405_334_482_514_572
S,3,3405,DETECTION,src/tracking/advanced_tracker.py:_activate_slot,3405_98_682_248_759
S,4,3405,DETECTION,src/tracking/advanced_tracker.py:_activate_slot,3405_383_730_545_816
S,8,3405,DETECTION,src/tracking/advanced_tracker.py:_activate_slot,3405_70_569_223_659
S,6,3405,DETECTION,src/tracking/advanced_tracker.py:_activate_slot,3405_95_798_301_929
S,2,3405,PREDICTION,src/tracking/advanced_tracker.py:kalman_homography,
S,5,3405,PREDICTION,src/tracking/advanced_tracker.py:kalman_homography,
S,7,3405,PREDICTION,src/tracking/advanced_tracker.py:kalman_homography,
S,9,3405,PREDICTION,src/tracking/advanced_tracker.py:kalman_homography,
D,0,3405
S,1,3405,PREDICTION,src/tracking/advanced_tracker.py:id_merge,
D,2,3405
S,1,3405,PREDICTION,src/tracking/advanced_tracker.py:id_merge,
D,1,3405
S,4,3405,PREDICTION,src/tracking/advanced_tracker.py:id_merge,
D,5,3405
S,6,3405,PREDICTION,src/tracking/advanced_tracker.py:id_merge,
D,7,3405
S,6,3405,PREDICTION,src/tracking/advanced_tracker.py:id_merge,
D,6,3405
S,8,3405,PREDICTION,src/tracking/advanced_tracker.py:id_merge,
D,9,3405
S,8,3405,PREDICTION,src/tracking/advanced_tracker.py:id_merge,
L,3,3405,DETECTION,src/tracking/advanced_tracker.py:_activate_slot,3405_98_682_248_759
R,DETECTION,DETECTION,1
L,4,3405,PREDICTION,src/tracking/advanced_tracker.py:id_merge,
R,PREDICTION,SUBPIXEL,0
L,8,3405,PREDICTION,src/tracking/advanced_tracker.py:id_merge,
R,PREDICTION,PREDICTION,1
A,3405
S,0,3411,DETECTION,src/tracking/advanced_tracker.py:_activate_slot,3411_235_143_397_270
S,1,3411,DETECTION,src/tracking/advanced_tracker.py:_activate_slot,3411_327_465_520_547
S,3,3411,DETECTION,src/tracking/advanced_tracker.py:_activate_slot,3411_99_707_241_787
S,4,3411,DETECTION,src/tracking/advanced_tracker.py:_activate_slot,3411_382_730_545_816
S,8,3411,DETECTION,src/tracking/advanced_tracker.py:_activate_slot,3411_66_571_224_653
S,9,3411,DETECTION,src/tracking/advanced_tracker.py:_activate_slot,3411_233_141_399_240
S,5,3411,PREDICTION,src/tracking/advanced_tracker.py:kalman_homography,
S,6,3411,PREDICTION,src/tracking/advanced_tracker.py:kalman_homography,
S,7,3411,PREDICTION,src/tracking/advanced_tracker.py:kalman_homography,
S,2,3411,PREDICTION,src/tracking/advanced_tracker.py:flow_gapfill_batched,
D,0,3411
S,1,3411,PREDICTION,src/tracking/advanced_tracker.py:id_merge,
D,2,3411
S,1,3411,PREDICTION,src/tracking/advanced_tracker.py:id_merge,
D,1,3411
S,4,3411,PREDICTION,src/tracking/advanced_tracker.py:id_merge,
D,5,3411
S,7,3411,PREDICTION,src/tracking/advanced_tracker.py:id_merge,
D,7,3411
S,8,3411,PREDICTION,src/tracking/advanced_tracker.py:id_merge,
L,3,3411,DETECTION,src/tracking/advanced_tracker.py:_activate_slot,3411_99_707_241_787
R,DETECTION,DETECTION,1
L,4,3411,PREDICTION,src/tracking/advanced_tracker.py:id_merge,
R,PREDICTION,SUBPIXEL,0
L,6,3411,PREDICTION,src/tracking/advanced_tracker.py:kalman_homography,
R,PREDICTION,PREDICTION,1
L,8,3411,PREDICTION,src/tracking/advanced_tracker.py:id_merge,
R,PREDICTION,PREDICTION,1
L,9,3411,DETECTION,src/tracking/advanced_tracker.py:_activate_slot,3411_233_141_399_240
R,DETECTION,DETECTION,1
A,3411
S,0,3417,DETECTION,src/tracking/advanced_tracker.py:_activate_slot,3417_234_128_397_237
S,1,3417,DETECTION,src/tracking/advanced_tracker.py:_activate_slot,3417_329_447_507_529
S,3,3417,DETECTION,src/tracking/advanced_tracker.py:_activate_slot,3417_103_713_238_805
S,4,3417,DETECTION,src/tracking/advanced_tracker.py:_activate_slot,3417_383_730_543_815
S,8,3417,DETECTION,src/tracking/advanced_tracker.py:_activate_slot,3417_67_572_228_652
S,6,3417,PREDICTION,src/tracking/advanced_tracker.py:kalman_homography,
S,7,3417,PREDICTION,src/tracking/advanced_tracker.py:kalman_homography,
S,9,3417,PREDICTION,src/tracking/advanced_tracker.py:kalman_homography,
S,5,3417,PREDICTION,src/tracking/advanced_tracker.py:flow_gapfill_batched,
D,0,3417
S,1,3417,PREDICTION,src/tracking/advanced_tracker.py:id_merge,
D,1,3417
S,4,3417,PREDICTION,src/tracking/advanced_tracker.py:id_merge,
D,5,3417
S,7,3417,PREDICTION,src/tracking/advanced_tracker.py:id_merge,
D,7,3417
S,8,3417,PREDICTION,src/tracking/advanced_tracker.py:id_merge,
L,3,3417,DETECTION,src/tracking/advanced_tracker.py:_activate_slot,3417_103_713_238_805
R,DETECTION,DETECTION,1
L,4,3417,PREDICTION,src/tracking/advanced_tracker.py:id_merge,
R,PREDICTION,PREDICTION,1
L,6,3417,PREDICTION,src/tracking/advanced_tracker.py:kalman_homography,
R,PREDICTION,PREDICTION,1
L,8,3417,PREDICTION,src/tracking/advanced_tracker.py:id_merge,
R,PREDICTION,PREDICTION,1
L,9,3417,PREDICTION,src/tracking/advanced_tracker.py:kalman_homography,
R,PREDICTION,PREDICTION,1
A,3417
S,0,3423,DETECTION,src/tracking/advanced_tracker.py:_activate_slot,3423_231_126_395_221
S,1,3423,DETECTION,src/tracking/advanced_tracker.py:_activate_slot,3423_339_411_515_513
S,3,3423,DETECTION,src/tracking/advanced_tracker.py:_activate_slot,3423_101_719_237_811
S,4,3423,DETECTION,src/tracking/advanced_tracker.py:_activate_slot,3423_383_730_544_815
S,8,3423,DETECTION,src/tracking/advanced_tracker.py:_activate_slot,3423_70_571_227_652
S,6,3423,PREDICTION,src/tracking/advanced_tracker.py:kalman_homography,
S,7,3423,PREDICTION,src/tracking/advanced_tracker.py:flow_gapfill_batched,
S,9,3423,PREDICTION,src/tracking/advanced_tracker.py:flow_gapfill_batched,
D,0,3423
S,1,3423,PREDICTION,src/tracking/advanced_tracker.py:id_merge,
D,1,3423
S,4,3423,PREDICTION,src/tracking/advanced_tracker.py:id_merge,
D,7,3423
S,8,3423,PREDICTION,src/tracking/advanced_tracker.py:id_merge,
D,9,3423
S,8,3423,PREDICTION,src/tracking/advanced_tracker.py:id_merge,
L,3,3423,DETECTION,src/tracking/advanced_tracker.py:_activate_slot,3423_101_719_237_811
R,DETECTION,DETECTION,1
L,4,3423,PREDICTION,src/tracking/advanced_tracker.py:id_merge,
R,PREDICTION,PREDICTION,1
L,6,3423,PREDICTION,src/tracking/advanced_tracker.py:kalman_homography,
R,CLAMP,CLAMP,0
L,8,3423,PREDICTION,src/tracking/advanced_tracker.py:id_merge,
R,PREDICTION,SUBPIXEL,0
A,3423
S,0,3429,DETECTION,src/tracking/advanced_tracker.py:_activate_slot,3429_222_121_391_196
S,1,3429,DETECTION,src/tracking/advanced_tracker.py:_activate_slot,3429_340_390_518_503
S,3,3429,DETECTION,src/tracking/advanced_tracker.py:_activate_slot,3429_99_737_235_818
S,4,3429,DETECTION,src/tracking/advanced_tracker.py:_activate_slot,3429_383_730_543_815
S,8,3429,DETECTION,src/tracking/advanced_tracker.py:_activate_slot,3429_73_573_226_653
S,9,3429,DETECTION,src/tracking/advanced_tracker.py:_activate_slot,3429_153_784_369_894
S,6,3429,PREDICTION,src/tracking/advanced_tracker.py:flow_gapfill_batched,
D,0,3429
S,1,3429,PREDICTION,src/tracking/advanced_tracker.py:id_merge,
D,1,3429
S,4,3429,PREDICTION,src/tracking/advanced_tracker.py:id_merge,
D,6,3429
S,8,3429,PREDICTION,src/tracking/advanced_tracker.py:id_merge,
D,8,3429
S,9,3429,PREDICTION,src/tracking/advanced_tracker.py:id_merge,
L,3,3429,DETECTION,src/tracking/advanced_tracker.py:_activate_slot,3429_99_737_235_818
R,DETECTION,DETECTION,1
L,4,3429,PREDICTION,src/tracking/advanced_tracker.py:id_merge,
R,PREDICTION,PREDICTION,1
L,9,3429,PREDICTION,src/tracking/advanced_tracker.py:id_merge,
R,PREDICTION,PREDICTION,1
A,3429
S,0,3435,DETECTION,src/tracking/advanced_tracker.py:_activate_slot,3435_228_72_386_175
S,1,3435,DETECTION,src/tracking/advanced_tracker.py:_activate_slot,3435_338_378_519_491
S,3,3435,DETECTION,src/tracking/advanced_tracker.py:_activate_slot,3435_227_114_383_174
S,4,3435,DETECTION,src/tracking/advanced_tracker.py:_activate_slot,3435_382_731_543_816
S,8,3435,DETECTION,src/tracking/advanced_tracker.py:_activate_slot,3435_73_570_227_654
S,6,3435,CLAMP,src/tracking/advanced_tracker.py:_activate_slot,3435_45_1031_300_1153
S,9,3435,PREDICTION,src/tracking/advanced_tracker.py:kalman_homography,
D,0,3435
S,1,3435,PREDICTION,src/tracking/advanced_tracker.py:id_merge,
D,1,3435
S,3,3435,PREDICTION,src/tracking/advanced_tracker.py:id_merge,
D,3,3435
S,4,3435,PREDICTION,src/tracking/advanced_tracker.py:id_merge,
D,9,3435
S,8,3435,PREDICTION,src/tracking/advanced_tracker.py:id_merge,
L,4,3435,PREDICTION,src/tracking/advanced_tracker.py:id_merge,
R,PREDICTION,SUBPIXEL,0
L,6,3435,CLAMP,src/tracking/advanced_tracker.py:_activate_slot,3435_45_1031_300_1153
R,CLAMP,CLAMP,0
L,8,3435,PREDICTION,src/tracking/advanced_tracker.py:id_merge,
R,PREDICTION,SUBPIXEL,0
A,3435
S,0,3441,DETECTION,src/tracking/advanced_tracker.py:_activate_slot,3441_228_89_391_172
S,1,3441,DETECTION,src/tracking/advanced_tracker.py:_activate_slot,3441_338_367_514_463
S,2,3441,DETECTION,src/tracking/advanced_tracker.py:_activate_slot,3441_386_805_535_901
S,3,3441,DETECTION,src/tracking/advanced_tracker.py:_activate_slot,3441_91_768_237_830
S,4,3441,DETECTION,src/tracking/advanced_tracker.py:_activate_slot,3441_382_731_543_817
S,6,3441,DETECTION,src/tracking/advanced_tracker.py:_activate_slot,3441_192_790_368_896
S,8,3441,DETECTION,src/tracking/advanced_tracker.py:_activate_slot,3441_75_564_229_654
S,9,3441,PREDICTION,src/tracking/advanced_tracker.py:flow_gapfill_batched,
D,0,3441
S,1,3441,PREDICTION,src/tracking/advanced_tracker.py:id_merge,
D,1,3441
S,2,3441,PREDICTION,src/tracking/advanced_tracker.py:id_merge,
D,2,3441
S,4,3441,PREDICTION,src/tracking/advanced_tracker.py:id_merge,
D,6,3441
S,8,3441,PREDICTION,src/tracking/advanced_tracker.py:id_merge,
D,9,3441
S,8,3441,PREDICTION,src/tracking/advanced_tracker.py:id_merge,
L,3,3441,DETECTION,src/tracking/advanced_tracker.py:_activate_slot,3441_91_768_237_830
R,DETECTION,DETECTION,1
L,4,3441,PREDICTION,src/tracking/advanced_tracker.py:id_merge,
R,PREDICTION,SUBPIXEL,0
L,8,3441,PREDICTION,src/tracking/advanced_tracker.py:id_merge,
R,PREDICTION,PREDICTION,1
A,3441
S,0,3447,DETECTION,src/tracking/advanced_tracker.py:_activate_slot,3447_227_74_392_172
S,1,3447,DETECTION,src/tracking/advanced_tracker.py:_activate_slot,3447_330_342_513_438
S,2,3447,DETECTION,src/tracking/advanced_tracker.py:_activate_slot,3447_386_807_533_902
S,3,3447,DETECTION,src/tracking/advanced_tracker.py:_activate_slot,3447_78_561_230_653
S,4,3447,DETECTION,src/tracking/advanced_tracker.py:_activate_slot,3447_382_730_547_817
S,6,3447,DETECTION,src/tracking/advanced_tracker.py:_activate_slot,3447_180_795_372_897
S,8,3447,DETECTION,src/tracking/advanced_tracker.py:_activate_slot,3447_52_164_227_271
S,9,3447,PREDICTION,src/tracking/advanced_tracker.py:kalman_homography,
D,0,3447
S,1,3447,PREDICTION,src/tracking/advanced_tracker.py:id_merge,
D,1,3447
S,2,3447,PREDICTION,src/tracking/advanced_tracker.py:id_merge,
D,2,3447
S,4,3447,PREDICTION,src/tracking/advanced_tracker.py:id_merge,
D,6,3447
S,8,3447,PREDICTION,src/tracking/advanced_tracker.py:id_merge,
L,3,3447,DETECTION,src/tracking/advanced_tracker.py:_activate_slot,3447_78_561_230_653
R,DETECTION,DETECTION,1
L,4,3447,PREDICTION,src/tracking/advanced_tracker.py:id_merge,
R,PREDICTION,PREDICTION,1
L,8,3447,PREDICTION,src/tracking/advanced_tracker.py:id_merge,
R,PREDICTION,PREDICTION,1
L,9,3447,PREDICTION,src/tracking/advanced_tracker.py:kalman_homography,
R,PREDICTION,PREDICTION,1
A,3447
S,0,3453,DETECTION,src/tracking/advanced_tracker.py:_activate_slot,3453_224_73_389_158
S,1,3453,DETECTION,src/tracking/advanced_tracker.py:_activate_slot,3453_324_321_514_428
S,2,3453,DETECTION,src/tracking/advanced_tracker.py:_activate_slot,3453_386_812_536_904
S,3,3453,DETECTION,src/tracking/advanced_tracker.py:_activate_slot,3453_370_987_539_1079
S,4,3453,DETECTION,src/tracking/advanced_tracker.py:_activate_slot,3453_382_730_544_818
S,8,3453,DETECTION,src/tracking/advanced_tracker.py:_activate_slot,3453_51_152_223_246
S,6,3453,PREDICTION,src/tracking/advanced_tracker.py:kalman_homography,
S,9,3453,PREDICTION,src/tracking/advanced_tracker.py:flow_gapfill_batched,
D,0,3453
S,1,3453,PREDICTION,src/tracking/advanced_tracker.py:id_merge,
D,1,3453
S,2,3453,PREDICTION,src/tracking/advanced_tracker.py:id_merge,
D,2,3453
S,4,3453,PREDICTION,src/tracking/advanced_tracker.py:id_merge,
D,6,3453
S,8,3453,PREDICTION,src/tracking/advanced_tracker.py:id_merge,
D,9,3453
S,8,3453,PREDICTION,src/tracking/advanced_tracker.py:id_merge,
L,3,3453,DETECTION,src/tracking/advanced_tracker.py:_activate_slot,3453_370_987_539_1079
R,CLAMP,CLAMP,0
L,4,3453,PREDICTION,src/tracking/advanced_tracker.py:id_merge,
R,PREDICTION,PREDICTION,1
L,8,3453,PREDICTION,src/tracking/advanced_tracker.py:id_merge,
R,PREDICTION,PREDICTION,1
A,3453
S,0,3459,DETECTION,src/tracking/advanced_tracker.py:_activate_slot,3459_221_69_383_140
S,1,3459,DETECTION,src/tracking/advanced_tracker.py:_activate_slot,3459_40_137_225_216
S,2,3459,DETECTION,src/tracking/advanced_tracker.py:_activate_slot,3459_385_814_536_904
S,4,3459,DETECTION,src/tracking/advanced_tracker.py:_activate_slot,3459_382_725_543_817
S,8,3459,DETECTION,src/tracking/advanced_tracker.py:_activate_slot,3459_83_532_229_654
S,5,3459,DETECTION,src/tracking/advanced_tracker.py:_activate_slot,3459_49_1028_298_1156
S,3,3459,PREDICTION,src/tracking/advanced_tracker.py:kalman_homography,
S,6,3459,PREDICTION,src/tracking/advanced_tracker.py:kalman_homography,
S,9,3459,PREDICTION,src/tracking/advanced_tracker.py:flow_gapfill_batched,
D,0,3459
S,1,3459,PREDICTION,src/tracking/advanced_tracker.py:id_merge,
D,2,3459
S,4,3459,PREDICTION,src/tracking/advanced_tracker.py:id_merge,
D,9,3459
S,8,3459,PREDICTION,src/tracking/advanced_tracker.py:id_merge,
L,1,3459,PREDICTION,src/tracking/advanced_tracker.py:id_merge,
R,PREDICTION,PREDICTION,1
L,3,3459,PREDICTION,src/tracking/advanced_tracker.py:kalman_homography,
R,CLAMP,CLAMP,0
L,4,3459,PREDICTION,src/tracking/advanced_tracker.py:id_merge,
R,PREDICTION,PREDICTION,1
L,5,3459,DETECTION,src/tracking/advanced_tracker.py:_activate_slot,3459_49_1028_298_1156
R,CLAMP,CLAMP,0
L,6,3459,PREDICTION,src/tracking/advanced_tracker.py:kalman_homography,
R,CLAMP,CLAMP,0
L,8,3459,PREDICTION,src/tracking/advanced_tracker.py:id_merge,
R,PREDICTION,PREDICTION,1
A,3459
S,0,3465,DETECTION,src/tracking/advanced_tracker.py:_activate_slot,3465_218_56_376_132
S,1,3465,DETECTION,src/tracking/advanced_tracker.py:_activate_slot,3465_331_292_508_374
S,2,3465,DETECTION,src/tracking/advanced_tracker.py:_activate_slot,3465_383_815_539_905
S,4,3465,DETECTION,src/tracking/advanced_tracker.py:_activate_slot,3465_382_727_531_813
S,5,3465,DETECTION,src/tracking/advanced_tracker.py:_activate_slot,3465_35_118_205_190
S,8,3465,DETECTION,src/tracking/advanced_tracker.py:_activate_slot,3465_73_531_230_633
S,7,3465,DETECTION,src/tracking/advanced_tracker.py:_activate_slot,3465_213_828_389_905
S,3,3465,PREDICTION,src/tracking/advanced_tracker.py:kalman_homography,
S,6,3465,PREDICTION,src/tracking/advanced_tracker.py:kalman_homography,
S,9,3465,PREDICTION,src/tracking/advanced_tracker.py:flow_gapfill_batched,
D,0,3465
S,1,3465,PREDICTION,src/tracking/advanced_tracker.py:id_merge,
D,1,3465
S,2,3465,PREDICTION,src/tracking/advanced_tracker.py:id_merge,
D,2,3465
S,4,3465,PREDICTION,src/tracking/advanced_tracker.py:id_merge,
D,6,3465
S,5,3465,PREDICTION,src/tracking/advanced_tracker.py:id_merge,
D,5,3465
S,7,3465,PREDICTION,src/tracking/advanced_tracker.py:id_merge,
D,7,3465
S,8,3465,PREDICTION,src/tracking/advanced_tracker.py:id_merge,
D,9,3465
S,8,3465,PREDICTION,src/tracking/advanced_tracker.py:id_merge,
L,3,3465,PREDICTION,src/tracking/advanced_tracker.py:kalman_homography,
R,CLAMP,CLAMP,0
L,4,3465,PREDICTION,src/tracking/advanced_tracker.py:id_merge,
R,PREDICTION,PREDICTION,1
L,8,3465,PREDICTION,src/tracking/advanced_tracker.py:id_merge,
R,PREDICTION,PREDICTION,1
A,3465
S,0,3471,DETECTION,src/tracking/advanced_tracker.py:_activate_slot,3471_219_47_378_131
S,1,3471,DETECTION,src/tracking/advanced_tracker.py:_activate_slot,3471_330_256_510_362
S,2,3471,DETECTION,src/tracking/advanced_tracker.py:_activate_slot,3471_382_816_537_908
S,3,3471,DETECTION,src/tracking/advanced_tracker.py:_activate_slot,3471_70_92_234_178
S,4,3471,DETECTION,src/tracking/advanced_tracker.py:_activate_slot,3471_383_722_520_808
S,7,3471,DETECTION,src/tracking/advanced_tracker.py:_activate_slot,3471_219_836_382_907
S,8,3471,DETECTION,src/tracking/advanced_tracker.py:_activate_slot,3471_68_524_226_608
S,6,3471,PREDICTION,src/tracking/advanced_tracker.py:kalman_homography,
S,5,3471,PREDICTION,src/tracking/advanced_tracker.py:flow_gapfill_batched,
S,9,3471,PREDICTION,src/tracking/advanced_tracker.py:flow_gapfill_batched,
D,0,3471
S,1,3471,PREDICTION,src/tracking/advanced_tracker.py:id_merge,
D,1,3471
S,2,3471,PREDICTION,src/tracking/advanced_tracker.py:id_merge,
D,2,3471
S,4,3471,PREDICTION,src/tracking/advanced_tracker.py:id_merge,
D,3,3471
S,4,3471,PREDICTION,src/tracking/advanced_tracker.py:id_merge,
D,6,3471
S,5,3471,PREDICTION,src/tracking/advanced_tracker.py:id_merge,
D,5,3471
S,7,3471,PREDICTION,src/tracking/advanced_tracker.py:id_merge,
D,7,3471
S,8,3471,PREDICTION,src/tracking/advanced_tracker.py:id_merge,
D,9,3471
S,8,3471,PREDICTION,src/tracking/advanced_tracker.py:id_merge,
L,4,3471,PREDICTION,src/tracking/advanced_tracker.py:id_merge,
R,PREDICTION,PREDICTION,1
L,8,3471,PREDICTION,src/tracking/advanced_tracker.py:id_merge,
R,PREDICTION,PREDICTION,1
A,3471
S,0,3477,DETECTION,src/tracking/advanced_tracker.py:_activate_slot,3477_219_11_384_133
S,1,3477,DETECTION,src/tracking/advanced_tracker.py:_activate_slot,3477_323_233_507_360
S,2,3477,DETECTION,src/tracking/advanced_tracker.py:_activate_slot,3477_108_736_238_818
S,3,3477,DETECTION,src/tracking/advanced_tracker.py:_activate_slot,3477_71_513_224_595
S,4,3477,DETECTION,src/tracking/advanced_tracker.py:_activate_slot,3477_385_714_515_800
S,5,3477,DETECTION,src/tracking/advanced_tracker.py:_activate_slot,3477_71_79_232_179
S,7,3477,DETECTION,src/tracking/advanced_tracker.py:_activate_slot,3477_235_835_394_912
S,8,3477,DETECTION,src/tracking/advanced_tracker.py:_activate_slot,3477_73_84_184_179
S,6,3477,PREDICTION,src/tracking/advanced_tracker.py:kalman_homography,
S,9,3477,PREDICTION,src/tracking/advanced_tracker.py:flow_gapfill_batched,
D,0,3477
S,1,3477,PREDICTION,src/tracking/advanced_tracker.py:id_merge,
D,1,3477
S,4,3477,PREDICTION,src/tracking/advanced_tracker.py:id_merge,
D,2,3477
S,3,3477,PREDICTION,src/tracking/advanced_tracker.py:id_merge,
D,6,3477
S,5,3477,PREDICTION,src/tracking/advanced_tracker.py:id_merge,
D,5,3477
S,7,3477,PREDICTION,src/tracking/advanced_tracker.py:id_merge,
D,7,3477
S,8,3477,PREDICTION,src/tracking/advanced_tracker.py:id_merge,
D,9,3477
S,8,3477,PREDICTION,src/tracking/advanced_tracker.py:id_merge,
L,3,3477,PREDICTION,src/tracking/advanced_tracker.py:id_merge,
R,PREDICTION,PREDICTION,1
L,4,3477,PREDICTION,src/tracking/advanced_tracker.py:id_merge,
R,PREDICTION,PREDICTION,1
L,8,3477,PREDICTION,src/tracking/advanced_tracker.py:id_merge,
R,PREDICTION,PREDICTION,1
A,3477
S,0,3483,DETECTION,src/tracking/advanced_tracker.py:_activate_slot,3483_218_12_384_124
S,1,3483,DETECTION,src/tracking/advanced_tracker.py:_activate_slot,3483_323_224_508_330
S,2,3483,DETECTION,src/tracking/advanced_tracker.py:_activate_slot,3483_380_814_520_910
S,3,3483,DETECTION,src/tracking/advanced_tracker.py:_activate_slot,3483_141_706_335_825
S,4,3483,DETECTION,src/tracking/advanced_tracker.py:_activate_slot,3483_384_703_525_791
S,7,3483,DETECTION,src/tracking/advanced_tracker.py:_activate_slot,3483_223_828_395_920
S,8,3483,DETECTION,src/tracking/advanced_tracker.py:_activate_slot,3483_54_54_239_172
S,5,3483,PREDICTION,src/tracking/advanced_tracker.py:kalman_homography,
S,6,3483,PREDICTION,src/tracking/advanced_tracker.py:kalman_homography,
D,0,3483
S,1,3483,PREDICTION,src/tracking/advanced_tracker.py:id_merge,
D,1,3483
S,2,3483,PREDICTION,src/tracking/advanced_tracker.py:id_merge,
D,2,3483
S,4,3483,PREDICTION,src/tracking/advanced_tracker.py:id_merge,
D,6,3483
S,5,3483,PREDICTION,src/tracking/advanced_tracker.py:id_merge,
D,5,3483
S,7,3483,PREDICTION,src/tracking/advanced_tracker.py:id_merge,
D,7,3483
S,8,3483,PREDICTION,src/tracking/advanced_tracker.py:id_merge,
L,3,3483,DETECTION,src/tracking/advanced_tracker.py:_activate_slot,3483_141_706_335_825
R,DETECTION,DETECTION,1
L,4,3483,PREDICTION,src/tracking/advanced_tracker.py:id_merge,
R,PREDICTION,PREDICTION,1
L,8,3483,PREDICTION,src/tracking/advanced_tracker.py:id_merge,
R,PREDICTION,PREDICTION,1
A,3483
S,0,3489,DETECTION,src/tracking/advanced_tracker.py:_activate_slot,3489_219_13_386_87
S,1,3489,DETECTION,src/tracking/advanced_tracker.py:_activate_slot,3489_323_192_509_290
S,2,3489,DETECTION,src/tracking/advanced_tracker.py:_activate_slot,3489_381_815_524_913
S,4,3489,DETECTION,src/tracking/advanced_tracker.py:_activate_slot,3489_385_695_528_781
S,7,3489,DETECTION,src/tracking/advanced_tracker.py:_activate_slot,3489_224_836_401_924
S,8,3489,DETECTION,src/tracking/advanced_tracker.py:_activate_slot,3489_67_24_241_132
S,3,3489,PREDICTION,src/tracking/advanced_tracker.py:kalman_homography,
S,6,3489,PREDICTION,src/tracking/advanced_tracker.py:kalman_homography,
S,5,3489,PREDICTION,src/tracking/advanced_tracker.py:flow_gapfill_batched,
D,0,3489
S,1,3489,PREDICTION,src/tracking/advanced_tracker.py:id_merge,
D,1,3489
S,2,3489,PREDICTION,src/tracking/advanced_tracker.py:id_merge,
D,2,3489
S,4,3489,PREDICTION,src/tracking/advanced_tracker.py:id_merge,
D,6,3489
S,5,3489,PREDICTION,src/tracking/advanced_tracker.py:id_merge,
D,5,3489
S,7,3489,PREDICTION,src/tracking/advanced_tracker.py:id_merge,
D,7,3489
S,8,3489,PREDICTION,src/tracking/advanced_tracker.py:id_merge,
L,3,3489,PREDICTION,src/tracking/advanced_tracker.py:kalman_homography,
R,PREDICTION,PREDICTION,1
L,4,3489,PREDICTION,src/tracking/advanced_tracker.py:id_merge,
R,PREDICTION,PREDICTION,1
L,8,3489,PREDICTION,src/tracking/advanced_tracker.py:id_merge,
R,PREDICTION,PREDICTION,1
A,3489
S,0,3495,DETECTION,src/tracking/advanced_tracker.py:_activate_slot,3495_213_3_381_76
S,1,3495,DETECTION,src/tracking/advanced_tracker.py:_activate_slot,3495_319_166_506_281
S,2,3495,DETECTION,src/tracking/advanced_tracker.py:_activate_slot,3495_378_812_518_914
S,3,3495,DETECTION,src/tracking/advanced_tracker.py:_activate_slot,3495_86_14_238_114
S,4,3495,DETECTION,src/tracking/advanced_tracker.py:_activate_slot,3495_387_688_540_777
S,7,3495,DETECTION,src/tracking/advanced_tracker.py:_activate_slot,3495_233_829_412_928
S,8,3495,DETECTION,src/tracking/advanced_tracker.py:_activate_slot,3495_87_459_222_574
S,5,3495,PREDICTION,src/tracking/advanced_tracker.py:flow_gapfill_batched,
S,6,3495,PREDICTION,src/tracking/advanced_tracker.py:flow_gapfill_batched,
D,0,3495
S,1,3495,PREDICTION,src/tracking/advanced_tracker.py:id_merge,
D,1,3495
S,2,3495,PREDICTION,src/tracking/advanced_tracker.py:id_merge,
D,2,3495
S,4,3495,PREDICTION,src/tracking/advanced_tracker.py:id_merge,
D,3,3495
S,4,3495,PREDICTION,src/tracking/advanced_tracker.py:id_merge,
D,6,3495
S,5,3495,PREDICTION,src/tracking/advanced_tracker.py:id_merge,
D,5,3495
S,7,3495,PREDICTION,src/tracking/advanced_tracker.py:id_merge,
D,7,3495
S,8,3495,PREDICTION,src/tracking/advanced_tracker.py:id_merge,
L,4,3495,PREDICTION,src/tracking/advanced_tracker.py:id_merge,
R,PREDICTION,PREDICTION,1
L,8,3495,PREDICTION,src/tracking/advanced_tracker.py:id_merge,
R,PREDICTION,PREDICTION,1
A,3495
S,0,3501,DETECTION,src/tracking/advanced_tracker.py:_activate_slot,3501_210_-6_383_67
S,1,3501,DETECTION,src/tracking/advanced_tracker.py:_activate_slot,3501_318_144_504_240
S,3,3501,DETECTION,src/tracking/advanced_tracker.py:_activate_slot,3501_185_648_343_769
S,4,3501,DETECTION,src/tracking/advanced_tracker.py:_activate_slot,3501_392_668_544_768
S,2,3501,DETECTION,src/tracking/advanced_tracker.py:_activate_slot,3501_380_808_517_912
S,7,3501,DETECTION,src/tracking/advanced_tracker.py:_activate_slot,3501_251_823_413_931
S,8,3501,DETECTION,src/tracking/advanced_tracker.py:_activate_slot,3501_82_437_222_537
S,5,3501,PREDICTION,src/tracking/advanced_tracker.py:flow_gapfill_batched,
D,0,3501
S,1,3501,PREDICTION,src/tracking/advanced_tracker.py:id_merge,
D,1,3501
S,2,3501,PREDICTION,src/tracking/advanced_tracker.py:id_merge,
D,2,3501
S,4,3501,PREDICTION,src/tracking/advanced_tracker.py:id_merge,
D,5,3501
S,7,3501,PREDICTION,src/tracking/advanced_tracker.py:id_merge,
D,7,3501
S,8,3501,PREDICTION,src/tracking/advanced_tracker.py:id_merge,
L,3,3501,DETECTION,src/tracking/advanced_tracker.py:_activate_slot,3501_185_648_343_769
R,DETECTION,DETECTION,1
L,4,3501,PREDICTION,src/tracking/advanced_tracker.py:id_merge,
R,PREDICTION,PREDICTION,1
L,8,3501,PREDICTION,src/tracking/advanced_tracker.py:id_merge,
R,PREDICTION,PREDICTION,1
A,3501
S,0,3507,DETECTION,src/tracking/advanced_tracker.py:_activate_slot,3507_115_644_251_777
S,1,3507,DETECTION,src/tracking/advanced_tracker.py:_activate_slot,3507_323_128_500_211
S,2,3507,DETECTION,src/tracking/advanced_tracker.py:_activate_slot,3507_381_809_516_913
S,4,3507,DETECTION,src/tracking/advanced_tracker.py:_activate_slot,3507_394_656_541_758
S,7,3507,DETECTION,src/tracking/advanced_tracker.py:_activate_slot,3507_258_817_416_929
S,8,3507,DETECTION,src/tracking/advanced_tracker.py:_activate_slot,3507_78_420_223_528
S,3,3507,PREDICTION,src/tracking/advanced_tracker.py:kalman_homography,
S,5,3507,PREDICTION,src/tracking/advanced_tracker.py:flow_gapfill_batched,
D,3,3507
S,0,3507,PREDICTION,src/tracking/advanced_tracker.py:id_merge,
D,1,3507
S,2,3507,PREDICTION,src/tracking/advanced_tracker.py:id_merge,
D,2,3507
S,4,3507,PREDICTION,src/tracking/advanced_tracker.py:id_merge,
D,5,3507
S,7,3507,PREDICTION,src/tracking/advanced_tracker.py:id_merge,
D,7,3507
S,8,3507,PREDICTION,src/tracking/advanced_tracker.py:id_merge,
L,0,3507,PREDICTION,src/tracking/advanced_tracker.py:id_merge,
R,PREDICTION,PREDICTION,1
L,4,3507,PREDICTION,src/tracking/advanced_tracker.py:id_merge,
R,PREDICTION,PREDICTION,1
L,8,3507,PREDICTION,src/tracking/advanced_tracker.py:id_merge,
R,PREDICTION,PREDICTION,1
A,3507
S,0,3513,DETECTION,src/tracking/advanced_tracker.py:_activate_slot,3513_565_268_673_360
S,1,3513,DETECTION,src/tracking/advanced_tracker.py:_activate_slot,3513_315_89_503_204
S,2,3513,DETECTION,src/tracking/advanced_tracker.py:_activate_slot,3513_384_810_522_910
S,4,3513,DETECTION,src/tracking/advanced_tracker.py:_activate_slot,3513_394_644_530_726
S,5,3513,DETECTION,src/tracking/advanced_tracker.py:_activate_slot,3513_66_823_219_892
S,7,3513,DETECTION,src/tracking/advanced_tracker.py:_activate_slot,3513_262_804_423_916
S,8,3513,DETECTION,src/tracking/advanced_tracker.py:_activate_slot,3513_79_397_219_516
S,3,3513,PREDICTION,src/tracking/advanced_tracker.py:kalman_homography,
D,0,3513
S,1,3513,PREDICTION,src/tracking/advanced_tracker.py:id_merge,
D,1,3513
S,2,3513,PREDICTION,src/tracking/advanced_tracker.py:id_merge,
D,3,3513
S,2,3513,PREDICTION,src/tracking/advanced_tracker.py:id_merge,
D,2,3513
S,4,3513,PREDICTION,src/tracking/advanced_tracker.py:id_merge,
D,7,3513
S,8,3513,PREDICTION,src/tracking/advanced_tracker.py:id_merge,
L,4,3513,PREDICTION,src/tracking/advanced_tracker.py:id_merge,
R,PREDICTION,PREDICTION,1
L,5,3513,DETECTION,src/tracking/advanced_tracker.py:_activate_slot,3513_66_823_219_892
R,CLAMP,CLAMP,0
L,8,3513,PREDICTION,src/tracking/advanced_tracker.py:id_merge,
R,PREDICTION,PREDICTION,1
A,3513
S,1,3519,DETECTION,src/tracking/advanced_tracker.py:_activate_slot,3519_112_605_244_700
S,4,3519,DETECTION,src/tracking/advanced_tracker.py:_activate_slot,3519_568_270_674_362
S,2,3519,DETECTION,src/tracking/advanced_tracker.py:_activate_slot,3519_380_803_514_903
S,5,3519,DETECTION,src/tracking/advanced_tracker.py:_activate_slot,3519_72_826_219_894
S,7,3519,DETECTION,src/tracking/advanced_tracker.py:_activate_slot,3519_259_777_432_885
S,8,3519,DETECTION,src/tracking/advanced_tracker.py:_activate_slot,3519_79_376_223_456
S,9,3519,DETECTION,src/tracking/advanced_tracker.py:_activate_slot,3519_143_917_294_1009
S,3,3519,PREDICTION,src/tracking/advanced_tracker.py:kalman_homography,
S,0,3519,PREDICTION,src/tracking/advanced_tracker.py:flow_gapfill_batched,
D,0,3519
S,2,3519,PREDICTION,src/tracking/advanced_tracker.py:id_merge,
D,3,3519
S,1,3519,PREDICTION,src/tracking/advanced_tracker.py:id_merge,
D,2,3519
S,4,3519,PREDICTION,src/tracking/advanced_tracker.py:id_merge,
D,7,3519
S,8,3519,PREDICTION,src/tracking/advanced_tracker.py:id_merge,
L,1,3519,PREDICTION,src/tracking/advanced_tracker.py:id_merge,
R,PREDICTION,PREDICTION,1
L,4,3519,PREDICTION,src/tracking/advanced_tracker.py:id_merge,
R,PREDICTION,PREDICTION,1
L,5,3519,DETECTION,src/tracking/advanced_tracker.py:_activate_slot,3519_72_826_219_894
R,CLAMP,CLAMP,0
L,8,3519,PREDICTION,src/tracking/advanced_tracker.py:id_merge,
R,PREDICTION,PREDICTION,1
L,9,3519,DETECTION,src/tracking/advanced_tracker.py:_activate_slot,3519_143_917_294_1009
R,CLAMP,CLAMP,0
A,3519
S,1,3525,DETECTION,src/tracking/advanced_tracker.py:_activate_slot,3525_104_585_251_697
S,2,3525,DETECTION,src/tracking/advanced_tracker.py:_activate_slot,3525_376_794_519_898
S,4,3525,DETECTION,src/tracking/advanced_tracker.py:_activate_slot,3525_566_269_674_363
S,7,3525,DETECTION,src/tracking/advanced_tracker.py:_activate_slot,3525_259_776_435_881
S,8,3525,DETECTION,src/tracking/advanced_tracker.py:_activate_slot,3525_70_343_222_454
S,3,3525,PREDICTION,src/tracking/advanced_tracker.py:kalman_homography,
S,9,3525,PREDICTION,src/tracking/advanced_tracker.py:kalman_homography,
S,0,3525,PREDICTION,src/tracking/advanced_tracker.py:flow_gapfill_batched,
S,5,3525,PREDICTION,src/tracking/advanced_tracker.py:flow_gapfill_batched,
D,0,3525
S,2,3525,PREDICTION,src/tracking/advanced_tracker.py:id_merge,
D,3,3525
S,1,3525,PREDICTION,src/tracking/advanced_tracker.py:id_merge,
D,2,3525
S,4,3525,PREDICTION,src/tracking/advanced_tracker.py:id_merge,
D,5,3525
S,9,3525,PREDICTION,src/tracking/advanced_tracker.py:id_merge,
D,7,3525
S,8,3525,PREDICTION,src/tracking/advanced_tracker.py:id_merge,
L,1,3525,PREDICTION,src/tracking/advanced_tracker.py:id_merge,
R,PREDICTION,PREDICTION,1
L,4,3525,PREDICTION,src/tracking/advanced_tracker.py:id_merge,
R,PREDICTION,SUBPIXEL,0
L,8,3525,PREDICTION,src/tracking/advanced_tracker.py:id_merge,
R,PREDICTION,PREDICTION,1
L,9,3525,PREDICTION,src/tracking/advanced_tracker.py:id_merge,
R,CLAMP,CLAMP,0
A,3525
S,4,3531,DETECTION,src/tracking/advanced_tracker.py:_activate_slot,3531_564_269_674_364
S,2,3531,DETECTION,src/tracking/advanced_tracker.py:_activate_slot,3531_380_786_520_892
S,6,3531,DETECTION,src/tracking/advanced_tracker.py:_activate_slot,3531_68_821_214_895
S,7,3531,DETECTION,src/tracking/advanced_tracker.py:_activate_slot,3531_259_762_449_869
S,8,3531,DETECTION,src/tracking/advanced_tracker.py:_activate_slot,3531_73_326_217_441
S,1,3531,PREDICTION,src/tracking/advanced_tracker.py:kalman_homography,
S,3,3531,PREDICTION,src/tracking/advanced_tracker.py:kalman_homography,
S,5,3531,PREDICTION,src/tracking/advanced_tracker.py:kalman_homography,
S,9,3531,PREDICTION,src/tracking/advanced_tracker.py:kalman_homography,
S,0,3531,PREDICTION,src/tracking/advanced_tracker.py:flow_gapfill_batched,
D,0,3531
S,2,3531,PREDICTION,src/tracking/advanced_tracker.py:id_merge,
D,3,3531
S,2,3531,PREDICTION,src/tracking/advanced_tracker.py:id_merge,
D,2,3531
S,4,3531,PREDICTION,src/tracking/advanced_tracker.py:id_merge,
D,9,3531
S,6,3531,PREDICTION,src/tracking/advanced_tracker.py:id_merge,
D,7,3531
S,8,3531,PREDICTION,src/tracking/advanced_tracker.py:id_merge,
L,1,3531,PREDICTION,src/tracking/advanced_tracker.py:kalman_homography,
R,PREDICTION,PREDICTION,1
L,4,3531,PREDICTION,src/tracking/advanced_tracker.py:id_merge,
R,PREDICTION,SUBPIXEL,0
L,5,3531,PREDICTION,src/tracking/advanced_tracker.py:kalman_homography,
R,CLAMP,CLAMP,0
L,6,3531,PREDICTION,src/tracking/advanced_tracker.py:id_merge,
R,PREDICTION,PREDICTION,1
L,8,3531,PREDICTION,src/tracking/advanced_tracker.py:id_merge,
R,PREDICTION,SUBPIXEL,0
A,3531
S,1,3537,DETECTION,src/tracking/advanced_tracker.py:_activate_slot,3537_102_541_236_611
S,2,3537,DETECTION,src/tracking/advanced_tracker.py:_activate_slot,3537_381_797_514_883
S,6,3537,DETECTION,src/tracking/advanced_tracker.py:_activate_slot,3537_296_-15_487_83
S,7,3537,DETECTION,src/tracking/advanced_tracker.py:_activate_slot,3537_270_747_445_819
S,8,3537,DETECTION,src/tracking/advanced_tracker.py:_activate_slot,3537_84_302_205_416
S,3,3537,PREDICTION,src/tracking/advanced_tracker.py:kalman_homography,
S,5,3537,PREDICTION,src/tracking/advanced_tracker.py:kalman_homography,
S,9,3537,PREDICTION,src/tracking/advanced_tracker.py:kalman_homography,
S,0,3537,PREDICTION,src/tracking/advanced_tracker.py:flow_gapfill_batched,
S,4,3537,PREDICTION,src/tracking/advanced_tracker.py:flow_gapfill_batched,
D,0,3537
S,2,3537,PREDICTION,src/tracking/advanced_tracker.py:id_merge,
D,3,3537
S,2,3537,PREDICTION,src/tracking/advanced_tracker.py:id_merge,
D,4,3537
S,2,3537,PREDICTION,src/tracking/advanced_tracker.py:id_merge,
D,6,3537
S,7,3537,PREDICTION,src/tracking/advanced_tracker.py:id_merge,
D,7,3537
S,8,3537,PREDICTION,src/tracking/advanced_tracker.py:id_merge,
L,1,3537,DETECTION,src/tracking/advanced_tracker.py:_activate_slot,3537_102_541_236_611
R,DETECTION,DETECTION,1
L,2,3537,PREDICTION,src/tracking/advanced_tracker.py:id_merge,
R,PREDICTION,PREDICTION,1
L,5,3537,PREDICTION,src/tracking/advanced_tracker.py:kalman_homography,
R,PREDICTION,PREDICTION,1
L,8,3537,PREDICTION,src/tracking/advanced_tracker.py:id_merge,
R,PREDICTION,PREDICTION,1
L,9,3537,PREDICTION,src/tracking/advanced_tracker.py:kalman_homography,
R,CLAMP,CLAMP,0
A,3537
S,1,3543,DETECTION,src/tracking/advanced_tracker.py:_activate_slot,3543_189_479_344_574
S,2,3543,DETECTION,src/tracking/advanced_tracker.py:_activate_slot,3543_396_524_544_638
S,4,3543,DETECTION,src/tracking/advanced_tracker.py:_activate_slot,3543_101_509_244_595
S,6,3543,DETECTION,src/tracking/advanced_tracker.py:_activate_slot,3543_70_272_202_350
S,8,3543,DETECTION,src/tracking/advanced_tracker.py:_activate_slot,3543_69_273_206_367
S,7,3543,DETECTION,src/tracking/advanced_tracker.py:_activate_slot,3543_255_707_418_803
S,3,3543,PREDICTION,src/tracking/advanced_tracker.py:kalman_homography,
S,9,3543,PREDICTION,src/tracking/advanced_tracker.py:kalman_homography,
S,0,3543,PREDICTION,src/tracking/advanced_tracker.py:flow_gapfill_batched,
S,5,3543,PREDICTION,src/tracking/advanced_tracker.py:flow_gapfill_batched,
D,0,3543
S,1,3543,PREDICTION,src/tracking/advanced_tracker.py:id_merge,
D,1,3543
S,2,3543,PREDICTION,src/tracking/advanced_tracker.py:id_merge,
D,5,3543
S,9,3543,PREDICTION,src/tracking/advanced_tracker.py:id_merge,
D,6,3543
S,7,3543,PREDICTION,src/tracking/advanced_tracker.py:id_merge,
D,7,3543
S,8,3543,PREDICTION,src/tracking/advanced_tracker.py:id_merge,
L,2,3543,PREDICTION,src/tracking/advanced_tracker.py:id_merge,
R,PREDICTION,PREDICTION,1
L,3,3543,PREDICTION,src/tracking/advanced_tracker.py:kalman_homography,
R,CLAMP,CLAMP,0
L,4,3543,DETECTION,src/tracking/advanced_tracker.py:_activate_slot,3543_101_509_244_595
R,DETECTION,DETECTION,1
L,8,3543,PREDICTION,src/tracking/advanced_tracker.py:id_merge,
R,PREDICTION,PREDICTION,1
L,9,3543,PREDICTION,src/tracking/advanced_tracker.py:id_merge,
R,CLAMP,CLAMP,0
A,3543
S,1,3549,DETECTION,src/tracking/advanced_tracker.py:_activate_slot,3549_179_452_343_565
S,6,3549,DETECTION,src/tracking/advanced_tracker.py:_activate_slot,3549_259_713_446_815
S,8,3549,DETECTION,src/tracking/advanced_tracker.py:_activate_slot,3549_70_251_205_343
S,2,3549,PREDICTION,src/tracking/advanced_tracker.py:kalman_homography,
S,4,3549,PREDICTION,src/tracking/advanced_tracker.py:kalman_homography,
S,7,3549,PREDICTION,src/tracking/advanced_tracker.py:kalman_homography,
S,9,3549,PREDICTION,src/tracking/advanced_tracker.py:kalman_homography,
S,3,3549,PREDICTION,src/tracking/advanced_tracker.py:flow_gapfill_batched,
S,5,3549,PREDICTION,src/tracking/advanced_tracker.py:flow_gapfill_batched,
D,2,3549
S,1,3549,PREDICTION,src/tracking/advanced_tracker.py:id_merge,
D,3,3549
S,1,3549,PREDICTION,src/tracking/advanced_tracker.py:id_merge,
D,4,3549
S,1,3549,PREDICTION,src/tracking/advanced_tracker.py:id_merge,
D,5,3549
S,9,3549,PREDICTION,src/tracking/advanced_tracker.py:id_merge,
D,7,3549
S,6,3549,PREDICTION,src/tracking/advanced_tracker.py:id_merge,
D,6,3549
S,8,3549,PREDICTION,src/tracking/advanced_tracker.py:id_merge,
L,1,3549,PREDICTION,src/tracking/advanced_tracker.py:id_merge,
R,PREDICTION,PREDICTION,1
L,8,3549,PREDICTION,src/tracking/advanced_tracker.py:id_merge,
R,PREDICTION,PREDICTION,1
L,9,3549,PREDICTION,src/tracking/advanced_tracker.py:id_merge,
R,CLAMP,CLAMP,0
A,3549
S,1,3555,DETECTION,src/tracking/advanced_tracker.py:_activate_slot,3555_176_413_343_562
S,6,3555,DETECTION,src/tracking/advanced_tracker.py:_activate_slot,3555_61_230_189_321
S,8,3555,DETECTION,src/tracking/advanced_tracker.py:_activate_slot,3555_59_231_196_344
S,9,3555,DETECTION,src/tracking/advanced_tracker.py:_activate_slot,3555_60_229_187_305
S,2,3555,PREDICTION,src/tracking/advanced_tracker.py:kalman_homography,
S,4,3555,PREDICTION,src/tracking/advanced_tracker.py:kalman_homography,
S,7,3555,PREDICTION,src/tracking/advanced_tracker.py:kalman_homography,
S,0,3555,PREDICTION,src/tracking/advanced_tracker.py:flow_gapfill_batched,
S,5,3555,PREDICTION,src/tracking/advanced_tracker.py:flow_gapfill_batched,
D,0,3555
S,1,3555,PREDICTION,src/tracking/advanced_tracker.py:id_merge,
D,2,3555
S,1,3555,PREDICTION,src/tracking/advanced_tracker.py:id_merge,
D,7,3555
S,6,3555,PREDICTION,src/tracking/advanced_tracker.py:id_merge,
D,6,3555
S,8,3555,PREDICTION,src/tracking/advanced_tracker.py:id_merge,
D,8,3555
S,9,3555,PREDICTION,src/tracking/advanced_tracker.py:id_merge,
L,1,3555,PREDICTION,src/tracking/advanced_tracker.py:id_merge,
R,PREDICTION,PREDICTION,1
L,4,3555,PREDICTION,src/tracking/advanced_tracker.py:kalman_homography,
R,PREDICTION,PREDICTION,1
L,5,3555,PREDICTION,src/tracking/advanced_tracker.py:flow_gapfill_batched,
R,CLAMP,CLAMP,0
L,9,3555,PREDICTION,src/tracking/advanced_tracker.py:id_merge,
R,PREDICTION,PREDICTION,1
A,3555
S,1,3561,DETECTION,src/tracking/advanced_tracker.py:_activate_slot,3561_179_407_337_481
S,6,3561,DETECTION,src/tracking/advanced_tracker.py:_activate_slot,3561_277_686_445_800
S,8,3561,DETECTION,src/tracking/advanced_tracker.py:_activate_slot,3561_57_215_187_284
S,2,3561,PREDICTION,src/tracking/advanced_tracker.py:kalman_homography,
S,7,3561,PREDICTION,src/tracking/advanced_tracker.py:kalman_homography,
S,9,3561,PREDICTION,src/tracking/advanced_tracker.py:kalman_homography,
S,4,3561,PREDICTION,src/tracking/advanced_tracker.py:flow_gapfill_batched,
S,5,3561,PREDICTION,src/tracking/advanced_tracker.py:flow_gapfill_batched,
D,2,3561
S,1,3561,PREDICTION,src/tracking/advanced_tracker.py:id_merge,
D,4,3561
S,1,3561,PREDICTION,src/tracking/advanced_tracker.py:id_merge,
D,7,3561
S,6,3561,PREDICTION,src/tracking/advanced_tracker.py:id_merge,
D,6,3561
S,8,3561,PREDICTION,src/tracking/advanced_tracker.py:id_merge,
D,9,3561
S,8,3561,PREDICTION,src/tracking/advanced_tracker.py:id_merge,
L,1,3561,PREDICTION,src/tracking/advanced_tracker.py:id_merge,
R,PREDICTION,PREDICTION,1
L,5,3561,PREDICTION,src/tracking/advanced_tracker.py:flow_gapfill_batched,
R,CLAMP,CLAMP,0
L,8,3561,PREDICTION,src/tracking/advanced_tracker.py:id_merge,
R,PREDICTION,PREDICTION,1
A,3561
S,0,3567,DETECTION,src/tracking/advanced_tracker.py:_activate_slot,3567_-1_411_67_473
S,6,3567,DETECTION,src/tracking/advanced_tracker.py:_activate_slot,3567_283_694_447_792
S,8,3567,DETECTION,src/tracking/advanced_tracker.py:_activate_slot,3567_58_208_185_286
S,9,3567,DETECTION,src/tracking/advanced_tracker.py:_activate_slot,3567_43_807_189_884
S,1,3567,PREDICTION,src/tracking/advanced_tracker.py:kalman_homography,
S,2,3567,PREDICTION,src/tracking/advanced_tracker.py:kalman_homography,
S,7,3567,PREDICTION,src/tracking/advanced_tracker.py:kalman_homography,
S,4,3567,PREDICTION,src/tracking/advanced_tracker.py:flow_gapfill_batched,
S,5,3567,PREDICTION,src/tracking/advanced_tracker.py:flow_gapfill_batched,
D,4,3567
S,0,3567,PREDICTION,src/tracking/advanced_tracker.py:id_merge,
D,2,3567
S,1,3567,PREDICTION,src/tracking/advanced_tracker.py:id_merge,
D,5,3567
S,9,3567,PREDICTION,src/tracking/advanced_tracker.py:id_merge,
D,7,3567
S,6,3567,PREDICTION,src/tracking/advanced_tracker.py:id_merge,
D,6,3567
S,8,3567,PREDICTION,src/tracking/advanced_tracker.py:id_merge,
L,0,3567,PREDICTION,src/tracking/advanced_tracker.py:id_merge,
R,PREDICTION,PREDICTION,1
L,1,3567,PREDICTION,src/tracking/advanced_tracker.py:id_merge,
R,PREDICTION,PREDICTION,1
L,8,3567,PREDICTION,src/tracking/advanced_tracker.py:id_merge,
R,PREDICTION,SUBPIXEL,0
L,9,3567,PREDICTION,src/tracking/advanced_tracker.py:id_merge,
R,CLAMP,CLAMP,0
A,3567
S,0,3573,DETECTION,src/tracking/advanced_tracker.py:_activate_slot,3573_162_0_334_69
S,8,3573,DETECTION,src/tracking/advanced_tracker.py:_activate_slot,3573_50_202_193_302
S,1,3573,PREDICTION,src/tracking/advanced_tracker.py:kalman_homography,
S,2,3573,PREDICTION,src/tracking/advanced_tracker.py:kalman_homography,
S,6,3573,PREDICTION,src/tracking/advanced_tracker.py:kalman_homography,
S,7,3573,PREDICTION,src/tracking/advanced_tracker.py:kalman_homography,
S,4,3573,PREDICTION,src/tracking/advanced_tracker.py:flow_gapfill_batched,
S,9,3573,PREDICTION,src/tracking/advanced_tracker.py:flow_gapfill_batched,
D,1,3573
S,0,3573,PREDICTION,src/tracking/advanced_tracker.py:id_merge,
D,2,3573
S,0,3573,PREDICTION,src/tracking/advanced_tracker.py:id_merge,
D,4,3573
S,0,3573,PREDICTION,src/tracking/advanced_tracker.py:id_merge,
D,7,3573
S,6,3573,PREDICTION,src/tracking/advanced_tracker.py:id_merge,
L,0,3573,PREDICTION,src/tracking/advanced_tracker.py:id_merge,
R,PREDICTION,PREDICTION,1
L,6,3573,PREDICTION,src/tracking/advanced_tracker.py:id_merge,
R,CLAMP,CLAMP,0
L,8,3573,DETECTION,src/tracking/advanced_tracker.py:_activate_slot,3573_50_202_193_302
R,DETECTION,DETECTION,1
L,9,3573,PREDICTION,src/tracking/advanced_tracker.py:flow_gapfill_batched,
R,CLAMP,CLAMP,0
A,3573
S,0,3579,DETECTION,src/tracking/advanced_tracker.py:_activate_slot,3579_162_25_319_96
S,8,3579,DETECTION,src/tracking/advanced_tracker.py:_activate_slot,3579_18_861_144_955
S,1,3579,PREDICTION,src/tracking/advanced_tracker.py:kalman_homography,
S,2,3579,PREDICTION,src/tracking/advanced_tracker.py:kalman_homography,
S,6,3579,PREDICTION,src/tracking/advanced_tracker.py:kalman_homography,
S,7,3579,PREDICTION,src/tracking/advanced_tracker.py:kalman_homography,
S,9,3579,PREDICTION,src/tracking/advanced_tracker.py:kalman_homography,
S,4,3579,PREDICTION,src/tracking/advanced_tracker.py:flow_gapfill_batched,
D,1,3579
S,0,3579,PREDICTION,src/tracking/advanced_tracker.py:id_merge,
D,2,3579
S,0,3579,PREDICTION,src/tracking/advanced_tracker.py:id_merge,
D,4,3579
S,0,3579,PREDICTION,src/tracking/advanced_tracker.py:id_merge,
L,0,3579,PREDICTION,src/tracking/advanced_tracker.py:id_merge,
R,PREDICTION,PREDICTION,1
L,6,3579,PREDICTION,src/tracking/advanced_tracker.py:kalman_homography,
R,CLAMP,CLAMP,0
L,7,3579,PREDICTION,src/tracking/advanced_tracker.py:kalman_homography,
R,PREDICTION,PREDICTION,1
L,8,3579,DETECTION,src/tracking/advanced_tracker.py:_activate_slot,3579_18_861_144_955
R,CLAMP,CLAMP,0
L,9,3579,PREDICTION,src/tracking/advanced_tracker.py:kalman_homography,
R,CLAMP,CLAMP,0
A,3579
S,3,3585,DETECTION,src/tracking/advanced_tracker.py:_activate_slot,3585_63_838_189_948
S,1,3585,PREDICTION,src/tracking/advanced_tracker.py:kalman_homography,
S,6,3585,PREDICTION,src/tracking/advanced_tracker.py:kalman_homography,
S,7,3585,PREDICTION,src/tracking/advanced_tracker.py:kalman_homography,
S,0,3585,PREDICTION,src/tracking/advanced_tracker.py:flow_gapfill_batched,
S,2,3585,PREDICTION,src/tracking/advanced_tracker.py:flow_gapfill_batched,
S,4,3585,PREDICTION,src/tracking/advanced_tracker.py:flow_gapfill_batched,
S,8,3585,PREDICTION,src/tracking/advanced_tracker.py:flow_gapfill_batched,
S,9,3585,PREDICTION,src/tracking/advanced_tracker.py:flow_gapfill_batched,
D,1,3585
S,0,3585,PREDICTION,src/tracking/advanced_tracker.py:id_merge,
D,2,3585
S,0,3585,PREDICTION,src/tracking/advanced_tracker.py:id_merge,
D,4,3585
S,0,3585,PREDICTION,src/tracking/advanced_tracker.py:id_merge,
L,0,3585,PREDICTION,src/tracking/advanced_tracker.py:id_merge,
R,PREDICTION,PREDICTION,1
L,3,3585,DETECTION,src/tracking/advanced_tracker.py:_activate_slot,3585_63_838_189_948
R,CLAMP,CLAMP,0
L,6,3585,PREDICTION,src/tracking/advanced_tracker.py:kalman_homography,
R,CLAMP,CLAMP,0
L,7,3585,PREDICTION,src/tracking/advanced_tracker.py:kalman_homography,
R,PREDICTION,PREDICTION,1
L,8,3585,PREDICTION,src/tracking/advanced_tracker.py:flow_gapfill_batched,
R,CLAMP,CLAMP,0
L,9,3585,PREDICTION,src/tracking/advanced_tracker.py:flow_gapfill_batched,
R,CLAMP,CLAMP,0
A,3585
S,3,3591,DETECTION,src/tracking/advanced_tracker.py:_activate_slot,3591_347_814_477_928
S,1,3591,PREDICTION,src/tracking/advanced_tracker.py:kalman_homography,
S,8,3591,PREDICTION,src/tracking/advanced_tracker.py:kalman_homography,
S,0,3591,PREDICTION,src/tracking/advanced_tracker.py:flow_gapfill_batched,
S,2,3591,PREDICTION,src/tracking/advanced_tracker.py:flow_gapfill_batched,
S,4,3591,PREDICTION,src/tracking/advanced_tracker.py:flow_gapfill_batched,
S,6,3591,PREDICTION,src/tracking/advanced_tracker.py:flow_gapfill_batched,
S,7,3591,PREDICTION,src/tracking/advanced_tracker.py:flow_gapfill_batched,
S,9,3591,PREDICTION,src/tracking/advanced_tracker.py:flow_gapfill_batched,
D,1,3591
S,0,3591,PREDICTION,src/tracking/advanced_tracker.py:id_merge,
D,2,3591
S,0,3591,PREDICTION,src/tracking/advanced_tracker.py:id_merge,
D,0,3591
S,3,3591,PREDICTION,src/tracking/advanced_tracker.py:id_merge,
D,7,3591
S,6,3591,PREDICTION,src/tracking/advanced_tracker.py:id_merge,
L,3,3591,PREDICTION,src/tracking/advanced_tracker.py:id_merge,
R,PREDICTION,PREDICTION,1
L,4,3591,PREDICTION,src/tracking/advanced_tracker.py:flow_gapfill_batched,
R,PREDICTION,PREDICTION,1
L,6,3591,PREDICTION,src/tracking/advanced_tracker.py:id_merge,
R,CLAMP,CLAMP,0
L,8,3591,PREDICTION,src/tracking/advanced_tracker.py:kalman_homography,
R,CLAMP,CLAMP,0
L,9,3591,PREDICTION,src/tracking/advanced_tracker.py:flow_gapfill_batched,
R,CLAMP,CLAMP,0
A,3591
S,1,3597,PREDICTION,src/tracking/advanced_tracker.py:kalman_homography,
S,3,3597,PREDICTION,src/tracking/advanced_tracker.py:kalman_homography,
S,0,3597,PREDICTION,src/tracking/advanced_tracker.py:flow_gapfill_batched,
S,6,3597,PREDICTION,src/tracking/advanced_tracker.py:flow_gapfill_batched,
S,8,3597,PREDICTION,src/tracking/advanced_tracker.py:flow_gapfill_batched,
S,9,3597,PREDICTION,src/tracking/advanced_tracker.py:flow_gapfill_batched,
D,1,3597
S,0,3597,PREDICTION,src/tracking/advanced_tracker.py:id_merge,
L,0,3597,PREDICTION,src/tracking/advanced_tracker.py:id_merge,
R,PREDICTION,PREDICTION,1
L,3,3597,PREDICTION,src/tracking/advanced_tracker.py:kalman_homography,
R,PREDICTION,PREDICTION,1
L,6,3597,PREDICTION,src/tracking/advanced_tracker.py:flow_gapfill_batched,
R,CLAMP,CLAMP,0
L,8,3597,PREDICTION,src/tracking/advanced_tracker.py:flow_gapfill_batched,
R,CLAMP,CLAMP,0
L,9,3597,PREDICTION,src/tracking/advanced_tracker.py:flow_gapfill_batched,
R,CLAMP,CLAMP,0
A,3597
S,1,3603,PREDICTION,src/tracking/advanced_tracker.py:kalman_homography,
S,0,3603,PREDICTION,src/tracking/advanced_tracker.py:flow_gapfill_batched,
S,3,3603,PREDICTION,src/tracking/advanced_tracker.py:flow_gapfill_batched,
S,6,3603,PREDICTION,src/tracking/advanced_tracker.py:flow_gapfill_batched,
S,9,3603,PREDICTION,src/tracking/advanced_tracker.py:flow_gapfill_batched,
D,1,3603
S,0,3603,PREDICTION,src/tracking/advanced_tracker.py:id_merge,
D,0,3603
S,3,3603,PREDICTION,src/tracking/advanced_tracker.py:id_merge,
L,3,3603,PREDICTION,src/tracking/advanced_tracker.py:id_merge,
R,PREDICTION,PREDICTION,1
L,6,3603,PREDICTION,src/tracking/advanced_tracker.py:flow_gapfill_batched,
R,CLAMP,CLAMP,0
L,9,3603,PREDICTION,src/tracking/advanced_tracker.py:flow_gapfill_batched,
R,CLAMP,CLAMP,0
A,3603
S,5,3609,DETECTION,src/tracking/advanced_tracker.py:_activate_slot,3609_56_864_193_944
S,0,3609,PREDICTION,src/tracking/advanced_tracker.py:flow_gapfill_batched,
S,1,3609,PREDICTION,src/tracking/advanced_tracker.py:flow_gapfill_batched,
S,3,3609,PREDICTION,src/tracking/advanced_tracker.py:flow_gapfill_batched,
S,6,3609,PREDICTION,src/tracking/advanced_tracker.py:flow_gapfill_batched,
S,9,3609,PREDICTION,src/tracking/advanced_tracker.py:flow_gapfill_batched,
D,1,3609
S,0,3609,PREDICTION,src/tracking/advanced_tracker.py:id_merge,
D,0,3609
S,3,3609,PREDICTION,src/tracking/advanced_tracker.py:id_merge,
D,9,3609
S,5,3609,PREDICTION,src/tracking/advanced_tracker.py:id_merge,
L,3,3609,PREDICTION,src/tracking/advanced_tracker.py:id_merge,
R,PREDICTION,PREDICTION,1
L,5,3609,PREDICTION,src/tracking/advanced_tracker.py:id_merge,
R,CLAMP,CLAMP,0
L,6,3609,PREDICTION,src/tracking/advanced_tracker.py:flow_gapfill_batched,
R,CLAMP,CLAMP,0
A,3609
S,5,3615,DETECTION,src/tracking/advanced_tracker.py:_activate_slot,3615_59_874_194_949
S,0,3615,PREDICTION,src/tracking/advanced_tracker.py:flow_gapfill_batched,
S,3,3615,PREDICTION,src/tracking/advanced_tracker.py:flow_gapfill_batched,
S,6,3615,PREDICTION,src/tracking/advanced_tracker.py:flow_gapfill_batched,
S,8,3615,PREDICTION,src/tracking/advanced_tracker.py:flow_gapfill_batched,
S,9,3615,PREDICTION,src/tracking/advanced_tracker.py:flow_gapfill_batched,
D,0,3615
S,3,3615,PREDICTION,src/tracking/advanced_tracker.py:id_merge,
D,9,3615
S,5,3615,PREDICTION,src/tracking/advanced_tracker.py:id_merge,
L,3,3615,PREDICTION,src/tracking/advanced_tracker.py:id_merge,
R,PREDICTION,PREDICTION,1
L,5,3615,PREDICTION,src/tracking/advanced_tracker.py:id_merge,
R,CLAMP,CLAMP,0
L,6,3615,PREDICTION,src/tracking/advanced_tracker.py:flow_gapfill_batched,
R,CLAMP,CLAMP,0
L,8,3615,PREDICTION,src/tracking/advanced_tracker.py:flow_gapfill_batched,
R,CLAMP,CLAMP,0
A,3615
S,5,3621,DETECTION,src/tracking/advanced_tracker.py:_activate_slot,3621_51_873_192_971
S,0,3621,PREDICTION,src/tracking/advanced_tracker.py:flow_gapfill_batched,
S,3,3621,PREDICTION,src/tracking/advanced_tracker.py:flow_gapfill_batched,
S,8,3621,PREDICTION,src/tracking/advanced_tracker.py:flow_gapfill_batched,
D,0,3621
S,3,3621,PREDICTION,src/tracking/advanced_tracker.py:id_merge,
L,3,3621,PREDICTION,src/tracking/advanced_tracker.py:id_merge,
R,PREDICTION,PREDICTION,1
L,5,3621,DETECTION,src/tracking/advanced_tracker.py:_activate_slot,3621_51_873_192_971
R,CLAMP,CLAMP,0
L,8,3621,PREDICTION,src/tracking/advanced_tracker.py:flow_gapfill_batched,
R,CLAMP,CLAMP,0
A,3621
S,5,3627,DETECTION,src/tracking/advanced_tracker.py:_activate_slot,3627_50_865_192_950
S,0,3627,PREDICTION,src/tracking/advanced_tracker.py:flow_gapfill_batched,
S,3,3627,PREDICTION,src/tracking/advanced_tracker.py:flow_gapfill_batched,
D,0,3627
S,3,3627,PREDICTION,src/tracking/advanced_tracker.py:id_merge,
L,3,3627,PREDICTION,src/tracking/advanced_tracker.py:id_merge,
R,PREDICTION,PREDICTION,1
L,5,3627,DETECTION,src/tracking/advanced_tracker.py:_activate_slot,3627_50_865_192_950
R,CLAMP,CLAMP,0
A,3627
S,5,3633,DETECTION,src/tracking/advanced_tracker.py:_activate_slot,3633_53_873_195_939
S,2,3633,DETECTION,src/tracking/advanced_tracker.py:_activate_slot,3633_357_912_526_1023
S,4,3633,DETECTION,src/tracking/advanced_tracker.py:_activate_slot,3633_110_446_231_529
S,7,3633,DETECTION,src/tracking/advanced_tracker.py:_activate_slot,3633_153_1101_310_1183
S,3,3633,PREDICTION,src/tracking/advanced_tracker.py:flow_gapfill_batched,
D,3,3633
S,2,3633,PREDICTION,src/tracking/advanced_tracker.py:id_merge,
L,2,3633,PREDICTION,src/tracking/advanced_tracker.py:id_merge,
R,PREDICTION,PREDICTION,1
L,4,3633,DETECTION,src/tracking/advanced_tracker.py:_activate_slot,3633_110_446_231_529
R,DETECTION,DETECTION,1
L,5,3633,DETECTION,src/tracking/advanced_tracker.py:_activate_slot,3633_53_873_195_939
R,CLAMP,CLAMP,0
L,7,3633,DETECTION,src/tracking/advanced_tracker.py:_activate_slot,3633_153_1101_310_1183
R,DETECTION,DETECTION,1
A,3633
S,2,3639,DETECTION,src/tracking/advanced_tracker.py:_activate_slot,3639_370_925_527_1049
S,4,3639,DETECTION,src/tracking/advanced_tracker.py:_activate_slot,3639_108_450_227_532
S,5,3639,DETECTION,src/tracking/advanced_tracker.py:_activate_slot,3639_51_873_194_951
S,7,3639,PREDICTION,src/tracking/advanced_tracker.py:kalman_homography,
S,3,3639,PREDICTION,src/tracking/advanced_tracker.py:flow_gapfill_batched,
D,3,3639
S,2,3639,PREDICTION,src/tracking/advanced_tracker.py:id_merge,
L,2,3639,PREDICTION,src/tracking/advanced_tracker.py:id_merge,
R,PREDICTION,PREDICTION,1
L,4,3639,DETECTION,src/tracking/advanced_tracker.py:_activate_slot,3639_108_450_227_532
R,DETECTION,DETECTION,1
L,5,3639,DETECTION,src/tracking/advanced_tracker.py:_activate_slot,3639_51_873_194_951
R,CLAMP,CLAMP,0
L,7,3639,PREDICTION,src/tracking/advanced_tracker.py:kalman_homography,
R,PREDICTION,PREDICTION,1
A,3639
S,2,3645,DETECTION,src/tracking/advanced_tracker.py:_activate_slot,3645_367_940_527_1049
S,4,3645,DETECTION,src/tracking/advanced_tracker.py:_activate_slot,3645_110_453_228_529
S,5,3645,DETECTION,src/tracking/advanced_tracker.py:_activate_slot,3645_51_872_198_967
S,7,3645,PREDICTION,src/tracking/advanced_tracker.py:kalman_homography,
L,2,3645,DETECTION,src/tracking/advanced_tracker.py:_activate_slot,3645_367_940_527_1049
R,DETECTION,DETECTION,1
L,4,3645,DETECTION,src/tracking/advanced_tracker.py:_activate_slot,3645_110_453_228_529
R,DETECTION,DETECTION,1
L,5,3645,DETECTION,src/tracking/advanced_tracker.py:_activate_slot,3645_51_872_198_967
R,CLAMP,CLAMP,0
L,7,3645,PREDICTION,src/tracking/advanced_tracker.py:kalman_homography,
R,PREDICTION,SUBPIXEL,0
A,3645
S,2,3651,DETECTION,src/tracking/advanced_tracker.py:_activate_slot,3651_367_986_526_1058
S,4,3651,DETECTION,src/tracking/advanced_tracker.py:_activate_slot,3651_117_451_239_528
S,5,3651,DETECTION,src/tracking/advanced_tracker.py:_activate_slot,3651_53_863_200_945
S,7,3651,DETECTION,src/tracking/advanced_tracker.py:_activate_slot,3651_153_1095_310_1181
S,1,3651,DETECTION,src/tracking/advanced_tracker.py:_activate_slot,3651_282_710_458_846
D,1,3651
S,4,3651,PREDICTION,src/tracking/advanced_tracker.py:id_merge,
L,2,3651,DETECTION,src/tracking/advanced_tracker.py:_activate_slot,3651_367_986_526_1058
R,DETECTION,DETECTION,1
L,4,3651,PREDICTION,src/tracking/advanced_tracker.py:id_merge,
R,PREDICTION,PREDICTION,1
L,5,3651,DETECTION,src/tracking/advanced_tracker.py:_activate_slot,3651_53_863_200_945
R,CLAMP,CLAMP,0
L,7,3651,DETECTION,src/tracking/advanced_tracker.py:_activate_slot,3651_153_1095_310_1181
R,CLAMP,CLAMP,1
A,3651
S,0,3657,DETECTION,src/tracking/advanced_tracker.py:_activate_slot,3657_163_1102_306_1174
S,1,3657,DETECTION,src/tracking/advanced_tracker.py:_activate_slot,3657_292_720_461_831
S,2,3657,DETECTION,src/tracking/advanced_tracker.py:_activate_slot,3657_360_975_535_1077
S,4,3657,DETECTION,src/tracking/advanced_tracker.py:_activate_slot,3657_118_455_257_526
S,5,3657,DETECTION,src/tracking/advanced_tracker.py:_activate_slot,3657_65_868_201_943
S,7,3657,DETECTION,src/tracking/advanced_tracker.py:_activate_slot,3657_65_868_201_971
S,6,3657,DETECTION,src/tracking/advanced_tracker.py:_activate_slot,3657_35_205_172_302
S,9,3657,DETECTION,src/tracking/advanced_tracker.py:_activate_slot,3657_65_874_181_945
D,1,3657
S,4,3657,PREDICTION,src/tracking/advanced_tracker.py:id_merge,
D,7,3657
S,9,3657,PREDICTION,src/tracking/advanced_tracker.py:id_merge,
L,0,3657,DETECTION,src/tracking/advanced_tracker.py:_activate_slot,3657_163_1102_306_1174
R,CLAMP,CLAMP,0
L,2,3657,DETECTION,src/tracking/advanced_tracker.py:_activate_slot,3657_360_975_535_1077
R,DETECTION,DETECTION,1
L,4,3657,PREDICTION,src/tracking/advanced_tracker.py:id_merge,
R,PREDICTION,PREDICTION,1
L,5,3657,DETECTION,src/tracking/advanced_tracker.py:_activate_slot,3657_65_868_201_943
R,CLAMP,CLAMP,0
L,6,3657,DETECTION,src/tracking/advanced_tracker.py:_activate_slot,3657_35_205_172_302
R,DETECTION,DETECTION,1
L,9,3657,PREDICTION,src/tracking/advanced_tracker.py:id_merge,
R,CLAMP,CLAMP,0
A,3657
S,0,3663,DETECTION,src/tracking/advanced_tracker.py:_activate_slot,3663_162_1097_341_1195
S,1,3663,DETECTION,src/tracking/advanced_tracker.py:_activate_slot,3663_292_714_462_822
S,2,3663,DETECTION,src/tracking/advanced_tracker.py:_activate_slot,3663_347_995_542_1107
S,4,3663,DETECTION,src/tracking/advanced_tracker.py:_activate_slot,3663_119_460_253_530
S,5,3663,DETECTION,src/tracking/advanced_tracker.py:_activate_slot,3663_64_880_206_968
S,6,3663,PREDICTION,src/tracking/advanced_tracker.py:kalman_homography,
S,7,3663,PREDICTION,src/tracking/advanced_tracker.py:kalman_homography,
S,9,3663,PREDICTION,src/tracking/advanced_tracker.py:kalman_homography,
D,1,3663
S,4,3663,PREDICTION,src/tracking/advanced_tracker.py:id_merge,
D,9,3663
S,5,3663,PREDICTION,src/tracking/advanced_tracker.py:id_merge,
L,0,3663,DETECTION,src/tracking/advanced_tracker.py:_activate_slot,3663_162_1097_341_1195
R,DETECTION,DETECTION,1
L,2,3663,DETECTION,src/tracking/advanced_tracker.py:_activate_slot,3663_347_995_542_1107
R,DETECTION,DETECTION,1
L,4,3663,PREDICTION,src/tracking/advanced_tracker.py:id_merge,
R,PREDICTION,PREDICTION,1
L,5,3663,PREDICTION,src/tracking/advanced_tracker.py:id_merge,
R,CLAMP,CLAMP,0
L,6,3663,PREDICTION,src/tracking/advanced_tracker.py:kalman_homography,
R,PREDICTION,PREDICTION,1
L,7,3663,PREDICTION,src/tracking/advanced_tracker.py:kalman_homography,
R,CLAMP,CLAMP,0
A,3663
S,1,3669,DETECTION,src/tracking/advanced_tracker.py:_activate_slot,3669_288_720_464_846
S,2,3669,DETECTION,src/tracking/advanced_tracker.py:_activate_slot,3669_366_1022_545_1138
S,4,3669,DETECTION,src/tracking/advanced_tracker.py:_activate_slot,3669_121_466_255_537
S,5,3669,DETECTION,src/tracking/advanced_tracker.py:_activate_slot,3669_50_873_206_989
S,0,3669,PREDICTION,src/tracking/advanced_tracker.py:kalman_homography,
S,6,3669,PREDICTION,src/tracking/advanced_tracker.py:kalman_homography,
S,7,3669,PREDICTION,src/tracking/advanced_tracker.py:kalman_homography,
S,9,3669,PREDICTION,src/tracking/advanced_tracker.py:kalman_homography,
D,0,3669
S,1,3669,PREDICTION,src/tracking/advanced_tracker.py:id_merge,
D,1,3669
S,4,3669,PREDICTION,src/tracking/advanced_tracker.py:id_merge,
L,2,3669,DETECTION,src/tracking/advanced_tracker.py:_activate_slot,3669_366_1022_545_1138
R,CLAMP,CLAMP,0
L,4,3669,PREDICTION,src/tracking/advanced_tracker.py:id_merge,
R,PREDICTION,PREDICTION,1
L,5,3669,DETECTION,src/tracking/advanced_tracker.py:_activate_slot,3669_50_873_206_989
R,CLAMP,CLAMP,0
L,6,3669,PREDICTION,src/tracking/advanced_tracker.py:kalman_homography,
R,PREDICTION,SUBPIXEL,0
L,7,3669,PREDICTION,src/tracking/advanced_tracker.py:kalman_homography,
R,PREDICTION,PREDICTION,1
L,9,3669,PREDICTION,src/tracking/advanced_tracker.py:kalman_homography,
R,CLAMP,CLAMP,0
A,3669
S,1,3675,DETECTION,src/tracking/advanced_tracker.py:_activate_slot,3675_291_714_472_860
S,4,3675,DETECTION,src/tracking/advanced_tracker.py:_activate_slot,3675_130_465_255_548
S,2,3675,DETECTION,src/tracking/advanced_tracker.py:_activate_slot,3675_358_1033_545_1147
S,5,3675,DETECTION,src/tracking/advanced_tracker.py:_activate_slot,3675_61_887_206_963
S,6,3675,PREDICTION,src/tracking/advanced_tracker.py:kalman_homography,
S,7,3675,PREDICTION,src/tracking/advanced_tracker.py:kalman_homography,
S,9,3675,PREDICTION,src/tracking/advanced_tracker.py:kalman_homography,
S,0,3675,PREDICTION,src/tracking/advanced_tracker.py:flow_gapfill_batched,
D,1,3675
S,4,3675,PREDICTION,src/tracking/advanced_tracker.py:id_merge,
D,9,3675
S,5,3675,PREDICTION,src/tracking/advanced_tracker.py:id_merge,
L,0,3675,PREDICTION,src/tracking/advanced_tracker.py:flow_gapfill_batched,
R,PREDICTION,PREDICTION,1
L,2,3675,DETECTION,src/tracking/advanced_tracker.py:_activate_slot,3675_358_1033_545_1147
R,CLAMP,CLAMP,0
L,4,3675,PREDICTION,src/tracking/advanced_tracker.py:id_merge,
R,PREDICTION,PREDICTION,1
L,5,3675,PREDICTION,src/tracking/advanced_tracker.py:id_merge,
R,CLAMP,CLAMP,0
L,6,3675,PREDICTION,src/tracking/advanced_tracker.py:kalman_homography,
R,PREDICTION,SUBPIXEL,0
L,7,3675,PREDICTION,src/tracking/advanced_tracker.py:kalman_homography,
R,PREDICTION,PREDICTION,1
A,3675
S,1,3681,DETECTION,src/tracking/advanced_tracker.py:_activate_slot,3681_297_726_476_858
S,4,3681,DETECTION,src/tracking/advanced_tracker.py:_activate_slot,3681_132_475_267_557
S,5,3681,DETECTION,src/tracking/advanced_tracker.py:_activate_slot,3681_69_890_207_982
S,8,3681,DETECTION,src/tracking/advanced_tracker.py:_activate_slot,3681_170_1095_338_1173
S,9,3681,DETECTION,src/tracking/advanced_tracker.py:_activate_slot,3681_68_891_188_968
S,3,3681,DETECTION,src/tracking/advanced_tracker.py:_activate_slot,3681_198_59_382_157
S,6,3681,PREDICTION,src/tracking/advanced_tracker.py:kalman_homography,
S,7,3681,PREDICTION,src/tracking/advanced_tracker.py:kalman_homography,
S,0,3681,PREDICTION,src/tracking/advanced_tracker.py:flow_gapfill_batched,
D,1,3681
S,3,3681,PREDICTION,src/tracking/advanced_tracker.py:id_merge,
D,3,3681
S,4,3681,PREDICTION,src/tracking/advanced_tracker.py:id_merge,
D,5,3681
S,9,3681,PREDICTION,src/tracking/advanced_tracker.py:id_merge,
L,0,3681,PREDICTION,src/tracking/advanced_tracker.py:flow_gapfill_batched,
R,PREDICTION,PREDICTION,1
L,4,3681,PREDICTION,src/tracking/advanced_tracker.py:id_merge,
R,PREDICTION,PREDICTION,1
L,6,3681,PREDICTION,src/tracking/advanced_tracker.py:kalman_homography,
R,PREDICTION,SUBPIXEL,0
L,7,3681,PREDICTION,src/tracking/advanced_tracker.py:kalman_homography,
R,PREDICTION,PREDICTION,1
L,8,3681,DETECTION,src/tracking/advanced_tracker.py:_activate_slot,3681_170_1095_338_1173
R,CLAMP,CLAMP,0
L,9,3681,PREDICTION,src/tracking/advanced_tracker.py:id_merge,
R,CLAMP,CLAMP,0
A,3681
S,1,3687,DETECTION,src/tracking/advanced_tracker.py:_activate_slot,3687_302_731_477_827
S,3,3687,DETECTION,src/tracking/advanced_tracker.py:_activate_slot,3687_199_79_369_169
S,4,3687,DETECTION,src/tracking/advanced_tracker.py:_activate_slot,3687_133_484_294_572
S,5,3687,DETECTION,src/tracking/advanced_tracker.py:_activate_slot,3687_70_899_214_995
S,6,3687,PREDICTION,src/tracking/advanced_tracker.py:kalman_homography,
S,7,3687,PREDICTION,src/tracking/advanced_tracker.py:kalman_homography,
S,8,3687,PREDICTION,src/tracking/advanced_tracker.py:kalman_homography,
S,9,3687,PREDICTION,src/tracking/advanced_tracker.py:kalman_homography,
S,0,3687,PREDICTION,src/tracking/advanced_tracker.py:flow_gapfill_batched,
S,2,3687,PREDICTION,src/tracking/advanced_tracker.py:flow_gapfill_batched,
D,1,3687
S,3,3687,PREDICTION,src/tracking/advanced_tracker.py:id_merge,
D,3,3687
S,4,3687,PREDICTION,src/tracking/advanced_tracker.py:id_merge,
L,0,3687,PREDICTION,src/tracking/advanced_tracker.py:flow_gapfill_batched,
R,PREDICTION,PREDICTION,1
L,2,3687,PREDICTION,src/tracking/advanced_tracker.py:flow_gapfill_batched,
R,CLAMP,CLAMP,0
L,4,3687,PREDICTION,src/tracking/advanced_tracker.py:id_merge,
R,PREDICTION,PREDICTION,1
L,5,3687,DETECTION,src/tracking/advanced_tracker.py:_activate_slot,3687_70_899_214_995
R,CLAMP,CLAMP,0
L,6,3687,PREDICTION,src/tracking/advanced_tracker.py:kalman_homography,
R,PREDICTION,SUBPIXEL,0
L,7,3687,PREDICTION,src/tracking/advanced_tracker.py:kalman_homography,
R,PREDICTION,PREDICTION,1
L,8,3687,PREDICTION,src/tracking/advanced_tracker.py:kalman_homography,
R,CLAMP,CLAMP,0
L,9,3687,PREDICTION,src/tracking/advanced_tracker.py:kalman_homography,
R,CLAMP,CLAMP,0
A,3687
S,1,3693,DETECTION,src/tracking/advanced_tracker.py:_activate_slot,3693_294_729_482_843
S,3,3693,DETECTION,src/tracking/advanced_tracker.py:_activate_slot,3693_191_97_369_193
S,5,3693,DETECTION,src/tracking/advanced_tracker.py:_activate_slot,3693_85_896_205_1002
S,9,3693,DETECTION,src/tracking/advanced_tracker.py:_activate_slot,3693_72_892_208_980
S,4,3693,PREDICTION,src/tracking/advanced_tracker.py:kalman_homography,
S,6,3693,PREDICTION,src/tracking/advanced_tracker.py:kalman_homography,
S,8,3693,PREDICTION,src/tracking/advanced_tracker.py:kalman_homography,
S,0,3693,PREDICTION,src/tracking/advanced_tracker.py:flow_gapfill_batched,
S,2,3693,PREDICTION,src/tracking/advanced_tracker.py:flow_gapfill_batched,
S,7,3693,PREDICTION,src/tracking/advanced_tracker.py:flow_gapfill_batched,
D,1,3693
S,3,3693,PREDICTION,src/tracking/advanced_tracker.py:id_merge,
D,4,3693
S,3,3693,PREDICTION,src/tracking/advanced_tracker.py:id_merge,
L,0,3693,PREDICTION,src/tracking/advanced_tracker.py:flow_gapfill_batched,
R,PREDICTION,PREDICTION,1
L,2,3693,PREDICTION,src/tracking/advanced_tracker.py:flow_gapfill_batched,
R,CLAMP,CLAMP,0
L,3,3693,PREDICTION,src/tracking/advanced_tracker.py:id_merge,
R,PREDICTION,PREDICTION,1
L,5,3693,DETECTION,src/tracking/advanced_tracker.py:_activate_slot,3693_85_896_205_1002
R,CLAMP,CLAMP,0
L,6,3693,PREDICTION,src/tracking/advanced_tracker.py:kalman_homography,
R,PREDICTION,SUBPIXEL,0
L,7,3693,PREDICTION,src/tracking/advanced_tracker.py:flow_gapfill_batched,
R,CLAMP,CLAMP,0
L,8,3693,PREDICTION,src/tracking/advanced_tracker.py:kalman_homography,
R,CLAMP,CLAMP,0
L,9,3693,DETECTION,src/tracking/advanced_tracker.py:_activate_slot,3693_72_892_208_980
R,CLAMP,CLAMP,0
A,3693
S,3,3699,DETECTION,src/tracking/advanced_tracker.py:_activate_slot,3699_175_114_352_205
S,4,3699,DETECTION,src/tracking/advanced_tracker.py:_activate_slot,3699_140_498_262_573
S,1,3699,PREDICTION,src/tracking/advanced_tracker.py:kalman_homography,
S,2,3699,PREDICTION,src/tracking/advanced_tracker.py:kalman_homography,
S,5,3699,PREDICTION,src/tracking/advanced_tracker.py:kalman_homography,
S,6,3699,PREDICTION,src/tracking/advanced_tracker.py:kalman_homography,
S,8,3699,PREDICTION,src/tracking/advanced_tracker.py:kalman_homography,
S,9,3699,PREDICTION,src/tracking/advanced_tracker.py:kalman_homography,
S,7,3699,PREDICTION,src/tracking/advanced_tracker.py:flow_gapfill_batched,
D,1,3699
S,3,3699,PREDICTION,src/tracking/advanced_tracker.py:id_merge,
D,3,3699
S,4,3699,PREDICTION,src/tracking/advanced_tracker.py:id_merge,
D,7,3699
S,9,3699,PREDICTION,src/tracking/advanced_tracker.py:id_merge,
L,2,3699,PREDICTION,src/tracking/advanced_tracker.py:kalman_homography,
R,CLAMP,CLAMP,0
L,4,3699,PREDICTION,src/tracking/advanced_tracker.py:id_merge,
R,PREDICTION,PREDICTION,1
L,5,3699,PREDICTION,src/tracking/advanced_tracker.py:kalman_homography,
R,CLAMP,CLAMP,0
L,6,3699,PREDICTION,src/tracking/advanced_tracker.py:kalman_homography,
R,PREDICTION,SUBPIXEL,0
L,8,3699,PREDICTION,src/tracking/advanced_tracker.py:kalman_homography,
R,CLAMP,CLAMP,0
L,9,3699,PREDICTION,src/tracking/advanced_tracker.py:id_merge,
R,CLAMP,CLAMP,0
A,3699
S,3,3705,DETECTION,src/tracking/advanced_tracker.py:_activate_slot,3705_168_129_336_220
S,4,3705,DETECTION,src/tracking/advanced_tracker.py:_activate_slot,3705_139_510_291_602
S,1,3705,DETECTION,src/tracking/advanced_tracker.py:_activate_slot,3705_312_728_490_820
S,5,3705,DETECTION,src/tracking/advanced_tracker.py:_activate_slot,3705_72_886_211_985
S,2,3705,PREDICTION,src/tracking/advanced_tracker.py:kalman_homography,
S,8,3705,PREDICTION,src/tracking/advanced_tracker.py:kalman_homography,
S,9,3705,PREDICTION,src/tracking/advanced_tracker.py:kalman_homography,
S,6,3705,PREDICTION,src/tracking/advanced_tracker.py:flow_gapfill_batched,
S,7,3705,PREDICTION,src/tracking/advanced_tracker.py:flow_gapfill_batched,
D,1,3705
S,3,3705,PREDICTION,src/tracking/advanced_tracker.py:id_merge,
D,3,3705
S,4,3705,PREDICTION,src/tracking/advanced_tracker.py:id_merge,
D,7,3705
S,5,3705,PREDICTION,src/tracking/advanced_tracker.py:id_merge,
D,9,3705
S,5,3705,PREDICTION,src/tracking/advanced_tracker.py:id_merge,
L,2,3705,PREDICTION,src/tracking/advanced_tracker.py:kalman_homography,
R,CLAMP,CLAMP,0
L,4,3705,PREDICTION,src/tracking/advanced_tracker.py:id_merge,
R,PREDICTION,PREDICTION,1
L,5,3705,PREDICTION,src/tracking/advanced_tracker.py:id_merge,
R,CLAMP,CLAMP,0
L,6,3705,PREDICTION,src/tracking/advanced_tracker.py:flow_gapfill_batched,
R,PREDICTION,PREDICTION,1
L,8,3705,PREDICTION,src/tracking/advanced_tracker.py:kalman_homography,
R,CLAMP,CLAMP,0
A,3705
S,1,3711,DETECTION,src/tracking/advanced_tracker.py:_activate_slot,3711_317_732_492_819
S,2,3711,DETECTION,src/tracking/advanced_tracker.py:_activate_slot,3711_389_1151_563_1231
S,3,3711,DETECTION,src/tracking/advanced_tracker.py:_activate_slot,3711_162_151_325_234
S,4,3711,DETECTION,src/tracking/advanced_tracker.py:_activate_slot,3711_137_518_297_611
S,9,3711,DETECTION,src/tracking/advanced_tracker.py:_activate_slot,3711_68_909_215_1008
S,10,3711,DETECTION,src/tracking/advanced_tracker.py:_activate_slot,3711_579_724_674_822
S,5,3711,PREDICTION,src/tracking/advanced_tracker.py:kalman_homography,
S,8,3711,PREDICTION,src/tracking/advanced_tracker.py:kalman_homography,
D,1,3711
S,3,3711,PREDICTION,src/tracking/advanced_tracker.py:id_merge,
D,3,3711
S,4,3711,PREDICTION,src/tracking/advanced_tracker.py:id_merge,
L,2,3711,DETECTION,src/tracking/advanced_tracker.py:_activate_slot,3711_389_1151_563_1231
R,CLAMP,CLAMP,0
L,4,3711,PREDICTION,src/tracking/advanced_tracker.py:id_merge,
R,PREDICTION,PREDICTION,1
L,5,3711,PREDICTION,src/tracking/advanced_tracker.py:kalman_homography,
R,CLAMP,CLAMP,0
L,8,3711,PREDICTION,src/tracking/advanced_tracker.py:kalman_homography,
R,CLAMP,CLAMP,0
L,9,3711,DETECTION,src/tracking/advanced_tracker.py:_activate_slot,3711_68_909_215_1008
R,CLAMP,CLAMP,0
A,3711
S,1,3717,DETECTION,src/tracking/advanced_tracker.py:_activate_slot,3717_108_475_257_562
S,2,3717,DETECTION,src/tracking/advanced_tracker.py:_activate_slot,3717_368_1155_563_1253
S,3,3717,DETECTION,src/tracking/advanced_tracker.py:_activate_slot,3717_145_178_316_263
S,4,3717,DETECTION,src/tracking/advanced_tracker.py:_activate_slot,3717_142_526_304_626
S,5,3717,PREDICTION,src/tracking/advanced_tracker.py:kalman_homography,
S,8,3717,PREDICTION,src/tracking/advanced_tracker.py:kalman_homography,
S,9,3717,PREDICTION,src/tracking/advanced_tracker.py:kalman_homography,
S,10,3717,PREDICTION,src/tracking/advanced_tracker.py:flow_gapfill_batched,
D,1,3717
S,3,3717,PREDICTION,src/tracking/advanced_tracker.py:id_merge,
D,3,3717
S,4,3717,PREDICTION,src/tracking/advanced_tracker.py:id_merge,
L,2,3717,DETECTION,src/tracking/advanced_tracker.py:_activate_slot,3717_368_1155_563_1253
R,CLAMP,CLAMP,0
L,4,3717,PREDICTION,src/tracking/advanced_tracker.py:id_merge,
R,PREDICTION,PREDICTION,1
L,5,3717,PREDICTION,src/tracking/advanced_tracker.py:kalman_homography,
R,CLAMP,CLAMP,0
L,8,3717,PREDICTION,src/tracking/advanced_tracker.py:kalman_homography,
R,CLAMP,CLAMP,0
L,9,3717,PREDICTION,src/tracking/advanced_tracker.py:kalman_homography,
R,CLAMP,CLAMP,0
A,3717
S,3,3723,DETECTION,src/tracking/advanced_tracker.py:_activate_slot,3723_136_204_294_293
S,4,3723,DETECTION,src/tracking/advanced_tracker.py:_activate_slot,3723_146_553_312_639
S,9,3723,DETECTION,src/tracking/advanced_tracker.py:_activate_slot,3723_66_904_208_1002
S,1,3723,PREDICTION,src/tracking/advanced_tracker.py:kalman_homography,
S,2,3723,PREDICTION,src/tracking/advanced_tracker.py:kalman_homography,
S,5,3723,PREDICTION,src/tracking/advanced_tracker.py:kalman_homography,
S,8,3723,PREDICTION,src/tracking/advanced_tracker.py:kalman_homography,
S,10,3723,PREDICTION,src/tracking/advanced_tracker.py:flow_gapfill_batched,
D,1,3723
S,3,3723,PREDICTION,src/tracking/advanced_tracker.py:id_merge,
D,3,3723
S,4,3723,PREDICTION,src/tracking/advanced_tracker.py:id_merge,
L,2,3723,PREDICTION,src/tracking/advanced_tracker.py:kalman_homography,
R,CLAMP,CLAMP,0
L,4,3723,PREDICTION,src/tracking/advanced_tracker.py:id_merge,
R,PREDICTION,PREDICTION,1
L,5,3723,PREDICTION,src/tracking/advanced_tracker.py:kalman_homography,
R,CLAMP,CLAMP,0
L,8,3723,PREDICTION,src/tracking/advanced_tracker.py:kalman_homography,
R,CLAMP,CLAMP,0
L,9,3723,DETECTION,src/tracking/advanced_tracker.py:_activate_slot,3723_66_904_208_1002
R,CLAMP,CLAMP,0
A,3723
S,3,3729,DETECTION,src/tracking/advanced_tracker.py:_activate_slot,3729_131_226_277_310
S,4,3729,DETECTION,src/tracking/advanced_tracker.py:_activate_slot,3729_141_574_302_646
S,2,3729,DETECTION,src/tracking/advanced_tracker.py:_activate_slot,3729_403_1223_554_1295
S,1,3729,PREDICTION,src/tracking/advanced_tracker.py:kalman_homography,
S,5,3729,PREDICTION,src/tracking/advanced_tracker.py:kalman_homography,
S,9,3729,PREDICTION,src/tracking/advanced_tracker.py:kalman_homography,
S,8,3729,PREDICTION,src/tracking/advanced_tracker.py:flow_gapfill_batched,
S,10,3729,PREDICTION,src/tracking/advanced_tracker.py:flow_gapfill_batched,
D,1,3729
S,2,3729,PREDICTION,src/tracking/advanced_tracker.py:id_merge,
D,2,3729
S,4,3729,PREDICTION,src/tracking/advanced_tracker.py:id_merge,
D,3,3729
S,4,3729,PREDICTION,src/tracking/advanced_tracker.py:id_merge,
L,4,3729,PREDICTION,src/tracking/advanced_tracker.py:id_merge,
R,PREDICTION,PREDICTION,1
L,5,3729,PREDICTION,src/tracking/advanced_tracker.py:kalman_homography,
R,CLAMP,CLAMP,0
L,8,3729,PREDICTION,src/tracking/advanced_tracker.py:flow_gapfill_batched,
R,CLAMP,CLAMP,0
L,9,3729,PREDICTION,src/tracking/advanced_tracker.py:kalman_homography,
R,CLAMP,CLAMP,0
A,3729
S,3,3735,DETECTION,src/tracking/advanced_tracker.py:_activate_slot,3735_116_251_272_327
S,4,3735,DETECTION,src/tracking/advanced_tracker.py:_activate_slot,3735_143_591_303_669
S,1,3735,PREDICTION,src/tracking/advanced_tracker.py:kalman_homography,
S,2,3735,PREDICTION,src/tracking/advanced_tracker.py:kalman_homography,
S,5,3735,PREDICTION,src/tracking/advanced_tracker.py:kalman_homography,
S,9,3735,PREDICTION,src/tracking/advanced_tracker.py:kalman_homography,
S,10,3735,PREDICTION,src/tracking/advanced_tracker.py:flow_gapfill_batched,
D,1,3735
S,2,3735,PREDICTION,src/tracking/advanced_tracker.py:id_merge,
D,3,3735
S,4,3735,PREDICTION,src/tracking/advanced_tracker.py:id_merge,
L,2,3735,PREDICTION,src/tracking/advanced_tracker.py:id_merge,
R,CLAMP,CLAMP,0
L,4,3735,PREDICTION,src/tracking/advanced_tracker.py:id_merge,
R,PREDICTION,PREDICTION,1
L,5,3735,PREDICTION,src/tracking/advanced_tracker.py:kalman_homography,
R,CLAMP,CLAMP,0
L,9,3735,PREDICTION,src/tracking/advanced_tracker.py:kalman_homography,
R,CLAMP,CLAMP,0
A,3735
S,3,3741,DETECTION,src/tracking/advanced_tracker.py:_activate_slot,3741_103_276_253_349
S,4,3741,DETECTION,src/tracking/advanced_tracker.py:_activate_slot,3741_146_616_272_692
S,1,3741,PREDICTION,src/tracking/advanced_tracker.py:kalman_homography,
S,5,3741,PREDICTION,src/tracking/advanced_tracker.py:kalman_homography,
S,9,3741,PREDICTION,src/tracking/advanced_tracker.py:kalman_homography,
S,2,3741,PREDICTION,src/tracking/advanced_tracker.py:flow_gapfill_batched,
S,10,3741,PREDICTION,src/tracking/advanced_tracker.py:flow_gapfill_batched,
D,1,3741
S,2,3741,PREDICTION,src/tracking/advanced_tracker.py:id_merge,
D,2,3741
S,4,3741,PREDICTION,src/tracking/advanced_tracker.py:id_merge,
D,3,3741
S,4,3741,PREDICTION,src/tracking/advanced_tracker.py:id_merge,
L,4,3741,PREDICTION,src/tracking/advanced_tracker.py:id_merge,
R,PREDICTION,PREDICTION,1
L,5,3741,PREDICTION,src/tracking/advanced_tracker.py:kalman_homography,
R,CLAMP,CLAMP,0
L,9,3741,PREDICTION,src/tracking/advanced_tracker.py:kalman_homography,
R,CLAMP,CLAMP,0
A,3741
S,3,3747,DETECTION,src/tracking/advanced_tracker.py:_activate_slot,3747_100_302_258_376
S,6,3747,DETECTION,src/tracking/advanced_tracker.py:_activate_slot,3747_313_763_508_883
S,7,3747,DETECTION,src/tracking/advanced_tracker.py:_activate_slot,3747_54_1014_190_1130
S,4,3747,PREDICTION,src/tracking/advanced_tracker.py:kalman_homography,
S,5,3747,PREDICTION,src/tracking/advanced_tracker.py:kalman_homography,
S,9,3747,PREDICTION,src/tracking/advanced_tracker.py:kalman_homography,
S,1,3747,PREDICTION,src/tracking/advanced_tracker.py:flow_gapfill_batched,
S,2,3747,PREDICTION,src/tracking/advanced_tracker.py:flow_gapfill_batched,
S,10,3747,PREDICTION,src/tracking/advanced_tracker.py:flow_gapfill_batched,
D,1,3747
S,3,3747,PREDICTION,src/tracking/advanced_tracker.py:id_merge,
D,4,3747
S,3,3747,PREDICTION,src/tracking/advanced_tracker.py:id_merge,
L,2,3747,PREDICTION,src/tracking/advanced_tracker.py:flow_gapfill_batched,
R,CLAMP,CLAMP,0
L,3,3747,PREDICTION,src/tracking/advanced_tracker.py:id_merge,
R,PREDICTION,PREDICTION,1
L,5,3747,PREDICTION,src/tracking/advanced_tracker.py:kalman_homography,
R,CLAMP,CLAMP,0
L,6,3747,DETECTION,src/tracking/advanced_tracker.py:_activate_slot,3747_313_763_508_883
R,DETECTION,DETECTION,1
L,7,3747,DETECTION,src/tracking/advanced_tracker.py:_activate_slot,3747_54_1014_190_1130
R,CLAMP,CLAMP,0
L,9,3747,PREDICTION,src/tracking/advanced_tracker.py:kalman_homography,
R,CLAMP,CLAMP,0
A,3747
S,3,3753,DETECTION,src/tracking/advanced_tracker.py:_activate_slot,3753_94_328_241_403
S,6,3753,DETECTION,src/tracking/advanced_tracker.py:_activate_slot,3753_320_756_511_897
S,7,3753,DETECTION,src/tracking/advanced_tracker.py:_activate_slot,3753_51_1039_188_1137
S,8,3753,DETECTION,src/tracking/advanced_tracker.py:_activate_slot,3753_49_1035_190_1105
S,0,3753,DETECTION,src/tracking/advanced_tracker.py:_activate_slot,3753_384_233_521_324
S,4,3753,PREDICTION,src/tracking/advanced_tracker.py:kalman_homography,
S,9,3753,PREDICTION,src/tracking/advanced_tracker.py:kalman_homography,
S,1,3753,PREDICTION,src/tracking/advanced_tracker.py:flow_gapfill_batched,
S,2,3753,PREDICTION,src/tracking/advanced_tracker.py:flow_gapfill_batched,
S,5,3753,PREDICTION,src/tracking/advanced_tracker.py:flow_gapfill_batched,
S,10,3753,PREDICTION,src/tracking/advanced_tracker.py:flow_gapfill_batched,
D,1,3753
S,0,3753,PREDICTION,src/tracking/advanced_tracker.py:id_merge,
D,0,3753
S,3,3753,PREDICTION,src/tracking/advanced_tracker.py:id_merge,
D,4,3753
S,3,3753,PREDICTION,src/tracking/advanced_tracker.py:id_merge,
L,2,3753,PREDICTION,src/tracking/advanced_tracker.py:flow_gapfill_batched,
R,CLAMP,CLAMP,0
L,3,3753,PREDICTION,src/tracking/advanced_tracker.py:id_merge,
R,PREDICTION,PREDICTION,1
L,5,3753,PREDICTION,src/tracking/advanced_tracker.py:flow_gapfill_batched,
R,CLAMP,CLAMP,0
L,6,3753,DETECTION,src/tracking/advanced_tracker.py:_activate_slot,3753_320_756_511_897
R,DETECTION,DETECTION,1
L,7,3753,DETECTION,src/tracking/advanced_tracker.py:_activate_slot,3753_51_1039_188_1137
R,CLAMP,CLAMP,0
L,8,3753,DETECTION,src/tracking/advanced_tracker.py:_activate_slot,3753_49_1035_190_1105
R,CLAMP,CLAMP,0
L,9,3753,PREDICTION,src/tracking/advanced_tracker.py:kalman_homography,
R,CLAMP,CLAMP,0
A,3753
S,0,3759,DETECTION,src/tracking/advanced_tracker.py:_activate_slot,3759_379_258_515_340
S,3,3759,DETECTION,src/tracking/advanced_tracker.py:_activate_slot,3759_85_357_251_435
S,6,3759,DETECTION,src/tracking/advanced_tracker.py:_activate_slot,3759_330_786_516_890
S,7,3759,DETECTION,src/tracking/advanced_tracker.py:_activate_slot,3759_52_1057_196_1127
S,8,3759,DETECTION,src/tracking/advanced_tracker.py:_activate_slot,3759_331_786_516_865
S,4,3759,PREDICTION,src/tracking/advanced_tracker.py:kalman_homography,
S,9,3759,PREDICTION,src/tracking/advanced_tracker.py:kalman_homography,
S,1,3759,PREDICTION,src/tracking/advanced_tracker.py:flow_gapfill_batched,
S,2,3759,PREDICTION,src/tracking/advanced_tracker.py:flow_gapfill_batched,
S,10,3759,PREDICTION,src/tracking/advanced_tracker.py:flow_gapfill_batched,
D,1,3759
S,0,3759,PREDICTION,src/tracking/advanced_tracker.py:id_merge,
D,0,3759
S,3,3759,PREDICTION,src/tracking/advanced_tracker.py:id_merge,
D,4,3759
S,3,3759,PREDICTION,src/tracking/advanced_tracker.py:id_merge,
D,6,3759
S,8,3759,PREDICTION,src/tracking/advanced_tracker.py:id_merge,
L,2,3759,PREDICTION,src/tracking/advanced_tracker.py:flow_gapfill_batched,
R,CLAMP,CLAMP,0
L,3,3759,PREDICTION,src/tracking/advanced_tracker.py:id_merge,
R,PREDICTION,PREDICTION,1
L,7,3759,DETECTION,src/tracking/advanced_tracker.py:_activate_slot,3759_52_1057_196_1127
R,CLAMP,CLAMP,0
L,8,3759,PREDICTION,src/tracking/advanced_tracker.py:id_merge,
R,PREDICTION,PREDICTION,1
L,9,3759,PREDICTION,src/tracking/advanced_tracker.py:kalman_homography,
R,CLAMP,CLAMP,0
A,3759
S,0,3765,DETECTION,src/tracking/advanced_tracker.py:_activate_slot,3765_383_275_512_359
S,3,3765,DETECTION,src/tracking/advanced_tracker.py:_activate_slot,3765_87_384_238_470
S,6,3765,DETECTION,src/tracking/advanced_tracker.py:_activate_slot,3765_349_794_517_882
S,7,3765,DETECTION,src/tracking/advanced_tracker.py:_activate_slot,3765_51_1061_201_1155
S,4,3765,PREDICTION,src/tracking/advanced_tracker.py:kalman_homography,
S,8,3765,PREDICTION,src/tracking/advanced_tracker.py:kalman_homography,
S,9,3765,PREDICTION,src/tracking/advanced_tracker.py:kalman_homography,
S,1,3765,PREDICTION,src/tracking/advanced_tracker.py:flow_gapfill_batched,
S,2,3765,PREDICTION,src/tracking/advanced_tracker.py:flow_gapfill_batched,
D,1,3765
S,0,3765,PREDICTION,src/tracking/advanced_tracker.py:id_merge,
D,0,3765
S,3,3765,PREDICTION,src/tracking/advanced_tracker.py:id_merge,
D,4,3765
S,3,3765,PREDICTION,src/tracking/advanced_tracker.py:id_merge,
D,8,3765
S,6,3765,PREDICTION,src/tracking/advanced_tracker.py:id_merge,
L,2,3765,PREDICTION,src/tracking/advanced_tracker.py:flow_gapfill_batched,
R,CLAMP,CLAMP,0
L,3,3765,PREDICTION,src/tracking/advanced_tracker.py:id_merge,
R,PREDICTION,PREDICTION,1
L,6,3765,PREDICTION,src/tracking/advanced_tracker.py:id_merge,
R,PREDICTION,PREDICTION,1
L,7,3765,DETECTION,src/tracking/advanced_tracker.py:_activate_slot,3765_51_1061_201_1155
R,CLAMP,CLAMP,0
L,9,3765,PREDICTION,src/tracking/advanced_tracker.py:kalman_homography,
R,CLAMP,CLAMP,0
A,3765
S,0,3771,DETECTION,src/tracking/advanced_tracker.py:_activate_slot,3771_381_293_509_379
S,1,3771,DETECTION,src/tracking/advanced_tracker.py:_activate_slot,3771_168_377_303_459
S,2,3771,DETECTION,src/tracking/advanced_tracker.py:_activate_slot,3771_172_320_335_423
S,3,3771,DETECTION,src/tracking/advanced_tracker.py:_activate_slot,3771_86_414_225_495
S,4,3771,DETECTION,src/tracking/advanced_tracker.py:_activate_slot,3771_106_693_253_779
S,6,3771,DETECTION,src/tracking/advanced_tracker.py:_activate_slot,3771_330_795_525_914
S,7,3771,DETECTION,src/tracking/advanced_tracker.py:_activate_slot,3771_58_1057_199_1175
S,8,3771,DETECTION,src/tracking/advanced_tracker.py:_activate_slot,3771_31_479_156_558
D,0,3771
S,1,3771,PREDICTION,src/tracking/advanced_tracker.py:id_merge,
D,1,3771
S,2,3771,PREDICTION,src/tracking/advanced_tracker.py:id_merge,
D,2,3771
S,3,3771,PREDICTION,src/tracking/advanced_tracker.py:id_merge,
D,3,3771
S,4,3771,PREDICTION,src/tracking/advanced_tracker.py:id_merge,
L,4,3771,PREDICTION,src/tracking/advanced_tracker.py:id_merge,
R,PREDICTION,PREDICTION,1
L,6,3771,DETECTION,src/tracking/advanced_tracker.py:_activate_slot,3771_330_795_525_914
R,DETECTION,DETECTION,1
L,7,3771,DETECTION,src/tracking/advanced_tracker.py:_activate_slot,3771_58_1057_199_1175
R,CLAMP,CLAMP,0
L,8,3771,DETECTION,src/tracking/advanced_tracker.py:_activate_slot,3771_31_479_156_558
R,DETECTION,DETECTION,1
A,3771
S,0,3777,DETECTION,src/tracking/advanced_tracker.py:_activate_slot,3777_376_314_509_403
S,1,3777,DETECTION,src/tracking/advanced_tracker.py:_activate_slot,3777_165_402_287_469
S,2,3777,DETECTION,src/tracking/advanced_tracker.py:_activate_slot,3777_250_640_435_738
S,3,3777,DETECTION,src/tracking/advanced_tracker.py:_activate_slot,3777_72_443_215_519
S,4,3777,DETECTION,src/tracking/advanced_tracker.py:_activate_slot,3777_106_710_195_795
S,6,3777,DETECTION,src/tracking/advanced_tracker.py:_activate_slot,3777_332_802_514_922
S,7,3777,DETECTION,src/tracking/advanced_tracker.py:_activate_slot,3777_52_1091_202_1157
S,8,3777,DETECTION,src/tracking/advanced_tracker.py:_activate_slot,3777_29_513_147_595
D,0,3777
S,1,3777,PREDICTION,src/tracking/advanced_tracker.py:id_merge,
D,1,3777
S,2,3777,PREDICTION,src/tracking/advanced_tracker.py:id_merge,
D,2,3777
S,3,3777,PREDICTION,src/tracking/advanced_tracker.py:id_merge,
L,3,3777,PREDICTION,src/tracking/advanced_tracker.py:id_merge,
R,PREDICTION,PREDICTION,1
L,4,3777,DETECTION,src/tracking/advanced_tracker.py:_activate_slot,3777_106_710_195_795
R,DETECTION,DETECTION,1
L,6,3777,DETECTION,src/tracking/advanced_tracker.py:_activate_slot,3777_332_802_514_922
R,DETECTION,DETECTION,1
L,7,3777,DETECTION,src/tracking/advanced_tracker.py:_activate_slot,3777_52_1091_202_1157
R,CLAMP,CLAMP,0
L,8,3777,DETECTION,src/tracking/advanced_tracker.py:_activate_slot,3777_29_513_147_595
R,DETECTION,DETECTION,1
A,3777
S,0,3783,DETECTION,src/tracking/advanced_tracker.py:_activate_slot,3783_373_330_509_423
S,1,3783,DETECTION,src/tracking/advanced_tracker.py:_activate_slot,3783_160_420_280_486
S,3,3783,DETECTION,src/tracking/advanced_tracker.py:_activate_slot,3783_67_465_204_545
S,4,3783,DETECTION,src/tracking/advanced_tracker.py:_activate_slot,3783_104_709_235_811
S,6,3783,DETECTION,src/tracking/advanced_tracker.py:_activate_slot,3783_331_807_507_905
S,7,3783,DETECTION,src/tracking/advanced_tracker.py:_activate_slot,3783_36_1085_205_1171
S,8,3783,DETECTION,src/tracking/advanced_tracker.py:_activate_slot,3783_36_544_148_628
S,2,3783,PREDICTION,src/tracking/advanced_tracker.py:kalman_homography,
D,0,3783
S,1,3783,PREDICTION,src/tracking/advanced_tracker.py:id_merge,
D,2,3783
S,1,3783,PREDICTION,src/tracking/advanced_tracker.py:id_merge,
D,1,3783
S,3,3783,PREDICTION,src/tracking/advanced_tracker.py:id_merge,
D,3,3783
S,4,3783,PREDICTION,src/tracking/advanced_tracker.py:id_merge,
L,4,3783,PREDICTION,src/tracking/advanced_tracker.py:id_merge,
R,PREDICTION,PREDICTION,1
L,6,3783,DETECTION,src/tracking/advanced_tracker.py:_activate_slot,3783_331_807_507_905
R,DETECTION,DETECTION,1
L,7,3783,DETECTION,src/tracking/advanced_tracker.py:_activate_slot,3783_36_1085_205_1171
R,CLAMP,CLAMP,0
L,8,3783,DETECTION,src/tracking/advanced_tracker.py:_activate_slot,3783_36_544_148_628
R,DETECTION,DETECTION,1
A,3783
S,0,3789,DETECTION,src/tracking/advanced_tracker.py:_activate_slot,3789_153_433_300_504
S,3,3789,DETECTION,src/tracking/advanced_tracker.py:_activate_slot,3789_69_478_197_563
S,6,3789,DETECTION,src/tracking/advanced_tracker.py:_activate_slot,3789_336_808_509_894
S,7,3789,DETECTION,src/tracking/advanced_tracker.py:_activate_slot,3789_60_1073_206_1175
S,8,3789,DETECTION,src/tracking/advanced_tracker.py:_activate_slot,3789_34_573_150_659
S,1,3789,PREDICTION,src/tracking/advanced_tracker.py:kalman_homography,
S,2,3789,PREDICTION,src/tracking/advanced_tracker.py:kalman_homography,
S,4,3789,PREDICTION,src/tracking/advanced_tracker.py:kalman_homography,
D,1,3789
S,0,3789,PREDICTION,src/tracking/advanced_tracker.py:id_merge,
D,2,3789
S,0,3789,PREDICTION,src/tracking/advanced_tracker.py:id_merge,
D,0,3789
S,3,3789,PREDICTION,src/tracking/advanced_tracker.py:id_merge,
D,4,3789
S,3,3789,PREDICTION,src/tracking/advanced_tracker.py:id_merge,
L,3,3789,PREDICTION,src/tracking/advanced_tracker.py:id_merge,
R,PREDICTION,PREDICTION,1
L,6,3789,DETECTION,src/tracking/advanced_tracker.py:_activate_slot,3789_336_808_509_894
R,DETECTION,DETECTION,1
L,7,3789,DETECTION,src/tracking/advanced_tracker.py:_activate_slot,3789_60_1073_206_1175
R,CLAMP,CLAMP,0
L,8,3789,DETECTION,src/tracking/advanced_tracker.py:_activate_slot,3789_34_573_150_659
R,DETECTION,DETECTION,1
A,3789
S,0,3795,DETECTION,src/tracking/advanced_tracker.py:_activate_slot,3795_148_443_296_521
S,3,3795,DETECTION,src/tracking/advanced_tracker.py:_activate_slot,3795_68_491_193_579
S,4,3795,DETECTION,src/tracking/advanced_tracker.py:_activate_slot,3795_324_803_512_909
S,8,3795,DETECTION,src/tracking/advanced_tracker.py:_activate_slot,3795_52_1089_210_1163
S,5,3795,DETECTION,src/tracking/advanced_tracker.py:_activate_slot,3795_31_594_160_684
S,1,3795,PREDICTION,src/tracking/advanced_tracker.py:kalman_homography,
S,2,3795,PREDICTION,src/tracking/advanced_tracker.py:kalman_homography,
S,6,3795,PREDICTION,src/tracking/advanced_tracker.py:kalman_homography,
S,7,3795,PREDICTION,src/tracking/advanced_tracker.py:kalman_homography,
D,1,3795
S,0,3795,PREDICTION,src/tracking/advanced_tracker.py:id_merge,
D,2,3795
S,0,3795,PREDICTION,src/tracking/advanced_tracker.py:id_merge,
D,0,3795
S,3,3795,PREDICTION,src/tracking/advanced_tracker.py:id_merge,
D,7,3795
S,8,3795,PREDICTION,src/tracking/advanced_tracker.py:id_merge,
L,3,3795,PREDICTION,src/tracking/advanced_tracker.py:id_merge,
R,PREDICTION,PREDICTION,1
L,4,3795,DETECTION,src/tracking/advanced_tracker.py:_activate_slot,3795_324_803_512_909
R,DETECTION,DETECTION,1
L,5,3795,DETECTION,src/tracking/advanced_tracker.py:_activate_slot,3795_31_594_160_684
R,CLAMP,CLAMP,0
L,6,3795,PREDICTION,src/tracking/advanced_tracker.py:kalman_homography,
R,PREDICTION,PREDICTION,1
L,8,3795,PREDICTION,src/tracking/advanced_tracker.py:id_merge,
R,CLAMP,CLAMP,1
A,3795
S,0,3801,DETECTION,src/tracking/advanced_tracker.py:_activate_slot,3801_140_420_295_496
S,1,3801,DETECTION,src/tracking/advanced_tracker.py:_activate_slot,3801_140_464_298_533
S,3,3801,DETECTION,src/tracking/advanced_tracker.py:_activate_slot,3801_68_505_192_599
S,4,3801,DETECTION,src/tracking/advanced_tracker.py:_activate_slot,3801_327_798_515_910
S,5,3801,DETECTION,src/tracking/advanced_tracker.py:_activate_slot,3801_35_621_162_701
S,7,3801,DETECTION,src/tracking/advanced_tracker.py:_activate_slot,3801_74_1077_218_1167
S,8,3801,DETECTION,src/tracking/advanced_tracker.py:_activate_slot,3801_78_1051_218_1169
S,2,3801,PREDICTION,src/tracking/advanced_tracker.py:kalman_homography,
S,6,3801,PREDICTION,src/tracking/advanced_tracker.py:kalman_homography,
D,0,3801
S,1,3801,PREDICTION,src/tracking/advanced_tracker.py:id_merge,
D,2,3801
S,1,3801,PREDICTION,src/tracking/advanced_tracker.py:id_merge,
D,1,3801
S,3,3801,PREDICTION,src/tracking/advanced_tracker.py:id_merge,
D,7,3801
S,8,3801,PREDICTION,src/tracking/advanced_tracker.py:id_merge,
L,3,3801,PREDICTION,src/tracking/advanced_tracker.py:id_merge,
R,PREDICTION,PREDICTION,1
L,4,3801,DETECTION,src/tracking/advanced_tracker.py:_activate_slot,3801_327_798_515_910
R,DETECTION,DETECTION,1
L,5,3801,DETECTION,src/tracking/advanced_tracker.py:_activate_slot,3801_35_621_162_701
R,CLAMP,CLAMP,0
L,6,3801,PREDICTION,src/tracking/advanced_tracker.py:kalman_homography,
R,PREDICTION,PREDICTION,1
L,8,3801,PREDICTION,src/tracking/advanced_tracker.py:id_merge,
R,CLAMP,CLAMP,0
A,3801
S,1,3807,DETECTION,src/tracking/advanced_tracker.py:_activate_slot,3807_133_477_288_550
S,2,3807,DETECTION,src/tracking/advanced_tracker.py:_activate_slot,3807_252_661_432_760
S,3,3807,DETECTION,src/tracking/advanced_tracker.py:_activate_slot,3807_62_520_193_620
S,4,3807,DETECTION,src/tracking/advanced_tracker.py:_activate_slot,3807_332_790_510_899
S,7,3807,DETECTION,src/tracking/advanced_tracker.py:_activate_slot,3807_64_1065_210_1171
S,5,3807,DETECTION,src/tracking/advanced_tracker.py:_activate_slot,3807_61_646_165_719
S,0,3807,PREDICTION,src/tracking/advanced_tracker.py:kalman_homography,
S,6,3807,PREDICTION,src/tracking/advanced_tracker.py:kalman_homography,
S,8,3807,PREDICTION,src/tracking/advanced_tracker.py:flow_gapfill_batched,
D,0,3807
S,1,3807,PREDICTION,src/tracking/advanced_tracker.py:id_merge,
D,1,3807
S,2,3807,PREDICTION,src/tracking/advanced_tracker.py:id_merge,
D,2,3807
S,4,3807,PREDICTION,src/tracking/advanced_tracker.py:id_merge,
D,8,3807
S,7,3807,PREDICTION,src/tracking/advanced_tracker.py:id_merge,
L,3,3807,DETECTION,src/tracking/advanced_tracker.py:_activate_slot,3807_62_520_193_620
R,DETECTION,DETECTION,1
L,4,3807,PREDICTION,src/tracking/advanced_tracker.py:id_merge,
R,PREDICTION,PREDICTION,1
L,5,3807,DETECTION,src/tracking/advanced_tracker.py:_activate_slot,3807_61_646_165_719
R,CLAMP,CLAMP,0
L,6,3807,PREDICTION,src/tracking/advanced_tracker.py:kalman_homography,
R,PREDICTION,PREDICTION,1
L,7,3807,PREDICTION,src/tracking/advanced_tracker.py:id_merge,
R,CLAMP,CLAMP,0
A,3807
S,1,3813,DETECTION,src/tracking/advanced_tracker.py:_activate_slot,3813_127_485_285_560
S,3,3813,DETECTION,src/tracking/advanced_tracker.py:_activate_slot,3813_58_547_196_639
S,5,3813,DETECTION,src/tracking/advanced_tracker.py:_activate_slot,3813_61_661_166_732
S,0,3813,PREDICTION,src/tracking/advanced_tracker.py:kalman_homography,
S,2,3813,PREDICTION,src/tracking/advanced_tracker.py:kalman_homography,
S,4,3813,PREDICTION,src/tracking/advanced_tracker.py:kalman_homography,
S,6,3813,PREDICTION,src/tracking/advanced_tracker.py:kalman_homography,
S,7,3813,PREDICTION,src/tracking/advanced_tracker.py:kalman_homography,
S,8,3813,PREDICTION,src/tracking/advanced_tracker.py:flow_gapfill_batched,
D,0,3813
S,1,3813,PREDICTION,src/tracking/advanced_tracker.py:id_merge,
D,2,3813
S,1,3813,PREDICTION,src/tracking/advanced_tracker.py:id_merge,
D,1,3813
S,3,3813,PREDICTION,src/tracking/advanced_tracker.py:id_merge,
D,8,3813
S,7,3813,PREDICTION,src/tracking/advanced_tracker.py:id_merge,
L,3,3813,PREDICTION,src/tracking/advanced_tracker.py:id_merge,
R,PREDICTION,PREDICTION,1
L,4,3813,PREDICTION,src/tracking/advanced_tracker.py:kalman_homography,
R,PREDICTION,PREDICTION,1
L,5,3813,DETECTION,src/tracking/advanced_tracker.py:_activate_slot,3813_61_661_166_732
R,CLAMP,CLAMP,0
L,6,3813,PREDICTION,src/tracking/advanced_tracker.py:kalman_homography,
R,PREDICTION,PREDICTION,1
L,7,3813,PREDICTION,src/tracking/advanced_tracker.py:id_merge,
R,CLAMP,CLAMP,0
A,3813
S,1,3819,DETECTION,src/tracking/advanced_tracker.py:_activate_slot,3819_130_494_285_573
S,3,3819,DETECTION,src/tracking/advanced_tracker.py:_activate_slot,3819_58_578_194_660
S,7,3819,DETECTION,src/tracking/advanced_tracker.py:_activate_slot,3819_50_1042_212_1140
S,9,3819,DETECTION,src/tracking/advanced_tracker.py:_activate_slot,3819_27_668_164_740
S,0,3819,PREDICTION,src/tracking/advanced_tracker.py:kalman_homography,
S,2,3819,PREDICTION,src/tracking/advanced_tracker.py:kalman_homography,
S,4,3819,PREDICTION,src/tracking/advanced_tracker.py:kalman_homography,
S,5,3819,PREDICTION,src/tracking/advanced_tracker.py:kalman_homography,
S,6,3819,PREDICTION,src/tracking/advanced_tracker.py:kalman_homography,
S,8,3819,PREDICTION,src/tracking/advanced_tracker.py:flow_gapfill_batched,
D,0,3819
S,1,3819,PREDICTION,src/tracking/advanced_tracker.py:id_merge,
D,2,3819
S,1,3819,PREDICTION,src/tracking/advanced_tracker.py:id_merge,
D,1,3819
S,3,3819,PREDICTION,src/tracking/advanced_tracker.py:id_merge,
D,5,3819
S,9,3819,PREDICTION,src/tracking/advanced_tracker.py:id_merge,
D,8,3819
S,7,3819,PREDICTION,src/tracking/advanced_tracker.py:id_merge,
L,3,3819,PREDICTION,src/tracking/advanced_tracker.py:id_merge,
R,PREDICTION,PREDICTION,1
L,4,3819,PREDICTION,src/tracking/advanced_tracker.py:kalman_homography,
R,PREDICTION,PREDICTION,1
L,6,3819,PREDICTION,src/tracking/advanced_tracker.py:kalman_homography,
R,PREDICTION,PREDICTION,1
L,7,3819,PREDICTION,src/tracking/advanced_tracker.py:id_merge,
R,CLAMP,CLAMP,0
L,9,3819,PREDICTION,src/tracking/advanced_tracker.py:id_merge,
R,PREDICTION,PREDICTION,1
A,3819
S,1,3825,DETECTION,src/tracking/advanced_tracker.py:_activate_slot,3825_124_494_278_575
S,3,3825,DETECTION,src/tracking/advanced_tracker.py:_activate_slot,3825_57_584_193_680
S,7,3825,DETECTION,src/tracking/advanced_tracker.py:_activate_slot,3825_51_1047_213_1129
S,0,3825,PREDICTION,src/tracking/advanced_tracker.py:kalman_homography,
S,2,3825,PREDICTION,src/tracking/advanced_tracker.py:kalman_homography,
S,4,3825,PREDICTION,src/tracking/advanced_tracker.py:kalman_homography,
S,5,3825,PREDICTION,src/tracking/advanced_tracker.py:kalman_homography,
S,6,3825,PREDICTION,src/tracking/advanced_tracker.py:kalman_homography,
S,9,3825,PREDICTION,src/tracking/advanced_tracker.py:kalman_homography,
S,8,3825,PREDICTION,src/tracking/advanced_tracker.py:flow_gapfill_batched,
D,0,3825
S,1,3825,PREDICTION,src/tracking/advanced_tracker.py:id_merge,
D,2,3825
S,1,3825,PREDICTION,src/tracking/advanced_tracker.py:id_merge,
D,1,3825
S,3,3825,PREDICTION,src/tracking/advanced_tracker.py:id_merge,
D,5,3825
S,9,3825,PREDICTION,src/tracking/advanced_tracker.py:id_merge,
D,8,3825
S,7,3825,PREDICTION,src/tracking/advanced_tracker.py:id_merge,
L,3,3825,PREDICTION,src/tracking/advanced_tracker.py:id_merge,
R,PREDICTION,PREDICTION,1
L,4,3825,PREDICTION,src/tracking/advanced_tracker.py:kalman_homography,
R,PREDICTION,PREDICTION,1
L,6,3825,PREDICTION,src/tracking/advanced_tracker.py:kalman_homography,
R,PREDICTION,PREDICTION,1
L,7,3825,PREDICTION,src/tracking/advanced_tracker.py:id_merge,
R,CLAMP,CLAMP,0
L,9,3825,PREDICTION,src/tracking/advanced_tracker.py:id_merge,
R,PREDICTION,PREDICTION,1
A,3825
S,1,3831,DETECTION,src/tracking/advanced_tracker.py:_activate_slot,3831_126_490_281_583
S,3,3831,DETECTION,src/tracking/advanced_tracker.py:_activate_slot,3831_134_744_302_822
S,7,3831,DETECTION,src/tracking/advanced_tracker.py:_activate_slot,3831_50_1032_201_1124
S,9,3831,DETECTION,src/tracking/advanced_tracker.py:_activate_slot,3831_53_592_194_688
S,0,3831,PREDICTION,src/tracking/advanced_tracker.py:kalman_homography,
S,2,3831,PREDICTION,src/tracking/advanced_tracker.py:kalman_homography,
S,5,3831,PREDICTION,src/tracking/advanced_tracker.py:kalman_homography,
S,6,3831,PREDICTION,src/tracking/advanced_tracker.py:kalman_homography,
S,4,3831,PREDICTION,src/tracking/advanced_tracker.py:flow_gapfill_batched,
S,8,3831,PREDICTION,src/tracking/advanced_tracker.py:flow_gapfill_batched,
D,0,3831
S,3,3831,PREDICTION,src/tracking/advanced_tracker.py:id_merge,
D,2,3831
S,1,3831,PREDICTION,src/tracking/advanced_tracker.py:id_merge,
D,1,3831
S,3,3831,PREDICTION,src/tracking/advanced_tracker.py:id_merge,
D,5,3831
S,9,3831,PREDICTION,src/tracking/advanced_tracker.py:id_merge,
D,8,3831
S,7,3831,PREDICTION,src/tracking/advanced_tracker.py:id_merge,
L,3,3831,PREDICTION,src/tracking/advanced_tracker.py:id_merge,
R,PREDICTION,PREDICTION,1
L,4,3831,PREDICTION,src/tracking/advanced_tracker.py:flow_gapfill_batched,
R,PREDICTION,PREDICTION,1
L,6,3831,PREDICTION,src/tracking/advanced_tracker.py:kalman_homography,
R,PREDICTION,PREDICTION,1
L,7,3831,PREDICTION,src/tracking/advanced_tracker.py:id_merge,
R,CLAMP,CLAMP,0
L,9,3831,PREDICTION,src/tracking/advanced_tracker.py:id_merge,
R,PREDICTION,PREDICTION,1
A,3831
S,1,3837,DETECTION,src/tracking/advanced_tracker.py:_activate_slot,3837_128_493_282_580
S,3,3837,DETECTION,src/tracking/advanced_tracker.py:_activate_slot,3837_137_731_310_817
S,7,3837,DETECTION,src/tracking/advanced_tracker.py:_activate_slot,3837_55_1027_194_1109
S,9,3837,DETECTION,src/tracking/advanced_tracker.py:_activate_slot,3837_49_608_192_698
S,0,3837,PREDICTION,src/tracking/advanced_tracker.py:kalman_homography,
S,2,3837,PREDICTION,src/tracking/advanced_tracker.py:kalman_homography,
S,5,3837,PREDICTION,src/tracking/advanced_tracker.py:kalman_homography,
S,4,3837,PREDICTION,src/tracking/advanced_tracker.py:flow_gapfill_batched,
S,6,3837,PREDICTION,src/tracking/advanced_tracker.py:flow_gapfill_batched,
D,2,3837
S,1,3837,PREDICTION,src/tracking/advanced_tracker.py:id_merge,
D,1,3837
S,3,3837,PREDICTION,src/tracking/advanced_tracker.py:id_merge,
D,5,3837
S,9,3837,PREDICTION,src/tracking/advanced_tracker.py:id_merge,
L,0,3837,PREDICTION,src/tracking/advanced_tracker.py:kalman_homography,
R,CLAMP,CLAMP,0
L,3,3837,PREDICTION,src/tracking/advanced_tracker.py:id_merge,
R,PREDICTION,PREDICTION,1
L,4,3837,PREDICTION,src/tracking/advanced_tracker.py:flow_gapfill_batched,
R,PREDICTION,PREDICTION,1
L,6,3837,PREDICTION,src/tracking/advanced_tracker.py:flow_gapfill_batched,
R,PREDICTION,PREDICTION,1
L,7,3837,DETECTION,src/tracking/advanced_tracker.py:_activate_slot,3837_55_1027_194_1109
R,CLAMP,CLAMP,0
L,9,3837,PREDICTION,src/tracking/advanced_tracker.py:id_merge,
R,PREDICTION,PREDICTION,1
A,3837
S,1,3843,DETECTION,src/tracking/advanced_tracker.py:_activate_slot,3843_134_492_289_587
S,3,3843,DETECTION,src/tracking/advanced_tracker.py:_activate_slot,3843_172_936_329_1002
S,7,3843,DETECTION,src/tracking/advanced_tracker.py:_activate_slot,3843_30_635_188_711
S,2,3843,PREDICTION,src/tracking/advanced_tracker.py:kalman_homography,
S,5,3843,PREDICTION,src/tracking/advanced_tracker.py:kalman_homography,
S,9,3843,PREDICTION,src/tracking/advanced_tracker.py:kalman_homography,
S,0,3843,PREDICTION,src/tracking/advanced_tracker.py:flow_gapfill_batched,
S,4,3843,PREDICTION,src/tracking/advanced_tracker.py:flow_gapfill_batched,
S,8,3843,PREDICTION,src/tracking/advanced_tracker.py:flow_gapfill_batched,
D,0,3843
S,1,3843,PREDICTION,src/tracking/advanced_tracker.py:id_merge,
D,2,3843
S,1,3843,PREDICTION,src/tracking/advanced_tracker.py:id_merge,
D,5,3843
S,7,3843,PREDICTION,src/tracking/advanced_tracker.py:id_merge,
D,9,3843
S,7,3843,PREDICTION,src/tracking/advanced_tracker.py:id_merge,
L,1,3843,PREDICTION,src/tracking/advanced_tracker.py:id_merge,
R,PREDICTION,PREDICTION,1
L,3,3843,DETECTION,src/tracking/advanced_tracker.py:_activate_slot,3843_172_936_329_1002
R,DETECTION,DETECTION,1
L,4,3843,PREDICTION,src/tracking/advanced_tracker.py:flow_gapfill_batched,
R,PREDICTION,PREDICTION,1
L,7,3843,PREDICTION,src/tracking/advanced_tracker.py:id_merge,
R,PREDICTION,PREDICTION,1
L,8,3843,PREDICTION,src/tracking/advanced_tracker.py:flow_gapfill_batched,
R,CLAMP,CLAMP,0
A,3843
