S,0,1625,DETECTION,src/tracking/advanced_tracker.py:_activate_slot,1625_264_213_491_314
S,1,1625,DETECTION,src/tracking/advanced_tracker.py:_activate_slot,1625_257_950_472_1060
S,2,1625,DETECTION,src/tracking/advanced_tracker.py:_activate_slot,1625_228_409_455_518
S,3,1625,DETECTION,src/tracking/advanced_tracker.py:_activate_slot,1625_344_1171_566_1265
S,4,1625,DETECTION,src/tracking/advanced_tracker.py:_activate_slot,1625_125_998_312_1080
D,0,1625
S,1,1625,PREDICTION,src/tracking/advanced_tracker.py:id_merge,
D,1,1625
S,2,1625,PREDICTION,src/tracking/advanced_tracker.py:id_merge,
D,2,1625
S,3,1625,PREDICTION,src/tracking/advanced_tracker.py:id_merge,
L,3,1625,PREDICTION,src/tracking/advanced_tracker.py:id_merge,
R,PREDICTION,PREDICTION,1
L,4,1625,DETECTION,src/tracking/advanced_tracker.py:_activate_slot,1625_125_998_312_1080
R,DETECTION,DETECTION,1
A,1625
S,0,1631,DETECTION,src/tracking/advanced_tracker.py:_activate_slot,1631_264_210_491_311
S,1,1631,DETECTION,src/tracking/advanced_tracker.py:_activate_slot,1631_257_948_471_1060
S,2,1631,DETECTION,src/tracking/advanced_tracker.py:_activate_slot,1631_227_412_453_527
S,3,1631,DETECTION,src/tracking/advanced_tracker.py:_activate_slot,1631_344_1171_566_1263
S,4,1631,DETECTION,src/tracking/advanced_tracker.py:_activate_slot,1631_121_996_311_1079
D,0,1631
S,1,1631,PREDICTION,src/tracking/advanced_tracker.py:id_merge,
D,1,1631
S,2,1631,PREDICTION,src/tracking/advanced_tracker.py:id_merge,
D,2,1631
S,3,1631,PREDICTION,src/tracking/advanced_tracker.py:id_merge,
L,3,1631,PREDICTION,src/tracking/advanced_tracker.py:id_merge,
R,PREDICTION,SUBPIXEL,0
L,4,1631,DETECTION,src/tracking/advanced_tracker.py:_activate_slot,1631_121_996_311_1079
R,DETECTION,DETECTION,1
A,1631
S,0,1637,DETECTION,src/tracking/advanced_tracker.py:_activate_slot,1637_261_207_490_308
S,1,1637,DETECTION,src/tracking/advanced_tracker.py:_activate_slot,1637_226_413_452_526
S,2,1637,DETECTION,src/tracking/advanced_tracker.py:_activate_slot,1637_175_284_383_392
S,3,1637,DETECTION,src/tracking/advanced_tracker.py:_activate_slot,1637_343_1170_567_1264
S,4,1637,DETECTION,src/tracking/advanced_tracker.py:_activate_slot,1637_123_996_309_1080
S,5,1637,DETECTION,src/tracking/advanced_tracker.py:_activate_slot,1637_258_946_471_1061
D,0,1637
S,1,1637,PREDICTION,src/tracking/advanced_tracker.py:id_merge,
D,1,1637
S,2,1637,PREDICTION,src/tracking/advanced_tracker.py:id_merge,
D,2,1637
S,3,1637,PREDICTION,src/tracking/advanced_tracker.py:id_merge,
L,3,1637,PREDICTION,src/tracking/advanced_tracker.py:id_merge,
R,PREDICTION,PREDICTION,1
L,4,1637,DETECTION,src/tracking/advanced_tracker.py:_activate_slot,1637_123_996_309_1080
R,DETECTION,DETECTION,1
L,5,1637,DETECTION,src/tracking/advanced_tracker.py:_activate_slot,1637_258_946_471_1061
R,DETECTION,DETECTION,1
A,1637
S,0,1643,DETECTION,src/tracking/advanced_tracker.py:_activate_slot,1643_260_205_490_306
S,1,1643,DETECTION,src/tracking/advanced_tracker.py:_activate_slot,1643_258_945_470_1061
S,2,1643,DETECTION,src/tracking/advanced_tracker.py:_activate_slot,1643_204_252_401_391
S,3,1643,DETECTION,src/tracking/advanced_tracker.py:_activate_slot,1643_342_1169_567_1263
S,4,1643,DETECTION,src/tracking/advanced_tracker.py:_activate_slot,1643_123_996_309_1080
S,5,1643,DETECTION,src/tracking/advanced_tracker.py:_activate_slot,1643_155_598_357_703
S,6,1643,DETECTION,src/tracking/advanced_tracker.py:_activate_slot,1643_530_1037_675_1155
D,0,1643
S,1,1643,PREDICTION,src/tracking/advanced_tracker.py:id_merge,
D,1,1643
S,2,1643,PREDICTION,src/tracking/advanced_tracker.py:id_merge,
D,2,1643
S,3,1643,PREDICTION,src/tracking/advanced_tracker.py:id_merge,
D,5,1643
S,6,1643,PREDICTION,src/tracking/advanced_tracker.py:id_merge,
L,3,1643,PREDICTION,src/tracking/advanced_tracker.py:id_merge,
R,PREDICTION,SUBPIXEL,0
L,4,1643,DETECTION,src/tracking/advanced_tracker.py:_activate_slot,1643_123_996_309_1080
R,DETECTION,SUBPIXEL,0
L,6,1643,PREDICTION,src/tracking/advanced_tracker.py:id_merge,
R,PREDICTION,PREDICTION,1
A,1643
S,0,1649,DETECTION,src/tracking/advanced_tracker.py:_activate_slot,1649_258_200_489_304
S,1,1649,DETECTION,src/tracking/advanced_tracker.py:_activate_slot,1649_259_943_469_1060
S,2,1649,DETECTION,src/tracking/advanced_tracker.py:_activate_slot,1649_224_249_410_381
S,3,1649,DETECTION,src/tracking/advanced_tracker.py:_activate_slot,1649_340_1171_567_1263
S,4,1649,DETECTION,src/tracking/advanced_tracker.py:_activate_slot,1649_122_998_307_1080
S,5,1649,DETECTION,src/tracking/advanced_tracker.py:_activate_slot,1649_155_612_350_706
S,7,1649,DETECTION,src/tracking/advanced_tracker.py:_activate_slot,1649_380_644_548_744
D,0,1649
S,1,1649,PREDICTION,src/tracking/advanced_tracker.py:id_merge,
D,1,1649
S,2,1649,PREDICTION,src/tracking/advanced_tracker.py:id_merge,
D,2,1649
S,3,1649,PREDICTION,src/tracking/advanced_tracker.py:id_merge,
L,3,1649,PREDICTION,src/tracking/advanced_tracker.py:id_merge,
R,PREDICTION,SUBPIXEL,0
L,4,1649,DETECTION,src/tracking/advanced_tracker.py:_activate_slot,1649_122_998_307_1080
R,DETECTION,DETECTION,1
L,5,1649,DETECTION,src/tracking/advanced_tracker.py:_activate_slot,1649_155_612_350_706
R,DETECTION,DETECTION,1
L,7,1649,DETECTION,src/tracking/advanced_tracker.py:_activate_slot,1649_380_644_548_744
R,DETECTION,DETECTION,1
A,1649
S,0,1655,DETECTION,src/tracking/advanced_tracker.py:_activate_slot,1655_247_196_488_305
S,1,1655,DETECTION,src/tracking/advanced_tracker.py:_activate_slot,1655_573_289_674_386
S,2,1655,DETECTION,src/tracking/advanced_tracker.py:_activate_slot,1655_190_286_399_399
S,3,1655,DETECTION,src/tracking/advanced_tracker.py:_activate_slot,1655_339_1171_561_1261
S,4,1655,DETECTION,src/tracking/advanced_tracker.py:_activate_slot,1655_112_995_306_1081
S,5,1655,DETECTION,src/tracking/advanced_tracker.py:_activate_slot,1655_158_617_346_713
S,7,1655,DETECTION,src/tracking/advanced_tracker.py:_activate_slot,1655_261_944_467_1062
S,8,1655,DETECTION,src/tracking/advanced_tracker.py:_activate_slot,1655_505_1164_609_1258
S,6,1655,PREDICTION,src/tracking/advanced_tracker.py:flow_gapfill_batched,
D,0,1655
S,2,1655,PREDICTION,src/tracking/advanced_tracker.py:id_merge,
D,2,1655
S,3,1655,PREDICTION,src/tracking/advanced_tracker.py:id_merge,
D,6,1655
S,5,1655,PREDICTION,src/tracking/advanced_tracker.py:id_merge,
D,5,1655
S,8,1655,PREDICTION,src/tracking/advanced_tracker.py:id_merge,
D,7,1655
S,8,1655,PREDICTION,src/tracking/advanced_tracker.py:id_merge,
L,1,1655,DETECTION,src/tracking/advanced_tracker.py:_activate_slot,1655_573_289_674_386
R,DETECTION,DETECTION,1
L,3,1655,PREDICTION,src/tracking/advanced_tracker.py:id_merge,
R,PREDICTION,PREDICTION,1
L,4,1655,DETECTION,src/tracking/advanced_tracker.py:_activate_slot,1655_112_995_306_1081
R,DETECTION,DETECTION,1
L,8,1655,PREDICTION,src/tracking/advanced_tracker.py:id_merge,
R,PREDICTION,PREDICTION,1
A,1655
S,0,1661,DETECTION,src/tracking/advanced_tracker.py:_activate_slot,1661_228_188_487_305
S,1,1661,DETECTION,src/tracking/advanced_tracker.py:_activate_slot,1661_572_286_674_386
S,2,1661,DETECTION,src/tracking/advanced_tracker.py:_activate_slot,1661_203_276_412_411
S,3,1661,DETECTION,src/tracking/advanced_tracker.py:_activate_slot,1661_339_1169_561_1259
S,4,1661,DETECTION,src/tracking/advanced_tracker.py:_activate_slot,1661_151_627_343_714
S,7,1661,DETECTION,src/tracking/advanced_tracker.py:_activate_slot,1661_262_944_462_1062
S,5,1661,PREDICTION,src/tracking/advanced_tracker.py:kalman_homography,
S,8,1661,PREDICTION,src/tracking/advanced_tracker.py:kalman_homography,
S,6,1661,PREDICTION,src/tracking/advanced_tracker.py:flow_gapfill_batched,
D,0,1661
S,2,1661,PREDICTION,src/tracking/advanced_tracker.py:id_merge,
D,2,1661
S,3,1661,PREDICTION,src/tracking/advanced_tracker.py:id_merge,
D,3,1661
S,4,1661,PREDICTION,src/tracking/advanced_tracker.py:id_merge,
D,6,1661
S,5,1661,PREDICTION,src/tracking/advanced_tracker.py:id_merge,
D,5,1661
S,8,1661,PREDICTION,src/tracking/advanced_tracker.py:id_merge,
D,8,1661
S,7,1661,PREDICTION,src/tracking/advanced_tracker.py:id_merge,
L,1,1661,DETECTION,src/tracking/advanced_tracker.py:_activate_slot,1661_572_286_674_386
R,DETECTION,DETECTION,1
L,4,1661,PREDICTION,src/tracking/advanced_tracker.py:id_merge,
R,CLAMP,CLAMP,0
L,7,1661,PREDICTION,src/tracking/advanced_tracker.py:id_merge,
R,CLAMP,CLAMP,0
A,1661
S,0,1667,DETECTION,src/tracking/advanced_tracker.py:_activate_slot,1667_258_196_482_307
S,1,1667,DETECTION,src/tracking/advanced_tracker.py:_activate_slot,1667_263_944_463_1062
S,2,1667,DETECTION,src/tracking/advanced_tracker.py:_activate_slot,1667_202_311_411_419
S,3,1667,DETECTION,src/tracking/advanced_tracker.py:_activate_slot,1667_338_1169_560_1259
S,4,1667,DETECTION,src/tracking/advanced_tracker.py:_activate_slot,1667_152_626_343_708
S,5,1667,DETECTION,src/tracking/advanced_tracker.py:_activate_slot,1667_372_627_547_734
S,8,1667,DETECTION,src/tracking/advanced_tracker.py:_activate_slot,1667_502_1163_612_1257
S,7,1667,PREDICTION,src/tracking/advanced_tracker.py:kalman_homography,
S,6,1667,PREDICTION,src/tracking/advanced_tracker.py:flow_gapfill_batched,
D,0,1667
S,1,1667,PREDICTION,src/tracking/advanced_tracker.py:id_merge,
D,1,1667
S,2,1667,PREDICTION,src/tracking/advanced_tracker.py:id_merge,
D,2,1667
S,3,1667,PREDICTION,src/tracking/advanced_tracker.py:id_merge,
D,3,1667
S,4,1667,PREDICTION,src/tracking/advanced_tracker.py:id_merge,
D,6,1667
S,8,1667,PREDICTION,src/tracking/advanced_tracker.py:id_merge,
D,7,1667
S,8,1667,PREDICTION,src/tracking/advanced_tracker.py:id_merge,
L,4,1667,PREDICTION,src/tracking/advanced_tracker.py:id_merge,
R,CLAMP,CLAMP,0
L,5,1667,DETECTION,src/tracking/advanced_tracker.py:_activate_slot,1667_372_627_547_734
R,CLAMP,CLAMP,0
L,8,1667,PREDICTION,src/tracking/advanced_tracker.py:id_merge,
R,PREDICTION,PREDICTION,1
A,1667
S,0,1673,DETECTION,src/tracking/advanced_tracker.py:_activate_slot,1673_262_194_479_315
S,1,1673,DETECTION,src/tracking/advanced_tracker.py:_activate_slot,1673_261_946_462_1062
S,2,1673,DETECTION,src/tracking/advanced_tracker.py:_activate_slot,1673_202_312_407_415
S,3,1673,DETECTION,src/tracking/advanced_tracker.py:_activate_slot,1673_337_1168_559_1260
S,4,1673,DETECTION,src/tracking/advanced_tracker.py:_activate_slot,1673_364_619_546_733
S,8,1673,DETECTION,src/tracking/advanced_tracker.py:_activate_slot,1673_500_1164_614_1256
S,5,1673,PREDICTION,src/tracking/advanced_tracker.py:kalman_homography,
S,7,1673,PREDICTION,src/tracking/advanced_tracker.py:kalman_homography,
S,6,1673,PREDICTION,src/tracking/advanced_tracker.py:flow_gapfill_batched,
D,0,1673
S,1,1673,PREDICTION,src/tracking/advanced_tracker.py:id_merge,
D,1,1673
S,2,1673,PREDICTION,src/tracking/advanced_tracker.py:id_merge,
D,2,1673
S,3,1673,PREDICTION,src/tracking/advanced_tracker.py:id_merge,
D,6,1673
S,8,1673,PREDICTION,src/tracking/advanced_tracker.py:id_merge,
L,3,1673,PREDICTION,src/tracking/advanced_tracker.py:id_merge,
R,PREDICTION,SUBPIXEL,0
L,4,1673,DETECTION,src/tracking/advanced_tracker.py:_activate_slot,1673_364_619_546_733
R,CLAMP,CLAMP,0
L,5,1673,PREDICTION,src/tracking/advanced_tracker.py:kalman_homography,
R,CLAMP,CLAMP,0
L,7,1673,PREDICTION,src/tracking/advanced_tracker.py:kalman_homography,
R,CLAMP,CLAMP,0
L,8,1673,PREDICTION,src/tracking/advanced_tracker.py:id_merge,
R,PREDICTION,PREDICTION,1
A,1673
S,0,1679,DETECTION,src/tracking/advanced_tracker.py:_activate_slot,1679_227_135_444_242
S,1,1679,DETECTION,src/tracking/advanced_tracker.py:_activate_slot,1679_344_601_547_727
S,2,1679,DETECTION,src/tracking/advanced_tracker.py:_activate_slot,1679_187_301_408_412
S,3,1679,DETECTION,src/tracking/advanced_tracker.py:_activate_slot,1679_335_1165_554_1259
S,4,1679,DETECTION,src/tracking/advanced_tracker.py:_activate_slot,1679_418_543_548_653
S,7,1679,DETECTION,src/tracking/advanced_tracker.py:_activate_slot,1679_261_947_461_1061
S,8,1679,DETECTION,src/tracking/advanced_tracker.py:_activate_slot,1679_500_1165_612_1255
S,5,1679,PREDICTION,src/tracking/advanced_tracker.py:flow_gapfill_batched,
S,6,1679,PREDICTION,src/tracking/advanced_tracker.py:flow_gapfill_batched,
D,0,1679
S,2,1679,PREDICTION,src/tracking/advanced_tracker.py:id_merge,
D,2,1679
S,3,1679,PREDICTION,src/tracking/advanced_tracker.py:id_merge,
D,6,1679
S,8,1679,PREDICTION,src/tracking/advanced_tracker.py:id_merge,
D,7,1679
S,8,1679,PREDICTION,src/tracking/advanced_tracker.py:id_merge,
L,1,1679,DETECTION,src/tracking/advanced_tracker.py:_activate_slot,1679_344_601_547_727
R,DETECTION,DETECTION,1
L,3,1679,PREDICTION,src/tracking/advanced_tracker.py:id_merge,
R,PREDICTION,PREDICTION,1
L,4,1679,DETECTION,src/tracking/advanced_tracker.py:_activate_slot,1679_418_543_548_653
R,CLAMP,CLAMP,0
L,5,1679,PREDICTION,src/tracking/advanced_tracker.py:flow_gapfill_batched,
R,CLAMP,CLAMP,0
L,8,1679,PREDICTION,src/tracking/advanced_tracker.py:id_merge,
R,PREDICTION,PREDICTION,1
A,1679
S,0,1685,DETECTION,src/tracking/advanced_tracker.py:_activate_slot,1685_231_122_446_232
S,1,1685,DETECTION,src/tracking/advanced_tracker.py:_activate_slot,1685_343_601_548_723
S,2,1685,DETECTION,src/tracking/advanced_tracker.py:_activate_slot,1685_184_296_410_402
S,3,1685,DETECTION,src/tracking/advanced_tracker.py:_activate_slot,1685_334_1165_558_1259
S,4,1685,DETECTION,src/tracking/advanced_tracker.py:_activate_slot,1685_415_528_548_645
S,5,1685,DETECTION,src/tracking/advanced_tracker.py:_activate_slot,1685_136_622_323_716
S,7,1685,PREDICTION,src/tracking/advanced_tracker.py:kalman_homography,
S,8,1685,PREDICTION,src/tracking/advanced_tracker.py:kalman_homography,
S,6,1685,PREDICTION,src/tracking/advanced_tracker.py:flow_gapfill_batched,
D,0,1685
S,2,1685,PREDICTION,src/tracking/advanced_tracker.py:id_merge,
D,2,1685
S,3,1685,PREDICTION,src/tracking/advanced_tracker.py:id_merge,
D,6,1685
S,5,1685,PREDICTION,src/tracking/advanced_tracker.py:id_merge,
D,8,1685
S,5,1685,PREDICTION,src/tracking/advanced_tracker.py:id_merge,
L,1,1685,DETECTION,src/tracking/advanced_tracker.py:_activate_slot,1685_343_601_548_723
R,DETECTION,DETECTION,1
L,3,1685,PREDICTION,src/tracking/advanced_tracker.py:id_merge,
R,PREDICTION,PREDICTION,1
L,4,1685,DETECTION,src/tracking/advanced_tracker.py:_activate_slot,1685_415_528_548_645
R,CLAMP,CLAMP,0
L,5,1685,PREDICTION,src/tracking/advanced_tracker.py:id_merge,
R,PREDICTION,PREDICTION,1
L,7,1685,PREDICTION,src/tracking/advanced_tracker.py:kalman_homography,
R,CLAMP,CLAMP,0
A,1685
S,0,1691,DETECTION,src/tracking/advanced_tracker.py:_activate_slot,1691_228_113_447_227
S,1,1691,DETECTION,src/tracking/advanced_tracker.py:_activate_slot,1691_342_597_545_719
S,2,1691,DETECTION,src/tracking/advanced_tracker.py:_activate_slot,1691_185_294_421_396
S,3,1691,DETECTION,src/tracking/advanced_tracker.py:_activate_slot,1691_335_1166_559_1260
S,4,1691,DETECTION,src/tracking/advanced_tracker.py:_activate_slot,1691_413_518_545_640
S,5,1691,DETECTION,src/tracking/advanced_tracker.py:_activate_slot,1691_132_628_323_720
S,7,1691,DETECTION,src/tracking/advanced_tracker.py:_activate_slot,1691_260_948_460_1062
S,9,1691,DETECTION,src/tracking/advanced_tracker.py:_activate_slot,1691_28_751_204_841
S,8,1691,PREDICTION,src/tracking/advanced_tracker.py:kalman_homography,
S,6,1691,PREDICTION,src/tracking/advanced_tracker.py:flow_gapfill_batched,
D,0,1691
S,2,1691,PREDICTION,src/tracking/advanced_tracker.py:id_merge,
D,2,1691
S,3,1691,PREDICTION,src/tracking/advanced_tracker.py:id_merge,
D,6,1691
S,5,1691,PREDICTION,src/tracking/advanced_tracker.py:id_merge,
D,8,1691
S,5,1691,PREDICTION,src/tracking/advanced_tracker.py:id_merge,
D,5,1691
S,9,1691,PREDICTION,src/tracking/advanced_tracker.py:id_merge,
L,1,1691,DETECTION,src/tracking/advanced_tracker.py:_activate_slot,1691_342_597_545_719
R,DETECTION,DETECTION,1
L,3,1691,PREDICTION,src/tracking/advanced_tracker.py:id_merge,
R,PREDICTION,PREDICTION,1
L,4,1691,DETECTION,src/tracking/advanced_tracker.py:_activate_slot,1691_413_518_545_640
R,CLAMP,CLAMP,0
L,7,1691,DETECTION,src/tracking/advanced_tracker.py:_activate_slot,1691_260_948_460_1062
R,CLAMP,CLAMP,0
L,9,1691,PREDICTION,src/tracking/advanced_tracker.py:id_merge,
R,PREDICTION,PREDICTION,1
A,1691
S,0,1697,DETECTION,src/tracking/advanced_tracker.py:_activate_slot,1697_223_103_447_221
S,1,1697,DETECTION,src/tracking/advanced_tracker.py:_activate_slot,1697_342_592_548_713
S,2,1697,DETECTION,src/tracking/advanced_tracker.py:_activate_slot,1697_238_238_481_347
S,3,1697,DETECTION,src/tracking/advanced_tracker.py:_activate_slot,1697_332_1167_557_1261
S,4,1697,DETECTION,src/tracking/advanced_tracker.py:_activate_slot,1697_411_513_547_635
S,5,1697,DETECTION,src/tracking/advanced_tracker.py:_activate_slot,1697_127_631_310_719
S,9,1697,DETECTION,src/tracking/advanced_tracker.py:_activate_slot,1697_26_752_202_842
S,7,1697,PREDICTION,src/tracking/advanced_tracker.py:kalman_homography,
S,8,1697,PREDICTION,src/tracking/advanced_tracker.py:kalman_homography,
D,0,1697
S,2,1697,PREDICTION,src/tracking/advanced_tracker.py:id_merge,
D,2,1697
S,3,1697,PREDICTION,src/tracking/advanced_tracker.py:id_merge,
D,8,1697
S,5,1697,PREDICTION,src/tracking/advanced_tracker.py:id_merge,
D,5,1697
S,9,1697,PREDICTION,src/tracking/advanced_tracker.py:id_merge,
L,1,1697,DETECTION,src/tracking/advanced_tracker.py:_activate_slot,1697_342_592_548_713
R,DETECTION,DETECTION,1
L,3,1697,PREDICTION,src/tracking/advanced_tracker.py:id_merge,
R,PREDICTION,PREDICTION,1
L,4,1697,DETECTION,src/tracking/advanced_tracker.py:_activate_slot,1697_411_513_547_635
R,CLAMP,CLAMP,0
L,7,1697,PREDICTION,src/tracking/advanced_tracker.py:kalman_homography,
R,CLAMP,CLAMP,0
L,9,1697,PREDICTION,src/tracking/advanced_tracker.py:id_merge,
R,PREDICTION,PREDICTION,1
A,1697
S,0,1703,DETECTION,src/tracking/advanced_tracker.py:_activate_slot,1703_226_92_458_216
S,1,1703,DETECTION,src/tracking/advanced_tracker.py:_activate_slot,1703_576_394_674_495
S,2,1703,DETECTION,src/tracking/advanced_tracker.py:_activate_slot,1703_246_236_484_370
S,3,1703,DETECTION,src/tracking/advanced_tracker.py:_activate_slot,1703_330_1167_558_1263
S,4,1703,DETECTION,src/tracking/advanced_tracker.py:_activate_slot,1703_410_513_547_629
S,5,1703,DETECTION,src/tracking/advanced_tracker.py:_activate_slot,1703_124_633_304_721
S,7,1703,DETECTION,src/tracking/advanced_tracker.py:_activate_slot,1703_347_587_549_712
S,8,1703,DETECTION,src/tracking/advanced_tracker.py:_activate_slot,1703_257_952_459_1065
S,9,1703,PREDICTION,src/tracking/advanced_tracker.py:kalman_homography,
D,0,1703
S,2,1703,PREDICTION,src/tracking/advanced_tracker.py:id_merge,
D,2,1703
S,3,1703,PREDICTION,src/tracking/advanced_tracker.py:id_merge,
D,9,1703
S,5,1703,PREDICTION,src/tracking/advanced_tracker.py:id_merge,
L,1,1703,DETECTION,src/tracking/advanced_tracker.py:_activate_slot,1703_576_394_674_495
R,CLAMP,CLAMP,0
L,3,1703,PREDICTION,src/tracking/advanced_tracker.py:id_merge,
R,PREDICTION,SUBPIXEL,0
L,4,1703,DETECTION,src/tracking/advanced_tracker.py:_activate_slot,1703_410_513_547_629
R,CLAMP,CLAMP,0
L,5,1703,PREDICTION,src/tracking/advanced_tracker.py:id_merge,
R,PREDICTION,PREDICTION,1
L,7,1703,DETECTION,src/tracking/advanced_tracker.py:_activate_slot,1703_347_587_549_712
R,CLAMP,CLAMP,0
L,8,1703,DETECTION,src/tracking/advanced_tracker.py:_activate_slot,1703_257_952_459_1065
R,DETECTION,DETECTION,1
A,1703
S,0,1709,DETECTION,src/tracking/advanced_tracker.py:_activate_slot,1709_239_75_471_210
S,1,1709,DETECTION,src/tracking/advanced_tracker.py:_activate_slot,1709_575_393_674_494
S,2,1709,DETECTION,src/tracking/advanced_tracker.py:_activate_slot,1709_232_240_483_382
S,3,1709,DETECTION,src/tracking/advanced_tracker.py:_activate_slot,1709_329_1169_556_1263
S,4,1709,DETECTION,src/tracking/advanced_tracker.py:_activate_slot,1709_407_514_547_622
S,7,1709,DETECTION,src/tracking/advanced_tracker.py:_activate_slot,1709_256_955_458_1067
S,5,1709,PREDICTION,src/tracking/advanced_tracker.py:kalman_homography,
S,8,1709,PREDICTION,src/tracking/advanced_tracker.py:kalman_homography,
S,9,1709,PREDICTION,src/tracking/advanced_tracker.py:kalman_homography,
D,0,1709
S,2,1709,PREDICTION,src/tracking/advanced_tracker.py:id_merge,
D,2,1709
S,3,1709,PREDICTION,src/tracking/advanced_tracker.py:id_merge,
D,9,1709
S,5,1709,PREDICTION,src/tracking/advanced_tracker.py:id_merge,
L,1,1709,DETECTION,src/tracking/advanced_tracker.py:_activate_slot,1709_575_393_674_494
R,CLAMP,CLAMP,0
L,3,1709,PREDICTION,src/tracking/advanced_tracker.py:id_merge,
R,PREDICTION,PREDICTION,1
L,4,1709,DETECTION,src/tracking/advanced_tracker.py:_activate_slot,1709_407_514_547_622
R,CLAMP,CLAMP,0
L,5,1709,PREDICTION,src/tracking/advanced_tracker.py:id_merge,
R,PREDICTION,PREDICTION,1
L,7,1709,DETECTION,src/tracking/advanced_tracker.py:_activate_slot,1709_256_955_458_1067
R,CLAMP,CLAMP,0
L,8,1709,PREDICTION,src/tracking/advanced_tracker.py:kalman_homography,
R,CLAMP,CLAMP,0
A,1709
S,0,1715,DETECTION,src/tracking/advanced_tracker.py:_activate_slot,1715_255_64_483_209
S,1,1715,DETECTION,src/tracking/advanced_tracker.py:_activate_slot,1715_257_960_456_1069
S,2,1715,DETECTION,src/tracking/advanced_tracker.py:_activate_slot,1715_234_248_476_369
S,3,1715,DETECTION,src/tracking/advanced_tracker.py:_activate_slot,1715_329_1173_558_1265
S,4,1715,DETECTION,src/tracking/advanced_tracker.py:_activate_slot,1715_71_625_311_723
S,9,1715,DETECTION,src/tracking/advanced_tracker.py:_activate_slot,1715_19_745_199_842
S,5,1715,PREDICTION,src/tracking/advanced_tracker.py:kalman_homography,
S,7,1715,PREDICTION,src/tracking/advanced_tracker.py:kalman_homography,
S,8,1715,PREDICTION,src/tracking/advanced_tracker.py:kalman_homography,
D,0,1715
S,1,1715,PREDICTION,src/tracking/advanced_tracker.py:id_merge,
D,1,1715
S,2,1715,PREDICTION,src/tracking/advanced_tracker.py:id_merge,
D,2,1715
S,3,1715,PREDICTION,src/tracking/advanced_tracker.py:id_merge,
D,3,1715
S,4,1715,PREDICTION,src/tracking/advanced_tracker.py:id_merge,
D,5,1715
S,9,1715,PREDICTION,src/tracking/advanced_tracker.py:id_merge,
L,4,1715,PREDICTION,src/tracking/advanced_tracker.py:id_merge,
R,CLAMP,CLAMP,0
L,7,1715,PREDICTION,src/tracking/advanced_tracker.py:kalman_homography,
R,CLAMP,CLAMP,0
L,8,1715,PREDICTION,src/tracking/advanced_tracker.py:kalman_homography,
R,CLAMP,CLAMP,0
L,9,1715,PREDICTION,src/tracking/advanced_tracker.py:id_merge,
R,PREDICTION,PREDICTION,1
A,1715
S,0,1721,DETECTION,src/tracking/advanced_tracker.py:_activate_slot,1721_277_70_498_216
S,1,1721,CLAMP,src/tracking/advanced_tracker.py:_activate_slot,1721_103_995_291_1089
S,2,1721,DETECTION,src/tracking/advanced_tracker.py:_activate_slot,1721_240_259_463_381
S,3,1721,DETECTION,src/tracking/advanced_tracker.py:_activate_slot,1721_327_1176_559_1266
S,4,1721,DETECTION,src/tracking/advanced_tracker.py:_activate_slot,1721_80_646_285_724
S,8,1721,DETECTION,src/tracking/advanced_tracker.py:_activate_slot,1721_261_964_457_1072
S,9,1721,DETECTION,src/tracking/advanced_tracker.py:_activate_slot,1721_17_747_196_841
S,5,1721,PREDICTION,src/tracking/advanced_tracker.py:kalman_homography,
S,7,1721,PREDICTION,src/tracking/advanced_tracker.py:kalman_homography,
D,0,1721
S,2,1721,PREDICTION,src/tracking/advanced_tracker.py:id_merge,
D,2,1721
S,3,1721,PREDICTION,src/tracking/advanced_tracker.py:id_merge,
D,3,1721
S,4,1721,PREDICTION,src/tracking/advanced_tracker.py:id_merge,
D,5,1721
S,9,1721,PREDICTION,src/tracking/advanced_tracker.py:id_merge,
D,7,1721
S,8,1721,PREDICTION,src/tracking/advanced_tracker.py:id_merge,
L,1,1721,CLAMP,src/tracking/advanced_tracker.py:_activate_slot,1721_103_995_291_1089
R,CLAMP,CLAMP,0
L,4,1721,PREDICTION,src/tracking/advanced_tracker.py:id_merge,
R,CLAMP,CLAMP,0
L,8,1721,PREDICTION,src/tracking/advanced_tracker.py:id_merge,
R,PREDICTION,PREDICTION,1
L,9,1721,PREDICTION,src/tracking/advanced_tracker.py:id_merge,
R,PREDICTION,PREDICTION,1
A,1721
S,0,1727,DETECTION,src/tracking/advanced_tracker.py:_activate_slot,1727_306_71_501_225
S,1,1727,DETECTION,src/tracking/advanced_tracker.py:_activate_slot,1727_256_967_456_1073
S,2,1727,DETECTION,src/tracking/advanced_tracker.py:_activate_slot,1727_249_269_455_389
S,3,1727,DETECTION,src/tracking/advanced_tracker.py:_activate_slot,1727_326_1177_557_1269
S,4,1727,DETECTION,src/tracking/advanced_tracker.py:_activate_slot,1727_572_388_674_491
S,5,1727,PREDICTION,src/tracking/advanced_tracker.py:kalman_homography,
S,7,1727,PREDICTION,src/tracking/advanced_tracker.py:kalman_homography,
S,8,1727,PREDICTION,src/tracking/advanced_tracker.py:kalman_homography,
S,9,1727,PREDICTION,src/tracking/advanced_tracker.py:kalman_homography,
D,0,1727
S,1,1727,PREDICTION,src/tracking/advanced_tracker.py:id_merge,
D,1,1727
S,2,1727,PREDICTION,src/tracking/advanced_tracker.py:id_merge,
D,2,1727
S,3,1727,PREDICTION,src/tracking/advanced_tracker.py:id_merge,
D,5,1727
S,9,1727,PREDICTION,src/tracking/advanced_tracker.py:id_merge,
D,7,1727
S,8,1727,PREDICTION,src/tracking/advanced_tracker.py:id_merge,
L,3,1727,PREDICTION,src/tracking/advanced_tracker.py:id_merge,
R,PREDICTION,SUBPIXEL,0
L,4,1727,DETECTION,src/tracking/advanced_tracker.py:_activate_slot,1727_572_388_674_491
R,CLAMP,CLAMP,0
L,8,1727,PREDICTION,src/tracking/advanced_tracker.py:id_merge,
R,PREDICTION,PREDICTION,1
L,9,1727,PREDICTION,src/tracking/advanced_tracker.py:id_merge,
R,PREDICTION,PREDICTION,1
A,1727
S,0,1733,DETECTION,src/tracking/advanced_tracker.py:_activate_slot,1733_322_65_501_223
S,1,1733,DETECTION,src/tracking/advanced_tracker.py:_activate_slot,1733_96_649_306_733
S,2,1733,DETECTION,src/tracking/advanced_tracker.py:_activate_slot,1733_254_266_468_393
S,3,1733,DETECTION,src/tracking/advanced_tracker.py:_activate_slot,1733_324_1178_557_1268
S,4,1733,DETECTION,src/tracking/advanced_tracker.py:_activate_slot,1733_570_385_674_490
S,7,1733,DETECTION,src/tracking/advanced_tracker.py:_activate_slot,1733_252_965_457_1075
S,5,1733,PREDICTION,src/tracking/advanced_tracker.py:kalman_homography,
S,8,1733,PREDICTION,src/tracking/advanced_tracker.py:kalman_homography,
S,9,1733,PREDICTION,src/tracking/advanced_tracker.py:kalman_homography,
D,0,1733
S,2,1733,PREDICTION,src/tracking/advanced_tracker.py:id_merge,
D,1,1733
S,2,1733,PREDICTION,src/tracking/advanced_tracker.py:id_merge,
D,2,1733
S,3,1733,PREDICTION,src/tracking/advanced_tracker.py:id_merge,
D,5,1733
S,9,1733,PREDICTION,src/tracking/advanced_tracker.py:id_merge,
D,8,1733
S,7,1733,PREDICTION,src/tracking/advanced_tracker.py:id_merge,
L,3,1733,PREDICTION,src/tracking/advanced_tracker.py:id_merge,
R,PREDICTION,SUBPIXEL,0
L,4,1733,DETECTION,src/tracking/advanced_tracker.py:_activate_slot,1733_570_385_674_490
R,CLAMP,CLAMP,0
L,7,1733,PREDICTION,src/tracking/advanced_tracker.py:id_merge,
R,CLAMP,CLAMP,0
L,9,1733,PREDICTION,src/tracking/advanced_tracker.py:id_merge,
R,PREDICTION,SUBPIXEL,0
A,1733
S,0,1739,DETECTION,src/tracking/advanced_tracker.py:_activate_slot,1739_324_60_497_217
S,1,1739,DETECTION,src/tracking/advanced_tracker.py:_activate_slot,1739_252_967_459_1076
S,2,1739,DETECTION,src/tracking/advanced_tracker.py:_activate_slot,1739_254_257_456_378
S,3,1739,DETECTION,src/tracking/advanced_tracker.py:_activate_slot,1739_323_1179_554_1269
S,4,1739,DETECTION,src/tracking/advanced_tracker.py:_activate_slot,1739_106_651_299_741
S,9,1739,DETECTION,src/tracking/advanced_tracker.py:_activate_slot,1739_7_743_191_842
S,5,1739,PREDICTION,src/tracking/advanced_tracker.py:kalman_homography,
S,7,1739,PREDICTION,src/tracking/advanced_tracker.py:kalman_homography,
S,8,1739,PREDICTION,src/tracking/advanced_tracker.py:kalman_homography,
D,0,1739
S,1,1739,PREDICTION,src/tracking/advanced_tracker.py:id_merge,
D,1,1739
S,2,1739,PREDICTION,src/tracking/advanced_tracker.py:id_merge,
D,2,1739
S,3,1739,PREDICTION,src/tracking/advanced_tracker.py:id_merge,
D,3,1739
S,4,1739,PREDICTION,src/tracking/advanced_tracker.py:id_merge,
D,5,1739
S,9,1739,PREDICTION,src/tracking/advanced_tracker.py:id_merge,
D,8,1739
S,7,1739,PREDICTION,src/tracking/advanced_tracker.py:id_merge,
L,4,1739,PREDICTION,src/tracking/advanced_tracker.py:id_merge,
R,CLAMP,CLAMP,0
L,7,1739,PREDICTION,src/tracking/advanced_tracker.py:id_merge,
R,CLAMP,CLAMP,0
L,9,1739,PREDICTION,src/tracking/advanced_tracker.py:id_merge,
R,PREDICTION,PREDICTION,1
A,1739
S,0,1745,DETECTION,src/tracking/advanced_tracker.py:_activate_slot,1745_317_57_497_211
S,1,1745,DETECTION,src/tracking/advanced_tracker.py:_activate_slot,1745_252_968_466_1077
S,2,1745,DETECTION,src/tracking/advanced_tracker.py:_activate_slot,1745_251_243_471_359
S,3,1745,DETECTION,src/tracking/advanced_tracker.py:_activate_slot,1745_322_1179_554_1269
S,4,1745,DETECTION,src/tracking/advanced_tracker.py:_activate_slot,1745_114_646_296_748
S,9,1745,DETECTION,src/tracking/advanced_tracker.py:_activate_slot,1745_8_746_188_844
S,6,1745,DETECTION,src/tracking/advanced_tracker.py:_activate_slot,1745_41_841_181_918
S,5,1745,PREDICTION,src/tracking/advanced_tracker.py:kalman_homography,
S,7,1745,PREDICTION,src/tracking/advanced_tracker.py:kalman_homography,
S,8,1745,PREDICTION,src/tracking/advanced_tracker.py:kalman_homography,
D,0,1745
S,1,1745,PREDICTION,src/tracking/advanced_tracker.py:id_merge,
D,1,1745
S,2,1745,PREDICTION,src/tracking/advanced_tracker.py:id_merge,
D,2,1745
S,3,1745,PREDICTION,src/tracking/advanced_tracker.py:id_merge,
D,3,1745
S,4,1745,PREDICTION,src/tracking/advanced_tracker.py:id_merge,
D,5,1745
S,6,1745,PREDICTION,src/tracking/advanced_tracker.py:id_merge,
D,6,1745
S,9,1745,PREDICTION,src/tracking/advanced_tracker.py:id_merge,
L,4,1745,PREDICTION,src/tracking/advanced_tracker.py:id_merge,
R,CLAMP,CLAMP,0
L,7,1745,PREDICTION,src/tracking/advanced_tracker.py:kalman_homography,
R,CLAMP,CLAMP,0
L,8,1745,PREDICTION,src/tracking/advanced_tracker.py:kalman_homography,
R,PREDICTION,PREDICTION,1
L,9,1745,PREDICTION,src/tracking/advanced_tracker.py:id_merge,
R,PREDICTION,PREDICTION,1
A,1745
S,0,1751,DETECTION,src/tracking/advanced_tracker.py:_activate_slot,1751_309_54_495_204
S,1,1751,CLAMP,src/tracking/advanced_tracker.py:_activate_slot,1751_92_995_286_1093
S,2,1751,DETECTION,src/tracking/advanced_tracker.py:_activate_slot,1751_250_244_475_353
S,3,1751,DETECTION,src/tracking/advanced_tracker.py:_activate_slot,1751_322_1179_551_1273
S,4,1751,DETECTION,src/tracking/advanced_tracker.py:_activate_slot,1751_117_655_296_751
S,8,1751,DETECTION,src/tracking/advanced_tracker.py:_activate_slot,1751_254_969_466_1078
S,9,1751,DETECTION,src/tracking/advanced_tracker.py:_activate_slot,1751_403_503_547_613
S,6,1751,PREDICTION,src/tracking/advanced_tracker.py:kalman_homography,
S,7,1751,PREDICTION,src/tracking/advanced_tracker.py:kalman_homography,
S,5,1751,PREDICTION,src/tracking/advanced_tracker.py:flow_gapfill_batched,
D,0,1751
S,2,1751,PREDICTION,src/tracking/advanced_tracker.py:id_merge,
D,2,1751
S,3,1751,PREDICTION,src/tracking/advanced_tracker.py:id_merge,
D,3,1751
S,4,1751,PREDICTION,src/tracking/advanced_tracker.py:id_merge,
D,5,1751
S,6,1751,PREDICTION,src/tracking/advanced_tracker.py:id_merge,
D,7,1751
S,8,1751,PREDICTION,src/tracking/advanced_tracker.py:id_merge,
D,8,1751
S,9,1751,PREDICTION,src/tracking/advanced_tracker.py:id_merge,
L,1,1751,CLAMP,src/tracking/advanced_tracker.py:_activate_slot,1751_92_995_286_1093
R,CLAMP,CLAMP,0
L,4,1751,PREDICTION,src/tracking/advanced_tracker.py:id_merge,
R,CLAMP,CLAMP,0
L,6,1751,PREDICTION,src/tracking/advanced_tracker.py:id_merge,
R,PREDICTION,PREDICTION,1
L,9,1751,PREDICTION,src/tracking/advanced_tracker.py:id_merge,
R,PREDICTION,PREDICTION,1
A,1751
S,0,1757,DETECTION,src/tracking/advanced_tracker.py:_activate_slot,1757_303_52_492_200
S,1,1757,DETECTION,src/tracking/advanced_tracker.py:_activate_slot,1757_568_382_674_487
S,2,1757,DETECTION,src/tracking/advanced_tracker.py:_activate_slot,1757_243_231_474_356
S,3,1757,DETECTION,src/tracking/advanced_tracker.py:_activate_slot,1757_320_1179_550_1273
S,4,1757,DETECTION,src/tracking/advanced_tracker.py:_activate_slot,1757_110_658_295_752
S,8,1757,DETECTION,src/tracking/advanced_tracker.py:_activate_slot,1757_258_970_465_1077
S,6,1757,PREDICTION,src/tracking/advanced_tracker.py:kalman_homography,
S,7,1757,PREDICTION,src/tracking/advanced_tracker.py:kalman_homography,
S,9,1757,PREDICTION,src/tracking/advanced_tracker.py:kalman_homography,
D,0,1757
S,2,1757,PREDICTION,src/tracking/advanced_tracker.py:id_merge,
D,2,1757
S,3,1757,PREDICTION,src/tracking/advanced_tracker.py:id_merge,
D,3,1757
S,4,1757,PREDICTION,src/tracking/advanced_tracker.py:id_merge,
D,7,1757
S,8,1757,PREDICTION,src/tracking/advanced_tracker.py:id_merge,
L,1,1757,DETECTION,src/tracking/advanced_tracker.py:_activate_slot,1757_568_382_674_487
R,CLAMP,CLAMP,0
L,4,1757,PREDICTION,src/tracking/advanced_tracker.py:id_merge,
R,CLAMP,CLAMP,0
L,6,1757,PREDICTION,src/tracking/advanced_tracker.py:kalman_homography,
R,PREDICTION,SUBPIXEL,0
L,8,1757,PREDICTION,src/tracking/advanced_tracker.py:id_merge,
R,PREDICTION,PREDICTION,1
L,9,1757,PREDICTION,src/tracking/advanced_tracker.py:kalman_homography,
R,CLAMP,CLAMP,0
A,1757
S,0,1763,DETECTION,src/tracking/advanced_tracker.py:_activate_slot,1763_298_52_490_198
S,1,1763,DETECTION,src/tracking/advanced_tracker.py:_activate_slot,1763_403_504_545_612
S,2,1763,DETECTION,src/tracking/advanced_tracker.py:_activate_slot,1763_241_222_470_345
S,3,1763,DETECTION,src/tracking/advanced_tracker.py:_activate_slot,1763_320_1179_549_1275
S,4,1763,DETECTION,src/tracking/advanced_tracker.py:_activate_slot,1763_102_658_295_752
S,6,1763,PREDICTION,src/tracking/advanced_tracker.py:kalman_homography,
S,7,1763,PREDICTION,src/tracking/advanced_tracker.py:kalman_homography,
S,8,1763,PREDICTION,src/tracking/advanced_tracker.py:kalman_homography,
S,9,1763,PREDICTION,src/tracking/advanced_tracker.py:flow_gapfill_batched,
D,0,1763
S,1,1763,PREDICTION,src/tracking/advanced_tracker.py:id_merge,
D,1,1763
S,2,1763,PREDICTION,src/tracking/advanced_tracker.py:id_merge,
D,2,1763
S,3,1763,PREDICTION,src/tracking/advanced_tracker.py:id_merge,
D,3,1763
S,4,1763,PREDICTION,src/tracking/advanced_tracker.py:id_merge,
D,7,1763
S,8,1763,PREDICTION,src/tracking/advanced_tracker.py:id_merge,
D,9,1763
S,8,1763,PREDICTION,src/tracking/advanced_tracker.py:id_merge,
L,4,1763,PREDICTION,src/tracking/advanced_tracker.py:id_merge,
R,CLAMP,CLAMP,0
L,6,1763,PREDICTION,src/tracking/advanced_tracker.py:kalman_homography,
R,PREDICTION,SUBPIXEL,0
L,8,1763,PREDICTION,src/tracking/advanced_tracker.py:id_merge,
R,PREDICTION,PREDICTION,1
A,1763
S,0,1769,DETECTION,src/tracking/advanced_tracker.py:_activate_slot,1769_295_49_491_195
S,1,1769,DETECTION,src/tracking/advanced_tracker.py:_activate_slot,1769_90_999_283_1097
S,2,1769,DETECTION,src/tracking/advanced_tracker.py:_activate_slot,1769_240_220_471_342
S,3,1769,DETECTION,src/tracking/advanced_tracker.py:_activate_slot,1769_318_1179_553_1277
S,4,1769,DETECTION,src/tracking/advanced_tracker.py:_activate_slot,1769_106_665_294_751
S,6,1769,PREDICTION,src/tracking/advanced_tracker.py:kalman_homography,
S,7,1769,PREDICTION,src/tracking/advanced_tracker.py:kalman_homography,
S,8,1769,PREDICTION,src/tracking/advanced_tracker.py:kalman_homography,
S,9,1769,PREDICTION,src/tracking/advanced_tracker.py:flow_gapfill_batched,
D,0,1769
S,2,1769,PREDICTION,src/tracking/advanced_tracker.py:id_merge,
D,2,1769
S,3,1769,PREDICTION,src/tracking/advanced_tracker.py:id_merge,
D,3,1769
S,4,1769,PREDICTION,src/tracking/advanced_tracker.py:id_merge,
D,7,1769
S,8,1769,PREDICTION,src/tracking/advanced_tracker.py:id_merge,
D,9,1769
S,8,1769,PREDICTION,src/tracking/advanced_tracker.py:id_merge,
L,1,1769,DETECTION,src/tracking/advanced_tracker.py:_activate_slot,1769_90_999_283_1097
R,CLAMP,CLAMP,0
L,4,1769,PREDICTION,src/tracking/advanced_tracker.py:id_merge,
R,CLAMP,CLAMP,0
L,6,1769,PREDICTION,src/tracking/advanced_tracker.py:kalman_homography,
R,PREDICTION,SUBPIXEL,0
L,8,1769,PREDICTION,src/tracking/advanced_tracker.py:id_merge,
R,PREDICTION,PREDICTION,1
A,1769
S,0,1775,DETECTION,src/tracking/advanced_tracker.py:_activate_slot,1775_295_47_493_197
S,1,1775,DETECTION,src/tracking/advanced_tracker.py:_activate_slot,1775_89_1001_282_1099
S,2,1775,DETECTION,src/tracking/advanced_tracker.py:_activate_slot,1775_243_222_471_341
S,3,1775,DETECTION,src/tracking/advanced_tracker.py:_activate_slot,1775_318_1180_553_1278
S,4,1775,DETECTION,src/tracking/advanced_tracker.py:_activate_slot,1775_105_667_294_756
S,8,1775,DETECTION,src/tracking/advanced_tracker.py:_activate_slot,1775_264_978_475_1092
S,9,1775,DETECTION,src/tracking/advanced_tracker.py:_activate_slot,1775_36_637_217_725
S,6,1775,PREDICTION,src/tracking/advanced_tracker.py:kalman_homography,
S,7,1775,PREDICTION,src/tracking/advanced_tracker.py:kalman_homography,
D,0,1775
S,2,1775,PREDICTION,src/tracking/advanced_tracker.py:id_merge,
D,2,1775
S,3,1775,PREDICTION,src/tracking/advanced_tracker.py:id_merge,
D,3,1775
S,4,1775,PREDICTION,src/tracking/advanced_tracker.py:id_merge,
D,6,1775
S,9,1775,PREDICTION,src/tracking/advanced_tracker.py:id_merge,
D,7,1775
S,8,1775,PREDICTION,src/tracking/advanced_tracker.py:id_merge,
L,1,1775,DETECTION,src/tracking/advanced_tracker.py:_activate_slot,1775_89_1001_282_1099
R,CLAMP,CLAMP,0
L,4,1775,PREDICTION,src/tracking/advanced_tracker.py:id_merge,
R,CLAMP,CLAMP,0
L,8,1775,PREDICTION,src/tracking/advanced_tracker.py:id_merge,
R,PREDICTION,PREDICTION,1
L,9,1775,PREDICTION,src/tracking/advanced_tracker.py:id_merge,
R,PREDICTION,PREDICTION,1
A,1775
S,0,1781,DETECTION,src/tracking/advanced_tracker.py:_activate_slot,1781_296_46_498_209
S,1,1781,DETECTION,src/tracking/advanced_tracker.py:_activate_slot,1781_88_1003_282_1099
S,2,1781,DETECTION,src/tracking/advanced_tracker.py:_activate_slot,1781_236_215_469_341
S,3,1781,DETECTION,src/tracking/advanced_tracker.py:_activate_slot,1781_318_1184_555_1284
S,4,1781,DETECTION,src/tracking/advanced_tracker.py:_activate_slot,1781_89_667_293_756
S,9,1781,DETECTION,src/tracking/advanced_tracker.py:_activate_slot,1781_402_502_547_614
S,6,1781,PREDICTION,src/tracking/advanced_tracker.py:kalman_homography,
S,8,1781,PREDICTION,src/tracking/advanced_tracker.py:kalman_homography,
S,7,1781,PREDICTION,src/tracking/advanced_tracker.py:flow_gapfill_batched,
D,0,1781
S,2,1781,PREDICTION,src/tracking/advanced_tracker.py:id_merge,
D,2,1781
S,3,1781,PREDICTION,src/tracking/advanced_tracker.py:id_merge,
D,3,1781
S,4,1781,PREDICTION,src/tracking/advanced_tracker.py:id_merge,
D,7,1781
S,8,1781,PREDICTION,src/tracking/advanced_tracker.py:id_merge,
D,8,1781
S,9,1781,PREDICTION,src/tracking/advanced_tracker.py:id_merge,
L,1,1781,DETECTION,src/tracking/advanced_tracker.py:_activate_slot,1781_88_1003_282_1099
R,CLAMP,CLAMP,0
L,4,1781,PREDICTION,src/tracking/advanced_tracker.py:id_merge,
R,CLAMP,CLAMP,0
L,6,1781,PREDICTION,src/tracking/advanced_tracker.py:kalman_homography,
R,PREDICTION,SUBPIXEL,0
L,9,1781,PREDICTION,src/tracking/advanced_tracker.py:id_merge,
R,PREDICTION,PREDICTION,1
A,1781
S,0,1787,DETECTION,src/tracking/advanced_tracker.py:_activate_slot,1787_300_45_502_229
S,1,1787,DETECTION,src/tracking/advanced_tracker.py:_activate_slot,1787_86_1003_282_1101
S,2,1787,DETECTION,src/tracking/advanced_tracker.py:_activate_slot,1787_234_215_465_331
S,3,1787,DETECTION,src/tracking/advanced_tracker.py:_activate_slot,1787_318_1185_554_1287
S,4,1787,DETECTION,src/tracking/advanced_tracker.py:_activate_slot,1787_114_667_294_757
S,5,1787,DETECTION,src/tracking/advanced_tracker.py:_activate_slot,1787_403_501_547_615
S,8,1787,DETECTION,src/tracking/advanced_tracker.py:_activate_slot,1787_269_985_474_1097
S,6,1787,PREDICTION,src/tracking/advanced_tracker.py:kalman_homography,
S,9,1787,PREDICTION,src/tracking/advanced_tracker.py:kalman_homography,
D,0,1787
S,2,1787,PREDICTION,src/tracking/advanced_tracker.py:id_merge,
D,2,1787
S,3,1787,PREDICTION,src/tracking/advanced_tracker.py:id_merge,
D,3,1787
S,4,1787,PREDICTION,src/tracking/advanced_tracker.py:id_merge,
D,5,1787
S,8,1787,PREDICTION,src/tracking/advanced_tracker.py:id_merge,
D,9,1787
S,8,1787,PREDICTION,src/tracking/advanced_tracker.py:id_merge,
L,1,1787,DETECTION,src/tracking/advanced_tracker.py:_activate_slot,1787_86_1003_282_1101
R,CLAMP,CLAMP,0
L,4,1787,PREDICTION,src/tracking/advanced_tracker.py:id_merge,
R,CLAMP,CLAMP,0
L,6,1787,PREDICTION,src/tracking/advanced_tracker.py:kalman_homography,
R,PREDICTION,SUBPIXEL,0
L,8,1787,PREDICTION,src/tracking/advanced_tracker.py:id_merge,
R,PREDICTION,PREDICTION,1
A,1787
S,0,1793,DETECTION,src/tracking/advanced_tracker.py:_activate_slot,1793_277_50_506_255
S,1,1793,DETECTION,src/tracking/advanced_tracker.py:_activate_slot,1793_84_1004_283_1104
S,2,1793,DETECTION,src/tracking/advanced_tracker.py:_activate_slot,1793_236_202_455_330
S,3,1793,DETECTION,src/tracking/advanced_tracker.py:_activate_slot,1793_319_1187_554_1289
S,4,1793,DETECTION,src/tracking/advanced_tracker.py:_activate_slot,1793_113_668_294_760
S,5,1793,PREDICTION,src/tracking/advanced_tracker.py:kalman_homography,
S,8,1793,PREDICTION,src/tracking/advanced_tracker.py:kalman_homography,
S,9,1793,PREDICTION,src/tracking/advanced_tracker.py:kalman_homography,
S,6,1793,PREDICTION,src/tracking/advanced_tracker.py:flow_gapfill_batched,
D,0,1793
S,2,1793,PREDICTION,src/tracking/advanced_tracker.py:id_merge,
D,2,1793
S,3,1793,PREDICTION,src/tracking/advanced_tracker.py:id_merge,
D,3,1793
S,4,1793,PREDICTION,src/tracking/advanced_tracker.py:id_merge,
L,1,1793,DETECTION,src/tracking/advanced_tracker.py:_activate_slot,1793_84_1004_283_1104
R,CLAMP,CLAMP,0
L,4,1793,PREDICTION,src/tracking/advanced_tracker.py:id_merge,
R,CLAMP,CLAMP,0
L,5,1793,PREDICTION,src/tracking/advanced_tracker.py:kalman_homography,
R,CLAMP,CLAMP,0
L,6,1793,PREDICTION,src/tracking/advanced_tracker.py:flow_gapfill_batched,
R,PREDICTION,PREDICTION,1
L,8,1793,PREDICTION,src/tracking/advanced_tracker.py:kalman_homography,
R,PREDICTION,PREDICTION,1
L,9,1793,PREDICTION,src/tracking/advanced_tracker.py:kalman_homography,
R,CLAMP,CLAMP,0
A,1793
S,0,1799,DETECTION,src/tracking/advanced_tracker.py:_activate_slot,1799_235_89_502_259
S,1,1799,DETECTION,src/tracking/advanced_tracker.py:_activate_slot,1799_83_1005_283_1105
S,2,1799,DETECTION,src/tracking/advanced_tracker.py:_activate_slot,1799_238_182_453_333
S,3,1799,DETECTION,src/tracking/advanced_tracker.py:_activate_slot,1799_319_1189_555_1289
S,4,1799,DETECTION,src/tracking/advanced_tracker.py:_activate_slot,1799_113_668_294_758
S,5,1799,DETECTION,src/tracking/advanced_tracker.py:_activate_slot,1799_402_501_546_612
S,8,1799,DETECTION,src/tracking/advanced_tracker.py:_activate_slot,1799_271_991_475_1105
S,9,1799,PREDICTION,src/tracking/advanced_tracker.py:flow_gapfill_batched,
D,0,1799
S,2,1799,PREDICTION,src/tracking/advanced_tracker.py:id_merge,
D,2,1799
S,3,1799,PREDICTION,src/tracking/advanced_tracker.py:id_merge,
D,3,1799
S,4,1799,PREDICTION,src/tracking/advanced_tracker.py:id_merge,
D,5,1799
S,8,1799,PREDICTION,src/tracking/advanced_tracker.py:id_merge,
D,9,1799
S,8,1799,PREDICTION,src/tracking/advanced_tracker.py:id_merge,
L,1,1799,DETECTION,src/tracking/advanced_tracker.py:_activate_slot,1799_83_1005_283_1105
R,CLAMP,CLAMP,0
L,4,1799,PREDICTION,src/tracking/advanced_tracker.py:id_merge,
R,CLAMP,CLAMP,0
L,8,1799,PREDICTION,src/tracking/advanced_tracker.py:id_merge,
R,PREDICTION,PREDICTION,1
A,1799
S,0,1805,DETECTION,src/tracking/advanced_tracker.py:_activate_slot,1805_234_92_506_264
S,1,1805,DETECTION,src/tracking/advanced_tracker.py:_activate_slot,1805_84_1005_283_1105
S,2,1805,DETECTION,src/tracking/advanced_tracker.py:_activate_slot,1805_263_992_476_1108
S,3,1805,DETECTION,src/tracking/advanced_tracker.py:_activate_slot,1805_319_1189_556_1291
S,4,1805,DETECTION,src/tracking/advanced_tracker.py:_activate_slot,1805_111_667_294_755
S,5,1805,DETECTION,src/tracking/advanced_tracker.py:_activate_slot,1805_352_670_541_774
S,6,1805,DETECTION,src/tracking/advanced_tracker.py:_activate_slot,1805_31_846_173_924
S,8,1805,PREDICTION,src/tracking/advanced_tracker.py:kalman_homography,
S,9,1805,PREDICTION,src/tracking/advanced_tracker.py:flow_gapfill_batched,
L,0,1805,DETECTION,src/tracking/advanced_tracker.py:_activate_slot,1805_234_92_506_264
R,DETECTION,DETECTION,1
L,1,1805,DETECTION,src/tracking/advanced_tracker.py:_activate_slot,1805_84_1005_283_1105
R,CLAMP,CLAMP,0
L,2,1805,DETECTION,src/tracking/advanced_tracker.py:_activate_slot,1805_263_992_476_1108
R,DETECTION,DETECTION,1
L,3,1805,DETECTION,src/tracking/advanced_tracker.py:_activate_slot,1805_319_1189_556_1291
R,CLAMP,CLAMP,0
L,4,1805,DETECTION,src/tracking/advanced_tracker.py:_activate_slot,1805_111_667_294_755
R,CLAMP,CLAMP,0
L,5,1805,DETECTION,src/tracking/advanced_tracker.py:_activate_slot,1805_352_670_541_774
R,CLAMP,CLAMP,0
L,6,1805,DETECTION,src/tracking/advanced_tracker.py:_activate_slot,1805_31_846_173_924
R,CLAMP,CLAMP,1
L,8,1805,PREDICTION,src/tracking/advanced_tracker.py:kalman_homography,
R,CLAMP,CLAMP,0
L,9,1805,PREDICTION,src/tracking/advanced_tracker.py:flow_gapfill_batched,
R,CLAMP,CLAMP,0
A,1805
S,0,1811,DETECTION,src/tracking/advanced_tracker.py:_activate_slot,1811_232_78_479_251
S,1,1811,DETECTION,src/tracking/advanced_tracker.py:_activate_slot,1811_83_1006_283_1106
S,2,1811,DETECTION,src/tracking/advanced_tracker.py:_activate_slot,1811_271_123_506_295
S,3,1811,DETECTION,src/tracking/advanced_tracker.py:_activate_slot,1811_319_1190_557_1290
S,4,1811,DETECTION,src/tracking/advanced_tracker.py:_activate_slot,1811_89_665_293_757
S,5,1811,DETECTION,src/tracking/advanced_tracker.py:_activate_slot,1811_348_670_545_772
S,6,1811,DETECTION,src/tracking/advanced_tracker.py:_activate_slot,1811_30_844_173_925
S,8,1811,PREDICTION,src/tracking/advanced_tracker.py:kalman_homography,
S,9,1811,PREDICTION,src/tracking/advanced_tracker.py:flow_gapfill_batched,
D,0,1811
S,2,1811,PREDICTION,src/tracking/advanced_tracker.py:id_merge,
L,1,1811,DETECTION,src/tracking/advanced_tracker.py:_activate_slot,1811_83_1006_283_1106
R,CLAMP,CLAMP,0
L,2,1811,PREDICTION,src/tracking/advanced_tracker.py:id_merge,
R,CLAMP,CLAMP,0
L,3,1811,DETECTION,src/tracking/advanced_tracker.py:_activate_slot,1811_319_1190_557_1290
R,CLAMP,CLAMP,0
L,4,1811,DETECTION,src/tracking/advanced_tracker.py:_activate_slot,1811_89_665_293_757
R,CLAMP,CLAMP,0
L,5,1811,DETECTION,src/tracking/advanced_tracker.py:_activate_slot,1811_348_670_545_772
R,CLAMP,CLAMP,0
L,6,1811,DETECTION,src/tracking/advanced_tracker.py:_activate_slot,1811_30_844_173_925
R,CLAMP,CLAMP,0
L,8,1811,PREDICTION,src/tracking/advanced_tracker.py:kalman_homography,
R,CLAMP,CLAMP,0
L,9,1811,PREDICTION,src/tracking/advanced_tracker.py:flow_gapfill_batched,
R,CLAMP,CLAMP,0
A,1811
S,0,1817,DETECTION,src/tracking/advanced_tracker.py:_activate_slot,1817_235_69_471_241
S,1,1817,DETECTION,src/tracking/advanced_tracker.py:_activate_slot,1817_82_1006_283_1105
S,2,1817,DETECTION,src/tracking/advanced_tracker.py:_activate_slot,1817_281_174_502_326
S,3,1817,DETECTION,src/tracking/advanced_tracker.py:_activate_slot,1817_319_1189_558_1291
S,4,1817,DETECTION,src/tracking/advanced_tracker.py:_activate_slot,1817_85_662_294_764
S,7,1817,DETECTION,src/tracking/advanced_tracker.py:_activate_slot,1817_266_998_476_1110
S,9,1817,DETECTION,src/tracking/advanced_tracker.py:_activate_slot,1817_402_500_546_612
S,6,1817,DETECTION,src/tracking/advanced_tracker.py:_activate_slot,1817_30_845_173_925
S,5,1817,PREDICTION,src/tracking/advanced_tracker.py:kalman_homography,
S,8,1817,PREDICTION,src/tracking/advanced_tracker.py:kalman_homography,
D,0,1817
S,2,1817,PREDICTION,src/tracking/advanced_tracker.py:id_merge,
D,8,1817
S,7,1817,PREDICTION,src/tracking/advanced_tracker.py:id_merge,
L,1,1817,DETECTION,src/tracking/advanced_tracker.py:_activate_slot,1817_82_1006_283_1105
R,CLAMP,CLAMP,0
L,2,1817,PREDICTION,src/tracking/advanced_tracker.py:id_merge,
R,CLAMP,CLAMP,0
L,3,1817,DETECTION,src/tracking/advanced_tracker.py:_activate_slot,1817_319_1189_558_1291
R,CLAMP,CLAMP,0
L,4,1817,DETECTION,src/tracking/advanced_tracker.py:_activate_slot,1817_85_662_294_764
R,CLAMP,CLAMP,0
L,5,1817,PREDICTION,src/tracking/advanced_tracker.py:kalman_homography,
R,CLAMP,CLAMP,0
L,6,1817,DETECTION,src/tracking/advanced_tracker.py:_activate_slot,1817_30_845_173_925
R,CLAMP,CLAMP,0
L,7,1817,PREDICTION,src/tracking/advanced_tracker.py:id_merge,
R,CLAMP,CLAMP,0
L,9,1817,DETECTION,src/tracking/advanced_tracker.py:_activate_slot,1817_402_500_546_612
R,CLAMP,CLAMP,0
A,1817
S,0,1823,DETECTION,src/tracking/advanced_tracker.py:_activate_slot,1823_250_38_473_229
S,1,1823,DETECTION,src/tracking/advanced_tracker.py:_activate_slot,1823_82_1006_283_1106
S,2,1823,DETECTION,src/tracking/advanced_tracker.py:_activate_slot,1823_275_210_502_337
S,3,1823,DETECTION,src/tracking/advanced_tracker.py:_activate_slot,1823_320_1189_558_1291
S,4,1823,DETECTION,src/tracking/advanced_tracker.py:_activate_slot,1823_90_657_294_772
S,5,1823,DETECTION,src/tracking/advanced_tracker.py:_activate_slot,1823_540_971_674_1097
S,7,1823,DETECTION,src/tracking/advanced_tracker.py:_activate_slot,1823_266_999_476_1111
S,6,1823,DETECTION,src/tracking/advanced_tracker.py:_activate_slot,1823_31_845_173_925
S,8,1823,PREDICTION,src/tracking/advanced_tracker.py:kalman_homography,
S,9,1823,PREDICTION,src/tracking/advanced_tracker.py:kalman_homography,
D,8,1823
S,7,1823,PREDICTION,src/tracking/advanced_tracker.py:id_merge,
L,0,1823,DETECTION,src/tracking/advanced_tracker.py:_activate_slot,1823_250_38_473_229
R,DETECTION,DETECTION,1
L,1,1823,DETECTION,src/tracking/advanced_tracker.py:_activate_slot,1823_82_1006_283_1106
R,CLAMP,CLAMP,0
L,2,1823,DETECTION,src/tracking/advanced_tracker.py:_activate_slot,1823_275_210_502_337
R,CLAMP,CLAMP,0
L,3,1823,DETECTION,src/tracking/advanced_tracker.py:_activate_slot,1823_320_1189_558_1291
R,CLAMP,CLAMP,0
L,4,1823,DETECTION,src/tracking/advanced_tracker.py:_activate_slot,1823_90_657_294_772
R,CLAMP,CLAMP,0
L,5,1823,DETECTION,src/tracking/advanced_tracker.py:_activate_slot,1823_540_971_674_1097
R,CLAMP,CLAMP,0
L,6,1823,DETECTION,src/tracking/advanced_tracker.py:_activate_slot,1823_31_845_173_925
R,CLAMP,CLAMP,0
L,7,1823,PREDICTION,src/tracking/advanced_tracker.py:id_merge,
R,CLAMP,CLAMP,0
L,9,1823,PREDICTION,src/tracking/advanced_tracker.py:kalman_homography,
R,CLAMP,CLAMP,0
A,1823
S,0,1829,DETECTION,src/tracking/advanced_tracker.py:_activate_slot,1829_258_37_476_236
S,1,1829,DETECTION,src/tracking/advanced_tracker.py:_activate_slot,1829_81_1005_284_1105
S,2,1829,DETECTION,src/tracking/advanced_tracker.py:_activate_slot,1829_273_218_499_371
S,3,1829,DETECTION,src/tracking/advanced_tracker.py:_activate_slot,1829_320_1189_559_1291
S,4,1829,DETECTION,src/tracking/advanced_tracker.py:_activate_slot,1829_567_250_675_355
S,7,1829,DETECTION,src/tracking/advanced_tracker.py:_activate_slot,1829_402_500_547_614
S,6,1829,DETECTION,src/tracking/advanced_tracker.py:_activate_slot,1829_30_845_173_925
S,8,1829,PREDICTION,src/tracking/advanced_tracker.py:kalman_homography,
S,9,1829,PREDICTION,src/tracking/advanced_tracker.py:kalman_homography,
S,5,1829,PREDICTION,src/tracking/advanced_tracker.py:flow_gapfill_batched,
D,9,1829
S,7,1829,PREDICTION,src/tracking/advanced_tracker.py:id_merge,
L,0,1829,DETECTION,src/tracking/advanced_tracker.py:_activate_slot,1829_258_37_476_236
R,DETECTION,DETECTION,1
L,1,1829,DETECTION,src/tracking/advanced_tracker.py:_activate_slot,1829_81_1005_284_1105
R,CLAMP,CLAMP,0
L,2,1829,DETECTION,src/tracking/advanced_tracker.py:_activate_slot,1829_273_218_499_371
R,CLAMP,CLAMP,0
L,3,1829,DETECTION,src/tracking/advanced_tracker.py:_activate_slot,1829_320_1189_559_1291
R,CLAMP,CLAMP,0
L,4,1829,DETECTION,src/tracking/advanced_tracker.py:_activate_slot,1829_567_250_675_355
R,CLAMP,CLAMP,0
L,5,1829,PREDICTION,src/tracking/advanced_tracker.py:flow_gapfill_batched,
R,CLAMP,CLAMP,0
L,6,1829,DETECTION,src/tracking/advanced_tracker.py:_activate_slot,1829_30_845_173_925
R,CLAMP,CLAMP,0
L,7,1829,PREDICTION,src/tracking/advanced_tracker.py:id_merge,
R,CLAMP,CLAMP,0
L,8,1829,PREDICTION,src/tracking/advanced_tracker.py:kalman_homography,
R,CLAMP,CLAMP,0
A,1829
S,0,1835,DETECTION,src/tracking/advanced_tracker.py:_activate_slot,1835_239_60_463_209
S,1,1835,DETECTION,src/tracking/advanced_tracker.py:_activate_slot,1835_83_1003_284_1105
S,2,1835,DETECTION,src/tracking/advanced_tracker.py:_activate_slot,1835_259_135_478_258
S,3,1835,DETECTION,src/tracking/advanced_tracker.py:_activate_slot,1835_321_1189_559_1291
S,4,1835,DETECTION,src/tracking/advanced_tracker.py:_activate_slot,1835_266_254_501_384
S,7,1835,DETECTION,src/tracking/advanced_tracker.py:_activate_slot,1835_267_997_478_1111
S,6,1835,DETECTION,src/tracking/advanced_tracker.py:_activate_slot,1835_31_844_172_924
S,8,1835,PREDICTION,src/tracking/advanced_tracker.py:kalman_homography,
S,9,1835,PREDICTION,src/tracking/advanced_tracker.py:kalman_homography,
D,0,1835
S,2,1835,PREDICTION,src/tracking/advanced_tracker.py:id_merge,
D,2,1835
S,4,1835,PREDICTION,src/tracking/advanced_tracker.py:id_merge,
D,8,1835
S,7,1835,PREDICTION,src/tracking/advanced_tracker.py:id_merge,
L,1,1835,DETECTION,src/tracking/advanced_tracker.py:_activate_slot,1835_83_1003_284_1105
R,CLAMP,CLAMP,0
L,3,1835,DETECTION,src/tracking/advanced_tracker.py:_activate_slot,1835_321_1189_559_1291
R,CLAMP,CLAMP,0
L,4,1835,PREDICTION,src/tracking/advanced_tracker.py:id_merge,
R,CLAMP,CLAMP,0
L,6,1835,DETECTION,src/tracking/advanced_tracker.py:_activate_slot,1835_31_844_172_924
R,CLAMP,CLAMP,0
L,7,1835,PREDICTION,src/tracking/advanced_tracker.py:id_merge,
R,CLAMP,CLAMP,0
L,9,1835,PREDICTION,src/tracking/advanced_tracker.py:kalman_homography,
R,CLAMP,CLAMP,0
A,1835
S,0,1841,DETECTION,src/tracking/advanced_tracker.py:_activate_slot,1841_234_53_474_227
S,1,1841,DETECTION,src/tracking/advanced_tracker.py:_activate_slot,1841_84_1004_284_1104
S,2,1841,DETECTION,src/tracking/advanced_tracker.py:_activate_slot,1841_245_123_481_287
S,3,1841,DETECTION,src/tracking/advanced_tracker.py:_activate_slot,1841_321_1190_560_1292
S,4,1841,DETECTION,src/tracking/advanced_tracker.py:_activate_slot,1841_264_304_504_417
S,6,1841,DETECTION,src/tracking/advanced_tracker.py:_activate_slot,1841_32_844_173_924
S,7,1841,PREDICTION,src/tracking/advanced_tracker.py:kalman_homography,
S,8,1841,PREDICTION,src/tracking/advanced_tracker.py:kalman_homography,
S,9,1841,PREDICTION,src/tracking/advanced_tracker.py:kalman_homography,
S,5,1841,PREDICTION,src/tracking/advanced_tracker.py:flow_gapfill_batched,
D,0,1841
S,2,1841,PREDICTION,src/tracking/advanced_tracker.py:id_merge,
L,1,1841,DETECTION,src/tracking/advanced_tracker.py:_activate_slot,1841_84_1004_284_1104
R,CLAMP,CLAMP,0
L,2,1841,PREDICTION,src/tracking/advanced_tracker.py:id_merge,
R,CLAMP,CLAMP,0
L,3,1841,DETECTION,src/tracking/advanced_tracker.py:_activate_slot,1841_321_1190_560_1292
R,CLAMP,CLAMP,0
L,4,1841,DETECTION,src/tracking/advanced_tracker.py:_activate_slot,1841_264_304_504_417
R,CLAMP,CLAMP,0
L,5,1841,PREDICTION,src/tracking/advanced_tracker.py:flow_gapfill_batched,
R,CLAMP,CLAMP,0
L,6,1841,DETECTION,src/tracking/advanced_tracker.py:_activate_slot,1841_32_844_173_924
R,CLAMP,CLAMP,0
L,7,1841,PREDICTION,src/tracking/advanced_tracker.py:kalman_homography,
R,CLAMP,CLAMP,0
L,8,1841,PREDICTION,src/tracking/advanced_tracker.py:kalman_homography,
R,CLAMP,CLAMP,0
L,9,1841,PREDICTION,src/tracking/advanced_tracker.py:kalman_homography,
R,CLAMP,CLAMP,0
A,1841
S,0,1847,DETECTION,src/tracking/advanced_tracker.py:_activate_slot,1847_226_65_439_242
S,1,1847,DETECTION,src/tracking/advanced_tracker.py:_activate_slot,1847_84_1012_284_1104
S,2,1847,DETECTION,src/tracking/advanced_tracker.py:_activate_slot,1847_269_329_508_443
S,3,1847,DETECTION,src/tracking/advanced_tracker.py:_activate_slot,1847_322_1189_561_1291
S,4,1847,DETECTION,src/tracking/advanced_tracker.py:_activate_slot,1847_234_177_478_317
S,5,1847,DETECTION,src/tracking/advanced_tracker.py:_activate_slot,1847_361_695_544_792
S,7,1847,DETECTION,src/tracking/advanced_tracker.py:_activate_slot,1847_263_992_479_1108
S,6,1847,DETECTION,src/tracking/advanced_tracker.py:_activate_slot,1847_33_844_174_922
S,9,1847,PREDICTION,src/tracking/advanced_tracker.py:kalman_homography,
S,8,1847,PREDICTION,src/tracking/advanced_tracker.py:flow_gapfill_batched,
D,0,1847
S,4,1847,PREDICTION,src/tracking/advanced_tracker.py:id_merge,
D,8,1847
S,7,1847,PREDICTION,src/tracking/advanced_tracker.py:id_merge,
L,1,1847,DETECTION,src/tracking/advanced_tracker.py:_activate_slot,1847_84_1012_284_1104
R,CLAMP,CLAMP,0
L,2,1847,DETECTION,src/tracking/advanced_tracker.py:_activate_slot,1847_269_329_508_443
R,CLAMP,CLAMP,0
L,3,1847,DETECTION,src/tracking/advanced_tracker.py:_activate_slot,1847_322_1189_561_1291
R,CLAMP,CLAMP,0
L,4,1847,PREDICTION,src/tracking/advanced_tracker.py:id_merge,
R,CLAMP,CLAMP,0
L,5,1847,DETECTION,src/tracking/advanced_tracker.py:_activate_slot,1847_361_695_544_792
R,CLAMP,CLAMP,0
L,6,1847,DETECTION,src/tracking/advanced_tracker.py:_activate_slot,1847_33_844_174_922
R,CLAMP,CLAMP,0
L,7,1847,PREDICTION,src/tracking/advanced_tracker.py:id_merge,
R,CLAMP,CLAMP,0
L,9,1847,PREDICTION,src/tracking/advanced_tracker.py:kalman_homography,
R,CLAMP,CLAMP,0
A,1847
S,0,1853,DETECTION,src/tracking/advanced_tracker.py:_activate_slot,1853_227_114_437_257
S,1,1853,DETECTION,src/tracking/advanced_tracker.py:_activate_slot,1853_88_1017_277_1103
S,2,1853,DETECTION,src/tracking/advanced_tracker.py:_activate_slot,1853_282_351_517_488
S,3,1853,DETECTION,src/tracking/advanced_tracker.py:_activate_slot,1853_322_1189_564_1291
S,4,1853,DETECTION,src/tracking/advanced_tracker.py:_activate_slot,1853_236_217_464_340
S,5,1853,DETECTION,src/tracking/advanced_tracker.py:_activate_slot,1853_362_698_546_796
S,7,1853,DETECTION,src/tracking/advanced_tracker.py:_activate_slot,1853_313_630_463_747
S,6,1853,DETECTION,src/tracking/advanced_tracker.py:_activate_slot,1853_32_845_175_922
S,9,1853,PREDICTION,src/tracking/advanced_tracker.py:kalman_homography,
D,0,1853
S,4,1853,PREDICTION,src/tracking/advanced_tracker.py:id_merge,
D,5,1853
S,7,1853,PREDICTION,src/tracking/advanced_tracker.py:id_merge,
L,1,1853,DETECTION,src/tracking/advanced_tracker.py:_activate_slot,1853_88_1017_277_1103
R,CLAMP,CLAMP,0
L,2,1853,DETECTION,src/tracking/advanced_tracker.py:_activate_slot,1853_282_351_517_488
R,CLAMP,CLAMP,0
L,3,1853,DETECTION,src/tracking/advanced_tracker.py:_activate_slot,1853_322_1189_564_1291
R,CLAMP,CLAMP,0
L,4,1853,PREDICTION,src/tracking/advanced_tracker.py:id_merge,
R,CLAMP,CLAMP,0
L,6,1853,DETECTION,src/tracking/advanced_tracker.py:_activate_slot,1853_32_845_175_922
R,CLAMP,CLAMP,0
L,7,1853,PREDICTION,src/tracking/advanced_tracker.py:id_merge,
R,CLAMP,CLAMP,0
L,9,1853,PREDICTION,src/tracking/advanced_tracker.py:kalman_homography,
R,CLAMP,CLAMP,0
A,1853
S,0,1859,DETECTION,src/tracking/advanced_tracker.py:_activate_slot,1859_215_134_440_279
S,1,1859,DETECTION,src/tracking/advanced_tracker.py:_activate_slot,1859_83_1013_285_1105
S,2,1859,DETECTION,src/tracking/advanced_tracker.py:_activate_slot,1859_283_356_511_513
S,3,1859,DETECTION,src/tracking/advanced_tracker.py:_activate_slot,1859_322_1188_563_1292
S,4,1859,DETECTION,src/tracking/advanced_tracker.py:_activate_slot,1859_247_216_464_396
S,5,1859,DETECTION,src/tracking/advanced_tracker.py:_activate_slot,1859_361_696_542_802
S,7,1859,DETECTION,src/tracking/advanced_tracker.py:_activate_slot,1859_261_991_479_1103
S,6,1859,DETECTION,src/tracking/advanced_tracker.py:_activate_slot,1859_32_845_175_922
S,10,1859,DETECTION,src/tracking/advanced_tracker.py:_activate_slot,1859_565_1173_675_1295
S,9,1859,PREDICTION,src/tracking/advanced_tracker.py:kalman_homography,
D,0,1859
S,4,1859,PREDICTION,src/tracking/advanced_tracker.py:id_merge,
D,2,1859
S,4,1859,PREDICTION,src/tracking/advanced_tracker.py:id_merge,
L,1,1859,DETECTION,src/tracking/advanced_tracker.py:_activate_slot,1859_83_1013_285_1105
R,CLAMP,CLAMP,0
L,3,1859,DETECTION,src/tracking/advanced_tracker.py:_activate_slot,1859_322_1188_563_1292
R,CLAMP,CLAMP,0
L,4,1859,PREDICTION,src/tracking/advanced_tracker.py:id_merge,
R,CLAMP,CLAMP,0
L,5,1859,DETECTION,src/tracking/advanced_tracker.py:_activate_slot,1859_361_696_542_802
R,CLAMP,CLAMP,0
L,6,1859,DETECTION,src/tracking/advanced_tracker.py:_activate_slot,1859_32_845_175_922
R,CLAMP,CLAMP,0
L,7,1859,DETECTION,src/tracking/advanced_tracker.py:_activate_slot,1859_261_991_479_1103
R,CLAMP,CLAMP,0
L,9,1859,PREDICTION,src/tracking/advanced_tracker.py:kalman_homography,
R,CLAMP,CLAMP,0
A,1859
S,0,1865,DETECTION,src/tracking/advanced_tracker.py:_activate_slot,1865_201_160_412_296
S,1,1865,DETECTION,src/tracking/advanced_tracker.py:_activate_slot,1865_85_1016_286_1102
S,2,1865,DETECTION,src/tracking/advanced_tracker.py:_activate_slot,1865_272_374_505_527
S,3,1865,DETECTION,src/tracking/advanced_tracker.py:_activate_slot,1865_323_1187_563_1293
S,4,1865,DETECTION,src/tracking/advanced_tracker.py:_activate_slot,1865_248_248_450_448
S,7,1865,DETECTION,src/tracking/advanced_tracker.py:_activate_slot,1865_259_988_480_1102
S,6,1865,DETECTION,src/tracking/advanced_tracker.py:_activate_slot,1865_29_843_174_921
S,5,1865,PREDICTION,src/tracking/advanced_tracker.py:kalman_homography,
S,9,1865,PREDICTION,src/tracking/advanced_tracker.py:flow_gapfill_batched,
D,0,1865
S,4,1865,PREDICTION,src/tracking/advanced_tracker.py:id_merge,
D,2,1865
S,4,1865,PREDICTION,src/tracking/advanced_tracker.py:id_merge,
L,1,1865,DETECTION,src/tracking/advanced_tracker.py:_activate_slot,1865_85_1016_286_1102
R,CLAMP,CLAMP,0
L,3,1865,DETECTION,src/tracking/advanced_tracker.py:_activate_slot,1865_323_1187_563_1293
R,CLAMP,CLAMP,0
L,4,1865,PREDICTION,src/tracking/advanced_tracker.py:id_merge,
R,CLAMP,CLAMP,0
L,5,1865,PREDICTION,src/tracking/advanced_tracker.py:kalman_homography,
R,CLAMP,CLAMP,0
L,6,1865,DETECTION,src/tracking/advanced_tracker.py:_activate_slot,1865_29_843_174_921
R,CLAMP,CLAMP,0
L,7,1865,DETECTION,src/tracking/advanced_tracker.py:_activate_slot,1865_259_988_480_1102
R,CLAMP,CLAMP,0
L,9,1865,PREDICTION,src/tracking/advanced_tracker.py:flow_gapfill_batched,
R,CLAMP,CLAMP,0
A,1865
S,0,1871,DETECTION,src/tracking/advanced_tracker.py:_activate_slot,1871_197_184_407_325
S,1,1871,DETECTION,src/tracking/advanced_tracker.py:_activate_slot,1871_84_1017_282_1099
S,2,1871,DETECTION,src/tracking/advanced_tracker.py:_activate_slot,1871_268_411_500_544
S,3,1871,DETECTION,src/tracking/advanced_tracker.py:_activate_slot,1871_323_1185_565_1291
S,4,1871,DETECTION,src/tracking/advanced_tracker.py:_activate_slot,1871_254_272_464_456
S,5,1871,DETECTION,src/tracking/advanced_tracker.py:_activate_slot,1871_360_688_546_798
S,6,1871,DETECTION,src/tracking/advanced_tracker.py:_activate_slot,1871_32_838_173_920
S,7,1871,PREDICTION,src/tracking/advanced_tracker.py:kalman_homography,
D,0,1871
S,4,1871,PREDICTION,src/tracking/advanced_tracker.py:id_merge,
D,2,1871
S,4,1871,PREDICTION,src/tracking/advanced_tracker.py:id_merge,
L,1,1871,DETECTION,src/tracking/advanced_tracker.py:_activate_slot,1871_84_1017_282_1099
R,CLAMP,CLAMP,0
L,3,1871,DETECTION,src/tracking/advanced_tracker.py:_activate_slot,1871_323_1185_565_1291
R,CLAMP,CLAMP,0
L,4,1871,PREDICTION,src/tracking/advanced_tracker.py:id_merge,
R,CLAMP,CLAMP,0
L,5,1871,DETECTION,src/tracking/advanced_tracker.py:_activate_slot,1871_360_688_546_798
R,CLAMP,CLAMP,0
L,6,1871,DETECTION,src/tracking/advanced_tracker.py:_activate_slot,1871_32_838_173_920
R,CLAMP,CLAMP,0
L,7,1871,PREDICTION,src/tracking/advanced_tracker.py:kalman_homography,
R,CLAMP,CLAMP,0
A,1871
S,0,1877,DETECTION,src/tracking/advanced_tracker.py:_activate_slot,1877_187_193_402_358
S,1,1877,DETECTION,src/tracking/advanced_tracker.py:_activate_slot,1877_85_1013_286_1099
S,2,1877,DETECTION,src/tracking/advanced_tracker.py:_activate_slot,1877_268_407_489_563
S,3,1877,DETECTION,src/tracking/advanced_tracker.py:_activate_slot,1877_324_1181_563_1285
S,4,1877,DETECTION,src/tracking/advanced_tracker.py:_activate_slot,1877_250_347_465_469
S,5,1877,PREDICTION,src/tracking/advanced_tracker.py:kalman_homography,
S,6,1877,PREDICTION,src/tracking/advanced_tracker.py:kalman_homography,
S,7,1877,PREDICTION,src/tracking/advanced_tracker.py:kalman_homography,
D,2,1877
S,4,1877,PREDICTION,src/tracking/advanced_tracker.py:id_merge,
L,0,1877,DETECTION,src/tracking/advanced_tracker.py:_activate_slot,1877_187_193_402_358
R,DETECTION,DETECTION,1
L,1,1877,DETECTION,src/tracking/advanced_tracker.py:_activate_slot,1877_85_1013_286_1099
R,CLAMP,CLAMP,0
L,3,1877,DETECTION,src/tracking/advanced_tracker.py:_activate_slot,1877_324_1181_563_1285
R,CLAMP,CLAMP,0
L,4,1877,PREDICTION,src/tracking/advanced_tracker.py:id_merge,
R,CLAMP,CLAMP,0
L,5,1877,PREDICTION,src/tracking/advanced_tracker.py:kalman_homography,
R,CLAMP,CLAMP,0
L,6,1877,PREDICTION,src/tracking/advanced_tracker.py:kalman_homography,
R,CLAMP,CLAMP,0
L,7,1877,PREDICTION,src/tracking/advanced_tracker.py:kalman_homography,
R,CLAMP,CLAMP,0
A,1877
S,0,1883,DETECTION,src/tracking/advanced_tracker.py:_activate_slot,1883_182_288_382_385
S,1,1883,DETECTION,src/tracking/advanced_tracker.py:_activate_slot,1883_83_1007_285_1097
S,2,1883,DETECTION,src/tracking/advanced_tracker.py:_activate_slot,1883_264_391_490_564
S,3,1883,DETECTION,src/tracking/advanced_tracker.py:_activate_slot,1883_325_1179_567_1281
S,4,1883,DETECTION,src/tracking/advanced_tracker.py:_activate_slot,1883_58_306_198_391
S,5,1883,DETECTION,src/tracking/advanced_tracker.py:_activate_slot,1883_350_665_546_775
S,6,1883,PREDICTION,src/tracking/advanced_tracker.py:kalman_homography,
S,7,1883,PREDICTION,src/tracking/advanced_tracker.py:kalman_homography,
L,0,1883,DETECTION,src/tracking/advanced_tracker.py:_activate_slot,1883_182_288_382_385
R,DETECTION,DETECTION,1
L,1,1883,DETECTION,src/tracking/advanced_tracker.py:_activate_slot,1883_83_1007_285_1097
R,CLAMP,CLAMP,0
L,2,1883,DETECTION,src/tracking/advanced_tracker.py:_activate_slot,1883_264_391_490_564
R,CLAMP,CLAMP,0
L,3,1883,DETECTION,src/tracking/advanced_tracker.py:_activate_slot,1883_325_1179_567_1281
R,CLAMP,CLAMP,0
L,4,1883,DETECTION,src/tracking/advanced_tracker.py:_activate_slot,1883_58_306_198_391
R,CLAMP,CLAMP,0
L,5,1883,DETECTION,src/tracking/advanced_tracker.py:_activate_slot,1883_350_665_546_775
R,CLAMP,CLAMP,0
L,6,1883,PREDICTION,src/tracking/advanced_tracker.py:kalman_homography,
R,CLAMP,CLAMP,0
L,7,1883,PREDICTION,src/tracking/advanced_tracker.py:kalman_homography,
R,CLAMP,CLAMP,0
A,1883
S,0,1889,DETECTION,src/tracking/advanced_tracker.py:_activate_slot,1889_174_293_384_416
S,1,1889,DETECTION,src/tracking/advanced_tracker.py:_activate_slot,1889_80_1006_286_1098
S,2,1889,DETECTION,src/tracking/advanced_tracker.py:_activate_slot,1889_267_396_484_596
S,3,1889,DETECTION,src/tracking/advanced_tracker.py:_activate_slot,1889_326_1175_572_1281
S,4,1889,DETECTION,src/tracking/advanced_tracker.py:_activate_slot,1889_238_396_470_545
S,5,1889,DETECTION,src/tracking/advanced_tracker.py:_activate_slot,1889_0_743_178_832
S,7,1889,DETECTION,src/tracking/advanced_tracker.py:_activate_slot,1889_260_981_484_1095
S,9,1889,DETECTION,src/tracking/advanced_tracker.py:_activate_slot,1889_76_266_198_340
S,6,1889,DETECTION,src/tracking/advanced_tracker.py:_activate_slot,1889_29_838_173_916
D,2,1889
S,4,1889,PREDICTION,src/tracking/advanced_tracker.py:id_merge,
D,5,1889
S,6,1889,PREDICTION,src/tracking/advanced_tracker.py:id_merge,
L,0,1889,DETECTION,src/tracking/advanced_tracker.py:_activate_slot,1889_174_293_384_416
R,DETECTION,DETECTION,1
L,1,1889,DETECTION,src/tracking/advanced_tracker.py:_activate_slot,1889_80_1006_286_1098
R,CLAMP,CLAMP,0
L,3,1889,DETECTION,src/tracking/advanced_tracker.py:_activate_slot,1889_326_1175_572_1281
R,CLAMP,CLAMP,0
L,4,1889,PREDICTION,src/tracking/advanced_tracker.py:id_merge,
R,CLAMP,CLAMP,0
L,6,1889,PREDICTION,src/tracking/advanced_tracker.py:id_merge,
R,CLAMP,CLAMP,0
L,7,1889,DETECTION,src/tracking/advanced_tracker.py:_activate_slot,1889_260_981_484_1095
R,CLAMP,CLAMP,0
L,9,1889,DETECTION,src/tracking/advanced_tracker.py:_activate_slot,1889_76_266_198_340
R,CLAMP,CLAMP,0
A,1889
S,0,1895,DETECTION,src/tracking/advanced_tracker.py:_activate_slot,1895_156_304_382_444
S,1,1895,DETECTION,src/tracking/advanced_tracker.py:_activate_slot,1895_82_1013_281_1095
S,2,1895,DETECTION,src/tracking/advanced_tracker.py:_activate_slot,1895_263_426_455_601
S,3,1895,DETECTION,src/tracking/advanced_tracker.py:_activate_slot,1895_328_1168_568_1274
S,4,1895,DETECTION,src/tracking/advanced_tracker.py:_activate_slot,1895_404_522_551_639
S,5,1895,DETECTION,src/tracking/advanced_tracker.py:_activate_slot,1895_40_628_208_717
S,7,1895,DETECTION,src/tracking/advanced_tracker.py:_activate_slot,1895_262_980_485_1094
S,9,1895,DETECTION,src/tracking/advanced_tracker.py:_activate_slot,1895_76_260_198_341
S,8,1895,DETECTION,src/tracking/advanced_tracker.py:_activate_slot,1895_354_639_546_754
S,6,1895,PREDICTION,src/tracking/advanced_tracker.py:kalman_homography,
D,2,1895
S,4,1895,PREDICTION,src/tracking/advanced_tracker.py:id_merge,
L,0,1895,DETECTION,src/tracking/advanced_tracker.py:_activate_slot,1895_156_304_382_444
R,DETECTION,DETECTION,1
L,1,1895,DETECTION,src/tracking/advanced_tracker.py:_activate_slot,1895_82_1013_281_1095
R,CLAMP,CLAMP,0
L,3,1895,DETECTION,src/tracking/advanced_tracker.py:_activate_slot,1895_328_1168_568_1274
R,CLAMP,CLAMP,0
L,4,1895,PREDICTION,src/tracking/advanced_tracker.py:id_merge,
R,CLAMP,CLAMP,0
L,5,1895,DETECTION,src/tracking/advanced_tracker.py:_activate_slot,1895_40_628_208_717
R,CLAMP,CLAMP,0
L,6,1895,PREDICTION,src/tracking/advanced_tracker.py:kalman_homography,
R,CLAMP,CLAMP,0
L,7,1895,DETECTION,src/tracking/advanced_tracker.py:_activate_slot,1895_262_980_485_1094
R,CLAMP,CLAMP,0
L,8,1895,DETECTION,src/tracking/advanced_tracker.py:_activate_slot,1895_354_639_546_754
R,CLAMP,CLAMP,0
L,9,1895,DETECTION,src/tracking/advanced_tracker.py:_activate_slot,1895_76_260_198_341
R,CLAMP,CLAMP,0
A,1895
S,0,1901,DETECTION,src/tracking/advanced_tracker.py:_activate_slot,1901_177_364_357_477
S,1,1901,DETECTION,src/tracking/advanced_tracker.py:_activate_slot,1901_84_1011_278_1093
S,2,1901,DETECTION,src/tracking/advanced_tracker.py:_activate_slot,1901_276_466_453_627
S,3,1901,DETECTION,src/tracking/advanced_tracker.py:_activate_slot,1901_330_1161_570_1267
S,4,1901,DETECTION,src/tracking/advanced_tracker.py:_activate_slot,1901_233_476_369_578
S,7,1901,DETECTION,src/tracking/advanced_tracker.py:_activate_slot,1901_363_634_546_746
S,8,1901,DETECTION,src/tracking/advanced_tracker.py:_activate_slot,1901_406_520_545_634
S,5,1901,PREDICTION,src/tracking/advanced_tracker.py:kalman_homography,
S,6,1901,PREDICTION,src/tracking/advanced_tracker.py:kalman_homography,
S,9,1901,PREDICTION,src/tracking/advanced_tracker.py:kalman_homography,
D,0,1901
S,4,1901,PREDICTION,src/tracking/advanced_tracker.py:id_merge,
D,2,1901
S,4,1901,PREDICTION,src/tracking/advanced_tracker.py:id_merge,
D,7,1901
S,8,1901,PREDICTION,src/tracking/advanced_tracker.py:id_merge,
L,1,1901,DETECTION,src/tracking/advanced_tracker.py:_activate_slot,1901_84_1011_278_1093
R,CLAMP,CLAMP,0
L,3,1901,DETECTION,src/tracking/advanced_tracker.py:_activate_slot,1901_330_1161_570_1267
R,CLAMP,CLAMP,0
L,4,1901,PREDICTION,src/tracking/advanced_tracker.py:id_merge,
R,CLAMP,CLAMP,0
L,5,1901,PREDICTION,src/tracking/advanced_tracker.py:kalman_homography,
R,CLAMP,CLAMP,0
L,6,1901,PREDICTION,src/tracking/advanced_tracker.py:kalman_homography,
R,CLAMP,CLAMP,0
L,8,1901,PREDICTION,src/tracking/advanced_tracker.py:id_merge,
R,CLAMP,CLAMP,0
L,9,1901,PREDICTION,src/tracking/advanced_tracker.py:kalman_homography,
R,CLAMP,CLAMP,0
A,1901
S,0,1907,DETECTION,src/tracking/advanced_tracker.py:_activate_slot,1907_115_629_398_756
S,1,1907,DETECTION,src/tracking/advanced_tracker.py:_activate_slot,1907_87_1008_278_1090
S,2,1907,DETECTION,src/tracking/advanced_tracker.py:_activate_slot,1907_232_486_471_635
S,3,1907,DETECTION,src/tracking/advanced_tracker.py:_activate_slot,1907_331_1151_528_1257
S,4,1907,DETECTION,src/tracking/advanced_tracker.py:_activate_slot,1907_265_977_487_1089
S,7,1907,DETECTION,src/tracking/advanced_tracker.py:_activate_slot,1907_361_619_549_731
S,6,1907,DETECTION,src/tracking/advanced_tracker.py:_activate_slot,1907_32_826_178_905
S,8,1907,PREDICTION,src/tracking/advanced_tracker.py:kalman_homography,
S,9,1907,PREDICTION,src/tracking/advanced_tracker.py:kalman_homography,
S,5,1907,PREDICTION,src/tracking/advanced_tracker.py:flow_gapfill_batched,
L,0,1907,DETECTION,src/tracking/advanced_tracker.py:_activate_slot,1907_115_629_398_756
R,DETECTION,DETECTION,1
L,1,1907,DETECTION,src/tracking/advanced_tracker.py:_activate_slot,1907_87_1008_278_1090
R,CLAMP,CLAMP,0
L,2,1907,DETECTION,src/tracking/advanced_tracker.py:_activate_slot,1907_232_486_471_635
R,CLAMP,CLAMP,0
L,3,1907,DETECTION,src/tracking/advanced_tracker.py:_activate_slot,1907_331_1151_528_1257
R,CLAMP,CLAMP,0
L,4,1907,DETECTION,src/tracking/advanced_tracker.py:_activate_slot,1907_265_977_487_1089
R,CLAMP,CLAMP,0
L,5,1907,PREDICTION,src/tracking/advanced_tracker.py:flow_gapfill_batched,
R,CLAMP,CLAMP,0
L,6,1907,DETECTION,src/tracking/advanced_tracker.py:_activate_slot,1907_32_826_178_905
R,CLAMP,CLAMP,0
L,7,1907,DETECTION,src/tracking/advanced_tracker.py:_activate_slot,1907_361_619_549_731
R,CLAMP,CLAMP,0
L,8,1907,PREDICTION,src/tracking/advanced_tracker.py:kalman_homography,
R,CLAMP,CLAMP,0
L,9,1907,PREDICTION,src/tracking/advanced_tracker.py:kalman_homography,
R,CLAMP,CLAMP,0
A,1907
S,0,1913,DETECTION,src/tracking/advanced_tracker.py:_activate_slot,1913_165_417_359_547
S,1,1913,DETECTION,src/tracking/advanced_tracker.py:_activate_slot,1913_84_1002_282_1096
S,2,1913,DETECTION,src/tracking/advanced_tracker.py:_activate_slot,1913_406_508_549_625
S,3,1913,DETECTION,src/tracking/advanced_tracker.py:_activate_slot,1913_337_1135_573_1245
S,4,1913,DETECTION,src/tracking/advanced_tracker.py:_activate_slot,1913_266_975_495_1089
S,8,1913,DETECTION,src/tracking/advanced_tracker.py:_activate_slot,1913_224_504_476_642
S,6,1913,PREDICTION,src/tracking/advanced_tracker.py:kalman_homography,
S,7,1913,PREDICTION,src/tracking/advanced_tracker.py:kalman_homography,
S,9,1913,PREDICTION,src/tracking/advanced_tracker.py:kalman_homography,
S,5,1913,PREDICTION,src/tracking/advanced_tracker.py:flow_gapfill_batched,
D,7,1913
S,8,1913,PREDICTION,src/tracking/advanced_tracker.py:id_merge,
L,0,1913,DETECTION,src/tracking/advanced_tracker.py:_activate_slot,1913_165_417_359_547
R,DETECTION,DETECTION,1
L,1,1913,DETECTION,src/tracking/advanced_tracker.py:_activate_slot,1913_84_1002_282_1096
R,CLAMP,CLAMP,0
L,2,1913,DETECTION,src/tracking/advanced_tracker.py:_activate_slot,1913_406_508_549_625
R,CLAMP,CLAMP,0
L,3,1913,DETECTION,src/tracking/advanced_tracker.py:_activate_slot,1913_337_1135_573_1245
R,CLAMP,CLAMP,0
L,4,1913,DETECTION,src/tracking/advanced_tracker.py:_activate_slot,1913_266_975_495_1089
R,CLAMP,CLAMP,0
L,5,1913,PREDICTION,src/tracking/advanced_tracker.py:flow_gapfill_batched,
R,CLAMP,CLAMP,0
L,6,1913,PREDICTION,src/tracking/advanced_tracker.py:kalman_homography,
R,CLAMP,CLAMP,0
L,8,1913,PREDICTION,src/tracking/advanced_tracker.py:id_merge,
R,CLAMP,CLAMP,0
L,9,1913,PREDICTION,src/tracking/advanced_tracker.py:kalman_homography,
R,CLAMP,CLAMP,0
A,1913
S,0,1919,DETECTION,src/tracking/advanced_tracker.py:_activate_slot,1919_174_439_340_582
S,1,1919,DETECTION,src/tracking/advanced_tracker.py:_activate_slot,1919_84_1000_281_1096
S,2,1919,DETECTION,src/tracking/advanced_tracker.py:_activate_slot,1919_297_502_475_632
S,3,1919,DETECTION,src/tracking/advanced_tracker.py:_activate_slot,1919_341_1121_552_1233
S,4,1919,DETECTION,src/tracking/advanced_tracker.py:_activate_slot,1919_269_972_500_1087
S,8,1919,DETECTION,src/tracking/advanced_tracker.py:_activate_slot,1919_364_590_550_708
S,6,1919,PREDICTION,src/tracking/advanced_tracker.py:kalman_homography,
S,7,1919,PREDICTION,src/tracking/advanced_tracker.py:kalman_homography,
S,9,1919,PREDICTION,src/tracking/advanced_tracker.py:kalman_homography,
S,5,1919,PREDICTION,src/tracking/advanced_tracker.py:flow_gapfill_batched,
D,0,1919
S,2,1919,PREDICTION,src/tracking/advanced_tracker.py:id_merge,
L,1,1919,DETECTION,src/tracking/advanced_tracker.py:_activate_slot,1919_84_1000_281_1096
R,CLAMP,CLAMP,0
L,2,1919,PREDICTION,src/tracking/advanced_tracker.py:id_merge,
R,CLAMP,CLAMP,0
L,3,1919,DETECTION,src/tracking/advanced_tracker.py:_activate_slot,1919_341_1121_552_1233
R,CLAMP,CLAMP,0
L,4,1919,DETECTION,src/tracking/advanced_tracker.py:_activate_slot,1919_269_972_500_1087
R,CLAMP,CLAMP,0
L,5,1919,PREDICTION,src/tracking/advanced_tracker.py:flow_gapfill_batched,
R,CLAMP,CLAMP,0
L,6,1919,PREDICTION,src/tracking/advanced_tracker.py:kalman_homography,
R,CLAMP,CLAMP,0
L,7,1919,PREDICTION,src/tracking/advanced_tracker.py:kalman_homography,
R,CLAMP,CLAMP,0
L,8,1919,DETECTION,src/tracking/advanced_tracker.py:_activate_slot,1919_364_590_550_708
R,CLAMP,CLAMP,0
L,9,1919,PREDICTION,src/tracking/advanced_tracker.py:kalman_homography,
R,CLAMP,CLAMP,0
A,1919
S,0,1925,DETECTION,src/tracking/advanced_tracker.py:_activate_slot,1925_267_484_469_622
S,1,1925,DETECTION,src/tracking/advanced_tracker.py:_activate_slot,1925_84_998_280_1089
S,2,1925,DETECTION,src/tracking/advanced_tracker.py:_activate_slot,1925_308_616_462_724
S,3,1925,DETECTION,src/tracking/advanced_tracker.py:_activate_slot,1925_345_1091_603_1233
S,4,1925,DETECTION,src/tracking/advanced_tracker.py:_activate_slot,1925_272_970_501_1084
S,7,1925,DETECTION,src/tracking/advanced_tracker.py:_activate_slot,1925_364_585_548_697
S,6,1925,PREDICTION,src/tracking/advanced_tracker.py:kalman_homography,
S,8,1925,PREDICTION,src/tracking/advanced_tracker.py:kalman_homography,
S,9,1925,PREDICTION,src/tracking/advanced_tracker.py:kalman_homography,
S,5,1925,PREDICTION,src/tracking/advanced_tracker.py:flow_gapfill_batched,
D,0,1925
S,2,1925,PREDICTION,src/tracking/advanced_tracker.py:id_merge,
D,8,1925
S,7,1925,PREDICTION,src/tracking/advanced_tracker.py:id_merge,
L,1,1925,DETECTION,src/tracking/advanced_tracker.py:_activate_slot,1925_84_998_280_1089
R,CLAMP,CLAMP,0
L,2,1925,PREDICTION,src/tracking/advanced_tracker.py:id_merge,
R,CLAMP,CLAMP,0
L,3,1925,DETECTION,src/tracking/advanced_tracker.py:_activate_slot,1925_345_1091_603_1233
R,CLAMP,CLAMP,0
L,4,1925,DETECTION,src/tracking/advanced_tracker.py:_activate_slot,1925_272_970_501_1084
R,CLAMP,CLAMP,0
L,5,1925,PREDICTION,src/tracking/advanced_tracker.py:flow_gapfill_batched,
R,CLAMP,CLAMP,0
L,6,1925,PREDICTION,src/tracking/advanced_tracker.py:kalman_homography,
R,CLAMP,CLAMP,0
L,7,1925,PREDICTION,src/tracking/advanced_tracker.py:id_merge,
R,CLAMP,CLAMP,0
L,9,1925,PREDICTION,src/tracking/advanced_tracker.py:kalman_homography,
R,CLAMP,CLAMP,0
A,1925
S,0,1931,DETECTION,src/tracking/advanced_tracker.py:_activate_slot,1931_253_481_462_608
S,1,1931,DETECTION,src/tracking/advanced_tracker.py:_activate_slot,1931_81_996_283_1088
S,2,1931,DETECTION,src/tracking/advanced_tracker.py:_activate_slot,1931_419_511_553_637
S,3,1931,DETECTION,src/tracking/advanced_tracker.py:_activate_slot,1931_346_1087_601_1209
S,4,1931,DETECTION,src/tracking/advanced_tracker.py:_activate_slot,1931_177_681_387_793
S,7,1931,DETECTION,src/tracking/advanced_tracker.py:_activate_slot,1931_366_583_547_692
S,8,1931,DETECTION,src/tracking/advanced_tracker.py:_activate_slot,1931_274_967_500_1085
S,6,1931,PREDICTION,src/tracking/advanced_tracker.py:kalman_homography,
S,9,1931,PREDICTION,src/tracking/advanced_tracker.py:kalman_homography,
S,5,1931,PREDICTION,src/tracking/advanced_tracker.py:flow_gapfill_batched,
D,0,1931
S,2,1931,PREDICTION,src/tracking/advanced_tracker.py:id_merge,
L,1,1931,DETECTION,src/tracking/advanced_tracker.py:_activate_slot,1931_81_996_283_1088
R,CLAMP,CLAMP,0
L,2,1931,PREDICTION,src/tracking/advanced_tracker.py:id_merge,
R,CLAMP,CLAMP,0
L,3,1931,DETECTION,src/tracking/advanced_tracker.py:_activate_slot,1931_346_1087_601_1209
R,CLAMP,CLAMP,0
L,4,1931,DETECTION,src/tracking/advanced_tracker.py:_activate_slot,1931_177_681_387_793
R,CLAMP,CLAMP,0
L,5,1931,PREDICTION,src/tracking/advanced_tracker.py:flow_gapfill_batched,
R,CLAMP,CLAMP,0
L,6,1931,PREDICTION,src/tracking/advanced_tracker.py:kalman_homography,
R,CLAMP,CLAMP,0
L,7,1931,DETECTION,src/tracking/advanced_tracker.py:_activate_slot,1931_366_583_547_692
R,CLAMP,CLAMP,0
L,8,1931,DETECTION,src/tracking/advanced_tracker.py:_activate_slot,1931_274_967_500_1085
R,CLAMP,CLAMP,0
L,9,1931,PREDICTION,src/tracking/advanced_tracker.py:kalman_homography,
R,CLAMP,CLAMP,0
A,1931
S,0,1937,DETECTION,src/tracking/advanced_tracker.py:_activate_slot,1937_244_448_461_595
S,1,1937,DETECTION,src/tracking/advanced_tracker.py:_activate_slot,1937_85_968_284_1087
S,2,1937,DETECTION,src/tracking/advanced_tracker.py:_activate_slot,1937_285_554_502_706
S,3,1937,DETECTION,src/tracking/advanced_tracker.py:_activate_slot,1937_109_637_288_711
S,4,1937,DETECTION,src/tracking/advanced_tracker.py:_activate_slot,1937_172_670_415_796
S,6,1937,DETECTION,src/tracking/advanced_tracker.py:_activate_slot,1937_31_497_230_597
S,8,1937,DETECTION,src/tracking/advanced_tracker.py:_activate_slot,1937_345_1079_545_1177
S,7,1937,PREDICTION,src/tracking/advanced_tracker.py:kalman_homography,
S,5,1937,PREDICTION,src/tracking/advanced_tracker.py:flow_gapfill_batched,
S,9,1937,PREDICTION,src/tracking/advanced_tracker.py:flow_gapfill_batched,
D,0,1937
S,2,1937,PREDICTION,src/tracking/advanced_tracker.py:id_merge,
D,2,1937
S,4,1937,PREDICTION,src/tracking/advanced_tracker.py:id_merge,
D,3,1937
S,4,1937,PREDICTION,src/tracking/advanced_tracker.py:id_merge,
D,5,1937
S,6,1937,PREDICTION,src/tracking/advanced_tracker.py:id_merge,
L,1,1937,DETECTION,src/tracking/advanced_tracker.py:_activate_slot,1937_85_968_284_1087
R,CLAMP,CLAMP,0
L,4,1937,PREDICTION,src/tracking/advanced_tracker.py:id_merge,
R,CLAMP,CLAMP,0
L,6,1937,PREDICTION,src/tracking/advanced_tracker.py:id_merge,
R,CLAMP,CLAMP,0
L,7,1937,PREDICTION,src/tracking/advanced_tracker.py:kalman_homography,
R,CLAMP,CLAMP,0
L,8,1937,DETECTION,src/tracking/advanced_tracker.py:_activate_slot,1937_345_1079_545_1177
R,CLAMP,CLAMP,0
L,9,1937,PREDICTION,src/tracking/advanced_tracker.py:flow_gapfill_batched,
R,CLAMP,CLAMP,0
A,1937
S,0,1943,DETECTION,src/tracking/advanced_tracker.py:_activate_slot,1943_239_442_455_592
S,1,1943,DETECTION,src/tracking/advanced_tracker.py:_activate_slot,1943_83_973_284_1087
S,4,1943,DETECTION,src/tracking/advanced_tracker.py:_activate_slot,1943_274_959_503_1079
S,2,1943,DETECTION,src/tracking/advanced_tracker.py:_activate_slot,1943_289_574_523_696
S,7,1943,DETECTION,src/tracking/advanced_tracker.py:_activate_slot,1943_347_1063_543_1161
S,3,1943,PREDICTION,src/tracking/advanced_tracker.py:kalman_homography,
S,6,1943,PREDICTION,src/tracking/advanced_tracker.py:kalman_homography,
S,8,1943,PREDICTION,src/tracking/advanced_tracker.py:kalman_homography,
S,5,1943,PREDICTION,src/tracking/advanced_tracker.py:flow_gapfill_batched,
S,9,1943,PREDICTION,src/tracking/advanced_tracker.py:flow_gapfill_batched,
D,0,1943
S,2,1943,PREDICTION,src/tracking/advanced_tracker.py:id_merge,
L,1,1943,DETECTION,src/tracking/advanced_tracker.py:_activate_slot,1943_83_973_284_1087
R,CLAMP,CLAMP,0
L,2,1943,PREDICTION,src/tracking/advanced_tracker.py:id_merge,
R,CLAMP,CLAMP,0
L,3,1943,PREDICTION,src/tracking/advanced_tracker.py:kalman_homography,
R,CLAMP,CLAMP,0
L,4,1943,DETECTION,src/tracking/advanced_tracker.py:_activate_slot,1943_274_959_503_1079
R,CLAMP,CLAMP,0
L,5,1943,PREDICTION,src/tracking/advanced_tracker.py:flow_gapfill_batched,
R,CLAMP,CLAMP,0
L,6,1943,PREDICTION,src/tracking/advanced_tracker.py:kalman_homography,
R,CLAMP,CLAMP,0
L,7,1943,DETECTION,src/tracking/advanced_tracker.py:_activate_slot,1943_347_1063_543_1161
R,CLAMP,CLAMP,0
L,8,1943,PREDICTION,src/tracking/advanced_tracker.py:kalman_homography,
R,CLAMP,CLAMP,0
L,9,1943,PREDICTION,src/tracking/advanced_tracker.py:flow_gapfill_batched,
R,CLAMP,CLAMP,0
A,1943
S,0,1949,DETECTION,src/tracking/advanced_tracker.py:_activate_slot,1949_239_433_440_561
S,1,1949,DETECTION,src/tracking/advanced_tracker.py:_activate_slot,1949_84_998_283_1081
S,2,1949,DETECTION,src/tracking/advanced_tracker.py:_activate_slot,1949_364_529_548_637
S,3,1949,DETECTION,src/tracking/advanced_tracker.py:_activate_slot,1949_149_641_391_825
S,4,1949,DETECTION,src/tracking/advanced_tracker.py:_activate_slot,1949_275_955_503_1073
S,7,1949,DETECTION,src/tracking/advanced_tracker.py:_activate_slot,1949_356_1047_549_1141
S,6,1949,PREDICTION,src/tracking/advanced_tracker.py:kalman_homography,
S,8,1949,PREDICTION,src/tracking/advanced_tracker.py:flow_gapfill_batched,
D,0,1949
S,2,1949,PREDICTION,src/tracking/advanced_tracker.py:id_merge,
D,8,1949
S,7,1949,PREDICTION,src/tracking/advanced_tracker.py:id_merge,
L,1,1949,DETECTION,src/tracking/advanced_tracker.py:_activate_slot,1949_84_998_283_1081
R,CLAMP,CLAMP,0
L,2,1949,PREDICTION,src/tracking/advanced_tracker.py:id_merge,
R,CLAMP,CLAMP,0
L,3,1949,DETECTION,src/tracking/advanced_tracker.py:_activate_slot,1949_149_641_391_825
R,CLAMP,CLAMP,0
L,4,1949,DETECTION,src/tracking/advanced_tracker.py:_activate_slot,1949_275_955_503_1073
R,CLAMP,CLAMP,0
L,6,1949,PREDICTION,src/tracking/advanced_tracker.py:kalman_homography,
R,CLAMP,CLAMP,0
L,7,1949,PREDICTION,src/tracking/advanced_tracker.py:id_merge,
R,CLAMP,CLAMP,0
A,1949
S,0,1955,DETECTION,src/tracking/advanced_tracker.py:_activate_slot,1955_232_388_429_536
S,1,1955,DETECTION,src/tracking/advanced_tracker.py:_activate_slot,1955_85_987_287_1083
S,2,1955,DETECTION,src/tracking/advanced_tracker.py:_activate_slot,1955_356_513_547_626
S,3,1955,DETECTION,src/tracking/advanced_tracker.py:_activate_slot,1955_357_1029_571_1123
S,4,1955,DETECTION,src/tracking/advanced_tracker.py:_activate_slot,1955_275_952_483_1064
S,9,1955,DETECTION,src/tracking/advanced_tracker.py:_activate_slot,1955_19_349_218_453
S,6,1955,PREDICTION,src/tracking/advanced_tracker.py:kalman_homography,
S,7,1955,PREDICTION,src/tracking/advanced_tracker.py:kalman_homography,
S,8,1955,PREDICTION,src/tracking/advanced_tracker.py:flow_gapfill_batched,
D,3,1955
S,4,1955,PREDICTION,src/tracking/advanced_tracker.py:id_merge,
D,6,1955
S,9,1955,PREDICTION,src/tracking/advanced_tracker.py:id_merge,
D,8,1955
S,7,1955,PREDICTION,src/tracking/advanced_tracker.py:id_merge,
L,0,1955,DETECTION,src/tracking/advanced_tracker.py:_activate_slot,1955_232_388_429_536
R,DETECTION,DETECTION,1
L,1,1955,DETECTION,src/tracking/advanced_tracker.py:_activate_slot,1955_85_987_287_1083
R,CLAMP,CLAMP,0
L,2,1955,DETECTION,src/tracking/advanced_tracker.py:_activate_slot,1955_356_513_547_626
R,CLAMP,CLAMP,0
L,4,1955,PREDICTION,src/tracking/advanced_tracker.py:id_merge,
R,CLAMP,CLAMP,0
L,7,1955,PREDICTION,src/tracking/advanced_tracker.py:id_merge,
R,CLAMP,CLAMP,0
L,9,1955,PREDICTION,src/tracking/advanced_tracker.py:id_merge,
R,CLAMP,CLAMP,0
A,1955
S,0,1961,DETECTION,src/tracking/advanced_tracker.py:_activate_slot,1961_228_380_410_515
S,1,1961,DETECTION,src/tracking/advanced_tracker.py:_activate_slot,1961_84_989_287_1077
S,2,1961,DETECTION,src/tracking/advanced_tracker.py:_activate_slot,1961_360_505_545_610
S,3,1961,DETECTION,src/tracking/advanced_tracker.py:_activate_slot,1961_152_643_384_819
S,4,1961,DETECTION,src/tracking/advanced_tracker.py:_activate_slot,1961_43_384_233_484
S,7,1961,DETECTION,src/tracking/advanced_tracker.py:_activate_slot,1961_356_1012_554_1104
S,8,1961,DETECTION,src/tracking/advanced_tracker.py:_activate_slot,1961_279_944_484_1062
S,6,1961,PREDICTION,src/tracking/advanced_tracker.py:kalman_homography,
S,9,1961,PREDICTION,src/tracking/advanced_tracker.py:kalman_homography,
D,7,1961
S,8,1961,PREDICTION,src/tracking/advanced_tracker.py:id_merge,
L,0,1961,DETECTION,src/tracking/advanced_tracker.py:_activate_slot,1961_228_380_410_515
R,DETECTION,DETECTION,1
L,1,1961,DETECTION,src/tracking/advanced_tracker.py:_activate_slot,1961_84_989_287_1077
R,CLAMP,CLAMP,0
L,2,1961,DETECTION,src/tracking/advanced_tracker.py:_activate_slot,1961_360_505_545_610
R,CLAMP,CLAMP,0
L,3,1961,DETECTION,src/tracking/advanced_tracker.py:_activate_slot,1961_152_643_384_819
R,CLAMP,CLAMP,0
L,4,1961,DETECTION,src/tracking/advanced_tracker.py:_activate_slot,1961_43_384_233_484
R,CLAMP,CLAMP,0
L,6,1961,PREDICTION,src/tracking/advanced_tracker.py:kalman_homography,
R,CLAMP,CLAMP,0
L,8,1961,PREDICTION,src/tracking/advanced_tracker.py:id_merge,
R,CLAMP,CLAMP,0
L,9,1961,PREDICTION,src/tracking/advanced_tracker.py:kalman_homography,
R,CLAMP,CLAMP,0
A,1961
S,0,1967,DETECTION,src/tracking/advanced_tracker.py:_activate_slot,1967_228_338_426_500
S,1,1967,DETECTION,src/tracking/advanced_tracker.py:_activate_slot,1967_87_979_286_1073
S,2,1967,DETECTION,src/tracking/advanced_tracker.py:_activate_slot,1967_360_493_546_599
S,3,1967,DETECTION,src/tracking/advanced_tracker.py:_activate_slot,1967_83_955_284_1073
S,4,1967,DETECTION,src/tracking/advanced_tracker.py:_activate_slot,1967_352_994_553_1085
S,6,1967,PREDICTION,src/tracking/advanced_tracker.py:kalman_homography,
S,7,1967,PREDICTION,src/tracking/advanced_tracker.py:kalman_homography,
S,8,1967,PREDICTION,src/tracking/advanced_tracker.py:kalman_homography,
S,9,1967,PREDICTION,src/tracking/advanced_tracker.py:kalman_homography,
D,1,1967
S,3,1967,PREDICTION,src/tracking/advanced_tracker.py:id_merge,
D,7,1967
S,8,1967,PREDICTION,src/tracking/advanced_tracker.py:id_merge,
L,0,1967,DETECTION,src/tracking/advanced_tracker.py:_activate_slot,1967_228_338_426_500
R,DETECTION,DETECTION,1
L,2,1967,DETECTION,src/tracking/advanced_tracker.py:_activate_slot,1967_360_493_546_599
R,CLAMP,CLAMP,0
L,3,1967,PREDICTION,src/tracking/advanced_tracker.py:id_merge,
R,CLAMP,CLAMP,0
L,4,1967,DETECTION,src/tracking/advanced_tracker.py:_activate_slot,1967_352_994_553_1085
R,CLAMP,CLAMP,0
L,6,1967,PREDICTION,src/tracking/advanced_tracker.py:kalman_homography,
R,CLAMP,CLAMP,0
L,8,1967,PREDICTION,src/tracking/advanced_tracker.py:id_merge,
R,CLAMP,CLAMP,0
L,9,1967,PREDICTION,src/tracking/advanced_tracker.py:kalman_homography,
R,CLAMP,CLAMP,0
A,1967
S,0,1973,DETECTION,src/tracking/advanced_tracker.py:_activate_slot,1973_232_330_436_468
S,1,1973,DETECTION,src/tracking/advanced_tracker.py:_activate_slot,1973_82_978_283_1067
S,2,1973,DETECTION,src/tracking/advanced_tracker.py:_activate_slot,1973_364_470_547_582
S,3,1973,DETECTION,src/tracking/advanced_tracker.py:_activate_slot,1973_412_640_556_738
S,4,1973,DETECTION,src/tracking/advanced_tracker.py:_activate_slot,1973_48_335_248_431
S,8,1973,DETECTION,src/tracking/advanced_tracker.py:_activate_slot,1973_275_928_485_1042
S,6,1973,PREDICTION,src/tracking/advanced_tracker.py:kalman_homography,
S,7,1973,PREDICTION,src/tracking/advanced_tracker.py:kalman_homography,
S,9,1973,PREDICTION,src/tracking/advanced_tracker.py:kalman_homography,
L,0,1973,DETECTION,src/tracking/advanced_tracker.py:_activate_slot,1973_232_330_436_468
R,DETECTION,DETECTION,1
L,1,1973,DETECTION,src/tracking/advanced_tracker.py:_activate_slot,1973_82_978_283_1067
R,CLAMP,CLAMP,0
L,2,1973,DETECTION,src/tracking/advanced_tracker.py:_activate_slot,1973_364_470_547_582
R,CLAMP,CLAMP,0
L,3,1973,DETECTION,src/tracking/advanced_tracker.py:_activate_slot,1973_412_640_556_738
R,CLAMP,CLAMP,0
L,4,1973,DETECTION,src/tracking/advanced_tracker.py:_activate_slot,1973_48_335_248_431
R,CLAMP,CLAMP,0
L,6,1973,PREDICTION,src/tracking/advanced_tracker.py:kalman_homography,
R,CLAMP,CLAMP,0
L,7,1973,PREDICTION,src/tracking/advanced_tracker.py:kalman_homography,
R,CLAMP,CLAMP,0
L,8,1973,DETECTION,src/tracking/advanced_tracker.py:_activate_slot,1973_275_928_485_1042
R,CLAMP,CLAMP,0
L,9,1973,PREDICTION,src/tracking/advanced_tracker.py:kalman_homography,
R,CLAMP,CLAMP,0
A,1973
S,0,1979,DETECTION,src/tracking/advanced_tracker.py:_activate_slot,1979_213_335_437_462
S,1,1979,DETECTION,src/tracking/advanced_tracker.py:_activate_slot,1979_87_978_284_1062
S,2,1979,DETECTION,src/tracking/advanced_tracker.py:_activate_slot,1979_364_450_551_568
S,3,1979,DETECTION,src/tracking/advanced_tracker.py:_activate_slot,1979_58_289_253_401
S,4,1979,DETECTION,src/tracking/advanced_tracker.py:_activate_slot,1979_137_721_342_886
S,7,1979,DETECTION,src/tracking/advanced_tracker.py:_activate_slot,1979_352_956_576_1054
S,8,1979,DETECTION,src/tracking/advanced_tracker.py:_activate_slot,1979_401_656_548_759
S,9,1979,PREDICTION,src/tracking/advanced_tracker.py:kalman_homography,
S,6,1979,PREDICTION,src/tracking/advanced_tracker.py:flow_gapfill_batched,
D,6,1979
S,9,1979,PREDICTION,src/tracking/advanced_tracker.py:id_merge,
L,0,1979,DETECTION,src/tracking/advanced_tracker.py:_activate_slot,1979_213_335_437_462
R,DETECTION,DETECTION,1
L,1,1979,DETECTION,src/tracking/advanced_tracker.py:_activate_slot,1979_87_978_284_1062
R,CLAMP,CLAMP,0
L,2,1979,DETECTION,src/tracking/advanced_tracker.py:_activate_slot,1979_364_450_551_568
R,CLAMP,CLAMP,0
L,3,1979,DETECTION,src/tracking/advanced_tracker.py:_activate_slot,1979_58_289_253_401
R,CLAMP,CLAMP,0
L,4,1979,DETECTION,src/tracking/advanced_tracker.py:_activate_slot,1979_137_721_342_886
R,CLAMP,CLAMP,0
L,7,1979,DETECTION,src/tracking/advanced_tracker.py:_activate_slot,1979_352_956_576_1054
R,CLAMP,CLAMP,0
L,8,1979,DETECTION,src/tracking/advanced_tracker.py:_activate_slot,1979_401_656_548_759
R,CLAMP,CLAMP,0
L,9,1979,PREDICTION,src/tracking/advanced_tracker.py:id_merge,
R,CLAMP,CLAMP,0
A,1979
S,0,1985,DETECTION,src/tracking/advanced_tracker.py:_activate_slot,1985_211_323_436_452
S,1,1985,DETECTION,src/tracking/advanced_tracker.py:_activate_slot,1985_87_973_285_1060
S,2,1985,DETECTION,src/tracking/advanced_tracker.py:_activate_slot,1985_282_467_524_624
S,3,1985,DETECTION,src/tracking/advanced_tracker.py:_activate_slot,1985_118_554_296_654
S,4,1985,DETECTION,src/tracking/advanced_tracker.py:_activate_slot,1985_56_259_263_395
S,5,1985,DETECTION,src/tracking/advanced_tracker.py:_activate_slot,1985_274_911_584_1045
S,6,1985,DETECTION,src/tracking/advanced_tracker.py:_activate_slot,1985_362_442_609_566
S,7,1985,DETECTION,src/tracking/advanced_tracker.py:_activate_slot,1985_308_938_585_1044
S,8,1985,PREDICTION,src/tracking/advanced_tracker.py:kalman_homography,
S,9,1985,PREDICTION,src/tracking/advanced_tracker.py:kalman_homography,
D,5,1985
S,7,1985,PREDICTION,src/tracking/advanced_tracker.py:id_merge,
L,0,1985,DETECTION,src/tracking/advanced_tracker.py:_activate_slot,1985_211_323_436_452
R,DETECTION,DETECTION,1
L,1,1985,DETECTION,src/tracking/advanced_tracker.py:_activate_slot,1985_87_973_285_1060
R,CLAMP,CLAMP,0
L,2,1985,DETECTION,src/tracking/advanced_tracker.py:_activate_slot,1985_282_467_524_624
R,CLAMP,CLAMP,0
L,3,1985,DETECTION,src/tracking/advanced_tracker.py:_activate_slot,1985_118_554_296_654
R,CLAMP,CLAMP,0
L,4,1985,DETECTION,src/tracking/advanced_tracker.py:_activate_slot,1985_56_259_263_395
R,CLAMP,CLAMP,0
L,6,1985,DETECTION,src/tracking/advanced_tracker.py:_activate_slot,1985_362_442_609_566
R,CLAMP,CLAMP,0
L,7,1985,PREDICTION,src/tracking/advanced_tracker.py:id_merge,
R,CLAMP,CLAMP,0
L,8,1985,PREDICTION,src/tracking/advanced_tracker.py:kalman_homography,
R,CLAMP,CLAMP,0
L,9,1985,PREDICTION,src/tracking/advanced_tracker.py:kalman_homography,
R,CLAMP,CLAMP,0
A,1985
S,0,1991,DETECTION,src/tracking/advanced_tracker.py:_activate_slot,1991_178_311_427_429
S,1,1991,DETECTION,src/tracking/advanced_tracker.py:_activate_slot,1991_89_968_285_1060
S,2,1991,DETECTION,src/tracking/advanced_tracker.py:_activate_slot,1991_283_508_526_616
S,3,1991,DETECTION,src/tracking/advanced_tracker.py:_activate_slot,1991_144_745_367_865
S,4,1991,DETECTION,src/tracking/advanced_tracker.py:_activate_slot,1991_118_511_303_647
S,7,1991,DETECTION,src/tracking/advanced_tracker.py:_activate_slot,1991_266_897_591_1041
S,5,1991,PREDICTION,src/tracking/advanced_tracker.py:kalman_homography,
S,6,1991,PREDICTION,src/tracking/advanced_tracker.py:kalman_homography,
S,8,1991,PREDICTION,src/tracking/advanced_tracker.py:kalman_homography,
S,9,1991,PREDICTION,src/tracking/advanced_tracker.py:kalman_homography,
D,5,1991
S,7,1991,PREDICTION,src/tracking/advanced_tracker.py:id_merge,
D,8,1991
S,6,1991,PREDICTION,src/tracking/advanced_tracker.py:id_merge,
L,0,1991,DETECTION,src/tracking/advanced_tracker.py:_activate_slot,1991_178_311_427_429
R,DETECTION,DETECTION,1
L,1,1991,DETECTION,src/tracking/advanced_tracker.py:_activate_slot,1991_89_968_285_1060
R,CLAMP,CLAMP,0
L,2,1991,DETECTION,src/tracking/advanced_tracker.py:_activate_slot,1991_283_508_526_616
R,CLAMP,CLAMP,0
L,3,1991,DETECTION,src/tracking/advanced_tracker.py:_activate_slot,1991_144_745_367_865
R,CLAMP,CLAMP,0
L,4,1991,DETECTION,src/tracking/advanced_tracker.py:_activate_slot,1991_118_511_303_647
R,CLAMP,CLAMP,0
L,6,1991,PREDICTION,src/tracking/advanced_tracker.py:id_merge,
R,CLAMP,CLAMP,0
L,7,1991,PREDICTION,src/tracking/advanced_tracker.py:id_merge,
R,CLAMP,CLAMP,0
L,9,1991,PREDICTION,src/tracking/advanced_tracker.py:kalman_homography,
R,CLAMP,CLAMP,0
A,1991
S,0,1997,DETECTION,src/tracking/advanced_tracker.py:_activate_slot,1997_174_295_408_434
S,1,1997,DETECTION,src/tracking/advanced_tracker.py:_activate_slot,1997_87_969_290_1059
S,2,1997,DETECTION,src/tracking/advanced_tracker.py:_activate_slot,1997_283_493_523_604
S,3,1997,DETECTION,src/tracking/advanced_tracker.py:_activate_slot,1997_121_496_306_609
S,4,1997,DETECTION,src/tracking/advanced_tracker.py:_activate_slot,1997_365_895_607_1019
S,7,1997,DETECTION,src/tracking/advanced_tracker.py:_activate_slot,1997_150_747_373_897
S,8,1997,PREDICTION,src/tracking/advanced_tracker.py:kalman_homography,
S,9,1997,PREDICTION,src/tracking/advanced_tracker.py:kalman_homography,
S,5,1997,PREDICTION,src/tracking/advanced_tracker.py:flow_gapfill_batched,
S,6,1997,PREDICTION,src/tracking/advanced_tracker.py:flow_gapfill_batched,
D,8,1997
S,6,1997,PREDICTION,src/tracking/advanced_tracker.py:id_merge,
L,0,1997,DETECTION,src/tracking/advanced_tracker.py:_activate_slot,1997_174_295_408_434
R,DETECTION,DETECTION,1
L,1,1997,DETECTION,src/tracking/advanced_tracker.py:_activate_slot,1997_87_969_290_1059
R,CLAMP,CLAMP,0
L,2,1997,DETECTION,src/tracking/advanced_tracker.py:_activate_slot,1997_283_493_523_604
R,CLAMP,CLAMP,0
L,3,1997,DETECTION,src/tracking/advanced_tracker.py:_activate_slot,1997_121_496_306_609
R,CLAMP,CLAMP,0
L,4,1997,DETECTION,src/tracking/advanced_tracker.py:_activate_slot,1997_365_895_607_1019
R,CLAMP,CLAMP,0
L,5,1997,PREDICTION,src/tracking/advanced_tracker.py:flow_gapfill_batched,
R,CLAMP,CLAMP,0
L,6,1997,PREDICTION,src/tracking/advanced_tracker.py:id_merge,
R,CLAMP,CLAMP,0
L,7,1997,DETECTION,src/tracking/advanced_tracker.py:_activate_slot,1997_150_747_373_897
R,CLAMP,CLAMP,0
L,9,1997,PREDICTION,src/tracking/advanced_tracker.py:kalman_homography,
R,CLAMP,CLAMP,0
A,1997
S,0,2003,DETECTION,src/tracking/advanced_tracker.py:_activate_slot,2003_174_419_402_518
S,1,2003,DETECTION,src/tracking/advanced_tracker.py:_activate_slot,2003_92_965_290_1057
S,2,2003,DETECTION,src/tracking/advanced_tracker.py:_activate_slot,2003_284_484_501_588
S,3,2003,DETECTION,src/tracking/advanced_tracker.py:_activate_slot,2003_58_229_266_316
S,4,2003,DETECTION,src/tracking/advanced_tracker.py:_activate_slot,2003_114_493_311_605
S,6,2003,DETECTION,src/tracking/advanced_tracker.py:_activate_slot,2003_408_708_568_830
S,7,2003,PREDICTION,src/tracking/advanced_tracker.py:kalman_homography,
S,8,2003,PREDICTION,src/tracking/advanced_tracker.py:kalman_homography,
S,5,2003,PREDICTION,src/tracking/advanced_tracker.py:flow_gapfill_batched,
S,9,2003,PREDICTION,src/tracking/advanced_tracker.py:flow_gapfill_batched,
D,0,2003
S,2,2003,PREDICTION,src/tracking/advanced_tracker.py:id_merge,
L,1,2003,DETECTION,src/tracking/advanced_tracker.py:_activate_slot,2003_92_965_290_1057
R,CLAMP,CLAMP,0
L,2,2003,PREDICTION,src/tracking/advanced_tracker.py:id_merge,
R,CLAMP,CLAMP,0
L,3,2003,DETECTION,src/tracking/advanced_tracker.py:_activate_slot,2003_58_229_266_316
R,CLAMP,CLAMP,0
L,4,2003,DETECTION,src/tracking/advanced_tracker.py:_activate_slot,2003_114_493_311_605
R,CLAMP,CLAMP,0
L,5,2003,PREDICTION,src/tracking/advanced_tracker.py:flow_gapfill_batched,
R,CLAMP,CLAMP,0
L,6,2003,DETECTION,src/tracking/advanced_tracker.py:_activate_slot,2003_408_708_568_830
R,CLAMP,CLAMP,0
L,7,2003,PREDICTION,src/tracking/advanced_tracker.py:kalman_homography,
R,CLAMP,CLAMP,0
L,8,2003,PREDICTION,src/tracking/advanced_tracker.py:kalman_homography,
R,CLAMP,CLAMP,0
L,9,2003,PREDICTION,src/tracking/advanced_tracker.py:flow_gapfill_batched,
R,CLAMP,CLAMP,0
A,2003
S,0,2009,DETECTION,src/tracking/advanced_tracker.py:_activate_slot,2009_210_267_412_434
S,1,2009,DETECTION,src/tracking/advanced_tracker.py:_activate_slot,2009_95_962_293_1058
S,2,2009,DETECTION,src/tracking/advanced_tracker.py:_activate_slot,2009_290_475_535_571
S,3,2009,DETECTION,src/tracking/advanced_tracker.py:_activate_slot,2009_362_364_627_492
S,4,2009,DETECTION,src/tracking/advanced_tracker.py:_activate_slot,2009_363_868_561_966
S,8,2009,DETECTION,src/tracking/advanced_tracker.py:_activate_slot,2009_276_890_499_1002
S,6,2009,PREDICTION,src/tracking/advanced_tracker.py:kalman_homography,
S,7,2009,PREDICTION,src/tracking/advanced_tracker.py:kalman_homography,
S,5,2009,PREDICTION,src/tracking/advanced_tracker.py:flow_gapfill_batched,
D,2,2009
S,3,2009,PREDICTION,src/tracking/advanced_tracker.py:id_merge,
D,5,2009
S,8,2009,PREDICTION,src/tracking/advanced_tracker.py:id_merge,
L,0,2009,DETECTION,src/tracking/advanced_tracker.py:_activate_slot,2009_210_267_412_434
R,DETECTION,DETECTION,1
L,1,2009,DETECTION,src/tracking/advanced_tracker.py:_activate_slot,2009_95_962_293_1058
R,CLAMP,CLAMP,0
L,3,2009,PREDICTION,src/tracking/advanced_tracker.py:id_merge,
R,CLAMP,CLAMP,0
L,4,2009,DETECTION,src/tracking/advanced_tracker.py:_activate_slot,2009_363_868_561_966
R,CLAMP,CLAMP,0
L,6,2009,PREDICTION,src/tracking/advanced_tracker.py:kalman_homography,
R,CLAMP,CLAMP,0
L,7,2009,PREDICTION,src/tracking/advanced_tracker.py:kalman_homography,
R,CLAMP,CLAMP,0
L,8,2009,PREDICTION,src/tracking/advanced_tracker.py:id_merge,
R,CLAMP,CLAMP,0
A,2009
S,0,2015,DETECTION,src/tracking/advanced_tracker.py:_activate_slot,2015_189_241_437_421
S,1,2015,DETECTION,src/tracking/advanced_tracker.py:_activate_slot,2015_100_964_296_1058
S,2,2015,DETECTION,src/tracking/advanced_tracker.py:_activate_slot,2015_298_449_538_572
S,3,2015,DETECTION,src/tracking/advanced_tracker.py:_activate_slot,2015_359_855_600_952
S,4,2015,DETECTION,src/tracking/advanced_tracker.py:_activate_slot,2015_146_467_334_574
S,6,2015,DETECTION,src/tracking/advanced_tracker.py:_activate_slot,2015_594_502_674_602
S,8,2015,DETECTION,src/tracking/advanced_tracker.py:_activate_slot,2015_265_877_504_1001
S,7,2015,PREDICTION,src/tracking/advanced_tracker.py:kalman_homography,
S,5,2015,PREDICTION,src/tracking/advanced_tracker.py:flow_gapfill_batched,
D,5,2015
S,8,2015,PREDICTION,src/tracking/advanced_tracker.py:id_merge,
L,0,2015,DETECTION,src/tracking/advanced_tracker.py:_activate_slot,2015_189_241_437_421
R,DETECTION,DETECTION,1
L,1,2015,DETECTION,src/tracking/advanced_tracker.py:_activate_slot,2015_100_964_296_1058
R,CLAMP,CLAMP,0
L,2,2015,DETECTION,src/tracking/advanced_tracker.py:_activate_slot,2015_298_449_538_572
R,CLAMP,CLAMP,0
L,3,2015,DETECTION,src/tracking/advanced_tracker.py:_activate_slot,2015_359_855_600_952
R,CLAMP,CLAMP,0
L,4,2015,DETECTION,src/tracking/advanced_tracker.py:_activate_slot,2015_146_467_334_574
R,CLAMP,CLAMP,0
L,6,2015,DETECTION,src/tracking/advanced_tracker.py:_activate_slot,2015_594_502_674_602
R,CLAMP,CLAMP,0
L,7,2015,PREDICTION,src/tracking/advanced_tracker.py:kalman_homography,
R,CLAMP,CLAMP,0
L,8,2015,PREDICTION,src/tracking/advanced_tracker.py:id_merge,
R,CLAMP,CLAMP,0
A,2015
S,0,2021,DETECTION,src/tracking/advanced_tracker.py:_activate_slot,2021_211_235_445_374
S,1,2021,DETECTION,src/tracking/advanced_tracker.py:_activate_slot,2021_104_962_296_1056
S,2,2021,DETECTION,src/tracking/advanced_tracker.py:_activate_slot,2021_308_426_543_571
S,3,2021,DETECTION,src/tracking/advanced_tracker.py:_activate_slot,2021_155_469_339_576
S,4,2021,DETECTION,src/tracking/advanced_tracker.py:_activate_slot,2021_564_759_674_867
S,7,2021,DETECTION,src/tracking/advanced_tracker.py:_activate_slot,2021_380_835_580_943
S,8,2021,PREDICTION,src/tracking/advanced_tracker.py:kalman_homography,
S,5,2021,PREDICTION,src/tracking/advanced_tracker.py:flow_gapfill_batched,
D,5,2021
S,7,2021,PREDICTION,src/tracking/advanced_tracker.py:id_merge,
D,8,2021
S,7,2021,PREDICTION,src/tracking/advanced_tracker.py:id_merge,
L,0,2021,DETECTION,src/tracking/advanced_tracker.py:_activate_slot,2021_211_235_445_374
R,DETECTION,DETECTION,1
L,1,2021,DETECTION,src/tracking/advanced_tracker.py:_activate_slot,2021_104_962_296_1056
R,CLAMP,CLAMP,0
L,2,2021,DETECTION,src/tracking/advanced_tracker.py:_activate_slot,2021_308_426_543_571
R,CLAMP,CLAMP,0
L,3,2021,DETECTION,src/tracking/advanced_tracker.py:_activate_slot,2021_155_469_339_576
R,CLAMP,CLAMP,0
L,4,2021,DETECTION,src/tracking/advanced_tracker.py:_activate_slot,2021_564_759_674_867
R,CLAMP,CLAMP,0
L,7,2021,PREDICTION,src/tracking/advanced_tracker.py:id_merge,
R,CLAMP,CLAMP,0
A,2021
S,0,2027,DETECTION,src/tracking/advanced_tracker.py:_activate_slot,2027_225_205_446_356
S,1,2027,DETECTION,src/tracking/advanced_tracker.py:_activate_slot,2027_107_959_299_1049
S,2,2027,DETECTION,src/tracking/advanced_tracker.py:_activate_slot,2027_310_412_546_563
S,3,2027,DETECTION,src/tracking/advanced_tracker.py:_activate_slot,2027_565_759_673_867
S,4,2027,DETECTION,src/tracking/advanced_tracker.py:_activate_slot,2027_143_470_342_581
S,7,2027,DETECTION,src/tracking/advanced_tracker.py:_activate_slot,2027_395_824_576_924
S,8,2027,DETECTION,src/tracking/advanced_tracker.py:_activate_slot,2027_532_1125_654_1223
S,9,2027,DETECTION,src/tracking/advanced_tracker.py:_activate_slot,2027_559_1075_673_1169
S,5,2027,PREDICTION,src/tracking/advanced_tracker.py:flow_gapfill_batched,
S,6,2027,PREDICTION,src/tracking/advanced_tracker.py:flow_gapfill_batched,
D,5,2027
S,7,2027,PREDICTION,src/tracking/advanced_tracker.py:id_merge,
D,8,2027
S,9,2027,PREDICTION,src/tracking/advanced_tracker.py:id_merge,
L,0,2027,DETECTION,src/tracking/advanced_tracker.py:_activate_slot,2027_225_205_446_356
R,DETECTION,DETECTION,1
L,1,2027,DETECTION,src/tracking/advanced_tracker.py:_activate_slot,2027_107_959_299_1049
R,CLAMP,CLAMP,0
L,2,2027,DETECTION,src/tracking/advanced_tracker.py:_activate_slot,2027_310_412_546_563
R,CLAMP,CLAMP,0
L,3,2027,DETECTION,src/tracking/advanced_tracker.py:_activate_slot,2027_565_759_673_867
R,CLAMP,CLAMP,0
L,4,2027,DETECTION,src/tracking/advanced_tracker.py:_activate_slot,2027_143_470_342_581
R,CLAMP,CLAMP,0
L,6,2027,PREDICTION,src/tracking/advanced_tracker.py:flow_gapfill_batched,
R,CLAMP,CLAMP,0
L,7,2027,PREDICTION,src/tracking/advanced_tracker.py:id_merge,
R,CLAMP,CLAMP,0
L,9,2027,PREDICTION,src/tracking/advanced_tracker.py:id_merge,
R,CLAMP,CLAMP,0
A,2027
S,0,2033,DETECTION,src/tracking/advanced_tracker.py:_activate_slot,2033_226_169_442_333
S,1,2033,DETECTION,src/tracking/advanced_tracker.py:_activate_slot,2033_112_960_305_1046
S,2,2033,DETECTION,src/tracking/advanced_tracker.py:_activate_slot,2033_312_422_548_525
S,3,2033,DETECTION,src/tracking/advanced_tracker.py:_activate_slot,2033_137_474_343_584
S,4,2033,DETECTION,src/tracking/advanced_tracker.py:_activate_slot,2033_385_808_573_898
S,7,2033,DETECTION,src/tracking/advanced_tracker.py:_activate_slot,2033_255_835_496_936
S,5,2033,PREDICTION,src/tracking/advanced_tracker.py:flow_gapfill_batched,
S,6,2033,PREDICTION,src/tracking/advanced_tracker.py:flow_gapfill_batched,
S,8,2033,PREDICTION,src/tracking/advanced_tracker.py:flow_gapfill_batched,
D,5,2033
S,7,2033,PREDICTION,src/tracking/advanced_tracker.py:id_merge,
L,0,2033,DETECTION,src/tracking/advanced_tracker.py:_activate_slot,2033_226_169_442_333
R,DETECTION,DETECTION,1
L,1,2033,DETECTION,src/tracking/advanced_tracker.py:_activate_slot,2033_112_960_305_1046
R,CLAMP,CLAMP,0
L,2,2033,DETECTION,src/tracking/advanced_tracker.py:_activate_slot,2033_312_422_548_525
R,CLAMP,CLAMP,0
L,3,2033,DETECTION,src/tracking/advanced_tracker.py:_activate_slot,2033_137_474_343_584
R,CLAMP,CLAMP,0
L,4,2033,DETECTION,src/tracking/advanced_tracker.py:_activate_slot,2033_385_808_573_898
R,CLAMP,CLAMP,0
L,6,2033,PREDICTION,src/tracking/advanced_tracker.py:flow_gapfill_batched,
R,CLAMP,CLAMP,0
L,7,2033,PREDICTION,src/tracking/advanced_tracker.py:id_merge,
R,CLAMP,CLAMP,0
L,8,2033,PREDICTION,src/tracking/advanced_tracker.py:flow_gapfill_batched,
R,CLAMP,CLAMP,0
A,2033
S,0,2039,DETECTION,src/tracking/advanced_tracker.py:_activate_slot,2039_229_156_458_294
S,1,2039,DETECTION,src/tracking/advanced_tracker.py:_activate_slot,2039_114_960_307_1044
S,2,2039,DETECTION,src/tracking/advanced_tracker.py:_activate_slot,2039_313_414_551_516
S,3,2039,DETECTION,src/tracking/advanced_tracker.py:_activate_slot,2039_136_482_349_591
S,4,2039,DETECTION,src/tracking/advanced_tracker.py:_activate_slot,2039_276_825_494_923
S,7,2039,PREDICTION,src/tracking/advanced_tracker.py:kalman_homography,
S,6,2039,PREDICTION,src/tracking/advanced_tracker.py:flow_gapfill_batched,
S,8,2039,PREDICTION,src/tracking/advanced_tracker.py:flow_gapfill_batched,
L,0,2039,DETECTION,src/tracking/advanced_tracker.py:_activate_slot,2039_229_156_458_294
R,DETECTION,DETECTION,1
L,1,2039,DETECTION,src/tracking/advanced_tracker.py:_activate_slot,2039_114_960_307_1044
R,CLAMP,CLAMP,0
L,2,2039,DETECTION,src/tracking/advanced_tracker.py:_activate_slot,2039_313_414_551_516
R,CLAMP,CLAMP,0
L,3,2039,DETECTION,src/tracking/advanced_tracker.py:_activate_slot,2039_136_482_349_591
R,CLAMP,CLAMP,0
L,4,2039,DETECTION,src/tracking/advanced_tracker.py:_activate_slot,2039_276_825_494_923
R,CLAMP,CLAMP,0
L,6,2039,PREDICTION,src/tracking/advanced_tracker.py:flow_gapfill_batched,
R,CLAMP,CLAMP,0
L,7,2039,PREDICTION,src/tracking/advanced_tracker.py:kalman_homography,
R,CLAMP,CLAMP,0
L,8,2039,PREDICTION,src/tracking/advanced_tracker.py:flow_gapfill_batched,
R,CLAMP,CLAMP,0
A,2039
S,0,2045,DETECTION,src/tracking/advanced_tracker.py:_activate_slot,2045_236_145_460_269
S,1,2045,DETECTION,src/tracking/advanced_tracker.py:_activate_slot,2045_115_959_310_1043
S,2,2045,DETECTION,src/tracking/advanced_tracker.py:_activate_slot,2045_315_376_548_516
S,3,2045,DETECTION,src/tracking/advanced_tracker.py:_activate_slot,2045_149_492_363_589
S,4,2045,DETECTION,src/tracking/advanced_tracker.py:_activate_slot,2045_165_727_326_809
S,7,2045,DETECTION,src/tracking/advanced_tracker.py:_activate_slot,2045_252_807_493_913
S,6,2045,PREDICTION,src/tracking/advanced_tracker.py:flow_gapfill_batched,
S,8,2045,PREDICTION,src/tracking/advanced_tracker.py:flow_gapfill_batched,
S,9,2045,PREDICTION,src/tracking/advanced_tracker.py:flow_gapfill_batched,
D,8,2045
S,9,2045,PREDICTION,src/tracking/advanced_tracker.py:id_merge,
L,0,2045,DETECTION,src/tracking/advanced_tracker.py:_activate_slot,2045_236_145_460_269
R,DETECTION,DETECTION,1
L,1,2045,DETECTION,src/tracking/advanced_tracker.py:_activate_slot,2045_115_959_310_1043
R,CLAMP,CLAMP,0
L,2,2045,DETECTION,src/tracking/advanced_tracker.py:_activate_slot,2045_315_376_548_516
R,CLAMP,CLAMP,0
L,3,2045,DETECTION,src/tracking/advanced_tracker.py:_activate_slot,2045_149_492_363_589
R,CLAMP,CLAMP,0
L,4,2045,DETECTION,src/tracking/advanced_tracker.py:_activate_slot,2045_165_727_326_809
R,CLAMP,CLAMP,0
L,6,2045,PREDICTION,src/tracking/advanced_tracker.py:flow_gapfill_batched,
R,CLAMP,CLAMP,0
L,7,2045,DETECTION,src/tracking/advanced_tracker.py:_activate_slot,2045_252_807_493_913
R,CLAMP,CLAMP,0
L,9,2045,PREDICTION,src/tracking/advanced_tracker.py:id_merge,
R,CLAMP,CLAMP,0
A,2045
S,0,2051,DETECTION,src/tracking/advanced_tracker.py:_activate_slot,2051_232_112_458_273
S,1,2051,DETECTION,src/tracking/advanced_tracker.py:_activate_slot,2051_120_957_310_1044
S,2,2051,DETECTION,src/tracking/advanced_tracker.py:_activate_slot,2051_318_359_552_504
S,3,2051,DETECTION,src/tracking/advanced_tracker.py:_activate_slot,2051_163_494_377_593
S,4,2051,DETECTION,src/tracking/advanced_tracker.py:_activate_slot,2051_246_793_489_903
S,7,2051,PREDICTION,src/tracking/advanced_tracker.py:kalman_homography,
S,6,2051,PREDICTION,src/tracking/advanced_tracker.py:flow_gapfill_batched,
S,8,2051,PREDICTION,src/tracking/advanced_tracker.py:flow_gapfill_batched,
L,0,2051,DETECTION,src/tracking/advanced_tracker.py:_activate_slot,2051_232_112_458_273
R,DETECTION,DETECTION,1
L,1,2051,DETECTION,src/tracking/advanced_tracker.py:_activate_slot,2051_120_957_310_1044
R,CLAMP,CLAMP,0
L,2,2051,DETECTION,src/tracking/advanced_tracker.py:_activate_slot,2051_318_359_552_504
R,CLAMP,CLAMP,0
L,3,2051,DETECTION,src/tracking/advanced_tracker.py:_activate_slot,2051_163_494_377_593
R,CLAMP,CLAMP,0
L,4,2051,DETECTION,src/tracking/advanced_tracker.py:_activate_slot,2051_246_793_489_903
R,CLAMP,CLAMP,0
L,6,2051,PREDICTION,src/tracking/advanced_tracker.py:flow_gapfill_batched,
R,CLAMP,CLAMP,0
L,7,2051,PREDICTION,src/tracking/advanced_tracker.py:kalman_homography,
R,CLAMP,CLAMP,0
L,8,2051,PREDICTION,src/tracking/advanced_tracker.py:flow_gapfill_batched,
R,CLAMP,CLAMP,0
A,2051
S,0,2057,DETECTION,src/tracking/advanced_tracker.py:_activate_slot,2057_122_62_461_234
S,1,2057,DETECTION,src/tracking/advanced_tracker.py:_activate_slot,2057_120_957_310_1043
S,2,2057,DETECTION,src/tracking/advanced_tracker.py:_activate_slot,2057_315_356_544_482
S,3,2057,DETECTION,src/tracking/advanced_tracker.py:_activate_slot,2057_175_501_377_601
S,4,2057,DETECTION,src/tracking/advanced_tracker.py:_activate_slot,2057_232_782_475_892
S,8,2057,DETECTION,src/tracking/advanced_tracker.py:_activate_slot,2057_564_755_674_859
S,7,2057,PREDICTION,src/tracking/advanced_tracker.py:kalman_homography,
S,6,2057,PREDICTION,src/tracking/advanced_tracker.py:flow_gapfill_batched,
L,0,2057,DETECTION,src/tracking/advanced_tracker.py:_activate_slot,2057_122_62_461_234
R,DETECTION,DETECTION,1
L,1,2057,DETECTION,src/tracking/advanced_tracker.py:_activate_slot,2057_120_957_310_1043
R,CLAMP,CLAMP,0
L,2,2057,DETECTION,src/tracking/advanced_tracker.py:_activate_slot,2057_315_356_544_482
R,CLAMP,CLAMP,0
L,3,2057,DETECTION,src/tracking/advanced_tracker.py:_activate_slot,2057_175_501_377_601
R,CLAMP,CLAMP,0
L,4,2057,DETECTION,src/tracking/advanced_tracker.py:_activate_slot,2057_232_782_475_892
R,CLAMP,CLAMP,0
L,6,2057,PREDICTION,src/tracking/advanced_tracker.py:flow_gapfill_batched,
R,CLAMP,CLAMP,0
L,7,2057,PREDICTION,src/tracking/advanced_tracker.py:kalman_homography,
R,CLAMP,CLAMP,0
L,8,2057,DETECTION,src/tracking/advanced_tracker.py:_activate_slot,2057_564_755_674_859
R,CLAMP,CLAMP,0
A,2057
S,0,2063,DETECTION,src/tracking/advanced_tracker.py:_activate_slot,2063_364_262_613_375
S,1,2063,DETECTION,src/tracking/advanced_tracker.py:_activate_slot,2063_119_955_310_1042
S,2,2063,DETECTION,src/tracking/advanced_tracker.py:_activate_slot,2063_311_327_541_463
S,3,2063,DETECTION,src/tracking/advanced_tracker.py:_activate_slot,2063_177_509_381_609
S,4,2063,DETECTION,src/tracking/advanced_tracker.py:_activate_slot,2063_176_665_383_795
S,7,2063,PREDICTION,src/tracking/advanced_tracker.py:kalman_homography,
S,6,2063,PREDICTION,src/tracking/advanced_tracker.py:flow_gapfill_batched,
S,8,2063,PREDICTION,src/tracking/advanced_tracker.py:flow_gapfill_batched,
S,9,2063,PREDICTION,src/tracking/advanced_tracker.py:flow_gapfill_batched,
D,0,2063
S,2,2063,PREDICTION,src/tracking/advanced_tracker.py:id_merge,
L,1,2063,DETECTION,src/tracking/advanced_tracker.py:_activate_slot,2063_119_955_310_1042
R,CLAMP,CLAMP,0
L,2,2063,PREDICTION,src/tracking/advanced_tracker.py:id_merge,
R,CLAMP,CLAMP,0
L,3,2063,DETECTION,src/tracking/advanced_tracker.py:_activate_slot,2063_177_509_381_609
R,CLAMP,CLAMP,0
L,4,2063,DETECTION,src/tracking/advanced_tracker.py:_activate_slot,2063_176_665_383_795
R,CLAMP,CLAMP,0
L,6,2063,PREDICTION,src/tracking/advanced_tracker.py:flow_gapfill_batched,
R,CLAMP,CLAMP,0
L,7,2063,PREDICTION,src/tracking/advanced_tracker.py:kalman_homography,
R,CLAMP,CLAMP,0
L,8,2063,PREDICTION,src/tracking/advanced_tracker.py:flow_gapfill_batched,
R,CLAMP,CLAMP,0
L,9,2063,PREDICTION,src/tracking/advanced_tracker.py:flow_gapfill_batched,
R,CLAMP,CLAMP,0
A,2063
S,0,2069,DETECTION,src/tracking/advanced_tracker.py:_activate_slot,2069_361_235_614_340
S,1,2069,DETECTION,src/tracking/advanced_tracker.py:_activate_slot,2069_118_954_309_1044
S,2,2069,DETECTION,src/tracking/advanced_tracker.py:_activate_slot,2069_318_328_549_445
S,3,2069,DETECTION,src/tracking/advanced_tracker.py:_activate_slot,2069_171_519_385_613
S,4,2069,DETECTION,src/tracking/advanced_tracker.py:_activate_slot,2069_220_771_452_879
S,8,2069,DETECTION,src/tracking/advanced_tracker.py:_activate_slot,2069_563_753_673_857
S,7,2069,PREDICTION,src/tracking/advanced_tracker.py:kalman_homography,
S,9,2069,PREDICTION,src/tracking/advanced_tracker.py:flow_gapfill_batched,
D,0,2069
S,2,2069,PREDICTION,src/tracking/advanced_tracker.py:id_merge,
L,1,2069,DETECTION,src/tracking/advanced_tracker.py:_activate_slot,2069_118_954_309_1044
R,CLAMP,CLAMP,0
L,2,2069,PREDICTION,src/tracking/advanced_tracker.py:id_merge,
R,CLAMP,CLAMP,0
L,3,2069,DETECTION,src/tracking/advanced_tracker.py:_activate_slot,2069_171_519_385_613
R,CLAMP,CLAMP,0
L,4,2069,DETECTION,src/tracking/advanced_tracker.py:_activate_slot,2069_220_771_452_879
R,CLAMP,CLAMP,0
L,7,2069,PREDICTION,src/tracking/advanced_tracker.py:kalman_homography,
R,CLAMP,CLAMP,0
L,8,2069,DETECTION,src/tracking/advanced_tracker.py:_activate_slot,2069_563_753_673_857
R,CLAMP,CLAMP,0
L,9,2069,PREDICTION,src/tracking/advanced_tracker.py:flow_gapfill_batched,
R,CLAMP,CLAMP,0
A,2069
S,0,2075,DETECTION,src/tracking/advanced_tracker.py:_activate_slot,2075_363_214_615_339
S,1,2075,DETECTION,src/tracking/advanced_tracker.py:_activate_slot,2075_116_944_307_1046
S,2,2075,DETECTION,src/tracking/advanced_tracker.py:_activate_slot,2075_313_299_547_442
S,3,2075,DETECTION,src/tracking/advanced_tracker.py:_activate_slot,2075_176_530_382_624
S,4,2075,DETECTION,src/tracking/advanced_tracker.py:_activate_slot,2075_223_758_461_873
S,8,2075,DETECTION,src/tracking/advanced_tracker.py:_activate_slot,2075_563_752_673_856
S,7,2075,PREDICTION,src/tracking/advanced_tracker.py:kalman_homography,
S,9,2075,PREDICTION,src/tracking/advanced_tracker.py:flow_gapfill_batched,
D,0,2075
S,2,2075,PREDICTION,src/tracking/advanced_tracker.py:id_merge,
L,1,2075,DETECTION,src/tracking/advanced_tracker.py:_activate_slot,2075_116_944_307_1046
R,CLAMP,CLAMP,0
L,2,2075,PREDICTION,src/tracking/advanced_tracker.py:id_merge,
R,CLAMP,CLAMP,0
L,3,2075,DETECTION,src/tracking/advanced_tracker.py:_activate_slot,2075_176_530_382_624
R,CLAMP,CLAMP,0
L,4,2075,DETECTION,src/tracking/advanced_tracker.py:_activate_slot,2075_223_758_461_873
R,CLAMP,CLAMP,0
L,7,2075,PREDICTION,src/tracking/advanced_tracker.py:kalman_homography,
R,CLAMP,CLAMP,0
L,8,2075,DETECTION,src/tracking/advanced_tracker.py:_activate_slot,2075_563_752_673_856
R,CLAMP,CLAMP,0
L,9,2075,PREDICTION,src/tracking/advanced_tracker.py:flow_gapfill_batched,
R,CLAMP,CLAMP,0
A,2075
S,0,2081,DETECTION,src/tracking/advanced_tracker.py:_activate_slot,2081_366_194_613_337
S,1,2081,DETECTION,src/tracking/advanced_tracker.py:_activate_slot,2081_111_922_309_1049
S,2,2081,DETECTION,src/tracking/advanced_tracker.py:_activate_slot,2081_315_280_554_439
S,3,2081,DETECTION,src/tracking/advanced_tracker.py:_activate_slot,2081_185_543_392_637
S,4,2081,DETECTION,src/tracking/advanced_tracker.py:_activate_slot,2081_233_753_459_882
S,7,2081,DETECTION,src/tracking/advanced_tracker.py:_activate_slot,2081_178_662_386_760
S,8,2081,DETECTION,src/tracking/advanced_tracker.py:_activate_slot,2081_563_751_673_855
S,5,2081,DETECTION,src/tracking/advanced_tracker.py:_activate_slot,2081_48_678_221_766
D,0,2081
S,2,2081,PREDICTION,src/tracking/advanced_tracker.py:id_merge,
L,1,2081,DETECTION,src/tracking/advanced_tracker.py:_activate_slot,2081_111_922_309_1049
R,CLAMP,CLAMP,0
L,2,2081,PREDICTION,src/tracking/advanced_tracker.py:id_merge,
R,CLAMP,CLAMP,0
L,3,2081,DETECTION,src/tracking/advanced_tracker.py:_activate_slot,2081_185_543_392_637
R,CLAMP,CLAMP,0
L,4,2081,DETECTION,src/tracking/advanced_tracker.py:_activate_slot,2081_233_753_459_882
R,CLAMP,CLAMP,0
L,5,2081,DETECTION,src/tracking/advanced_tracker.py:_activate_slot,2081_48_678_221_766
R,CLAMP,CLAMP,0
L,7,2081,DETECTION,src/tracking/advanced_tracker.py:_activate_slot,2081_178_662_386_760
R,CLAMP,CLAMP,0
L,8,2081,DETECTION,src/tracking/advanced_tracker.py:_activate_slot,2081_563_751_673_855
R,CLAMP,CLAMP,0
A,2081
S,0,2087,DETECTION,src/tracking/advanced_tracker.py:_activate_slot,2087_361_170_604_315
S,1,2087,DETECTION,src/tracking/advanced_tracker.py:_activate_slot,2087_107_928_306_1050
S,2,2087,DETECTION,src/tracking/advanced_tracker.py:_activate_slot,2087_321_268_557_417
S,3,2087,DETECTION,src/tracking/advanced_tracker.py:_activate_slot,2087_186_551_398_640
S,4,2087,DETECTION,src/tracking/advanced_tracker.py:_activate_slot,2087_241_747_453_875
S,8,2087,DETECTION,src/tracking/advanced_tracker.py:_activate_slot,2087_564_752_674_856
S,5,2087,PREDICTION,src/tracking/advanced_tracker.py:kalman_homography,
S,7,2087,PREDICTION,src/tracking/advanced_tracker.py:kalman_homography,
D,0,2087
S,2,2087,PREDICTION,src/tracking/advanced_tracker.py:id_merge,
L,1,2087,DETECTION,src/tracking/advanced_tracker.py:_activate_slot,2087_107_928_306_1050
R,CLAMP,CLAMP,0
L,2,2087,PREDICTION,src/tracking/advanced_tracker.py:id_merge,
R,CLAMP,CLAMP,0
L,3,2087,DETECTION,src/tracking/advanced_tracker.py:_activate_slot,2087_186_551_398_640
R,CLAMP,CLAMP,0
L,4,2087,DETECTION,src/tracking/advanced_tracker.py:_activate_slot,2087_241_747_453_875
R,CLAMP,CLAMP,0
L,5,2087,PREDICTION,src/tracking/advanced_tracker.py:kalman_homography,
R,CLAMP,CLAMP,0
L,7,2087,PREDICTION,src/tracking/advanced_tracker.py:kalman_homography,
R,CLAMP,CLAMP,0
L,8,2087,DETECTION,src/tracking/advanced_tracker.py:_activate_slot,2087_564_752_674_856
R,CLAMP,CLAMP,0
A,2087
S,0,2093,DETECTION,src/tracking/advanced_tracker.py:_activate_slot,2093_356_160_602_271
S,1,2093,DETECTION,src/tracking/advanced_tracker.py:_activate_slot,2093_116_954_304_1044
S,2,2093,DETECTION,src/tracking/advanced_tracker.py:_activate_slot,2093_336_264_555_381
S,3,2093,DETECTION,src/tracking/advanced_tracker.py:_activate_slot,2093_189_552_397_645
S,4,2093,DETECTION,src/tracking/advanced_tracker.py:_activate_slot,2093_237_749_465_863
S,8,2093,DETECTION,src/tracking/advanced_tracker.py:_activate_slot,2093_564_754_674_856
S,9,2093,DETECTION,src/tracking/advanced_tracker.py:_activate_slot,2093_597_509_675_607
S,5,2093,DETECTION,src/tracking/advanced_tracker.py:_activate_slot,2093_50_680_224_765
S,7,2093,PREDICTION,src/tracking/advanced_tracker.py:kalman_homography,
D,0,2093
S,2,2093,PREDICTION,src/tracking/advanced_tracker.py:id_merge,
L,1,2093,DETECTION,src/tracking/advanced_tracker.py:_activate_slot,2093_116_954_304_1044
R,CLAMP,CLAMP,0
L,2,2093,PREDICTION,src/tracking/advanced_tracker.py:id_merge,
R,CLAMP,CLAMP,0
L,3,2093,DETECTION,src/tracking/advanced_tracker.py:_activate_slot,2093_189_552_397_645
R,CLAMP,CLAMP,0
L,4,2093,DETECTION,src/tracking/advanced_tracker.py:_activate_slot,2093_237_749_465_863
R,CLAMP,CLAMP,0
L,5,2093,DETECTION,src/tracking/advanced_tracker.py:_activate_slot,2093_50_680_224_765
R,CLAMP,CLAMP,0
L,7,2093,PREDICTION,src/tracking/advanced_tracker.py:kalman_homography,
R,CLAMP,CLAMP,0
L,8,2093,DETECTION,src/tracking/advanced_tracker.py:_activate_slot,2093_564_754_674_856
R,CLAMP,CLAMP,0
L,9,2093,DETECTION,src/tracking/advanced_tracker.py:_activate_slot,2093_597_509_675_607
R,CLAMP,CLAMP,0
A,2093
S,0,2099,DETECTION,src/tracking/advanced_tracker.py:_activate_slot,2099_360_133_606_257
S,1,2099,DETECTION,src/tracking/advanced_tracker.py:_activate_slot,2099_118_956_307_1040
S,2,2099,DETECTION,src/tracking/advanced_tracker.py:_activate_slot,2099_320_248_556_352
S,3,2099,DETECTION,src/tracking/advanced_tracker.py:_activate_slot,2099_196_550_395_645
S,4,2099,DETECTION,src/tracking/advanced_tracker.py:_activate_slot,2099_228_742_465_854
S,5,2099,PREDICTION,src/tracking/advanced_tracker.py:kalman_homography,
S,7,2099,PREDICTION,src/tracking/advanced_tracker.py:kalman_homography,
S,8,2099,PREDICTION,src/tracking/advanced_tracker.py:flow_gapfill_batched,
S,9,2099,PREDICTION,src/tracking/advanced_tracker.py:flow_gapfill_batched,
D,0,2099
S,2,2099,PREDICTION,src/tracking/advanced_tracker.py:id_merge,
L,1,2099,DETECTION,src/tracking/advanced_tracker.py:_activate_slot,2099_118_956_307_1040
R,CLAMP,CLAMP,0
L,2,2099,PREDICTION,src/tracking/advanced_tracker.py:id_merge,
R,CLAMP,CLAMP,0
L,3,2099,DETECTION,src/tracking/advanced_tracker.py:_activate_slot,2099_196_550_395_645
R,CLAMP,CLAMP,0
L,4,2099,DETECTION,src/tracking/advanced_tracker.py:_activate_slot,2099_228_742_465_854
R,CLAMP,CLAMP,0
L,5,2099,PREDICTION,src/tracking/advanced_tracker.py:kalman_homography,
R,CLAMP,CLAMP,0
L,7,2099,PREDICTION,src/tracking/advanced_tracker.py:kalman_homography,
R,CLAMP,CLAMP,0
L,8,2099,PREDICTION,src/tracking/advanced_tracker.py:flow_gapfill_batched,
R,CLAMP,CLAMP,0
L,9,2099,PREDICTION,src/tracking/advanced_tracker.py:flow_gapfill_batched,
R,CLAMP,CLAMP,0
A,2099
S,0,2105,DETECTION,src/tracking/advanced_tracker.py:_activate_slot,2105_369_88_603_252
S,1,2105,DETECTION,src/tracking/advanced_tracker.py:_activate_slot,2105_118_949_304_1033
S,2,2105,DETECTION,src/tracking/advanced_tracker.py:_activate_slot,2105_349_230_559_337
S,3,2105,DETECTION,src/tracking/advanced_tracker.py:_activate_slot,2105_199_547_396_647
S,4,2105,DETECTION,src/tracking/advanced_tracker.py:_activate_slot,2105_225_726_471_851
S,8,2105,DETECTION,src/tracking/advanced_tracker.py:_activate_slot,2105_563_754_673_852
S,6,2105,DETECTION,src/tracking/advanced_tracker.py:_activate_slot,2105_531_1098_643_1190
S,5,2105,PREDICTION,src/tracking/advanced_tracker.py:kalman_homography,
S,7,2105,PREDICTION,src/tracking/advanced_tracker.py:kalman_homography,
S,9,2105,PREDICTION,src/tracking/advanced_tracker.py:flow_gapfill_batched,
D,0,2105
S,2,2105,PREDICTION,src/tracking/advanced_tracker.py:id_merge,
L,1,2105,DETECTION,src/tracking/advanced_tracker.py:_activate_slot,2105_118_949_304_1033
R,CLAMP,CLAMP,0
L,2,2105,PREDICTION,src/tracking/advanced_tracker.py:id_merge,
R,CLAMP,CLAMP,0
L,3,2105,DETECTION,src/tracking/advanced_tracker.py:_activate_slot,2105_199_547_396_647
R,CLAMP,CLAMP,0
L,4,2105,DETECTION,src/tracking/advanced_tracker.py:_activate_slot,2105_225_726_471_851
R,CLAMP,CLAMP,0
L,5,2105,PREDICTION,src/tracking/advanced_tracker.py:kalman_homography,
R,CLAMP,CLAMP,0
L,6,2105,DETECTION,src/tracking/advanced_tracker.py:_activate_slot,2105_531_1098_643_1190
R,CLAMP,CLAMP,0
L,7,2105,PREDICTION,src/tracking/advanced_tracker.py:kalman_homography,
R,CLAMP,CLAMP,0
L,8,2105,DETECTION,src/tracking/advanced_tracker.py:_activate_slot,2105_563_754_673_852
R,CLAMP,CLAMP,0
L,9,2105,PREDICTION,src/tracking/advanced_tracker.py:flow_gapfill_batched,
R,CLAMP,CLAMP,0
A,2105
S,0,2111,DETECTION,src/tracking/advanced_tracker.py:_activate_slot,2111_375_64_605_235
S,1,2111,DETECTION,src/tracking/advanced_tracker.py:_activate_slot,2111_115_943_304_1025
S,2,2111,DETECTION,src/tracking/advanced_tracker.py:_activate_slot,2111_368_205_562_334
S,3,2111,DETECTION,src/tracking/advanced_tracker.py:_activate_slot,2111_180_543_398_642
S,4,2111,DETECTION,src/tracking/advanced_tracker.py:_activate_slot,2111_190_713_460_842
S,5,2111,DETECTION,src/tracking/advanced_tracker.py:_activate_slot,2111_50_662_229_751
S,6,2111,DETECTION,src/tracking/advanced_tracker.py:_activate_slot,2111_531_1093_645_1183
S,7,2111,PREDICTION,src/tracking/advanced_tracker.py:kalman_homography,
S,9,2111,PREDICTION,src/tracking/advanced_tracker.py:kalman_homography,
D,0,2111
S,2,2111,PREDICTION,src/tracking/advanced_tracker.py:id_merge,
L,1,2111,DETECTION,src/tracking/advanced_tracker.py:_activate_slot,2111_115_943_304_1025
R,CLAMP,CLAMP,0
L,2,2111,PREDICTION,src/tracking/advanced_tracker.py:id_merge,
R,CLAMP,CLAMP,0
L,3,2111,DETECTION,src/tracking/advanced_tracker.py:_activate_slot,2111_180_543_398_642
R,CLAMP,CLAMP,0
L,4,2111,DETECTION,src/tracking/advanced_tracker.py:_activate_slot,2111_190_713_460_842
R,CLAMP,CLAMP,0
L,5,2111,DETECTION,src/tracking/advanced_tracker.py:_activate_slot,2111_50_662_229_751
R,CLAMP,CLAMP,0
L,6,2111,DETECTION,src/tracking/advanced_tracker.py:_activate_slot,2111_531_1093_645_1183
R,CLAMP,CLAMP,0
L,7,2111,PREDICTION,src/tracking/advanced_tracker.py:kalman_homography,
R,CLAMP,CLAMP,0
L,9,2111,PREDICTION,src/tracking/advanced_tracker.py:kalman_homography,
R,CLAMP,CLAMP,0
A,2111
S,0,2117,DETECTION,src/tracking/advanced_tracker.py:_activate_slot,2117_376_27_603_203
S,1,2117,DETECTION,src/tracking/advanced_tracker.py:_activate_slot,2117_118_933_305_1013
S,2,2117,DETECTION,src/tracking/advanced_tracker.py:_activate_slot,2117_349_159_574_320
S,3,2117,DETECTION,src/tracking/advanced_tracker.py:_activate_slot,2117_180_539_397_635
S,4,2117,DETECTION,src/tracking/advanced_tracker.py:_activate_slot,2117_235_723_460_837
S,5,2117,PREDICTION,src/tracking/advanced_tracker.py:kalman_homography,
S,6,2117,PREDICTION,src/tracking/advanced_tracker.py:kalman_homography,
S,7,2117,PREDICTION,src/tracking/advanced_tracker.py:kalman_homography,
S,9,2117,PREDICTION,src/tracking/advanced_tracker.py:kalman_homography,
D,0,2117
S,2,2117,PREDICTION,src/tracking/advanced_tracker.py:id_merge,
L,1,2117,DETECTION,src/tracking/advanced_tracker.py:_activate_slot,2117_118_933_305_1013
R,CLAMP,CLAMP,0
L,2,2117,PREDICTION,src/tracking/advanced_tracker.py:id_merge,
R,CLAMP,CLAMP,0
L,3,2117,DETECTION,src/tracking/advanced_tracker.py:_activate_slot,2117_180_539_397_635
R,CLAMP,CLAMP,0
L,4,2117,DETECTION,src/tracking/advanced_tracker.py:_activate_slot,2117_235_723_460_837
R,CLAMP,CLAMP,0
L,5,2117,PREDICTION,src/tracking/advanced_tracker.py:kalman_homography,
R,CLAMP,CLAMP,0
L,6,2117,PREDICTION,src/tracking/advanced_tracker.py:kalman_homography,
R,CLAMP,CLAMP,0
L,7,2117,PREDICTION,src/tracking/advanced_tracker.py:kalman_homography,
R,CLAMP,CLAMP,0
L,9,2117,PREDICTION,src/tracking/advanced_tracker.py:kalman_homography,
R,CLAMP,CLAMP,0
A,2117
S,0,2123,DETECTION,src/tracking/advanced_tracker.py:_activate_slot,2123_207_136_397_272
S,1,2123,DETECTION,src/tracking/advanced_tracker.py:_activate_slot,2123_115_922_306_1004
S,2,2123,DETECTION,src/tracking/advanced_tracker.py:_activate_slot,2123_377_135_584_285
S,3,2123,DETECTION,src/tracking/advanced_tracker.py:_activate_slot,2123_175_535_363_623
S,4,2123,DETECTION,src/tracking/advanced_tracker.py:_activate_slot,2123_229_717_458_829
S,5,2123,PREDICTION,src/tracking/advanced_tracker.py:kalman_homography,
S,6,2123,PREDICTION,src/tracking/advanced_tracker.py:kalman_homography,
S,7,2123,PREDICTION,src/tracking/advanced_tracker.py:kalman_homography,
S,9,2123,PREDICTION,src/tracking/advanced_tracker.py:kalman_homography,
L,0,2123,DETECTION,src/tracking/advanced_tracker.py:_activate_slot,2123_207_136_397_272
R,DETECTION,DETECTION,1
L,1,2123,DETECTION,src/tracking/advanced_tracker.py:_activate_slot,2123_115_922_306_1004
R,CLAMP,CLAMP,0
L,2,2123,DETECTION,src/tracking/advanced_tracker.py:_activate_slot,2123_377_135_584_285
R,CLAMP,CLAMP,0
L,3,2123,DETECTION,src/tracking/advanced_tracker.py:_activate_slot,2123_175_535_363_623
R,CLAMP,CLAMP,0
L,4,2123,DETECTION,src/tracking/advanced_tracker.py:_activate_slot,2123_229_717_458_829
R,CLAMP,CLAMP,0
L,5,2123,PREDICTION,src/tracking/advanced_tracker.py:kalman_homography,
R,CLAMP,CLAMP,0
L,6,2123,PREDICTION,src/tracking/advanced_tracker.py:kalman_homography,
R,CLAMP,CLAMP,0
L,7,2123,PREDICTION,src/tracking/advanced_tracker.py:kalman_homography,
R,CLAMP,CLAMP,0
L,9,2123,PREDICTION,src/tracking/advanced_tracker.py:kalman_homography,
R,CLAMP,CLAMP,0
A,2123
S,0,2129,DETECTION,src/tracking/advanced_tracker.py:_activate_slot,2129_199_100_380_229
S,1,2129,DETECTION,src/tracking/advanced_tracker.py:_activate_slot,2129_128_913_302_994
S,2,2129,DETECTION,src/tracking/advanced_tracker.py:_activate_slot,2129_377_101_585_230
S,3,2129,DETECTION,src/tracking/advanced_tracker.py:_activate_slot,2129_165_676_408_788
S,4,2129,DETECTION,src/tracking/advanced_tracker.py:_activate_slot,2129_228_720_461_827
S,5,2129,DETECTION,src/tracking/advanced_tracker.py:_activate_slot,2129_49_636_228_726
S,6,2129,DETECTION,src/tracking/advanced_tracker.py:_activate_slot,2129_530_1065_644_1155
S,7,2129,PREDICTION,src/tracking/advanced_tracker.py:flow_gapfill_batched,
S,9,2129,PREDICTION,src/tracking/advanced_tracker.py:flow_gapfill_batched,
D,3,2129
S,4,2129,PREDICTION,src/tracking/advanced_tracker.py:id_merge,
L,0,2129,DETECTION,src/tracking/advanced_tracker.py:_activate_slot,2129_199_100_380_229
R,DETECTION,DETECTION,1
L,1,2129,DETECTION,src/tracking/advanced_tracker.py:_activate_slot,2129_128_913_302_994
R,CLAMP,CLAMP,0
L,2,2129,DETECTION,src/tracking/advanced_tracker.py:_activate_slot,2129_377_101_585_230
R,CLAMP,CLAMP,0
L,4,2129,PREDICTION,src/tracking/advanced_tracker.py:id_merge,
R,CLAMP,CLAMP,0
L,5,2129,DETECTION,src/tracking/advanced_tracker.py:_activate_slot,2129_49_636_228_726
R,CLAMP,CLAMP,0
L,6,2129,DETECTION,src/tracking/advanced_tracker.py:_activate_slot,2129_530_1065_644_1155
R,CLAMP,CLAMP,0
L,7,2129,PREDICTION,src/tracking/advanced_tracker.py:flow_gapfill_batched,
R,CLAMP,CLAMP,0
L,9,2129,PREDICTION,src/tracking/advanced_tracker.py:flow_gapfill_batched,
R,CLAMP,CLAMP,0
A,2129
S,0,2135,DETECTION,src/tracking/advanced_tracker.py:_activate_slot,2135_159_64_384_189
S,1,2135,DETECTION,src/tracking/advanced_tracker.py:_activate_slot,2135_115_897_302_984
S,2,2135,DETECTION,src/tracking/advanced_tracker.py:_activate_slot,2135_364_52_589_188
S,3,2135,DETECTION,src/tracking/advanced_tracker.py:_activate_slot,2135_222_499_473_635
S,4,2135,DETECTION,src/tracking/advanced_tracker.py:_activate_slot,2135_229_715_459_835
S,5,2135,DETECTION,src/tracking/advanced_tracker.py:_activate_slot,2135_46_629_224_718
S,6,2135,PREDICTION,src/tracking/advanced_tracker.py:kalman_homography,
S,8,2135,PREDICTION,src/tracking/advanced_tracker.py:flow_gapfill_batched,
L,0,2135,DETECTION,src/tracking/advanced_tracker.py:_activate_slot,2135_159_64_384_189
R,DETECTION,DETECTION,1
L,1,2135,DETECTION,src/tracking/advanced_tracker.py:_activate_slot,2135_115_897_302_984
R,CLAMP,CLAMP,0
L,2,2135,DETECTION,src/tracking/advanced_tracker.py:_activate_slot,2135_364_52_589_188
R,CLAMP,CLAMP,0
L,3,2135,DETECTION,src/tracking/advanced_tracker.py:_activate_slot,2135_222_499_473_635
R,CLAMP,CLAMP,0
L,4,2135,DETECTION,src/tracking/advanced_tracker.py:_activate_slot,2135_229_715_459_835
R,CLAMP,CLAMP,0
L,5,2135,DETECTION,src/tracking/advanced_tracker.py:_activate_slot,2135_46_629_224_718
R,CLAMP,CLAMP,0
L,6,2135,PREDICTION,src/tracking/advanced_tracker.py:kalman_homography,
R,CLAMP,CLAMP,0
L,8,2135,PREDICTION,src/tracking/advanced_tracker.py:flow_gapfill_batched,
R,CLAMP,CLAMP,0
A,2135
S,0,2141,DETECTION,src/tracking/advanced_tracker.py:_activate_slot,2141_59_277_255_371
S,1,2141,DETECTION,src/tracking/advanced_tracker.py:_activate_slot,2141_105_884_298_968
S,2,2141,DETECTION,src/tracking/advanced_tracker.py:_activate_slot,2141_583_858_675_962
S,3,2141,DETECTION,src/tracking/advanced_tracker.py:_activate_slot,2141_98_178_238_264
S,4,2141,DETECTION,src/tracking/advanced_tracker.py:_activate_slot,2141_235_687_466_825
S,5,2141,DETECTION,src/tracking/advanced_tracker.py:_activate_slot,2141_432_589_547_672
S,8,2141,DETECTION,src/tracking/advanced_tracker.py:_activate_slot,2141_233_451_474_584
S,6,2141,DETECTION,src/tracking/advanced_tracker.py:_activate_slot,2141_530_1047_652_1137
D,0,2141
S,3,2141,PREDICTION,src/tracking/advanced_tracker.py:id_merge,
D,5,2141
S,8,2141,PREDICTION,src/tracking/advanced_tracker.py:id_merge,
L,1,2141,DETECTION,src/tracking/advanced_tracker.py:_activate_slot,2141_105_884_298_968
R,CLAMP,CLAMP,0
L,2,2141,DETECTION,src/tracking/advanced_tracker.py:_activate_slot,2141_583_858_675_962
R,DETECTION,DETECTION,1
L,3,2141,PREDICTION,src/tracking/advanced_tracker.py:id_merge,
R,CLAMP,CLAMP,0
L,4,2141,DETECTION,src/tracking/advanced_tracker.py:_activate_slot,2141_235_687_466_825
R,CLAMP,CLAMP,0
L,6,2141,DETECTION,src/tracking/advanced_tracker.py:_activate_slot,2141_530_1047_652_1137
R,CLAMP,CLAMP,0
L,8,2141,PREDICTION,src/tracking/advanced_tracker.py:id_merge,
R,CLAMP,CLAMP,0
A,2141
S,0,2147,DETECTION,src/tracking/advanced_tracker.py:_activate_slot,2147_60_264_254_357
S,1,2147,DETECTION,src/tracking/advanced_tracker.py:_activate_slot,2147_107_872_300_950
S,2,2147,DETECTION,src/tracking/advanced_tracker.py:_activate_slot,2147_257_423_477_564
S,3,2147,DETECTION,src/tracking/advanced_tracker.py:_activate_slot,2147_115_123_238_205
S,4,2147,DETECTION,src/tracking/advanced_tracker.py:_activate_slot,2147_584_846_674_948
S,7,2147,DETECTION,src/tracking/advanced_tracker.py:_activate_slot,2147_180_482_365_573
S,9,2147,DETECTION,src/tracking/advanced_tracker.py:_activate_slot,2147_436_558_547_638
S,6,2147,DETECTION,src/tracking/advanced_tracker.py:_activate_slot,2147_532_1037_644_1127
S,5,2147,PREDICTION,src/tracking/advanced_tracker.py:kalman_homography,
S,8,2147,PREDICTION,src/tracking/advanced_tracker.py:kalman_homography,
D,5,2147
S,9,2147,PREDICTION,src/tracking/advanced_tracker.py:id_merge,
D,8,2147
S,7,2147,PREDICTION,src/tracking/advanced_tracker.py:id_merge,
L,0,2147,DETECTION,src/tracking/advanced_tracker.py:_activate_slot,2147_60_264_254_357
R,DETECTION,DETECTION,1
L,1,2147,DETECTION,src/tracking/advanced_tracker.py:_activate_slot,2147_107_872_300_950
R,CLAMP,CLAMP,0
L,2,2147,DETECTION,src/tracking/advanced_tracker.py:_activate_slot,2147_257_423_477_564
R,CLAMP,CLAMP,0
L,3,2147,DETECTION,src/tracking/advanced_tracker.py:_activate_slot,2147_115_123_238_205
R,CLAMP,CLAMP,0
L,4,2147,DETECTION,src/tracking/advanced_tracker.py:_activate_slot,2147_584_846_674_948
R,CLAMP,CLAMP,0
L,6,2147,DETECTION,src/tracking/advanced_tracker.py:_activate_slot,2147_532_1037_644_1127
R,CLAMP,CLAMP,0
L,7,2147,PREDICTION,src/tracking/advanced_tracker.py:id_merge,
R,CLAMP,CLAMP,0
L,9,2147,PREDICTION,src/tracking/advanced_tracker.py:id_merge,
R,CLAMP,CLAMP,0
A,2147
S,0,2153,DETECTION,src/tracking/advanced_tracker.py:_activate_slot,2153_57_244_252_338
S,1,2153,DETECTION,src/tracking/advanced_tracker.py:_activate_slot,2153_105_860_303_932
S,2,2153,DETECTION,src/tracking/advanced_tracker.py:_activate_slot,2153_152_471_366_560
S,3,2153,DETECTION,src/tracking/advanced_tracker.py:_activate_slot,2153_561_910_674_1014
S,4,2153,DETECTION,src/tracking/advanced_tracker.py:_activate_slot,2153_232_655_477_785
S,6,2153,DETECTION,src/tracking/advanced_tracker.py:_activate_slot,2153_531_1027_652_1121
S,7,2153,PREDICTION,src/tracking/advanced_tracker.py:kalman_homography,
S,8,2153,PREDICTION,src/tracking/advanced_tracker.py:kalman_homography,
S,9,2153,PREDICTION,src/tracking/advanced_tracker.py:kalman_homography,
S,5,2153,PREDICTION,src/tracking/advanced_tracker.py:flow_gapfill_batched,
D,5,2153
S,9,2153,PREDICTION,src/tracking/advanced_tracker.py:id_merge,
D,8,2153
S,7,2153,PREDICTION,src/tracking/advanced_tracker.py:id_merge,
L,0,2153,DETECTION,src/tracking/advanced_tracker.py:_activate_slot,2153_57_244_252_338
R,DETECTION,DETECTION,1
L,1,2153,DETECTION,src/tracking/advanced_tracker.py:_activate_slot,2153_105_860_303_932
R,CLAMP,CLAMP,0
L,2,2153,DETECTION,src/tracking/advanced_tracker.py:_activate_slot,2153_152_471_366_560
R,CLAMP,CLAMP,0
L,3,2153,DETECTION,src/tracking/advanced_tracker.py:_activate_slot,2153_561_910_674_1014
R,CLAMP,CLAMP,0
L,4,2153,DETECTION,src/tracking/advanced_tracker.py:_activate_slot,2153_232_655_477_785
R,CLAMP,CLAMP,0
L,6,2153,DETECTION,src/tracking/advanced_tracker.py:_activate_slot,2153_531_1027_652_1121
R,CLAMP,CLAMP,0
L,7,2153,PREDICTION,src/tracking/advanced_tracker.py:id_merge,
R,CLAMP,CLAMP,0
L,9,2153,PREDICTION,src/tracking/advanced_tracker.py:id_merge,
R,CLAMP,CLAMP,0
A,2153
S,0,2159,DETECTION,src/tracking/advanced_tracker.py:_activate_slot,2159_52_226_248_324
S,1,2159,DETECTION,src/tracking/advanced_tracker.py:_activate_slot,2159_100_833_297_923
S,2,2159,DETECTION,src/tracking/advanced_tracker.py:_activate_slot,2159_147_457_362_551
S,4,2159,DETECTION,src/tracking/advanced_tracker.py:_activate_slot,2159_212_638_483_786
S,3,2159,DETECTION,src/tracking/advanced_tracker.py:_activate_slot,2159_561_902_673_1006
S,6,2159,DETECTION,src/tracking/advanced_tracker.py:_activate_slot,2159_532_1021_645_1111
S,7,2159,PREDICTION,src/tracking/advanced_tracker.py:kalman_homography,
S,8,2159,PREDICTION,src/tracking/advanced_tracker.py:kalman_homography,
S,9,2159,PREDICTION,src/tracking/advanced_tracker.py:kalman_homography,
S,5,2159,PREDICTION,src/tracking/advanced_tracker.py:flow_gapfill_batched,
D,5,2159
S,9,2159,PREDICTION,src/tracking/advanced_tracker.py:id_merge,
L,0,2159,DETECTION,src/tracking/advanced_tracker.py:_activate_slot,2159_52_226_248_324
R,DETECTION,DETECTION,1
L,1,2159,DETECTION,src/tracking/advanced_tracker.py:_activate_slot,2159_100_833_297_923
R,CLAMP,CLAMP,0
L,2,2159,DETECTION,src/tracking/advanced_tracker.py:_activate_slot,2159_147_457_362_551
R,CLAMP,CLAMP,0
L,3,2159,DETECTION,src/tracking/advanced_tracker.py:_activate_slot,2159_561_902_673_1006
R,CLAMP,CLAMP,0
L,4,2159,DETECTION,src/tracking/advanced_tracker.py:_activate_slot,2159_212_638_483_786
R,CLAMP,CLAMP,0
L,6,2159,DETECTION,src/tracking/advanced_tracker.py:_activate_slot,2159_532_1021_645_1111
R,CLAMP,CLAMP,0
L,7,2159,PREDICTION,src/tracking/advanced_tracker.py:kalman_homography,
R,CLAMP,CLAMP,0
L,8,2159,PREDICTION,src/tracking/advanced_tracker.py:kalman_homography,
R,CLAMP,CLAMP,0
L,9,2159,PREDICTION,src/tracking/advanced_tracker.py:id_merge,
R,CLAMP,CLAMP,0
A,2159
S,0,2165,DETECTION,src/tracking/advanced_tracker.py:_activate_slot,2165_51_208_247_306
S,1,2165,DETECTION,src/tracking/advanced_tracker.py:_activate_slot,2165_104_819_293_911
S,2,2165,DETECTION,src/tracking/advanced_tracker.py:_activate_slot,2165_155_442_361_543
S,3,2165,DETECTION,src/tracking/advanced_tracker.py:_activate_slot,2165_88_103_235_195
S,4,2165,DETECTION,src/tracking/advanced_tracker.py:_activate_slot,2165_237_642_488_776
S,7,2165,DETECTION,src/tracking/advanced_tracker.py:_activate_slot,2165_535_1011_657_1105
S,9,2165,DETECTION,src/tracking/advanced_tracker.py:_activate_slot,2165_586_576_673_672
S,6,2165,PREDICTION,src/tracking/advanced_tracker.py:kalman_homography,
S,8,2165,PREDICTION,src/tracking/advanced_tracker.py:kalman_homography,
S,5,2165,PREDICTION,src/tracking/advanced_tracker.py:flow_gapfill_batched,
D,0,2165
S,3,2165,PREDICTION,src/tracking/advanced_tracker.py:id_merge,
D,5,2165
S,9,2165,PREDICTION,src/tracking/advanced_tracker.py:id_merge,
D,6,2165
S,7,2165,PREDICTION,src/tracking/advanced_tracker.py:id_merge,
L,1,2165,DETECTION,src/tracking/advanced_tracker.py:_activate_slot,2165_104_819_293_911
R,CLAMP,CLAMP,0
L,2,2165,DETECTION,src/tracking/advanced_tracker.py:_activate_slot,2165_155_442_361_543
R,CLAMP,CLAMP,0
L,3,2165,PREDICTION,src/tracking/advanced_tracker.py:id_merge,
R,CLAMP,CLAMP,0
L,4,2165,DETECTION,src/tracking/advanced_tracker.py:_activate_slot,2165_237_642_488_776
R,CLAMP,CLAMP,0
L,7,2165,PREDICTION,src/tracking/advanced_tracker.py:id_merge,
R,CLAMP,CLAMP,0
L,8,2165,PREDICTION,src/tracking/advanced_tracker.py:kalman_homography,
R,CLAMP,CLAMP,0
L,9,2165,PREDICTION,src/tracking/advanced_tracker.py:id_merge,
R,CLAMP,CLAMP,0
A,2165
S,0,2171,DETECTION,src/tracking/advanced_tracker.py:_activate_slot,2171_45_185_246_291
S,1,2171,DETECTION,src/tracking/advanced_tracker.py:_activate_slot,2171_96_811_295_901
S,2,2171,DETECTION,src/tracking/advanced_tracker.py:_activate_slot,2171_566_883_672_989
S,3,2171,DETECTION,src/tracking/advanced_tracker.py:_activate_slot,2171_82_88_234_178
S,4,2171,DETECTION,src/tracking/advanced_tracker.py:_activate_slot,2171_159_423_360_526
S,5,2171,DETECTION,src/tracking/advanced_tracker.py:_activate_slot,2171_561_955_673_1049
S,6,2171,DETECTION,src/tracking/advanced_tracker.py:_activate_slot,2171_536_1001_656_1095
S,7,2171,DETECTION,src/tracking/advanced_tracker.py:_activate_slot,2171_565_763_673_855
S,8,2171,DETECTION,src/tracking/advanced_tracker.py:_activate_slot,2171_240_650_500_752
S,9,2171,DETECTION,src/tracking/advanced_tracker.py:_activate_slot,2171_586_565_674_659
D,0,2171
S,3,2171,PREDICTION,src/tracking/advanced_tracker.py:id_merge,
D,5,2171
S,6,2171,PREDICTION,src/tracking/advanced_tracker.py:id_merge,
L,1,2171,DETECTION,src/tracking/advanced_tracker.py:_activate_slot,2171_96_811_295_901
R,CLAMP,CLAMP,0
L,2,2171,DETECTION,src/tracking/advanced_tracker.py:_activate_slot,2171_566_883_672_989
R,DETECTION,DETECTION,1
L,3,2171,PREDICTION,src/tracking/advanced_tracker.py:id_merge,
R,CLAMP,CLAMP,0
L,4,2171,DETECTION,src/tracking/advanced_tracker.py:_activate_slot,2171_159_423_360_526
R,CLAMP,CLAMP,0
L,6,2171,PREDICTION,src/tracking/advanced_tracker.py:id_merge,
R,CLAMP,CLAMP,0
L,7,2171,DETECTION,src/tracking/advanced_tracker.py:_activate_slot,2171_565_763_673_855
R,CLAMP,CLAMP,0
L,8,2171,DETECTION,src/tracking/advanced_tracker.py:_activate_slot,2171_240_650_500_752
R,CLAMP,CLAMP,0
L,9,2171,DETECTION,src/tracking/advanced_tracker.py:_activate_slot,2171_586_565_674_659
R,CLAMP,CLAMP,0
A,2171
S,0,2177,DETECTION,src/tracking/advanced_tracker.py:_activate_slot,2177_44_173_246_272
S,1,2177,DETECTION,src/tracking/advanced_tracker.py:_activate_slot,2177_556_1133_674_1235
S,2,2177,DETECTION,src/tracking/advanced_tracker.py:_activate_slot,2177_449_372_674_511
S,3,2177,DETECTION,src/tracking/advanced_tracker.py:_activate_slot,2177_244_646_502_748
S,4,2177,DETECTION,src/tracking/advanced_tracker.py:_activate_slot,2177_227_181_507_317
S,6,2177,DETECTION,src/tracking/advanced_tracker.py:_activate_slot,2177_538_994_658_1089
S,7,2177,DETECTION,src/tracking/advanced_tracker.py:_activate_slot,2177_567_875_673_979
S,8,2177,DETECTION,src/tracking/advanced_tracker.py:_activate_slot,2177_131_417_360_528
S,5,2177,PREDICTION,src/tracking/advanced_tracker.py:flow_gapfill_batched,
S,9,2177,PREDICTION,src/tracking/advanced_tracker.py:flow_gapfill_batched,
D,5,2177
S,6,2177,PREDICTION,src/tracking/advanced_tracker.py:id_merge,
D,6,2177
S,7,2177,PREDICTION,src/tracking/advanced_tracker.py:id_merge,
L,0,2177,DETECTION,src/tracking/advanced_tracker.py:_activate_slot,2177_44_173_246_272
R,DETECTION,DETECTION,1
L,1,2177,DETECTION,src/tracking/advanced_tracker.py:_activate_slot,2177_556_1133_674_1235
R,CLAMP,CLAMP,0
L,2,2177,DETECTION,src/tracking/advanced_tracker.py:_activate_slot,2177_449_372_674_511
R,CLAMP,CLAMP,0
L,3,2177,DETECTION,src/tracking/advanced_tracker.py:_activate_slot,2177_244_646_502_748
R,CLAMP,CLAMP,0
L,4,2177,DETECTION,src/tracking/advanced_tracker.py:_activate_slot,2177_227_181_507_317
R,CLAMP,CLAMP,0
L,7,2177,PREDICTION,src/tracking/advanced_tracker.py:id_merge,
R,CLAMP,CLAMP,0
L,8,2177,DETECTION,src/tracking/advanced_tracker.py:_activate_slot,2177_131_417_360_528
R,CLAMP,CLAMP,0
L,9,2177,PREDICTION,src/tracking/advanced_tracker.py:flow_gapfill_batched,
R,CLAMP,CLAMP,0
A,2177
S,0,2183,DETECTION,src/tracking/advanced_tracker.py:_activate_slot,2183_-15_92_273_378
S,2,2183,DETECTION,src/tracking/advanced_tracker.py:_activate_slot,2183_-13_694_389_996
S,4,2183,DETECTION,src/tracking/advanced_tracker.py:_activate_slot,2183_-14_92_391_394
S,8,2183,DETECTION,src/tracking/advanced_tracker.py:_activate_slot,2183_64_372_661_797
S,3,2183,PREDICTION,src/tracking/advanced_tracker.py:kalman_homography,
S,6,2183,PREDICTION,src/tracking/advanced_tracker.py:kalman_homography,
D,0,2183
S,4,2183,PREDICTION,src/tracking/advanced_tracker.py:id_merge,
L,2,2183,DETECTION,src/tracking/advanced_tracker.py:_activate_slot,2183_-13_694_389_996
R,DETECTION,DETECTION,1
L,3,2183,PREDICTION,src/tracking/advanced_tracker.py:kalman_homography,
R,CLAMP,CLAMP,0
L,4,2183,PREDICTION,src/tracking/advanced_tracker.py:id_merge,
R,CLAMP,CLAMP,0
L,6,2183,PREDICTION,src/tracking/advanced_tracker.py:kalman_homography,
R,CLAMP,CLAMP,0
L,8,2183,DETECTION,src/tracking/advanced_tracker.py:_activate_slot,2183_64_372_661_797
R,CLAMP,CLAMP,0
A,2183
S,0,2189,DETECTION,src/tracking/advanced_tracker.py:_activate_slot,2189_-13_74_289_365
S,2,2189,DETECTION,src/tracking/advanced_tracker.py:_activate_slot,2189_-14_700_409_1028
S,4,2189,DETECTION,src/tracking/advanced_tracker.py:_activate_slot,2189_-12_74_411_371
S,5,2189,DETECTION,src/tracking/advanced_tracker.py:_activate_slot,2189_27_344_653_813
S,10,2189,DETECTION,src/tracking/advanced_tracker.py:_activate_slot,2189_-9_1177_330_1295
S,3,2189,PREDICTION,src/tracking/advanced_tracker.py:kalman_homography,
S,8,2189,PREDICTION,src/tracking/advanced_tracker.py:kalman_homography,
D,0,2189
S,4,2189,PREDICTION,src/tracking/advanced_tracker.py:id_merge,
D,8,2189
S,5,2189,PREDICTION,src/tracking/advanced_tracker.py:id_merge,
L,2,2189,DETECTION,src/tracking/advanced_tracker.py:_activate_slot,2189_-14_700_409_1028
R,DETECTION,DETECTION,1
L,3,2189,PREDICTION,src/tracking/advanced_tracker.py:kalman_homography,
R,CLAMP,CLAMP,0
L,4,2189,PREDICTION,src/tracking/advanced_tracker.py:id_merge,
R,CLAMP,CLAMP,0
L,5,2189,PREDICTION,src/tracking/advanced_tracker.py:id_merge,
R,CLAMP,CLAMP,0
A,2189
S,0,2195,DETECTION,src/tracking/advanced_tracker.py:_activate_slot,2195_-10_44_439_383
S,2,2195,DETECTION,src/tracking/advanced_tracker.py:_activate_slot,2195_-14_702_434_1046
S,4,2195,DETECTION,src/tracking/advanced_tracker.py:_activate_slot,2195_-11_38_305_351
S,5,2195,DETECTION,src/tracking/advanced_tracker.py:_activate_slot,2195_-8_345_603_829
S,3,2195,PREDICTION,src/tracking/advanced_tracker.py:kalman_homography,
S,8,2195,PREDICTION,src/tracking/advanced_tracker.py:kalman_homography,
S,10,2195,PREDICTION,src/tracking/advanced_tracker.py:kalman_homography,
D,0,2195
S,4,2195,PREDICTION,src/tracking/advanced_tracker.py:id_merge,
D,8,2195
S,5,2195,PREDICTION,src/tracking/advanced_tracker.py:id_merge,
L,2,2195,DETECTION,src/tracking/advanced_tracker.py:_activate_slot,2195_-14_702_434_1046
R,DETECTION,DETECTION,1
L,3,2195,PREDICTION,src/tracking/advanced_tracker.py:kalman_homography,
R,CLAMP,CLAMP,0
L,4,2195,PREDICTION,src/tracking/advanced_tracker.py:id_merge,
R,CLAMP,CLAMP,0
L,5,2195,PREDICTION,src/tracking/advanced_tracker.py:id_merge,
R,CLAMP,CLAMP,0
A,2195
S,0,2201,DETECTION,src/tracking/advanced_tracker.py:_activate_slot,2201_5_41_483_381
S,2,2201,DETECTION,src/tracking/advanced_tracker.py:_activate_slot,2201_-12_714_477_1070
S,3,2201,DETECTION,src/tracking/advanced_tracker.py:_activate_slot,2201_22_327_668_821
S,4,2201,PREDICTION,src/tracking/advanced_tracker.py:kalman_homography,
S,5,2201,PREDICTION,src/tracking/advanced_tracker.py:kalman_homography,
S,8,2201,PREDICTION,src/tracking/advanced_tracker.py:kalman_homography,
S,10,2201,PREDICTION,src/tracking/advanced_tracker.py:kalman_homography,
D,8,2201
S,5,2201,PREDICTION,src/tracking/advanced_tracker.py:id_merge,
L,0,2201,DETECTION,src/tracking/advanced_tracker.py:_activate_slot,2201_5_41_483_381
R,DETECTION,DETECTION,1
L,2,2201,DETECTION,src/tracking/advanced_tracker.py:_activate_slot,2201_-12_714_477_1070
R,DETECTION,DETECTION,1
L,3,2201,DETECTION,src/tracking/advanced_tracker.py:_activate_slot,2201_22_327_668_821
R,CLAMP,CLAMP,0
L,4,2201,PREDICTION,src/tracking/advanced_tracker.py:kalman_homography,
R,CLAMP,CLAMP,0
L,5,2201,PREDICTION,src/tracking/advanced_tracker.py:id_merge,
R,CLAMP,CLAMP,0
A,2201
S,0,2207,DETECTION,src/tracking/advanced_tracker.py:_activate_slot,2207_39_46_530_390
S,2,2207,DETECTION,src/tracking/advanced_tracker.py:_activate_slot,2207_20_738_524_1053
S,3,2207,DETECTION,src/tracking/advanced_tracker.py:_activate_slot,2207_63_323_669_820
S,5,2207,PREDICTION,src/tracking/advanced_tracker.py:kalman_homography,
S,8,2207,PREDICTION,src/tracking/advanced_tracker.py:kalman_homography,
S,10,2207,PREDICTION,src/tracking/advanced_tracker.py:kalman_homography,
S,4,2207,PREDICTION,src/tracking/advanced_tracker.py:flow_gapfill_batched,
L,0,2207,DETECTION,src/tracking/advanced_tracker.py:_activate_slot,2207_39_46_530_390
R,DETECTION,DETECTION,1
L,2,2207,DETECTION,src/tracking/advanced_tracker.py:_activate_slot,2207_20_738_524_1053
R,DETECTION,DETECTION,1
L,3,2207,DETECTION,src/tracking/advanced_tracker.py:_activate_slot,2207_63_323_669_820
R,CLAMP,CLAMP,0
L,4,2207,PREDICTION,src/tracking/advanced_tracker.py:flow_gapfill_batched,
R,CLAMP,CLAMP,0
L,5,2207,PREDICTION,src/tracking/advanced_tracker.py:kalman_homography,
R,CLAMP,CLAMP,0
L,8,2207,PREDICTION,src/tracking/advanced_tracker.py:kalman_homography,
R,CLAMP,CLAMP,0
A,2207
S,0,2213,DETECTION,src/tracking/advanced_tracker.py:_activate_slot,2213_38_44_569_398
S,1,2213,DETECTION,src/tracking/advanced_tracker.py:_activate_slot,2213_-12_992_355_1242
S,2,2213,DETECTION,src/tracking/advanced_tracker.py:_activate_slot,2213_34_763_565_1142
S,5,2213,DETECTION,src/tracking/advanced_tracker.py:_activate_slot,2213_37_309_633_807
S,8,2213,PREDICTION,src/tracking/advanced_tracker.py:kalman_homography,
S,10,2213,PREDICTION,src/tracking/advanced_tracker.py:kalman_homography,
S,3,2213,PREDICTION,src/tracking/advanced_tracker.py:flow_gapfill_batched,
D,8,2213
S,5,2213,PREDICTION,src/tracking/advanced_tracker.py:id_merge,
L,0,2213,DETECTION,src/tracking/advanced_tracker.py:_activate_slot,2213_38_44_569_398
R,DETECTION,DETECTION,1
L,1,2213,DETECTION,src/tracking/advanced_tracker.py:_activate_slot,2213_-12_992_355_1242
R,CLAMP,CLAMP,0
L,2,2213,DETECTION,src/tracking/advanced_tracker.py:_activate_slot,2213_34_763_565_1142
R,DETECTION,DETECTION,1
L,3,2213,PREDICTION,src/tracking/advanced_tracker.py:flow_gapfill_batched,
R,CLAMP,CLAMP,0
L,5,2213,PREDICTION,src/tracking/advanced_tracker.py:id_merge,
R,CLAMP,CLAMP,0
A,2213
S,0,2219,DETECTION,src/tracking/advanced_tracker.py:_activate_slot,2219_68_60_598_405
S,1,2219,DETECTION,src/tracking/advanced_tracker.py:_activate_slot,2219_-13_1031_382_1289
S,2,2219,DETECTION,src/tracking/advanced_tracker.py:_activate_slot,2219_54_796_597_1182
S,5,2219,DETECTION,src/tracking/advanced_tracker.py:_activate_slot,2219_35_303_658_798
S,8,2219,PREDICTION,src/tracking/advanced_tracker.py:kalman_homography,
S,10,2219,PREDICTION,src/tracking/advanced_tracker.py:kalman_homography,
S,3,2219,PREDICTION,src/tracking/advanced_tracker.py:flow_gapfill_batched,
S,4,2219,PREDICTION,src/tracking/advanced_tracker.py:flow_gapfill_batched,
S,6,2219,PREDICTION,src/tracking/advanced_tracker.py:flow_gapfill_batched,
D,8,2219
S,5,2219,PREDICTION,src/tracking/advanced_tracker.py:id_merge,
L,0,2219,DETECTION,src/tracking/advanced_tracker.py:_activate_slot,2219_68_60_598_405
R,DETECTION,DETECTION,1
L,1,2219,DETECTION,src/tracking/advanced_tracker.py:_activate_slot,2219_-13_1031_382_1289
R,CLAMP,CLAMP,0
L,2,2219,DETECTION,src/tracking/advanced_tracker.py:_activate_slot,2219_54_796_597_1182
R,DETECTION,DETECTION,1
L,3,2219,PREDICTION,src/tracking/advanced_tracker.py:flow_gapfill_batched,
R,CLAMP,CLAMP,0
L,4,2219,PREDICTION,src/tracking/advanced_tracker.py:flow_gapfill_batched,
R,CLAMP,CLAMP,0
L,5,2219,PREDICTION,src/tracking/advanced_tracker.py:id_merge,
R,CLAMP,CLAMP,0
L,6,2219,PREDICTION,src/tracking/advanced_tracker.py:flow_gapfill_batched,
R,CLAMP,CLAMP,0
A,2219
