S,0,3003,DETECTION,src/tracking/advanced_tracker.py:_activate_slot,3003_115_955_285_1026
S,1,3003,DETECTION,src/tracking/advanced_tracker.py:_activate_slot,3003_118_142_240_211
S,2,3003,DETECTION,src/tracking/advanced_tracker.py:_activate_slot,3003_170_811_319_895
S,3,3003,DETECTION,src/tracking/advanced_tracker.py:_activate_slot,3003_151_877_295_977
S,10,3003,DETECTION,src/tracking/advanced_tracker.py:_activate_slot,3003_78_471_231_542
L,0,3003,DETECTION,src/tracking/advanced_tracker.py:_activate_slot,3003_115_955_285_1026
R,DETECTION,DETECTION,1
L,1,3003,DETECTION,src/tracking/advanced_tracker.py:_activate_slot,3003_118_142_240_211
R,DETECTION,DETECTION,1
L,2,3003,DETECTION,src/tracking/advanced_tracker.py:_activate_slot,3003_170_811_319_895
R,DETECTION,DETECTION,1
L,3,3003,DETECTION,src/tracking/advanced_tracker.py:_activate_slot,3003_151_877_295_977
R,DETECTION,DETECTION,1
A,3003
S,0,3009,DETECTION,src/tracking/advanced_tracker.py:_activate_slot,3009_116_955_285_1026
S,1,3009,DETECTION,src/tracking/advanced_tracker.py:_activate_slot,3009_117_141_240_211
S,2,3009,DETECTION,src/tracking/advanced_tracker.py:_activate_slot,3009_171_811_319_895
S,3,3009,DETECTION,src/tracking/advanced_tracker.py:_activate_slot,3009_150_877_295_977
S,10,3009,DETECTION,src/tracking/advanced_tracker.py:_activate_slot,3009_78_471_231_542
L,0,3009,DETECTION,src/tracking/advanced_tracker.py:_activate_slot,3009_116_955_285_1026
R,DETECTION,SUBPIXEL,0
L,1,3009,DETECTION,src/tracking/advanced_tracker.py:_activate_slot,3009_117_141_240_211
R,DETECTION,SUBPIXEL,0
L,2,3009,DETECTION,src/tracking/advanced_tracker.py:_activate_slot,3009_171_811_319_895
R,DETECTION,SUBPIXEL,0
L,3,3009,DETECTION,src/tracking/advanced_tracker.py:_activate_slot,3009_150_877_295_977
R,DETECTION,SUBPIXEL,0
A,3009
S,1,3015,DETECTION,src/tracking/advanced_tracker.py:_activate_slot,3015_117_141_240_211
S,2,3015,DETECTION,src/tracking/advanced_tracker.py:_activate_slot,3015_171_810_319_894
S,3,3015,DETECTION,src/tracking/advanced_tracker.py:_activate_slot,3015_150_877_295_977
S,5,3015,DETECTION,src/tracking/advanced_tracker.py:_activate_slot,3015_116_955_285_1027
S,10,3015,DETECTION,src/tracking/advanced_tracker.py:_activate_slot,3015_78_471_231_542
S,4,3015,DETECTION,src/tracking/advanced_tracker.py:_activate_slot,3015_110_209_232_285
S,0,3015,PREDICTION,src/tracking/advanced_tracker.py:kalman_homography,
D,1,3015
S,4,3015,PREDICTION,src/tracking/advanced_tracker.py:id_merge,
L,0,3015,PREDICTION,src/tracking/advanced_tracker.py:kalman_homography,
R,CLAMP,CLAMP,0
L,2,3015,DETECTION,src/tracking/advanced_tracker.py:_activate_slot,3015_171_810_319_894
R,DETECTION,DETECTION,1
L,3,3015,DETECTION,src/tracking/advanced_tracker.py:_activate_slot,3015_150_877_295_977
R,DETECTION,SUBPIXEL,0
L,4,3015,PREDICTION,src/tracking/advanced_tracker.py:id_merge,
R,PREDICTION,PREDICTION,1
L,5,3015,DETECTION,src/tracking/advanced_tracker.py:_activate_slot,3015_116_955_285_1027
R,DETECTION,DETECTION,1
A,3015
S,0,3021,DETECTION,src/tracking/advanced_tracker.py:_activate_slot,3021_116_955_285_1027
S,1,3021,DETECTION,src/tracking/advanced_tracker.py:_activate_slot,3021_117_141_240_211
S,2,3021,DETECTION,src/tracking/advanced_tracker.py:_activate_slot,3021_171_811_319_895
S,3,3021,DETECTION,src/tracking/advanced_tracker.py:_activate_slot,3021_150_877_295_977
S,10,3021,DETECTION,src/tracking/advanced_tracker.py:_activate_slot,3021_78_471_232_542
S,4,3021,PREDICTION,src/tracking/advanced_tracker.py:kalman_homography,
S,5,3021,PREDICTION,src/tracking/advanced_tracker.py:kalman_homography,
D,4,3021
S,1,3021,PREDICTION,src/tracking/advanced_tracker.py:id_merge,
L,0,3021,DETECTION,src/tracking/advanced_tracker.py:_activate_slot,3021_116_955_285_1027
R,DETECTION,DETECTION,1
L,1,3021,PREDICTION,src/tracking/advanced_tracker.py:id_merge,
R,PREDICTION,SUBPIXEL,0
L,2,3021,DETECTION,src/tracking/advanced_tracker.py:_activate_slot,3021_171_811_319_895
R,DETECTION,DETECTION,1
L,3,3021,DETECTION,src/tracking/advanced_tracker.py:_activate_slot,3021_150_877_295_977
R,DETECTION,SUBPIXEL,0
L,5,3021,PREDICTION,src/tracking/advanced_tracker.py:kalman_homography,
R,CLAMP,CLAMP,0
A,3021
S,0,3027,DETECTION,src/tracking/advanced_tracker.py:_activate_slot,3027_115_955_285_1026
S,1,3027,DETECTION,src/tracking/advanced_tracker.py:_activate_slot,3027_118_141_240_211
S,10,3027,DETECTION,src/tracking/advanced_tracker.py:_activate_slot,3027_78_471_231_542
S,6,3027,DETECTION,src/tracking/advanced_tracker.py:_activate_slot,3027_150_877_295_977
S,2,3027,PREDICTION,src/tracking/advanced_tracker.py:kalman_homography,
S,3,3027,PREDICTION,src/tracking/advanced_tracker.py:kalman_homography,
S,4,3027,PREDICTION,src/tracking/advanced_tracker.py:kalman_homography,
S,5,3027,PREDICTION,src/tracking/advanced_tracker.py:kalman_homography,
D,4,3027
S,1,3027,PREDICTION,src/tracking/advanced_tracker.py:id_merge,
L,0,3027,DETECTION,src/tracking/advanced_tracker.py:_activate_slot,3027_115_955_285_1026
R,DETECTION,DETECTION,1
L,1,3027,PREDICTION,src/tracking/advanced_tracker.py:id_merge,
R,PREDICTION,SUBPIXEL,0
L,2,3027,PREDICTION,src/tracking/advanced_tracker.py:kalman_homography,
R,PREDICTION,PREDICTION,1
L,3,3027,PREDICTION,src/tracking/advanced_tracker.py:kalman_homography,
R,PREDICTION,PREDICTION,1
L,5,3027,PREDICTION,src/tracking/advanced_tracker.py:kalman_homography,
R,CLAMP,CLAMP,0
L,6,3027,DETECTION,src/tracking/advanced_tracker.py:_activate_slot,3027_150_877_295_977
R,DETECTION,DETECTION,1
A,3027
S,0,3033,DETECTION,src/tracking/advanced_tracker.py:_activate_slot,3033_116_953_286_1027
S,1,3033,DETECTION,src/tracking/advanced_tracker.py:_activate_slot,3033_116_141_241_210
S,2,3033,DETECTION,src/tracking/advanced_tracker.py:_activate_slot,3033_169_804_331_896
S,6,3033,DETECTION,src/tracking/advanced_tracker.py:_activate_slot,3033_129_875_283_963
S,10,3033,DETECTION,src/tracking/advanced_tracker.py:_activate_slot,3033_80_469_233_541
S,3,3033,PREDICTION,src/tracking/advanced_tracker.py:kalman_homography,
S,4,3033,PREDICTION,src/tracking/advanced_tracker.py:kalman_homography,
S,5,3033,PREDICTION,src/tracking/advanced_tracker.py:kalman_homography,
D,4,3033
S,1,3033,PREDICTION,src/tracking/advanced_tracker.py:id_merge,
L,0,3033,DETECTION,src/tracking/advanced_tracker.py:_activate_slot,3033_116_953_286_1027
R,DETECTION,DETECTION,1
L,1,3033,PREDICTION,src/tracking/advanced_tracker.py:id_merge,
R,PREDICTION,PREDICTION,1
L,2,3033,DETECTION,src/tracking/advanced_tracker.py:_activate_slot,3033_169_804_331_896
R,DETECTION,DETECTION,1
L,3,3033,PREDICTION,src/tracking/advanced_tracker.py:kalman_homography,
R,PREDICTION,SUBPIXEL,0
L,5,3033,PREDICTION,src/tracking/advanced_tracker.py:kalman_homography,
R,CLAMP,CLAMP,0
L,6,3033,DETECTION,src/tracking/advanced_tracker.py:_activate_slot,3033_129_875_283_963
R,DETECTION,DETECTION,1
A,3033
S,0,3039,DETECTION,src/tracking/advanced_tracker.py:_activate_slot,3039_118_952_286_1026
S,1,3039,DETECTION,src/tracking/advanced_tracker.py:_activate_slot,3039_116_140_241_210
S,3,3039,DETECTION,src/tracking/advanced_tracker.py:_activate_slot,3039_126_868_273_954
S,10,3039,DETECTION,src/tracking/advanced_tracker.py:_activate_slot,3039_81_467_234_542
S,2,3039,PREDICTION,src/tracking/advanced_tracker.py:kalman_homography,
S,4,3039,PREDICTION,src/tracking/advanced_tracker.py:kalman_homography,
S,5,3039,PREDICTION,src/tracking/advanced_tracker.py:kalman_homography,
S,6,3039,PREDICTION,src/tracking/advanced_tracker.py:kalman_homography,
D,4,3039
S,1,3039,PREDICTION,src/tracking/advanced_tracker.py:id_merge,
L,0,3039,DETECTION,src/tracking/advanced_tracker.py:_activate_slot,3039_118_952_286_1026
R,DETECTION,DETECTION,1
L,1,3039,PREDICTION,src/tracking/advanced_tracker.py:id_merge,
R,PREDICTION,SUBPIXEL,0
L,2,3039,PREDICTION,src/tracking/advanced_tracker.py:kalman_homography,
R,PREDICTION,PREDICTION,1
L,3,3039,DETECTION,src/tracking/advanced_tracker.py:_activate_slot,3039_126_868_273_954
R,CLAMP,CLAMP,0
L,5,3039,PREDICTION,src/tracking/advanced_tracker.py:kalman_homography,
R,CLAMP,CLAMP,0
L,6,3039,PREDICTION,src/tracking/advanced_tracker.py:kalman_homography,
R,PREDICTION,PREDICTION,1
A,3039
S,0,3045,DETECTION,src/tracking/advanced_tracker.py:_activate_slot,3045_118_952_286_1026
S,1,3045,DETECTION,src/tracking/advanced_tracker.py:_activate_slot,3045_119_140_241_210
S,10,3045,DETECTION,src/tracking/advanced_tracker.py:_activate_slot,3045_79_465_234_546
S,2,3045,PREDICTION,src/tracking/advanced_tracker.py:kalman_homography,
S,3,3045,PREDICTION,src/tracking/advanced_tracker.py:kalman_homography,
S,4,3045,PREDICTION,src/tracking/advanced_tracker.py:kalman_homography,
S,5,3045,PREDICTION,src/tracking/advanced_tracker.py:kalman_homography,
S,6,3045,PREDICTION,src/tracking/advanced_tracker.py:kalman_homography,
D,4,3045
S,1,3045,PREDICTION,src/tracking/advanced_tracker.py:id_merge,
L,0,3045,DETECTION,src/tracking/advanced_tracker.py:_activate_slot,3045_118_952_286_1026
R,DETECTION,SUBPIXEL,0
L,1,3045,PREDICTION,src/tracking/advanced_tracker.py:id_merge,
R,PREDICTION,SUBPIXEL,0
L,2,3045,PREDICTION,src/tracking/advanced_tracker.py:kalman_homography,
R,PREDICTION,PREDICTION,1
L,3,3045,PREDICTION,src/tracking/advanced_tracker.py:kalman_homography,
R,PREDICTION,PREDICTION,1
L,5,3045,PREDICTION,src/tracking/advanced_tracker.py:kalman_homography,
R,CLAMP,CLAMP,0
L,6,3045,PREDICTION,src/tracking/advanced_tracker.py:kalman_homography,
R,PREDICTION,PREDICTION,1
A,3045
S,0,3051,DETECTION,src/tracking/advanced_tracker.py:_activate_slot,3051_118_951_286_1026
S,1,3051,DETECTION,src/tracking/advanced_tracker.py:_activate_slot,3051_120_140_241_211
S,2,3051,PREDICTION,src/tracking/advanced_tracker.py:kalman_homography,
S,3,3051,PREDICTION,src/tracking/advanced_tracker.py:kalman_homography,
S,4,3051,PREDICTION,src/tracking/advanced_tracker.py:kalman_homography,
S,5,3051,PREDICTION,src/tracking/advanced_tracker.py:kalman_homography,
S,6,3051,PREDICTION,src/tracking/advanced_tracker.py:kalman_homography,
S,10,3051,PREDICTION,src/tracking/advanced_tracker.py:kalman_homography,
D,4,3051
S,1,3051,PREDICTION,src/tracking/advanced_tracker.py:id_merge,
L,0,3051,DETECTION,src/tracking/advanced_tracker.py:_activate_slot,3051_118_951_286_1026
R,DETECTION,DETECTION,1
L,1,3051,PREDICTION,src/tracking/advanced_tracker.py:id_merge,
R,PREDICTION,SUBPIXEL,0
L,2,3051,PREDICTION,src/tracking/advanced_tracker.py:kalman_homography,
R,PREDICTION,PREDICTION,1
L,3,3051,PREDICTION,src/tracking/advanced_tracker.py:kalman_homography,
R,PREDICTION,PREDICTION,1
L,5,3051,PREDICTION,src/tracking/advanced_tracker.py:kalman_homography,
R,CLAMP,CLAMP,0
L,6,3051,PREDICTION,src/tracking/advanced_tracker.py:kalman_homography,
R,PREDICTION,PREDICTION,1
A,3051
S,0,3057,DETECTION,src/tracking/advanced_tracker.py:_activate_slot,3057_118_951_286_1027
S,1,3057,DETECTION,src/tracking/advanced_tracker.py:_activate_slot,3057_120_140_240_210
S,2,3057,PREDICTION,src/tracking/advanced_tracker.py:kalman_homography,
S,3,3057,PREDICTION,src/tracking/advanced_tracker.py:kalman_homography,
S,4,3057,PREDICTION,src/tracking/advanced_tracker.py:kalman_homography,
S,5,3057,PREDICTION,src/tracking/advanced_tracker.py:kalman_homography,
S,6,3057,PREDICTION,src/tracking/advanced_tracker.py:kalman_homography,
S,10,3057,PREDICTION,src/tracking/advanced_tracker.py:kalman_homography,
D,4,3057
S,1,3057,PREDICTION,src/tracking/advanced_tracker.py:id_merge,
L,0,3057,DETECTION,src/tracking/advanced_tracker.py:_activate_slot,3057_118_951_286_1027
R,DETECTION,DETECTION,1
L,1,3057,PREDICTION,src/tracking/advanced_tracker.py:id_merge,
R,PREDICTION,PREDICTION,1
L,2,3057,PREDICTION,src/tracking/advanced_tracker.py:kalman_homography,
R,PREDICTION,PREDICTION,1
L,3,3057,PREDICTION,src/tracking/advanced_tracker.py:kalman_homography,
R,PREDICTION,PREDICTION,1
L,5,3057,PREDICTION,src/tracking/advanced_tracker.py:kalman_homography,
R,CLAMP,CLAMP,0
L,6,3057,PREDICTION,src/tracking/advanced_tracker.py:kalman_homography,
R,PREDICTION,PREDICTION,1
A,3057
S,0,3063,DETECTION,src/tracking/advanced_tracker.py:_activate_slot,3063_118_951_287_1027
S,1,3063,DETECTION,src/tracking/advanced_tracker.py:_activate_slot,3063_120_140_240_210
S,2,3063,PREDICTION,src/tracking/advanced_tracker.py:kalman_homography,
S,3,3063,PREDICTION,src/tracking/advanced_tracker.py:kalman_homography,
S,6,3063,PREDICTION,src/tracking/advanced_tracker.py:kalman_homography,
S,10,3063,PREDICTION,src/tracking/advanced_tracker.py:kalman_homography,
S,4,3063,PREDICTION,src/tracking/advanced_tracker.py:flow_gapfill_batched,
S,5,3063,PREDICTION,src/tracking/advanced_tracker.py:flow_gapfill_batched,
D,4,3063
S,1,3063,PREDICTION,src/tracking/advanced_tracker.py:id_merge,
L,0,3063,DETECTION,src/tracking/advanced_tracker.py:_activate_slot,3063_118_951_287_1027
R,DETECTION,DETECTION,1
L,1,3063,PREDICTION,src/tracking/advanced_tracker.py:id_merge,
R,PREDICTION,SUBPIXEL,0
L,2,3063,PREDICTION,src/tracking/advanced_tracker.py:kalman_homography,
R,PREDICTION,PREDICTION,1
L,3,3063,PREDICTION,src/tracking/advanced_tracker.py:kalman_homography,
R,PREDICTION,PREDICTION,1
L,5,3063,PREDICTION,src/tracking/advanced_tracker.py:flow_gapfill_batched,
R,PREDICTION,SUBPIXEL,0
L,6,3063,PREDICTION,src/tracking/advanced_tracker.py:kalman_homography,
R,PREDICTION,PREDICTION,1
A,3063
S,0,3069,DETECTION,src/tracking/advanced_tracker.py:_activate_slot,3069_118_951_287_1027
S,1,3069,DETECTION,src/tracking/advanced_tracker.py:_activate_slot,3069_119_140_240_210
S,2,3069,DETECTION,src/tracking/advanced_tracker.py:_activate_slot,3069_164_782_334_850
S,7,3069,DETECTION,src/tracking/advanced_tracker.py:_activate_slot,3069_151_671_301_747
S,3,3069,PREDICTION,src/tracking/advanced_tracker.py:kalman_homography,
S,6,3069,PREDICTION,src/tracking/advanced_tracker.py:kalman_homography,
S,10,3069,PREDICTION,src/tracking/advanced_tracker.py:kalman_homography,
L,0,3069,DETECTION,src/tracking/advanced_tracker.py:_activate_slot,3069_118_951_287_1027
R,DETECTION,SUBPIXEL,0
L,1,3069,DETECTION,src/tracking/advanced_tracker.py:_activate_slot,3069_119_140_240_210
R,DETECTION,SUBPIXEL,0
L,2,3069,DETECTION,src/tracking/advanced_tracker.py:_activate_slot,3069_164_782_334_850
R,DETECTION,DETECTION,1
L,3,3069,PREDICTION,src/tracking/advanced_tracker.py:kalman_homography,
R,PREDICTION,PREDICTION,1
L,6,3069,PREDICTION,src/tracking/advanced_tracker.py:kalman_homography,
R,PREDICTION,PREDICTION,1
L,7,3069,DETECTION,src/tracking/advanced_tracker.py:_activate_slot,3069_151_671_301_747
R,DETECTION,DETECTION,1
A,3069
S,2,3075,DETECTION,src/tracking/advanced_tracker.py:_activate_slot,3075_161_782_328_846
S,1,3075,DETECTION,src/tracking/advanced_tracker.py:_activate_slot,3075_120_140_242_210
S,5,3075,DETECTION,src/tracking/advanced_tracker.py:_activate_slot,3075_121_951_287_1025
S,0,3075,PREDICTION,src/tracking/advanced_tracker.py:kalman_homography,
S,3,3075,PREDICTION,src/tracking/advanced_tracker.py:kalman_homography,
S,6,3075,PREDICTION,src/tracking/advanced_tracker.py:kalman_homography,
S,7,3075,PREDICTION,src/tracking/advanced_tracker.py:kalman_homography,
S,10,3075,PREDICTION,src/tracking/advanced_tracker.py:kalman_homography,
L,0,3075,PREDICTION,src/tracking/advanced_tracker.py:kalman_homography,
R,PREDICTION,PREDICTION,1
L,1,3075,DETECTION,src/tracking/advanced_tracker.py:_activate_slot,3075_120_140_242_210
R,DETECTION,DETECTION,1
L,2,3075,DETECTION,src/tracking/advanced_tracker.py:_activate_slot,3075_161_782_328_846
R,DETECTION,DETECTION,1
L,3,3075,PREDICTION,src/tracking/advanced_tracker.py:kalman_homography,
R,PREDICTION,PREDICTION,1
L,5,3075,DETECTION,src/tracking/advanced_tracker.py:_activate_slot,3075_121_951_287_1025
R,DETECTION,DETECTION,1
L,6,3075,PREDICTION,src/tracking/advanced_tracker.py:kalman_homography,
R,PREDICTION,PREDICTION,1
L,7,3075,PREDICTION,src/tracking/advanced_tracker.py:kalman_homography,
R,PREDICTION,PREDICTION,1
A,3075
S,0,3081,DETECTION,src/tracking/advanced_tracker.py:_activate_slot,3081_122_952_289_1025
S,2,3081,DETECTION,src/tracking/advanced_tracker.py:_activate_slot,3081_164_780_330_848
S,3,3081,PREDICTION,src/tracking/advanced_tracker.py:kalman_homography,
S,5,3081,PREDICTION,src/tracking/advanced_tracker.py:kalman_homography,
S,7,3081,PREDICTION,src/tracking/advanced_tracker.py:kalman_homography,
S,10,3081,PREDICTION,src/tracking/advanced_tracker.py:kalman_homography,
S,1,3081,PREDICTION,src/tracking/advanced_tracker.py:flow_gapfill_batched,
S,6,3081,PREDICTION,src/tracking/advanced_tracker.py:flow_gapfill_batched,
L,0,3081,DETECTION,src/tracking/advanced_tracker.py:_activate_slot,3081_122_952_289_1025
R,DETECTION,DETECTION,1
L,1,3081,PREDICTION,src/tracking/advanced_tracker.py:flow_gapfill_batched,
R,PREDICTION,PREDICTION,1
L,2,3081,DETECTION,src/tracking/advanced_tracker.py:_activate_slot,3081_164_780_330_848
R,DETECTION,DETECTION,1
L,3,3081,PREDICTION,src/tracking/advanced_tracker.py:kalman_homography,
R,PREDICTION,PREDICTION,1
L,5,3081,PREDICTION,src/tracking/advanced_tracker.py:kalman_homography,
R,CLAMP,CLAMP,0
L,6,3081,PREDICTION,src/tracking/advanced_tracker.py:flow_gapfill_batched,
R,CLAMP,CLAMP,0
L,7,3081,PREDICTION,src/tracking/advanced_tracker.py:kalman_homography,
R,PREDICTION,SUBPIXEL,0
A,3081
S,0,3087,DETECTION,src/tracking/advanced_tracker.py:_activate_slot,3087_122_948_292_1024
S,2,3087,PREDICTION,src/tracking/advanced_tracker.py:kalman_homography,
S,5,3087,PREDICTION,src/tracking/advanced_tracker.py:kalman_homography,
S,7,3087,PREDICTION,src/tracking/advanced_tracker.py:kalman_homography,
S,10,3087,PREDICTION,src/tracking/advanced_tracker.py:kalman_homography,
S,3,3087,PREDICTION,src/tracking/advanced_tracker.py:flow_gapfill_batched,
L,0,3087,DETECTION,src/tracking/advanced_tracker.py:_activate_slot,3087_122_948_292_1024
R,DETECTION,DETECTION,1
L,2,3087,PREDICTION,src/tracking/advanced_tracker.py:kalman_homography,
R,PREDICTION,PREDICTION,1
L,3,3087,PREDICTION,src/tracking/advanced_tracker.py:flow_gapfill_batched,
R,PREDICTION,PREDICTION,1
L,5,3087,PREDICTION,src/tracking/advanced_tracker.py:kalman_homography,
R,CLAMP,CLAMP,0
L,7,3087,PREDICTION,src/tracking/advanced_tracker.py:kalman_homography,
R,PREDICTION,SUBPIXEL,0
A,3087
S,0,3093,DETECTION,src/tracking/advanced_tracker.py:_activate_slot,3093_122_948_293_1024
S,2,3093,DETECTION,src/tracking/advanced_tracker.py:_activate_slot,3093_172_780_337_849
S,5,3093,PREDICTION,src/tracking/advanced_tracker.py:kalman_homography,
S,7,3093,PREDICTION,src/tracking/advanced_tracker.py:kalman_homography,
S,10,3093,PREDICTION,src/tracking/advanced_tracker.py:flow_gapfill_batched,
L,0,3093,DETECTION,src/tracking/advanced_tracker.py:_activate_slot,3093_122_948_293_1024
R,DETECTION,DETECTION,1
L,2,3093,DETECTION,src/tracking/advanced_tracker.py:_activate_slot,3093_172_780_337_849
R,DETECTION,DETECTION,1
L,5,3093,PREDICTION,src/tracking/advanced_tracker.py:kalman_homography,
R,CLAMP,CLAMP,0
L,7,3093,PREDICTION,src/tracking/advanced_tracker.py:kalman_homography,
R,PREDICTION,SUBPIXEL,0
A,3093
S,0,3099,DETECTION,src/tracking/advanced_tracker.py:_activate_slot,3099_123_948_294_1024
S,2,3099,PREDICTION,src/tracking/advanced_tracker.py:kalman_homography,
S,5,3099,PREDICTION,src/tracking/advanced_tracker.py:kalman_homography,
S,7,3099,PREDICTION,src/tracking/advanced_tracker.py:kalman_homography,
L,0,3099,DETECTION,src/tracking/advanced_tracker.py:_activate_slot,3099_123_948_294_1024
R,DETECTION,DETECTION,1
L,2,3099,PREDICTION,src/tracking/advanced_tracker.py:kalman_homography,
R,PREDICTION,PREDICTION,1
L,5,3099,PREDICTION,src/tracking/advanced_tracker.py:kalman_homography,
R,CLAMP,CLAMP,0
L,7,3099,PREDICTION,src/tracking/advanced_tracker.py:kalman_homography,
R,PREDICTION,SUBPIXEL,0
A,3099
S,0,3105,DETECTION,src/tracking/advanced_tracker.py:_activate_slot,3105_124_949_294_1023
S,2,3105,PREDICTION,src/tracking/advanced_tracker.py:kalman_homography,
S,5,3105,PREDICTION,src/tracking/advanced_tracker.py:kalman_homography,
S,7,3105,PREDICTION,src/tracking/advanced_tracker.py:kalman_homography,
S,1,3105,PREDICTION,src/tracking/advanced_tracker.py:flow_gapfill_batched,
L,0,3105,DETECTION,src/tracking/advanced_tracker.py:_activate_slot,3105_124_949_294_1023
R,DETECTION,SUBPIXEL,0
L,1,3105,PREDICTION,src/tracking/advanced_tracker.py:flow_gapfill_batched,
R,PREDICTION,SUBPIXEL,0
L,2,3105,PREDICTION,src/tracking/advanced_tracker.py:kalman_homography,
R,PREDICTION,PREDICTION,1
L,5,3105,PREDICTION,src/tracking/advanced_tracker.py:kalman_homography,
R,CLAMP,CLAMP,0
L,7,3105,PREDICTION,src/tracking/advanced_tracker.py:kalman_homography,
R,PREDICTION,SUBPIXEL,0
A,3105
S,0,3111,DETECTION,src/tracking/advanced_tracker.py:_activate_slot,3111_125_948_293_1022
S,4,3111,DETECTION,src/tracking/advanced_tracker.py:_activate_slot,3111_152_611_300_741
S,2,3111,PREDICTION,src/tracking/advanced_tracker.py:kalman_homography,
S,5,3111,PREDICTION,src/tracking/advanced_tracker.py:kalman_homography,
S,7,3111,PREDICTION,src/tracking/advanced_tracker.py:kalman_homography,
S,1,3111,PREDICTION,src/tracking/advanced_tracker.py:flow_gapfill_batched,
L,0,3111,DETECTION,src/tracking/advanced_tracker.py:_activate_slot,3111_125_948_293_1022
R,DETECTION,DETECTION,1
L,1,3111,PREDICTION,src/tracking/advanced_tracker.py:flow_gapfill_batched,
R,PREDICTION,SUBPIXEL,0
L,2,3111,PREDICTION,src/tracking/advanced_tracker.py:kalman_homography,
R,PREDICTION,PREDICTION,1
L,4,3111,DETECTION,src/tracking/advanced_tracker.py:_activate_slot,3111_152_611_300_741
R,DETECTION,DETECTION,1
L,5,3111,PREDICTION,src/tracking/advanced_tracker.py:kalman_homography,
R,CLAMP,CLAMP,0
L,7,3111,PREDICTION,src/tracking/advanced_tracker.py:kalman_homography,
R,PREDICTION,SUBPIXEL,0
A,3111
S,0,3117,DETECTION,src/tracking/advanced_tracker.py:_activate_slot,3117_124_948_291_1020
S,4,3117,DETECTION,src/tracking/advanced_tracker.py:_activate_slot,3117_150_609_297_737
S,2,3117,PREDICTION,src/tracking/advanced_tracker.py:kalman_homography,
S,5,3117,PREDICTION,src/tracking/advanced_tracker.py:kalman_homography,
S,1,3117,PREDICTION,src/tracking/advanced_tracker.py:flow_gapfill_batched,
S,7,3117,PREDICTION,src/tracking/advanced_tracker.py:flow_gapfill_batched,
L,0,3117,DETECTION,src/tracking/advanced_tracker.py:_activate_slot,3117_124_948_291_1020
R,DETECTION,DETECTION,1
L,1,3117,PREDICTION,src/tracking/advanced_tracker.py:flow_gapfill_batched,
R,PREDICTION,SUBPIXEL,0
L,2,3117,PREDICTION,src/tracking/advanced_tracker.py:kalman_homography,
R,PREDICTION,PREDICTION,1
L,4,3117,DETECTION,src/tracking/advanced_tracker.py:_activate_slot,3117_150_609_297_737
R,DETECTION,DETECTION,1
L,5,3117,PREDICTION,src/tracking/advanced_tracker.py:kalman_homography,
R,CLAMP,CLAMP,0
L,7,3117,PREDICTION,src/tracking/advanced_tracker.py:flow_gapfill_batched,
R,PREDICTION,PREDICTION,1
A,3117
S,4,3123,DETECTION,src/tracking/advanced_tracker.py:_activate_slot,3123_163_608_298_734
S,0,3123,DETECTION,src/tracking/advanced_tracker.py:_activate_slot,3123_124_949_290_1017
S,2,3123,PREDICTION,src/tracking/advanced_tracker.py:kalman_homography,
S,1,3123,PREDICTION,src/tracking/advanced_tracker.py:flow_gapfill_batched,
S,5,3123,PREDICTION,src/tracking/advanced_tracker.py:flow_gapfill_batched,
L,0,3123,DETECTION,src/tracking/advanced_tracker.py:_activate_slot,3123_124_949_290_1017
R,DETECTION,DETECTION,1
L,1,3123,PREDICTION,src/tracking/advanced_tracker.py:flow_gapfill_batched,
R,PREDICTION,SUBPIXEL,0
L,2,3123,PREDICTION,src/tracking/advanced_tracker.py:kalman_homography,
R,PREDICTION,PREDICTION,1
L,4,3123,DETECTION,src/tracking/advanced_tracker.py:_activate_slot,3123_163_608_298_734
R,DETECTION,DETECTION,1
L,5,3123,PREDICTION,src/tracking/advanced_tracker.py:flow_gapfill_batched,
R,PREDICTION,PREDICTION,1
A,3123
S,0,3129,DETECTION,src/tracking/advanced_tracker.py:_activate_slot,3129_156_603_304_733
S,2,3129,DETECTION,src/tracking/advanced_tracker.py:_activate_slot,3129_166_748_318_836
S,3,3129,DETECTION,src/tracking/advanced_tracker.py:_activate_slot,3129_123_948_291_1016
S,4,3129,PREDICTION,src/tracking/advanced_tracker.py:kalman_homography,
D,0,3129
S,2,3129,PREDICTION,src/tracking/advanced_tracker.py:id_merge,
L,2,3129,PREDICTION,src/tracking/advanced_tracker.py:id_merge,
R,CLAMP,CLAMP,0
L,3,3129,DETECTION,src/tracking/advanced_tracker.py:_activate_slot,3129_123_948_291_1016
R,CLAMP,CLAMP,0
L,4,3129,PREDICTION,src/tracking/advanced_tracker.py:kalman_homography,
R,PREDICTION,PREDICTION,1
A,3129
S,4,3135,DETECTION,src/tracking/advanced_tracker.py:_activate_slot,3135_158_599_305_731
S,3,3135,DETECTION,src/tracking/advanced_tracker.py:_activate_slot,3135_125_949_292_1017
S,0,3135,PREDICTION,src/tracking/advanced_tracker.py:kalman_homography,
S,2,3135,PREDICTION,src/tracking/advanced_tracker.py:kalman_homography,
D,2,3135
S,4,3135,PREDICTION,src/tracking/advanced_tracker.py:id_merge,
L,0,3135,PREDICTION,src/tracking/advanced_tracker.py:kalman_homography,
R,CLAMP,CLAMP,0
L,3,3135,DETECTION,src/tracking/advanced_tracker.py:_activate_slot,3135_125_949_292_1017
R,DETECTION,DETECTION,1
L,4,3135,PREDICTION,src/tracking/advanced_tracker.py:id_merge,
R,PREDICTION,PREDICTION,1
A,3135
S,3,3141,DETECTION,src/tracking/advanced_tracker.py:_activate_slot,3141_123_948_293_1018
S,2,3141,PREDICTION,src/tracking/advanced_tracker.py:kalman_homography,
S,4,3141,PREDICTION,src/tracking/advanced_tracker.py:kalman_homography,
S,0,3141,PREDICTION,src/tracking/advanced_tracker.py:flow_gapfill_batched,
D,0,3141
S,2,3141,PREDICTION,src/tracking/advanced_tracker.py:id_merge,
D,2,3141
S,4,3141,PREDICTION,src/tracking/advanced_tracker.py:id_merge,
L,3,3141,DETECTION,src/tracking/advanced_tracker.py:_activate_slot,3141_123_948_293_1018
R,DETECTION,DETECTION,1
L,4,3141,PREDICTION,src/tracking/advanced_tracker.py:id_merge,
R,PREDICTION,PREDICTION,1
A,3141
S,3,3147,DETECTION,src/tracking/advanced_tracker.py:_activate_slot,3147_124_949_293_1023
S,4,3147,DETECTION,src/tracking/advanced_tracker.py:_activate_slot,3147_137_602_299_732
S,2,3147,PREDICTION,src/tracking/advanced_tracker.py:kalman_homography,
S,0,3147,PREDICTION,src/tracking/advanced_tracker.py:flow_gapfill_batched,
D,0,3147
S,2,3147,PREDICTION,src/tracking/advanced_tracker.py:id_merge,
D,2,3147
S,4,3147,PREDICTION,src/tracking/advanced_tracker.py:id_merge,
L,3,3147,DETECTION,src/tracking/advanced_tracker.py:_activate_slot,3147_124_949_293_1023
R,DETECTION,DETECTION,1
L,4,3147,PREDICTION,src/tracking/advanced_tracker.py:id_merge,
R,PREDICTION,PREDICTION,1
A,3147
S,3,3153,DETECTION,src/tracking/advanced_tracker.py:_activate_slot,3153_124_948_292_1025
S,4,3153,DETECTION,src/tracking/advanced_tracker.py:_activate_slot,3153_146_574_308_658
S,2,3153,PREDICTION,src/tracking/advanced_tracker.py:kalman_homography,
S,0,3153,PREDICTION,src/tracking/advanced_tracker.py:flow_gapfill_batched,
D,0,3153
S,2,3153,PREDICTION,src/tracking/advanced_tracker.py:id_merge,
D,2,3153
S,4,3153,PREDICTION,src/tracking/advanced_tracker.py:id_merge,
L,3,3153,DETECTION,src/tracking/advanced_tracker.py:_activate_slot,3153_124_948_292_1025
R,DETECTION,DETECTION,1
L,4,3153,PREDICTION,src/tracking/advanced_tracker.py:id_merge,
R,PREDICTION,PREDICTION,1
A,3153
S,3,3159,DETECTION,src/tracking/advanced_tracker.py:_activate_slot,3159_124_948_292_1024
S,4,3159,DETECTION,src/tracking/advanced_tracker.py:_activate_slot,3159_150_559_308_657
S,5,3159,CLAMP,src/tracking/advanced_tracker.py:_activate_slot,3159_214_780_399_885
S,2,3159,PREDICTION,src/tracking/advanced_tracker.py:kalman_homography,
S,0,3159,PREDICTION,src/tracking/advanced_tracker.py:flow_gapfill_batched,
D,0,3159
S,2,3159,PREDICTION,src/tracking/advanced_tracker.py:id_merge,
D,2,3159
S,4,3159,PREDICTION,src/tracking/advanced_tracker.py:id_merge,
L,3,3159,DETECTION,src/tracking/advanced_tracker.py:_activate_slot,3159_124_948_292_1024
R,DETECTION,SUBPIXEL,0
L,4,3159,PREDICTION,src/tracking/advanced_tracker.py:id_merge,
R,PREDICTION,PREDICTION,1
L,5,3159,CLAMP,src/tracking/advanced_tracker.py:_activate_slot,3159_214_780_399_885
R,CLAMP,CLAMP,0
A,3159
S,4,3165,DETECTION,src/tracking/advanced_tracker.py:_activate_slot,3165_154_556_305_660
S,6,3165,DETECTION,src/tracking/advanced_tracker.py:_activate_slot,3165_164_606_298_738
S,2,3165,PREDICTION,src/tracking/advanced_tracker.py:kalman_homography,
S,3,3165,PREDICTION,src/tracking/advanced_tracker.py:kalman_homography,
S,0,3165,PREDICTION,src/tracking/advanced_tracker.py:flow_gapfill_batched,
S,5,3165,PREDICTION,src/tracking/advanced_tracker.py:flow_gapfill_batched,
D,0,3165
S,2,3165,PREDICTION,src/tracking/advanced_tracker.py:id_merge,
D,2,3165
S,4,3165,PREDICTION,src/tracking/advanced_tracker.py:id_merge,
L,3,3165,PREDICTION,src/tracking/advanced_tracker.py:kalman_homography,
R,PREDICTION,PREDICTION,1
L,4,3165,PREDICTION,src/tracking/advanced_tracker.py:id_merge,
R,PREDICTION,PREDICTION,1
L,5,3165,PREDICTION,src/tracking/advanced_tracker.py:flow_gapfill_batched,
R,CLAMP,CLAMP,0
L,6,3165,DETECTION,src/tracking/advanced_tracker.py:_activate_slot,3165_164_606_298_738
R,CLAMP,CLAMP,0
A,3165
S,4,3171,DETECTION,src/tracking/advanced_tracker.py:_activate_slot,3171_152_555_306_657
S,3,3171,DETECTION,src/tracking/advanced_tracker.py:_activate_slot,3171_121_945_287_1025
S,1,3171,DETECTION,src/tracking/advanced_tracker.py:_activate_slot,3171_135_600_298_734
S,2,3171,PREDICTION,src/tracking/advanced_tracker.py:kalman_homography,
S,6,3171,PREDICTION,src/tracking/advanced_tracker.py:kalman_homography,
S,0,3171,PREDICTION,src/tracking/advanced_tracker.py:flow_gapfill_batched,
D,0,3171
S,1,3171,PREDICTION,src/tracking/advanced_tracker.py:id_merge,
D,2,3171
S,1,3171,PREDICTION,src/tracking/advanced_tracker.py:id_merge,
L,1,3171,PREDICTION,src/tracking/advanced_tracker.py:id_merge,
R,PREDICTION,PREDICTION,1
L,3,3171,DETECTION,src/tracking/advanced_tracker.py:_activate_slot,3171_121_945_287_1025
R,CLAMP,CLAMP,0
L,4,3171,DETECTION,src/tracking/advanced_tracker.py:_activate_slot,3171_152_555_306_657
R,DETECTION,DETECTION,1
L,6,3171,PREDICTION,src/tracking/advanced_tracker.py:kalman_homography,
R,CLAMP,CLAMP,0
A,3171
S,0,3177,DETECTION,src/tracking/advanced_tracker.py:_activate_slot,3177_138_597_300_732
S,4,3177,DETECTION,src/tracking/advanced_tracker.py:_activate_slot,3177_151_555_304_649
S,1,3177,PREDICTION,src/tracking/advanced_tracker.py:kalman_homography,
S,3,3177,PREDICTION,src/tracking/advanced_tracker.py:kalman_homography,
S,6,3177,PREDICTION,src/tracking/advanced_tracker.py:kalman_homography,
S,2,3177,PREDICTION,src/tracking/advanced_tracker.py:flow_gapfill_batched,
S,5,3177,PREDICTION,src/tracking/advanced_tracker.py:flow_gapfill_batched,
D,1,3177
S,0,3177,PREDICTION,src/tracking/advanced_tracker.py:id_merge,
D,2,3177
S,0,3177,PREDICTION,src/tracking/advanced_tracker.py:id_merge,
D,0,3177
S,4,3177,PREDICTION,src/tracking/advanced_tracker.py:id_merge,
L,3,3177,PREDICTION,src/tracking/advanced_tracker.py:kalman_homography,
R,PREDICTION,PREDICTION,1
L,4,3177,PREDICTION,src/tracking/advanced_tracker.py:id_merge,
R,PREDICTION,PREDICTION,1
L,5,3177,PREDICTION,src/tracking/advanced_tracker.py:flow_gapfill_batched,
R,CLAMP,CLAMP,0
L,6,3177,PREDICTION,src/tracking/advanced_tracker.py:kalman_homography,
R,CLAMP,CLAMP,0
A,3177
S,0,3183,CLAMP,src/tracking/advanced_tracker.py:_activate_slot,3183_237_370_414_468
S,2,3183,DETECTION,src/tracking/advanced_tracker.py:_activate_slot,3183_205_731_398_833
S,3,3183,DETECTION,src/tracking/advanced_tracker.py:_activate_slot,3183_553_192_675_294
S,4,3183,DETECTION,src/tracking/advanced_tracker.py:_activate_slot,3183_147_568_305_651
S,7,3183,DETECTION,src/tracking/advanced_tracker.py:_activate_slot,3183_293_811_488_905
S,8,3183,DETECTION,src/tracking/advanced_tracker.py:_activate_slot,3183_555_9_675_94
S,9,3183,DETECTION,src/tracking/advanced_tracker.py:_activate_slot,3183_355_941_531_1047
S,1,3183,PREDICTION,src/tracking/advanced_tracker.py:kalman_homography,
S,5,3183,PREDICTION,src/tracking/advanced_tracker.py:kalman_homography,
S,6,3183,PREDICTION,src/tracking/advanced_tracker.py:kalman_homography,
D,1,3183
S,4,3183,PREDICTION,src/tracking/advanced_tracker.py:id_merge,
D,5,3183
S,7,3183,PREDICTION,src/tracking/advanced_tracker.py:id_merge,
L,0,3183,CLAMP,src/tracking/advanced_tracker.py:_activate_slot,3183_237_370_414_468
R,CLAMP,CLAMP,0
L,2,3183,DETECTION,src/tracking/advanced_tracker.py:_activate_slot,3183_205_731_398_833
R,CLAMP,CLAMP,0
L,3,3183,DETECTION,src/tracking/advanced_tracker.py:_activate_slot,3183_553_192_675_294
R,CLAMP,CLAMP,0
L,4,3183,PREDICTION,src/tracking/advanced_tracker.py:id_merge,
R,CLAMP,CLAMP,0
L,6,3183,PREDICTION,src/tracking/advanced_tracker.py:kalman_homography,
R,CLAMP,CLAMP,0
L,7,3183,PREDICTION,src/tracking/advanced_tracker.py:id_merge,
R,CLAMP,CLAMP,0
L,8,3183,DETECTION,src/tracking/advanced_tracker.py:_activate_slot,3183_555_9_675_94
R,DETECTION,DETECTION,1
L,9,3183,DETECTION,src/tracking/advanced_tracker.py:_activate_slot,3183_355_941_531_1047
R,DETECTION,DETECTION,1
A,3183
S,0,3189,CLAMP,src/tracking/advanced_tracker.py:_activate_slot,3189_238_371_412_466
S,3,3189,DETECTION,src/tracking/advanced_tracker.py:_activate_slot,3189_553_192_675_295
S,4,3189,DETECTION,src/tracking/advanced_tracker.py:_activate_slot,3189_144_577_302_657
S,2,3189,DETECTION,src/tracking/advanced_tracker.py:_activate_slot,3189_206_723_399_835
S,7,3189,DETECTION,src/tracking/advanced_tracker.py:_activate_slot,3189_294_803_490_895
S,8,3189,DETECTION,src/tracking/advanced_tracker.py:_activate_slot,3189_555_9_675_94
S,9,3189,DETECTION,src/tracking/advanced_tracker.py:_activate_slot,3189_351_937_532_1030
S,1,3189,PREDICTION,src/tracking/advanced_tracker.py:kalman_homography,
S,5,3189,PREDICTION,src/tracking/advanced_tracker.py:kalman_homography,
S,6,3189,PREDICTION,src/tracking/advanced_tracker.py:kalman_homography,
D,1,3189
S,4,3189,PREDICTION,src/tracking/advanced_tracker.py:id_merge,
D,5,3189
S,7,3189,PREDICTION,src/tracking/advanced_tracker.py:id_merge,
L,0,3189,CLAMP,src/tracking/advanced_tracker.py:_activate_slot,3189_238_371_412_466
R,CLAMP,CLAMP,0
L,2,3189,DETECTION,src/tracking/advanced_tracker.py:_activate_slot,3189_206_723_399_835
R,CLAMP,CLAMP,0
L,3,3189,DETECTION,src/tracking/advanced_tracker.py:_activate_slot,3189_553_192_675_295
R,CLAMP,CLAMP,0
L,4,3189,PREDICTION,src/tracking/advanced_tracker.py:id_merge,
R,CLAMP,CLAMP,0
L,6,3189,PREDICTION,src/tracking/advanced_tracker.py:kalman_homography,
R,CLAMP,CLAMP,0
L,7,3189,PREDICTION,src/tracking/advanced_tracker.py:id_merge,
R,CLAMP,CLAMP,0
L,8,3189,DETECTION,src/tracking/advanced_tracker.py:_activate_slot,3189_555_9_675_94
R,DETECTION,SUBPIXEL,0
L,9,3189,DETECTION,src/tracking/advanced_tracker.py:_activate_slot,3189_351_937_532_1030
R,DETECTION,DETECTION,1
A,3189
S,0,3195,CLAMP,src/tracking/advanced_tracker.py:_activate_slot,3195_234_373_412_470
S,3,3195,DETECTION,src/tracking/advanced_tracker.py:_activate_slot,3195_553_192_674_294
S,4,3195,DETECTION,src/tracking/advanced_tracker.py:_activate_slot,3195_144_587_305_660
S,2,3195,DETECTION,src/tracking/advanced_tracker.py:_activate_slot,3195_206_730_396_838
S,7,3195,DETECTION,src/tracking/advanced_tracker.py:_activate_slot,3195_290_799_485_888
S,8,3195,DETECTION,src/tracking/advanced_tracker.py:_activate_slot,3195_556_9_674_94
S,9,3195,DETECTION,src/tracking/advanced_tracker.py:_activate_slot,3195_350_934_537_1028
S,1,3195,PREDICTION,src/tracking/advanced_tracker.py:kalman_homography,
S,5,3195,PREDICTION,src/tracking/advanced_tracker.py:kalman_homography,
S,6,3195,PREDICTION,src/tracking/advanced_tracker.py:kalman_homography,
D,1,3195
S,4,3195,PREDICTION,src/tracking/advanced_tracker.py:id_merge,
D,5,3195
S,7,3195,PREDICTION,src/tracking/advanced_tracker.py:id_merge,
L,0,3195,CLAMP,src/tracking/advanced_tracker.py:_activate_slot,3195_234_373_412_470
R,CLAMP,CLAMP,0
L,2,3195,DETECTION,src/tracking/advanced_tracker.py:_activate_slot,3195_206_730_396_838
R,CLAMP,CLAMP,0
L,3,3195,DETECTION,src/tracking/advanced_tracker.py:_activate_slot,3195_553_192_674_294
R,CLAMP,CLAMP,0
L,4,3195,PREDICTION,src/tracking/advanced_tracker.py:id_merge,
R,CLAMP,CLAMP,0
L,6,3195,PREDICTION,src/tracking/advanced_tracker.py:kalman_homography,
R,CLAMP,CLAMP,0
L,7,3195,PREDICTION,src/tracking/advanced_tracker.py:id_merge,
R,CLAMP,CLAMP,0
L,8,3195,DETECTION,src/tracking/advanced_tracker.py:_activate_slot,3195_556_9_674_94
R,DETECTION,DETECTION,1
L,9,3195,DETECTION,src/tracking/advanced_tracker.py:_activate_slot,3195_350_934_537_1028
R,DETECTION,DETECTION,1
A,3195
S,0,3201,CLAMP,src/tracking/advanced_tracker.py:_activate_slot,3201_233_373_411_470
S,3,3201,DETECTION,src/tracking/advanced_tracker.py:_activate_slot,3201_553_192_675_295
S,4,3201,DETECTION,src/tracking/advanced_tracker.py:_activate_slot,3201_146_587_304_661
S,2,3201,DETECTION,src/tracking/advanced_tracker.py:_activate_slot,3201_206_730_396_840
S,7,3201,DETECTION,src/tracking/advanced_tracker.py:_activate_slot,3201_290_798_484_887
S,8,3201,DETECTION,src/tracking/advanced_tracker.py:_activate_slot,3201_556_10_674_95
S,9,3201,DETECTION,src/tracking/advanced_tracker.py:_activate_slot,3201_351_934_540_1028
S,1,3201,PREDICTION,src/tracking/advanced_tracker.py:kalman_homography,
S,5,3201,PREDICTION,src/tracking/advanced_tracker.py:kalman_homography,
S,6,3201,PREDICTION,src/tracking/advanced_tracker.py:kalman_homography,
D,1,3201
S,4,3201,PREDICTION,src/tracking/advanced_tracker.py:id_merge,
L,0,3201,CLAMP,src/tracking/advanced_tracker.py:_activate_slot,3201_233_373_411_470
R,CLAMP,CLAMP,0
L,2,3201,DETECTION,src/tracking/advanced_tracker.py:_activate_slot,3201_206_730_396_840
R,CLAMP,CLAMP,0
L,3,3201,DETECTION,src/tracking/advanced_tracker.py:_activate_slot,3201_553_192_675_295
R,CLAMP,CLAMP,0
L,4,3201,PREDICTION,src/tracking/advanced_tracker.py:id_merge,
R,CLAMP,CLAMP,0
L,5,3201,PREDICTION,src/tracking/advanced_tracker.py:kalman_homography,
R,CLAMP,CLAMP,0
L,6,3201,PREDICTION,src/tracking/advanced_tracker.py:kalman_homography,
R,CLAMP,CLAMP,0
L,7,3201,DETECTION,src/tracking/advanced_tracker.py:_activate_slot,3201_290_798_484_887
R,CLAMP,CLAMP,0
L,8,3201,DETECTION,src/tracking/advanced_tracker.py:_activate_slot,3201_556_10_674_95
R,DETECTION,DETECTION,1
L,9,3201,DETECTION,src/tracking/advanced_tracker.py:_activate_slot,3201_351_934_540_1028
R,DETECTION,DETECTION,1
A,3201
S,0,3207,CLAMP,src/tracking/advanced_tracker.py:_activate_slot,3207_233_373_413_470
S,2,3207,DETECTION,src/tracking/advanced_tracker.py:_activate_slot,3207_290_798_484_887
S,3,3207,DETECTION,src/tracking/advanced_tracker.py:_activate_slot,3207_553_192_675_295
S,4,3207,DETECTION,src/tracking/advanced_tracker.py:_activate_slot,3207_146_587_304_661
S,7,3207,DETECTION,src/tracking/advanced_tracker.py:_activate_slot,3207_97_-6_301_85
S,8,3207,DETECTION,src/tracking/advanced_tracker.py:_activate_slot,3207_556_10_674_95
S,9,3207,DETECTION,src/tracking/advanced_tracker.py:_activate_slot,3207_351_934_539_1028
S,10,3207,DETECTION,src/tracking/advanced_tracker.py:_activate_slot,3207_591_777_675_867
S,1,3207,PREDICTION,src/tracking/advanced_tracker.py:kalman_homography,
S,6,3207,PREDICTION,src/tracking/advanced_tracker.py:kalman_homography,
S,5,3207,PREDICTION,src/tracking/advanced_tracker.py:flow_gapfill_batched,
D,1,3207
S,4,3207,PREDICTION,src/tracking/advanced_tracker.py:id_merge,
L,0,3207,CLAMP,src/tracking/advanced_tracker.py:_activate_slot,3207_233_373_413_470
R,CLAMP,CLAMP,0
L,2,3207,DETECTION,src/tracking/advanced_tracker.py:_activate_slot,3207_290_798_484_887
R,CLAMP,CLAMP,0
L,3,3207,DETECTION,src/tracking/advanced_tracker.py:_activate_slot,3207_553_192_675_295
R,CLAMP,CLAMP,0
L,4,3207,PREDICTION,src/tracking/advanced_tracker.py:id_merge,
R,CLAMP,CLAMP,0
L,5,3207,PREDICTION,src/tracking/advanced_tracker.py:flow_gapfill_batched,
R,CLAMP,CLAMP,0
L,6,3207,PREDICTION,src/tracking/advanced_tracker.py:kalman_homography,
R,CLAMP,CLAMP,0
L,7,3207,DETECTION,src/tracking/advanced_tracker.py:_activate_slot,3207_97_-6_301_85
R,CLAMP,CLAMP,0
L,8,3207,DETECTION,src/tracking/advanced_tracker.py:_activate_slot,3207_556_10_674_95
R,DETECTION,SUBPIXEL,0
L,9,3207,DETECTION,src/tracking/advanced_tracker.py:_activate_slot,3207_351_934_539_1028
R,DETECTION,DETECTION,1
A,3207
S,0,3213,CLAMP,src/tracking/advanced_tracker.py:_activate_slot,3213_233_374_412_470
S,2,3213,DETECTION,src/tracking/advanced_tracker.py:_activate_slot,3213_146_586_303_661
S,3,3213,DETECTION,src/tracking/advanced_tracker.py:_activate_slot,3213_553_193_675_295
S,4,3213,DETECTION,src/tracking/advanced_tracker.py:_activate_slot,3213_216_212_409_316
S,8,3213,DETECTION,src/tracking/advanced_tracker.py:_activate_slot,3213_556_10_674_95
S,9,3213,DETECTION,src/tracking/advanced_tracker.py:_activate_slot,3213_351_933_539_1028
S,1,3213,PREDICTION,src/tracking/advanced_tracker.py:kalman_homography,
S,6,3213,PREDICTION,src/tracking/advanced_tracker.py:flow_gapfill_batched,
S,7,3213,PREDICTION,src/tracking/advanced_tracker.py:flow_gapfill_batched,
D,1,3213
S,2,3213,PREDICTION,src/tracking/advanced_tracker.py:id_merge,
L,0,3213,CLAMP,src/tracking/advanced_tracker.py:_activate_slot,3213_233_374_412_470
R,CLAMP,CLAMP,0
L,2,3213,PREDICTION,src/tracking/advanced_tracker.py:id_merge,
R,CLAMP,CLAMP,0
L,3,3213,DETECTION,src/tracking/advanced_tracker.py:_activate_slot,3213_553_193_675_295
R,CLAMP,CLAMP,0
L,4,3213,DETECTION,src/tracking/advanced_tracker.py:_activate_slot,3213_216_212_409_316
R,CLAMP,CLAMP,0
L,6,3213,PREDICTION,src/tracking/advanced_tracker.py:flow_gapfill_batched,
R,CLAMP,CLAMP,0
L,7,3213,PREDICTION,src/tracking/advanced_tracker.py:flow_gapfill_batched,
R,CLAMP,CLAMP,0
L,8,3213,DETECTION,src/tracking/advanced_tracker.py:_activate_slot,3213_556_10_674_95
R,DETECTION,SUBPIXEL,0
L,9,3213,DETECTION,src/tracking/advanced_tracker.py:_activate_slot,3213_351_933_539_1028
R,DETECTION,DETECTION,1
A,3213
S,0,3219,CLAMP,src/tracking/advanced_tracker.py:_activate_slot,3219_233_374_411_471
S,2,3219,DETECTION,src/tracking/advanced_tracker.py:_activate_slot,3219_146_586_303_661
S,3,3219,DETECTION,src/tracking/advanced_tracker.py:_activate_slot,3219_554_193_675_295
S,4,3219,DETECTION,src/tracking/advanced_tracker.py:_activate_slot,3219_216_211_408_316
S,8,3219,DETECTION,src/tracking/advanced_tracker.py:_activate_slot,3219_556_10_674_95
S,9,3219,DETECTION,src/tracking/advanced_tracker.py:_activate_slot,3219_351_934_539_1028
S,1,3219,PREDICTION,src/tracking/advanced_tracker.py:flow_gapfill_batched,
S,7,3219,PREDICTION,src/tracking/advanced_tracker.py:flow_gapfill_batched,
D,1,3219
S,2,3219,PREDICTION,src/tracking/advanced_tracker.py:id_merge,
L,0,3219,CLAMP,src/tracking/advanced_tracker.py:_activate_slot,3219_233_374_411_471
R,CLAMP,CLAMP,0
L,2,3219,PREDICTION,src/tracking/advanced_tracker.py:id_merge,
R,CLAMP,CLAMP,0
L,3,3219,DETECTION,src/tracking/advanced_tracker.py:_activate_slot,3219_554_193_675_295
R,CLAMP,CLAMP,0
L,4,3219,DETECTION,src/tracking/advanced_tracker.py:_activate_slot,3219_216_211_408_316
R,CLAMP,CLAMP,0
L,7,3219,PREDICTION,src/tracking/advanced_tracker.py:flow_gapfill_batched,
R,CLAMP,CLAMP,0
L,8,3219,DETECTION,src/tracking/advanced_tracker.py:_activate_slot,3219_556_10_674_95
R,DETECTION,SUBPIXEL,0
L,9,3219,DETECTION,src/tracking/advanced_tracker.py:_activate_slot,3219_351_934_539_1028
R,DETECTION,DETECTION,1
A,3219
S,0,3225,CLAMP,src/tracking/advanced_tracker.py:_activate_slot,3225_233_374_412_471
S,1,3225,DETECTION,src/tracking/advanced_tracker.py:_activate_slot,3225_146_587_303_662
S,3,3225,DETECTION,src/tracking/advanced_tracker.py:_activate_slot,3225_553_193_675_295
S,8,3225,DETECTION,src/tracking/advanced_tracker.py:_activate_slot,3225_556_10_674_95
S,9,3225,DETECTION,src/tracking/advanced_tracker.py:_activate_slot,3225_351_933_539_1028
S,2,3225,PREDICTION,src/tracking/advanced_tracker.py:kalman_homography,
S,4,3225,PREDICTION,src/tracking/advanced_tracker.py:kalman_homography,
S,7,3225,PREDICTION,src/tracking/advanced_tracker.py:flow_gapfill_batched,
D,2,3225
S,1,3225,PREDICTION,src/tracking/advanced_tracker.py:id_merge,
L,0,3225,CLAMP,src/tracking/advanced_tracker.py:_activate_slot,3225_233_374_412_471
R,CLAMP,CLAMP,0
L,1,3225,PREDICTION,src/tracking/advanced_tracker.py:id_merge,
R,CLAMP,CLAMP,0
L,3,3225,DETECTION,src/tracking/advanced_tracker.py:_activate_slot,3225_553_193_675_295
R,CLAMP,CLAMP,0
L,4,3225,PREDICTION,src/tracking/advanced_tracker.py:kalman_homography,
R,CLAMP,CLAMP,0
L,7,3225,PREDICTION,src/tracking/advanced_tracker.py:flow_gapfill_batched,
R,CLAMP,CLAMP,0
L,8,3225,DETECTION,src/tracking/advanced_tracker.py:_activate_slot,3225_556_10_674_95
R,DETECTION,SUBPIXEL,0
L,9,3225,DETECTION,src/tracking/advanced_tracker.py:_activate_slot,3225_351_933_539_1028
R,DETECTION,DETECTION,1
A,3225
S,0,3231,CLAMP,src/tracking/advanced_tracker.py:_activate_slot,3231_233_374_412_471
S,1,3231,DETECTION,src/tracking/advanced_tracker.py:_activate_slot,3231_147_587_303_662
S,3,3231,DETECTION,src/tracking/advanced_tracker.py:_activate_slot,3231_554_193_675_295
S,8,3231,DETECTION,src/tracking/advanced_tracker.py:_activate_slot,3231_556_10_674_95
S,9,3231,DETECTION,src/tracking/advanced_tracker.py:_activate_slot,3231_351_933_539_1028
S,2,3231,PREDICTION,src/tracking/advanced_tracker.py:kalman_homography,
S,4,3231,PREDICTION,src/tracking/advanced_tracker.py:kalman_homography,
S,7,3231,PREDICTION,src/tracking/advanced_tracker.py:flow_gapfill_batched,
D,2,3231
S,1,3231,PREDICTION,src/tracking/advanced_tracker.py:id_merge,
L,0,3231,CLAMP,src/tracking/advanced_tracker.py:_activate_slot,3231_233_374_412_471
R,CLAMP,CLAMP,0
L,1,3231,PREDICTION,src/tracking/advanced_tracker.py:id_merge,
R,CLAMP,CLAMP,0
L,3,3231,DETECTION,src/tracking/advanced_tracker.py:_activate_slot,3231_554_193_675_295
R,CLAMP,CLAMP,0
L,4,3231,PREDICTION,src/tracking/advanced_tracker.py:kalman_homography,
R,CLAMP,CLAMP,0
L,7,3231,PREDICTION,src/tracking/advanced_tracker.py:flow_gapfill_batched,
R,CLAMP,CLAMP,0
L,8,3231,DETECTION,src/tracking/advanced_tracker.py:_activate_slot,3231_556_10_674_95
R,DETECTION,SUBPIXEL,0
L,9,3231,DETECTION,src/tracking/advanced_tracker.py:_activate_slot,3231_351_933_539_1028
R,DETECTION,SUBPIXEL,0
A,3231
S,0,3237,CLAMP,src/tracking/advanced_tracker.py:_activate_slot,3237_233_373_412_470
S,1,3237,DETECTION,src/tracking/advanced_tracker.py:_activate_slot,3237_147_587_304_662
S,3,3237,DETECTION,src/tracking/advanced_tracker.py:_activate_slot,3237_554_193_675_295
S,8,3237,DETECTION,src/tracking/advanced_tracker.py:_activate_slot,3237_556_10_674_95
S,9,3237,DETECTION,src/tracking/advanced_tracker.py:_activate_slot,3237_351_933_539_1028
S,2,3237,PREDICTION,src/tracking/advanced_tracker.py:kalman_homography,
S,4,3237,PREDICTION,src/tracking/advanced_tracker.py:flow_gapfill_batched,
S,7,3237,PREDICTION,src/tracking/advanced_tracker.py:flow_gapfill_batched,
L,0,3237,CLAMP,src/tracking/advanced_tracker.py:_activate_slot,3237_233_373_412_470
R,CLAMP,CLAMP,0
L,1,3237,DETECTION,src/tracking/advanced_tracker.py:_activate_slot,3237_147_587_304_662
R,CLAMP,CLAMP,0
L,2,3237,PREDICTION,src/tracking/advanced_tracker.py:kalman_homography,
R,CLAMP,CLAMP,0
L,3,3237,DETECTION,src/tracking/advanced_tracker.py:_activate_slot,3237_554_193_675_295
R,CLAMP,CLAMP,0
L,4,3237,PREDICTION,src/tracking/advanced_tracker.py:flow_gapfill_batched,
R,CLAMP,CLAMP,0
L,7,3237,PREDICTION,src/tracking/advanced_tracker.py:flow_gapfill_batched,
R,CLAMP,CLAMP,0
L,8,3237,DETECTION,src/tracking/advanced_tracker.py:_activate_slot,3237_556_10_674_95
R,DETECTION,SUBPIXEL,0
L,9,3237,DETECTION,src/tracking/advanced_tracker.py:_activate_slot,3237_351_933_539_1028
R,DETECTION,SUBPIXEL,0
A,3237
S,0,3243,CLAMP,src/tracking/advanced_tracker.py:_activate_slot,3243_233_373_412_470
S,1,3243,DETECTION,src/tracking/advanced_tracker.py:_activate_slot,3243_147_587_304_662
S,3,3243,DETECTION,src/tracking/advanced_tracker.py:_activate_slot,3243_554_193_675_295
S,8,3243,DETECTION,src/tracking/advanced_tracker.py:_activate_slot,3243_556_10_674_95
S,9,3243,DETECTION,src/tracking/advanced_tracker.py:_activate_slot,3243_351_933_539_1028
S,2,3243,PREDICTION,src/tracking/advanced_tracker.py:kalman_homography,
S,4,3243,PREDICTION,src/tracking/advanced_tracker.py:flow_gapfill_batched,
S,7,3243,PREDICTION,src/tracking/advanced_tracker.py:flow_gapfill_batched,
S,10,3243,PREDICTION,src/tracking/advanced_tracker.py:flow_gapfill_batched,
L,0,3243,CLAMP,src/tracking/advanced_tracker.py:_activate_slot,3243_233_373_412_470
R,CLAMP,CLAMP,0
L,1,3243,DETECTION,src/tracking/advanced_tracker.py:_activate_slot,3243_147_587_304_662
R,CLAMP,CLAMP,0
L,2,3243,PREDICTION,src/tracking/advanced_tracker.py:kalman_homography,
R,CLAMP,CLAMP,0
L,3,3243,DETECTION,src/tracking/advanced_tracker.py:_activate_slot,3243_554_193_675_295
R,CLAMP,CLAMP,0
L,4,3243,PREDICTION,src/tracking/advanced_tracker.py:flow_gapfill_batched,
R,CLAMP,CLAMP,0
L,7,3243,PREDICTION,src/tracking/advanced_tracker.py:flow_gapfill_batched,
R,CLAMP,CLAMP,0
L,8,3243,DETECTION,src/tracking/advanced_tracker.py:_activate_slot,3243_556_10_674_95
R,DETECTION,SUBPIXEL,0
L,9,3243,DETECTION,src/tracking/advanced_tracker.py:_activate_slot,3243_351_933_539_1028
R,DETECTION,SUBPIXEL,0
A,3243
S,0,3249,CLAMP,src/tracking/advanced_tracker.py:_activate_slot,3249_233_373_412_470
S,1,3249,DETECTION,src/tracking/advanced_tracker.py:_activate_slot,3249_147_587_304_662
S,3,3249,DETECTION,src/tracking/advanced_tracker.py:_activate_slot,3249_554_193_675_295
S,8,3249,DETECTION,src/tracking/advanced_tracker.py:_activate_slot,3249_556_10_674_95
S,9,3249,DETECTION,src/tracking/advanced_tracker.py:_activate_slot,3249_351_933_538_1028
S,5,3249,DETECTION,src/tracking/advanced_tracker.py:_activate_slot,3249_97_-5_296_85
S,2,3249,PREDICTION,src/tracking/advanced_tracker.py:kalman_homography,
S,4,3249,PREDICTION,src/tracking/advanced_tracker.py:flow_gapfill_batched,
S,7,3249,PREDICTION,src/tracking/advanced_tracker.py:flow_gapfill_batched,
S,10,3249,PREDICTION,src/tracking/advanced_tracker.py:flow_gapfill_batched,
D,7,3249
S,5,3249,PREDICTION,src/tracking/advanced_tracker.py:id_merge,
L,0,3249,CLAMP,src/tracking/advanced_tracker.py:_activate_slot,3249_233_373_412_470
R,CLAMP,CLAMP,0
L,1,3249,DETECTION,src/tracking/advanced_tracker.py:_activate_slot,3249_147_587_304_662
R,CLAMP,CLAMP,0
L,2,3249,PREDICTION,src/tracking/advanced_tracker.py:kalman_homography,
R,CLAMP,CLAMP,0
L,3,3249,DETECTION,src/tracking/advanced_tracker.py:_activate_slot,3249_554_193_675_295
R,CLAMP,CLAMP,0
L,4,3249,PREDICTION,src/tracking/advanced_tracker.py:flow_gapfill_batched,
R,CLAMP,CLAMP,0
L,5,3249,PREDICTION,src/tracking/advanced_tracker.py:id_merge,
R,CLAMP,CLAMP,0
L,8,3249,DETECTION,src/tracking/advanced_tracker.py:_activate_slot,3249_556_10_674_95
R,DETECTION,SUBPIXEL,0
L,9,3249,DETECTION,src/tracking/advanced_tracker.py:_activate_slot,3249_351_933_538_1028
R,DETECTION,DETECTION,1
A,3249
S,0,3255,CLAMP,src/tracking/advanced_tracker.py:_activate_slot,3255_233_373_411_471
S,1,3255,DETECTION,src/tracking/advanced_tracker.py:_activate_slot,3255_147_587_304_662
S,3,3255,DETECTION,src/tracking/advanced_tracker.py:_activate_slot,3255_554_193_675_295
S,8,3255,DETECTION,src/tracking/advanced_tracker.py:_activate_slot,3255_556_9_674_95
S,9,3255,DETECTION,src/tracking/advanced_tracker.py:_activate_slot,3255_351_934_538_1028
S,5,3255,DETECTION,src/tracking/advanced_tracker.py:_activate_slot,3255_97_-5_300_85
S,6,3255,DETECTION,src/tracking/advanced_tracker.py:_activate_slot,3255_291_798_482_887
S,2,3255,PREDICTION,src/tracking/advanced_tracker.py:kalman_homography,
S,4,3255,PREDICTION,src/tracking/advanced_tracker.py:flow_gapfill_batched,
S,7,3255,PREDICTION,src/tracking/advanced_tracker.py:flow_gapfill_batched,
S,10,3255,PREDICTION,src/tracking/advanced_tracker.py:flow_gapfill_batched,
D,7,3255
S,5,3255,PREDICTION,src/tracking/advanced_tracker.py:id_merge,
L,0,3255,CLAMP,src/tracking/advanced_tracker.py:_activate_slot,3255_233_373_411_471
R,CLAMP,CLAMP,0
L,1,3255,DETECTION,src/tracking/advanced_tracker.py:_activate_slot,3255_147_587_304_662
R,CLAMP,CLAMP,0
L,2,3255,PREDICTION,src/tracking/advanced_tracker.py:kalman_homography,
R,CLAMP,CLAMP,0
L,3,3255,DETECTION,src/tracking/advanced_tracker.py:_activate_slot,3255_554_193_675_295
R,CLAMP,CLAMP,0
L,4,3255,PREDICTION,src/tracking/advanced_tracker.py:flow_gapfill_batched,
R,CLAMP,CLAMP,0
L,5,3255,PREDICTION,src/tracking/advanced_tracker.py:id_merge,
R,CLAMP,CLAMP,0
L,6,3255,DETECTION,src/tracking/advanced_tracker.py:_activate_slot,3255_291_798_482_887
R,CLAMP,CLAMP,0
L,8,3255,DETECTION,src/tracking/advanced_tracker.py:_activate_slot,3255_556_9_674_95
R,DETECTION,SUBPIXEL,0
L,9,3255,DETECTION,src/tracking/advanced_tracker.py:_activate_slot,3255_351_934_538_1028
R,DETECTION,DETECTION,1
A,3255
S,0,3261,CLAMP,src/tracking/advanced_tracker.py:_activate_slot,3261_233_373_411_471
S,1,3261,DETECTION,src/tracking/advanced_tracker.py:_activate_slot,3261_147_588_304_662
S,3,3261,DETECTION,src/tracking/advanced_tracker.py:_activate_slot,3261_554_193_675_295
S,5,3261,DETECTION,src/tracking/advanced_tracker.py:_activate_slot,3261_291_798_482_887
S,8,3261,DETECTION,src/tracking/advanced_tracker.py:_activate_slot,3261_556_10_674_95
S,9,3261,DETECTION,src/tracking/advanced_tracker.py:_activate_slot,3261_352_934_539_1028
S,2,3261,PREDICTION,src/tracking/advanced_tracker.py:kalman_homography,
S,6,3261,PREDICTION,src/tracking/advanced_tracker.py:kalman_homography,
S,4,3261,PREDICTION,src/tracking/advanced_tracker.py:flow_gapfill_batched,
D,6,3261
S,5,3261,PREDICTION,src/tracking/advanced_tracker.py:id_merge,
L,0,3261,CLAMP,src/tracking/advanced_tracker.py:_activate_slot,3261_233_373_411_471
R,CLAMP,CLAMP,0
L,1,3261,DETECTION,src/tracking/advanced_tracker.py:_activate_slot,3261_147_588_304_662
R,CLAMP,CLAMP,0
L,2,3261,PREDICTION,src/tracking/advanced_tracker.py:kalman_homography,
R,CLAMP,CLAMP,0
L,3,3261,DETECTION,src/tracking/advanced_tracker.py:_activate_slot,3261_554_193_675_295
R,CLAMP,CLAMP,0
L,4,3261,PREDICTION,src/tracking/advanced_tracker.py:flow_gapfill_batched,
R,CLAMP,CLAMP,0
L,5,3261,PREDICTION,src/tracking/advanced_tracker.py:id_merge,
R,CLAMP,CLAMP,0
L,8,3261,DETECTION,src/tracking/advanced_tracker.py:_activate_slot,3261_556_10_674_95
R,DETECTION,SUBPIXEL,0
L,9,3261,DETECTION,src/tracking/advanced_tracker.py:_activate_slot,3261_352_934_539_1028
R,DETECTION,DETECTION,1
A,3261
S,0,3267,CLAMP,src/tracking/advanced_tracker.py:_activate_slot,3267_233_373_411_471
S,1,3267,DETECTION,src/tracking/advanced_tracker.py:_activate_slot,3267_147_588_304_662
S,2,3267,DETECTION,src/tracking/advanced_tracker.py:_activate_slot,3267_215_209_407_316
S,3,3267,DETECTION,src/tracking/advanced_tracker.py:_activate_slot,3267_554_193_675_295
S,4,3267,DETECTION,src/tracking/advanced_tracker.py:_activate_slot,3267_292_799_482_887
S,8,3267,DETECTION,src/tracking/advanced_tracker.py:_activate_slot,3267_556_10_674_95
S,9,3267,DETECTION,src/tracking/advanced_tracker.py:_activate_slot,3267_352_934_539_1028
S,6,3267,PREDICTION,src/tracking/advanced_tracker.py:kalman_homography,
S,5,3267,PREDICTION,src/tracking/advanced_tracker.py:flow_gapfill_batched,
D,6,3267
S,5,3267,PREDICTION,src/tracking/advanced_tracker.py:id_merge,
L,0,3267,CLAMP,src/tracking/advanced_tracker.py:_activate_slot,3267_233_373_411_471
R,CLAMP,CLAMP,0
L,1,3267,DETECTION,src/tracking/advanced_tracker.py:_activate_slot,3267_147_588_304_662
R,CLAMP,CLAMP,0
L,2,3267,DETECTION,src/tracking/advanced_tracker.py:_activate_slot,3267_215_209_407_316
R,CLAMP,CLAMP,0
L,3,3267,DETECTION,src/tracking/advanced_tracker.py:_activate_slot,3267_554_193_675_295
R,CLAMP,CLAMP,0
L,4,3267,DETECTION,src/tracking/advanced_tracker.py:_activate_slot,3267_292_799_482_887
R,CLAMP,CLAMP,0
L,5,3267,PREDICTION,src/tracking/advanced_tracker.py:id_merge,
R,CLAMP,CLAMP,0
L,8,3267,DETECTION,src/tracking/advanced_tracker.py:_activate_slot,3267_556_10_674_95
R,DETECTION,SUBPIXEL,0
L,9,3267,DETECTION,src/tracking/advanced_tracker.py:_activate_slot,3267_352_934_539_1028
R,DETECTION,SUBPIXEL,0
A,3267
S,0,3273,CLAMP,src/tracking/advanced_tracker.py:_activate_slot,3273_233_373_411_471
S,1,3273,DETECTION,src/tracking/advanced_tracker.py:_activate_slot,3273_147_587_304_662
S,2,3273,DETECTION,src/tracking/advanced_tracker.py:_activate_slot,3273_215_210_407_316
S,3,3273,DETECTION,src/tracking/advanced_tracker.py:_activate_slot,3273_554_193_675_295
S,4,3273,DETECTION,src/tracking/advanced_tracker.py:_activate_slot,3273_128_140_251_212
S,5,3273,DETECTION,src/tracking/advanced_tracker.py:_activate_slot,3273_291_799_482_887
S,8,3273,DETECTION,src/tracking/advanced_tracker.py:_activate_slot,3273_556_10_674_95
S,9,3273,DETECTION,src/tracking/advanced_tracker.py:_activate_slot,3273_351_934_538_1028
S,6,3273,PREDICTION,src/tracking/advanced_tracker.py:kalman_homography,
D,6,3273
S,5,3273,PREDICTION,src/tracking/advanced_tracker.py:id_merge,
L,0,3273,CLAMP,src/tracking/advanced_tracker.py:_activate_slot,3273_233_373_411_471
R,CLAMP,CLAMP,0
L,1,3273,DETECTION,src/tracking/advanced_tracker.py:_activate_slot,3273_147_587_304_662
R,CLAMP,CLAMP,0
L,2,3273,DETECTION,src/tracking/advanced_tracker.py:_activate_slot,3273_215_210_407_316
R,CLAMP,CLAMP,0
L,3,3273,DETECTION,src/tracking/advanced_tracker.py:_activate_slot,3273_554_193_675_295
R,CLAMP,CLAMP,0
L,4,3273,DETECTION,src/tracking/advanced_tracker.py:_activate_slot,3273_128_140_251_212
R,CLAMP,CLAMP,0
L,5,3273,PREDICTION,src/tracking/advanced_tracker.py:id_merge,
R,CLAMP,CLAMP,0
L,8,3273,DETECTION,src/tracking/advanced_tracker.py:_activate_slot,3273_556_10_674_95
R,DETECTION,SUBPIXEL,0
L,9,3273,DETECTION,src/tracking/advanced_tracker.py:_activate_slot,3273_351_934_538_1028
R,DETECTION,DETECTION,1
A,3273
S,0,3279,CLAMP,src/tracking/advanced_tracker.py:_activate_slot,3279_233_373_411_471
S,1,3279,DETECTION,src/tracking/advanced_tracker.py:_activate_slot,3279_147_587_304_662
S,2,3279,DETECTION,src/tracking/advanced_tracker.py:_activate_slot,3279_215_209_408_316
S,3,3279,DETECTION,src/tracking/advanced_tracker.py:_activate_slot,3279_554_193_675_295
S,4,3279,DETECTION,src/tracking/advanced_tracker.py:_activate_slot,3279_128_140_251_212
S,5,3279,DETECTION,src/tracking/advanced_tracker.py:_activate_slot,3279_291_799_482_887
S,8,3279,DETECTION,src/tracking/advanced_tracker.py:_activate_slot,3279_556_9_674_95
S,9,3279,DETECTION,src/tracking/advanced_tracker.py:_activate_slot,3279_352_934_539_1028
S,6,3279,PREDICTION,src/tracking/advanced_tracker.py:kalman_homography,
D,6,3279
S,5,3279,PREDICTION,src/tracking/advanced_tracker.py:id_merge,
L,0,3279,CLAMP,src/tracking/advanced_tracker.py:_activate_slot,3279_233_373_411_471
R,CLAMP,CLAMP,0
L,1,3279,DETECTION,src/tracking/advanced_tracker.py:_activate_slot,3279_147_587_304_662
R,CLAMP,CLAMP,0
L,2,3279,DETECTION,src/tracking/advanced_tracker.py:_activate_slot,3279_215_209_408_316
R,CLAMP,CLAMP,0
L,3,3279,DETECTION,src/tracking/advanced_tracker.py:_activate_slot,3279_554_193_675_295
R,CLAMP,CLAMP,0
L,4,3279,DETECTION,src/tracking/advanced_tracker.py:_activate_slot,3279_128_140_251_212
R,CLAMP,CLAMP,0
L,5,3279,PREDICTION,src/tracking/advanced_tracker.py:id_merge,
R,CLAMP,CLAMP,0
L,8,3279,DETECTION,src/tracking/advanced_tracker.py:_activate_slot,3279_556_9_674_95
R,DETECTION,SUBPIXEL,0
L,9,3279,DETECTION,src/tracking/advanced_tracker.py:_activate_slot,3279_352_934_539_1028
R,DETECTION,DETECTION,1
A,3279
S,0,3285,CLAMP,src/tracking/advanced_tracker.py:_activate_slot,3285_233_373_411_471
S,1,3285,DETECTION,src/tracking/advanced_tracker.py:_activate_slot,3285_147_587_304_661
S,2,3285,DETECTION,src/tracking/advanced_tracker.py:_activate_slot,3285_215_209_407_316
S,3,3285,DETECTION,src/tracking/advanced_tracker.py:_activate_slot,3285_554_193_675_295
S,4,3285,DETECTION,src/tracking/advanced_tracker.py:_activate_slot,3285_128_140_251_212
S,5,3285,DETECTION,src/tracking/advanced_tracker.py:_activate_slot,3285_291_798_482_887
S,8,3285,DETECTION,src/tracking/advanced_tracker.py:_activate_slot,3285_556_9_674_95
S,9,3285,DETECTION,src/tracking/advanced_tracker.py:_activate_slot,3285_352_934_539_1028
S,6,3285,PREDICTION,src/tracking/advanced_tracker.py:kalman_homography,
D,6,3285
S,5,3285,PREDICTION,src/tracking/advanced_tracker.py:id_merge,
L,0,3285,CLAMP,src/tracking/advanced_tracker.py:_activate_slot,3285_233_373_411_471
R,CLAMP,CLAMP,0
L,1,3285,DETECTION,src/tracking/advanced_tracker.py:_activate_slot,3285_147_587_304_661
R,CLAMP,CLAMP,0
L,2,3285,DETECTION,src/tracking/advanced_tracker.py:_activate_slot,3285_215_209_407_316
R,CLAMP,CLAMP,0
L,3,3285,DETECTION,src/tracking/advanced_tracker.py:_activate_slot,3285_554_193_675_295
R,CLAMP,CLAMP,0
L,4,3285,DETECTION,src/tracking/advanced_tracker.py:_activate_slot,3285_128_140_251_212
R,CLAMP,CLAMP,0
L,5,3285,PREDICTION,src/tracking/advanced_tracker.py:id_merge,
R,CLAMP,CLAMP,0
L,8,3285,DETECTION,src/tracking/advanced_tracker.py:_activate_slot,3285_556_9_674_95
R,DETECTION,SUBPIXEL,0
L,9,3285,DETECTION,src/tracking/advanced_tracker.py:_activate_slot,3285_352_934_539_1028
R,DETECTION,SUBPIXEL,0
A,3285
S,0,3291,CLAMP,src/tracking/advanced_tracker.py:_activate_slot,3291_233_373_412_470
S,1,3291,DETECTION,src/tracking/advanced_tracker.py:_activate_slot,3291_146_587_304_662
S,2,3291,DETECTION,src/tracking/advanced_tracker.py:_activate_slot,3291_216_209_408_316
S,3,3291,DETECTION,src/tracking/advanced_tracker.py:_activate_slot,3291_554_193_675_295
S,4,3291,DETECTION,src/tracking/advanced_tracker.py:_activate_slot,3291_128_140_251_212
S,8,3291,DETECTION,src/tracking/advanced_tracker.py:_activate_slot,3291_556_9_674_95
S,9,3291,DETECTION,src/tracking/advanced_tracker.py:_activate_slot,3291_352_933_539_1028
S,5,3291,PREDICTION,src/tracking/advanced_tracker.py:kalman_homography,
S,6,3291,PREDICTION,src/tracking/advanced_tracker.py:kalman_homography,
D,6,3291
S,5,3291,PREDICTION,src/tracking/advanced_tracker.py:id_merge,
D,5,3291
S,9,3291,PREDICTION,src/tracking/advanced_tracker.py:id_merge,
L,0,3291,CLAMP,src/tracking/advanced_tracker.py:_activate_slot,3291_233_373_412_470
R,CLAMP,CLAMP,0
L,1,3291,DETECTION,src/tracking/advanced_tracker.py:_activate_slot,3291_146_587_304_662
R,CLAMP,CLAMP,0
L,2,3291,DETECTION,src/tracking/advanced_tracker.py:_activate_slot,3291_216_209_408_316
R,CLAMP,CLAMP,0
L,3,3291,DETECTION,src/tracking/advanced_tracker.py:_activate_slot,3291_554_193_675_295
R,CLAMP,CLAMP,0
L,4,3291,DETECTION,src/tracking/advanced_tracker.py:_activate_slot,3291_128_140_251_212
R,CLAMP,CLAMP,0
L,8,3291,DETECTION,src/tracking/advanced_tracker.py:_activate_slot,3291_556_9_674_95
R,DETECTION,SUBPIXEL,0
L,9,3291,PREDICTION,src/tracking/advanced_tracker.py:id_merge,
R,PREDICTION,PREDICTION,1
A,3291
S,0,3297,CLAMP,src/tracking/advanced_tracker.py:_activate_slot,3297_233_373_411_471
S,1,3297,DETECTION,src/tracking/advanced_tracker.py:_activate_slot,3297_147_586_304_662
S,2,3297,DETECTION,src/tracking/advanced_tracker.py:_activate_slot,3297_291_798_482_887
S,3,3297,DETECTION,src/tracking/advanced_tracker.py:_activate_slot,3297_554_193_675_295
S,4,3297,DETECTION,src/tracking/advanced_tracker.py:_activate_slot,3297_128_141_251_212
S,5,3297,DETECTION,src/tracking/advanced_tracker.py:_activate_slot,3297_215_211_408_316
S,8,3297,DETECTION,src/tracking/advanced_tracker.py:_activate_slot,3297_556_9_674_95
S,9,3297,DETECTION,src/tracking/advanced_tracker.py:_activate_slot,3297_351_934_539_1028
S,7,3297,DETECTION,src/tracking/advanced_tracker.py:_activate_slot,3297_97_-5_302_85
S,6,3297,PREDICTION,src/tracking/advanced_tracker.py:kalman_homography,
L,1,3297,DETECTION,src/tracking/advanced_tracker.py:_activate_slot,3297_147_586_304_662
R,CLAMP,CLAMP,0
L,2,3297,DETECTION,src/tracking/advanced_tracker.py:_activate_slot,3297_291_798_482_887
R,CLAMP,CLAMP,0
L,3,3297,DETECTION,src/tracking/advanced_tracker.py:_activate_slot,3297_554_193_675_295
R,CLAMP,CLAMP,0
L,4,3297,DETECTION,src/tracking/advanced_tracker.py:_activate_slot,3297_128_141_251_212
R,CLAMP,CLAMP,0
L,5,3297,DETECTION,src/tracking/advanced_tracker.py:_activate_slot,3297_215_211_408_316
R,CLAMP,CLAMP,0
L,6,3297,PREDICTION,src/tracking/advanced_tracker.py:kalman_homography,
R,PREDICTION,PREDICTION,1
L,7,3297,DETECTION,src/tracking/advanced_tracker.py:_activate_slot,3297_97_-5_302_85
R,CLAMP,CLAMP,0
L,8,3297,DETECTION,src/tracking/advanced_tracker.py:_activate_slot,3297_556_9_674_95
R,DETECTION,SUBPIXEL,0
L,9,3297,DETECTION,src/tracking/advanced_tracker.py:_activate_slot,3297_351_934_539_1028
R,DETECTION,DETECTION,1
A,3297
S,0,3303,DETECTION,src/tracking/advanced_tracker.py:_activate_slot,3303_234_374_412_471
S,1,3303,DETECTION,src/tracking/advanced_tracker.py:_activate_slot,3303_146_586_304_661
S,2,3303,DETECTION,src/tracking/advanced_tracker.py:_activate_slot,3303_214_211_409_316
S,3,3303,DETECTION,src/tracking/advanced_tracker.py:_activate_slot,3303_554_193_675_295
S,4,3303,DETECTION,src/tracking/advanced_tracker.py:_activate_slot,3303_128_141_251_212
S,5,3303,DETECTION,src/tracking/advanced_tracker.py:_activate_slot,3303_291_798_482_888
S,7,3303,DETECTION,src/tracking/advanced_tracker.py:_activate_slot,3303_97_-5_303_85
S,8,3303,DETECTION,src/tracking/advanced_tracker.py:_activate_slot,3303_556_9_674_95
S,9,3303,DETECTION,src/tracking/advanced_tracker.py:_activate_slot,3303_351_933_539_1028
S,6,3303,PREDICTION,src/tracking/advanced_tracker.py:flow_gapfill_batched,
D,6,3303
S,5,3303,PREDICTION,src/tracking/advanced_tracker.py:id_merge,
L,0,3303,DETECTION,src/tracking/advanced_tracker.py:_activate_slot,3303_234_374_412_471
R,CLAMP,CLAMP,0
L,1,3303,DETECTION,src/tracking/advanced_tracker.py:_activate_slot,3303_146_586_304_661
R,CLAMP,CLAMP,0
L,2,3303,DETECTION,src/tracking/advanced_tracker.py:_activate_slot,3303_214_211_409_316
R,CLAMP,CLAMP,0
L,3,3303,DETECTION,src/tracking/advanced_tracker.py:_activate_slot,3303_554_193_675_295
R,CLAMP,CLAMP,0
L,4,3303,DETECTION,src/tracking/advanced_tracker.py:_activate_slot,3303_128_141_251_212
R,CLAMP,CLAMP,0
L,5,3303,PREDICTION,src/tracking/advanced_tracker.py:id_merge,
R,CLAMP,CLAMP,0
L,7,3303,DETECTION,src/tracking/advanced_tracker.py:_activate_slot,3303_97_-5_303_85
R,CLAMP,CLAMP,0
L,8,3303,DETECTION,src/tracking/advanced_tracker.py:_activate_slot,3303_556_9_674_95
R,DETECTION,SUBPIXEL,0
L,9,3303,DETECTION,src/tracking/advanced_tracker.py:_activate_slot,3303_351_933_539_1028
R,DETECTION,DETECTION,1
A,3303
S,0,3309,DETECTION,src/tracking/advanced_tracker.py:_activate_slot,3309_234_373_412_470
S,1,3309,DETECTION,src/tracking/advanced_tracker.py:_activate_slot,3309_146_586_304_661
S,2,3309,DETECTION,src/tracking/advanced_tracker.py:_activate_slot,3309_214_213_407_316
S,3,3309,DETECTION,src/tracking/advanced_tracker.py:_activate_slot,3309_553_193_675_295
S,4,3309,DETECTION,src/tracking/advanced_tracker.py:_activate_slot,3309_291_798_482_887
S,8,3309,DETECTION,src/tracking/advanced_tracker.py:_activate_slot,3309_556_10_674_95
S,9,3309,DETECTION,src/tracking/advanced_tracker.py:_activate_slot,3309_351_933_538_1028
S,7,3309,DETECTION,src/tracking/advanced_tracker.py:_activate_slot,3309_98_0_305_86
S,5,3309,PREDICTION,src/tracking/advanced_tracker.py:kalman_homography,
L,0,3309,DETECTION,src/tracking/advanced_tracker.py:_activate_slot,3309_234_373_412_470
R,CLAMP,CLAMP,0
L,1,3309,DETECTION,src/tracking/advanced_tracker.py:_activate_slot,3309_146_586_304_661
R,CLAMP,CLAMP,0
L,2,3309,DETECTION,src/tracking/advanced_tracker.py:_activate_slot,3309_214_213_407_316
R,CLAMP,CLAMP,0
L,3,3309,DETECTION,src/tracking/advanced_tracker.py:_activate_slot,3309_553_193_675_295
R,CLAMP,CLAMP,0
L,4,3309,DETECTION,src/tracking/advanced_tracker.py:_activate_slot,3309_291_798_482_887
R,CLAMP,CLAMP,0
L,5,3309,PREDICTION,src/tracking/advanced_tracker.py:kalman_homography,
R,CLAMP,CLAMP,0
L,7,3309,DETECTION,src/tracking/advanced_tracker.py:_activate_slot,3309_98_0_305_86
R,CLAMP,CLAMP,0
L,8,3309,DETECTION,src/tracking/advanced_tracker.py:_activate_slot,3309_556_10_674_95
R,DETECTION,SUBPIXEL,0
L,9,3309,DETECTION,src/tracking/advanced_tracker.py:_activate_slot,3309_351_933_538_1028
R,DETECTION,DETECTION,1
A,3309
S,0,3315,DETECTION,src/tracking/advanced_tracker.py:_activate_slot,3315_234_373_413_470
S,1,3315,DETECTION,src/tracking/advanced_tracker.py:_activate_slot,3315_145_586_304_662
S,2,3315,DETECTION,src/tracking/advanced_tracker.py:_activate_slot,3315_215_214_407_315
S,3,3315,DETECTION,src/tracking/advanced_tracker.py:_activate_slot,3315_554_193_675_295
S,4,3315,DETECTION,src/tracking/advanced_tracker.py:_activate_slot,3315_291_799_483_887
S,8,3315,DETECTION,src/tracking/advanced_tracker.py:_activate_slot,3315_556_10_674_95
S,9,3315,DETECTION,src/tracking/advanced_tracker.py:_activate_slot,3315_351_933_539_1028
S,7,3315,DETECTION,src/tracking/advanced_tracker.py:_activate_slot,3315_97_-5_304_86
S,5,3315,PREDICTION,src/tracking/advanced_tracker.py:kalman_homography,
L,0,3315,DETECTION,src/tracking/advanced_tracker.py:_activate_slot,3315_234_373_413_470
R,CLAMP,CLAMP,0
L,1,3315,DETECTION,src/tracking/advanced_tracker.py:_activate_slot,3315_145_586_304_662
R,CLAMP,CLAMP,0
L,2,3315,DETECTION,src/tracking/advanced_tracker.py:_activate_slot,3315_215_214_407_315
R,CLAMP,CLAMP,0
L,3,3315,DETECTION,src/tracking/advanced_tracker.py:_activate_slot,3315_554_193_675_295
R,CLAMP,CLAMP,0
L,4,3315,DETECTION,src/tracking/advanced_tracker.py:_activate_slot,3315_291_799_483_887
R,CLAMP,CLAMP,0
L,5,3315,PREDICTION,src/tracking/advanced_tracker.py:kalman_homography,
R,CLAMP,CLAMP,0
L,7,3315,DETECTION,src/tracking/advanced_tracker.py:_activate_slot,3315_97_-5_304_86
R,CLAMP,CLAMP,0
L,8,3315,DETECTION,src/tracking/advanced_tracker.py:_activate_slot,3315_556_10_674_95
R,DETECTION,SUBPIXEL,0
L,9,3315,DETECTION,src/tracking/advanced_tracker.py:_activate_slot,3315_351_933_539_1028
R,DETECTION,DETECTION,1
A,3315
S,0,3321,DETECTION,src/tracking/advanced_tracker.py:_activate_slot,3321_230_379_410_473
S,1,3321,DETECTION,src/tracking/advanced_tracker.py:_activate_slot,3321_147_589_307_668
S,3,3321,DETECTION,src/tracking/advanced_tracker.py:_activate_slot,3321_554_192_675_295
S,4,3321,DETECTION,src/tracking/advanced_tracker.py:_activate_slot,3321_287_798_478_886
S,5,3321,DETECTION,src/tracking/advanced_tracker.py:_activate_slot,3321_215_219_405_317
S,8,3321,DETECTION,src/tracking/advanced_tracker.py:_activate_slot,3321_556_10_673_95
S,9,3321,DETECTION,src/tracking/advanced_tracker.py:_activate_slot,3321_351_930_540_1028
S,2,3321,PREDICTION,src/tracking/advanced_tracker.py:kalman_homography,
S,7,3321,PREDICTION,src/tracking/advanced_tracker.py:kalman_homography,
L,0,3321,DETECTION,src/tracking/advanced_tracker.py:_activate_slot,3321_230_379_410_473
R,CLAMP,CLAMP,0
L,1,3321,DETECTION,src/tracking/advanced_tracker.py:_activate_slot,3321_147_589_307_668
R,CLAMP,CLAMP,0
L,2,3321,PREDICTION,src/tracking/advanced_tracker.py:kalman_homography,
R,CLAMP,CLAMP,0
L,3,3321,DETECTION,src/tracking/advanced_tracker.py:_activate_slot,3321_554_192_675_295
R,CLAMP,CLAMP,0
L,4,3321,DETECTION,src/tracking/advanced_tracker.py:_activate_slot,3321_287_798_478_886
R,CLAMP,CLAMP,0
L,5,3321,DETECTION,src/tracking/advanced_tracker.py:_activate_slot,3321_215_219_405_317
R,CLAMP,CLAMP,0
L,7,3321,PREDICTION,src/tracking/advanced_tracker.py:kalman_homography,
R,CLAMP,CLAMP,0
L,8,3321,DETECTION,src/tracking/advanced_tracker.py:_activate_slot,3321_556_10_673_95
R,DETECTION,DETECTION,1
L,9,3321,DETECTION,src/tracking/advanced_tracker.py:_activate_slot,3321_351_930_540_1028
R,DETECTION,DETECTION,1
A,3321
S,0,3327,DETECTION,src/tracking/advanced_tracker.py:_activate_slot,3327_227_381_403_477
S,1,3327,DETECTION,src/tracking/advanced_tracker.py:_activate_slot,3327_154_592_309_668
S,3,3327,DETECTION,src/tracking/advanced_tracker.py:_activate_slot,3327_554_193_675_295
S,4,3327,DETECTION,src/tracking/advanced_tracker.py:_activate_slot,3327_120_945_292_1017
S,5,3327,DETECTION,src/tracking/advanced_tracker.py:_activate_slot,3327_212_229_401_328
S,8,3327,DETECTION,src/tracking/advanced_tracker.py:_activate_slot,3327_557_10_673_95
S,6,3327,DETECTION,src/tracking/advanced_tracker.py:_activate_slot,3327_293_787_484_883
S,9,3327,DETECTION,src/tracking/advanced_tracker.py:_activate_slot,3327_250_919_542_1047
S,2,3327,PREDICTION,src/tracking/advanced_tracker.py:kalman_homography,
S,7,3327,PREDICTION,src/tracking/advanced_tracker.py:kalman_homography,
L,0,3327,DETECTION,src/tracking/advanced_tracker.py:_activate_slot,3327_227_381_403_477
R,CLAMP,CLAMP,0
L,1,3327,DETECTION,src/tracking/advanced_tracker.py:_activate_slot,3327_154_592_309_668
R,CLAMP,CLAMP,0
L,2,3327,PREDICTION,src/tracking/advanced_tracker.py:kalman_homography,
R,CLAMP,CLAMP,0
L,3,3327,DETECTION,src/tracking/advanced_tracker.py:_activate_slot,3327_554_193_675_295
R,CLAMP,CLAMP,0
L,4,3327,DETECTION,src/tracking/advanced_tracker.py:_activate_slot,3327_120_945_292_1017
R,CLAMP,CLAMP,0
L,5,3327,DETECTION,src/tracking/advanced_tracker.py:_activate_slot,3327_212_229_401_328
R,CLAMP,CLAMP,0
L,6,3327,DETECTION,src/tracking/advanced_tracker.py:_activate_slot,3327_293_787_484_883
R,DETECTION,DETECTION,1
L,7,3327,PREDICTION,src/tracking/advanced_tracker.py:kalman_homography,
R,CLAMP,CLAMP,0
L,8,3327,DETECTION,src/tracking/advanced_tracker.py:_activate_slot,3327_557_10_673_95
R,DETECTION,SUBPIXEL,0
L,9,3327,DETECTION,src/tracking/advanced_tracker.py:_activate_slot,3327_250_919_542_1047
R,DETECTION,DETECTION,1
A,3327
S,0,3333,DETECTION,src/tracking/advanced_tracker.py:_activate_slot,3333_228_386_411_483
S,1,3333,DETECTION,src/tracking/advanced_tracker.py:_activate_slot,3333_152_594_308_668
S,3,3333,DETECTION,src/tracking/advanced_tracker.py:_activate_slot,3333_555_193_675_295
S,4,3333,DETECTION,src/tracking/advanced_tracker.py:_activate_slot,3333_116_946_285_1016
S,5,3333,DETECTION,src/tracking/advanced_tracker.py:_activate_slot,3333_212_231_399_326
S,6,3333,DETECTION,src/tracking/advanced_tracker.py:_activate_slot,3333_299_779_482_875
S,8,3333,DETECTION,src/tracking/advanced_tracker.py:_activate_slot,3333_558_9_674_94
S,9,3333,DETECTION,src/tracking/advanced_tracker.py:_activate_slot,3333_358_904_541_1018
S,2,3333,PREDICTION,src/tracking/advanced_tracker.py:kalman_homography,
S,7,3333,PREDICTION,src/tracking/advanced_tracker.py:kalman_homography,
L,0,3333,DETECTION,src/tracking/advanced_tracker.py:_activate_slot,3333_228_386_411_483
R,CLAMP,CLAMP,0
L,1,3333,DETECTION,src/tracking/advanced_tracker.py:_activate_slot,3333_152_594_308_668
R,CLAMP,CLAMP,0
L,2,3333,PREDICTION,src/tracking/advanced_tracker.py:kalman_homography,
R,CLAMP,CLAMP,0
L,3,3333,DETECTION,src/tracking/advanced_tracker.py:_activate_slot,3333_555_193_675_295
R,CLAMP,CLAMP,0
L,4,3333,DETECTION,src/tracking/advanced_tracker.py:_activate_slot,3333_116_946_285_1016
R,CLAMP,CLAMP,0
L,5,3333,DETECTION,src/tracking/advanced_tracker.py:_activate_slot,3333_212_231_399_326
R,CLAMP,CLAMP,0
L,6,3333,DETECTION,src/tracking/advanced_tracker.py:_activate_slot,3333_299_779_482_875
R,DETECTION,DETECTION,1
L,7,3333,PREDICTION,src/tracking/advanced_tracker.py:kalman_homography,
R,CLAMP,CLAMP,0
L,8,3333,DETECTION,src/tracking/advanced_tracker.py:_activate_slot,3333_558_9_674_94
R,DETECTION,DETECTION,1
L,9,3333,DETECTION,src/tracking/advanced_tracker.py:_activate_slot,3333_358_904_541_1018
R,DETECTION,DETECTION,1
A,3333
S,0,3339,DETECTION,src/tracking/advanced_tracker.py:_activate_slot,3339_228_389_410_485
S,1,3339,DETECTION,src/tracking/advanced_tracker.py:_activate_slot,3339_149_596_307_669
S,3,3339,DETECTION,src/tracking/advanced_tracker.py:_activate_slot,3339_555_192_675_295
S,5,3339,DETECTION,src/tracking/advanced_tracker.py:_activate_slot,3339_210_236_397_329
S,8,3339,DETECTION,src/tracking/advanced_tracker.py:_activate_slot,3339_558_9_674_94
S,9,3339,DETECTION,src/tracking/advanced_tracker.py:_activate_slot,3339_251_972_442_1076
S,6,3339,DETECTION,src/tracking/advanced_tracker.py:_activate_slot,3339_296_778_485_890
S,7,3339,DETECTION,src/tracking/advanced_tracker.py:_activate_slot,3339_98_-2_306_86
S,2,3339,PREDICTION,src/tracking/advanced_tracker.py:kalman_homography,
S,4,3339,PREDICTION,src/tracking/advanced_tracker.py:kalman_homography,
L,0,3339,DETECTION,src/tracking/advanced_tracker.py:_activate_slot,3339_228_389_410_485
R,CLAMP,CLAMP,0
L,1,3339,DETECTION,src/tracking/advanced_tracker.py:_activate_slot,3339_149_596_307_669
R,CLAMP,CLAMP,0
L,2,3339,PREDICTION,src/tracking/advanced_tracker.py:kalman_homography,
R,CLAMP,CLAMP,0
L,3,3339,DETECTION,src/tracking/advanced_tracker.py:_activate_slot,3339_555_192_675_295
R,CLAMP,CLAMP,0
L,4,3339,PREDICTION,src/tracking/advanced_tracker.py:kalman_homography,
R,CLAMP,CLAMP,0
L,5,3339,DETECTION,src/tracking/advanced_tracker.py:_activate_slot,3339_210_236_397_329
R,CLAMP,CLAMP,0
L,6,3339,DETECTION,src/tracking/advanced_tracker.py:_activate_slot,3339_296_778_485_890
R,DETECTION,DETECTION,1
L,7,3339,DETECTION,src/tracking/advanced_tracker.py:_activate_slot,3339_98_-2_306_86
R,CLAMP,CLAMP,0
L,8,3339,DETECTION,src/tracking/advanced_tracker.py:_activate_slot,3339_558_9_674_94
R,DETECTION,SUBPIXEL,0
L,9,3339,DETECTION,src/tracking/advanced_tracker.py:_activate_slot,3339_251_972_442_1076
R,DETECTION,DETECTION,1
A,3339
S,0,3345,DETECTION,src/tracking/advanced_tracker.py:_activate_slot,3345_227_391_407_487
S,1,3345,DETECTION,src/tracking/advanced_tracker.py:_activate_slot,3345_150_596_304_668
S,2,3345,DETECTION,src/tracking/advanced_tracker.py:_activate_slot,3345_251_984_445_1100
S,3,3345,DETECTION,src/tracking/advanced_tracker.py:_activate_slot,3345_555_192_675_295
S,5,3345,DETECTION,src/tracking/advanced_tracker.py:_activate_slot,3345_210_249_397_333
S,6,3345,DETECTION,src/tracking/advanced_tracker.py:_activate_slot,3345_299_772_487_862
S,7,3345,DETECTION,src/tracking/advanced_tracker.py:_activate_slot,3345_118_945_284_1017
S,8,3345,DETECTION,src/tracking/advanced_tracker.py:_activate_slot,3345_558_8_674_93
S,10,3345,DETECTION,src/tracking/advanced_tracker.py:_activate_slot,3345_101_-6_288_82
S,9,3345,PREDICTION,src/tracking/advanced_tracker.py:kalman_homography,
S,4,3345,PREDICTION,src/tracking/advanced_tracker.py:flow_gapfill_batched,
L,0,3345,DETECTION,src/tracking/advanced_tracker.py:_activate_slot,3345_227_391_407_487
R,CLAMP,CLAMP,0
L,1,3345,DETECTION,src/tracking/advanced_tracker.py:_activate_slot,3345_150_596_304_668
R,CLAMP,CLAMP,0
L,2,3345,DETECTION,src/tracking/advanced_tracker.py:_activate_slot,3345_251_984_445_1100
R,CLAMP,CLAMP,0
L,3,3345,DETECTION,src/tracking/advanced_tracker.py:_activate_slot,3345_555_192_675_295
R,CLAMP,CLAMP,0
L,4,3345,PREDICTION,src/tracking/advanced_tracker.py:flow_gapfill_batched,
R,CLAMP,CLAMP,0
L,5,3345,DETECTION,src/tracking/advanced_tracker.py:_activate_slot,3345_210_249_397_333
R,CLAMP,CLAMP,0
L,6,3345,DETECTION,src/tracking/advanced_tracker.py:_activate_slot,3345_299_772_487_862
R,DETECTION,DETECTION,1
L,7,3345,DETECTION,src/tracking/advanced_tracker.py:_activate_slot,3345_118_945_284_1017
R,CLAMP,CLAMP,0
L,8,3345,DETECTION,src/tracking/advanced_tracker.py:_activate_slot,3345_558_8_674_93
R,DETECTION,SUBPIXEL,0
L,9,3345,PREDICTION,src/tracking/advanced_tracker.py:kalman_homography,
R,PREDICTION,PREDICTION,1
A,3345
S,0,3351,DETECTION,src/tracking/advanced_tracker.py:_activate_slot,3351_226_393_400_502
S,1,3351,DETECTION,src/tracking/advanced_tracker.py:_activate_slot,3351_150_596_300_674
S,2,3351,DETECTION,src/tracking/advanced_tracker.py:_activate_slot,3351_258_989_452_1137
S,3,3351,DETECTION,src/tracking/advanced_tracker.py:_activate_slot,3351_557_190_675_294
S,5,3351,DETECTION,src/tracking/advanced_tracker.py:_activate_slot,3351_202_257_398_345
S,7,3351,DETECTION,src/tracking/advanced_tracker.py:_activate_slot,3351_98_-6_307_85
S,8,3351,DETECTION,src/tracking/advanced_tracker.py:_activate_slot,3351_560_6_674_94
S,9,3351,DETECTION,src/tracking/advanced_tracker.py:_activate_slot,3351_121_944_289_1025
S,6,3351,PREDICTION,src/tracking/advanced_tracker.py:kalman_homography,
S,10,3351,PREDICTION,src/tracking/advanced_tracker.py:kalman_homography,
S,4,3351,PREDICTION,src/tracking/advanced_tracker.py:flow_gapfill_batched,
L,0,3351,DETECTION,src/tracking/advanced_tracker.py:_activate_slot,3351_226_393_400_502
R,CLAMP,CLAMP,0
L,1,3351,DETECTION,src/tracking/advanced_tracker.py:_activate_slot,3351_150_596_300_674
R,CLAMP,CLAMP,0
L,2,3351,DETECTION,src/tracking/advanced_tracker.py:_activate_slot,3351_258_989_452_1137
R,CLAMP,CLAMP,0
L,3,3351,DETECTION,src/tracking/advanced_tracker.py:_activate_slot,3351_557_190_675_294
R,CLAMP,CLAMP,0
L,4,3351,PREDICTION,src/tracking/advanced_tracker.py:flow_gapfill_batched,
R,CLAMP,CLAMP,0
L,5,3351,DETECTION,src/tracking/advanced_tracker.py:_activate_slot,3351_202_257_398_345
R,CLAMP,CLAMP,0
L,6,3351,PREDICTION,src/tracking/advanced_tracker.py:kalman_homography,
R,PREDICTION,PREDICTION,1
L,7,3351,DETECTION,src/tracking/advanced_tracker.py:_activate_slot,3351_98_-6_307_85
R,CLAMP,CLAMP,0
L,8,3351,DETECTION,src/tracking/advanced_tracker.py:_activate_slot,3351_560_6_674_94
R,DETECTION,SUBPIXEL,0
L,9,3351,DETECTION,src/tracking/advanced_tracker.py:_activate_slot,3351_121_944_289_1025
R,DETECTION,DETECTION,1
A,3351
S,0,3357,DETECTION,src/tracking/advanced_tracker.py:_activate_slot,3357_224_397_392_523
S,1,3357,DETECTION,src/tracking/advanced_tracker.py:_activate_slot,3357_144_595_306_672
S,2,3357,DETECTION,src/tracking/advanced_tracker.py:_activate_slot,3357_263_999_456_1135
S,3,3357,DETECTION,src/tracking/advanced_tracker.py:_activate_slot,3357_558_189_674_291
S,4,3357,DETECTION,src/tracking/advanced_tracker.py:_activate_slot,3357_128_196_283_268
S,8,3357,DETECTION,src/tracking/advanced_tracker.py:_activate_slot,3357_563_2_674_93
S,6,3357,DETECTION,src/tracking/advanced_tracker.py:_activate_slot,3357_399_760_545_846
S,5,3357,PREDICTION,src/tracking/advanced_tracker.py:kalman_homography,
S,7,3357,PREDICTION,src/tracking/advanced_tracker.py:kalman_homography,
S,9,3357,PREDICTION,src/tracking/advanced_tracker.py:kalman_homography,
S,10,3357,PREDICTION,src/tracking/advanced_tracker.py:kalman_homography,
D,5,3357
S,7,3357,PREDICTION,src/tracking/advanced_tracker.py:id_merge,
L,0,3357,DETECTION,src/tracking/advanced_tracker.py:_activate_slot,3357_224_397_392_523
R,CLAMP,CLAMP,0
L,1,3357,DETECTION,src/tracking/advanced_tracker.py:_activate_slot,3357_144_595_306_672
R,CLAMP,CLAMP,0
L,2,3357,DETECTION,src/tracking/advanced_tracker.py:_activate_slot,3357_263_999_456_1135
R,CLAMP,CLAMP,0
L,3,3357,DETECTION,src/tracking/advanced_tracker.py:_activate_slot,3357_558_189_674_291
R,CLAMP,CLAMP,0
L,4,3357,DETECTION,src/tracking/advanced_tracker.py:_activate_slot,3357_128_196_283_268
R,CLAMP,CLAMP,0
L,6,3357,DETECTION,src/tracking/advanced_tracker.py:_activate_slot,3357_399_760_545_846
R,DETECTION,DETECTION,1
L,7,3357,PREDICTION,src/tracking/advanced_tracker.py:id_merge,
R,CLAMP,CLAMP,0
L,8,3357,DETECTION,src/tracking/advanced_tracker.py:_activate_slot,3357_563_2_674_93
R,DETECTION,DETECTION,1
L,9,3357,PREDICTION,src/tracking/advanced_tracker.py:kalman_homography,
R,PREDICTION,PREDICTION,1
A,3357
S,0,3363,DETECTION,src/tracking/advanced_tracker.py:_activate_slot,3363_224_404_385_539
S,1,3363,DETECTION,src/tracking/advanced_tracker.py:_activate_slot,3363_139_595_301_673
S,3,3363,DETECTION,src/tracking/advanced_tracker.py:_activate_slot,3363_560_187_674_290
S,4,3363,DETECTION,src/tracking/advanced_tracker.py:_activate_slot,3363_128_195_284_266
S,8,3363,DETECTION,src/tracking/advanced_tracker.py:_activate_slot,3363_563_0_675_92
S,2,3363,PREDICTION,src/tracking/advanced_tracker.py:kalman_homography,
S,5,3363,PREDICTION,src/tracking/advanced_tracker.py:kalman_homography,
S,6,3363,PREDICTION,src/tracking/advanced_tracker.py:kalman_homography,
S,7,3363,PREDICTION,src/tracking/advanced_tracker.py:kalman_homography,
S,9,3363,PREDICTION,src/tracking/advanced_tracker.py:kalman_homography,
S,10,3363,PREDICTION,src/tracking/advanced_tracker.py:kalman_homography,
L,0,3363,DETECTION,src/tracking/advanced_tracker.py:_activate_slot,3363_224_404_385_539
R,CLAMP,CLAMP,0
L,1,3363,DETECTION,src/tracking/advanced_tracker.py:_activate_slot,3363_139_595_301_673
R,CLAMP,CLAMP,0
L,2,3363,PREDICTION,src/tracking/advanced_tracker.py:kalman_homography,
R,CLAMP,CLAMP,0
L,3,3363,DETECTION,src/tracking/advanced_tracker.py:_activate_slot,3363_560_187_674_290
R,CLAMP,CLAMP,0
L,4,3363,DETECTION,src/tracking/advanced_tracker.py:_activate_slot,3363_128_195_284_266
R,CLAMP,CLAMP,0
L,5,3363,PREDICTION,src/tracking/advanced_tracker.py:kalman_homography,
R,CLAMP,CLAMP,0
L,6,3363,PREDICTION,src/tracking/advanced_tracker.py:kalman_homography,
R,PREDICTION,PREDICTION,1
L,7,3363,PREDICTION,src/tracking/advanced_tracker.py:kalman_homography,
R,CLAMP,CLAMP,0
L,8,3363,DETECTION,src/tracking/advanced_tracker.py:_activate_slot,3363_563_0_675_92
R,DETECTION,DETECTION,1
L,9,3363,PREDICTION,src/tracking/advanced_tracker.py:kalman_homography,
R,PREDICTION,PREDICTION,1
A,3363
S,0,3369,DETECTION,src/tracking/advanced_tracker.py:_activate_slot,3369_227_402_391_548
S,1,3369,DETECTION,src/tracking/advanced_tracker.py:_activate_slot,3369_214_275_391_378
S,2,3369,DETECTION,src/tracking/advanced_tracker.py:_activate_slot,3369_264_1043_458_1141
S,3,3369,DETECTION,src/tracking/advanced_tracker.py:_activate_slot,3369_562_183_674_287
S,4,3369,DETECTION,src/tracking/advanced_tracker.py:_activate_slot,3369_129_192_284_264
S,8,3369,DETECTION,src/tracking/advanced_tracker.py:_activate_slot,3369_564_-2_675_87
S,5,3369,PREDICTION,src/tracking/advanced_tracker.py:kalman_homography,
S,6,3369,PREDICTION,src/tracking/advanced_tracker.py:kalman_homography,
S,7,3369,PREDICTION,src/tracking/advanced_tracker.py:kalman_homography,
S,10,3369,PREDICTION,src/tracking/advanced_tracker.py:kalman_homography,
S,9,3369,PREDICTION,src/tracking/advanced_tracker.py:flow_gapfill_batched,
D,1,3369
S,4,3369,PREDICTION,src/tracking/advanced_tracker.py:id_merge,
L,0,3369,DETECTION,src/tracking/advanced_tracker.py:_activate_slot,3369_227_402_391_548
R,CLAMP,CLAMP,0
L,2,3369,DETECTION,src/tracking/advanced_tracker.py:_activate_slot,3369_264_1043_458_1141
R,CLAMP,CLAMP,0
L,3,3369,DETECTION,src/tracking/advanced_tracker.py:_activate_slot,3369_562_183_674_287
R,CLAMP,CLAMP,0
L,4,3369,PREDICTION,src/tracking/advanced_tracker.py:id_merge,
R,CLAMP,CLAMP,0
L,5,3369,PREDICTION,src/tracking/advanced_tracker.py:kalman_homography,
R,CLAMP,CLAMP,0
L,6,3369,PREDICTION,src/tracking/advanced_tracker.py:kalman_homography,
R,PREDICTION,PREDICTION,1
L,7,3369,PREDICTION,src/tracking/advanced_tracker.py:kalman_homography,
R,CLAMP,CLAMP,0
L,8,3369,DETECTION,src/tracking/advanced_tracker.py:_activate_slot,3369_564_-2_675_87
R,DETECTION,DETECTION,1
L,9,3369,PREDICTION,src/tracking/advanced_tracker.py:flow_gapfill_batched,
R,PREDICTION,PREDICTION,1
A,3369
S,0,3375,DETECTION,src/tracking/advanced_tracker.py:_activate_slot,3375_226_419_392_547
S,1,3375,DETECTION,src/tracking/advanced_tracker.py:_activate_slot,3375_223_274_393_399
S,2,3375,DETECTION,src/tracking/advanced_tracker.py:_activate_slot,3375_267_1049_470_1159
S,3,3375,DETECTION,src/tracking/advanced_tracker.py:_activate_slot,3375_560_178_673_283
S,4,3375,DETECTION,src/tracking/advanced_tracker.py:_activate_slot,3375_129_189_285_262
S,7,3375,DETECTION,src/tracking/advanced_tracker.py:_activate_slot,3375_546_404_672_492
S,8,3375,DETECTION,src/tracking/advanced_tracker.py:_activate_slot,3375_562_-7_674_84
S,10,3375,DETECTION,src/tracking/advanced_tracker.py:_activate_slot,3375_98_441_246_538
S,5,3375,PREDICTION,src/tracking/advanced_tracker.py:kalman_homography,
S,6,3375,PREDICTION,src/tracking/advanced_tracker.py:kalman_homography,
S,9,3375,PREDICTION,src/tracking/advanced_tracker.py:flow_gapfill_batched,
D,1,3375
S,4,3375,PREDICTION,src/tracking/advanced_tracker.py:id_merge,
L,0,3375,DETECTION,src/tracking/advanced_tracker.py:_activate_slot,3375_226_419_392_547
R,CLAMP,CLAMP,0
L,2,3375,DETECTION,src/tracking/advanced_tracker.py:_activate_slot,3375_267_1049_470_1159
R,CLAMP,CLAMP,0
L,3,3375,DETECTION,src/tracking/advanced_tracker.py:_activate_slot,3375_560_178_673_283
R,CLAMP,CLAMP,0
L,4,3375,PREDICTION,src/tracking/advanced_tracker.py:id_merge,
R,CLAMP,CLAMP,0
L,5,3375,PREDICTION,src/tracking/advanced_tracker.py:kalman_homography,
R,CLAMP,CLAMP,0
L,6,3375,PREDICTION,src/tracking/advanced_tracker.py:kalman_homography,
R,PREDICTION,PREDICTION,1
L,7,3375,DETECTION,src/tracking/advanced_tracker.py:_activate_slot,3375_546_404_672_492
R,CLAMP,CLAMP,0
L,8,3375,DETECTION,src/tracking/advanced_tracker.py:_activate_slot,3375_562_-7_674_84
R,DETECTION,DETECTION,1
L,9,3375,PREDICTION,src/tracking/advanced_tracker.py:flow_gapfill_batched,
R,PREDICTION,PREDICTION,1
A,3375
S,0,3381,DETECTION,src/tracking/advanced_tracker.py:_activate_slot,3381_228_427_389_550
S,1,3381,DETECTION,src/tracking/advanced_tracker.py:_activate_slot,3381_230_271_399_399
S,3,3381,DETECTION,src/tracking/advanced_tracker.py:_activate_slot,3381_561_175_675_281
S,4,3381,DETECTION,src/tracking/advanced_tracker.py:_activate_slot,3381_128_184_284_258
S,2,3381,DETECTION,src/tracking/advanced_tracker.py:_activate_slot,3381_271_1054_474_1172
S,7,3381,DETECTION,src/tracking/advanced_tracker.py:_activate_slot,3381_101_-15_312_69
S,8,3381,DETECTION,src/tracking/advanced_tracker.py:_activate_slot,3381_564_-11_674_77
S,5,3381,PREDICTION,src/tracking/advanced_tracker.py:kalman_homography,
S,6,3381,PREDICTION,src/tracking/advanced_tracker.py:kalman_homography,
S,10,3381,PREDICTION,src/tracking/advanced_tracker.py:kalman_homography,
S,9,3381,PREDICTION,src/tracking/advanced_tracker.py:flow_gapfill_batched,
D,1,3381
S,4,3381,PREDICTION,src/tracking/advanced_tracker.py:id_merge,
L,0,3381,DETECTION,src/tracking/advanced_tracker.py:_activate_slot,3381_228_427_389_550
R,CLAMP,CLAMP,0
L,2,3381,DETECTION,src/tracking/advanced_tracker.py:_activate_slot,3381_271_1054_474_1172
R,CLAMP,CLAMP,0
L,3,3381,DETECTION,src/tracking/advanced_tracker.py:_activate_slot,3381_561_175_675_281
R,CLAMP,CLAMP,0
L,4,3381,PREDICTION,src/tracking/advanced_tracker.py:id_merge,
R,CLAMP,CLAMP,0
L,5,3381,PREDICTION,src/tracking/advanced_tracker.py:kalman_homography,
R,CLAMP,CLAMP,0
L,6,3381,PREDICTION,src/tracking/advanced_tracker.py:kalman_homography,
R,PREDICTION,PREDICTION,1
L,7,3381,DETECTION,src/tracking/advanced_tracker.py:_activate_slot,3381_101_-15_312_69
R,CLAMP,CLAMP,0
L,8,3381,DETECTION,src/tracking/advanced_tracker.py:_activate_slot,3381_564_-11_674_77
R,DETECTION,DETECTION,1
L,9,3381,PREDICTION,src/tracking/advanced_tracker.py:flow_gapfill_batched,
R,PREDICTION,PREDICTION,1
A,3381
S,0,3387,DETECTION,src/tracking/advanced_tracker.py:_activate_slot,3387_232_428_381_551
S,1,3387,DETECTION,src/tracking/advanced_tracker.py:_activate_slot,3387_227_270_398_394
S,3,3387,DETECTION,src/tracking/advanced_tracker.py:_activate_slot,3387_563_170_673_274
S,4,3387,DETECTION,src/tracking/advanced_tracker.py:_activate_slot,3387_125_180_286_253
S,7,3387,DETECTION,src/tracking/advanced_tracker.py:_activate_slot,3387_548_396_674_485
S,8,3387,DETECTION,src/tracking/advanced_tracker.py:_activate_slot,3387_564_-15_674_72
S,6,3387,DETECTION,src/tracking/advanced_tracker.py:_activate_slot,3387_579_707_674_799
S,2,3387,PREDICTION,src/tracking/advanced_tracker.py:kalman_homography,
S,5,3387,PREDICTION,src/tracking/advanced_tracker.py:kalman_homography,
S,10,3387,PREDICTION,src/tracking/advanced_tracker.py:kalman_homography,
S,9,3387,PREDICTION,src/tracking/advanced_tracker.py:flow_gapfill_batched,
D,1,3387
S,4,3387,PREDICTION,src/tracking/advanced_tracker.py:id_merge,
L,0,3387,DETECTION,src/tracking/advanced_tracker.py:_activate_slot,3387_232_428_381_551
R,CLAMP,CLAMP,0
L,2,3387,PREDICTION,src/tracking/advanced_tracker.py:kalman_homography,
R,CLAMP,CLAMP,0
L,3,3387,DETECTION,src/tracking/advanced_tracker.py:_activate_slot,3387_563_170_673_274
R,CLAMP,CLAMP,0
L,4,3387,PREDICTION,src/tracking/advanced_tracker.py:id_merge,
R,CLAMP,CLAMP,0
L,5,3387,PREDICTION,src/tracking/advanced_tracker.py:kalman_homography,
R,CLAMP,CLAMP,0
L,6,3387,DETECTION,src/tracking/advanced_tracker.py:_activate_slot,3387_579_707_674_799
R,DETECTION,DETECTION,1
L,7,3387,DETECTION,src/tracking/advanced_tracker.py:_activate_slot,3387_548_396_674_485
R,CLAMP,CLAMP,0
L,8,3387,DETECTION,src/tracking/advanced_tracker.py:_activate_slot,3387_564_-15_674_72
R,DETECTION,DETECTION,1
L,9,3387,PREDICTION,src/tracking/advanced_tracker.py:flow_gapfill_batched,
R,PREDICTION,PREDICTION,1
A,3387
S,0,3393,DETECTION,src/tracking/advanced_tracker.py:_activate_slot,3393_227_430_383_558
S,1,3393,DETECTION,src/tracking/advanced_tracker.py:_activate_slot,3393_223_278_399_396
S,2,3393,DETECTION,src/tracking/advanced_tracker.py:_activate_slot,3393_162_589_314_661
S,3,3393,DETECTION,src/tracking/advanced_tracker.py:_activate_slot,3393_563_162_673_267
S,4,3393,DETECTION,src/tracking/advanced_tracker.py:_activate_slot,3393_128_173_285_247
S,7,3393,DETECTION,src/tracking/advanced_tracker.py:_activate_slot,3393_281_691_476_779
S,8,3393,DETECTION,src/tracking/advanced_tracker.py:_activate_slot,3393_565_-15_673_62
S,5,3393,PREDICTION,src/tracking/advanced_tracker.py:kalman_homography,
S,10,3393,PREDICTION,src/tracking/advanced_tracker.py:kalman_homography,
S,9,3393,PREDICTION,src/tracking/advanced_tracker.py:flow_gapfill_batched,
L,0,3393,DETECTION,src/tracking/advanced_tracker.py:_activate_slot,3393_227_430_383_558
R,CLAMP,CLAMP,0
L,1,3393,DETECTION,src/tracking/advanced_tracker.py:_activate_slot,3393_223_278_399_396
R,CLAMP,CLAMP,0
L,2,3393,DETECTION,src/tracking/advanced_tracker.py:_activate_slot,3393_162_589_314_661
R,CLAMP,CLAMP,0
L,3,3393,DETECTION,src/tracking/advanced_tracker.py:_activate_slot,3393_563_162_673_267
R,CLAMP,CLAMP,0
L,4,3393,DETECTION,src/tracking/advanced_tracker.py:_activate_slot,3393_128_173_285_247
R,CLAMP,CLAMP,0
L,5,3393,PREDICTION,src/tracking/advanced_tracker.py:kalman_homography,
R,CLAMP,CLAMP,0
L,7,3393,DETECTION,src/tracking/advanced_tracker.py:_activate_slot,3393_281_691_476_779
R,CLAMP,CLAMP,0
L,8,3393,DETECTION,src/tracking/advanced_tracker.py:_activate_slot,3393_565_-15_673_62
R,DETECTION,DETECTION,1
L,9,3393,PREDICTION,src/tracking/advanced_tracker.py:flow_gapfill_batched,
R,PREDICTION,PREDICTION,1
A,3393
S,0,3399,DETECTION,src/tracking/advanced_tracker.py:_activate_slot,3399_225_436_387_564
S,1,3399,DETECTION,src/tracking/advanced_tracker.py:_activate_slot,3399_213_296_401_400
S,2,3399,DETECTION,src/tracking/advanced_tracker.py:_activate_slot,3399_119_923_289_1003
S,3,3399,DETECTION,src/tracking/advanced_tracker.py:_activate_slot,3399_563_158_675_263
S,7,3399,DETECTION,src/tracking/advanced_tracker.py:_activate_slot,3399_282_680_472_770
S,8,3399,DETECTION,src/tracking/advanced_tracker.py:_activate_slot,3399_125_169_284_242
S,4,3399,PREDICTION,src/tracking/advanced_tracker.py:kalman_homography,
S,10,3399,PREDICTION,src/tracking/advanced_tracker.py:kalman_homography,
S,5,3399,PREDICTION,src/tracking/advanced_tracker.py:flow_gapfill_batched,
S,6,3399,PREDICTION,src/tracking/advanced_tracker.py:flow_gapfill_batched,
S,9,3399,PREDICTION,src/tracking/advanced_tracker.py:flow_gapfill_batched,
D,5,3399
S,8,3399,PREDICTION,src/tracking/advanced_tracker.py:id_merge,
L,0,3399,DETECTION,src/tracking/advanced_tracker.py:_activate_slot,3399_225_436_387_564
R,CLAMP,CLAMP,0
L,1,3399,DETECTION,src/tracking/advanced_tracker.py:_activate_slot,3399_213_296_401_400
R,CLAMP,CLAMP,0
L,2,3399,DETECTION,src/tracking/advanced_tracker.py:_activate_slot,3399_119_923_289_1003
R,CLAMP,CLAMP,0
L,3,3399,DETECTION,src/tracking/advanced_tracker.py:_activate_slot,3399_563_158_675_263
R,CLAMP,CLAMP,0
L,4,3399,PREDICTION,src/tracking/advanced_tracker.py:kalman_homography,
R,CLAMP,CLAMP,0
L,6,3399,PREDICTION,src/tracking/advanced_tracker.py:flow_gapfill_batched,
R,PREDICTION,PREDICTION,1
L,7,3399,DETECTION,src/tracking/advanced_tracker.py:_activate_slot,3399_282_680_472_770
R,CLAMP,CLAMP,0
L,8,3399,PREDICTION,src/tracking/advanced_tracker.py:id_merge,
R,PREDICTION,PREDICTION,1
L,9,3399,PREDICTION,src/tracking/advanced_tracker.py:flow_gapfill_batched,
R,PREDICTION,PREDICTION,1
A,3399
S,0,3405,DETECTION,src/tracking/advanced_tracker.py:_activate_slot,3405_160_577_314_651
S,1,3405,DETECTION,src/tracking/advanced_tracker.py:_activate_slot,3405_212_303_403_400
S,3,3405,DETECTION,src/tracking/advanced_tracker.py:_activate_slot,3405_563_152_673_257
S,4,3405,DETECTION,src/tracking/advanced_tracker.py:_activate_slot,3405_128_163_284_235
S,7,3405,DETECTION,src/tracking/advanced_tracker.py:_activate_slot,3405_286_654_469_757
S,8,3405,DETECTION,src/tracking/advanced_tracker.py:_activate_slot,3405_404_704_557_786
S,2,3405,PREDICTION,src/tracking/advanced_tracker.py:kalman_homography,
S,10,3405,PREDICTION,src/tracking/advanced_tracker.py:kalman_homography,
S,6,3405,PREDICTION,src/tracking/advanced_tracker.py:flow_gapfill_batched,
D,6,3405
S,8,3405,PREDICTION,src/tracking/advanced_tracker.py:id_merge,
D,7,3405
S,8,3405,PREDICTION,src/tracking/advanced_tracker.py:id_merge,
L,0,3405,DETECTION,src/tracking/advanced_tracker.py:_activate_slot,3405_160_577_314_651
R,CLAMP,CLAMP,0
L,1,3405,DETECTION,src/tracking/advanced_tracker.py:_activate_slot,3405_212_303_403_400
R,CLAMP,CLAMP,0
L,2,3405,PREDICTION,src/tracking/advanced_tracker.py:kalman_homography,
R,CLAMP,CLAMP,0
L,3,3405,DETECTION,src/tracking/advanced_tracker.py:_activate_slot,3405_563_152_673_257
R,CLAMP,CLAMP,0
L,4,3405,DETECTION,src/tracking/advanced_tracker.py:_activate_slot,3405_128_163_284_235
R,CLAMP,CLAMP,0
L,8,3405,PREDICTION,src/tracking/advanced_tracker.py:id_merge,
R,CLAMP,CLAMP,0
A,3405
S,0,3411,DETECTION,src/tracking/advanced_tracker.py:_activate_slot,3411_144_570_313_649
S,1,3411,DETECTION,src/tracking/advanced_tracker.py:_activate_slot,3411_210_311_403_405
S,3,3411,DETECTION,src/tracking/advanced_tracker.py:_activate_slot,3411_564_146_674_251
S,4,3411,DETECTION,src/tracking/advanced_tracker.py:_activate_slot,3411_123_158_285_231
S,5,3411,DETECTION,src/tracking/advanced_tracker.py:_activate_slot,3411_370_789_552_896
S,7,3411,DETECTION,src/tracking/advanced_tracker.py:_activate_slot,3411_288_648_471_750
S,8,3411,DETECTION,src/tracking/advanced_tracker.py:_activate_slot,3411_231_834_423_942
S,2,3411,PREDICTION,src/tracking/advanced_tracker.py:kalman_homography,
S,10,3411,PREDICTION,src/tracking/advanced_tracker.py:kalman_homography,
L,0,3411,DETECTION,src/tracking/advanced_tracker.py:_activate_slot,3411_144_570_313_649
R,CLAMP,CLAMP,0
L,1,3411,DETECTION,src/tracking/advanced_tracker.py:_activate_slot,3411_210_311_403_405
R,CLAMP,CLAMP,0
L,2,3411,PREDICTION,src/tracking/advanced_tracker.py:kalman_homography,
R,CLAMP,CLAMP,0
L,3,3411,DETECTION,src/tracking/advanced_tracker.py:_activate_slot,3411_564_146_674_251
R,CLAMP,CLAMP,0
L,4,3411,DETECTION,src/tracking/advanced_tracker.py:_activate_slot,3411_123_158_285_231
R,CLAMP,CLAMP,0
L,5,3411,DETECTION,src/tracking/advanced_tracker.py:_activate_slot,3411_370_789_552_896
R,CLAMP,CLAMP,0
L,7,3411,DETECTION,src/tracking/advanced_tracker.py:_activate_slot,3411_288_648_471_750
R,CLAMP,CLAMP,0
L,8,3411,DETECTION,src/tracking/advanced_tracker.py:_activate_slot,3411_231_834_423_942
R,CLAMP,CLAMP,0
A,3411
S,0,3417,DETECTION,src/tracking/advanced_tracker.py:_activate_slot,3417_136_562_314_636
S,1,3417,DETECTION,src/tracking/advanced_tracker.py:_activate_slot,3417_209_313_401_413
S,2,3417,DETECTION,src/tracking/advanced_tracker.py:_activate_slot,3417_285_1056_477_1160
S,3,3417,DETECTION,src/tracking/advanced_tracker.py:_activate_slot,3417_564_143_674_246
S,4,3417,DETECTION,src/tracking/advanced_tracker.py:_activate_slot,3417_123_151_284_224
S,7,3417,DETECTION,src/tracking/advanced_tracker.py:_activate_slot,3417_288_642_467_746
S,5,3417,PREDICTION,src/tracking/advanced_tracker.py:kalman_homography,
S,8,3417,PREDICTION,src/tracking/advanced_tracker.py:kalman_homography,
S,10,3417,PREDICTION,src/tracking/advanced_tracker.py:kalman_homography,
L,0,3417,DETECTION,src/tracking/advanced_tracker.py:_activate_slot,3417_136_562_314_636
R,CLAMP,CLAMP,0
L,1,3417,DETECTION,src/tracking/advanced_tracker.py:_activate_slot,3417_209_313_401_413
R,CLAMP,CLAMP,0
L,2,3417,DETECTION,src/tracking/advanced_tracker.py:_activate_slot,3417_285_1056_477_1160
R,CLAMP,CLAMP,0
L,3,3417,DETECTION,src/tracking/advanced_tracker.py:_activate_slot,3417_564_143_674_246
R,CLAMP,CLAMP,0
L,4,3417,DETECTION,src/tracking/advanced_tracker.py:_activate_slot,3417_123_151_284_224
R,CLAMP,CLAMP,0
L,5,3417,PREDICTION,src/tracking/advanced_tracker.py:kalman_homography,
R,CLAMP,CLAMP,0
L,7,3417,DETECTION,src/tracking/advanced_tracker.py:_activate_slot,3417_288_642_467_746
R,CLAMP,CLAMP,0
L,8,3417,PREDICTION,src/tracking/advanced_tracker.py:kalman_homography,
R,CLAMP,CLAMP,0
A,3417
S,0,3423,DETECTION,src/tracking/advanced_tracker.py:_activate_slot,3423_154_556_320_628
S,1,3423,DETECTION,src/tracking/advanced_tracker.py:_activate_slot,3423_216_317_410_426
S,2,3423,DETECTION,src/tracking/advanced_tracker.py:_activate_slot,3423_283_1053_484_1159
S,3,3423,DETECTION,src/tracking/advanced_tracker.py:_activate_slot,3423_564_137_674_241
S,4,3423,DETECTION,src/tracking/advanced_tracker.py:_activate_slot,3423_122_146_284_218
S,7,3423,DETECTION,src/tracking/advanced_tracker.py:_activate_slot,3423_288_639_468_741
S,5,3423,PREDICTION,src/tracking/advanced_tracker.py:kalman_homography,
S,8,3423,PREDICTION,src/tracking/advanced_tracker.py:flow_gapfill_batched,
S,10,3423,PREDICTION,src/tracking/advanced_tracker.py:flow_gapfill_batched,
L,0,3423,DETECTION,src/tracking/advanced_tracker.py:_activate_slot,3423_154_556_320_628
R,CLAMP,CLAMP,0
L,1,3423,DETECTION,src/tracking/advanced_tracker.py:_activate_slot,3423_216_317_410_426
R,CLAMP,CLAMP,0
L,2,3423,DETECTION,src/tracking/advanced_tracker.py:_activate_slot,3423_283_1053_484_1159
R,CLAMP,CLAMP,0
L,3,3423,DETECTION,src/tracking/advanced_tracker.py:_activate_slot,3423_564_137_674_241
R,CLAMP,CLAMP,0
L,4,3423,DETECTION,src/tracking/advanced_tracker.py:_activate_slot,3423_122_146_284_218
R,CLAMP,CLAMP,0
L,5,3423,PREDICTION,src/tracking/advanced_tracker.py:kalman_homography,
R,CLAMP,CLAMP,0
L,7,3423,DETECTION,src/tracking/advanced_tracker.py:_activate_slot,3423_288_639_468_741
R,CLAMP,CLAMP,0
L,8,3423,PREDICTION,src/tracking/advanced_tracker.py:flow_gapfill_batched,
R,CLAMP,CLAMP,0
A,3423
S,0,3429,DETECTION,src/tracking/advanced_tracker.py:_activate_slot,3429_169_546_323_622
S,1,3429,DETECTION,src/tracking/advanced_tracker.py:_activate_slot,3429_222_312_407_441
S,2,3429,DETECTION,src/tracking/advanced_tracker.py:_activate_slot,3429_281_1051_490_1153
S,3,3429,DETECTION,src/tracking/advanced_tracker.py:_activate_slot,3429_163_715_337_789
S,4,3429,DETECTION,src/tracking/advanced_tracker.py:_activate_slot,3429_118_141_286_215
S,5,3429,DETECTION,src/tracking/advanced_tracker.py:_activate_slot,3429_564_129_673_236
S,7,3429,DETECTION,src/tracking/advanced_tracker.py:_activate_slot,3429_290_634_474_742
S,8,3429,DETECTION,src/tracking/advanced_tracker.py:_activate_slot,3429_370_773_552_882
L,0,3429,DETECTION,src/tracking/advanced_tracker.py:_activate_slot,3429_169_546_323_622
R,CLAMP,CLAMP,0
L,1,3429,DETECTION,src/tracking/advanced_tracker.py:_activate_slot,3429_222_312_407_441
R,CLAMP,CLAMP,0
L,2,3429,DETECTION,src/tracking/advanced_tracker.py:_activate_slot,3429_281_1051_490_1153
R,CLAMP,CLAMP,0
L,3,3429,DETECTION,src/tracking/advanced_tracker.py:_activate_slot,3429_163_715_337_789
R,CLAMP,CLAMP,0
L,4,3429,DETECTION,src/tracking/advanced_tracker.py:_activate_slot,3429_118_141_286_215
R,CLAMP,CLAMP,0
L,5,3429,DETECTION,src/tracking/advanced_tracker.py:_activate_slot,3429_564_129_673_236
R,CLAMP,CLAMP,0
L,7,3429,DETECTION,src/tracking/advanced_tracker.py:_activate_slot,3429_290_634_474_742
R,CLAMP,CLAMP,0
L,8,3429,DETECTION,src/tracking/advanced_tracker.py:_activate_slot,3429_370_773_552_882
R,CLAMP,CLAMP,0
A,3429
S,0,3435,DETECTION,src/tracking/advanced_tracker.py:_activate_slot,3435_164_545_322_619
S,1,3435,DETECTION,src/tracking/advanced_tracker.py:_activate_slot,3435_220_331_397_439
S,2,3435,DETECTION,src/tracking/advanced_tracker.py:_activate_slot,3435_282_1049_488_1147
S,3,3435,DETECTION,src/tracking/advanced_tracker.py:_activate_slot,3435_129_789_297_874
S,4,3435,DETECTION,src/tracking/advanced_tracker.py:_activate_slot,3435_117_135_283_209
S,5,3435,DETECTION,src/tracking/advanced_tracker.py:_activate_slot,3435_552_354_673_446
S,6,3435,DETECTION,src/tracking/advanced_tracker.py:_activate_slot,3435_166_707_342_783
S,7,3435,DETECTION,src/tracking/advanced_tracker.py:_activate_slot,3435_295_631_493_745
S,8,3435,DETECTION,src/tracking/advanced_tracker.py:_activate_slot,3435_370_771_553_887
L,0,3435,DETECTION,src/tracking/advanced_tracker.py:_activate_slot,3435_164_545_322_619
R,CLAMP,CLAMP,0
L,1,3435,DETECTION,src/tracking/advanced_tracker.py:_activate_slot,3435_220_331_397_439
R,CLAMP,CLAMP,0
L,2,3435,DETECTION,src/tracking/advanced_tracker.py:_activate_slot,3435_282_1049_488_1147
R,CLAMP,CLAMP,0
L,3,3435,DETECTION,src/tracking/advanced_tracker.py:_activate_slot,3435_129_789_297_874
R,CLAMP,CLAMP,0
L,4,3435,DETECTION,src/tracking/advanced_tracker.py:_activate_slot,3435_117_135_283_209
R,CLAMP,CLAMP,0
L,5,3435,DETECTION,src/tracking/advanced_tracker.py:_activate_slot,3435_552_354_673_446
R,DETECTION,DETECTION,1
L,6,3435,DETECTION,src/tracking/advanced_tracker.py:_activate_slot,3435_166_707_342_783
R,DETECTION,DETECTION,1
L,7,3435,DETECTION,src/tracking/advanced_tracker.py:_activate_slot,3435_295_631_493_745
R,CLAMP,CLAMP,0
L,8,3435,DETECTION,src/tracking/advanced_tracker.py:_activate_slot,3435_370_771_553_887
R,CLAMP,CLAMP,0
A,3435
S,0,3441,DETECTION,src/tracking/advanced_tracker.py:_activate_slot,3441_172_542_317_617
S,1,3441,DETECTION,src/tracking/advanced_tracker.py:_activate_slot,3441_215_479_393_589
S,3,3441,DETECTION,src/tracking/advanced_tracker.py:_activate_slot,3441_114_895_286_976
S,4,3441,DETECTION,src/tracking/advanced_tracker.py:_activate_slot,3441_117_131_283_206
S,5,3441,DETECTION,src/tracking/advanced_tracker.py:_activate_slot,3441_221_341_394_436
S,6,3441,DETECTION,src/tracking/advanced_tracker.py:_activate_slot,3441_284_1043_486_1145
S,7,3441,DETECTION,src/tracking/advanced_tracker.py:_activate_slot,3441_293_643_491_743
S,9,3441,DETECTION,src/tracking/advanced_tracker.py:_activate_slot,3441_225_836_425_942
S,2,3441,PREDICTION,src/tracking/advanced_tracker.py:kalman_homography,
S,8,3441,PREDICTION,src/tracking/advanced_tracker.py:kalman_homography,
D,0,3441
S,1,3441,PREDICTION,src/tracking/advanced_tracker.py:id_merge,
L,1,3441,PREDICTION,src/tracking/advanced_tracker.py:id_merge,
R,CLAMP,CLAMP,0
L,2,3441,PREDICTION,src/tracking/advanced_tracker.py:kalman_homography,
R,CLAMP,CLAMP,0
L,3,3441,DETECTION,src/tracking/advanced_tracker.py:_activate_slot,3441_114_895_286_976
R,CLAMP,CLAMP,0
L,4,3441,DETECTION,src/tracking/advanced_tracker.py:_activate_slot,3441_117_131_283_206
R,CLAMP,CLAMP,0
L,5,3441,DETECTION,src/tracking/advanced_tracker.py:_activate_slot,3441_221_341_394_436
R,DETECTION,DETECTION,1
L,6,3441,DETECTION,src/tracking/advanced_tracker.py:_activate_slot,3441_284_1043_486_1145
R,CLAMP,CLAMP,0
L,7,3441,DETECTION,src/tracking/advanced_tracker.py:_activate_slot,3441_293_643_491_743
R,CLAMP,CLAMP,0
L,8,3441,PREDICTION,src/tracking/advanced_tracker.py:kalman_homography,
R,CLAMP,CLAMP,0
L,9,3441,DETECTION,src/tracking/advanced_tracker.py:_activate_slot,3441_225_836_425_942
R,DETECTION,DETECTION,1
A,3441
S,0,3447,DETECTION,src/tracking/advanced_tracker.py:_activate_slot,3447_566_116_674_223
S,1,3447,DETECTION,src/tracking/advanced_tracker.py:_activate_slot,3447_212_479_392_588
S,3,3447,DETECTION,src/tracking/advanced_tracker.py:_activate_slot,3447_230_841_427_941
S,4,3447,DETECTION,src/tracking/advanced_tracker.py:_activate_slot,3447_121_126_284_200
S,6,3447,DETECTION,src/tracking/advanced_tracker.py:_activate_slot,3447_284_1039_478_1141
S,7,3447,DETECTION,src/tracking/advanced_tracker.py:_activate_slot,3447_290_639_492_739
S,2,3447,PREDICTION,src/tracking/advanced_tracker.py:kalman_homography,
S,5,3447,PREDICTION,src/tracking/advanced_tracker.py:kalman_homography,
S,8,3447,PREDICTION,src/tracking/advanced_tracker.py:kalman_homography,
S,9,3447,PREDICTION,src/tracking/advanced_tracker.py:kalman_homography,
L,0,3447,DETECTION,src/tracking/advanced_tracker.py:_activate_slot,3447_566_116_674_223
R,CLAMP,CLAMP,0
L,1,3447,DETECTION,src/tracking/advanced_tracker.py:_activate_slot,3447_212_479_392_588
R,CLAMP,CLAMP,0
L,2,3447,PREDICTION,src/tracking/advanced_tracker.py:kalman_homography,
R,CLAMP,CLAMP,0
L,3,3447,DETECTION,src/tracking/advanced_tracker.py:_activate_slot,3447_230_841_427_941
R,CLAMP,CLAMP,0
L,4,3447,DETECTION,src/tracking/advanced_tracker.py:_activate_slot,3447_121_126_284_200
R,CLAMP,CLAMP,0
L,5,3447,PREDICTION,src/tracking/advanced_tracker.py:kalman_homography,
R,PREDICTION,PREDICTION,1
L,6,3447,DETECTION,src/tracking/advanced_tracker.py:_activate_slot,3447_284_1039_478_1141
R,CLAMP,CLAMP,0
L,7,3447,DETECTION,src/tracking/advanced_tracker.py:_activate_slot,3447_290_639_492_739
R,CLAMP,CLAMP,0
L,8,3447,PREDICTION,src/tracking/advanced_tracker.py:kalman_homography,
R,CLAMP,CLAMP,0
L,9,3447,PREDICTION,src/tracking/advanced_tracker.py:kalman_homography,
R,PREDICTION,PREDICTION,1
A,3447
S,1,3453,DETECTION,src/tracking/advanced_tracker.py:_activate_slot,3453_161_700_333_778
S,3,3453,DETECTION,src/tracking/advanced_tracker.py:_activate_slot,3453_233_841_427_939
S,4,3453,DETECTION,src/tracking/advanced_tracker.py:_activate_slot,3453_118_117_285_197
S,5,3453,DETECTION,src/tracking/advanced_tracker.py:_activate_slot,3453_567_111_673_217
S,7,3453,DETECTION,src/tracking/advanced_tracker.py:_activate_slot,3453_289_636_493_735
S,8,3453,DETECTION,src/tracking/advanced_tracker.py:_activate_slot,3453_367_787_548_887
S,2,3453,PREDICTION,src/tracking/advanced_tracker.py:kalman_homography,
S,6,3453,PREDICTION,src/tracking/advanced_tracker.py:kalman_homography,
S,9,3453,PREDICTION,src/tracking/advanced_tracker.py:kalman_homography,
S,0,3453,PREDICTION,src/tracking/advanced_tracker.py:flow_gapfill_batched,
L,0,3453,PREDICTION,src/tracking/advanced_tracker.py:flow_gapfill_batched,
R,CLAMP,CLAMP,0
L,1,3453,DETECTION,src/tracking/advanced_tracker.py:_activate_slot,3453_161_700_333_778
R,CLAMP,CLAMP,0
L,2,3453,PREDICTION,src/tracking/advanced_tracker.py:kalman_homography,
R,CLAMP,CLAMP,0
L,3,3453,DETECTION,src/tracking/advanced_tracker.py:_activate_slot,3453_233_841_427_939
R,CLAMP,CLAMP,0
L,4,3453,DETECTION,src/tracking/advanced_tracker.py:_activate_slot,3453_118_117_285_197
R,CLAMP,CLAMP,0
L,5,3453,DETECTION,src/tracking/advanced_tracker.py:_activate_slot,3453_567_111_673_217
R,DETECTION,DETECTION,1
L,6,3453,PREDICTION,src/tracking/advanced_tracker.py:kalman_homography,
R,CLAMP,CLAMP,0
L,7,3453,DETECTION,src/tracking/advanced_tracker.py:_activate_slot,3453_289_636_493_735
R,CLAMP,CLAMP,0
L,8,3453,DETECTION,src/tracking/advanced_tracker.py:_activate_slot,3453_367_787_548_887
R,CLAMP,CLAMP,0
L,9,3453,PREDICTION,src/tracking/advanced_tracker.py:kalman_homography,
R,PREDICTION,SUBPIXEL,0
A,3453
S,0,3459,DETECTION,src/tracking/advanced_tracker.py:_activate_slot,3459_567_110_674_213
S,1,3459,DETECTION,src/tracking/advanced_tracker.py:_activate_slot,3459_123_786_294_864
S,2,3459,DETECTION,src/tracking/advanced_tracker.py:_activate_slot,3459_164_696_332_773
S,3,3459,DETECTION,src/tracking/advanced_tracker.py:_activate_slot,3459_231_841_427_936
S,4,3459,DETECTION,src/tracking/advanced_tracker.py:_activate_slot,3459_118_117_284_192
S,6,3459,DETECTION,src/tracking/advanced_tracker.py:_activate_slot,3459_280_1033_484_1131
S,7,3459,DETECTION,src/tracking/advanced_tracker.py:_activate_slot,3459_287_632_492_732
S,8,3459,DETECTION,src/tracking/advanced_tracker.py:_activate_slot,3459_365_794_545_890
S,9,3459,PREDICTION,src/tracking/advanced_tracker.py:kalman_homography,
L,0,3459,DETECTION,src/tracking/advanced_tracker.py:_activate_slot,3459_567_110_674_213
R,CLAMP,CLAMP,0
L,1,3459,DETECTION,src/tracking/advanced_tracker.py:_activate_slot,3459_123_786_294_864
R,CLAMP,CLAMP,0
L,2,3459,DETECTION,src/tracking/advanced_tracker.py:_activate_slot,3459_164_696_332_773
R,CLAMP,CLAMP,0
L,3,3459,DETECTION,src/tracking/advanced_tracker.py:_activate_slot,3459_231_841_427_936
R,CLAMP,CLAMP,0
L,4,3459,DETECTION,src/tracking/advanced_tracker.py:_activate_slot,3459_118_117_284_192
R,CLAMP,CLAMP,0
L,6,3459,DETECTION,src/tracking/advanced_tracker.py:_activate_slot,3459_280_1033_484_1131
R,CLAMP,CLAMP,0
L,7,3459,DETECTION,src/tracking/advanced_tracker.py:_activate_slot,3459_287_632_492_732
R,CLAMP,CLAMP,0
L,8,3459,DETECTION,src/tracking/advanced_tracker.py:_activate_slot,3459_365_794_545_890
R,CLAMP,CLAMP,0
L,9,3459,PREDICTION,src/tracking/advanced_tracker.py:kalman_homography,
R,PREDICTION,SUBPIXEL,0
A,3459
S,0,3465,DETECTION,src/tracking/advanced_tracker.py:_activate_slot,3465_568_107_674_209
S,1,3465,DETECTION,src/tracking/advanced_tracker.py:_activate_slot,3465_115_881_285_960
S,2,3465,DETECTION,src/tracking/advanced_tracker.py:_activate_slot,3465_165_350_392_457
S,3,3465,DETECTION,src/tracking/advanced_tracker.py:_activate_slot,3465_229_839_426_933
S,4,3465,DETECTION,src/tracking/advanced_tracker.py:_activate_slot,3465_117_111_284_188
S,5,3465,DETECTION,src/tracking/advanced_tracker.py:_activate_slot,3465_553_336_674_430
S,6,3465,DETECTION,src/tracking/advanced_tracker.py:_activate_slot,3465_276_1029_488_1135
S,7,3465,DETECTION,src/tracking/advanced_tracker.py:_activate_slot,3465_287_623_493_729
S,8,3465,DETECTION,src/tracking/advanced_tracker.py:_activate_slot,3465_367_795_547_898
S,9,3465,PREDICTION,src/tracking/advanced_tracker.py:kalman_homography,
L,0,3465,DETECTION,src/tracking/advanced_tracker.py:_activate_slot,3465_568_107_674_209
R,CLAMP,CLAMP,0
L,1,3465,DETECTION,src/tracking/advanced_tracker.py:_activate_slot,3465_115_881_285_960
R,CLAMP,CLAMP,0
L,2,3465,DETECTION,src/tracking/advanced_tracker.py:_activate_slot,3465_165_350_392_457
R,CLAMP,CLAMP,0
L,3,3465,DETECTION,src/tracking/advanced_tracker.py:_activate_slot,3465_229_839_426_933
R,CLAMP,CLAMP,0
L,4,3465,DETECTION,src/tracking/advanced_tracker.py:_activate_slot,3465_117_111_284_188
R,CLAMP,CLAMP,0
L,5,3465,DETECTION,src/tracking/advanced_tracker.py:_activate_slot,3465_553_336_674_430
R,DETECTION,DETECTION,1
L,6,3465,DETECTION,src/tracking/advanced_tracker.py:_activate_slot,3465_276_1029_488_1135
R,CLAMP,CLAMP,0
L,7,3465,DETECTION,src/tracking/advanced_tracker.py:_activate_slot,3465_287_623_493_729
R,CLAMP,CLAMP,0
L,8,3465,DETECTION,src/tracking/advanced_tracker.py:_activate_slot,3465_367_795_547_898
R,CLAMP,CLAMP,0
L,9,3465,PREDICTION,src/tracking/advanced_tracker.py:kalman_homography,
R,PREDICTION,SUBPIXEL,0
A,3465
S,1,3471,DETECTION,src/tracking/advanced_tracker.py:_activate_slot,3471_120_880_286_960
S,3,3471,DETECTION,src/tracking/advanced_tracker.py:_activate_slot,3471_167_532_311_604
S,4,3471,DETECTION,src/tracking/advanced_tracker.py:_activate_slot,3471_119_109_285_184
S,6,3471,DETECTION,src/tracking/advanced_tracker.py:_activate_slot,3471_405_576_575_660
S,7,3471,DETECTION,src/tracking/advanced_tracker.py:_activate_slot,3471_283_620_494_726
S,8,3471,DETECTION,src/tracking/advanced_tracker.py:_activate_slot,3471_373_793_546_894
S,5,3471,DETECTION,src/tracking/advanced_tracker.py:_activate_slot,3471_555_332_675_427
S,2,3471,PREDICTION,src/tracking/advanced_tracker.py:kalman_homography,
S,9,3471,PREDICTION,src/tracking/advanced_tracker.py:kalman_homography,
S,0,3471,PREDICTION,src/tracking/advanced_tracker.py:flow_gapfill_batched,
D,2,3471
S,4,3471,PREDICTION,src/tracking/advanced_tracker.py:id_merge,
D,6,3471
S,7,3471,PREDICTION,src/tracking/advanced_tracker.py:id_merge,
L,0,3471,PREDICTION,src/tracking/advanced_tracker.py:flow_gapfill_batched,
R,CLAMP,CLAMP,0
L,1,3471,DETECTION,src/tracking/advanced_tracker.py:_activate_slot,3471_120_880_286_960
R,CLAMP,CLAMP,0
L,3,3471,DETECTION,src/tracking/advanced_tracker.py:_activate_slot,3471_167_532_311_604
R,CLAMP,CLAMP,0
L,4,3471,PREDICTION,src/tracking/advanced_tracker.py:id_merge,
R,CLAMP,CLAMP,0
L,5,3471,DETECTION,src/tracking/advanced_tracker.py:_activate_slot,3471_555_332_675_427
R,DETECTION,DETECTION,1
L,7,3471,PREDICTION,src/tracking/advanced_tracker.py:id_merge,
R,CLAMP,CLAMP,0
L,8,3471,DETECTION,src/tracking/advanced_tracker.py:_activate_slot,3471_373_793_546_894
R,CLAMP,CLAMP,0
L,9,3471,PREDICTION,src/tracking/advanced_tracker.py:kalman_homography,
R,PREDICTION,SUBPIXEL,0
A,3471
S,0,3477,DETECTION,src/tracking/advanced_tracker.py:_activate_slot,3477_572_96_674_200
S,1,3477,DETECTION,src/tracking/advanced_tracker.py:_activate_slot,3477_113_875_287_953
S,2,3477,DETECTION,src/tracking/advanced_tracker.py:_activate_slot,3477_171_444_363_554
S,3,3477,DETECTION,src/tracking/advanced_tracker.py:_activate_slot,3477_167_527_322_602
S,4,3477,DETECTION,src/tracking/advanced_tracker.py:_activate_slot,3477_118_102_285_178
S,5,3477,DETECTION,src/tracking/advanced_tracker.py:_activate_slot,3477_555_330_673_422
S,6,3477,DETECTION,src/tracking/advanced_tracker.py:_activate_slot,3477_169_330_371_449
S,7,3477,DETECTION,src/tracking/advanced_tracker.py:_activate_slot,3477_287_618_495_726
S,8,3477,DETECTION,src/tracking/advanced_tracker.py:_activate_slot,3477_361_790_547_906
S,9,3477,PREDICTION,src/tracking/advanced_tracker.py:kalman_homography,
D,2,3477
S,3,3477,PREDICTION,src/tracking/advanced_tracker.py:id_merge,
L,0,3477,DETECTION,src/tracking/advanced_tracker.py:_activate_slot,3477_572_96_674_200
R,CLAMP,CLAMP,0
L,1,3477,DETECTION,src/tracking/advanced_tracker.py:_activate_slot,3477_113_875_287_953
R,CLAMP,CLAMP,0
L,3,3477,PREDICTION,src/tracking/advanced_tracker.py:id_merge,
R,CLAMP,CLAMP,0
L,4,3477,DETECTION,src/tracking/advanced_tracker.py:_activate_slot,3477_118_102_285_178
R,CLAMP,CLAMP,0
L,5,3477,DETECTION,src/tracking/advanced_tracker.py:_activate_slot,3477_555_330_673_422
R,DETECTION,DETECTION,1
L,6,3477,DETECTION,src/tracking/advanced_tracker.py:_activate_slot,3477_169_330_371_449
R,CLAMP,CLAMP,0
L,7,3477,DETECTION,src/tracking/advanced_tracker.py:_activate_slot,3477_287_618_495_726
R,CLAMP,CLAMP,0
L,8,3477,DETECTION,src/tracking/advanced_tracker.py:_activate_slot,3477_361_790_547_906
R,CLAMP,CLAMP,0
L,9,3477,PREDICTION,src/tracking/advanced_tracker.py:kalman_homography,
R,PREDICTION,SUBPIXEL,0
A,3477
S,0,3483,DETECTION,src/tracking/advanced_tracker.py:_activate_slot,3483_577_93_675_198
S,1,3483,DETECTION,src/tracking/advanced_tracker.py:_activate_slot,3483_115_872_290_952
S,2,3483,DETECTION,src/tracking/advanced_tracker.py:_activate_slot,3483_171_429_345_533
S,3,3483,DETECTION,src/tracking/advanced_tracker.py:_activate_slot,3483_166_513_321_601
S,4,3483,DETECTION,src/tracking/advanced_tracker.py:_activate_slot,3483_411_553_590_648
S,5,3483,DETECTION,src/tracking/advanced_tracker.py:_activate_slot,3483_562_325_674_416
S,7,3483,DETECTION,src/tracking/advanced_tracker.py:_activate_slot,3483_291_616_500_726
S,8,3483,DETECTION,src/tracking/advanced_tracker.py:_activate_slot,3483_362_781_550_901
S,6,3483,PREDICTION,src/tracking/advanced_tracker.py:kalman_homography,
S,9,3483,PREDICTION,src/tracking/advanced_tracker.py:kalman_homography,
D,2,3483
S,3,3483,PREDICTION,src/tracking/advanced_tracker.py:id_merge,
L,0,3483,DETECTION,src/tracking/advanced_tracker.py:_activate_slot,3483_577_93_675_198
R,CLAMP,CLAMP,0
L,1,3483,DETECTION,src/tracking/advanced_tracker.py:_activate_slot,3483_115_872_290_952
R,CLAMP,CLAMP,0
L,3,3483,PREDICTION,src/tracking/advanced_tracker.py:id_merge,
R,CLAMP,CLAMP,0
L,4,3483,DETECTION,src/tracking/advanced_tracker.py:_activate_slot,3483_411_553_590_648
R,CLAMP,CLAMP,0
L,5,3483,DETECTION,src/tracking/advanced_tracker.py:_activate_slot,3483_562_325_674_416
R,DETECTION,DETECTION,1
L,6,3483,PREDICTION,src/tracking/advanced_tracker.py:kalman_homography,
R,CLAMP,CLAMP,0
L,7,3483,DETECTION,src/tracking/advanced_tracker.py:_activate_slot,3483_291_616_500_726
R,CLAMP,CLAMP,0
L,8,3483,DETECTION,src/tracking/advanced_tracker.py:_activate_slot,3483_362_781_550_901
R,CLAMP,CLAMP,0
L,9,3483,PREDICTION,src/tracking/advanced_tracker.py:kalman_homography,
R,PREDICTION,SUBPIXEL,0
A,3483
S,1,3489,DETECTION,src/tracking/advanced_tracker.py:_activate_slot,3489_123_870_296_950
S,2,3489,DETECTION,src/tracking/advanced_tracker.py:_activate_slot,3489_185_415_377_526
S,3,3489,DETECTION,src/tracking/advanced_tracker.py:_activate_slot,3489_172_514_330_600
S,4,3489,DETECTION,src/tracking/advanced_tracker.py:_activate_slot,3489_419_551_594_643
S,5,3489,DETECTION,src/tracking/advanced_tracker.py:_activate_slot,3489_568_322_673_415
S,6,3489,DETECTION,src/tracking/advanced_tracker.py:_activate_slot,3489_359_793_553_898
S,7,3489,DETECTION,src/tracking/advanced_tracker.py:_activate_slot,3489_303_612_495_727
S,8,3489,PREDICTION,src/tracking/advanced_tracker.py:kalman_homography,
S,0,3489,PREDICTION,src/tracking/advanced_tracker.py:flow_gapfill_batched,
S,9,3489,PREDICTION,src/tracking/advanced_tracker.py:flow_gapfill_batched,
D,2,3489
S,3,3489,PREDICTION,src/tracking/advanced_tracker.py:id_merge,
D,8,3489
S,6,3489,PREDICTION,src/tracking/advanced_tracker.py:id_merge,
L,0,3489,PREDICTION,src/tracking/advanced_tracker.py:flow_gapfill_batched,
R,CLAMP,CLAMP,0
L,1,3489,DETECTION,src/tracking/advanced_tracker.py:_activate_slot,3489_123_870_296_950
R,CLAMP,CLAMP,0
L,3,3489,PREDICTION,src/tracking/advanced_tracker.py:id_merge,
R,CLAMP,CLAMP,0
L,4,3489,DETECTION,src/tracking/advanced_tracker.py:_activate_slot,3489_419_551_594_643
R,CLAMP,CLAMP,0
L,5,3489,DETECTION,src/tracking/advanced_tracker.py:_activate_slot,3489_568_322_673_415
R,DETECTION,DETECTION,1
L,6,3489,PREDICTION,src/tracking/advanced_tracker.py:id_merge,
R,PREDICTION,PREDICTION,1
L,7,3489,DETECTION,src/tracking/advanced_tracker.py:_activate_slot,3489_303_612_495_727
R,CLAMP,CLAMP,0
L,9,3489,PREDICTION,src/tracking/advanced_tracker.py:flow_gapfill_batched,
R,PREDICTION,PREDICTION,1
A,3489
S,1,3495,DETECTION,src/tracking/advanced_tracker.py:_activate_slot,3495_128_870_304_950
S,2,3495,DETECTION,src/tracking/advanced_tracker.py:_activate_slot,3495_197_404_411_521
S,3,3495,DETECTION,src/tracking/advanced_tracker.py:_activate_slot,3495_160_521_341_603
S,0,3495,DETECTION,src/tracking/advanced_tracker.py:_activate_slot,3495_590_86_674_187
S,5,3495,DETECTION,src/tracking/advanced_tracker.py:_activate_slot,3495_576_322_674_412
S,6,3495,DETECTION,src/tracking/advanced_tracker.py:_activate_slot,3495_422_554_606_641
S,7,3495,DETECTION,src/tracking/advanced_tracker.py:_activate_slot,3495_316_619_502_731
S,8,3495,DETECTION,src/tracking/advanced_tracker.py:_activate_slot,3495_351_794_560_898
S,9,3495,DETECTION,src/tracking/advanced_tracker.py:_activate_slot,3495_242_830_444_926
S,4,3495,PREDICTION,src/tracking/advanced_tracker.py:flow_gapfill_batched,
L,0,3495,DETECTION,src/tracking/advanced_tracker.py:_activate_slot,3495_590_86_674_187
R,CLAMP,CLAMP,0
L,1,3495,DETECTION,src/tracking/advanced_tracker.py:_activate_slot,3495_128_870_304_950
R,CLAMP,CLAMP,0
L,2,3495,DETECTION,src/tracking/advanced_tracker.py:_activate_slot,3495_197_404_411_521
R,CLAMP,CLAMP,0
L,3,3495,DETECTION,src/tracking/advanced_tracker.py:_activate_slot,3495_160_521_341_603
R,CLAMP,CLAMP,0
L,4,3495,PREDICTION,src/tracking/advanced_tracker.py:flow_gapfill_batched,
R,CLAMP,CLAMP,0
L,5,3495,DETECTION,src/tracking/advanced_tracker.py:_activate_slot,3495_576_322_674_412
R,DETECTION,DETECTION,1
L,6,3495,DETECTION,src/tracking/advanced_tracker.py:_activate_slot,3495_422_554_606_641
R,DETECTION,DETECTION,1
L,7,3495,DETECTION,src/tracking/advanced_tracker.py:_activate_slot,3495_316_619_502_731
R,CLAMP,CLAMP,0
L,8,3495,DETECTION,src/tracking/advanced_tracker.py:_activate_slot,3495_351_794_560_898
R,CLAMP,CLAMP,0
L,9,3495,DETECTION,src/tracking/advanced_tracker.py:_activate_slot,3495_242_830_444_926
R,DETECTION,DETECTION,1
A,3495
S,0,3501,DETECTION,src/tracking/advanced_tracker.py:_activate_slot,3501_125_420_248_495
S,1,3501,DETECTION,src/tracking/advanced_tracker.py:_activate_slot,3501_133_868_310_951
S,2,3501,DETECTION,src/tracking/advanced_tracker.py:_activate_slot,3501_222_394_417_508
S,3,3501,DETECTION,src/tracking/advanced_tracker.py:_activate_slot,3501_159_524_352_616
S,6,3501,DETECTION,src/tracking/advanced_tracker.py:_activate_slot,3501_433_556_610_642
S,7,3501,DETECTION,src/tracking/advanced_tracker.py:_activate_slot,3501_322_616_508_738
S,8,3501,DETECTION,src/tracking/advanced_tracker.py:_activate_slot,3501_349_793_543_897
S,5,3501,DETECTION,src/tracking/advanced_tracker.py:_activate_slot,3501_585_324_674_413
S,9,3501,PREDICTION,src/tracking/advanced_tracker.py:kalman_homography,
S,4,3501,PREDICTION,src/tracking/advanced_tracker.py:flow_gapfill_batched,
D,9,3501
S,8,3501,PREDICTION,src/tracking/advanced_tracker.py:id_merge,
L,0,3501,DETECTION,src/tracking/advanced_tracker.py:_activate_slot,3501_125_420_248_495
R,CLAMP,CLAMP,0
L,1,3501,DETECTION,src/tracking/advanced_tracker.py:_activate_slot,3501_133_868_310_951
R,CLAMP,CLAMP,0
L,2,3501,DETECTION,src/tracking/advanced_tracker.py:_activate_slot,3501_222_394_417_508
R,CLAMP,CLAMP,0
L,3,3501,DETECTION,src/tracking/advanced_tracker.py:_activate_slot,3501_159_524_352_616
R,CLAMP,CLAMP,0
L,4,3501,PREDICTION,src/tracking/advanced_tracker.py:flow_gapfill_batched,
R,CLAMP,CLAMP,0
L,5,3501,DETECTION,src/tracking/advanced_tracker.py:_activate_slot,3501_585_324_674_413
R,DETECTION,DETECTION,1
L,6,3501,DETECTION,src/tracking/advanced_tracker.py:_activate_slot,3501_433_556_610_642
R,DETECTION,DETECTION,1
L,7,3501,DETECTION,src/tracking/advanced_tracker.py:_activate_slot,3501_322_616_508_738
R,CLAMP,CLAMP,0
L,8,3501,PREDICTION,src/tracking/advanced_tracker.py:id_merge,
R,CLAMP,CLAMP,0
A,3501
S,0,3507,DETECTION,src/tracking/advanced_tracker.py:_activate_slot,3507_590_321_674_410
S,1,3507,DETECTION,src/tracking/advanced_tracker.py:_activate_slot,3507_139_869_313_947
S,2,3507,DETECTION,src/tracking/advanced_tracker.py:_activate_slot,3507_225_386_428_486
S,3,3507,DETECTION,src/tracking/advanced_tracker.py:_activate_slot,3507_175_532_358_624
S,5,3507,DETECTION,src/tracking/advanced_tracker.py:_activate_slot,3507_287_891_491_1029
S,6,3507,DETECTION,src/tracking/advanced_tracker.py:_activate_slot,3507_435_558_620_642
S,7,3507,DETECTION,src/tracking/advanced_tracker.py:_activate_slot,3507_314_617_515_741
S,8,3507,DETECTION,src/tracking/advanced_tracker.py:_activate_slot,3507_345_785_549_894
S,9,3507,DETECTION,src/tracking/advanced_tracker.py:_activate_slot,3507_259_832_462_926
S,4,3507,PREDICTION,src/tracking/advanced_tracker.py:flow_gapfill_batched,
D,5,3507
S,9,3507,PREDICTION,src/tracking/advanced_tracker.py:id_merge,
D,8,3507
S,9,3507,PREDICTION,src/tracking/advanced_tracker.py:id_merge,
L,0,3507,DETECTION,src/tracking/advanced_tracker.py:_activate_slot,3507_590_321_674_410
R,CLAMP,CLAMP,0
L,1,3507,DETECTION,src/tracking/advanced_tracker.py:_activate_slot,3507_139_869_313_947
R,CLAMP,CLAMP,0
L,2,3507,DETECTION,src/tracking/advanced_tracker.py:_activate_slot,3507_225_386_428_486
R,CLAMP,CLAMP,0
L,3,3507,DETECTION,src/tracking/advanced_tracker.py:_activate_slot,3507_175_532_358_624
R,CLAMP,CLAMP,0
L,4,3507,PREDICTION,src/tracking/advanced_tracker.py:flow_gapfill_batched,
R,CLAMP,CLAMP,0
L,6,3507,DETECTION,src/tracking/advanced_tracker.py:_activate_slot,3507_435_558_620_642
R,DETECTION,DETECTION,1
L,7,3507,DETECTION,src/tracking/advanced_tracker.py:_activate_slot,3507_314_617_515_741
R,CLAMP,CLAMP,0
L,9,3507,PREDICTION,src/tracking/advanced_tracker.py:id_merge,
R,PREDICTION,PREDICTION,1
A,3507
S,0,3513,DETECTION,src/tracking/advanced_tracker.py:_activate_slot,3513_130_418_258_493
S,1,3513,DETECTION,src/tracking/advanced_tracker.py:_activate_slot,3513_140_868_316_948
S,2,3513,DETECTION,src/tracking/advanced_tracker.py:_activate_slot,3513_223_374_426_466
S,3,3513,DETECTION,src/tracking/advanced_tracker.py:_activate_slot,3513_194_538_366_628
S,6,3513,DETECTION,src/tracking/advanced_tracker.py:_activate_slot,3513_439_556_621_641
S,7,3513,DETECTION,src/tracking/advanced_tracker.py:_activate_slot,3513_308_647_507_749
S,9,3513,DETECTION,src/tracking/advanced_tracker.py:_activate_slot,3513_284_872_492_967
S,8,3513,DETECTION,src/tracking/advanced_tracker.py:_activate_slot,3513_346_781_543_904
S,5,3513,PREDICTION,src/tracking/advanced_tracker.py:kalman_homography,
S,4,3513,PREDICTION,src/tracking/advanced_tracker.py:flow_gapfill_batched,
D,8,3513
S,9,3513,PREDICTION,src/tracking/advanced_tracker.py:id_merge,
L,0,3513,DETECTION,src/tracking/advanced_tracker.py:_activate_slot,3513_130_418_258_493
R,CLAMP,CLAMP,0
L,1,3513,DETECTION,src/tracking/advanced_tracker.py:_activate_slot,3513_140_868_316_948
R,CLAMP,CLAMP,0
L,2,3513,DETECTION,src/tracking/advanced_tracker.py:_activate_slot,3513_223_374_426_466
R,CLAMP,CLAMP,0
L,3,3513,DETECTION,src/tracking/advanced_tracker.py:_activate_slot,3513_194_538_366_628
R,CLAMP,CLAMP,0
L,4,3513,PREDICTION,src/tracking/advanced_tracker.py:flow_gapfill_batched,
R,CLAMP,CLAMP,0
L,5,3513,PREDICTION,src/tracking/advanced_tracker.py:kalman_homography,
R,CLAMP,CLAMP,0
L,6,3513,DETECTION,src/tracking/advanced_tracker.py:_activate_slot,3513_439_556_621_641
R,DETECTION,DETECTION,1
L,7,3513,DETECTION,src/tracking/advanced_tracker.py:_activate_slot,3513_308_647_507_749
R,CLAMP,CLAMP,0
L,9,3513,PREDICTION,src/tracking/advanced_tracker.py:id_merge,
R,PREDICTION,PREDICTION,1
A,3513
S,0,3519,DETECTION,src/tracking/advanced_tracker.py:_activate_slot,3519_133_417_260_493
S,1,3519,DETECTION,src/tracking/advanced_tracker.py:_activate_slot,3519_152_86_322_162
S,2,3519,DETECTION,src/tracking/advanced_tracker.py:_activate_slot,3519_228_364_430_456
S,3,3519,DETECTION,src/tracking/advanced_tracker.py:_activate_slot,3519_192_541_370_635
S,6,3519,DETECTION,src/tracking/advanced_tracker.py:_activate_slot,3519_440_556_622_642
S,8,3519,DETECTION,src/tracking/advanced_tracker.py:_activate_slot,3519_142_870_317_946
S,10,3519,DETECTION,src/tracking/advanced_tracker.py:_activate_slot,3519_121_323_272_402
S,5,3519,PREDICTION,src/tracking/advanced_tracker.py:kalman_homography,
S,7,3519,PREDICTION,src/tracking/advanced_tracker.py:kalman_homography,
S,9,3519,PREDICTION,src/tracking/advanced_tracker.py:kalman_homography,
S,4,3519,PREDICTION,src/tracking/advanced_tracker.py:flow_gapfill_batched,
L,0,3519,DETECTION,src/tracking/advanced_tracker.py:_activate_slot,3519_133_417_260_493
R,CLAMP,CLAMP,0
L,1,3519,DETECTION,src/tracking/advanced_tracker.py:_activate_slot,3519_152_86_322_162
R,CLAMP,CLAMP,0
L,2,3519,DETECTION,src/tracking/advanced_tracker.py:_activate_slot,3519_228_364_430_456
R,CLAMP,CLAMP,0
L,3,3519,DETECTION,src/tracking/advanced_tracker.py:_activate_slot,3519_192_541_370_635
R,CLAMP,CLAMP,0
L,4,3519,PREDICTION,src/tracking/advanced_tracker.py:flow_gapfill_batched,
R,CLAMP,CLAMP,0
L,5,3519,PREDICTION,src/tracking/advanced_tracker.py:kalman_homography,
R,CLAMP,CLAMP,0
L,6,3519,DETECTION,src/tracking/advanced_tracker.py:_activate_slot,3519_440_556_622_642
R,DETECTION,DETECTION,1
L,7,3519,PREDICTION,src/tracking/advanced_tracker.py:kalman_homography,
R,CLAMP,CLAMP,0
L,8,3519,DETECTION,src/tracking/advanced_tracker.py:_activate_slot,3519_142_870_317_946
R,CLAMP,CLAMP,0
L,9,3519,PREDICTION,src/tracking/advanced_tracker.py:kalman_homography,
R,PREDICTION,PREDICTION,1
A,3519
S,0,3525,DETECTION,src/tracking/advanced_tracker.py:_activate_slot,3525_135_416_261_492
S,2,3525,DETECTION,src/tracking/advanced_tracker.py:_activate_slot,3525_242_349_433_448
S,3,3525,DETECTION,src/tracking/advanced_tracker.py:_activate_slot,3525_189_548_373_636
S,4,3525,DETECTION,src/tracking/advanced_tracker.py:_activate_slot,3525_153_85_322_161
S,6,3525,DETECTION,src/tracking/advanced_tracker.py:_activate_slot,3525_443_556_621_642
S,7,3525,DETECTION,src/tracking/advanced_tracker.py:_activate_slot,3525_225_249_430_339
S,10,3525,DETECTION,src/tracking/advanced_tracker.py:_activate_slot,3525_121_321_272_401
S,1,3525,PREDICTION,src/tracking/advanced_tracker.py:kalman_homography,
S,8,3525,PREDICTION,src/tracking/advanced_tracker.py:kalman_homography,
S,9,3525,PREDICTION,src/tracking/advanced_tracker.py:kalman_homography,
S,5,3525,PREDICTION,src/tracking/advanced_tracker.py:flow_gapfill_batched,
D,1,3525
S,4,3525,PREDICTION,src/tracking/advanced_tracker.py:id_merge,
D,5,3525
S,9,3525,PREDICTION,src/tracking/advanced_tracker.py:id_merge,
L,0,3525,DETECTION,src/tracking/advanced_tracker.py:_activate_slot,3525_135_416_261_492
R,CLAMP,CLAMP,0
L,2,3525,DETECTION,src/tracking/advanced_tracker.py:_activate_slot,3525_242_349_433_448
R,CLAMP,CLAMP,0
L,3,3525,DETECTION,src/tracking/advanced_tracker.py:_activate_slot,3525_189_548_373_636
R,CLAMP,CLAMP,0
L,4,3525,PREDICTION,src/tracking/advanced_tracker.py:id_merge,
R,CLAMP,CLAMP,0
L,6,3525,DETECTION,src/tracking/advanced_tracker.py:_activate_slot,3525_443_556_621_642
R,DETECTION,SUBPIXEL,0
L,7,3525,DETECTION,src/tracking/advanced_tracker.py:_activate_slot,3525_225_249_430_339
R,CLAMP,CLAMP,0
L,8,3525,PREDICTION,src/tracking/advanced_tracker.py:kalman_homography,
R,CLAMP,CLAMP,0
L,9,3525,PREDICTION,src/tracking/advanced_tracker.py:id_merge,
R,PREDICTION,PREDICTION,1
A,3525
S,0,3531,DETECTION,src/tracking/advanced_tracker.py:_activate_slot,3531_135_415_261_491
S,1,3531,DETECTION,src/tracking/advanced_tracker.py:_activate_slot,3531_153_83_322_158
S,2,3531,DETECTION,src/tracking/advanced_tracker.py:_activate_slot,3531_230_312_432_449
S,3,3531,DETECTION,src/tracking/advanced_tracker.py:_activate_slot,3531_231_240_431_334
S,4,3531,DETECTION,src/tracking/advanced_tracker.py:_activate_slot,3531_138_870_316_946
S,8,3531,DETECTION,src/tracking/advanced_tracker.py:_activate_slot,3531_306_695_512_845
S,9,3531,DETECTION,src/tracking/advanced_tracker.py:_activate_slot,3531_261_789_474_913
S,10,3531,DETECTION,src/tracking/advanced_tracker.py:_activate_slot,3531_122_321_268_401
S,6,3531,PREDICTION,src/tracking/advanced_tracker.py:kalman_homography,
S,7,3531,PREDICTION,src/tracking/advanced_tracker.py:kalman_homography,
S,5,3531,PREDICTION,src/tracking/advanced_tracker.py:flow_gapfill_batched,
D,2,3531
S,3,3531,PREDICTION,src/tracking/advanced_tracker.py:id_merge,
D,5,3531
S,9,3531,PREDICTION,src/tracking/advanced_tracker.py:id_merge,
D,8,3531
S,9,3531,PREDICTION,src/tracking/advanced_tracker.py:id_merge,
L,0,3531,DETECTION,src/tracking/advanced_tracker.py:_activate_slot,3531_135_415_261_491
R,CLAMP,CLAMP,0
L,1,3531,DETECTION,src/tracking/advanced_tracker.py:_activate_slot,3531_153_83_322_158
R,CLAMP,CLAMP,0
L,3,3531,PREDICTION,src/tracking/advanced_tracker.py:id_merge,
R,CLAMP,CLAMP,0
L,4,3531,DETECTION,src/tracking/advanced_tracker.py:_activate_slot,3531_138_870_316_946
R,CLAMP,CLAMP,0
L,6,3531,PREDICTION,src/tracking/advanced_tracker.py:kalman_homography,
R,PREDICTION,PREDICTION,1
L,7,3531,PREDICTION,src/tracking/advanced_tracker.py:kalman_homography,
R,CLAMP,CLAMP,0
L,9,3531,PREDICTION,src/tracking/advanced_tracker.py:id_merge,
R,PREDICTION,PREDICTION,1
A,3531
S,1,3537,DETECTION,src/tracking/advanced_tracker.py:_activate_slot,3537_151_82_321_158
S,2,3537,DETECTION,src/tracking/advanced_tracker.py:_activate_slot,3537_230_304_431_413
S,3,3537,DETECTION,src/tracking/advanced_tracker.py:_activate_slot,3537_230_220_429_330
S,4,3537,DETECTION,src/tracking/advanced_tracker.py:_activate_slot,3537_138_870_315_946
S,0,3537,DETECTION,src/tracking/advanced_tracker.py:_activate_slot,3537_135_414_260_491
S,6,3537,DETECTION,src/tracking/advanced_tracker.py:_activate_slot,3537_447_555_621_642
S,8,3537,DETECTION,src/tracking/advanced_tracker.py:_activate_slot,3537_296_685_510_824
S,10,3537,DETECTION,src/tracking/advanced_tracker.py:_activate_slot,3537_120_320_271_402
S,7,3537,PREDICTION,src/tracking/advanced_tracker.py:kalman_homography,
S,9,3537,PREDICTION,src/tracking/advanced_tracker.py:kalman_homography,
S,5,3537,PREDICTION,src/tracking/advanced_tracker.py:flow_gapfill_batched,
D,2,3537
S,3,3537,PREDICTION,src/tracking/advanced_tracker.py:id_merge,
D,9,3537
S,8,3537,PREDICTION,src/tracking/advanced_tracker.py:id_merge,
L,0,3537,DETECTION,src/tracking/advanced_tracker.py:_activate_slot,3537_135_414_260_491
R,CLAMP,CLAMP,0
L,1,3537,DETECTION,src/tracking/advanced_tracker.py:_activate_slot,3537_151_82_321_158
R,CLAMP,CLAMP,0
L,3,3537,PREDICTION,src/tracking/advanced_tracker.py:id_merge,
R,CLAMP,CLAMP,0
L,4,3537,DETECTION,src/tracking/advanced_tracker.py:_activate_slot,3537_138_870_315_946
R,CLAMP,CLAMP,0
L,5,3537,PREDICTION,src/tracking/advanced_tracker.py:flow_gapfill_batched,
R,CLAMP,CLAMP,0
L,6,3537,DETECTION,src/tracking/advanced_tracker.py:_activate_slot,3537_447_555_621_642
R,DETECTION,DETECTION,1
L,7,3537,PREDICTION,src/tracking/advanced_tracker.py:kalman_homography,
R,CLAMP,CLAMP,0
L,8,3537,PREDICTION,src/tracking/advanced_tracker.py:id_merge,
R,CLAMP,CLAMP,0
A,3537
S,0,3543,DETECTION,src/tracking/advanced_tracker.py:_activate_slot,3543_133_413_260_491
S,1,3543,DETECTION,src/tracking/advanced_tracker.py:_activate_slot,3543_149_80_322_155
S,2,3543,DETECTION,src/tracking/advanced_tracker.py:_activate_slot,3543_228_288_437_392
S,3,3543,DETECTION,src/tracking/advanced_tracker.py:_activate_slot,3543_450_556_622_643
S,4,3543,DETECTION,src/tracking/advanced_tracker.py:_activate_slot,3543_138_872_316_948
S,8,3543,DETECTION,src/tracking/advanced_tracker.py:_activate_slot,3543_289_675_506_823
S,9,3543,DETECTION,src/tracking/advanced_tracker.py:_activate_slot,3543_258_797_442_907
S,10,3543,DETECTION,src/tracking/advanced_tracker.py:_activate_slot,3543_120_321_278_398
S,6,3543,PREDICTION,src/tracking/advanced_tracker.py:kalman_homography,
S,5,3543,PREDICTION,src/tracking/advanced_tracker.py:flow_gapfill_batched,
S,7,3543,PREDICTION,src/tracking/advanced_tracker.py:flow_gapfill_batched,
D,5,3543
S,9,3543,PREDICTION,src/tracking/advanced_tracker.py:id_merge,
L,0,3543,DETECTION,src/tracking/advanced_tracker.py:_activate_slot,3543_133_413_260_491
R,CLAMP,CLAMP,0
L,1,3543,DETECTION,src/tracking/advanced_tracker.py:_activate_slot,3543_149_80_322_155
R,CLAMP,CLAMP,0
L,2,3543,DETECTION,src/tracking/advanced_tracker.py:_activate_slot,3543_228_288_437_392
R,CLAMP,CLAMP,0
L,3,3543,DETECTION,src/tracking/advanced_tracker.py:_activate_slot,3543_450_556_622_643
R,CLAMP,CLAMP,0
L,4,3543,DETECTION,src/tracking/advanced_tracker.py:_activate_slot,3543_138_872_316_948
R,CLAMP,CLAMP,0
L,6,3543,PREDICTION,src/tracking/advanced_tracker.py:kalman_homography,
R,PREDICTION,PREDICTION,1
L,7,3543,PREDICTION,src/tracking/advanced_tracker.py:flow_gapfill_batched,
R,CLAMP,CLAMP,0
L,8,3543,DETECTION,src/tracking/advanced_tracker.py:_activate_slot,3543_289_675_506_823
R,CLAMP,CLAMP,0
L,9,3543,PREDICTION,src/tracking/advanced_tracker.py:id_merge,
R,PREDICTION,PREDICTION,1
A,3543
S,0,3549,DETECTION,src/tracking/advanced_tracker.py:_activate_slot,3549_132_412_259_490
S,1,3549,DETECTION,src/tracking/advanced_tracker.py:_activate_slot,3549_450_556_622_644
S,2,3549,DETECTION,src/tracking/advanced_tracker.py:_activate_slot,3549_233_272_431_370
S,3,3549,DETECTION,src/tracking/advanced_tracker.py:_activate_slot,3549_255_781_440_906
S,4,3549,DETECTION,src/tracking/advanced_tracker.py:_activate_slot,3549_137_870_318_949
S,8,3549,DETECTION,src/tracking/advanced_tracker.py:_activate_slot,3549_293_660_499_794
S,10,3549,DETECTION,src/tracking/advanced_tracker.py:_activate_slot,3549_120_318_277_399
S,6,3549,PREDICTION,src/tracking/advanced_tracker.py:kalman_homography,
S,9,3549,PREDICTION,src/tracking/advanced_tracker.py:kalman_homography,
S,5,3549,PREDICTION,src/tracking/advanced_tracker.py:flow_gapfill_batched,
S,7,3549,PREDICTION,src/tracking/advanced_tracker.py:flow_gapfill_batched,
D,5,3549
S,9,3549,PREDICTION,src/tracking/advanced_tracker.py:id_merge,
L,0,3549,DETECTION,src/tracking/advanced_tracker.py:_activate_slot,3549_132_412_259_490
R,CLAMP,CLAMP,0
L,1,3549,DETECTION,src/tracking/advanced_tracker.py:_activate_slot,3549_450_556_622_644
R,CLAMP,CLAMP,0
L,2,3549,DETECTION,src/tracking/advanced_tracker.py:_activate_slot,3549_233_272_431_370
R,CLAMP,CLAMP,0
L,3,3549,DETECTION,src/tracking/advanced_tracker.py:_activate_slot,3549_255_781_440_906
R,CLAMP,CLAMP,0
L,4,3549,DETECTION,src/tracking/advanced_tracker.py:_activate_slot,3549_137_870_318_949
R,CLAMP,CLAMP,0
L,6,3549,PREDICTION,src/tracking/advanced_tracker.py:kalman_homography,
R,PREDICTION,PREDICTION,1
L,7,3549,PREDICTION,src/tracking/advanced_tracker.py:flow_gapfill_batched,
R,CLAMP,CLAMP,0
L,8,3549,DETECTION,src/tracking/advanced_tracker.py:_activate_slot,3549_293_660_499_794
R,CLAMP,CLAMP,0
L,9,3549,PREDICTION,src/tracking/advanced_tracker.py:id_merge,
R,PREDICTION,PREDICTION,1
A,3549
S,1,3555,DETECTION,src/tracking/advanced_tracker.py:_activate_slot,3555_450_556_623_644
S,2,3555,DETECTION,src/tracking/advanced_tracker.py:_activate_slot,3555_234_254_430_343
S,3,3555,DETECTION,src/tracking/advanced_tracker.py:_activate_slot,3555_131_412_259_489
S,4,3555,DETECTION,src/tracking/advanced_tracker.py:_activate_slot,3555_138_865_312_947
S,7,3555,DETECTION,src/tracking/advanced_tracker.py:_activate_slot,3555_229_186_425_278
S,9,3555,DETECTION,src/tracking/advanced_tracker.py:_activate_slot,3555_250_751_444_906
S,10,3555,DETECTION,src/tracking/advanced_tracker.py:_activate_slot,3555_120_318_273_398
S,0,3555,PREDICTION,src/tracking/advanced_tracker.py:kalman_homography,
S,6,3555,PREDICTION,src/tracking/advanced_tracker.py:kalman_homography,
S,8,3555,PREDICTION,src/tracking/advanced_tracker.py:kalman_homography,
S,5,3555,PREDICTION,src/tracking/advanced_tracker.py:flow_gapfill_batched,
D,0,3555
S,3,3555,PREDICTION,src/tracking/advanced_tracker.py:id_merge,
L,1,3555,DETECTION,src/tracking/advanced_tracker.py:_activate_slot,3555_450_556_623_644
R,CLAMP,CLAMP,0
L,2,3555,DETECTION,src/tracking/advanced_tracker.py:_activate_slot,3555_234_254_430_343
R,CLAMP,CLAMP,0
L,3,3555,PREDICTION,src/tracking/advanced_tracker.py:id_merge,
R,CLAMP,CLAMP,0
L,4,3555,DETECTION,src/tracking/advanced_tracker.py:_activate_slot,3555_138_865_312_947
R,CLAMP,CLAMP,0
L,5,3555,PREDICTION,src/tracking/advanced_tracker.py:flow_gapfill_batched,
R,CLAMP,CLAMP,0
L,6,3555,PREDICTION,src/tracking/advanced_tracker.py:kalman_homography,
R,PREDICTION,SUBPIXEL,0
L,7,3555,DETECTION,src/tracking/advanced_tracker.py:_activate_slot,3555_229_186_425_278
R,CLAMP,CLAMP,0
L,8,3555,PREDICTION,src/tracking/advanced_tracker.py:kalman_homography,
R,CLAMP,CLAMP,0
L,9,3555,DETECTION,src/tracking/advanced_tracker.py:_activate_slot,3555_250_751_444_906
R,DETECTION,DETECTION,1
A,3555
S,0,3561,DETECTION,src/tracking/advanced_tracker.py:_activate_slot,3561_130_412_258_489
S,1,3561,DETECTION,src/tracking/advanced_tracker.py:_activate_slot,3561_451_558_623_644
S,2,3561,DETECTION,src/tracking/advanced_tracker.py:_activate_slot,3561_226_166_424_246
S,3,3561,DETECTION,src/tracking/advanced_tracker.py:_activate_slot,3561_145_466_297_587
S,4,3561,DETECTION,src/tracking/advanced_tracker.py:_activate_slot,3561_136_862_312_948
S,9,3561,DETECTION,src/tracking/advanced_tracker.py:_activate_slot,3561_252_729_435_898
S,8,3561,DETECTION,src/tracking/advanced_tracker.py:_activate_slot,3561_289_623_498_747
S,10,3561,DETECTION,src/tracking/advanced_tracker.py:_activate_slot,3561_117_320_273_398
S,6,3561,PREDICTION,src/tracking/advanced_tracker.py:kalman_homography,
S,7,3561,PREDICTION,src/tracking/advanced_tracker.py:kalman_homography,
D,0,3561
S,3,3561,PREDICTION,src/tracking/advanced_tracker.py:id_merge,
L,1,3561,DETECTION,src/tracking/advanced_tracker.py:_activate_slot,3561_451_558_623_644
R,CLAMP,CLAMP,0
L,2,3561,DETECTION,src/tracking/advanced_tracker.py:_activate_slot,3561_226_166_424_246
R,CLAMP,CLAMP,0
L,3,3561,PREDICTION,src/tracking/advanced_tracker.py:id_merge,
R,CLAMP,CLAMP,0
L,4,3561,DETECTION,src/tracking/advanced_tracker.py:_activate_slot,3561_136_862_312_948
R,CLAMP,CLAMP,0
L,6,3561,PREDICTION,src/tracking/advanced_tracker.py:kalman_homography,
R,PREDICTION,PREDICTION,1
L,7,3561,PREDICTION,src/tracking/advanced_tracker.py:kalman_homography,
R,CLAMP,CLAMP,0
L,8,3561,DETECTION,src/tracking/advanced_tracker.py:_activate_slot,3561_289_623_498_747
R,CLAMP,CLAMP,0
L,9,3561,DETECTION,src/tracking/advanced_tracker.py:_activate_slot,3561_252_729_435_898
R,DETECTION,DETECTION,1
A,3561
S,0,3567,DETECTION,src/tracking/advanced_tracker.py:_activate_slot,3567_129_410_258_488
S,1,3567,DETECTION,src/tracking/advanced_tracker.py:_activate_slot,3567_154_55_322_149
S,2,3567,DETECTION,src/tracking/advanced_tracker.py:_activate_slot,3567_230_139_436_229
S,3,3567,DETECTION,src/tracking/advanced_tracker.py:_activate_slot,3567_150_449_296_570
S,4,3567,DETECTION,src/tracking/advanced_tracker.py:_activate_slot,3567_133_856_310_950
S,8,3567,DETECTION,src/tracking/advanced_tracker.py:_activate_slot,3567_283_604_491_739
S,10,3567,DETECTION,src/tracking/advanced_tracker.py:_activate_slot,3567_118_319_274_392
S,6,3567,PREDICTION,src/tracking/advanced_tracker.py:kalman_homography,
S,7,3567,PREDICTION,src/tracking/advanced_tracker.py:kalman_homography,
S,9,3567,PREDICTION,src/tracking/advanced_tracker.py:kalman_homography,
D,0,3567
S,3,3567,PREDICTION,src/tracking/advanced_tracker.py:id_merge,
D,1,3567
S,2,3567,PREDICTION,src/tracking/advanced_tracker.py:id_merge,
L,2,3567,PREDICTION,src/tracking/advanced_tracker.py:id_merge,
R,CLAMP,CLAMP,0
L,3,3567,PREDICTION,src/tracking/advanced_tracker.py:id_merge,
R,CLAMP,CLAMP,0
L,4,3567,DETECTION,src/tracking/advanced_tracker.py:_activate_slot,3567_133_856_310_950
R,CLAMP,CLAMP,0
L,6,3567,PREDICTION,src/tracking/advanced_tracker.py:kalman_homography,
R,PREDICTION,PREDICTION,1
L,7,3567,PREDICTION,src/tracking/advanced_tracker.py:kalman_homography,
R,CLAMP,CLAMP,0
L,8,3567,DETECTION,src/tracking/advanced_tracker.py:_activate_slot,3567_283_604_491_739
R,CLAMP,CLAMP,0
L,9,3567,PREDICTION,src/tracking/advanced_tracker.py:kalman_homography,
R,PREDICTION,PREDICTION,1
A,3567
S,0,3573,DETECTION,src/tracking/advanced_tracker.py:_activate_slot,3573_229_185_428_276
S,1,3573,DETECTION,src/tracking/advanced_tracker.py:_activate_slot,3573_154_43_322_146
S,2,3573,DETECTION,src/tracking/advanced_tracker.py:_activate_slot,3573_233_108_437_214
S,4,3573,DETECTION,src/tracking/advanced_tracker.py:_activate_slot,3573_134_854_309_946
S,8,3573,DETECTION,src/tracking/advanced_tracker.py:_activate_slot,3573_283_612_476_739
S,10,3573,DETECTION,src/tracking/advanced_tracker.py:_activate_slot,3573_118_316_273_389
S,3,3573,PREDICTION,src/tracking/advanced_tracker.py:kalman_homography,
S,6,3573,PREDICTION,src/tracking/advanced_tracker.py:kalman_homography,
S,7,3573,PREDICTION,src/tracking/advanced_tracker.py:kalman_homography,
S,9,3573,PREDICTION,src/tracking/advanced_tracker.py:kalman_homography,
D,0,3573
S,1,3573,PREDICTION,src/tracking/advanced_tracker.py:id_merge,
D,1,3573
S,2,3573,PREDICTION,src/tracking/advanced_tracker.py:id_merge,
L,2,3573,PREDICTION,src/tracking/advanced_tracker.py:id_merge,
R,CLAMP,CLAMP,0
L,3,3573,PREDICTION,src/tracking/advanced_tracker.py:kalman_homography,
R,CLAMP,CLAMP,0
L,4,3573,DETECTION,src/tracking/advanced_tracker.py:_activate_slot,3573_134_854_309_946
R,CLAMP,CLAMP,0
L,6,3573,PREDICTION,src/tracking/advanced_tracker.py:kalman_homography,
R,PREDICTION,PREDICTION,1
L,7,3573,PREDICTION,src/tracking/advanced_tracker.py:kalman_homography,
R,CLAMP,CLAMP,0
L,8,3573,DETECTION,src/tracking/advanced_tracker.py:_activate_slot,3573_283_612_476_739
R,CLAMP,CLAMP,0
L,9,3573,PREDICTION,src/tracking/advanced_tracker.py:kalman_homography,
R,PREDICTION,PREDICTION,1
A,3573
S,0,3579,DETECTION,src/tracking/advanced_tracker.py:_activate_slot,3579_235_160_428_254
S,2,3579,DETECTION,src/tracking/advanced_tracker.py:_activate_slot,3579_130_855_309_943
S,3,3579,DETECTION,src/tracking/advanced_tracker.py:_activate_slot,3579_136_410_299_514
S,8,3579,DETECTION,src/tracking/advanced_tracker.py:_activate_slot,3579_276_567_467_653
S,10,3579,DETECTION,src/tracking/advanced_tracker.py:_activate_slot,3579_119_313_274_395
S,4,3579,PREDICTION,src/tracking/advanced_tracker.py:kalman_homography,
S,6,3579,PREDICTION,src/tracking/advanced_tracker.py:kalman_homography,
S,7,3579,PREDICTION,src/tracking/advanced_tracker.py:kalman_homography,
S,9,3579,PREDICTION,src/tracking/advanced_tracker.py:kalman_homography,
S,1,3579,PREDICTION,src/tracking/advanced_tracker.py:flow_gapfill_batched,
D,1,3579
S,0,3579,PREDICTION,src/tracking/advanced_tracker.py:id_merge,
D,4,3579
S,2,3579,PREDICTION,src/tracking/advanced_tracker.py:id_merge,
L,0,3579,PREDICTION,src/tracking/advanced_tracker.py:id_merge,
R,CLAMP,CLAMP,0
L,2,3579,PREDICTION,src/tracking/advanced_tracker.py:id_merge,
R,CLAMP,CLAMP,0
L,3,3579,DETECTION,src/tracking/advanced_tracker.py:_activate_slot,3579_136_410_299_514
R,CLAMP,CLAMP,0
L,6,3579,PREDICTION,src/tracking/advanced_tracker.py:kalman_homography,
R,PREDICTION,SUBPIXEL,0
L,7,3579,PREDICTION,src/tracking/advanced_tracker.py:kalman_homography,
R,CLAMP,CLAMP,0
L,8,3579,DETECTION,src/tracking/advanced_tracker.py:_activate_slot,3579_276_567_467_653
R,CLAMP,CLAMP,0
L,9,3579,PREDICTION,src/tracking/advanced_tracker.py:kalman_homography,
R,PREDICTION,PREDICTION,1
A,3579
S,0,3585,DETECTION,src/tracking/advanced_tracker.py:_activate_slot,3585_198_193_363_297
S,2,3585,DETECTION,src/tracking/advanced_tracker.py:_activate_slot,3585_256_1070_463_1158
S,3,3585,PREDICTION,src/tracking/advanced_tracker.py:kalman_homography,
S,4,3585,PREDICTION,src/tracking/advanced_tracker.py:kalman_homography,
S,7,3585,PREDICTION,src/tracking/advanced_tracker.py:kalman_homography,
S,8,3585,PREDICTION,src/tracking/advanced_tracker.py:kalman_homography,
S,9,3585,PREDICTION,src/tracking/advanced_tracker.py:kalman_homography,
S,10,3585,PREDICTION,src/tracking/advanced_tracker.py:kalman_homography,
S,1,3585,PREDICTION,src/tracking/advanced_tracker.py:flow_gapfill_batched,
S,6,3585,PREDICTION,src/tracking/advanced_tracker.py:flow_gapfill_batched,
D,6,3585
S,8,3585,PREDICTION,src/tracking/advanced_tracker.py:id_merge,
L,0,3585,DETECTION,src/tracking/advanced_tracker.py:_activate_slot,3585_198_193_363_297
R,CLAMP,CLAMP,0
L,1,3585,PREDICTION,src/tracking/advanced_tracker.py:flow_gapfill_batched,
R,CLAMP,CLAMP,0
L,2,3585,DETECTION,src/tracking/advanced_tracker.py:_activate_slot,3585_256_1070_463_1158
R,CLAMP,CLAMP,0
L,3,3585,PREDICTION,src/tracking/advanced_tracker.py:kalman_homography,
R,CLAMP,CLAMP,0
L,4,3585,PREDICTION,src/tracking/advanced_tracker.py:kalman_homography,
R,CLAMP,CLAMP,0
L,7,3585,PREDICTION,src/tracking/advanced_tracker.py:kalman_homography,
R,CLAMP,CLAMP,0
L,8,3585,PREDICTION,src/tracking/advanced_tracker.py:id_merge,
R,CLAMP,CLAMP,0
L,9,3585,PREDICTION,src/tracking/advanced_tracker.py:kalman_homography,
R,PREDICTION,PREDICTION,1
A,3585
S,0,3591,DETECTION,src/tracking/advanced_tracker.py:_activate_slot,3591_195_193_362_299
S,2,3591,DETECTION,src/tracking/advanced_tracker.py:_activate_slot,3591_258_1073_453_1159
S,10,3591,DETECTION,src/tracking/advanced_tracker.py:_activate_slot,3591_106_331_222_400
S,3,3591,PREDICTION,src/tracking/advanced_tracker.py:kalman_homography,
S,4,3591,PREDICTION,src/tracking/advanced_tracker.py:kalman_homography,
S,7,3591,PREDICTION,src/tracking/advanced_tracker.py:kalman_homography,
S,8,3591,PREDICTION,src/tracking/advanced_tracker.py:kalman_homography,
S,9,3591,PREDICTION,src/tracking/advanced_tracker.py:kalman_homography,
S,1,3591,PREDICTION,src/tracking/advanced_tracker.py:flow_gapfill_batched,
D,1,3591
S,0,3591,PREDICTION,src/tracking/advanced_tracker.py:id_merge,
L,0,3591,PREDICTION,src/tracking/advanced_tracker.py:id_merge,
R,CLAMP,CLAMP,0
L,2,3591,DETECTION,src/tracking/advanced_tracker.py:_activate_slot,3591_258_1073_453_1159
R,CLAMP,CLAMP,0
L,3,3591,PREDICTION,src/tracking/advanced_tracker.py:kalman_homography,
R,CLAMP,CLAMP,0
L,4,3591,PREDICTION,src/tracking/advanced_tracker.py:kalman_homography,
R,CLAMP,CLAMP,0
L,7,3591,PREDICTION,src/tracking/advanced_tracker.py:kalman_homography,
R,CLAMP,CLAMP,0
L,8,3591,PREDICTION,src/tracking/advanced_tracker.py:kalman_homography,
R,CLAMP,CLAMP,0
L,9,3591,PREDICTION,src/tracking/advanced_tracker.py:kalman_homography,
R,PREDICTION,PREDICTION,1
A,3591
S,2,3597,DETECTION,src/tracking/advanced_tracker.py:_activate_slot,3597_193_763_385_895
S,7,3597,DETECTION,src/tracking/advanced_tracker.py:_activate_slot,3597_195_193_359_298
S,5,3597,DETECTION,src/tracking/advanced_tracker.py:_activate_slot,3597_258_852_448_955
S,0,3597,PREDICTION,src/tracking/advanced_tracker.py:kalman_homography,
S,3,3597,PREDICTION,src/tracking/advanced_tracker.py:kalman_homography,
S,4,3597,PREDICTION,src/tracking/advanced_tracker.py:kalman_homography,
S,8,3597,PREDICTION,src/tracking/advanced_tracker.py:kalman_homography,
S,9,3597,PREDICTION,src/tracking/advanced_tracker.py:kalman_homography,
S,10,3597,PREDICTION,src/tracking/advanced_tracker.py:kalman_homography,
S,1,3597,PREDICTION,src/tracking/advanced_tracker.py:flow_gapfill_batched,
D,1,3597
S,0,3597,PREDICTION,src/tracking/advanced_tracker.py:id_merge,
D,4,3597
S,2,3597,PREDICTION,src/tracking/advanced_tracker.py:id_merge,
L,0,3597,PREDICTION,src/tracking/advanced_tracker.py:id_merge,
R,CLAMP,CLAMP,0
L,2,3597,PREDICTION,src/tracking/advanced_tracker.py:id_merge,
R,CLAMP,CLAMP,0
L,3,3597,PREDICTION,src/tracking/advanced_tracker.py:kalman_homography,
R,CLAMP,CLAMP,0
L,5,3597,DETECTION,src/tracking/advanced_tracker.py:_activate_slot,3597_258_852_448_955
R,CLAMP,CLAMP,0
L,7,3597,DETECTION,src/tracking/advanced_tracker.py:_activate_slot,3597_195_193_359_298
R,CLAMP,CLAMP,0
L,8,3597,PREDICTION,src/tracking/advanced_tracker.py:kalman_homography,
R,PREDICTION,PREDICTION,1
L,9,3597,PREDICTION,src/tracking/advanced_tracker.py:kalman_homography,
R,PREDICTION,PREDICTION,1
A,3597
