S,0,3018,DETECTION,src/tracking/advanced_tracker.py:_activate_slot,3018_278_545_484_691
S,1,3018,DETECTION,src/tracking/advanced_tracker.py:_activate_slot,3018_332_226_656_335
S,2,3018,DETECTION,src/tracking/advanced_tracker.py:_activate_slot,3018_209_648_480_747
S,3,3018,DETECTION,src/tracking/advanced_tracker.py:_activate_slot,3018_601_737_675_809
S,4,3018,DETECTION,src/tracking/advanced_tracker.py:_activate_slot,3018_277_1091_414_1205
L,0,3018,DETECTION,src/tracking/advanced_tracker.py:_activate_slot,3018_278_545_484_691
R,DETECTION,DETECTION,1
L,1,3018,DETECTION,src/tracking/advanced_tracker.py:_activate_slot,3018_332_226_656_335
R,DETECTION,DETECTION,1
L,2,3018,DETECTION,src/tracking/advanced_tracker.py:_activate_slot,3018_209_648_480_747
R,DETECTION,DETECTION,1
L,3,3018,DETECTION,src/tracking/advanced_tracker.py:_activate_slot,3018_601_737_675_809
R,DETECTION,DETECTION,1
L,4,3018,DETECTION,src/tracking/advanced_tracker.py:_activate_slot,3018_277_1091_414_1205
R,DETECTION,DETECTION,1
A,3018
S,0,3024,DETECTION,src/tracking/advanced_tracker.py:_activate_slot,3024_229_545_484_749
S,3,3024,DETECTION,src/tracking/advanced_tracker.py:_activate_slot,3024_601_737_675_809
S,5,3024,DETECTION,src/tracking/advanced_tracker.py:_activate_slot,3024_212_637_482_761
S,6,3024,DETECTION,src/tracking/advanced_tracker.py:_activate_slot,3024_277_1089_415_1203
S,1,3024,PREDICTION,src/tracking/advanced_tracker.py:kalman_homography,
S,2,3024,PREDICTION,src/tracking/advanced_tracker.py:kalman_homography,
S,4,3024,PREDICTION,src/tracking/advanced_tracker.py:kalman_homography,
L,0,3024,DETECTION,src/tracking/advanced_tracker.py:_activate_slot,3024_229_545_484_749
R,DETECTION,DETECTION,1
L,1,3024,PREDICTION,src/tracking/advanced_tracker.py:kalman_homography,
R,PREDICTION,PREDICTION,1
L,2,3024,PREDICTION,src/tracking/advanced_tracker.py:kalman_homography,
R,PREDICTION,PREDICTION,1
L,3,3024,DETECTION,src/tracking/advanced_tracker.py:_activate_slot,3024_601_737_675_809
R,DETECTION,SUBPIXEL,0
L,4,3024,PREDICTION,src/tracking/advanced_tracker.py:kalman_homography,
R,PREDICTION,PREDICTION,1
L,5,3024,DETECTION,src/tracking/advanced_tracker.py:_activate_slot,3024_212_637_482_761
R,DETECTION,DETECTION,1
L,6,3024,DETECTION,src/tracking/advanced_tracker.py:_activate_slot,3024_277_1089_415_1203
R,DETECTION,DETECTION,1
A,3024
S,3,3030,CLAMP,src/tracking/advanced_tracker.py:_activate_slot,3030_268_546_483_685
S,2,3030,DETECTION,src/tracking/advanced_tracker.py:_activate_slot,3030_212_635_478_755
S,6,3030,DETECTION,src/tracking/advanced_tracker.py:_activate_slot,3030_277_1089_415_1205
S,0,3030,PREDICTION,src/tracking/advanced_tracker.py:kalman_homography,
S,1,3030,PREDICTION,src/tracking/advanced_tracker.py:kalman_homography,
S,4,3030,PREDICTION,src/tracking/advanced_tracker.py:kalman_homography,
S,5,3030,PREDICTION,src/tracking/advanced_tracker.py:kalman_homography,
D,0,3030
S,2,3030,PREDICTION,src/tracking/advanced_tracker.py:id_merge,
L,1,3030,PREDICTION,src/tracking/advanced_tracker.py:kalman_homography,
R,PREDICTION,SUBPIXEL,0
L,2,3030,PREDICTION,src/tracking/advanced_tracker.py:id_merge,
R,PREDICTION,PREDICTION,1
L,3,3030,CLAMP,src/tracking/advanced_tracker.py:_activate_slot,3030_268_546_483_685
R,CLAMP,CLAMP,0
L,4,3030,PREDICTION,src/tracking/advanced_tracker.py:kalman_homography,
R,PREDICTION,SUBPIXEL,0
L,5,3030,PREDICTION,src/tracking/advanced_tracker.py:kalman_homography,
R,PREDICTION,PREDICTION,1
L,6,3030,DETECTION,src/tracking/advanced_tracker.py:_activate_slot,3030_277_1089_415_1205
R,DETECTION,DETECTION,1
A,3030
S,2,3036,DETECTION,src/tracking/advanced_tracker.py:_activate_slot,3036_211_676_412_770
S,5,3036,DETECTION,src/tracking/advanced_tracker.py:_activate_slot,3036_263_549_486_738
S,6,3036,DETECTION,src/tracking/advanced_tracker.py:_activate_slot,3036_278_1089_415_1205
S,0,3036,PREDICTION,src/tracking/advanced_tracker.py:kalman_homography,
S,1,3036,PREDICTION,src/tracking/advanced_tracker.py:kalman_homography,
S,4,3036,PREDICTION,src/tracking/advanced_tracker.py:kalman_homography,
S,3,3036,PREDICTION,src/tracking/advanced_tracker.py:flow_gapfill_batched,
D,3,3036
S,2,3036,PREDICTION,src/tracking/advanced_tracker.py:id_merge,
L,0,3036,PREDICTION,src/tracking/advanced_tracker.py:kalman_homography,
R,PREDICTION,PREDICTION,1
L,1,3036,PREDICTION,src/tracking/advanced_tracker.py:kalman_homography,
R,PREDICTION,SUBPIXEL,0
L,2,3036,PREDICTION,src/tracking/advanced_tracker.py:id_merge,
R,CLAMP,CLAMP,0
L,4,3036,PREDICTION,src/tracking/advanced_tracker.py:kalman_homography,
R,PREDICTION,SUBPIXEL,0
L,5,3036,DETECTION,src/tracking/advanced_tracker.py:_activate_slot,3036_263_549_486_738
R,CLAMP,CLAMP,0
L,6,3036,DETECTION,src/tracking/advanced_tracker.py:_activate_slot,3036_278_1089_415_1205
R,DETECTION,SUBPIXEL,0
A,3036
S,0,3042,DETECTION,src/tracking/advanced_tracker.py:_activate_slot,3042_251_551_482_745
S,6,3042,DETECTION,src/tracking/advanced_tracker.py:_activate_slot,3042_277_1089_414_1207
S,1,3042,PREDICTION,src/tracking/advanced_tracker.py:kalman_homography,
S,2,3042,PREDICTION,src/tracking/advanced_tracker.py:kalman_homography,
S,4,3042,PREDICTION,src/tracking/advanced_tracker.py:kalman_homography,
S,5,3042,PREDICTION,src/tracking/advanced_tracker.py:kalman_homography,
S,3,3042,PREDICTION,src/tracking/advanced_tracker.py:flow_gapfill_batched,
D,2,3042
S,0,3042,PREDICTION,src/tracking/advanced_tracker.py:id_merge,
L,0,3042,PREDICTION,src/tracking/advanced_tracker.py:id_merge,
R,PREDICTION,PREDICTION,1
L,1,3042,PREDICTION,src/tracking/advanced_tracker.py:kalman_homography,
R,PREDICTION,SUBPIXEL,0
L,3,3042,PREDICTION,src/tracking/advanced_tracker.py:flow_gapfill_batched,
R,CLAMP,CLAMP,0
L,4,3042,PREDICTION,src/tracking/advanced_tracker.py:kalman_homography,
R,PREDICTION,SUBPIXEL,0
L,5,3042,PREDICTION,src/tracking/advanced_tracker.py:kalman_homography,
R,PREDICTION,PREDICTION,1
L,6,3042,DETECTION,src/tracking/advanced_tracker.py:_activate_slot,3042_277_1089_414_1207
R,DETECTION,DETECTION,1
A,3042
S,6,3048,DETECTION,src/tracking/advanced_tracker.py:_activate_slot,3048_277_1089_414_1207
S,7,3048,DETECTION,src/tracking/advanced_tracker.py:_activate_slot,3048_272_544_483_688
S,5,3048,DETECTION,src/tracking/advanced_tracker.py:_activate_slot,3048_269_543_481_743
S,0,3048,PREDICTION,src/tracking/advanced_tracker.py:kalman_homography,
S,1,3048,PREDICTION,src/tracking/advanced_tracker.py:kalman_homography,
S,2,3048,PREDICTION,src/tracking/advanced_tracker.py:kalman_homography,
S,4,3048,PREDICTION,src/tracking/advanced_tracker.py:kalman_homography,
S,3,3048,PREDICTION,src/tracking/advanced_tracker.py:flow_gapfill_batched,
D,3,3048
S,2,3048,PREDICTION,src/tracking/advanced_tracker.py:id_merge,
L,0,3048,PREDICTION,src/tracking/advanced_tracker.py:kalman_homography,
R,PREDICTION,PREDICTION,1
L,1,3048,PREDICTION,src/tracking/advanced_tracker.py:kalman_homography,
R,PREDICTION,SUBPIXEL,0
L,2,3048,PREDICTION,src/tracking/advanced_tracker.py:id_merge,
R,PREDICTION,PREDICTION,1
L,4,3048,PREDICTION,src/tracking/advanced_tracker.py:kalman_homography,
R,PREDICTION,SUBPIXEL,0
L,5,3048,DETECTION,src/tracking/advanced_tracker.py:_activate_slot,3048_269_543_481_743
R,DETECTION,DETECTION,1
L,6,3048,DETECTION,src/tracking/advanced_tracker.py:_activate_slot,3048_277_1089_414_1207
R,DETECTION,SUBPIXEL,0
L,7,3048,DETECTION,src/tracking/advanced_tracker.py:_activate_slot,3048_272_544_483_688
R,DETECTION,DETECTION,1
A,3048
S,0,3054,DETECTION,src/tracking/advanced_tracker.py:_activate_slot,3054_261_528_481_688
S,6,3054,DETECTION,src/tracking/advanced_tracker.py:_activate_slot,3054_276_1089_413_1203
S,8,3054,DETECTION,src/tracking/advanced_tracker.py:_activate_slot,3054_262_533_481_743
S,1,3054,PREDICTION,src/tracking/advanced_tracker.py:kalman_homography,
S,2,3054,PREDICTION,src/tracking/advanced_tracker.py:kalman_homography,
S,4,3054,PREDICTION,src/tracking/advanced_tracker.py:kalman_homography,
S,5,3054,PREDICTION,src/tracking/advanced_tracker.py:kalman_homography,
S,7,3054,PREDICTION,src/tracking/advanced_tracker.py:kalman_homography,
S,3,3054,PREDICTION,src/tracking/advanced_tracker.py:flow_gapfill_batched,
D,2,3054
S,0,3054,PREDICTION,src/tracking/advanced_tracker.py:id_merge,
D,3,3054
S,0,3054,PREDICTION,src/tracking/advanced_tracker.py:id_merge,
D,7,3054
S,8,3054,PREDICTION,src/tracking/advanced_tracker.py:id_merge,
L,0,3054,PREDICTION,src/tracking/advanced_tracker.py:id_merge,
R,CLAMP,CLAMP,0
L,1,3054,PREDICTION,src/tracking/advanced_tracker.py:kalman_homography,
R,PREDICTION,SUBPIXEL,0
L,4,3054,PREDICTION,src/tracking/advanced_tracker.py:kalman_homography,
R,PREDICTION,SUBPIXEL,0
L,5,3054,PREDICTION,src/tracking/advanced_tracker.py:kalman_homography,
R,PREDICTION,PREDICTION,1
L,6,3054,DETECTION,src/tracking/advanced_tracker.py:_activate_slot,3054_276_1089_413_1203
R,DETECTION,DETECTION,1
L,8,3054,PREDICTION,src/tracking/advanced_tracker.py:id_merge,
R,PREDICTION,PREDICTION,1
A,3054
S,6,3060,DETECTION,src/tracking/advanced_tracker.py:_activate_slot,3060_277_1091_413_1201
S,0,3060,PREDICTION,src/tracking/advanced_tracker.py:kalman_homography,
S,1,3060,PREDICTION,src/tracking/advanced_tracker.py:kalman_homography,
S,2,3060,PREDICTION,src/tracking/advanced_tracker.py:kalman_homography,
S,4,3060,PREDICTION,src/tracking/advanced_tracker.py:kalman_homography,
S,5,3060,PREDICTION,src/tracking/advanced_tracker.py:kalman_homography,
S,7,3060,PREDICTION,src/tracking/advanced_tracker.py:kalman_homography,
S,8,3060,PREDICTION,src/tracking/advanced_tracker.py:kalman_homography,
S,3,3060,PREDICTION,src/tracking/advanced_tracker.py:flow_gapfill_batched,
D,1,3060
S,3,3060,PREDICTION,src/tracking/advanced_tracker.py:id_merge,
D,3,3060
S,2,3060,PREDICTION,src/tracking/advanced_tracker.py:id_merge,
D,5,3060
S,8,3060,PREDICTION,src/tracking/advanced_tracker.py:id_merge,
D,7,3060
S,8,3060,PREDICTION,src/tracking/advanced_tracker.py:id_merge,
L,0,3060,PREDICTION,src/tracking/advanced_tracker.py:kalman_homography,
R,PREDICTION,PREDICTION,1
L,2,3060,PREDICTION,src/tracking/advanced_tracker.py:id_merge,
R,PREDICTION,PREDICTION,1
L,4,3060,PREDICTION,src/tracking/advanced_tracker.py:kalman_homography,
R,PREDICTION,SUBPIXEL,0
L,6,3060,DETECTION,src/tracking/advanced_tracker.py:_activate_slot,3060_277_1091_413_1201
R,DETECTION,SUBPIXEL,0
L,8,3060,PREDICTION,src/tracking/advanced_tracker.py:id_merge,
R,PREDICTION,PREDICTION,1
A,3060
S,4,3066,DETECTION,src/tracking/advanced_tracker.py:_activate_slot,3066_277_1091_413_1205
S,6,3066,CLAMP,src/tracking/advanced_tracker.py:_activate_slot,3066_261_499_478_693
S,0,3066,PREDICTION,src/tracking/advanced_tracker.py:kalman_homography,
S,2,3066,PREDICTION,src/tracking/advanced_tracker.py:kalman_homography,
S,5,3066,PREDICTION,src/tracking/advanced_tracker.py:kalman_homography,
S,7,3066,PREDICTION,src/tracking/advanced_tracker.py:kalman_homography,
S,8,3066,PREDICTION,src/tracking/advanced_tracker.py:kalman_homography,
S,1,3066,PREDICTION,src/tracking/advanced_tracker.py:flow_gapfill_batched,
S,3,3066,PREDICTION,src/tracking/advanced_tracker.py:flow_gapfill_batched,
D,3,3066
S,2,3066,PREDICTION,src/tracking/advanced_tracker.py:id_merge,
D,5,3066
S,8,3066,PREDICTION,src/tracking/advanced_tracker.py:id_merge,
D,7,3066
S,8,3066,PREDICTION,src/tracking/advanced_tracker.py:id_merge,
L,0,3066,PREDICTION,src/tracking/advanced_tracker.py:kalman_homography,
R,PREDICTION,PREDICTION,1
L,1,3066,PREDICTION,src/tracking/advanced_tracker.py:flow_gapfill_batched,
R,PREDICTION,PREDICTION,1
L,2,3066,PREDICTION,src/tracking/advanced_tracker.py:id_merge,
R,PREDICTION,PREDICTION,1
L,4,3066,DETECTION,src/tracking/advanced_tracker.py:_activate_slot,3066_277_1091_413_1205
R,DETECTION,DETECTION,1
L,6,3066,CLAMP,src/tracking/advanced_tracker.py:_activate_slot,3066_261_499_478_693
R,CLAMP,CLAMP,0
L,8,3066,PREDICTION,src/tracking/advanced_tracker.py:id_merge,
R,PREDICTION,SUBPIXEL,0
A,3066
S,4,3072,CLAMP,src/tracking/advanced_tracker.py:_activate_slot,3072_260_512_488_618
S,2,3072,DETECTION,src/tracking/advanced_tracker.py:_activate_slot,3072_179_715_342_847
S,5,3072,DETECTION,src/tracking/advanced_tracker.py:_activate_slot,3072_279_1091_413_1205
S,0,3072,PREDICTION,src/tracking/advanced_tracker.py:kalman_homography,
S,6,3072,PREDICTION,src/tracking/advanced_tracker.py:kalman_homography,
S,7,3072,PREDICTION,src/tracking/advanced_tracker.py:kalman_homography,
S,8,3072,PREDICTION,src/tracking/advanced_tracker.py:kalman_homography,
S,3,3072,PREDICTION,src/tracking/advanced_tracker.py:flow_gapfill_batched,
D,7,3072
S,8,3072,PREDICTION,src/tracking/advanced_tracker.py:id_merge,
L,0,3072,PREDICTION,src/tracking/advanced_tracker.py:kalman_homography,
R,PREDICTION,PREDICTION,1
L,2,3072,DETECTION,src/tracking/advanced_tracker.py:_activate_slot,3072_179_715_342_847
R,DETECTION,DETECTION,1
L,3,3072,PREDICTION,src/tracking/advanced_tracker.py:flow_gapfill_batched,
R,CLAMP,CLAMP,0
L,4,3072,CLAMP,src/tracking/advanced_tracker.py:_activate_slot,3072_260_512_488_618
R,CLAMP,CLAMP,0
L,5,3072,DETECTION,src/tracking/advanced_tracker.py:_activate_slot,3072_279_1091_413_1205
R,CLAMP,CLAMP,0
L,6,3072,PREDICTION,src/tracking/advanced_tracker.py:kalman_homography,
R,CLAMP,CLAMP,0
L,8,3072,PREDICTION,src/tracking/advanced_tracker.py:id_merge,
R,PREDICTION,SUBPIXEL,0
A,3072
S,5,3078,DETECTION,src/tracking/advanced_tracker.py:_activate_slot,3078_280_1091_413_1201
S,0,3078,PREDICTION,src/tracking/advanced_tracker.py:kalman_homography,
S,2,3078,PREDICTION,src/tracking/advanced_tracker.py:kalman_homography,
S,7,3078,PREDICTION,src/tracking/advanced_tracker.py:kalman_homography,
S,8,3078,PREDICTION,src/tracking/advanced_tracker.py:kalman_homography,
S,3,3078,PREDICTION,src/tracking/advanced_tracker.py:flow_gapfill_batched,
S,4,3078,PREDICTION,src/tracking/advanced_tracker.py:flow_gapfill_batched,
S,6,3078,PREDICTION,src/tracking/advanced_tracker.py:flow_gapfill_batched,
D,3,3078
S,2,3078,PREDICTION,src/tracking/advanced_tracker.py:id_merge,
D,2,3078
S,4,3078,PREDICTION,src/tracking/advanced_tracker.py:id_merge,
D,7,3078
S,8,3078,PREDICTION,src/tracking/advanced_tracker.py:id_merge,
L,0,3078,PREDICTION,src/tracking/advanced_tracker.py:kalman_homography,
R,PREDICTION,PREDICTION,1
L,4,3078,PREDICTION,src/tracking/advanced_tracker.py:id_merge,
R,CLAMP,CLAMP,0
L,5,3078,DETECTION,src/tracking/advanced_tracker.py:_activate_slot,3078_280_1091_413_1201
R,CLAMP,CLAMP,0
L,6,3078,PREDICTION,src/tracking/advanced_tracker.py:flow_gapfill_batched,
R,CLAMP,CLAMP,0
L,8,3078,PREDICTION,src/tracking/advanced_tracker.py:id_merge,
R,PREDICTION,SUBPIXEL,0
A,3078
S,2,3084,DETECTION,src/tracking/advanced_tracker.py:_activate_slot,3084_160_749_349_829
S,9,3084,DETECTION,src/tracking/advanced_tracker.py:_activate_slot,3084_277_1093_412_1207
S,0,3084,PREDICTION,src/tracking/advanced_tracker.py:kalman_homography,
S,5,3084,PREDICTION,src/tracking/advanced_tracker.py:kalman_homography,
S,7,3084,PREDICTION,src/tracking/advanced_tracker.py:kalman_homography,
S,8,3084,PREDICTION,src/tracking/advanced_tracker.py:kalman_homography,
S,4,3084,PREDICTION,src/tracking/advanced_tracker.py:flow_gapfill_batched,
S,6,3084,PREDICTION,src/tracking/advanced_tracker.py:flow_gapfill_batched,
D,0,3084
S,4,3084,PREDICTION,src/tracking/advanced_tracker.py:id_merge,
D,4,3084
S,2,3084,PREDICTION,src/tracking/advanced_tracker.py:id_merge,
D,7,3084
S,8,3084,PREDICTION,src/tracking/advanced_tracker.py:id_merge,
L,2,3084,PREDICTION,src/tracking/advanced_tracker.py:id_merge,
R,PREDICTION,PREDICTION,1
L,5,3084,PREDICTION,src/tracking/advanced_tracker.py:kalman_homography,
R,CLAMP,CLAMP,0
L,6,3084,PREDICTION,src/tracking/advanced_tracker.py:flow_gapfill_batched,
R,CLAMP,CLAMP,0
L,8,3084,PREDICTION,src/tracking/advanced_tracker.py:id_merge,
R,PREDICTION,SUBPIXEL,0
L,9,3084,DETECTION,src/tracking/advanced_tracker.py:_activate_slot,3084_277_1093_412_1207
R,DETECTION,DETECTION,1
A,3084
S,9,3090,DETECTION,src/tracking/advanced_tracker.py:_activate_slot,3090_275_1097_411_1207
S,0,3090,PREDICTION,src/tracking/advanced_tracker.py:kalman_homography,
S,2,3090,PREDICTION,src/tracking/advanced_tracker.py:kalman_homography,
S,7,3090,PREDICTION,src/tracking/advanced_tracker.py:kalman_homography,
S,8,3090,PREDICTION,src/tracking/advanced_tracker.py:kalman_homography,
S,4,3090,PREDICTION,src/tracking/advanced_tracker.py:flow_gapfill_batched,
S,5,3090,PREDICTION,src/tracking/advanced_tracker.py:flow_gapfill_batched,
S,6,3090,PREDICTION,src/tracking/advanced_tracker.py:flow_gapfill_batched,
D,0,3090
S,2,3090,PREDICTION,src/tracking/advanced_tracker.py:id_merge,
D,4,3090
S,2,3090,PREDICTION,src/tracking/advanced_tracker.py:id_merge,
D,5,3090
S,9,3090,PREDICTION,src/tracking/advanced_tracker.py:id_merge,
D,7,3090
S,8,3090,PREDICTION,src/tracking/advanced_tracker.py:id_merge,
L,2,3090,PREDICTION,src/tracking/advanced_tracker.py:id_merge,
R,PREDICTION,PREDICTION,1
L,6,3090,PREDICTION,src/tracking/advanced_tracker.py:flow_gapfill_batched,
R,CLAMP,CLAMP,0
L,8,3090,PREDICTION,src/tracking/advanced_tracker.py:id_merge,
R,PREDICTION,SUBPIXEL,0
L,9,3090,PREDICTION,src/tracking/advanced_tracker.py:id_merge,
R,PREDICTION,SUBPIXEL,0
A,3090
S,9,3096,DETECTION,src/tracking/advanced_tracker.py:_activate_slot,3096_-12_273_667_1004
S,0,3096,PREDICTION,src/tracking/advanced_tracker.py:kalman_homography,
S,2,3096,PREDICTION,src/tracking/advanced_tracker.py:kalman_homography,
S,8,3096,PREDICTION,src/tracking/advanced_tracker.py:kalman_homography,
S,4,3096,PREDICTION,src/tracking/advanced_tracker.py:flow_gapfill_batched,
S,5,3096,PREDICTION,src/tracking/advanced_tracker.py:flow_gapfill_batched,
S,6,3096,PREDICTION,src/tracking/advanced_tracker.py:flow_gapfill_batched,
S,7,3096,PREDICTION,src/tracking/advanced_tracker.py:flow_gapfill_batched,
D,0,3096
S,2,3096,PREDICTION,src/tracking/advanced_tracker.py:id_merge,
D,5,3096
S,9,3096,PREDICTION,src/tracking/advanced_tracker.py:id_merge,
L,2,3096,PREDICTION,src/tracking/advanced_tracker.py:id_merge,
R,PREDICTION,PREDICTION,1
L,4,3096,PREDICTION,src/tracking/advanced_tracker.py:flow_gapfill_batched,
R,CLAMP,CLAMP,0
L,6,3096,PREDICTION,src/tracking/advanced_tracker.py:flow_gapfill_batched,
R,CLAMP,CLAMP,0
L,7,3096,PREDICTION,src/tracking/advanced_tracker.py:flow_gapfill_batched,
R,PREDICTION,PREDICTION,1
L,8,3096,PREDICTION,src/tracking/advanced_tracker.py:kalman_homography,
R,PREDICTION,SUBPIXEL,0
L,9,3096,PREDICTION,src/tracking/advanced_tracker.py:id_merge,
R,PREDICTION,PREDICTION,1
A,3096
S,2,3102,PREDICTION,src/tracking/advanced_tracker.py:kalman_homography,
S,0,3102,PREDICTION,src/tracking/advanced_tracker.py:flow_gapfill_batched,
S,5,3102,PREDICTION,src/tracking/advanced_tracker.py:flow_gapfill_batched,
S,6,3102,PREDICTION,src/tracking/advanced_tracker.py:flow_gapfill_batched,
S,8,3102,PREDICTION,src/tracking/advanced_tracker.py:flow_gapfill_batched,
L,0,3102,PREDICTION,src/tracking/advanced_tracker.py:flow_gapfill_batched,
R,CLAMP,CLAMP,0
L,2,3102,PREDICTION,src/tracking/advanced_tracker.py:kalman_homography,
R,PREDICTION,PREDICTION,1
L,5,3102,PREDICTION,src/tracking/advanced_tracker.py:flow_gapfill_batched,
R,PREDICTION,PREDICTION,1
L,6,3102,PREDICTION,src/tracking/advanced_tracker.py:flow_gapfill_batched,
R,CLAMP,CLAMP,0
L,8,3102,PREDICTION,src/tracking/advanced_tracker.py:flow_gapfill_batched,
R,CLAMP,CLAMP,0
A,3102
S,1,3108,DETECTION,src/tracking/advanced_tracker.py:_activate_slot,3108_-12_272_667_1004
S,2,3108,PREDICTION,src/tracking/advanced_tracker.py:kalman_homography,
S,4,3108,PREDICTION,src/tracking/advanced_tracker.py:flow_gapfill_batched,
S,5,3108,PREDICTION,src/tracking/advanced_tracker.py:flow_gapfill_batched,
S,6,3108,PREDICTION,src/tracking/advanced_tracker.py:flow_gapfill_batched,
S,9,3108,PREDICTION,src/tracking/advanced_tracker.py:flow_gapfill_batched,
L,1,3108,DETECTION,src/tracking/advanced_tracker.py:_activate_slot,3108_-12_272_667_1004
R,CLAMP,CLAMP,0
L,2,3108,PREDICTION,src/tracking/advanced_tracker.py:kalman_homography,
R,PREDICTION,PREDICTION,1
L,4,3108,PREDICTION,src/tracking/advanced_tracker.py:flow_gapfill_batched,
R,CLAMP,CLAMP,0
L,5,3108,PREDICTION,src/tracking/advanced_tracker.py:flow_gapfill_batched,
R,PREDICTION,PREDICTION,1
L,6,3108,PREDICTION,src/tracking/advanced_tracker.py:flow_gapfill_batched,
R,CLAMP,CLAMP,0
L,9,3108,PREDICTION,src/tracking/advanced_tracker.py:flow_gapfill_batched,
R,PREDICTION,PREDICTION,1
A,3108
S,1,3114,DETECTION,src/tracking/advanced_tracker.py:_activate_slot,3114_-12_270_667_996
S,10,3114,DETECTION,src/tracking/advanced_tracker.py:_activate_slot,3114_-12_743_314_1145
S,2,3114,PREDICTION,src/tracking/advanced_tracker.py:kalman_homography,
S,4,3114,PREDICTION,src/tracking/advanced_tracker.py:flow_gapfill_batched,
S,5,3114,PREDICTION,src/tracking/advanced_tracker.py:flow_gapfill_batched,
S,6,3114,PREDICTION,src/tracking/advanced_tracker.py:flow_gapfill_batched,
S,9,3114,PREDICTION,src/tracking/advanced_tracker.py:flow_gapfill_batched,
L,1,3114,DETECTION,src/tracking/advanced_tracker.py:_activate_slot,3114_-12_270_667_996
R,CLAMP,CLAMP,0
L,2,3114,PREDICTION,src/tracking/advanced_tracker.py:kalman_homography,
R,PREDICTION,PREDICTION,1
L,4,3114,PREDICTION,src/tracking/advanced_tracker.py:flow_gapfill_batched,
R,CLAMP,CLAMP,0
L,5,3114,PREDICTION,src/tracking/advanced_tracker.py:flow_gapfill_batched,
R,PREDICTION,PREDICTION,1
L,6,3114,PREDICTION,src/tracking/advanced_tracker.py:flow_gapfill_batched,
R,CLAMP,CLAMP,0
L,9,3114,PREDICTION,src/tracking/advanced_tracker.py:flow_gapfill_batched,
R,PREDICTION,PREDICTION,1
A,3114
S,1,3120,DETECTION,src/tracking/advanced_tracker.py:_activate_slot,3120_-12_272_667_1002
S,3,3120,DETECTION,src/tracking/advanced_tracker.py:_activate_slot,3120_-12_746_318_1148
S,2,3120,PREDICTION,src/tracking/advanced_tracker.py:kalman_homography,
S,10,3120,PREDICTION,src/tracking/advanced_tracker.py:kalman_homography,
S,4,3120,PREDICTION,src/tracking/advanced_tracker.py:flow_gapfill_batched,
S,5,3120,PREDICTION,src/tracking/advanced_tracker.py:flow_gapfill_batched,
S,9,3120,PREDICTION,src/tracking/advanced_tracker.py:flow_gapfill_batched,
L,1,3120,DETECTION,src/tracking/advanced_tracker.py:_activate_slot,3120_-12_272_667_1002
R,CLAMP,CLAMP,0
L,2,3120,PREDICTION,src/tracking/advanced_tracker.py:kalman_homography,
R,PREDICTION,PREDICTION,1
L,3,3120,DETECTION,src/tracking/advanced_tracker.py:_activate_slot,3120_-12_746_318_1148
R,CLAMP,CLAMP,0
L,4,3120,PREDICTION,src/tracking/advanced_tracker.py:flow_gapfill_batched,
R,CLAMP,CLAMP,0
L,5,3120,PREDICTION,src/tracking/advanced_tracker.py:flow_gapfill_batched,
R,PREDICTION,PREDICTION,1
L,9,3120,PREDICTION,src/tracking/advanced_tracker.py:flow_gapfill_batched,
R,PREDICTION,PREDICTION,1
A,3120
S,3,3126,DETECTION,src/tracking/advanced_tracker.py:_activate_slot,3126_-12_273_667_997
S,10,3126,DETECTION,src/tracking/advanced_tracker.py:_activate_slot,3126_-12_746_315_1150
S,2,3126,PREDICTION,src/tracking/advanced_tracker.py:kalman_homography,
S,1,3126,PREDICTION,src/tracking/advanced_tracker.py:flow_gapfill_batched,
S,5,3126,PREDICTION,src/tracking/advanced_tracker.py:flow_gapfill_batched,
S,9,3126,PREDICTION,src/tracking/advanced_tracker.py:flow_gapfill_batched,
D,1,3126
S,3,3126,PREDICTION,src/tracking/advanced_tracker.py:id_merge,
L,2,3126,PREDICTION,src/tracking/advanced_tracker.py:kalman_homography,
R,PREDICTION,PREDICTION,1
L,3,3126,PREDICTION,src/tracking/advanced_tracker.py:id_merge,
R,PREDICTION,PREDICTION,1
L,5,3126,PREDICTION,src/tracking/advanced_tracker.py:flow_gapfill_batched,
R,PREDICTION,PREDICTION,1
L,9,3126,PREDICTION,src/tracking/advanced_tracker.py:flow_gapfill_batched,
R,PREDICTION,PREDICTION,1
A,3126
S,3,3132,DETECTION,src/tracking/advanced_tracker.py:_activate_slot,3132_-12_271_668_1007
S,10,3132,PREDICTION,src/tracking/advanced_tracker.py:kalman_homography,
S,1,3132,PREDICTION,src/tracking/advanced_tracker.py:flow_gapfill_batched,
S,2,3132,PREDICTION,src/tracking/advanced_tracker.py:flow_gapfill_batched,
S,9,3132,PREDICTION,src/tracking/advanced_tracker.py:flow_gapfill_batched,
D,1,3132
S,3,3132,PREDICTION,src/tracking/advanced_tracker.py:id_merge,
L,2,3132,PREDICTION,src/tracking/advanced_tracker.py:flow_gapfill_batched,
R,PREDICTION,PREDICTION,1
L,3,3132,PREDICTION,src/tracking/advanced_tracker.py:id_merge,
R,PREDICTION,PREDICTION,1
L,9,3132,PREDICTION,src/tracking/advanced_tracker.py:flow_gapfill_batched,
R,PREDICTION,PREDICTION,1
A,3132
S,3,3138,DETECTION,src/tracking/advanced_tracker.py:_activate_slot,3138_-12_271_667_1001
S,10,3138,PREDICTION,src/tracking/advanced_tracker.py:kalman_homography,
S,1,3138,PREDICTION,src/tracking/advanced_tracker.py:flow_gapfill_batched,
S,9,3138,PREDICTION,src/tracking/advanced_tracker.py:flow_gapfill_batched,
D,1,3138
S,3,3138,PREDICTION,src/tracking/advanced_tracker.py:id_merge,
L,3,3138,PREDICTION,src/tracking/advanced_tracker.py:id_merge,
R,PREDICTION,PREDICTION,1
L,9,3138,PREDICTION,src/tracking/advanced_tracker.py:flow_gapfill_batched,
R,PREDICTION,PREDICTION,1
A,3138
S,1,3144,DETECTION,src/tracking/advanced_tracker.py:_activate_slot,3144_-12_275_667_1010
S,10,3144,PREDICTION,src/tracking/advanced_tracker.py:kalman_homography,
S,3,3144,PREDICTION,src/tracking/advanced_tracker.py:flow_gapfill_batched,
S,9,3144,PREDICTION,src/tracking/advanced_tracker.py:flow_gapfill_batched,
D,3,3144
S,1,3144,PREDICTION,src/tracking/advanced_tracker.py:id_merge,
L,1,3144,PREDICTION,src/tracking/advanced_tracker.py:id_merge,
R,CLAMP,CLAMP,0
L,9,3144,PREDICTION,src/tracking/advanced_tracker.py:flow_gapfill_batched,
R,PREDICTION,PREDICTION,1
A,3144
S,1,3150,DETECTION,src/tracking/advanced_tracker.py:_activate_slot,3150_-13_274_667_1011
S,10,3150,PREDICTION,src/tracking/advanced_tracker.py:kalman_homography,
S,3,3150,PREDICTION,src/tracking/advanced_tracker.py:flow_gapfill_batched,
D,3,3150
S,1,3150,PREDICTION,src/tracking/advanced_tracker.py:id_merge,
L,1,3150,PREDICTION,src/tracking/advanced_tracker.py:id_merge,
R,CLAMP,CLAMP,0
A,3150
S,1,3156,DETECTION,src/tracking/advanced_tracker.py:_activate_slot,3156_-13_276_670_1013
S,10,3156,PREDICTION,src/tracking/advanced_tracker.py:kalman_homography,
S,3,3156,PREDICTION,src/tracking/advanced_tracker.py:flow_gapfill_batched,
D,3,3156
S,1,3156,PREDICTION,src/tracking/advanced_tracker.py:id_merge,
L,1,3156,PREDICTION,src/tracking/advanced_tracker.py:id_merge,
R,CLAMP,CLAMP,0
A,3156
S,1,3162,DETECTION,src/tracking/advanced_tracker.py:_activate_slot,3162_-13_269_671_1012
S,10,3162,PREDICTION,src/tracking/advanced_tracker.py:kalman_homography,
S,3,3162,PREDICTION,src/tracking/advanced_tracker.py:flow_gapfill_batched,
D,3,3162
S,1,3162,PREDICTION,src/tracking/advanced_tracker.py:id_merge,
L,1,3162,PREDICTION,src/tracking/advanced_tracker.py:id_merge,
R,CLAMP,CLAMP,0
A,3162
S,1,3168,DETECTION,src/tracking/advanced_tracker.py:_activate_slot,3168_-3_266_667_1017
S,10,3168,PREDICTION,src/tracking/advanced_tracker.py:kalman_homography,
S,3,3168,PREDICTION,src/tracking/advanced_tracker.py:flow_gapfill_batched,
D,3,3168
S,1,3168,PREDICTION,src/tracking/advanced_tracker.py:id_merge,
L,1,3168,PREDICTION,src/tracking/advanced_tracker.py:id_merge,
R,CLAMP,CLAMP,0
A,3168
S,1,3174,DETECTION,src/tracking/advanced_tracker.py:_activate_slot,3174_-14_288_667_1011
S,3,3174,PREDICTION,src/tracking/advanced_tracker.py:flow_gapfill_batched,
S,10,3174,PREDICTION,src/tracking/advanced_tracker.py:flow_gapfill_batched,
D,3,3174
S,1,3174,PREDICTION,src/tracking/advanced_tracker.py:id_merge,
L,1,3174,PREDICTION,src/tracking/advanced_tracker.py:id_merge,
R,CLAMP,CLAMP,0
A,3174
S,1,3180,DETECTION,src/tracking/advanced_tracker.py:_activate_slot,3180_-12_290_665_1010
S,3,3180,PREDICTION,src/tracking/advanced_tracker.py:flow_gapfill_batched,
D,3,3180
S,1,3180,PREDICTION,src/tracking/advanced_tracker.py:id_merge,
L,1,3180,PREDICTION,src/tracking/advanced_tracker.py:id_merge,
R,CLAMP,CLAMP,0
A,3180
S,1,3186,DETECTION,src/tracking/advanced_tracker.py:_activate_slot,3186_-13_286_664_1014
S,3,3186,PREDICTION,src/tracking/advanced_tracker.py:flow_gapfill_batched,
D,3,3186
S,1,3186,PREDICTION,src/tracking/advanced_tracker.py:id_merge,
L,1,3186,PREDICTION,src/tracking/advanced_tracker.py:id_merge,
R,CLAMP,CLAMP,0
A,3186
S,1,3192,DETECTION,src/tracking/advanced_tracker.py:_activate_slot,3192_-14_292_665_1011
L,1,3192,DETECTION,src/tracking/advanced_tracker.py:_activate_slot,3192_-14_292_665_1011
R,CLAMP,CLAMP,0
A,3192
S,0,3198,DETECTION,src/tracking/advanced_tracker.py:_activate_slot,3198_-10_934_667_1294
S,1,3198,CLAMP,src/tracking/advanced_tracker.py:_activate_slot,3198_-14_294_665_1005
S,2,3198,DETECTION,src/tracking/advanced_tracker.py:_activate_slot,3198_-14_166_375_546
L,0,3198,DETECTION,src/tracking/advanced_tracker.py:_activate_slot,3198_-10_934_667_1294
R,CLAMP,CLAMP,0
L,1,3198,CLAMP,src/tracking/advanced_tracker.py:_activate_slot,3198_-14_294_665_1005
R,CLAMP,CLAMP,0
L,2,3198,DETECTION,src/tracking/advanced_tracker.py:_activate_slot,3198_-14_166_375_546
R,CLAMP,CLAMP,0
A,3198
S,1,3204,DETECTION,src/tracking/advanced_tracker.py:_activate_slot,3204_-9_934_667_1294
S,4,3204,DETECTION,src/tracking/advanced_tracker.py:_activate_slot,3204_-5_266_668_1011
S,2,3204,DETECTION,src/tracking/advanced_tracker.py:_activate_slot,3204_-14_167_374_548
S,0,3204,PREDICTION,src/tracking/advanced_tracker.py:flow_gapfill_batched,
D,0,3204
S,1,3204,PREDICTION,src/tracking/advanced_tracker.py:id_merge,
L,1,3204,PREDICTION,src/tracking/advanced_tracker.py:id_merge,
R,CLAMP,CLAMP,0
L,2,3204,DETECTION,src/tracking/advanced_tracker.py:_activate_slot,3204_-14_167_374_548
R,CLAMP,CLAMP,0
L,4,3204,DETECTION,src/tracking/advanced_tracker.py:_activate_slot,3204_-5_266_668_1011
R,CLAMP,CLAMP,0
A,3204
S,1,3210,DETECTION,src/tracking/advanced_tracker.py:_activate_slot,3210_-7_934_667_1294
S,2,3210,DETECTION,src/tracking/advanced_tracker.py:_activate_slot,3210_-14_167_375_547
S,0,3210,PREDICTION,src/tracking/advanced_tracker.py:flow_gapfill_batched,
S,4,3210,PREDICTION,src/tracking/advanced_tracker.py:flow_gapfill_batched,
D,0,3210
S,1,3210,PREDICTION,src/tracking/advanced_tracker.py:id_merge,
L,1,3210,PREDICTION,src/tracking/advanced_tracker.py:id_merge,
R,CLAMP,CLAMP,0
L,2,3210,DETECTION,src/tracking/advanced_tracker.py:_activate_slot,3210_-14_167_375_547
R,CLAMP,CLAMP,0
L,4,3210,PREDICTION,src/tracking/advanced_tracker.py:flow_gapfill_batched,
R,CLAMP,CLAMP,0
A,3210
S,1,3216,DETECTION,src/tracking/advanced_tracker.py:_activate_slot,3216_-9_934_667_1294
S,2,3216,DETECTION,src/tracking/advanced_tracker.py:_activate_slot,3216_-14_167_375_550
S,0,3216,PREDICTION,src/tracking/advanced_tracker.py:flow_gapfill_batched,
S,4,3216,PREDICTION,src/tracking/advanced_tracker.py:flow_gapfill_batched,
D,0,3216
S,1,3216,PREDICTION,src/tracking/advanced_tracker.py:id_merge,
L,1,3216,PREDICTION,src/tracking/advanced_tracker.py:id_merge,
R,CLAMP,CLAMP,0
L,2,3216,DETECTION,src/tracking/advanced_tracker.py:_activate_slot,3216_-14_167_375_550
R,CLAMP,CLAMP,0
L,4,3216,PREDICTION,src/tracking/advanced_tracker.py:flow_gapfill_batched,
R,CLAMP,CLAMP,0
A,3216
S,1,3222,DETECTION,src/tracking/advanced_tracker.py:_activate_slot,3222_-12_934_666_1294
S,2,3222,DETECTION,src/tracking/advanced_tracker.py:_activate_slot,3222_-15_165_373_563
S,0,3222,PREDICTION,src/tracking/advanced_tracker.py:flow_gapfill_batched,
S,4,3222,PREDICTION,src/tracking/advanced_tracker.py:flow_gapfill_batched,
D,0,3222
S,1,3222,PREDICTION,src/tracking/advanced_tracker.py:id_merge,
L,1,3222,PREDICTION,src/tracking/advanced_tracker.py:id_merge,
R,CLAMP,CLAMP,0
L,2,3222,DETECTION,src/tracking/advanced_tracker.py:_activate_slot,3222_-15_165_373_563
R,CLAMP,CLAMP,0
L,4,3222,PREDICTION,src/tracking/advanced_tracker.py:flow_gapfill_batched,
R,CLAMP,CLAMP,0
A,3222
S,1,3228,DETECTION,src/tracking/advanced_tracker.py:_activate_slot,3228_-12_934_667_1294
S,2,3228,DETECTION,src/tracking/advanced_tracker.py:_activate_slot,3228_-15_162_373_559
S,3,3228,DETECTION,src/tracking/advanced_tracker.py:_activate_slot,3228_-14_290_667_1012
S,0,3228,PREDICTION,src/tracking/advanced_tracker.py:flow_gapfill_batched,
S,4,3228,PREDICTION,src/tracking/advanced_tracker.py:flow_gapfill_batched,
D,0,3228
S,1,3228,PREDICTION,src/tracking/advanced_tracker.py:id_merge,
D,4,3228
S,3,3228,PREDICTION,src/tracking/advanced_tracker.py:id_merge,
L,1,3228,PREDICTION,src/tracking/advanced_tracker.py:id_merge,
R,CLAMP,CLAMP,0
L,2,3228,DETECTION,src/tracking/advanced_tracker.py:_activate_slot,3228_-15_162_373_559
R,CLAMP,CLAMP,0
L,3,3228,PREDICTION,src/tracking/advanced_tracker.py:id_merge,
R,CLAMP,CLAMP,0
A,3228
S,1,3234,DETECTION,src/tracking/advanced_tracker.py:_activate_slot,3234_-12_934_667_1293
S,2,3234,DETECTION,src/tracking/advanced_tracker.py:_activate_slot,3234_-15_153_378_562
S,3,3234,DETECTION,src/tracking/advanced_tracker.py:_activate_slot,3234_-12_295_667_1015
S,0,3234,PREDICTION,src/tracking/advanced_tracker.py:flow_gapfill_batched,
S,4,3234,PREDICTION,src/tracking/advanced_tracker.py:flow_gapfill_batched,
D,0,3234
S,1,3234,PREDICTION,src/tracking/advanced_tracker.py:id_merge,
D,4,3234
S,3,3234,PREDICTION,src/tracking/advanced_tracker.py:id_merge,
L,1,3234,PREDICTION,src/tracking/advanced_tracker.py:id_merge,
R,CLAMP,CLAMP,0
L,2,3234,DETECTION,src/tracking/advanced_tracker.py:_activate_slot,3234_-15_153_378_562
R,CLAMP,CLAMP,0
L,3,3234,PREDICTION,src/tracking/advanced_tracker.py:id_merge,
R,CLAMP,CLAMP,0
A,3234
S,1,3240,DETECTION,src/tracking/advanced_tracker.py:_activate_slot,3240_-12_937_666_1295
S,2,3240,DETECTION,src/tracking/advanced_tracker.py:_activate_slot,3240_-15_155_383_566
S,3,3240,DETECTION,src/tracking/advanced_tracker.py:_activate_slot,3240_-12_295_666_1016
S,0,3240,PREDICTION,src/tracking/advanced_tracker.py:flow_gapfill_batched,
S,4,3240,PREDICTION,src/tracking/advanced_tracker.py:flow_gapfill_batched,
D,0,3240
S,1,3240,PREDICTION,src/tracking/advanced_tracker.py:id_merge,
D,4,3240
S,3,3240,PREDICTION,src/tracking/advanced_tracker.py:id_merge,
L,1,3240,PREDICTION,src/tracking/advanced_tracker.py:id_merge,
R,CLAMP,CLAMP,0
L,2,3240,DETECTION,src/tracking/advanced_tracker.py:_activate_slot,3240_-15_155_383_566
R,CLAMP,CLAMP,0
L,3,3240,PREDICTION,src/tracking/advanced_tracker.py:id_merge,
R,CLAMP,CLAMP,0
A,3240
S,1,3246,DETECTION,src/tracking/advanced_tracker.py:_activate_slot,3246_-10_938_666_1294
S,2,3246,DETECTION,src/tracking/advanced_tracker.py:_activate_slot,3246_-15_158_383_568
S,3,3246,DETECTION,src/tracking/advanced_tracker.py:_activate_slot,3246_-11_294_666_1014
S,0,3246,PREDICTION,src/tracking/advanced_tracker.py:flow_gapfill_batched,
S,4,3246,PREDICTION,src/tracking/advanced_tracker.py:flow_gapfill_batched,
D,0,3246
S,1,3246,PREDICTION,src/tracking/advanced_tracker.py:id_merge,
D,4,3246
S,3,3246,PREDICTION,src/tracking/advanced_tracker.py:id_merge,
L,1,3246,PREDICTION,src/tracking/advanced_tracker.py:id_merge,
R,CLAMP,CLAMP,0
L,2,3246,DETECTION,src/tracking/advanced_tracker.py:_activate_slot,3246_-15_158_383_568
R,CLAMP,CLAMP,0
L,3,3246,PREDICTION,src/tracking/advanced_tracker.py:id_merge,
R,CLAMP,CLAMP,0
A,3246
S,1,3252,DETECTION,src/tracking/advanced_tracker.py:_activate_slot,3252_-11_940_666_1294
S,2,3252,DETECTION,src/tracking/advanced_tracker.py:_activate_slot,3252_-15_154_383_569
S,3,3252,DETECTION,src/tracking/advanced_tracker.py:_activate_slot,3252_-10_296_666_1015
S,4,3252,PREDICTION,src/tracking/advanced_tracker.py:flow_gapfill_batched,
D,4,3252
S,3,3252,PREDICTION,src/tracking/advanced_tracker.py:id_merge,
L,1,3252,DETECTION,src/tracking/advanced_tracker.py:_activate_slot,3252_-11_940_666_1294
R,CLAMP,CLAMP,0
L,2,3252,DETECTION,src/tracking/advanced_tracker.py:_activate_slot,3252_-15_154_383_569
R,CLAMP,CLAMP,0
L,3,3252,PREDICTION,src/tracking/advanced_tracker.py:id_merge,
R,CLAMP,CLAMP,0
A,3252
S,1,3258,DETECTION,src/tracking/advanced_tracker.py:_activate_slot,3258_-11_942_667_1294
S,2,3258,DETECTION,src/tracking/advanced_tracker.py:_activate_slot,3258_-15_157_382_565
S,3,3258,DETECTION,src/tracking/advanced_tracker.py:_activate_slot,3258_-11_295_666_1017
L,1,3258,DETECTION,src/tracking/advanced_tracker.py:_activate_slot,3258_-11_942_667_1294
R,CLAMP,CLAMP,0
L,2,3258,DETECTION,src/tracking/advanced_tracker.py:_activate_slot,3258_-15_157_382_565
R,CLAMP,CLAMP,0
L,3,3258,DETECTION,src/tracking/advanced_tracker.py:_activate_slot,3258_-11_295_666_1017
R,CLAMP,CLAMP,0
A,3258
S,1,3264,DETECTION,src/tracking/advanced_tracker.py:_activate_slot,3264_-11_949_667_1295
S,2,3264,DETECTION,src/tracking/advanced_tracker.py:_activate_slot,3264_-15_156_380_567
S,3,3264,DETECTION,src/tracking/advanced_tracker.py:_activate_slot,3264_-11_295_666_1020
L,1,3264,DETECTION,src/tracking/advanced_tracker.py:_activate_slot,3264_-11_949_667_1295
R,CLAMP,CLAMP,0
L,2,3264,DETECTION,src/tracking/advanced_tracker.py:_activate_slot,3264_-15_156_380_567
R,CLAMP,CLAMP,0
L,3,3264,DETECTION,src/tracking/advanced_tracker.py:_activate_slot,3264_-11_295_666_1020
R,CLAMP,CLAMP,0
A,3264
S,1,3270,DETECTION,src/tracking/advanced_tracker.py:_activate_slot,3270_-11_950_667_1294
S,2,3270,DETECTION,src/tracking/advanced_tracker.py:_activate_slot,3270_-15_162_384_570
S,3,3270,DETECTION,src/tracking/advanced_tracker.py:_activate_slot,3270_-12_296_666_1022
S,5,3270,DETECTION,src/tracking/advanced_tracker.py:_activate_slot,3270_-12_765_348_1155
L,1,3270,DETECTION,src/tracking/advanced_tracker.py:_activate_slot,3270_-11_950_667_1294
R,CLAMP,CLAMP,0
L,2,3270,DETECTION,src/tracking/advanced_tracker.py:_activate_slot,3270_-15_162_384_570
R,CLAMP,CLAMP,0
L,3,3270,DETECTION,src/tracking/advanced_tracker.py:_activate_slot,3270_-12_296_666_1022
R,CLAMP,CLAMP,0
L,5,3270,DETECTION,src/tracking/advanced_tracker.py:_activate_slot,3270_-12_765_348_1155
R,CLAMP,CLAMP,0
A,3270
S,1,3276,DETECTION,src/tracking/advanced_tracker.py:_activate_slot,3276_-10_950_668_1293
S,2,3276,DETECTION,src/tracking/advanced_tracker.py:_activate_slot,3276_-15_160_381_569
S,3,3276,DETECTION,src/tracking/advanced_tracker.py:_activate_slot,3276_-10_295_666_1020
S,5,3276,DETECTION,src/tracking/advanced_tracker.py:_activate_slot,3276_-12_776_347_1153
L,1,3276,DETECTION,src/tracking/advanced_tracker.py:_activate_slot,3276_-10_950_668_1293
R,CLAMP,CLAMP,0
L,2,3276,DETECTION,src/tracking/advanced_tracker.py:_activate_slot,3276_-15_160_381_569
R,CLAMP,CLAMP,0
L,3,3276,DETECTION,src/tracking/advanced_tracker.py:_activate_slot,3276_-10_295_666_1020
R,CLAMP,CLAMP,0
L,5,3276,DETECTION,src/tracking/advanced_tracker.py:_activate_slot,3276_-12_776_347_1153
R,CLAMP,CLAMP,0
A,3276
S,1,3282,DETECTION,src/tracking/advanced_tracker.py:_activate_slot,3282_-11_952_668_1294
S,2,3282,DETECTION,src/tracking/advanced_tracker.py:_activate_slot,3282_-15_158_379_572
S,3,3282,DETECTION,src/tracking/advanced_tracker.py:_activate_slot,3282_-12_298_666_1021
S,5,3282,DETECTION,src/tracking/advanced_tracker.py:_activate_slot,3282_-12_774_353_1155
L,1,3282,DETECTION,src/tracking/advanced_tracker.py:_activate_slot,3282_-11_952_668_1294
R,CLAMP,CLAMP,0
L,2,3282,DETECTION,src/tracking/advanced_tracker.py:_activate_slot,3282_-15_158_379_572
R,CLAMP,CLAMP,0
L,3,3282,DETECTION,src/tracking/advanced_tracker.py:_activate_slot,3282_-12_298_666_1021
R,CLAMP,CLAMP,0
L,5,3282,DETECTION,src/tracking/advanced_tracker.py:_activate_slot,3282_-12_774_353_1155
R,CLAMP,CLAMP,0
A,3282
S,1,3288,DETECTION,src/tracking/advanced_tracker.py:_activate_slot,3288_-11_953_668_1295
S,2,3288,DETECTION,src/tracking/advanced_tracker.py:_activate_slot,3288_-15_158_381_573
S,3,3288,DETECTION,src/tracking/advanced_tracker.py:_activate_slot,3288_-13_298_672_1022
S,5,3288,DETECTION,src/tracking/advanced_tracker.py:_activate_slot,3288_-12_789_355_1155
L,1,3288,DETECTION,src/tracking/advanced_tracker.py:_activate_slot,3288_-11_953_668_1295
R,CLAMP,CLAMP,0
L,2,3288,DETECTION,src/tracking/advanced_tracker.py:_activate_slot,3288_-15_158_381_573
R,CLAMP,CLAMP,0
L,3,3288,DETECTION,src/tracking/advanced_tracker.py:_activate_slot,3288_-13_298_672_1022
R,CLAMP,CLAMP,0
L,5,3288,DETECTION,src/tracking/advanced_tracker.py:_activate_slot,3288_-12_789_355_1155
R,CLAMP,CLAMP,0
A,3288
S,1,3294,DETECTION,src/tracking/advanced_tracker.py:_activate_slot,3294_-10_954_667_1293
S,2,3294,DETECTION,src/tracking/advanced_tracker.py:_activate_slot,3294_-15_157_381_573
S,3,3294,DETECTION,src/tracking/advanced_tracker.py:_activate_slot,3294_-12_297_665_1017
S,6,3294,DETECTION,src/tracking/advanced_tracker.py:_activate_slot,3294_-11_760_358_1149
S,5,3294,PREDICTION,src/tracking/advanced_tracker.py:kalman_homography,
D,5,3294
S,6,3294,PREDICTION,src/tracking/advanced_tracker.py:id_merge,
L,1,3294,DETECTION,src/tracking/advanced_tracker.py:_activate_slot,3294_-10_954_667_1293
R,CLAMP,CLAMP,0
L,2,3294,DETECTION,src/tracking/advanced_tracker.py:_activate_slot,3294_-15_157_381_573
R,CLAMP,CLAMP,0
L,3,3294,DETECTION,src/tracking/advanced_tracker.py:_activate_slot,3294_-12_297_665_1017
R,CLAMP,CLAMP,0
L,6,3294,PREDICTION,src/tracking/advanced_tracker.py:id_merge,
R,CLAMP,CLAMP,0
A,3294
S,0,3300,DETECTION,src/tracking/advanced_tracker.py:_activate_slot,3300_-12_774_359_1149
S,1,3300,DETECTION,src/tracking/advanced_tracker.py:_activate_slot,3300_-7_960_667_1294
S,2,3300,DETECTION,src/tracking/advanced_tracker.py:_activate_slot,3300_-15_156_381_573
S,3,3300,DETECTION,src/tracking/advanced_tracker.py:_activate_slot,3300_-12_298_665_1014
S,5,3300,PREDICTION,src/tracking/advanced_tracker.py:kalman_homography,
S,6,3300,PREDICTION,src/tracking/advanced_tracker.py:kalman_homography,
D,5,3300
S,6,3300,PREDICTION,src/tracking/advanced_tracker.py:id_merge,
L,0,3300,DETECTION,src/tracking/advanced_tracker.py:_activate_slot,3300_-12_774_359_1149
R,CLAMP,CLAMP,0
L,1,3300,DETECTION,src/tracking/advanced_tracker.py:_activate_slot,3300_-7_960_667_1294
R,CLAMP,CLAMP,0
L,2,3300,DETECTION,src/tracking/advanced_tracker.py:_activate_slot,3300_-15_156_381_573
R,CLAMP,CLAMP,0
L,3,3300,DETECTION,src/tracking/advanced_tracker.py:_activate_slot,3300_-12_298_665_1014
R,CLAMP,CLAMP,0
L,6,3300,PREDICTION,src/tracking/advanced_tracker.py:id_merge,
R,CLAMP,CLAMP,0
A,3300
S,1,3306,DETECTION,src/tracking/advanced_tracker.py:_activate_slot,3306_-2_964_666_1294
S,2,3306,DETECTION,src/tracking/advanced_tracker.py:_activate_slot,3306_-15_155_383_572
S,3,3306,DETECTION,src/tracking/advanced_tracker.py:_activate_slot,3306_-13_297_666_1015
S,7,3306,DETECTION,src/tracking/advanced_tracker.py:_activate_slot,3306_-12_783_371_1150
S,0,3306,PREDICTION,src/tracking/advanced_tracker.py:kalman_homography,
S,5,3306,PREDICTION,src/tracking/advanced_tracker.py:kalman_homography,
S,6,3306,PREDICTION,src/tracking/advanced_tracker.py:kalman_homography,
D,5,3306
S,6,3306,PREDICTION,src/tracking/advanced_tracker.py:id_merge,
D,6,3306
S,7,3306,PREDICTION,src/tracking/advanced_tracker.py:id_merge,
L,0,3306,PREDICTION,src/tracking/advanced_tracker.py:kalman_homography,
R,CLAMP,CLAMP,0
L,1,3306,DETECTION,src/tracking/advanced_tracker.py:_activate_slot,3306_-2_964_666_1294
R,CLAMP,CLAMP,0
L,2,3306,DETECTION,src/tracking/advanced_tracker.py:_activate_slot,3306_-15_155_383_572
R,CLAMP,CLAMP,0
L,3,3306,DETECTION,src/tracking/advanced_tracker.py:_activate_slot,3306_-13_297_666_1015
R,CLAMP,CLAMP,0
L,7,3306,PREDICTION,src/tracking/advanced_tracker.py:id_merge,
R,CLAMP,CLAMP,0
A,3306
S,1,3312,DETECTION,src/tracking/advanced_tracker.py:_activate_slot,3312_1_964_667_1294
S,2,3312,DETECTION,src/tracking/advanced_tracker.py:_activate_slot,3312_-15_156_384_572
S,3,3312,DETECTION,src/tracking/advanced_tracker.py:_activate_slot,3312_-12_300_665_1011
S,8,3312,DETECTION,src/tracking/advanced_tracker.py:_activate_slot,3312_-11_764_373_1150
S,0,3312,PREDICTION,src/tracking/advanced_tracker.py:kalman_homography,
S,5,3312,PREDICTION,src/tracking/advanced_tracker.py:kalman_homography,
S,6,3312,PREDICTION,src/tracking/advanced_tracker.py:kalman_homography,
S,7,3312,PREDICTION,src/tracking/advanced_tracker.py:kalman_homography,
D,5,3312
S,6,3312,PREDICTION,src/tracking/advanced_tracker.py:id_merge,
D,6,3312
S,7,3312,PREDICTION,src/tracking/advanced_tracker.py:id_merge,
D,7,3312
S,8,3312,PREDICTION,src/tracking/advanced_tracker.py:id_merge,
L,0,3312,PREDICTION,src/tracking/advanced_tracker.py:kalman_homography,
R,CLAMP,CLAMP,0
L,1,3312,DETECTION,src/tracking/advanced_tracker.py:_activate_slot,3312_1_964_667_1294
R,CLAMP,CLAMP,0
L,2,3312,DETECTION,src/tracking/advanced_tracker.py:_activate_slot,3312_-15_156_384_572
R,CLAMP,CLAMP,0
L,3,3312,DETECTION,src/tracking/advanced_tracker.py:_activate_slot,3312_-12_300_665_1011
R,CLAMP,CLAMP,0
L,8,3312,PREDICTION,src/tracking/advanced_tracker.py:id_merge,
R,CLAMP,CLAMP,0
A,3312
S,0,3318,DETECTION,src/tracking/advanced_tracker.py:_activate_slot,3318_-11_769_378_1151
S,1,3318,DETECTION,src/tracking/advanced_tracker.py:_activate_slot,3318_2_960_666_1294
S,2,3318,DETECTION,src/tracking/advanced_tracker.py:_activate_slot,3318_-15_151_382_574
S,3,3318,DETECTION,src/tracking/advanced_tracker.py:_activate_slot,3318_-13_298_666_1007
S,5,3318,PREDICTION,src/tracking/advanced_tracker.py:kalman_homography,
S,6,3318,PREDICTION,src/tracking/advanced_tracker.py:kalman_homography,
S,7,3318,PREDICTION,src/tracking/advanced_tracker.py:kalman_homography,
S,8,3318,PREDICTION,src/tracking/advanced_tracker.py:kalman_homography,
D,5,3318
S,6,3318,PREDICTION,src/tracking/advanced_tracker.py:id_merge,
D,6,3318
S,7,3318,PREDICTION,src/tracking/advanced_tracker.py:id_merge,
D,7,3318
S,8,3318,PREDICTION,src/tracking/advanced_tracker.py:id_merge,
L,0,3318,DETECTION,src/tracking/advanced_tracker.py:_activate_slot,3318_-11_769_378_1151
R,CLAMP,CLAMP,0
L,1,3318,DETECTION,src/tracking/advanced_tracker.py:_activate_slot,3318_2_960_666_1294
R,CLAMP,CLAMP,0
L,2,3318,DETECTION,src/tracking/advanced_tracker.py:_activate_slot,3318_-15_151_382_574
R,CLAMP,CLAMP,0
L,3,3318,DETECTION,src/tracking/advanced_tracker.py:_activate_slot,3318_-13_298_666_1007
R,CLAMP,CLAMP,0
L,8,3318,PREDICTION,src/tracking/advanced_tracker.py:id_merge,
R,CLAMP,CLAMP,0
A,3318
S,0,3324,DETECTION,src/tracking/advanced_tracker.py:_activate_slot,3324_-12_778_365_1155
S,1,3324,DETECTION,src/tracking/advanced_tracker.py:_activate_slot,3324_3_954_666_1294
S,2,3324,DETECTION,src/tracking/advanced_tracker.py:_activate_slot,3324_-14_150_375_572
S,3,3324,DETECTION,src/tracking/advanced_tracker.py:_activate_slot,3324_-13_305_667_1007
S,5,3324,PREDICTION,src/tracking/advanced_tracker.py:kalman_homography,
S,6,3324,PREDICTION,src/tracking/advanced_tracker.py:kalman_homography,
S,7,3324,PREDICTION,src/tracking/advanced_tracker.py:kalman_homography,
S,8,3324,PREDICTION,src/tracking/advanced_tracker.py:kalman_homography,
D,5,3324
S,6,3324,PREDICTION,src/tracking/advanced_tracker.py:id_merge,
D,6,3324
S,7,3324,PREDICTION,src/tracking/advanced_tracker.py:id_merge,
D,7,3324
S,8,3324,PREDICTION,src/tracking/advanced_tracker.py:id_merge,
L,0,3324,DETECTION,src/tracking/advanced_tracker.py:_activate_slot,3324_-12_778_365_1155
R,CLAMP,CLAMP,0
L,1,3324,DETECTION,src/tracking/advanced_tracker.py:_activate_slot,3324_3_954_666_1294
R,CLAMP,CLAMP,0
L,2,3324,DETECTION,src/tracking/advanced_tracker.py:_activate_slot,3324_-14_150_375_572
R,CLAMP,CLAMP,0
L,3,3324,DETECTION,src/tracking/advanced_tracker.py:_activate_slot,3324_-13_305_667_1007
R,CLAMP,CLAMP,0
L,8,3324,PREDICTION,src/tracking/advanced_tracker.py:id_merge,
R,CLAMP,CLAMP,0
A,3324
S,0,3330,DETECTION,src/tracking/advanced_tracker.py:_activate_slot,3330_-12_776_360_1148
S,1,3330,DETECTION,src/tracking/advanced_tracker.py:_activate_slot,3330_13_953_667_1295
S,2,3330,DETECTION,src/tracking/advanced_tracker.py:_activate_slot,3330_-14_148_376_574
S,3,3330,DETECTION,src/tracking/advanced_tracker.py:_activate_slot,3330_-12_302_666_1002
S,5,3330,PREDICTION,src/tracking/advanced_tracker.py:kalman_homography,
S,6,3330,PREDICTION,src/tracking/advanced_tracker.py:kalman_homography,
S,7,3330,PREDICTION,src/tracking/advanced_tracker.py:kalman_homography,
S,8,3330,PREDICTION,src/tracking/advanced_tracker.py:kalman_homography,
D,5,3330
S,6,3330,PREDICTION,src/tracking/advanced_tracker.py:id_merge,
D,6,3330
S,7,3330,PREDICTION,src/tracking/advanced_tracker.py:id_merge,
D,7,3330
S,8,3330,PREDICTION,src/tracking/advanced_tracker.py:id_merge,
L,0,3330,DETECTION,src/tracking/advanced_tracker.py:_activate_slot,3330_-12_776_360_1148
R,CLAMP,CLAMP,0
L,1,3330,DETECTION,src/tracking/advanced_tracker.py:_activate_slot,3330_13_953_667_1295
R,CLAMP,CLAMP,0
L,2,3330,DETECTION,src/tracking/advanced_tracker.py:_activate_slot,3330_-14_148_376_574
R,CLAMP,CLAMP,0
L,3,3330,DETECTION,src/tracking/advanced_tracker.py:_activate_slot,3330_-12_302_666_1002
R,CLAMP,CLAMP,0
L,8,3330,PREDICTION,src/tracking/advanced_tracker.py:id_merge,
R,CLAMP,CLAMP,0
A,3330
S,1,3336,DETECTION,src/tracking/advanced_tracker.py:_activate_slot,3336_7_950_666_1294
S,2,3336,DETECTION,src/tracking/advanced_tracker.py:_activate_slot,3336_-14_155_383_573
S,3,3336,DETECTION,src/tracking/advanced_tracker.py:_activate_slot,3336_-13_304_668_999
S,6,3336,DETECTION,src/tracking/advanced_tracker.py:_activate_slot,3336_-12_777_357_1141
S,0,3336,PREDICTION,src/tracking/advanced_tracker.py:kalman_homography,
S,7,3336,PREDICTION,src/tracking/advanced_tracker.py:kalman_homography,
S,8,3336,PREDICTION,src/tracking/advanced_tracker.py:kalman_homography,
S,5,3336,PREDICTION,src/tracking/advanced_tracker.py:flow_gapfill_batched,
D,5,3336
S,6,3336,PREDICTION,src/tracking/advanced_tracker.py:id_merge,
D,7,3336
S,6,3336,PREDICTION,src/tracking/advanced_tracker.py:id_merge,
D,8,3336
S,6,3336,PREDICTION,src/tracking/advanced_tracker.py:id_merge,
L,0,3336,PREDICTION,src/tracking/advanced_tracker.py:kalman_homography,
R,CLAMP,CLAMP,0
L,1,3336,DETECTION,src/tracking/advanced_tracker.py:_activate_slot,3336_7_950_666_1294
R,CLAMP,CLAMP,0
L,2,3336,DETECTION,src/tracking/advanced_tracker.py:_activate_slot,3336_-14_155_383_573
R,CLAMP,CLAMP,0
L,3,3336,DETECTION,src/tracking/advanced_tracker.py:_activate_slot,3336_-13_304_668_999
R,CLAMP,CLAMP,0
L,6,3336,PREDICTION,src/tracking/advanced_tracker.py:id_merge,
R,CLAMP,CLAMP,0
A,3336
S,1,3342,DETECTION,src/tracking/advanced_tracker.py:_activate_slot,3342_13_946_667_1294
S,2,3342,DETECTION,src/tracking/advanced_tracker.py:_activate_slot,3342_-14_158_378_574
S,3,3342,DETECTION,src/tracking/advanced_tracker.py:_activate_slot,3342_-13_305_668_997
S,6,3342,DETECTION,src/tracking/advanced_tracker.py:_activate_slot,3342_-12_781_357_1141
S,0,3342,PREDICTION,src/tracking/advanced_tracker.py:kalman_homography,
S,7,3342,PREDICTION,src/tracking/advanced_tracker.py:kalman_homography,
S,8,3342,PREDICTION,src/tracking/advanced_tracker.py:kalman_homography,
D,7,3342
S,6,3342,PREDICTION,src/tracking/advanced_tracker.py:id_merge,
D,8,3342
S,6,3342,PREDICTION,src/tracking/advanced_tracker.py:id_merge,
L,0,3342,PREDICTION,src/tracking/advanced_tracker.py:kalman_homography,
R,CLAMP,CLAMP,0
L,1,3342,DETECTION,src/tracking/advanced_tracker.py:_activate_slot,3342_13_946_667_1294
R,CLAMP,CLAMP,0
L,2,3342,DETECTION,src/tracking/advanced_tracker.py:_activate_slot,3342_-14_158_378_574
R,CLAMP,CLAMP,0
L,3,3342,DETECTION,src/tracking/advanced_tracker.py:_activate_slot,3342_-13_305_668_997
R,CLAMP,CLAMP,0
L,6,3342,PREDICTION,src/tracking/advanced_tracker.py:id_merge,
R,CLAMP,CLAMP,0
A,3342
S,1,3348,DETECTION,src/tracking/advanced_tracker.py:_activate_slot,3348_25_946_667_1294
S,2,3348,DETECTION,src/tracking/advanced_tracker.py:_activate_slot,3348_-14_162_385_574
S,3,3348,DETECTION,src/tracking/advanced_tracker.py:_activate_slot,3348_-13_305_667_996
S,6,3348,DETECTION,src/tracking/advanced_tracker.py:_activate_slot,3348_-13_770_355_1137
S,0,3348,PREDICTION,src/tracking/advanced_tracker.py:kalman_homography,
S,7,3348,PREDICTION,src/tracking/advanced_tracker.py:kalman_homography,
S,8,3348,PREDICTION,src/tracking/advanced_tracker.py:kalman_homography,
D,7,3348
S,6,3348,PREDICTION,src/tracking/advanced_tracker.py:id_merge,
D,8,3348
S,6,3348,PREDICTION,src/tracking/advanced_tracker.py:id_merge,
L,0,3348,PREDICTION,src/tracking/advanced_tracker.py:kalman_homography,
R,CLAMP,CLAMP,0
L,1,3348,DETECTION,src/tracking/advanced_tracker.py:_activate_slot,3348_25_946_667_1294
R,CLAMP,CLAMP,0
L,2,3348,DETECTION,src/tracking/advanced_tracker.py:_activate_slot,3348_-14_162_385_574
R,CLAMP,CLAMP,0
L,3,3348,DETECTION,src/tracking/advanced_tracker.py:_activate_slot,3348_-13_305_667_996
R,CLAMP,CLAMP,0
L,6,3348,PREDICTION,src/tracking/advanced_tracker.py:id_merge,
R,CLAMP,CLAMP,0
A,3348
S,0,3354,DETECTION,src/tracking/advanced_tracker.py:_activate_slot,3354_-13_767_352_1135
S,1,3354,DETECTION,src/tracking/advanced_tracker.py:_activate_slot,3354_22_942_668_1293
S,2,3354,DETECTION,src/tracking/advanced_tracker.py:_activate_slot,3354_-15_164_381_578
S,3,3354,DETECTION,src/tracking/advanced_tracker.py:_activate_slot,3354_-13_301_665_1001
S,6,3354,PREDICTION,src/tracking/advanced_tracker.py:kalman_homography,
S,8,3354,PREDICTION,src/tracking/advanced_tracker.py:kalman_homography,
S,7,3354,PREDICTION,src/tracking/advanced_tracker.py:flow_gapfill_batched,
D,7,3354
S,6,3354,PREDICTION,src/tracking/advanced_tracker.py:id_merge,
D,8,3354
S,6,3354,PREDICTION,src/tracking/advanced_tracker.py:id_merge,
L,0,3354,DETECTION,src/tracking/advanced_tracker.py:_activate_slot,3354_-13_767_352_1135
R,CLAMP,CLAMP,0
L,1,3354,DETECTION,src/tracking/advanced_tracker.py:_activate_slot,3354_22_942_668_1293
R,CLAMP,CLAMP,0
L,2,3354,DETECTION,src/tracking/advanced_tracker.py:_activate_slot,3354_-15_164_381_578
R,CLAMP,CLAMP,0
L,3,3354,DETECTION,src/tracking/advanced_tracker.py:_activate_slot,3354_-13_301_665_1001
R,CLAMP,CLAMP,0
L,6,3354,PREDICTION,src/tracking/advanced_tracker.py:id_merge,
R,CLAMP,CLAMP,0
A,3354
S,0,3360,DETECTION,src/tracking/advanced_tracker.py:_activate_slot,3360_-13_767_354_1135
S,1,3360,DETECTION,src/tracking/advanced_tracker.py:_activate_slot,3360_21_944_667_1294
S,2,3360,DETECTION,src/tracking/advanced_tracker.py:_activate_slot,3360_-14_159_377_580
S,3,3360,DETECTION,src/tracking/advanced_tracker.py:_activate_slot,3360_-13_301_666_1000
S,6,3360,PREDICTION,src/tracking/advanced_tracker.py:kalman_homography,
S,8,3360,PREDICTION,src/tracking/advanced_tracker.py:flow_gapfill_batched,
D,8,3360
S,6,3360,PREDICTION,src/tracking/advanced_tracker.py:id_merge,
L,0,3360,DETECTION,src/tracking/advanced_tracker.py:_activate_slot,3360_-13_767_354_1135
R,CLAMP,CLAMP,0
L,1,3360,DETECTION,src/tracking/advanced_tracker.py:_activate_slot,3360_21_944_667_1294
R,CLAMP,CLAMP,0
L,2,3360,DETECTION,src/tracking/advanced_tracker.py:_activate_slot,3360_-14_159_377_580
R,CLAMP,CLAMP,0
L,3,3360,DETECTION,src/tracking/advanced_tracker.py:_activate_slot,3360_-13_301_666_1000
R,CLAMP,CLAMP,0
L,6,3360,PREDICTION,src/tracking/advanced_tracker.py:id_merge,
R,CLAMP,CLAMP,0
A,3360
S,0,3366,DETECTION,src/tracking/advanced_tracker.py:_activate_slot,3366_-13_777_352_1136
S,1,3366,DETECTION,src/tracking/advanced_tracker.py:_activate_slot,3366_24_940_667_1294
S,2,3366,DETECTION,src/tracking/advanced_tracker.py:_activate_slot,3366_-14_157_376_596
S,3,3366,DETECTION,src/tracking/advanced_tracker.py:_activate_slot,3366_-12_311_665_990
S,6,3366,PREDICTION,src/tracking/advanced_tracker.py:kalman_homography,
L,0,3366,DETECTION,src/tracking/advanced_tracker.py:_activate_slot,3366_-13_777_352_1136
R,CLAMP,CLAMP,0
L,1,3366,DETECTION,src/tracking/advanced_tracker.py:_activate_slot,3366_24_940_667_1294
R,CLAMP,CLAMP,0
L,2,3366,DETECTION,src/tracking/advanced_tracker.py:_activate_slot,3366_-14_157_376_596
R,CLAMP,CLAMP,0
L,3,3366,DETECTION,src/tracking/advanced_tracker.py:_activate_slot,3366_-12_311_665_990
R,CLAMP,CLAMP,0
L,6,3366,PREDICTION,src/tracking/advanced_tracker.py:kalman_homography,
R,CLAMP,CLAMP,0
A,3366
S,0,3372,DETECTION,src/tracking/advanced_tracker.py:_activate_slot,3372_-12_783_353_1135
S,1,3372,DETECTION,src/tracking/advanced_tracker.py:_activate_slot,3372_35_938_667_1294
S,2,3372,DETECTION,src/tracking/advanced_tracker.py:_activate_slot,3372_-14_160_380_587
S,3,3372,DETECTION,src/tracking/advanced_tracker.py:_activate_slot,3372_-12_314_666_989
S,4,3372,DETECTION,src/tracking/advanced_tracker.py:_activate_slot,3372_-9_305_590_840
S,6,3372,PREDICTION,src/tracking/advanced_tracker.py:kalman_homography,
D,3,3372
S,4,3372,PREDICTION,src/tracking/advanced_tracker.py:id_merge,
L,0,3372,DETECTION,src/tracking/advanced_tracker.py:_activate_slot,3372_-12_783_353_1135
R,CLAMP,CLAMP,0
L,1,3372,DETECTION,src/tracking/advanced_tracker.py:_activate_slot,3372_35_938_667_1294
R,CLAMP,CLAMP,0
L,2,3372,DETECTION,src/tracking/advanced_tracker.py:_activate_slot,3372_-14_160_380_587
R,CLAMP,CLAMP,0
L,4,3372,PREDICTION,src/tracking/advanced_tracker.py:id_merge,
R,CLAMP,CLAMP,0
L,6,3372,PREDICTION,src/tracking/advanced_tracker.py:kalman_homography,
R,CLAMP,CLAMP,0
A,3372
S,1,3378,DETECTION,src/tracking/advanced_tracker.py:_activate_slot,3378_36_936_667_1294
S,2,3378,DETECTION,src/tracking/advanced_tracker.py:_activate_slot,3378_-14_153_374_585
S,3,3378,DETECTION,src/tracking/advanced_tracker.py:_activate_slot,3378_-13_313_667_986
S,7,3378,DETECTION,src/tracking/advanced_tracker.py:_activate_slot,3378_-12_786_351_1136
S,0,3378,PREDICTION,src/tracking/advanced_tracker.py:kalman_homography,
S,4,3378,PREDICTION,src/tracking/advanced_tracker.py:kalman_homography,
S,6,3378,PREDICTION,src/tracking/advanced_tracker.py:kalman_homography,
D,4,3378
S,3,3378,PREDICTION,src/tracking/advanced_tracker.py:id_merge,
D,6,3378
S,7,3378,PREDICTION,src/tracking/advanced_tracker.py:id_merge,
L,0,3378,PREDICTION,src/tracking/advanced_tracker.py:kalman_homography,
R,CLAMP,CLAMP,0
L,1,3378,DETECTION,src/tracking/advanced_tracker.py:_activate_slot,3378_36_936_667_1294
R,CLAMP,CLAMP,0
L,2,3378,DETECTION,src/tracking/advanced_tracker.py:_activate_slot,3378_-14_153_374_585
R,CLAMP,CLAMP,0
L,3,3378,PREDICTION,src/tracking/advanced_tracker.py:id_merge,
R,CLAMP,CLAMP,0
L,7,3378,PREDICTION,src/tracking/advanced_tracker.py:id_merge,
R,CLAMP,CLAMP,0
A,3378
S,1,3384,DETECTION,src/tracking/advanced_tracker.py:_activate_slot,3384_33_932_667_1294
S,2,3384,DETECTION,src/tracking/advanced_tracker.py:_activate_slot,3384_-14_155_370_587
S,3,3384,DETECTION,src/tracking/advanced_tracker.py:_activate_slot,3384_-14_312_665_986
S,7,3384,DETECTION,src/tracking/advanced_tracker.py:_activate_slot,3384_-12_782_349_1137
S,0,3384,PREDICTION,src/tracking/advanced_tracker.py:kalman_homography,
S,4,3384,PREDICTION,src/tracking/advanced_tracker.py:kalman_homography,
S,6,3384,PREDICTION,src/tracking/advanced_tracker.py:kalman_homography,
D,4,3384
S,3,3384,PREDICTION,src/tracking/advanced_tracker.py:id_merge,
D,6,3384
S,7,3384,PREDICTION,src/tracking/advanced_tracker.py:id_merge,
L,0,3384,PREDICTION,src/tracking/advanced_tracker.py:kalman_homography,
R,CLAMP,CLAMP,0
L,1,3384,DETECTION,src/tracking/advanced_tracker.py:_activate_slot,3384_33_932_667_1294
R,CLAMP,CLAMP,0
L,2,3384,DETECTION,src/tracking/advanced_tracker.py:_activate_slot,3384_-14_155_370_587
R,CLAMP,CLAMP,0
L,3,3384,PREDICTION,src/tracking/advanced_tracker.py:id_merge,
R,CLAMP,CLAMP,0
L,7,3384,PREDICTION,src/tracking/advanced_tracker.py:id_merge,
R,CLAMP,CLAMP,0
A,3384
S,0,3390,DETECTION,src/tracking/advanced_tracker.py:_activate_slot,3390_-12_773_345_1136
S,1,3390,DETECTION,src/tracking/advanced_tracker.py:_activate_slot,3390_38_929_667_1295
S,2,3390,DETECTION,src/tracking/advanced_tracker.py:_activate_slot,3390_-14_172_370_586
S,3,3390,DETECTION,src/tracking/advanced_tracker.py:_activate_slot,3390_-13_301_665_987
S,4,3390,PREDICTION,src/tracking/advanced_tracker.py:kalman_homography,
S,6,3390,PREDICTION,src/tracking/advanced_tracker.py:kalman_homography,
S,7,3390,PREDICTION,src/tracking/advanced_tracker.py:kalman_homography,
D,4,3390
S,3,3390,PREDICTION,src/tracking/advanced_tracker.py:id_merge,
D,6,3390
S,7,3390,PREDICTION,src/tracking/advanced_tracker.py:id_merge,
L,0,3390,DETECTION,src/tracking/advanced_tracker.py:_activate_slot,3390_-12_773_345_1136
R,CLAMP,CLAMP,0
L,1,3390,DETECTION,src/tracking/advanced_tracker.py:_activate_slot,3390_38_929_667_1295
R,CLAMP,CLAMP,0
L,2,3390,DETECTION,src/tracking/advanced_tracker.py:_activate_slot,3390_-14_172_370_586
R,CLAMP,CLAMP,0
L,3,3390,PREDICTION,src/tracking/advanced_tracker.py:id_merge,
R,CLAMP,CLAMP,0
L,7,3390,PREDICTION,src/tracking/advanced_tracker.py:id_merge,
R,CLAMP,CLAMP,0
A,3390
S,0,3396,DETECTION,src/tracking/advanced_tracker.py:_activate_slot,3396_-12_758_342_1134
S,1,3396,DETECTION,src/tracking/advanced_tracker.py:_activate_slot,3396_40_926_667_1294
S,2,3396,DETECTION,src/tracking/advanced_tracker.py:_activate_slot,3396_-14_162_374_586
S,3,3396,DETECTION,src/tracking/advanced_tracker.py:_activate_slot,3396_-12_293_667_981
S,4,3396,PREDICTION,src/tracking/advanced_tracker.py:kalman_homography,
S,7,3396,PREDICTION,src/tracking/advanced_tracker.py:kalman_homography,
S,6,3396,PREDICTION,src/tracking/advanced_tracker.py:flow_gapfill_batched,
D,4,3396
S,3,3396,PREDICTION,src/tracking/advanced_tracker.py:id_merge,
D,6,3396
S,7,3396,PREDICTION,src/tracking/advanced_tracker.py:id_merge,
L,0,3396,DETECTION,src/tracking/advanced_tracker.py:_activate_slot,3396_-12_758_342_1134
R,CLAMP,CLAMP,0
L,1,3396,DETECTION,src/tracking/advanced_tracker.py:_activate_slot,3396_40_926_667_1294
R,CLAMP,CLAMP,0
L,2,3396,DETECTION,src/tracking/advanced_tracker.py:_activate_slot,3396_-14_162_374_586
R,CLAMP,CLAMP,0
L,3,3396,PREDICTION,src/tracking/advanced_tracker.py:id_merge,
R,CLAMP,CLAMP,0
L,7,3396,PREDICTION,src/tracking/advanced_tracker.py:id_merge,
R,CLAMP,CLAMP,0
A,3396
S,1,3402,DETECTION,src/tracking/advanced_tracker.py:_activate_slot,3402_43_922_668_1293
S,2,3402,DETECTION,src/tracking/advanced_tracker.py:_activate_slot,3402_-14_160_364_586
S,3,3402,DETECTION,src/tracking/advanced_tracker.py:_activate_slot,3402_-14_286_668_977
S,7,3402,DETECTION,src/tracking/advanced_tracker.py:_activate_slot,3402_-11_749_340_1130
S,0,3402,PREDICTION,src/tracking/advanced_tracker.py:kalman_homography,
S,4,3402,PREDICTION,src/tracking/advanced_tracker.py:kalman_homography,
D,4,3402
S,3,3402,PREDICTION,src/tracking/advanced_tracker.py:id_merge,
L,0,3402,PREDICTION,src/tracking/advanced_tracker.py:kalman_homography,
R,CLAMP,CLAMP,0
L,1,3402,DETECTION,src/tracking/advanced_tracker.py:_activate_slot,3402_43_922_668_1293
R,CLAMP,CLAMP,0
L,2,3402,DETECTION,src/tracking/advanced_tracker.py:_activate_slot,3402_-14_160_364_586
R,CLAMP,CLAMP,0
L,3,3402,PREDICTION,src/tracking/advanced_tracker.py:id_merge,
R,CLAMP,CLAMP,0
L,7,3402,DETECTION,src/tracking/advanced_tracker.py:_activate_slot,3402_-11_749_340_1130
R,CLAMP,CLAMP,0
A,3402
S,1,3408,DETECTION,src/tracking/advanced_tracker.py:_activate_slot,3408_39_920_668_1294
S,2,3408,DETECTION,src/tracking/advanced_tracker.py:_activate_slot,3408_-14_148_358_582
S,3,3408,DETECTION,src/tracking/advanced_tracker.py:_activate_slot,3408_-10_282_666_977
S,0,3408,PREDICTION,src/tracking/advanced_tracker.py:kalman_homography,
S,4,3408,PREDICTION,src/tracking/advanced_tracker.py:kalman_homography,
S,7,3408,PREDICTION,src/tracking/advanced_tracker.py:kalman_homography,
D,4,3408
S,3,3408,PREDICTION,src/tracking/advanced_tracker.py:id_merge,
L,0,3408,PREDICTION,src/tracking/advanced_tracker.py:kalman_homography,
R,CLAMP,CLAMP,0
L,1,3408,DETECTION,src/tracking/advanced_tracker.py:_activate_slot,3408_39_920_668_1294
R,CLAMP,CLAMP,0
L,2,3408,DETECTION,src/tracking/advanced_tracker.py:_activate_slot,3408_-14_148_358_582
R,CLAMP,CLAMP,0
L,3,3408,PREDICTION,src/tracking/advanced_tracker.py:id_merge,
R,CLAMP,CLAMP,0
L,7,3408,PREDICTION,src/tracking/advanced_tracker.py:kalman_homography,
R,CLAMP,CLAMP,0
A,3408
S,1,3414,DETECTION,src/tracking/advanced_tracker.py:_activate_slot,3414_43_916_667_1294
S,2,3414,DETECTION,src/tracking/advanced_tracker.py:_activate_slot,3414_-14_147_350_578
S,3,3414,DETECTION,src/tracking/advanced_tracker.py:_activate_slot,3414_-14_287_665_970
S,4,3414,DETECTION,src/tracking/advanced_tracker.py:_activate_slot,3414_-12_723_341_1128
S,0,3414,PREDICTION,src/tracking/advanced_tracker.py:kalman_homography,
S,7,3414,PREDICTION,src/tracking/advanced_tracker.py:kalman_homography,
D,0,3414
S,4,3414,PREDICTION,src/tracking/advanced_tracker.py:id_merge,
L,1,3414,DETECTION,src/tracking/advanced_tracker.py:_activate_slot,3414_43_916_667_1294
R,CLAMP,CLAMP,0
L,2,3414,DETECTION,src/tracking/advanced_tracker.py:_activate_slot,3414_-14_147_350_578
R,CLAMP,CLAMP,0
L,3,3414,DETECTION,src/tracking/advanced_tracker.py:_activate_slot,3414_-14_287_665_970
R,CLAMP,CLAMP,0
L,4,3414,PREDICTION,src/tracking/advanced_tracker.py:id_merge,
R,CLAMP,CLAMP,0
L,7,3414,PREDICTION,src/tracking/advanced_tracker.py:kalman_homography,
R,CLAMP,CLAMP,0
A,3414
S,1,3420,DETECTION,src/tracking/advanced_tracker.py:_activate_slot,3420_38_914_668_1294
S,2,3420,DETECTION,src/tracking/advanced_tracker.py:_activate_slot,3420_-13_146_334_568
S,3,3420,DETECTION,src/tracking/advanced_tracker.py:_activate_slot,3420_-14_280_667_958
S,7,3420,DETECTION,src/tracking/advanced_tracker.py:_activate_slot,3420_-12_725_340_1127
S,0,3420,PREDICTION,src/tracking/advanced_tracker.py:kalman_homography,
S,4,3420,PREDICTION,src/tracking/advanced_tracker.py:flow_gapfill_batched,
D,0,3420
S,4,3420,PREDICTION,src/tracking/advanced_tracker.py:id_merge,
L,1,3420,DETECTION,src/tracking/advanced_tracker.py:_activate_slot,3420_38_914_668_1294
R,CLAMP,CLAMP,0
L,2,3420,DETECTION,src/tracking/advanced_tracker.py:_activate_slot,3420_-13_146_334_568
R,CLAMP,CLAMP,0
L,3,3420,DETECTION,src/tracking/advanced_tracker.py:_activate_slot,3420_-14_280_667_958
R,CLAMP,CLAMP,0
L,4,3420,PREDICTION,src/tracking/advanced_tracker.py:id_merge,
R,CLAMP,CLAMP,0
L,7,3420,DETECTION,src/tracking/advanced_tracker.py:_activate_slot,3420_-12_725_340_1127
R,CLAMP,CLAMP,0
A,3420
S,1,3426,DETECTION,src/tracking/advanced_tracker.py:_activate_slot,3426_37_913_667_1295
S,2,3426,DETECTION,src/tracking/advanced_tracker.py:_activate_slot,3426_-14_151_332_570
S,3,3426,DETECTION,src/tracking/advanced_tracker.py:_activate_slot,3426_-13_282_668_968
S,0,3426,PREDICTION,src/tracking/advanced_tracker.py:kalman_homography,
S,7,3426,PREDICTION,src/tracking/advanced_tracker.py:kalman_homography,
S,4,3426,PREDICTION,src/tracking/advanced_tracker.py:flow_gapfill_batched,
D,0,3426
S,4,3426,PREDICTION,src/tracking/advanced_tracker.py:id_merge,
L,1,3426,DETECTION,src/tracking/advanced_tracker.py:_activate_slot,3426_37_913_667_1295
R,CLAMP,CLAMP,0
L,2,3426,DETECTION,src/tracking/advanced_tracker.py:_activate_slot,3426_-14_151_332_570
R,CLAMP,CLAMP,0
L,3,3426,DETECTION,src/tracking/advanced_tracker.py:_activate_slot,3426_-13_282_668_968
R,CLAMP,CLAMP,0
L,4,3426,PREDICTION,src/tracking/advanced_tracker.py:id_merge,
R,CLAMP,CLAMP,0
L,7,3426,PREDICTION,src/tracking/advanced_tracker.py:kalman_homography,
R,CLAMP,CLAMP,0
A,3426
S,1,3432,DETECTION,src/tracking/advanced_tracker.py:_activate_slot,3432_37_912_667_1294
S,2,3432,DETECTION,src/tracking/advanced_tracker.py:_activate_slot,3432_-14_153_339_576
S,3,3432,DETECTION,src/tracking/advanced_tracker.py:_activate_slot,3432_-13_271_667_962
S,0,3432,PREDICTION,src/tracking/advanced_tracker.py:kalman_homography,
S,7,3432,PREDICTION,src/tracking/advanced_tracker.py:kalman_homography,
S,4,3432,PREDICTION,src/tracking/advanced_tracker.py:flow_gapfill_batched,
D,0,3432
S,4,3432,PREDICTION,src/tracking/advanced_tracker.py:id_merge,
L,1,3432,DETECTION,src/tracking/advanced_tracker.py:_activate_slot,3432_37_912_667_1294
R,CLAMP,CLAMP,0
L,2,3432,DETECTION,src/tracking/advanced_tracker.py:_activate_slot,3432_-14_153_339_576
R,CLAMP,CLAMP,0
L,3,3432,DETECTION,src/tracking/advanced_tracker.py:_activate_slot,3432_-13_271_667_962
R,CLAMP,CLAMP,0
L,4,3432,PREDICTION,src/tracking/advanced_tracker.py:id_merge,
R,CLAMP,CLAMP,0
L,7,3432,PREDICTION,src/tracking/advanced_tracker.py:kalman_homography,
R,CLAMP,CLAMP,0
A,3432
S,1,3438,DETECTION,src/tracking/advanced_tracker.py:_activate_slot,3438_32_912_668_1294
S,2,3438,DETECTION,src/tracking/advanced_tracker.py:_activate_slot,3438_-13_183_343_577
S,3,3438,DETECTION,src/tracking/advanced_tracker.py:_activate_slot,3438_-13_283_667_964
S,0,3438,PREDICTION,src/tracking/advanced_tracker.py:kalman_homography,
S,7,3438,PREDICTION,src/tracking/advanced_tracker.py:kalman_homography,
S,4,3438,PREDICTION,src/tracking/advanced_tracker.py:flow_gapfill_batched,
D,0,3438
S,4,3438,PREDICTION,src/tracking/advanced_tracker.py:id_merge,
L,1,3438,DETECTION,src/tracking/advanced_tracker.py:_activate_slot,3438_32_912_668_1294
R,CLAMP,CLAMP,0
L,2,3438,DETECTION,src/tracking/advanced_tracker.py:_activate_slot,3438_-13_183_343_577
R,CLAMP,CLAMP,0
L,3,3438,DETECTION,src/tracking/advanced_tracker.py:_activate_slot,3438_-13_283_667_964
R,CLAMP,CLAMP,0
L,4,3438,PREDICTION,src/tracking/advanced_tracker.py:id_merge,
R,CLAMP,CLAMP,0
L,7,3438,PREDICTION,src/tracking/advanced_tracker.py:kalman_homography,
R,CLAMP,CLAMP,0
A,3438
S,0,3444,DETECTION,src/tracking/advanced_tracker.py:_activate_slot,3444_578_605_664_701
S,1,3444,DETECTION,src/tracking/advanced_tracker.py:_activate_slot,3444_84_272_236_350
S,2,3444,DETECTION,src/tracking/advanced_tracker.py:_activate_slot,3444_69_329_226_394
S,3,3444,DETECTION,src/tracking/advanced_tracker.py:_activate_slot,3444_338_852_535_952
S,4,3444,DETECTION,src/tracking/advanced_tracker.py:_activate_slot,3444_165_346_346_447
S,6,3444,DETECTION,src/tracking/advanced_tracker.py:_activate_slot,3444_199_906_346_1009
S,7,3444,DETECTION,src/tracking/advanced_tracker.py:_activate_slot,3444_78_202_241_283
D,1,3444
S,2,3444,PREDICTION,src/tracking/advanced_tracker.py:id_merge,
L,0,3444,DETECTION,src/tracking/advanced_tracker.py:_activate_slot,3444_578_605_664_701
R,CLAMP,CLAMP,0
L,2,3444,PREDICTION,src/tracking/advanced_tracker.py:id_merge,
R,CLAMP,CLAMP,0
L,3,3444,DETECTION,src/tracking/advanced_tracker.py:_activate_slot,3444_338_852_535_952
R,CLAMP,CLAMP,0
L,4,3444,DETECTION,src/tracking/advanced_tracker.py:_activate_slot,3444_165_346_346_447
R,CLAMP,CLAMP,0
L,6,3444,DETECTION,src/tracking/advanced_tracker.py:_activate_slot,3444_199_906_346_1009
R,CLAMP,CLAMP,0
L,7,3444,DETECTION,src/tracking/advanced_tracker.py:_activate_slot,3444_78_202_241_283
R,CLAMP,CLAMP,0
A,3444
S,0,3450,DETECTION,src/tracking/advanced_tracker.py:_activate_slot,3450_309_1245_500_1295
S,1,3450,DETECTION,src/tracking/advanced_tracker.py:_activate_slot,3450_75_217_234_295
S,2,3450,DETECTION,src/tracking/advanced_tracker.py:_activate_slot,3450_168_349_352_460
S,3,3450,DETECTION,src/tracking/advanced_tracker.py:_activate_slot,3450_338_843_541_959
S,4,3450,DETECTION,src/tracking/advanced_tracker.py:_activate_slot,3450_69_338_214_402
S,6,3450,PREDICTION,src/tracking/advanced_tracker.py:kalman_homography,
D,1,3450
S,4,3450,PREDICTION,src/tracking/advanced_tracker.py:id_merge,
L,0,3450,DETECTION,src/tracking/advanced_tracker.py:_activate_slot,3450_309_1245_500_1295
R,CLAMP,CLAMP,0
L,2,3450,DETECTION,src/tracking/advanced_tracker.py:_activate_slot,3450_168_349_352_460
R,CLAMP,CLAMP,0
L,3,3450,DETECTION,src/tracking/advanced_tracker.py:_activate_slot,3450_338_843_541_959
R,CLAMP,CLAMP,0
L,4,3450,PREDICTION,src/tracking/advanced_tracker.py:id_merge,
R,CLAMP,CLAMP,0
L,6,3450,PREDICTION,src/tracking/advanced_tracker.py:kalman_homography,
R,CLAMP,CLAMP,0
A,3450
S,1,3456,DETECTION,src/tracking/advanced_tracker.py:_activate_slot,3456_311_1209_493_1295
S,2,3456,DETECTION,src/tracking/advanced_tracker.py:_activate_slot,3456_173_362_353_481
S,3,3456,DETECTION,src/tracking/advanced_tracker.py:_activate_slot,3456_83_298_255_386
S,4,3456,DETECTION,src/tracking/advanced_tracker.py:_activate_slot,3456_68_233_239_312
S,6,3456,DETECTION,src/tracking/advanced_tracker.py:_activate_slot,3456_64_343_235_429
S,7,3456,DETECTION,src/tracking/advanced_tracker.py:_activate_slot,3456_325_831_534_957
S,0,3456,PREDICTION,src/tracking/advanced_tracker.py:flow_gapfill_batched,
D,0,3456
S,1,3456,PREDICTION,src/tracking/advanced_tracker.py:id_merge,
D,2,3456
S,3,3456,PREDICTION,src/tracking/advanced_tracker.py:id_merge,
D,3,3456
S,4,3456,PREDICTION,src/tracking/advanced_tracker.py:id_merge,
L,1,3456,PREDICTION,src/tracking/advanced_tracker.py:id_merge,
R,CLAMP,CLAMP,0
L,4,3456,PREDICTION,src/tracking/advanced_tracker.py:id_merge,
R,CLAMP,CLAMP,0
L,6,3456,DETECTION,src/tracking/advanced_tracker.py:_activate_slot,3456_64_343_235_429
R,CLAMP,CLAMP,0
L,7,3456,DETECTION,src/tracking/advanced_tracker.py:_activate_slot,3456_325_831_534_957
R,CLAMP,CLAMP,0
A,3456
S,0,3462,CLAMP,src/tracking/advanced_tracker.py:_activate_slot,3462_59_248_233_327
S,1,3462,DETECTION,src/tracking/advanced_tracker.py:_activate_slot,3462_313_1185_497_1295
S,2,3462,DETECTION,src/tracking/advanced_tracker.py:_activate_slot,3462_172_382_351_494
S,3,3462,DETECTION,src/tracking/advanced_tracker.py:_activate_slot,3462_65_322_251_436
S,7,3462,DETECTION,src/tracking/advanced_tracker.py:_activate_slot,3462_328_788_538_956
S,5,3462,DETECTION,src/tracking/advanced_tracker.py:_activate_slot,3462_565_1192_671_1294
S,4,3462,PREDICTION,src/tracking/advanced_tracker.py:flow_gapfill_batched,
S,6,3462,PREDICTION,src/tracking/advanced_tracker.py:flow_gapfill_batched,
D,0,3462
S,1,3462,PREDICTION,src/tracking/advanced_tracker.py:id_merge,
D,2,3462
S,3,3462,PREDICTION,src/tracking/advanced_tracker.py:id_merge,
D,4,3462
S,3,3462,PREDICTION,src/tracking/advanced_tracker.py:id_merge,
L,1,3462,PREDICTION,src/tracking/advanced_tracker.py:id_merge,
R,CLAMP,CLAMP,0
L,3,3462,PREDICTION,src/tracking/advanced_tracker.py:id_merge,
R,CLAMP,CLAMP,0
L,5,3462,DETECTION,src/tracking/advanced_tracker.py:_activate_slot,3462_565_1192_671_1294
R,CLAMP,CLAMP,0
L,6,3462,PREDICTION,src/tracking/advanced_tracker.py:flow_gapfill_batched,
R,CLAMP,CLAMP,0
L,7,3462,DETECTION,src/tracking/advanced_tracker.py:_activate_slot,3462_328_788_538_956
R,CLAMP,CLAMP,0
A,3462
S,0,3468,CLAMP,src/tracking/advanced_tracker.py:_activate_slot,3468_51_262_224_345
S,1,3468,DETECTION,src/tracking/advanced_tracker.py:_activate_slot,3468_321_1199_504_1293
S,2,3468,DETECTION,src/tracking/advanced_tracker.py:_activate_slot,3468_172_399_351_494
S,3,3468,DETECTION,src/tracking/advanced_tracker.py:_activate_slot,3468_66_336_240_452
S,5,3468,DETECTION,src/tracking/advanced_tracker.py:_activate_slot,3468_338_798_522_884
S,7,3468,PREDICTION,src/tracking/advanced_tracker.py:kalman_homography,
S,4,3468,PREDICTION,src/tracking/advanced_tracker.py:flow_gapfill_batched,
S,6,3468,PREDICTION,src/tracking/advanced_tracker.py:flow_gapfill_batched,
D,0,3468
S,1,3468,PREDICTION,src/tracking/advanced_tracker.py:id_merge,
D,4,3468
S,3,3468,PREDICTION,src/tracking/advanced_tracker.py:id_merge,
L,1,3468,PREDICTION,src/tracking/advanced_tracker.py:id_merge,
R,CLAMP,CLAMP,0
L,2,3468,DETECTION,src/tracking/advanced_tracker.py:_activate_slot,3468_172_399_351_494
R,CLAMP,CLAMP,0
L,3,3468,PREDICTION,src/tracking/advanced_tracker.py:id_merge,
R,CLAMP,CLAMP,0
L,5,3468,DETECTION,src/tracking/advanced_tracker.py:_activate_slot,3468_338_798_522_884
R,CLAMP,CLAMP,0
L,6,3468,PREDICTION,src/tracking/advanced_tracker.py:flow_gapfill_batched,
R,CLAMP,CLAMP,0
L,7,3468,PREDICTION,src/tracking/advanced_tracker.py:kalman_homography,
R,CLAMP,CLAMP,0
A,3468
S,0,3474,CLAMP,src/tracking/advanced_tracker.py:_activate_slot,3474_52_281_218_364
S,1,3474,DETECTION,src/tracking/advanced_tracker.py:_activate_slot,3474_322_1163_512_1293
S,2,3474,DETECTION,src/tracking/advanced_tracker.py:_activate_slot,3474_170_410_356_499
S,3,3474,DETECTION,src/tracking/advanced_tracker.py:_activate_slot,3474_65_343_242_459
S,6,3474,DETECTION,src/tracking/advanced_tracker.py:_activate_slot,3474_342_780_535_884
S,8,3474,DETECTION,src/tracking/advanced_tracker.py:_activate_slot,3474_341_787_506_865
S,5,3474,PREDICTION,src/tracking/advanced_tracker.py:kalman_homography,
S,4,3474,PREDICTION,src/tracking/advanced_tracker.py:flow_gapfill_batched,
S,7,3474,PREDICTION,src/tracking/advanced_tracker.py:flow_gapfill_batched,
D,4,3474
S,3,3474,PREDICTION,src/tracking/advanced_tracker.py:id_merge,
D,7,3474
S,6,3474,PREDICTION,src/tracking/advanced_tracker.py:id_merge,
D,6,3474
S,8,3474,PREDICTION,src/tracking/advanced_tracker.py:id_merge,
L,0,3474,CLAMP,src/tracking/advanced_tracker.py:_activate_slot,3474_52_281_218_364
R,CLAMP,CLAMP,0
L,1,3474,DETECTION,src/tracking/advanced_tracker.py:_activate_slot,3474_322_1163_512_1293
R,CLAMP,CLAMP,0
L,2,3474,DETECTION,src/tracking/advanced_tracker.py:_activate_slot,3474_170_410_356_499
R,CLAMP,CLAMP,0
L,3,3474,PREDICTION,src/tracking/advanced_tracker.py:id_merge,
R,CLAMP,CLAMP,0
L,5,3474,PREDICTION,src/tracking/advanced_tracker.py:kalman_homography,
R,CLAMP,CLAMP,0
L,8,3474,PREDICTION,src/tracking/advanced_tracker.py:id_merge,
R,CLAMP,CLAMP,0
A,3474
S,0,3480,CLAMP,src/tracking/advanced_tracker.py:_activate_slot,3480_88_360_249_460
S,1,3480,DETECTION,src/tracking/advanced_tracker.py:_activate_slot,3480_328_1160_518_1292
S,2,3480,DETECTION,src/tracking/advanced_tracker.py:_activate_slot,3480_177_420_368_521
S,3,3480,DETECTION,src/tracking/advanced_tracker.py:_activate_slot,3480_50_296_214_379
S,9,3480,DETECTION,src/tracking/advanced_tracker.py:_activate_slot,3480_342_763_537_885
S,5,3480,PREDICTION,src/tracking/advanced_tracker.py:kalman_homography,
S,6,3480,PREDICTION,src/tracking/advanced_tracker.py:kalman_homography,
S,8,3480,PREDICTION,src/tracking/advanced_tracker.py:kalman_homography,
S,4,3480,PREDICTION,src/tracking/advanced_tracker.py:flow_gapfill_batched,
S,7,3480,PREDICTION,src/tracking/advanced_tracker.py:flow_gapfill_batched,
D,4,3480
S,3,3480,PREDICTION,src/tracking/advanced_tracker.py:id_merge,
D,7,3480
S,8,3480,PREDICTION,src/tracking/advanced_tracker.py:id_merge,
D,8,3480
S,9,3480,PREDICTION,src/tracking/advanced_tracker.py:id_merge,
L,0,3480,CLAMP,src/tracking/advanced_tracker.py:_activate_slot,3480_88_360_249_460
R,CLAMP,CLAMP,0
L,1,3480,DETECTION,src/tracking/advanced_tracker.py:_activate_slot,3480_328_1160_518_1292
R,CLAMP,CLAMP,0
L,2,3480,DETECTION,src/tracking/advanced_tracker.py:_activate_slot,3480_177_420_368_521
R,CLAMP,CLAMP,0
L,3,3480,PREDICTION,src/tracking/advanced_tracker.py:id_merge,
R,CLAMP,CLAMP,0
L,5,3480,PREDICTION,src/tracking/advanced_tracker.py:kalman_homography,
R,CLAMP,CLAMP,0
L,6,3480,PREDICTION,src/tracking/advanced_tracker.py:kalman_homography,
R,CLAMP,CLAMP,0
L,9,3480,PREDICTION,src/tracking/advanced_tracker.py:id_merge,
R,CLAMP,CLAMP,0
A,3480
S,0,3486,CLAMP,src/tracking/advanced_tracker.py:_activate_slot,3486_40_319_209_394
S,1,3486,DETECTION,src/tracking/advanced_tracker.py:_activate_slot,3486_323_1175_523_1273
S,2,3486,DETECTION,src/tracking/advanced_tracker.py:_activate_slot,3486_182_424_372_535
S,3,3486,DETECTION,src/tracking/advanced_tracker.py:_activate_slot,3486_74_380_251_480
S,5,3486,PREDICTION,src/tracking/advanced_tracker.py:kalman_homography,
S,8,3486,PREDICTION,src/tracking/advanced_tracker.py:kalman_homography,
S,9,3486,PREDICTION,src/tracking/advanced_tracker.py:kalman_homography,
S,4,3486,PREDICTION,src/tracking/advanced_tracker.py:flow_gapfill_batched,
S,6,3486,PREDICTION,src/tracking/advanced_tracker.py:flow_gapfill_batched,
S,7,3486,PREDICTION,src/tracking/advanced_tracker.py:flow_gapfill_batched,
D,4,3486
S,3,3486,PREDICTION,src/tracking/advanced_tracker.py:id_merge,
D,7,3486
S,6,3486,PREDICTION,src/tracking/advanced_tracker.py:id_merge,
D,6,3486
S,8,3486,PREDICTION,src/tracking/advanced_tracker.py:id_merge,
D,8,3486
S,9,3486,PREDICTION,src/tracking/advanced_tracker.py:id_merge,
L,0,3486,CLAMP,src/tracking/advanced_tracker.py:_activate_slot,3486_40_319_209_394
R,CLAMP,CLAMP,0
L,1,3486,DETECTION,src/tracking/advanced_tracker.py:_activate_slot,3486_323_1175_523_1273
R,CLAMP,CLAMP,0
L,2,3486,DETECTION,src/tracking/advanced_tracker.py:_activate_slot,3486_182_424_372_535
R,CLAMP,CLAMP,0
L,3,3486,PREDICTION,src/tracking/advanced_tracker.py:id_merge,
R,CLAMP,CLAMP,0
L,5,3486,PREDICTION,src/tracking/advanced_tracker.py:kalman_homography,
R,CLAMP,CLAMP,0
L,9,3486,PREDICTION,src/tracking/advanced_tracker.py:id_merge,
R,CLAMP,CLAMP,0
A,3486
S,1,3492,DETECTION,src/tracking/advanced_tracker.py:_activate_slot,3492_332_1143_527_1265
S,2,3492,DETECTION,src/tracking/advanced_tracker.py:_activate_slot,3492_186_433_373_538
S,3,3492,DETECTION,src/tracking/advanced_tracker.py:_activate_slot,3492_58_401_247_489
S,9,3492,DETECTION,src/tracking/advanced_tracker.py:_activate_slot,3492_348_721_538_847
S,0,3492,PREDICTION,src/tracking/advanced_tracker.py:kalman_homography,
S,8,3492,PREDICTION,src/tracking/advanced_tracker.py:kalman_homography,
S,4,3492,PREDICTION,src/tracking/advanced_tracker.py:flow_gapfill_batched,
S,5,3492,PREDICTION,src/tracking/advanced_tracker.py:flow_gapfill_batched,
S,6,3492,PREDICTION,src/tracking/advanced_tracker.py:flow_gapfill_batched,
S,7,3492,PREDICTION,src/tracking/advanced_tracker.py:flow_gapfill_batched,
D,0,3492
S,3,3492,PREDICTION,src/tracking/advanced_tracker.py:id_merge,
D,4,3492
S,3,3492,PREDICTION,src/tracking/advanced_tracker.py:id_merge,
D,5,3492
S,6,3492,PREDICTION,src/tracking/advanced_tracker.py:id_merge,
D,7,3492
S,6,3492,PREDICTION,src/tracking/advanced_tracker.py:id_merge,
D,6,3492
S,8,3492,PREDICTION,src/tracking/advanced_tracker.py:id_merge,
D,8,3492
S,9,3492,PREDICTION,src/tracking/advanced_tracker.py:id_merge,
L,1,3492,DETECTION,src/tracking/advanced_tracker.py:_activate_slot,3492_332_1143_527_1265
R,CLAMP,CLAMP,0
L,2,3492,DETECTION,src/tracking/advanced_tracker.py:_activate_slot,3492_186_433_373_538
R,CLAMP,CLAMP,0
L,3,3492,PREDICTION,src/tracking/advanced_tracker.py:id_merge,
R,CLAMP,CLAMP,0
L,9,3492,PREDICTION,src/tracking/advanced_tracker.py:id_merge,
R,CLAMP,CLAMP,0
A,3492
S,1,3498,DETECTION,src/tracking/advanced_tracker.py:_activate_slot,3498_340_1135_537_1255
S,2,3498,DETECTION,src/tracking/advanced_tracker.py:_activate_slot,3498_181_450_375_541
S,3,3498,DETECTION,src/tracking/advanced_tracker.py:_activate_slot,3498_54_414_253_495
S,0,3498,PREDICTION,src/tracking/advanced_tracker.py:kalman_homography,
S,8,3498,PREDICTION,src/tracking/advanced_tracker.py:kalman_homography,
S,9,3498,PREDICTION,src/tracking/advanced_tracker.py:kalman_homography,
S,5,3498,PREDICTION,src/tracking/advanced_tracker.py:flow_gapfill_batched,
S,6,3498,PREDICTION,src/tracking/advanced_tracker.py:flow_gapfill_batched,
S,7,3498,PREDICTION,src/tracking/advanced_tracker.py:flow_gapfill_batched,
D,0,3498
S,3,3498,PREDICTION,src/tracking/advanced_tracker.py:id_merge,
D,5,3498
S,6,3498,PREDICTION,src/tracking/advanced_tracker.py:id_merge,
D,7,3498
S,8,3498,PREDICTION,src/tracking/advanced_tracker.py:id_merge,
D,8,3498
S,9,3498,PREDICTION,src/tracking/advanced_tracker.py:id_merge,
L,1,3498,DETECTION,src/tracking/advanced_tracker.py:_activate_slot,3498_340_1135_537_1255
R,CLAMP,CLAMP,0
L,2,3498,DETECTION,src/tracking/advanced_tracker.py:_activate_slot,3498_181_450_375_541
R,CLAMP,CLAMP,0
L,3,3498,PREDICTION,src/tracking/advanced_tracker.py:id_merge,
R,CLAMP,CLAMP,0
L,6,3498,PREDICTION,src/tracking/advanced_tracker.py:id_merge,
R,CLAMP,CLAMP,0
L,9,3498,PREDICTION,src/tracking/advanced_tracker.py:id_merge,
R,CLAMP,CLAMP,0
A,3498
S,1,3504,DETECTION,src/tracking/advanced_tracker.py:_activate_slot,3504_343_1119_538_1245
S,2,3504,DETECTION,src/tracking/advanced_tracker.py:_activate_slot,3504_187_457_374_542
S,3,3504,DETECTION,src/tracking/advanced_tracker.py:_activate_slot,3504_82_425_248_501
S,0,3504,PREDICTION,src/tracking/advanced_tracker.py:kalman_homography,
S,8,3504,PREDICTION,src/tracking/advanced_tracker.py:kalman_homography,
S,9,3504,PREDICTION,src/tracking/advanced_tracker.py:kalman_homography,
S,5,3504,PREDICTION,src/tracking/advanced_tracker.py:flow_gapfill_batched,
S,6,3504,PREDICTION,src/tracking/advanced_tracker.py:flow_gapfill_batched,
S,7,3504,PREDICTION,src/tracking/advanced_tracker.py:flow_gapfill_batched,
D,5,3504
S,6,3504,PREDICTION,src/tracking/advanced_tracker.py:id_merge,
D,6,3504
S,9,3504,PREDICTION,src/tracking/advanced_tracker.py:id_merge,
D,7,3504
S,8,3504,PREDICTION,src/tracking/advanced_tracker.py:id_merge,
D,8,3504
S,9,3504,PREDICTION,src/tracking/advanced_tracker.py:id_merge,
L,0,3504,PREDICTION,src/tracking/advanced_tracker.py:kalman_homography,
R,CLAMP,CLAMP,0
L,1,3504,DETECTION,src/tracking/advanced_tracker.py:_activate_slot,3504_343_1119_538_1245
R,CLAMP,CLAMP,0
L,2,3504,DETECTION,src/tracking/advanced_tracker.py:_activate_slot,3504_187_457_374_542
R,CLAMP,CLAMP,0
L,3,3504,DETECTION,src/tracking/advanced_tracker.py:_activate_slot,3504_82_425_248_501
R,CLAMP,CLAMP,0
L,9,3504,PREDICTION,src/tracking/advanced_tracker.py:id_merge,
R,CLAMP,CLAMP,0
A,3504
S,1,3510,DETECTION,src/tracking/advanced_tracker.py:_activate_slot,3510_347_1120_546_1244
S,2,3510,DETECTION,src/tracking/advanced_tracker.py:_activate_slot,3510_192_451_379_554
S,3,3510,DETECTION,src/tracking/advanced_tracker.py:_activate_slot,3510_153_265_322_347
S,8,3510,PREDICTION,src/tracking/advanced_tracker.py:kalman_homography,
S,9,3510,PREDICTION,src/tracking/advanced_tracker.py:kalman_homography,
S,5,3510,PREDICTION,src/tracking/advanced_tracker.py:flow_gapfill_batched,
S,6,3510,PREDICTION,src/tracking/advanced_tracker.py:flow_gapfill_batched,
S,7,3510,PREDICTION,src/tracking/advanced_tracker.py:flow_gapfill_batched,
D,5,3510
S,6,3510,PREDICTION,src/tracking/advanced_tracker.py:id_merge,
D,6,3510
S,9,3510,PREDICTION,src/tracking/advanced_tracker.py:id_merge,
D,7,3510
S,8,3510,PREDICTION,src/tracking/advanced_tracker.py:id_merge,
L,1,3510,DETECTION,src/tracking/advanced_tracker.py:_activate_slot,3510_347_1120_546_1244
R,CLAMP,CLAMP,0
L,2,3510,DETECTION,src/tracking/advanced_tracker.py:_activate_slot,3510_192_451_379_554
R,CLAMP,CLAMP,0
L,3,3510,DETECTION,src/tracking/advanced_tracker.py:_activate_slot,3510_153_265_322_347
R,CLAMP,CLAMP,0
L,8,3510,PREDICTION,src/tracking/advanced_tracker.py:id_merge,
R,CLAMP,CLAMP,0
L,9,3510,PREDICTION,src/tracking/advanced_tracker.py:id_merge,
R,CLAMP,CLAMP,0
A,3510
S,1,3516,DETECTION,src/tracking/advanced_tracker.py:_activate_slot,3516_23_442_224_555
S,2,3516,DETECTION,src/tracking/advanced_tracker.py:_activate_slot,3516_203_444_386_568
S,3,3516,DETECTION,src/tracking/advanced_tracker.py:_activate_slot,3516_152_297_325_372
S,5,3516,DETECTION,src/tracking/advanced_tracker.py:_activate_slot,3516_349_1130_550_1232
S,6,3516,DETECTION,src/tracking/advanced_tracker.py:_activate_slot,3516_173_221_357_347
S,8,3516,PREDICTION,src/tracking/advanced_tracker.py:kalman_homography,
S,9,3516,PREDICTION,src/tracking/advanced_tracker.py:kalman_homography,
L,1,3516,DETECTION,src/tracking/advanced_tracker.py:_activate_slot,3516_23_442_224_555
R,CLAMP,CLAMP,0
L,2,3516,DETECTION,src/tracking/advanced_tracker.py:_activate_slot,3516_203_444_386_568
R,CLAMP,CLAMP,0
L,3,3516,DETECTION,src/tracking/advanced_tracker.py:_activate_slot,3516_152_297_325_372
R,CLAMP,CLAMP,0
L,5,3516,DETECTION,src/tracking/advanced_tracker.py:_activate_slot,3516_349_1130_550_1232
R,CLAMP,CLAMP,0
L,6,3516,DETECTION,src/tracking/advanced_tracker.py:_activate_slot,3516_173_221_357_347
R,CLAMP,CLAMP,0
L,8,3516,PREDICTION,src/tracking/advanced_tracker.py:kalman_homography,
R,CLAMP,CLAMP,0
L,9,3516,PREDICTION,src/tracking/advanced_tracker.py:kalman_homography,
R,CLAMP,CLAMP,0
A,3516
S,1,3522,DETECTION,src/tracking/advanced_tracker.py:_activate_slot,3522_347_625_516_716
S,2,3522,DETECTION,src/tracking/advanced_tracker.py:_activate_slot,3522_207_458_385_584
S,3,3522,DETECTION,src/tracking/advanced_tracker.py:_activate_slot,3522_166_238_364_390
S,5,3522,DETECTION,src/tracking/advanced_tracker.py:_activate_slot,3522_351_1113_554_1231
S,9,3522,PREDICTION,src/tracking/advanced_tracker.py:kalman_homography,
S,0,3522,PREDICTION,src/tracking/advanced_tracker.py:flow_gapfill_batched,
S,6,3522,PREDICTION,src/tracking/advanced_tracker.py:flow_gapfill_batched,
S,8,3522,PREDICTION,src/tracking/advanced_tracker.py:flow_gapfill_batched,
L,0,3522,PREDICTION,src/tracking/advanced_tracker.py:flow_gapfill_batched,
R,CLAMP,CLAMP,0
L,1,3522,DETECTION,src/tracking/advanced_tracker.py:_activate_slot,3522_347_625_516_716
R,CLAMP,CLAMP,0
L,2,3522,DETECTION,src/tracking/advanced_tracker.py:_activate_slot,3522_207_458_385_584
R,CLAMP,CLAMP,0
L,3,3522,DETECTION,src/tracking/advanced_tracker.py:_activate_slot,3522_166_238_364_390
R,CLAMP,CLAMP,0
L,5,3522,DETECTION,src/tracking/advanced_tracker.py:_activate_slot,3522_351_1113_554_1231
R,CLAMP,CLAMP,0
L,6,3522,PREDICTION,src/tracking/advanced_tracker.py:flow_gapfill_batched,
R,CLAMP,CLAMP,0
L,8,3522,PREDICTION,src/tracking/advanced_tracker.py:flow_gapfill_batched,
R,CLAMP,CLAMP,0
L,9,3522,PREDICTION,src/tracking/advanced_tracker.py:kalman_homography,
R,CLAMP,CLAMP,0
A,3522
S,2,3528,DETECTION,src/tracking/advanced_tracker.py:_activate_slot,3528_208_471_384_591
S,3,3528,DETECTION,src/tracking/advanced_tracker.py:_activate_slot,3528_90_443_249_573
S,6,3528,DETECTION,src/tracking/advanced_tracker.py:_activate_slot,3528_184_268_369_422
S,1,3528,PREDICTION,src/tracking/advanced_tracker.py:kalman_homography,
S,5,3528,PREDICTION,src/tracking/advanced_tracker.py:kalman_homography,
S,9,3528,PREDICTION,src/tracking/advanced_tracker.py:kalman_homography,
S,0,3528,PREDICTION,src/tracking/advanced_tracker.py:flow_gapfill_batched,
D,0,3528
S,3,3528,PREDICTION,src/tracking/advanced_tracker.py:id_merge,
L,1,3528,PREDICTION,src/tracking/advanced_tracker.py:kalman_homography,
R,CLAMP,CLAMP,0
L,2,3528,DETECTION,src/tracking/advanced_tracker.py:_activate_slot,3528_208_471_384_591
R,CLAMP,CLAMP,0
L,3,3528,PREDICTION,src/tracking/advanced_tracker.py:id_merge,
R,CLAMP,CLAMP,0
L,5,3528,PREDICTION,src/tracking/advanced_tracker.py:kalman_homography,
R,CLAMP,CLAMP,0
L,6,3528,DETECTION,src/tracking/advanced_tracker.py:_activate_slot,3528_184_268_369_422
R,CLAMP,CLAMP,0
L,9,3528,PREDICTION,src/tracking/advanced_tracker.py:kalman_homography,
R,CLAMP,CLAMP,0
A,3528
S,0,3534,DETECTION,src/tracking/advanced_tracker.py:_activate_slot,3534_156_358_246_440
S,2,3534,DETECTION,src/tracking/advanced_tracker.py:_activate_slot,3534_205_479_388_581
S,3,3534,DETECTION,src/tracking/advanced_tracker.py:_activate_slot,3534_87_452_253_557
S,6,3534,DETECTION,src/tracking/advanced_tracker.py:_activate_slot,3534_356_1091_563_1221
S,1,3534,PREDICTION,src/tracking/advanced_tracker.py:kalman_homography,
S,5,3534,PREDICTION,src/tracking/advanced_tracker.py:kalman_homography,
S,9,3534,PREDICTION,src/tracking/advanced_tracker.py:kalman_homography,
D,0,3534
S,3,3534,PREDICTION,src/tracking/advanced_tracker.py:id_merge,
L,1,3534,PREDICTION,src/tracking/advanced_tracker.py:kalman_homography,
R,CLAMP,CLAMP,0
L,2,3534,DETECTION,src/tracking/advanced_tracker.py:_activate_slot,3534_205_479_388_581
R,CLAMP,CLAMP,0
L,3,3534,PREDICTION,src/tracking/advanced_tracker.py:id_merge,
R,CLAMP,CLAMP,0
L,5,3534,PREDICTION,src/tracking/advanced_tracker.py:kalman_homography,
R,CLAMP,CLAMP,0
L,6,3534,DETECTION,src/tracking/advanced_tracker.py:_activate_slot,3534_356_1091_563_1221
R,CLAMP,CLAMP,0
L,9,3534,PREDICTION,src/tracking/advanced_tracker.py:kalman_homography,
R,CLAMP,CLAMP,0
A,3534
S,0,3540,DETECTION,src/tracking/advanced_tracker.py:_activate_slot,3540_368_1097_564_1219
S,2,3540,DETECTION,src/tracking/advanced_tracker.py:_activate_slot,3540_208_486_389_565
S,3,3540,DETECTION,src/tracking/advanced_tracker.py:_activate_slot,3540_199_947_360_1049
S,6,3540,PREDICTION,src/tracking/advanced_tracker.py:kalman_homography,
S,1,3540,PREDICTION,src/tracking/advanced_tracker.py:flow_gapfill_batched,
S,5,3540,PREDICTION,src/tracking/advanced_tracker.py:flow_gapfill_batched,
S,9,3540,PREDICTION,src/tracking/advanced_tracker.py:flow_gapfill_batched,
L,0,3540,DETECTION,src/tracking/advanced_tracker.py:_activate_slot,3540_368_1097_564_1219
R,CLAMP,CLAMP,0
L,1,3540,PREDICTION,src/tracking/advanced_tracker.py:flow_gapfill_batched,
R,CLAMP,CLAMP,0
L,2,3540,DETECTION,src/tracking/advanced_tracker.py:_activate_slot,3540_208_486_389_565
R,CLAMP,CLAMP,0
L,3,3540,DETECTION,src/tracking/advanced_tracker.py:_activate_slot,3540_199_947_360_1049
R,CLAMP,CLAMP,0
L,5,3540,PREDICTION,src/tracking/advanced_tracker.py:flow_gapfill_batched,
R,CLAMP,CLAMP,0
L,6,3540,PREDICTION,src/tracking/advanced_tracker.py:kalman_homography,
R,CLAMP,CLAMP,0
L,9,3540,PREDICTION,src/tracking/advanced_tracker.py:flow_gapfill_batched,
R,CLAMP,CLAMP,0
A,3540
S,2,3546,DETECTION,src/tracking/advanced_tracker.py:_activate_slot,3546_36_492_233_577
S,5,3546,DETECTION,src/tracking/advanced_tracker.py:_activate_slot,3546_213_475_396_570
S,6,3546,DETECTION,src/tracking/advanced_tracker.py:_activate_slot,3546_180_395_376_523
S,4,3546,DETECTION,src/tracking/advanced_tracker.py:_activate_slot,3546_371_1109_572_1215
S,0,3546,PREDICTION,src/tracking/advanced_tracker.py:flow_gapfill_batched,
S,1,3546,PREDICTION,src/tracking/advanced_tracker.py:flow_gapfill_batched,
S,3,3546,PREDICTION,src/tracking/advanced_tracker.py:flow_gapfill_batched,
D,0,3546
S,4,3546,PREDICTION,src/tracking/advanced_tracker.py:id_merge,
D,5,3546
S,6,3546,PREDICTION,src/tracking/advanced_tracker.py:id_merge,
L,1,3546,PREDICTION,src/tracking/advanced_tracker.py:flow_gapfill_batched,
R,CLAMP,CLAMP,0
L,2,3546,DETECTION,src/tracking/advanced_tracker.py:_activate_slot,3546_36_492_233_577
R,CLAMP,CLAMP,0
L,3,3546,PREDICTION,src/tracking/advanced_tracker.py:flow_gapfill_batched,
R,CLAMP,CLAMP,0
L,4,3546,PREDICTION,src/tracking/advanced_tracker.py:id_merge,
R,CLAMP,CLAMP,0
L,6,3546,PREDICTION,src/tracking/advanced_tracker.py:id_merge,
R,CLAMP,CLAMP,0
A,3546
S,2,3552,DETECTION,src/tracking/advanced_tracker.py:_activate_slot,3552_345_525_540_644
S,4,3552,DETECTION,src/tracking/advanced_tracker.py:_activate_slot,3552_371_1117_572_1211
S,5,3552,DETECTION,src/tracking/advanced_tracker.py:_activate_slot,3552_161_391_332_509
S,6,3552,DETECTION,src/tracking/advanced_tracker.py:_activate_slot,3552_220_462_405_570
S,0,3552,PREDICTION,src/tracking/advanced_tracker.py:flow_gapfill_batched,
S,1,3552,PREDICTION,src/tracking/advanced_tracker.py:flow_gapfill_batched,
S,3,3552,PREDICTION,src/tracking/advanced_tracker.py:flow_gapfill_batched,
D,0,3552
S,4,3552,PREDICTION,src/tracking/advanced_tracker.py:id_merge,
D,1,3552
S,2,3552,PREDICTION,src/tracking/advanced_tracker.py:id_merge,
D,5,3552
S,6,3552,PREDICTION,src/tracking/advanced_tracker.py:id_merge,
L,2,3552,PREDICTION,src/tracking/advanced_tracker.py:id_merge,
R,CLAMP,CLAMP,0
L,3,3552,PREDICTION,src/tracking/advanced_tracker.py:flow_gapfill_batched,
R,CLAMP,CLAMP,0
L,4,3552,PREDICTION,src/tracking/advanced_tracker.py:id_merge,
R,CLAMP,CLAMP,0
L,6,3552,PREDICTION,src/tracking/advanced_tracker.py:id_merge,
R,CLAMP,CLAMP,0
A,3552
S,2,3558,DETECTION,src/tracking/advanced_tracker.py:_activate_slot,3558_351_504_538_628
S,4,3558,DETECTION,src/tracking/advanced_tracker.py:_activate_slot,3558_366_1107_576_1209
S,5,3558,PREDICTION,src/tracking/advanced_tracker.py:kalman_homography,
S,6,3558,PREDICTION,src/tracking/advanced_tracker.py:kalman_homography,
S,0,3558,PREDICTION,src/tracking/advanced_tracker.py:flow_gapfill_batched,
S,1,3558,PREDICTION,src/tracking/advanced_tracker.py:flow_gapfill_batched,
S,3,3558,PREDICTION,src/tracking/advanced_tracker.py:flow_gapfill_batched,
D,1,3558
S,2,3558,PREDICTION,src/tracking/advanced_tracker.py:id_merge,
L,0,3558,PREDICTION,src/tracking/advanced_tracker.py:flow_gapfill_batched,
R,CLAMP,CLAMP,0
L,2,3558,PREDICTION,src/tracking/advanced_tracker.py:id_merge,
R,CLAMP,CLAMP,0
L,3,3558,PREDICTION,src/tracking/advanced_tracker.py:flow_gapfill_batched,
R,CLAMP,CLAMP,0
L,4,3558,DETECTION,src/tracking/advanced_tracker.py:_activate_slot,3558_366_1107_576_1209
R,CLAMP,CLAMP,0
L,5,3558,PREDICTION,src/tracking/advanced_tracker.py:kalman_homography,
R,CLAMP,CLAMP,0
L,6,3558,PREDICTION,src/tracking/advanced_tracker.py:kalman_homography,
R,CLAMP,CLAMP,0
A,3558
S,2,3564,DETECTION,src/tracking/advanced_tracker.py:_activate_slot,3564_357_480_516_562
S,7,3564,DETECTION,src/tracking/advanced_tracker.py:_activate_slot,3564_218_473_408_561
S,4,3564,PREDICTION,src/tracking/advanced_tracker.py:kalman_homography,
S,6,3564,PREDICTION,src/tracking/advanced_tracker.py:kalman_homography,
S,0,3564,PREDICTION,src/tracking/advanced_tracker.py:flow_gapfill_batched,
S,1,3564,PREDICTION,src/tracking/advanced_tracker.py:flow_gapfill_batched,
S,3,3564,PREDICTION,src/tracking/advanced_tracker.py:flow_gapfill_batched,
S,5,3564,PREDICTION,src/tracking/advanced_tracker.py:flow_gapfill_batched,
D,1,3564
S,2,3564,PREDICTION,src/tracking/advanced_tracker.py:id_merge,
D,5,3564
S,7,3564,PREDICTION,src/tracking/advanced_tracker.py:id_merge,
L,0,3564,PREDICTION,src/tracking/advanced_tracker.py:flow_gapfill_batched,
R,CLAMP,CLAMP,0
L,2,3564,PREDICTION,src/tracking/advanced_tracker.py:id_merge,
R,CLAMP,CLAMP,0
L,3,3564,PREDICTION,src/tracking/advanced_tracker.py:flow_gapfill_batched,
R,CLAMP,CLAMP,0
L,4,3564,PREDICTION,src/tracking/advanced_tracker.py:kalman_homography,
R,CLAMP,CLAMP,0
L,6,3564,PREDICTION,src/tracking/advanced_tracker.py:kalman_homography,
R,CLAMP,CLAMP,0
L,7,3564,PREDICTION,src/tracking/advanced_tracker.py:id_merge,
R,CLAMP,CLAMP,0
A,3564
S,0,3570,DETECTION,src/tracking/advanced_tracker.py:_activate_slot,3570_573_274_674_377
S,2,3570,DETECTION,src/tracking/advanced_tracker.py:_activate_slot,3570_355_460_530_543
S,8,3570,DETECTION,src/tracking/advanced_tracker.py:_activate_slot,3570_200_526_376_615
S,4,3570,PREDICTION,src/tracking/advanced_tracker.py:kalman_homography,
S,6,3570,PREDICTION,src/tracking/advanced_tracker.py:kalman_homography,
S,7,3570,PREDICTION,src/tracking/advanced_tracker.py:kalman_homography,
S,1,3570,PREDICTION,src/tracking/advanced_tracker.py:flow_gapfill_batched,
S,3,3570,PREDICTION,src/tracking/advanced_tracker.py:flow_gapfill_batched,
S,5,3570,PREDICTION,src/tracking/advanced_tracker.py:flow_gapfill_batched,
D,1,3570
S,2,3570,PREDICTION,src/tracking/advanced_tracker.py:id_merge,
D,5,3570
S,7,3570,PREDICTION,src/tracking/advanced_tracker.py:id_merge,
D,7,3570
S,8,3570,PREDICTION,src/tracking/advanced_tracker.py:id_merge,
L,0,3570,DETECTION,src/tracking/advanced_tracker.py:_activate_slot,3570_573_274_674_377
R,CLAMP,CLAMP,0
L,2,3570,PREDICTION,src/tracking/advanced_tracker.py:id_merge,
R,CLAMP,CLAMP,0
L,3,3570,PREDICTION,src/tracking/advanced_tracker.py:flow_gapfill_batched,
R,CLAMP,CLAMP,0
L,4,3570,PREDICTION,src/tracking/advanced_tracker.py:kalman_homography,
R,CLAMP,CLAMP,0
L,6,3570,PREDICTION,src/tracking/advanced_tracker.py:kalman_homography,
R,CLAMP,CLAMP,0
L,8,3570,PREDICTION,src/tracking/advanced_tracker.py:id_merge,
R,CLAMP,CLAMP,0
A,3570
S,2,3576,DETECTION,src/tracking/advanced_tracker.py:_activate_slot,3576_350_436_536_541
S,7,3576,DETECTION,src/tracking/advanced_tracker.py:_activate_slot,3576_237_466_415_547
S,8,3576,DETECTION,src/tracking/advanced_tracker.py:_activate_slot,3576_200_518_378_628
S,4,3576,PREDICTION,src/tracking/advanced_tracker.py:kalman_homography,
S,0,3576,PREDICTION,src/tracking/advanced_tracker.py:flow_gapfill_batched,
S,3,3576,PREDICTION,src/tracking/advanced_tracker.py:flow_gapfill_batched,
S,5,3576,PREDICTION,src/tracking/advanced_tracker.py:flow_gapfill_batched,
S,6,3576,PREDICTION,src/tracking/advanced_tracker.py:flow_gapfill_batched,
D,5,3576
S,6,3576,PREDICTION,src/tracking/advanced_tracker.py:id_merge,
D,6,3576
S,7,3576,PREDICTION,src/tracking/advanced_tracker.py:id_merge,
D,7,3576
S,8,3576,PREDICTION,src/tracking/advanced_tracker.py:id_merge,
L,0,3576,PREDICTION,src/tracking/advanced_tracker.py:flow_gapfill_batched,
R,CLAMP,CLAMP,0
L,2,3576,DETECTION,src/tracking/advanced_tracker.py:_activate_slot,3576_350_436_536_541
R,CLAMP,CLAMP,0
L,3,3576,PREDICTION,src/tracking/advanced_tracker.py:flow_gapfill_batched,
R,CLAMP,CLAMP,0
L,4,3576,PREDICTION,src/tracking/advanced_tracker.py:kalman_homography,
R,CLAMP,CLAMP,0
L,8,3576,PREDICTION,src/tracking/advanced_tracker.py:id_merge,
R,CLAMP,CLAMP,0
A,3576
S,0,3582,DETECTION,src/tracking/advanced_tracker.py:_activate_slot,3582_575_289_674_390
S,1,3582,DETECTION,src/tracking/advanced_tracker.py:_activate_slot,3582_353_407_534_493
S,2,3582,DETECTION,src/tracking/advanced_tracker.py:_activate_slot,3582_353_406_535_529
S,8,3582,DETECTION,src/tracking/advanced_tracker.py:_activate_slot,3582_207_547_380_648
S,9,3582,DETECTION,src/tracking/advanced_tracker.py:_activate_slot,3582_242_449_415_546
S,4,3582,PREDICTION,src/tracking/advanced_tracker.py:kalman_homography,
S,7,3582,PREDICTION,src/tracking/advanced_tracker.py:kalman_homography,
S,3,3582,PREDICTION,src/tracking/advanced_tracker.py:flow_gapfill_batched,
S,5,3582,PREDICTION,src/tracking/advanced_tracker.py:flow_gapfill_batched,
S,6,3582,PREDICTION,src/tracking/advanced_tracker.py:flow_gapfill_batched,
D,1,3582
S,2,3582,PREDICTION,src/tracking/advanced_tracker.py:id_merge,
D,5,3582
S,6,3582,PREDICTION,src/tracking/advanced_tracker.py:id_merge,
D,6,3582
S,7,3582,PREDICTION,src/tracking/advanced_tracker.py:id_merge,
D,7,3582
S,9,3582,PREDICTION,src/tracking/advanced_tracker.py:id_merge,
L,0,3582,DETECTION,src/tracking/advanced_tracker.py:_activate_slot,3582_575_289_674_390
R,CLAMP,CLAMP,0
L,2,3582,PREDICTION,src/tracking/advanced_tracker.py:id_merge,
R,CLAMP,CLAMP,0
L,3,3582,PREDICTION,src/tracking/advanced_tracker.py:flow_gapfill_batched,
R,CLAMP,CLAMP,0
L,4,3582,PREDICTION,src/tracking/advanced_tracker.py:kalman_homography,
R,CLAMP,CLAMP,0
L,8,3582,DETECTION,src/tracking/advanced_tracker.py:_activate_slot,3582_207_547_380_648
R,CLAMP,CLAMP,0
L,9,3582,PREDICTION,src/tracking/advanced_tracker.py:id_merge,
R,CLAMP,CLAMP,0
A,3582
S,0,3588,DETECTION,src/tracking/advanced_tracker.py:_activate_slot,3588_221_555_385_671
S,1,3588,DETECTION,src/tracking/advanced_tracker.py:_activate_slot,3588_122_448_273_544
S,2,3588,DETECTION,src/tracking/advanced_tracker.py:_activate_slot,3588_355_383_535_494
S,4,3588,PREDICTION,src/tracking/advanced_tracker.py:kalman_homography,
S,7,3588,PREDICTION,src/tracking/advanced_tracker.py:kalman_homography,
S,8,3588,PREDICTION,src/tracking/advanced_tracker.py:kalman_homography,
S,9,3588,PREDICTION,src/tracking/advanced_tracker.py:kalman_homography,
S,3,3588,PREDICTION,src/tracking/advanced_tracker.py:flow_gapfill_batched,
S,5,3588,PREDICTION,src/tracking/advanced_tracker.py:flow_gapfill_batched,
S,6,3588,PREDICTION,src/tracking/advanced_tracker.py:flow_gapfill_batched,
D,5,3588
S,6,3588,PREDICTION,src/tracking/advanced_tracker.py:id_merge,
D,6,3588
S,7,3588,PREDICTION,src/tracking/advanced_tracker.py:id_merge,
D,7,3588
S,9,3588,PREDICTION,src/tracking/advanced_tracker.py:id_merge,
L,0,3588,DETECTION,src/tracking/advanced_tracker.py:_activate_slot,3588_221_555_385_671
R,CLAMP,CLAMP,0
L,1,3588,DETECTION,src/tracking/advanced_tracker.py:_activate_slot,3588_122_448_273_544
R,CLAMP,CLAMP,0
L,2,3588,DETECTION,src/tracking/advanced_tracker.py:_activate_slot,3588_355_383_535_494
R,CLAMP,CLAMP,0
L,3,3588,PREDICTION,src/tracking/advanced_tracker.py:flow_gapfill_batched,
R,CLAMP,CLAMP,0
L,4,3588,PREDICTION,src/tracking/advanced_tracker.py:kalman_homography,
R,CLAMP,CLAMP,0
L,8,3588,PREDICTION,src/tracking/advanced_tracker.py:kalman_homography,
R,CLAMP,CLAMP,0
L,9,3588,PREDICTION,src/tracking/advanced_tracker.py:id_merge,
R,CLAMP,CLAMP,0
A,3588
S,2,3594,DETECTION,src/tracking/advanced_tracker.py:_activate_slot,3594_347_365_536_453
S,1,3594,DETECTION,src/tracking/advanced_tracker.py:_activate_slot,3594_119_451_263_563
S,0,3594,PREDICTION,src/tracking/advanced_tracker.py:kalman_homography,
S,4,3594,PREDICTION,src/tracking/advanced_tracker.py:kalman_homography,
S,7,3594,PREDICTION,src/tracking/advanced_tracker.py:kalman_homography,
S,8,3594,PREDICTION,src/tracking/advanced_tracker.py:kalman_homography,
S,9,3594,PREDICTION,src/tracking/advanced_tracker.py:kalman_homography,
S,5,3594,PREDICTION,src/tracking/advanced_tracker.py:flow_gapfill_batched,
S,6,3594,PREDICTION,src/tracking/advanced_tracker.py:flow_gapfill_batched,
D,5,3594
S,7,3594,PREDICTION,src/tracking/advanced_tracker.py:id_merge,
D,6,3594
S,7,3594,PREDICTION,src/tracking/advanced_tracker.py:id_merge,
D,7,3594
S,9,3594,PREDICTION,src/tracking/advanced_tracker.py:id_merge,
L,0,3594,PREDICTION,src/tracking/advanced_tracker.py:kalman_homography,
R,CLAMP,CLAMP,0
L,1,3594,DETECTION,src/tracking/advanced_tracker.py:_activate_slot,3594_119_451_263_563
R,CLAMP,CLAMP,0
L,2,3594,DETECTION,src/tracking/advanced_tracker.py:_activate_slot,3594_347_365_536_453
R,CLAMP,CLAMP,0
L,4,3594,PREDICTION,src/tracking/advanced_tracker.py:kalman_homography,
R,CLAMP,CLAMP,0
L,8,3594,PREDICTION,src/tracking/advanced_tracker.py:kalman_homography,
R,CLAMP,CLAMP,0
L,9,3594,PREDICTION,src/tracking/advanced_tracker.py:id_merge,
R,CLAMP,CLAMP,0
A,3594
S,2,3600,DETECTION,src/tracking/advanced_tracker.py:_activate_slot,3600_344_340_525_436
S,4,3600,PREDICTION,src/tracking/advanced_tracker.py:kalman_homography,
S,7,3600,PREDICTION,src/tracking/advanced_tracker.py:kalman_homography,
S,8,3600,PREDICTION,src/tracking/advanced_tracker.py:kalman_homography,
S,9,3600,PREDICTION,src/tracking/advanced_tracker.py:kalman_homography,
S,0,3600,PREDICTION,src/tracking/advanced_tracker.py:flow_gapfill_batched,
S,1,3600,PREDICTION,src/tracking/advanced_tracker.py:flow_gapfill_batched,
S,5,3600,PREDICTION,src/tracking/advanced_tracker.py:flow_gapfill_batched,
S,6,3600,PREDICTION,src/tracking/advanced_tracker.py:flow_gapfill_batched,
D,5,3600
S,9,3600,PREDICTION,src/tracking/advanced_tracker.py:id_merge,
D,6,3600
S,7,3600,PREDICTION,src/tracking/advanced_tracker.py:id_merge,
D,7,3600
S,9,3600,PREDICTION,src/tracking/advanced_tracker.py:id_merge,
L,0,3600,PREDICTION,src/tracking/advanced_tracker.py:flow_gapfill_batched,
R,CLAMP,CLAMP,0
L,1,3600,PREDICTION,src/tracking/advanced_tracker.py:flow_gapfill_batched,
R,CLAMP,CLAMP,0
L,2,3600,DETECTION,src/tracking/advanced_tracker.py:_activate_slot,3600_344_340_525_436
R,CLAMP,CLAMP,0
L,4,3600,PREDICTION,src/tracking/advanced_tracker.py:kalman_homography,
R,CLAMP,CLAMP,0
L,8,3600,PREDICTION,src/tracking/advanced_tracker.py:kalman_homography,
R,CLAMP,CLAMP,0
L,9,3600,PREDICTION,src/tracking/advanced_tracker.py:id_merge,
R,CLAMP,CLAMP,0
A,3600
S,2,3606,DETECTION,src/tracking/advanced_tracker.py:_activate_slot,3606_347_317_505_409
S,6,3606,DETECTION,src/tracking/advanced_tracker.py:_activate_slot,3606_574_303_674_407
S,7,3606,PREDICTION,src/tracking/advanced_tracker.py:kalman_homography,
S,8,3606,PREDICTION,src/tracking/advanced_tracker.py:kalman_homography,
S,9,3606,PREDICTION,src/tracking/advanced_tracker.py:kalman_homography,
S,0,3606,PREDICTION,src/tracking/advanced_tracker.py:flow_gapfill_batched,
S,1,3606,PREDICTION,src/tracking/advanced_tracker.py:flow_gapfill_batched,
S,4,3606,PREDICTION,src/tracking/advanced_tracker.py:flow_gapfill_batched,
D,7,3606
S,9,3606,PREDICTION,src/tracking/advanced_tracker.py:id_merge,
L,0,3606,PREDICTION,src/tracking/advanced_tracker.py:flow_gapfill_batched,
R,CLAMP,CLAMP,0
L,1,3606,PREDICTION,src/tracking/advanced_tracker.py:flow_gapfill_batched,
R,CLAMP,CLAMP,0
L,2,3606,DETECTION,src/tracking/advanced_tracker.py:_activate_slot,3606_347_317_505_409
R,CLAMP,CLAMP,0
L,4,3606,PREDICTION,src/tracking/advanced_tracker.py:flow_gapfill_batched,
R,CLAMP,CLAMP,0
L,6,3606,DETECTION,src/tracking/advanced_tracker.py:_activate_slot,3606_574_303_674_407
R,CLAMP,CLAMP,0
L,8,3606,PREDICTION,src/tracking/advanced_tracker.py:kalman_homography,
R,CLAMP,CLAMP,0
L,9,3606,PREDICTION,src/tracking/advanced_tracker.py:id_merge,
R,CLAMP,CLAMP,0
A,3606
S,2,3612,DETECTION,src/tracking/advanced_tracker.py:_activate_slot,3612_349_300_509_387
S,6,3612,DETECTION,src/tracking/advanced_tracker.py:_activate_slot,3612_226_411_404_514
S,7,3612,PREDICTION,src/tracking/advanced_tracker.py:kalman_homography,
S,8,3612,PREDICTION,src/tracking/advanced_tracker.py:kalman_homography,
S,9,3612,PREDICTION,src/tracking/advanced_tracker.py:kalman_homography,
S,0,3612,PREDICTION,src/tracking/advanced_tracker.py:flow_gapfill_batched,
S,1,3612,PREDICTION,src/tracking/advanced_tracker.py:flow_gapfill_batched,
D,7,3612
S,6,3612,PREDICTION,src/tracking/advanced_tracker.py:id_merge,
D,9,3612
S,6,3612,PREDICTION,src/tracking/advanced_tracker.py:id_merge,
L,0,3612,PREDICTION,src/tracking/advanced_tracker.py:flow_gapfill_batched,
R,CLAMP,CLAMP,0
L,1,3612,PREDICTION,src/tracking/advanced_tracker.py:flow_gapfill_batched,
R,CLAMP,CLAMP,0
L,2,3612,DETECTION,src/tracking/advanced_tracker.py:_activate_slot,3612_349_300_509_387
R,CLAMP,CLAMP,0
L,6,3612,PREDICTION,src/tracking/advanced_tracker.py:id_merge,
R,CLAMP,CLAMP,0
L,8,3612,PREDICTION,src/tracking/advanced_tracker.py:kalman_homography,
R,CLAMP,CLAMP,0
A,3612
