S,0,6499,DETECTION,src/tracking/advanced_tracker.py:_activate_slot,6499_192_765_350_920
S,1,6499,DETECTION,src/tracking/advanced_tracker.py:_activate_slot,6499_153_853_352_957
S,2,6499,DETECTION,src/tracking/advanced_tracker.py:_activate_slot,6499_60_761_255_847
S,3,6499,DETECTION,src/tracking/advanced_tracker.py:_activate_slot,6499_74_1161_228_1243
D,0,6499
S,1,6499,PREDICTION,src/tracking/advanced_tracker.py:id_merge,
L,1,6499,PREDICTION,src/tracking/advanced_tracker.py:id_merge,
R,PREDICTION,PREDICTION,1
L,2,6499,DETECTION,src/tracking/advanced_tracker.py:_activate_slot,6499_60_761_255_847
R,DETECTION,DETECTION,1
L,3,6499,DETECTION,src/tracking/advanced_tracker.py:_activate_slot,6499_74_1161_228_1243
R,DETECTION,DETECTION,1
A,6499
S,0,6505,DETECTION,src/tracking/advanced_tracker.py:_activate_slot,6505_187_769_351_925
S,1,6505,DETECTION,src/tracking/advanced_tracker.py:_activate_slot,6505_155_863_351_959
S,2,6505,DETECTION,src/tracking/advanced_tracker.py:_activate_slot,6505_70_765_252_851
S,3,6505,DETECTION,src/tracking/advanced_tracker.py:_activate_slot,6505_64_1123_256_1205
S,4,6505,DETECTION,src/tracking/advanced_tracker.py:_activate_slot,6505_61_904_209_986
D,0,6505
S,1,6505,PREDICTION,src/tracking/advanced_tracker.py:id_merge,
L,1,6505,PREDICTION,src/tracking/advanced_tracker.py:id_merge,
R,PREDICTION,PREDICTION,1
L,2,6505,DETECTION,src/tracking/advanced_tracker.py:_activate_slot,6505_70_765_252_851
R,DETECTION,DETECTION,1
L,3,6505,DETECTION,src/tracking/advanced_tracker.py:_activate_slot,6505_64_1123_256_1205
R,DETECTION,DETECTION,1
L,4,6505,DETECTION,src/tracking/advanced_tracker.py:_activate_slot,6505_61_904_209_986
R,DETECTION,DETECTION,1
A,6505
S,0,6511,DETECTION,src/tracking/advanced_tracker.py:_activate_slot,6511_185_772_351_928
S,1,6511,DETECTION,src/tracking/advanced_tracker.py:_activate_slot,6511_147_874_350_964
S,2,6511,DETECTION,src/tracking/advanced_tracker.py:_activate_slot,6511_56_762_251_863
S,3,6511,PREDICTION,src/tracking/advanced_tracker.py:kalman_homography,
S,4,6511,PREDICTION,src/tracking/advanced_tracker.py:kalman_homography,
D,0,6511
S,1,6511,PREDICTION,src/tracking/advanced_tracker.py:id_merge,
D,4,6511
S,2,6511,PREDICTION,src/tracking/advanced_tracker.py:id_merge,
L,1,6511,PREDICTION,src/tracking/advanced_tracker.py:id_merge,
R,PREDICTION,PREDICTION,1
L,2,6511,PREDICTION,src/tracking/advanced_tracker.py:id_merge,
R,PREDICTION,PREDICTION,1
L,3,6511,PREDICTION,src/tracking/advanced_tracker.py:kalman_homography,
R,PREDICTION,PREDICTION,1
A,6511
S,0,6517,DETECTION,src/tracking/advanced_tracker.py:_activate_slot,6517_51_773_254_864
S,3,6517,DETECTION,src/tracking/advanced_tracker.py:_activate_slot,6517_62_1189_240_1271
S,4,6517,DETECTION,src/tracking/advanced_tracker.py:_activate_slot,6517_53_919_202_999
S,5,6517,DETECTION,src/tracking/advanced_tracker.py:_activate_slot,6517_182_776_351_936
S,6,6517,DETECTION,src/tracking/advanced_tracker.py:_activate_slot,6517_143_885_349_984
S,1,6517,PREDICTION,src/tracking/advanced_tracker.py:kalman_homography,
S,2,6517,PREDICTION,src/tracking/advanced_tracker.py:kalman_homography,
D,2,6517
S,0,6517,PREDICTION,src/tracking/advanced_tracker.py:id_merge,
D,5,6517
S,6,6517,PREDICTION,src/tracking/advanced_tracker.py:id_merge,
L,0,6517,PREDICTION,src/tracking/advanced_tracker.py:id_merge,
R,PREDICTION,PREDICTION,1
L,1,6517,PREDICTION,src/tracking/advanced_tracker.py:kalman_homography,
R,PREDICTION,PREDICTION,1
L,3,6517,DETECTION,src/tracking/advanced_tracker.py:_activate_slot,6517_62_1189_240_1271
R,DETECTION,DETECTION,1
L,4,6517,DETECTION,src/tracking/advanced_tracker.py:_activate_slot,6517_53_919_202_999
R,DETECTION,DETECTION,1
L,6,6517,PREDICTION,src/tracking/advanced_tracker.py:id_merge,
R,PREDICTION,PREDICTION,1
A,6517
S,0,6523,DETECTION,src/tracking/advanced_tracker.py:_activate_slot,6523_45_925_200_1005
S,2,6523,DETECTION,src/tracking/advanced_tracker.py:_activate_slot,6523_50_777_252_869
S,3,6523,DETECTION,src/tracking/advanced_tracker.py:_activate_slot,6523_57_1202_238_1282
S,4,6523,DETECTION,src/tracking/advanced_tracker.py:_activate_slot,6523_52_1147_242_1241
S,5,6523,DETECTION,src/tracking/advanced_tracker.py:_activate_slot,6523_178_785_349_946
S,6,6523,DETECTION,src/tracking/advanced_tracker.py:_activate_slot,6523_143_885_347_1007
S,1,6523,PREDICTION,src/tracking/advanced_tracker.py:kalman_homography,
D,3,6523
S,4,6523,PREDICTION,src/tracking/advanced_tracker.py:id_merge,
D,5,6523
S,6,6523,PREDICTION,src/tracking/advanced_tracker.py:id_merge,
L,0,6523,DETECTION,src/tracking/advanced_tracker.py:_activate_slot,6523_45_925_200_1005
R,DETECTION,DETECTION,1
L,1,6523,PREDICTION,src/tracking/advanced_tracker.py:kalman_homography,
R,PREDICTION,PREDICTION,1
L,2,6523,DETECTION,src/tracking/advanced_tracker.py:_activate_slot,6523_50_777_252_869
R,DETECTION,DETECTION,1
L,4,6523,PREDICTION,src/tracking/advanced_tracker.py:id_merge,
R,PREDICTION,PREDICTION,1
L,6,6523,PREDICTION,src/tracking/advanced_tracker.py:id_merge,
R,PREDICTION,PREDICTION,1
A,6523
S,0,6529,DETECTION,src/tracking/advanced_tracker.py:_activate_slot,6529_56_780_249_877
S,3,6529,DETECTION,src/tracking/advanced_tracker.py:_activate_slot,6529_53_1219_246_1295
S,4,6529,DETECTION,src/tracking/advanced_tracker.py:_activate_slot,6529_44_1159_244_1261
S,5,6529,DETECTION,src/tracking/advanced_tracker.py:_activate_slot,6529_178_791_347_963
S,6,6529,DETECTION,src/tracking/advanced_tracker.py:_activate_slot,6529_139_898_343_1028
S,1,6529,PREDICTION,src/tracking/advanced_tracker.py:kalman_homography,
S,2,6529,PREDICTION,src/tracking/advanced_tracker.py:kalman_homography,
D,2,6529
S,0,6529,PREDICTION,src/tracking/advanced_tracker.py:id_merge,
D,3,6529
S,4,6529,PREDICTION,src/tracking/advanced_tracker.py:id_merge,
D,5,6529
S,6,6529,PREDICTION,src/tracking/advanced_tracker.py:id_merge,
L,0,6529,PREDICTION,src/tracking/advanced_tracker.py:id_merge,
R,PREDICTION,PREDICTION,1
L,1,6529,PREDICTION,src/tracking/advanced_tracker.py:kalman_homography,
R,PREDICTION,PREDICTION,1
L,4,6529,PREDICTION,src/tracking/advanced_tracker.py:id_merge,
R,PREDICTION,PREDICTION,1
L,6,6529,PREDICTION,src/tracking/advanced_tracker.py:id_merge,
R,PREDICTION,PREDICTION,1
A,6529
S,2,6535,DETECTION,src/tracking/advanced_tracker.py:_activate_slot,6535_51_788_251_893
S,3,6535,DETECTION,src/tracking/advanced_tracker.py:_activate_slot,6535_49_1173_238_1287
S,4,6535,DETECTION,src/tracking/advanced_tracker.py:_activate_slot,6535_180_-15_367_48
S,5,6535,DETECTION,src/tracking/advanced_tracker.py:_activate_slot,6535_178_801_348_968
S,6,6535,DETECTION,src/tracking/advanced_tracker.py:_activate_slot,6535_139_905_343_1041
S,0,6535,PREDICTION,src/tracking/advanced_tracker.py:kalman_homography,
S,1,6535,PREDICTION,src/tracking/advanced_tracker.py:kalman_homography,
D,5,6535
S,6,6535,PREDICTION,src/tracking/advanced_tracker.py:id_merge,
L,0,6535,PREDICTION,src/tracking/advanced_tracker.py:kalman_homography,
R,PREDICTION,PREDICTION,1
L,1,6535,PREDICTION,src/tracking/advanced_tracker.py:kalman_homography,
R,PREDICTION,PREDICTION,1
L,2,6535,DETECTION,src/tracking/advanced_tracker.py:_activate_slot,6535_51_788_251_893
R,DETECTION,DETECTION,1
L,3,6535,DETECTION,src/tracking/advanced_tracker.py:_activate_slot,6535_49_1173_238_1287
R,DETECTION,DETECTION,1
L,4,6535,DETECTION,src/tracking/advanced_tracker.py:_activate_slot,6535_180_-15_367_48
R,CLAMP,CLAMP,0
L,6,6535,PREDICTION,src/tracking/advanced_tracker.py:id_merge,
R,PREDICTION,PREDICTION,1
A,6535
S,0,6541,DETECTION,src/tracking/advanced_tracker.py:_activate_slot,6541_46_1193_242_1295
S,2,6541,DETECTION,src/tracking/advanced_tracker.py:_activate_slot,6541_46_799_245_907
S,3,6541,DETECTION,src/tracking/advanced_tracker.py:_activate_slot,6541_314_27_482_116
S,5,6541,DETECTION,src/tracking/advanced_tracker.py:_activate_slot,6541_174_815_347_983
S,6,6541,DETECTION,src/tracking/advanced_tracker.py:_activate_slot,6541_144_943_338_1043
S,1,6541,PREDICTION,src/tracking/advanced_tracker.py:kalman_homography,
S,4,6541,PREDICTION,src/tracking/advanced_tracker.py:flow_gapfill_batched,
D,5,6541
S,6,6541,PREDICTION,src/tracking/advanced_tracker.py:id_merge,
L,0,6541,DETECTION,src/tracking/advanced_tracker.py:_activate_slot,6541_46_1193_242_1295
R,DETECTION,DETECTION,1
L,1,6541,PREDICTION,src/tracking/advanced_tracker.py:kalman_homography,
R,PREDICTION,PREDICTION,1
L,2,6541,DETECTION,src/tracking/advanced_tracker.py:_activate_slot,6541_46_799_245_907
R,DETECTION,DETECTION,1
L,3,6541,DETECTION,src/tracking/advanced_tracker.py:_activate_slot,6541_314_27_482_116
R,CLAMP,CLAMP,0
L,4,6541,PREDICTION,src/tracking/advanced_tracker.py:flow_gapfill_batched,
R,CLAMP,CLAMP,0
L,6,6541,PREDICTION,src/tracking/advanced_tracker.py:id_merge,
R,PREDICTION,PREDICTION,1
A,6541
S,2,6547,DETECTION,src/tracking/advanced_tracker.py:_activate_slot,6547_45_810_243_926
S,3,6547,DETECTION,src/tracking/advanced_tracker.py:_activate_slot,6547_310_34_471_127
S,4,6547,DETECTION,src/tracking/advanced_tracker.py:_activate_slot,6547_24_1125_200_1217
S,5,6547,DETECTION,src/tracking/advanced_tracker.py:_activate_slot,6547_174_831_345_999
S,6,6547,DETECTION,src/tracking/advanced_tracker.py:_activate_slot,6547_143_973_335_1077
S,7,6547,DETECTION,src/tracking/advanced_tracker.py:_activate_slot,6547_122_263_266_367
S,1,6547,PREDICTION,src/tracking/advanced_tracker.py:kalman_homography,
S,0,6547,PREDICTION,src/tracking/advanced_tracker.py:flow_gapfill_batched,
D,0,6547
S,4,6547,PREDICTION,src/tracking/advanced_tracker.py:id_merge,
D,5,6547
S,6,6547,PREDICTION,src/tracking/advanced_tracker.py:id_merge,
L,1,6547,PREDICTION,src/tracking/advanced_tracker.py:kalman_homography,
R,PREDICTION,PREDICTION,1
L,2,6547,DETECTION,src/tracking/advanced_tracker.py:_activate_slot,6547_45_810_243_926
R,DETECTION,DETECTION,1
L,3,6547,DETECTION,src/tracking/advanced_tracker.py:_activate_slot,6547_310_34_471_127
R,CLAMP,CLAMP,0
L,4,6547,PREDICTION,src/tracking/advanced_tracker.py:id_merge,
R,PREDICTION,PREDICTION,1
L,6,6547,PREDICTION,src/tracking/advanced_tracker.py:id_merge,
R,PREDICTION,PREDICTION,1
L,7,6547,DETECTION,src/tracking/advanced_tracker.py:_activate_slot,6547_122_263_266_367
R,DETECTION,DETECTION,1
A,6547
S,0,6553,DETECTION,src/tracking/advanced_tracker.py:_activate_slot,6553_46_819_239_942
S,5,6553,DETECTION,src/tracking/advanced_tracker.py:_activate_slot,6553_168_867_337_1019
S,6,6553,DETECTION,src/tracking/advanced_tracker.py:_activate_slot,6553_140_981_331_1105
S,1,6553,PREDICTION,src/tracking/advanced_tracker.py:kalman_homography,
S,2,6553,PREDICTION,src/tracking/advanced_tracker.py:kalman_homography,
S,4,6553,PREDICTION,src/tracking/advanced_tracker.py:kalman_homography,
S,7,6553,PREDICTION,src/tracking/advanced_tracker.py:kalman_homography,
S,3,6553,PREDICTION,src/tracking/advanced_tracker.py:flow_gapfill_batched,
D,2,6553
S,0,6553,PREDICTION,src/tracking/advanced_tracker.py:id_merge,
D,5,6553
S,6,6553,PREDICTION,src/tracking/advanced_tracker.py:id_merge,
L,0,6553,PREDICTION,src/tracking/advanced_tracker.py:id_merge,
R,PREDICTION,PREDICTION,1
L,1,6553,PREDICTION,src/tracking/advanced_tracker.py:kalman_homography,
R,PREDICTION,PREDICTION,1
L,3,6553,PREDICTION,src/tracking/advanced_tracker.py:flow_gapfill_batched,
R,CLAMP,CLAMP,0
L,4,6553,PREDICTION,src/tracking/advanced_tracker.py:kalman_homography,
R,PREDICTION,PREDICTION,1
L,6,6553,PREDICTION,src/tracking/advanced_tracker.py:id_merge,
R,PREDICTION,PREDICTION,1
L,7,6553,PREDICTION,src/tracking/advanced_tracker.py:kalman_homography,
R,PREDICTION,PREDICTION,1
A,6553
S,0,6559,DETECTION,src/tracking/advanced_tracker.py:_activate_slot,6559_37_829_234_957
S,5,6559,DETECTION,src/tracking/advanced_tracker.py:_activate_slot,6559_161_913_336_1046
S,6,6559,DETECTION,src/tracking/advanced_tracker.py:_activate_slot,6559_132_1017_331_1139
S,2,6559,PREDICTION,src/tracking/advanced_tracker.py:kalman_homography,
S,7,6559,PREDICTION,src/tracking/advanced_tracker.py:kalman_homography,
S,1,6559,PREDICTION,src/tracking/advanced_tracker.py:flow_gapfill_batched,
S,3,6559,PREDICTION,src/tracking/advanced_tracker.py:flow_gapfill_batched,
S,4,6559,PREDICTION,src/tracking/advanced_tracker.py:flow_gapfill_batched,
D,2,6559
S,0,6559,PREDICTION,src/tracking/advanced_tracker.py:id_merge,
D,5,6559
S,6,6559,PREDICTION,src/tracking/advanced_tracker.py:id_merge,
L,0,6559,PREDICTION,src/tracking/advanced_tracker.py:id_merge,
R,PREDICTION,PREDICTION,1
L,1,6559,PREDICTION,src/tracking/advanced_tracker.py:flow_gapfill_batched,
R,PREDICTION,PREDICTION,1
L,3,6559,PREDICTION,src/tracking/advanced_tracker.py:flow_gapfill_batched,
R,CLAMP,CLAMP,0
L,4,6559,PREDICTION,src/tracking/advanced_tracker.py:flow_gapfill_batched,
R,PREDICTION,PREDICTION,1
L,6,6559,PREDICTION,src/tracking/advanced_tracker.py:id_merge,
R,PREDICTION,PREDICTION,1
L,7,6559,PREDICTION,src/tracking/advanced_tracker.py:kalman_homography,
R,PREDICTION,SUBPIXEL,0
A,6559
S,0,6565,CLAMP,src/tracking/advanced_tracker.py:_activate_slot,6565_205_352_405_451
S,1,6565,CLAMP,src/tracking/advanced_tracker.py:_activate_slot,6565_301_357_514_501
S,2,6565,DETECTION,src/tracking/advanced_tracker.py:_activate_slot,6565_30_837_232_980
S,5,6565,DETECTION,src/tracking/advanced_tracker.py:_activate_slot,6565_152_938_347_1072
S,6,6565,DETECTION,src/tracking/advanced_tracker.py:_activate_slot,6565_127_1037_338_1171
S,7,6565,PREDICTION,src/tracking/advanced_tracker.py:kalman_homography,
S,3,6565,PREDICTION,src/tracking/advanced_tracker.py:flow_gapfill_batched,
S,4,6565,PREDICTION,src/tracking/advanced_tracker.py:flow_gapfill_batched,
D,0,6565
S,2,6565,PREDICTION,src/tracking/advanced_tracker.py:id_merge,
D,5,6565
S,6,6565,PREDICTION,src/tracking/advanced_tracker.py:id_merge,
L,1,6565,CLAMP,src/tracking/advanced_tracker.py:_activate_slot,6565_301_357_514_501
R,CLAMP,CLAMP,0
L,2,6565,PREDICTION,src/tracking/advanced_tracker.py:id_merge,
R,PREDICTION,PREDICTION,1
L,3,6565,PREDICTION,src/tracking/advanced_tracker.py:flow_gapfill_batched,
R,CLAMP,CLAMP,0
L,4,6565,PREDICTION,src/tracking/advanced_tracker.py:flow_gapfill_batched,
R,PREDICTION,PREDICTION,1
L,6,6565,PREDICTION,src/tracking/advanced_tracker.py:id_merge,
R,PREDICTION,PREDICTION,1
L,7,6565,PREDICTION,src/tracking/advanced_tracker.py:kalman_homography,
R,PREDICTION,SUBPIXEL,0
A,6565
S,0,6571,DETECTION,src/tracking/advanced_tracker.py:_activate_slot,6571_212_341_408_433
S,1,6571,CLAMP,src/tracking/advanced_tracker.py:_activate_slot,6571_258_360_504_491
S,2,6571,DETECTION,src/tracking/advanced_tracker.py:_activate_slot,6571_21_866_228_991
S,5,6571,DETECTION,src/tracking/advanced_tracker.py:_activate_slot,6571_148_961_355_1097
S,6,6571,DETECTION,src/tracking/advanced_tracker.py:_activate_slot,6571_128_1079_338_1197
S,7,6571,PREDICTION,src/tracking/advanced_tracker.py:kalman_homography,
S,3,6571,PREDICTION,src/tracking/advanced_tracker.py:flow_gapfill_batched,
S,4,6571,PREDICTION,src/tracking/advanced_tracker.py:flow_gapfill_batched,
D,4,6571
S,2,6571,PREDICTION,src/tracking/advanced_tracker.py:id_merge,
D,5,6571
S,6,6571,PREDICTION,src/tracking/advanced_tracker.py:id_merge,
L,0,6571,DETECTION,src/tracking/advanced_tracker.py:_activate_slot,6571_212_341_408_433
R,CLAMP,CLAMP,0
L,1,6571,CLAMP,src/tracking/advanced_tracker.py:_activate_slot,6571_258_360_504_491
R,CLAMP,CLAMP,0
L,2,6571,PREDICTION,src/tracking/advanced_tracker.py:id_merge,
R,PREDICTION,PREDICTION,1
L,3,6571,PREDICTION,src/tracking/advanced_tracker.py:flow_gapfill_batched,
R,CLAMP,CLAMP,0
L,6,6571,PREDICTION,src/tracking/advanced_tracker.py:id_merge,
R,PREDICTION,PREDICTION,1
L,7,6571,PREDICTION,src/tracking/advanced_tracker.py:kalman_homography,
R,PREDICTION,SUBPIXEL,0
A,6571
S,1,6577,CLAMP,src/tracking/advanced_tracker.py:_activate_slot,6577_269_357_474_475
S,2,6577,DETECTION,src/tracking/advanced_tracker.py:_activate_slot,6577_5_900_227_1002
S,5,6577,DETECTION,src/tracking/advanced_tracker.py:_activate_slot,6577_155_985_357_1111
S,6,6577,DETECTION,src/tracking/advanced_tracker.py:_activate_slot,6577_129_1108_334_1220
S,0,6577,PREDICTION,src/tracking/advanced_tracker.py:kalman_homography,
S,7,6577,PREDICTION,src/tracking/advanced_tracker.py:kalman_homography,
S,3,6577,PREDICTION,src/tracking/advanced_tracker.py:flow_gapfill_batched,
S,4,6577,PREDICTION,src/tracking/advanced_tracker.py:flow_gapfill_batched,
D,4,6577
S,2,6577,PREDICTION,src/tracking/advanced_tracker.py:id_merge,
D,5,6577
S,6,6577,PREDICTION,src/tracking/advanced_tracker.py:id_merge,
L,0,6577,PREDICTION,src/tracking/advanced_tracker.py:kalman_homography,
R,CLAMP,CLAMP,0
L,1,6577,CLAMP,src/tracking/advanced_tracker.py:_activate_slot,6577_269_357_474_475
R,CLAMP,CLAMP,0
L,2,6577,PREDICTION,src/tracking/advanced_tracker.py:id_merge,
R,PREDICTION,PREDICTION,1
L,3,6577,PREDICTION,src/tracking/advanced_tracker.py:flow_gapfill_batched,
R,CLAMP,CLAMP,0
L,6,6577,PREDICTION,src/tracking/advanced_tracker.py:id_merge,
R,PREDICTION,PREDICTION,1
L,7,6577,PREDICTION,src/tracking/advanced_tracker.py:kalman_homography,
R,PREDICTION,SUBPIXEL,0
A,6577
S,1,6583,CLAMP,src/tracking/advanced_tracker.py:_activate_slot,6583_254_309_470_428
S,2,6583,DETECTION,src/tracking/advanced_tracker.py:_activate_slot,6583_3_920_223_1004
S,5,6583,DETECTION,src/tracking/advanced_tracker.py:_activate_slot,6583_161_1009_355_1129
S,6,6583,DETECTION,src/tracking/advanced_tracker.py:_activate_slot,6583_122_1111_338_1245
S,0,6583,PREDICTION,src/tracking/advanced_tracker.py:kalman_homography,
S,7,6583,PREDICTION,src/tracking/advanced_tracker.py:kalman_homography,
S,3,6583,PREDICTION,src/tracking/advanced_tracker.py:flow_gapfill_batched,
S,4,6583,PREDICTION,src/tracking/advanced_tracker.py:flow_gapfill_batched,
D,4,6583
S,2,6583,PREDICTION,src/tracking/advanced_tracker.py:id_merge,
D,5,6583
S,6,6583,PREDICTION,src/tracking/advanced_tracker.py:id_merge,
L,0,6583,PREDICTION,src/tracking/advanced_tracker.py:kalman_homography,
R,CLAMP,CLAMP,0
L,1,6583,CLAMP,src/tracking/advanced_tracker.py:_activate_slot,6583_254_309_470_428
R,CLAMP,CLAMP,0
L,2,6583,PREDICTION,src/tracking/advanced_tracker.py:id_merge,
R,PREDICTION,PREDICTION,1
L,3,6583,PREDICTION,src/tracking/advanced_tracker.py:flow_gapfill_batched,
R,CLAMP,CLAMP,0
L,6,6583,PREDICTION,src/tracking/advanced_tracker.py:id_merge,
R,PREDICTION,PREDICTION,1
L,7,6583,PREDICTION,src/tracking/advanced_tracker.py:kalman_homography,
R,PREDICTION,SUBPIXEL,0
A,6583
S,1,6589,CLAMP,src/tracking/advanced_tracker.py:_activate_slot,6589_252_304_465_430
S,2,6589,DETECTION,src/tracking/advanced_tracker.py:_activate_slot,6589_4_925_221_1026
S,4,6589,DETECTION,src/tracking/advanced_tracker.py:_activate_slot,6589_-15_1086_168_1172
S,5,6589,DETECTION,src/tracking/advanced_tracker.py:_activate_slot,6589_161_1032_355_1152
S,6,6589,DETECTION,src/tracking/advanced_tracker.py:_activate_slot,6589_126_1127_344_1277
S,7,6589,PREDICTION,src/tracking/advanced_tracker.py:kalman_homography,
S,0,6589,PREDICTION,src/tracking/advanced_tracker.py:flow_gapfill_batched,
S,3,6589,PREDICTION,src/tracking/advanced_tracker.py:flow_gapfill_batched,
D,2,6589
S,4,6589,PREDICTION,src/tracking/advanced_tracker.py:id_merge,
D,5,6589
S,6,6589,PREDICTION,src/tracking/advanced_tracker.py:id_merge,
L,0,6589,PREDICTION,src/tracking/advanced_tracker.py:flow_gapfill_batched,
R,CLAMP,CLAMP,0
L,1,6589,CLAMP,src/tracking/advanced_tracker.py:_activate_slot,6589_252_304_465_430
R,CLAMP,CLAMP,0
L,3,6589,PREDICTION,src/tracking/advanced_tracker.py:flow_gapfill_batched,
R,CLAMP,CLAMP,0
L,4,6589,PREDICTION,src/tracking/advanced_tracker.py:id_merge,
R,PREDICTION,PREDICTION,1
L,6,6589,PREDICTION,src/tracking/advanced_tracker.py:id_merge,
R,PREDICTION,PREDICTION,1
L,7,6589,PREDICTION,src/tracking/advanced_tracker.py:kalman_homography,
R,PREDICTION,SUBPIXEL,0
A,6589
S,1,6595,CLAMP,src/tracking/advanced_tracker.py:_activate_slot,6595_228_304_461_423
S,2,6595,DETECTION,src/tracking/advanced_tracker.py:_activate_slot,6595_2_926_218_1059
S,4,6595,DETECTION,src/tracking/advanced_tracker.py:_activate_slot,6595_-15_1075_165_1169
S,5,6595,DETECTION,src/tracking/advanced_tracker.py:_activate_slot,6595_160_1031_376_1173
S,6,6595,DETECTION,src/tracking/advanced_tracker.py:_activate_slot,6595_134_1209_346_1295
S,8,6595,DETECTION,src/tracking/advanced_tracker.py:_activate_slot,6595_138_1177_345_1295
S,0,6595,PREDICTION,src/tracking/advanced_tracker.py:flow_gapfill_batched,
S,3,6595,PREDICTION,src/tracking/advanced_tracker.py:flow_gapfill_batched,
S,7,6595,PREDICTION,src/tracking/advanced_tracker.py:flow_gapfill_batched,
D,2,6595
S,4,6595,PREDICTION,src/tracking/advanced_tracker.py:id_merge,
D,5,6595
S,6,6595,PREDICTION,src/tracking/advanced_tracker.py:id_merge,
D,6,6595
S,8,6595,PREDICTION,src/tracking/advanced_tracker.py:id_merge,
L,0,6595,PREDICTION,src/tracking/advanced_tracker.py:flow_gapfill_batched,
R,CLAMP,CLAMP,0
L,1,6595,CLAMP,src/tracking/advanced_tracker.py:_activate_slot,6595_228_304_461_423
R,CLAMP,CLAMP,0
L,3,6595,PREDICTION,src/tracking/advanced_tracker.py:flow_gapfill_batched,
R,CLAMP,CLAMP,0
L,4,6595,PREDICTION,src/tracking/advanced_tracker.py:id_merge,
R,PREDICTION,PREDICTION,1
L,7,6595,PREDICTION,src/tracking/advanced_tracker.py:flow_gapfill_batched,
R,PREDICTION,PREDICTION,1
L,8,6595,PREDICTION,src/tracking/advanced_tracker.py:id_merge,
R,PREDICTION,PREDICTION,1
A,6595
S,0,6601,DETECTION,src/tracking/advanced_tracker.py:_activate_slot,6601_216_372_426_474
S,1,6601,CLAMP,src/tracking/advanced_tracker.py:_activate_slot,6601_215_316_454_412
S,2,6601,DETECTION,src/tracking/advanced_tracker.py:_activate_slot,6601_153_1217_343_1295
S,4,6601,DETECTION,src/tracking/advanced_tracker.py:_activate_slot,6601_-13_1068_157_1160
S,5,6601,DETECTION,src/tracking/advanced_tracker.py:_activate_slot,6601_168_1041_386_1199
S,6,6601,PREDICTION,src/tracking/advanced_tracker.py:kalman_homography,
S,8,6601,PREDICTION,src/tracking/advanced_tracker.py:kalman_homography,
D,6,6601
S,5,6601,PREDICTION,src/tracking/advanced_tracker.py:id_merge,
D,8,6601
S,5,6601,PREDICTION,src/tracking/advanced_tracker.py:id_merge,
L,0,6601,DETECTION,src/tracking/advanced_tracker.py:_activate_slot,6601_216_372_426_474
R,CLAMP,CLAMP,0
L,1,6601,CLAMP,src/tracking/advanced_tracker.py:_activate_slot,6601_215_316_454_412
R,CLAMP,CLAMP,0
L,2,6601,DETECTION,src/tracking/advanced_tracker.py:_activate_slot,6601_153_1217_343_1295
R,CLAMP,CLAMP,1
L,4,6601,DETECTION,src/tracking/advanced_tracker.py:_activate_slot,6601_-13_1068_157_1160
R,DETECTION,DETECTION,1
L,5,6601,PREDICTION,src/tracking/advanced_tracker.py:id_merge,
R,PREDICTION,PREDICTION,1
A,6601
S,0,6607,DETECTION,src/tracking/advanced_tracker.py:_activate_slot,6607_213_374_426_474
S,1,6607,CLAMP,src/tracking/advanced_tracker.py:_activate_slot,6607_213_320_454_422
S,4,6607,DETECTION,src/tracking/advanced_tracker.py:_activate_slot,6607_0_936_212_1071
S,2,6607,DETECTION,src/tracking/advanced_tracker.py:_activate_slot,6607_164_1227_344_1293
S,5,6607,DETECTION,src/tracking/advanced_tracker.py:_activate_slot,6607_177_1069_387_1223
S,8,6607,DETECTION,src/tracking/advanced_tracker.py:_activate_slot,6607_177_1107_387_1225
S,6,6607,PREDICTION,src/tracking/advanced_tracker.py:flow_gapfill_batched,
D,5,6607
S,8,6607,PREDICTION,src/tracking/advanced_tracker.py:id_merge,
D,6,6607
S,8,6607,PREDICTION,src/tracking/advanced_tracker.py:id_merge,
L,0,6607,DETECTION,src/tracking/advanced_tracker.py:_activate_slot,6607_213_374_426_474
R,CLAMP,CLAMP,0
L,1,6607,CLAMP,src/tracking/advanced_tracker.py:_activate_slot,6607_213_320_454_422
R,CLAMP,CLAMP,0
L,2,6607,DETECTION,src/tracking/advanced_tracker.py:_activate_slot,6607_164_1227_344_1293
R,CLAMP,CLAMP,0
L,4,6607,DETECTION,src/tracking/advanced_tracker.py:_activate_slot,6607_0_936_212_1071
R,DETECTION,DETECTION,1
L,8,6607,PREDICTION,src/tracking/advanced_tracker.py:id_merge,
R,PREDICTION,PREDICTION,1
A,6607
S,0,6613,DETECTION,src/tracking/advanced_tracker.py:_activate_slot,6613_212_379_416_494
S,1,6613,CLAMP,src/tracking/advanced_tracker.py:_activate_slot,6613_216_321_462_437
S,3,6613,DETECTION,src/tracking/advanced_tracker.py:_activate_slot,6613_-7_967_214_1083
S,4,6613,DETECTION,src/tracking/advanced_tracker.py:_activate_slot,6613_-13_889_191_992
S,5,6613,DETECTION,src/tracking/advanced_tracker.py:_activate_slot,6613_178_1117_389_1251
S,8,6613,PREDICTION,src/tracking/advanced_tracker.py:kalman_homography,
S,2,6613,PREDICTION,src/tracking/advanced_tracker.py:flow_gapfill_batched,
S,6,6613,PREDICTION,src/tracking/advanced_tracker.py:flow_gapfill_batched,
D,8,6613
S,5,6613,PREDICTION,src/tracking/advanced_tracker.py:id_merge,
L,0,6613,DETECTION,src/tracking/advanced_tracker.py:_activate_slot,6613_212_379_416_494
R,CLAMP,CLAMP,0
L,1,6613,CLAMP,src/tracking/advanced_tracker.py:_activate_slot,6613_216_321_462_437
R,CLAMP,CLAMP,0
L,2,6613,PREDICTION,src/tracking/advanced_tracker.py:flow_gapfill_batched,
R,CLAMP,CLAMP,0
L,3,6613,DETECTION,src/tracking/advanced_tracker.py:_activate_slot,6613_-7_967_214_1083
R,DETECTION,DETECTION,1
L,4,6613,DETECTION,src/tracking/advanced_tracker.py:_activate_slot,6613_-13_889_191_992
R,DETECTION,DETECTION,1
L,5,6613,PREDICTION,src/tracking/advanced_tracker.py:id_merge,
R,PREDICTION,PREDICTION,1
L,6,6613,PREDICTION,src/tracking/advanced_tracker.py:flow_gapfill_batched,
R,PREDICTION,PREDICTION,1
A,6613
S,0,6619,DETECTION,src/tracking/advanced_tracker.py:_activate_slot,6619_206_379_411_491
S,1,6619,CLAMP,src/tracking/advanced_tracker.py:_activate_slot,6619_227_321_462_436
S,3,6619,DETECTION,src/tracking/advanced_tracker.py:_activate_slot,6619_-9_1003_209_1085
S,4,6619,DETECTION,src/tracking/advanced_tracker.py:_activate_slot,6619_-8_908_193_1000
S,5,6619,DETECTION,src/tracking/advanced_tracker.py:_activate_slot,6619_178_1141_411_1279
S,8,6619,PREDICTION,src/tracking/advanced_tracker.py:kalman_homography,
S,2,6619,PREDICTION,src/tracking/advanced_tracker.py:flow_gapfill_batched,
S,6,6619,PREDICTION,src/tracking/advanced_tracker.py:flow_gapfill_batched,
D,3,6619
S,4,6619,PREDICTION,src/tracking/advanced_tracker.py:id_merge,
D,8,6619
S,5,6619,PREDICTION,src/tracking/advanced_tracker.py:id_merge,
L,0,6619,DETECTION,src/tracking/advanced_tracker.py:_activate_slot,6619_206_379_411_491
R,CLAMP,CLAMP,0
L,1,6619,CLAMP,src/tracking/advanced_tracker.py:_activate_slot,6619_227_321_462_436
R,CLAMP,CLAMP,0
L,2,6619,PREDICTION,src/tracking/advanced_tracker.py:flow_gapfill_batched,
R,CLAMP,CLAMP,0
L,4,6619,PREDICTION,src/tracking/advanced_tracker.py:id_merge,
R,PREDICTION,PREDICTION,1
L,5,6619,PREDICTION,src/tracking/advanced_tracker.py:id_merge,
R,PREDICTION,PREDICTION,1
L,6,6619,PREDICTION,src/tracking/advanced_tracker.py:flow_gapfill_batched,
R,PREDICTION,PREDICTION,1
A,6619
S,0,6625,DETECTION,src/tracking/advanced_tracker.py:_activate_slot,6625_203_375_415_489
S,1,6625,CLAMP,src/tracking/advanced_tracker.py:_activate_slot,6625_223_309_460_434
S,3,6625,DETECTION,src/tracking/advanced_tracker.py:_activate_slot,6625_-8_1015_214_1105
S,4,6625,DETECTION,src/tracking/advanced_tracker.py:_activate_slot,6625_-14_857_124_955
S,5,6625,DETECTION,src/tracking/advanced_tracker.py:_activate_slot,6625_190_1165_421_1295
S,8,6625,PREDICTION,src/tracking/advanced_tracker.py:kalman_homography,
L,0,6625,DETECTION,src/tracking/advanced_tracker.py:_activate_slot,6625_203_375_415_489
R,CLAMP,CLAMP,0
L,1,6625,CLAMP,src/tracking/advanced_tracker.py:_activate_slot,6625_223_309_460_434
R,CLAMP,CLAMP,0
L,3,6625,DETECTION,src/tracking/advanced_tracker.py:_activate_slot,6625_-8_1015_214_1105
R,DETECTION,DETECTION,1
L,4,6625,DETECTION,src/tracking/advanced_tracker.py:_activate_slot,6625_-14_857_124_955
R,DETECTION,DETECTION,1
L,5,6625,DETECTION,src/tracking/advanced_tracker.py:_activate_slot,6625_190_1165_421_1295
R,DETECTION,DETECTION,1
L,8,6625,PREDICTION,src/tracking/advanced_tracker.py:kalman_homography,
R,PREDICTION,PREDICTION,1
A,6625
S,0,6631,DETECTION,src/tracking/advanced_tracker.py:_activate_slot,6631_209_385_419_483
S,1,6631,CLAMP,src/tracking/advanced_tracker.py:_activate_slot,6631_221_295_456_428
S,3,6631,DETECTION,src/tracking/advanced_tracker.py:_activate_slot,6631_-3_1011_214_1125
S,4,6631,DETECTION,src/tracking/advanced_tracker.py:_activate_slot,6631_-11_982_173_1061
S,5,6631,DETECTION,src/tracking/advanced_tracker.py:_activate_slot,6631_211_1221_437_1295
S,9,6631,DETECTION,src/tracking/advanced_tracker.py:_activate_slot,6631_215_1191_437_1293
S,8,6631,PREDICTION,src/tracking/advanced_tracker.py:kalman_homography,
D,5,6631
S,9,6631,PREDICTION,src/tracking/advanced_tracker.py:id_merge,
L,0,6631,DETECTION,src/tracking/advanced_tracker.py:_activate_slot,6631_209_385_419_483
R,CLAMP,CLAMP,0
L,1,6631,CLAMP,src/tracking/advanced_tracker.py:_activate_slot,6631_221_295_456_428
R,CLAMP,CLAMP,0
L,3,6631,DETECTION,src/tracking/advanced_tracker.py:_activate_slot,6631_-3_1011_214_1125
R,DETECTION,DETECTION,1
L,4,6631,DETECTION,src/tracking/advanced_tracker.py:_activate_slot,6631_-11_982_173_1061
R,DETECTION,DETECTION,1
L,8,6631,PREDICTION,src/tracking/advanced_tracker.py:kalman_homography,
R,PREDICTION,PREDICTION,1
L,9,6631,PREDICTION,src/tracking/advanced_tracker.py:id_merge,
R,PREDICTION,PREDICTION,1
A,6631
S,0,6637,DETECTION,src/tracking/advanced_tracker.py:_activate_slot,6637_196_378_413_482
S,1,6637,CLAMP,src/tracking/advanced_tracker.py:_activate_slot,6637_216_291_449_412
S,3,6637,DETECTION,src/tracking/advanced_tracker.py:_activate_slot,6637_2_1008_215_1148
S,4,6637,DETECTION,src/tracking/advanced_tracker.py:_activate_slot,6637_-14_1001_152_1079
S,9,6637,DETECTION,src/tracking/advanced_tracker.py:_activate_slot,6637_223_1225_440_1295
S,8,6637,PREDICTION,src/tracking/advanced_tracker.py:kalman_homography,
S,5,6637,PREDICTION,src/tracking/advanced_tracker.py:flow_gapfill_batched,
D,5,6637
S,9,6637,PREDICTION,src/tracking/advanced_tracker.py:id_merge,
L,0,6637,DETECTION,src/tracking/advanced_tracker.py:_activate_slot,6637_196_378_413_482
R,CLAMP,CLAMP,0
L,1,6637,CLAMP,src/tracking/advanced_tracker.py:_activate_slot,6637_216_291_449_412
R,CLAMP,CLAMP,0
L,3,6637,DETECTION,src/tracking/advanced_tracker.py:_activate_slot,6637_2_1008_215_1148
R,DETECTION,DETECTION,1
L,4,6637,DETECTION,src/tracking/advanced_tracker.py:_activate_slot,6637_-14_1001_152_1079
R,DETECTION,DETECTION,1
L,8,6637,PREDICTION,src/tracking/advanced_tracker.py:kalman_homography,
R,PREDICTION,PREDICTION,1
L,9,6637,PREDICTION,src/tracking/advanced_tracker.py:id_merge,
R,PREDICTION,PREDICTION,1
A,6637
S,0,6643,CLAMP,src/tracking/advanced_tracker.py:_activate_slot,6643_4_934_199_1037
S,1,6643,CLAMP,src/tracking/advanced_tracker.py:_activate_slot,6643_201_287_446_420
S,3,6643,DETECTION,src/tracking/advanced_tracker.py:_activate_slot,6643_10_1004_213_1147
S,4,6643,DETECTION,src/tracking/advanced_tracker.py:_activate_slot,6643_-11_991_159_1073
S,9,6643,DETECTION,src/tracking/advanced_tracker.py:_activate_slot,6643_253_1229_440_1295
S,8,6643,PREDICTION,src/tracking/advanced_tracker.py:kalman_homography,
S,5,6643,PREDICTION,src/tracking/advanced_tracker.py:flow_gapfill_batched,
D,5,6643
S,9,6643,PREDICTION,src/tracking/advanced_tracker.py:id_merge,
L,0,6643,CLAMP,src/tracking/advanced_tracker.py:_activate_slot,6643_4_934_199_1037
R,CLAMP,CLAMP,0
L,1,6643,CLAMP,src/tracking/advanced_tracker.py:_activate_slot,6643_201_287_446_420
R,CLAMP,CLAMP,0
L,3,6643,DETECTION,src/tracking/advanced_tracker.py:_activate_slot,6643_10_1004_213_1147
R,DETECTION,DETECTION,1
L,4,6643,DETECTION,src/tracking/advanced_tracker.py:_activate_slot,6643_-11_991_159_1073
R,DETECTION,DETECTION,1
L,8,6643,PREDICTION,src/tracking/advanced_tracker.py:kalman_homography,
R,PREDICTION,PREDICTION,1
L,9,6643,PREDICTION,src/tracking/advanced_tracker.py:id_merge,
R,PREDICTION,PREDICTION,1
A,6643
S,0,6649,DETECTION,src/tracking/advanced_tracker.py:_activate_slot,6649_200_361_413_474
S,1,6649,CLAMP,src/tracking/advanced_tracker.py:_activate_slot,6649_196_278_442_400
S,3,6649,DETECTION,src/tracking/advanced_tracker.py:_activate_slot,6649_-2_1005_212_1161
S,4,6649,DETECTION,src/tracking/advanced_tracker.py:_activate_slot,6649_-6_1221_169_1295
S,9,6649,DETECTION,src/tracking/advanced_tracker.py:_activate_slot,6649_345_1233_438_1295
S,8,6649,PREDICTION,src/tracking/advanced_tracker.py:kalman_homography,
S,5,6649,PREDICTION,src/tracking/advanced_tracker.py:flow_gapfill_batched,
D,3,6649
S,4,6649,PREDICTION,src/tracking/advanced_tracker.py:id_merge,
D,5,6649
S,9,6649,PREDICTION,src/tracking/advanced_tracker.py:id_merge,
L,0,6649,DETECTION,src/tracking/advanced_tracker.py:_activate_slot,6649_200_361_413_474
R,CLAMP,CLAMP,0
L,1,6649,CLAMP,src/tracking/advanced_tracker.py:_activate_slot,6649_196_278_442_400
R,CLAMP,CLAMP,0
L,4,6649,PREDICTION,src/tracking/advanced_tracker.py:id_merge,
R,PREDICTION,PREDICTION,1
L,8,6649,PREDICTION,src/tracking/advanced_tracker.py:kalman_homography,
R,PREDICTION,PREDICTION,1
L,9,6649,PREDICTION,src/tracking/advanced_tracker.py:id_merge,
R,PREDICTION,PREDICTION,1
A,6649
S,0,6655,DETECTION,src/tracking/advanced_tracker.py:_activate_slot,6655_165_401_397_494
S,1,6655,CLAMP,src/tracking/advanced_tracker.py:_activate_slot,6655_201_268_445_401
S,2,6655,CLAMP,src/tracking/advanced_tracker.py:_activate_slot,6655_192_321_416_459
S,3,6655,DETECTION,src/tracking/advanced_tracker.py:_activate_slot,6655_1_1028_215_1162
S,9,6655,DETECTION,src/tracking/advanced_tracker.py:_activate_slot,6655_368_1235_453_1295
S,4,6655,PREDICTION,src/tracking/advanced_tracker.py:flow_gapfill_batched,
S,5,6655,PREDICTION,src/tracking/advanced_tracker.py:flow_gapfill_batched,
S,8,6655,PREDICTION,src/tracking/advanced_tracker.py:flow_gapfill_batched,
D,4,6655
S,3,6655,PREDICTION,src/tracking/advanced_tracker.py:id_merge,
D,8,6655
S,5,6655,PREDICTION,src/tracking/advanced_tracker.py:id_merge,
D,5,6655
S,9,6655,PREDICTION,src/tracking/advanced_tracker.py:id_merge,
L,0,6655,DETECTION,src/tracking/advanced_tracker.py:_activate_slot,6655_165_401_397_494
R,CLAMP,CLAMP,0
L,1,6655,CLAMP,src/tracking/advanced_tracker.py:_activate_slot,6655_201_268_445_401
R,CLAMP,CLAMP,0
L,2,6655,CLAMP,src/tracking/advanced_tracker.py:_activate_slot,6655_192_321_416_459
R,CLAMP,CLAMP,0
L,3,6655,PREDICTION,src/tracking/advanced_tracker.py:id_merge,
R,PREDICTION,PREDICTION,1
L,9,6655,PREDICTION,src/tracking/advanced_tracker.py:id_merge,
R,PREDICTION,PREDICTION,1
A,6655
S,1,6661,DETECTION,src/tracking/advanced_tracker.py:_activate_slot,6661_195_255_438_389
S,2,6661,DETECTION,src/tracking/advanced_tracker.py:_activate_slot,6661_13_920_219_1006
S,3,6661,DETECTION,src/tracking/advanced_tracker.py:_activate_slot,6661_-3_1057_210_1165
S,0,6661,DETECTION,src/tracking/advanced_tracker.py:_activate_slot,6661_153_374_400_483
S,9,6661,PREDICTION,src/tracking/advanced_tracker.py:kalman_homography,
S,4,6661,PREDICTION,src/tracking/advanced_tracker.py:flow_gapfill_batched,
S,5,6661,PREDICTION,src/tracking/advanced_tracker.py:flow_gapfill_batched,
D,2,6661
S,3,6661,PREDICTION,src/tracking/advanced_tracker.py:id_merge,
D,4,6661
S,3,6661,PREDICTION,src/tracking/advanced_tracker.py:id_merge,
L,0,6661,DETECTION,src/tracking/advanced_tracker.py:_activate_slot,6661_153_374_400_483
R,CLAMP,CLAMP,0
L,1,6661,DETECTION,src/tracking/advanced_tracker.py:_activate_slot,6661_195_255_438_389
R,CLAMP,CLAMP,0
L,3,6661,PREDICTION,src/tracking/advanced_tracker.py:id_merge,
R,PREDICTION,PREDICTION,1
L,5,6661,PREDICTION,src/tracking/advanced_tracker.py:flow_gapfill_batched,
R,PREDICTION,PREDICTION,1
L,9,6661,PREDICTION,src/tracking/advanced_tracker.py:kalman_homography,
R,PREDICTION,PREDICTION,1
A,6661
S,0,6667,CLAMP,src/tracking/advanced_tracker.py:_activate_slot,6667_35_-15_245_69
S,1,6667,DETECTION,src/tracking/advanced_tracker.py:_activate_slot,6667_190_241_425_369
S,2,6667,DETECTION,src/tracking/advanced_tracker.py:_activate_slot,6667_20_905_221_994
S,3,6667,DETECTION,src/tracking/advanced_tracker.py:_activate_slot,6667_0_1069_208_1169
S,9,6667,PREDICTION,src/tracking/advanced_tracker.py:kalman_homography,
S,4,6667,PREDICTION,src/tracking/advanced_tracker.py:flow_gapfill_batched,
S,5,6667,PREDICTION,src/tracking/advanced_tracker.py:flow_gapfill_batched,
D,2,6667
S,3,6667,PREDICTION,src/tracking/advanced_tracker.py:id_merge,
D,4,6667
S,3,6667,PREDICTION,src/tracking/advanced_tracker.py:id_merge,
L,0,6667,CLAMP,src/tracking/advanced_tracker.py:_activate_slot,6667_35_-15_245_69
R,CLAMP,CLAMP,0
L,1,6667,DETECTION,src/tracking/advanced_tracker.py:_activate_slot,6667_190_241_425_369
R,CLAMP,CLAMP,0
L,3,6667,PREDICTION,src/tracking/advanced_tracker.py:id_merge,
R,PREDICTION,PREDICTION,1
L,5,6667,PREDICTION,src/tracking/advanced_tracker.py:flow_gapfill_batched,
R,CLAMP,CLAMP,0
L,9,6667,PREDICTION,src/tracking/advanced_tracker.py:kalman_homography,
R,PREDICTION,PREDICTION,1
A,6667
S,0,6673,DETECTION,src/tracking/advanced_tracker.py:_activate_slot,6673_25_256_399_494
S,1,6673,DETECTION,src/tracking/advanced_tracker.py:_activate_slot,6673_187_226_418_363
S,2,6673,DETECTION,src/tracking/advanced_tracker.py:_activate_slot,6673_24_889_219_982
S,3,6673,DETECTION,src/tracking/advanced_tracker.py:_activate_slot,6673_9_1063_206_1165
S,9,6673,PREDICTION,src/tracking/advanced_tracker.py:kalman_homography,
S,4,6673,PREDICTION,src/tracking/advanced_tracker.py:flow_gapfill_batched,
S,5,6673,PREDICTION,src/tracking/advanced_tracker.py:flow_gapfill_batched,
D,2,6673
S,3,6673,PREDICTION,src/tracking/advanced_tracker.py:id_merge,
D,4,6673
S,3,6673,PREDICTION,src/tracking/advanced_tracker.py:id_merge,
L,0,6673,DETECTION,src/tracking/advanced_tracker.py:_activate_slot,6673_25_256_399_494
R,CLAMP,CLAMP,0
L,1,6673,DETECTION,src/tracking/advanced_tracker.py:_activate_slot,6673_187_226_418_363
R,CLAMP,CLAMP,0
L,3,6673,PREDICTION,src/tracking/advanced_tracker.py:id_merge,
R,PREDICTION,PREDICTION,1
L,5,6673,PREDICTION,src/tracking/advanced_tracker.py:flow_gapfill_batched,
R,CLAMP,CLAMP,0
L,9,6673,PREDICTION,src/tracking/advanced_tracker.py:kalman_homography,
R,PREDICTION,PREDICTION,1
A,6673
S,0,6679,DETECTION,src/tracking/advanced_tracker.py:_activate_slot,6679_148_345_378_452
S,1,6679,DETECTION,src/tracking/advanced_tracker.py:_activate_slot,6679_189_217_417_366
S,2,6679,DETECTION,src/tracking/advanced_tracker.py:_activate_slot,6679_-7_872_223_979
S,3,6679,DETECTION,src/tracking/advanced_tracker.py:_activate_slot,6679_8_1045_205_1183
S,4,6679,DETECTION,src/tracking/advanced_tracker.py:_activate_slot,6679_4_1175_173_1265
S,9,6679,PREDICTION,src/tracking/advanced_tracker.py:kalman_homography,
S,5,6679,PREDICTION,src/tracking/advanced_tracker.py:flow_gapfill_batched,
D,2,6679
S,3,6679,PREDICTION,src/tracking/advanced_tracker.py:id_merge,
D,3,6679
S,4,6679,PREDICTION,src/tracking/advanced_tracker.py:id_merge,
L,0,6679,DETECTION,src/tracking/advanced_tracker.py:_activate_slot,6679_148_345_378_452
R,CLAMP,CLAMP,0
L,1,6679,DETECTION,src/tracking/advanced_tracker.py:_activate_slot,6679_189_217_417_366
R,CLAMP,CLAMP,0
L,4,6679,PREDICTION,src/tracking/advanced_tracker.py:id_merge,
R,PREDICTION,PREDICTION,1
L,5,6679,PREDICTION,src/tracking/advanced_tracker.py:flow_gapfill_batched,
R,CLAMP,CLAMP,0
L,9,6679,PREDICTION,src/tracking/advanced_tracker.py:kalman_homography,
R,PREDICTION,PREDICTION,1
A,6679
S,1,6685,DETECTION,src/tracking/advanced_tracker.py:_activate_slot,6685_194_206_417_341
S,2,6685,DETECTION,src/tracking/advanced_tracker.py:_activate_slot,6685_39_855_222_973
S,3,6685,DETECTION,src/tracking/advanced_tracker.py:_activate_slot,6685_8_1031_204_1177
S,4,6685,DETECTION,src/tracking/advanced_tracker.py:_activate_slot,6685_4_1155_168_1245
S,0,6685,DETECTION,src/tracking/advanced_tracker.py:_activate_slot,6685_23_204_400_497
S,9,6685,PREDICTION,src/tracking/advanced_tracker.py:kalman_homography,
D,2,6685
S,3,6685,PREDICTION,src/tracking/advanced_tracker.py:id_merge,
D,3,6685
S,4,6685,PREDICTION,src/tracking/advanced_tracker.py:id_merge,
L,0,6685,DETECTION,src/tracking/advanced_tracker.py:_activate_slot,6685_23_204_400_497
R,CLAMP,CLAMP,0
L,1,6685,DETECTION,src/tracking/advanced_tracker.py:_activate_slot,6685_194_206_417_341
R,CLAMP,CLAMP,0
L,4,6685,PREDICTION,src/tracking/advanced_tracker.py:id_merge,
R,PREDICTION,PREDICTION,1
L,9,6685,PREDICTION,src/tracking/advanced_tracker.py:kalman_homography,
R,PREDICTION,PREDICTION,1
A,6685
S,1,6691,DETECTION,src/tracking/advanced_tracker.py:_activate_slot,6691_198_198_411_355
S,2,6691,DETECTION,src/tracking/advanced_tracker.py:_activate_slot,6691_45_841_224_960
S,3,6691,DETECTION,src/tracking/advanced_tracker.py:_activate_slot,6691_11_1070_204_1206
S,0,6691,DETECTION,src/tracking/advanced_tracker.py:_activate_slot,6691_166_324_374_427
S,4,6691,DETECTION,src/tracking/advanced_tracker.py:_activate_slot,6691_9_1187_164_1269
S,9,6691,PREDICTION,src/tracking/advanced_tracker.py:kalman_homography,
D,3,6691
S,4,6691,PREDICTION,src/tracking/advanced_tracker.py:id_merge,
L,0,6691,DETECTION,src/tracking/advanced_tracker.py:_activate_slot,6691_166_324_374_427
R,CLAMP,CLAMP,0
L,1,6691,DETECTION,src/tracking/advanced_tracker.py:_activate_slot,6691_198_198_411_355
R,CLAMP,CLAMP,0
L,2,6691,DETECTION,src/tracking/advanced_tracker.py:_activate_slot,6691_45_841_224_960
R,DETECTION,DETECTION,1
L,4,6691,PREDICTION,src/tracking/advanced_tracker.py:id_merge,
R,PREDICTION,PREDICTION,1
L,9,6691,PREDICTION,src/tracking/advanced_tracker.py:kalman_homography,
R,PREDICTION,PREDICTION,1
A,6691
S,0,6697,DETECTION,src/tracking/advanced_tracker.py:_activate_slot,6697_167_313_355_431
S,1,6697,DETECTION,src/tracking/advanced_tracker.py:_activate_slot,6697_196_222_409_344
S,2,6697,DETECTION,src/tracking/advanced_tracker.py:_activate_slot,6697_51_844_230_946
S,3,6697,DETECTION,src/tracking/advanced_tracker.py:_activate_slot,6697_30_1087_208_1219
S,4,6697,DETECTION,src/tracking/advanced_tracker.py:_activate_slot,6697_13_1211_163_1293
S,9,6697,PREDICTION,src/tracking/advanced_tracker.py:flow_gapfill_batched,
D,3,6697
S,4,6697,PREDICTION,src/tracking/advanced_tracker.py:id_merge,
L,0,6697,DETECTION,src/tracking/advanced_tracker.py:_activate_slot,6697_167_313_355_431
R,CLAMP,CLAMP,0
L,1,6697,DETECTION,src/tracking/advanced_tracker.py:_activate_slot,6697_196_222_409_344
R,CLAMP,CLAMP,0
L,2,6697,DETECTION,src/tracking/advanced_tracker.py:_activate_slot,6697_51_844_230_946
R,DETECTION,DETECTION,1
L,4,6697,PREDICTION,src/tracking/advanced_tracker.py:id_merge,
R,PREDICTION,PREDICTION,1
L,9,6697,PREDICTION,src/tracking/advanced_tracker.py:flow_gapfill_batched,
R,CLAMP,CLAMP,0
A,6697
S,0,6703,DETECTION,src/tracking/advanced_tracker.py:_activate_slot,6703_172_320_342_436
S,1,6703,DETECTION,src/tracking/advanced_tracker.py:_activate_slot,6703_191_245_405_352
S,2,6703,DETECTION,src/tracking/advanced_tracker.py:_activate_slot,6703_59_836_244_928
S,3,6703,DETECTION,src/tracking/advanced_tracker.py:_activate_slot,6703_13_1089_210_1231
S,4,6703,DETECTION,src/tracking/advanced_tracker.py:_activate_slot,6703_194_169_405_266
S,9,6703,PREDICTION,src/tracking/advanced_tracker.py:flow_gapfill_batched,
L,0,6703,DETECTION,src/tracking/advanced_tracker.py:_activate_slot,6703_172_320_342_436
R,CLAMP,CLAMP,0
L,1,6703,DETECTION,src/tracking/advanced_tracker.py:_activate_slot,6703_191_245_405_352
R,CLAMP,CLAMP,0
L,2,6703,DETECTION,src/tracking/advanced_tracker.py:_activate_slot,6703_59_836_244_928
R,DETECTION,DETECTION,1
L,3,6703,DETECTION,src/tracking/advanced_tracker.py:_activate_slot,6703_13_1089_210_1231
R,DETECTION,DETECTION,1
L,4,6703,DETECTION,src/tracking/advanced_tracker.py:_activate_slot,6703_194_169_405_266
R,CLAMP,CLAMP,0
L,9,6703,PREDICTION,src/tracking/advanced_tracker.py:flow_gapfill_batched,
R,CLAMP,CLAMP,0
A,6703
S,0,6709,DETECTION,src/tracking/advanced_tracker.py:_activate_slot,6709_154_322_333_441
S,1,6709,DETECTION,src/tracking/advanced_tracker.py:_activate_slot,6709_193_252_407_355
S,2,6709,DETECTION,src/tracking/advanced_tracker.py:_activate_slot,6709_76_811_249_921
S,3,6709,DETECTION,src/tracking/advanced_tracker.py:_activate_slot,6709_160_205_401_304
S,4,6709,DETECTION,src/tracking/advanced_tracker.py:_activate_slot,6709_197_162_403_258
D,3,6709
S,4,6709,PREDICTION,src/tracking/advanced_tracker.py:id_merge,
L,0,6709,DETECTION,src/tracking/advanced_tracker.py:_activate_slot,6709_154_322_333_441
R,CLAMP,CLAMP,0
L,1,6709,DETECTION,src/tracking/advanced_tracker.py:_activate_slot,6709_193_252_407_355
R,CLAMP,CLAMP,0
L,2,6709,DETECTION,src/tracking/advanced_tracker.py:_activate_slot,6709_76_811_249_921
R,DETECTION,DETECTION,1
L,4,6709,PREDICTION,src/tracking/advanced_tracker.py:id_merge,
R,CLAMP,CLAMP,0
A,6709
S,0,6715,DETECTION,src/tracking/advanced_tracker.py:_activate_slot,6715_18_1126_208_1228
S,1,6715,DETECTION,src/tracking/advanced_tracker.py:_activate_slot,6715_207_241_408_358
S,3,6715,DETECTION,src/tracking/advanced_tracker.py:_activate_slot,6715_179_165_397_276
S,4,6715,DETECTION,src/tracking/advanced_tracker.py:_activate_slot,6715_3_1042_162_1128
S,5,6715,DETECTION,src/tracking/advanced_tracker.py:_activate_slot,6715_156_310_322_441
S,6,6715,DETECTION,src/tracking/advanced_tracker.py:_activate_slot,6715_85_784_245_904
S,2,6715,PREDICTION,src/tracking/advanced_tracker.py:kalman_homography,
L,0,6715,DETECTION,src/tracking/advanced_tracker.py:_activate_slot,6715_18_1126_208_1228
R,DETECTION,DETECTION,1
L,1,6715,DETECTION,src/tracking/advanced_tracker.py:_activate_slot,6715_207_241_408_358
R,CLAMP,CLAMP,0
L,2,6715,PREDICTION,src/tracking/advanced_tracker.py:kalman_homography,
R,PREDICTION,PREDICTION,1
L,3,6715,DETECTION,src/tracking/advanced_tracker.py:_activate_slot,6715_179_165_397_276
R,CLAMP,CLAMP,0
L,4,6715,DETECTION,src/tracking/advanced_tracker.py:_activate_slot,6715_3_1042_162_1128
R,DETECTION,DETECTION,1
L,5,6715,DETECTION,src/tracking/advanced_tracker.py:_activate_slot,6715_156_310_322_441
R,CLAMP,CLAMP,0
L,6,6715,DETECTION,src/tracking/advanced_tracker.py:_activate_slot,6715_85_784_245_904
R,CLAMP,CLAMP,0
A,6715
S,1,6721,DETECTION,src/tracking/advanced_tracker.py:_activate_slot,6721_218_214_413_378
S,2,6721,DETECTION,src/tracking/advanced_tracker.py:_activate_slot,6721_7_1088_199_1192
S,3,6721,DETECTION,src/tracking/advanced_tracker.py:_activate_slot,6721_24_1094_221_1236
S,4,6721,DETECTION,src/tracking/advanced_tracker.py:_activate_slot,6721_2_1003_155_1089
S,5,6721,DETECTION,src/tracking/advanced_tracker.py:_activate_slot,6721_152_326_299_430
S,6,6721,DETECTION,src/tracking/advanced_tracker.py:_activate_slot,6721_84_758_247_896
S,8,6721,DETECTION,src/tracking/advanced_tracker.py:_activate_slot,6721_587_304_674_408
S,0,6721,PREDICTION,src/tracking/advanced_tracker.py:kalman_homography,
D,0,6721
S,2,6721,PREDICTION,src/tracking/advanced_tracker.py:id_merge,
D,2,6721
S,3,6721,PREDICTION,src/tracking/advanced_tracker.py:id_merge,
L,1,6721,DETECTION,src/tracking/advanced_tracker.py:_activate_slot,6721_218_214_413_378
R,CLAMP,CLAMP,0
L,3,6721,PREDICTION,src/tracking/advanced_tracker.py:id_merge,
R,PREDICTION,PREDICTION,1
L,4,6721,DETECTION,src/tracking/advanced_tracker.py:_activate_slot,6721_2_1003_155_1089
R,DETECTION,DETECTION,1
L,5,6721,DETECTION,src/tracking/advanced_tracker.py:_activate_slot,6721_152_326_299_430
R,CLAMP,CLAMP,0
L,6,6721,DETECTION,src/tracking/advanced_tracker.py:_activate_slot,6721_84_758_247_896
R,CLAMP,CLAMP,0
L,8,6721,DETECTION,src/tracking/advanced_tracker.py:_activate_slot,6721_587_304_674_408
R,CLAMP,CLAMP,0
A,6721
S,0,6727,DETECTION,src/tracking/advanced_tracker.py:_activate_slot,6727_21_1120_203_1230
S,1,6727,DETECTION,src/tracking/advanced_tracker.py:_activate_slot,6727_221_195_414_349
S,2,6727,DETECTION,src/tracking/advanced_tracker.py:_activate_slot,6727_1_968_154_1049
S,3,6727,DETECTION,src/tracking/advanced_tracker.py:_activate_slot,6727_201_103_396_188
S,4,6727,DETECTION,src/tracking/advanced_tracker.py:_activate_slot,6727_6_1049_158_1151
S,5,6727,DETECTION,src/tracking/advanced_tracker.py:_activate_slot,6727_141_318_289_424
S,6,6727,DETECTION,src/tracking/advanced_tracker.py:_activate_slot,6727_95_741_253_881
S,7,6727,DETECTION,src/tracking/advanced_tracker.py:_activate_slot,6727_113_778_255_882
D,2,6727
S,4,6727,PREDICTION,src/tracking/advanced_tracker.py:id_merge,
D,6,6727
S,7,6727,PREDICTION,src/tracking/advanced_tracker.py:id_merge,
L,0,6727,DETECTION,src/tracking/advanced_tracker.py:_activate_slot,6727_21_1120_203_1230
R,DETECTION,DETECTION,1
L,1,6727,DETECTION,src/tracking/advanced_tracker.py:_activate_slot,6727_221_195_414_349
R,CLAMP,CLAMP,0
L,3,6727,DETECTION,src/tracking/advanced_tracker.py:_activate_slot,6727_201_103_396_188
R,CLAMP,CLAMP,0
L,4,6727,PREDICTION,src/tracking/advanced_tracker.py:id_merge,
R,PREDICTION,PREDICTION,1
L,5,6727,DETECTION,src/tracking/advanced_tracker.py:_activate_slot,6727_141_318_289_424
R,CLAMP,CLAMP,0
L,7,6727,PREDICTION,src/tracking/advanced_tracker.py:id_merge,
R,CLAMP,CLAMP,0
A,6727
S,1,6733,DETECTION,src/tracking/advanced_tracker.py:_activate_slot,6733_154_125_343_219
S,3,6733,DETECTION,src/tracking/advanced_tracker.py:_activate_slot,6733_199_69_396_172
S,2,6733,DETECTION,src/tracking/advanced_tracker.py:_activate_slot,6733_5_1007_165_1105
S,5,6733,DETECTION,src/tracking/advanced_tracker.py:_activate_slot,6733_134_288_294_416
S,6,6733,DETECTION,src/tracking/advanced_tracker.py:_activate_slot,6733_103_749_252_887
S,4,6733,PREDICTION,src/tracking/advanced_tracker.py:kalman_homography,
S,7,6733,PREDICTION,src/tracking/advanced_tracker.py:kalman_homography,
S,0,6733,PREDICTION,src/tracking/advanced_tracker.py:flow_gapfill_batched,
S,8,6733,PREDICTION,src/tracking/advanced_tracker.py:flow_gapfill_batched,
D,0,6733
S,2,6733,PREDICTION,src/tracking/advanced_tracker.py:id_merge,
D,4,6733
S,2,6733,PREDICTION,src/tracking/advanced_tracker.py:id_merge,
D,7,6733
S,6,6733,PREDICTION,src/tracking/advanced_tracker.py:id_merge,
L,1,6733,DETECTION,src/tracking/advanced_tracker.py:_activate_slot,6733_154_125_343_219
R,CLAMP,CLAMP,0
L,2,6733,PREDICTION,src/tracking/advanced_tracker.py:id_merge,
R,PREDICTION,PREDICTION,1
L,3,6733,DETECTION,src/tracking/advanced_tracker.py:_activate_slot,6733_199_69_396_172
R,CLAMP,CLAMP,0
L,5,6733,DETECTION,src/tracking/advanced_tracker.py:_activate_slot,6733_134_288_294_416
R,CLAMP,CLAMP,0
L,6,6733,PREDICTION,src/tracking/advanced_tracker.py:id_merge,
R,CLAMP,CLAMP,0
L,8,6733,PREDICTION,src/tracking/advanced_tracker.py:flow_gapfill_batched,
R,CLAMP,CLAMP,0
A,6733
S,0,6739,CLAMP,src/tracking/advanced_tracker.py:_activate_slot,6739_30_273_213_373
S,1,6739,DETECTION,src/tracking/advanced_tracker.py:_activate_slot,6739_148_53_396_206
S,2,6739,DETECTION,src/tracking/advanced_tracker.py:_activate_slot,6739_31_1093_234_1207
S,3,6739,DETECTION,src/tracking/advanced_tracker.py:_activate_slot,6739_200_33_398_164
S,5,6739,DETECTION,src/tracking/advanced_tracker.py:_activate_slot,6739_134_290_299_409
S,6,6739,DETECTION,src/tracking/advanced_tracker.py:_activate_slot,6739_101_721_250_865
S,7,6739,PREDICTION,src/tracking/advanced_tracker.py:kalman_homography,
S,4,6739,PREDICTION,src/tracking/advanced_tracker.py:flow_gapfill_batched,
D,0,6739
S,2,6739,PREDICTION,src/tracking/advanced_tracker.py:id_merge,
D,1,6739
S,3,6739,PREDICTION,src/tracking/advanced_tracker.py:id_merge,
L,2,6739,PREDICTION,src/tracking/advanced_tracker.py:id_merge,
R,PREDICTION,PREDICTION,1
L,3,6739,PREDICTION,src/tracking/advanced_tracker.py:id_merge,
R,CLAMP,CLAMP,0
L,4,6739,PREDICTION,src/tracking/advanced_tracker.py:flow_gapfill_batched,
R,PREDICTION,PREDICTION,1
L,5,6739,DETECTION,src/tracking/advanced_tracker.py:_activate_slot,6739_134_290_299_409
R,CLAMP,CLAMP,0
L,6,6739,DETECTION,src/tracking/advanced_tracker.py:_activate_slot,6739_101_721_250_865
R,CLAMP,CLAMP,0
L,7,6739,PREDICTION,src/tracking/advanced_tracker.py:kalman_homography,
R,CLAMP,CLAMP,0
A,6739
S,0,6745,CLAMP,src/tracking/advanced_tracker.py:_activate_slot,6745_24_240_208_375
S,1,6745,DETECTION,src/tracking/advanced_tracker.py:_activate_slot,6745_142_68_332_187
S,2,6745,DETECTION,src/tracking/advanced_tracker.py:_activate_slot,6745_21_1069_221_1199
S,3,6745,DETECTION,src/tracking/advanced_tracker.py:_activate_slot,6745_199_5_396_138
S,4,6745,DETECTION,src/tracking/advanced_tracker.py:_activate_slot,6745_5_921_153_1021
S,5,6745,DETECTION,src/tracking/advanced_tracker.py:_activate_slot,6745_138_297_287_399
S,8,6745,DETECTION,src/tracking/advanced_tracker.py:_activate_slot,6745_229_191_404_365
S,9,6745,DETECTION,src/tracking/advanced_tracker.py:_activate_slot,6745_138_189_404_401
S,6,6745,PREDICTION,src/tracking/advanced_tracker.py:kalman_homography,
S,7,6745,PREDICTION,src/tracking/advanced_tracker.py:kalman_homography,
D,0,6745
S,2,6745,PREDICTION,src/tracking/advanced_tracker.py:id_merge,
D,7,6745
S,6,6745,PREDICTION,src/tracking/advanced_tracker.py:id_merge,
D,8,6745
S,9,6745,PREDICTION,src/tracking/advanced_tracker.py:id_merge,
L,1,6745,DETECTION,src/tracking/advanced_tracker.py:_activate_slot,6745_142_68_332_187
R,CLAMP,CLAMP,0
L,2,6745,PREDICTION,src/tracking/advanced_tracker.py:id_merge,
R,PREDICTION,PREDICTION,1
L,3,6745,DETECTION,src/tracking/advanced_tracker.py:_activate_slot,6745_199_5_396_138
R,CLAMP,CLAMP,0
L,4,6745,DETECTION,src/tracking/advanced_tracker.py:_activate_slot,6745_5_921_153_1021
R,DETECTION,DETECTION,1
L,5,6745,DETECTION,src/tracking/advanced_tracker.py:_activate_slot,6745_138_297_287_399
R,CLAMP,CLAMP,0
L,6,6745,PREDICTION,src/tracking/advanced_tracker.py:id_merge,
R,CLAMP,CLAMP,0
L,9,6745,PREDICTION,src/tracking/advanced_tracker.py:id_merge,
R,CLAMP,CLAMP,0
A,6745
S,0,6751,DETECTION,src/tracking/advanced_tracker.py:_activate_slot,6751_55_230_207_349
S,1,6751,DETECTION,src/tracking/advanced_tracker.py:_activate_slot,6751_149_45_320_165
S,2,6751,DETECTION,src/tracking/advanced_tracker.py:_activate_slot,6751_26_1043_212_1205
S,3,6751,DETECTION,src/tracking/advanced_tracker.py:_activate_slot,6751_194_-15_395_102
S,4,6751,DETECTION,src/tracking/advanced_tracker.py:_activate_slot,6751_5_880_141_976
S,5,6751,DETECTION,src/tracking/advanced_tracker.py:_activate_slot,6751_132_286_281_401
S,7,6751,PREDICTION,src/tracking/advanced_tracker.py:kalman_homography,
S,8,6751,PREDICTION,src/tracking/advanced_tracker.py:kalman_homography,
S,9,6751,PREDICTION,src/tracking/advanced_tracker.py:kalman_homography,
S,6,6751,PREDICTION,src/tracking/advanced_tracker.py:flow_gapfill_batched,
D,7,6751
S,6,6751,PREDICTION,src/tracking/advanced_tracker.py:id_merge,
L,0,6751,DETECTION,src/tracking/advanced_tracker.py:_activate_slot,6751_55_230_207_349
R,CLAMP,CLAMP,0
L,1,6751,DETECTION,src/tracking/advanced_tracker.py:_activate_slot,6751_149_45_320_165
R,CLAMP,CLAMP,0
L,2,6751,DETECTION,src/tracking/advanced_tracker.py:_activate_slot,6751_26_1043_212_1205
R,DETECTION,DETECTION,1
L,3,6751,DETECTION,src/tracking/advanced_tracker.py:_activate_slot,6751_194_-15_395_102
R,CLAMP,CLAMP,0
L,4,6751,DETECTION,src/tracking/advanced_tracker.py:_activate_slot,6751_5_880_141_976
R,DETECTION,DETECTION,1
L,5,6751,DETECTION,src/tracking/advanced_tracker.py:_activate_slot,6751_132_286_281_401
R,CLAMP,CLAMP,0
L,6,6751,PREDICTION,src/tracking/advanced_tracker.py:id_merge,
R,CLAMP,CLAMP,0
L,8,6751,PREDICTION,src/tracking/advanced_tracker.py:kalman_homography,
R,CLAMP,CLAMP,0
L,9,6751,PREDICTION,src/tracking/advanced_tracker.py:kalman_homography,
R,CLAMP,CLAMP,0
A,6751
S,0,6757,CLAMP,src/tracking/advanced_tracker.py:_activate_slot,6757_235_239_404_378
S,1,6757,DETECTION,src/tracking/advanced_tracker.py:_activate_slot,6757_149_36_298_134
S,2,6757,DETECTION,src/tracking/advanced_tracker.py:_activate_slot,6757_28_1101_209_1187
S,3,6757,DETECTION,src/tracking/advanced_tracker.py:_activate_slot,6757_195_-15_396_75
S,4,6757,DETECTION,src/tracking/advanced_tracker.py:_activate_slot,6757_3_838_138_929
S,5,6757,DETECTION,src/tracking/advanced_tracker.py:_activate_slot,6757_127_249_289_382
S,7,6757,PREDICTION,src/tracking/advanced_tracker.py:kalman_homography,
S,8,6757,PREDICTION,src/tracking/advanced_tracker.py:kalman_homography,
S,9,6757,PREDICTION,src/tracking/advanced_tracker.py:kalman_homography,
L,0,6757,CLAMP,src/tracking/advanced_tracker.py:_activate_slot,6757_235_239_404_378
R,CLAMP,CLAMP,0
L,1,6757,DETECTION,src/tracking/advanced_tracker.py:_activate_slot,6757_149_36_298_134
R,CLAMP,CLAMP,0
L,2,6757,DETECTION,src/tracking/advanced_tracker.py:_activate_slot,6757_28_1101_209_1187
R,DETECTION,DETECTION,1
L,3,6757,DETECTION,src/tracking/advanced_tracker.py:_activate_slot,6757_195_-15_396_75
R,CLAMP,CLAMP,0
L,4,6757,DETECTION,src/tracking/advanced_tracker.py:_activate_slot,6757_3_838_138_929
R,DETECTION,DETECTION,1
L,5,6757,DETECTION,src/tracking/advanced_tracker.py:_activate_slot,6757_127_249_289_382
R,CLAMP,CLAMP,0
L,7,6757,PREDICTION,src/tracking/advanced_tracker.py:kalman_homography,
R,CLAMP,CLAMP,0
L,8,6757,PREDICTION,src/tracking/advanced_tracker.py:kalman_homography,
R,CLAMP,CLAMP,0
L,9,6757,PREDICTION,src/tracking/advanced_tracker.py:kalman_homography,
R,CLAMP,CLAMP,0
A,6757
S,0,6763,CLAMP,src/tracking/advanced_tracker.py:_activate_slot,6763_232_202_402_371
S,1,6763,DETECTION,src/tracking/advanced_tracker.py:_activate_slot,6763_146_25_288_129
S,2,6763,DETECTION,src/tracking/advanced_tracker.py:_activate_slot,6763_29_1065_208_1171
S,3,6763,DETECTION,src/tracking/advanced_tracker.py:_activate_slot,6763_-7_221_203_325
S,4,6763,DETECTION,src/tracking/advanced_tracker.py:_activate_slot,6763_-13_1058_61_1132
S,5,6763,DETECTION,src/tracking/advanced_tracker.py:_activate_slot,6763_124_223_302_373
S,9,6763,DETECTION,src/tracking/advanced_tracker.py:_activate_slot,6763_125_204_400_376
S,7,6763,PREDICTION,src/tracking/advanced_tracker.py:kalman_homography,
S,8,6763,PREDICTION,src/tracking/advanced_tracker.py:kalman_homography,
S,6,6763,PREDICTION,src/tracking/advanced_tracker.py:flow_gapfill_batched,
D,0,6763
S,3,6763,PREDICTION,src/tracking/advanced_tracker.py:id_merge,
D,7,6763
S,6,6763,PREDICTION,src/tracking/advanced_tracker.py:id_merge,
L,1,6763,DETECTION,src/tracking/advanced_tracker.py:_activate_slot,6763_146_25_288_129
R,CLAMP,CLAMP,0
L,2,6763,DETECTION,src/tracking/advanced_tracker.py:_activate_slot,6763_29_1065_208_1171
R,DETECTION,DETECTION,1
L,3,6763,PREDICTION,src/tracking/advanced_tracker.py:id_merge,
R,CLAMP,CLAMP,0
L,4,6763,DETECTION,src/tracking/advanced_tracker.py:_activate_slot,6763_-13_1058_61_1132
R,DETECTION,DETECTION,1
L,5,6763,DETECTION,src/tracking/advanced_tracker.py:_activate_slot,6763_124_223_302_373
R,CLAMP,CLAMP,0
L,6,6763,PREDICTION,src/tracking/advanced_tracker.py:id_merge,
R,PREDICTION,PREDICTION,1
L,8,6763,PREDICTION,src/tracking/advanced_tracker.py:kalman_homography,
R,CLAMP,CLAMP,0
L,9,6763,DETECTION,src/tracking/advanced_tracker.py:_activate_slot,6763_125_204_400_376
R,CLAMP,CLAMP,0
A,6763
S,0,6769,CLAMP,src/tracking/advanced_tracker.py:_activate_slot,6769_225_233_410_378
S,1,6769,DETECTION,src/tracking/advanced_tracker.py:_activate_slot,6769_53_198_198_312
S,2,6769,DETECTION,src/tracking/advanced_tracker.py:_activate_slot,6769_18_1040_199_1170
S,4,6769,DETECTION,src/tracking/advanced_tracker.py:_activate_slot,6769_-14_1009_59_1085
S,5,6769,DETECTION,src/tracking/advanced_tracker.py:_activate_slot,6769_129_231_275_362
S,6,6769,DETECTION,src/tracking/advanced_tracker.py:_activate_slot,6769_137_-3_277_106
S,9,6769,DETECTION,src/tracking/advanced_tracker.py:_activate_slot,6769_225_167_410_376
S,3,6769,PREDICTION,src/tracking/advanced_tracker.py:kalman_homography,
S,7,6769,PREDICTION,src/tracking/advanced_tracker.py:kalman_homography,
S,8,6769,PREDICTION,src/tracking/advanced_tracker.py:flow_gapfill_batched,
D,0,6769
S,1,6769,PREDICTION,src/tracking/advanced_tracker.py:id_merge,
D,3,6769
S,1,6769,PREDICTION,src/tracking/advanced_tracker.py:id_merge,
D,8,6769
S,9,6769,PREDICTION,src/tracking/advanced_tracker.py:id_merge,
L,1,6769,PREDICTION,src/tracking/advanced_tracker.py:id_merge,
R,CLAMP,CLAMP,0
L,2,6769,DETECTION,src/tracking/advanced_tracker.py:_activate_slot,6769_18_1040_199_1170
R,DETECTION,DETECTION,1
L,4,6769,DETECTION,src/tracking/advanced_tracker.py:_activate_slot,6769_-14_1009_59_1085
R,DETECTION,DETECTION,1
L,5,6769,DETECTION,src/tracking/advanced_tracker.py:_activate_slot,6769_129_231_275_362
R,CLAMP,CLAMP,0
L,6,6769,DETECTION,src/tracking/advanced_tracker.py:_activate_slot,6769_137_-3_277_106
R,CLAMP,CLAMP,0
L,7,6769,PREDICTION,src/tracking/advanced_tracker.py:kalman_homography,
R,CLAMP,CLAMP,0
L,9,6769,PREDICTION,src/tracking/advanced_tracker.py:id_merge,
R,CLAMP,CLAMP,0
A,6769
S,0,6775,CLAMP,src/tracking/advanced_tracker.py:_activate_slot,6775_226_253_403_373
S,1,6775,DETECTION,src/tracking/advanced_tracker.py:_activate_slot,6775_-14_195_193_293
S,2,6775,DETECTION,src/tracking/advanced_tracker.py:_activate_slot,6775_7_1008_200_1167
S,5,6775,DETECTION,src/tracking/advanced_tracker.py:_activate_slot,6775_114_247_280_350
S,9,6775,DETECTION,src/tracking/advanced_tracker.py:_activate_slot,6775_132_-13_302_76
S,4,6775,PREDICTION,src/tracking/advanced_tracker.py:kalman_homography,
S,3,6775,PREDICTION,src/tracking/advanced_tracker.py:flow_gapfill_batched,
S,6,6775,PREDICTION,src/tracking/advanced_tracker.py:flow_gapfill_batched,
S,7,6775,PREDICTION,src/tracking/advanced_tracker.py:flow_gapfill_batched,
S,8,6775,PREDICTION,src/tracking/advanced_tracker.py:flow_gapfill_batched,
D,3,6775
S,0,6775,PREDICTION,src/tracking/advanced_tracker.py:id_merge,
L,0,6775,PREDICTION,src/tracking/advanced_tracker.py:id_merge,
R,CLAMP,CLAMP,0
L,1,6775,DETECTION,src/tracking/advanced_tracker.py:_activate_slot,6775_-14_195_193_293
R,CLAMP,CLAMP,0
L,2,6775,DETECTION,src/tracking/advanced_tracker.py:_activate_slot,6775_7_1008_200_1167
R,DETECTION,DETECTION,1
L,4,6775,PREDICTION,src/tracking/advanced_tracker.py:kalman_homography,
R,PREDICTION,PREDICTION,1
L,5,6775,DETECTION,src/tracking/advanced_tracker.py:_activate_slot,6775_114_247_280_350
R,CLAMP,CLAMP,0
L,6,6775,PREDICTION,src/tracking/advanced_tracker.py:flow_gapfill_batched,
R,CLAMP,CLAMP,0
L,7,6775,PREDICTION,src/tracking/advanced_tracker.py:flow_gapfill_batched,
R,CLAMP,CLAMP,0
L,8,6775,PREDICTION,src/tracking/advanced_tracker.py:flow_gapfill_batched,
R,CLAMP,CLAMP,0
L,9,6775,DETECTION,src/tracking/advanced_tracker.py:_activate_slot,6775_132_-13_302_76
R,CLAMP,CLAMP,0
A,6775
S,1,6781,DETECTION,src/tracking/advanced_tracker.py:_activate_slot,6781_12_187_186_282
S,2,6781,DETECTION,src/tracking/advanced_tracker.py:_activate_slot,6781_9_1059_184_1141
S,3,6781,DETECTION,src/tracking/advanced_tracker.py:_activate_slot,6781_52_295_226_381
S,5,6781,DETECTION,src/tracking/advanced_tracker.py:_activate_slot,6781_100_221_269_336
S,6,6781,DETECTION,src/tracking/advanced_tracker.py:_activate_slot,6781_213_243_392_385
S,9,6781,DETECTION,src/tracking/advanced_tracker.py:_activate_slot,6781_134_-15_301_51
S,0,6781,PREDICTION,src/tracking/advanced_tracker.py:kalman_homography,
S,4,6781,PREDICTION,src/tracking/advanced_tracker.py:kalman_homography,
S,8,6781,PREDICTION,src/tracking/advanced_tracker.py:flow_gapfill_batched,
D,8,6781
S,6,6781,PREDICTION,src/tracking/advanced_tracker.py:id_merge,
L,0,6781,PREDICTION,src/tracking/advanced_tracker.py:kalman_homography,
R,CLAMP,CLAMP,0
L,1,6781,DETECTION,src/tracking/advanced_tracker.py:_activate_slot,6781_12_187_186_282
R,CLAMP,CLAMP,0
L,2,6781,DETECTION,src/tracking/advanced_tracker.py:_activate_slot,6781_9_1059_184_1141
R,DETECTION,DETECTION,1
L,3,6781,DETECTION,src/tracking/advanced_tracker.py:_activate_slot,6781_52_295_226_381
R,CLAMP,CLAMP,0
L,4,6781,PREDICTION,src/tracking/advanced_tracker.py:kalman_homography,
R,PREDICTION,PREDICTION,1
L,5,6781,DETECTION,src/tracking/advanced_tracker.py:_activate_slot,6781_100_221_269_336
R,CLAMP,CLAMP,0
L,6,6781,PREDICTION,src/tracking/advanced_tracker.py:id_merge,
R,CLAMP,CLAMP,0
L,9,6781,DETECTION,src/tracking/advanced_tracker.py:_activate_slot,6781_134_-15_301_51
R,CLAMP,CLAMP,0
A,6781
S,1,6787,DETECTION,src/tracking/advanced_tracker.py:_activate_slot,6787_-4_154_178_278
S,2,6787,DETECTION,src/tracking/advanced_tracker.py:_activate_slot,6787_-4_1020_179_1116
S,3,6787,DETECTION,src/tracking/advanced_tracker.py:_activate_slot,6787_38_277_211_363
S,5,6787,DETECTION,src/tracking/advanced_tracker.py:_activate_slot,6787_91_187_262_323
S,6,6787,DETECTION,src/tracking/advanced_tracker.py:_activate_slot,6787_201_284_386_398
S,7,6787,DETECTION,src/tracking/advanced_tracker.py:_activate_slot,6787_122_-15_258_45
S,0,6787,PREDICTION,src/tracking/advanced_tracker.py:kalman_homography,
S,4,6787,PREDICTION,src/tracking/advanced_tracker.py:kalman_homography,
S,8,6787,PREDICTION,src/tracking/advanced_tracker.py:flow_gapfill_batched,
S,9,6787,PREDICTION,src/tracking/advanced_tracker.py:flow_gapfill_batched,
L,0,6787,PREDICTION,src/tracking/advanced_tracker.py:kalman_homography,
R,CLAMP,CLAMP,0
L,1,6787,DETECTION,src/tracking/advanced_tracker.py:_activate_slot,6787_-4_154_178_278
R,CLAMP,CLAMP,0
L,2,6787,DETECTION,src/tracking/advanced_tracker.py:_activate_slot,6787_-4_1020_179_1116
R,DETECTION,DETECTION,1
L,3,6787,DETECTION,src/tracking/advanced_tracker.py:_activate_slot,6787_38_277_211_363
R,CLAMP,CLAMP,0
L,4,6787,PREDICTION,src/tracking/advanced_tracker.py:kalman_homography,
R,PREDICTION,PREDICTION,1
L,5,6787,DETECTION,src/tracking/advanced_tracker.py:_activate_slot,6787_91_187_262_323
R,CLAMP,CLAMP,0
L,6,6787,DETECTION,src/tracking/advanced_tracker.py:_activate_slot,6787_201_284_386_398
R,CLAMP,CLAMP,0
L,7,6787,DETECTION,src/tracking/advanced_tracker.py:_activate_slot,6787_122_-15_258_45
R,CLAMP,CLAMP,0
L,8,6787,PREDICTION,src/tracking/advanced_tracker.py:flow_gapfill_batched,
R,CLAMP,CLAMP,0
L,9,6787,PREDICTION,src/tracking/advanced_tracker.py:flow_gapfill_batched,
R,CLAMP,CLAMP,0
A,6787
S,1,6793,DETECTION,src/tracking/advanced_tracker.py:_activate_slot,6793_-5_128_164_259
S,2,6793,DETECTION,src/tracking/advanced_tracker.py:_activate_slot,6793_-13_984_174_1102
S,4,6793,DETECTION,src/tracking/advanced_tracker.py:_activate_slot,6793_588_79_674_178
S,6,6793,DETECTION,src/tracking/advanced_tracker.py:_activate_slot,6793_200_257_380_391
S,5,6793,DETECTION,src/tracking/advanced_tracker.py:_activate_slot,6793_87_183_271_325
S,0,6793,PREDICTION,src/tracking/advanced_tracker.py:kalman_homography,
S,3,6793,PREDICTION,src/tracking/advanced_tracker.py:flow_gapfill_batched,
S,7,6793,PREDICTION,src/tracking/advanced_tracker.py:flow_gapfill_batched,
S,8,6793,PREDICTION,src/tracking/advanced_tracker.py:flow_gapfill_batched,
S,9,6793,PREDICTION,src/tracking/advanced_tracker.py:flow_gapfill_batched,
L,0,6793,PREDICTION,src/tracking/advanced_tracker.py:kalman_homography,
R,CLAMP,CLAMP,0
L,1,6793,DETECTION,src/tracking/advanced_tracker.py:_activate_slot,6793_-5_128_164_259
R,CLAMP,CLAMP,0
L,2,6793,DETECTION,src/tracking/advanced_tracker.py:_activate_slot,6793_-13_984_174_1102
R,DETECTION,DETECTION,1
L,3,6793,PREDICTION,src/tracking/advanced_tracker.py:flow_gapfill_batched,
R,CLAMP,CLAMP,0
L,4,6793,DETECTION,src/tracking/advanced_tracker.py:_activate_slot,6793_588_79_674_178
R,CLAMP,CLAMP,0
L,5,6793,DETECTION,src/tracking/advanced_tracker.py:_activate_slot,6793_87_183_271_325
R,CLAMP,CLAMP,0
L,6,6793,DETECTION,src/tracking/advanced_tracker.py:_activate_slot,6793_200_257_380_391
R,CLAMP,CLAMP,0
L,7,6793,PREDICTION,src/tracking/advanced_tracker.py:flow_gapfill_batched,
R,CLAMP,CLAMP,0
L,8,6793,PREDICTION,src/tracking/advanced_tracker.py:flow_gapfill_batched,
R,CLAMP,CLAMP,0
L,9,6793,PREDICTION,src/tracking/advanced_tracker.py:flow_gapfill_batched,
R,CLAMP,CLAMP,0
A,6793
S,1,6799,DETECTION,src/tracking/advanced_tracker.py:_activate_slot,6799_-8_133_160_235
S,2,6799,DETECTION,src/tracking/advanced_tracker.py:_activate_slot,6799_-12_956_170_1103
S,6,6799,DETECTION,src/tracking/advanced_tracker.py:_activate_slot,6799_193_283_373_389
S,5,6799,DETECTION,src/tracking/advanced_tracker.py:_activate_slot,6799_93_193_267_313
S,0,6799,PREDICTION,src/tracking/advanced_tracker.py:kalman_homography,
S,9,6799,PREDICTION,src/tracking/advanced_tracker.py:flow_gapfill_batched,
L,0,6799,PREDICTION,src/tracking/advanced_tracker.py:kalman_homography,
R,CLAMP,CLAMP,0
L,1,6799,DETECTION,src/tracking/advanced_tracker.py:_activate_slot,6799_-8_133_160_235
R,CLAMP,CLAMP,0
L,2,6799,DETECTION,src/tracking/advanced_tracker.py:_activate_slot,6799_-12_956_170_1103
R,DETECTION,DETECTION,1
L,5,6799,DETECTION,src/tracking/advanced_tracker.py:_activate_slot,6799_93_193_267_313
R,CLAMP,CLAMP,0
L,6,6799,DETECTION,src/tracking/advanced_tracker.py:_activate_slot,6799_193_283_373_389
R,CLAMP,CLAMP,0
L,9,6799,PREDICTION,src/tracking/advanced_tracker.py:flow_gapfill_batched,
R,CLAMP,CLAMP,0
A,6799
S,1,6805,DETECTION,src/tracking/advanced_tracker.py:_activate_slot,6805_-4_118_164_217
S,2,6805,DETECTION,src/tracking/advanced_tracker.py:_activate_slot,6805_-13_985_162_1107
S,4,6805,DETECTION,src/tracking/advanced_tracker.py:_activate_slot,6805_566_3_674_121
S,5,6805,DETECTION,src/tracking/advanced_tracker.py:_activate_slot,6805_28_167_267_293
S,6,6805,DETECTION,src/tracking/advanced_tracker.py:_activate_slot,6805_189_264_374_399
S,0,6805,PREDICTION,src/tracking/advanced_tracker.py:kalman_homography,
S,3,6805,PREDICTION,src/tracking/advanced_tracker.py:flow_gapfill_batched,
L,0,6805,PREDICTION,src/tracking/advanced_tracker.py:kalman_homography,
R,CLAMP,CLAMP,0
L,1,6805,DETECTION,src/tracking/advanced_tracker.py:_activate_slot,6805_-4_118_164_217
R,CLAMP,CLAMP,0
L,2,6805,DETECTION,src/tracking/advanced_tracker.py:_activate_slot,6805_-13_985_162_1107
R,DETECTION,DETECTION,1
L,3,6805,PREDICTION,src/tracking/advanced_tracker.py:flow_gapfill_batched,
R,CLAMP,CLAMP,0
L,4,6805,DETECTION,src/tracking/advanced_tracker.py:_activate_slot,6805_566_3_674_121
R,CLAMP,CLAMP,0
L,5,6805,DETECTION,src/tracking/advanced_tracker.py:_activate_slot,6805_28_167_267_293
R,CLAMP,CLAMP,0
L,6,6805,DETECTION,src/tracking/advanced_tracker.py:_activate_slot,6805_189_264_374_399
R,CLAMP,CLAMP,0
A,6805
S,0,6811,DETECTION,src/tracking/advanced_tracker.py:_activate_slot,6811_-13_1209_150_1295
S,1,6811,DETECTION,src/tracking/advanced_tracker.py:_activate_slot,6811_-12_90_163_216
S,2,6811,DETECTION,src/tracking/advanced_tracker.py:_activate_slot,6811_-15_948_166_1056
S,3,6811,CLAMP,src/tracking/advanced_tracker.py:_activate_slot,6811_-14_1115_114_1255
S,4,6811,DETECTION,src/tracking/advanced_tracker.py:_activate_slot,6811_570_-15_674_74
S,5,6811,DETECTION,src/tracking/advanced_tracker.py:_activate_slot,6811_32_143_273_289
S,6,6811,DETECTION,src/tracking/advanced_tracker.py:_activate_slot,6811_195_276_377_414
S,7,6811,PREDICTION,src/tracking/advanced_tracker.py:flow_gapfill_batched,
S,9,6811,PREDICTION,src/tracking/advanced_tracker.py:flow_gapfill_batched,
D,0,6811
S,2,6811,PREDICTION,src/tracking/advanced_tracker.py:id_merge,
D,9,6811
S,7,6811,PREDICTION,src/tracking/advanced_tracker.py:id_merge,
L,1,6811,DETECTION,src/tracking/advanced_tracker.py:_activate_slot,6811_-12_90_163_216
R,CLAMP,CLAMP,0
L,2,6811,PREDICTION,src/tracking/advanced_tracker.py:id_merge,
R,PREDICTION,PREDICTION,1
L,3,6811,CLAMP,src/tracking/advanced_tracker.py:_activate_slot,6811_-14_1115_114_1255
R,CLAMP,CLAMP,0
L,4,6811,DETECTION,src/tracking/advanced_tracker.py:_activate_slot,6811_570_-15_674_74
R,CLAMP,CLAMP,0
L,5,6811,DETECTION,src/tracking/advanced_tracker.py:_activate_slot,6811_32_143_273_289
R,CLAMP,CLAMP,0
L,6,6811,DETECTION,src/tracking/advanced_tracker.py:_activate_slot,6811_195_276_377_414
R,CLAMP,CLAMP,0
L,7,6811,PREDICTION,src/tracking/advanced_tracker.py:id_merge,
R,CLAMP,CLAMP,0
A,6811
S,0,6817,DETECTION,src/tracking/advanced_tracker.py:_activate_slot,6817_-11_1166_151_1294
S,1,6817,DETECTION,src/tracking/advanced_tracker.py:_activate_slot,6817_-3_90_194_196
S,2,6817,DETECTION,src/tracking/advanced_tracker.py:_activate_slot,6817_-15_915_173_1031
S,3,6817,CLAMP,src/tracking/advanced_tracker.py:_activate_slot,6817_-14_1065_118_1203
S,5,6817,DETECTION,src/tracking/advanced_tracker.py:_activate_slot,6817_71_140_276_264
S,6,6817,DETECTION,src/tracking/advanced_tracker.py:_activate_slot,6817_205_313_385_410
S,7,6817,PREDICTION,src/tracking/advanced_tracker.py:flow_gapfill_batched,
S,9,6817,PREDICTION,src/tracking/advanced_tracker.py:flow_gapfill_batched,
D,9,6817
S,7,6817,PREDICTION,src/tracking/advanced_tracker.py:id_merge,
L,0,6817,DETECTION,src/tracking/advanced_tracker.py:_activate_slot,6817_-11_1166_151_1294
R,DETECTION,DETECTION,1
L,1,6817,DETECTION,src/tracking/advanced_tracker.py:_activate_slot,6817_-3_90_194_196
R,CLAMP,CLAMP,0
L,2,6817,DETECTION,src/tracking/advanced_tracker.py:_activate_slot,6817_-15_915_173_1031
R,DETECTION,DETECTION,1
L,3,6817,CLAMP,src/tracking/advanced_tracker.py:_activate_slot,6817_-14_1065_118_1203
R,CLAMP,CLAMP,0
L,5,6817,DETECTION,src/tracking/advanced_tracker.py:_activate_slot,6817_71_140_276_264
R,CLAMP,CLAMP,0
L,6,6817,DETECTION,src/tracking/advanced_tracker.py:_activate_slot,6817_205_313_385_410
R,CLAMP,CLAMP,0
L,7,6817,PREDICTION,src/tracking/advanced_tracker.py:id_merge,
R,CLAMP,CLAMP,0
A,6817
S,0,6823,DETECTION,src/tracking/advanced_tracker.py:_activate_slot,6823_-14_1135_151_1269
S,1,6823,DETECTION,src/tracking/advanced_tracker.py:_activate_slot,6823_4_105_173_189
S,2,6823,DETECTION,src/tracking/advanced_tracker.py:_activate_slot,6823_-11_903_172_1051
S,3,6823,CLAMP,src/tracking/advanced_tracker.py:_activate_slot,6823_-15_1051_119_1201
S,4,6823,DETECTION,src/tracking/advanced_tracker.py:_activate_slot,6823_-15_887_156_965
S,5,6823,DETECTION,src/tracking/advanced_tracker.py:_activate_slot,6823_202_308_383_429
S,6,6823,PREDICTION,src/tracking/advanced_tracker.py:kalman_homography,
S,7,6823,PREDICTION,src/tracking/advanced_tracker.py:flow_gapfill_batched,
S,9,6823,PREDICTION,src/tracking/advanced_tracker.py:flow_gapfill_batched,
D,0,6823
S,2,6823,PREDICTION,src/tracking/advanced_tracker.py:id_merge,
D,2,6823
S,4,6823,PREDICTION,src/tracking/advanced_tracker.py:id_merge,
D,9,6823
S,7,6823,PREDICTION,src/tracking/advanced_tracker.py:id_merge,
L,1,6823,DETECTION,src/tracking/advanced_tracker.py:_activate_slot,6823_4_105_173_189
R,CLAMP,CLAMP,0
L,3,6823,CLAMP,src/tracking/advanced_tracker.py:_activate_slot,6823_-15_1051_119_1201
R,CLAMP,CLAMP,0
L,4,6823,PREDICTION,src/tracking/advanced_tracker.py:id_merge,
R,PREDICTION,PREDICTION,1
L,5,6823,DETECTION,src/tracking/advanced_tracker.py:_activate_slot,6823_202_308_383_429
R,CLAMP,CLAMP,0
L,6,6823,PREDICTION,src/tracking/advanced_tracker.py:kalman_homography,
R,CLAMP,CLAMP,0
L,7,6823,PREDICTION,src/tracking/advanced_tracker.py:id_merge,
R,CLAMP,CLAMP,0
A,6823
S,1,6829,DETECTION,src/tracking/advanced_tracker.py:_activate_slot,6829_9_81_179_198
S,2,6829,DETECTION,src/tracking/advanced_tracker.py:_activate_slot,6829_-9_941_175_1022
S,3,6829,CLAMP,src/tracking/advanced_tracker.py:_activate_slot,6829_-14_1018_123_1116
S,4,6829,DETECTION,src/tracking/advanced_tracker.py:_activate_slot,6829_-15_846_136_926
S,0,6829,DETECTION,src/tracking/advanced_tracker.py:_activate_slot,6829_-15_1239_121_1295
S,5,6829,DETECTION,src/tracking/advanced_tracker.py:_activate_slot,6829_117_151_284_261
S,6,6829,DETECTION,src/tracking/advanced_tracker.py:_activate_slot,6829_203_306_374_448
S,8,6829,DETECTION,src/tracking/advanced_tracker.py:_activate_slot,6829_63_143_207_244
D,0,6829
S,2,6829,PREDICTION,src/tracking/advanced_tracker.py:id_merge,
L,1,6829,DETECTION,src/tracking/advanced_tracker.py:_activate_slot,6829_9_81_179_198
R,CLAMP,CLAMP,0
L,2,6829,PREDICTION,src/tracking/advanced_tracker.py:id_merge,
R,PREDICTION,PREDICTION,1
L,3,6829,CLAMP,src/tracking/advanced_tracker.py:_activate_slot,6829_-14_1018_123_1116
R,CLAMP,CLAMP,0
L,4,6829,DETECTION,src/tracking/advanced_tracker.py:_activate_slot,6829_-15_846_136_926
R,DETECTION,DETECTION,1
L,5,6829,DETECTION,src/tracking/advanced_tracker.py:_activate_slot,6829_117_151_284_261
R,CLAMP,CLAMP,0
L,6,6829,DETECTION,src/tracking/advanced_tracker.py:_activate_slot,6829_203_306_374_448
R,CLAMP,CLAMP,0
L,8,6829,DETECTION,src/tracking/advanced_tracker.py:_activate_slot,6829_63_143_207_244
R,CLAMP,CLAMP,0
A,6829
S,0,6835,DETECTION,src/tracking/advanced_tracker.py:_activate_slot,6835_-7_1141_158_1235
S,1,6835,DETECTION,src/tracking/advanced_tracker.py:_activate_slot,6835_9_73_190_200
S,2,6835,DETECTION,src/tracking/advanced_tracker.py:_activate_slot,6835_-15_907_175_1028
S,3,6835,CLAMP,src/tracking/advanced_tracker.py:_activate_slot,6835_-15_1071_122_1173
S,4,6835,DETECTION,src/tracking/advanced_tracker.py:_activate_slot,6835_551_70_674_175
S,5,6835,DETECTION,src/tracking/advanced_tracker.py:_activate_slot,6835_104_133_289_266
S,6,6835,DETECTION,src/tracking/advanced_tracker.py:_activate_slot,6835_213_366_391_457
S,8,6835,DETECTION,src/tracking/advanced_tracker.py:_activate_slot,6835_212_1201_427_1295
D,0,6835
S,2,6835,PREDICTION,src/tracking/advanced_tracker.py:id_merge,
L,1,6835,DETECTION,src/tracking/advanced_tracker.py:_activate_slot,6835_9_73_190_200
R,CLAMP,CLAMP,0
L,2,6835,PREDICTION,src/tracking/advanced_tracker.py:id_merge,
R,PREDICTION,PREDICTION,1
L,3,6835,CLAMP,src/tracking/advanced_tracker.py:_activate_slot,6835_-15_1071_122_1173
R,CLAMP,CLAMP,0
L,4,6835,DETECTION,src/tracking/advanced_tracker.py:_activate_slot,6835_551_70_674_175
R,CLAMP,CLAMP,0
L,5,6835,DETECTION,src/tracking/advanced_tracker.py:_activate_slot,6835_104_133_289_266
R,CLAMP,CLAMP,0
L,6,6835,DETECTION,src/tracking/advanced_tracker.py:_activate_slot,6835_213_366_391_457
R,CLAMP,CLAMP,0
L,8,6835,DETECTION,src/tracking/advanced_tracker.py:_activate_slot,6835_212_1201_427_1295
R,CLAMP,CLAMP,0
A,6835
S,0,6841,DETECTION,src/tracking/advanced_tracker.py:_activate_slot,6841_-11_1113_161_1215
S,1,6841,DETECTION,src/tracking/advanced_tracker.py:_activate_slot,6841_-14_938_129_1051
S,2,6841,DETECTION,src/tracking/advanced_tracker.py:_activate_slot,6841_-14_882_178_994
S,3,6841,CLAMP,src/tracking/advanced_tracker.py:_activate_slot,6841_-15_1037_121_1129
S,4,6841,DETECTION,src/tracking/advanced_tracker.py:_activate_slot,6841_550_40_674_145
S,5,6841,DETECTION,src/tracking/advanced_tracker.py:_activate_slot,6841_114_133_296_269
S,6,6841,DETECTION,src/tracking/advanced_tracker.py:_activate_slot,6841_217_374_391_470
S,8,6841,DETECTION,src/tracking/advanced_tracker.py:_activate_slot,6841_217_1177_420_1295
D,1,6841
S,2,6841,PREDICTION,src/tracking/advanced_tracker.py:id_merge,
L,0,6841,DETECTION,src/tracking/advanced_tracker.py:_activate_slot,6841_-11_1113_161_1215
R,DETECTION,DETECTION,1
L,2,6841,PREDICTION,src/tracking/advanced_tracker.py:id_merge,
R,PREDICTION,PREDICTION,1
L,3,6841,CLAMP,src/tracking/advanced_tracker.py:_activate_slot,6841_-15_1037_121_1129
R,CLAMP,CLAMP,0
L,4,6841,DETECTION,src/tracking/advanced_tracker.py:_activate_slot,6841_550_40_674_145
R,CLAMP,CLAMP,0
L,5,6841,DETECTION,src/tracking/advanced_tracker.py:_activate_slot,6841_114_133_296_269
R,CLAMP,CLAMP,0
L,6,6841,DETECTION,src/tracking/advanced_tracker.py:_activate_slot,6841_217_374_391_470
R,CLAMP,CLAMP,0
L,8,6841,DETECTION,src/tracking/advanced_tracker.py:_activate_slot,6841_217_1177_420_1295
R,CLAMP,CLAMP,0
A,6841
S,0,6847,DETECTION,src/tracking/advanced_tracker.py:_activate_slot,6847_-12_1097_165_1211
S,1,6847,DETECTION,src/tracking/advanced_tracker.py:_activate_slot,6847_-12_913_177_1005
S,2,6847,DETECTION,src/tracking/advanced_tracker.py:_activate_slot,6847_-13_869_177_1001
S,3,6847,CLAMP,src/tracking/advanced_tracker.py:_activate_slot,6847_-15_1001_124_1095
S,4,6847,DETECTION,src/tracking/advanced_tracker.py:_activate_slot,6847_550_15_675_121
S,5,6847,DETECTION,src/tracking/advanced_tracker.py:_activate_slot,6847_122_152_301_263
S,6,6847,DETECTION,src/tracking/advanced_tracker.py:_activate_slot,6847_216_368_384_490
S,8,6847,DETECTION,src/tracking/advanced_tracker.py:_activate_slot,6847_226_1205_477_1295
D,0,6847
S,1,6847,PREDICTION,src/tracking/advanced_tracker.py:id_merge,
D,1,6847
S,2,6847,PREDICTION,src/tracking/advanced_tracker.py:id_merge,
L,2,6847,PREDICTION,src/tracking/advanced_tracker.py:id_merge,
R,PREDICTION,PREDICTION,1
L,3,6847,CLAMP,src/tracking/advanced_tracker.py:_activate_slot,6847_-15_1001_124_1095
R,CLAMP,CLAMP,0
L,4,6847,DETECTION,src/tracking/advanced_tracker.py:_activate_slot,6847_550_15_675_121
R,CLAMP,CLAMP,0
L,5,6847,DETECTION,src/tracking/advanced_tracker.py:_activate_slot,6847_122_152_301_263
R,CLAMP,CLAMP,0
L,6,6847,DETECTION,src/tracking/advanced_tracker.py:_activate_slot,6847_216_368_384_490
R,CLAMP,CLAMP,0
L,8,6847,DETECTION,src/tracking/advanced_tracker.py:_activate_slot,6847_226_1205_477_1295
R,CLAMP,CLAMP,0
A,6847
S,1,6853,DETECTION,src/tracking/advanced_tracker.py:_activate_slot,6853_29_85_193_198
S,0,6853,DETECTION,src/tracking/advanced_tracker.py:_activate_slot,6853_10_1103_166_1189
S,2,6853,DETECTION,src/tracking/advanced_tracker.py:_activate_slot,6853_-12_876_174_974
S,3,6853,CLAMP,src/tracking/advanced_tracker.py:_activate_slot,6853_-15_973_123_1060
S,5,6853,DETECTION,src/tracking/advanced_tracker.py:_activate_slot,6853_122_161_303_263
S,6,6853,DETECTION,src/tracking/advanced_tracker.py:_activate_slot,6853_222_389_391_530
S,7,6853,DETECTION,src/tracking/advanced_tracker.py:_activate_slot,6853_227_1167_422_1293
S,8,6853,DETECTION,src/tracking/advanced_tracker.py:_activate_slot,6853_60_113_222_208
S,4,6853,PREDICTION,src/tracking/advanced_tracker.py:flow_gapfill_batched,
L,0,6853,DETECTION,src/tracking/advanced_tracker.py:_activate_slot,6853_10_1103_166_1189
R,DETECTION,DETECTION,1
L,1,6853,DETECTION,src/tracking/advanced_tracker.py:_activate_slot,6853_29_85_193_198
R,CLAMP,CLAMP,0
L,2,6853,DETECTION,src/tracking/advanced_tracker.py:_activate_slot,6853_-12_876_174_974
R,DETECTION,DETECTION,1
L,3,6853,CLAMP,src/tracking/advanced_tracker.py:_activate_slot,6853_-15_973_123_1060
R,CLAMP,CLAMP,0
L,4,6853,PREDICTION,src/tracking/advanced_tracker.py:flow_gapfill_batched,
R,CLAMP,CLAMP,0
L,5,6853,DETECTION,src/tracking/advanced_tracker.py:_activate_slot,6853_122_161_303_263
R,CLAMP,CLAMP,0
L,6,6853,DETECTION,src/tracking/advanced_tracker.py:_activate_slot,6853_222_389_391_530
R,CLAMP,CLAMP,0
L,7,6853,DETECTION,src/tracking/advanced_tracker.py:_activate_slot,6853_227_1167_422_1293
R,CLAMP,CLAMP,0
L,8,6853,DETECTION,src/tracking/advanced_tracker.py:_activate_slot,6853_60_113_222_208
R,CLAMP,CLAMP,0
A,6853
S,0,6859,DETECTION,src/tracking/advanced_tracker.py:_activate_slot,6859_11_1099_167_1185
S,1,6859,DETECTION,src/tracking/advanced_tracker.py:_activate_slot,6859_-15_951_121_1033
S,4,6859,DETECTION,src/tracking/advanced_tracker.py:_activate_slot,6859_552_-15_673_76
S,2,6859,DETECTION,src/tracking/advanced_tracker.py:_activate_slot,6859_-13_861_125_937
S,3,6859,CLAMP,src/tracking/advanced_tracker.py:_activate_slot,6859_-15_996_125_1075
S,5,6859,DETECTION,src/tracking/advanced_tracker.py:_activate_slot,6859_122_153_310_271
S,7,6859,DETECTION,src/tracking/advanced_tracker.py:_activate_slot,6859_84_755_248_851
S,8,6859,DETECTION,src/tracking/advanced_tracker.py:_activate_slot,6859_221_1147_415_1257
S,9,6859,DETECTION,src/tracking/advanced_tracker.py:_activate_slot,6859_63_101_221_206
S,6,6859,PREDICTION,src/tracking/advanced_tracker.py:flow_gapfill_batched,
D,1,6859
S,2,6859,PREDICTION,src/tracking/advanced_tracker.py:id_merge,
L,0,6859,DETECTION,src/tracking/advanced_tracker.py:_activate_slot,6859_11_1099_167_1185
R,DETECTION,DETECTION,1
L,2,6859,PREDICTION,src/tracking/advanced_tracker.py:id_merge,
R,PREDICTION,PREDICTION,1
L,3,6859,CLAMP,src/tracking/advanced_tracker.py:_activate_slot,6859_-15_996_125_1075
R,CLAMP,CLAMP,0
L,4,6859,DETECTION,src/tracking/advanced_tracker.py:_activate_slot,6859_552_-15_673_76
R,CLAMP,CLAMP,0
L,5,6859,DETECTION,src/tracking/advanced_tracker.py:_activate_slot,6859_122_153_310_271
R,CLAMP,CLAMP,0
L,6,6859,PREDICTION,src/tracking/advanced_tracker.py:flow_gapfill_batched,
R,CLAMP,CLAMP,0
L,7,6859,DETECTION,src/tracking/advanced_tracker.py:_activate_slot,6859_84_755_248_851
R,CLAMP,CLAMP,0
L,8,6859,DETECTION,src/tracking/advanced_tracker.py:_activate_slot,6859_221_1147_415_1257
R,CLAMP,CLAMP,0
L,9,6859,DETECTION,src/tracking/advanced_tracker.py:_activate_slot,6859_63_101_221_206
R,CLAMP,CLAMP,0
A,6859
S,0,6865,DETECTION,src/tracking/advanced_tracker.py:_activate_slot,6865_4_1073_169_1179
S,1,6865,DETECTION,src/tracking/advanced_tracker.py:_activate_slot,6865_229_453_386_552
S,2,6865,DETECTION,src/tracking/advanced_tracker.py:_activate_slot,6865_270_1231_474_1295
S,7,6865,DETECTION,src/tracking/advanced_tracker.py:_activate_slot,6865_85_749_251_850
S,8,6865,DETECTION,src/tracking/advanced_tracker.py:_activate_slot,6865_222_1127_418_1247
S,6,6865,PREDICTION,src/tracking/advanced_tracker.py:kalman_homography,
L,0,6865,DETECTION,src/tracking/advanced_tracker.py:_activate_slot,6865_4_1073_169_1179
R,CLAMP,CLAMP,0
L,1,6865,DETECTION,src/tracking/advanced_tracker.py:_activate_slot,6865_229_453_386_552
R,DETECTION,DETECTION,1
L,2,6865,DETECTION,src/tracking/advanced_tracker.py:_activate_slot,6865_270_1231_474_1295
R,CLAMP,CLAMP,0
L,6,6865,PREDICTION,src/tracking/advanced_tracker.py:kalman_homography,
R,CLAMP,CLAMP,0
L,7,6865,DETECTION,src/tracking/advanced_tracker.py:_activate_slot,6865_85_749_251_850
R,CLAMP,CLAMP,0
L,8,6865,DETECTION,src/tracking/advanced_tracker.py:_activate_slot,6865_222_1127_418_1247
R,CLAMP,CLAMP,0
A,6865
S,0,6871,DETECTION,src/tracking/advanced_tracker.py:_activate_slot,6871_22_1059_172_1185
S,1,6871,DETECTION,src/tracking/advanced_tracker.py:_activate_slot,6871_229_453_382_577
S,2,6871,DETECTION,src/tracking/advanced_tracker.py:_activate_slot,6871_533_1139_675_1265
S,3,6871,DETECTION,src/tracking/advanced_tracker.py:_activate_slot,6871_306_668_438_748
S,5,6871,DETECTION,src/tracking/advanced_tracker.py:_activate_slot,6871_304_667_475_747
S,7,6871,DETECTION,src/tracking/advanced_tracker.py:_activate_slot,6871_87_749_247_875
S,8,6871,DETECTION,src/tracking/advanced_tracker.py:_activate_slot,6871_231_1115_419_1237
S,6,6871,PREDICTION,src/tracking/advanced_tracker.py:kalman_homography,
L,0,6871,DETECTION,src/tracking/advanced_tracker.py:_activate_slot,6871_22_1059_172_1185
R,CLAMP,CLAMP,0
L,1,6871,DETECTION,src/tracking/advanced_tracker.py:_activate_slot,6871_229_453_382_577
R,DETECTION,DETECTION,1
L,2,6871,DETECTION,src/tracking/advanced_tracker.py:_activate_slot,6871_533_1139_675_1265
R,CLAMP,CLAMP,0
L,3,6871,DETECTION,src/tracking/advanced_tracker.py:_activate_slot,6871_306_668_438_748
R,CLAMP,CLAMP,0
L,5,6871,DETECTION,src/tracking/advanced_tracker.py:_activate_slot,6871_304_667_475_747
R,DETECTION,DETECTION,1
L,6,6871,PREDICTION,src/tracking/advanced_tracker.py:kalman_homography,
R,CLAMP,CLAMP,0
L,7,6871,DETECTION,src/tracking/advanced_tracker.py:_activate_slot,6871_87_749_247_875
R,CLAMP,CLAMP,0
L,8,6871,DETECTION,src/tracking/advanced_tracker.py:_activate_slot,6871_231_1115_419_1237
R,CLAMP,CLAMP,0
A,6871
S,0,6877,DETECTION,src/tracking/advanced_tracker.py:_activate_slot,6877_25_1093_172_1167
S,1,6877,DETECTION,src/tracking/advanced_tracker.py:_activate_slot,6877_239_511_406_608
S,2,6877,DETECTION,src/tracking/advanced_tracker.py:_activate_slot,6877_529_1119_674_1237
S,3,6877,DETECTION,src/tracking/advanced_tracker.py:_activate_slot,6877_23_1057_171_1167
S,7,6877,DETECTION,src/tracking/advanced_tracker.py:_activate_slot,6877_234_1117_418_1235
S,8,6877,DETECTION,src/tracking/advanced_tracker.py:_activate_slot,6877_107_764_247_863
S,5,6877,PREDICTION,src/tracking/advanced_tracker.py:kalman_homography,
S,6,6877,PREDICTION,src/tracking/advanced_tracker.py:kalman_homography,
D,0,6877
S,3,6877,PREDICTION,src/tracking/advanced_tracker.py:id_merge,
L,1,6877,DETECTION,src/tracking/advanced_tracker.py:_activate_slot,6877_239_511_406_608
R,DETECTION,DETECTION,1
L,2,6877,DETECTION,src/tracking/advanced_tracker.py:_activate_slot,6877_529_1119_674_1237
R,CLAMP,CLAMP,0
L,3,6877,PREDICTION,src/tracking/advanced_tracker.py:id_merge,
R,PREDICTION,PREDICTION,1
L,5,6877,PREDICTION,src/tracking/advanced_tracker.py:kalman_homography,
R,PREDICTION,PREDICTION,1
L,6,6877,PREDICTION,src/tracking/advanced_tracker.py:kalman_homography,
R,CLAMP,CLAMP,0
L,7,6877,DETECTION,src/tracking/advanced_tracker.py:_activate_slot,6877_234_1117_418_1235
R,CLAMP,CLAMP,0
L,8,6877,DETECTION,src/tracking/advanced_tracker.py:_activate_slot,6877_107_764_247_863
R,CLAMP,CLAMP,0
A,6877
S,0,6883,DETECTION,src/tracking/advanced_tracker.py:_activate_slot,6883_-15_1059_174_1153
S,1,6883,DETECTION,src/tracking/advanced_tracker.py:_activate_slot,6883_249_514_403_610
S,2,6883,DETECTION,src/tracking/advanced_tracker.py:_activate_slot,6883_524_1097_672_1207
S,3,6883,DETECTION,src/tracking/advanced_tracker.py:_activate_slot,6883_226_1116_421_1214
S,7,6883,DETECTION,src/tracking/advanced_tracker.py:_activate_slot,6883_284_1187_463_1293
S,8,6883,DETECTION,src/tracking/advanced_tracker.py:_activate_slot,6883_94_786_248_872
S,5,6883,PREDICTION,src/tracking/advanced_tracker.py:kalman_homography,
S,6,6883,PREDICTION,src/tracking/advanced_tracker.py:kalman_homography,
L,0,6883,DETECTION,src/tracking/advanced_tracker.py:_activate_slot,6883_-15_1059_174_1153
R,CLAMP,CLAMP,0
L,1,6883,DETECTION,src/tracking/advanced_tracker.py:_activate_slot,6883_249_514_403_610
R,DETECTION,DETECTION,1
L,2,6883,DETECTION,src/tracking/advanced_tracker.py:_activate_slot,6883_524_1097_672_1207
R,CLAMP,CLAMP,0
L,3,6883,DETECTION,src/tracking/advanced_tracker.py:_activate_slot,6883_226_1116_421_1214
R,DETECTION,DETECTION,1
L,5,6883,PREDICTION,src/tracking/advanced_tracker.py:kalman_homography,
R,PREDICTION,PREDICTION,1
L,6,6883,PREDICTION,src/tracking/advanced_tracker.py:kalman_homography,
R,CLAMP,CLAMP,0
L,7,6883,DETECTION,src/tracking/advanced_tracker.py:_activate_slot,6883_284_1187_463_1293
R,CLAMP,CLAMP,0
L,8,6883,DETECTION,src/tracking/advanced_tracker.py:_activate_slot,6883_94_786_248_872
R,CLAMP,CLAMP,0
A,6883
S,0,6889,DETECTION,src/tracking/advanced_tracker.py:_activate_slot,6889_22_1060_180_1140
S,1,6889,DETECTION,src/tracking/advanced_tracker.py:_activate_slot,6889_249_529_407_629
S,2,6889,DETECTION,src/tracking/advanced_tracker.py:_activate_slot,6889_275_1199_466_1295
S,3,6889,DETECTION,src/tracking/advanced_tracker.py:_activate_slot,6889_232_1097_422_1199
S,7,6889,DETECTION,src/tracking/advanced_tracker.py:_activate_slot,6889_92_777_251_881
S,5,6889,PREDICTION,src/tracking/advanced_tracker.py:kalman_homography,
S,6,6889,PREDICTION,src/tracking/advanced_tracker.py:kalman_homography,
S,8,6889,PREDICTION,src/tracking/advanced_tracker.py:flow_gapfill_batched,
D,2,6889
S,3,6889,PREDICTION,src/tracking/advanced_tracker.py:id_merge,
D,8,6889
S,7,6889,PREDICTION,src/tracking/advanced_tracker.py:id_merge,
L,0,6889,DETECTION,src/tracking/advanced_tracker.py:_activate_slot,6889_22_1060_180_1140
R,CLAMP,CLAMP,0
L,1,6889,DETECTION,src/tracking/advanced_tracker.py:_activate_slot,6889_249_529_407_629
R,DETECTION,DETECTION,1
L,3,6889,PREDICTION,src/tracking/advanced_tracker.py:id_merge,
R,PREDICTION,PREDICTION,1
L,5,6889,PREDICTION,src/tracking/advanced_tracker.py:kalman_homography,
R,PREDICTION,PREDICTION,1
L,6,6889,PREDICTION,src/tracking/advanced_tracker.py:kalman_homography,
R,CLAMP,CLAMP,0
L,7,6889,PREDICTION,src/tracking/advanced_tracker.py:id_merge,
R,CLAMP,CLAMP,0
A,6889
S,0,6895,DETECTION,src/tracking/advanced_tracker.py:_activate_slot,6895_32_1053_181_1137
S,1,6895,DETECTION,src/tracking/advanced_tracker.py:_activate_slot,6895_258_536_414_658
S,2,6895,DETECTION,src/tracking/advanced_tracker.py:_activate_slot,6895_240_1215_466_1295
S,3,6895,DETECTION,src/tracking/advanced_tracker.py:_activate_slot,6895_240_1075_422_1249
S,4,6895,DETECTION,src/tracking/advanced_tracker.py:_activate_slot,6895_516_1043_674_1151
S,8,6895,DETECTION,src/tracking/advanced_tracker.py:_activate_slot,6895_109_773_248_880
S,6,6895,PREDICTION,src/tracking/advanced_tracker.py:kalman_homography,
S,7,6895,PREDICTION,src/tracking/advanced_tracker.py:kalman_homography,
S,5,6895,PREDICTION,src/tracking/advanced_tracker.py:flow_gapfill_batched,
D,2,6895
S,3,6895,PREDICTION,src/tracking/advanced_tracker.py:id_merge,
D,7,6895
S,8,6895,PREDICTION,src/tracking/advanced_tracker.py:id_merge,
L,0,6895,DETECTION,src/tracking/advanced_tracker.py:_activate_slot,6895_32_1053_181_1137
R,CLAMP,CLAMP,0
L,1,6895,DETECTION,src/tracking/advanced_tracker.py:_activate_slot,6895_258_536_414_658
R,DETECTION,DETECTION,1
L,3,6895,PREDICTION,src/tracking/advanced_tracker.py:id_merge,
R,PREDICTION,PREDICTION,1
L,4,6895,DETECTION,src/tracking/advanced_tracker.py:_activate_slot,6895_516_1043_674_1151
R,CLAMP,CLAMP,0
L,5,6895,PREDICTION,src/tracking/advanced_tracker.py:flow_gapfill_batched,
R,PREDICTION,PREDICTION,1
L,6,6895,PREDICTION,src/tracking/advanced_tracker.py:kalman_homography,
R,CLAMP,CLAMP,0
L,8,6895,PREDICTION,src/tracking/advanced_tracker.py:id_merge,
R,CLAMP,CLAMP,0
A,6895
S,0,6901,DETECTION,src/tracking/advanced_tracker.py:_activate_slot,6901_33_1055_182_1121
S,1,6901,DETECTION,src/tracking/advanced_tracker.py:_activate_slot,6901_242_1078_420_1178
S,2,6901,DETECTION,src/tracking/advanced_tracker.py:_activate_slot,6901_272_1217_445_1295
S,3,6901,DETECTION,src/tracking/advanced_tracker.py:_activate_slot,6901_243_1077_421_1219
S,4,6901,DETECTION,src/tracking/advanced_tracker.py:_activate_slot,6901_275_566_417_660
S,7,6901,DETECTION,src/tracking/advanced_tracker.py:_activate_slot,6901_107_786_249_878
S,8,6901,PREDICTION,src/tracking/advanced_tracker.py:kalman_homography,
S,5,6901,PREDICTION,src/tracking/advanced_tracker.py:flow_gapfill_batched,
S,6,6901,PREDICTION,src/tracking/advanced_tracker.py:flow_gapfill_batched,
D,1,6901
S,2,6901,PREDICTION,src/tracking/advanced_tracker.py:id_merge,
D,2,6901
S,3,6901,PREDICTION,src/tracking/advanced_tracker.py:id_merge,
D,8,6901
S,7,6901,PREDICTION,src/tracking/advanced_tracker.py:id_merge,
L,0,6901,DETECTION,src/tracking/advanced_tracker.py:_activate_slot,6901_33_1055_182_1121
R,CLAMP,CLAMP,0
L,3,6901,PREDICTION,src/tracking/advanced_tracker.py:id_merge,
R,PREDICTION,PREDICTION,1
L,4,6901,DETECTION,src/tracking/advanced_tracker.py:_activate_slot,6901_275_566_417_660
R,CLAMP,CLAMP,0
L,5,6901,PREDICTION,src/tracking/advanced_tracker.py:flow_gapfill_batched,
R,PREDICTION,PREDICTION,1
L,6,6901,PREDICTION,src/tracking/advanced_tracker.py:flow_gapfill_batched,
R,CLAMP,CLAMP,0
L,7,6901,PREDICTION,src/tracking/advanced_tracker.py:id_merge,
R,CLAMP,CLAMP,0
A,6901
S,0,6907,DETECTION,src/tracking/advanced_tracker.py:_activate_slot,6907_38_1037_183_1123
S,1,6907,DETECTION,src/tracking/advanced_tracker.py:_activate_slot,6907_239_1071_417_1197
S,4,6907,DETECTION,src/tracking/advanced_tracker.py:_activate_slot,6907_280_1197_446_1295
S,6,6907,DETECTION,src/tracking/advanced_tracker.py:_activate_slot,6907_260_596_420_678
S,7,6907,DETECTION,src/tracking/advanced_tracker.py:_activate_slot,6907_106_792_248_880
S,3,6907,PREDICTION,src/tracking/advanced_tracker.py:kalman_homography,
S,8,6907,PREDICTION,src/tracking/advanced_tracker.py:kalman_homography,
S,2,6907,PREDICTION,src/tracking/advanced_tracker.py:flow_gapfill_batched,
S,5,6907,PREDICTION,src/tracking/advanced_tracker.py:flow_gapfill_batched,
D,2,6907
S,1,6907,PREDICTION,src/tracking/advanced_tracker.py:id_merge,
D,3,6907
S,1,6907,PREDICTION,src/tracking/advanced_tracker.py:id_merge,
D,1,6907
S,4,6907,PREDICTION,src/tracking/advanced_tracker.py:id_merge,
D,5,6907
S,6,6907,PREDICTION,src/tracking/advanced_tracker.py:id_merge,
D,8,6907
S,7,6907,PREDICTION,src/tracking/advanced_tracker.py:id_merge,
L,0,6907,DETECTION,src/tracking/advanced_tracker.py:_activate_slot,6907_38_1037_183_1123
R,CLAMP,CLAMP,0
L,4,6907,PREDICTION,src/tracking/advanced_tracker.py:id_merge,
R,CLAMP,CLAMP,0
L,6,6907,PREDICTION,src/tracking/advanced_tracker.py:id_merge,
R,CLAMP,CLAMP,0
L,7,6907,PREDICTION,src/tracking/advanced_tracker.py:id_merge,
R,CLAMP,CLAMP,0
A,6907
S,0,6913,DETECTION,src/tracking/advanced_tracker.py:_activate_slot,6913_39_1015_186_1121
S,1,6913,DETECTION,src/tracking/advanced_tracker.py:_activate_slot,6913_238_1051_416_1167
S,3,6913,DETECTION,src/tracking/advanced_tracker.py:_activate_slot,6913_285_1171_456_1295
S,6,6913,DETECTION,src/tracking/advanced_tracker.py:_activate_slot,6913_263_592_420_702
S,7,6913,DETECTION,src/tracking/advanced_tracker.py:_activate_slot,6913_105_781_248_891
S,2,6913,PREDICTION,src/tracking/advanced_tracker.py:flow_gapfill_batched,
S,4,6913,PREDICTION,src/tracking/advanced_tracker.py:flow_gapfill_batched,
S,5,6913,PREDICTION,src/tracking/advanced_tracker.py:flow_gapfill_batched,
S,8,6913,PREDICTION,src/tracking/advanced_tracker.py:flow_gapfill_batched,
D,2,6913
S,1,6913,PREDICTION,src/tracking/advanced_tracker.py:id_merge,
D,1,6913
S,3,6913,PREDICTION,src/tracking/advanced_tracker.py:id_merge,
D,4,6913
S,3,6913,PREDICTION,src/tracking/advanced_tracker.py:id_merge,
D,5,6913
S,6,6913,PREDICTION,src/tracking/advanced_tracker.py:id_merge,
D,8,6913
S,7,6913,PREDICTION,src/tracking/advanced_tracker.py:id_merge,
L,0,6913,DETECTION,src/tracking/advanced_tracker.py:_activate_slot,6913_39_1015_186_1121
R,CLAMP,CLAMP,0
L,3,6913,PREDICTION,src/tracking/advanced_tracker.py:id_merge,
R,PREDICTION,PREDICTION,1
L,6,6913,PREDICTION,src/tracking/advanced_tracker.py:id_merge,
R,CLAMP,CLAMP,0
L,7,6913,PREDICTION,src/tracking/advanced_tracker.py:id_merge,
R,CLAMP,CLAMP,0
A,6913
S,0,6919,DETECTION,src/tracking/advanced_tracker.py:_activate_slot,6919_46_1003_188_1105
S,3,6919,DETECTION,src/tracking/advanced_tracker.py:_activate_slot,6919_282_1165_458_1287
S,4,6919,DETECTION,src/tracking/advanced_tracker.py:_activate_slot,6919_242_1030_415_1146
S,6,6919,DETECTION,src/tracking/advanced_tracker.py:_activate_slot,6919_276_622_407_701
S,7,6919,DETECTION,src/tracking/advanced_tracker.py:_activate_slot,6919_112_779_243_877
S,1,6919,PREDICTION,src/tracking/advanced_tracker.py:kalman_homography,
S,2,6919,PREDICTION,src/tracking/advanced_tracker.py:flow_gapfill_batched,
S,5,6919,PREDICTION,src/tracking/advanced_tracker.py:flow_gapfill_batched,
S,8,6919,PREDICTION,src/tracking/advanced_tracker.py:flow_gapfill_batched,
D,2,6919
S,1,6919,PREDICTION,src/tracking/advanced_tracker.py:id_merge,
D,1,6919
S,3,6919,PREDICTION,src/tracking/advanced_tracker.py:id_merge,
D,3,6919
S,4,6919,PREDICTION,src/tracking/advanced_tracker.py:id_merge,
D,5,6919
S,6,6919,PREDICTION,src/tracking/advanced_tracker.py:id_merge,
D,8,6919
S,7,6919,PREDICTION,src/tracking/advanced_tracker.py:id_merge,
L,0,6919,DETECTION,src/tracking/advanced_tracker.py:_activate_slot,6919_46_1003_188_1105
R,CLAMP,CLAMP,0
L,4,6919,PREDICTION,src/tracking/advanced_tracker.py:id_merge,
R,CLAMP,CLAMP,0
L,6,6919,PREDICTION,src/tracking/advanced_tracker.py:id_merge,
R,CLAMP,CLAMP,0
L,7,6919,PREDICTION,src/tracking/advanced_tracker.py:id_merge,
R,CLAMP,CLAMP,0
A,6919
S,0,6925,DETECTION,src/tracking/advanced_tracker.py:_activate_slot,6925_35_1000_188_1083
S,1,6925,DETECTION,src/tracking/advanced_tracker.py:_activate_slot,6925_241_1017_415_1123
S,3,6925,DETECTION,src/tracking/advanced_tracker.py:_activate_slot,6925_274_1201_448_1275
S,5,6925,DETECTION,src/tracking/advanced_tracker.py:_activate_slot,6925_173_246_323_323
S,6,6925,DETECTION,src/tracking/advanced_tracker.py:_activate_slot,6925_284_634_425_712
S,7,6925,DETECTION,src/tracking/advanced_tracker.py:_activate_slot,6925_108_795_243_888
S,4,6925,PREDICTION,src/tracking/advanced_tracker.py:kalman_homography,
S,2,6925,PREDICTION,src/tracking/advanced_tracker.py:flow_gapfill_batched,
S,8,6925,PREDICTION,src/tracking/advanced_tracker.py:flow_gapfill_batched,
D,2,6925
S,1,6925,PREDICTION,src/tracking/advanced_tracker.py:id_merge,
D,1,6925
S,3,6925,PREDICTION,src/tracking/advanced_tracker.py:id_merge,
D,4,6925
S,3,6925,PREDICTION,src/tracking/advanced_tracker.py:id_merge,
D,8,6925
S,7,6925,PREDICTION,src/tracking/advanced_tracker.py:id_merge,
L,0,6925,DETECTION,src/tracking/advanced_tracker.py:_activate_slot,6925_35_1000_188_1083
R,CLAMP,CLAMP,0
L,3,6925,PREDICTION,src/tracking/advanced_tracker.py:id_merge,
R,PREDICTION,PREDICTION,1
L,5,6925,DETECTION,src/tracking/advanced_tracker.py:_activate_slot,6925_173_246_323_323
R,CLAMP,CLAMP,0
L,6,6925,DETECTION,src/tracking/advanced_tracker.py:_activate_slot,6925_284_634_425_712
R,CLAMP,CLAMP,0
L,7,6925,PREDICTION,src/tracking/advanced_tracker.py:id_merge,
R,CLAMP,CLAMP,0
A,6925
S,0,6931,DETECTION,src/tracking/advanced_tracker.py:_activate_slot,6931_37_1000_190_1076
S,1,6931,DETECTION,src/tracking/advanced_tracker.py:_activate_slot,6931_238_1014_410_1112
S,3,6931,DETECTION,src/tracking/advanced_tracker.py:_activate_slot,6931_275_1195_449_1269
S,5,6931,DETECTION,src/tracking/advanced_tracker.py:_activate_slot,6931_170_244_326_328
S,6,6931,DETECTION,src/tracking/advanced_tracker.py:_activate_slot,6931_293_638_450_730
S,7,6931,DETECTION,src/tracking/advanced_tracker.py:_activate_slot,6931_106_794_246_872
S,8,6931,DETECTION,src/tracking/advanced_tracker.py:_activate_slot,6931_324_683_456_764
S,4,6931,PREDICTION,src/tracking/advanced_tracker.py:kalman_homography,
S,2,6931,PREDICTION,src/tracking/advanced_tracker.py:flow_gapfill_batched,
D,2,6931
S,1,6931,PREDICTION,src/tracking/advanced_tracker.py:id_merge,
D,1,6931
S,3,6931,PREDICTION,src/tracking/advanced_tracker.py:id_merge,
D,4,6931
S,3,6931,PREDICTION,src/tracking/advanced_tracker.py:id_merge,
D,6,6931
S,8,6931,PREDICTION,src/tracking/advanced_tracker.py:id_merge,
L,0,6931,DETECTION,src/tracking/advanced_tracker.py:_activate_slot,6931_37_1000_190_1076
R,CLAMP,CLAMP,0
L,3,6931,PREDICTION,src/tracking/advanced_tracker.py:id_merge,
R,PREDICTION,PREDICTION,1
L,5,6931,DETECTION,src/tracking/advanced_tracker.py:_activate_slot,6931_170_244_326_328
R,CLAMP,CLAMP,0
L,7,6931,DETECTION,src/tracking/advanced_tracker.py:_activate_slot,6931_106_794_246_872
R,CLAMP,CLAMP,0
L,8,6931,PREDICTION,src/tracking/advanced_tracker.py:id_merge,
R,CLAMP,CLAMP,0
A,6931
S,0,6937,DETECTION,src/tracking/advanced_tracker.py:_activate_slot,6937_48_988_192_1066
S,1,6937,DETECTION,src/tracking/advanced_tracker.py:_activate_slot,6937_236_1011_404_1099
S,5,6937,DETECTION,src/tracking/advanced_tracker.py:_activate_slot,6937_362_759_504_847
S,7,6937,DETECTION,src/tracking/advanced_tracker.py:_activate_slot,6937_107_787_247_881
S,9,6937,DETECTION,src/tracking/advanced_tracker.py:_activate_slot,6937_278_1178_459_1294
S,3,6937,PREDICTION,src/tracking/advanced_tracker.py:kalman_homography,
S,4,6937,PREDICTION,src/tracking/advanced_tracker.py:kalman_homography,
S,6,6937,PREDICTION,src/tracking/advanced_tracker.py:kalman_homography,
S,8,6937,PREDICTION,src/tracking/advanced_tracker.py:kalman_homography,
S,2,6937,PREDICTION,src/tracking/advanced_tracker.py:flow_gapfill_batched,
D,2,6937
S,1,6937,PREDICTION,src/tracking/advanced_tracker.py:id_merge,
D,3,6937
S,1,6937,PREDICTION,src/tracking/advanced_tracker.py:id_merge,
D,4,6937
S,1,6937,PREDICTION,src/tracking/advanced_tracker.py:id_merge,
D,6,6937
S,5,6937,PREDICTION,src/tracking/advanced_tracker.py:id_merge,
D,8,6937
S,5,6937,PREDICTION,src/tracking/advanced_tracker.py:id_merge,
L,0,6937,DETECTION,src/tracking/advanced_tracker.py:_activate_slot,6937_48_988_192_1066
R,CLAMP,CLAMP,0
L,1,6937,PREDICTION,src/tracking/advanced_tracker.py:id_merge,
R,PREDICTION,PREDICTION,1
L,5,6937,PREDICTION,src/tracking/advanced_tracker.py:id_merge,
R,PREDICTION,PREDICTION,1
L,7,6937,DETECTION,src/tracking/advanced_tracker.py:_activate_slot,6937_107_787_247_881
R,CLAMP,CLAMP,0
L,9,6937,DETECTION,src/tracking/advanced_tracker.py:_activate_slot,6937_278_1178_459_1294
R,CLAMP,CLAMP,0
A,6937
S,0,6943,DETECTION,src/tracking/advanced_tracker.py:_activate_slot,6943_52_972_194_1060
S,3,6943,DETECTION,src/tracking/advanced_tracker.py:_activate_slot,6943_2_972_192_1061
S,4,6943,DETECTION,src/tracking/advanced_tracker.py:_activate_slot,6943_237_997_403_1085
S,5,6943,DETECTION,src/tracking/advanced_tracker.py:_activate_slot,6943_355_764_504_849
S,6,6943,DETECTION,src/tracking/advanced_tracker.py:_activate_slot,6943_331_673_473_766
S,7,6943,DETECTION,src/tracking/advanced_tracker.py:_activate_slot,6943_105_791_243_887
S,9,6943,DETECTION,src/tracking/advanced_tracker.py:_activate_slot,6943_282_1167_447_1285
S,1,6943,PREDICTION,src/tracking/advanced_tracker.py:kalman_homography,
S,8,6943,PREDICTION,src/tracking/advanced_tracker.py:kalman_homography,
S,2,6943,PREDICTION,src/tracking/advanced_tracker.py:flow_gapfill_batched,
D,0,6943
S,3,6943,PREDICTION,src/tracking/advanced_tracker.py:id_merge,
D,2,6943
S,1,6943,PREDICTION,src/tracking/advanced_tracker.py:id_merge,
D,1,6943
S,4,6943,PREDICTION,src/tracking/advanced_tracker.py:id_merge,
D,5,6943
S,6,6943,PREDICTION,src/tracking/advanced_tracker.py:id_merge,
D,8,6943
S,6,6943,PREDICTION,src/tracking/advanced_tracker.py:id_merge,
L,3,6943,PREDICTION,src/tracking/advanced_tracker.py:id_merge,
R,PREDICTION,PREDICTION,1
L,4,6943,PREDICTION,src/tracking/advanced_tracker.py:id_merge,
R,CLAMP,CLAMP,0
L,6,6943,PREDICTION,src/tracking/advanced_tracker.py:id_merge,
R,CLAMP,CLAMP,0
L,7,6943,DETECTION,src/tracking/advanced_tracker.py:_activate_slot,6943_105_791_243_887
R,CLAMP,CLAMP,0
L,9,6943,DETECTION,src/tracking/advanced_tracker.py:_activate_slot,6943_282_1167_447_1285
R,CLAMP,CLAMP,0
A,6943
S,1,6949,DETECTION,src/tracking/advanced_tracker.py:_activate_slot,6949_253_128_423_221
S,2,6949,DETECTION,src/tracking/advanced_tracker.py:_activate_slot,6949_281_1165_447_1271
S,3,6949,DETECTION,src/tracking/advanced_tracker.py:_activate_slot,6949_3_958_193_1046
S,4,6949,DETECTION,src/tracking/advanced_tracker.py:_activate_slot,6949_235_980_395_1070
S,5,6949,DETECTION,src/tracking/advanced_tracker.py:_activate_slot,6949_185_262_333_346
S,6,6949,DETECTION,src/tracking/advanced_tracker.py:_activate_slot,6949_354_766_513_852
S,7,6949,DETECTION,src/tracking/advanced_tracker.py:_activate_slot,6949_103_803_241_871
S,0,6949,PREDICTION,src/tracking/advanced_tracker.py:kalman_homography,
S,8,6949,PREDICTION,src/tracking/advanced_tracker.py:kalman_homography,
S,9,6949,PREDICTION,src/tracking/advanced_tracker.py:flow_gapfill_batched,
D,0,6949
S,3,6949,PREDICTION,src/tracking/advanced_tracker.py:id_merge,
D,2,6949
S,4,6949,PREDICTION,src/tracking/advanced_tracker.py:id_merge,
D,8,6949
S,6,6949,PREDICTION,src/tracking/advanced_tracker.py:id_merge,
L,1,6949,DETECTION,src/tracking/advanced_tracker.py:_activate_slot,6949_253_128_423_221
R,CLAMP,CLAMP,0
L,3,6949,PREDICTION,src/tracking/advanced_tracker.py:id_merge,
R,PREDICTION,PREDICTION,1
L,4,6949,PREDICTION,src/tracking/advanced_tracker.py:id_merge,
R,CLAMP,CLAMP,0
L,5,6949,DETECTION,src/tracking/advanced_tracker.py:_activate_slot,6949_185_262_333_346
R,CLAMP,CLAMP,0
L,6,6949,PREDICTION,src/tracking/advanced_tracker.py:id_merge,
R,CLAMP,CLAMP,0
L,7,6949,DETECTION,src/tracking/advanced_tracker.py:_activate_slot,6949_103_803_241_871
R,CLAMP,CLAMP,0
L,9,6949,PREDICTION,src/tracking/advanced_tracker.py:flow_gapfill_batched,
R,CLAMP,CLAMP,0
A,6949
S,0,6955,DETECTION,src/tracking/advanced_tracker.py:_activate_slot,6955_49_957_194_1033
S,1,6955,DETECTION,src/tracking/advanced_tracker.py:_activate_slot,6955_275_153_424_221
S,2,6955,DETECTION,src/tracking/advanced_tracker.py:_activate_slot,6955_275_1175_448_1257
S,4,6955,DETECTION,src/tracking/advanced_tracker.py:_activate_slot,6955_238_968_401_1063
S,5,6955,DETECTION,src/tracking/advanced_tracker.py:_activate_slot,6955_186_263_345_355
S,6,6955,DETECTION,src/tracking/advanced_tracker.py:_activate_slot,6955_355_772_514_858
S,7,6955,DETECTION,src/tracking/advanced_tracker.py:_activate_slot,6955_107_792_239_878
S,8,6955,PREDICTION,src/tracking/advanced_tracker.py:kalman_homography,
S,3,6955,PREDICTION,src/tracking/advanced_tracker.py:flow_gapfill_batched,
S,9,6955,PREDICTION,src/tracking/advanced_tracker.py:flow_gapfill_batched,
D,3,6955
S,0,6955,PREDICTION,src/tracking/advanced_tracker.py:id_merge,
D,2,6955
S,4,6955,PREDICTION,src/tracking/advanced_tracker.py:id_merge,
L,0,6955,PREDICTION,src/tracking/advanced_tracker.py:id_merge,
R,CLAMP,CLAMP,0
L,1,6955,DETECTION,src/tracking/advanced_tracker.py:_activate_slot,6955_275_153_424_221
R,CLAMP,CLAMP,0
L,4,6955,PREDICTION,src/tracking/advanced_tracker.py:id_merge,
R,CLAMP,CLAMP,0
L,5,6955,DETECTION,src/tracking/advanced_tracker.py:_activate_slot,6955_186_263_345_355
R,CLAMP,CLAMP,0
L,6,6955,DETECTION,src/tracking/advanced_tracker.py:_activate_slot,6955_355_772_514_858
R,CLAMP,CLAMP,0
L,7,6955,DETECTION,src/tracking/advanced_tracker.py:_activate_slot,6955_107_792_239_878
R,CLAMP,CLAMP,0
L,8,6955,PREDICTION,src/tracking/advanced_tracker.py:kalman_homography,
R,CLAMP,CLAMP,0
L,9,6955,PREDICTION,src/tracking/advanced_tracker.py:flow_gapfill_batched,
R,CLAMP,CLAMP,0
A,6955
S,1,6961,DETECTION,src/tracking/advanced_tracker.py:_activate_slot,6961_274_154_424_244
S,2,6961,DETECTION,src/tracking/advanced_tracker.py:_activate_slot,6961_275_1180_448_1250
S,3,6961,DETECTION,src/tracking/advanced_tracker.py:_activate_slot,6961_277_153_425_275
S,4,6961,DETECTION,src/tracking/advanced_tracker.py:_activate_slot,6961_239_952_399_1050
S,0,6961,DETECTION,src/tracking/advanced_tracker.py:_activate_slot,6961_55_957_193_1023
S,5,6961,DETECTION,src/tracking/advanced_tracker.py:_activate_slot,6961_188_266_345_352
S,6,6961,DETECTION,src/tracking/advanced_tracker.py:_activate_slot,6961_355_772_515_856
S,7,6961,DETECTION,src/tracking/advanced_tracker.py:_activate_slot,6961_103_788_238_882
S,8,6961,PREDICTION,src/tracking/advanced_tracker.py:flow_gapfill_batched,
S,9,6961,PREDICTION,src/tracking/advanced_tracker.py:flow_gapfill_batched,
D,1,6961
S,3,6961,PREDICTION,src/tracking/advanced_tracker.py:id_merge,
D,2,6961
S,4,6961,PREDICTION,src/tracking/advanced_tracker.py:id_merge,
D,8,6961
S,6,6961,PREDICTION,src/tracking/advanced_tracker.py:id_merge,
L,0,6961,DETECTION,src/tracking/advanced_tracker.py:_activate_slot,6961_55_957_193_1023
R,CLAMP,CLAMP,0
L,3,6961,PREDICTION,src/tracking/advanced_tracker.py:id_merge,
R,CLAMP,CLAMP,0
L,4,6961,PREDICTION,src/tracking/advanced_tracker.py:id_merge,
R,CLAMP,CLAMP,0
L,5,6961,DETECTION,src/tracking/advanced_tracker.py:_activate_slot,6961_188_266_345_352
R,CLAMP,CLAMP,0
L,6,6961,PREDICTION,src/tracking/advanced_tracker.py:id_merge,
R,CLAMP,CLAMP,0
L,7,6961,DETECTION,src/tracking/advanced_tracker.py:_activate_slot,6961_103_788_238_882
R,CLAMP,CLAMP,0
L,9,6961,PREDICTION,src/tracking/advanced_tracker.py:flow_gapfill_batched,
R,CLAMP,CLAMP,0
A,6961
S,0,6967,DETECTION,src/tracking/advanced_tracker.py:_activate_slot,6967_24_943_194_1019
S,1,6967,DETECTION,src/tracking/advanced_tracker.py:_activate_slot,6967_277_1168_453_1258
S,2,6967,DETECTION,src/tracking/advanced_tracker.py:_activate_slot,6967_277_1175_443_1249
S,3,6967,DETECTION,src/tracking/advanced_tracker.py:_activate_slot,6967_271_153_426_266
S,4,6967,DETECTION,src/tracking/advanced_tracker.py:_activate_slot,6967_237_949_397_1044
S,5,6967,DETECTION,src/tracking/advanced_tracker.py:_activate_slot,6967_195_269_345_353
S,6,6967,DETECTION,src/tracking/advanced_tracker.py:_activate_slot,6967_353_770_511_863
S,7,6967,DETECTION,src/tracking/advanced_tracker.py:_activate_slot,6967_99_791_237_871
S,8,6967,PREDICTION,src/tracking/advanced_tracker.py:flow_gapfill_batched,
S,9,6967,PREDICTION,src/tracking/advanced_tracker.py:flow_gapfill_batched,
D,1,6967
S,2,6967,PREDICTION,src/tracking/advanced_tracker.py:id_merge,
D,2,6967
S,4,6967,PREDICTION,src/tracking/advanced_tracker.py:id_merge,
D,8,6967
S,6,6967,PREDICTION,src/tracking/advanced_tracker.py:id_merge,
L,0,6967,DETECTION,src/tracking/advanced_tracker.py:_activate_slot,6967_24_943_194_1019
R,CLAMP,CLAMP,0
L,3,6967,DETECTION,src/tracking/advanced_tracker.py:_activate_slot,6967_271_153_426_266
R,CLAMP,CLAMP,0
L,4,6967,PREDICTION,src/tracking/advanced_tracker.py:id_merge,
R,CLAMP,CLAMP,0
L,5,6967,DETECTION,src/tracking/advanced_tracker.py:_activate_slot,6967_195_269_345_353
R,CLAMP,CLAMP,0
L,6,6967,PREDICTION,src/tracking/advanced_tracker.py:id_merge,
R,CLAMP,CLAMP,0
L,7,6967,DETECTION,src/tracking/advanced_tracker.py:_activate_slot,6967_99_791_237_871
R,CLAMP,CLAMP,0
L,9,6967,PREDICTION,src/tracking/advanced_tracker.py:flow_gapfill_batched,
R,CLAMP,CLAMP,0
A,6967
S,0,6973,DETECTION,src/tracking/advanced_tracker.py:_activate_slot,6973_49_932_195_1023
S,1,6973,DETECTION,src/tracking/advanced_tracker.py:_activate_slot,6973_274_204_438_282
S,3,6973,DETECTION,src/tracking/advanced_tracker.py:_activate_slot,6973_204_281_358_356
S,4,6973,DETECTION,src/tracking/advanced_tracker.py:_activate_slot,6973_236_941_396_1045
S,5,6973,DETECTION,src/tracking/advanced_tracker.py:_activate_slot,6973_91_796_232_866
S,6,6973,DETECTION,src/tracking/advanced_tracker.py:_activate_slot,6973_351_769_512_863
S,7,6973,DETECTION,src/tracking/advanced_tracker.py:_activate_slot,6973_277_1163_447_1257
S,8,6973,DETECTION,src/tracking/advanced_tracker.py:_activate_slot,6973_279_1153_454_1269
S,2,6973,PREDICTION,src/tracking/advanced_tracker.py:kalman_homography,
S,9,6973,PREDICTION,src/tracking/advanced_tracker.py:flow_gapfill_batched,
D,7,6973
S,8,6973,PREDICTION,src/tracking/advanced_tracker.py:id_merge,
D,9,6973
S,8,6973,PREDICTION,src/tracking/advanced_tracker.py:id_merge,
L,0,6973,DETECTION,src/tracking/advanced_tracker.py:_activate_slot,6973_49_932_195_1023
R,CLAMP,CLAMP,0
L,1,6973,DETECTION,src/tracking/advanced_tracker.py:_activate_slot,6973_274_204_438_282
R,CLAMP,CLAMP,0
L,2,6973,PREDICTION,src/tracking/advanced_tracker.py:kalman_homography,
R,CLAMP,CLAMP,0
L,3,6973,DETECTION,src/tracking/advanced_tracker.py:_activate_slot,6973_204_281_358_356
R,CLAMP,CLAMP,0
L,4,6973,DETECTION,src/tracking/advanced_tracker.py:_activate_slot,6973_236_941_396_1045
R,CLAMP,CLAMP,0
L,5,6973,DETECTION,src/tracking/advanced_tracker.py:_activate_slot,6973_91_796_232_866
R,DETECTION,DETECTION,1
L,6,6973,DETECTION,src/tracking/advanced_tracker.py:_activate_slot,6973_351_769_512_863
R,CLAMP,CLAMP,0
L,8,6973,PREDICTION,src/tracking/advanced_tracker.py:id_merge,
R,CLAMP,CLAMP,0
A,6973
S,0,6979,DETECTION,src/tracking/advanced_tracker.py:_activate_slot,6979_52_922_196_1012
S,1,6979,DETECTION,src/tracking/advanced_tracker.py:_activate_slot,6979_279_209_438_283
S,4,6979,DETECTION,src/tracking/advanced_tracker.py:_activate_slot,6979_236_939_399_1043
S,5,6979,DETECTION,src/tracking/advanced_tracker.py:_activate_slot,6979_90_793_231_862
S,6,6979,DETECTION,src/tracking/advanced_tracker.py:_activate_slot,6979_347_768_512_864
S,7,6979,DETECTION,src/tracking/advanced_tracker.py:_activate_slot,6979_285_1137_454_1267
S,9,6979,DETECTION,src/tracking/advanced_tracker.py:_activate_slot,6979_202_285_347_360
S,2,6979,PREDICTION,src/tracking/advanced_tracker.py:kalman_homography,
S,3,6979,PREDICTION,src/tracking/advanced_tracker.py:kalman_homography,
S,8,6979,PREDICTION,src/tracking/advanced_tracker.py:flow_gapfill_batched,
D,2,6979
S,4,6979,PREDICTION,src/tracking/advanced_tracker.py:id_merge,
D,8,6979
S,7,6979,PREDICTION,src/tracking/advanced_tracker.py:id_merge,
L,0,6979,DETECTION,src/tracking/advanced_tracker.py:_activate_slot,6979_52_922_196_1012
R,CLAMP,CLAMP,0
L,1,6979,DETECTION,src/tracking/advanced_tracker.py:_activate_slot,6979_279_209_438_283
R,CLAMP,CLAMP,0
L,3,6979,PREDICTION,src/tracking/advanced_tracker.py:kalman_homography,
R,CLAMP,CLAMP,0
L,4,6979,PREDICTION,src/tracking/advanced_tracker.py:id_merge,
R,CLAMP,CLAMP,0
L,5,6979,DETECTION,src/tracking/advanced_tracker.py:_activate_slot,6979_90_793_231_862
R,DETECTION,DETECTION,1
L,6,6979,DETECTION,src/tracking/advanced_tracker.py:_activate_slot,6979_347_768_512_864
R,CLAMP,CLAMP,0
L,7,6979,PREDICTION,src/tracking/advanced_tracker.py:id_merge,
R,CLAMP,CLAMP,0
L,9,6979,DETECTION,src/tracking/advanced_tracker.py:_activate_slot,6979_202_285_347_360
R,CLAMP,CLAMP,0
A,6979
S,0,6985,DETECTION,src/tracking/advanced_tracker.py:_activate_slot,6985_51_912_197_1002
S,1,6985,DETECTION,src/tracking/advanced_tracker.py:_activate_slot,6985_280_213_442_312
S,4,6985,DETECTION,src/tracking/advanced_tracker.py:_activate_slot,6985_236_921_398_1037
S,5,6985,DETECTION,src/tracking/advanced_tracker.py:_activate_slot,6985_93_782_234_865
S,6,6985,DETECTION,src/tracking/advanced_tracker.py:_activate_slot,6985_351_769_511_865
S,8,6985,DETECTION,src/tracking/advanced_tracker.py:_activate_slot,6985_285_1152_450_1252
S,9,6985,DETECTION,src/tracking/advanced_tracker.py:_activate_slot,6985_203_270_353_365
S,2,6985,PREDICTION,src/tracking/advanced_tracker.py:kalman_homography,
S,3,6985,PREDICTION,src/tracking/advanced_tracker.py:flow_gapfill_batched,
S,7,6985,PREDICTION,src/tracking/advanced_tracker.py:flow_gapfill_batched,
D,7,6985
S,8,6985,PREDICTION,src/tracking/advanced_tracker.py:id_merge,
L,0,6985,DETECTION,src/tracking/advanced_tracker.py:_activate_slot,6985_51_912_197_1002
R,CLAMP,CLAMP,0
L,1,6985,DETECTION,src/tracking/advanced_tracker.py:_activate_slot,6985_280_213_442_312
R,CLAMP,CLAMP,0
L,2,6985,PREDICTION,src/tracking/advanced_tracker.py:kalman_homography,
R,CLAMP,CLAMP,0
L,3,6985,PREDICTION,src/tracking/advanced_tracker.py:flow_gapfill_batched,
R,CLAMP,CLAMP,0
L,4,6985,DETECTION,src/tracking/advanced_tracker.py:_activate_slot,6985_236_921_398_1037
R,CLAMP,CLAMP,0
L,5,6985,DETECTION,src/tracking/advanced_tracker.py:_activate_slot,6985_93_782_234_865
R,DETECTION,DETECTION,1
L,6,6985,DETECTION,src/tracking/advanced_tracker.py:_activate_slot,6985_351_769_511_865
R,CLAMP,CLAMP,0
L,8,6985,PREDICTION,src/tracking/advanced_tracker.py:id_merge,
R,CLAMP,CLAMP,0
L,9,6985,DETECTION,src/tracking/advanced_tracker.py:_activate_slot,6985_203_270_353_365
R,CLAMP,CLAMP,0
A,6985
S,0,6991,DETECTION,src/tracking/advanced_tracker.py:_activate_slot,6991_38_911_197_991
S,1,6991,DETECTION,src/tracking/advanced_tracker.py:_activate_slot,6991_282_220_448_337
S,4,6991,DETECTION,src/tracking/advanced_tracker.py:_activate_slot,6991_237_908_398_1026
S,5,6991,DETECTION,src/tracking/advanced_tracker.py:_activate_slot,6991_94_771_233_855
S,6,6991,DETECTION,src/tracking/advanced_tracker.py:_activate_slot,6991_354_760_511_858
S,8,6991,DETECTION,src/tracking/advanced_tracker.py:_activate_slot,6991_279_1143_445_1241
S,9,6991,DETECTION,src/tracking/advanced_tracker.py:_activate_slot,6991_212_289_382_386
S,2,6991,PREDICTION,src/tracking/advanced_tracker.py:kalman_homography,
S,3,6991,PREDICTION,src/tracking/advanced_tracker.py:flow_gapfill_batched,
S,7,6991,PREDICTION,src/tracking/advanced_tracker.py:flow_gapfill_batched,
D,7,6991
S,8,6991,PREDICTION,src/tracking/advanced_tracker.py:id_merge,
L,0,6991,DETECTION,src/tracking/advanced_tracker.py:_activate_slot,6991_38_911_197_991
R,CLAMP,CLAMP,0
L,1,6991,DETECTION,src/tracking/advanced_tracker.py:_activate_slot,6991_282_220_448_337
R,CLAMP,CLAMP,0
L,2,6991,PREDICTION,src/tracking/advanced_tracker.py:kalman_homography,
R,CLAMP,CLAMP,0
L,3,6991,PREDICTION,src/tracking/advanced_tracker.py:flow_gapfill_batched,
R,CLAMP,CLAMP,0
L,4,6991,DETECTION,src/tracking/advanced_tracker.py:_activate_slot,6991_237_908_398_1026
R,CLAMP,CLAMP,0
L,5,6991,DETECTION,src/tracking/advanced_tracker.py:_activate_slot,6991_94_771_233_855
R,DETECTION,DETECTION,1
L,6,6991,DETECTION,src/tracking/advanced_tracker.py:_activate_slot,6991_354_760_511_858
R,CLAMP,CLAMP,0
L,8,6991,PREDICTION,src/tracking/advanced_tracker.py:id_merge,
R,CLAMP,CLAMP,0
L,9,6991,DETECTION,src/tracking/advanced_tracker.py:_activate_slot,6991_212_289_382_386
R,CLAMP,CLAMP,0
A,6991
S,0,6997,DETECTION,src/tracking/advanced_tracker.py:_activate_slot,6997_37_913_197_996
S,4,6997,DETECTION,src/tracking/advanced_tracker.py:_activate_slot,6997_236_902_397_1014
S,5,6997,DETECTION,src/tracking/advanced_tracker.py:_activate_slot,6997_95_774_231_847
S,6,6997,DETECTION,src/tracking/advanced_tracker.py:_activate_slot,6997_350_748_508_845
S,8,6997,DETECTION,src/tracking/advanced_tracker.py:_activate_slot,6997_278_1149_451_1229
S,9,6997,DETECTION,src/tracking/advanced_tracker.py:_activate_slot,6997_222_298_382_379
S,1,6997,PREDICTION,src/tracking/advanced_tracker.py:kalman_homography,
S,2,6997,PREDICTION,src/tracking/advanced_tracker.py:kalman_homography,
S,3,6997,PREDICTION,src/tracking/advanced_tracker.py:flow_gapfill_batched,
S,7,6997,PREDICTION,src/tracking/advanced_tracker.py:flow_gapfill_batched,
D,7,6997
S,8,6997,PREDICTION,src/tracking/advanced_tracker.py:id_merge,
L,0,6997,DETECTION,src/tracking/advanced_tracker.py:_activate_slot,6997_37_913_197_996
R,CLAMP,CLAMP,0
L,1,6997,PREDICTION,src/tracking/advanced_tracker.py:kalman_homography,
R,CLAMP,CLAMP,0
L,2,6997,PREDICTION,src/tracking/advanced_tracker.py:kalman_homography,
R,CLAMP,CLAMP,0
L,3,6997,PREDICTION,src/tracking/advanced_tracker.py:flow_gapfill_batched,
R,CLAMP,CLAMP,0
L,4,6997,DETECTION,src/tracking/advanced_tracker.py:_activate_slot,6997_236_902_397_1014
R,CLAMP,CLAMP,0
L,5,6997,DETECTION,src/tracking/advanced_tracker.py:_activate_slot,6997_95_774_231_847
R,DETECTION,DETECTION,1
L,6,6997,DETECTION,src/tracking/advanced_tracker.py:_activate_slot,6997_350_748_508_845
R,CLAMP,CLAMP,0
L,8,6997,PREDICTION,src/tracking/advanced_tracker.py:id_merge,
R,CLAMP,CLAMP,0
L,9,6997,DETECTION,src/tracking/advanced_tracker.py:_activate_slot,6997_222_298_382_379
R,CLAMP,CLAMP,0
A,6997
S,0,7003,DETECTION,src/tracking/advanced_tracker.py:_activate_slot,7003_42_910_199_984
S,1,7003,DETECTION,src/tracking/advanced_tracker.py:_activate_slot,7003_93_782_227_845
S,4,7003,DETECTION,src/tracking/advanced_tracker.py:_activate_slot,7003_235_898_396_1003
S,6,7003,DETECTION,src/tracking/advanced_tracker.py:_activate_slot,7003_349_736_511_836
S,8,7003,DETECTION,src/tracking/advanced_tracker.py:_activate_slot,7003_278_1147_451_1221
S,9,7003,DETECTION,src/tracking/advanced_tracker.py:_activate_slot,7003_223_296_383_382
S,2,7003,PREDICTION,src/tracking/advanced_tracker.py:kalman_homography,
S,5,7003,PREDICTION,src/tracking/advanced_tracker.py:kalman_homography,
S,3,7003,PREDICTION,src/tracking/advanced_tracker.py:flow_gapfill_batched,
S,7,7003,PREDICTION,src/tracking/advanced_tracker.py:flow_gapfill_batched,
D,0,7003
S,1,7003,PREDICTION,src/tracking/advanced_tracker.py:id_merge,
D,7,7003
S,8,7003,PREDICTION,src/tracking/advanced_tracker.py:id_merge,
L,1,7003,PREDICTION,src/tracking/advanced_tracker.py:id_merge,
R,PREDICTION,PREDICTION,1
L,2,7003,PREDICTION,src/tracking/advanced_tracker.py:kalman_homography,
R,CLAMP,CLAMP,0
L,3,7003,PREDICTION,src/tracking/advanced_tracker.py:flow_gapfill_batched,
R,CLAMP,CLAMP,0
L,4,7003,DETECTION,src/tracking/advanced_tracker.py:_activate_slot,7003_235_898_396_1003
R,CLAMP,CLAMP,0
L,5,7003,PREDICTION,src/tracking/advanced_tracker.py:kalman_homography,
R,PREDICTION,PREDICTION,1
L,6,7003,DETECTION,src/tracking/advanced_tracker.py:_activate_slot,7003_349_736_511_836
R,CLAMP,CLAMP,0
L,8,7003,PREDICTION,src/tracking/advanced_tracker.py:id_merge,
R,CLAMP,CLAMP,0
L,9,7003,DETECTION,src/tracking/advanced_tracker.py:_activate_slot,7003_223_296_383_382
R,CLAMP,CLAMP,0
A,7003
S,0,7009,DETECTION,src/tracking/advanced_tracker.py:_activate_slot,7009_536_919_674_1041
S,4,7009,DETECTION,src/tracking/advanced_tracker.py:_activate_slot,7009_234_906_397_994
S,5,7009,DETECTION,src/tracking/advanced_tracker.py:_activate_slot,7009_93_775_225_847
S,6,7009,DETECTION,src/tracking/advanced_tracker.py:_activate_slot,7009_350_724_512_828
S,7,7009,DETECTION,src/tracking/advanced_tracker.py:_activate_slot,7009_311_275_456_375
S,8,7009,DETECTION,src/tracking/advanced_tracker.py:_activate_slot,7009_279_1130_448_1224
S,9,7009,DETECTION,src/tracking/advanced_tracker.py:_activate_slot,7009_225_294_353_390
S,1,7009,PREDICTION,src/tracking/advanced_tracker.py:kalman_homography,
S,2,7009,PREDICTION,src/tracking/advanced_tracker.py:kalman_homography,
S,3,7009,PREDICTION,src/tracking/advanced_tracker.py:flow_gapfill_batched,
L,0,7009,DETECTION,src/tracking/advanced_tracker.py:_activate_slot,7009_536_919_674_1041
R,CLAMP,CLAMP,0
L,1,7009,PREDICTION,src/tracking/advanced_tracker.py:kalman_homography,
R,PREDICTION,PREDICTION,1
L,2,7009,PREDICTION,src/tracking/advanced_tracker.py:kalman_homography,
R,CLAMP,CLAMP,0
L,3,7009,PREDICTION,src/tracking/advanced_tracker.py:flow_gapfill_batched,
R,CLAMP,CLAMP,0
L,4,7009,DETECTION,src/tracking/advanced_tracker.py:_activate_slot,7009_234_906_397_994
R,CLAMP,CLAMP,0
L,5,7009,DETECTION,src/tracking/advanced_tracker.py:_activate_slot,7009_93_775_225_847
R,DETECTION,DETECTION,1
L,6,7009,DETECTION,src/tracking/advanced_tracker.py:_activate_slot,7009_350_724_512_828
R,CLAMP,CLAMP,0
L,7,7009,DETECTION,src/tracking/advanced_tracker.py:_activate_slot,7009_311_275_456_375
R,CLAMP,CLAMP,0
L,8,7009,DETECTION,src/tracking/advanced_tracker.py:_activate_slot,7009_279_1130_448_1224
R,CLAMP,CLAMP,0
L,9,7009,DETECTION,src/tracking/advanced_tracker.py:_activate_slot,7009_225_294_353_390
R,CLAMP,CLAMP,0
A,7009
S,0,7015,DETECTION,src/tracking/advanced_tracker.py:_activate_slot,7015_536_907_675_1035
S,4,7015,DETECTION,src/tracking/advanced_tracker.py:_activate_slot,7015_235_894_397_986
S,5,7015,DETECTION,src/tracking/advanced_tracker.py:_activate_slot,7015_306_282_462_408
S,6,7015,DETECTION,src/tracking/advanced_tracker.py:_activate_slot,7015_355_712_508_812
S,7,7015,DETECTION,src/tracking/advanced_tracker.py:_activate_slot,7015_276_1114_451_1216
S,8,7015,DETECTION,src/tracking/advanced_tracker.py:_activate_slot,7015_93_767_226_855
S,9,7015,DETECTION,src/tracking/advanced_tracker.py:_activate_slot,7015_226_287_374_390
S,1,7015,PREDICTION,src/tracking/advanced_tracker.py:flow_gapfill_batched,
S,2,7015,PREDICTION,src/tracking/advanced_tracker.py:flow_gapfill_batched,
S,3,7015,PREDICTION,src/tracking/advanced_tracker.py:flow_gapfill_batched,
L,0,7015,DETECTION,src/tracking/advanced_tracker.py:_activate_slot,7015_536_907_675_1035
R,CLAMP,CLAMP,0
L,1,7015,PREDICTION,src/tracking/advanced_tracker.py:flow_gapfill_batched,
R,PREDICTION,PREDICTION,1
L,2,7015,PREDICTION,src/tracking/advanced_tracker.py:flow_gapfill_batched,
R,CLAMP,CLAMP,0
L,3,7015,PREDICTION,src/tracking/advanced_tracker.py:flow_gapfill_batched,
R,CLAMP,CLAMP,0
L,4,7015,DETECTION,src/tracking/advanced_tracker.py:_activate_slot,7015_235_894_397_986
R,CLAMP,CLAMP,0
L,5,7015,DETECTION,src/tracking/advanced_tracker.py:_activate_slot,7015_306_282_462_408
R,CLAMP,CLAMP,0
L,6,7015,DETECTION,src/tracking/advanced_tracker.py:_activate_slot,7015_355_712_508_812
R,CLAMP,CLAMP,0
L,7,7015,DETECTION,src/tracking/advanced_tracker.py:_activate_slot,7015_276_1114_451_1216
R,CLAMP,CLAMP,0
L,8,7015,DETECTION,src/tracking/advanced_tracker.py:_activate_slot,7015_93_767_226_855
R,CLAMP,CLAMP,0
L,9,7015,DETECTION,src/tracking/advanced_tracker.py:_activate_slot,7015_226_287_374_390
R,CLAMP,CLAMP,0
A,7015
S,0,7021,DETECTION,src/tracking/advanced_tracker.py:_activate_slot,7021_536_899_674_1017
S,4,7021,DETECTION,src/tracking/advanced_tracker.py:_activate_slot,7021_236_883_396_977
S,6,7021,DETECTION,src/tracking/advanced_tracker.py:_activate_slot,7021_354_704_510_806
S,8,7021,DETECTION,src/tracking/advanced_tracker.py:_activate_slot,7021_93_762_225_846
S,9,7021,DETECTION,src/tracking/advanced_tracker.py:_activate_slot,7021_230_290_383_394
S,5,7021,PREDICTION,src/tracking/advanced_tracker.py:kalman_homography,
S,7,7021,PREDICTION,src/tracking/advanced_tracker.py:kalman_homography,
S,1,7021,PREDICTION,src/tracking/advanced_tracker.py:flow_gapfill_batched,
S,3,7021,PREDICTION,src/tracking/advanced_tracker.py:flow_gapfill_batched,
L,0,7021,DETECTION,src/tracking/advanced_tracker.py:_activate_slot,7021_536_899_674_1017
R,CLAMP,CLAMP,0
L,1,7021,PREDICTION,src/tracking/advanced_tracker.py:flow_gapfill_batched,
R,PREDICTION,PREDICTION,1
L,3,7021,PREDICTION,src/tracking/advanced_tracker.py:flow_gapfill_batched,
R,CLAMP,CLAMP,0
L,4,7021,DETECTION,src/tracking/advanced_tracker.py:_activate_slot,7021_236_883_396_977
R,CLAMP,CLAMP,0
L,5,7021,PREDICTION,src/tracking/advanced_tracker.py:kalman_homography,
R,CLAMP,CLAMP,0
L,6,7021,DETECTION,src/tracking/advanced_tracker.py:_activate_slot,7021_354_704_510_806
R,CLAMP,CLAMP,0
L,7,7021,PREDICTION,src/tracking/advanced_tracker.py:kalman_homography,
R,CLAMP,CLAMP,0
L,8,7021,DETECTION,src/tracking/advanced_tracker.py:_activate_slot,7021_93_762_225_846
R,CLAMP,CLAMP,0
L,9,7021,DETECTION,src/tracking/advanced_tracker.py:_activate_slot,7021_230_290_383_394
R,CLAMP,CLAMP,0
A,7021
S,4,7027,DETECTION,src/tracking/advanced_tracker.py:_activate_slot,7027_237_869_396_973
S,6,7027,DETECTION,src/tracking/advanced_tracker.py:_activate_slot,7027_354_696_511_793
S,7,7027,DETECTION,src/tracking/advanced_tracker.py:_activate_slot,7027_275_1101_446_1199
S,8,7027,DETECTION,src/tracking/advanced_tracker.py:_activate_slot,7027_89_770_223_844
S,9,7027,DETECTION,src/tracking/advanced_tracker.py:_activate_slot,7027_231_293_393_387
S,5,7027,PREDICTION,src/tracking/advanced_tracker.py:kalman_homography,
S,0,7027,PREDICTION,src/tracking/advanced_tracker.py:flow_gapfill_batched,
S,1,7027,PREDICTION,src/tracking/advanced_tracker.py:flow_gapfill_batched,
L,0,7027,PREDICTION,src/tracking/advanced_tracker.py:flow_gapfill_batched,
R,CLAMP,CLAMP,0
L,1,7027,PREDICTION,src/tracking/advanced_tracker.py:flow_gapfill_batched,
R,PREDICTION,PREDICTION,1
L,4,7027,DETECTION,src/tracking/advanced_tracker.py:_activate_slot,7027_237_869_396_973
R,CLAMP,CLAMP,0
L,5,7027,PREDICTION,src/tracking/advanced_tracker.py:kalman_homography,
R,CLAMP,CLAMP,0
L,6,7027,DETECTION,src/tracking/advanced_tracker.py:_activate_slot,7027_354_696_511_793
R,CLAMP,CLAMP,0
L,7,7027,DETECTION,src/tracking/advanced_tracker.py:_activate_slot,7027_275_1101_446_1199
R,CLAMP,CLAMP,0
L,8,7027,DETECTION,src/tracking/advanced_tracker.py:_activate_slot,7027_89_770_223_844
R,CLAMP,CLAMP,0
L,9,7027,DETECTION,src/tracking/advanced_tracker.py:_activate_slot,7027_231_293_393_387
R,CLAMP,CLAMP,0
A,7027
S,1,7033,DETECTION,src/tracking/advanced_tracker.py:_activate_slot,7033_51_887_201_961
S,2,7033,DETECTION,src/tracking/advanced_tracker.py:_activate_slot,7033_271_1117_441_1195
S,4,7033,DETECTION,src/tracking/advanced_tracker.py:_activate_slot,7033_242_867_404_970
S,6,7033,DETECTION,src/tracking/advanced_tracker.py:_activate_slot,7033_354_689_515_781
S,8,7033,DETECTION,src/tracking/advanced_tracker.py:_activate_slot,7033_82_768_221_847
S,9,7033,DETECTION,src/tracking/advanced_tracker.py:_activate_slot,7033_229_294_399_390
S,5,7033,PREDICTION,src/tracking/advanced_tracker.py:flow_gapfill_batched,
S,7,7033,PREDICTION,src/tracking/advanced_tracker.py:flow_gapfill_batched,
D,5,7033
S,9,7033,PREDICTION,src/tracking/advanced_tracker.py:id_merge,
L,1,7033,DETECTION,src/tracking/advanced_tracker.py:_activate_slot,7033_51_887_201_961
R,DETECTION,DETECTION,1
L,2,7033,DETECTION,src/tracking/advanced_tracker.py:_activate_slot,7033_271_1117_441_1195
R,CLAMP,CLAMP,0
L,4,7033,DETECTION,src/tracking/advanced_tracker.py:_activate_slot,7033_242_867_404_970
R,CLAMP,CLAMP,0
L,6,7033,DETECTION,src/tracking/advanced_tracker.py:_activate_slot,7033_354_689_515_781
R,CLAMP,CLAMP,0
L,7,7033,PREDICTION,src/tracking/advanced_tracker.py:flow_gapfill_batched,
R,CLAMP,CLAMP,0
L,8,7033,DETECTION,src/tracking/advanced_tracker.py:_activate_slot,7033_82_768_221_847
R,CLAMP,CLAMP,0
L,9,7033,PREDICTION,src/tracking/advanced_tracker.py:id_merge,
R,CLAMP,CLAMP,0
A,7033
S,1,7039,DETECTION,src/tracking/advanced_tracker.py:_activate_slot,7039_52_883_202_961
S,4,7039,DETECTION,src/tracking/advanced_tracker.py:_activate_slot,7039_232_294_405_389
S,6,7039,DETECTION,src/tracking/advanced_tracker.py:_activate_slot,7039_356_682_510_773
S,7,7039,DETECTION,src/tracking/advanced_tracker.py:_activate_slot,7039_276_1103_447_1185
S,8,7039,DETECTION,src/tracking/advanced_tracker.py:_activate_slot,7039_85_764_221_838
S,9,7039,DETECTION,src/tracking/advanced_tracker.py:_activate_slot,7039_244_858_407_968
S,2,7039,PREDICTION,src/tracking/advanced_tracker.py:kalman_homography,
S,0,7039,PREDICTION,src/tracking/advanced_tracker.py:flow_gapfill_batched,
S,5,7039,PREDICTION,src/tracking/advanced_tracker.py:flow_gapfill_batched,
L,0,7039,PREDICTION,src/tracking/advanced_tracker.py:flow_gapfill_batched,
R,CLAMP,CLAMP,0
L,1,7039,DETECTION,src/tracking/advanced_tracker.py:_activate_slot,7039_52_883_202_961
R,DETECTION,DETECTION,1
L,2,7039,PREDICTION,src/tracking/advanced_tracker.py:kalman_homography,
R,CLAMP,CLAMP,0
L,4,7039,DETECTION,src/tracking/advanced_tracker.py:_activate_slot,7039_232_294_405_389
R,CLAMP,CLAMP,0
L,5,7039,PREDICTION,src/tracking/advanced_tracker.py:flow_gapfill_batched,
R,CLAMP,CLAMP,0
L,6,7039,DETECTION,src/tracking/advanced_tracker.py:_activate_slot,7039_356_682_510_773
R,CLAMP,CLAMP,0
L,7,7039,DETECTION,src/tracking/advanced_tracker.py:_activate_slot,7039_276_1103_447_1185
R,CLAMP,CLAMP,0
L,8,7039,DETECTION,src/tracking/advanced_tracker.py:_activate_slot,7039_85_764_221_838
R,CLAMP,CLAMP,0
L,9,7039,DETECTION,src/tracking/advanced_tracker.py:_activate_slot,7039_244_858_407_968
R,CLAMP,CLAMP,0
A,7039
S,1,7045,DETECTION,src/tracking/advanced_tracker.py:_activate_slot,7045_52_878_202_957
S,2,7045,DETECTION,src/tracking/advanced_tracker.py:_activate_slot,7045_269_1102_443_1180
S,4,7045,DETECTION,src/tracking/advanced_tracker.py:_activate_slot,7045_526_33_674_161
S,6,7045,DETECTION,src/tracking/advanced_tracker.py:_activate_slot,7045_354_674_515_767
S,7,7045,DETECTION,src/tracking/advanced_tracker.py:_activate_slot,7045_247_853_407_961
S,9,7045,DETECTION,src/tracking/advanced_tracker.py:_activate_slot,7045_238_295_407_391
S,0,7045,PREDICTION,src/tracking/advanced_tracker.py:flow_gapfill_batched,
S,5,7045,PREDICTION,src/tracking/advanced_tracker.py:flow_gapfill_batched,
S,8,7045,PREDICTION,src/tracking/advanced_tracker.py:flow_gapfill_batched,
D,5,7045
S,9,7045,PREDICTION,src/tracking/advanced_tracker.py:id_merge,
L,0,7045,PREDICTION,src/tracking/advanced_tracker.py:flow_gapfill_batched,
R,CLAMP,CLAMP,0
L,1,7045,DETECTION,src/tracking/advanced_tracker.py:_activate_slot,7045_52_878_202_957
R,DETECTION,DETECTION,1
L,2,7045,DETECTION,src/tracking/advanced_tracker.py:_activate_slot,7045_269_1102_443_1180
R,CLAMP,CLAMP,0
L,4,7045,DETECTION,src/tracking/advanced_tracker.py:_activate_slot,7045_526_33_674_161
R,CLAMP,CLAMP,0
L,6,7045,DETECTION,src/tracking/advanced_tracker.py:_activate_slot,7045_354_674_515_767
R,CLAMP,CLAMP,0
L,7,7045,DETECTION,src/tracking/advanced_tracker.py:_activate_slot,7045_247_853_407_961
R,CLAMP,CLAMP,0
L,8,7045,PREDICTION,src/tracking/advanced_tracker.py:flow_gapfill_batched,
R,CLAMP,CLAMP,0
L,9,7045,PREDICTION,src/tracking/advanced_tracker.py:id_merge,
R,CLAMP,CLAMP,0
A,7045
S,1,7051,DETECTION,src/tracking/advanced_tracker.py:_activate_slot,7051_53_873_202_951
S,2,7051,DETECTION,src/tracking/advanced_tracker.py:_activate_slot,7051_276_1104_435_1172
S,3,7051,DETECTION,src/tracking/advanced_tracker.py:_activate_slot,7051_249_854_404_956
S,4,7051,DETECTION,src/tracking/advanced_tracker.py:_activate_slot,7051_354_666_510_768
S,5,7051,DETECTION,src/tracking/advanced_tracker.py:_activate_slot,7051_242_294_413_391
S,6,7051,DETECTION,src/tracking/advanced_tracker.py:_activate_slot,7051_323_661_444_731
S,7,7051,PREDICTION,src/tracking/advanced_tracker.py:kalman_homography,
S,9,7051,PREDICTION,src/tracking/advanced_tracker.py:kalman_homography,
S,0,7051,PREDICTION,src/tracking/advanced_tracker.py:flow_gapfill_batched,
S,8,7051,PREDICTION,src/tracking/advanced_tracker.py:flow_gapfill_batched,
L,0,7051,PREDICTION,src/tracking/advanced_tracker.py:flow_gapfill_batched,
R,CLAMP,CLAMP,0
L,1,7051,DETECTION,src/tracking/advanced_tracker.py:_activate_slot,7051_53_873_202_951
R,DETECTION,DETECTION,1
L,2,7051,DETECTION,src/tracking/advanced_tracker.py:_activate_slot,7051_276_1104_435_1172
R,CLAMP,CLAMP,0
L,3,7051,DETECTION,src/tracking/advanced_tracker.py:_activate_slot,7051_249_854_404_956
R,DETECTION,DETECTION,1
L,4,7051,DETECTION,src/tracking/advanced_tracker.py:_activate_slot,7051_354_666_510_768
R,CLAMP,CLAMP,0
L,5,7051,DETECTION,src/tracking/advanced_tracker.py:_activate_slot,7051_242_294_413_391
R,CLAMP,CLAMP,0
L,6,7051,DETECTION,src/tracking/advanced_tracker.py:_activate_slot,7051_323_661_444_731
R,CLAMP,CLAMP,0
L,7,7051,PREDICTION,src/tracking/advanced_tracker.py:kalman_homography,
R,CLAMP,CLAMP,0
L,8,7051,PREDICTION,src/tracking/advanced_tracker.py:flow_gapfill_batched,
R,CLAMP,CLAMP,0
L,9,7051,PREDICTION,src/tracking/advanced_tracker.py:kalman_homography,
R,CLAMP,CLAMP,0
A,7051
S,2,7057,DETECTION,src/tracking/advanced_tracker.py:_activate_slot,7057_271_1098_440_1164
S,3,7057,DETECTION,src/tracking/advanced_tracker.py:_activate_slot,7057_250_855_407_949
S,4,7057,DETECTION,src/tracking/advanced_tracker.py:_activate_slot,7057_50_865_202_953
S,5,7057,DETECTION,src/tracking/advanced_tracker.py:_activate_slot,7057_244_294_412_394
S,6,7057,DETECTION,src/tracking/advanced_tracker.py:_activate_slot,7057_322_664_511_765
S,1,7057,PREDICTION,src/tracking/advanced_tracker.py:kalman_homography,
S,7,7057,PREDICTION,src/tracking/advanced_tracker.py:kalman_homography,
S,9,7057,PREDICTION,src/tracking/advanced_tracker.py:kalman_homography,
S,0,7057,PREDICTION,src/tracking/advanced_tracker.py:flow_gapfill_batched,
S,8,7057,PREDICTION,src/tracking/advanced_tracker.py:flow_gapfill_batched,
D,1,7057
S,4,7057,PREDICTION,src/tracking/advanced_tracker.py:id_merge,
D,7,7057
S,6,7057,PREDICTION,src/tracking/advanced_tracker.py:id_merge,
L,0,7057,PREDICTION,src/tracking/advanced_tracker.py:flow_gapfill_batched,
R,CLAMP,CLAMP,0
L,2,7057,DETECTION,src/tracking/advanced_tracker.py:_activate_slot,7057_271_1098_440_1164
R,CLAMP,CLAMP,0
L,3,7057,DETECTION,src/tracking/advanced_tracker.py:_activate_slot,7057_250_855_407_949
R,DETECTION,DETECTION,1
L,4,7057,PREDICTION,src/tracking/advanced_tracker.py:id_merge,
R,CLAMP,CLAMP,0
L,5,7057,DETECTION,src/tracking/advanced_tracker.py:_activate_slot,7057_244_294_412_394
R,CLAMP,CLAMP,0
L,6,7057,PREDICTION,src/tracking/advanced_tracker.py:id_merge,
R,CLAMP,CLAMP,0
L,8,7057,PREDICTION,src/tracking/advanced_tracker.py:flow_gapfill_batched,
R,CLAMP,CLAMP,0
L,9,7057,PREDICTION,src/tracking/advanced_tracker.py:kalman_homography,
R,CLAMP,CLAMP,0
A,7057
S,0,7063,DETECTION,src/tracking/advanced_tracker.py:_activate_slot,7063_466_1171_637_1273
S,1,7063,DETECTION,src/tracking/advanced_tracker.py:_activate_slot,7063_50_864_203_954
S,2,7063,DETECTION,src/tracking/advanced_tracker.py:_activate_slot,7063_274_1093_442_1159
S,4,7063,DETECTION,src/tracking/advanced_tracker.py:_activate_slot,7063_353_656_513_751
S,5,7063,DETECTION,src/tracking/advanced_tracker.py:_activate_slot,7063_243_293_416_392
S,7,7063,DETECTION,src/tracking/advanced_tracker.py:_activate_slot,7063_258_846_408_953
S,9,7063,DETECTION,src/tracking/advanced_tracker.py:_activate_slot,7063_334_476_464_556
S,3,7063,PREDICTION,src/tracking/advanced_tracker.py:kalman_homography,
S,6,7063,PREDICTION,src/tracking/advanced_tracker.py:kalman_homography,
S,8,7063,PREDICTION,src/tracking/advanced_tracker.py:flow_gapfill_batched,
D,3,7063
S,2,7063,PREDICTION,src/tracking/advanced_tracker.py:id_merge,
L,0,7063,DETECTION,src/tracking/advanced_tracker.py:_activate_slot,7063_466_1171_637_1273
R,CLAMP,CLAMP,0
L,1,7063,DETECTION,src/tracking/advanced_tracker.py:_activate_slot,7063_50_864_203_954
R,DETECTION,DETECTION,1
L,2,7063,PREDICTION,src/tracking/advanced_tracker.py:id_merge,
R,CLAMP,CLAMP,0
L,4,7063,DETECTION,src/tracking/advanced_tracker.py:_activate_slot,7063_353_656_513_751
R,CLAMP,CLAMP,0
L,5,7063,DETECTION,src/tracking/advanced_tracker.py:_activate_slot,7063_243_293_416_392
R,CLAMP,CLAMP,0
L,6,7063,PREDICTION,src/tracking/advanced_tracker.py:kalman_homography,
R,CLAMP,CLAMP,0
L,7,7063,DETECTION,src/tracking/advanced_tracker.py:_activate_slot,7063_258_846_408_953
R,CLAMP,CLAMP,0
L,8,7063,PREDICTION,src/tracking/advanced_tracker.py:flow_gapfill_batched,
R,CLAMP,CLAMP,0
L,9,7063,DETECTION,src/tracking/advanced_tracker.py:_activate_slot,7063_334_476_464_556
R,CLAMP,CLAMP,0
A,7063
S,1,7069,DETECTION,src/tracking/advanced_tracker.py:_activate_slot,7069_52_858_202_947
S,2,7069,DETECTION,src/tracking/advanced_tracker.py:_activate_slot,7069_272_1081_446_1151
S,3,7069,DETECTION,src/tracking/advanced_tracker.py:_activate_slot,7069_353_649_511_741
S,5,7069,DETECTION,src/tracking/advanced_tracker.py:_activate_slot,7069_251_293_422_388
S,7,7069,DETECTION,src/tracking/advanced_tracker.py:_activate_slot,7069_265_834_415_960
S,9,7069,DETECTION,src/tracking/advanced_tracker.py:_activate_slot,7069_335_493_476_576
S,0,7069,PREDICTION,src/tracking/advanced_tracker.py:kalman_homography,
S,4,7069,PREDICTION,src/tracking/advanced_tracker.py:kalman_homography,
S,6,7069,PREDICTION,src/tracking/advanced_tracker.py:kalman_homography,
S,8,7069,PREDICTION,src/tracking/advanced_tracker.py:flow_gapfill_batched,
D,4,7069
S,3,7069,PREDICTION,src/tracking/advanced_tracker.py:id_merge,
L,0,7069,PREDICTION,src/tracking/advanced_tracker.py:kalman_homography,
R,CLAMP,CLAMP,0
L,1,7069,DETECTION,src/tracking/advanced_tracker.py:_activate_slot,7069_52_858_202_947
R,DETECTION,DETECTION,1
L,2,7069,DETECTION,src/tracking/advanced_tracker.py:_activate_slot,7069_272_1081_446_1151
R,CLAMP,CLAMP,0
L,3,7069,PREDICTION,src/tracking/advanced_tracker.py:id_merge,
R,PREDICTION,PREDICTION,1
L,5,7069,DETECTION,src/tracking/advanced_tracker.py:_activate_slot,7069_251_293_422_388
R,CLAMP,CLAMP,0
L,6,7069,PREDICTION,src/tracking/advanced_tracker.py:kalman_homography,
R,CLAMP,CLAMP,0
L,7,7069,DETECTION,src/tracking/advanced_tracker.py:_activate_slot,7069_265_834_415_960
R,CLAMP,CLAMP,0
L,8,7069,PREDICTION,src/tracking/advanced_tracker.py:flow_gapfill_batched,
R,CLAMP,CLAMP,0
L,9,7069,DETECTION,src/tracking/advanced_tracker.py:_activate_slot,7069_335_493_476_576
R,CLAMP,CLAMP,0
A,7069
S,0,7075,DETECTION,src/tracking/advanced_tracker.py:_activate_slot,7075_467_1151_632_1253
S,1,7075,DETECTION,src/tracking/advanced_tracker.py:_activate_slot,7075_54_856_201_936
S,2,7075,DETECTION,src/tracking/advanced_tracker.py:_activate_slot,7075_274_1073_447_1143
S,5,7075,DETECTION,src/tracking/advanced_tracker.py:_activate_slot,7075_247_292_419_370
S,6,7075,DETECTION,src/tracking/advanced_tracker.py:_activate_slot,7075_354_646_511_738
S,7,7075,DETECTION,src/tracking/advanced_tracker.py:_activate_slot,7075_270_832_418_962
S,8,7075,DETECTION,src/tracking/advanced_tracker.py:_activate_slot,7075_341_724_477_809
S,9,7075,DETECTION,src/tracking/advanced_tracker.py:_activate_slot,7075_247_291_429_386
S,3,7075,PREDICTION,src/tracking/advanced_tracker.py:kalman_homography,
S,4,7075,PREDICTION,src/tracking/advanced_tracker.py:kalman_homography,
D,4,7075
S,2,7075,PREDICTION,src/tracking/advanced_tracker.py:id_merge,
D,5,7075
S,9,7075,PREDICTION,src/tracking/advanced_tracker.py:id_merge,
D,6,7075
S,8,7075,PREDICTION,src/tracking/advanced_tracker.py:id_merge,
D,7,7075
S,8,7075,PREDICTION,src/tracking/advanced_tracker.py:id_merge,
L,0,7075,DETECTION,src/tracking/advanced_tracker.py:_activate_slot,7075_467_1151_632_1253
R,CLAMP,CLAMP,0
L,1,7075,DETECTION,src/tracking/advanced_tracker.py:_activate_slot,7075_54_856_201_936
R,DETECTION,DETECTION,1
L,2,7075,PREDICTION,src/tracking/advanced_tracker.py:id_merge,
R,CLAMP,CLAMP,0
L,3,7075,PREDICTION,src/tracking/advanced_tracker.py:kalman_homography,
R,PREDICTION,PREDICTION,1
L,8,7075,PREDICTION,src/tracking/advanced_tracker.py:id_merge,
R,CLAMP,CLAMP,0
L,9,7075,PREDICTION,src/tracking/advanced_tracker.py:id_merge,
R,CLAMP,CLAMP,0
A,7075
S,0,7081,DETECTION,src/tracking/advanced_tracker.py:_activate_slot,7081_467_1143_633_1237
S,1,7081,DETECTION,src/tracking/advanced_tracker.py:_activate_slot,7081_54_855_200_930
S,5,7081,DETECTION,src/tracking/advanced_tracker.py:_activate_slot,7081_257_288_434_383
S,6,7081,DETECTION,src/tracking/advanced_tracker.py:_activate_slot,7081_353_642_511_734
S,7,7081,DETECTION,src/tracking/advanced_tracker.py:_activate_slot,7081_273_826_412_955
S,9,7081,DETECTION,src/tracking/advanced_tracker.py:_activate_slot,7081_332_542_487_617
S,2,7081,PREDICTION,src/tracking/advanced_tracker.py:kalman_homography,
S,3,7081,PREDICTION,src/tracking/advanced_tracker.py:kalman_homography,
S,4,7081,PREDICTION,src/tracking/advanced_tracker.py:kalman_homography,
S,8,7081,PREDICTION,src/tracking/advanced_tracker.py:kalman_homography,
D,4,7081
S,2,7081,PREDICTION,src/tracking/advanced_tracker.py:id_merge,
D,8,7081
S,6,7081,PREDICTION,src/tracking/advanced_tracker.py:id_merge,
D,6,7081
S,9,7081,PREDICTION,src/tracking/advanced_tracker.py:id_merge,
L,0,7081,DETECTION,src/tracking/advanced_tracker.py:_activate_slot,7081_467_1143_633_1237
R,CLAMP,CLAMP,0
L,1,7081,DETECTION,src/tracking/advanced_tracker.py:_activate_slot,7081_54_855_200_930
R,DETECTION,DETECTION,1
L,2,7081,PREDICTION,src/tracking/advanced_tracker.py:id_merge,
R,CLAMP,CLAMP,0
L,3,7081,PREDICTION,src/tracking/advanced_tracker.py:kalman_homography,
R,PREDICTION,PREDICTION,1
L,5,7081,DETECTION,src/tracking/advanced_tracker.py:_activate_slot,7081_257_288_434_383
R,CLAMP,CLAMP,0
L,7,7081,DETECTION,src/tracking/advanced_tracker.py:_activate_slot,7081_273_826_412_955
R,CLAMP,CLAMP,0
L,9,7081,PREDICTION,src/tracking/advanced_tracker.py:id_merge,
R,CLAMP,CLAMP,0
A,7081
S,1,7087,DETECTION,src/tracking/advanced_tracker.py:_activate_slot,7087_58_851_201_921
S,3,7087,DETECTION,src/tracking/advanced_tracker.py:_activate_slot,7087_294_85_466_176
S,0,7087,DETECTION,src/tracking/advanced_tracker.py:_activate_slot,7087_466_1133_630_1227
S,5,7087,DETECTION,src/tracking/advanced_tracker.py:_activate_slot,7087_258_285_433_375
S,6,7087,DETECTION,src/tracking/advanced_tracker.py:_activate_slot,7087_351_633_510_729
S,7,7087,DETECTION,src/tracking/advanced_tracker.py:_activate_slot,7087_274_828_416_946
S,9,7087,DETECTION,src/tracking/advanced_tracker.py:_activate_slot,7087_329_563_494_637
S,2,7087,PREDICTION,src/tracking/advanced_tracker.py:kalman_homography,
S,4,7087,PREDICTION,src/tracking/advanced_tracker.py:kalman_homography,
S,8,7087,PREDICTION,src/tracking/advanced_tracker.py:kalman_homography,
D,4,7087
S,2,7087,PREDICTION,src/tracking/advanced_tracker.py:id_merge,
D,8,7087
S,6,7087,PREDICTION,src/tracking/advanced_tracker.py:id_merge,
D,6,7087
S,9,7087,PREDICTION,src/tracking/advanced_tracker.py:id_merge,
L,0,7087,DETECTION,src/tracking/advanced_tracker.py:_activate_slot,7087_466_1133_630_1227
R,CLAMP,CLAMP,0
L,1,7087,DETECTION,src/tracking/advanced_tracker.py:_activate_slot,7087_58_851_201_921
R,DETECTION,DETECTION,1
L,2,7087,PREDICTION,src/tracking/advanced_tracker.py:id_merge,
R,CLAMP,CLAMP,0
L,3,7087,DETECTION,src/tracking/advanced_tracker.py:_activate_slot,7087_294_85_466_176
R,CLAMP,CLAMP,0
L,5,7087,DETECTION,src/tracking/advanced_tracker.py:_activate_slot,7087_258_285_433_375
R,CLAMP,CLAMP,0
L,7,7087,DETECTION,src/tracking/advanced_tracker.py:_activate_slot,7087_274_828_416_946
R,CLAMP,CLAMP,0
L,9,7087,PREDICTION,src/tracking/advanced_tracker.py:id_merge,
R,CLAMP,CLAMP,0
A,7087
S,0,7093,DETECTION,src/tracking/advanced_tracker.py:_activate_slot,7093_468_1121_632_1211
S,1,7093,DETECTION,src/tracking/advanced_tracker.py:_activate_slot,7093_55_847_200_919
S,2,7093,DETECTION,src/tracking/advanced_tracker.py:_activate_slot,7093_273_1041_430_1119
S,3,7093,DETECTION,src/tracking/advanced_tracker.py:_activate_slot,7093_297_87_470_183
S,5,7093,DETECTION,src/tracking/advanced_tracker.py:_activate_slot,7093_258_281_433_370
S,6,7093,DETECTION,src/tracking/advanced_tracker.py:_activate_slot,7093_349_632_508_720
S,7,7093,DETECTION,src/tracking/advanced_tracker.py:_activate_slot,7093_272_835_418_940
S,9,7093,DETECTION,src/tracking/advanced_tracker.py:_activate_slot,7093_330_588_484_660
S,4,7093,PREDICTION,src/tracking/advanced_tracker.py:kalman_homography,
S,8,7093,PREDICTION,src/tracking/advanced_tracker.py:kalman_homography,
D,4,7093
S,2,7093,PREDICTION,src/tracking/advanced_tracker.py:id_merge,
D,6,7093
S,9,7093,PREDICTION,src/tracking/advanced_tracker.py:id_merge,
L,0,7093,DETECTION,src/tracking/advanced_tracker.py:_activate_slot,7093_468_1121_632_1211
R,CLAMP,CLAMP,0
L,1,7093,DETECTION,src/tracking/advanced_tracker.py:_activate_slot,7093_55_847_200_919
R,DETECTION,DETECTION,1
L,2,7093,PREDICTION,src/tracking/advanced_tracker.py:id_merge,
R,CLAMP,CLAMP,0
L,3,7093,DETECTION,src/tracking/advanced_tracker.py:_activate_slot,7093_297_87_470_183
R,CLAMP,CLAMP,0
L,5,7093,DETECTION,src/tracking/advanced_tracker.py:_activate_slot,7093_258_281_433_370
R,CLAMP,CLAMP,0
L,7,7093,DETECTION,src/tracking/advanced_tracker.py:_activate_slot,7093_272_835_418_940
R,CLAMP,CLAMP,0
L,8,7093,PREDICTION,src/tracking/advanced_tracker.py:kalman_homography,
R,CLAMP,CLAMP,0
L,9,7093,PREDICTION,src/tracking/advanced_tracker.py:id_merge,
R,CLAMP,CLAMP,0
A,7093
