S,0,3481,DETECTION,src/tracking/advanced_tracker.py:_activate_slot,3481_355_316_566_431
S,1,3481,DETECTION,src/tracking/advanced_tracker.py:_activate_slot,3481_311_1158_565_1264
S,2,3481,DETECTION,src/tracking/advanced_tracker.py:_activate_slot,3481_461_482_675_609
S,3,3481,DETECTION,src/tracking/advanced_tracker.py:_activate_slot,3481_203_512_432_616
S,4,3481,DETECTION,src/tracking/advanced_tracker.py:_activate_slot,3481_425_224_571_332
D,0,3481
S,1,3481,PREDICTION,src/tracking/advanced_tracker.py:id_merge,
D,1,3481
S,3,3481,PREDICTION,src/tracking/advanced_tracker.py:id_merge,
D,2,3481
S,4,3481,PREDICTION,src/tracking/advanced_tracker.py:id_merge,
D,3,3481
S,4,3481,PREDICTION,src/tracking/advanced_tracker.py:id_merge,
L,4,3481,PREDICTION,src/tracking/advanced_tracker.py:id_merge,
R,PREDICTION,PREDICTION,1
A,3481
S,0,3487,DETECTION,src/tracking/advanced_tracker.py:_activate_slot,3487_381_333_567_445
S,1,3487,DETECTION,src/tracking/advanced_tracker.py:_activate_slot,3487_342_1194_596_1294
S,2,3487,DETECTION,src/tracking/advanced_tracker.py:_activate_slot,3487_488_492_675_612
S,3,3487,DETECTION,src/tracking/advanced_tracker.py:_activate_slot,3487_226_513_446_627
S,4,3487,DETECTION,src/tracking/advanced_tracker.py:_activate_slot,3487_454_220_675_356
D,0,3487
S,1,3487,PREDICTION,src/tracking/advanced_tracker.py:id_merge,
D,1,3487
S,3,3487,PREDICTION,src/tracking/advanced_tracker.py:id_merge,
D,2,3487
S,4,3487,PREDICTION,src/tracking/advanced_tracker.py:id_merge,
D,3,3487
S,4,3487,PREDICTION,src/tracking/advanced_tracker.py:id_merge,
L,4,3487,PREDICTION,src/tracking/advanced_tracker.py:id_merge,
R,PREDICTION,PREDICTION,1
A,3487
S,0,3493,DETECTION,src/tracking/advanced_tracker.py:_activate_slot,3493_226_575_409_671
S,3,3493,DETECTION,src/tracking/advanced_tracker.py:_activate_slot,3493_248_515_459_629
S,5,3493,DETECTION,src/tracking/advanced_tracker.py:_activate_slot,3493_142_1123_352_1221
S,6,3493,DETECTION,src/tracking/advanced_tracker.py:_activate_slot,3493_482_246_675_369
S,7,3493,DETECTION,src/tracking/advanced_tracker.py:_activate_slot,3493_470_779_675_880
S,8,3493,DETECTION,src/tracking/advanced_tracker.py:_activate_slot,3493_177_397_378_488
S,9,3493,DETECTION,src/tracking/advanced_tracker.py:_activate_slot,3493_314_37_484_162
S,1,3493,PREDICTION,src/tracking/advanced_tracker.py:kalman_homography,
D,1,3493
S,0,3493,PREDICTION,src/tracking/advanced_tracker.py:id_merge,
D,0,3493
S,3,3493,PREDICTION,src/tracking/advanced_tracker.py:id_merge,
D,5,3493
S,6,3493,PREDICTION,src/tracking/advanced_tracker.py:id_merge,
D,6,3493
S,9,3493,PREDICTION,src/tracking/advanced_tracker.py:id_merge,
D,8,3493
S,9,3493,PREDICTION,src/tracking/advanced_tracker.py:id_merge,
L,3,3493,PREDICTION,src/tracking/advanced_tracker.py:id_merge,
R,PREDICTION,PREDICTION,1
L,7,3493,DETECTION,src/tracking/advanced_tracker.py:_activate_slot,3493_470_779_675_880
R,DETECTION,DETECTION,1
L,9,3493,PREDICTION,src/tracking/advanced_tracker.py:id_merge,
R,PREDICTION,PREDICTION,1
A,3493
S,0,3499,DETECTION,src/tracking/advanced_tracker.py:_activate_slot,3499_258_722_466_863
S,3,3499,DETECTION,src/tracking/advanced_tracker.py:_activate_slot,3499_256_523_480_667
S,5,3499,DETECTION,src/tracking/advanced_tracker.py:_activate_slot,3499_157_1145_368_1257
S,7,3499,DETECTION,src/tracking/advanced_tracker.py:_activate_slot,3499_489_803_675_900
S,8,3499,DETECTION,src/tracking/advanced_tracker.py:_activate_slot,3499_185_407_391_499
S,9,3499,DETECTION,src/tracking/advanced_tracker.py:_activate_slot,3499_325_31_504_163
S,1,3499,PREDICTION,src/tracking/advanced_tracker.py:kalman_homography,
D,1,3499
S,3,3499,PREDICTION,src/tracking/advanced_tracker.py:id_merge,
D,5,3499
S,8,3499,PREDICTION,src/tracking/advanced_tracker.py:id_merge,
D,8,3499
S,9,3499,PREDICTION,src/tracking/advanced_tracker.py:id_merge,
L,0,3499,DETECTION,src/tracking/advanced_tracker.py:_activate_slot,3499_258_722_466_863
R,DETECTION,DETECTION,1
L,3,3499,PREDICTION,src/tracking/advanced_tracker.py:id_merge,
R,PREDICTION,PREDICTION,1
L,7,3499,DETECTION,src/tracking/advanced_tracker.py:_activate_slot,3499_489_803_675_900
R,DETECTION,DETECTION,1
L,9,3499,PREDICTION,src/tracking/advanced_tracker.py:id_merge,
R,PREDICTION,PREDICTION,1
A,3499
S,0,3505,DETECTION,src/tracking/advanced_tracker.py:_activate_slot,3505_261_721_481_867
S,3,3505,DETECTION,src/tracking/advanced_tracker.py:_activate_slot,3505_266_529_495_643
S,5,3505,DETECTION,src/tracking/advanced_tracker.py:_activate_slot,3505_162_1183_378_1293
S,8,3505,DETECTION,src/tracking/advanced_tracker.py:_activate_slot,3505_187_398_401_507
S,9,3505,DETECTION,src/tracking/advanced_tracker.py:_activate_slot,3505_338_15_525_153
D,5,3505
S,8,3505,PREDICTION,src/tracking/advanced_tracker.py:id_merge,
D,8,3505
S,9,3505,PREDICTION,src/tracking/advanced_tracker.py:id_merge,
L,0,3505,DETECTION,src/tracking/advanced_tracker.py:_activate_slot,3505_261_721_481_867
R,DETECTION,DETECTION,1
L,3,3505,DETECTION,src/tracking/advanced_tracker.py:_activate_slot,3505_266_529_495_643
R,DETECTION,DETECTION,1
L,9,3505,PREDICTION,src/tracking/advanced_tracker.py:id_merge,
R,PREDICTION,PREDICTION,1
A,3505
S,0,3511,DETECTION,src/tracking/advanced_tracker.py:_activate_slot,3511_263_728_501_852
S,2,3511,DETECTION,src/tracking/advanced_tracker.py:_activate_slot,3511_422_393_652_518
S,3,3511,DETECTION,src/tracking/advanced_tracker.py:_activate_slot,3511_272_504_494_651
S,5,3511,DETECTION,src/tracking/advanced_tracker.py:_activate_slot,3511_180_1231_389_1295
S,7,3511,DETECTION,src/tracking/advanced_tracker.py:_activate_slot,3511_186_846_409_1006
S,8,3511,DETECTION,src/tracking/advanced_tracker.py:_activate_slot,3511_187_409_415_513
S,9,3511,DETECTION,src/tracking/advanced_tracker.py:_activate_slot,3511_366_-5_540_137
S,1,3511,PREDICTION,src/tracking/advanced_tracker.py:flow_gapfill_batched,
D,0,3511
S,2,3511,PREDICTION,src/tracking/advanced_tracker.py:id_merge,
D,1,3511
S,3,3511,PREDICTION,src/tracking/advanced_tracker.py:id_merge,
D,2,3511
S,3,3511,PREDICTION,src/tracking/advanced_tracker.py:id_merge,
D,5,3511
S,7,3511,PREDICTION,src/tracking/advanced_tracker.py:id_merge,
D,7,3511
S,9,3511,PREDICTION,src/tracking/advanced_tracker.py:id_merge,
D,8,3511
S,9,3511,PREDICTION,src/tracking/advanced_tracker.py:id_merge,
L,3,3511,PREDICTION,src/tracking/advanced_tracker.py:id_merge,
R,PREDICTION,PREDICTION,1
L,9,3511,PREDICTION,src/tracking/advanced_tracker.py:id_merge,
R,PREDICTION,PREDICTION,1
A,3511
S,0,3517,DETECTION,src/tracking/advanced_tracker.py:_activate_slot,3517_272_742_530_859
S,2,3517,DETECTION,src/tracking/advanced_tracker.py:_activate_slot,3517_185_403_426_513
S,3,3517,DETECTION,src/tracking/advanced_tracker.py:_activate_slot,3517_276_522_505_662
S,7,3517,DETECTION,src/tracking/advanced_tracker.py:_activate_slot,3517_201_847_425_975
S,8,3517,DETECTION,src/tracking/advanced_tracker.py:_activate_slot,3517_429_405_669_534
S,9,3517,DETECTION,src/tracking/advanced_tracker.py:_activate_slot,3517_166_1135_353_1251
S,5,3517,PREDICTION,src/tracking/advanced_tracker.py:flow_gapfill_batched,
D,2,3517
S,3,3517,PREDICTION,src/tracking/advanced_tracker.py:id_merge,
D,5,3517
S,7,3517,PREDICTION,src/tracking/advanced_tracker.py:id_merge,
D,7,3517
S,8,3517,PREDICTION,src/tracking/advanced_tracker.py:id_merge,
D,8,3517
S,9,3517,PREDICTION,src/tracking/advanced_tracker.py:id_merge,
L,0,3517,DETECTION,src/tracking/advanced_tracker.py:_activate_slot,3517_272_742_530_859
R,CLAMP,CLAMP,0
L,3,3517,PREDICTION,src/tracking/advanced_tracker.py:id_merge,
R,PREDICTION,PREDICTION,1
L,9,3517,PREDICTION,src/tracking/advanced_tracker.py:id_merge,
R,PREDICTION,PREDICTION,1
A,3517
S,0,3523,DETECTION,src/tracking/advanced_tracker.py:_activate_slot,3523_287_752_554_861
S,2,3523,DETECTION,src/tracking/advanced_tracker.py:_activate_slot,3523_184_398_435_515
S,3,3523,DETECTION,src/tracking/advanced_tracker.py:_activate_slot,3523_289_526_517_678
S,5,3523,DETECTION,src/tracking/advanced_tracker.py:_activate_slot,3523_165_1177_360_1293
S,6,3523,DETECTION,src/tracking/advanced_tracker.py:_activate_slot,3523_561_281_675_412
S,7,3523,DETECTION,src/tracking/advanced_tracker.py:_activate_slot,3523_205_840_435_958
S,9,3523,DETECTION,src/tracking/advanced_tracker.py:_activate_slot,3523_297_147_456_264
D,2,3523
S,3,3523,PREDICTION,src/tracking/advanced_tracker.py:id_merge,
D,5,3523
S,6,3523,PREDICTION,src/tracking/advanced_tracker.py:id_merge,
D,6,3523
S,7,3523,PREDICTION,src/tracking/advanced_tracker.py:id_merge,
D,7,3523
S,9,3523,PREDICTION,src/tracking/advanced_tracker.py:id_merge,
L,0,3523,DETECTION,src/tracking/advanced_tracker.py:_activate_slot,3523_287_752_554_861
R,CLAMP,CLAMP,0
L,3,3523,PREDICTION,src/tracking/advanced_tracker.py:id_merge,
R,PREDICTION,PREDICTION,1
L,9,3523,PREDICTION,src/tracking/advanced_tracker.py:id_merge,
R,PREDICTION,PREDICTION,1
A,3523
S,0,3529,DETECTION,src/tracking/advanced_tracker.py:_activate_slot,3529_298_761_551_871
S,2,3529,DETECTION,src/tracking/advanced_tracker.py:_activate_slot,3529_412_441_675_614
S,3,3529,DETECTION,src/tracking/advanced_tracker.py:_activate_slot,3529_289_556_556_718
S,6,3529,DETECTION,src/tracking/advanced_tracker.py:_activate_slot,3529_580_281_675_404
S,7,3529,DETECTION,src/tracking/advanced_tracker.py:_activate_slot,3529_201_815_448_947
S,9,3529,DETECTION,src/tracking/advanced_tracker.py:_activate_slot,3529_182_395_445_515
S,5,3529,DETECTION,src/tracking/advanced_tracker.py:_activate_slot,3529_143_1219_357_1295
S,8,3529,PREDICTION,src/tracking/advanced_tracker.py:flow_gapfill_batched,
D,2,3529
S,3,3529,PREDICTION,src/tracking/advanced_tracker.py:id_merge,
D,5,3529
S,6,3529,PREDICTION,src/tracking/advanced_tracker.py:id_merge,
D,6,3529
S,7,3529,PREDICTION,src/tracking/advanced_tracker.py:id_merge,
D,8,3529
S,7,3529,PREDICTION,src/tracking/advanced_tracker.py:id_merge,
L,0,3529,DETECTION,src/tracking/advanced_tracker.py:_activate_slot,3529_298_761_551_871
R,CLAMP,CLAMP,0
L,3,3529,PREDICTION,src/tracking/advanced_tracker.py:id_merge,
R,PREDICTION,PREDICTION,1
L,7,3529,PREDICTION,src/tracking/advanced_tracker.py:id_merge,
R,CLAMP,CLAMP,0
L,9,3529,DETECTION,src/tracking/advanced_tracker.py:_activate_slot,3529_182_395_445_515
R,DETECTION,DETECTION,1
A,3529
S,0,3535,DETECTION,src/tracking/advanced_tracker.py:_activate_slot,3535_285_668_565_837
S,2,3535,DETECTION,src/tracking/advanced_tracker.py:_activate_slot,3535_411_475_672_643
S,3,3535,DETECTION,src/tracking/advanced_tracker.py:_activate_slot,3535_279_503_567_753
S,5,3535,DETECTION,src/tracking/advanced_tracker.py:_activate_slot,3535_301_107_475_227
S,7,3535,DETECTION,src/tracking/advanced_tracker.py:_activate_slot,3535_213_820_466_938
S,9,3535,DETECTION,src/tracking/advanced_tracker.py:_activate_slot,3535_175_390_452_517
S,6,3535,PREDICTION,src/tracking/advanced_tracker.py:flow_gapfill_batched,
S,8,3535,PREDICTION,src/tracking/advanced_tracker.py:flow_gapfill_batched,
D,2,3535
S,3,3535,PREDICTION,src/tracking/advanced_tracker.py:id_merge,
D,6,3535
S,5,3535,PREDICTION,src/tracking/advanced_tracker.py:id_merge,
D,5,3535
S,7,3535,PREDICTION,src/tracking/advanced_tracker.py:id_merge,
D,8,3535
S,7,3535,PREDICTION,src/tracking/advanced_tracker.py:id_merge,
D,7,3535
S,9,3535,PREDICTION,src/tracking/advanced_tracker.py:id_merge,
L,0,3535,DETECTION,src/tracking/advanced_tracker.py:_activate_slot,3535_285_668_565_837
R,DETECTION,DETECTION,1
L,3,3535,PREDICTION,src/tracking/advanced_tracker.py:id_merge,
R,PREDICTION,PREDICTION,1
L,9,3535,PREDICTION,src/tracking/advanced_tracker.py:id_merge,
R,PREDICTION,PREDICTION,1
A,3535
S,2,3541,DETECTION,src/tracking/advanced_tracker.py:_activate_slot,3541_398_527_673_667
S,3,3541,DETECTION,src/tracking/advanced_tracker.py:_activate_slot,3541_354_1016_567_1146
S,5,3541,DETECTION,src/tracking/advanced_tracker.py:_activate_slot,3541_299_85_485_231
S,9,3541,DETECTION,src/tracking/advanced_tracker.py:_activate_slot,3541_167_385_458_517
S,7,3541,DETECTION,src/tracking/advanced_tracker.py:_activate_slot,3541_199_812_486_930
S,0,3541,PREDICTION,src/tracking/advanced_tracker.py:kalman_homography,
S,6,3541,PREDICTION,src/tracking/advanced_tracker.py:flow_gapfill_batched,
S,8,3541,PREDICTION,src/tracking/advanced_tracker.py:flow_gapfill_batched,
D,6,3541
S,5,3541,PREDICTION,src/tracking/advanced_tracker.py:id_merge,
D,5,3541
S,7,3541,PREDICTION,src/tracking/advanced_tracker.py:id_merge,
D,8,3541
S,7,3541,PREDICTION,src/tracking/advanced_tracker.py:id_merge,
D,7,3541
S,9,3541,PREDICTION,src/tracking/advanced_tracker.py:id_merge,
L,0,3541,PREDICTION,src/tracking/advanced_tracker.py:kalman_homography,
R,PREDICTION,PREDICTION,1
L,2,3541,DETECTION,src/tracking/advanced_tracker.py:_activate_slot,3541_398_527_673_667
R,DETECTION,DETECTION,1
L,3,3541,DETECTION,src/tracking/advanced_tracker.py:_activate_slot,3541_354_1016_567_1146
R,DETECTION,DETECTION,1
L,9,3541,PREDICTION,src/tracking/advanced_tracker.py:id_merge,
R,PREDICTION,PREDICTION,1
A,3541
S,0,3547,DETECTION,src/tracking/advanced_tracker.py:_activate_slot,3547_270_640_574_880
S,2,3547,DETECTION,src/tracking/advanced_tracker.py:_activate_slot,3547_161_380_468_520
S,3,3547,DETECTION,src/tracking/advanced_tracker.py:_activate_slot,3547_385_965_671_1131
S,5,3547,DETECTION,src/tracking/advanced_tracker.py:_activate_slot,3547_301_70_489_207
S,7,3547,DETECTION,src/tracking/advanced_tracker.py:_activate_slot,3547_192_786_390_924
S,9,3547,DETECTION,src/tracking/advanced_tracker.py:_activate_slot,3547_123_1002_336_1128
S,6,3547,PREDICTION,src/tracking/advanced_tracker.py:flow_gapfill_batched,
S,8,3547,PREDICTION,src/tracking/advanced_tracker.py:flow_gapfill_batched,
D,2,3547
S,3,3547,PREDICTION,src/tracking/advanced_tracker.py:id_merge,
D,6,3547
S,5,3547,PREDICTION,src/tracking/advanced_tracker.py:id_merge,
D,8,3547
S,5,3547,PREDICTION,src/tracking/advanced_tracker.py:id_merge,
D,5,3547
S,9,3547,PREDICTION,src/tracking/advanced_tracker.py:id_merge,
L,0,3547,DETECTION,src/tracking/advanced_tracker.py:_activate_slot,3547_270_640_574_880
R,DETECTION,DETECTION,1
L,3,3547,PREDICTION,src/tracking/advanced_tracker.py:id_merge,
R,PREDICTION,PREDICTION,1
L,7,3547,DETECTION,src/tracking/advanced_tracker.py:_activate_slot,3547_192_786_390_924
R,CLAMP,CLAMP,0
L,9,3547,PREDICTION,src/tracking/advanced_tracker.py:id_merge,
R,PREDICTION,PREDICTION,1
A,3547
S,0,3553,DETECTION,src/tracking/advanced_tracker.py:_activate_slot,3553_194_756_436_895
S,2,3553,DETECTION,src/tracking/advanced_tracker.py:_activate_slot,3553_397_556_673_760
S,5,3553,DETECTION,src/tracking/advanced_tracker.py:_activate_slot,3553_137_164_309_272
S,8,3553,DETECTION,src/tracking/advanced_tracker.py:_activate_slot,3553_266_161_452_329
S,9,3553,DETECTION,src/tracking/advanced_tracker.py:_activate_slot,3553_144_1091_342_1197
S,7,3553,PREDICTION,src/tracking/advanced_tracker.py:kalman_homography,
S,6,3553,PREDICTION,src/tracking/advanced_tracker.py:flow_gapfill_batched,
D,0,3553
S,2,3553,PREDICTION,src/tracking/advanced_tracker.py:id_merge,
D,6,3553
S,5,3553,PREDICTION,src/tracking/advanced_tracker.py:id_merge,
D,5,3553
S,8,3553,PREDICTION,src/tracking/advanced_tracker.py:id_merge,
D,8,3553
S,9,3553,PREDICTION,src/tracking/advanced_tracker.py:id_merge,
L,2,3553,PREDICTION,src/tracking/advanced_tracker.py:id_merge,
R,PREDICTION,PREDICTION,1
L,7,3553,PREDICTION,src/tracking/advanced_tracker.py:kalman_homography,
R,CLAMP,CLAMP,0
L,9,3553,PREDICTION,src/tracking/advanced_tracker.py:id_merge,
R,PREDICTION,PREDICTION,1
A,3553
S,0,3559,DETECTION,src/tracking/advanced_tracker.py:_activate_slot,3559_134_168_309_275
S,2,3559,DETECTION,src/tracking/advanced_tracker.py:_activate_slot,3559_102_551_289_647
S,5,3559,DETECTION,src/tracking/advanced_tracker.py:_activate_slot,3559_300_78_490_213
S,8,3559,DETECTION,src/tracking/advanced_tracker.py:_activate_slot,3559_219_234_389_448
S,7,3559,PREDICTION,src/tracking/advanced_tracker.py:kalman_homography,
S,6,3559,PREDICTION,src/tracking/advanced_tracker.py:flow_gapfill_batched,
S,9,3559,PREDICTION,src/tracking/advanced_tracker.py:flow_gapfill_batched,
D,6,3559
S,5,3559,PREDICTION,src/tracking/advanced_tracker.py:id_merge,
D,5,3559
S,8,3559,PREDICTION,src/tracking/advanced_tracker.py:id_merge,
D,9,3559
S,8,3559,PREDICTION,src/tracking/advanced_tracker.py:id_merge,
L,0,3559,DETECTION,src/tracking/advanced_tracker.py:_activate_slot,3559_134_168_309_275
R,CLAMP,CLAMP,0
L,2,3559,DETECTION,src/tracking/advanced_tracker.py:_activate_slot,3559_102_551_289_647
R,CLAMP,CLAMP,0
L,7,3559,PREDICTION,src/tracking/advanced_tracker.py:kalman_homography,
R,CLAMP,CLAMP,0
L,8,3559,PREDICTION,src/tracking/advanced_tracker.py:id_merge,
R,PREDICTION,PREDICTION,1
A,3559
S,2,3565,DETECTION,src/tracking/advanced_tracker.py:_activate_slot,3565_97_546_292_648
S,3,3565,DETECTION,src/tracking/advanced_tracker.py:_activate_slot,3565_296_602_522_736
S,5,3565,DETECTION,src/tracking/advanced_tracker.py:_activate_slot,3565_294_76_488_229
S,7,3565,DETECTION,src/tracking/advanced_tracker.py:_activate_slot,3565_134_164_306_273
S,8,3565,DETECTION,src/tracking/advanced_tracker.py:_activate_slot,3565_216_231_386_447
S,9,3565,DETECTION,src/tracking/advanced_tracker.py:_activate_slot,3565_262_161_455_321
S,0,3565,PREDICTION,src/tracking/advanced_tracker.py:kalman_homography,
S,6,3565,PREDICTION,src/tracking/advanced_tracker.py:flow_gapfill_batched,
D,0,3565
S,3,3565,PREDICTION,src/tracking/advanced_tracker.py:id_merge,
D,6,3565
S,5,3565,PREDICTION,src/tracking/advanced_tracker.py:id_merge,
D,5,3565
S,7,3565,PREDICTION,src/tracking/advanced_tracker.py:id_merge,
D,7,3565
S,8,3565,PREDICTION,src/tracking/advanced_tracker.py:id_merge,
D,8,3565
S,9,3565,PREDICTION,src/tracking/advanced_tracker.py:id_merge,
L,2,3565,DETECTION,src/tracking/advanced_tracker.py:_activate_slot,3565_97_546_292_648
R,CLAMP,CLAMP,0
L,3,3565,PREDICTION,src/tracking/advanced_tracker.py:id_merge,
R,PREDICTION,PREDICTION,1
L,9,3565,PREDICTION,src/tracking/advanced_tracker.py:id_merge,
R,PREDICTION,PREDICTION,1
A,3565
S,0,3571,DETECTION,src/tracking/advanced_tracker.py:_activate_slot,3571_343_817_567_937
S,2,3571,DETECTION,src/tracking/advanced_tracker.py:_activate_slot,3571_177_2_364_137
S,3,3571,DETECTION,src/tracking/advanced_tracker.py:_activate_slot,3571_360_550_569_686
S,5,3571,DETECTION,src/tracking/advanced_tracker.py:_activate_slot,3571_299_73_488_216
S,7,3571,DETECTION,src/tracking/advanced_tracker.py:_activate_slot,3571_139_1079_340_1193
S,8,3571,DETECTION,src/tracking/advanced_tracker.py:_activate_slot,3571_131_159_309_267
S,9,3571,DETECTION,src/tracking/advanced_tracker.py:_activate_slot,3571_264_154_452_309
S,6,3571,PREDICTION,src/tracking/advanced_tracker.py:flow_gapfill_batched,
D,0,3571
S,2,3571,PREDICTION,src/tracking/advanced_tracker.py:id_merge,
D,2,3571
S,3,3571,PREDICTION,src/tracking/advanced_tracker.py:id_merge,
D,6,3571
S,5,3571,PREDICTION,src/tracking/advanced_tracker.py:id_merge,
D,5,3571
S,7,3571,PREDICTION,src/tracking/advanced_tracker.py:id_merge,
D,7,3571
S,9,3571,PREDICTION,src/tracking/advanced_tracker.py:id_merge,
D,8,3571
S,9,3571,PREDICTION,src/tracking/advanced_tracker.py:id_merge,
L,3,3571,PREDICTION,src/tracking/advanced_tracker.py:id_merge,
R,PREDICTION,PREDICTION,1
L,9,3571,PREDICTION,src/tracking/advanced_tracker.py:id_merge,
R,PREDICTION,PREDICTION,1
A,3571
S,0,3577,DETECTION,src/tracking/advanced_tracker.py:_activate_slot,3577_348_836_568_954
S,2,3577,DETECTION,src/tracking/advanced_tracker.py:_activate_slot,3577_300_597_566_735
S,3,3577,DETECTION,src/tracking/advanced_tracker.py:_activate_slot,3577_322_529_569_665
S,5,3577,DETECTION,src/tracking/advanced_tracker.py:_activate_slot,3577_298_68_489_206
S,7,3577,DETECTION,src/tracking/advanced_tracker.py:_activate_slot,3577_125_1015_328_1129
S,9,3577,DETECTION,src/tracking/advanced_tracker.py:_activate_slot,3577_119_1159_344_1273
S,8,3577,DETECTION,src/tracking/advanced_tracker.py:_activate_slot,3577_132_155_308_264
S,1,3577,DETECTION,src/tracking/advanced_tracker.py:_activate_slot,3577_330_988_566_1136
S,4,3577,DETECTION,src/tracking/advanced_tracker.py:_activate_slot,3577_100_541_289_634
S,6,3577,PREDICTION,src/tracking/advanced_tracker.py:flow_gapfill_batched,
D,0,3577
S,1,3577,PREDICTION,src/tracking/advanced_tracker.py:id_merge,
D,1,3577
S,3,3577,PREDICTION,src/tracking/advanced_tracker.py:id_merge,
D,2,3577
S,3,3577,PREDICTION,src/tracking/advanced_tracker.py:id_merge,
D,6,3577
S,5,3577,PREDICTION,src/tracking/advanced_tracker.py:id_merge,
D,5,3577
S,7,3577,PREDICTION,src/tracking/advanced_tracker.py:id_merge,
D,7,3577
S,9,3577,PREDICTION,src/tracking/advanced_tracker.py:id_merge,
D,8,3577
S,9,3577,PREDICTION,src/tracking/advanced_tracker.py:id_merge,
L,3,3577,PREDICTION,src/tracking/advanced_tracker.py:id_merge,
R,PREDICTION,PREDICTION,1
L,4,3577,DETECTION,src/tracking/advanced_tracker.py:_activate_slot,3577_100_541_289_634
R,DETECTION,DETECTION,1
L,9,3577,PREDICTION,src/tracking/advanced_tracker.py:id_merge,
R,PREDICTION,PREDICTION,1
A,3577
S,0,3583,DETECTION,src/tracking/advanced_tracker.py:_activate_slot,3583_357_853_570_972
S,1,3583,DETECTION,src/tracking/advanced_tracker.py:_activate_slot,3583_318_993_560_1145
S,2,3583,DETECTION,src/tracking/advanced_tracker.py:_activate_slot,3583_297_456_568_643
S,4,3583,DETECTION,src/tracking/advanced_tracker.py:_activate_slot,3583_280_586_565_718
S,5,3583,DETECTION,src/tracking/advanced_tracker.py:_activate_slot,3583_298_67_487_208
S,7,3583,DETECTION,src/tracking/advanced_tracker.py:_activate_slot,3583_117_1155_347_1279
S,8,3583,DETECTION,src/tracking/advanced_tracker.py:_activate_slot,3583_80_593_388_709
S,9,3583,DETECTION,src/tracking/advanced_tracker.py:_activate_slot,3583_140_1079_336_1189
S,3,3583,PREDICTION,src/tracking/advanced_tracker.py:kalman_homography,
D,0,3583
S,1,3583,PREDICTION,src/tracking/advanced_tracker.py:id_merge,
D,1,3583
S,2,3583,PREDICTION,src/tracking/advanced_tracker.py:id_merge,
D,3,3583
S,2,3583,PREDICTION,src/tracking/advanced_tracker.py:id_merge,
D,2,3583
S,4,3583,PREDICTION,src/tracking/advanced_tracker.py:id_merge,
D,5,3583
S,7,3583,PREDICTION,src/tracking/advanced_tracker.py:id_merge,
D,7,3583
S,9,3583,PREDICTION,src/tracking/advanced_tracker.py:id_merge,
L,4,3583,PREDICTION,src/tracking/advanced_tracker.py:id_merge,
R,PREDICTION,PREDICTION,1
L,8,3583,DETECTION,src/tracking/advanced_tracker.py:_activate_slot,3583_80_593_388_709
R,DETECTION,DETECTION,1
L,9,3583,PREDICTION,src/tracking/advanced_tracker.py:id_merge,
R,PREDICTION,PREDICTION,1
A,3583
S,0,3589,DETECTION,src/tracking/advanced_tracker.py:_activate_slot,3589_349_856_570_992
S,1,3589,DETECTION,src/tracking/advanced_tracker.py:_activate_slot,3589_319_945_565_1145
S,2,3589,DETECTION,src/tracking/advanced_tracker.py:_activate_slot,3589_258_566_568_821
S,3,3589,DETECTION,src/tracking/advanced_tracker.py:_activate_slot,3589_285_449_573_605
S,4,3589,DETECTION,src/tracking/advanced_tracker.py:_activate_slot,3589_98_668_294_758
S,5,3589,DETECTION,src/tracking/advanced_tracker.py:_activate_slot,3589_297_65_485_210
S,7,3589,DETECTION,src/tracking/advanced_tracker.py:_activate_slot,3589_136_1067_332_1185
S,8,3589,DETECTION,src/tracking/advanced_tracker.py:_activate_slot,3589_123_151_300_262
S,9,3589,DETECTION,src/tracking/advanced_tracker.py:_activate_slot,3589_122_1009_328_1123
D,0,3589
S,1,3589,PREDICTION,src/tracking/advanced_tracker.py:id_merge,
D,1,3589
S,3,3589,PREDICTION,src/tracking/advanced_tracker.py:id_merge,
D,2,3589
S,3,3589,PREDICTION,src/tracking/advanced_tracker.py:id_merge,
D,5,3589
S,7,3589,PREDICTION,src/tracking/advanced_tracker.py:id_merge,
D,7,3589
S,9,3589,PREDICTION,src/tracking/advanced_tracker.py:id_merge,
L,3,3589,PREDICTION,src/tracking/advanced_tracker.py:id_merge,
R,PREDICTION,PREDICTION,1
L,4,3589,DETECTION,src/tracking/advanced_tracker.py:_activate_slot,3589_98_668_294_758
R,CLAMP,CLAMP,0
L,8,3589,DETECTION,src/tracking/advanced_tracker.py:_activate_slot,3589_123_151_300_262
R,DETECTION,DETECTION,1
L,9,3589,PREDICTION,src/tracking/advanced_tracker.py:id_merge,
R,PREDICTION,PREDICTION,1
A,3589
S,0,3595,DETECTION,src/tracking/advanced_tracker.py:_activate_slot,3595_325_880_564_1000
S,1,3595,DETECTION,src/tracking/advanced_tracker.py:_activate_slot,3595_318_953_564_1163
S,2,3595,DETECTION,src/tracking/advanced_tracker.py:_activate_slot,3595_244_537_568_772
S,3,3595,DETECTION,src/tracking/advanced_tracker.py:_activate_slot,3595_294_422_570_631
S,4,3595,DETECTION,src/tracking/advanced_tracker.py:_activate_slot,3595_98_667_291_757
S,5,3595,DETECTION,src/tracking/advanced_tracker.py:_activate_slot,3595_293_60_481_205
S,7,3595,DETECTION,src/tracking/advanced_tracker.py:_activate_slot,3595_135_1067_331_1185
S,8,3595,DETECTION,src/tracking/advanced_tracker.py:_activate_slot,3595_123_150_299_261
S,9,3595,DETECTION,src/tracking/advanced_tracker.py:_activate_slot,3595_120_1005_326_1121
D,0,3595
S,1,3595,PREDICTION,src/tracking/advanced_tracker.py:id_merge,
D,1,3595
S,2,3595,PREDICTION,src/tracking/advanced_tracker.py:id_merge,
D,2,3595
S,3,3595,PREDICTION,src/tracking/advanced_tracker.py:id_merge,
D,5,3595
S,7,3595,PREDICTION,src/tracking/advanced_tracker.py:id_merge,
D,7,3595
S,9,3595,PREDICTION,src/tracking/advanced_tracker.py:id_merge,
L,3,3595,PREDICTION,src/tracking/advanced_tracker.py:id_merge,
R,PREDICTION,PREDICTION,1
L,4,3595,DETECTION,src/tracking/advanced_tracker.py:_activate_slot,3595_98_667_291_757
R,CLAMP,CLAMP,0
L,8,3595,DETECTION,src/tracking/advanced_tracker.py:_activate_slot,3595_123_150_299_261
R,DETECTION,DETECTION,1
L,9,3595,PREDICTION,src/tracking/advanced_tracker.py:id_merge,
R,PREDICTION,PREDICTION,1
A,3595
S,0,3601,DETECTION,src/tracking/advanced_tracker.py:_activate_slot,3601_303_884_565_998
S,1,3601,DETECTION,src/tracking/advanced_tracker.py:_activate_slot,3601_305_1053_559_1181
S,2,3601,DETECTION,src/tracking/advanced_tracker.py:_activate_slot,3601_224_620_563_772
S,3,3601,DETECTION,src/tracking/advanced_tracker.py:_activate_slot,3601_243_475_548_612
S,4,3601,DETECTION,src/tracking/advanced_tracker.py:_activate_slot,3601_68_587_286_701
S,5,3601,DETECTION,src/tracking/advanced_tracker.py:_activate_slot,3601_290_60_479_205
S,7,3601,DETECTION,src/tracking/advanced_tracker.py:_activate_slot,3601_113_1149_333_1273
S,8,3601,DETECTION,src/tracking/advanced_tracker.py:_activate_slot,3601_121_149_298_260
S,9,3601,DETECTION,src/tracking/advanced_tracker.py:_activate_slot,3601_131_1077_326_1185
D,0,3601
S,1,3601,PREDICTION,src/tracking/advanced_tracker.py:id_merge,
D,1,3601
S,3,3601,PREDICTION,src/tracking/advanced_tracker.py:id_merge,
D,2,3601
S,3,3601,PREDICTION,src/tracking/advanced_tracker.py:id_merge,
D,5,3601
S,7,3601,PREDICTION,src/tracking/advanced_tracker.py:id_merge,
D,7,3601
S,9,3601,PREDICTION,src/tracking/advanced_tracker.py:id_merge,
L,3,3601,PREDICTION,src/tracking/advanced_tracker.py:id_merge,
R,PREDICTION,PREDICTION,1
L,4,3601,DETECTION,src/tracking/advanced_tracker.py:_activate_slot,3601_68_587_286_701
R,CLAMP,CLAMP,0
L,8,3601,DETECTION,src/tracking/advanced_tracker.py:_activate_slot,3601_121_149_298_260
R,DETECTION,SUBPIXEL,0
L,9,3601,PREDICTION,src/tracking/advanced_tracker.py:id_merge,
R,PREDICTION,PREDICTION,1
A,3601
S,0,3607,DETECTION,src/tracking/advanced_tracker.py:_activate_slot,3607_294_891_570_1041
S,1,3607,DETECTION,src/tracking/advanced_tracker.py:_activate_slot,3607_277_978_567_1192
S,2,3607,DETECTION,src/tracking/advanced_tracker.py:_activate_slot,3607_229_629_565_805
S,3,3607,DETECTION,src/tracking/advanced_tracker.py:_activate_slot,3607_271_451_562_591
S,4,3607,DETECTION,src/tracking/advanced_tracker.py:_activate_slot,3607_65_589_284_705
S,5,3607,DETECTION,src/tracking/advanced_tracker.py:_activate_slot,3607_248_143_441_344
S,7,3607,DETECTION,src/tracking/advanced_tracker.py:_activate_slot,3607_112_1002_316_1121
S,8,3607,DETECTION,src/tracking/advanced_tracker.py:_activate_slot,3607_116_150_293_260
S,9,3607,DETECTION,src/tracking/advanced_tracker.py:_activate_slot,3607_125_1073_323_1183
D,0,3607
S,1,3607,PREDICTION,src/tracking/advanced_tracker.py:id_merge,
D,1,3607
S,3,3607,PREDICTION,src/tracking/advanced_tracker.py:id_merge,
D,2,3607
S,3,3607,PREDICTION,src/tracking/advanced_tracker.py:id_merge,
D,5,3607
S,8,3607,PREDICTION,src/tracking/advanced_tracker.py:id_merge,
D,7,3607
S,9,3607,PREDICTION,src/tracking/advanced_tracker.py:id_merge,
L,3,3607,PREDICTION,src/tracking/advanced_tracker.py:id_merge,
R,PREDICTION,PREDICTION,1
L,4,3607,DETECTION,src/tracking/advanced_tracker.py:_activate_slot,3607_65_589_284_705
R,CLAMP,CLAMP,0
L,8,3607,PREDICTION,src/tracking/advanced_tracker.py:id_merge,
R,PREDICTION,PREDICTION,1
L,9,3607,PREDICTION,src/tracking/advanced_tracker.py:id_merge,
R,PREDICTION,PREDICTION,1
A,3607
S,0,3613,DETECTION,src/tracking/advanced_tracker.py:_activate_slot,3613_264_781_570_915
S,1,3613,DETECTION,src/tracking/advanced_tracker.py:_activate_slot,3613_253_1009_590_1211
S,2,3613,DETECTION,src/tracking/advanced_tracker.py:_activate_slot,3613_206_644_537_814
S,3,3613,DETECTION,src/tracking/advanced_tracker.py:_activate_slot,3613_276_443_539_566
S,4,3613,DETECTION,src/tracking/advanced_tracker.py:_activate_slot,3613_57_599_276_705
S,5,3613,DETECTION,src/tracking/advanced_tracker.py:_activate_slot,3613_236_140_423_337
S,6,3613,DETECTION,src/tracking/advanced_tracker.py:_activate_slot,3613_188_220_360_435
S,7,3613,DETECTION,src/tracking/advanced_tracker.py:_activate_slot,3613_103_1009_307_1123
S,8,3613,DETECTION,src/tracking/advanced_tracker.py:_activate_slot,3613_96_1149_316_1267
S,9,3613,DETECTION,src/tracking/advanced_tracker.py:_activate_slot,3613_118_1076_318_1184
D,0,3613
S,1,3613,PREDICTION,src/tracking/advanced_tracker.py:id_merge,
D,1,3613
S,3,3613,PREDICTION,src/tracking/advanced_tracker.py:id_merge,
D,2,3613
S,3,3613,PREDICTION,src/tracking/advanced_tracker.py:id_merge,
D,5,3613
S,6,3613,PREDICTION,src/tracking/advanced_tracker.py:id_merge,
D,7,3613
S,8,3613,PREDICTION,src/tracking/advanced_tracker.py:id_merge,
D,8,3613
S,9,3613,PREDICTION,src/tracking/advanced_tracker.py:id_merge,
L,3,3613,PREDICTION,src/tracking/advanced_tracker.py:id_merge,
R,PREDICTION,PREDICTION,1
L,4,3613,DETECTION,src/tracking/advanced_tracker.py:_activate_slot,3613_57_599_276_705
R,CLAMP,CLAMP,0
L,6,3613,PREDICTION,src/tracking/advanced_tracker.py:id_merge,
R,PREDICTION,PREDICTION,1
L,9,3613,PREDICTION,src/tracking/advanced_tracker.py:id_merge,
R,PREDICTION,PREDICTION,1
A,3613
S,0,3619,DETECTION,src/tracking/advanced_tracker.py:_activate_slot,3619_250_769_570_947
S,1,3619,DETECTION,src/tracking/advanced_tracker.py:_activate_slot,3619_251_1047_581_1239
S,2,3619,DETECTION,src/tracking/advanced_tracker.py:_activate_slot,3619_211_659_523_817
S,3,3619,DETECTION,src/tracking/advanced_tracker.py:_activate_slot,3619_338_351_572_565
S,4,3619,DETECTION,src/tracking/advanced_tracker.py:_activate_slot,3619_44_601_266_706
S,5,3619,DETECTION,src/tracking/advanced_tracker.py:_activate_slot,3619_264_60_456_209
S,6,3619,DETECTION,src/tracking/advanced_tracker.py:_activate_slot,3619_121_381_406_510
S,7,3619,DETECTION,src/tracking/advanced_tracker.py:_activate_slot,3619_91_1010_297_1122
S,8,3619,DETECTION,src/tracking/advanced_tracker.py:_activate_slot,3619_77_940_289_1059
S,9,3619,DETECTION,src/tracking/advanced_tracker.py:_activate_slot,3619_106_1075_305_1185
D,0,3619
S,1,3619,PREDICTION,src/tracking/advanced_tracker.py:id_merge,
D,1,3619
S,2,3619,PREDICTION,src/tracking/advanced_tracker.py:id_merge,
D,2,3619
S,3,3619,PREDICTION,src/tracking/advanced_tracker.py:id_merge,
D,5,3619
S,6,3619,PREDICTION,src/tracking/advanced_tracker.py:id_merge,
D,7,3619
S,8,3619,PREDICTION,src/tracking/advanced_tracker.py:id_merge,
D,8,3619
S,9,3619,PREDICTION,src/tracking/advanced_tracker.py:id_merge,
L,3,3619,PREDICTION,src/tracking/advanced_tracker.py:id_merge,
R,PREDICTION,PREDICTION,1
L,4,3619,DETECTION,src/tracking/advanced_tracker.py:_activate_slot,3619_44_601_266_706
R,CLAMP,CLAMP,0
L,6,3619,PREDICTION,src/tracking/advanced_tracker.py:id_merge,
R,PREDICTION,PREDICTION,1
L,9,3619,PREDICTION,src/tracking/advanced_tracker.py:id_merge,
R,PREDICTION,PREDICTION,1
A,3619
S,0,3625,DETECTION,src/tracking/advanced_tracker.py:_activate_slot,3625_309_766_569_970
S,1,3625,DETECTION,src/tracking/advanced_tracker.py:_activate_slot,3625_252_1085_571_1263
S,2,3625,DETECTION,src/tracking/advanced_tracker.py:_activate_slot,3625_192_638_509_818
S,3,3625,DETECTION,src/tracking/advanced_tracker.py:_activate_slot,3625_316_343_572_561
S,4,3625,DETECTION,src/tracking/advanced_tracker.py:_activate_slot,3625_35_601_254_707
S,5,3625,DETECTION,src/tracking/advanced_tracker.py:_activate_slot,3625_253_59_442_198
S,6,3625,DETECTION,src/tracking/advanced_tracker.py:_activate_slot,3625_112_377_405_513
S,7,3625,DETECTION,src/tracking/advanced_tracker.py:_activate_slot,3625_79_1013_285_1123
S,8,3625,DETECTION,src/tracking/advanced_tracker.py:_activate_slot,3625_86_1180_302_1294
S,9,3625,DETECTION,src/tracking/advanced_tracker.py:_activate_slot,3625_93_1079_286_1185
D,0,3625
S,1,3625,PREDICTION,src/tracking/advanced_tracker.py:id_merge,
D,1,3625
S,2,3625,PREDICTION,src/tracking/advanced_tracker.py:id_merge,
D,2,3625
S,3,3625,PREDICTION,src/tracking/advanced_tracker.py:id_merge,
D,5,3625
S,6,3625,PREDICTION,src/tracking/advanced_tracker.py:id_merge,
D,7,3625
S,8,3625,PREDICTION,src/tracking/advanced_tracker.py:id_merge,
D,8,3625
S,9,3625,PREDICTION,src/tracking/advanced_tracker.py:id_merge,
L,3,3625,PREDICTION,src/tracking/advanced_tracker.py:id_merge,
R,PREDICTION,PREDICTION,1
L,4,3625,DETECTION,src/tracking/advanced_tracker.py:_activate_slot,3625_35_601_254_707
R,CLAMP,CLAMP,0
L,6,3625,PREDICTION,src/tracking/advanced_tracker.py:id_merge,
R,PREDICTION,PREDICTION,1
L,9,3625,PREDICTION,src/tracking/advanced_tracker.py:id_merge,
R,PREDICTION,PREDICTION,1
A,3625
S,0,3631,DETECTION,src/tracking/advanced_tracker.py:_activate_slot,3631_244_758_569_976
S,1,3631,DETECTION,src/tracking/advanced_tracker.py:_activate_slot,3631_226_1109_564_1275
S,2,3631,DETECTION,src/tracking/advanced_tracker.py:_activate_slot,3631_21_597_239_705
S,3,3631,DETECTION,src/tracking/advanced_tracker.py:_activate_slot,3631_295_353_567_562
S,4,3631,DETECTION,src/tracking/advanced_tracker.py:_activate_slot,3631_155_216_335_432
S,5,3631,DETECTION,src/tracking/advanced_tracker.py:_activate_slot,3631_203_140_395_339
S,6,3631,DETECTION,src/tracking/advanced_tracker.py:_activate_slot,3631_97_382_384_510
S,7,3631,DETECTION,src/tracking/advanced_tracker.py:_activate_slot,3631_66_1011_273_1123
S,8,3631,DETECTION,src/tracking/advanced_tracker.py:_activate_slot,3631_50_941_264_1055
S,9,3631,DETECTION,src/tracking/advanced_tracker.py:_activate_slot,3631_80_1078_273_1184
D,0,3631
S,1,3631,PREDICTION,src/tracking/advanced_tracker.py:id_merge,
D,1,3631
S,3,3631,PREDICTION,src/tracking/advanced_tracker.py:id_merge,
D,3,3631
S,4,3631,PREDICTION,src/tracking/advanced_tracker.py:id_merge,
D,5,3631
S,6,3631,PREDICTION,src/tracking/advanced_tracker.py:id_merge,
D,7,3631
S,8,3631,PREDICTION,src/tracking/advanced_tracker.py:id_merge,
D,8,3631
S,9,3631,PREDICTION,src/tracking/advanced_tracker.py:id_merge,
L,2,3631,DETECTION,src/tracking/advanced_tracker.py:_activate_slot,3631_21_597_239_705
R,CLAMP,CLAMP,0
L,4,3631,PREDICTION,src/tracking/advanced_tracker.py:id_merge,
R,PREDICTION,PREDICTION,1
L,6,3631,PREDICTION,src/tracking/advanced_tracker.py:id_merge,
R,PREDICTION,PREDICTION,1
L,9,3631,PREDICTION,src/tracking/advanced_tracker.py:id_merge,
R,PREDICTION,PREDICTION,1
A,3631
S,0,3637,DETECTION,src/tracking/advanced_tracker.py:_activate_slot,3637_231_727_569_964
S,1,3637,DETECTION,src/tracking/advanced_tracker.py:_activate_slot,3637_219_1111_562_1281
S,2,3637,DETECTION,src/tracking/advanced_tracker.py:_activate_slot,3637_16_599_226_705
S,3,3637,DETECTION,src/tracking/advanced_tracker.py:_activate_slot,3637_281_353_567_562
S,4,3637,DETECTION,src/tracking/advanced_tracker.py:_activate_slot,3637_152_218_337_430
S,5,3637,DETECTION,src/tracking/advanced_tracker.py:_activate_slot,3637_232_58_426_205
S,6,3637,DETECTION,src/tracking/advanced_tracker.py:_activate_slot,3637_91_376_364_502
S,7,3637,DETECTION,src/tracking/advanced_tracker.py:_activate_slot,3637_61_1011_265_1121
S,8,3637,DETECTION,src/tracking/advanced_tracker.py:_activate_slot,3637_57_1146_280_1274
S,9,3637,DETECTION,src/tracking/advanced_tracker.py:_activate_slot,3637_74_1065_274_1183
D,0,3637
S,4,3637,PREDICTION,src/tracking/advanced_tracker.py:id_merge,
D,1,3637
S,3,3637,PREDICTION,src/tracking/advanced_tracker.py:id_merge,
D,3,3637
S,4,3637,PREDICTION,src/tracking/advanced_tracker.py:id_merge,
D,5,3637
S,6,3637,PREDICTION,src/tracking/advanced_tracker.py:id_merge,
D,7,3637
S,8,3637,PREDICTION,src/tracking/advanced_tracker.py:id_merge,
D,8,3637
S,9,3637,PREDICTION,src/tracking/advanced_tracker.py:id_merge,
L,2,3637,DETECTION,src/tracking/advanced_tracker.py:_activate_slot,3637_16_599_226_705
R,CLAMP,CLAMP,0
L,4,3637,PREDICTION,src/tracking/advanced_tracker.py:id_merge,
R,PREDICTION,PREDICTION,1
L,6,3637,PREDICTION,src/tracking/advanced_tracker.py:id_merge,
R,PREDICTION,PREDICTION,1
L,9,3637,PREDICTION,src/tracking/advanced_tracker.py:id_merge,
R,PREDICTION,PREDICTION,1
A,3637
S,0,3643,DETECTION,src/tracking/advanced_tracker.py:_activate_slot,3643_239_722_569_922
S,1,3643,DETECTION,src/tracking/advanced_tracker.py:_activate_slot,3643_213_1136_564_1284
S,2,3643,DETECTION,src/tracking/advanced_tracker.py:_activate_slot,3643_35_666_246_754
S,3,3643,DETECTION,src/tracking/advanced_tracker.py:_activate_slot,3643_276_353_566_549
S,4,3643,DETECTION,src/tracking/advanced_tracker.py:_activate_slot,3643_20_599_231_703
S,5,3643,DETECTION,src/tracking/advanced_tracker.py:_activate_slot,3643_65_1147_280_1261
S,6,3643,DETECTION,src/tracking/advanced_tracker.py:_activate_slot,3643_98_377_355_502
S,7,3643,DETECTION,src/tracking/advanced_tracker.py:_activate_slot,3643_66_1011_276_1121
S,8,3643,DETECTION,src/tracking/advanced_tracker.py:_activate_slot,3643_51_939_266_1064
S,9,3643,DETECTION,src/tracking/advanced_tracker.py:_activate_slot,3643_81_1079_278_1183
D,1,3643
S,3,3643,PREDICTION,src/tracking/advanced_tracker.py:id_merge,
D,5,3643
S,7,3643,PREDICTION,src/tracking/advanced_tracker.py:id_merge,
D,7,3643
S,8,3643,PREDICTION,src/tracking/advanced_tracker.py:id_merge,
D,8,3643
S,9,3643,PREDICTION,src/tracking/advanced_tracker.py:id_merge,
L,0,3643,DETECTION,src/tracking/advanced_tracker.py:_activate_slot,3643_239_722_569_922
R,CLAMP,CLAMP,0
L,2,3643,DETECTION,src/tracking/advanced_tracker.py:_activate_slot,3643_35_666_246_754
R,CLAMP,CLAMP,0
L,3,3643,PREDICTION,src/tracking/advanced_tracker.py:id_merge,
R,PREDICTION,PREDICTION,1
L,4,3643,DETECTION,src/tracking/advanced_tracker.py:_activate_slot,3643_20_599_231_703
R,CLAMP,CLAMP,0
L,6,3643,DETECTION,src/tracking/advanced_tracker.py:_activate_slot,3643_98_377_355_502
R,DETECTION,DETECTION,1
L,9,3643,PREDICTION,src/tracking/advanced_tracker.py:id_merge,
R,PREDICTION,PREDICTION,1
A,3643
S,0,3649,DETECTION,src/tracking/advanced_tracker.py:_activate_slot,3649_235_807_568_994
S,1,3649,DETECTION,src/tracking/advanced_tracker.py:_activate_slot,3649_219_1191_563_1295
S,2,3649,DETECTION,src/tracking/advanced_tracker.py:_activate_slot,3649_173_532_488_740
S,3,3649,DETECTION,src/tracking/advanced_tracker.py:_activate_slot,3649_64_873_272_983
S,4,3649,DETECTION,src/tracking/advanced_tracker.py:_activate_slot,3649_32_599_243_702
S,5,3649,DETECTION,src/tracking/advanced_tracker.py:_activate_slot,3649_60_939_277_1068
S,6,3649,DETECTION,src/tracking/advanced_tracker.py:_activate_slot,3649_110_376_366_503
S,7,3649,DETECTION,src/tracking/advanced_tracker.py:_activate_slot,3649_76_1008_284_1120
S,8,3649,DETECTION,src/tracking/advanced_tracker.py:_activate_slot,3649_72_1145_293_1267
S,9,3649,DETECTION,src/tracking/advanced_tracker.py:_activate_slot,3649_91_1070_289_1180
D,0,3649
S,1,3649,PREDICTION,src/tracking/advanced_tracker.py:id_merge,
D,1,3649
S,2,3649,PREDICTION,src/tracking/advanced_tracker.py:id_merge,
D,5,3649
S,7,3649,PREDICTION,src/tracking/advanced_tracker.py:id_merge,
D,7,3649
S,8,3649,PREDICTION,src/tracking/advanced_tracker.py:id_merge,
D,8,3649
S,9,3649,PREDICTION,src/tracking/advanced_tracker.py:id_merge,
L,2,3649,PREDICTION,src/tracking/advanced_tracker.py:id_merge,
R,PREDICTION,PREDICTION,1
L,3,3649,DETECTION,src/tracking/advanced_tracker.py:_activate_slot,3649_64_873_272_983
R,DETECTION,DETECTION,1
L,4,3649,DETECTION,src/tracking/advanced_tracker.py:_activate_slot,3649_32_599_243_702
R,DETECTION,DETECTION,1
L,6,3649,DETECTION,src/tracking/advanced_tracker.py:_activate_slot,3649_110_376_366_503
R,DETECTION,DETECTION,1
L,9,3649,PREDICTION,src/tracking/advanced_tracker.py:id_merge,
R,PREDICTION,PREDICTION,1
A,3649
S,0,3655,DETECTION,src/tracking/advanced_tracker.py:_activate_slot,3655_247_807_571_993
S,1,3655,DETECTION,src/tracking/advanced_tracker.py:_activate_slot,3655_227_1189_573_1295
S,2,3655,DETECTION,src/tracking/advanced_tracker.py:_activate_slot,3655_62_666_263_754
S,3,3655,DETECTION,src/tracking/advanced_tracker.py:_activate_slot,3655_249_658_570_838
S,4,3655,DETECTION,src/tracking/advanced_tracker.py:_activate_slot,3655_40_601_255_700
S,5,3655,DETECTION,src/tracking/advanced_tracker.py:_activate_slot,3655_78_1147_299_1263
S,6,3655,DETECTION,src/tracking/advanced_tracker.py:_activate_slot,3655_115_376_363_507
S,7,3655,DETECTION,src/tracking/advanced_tracker.py:_activate_slot,3655_84_1006_293_1122
S,8,3655,DETECTION,src/tracking/advanced_tracker.py:_activate_slot,3655_70_938_281_1062
S,9,3655,DETECTION,src/tracking/advanced_tracker.py:_activate_slot,3655_95_1079_294_1181
D,0,3655
S,1,3655,PREDICTION,src/tracking/advanced_tracker.py:id_merge,
D,5,3655
S,7,3655,PREDICTION,src/tracking/advanced_tracker.py:id_merge,
D,7,3655
S,8,3655,PREDICTION,src/tracking/advanced_tracker.py:id_merge,
D,8,3655
S,9,3655,PREDICTION,src/tracking/advanced_tracker.py:id_merge,
L,1,3655,PREDICTION,src/tracking/advanced_tracker.py:id_merge,
R,PREDICTION,PREDICTION,1
L,2,3655,DETECTION,src/tracking/advanced_tracker.py:_activate_slot,3655_62_666_263_754
R,CLAMP,CLAMP,0
L,3,3655,DETECTION,src/tracking/advanced_tracker.py:_activate_slot,3655_249_658_570_838
R,DETECTION,DETECTION,1
L,4,3655,DETECTION,src/tracking/advanced_tracker.py:_activate_slot,3655_40_601_255_700
R,DETECTION,DETECTION,1
L,6,3655,DETECTION,src/tracking/advanced_tracker.py:_activate_slot,3655_115_376_363_507
R,DETECTION,DETECTION,1
L,9,3655,PREDICTION,src/tracking/advanced_tracker.py:id_merge,
R,PREDICTION,PREDICTION,1
A,3655
S,0,3661,DETECTION,src/tracking/advanced_tracker.py:_activate_slot,3661_251_807_570_989
S,1,3661,DETECTION,src/tracking/advanced_tracker.py:_activate_slot,3661_228_1189_579_1295
S,2,3661,DETECTION,src/tracking/advanced_tracker.py:_activate_slot,3661_41_599_262_701
S,3,3661,DETECTION,src/tracking/advanced_tracker.py:_activate_slot,3661_74_878_287_982
S,4,3661,DETECTION,src/tracking/advanced_tracker.py:_activate_slot,3661_63_665_267_753
S,5,3661,DETECTION,src/tracking/advanced_tracker.py:_activate_slot,3661_82_1146_302_1266
S,6,3661,DETECTION,src/tracking/advanced_tracker.py:_activate_slot,3661_120_376_371_513
S,7,3661,DETECTION,src/tracking/advanced_tracker.py:_activate_slot,3661_89_1005_296_1121
S,8,3661,DETECTION,src/tracking/advanced_tracker.py:_activate_slot,3661_73_938_286_1064
S,9,3661,DETECTION,src/tracking/advanced_tracker.py:_activate_slot,3661_101_1075_299_1181
D,0,3661
S,1,3661,PREDICTION,src/tracking/advanced_tracker.py:id_merge,
D,5,3661
S,7,3661,PREDICTION,src/tracking/advanced_tracker.py:id_merge,
D,7,3661
S,8,3661,PREDICTION,src/tracking/advanced_tracker.py:id_merge,
D,8,3661
S,9,3661,PREDICTION,src/tracking/advanced_tracker.py:id_merge,
L,1,3661,PREDICTION,src/tracking/advanced_tracker.py:id_merge,
R,PREDICTION,PREDICTION,1
L,2,3661,DETECTION,src/tracking/advanced_tracker.py:_activate_slot,3661_41_599_262_701
R,CLAMP,CLAMP,0
L,3,3661,DETECTION,src/tracking/advanced_tracker.py:_activate_slot,3661_74_878_287_982
R,DETECTION,DETECTION,1
L,4,3661,DETECTION,src/tracking/advanced_tracker.py:_activate_slot,3661_63_665_267_753
R,CLAMP,CLAMP,0
L,6,3661,DETECTION,src/tracking/advanced_tracker.py:_activate_slot,3661_120_376_371_513
R,DETECTION,DETECTION,1
L,9,3661,PREDICTION,src/tracking/advanced_tracker.py:id_merge,
R,PREDICTION,PREDICTION,1
A,3661
S,0,3667,DETECTION,src/tracking/advanced_tracker.py:_activate_slot,3667_251_829_565_977
S,1,3667,DETECTION,src/tracking/advanced_tracker.py:_activate_slot,3667_263_481_567_621
S,2,3667,DETECTION,src/tracking/advanced_tracker.py:_activate_slot,3667_43_599_263_702
S,3,3667,DETECTION,src/tracking/advanced_tracker.py:_activate_slot,3667_76_876_288_981
S,4,3667,DETECTION,src/tracking/advanced_tracker.py:_activate_slot,3667_60_665_268_753
S,5,3667,DETECTION,src/tracking/advanced_tracker.py:_activate_slot,3667_83_1145_303_1265
S,6,3667,DETECTION,src/tracking/advanced_tracker.py:_activate_slot,3667_125_375_410_512
S,7,3667,DETECTION,src/tracking/advanced_tracker.py:_activate_slot,3667_89_1009_297_1121
S,8,3667,DETECTION,src/tracking/advanced_tracker.py:_activate_slot,3667_56_789_280_890
S,9,3667,DETECTION,src/tracking/advanced_tracker.py:_activate_slot,3667_102_1073_300_1183
D,5,3667
S,7,3667,PREDICTION,src/tracking/advanced_tracker.py:id_merge,
D,7,3667
S,9,3667,PREDICTION,src/tracking/advanced_tracker.py:id_merge,
L,0,3667,DETECTION,src/tracking/advanced_tracker.py:_activate_slot,3667_251_829_565_977
R,CLAMP,CLAMP,0
L,1,3667,DETECTION,src/tracking/advanced_tracker.py:_activate_slot,3667_263_481_567_621
R,DETECTION,DETECTION,1
L,2,3667,DETECTION,src/tracking/advanced_tracker.py:_activate_slot,3667_43_599_263_702
R,CLAMP,CLAMP,0
L,3,3667,DETECTION,src/tracking/advanced_tracker.py:_activate_slot,3667_76_876_288_981
R,DETECTION,DETECTION,1
L,4,3667,DETECTION,src/tracking/advanced_tracker.py:_activate_slot,3667_60_665_268_753
R,CLAMP,CLAMP,0
L,6,3667,DETECTION,src/tracking/advanced_tracker.py:_activate_slot,3667_125_375_410_512
R,DETECTION,DETECTION,1
L,8,3667,DETECTION,src/tracking/advanced_tracker.py:_activate_slot,3667_56_789_280_890
R,CLAMP,CLAMP,0
L,9,3667,PREDICTION,src/tracking/advanced_tracker.py:id_merge,
R,PREDICTION,PREDICTION,1
A,3667
S,0,3673,DETECTION,src/tracking/advanced_tracker.py:_activate_slot,3673_434_874_675_1046
S,1,3673,DETECTION,src/tracking/advanced_tracker.py:_activate_slot,3673_171_496_360_640
S,2,3673,DETECTION,src/tracking/advanced_tracker.py:_activate_slot,3673_43_601_262_701
S,3,3673,DETECTION,src/tracking/advanced_tracker.py:_activate_slot,3673_273_497_511_623
S,4,3673,DETECTION,src/tracking/advanced_tracker.py:_activate_slot,3673_60_664_268_754
S,5,3673,DETECTION,src/tracking/advanced_tracker.py:_activate_slot,3673_83_1146_302_1264
S,6,3673,DETECTION,src/tracking/advanced_tracker.py:_activate_slot,3673_124_376_408_512
S,7,3673,DETECTION,src/tracking/advanced_tracker.py:_activate_slot,3673_90_1003_297_1121
S,8,3673,DETECTION,src/tracking/advanced_tracker.py:_activate_slot,3673_58_790_277_891
S,9,3673,DETECTION,src/tracking/advanced_tracker.py:_activate_slot,3673_102_1075_299_1183
D,0,3673
S,1,3673,PREDICTION,src/tracking/advanced_tracker.py:id_merge,
D,5,3673
S,7,3673,PREDICTION,src/tracking/advanced_tracker.py:id_merge,
D,7,3673
S,9,3673,PREDICTION,src/tracking/advanced_tracker.py:id_merge,
L,1,3673,PREDICTION,src/tracking/advanced_tracker.py:id_merge,
R,PREDICTION,PREDICTION,1
L,2,3673,DETECTION,src/tracking/advanced_tracker.py:_activate_slot,3673_43_601_262_701
R,CLAMP,CLAMP,0
L,3,3673,DETECTION,src/tracking/advanced_tracker.py:_activate_slot,3673_273_497_511_623
R,DETECTION,DETECTION,1
L,4,3673,DETECTION,src/tracking/advanced_tracker.py:_activate_slot,3673_60_664_268_754
R,CLAMP,CLAMP,0
L,6,3673,DETECTION,src/tracking/advanced_tracker.py:_activate_slot,3673_124_376_408_512
R,DETECTION,DETECTION,1
L,8,3673,DETECTION,src/tracking/advanced_tracker.py:_activate_slot,3673_58_790_277_891
R,CLAMP,CLAMP,0
L,9,3673,PREDICTION,src/tracking/advanced_tracker.py:id_merge,
R,PREDICTION,PREDICTION,1
A,3673
S,0,3679,DETECTION,src/tracking/advanced_tracker.py:_activate_slot,3679_257_580_568_744
S,1,3679,DETECTION,src/tracking/advanced_tracker.py:_activate_slot,3679_62_535_255_637
S,2,3679,DETECTION,src/tracking/advanced_tracker.py:_activate_slot,3679_43_601_260_701
S,3,3679,DETECTION,src/tracking/advanced_tracker.py:_activate_slot,3679_269_481_566_617
S,4,3679,DETECTION,src/tracking/advanced_tracker.py:_activate_slot,3679_62_664_268_753
S,5,3679,DETECTION,src/tracking/advanced_tracker.py:_activate_slot,3679_82_1146_303_1266
S,6,3679,DETECTION,src/tracking/advanced_tracker.py:_activate_slot,3679_121_376_390_513
S,7,3679,DETECTION,src/tracking/advanced_tracker.py:_activate_slot,3679_90_1002_297_1122
S,8,3679,DETECTION,src/tracking/advanced_tracker.py:_activate_slot,3679_72_938_285_1059
S,9,3679,DETECTION,src/tracking/advanced_tracker.py:_activate_slot,3679_101_1073_300_1183
D,0,3679
S,3,3679,PREDICTION,src/tracking/advanced_tracker.py:id_merge,
D,5,3679
S,7,3679,PREDICTION,src/tracking/advanced_tracker.py:id_merge,
D,7,3679
S,8,3679,PREDICTION,src/tracking/advanced_tracker.py:id_merge,
D,8,3679
S,9,3679,PREDICTION,src/tracking/advanced_tracker.py:id_merge,
L,1,3679,DETECTION,src/tracking/advanced_tracker.py:_activate_slot,3679_62_535_255_637
R,DETECTION,DETECTION,1
L,2,3679,DETECTION,src/tracking/advanced_tracker.py:_activate_slot,3679_43_601_260_701
R,CLAMP,CLAMP,0
L,3,3679,PREDICTION,src/tracking/advanced_tracker.py:id_merge,
R,PREDICTION,PREDICTION,1
L,4,3679,DETECTION,src/tracking/advanced_tracker.py:_activate_slot,3679_62_664_268_753
R,DETECTION,DETECTION,1
L,6,3679,DETECTION,src/tracking/advanced_tracker.py:_activate_slot,3679_121_376_390_513
R,DETECTION,DETECTION,1
L,9,3679,PREDICTION,src/tracking/advanced_tracker.py:id_merge,
R,PREDICTION,PREDICTION,1
A,3679
S,0,3685,DETECTION,src/tracking/advanced_tracker.py:_activate_slot,3685_265_573_569_741
S,1,3685,DETECTION,src/tracking/advanced_tracker.py:_activate_slot,3685_60_535_257_633
S,2,3685,DETECTION,src/tracking/advanced_tracker.py:_activate_slot,3685_42_597_258_701
S,3,3685,DETECTION,src/tracking/advanced_tracker.py:_activate_slot,3685_276_478_567_612
S,4,3685,DETECTION,src/tracking/advanced_tracker.py:_activate_slot,3685_64_663_266_752
S,5,3685,DETECTION,src/tracking/advanced_tracker.py:_activate_slot,3685_81_1147_300_1265
S,6,3685,DETECTION,src/tracking/advanced_tracker.py:_activate_slot,3685_121_376_417_511
S,7,3685,DETECTION,src/tracking/advanced_tracker.py:_activate_slot,3685_89_1001_295_1123
S,8,3685,DETECTION,src/tracking/advanced_tracker.py:_activate_slot,3685_70_937_284_1061
S,9,3685,DETECTION,src/tracking/advanced_tracker.py:_activate_slot,3685_97_1078_299_1182
D,0,3685
S,3,3685,PREDICTION,src/tracking/advanced_tracker.py:id_merge,
D,5,3685
S,7,3685,PREDICTION,src/tracking/advanced_tracker.py:id_merge,
D,7,3685
S,8,3685,PREDICTION,src/tracking/advanced_tracker.py:id_merge,
D,8,3685
S,9,3685,PREDICTION,src/tracking/advanced_tracker.py:id_merge,
L,1,3685,DETECTION,src/tracking/advanced_tracker.py:_activate_slot,3685_60_535_257_633
R,DETECTION,DETECTION,1
L,2,3685,DETECTION,src/tracking/advanced_tracker.py:_activate_slot,3685_42_597_258_701
R,CLAMP,CLAMP,0
L,3,3685,PREDICTION,src/tracking/advanced_tracker.py:id_merge,
R,PREDICTION,SUBPIXEL,0
L,4,3685,DETECTION,src/tracking/advanced_tracker.py:_activate_slot,3685_64_663_266_752
R,DETECTION,DETECTION,1
L,6,3685,DETECTION,src/tracking/advanced_tracker.py:_activate_slot,3685_121_376_417_511
R,DETECTION,DETECTION,1
L,9,3685,PREDICTION,src/tracking/advanced_tracker.py:id_merge,
R,PREDICTION,PREDICTION,1
A,3685
S,0,3691,DETECTION,src/tracking/advanced_tracker.py:_activate_slot,3691_279_577_572_747
S,1,3691,DETECTION,src/tracking/advanced_tracker.py:_activate_slot,3691_54_783_271_886
S,2,3691,DETECTION,src/tracking/advanced_tracker.py:_activate_slot,3691_38_591_258_697
S,3,3691,DETECTION,src/tracking/advanced_tracker.py:_activate_slot,3691_281_479_558_613
S,4,3691,DETECTION,src/tracking/advanced_tracker.py:_activate_slot,3691_242_775_459_897
S,5,3691,DETECTION,src/tracking/advanced_tracker.py:_activate_slot,3691_74_1141_296_1259
S,6,3691,DETECTION,src/tracking/advanced_tracker.py:_activate_slot,3691_117_376_415_503
S,7,3691,DETECTION,src/tracking/advanced_tracker.py:_activate_slot,3691_84_1001_291_1117
S,8,3691,DETECTION,src/tracking/advanced_tracker.py:_activate_slot,3691_175_203_357_416
S,9,3691,DETECTION,src/tracking/advanced_tracker.py:_activate_slot,3691_95_1075_293_1177
D,0,3691
S,3,3691,PREDICTION,src/tracking/advanced_tracker.py:id_merge,
D,3,3691
S,4,3691,PREDICTION,src/tracking/advanced_tracker.py:id_merge,
D,5,3691
S,7,3691,PREDICTION,src/tracking/advanced_tracker.py:id_merge,
D,6,3691
S,8,3691,PREDICTION,src/tracking/advanced_tracker.py:id_merge,
D,7,3691
S,9,3691,PREDICTION,src/tracking/advanced_tracker.py:id_merge,
L,1,3691,DETECTION,src/tracking/advanced_tracker.py:_activate_slot,3691_54_783_271_886
R,CLAMP,CLAMP,0
L,2,3691,DETECTION,src/tracking/advanced_tracker.py:_activate_slot,3691_38_591_258_697
R,DETECTION,DETECTION,1
L,4,3691,PREDICTION,src/tracking/advanced_tracker.py:id_merge,
R,CLAMP,CLAMP,0
L,8,3691,PREDICTION,src/tracking/advanced_tracker.py:id_merge,
R,PREDICTION,PREDICTION,1
L,9,3691,PREDICTION,src/tracking/advanced_tracker.py:id_merge,
R,PREDICTION,PREDICTION,1
A,3691
S,0,3697,DETECTION,src/tracking/advanced_tracker.py:_activate_slot,3697_282_568_570_769
S,1,3697,DETECTION,src/tracking/advanced_tracker.py:_activate_slot,3697_62_868_276_974
S,3,3697,DETECTION,src/tracking/advanced_tracker.py:_activate_slot,3697_291_476_566_619
S,4,3697,CLAMP,src/tracking/advanced_tracker.py:_activate_slot,3697_353_724_670_890
S,2,3697,DETECTION,src/tracking/advanced_tracker.py:_activate_slot,3697_32_581_247_691
S,5,3697,DETECTION,src/tracking/advanced_tracker.py:_activate_slot,3697_70_1133_292_1261
S,6,3697,DETECTION,src/tracking/advanced_tracker.py:_activate_slot,3697_107_359_407_492
S,7,3697,DETECTION,src/tracking/advanced_tracker.py:_activate_slot,3697_72_998_284_1108
S,8,3697,DETECTION,src/tracking/advanced_tracker.py:_activate_slot,3697_213_124_408_279
S,9,3697,DETECTION,src/tracking/advanced_tracker.py:_activate_slot,3697_90_1061_287_1171
D,0,3697
S,3,3697,PREDICTION,src/tracking/advanced_tracker.py:id_merge,
D,1,3697
S,4,3697,PREDICTION,src/tracking/advanced_tracker.py:id_merge,
D,3,3697
S,4,3697,PREDICTION,src/tracking/advanced_tracker.py:id_merge,
D,5,3697
S,7,3697,PREDICTION,src/tracking/advanced_tracker.py:id_merge,
D,6,3697
S,8,3697,PREDICTION,src/tracking/advanced_tracker.py:id_merge,
D,7,3697
S,9,3697,PREDICTION,src/tracking/advanced_tracker.py:id_merge,
L,2,3697,DETECTION,src/tracking/advanced_tracker.py:_activate_slot,3697_32_581_247_691
R,DETECTION,DETECTION,1
L,4,3697,PREDICTION,src/tracking/advanced_tracker.py:id_merge,
R,CLAMP,CLAMP,0
L,8,3697,PREDICTION,src/tracking/advanced_tracker.py:id_merge,
R,PREDICTION,PREDICTION,1
L,9,3697,PREDICTION,src/tracking/advanced_tracker.py:id_merge,
R,PREDICTION,PREDICTION,1
A,3697
S,0,3703,DETECTION,src/tracking/advanced_tracker.py:_activate_slot,3703_271_561_566_777
S,1,3703,CLAMP,src/tracking/advanced_tracker.py:_activate_slot,3703_35_690_245_792
S,2,3703,DETECTION,src/tracking/advanced_tracker.py:_activate_slot,3703_25_568_233_674
S,3,3703,DETECTION,src/tracking/advanced_tracker.py:_activate_slot,3703_279_465_567_630
S,4,3703,DETECTION,src/tracking/advanced_tracker.py:_activate_slot,3703_160_468_399_598
S,5,3703,DETECTION,src/tracking/advanced_tracker.py:_activate_slot,3703_237_358_562_502
S,7,3703,DETECTION,src/tracking/advanced_tracker.py:_activate_slot,3703_44_910_266_1052
S,8,3703,DETECTION,src/tracking/advanced_tracker.py:_activate_slot,3703_99_341_327_480
S,9,3703,DETECTION,src/tracking/advanced_tracker.py:_activate_slot,3703_78_1059_279_1165
S,6,3703,PREDICTION,src/tracking/advanced_tracker.py:kalman_homography,
D,0,3703
S,3,3703,PREDICTION,src/tracking/advanced_tracker.py:id_merge,
D,3,3703
S,4,3703,PREDICTION,src/tracking/advanced_tracker.py:id_merge,
D,6,3703
S,5,3703,PREDICTION,src/tracking/advanced_tracker.py:id_merge,
D,5,3703
S,8,3703,PREDICTION,src/tracking/advanced_tracker.py:id_merge,
D,7,3703
S,9,3703,PREDICTION,src/tracking/advanced_tracker.py:id_merge,
L,1,3703,CLAMP,src/tracking/advanced_tracker.py:_activate_slot,3703_35_690_245_792
R,CLAMP,CLAMP,0
L,2,3703,DETECTION,src/tracking/advanced_tracker.py:_activate_slot,3703_25_568_233_674
R,DETECTION,DETECTION,1
L,4,3703,PREDICTION,src/tracking/advanced_tracker.py:id_merge,
R,CLAMP,CLAMP,0
L,8,3703,PREDICTION,src/tracking/advanced_tracker.py:id_merge,
R,PREDICTION,PREDICTION,1
L,9,3703,PREDICTION,src/tracking/advanced_tracker.py:id_merge,
R,PREDICTION,PREDICTION,1
A,3703
S,0,3709,DETECTION,src/tracking/advanced_tracker.py:_activate_slot,3709_431_297_570_436
S,1,3709,DETECTION,src/tracking/advanced_tracker.py:_activate_slot,3709_211_748_562_856
S,3,3709,DETECTION,src/tracking/advanced_tracker.py:_activate_slot,3709_285_458_568_666
S,4,3709,DETECTION,src/tracking/advanced_tracker.py:_activate_slot,3709_247_324_563_488
S,5,3709,DETECTION,src/tracking/advanced_tracker.py:_activate_slot,3709_161_426_482_600
S,6,3709,DETECTION,src/tracking/advanced_tracker.py:_activate_slot,3709_87_323_347_464
S,7,3709,DETECTION,src/tracking/advanced_tracker.py:_activate_slot,3709_31_911_253_1035
S,8,3709,DETECTION,src/tracking/advanced_tracker.py:_activate_slot,3709_231_-4_426_176
S,9,3709,DETECTION,src/tracking/advanced_tracker.py:_activate_slot,3709_344_563_567_819
S,2,3709,PREDICTION,src/tracking/advanced_tracker.py:kalman_homography,
D,0,3709
S,3,3709,PREDICTION,src/tracking/advanced_tracker.py:id_merge,
D,3,3709
S,4,3709,PREDICTION,src/tracking/advanced_tracker.py:id_merge,
D,5,3709
S,6,3709,PREDICTION,src/tracking/advanced_tracker.py:id_merge,
D,6,3709
S,8,3709,PREDICTION,src/tracking/advanced_tracker.py:id_merge,
D,7,3709
S,9,3709,PREDICTION,src/tracking/advanced_tracker.py:id_merge,
L,1,3709,DETECTION,src/tracking/advanced_tracker.py:_activate_slot,3709_211_748_562_856
R,DETECTION,DETECTION,1
L,2,3709,PREDICTION,src/tracking/advanced_tracker.py:kalman_homography,
R,PREDICTION,PREDICTION,1
L,4,3709,PREDICTION,src/tracking/advanced_tracker.py:id_merge,
R,CLAMP,CLAMP,0
L,8,3709,PREDICTION,src/tracking/advanced_tracker.py:id_merge,
R,PREDICTION,PREDICTION,1
L,9,3709,PREDICTION,src/tracking/advanced_tracker.py:id_merge,
R,PREDICTION,PREDICTION,1
A,3709
S,0,3715,DETECTION,src/tracking/advanced_tracker.py:_activate_slot,3715_181_402_484_616
S,1,3715,DETECTION,src/tracking/advanced_tracker.py:_activate_slot,3715_26_834_248_953
S,2,3715,DETECTION,src/tracking/advanced_tracker.py:_activate_slot,3715_57_-15_278_132
S,3,3715,DETECTION,src/tracking/advanced_tracker.py:_activate_slot,3715_295_488_567_656
S,4,3715,DETECTION,src/tracking/advanced_tracker.py:_activate_slot,3715_189_71_374_278
S,5,3715,DETECTION,src/tracking/advanced_tracker.py:_activate_slot,3715_48_1121_262_1241
S,6,3715,DETECTION,src/tracking/advanced_tracker.py:_activate_slot,3715_81_311_390_459
S,7,3715,DETECTION,src/tracking/advanced_tracker.py:_activate_slot,3715_30_907_246_1035
S,8,3715,DETECTION,src/tracking/advanced_tracker.py:_activate_slot,3715_223_-15_421_159
S,9,3715,DETECTION,src/tracking/advanced_tracker.py:_activate_slot,3715_57_1050_259_1158
D,0,3715
S,2,3715,PREDICTION,src/tracking/advanced_tracker.py:id_merge,
D,2,3715
S,3,3715,PREDICTION,src/tracking/advanced_tracker.py:id_merge,
D,3,3715
S,4,3715,PREDICTION,src/tracking/advanced_tracker.py:id_merge,
D,5,3715
S,7,3715,PREDICTION,src/tracking/advanced_tracker.py:id_merge,
D,6,3715
S,8,3715,PREDICTION,src/tracking/advanced_tracker.py:id_merge,
D,7,3715
S,9,3715,PREDICTION,src/tracking/advanced_tracker.py:id_merge,
L,1,3715,DETECTION,src/tracking/advanced_tracker.py:_activate_slot,3715_26_834_248_953
R,CLAMP,CLAMP,0
L,4,3715,PREDICTION,src/tracking/advanced_tracker.py:id_merge,
R,CLAMP,CLAMP,0
L,8,3715,PREDICTION,src/tracking/advanced_tracker.py:id_merge,
R,PREDICTION,PREDICTION,1
L,9,3715,PREDICTION,src/tracking/advanced_tracker.py:id_merge,
R,PREDICTION,PREDICTION,1
A,3715
S,0,3721,DETECTION,src/tracking/advanced_tracker.py:_activate_slot,3721_171_393_512_656
S,1,3721,DETECTION,src/tracking/advanced_tracker.py:_activate_slot,3721_310_625_573_797
S,2,3721,DETECTION,src/tracking/advanced_tracker.py:_activate_slot,3721_10_674_221_776
S,3,3721,DETECTION,src/tracking/advanced_tracker.py:_activate_slot,3721_286_495_566_700
S,4,3721,DETECTION,src/tracking/advanced_tracker.py:_activate_slot,3721_285_525_517_701
S,5,3721,DETECTION,src/tracking/advanced_tracker.py:_activate_slot,3721_31_980_246_1094
S,6,3721,DETECTION,src/tracking/advanced_tracker.py:_activate_slot,3721_75_308_378_457
S,7,3721,DETECTION,src/tracking/advanced_tracker.py:_activate_slot,3721_24_906_240_1030
S,8,3721,DETECTION,src/tracking/advanced_tracker.py:_activate_slot,3721_217_-15_412_124
S,9,3721,DETECTION,src/tracking/advanced_tracker.py:_activate_slot,3721_52_1035_255_1153
D,0,3721
S,3,3721,PREDICTION,src/tracking/advanced_tracker.py:id_merge,
D,1,3721
S,3,3721,PREDICTION,src/tracking/advanced_tracker.py:id_merge,
D,3,3721
S,4,3721,PREDICTION,src/tracking/advanced_tracker.py:id_merge,
D,5,3721
S,7,3721,PREDICTION,src/tracking/advanced_tracker.py:id_merge,
D,6,3721
S,8,3721,PREDICTION,src/tracking/advanced_tracker.py:id_merge,
D,7,3721
S,9,3721,PREDICTION,src/tracking/advanced_tracker.py:id_merge,
L,2,3721,DETECTION,src/tracking/advanced_tracker.py:_activate_slot,3721_10_674_221_776
R,CLAMP,CLAMP,0
L,4,3721,PREDICTION,src/tracking/advanced_tracker.py:id_merge,
R,CLAMP,CLAMP,0
L,8,3721,PREDICTION,src/tracking/advanced_tracker.py:id_merge,
R,PREDICTION,PREDICTION,1
L,9,3721,PREDICTION,src/tracking/advanced_tracker.py:id_merge,
R,PREDICTION,PREDICTION,1
A,3721
S,0,3727,DETECTION,src/tracking/advanced_tracker.py:_activate_slot,3727_154_417_499_722
S,1,3727,DETECTION,src/tracking/advanced_tracker.py:_activate_slot,3727_273_644_568_840
S,2,3727,DETECTION,src/tracking/advanced_tracker.py:_activate_slot,3727_396_219_670_363
S,3,3727,DETECTION,src/tracking/advanced_tracker.py:_activate_slot,3727_268_495_567_737
S,4,3727,DETECTION,src/tracking/advanced_tracker.py:_activate_slot,3727_245_761_570_933
S,5,3727,DETECTION,src/tracking/advanced_tracker.py:_activate_slot,3727_27_972_236_1094
S,6,3727,DETECTION,src/tracking/advanced_tracker.py:_activate_slot,3727_61_311_373_461
S,7,3727,DETECTION,src/tracking/advanced_tracker.py:_activate_slot,3727_12_906_227_1016
S,8,3727,DETECTION,src/tracking/advanced_tracker.py:_activate_slot,3727_207_-15_401_133
S,9,3727,DETECTION,src/tracking/advanced_tracker.py:_activate_slot,3727_40_1037_243_1151
D,0,3727
S,2,3727,PREDICTION,src/tracking/advanced_tracker.py:id_merge,
D,2,3727
S,3,3727,PREDICTION,src/tracking/advanced_tracker.py:id_merge,
D,5,3727
S,7,3727,PREDICTION,src/tracking/advanced_tracker.py:id_merge,
D,6,3727
S,8,3727,PREDICTION,src/tracking/advanced_tracker.py:id_merge,
D,7,3727
S,9,3727,PREDICTION,src/tracking/advanced_tracker.py:id_merge,
L,1,3727,DETECTION,src/tracking/advanced_tracker.py:_activate_slot,3727_273_644_568_840
R,CLAMP,CLAMP,0
L,3,3727,PREDICTION,src/tracking/advanced_tracker.py:id_merge,
R,PREDICTION,PREDICTION,1
L,4,3727,DETECTION,src/tracking/advanced_tracker.py:_activate_slot,3727_245_761_570_933
R,CLAMP,CLAMP,0
L,8,3727,PREDICTION,src/tracking/advanced_tracker.py:id_merge,
R,PREDICTION,PREDICTION,1
L,9,3727,PREDICTION,src/tracking/advanced_tracker.py:id_merge,
R,PREDICTION,PREDICTION,1
A,3727
S,0,3733,DETECTION,src/tracking/advanced_tracker.py:_activate_slot,3733_135_475_474_727
S,1,3733,DETECTION,src/tracking/advanced_tracker.py:_activate_slot,3733_252_659_568_853
S,2,3733,DETECTION,src/tracking/advanced_tracker.py:_activate_slot,3733_244_778_570_986
S,3,3733,DETECTION,src/tracking/advanced_tracker.py:_activate_slot,3733_264_548_567_804
S,4,3733,DETECTION,src/tracking/advanced_tracker.py:_activate_slot,3733_243_835_570_985
S,5,3733,DETECTION,src/tracking/advanced_tracker.py:_activate_slot,3733_18_1097_233_1235
S,6,3733,DETECTION,src/tracking/advanced_tracker.py:_activate_slot,3733_51_318_362_464
S,7,3733,DETECTION,src/tracking/advanced_tracker.py:_activate_slot,3733_2_906_215_1035
S,8,3733,DETECTION,src/tracking/advanced_tracker.py:_activate_slot,3733_197_-15_393_129
S,9,3733,DETECTION,src/tracking/advanced_tracker.py:_activate_slot,3733_27_1041_227_1147
D,0,3733
S,2,3733,PREDICTION,src/tracking/advanced_tracker.py:id_merge,
D,2,3733
S,4,3733,PREDICTION,src/tracking/advanced_tracker.py:id_merge,
D,5,3733
S,9,3733,PREDICTION,src/tracking/advanced_tracker.py:id_merge,
D,6,3733
S,8,3733,PREDICTION,src/tracking/advanced_tracker.py:id_merge,
D,7,3733
S,9,3733,PREDICTION,src/tracking/advanced_tracker.py:id_merge,
L,1,3733,DETECTION,src/tracking/advanced_tracker.py:_activate_slot,3733_252_659_568_853
R,CLAMP,CLAMP,0
L,3,3733,DETECTION,src/tracking/advanced_tracker.py:_activate_slot,3733_264_548_567_804
R,DETECTION,DETECTION,1
L,4,3733,PREDICTION,src/tracking/advanced_tracker.py:id_merge,
R,CLAMP,CLAMP,0
L,8,3733,PREDICTION,src/tracking/advanced_tracker.py:id_merge,
R,PREDICTION,PREDICTION,1
L,9,3733,PREDICTION,src/tracking/advanced_tracker.py:id_merge,
R,PREDICTION,PREDICTION,1
A,3733
S,0,3739,DETECTION,src/tracking/advanced_tracker.py:_activate_slot,3739_107_539_466_753
S,1,3739,DETECTION,src/tracking/advanced_tracker.py:_activate_slot,3739_232_208_460_349
S,3,3739,DETECTION,src/tracking/advanced_tracker.py:_activate_slot,3739_257_639_571_873
S,4,3739,DETECTION,src/tracking/advanced_tracker.py:_activate_slot,3739_240_850_567_1048
S,5,3739,DETECTION,src/tracking/advanced_tracker.py:_activate_slot,3739_-2_975_219_1095
S,6,3739,DETECTION,src/tracking/advanced_tracker.py:_activate_slot,3739_39_330_359_470
S,7,3739,DETECTION,src/tracking/advanced_tracker.py:_activate_slot,3739_-11_906_210_1034
S,8,3739,DETECTION,src/tracking/advanced_tracker.py:_activate_slot,3739_188_-15_383_130
S,9,3739,DETECTION,src/tracking/advanced_tracker.py:_activate_slot,3739_22_1037_222_1147
S,2,3739,PREDICTION,src/tracking/advanced_tracker.py:flow_gapfill_batched,
D,0,3739
S,1,3739,PREDICTION,src/tracking/advanced_tracker.py:id_merge,
D,2,3739
S,1,3739,PREDICTION,src/tracking/advanced_tracker.py:id_merge,
D,1,3739
S,4,3739,PREDICTION,src/tracking/advanced_tracker.py:id_merge,
D,5,3739
S,7,3739,PREDICTION,src/tracking/advanced_tracker.py:id_merge,
D,6,3739
S,8,3739,PREDICTION,src/tracking/advanced_tracker.py:id_merge,
D,7,3739
S,9,3739,PREDICTION,src/tracking/advanced_tracker.py:id_merge,
L,3,3739,DETECTION,src/tracking/advanced_tracker.py:_activate_slot,3739_257_639_571_873
R,CLAMP,CLAMP,0
L,4,3739,PREDICTION,src/tracking/advanced_tracker.py:id_merge,
R,CLAMP,CLAMP,0
L,8,3739,PREDICTION,src/tracking/advanced_tracker.py:id_merge,
R,PREDICTION,PREDICTION,1
L,9,3739,PREDICTION,src/tracking/advanced_tracker.py:id_merge,
R,PREDICTION,PREDICTION,1
A,3739
S,0,3745,DETECTION,src/tracking/advanced_tracker.py:_activate_slot,3745_104_576_459_796
S,2,3745,DETECTION,src/tracking/advanced_tracker.py:_activate_slot,3745_364_157_673_295
S,3,3745,DETECTION,src/tracking/advanced_tracker.py:_activate_slot,3745_-14_850_204_964
S,4,3745,DETECTION,src/tracking/advanced_tracker.py:_activate_slot,3745_227_869_568_1117
S,5,3745,DETECTION,src/tracking/advanced_tracker.py:_activate_slot,3745_-2_980_207_1098
S,6,3745,DETECTION,src/tracking/advanced_tracker.py:_activate_slot,3745_30_337_353_474
S,7,3745,DETECTION,src/tracking/advanced_tracker.py:_activate_slot,3745_-6_80_194_212
S,8,3745,DETECTION,src/tracking/advanced_tracker.py:_activate_slot,3745_184_-12_378_139
S,9,3745,DETECTION,src/tracking/advanced_tracker.py:_activate_slot,3745_16_1040_217_1148
S,1,3745,PREDICTION,src/tracking/advanced_tracker.py:kalman_homography,
D,1,3745
S,0,3745,PREDICTION,src/tracking/advanced_tracker.py:id_merge,
D,0,3745
S,4,3745,PREDICTION,src/tracking/advanced_tracker.py:id_merge,
D,2,3745
S,4,3745,PREDICTION,src/tracking/advanced_tracker.py:id_merge,
D,5,3745
S,9,3745,PREDICTION,src/tracking/advanced_tracker.py:id_merge,
D,6,3745
S,7,3745,PREDICTION,src/tracking/advanced_tracker.py:id_merge,
D,7,3745
S,8,3745,PREDICTION,src/tracking/advanced_tracker.py:id_merge,
L,3,3745,DETECTION,src/tracking/advanced_tracker.py:_activate_slot,3745_-14_850_204_964
R,DETECTION,DETECTION,1
L,4,3745,PREDICTION,src/tracking/advanced_tracker.py:id_merge,
R,CLAMP,CLAMP,0
L,8,3745,PREDICTION,src/tracking/advanced_tracker.py:id_merge,
R,PREDICTION,PREDICTION,1
L,9,3745,PREDICTION,src/tracking/advanced_tracker.py:id_merge,
R,PREDICTION,PREDICTION,1
A,3745
S,0,3751,DETECTION,src/tracking/advanced_tracker.py:_activate_slot,3751_135_657_470_849
S,1,3751,DETECTION,src/tracking/advanced_tracker.py:_activate_slot,3751_247_683_570_959
S,2,3751,DETECTION,src/tracking/advanced_tracker.py:_activate_slot,3751_-15_684_180_787
S,3,3751,DETECTION,src/tracking/advanced_tracker.py:_activate_slot,3751_-15_846_201_968
S,4,3751,DETECTION,src/tracking/advanced_tracker.py:_activate_slot,3751_224_925_562_1191
S,5,3751,DETECTION,src/tracking/advanced_tracker.py:_activate_slot,3751_-8_985_212_1107
S,6,3751,DETECTION,src/tracking/advanced_tracker.py:_activate_slot,3751_25_340_344_477
S,7,3751,DETECTION,src/tracking/advanced_tracker.py:_activate_slot,3751_-15_909_201_1047
S,8,3751,DETECTION,src/tracking/advanced_tracker.py:_activate_slot,3751_181_-10_374_151
S,9,3751,DETECTION,src/tracking/advanced_tracker.py:_activate_slot,3751_-15_1109_216_1255
D,0,3751
S,1,3751,PREDICTION,src/tracking/advanced_tracker.py:id_merge,
D,5,3751
S,7,3751,PREDICTION,src/tracking/advanced_tracker.py:id_merge,
D,6,3751
S,8,3751,PREDICTION,src/tracking/advanced_tracker.py:id_merge,
L,1,3751,PREDICTION,src/tracking/advanced_tracker.py:id_merge,
R,PREDICTION,PREDICTION,1
L,2,3751,DETECTION,src/tracking/advanced_tracker.py:_activate_slot,3751_-15_684_180_787
R,CLAMP,CLAMP,0
L,3,3751,DETECTION,src/tracking/advanced_tracker.py:_activate_slot,3751_-15_846_201_968
R,DETECTION,DETECTION,1
L,4,3751,DETECTION,src/tracking/advanced_tracker.py:_activate_slot,3751_224_925_562_1191
R,CLAMP,CLAMP,0
L,7,3751,PREDICTION,src/tracking/advanced_tracker.py:id_merge,
R,CLAMP,CLAMP,0
L,8,3751,PREDICTION,src/tracking/advanced_tracker.py:id_merge,
R,PREDICTION,PREDICTION,1
L,9,3751,DETECTION,src/tracking/advanced_tracker.py:_activate_slot,3751_-15_1109_216_1255
R,DETECTION,DETECTION,1
A,3751
S,0,3757,DETECTION,src/tracking/advanced_tracker.py:_activate_slot,3757_133_678_484_860
S,1,3757,DETECTION,src/tracking/advanced_tracker.py:_activate_slot,3757_228_767_567_1014
S,2,3757,DETECTION,src/tracking/advanced_tracker.py:_activate_slot,3757_-15_633_177_731
S,3,3757,DETECTION,src/tracking/advanced_tracker.py:_activate_slot,3757_-15_860_196_976
S,4,3757,DETECTION,src/tracking/advanced_tracker.py:_activate_slot,3757_233_1025_573_1271
S,5,3757,DETECTION,src/tracking/advanced_tracker.py:_activate_slot,3757_-11_995_206_1115
S,6,3757,DETECTION,src/tracking/advanced_tracker.py:_activate_slot,3757_-11_93_192_216
S,7,3757,DETECTION,src/tracking/advanced_tracker.py:_activate_slot,3757_-15_906_200_1042
S,8,3757,DETECTION,src/tracking/advanced_tracker.py:_activate_slot,3757_175_5_372_139
S,9,3757,DETECTION,src/tracking/advanced_tracker.py:_activate_slot,3757_11_1065_208_1171
D,1,3757
S,4,3757,PREDICTION,src/tracking/advanced_tracker.py:id_merge,
D,5,3757
S,7,3757,PREDICTION,src/tracking/advanced_tracker.py:id_merge,
D,6,3757
S,8,3757,PREDICTION,src/tracking/advanced_tracker.py:id_merge,
D,7,3757
S,9,3757,PREDICTION,src/tracking/advanced_tracker.py:id_merge,
L,0,3757,DETECTION,src/tracking/advanced_tracker.py:_activate_slot,3757_133_678_484_860
R,CLAMP,CLAMP,0
L,2,3757,DETECTION,src/tracking/advanced_tracker.py:_activate_slot,3757_-15_633_177_731
R,CLAMP,CLAMP,0
L,3,3757,DETECTION,src/tracking/advanced_tracker.py:_activate_slot,3757_-15_860_196_976
R,DETECTION,DETECTION,1
L,4,3757,PREDICTION,src/tracking/advanced_tracker.py:id_merge,
R,CLAMP,CLAMP,0
L,8,3757,PREDICTION,src/tracking/advanced_tracker.py:id_merge,
R,PREDICTION,PREDICTION,1
L,9,3757,PREDICTION,src/tracking/advanced_tracker.py:id_merge,
R,PREDICTION,PREDICTION,1
A,3757
S,0,3763,DETECTION,src/tracking/advanced_tracker.py:_activate_slot,3763_93_1141_594_1295
S,1,3763,DETECTION,src/tracking/advanced_tracker.py:_activate_slot,3763_228_877_568_1072
S,2,3763,DETECTION,src/tracking/advanced_tracker.py:_activate_slot,3763_-15_516_165_612
S,3,3763,DETECTION,src/tracking/advanced_tracker.py:_activate_slot,3763_-15_864_191_983
S,4,3763,DETECTION,src/tracking/advanced_tracker.py:_activate_slot,3763_283_1141_593_1295
S,5,3763,DETECTION,src/tracking/advanced_tracker.py:_activate_slot,3763_-12_1002_202_1125
S,6,3763,DETECTION,src/tracking/advanced_tracker.py:_activate_slot,3763_186_116_486_283
S,7,3763,DETECTION,src/tracking/advanced_tracker.py:_activate_slot,3763_-15_933_193_1067
S,8,3763,DETECTION,src/tracking/advanced_tracker.py:_activate_slot,3763_175_16_365_152
S,9,3763,DETECTION,src/tracking/advanced_tracker.py:_activate_slot,3763_8_1068_204_1186
D,0,3763
S,1,3763,PREDICTION,src/tracking/advanced_tracker.py:id_merge,
D,1,3763
S,4,3763,PREDICTION,src/tracking/advanced_tracker.py:id_merge,
D,5,3763
S,7,3763,PREDICTION,src/tracking/advanced_tracker.py:id_merge,
D,6,3763
S,8,3763,PREDICTION,src/tracking/advanced_tracker.py:id_merge,
D,7,3763
S,9,3763,PREDICTION,src/tracking/advanced_tracker.py:id_merge,
L,2,3763,DETECTION,src/tracking/advanced_tracker.py:_activate_slot,3763_-15_516_165_612
R,DETECTION,DETECTION,1
L,3,3763,DETECTION,src/tracking/advanced_tracker.py:_activate_slot,3763_-15_864_191_983
R,DETECTION,DETECTION,1
L,4,3763,PREDICTION,src/tracking/advanced_tracker.py:id_merge,
R,CLAMP,CLAMP,0
L,8,3763,PREDICTION,src/tracking/advanced_tracker.py:id_merge,
R,PREDICTION,PREDICTION,1
L,9,3763,PREDICTION,src/tracking/advanced_tracker.py:id_merge,
R,PREDICTION,PREDICTION,1
A,3763
S,0,3769,DETECTION,src/tracking/advanced_tracker.py:_activate_slot,3769_94_1233_394_1295
S,1,3769,DETECTION,src/tracking/advanced_tracker.py:_activate_slot,3769_225_904_567_1132
S,2,3769,DETECTION,src/tracking/advanced_tracker.py:_activate_slot,3769_-15_580_164_686
S,3,3769,DETECTION,src/tracking/advanced_tracker.py:_activate_slot,3769_-15_868_190_991
S,4,3769,DETECTION,src/tracking/advanced_tracker.py:_activate_slot,3769_168_132_391_281
S,5,3769,DETECTION,src/tracking/advanced_tracker.py:_activate_slot,3769_-13_1017_201_1139
S,6,3769,DETECTION,src/tracking/advanced_tracker.py:_activate_slot,3769_150_109_318_205
S,7,3769,DETECTION,src/tracking/advanced_tracker.py:_activate_slot,3769_-15_939_191_1080
S,8,3769,DETECTION,src/tracking/advanced_tracker.py:_activate_slot,3769_172_28_364_165
S,9,3769,DETECTION,src/tracking/advanced_tracker.py:_activate_slot,3769_82_209_258_415
D,0,3769
S,1,3769,PREDICTION,src/tracking/advanced_tracker.py:id_merge,
D,1,3769
S,4,3769,PREDICTION,src/tracking/advanced_tracker.py:id_merge,
D,5,3769
S,7,3769,PREDICTION,src/tracking/advanced_tracker.py:id_merge,
D,6,3769
S,8,3769,PREDICTION,src/tracking/advanced_tracker.py:id_merge,
D,8,3769
S,9,3769,PREDICTION,src/tracking/advanced_tracker.py:id_merge,
L,2,3769,DETECTION,src/tracking/advanced_tracker.py:_activate_slot,3769_-15_580_164_686
R,DETECTION,DETECTION,1
L,3,3769,DETECTION,src/tracking/advanced_tracker.py:_activate_slot,3769_-15_868_190_991
R,DETECTION,DETECTION,1
L,4,3769,PREDICTION,src/tracking/advanced_tracker.py:id_merge,
R,CLAMP,CLAMP,0
L,7,3769,PREDICTION,src/tracking/advanced_tracker.py:id_merge,
R,CLAMP,CLAMP,0
L,9,3769,PREDICTION,src/tracking/advanced_tracker.py:id_merge,
R,PREDICTION,PREDICTION,1
A,3769
S,0,3775,DETECTION,src/tracking/advanced_tracker.py:_activate_slot,3775_118_763_461_890
S,1,3775,DETECTION,src/tracking/advanced_tracker.py:_activate_slot,3775_235_961_567_1199
S,2,3775,DETECTION,src/tracking/advanced_tracker.py:_activate_slot,3775_-14_584_163_696
S,3,3775,DETECTION,src/tracking/advanced_tracker.py:_activate_slot,3775_46_1221_377_1295
S,4,3775,DETECTION,src/tracking/advanced_tracker.py:_activate_slot,3775_164_127_398_283
S,5,3775,DETECTION,src/tracking/advanced_tracker.py:_activate_slot,3775_-15_1034_195_1146
S,6,3775,DETECTION,src/tracking/advanced_tracker.py:_activate_slot,3775_-15_796_174_903
S,7,3775,DETECTION,src/tracking/advanced_tracker.py:_activate_slot,3775_-15_940_189_1094
S,8,3775,DETECTION,src/tracking/advanced_tracker.py:_activate_slot,3775_166_40_361_165
S,9,3775,DETECTION,src/tracking/advanced_tracker.py:_activate_slot,3775_81_222_252_426
D,0,3775
S,3,3775,PREDICTION,src/tracking/advanced_tracker.py:id_merge,
D,1,3775
S,3,3775,PREDICTION,src/tracking/advanced_tracker.py:id_merge,
D,3,3775
S,4,3775,PREDICTION,src/tracking/advanced_tracker.py:id_merge,
D,5,3775
S,7,3775,PREDICTION,src/tracking/advanced_tracker.py:id_merge,
D,8,3775
S,9,3775,PREDICTION,src/tracking/advanced_tracker.py:id_merge,
L,2,3775,DETECTION,src/tracking/advanced_tracker.py:_activate_slot,3775_-14_584_163_696
R,DETECTION,DETECTION,1
L,4,3775,PREDICTION,src/tracking/advanced_tracker.py:id_merge,
R,CLAMP,CLAMP,0
L,6,3775,DETECTION,src/tracking/advanced_tracker.py:_activate_slot,3775_-15_796_174_903
R,CLAMP,CLAMP,0
L,7,3775,PREDICTION,src/tracking/advanced_tracker.py:id_merge,
R,CLAMP,CLAMP,0
L,9,3775,PREDICTION,src/tracking/advanced_tracker.py:id_merge,
R,PREDICTION,PREDICTION,1
A,3775
S,0,3781,DETECTION,src/tracking/advanced_tracker.py:_activate_slot,3781_113_768_452_904
S,1,3781,DETECTION,src/tracking/advanced_tracker.py:_activate_slot,3781_218_1063_618_1287
S,2,3781,DETECTION,src/tracking/advanced_tracker.py:_activate_slot,3781_-15_599_155_707
S,3,3781,DETECTION,src/tracking/advanced_tracker.py:_activate_slot,3781_94_933_426_1179
S,4,3781,DETECTION,src/tracking/advanced_tracker.py:_activate_slot,3781_150_132_395_285
S,5,3781,DETECTION,src/tracking/advanced_tracker.py:_activate_slot,3781_-15_1039_189_1159
S,6,3781,DETECTION,src/tracking/advanced_tracker.py:_activate_slot,3781_357_112_671_279
S,7,3781,DETECTION,src/tracking/advanced_tracker.py:_activate_slot,3781_-15_951_187_1101
S,8,3781,DETECTION,src/tracking/advanced_tracker.py:_activate_slot,3781_161_57_354_171
S,9,3781,DETECTION,src/tracking/advanced_tracker.py:_activate_slot,3781_75_238_248_441
D,0,3781
S,3,3781,PREDICTION,src/tracking/advanced_tracker.py:id_merge,
D,1,3781
S,3,3781,PREDICTION,src/tracking/advanced_tracker.py:id_merge,
D,3,3781
S,4,3781,PREDICTION,src/tracking/advanced_tracker.py:id_merge,
D,5,3781
S,6,3781,PREDICTION,src/tracking/advanced_tracker.py:id_merge,
D,6,3781
S,8,3781,PREDICTION,src/tracking/advanced_tracker.py:id_merge,
D,8,3781
S,9,3781,PREDICTION,src/tracking/advanced_tracker.py:id_merge,
L,2,3781,DETECTION,src/tracking/advanced_tracker.py:_activate_slot,3781_-15_599_155_707
R,DETECTION,DETECTION,1
L,4,3781,PREDICTION,src/tracking/advanced_tracker.py:id_merge,
R,CLAMP,CLAMP,0
L,7,3781,DETECTION,src/tracking/advanced_tracker.py:_activate_slot,3781_-15_951_187_1101
R,CLAMP,CLAMP,0
L,9,3781,PREDICTION,src/tracking/advanced_tracker.py:id_merge,
R,PREDICTION,PREDICTION,1
A,3781
S,0,3787,DETECTION,src/tracking/advanced_tracker.py:_activate_slot,3787_109_770_440_914
S,1,3787,DETECTION,src/tracking/advanced_tracker.py:_activate_slot,3787_214_1129_648_1295
S,2,3787,DETECTION,src/tracking/advanced_tracker.py:_activate_slot,3787_28_385_188_517
S,3,3787,DETECTION,src/tracking/advanced_tracker.py:_activate_slot,3787_-15_905_177_1021
S,4,3787,DETECTION,src/tracking/advanced_tracker.py:_activate_slot,3787_433_967_566_1115
S,5,3787,DETECTION,src/tracking/advanced_tracker.py:_activate_slot,3787_-15_1047_184_1161
S,6,3787,DETECTION,src/tracking/advanced_tracker.py:_activate_slot,3787_131_101_501_300
S,7,3787,DETECTION,src/tracking/advanced_tracker.py:_activate_slot,3787_-15_971_177_1093
S,8,3787,DETECTION,src/tracking/advanced_tracker.py:_activate_slot,3787_155_82_341_192
S,9,3787,DETECTION,src/tracking/advanced_tracker.py:_activate_slot,3787_68_259_241_457
D,0,3787
S,3,3787,PREDICTION,src/tracking/advanced_tracker.py:id_merge,
D,1,3787
S,2,3787,PREDICTION,src/tracking/advanced_tracker.py:id_merge,
D,5,3787
S,7,3787,PREDICTION,src/tracking/advanced_tracker.py:id_merge,
D,6,3787
S,8,3787,PREDICTION,src/tracking/advanced_tracker.py:id_merge,
D,8,3787
S,9,3787,PREDICTION,src/tracking/advanced_tracker.py:id_merge,
L,2,3787,PREDICTION,src/tracking/advanced_tracker.py:id_merge,
R,CLAMP,CLAMP,0
L,3,3787,PREDICTION,src/tracking/advanced_tracker.py:id_merge,
R,PREDICTION,PREDICTION,1
L,4,3787,DETECTION,src/tracking/advanced_tracker.py:_activate_slot,3787_433_967_566_1115
R,CLAMP,CLAMP,0
L,7,3787,PREDICTION,src/tracking/advanced_tracker.py:id_merge,
R,CLAMP,CLAMP,0
L,9,3787,PREDICTION,src/tracking/advanced_tracker.py:id_merge,
R,PREDICTION,PREDICTION,1
A,3787
S,0,3793,DETECTION,src/tracking/advanced_tracker.py:_activate_slot,3793_35_1170_311_1294
S,1,3793,DETECTION,src/tracking/advanced_tracker.py:_activate_slot,3793_234_1137_622_1295
S,2,3793,DETECTION,src/tracking/advanced_tracker.py:_activate_slot,3793_14_404_187_534
S,3,3793,DETECTION,src/tracking/advanced_tracker.py:_activate_slot,3793_147_110_332_214
S,4,3793,DETECTION,src/tracking/advanced_tracker.py:_activate_slot,3793_422_1027_673_1161
S,5,3793,DETECTION,src/tracking/advanced_tracker.py:_activate_slot,3793_-8_89_200_245
S,6,3793,DETECTION,src/tracking/advanced_tracker.py:_activate_slot,3793_190_122_489_275
S,7,3793,DETECTION,src/tracking/advanced_tracker.py:_activate_slot,3793_-15_971_174_1109
S,8,3793,DETECTION,src/tracking/advanced_tracker.py:_activate_slot,3793_103_785_425_921
S,9,3793,DETECTION,src/tracking/advanced_tracker.py:_activate_slot,3793_100_209_280_394
D,0,3793
S,1,3793,PREDICTION,src/tracking/advanced_tracker.py:id_merge,
D,1,3793
S,3,3793,PREDICTION,src/tracking/advanced_tracker.py:id_merge,
D,2,3793
S,4,3793,PREDICTION,src/tracking/advanced_tracker.py:id_merge,
D,3,3793
S,4,3793,PREDICTION,src/tracking/advanced_tracker.py:id_merge,
D,5,3793
S,6,3793,PREDICTION,src/tracking/advanced_tracker.py:id_merge,
D,6,3793
S,9,3793,PREDICTION,src/tracking/advanced_tracker.py:id_merge,
D,7,3793
S,8,3793,PREDICTION,src/tracking/advanced_tracker.py:id_merge,
L,4,3793,PREDICTION,src/tracking/advanced_tracker.py:id_merge,
R,CLAMP,CLAMP,0
L,8,3793,PREDICTION,src/tracking/advanced_tracker.py:id_merge,
R,PREDICTION,PREDICTION,1
L,9,3793,PREDICTION,src/tracking/advanced_tracker.py:id_merge,
R,PREDICTION,PREDICTION,1
A,3793
S,0,3799,DETECTION,src/tracking/advanced_tracker.py:_activate_slot,3799_14_1170_325_1294
S,1,3799,DETECTION,src/tracking/advanced_tracker.py:_activate_slot,3799_426_1087_673_1223
S,2,3799,DETECTION,src/tracking/advanced_tracker.py:_activate_slot,3799_15_431_166_550
S,3,3799,DETECTION,src/tracking/advanced_tracker.py:_activate_slot,3799_139_140_323_240
S,4,3799,DETECTION,src/tracking/advanced_tracker.py:_activate_slot,3799_337_207_569_359
S,5,3799,DETECTION,src/tracking/advanced_tracker.py:_activate_slot,3799_-10_120_190_278
S,6,3799,DETECTION,src/tracking/advanced_tracker.py:_activate_slot,3799_59_311_223_498
S,7,3799,DETECTION,src/tracking/advanced_tracker.py:_activate_slot,3799_-15_1063_172_1191
S,8,3799,DETECTION,src/tracking/advanced_tracker.py:_activate_slot,3799_87_799_399_929
S,9,3799,DETECTION,src/tracking/advanced_tracker.py:_activate_slot,3799_158_152_467_328
D,0,3799
S,3,3799,PREDICTION,src/tracking/advanced_tracker.py:id_merge,
D,1,3799
S,3,3799,PREDICTION,src/tracking/advanced_tracker.py:id_merge,
D,3,3799
S,4,3799,PREDICTION,src/tracking/advanced_tracker.py:id_merge,
D,5,3799
S,6,3799,PREDICTION,src/tracking/advanced_tracker.py:id_merge,
D,6,3799
S,9,3799,PREDICTION,src/tracking/advanced_tracker.py:id_merge,
D,7,3799
S,8,3799,PREDICTION,src/tracking/advanced_tracker.py:id_merge,
L,2,3799,DETECTION,src/tracking/advanced_tracker.py:_activate_slot,3799_15_431_166_550
R,CLAMP,CLAMP,0
L,4,3799,PREDICTION,src/tracking/advanced_tracker.py:id_merge,
R,CLAMP,CLAMP,0
L,8,3799,PREDICTION,src/tracking/advanced_tracker.py:id_merge,
R,PREDICTION,PREDICTION,1
L,9,3799,PREDICTION,src/tracking/advanced_tracker.py:id_merge,
R,PREDICTION,PREDICTION,1
A,3799
S,0,3805,DETECTION,src/tracking/advanced_tracker.py:_activate_slot,3805_2_1145_310_1295
S,1,3805,DETECTION,src/tracking/advanced_tracker.py:_activate_slot,3805_418_1125_673_1269
S,3,3805,DETECTION,src/tracking/advanced_tracker.py:_activate_slot,3805_194_169_460_353
S,4,3805,DETECTION,src/tracking/advanced_tracker.py:_activate_slot,3805_328_235_570_369
S,5,3805,DETECTION,src/tracking/advanced_tracker.py:_activate_slot,3805_-13_144_182_296
S,6,3805,DETECTION,src/tracking/advanced_tracker.py:_activate_slot,3805_53_333_212_519
S,7,3805,DETECTION,src/tracking/advanced_tracker.py:_activate_slot,3805_-15_1069_162_1183
S,8,3805,DETECTION,src/tracking/advanced_tracker.py:_activate_slot,3805_69_810_383_944
S,9,3805,DETECTION,src/tracking/advanced_tracker.py:_activate_slot,3805_-14_1121_167_1231
S,2,3805,PREDICTION,src/tracking/advanced_tracker.py:kalman_homography,
D,0,3805
S,3,3805,PREDICTION,src/tracking/advanced_tracker.py:id_merge,
D,2,3805
S,1,3805,PREDICTION,src/tracking/advanced_tracker.py:id_merge,
D,1,3805
S,3,3805,PREDICTION,src/tracking/advanced_tracker.py:id_merge,
D,3,3805
S,4,3805,PREDICTION,src/tracking/advanced_tracker.py:id_merge,
D,5,3805
S,6,3805,PREDICTION,src/tracking/advanced_tracker.py:id_merge,
D,7,3805
S,8,3805,PREDICTION,src/tracking/advanced_tracker.py:id_merge,
D,8,3805
S,9,3805,PREDICTION,src/tracking/advanced_tracker.py:id_merge,
L,4,3805,PREDICTION,src/tracking/advanced_tracker.py:id_merge,
R,CLAMP,CLAMP,0
L,6,3805,PREDICTION,src/tracking/advanced_tracker.py:id_merge,
R,PREDICTION,PREDICTION,1
L,9,3805,PREDICTION,src/tracking/advanced_tracker.py:id_merge,
R,PREDICTION,PREDICTION,1
A,3805
S,0,3811,DETECTION,src/tracking/advanced_tracker.py:_activate_slot,3811_9_1169_296_1295
S,1,3811,DETECTION,src/tracking/advanced_tracker.py:_activate_slot,3811_405_1161_672_1295
S,2,3811,DETECTION,src/tracking/advanced_tracker.py:_activate_slot,3811_2_464_151_581
S,3,3811,DETECTION,src/tracking/advanced_tracker.py:_activate_slot,3811_126_185_445_383
S,4,3811,DETECTION,src/tracking/advanced_tracker.py:_activate_slot,3811_312_258_569_383
S,5,3811,DETECTION,src/tracking/advanced_tracker.py:_activate_slot,3811_-14_1005_146_1115
S,6,3811,DETECTION,src/tracking/advanced_tracker.py:_activate_slot,3811_44_351_204_533
S,7,3811,DETECTION,src/tracking/advanced_tracker.py:_activate_slot,3811_-10_1123_161_1237
S,8,3811,DETECTION,src/tracking/advanced_tracker.py:_activate_slot,3811_-11_605_254_723
S,9,3811,DETECTION,src/tracking/advanced_tracker.py:_activate_slot,3811_4_1130_295_1294
D,0,3811
S,3,3811,PREDICTION,src/tracking/advanced_tracker.py:id_merge,
D,1,3811
S,3,3811,PREDICTION,src/tracking/advanced_tracker.py:id_merge,
D,3,3811
S,4,3811,PREDICTION,src/tracking/advanced_tracker.py:id_merge,
D,5,3811
S,7,3811,PREDICTION,src/tracking/advanced_tracker.py:id_merge,
D,7,3811
S,9,3811,PREDICTION,src/tracking/advanced_tracker.py:id_merge,
L,2,3811,DETECTION,src/tracking/advanced_tracker.py:_activate_slot,3811_2_464_151_581
R,DETECTION,DETECTION,1
L,4,3811,PREDICTION,src/tracking/advanced_tracker.py:id_merge,
R,CLAMP,CLAMP,0
L,6,3811,DETECTION,src/tracking/advanced_tracker.py:_activate_slot,3811_44_351_204_533
R,DETECTION,DETECTION,1
L,8,3811,DETECTION,src/tracking/advanced_tracker.py:_activate_slot,3811_-11_605_254_723
R,CLAMP,CLAMP,0
L,9,3811,PREDICTION,src/tracking/advanced_tracker.py:id_merge,
R,PREDICTION,PREDICTION,1
A,3811
S,0,3817,DETECTION,src/tracking/advanced_tracker.py:_activate_slot,3817_-6_1121_283_1293
S,2,3817,DETECTION,src/tracking/advanced_tracker.py:_activate_slot,3817_68_825_353_983
S,3,3817,DETECTION,src/tracking/advanced_tracker.py:_activate_slot,3817_141_221_425_387
S,4,3817,DETECTION,src/tracking/advanced_tracker.py:_activate_slot,3817_306_281_557_399
S,5,3817,DETECTION,src/tracking/advanced_tracker.py:_activate_slot,3817_-15_1001_137_1117
S,6,3817,DETECTION,src/tracking/advanced_tracker.py:_activate_slot,3817_36_369_190_546
S,7,3817,DETECTION,src/tracking/advanced_tracker.py:_activate_slot,3817_-14_189_162_340
S,8,3817,DETECTION,src/tracking/advanced_tracker.py:_activate_slot,3817_-13_647_238_749
S,9,3817,DETECTION,src/tracking/advanced_tracker.py:_activate_slot,3817_109_212_280_307
D,0,3817
S,2,3817,PREDICTION,src/tracking/advanced_tracker.py:id_merge,
D,3,3817
S,4,3817,PREDICTION,src/tracking/advanced_tracker.py:id_merge,
D,6,3817
S,7,3817,PREDICTION,src/tracking/advanced_tracker.py:id_merge,
D,7,3817
S,9,3817,PREDICTION,src/tracking/advanced_tracker.py:id_merge,
L,2,3817,PREDICTION,src/tracking/advanced_tracker.py:id_merge,
R,CLAMP,CLAMP,0
L,4,3817,PREDICTION,src/tracking/advanced_tracker.py:id_merge,
R,CLAMP,CLAMP,0
L,5,3817,DETECTION,src/tracking/advanced_tracker.py:_activate_slot,3817_-15_1001_137_1117
R,DETECTION,DETECTION,1
L,8,3817,DETECTION,src/tracking/advanced_tracker.py:_activate_slot,3817_-13_647_238_749
R,CLAMP,CLAMP,0
L,9,3817,PREDICTION,src/tracking/advanced_tracker.py:id_merge,
R,PREDICTION,PREDICTION,1
A,3817
S,0,3823,DETECTION,src/tracking/advanced_tracker.py:_activate_slot,3823_-14_1149_262_1287
S,2,3823,DETECTION,src/tracking/advanced_tracker.py:_activate_slot,3823_52_826_334_996
S,3,3823,DETECTION,src/tracking/advanced_tracker.py:_activate_slot,3823_294_291_550_416
S,5,3823,DETECTION,src/tracking/advanced_tracker.py:_activate_slot,3823_199_-3_400_165
S,6,3823,DETECTION,src/tracking/advanced_tracker.py:_activate_slot,3823_25_380_178_555
S,8,3823,DETECTION,src/tracking/advanced_tracker.py:_activate_slot,3823_-15_655_227_799
S,4,3823,PREDICTION,src/tracking/advanced_tracker.py:kalman_homography,
S,7,3823,PREDICTION,src/tracking/advanced_tracker.py:kalman_homography,
S,9,3823,PREDICTION,src/tracking/advanced_tracker.py:kalman_homography,
S,1,3823,PREDICTION,src/tracking/advanced_tracker.py:flow_gapfill_batched,
D,0,3823
S,2,3823,PREDICTION,src/tracking/advanced_tracker.py:id_merge,
D,1,3823
S,3,3823,PREDICTION,src/tracking/advanced_tracker.py:id_merge,
D,4,3823
S,3,3823,PREDICTION,src/tracking/advanced_tracker.py:id_merge,
D,7,3823
S,5,3823,PREDICTION,src/tracking/advanced_tracker.py:id_merge,
D,9,3823
S,5,3823,PREDICTION,src/tracking/advanced_tracker.py:id_merge,
L,2,3823,PREDICTION,src/tracking/advanced_tracker.py:id_merge,
R,CLAMP,CLAMP,0
L,3,3823,PREDICTION,src/tracking/advanced_tracker.py:id_merge,
R,PREDICTION,PREDICTION,1
L,5,3823,PREDICTION,src/tracking/advanced_tracker.py:id_merge,
R,PREDICTION,PREDICTION,1
L,6,3823,DETECTION,src/tracking/advanced_tracker.py:_activate_slot,3823_25_380_178_555
R,DETECTION,DETECTION,1
L,8,3823,DETECTION,src/tracking/advanced_tracker.py:_activate_slot,3823_-15_655_227_799
R,CLAMP,CLAMP,0
A,3823
S,0,3829,DETECTION,src/tracking/advanced_tracker.py:_activate_slot,3829_-14_1139_253_1285
S,2,3829,DETECTION,src/tracking/advanced_tracker.py:_activate_slot,3829_36_840_314_1016
S,3,3829,DETECTION,src/tracking/advanced_tracker.py:_activate_slot,3829_283_300_566_439
S,4,3829,DETECTION,src/tracking/advanced_tracker.py:_activate_slot,3829_-12_490_125_613
S,5,3829,DETECTION,src/tracking/advanced_tracker.py:_activate_slot,3829_180_17_382_179
S,6,3829,DETECTION,src/tracking/advanced_tracker.py:_activate_slot,3829_16_386_168_562
S,7,3829,DETECTION,src/tracking/advanced_tracker.py:_activate_slot,3829_103_261_393_460
S,8,3829,DETECTION,src/tracking/advanced_tracker.py:_activate_slot,3829_-14_655_216_824
S,9,3829,DETECTION,src/tracking/advanced_tracker.py:_activate_slot,3829_89_238_253_355
D,0,3829
S,2,3829,PREDICTION,src/tracking/advanced_tracker.py:id_merge,
D,5,3829
S,7,3829,PREDICTION,src/tracking/advanced_tracker.py:id_merge,
D,6,3829
S,9,3829,PREDICTION,src/tracking/advanced_tracker.py:id_merge,
D,7,3829
S,9,3829,PREDICTION,src/tracking/advanced_tracker.py:id_merge,
L,2,3829,PREDICTION,src/tracking/advanced_tracker.py:id_merge,
R,CLAMP,CLAMP,0
L,3,3829,DETECTION,src/tracking/advanced_tracker.py:_activate_slot,3829_283_300_566_439
R,DETECTION,DETECTION,1
L,4,3829,DETECTION,src/tracking/advanced_tracker.py:_activate_slot,3829_-12_490_125_613
R,CLAMP,CLAMP,0
L,8,3829,DETECTION,src/tracking/advanced_tracker.py:_activate_slot,3829_-14_655_216_824
R,CLAMP,CLAMP,0
L,9,3829,PREDICTION,src/tracking/advanced_tracker.py:id_merge,
R,PREDICTION,PREDICTION,1
A,3829
S,0,3835,DETECTION,src/tracking/advanced_tracker.py:_activate_slot,3835_-14_1124_238_1288
S,1,3835,DETECTION,src/tracking/advanced_tracker.py:_activate_slot,3835_593_36_675_132
S,2,3835,DETECTION,src/tracking/advanced_tracker.py:_activate_slot,3835_-15_492_107_605
S,3,3835,DETECTION,src/tracking/advanced_tracker.py:_activate_slot,3835_271_307_567_474
S,4,3835,DETECTION,src/tracking/advanced_tracker.py:_activate_slot,3835_90_297_375_483
S,5,3835,DETECTION,src/tracking/advanced_tracker.py:_activate_slot,3835_14_877_294_1021
S,6,3835,DETECTION,src/tracking/advanced_tracker.py:_activate_slot,3835_7_390_158_561
S,7,3835,DETECTION,src/tracking/advanced_tracker.py:_activate_slot,3835_167_29_365_187
S,8,3835,CLAMP,src/tracking/advanced_tracker.py:_activate_slot,3835_-15_236_128_365
S,9,3835,DETECTION,src/tracking/advanced_tracker.py:_activate_slot,3835_78_244_243_356
D,0,3835
S,1,3835,PREDICTION,src/tracking/advanced_tracker.py:id_merge,
D,1,3835
S,3,3835,PREDICTION,src/tracking/advanced_tracker.py:id_merge,
D,3,3835
S,4,3835,PREDICTION,src/tracking/advanced_tracker.py:id_merge,
D,6,3835
S,9,3835,PREDICTION,src/tracking/advanced_tracker.py:id_merge,
D,7,3835
S,9,3835,PREDICTION,src/tracking/advanced_tracker.py:id_merge,
L,2,3835,DETECTION,src/tracking/advanced_tracker.py:_activate_slot,3835_-15_492_107_605
R,DETECTION,DETECTION,1
L,4,3835,PREDICTION,src/tracking/advanced_tracker.py:id_merge,
R,CLAMP,CLAMP,0
L,5,3835,DETECTION,src/tracking/advanced_tracker.py:_activate_slot,3835_14_877_294_1021
R,DETECTION,DETECTION,1
L,8,3835,CLAMP,src/tracking/advanced_tracker.py:_activate_slot,3835_-15_236_128_365
R,CLAMP,CLAMP,0
L,9,3835,PREDICTION,src/tracking/advanced_tracker.py:id_merge,
R,PREDICTION,PREDICTION,1
A,3835
S,0,3841,DETECTION,src/tracking/advanced_tracker.py:_activate_slot,3841_-15_1113_228_1287
S,1,3841,DETECTION,src/tracking/advanced_tracker.py:_activate_slot,3841_591_290_674_369
S,2,3841,DETECTION,src/tracking/advanced_tracker.py:_activate_slot,3841_-7_908_278_1024
S,3,3841,DETECTION,src/tracking/advanced_tracker.py:_activate_slot,3841_262_296_571_506
S,4,3841,DETECTION,src/tracking/advanced_tracker.py:_activate_slot,3841_481_1069_673_1247
S,5,3841,DETECTION,src/tracking/advanced_tracker.py:_activate_slot,3841_71_248_232_359
S,6,3841,DETECTION,src/tracking/advanced_tracker.py:_activate_slot,3841_0_390_149_562
S,7,3841,DETECTION,src/tracking/advanced_tracker.py:_activate_slot,3841_72_369_279_497
S,8,3841,CLAMP,src/tracking/advanced_tracker.py:_activate_slot,3841_-15_239_125_366
S,9,3841,DETECTION,src/tracking/advanced_tracker.py:_activate_slot,3841_159_38_353_189
D,0,3841
S,1,3841,PREDICTION,src/tracking/advanced_tracker.py:id_merge,
D,1,3841
S,3,3841,PREDICTION,src/tracking/advanced_tracker.py:id_merge,
D,3,3841
S,4,3841,PREDICTION,src/tracking/advanced_tracker.py:id_merge,
D,5,3841
S,6,3841,PREDICTION,src/tracking/advanced_tracker.py:id_merge,
D,6,3841
S,7,3841,PREDICTION,src/tracking/advanced_tracker.py:id_merge,
D,7,3841
S,9,3841,PREDICTION,src/tracking/advanced_tracker.py:id_merge,
L,2,3841,DETECTION,src/tracking/advanced_tracker.py:_activate_slot,3841_-7_908_278_1024
R,CLAMP,CLAMP,0
L,4,3841,PREDICTION,src/tracking/advanced_tracker.py:id_merge,
R,CLAMP,CLAMP,0
L,8,3841,CLAMP,src/tracking/advanced_tracker.py:_activate_slot,3841_-15_239_125_366
R,CLAMP,CLAMP,0
L,9,3841,PREDICTION,src/tracking/advanced_tracker.py:id_merge,
R,PREDICTION,PREDICTION,1
A,3841
S,0,3847,DETECTION,src/tracking/advanced_tracker.py:_activate_slot,3847_579_281_675_386
S,1,3847,DETECTION,src/tracking/advanced_tracker.py:_activate_slot,3847_563_39_675_143
S,2,3847,DETECTION,src/tracking/advanced_tracker.py:_activate_slot,3847_1_910_265_1030
S,3,3847,DETECTION,src/tracking/advanced_tracker.py:_activate_slot,3847_243_311_570_536
S,4,3847,DETECTION,src/tracking/advanced_tracker.py:_activate_slot,3847_78_389_318_536
S,5,3847,DETECTION,src/tracking/advanced_tracker.py:_activate_slot,3847_-15_1107_218_1273
S,7,3847,DETECTION,src/tracking/advanced_tracker.py:_activate_slot,3847_65_252_225_359
S,9,3847,DETECTION,src/tracking/advanced_tracker.py:_activate_slot,3847_147_38_344_195
S,6,3847,DETECTION,src/tracking/advanced_tracker.py:_activate_slot,3847_-1_391_135_490
S,8,3847,PREDICTION,src/tracking/advanced_tracker.py:kalman_homography,
D,0,3847
S,1,3847,PREDICTION,src/tracking/advanced_tracker.py:id_merge,
D,1,3847
S,3,3847,PREDICTION,src/tracking/advanced_tracker.py:id_merge,
D,6,3847
S,7,3847,PREDICTION,src/tracking/advanced_tracker.py:id_merge,
D,8,3847
S,7,3847,PREDICTION,src/tracking/advanced_tracker.py:id_merge,
D,7,3847
S,9,3847,PREDICTION,src/tracking/advanced_tracker.py:id_merge,
L,2,3847,DETECTION,src/tracking/advanced_tracker.py:_activate_slot,3847_1_910_265_1030
R,CLAMP,CLAMP,0
L,3,3847,PREDICTION,src/tracking/advanced_tracker.py:id_merge,
R,PREDICTION,PREDICTION,1
L,4,3847,DETECTION,src/tracking/advanced_tracker.py:_activate_slot,3847_78_389_318_536
R,CLAMP,CLAMP,0
L,5,3847,DETECTION,src/tracking/advanced_tracker.py:_activate_slot,3847_-15_1107_218_1273
R,DETECTION,DETECTION,1
L,9,3847,PREDICTION,src/tracking/advanced_tracker.py:id_merge,
R,PREDICTION,PREDICTION,1
A,3847
S,0,3853,DETECTION,src/tracking/advanced_tracker.py:_activate_slot,3853_576_274_674_386
S,1,3853,DETECTION,src/tracking/advanced_tracker.py:_activate_slot,3853_-14_1146_208_1254
S,2,3853,DETECTION,src/tracking/advanced_tracker.py:_activate_slot,3853_14_892_257_1053
S,3,3853,DETECTION,src/tracking/advanced_tracker.py:_activate_slot,3853_236_337_557_509
S,4,3853,DETECTION,src/tracking/advanced_tracker.py:_activate_slot,3853_69_359_345_548
S,5,3853,DETECTION,src/tracking/advanced_tracker.py:_activate_slot,3853_-15_241_109_360
S,7,3853,DETECTION,src/tracking/advanced_tracker.py:_activate_slot,3853_60_245_216_358
S,9,3853,DETECTION,src/tracking/advanced_tracker.py:_activate_slot,3853_144_41_331_193
S,6,3853,DETECTION,src/tracking/advanced_tracker.py:_activate_slot,3853_-6_384_146_541
S,8,3853,PREDICTION,src/tracking/advanced_tracker.py:kalman_homography,
D,0,3853
S,1,3853,PREDICTION,src/tracking/advanced_tracker.py:id_merge,
D,1,3853
S,2,3853,PREDICTION,src/tracking/advanced_tracker.py:id_merge,
D,3,3853
S,4,3853,PREDICTION,src/tracking/advanced_tracker.py:id_merge,
D,5,3853
S,6,3853,PREDICTION,src/tracking/advanced_tracker.py:id_merge,
D,6,3853
S,7,3853,PREDICTION,src/tracking/advanced_tracker.py:id_merge,
D,8,3853
S,7,3853,PREDICTION,src/tracking/advanced_tracker.py:id_merge,
D,7,3853
S,9,3853,PREDICTION,src/tracking/advanced_tracker.py:id_merge,
L,2,3853,PREDICTION,src/tracking/advanced_tracker.py:id_merge,
R,CLAMP,CLAMP,0
L,4,3853,PREDICTION,src/tracking/advanced_tracker.py:id_merge,
R,CLAMP,CLAMP,0
L,9,3853,PREDICTION,src/tracking/advanced_tracker.py:id_merge,
R,PREDICTION,PREDICTION,1
A,3853
S,0,3859,DETECTION,src/tracking/advanced_tracker.py:_activate_slot,3859_583_266_675_384
S,1,3859,DETECTION,src/tracking/advanced_tracker.py:_activate_slot,3859_597_357_675_436
S,2,3859,DETECTION,src/tracking/advanced_tracker.py:_activate_slot,3859_17_876_252_1054
S,3,3859,DETECTION,src/tracking/advanced_tracker.py:_activate_slot,3859_233_373_544_508
S,4,3859,DETECTION,src/tracking/advanced_tracker.py:_activate_slot,3859_593_502_675_614
S,5,3859,DETECTION,src/tracking/advanced_tracker.py:_activate_slot,3859_-15_1131_206_1237
S,6,3859,DETECTION,src/tracking/advanced_tracker.py:_activate_slot,3859_-9_378_131_533
S,7,3859,DETECTION,src/tracking/advanced_tracker.py:_activate_slot,3859_54_238_213_352
S,9,3859,DETECTION,src/tracking/advanced_tracker.py:_activate_slot,3859_136_39_325_185
S,8,3859,PREDICTION,src/tracking/advanced_tracker.py:flow_gapfill_batched,
D,0,3859
S,1,3859,PREDICTION,src/tracking/advanced_tracker.py:id_merge,
D,1,3859
S,3,3859,PREDICTION,src/tracking/advanced_tracker.py:id_merge,
D,2,3859
S,4,3859,PREDICTION,src/tracking/advanced_tracker.py:id_merge,
D,3,3859
S,4,3859,PREDICTION,src/tracking/advanced_tracker.py:id_merge,
D,6,3859
S,7,3859,PREDICTION,src/tracking/advanced_tracker.py:id_merge,
D,8,3859
S,7,3859,PREDICTION,src/tracking/advanced_tracker.py:id_merge,
D,7,3859
S,9,3859,PREDICTION,src/tracking/advanced_tracker.py:id_merge,
L,4,3859,PREDICTION,src/tracking/advanced_tracker.py:id_merge,
R,CLAMP,CLAMP,0
L,5,3859,DETECTION,src/tracking/advanced_tracker.py:_activate_slot,3859_-15_1131_206_1237
R,DETECTION,DETECTION,1
L,9,3859,PREDICTION,src/tracking/advanced_tracker.py:id_merge,
R,PREDICTION,PREDICTION,1
A,3859
S,0,3865,DETECTION,src/tracking/advanced_tracker.py:_activate_slot,3865_576_-15_675_79
S,1,3865,DETECTION,src/tracking/advanced_tracker.py:_activate_slot,3865_99_431_314_570
S,2,3865,DETECTION,src/tracking/advanced_tracker.py:_activate_slot,3865_12_870_247_1054
S,3,3865,DETECTION,src/tracking/advanced_tracker.py:_activate_slot,3865_234_386_541_524
S,4,3865,DETECTION,src/tracking/advanced_tracker.py:_activate_slot,3865_584_482_675_606
S,5,3865,DETECTION,src/tracking/advanced_tracker.py:_activate_slot,3865_-15_1118_209_1216
S,6,3865,DETECTION,src/tracking/advanced_tracker.py:_activate_slot,3865_-8_358_131_517
S,8,3865,CLAMP,src/tracking/advanced_tracker.py:_activate_slot,3865_-14_1224_112_1294
S,9,3865,DETECTION,src/tracking/advanced_tracker.py:_activate_slot,3865_145_27_319_173
S,7,3865,DETECTION,src/tracking/advanced_tracker.py:_activate_slot,3865_58_227_208_322
D,0,3865
S,3,3865,PREDICTION,src/tracking/advanced_tracker.py:id_merge,
D,2,3865
S,4,3865,PREDICTION,src/tracking/advanced_tracker.py:id_merge,
D,3,3865
S,4,3865,PREDICTION,src/tracking/advanced_tracker.py:id_merge,
D,6,3865
S,7,3865,PREDICTION,src/tracking/advanced_tracker.py:id_merge,
D,7,3865
S,9,3865,PREDICTION,src/tracking/advanced_tracker.py:id_merge,
L,1,3865,DETECTION,src/tracking/advanced_tracker.py:_activate_slot,3865_99_431_314_570
R,DETECTION,DETECTION,1
L,4,3865,PREDICTION,src/tracking/advanced_tracker.py:id_merge,
R,CLAMP,CLAMP,0
L,5,3865,DETECTION,src/tracking/advanced_tracker.py:_activate_slot,3865_-15_1118_209_1216
R,DETECTION,DETECTION,1
L,8,3865,CLAMP,src/tracking/advanced_tracker.py:_activate_slot,3865_-14_1224_112_1294
R,CLAMP,CLAMP,0
L,9,3865,PREDICTION,src/tracking/advanced_tracker.py:id_merge,
R,PREDICTION,PREDICTION,1
A,3865
S,0,3871,DETECTION,src/tracking/advanced_tracker.py:_activate_slot,3871_568_-15_671_71
S,1,3871,DETECTION,src/tracking/advanced_tracker.py:_activate_slot,3871_95_448_255_572
S,2,3871,DETECTION,src/tracking/advanced_tracker.py:_activate_slot,3871_16_926_238_1046
S,3,3871,DETECTION,src/tracking/advanced_tracker.py:_activate_slot,3871_223_368_535_536
S,4,3871,DETECTION,src/tracking/advanced_tracker.py:_activate_slot,3871_576_459_675_583
S,5,3871,DETECTION,src/tracking/advanced_tracker.py:_activate_slot,3871_-14_1083_207_1233
S,6,3871,DETECTION,src/tracking/advanced_tracker.py:_activate_slot,3871_-5_340_130_495
S,7,3871,DETECTION,src/tracking/advanced_tracker.py:_activate_slot,3871_55_207_208_312
S,8,3871,CLAMP,src/tracking/advanced_tracker.py:_activate_slot,3871_145_12_318_159
S,9,3871,DETECTION,src/tracking/advanced_tracker.py:_activate_slot,3871_23_264_183_424
S,10,3871,DETECTION,src/tracking/advanced_tracker.py:_activate_slot,3871_-14_927_86_988
D,0,3871
S,3,3871,PREDICTION,src/tracking/advanced_tracker.py:id_merge,
D,2,3871
S,4,3871,PREDICTION,src/tracking/advanced_tracker.py:id_merge,
D,3,3871
S,4,3871,PREDICTION,src/tracking/advanced_tracker.py:id_merge,
D,6,3871
S,7,3871,PREDICTION,src/tracking/advanced_tracker.py:id_merge,
D,7,3871
S,9,3871,PREDICTION,src/tracking/advanced_tracker.py:id_merge,
L,1,3871,DETECTION,src/tracking/advanced_tracker.py:_activate_slot,3871_95_448_255_572
R,DETECTION,DETECTION,1
L,4,3871,PREDICTION,src/tracking/advanced_tracker.py:id_merge,
R,CLAMP,CLAMP,0
L,5,3871,DETECTION,src/tracking/advanced_tracker.py:_activate_slot,3871_-14_1083_207_1233
R,DETECTION,DETECTION,1
L,8,3871,CLAMP,src/tracking/advanced_tracker.py:_activate_slot,3871_145_12_318_159
R,CLAMP,CLAMP,0
L,9,3871,PREDICTION,src/tracking/advanced_tracker.py:id_merge,
R,PREDICTION,PREDICTION,1
A,3871
S,0,3877,DETECTION,src/tracking/advanced_tracker.py:_activate_slot,3877_569_16_675_145
S,1,3877,DETECTION,src/tracking/advanced_tracker.py:_activate_slot,3877_82_458_275_596
S,2,3877,DETECTION,src/tracking/advanced_tracker.py:_activate_slot,3877_14_896_237_1041
S,3,3877,DETECTION,src/tracking/advanced_tracker.py:_activate_slot,3877_204_348_526_541
S,4,3877,DETECTION,src/tracking/advanced_tracker.py:_activate_slot,3877_579_748_675_874
S,5,3877,DETECTION,src/tracking/advanced_tracker.py:_activate_slot,3877_139_-7_316_144
S,6,3877,DETECTION,src/tracking/advanced_tracker.py:_activate_slot,3877_-4_317_131_470
S,7,3877,DETECTION,src/tracking/advanced_tracker.py:_activate_slot,3877_60_184_208_290
S,8,3877,CLAMP,src/tracking/advanced_tracker.py:_activate_slot,3877_-14_1229_148_1295
S,9,3877,DETECTION,src/tracking/advanced_tracker.py:_activate_slot,3877_30_235_180_401
S,10,3877,DETECTION,src/tracking/advanced_tracker.py:_activate_slot,3877_-14_892_89_959
D,0,3877
S,3,3877,PREDICTION,src/tracking/advanced_tracker.py:id_merge,
D,5,3877
S,7,3877,PREDICTION,src/tracking/advanced_tracker.py:id_merge,
D,6,3877
S,7,3877,PREDICTION,src/tracking/advanced_tracker.py:id_merge,
D,7,3877
S,9,3877,PREDICTION,src/tracking/advanced_tracker.py:id_merge,
L,1,3877,DETECTION,src/tracking/advanced_tracker.py:_activate_slot,3877_82_458_275_596
R,DETECTION,DETECTION,1
L,2,3877,DETECTION,src/tracking/advanced_tracker.py:_activate_slot,3877_14_896_237_1041
R,CLAMP,CLAMP,0
L,3,3877,PREDICTION,src/tracking/advanced_tracker.py:id_merge,
R,PREDICTION,PREDICTION,1
L,4,3877,DETECTION,src/tracking/advanced_tracker.py:_activate_slot,3877_579_748_675_874
R,CLAMP,CLAMP,0
L,8,3877,CLAMP,src/tracking/advanced_tracker.py:_activate_slot,3877_-14_1229_148_1295
R,CLAMP,CLAMP,0
L,9,3877,PREDICTION,src/tracking/advanced_tracker.py:id_merge,
R,PREDICTION,PREDICTION,1
A,3877
S,0,3883,DETECTION,src/tracking/advanced_tracker.py:_activate_slot,3883_558_-3_674_115
S,1,3883,DETECTION,src/tracking/advanced_tracker.py:_activate_slot,3883_78_427_310_590
S,2,3883,DETECTION,src/tracking/advanced_tracker.py:_activate_slot,3883_11_876_243_1032
S,3,3883,DETECTION,src/tracking/advanced_tracker.py:_activate_slot,3883_228_334_524_512
S,4,3883,DETECTION,src/tracking/advanced_tracker.py:_activate_slot,3883_429_1036_673_1188
S,5,3883,DETECTION,src/tracking/advanced_tracker.py:_activate_slot,3883_-15_1025_209_1157
S,6,3883,DETECTION,src/tracking/advanced_tracker.py:_activate_slot,3883_2_287_133_439
S,7,3883,DETECTION,src/tracking/advanced_tracker.py:_activate_slot,3883_61_158_209_262
S,8,3883,CLAMP,src/tracking/advanced_tracker.py:_activate_slot,3883_-14_1192_153_1294
S,9,3883,DETECTION,src/tracking/advanced_tracker.py:_activate_slot,3883_-14_372_90_476
S,10,3883,PREDICTION,src/tracking/advanced_tracker.py:kalman_homography,
D,0,3883
S,3,3883,PREDICTION,src/tracking/advanced_tracker.py:id_merge,
D,1,3883
S,4,3883,PREDICTION,src/tracking/advanced_tracker.py:id_merge,
D,3,3883
S,4,3883,PREDICTION,src/tracking/advanced_tracker.py:id_merge,
D,6,3883
S,7,3883,PREDICTION,src/tracking/advanced_tracker.py:id_merge,
D,7,3883
S,9,3883,PREDICTION,src/tracking/advanced_tracker.py:id_merge,
L,2,3883,DETECTION,src/tracking/advanced_tracker.py:_activate_slot,3883_11_876_243_1032
R,CLAMP,CLAMP,0
L,4,3883,PREDICTION,src/tracking/advanced_tracker.py:id_merge,
R,CLAMP,CLAMP,0
L,5,3883,DETECTION,src/tracking/advanced_tracker.py:_activate_slot,3883_-15_1025_209_1157
R,DETECTION,DETECTION,1
L,8,3883,CLAMP,src/tracking/advanced_tracker.py:_activate_slot,3883_-14_1192_153_1294
R,CLAMP,CLAMP,0
L,9,3883,PREDICTION,src/tracking/advanced_tracker.py:id_merge,
R,PREDICTION,PREDICTION,1
A,3883
S,0,3889,DETECTION,src/tracking/advanced_tracker.py:_activate_slot,3889_555_-15_673_90
S,1,3889,DETECTION,src/tracking/advanced_tracker.py:_activate_slot,3889_82_475_314_592
S,2,3889,DETECTION,src/tracking/advanced_tracker.py:_activate_slot,3889_22_862_242_1015
S,3,3889,DETECTION,src/tracking/advanced_tracker.py:_activate_slot,3889_231_342_521_484
S,4,3889,DETECTION,src/tracking/advanced_tracker.py:_activate_slot,3889_426_1013_674_1155
S,6,3889,DETECTION,src/tracking/advanced_tracker.py:_activate_slot,3889_-14_645_181_789
S,7,3889,DETECTION,src/tracking/advanced_tracker.py:_activate_slot,3889_63_127_211_228
S,8,3889,CLAMP,src/tracking/advanced_tracker.py:_activate_slot,3889_-14_1159_154_1293
S,9,3889,DETECTION,src/tracking/advanced_tracker.py:_activate_slot,3889_130_-15_318_84
S,5,3889,PREDICTION,src/tracking/advanced_tracker.py:kalman_homography,
S,10,3889,PREDICTION,src/tracking/advanced_tracker.py:kalman_homography,
D,0,3889
S,3,3889,PREDICTION,src/tracking/advanced_tracker.py:id_merge,
D,1,3889
S,4,3889,PREDICTION,src/tracking/advanced_tracker.py:id_merge,
D,3,3889
S,4,3889,PREDICTION,src/tracking/advanced_tracker.py:id_merge,
D,7,3889
S,9,3889,PREDICTION,src/tracking/advanced_tracker.py:id_merge,
L,2,3889,DETECTION,src/tracking/advanced_tracker.py:_activate_slot,3889_22_862_242_1015
R,CLAMP,CLAMP,0
L,4,3889,PREDICTION,src/tracking/advanced_tracker.py:id_merge,
R,CLAMP,CLAMP,0
L,5,3889,PREDICTION,src/tracking/advanced_tracker.py:kalman_homography,
R,PREDICTION,PREDICTION,1
L,6,3889,DETECTION,src/tracking/advanced_tracker.py:_activate_slot,3889_-14_645_181_789
R,CLAMP,CLAMP,0
L,8,3889,CLAMP,src/tracking/advanced_tracker.py:_activate_slot,3889_-14_1159_154_1293
R,CLAMP,CLAMP,0
L,9,3889,PREDICTION,src/tracking/advanced_tracker.py:id_merge,
R,PREDICTION,PREDICTION,1
A,3889
S,0,3895,DETECTION,src/tracking/advanced_tracker.py:_activate_slot,3895_547_-15_671_60
S,1,3895,DETECTION,src/tracking/advanced_tracker.py:_activate_slot,3895_93_462_315_589
S,2,3895,DETECTION,src/tracking/advanced_tracker.py:_activate_slot,3895_27_869_247_995
S,3,3895,DETECTION,src/tracking/advanced_tracker.py:_activate_slot,3895_231_356_519_461
S,4,3895,DETECTION,src/tracking/advanced_tracker.py:_activate_slot,3895_431_971_674_1123
S,5,3895,DETECTION,src/tracking/advanced_tracker.py:_activate_slot,3895_-14_824_134_908
S,6,3895,DETECTION,src/tracking/advanced_tracker.py:_activate_slot,3895_-10_626_182_750
S,7,3895,DETECTION,src/tracking/advanced_tracker.py:_activate_slot,3895_498_1_661_119
S,8,3895,CLAMP,src/tracking/advanced_tracker.py:_activate_slot,3895_-14_982_216_1102
S,9,3895,PREDICTION,src/tracking/advanced_tracker.py:kalman_homography,
S,10,3895,PREDICTION,src/tracking/advanced_tracker.py:kalman_homography,
D,0,3895
S,3,3895,PREDICTION,src/tracking/advanced_tracker.py:id_merge,
D,1,3895
S,4,3895,PREDICTION,src/tracking/advanced_tracker.py:id_merge,
D,3,3895
S,4,3895,PREDICTION,src/tracking/advanced_tracker.py:id_merge,
D,9,3895
S,7,3895,PREDICTION,src/tracking/advanced_tracker.py:id_merge,
L,2,3895,DETECTION,src/tracking/advanced_tracker.py:_activate_slot,3895_27_869_247_995
R,CLAMP,CLAMP,0
L,4,3895,PREDICTION,src/tracking/advanced_tracker.py:id_merge,
R,CLAMP,CLAMP,0
L,5,3895,DETECTION,src/tracking/advanced_tracker.py:_activate_slot,3895_-14_824_134_908
R,DETECTION,DETECTION,1
L,6,3895,DETECTION,src/tracking/advanced_tracker.py:_activate_slot,3895_-10_626_182_750
R,CLAMP,CLAMP,0
L,7,3895,PREDICTION,src/tracking/advanced_tracker.py:id_merge,
R,CLAMP,CLAMP,0
L,8,3895,CLAMP,src/tracking/advanced_tracker.py:_activate_slot,3895_-14_982_216_1102
R,CLAMP,CLAMP,0
A,3895
S,0,3901,DETECTION,src/tracking/advanced_tracker.py:_activate_slot,3901_496_-15_649_83
S,1,3901,DETECTION,src/tracking/advanced_tracker.py:_activate_slot,3901_89_443_317_595
S,2,3901,DETECTION,src/tracking/advanced_tracker.py:_activate_slot,3901_-10_931_213_1065
S,3,3901,DETECTION,src/tracking/advanced_tracker.py:_activate_slot,3901_231_326_510_454
S,4,3901,DETECTION,src/tracking/advanced_tracker.py:_activate_slot,3901_284_1063_565_1237
S,5,3901,DETECTION,src/tracking/advanced_tracker.py:_activate_slot,3901_75_55_215_181
S,6,3901,DETECTION,src/tracking/advanced_tracker.py:_activate_slot,3901_22_835_243_973
S,8,3901,CLAMP,src/tracking/advanced_tracker.py:_activate_slot,3901_-15_1067_164_1181
S,9,3901,DETECTION,src/tracking/advanced_tracker.py:_activate_slot,3901_51_117_185_267
S,7,3901,DETECTION,src/tracking/advanced_tracker.py:_activate_slot,3901_590_-6_674_102
S,10,3901,PREDICTION,src/tracking/advanced_tracker.py:kalman_homography,
D,0,3901
S,3,3901,PREDICTION,src/tracking/advanced_tracker.py:id_merge,
D,1,3901
S,4,3901,PREDICTION,src/tracking/advanced_tracker.py:id_merge,
D,3,3901
S,4,3901,PREDICTION,src/tracking/advanced_tracker.py:id_merge,
D,5,3901
S,7,3901,PREDICTION,src/tracking/advanced_tracker.py:id_merge,
L,2,3901,DETECTION,src/tracking/advanced_tracker.py:_activate_slot,3901_-10_931_213_1065
R,CLAMP,CLAMP,0
L,4,3901,PREDICTION,src/tracking/advanced_tracker.py:id_merge,
R,CLAMP,CLAMP,0
L,6,3901,DETECTION,src/tracking/advanced_tracker.py:_activate_slot,3901_22_835_243_973
R,CLAMP,CLAMP,0
L,7,3901,PREDICTION,src/tracking/advanced_tracker.py:id_merge,
R,CLAMP,CLAMP,0
L,8,3901,CLAMP,src/tracking/advanced_tracker.py:_activate_slot,3901_-15_1067_164_1181
R,CLAMP,CLAMP,0
L,9,3901,DETECTION,src/tracking/advanced_tracker.py:_activate_slot,3901_51_117_185_267
R,DETECTION,DETECTION,1
A,3901
S,0,3907,DETECTION,src/tracking/advanced_tracker.py:_activate_slot,3907_586_583_673_691
S,1,3907,DETECTION,src/tracking/advanced_tracker.py:_activate_slot,3907_91_427_329_584
S,2,3907,DETECTION,src/tracking/advanced_tracker.py:_activate_slot,3907_-7_918_217_1017
S,3,3907,DETECTION,src/tracking/advanced_tracker.py:_activate_slot,3907_239_286_507_466
S,4,3907,DETECTION,src/tracking/advanced_tracker.py:_activate_slot,3907_424_931_674_1048
S,10,3907,DETECTION,src/tracking/advanced_tracker.py:_activate_slot,3907_-15_1010_164_1132
S,5,3907,PREDICTION,src/tracking/advanced_tracker.py:kalman_homography,
S,6,3907,PREDICTION,src/tracking/advanced_tracker.py:kalman_homography,
S,8,3907,PREDICTION,src/tracking/advanced_tracker.py:kalman_homography,
S,9,3907,PREDICTION,src/tracking/advanced_tracker.py:kalman_homography,
D,0,3907
S,2,3907,PREDICTION,src/tracking/advanced_tracker.py:id_merge,
D,1,3907
S,3,3907,PREDICTION,src/tracking/advanced_tracker.py:id_merge,
D,5,3907
S,9,3907,PREDICTION,src/tracking/advanced_tracker.py:id_merge,
D,6,3907
S,8,3907,PREDICTION,src/tracking/advanced_tracker.py:id_merge,
L,2,3907,PREDICTION,src/tracking/advanced_tracker.py:id_merge,
R,CLAMP,CLAMP,0
L,3,3907,PREDICTION,src/tracking/advanced_tracker.py:id_merge,
R,PREDICTION,PREDICTION,1
L,4,3907,DETECTION,src/tracking/advanced_tracker.py:_activate_slot,3907_424_931_674_1048
R,CLAMP,CLAMP,0
L,8,3907,PREDICTION,src/tracking/advanced_tracker.py:id_merge,
R,PREDICTION,PREDICTION,1
L,9,3907,PREDICTION,src/tracking/advanced_tracker.py:id_merge,
R,PREDICTION,PREDICTION,1
A,3907
S,0,3913,DETECTION,src/tracking/advanced_tracker.py:_activate_slot,3913_501_16_654_117
S,1,3913,DETECTION,src/tracking/advanced_tracker.py:_activate_slot,3913_106_414_330_566
S,2,3913,DETECTION,src/tracking/advanced_tracker.py:_activate_slot,3913_45_787_248_933
S,3,3913,DETECTION,src/tracking/advanced_tracker.py:_activate_slot,3913_239_253_507_430
S,4,3913,DETECTION,src/tracking/advanced_tracker.py:_activate_slot,3913_282_941_539_1065
S,5,3913,DETECTION,src/tracking/advanced_tracker.py:_activate_slot,3913_-15_543_192_663
S,6,3913,DETECTION,src/tracking/advanced_tracker.py:_activate_slot,3913_-15_954_167_1082
S,8,3913,DETECTION,src/tracking/advanced_tracker.py:_activate_slot,3913_-14_657_146_753
S,9,3913,PREDICTION,src/tracking/advanced_tracker.py:kalman_homography,
S,10,3913,PREDICTION,src/tracking/advanced_tracker.py:kalman_homography,
D,0,3913
S,3,3913,PREDICTION,src/tracking/advanced_tracker.py:id_merge,
D,1,3913
S,3,3913,PREDICTION,src/tracking/advanced_tracker.py:id_merge,
D,3,3913
S,4,3913,PREDICTION,src/tracking/advanced_tracker.py:id_merge,
L,2,3913,DETECTION,src/tracking/advanced_tracker.py:_activate_slot,3913_45_787_248_933
R,CLAMP,CLAMP,0
L,4,3913,PREDICTION,src/tracking/advanced_tracker.py:id_merge,
R,CLAMP,CLAMP,0
L,5,3913,DETECTION,src/tracking/advanced_tracker.py:_activate_slot,3913_-15_543_192_663
R,CLAMP,CLAMP,0
L,6,3913,DETECTION,src/tracking/advanced_tracker.py:_activate_slot,3913_-15_954_167_1082
R,CLAMP,CLAMP,0
L,8,3913,DETECTION,src/tracking/advanced_tracker.py:_activate_slot,3913_-14_657_146_753
R,CLAMP,CLAMP,0
L,9,3913,PREDICTION,src/tracking/advanced_tracker.py:kalman_homography,
R,PREDICTION,PREDICTION,1
A,3913
S,0,3919,DETECTION,src/tracking/advanced_tracker.py:_activate_slot,3919_504_-14_658_85
S,1,3919,DETECTION,src/tracking/advanced_tracker.py:_activate_slot,3919_117_453_332_568
S,2,3919,DETECTION,src/tracking/advanced_tracker.py:_activate_slot,3919_9_807_225_923
S,3,3919,DETECTION,src/tracking/advanced_tracker.py:_activate_slot,3919_240_254_501_392
S,4,3919,DETECTION,src/tracking/advanced_tracker.py:_activate_slot,3919_278_879_551_1001
S,5,3919,DETECTION,src/tracking/advanced_tracker.py:_activate_slot,3919_-6_514_197_628
S,6,3919,DETECTION,src/tracking/advanced_tracker.py:_activate_slot,3919_-14_906_174_1033
S,7,3919,DETECTION,src/tracking/advanced_tracker.py:_activate_slot,3919_585_486_674_639
S,8,3919,DETECTION,src/tracking/advanced_tracker.py:_activate_slot,3919_-14_607_150_705
S,9,3919,PREDICTION,src/tracking/advanced_tracker.py:kalman_homography,
S,10,3919,PREDICTION,src/tracking/advanced_tracker.py:kalman_homography,
D,0,3919
S,3,3919,PREDICTION,src/tracking/advanced_tracker.py:id_merge,
D,1,3919
S,3,3919,PREDICTION,src/tracking/advanced_tracker.py:id_merge,
D,3,3919
S,4,3919,PREDICTION,src/tracking/advanced_tracker.py:id_merge,
L,2,3919,DETECTION,src/tracking/advanced_tracker.py:_activate_slot,3919_9_807_225_923
R,CLAMP,CLAMP,0
L,4,3919,PREDICTION,src/tracking/advanced_tracker.py:id_merge,
R,CLAMP,CLAMP,0
L,5,3919,DETECTION,src/tracking/advanced_tracker.py:_activate_slot,3919_-6_514_197_628
R,CLAMP,CLAMP,0
L,6,3919,DETECTION,src/tracking/advanced_tracker.py:_activate_slot,3919_-14_906_174_1033
R,CLAMP,CLAMP,0
L,7,3919,DETECTION,src/tracking/advanced_tracker.py:_activate_slot,3919_585_486_674_639
R,CLAMP,CLAMP,0
L,8,3919,DETECTION,src/tracking/advanced_tracker.py:_activate_slot,3919_-14_607_150_705
R,CLAMP,CLAMP,0
L,9,3919,PREDICTION,src/tracking/advanced_tracker.py:kalman_homography,
R,PREDICTION,PREDICTION,1
A,3919
S,0,3925,DETECTION,src/tracking/advanced_tracker.py:_activate_slot,3925_81_780_235_884
S,1,3925,DETECTION,src/tracking/advanced_tracker.py:_activate_slot,3925_115_423_336_563
S,2,3925,DETECTION,src/tracking/advanced_tracker.py:_activate_slot,3925_20_777_236_886
S,3,3925,DETECTION,src/tracking/advanced_tracker.py:_activate_slot,3925_243_269_503_380
S,4,3925,DETECTION,src/tracking/advanced_tracker.py:_activate_slot,3925_275_826_563_942
S,5,3925,DETECTION,src/tracking/advanced_tracker.py:_activate_slot,3925_-15_562_155_656
S,6,3925,DETECTION,src/tracking/advanced_tracker.py:_activate_slot,3925_-15_868_180_992
S,8,3925,PREDICTION,src/tracking/advanced_tracker.py:kalman_homography,
S,9,3925,PREDICTION,src/tracking/advanced_tracker.py:kalman_homography,
S,10,3925,PREDICTION,src/tracking/advanced_tracker.py:kalman_homography,
D,0,3925
S,2,3925,PREDICTION,src/tracking/advanced_tracker.py:id_merge,
D,1,3925
S,3,3925,PREDICTION,src/tracking/advanced_tracker.py:id_merge,
D,3,3925
S,4,3925,PREDICTION,src/tracking/advanced_tracker.py:id_merge,
L,2,3925,PREDICTION,src/tracking/advanced_tracker.py:id_merge,
R,CLAMP,CLAMP,0
L,4,3925,PREDICTION,src/tracking/advanced_tracker.py:id_merge,
R,CLAMP,CLAMP,0
L,5,3925,DETECTION,src/tracking/advanced_tracker.py:_activate_slot,3925_-15_562_155_656
R,CLAMP,CLAMP,0
L,6,3925,DETECTION,src/tracking/advanced_tracker.py:_activate_slot,3925_-15_868_180_992
R,CLAMP,CLAMP,0
L,8,3925,PREDICTION,src/tracking/advanced_tracker.py:kalman_homography,
R,CLAMP,CLAMP,0
L,9,3925,PREDICTION,src/tracking/advanced_tracker.py:kalman_homography,
R,PREDICTION,SUBPIXEL,0
A,3925
S,0,3931,DETECTION,src/tracking/advanced_tracker.py:_activate_slot,3931_421_822_570_940
S,1,3931,DETECTION,src/tracking/advanced_tracker.py:_activate_slot,3931_125_408_332_574
S,2,3931,DETECTION,src/tracking/advanced_tracker.py:_activate_slot,3931_34_407_332_578
S,3,3931,DETECTION,src/tracking/advanced_tracker.py:_activate_slot,3931_244_243_503_377
S,4,3931,DETECTION,src/tracking/advanced_tracker.py:_activate_slot,3931_271_778_505_890
S,5,3931,DETECTION,src/tracking/advanced_tracker.py:_activate_slot,3931_-15_512_159_610
S,6,3931,DETECTION,src/tracking/advanced_tracker.py:_activate_slot,3931_-13_833_181_935
S,7,3931,DETECTION,src/tracking/advanced_tracker.py:_activate_slot,3931_-15_839_179_921
S,8,3931,DETECTION,src/tracking/advanced_tracker.py:_activate_slot,3931_543_-15_673_82
S,9,3931,PREDICTION,src/tracking/advanced_tracker.py:kalman_homography,
S,10,3931,PREDICTION,src/tracking/advanced_tracker.py:kalman_homography,
D,0,3931
S,1,3931,PREDICTION,src/tracking/advanced_tracker.py:id_merge,
D,1,3931
S,2,3931,PREDICTION,src/tracking/advanced_tracker.py:id_merge,
D,2,3931
S,3,3931,PREDICTION,src/tracking/advanced_tracker.py:id_merge,
D,3,3931
S,4,3931,PREDICTION,src/tracking/advanced_tracker.py:id_merge,
D,6,3931
S,7,3931,PREDICTION,src/tracking/advanced_tracker.py:id_merge,
D,9,3931
S,8,3931,PREDICTION,src/tracking/advanced_tracker.py:id_merge,
L,4,3931,PREDICTION,src/tracking/advanced_tracker.py:id_merge,
R,CLAMP,CLAMP,0
L,5,3931,DETECTION,src/tracking/advanced_tracker.py:_activate_slot,3931_-15_512_159_610
R,CLAMP,CLAMP,0
L,7,3931,PREDICTION,src/tracking/advanced_tracker.py:id_merge,
R,CLAMP,CLAMP,0
L,8,3931,PREDICTION,src/tracking/advanced_tracker.py:id_merge,
R,PREDICTION,PREDICTION,1
A,3931
S,0,3937,DETECTION,src/tracking/advanced_tracker.py:_activate_slot,3937_418_816_570_918
S,1,3937,DETECTION,src/tracking/advanced_tracker.py:_activate_slot,3937_129_430_330_568
S,2,3937,DETECTION,src/tracking/advanced_tracker.py:_activate_slot,3937_584_513_674_629
S,3,3937,DETECTION,src/tracking/advanced_tracker.py:_activate_slot,3937_244_210_499_375
S,4,3937,DETECTION,src/tracking/advanced_tracker.py:_activate_slot,3937_268_729_516_832
S,5,3937,DETECTION,src/tracking/advanced_tracker.py:_activate_slot,3937_-8_806_179_914
S,6,3937,DETECTION,src/tracking/advanced_tracker.py:_activate_slot,3937_10_443_205_533
S,7,3937,DETECTION,src/tracking/advanced_tracker.py:_activate_slot,3937_585_351_674_505
S,8,3937,DETECTION,src/tracking/advanced_tracker.py:_activate_slot,3937_179_1059_426_1219
S,9,3937,DETECTION,src/tracking/advanced_tracker.py:_activate_slot,3937_-7_648_149_744
S,10,3937,PREDICTION,src/tracking/advanced_tracker.py:kalman_homography,
D,0,3937
S,1,3937,PREDICTION,src/tracking/advanced_tracker.py:id_merge,
D,1,3937
S,3,3937,PREDICTION,src/tracking/advanced_tracker.py:id_merge,
D,7,3937
S,8,3937,PREDICTION,src/tracking/advanced_tracker.py:id_merge,
L,2,3937,DETECTION,src/tracking/advanced_tracker.py:_activate_slot,3937_584_513_674_629
R,CLAMP,CLAMP,0
L,3,3937,PREDICTION,src/tracking/advanced_tracker.py:id_merge,
R,PREDICTION,PREDICTION,1
L,4,3937,DETECTION,src/tracking/advanced_tracker.py:_activate_slot,3937_268_729_516_832
R,CLAMP,CLAMP,0
L,5,3937,DETECTION,src/tracking/advanced_tracker.py:_activate_slot,3937_-8_806_179_914
R,DETECTION,DETECTION,1
L,6,3937,DETECTION,src/tracking/advanced_tracker.py:_activate_slot,3937_10_443_205_533
R,DETECTION,DETECTION,1
L,8,3937,PREDICTION,src/tracking/advanced_tracker.py:id_merge,
R,PREDICTION,PREDICTION,1
L,9,3937,DETECTION,src/tracking/advanced_tracker.py:_activate_slot,3937_-7_648_149_744
R,CLAMP,CLAMP,1
A,3937
S,0,3943,DETECTION,src/tracking/advanced_tracker.py:_activate_slot,3943_412_799_568_897
S,1,3943,DETECTION,src/tracking/advanced_tracker.py:_activate_slot,3943_140_468_344_583
S,2,3943,DETECTION,src/tracking/advanced_tracker.py:_activate_slot,3943_581_113_675_223
S,3,3943,DETECTION,src/tracking/advanced_tracker.py:_activate_slot,3943_252_194_499_358
S,4,3943,DETECTION,src/tracking/advanced_tracker.py:_activate_slot,3943_269_679_514_791
S,5,3943,DETECTION,src/tracking/advanced_tracker.py:_activate_slot,3943_46_414_213_536
S,6,3943,DETECTION,src/tracking/advanced_tracker.py:_activate_slot,3943_584_445_674_597
S,7,3943,DETECTION,src/tracking/advanced_tracker.py:_activate_slot,3943_583_311_674_469
S,8,3943,DETECTION,src/tracking/advanced_tracker.py:_activate_slot,3943_485_943_673_1059
S,9,3943,DETECTION,src/tracking/advanced_tracker.py:_activate_slot,3943_567_-15_673_87
S,10,3943,PREDICTION,src/tracking/advanced_tracker.py:kalman_homography,
D,0,3943
S,1,3943,PREDICTION,src/tracking/advanced_tracker.py:id_merge,
D,1,3943
S,3,3943,PREDICTION,src/tracking/advanced_tracker.py:id_merge,
D,2,3943
S,3,3943,PREDICTION,src/tracking/advanced_tracker.py:id_merge,
D,3,3943
S,4,3943,PREDICTION,src/tracking/advanced_tracker.py:id_merge,
D,5,3943
S,8,3943,PREDICTION,src/tracking/advanced_tracker.py:id_merge,
D,6,3943
S,7,3943,PREDICTION,src/tracking/advanced_tracker.py:id_merge,
D,7,3943
S,9,3943,PREDICTION,src/tracking/advanced_tracker.py:id_merge,
L,4,3943,PREDICTION,src/tracking/advanced_tracker.py:id_merge,
R,CLAMP,CLAMP,0
L,8,3943,PREDICTION,src/tracking/advanced_tracker.py:id_merge,
R,PREDICTION,PREDICTION,1
L,9,3943,PREDICTION,src/tracking/advanced_tracker.py:id_merge,
R,PREDICTION,PREDICTION,1
A,3943
S,0,3949,DETECTION,src/tracking/advanced_tracker.py:_activate_slot,3949_473_901_674_1019
S,1,3949,DETECTION,src/tracking/advanced_tracker.py:_activate_slot,3949_141_456_344_586
S,2,3949,DETECTION,src/tracking/advanced_tracker.py:_activate_slot,3949_478_829_674_939
S,3,3949,DETECTION,src/tracking/advanced_tracker.py:_activate_slot,3949_254_197_493_339
S,4,3949,DETECTION,src/tracking/advanced_tracker.py:_activate_slot,3949_277_627_507_751
S,5,3949,DETECTION,src/tracking/advanced_tracker.py:_activate_slot,3949_29_387_215_510
S,6,3949,DETECTION,src/tracking/advanced_tracker.py:_activate_slot,3949_588_282_674_439
S,7,3949,DETECTION,src/tracking/advanced_tracker.py:_activate_slot,3949_9_577_158_678
S,8,3949,DETECTION,src/tracking/advanced_tracker.py:_activate_slot,3949_585_672_675_791
S,9,3949,DETECTION,src/tracking/advanced_tracker.py:_activate_slot,3949_565_10_673_120
S,10,3949,PREDICTION,src/tracking/advanced_tracker.py:kalman_homography,
D,0,3949
S,1,3949,PREDICTION,src/tracking/advanced_tracker.py:id_merge,
D,1,3949
S,3,3949,PREDICTION,src/tracking/advanced_tracker.py:id_merge,
D,3,3949
S,4,3949,PREDICTION,src/tracking/advanced_tracker.py:id_merge,
D,6,3949
S,9,3949,PREDICTION,src/tracking/advanced_tracker.py:id_merge,
L,2,3949,DETECTION,src/tracking/advanced_tracker.py:_activate_slot,3949_478_829_674_939
R,DETECTION,DETECTION,1
L,4,3949,PREDICTION,src/tracking/advanced_tracker.py:id_merge,
R,CLAMP,CLAMP,0
L,5,3949,DETECTION,src/tracking/advanced_tracker.py:_activate_slot,3949_29_387_215_510
R,CLAMP,CLAMP,0
L,7,3949,DETECTION,src/tracking/advanced_tracker.py:_activate_slot,3949_9_577_158_678
R,DETECTION,DETECTION,1
L,8,3949,DETECTION,src/tracking/advanced_tracker.py:_activate_slot,3949_585_672_675_791
R,CLAMP,CLAMP,0
L,9,3949,PREDICTION,src/tracking/advanced_tracker.py:id_merge,
R,PREDICTION,PREDICTION,1
A,3949
S,0,3955,DETECTION,src/tracking/advanced_tracker.py:_activate_slot,3955_406_766_567_864
S,1,3955,DETECTION,src/tracking/advanced_tracker.py:_activate_slot,3955_153_454_352_597
S,2,3955,DETECTION,src/tracking/advanced_tracker.py:_activate_slot,3955_462_862_672_980
S,3,3955,DETECTION,src/tracking/advanced_tracker.py:_activate_slot,3955_254_220_497_325
S,4,3955,DETECTION,src/tracking/advanced_tracker.py:_activate_slot,3955_289_593_501_713
S,5,3955,DETECTION,src/tracking/advanced_tracker.py:_activate_slot,3955_27_380_217_478
S,7,3955,DETECTION,src/tracking/advanced_tracker.py:_activate_slot,3955_51_639_246_737
S,9,3955,DETECTION,src/tracking/advanced_tracker.py:_activate_slot,3955_476_792_674_906
S,10,3955,PREDICTION,src/tracking/advanced_tracker.py:flow_gapfill_batched,
D,0,3955
S,2,3955,PREDICTION,src/tracking/advanced_tracker.py:id_merge,
D,1,3955
S,2,3955,PREDICTION,src/tracking/advanced_tracker.py:id_merge,
D,3,3955
S,4,3955,PREDICTION,src/tracking/advanced_tracker.py:id_merge,
D,7,3955
S,9,3955,PREDICTION,src/tracking/advanced_tracker.py:id_merge,
L,2,3955,PREDICTION,src/tracking/advanced_tracker.py:id_merge,
R,PREDICTION,PREDICTION,1
L,4,3955,PREDICTION,src/tracking/advanced_tracker.py:id_merge,
R,CLAMP,CLAMP,0
L,5,3955,DETECTION,src/tracking/advanced_tracker.py:_activate_slot,3955_27_380_217_478
R,CLAMP,CLAMP,0
L,9,3955,PREDICTION,src/tracking/advanced_tracker.py:id_merge,
R,CLAMP,CLAMP,0
A,3955
S,0,3961,DETECTION,src/tracking/advanced_tracker.py:_activate_slot,3961_408_755_675_892
S,1,3961,DETECTION,src/tracking/advanced_tracker.py:_activate_slot,3961_167_507_355_597
S,2,3961,DETECTION,src/tracking/advanced_tracker.py:_activate_slot,3961_564_-15_674_81
S,3,3961,DETECTION,src/tracking/advanced_tracker.py:_activate_slot,3961_257_208_492_319
S,4,3961,DETECTION,src/tracking/advanced_tracker.py:_activate_slot,3961_297_546_502_674
S,5,3961,DETECTION,src/tracking/advanced_tracker.py:_activate_slot,3961_5_359_183_435
S,6,3961,DETECTION,src/tracking/advanced_tracker.py:_activate_slot,3961_46_387_221_458
S,7,3961,DETECTION,src/tracking/advanced_tracker.py:_activate_slot,3961_22_678_200_766
S,8,3961,DETECTION,src/tracking/advanced_tracker.py:_activate_slot,3961_582_476_674_575
S,9,3961,CLAMP,src/tracking/advanced_tracker.py:_activate_slot,3961_25_678_203_797
D,1,3961
S,3,3961,PREDICTION,src/tracking/advanced_tracker.py:id_merge,
D,2,3961
S,3,3961,PREDICTION,src/tracking/advanced_tracker.py:id_merge,
D,3,3961
S,4,3961,PREDICTION,src/tracking/advanced_tracker.py:id_merge,
D,5,3961
S,6,3961,PREDICTION,src/tracking/advanced_tracker.py:id_merge,
L,0,3961,DETECTION,src/tracking/advanced_tracker.py:_activate_slot,3961_408_755_675_892
R,CLAMP,CLAMP,0
L,4,3961,PREDICTION,src/tracking/advanced_tracker.py:id_merge,
R,CLAMP,CLAMP,0
L,6,3961,PREDICTION,src/tracking/advanced_tracker.py:id_merge,
R,PREDICTION,PREDICTION,1
L,7,3961,DETECTION,src/tracking/advanced_tracker.py:_activate_slot,3961_22_678_200_766
R,CLAMP,CLAMP,0
L,8,3961,DETECTION,src/tracking/advanced_tracker.py:_activate_slot,3961_582_476_674_575
R,DETECTION,DETECTION,1
L,9,3961,CLAMP,src/tracking/advanced_tracker.py:_activate_slot,3961_25_678_203_797
R,CLAMP,CLAMP,0
A,3961
S,0,3967,DETECTION,src/tracking/advanced_tracker.py:_activate_slot,3967_409_752_672_912
S,1,3967,DETECTION,src/tracking/advanced_tracker.py:_activate_slot,3967_170_511_355_605
S,2,3967,DETECTION,src/tracking/advanced_tracker.py:_activate_slot,3967_566_29_675_138
S,3,3967,DETECTION,src/tracking/advanced_tracker.py:_activate_slot,3967_261_189_489_331
S,4,3967,DETECTION,src/tracking/advanced_tracker.py:_activate_slot,3967_286_512_496_641
S,5,3967,DETECTION,src/tracking/advanced_tracker.py:_activate_slot,3967_596_573_675_668
S,6,3967,DETECTION,src/tracking/advanced_tracker.py:_activate_slot,3967_51_371_227_459
S,7,3967,DETECTION,src/tracking/advanced_tracker.py:_activate_slot,3967_29_659_209_763
S,9,3967,PREDICTION,src/tracking/advanced_tracker.py:kalman_homography,
S,8,3967,PREDICTION,src/tracking/advanced_tracker.py:flow_gapfill_batched,
D,1,3967
S,3,3967,PREDICTION,src/tracking/advanced_tracker.py:id_merge,
D,2,3967
S,3,3967,PREDICTION,src/tracking/advanced_tracker.py:id_merge,
D,3,3967
S,4,3967,PREDICTION,src/tracking/advanced_tracker.py:id_merge,
D,8,3967
S,5,3967,PREDICTION,src/tracking/advanced_tracker.py:id_merge,
L,0,3967,DETECTION,src/tracking/advanced_tracker.py:_activate_slot,3967_409_752_672_912
R,CLAMP,CLAMP,0
L,4,3967,PREDICTION,src/tracking/advanced_tracker.py:id_merge,
R,CLAMP,CLAMP,0
L,5,3967,PREDICTION,src/tracking/advanced_tracker.py:id_merge,
R,CLAMP,CLAMP,0
L,6,3967,DETECTION,src/tracking/advanced_tracker.py:_activate_slot,3967_51_371_227_459
R,DETECTION,DETECTION,1
L,7,3967,DETECTION,src/tracking/advanced_tracker.py:_activate_slot,3967_29_659_209_763
R,CLAMP,CLAMP,0
L,9,3967,PREDICTION,src/tracking/advanced_tracker.py:kalman_homography,
R,PREDICTION,PREDICTION,1
A,3967
S,0,3973,DETECTION,src/tracking/advanced_tracker.py:_activate_slot,3973_407_759_672_881
S,1,3973,DETECTION,src/tracking/advanced_tracker.py:_activate_slot,3973_171_498_369_620
S,2,3973,DETECTION,src/tracking/advanced_tracker.py:_activate_slot,3973_70_554_239_635
S,3,3973,DETECTION,src/tracking/advanced_tracker.py:_activate_slot,3973_268_182_487_314
S,4,3973,DETECTION,src/tracking/advanced_tracker.py:_activate_slot,3973_306_493_496_610
S,5,3973,DETECTION,src/tracking/advanced_tracker.py:_activate_slot,3973_589_541_675_644
S,6,3973,DETECTION,src/tracking/advanced_tracker.py:_activate_slot,3973_66_347_230_455
S,7,3973,DETECTION,src/tracking/advanced_tracker.py:_activate_slot,3973_30_639_207_724
S,8,3973,DETECTION,src/tracking/advanced_tracker.py:_activate_slot,3973_563_7_675_120
S,9,3973,PREDICTION,src/tracking/advanced_tracker.py:kalman_homography,
D,1,3973
S,3,3973,PREDICTION,src/tracking/advanced_tracker.py:id_merge,
D,3,3973
S,4,3973,PREDICTION,src/tracking/advanced_tracker.py:id_merge,
D,5,3973
S,8,3973,PREDICTION,src/tracking/advanced_tracker.py:id_merge,
L,0,3973,DETECTION,src/tracking/advanced_tracker.py:_activate_slot,3973_407_759_672_881
R,CLAMP,CLAMP,0
L,2,3973,DETECTION,src/tracking/advanced_tracker.py:_activate_slot,3973_70_554_239_635
R,DETECTION,DETECTION,1
L,4,3973,PREDICTION,src/tracking/advanced_tracker.py:id_merge,
R,CLAMP,CLAMP,0
L,6,3973,DETECTION,src/tracking/advanced_tracker.py:_activate_slot,3973_66_347_230_455
R,DETECTION,DETECTION,1
L,7,3973,DETECTION,src/tracking/advanced_tracker.py:_activate_slot,3973_30_639_207_724
R,DETECTION,DETECTION,1
L,8,3973,PREDICTION,src/tracking/advanced_tracker.py:id_merge,
R,PREDICTION,PREDICTION,1
L,9,3973,PREDICTION,src/tracking/advanced_tracker.py:kalman_homography,
R,PREDICTION,PREDICTION,1
A,3973
S,0,3979,DETECTION,src/tracking/advanced_tracker.py:_activate_slot,3979_394_725_571_849
S,1,3979,DETECTION,src/tracking/advanced_tracker.py:_activate_slot,3979_181_501_375_638
S,2,3979,DETECTION,src/tracking/advanced_tracker.py:_activate_slot,3979_459_663_675_773
S,3,3979,DETECTION,src/tracking/advanced_tracker.py:_activate_slot,3979_273_201_483_312
S,4,3979,DETECTION,src/tracking/advanced_tracker.py:_activate_slot,3979_308_473_491_582
S,6,3979,DETECTION,src/tracking/advanced_tracker.py:_activate_slot,3979_68_332_232_433
S,7,3979,DETECTION,src/tracking/advanced_tracker.py:_activate_slot,3979_44_613_212_709
S,8,3979,DETECTION,src/tracking/advanced_tracker.py:_activate_slot,3979_75_517_264_600
S,5,3979,PREDICTION,src/tracking/advanced_tracker.py:flow_gapfill_batched,
S,9,3979,PREDICTION,src/tracking/advanced_tracker.py:flow_gapfill_batched,
D,1,3979
S,3,3979,PREDICTION,src/tracking/advanced_tracker.py:id_merge,
D,3,3979
S,4,3979,PREDICTION,src/tracking/advanced_tracker.py:id_merge,
D,6,3979
S,8,3979,PREDICTION,src/tracking/advanced_tracker.py:id_merge,
L,0,3979,DETECTION,src/tracking/advanced_tracker.py:_activate_slot,3979_394_725_571_849
R,CLAMP,CLAMP,0
L,2,3979,DETECTION,src/tracking/advanced_tracker.py:_activate_slot,3979_459_663_675_773
R,CLAMP,CLAMP,0
L,4,3979,PREDICTION,src/tracking/advanced_tracker.py:id_merge,
R,CLAMP,CLAMP,0
L,5,3979,PREDICTION,src/tracking/advanced_tracker.py:flow_gapfill_batched,
R,CLAMP,CLAMP,0
L,7,3979,DETECTION,src/tracking/advanced_tracker.py:_activate_slot,3979_44_613_212_709
R,DETECTION,DETECTION,1
L,8,3979,PREDICTION,src/tracking/advanced_tracker.py:id_merge,
R,PREDICTION,PREDICTION,1
L,9,3979,PREDICTION,src/tracking/advanced_tracker.py:flow_gapfill_batched,
R,CLAMP,CLAMP,0
A,3979
S,0,3985,CLAMP,src/tracking/advanced_tracker.py:_activate_slot,3985_456_633_568_733
S,1,3985,DETECTION,src/tracking/advanced_tracker.py:_activate_slot,3985_129_1060_317_1168
S,2,3985,DETECTION,src/tracking/advanced_tracker.py:_activate_slot,3985_85_490_266_580
S,3,3985,DETECTION,src/tracking/advanced_tracker.py:_activate_slot,3985_277_201_483_296
S,4,3985,DETECTION,src/tracking/advanced_tracker.py:_activate_slot,3985_309_452_480_563
S,6,3985,DETECTION,src/tracking/advanced_tracker.py:_activate_slot,3985_63_332_234_412
S,7,3985,DETECTION,src/tracking/advanced_tracker.py:_activate_slot,3985_49_590_211_685
S,8,3985,PREDICTION,src/tracking/advanced_tracker.py:kalman_homography,
S,9,3985,PREDICTION,src/tracking/advanced_tracker.py:flow_gapfill_batched,
D,1,3985
S,3,3985,PREDICTION,src/tracking/advanced_tracker.py:id_merge,
D,3,3985
S,4,3985,PREDICTION,src/tracking/advanced_tracker.py:id_merge,
D,8,3985
S,6,3985,PREDICTION,src/tracking/advanced_tracker.py:id_merge,
L,0,3985,CLAMP,src/tracking/advanced_tracker.py:_activate_slot,3985_456_633_568_733
R,CLAMP,CLAMP,0
L,2,3985,DETECTION,src/tracking/advanced_tracker.py:_activate_slot,3985_85_490_266_580
R,DETECTION,DETECTION,1
L,4,3985,PREDICTION,src/tracking/advanced_tracker.py:id_merge,
R,CLAMP,CLAMP,0
L,6,3985,PREDICTION,src/tracking/advanced_tracker.py:id_merge,
R,PREDICTION,PREDICTION,1
L,7,3985,DETECTION,src/tracking/advanced_tracker.py:_activate_slot,3985_49_590_211_685
R,DETECTION,DETECTION,1
L,9,3985,PREDICTION,src/tracking/advanced_tracker.py:flow_gapfill_batched,
R,CLAMP,CLAMP,0
A,3985
S,0,3991,CLAMP,src/tracking/advanced_tracker.py:_activate_slot,3991_451_608_566_704
S,1,3991,DETECTION,src/tracking/advanced_tracker.py:_activate_slot,3991_125_1032_313_1134
S,2,3991,DETECTION,src/tracking/advanced_tracker.py:_activate_slot,3991_398_678_570_800
S,3,3991,DETECTION,src/tracking/advanced_tracker.py:_activate_slot,3991_276_193_487_294
S,4,3991,DETECTION,src/tracking/advanced_tracker.py:_activate_slot,3991_304_436_480_546
S,6,3991,DETECTION,src/tracking/advanced_tracker.py:_activate_slot,3991_73_333_235_401
S,7,3991,DETECTION,src/tracking/advanced_tracker.py:_activate_slot,3991_53_564_214_668
S,8,3991,PREDICTION,src/tracking/advanced_tracker.py:kalman_homography,
S,5,3991,PREDICTION,src/tracking/advanced_tracker.py:flow_gapfill_batched,
S,9,3991,PREDICTION,src/tracking/advanced_tracker.py:flow_gapfill_batched,
D,1,3991
S,3,3991,PREDICTION,src/tracking/advanced_tracker.py:id_merge,
D,3,3991
S,4,3991,PREDICTION,src/tracking/advanced_tracker.py:id_merge,
D,8,3991
S,7,3991,PREDICTION,src/tracking/advanced_tracker.py:id_merge,
L,0,3991,CLAMP,src/tracking/advanced_tracker.py:_activate_slot,3991_451_608_566_704
R,CLAMP,CLAMP,0
L,2,3991,DETECTION,src/tracking/advanced_tracker.py:_activate_slot,3991_398_678_570_800
R,CLAMP,CLAMP,0
L,4,3991,PREDICTION,src/tracking/advanced_tracker.py:id_merge,
R,CLAMP,CLAMP,0
L,5,3991,PREDICTION,src/tracking/advanced_tracker.py:flow_gapfill_batched,
R,CLAMP,CLAMP,0
L,6,3991,DETECTION,src/tracking/advanced_tracker.py:_activate_slot,3991_73_333_235_401
R,DETECTION,DETECTION,1
L,7,3991,PREDICTION,src/tracking/advanced_tracker.py:id_merge,
R,PREDICTION,PREDICTION,1
L,9,3991,PREDICTION,src/tracking/advanced_tracker.py:flow_gapfill_batched,
R,CLAMP,CLAMP,0
A,3991
S,0,3997,CLAMP,src/tracking/advanced_tracker.py:_activate_slot,3997_449_585_565_683
S,1,3997,DETECTION,src/tracking/advanced_tracker.py:_activate_slot,3997_200_548_401_664
S,2,3997,DETECTION,src/tracking/advanced_tracker.py:_activate_slot,3997_561_1213_675_1295
S,3,3997,DETECTION,src/tracking/advanced_tracker.py:_activate_slot,3997_277_200_487_289
S,4,3997,DETECTION,src/tracking/advanced_tracker.py:_activate_slot,3997_299_422_480_532
S,6,3997,DETECTION,src/tracking/advanced_tracker.py:_activate_slot,3997_123_1029_314_1119
S,7,3997,DETECTION,src/tracking/advanced_tracker.py:_activate_slot,3997_55_548_221_642
S,8,3997,DETECTION,src/tracking/advanced_tracker.py:_activate_slot,3997_210_893_378_969
S,5,3997,PREDICTION,src/tracking/advanced_tracker.py:flow_gapfill_batched,
S,9,3997,PREDICTION,src/tracking/advanced_tracker.py:flow_gapfill_batched,
D,1,3997
S,2,3997,PREDICTION,src/tracking/advanced_tracker.py:id_merge,
D,2,3997
S,3,3997,PREDICTION,src/tracking/advanced_tracker.py:id_merge,
D,3,3997
S,4,3997,PREDICTION,src/tracking/advanced_tracker.py:id_merge,
D,5,3997
S,6,3997,PREDICTION,src/tracking/advanced_tracker.py:id_merge,
D,6,3997
S,8,3997,PREDICTION,src/tracking/advanced_tracker.py:id_merge,
L,0,3997,CLAMP,src/tracking/advanced_tracker.py:_activate_slot,3997_449_585_565_683
R,CLAMP,CLAMP,0
L,4,3997,PREDICTION,src/tracking/advanced_tracker.py:id_merge,
R,CLAMP,CLAMP,0
L,7,3997,DETECTION,src/tracking/advanced_tracker.py:_activate_slot,3997_55_548_221_642
R,DETECTION,DETECTION,1
L,8,3997,PREDICTION,src/tracking/advanced_tracker.py:id_merge,
R,CLAMP,CLAMP,0
L,9,3997,PREDICTION,src/tracking/advanced_tracker.py:flow_gapfill_batched,
R,CLAMP,CLAMP,0
A,3997
S,0,4003,CLAMP,src/tracking/advanced_tracker.py:_activate_slot,4003_447_568_566_668
S,1,4003,DETECTION,src/tracking/advanced_tracker.py:_activate_slot,4003_213_583_404_679
S,2,4003,DETECTION,src/tracking/advanced_tracker.py:_activate_slot,4003_398_718_568_802
S,3,4003,DETECTION,src/tracking/advanced_tracker.py:_activate_slot,4003_270_198_486_301
S,4,4003,DETECTION,src/tracking/advanced_tracker.py:_activate_slot,4003_297_414_478_522
S,5,4003,DETECTION,src/tracking/advanced_tracker.py:_activate_slot,4003_96_435_272_508
S,6,4003,DETECTION,src/tracking/advanced_tracker.py:_activate_slot,4003_211_861_402_981
S,7,4003,DETECTION,src/tracking/advanced_tracker.py:_activate_slot,4003_58_544_222_646
S,8,4003,DETECTION,src/tracking/advanced_tracker.py:_activate_slot,4003_120_1023_307_1113
S,9,4003,DETECTION,src/tracking/advanced_tracker.py:_activate_slot,4003_81_308_241_418
D,1,4003
S,3,4003,PREDICTION,src/tracking/advanced_tracker.py:id_merge,
D,3,4003
S,4,4003,PREDICTION,src/tracking/advanced_tracker.py:id_merge,
D,5,4003
S,9,4003,PREDICTION,src/tracking/advanced_tracker.py:id_merge,
D,6,4003
S,8,4003,PREDICTION,src/tracking/advanced_tracker.py:id_merge,
L,0,4003,CLAMP,src/tracking/advanced_tracker.py:_activate_slot,4003_447_568_566_668
R,CLAMP,CLAMP,0
L,2,4003,DETECTION,src/tracking/advanced_tracker.py:_activate_slot,4003_398_718_568_802
R,CLAMP,CLAMP,0
L,4,4003,PREDICTION,src/tracking/advanced_tracker.py:id_merge,
R,CLAMP,CLAMP,0
L,7,4003,DETECTION,src/tracking/advanced_tracker.py:_activate_slot,4003_58_544_222_646
R,DETECTION,DETECTION,1
L,8,4003,PREDICTION,src/tracking/advanced_tracker.py:id_merge,
R,PREDICTION,PREDICTION,1
L,9,4003,PREDICTION,src/tracking/advanced_tracker.py:id_merge,
R,PREDICTION,PREDICTION,1
A,4003
S,0,4009,CLAMP,src/tracking/advanced_tracker.py:_activate_slot,4009_446_554_568_653
S,1,4009,DETECTION,src/tracking/advanced_tracker.py:_activate_slot,4009_220_608_408_700
S,2,4009,DETECTION,src/tracking/advanced_tracker.py:_activate_slot,4009_393_714_567_811
S,3,4009,DETECTION,src/tracking/advanced_tracker.py:_activate_slot,4009_266_192_487_299
S,4,4009,DETECTION,src/tracking/advanced_tracker.py:_activate_slot,4009_297_412_480_516
S,5,4009,DETECTION,src/tracking/advanced_tracker.py:_activate_slot,4009_101_423_274_492
S,6,4009,DETECTION,src/tracking/advanced_tracker.py:_activate_slot,4009_121_1032_307_1114
S,7,4009,DETECTION,src/tracking/advanced_tracker.py:_activate_slot,4009_56_544_222_646
S,8,4009,DETECTION,src/tracking/advanced_tracker.py:_activate_slot,4009_586_358_674_461
S,9,4009,DETECTION,src/tracking/advanced_tracker.py:_activate_slot,4009_80_302_242_409
D,3,4009
S,4,4009,PREDICTION,src/tracking/advanced_tracker.py:id_merge,
D,5,4009
S,9,4009,PREDICTION,src/tracking/advanced_tracker.py:id_merge,
D,6,4009
S,8,4009,PREDICTION,src/tracking/advanced_tracker.py:id_merge,
L,0,4009,CLAMP,src/tracking/advanced_tracker.py:_activate_slot,4009_446_554_568_653
R,CLAMP,CLAMP,0
L,1,4009,DETECTION,src/tracking/advanced_tracker.py:_activate_slot,4009_220_608_408_700
R,DETECTION,DETECTION,1
L,2,4009,DETECTION,src/tracking/advanced_tracker.py:_activate_slot,4009_393_714_567_811
R,CLAMP,CLAMP,0
L,4,4009,PREDICTION,src/tracking/advanced_tracker.py:id_merge,
R,CLAMP,CLAMP,0
L,7,4009,DETECTION,src/tracking/advanced_tracker.py:_activate_slot,4009_56_544_222_646
R,DETECTION,SUBPIXEL,0
L,8,4009,PREDICTION,src/tracking/advanced_tracker.py:id_merge,
R,PREDICTION,PREDICTION,1
L,9,4009,PREDICTION,src/tracking/advanced_tracker.py:id_merge,
R,PREDICTION,PREDICTION,1
A,4009
S,0,4015,CLAMP,src/tracking/advanced_tracker.py:_activate_slot,4015_447_547_569_642
S,1,4015,DETECTION,src/tracking/advanced_tracker.py:_activate_slot,4015_219_610_407_722
S,2,4015,CLAMP,src/tracking/advanced_tracker.py:_activate_slot,4015_393_727_565_846
S,3,4015,DETECTION,src/tracking/advanced_tracker.py:_activate_slot,4015_265_198_466_303
S,4,4015,DETECTION,src/tracking/advanced_tracker.py:_activate_slot,4015_293_414_478_514
S,6,4015,DETECTION,src/tracking/advanced_tracker.py:_activate_slot,4015_127_1035_307_1121
S,7,4015,DETECTION,src/tracking/advanced_tracker.py:_activate_slot,4015_54_548_216_644
S,8,4015,DETECTION,src/tracking/advanced_tracker.py:_activate_slot,4015_586_348_674_453
S,5,4015,PREDICTION,src/tracking/advanced_tracker.py:kalman_homography,
S,9,4015,PREDICTION,src/tracking/advanced_tracker.py:kalman_homography,
D,3,4015
S,4,4015,PREDICTION,src/tracking/advanced_tracker.py:id_merge,
D,5,4015
S,9,4015,PREDICTION,src/tracking/advanced_tracker.py:id_merge,
D,6,4015
S,8,4015,PREDICTION,src/tracking/advanced_tracker.py:id_merge,
L,0,4015,CLAMP,src/tracking/advanced_tracker.py:_activate_slot,4015_447_547_569_642
R,CLAMP,CLAMP,0
L,1,4015,DETECTION,src/tracking/advanced_tracker.py:_activate_slot,4015_219_610_407_722
R,DETECTION,DETECTION,1
L,2,4015,CLAMP,src/tracking/advanced_tracker.py:_activate_slot,4015_393_727_565_846
R,CLAMP,CLAMP,0
L,4,4015,PREDICTION,src/tracking/advanced_tracker.py:id_merge,
R,CLAMP,CLAMP,0
L,7,4015,DETECTION,src/tracking/advanced_tracker.py:_activate_slot,4015_54_548_216_644
R,DETECTION,DETECTION,1
L,8,4015,PREDICTION,src/tracking/advanced_tracker.py:id_merge,
R,PREDICTION,PREDICTION,1
L,9,4015,PREDICTION,src/tracking/advanced_tracker.py:id_merge,
R,PREDICTION,PREDICTION,1
A,4015
S,0,4021,CLAMP,src/tracking/advanced_tracker.py:_activate_slot,4021_446_538_569_639
S,1,4021,DETECTION,src/tracking/advanced_tracker.py:_activate_slot,4021_223_628_409_754
S,2,4021,DETECTION,src/tracking/advanced_tracker.py:_activate_slot,4021_401_738_565_871
S,3,4021,DETECTION,src/tracking/advanced_tracker.py:_activate_slot,4021_255_217_465_305
S,4,4021,DETECTION,src/tracking/advanced_tracker.py:_activate_slot,4021_288_411_478_520
S,6,4021,DETECTION,src/tracking/advanced_tracker.py:_activate_slot,4021_128_1039_308_1129
S,7,4021,DETECTION,src/tracking/advanced_tracker.py:_activate_slot,4021_58_547_222_646
S,8,4021,DETECTION,src/tracking/advanced_tracker.py:_activate_slot,4021_587_344_674_445
S,9,4021,DETECTION,src/tracking/advanced_tracker.py:_activate_slot,4021_47_187_206_258
S,5,4021,PREDICTION,src/tracking/advanced_tracker.py:kalman_homography,
D,3,4021
S,4,4021,PREDICTION,src/tracking/advanced_tracker.py:id_merge,
D,5,4021
S,7,4021,PREDICTION,src/tracking/advanced_tracker.py:id_merge,
D,6,4021
S,8,4021,PREDICTION,src/tracking/advanced_tracker.py:id_merge,
L,0,4021,CLAMP,src/tracking/advanced_tracker.py:_activate_slot,4021_446_538_569_639
R,CLAMP,CLAMP,0
L,1,4021,DETECTION,src/tracking/advanced_tracker.py:_activate_slot,4021_223_628_409_754
R,DETECTION,DETECTION,1
L,2,4021,DETECTION,src/tracking/advanced_tracker.py:_activate_slot,4021_401_738_565_871
R,DETECTION,DETECTION,1
L,4,4021,PREDICTION,src/tracking/advanced_tracker.py:id_merge,
R,CLAMP,CLAMP,0
L,7,4021,PREDICTION,src/tracking/advanced_tracker.py:id_merge,
R,PREDICTION,PREDICTION,1
L,8,4021,PREDICTION,src/tracking/advanced_tracker.py:id_merge,
R,PREDICTION,PREDICTION,1
L,9,4021,DETECTION,src/tracking/advanced_tracker.py:_activate_slot,4021_47_187_206_258
R,DETECTION,DETECTION,1
A,4021
S,0,4027,CLAMP,src/tracking/advanced_tracker.py:_activate_slot,4027_448_536_567_634
S,1,4027,DETECTION,src/tracking/advanced_tracker.py:_activate_slot,4027_416_617_567_732
S,2,4027,DETECTION,src/tracking/advanced_tracker.py:_activate_slot,4027_402_755_568_889
S,3,4027,DETECTION,src/tracking/advanced_tracker.py:_activate_slot,4027_251_222_460_313
S,4,4027,DETECTION,src/tracking/advanced_tracker.py:_activate_slot,4027_280_416_472_526
S,5,4027,DETECTION,src/tracking/advanced_tracker.py:_activate_slot,4027_82_327_242_421
S,6,4027,DETECTION,src/tracking/advanced_tracker.py:_activate_slot,4027_125_1037_308_1127
S,7,4027,DETECTION,src/tracking/advanced_tracker.py:_activate_slot,4027_59_546_231_649
S,8,4027,DETECTION,src/tracking/advanced_tracker.py:_activate_slot,4027_584_337_674_443
S,9,4027,DETECTION,src/tracking/advanced_tracker.py:_activate_slot,4027_49_185_207_255
S,10,4027,DETECTION,src/tracking/advanced_tracker.py:_activate_slot,4027_66_1179_132_1253
D,1,4027
S,3,4027,PREDICTION,src/tracking/advanced_tracker.py:id_merge,
D,3,4027
S,4,4027,PREDICTION,src/tracking/advanced_tracker.py:id_merge,
D,5,4027
S,9,4027,PREDICTION,src/tracking/advanced_tracker.py:id_merge,
D,6,4027
S,8,4027,PREDICTION,src/tracking/advanced_tracker.py:id_merge,
L,0,4027,CLAMP,src/tracking/advanced_tracker.py:_activate_slot,4027_448_536_567_634
R,CLAMP,CLAMP,0
L,2,4027,DETECTION,src/tracking/advanced_tracker.py:_activate_slot,4027_402_755_568_889
R,DETECTION,DETECTION,1
L,4,4027,PREDICTION,src/tracking/advanced_tracker.py:id_merge,
R,CLAMP,CLAMP,0
L,7,4027,DETECTION,src/tracking/advanced_tracker.py:_activate_slot,4027_59_546_231_649
R,DETECTION,DETECTION,1
L,8,4027,PREDICTION,src/tracking/advanced_tracker.py:id_merge,
R,PREDICTION,PREDICTION,1
L,9,4027,PREDICTION,src/tracking/advanced_tracker.py:id_merge,
R,PREDICTION,SUBPIXEL,0
A,4027
S,0,4033,DETECTION,src/tracking/advanced_tracker.py:_activate_slot,4033_243_714_438_802
S,1,4033,DETECTION,src/tracking/advanced_tracker.py:_activate_slot,4033_403_619_567_727
S,2,4033,DETECTION,src/tracking/advanced_tracker.py:_activate_slot,4033_404_775_568_899
S,3,4033,DETECTION,src/tracking/advanced_tracker.py:_activate_slot,4033_259_227_456_340
S,4,4033,DETECTION,src/tracking/advanced_tracker.py:_activate_slot,4033_148_672_314_769
S,5,4033,DETECTION,src/tracking/advanced_tracker.py:_activate_slot,4033_78_329_241_441
S,6,4033,DETECTION,src/tracking/advanced_tracker.py:_activate_slot,4033_124_1051_309_1133
S,7,4033,DETECTION,src/tracking/advanced_tracker.py:_activate_slot,4033_62_544_232_642
S,8,4033,DETECTION,src/tracking/advanced_tracker.py:_activate_slot,4033_271_440_464_534
S,9,4033,DETECTION,src/tracking/advanced_tracker.py:_activate_slot,4033_579_1203_675_1293
S,10,4033,DETECTION,src/tracking/advanced_tracker.py:_activate_slot,4033_68_1175_133_1245
D,0,4033
S,4,4033,PREDICTION,src/tracking/advanced_tracker.py:id_merge,
D,1,4033
S,3,4033,PREDICTION,src/tracking/advanced_tracker.py:id_merge,
D,5,4033
S,8,4033,PREDICTION,src/tracking/advanced_tracker.py:id_merge,
D,8,4033
S,9,4033,PREDICTION,src/tracking/advanced_tracker.py:id_merge,
L,2,4033,DETECTION,src/tracking/advanced_tracker.py:_activate_slot,4033_404_775_568_899
R,DETECTION,DETECTION,1
L,3,4033,PREDICTION,src/tracking/advanced_tracker.py:id_merge,
R,PREDICTION,PREDICTION,1
L,4,4033,PREDICTION,src/tracking/advanced_tracker.py:id_merge,
R,PREDICTION,PREDICTION,1
L,6,4033,DETECTION,src/tracking/advanced_tracker.py:_activate_slot,4033_124_1051_309_1133
R,DETECTION,DETECTION,1
L,7,4033,DETECTION,src/tracking/advanced_tracker.py:_activate_slot,4033_62_544_232_642
R,DETECTION,DETECTION,1
L,9,4033,PREDICTION,src/tracking/advanced_tracker.py:id_merge,
R,PREDICTION,PREDICTION,1
A,4033
S,0,4039,CLAMP,src/tracking/advanced_tracker.py:_activate_slot,4039_448_527_568_625
S,1,4039,DETECTION,src/tracking/advanced_tracker.py:_activate_slot,4039_405_617_568_725
S,2,4039,DETECTION,src/tracking/advanced_tracker.py:_activate_slot,4039_398_793_569_889
S,3,4039,DETECTION,src/tracking/advanced_tracker.py:_activate_slot,4039_271_222_459_371
S,4,4039,DETECTION,src/tracking/advanced_tracker.py:_activate_slot,4039_152_666_313_782
S,5,4039,DETECTION,src/tracking/advanced_tracker.py:_activate_slot,4039_79_333_239_429
S,6,4039,DETECTION,src/tracking/advanced_tracker.py:_activate_slot,4039_126_1059_311_1149
S,7,4039,DETECTION,src/tracking/advanced_tracker.py:_activate_slot,4039_62_548_231_638
S,8,4039,DETECTION,src/tracking/advanced_tracker.py:_activate_slot,4039_270_452_463_544
S,9,4039,DETECTION,src/tracking/advanced_tracker.py:_activate_slot,4039_52_176_208_246
S,10,4039,PREDICTION,src/tracking/advanced_tracker.py:kalman_homography,
D,1,4039
S,3,4039,PREDICTION,src/tracking/advanced_tracker.py:id_merge,
D,5,4039
S,8,4039,PREDICTION,src/tracking/advanced_tracker.py:id_merge,
D,8,4039
S,9,4039,PREDICTION,src/tracking/advanced_tracker.py:id_merge,
L,0,4039,CLAMP,src/tracking/advanced_tracker.py:_activate_slot,4039_448_527_568_625
R,CLAMP,CLAMP,0
L,2,4039,DETECTION,src/tracking/advanced_tracker.py:_activate_slot,4039_398_793_569_889
R,DETECTION,DETECTION,1
L,3,4039,PREDICTION,src/tracking/advanced_tracker.py:id_merge,
R,PREDICTION,PREDICTION,1
L,4,4039,DETECTION,src/tracking/advanced_tracker.py:_activate_slot,4039_152_666_313_782
R,DETECTION,DETECTION,1
L,6,4039,DETECTION,src/tracking/advanced_tracker.py:_activate_slot,4039_126_1059_311_1149
R,DETECTION,DETECTION,1
L,7,4039,DETECTION,src/tracking/advanced_tracker.py:_activate_slot,4039_62_548_231_638
R,DETECTION,DETECTION,1
L,9,4039,PREDICTION,src/tracking/advanced_tracker.py:id_merge,
R,PREDICTION,PREDICTION,1
A,4039
S,0,4045,CLAMP,src/tracking/advanced_tracker.py:_activate_slot,4045_449_522_567_625
S,1,4045,DETECTION,src/tracking/advanced_tracker.py:_activate_slot,4045_407_608_568_720
S,2,4045,DETECTION,src/tracking/advanced_tracker.py:_activate_slot,4045_400_807_567_899
S,3,4045,DETECTION,src/tracking/advanced_tracker.py:_activate_slot,4045_276_226_464_375
S,4,4045,DETECTION,src/tracking/advanced_tracker.py:_activate_slot,4045_156_659_313_763
S,5,4045,DETECTION,src/tracking/advanced_tracker.py:_activate_slot,4045_253_778_400_865
S,6,4045,DETECTION,src/tracking/advanced_tracker.py:_activate_slot,4045_589_328_674_429
S,7,4045,DETECTION,src/tracking/advanced_tracker.py:_activate_slot,4045_61_551_228_638
S,9,4045,DETECTION,src/tracking/advanced_tracker.py:_activate_slot,4045_49_169_209_242
S,10,4045,DETECTION,src/tracking/advanced_tracker.py:_activate_slot,4045_67_1163_134_1237
S,8,4045,PREDICTION,src/tracking/advanced_tracker.py:kalman_homography,
D,1,4045
S,3,4045,PREDICTION,src/tracking/advanced_tracker.py:id_merge,
D,8,4045
S,9,4045,PREDICTION,src/tracking/advanced_tracker.py:id_merge,
L,0,4045,CLAMP,src/tracking/advanced_tracker.py:_activate_slot,4045_449_522_567_625
R,CLAMP,CLAMP,0
L,2,4045,DETECTION,src/tracking/advanced_tracker.py:_activate_slot,4045_400_807_567_899
R,DETECTION,DETECTION,1
L,3,4045,PREDICTION,src/tracking/advanced_tracker.py:id_merge,
R,PREDICTION,PREDICTION,1
L,4,4045,DETECTION,src/tracking/advanced_tracker.py:_activate_slot,4045_156_659_313_763
R,DETECTION,DETECTION,1
L,5,4045,DETECTION,src/tracking/advanced_tracker.py:_activate_slot,4045_253_778_400_865
R,DETECTION,DETECTION,1
L,6,4045,DETECTION,src/tracking/advanced_tracker.py:_activate_slot,4045_589_328_674_429
R,DETECTION,DETECTION,1
L,7,4045,DETECTION,src/tracking/advanced_tracker.py:_activate_slot,4045_61_551_228_638
R,DETECTION,DETECTION,1
L,9,4045,PREDICTION,src/tracking/advanced_tracker.py:id_merge,
R,PREDICTION,PREDICTION,1
A,4045
S,0,4051,CLAMP,src/tracking/advanced_tracker.py:_activate_slot,4051_274_454_467_580
S,1,4051,DETECTION,src/tracking/advanced_tracker.py:_activate_slot,4051_415_593_568_715
S,2,4051,DETECTION,src/tracking/advanced_tracker.py:_activate_slot,4051_401_820_568_910
S,3,4051,DETECTION,src/tracking/advanced_tracker.py:_activate_slot,4051_277_276_462_380
S,4,4051,DETECTION,src/tracking/advanced_tracker.py:_activate_slot,4051_153_652_316_740
S,5,4051,DETECTION,src/tracking/advanced_tracker.py:_activate_slot,4051_578_1183_674_1277
S,6,4051,DETECTION,src/tracking/advanced_tracker.py:_activate_slot,4051_590_323_674_425
S,7,4051,DETECTION,src/tracking/advanced_tracker.py:_activate_slot,4051_63_553_229_633
S,8,4051,DETECTION,src/tracking/advanced_tracker.py:_activate_slot,4051_449_519_565_619
S,9,4051,DETECTION,src/tracking/advanced_tracker.py:_activate_slot,4051_79_365_237_433
S,10,4051,DETECTION,src/tracking/advanced_tracker.py:_activate_slot,4051_68_1159_134_1229
D,1,4051
S,3,4051,PREDICTION,src/tracking/advanced_tracker.py:id_merge,
D,2,4051
S,3,4051,PREDICTION,src/tracking/advanced_tracker.py:id_merge,
D,5,4051
S,8,4051,PREDICTION,src/tracking/advanced_tracker.py:id_merge,
D,6,4051
S,8,4051,PREDICTION,src/tracking/advanced_tracker.py:id_merge,
L,0,4051,CLAMP,src/tracking/advanced_tracker.py:_activate_slot,4051_274_454_467_580
R,CLAMP,CLAMP,0
L,3,4051,PREDICTION,src/tracking/advanced_tracker.py:id_merge,
R,PREDICTION,PREDICTION,1
L,4,4051,DETECTION,src/tracking/advanced_tracker.py:_activate_slot,4051_153_652_316_740
R,DETECTION,DETECTION,1
L,7,4051,DETECTION,src/tracking/advanced_tracker.py:_activate_slot,4051_63_553_229_633
R,DETECTION,DETECTION,1
L,8,4051,PREDICTION,src/tracking/advanced_tracker.py:id_merge,
R,PREDICTION,PREDICTION,1
L,9,4051,DETECTION,src/tracking/advanced_tracker.py:_activate_slot,4051_79_365_237_433
R,DETECTION,DETECTION,1
A,4051
S,0,4057,CLAMP,src/tracking/advanced_tracker.py:_activate_slot,4057_269_463_461_596
S,1,4057,DETECTION,src/tracking/advanced_tracker.py:_activate_slot,4057_436_586_568_710
S,2,4057,DETECTION,src/tracking/advanced_tracker.py:_activate_slot,4057_406_833_569_927
S,3,4057,DETECTION,src/tracking/advanced_tracker.py:_activate_slot,4057_278_282_462_396
S,4,4057,DETECTION,src/tracking/advanced_tracker.py:_activate_slot,4057_156_645_321_733
S,5,4057,DETECTION,src/tracking/advanced_tracker.py:_activate_slot,4057_233_988_440_1079
S,6,4057,DETECTION,src/tracking/advanced_tracker.py:_activate_slot,4057_588_317_674_420
S,7,4057,DETECTION,src/tracking/advanced_tracker.py:_activate_slot,4057_64_546_230_632
S,8,4057,DETECTION,src/tracking/advanced_tracker.py:_activate_slot,4057_513_-13_675_85
S,9,4057,DETECTION,src/tracking/advanced_tracker.py:_activate_slot,4057_580_1186_674_1268
S,10,4057,PREDICTION,src/tracking/advanced_tracker.py:kalman_homography,
D,1,4057
S,3,4057,PREDICTION,src/tracking/advanced_tracker.py:id_merge,
D,2,4057
S,3,4057,PREDICTION,src/tracking/advanced_tracker.py:id_merge,
D,5,4057
S,6,4057,PREDICTION,src/tracking/advanced_tracker.py:id_merge,
D,6,4057
S,8,4057,PREDICTION,src/tracking/advanced_tracker.py:id_merge,
D,8,4057
S,9,4057,PREDICTION,src/tracking/advanced_tracker.py:id_merge,
L,0,4057,CLAMP,src/tracking/advanced_tracker.py:_activate_slot,4057_269_463_461_596
R,CLAMP,CLAMP,0
L,3,4057,PREDICTION,src/tracking/advanced_tracker.py:id_merge,
R,PREDICTION,PREDICTION,1
L,4,4057,DETECTION,src/tracking/advanced_tracker.py:_activate_slot,4057_156_645_321_733
R,DETECTION,DETECTION,1
L,7,4057,DETECTION,src/tracking/advanced_tracker.py:_activate_slot,4057_64_546_230_632
R,DETECTION,DETECTION,1
L,9,4057,PREDICTION,src/tracking/advanced_tracker.py:id_merge,
R,PREDICTION,PREDICTION,1
A,4057
S,0,4063,CLAMP,src/tracking/advanced_tracker.py:_activate_slot,4063_265_515_458_630
S,1,4063,DETECTION,src/tracking/advanced_tracker.py:_activate_slot,4063_442_580_569_702
S,2,4063,DETECTION,src/tracking/advanced_tracker.py:_activate_slot,4063_406_852_568_944
S,3,4063,DETECTION,src/tracking/advanced_tracker.py:_activate_slot,4063_272_298_461_418
S,4,4063,DETECTION,src/tracking/advanced_tracker.py:_activate_slot,4063_159_634_320_724
S,5,4063,DETECTION,src/tracking/advanced_tracker.py:_activate_slot,4063_267_812_457_990
S,6,4063,DETECTION,src/tracking/advanced_tracker.py:_activate_slot,4063_73_348_240_459
S,7,4063,DETECTION,src/tracking/advanced_tracker.py:_activate_slot,4063_60_536_229_636
S,8,4063,DETECTION,src/tracking/advanced_tracker.py:_activate_slot,4063_247_992_435_1102
S,9,4063,DETECTION,src/tracking/advanced_tracker.py:_activate_slot,4063_118_402_296_515
S,10,4063,DETECTION,src/tracking/advanced_tracker.py:_activate_slot,4063_67_1143_133_1213
D,1,4063
S,3,4063,PREDICTION,src/tracking/advanced_tracker.py:id_merge,
D,2,4063
S,3,4063,PREDICTION,src/tracking/advanced_tracker.py:id_merge,
D,5,4063
S,8,4063,PREDICTION,src/tracking/advanced_tracker.py:id_merge,
D,6,4063
S,9,4063,PREDICTION,src/tracking/advanced_tracker.py:id_merge,
L,0,4063,CLAMP,src/tracking/advanced_tracker.py:_activate_slot,4063_265_515_458_630
R,CLAMP,CLAMP,0
L,3,4063,PREDICTION,src/tracking/advanced_tracker.py:id_merge,
R,PREDICTION,PREDICTION,1
L,4,4063,DETECTION,src/tracking/advanced_tracker.py:_activate_slot,4063_159_634_320_724
R,DETECTION,DETECTION,1
L,7,4063,DETECTION,src/tracking/advanced_tracker.py:_activate_slot,4063_60_536_229_636
R,DETECTION,DETECTION,1
L,8,4063,PREDICTION,src/tracking/advanced_tracker.py:id_merge,
R,PREDICTION,PREDICTION,1
L,9,4063,PREDICTION,src/tracking/advanced_tracker.py:id_merge,
R,PREDICTION,PREDICTION,1
A,4063
S,0,4069,CLAMP,src/tracking/advanced_tracker.py:_activate_slot,4069_257_525_450_647
S,1,4069,DETECTION,src/tracking/advanced_tracker.py:_activate_slot,4069_443_564_568_690
S,2,4069,DETECTION,src/tracking/advanced_tracker.py:_activate_slot,4069_448_498_566_596
S,3,4069,DETECTION,src/tracking/advanced_tracker.py:_activate_slot,4069_268_295_464_425
S,4,4069,DETECTION,src/tracking/advanced_tracker.py:_activate_slot,4069_156_623_318_711
S,5,4069,DETECTION,src/tracking/advanced_tracker.py:_activate_slot,4069_402_859_569_946
S,6,4069,DETECTION,src/tracking/advanced_tracker.py:_activate_slot,4069_84_351_241_451
S,7,4069,DETECTION,src/tracking/advanced_tracker.py:_activate_slot,4069_63_529_226_625
S,8,4069,DETECTION,src/tracking/advanced_tracker.py:_activate_slot,4069_252_990_442_1128
S,9,4069,DETECTION,src/tracking/advanced_tracker.py:_activate_slot,4069_124_412_291_508
S,10,4069,DETECTION,src/tracking/advanced_tracker.py:_activate_slot,4069_68_1129_133_1199
D,1,4069
S,2,4069,PREDICTION,src/tracking/advanced_tracker.py:id_merge,
D,2,4069
S,3,4069,PREDICTION,src/tracking/advanced_tracker.py:id_merge,
D,5,4069
S,6,4069,PREDICTION,src/tracking/advanced_tracker.py:id_merge,
D,6,4069
S,9,4069,PREDICTION,src/tracking/advanced_tracker.py:id_merge,
L,0,4069,CLAMP,src/tracking/advanced_tracker.py:_activate_slot,4069_257_525_450_647
R,CLAMP,CLAMP,0
L,3,4069,PREDICTION,src/tracking/advanced_tracker.py:id_merge,
R,PREDICTION,PREDICTION,1
L,4,4069,DETECTION,src/tracking/advanced_tracker.py:_activate_slot,4069_156_623_318_711
R,DETECTION,DETECTION,1
L,7,4069,DETECTION,src/tracking/advanced_tracker.py:_activate_slot,4069_63_529_226_625
R,DETECTION,DETECTION,1
L,8,4069,DETECTION,src/tracking/advanced_tracker.py:_activate_slot,4069_252_990_442_1128
R,DETECTION,DETECTION,1
L,9,4069,PREDICTION,src/tracking/advanced_tracker.py:id_merge,
R,PREDICTION,PREDICTION,1
A,4069
S,0,4075,CLAMP,src/tracking/advanced_tracker.py:_activate_slot,4075_258_549_455_663
S,1,4075,DETECTION,src/tracking/advanced_tracker.py:_activate_slot,4075_441_551_568_675
S,2,4075,DETECTION,src/tracking/advanced_tracker.py:_activate_slot,4075_449_484_569_580
S,3,4075,DETECTION,src/tracking/advanced_tracker.py:_activate_slot,4075_132_395_296_505
S,4,4075,DETECTION,src/tracking/advanced_tracker.py:_activate_slot,4075_162_615_314_696
S,5,4075,DETECTION,src/tracking/advanced_tracker.py:_activate_slot,4075_397_862_568_964
S,6,4075,DETECTION,src/tracking/advanced_tracker.py:_activate_slot,4075_128_1073_299_1163
S,7,4075,DETECTION,src/tracking/advanced_tracker.py:_activate_slot,4075_57_519_224_609
S,8,4075,DETECTION,src/tracking/advanced_tracker.py:_activate_slot,4075_256_997_470_1135
S,9,4075,DETECTION,src/tracking/advanced_tracker.py:_activate_slot,4075_289_923_481_1010
S,10,4075,PREDICTION,src/tracking/advanced_tracker.py:kalman_homography,
D,1,4075
S,2,4075,PREDICTION,src/tracking/advanced_tracker.py:id_merge,
D,5,4075
S,8,4075,PREDICTION,src/tracking/advanced_tracker.py:id_merge,
D,6,4075
S,8,4075,PREDICTION,src/tracking/advanced_tracker.py:id_merge,
D,8,4075
S,9,4075,PREDICTION,src/tracking/advanced_tracker.py:id_merge,
L,0,4075,CLAMP,src/tracking/advanced_tracker.py:_activate_slot,4075_258_549_455_663
R,CLAMP,CLAMP,0
L,2,4075,PREDICTION,src/tracking/advanced_tracker.py:id_merge,
R,PREDICTION,PREDICTION,1
L,3,4075,DETECTION,src/tracking/advanced_tracker.py:_activate_slot,4075_132_395_296_505
R,DETECTION,DETECTION,1
L,4,4075,DETECTION,src/tracking/advanced_tracker.py:_activate_slot,4075_162_615_314_696
R,DETECTION,DETECTION,1
L,7,4075,DETECTION,src/tracking/advanced_tracker.py:_activate_slot,4075_57_519_224_609
R,DETECTION,DETECTION,1
L,9,4075,PREDICTION,src/tracking/advanced_tracker.py:id_merge,
R,PREDICTION,PREDICTION,1
A,4075
