S,0,2785,DETECTION,src/tracking/advanced_tracker.py:_activate_slot,2785_288_492_539_623
L,0,2785,DETECTION,src/tracking/advanced_tracker.py:_activate_slot,2785_288_492_539_623
R,DETECTION,DETECTION,1
A,2785
S,0,2791,DETECTION,src/tracking/advanced_tracker.py:_activate_slot,2791_288_493_539_624
L,0,2791,DETECTION,src/tracking/advanced_tracker.py:_activate_slot,2791_288_493_539_624
R,DETECTION,DETECTION,1
A,2791
S,0,2797,DETECTION,src/tracking/advanced_tracker.py:_activate_slot,2797_290_478_540_611
L,0,2797,DETECTION,src/tracking/advanced_tracker.py:_activate_slot,2797_290_478_540_611
R,DETECTION,DETECTION,1
A,2797
S,5,2803,DETECTION,src/tracking/advanced_tracker.py:_activate_slot,2803_288_474_539_598
S,0,2803,PREDICTION,src/tracking/advanced_tracker.py:kalman_homography,
L,0,2803,PREDICTION,src/tracking/advanced_tracker.py:kalman_homography,
R,PREDICTION,PREDICTION,1
L,5,2803,DETECTION,src/tracking/advanced_tracker.py:_activate_slot,2803_288_474_539_598
R,DETECTION,DETECTION,1
A,2803
S,1,2809,DETECTION,src/tracking/advanced_tracker.py:_activate_slot,2809_286_463_547_632
S,0,2809,PREDICTION,src/tracking/advanced_tracker.py:kalman_homography,
S,5,2809,PREDICTION,src/tracking/advanced_tracker.py:kalman_homography,
D,0,2809
S,1,2809,PREDICTION,src/tracking/advanced_tracker.py:id_merge,
L,1,2809,PREDICTION,src/tracking/advanced_tracker.py:id_merge,
R,PREDICTION,PREDICTION,1
L,5,2809,PREDICTION,src/tracking/advanced_tracker.py:kalman_homography,
R,PREDICTION,PREDICTION,1
A,2809
S,1,2815,DETECTION,src/tracking/advanced_tracker.py:_activate_slot,2815_286_463_546_632
S,0,2815,PREDICTION,src/tracking/advanced_tracker.py:kalman_homography,
S,5,2815,PREDICTION,src/tracking/advanced_tracker.py:kalman_homography,
D,0,2815
S,1,2815,PREDICTION,src/tracking/advanced_tracker.py:id_merge,
L,1,2815,PREDICTION,src/tracking/advanced_tracker.py:id_merge,
R,PREDICTION,PREDICTION,1
L,5,2815,PREDICTION,src/tracking/advanced_tracker.py:kalman_homography,
R,PREDICTION,SUBPIXEL,0
A,2815
S,1,2821,DETECTION,src/tracking/advanced_tracker.py:_activate_slot,2821_288_449_552_611
S,0,2821,PREDICTION,src/tracking/advanced_tracker.py:kalman_homography,
S,5,2821,PREDICTION,src/tracking/advanced_tracker.py:kalman_homography,
D,0,2821
S,1,2821,PREDICTION,src/tracking/advanced_tracker.py:id_merge,
L,1,2821,PREDICTION,src/tracking/advanced_tracker.py:id_merge,
R,PREDICTION,PREDICTION,1
L,5,2821,PREDICTION,src/tracking/advanced_tracker.py:kalman_homography,
R,PREDICTION,SUBPIXEL,0
A,2821
S,2,2827,DETECTION,src/tracking/advanced_tracker.py:_activate_slot,2827_286_444_547_580
S,0,2827,PREDICTION,src/tracking/advanced_tracker.py:kalman_homography,
S,1,2827,PREDICTION,src/tracking/advanced_tracker.py:kalman_homography,
S,5,2827,PREDICTION,src/tracking/advanced_tracker.py:kalman_homography,
L,0,2827,PREDICTION,src/tracking/advanced_tracker.py:kalman_homography,
R,PREDICTION,PREDICTION,1
L,1,2827,PREDICTION,src/tracking/advanced_tracker.py:kalman_homography,
R,PREDICTION,PREDICTION,1
L,2,2827,DETECTION,src/tracking/advanced_tracker.py:_activate_slot,2827_286_444_547_580
R,DETECTION,DETECTION,1
L,5,2827,PREDICTION,src/tracking/advanced_tracker.py:kalman_homography,
R,PREDICTION,SUBPIXEL,0
A,2827
S,3,2833,DETECTION,src/tracking/advanced_tracker.py:_activate_slot,2833_285_426_550_574
S,4,2833,DETECTION,src/tracking/advanced_tracker.py:_activate_slot,2833_483_391_603_506
S,0,2833,PREDICTION,src/tracking/advanced_tracker.py:kalman_homography,
S,1,2833,PREDICTION,src/tracking/advanced_tracker.py:kalman_homography,
S,2,2833,PREDICTION,src/tracking/advanced_tracker.py:kalman_homography,
S,5,2833,PREDICTION,src/tracking/advanced_tracker.py:kalman_homography,
D,1,2833
S,2,2833,PREDICTION,src/tracking/advanced_tracker.py:id_merge,
D,2,2833
S,4,2833,PREDICTION,src/tracking/advanced_tracker.py:id_merge,
L,0,2833,PREDICTION,src/tracking/advanced_tracker.py:kalman_homography,
R,PREDICTION,PREDICTION,1
L,3,2833,DETECTION,src/tracking/advanced_tracker.py:_activate_slot,2833_285_426_550_574
R,DETECTION,DETECTION,1
L,4,2833,PREDICTION,src/tracking/advanced_tracker.py:id_merge,
R,PREDICTION,PREDICTION,1
L,5,2833,PREDICTION,src/tracking/advanced_tracker.py:kalman_homography,
R,PREDICTION,SUBPIXEL,0
A,2833
S,0,2839,PREDICTION,src/tracking/advanced_tracker.py:kalman_homography,
S,1,2839,PREDICTION,src/tracking/advanced_tracker.py:kalman_homography,
S,2,2839,PREDICTION,src/tracking/advanced_tracker.py:kalman_homography,
S,3,2839,PREDICTION,src/tracking/advanced_tracker.py:kalman_homography,
S,5,2839,PREDICTION,src/tracking/advanced_tracker.py:kalman_homography,
S,4,2839,PREDICTION,src/tracking/advanced_tracker.py:flow_gapfill_batched,
D,1,2839
S,2,2839,PREDICTION,src/tracking/advanced_tracker.py:id_merge,
D,2,2839
S,3,2839,PREDICTION,src/tracking/advanced_tracker.py:id_merge,
D,3,2839
S,4,2839,PREDICTION,src/tracking/advanced_tracker.py:id_merge,
L,0,2839,PREDICTION,src/tracking/advanced_tracker.py:kalman_homography,
R,PREDICTION,PREDICTION,1
L,4,2839,PREDICTION,src/tracking/advanced_tracker.py:id_merge,
R,PREDICTION,PREDICTION,1
L,5,2839,PREDICTION,src/tracking/advanced_tracker.py:kalman_homography,
R,PREDICTION,SUBPIXEL,0
A,2839
S,1,2845,PREDICTION,src/tracking/advanced_tracker.py:kalman_homography,
S,2,2845,PREDICTION,src/tracking/advanced_tracker.py:kalman_homography,
S,3,2845,PREDICTION,src/tracking/advanced_tracker.py:kalman_homography,
S,5,2845,PREDICTION,src/tracking/advanced_tracker.py:kalman_homography,
S,0,2845,PREDICTION,src/tracking/advanced_tracker.py:flow_gapfill_batched,
S,4,2845,PREDICTION,src/tracking/advanced_tracker.py:flow_gapfill_batched,
D,0,2845
S,1,2845,PREDICTION,src/tracking/advanced_tracker.py:id_merge,
D,1,2845
S,2,2845,PREDICTION,src/tracking/advanced_tracker.py:id_merge,
D,2,2845
S,3,2845,PREDICTION,src/tracking/advanced_tracker.py:id_merge,
D,3,2845
S,4,2845,PREDICTION,src/tracking/advanced_tracker.py:id_merge,
L,4,2845,PREDICTION,src/tracking/advanced_tracker.py:id_merge,
R,PREDICTION,PREDICTION,1
L,5,2845,PREDICTION,src/tracking/advanced_tracker.py:kalman_homography,
R,PREDICTION,SUBPIXEL,0
A,2845
S,1,2851,PREDICTION,src/tracking/advanced_tracker.py:kalman_homography,
S,2,2851,PREDICTION,src/tracking/advanced_tracker.py:kalman_homography,
S,3,2851,PREDICTION,src/tracking/advanced_tracker.py:kalman_homography,
S,4,2851,PREDICTION,src/tracking/advanced_tracker.py:flow_gapfill_batched,
S,5,2851,PREDICTION,src/tracking/advanced_tracker.py:flow_gapfill_batched,
D,1,2851
S,3,2851,PREDICTION,src/tracking/advanced_tracker.py:id_merge,
D,2,2851
S,3,2851,PREDICTION,src/tracking/advanced_tracker.py:id_merge,
D,3,2851
S,4,2851,PREDICTION,src/tracking/advanced_tracker.py:id_merge,
L,4,2851,PREDICTION,src/tracking/advanced_tracker.py:id_merge,
R,PREDICTION,PREDICTION,1
L,5,2851,PREDICTION,src/tracking/advanced_tracker.py:flow_gapfill_batched,
R,PREDICTION,PREDICTION,1
A,2851
S,4,2857,DETECTION,src/tracking/advanced_tracker.py:_activate_slot,2857_485_371_610_493
S,1,2857,PREDICTION,src/tracking/advanced_tracker.py:kalman_homography,
S,2,2857,PREDICTION,src/tracking/advanced_tracker.py:kalman_homography,
S,3,2857,PREDICTION,src/tracking/advanced_tracker.py:kalman_homography,
D,2,2857
S,3,2857,PREDICTION,src/tracking/advanced_tracker.py:id_merge,
D,3,2857
S,4,2857,PREDICTION,src/tracking/advanced_tracker.py:id_merge,
L,1,2857,PREDICTION,src/tracking/advanced_tracker.py:kalman_homography,
R,CLAMP,CLAMP,0
L,4,2857,PREDICTION,src/tracking/advanced_tracker.py:id_merge,
R,PREDICTION,PREDICTION,1
A,2857
S,1,2863,PREDICTION,src/tracking/advanced_tracker.py:kalman_homography,
S,2,2863,PREDICTION,src/tracking/advanced_tracker.py:kalman_homography,
S,3,2863,PREDICTION,src/tracking/advanced_tracker.py:kalman_homography,
S,4,2863,PREDICTION,src/tracking/advanced_tracker.py:kalman_homography,
D,2,2863
S,3,2863,PREDICTION,src/tracking/advanced_tracker.py:id_merge,
D,3,2863
S,4,2863,PREDICTION,src/tracking/advanced_tracker.py:id_merge,
L,1,2863,PREDICTION,src/tracking/advanced_tracker.py:kalman_homography,
R,CLAMP,CLAMP,0
L,4,2863,PREDICTION,src/tracking/advanced_tracker.py:id_merge,
R,PREDICTION,PREDICTION,1
A,2863
S,2,2869,PREDICTION,src/tracking/advanced_tracker.py:kalman_homography,
S,3,2869,PREDICTION,src/tracking/advanced_tracker.py:kalman_homography,
S,4,2869,PREDICTION,src/tracking/advanced_tracker.py:kalman_homography,
S,1,2869,PREDICTION,src/tracking/advanced_tracker.py:flow_gapfill_batched,
D,1,2869
S,2,2869,PREDICTION,src/tracking/advanced_tracker.py:id_merge,
D,2,2869
S,3,2869,PREDICTION,src/tracking/advanced_tracker.py:id_merge,
D,3,2869
S,4,2869,PREDICTION,src/tracking/advanced_tracker.py:id_merge,
L,4,2869,PREDICTION,src/tracking/advanced_tracker.py:id_merge,
R,PREDICTION,PREDICTION,1
A,2869
S,3,2875,PREDICTION,src/tracking/advanced_tracker.py:kalman_homography,
S,4,2875,PREDICTION,src/tracking/advanced_tracker.py:kalman_homography,
S,2,2875,PREDICTION,src/tracking/advanced_tracker.py:flow_gapfill_batched,
D,3,2875
S,4,2875,PREDICTION,src/tracking/advanced_tracker.py:id_merge,
L,2,2875,PREDICTION,src/tracking/advanced_tracker.py:flow_gapfill_batched,
R,PREDICTION,SUBPIXEL,0
L,4,2875,PREDICTION,src/tracking/advanced_tracker.py:id_merge,
R,PREDICTION,PREDICTION,1
A,2875
S,5,2881,DETECTION,src/tracking/advanced_tracker.py:_activate_slot,2881_166_582_457_727
S,6,2881,DETECTION,src/tracking/advanced_tracker.py:_activate_slot,2881_519_221_675_378
S,4,2881,PREDICTION,src/tracking/advanced_tracker.py:kalman_homography,
S,3,2881,PREDICTION,src/tracking/advanced_tracker.py:flow_gapfill_batched,
L,3,2881,PREDICTION,src/tracking/advanced_tracker.py:flow_gapfill_batched,
R,CLAMP,CLAMP,0
L,4,2881,PREDICTION,src/tracking/advanced_tracker.py:kalman_homography,
R,PREDICTION,PREDICTION,1
L,5,2881,DETECTION,src/tracking/advanced_tracker.py:_activate_slot,2881_166_582_457_727
R,DETECTION,DETECTION,1
L,6,2881,DETECTION,src/tracking/advanced_tracker.py:_activate_slot,2881_519_221_675_378
R,DETECTION,DETECTION,1
A,2881
S,7,2887,DETECTION,src/tracking/advanced_tracker.py:_activate_slot,2887_162_591_457_722
S,6,2887,DETECTION,src/tracking/advanced_tracker.py:_activate_slot,2887_519_220_673_377
S,4,2887,PREDICTION,src/tracking/advanced_tracker.py:kalman_homography,
S,5,2887,PREDICTION,src/tracking/advanced_tracker.py:kalman_homography,
L,4,2887,PREDICTION,src/tracking/advanced_tracker.py:kalman_homography,
R,PREDICTION,PREDICTION,1
L,5,2887,PREDICTION,src/tracking/advanced_tracker.py:kalman_homography,
R,CLAMP,CLAMP,0
L,6,2887,DETECTION,src/tracking/advanced_tracker.py:_activate_slot,2887_519_220_673_377
R,DETECTION,DETECTION,1
L,7,2887,DETECTION,src/tracking/advanced_tracker.py:_activate_slot,2887_162_591_457_722
R,DETECTION,DETECTION,1
A,2887
S,6,2893,DETECTION,src/tracking/advanced_tracker.py:_activate_slot,2893_164_597_456_715
S,4,2893,PREDICTION,src/tracking/advanced_tracker.py:kalman_homography,
S,5,2893,PREDICTION,src/tracking/advanced_tracker.py:kalman_homography,
S,7,2893,PREDICTION,src/tracking/advanced_tracker.py:kalman_homography,
D,5,2893
S,7,2893,PREDICTION,src/tracking/advanced_tracker.py:id_merge,
L,4,2893,PREDICTION,src/tracking/advanced_tracker.py:kalman_homography,
R,PREDICTION,PREDICTION,1
L,6,2893,DETECTION,src/tracking/advanced_tracker.py:_activate_slot,2893_164_597_456_715
R,CLAMP,CLAMP,0
L,7,2893,PREDICTION,src/tracking/advanced_tracker.py:id_merge,
R,PREDICTION,PREDICTION,1
A,2893
S,6,2899,DETECTION,src/tracking/advanced_tracker.py:_activate_slot,2899_165_597_456_713
S,4,2899,PREDICTION,src/tracking/advanced_tracker.py:kalman_homography,
S,5,2899,PREDICTION,src/tracking/advanced_tracker.py:kalman_homography,
S,7,2899,PREDICTION,src/tracking/advanced_tracker.py:kalman_homography,
L,4,2899,PREDICTION,src/tracking/advanced_tracker.py:kalman_homography,
R,PREDICTION,PREDICTION,1
L,5,2899,PREDICTION,src/tracking/advanced_tracker.py:kalman_homography,
R,PREDICTION,PREDICTION,1
L,6,2899,DETECTION,src/tracking/advanced_tracker.py:_activate_slot,2899_165_597_456_713
R,CLAMP,CLAMP,0
L,7,2899,PREDICTION,src/tracking/advanced_tracker.py:kalman_homography,
R,PREDICTION,SUBPIXEL,0
A,2899
S,6,2905,DETECTION,src/tracking/advanced_tracker.py:_activate_slot,2905_151_597_453_731
S,5,2905,PREDICTION,src/tracking/advanced_tracker.py:kalman_homography,
S,7,2905,PREDICTION,src/tracking/advanced_tracker.py:kalman_homography,
S,4,2905,PREDICTION,src/tracking/advanced_tracker.py:flow_gapfill_batched,
D,5,2905
S,6,2905,PREDICTION,src/tracking/advanced_tracker.py:id_merge,
L,4,2905,PREDICTION,src/tracking/advanced_tracker.py:flow_gapfill_batched,
R,PREDICTION,PREDICTION,1
L,6,2905,PREDICTION,src/tracking/advanced_tracker.py:id_merge,
R,CLAMP,CLAMP,0
L,7,2905,PREDICTION,src/tracking/advanced_tracker.py:kalman_homography,
R,PREDICTION,SUBPIXEL,0
A,2905
S,8,2911,DETECTION,src/tracking/advanced_tracker.py:_activate_slot,2911_157_602_448_726
S,5,2911,PREDICTION,src/tracking/advanced_tracker.py:kalman_homography,
S,7,2911,PREDICTION,src/tracking/advanced_tracker.py:kalman_homography,
S,6,2911,PREDICTION,src/tracking/advanced_tracker.py:flow_gapfill_batched,
L,5,2911,PREDICTION,src/tracking/advanced_tracker.py:kalman_homography,
R,PREDICTION,PREDICTION,1
L,6,2911,PREDICTION,src/tracking/advanced_tracker.py:flow_gapfill_batched,
R,CLAMP,CLAMP,0
L,7,2911,PREDICTION,src/tracking/advanced_tracker.py:kalman_homography,
R,PREDICTION,SUBPIXEL,0
L,8,2911,DETECTION,src/tracking/advanced_tracker.py:_activate_slot,2911_157_602_448_726
R,DETECTION,DETECTION,1
A,2911
S,8,2917,DETECTION,src/tracking/advanced_tracker.py:_activate_slot,2917_161_606_442_729
S,5,2917,PREDICTION,src/tracking/advanced_tracker.py:kalman_homography,
S,7,2917,PREDICTION,src/tracking/advanced_tracker.py:kalman_homography,
S,6,2917,PREDICTION,src/tracking/advanced_tracker.py:flow_gapfill_batched,
L,5,2917,PREDICTION,src/tracking/advanced_tracker.py:kalman_homography,
R,PREDICTION,PREDICTION,1
L,6,2917,PREDICTION,src/tracking/advanced_tracker.py:flow_gapfill_batched,
R,PREDICTION,PREDICTION,1
L,7,2917,PREDICTION,src/tracking/advanced_tracker.py:kalman_homography,
R,PREDICTION,SUBPIXEL,0
L,8,2917,DETECTION,src/tracking/advanced_tracker.py:_activate_slot,2917_161_606_442_729
R,CLAMP,CLAMP,0
A,2917
S,8,2923,DETECTION,src/tracking/advanced_tracker.py:_activate_slot,2923_163_606_442_729
S,5,2923,PREDICTION,src/tracking/advanced_tracker.py:kalman_homography,
S,7,2923,PREDICTION,src/tracking/advanced_tracker.py:kalman_homography,
S,6,2923,PREDICTION,src/tracking/advanced_tracker.py:flow_gapfill_batched,
L,5,2923,PREDICTION,src/tracking/advanced_tracker.py:kalman_homography,
R,PREDICTION,PREDICTION,1
L,6,2923,PREDICTION,src/tracking/advanced_tracker.py:flow_gapfill_batched,
R,CLAMP,CLAMP,0
L,7,2923,PREDICTION,src/tracking/advanced_tracker.py:kalman_homography,
R,PREDICTION,SUBPIXEL,0
L,8,2923,DETECTION,src/tracking/advanced_tracker.py:_activate_slot,2923_163_606_442_729
R,CLAMP,CLAMP,0
A,2923
S,8,2929,DETECTION,src/tracking/advanced_tracker.py:_activate_slot,2929_178_615_444_736
S,7,2929,PREDICTION,src/tracking/advanced_tracker.py:kalman_homography,
S,5,2929,PREDICTION,src/tracking/advanced_tracker.py:flow_gapfill_batched,
S,6,2929,PREDICTION,src/tracking/advanced_tracker.py:flow_gapfill_batched,
D,5,2929
S,8,2929,PREDICTION,src/tracking/advanced_tracker.py:id_merge,
L,6,2929,PREDICTION,src/tracking/advanced_tracker.py:flow_gapfill_batched,
R,CLAMP,CLAMP,0
L,7,2929,PREDICTION,src/tracking/advanced_tracker.py:kalman_homography,
R,PREDICTION,SUBPIXEL,0
L,8,2929,PREDICTION,src/tracking/advanced_tracker.py:id_merge,
R,PREDICTION,PREDICTION,1
A,2929
S,9,2935,DETECTION,src/tracking/advanced_tracker.py:_activate_slot,2935_170_618_447_744
S,8,2935,PREDICTION,src/tracking/advanced_tracker.py:kalman_homography,
S,6,2935,PREDICTION,src/tracking/advanced_tracker.py:flow_gapfill_batched,
S,7,2935,PREDICTION,src/tracking/advanced_tracker.py:flow_gapfill_batched,
D,6,2935
S,9,2935,PREDICTION,src/tracking/advanced_tracker.py:id_merge,
L,7,2935,PREDICTION,src/tracking/advanced_tracker.py:flow_gapfill_batched,
R,CLAMP,CLAMP,0
L,8,2935,PREDICTION,src/tracking/advanced_tracker.py:kalman_homography,
R,CLAMP,CLAMP,0
L,9,2935,PREDICTION,src/tracking/advanced_tracker.py:id_merge,
R,PREDICTION,PREDICTION,1
A,2935
S,9,2941,PREDICTION,src/tracking/advanced_tracker.py:kalman_homography,
S,6,2941,PREDICTION,src/tracking/advanced_tracker.py:flow_gapfill_batched,
S,8,2941,PREDICTION,src/tracking/advanced_tracker.py:flow_gapfill_batched,
D,6,2941
S,9,2941,PREDICTION,src/tracking/advanced_tracker.py:id_merge,
L,8,2941,PREDICTION,src/tracking/advanced_tracker.py:flow_gapfill_batched,
R,PREDICTION,PREDICTION,1
L,9,2941,PREDICTION,src/tracking/advanced_tracker.py:id_merge,
R,PREDICTION,PREDICTION,1
A,2941
S,9,2947,PREDICTION,src/tracking/advanced_tracker.py:kalman_homography,
S,6,2947,PREDICTION,src/tracking/advanced_tracker.py:flow_gapfill_batched,
S,8,2947,PREDICTION,src/tracking/advanced_tracker.py:flow_gapfill_batched,
D,6,2947
S,8,2947,PREDICTION,src/tracking/advanced_tracker.py:id_merge,
D,8,2947
S,9,2947,PREDICTION,src/tracking/advanced_tracker.py:id_merge,
L,9,2947,PREDICTION,src/tracking/advanced_tracker.py:id_merge,
R,PREDICTION,SUBPIXEL,0
A,2947
S,9,2953,PREDICTION,src/tracking/advanced_tracker.py:kalman_homography,
L,9,2953,PREDICTION,src/tracking/advanced_tracker.py:kalman_homography,
R,PREDICTION,SUBPIXEL,0
A,2953
S,9,2959,PREDICTION,src/tracking/advanced_tracker.py:kalman_homography,
S,8,2959,PREDICTION,src/tracking/advanced_tracker.py:flow_gapfill_batched,
D,8,2959
S,9,2959,PREDICTION,src/tracking/advanced_tracker.py:id_merge,
L,9,2959,PREDICTION,src/tracking/advanced_tracker.py:id_merge,
R,PREDICTION,SUBPIXEL,0
A,2959
S,0,2965,DETECTION,src/tracking/advanced_tracker.py:_activate_slot,2965_209_473_451_645
S,1,2965,DETECTION,src/tracking/advanced_tracker.py:_activate_slot,2965_163_1196_407_1294
S,2,2965,DETECTION,src/tracking/advanced_tracker.py:_activate_slot,2965_191_665_461_787
S,3,2965,DETECTION,src/tracking/advanced_tracker.py:_activate_slot,2965_178_768_471_896
S,7,2965,DETECTION,src/tracking/advanced_tracker.py:_activate_slot,2965_163_609_367_711
S,8,2965,PREDICTION,src/tracking/advanced_tracker.py:kalman_homography,
S,9,2965,PREDICTION,src/tracking/advanced_tracker.py:kalman_homography,
D,9,2965
S,7,2965,PREDICTION,src/tracking/advanced_tracker.py:id_merge,
L,0,2965,DETECTION,src/tracking/advanced_tracker.py:_activate_slot,2965_209_473_451_645
R,CLAMP,CLAMP,0
L,1,2965,DETECTION,src/tracking/advanced_tracker.py:_activate_slot,2965_163_1196_407_1294
R,CLAMP,CLAMP,0
L,2,2965,DETECTION,src/tracking/advanced_tracker.py:_activate_slot,2965_191_665_461_787
R,CLAMP,CLAMP,0
L,3,2965,DETECTION,src/tracking/advanced_tracker.py:_activate_slot,2965_178_768_471_896
R,CLAMP,CLAMP,0
L,7,2965,PREDICTION,src/tracking/advanced_tracker.py:id_merge,
R,CLAMP,CLAMP,0
L,8,2965,PREDICTION,src/tracking/advanced_tracker.py:kalman_homography,
R,CLAMP,CLAMP,0
A,2965
S,1,2971,DETECTION,src/tracking/advanced_tracker.py:_activate_slot,2971_163_1196_407_1294
S,4,2971,DETECTION,src/tracking/advanced_tracker.py:_activate_slot,2971_207_484_450_645
S,5,2971,DETECTION,src/tracking/advanced_tracker.py:_activate_slot,2971_168_765_475_898
S,0,2971,PREDICTION,src/tracking/advanced_tracker.py:kalman_homography,
S,2,2971,PREDICTION,src/tracking/advanced_tracker.py:kalman_homography,
S,3,2971,PREDICTION,src/tracking/advanced_tracker.py:kalman_homography,
S,7,2971,PREDICTION,src/tracking/advanced_tracker.py:kalman_homography,
S,8,2971,PREDICTION,src/tracking/advanced_tracker.py:kalman_homography,
S,9,2971,PREDICTION,src/tracking/advanced_tracker.py:kalman_homography,
D,0,2971
S,4,2971,PREDICTION,src/tracking/advanced_tracker.py:id_merge,
D,9,2971
S,7,2971,PREDICTION,src/tracking/advanced_tracker.py:id_merge,
L,1,2971,DETECTION,src/tracking/advanced_tracker.py:_activate_slot,2971_163_1196_407_1294
R,CLAMP,CLAMP,0
L,2,2971,PREDICTION,src/tracking/advanced_tracker.py:kalman_homography,
R,CLAMP,CLAMP,0
L,3,2971,PREDICTION,src/tracking/advanced_tracker.py:kalman_homography,
R,CLAMP,CLAMP,0
L,4,2971,PREDICTION,src/tracking/advanced_tracker.py:id_merge,
R,CLAMP,CLAMP,0
L,5,2971,DETECTION,src/tracking/advanced_tracker.py:_activate_slot,2971_168_765_475_898
R,CLAMP,CLAMP,0
L,7,2971,PREDICTION,src/tracking/advanced_tracker.py:id_merge,
R,CLAMP,CLAMP,0
L,8,2971,PREDICTION,src/tracking/advanced_tracker.py:kalman_homography,
R,CLAMP,CLAMP,0
A,2971
S,1,2977,DETECTION,src/tracking/advanced_tracker.py:_activate_slot,2977_160_1204_406_1294
S,3,2977,DETECTION,src/tracking/advanced_tracker.py:_activate_slot,2977_168_755_473_903
S,5,2977,DETECTION,src/tracking/advanced_tracker.py:_activate_slot,2977_517_933_674_1115
S,8,2977,DETECTION,src/tracking/advanced_tracker.py:_activate_slot,2977_137_677_463_795
S,0,2977,PREDICTION,src/tracking/advanced_tracker.py:kalman_homography,
S,2,2977,PREDICTION,src/tracking/advanced_tracker.py:kalman_homography,
S,4,2977,PREDICTION,src/tracking/advanced_tracker.py:kalman_homography,
S,7,2977,PREDICTION,src/tracking/advanced_tracker.py:kalman_homography,
S,9,2977,PREDICTION,src/tracking/advanced_tracker.py:kalman_homography,
D,0,2977
S,4,2977,PREDICTION,src/tracking/advanced_tracker.py:id_merge,
D,9,2977
S,7,2977,PREDICTION,src/tracking/advanced_tracker.py:id_merge,
L,1,2977,DETECTION,src/tracking/advanced_tracker.py:_activate_slot,2977_160_1204_406_1294
R,CLAMP,CLAMP,0
L,2,2977,PREDICTION,src/tracking/advanced_tracker.py:kalman_homography,
R,CLAMP,CLAMP,0
L,3,2977,DETECTION,src/tracking/advanced_tracker.py:_activate_slot,2977_168_755_473_903
R,CLAMP,CLAMP,0
L,4,2977,PREDICTION,src/tracking/advanced_tracker.py:id_merge,
R,CLAMP,CLAMP,0
L,5,2977,DETECTION,src/tracking/advanced_tracker.py:_activate_slot,2977_517_933_674_1115
R,CLAMP,CLAMP,0
L,7,2977,PREDICTION,src/tracking/advanced_tracker.py:id_merge,
R,CLAMP,CLAMP,0
L,8,2977,DETECTION,src/tracking/advanced_tracker.py:_activate_slot,2977_137_677_463_795
R,CLAMP,CLAMP,0
A,2977
S,1,2983,DETECTION,src/tracking/advanced_tracker.py:_activate_slot,2983_160_1204_407_1294
S,3,2983,DETECTION,src/tracking/advanced_tracker.py:_activate_slot,2983_168_755_473_903
S,8,2983,DETECTION,src/tracking/advanced_tracker.py:_activate_slot,2983_135_675_463_797
S,0,2983,PREDICTION,src/tracking/advanced_tracker.py:kalman_homography,
S,2,2983,PREDICTION,src/tracking/advanced_tracker.py:kalman_homography,
S,4,2983,PREDICTION,src/tracking/advanced_tracker.py:kalman_homography,
S,7,2983,PREDICTION,src/tracking/advanced_tracker.py:kalman_homography,
S,5,2983,PREDICTION,src/tracking/advanced_tracker.py:flow_gapfill_batched,
S,9,2983,PREDICTION,src/tracking/advanced_tracker.py:flow_gapfill_batched,
D,0,2983
S,4,2983,PREDICTION,src/tracking/advanced_tracker.py:id_merge,
D,9,2983
S,7,2983,PREDICTION,src/tracking/advanced_tracker.py:id_merge,
L,1,2983,DETECTION,src/tracking/advanced_tracker.py:_activate_slot,2983_160_1204_407_1294
R,CLAMP,CLAMP,0
L,2,2983,PREDICTION,src/tracking/advanced_tracker.py:kalman_homography,
R,CLAMP,CLAMP,0
L,3,2983,DETECTION,src/tracking/advanced_tracker.py:_activate_slot,2983_168_755_473_903
R,CLAMP,CLAMP,0
L,4,2983,PREDICTION,src/tracking/advanced_tracker.py:id_merge,
R,CLAMP,CLAMP,0
L,5,2983,PREDICTION,src/tracking/advanced_tracker.py:flow_gapfill_batched,
R,CLAMP,CLAMP,0
L,7,2983,PREDICTION,src/tracking/advanced_tracker.py:id_merge,
R,CLAMP,CLAMP,0
L,8,2983,DETECTION,src/tracking/advanced_tracker.py:_activate_slot,2983_135_675_463_797
R,CLAMP,CLAMP,0
A,2983
S,1,2989,DETECTION,src/tracking/advanced_tracker.py:_activate_slot,2989_159_1207_404_1293
S,3,2989,DETECTION,src/tracking/advanced_tracker.py:_activate_slot,2989_207_498_459_698
S,8,2989,DETECTION,src/tracking/advanced_tracker.py:_activate_slot,2989_137_685_459_799
S,0,2989,PREDICTION,src/tracking/advanced_tracker.py:kalman_homography,
S,2,2989,PREDICTION,src/tracking/advanced_tracker.py:kalman_homography,
S,4,2989,PREDICTION,src/tracking/advanced_tracker.py:kalman_homography,
S,7,2989,PREDICTION,src/tracking/advanced_tracker.py:kalman_homography,
S,5,2989,PREDICTION,src/tracking/advanced_tracker.py:flow_gapfill_batched,
D,0,2989
S,3,2989,PREDICTION,src/tracking/advanced_tracker.py:id_merge,
D,4,2989
S,3,2989,PREDICTION,src/tracking/advanced_tracker.py:id_merge,
L,1,2989,DETECTION,src/tracking/advanced_tracker.py:_activate_slot,2989_159_1207_404_1293
R,CLAMP,CLAMP,0
L,2,2989,PREDICTION,src/tracking/advanced_tracker.py:kalman_homography,
R,CLAMP,CLAMP,0
L,3,2989,PREDICTION,src/tracking/advanced_tracker.py:id_merge,
R,CLAMP,CLAMP,0
L,5,2989,PREDICTION,src/tracking/advanced_tracker.py:flow_gapfill_batched,
R,CLAMP,CLAMP,0
L,7,2989,PREDICTION,src/tracking/advanced_tracker.py:kalman_homography,
R,CLAMP,CLAMP,0
L,8,2989,DETECTION,src/tracking/advanced_tracker.py:_activate_slot,2989_137_685_459_799
R,CLAMP,CLAMP,0
A,2989
S,1,2995,DETECTION,src/tracking/advanced_tracker.py:_activate_slot,2995_161_1209_402_1295
S,8,2995,DETECTION,src/tracking/advanced_tracker.py:_activate_slot,2995_146_689_461_806
S,6,2995,DETECTION,src/tracking/advanced_tracker.py:_activate_slot,2995_159_972_442_1134
S,0,2995,PREDICTION,src/tracking/advanced_tracker.py:kalman_homography,
S,2,2995,PREDICTION,src/tracking/advanced_tracker.py:kalman_homography,
S,3,2995,PREDICTION,src/tracking/advanced_tracker.py:kalman_homography,
S,4,2995,PREDICTION,src/tracking/advanced_tracker.py:kalman_homography,
S,7,2995,PREDICTION,src/tracking/advanced_tracker.py:kalman_homography,
S,5,2995,PREDICTION,src/tracking/advanced_tracker.py:flow_gapfill_batched,
D,0,2995
S,3,2995,PREDICTION,src/tracking/advanced_tracker.py:id_merge,
D,4,2995
S,3,2995,PREDICTION,src/tracking/advanced_tracker.py:id_merge,
L,1,2995,DETECTION,src/tracking/advanced_tracker.py:_activate_slot,2995_161_1209_402_1295
R,CLAMP,CLAMP,0
L,2,2995,PREDICTION,src/tracking/advanced_tracker.py:kalman_homography,
R,CLAMP,CLAMP,0
L,3,2995,PREDICTION,src/tracking/advanced_tracker.py:id_merge,
R,CLAMP,CLAMP,0
L,5,2995,PREDICTION,src/tracking/advanced_tracker.py:flow_gapfill_batched,
R,CLAMP,CLAMP,0
L,6,2995,DETECTION,src/tracking/advanced_tracker.py:_activate_slot,2995_159_972_442_1134
R,CLAMP,CLAMP,0
L,7,2995,PREDICTION,src/tracking/advanced_tracker.py:kalman_homography,
R,CLAMP,CLAMP,0
L,8,2995,DETECTION,src/tracking/advanced_tracker.py:_activate_slot,2995_146_689_461_806
R,CLAMP,CLAMP,0
A,2995
S,1,3001,DETECTION,src/tracking/advanced_tracker.py:_activate_slot,3001_159_1203_403_1295
S,6,3001,DETECTION,src/tracking/advanced_tracker.py:_activate_slot,3001_160_971_442_1133
S,0,3001,PREDICTION,src/tracking/advanced_tracker.py:kalman_homography,
S,2,3001,PREDICTION,src/tracking/advanced_tracker.py:kalman_homography,
S,4,3001,PREDICTION,src/tracking/advanced_tracker.py:kalman_homography,
S,7,3001,PREDICTION,src/tracking/advanced_tracker.py:kalman_homography,
S,8,3001,PREDICTION,src/tracking/advanced_tracker.py:kalman_homography,
S,3,3001,PREDICTION,src/tracking/advanced_tracker.py:flow_gapfill_batched,
D,0,3001
S,3,3001,PREDICTION,src/tracking/advanced_tracker.py:id_merge,
D,4,3001
S,3,3001,PREDICTION,src/tracking/advanced_tracker.py:id_merge,
L,1,3001,DETECTION,src/tracking/advanced_tracker.py:_activate_slot,3001_159_1203_403_1295
R,CLAMP,CLAMP,0
L,2,3001,PREDICTION,src/tracking/advanced_tracker.py:kalman_homography,
R,CLAMP,CLAMP,0
L,3,3001,PREDICTION,src/tracking/advanced_tracker.py:id_merge,
R,CLAMP,CLAMP,0
L,6,3001,DETECTION,src/tracking/advanced_tracker.py:_activate_slot,3001_160_971_442_1133
R,CLAMP,CLAMP,0
L,7,3001,PREDICTION,src/tracking/advanced_tracker.py:kalman_homography,
R,CLAMP,CLAMP,0
L,8,3001,PREDICTION,src/tracking/advanced_tracker.py:kalman_homography,
R,CLAMP,CLAMP,0
A,3001
S,0,3007,DETECTION,src/tracking/advanced_tracker.py:_activate_slot,3007_159_968_443_1134
S,1,3007,DETECTION,src/tracking/advanced_tracker.py:_activate_slot,3007_156_1201_406_1295
S,6,3007,DETECTION,src/tracking/advanced_tracker.py:_activate_slot,3007_146_1083_443_1193
S,8,3007,DETECTION,src/tracking/advanced_tracker.py:_activate_slot,3007_106_706_457_876
S,2,3007,PREDICTION,src/tracking/advanced_tracker.py:kalman_homography,
S,4,3007,PREDICTION,src/tracking/advanced_tracker.py:kalman_homography,
S,7,3007,PREDICTION,src/tracking/advanced_tracker.py:kalman_homography,
S,3,3007,PREDICTION,src/tracking/advanced_tracker.py:flow_gapfill_batched,
S,5,3007,PREDICTION,src/tracking/advanced_tracker.py:flow_gapfill_batched,
D,4,3007
S,3,3007,PREDICTION,src/tracking/advanced_tracker.py:id_merge,
L,0,3007,DETECTION,src/tracking/advanced_tracker.py:_activate_slot,3007_159_968_443_1134
R,CLAMP,CLAMP,0
L,1,3007,DETECTION,src/tracking/advanced_tracker.py:_activate_slot,3007_156_1201_406_1295
R,CLAMP,CLAMP,0
L,2,3007,PREDICTION,src/tracking/advanced_tracker.py:kalman_homography,
R,CLAMP,CLAMP,0
L,3,3007,PREDICTION,src/tracking/advanced_tracker.py:id_merge,
R,CLAMP,CLAMP,0
L,5,3007,PREDICTION,src/tracking/advanced_tracker.py:flow_gapfill_batched,
R,CLAMP,CLAMP,0
L,6,3007,DETECTION,src/tracking/advanced_tracker.py:_activate_slot,3007_146_1083_443_1193
R,CLAMP,CLAMP,0
L,7,3007,PREDICTION,src/tracking/advanced_tracker.py:kalman_homography,
R,CLAMP,CLAMP,0
L,8,3007,DETECTION,src/tracking/advanced_tracker.py:_activate_slot,3007_106_706_457_876
R,CLAMP,CLAMP,0
A,3007
S,0,3013,DETECTION,src/tracking/advanced_tracker.py:_activate_slot,3013_157_968_446_1134
S,1,3013,DETECTION,src/tracking/advanced_tracker.py:_activate_slot,3013_149_1207_405_1295
S,6,3013,DETECTION,src/tracking/advanced_tracker.py:_activate_slot,3013_147_1083_442_1193
S,7,3013,DETECTION,src/tracking/advanced_tracker.py:_activate_slot,3013_157_610_351_733
S,4,3013,PREDICTION,src/tracking/advanced_tracker.py:kalman_homography,
S,8,3013,PREDICTION,src/tracking/advanced_tracker.py:kalman_homography,
S,2,3013,PREDICTION,src/tracking/advanced_tracker.py:flow_gapfill_batched,
S,3,3013,PREDICTION,src/tracking/advanced_tracker.py:flow_gapfill_batched,
S,5,3013,PREDICTION,src/tracking/advanced_tracker.py:flow_gapfill_batched,
D,4,3013
S,3,3013,PREDICTION,src/tracking/advanced_tracker.py:id_merge,
L,0,3013,DETECTION,src/tracking/advanced_tracker.py:_activate_slot,3013_157_968_446_1134
R,CLAMP,CLAMP,0
L,1,3013,DETECTION,src/tracking/advanced_tracker.py:_activate_slot,3013_149_1207_405_1295
R,CLAMP,CLAMP,0
L,2,3013,PREDICTION,src/tracking/advanced_tracker.py:flow_gapfill_batched,
R,CLAMP,CLAMP,0
L,3,3013,PREDICTION,src/tracking/advanced_tracker.py:id_merge,
R,CLAMP,CLAMP,0
L,5,3013,PREDICTION,src/tracking/advanced_tracker.py:flow_gapfill_batched,
R,CLAMP,CLAMP,0
L,6,3013,DETECTION,src/tracking/advanced_tracker.py:_activate_slot,3013_147_1083_442_1193
R,CLAMP,CLAMP,0
L,7,3013,DETECTION,src/tracking/advanced_tracker.py:_activate_slot,3013_157_610_351_733
R,CLAMP,CLAMP,0
L,8,3013,PREDICTION,src/tracking/advanced_tracker.py:kalman_homography,
R,CLAMP,CLAMP,0
A,3013
S,1,3019,DETECTION,src/tracking/advanced_tracker.py:_activate_slot,3019_150_1205_405_1295
S,6,3019,DETECTION,src/tracking/advanced_tracker.py:_activate_slot,3019_147_1085_442_1191
S,7,3019,DETECTION,src/tracking/advanced_tracker.py:_activate_slot,3019_156_610_352_732
S,8,3019,DETECTION,src/tracking/advanced_tracker.py:_activate_slot,3019_158_798_447_915
S,0,3019,PREDICTION,src/tracking/advanced_tracker.py:kalman_homography,
S,3,3019,PREDICTION,src/tracking/advanced_tracker.py:flow_gapfill_batched,
S,4,3019,PREDICTION,src/tracking/advanced_tracker.py:flow_gapfill_batched,
S,5,3019,PREDICTION,src/tracking/advanced_tracker.py:flow_gapfill_batched,
D,0,3019
S,1,3019,PREDICTION,src/tracking/advanced_tracker.py:id_merge,
D,4,3019
S,3,3019,PREDICTION,src/tracking/advanced_tracker.py:id_merge,
L,1,3019,PREDICTION,src/tracking/advanced_tracker.py:id_merge,
R,CLAMP,CLAMP,0
L,3,3019,PREDICTION,src/tracking/advanced_tracker.py:id_merge,
R,CLAMP,CLAMP,0
L,5,3019,PREDICTION,src/tracking/advanced_tracker.py:flow_gapfill_batched,
R,CLAMP,CLAMP,0
L,6,3019,DETECTION,src/tracking/advanced_tracker.py:_activate_slot,3019_147_1085_442_1191
R,CLAMP,CLAMP,0
L,7,3019,DETECTION,src/tracking/advanced_tracker.py:_activate_slot,3019_156_610_352_732
R,CLAMP,CLAMP,0
L,8,3019,DETECTION,src/tracking/advanced_tracker.py:_activate_slot,3019_158_798_447_915
R,CLAMP,CLAMP,0
A,3019
S,1,3025,DETECTION,src/tracking/advanced_tracker.py:_activate_slot,3025_151_1209_404_1295
S,7,3025,DETECTION,src/tracking/advanced_tracker.py:_activate_slot,3025_429_806_663_1014
S,6,3025,DETECTION,src/tracking/advanced_tracker.py:_activate_slot,3025_146_1085_436_1195
S,9,3025,DETECTION,src/tracking/advanced_tracker.py:_activate_slot,3025_222_823_510_957
S,0,3025,PREDICTION,src/tracking/advanced_tracker.py:kalman_homography,
S,8,3025,PREDICTION,src/tracking/advanced_tracker.py:kalman_homography,
S,3,3025,PREDICTION,src/tracking/advanced_tracker.py:flow_gapfill_batched,
S,5,3025,PREDICTION,src/tracking/advanced_tracker.py:flow_gapfill_batched,
D,0,3025
S,1,3025,PREDICTION,src/tracking/advanced_tracker.py:id_merge,
D,8,3025
S,9,3025,PREDICTION,src/tracking/advanced_tracker.py:id_merge,
L,1,3025,PREDICTION,src/tracking/advanced_tracker.py:id_merge,
R,CLAMP,CLAMP,0
L,3,3025,PREDICTION,src/tracking/advanced_tracker.py:flow_gapfill_batched,
R,CLAMP,CLAMP,0
L,5,3025,PREDICTION,src/tracking/advanced_tracker.py:flow_gapfill_batched,
R,CLAMP,CLAMP,0
L,6,3025,DETECTION,src/tracking/advanced_tracker.py:_activate_slot,3025_146_1085_436_1195
R,CLAMP,CLAMP,0
L,7,3025,DETECTION,src/tracking/advanced_tracker.py:_activate_slot,3025_429_806_663_1014
R,CLAMP,CLAMP,0
L,9,3025,PREDICTION,src/tracking/advanced_tracker.py:id_merge,
R,CLAMP,CLAMP,0
A,3025
S,1,3031,DETECTION,src/tracking/advanced_tracker.py:_activate_slot,3031_158_1211_403_1295
S,9,3031,DETECTION,src/tracking/advanced_tracker.py:_activate_slot,3031_220_822_507_956
S,0,3031,PREDICTION,src/tracking/advanced_tracker.py:kalman_homography,
S,6,3031,PREDICTION,src/tracking/advanced_tracker.py:kalman_homography,
S,8,3031,PREDICTION,src/tracking/advanced_tracker.py:kalman_homography,
S,3,3031,PREDICTION,src/tracking/advanced_tracker.py:flow_gapfill_batched,
S,7,3031,PREDICTION,src/tracking/advanced_tracker.py:flow_gapfill_batched,
D,0,3031
S,1,3031,PREDICTION,src/tracking/advanced_tracker.py:id_merge,
D,8,3031
S,9,3031,PREDICTION,src/tracking/advanced_tracker.py:id_merge,
L,1,3031,PREDICTION,src/tracking/advanced_tracker.py:id_merge,
R,CLAMP,CLAMP,0
L,3,3031,PREDICTION,src/tracking/advanced_tracker.py:flow_gapfill_batched,
R,CLAMP,CLAMP,0
L,6,3031,PREDICTION,src/tracking/advanced_tracker.py:kalman_homography,
R,CLAMP,CLAMP,0
L,7,3031,PREDICTION,src/tracking/advanced_tracker.py:flow_gapfill_batched,
R,CLAMP,CLAMP,0
L,9,3031,PREDICTION,src/tracking/advanced_tracker.py:id_merge,
R,CLAMP,CLAMP,0
A,3031
S,1,3037,DETECTION,src/tracking/advanced_tracker.py:_activate_slot,3037_153_1209_404_1295
S,9,3037,DETECTION,src/tracking/advanced_tracker.py:_activate_slot,3037_219_825_504_956
S,0,3037,PREDICTION,src/tracking/advanced_tracker.py:kalman_homography,
S,6,3037,PREDICTION,src/tracking/advanced_tracker.py:kalman_homography,
S,8,3037,PREDICTION,src/tracking/advanced_tracker.py:kalman_homography,
S,3,3037,PREDICTION,src/tracking/advanced_tracker.py:flow_gapfill_batched,
S,7,3037,PREDICTION,src/tracking/advanced_tracker.py:flow_gapfill_batched,
D,0,3037
S,1,3037,PREDICTION,src/tracking/advanced_tracker.py:id_merge,
D,8,3037
S,9,3037,PREDICTION,src/tracking/advanced_tracker.py:id_merge,
L,1,3037,PREDICTION,src/tracking/advanced_tracker.py:id_merge,
R,CLAMP,CLAMP,0
L,3,3037,PREDICTION,src/tracking/advanced_tracker.py:flow_gapfill_batched,
R,CLAMP,CLAMP,0
L,6,3037,PREDICTION,src/tracking/advanced_tracker.py:kalman_homography,
R,CLAMP,CLAMP,0
L,7,3037,PREDICTION,src/tracking/advanced_tracker.py:flow_gapfill_batched,
R,CLAMP,CLAMP,0
L,9,3037,PREDICTION,src/tracking/advanced_tracker.py:id_merge,
R,CLAMP,CLAMP,0
A,3037
S,1,3043,DETECTION,src/tracking/advanced_tracker.py:_activate_slot,3043_162_1209_403_1295
S,9,3043,DETECTION,src/tracking/advanced_tracker.py:_activate_slot,3043_221_825_484_955
S,0,3043,PREDICTION,src/tracking/advanced_tracker.py:kalman_homography,
S,6,3043,PREDICTION,src/tracking/advanced_tracker.py:kalman_homography,
S,8,3043,PREDICTION,src/tracking/advanced_tracker.py:kalman_homography,
S,7,3043,PREDICTION,src/tracking/advanced_tracker.py:flow_gapfill_batched,
D,0,3043
S,1,3043,PREDICTION,src/tracking/advanced_tracker.py:id_merge,
D,8,3043
S,9,3043,PREDICTION,src/tracking/advanced_tracker.py:id_merge,
L,1,3043,PREDICTION,src/tracking/advanced_tracker.py:id_merge,
R,CLAMP,CLAMP,0
L,6,3043,PREDICTION,src/tracking/advanced_tracker.py:kalman_homography,
R,CLAMP,CLAMP,0
L,7,3043,PREDICTION,src/tracking/advanced_tracker.py:flow_gapfill_batched,
R,CLAMP,CLAMP,0
L,9,3043,PREDICTION,src/tracking/advanced_tracker.py:id_merge,
R,CLAMP,CLAMP,0
A,3043
S,1,3049,DETECTION,src/tracking/advanced_tracker.py:_activate_slot,3049_278_420_554_553
S,6,3049,PREDICTION,src/tracking/advanced_tracker.py:kalman_homography,
S,8,3049,PREDICTION,src/tracking/advanced_tracker.py:kalman_homography,
S,9,3049,PREDICTION,src/tracking/advanced_tracker.py:kalman_homography,
S,0,3049,PREDICTION,src/tracking/advanced_tracker.py:flow_gapfill_batched,
S,7,3049,PREDICTION,src/tracking/advanced_tracker.py:flow_gapfill_batched,
D,8,3049
S,9,3049,PREDICTION,src/tracking/advanced_tracker.py:id_merge,
L,0,3049,PREDICTION,src/tracking/advanced_tracker.py:flow_gapfill_batched,
R,CLAMP,CLAMP,0
L,1,3049,DETECTION,src/tracking/advanced_tracker.py:_activate_slot,3049_278_420_554_553
R,CLAMP,CLAMP,0
L,6,3049,PREDICTION,src/tracking/advanced_tracker.py:kalman_homography,
R,CLAMP,CLAMP,0
L,7,3049,PREDICTION,src/tracking/advanced_tracker.py:flow_gapfill_batched,
R,CLAMP,CLAMP,0
L,9,3049,PREDICTION,src/tracking/advanced_tracker.py:id_merge,
R,CLAMP,CLAMP,0
A,3049
S,1,3055,DETECTION,src/tracking/advanced_tracker.py:_activate_slot,3055_278_420_553_553
S,6,3055,PREDICTION,src/tracking/advanced_tracker.py:kalman_homography,
S,8,3055,PREDICTION,src/tracking/advanced_tracker.py:kalman_homography,
S,9,3055,PREDICTION,src/tracking/advanced_tracker.py:kalman_homography,
S,0,3055,PREDICTION,src/tracking/advanced_tracker.py:flow_gapfill_batched,
S,7,3055,PREDICTION,src/tracking/advanced_tracker.py:flow_gapfill_batched,
L,0,3055,PREDICTION,src/tracking/advanced_tracker.py:flow_gapfill_batched,
R,CLAMP,CLAMP,0
L,1,3055,DETECTION,src/tracking/advanced_tracker.py:_activate_slot,3055_278_420_553_553
R,CLAMP,CLAMP,0
L,6,3055,PREDICTION,src/tracking/advanced_tracker.py:kalman_homography,
R,CLAMP,CLAMP,0
L,7,3055,PREDICTION,src/tracking/advanced_tracker.py:flow_gapfill_batched,
R,CLAMP,CLAMP,0
L,8,3055,PREDICTION,src/tracking/advanced_tracker.py:kalman_homography,
R,CLAMP,CLAMP,0
L,9,3055,PREDICTION,src/tracking/advanced_tracker.py:kalman_homography,
R,CLAMP,CLAMP,0
A,3055
S,1,3061,DETECTION,src/tracking/advanced_tracker.py:_activate_slot,3061_278_419_553_553
S,6,3061,PREDICTION,src/tracking/advanced_tracker.py:kalman_homography,
S,8,3061,PREDICTION,src/tracking/advanced_tracker.py:kalman_homography,
S,9,3061,PREDICTION,src/tracking/advanced_tracker.py:kalman_homography,
S,0,3061,PREDICTION,src/tracking/advanced_tracker.py:flow_gapfill_batched,
S,7,3061,PREDICTION,src/tracking/advanced_tracker.py:flow_gapfill_batched,
L,0,3061,PREDICTION,src/tracking/advanced_tracker.py:flow_gapfill_batched,
R,CLAMP,CLAMP,0
L,1,3061,DETECTION,src/tracking/advanced_tracker.py:_activate_slot,3061_278_419_553_553
R,CLAMP,CLAMP,0
L,6,3061,PREDICTION,src/tracking/advanced_tracker.py:kalman_homography,
R,CLAMP,CLAMP,0
L,7,3061,PREDICTION,src/tracking/advanced_tracker.py:flow_gapfill_batched,
R,CLAMP,CLAMP,0
L,8,3061,PREDICTION,src/tracking/advanced_tracker.py:kalman_homography,
R,CLAMP,CLAMP,0
L,9,3061,PREDICTION,src/tracking/advanced_tracker.py:kalman_homography,
R,CLAMP,CLAMP,0
A,3061
S,0,3067,DETECTION,src/tracking/advanced_tracker.py:_activate_slot,3067_278_419_549_552
S,2,3067,DETECTION,src/tracking/advanced_tracker.py:_activate_slot,3067_196_536_464_750
S,8,3067,DETECTION,src/tracking/advanced_tracker.py:_activate_slot,3067_158_1075_440_1193
S,5,3067,DETECTION,src/tracking/advanced_tracker.py:_activate_slot,3067_153_968_452_1114
S,6,3067,PREDICTION,src/tracking/advanced_tracker.py:kalman_homography,
S,9,3067,PREDICTION,src/tracking/advanced_tracker.py:kalman_homography,
S,1,3067,PREDICTION,src/tracking/advanced_tracker.py:flow_gapfill_batched,
S,7,3067,PREDICTION,src/tracking/advanced_tracker.py:flow_gapfill_batched,
D,1,3067
S,0,3067,PREDICTION,src/tracking/advanced_tracker.py:id_merge,
D,5,3067
S,8,3067,PREDICTION,src/tracking/advanced_tracker.py:id_merge,
D,6,3067
S,8,3067,PREDICTION,src/tracking/advanced_tracker.py:id_merge,
L,0,3067,PREDICTION,src/tracking/advanced_tracker.py:id_merge,
R,CLAMP,CLAMP,0
L,2,3067,DETECTION,src/tracking/advanced_tracker.py:_activate_slot,3067_196_536_464_750
R,CLAMP,CLAMP,0
L,7,3067,PREDICTION,src/tracking/advanced_tracker.py:flow_gapfill_batched,
R,CLAMP,CLAMP,0
L,8,3067,PREDICTION,src/tracking/advanced_tracker.py:id_merge,
R,CLAMP,CLAMP,0
L,9,3067,PREDICTION,src/tracking/advanced_tracker.py:kalman_homography,
R,CLAMP,CLAMP,0
A,3067
S,0,3073,DETECTION,src/tracking/advanced_tracker.py:_activate_slot,3073_277_418_547_551
S,4,3073,DETECTION,src/tracking/advanced_tracker.py:_activate_slot,3073_191_546_462_758
S,5,3073,DETECTION,src/tracking/advanced_tracker.py:_activate_slot,3073_153_962_451_1116
S,2,3073,PREDICTION,src/tracking/advanced_tracker.py:kalman_homography,
S,8,3073,PREDICTION,src/tracking/advanced_tracker.py:kalman_homography,
S,9,3073,PREDICTION,src/tracking/advanced_tracker.py:kalman_homography,
S,1,3073,PREDICTION,src/tracking/advanced_tracker.py:flow_gapfill_batched,
S,6,3073,PREDICTION,src/tracking/advanced_tracker.py:flow_gapfill_batched,
S,7,3073,PREDICTION,src/tracking/advanced_tracker.py:flow_gapfill_batched,
D,1,3073
S,0,3073,PREDICTION,src/tracking/advanced_tracker.py:id_merge,
D,2,3073
S,4,3073,PREDICTION,src/tracking/advanced_tracker.py:id_merge,
D,6,3073
S,5,3073,PREDICTION,src/tracking/advanced_tracker.py:id_merge,
D,8,3073
S,5,3073,PREDICTION,src/tracking/advanced_tracker.py:id_merge,
L,0,3073,PREDICTION,src/tracking/advanced_tracker.py:id_merge,
R,CLAMP,CLAMP,0
L,4,3073,PREDICTION,src/tracking/advanced_tracker.py:id_merge,
R,CLAMP,CLAMP,0
L,5,3073,PREDICTION,src/tracking/advanced_tracker.py:id_merge,
R,CLAMP,CLAMP,0
L,7,3073,PREDICTION,src/tracking/advanced_tracker.py:flow_gapfill_batched,
R,CLAMP,CLAMP,0
L,9,3073,PREDICTION,src/tracking/advanced_tracker.py:kalman_homography,
R,CLAMP,CLAMP,0
A,3073
S,3,3079,DETECTION,src/tracking/advanced_tracker.py:_activate_slot,3079_153_961_447_1115
S,4,3079,DETECTION,src/tracking/advanced_tracker.py:_activate_slot,3079_193_553_457_698
S,5,3079,DETECTION,src/tracking/advanced_tracker.py:_activate_slot,3079_512_942_674_1130
S,2,3079,PREDICTION,src/tracking/advanced_tracker.py:kalman_homography,
S,8,3079,PREDICTION,src/tracking/advanced_tracker.py:kalman_homography,
S,9,3079,PREDICTION,src/tracking/advanced_tracker.py:kalman_homography,
S,0,3079,PREDICTION,src/tracking/advanced_tracker.py:flow_gapfill_batched,
S,1,3079,PREDICTION,src/tracking/advanced_tracker.py:flow_gapfill_batched,
D,1,3079
S,0,3079,PREDICTION,src/tracking/advanced_tracker.py:id_merge,
D,2,3079
S,4,3079,PREDICTION,src/tracking/advanced_tracker.py:id_merge,
L,0,3079,PREDICTION,src/tracking/advanced_tracker.py:id_merge,
R,CLAMP,CLAMP,0
L,3,3079,DETECTION,src/tracking/advanced_tracker.py:_activate_slot,3079_153_961_447_1115
R,CLAMP,CLAMP,0
L,4,3079,PREDICTION,src/tracking/advanced_tracker.py:id_merge,
R,CLAMP,CLAMP,0
L,5,3079,DETECTION,src/tracking/advanced_tracker.py:_activate_slot,3079_512_942_674_1130
R,CLAMP,CLAMP,0
L,8,3079,PREDICTION,src/tracking/advanced_tracker.py:kalman_homography,
R,CLAMP,CLAMP,0
L,9,3079,PREDICTION,src/tracking/advanced_tracker.py:kalman_homography,
R,CLAMP,CLAMP,0
A,3079
S,3,3085,DETECTION,src/tracking/advanced_tracker.py:_activate_slot,3085_152_959_447_1109
S,2,3085,PREDICTION,src/tracking/advanced_tracker.py:kalman_homography,
S,4,3085,PREDICTION,src/tracking/advanced_tracker.py:kalman_homography,
S,8,3085,PREDICTION,src/tracking/advanced_tracker.py:kalman_homography,
S,9,3085,PREDICTION,src/tracking/advanced_tracker.py:kalman_homography,
S,0,3085,PREDICTION,src/tracking/advanced_tracker.py:flow_gapfill_batched,
S,5,3085,PREDICTION,src/tracking/advanced_tracker.py:flow_gapfill_batched,
D,2,3085
S,4,3085,PREDICTION,src/tracking/advanced_tracker.py:id_merge,
L,0,3085,PREDICTION,src/tracking/advanced_tracker.py:flow_gapfill_batched,
R,CLAMP,CLAMP,0
L,3,3085,DETECTION,src/tracking/advanced_tracker.py:_activate_slot,3085_152_959_447_1109
R,CLAMP,CLAMP,0
L,4,3085,PREDICTION,src/tracking/advanced_tracker.py:id_merge,
R,CLAMP,CLAMP,0
L,5,3085,PREDICTION,src/tracking/advanced_tracker.py:flow_gapfill_batched,
R,CLAMP,CLAMP,0
L,8,3085,PREDICTION,src/tracking/advanced_tracker.py:kalman_homography,
R,CLAMP,CLAMP,0
L,9,3085,PREDICTION,src/tracking/advanced_tracker.py:kalman_homography,
R,CLAMP,CLAMP,0
A,3085
S,2,3091,DETECTION,src/tracking/advanced_tracker.py:_activate_slot,3091_201_626_440_778
S,3,3091,PREDICTION,src/tracking/advanced_tracker.py:kalman_homography,
S,4,3091,PREDICTION,src/tracking/advanced_tracker.py:kalman_homography,
S,0,3091,PREDICTION,src/tracking/advanced_tracker.py:flow_gapfill_batched,
S,5,3091,PREDICTION,src/tracking/advanced_tracker.py:flow_gapfill_batched,
S,8,3091,PREDICTION,src/tracking/advanced_tracker.py:flow_gapfill_batched,
S,9,3091,PREDICTION,src/tracking/advanced_tracker.py:flow_gapfill_batched,
L,0,3091,PREDICTION,src/tracking/advanced_tracker.py:flow_gapfill_batched,
R,CLAMP,CLAMP,0
L,2,3091,DETECTION,src/tracking/advanced_tracker.py:_activate_slot,3091_201_626_440_778
R,CLAMP,CLAMP,0
L,3,3091,PREDICTION,src/tracking/advanced_tracker.py:kalman_homography,
R,CLAMP,CLAMP,0
L,4,3091,PREDICTION,src/tracking/advanced_tracker.py:kalman_homography,
R,CLAMP,CLAMP,0
L,5,3091,PREDICTION,src/tracking/advanced_tracker.py:flow_gapfill_batched,
R,CLAMP,CLAMP,0
L,8,3091,PREDICTION,src/tracking/advanced_tracker.py:flow_gapfill_batched,
R,CLAMP,CLAMP,0
L,9,3091,PREDICTION,src/tracking/advanced_tracker.py:flow_gapfill_batched,
R,CLAMP,CLAMP,0
A,3091
S,2,3097,DETECTION,src/tracking/advanced_tracker.py:_activate_slot,3097_201_626_440_778
S,3,3097,DETECTION,src/tracking/advanced_tracker.py:_activate_slot,3097_153_1071_393_1193
S,4,3097,PREDICTION,src/tracking/advanced_tracker.py:kalman_homography,
S,5,3097,PREDICTION,src/tracking/advanced_tracker.py:flow_gapfill_batched,
S,8,3097,PREDICTION,src/tracking/advanced_tracker.py:flow_gapfill_batched,
L,2,3097,DETECTION,src/tracking/advanced_tracker.py:_activate_slot,3097_201_626_440_778
R,CLAMP,CLAMP,0
L,3,3097,DETECTION,src/tracking/advanced_tracker.py:_activate_slot,3097_153_1071_393_1193
R,CLAMP,CLAMP,0
L,4,3097,PREDICTION,src/tracking/advanced_tracker.py:kalman_homography,
R,CLAMP,CLAMP,0
L,5,3097,PREDICTION,src/tracking/advanced_tracker.py:flow_gapfill_batched,
R,CLAMP,CLAMP,0
L,8,3097,PREDICTION,src/tracking/advanced_tracker.py:flow_gapfill_batched,
R,CLAMP,CLAMP,0
A,3097
S,3,3103,DETECTION,src/tracking/advanced_tracker.py:_activate_slot,3103_146_1075_389_1193
S,2,3103,PREDICTION,src/tracking/advanced_tracker.py:kalman_homography,
S,4,3103,PREDICTION,src/tracking/advanced_tracker.py:kalman_homography,
S,0,3103,PREDICTION,src/tracking/advanced_tracker.py:flow_gapfill_batched,
S,1,3103,PREDICTION,src/tracking/advanced_tracker.py:flow_gapfill_batched,
S,5,3103,PREDICTION,src/tracking/advanced_tracker.py:flow_gapfill_batched,
S,8,3103,PREDICTION,src/tracking/advanced_tracker.py:flow_gapfill_batched,
D,1,3103
S,0,3103,PREDICTION,src/tracking/advanced_tracker.py:id_merge,
L,0,3103,PREDICTION,src/tracking/advanced_tracker.py:id_merge,
R,CLAMP,CLAMP,0
L,2,3103,PREDICTION,src/tracking/advanced_tracker.py:kalman_homography,
R,CLAMP,CLAMP,0
L,3,3103,DETECTION,src/tracking/advanced_tracker.py:_activate_slot,3103_146_1075_389_1193
R,CLAMP,CLAMP,0
L,4,3103,PREDICTION,src/tracking/advanced_tracker.py:kalman_homography,
R,CLAMP,CLAMP,0
L,5,3103,PREDICTION,src/tracking/advanced_tracker.py:flow_gapfill_batched,
R,CLAMP,CLAMP,0
L,8,3103,PREDICTION,src/tracking/advanced_tracker.py:flow_gapfill_batched,
R,CLAMP,CLAMP,0
A,3103
S,2,3109,PREDICTION,src/tracking/advanced_tracker.py:kalman_homography,
S,3,3109,PREDICTION,src/tracking/advanced_tracker.py:kalman_homography,
S,4,3109,PREDICTION,src/tracking/advanced_tracker.py:kalman_homography,
S,5,3109,PREDICTION,src/tracking/advanced_tracker.py:flow_gapfill_batched,
S,8,3109,PREDICTION,src/tracking/advanced_tracker.py:flow_gapfill_batched,
L,2,3109,PREDICTION,src/tracking/advanced_tracker.py:kalman_homography,
R,CLAMP,CLAMP,0
L,3,3109,PREDICTION,src/tracking/advanced_tracker.py:kalman_homography,
R,CLAMP,CLAMP,0
L,4,3109,PREDICTION,src/tracking/advanced_tracker.py:kalman_homography,
R,CLAMP,CLAMP,0
L,5,3109,PREDICTION,src/tracking/advanced_tracker.py:flow_gapfill_batched,
R,CLAMP,CLAMP,0
L,8,3109,PREDICTION,src/tracking/advanced_tracker.py:flow_gapfill_batched,
R,CLAMP,CLAMP,0
A,3109
S,6,3115,DETECTION,src/tracking/advanced_tracker.py:_activate_slot,3115_185_574_460_714
S,7,3115,DETECTION,src/tracking/advanced_tracker.py:_activate_slot,3115_217_800_523_940
S,2,3115,PREDICTION,src/tracking/advanced_tracker.py:kalman_homography,
S,3,3115,PREDICTION,src/tracking/advanced_tracker.py:kalman_homography,
S,4,3115,PREDICTION,src/tracking/advanced_tracker.py:kalman_homography,
S,5,3115,PREDICTION,src/tracking/advanced_tracker.py:flow_gapfill_batched,
S,8,3115,PREDICTION,src/tracking/advanced_tracker.py:flow_gapfill_batched,
L,2,3115,PREDICTION,src/tracking/advanced_tracker.py:kalman_homography,
R,CLAMP,CLAMP,0
L,3,3115,PREDICTION,src/tracking/advanced_tracker.py:kalman_homography,
R,CLAMP,CLAMP,0
L,4,3115,PREDICTION,src/tracking/advanced_tracker.py:kalman_homography,
R,CLAMP,CLAMP,0
L,5,3115,PREDICTION,src/tracking/advanced_tracker.py:flow_gapfill_batched,
R,CLAMP,CLAMP,0
L,6,3115,DETECTION,src/tracking/advanced_tracker.py:_activate_slot,3115_185_574_460_714
R,CLAMP,CLAMP,0
L,7,3115,DETECTION,src/tracking/advanced_tracker.py:_activate_slot,3115_217_800_523_940
R,CLAMP,CLAMP,0
L,8,3115,PREDICTION,src/tracking/advanced_tracker.py:flow_gapfill_batched,
R,CLAMP,CLAMP,0
A,3115
S,2,3121,DETECTION,src/tracking/advanced_tracker.py:_activate_slot,3121_194_640_431_776
S,6,3121,DETECTION,src/tracking/advanced_tracker.py:_activate_slot,3121_187_573_461_717
S,7,3121,DETECTION,src/tracking/advanced_tracker.py:_activate_slot,3121_216_792_516_938
S,3,3121,PREDICTION,src/tracking/advanced_tracker.py:kalman_homography,
S,4,3121,PREDICTION,src/tracking/advanced_tracker.py:kalman_homography,
S,5,3121,PREDICTION,src/tracking/advanced_tracker.py:flow_gapfill_batched,
L,2,3121,DETECTION,src/tracking/advanced_tracker.py:_activate_slot,3121_194_640_431_776
R,CLAMP,CLAMP,0
L,3,3121,PREDICTION,src/tracking/advanced_tracker.py:kalman_homography,
R,CLAMP,CLAMP,0
L,4,3121,PREDICTION,src/tracking/advanced_tracker.py:kalman_homography,
R,CLAMP,CLAMP,0
L,5,3121,PREDICTION,src/tracking/advanced_tracker.py:flow_gapfill_batched,
R,CLAMP,CLAMP,0
L,6,3121,DETECTION,src/tracking/advanced_tracker.py:_activate_slot,3121_187_573_461_717
R,CLAMP,CLAMP,0
L,7,3121,DETECTION,src/tracking/advanced_tracker.py:_activate_slot,3121_216_792_516_938
R,CLAMP,CLAMP,0
A,3121
S,6,3127,DETECTION,src/tracking/advanced_tracker.py:_activate_slot,3127_128_475_319_612
S,2,3127,PREDICTION,src/tracking/advanced_tracker.py:kalman_homography,
S,3,3127,PREDICTION,src/tracking/advanced_tracker.py:kalman_homography,
S,7,3127,PREDICTION,src/tracking/advanced_tracker.py:kalman_homography,
S,4,3127,PREDICTION,src/tracking/advanced_tracker.py:flow_gapfill_batched,
S,5,3127,PREDICTION,src/tracking/advanced_tracker.py:flow_gapfill_batched,
L,2,3127,PREDICTION,src/tracking/advanced_tracker.py:kalman_homography,
R,CLAMP,CLAMP,0
L,3,3127,PREDICTION,src/tracking/advanced_tracker.py:kalman_homography,
R,CLAMP,CLAMP,0
L,4,3127,PREDICTION,src/tracking/advanced_tracker.py:flow_gapfill_batched,
R,CLAMP,CLAMP,0
L,5,3127,PREDICTION,src/tracking/advanced_tracker.py:flow_gapfill_batched,
R,CLAMP,CLAMP,0
L,6,3127,DETECTION,src/tracking/advanced_tracker.py:_activate_slot,3127_128_475_319_612
R,CLAMP,CLAMP,0
L,7,3127,PREDICTION,src/tracking/advanced_tracker.py:kalman_homography,
R,CLAMP,CLAMP,0
A,3127
S,9,3133,DETECTION,src/tracking/advanced_tracker.py:_activate_slot,3133_186_575_463_770
S,2,3133,PREDICTION,src/tracking/advanced_tracker.py:kalman_homography,
S,3,3133,PREDICTION,src/tracking/advanced_tracker.py:kalman_homography,
S,6,3133,PREDICTION,src/tracking/advanced_tracker.py:kalman_homography,
S,7,3133,PREDICTION,src/tracking/advanced_tracker.py:kalman_homography,
L,2,3133,PREDICTION,src/tracking/advanced_tracker.py:kalman_homography,
R,CLAMP,CLAMP,0
L,3,3133,PREDICTION,src/tracking/advanced_tracker.py:kalman_homography,
R,CLAMP,CLAMP,0
L,6,3133,PREDICTION,src/tracking/advanced_tracker.py:kalman_homography,
R,CLAMP,CLAMP,0
L,7,3133,PREDICTION,src/tracking/advanced_tracker.py:kalman_homography,
R,CLAMP,CLAMP,0
L,9,3133,DETECTION,src/tracking/advanced_tracker.py:_activate_slot,3133_186_575_463_770
R,CLAMP,CLAMP,0
A,3133
S,9,3139,DETECTION,src/tracking/advanced_tracker.py:_activate_slot,3139_185_576_465_760
S,2,3139,PREDICTION,src/tracking/advanced_tracker.py:kalman_homography,
S,7,3139,PREDICTION,src/tracking/advanced_tracker.py:kalman_homography,
S,3,3139,PREDICTION,src/tracking/advanced_tracker.py:flow_gapfill_batched,
S,6,3139,PREDICTION,src/tracking/advanced_tracker.py:flow_gapfill_batched,
L,2,3139,PREDICTION,src/tracking/advanced_tracker.py:kalman_homography,
R,CLAMP,CLAMP,0
L,3,3139,PREDICTION,src/tracking/advanced_tracker.py:flow_gapfill_batched,
R,CLAMP,CLAMP,0
L,6,3139,PREDICTION,src/tracking/advanced_tracker.py:flow_gapfill_batched,
R,CLAMP,CLAMP,0
L,7,3139,PREDICTION,src/tracking/advanced_tracker.py:kalman_homography,
R,CLAMP,CLAMP,0
L,9,3139,DETECTION,src/tracking/advanced_tracker.py:_activate_slot,3139_185_576_465_760
R,CLAMP,CLAMP,0
A,3139
S,9,3145,DETECTION,src/tracking/advanced_tracker.py:_activate_slot,3145_185_576_467_758
S,2,3145,PREDICTION,src/tracking/advanced_tracker.py:kalman_homography,
S,7,3145,PREDICTION,src/tracking/advanced_tracker.py:kalman_homography,
S,3,3145,PREDICTION,src/tracking/advanced_tracker.py:flow_gapfill_batched,
S,6,3145,PREDICTION,src/tracking/advanced_tracker.py:flow_gapfill_batched,
L,2,3145,PREDICTION,src/tracking/advanced_tracker.py:kalman_homography,
R,CLAMP,CLAMP,0
L,3,3145,PREDICTION,src/tracking/advanced_tracker.py:flow_gapfill_batched,
R,CLAMP,CLAMP,0
L,6,3145,PREDICTION,src/tracking/advanced_tracker.py:flow_gapfill_batched,
R,CLAMP,CLAMP,0
L,7,3145,PREDICTION,src/tracking/advanced_tracker.py:kalman_homography,
R,CLAMP,CLAMP,0
L,9,3145,DETECTION,src/tracking/advanced_tracker.py:_activate_slot,3145_185_576_467_758
R,CLAMP,CLAMP,0
A,3145
S,7,3151,DETECTION,src/tracking/advanced_tracker.py:_activate_slot,3151_214_741_504_961
S,9,3151,DETECTION,src/tracking/advanced_tracker.py:_activate_slot,3151_188_576_467_736
S,1,3151,DETECTION,src/tracking/advanced_tracker.py:_activate_slot,3151_141_1173_399_1287
S,2,3151,PREDICTION,src/tracking/advanced_tracker.py:kalman_homography,
S,3,3151,PREDICTION,src/tracking/advanced_tracker.py:flow_gapfill_batched,
S,6,3151,PREDICTION,src/tracking/advanced_tracker.py:flow_gapfill_batched,
D,3,3151
S,1,3151,PREDICTION,src/tracking/advanced_tracker.py:id_merge,
L,1,3151,PREDICTION,src/tracking/advanced_tracker.py:id_merge,
R,CLAMP,CLAMP,0
L,2,3151,PREDICTION,src/tracking/advanced_tracker.py:kalman_homography,
R,CLAMP,CLAMP,0
L,6,3151,PREDICTION,src/tracking/advanced_tracker.py:flow_gapfill_batched,
R,CLAMP,CLAMP,0
L,7,3151,DETECTION,src/tracking/advanced_tracker.py:_activate_slot,3151_214_741_504_961
R,CLAMP,CLAMP,0
L,9,3151,DETECTION,src/tracking/advanced_tracker.py:_activate_slot,3151_188_576_467_736
R,CLAMP,CLAMP,0
A,3151
S,1,3157,DETECTION,src/tracking/advanced_tracker.py:_activate_slot,3157_139_1173_400_1285
S,2,3157,DETECTION,src/tracking/advanced_tracker.py:_activate_slot,3157_209_647_428_771
S,7,3157,DETECTION,src/tracking/advanced_tracker.py:_activate_slot,3157_212_741_504_967
S,9,3157,DETECTION,src/tracking/advanced_tracker.py:_activate_slot,3157_186_579_467_721
S,8,3157,DETECTION,src/tracking/advanced_tracker.py:_activate_slot,3157_425_798_657_1002
S,6,3157,PREDICTION,src/tracking/advanced_tracker.py:flow_gapfill_batched,
L,1,3157,DETECTION,src/tracking/advanced_tracker.py:_activate_slot,3157_139_1173_400_1285
R,CLAMP,CLAMP,0
L,2,3157,DETECTION,src/tracking/advanced_tracker.py:_activate_slot,3157_209_647_428_771
R,CLAMP,CLAMP,0
L,6,3157,PREDICTION,src/tracking/advanced_tracker.py:flow_gapfill_batched,
R,CLAMP,CLAMP,0
L,7,3157,DETECTION,src/tracking/advanced_tracker.py:_activate_slot,3157_212_741_504_967
R,CLAMP,CLAMP,0
L,8,3157,DETECTION,src/tracking/advanced_tracker.py:_activate_slot,3157_425_798_657_1002
R,CLAMP,CLAMP,0
L,9,3157,DETECTION,src/tracking/advanced_tracker.py:_activate_slot,3157_186_579_467_721
R,CLAMP,CLAMP,0
A,3157
S,1,3163,DETECTION,src/tracking/advanced_tracker.py:_activate_slot,3163_138_1173_401_1287
S,2,3163,DETECTION,src/tracking/advanced_tracker.py:_activate_slot,3163_208_647_430_775
S,8,3163,DETECTION,src/tracking/advanced_tracker.py:_activate_slot,3163_425_797_657_1002
S,9,3163,DETECTION,src/tracking/advanced_tracker.py:_activate_slot,3163_191_580_470_718
S,0,3163,DETECTION,src/tracking/advanced_tracker.py:_activate_slot,3163_213_746_504_968
S,7,3163,PREDICTION,src/tracking/advanced_tracker.py:kalman_homography,
S,6,3163,PREDICTION,src/tracking/advanced_tracker.py:flow_gapfill_batched,
L,0,3163,DETECTION,src/tracking/advanced_tracker.py:_activate_slot,3163_213_746_504_968
R,CLAMP,CLAMP,0
L,1,3163,DETECTION,src/tracking/advanced_tracker.py:_activate_slot,3163_138_1173_401_1287
R,CLAMP,CLAMP,0
L,2,3163,DETECTION,src/tracking/advanced_tracker.py:_activate_slot,3163_208_647_430_775
R,CLAMP,CLAMP,0
L,6,3163,PREDICTION,src/tracking/advanced_tracker.py:flow_gapfill_batched,
R,CLAMP,CLAMP,0
L,7,3163,PREDICTION,src/tracking/advanced_tracker.py:kalman_homography,
R,CLAMP,CLAMP,0
L,8,3163,DETECTION,src/tracking/advanced_tracker.py:_activate_slot,3163_425_797_657_1002
R,CLAMP,CLAMP,0
L,9,3163,DETECTION,src/tracking/advanced_tracker.py:_activate_slot,3163_191_580_470_718
R,CLAMP,CLAMP,0
A,3163
S,0,3169,DETECTION,src/tracking/advanced_tracker.py:_activate_slot,3169_213_746_506_968
S,1,3169,DETECTION,src/tracking/advanced_tracker.py:_activate_slot,3169_138_1173_401_1287
S,2,3169,DETECTION,src/tracking/advanced_tracker.py:_activate_slot,3169_208_646_430_775
S,8,3169,DETECTION,src/tracking/advanced_tracker.py:_activate_slot,3169_425_798_659_1002
S,4,3169,DETECTION,src/tracking/advanced_tracker.py:_activate_slot,3169_192_580_471_718
S,5,3169,DETECTION,src/tracking/advanced_tracker.py:_activate_slot,3169_147_953_444_1081
S,7,3169,PREDICTION,src/tracking/advanced_tracker.py:kalman_homography,
S,9,3169,PREDICTION,src/tracking/advanced_tracker.py:kalman_homography,
S,6,3169,PREDICTION,src/tracking/advanced_tracker.py:flow_gapfill_batched,
D,2,3169
S,4,3169,PREDICTION,src/tracking/advanced_tracker.py:id_merge,
L,0,3169,DETECTION,src/tracking/advanced_tracker.py:_activate_slot,3169_213_746_506_968
R,CLAMP,CLAMP,0
L,1,3169,DETECTION,src/tracking/advanced_tracker.py:_activate_slot,3169_138_1173_401_1287
R,CLAMP,CLAMP,0
L,4,3169,PREDICTION,src/tracking/advanced_tracker.py:id_merge,
R,CLAMP,CLAMP,0
L,5,3169,DETECTION,src/tracking/advanced_tracker.py:_activate_slot,3169_147_953_444_1081
R,CLAMP,CLAMP,0
L,6,3169,PREDICTION,src/tracking/advanced_tracker.py:flow_gapfill_batched,
R,CLAMP,CLAMP,0
L,7,3169,PREDICTION,src/tracking/advanced_tracker.py:kalman_homography,
R,CLAMP,CLAMP,0
L,8,3169,DETECTION,src/tracking/advanced_tracker.py:_activate_slot,3169_425_798_659_1002
R,CLAMP,CLAMP,0
L,9,3169,PREDICTION,src/tracking/advanced_tracker.py:kalman_homography,
R,CLAMP,CLAMP,0
A,3169
S,0,3175,DETECTION,src/tracking/advanced_tracker.py:_activate_slot,3175_190_578_471_717
S,1,3175,DETECTION,src/tracking/advanced_tracker.py:_activate_slot,3175_136_1173_402_1289
S,2,3175,DETECTION,src/tracking/advanced_tracker.py:_activate_slot,3175_210_648_432_775
S,5,3175,DETECTION,src/tracking/advanced_tracker.py:_activate_slot,3175_148_953_447_1079
S,7,3175,DETECTION,src/tracking/advanced_tracker.py:_activate_slot,3175_213_741_512_972
S,8,3175,DETECTION,src/tracking/advanced_tracker.py:_activate_slot,3175_425_798_660_1002
S,4,3175,PREDICTION,src/tracking/advanced_tracker.py:kalman_homography,
S,9,3175,PREDICTION,src/tracking/advanced_tracker.py:kalman_homography,
S,6,3175,PREDICTION,src/tracking/advanced_tracker.py:flow_gapfill_batched,
D,4,3175
S,0,3175,PREDICTION,src/tracking/advanced_tracker.py:id_merge,
L,0,3175,PREDICTION,src/tracking/advanced_tracker.py:id_merge,
R,CLAMP,CLAMP,0
L,1,3175,DETECTION,src/tracking/advanced_tracker.py:_activate_slot,3175_136_1173_402_1289
R,CLAMP,CLAMP,0
L,2,3175,DETECTION,src/tracking/advanced_tracker.py:_activate_slot,3175_210_648_432_775
R,CLAMP,CLAMP,0
L,5,3175,DETECTION,src/tracking/advanced_tracker.py:_activate_slot,3175_148_953_447_1079
R,CLAMP,CLAMP,0
L,6,3175,PREDICTION,src/tracking/advanced_tracker.py:flow_gapfill_batched,
R,CLAMP,CLAMP,0
L,7,3175,DETECTION,src/tracking/advanced_tracker.py:_activate_slot,3175_213_741_512_972
R,CLAMP,CLAMP,0
L,8,3175,DETECTION,src/tracking/advanced_tracker.py:_activate_slot,3175_425_798_660_1002
R,CLAMP,CLAMP,0
L,9,3175,PREDICTION,src/tracking/advanced_tracker.py:kalman_homography,
R,CLAMP,CLAMP,0
A,3175
S,0,3181,DETECTION,src/tracking/advanced_tracker.py:_activate_slot,3181_214_732_517_978
S,1,3181,DETECTION,src/tracking/advanced_tracker.py:_activate_slot,3181_135_1173_401_1291
S,2,3181,DETECTION,src/tracking/advanced_tracker.py:_activate_slot,3181_148_956_447_1080
S,4,3181,DETECTION,src/tracking/advanced_tracker.py:_activate_slot,3181_190_583_476_723
S,5,3181,DETECTION,src/tracking/advanced_tracker.py:_activate_slot,3181_347_944_559_1089
S,7,3181,DETECTION,src/tracking/advanced_tracker.py:_activate_slot,3181_510_935_674_1123
S,8,3181,DETECTION,src/tracking/advanced_tracker.py:_activate_slot,3181_425_798_658_1003
S,9,3181,PREDICTION,src/tracking/advanced_tracker.py:kalman_homography,
L,0,3181,DETECTION,src/tracking/advanced_tracker.py:_activate_slot,3181_214_732_517_978
R,CLAMP,CLAMP,0
L,1,3181,DETECTION,src/tracking/advanced_tracker.py:_activate_slot,3181_135_1173_401_1291
R,CLAMP,CLAMP,0
L,2,3181,DETECTION,src/tracking/advanced_tracker.py:_activate_slot,3181_148_956_447_1080
R,CLAMP,CLAMP,0
L,4,3181,DETECTION,src/tracking/advanced_tracker.py:_activate_slot,3181_190_583_476_723
R,CLAMP,CLAMP,0
L,5,3181,DETECTION,src/tracking/advanced_tracker.py:_activate_slot,3181_347_944_559_1089
R,CLAMP,CLAMP,0
L,7,3181,DETECTION,src/tracking/advanced_tracker.py:_activate_slot,3181_510_935_674_1123
R,CLAMP,CLAMP,0
L,8,3181,DETECTION,src/tracking/advanced_tracker.py:_activate_slot,3181_425_798_658_1003
R,CLAMP,CLAMP,0
L,9,3181,PREDICTION,src/tracking/advanced_tracker.py:kalman_homography,
R,CLAMP,CLAMP,0
A,3181
S,0,3187,DETECTION,src/tracking/advanced_tracker.py:_activate_slot,3187_212_730_512_982
S,1,3187,DETECTION,src/tracking/advanced_tracker.py:_activate_slot,3187_133_1173_400_1291
S,8,3187,DETECTION,src/tracking/advanced_tracker.py:_activate_slot,3187_425_798_661_1004
S,9,3187,DETECTION,src/tracking/advanced_tracker.py:_activate_slot,3187_189_584_476_720
S,2,3187,PREDICTION,src/tracking/advanced_tracker.py:kalman_homography,
S,4,3187,PREDICTION,src/tracking/advanced_tracker.py:kalman_homography,
S,5,3187,PREDICTION,src/tracking/advanced_tracker.py:flow_gapfill_batched,
S,7,3187,PREDICTION,src/tracking/advanced_tracker.py:flow_gapfill_batched,
L,0,3187,DETECTION,src/tracking/advanced_tracker.py:_activate_slot,3187_212_730_512_982
R,CLAMP,CLAMP,0
L,1,3187,DETECTION,src/tracking/advanced_tracker.py:_activate_slot,3187_133_1173_400_1291
R,CLAMP,CLAMP,0
L,2,3187,PREDICTION,src/tracking/advanced_tracker.py:kalman_homography,
R,CLAMP,CLAMP,0
L,4,3187,PREDICTION,src/tracking/advanced_tracker.py:kalman_homography,
R,CLAMP,CLAMP,0
L,5,3187,PREDICTION,src/tracking/advanced_tracker.py:flow_gapfill_batched,
R,CLAMP,CLAMP,0
L,7,3187,PREDICTION,src/tracking/advanced_tracker.py:flow_gapfill_batched,
R,CLAMP,CLAMP,0
L,8,3187,DETECTION,src/tracking/advanced_tracker.py:_activate_slot,3187_425_798_661_1004
R,CLAMP,CLAMP,0
L,9,3187,DETECTION,src/tracking/advanced_tracker.py:_activate_slot,3187_189_584_476_720
R,CLAMP,CLAMP,0
A,3187
S,1,3193,DETECTION,src/tracking/advanced_tracker.py:_activate_slot,3193_131_1175_398_1291
S,4,3193,DETECTION,src/tracking/advanced_tracker.py:_activate_slot,3193_214_720_503_984
S,8,3193,DETECTION,src/tracking/advanced_tracker.py:_activate_slot,3193_147_957_440_1077
S,9,3193,DETECTION,src/tracking/advanced_tracker.py:_activate_slot,3193_190_585_473_725
S,3,3193,DETECTION,src/tracking/advanced_tracker.py:_activate_slot,3193_206_654_440_782
S,0,3193,PREDICTION,src/tracking/advanced_tracker.py:kalman_homography,
S,2,3193,PREDICTION,src/tracking/advanced_tracker.py:kalman_homography,
S,5,3193,PREDICTION,src/tracking/advanced_tracker.py:flow_gapfill_batched,
S,7,3193,PREDICTION,src/tracking/advanced_tracker.py:flow_gapfill_batched,
D,0,3193
S,4,3193,PREDICTION,src/tracking/advanced_tracker.py:id_merge,
D,2,3193
S,1,3193,PREDICTION,src/tracking/advanced_tracker.py:id_merge,
D,5,3193
S,8,3193,PREDICTION,src/tracking/advanced_tracker.py:id_merge,
L,1,3193,PREDICTION,src/tracking/advanced_tracker.py:id_merge,
R,CLAMP,CLAMP,0
L,3,3193,DETECTION,src/tracking/advanced_tracker.py:_activate_slot,3193_206_654_440_782
R,CLAMP,CLAMP,0
L,4,3193,PREDICTION,src/tracking/advanced_tracker.py:id_merge,
R,CLAMP,CLAMP,0
L,7,3193,PREDICTION,src/tracking/advanced_tracker.py:flow_gapfill_batched,
R,CLAMP,CLAMP,0
L,8,3193,PREDICTION,src/tracking/advanced_tracker.py:id_merge,
R,CLAMP,CLAMP,0
L,9,3193,DETECTION,src/tracking/advanced_tracker.py:_activate_slot,3193_190_585_473_725
R,CLAMP,CLAMP,0
A,3193
S,1,3199,DETECTION,src/tracking/advanced_tracker.py:_activate_slot,3199_134_1177_399_1291
S,2,3199,DETECTION,src/tracking/advanced_tracker.py:_activate_slot,3199_205_655_442_784
S,9,3199,DETECTION,src/tracking/advanced_tracker.py:_activate_slot,3199_191_587_479_721
S,0,3199,PREDICTION,src/tracking/advanced_tracker.py:kalman_homography,
S,3,3199,PREDICTION,src/tracking/advanced_tracker.py:kalman_homography,
S,4,3199,PREDICTION,src/tracking/advanced_tracker.py:kalman_homography,
S,8,3199,PREDICTION,src/tracking/advanced_tracker.py:kalman_homography,
S,5,3199,PREDICTION,src/tracking/advanced_tracker.py:flow_gapfill_batched,
S,7,3199,PREDICTION,src/tracking/advanced_tracker.py:flow_gapfill_batched,
D,0,3199
S,4,3199,PREDICTION,src/tracking/advanced_tracker.py:id_merge,
D,3,3199
S,2,3199,PREDICTION,src/tracking/advanced_tracker.py:id_merge,
L,1,3199,DETECTION,src/tracking/advanced_tracker.py:_activate_slot,3199_134_1177_399_1291
R,CLAMP,CLAMP,0
L,2,3199,PREDICTION,src/tracking/advanced_tracker.py:id_merge,
R,CLAMP,CLAMP,0
L,4,3199,PREDICTION,src/tracking/advanced_tracker.py:id_merge,
R,CLAMP,CLAMP,0
L,5,3199,PREDICTION,src/tracking/advanced_tracker.py:flow_gapfill_batched,
R,CLAMP,CLAMP,0
L,7,3199,PREDICTION,src/tracking/advanced_tracker.py:flow_gapfill_batched,
R,CLAMP,CLAMP,0
L,8,3199,PREDICTION,src/tracking/advanced_tracker.py:kalman_homography,
R,CLAMP,CLAMP,0
L,9,3199,DETECTION,src/tracking/advanced_tracker.py:_activate_slot,3199_191_587_479_721
R,CLAMP,CLAMP,0
A,3199
S,1,3205,DETECTION,src/tracking/advanced_tracker.py:_activate_slot,3205_131_1179_395_1289
S,2,3205,DETECTION,src/tracking/advanced_tracker.py:_activate_slot,3205_190_587_483_723
S,9,3205,DETECTION,src/tracking/advanced_tracker.py:_activate_slot,3205_423_799_659_1007
S,0,3205,PREDICTION,src/tracking/advanced_tracker.py:kalman_homography,
S,3,3205,PREDICTION,src/tracking/advanced_tracker.py:kalman_homography,
S,4,3205,PREDICTION,src/tracking/advanced_tracker.py:kalman_homography,
S,8,3205,PREDICTION,src/tracking/advanced_tracker.py:kalman_homography,
S,5,3205,PREDICTION,src/tracking/advanced_tracker.py:flow_gapfill_batched,
S,7,3205,PREDICTION,src/tracking/advanced_tracker.py:flow_gapfill_batched,
D,0,3205
S,4,3205,PREDICTION,src/tracking/advanced_tracker.py:id_merge,
D,3,3205
S,2,3205,PREDICTION,src/tracking/advanced_tracker.py:id_merge,
L,1,3205,DETECTION,src/tracking/advanced_tracker.py:_activate_slot,3205_131_1179_395_1289
R,CLAMP,CLAMP,0
L,2,3205,PREDICTION,src/tracking/advanced_tracker.py:id_merge,
R,CLAMP,CLAMP,0
L,4,3205,PREDICTION,src/tracking/advanced_tracker.py:id_merge,
R,CLAMP,CLAMP,0
L,5,3205,PREDICTION,src/tracking/advanced_tracker.py:flow_gapfill_batched,
R,CLAMP,CLAMP,0
L,7,3205,PREDICTION,src/tracking/advanced_tracker.py:flow_gapfill_batched,
R,CLAMP,CLAMP,0
L,8,3205,PREDICTION,src/tracking/advanced_tracker.py:kalman_homography,
R,CLAMP,CLAMP,0
L,9,3205,DETECTION,src/tracking/advanced_tracker.py:_activate_slot,3205_423_799_659_1007
R,CLAMP,CLAMP,0
A,3205
S,1,3211,DETECTION,src/tracking/advanced_tracker.py:_activate_slot,3211_132_1179_394_1289
S,2,3211,DETECTION,src/tracking/advanced_tracker.py:_activate_slot,3211_189_587_482_723
S,3,3211,DETECTION,src/tracking/advanced_tracker.py:_activate_slot,3211_204_659_446_787
S,0,3211,PREDICTION,src/tracking/advanced_tracker.py:kalman_homography,
S,4,3211,PREDICTION,src/tracking/advanced_tracker.py:kalman_homography,
S,8,3211,PREDICTION,src/tracking/advanced_tracker.py:kalman_homography,
S,5,3211,PREDICTION,src/tracking/advanced_tracker.py:flow_gapfill_batched,
S,7,3211,PREDICTION,src/tracking/advanced_tracker.py:flow_gapfill_batched,
S,9,3211,PREDICTION,src/tracking/advanced_tracker.py:flow_gapfill_batched,
L,0,3211,PREDICTION,src/tracking/advanced_tracker.py:kalman_homography,
R,CLAMP,CLAMP,0
L,1,3211,DETECTION,src/tracking/advanced_tracker.py:_activate_slot,3211_132_1179_394_1289
R,CLAMP,CLAMP,0
L,2,3211,DETECTION,src/tracking/advanced_tracker.py:_activate_slot,3211_189_587_482_723
R,CLAMP,CLAMP,0
L,3,3211,DETECTION,src/tracking/advanced_tracker.py:_activate_slot,3211_204_659_446_787
R,CLAMP,CLAMP,0
L,4,3211,PREDICTION,src/tracking/advanced_tracker.py:kalman_homography,
R,CLAMP,CLAMP,0
L,5,3211,PREDICTION,src/tracking/advanced_tracker.py:flow_gapfill_batched,
R,CLAMP,CLAMP,0
L,7,3211,PREDICTION,src/tracking/advanced_tracker.py:flow_gapfill_batched,
R,CLAMP,CLAMP,0
L,8,3211,PREDICTION,src/tracking/advanced_tracker.py:kalman_homography,
R,CLAMP,CLAMP,0
L,9,3211,PREDICTION,src/tracking/advanced_tracker.py:flow_gapfill_batched,
R,CLAMP,CLAMP,0
A,3211
S,1,3217,DETECTION,src/tracking/advanced_tracker.py:_activate_slot,3217_189_589_482_723
S,5,3217,DETECTION,src/tracking/advanced_tracker.py:_activate_slot,3217_130_1178_392_1288
S,6,3217,DETECTION,src/tracking/advanced_tracker.py:_activate_slot,3217_118_441_315_557
S,0,3217,PREDICTION,src/tracking/advanced_tracker.py:kalman_homography,
S,2,3217,PREDICTION,src/tracking/advanced_tracker.py:kalman_homography,
S,3,3217,PREDICTION,src/tracking/advanced_tracker.py:kalman_homography,
S,4,3217,PREDICTION,src/tracking/advanced_tracker.py:kalman_homography,
S,8,3217,PREDICTION,src/tracking/advanced_tracker.py:kalman_homography,
S,7,3217,PREDICTION,src/tracking/advanced_tracker.py:flow_gapfill_batched,
S,9,3217,PREDICTION,src/tracking/advanced_tracker.py:flow_gapfill_batched,
D,2,3217
S,1,3217,PREDICTION,src/tracking/advanced_tracker.py:id_merge,
D,3,3217
S,1,3217,PREDICTION,src/tracking/advanced_tracker.py:id_merge,
L,0,3217,PREDICTION,src/tracking/advanced_tracker.py:kalman_homography,
R,CLAMP,CLAMP,0
L,1,3217,PREDICTION,src/tracking/advanced_tracker.py:id_merge,
R,CLAMP,CLAMP,0
L,4,3217,PREDICTION,src/tracking/advanced_tracker.py:kalman_homography,
R,CLAMP,CLAMP,0
L,5,3217,DETECTION,src/tracking/advanced_tracker.py:_activate_slot,3217_130_1178_392_1288
R,CLAMP,CLAMP,0
L,6,3217,DETECTION,src/tracking/advanced_tracker.py:_activate_slot,3217_118_441_315_557
R,CLAMP,CLAMP,0
L,7,3217,PREDICTION,src/tracking/advanced_tracker.py:flow_gapfill_batched,
R,CLAMP,CLAMP,0
L,8,3217,PREDICTION,src/tracking/advanced_tracker.py:kalman_homography,
R,CLAMP,CLAMP,0
L,9,3217,PREDICTION,src/tracking/advanced_tracker.py:flow_gapfill_batched,
R,CLAMP,CLAMP,0
A,3217
S,5,3223,DETECTION,src/tracking/advanced_tracker.py:_activate_slot,3223_188_590_483_722
S,6,3223,DETECTION,src/tracking/advanced_tracker.py:_activate_slot,3223_115_436_315_548
S,0,3223,PREDICTION,src/tracking/advanced_tracker.py:kalman_homography,
S,1,3223,PREDICTION,src/tracking/advanced_tracker.py:kalman_homography,
S,2,3223,PREDICTION,src/tracking/advanced_tracker.py:kalman_homography,
S,3,3223,PREDICTION,src/tracking/advanced_tracker.py:kalman_homography,
S,4,3223,PREDICTION,src/tracking/advanced_tracker.py:kalman_homography,
S,7,3223,PREDICTION,src/tracking/advanced_tracker.py:flow_gapfill_batched,
S,8,3223,PREDICTION,src/tracking/advanced_tracker.py:flow_gapfill_batched,
S,9,3223,PREDICTION,src/tracking/advanced_tracker.py:flow_gapfill_batched,
D,2,3223
S,1,3223,PREDICTION,src/tracking/advanced_tracker.py:id_merge,
L,0,3223,PREDICTION,src/tracking/advanced_tracker.py:kalman_homography,
R,CLAMP,CLAMP,0
L,1,3223,PREDICTION,src/tracking/advanced_tracker.py:id_merge,
R,CLAMP,CLAMP,0
L,3,3223,PREDICTION,src/tracking/advanced_tracker.py:kalman_homography,
R,CLAMP,CLAMP,0
L,4,3223,PREDICTION,src/tracking/advanced_tracker.py:kalman_homography,
R,CLAMP,CLAMP,0
L,5,3223,DETECTION,src/tracking/advanced_tracker.py:_activate_slot,3223_188_590_483_722
R,CLAMP,CLAMP,0
L,6,3223,DETECTION,src/tracking/advanced_tracker.py:_activate_slot,3223_115_436_315_548
R,CLAMP,CLAMP,0
L,7,3223,PREDICTION,src/tracking/advanced_tracker.py:flow_gapfill_batched,
R,CLAMP,CLAMP,0
L,8,3223,PREDICTION,src/tracking/advanced_tracker.py:flow_gapfill_batched,
R,CLAMP,CLAMP,0
L,9,3223,PREDICTION,src/tracking/advanced_tracker.py:flow_gapfill_batched,
R,CLAMP,CLAMP,0
A,3223
S,6,3229,DETECTION,src/tracking/advanced_tracker.py:_activate_slot,3229_114_434_314_540
S,0,3229,PREDICTION,src/tracking/advanced_tracker.py:kalman_homography,
S,2,3229,PREDICTION,src/tracking/advanced_tracker.py:kalman_homography,
S,3,3229,PREDICTION,src/tracking/advanced_tracker.py:kalman_homography,
S,5,3229,PREDICTION,src/tracking/advanced_tracker.py:kalman_homography,
S,1,3229,PREDICTION,src/tracking/advanced_tracker.py:flow_gapfill_batched,
S,4,3229,PREDICTION,src/tracking/advanced_tracker.py:flow_gapfill_batched,
S,7,3229,PREDICTION,src/tracking/advanced_tracker.py:flow_gapfill_batched,
S,8,3229,PREDICTION,src/tracking/advanced_tracker.py:flow_gapfill_batched,
S,9,3229,PREDICTION,src/tracking/advanced_tracker.py:flow_gapfill_batched,
D,3,3229
S,1,3229,PREDICTION,src/tracking/advanced_tracker.py:id_merge,
L,0,3229,PREDICTION,src/tracking/advanced_tracker.py:kalman_homography,
R,CLAMP,CLAMP,0
L,1,3229,PREDICTION,src/tracking/advanced_tracker.py:id_merge,
R,CLAMP,CLAMP,0
L,2,3229,PREDICTION,src/tracking/advanced_tracker.py:kalman_homography,
R,CLAMP,CLAMP,0
L,4,3229,PREDICTION,src/tracking/advanced_tracker.py:flow_gapfill_batched,
R,CLAMP,CLAMP,0
L,5,3229,PREDICTION,src/tracking/advanced_tracker.py:kalman_homography,
R,CLAMP,CLAMP,0
L,6,3229,DETECTION,src/tracking/advanced_tracker.py:_activate_slot,3229_114_434_314_540
R,CLAMP,CLAMP,0
L,7,3229,PREDICTION,src/tracking/advanced_tracker.py:flow_gapfill_batched,
R,CLAMP,CLAMP,0
L,8,3229,PREDICTION,src/tracking/advanced_tracker.py:flow_gapfill_batched,
R,CLAMP,CLAMP,0
L,9,3229,PREDICTION,src/tracking/advanced_tracker.py:flow_gapfill_batched,
R,CLAMP,CLAMP,0
A,3229
S,6,3235,DETECTION,src/tracking/advanced_tracker.py:_activate_slot,3235_115_427_316_536
S,3,3235,PREDICTION,src/tracking/advanced_tracker.py:kalman_homography,
S,0,3235,PREDICTION,src/tracking/advanced_tracker.py:flow_gapfill_batched,
S,1,3235,PREDICTION,src/tracking/advanced_tracker.py:flow_gapfill_batched,
S,2,3235,PREDICTION,src/tracking/advanced_tracker.py:flow_gapfill_batched,
S,4,3235,PREDICTION,src/tracking/advanced_tracker.py:flow_gapfill_batched,
S,5,3235,PREDICTION,src/tracking/advanced_tracker.py:flow_gapfill_batched,
S,8,3235,PREDICTION,src/tracking/advanced_tracker.py:flow_gapfill_batched,
S,9,3235,PREDICTION,src/tracking/advanced_tracker.py:flow_gapfill_batched,
D,0,3235
S,4,3235,PREDICTION,src/tracking/advanced_tracker.py:id_merge,
D,2,3235
S,1,3235,PREDICTION,src/tracking/advanced_tracker.py:id_merge,
L,1,3235,PREDICTION,src/tracking/advanced_tracker.py:id_merge,
R,CLAMP,CLAMP,0
L,3,3235,PREDICTION,src/tracking/advanced_tracker.py:kalman_homography,
R,CLAMP,CLAMP,0
L,4,3235,PREDICTION,src/tracking/advanced_tracker.py:id_merge,
R,CLAMP,CLAMP,0
L,5,3235,PREDICTION,src/tracking/advanced_tracker.py:flow_gapfill_batched,
R,CLAMP,CLAMP,0
L,6,3235,DETECTION,src/tracking/advanced_tracker.py:_activate_slot,3235_115_427_316_536
R,CLAMP,CLAMP,0
L,8,3235,PREDICTION,src/tracking/advanced_tracker.py:flow_gapfill_batched,
R,CLAMP,CLAMP,0
L,9,3235,PREDICTION,src/tracking/advanced_tracker.py:flow_gapfill_batched,
R,CLAMP,CLAMP,0
A,3235
S,6,3241,DETECTION,src/tracking/advanced_tracker.py:_activate_slot,3241_113_425_317_532
S,3,3241,PREDICTION,src/tracking/advanced_tracker.py:kalman_homography,
S,1,3241,PREDICTION,src/tracking/advanced_tracker.py:flow_gapfill_batched,
S,2,3241,PREDICTION,src/tracking/advanced_tracker.py:flow_gapfill_batched,
S,4,3241,PREDICTION,src/tracking/advanced_tracker.py:flow_gapfill_batched,
S,5,3241,PREDICTION,src/tracking/advanced_tracker.py:flow_gapfill_batched,
S,8,3241,PREDICTION,src/tracking/advanced_tracker.py:flow_gapfill_batched,
S,9,3241,PREDICTION,src/tracking/advanced_tracker.py:flow_gapfill_batched,
D,2,3241
S,1,3241,PREDICTION,src/tracking/advanced_tracker.py:id_merge,
L,1,3241,PREDICTION,src/tracking/advanced_tracker.py:id_merge,
R,CLAMP,CLAMP,0
L,3,3241,PREDICTION,src/tracking/advanced_tracker.py:kalman_homography,
R,CLAMP,CLAMP,0
L,4,3241,PREDICTION,src/tracking/advanced_tracker.py:flow_gapfill_batched,
R,CLAMP,CLAMP,0
L,5,3241,PREDICTION,src/tracking/advanced_tracker.py:flow_gapfill_batched,
R,CLAMP,CLAMP,0
L,6,3241,DETECTION,src/tracking/advanced_tracker.py:_activate_slot,3241_113_425_317_532
R,CLAMP,CLAMP,0
L,8,3241,PREDICTION,src/tracking/advanced_tracker.py:flow_gapfill_batched,
R,CLAMP,CLAMP,0
L,9,3241,PREDICTION,src/tracking/advanced_tracker.py:flow_gapfill_batched,
R,CLAMP,CLAMP,0
A,3241
S,6,3247,DETECTION,src/tracking/advanced_tracker.py:_activate_slot,3247_113_425_317_532
S,3,3247,PREDICTION,src/tracking/advanced_tracker.py:kalman_homography,
S,1,3247,PREDICTION,src/tracking/advanced_tracker.py:flow_gapfill_batched,
S,2,3247,PREDICTION,src/tracking/advanced_tracker.py:flow_gapfill_batched,
S,5,3247,PREDICTION,src/tracking/advanced_tracker.py:flow_gapfill_batched,
S,9,3247,PREDICTION,src/tracking/advanced_tracker.py:flow_gapfill_batched,
D,2,3247
S,1,3247,PREDICTION,src/tracking/advanced_tracker.py:id_merge,
L,1,3247,PREDICTION,src/tracking/advanced_tracker.py:id_merge,
R,CLAMP,CLAMP,0
L,3,3247,PREDICTION,src/tracking/advanced_tracker.py:kalman_homography,
R,CLAMP,CLAMP,0
L,5,3247,PREDICTION,src/tracking/advanced_tracker.py:flow_gapfill_batched,
R,CLAMP,CLAMP,0
L,6,3247,DETECTION,src/tracking/advanced_tracker.py:_activate_slot,3247_113_425_317_532
R,CLAMP,CLAMP,0
L,9,3247,PREDICTION,src/tracking/advanced_tracker.py:flow_gapfill_batched,
R,CLAMP,CLAMP,0
A,3247
S,6,3253,DETECTION,src/tracking/advanced_tracker.py:_activate_slot,3253_107_420_315_527
S,3,3253,PREDICTION,src/tracking/advanced_tracker.py:kalman_homography,
S,1,3253,PREDICTION,src/tracking/advanced_tracker.py:flow_gapfill_batched,
S,2,3253,PREDICTION,src/tracking/advanced_tracker.py:flow_gapfill_batched,
S,5,3253,PREDICTION,src/tracking/advanced_tracker.py:flow_gapfill_batched,
S,9,3253,PREDICTION,src/tracking/advanced_tracker.py:flow_gapfill_batched,
D,2,3253
S,1,3253,PREDICTION,src/tracking/advanced_tracker.py:id_merge,
L,1,3253,PREDICTION,src/tracking/advanced_tracker.py:id_merge,
R,CLAMP,CLAMP,0
L,3,3253,PREDICTION,src/tracking/advanced_tracker.py:kalman_homography,
R,CLAMP,CLAMP,0
L,5,3253,PREDICTION,src/tracking/advanced_tracker.py:flow_gapfill_batched,
R,CLAMP,CLAMP,0
L,6,3253,DETECTION,src/tracking/advanced_tracker.py:_activate_slot,3253_107_420_315_527
R,CLAMP,CLAMP,0
L,9,3253,PREDICTION,src/tracking/advanced_tracker.py:flow_gapfill_batched,
R,CLAMP,CLAMP,0
A,3253
S,6,3259,DETECTION,src/tracking/advanced_tracker.py:_activate_slot,3259_103_415_314_524
S,1,3259,PREDICTION,src/tracking/advanced_tracker.py:flow_gapfill_batched,
S,2,3259,PREDICTION,src/tracking/advanced_tracker.py:flow_gapfill_batched,
S,3,3259,PREDICTION,src/tracking/advanced_tracker.py:flow_gapfill_batched,
S,5,3259,PREDICTION,src/tracking/advanced_tracker.py:flow_gapfill_batched,
D,2,3259
S,1,3259,PREDICTION,src/tracking/advanced_tracker.py:id_merge,
L,1,3259,PREDICTION,src/tracking/advanced_tracker.py:id_merge,
R,CLAMP,CLAMP,0
L,3,3259,PREDICTION,src/tracking/advanced_tracker.py:flow_gapfill_batched,
R,CLAMP,CLAMP,0
L,5,3259,PREDICTION,src/tracking/advanced_tracker.py:flow_gapfill_batched,
R,CLAMP,CLAMP,0
L,6,3259,DETECTION,src/tracking/advanced_tracker.py:_activate_slot,3259_103_415_314_524
R,CLAMP,CLAMP,0
A,3259
S,6,3265,DETECTION,src/tracking/advanced_tracker.py:_activate_slot,3265_105_409_315_519
S,1,3265,PREDICTION,src/tracking/advanced_tracker.py:flow_gapfill_batched,
S,5,3265,PREDICTION,src/tracking/advanced_tracker.py:flow_gapfill_batched,
L,1,3265,PREDICTION,src/tracking/advanced_tracker.py:flow_gapfill_batched,
R,CLAMP,CLAMP,0
L,5,3265,PREDICTION,src/tracking/advanced_tracker.py:flow_gapfill_batched,
R,CLAMP,CLAMP,0
L,6,3265,DETECTION,src/tracking/advanced_tracker.py:_activate_slot,3265_105_409_315_519
R,CLAMP,CLAMP,0
A,3265
S,6,3271,DETECTION,src/tracking/advanced_tracker.py:_activate_slot,3271_108_407_314_516
S,7,3271,DETECTION,src/tracking/advanced_tracker.py:_activate_slot,3271_185_581_484_723
S,5,3271,PREDICTION,src/tracking/advanced_tracker.py:flow_gapfill_batched,
D,5,3271
S,7,3271,PREDICTION,src/tracking/advanced_tracker.py:id_merge,
L,6,3271,DETECTION,src/tracking/advanced_tracker.py:_activate_slot,3271_108_407_314_516
R,CLAMP,CLAMP,0
L,7,3271,PREDICTION,src/tracking/advanced_tracker.py:id_merge,
R,CLAMP,CLAMP,0
A,3271
S,1,3277,DETECTION,src/tracking/advanced_tracker.py:_activate_slot,3277_185_579_483_727
S,6,3277,DETECTION,src/tracking/advanced_tracker.py:_activate_slot,3277_106_404_314_510
S,0,3277,DETECTION,src/tracking/advanced_tracker.py:_activate_slot,3277_125_1042_375_1204
S,7,3277,PREDICTION,src/tracking/advanced_tracker.py:kalman_homography,
L,0,3277,DETECTION,src/tracking/advanced_tracker.py:_activate_slot,3277_125_1042_375_1204
R,CLAMP,CLAMP,0
L,1,3277,DETECTION,src/tracking/advanced_tracker.py:_activate_slot,3277_185_579_483_727
R,CLAMP,CLAMP,0
L,6,3277,DETECTION,src/tracking/advanced_tracker.py:_activate_slot,3277_106_404_314_510
R,CLAMP,CLAMP,0
L,7,3277,PREDICTION,src/tracking/advanced_tracker.py:kalman_homography,
R,CLAMP,CLAMP,0
A,3277
S,1,3283,DETECTION,src/tracking/advanced_tracker.py:_activate_slot,3283_126_1043_375_1205
S,6,3283,DETECTION,src/tracking/advanced_tracker.py:_activate_slot,3283_106_404_313_510
S,7,3283,DETECTION,src/tracking/advanced_tracker.py:_activate_slot,3283_186_580_485_727
S,4,3283,DETECTION,src/tracking/advanced_tracker.py:_activate_slot,3283_213_687_441_820
S,8,3283,DETECTION,src/tracking/advanced_tracker.py:_activate_slot,3283_507_929_674_1123
S,0,3283,PREDICTION,src/tracking/advanced_tracker.py:kalman_homography,
D,0,3283
S,1,3283,PREDICTION,src/tracking/advanced_tracker.py:id_merge,
L,1,3283,PREDICTION,src/tracking/advanced_tracker.py:id_merge,
R,CLAMP,CLAMP,0
L,4,3283,DETECTION,src/tracking/advanced_tracker.py:_activate_slot,3283_213_687_441_820
R,CLAMP,CLAMP,0
L,6,3283,DETECTION,src/tracking/advanced_tracker.py:_activate_slot,3283_106_404_313_510
R,CLAMP,CLAMP,0
L,7,3283,DETECTION,src/tracking/advanced_tracker.py:_activate_slot,3283_186_580_485_727
R,CLAMP,CLAMP,0
L,8,3283,DETECTION,src/tracking/advanced_tracker.py:_activate_slot,3283_507_929_674_1123
R,CLAMP,CLAMP,0
A,3283
S,1,3289,DETECTION,src/tracking/advanced_tracker.py:_activate_slot,3289_186_576_488_723
S,4,3289,DETECTION,src/tracking/advanced_tracker.py:_activate_slot,3289_209_688_441_819
S,6,3289,DETECTION,src/tracking/advanced_tracker.py:_activate_slot,3289_106_398_316_506
S,7,3289,DETECTION,src/tracking/advanced_tracker.py:_activate_slot,3289_130_1047_376_1201
S,8,3289,DETECTION,src/tracking/advanced_tracker.py:_activate_slot,3289_508_927_674_1123
S,0,3289,PREDICTION,src/tracking/advanced_tracker.py:kalman_homography,
L,0,3289,PREDICTION,src/tracking/advanced_tracker.py:kalman_homography,
R,CLAMP,CLAMP,0
L,1,3289,DETECTION,src/tracking/advanced_tracker.py:_activate_slot,3289_186_576_488_723
R,CLAMP,CLAMP,0
L,4,3289,DETECTION,src/tracking/advanced_tracker.py:_activate_slot,3289_209_688_441_819
R,CLAMP,CLAMP,0
L,6,3289,DETECTION,src/tracking/advanced_tracker.py:_activate_slot,3289_106_398_316_506
R,CLAMP,CLAMP,0
L,7,3289,DETECTION,src/tracking/advanced_tracker.py:_activate_slot,3289_130_1047_376_1201
R,CLAMP,CLAMP,0
L,8,3289,DETECTION,src/tracking/advanced_tracker.py:_activate_slot,3289_508_927_674_1123
R,CLAMP,CLAMP,0
A,3289
S,0,3295,DETECTION,src/tracking/advanced_tracker.py:_activate_slot,3295_134_1044_378_1200
S,1,3295,DETECTION,src/tracking/advanced_tracker.py:_activate_slot,3295_187_576_488_723
S,4,3295,DETECTION,src/tracking/advanced_tracker.py:_activate_slot,3295_130_1172_387_1280
S,6,3295,DETECTION,src/tracking/advanced_tracker.py:_activate_slot,3295_107_394_315_503
S,8,3295,DETECTION,src/tracking/advanced_tracker.py:_activate_slot,3295_508_925_674_1123
S,9,3295,DETECTION,src/tracking/advanced_tracker.py:_activate_slot,3295_338_918_546_1076
S,7,3295,PREDICTION,src/tracking/advanced_tracker.py:flow_gapfill_batched,
D,0,3295
S,4,3295,PREDICTION,src/tracking/advanced_tracker.py:id_merge,
L,1,3295,DETECTION,src/tracking/advanced_tracker.py:_activate_slot,3295_187_576_488_723
R,CLAMP,CLAMP,0
L,4,3295,PREDICTION,src/tracking/advanced_tracker.py:id_merge,
R,CLAMP,CLAMP,0
L,6,3295,DETECTION,src/tracking/advanced_tracker.py:_activate_slot,3295_107_394_315_503
R,CLAMP,CLAMP,0
L,7,3295,PREDICTION,src/tracking/advanced_tracker.py:flow_gapfill_batched,
R,CLAMP,CLAMP,0
L,8,3295,DETECTION,src/tracking/advanced_tracker.py:_activate_slot,3295_508_925_674_1123
R,CLAMP,CLAMP,0
L,9,3295,DETECTION,src/tracking/advanced_tracker.py:_activate_slot,3295_338_918_546_1076
R,CLAMP,CLAMP,0
A,3295
S,0,3301,DETECTION,src/tracking/advanced_tracker.py:_activate_slot,3301_136_1045_380_1199
S,6,3301,DETECTION,src/tracking/advanced_tracker.py:_activate_slot,3301_111_390_318_497
S,8,3301,DETECTION,src/tracking/advanced_tracker.py:_activate_slot,3301_509_925_674_1123
S,9,3301,DETECTION,src/tracking/advanced_tracker.py:_activate_slot,3301_339_914_548_1076
S,2,3301,DETECTION,src/tracking/advanced_tracker.py:_activate_slot,3301_186_575_491_725
S,3,3301,DETECTION,src/tracking/advanced_tracker.py:_activate_slot,3301_185_692_441_826
S,1,3301,PREDICTION,src/tracking/advanced_tracker.py:kalman_homography,
S,4,3301,PREDICTION,src/tracking/advanced_tracker.py:flow_gapfill_batched,
S,7,3301,PREDICTION,src/tracking/advanced_tracker.py:flow_gapfill_batched,
D,4,3301
S,0,3301,PREDICTION,src/tracking/advanced_tracker.py:id_merge,
D,1,3301
S,2,3301,PREDICTION,src/tracking/advanced_tracker.py:id_merge,
L,0,3301,PREDICTION,src/tracking/advanced_tracker.py:id_merge,
R,CLAMP,CLAMP,0
L,2,3301,PREDICTION,src/tracking/advanced_tracker.py:id_merge,
R,CLAMP,CLAMP,0
L,3,3301,DETECTION,src/tracking/advanced_tracker.py:_activate_slot,3301_185_692_441_826
R,CLAMP,CLAMP,0
L,6,3301,DETECTION,src/tracking/advanced_tracker.py:_activate_slot,3301_111_390_318_497
R,CLAMP,CLAMP,0
L,7,3301,PREDICTION,src/tracking/advanced_tracker.py:flow_gapfill_batched,
R,CLAMP,CLAMP,0
L,8,3301,DETECTION,src/tracking/advanced_tracker.py:_activate_slot,3301_509_925_674_1123
R,CLAMP,CLAMP,0
L,9,3301,DETECTION,src/tracking/advanced_tracker.py:_activate_slot,3301_339_914_548_1076
R,CLAMP,CLAMP,0
A,3301
S,0,3307,DETECTION,src/tracking/advanced_tracker.py:_activate_slot,3307_143_1053_380_1195
S,3,3307,DETECTION,src/tracking/advanced_tracker.py:_activate_slot,3307_185_694_443_823
S,6,3307,DETECTION,src/tracking/advanced_tracker.py:_activate_slot,3307_113_383_322_492
S,7,3307,DETECTION,src/tracking/advanced_tracker.py:_activate_slot,3307_183_576_488_729
S,8,3307,DETECTION,src/tracking/advanced_tracker.py:_activate_slot,3307_508_926_674_1120
S,9,3307,DETECTION,src/tracking/advanced_tracker.py:_activate_slot,3307_421_789_656_996
S,1,3307,PREDICTION,src/tracking/advanced_tracker.py:kalman_homography,
S,2,3307,PREDICTION,src/tracking/advanced_tracker.py:kalman_homography,
S,4,3307,PREDICTION,src/tracking/advanced_tracker.py:flow_gapfill_batched,
D,4,3307
S,0,3307,PREDICTION,src/tracking/advanced_tracker.py:id_merge,
L,0,3307,PREDICTION,src/tracking/advanced_tracker.py:id_merge,
R,CLAMP,CLAMP,0
L,1,3307,PREDICTION,src/tracking/advanced_tracker.py:kalman_homography,
R,CLAMP,CLAMP,0
L,2,3307,PREDICTION,src/tracking/advanced_tracker.py:kalman_homography,
R,CLAMP,CLAMP,0
L,3,3307,DETECTION,src/tracking/advanced_tracker.py:_activate_slot,3307_185_694_443_823
R,CLAMP,CLAMP,0
L,6,3307,DETECTION,src/tracking/advanced_tracker.py:_activate_slot,3307_113_383_322_492
R,CLAMP,CLAMP,0
L,7,3307,DETECTION,src/tracking/advanced_tracker.py:_activate_slot,3307_183_576_488_729
R,CLAMP,CLAMP,0
L,8,3307,DETECTION,src/tracking/advanced_tracker.py:_activate_slot,3307_508_926_674_1120
R,CLAMP,CLAMP,0
L,9,3307,DETECTION,src/tracking/advanced_tracker.py:_activate_slot,3307_421_789_656_996
R,CLAMP,CLAMP,0
A,3307
S,0,3313,DETECTION,src/tracking/advanced_tracker.py:_activate_slot,3313_144_1052_379_1196
S,2,3313,DETECTION,src/tracking/advanced_tracker.py:_activate_slot,3313_184_576_487_730
S,3,3313,DETECTION,src/tracking/advanced_tracker.py:_activate_slot,3313_183_693_440_826
S,6,3313,DETECTION,src/tracking/advanced_tracker.py:_activate_slot,3313_114_380_321_490
S,8,3313,DETECTION,src/tracking/advanced_tracker.py:_activate_slot,3313_508_925_674_1119
S,9,3313,DETECTION,src/tracking/advanced_tracker.py:_activate_slot,3313_421_789_632_941
S,5,3313,DETECTION,src/tracking/advanced_tracker.py:_activate_slot,3313_339_911_552_1073
S,1,3313,PREDICTION,src/tracking/advanced_tracker.py:kalman_homography,
S,7,3313,PREDICTION,src/tracking/advanced_tracker.py:kalman_homography,
S,4,3313,PREDICTION,src/tracking/advanced_tracker.py:flow_gapfill_batched,
D,4,3313
S,0,3313,PREDICTION,src/tracking/advanced_tracker.py:id_merge,
L,0,3313,PREDICTION,src/tracking/advanced_tracker.py:id_merge,
R,CLAMP,CLAMP,0
L,1,3313,PREDICTION,src/tracking/advanced_tracker.py:kalman_homography,
R,CLAMP,CLAMP,0
L,2,3313,DETECTION,src/tracking/advanced_tracker.py:_activate_slot,3313_184_576_487_730
R,CLAMP,CLAMP,0
L,3,3313,DETECTION,src/tracking/advanced_tracker.py:_activate_slot,3313_183_693_440_826
R,CLAMP,CLAMP,0
L,5,3313,DETECTION,src/tracking/advanced_tracker.py:_activate_slot,3313_339_911_552_1073
R,CLAMP,CLAMP,0
L,6,3313,DETECTION,src/tracking/advanced_tracker.py:_activate_slot,3313_114_380_321_490
R,CLAMP,CLAMP,0
L,7,3313,PREDICTION,src/tracking/advanced_tracker.py:kalman_homography,
R,CLAMP,CLAMP,0
L,8,3313,DETECTION,src/tracking/advanced_tracker.py:_activate_slot,3313_508_925_674_1119
R,CLAMP,CLAMP,0
L,9,3313,DETECTION,src/tracking/advanced_tracker.py:_activate_slot,3313_421_789_632_941
R,CLAMP,CLAMP,0
A,3313
S,0,3319,DETECTION,src/tracking/advanced_tracker.py:_activate_slot,3319_144_1052_379_1196
S,2,3319,DETECTION,src/tracking/advanced_tracker.py:_activate_slot,3319_134_1171_387_1277
S,3,3319,DETECTION,src/tracking/advanced_tracker.py:_activate_slot,3319_184_693_440_826
S,6,3319,DETECTION,src/tracking/advanced_tracker.py:_activate_slot,3319_114_380_321_490
S,7,3319,DETECTION,src/tracking/advanced_tracker.py:_activate_slot,3319_180_576_485_730
S,8,3319,DETECTION,src/tracking/advanced_tracker.py:_activate_slot,3319_508_924_674_1120
S,5,3319,DETECTION,src/tracking/advanced_tracker.py:_activate_slot,3319_339_910_552_1072
S,1,3319,PREDICTION,src/tracking/advanced_tracker.py:flow_gapfill_batched,
S,4,3319,PREDICTION,src/tracking/advanced_tracker.py:flow_gapfill_batched,
S,9,3319,PREDICTION,src/tracking/advanced_tracker.py:flow_gapfill_batched,
D,0,3319
S,2,3319,PREDICTION,src/tracking/advanced_tracker.py:id_merge,
D,4,3319
S,2,3319,PREDICTION,src/tracking/advanced_tracker.py:id_merge,
L,1,3319,PREDICTION,src/tracking/advanced_tracker.py:flow_gapfill_batched,
R,CLAMP,CLAMP,0
L,2,3319,PREDICTION,src/tracking/advanced_tracker.py:id_merge,
R,CLAMP,CLAMP,0
L,3,3319,DETECTION,src/tracking/advanced_tracker.py:_activate_slot,3319_184_693_440_826
R,CLAMP,CLAMP,0
L,5,3319,DETECTION,src/tracking/advanced_tracker.py:_activate_slot,3319_339_910_552_1072
R,CLAMP,CLAMP,0
L,6,3319,DETECTION,src/tracking/advanced_tracker.py:_activate_slot,3319_114_380_321_490
R,CLAMP,CLAMP,0
L,7,3319,DETECTION,src/tracking/advanced_tracker.py:_activate_slot,3319_180_576_485_730
R,CLAMP,CLAMP,0
L,8,3319,DETECTION,src/tracking/advanced_tracker.py:_activate_slot,3319_508_924_674_1120
R,CLAMP,CLAMP,0
L,9,3319,PREDICTION,src/tracking/advanced_tracker.py:flow_gapfill_batched,
R,CLAMP,CLAMP,0
A,3319
S,0,3325,DETECTION,src/tracking/advanced_tracker.py:_activate_slot,3325_146_1052_379_1194
S,3,3325,DETECTION,src/tracking/advanced_tracker.py:_activate_slot,3325_182_693_438_821
S,6,3325,DETECTION,src/tracking/advanced_tracker.py:_activate_slot,3325_115_370_320_483
S,8,3325,DETECTION,src/tracking/advanced_tracker.py:_activate_slot,3325_508_924_674_1118
S,5,3325,DETECTION,src/tracking/advanced_tracker.py:_activate_slot,3325_339_909_552_1072
S,7,3325,PREDICTION,src/tracking/advanced_tracker.py:kalman_homography,
S,1,3325,PREDICTION,src/tracking/advanced_tracker.py:flow_gapfill_batched,
S,2,3325,PREDICTION,src/tracking/advanced_tracker.py:flow_gapfill_batched,
S,4,3325,PREDICTION,src/tracking/advanced_tracker.py:flow_gapfill_batched,
S,9,3325,PREDICTION,src/tracking/advanced_tracker.py:flow_gapfill_batched,
D,2,3325
S,0,3325,PREDICTION,src/tracking/advanced_tracker.py:id_merge,
D,4,3325
S,0,3325,PREDICTION,src/tracking/advanced_tracker.py:id_merge,
L,0,3325,PREDICTION,src/tracking/advanced_tracker.py:id_merge,
R,CLAMP,CLAMP,0
L,1,3325,PREDICTION,src/tracking/advanced_tracker.py:flow_gapfill_batched,
R,CLAMP,CLAMP,0
L,3,3325,DETECTION,src/tracking/advanced_tracker.py:_activate_slot,3325_182_693_438_821
R,CLAMP,CLAMP,0
L,5,3325,DETECTION,src/tracking/advanced_tracker.py:_activate_slot,3325_339_909_552_1072
R,CLAMP,CLAMP,0
L,6,3325,DETECTION,src/tracking/advanced_tracker.py:_activate_slot,3325_115_370_320_483
R,CLAMP,CLAMP,0
L,7,3325,PREDICTION,src/tracking/advanced_tracker.py:kalman_homography,
R,CLAMP,CLAMP,0
L,8,3325,DETECTION,src/tracking/advanced_tracker.py:_activate_slot,3325_508_924_674_1118
R,CLAMP,CLAMP,0
L,9,3325,PREDICTION,src/tracking/advanced_tracker.py:flow_gapfill_batched,
R,CLAMP,CLAMP,0
A,3325
S,0,3331,DETECTION,src/tracking/advanced_tracker.py:_activate_slot,3331_147_1053_377_1191
S,3,3331,DETECTION,src/tracking/advanced_tracker.py:_activate_slot,3331_183_692_437_821
S,6,3331,DETECTION,src/tracking/advanced_tracker.py:_activate_slot,3331_113_366_321_477
S,8,3331,DETECTION,src/tracking/advanced_tracker.py:_activate_slot,3331_510_924_674_1116
S,5,3331,DETECTION,src/tracking/advanced_tracker.py:_activate_slot,3331_340_909_556_1071
S,9,3331,DETECTION,src/tracking/advanced_tracker.py:_activate_slot,3331_451_599_636_766
S,7,3331,PREDICTION,src/tracking/advanced_tracker.py:kalman_homography,
S,1,3331,PREDICTION,src/tracking/advanced_tracker.py:flow_gapfill_batched,
S,2,3331,PREDICTION,src/tracking/advanced_tracker.py:flow_gapfill_batched,
S,4,3331,PREDICTION,src/tracking/advanced_tracker.py:flow_gapfill_batched,
D,2,3331
S,0,3331,PREDICTION,src/tracking/advanced_tracker.py:id_merge,
D,4,3331
S,0,3331,PREDICTION,src/tracking/advanced_tracker.py:id_merge,
L,0,3331,PREDICTION,src/tracking/advanced_tracker.py:id_merge,
R,CLAMP,CLAMP,0
L,1,3331,PREDICTION,src/tracking/advanced_tracker.py:flow_gapfill_batched,
R,CLAMP,CLAMP,0
L,3,3331,DETECTION,src/tracking/advanced_tracker.py:_activate_slot,3331_183_692_437_821
R,CLAMP,CLAMP,0
L,5,3331,DETECTION,src/tracking/advanced_tracker.py:_activate_slot,3331_340_909_556_1071
R,CLAMP,CLAMP,0
L,6,3331,DETECTION,src/tracking/advanced_tracker.py:_activate_slot,3331_113_366_321_477
R,CLAMP,CLAMP,0
L,7,3331,PREDICTION,src/tracking/advanced_tracker.py:kalman_homography,
R,CLAMP,CLAMP,0
L,8,3331,DETECTION,src/tracking/advanced_tracker.py:_activate_slot,3331_510_924_674_1116
R,CLAMP,CLAMP,0
L,9,3331,DETECTION,src/tracking/advanced_tracker.py:_activate_slot,3331_451_599_636_766
R,CLAMP,CLAMP,0
A,3331
S,0,3337,DETECTION,src/tracking/advanced_tracker.py:_activate_slot,3337_148_1054_381_1188
S,3,3337,DETECTION,src/tracking/advanced_tracker.py:_activate_slot,3337_182_691_433_816
S,5,3337,DETECTION,src/tracking/advanced_tracker.py:_activate_slot,3337_421_785_660_993
S,6,3337,DETECTION,src/tracking/advanced_tracker.py:_activate_slot,3337_112_359_321_473
S,8,3337,DETECTION,src/tracking/advanced_tracker.py:_activate_slot,3337_510_924_674_1118
S,7,3337,PREDICTION,src/tracking/advanced_tracker.py:kalman_homography,
S,9,3337,PREDICTION,src/tracking/advanced_tracker.py:kalman_homography,
S,1,3337,PREDICTION,src/tracking/advanced_tracker.py:flow_gapfill_batched,
S,2,3337,PREDICTION,src/tracking/advanced_tracker.py:flow_gapfill_batched,
S,4,3337,PREDICTION,src/tracking/advanced_tracker.py:flow_gapfill_batched,
D,2,3337
S,0,3337,PREDICTION,src/tracking/advanced_tracker.py:id_merge,
D,4,3337
S,0,3337,PREDICTION,src/tracking/advanced_tracker.py:id_merge,
L,0,3337,PREDICTION,src/tracking/advanced_tracker.py:id_merge,
R,CLAMP,CLAMP,0
L,1,3337,PREDICTION,src/tracking/advanced_tracker.py:flow_gapfill_batched,
R,CLAMP,CLAMP,0
L,3,3337,DETECTION,src/tracking/advanced_tracker.py:_activate_slot,3337_182_691_433_816
R,CLAMP,CLAMP,0
L,5,3337,DETECTION,src/tracking/advanced_tracker.py:_activate_slot,3337_421_785_660_993
R,CLAMP,CLAMP,0
L,6,3337,DETECTION,src/tracking/advanced_tracker.py:_activate_slot,3337_112_359_321_473
R,CLAMP,CLAMP,0
L,7,3337,PREDICTION,src/tracking/advanced_tracker.py:kalman_homography,
R,CLAMP,CLAMP,0
L,8,3337,DETECTION,src/tracking/advanced_tracker.py:_activate_slot,3337_510_924_674_1118
R,CLAMP,CLAMP,0
L,9,3337,PREDICTION,src/tracking/advanced_tracker.py:kalman_homography,
R,CLAMP,CLAMP,0
A,3337
S,0,3343,DETECTION,src/tracking/advanced_tracker.py:_activate_slot,3343_191_574_504_727
S,3,3343,DETECTION,src/tracking/advanced_tracker.py:_activate_slot,3343_182_692_434_812
S,6,3343,DETECTION,src/tracking/advanced_tracker.py:_activate_slot,3343_111_351_321_470
S,7,3343,DETECTION,src/tracking/advanced_tracker.py:_activate_slot,3343_146_1055_381_1185
S,8,3343,DETECTION,src/tracking/advanced_tracker.py:_activate_slot,3343_509_923_673_1111
S,9,3343,PREDICTION,src/tracking/advanced_tracker.py:kalman_homography,
S,1,3343,PREDICTION,src/tracking/advanced_tracker.py:flow_gapfill_batched,
S,2,3343,PREDICTION,src/tracking/advanced_tracker.py:flow_gapfill_batched,
S,4,3343,PREDICTION,src/tracking/advanced_tracker.py:flow_gapfill_batched,
S,5,3343,PREDICTION,src/tracking/advanced_tracker.py:flow_gapfill_batched,
D,1,3343
S,0,3343,PREDICTION,src/tracking/advanced_tracker.py:id_merge,
D,4,3343
S,2,3343,PREDICTION,src/tracking/advanced_tracker.py:id_merge,
L,0,3343,PREDICTION,src/tracking/advanced_tracker.py:id_merge,
R,CLAMP,CLAMP,0
L,2,3343,PREDICTION,src/tracking/advanced_tracker.py:id_merge,
R,CLAMP,CLAMP,0
L,3,3343,DETECTION,src/tracking/advanced_tracker.py:_activate_slot,3343_182_692_434_812
R,CLAMP,CLAMP,0
L,5,3343,PREDICTION,src/tracking/advanced_tracker.py:flow_gapfill_batched,
R,CLAMP,CLAMP,0
L,6,3343,DETECTION,src/tracking/advanced_tracker.py:_activate_slot,3343_111_351_321_470
R,CLAMP,CLAMP,0
L,7,3343,DETECTION,src/tracking/advanced_tracker.py:_activate_slot,3343_146_1055_381_1185
R,CLAMP,CLAMP,0
L,8,3343,DETECTION,src/tracking/advanced_tracker.py:_activate_slot,3343_509_923_673_1111
R,CLAMP,CLAMP,0
L,9,3343,PREDICTION,src/tracking/advanced_tracker.py:kalman_homography,
R,CLAMP,CLAMP,0
A,3343
S,3,3349,DETECTION,src/tracking/advanced_tracker.py:_activate_slot,3349_183_692_434_812
S,6,3349,DETECTION,src/tracking/advanced_tracker.py:_activate_slot,3349_114_348_320_466
S,8,3349,DETECTION,src/tracking/advanced_tracker.py:_activate_slot,3349_205_777_525_931
S,0,3349,PREDICTION,src/tracking/advanced_tracker.py:kalman_homography,
S,7,3349,PREDICTION,src/tracking/advanced_tracker.py:kalman_homography,
S,2,3349,PREDICTION,src/tracking/advanced_tracker.py:flow_gapfill_batched,
S,5,3349,PREDICTION,src/tracking/advanced_tracker.py:flow_gapfill_batched,
S,9,3349,PREDICTION,src/tracking/advanced_tracker.py:flow_gapfill_batched,
L,0,3349,PREDICTION,src/tracking/advanced_tracker.py:kalman_homography,
R,CLAMP,CLAMP,0
L,2,3349,PREDICTION,src/tracking/advanced_tracker.py:flow_gapfill_batched,
R,CLAMP,CLAMP,0
L,3,3349,DETECTION,src/tracking/advanced_tracker.py:_activate_slot,3349_183_692_434_812
R,CLAMP,CLAMP,0
L,5,3349,PREDICTION,src/tracking/advanced_tracker.py:flow_gapfill_batched,
R,CLAMP,CLAMP,0
L,6,3349,DETECTION,src/tracking/advanced_tracker.py:_activate_slot,3349_114_348_320_466
R,CLAMP,CLAMP,0
L,7,3349,PREDICTION,src/tracking/advanced_tracker.py:kalman_homography,
R,CLAMP,CLAMP,0
L,8,3349,DETECTION,src/tracking/advanced_tracker.py:_activate_slot,3349_205_777_525_931
R,CLAMP,CLAMP,0
L,9,3349,PREDICTION,src/tracking/advanced_tracker.py:flow_gapfill_batched,
R,CLAMP,CLAMP,0
A,3349
S,3,3355,DETECTION,src/tracking/advanced_tracker.py:_activate_slot,3355_186_693_438_816
S,6,3355,DETECTION,src/tracking/advanced_tracker.py:_activate_slot,3355_112_346_321_461
S,7,3355,DETECTION,src/tracking/advanced_tracker.py:_activate_slot,3355_147_1053_381_1183
S,8,3355,DETECTION,src/tracking/advanced_tracker.py:_activate_slot,3355_205_775_517_920
S,0,3355,PREDICTION,src/tracking/advanced_tracker.py:flow_gapfill_batched,
S,2,3355,PREDICTION,src/tracking/advanced_tracker.py:flow_gapfill_batched,
S,5,3355,PREDICTION,src/tracking/advanced_tracker.py:flow_gapfill_batched,
S,9,3355,PREDICTION,src/tracking/advanced_tracker.py:flow_gapfill_batched,
L,0,3355,PREDICTION,src/tracking/advanced_tracker.py:flow_gapfill_batched,
R,CLAMP,CLAMP,0
L,2,3355,PREDICTION,src/tracking/advanced_tracker.py:flow_gapfill_batched,
R,CLAMP,CLAMP,0
L,3,3355,DETECTION,src/tracking/advanced_tracker.py:_activate_slot,3355_186_693_438_816
R,CLAMP,CLAMP,0
L,5,3355,PREDICTION,src/tracking/advanced_tracker.py:flow_gapfill_batched,
R,CLAMP,CLAMP,0
L,6,3355,DETECTION,src/tracking/advanced_tracker.py:_activate_slot,3355_112_346_321_461
R,CLAMP,CLAMP,0
L,7,3355,DETECTION,src/tracking/advanced_tracker.py:_activate_slot,3355_147_1053_381_1183
R,CLAMP,CLAMP,0
L,8,3355,DETECTION,src/tracking/advanced_tracker.py:_activate_slot,3355_205_775_517_920
R,CLAMP,CLAMP,0
L,9,3355,PREDICTION,src/tracking/advanced_tracker.py:flow_gapfill_batched,
R,CLAMP,CLAMP,0
A,3355
S,3,3361,DETECTION,src/tracking/advanced_tracker.py:_activate_slot,3361_186_693_436_815
S,6,3361,DETECTION,src/tracking/advanced_tracker.py:_activate_slot,3361_112_346_321_461
S,7,3361,PREDICTION,src/tracking/advanced_tracker.py:kalman_homography,
S,8,3361,PREDICTION,src/tracking/advanced_tracker.py:kalman_homography,
S,0,3361,PREDICTION,src/tracking/advanced_tracker.py:flow_gapfill_batched,
S,2,3361,PREDICTION,src/tracking/advanced_tracker.py:flow_gapfill_batched,
S,5,3361,PREDICTION,src/tracking/advanced_tracker.py:flow_gapfill_batched,
L,0,3361,PREDICTION,src/tracking/advanced_tracker.py:flow_gapfill_batched,
R,CLAMP,CLAMP,0
L,2,3361,PREDICTION,src/tracking/advanced_tracker.py:flow_gapfill_batched,
R,CLAMP,CLAMP,0
L,3,3361,DETECTION,src/tracking/advanced_tracker.py:_activate_slot,3361_186_693_436_815
R,CLAMP,CLAMP,0
L,5,3361,PREDICTION,src/tracking/advanced_tracker.py:flow_gapfill_batched,
R,CLAMP,CLAMP,0
L,6,3361,DETECTION,src/tracking/advanced_tracker.py:_activate_slot,3361_112_346_321_461
R,CLAMP,CLAMP,0
L,7,3361,PREDICTION,src/tracking/advanced_tracker.py:kalman_homography,
R,CLAMP,CLAMP,0
L,8,3361,PREDICTION,src/tracking/advanced_tracker.py:kalman_homography,
R,CLAMP,CLAMP,0
A,3361
S,3,3367,DETECTION,src/tracking/advanced_tracker.py:_activate_slot,3367_186_693_434_815
S,6,3367,DETECTION,src/tracking/advanced_tracker.py:_activate_slot,3367_111_338_322_457
S,7,3367,PREDICTION,src/tracking/advanced_tracker.py:kalman_homography,
S,8,3367,PREDICTION,src/tracking/advanced_tracker.py:kalman_homography,
S,0,3367,PREDICTION,src/tracking/advanced_tracker.py:flow_gapfill_batched,
S,2,3367,PREDICTION,src/tracking/advanced_tracker.py:flow_gapfill_batched,
S,5,3367,PREDICTION,src/tracking/advanced_tracker.py:flow_gapfill_batched,
L,0,3367,PREDICTION,src/tracking/advanced_tracker.py:flow_gapfill_batched,
R,CLAMP,CLAMP,0
L,2,3367,PREDICTION,src/tracking/advanced_tracker.py:flow_gapfill_batched,
R,CLAMP,CLAMP,0
L,3,3367,DETECTION,src/tracking/advanced_tracker.py:_activate_slot,3367_186_693_434_815
R,CLAMP,CLAMP,0
L,5,3367,PREDICTION,src/tracking/advanced_tracker.py:flow_gapfill_batched,
R,CLAMP,CLAMP,0
L,6,3367,DETECTION,src/tracking/advanced_tracker.py:_activate_slot,3367_111_338_322_457
R,CLAMP,CLAMP,0
L,7,3367,PREDICTION,src/tracking/advanced_tracker.py:kalman_homography,
R,CLAMP,CLAMP,0
L,8,3367,PREDICTION,src/tracking/advanced_tracker.py:kalman_homography,
R,CLAMP,CLAMP,0
A,3367
S,3,3373,DETECTION,src/tracking/advanced_tracker.py:_activate_slot,3373_187_694_433_813
S,6,3373,DETECTION,src/tracking/advanced_tracker.py:_activate_slot,3373_104_335_322_453
S,7,3373,PREDICTION,src/tracking/advanced_tracker.py:kalman_homography,
S,8,3373,PREDICTION,src/tracking/advanced_tracker.py:kalman_homography,
S,0,3373,PREDICTION,src/tracking/advanced_tracker.py:flow_gapfill_batched,
S,5,3373,PREDICTION,src/tracking/advanced_tracker.py:flow_gapfill_batched,
L,0,3373,PREDICTION,src/tracking/advanced_tracker.py:flow_gapfill_batched,
R,CLAMP,CLAMP,0
L,3,3373,DETECTION,src/tracking/advanced_tracker.py:_activate_slot,3373_187_694_433_813
R,CLAMP,CLAMP,0
L,5,3373,PREDICTION,src/tracking/advanced_tracker.py:flow_gapfill_batched,
R,CLAMP,CLAMP,0
L,6,3373,DETECTION,src/tracking/advanced_tracker.py:_activate_slot,3373_104_335_322_453
R,CLAMP,CLAMP,0
L,7,3373,PREDICTION,src/tracking/advanced_tracker.py:kalman_homography,
R,CLAMP,CLAMP,0
L,8,3373,PREDICTION,src/tracking/advanced_tracker.py:kalman_homography,
R,CLAMP,CLAMP,0
A,3373
S,3,3379,DETECTION,src/tracking/advanced_tracker.py:_activate_slot,3379_188_694_436_815
S,6,3379,DETECTION,src/tracking/advanced_tracker.py:_activate_slot,3379_201_775_522_905
S,8,3379,PREDICTION,src/tracking/advanced_tracker.py:kalman_homography,
S,0,3379,PREDICTION,src/tracking/advanced_tracker.py:flow_gapfill_batched,
S,5,3379,PREDICTION,src/tracking/advanced_tracker.py:flow_gapfill_batched,
S,7,3379,PREDICTION,src/tracking/advanced_tracker.py:flow_gapfill_batched,
L,0,3379,PREDICTION,src/tracking/advanced_tracker.py:flow_gapfill_batched,
R,CLAMP,CLAMP,0
L,3,3379,DETECTION,src/tracking/advanced_tracker.py:_activate_slot,3379_188_694_436_815
R,CLAMP,CLAMP,0
L,5,3379,PREDICTION,src/tracking/advanced_tracker.py:flow_gapfill_batched,
R,CLAMP,CLAMP,0
L,6,3379,DETECTION,src/tracking/advanced_tracker.py:_activate_slot,3379_201_775_522_905
R,CLAMP,CLAMP,0
L,7,3379,PREDICTION,src/tracking/advanced_tracker.py:flow_gapfill_batched,
R,CLAMP,CLAMP,0
L,8,3379,PREDICTION,src/tracking/advanced_tracker.py:kalman_homography,
R,CLAMP,CLAMP,0
A,3379
