S,0,5893,DETECTION,src/tracking/advanced_tracker.py:_activate_slot,5893_238_473_400_572
S,1,5893,DETECTION,src/tracking/advanced_tracker.py:_activate_slot,5893_314_970_489_1063
S,2,5893,DETECTION,src/tracking/advanced_tracker.py:_activate_slot,5893_201_185_362_268
S,3,5893,DETECTION,src/tracking/advanced_tracker.py:_activate_slot,5893_161_529_314_607
S,4,5893,DETECTION,src/tracking/advanced_tracker.py:_activate_slot,5893_250_853_411_960
D,0,5893
S,2,5893,PREDICTION,src/tracking/advanced_tracker.py:id_merge,
D,1,5893
S,4,5893,PREDICTION,src/tracking/advanced_tracker.py:id_merge,
L,2,5893,PREDICTION,src/tracking/advanced_tracker.py:id_merge,
R,PREDICTION,PREDICTION,1
L,3,5893,DETECTION,src/tracking/advanced_tracker.py:_activate_slot,5893_161_529_314_607
R,DETECTION,DETECTION,1
L,4,5893,PREDICTION,src/tracking/advanced_tracker.py:id_merge,
R,PREDICTION,PREDICTION,1
A,5893
S,0,5899,DETECTION,src/tracking/advanced_tracker.py:_activate_slot,5899_246_472_407_571
S,1,5899,DETECTION,src/tracking/advanced_tracker.py:_activate_slot,5899_323_948_482_1058
S,2,5899,DETECTION,src/tracking/advanced_tracker.py:_activate_slot,5899_202_183_350_269
S,3,5899,DETECTION,src/tracking/advanced_tracker.py:_activate_slot,5899_159_515_311_601
S,4,5899,DETECTION,src/tracking/advanced_tracker.py:_activate_slot,5899_249_852_412_954
D,0,5899
S,2,5899,PREDICTION,src/tracking/advanced_tracker.py:id_merge,
D,1,5899
S,4,5899,PREDICTION,src/tracking/advanced_tracker.py:id_merge,
D,3,5899
S,4,5899,PREDICTION,src/tracking/advanced_tracker.py:id_merge,
L,2,5899,PREDICTION,src/tracking/advanced_tracker.py:id_merge,
R,PREDICTION,PREDICTION,1
L,4,5899,PREDICTION,src/tracking/advanced_tracker.py:id_merge,
R,PREDICTION,PREDICTION,1
A,5899
S,0,5905,DETECTION,src/tracking/advanced_tracker.py:_activate_slot,5905_250_482_406_568
S,1,5905,DETECTION,src/tracking/advanced_tracker.py:_activate_slot,5905_333_928_482_1051
S,2,5905,DETECTION,src/tracking/advanced_tracker.py:_activate_slot,5905_198_190_350_264
S,3,5905,DETECTION,src/tracking/advanced_tracker.py:_activate_slot,5905_161_504_314_596
S,4,5905,DETECTION,src/tracking/advanced_tracker.py:_activate_slot,5905_252_849_413_953
S,5,5905,DETECTION,src/tracking/advanced_tracker.py:_activate_slot,5905_162_626_327_711
S,6,5905,DETECTION,src/tracking/advanced_tracker.py:_activate_slot,5905_70_365_171_419
D,0,5905
S,2,5905,PREDICTION,src/tracking/advanced_tracker.py:id_merge,
D,1,5905
S,4,5905,PREDICTION,src/tracking/advanced_tracker.py:id_merge,
D,5,5905
S,6,5905,PREDICTION,src/tracking/advanced_tracker.py:id_merge,
L,2,5905,PREDICTION,src/tracking/advanced_tracker.py:id_merge,
R,PREDICTION,PREDICTION,1
L,3,5905,DETECTION,src/tracking/advanced_tracker.py:_activate_slot,5905_161_504_314_596
R,DETECTION,DETECTION,1
L,4,5905,PREDICTION,src/tracking/advanced_tracker.py:id_merge,
R,PREDICTION,PREDICTION,1
L,6,5905,PREDICTION,src/tracking/advanced_tracker.py:id_merge,
R,PREDICTION,PREDICTION,1
A,5905
S,0,5911,DETECTION,src/tracking/advanced_tracker.py:_activate_slot,5911_256_491_412_567
S,1,5911,DETECTION,src/tracking/advanced_tracker.py:_activate_slot,5911_338_909_483_1037
S,2,5911,DETECTION,src/tracking/advanced_tracker.py:_activate_slot,5911_197_194_352_263
S,3,5911,DETECTION,src/tracking/advanced_tracker.py:_activate_slot,5911_162_494_306_592
S,4,5911,DETECTION,src/tracking/advanced_tracker.py:_activate_slot,5911_255_844_411_948
S,5,5911,PREDICTION,src/tracking/advanced_tracker.py:kalman_homography,
S,6,5911,PREDICTION,src/tracking/advanced_tracker.py:kalman_homography,
D,0,5911
S,2,5911,PREDICTION,src/tracking/advanced_tracker.py:id_merge,
D,1,5911
S,4,5911,PREDICTION,src/tracking/advanced_tracker.py:id_merge,
D,3,5911
S,4,5911,PREDICTION,src/tracking/advanced_tracker.py:id_merge,
D,5,5911
S,6,5911,PREDICTION,src/tracking/advanced_tracker.py:id_merge,
L,2,5911,PREDICTION,src/tracking/advanced_tracker.py:id_merge,
R,PREDICTION,PREDICTION,1
L,4,5911,PREDICTION,src/tracking/advanced_tracker.py:id_merge,
R,PREDICTION,PREDICTION,1
L,6,5911,PREDICTION,src/tracking/advanced_tracker.py:id_merge,
R,PREDICTION,PREDICTION,1
A,5911
S,0,5917,DETECTION,src/tracking/advanced_tracker.py:_activate_slot,5917_262_485_420_580
S,1,5917,DETECTION,src/tracking/advanced_tracker.py:_activate_slot,5917_341_890_483_1006
S,2,5917,DETECTION,src/tracking/advanced_tracker.py:_activate_slot,5917_196_195_353_269
S,3,5917,DETECTION,src/tracking/advanced_tracker.py:_activate_slot,5917_163_490_303_590
S,4,5917,DETECTION,src/tracking/advanced_tracker.py:_activate_slot,5917_254_838_413_946
S,5,5917,PREDICTION,src/tracking/advanced_tracker.py:kalman_homography,
S,6,5917,PREDICTION,src/tracking/advanced_tracker.py:kalman_homography,
D,0,5917
S,2,5917,PREDICTION,src/tracking/advanced_tracker.py:id_merge,
D,3,5917
S,4,5917,PREDICTION,src/tracking/advanced_tracker.py:id_merge,
D,5,5917
S,6,5917,PREDICTION,src/tracking/advanced_tracker.py:id_merge,
L,1,5917,DETECTION,src/tracking/advanced_tracker.py:_activate_slot,5917_341_890_483_1006
R,DETECTION,DETECTION,1
L,2,5917,PREDICTION,src/tracking/advanced_tracker.py:id_merge,
R,PREDICTION,PREDICTION,1
L,4,5917,PREDICTION,src/tracking/advanced_tracker.py:id_merge,
R,PREDICTION,PREDICTION,1
L,6,5917,PREDICTION,src/tracking/advanced_tracker.py:id_merge,
R,PREDICTION,SUBPIXEL,0
A,5917
S,0,5923,DETECTION,src/tracking/advanced_tracker.py:_activate_slot,5923_270_477_425_605
S,1,5923,DETECTION,src/tracking/advanced_tracker.py:_activate_slot,5923_346_863_485_954
S,2,5923,DETECTION,src/tracking/advanced_tracker.py:_activate_slot,5923_196_192_354_281
S,3,5923,DETECTION,src/tracking/advanced_tracker.py:_activate_slot,5923_160_486_307_585
S,4,5923,DETECTION,src/tracking/advanced_tracker.py:_activate_slot,5923_331_411_482_503
S,5,5923,DETECTION,src/tracking/advanced_tracker.py:_activate_slot,5923_178_614_330_692
S,6,5923,DETECTION,src/tracking/advanced_tracker.py:_activate_slot,5923_45_349_173_419
S,7,5923,DETECTION,src/tracking/advanced_tracker.py:_activate_slot,5923_254_832_405_936
D,0,5923
S,2,5923,PREDICTION,src/tracking/advanced_tracker.py:id_merge,
D,5,5923
S,6,5923,PREDICTION,src/tracking/advanced_tracker.py:id_merge,
D,6,5923
S,7,5923,PREDICTION,src/tracking/advanced_tracker.py:id_merge,
L,1,5923,DETECTION,src/tracking/advanced_tracker.py:_activate_slot,5923_346_863_485_954
R,DETECTION,DETECTION,1
L,2,5923,PREDICTION,src/tracking/advanced_tracker.py:id_merge,
R,PREDICTION,SUBPIXEL,0
L,3,5923,DETECTION,src/tracking/advanced_tracker.py:_activate_slot,5923_160_486_307_585
R,DETECTION,DETECTION,1
L,4,5923,DETECTION,src/tracking/advanced_tracker.py:_activate_slot,5923_331_411_482_503
R,CLAMP,CLAMP,0
L,7,5923,PREDICTION,src/tracking/advanced_tracker.py:id_merge,
R,PREDICTION,PREDICTION,1
A,5923
S,0,5929,DETECTION,src/tracking/advanced_tracker.py:_activate_slot,5929_286_497_432_612
S,1,5929,DETECTION,src/tracking/advanced_tracker.py:_activate_slot,5929_330_825_487_946
S,2,5929,DETECTION,src/tracking/advanced_tracker.py:_activate_slot,5929_197_185_355_285
S,3,5929,DETECTION,src/tracking/advanced_tracker.py:_activate_slot,5929_261_834_401_933
S,4,5929,DETECTION,src/tracking/advanced_tracker.py:_activate_slot,5929_329_411_487_537
S,5,5929,DETECTION,src/tracking/advanced_tracker.py:_activate_slot,5929_181_608_342_688
S,6,5929,PREDICTION,src/tracking/advanced_tracker.py:kalman_homography,
S,7,5929,PREDICTION,src/tracking/advanced_tracker.py:kalman_homography,
D,0,5929
S,2,5929,PREDICTION,src/tracking/advanced_tracker.py:id_merge,
D,6,5929
S,5,5929,PREDICTION,src/tracking/advanced_tracker.py:id_merge,
D,7,5929
S,5,5929,PREDICTION,src/tracking/advanced_tracker.py:id_merge,
L,1,5929,DETECTION,src/tracking/advanced_tracker.py:_activate_slot,5929_330_825_487_946
R,DETECTION,DETECTION,1
L,2,5929,PREDICTION,src/tracking/advanced_tracker.py:id_merge,
R,PREDICTION,PREDICTION,1
L,3,5929,DETECTION,src/tracking/advanced_tracker.py:_activate_slot,5929_261_834_401_933
R,DETECTION,DETECTION,1
L,4,5929,DETECTION,src/tracking/advanced_tracker.py:_activate_slot,5929_329_411_487_537
R,CLAMP,CLAMP,0
L,5,5929,PREDICTION,src/tracking/advanced_tracker.py:id_merge,
R,PREDICTION,PREDICTION,1
A,5929
S,0,5935,DETECTION,src/tracking/advanced_tracker.py:_activate_slot,5935_289_515_435_631
S,1,5935,DETECTION,src/tracking/advanced_tracker.py:_activate_slot,5935_335_785_488_920
S,2,5935,DETECTION,src/tracking/advanced_tracker.py:_activate_slot,5935_197_184_357_281
S,3,5935,DETECTION,src/tracking/advanced_tracker.py:_activate_slot,5935_274_826_404_924
S,4,5935,DETECTION,src/tracking/advanced_tracker.py:_activate_slot,5935_334_424_489_559
S,5,5935,DETECTION,src/tracking/advanced_tracker.py:_activate_slot,5935_190_603_359_682
S,6,5935,PREDICTION,src/tracking/advanced_tracker.py:kalman_homography,
S,7,5935,PREDICTION,src/tracking/advanced_tracker.py:kalman_homography,
D,0,5935
S,1,5935,PREDICTION,src/tracking/advanced_tracker.py:id_merge,
D,6,5935
S,5,5935,PREDICTION,src/tracking/advanced_tracker.py:id_merge,
D,7,5935
S,5,5935,PREDICTION,src/tracking/advanced_tracker.py:id_merge,
L,1,5935,PREDICTION,src/tracking/advanced_tracker.py:id_merge,
R,PREDICTION,PREDICTION,1
L,2,5935,DETECTION,src/tracking/advanced_tracker.py:_activate_slot,5935_197_184_357_281
R,DETECTION,DETECTION,1
L,3,5935,DETECTION,src/tracking/advanced_tracker.py:_activate_slot,5935_274_826_404_924
R,DETECTION,DETECTION,1
L,4,5935,DETECTION,src/tracking/advanced_tracker.py:_activate_slot,5935_334_424_489_559
R,CLAMP,CLAMP,0
L,5,5935,PREDICTION,src/tracking/advanced_tracker.py:id_merge,
R,PREDICTION,PREDICTION,1
A,5935
S,0,5941,DETECTION,src/tracking/advanced_tracker.py:_activate_slot,5941_289_530_432_648
S,1,5941,DETECTION,src/tracking/advanced_tracker.py:_activate_slot,5941_337_758_493_872
S,2,5941,DETECTION,src/tracking/advanced_tracker.py:_activate_slot,5941_196_193_356_273
S,3,5941,DETECTION,src/tracking/advanced_tracker.py:_activate_slot,5941_277_808_408_918
S,4,5941,DETECTION,src/tracking/advanced_tracker.py:_activate_slot,5941_346_466_497_597
S,5,5941,DETECTION,src/tracking/advanced_tracker.py:_activate_slot,5941_198_597_358_679
S,6,5941,DETECTION,src/tracking/advanced_tracker.py:_activate_slot,5941_50_352_171_408
S,7,5941,PREDICTION,src/tracking/advanced_tracker.py:kalman_homography,
D,0,5941
S,1,5941,PREDICTION,src/tracking/advanced_tracker.py:id_merge,
D,1,5941
S,2,5941,PREDICTION,src/tracking/advanced_tracker.py:id_merge,
D,5,5941
S,6,5941,PREDICTION,src/tracking/advanced_tracker.py:id_merge,
D,7,5941
S,6,5941,PREDICTION,src/tracking/advanced_tracker.py:id_merge,
L,2,5941,PREDICTION,src/tracking/advanced_tracker.py:id_merge,
R,PREDICTION,PREDICTION,1
L,3,5941,DETECTION,src/tracking/advanced_tracker.py:_activate_slot,5941_277_808_408_918
R,DETECTION,DETECTION,1
L,4,5941,DETECTION,src/tracking/advanced_tracker.py:_activate_slot,5941_346_466_497_597
R,CLAMP,CLAMP,0
L,6,5941,PREDICTION,src/tracking/advanced_tracker.py:id_merge,
R,PREDICTION,PREDICTION,1
A,5941
S,0,5947,DETECTION,src/tracking/advanced_tracker.py:_activate_slot,5947_158_494_313_591
S,1,5947,DETECTION,src/tracking/advanced_tracker.py:_activate_slot,5947_339_722_495_820
S,2,5947,DETECTION,src/tracking/advanced_tracker.py:_activate_slot,5947_195_201_358_271
S,3,5947,DETECTION,src/tracking/advanced_tracker.py:_activate_slot,5947_278_795_415_907
S,4,5947,DETECTION,src/tracking/advanced_tracker.py:_activate_slot,5947_353_493_500_610
S,5,5947,DETECTION,src/tracking/advanced_tracker.py:_activate_slot,5947_204_594_356_677
S,7,5947,DETECTION,src/tracking/advanced_tracker.py:_activate_slot,5947_171_633_290_703
S,6,5947,PREDICTION,src/tracking/advanced_tracker.py:kalman_homography,
D,0,5947
S,3,5947,PREDICTION,src/tracking/advanced_tracker.py:id_merge,
D,1,5947
S,2,5947,PREDICTION,src/tracking/advanced_tracker.py:id_merge,
D,6,5947
S,5,5947,PREDICTION,src/tracking/advanced_tracker.py:id_merge,
D,5,5947
S,7,5947,PREDICTION,src/tracking/advanced_tracker.py:id_merge,
L,2,5947,PREDICTION,src/tracking/advanced_tracker.py:id_merge,
R,PREDICTION,PREDICTION,1
L,3,5947,PREDICTION,src/tracking/advanced_tracker.py:id_merge,
R,PREDICTION,PREDICTION,1
L,4,5947,DETECTION,src/tracking/advanced_tracker.py:_activate_slot,5947_353_493_500_610
R,CLAMP,CLAMP,0
L,7,5947,PREDICTION,src/tracking/advanced_tracker.py:id_merge,
R,PREDICTION,PREDICTION,1
A,5947
S,0,5953,DETECTION,src/tracking/advanced_tracker.py:_activate_slot,5953_153_506_313_593
S,1,5953,DETECTION,src/tracking/advanced_tracker.py:_activate_slot,5953_338_672_507_803
S,2,5953,DETECTION,src/tracking/advanced_tracker.py:_activate_slot,5953_195_203_359_275
S,3,5953,DETECTION,src/tracking/advanced_tracker.py:_activate_slot,5953_282_783_424_887
S,4,5953,DETECTION,src/tracking/advanced_tracker.py:_activate_slot,5953_344_505_502_649
S,5,5953,DETECTION,src/tracking/advanced_tracker.py:_activate_slot,5953_204_586_391_674
S,6,5953,DETECTION,src/tracking/advanced_tracker.py:_activate_slot,5953_56_342_172_410
S,8,5953,DETECTION,src/tracking/advanced_tracker.py:_activate_slot,5953_206_600_383_675
S,7,5953,PREDICTION,src/tracking/advanced_tracker.py:kalman_homography,
D,0,5953
S,3,5953,PREDICTION,src/tracking/advanced_tracker.py:id_merge,
D,1,5953
S,4,5953,PREDICTION,src/tracking/advanced_tracker.py:id_merge,
D,5,5953
S,8,5953,PREDICTION,src/tracking/advanced_tracker.py:id_merge,
D,7,5953
S,6,5953,PREDICTION,src/tracking/advanced_tracker.py:id_merge,
L,2,5953,DETECTION,src/tracking/advanced_tracker.py:_activate_slot,5953_195_203_359_275
R,DETECTION,SUBPIXEL,0
L,3,5953,PREDICTION,src/tracking/advanced_tracker.py:id_merge,
R,PREDICTION,PREDICTION,1
L,4,5953,PREDICTION,src/tracking/advanced_tracker.py:id_merge,
R,CLAMP,CLAMP,0
L,6,5953,PREDICTION,src/tracking/advanced_tracker.py:id_merge,
R,PREDICTION,PREDICTION,1
L,8,5953,PREDICTION,src/tracking/advanced_tracker.py:id_merge,
R,PREDICTION,PREDICTION,1
A,5953
S,0,5959,DETECTION,src/tracking/advanced_tracker.py:_activate_slot,5959_153_499_309_599
S,1,5959,DETECTION,src/tracking/advanced_tracker.py:_activate_slot,5959_341_634_516_770
S,2,5959,DETECTION,src/tracking/advanced_tracker.py:_activate_slot,5959_198_198_359_287
S,3,5959,DETECTION,src/tracking/advanced_tracker.py:_activate_slot,5959_281_776_446_880
S,4,5959,DETECTION,src/tracking/advanced_tracker.py:_activate_slot,5959_332_578_497_658
S,5,5959,DETECTION,src/tracking/advanced_tracker.py:_activate_slot,5959_211_576_372_672
S,6,5959,DETECTION,src/tracking/advanced_tracker.py:_activate_slot,5959_55_342_173_404
S,8,5959,DETECTION,src/tracking/advanced_tracker.py:_activate_slot,5959_177_628_343_697
S,7,5959,PREDICTION,src/tracking/advanced_tracker.py:kalman_homography,
D,0,5959
S,3,5959,PREDICTION,src/tracking/advanced_tracker.py:id_merge,
D,1,5959
S,4,5959,PREDICTION,src/tracking/advanced_tracker.py:id_merge,
D,5,5959
S,8,5959,PREDICTION,src/tracking/advanced_tracker.py:id_merge,
D,7,5959
S,6,5959,PREDICTION,src/tracking/advanced_tracker.py:id_merge,
D,6,5959
S,8,5959,PREDICTION,src/tracking/advanced_tracker.py:id_merge,
L,2,5959,DETECTION,src/tracking/advanced_tracker.py:_activate_slot,5959_198_198_359_287
R,DETECTION,DETECTION,1
L,3,5959,PREDICTION,src/tracking/advanced_tracker.py:id_merge,
R,PREDICTION,PREDICTION,1
L,4,5959,PREDICTION,src/tracking/advanced_tracker.py:id_merge,
R,CLAMP,CLAMP,0
L,8,5959,PREDICTION,src/tracking/advanced_tracker.py:id_merge,
R,PREDICTION,PREDICTION,1
A,5959
S,0,5965,DETECTION,src/tracking/advanced_tracker.py:_activate_slot,5965_155_495_315_611
S,1,5965,DETECTION,src/tracking/advanced_tracker.py:_activate_slot,5965_330_590_512_693
S,2,5965,DETECTION,src/tracking/advanced_tracker.py:_activate_slot,5965_287_771_460_883
S,3,5965,DETECTION,src/tracking/advanced_tracker.py:_activate_slot,5965_219_560_367_674
S,4,5965,DETECTION,src/tracking/advanced_tracker.py:_activate_slot,5965_199_193_361_286
S,8,5965,DETECTION,src/tracking/advanced_tracker.py:_activate_slot,5965_184_626_305_696
S,5,5965,DETECTION,src/tracking/advanced_tracker.py:_activate_slot,5965_218_592_361_670
S,6,5965,DETECTION,src/tracking/advanced_tracker.py:_activate_slot,5965_53_341_174_401
S,7,5965,PREDICTION,src/tracking/advanced_tracker.py:kalman_homography,
D,0,5965
S,2,5965,PREDICTION,src/tracking/advanced_tracker.py:id_merge,
D,2,5965
S,3,5965,PREDICTION,src/tracking/advanced_tracker.py:id_merge,
D,5,5965
S,6,5965,PREDICTION,src/tracking/advanced_tracker.py:id_merge,
D,7,5965
S,6,5965,PREDICTION,src/tracking/advanced_tracker.py:id_merge,
D,6,5965
S,8,5965,PREDICTION,src/tracking/advanced_tracker.py:id_merge,
L,1,5965,DETECTION,src/tracking/advanced_tracker.py:_activate_slot,5965_330_590_512_693
R,DETECTION,DETECTION,1
L,3,5965,PREDICTION,src/tracking/advanced_tracker.py:id_merge,
R,PREDICTION,PREDICTION,1
L,4,5965,DETECTION,src/tracking/advanced_tracker.py:_activate_slot,5965_199_193_361_286
R,CLAMP,CLAMP,0
L,8,5965,PREDICTION,src/tracking/advanced_tracker.py:id_merge,
R,PREDICTION,PREDICTION,1
A,5965
S,0,5971,DETECTION,src/tracking/advanced_tracker.py:_activate_slot,5971_157_494_314_614
S,1,5971,DETECTION,src/tracking/advanced_tracker.py:_activate_slot,5971_322_614_485_698
S,2,5971,DETECTION,src/tracking/advanced_tracker.py:_activate_slot,5971_289_742_463_861
S,3,5971,DETECTION,src/tracking/advanced_tracker.py:_activate_slot,5971_221_557_373_669
S,4,5971,DETECTION,src/tracking/advanced_tracker.py:_activate_slot,5971_197_191_362_281
S,5,5971,DETECTION,src/tracking/advanced_tracker.py:_activate_slot,5971_224_591_375_665
S,6,5971,DETECTION,src/tracking/advanced_tracker.py:_activate_slot,5971_55_340_175_399
S,9,5971,DETECTION,src/tracking/advanced_tracker.py:_activate_slot,5971_335_582_473_667
S,7,5971,PREDICTION,src/tracking/advanced_tracker.py:kalman_homography,
S,8,5971,PREDICTION,src/tracking/advanced_tracker.py:kalman_homography,
D,0,5971
S,3,5971,PREDICTION,src/tracking/advanced_tracker.py:id_merge,
D,1,5971
S,4,5971,PREDICTION,src/tracking/advanced_tracker.py:id_merge,
D,2,5971
S,3,5971,PREDICTION,src/tracking/advanced_tracker.py:id_merge,
D,7,5971
S,6,5971,PREDICTION,src/tracking/advanced_tracker.py:id_merge,
D,8,5971
S,6,5971,PREDICTION,src/tracking/advanced_tracker.py:id_merge,
L,3,5971,PREDICTION,src/tracking/advanced_tracker.py:id_merge,
R,PREDICTION,PREDICTION,1
L,4,5971,PREDICTION,src/tracking/advanced_tracker.py:id_merge,
R,CLAMP,CLAMP,0
L,5,5971,DETECTION,src/tracking/advanced_tracker.py:_activate_slot,5971_224_591_375_665
R,DETECTION,DETECTION,1
L,6,5971,PREDICTION,src/tracking/advanced_tracker.py:id_merge,
R,PREDICTION,PREDICTION,1
L,9,5971,DETECTION,src/tracking/advanced_tracker.py:_activate_slot,5971_335_582_473_667
R,DETECTION,DETECTION,1
A,5971
S,0,5977,DETECTION,src/tracking/advanced_tracker.py:_activate_slot,5977_156_494_305_616
S,1,5977,DETECTION,src/tracking/advanced_tracker.py:_activate_slot,5977_346_544_525_625
S,2,5977,DETECTION,src/tracking/advanced_tracker.py:_activate_slot,5977_293_749_461_847
S,3,5977,DETECTION,src/tracking/advanced_tracker.py:_activate_slot,5977_325_643_481_728
S,4,5977,DETECTION,src/tracking/advanced_tracker.py:_activate_slot,5977_196_197_363_276
S,5,5977,DETECTION,src/tracking/advanced_tracker.py:_activate_slot,5977_228_587_400_663
S,6,5977,DETECTION,src/tracking/advanced_tracker.py:_activate_slot,5977_60_338_174_399
S,7,5977,PREDICTION,src/tracking/advanced_tracker.py:kalman_homography,
S,8,5977,PREDICTION,src/tracking/advanced_tracker.py:kalman_homography,
S,9,5977,PREDICTION,src/tracking/advanced_tracker.py:kalman_homography,
D,3,5977
S,4,5977,PREDICTION,src/tracking/advanced_tracker.py:id_merge,
D,7,5977
S,6,5977,PREDICTION,src/tracking/advanced_tracker.py:id_merge,
D,8,5977
S,6,5977,PREDICTION,src/tracking/advanced_tracker.py:id_merge,
L,0,5977,DETECTION,src/tracking/advanced_tracker.py:_activate_slot,5977_156_494_305_616
R,DETECTION,DETECTION,1
L,1,5977,DETECTION,src/tracking/advanced_tracker.py:_activate_slot,5977_346_544_525_625
R,DETECTION,DETECTION,1
L,2,5977,DETECTION,src/tracking/advanced_tracker.py:_activate_slot,5977_293_749_461_847
R,DETECTION,DETECTION,1
L,4,5977,PREDICTION,src/tracking/advanced_tracker.py:id_merge,
R,CLAMP,CLAMP,0
L,5,5977,DETECTION,src/tracking/advanced_tracker.py:_activate_slot,5977_228_587_400_663
R,DETECTION,DETECTION,1
L,6,5977,PREDICTION,src/tracking/advanced_tracker.py:id_merge,
R,PREDICTION,PREDICTION,1
L,9,5977,PREDICTION,src/tracking/advanced_tracker.py:kalman_homography,
R,PREDICTION,PREDICTION,1
A,5977
S,0,5983,DETECTION,src/tracking/advanced_tracker.py:_activate_slot,5983_154_499_308_615
S,1,5983,DETECTION,src/tracking/advanced_tracker.py:_activate_slot,5983_352_481_533_607
S,2,5983,DETECTION,src/tracking/advanced_tracker.py:_activate_slot,5983_298_742_463_840
S,3,5983,DETECTION,src/tracking/advanced_tracker.py:_activate_slot,5983_333_664_485_752
S,4,5983,DETECTION,src/tracking/advanced_tracker.py:_activate_slot,5983_198_201_364_276
S,6,5983,DETECTION,src/tracking/advanced_tracker.py:_activate_slot,5983_56_336_176_407
S,5,5983,PREDICTION,src/tracking/advanced_tracker.py:kalman_homography,
S,7,5983,PREDICTION,src/tracking/advanced_tracker.py:kalman_homography,
S,8,5983,PREDICTION,src/tracking/advanced_tracker.py:kalman_homography,
S,9,5983,PREDICTION,src/tracking/advanced_tracker.py:kalman_homography,
D,3,5983
S,4,5983,PREDICTION,src/tracking/advanced_tracker.py:id_merge,
D,7,5983
S,6,5983,PREDICTION,src/tracking/advanced_tracker.py:id_merge,
D,8,5983
S,6,5983,PREDICTION,src/tracking/advanced_tracker.py:id_merge,
L,0,5983,DETECTION,src/tracking/advanced_tracker.py:_activate_slot,5983_154_499_308_615
R,DETECTION,DETECTION,1
L,1,5983,DETECTION,src/tracking/advanced_tracker.py:_activate_slot,5983_352_481_533_607
R,DETECTION,DETECTION,1
L,2,5983,DETECTION,src/tracking/advanced_tracker.py:_activate_slot,5983_298_742_463_840
R,DETECTION,DETECTION,1
L,4,5983,PREDICTION,src/tracking/advanced_tracker.py:id_merge,
R,CLAMP,CLAMP,0
L,5,5983,PREDICTION,src/tracking/advanced_tracker.py:kalman_homography,
R,PREDICTION,PREDICTION,1
L,6,5983,PREDICTION,src/tracking/advanced_tracker.py:id_merge,
R,PREDICTION,PREDICTION,1
L,9,5983,PREDICTION,src/tracking/advanced_tracker.py:kalman_homography,
R,PREDICTION,SUBPIXEL,0
A,5983
S,0,5989,DETECTION,src/tracking/advanced_tracker.py:_activate_slot,5989_152_504_300_614
S,1,5989,DETECTION,src/tracking/advanced_tracker.py:_activate_slot,5989_356_448_529_588
S,2,5989,DETECTION,src/tracking/advanced_tracker.py:_activate_slot,5989_300_743_466_837
S,3,5989,DETECTION,src/tracking/advanced_tracker.py:_activate_slot,5989_331_675_488_777
S,4,5989,DETECTION,src/tracking/advanced_tracker.py:_activate_slot,5989_203_200_367_281
S,5,5989,DETECTION,src/tracking/advanced_tracker.py:_activate_slot,5989_204_609_363_691
S,6,5989,DETECTION,src/tracking/advanced_tracker.py:_activate_slot,5989_57_333_177_397
S,7,5989,PREDICTION,src/tracking/advanced_tracker.py:kalman_homography,
S,8,5989,PREDICTION,src/tracking/advanced_tracker.py:kalman_homography,
S,9,5989,PREDICTION,src/tracking/advanced_tracker.py:kalman_homography,
D,3,5989
S,4,5989,PREDICTION,src/tracking/advanced_tracker.py:id_merge,
D,5,5989
S,6,5989,PREDICTION,src/tracking/advanced_tracker.py:id_merge,
D,7,5989
S,6,5989,PREDICTION,src/tracking/advanced_tracker.py:id_merge,
D,8,5989
S,6,5989,PREDICTION,src/tracking/advanced_tracker.py:id_merge,
L,0,5989,DETECTION,src/tracking/advanced_tracker.py:_activate_slot,5989_152_504_300_614
R,DETECTION,DETECTION,1
L,1,5989,DETECTION,src/tracking/advanced_tracker.py:_activate_slot,5989_356_448_529_588
R,DETECTION,DETECTION,1
L,2,5989,DETECTION,src/tracking/advanced_tracker.py:_activate_slot,5989_300_743_466_837
R,DETECTION,DETECTION,1
L,4,5989,PREDICTION,src/tracking/advanced_tracker.py:id_merge,
R,CLAMP,CLAMP,0
L,6,5989,PREDICTION,src/tracking/advanced_tracker.py:id_merge,
R,PREDICTION,PREDICTION,1
L,9,5989,PREDICTION,src/tracking/advanced_tracker.py:kalman_homography,
R,PREDICTION,SUBPIXEL,0
A,5989
S,0,5995,DETECTION,src/tracking/advanced_tracker.py:_activate_slot,5995_154_511_294_619
S,1,5995,DETECTION,src/tracking/advanced_tracker.py:_activate_slot,5995_354_423_518_527
S,2,5995,DETECTION,src/tracking/advanced_tracker.py:_activate_slot,5995_300_752_466_833
S,3,5995,DETECTION,src/tracking/advanced_tracker.py:_activate_slot,5995_333_679_491_819
S,4,5995,DETECTION,src/tracking/advanced_tracker.py:_activate_slot,5995_206_194_369_288
S,6,5995,DETECTION,src/tracking/advanced_tracker.py:_activate_slot,5995_53_330_177_394
S,5,5995,PREDICTION,src/tracking/advanced_tracker.py:kalman_homography,
S,9,5995,PREDICTION,src/tracking/advanced_tracker.py:kalman_homography,
S,7,5995,PREDICTION,src/tracking/advanced_tracker.py:flow_gapfill_batched,
S,8,5995,PREDICTION,src/tracking/advanced_tracker.py:flow_gapfill_batched,
D,3,5995
S,4,5995,PREDICTION,src/tracking/advanced_tracker.py:id_merge,
D,5,5995
S,6,5995,PREDICTION,src/tracking/advanced_tracker.py:id_merge,
D,7,5995
S,6,5995,PREDICTION,src/tracking/advanced_tracker.py:id_merge,
D,8,5995
S,6,5995,PREDICTION,src/tracking/advanced_tracker.py:id_merge,
L,0,5995,DETECTION,src/tracking/advanced_tracker.py:_activate_slot,5995_154_511_294_619
R,DETECTION,DETECTION,1
L,1,5995,DETECTION,src/tracking/advanced_tracker.py:_activate_slot,5995_354_423_518_527
R,DETECTION,DETECTION,1
L,2,5995,DETECTION,src/tracking/advanced_tracker.py:_activate_slot,5995_300_752_466_833
R,DETECTION,DETECTION,1
L,4,5995,PREDICTION,src/tracking/advanced_tracker.py:id_merge,
R,CLAMP,CLAMP,0
L,6,5995,PREDICTION,src/tracking/advanced_tracker.py:id_merge,
R,PREDICTION,PREDICTION,1
L,9,5995,PREDICTION,src/tracking/advanced_tracker.py:kalman_homography,
R,PREDICTION,SUBPIXEL,0
A,5995
S,0,6001,DETECTION,src/tracking/advanced_tracker.py:_activate_slot,6001_158_518_304_625
S,1,6001,DETECTION,src/tracking/advanced_tracker.py:_activate_slot,6001_354_412_518_496
S,2,6001,DETECTION,src/tracking/advanced_tracker.py:_activate_slot,6001_298_755_487_837
S,3,6001,DETECTION,src/tracking/advanced_tracker.py:_activate_slot,6001_343_698_493_828
S,4,6001,DETECTION,src/tracking/advanced_tracker.py:_activate_slot,6001_204_189_369_292
S,5,6001,DETECTION,src/tracking/advanced_tracker.py:_activate_slot,6001_206_601_366_682
S,6,6001,PREDICTION,src/tracking/advanced_tracker.py:kalman_homography,
S,9,6001,PREDICTION,src/tracking/advanced_tracker.py:kalman_homography,
S,8,6001,PREDICTION,src/tracking/advanced_tracker.py:flow_gapfill_batched,
D,2,6001
S,3,6001,PREDICTION,src/tracking/advanced_tracker.py:id_merge,
D,3,6001
S,4,6001,PREDICTION,src/tracking/advanced_tracker.py:id_merge,
D,6,6001
S,5,6001,PREDICTION,src/tracking/advanced_tracker.py:id_merge,
D,8,6001
S,5,6001,PREDICTION,src/tracking/advanced_tracker.py:id_merge,
L,0,6001,DETECTION,src/tracking/advanced_tracker.py:_activate_slot,6001_158_518_304_625
R,DETECTION,DETECTION,1
L,1,6001,DETECTION,src/tracking/advanced_tracker.py:_activate_slot,6001_354_412_518_496
R,DETECTION,DETECTION,1
L,4,6001,PREDICTION,src/tracking/advanced_tracker.py:id_merge,
R,CLAMP,CLAMP,0
L,5,6001,PREDICTION,src/tracking/advanced_tracker.py:id_merge,
R,PREDICTION,PREDICTION,1
L,9,6001,PREDICTION,src/tracking/advanced_tracker.py:kalman_homography,
R,PREDICTION,SUBPIXEL,0
A,6001
S,0,6007,DETECTION,src/tracking/advanced_tracker.py:_activate_slot,6007_157_525_306_621
S,1,6007,DETECTION,src/tracking/advanced_tracker.py:_activate_slot,6007_354_386_521_473
S,2,6007,DETECTION,src/tracking/advanced_tracker.py:_activate_slot,6007_297_746_468_840
S,3,6007,DETECTION,src/tracking/advanced_tracker.py:_activate_slot,6007_297_735_494_837
S,4,6007,DETECTION,src/tracking/advanced_tracker.py:_activate_slot,6007_196_190_369_290
S,5,6007,DETECTION,src/tracking/advanced_tracker.py:_activate_slot,6007_337_734_495_832
S,6,6007,DETECTION,src/tracking/advanced_tracker.py:_activate_slot,6007_53_325_176_397
S,9,6007,PREDICTION,src/tracking/advanced_tracker.py:kalman_homography,
S,8,6007,PREDICTION,src/tracking/advanced_tracker.py:flow_gapfill_batched,
D,2,6007
S,3,6007,PREDICTION,src/tracking/advanced_tracker.py:id_merge,
D,3,6007
S,4,6007,PREDICTION,src/tracking/advanced_tracker.py:id_merge,
D,9,6007
S,5,6007,PREDICTION,src/tracking/advanced_tracker.py:id_merge,
D,8,6007
S,6,6007,PREDICTION,src/tracking/advanced_tracker.py:id_merge,
L,0,6007,DETECTION,src/tracking/advanced_tracker.py:_activate_slot,6007_157_525_306_621
R,DETECTION,DETECTION,1
L,1,6007,DETECTION,src/tracking/advanced_tracker.py:_activate_slot,6007_354_386_521_473
R,DETECTION,DETECTION,1
L,4,6007,PREDICTION,src/tracking/advanced_tracker.py:id_merge,
R,CLAMP,CLAMP,0
L,5,6007,PREDICTION,src/tracking/advanced_tracker.py:id_merge,
R,PREDICTION,PREDICTION,1
L,6,6007,PREDICTION,src/tracking/advanced_tracker.py:id_merge,
R,PREDICTION,PREDICTION,1
A,6007
S,0,6013,DETECTION,src/tracking/advanced_tracker.py:_activate_slot,6013_152_518_304_600
S,1,6013,DETECTION,src/tracking/advanced_tracker.py:_activate_slot,6013_353_350_521_455
S,2,6013,DETECTION,src/tracking/advanced_tracker.py:_activate_slot,6013_306_493_451_578
S,3,6013,DETECTION,src/tracking/advanced_tracker.py:_activate_slot,6013_296_751_497_843
S,4,6013,DETECTION,src/tracking/advanced_tracker.py:_activate_slot,6013_187_209_363_295
S,9,6013,DETECTION,src/tracking/advanced_tracker.py:_activate_slot,6013_255_543_461_628
S,6,6013,DETECTION,src/tracking/advanced_tracker.py:_activate_slot,6013_53_324_175_397
S,5,6013,PREDICTION,src/tracking/advanced_tracker.py:kalman_homography,
S,8,6013,PREDICTION,src/tracking/advanced_tracker.py:flow_gapfill_batched,
D,2,6013
S,3,6013,PREDICTION,src/tracking/advanced_tracker.py:id_merge,
D,3,6013
S,4,6013,PREDICTION,src/tracking/advanced_tracker.py:id_merge,
D,5,6013
S,9,6013,PREDICTION,src/tracking/advanced_tracker.py:id_merge,
D,8,6013
S,6,6013,PREDICTION,src/tracking/advanced_tracker.py:id_merge,
L,0,6013,DETECTION,src/tracking/advanced_tracker.py:_activate_slot,6013_152_518_304_600
R,DETECTION,DETECTION,1
L,1,6013,DETECTION,src/tracking/advanced_tracker.py:_activate_slot,6013_353_350_521_455
R,DETECTION,DETECTION,1
L,4,6013,PREDICTION,src/tracking/advanced_tracker.py:id_merge,
R,CLAMP,CLAMP,0
L,6,6013,PREDICTION,src/tracking/advanced_tracker.py:id_merge,
R,PREDICTION,PREDICTION,1
L,9,6013,PREDICTION,src/tracking/advanced_tracker.py:id_merge,
R,PREDICTION,PREDICTION,1
A,6013
S,0,6019,DETECTION,src/tracking/advanced_tracker.py:_activate_slot,6019_153_506_285_588
S,1,6019,DETECTION,src/tracking/advanced_tracker.py:_activate_slot,6019_351_340_526_446
S,2,6019,DETECTION,src/tracking/advanced_tracker.py:_activate_slot,6019_296_483_448_566
S,3,6019,DETECTION,src/tracking/advanced_tracker.py:_activate_slot,6019_293_756_500_860
S,4,6019,DETECTION,src/tracking/advanced_tracker.py:_activate_slot,6019_180_228_348_307
S,6,6019,DETECTION,src/tracking/advanced_tracker.py:_activate_slot,6019_52_319_174_386
S,7,6019,DETECTION,src/tracking/advanced_tracker.py:_activate_slot,6019_218_571_372_667
S,9,6019,DETECTION,src/tracking/advanced_tracker.py:_activate_slot,6019_265_544_447_626
S,5,6019,PREDICTION,src/tracking/advanced_tracker.py:kalman_homography,
D,2,6019
S,3,6019,PREDICTION,src/tracking/advanced_tracker.py:id_merge,
L,0,6019,DETECTION,src/tracking/advanced_tracker.py:_activate_slot,6019_153_506_285_588
R,DETECTION,DETECTION,1
L,1,6019,DETECTION,src/tracking/advanced_tracker.py:_activate_slot,6019_351_340_526_446
R,DETECTION,DETECTION,1
L,3,6019,PREDICTION,src/tracking/advanced_tracker.py:id_merge,
R,PREDICTION,PREDICTION,1
L,4,6019,DETECTION,src/tracking/advanced_tracker.py:_activate_slot,6019_180_228_348_307
R,DETECTION,DETECTION,1
L,5,6019,PREDICTION,src/tracking/advanced_tracker.py:kalman_homography,
R,CLAMP,CLAMP,0
L,6,6019,DETECTION,src/tracking/advanced_tracker.py:_activate_slot,6019_52_319_174_386
R,DETECTION,DETECTION,1
L,7,6019,DETECTION,src/tracking/advanced_tracker.py:_activate_slot,6019_218_571_372_667
R,DETECTION,DETECTION,1
L,9,6019,DETECTION,src/tracking/advanced_tracker.py:_activate_slot,6019_265_544_447_626
R,DETECTION,DETECTION,1
A,6019
S,0,6025,DETECTION,src/tracking/advanced_tracker.py:_activate_slot,6025_160_489_297_580
S,1,6025,DETECTION,src/tracking/advanced_tracker.py:_activate_slot,6025_343_338_526_432
S,2,6025,DETECTION,src/tracking/advanced_tracker.py:_activate_slot,6025_288_471_448_557
S,3,6025,DETECTION,src/tracking/advanced_tracker.py:_activate_slot,6025_292_756_501_860
S,4,6025,DETECTION,src/tracking/advanced_tracker.py:_activate_slot,6025_179_234_343_309
S,5,6025,DETECTION,src/tracking/advanced_tracker.py:_activate_slot,6025_53_315_175_383
S,9,6025,DETECTION,src/tracking/advanced_tracker.py:_activate_slot,6025_267_543_445_621
S,6,6025,PREDICTION,src/tracking/advanced_tracker.py:kalman_homography,
S,7,6025,PREDICTION,src/tracking/advanced_tracker.py:kalman_homography,
D,2,6025
S,3,6025,PREDICTION,src/tracking/advanced_tracker.py:id_merge,
D,6,6025
S,5,6025,PREDICTION,src/tracking/advanced_tracker.py:id_merge,
L,0,6025,DETECTION,src/tracking/advanced_tracker.py:_activate_slot,6025_160_489_297_580
R,DETECTION,DETECTION,1
L,1,6025,DETECTION,src/tracking/advanced_tracker.py:_activate_slot,6025_343_338_526_432
R,DETECTION,DETECTION,1
L,3,6025,PREDICTION,src/tracking/advanced_tracker.py:id_merge,
R,PREDICTION,PREDICTION,1
L,4,6025,DETECTION,src/tracking/advanced_tracker.py:_activate_slot,6025_179_234_343_309
R,DETECTION,DETECTION,1
L,5,6025,PREDICTION,src/tracking/advanced_tracker.py:id_merge,
R,CLAMP,CLAMP,0
L,7,6025,PREDICTION,src/tracking/advanced_tracker.py:kalman_homography,
R,PREDICTION,PREDICTION,1
L,9,6025,DETECTION,src/tracking/advanced_tracker.py:_activate_slot,6025_267_543_445_621
R,DETECTION,DETECTION,1
A,6025
S,0,6031,DETECTION,src/tracking/advanced_tracker.py:_activate_slot,6031_163_481_297_573
S,1,6031,DETECTION,src/tracking/advanced_tracker.py:_activate_slot,6031_335_331_522_424
S,2,6031,DETECTION,src/tracking/advanced_tracker.py:_activate_slot,6031_280_458_448_544
S,3,6031,DETECTION,src/tracking/advanced_tracker.py:_activate_slot,6031_290_756_502_856
S,4,6031,DETECTION,src/tracking/advanced_tracker.py:_activate_slot,6031_185_242_344_315
S,5,6031,DETECTION,src/tracking/advanced_tracker.py:_activate_slot,6031_54_314_174_376
S,7,6031,DETECTION,src/tracking/advanced_tracker.py:_activate_slot,6031_226_574_388_657
S,9,6031,DETECTION,src/tracking/advanced_tracker.py:_activate_slot,6031_241_533_452_618
S,6,6031,PREDICTION,src/tracking/advanced_tracker.py:kalman_homography,
D,2,6031
S,3,6031,PREDICTION,src/tracking/advanced_tracker.py:id_merge,
D,6,6031
S,5,6031,PREDICTION,src/tracking/advanced_tracker.py:id_merge,
L,0,6031,DETECTION,src/tracking/advanced_tracker.py:_activate_slot,6031_163_481_297_573
R,DETECTION,DETECTION,1
L,1,6031,DETECTION,src/tracking/advanced_tracker.py:_activate_slot,6031_335_331_522_424
R,DETECTION,DETECTION,1
L,3,6031,PREDICTION,src/tracking/advanced_tracker.py:id_merge,
R,PREDICTION,PREDICTION,1
L,4,6031,DETECTION,src/tracking/advanced_tracker.py:_activate_slot,6031_185_242_344_315
R,DETECTION,DETECTION,1
L,5,6031,PREDICTION,src/tracking/advanced_tracker.py:id_merge,
R,CLAMP,CLAMP,0
L,7,6031,DETECTION,src/tracking/advanced_tracker.py:_activate_slot,6031_226_574_388_657
R,DETECTION,DETECTION,1
L,9,6031,DETECTION,src/tracking/advanced_tracker.py:_activate_slot,6031_241_533_452_618
R,DETECTION,DETECTION,1
A,6031
S,0,6037,DETECTION,src/tracking/advanced_tracker.py:_activate_slot,6037_162_472_280_558
S,1,6037,DETECTION,src/tracking/advanced_tracker.py:_activate_slot,6037_338_316_512_418
S,2,6037,DETECTION,src/tracking/advanced_tracker.py:_activate_slot,6037_284_452_450_532
S,3,6037,DETECTION,src/tracking/advanced_tracker.py:_activate_slot,6037_286_756_504_856
S,4,6037,DETECTION,src/tracking/advanced_tracker.py:_activate_slot,6037_191_241_348_329
S,5,6037,DETECTION,src/tracking/advanced_tracker.py:_activate_slot,6037_53_313_173_374
S,7,6037,DETECTION,src/tracking/advanced_tracker.py:_activate_slot,6037_229_577_388_653
S,9,6037,DETECTION,src/tracking/advanced_tracker.py:_activate_slot,6037_268_526_457_614
S,6,6037,PREDICTION,src/tracking/advanced_tracker.py:kalman_homography,
D,2,6037
S,3,6037,PREDICTION,src/tracking/advanced_tracker.py:id_merge,
D,6,6037
S,5,6037,PREDICTION,src/tracking/advanced_tracker.py:id_merge,
L,0,6037,DETECTION,src/tracking/advanced_tracker.py:_activate_slot,6037_162_472_280_558
R,DETECTION,DETECTION,1
L,1,6037,DETECTION,src/tracking/advanced_tracker.py:_activate_slot,6037_338_316_512_418
R,DETECTION,DETECTION,1
L,3,6037,PREDICTION,src/tracking/advanced_tracker.py:id_merge,
R,PREDICTION,PREDICTION,1
L,4,6037,DETECTION,src/tracking/advanced_tracker.py:_activate_slot,6037_191_241_348_329
R,DETECTION,DETECTION,1
L,5,6037,PREDICTION,src/tracking/advanced_tracker.py:id_merge,
R,CLAMP,CLAMP,0
L,7,6037,DETECTION,src/tracking/advanced_tracker.py:_activate_slot,6037_229_577_388_653
R,DETECTION,SUBPIXEL,0
L,9,6037,DETECTION,src/tracking/advanced_tracker.py:_activate_slot,6037_268_526_457_614
R,DETECTION,DETECTION,1
A,6037
S,0,6043,DETECTION,src/tracking/advanced_tracker.py:_activate_slot,6043_162_453_298_541
S,1,6043,DETECTION,src/tracking/advanced_tracker.py:_activate_slot,6043_343_305_522_407
S,2,6043,DETECTION,src/tracking/advanced_tracker.py:_activate_slot,6043_282_445_450_521
S,3,6043,DETECTION,src/tracking/advanced_tracker.py:_activate_slot,6043_281_745_509_854
S,4,6043,DETECTION,src/tracking/advanced_tracker.py:_activate_slot,6043_184_238_346_350
S,5,6043,DETECTION,src/tracking/advanced_tracker.py:_activate_slot,6043_53_311_173_378
S,7,6043,DETECTION,src/tracking/advanced_tracker.py:_activate_slot,6043_229_573_388_651
S,6,6043,PREDICTION,src/tracking/advanced_tracker.py:kalman_homography,
S,9,6043,PREDICTION,src/tracking/advanced_tracker.py:kalman_homography,
D,2,6043
S,3,6043,PREDICTION,src/tracking/advanced_tracker.py:id_merge,
D,6,6043
S,5,6043,PREDICTION,src/tracking/advanced_tracker.py:id_merge,
L,0,6043,DETECTION,src/tracking/advanced_tracker.py:_activate_slot,6043_162_453_298_541
R,DETECTION,DETECTION,1
L,1,6043,DETECTION,src/tracking/advanced_tracker.py:_activate_slot,6043_343_305_522_407
R,DETECTION,DETECTION,1
L,3,6043,PREDICTION,src/tracking/advanced_tracker.py:id_merge,
R,PREDICTION,PREDICTION,1
L,4,6043,DETECTION,src/tracking/advanced_tracker.py:_activate_slot,6043_184_238_346_350
R,DETECTION,DETECTION,1
L,5,6043,PREDICTION,src/tracking/advanced_tracker.py:id_merge,
R,CLAMP,CLAMP,0
L,7,6043,DETECTION,src/tracking/advanced_tracker.py:_activate_slot,6043_229_573_388_651
R,DETECTION,DETECTION,1
L,9,6043,PREDICTION,src/tracking/advanced_tracker.py:kalman_homography,
R,PREDICTION,PREDICTION,1
A,6043
S,0,6049,DETECTION,src/tracking/advanced_tracker.py:_activate_slot,6049_167_436_296_532
S,1,6049,DETECTION,src/tracking/advanced_tracker.py:_activate_slot,6049_342_303_523_404
S,2,6049,DETECTION,src/tracking/advanced_tracker.py:_activate_slot,6049_273_441_447_518
S,3,6049,DETECTION,src/tracking/advanced_tracker.py:_activate_slot,6049_351_737_518_851
S,4,6049,DETECTION,src/tracking/advanced_tracker.py:_activate_slot,6049_175_249_339_354
S,7,6049,DETECTION,src/tracking/advanced_tracker.py:_activate_slot,6049_229_570_385_650
S,6,6049,DETECTION,src/tracking/advanced_tracker.py:_activate_slot,6049_52_307_171_375
S,5,6049,PREDICTION,src/tracking/advanced_tracker.py:kalman_homography,
S,9,6049,PREDICTION,src/tracking/advanced_tracker.py:kalman_homography,
D,2,6049
S,3,6049,PREDICTION,src/tracking/advanced_tracker.py:id_merge,
D,5,6049
S,6,6049,PREDICTION,src/tracking/advanced_tracker.py:id_merge,
L,0,6049,DETECTION,src/tracking/advanced_tracker.py:_activate_slot,6049_167_436_296_532
R,DETECTION,DETECTION,1
L,1,6049,DETECTION,src/tracking/advanced_tracker.py:_activate_slot,6049_342_303_523_404
R,DETECTION,DETECTION,1
L,3,6049,PREDICTION,src/tracking/advanced_tracker.py:id_merge,
R,PREDICTION,PREDICTION,1
L,4,6049,DETECTION,src/tracking/advanced_tracker.py:_activate_slot,6049_175_249_339_354
R,DETECTION,DETECTION,1
L,6,6049,PREDICTION,src/tracking/advanced_tracker.py:id_merge,
R,PREDICTION,PREDICTION,1
L,7,6049,DETECTION,src/tracking/advanced_tracker.py:_activate_slot,6049_229_570_385_650
R,DETECTION,DETECTION,1
L,9,6049,PREDICTION,src/tracking/advanced_tracker.py:kalman_homography,
R,PREDICTION,PREDICTION,1
A,6049
S,0,6055,DETECTION,src/tracking/advanced_tracker.py:_activate_slot,6055_168_435_297_523
S,1,6055,DETECTION,src/tracking/advanced_tracker.py:_activate_slot,6055_338_305_525_405
S,2,6055,DETECTION,src/tracking/advanced_tracker.py:_activate_slot,6055_266_433_427_514
S,3,6055,DETECTION,src/tracking/advanced_tracker.py:_activate_slot,6055_351_733_523_845
S,4,6055,DETECTION,src/tracking/advanced_tracker.py:_activate_slot,6055_165_279_320_362
S,5,6055,DETECTION,src/tracking/advanced_tracker.py:_activate_slot,6055_228_574_386_649
S,6,6055,DETECTION,src/tracking/advanced_tracker.py:_activate_slot,6055_51_307_169_373
S,7,6055,PREDICTION,src/tracking/advanced_tracker.py:kalman_homography,
S,9,6055,PREDICTION,src/tracking/advanced_tracker.py:kalman_homography,
D,0,6055
S,4,6055,PREDICTION,src/tracking/advanced_tracker.py:id_merge,
D,7,6055
S,5,6055,PREDICTION,src/tracking/advanced_tracker.py:id_merge,
L,1,6055,DETECTION,src/tracking/advanced_tracker.py:_activate_slot,6055_338_305_525_405
R,DETECTION,DETECTION,1
L,2,6055,DETECTION,src/tracking/advanced_tracker.py:_activate_slot,6055_266_433_427_514
R,DETECTION,DETECTION,1
L,3,6055,DETECTION,src/tracking/advanced_tracker.py:_activate_slot,6055_351_733_523_845
R,DETECTION,DETECTION,1
L,4,6055,PREDICTION,src/tracking/advanced_tracker.py:id_merge,
R,PREDICTION,PREDICTION,1
L,5,6055,PREDICTION,src/tracking/advanced_tracker.py:id_merge,
R,PREDICTION,PREDICTION,1
L,6,6055,DETECTION,src/tracking/advanced_tracker.py:_activate_slot,6055_51_307_169_373
R,DETECTION,DETECTION,1
L,9,6055,PREDICTION,src/tracking/advanced_tracker.py:kalman_homography,
R,PREDICTION,PREDICTION,1
A,6055
S,0,6061,DETECTION,src/tracking/advanced_tracker.py:_activate_slot,6061_164_436_290_520
S,1,6061,DETECTION,src/tracking/advanced_tracker.py:_activate_slot,6061_341_304_520_411
S,2,6061,DETECTION,src/tracking/advanced_tracker.py:_activate_slot,6061_253_429_412_514
S,3,6061,DETECTION,src/tracking/advanced_tracker.py:_activate_slot,6061_350_729_520_832
S,4,6061,DETECTION,src/tracking/advanced_tracker.py:_activate_slot,6061_155_295_315_366
S,7,6061,DETECTION,src/tracking/advanced_tracker.py:_activate_slot,6061_222_576_389_647
S,6,6061,DETECTION,src/tracking/advanced_tracker.py:_activate_slot,6061_52_306_169_378
S,8,6061,DETECTION,src/tracking/advanced_tracker.py:_activate_slot,6061_222_577_388_671
S,5,6061,PREDICTION,src/tracking/advanced_tracker.py:kalman_homography,
S,9,6061,PREDICTION,src/tracking/advanced_tracker.py:kalman_homography,
D,0,6061
S,4,6061,PREDICTION,src/tracking/advanced_tracker.py:id_merge,
D,2,6061
S,4,6061,PREDICTION,src/tracking/advanced_tracker.py:id_merge,
D,5,6061
S,7,6061,PREDICTION,src/tracking/advanced_tracker.py:id_merge,
D,7,6061
S,8,6061,PREDICTION,src/tracking/advanced_tracker.py:id_merge,
L,1,6061,DETECTION,src/tracking/advanced_tracker.py:_activate_slot,6061_341_304_520_411
R,DETECTION,DETECTION,1
L,3,6061,DETECTION,src/tracking/advanced_tracker.py:_activate_slot,6061_350_729_520_832
R,DETECTION,DETECTION,1
L,4,6061,PREDICTION,src/tracking/advanced_tracker.py:id_merge,
R,PREDICTION,PREDICTION,1
L,6,6061,DETECTION,src/tracking/advanced_tracker.py:_activate_slot,6061_52_306_169_378
R,DETECTION,DETECTION,1
L,8,6061,PREDICTION,src/tracking/advanced_tracker.py:id_merge,
R,PREDICTION,PREDICTION,1
L,9,6061,PREDICTION,src/tracking/advanced_tracker.py:kalman_homography,
R,PREDICTION,PREDICTION,1
A,6061
S,0,6067,DETECTION,src/tracking/advanced_tracker.py:_activate_slot,6067_154_429_281_511
S,1,6067,DETECTION,src/tracking/advanced_tracker.py:_activate_slot,6067_347_300_520_435
S,2,6067,DETECTION,src/tracking/advanced_tracker.py:_activate_slot,6067_250_425_405_512
S,3,6067,DETECTION,src/tracking/advanced_tracker.py:_activate_slot,6067_349_723_520_813
S,4,6067,DETECTION,src/tracking/advanced_tracker.py:_activate_slot,6067_147_299_313_388
S,5,6067,DETECTION,src/tracking/advanced_tracker.py:_activate_slot,6067_219_578_389_651
S,8,6067,DETECTION,src/tracking/advanced_tracker.py:_activate_slot,6067_216_579_385_670
S,6,6067,PREDICTION,src/tracking/advanced_tracker.py:kalman_homography,
S,7,6067,PREDICTION,src/tracking/advanced_tracker.py:kalman_homography,
S,9,6067,PREDICTION,src/tracking/advanced_tracker.py:kalman_homography,
D,0,6067
S,4,6067,PREDICTION,src/tracking/advanced_tracker.py:id_merge,
D,2,6067
S,4,6067,PREDICTION,src/tracking/advanced_tracker.py:id_merge,
D,7,6067
S,5,6067,PREDICTION,src/tracking/advanced_tracker.py:id_merge,
D,5,6067
S,8,6067,PREDICTION,src/tracking/advanced_tracker.py:id_merge,
L,1,6067,DETECTION,src/tracking/advanced_tracker.py:_activate_slot,6067_347_300_520_435
R,DETECTION,DETECTION,1
L,3,6067,DETECTION,src/tracking/advanced_tracker.py:_activate_slot,6067_349_723_520_813
R,DETECTION,DETECTION,1
L,4,6067,PREDICTION,src/tracking/advanced_tracker.py:id_merge,
R,PREDICTION,PREDICTION,1
L,6,6067,PREDICTION,src/tracking/advanced_tracker.py:kalman_homography,
R,PREDICTION,PREDICTION,1
L,8,6067,PREDICTION,src/tracking/advanced_tracker.py:id_merge,
R,PREDICTION,PREDICTION,1
L,9,6067,PREDICTION,src/tracking/advanced_tracker.py:kalman_homography,
R,PREDICTION,PREDICTION,1
A,6067
S,0,6073,DETECTION,src/tracking/advanced_tracker.py:_activate_slot,6073_143_437_293_510
S,1,6073,DETECTION,src/tracking/advanced_tracker.py:_activate_slot,6073_350_302_522_430
S,2,6073,DETECTION,src/tracking/advanced_tracker.py:_activate_slot,6073_275_764_434_844
S,3,6073,DETECTION,src/tracking/advanced_tracker.py:_activate_slot,6073_351_703_518_791
S,4,6073,DETECTION,src/tracking/advanced_tracker.py:_activate_slot,6073_138_308_299_404
S,7,6073,DETECTION,src/tracking/advanced_tracker.py:_activate_slot,6073_216_583_370_655
S,6,6073,DETECTION,src/tracking/advanced_tracker.py:_activate_slot,6073_48_305_171_371
S,8,6073,DETECTION,src/tracking/advanced_tracker.py:_activate_slot,6073_215_579_387_647
S,5,6073,PREDICTION,src/tracking/advanced_tracker.py:kalman_homography,
S,9,6073,PREDICTION,src/tracking/advanced_tracker.py:kalman_homography,
D,0,6073
S,2,6073,PREDICTION,src/tracking/advanced_tracker.py:id_merge,
D,2,6073
S,4,6073,PREDICTION,src/tracking/advanced_tracker.py:id_merge,
D,5,6073
S,8,6073,PREDICTION,src/tracking/advanced_tracker.py:id_merge,
D,6,6073
S,7,6073,PREDICTION,src/tracking/advanced_tracker.py:id_merge,
D,7,6073
S,8,6073,PREDICTION,src/tracking/advanced_tracker.py:id_merge,
L,1,6073,DETECTION,src/tracking/advanced_tracker.py:_activate_slot,6073_350_302_522_430
R,DETECTION,DETECTION,1
L,3,6073,DETECTION,src/tracking/advanced_tracker.py:_activate_slot,6073_351_703_518_791
R,DETECTION,DETECTION,1
L,4,6073,PREDICTION,src/tracking/advanced_tracker.py:id_merge,
R,PREDICTION,PREDICTION,1
L,8,6073,PREDICTION,src/tracking/advanced_tracker.py:id_merge,
R,PREDICTION,PREDICTION,1
L,9,6073,PREDICTION,src/tracking/advanced_tracker.py:kalman_homography,
R,PREDICTION,PREDICTION,1
A,6073
S,0,6079,DETECTION,src/tracking/advanced_tracker.py:_activate_slot,6079_137_433_281_508
S,1,6079,DETECTION,src/tracking/advanced_tracker.py:_activate_slot,6079_347_315_525_436
S,2,6079,DETECTION,src/tracking/advanced_tracker.py:_activate_slot,6079_272_757_434_843
S,3,6079,DETECTION,src/tracking/advanced_tracker.py:_activate_slot,6079_350_679_520_783
S,4,6079,DETECTION,src/tracking/advanced_tracker.py:_activate_slot,6079_131_320_282_405
S,8,6079,DETECTION,src/tracking/advanced_tracker.py:_activate_slot,6079_211_578_368_660
S,5,6079,PREDICTION,src/tracking/advanced_tracker.py:kalman_homography,
S,6,6079,PREDICTION,src/tracking/advanced_tracker.py:kalman_homography,
S,7,6079,PREDICTION,src/tracking/advanced_tracker.py:kalman_homography,
S,9,6079,PREDICTION,src/tracking/advanced_tracker.py:kalman_homography,
D,0,6079
S,2,6079,PREDICTION,src/tracking/advanced_tracker.py:id_merge,
D,2,6079
S,4,6079,PREDICTION,src/tracking/advanced_tracker.py:id_merge,
D,6,6079
S,8,6079,PREDICTION,src/tracking/advanced_tracker.py:id_merge,
D,7,6079
S,8,6079,PREDICTION,src/tracking/advanced_tracker.py:id_merge,
L,1,6079,DETECTION,src/tracking/advanced_tracker.py:_activate_slot,6079_347_315_525_436
R,DETECTION,DETECTION,1
L,3,6079,DETECTION,src/tracking/advanced_tracker.py:_activate_slot,6079_350_679_520_783
R,DETECTION,DETECTION,1
L,4,6079,PREDICTION,src/tracking/advanced_tracker.py:id_merge,
R,PREDICTION,PREDICTION,1
L,5,6079,PREDICTION,src/tracking/advanced_tracker.py:kalman_homography,
R,PREDICTION,PREDICTION,1
L,8,6079,PREDICTION,src/tracking/advanced_tracker.py:id_merge,
R,PREDICTION,PREDICTION,1
L,9,6079,PREDICTION,src/tracking/advanced_tracker.py:kalman_homography,
R,PREDICTION,PREDICTION,1
A,6079
S,0,6085,DETECTION,src/tracking/advanced_tracker.py:_activate_slot,6085_134_420_276_508
S,1,6085,DETECTION,src/tracking/advanced_tracker.py:_activate_slot,6085_343_341_523_443
S,2,6085,DETECTION,src/tracking/advanced_tracker.py:_activate_slot,6085_127_341_270_412
S,3,6085,DETECTION,src/tracking/advanced_tracker.py:_activate_slot,6085_350_666_522_782
S,4,6085,DETECTION,src/tracking/advanced_tracker.py:_activate_slot,6085_125_324_275_412
S,5,6085,DETECTION,src/tracking/advanced_tracker.py:_activate_slot,6085_67_525_193_631
S,8,6085,DETECTION,src/tracking/advanced_tracker.py:_activate_slot,6085_207_579_366_657
S,6,6085,DETECTION,src/tracking/advanced_tracker.py:_activate_slot,6085_41_306_162_372
S,7,6085,DETECTION,src/tracking/advanced_tracker.py:_activate_slot,6085_208_584_334_653
S,9,6085,PREDICTION,src/tracking/advanced_tracker.py:flow_gapfill_batched,
D,0,6085
S,2,6085,PREDICTION,src/tracking/advanced_tracker.py:id_merge,
D,2,6085
S,4,6085,PREDICTION,src/tracking/advanced_tracker.py:id_merge,
D,5,6085
S,6,6085,PREDICTION,src/tracking/advanced_tracker.py:id_merge,
D,6,6085
S,7,6085,PREDICTION,src/tracking/advanced_tracker.py:id_merge,
D,7,6085
S,8,6085,PREDICTION,src/tracking/advanced_tracker.py:id_merge,
L,1,6085,DETECTION,src/tracking/advanced_tracker.py:_activate_slot,6085_343_341_523_443
R,DETECTION,DETECTION,1
L,3,6085,DETECTION,src/tracking/advanced_tracker.py:_activate_slot,6085_350_666_522_782
R,DETECTION,DETECTION,1
L,4,6085,PREDICTION,src/tracking/advanced_tracker.py:id_merge,
R,PREDICTION,PREDICTION,1
L,8,6085,PREDICTION,src/tracking/advanced_tracker.py:id_merge,
R,PREDICTION,PREDICTION,1
L,9,6085,PREDICTION,src/tracking/advanced_tracker.py:flow_gapfill_batched,
R,PREDICTION,PREDICTION,1
A,6085
S,0,6091,DETECTION,src/tracking/advanced_tracker.py:_activate_slot,6091_130_397_277_512
S,1,6091,DETECTION,src/tracking/advanced_tracker.py:_activate_slot,6091_340_371_508_450
S,2,6091,DETECTION,src/tracking/advanced_tracker.py:_activate_slot,6091_259_742_433_832
S,3,6091,DETECTION,src/tracking/advanced_tracker.py:_activate_slot,6091_349_664_521_772
S,4,6091,DETECTION,src/tracking/advanced_tracker.py:_activate_slot,6091_287_424_475_505
S,5,6091,DETECTION,src/tracking/advanced_tracker.py:_activate_slot,6091_38_304_162_371
S,7,6091,DETECTION,src/tracking/advanced_tracker.py:_activate_slot,6091_202_583_375_656
S,8,6091,DETECTION,src/tracking/advanced_tracker.py:_activate_slot,6091_115_332_269_422
S,6,6091,PREDICTION,src/tracking/advanced_tracker.py:kalman_homography,
D,0,6091
S,2,6091,PREDICTION,src/tracking/advanced_tracker.py:id_merge,
D,3,6091
S,4,6091,PREDICTION,src/tracking/advanced_tracker.py:id_merge,
D,6,6091
S,5,6091,PREDICTION,src/tracking/advanced_tracker.py:id_merge,
D,5,6091
S,8,6091,PREDICTION,src/tracking/advanced_tracker.py:id_merge,
D,7,6091
S,8,6091,PREDICTION,src/tracking/advanced_tracker.py:id_merge,
L,1,6091,DETECTION,src/tracking/advanced_tracker.py:_activate_slot,6091_340_371_508_450
R,DETECTION,DETECTION,1
L,2,6091,PREDICTION,src/tracking/advanced_tracker.py:id_merge,
R,PREDICTION,PREDICTION,1
L,4,6091,PREDICTION,src/tracking/advanced_tracker.py:id_merge,
R,CLAMP,CLAMP,0
L,8,6091,PREDICTION,src/tracking/advanced_tracker.py:id_merge,
R,PREDICTION,PREDICTION,1
A,6091
S,0,6097,DETECTION,src/tracking/advanced_tracker.py:_activate_slot,6097_130_419_275_530
S,1,6097,DETECTION,src/tracking/advanced_tracker.py:_activate_slot,6097_346_379_533_467
S,2,6097,DETECTION,src/tracking/advanced_tracker.py:_activate_slot,6097_251_736_419_816
S,3,6097,DETECTION,src/tracking/advanced_tracker.py:_activate_slot,6097_348_664_521_753
S,4,6097,DETECTION,src/tracking/advanced_tracker.py:_activate_slot,6097_288_410_477_494
S,5,6097,DETECTION,src/tracking/advanced_tracker.py:_activate_slot,6097_41_303_161_369
S,7,6097,DETECTION,src/tracking/advanced_tracker.py:_activate_slot,6097_195_585_356_653
S,8,6097,DETECTION,src/tracking/advanced_tracker.py:_activate_slot,6097_111_336_267_429
S,6,6097,PREDICTION,src/tracking/advanced_tracker.py:kalman_homography,
D,0,6097
S,2,6097,PREDICTION,src/tracking/advanced_tracker.py:id_merge,
D,3,6097
S,4,6097,PREDICTION,src/tracking/advanced_tracker.py:id_merge,
D,6,6097
S,5,6097,PREDICTION,src/tracking/advanced_tracker.py:id_merge,
D,5,6097
S,7,6097,PREDICTION,src/tracking/advanced_tracker.py:id_merge,
D,7,6097
S,8,6097,PREDICTION,src/tracking/advanced_tracker.py:id_merge,
L,1,6097,DETECTION,src/tracking/advanced_tracker.py:_activate_slot,6097_346_379_533_467
R,DETECTION,DETECTION,1
L,2,6097,PREDICTION,src/tracking/advanced_tracker.py:id_merge,
R,PREDICTION,PREDICTION,1
L,4,6097,PREDICTION,src/tracking/advanced_tracker.py:id_merge,
R,CLAMP,CLAMP,0
L,8,6097,PREDICTION,src/tracking/advanced_tracker.py:id_merge,
R,PREDICTION,PREDICTION,1
A,6097
S,0,6103,DETECTION,src/tracking/advanced_tracker.py:_activate_slot,6103_124_417_275_552
S,1,6103,DETECTION,src/tracking/advanced_tracker.py:_activate_slot,6103_288_389_478_493
S,3,6103,DETECTION,src/tracking/advanced_tracker.py:_activate_slot,6103_349_659_519_737
S,4,6103,DETECTION,src/tracking/advanced_tracker.py:_activate_slot,6103_232_453_378_552
S,5,6103,DETECTION,src/tracking/advanced_tracker.py:_activate_slot,6103_111_350_267_431
S,6,6103,DETECTION,src/tracking/advanced_tracker.py:_activate_slot,6103_39_300_162_363
S,7,6103,DETECTION,src/tracking/advanced_tracker.py:_activate_slot,6103_194_583_340_652
S,8,6103,DETECTION,src/tracking/advanced_tracker.py:_activate_slot,6103_248_722_413_810
S,9,6103,DETECTION,src/tracking/advanced_tracker.py:_activate_slot,6103_195_580_354_664
S,2,6103,PREDICTION,src/tracking/advanced_tracker.py:kalman_homography,
D,2,6103
S,0,6103,PREDICTION,src/tracking/advanced_tracker.py:id_merge,
D,1,6103
S,3,6103,PREDICTION,src/tracking/advanced_tracker.py:id_merge,
D,5,6103
S,6,6103,PREDICTION,src/tracking/advanced_tracker.py:id_merge,
D,6,6103
S,7,6103,PREDICTION,src/tracking/advanced_tracker.py:id_merge,
D,7,6103
S,8,6103,PREDICTION,src/tracking/advanced_tracker.py:id_merge,
D,8,6103
S,9,6103,PREDICTION,src/tracking/advanced_tracker.py:id_merge,
L,0,6103,PREDICTION,src/tracking/advanced_tracker.py:id_merge,
R,PREDICTION,PREDICTION,1
L,3,6103,PREDICTION,src/tracking/advanced_tracker.py:id_merge,
R,PREDICTION,PREDICTION,1
L,4,6103,DETECTION,src/tracking/advanced_tracker.py:_activate_slot,6103_232_453_378_552
R,DETECTION,DETECTION,1
L,9,6103,PREDICTION,src/tracking/advanced_tracker.py:id_merge,
R,PREDICTION,PREDICTION,1
A,6103
S,0,6109,DETECTION,src/tracking/advanced_tracker.py:_activate_slot,6109_121_416_274_559
S,1,6109,DETECTION,src/tracking/advanced_tracker.py:_activate_slot,6109_288_361_467_456
S,2,6109,DETECTION,src/tracking/advanced_tracker.py:_activate_slot,6109_229_455_374_553
S,3,6109,DETECTION,src/tracking/advanced_tracker.py:_activate_slot,6109_349_644_523_728
S,9,6109,DETECTION,src/tracking/advanced_tracker.py:_activate_slot,6109_198_580_338_654
S,6,6109,DETECTION,src/tracking/advanced_tracker.py:_activate_slot,6109_39_298_164_362
S,4,6109,PREDICTION,src/tracking/advanced_tracker.py:kalman_homography,
S,5,6109,PREDICTION,src/tracking/advanced_tracker.py:kalman_homography,
S,7,6109,PREDICTION,src/tracking/advanced_tracker.py:kalman_homography,
S,8,6109,PREDICTION,src/tracking/advanced_tracker.py:kalman_homography,
D,1,6109
S,3,6109,PREDICTION,src/tracking/advanced_tracker.py:id_merge,
D,5,6109
S,6,6109,PREDICTION,src/tracking/advanced_tracker.py:id_merge,
D,7,6109
S,6,6109,PREDICTION,src/tracking/advanced_tracker.py:id_merge,
D,6,6109
S,9,6109,PREDICTION,src/tracking/advanced_tracker.py:id_merge,
D,8,6109
S,9,6109,PREDICTION,src/tracking/advanced_tracker.py:id_merge,
L,0,6109,DETECTION,src/tracking/advanced_tracker.py:_activate_slot,6109_121_416_274_559
R,DETECTION,DETECTION,1
L,2,6109,DETECTION,src/tracking/advanced_tracker.py:_activate_slot,6109_229_455_374_553
R,DETECTION,DETECTION,1
L,3,6109,PREDICTION,src/tracking/advanced_tracker.py:id_merge,
R,PREDICTION,PREDICTION,1
L,4,6109,PREDICTION,src/tracking/advanced_tracker.py:kalman_homography,
R,PREDICTION,PREDICTION,1
L,9,6109,PREDICTION,src/tracking/advanced_tracker.py:id_merge,
R,PREDICTION,PREDICTION,1
A,6109
S,0,6115,DETECTION,src/tracking/advanced_tracker.py:_activate_slot,6115_118_427_267_554
S,1,6115,DETECTION,src/tracking/advanced_tracker.py:_activate_slot,6115_287_350_469_443
S,2,6115,DETECTION,src/tracking/advanced_tracker.py:_activate_slot,6115_248_692_407_801
S,3,6115,DETECTION,src/tracking/advanced_tracker.py:_activate_slot,6115_354_629_528_723
S,4,6115,DETECTION,src/tracking/advanced_tracker.py:_activate_slot,6115_225_463_371_549
S,5,6115,DETECTION,src/tracking/advanced_tracker.py:_activate_slot,6115_102_370_246_442
S,7,6115,DETECTION,src/tracking/advanced_tracker.py:_activate_slot,6115_199_575_335_647
S,8,6115,DETECTION,src/tracking/advanced_tracker.py:_activate_slot,6115_334_389_528_498
S,9,6115,DETECTION,src/tracking/advanced_tracker.py:_activate_slot,6115_200_574_349_660
S,6,6115,PREDICTION,src/tracking/advanced_tracker.py:kalman_homography,
D,0,6115
S,2,6115,PREDICTION,src/tracking/advanced_tracker.py:id_merge,
D,1,6115
S,3,6115,PREDICTION,src/tracking/advanced_tracker.py:id_merge,
D,2,6115
S,4,6115,PREDICTION,src/tracking/advanced_tracker.py:id_merge,
D,6,6115
S,5,6115,PREDICTION,src/tracking/advanced_tracker.py:id_merge,
D,5,6115
S,7,6115,PREDICTION,src/tracking/advanced_tracker.py:id_merge,
D,7,6115
S,9,6115,PREDICTION,src/tracking/advanced_tracker.py:id_merge,
L,3,6115,PREDICTION,src/tracking/advanced_tracker.py:id_merge,
R,PREDICTION,PREDICTION,1
L,4,6115,PREDICTION,src/tracking/advanced_tracker.py:id_merge,
R,PREDICTION,PREDICTION,1
L,8,6115,DETECTION,src/tracking/advanced_tracker.py:_activate_slot,6115_334_389_528_498
R,CLAMP,CLAMP,0
L,9,6115,PREDICTION,src/tracking/advanced_tracker.py:id_merge,
R,PREDICTION,PREDICTION,1
A,6115
S,0,6121,DETECTION,src/tracking/advanced_tracker.py:_activate_slot,6121_116_440_256_553
S,1,6121,DETECTION,src/tracking/advanced_tracker.py:_activate_slot,6121_284_339_469_428
S,3,6121,DETECTION,src/tracking/advanced_tracker.py:_activate_slot,6121_359_618_526_720
S,4,6121,DETECTION,src/tracking/advanced_tracker.py:_activate_slot,6121_217_478_370_552
S,5,6121,DETECTION,src/tracking/advanced_tracker.py:_activate_slot,6121_242_683_403_791
S,7,6121,DETECTION,src/tracking/advanced_tracker.py:_activate_slot,6121_190_567_336_641
S,9,6121,DETECTION,src/tracking/advanced_tracker.py:_activate_slot,6121_190_566_357_656
S,2,6121,PREDICTION,src/tracking/advanced_tracker.py:kalman_homography,
S,6,6121,PREDICTION,src/tracking/advanced_tracker.py:kalman_homography,
S,8,6121,PREDICTION,src/tracking/advanced_tracker.py:kalman_homography,
D,1,6121
S,3,6121,PREDICTION,src/tracking/advanced_tracker.py:id_merge,
D,2,6121
S,4,6121,PREDICTION,src/tracking/advanced_tracker.py:id_merge,
D,6,6121
S,5,6121,PREDICTION,src/tracking/advanced_tracker.py:id_merge,
D,5,6121
S,7,6121,PREDICTION,src/tracking/advanced_tracker.py:id_merge,
D,7,6121
S,9,6121,PREDICTION,src/tracking/advanced_tracker.py:id_merge,
L,0,6121,DETECTION,src/tracking/advanced_tracker.py:_activate_slot,6121_116_440_256_553
R,DETECTION,DETECTION,1
L,3,6121,PREDICTION,src/tracking/advanced_tracker.py:id_merge,
R,PREDICTION,PREDICTION,1
L,4,6121,PREDICTION,src/tracking/advanced_tracker.py:id_merge,
R,PREDICTION,PREDICTION,1
L,8,6121,PREDICTION,src/tracking/advanced_tracker.py:kalman_homography,
R,CLAMP,CLAMP,0
L,9,6121,PREDICTION,src/tracking/advanced_tracker.py:id_merge,
R,PREDICTION,PREDICTION,1
A,6121
S,0,6127,DETECTION,src/tracking/advanced_tracker.py:_activate_slot,6127_107_451_253_555
S,1,6127,DETECTION,src/tracking/advanced_tracker.py:_activate_slot,6127_276_316_465_418
S,2,6127,DETECTION,src/tracking/advanced_tracker.py:_activate_slot,6127_72_379_228_450
S,3,6127,DETECTION,src/tracking/advanced_tracker.py:_activate_slot,6127_359_608_527_706
S,4,6127,DETECTION,src/tracking/advanced_tracker.py:_activate_slot,6127_215_476_371_559
S,5,6127,DETECTION,src/tracking/advanced_tracker.py:_activate_slot,6127_243_679_403_775
S,7,6127,DETECTION,src/tracking/advanced_tracker.py:_activate_slot,6127_185_559_334_632
S,6,6127,PREDICTION,src/tracking/advanced_tracker.py:kalman_homography,
S,9,6127,PREDICTION,src/tracking/advanced_tracker.py:kalman_homography,
S,8,6127,PREDICTION,src/tracking/advanced_tracker.py:flow_gapfill_batched,
D,0,6127
S,2,6127,PREDICTION,src/tracking/advanced_tracker.py:id_merge,
D,1,6127
S,3,6127,PREDICTION,src/tracking/advanced_tracker.py:id_merge,
D,6,6127
S,5,6127,PREDICTION,src/tracking/advanced_tracker.py:id_merge,
D,5,6127
S,7,6127,PREDICTION,src/tracking/advanced_tracker.py:id_merge,
D,9,6127
S,7,6127,PREDICTION,src/tracking/advanced_tracker.py:id_merge,
L,2,6127,PREDICTION,src/tracking/advanced_tracker.py:id_merge,
R,PREDICTION,PREDICTION,1
L,3,6127,PREDICTION,src/tracking/advanced_tracker.py:id_merge,
R,PREDICTION,PREDICTION,1
L,4,6127,DETECTION,src/tracking/advanced_tracker.py:_activate_slot,6127_215_476_371_559
R,DETECTION,DETECTION,1
L,7,6127,PREDICTION,src/tracking/advanced_tracker.py:id_merge,
R,PREDICTION,PREDICTION,1
L,8,6127,PREDICTION,src/tracking/advanced_tracker.py:flow_gapfill_batched,
R,CLAMP,CLAMP,0
A,6127
S,0,6133,DETECTION,src/tracking/advanced_tracker.py:_activate_slot,6133_105_452_244_548
S,1,6133,DETECTION,src/tracking/advanced_tracker.py:_activate_slot,6133_268_289_459_409
S,2,6133,DETECTION,src/tracking/advanced_tracker.py:_activate_slot,6133_178_549_330_632
S,3,6133,DETECTION,src/tracking/advanced_tracker.py:_activate_slot,6133_358_604_529_689
S,4,6133,DETECTION,src/tracking/advanced_tracker.py:_activate_slot,6133_218_475_371_578
S,5,6133,DETECTION,src/tracking/advanced_tracker.py:_activate_slot,6133_242_682_397_759
S,6,6133,DETECTION,src/tracking/advanced_tracker.py:_activate_slot,6133_87_383_222_461
S,7,6133,PREDICTION,src/tracking/advanced_tracker.py:kalman_homography,
S,9,6133,PREDICTION,src/tracking/advanced_tracker.py:kalman_homography,
S,8,6133,PREDICTION,src/tracking/advanced_tracker.py:flow_gapfill_batched,
D,0,6133
S,2,6133,PREDICTION,src/tracking/advanced_tracker.py:id_merge,
D,2,6133
S,4,6133,PREDICTION,src/tracking/advanced_tracker.py:id_merge,
D,5,6133
S,6,6133,PREDICTION,src/tracking/advanced_tracker.py:id_merge,
D,7,6133
S,6,6133,PREDICTION,src/tracking/advanced_tracker.py:id_merge,
D,9,6133
S,6,6133,PREDICTION,src/tracking/advanced_tracker.py:id_merge,
L,1,6133,DETECTION,src/tracking/advanced_tracker.py:_activate_slot,6133_268_289_459_409
R,DETECTION,DETECTION,1
L,3,6133,DETECTION,src/tracking/advanced_tracker.py:_activate_slot,6133_358_604_529_689
R,DETECTION,DETECTION,1
L,4,6133,PREDICTION,src/tracking/advanced_tracker.py:id_merge,
R,PREDICTION,PREDICTION,1
L,6,6133,PREDICTION,src/tracking/advanced_tracker.py:id_merge,
R,PREDICTION,PREDICTION,1
L,8,6133,PREDICTION,src/tracking/advanced_tracker.py:flow_gapfill_batched,
R,CLAMP,CLAMP,0
A,6133
S,0,6139,DETECTION,src/tracking/advanced_tracker.py:_activate_slot,6139_107_454_244_545
S,1,6139,DETECTION,src/tracking/advanced_tracker.py:_activate_slot,6139_266_265_445_390
S,2,6139,DETECTION,src/tracking/advanced_tracker.py:_activate_slot,6139_217_475_363_590
S,3,6139,DETECTION,src/tracking/advanced_tracker.py:_activate_slot,6139_357_594_530_682
S,4,6139,DETECTION,src/tracking/advanced_tracker.py:_activate_slot,6139_329_429_517_552
S,5,6139,DETECTION,src/tracking/advanced_tracker.py:_activate_slot,6139_236_676_395_752
S,6,6139,DETECTION,src/tracking/advanced_tracker.py:_activate_slot,6139_94_387_220_471
S,7,6139,DETECTION,src/tracking/advanced_tracker.py:_activate_slot,6139_178_536_324_616
S,9,6139,PREDICTION,src/tracking/advanced_tracker.py:kalman_homography,
S,8,6139,PREDICTION,src/tracking/advanced_tracker.py:flow_gapfill_batched,
D,3,6139
S,4,6139,PREDICTION,src/tracking/advanced_tracker.py:id_merge,
D,5,6139
S,6,6139,PREDICTION,src/tracking/advanced_tracker.py:id_merge,
D,6,6139
S,7,6139,PREDICTION,src/tracking/advanced_tracker.py:id_merge,
D,9,6139
S,7,6139,PREDICTION,src/tracking/advanced_tracker.py:id_merge,
L,0,6139,DETECTION,src/tracking/advanced_tracker.py:_activate_slot,6139_107_454_244_545
R,DETECTION,DETECTION,1
L,1,6139,DETECTION,src/tracking/advanced_tracker.py:_activate_slot,6139_266_265_445_390
R,DETECTION,DETECTION,1
L,2,6139,DETECTION,src/tracking/advanced_tracker.py:_activate_slot,6139_217_475_363_590
R,DETECTION,DETECTION,1
L,4,6139,PREDICTION,src/tracking/advanced_tracker.py:id_merge,
R,CLAMP,CLAMP,0
L,7,6139,PREDICTION,src/tracking/advanced_tracker.py:id_merge,
R,PREDICTION,PREDICTION,1
L,8,6139,PREDICTION,src/tracking/advanced_tracker.py:flow_gapfill_batched,
R,CLAMP,CLAMP,0
A,6139
S,0,6145,DETECTION,src/tracking/advanced_tracker.py:_activate_slot,6145_97_455_245_542
S,1,6145,DETECTION,src/tracking/advanced_tracker.py:_activate_slot,6145_260_250_444_346
S,2,6145,DETECTION,src/tracking/advanced_tracker.py:_activate_slot,6145_218_473_350_589
S,3,6145,DETECTION,src/tracking/advanced_tracker.py:_activate_slot,6145_359_583_531_673
S,4,6145,DETECTION,src/tracking/advanced_tracker.py:_activate_slot,6145_325_442_533_559
S,5,6145,DETECTION,src/tracking/advanced_tracker.py:_activate_slot,6145_233_672_396_742
S,6,6145,DETECTION,src/tracking/advanced_tracker.py:_activate_slot,6145_83_389_219_476
S,7,6145,DETECTION,src/tracking/advanced_tracker.py:_activate_slot,6145_216_498_349_588
S,9,6145,PREDICTION,src/tracking/advanced_tracker.py:kalman_homography,
S,8,6145,PREDICTION,src/tracking/advanced_tracker.py:flow_gapfill_batched,
D,3,6145
S,4,6145,PREDICTION,src/tracking/advanced_tracker.py:id_merge,
D,5,6145
S,6,6145,PREDICTION,src/tracking/advanced_tracker.py:id_merge,
D,6,6145
S,7,6145,PREDICTION,src/tracking/advanced_tracker.py:id_merge,
D,9,6145
S,7,6145,PREDICTION,src/tracking/advanced_tracker.py:id_merge,
L,0,6145,DETECTION,src/tracking/advanced_tracker.py:_activate_slot,6145_97_455_245_542
R,DETECTION,DETECTION,1
L,1,6145,DETECTION,src/tracking/advanced_tracker.py:_activate_slot,6145_260_250_444_346
R,DETECTION,DETECTION,1
L,2,6145,DETECTION,src/tracking/advanced_tracker.py:_activate_slot,6145_218_473_350_589
R,DETECTION,DETECTION,1
L,4,6145,PREDICTION,src/tracking/advanced_tracker.py:id_merge,
R,CLAMP,CLAMP,0
L,7,6145,PREDICTION,src/tracking/advanced_tracker.py:id_merge,
R,PREDICTION,PREDICTION,1
L,8,6145,PREDICTION,src/tracking/advanced_tracker.py:flow_gapfill_batched,
R,CLAMP,CLAMP,0
A,6145
S,0,6151,DETECTION,src/tracking/advanced_tracker.py:_activate_slot,6151_89_450_242_543
S,1,6151,DETECTION,src/tracking/advanced_tracker.py:_activate_slot,6151_249_235_443_327
S,3,6151,DETECTION,src/tracking/advanced_tracker.py:_activate_slot,6151_359_566_532_664
S,4,6151,DETECTION,src/tracking/advanced_tracker.py:_activate_slot,6151_323_500_482_583
S,2,6151,DETECTION,src/tracking/advanced_tracker.py:_activate_slot,6151_182_508_336_588
S,5,6151,DETECTION,src/tracking/advanced_tracker.py:_activate_slot,6151_231_664_394_738
S,7,6151,DETECTION,src/tracking/advanced_tracker.py:_activate_slot,6151_209_508_351_590
S,6,6151,PREDICTION,src/tracking/advanced_tracker.py:kalman_homography,
S,9,6151,PREDICTION,src/tracking/advanced_tracker.py:kalman_homography,
S,8,6151,PREDICTION,src/tracking/advanced_tracker.py:flow_gapfill_batched,
D,0,6151
S,2,6151,PREDICTION,src/tracking/advanced_tracker.py:id_merge,
D,1,6151
S,4,6151,PREDICTION,src/tracking/advanced_tracker.py:id_merge,
D,6,6151
S,5,6151,PREDICTION,src/tracking/advanced_tracker.py:id_merge,
D,5,6151
S,7,6151,PREDICTION,src/tracking/advanced_tracker.py:id_merge,
D,9,6151
S,7,6151,PREDICTION,src/tracking/advanced_tracker.py:id_merge,
L,2,6151,PREDICTION,src/tracking/advanced_tracker.py:id_merge,
R,PREDICTION,PREDICTION,1
L,3,6151,DETECTION,src/tracking/advanced_tracker.py:_activate_slot,6151_359_566_532_664
R,DETECTION,DETECTION,1
L,4,6151,PREDICTION,src/tracking/advanced_tracker.py:id_merge,
R,PREDICTION,PREDICTION,1
L,7,6151,PREDICTION,src/tracking/advanced_tracker.py:id_merge,
R,PREDICTION,PREDICTION,1
L,8,6151,PREDICTION,src/tracking/advanced_tracker.py:flow_gapfill_batched,
R,CLAMP,CLAMP,0
A,6151
S,0,6157,DETECTION,src/tracking/advanced_tracker.py:_activate_slot,6157_90_444_241_539
S,1,6157,DETECTION,src/tracking/advanced_tracker.py:_activate_slot,6157_240_222_428_309
S,2,6157,DETECTION,src/tracking/advanced_tracker.py:_activate_slot,6157_180_494_367_603
S,3,6157,DETECTION,src/tracking/advanced_tracker.py:_activate_slot,6157_359_559_531_661
S,4,6157,DETECTION,src/tracking/advanced_tracker.py:_activate_slot,6157_325_515_474_599
S,5,6157,DETECTION,src/tracking/advanced_tracker.py:_activate_slot,6157_232_662_398_736
S,6,6157,DETECTION,src/tracking/advanced_tracker.py:_activate_slot,6157_73_392_213_468
S,8,6157,DETECTION,src/tracking/advanced_tracker.py:_activate_slot,6157_427_491_536_574
S,7,6157,PREDICTION,src/tracking/advanced_tracker.py:kalman_homography,
S,9,6157,PREDICTION,src/tracking/advanced_tracker.py:kalman_homography,
D,1,6157
S,4,6157,PREDICTION,src/tracking/advanced_tracker.py:id_merge,
D,5,6157
S,6,6157,PREDICTION,src/tracking/advanced_tracker.py:id_merge,
D,9,6157
S,6,6157,PREDICTION,src/tracking/advanced_tracker.py:id_merge,
L,0,6157,DETECTION,src/tracking/advanced_tracker.py:_activate_slot,6157_90_444_241_539
R,DETECTION,DETECTION,1
L,2,6157,DETECTION,src/tracking/advanced_tracker.py:_activate_slot,6157_180_494_367_603
R,DETECTION,DETECTION,1
L,3,6157,DETECTION,src/tracking/advanced_tracker.py:_activate_slot,6157_359_559_531_661
R,DETECTION,DETECTION,1
L,4,6157,PREDICTION,src/tracking/advanced_tracker.py:id_merge,
R,PREDICTION,PREDICTION,1
L,6,6157,PREDICTION,src/tracking/advanced_tracker.py:id_merge,
R,PREDICTION,PREDICTION,1
L,7,6157,PREDICTION,src/tracking/advanced_tracker.py:kalman_homography,
R,PREDICTION,PREDICTION,1
L,8,6157,DETECTION,src/tracking/advanced_tracker.py:_activate_slot,6157_427_491_536_574
R,CLAMP,CLAMP,0
A,6157
S,0,6163,DETECTION,src/tracking/advanced_tracker.py:_activate_slot,6163_99_443_242_531
S,1,6163,DETECTION,src/tracking/advanced_tracker.py:_activate_slot,6163_236_209_419_290
S,2,6163,DETECTION,src/tracking/advanced_tracker.py:_activate_slot,6163_78_407_213_467
S,3,6163,DETECTION,src/tracking/advanced_tracker.py:_activate_slot,6163_344_554_522_648
S,4,6163,DETECTION,src/tracking/advanced_tracker.py:_activate_slot,6163_176_481_322_563
S,5,6163,DETECTION,src/tracking/advanced_tracker.py:_activate_slot,6163_230_658_399_734
S,9,6163,DETECTION,src/tracking/advanced_tracker.py:_activate_slot,6163_217_510_366_634
S,6,6163,PREDICTION,src/tracking/advanced_tracker.py:kalman_homography,
S,7,6163,PREDICTION,src/tracking/advanced_tracker.py:kalman_homography,
S,8,6163,PREDICTION,src/tracking/advanced_tracker.py:kalman_homography,
D,0,6163
S,2,6163,PREDICTION,src/tracking/advanced_tracker.py:id_merge,
D,2,6163
S,4,6163,PREDICTION,src/tracking/advanced_tracker.py:id_merge,
D,6,6163
S,5,6163,PREDICTION,src/tracking/advanced_tracker.py:id_merge,
D,7,6163
S,5,6163,PREDICTION,src/tracking/advanced_tracker.py:id_merge,
D,5,6163
S,9,6163,PREDICTION,src/tracking/advanced_tracker.py:id_merge,
L,1,6163,DETECTION,src/tracking/advanced_tracker.py:_activate_slot,6163_236_209_419_290
R,DETECTION,DETECTION,1
L,3,6163,DETECTION,src/tracking/advanced_tracker.py:_activate_slot,6163_344_554_522_648
R,DETECTION,DETECTION,1
L,4,6163,PREDICTION,src/tracking/advanced_tracker.py:id_merge,
R,CLAMP,CLAMP,0
L,8,6163,PREDICTION,src/tracking/advanced_tracker.py:kalman_homography,
R,CLAMP,CLAMP,0
L,9,6163,PREDICTION,src/tracking/advanced_tracker.py:id_merge,
R,PREDICTION,PREDICTION,1
A,6163
S,0,6169,DETECTION,src/tracking/advanced_tracker.py:_activate_slot,6169_33_296_149_361
S,1,6169,DETECTION,src/tracking/advanced_tracker.py:_activate_slot,6169_227_199_411_278
S,2,6169,DETECTION,src/tracking/advanced_tracker.py:_activate_slot,6169_69_403_214_474
S,3,6169,DETECTION,src/tracking/advanced_tracker.py:_activate_slot,6169_424_512_539_582
S,4,6169,DETECTION,src/tracking/advanced_tracker.py:_activate_slot,6169_169_444_322_557
S,5,6169,DETECTION,src/tracking/advanced_tracker.py:_activate_slot,6169_229_657_399_731
S,8,6169,DETECTION,src/tracking/advanced_tracker.py:_activate_slot,6169_342_535_522_629
S,9,6169,DETECTION,src/tracking/advanced_tracker.py:_activate_slot,6169_233_544_363_638
S,6,6169,PREDICTION,src/tracking/advanced_tracker.py:kalman_homography,
S,7,6169,PREDICTION,src/tracking/advanced_tracker.py:kalman_homography,
D,0,6169
S,2,6169,PREDICTION,src/tracking/advanced_tracker.py:id_merge,
D,2,6169
S,4,6169,PREDICTION,src/tracking/advanced_tracker.py:id_merge,
D,6,6169
S,5,6169,PREDICTION,src/tracking/advanced_tracker.py:id_merge,
D,7,6169
S,5,6169,PREDICTION,src/tracking/advanced_tracker.py:id_merge,
D,5,6169
S,9,6169,PREDICTION,src/tracking/advanced_tracker.py:id_merge,
L,1,6169,DETECTION,src/tracking/advanced_tracker.py:_activate_slot,6169_227_199_411_278
R,DETECTION,DETECTION,1
L,3,6169,DETECTION,src/tracking/advanced_tracker.py:_activate_slot,6169_424_512_539_582
R,DETECTION,DETECTION,1
L,4,6169,PREDICTION,src/tracking/advanced_tracker.py:id_merge,
R,CLAMP,CLAMP,0
L,8,6169,DETECTION,src/tracking/advanced_tracker.py:_activate_slot,6169_342_535_522_629
R,CLAMP,CLAMP,0
L,9,6169,PREDICTION,src/tracking/advanced_tracker.py:id_merge,
R,PREDICTION,PREDICTION,1
A,6169
S,1,6175,DETECTION,src/tracking/advanced_tracker.py:_activate_slot,6175_218_183_401_270
S,2,6175,DETECTION,src/tracking/advanced_tracker.py:_activate_slot,6175_321_583_483_652
S,3,6175,DETECTION,src/tracking/advanced_tracker.py:_activate_slot,6175_346_532_528_614
S,4,6175,DETECTION,src/tracking/advanced_tracker.py:_activate_slot,6175_179_443_319_541
S,5,6175,DETECTION,src/tracking/advanced_tracker.py:_activate_slot,6175_228_647_397_729
S,8,6175,DETECTION,src/tracking/advanced_tracker.py:_activate_slot,6175_32_294_150_358
S,9,6175,DETECTION,src/tracking/advanced_tracker.py:_activate_slot,6175_232_549_362_639
S,0,6175,PREDICTION,src/tracking/advanced_tracker.py:kalman_homography,
S,6,6175,PREDICTION,src/tracking/advanced_tracker.py:kalman_homography,
S,7,6175,PREDICTION,src/tracking/advanced_tracker.py:kalman_homography,
D,0,6175
S,4,6175,PREDICTION,src/tracking/advanced_tracker.py:id_merge,
D,1,6175
S,2,6175,PREDICTION,src/tracking/advanced_tracker.py:id_merge,
D,5,6175
S,9,6175,PREDICTION,src/tracking/advanced_tracker.py:id_merge,
D,6,6175
S,8,6175,PREDICTION,src/tracking/advanced_tracker.py:id_merge,
L,2,6175,PREDICTION,src/tracking/advanced_tracker.py:id_merge,
R,PREDICTION,PREDICTION,1
L,3,6175,DETECTION,src/tracking/advanced_tracker.py:_activate_slot,6175_346_532_528_614
R,DETECTION,DETECTION,1
L,4,6175,PREDICTION,src/tracking/advanced_tracker.py:id_merge,
R,CLAMP,CLAMP,0
L,7,6175,PREDICTION,src/tracking/advanced_tracker.py:kalman_homography,
R,PREDICTION,PREDICTION,1
L,8,6175,PREDICTION,src/tracking/advanced_tracker.py:id_merge,
R,PREDICTION,PREDICTION,1
L,9,6175,PREDICTION,src/tracking/advanced_tracker.py:id_merge,
R,PREDICTION,PREDICTION,1
A,6175
S,0,6181,DETECTION,src/tracking/advanced_tracker.py:_activate_slot,6181_347_516_535_612
S,1,6181,DETECTION,src/tracking/advanced_tracker.py:_activate_slot,6181_215_176_393_265
S,2,6181,DETECTION,src/tracking/advanced_tracker.py:_activate_slot,6181_318_587_487_681
S,4,6181,DETECTION,src/tracking/advanced_tracker.py:_activate_slot,6181_166_421_321_531
S,5,6181,DETECTION,src/tracking/advanced_tracker.py:_activate_slot,6181_228_647_397_729
S,6,6181,DETECTION,src/tracking/advanced_tracker.py:_activate_slot,6181_58_412_206_479
S,8,6181,DETECTION,src/tracking/advanced_tracker.py:_activate_slot,6181_32_295_152_358
S,9,6181,DETECTION,src/tracking/advanced_tracker.py:_activate_slot,6181_231_552_365_645
S,3,6181,PREDICTION,src/tracking/advanced_tracker.py:kalman_homography,
S,7,6181,PREDICTION,src/tracking/advanced_tracker.py:kalman_homography,
D,3,6181
S,0,6181,PREDICTION,src/tracking/advanced_tracker.py:id_merge,
D,1,6181
S,2,6181,PREDICTION,src/tracking/advanced_tracker.py:id_merge,
D,5,6181
S,9,6181,PREDICTION,src/tracking/advanced_tracker.py:id_merge,
D,6,6181
S,8,6181,PREDICTION,src/tracking/advanced_tracker.py:id_merge,
L,0,6181,PREDICTION,src/tracking/advanced_tracker.py:id_merge,
R,CLAMP,CLAMP,0
L,2,6181,PREDICTION,src/tracking/advanced_tracker.py:id_merge,
R,PREDICTION,PREDICTION,1
L,4,6181,DETECTION,src/tracking/advanced_tracker.py:_activate_slot,6181_166_421_321_531
R,DETECTION,DETECTION,1
L,7,6181,PREDICTION,src/tracking/advanced_tracker.py:kalman_homography,
R,PREDICTION,PREDICTION,1
L,8,6181,PREDICTION,src/tracking/advanced_tracker.py:id_merge,
R,PREDICTION,PREDICTION,1
L,9,6181,PREDICTION,src/tracking/advanced_tracker.py:id_merge,
R,PREDICTION,PREDICTION,1
A,6181
S,0,6187,DETECTION,src/tracking/advanced_tracker.py:_activate_slot,6187_419_537_538_612
S,1,6187,DETECTION,src/tracking/advanced_tracker.py:_activate_slot,6187_212_171_383_265
S,2,6187,DETECTION,src/tracking/advanced_tracker.py:_activate_slot,6187_316_596_486_713
S,3,6187,DETECTION,src/tracking/advanced_tracker.py:_activate_slot,6187_352_481_516_584
S,4,6187,DETECTION,src/tracking/advanced_tracker.py:_activate_slot,6187_165_414_305_491
S,5,6187,DETECTION,src/tracking/advanced_tracker.py:_activate_slot,6187_216_654_397_730
S,8,6187,DETECTION,src/tracking/advanced_tracker.py:_activate_slot,6187_32_293_161_359
S,6,6187,DETECTION,src/tracking/advanced_tracker.py:_activate_slot,6187_59_411_216_532
S,7,6187,PREDICTION,src/tracking/advanced_tracker.py:kalman_homography,
S,9,6187,PREDICTION,src/tracking/advanced_tracker.py:kalman_homography,
D,0,6187
S,3,6187,PREDICTION,src/tracking/advanced_tracker.py:id_merge,
D,1,6187
S,2,6187,PREDICTION,src/tracking/advanced_tracker.py:id_merge,
D,9,6187
S,5,6187,PREDICTION,src/tracking/advanced_tracker.py:id_merge,
D,6,6187
S,8,6187,PREDICTION,src/tracking/advanced_tracker.py:id_merge,
L,2,6187,PREDICTION,src/tracking/advanced_tracker.py:id_merge,
R,PREDICTION,PREDICTION,1
L,3,6187,PREDICTION,src/tracking/advanced_tracker.py:id_merge,
R,PREDICTION,PREDICTION,1
L,4,6187,DETECTION,src/tracking/advanced_tracker.py:_activate_slot,6187_165_414_305_491
R,DETECTION,DETECTION,1
L,5,6187,PREDICTION,src/tracking/advanced_tracker.py:id_merge,
R,PREDICTION,PREDICTION,1
L,7,6187,PREDICTION,src/tracking/advanced_tracker.py:kalman_homography,
R,PREDICTION,PREDICTION,1
L,8,6187,PREDICTION,src/tracking/advanced_tracker.py:id_merge,
R,PREDICTION,PREDICTION,1
A,6187
S,0,6193,DETECTION,src/tracking/advanced_tracker.py:_activate_slot,6193_419_541_537_619
S,1,6193,DETECTION,src/tracking/advanced_tracker.py:_activate_slot,6193_208_164_373_268
S,2,6193,DETECTION,src/tracking/advanced_tracker.py:_activate_slot,6193_306_616_485_728
S,3,6193,DETECTION,src/tracking/advanced_tracker.py:_activate_slot,6193_353_475_517_582
S,4,6193,DETECTION,src/tracking/advanced_tracker.py:_activate_slot,6193_165_395_325_485
S,6,6193,DETECTION,src/tracking/advanced_tracker.py:_activate_slot,6193_63_401_219_533
S,8,6193,DETECTION,src/tracking/advanced_tracker.py:_activate_slot,6193_31_293_151_359
S,5,6193,PREDICTION,src/tracking/advanced_tracker.py:kalman_homography,
S,7,6193,PREDICTION,src/tracking/advanced_tracker.py:kalman_homography,
S,9,6193,PREDICTION,src/tracking/advanced_tracker.py:kalman_homography,
D,0,6193
S,3,6193,PREDICTION,src/tracking/advanced_tracker.py:id_merge,
D,1,6193
S,2,6193,PREDICTION,src/tracking/advanced_tracker.py:id_merge,
D,9,6193
S,5,6193,PREDICTION,src/tracking/advanced_tracker.py:id_merge,
D,6,6193
S,8,6193,PREDICTION,src/tracking/advanced_tracker.py:id_merge,
L,2,6193,PREDICTION,src/tracking/advanced_tracker.py:id_merge,
R,PREDICTION,PREDICTION,1
L,3,6193,PREDICTION,src/tracking/advanced_tracker.py:id_merge,
R,PREDICTION,PREDICTION,1
L,4,6193,DETECTION,src/tracking/advanced_tracker.py:_activate_slot,6193_165_395_325_485
R,DETECTION,DETECTION,1
L,5,6193,PREDICTION,src/tracking/advanced_tracker.py:id_merge,
R,PREDICTION,PREDICTION,1
L,7,6193,PREDICTION,src/tracking/advanced_tracker.py:kalman_homography,
R,PREDICTION,PREDICTION,1
L,8,6193,PREDICTION,src/tracking/advanced_tracker.py:id_merge,
R,PREDICTION,PREDICTION,1
A,6193
S,0,6199,DETECTION,src/tracking/advanced_tracker.py:_activate_slot,6199_417_549_539_629
S,1,6199,DETECTION,src/tracking/advanced_tracker.py:_activate_slot,6199_209_155_360_268
S,2,6199,DETECTION,src/tracking/advanced_tracker.py:_activate_slot,6199_311_658_485_742
S,3,6199,DETECTION,src/tracking/advanced_tracker.py:_activate_slot,6199_348_465_515_575
S,4,6199,DETECTION,src/tracking/advanced_tracker.py:_activate_slot,6199_173_376_333_454
S,6,6199,DETECTION,src/tracking/advanced_tracker.py:_activate_slot,6199_78_405_209_533
S,8,6199,DETECTION,src/tracking/advanced_tracker.py:_activate_slot,6199_32_293_150_358
S,5,6199,PREDICTION,src/tracking/advanced_tracker.py:kalman_homography,
S,9,6199,PREDICTION,src/tracking/advanced_tracker.py:kalman_homography,
S,7,6199,PREDICTION,src/tracking/advanced_tracker.py:flow_gapfill_batched,
D,0,6199
S,3,6199,PREDICTION,src/tracking/advanced_tracker.py:id_merge,
D,1,6199
S,2,6199,PREDICTION,src/tracking/advanced_tracker.py:id_merge,
D,7,6199
S,5,6199,PREDICTION,src/tracking/advanced_tracker.py:id_merge,
D,9,6199
S,5,6199,PREDICTION,src/tracking/advanced_tracker.py:id_merge,
D,6,6199
S,8,6199,PREDICTION,src/tracking/advanced_tracker.py:id_merge,
L,2,6199,PREDICTION,src/tracking/advanced_tracker.py:id_merge,
R,PREDICTION,PREDICTION,1
L,3,6199,PREDICTION,src/tracking/advanced_tracker.py:id_merge,
R,PREDICTION,PREDICTION,1
L,4,6199,DETECTION,src/tracking/advanced_tracker.py:_activate_slot,6199_173_376_333_454
R,DETECTION,DETECTION,1
L,5,6199,PREDICTION,src/tracking/advanced_tracker.py:id_merge,
R,PREDICTION,PREDICTION,1
L,8,6199,PREDICTION,src/tracking/advanced_tracker.py:id_merge,
R,PREDICTION,PREDICTION,1
A,6199
S,0,6205,DETECTION,src/tracking/advanced_tracker.py:_activate_slot,6205_415_553_538_641
S,1,6205,DETECTION,src/tracking/advanced_tracker.py:_activate_slot,6205_212_142_350_265
S,2,6205,DETECTION,src/tracking/advanced_tracker.py:_activate_slot,6205_311_671_486_780
S,3,6205,DETECTION,src/tracking/advanced_tracker.py:_activate_slot,6205_179_350_325_436
S,4,6205,DETECTION,src/tracking/advanced_tracker.py:_activate_slot,6205_341_443_514_544
S,5,6205,DETECTION,src/tracking/advanced_tracker.py:_activate_slot,6205_127_651_279_738
S,6,6205,PREDICTION,src/tracking/advanced_tracker.py:kalman_homography,
S,8,6205,PREDICTION,src/tracking/advanced_tracker.py:kalman_homography,
S,9,6205,PREDICTION,src/tracking/advanced_tracker.py:kalman_homography,
D,0,6205
S,4,6205,PREDICTION,src/tracking/advanced_tracker.py:id_merge,
D,1,6205
S,2,6205,PREDICTION,src/tracking/advanced_tracker.py:id_merge,
D,6,6205
S,5,6205,PREDICTION,src/tracking/advanced_tracker.py:id_merge,
D,8,6205
S,5,6205,PREDICTION,src/tracking/advanced_tracker.py:id_merge,
L,2,6205,PREDICTION,src/tracking/advanced_tracker.py:id_merge,
R,PREDICTION,PREDICTION,1
L,3,6205,DETECTION,src/tracking/advanced_tracker.py:_activate_slot,6205_179_350_325_436
R,CLAMP,CLAMP,0
L,4,6205,PREDICTION,src/tracking/advanced_tracker.py:id_merge,
R,CLAMP,CLAMP,0
L,5,6205,PREDICTION,src/tracking/advanced_tracker.py:id_merge,
R,PREDICTION,PREDICTION,1
L,9,6205,PREDICTION,src/tracking/advanced_tracker.py:kalman_homography,
R,PREDICTION,PREDICTION,1
A,6205
S,0,6211,DETECTION,src/tracking/advanced_tracker.py:_activate_slot,6211_414_552_533_654
S,1,6211,DETECTION,src/tracking/advanced_tracker.py:_activate_slot,6211_212_134_347_253
S,2,6211,DETECTION,src/tracking/advanced_tracker.py:_activate_slot,6211_310_685_486_812
S,3,6211,DETECTION,src/tracking/advanced_tracker.py:_activate_slot,6211_339_429_515_527
S,4,6211,DETECTION,src/tracking/advanced_tracker.py:_activate_slot,6211_179_314_327_429
S,5,6211,DETECTION,src/tracking/advanced_tracker.py:_activate_slot,6211_223_655_381_745
S,9,6211,DETECTION,src/tracking/advanced_tracker.py:_activate_slot,6211_236_573_353_681
S,6,6211,PREDICTION,src/tracking/advanced_tracker.py:kalman_homography,
S,8,6211,PREDICTION,src/tracking/advanced_tracker.py:kalman_homography,
D,0,6211
S,3,6211,PREDICTION,src/tracking/advanced_tracker.py:id_merge,
D,1,6211
S,2,6211,PREDICTION,src/tracking/advanced_tracker.py:id_merge,
D,6,6211
S,5,6211,PREDICTION,src/tracking/advanced_tracker.py:id_merge,
D,8,6211
S,5,6211,PREDICTION,src/tracking/advanced_tracker.py:id_merge,
D,5,6211
S,9,6211,PREDICTION,src/tracking/advanced_tracker.py:id_merge,
L,2,6211,PREDICTION,src/tracking/advanced_tracker.py:id_merge,
R,PREDICTION,PREDICTION,1
L,3,6211,PREDICTION,src/tracking/advanced_tracker.py:id_merge,
R,PREDICTION,PREDICTION,1
L,4,6211,DETECTION,src/tracking/advanced_tracker.py:_activate_slot,6211_179_314_327_429
R,DETECTION,DETECTION,1
L,9,6211,PREDICTION,src/tracking/advanced_tracker.py:id_merge,
R,PREDICTION,PREDICTION,1
A,6211
S,0,6217,DETECTION,src/tracking/advanced_tracker.py:_activate_slot,6217_413_552_533_657
S,1,6217,DETECTION,src/tracking/advanced_tracker.py:_activate_slot,6217_212_128_346_240
S,2,6217,DETECTION,src/tracking/advanced_tracker.py:_activate_slot,6217_313_707_482_823
S,3,6217,DETECTION,src/tracking/advanced_tracker.py:_activate_slot,6217_178_310_312_376
S,4,6217,DETECTION,src/tracking/advanced_tracker.py:_activate_slot,6217_177_308_330_407
S,5,6217,DETECTION,src/tracking/advanced_tracker.py:_activate_slot,6217_227_662_378_752
S,6,6217,DETECTION,src/tracking/advanced_tracker.py:_activate_slot,6217_62_435_193_533
S,9,6217,DETECTION,src/tracking/advanced_tracker.py:_activate_slot,6217_241_563_358_678
S,8,6217,PREDICTION,src/tracking/advanced_tracker.py:kalman_homography,
D,1,6217
S,2,6217,PREDICTION,src/tracking/advanced_tracker.py:id_merge,
D,3,6217
S,4,6217,PREDICTION,src/tracking/advanced_tracker.py:id_merge,
D,5,6217
S,6,6217,PREDICTION,src/tracking/advanced_tracker.py:id_merge,
D,8,6217
S,6,6217,PREDICTION,src/tracking/advanced_tracker.py:id_merge,
L,0,6217,DETECTION,src/tracking/advanced_tracker.py:_activate_slot,6217_413_552_533_657
R,CLAMP,CLAMP,0
L,2,6217,PREDICTION,src/tracking/advanced_tracker.py:id_merge,
R,PREDICTION,PREDICTION,1
L,4,6217,PREDICTION,src/tracking/advanced_tracker.py:id_merge,
R,PREDICTION,PREDICTION,1
L,6,6217,PREDICTION,src/tracking/advanced_tracker.py:id_merge,
R,PREDICTION,PREDICTION,1
L,9,6217,DETECTION,src/tracking/advanced_tracker.py:_activate_slot,6217_241_563_358_678
R,DETECTION,DETECTION,1
A,6217
S,0,6223,DETECTION,src/tracking/advanced_tracker.py:_activate_slot,6223_413_552_533_655
S,1,6223,DETECTION,src/tracking/advanced_tracker.py:_activate_slot,6223_210_127_346_232
S,2,6223,DETECTION,src/tracking/advanced_tracker.py:_activate_slot,6223_311_750_478_838
S,3,6223,DETECTION,src/tracking/advanced_tracker.py:_activate_slot,6223_136_619_273_714
S,4,6223,DETECTION,src/tracking/advanced_tracker.py:_activate_slot,6223_174_291_321_363
S,5,6223,DETECTION,src/tracking/advanced_tracker.py:_activate_slot,6223_229_661_391_763
S,6,6223,DETECTION,src/tracking/advanced_tracker.py:_activate_slot,6223_58_460_185_543
S,9,6223,DETECTION,src/tracking/advanced_tracker.py:_activate_slot,6223_243_545_363_671
S,8,6223,PREDICTION,src/tracking/advanced_tracker.py:kalman_homography,
D,1,6223
S,2,6223,PREDICTION,src/tracking/advanced_tracker.py:id_merge,
D,2,6223
S,4,6223,PREDICTION,src/tracking/advanced_tracker.py:id_merge,
D,5,6223
S,9,6223,PREDICTION,src/tracking/advanced_tracker.py:id_merge,
D,8,6223
S,6,6223,PREDICTION,src/tracking/advanced_tracker.py:id_merge,
L,0,6223,DETECTION,src/tracking/advanced_tracker.py:_activate_slot,6223_413_552_533_655
R,CLAMP,CLAMP,0
L,3,6223,DETECTION,src/tracking/advanced_tracker.py:_activate_slot,6223_136_619_273_714
R,CLAMP,CLAMP,0
L,4,6223,PREDICTION,src/tracking/advanced_tracker.py:id_merge,
R,PREDICTION,PREDICTION,1
L,6,6223,PREDICTION,src/tracking/advanced_tracker.py:id_merge,
R,PREDICTION,PREDICTION,1
L,9,6223,PREDICTION,src/tracking/advanced_tracker.py:id_merge,
R,PREDICTION,PREDICTION,1
A,6223
S,0,6229,DETECTION,src/tracking/advanced_tracker.py:_activate_slot,6229_414_552_533_650
S,1,6229,DETECTION,src/tracking/advanced_tracker.py:_activate_slot,6229_200_127_346_227
S,2,6229,DETECTION,src/tracking/advanced_tracker.py:_activate_slot,6229_308_769_482_853
S,3,6229,DETECTION,src/tracking/advanced_tracker.py:_activate_slot,6229_134_608_260_700
S,4,6229,DETECTION,src/tracking/advanced_tracker.py:_activate_slot,6229_177_263_337_342
S,5,6229,DETECTION,src/tracking/advanced_tracker.py:_activate_slot,6229_235_672_391_764
S,6,6229,DETECTION,src/tracking/advanced_tracker.py:_activate_slot,6229_52_478_185_543
S,9,6229,DETECTION,src/tracking/advanced_tracker.py:_activate_slot,6229_243_526_362_627
S,8,6229,PREDICTION,src/tracking/advanced_tracker.py:kalman_homography,
D,1,6229
S,4,6229,PREDICTION,src/tracking/advanced_tracker.py:id_merge,
D,2,6229
S,4,6229,PREDICTION,src/tracking/advanced_tracker.py:id_merge,
D,5,6229
S,9,6229,PREDICTION,src/tracking/advanced_tracker.py:id_merge,
D,8,6229
S,6,6229,PREDICTION,src/tracking/advanced_tracker.py:id_merge,
L,0,6229,DETECTION,src/tracking/advanced_tracker.py:_activate_slot,6229_414_552_533_650
R,CLAMP,CLAMP,0
L,3,6229,DETECTION,src/tracking/advanced_tracker.py:_activate_slot,6229_134_608_260_700
R,CLAMP,CLAMP,0
L,4,6229,PREDICTION,src/tracking/advanced_tracker.py:id_merge,
R,PREDICTION,PREDICTION,1
L,6,6229,PREDICTION,src/tracking/advanced_tracker.py:id_merge,
R,PREDICTION,PREDICTION,1
L,9,6229,PREDICTION,src/tracking/advanced_tracker.py:id_merge,
R,PREDICTION,PREDICTION,1
A,6229
S,0,6235,DETECTION,src/tracking/advanced_tracker.py:_activate_slot,6235_415_548_535_640
S,1,6235,DETECTION,src/tracking/advanced_tracker.py:_activate_slot,6235_192_126_347_245
S,2,6235,DETECTION,src/tracking/advanced_tracker.py:_activate_slot,6235_309_773_485_885
S,3,6235,DETECTION,src/tracking/advanced_tracker.py:_activate_slot,6235_133_612_250_688
S,4,6235,DETECTION,src/tracking/advanced_tracker.py:_activate_slot,6235_186_216_342_325
S,5,6235,DETECTION,src/tracking/advanced_tracker.py:_activate_slot,6235_235_692_393_770
S,6,6235,DETECTION,src/tracking/advanced_tracker.py:_activate_slot,6235_66_476_224_571
S,9,6235,DETECTION,src/tracking/advanced_tracker.py:_activate_slot,6235_244_515_389_608
S,8,6235,PREDICTION,src/tracking/advanced_tracker.py:kalman_homography,
D,1,6235
S,4,6235,PREDICTION,src/tracking/advanced_tracker.py:id_merge,
D,2,6235
S,4,6235,PREDICTION,src/tracking/advanced_tracker.py:id_merge,
D,5,6235
S,6,6235,PREDICTION,src/tracking/advanced_tracker.py:id_merge,
D,8,6235
S,6,6235,PREDICTION,src/tracking/advanced_tracker.py:id_merge,
L,0,6235,DETECTION,src/tracking/advanced_tracker.py:_activate_slot,6235_415_548_535_640
R,CLAMP,CLAMP,0
L,3,6235,DETECTION,src/tracking/advanced_tracker.py:_activate_slot,6235_133_612_250_688
R,CLAMP,CLAMP,0
L,4,6235,PREDICTION,src/tracking/advanced_tracker.py:id_merge,
R,PREDICTION,PREDICTION,1
L,6,6235,PREDICTION,src/tracking/advanced_tracker.py:id_merge,
R,PREDICTION,PREDICTION,1
L,9,6235,DETECTION,src/tracking/advanced_tracker.py:_activate_slot,6235_244_515_389_608
R,DETECTION,DETECTION,1
A,6235
S,0,6241,DETECTION,src/tracking/advanced_tracker.py:_activate_slot,6241_418_543_538_631
S,1,6241,DETECTION,src/tracking/advanced_tracker.py:_activate_slot,6241_187_127_345_227
S,2,6241,DETECTION,src/tracking/advanced_tracker.py:_activate_slot,6241_315_783_486_902
S,3,6241,DETECTION,src/tracking/advanced_tracker.py:_activate_slot,6241_131_560_266_662
S,4,6241,DETECTION,src/tracking/advanced_tracker.py:_activate_slot,6241_198_214_348_313
S,5,6241,DETECTION,src/tracking/advanced_tracker.py:_activate_slot,6241_237_694_389_778
S,9,6241,DETECTION,src/tracking/advanced_tracker.py:_activate_slot,6241_133_602_271_672
S,6,6241,PREDICTION,src/tracking/advanced_tracker.py:kalman_homography,
S,8,6241,PREDICTION,src/tracking/advanced_tracker.py:kalman_homography,
D,1,6241
S,4,6241,PREDICTION,src/tracking/advanced_tracker.py:id_merge,
D,6,6241
S,5,6241,PREDICTION,src/tracking/advanced_tracker.py:id_merge,
D,5,6241
S,9,6241,PREDICTION,src/tracking/advanced_tracker.py:id_merge,
D,8,6241
S,9,6241,PREDICTION,src/tracking/advanced_tracker.py:id_merge,
L,0,6241,DETECTION,src/tracking/advanced_tracker.py:_activate_slot,6241_418_543_538_631
R,CLAMP,CLAMP,0
L,2,6241,DETECTION,src/tracking/advanced_tracker.py:_activate_slot,6241_315_783_486_902
R,DETECTION,DETECTION,1
L,3,6241,DETECTION,src/tracking/advanced_tracker.py:_activate_slot,6241_131_560_266_662
R,CLAMP,CLAMP,0
L,4,6241,PREDICTION,src/tracking/advanced_tracker.py:id_merge,
R,PREDICTION,PREDICTION,1
L,9,6241,PREDICTION,src/tracking/advanced_tracker.py:id_merge,
R,PREDICTION,PREDICTION,1
A,6241
S,1,6247,DETECTION,src/tracking/advanced_tracker.py:_activate_slot,6247_186_135_342_224
S,2,6247,DETECTION,src/tracking/advanced_tracker.py:_activate_slot,6247_320_783_489_901
S,3,6247,DETECTION,src/tracking/advanced_tracker.py:_activate_slot,6247_128_561_263_635
S,4,6247,DETECTION,src/tracking/advanced_tracker.py:_activate_slot,6247_211_209_353_300
S,5,6247,DETECTION,src/tracking/advanced_tracker.py:_activate_slot,6247_239_697_392_787
S,7,6247,DETECTION,src/tracking/advanced_tracker.py:_activate_slot,6247_421_535_539_621
S,9,6247,DETECTION,src/tracking/advanced_tracker.py:_activate_slot,6247_132_586_257_662
S,0,6247,PREDICTION,src/tracking/advanced_tracker.py:kalman_homography,
S,6,6247,PREDICTION,src/tracking/advanced_tracker.py:kalman_homography,
S,8,6247,PREDICTION,src/tracking/advanced_tracker.py:flow_gapfill_batched,
D,1,6247
S,4,6247,PREDICTION,src/tracking/advanced_tracker.py:id_merge,
D,6,6247
S,5,6247,PREDICTION,src/tracking/advanced_tracker.py:id_merge,
D,8,6247
S,5,6247,PREDICTION,src/tracking/advanced_tracker.py:id_merge,
L,0,6247,PREDICTION,src/tracking/advanced_tracker.py:kalman_homography,
R,CLAMP,CLAMP,0
L,2,6247,DETECTION,src/tracking/advanced_tracker.py:_activate_slot,6247_320_783_489_901
R,DETECTION,DETECTION,1
L,3,6247,DETECTION,src/tracking/advanced_tracker.py:_activate_slot,6247_128_561_263_635
R,CLAMP,CLAMP,0
L,4,6247,PREDICTION,src/tracking/advanced_tracker.py:id_merge,
R,PREDICTION,PREDICTION,1
L,5,6247,PREDICTION,src/tracking/advanced_tracker.py:id_merge,
R,PREDICTION,PREDICTION,1
L,7,6247,DETECTION,src/tracking/advanced_tracker.py:_activate_slot,6247_421_535_539_621
R,CLAMP,CLAMP,0
L,9,6247,DETECTION,src/tracking/advanced_tracker.py:_activate_slot,6247_132_586_257_662
R,DETECTION,DETECTION,1
A,6247
S,0,6253,DETECTION,src/tracking/advanced_tracker.py:_activate_slot,6253_123_554_271_632
S,1,6253,DETECTION,src/tracking/advanced_tracker.py:_activate_slot,6253_184_140_343_222
S,2,6253,DETECTION,src/tracking/advanced_tracker.py:_activate_slot,6253_316_785_488_901
S,3,6253,DETECTION,src/tracking/advanced_tracker.py:_activate_slot,6253_132_554_272_654
S,4,6253,DETECTION,src/tracking/advanced_tracker.py:_activate_slot,6253_212_184_352_291
S,7,6253,DETECTION,src/tracking/advanced_tracker.py:_activate_slot,6253_424_524_535_610
S,5,6253,PREDICTION,src/tracking/advanced_tracker.py:kalman_homography,
S,6,6253,PREDICTION,src/tracking/advanced_tracker.py:kalman_homography,
S,9,6253,PREDICTION,src/tracking/advanced_tracker.py:kalman_homography,
D,0,6253
S,3,6253,PREDICTION,src/tracking/advanced_tracker.py:id_merge,
D,1,6253
S,4,6253,PREDICTION,src/tracking/advanced_tracker.py:id_merge,
D,6,6253
S,9,6253,PREDICTION,src/tracking/advanced_tracker.py:id_merge,
L,2,6253,DETECTION,src/tracking/advanced_tracker.py:_activate_slot,6253_316_785_488_901
R,DETECTION,DETECTION,1
L,3,6253,PREDICTION,src/tracking/advanced_tracker.py:id_merge,
R,CLAMP,CLAMP,0
L,4,6253,PREDICTION,src/tracking/advanced_tracker.py:id_merge,
R,PREDICTION,PREDICTION,1
L,5,6253,PREDICTION,src/tracking/advanced_tracker.py:kalman_homography,
R,PREDICTION,PREDICTION,1
L,7,6253,DETECTION,src/tracking/advanced_tracker.py:_activate_slot,6253_424_524_535_610
R,CLAMP,CLAMP,0
L,9,6253,PREDICTION,src/tracking/advanced_tracker.py:id_merge,
R,PREDICTION,PREDICTION,1
A,6253
S,0,6259,DETECTION,src/tracking/advanced_tracker.py:_activate_slot,6259_423_513_534_599
S,1,6259,DETECTION,src/tracking/advanced_tracker.py:_activate_slot,6259_181_145_343_221
S,2,6259,DETECTION,src/tracking/advanced_tracker.py:_activate_slot,6259_314_790_489_900
S,3,6259,DETECTION,src/tracking/advanced_tracker.py:_activate_slot,6259_131_553_270_659
S,4,6259,DETECTION,src/tracking/advanced_tracker.py:_activate_slot,6259_211_198_351_284
S,6,6259,DETECTION,src/tracking/advanced_tracker.py:_activate_slot,6259_91_508_227_616
S,9,6259,DETECTION,src/tracking/advanced_tracker.py:_activate_slot,6259_314_337_494_414
S,5,6259,PREDICTION,src/tracking/advanced_tracker.py:kalman_homography,
S,7,6259,PREDICTION,src/tracking/advanced_tracker.py:kalman_homography,
D,1,6259
S,4,6259,PREDICTION,src/tracking/advanced_tracker.py:id_merge,
L,0,6259,DETECTION,src/tracking/advanced_tracker.py:_activate_slot,6259_423_513_534_599
R,CLAMP,CLAMP,0
L,2,6259,DETECTION,src/tracking/advanced_tracker.py:_activate_slot,6259_314_790_489_900
R,DETECTION,DETECTION,1
L,3,6259,DETECTION,src/tracking/advanced_tracker.py:_activate_slot,6259_131_553_270_659
R,CLAMP,CLAMP,0
L,4,6259,PREDICTION,src/tracking/advanced_tracker.py:id_merge,
R,PREDICTION,PREDICTION,1
L,5,6259,PREDICTION,src/tracking/advanced_tracker.py:kalman_homography,
R,PREDICTION,PREDICTION,1
L,6,6259,DETECTION,src/tracking/advanced_tracker.py:_activate_slot,6259_91_508_227_616
R,DETECTION,DETECTION,1
L,7,6259,PREDICTION,src/tracking/advanced_tracker.py:kalman_homography,
R,CLAMP,CLAMP,0
L,9,6259,DETECTION,src/tracking/advanced_tracker.py:_activate_slot,6259_314_337_494_414
R,CLAMP,CLAMP,0
A,6259
S,0,6265,DETECTION,src/tracking/advanced_tracker.py:_activate_slot,6265_422_505_537_591
S,1,6265,DETECTION,src/tracking/advanced_tracker.py:_activate_slot,6265_177_144_341_218
S,2,6265,DETECTION,src/tracking/advanced_tracker.py:_activate_slot,6265_314_802_492_900
S,3,6265,DETECTION,src/tracking/advanced_tracker.py:_activate_slot,6265_244_716_393_826
S,4,6265,DETECTION,src/tracking/advanced_tracker.py:_activate_slot,6265_202_209_328_288
S,5,6265,PREDICTION,src/tracking/advanced_tracker.py:kalman_homography,
S,6,6265,PREDICTION,src/tracking/advanced_tracker.py:kalman_homography,
S,7,6265,PREDICTION,src/tracking/advanced_tracker.py:kalman_homography,
S,9,6265,PREDICTION,src/tracking/advanced_tracker.py:kalman_homography,
D,1,6265
S,4,6265,PREDICTION,src/tracking/advanced_tracker.py:id_merge,
D,7,6265
S,9,6265,PREDICTION,src/tracking/advanced_tracker.py:id_merge,
L,0,6265,DETECTION,src/tracking/advanced_tracker.py:_activate_slot,6265_422_505_537_591
R,CLAMP,CLAMP,0
L,2,6265,DETECTION,src/tracking/advanced_tracker.py:_activate_slot,6265_314_802_492_900
R,DETECTION,DETECTION,1
L,3,6265,DETECTION,src/tracking/advanced_tracker.py:_activate_slot,6265_244_716_393_826
R,CLAMP,CLAMP,0
L,4,6265,PREDICTION,src/tracking/advanced_tracker.py:id_merge,
R,PREDICTION,PREDICTION,1
L,5,6265,PREDICTION,src/tracking/advanced_tracker.py:kalman_homography,
R,PREDICTION,PREDICTION,1
L,6,6265,PREDICTION,src/tracking/advanced_tracker.py:kalman_homography,
R,PREDICTION,PREDICTION,1
L,9,6265,PREDICTION,src/tracking/advanced_tracker.py:id_merge,
R,CLAMP,CLAMP,0
A,6265
S,0,6271,DETECTION,src/tracking/advanced_tracker.py:_activate_slot,6271_421_493_537_586
S,1,6271,DETECTION,src/tracking/advanced_tracker.py:_activate_slot,6271_172_144_340_216
S,2,6271,DETECTION,src/tracking/advanced_tracker.py:_activate_slot,6271_189_174_328_304
S,4,6271,DETECTION,src/tracking/advanced_tracker.py:_activate_slot,6271_189_210_326_305
S,5,6271,DETECTION,src/tracking/advanced_tracker.py:_activate_slot,6271_242_718_390_830
S,6,6271,DETECTION,src/tracking/advanced_tracker.py:_activate_slot,6271_107_542_257_619
S,9,6271,DETECTION,src/tracking/advanced_tracker.py:_activate_slot,6271_316_808_491_900
S,3,6271,PREDICTION,src/tracking/advanced_tracker.py:kalman_homography,
S,7,6271,PREDICTION,src/tracking/advanced_tracker.py:kalman_homography,
D,1,6271
S,2,6271,PREDICTION,src/tracking/advanced_tracker.py:id_merge,
D,2,6271
S,4,6271,PREDICTION,src/tracking/advanced_tracker.py:id_merge,
D,5,6271
S,6,6271,PREDICTION,src/tracking/advanced_tracker.py:id_merge,
L,0,6271,DETECTION,src/tracking/advanced_tracker.py:_activate_slot,6271_421_493_537_586
R,CLAMP,CLAMP,0
L,3,6271,PREDICTION,src/tracking/advanced_tracker.py:kalman_homography,
R,CLAMP,CLAMP,0
L,4,6271,PREDICTION,src/tracking/advanced_tracker.py:id_merge,
R,PREDICTION,PREDICTION,1
L,6,6271,PREDICTION,src/tracking/advanced_tracker.py:id_merge,
R,PREDICTION,PREDICTION,1
L,7,6271,PREDICTION,src/tracking/advanced_tracker.py:kalman_homography,
R,CLAMP,CLAMP,0
L,9,6271,DETECTION,src/tracking/advanced_tracker.py:_activate_slot,6271_316_808_491_900
R,CLAMP,CLAMP,0
A,6271
S,0,6277,DETECTION,src/tracking/advanced_tracker.py:_activate_slot,6277_244_729_392_831
S,1,6277,DETECTION,src/tracking/advanced_tracker.py:_activate_slot,6277_169_138_335_208
S,2,6277,DETECTION,src/tracking/advanced_tracker.py:_activate_slot,6277_170_138_338_232
S,3,6277,DETECTION,src/tracking/advanced_tracker.py:_activate_slot,6277_319_811_491_899
S,4,6277,DETECTION,src/tracking/advanced_tracker.py:_activate_slot,6277_181_217_333_308
S,6,6277,DETECTION,src/tracking/advanced_tracker.py:_activate_slot,6277_109_536_251_612
S,7,6277,DETECTION,src/tracking/advanced_tracker.py:_activate_slot,6277_427_486_541_576
S,9,6277,DETECTION,src/tracking/advanced_tracker.py:_activate_slot,6277_314_311_493_397
S,5,6277,PREDICTION,src/tracking/advanced_tracker.py:kalman_homography,
D,1,6277
S,2,6277,PREDICTION,src/tracking/advanced_tracker.py:id_merge,
D,2,6277
S,4,6277,PREDICTION,src/tracking/advanced_tracker.py:id_merge,
D,5,6277
S,6,6277,PREDICTION,src/tracking/advanced_tracker.py:id_merge,
L,0,6277,DETECTION,src/tracking/advanced_tracker.py:_activate_slot,6277_244_729_392_831
R,DETECTION,DETECTION,1
L,3,6277,DETECTION,src/tracking/advanced_tracker.py:_activate_slot,6277_319_811_491_899
R,CLAMP,CLAMP,0
L,4,6277,PREDICTION,src/tracking/advanced_tracker.py:id_merge,
R,PREDICTION,PREDICTION,1
L,6,6277,PREDICTION,src/tracking/advanced_tracker.py:id_merge,
R,PREDICTION,PREDICTION,1
L,7,6277,DETECTION,src/tracking/advanced_tracker.py:_activate_slot,6277_427_486_541_576
R,CLAMP,CLAMP,0
L,9,6277,DETECTION,src/tracking/advanced_tracker.py:_activate_slot,6277_314_311_493_397
R,CLAMP,CLAMP,0
A,6277
S,0,6283,DETECTION,src/tracking/advanced_tracker.py:_activate_slot,6283_244_733_398_829
S,1,6283,DETECTION,src/tracking/advanced_tracker.py:_activate_slot,6283_167_137_334_211
S,2,6283,DETECTION,src/tracking/advanced_tracker.py:_activate_slot,6283_166_134_336_228
S,3,6283,DETECTION,src/tracking/advanced_tracker.py:_activate_slot,6283_115_518_245_596
S,4,6283,DETECTION,src/tracking/advanced_tracker.py:_activate_slot,6283_178_208_327_316
S,6,6283,DETECTION,src/tracking/advanced_tracker.py:_activate_slot,6283_98_558_254_650
S,9,6283,DETECTION,src/tracking/advanced_tracker.py:_activate_slot,6283_431_479_539_566
S,5,6283,PREDICTION,src/tracking/advanced_tracker.py:kalman_homography,
S,7,6283,PREDICTION,src/tracking/advanced_tracker.py:kalman_homography,
D,0,6283
S,3,6283,PREDICTION,src/tracking/advanced_tracker.py:id_merge,
D,1,6283
S,2,6283,PREDICTION,src/tracking/advanced_tracker.py:id_merge,
D,2,6283
S,4,6283,PREDICTION,src/tracking/advanced_tracker.py:id_merge,
D,5,6283
S,6,6283,PREDICTION,src/tracking/advanced_tracker.py:id_merge,
D,7,6283
S,9,6283,PREDICTION,src/tracking/advanced_tracker.py:id_merge,
L,3,6283,PREDICTION,src/tracking/advanced_tracker.py:id_merge,
R,CLAMP,CLAMP,0
L,4,6283,PREDICTION,src/tracking/advanced_tracker.py:id_merge,
R,PREDICTION,PREDICTION,1
L,6,6283,PREDICTION,src/tracking/advanced_tracker.py:id_merge,
R,PREDICTION,PREDICTION,1
L,9,6283,PREDICTION,src/tracking/advanced_tracker.py:id_merge,
R,CLAMP,CLAMP,0
A,6283
S,0,6289,DETECTION,src/tracking/advanced_tracker.py:_activate_slot,6289_250_730_404_826
S,1,6289,DETECTION,src/tracking/advanced_tracker.py:_activate_slot,6289_161_135_331_227
S,2,6289,DETECTION,src/tracking/advanced_tracker.py:_activate_slot,6289_435_470_540_555
S,3,6289,DETECTION,src/tracking/advanced_tracker.py:_activate_slot,6289_117_512_228_596
S,4,6289,DETECTION,src/tracking/advanced_tracker.py:_activate_slot,6289_178_233_327_337
S,6,6289,DETECTION,src/tracking/advanced_tracker.py:_activate_slot,6289_113_560_257_647
S,8,6289,DETECTION,src/tracking/advanced_tracker.py:_activate_slot,6289_99_590_239_686
S,5,6289,PREDICTION,src/tracking/advanced_tracker.py:kalman_homography,
S,7,6289,PREDICTION,src/tracking/advanced_tracker.py:kalman_homography,
S,9,6289,PREDICTION,src/tracking/advanced_tracker.py:kalman_homography,
D,0,6289
S,3,6289,PREDICTION,src/tracking/advanced_tracker.py:id_merge,
D,1,6289
S,4,6289,PREDICTION,src/tracking/advanced_tracker.py:id_merge,
D,5,6289
S,6,6289,PREDICTION,src/tracking/advanced_tracker.py:id_merge,
D,6,6289
S,8,6289,PREDICTION,src/tracking/advanced_tracker.py:id_merge,
L,2,6289,DETECTION,src/tracking/advanced_tracker.py:_activate_slot,6289_435_470_540_555
R,CLAMP,CLAMP,0
L,3,6289,PREDICTION,src/tracking/advanced_tracker.py:id_merge,
R,CLAMP,CLAMP,0
L,4,6289,PREDICTION,src/tracking/advanced_tracker.py:id_merge,
R,PREDICTION,PREDICTION,1
L,7,6289,PREDICTION,src/tracking/advanced_tracker.py:kalman_homography,
R,CLAMP,CLAMP,0
L,8,6289,PREDICTION,src/tracking/advanced_tracker.py:id_merge,
R,PREDICTION,PREDICTION,1
L,9,6289,PREDICTION,src/tracking/advanced_tracker.py:kalman_homography,
R,CLAMP,CLAMP,0
A,6289
S,0,6295,DETECTION,src/tracking/advanced_tracker.py:_activate_slot,6295_260_722_419_822
S,1,6295,DETECTION,src/tracking/advanced_tracker.py:_activate_slot,6295_152_136_327_221
S,2,6295,DETECTION,src/tracking/advanced_tracker.py:_activate_slot,6295_436_463_536_548
S,3,6295,DETECTION,src/tracking/advanced_tracker.py:_activate_slot,6295_113_557_248_646
S,4,6295,DETECTION,src/tracking/advanced_tracker.py:_activate_slot,6295_178_238_324_352
S,5,6295,PREDICTION,src/tracking/advanced_tracker.py:kalman_homography,
S,6,6295,PREDICTION,src/tracking/advanced_tracker.py:kalman_homography,
S,7,6295,PREDICTION,src/tracking/advanced_tracker.py:kalman_homography,
S,8,6295,PREDICTION,src/tracking/advanced_tracker.py:kalman_homography,
S,9,6295,PREDICTION,src/tracking/advanced_tracker.py:flow_gapfill_batched,
D,1,6295
S,4,6295,PREDICTION,src/tracking/advanced_tracker.py:id_merge,
D,5,6295
S,6,6295,PREDICTION,src/tracking/advanced_tracker.py:id_merge,
D,6,6295
S,8,6295,PREDICTION,src/tracking/advanced_tracker.py:id_merge,
L,0,6295,DETECTION,src/tracking/advanced_tracker.py:_activate_slot,6295_260_722_419_822
R,DETECTION,DETECTION,1
L,2,6295,DETECTION,src/tracking/advanced_tracker.py:_activate_slot,6295_436_463_536_548
R,CLAMP,CLAMP,0
L,3,6295,DETECTION,src/tracking/advanced_tracker.py:_activate_slot,6295_113_557_248_646
R,CLAMP,CLAMP,0
L,4,6295,PREDICTION,src/tracking/advanced_tracker.py:id_merge,
R,PREDICTION,PREDICTION,1
L,7,6295,PREDICTION,src/tracking/advanced_tracker.py:kalman_homography,
R,CLAMP,CLAMP,0
L,8,6295,PREDICTION,src/tracking/advanced_tracker.py:id_merge,
R,PREDICTION,PREDICTION,1
L,9,6295,PREDICTION,src/tracking/advanced_tracker.py:flow_gapfill_batched,
R,CLAMP,CLAMP,0
A,6295
S,0,6301,DETECTION,src/tracking/advanced_tracker.py:_activate_slot,6301_264_723_418_821
S,1,6301,DETECTION,src/tracking/advanced_tracker.py:_activate_slot,6301_154_138_326_233
S,2,6301,DETECTION,src/tracking/advanced_tracker.py:_activate_slot,6301_438_448_540_538
S,3,6301,DETECTION,src/tracking/advanced_tracker.py:_activate_slot,6301_329_793_494_872
S,4,6301,DETECTION,src/tracking/advanced_tracker.py:_activate_slot,6301_175_245_322_353
S,6,6301,DETECTION,src/tracking/advanced_tracker.py:_activate_slot,6301_116_555_246_645
S,8,6301,DETECTION,src/tracking/advanced_tracker.py:_activate_slot,6301_114_611_239_684
S,5,6301,PREDICTION,src/tracking/advanced_tracker.py:kalman_homography,
S,7,6301,PREDICTION,src/tracking/advanced_tracker.py:kalman_homography,
S,9,6301,PREDICTION,src/tracking/advanced_tracker.py:flow_gapfill_batched,
D,1,6301
S,4,6301,PREDICTION,src/tracking/advanced_tracker.py:id_merge,
D,5,6301
S,6,6301,PREDICTION,src/tracking/advanced_tracker.py:id_merge,
D,6,6301
S,8,6301,PREDICTION,src/tracking/advanced_tracker.py:id_merge,
L,0,6301,DETECTION,src/tracking/advanced_tracker.py:_activate_slot,6301_264_723_418_821
R,DETECTION,DETECTION,1
L,2,6301,DETECTION,src/tracking/advanced_tracker.py:_activate_slot,6301_438_448_540_538
R,CLAMP,CLAMP,0
L,3,6301,DETECTION,src/tracking/advanced_tracker.py:_activate_slot,6301_329_793_494_872
R,CLAMP,CLAMP,0
L,4,6301,PREDICTION,src/tracking/advanced_tracker.py:id_merge,
R,PREDICTION,PREDICTION,1
L,7,6301,PREDICTION,src/tracking/advanced_tracker.py:kalman_homography,
R,CLAMP,CLAMP,0
L,8,6301,PREDICTION,src/tracking/advanced_tracker.py:id_merge,
R,PREDICTION,PREDICTION,1
L,9,6301,PREDICTION,src/tracking/advanced_tracker.py:flow_gapfill_batched,
R,CLAMP,CLAMP,0
A,6301
S,0,6307,DETECTION,src/tracking/advanced_tracker.py:_activate_slot,6307_265_727_427_822
S,1,6307,DETECTION,src/tracking/advanced_tracker.py:_activate_slot,6307_161_140_326_247
S,2,6307,DETECTION,src/tracking/advanced_tracker.py:_activate_slot,6307_276_306_473_394
S,3,6307,DETECTION,src/tracking/advanced_tracker.py:_activate_slot,6307_328_775_505_867
S,4,6307,DETECTION,src/tracking/advanced_tracker.py:_activate_slot,6307_169_274_319_361
S,5,6307,PREDICTION,src/tracking/advanced_tracker.py:kalman_homography,
S,6,6307,PREDICTION,src/tracking/advanced_tracker.py:kalman_homography,
S,7,6307,PREDICTION,src/tracking/advanced_tracker.py:kalman_homography,
S,8,6307,PREDICTION,src/tracking/advanced_tracker.py:kalman_homography,
S,9,6307,PREDICTION,src/tracking/advanced_tracker.py:flow_gapfill_batched,
D,0,6307
S,4,6307,PREDICTION,src/tracking/advanced_tracker.py:id_merge,
D,1,6307
S,4,6307,PREDICTION,src/tracking/advanced_tracker.py:id_merge,
D,5,6307
S,6,6307,PREDICTION,src/tracking/advanced_tracker.py:id_merge,
D,6,6307
S,8,6307,PREDICTION,src/tracking/advanced_tracker.py:id_merge,
L,2,6307,DETECTION,src/tracking/advanced_tracker.py:_activate_slot,6307_276_306_473_394
R,DETECTION,DETECTION,1
L,3,6307,DETECTION,src/tracking/advanced_tracker.py:_activate_slot,6307_328_775_505_867
R,DETECTION,DETECTION,1
L,4,6307,PREDICTION,src/tracking/advanced_tracker.py:id_merge,
R,PREDICTION,PREDICTION,1
L,7,6307,PREDICTION,src/tracking/advanced_tracker.py:kalman_homography,
R,CLAMP,CLAMP,0
L,8,6307,PREDICTION,src/tracking/advanced_tracker.py:id_merge,
R,PREDICTION,PREDICTION,1
L,9,6307,PREDICTION,src/tracking/advanced_tracker.py:flow_gapfill_batched,
R,CLAMP,CLAMP,0
A,6307
S,0,6313,DETECTION,src/tracking/advanced_tracker.py:_activate_slot,6313_265_732_420_822
S,1,6313,DETECTION,src/tracking/advanced_tracker.py:_activate_slot,6313_156_143_326_243
S,2,6313,DETECTION,src/tracking/advanced_tracker.py:_activate_slot,6313_267_306_470_394
S,3,6313,DETECTION,src/tracking/advanced_tracker.py:_activate_slot,6313_330_771_506_862
S,4,6313,DETECTION,src/tracking/advanced_tracker.py:_activate_slot,6313_162_301_302_373
S,10,6313,DETECTION,src/tracking/advanced_tracker.py:_activate_slot,6313_35_293_152_355
S,5,6313,PREDICTION,src/tracking/advanced_tracker.py:kalman_homography,
S,6,6313,PREDICTION,src/tracking/advanced_tracker.py:kalman_homography,
S,7,6313,PREDICTION,src/tracking/advanced_tracker.py:kalman_homography,
S,8,6313,PREDICTION,src/tracking/advanced_tracker.py:kalman_homography,
S,9,6313,PREDICTION,src/tracking/advanced_tracker.py:flow_gapfill_batched,
D,0,6313
S,4,6313,PREDICTION,src/tracking/advanced_tracker.py:id_merge,
D,1,6313
S,4,6313,PREDICTION,src/tracking/advanced_tracker.py:id_merge,
D,5,6313
S,6,6313,PREDICTION,src/tracking/advanced_tracker.py:id_merge,
D,6,6313
S,8,6313,PREDICTION,src/tracking/advanced_tracker.py:id_merge,
L,2,6313,DETECTION,src/tracking/advanced_tracker.py:_activate_slot,6313_267_306_470_394
R,DETECTION,DETECTION,1
L,3,6313,DETECTION,src/tracking/advanced_tracker.py:_activate_slot,6313_330_771_506_862
R,DETECTION,DETECTION,1
L,4,6313,PREDICTION,src/tracking/advanced_tracker.py:id_merge,
R,PREDICTION,PREDICTION,1
L,7,6313,PREDICTION,src/tracking/advanced_tracker.py:kalman_homography,
R,CLAMP,CLAMP,0
L,8,6313,PREDICTION,src/tracking/advanced_tracker.py:id_merge,
R,PREDICTION,PREDICTION,1
L,9,6313,PREDICTION,src/tracking/advanced_tracker.py:flow_gapfill_batched,
R,CLAMP,CLAMP,0
A,6313
S,0,6319,DETECTION,src/tracking/advanced_tracker.py:_activate_slot,6319_267_735_408_814
S,1,6319,DETECTION,src/tracking/advanced_tracker.py:_activate_slot,6319_154_155_315_251
S,2,6319,DETECTION,src/tracking/advanced_tracker.py:_activate_slot,6319_270_310_471_395
S,3,6319,DETECTION,src/tracking/advanced_tracker.py:_activate_slot,6319_332_766_502_858
S,4,6319,DETECTION,src/tracking/advanced_tracker.py:_activate_slot,6319_159_312_301_383
S,6,6319,PREDICTION,src/tracking/advanced_tracker.py:kalman_homography,
S,7,6319,PREDICTION,src/tracking/advanced_tracker.py:kalman_homography,
S,8,6319,PREDICTION,src/tracking/advanced_tracker.py:kalman_homography,
S,10,6319,PREDICTION,src/tracking/advanced_tracker.py:kalman_homography,
S,5,6319,PREDICTION,src/tracking/advanced_tracker.py:flow_gapfill_batched,
S,9,6319,PREDICTION,src/tracking/advanced_tracker.py:flow_gapfill_batched,
D,0,6319
S,4,6319,PREDICTION,src/tracking/advanced_tracker.py:id_merge,
D,1,6319
S,4,6319,PREDICTION,src/tracking/advanced_tracker.py:id_merge,
D,5,6319
S,6,6319,PREDICTION,src/tracking/advanced_tracker.py:id_merge,
D,6,6319
S,8,6319,PREDICTION,src/tracking/advanced_tracker.py:id_merge,
L,2,6319,DETECTION,src/tracking/advanced_tracker.py:_activate_slot,6319_270_310_471_395
R,DETECTION,DETECTION,1
L,3,6319,DETECTION,src/tracking/advanced_tracker.py:_activate_slot,6319_332_766_502_858
R,DETECTION,DETECTION,1
L,4,6319,PREDICTION,src/tracking/advanced_tracker.py:id_merge,
R,PREDICTION,PREDICTION,1
L,7,6319,PREDICTION,src/tracking/advanced_tracker.py:kalman_homography,
R,CLAMP,CLAMP,0
L,8,6319,PREDICTION,src/tracking/advanced_tracker.py:id_merge,
R,PREDICTION,PREDICTION,1
L,9,6319,PREDICTION,src/tracking/advanced_tracker.py:flow_gapfill_batched,
R,CLAMP,CLAMP,0
A,6319
S,0,6325,DETECTION,src/tracking/advanced_tracker.py:_activate_slot,6325_269_733_418_815
S,1,6325,DETECTION,src/tracking/advanced_tracker.py:_activate_slot,6325_150_181_306_264
S,2,6325,DETECTION,src/tracking/advanced_tracker.py:_activate_slot,6325_281_313_472_402
S,3,6325,DETECTION,src/tracking/advanced_tracker.py:_activate_slot,6325_443_436_533_517
S,4,6325,DETECTION,src/tracking/advanced_tracker.py:_activate_slot,6325_162_324_293_396
S,6,6325,DETECTION,src/tracking/advanced_tracker.py:_activate_slot,6325_335_772_502_852
S,8,6325,DETECTION,src/tracking/advanced_tracker.py:_activate_slot,6325_134_643_260_723
S,10,6325,PREDICTION,src/tracking/advanced_tracker.py:kalman_homography,
S,7,6325,PREDICTION,src/tracking/advanced_tracker.py:flow_gapfill_batched,
S,9,6325,PREDICTION,src/tracking/advanced_tracker.py:flow_gapfill_batched,
D,0,6325
S,4,6325,PREDICTION,src/tracking/advanced_tracker.py:id_merge,
D,1,6325
S,4,6325,PREDICTION,src/tracking/advanced_tracker.py:id_merge,
D,7,6325
S,9,6325,PREDICTION,src/tracking/advanced_tracker.py:id_merge,
L,2,6325,DETECTION,src/tracking/advanced_tracker.py:_activate_slot,6325_281_313_472_402
R,DETECTION,DETECTION,1
L,3,6325,DETECTION,src/tracking/advanced_tracker.py:_activate_slot,6325_443_436_533_517
R,CLAMP,CLAMP,0
L,4,6325,PREDICTION,src/tracking/advanced_tracker.py:id_merge,
R,PREDICTION,PREDICTION,1
L,6,6325,DETECTION,src/tracking/advanced_tracker.py:_activate_slot,6325_335_772_502_852
R,CLAMP,CLAMP,0
L,8,6325,DETECTION,src/tracking/advanced_tracker.py:_activate_slot,6325_134_643_260_723
R,DETECTION,DETECTION,1
L,9,6325,PREDICTION,src/tracking/advanced_tracker.py:id_merge,
R,CLAMP,CLAMP,0
A,6325
S,0,6331,DETECTION,src/tracking/advanced_tracker.py:_activate_slot,6331_263_716_416_809
S,1,6331,DETECTION,src/tracking/advanced_tracker.py:_activate_slot,6331_145_194_306_281
S,2,6331,DETECTION,src/tracking/advanced_tracker.py:_activate_slot,6331_301_313_474_403
S,3,6331,DETECTION,src/tracking/advanced_tracker.py:_activate_slot,6331_444_429_536_511
S,4,6331,DETECTION,src/tracking/advanced_tracker.py:_activate_slot,6331_163_331_308_431
S,9,6331,DETECTION,src/tracking/advanced_tracker.py:_activate_slot,6331_141_700_297_784
S,6,6331,PREDICTION,src/tracking/advanced_tracker.py:kalman_homography,
S,8,6331,PREDICTION,src/tracking/advanced_tracker.py:kalman_homography,
S,10,6331,PREDICTION,src/tracking/advanced_tracker.py:kalman_homography,
D,0,6331
S,4,6331,PREDICTION,src/tracking/advanced_tracker.py:id_merge,
D,1,6331
S,4,6331,PREDICTION,src/tracking/advanced_tracker.py:id_merge,
D,8,6331
S,9,6331,PREDICTION,src/tracking/advanced_tracker.py:id_merge,
L,2,6331,DETECTION,src/tracking/advanced_tracker.py:_activate_slot,6331_301_313_474_403
R,DETECTION,DETECTION,1
L,3,6331,DETECTION,src/tracking/advanced_tracker.py:_activate_slot,6331_444_429_536_511
R,CLAMP,CLAMP,0
L,4,6331,PREDICTION,src/tracking/advanced_tracker.py:id_merge,
R,PREDICTION,PREDICTION,1
L,6,6331,PREDICTION,src/tracking/advanced_tracker.py:kalman_homography,
R,CLAMP,CLAMP,0
L,9,6331,PREDICTION,src/tracking/advanced_tracker.py:id_merge,
R,PREDICTION,PREDICTION,1
A,6331
S,0,6337,DETECTION,src/tracking/advanced_tracker.py:_activate_slot,6337_266_704_419_810
S,1,6337,DETECTION,src/tracking/advanced_tracker.py:_activate_slot,6337_144_200_302_296
S,2,6337,DETECTION,src/tracking/advanced_tracker.py:_activate_slot,6337_307_309_479_405
S,3,6337,DETECTION,src/tracking/advanced_tracker.py:_activate_slot,6337_444_417_535_503
S,4,6337,DETECTION,src/tracking/advanced_tracker.py:_activate_slot,6337_134_324_316_442
S,9,6337,DETECTION,src/tracking/advanced_tracker.py:_activate_slot,6337_157_703_297_785
S,8,6337,PREDICTION,src/tracking/advanced_tracker.py:kalman_homography,
S,10,6337,PREDICTION,src/tracking/advanced_tracker.py:kalman_homography,
S,6,6337,PREDICTION,src/tracking/advanced_tracker.py:flow_gapfill_batched,
D,0,6337
S,1,6337,PREDICTION,src/tracking/advanced_tracker.py:id_merge,
D,1,6337
S,4,6337,PREDICTION,src/tracking/advanced_tracker.py:id_merge,
D,8,6337
S,9,6337,PREDICTION,src/tracking/advanced_tracker.py:id_merge,
L,2,6337,DETECTION,src/tracking/advanced_tracker.py:_activate_slot,6337_307_309_479_405
R,DETECTION,DETECTION,1
L,3,6337,DETECTION,src/tracking/advanced_tracker.py:_activate_slot,6337_444_417_535_503
R,CLAMP,CLAMP,0
L,4,6337,PREDICTION,src/tracking/advanced_tracker.py:id_merge,
R,PREDICTION,PREDICTION,1
L,6,6337,PREDICTION,src/tracking/advanced_tracker.py:flow_gapfill_batched,
R,CLAMP,CLAMP,0
L,9,6337,PREDICTION,src/tracking/advanced_tracker.py:id_merge,
R,PREDICTION,PREDICTION,1
A,6337
S,0,6343,DETECTION,src/tracking/advanced_tracker.py:_activate_slot,6343_268_701_419_802
S,1,6343,DETECTION,src/tracking/advanced_tracker.py:_activate_slot,6343_141_214_290_302
S,2,6343,DETECTION,src/tracking/advanced_tracker.py:_activate_slot,6343_308_310_477_407
S,3,6343,DETECTION,src/tracking/advanced_tracker.py:_activate_slot,6343_126_437_256_543
S,4,6343,DETECTION,src/tracking/advanced_tracker.py:_activate_slot,6343_161_346_316_444
S,8,6343,DETECTION,src/tracking/advanced_tracker.py:_activate_slot,6343_157_698_304_785
S,10,6343,PREDICTION,src/tracking/advanced_tracker.py:kalman_homography,
S,6,6343,PREDICTION,src/tracking/advanced_tracker.py:flow_gapfill_batched,
S,9,6343,PREDICTION,src/tracking/advanced_tracker.py:flow_gapfill_batched,
D,0,6343
S,1,6343,PREDICTION,src/tracking/advanced_tracker.py:id_merge,
D,1,6343
S,4,6343,PREDICTION,src/tracking/advanced_tracker.py:id_merge,
D,9,6343
S,8,6343,PREDICTION,src/tracking/advanced_tracker.py:id_merge,
L,2,6343,DETECTION,src/tracking/advanced_tracker.py:_activate_slot,6343_308_310_477_407
R,DETECTION,DETECTION,1
L,3,6343,DETECTION,src/tracking/advanced_tracker.py:_activate_slot,6343_126_437_256_543
R,CLAMP,CLAMP,0
L,4,6343,PREDICTION,src/tracking/advanced_tracker.py:id_merge,
R,PREDICTION,PREDICTION,1
L,6,6343,PREDICTION,src/tracking/advanced_tracker.py:flow_gapfill_batched,
R,CLAMP,CLAMP,0
L,8,6343,PREDICTION,src/tracking/advanced_tracker.py:id_merge,
R,PREDICTION,PREDICTION,1
A,6343
S,0,6349,DETECTION,src/tracking/advanced_tracker.py:_activate_slot,6349_276_699_417_796
S,1,6349,DETECTION,src/tracking/advanced_tracker.py:_activate_slot,6349_139_242_290_309
S,2,6349,DETECTION,src/tracking/advanced_tracker.py:_activate_slot,6349_298_311_478_410
S,3,6349,DETECTION,src/tracking/advanced_tracker.py:_activate_slot,6349_154_332_314_445
S,4,6349,DETECTION,src/tracking/advanced_tracker.py:_activate_slot,6349_154_358_313_445
S,8,6349,DETECTION,src/tracking/advanced_tracker.py:_activate_slot,6349_188_724_322_788
S,10,6349,PREDICTION,src/tracking/advanced_tracker.py:kalman_homography,
S,6,6349,PREDICTION,src/tracking/advanced_tracker.py:flow_gapfill_batched,
S,9,6349,PREDICTION,src/tracking/advanced_tracker.py:flow_gapfill_batched,
D,0,6349
S,1,6349,PREDICTION,src/tracking/advanced_tracker.py:id_merge,
D,1,6349
S,3,6349,PREDICTION,src/tracking/advanced_tracker.py:id_merge,
D,3,6349
S,4,6349,PREDICTION,src/tracking/advanced_tracker.py:id_merge,
D,9,6349
S,8,6349,PREDICTION,src/tracking/advanced_tracker.py:id_merge,
L,2,6349,DETECTION,src/tracking/advanced_tracker.py:_activate_slot,6349_298_311_478_410
R,DETECTION,DETECTION,1
L,4,6349,PREDICTION,src/tracking/advanced_tracker.py:id_merge,
R,PREDICTION,PREDICTION,1
L,6,6349,PREDICTION,src/tracking/advanced_tracker.py:flow_gapfill_batched,
R,CLAMP,CLAMP,0
L,8,6349,PREDICTION,src/tracking/advanced_tracker.py:id_merge,
R,PREDICTION,PREDICTION,1
A,6349
S,0,6355,DETECTION,src/tracking/advanced_tracker.py:_activate_slot,6355_276_697_427_799
S,1,6355,DETECTION,src/tracking/advanced_tracker.py:_activate_slot,6355_136_250_288_349
S,2,6355,DETECTION,src/tracking/advanced_tracker.py:_activate_slot,6355_316_298_475_408
S,3,6355,DETECTION,src/tracking/advanced_tracker.py:_activate_slot,6355_134_399_240_470
S,4,6355,DETECTION,src/tracking/advanced_tracker.py:_activate_slot,6355_156_374_311_465
S,5,6355,DETECTION,src/tracking/advanced_tracker.py:_activate_slot,6355_336_766_507_850
S,8,6355,DETECTION,src/tracking/advanced_tracker.py:_activate_slot,6355_168_676_333_800
S,10,6355,PREDICTION,src/tracking/advanced_tracker.py:kalman_homography,
S,6,6355,PREDICTION,src/tracking/advanced_tracker.py:flow_gapfill_batched,
S,9,6355,PREDICTION,src/tracking/advanced_tracker.py:flow_gapfill_batched,
D,0,6355
S,1,6355,PREDICTION,src/tracking/advanced_tracker.py:id_merge,
D,1,6355
S,4,6355,PREDICTION,src/tracking/advanced_tracker.py:id_merge,
D,3,6355
S,4,6355,PREDICTION,src/tracking/advanced_tracker.py:id_merge,
D,6,6355
S,5,6355,PREDICTION,src/tracking/advanced_tracker.py:id_merge,
D,9,6355
S,8,6355,PREDICTION,src/tracking/advanced_tracker.py:id_merge,
L,2,6355,DETECTION,src/tracking/advanced_tracker.py:_activate_slot,6355_316_298_475_408
R,DETECTION,DETECTION,1
L,4,6355,PREDICTION,src/tracking/advanced_tracker.py:id_merge,
R,PREDICTION,PREDICTION,1
L,5,6355,PREDICTION,src/tracking/advanced_tracker.py:id_merge,
R,PREDICTION,PREDICTION,1
L,8,6355,PREDICTION,src/tracking/advanced_tracker.py:id_merge,
R,PREDICTION,PREDICTION,1
A,6355
S,0,6361,DETECTION,src/tracking/advanced_tracker.py:_activate_slot,6361_282_698_446_794
S,1,6361,DETECTION,src/tracking/advanced_tracker.py:_activate_slot,6361_144_246_287_341
S,2,6361,DETECTION,src/tracking/advanced_tracker.py:_activate_slot,6361_313_295_478_412
S,3,6361,DETECTION,src/tracking/advanced_tracker.py:_activate_slot,6361_335_770_502_850
S,4,6361,DETECTION,src/tracking/advanced_tracker.py:_activate_slot,6361_295_340_459_463
S,8,6361,DETECTION,src/tracking/advanced_tracker.py:_activate_slot,6361_187_737_340_811
S,9,6361,DETECTION,src/tracking/advanced_tracker.py:_activate_slot,6361_175_689_327_761
S,5,6361,PREDICTION,src/tracking/advanced_tracker.py:kalman_homography,
S,6,6361,PREDICTION,src/tracking/advanced_tracker.py:flow_gapfill_batched,
S,10,6361,PREDICTION,src/tracking/advanced_tracker.py:flow_gapfill_batched,
D,0,6361
S,1,6361,PREDICTION,src/tracking/advanced_tracker.py:id_merge,
D,2,6361
S,4,6361,PREDICTION,src/tracking/advanced_tracker.py:id_merge,
D,8,6361
S,9,6361,PREDICTION,src/tracking/advanced_tracker.py:id_merge,
L,1,6361,PREDICTION,src/tracking/advanced_tracker.py:id_merge,
R,PREDICTION,PREDICTION,1
L,3,6361,DETECTION,src/tracking/advanced_tracker.py:_activate_slot,6361_335_770_502_850
R,DETECTION,DETECTION,1
L,4,6361,PREDICTION,src/tracking/advanced_tracker.py:id_merge,
R,CLAMP,CLAMP,0
L,5,6361,PREDICTION,src/tracking/advanced_tracker.py:kalman_homography,
R,PREDICTION,PREDICTION,1
L,6,6361,PREDICTION,src/tracking/advanced_tracker.py:flow_gapfill_batched,
R,CLAMP,CLAMP,0
L,9,6361,PREDICTION,src/tracking/advanced_tracker.py:id_merge,
R,PREDICTION,PREDICTION,1
A,6361
S,0,6367,DETECTION,src/tracking/advanced_tracker.py:_activate_slot,6367_285_699_446_791
S,1,6367,DETECTION,src/tracking/advanced_tracker.py:_activate_slot,6367_147_273_290_348
S,2,6367,DETECTION,src/tracking/advanced_tracker.py:_activate_slot,6367_314_284_474_418
S,3,6367,DETECTION,src/tracking/advanced_tracker.py:_activate_slot,6367_143_214_267_309
S,4,6367,DETECTION,src/tracking/advanced_tracker.py:_activate_slot,6367_298_336_452_449
S,5,6367,DETECTION,src/tracking/advanced_tracker.py:_activate_slot,6367_191_745_346_819
S,6,6367,DETECTION,src/tracking/advanced_tracker.py:_activate_slot,6367_334_770_508_852
S,9,6367,DETECTION,src/tracking/advanced_tracker.py:_activate_slot,6367_186_695_346_769
S,8,6367,PREDICTION,src/tracking/advanced_tracker.py:kalman_homography,
D,0,6367
S,1,6367,PREDICTION,src/tracking/advanced_tracker.py:id_merge,
D,1,6367
S,3,6367,PREDICTION,src/tracking/advanced_tracker.py:id_merge,
D,2,6367
S,4,6367,PREDICTION,src/tracking/advanced_tracker.py:id_merge,
D,8,6367
S,5,6367,PREDICTION,src/tracking/advanced_tracker.py:id_merge,
D,5,6367
S,9,6367,PREDICTION,src/tracking/advanced_tracker.py:id_merge,
L,3,6367,PREDICTION,src/tracking/advanced_tracker.py:id_merge,
R,PREDICTION,PREDICTION,1
L,4,6367,PREDICTION,src/tracking/advanced_tracker.py:id_merge,
R,PREDICTION,PREDICTION,1
L,6,6367,DETECTION,src/tracking/advanced_tracker.py:_activate_slot,6367_334_770_508_852
R,CLAMP,CLAMP,0
L,9,6367,PREDICTION,src/tracking/advanced_tracker.py:id_merge,
R,PREDICTION,PREDICTION,1
A,6367
S,0,6373,DETECTION,src/tracking/advanced_tracker.py:_activate_slot,6373_283_699_449_791
S,1,6373,DETECTION,src/tracking/advanced_tracker.py:_activate_slot,6373_149_279_289_354
S,2,6373,DETECTION,src/tracking/advanced_tracker.py:_activate_slot,6373_313_249_463_415
S,3,6373,DETECTION,src/tracking/advanced_tracker.py:_activate_slot,6373_151_207_274_295
S,4,6373,DETECTION,src/tracking/advanced_tracker.py:_activate_slot,6373_302_328_454_444
S,8,6373,DETECTION,src/tracking/advanced_tracker.py:_activate_slot,6373_189_753_358_825
S,5,6373,PREDICTION,src/tracking/advanced_tracker.py:kalman_homography,
S,6,6373,PREDICTION,src/tracking/advanced_tracker.py:kalman_homography,
S,9,6373,PREDICTION,src/tracking/advanced_tracker.py:kalman_homography,
D,0,6373
S,1,6373,PREDICTION,src/tracking/advanced_tracker.py:id_merge,
D,1,6373
S,3,6373,PREDICTION,src/tracking/advanced_tracker.py:id_merge,
D,2,6373
S,4,6373,PREDICTION,src/tracking/advanced_tracker.py:id_merge,
D,5,6373
S,8,6373,PREDICTION,src/tracking/advanced_tracker.py:id_merge,
D,9,6373
S,8,6373,PREDICTION,src/tracking/advanced_tracker.py:id_merge,
L,3,6373,PREDICTION,src/tracking/advanced_tracker.py:id_merge,
R,PREDICTION,PREDICTION,1
L,4,6373,PREDICTION,src/tracking/advanced_tracker.py:id_merge,
R,PREDICTION,PREDICTION,1
L,6,6373,PREDICTION,src/tracking/advanced_tracker.py:kalman_homography,
R,CLAMP,CLAMP,0
L,8,6373,PREDICTION,src/tracking/advanced_tracker.py:id_merge,
R,PREDICTION,PREDICTION,1
A,6373
S,0,6379,DETECTION,src/tracking/advanced_tracker.py:_activate_slot,6379_282_699_449_791
S,1,6379,DETECTION,src/tracking/advanced_tracker.py:_activate_slot,6379_145_284_286_354
S,2,6379,DETECTION,src/tracking/advanced_tracker.py:_activate_slot,6379_308_276_461_400
S,3,6379,DETECTION,src/tracking/advanced_tracker.py:_activate_slot,6379_158_205_291_283
S,4,6379,DETECTION,src/tracking/advanced_tracker.py:_activate_slot,6379_299_322_454_444
S,5,6379,DETECTION,src/tracking/advanced_tracker.py:_activate_slot,6379_193_764_365_836
S,6,6379,PREDICTION,src/tracking/advanced_tracker.py:kalman_homography,
S,8,6379,PREDICTION,src/tracking/advanced_tracker.py:kalman_homography,
S,9,6379,PREDICTION,src/tracking/advanced_tracker.py:kalman_homography,
D,0,6379
S,1,6379,PREDICTION,src/tracking/advanced_tracker.py:id_merge,
D,1,6379
S,3,6379,PREDICTION,src/tracking/advanced_tracker.py:id_merge,
D,2,6379
S,4,6379,PREDICTION,src/tracking/advanced_tracker.py:id_merge,
D,8,6379
S,5,6379,PREDICTION,src/tracking/advanced_tracker.py:id_merge,
D,9,6379
S,5,6379,PREDICTION,src/tracking/advanced_tracker.py:id_merge,
L,3,6379,PREDICTION,src/tracking/advanced_tracker.py:id_merge,
R,PREDICTION,PREDICTION,1
L,4,6379,PREDICTION,src/tracking/advanced_tracker.py:id_merge,
R,PREDICTION,PREDICTION,1
L,5,6379,PREDICTION,src/tracking/advanced_tracker.py:id_merge,
R,CLAMP,CLAMP,0
L,6,6379,PREDICTION,src/tracking/advanced_tracker.py:kalman_homography,
R,CLAMP,CLAMP,0
A,6379
S,0,6385,DETECTION,src/tracking/advanced_tracker.py:_activate_slot,6385_285_697_448_789
S,1,6385,DETECTION,src/tracking/advanced_tracker.py:_activate_slot,6385_143_286_285_362
S,2,6385,DETECTION,src/tracking/advanced_tracker.py:_activate_slot,6385_304_275_462_371
S,3,6385,DETECTION,src/tracking/advanced_tracker.py:_activate_slot,6385_166_200_308_276
S,4,6385,DETECTION,src/tracking/advanced_tracker.py:_activate_slot,6385_291_317_449_443
S,5,6385,DETECTION,src/tracking/advanced_tracker.py:_activate_slot,6385_209_775_360_849
S,9,6385,DETECTION,src/tracking/advanced_tracker.py:_activate_slot,6385_197_707_335_773
S,6,6385,PREDICTION,src/tracking/advanced_tracker.py:kalman_homography,
S,8,6385,PREDICTION,src/tracking/advanced_tracker.py:kalman_homography,
D,0,6385
S,1,6385,PREDICTION,src/tracking/advanced_tracker.py:id_merge,
D,1,6385
S,3,6385,PREDICTION,src/tracking/advanced_tracker.py:id_merge,
D,2,6385
S,4,6385,PREDICTION,src/tracking/advanced_tracker.py:id_merge,
D,8,6385
S,5,6385,PREDICTION,src/tracking/advanced_tracker.py:id_merge,
D,5,6385
S,9,6385,PREDICTION,src/tracking/advanced_tracker.py:id_merge,
L,3,6385,PREDICTION,src/tracking/advanced_tracker.py:id_merge,
R,PREDICTION,PREDICTION,1
L,4,6385,PREDICTION,src/tracking/advanced_tracker.py:id_merge,
R,PREDICTION,PREDICTION,1
L,6,6385,PREDICTION,src/tracking/advanced_tracker.py:kalman_homography,
R,CLAMP,CLAMP,0
L,9,6385,PREDICTION,src/tracking/advanced_tracker.py:id_merge,
R,PREDICTION,PREDICTION,1
A,6385
S,0,6391,DETECTION,src/tracking/advanced_tracker.py:_activate_slot,6391_281_694_448_790
S,1,6391,DETECTION,src/tracking/advanced_tracker.py:_activate_slot,6391_445_376_541_468
S,2,6391,DETECTION,src/tracking/advanced_tracker.py:_activate_slot,6391_302_268_466_346
S,3,6391,DETECTION,src/tracking/advanced_tracker.py:_activate_slot,6391_175_183_314_268
S,4,6391,DETECTION,src/tracking/advanced_tracker.py:_activate_slot,6391_285_317_446_437
S,8,6391,DETECTION,src/tracking/advanced_tracker.py:_activate_slot,6391_213_779_388_853
S,9,6391,DETECTION,src/tracking/advanced_tracker.py:_activate_slot,6391_194_712_338_780
S,5,6391,PREDICTION,src/tracking/advanced_tracker.py:kalman_homography,
S,6,6391,PREDICTION,src/tracking/advanced_tracker.py:kalman_homography,
D,0,6391
S,3,6391,PREDICTION,src/tracking/advanced_tracker.py:id_merge,
D,2,6391
S,4,6391,PREDICTION,src/tracking/advanced_tracker.py:id_merge,
D,5,6391
S,8,6391,PREDICTION,src/tracking/advanced_tracker.py:id_merge,
D,8,6391
S,9,6391,PREDICTION,src/tracking/advanced_tracker.py:id_merge,
L,1,6391,DETECTION,src/tracking/advanced_tracker.py:_activate_slot,6391_445_376_541_468
R,CLAMP,CLAMP,0
L,3,6391,PREDICTION,src/tracking/advanced_tracker.py:id_merge,
R,PREDICTION,PREDICTION,1
L,4,6391,PREDICTION,src/tracking/advanced_tracker.py:id_merge,
R,PREDICTION,PREDICTION,1
L,6,6391,PREDICTION,src/tracking/advanced_tracker.py:kalman_homography,
R,CLAMP,CLAMP,0
L,9,6391,PREDICTION,src/tracking/advanced_tracker.py:id_merge,
R,PREDICTION,PREDICTION,1
A,6391
S,0,6397,DETECTION,src/tracking/advanced_tracker.py:_activate_slot,6397_283_691_448_790
S,1,6397,DETECTION,src/tracking/advanced_tracker.py:_activate_slot,6397_445_376_540_463
S,2,6397,DETECTION,src/tracking/advanced_tracker.py:_activate_slot,6397_153_410_309_486
S,3,6397,DETECTION,src/tracking/advanced_tracker.py:_activate_slot,6397_178_165_321_263
S,4,6397,DETECTION,src/tracking/advanced_tracker.py:_activate_slot,6397_280_323_436_426
S,5,6397,DETECTION,src/tracking/advanced_tracker.py:_activate_slot,6397_308_264_467_347
S,8,6397,DETECTION,src/tracking/advanced_tracker.py:_activate_slot,6397_218_781_399_857
S,9,6397,DETECTION,src/tracking/advanced_tracker.py:_activate_slot,6397_189_713_337_781
S,6,6397,PREDICTION,src/tracking/advanced_tracker.py:kalman_homography,
D,0,6397
S,2,6397,PREDICTION,src/tracking/advanced_tracker.py:id_merge,
D,8,6397
S,9,6397,PREDICTION,src/tracking/advanced_tracker.py:id_merge,
L,1,6397,DETECTION,src/tracking/advanced_tracker.py:_activate_slot,6397_445_376_540_463
R,CLAMP,CLAMP,0
L,2,6397,PREDICTION,src/tracking/advanced_tracker.py:id_merge,
R,CLAMP,CLAMP,0
L,3,6397,DETECTION,src/tracking/advanced_tracker.py:_activate_slot,6397_178_165_321_263
R,DETECTION,DETECTION,1
L,4,6397,DETECTION,src/tracking/advanced_tracker.py:_activate_slot,6397_280_323_436_426
R,DETECTION,DETECTION,1
L,5,6397,DETECTION,src/tracking/advanced_tracker.py:_activate_slot,6397_308_264_467_347
R,DETECTION,DETECTION,1
L,6,6397,PREDICTION,src/tracking/advanced_tracker.py:kalman_homography,
R,CLAMP,CLAMP,0
L,9,6397,PREDICTION,src/tracking/advanced_tracker.py:id_merge,
R,PREDICTION,PREDICTION,1
A,6397
S,0,6403,DETECTION,src/tracking/advanced_tracker.py:_activate_slot,6403_277_685_447_788
S,1,6403,DETECTION,src/tracking/advanced_tracker.py:_activate_slot,6403_135_297_288_378
S,2,6403,DETECTION,src/tracking/advanced_tracker.py:_activate_slot,6403_153_408_310_482
S,3,6403,DETECTION,src/tracking/advanced_tracker.py:_activate_slot,6403_177_164_320_254
S,4,6403,DETECTION,src/tracking/advanced_tracker.py:_activate_slot,6403_280_325_430_418
S,5,6403,DETECTION,src/tracking/advanced_tracker.py:_activate_slot,6403_224_790_402_865
S,6,6403,DETECTION,src/tracking/advanced_tracker.py:_activate_slot,6403_321_794_509_890
S,9,6403,DETECTION,src/tracking/advanced_tracker.py:_activate_slot,6403_181_712_331_785
S,8,6403,PREDICTION,src/tracking/advanced_tracker.py:kalman_homography,
D,0,6403
S,1,6403,PREDICTION,src/tracking/advanced_tracker.py:id_merge,
D,1,6403
S,2,6403,PREDICTION,src/tracking/advanced_tracker.py:id_merge,
D,8,6403
S,5,6403,PREDICTION,src/tracking/advanced_tracker.py:id_merge,
D,5,6403
S,9,6403,PREDICTION,src/tracking/advanced_tracker.py:id_merge,
L,2,6403,PREDICTION,src/tracking/advanced_tracker.py:id_merge,
R,CLAMP,CLAMP,0
L,3,6403,DETECTION,src/tracking/advanced_tracker.py:_activate_slot,6403_177_164_320_254
R,DETECTION,DETECTION,1
L,4,6403,DETECTION,src/tracking/advanced_tracker.py:_activate_slot,6403_280_325_430_418
R,DETECTION,DETECTION,1
L,6,6403,DETECTION,src/tracking/advanced_tracker.py:_activate_slot,6403_321_794_509_890
R,CLAMP,CLAMP,0
L,9,6403,PREDICTION,src/tracking/advanced_tracker.py:id_merge,
R,PREDICTION,PREDICTION,1
A,6403
S,0,6409,DETECTION,src/tracking/advanced_tracker.py:_activate_slot,6409_272_676_446_784
S,1,6409,DETECTION,src/tracking/advanced_tracker.py:_activate_slot,6409_133_298_279_382
S,2,6409,DETECTION,src/tracking/advanced_tracker.py:_activate_slot,6409_148_401_310_481
S,3,6409,DETECTION,src/tracking/advanced_tracker.py:_activate_slot,6409_181_161_327_251
S,4,6409,DETECTION,src/tracking/advanced_tracker.py:_activate_slot,6409_276_325_430_417
S,5,6409,DETECTION,src/tracking/advanced_tracker.py:_activate_slot,6409_178_714_339_786
S,6,6409,DETECTION,src/tracking/advanced_tracker.py:_activate_slot,6409_320_806_512_898
S,8,6409,DETECTION,src/tracking/advanced_tracker.py:_activate_slot,6409_220_792_398_872
S,9,6409,DETECTION,src/tracking/advanced_tracker.py:_activate_slot,6409_180_711_393_786
D,0,6409
S,1,6409,PREDICTION,src/tracking/advanced_tracker.py:id_merge,
D,1,6409
S,2,6409,PREDICTION,src/tracking/advanced_tracker.py:id_merge,
D,5,6409
S,8,6409,PREDICTION,src/tracking/advanced_tracker.py:id_merge,
D,8,6409
S,9,6409,PREDICTION,src/tracking/advanced_tracker.py:id_merge,
L,2,6409,PREDICTION,src/tracking/advanced_tracker.py:id_merge,
R,CLAMP,CLAMP,0
L,3,6409,DETECTION,src/tracking/advanced_tracker.py:_activate_slot,6409_181_161_327_251
R,DETECTION,DETECTION,1
L,4,6409,DETECTION,src/tracking/advanced_tracker.py:_activate_slot,6409_276_325_430_417
R,DETECTION,SUBPIXEL,0
L,6,6409,DETECTION,src/tracking/advanced_tracker.py:_activate_slot,6409_320_806_512_898
R,CLAMP,CLAMP,0
L,9,6409,PREDICTION,src/tracking/advanced_tracker.py:id_merge,
R,PREDICTION,PREDICTION,1
A,6409
S,0,6415,DETECTION,src/tracking/advanced_tracker.py:_activate_slot,6415_268_677_430_780
S,1,6415,DETECTION,src/tracking/advanced_tracker.py:_activate_slot,6415_134_299_291_386
S,2,6415,DETECTION,src/tracking/advanced_tracker.py:_activate_slot,6415_145_405_310_479
S,3,6415,DETECTION,src/tracking/advanced_tracker.py:_activate_slot,6415_188_167_336_244
S,4,6415,DETECTION,src/tracking/advanced_tracker.py:_activate_slot,6415_271_327_431_418
S,5,6415,DETECTION,src/tracking/advanced_tracker.py:_activate_slot,6415_222_795_399_884
S,6,6415,DETECTION,src/tracking/advanced_tracker.py:_activate_slot,6415_318_810_513_906
S,9,6415,DETECTION,src/tracking/advanced_tracker.py:_activate_slot,6415_178_714_336_786
S,7,6415,DETECTION,src/tracking/advanced_tracker.py:_activate_slot,6415_179_711_381_787
S,8,6415,PREDICTION,src/tracking/advanced_tracker.py:kalman_homography,
D,0,6415
S,1,6415,PREDICTION,src/tracking/advanced_tracker.py:id_merge,
D,1,6415
S,2,6415,PREDICTION,src/tracking/advanced_tracker.py:id_merge,
D,5,6415
S,7,6415,PREDICTION,src/tracking/advanced_tracker.py:id_merge,
D,8,6415
S,7,6415,PREDICTION,src/tracking/advanced_tracker.py:id_merge,
D,7,6415
S,9,6415,PREDICTION,src/tracking/advanced_tracker.py:id_merge,
L,2,6415,PREDICTION,src/tracking/advanced_tracker.py:id_merge,
R,CLAMP,CLAMP,0
L,3,6415,DETECTION,src/tracking/advanced_tracker.py:_activate_slot,6415_188_167_336_244
R,DETECTION,DETECTION,1
L,4,6415,DETECTION,src/tracking/advanced_tracker.py:_activate_slot,6415_271_327_431_418
R,DETECTION,DETECTION,1
L,6,6415,DETECTION,src/tracking/advanced_tracker.py:_activate_slot,6415_318_810_513_906
R,CLAMP,CLAMP,0
L,9,6415,PREDICTION,src/tracking/advanced_tracker.py:id_merge,
R,PREDICTION,PREDICTION,1
A,6415
S,0,6421,DETECTION,src/tracking/advanced_tracker.py:_activate_slot,6421_267_684_423_774
S,1,6421,DETECTION,src/tracking/advanced_tracker.py:_activate_slot,6421_132_298_292_386
S,2,6421,DETECTION,src/tracking/advanced_tracker.py:_activate_slot,6421_139_404_302_474
S,3,6421,DETECTION,src/tracking/advanced_tracker.py:_activate_slot,6421_198_163_331_244
S,4,6421,DETECTION,src/tracking/advanced_tracker.py:_activate_slot,6421_267_341_432_422
S,8,6421,DETECTION,src/tracking/advanced_tracker.py:_activate_slot,6421_223_795_400_891
S,9,6421,DETECTION,src/tracking/advanced_tracker.py:_activate_slot,6421_181_718_325_786
S,5,6421,PREDICTION,src/tracking/advanced_tracker.py:kalman_homography,
S,6,6421,PREDICTION,src/tracking/advanced_tracker.py:kalman_homography,
S,7,6421,PREDICTION,src/tracking/advanced_tracker.py:kalman_homography,
D,0,6421
S,1,6421,PREDICTION,src/tracking/advanced_tracker.py:id_merge,
D,1,6421
S,2,6421,PREDICTION,src/tracking/advanced_tracker.py:id_merge,
D,5,6421
S,8,6421,PREDICTION,src/tracking/advanced_tracker.py:id_merge,
D,7,6421
S,8,6421,PREDICTION,src/tracking/advanced_tracker.py:id_merge,
D,8,6421
S,9,6421,PREDICTION,src/tracking/advanced_tracker.py:id_merge,
L,2,6421,PREDICTION,src/tracking/advanced_tracker.py:id_merge,
R,CLAMP,CLAMP,0
L,3,6421,DETECTION,src/tracking/advanced_tracker.py:_activate_slot,6421_198_163_331_244
R,DETECTION,DETECTION,1
L,4,6421,DETECTION,src/tracking/advanced_tracker.py:_activate_slot,6421_267_341_432_422
R,DETECTION,DETECTION,1
L,6,6421,PREDICTION,src/tracking/advanced_tracker.py:kalman_homography,
R,CLAMP,CLAMP,0
L,9,6421,PREDICTION,src/tracking/advanced_tracker.py:id_merge,
R,PREDICTION,PREDICTION,1
A,6421
S,0,6427,DETECTION,src/tracking/advanced_tracker.py:_activate_slot,6427_266_690_421_774
S,1,6427,DETECTION,src/tracking/advanced_tracker.py:_activate_slot,6427_132_289_286_384
S,2,6427,DETECTION,src/tracking/advanced_tracker.py:_activate_slot,6427_136_400_297_473
S,3,6427,DETECTION,src/tracking/advanced_tracker.py:_activate_slot,6427_204_155_341_239
S,4,6427,DETECTION,src/tracking/advanced_tracker.py:_activate_slot,6427_266_344_432_428
S,5,6427,DETECTION,src/tracking/advanced_tracker.py:_activate_slot,6427_179_713_324_785
S,8,6427,DETECTION,src/tracking/advanced_tracker.py:_activate_slot,6427_231_794_401_893
S,6,6427,PREDICTION,src/tracking/advanced_tracker.py:kalman_homography,
S,7,6427,PREDICTION,src/tracking/advanced_tracker.py:kalman_homography,
S,9,6427,PREDICTION,src/tracking/advanced_tracker.py:kalman_homography,
D,0,6427
S,1,6427,PREDICTION,src/tracking/advanced_tracker.py:id_merge,
D,1,6427
S,2,6427,PREDICTION,src/tracking/advanced_tracker.py:id_merge,
D,3,6427
S,4,6427,PREDICTION,src/tracking/advanced_tracker.py:id_merge,
D,5,6427
S,8,6427,PREDICTION,src/tracking/advanced_tracker.py:id_merge,
D,7,6427
S,8,6427,PREDICTION,src/tracking/advanced_tracker.py:id_merge,
D,9,6427
S,8,6427,PREDICTION,src/tracking/advanced_tracker.py:id_merge,
L,2,6427,PREDICTION,src/tracking/advanced_tracker.py:id_merge,
R,CLAMP,CLAMP,0
L,4,6427,PREDICTION,src/tracking/advanced_tracker.py:id_merge,
R,PREDICTION,PREDICTION,1
L,6,6427,PREDICTION,src/tracking/advanced_tracker.py:kalman_homography,
R,CLAMP,CLAMP,0
L,8,6427,PREDICTION,src/tracking/advanced_tracker.py:id_merge,
R,PREDICTION,PREDICTION,1
A,6427
S,0,6433,DETECTION,src/tracking/advanced_tracker.py:_activate_slot,6433_267_691_423_775
S,1,6433,DETECTION,src/tracking/advanced_tracker.py:_activate_slot,6433_132_281_281_381
S,2,6433,DETECTION,src/tracking/advanced_tracker.py:_activate_slot,6433_136_393_290_471
S,3,6433,DETECTION,src/tracking/advanced_tracker.py:_activate_slot,6433_208_150_341_233
S,4,6433,DETECTION,src/tracking/advanced_tracker.py:_activate_slot,6433_262_346_431_432
S,6,6433,DETECTION,src/tracking/advanced_tracker.py:_activate_slot,6433_316_236_498_323
S,9,6433,DETECTION,src/tracking/advanced_tracker.py:_activate_slot,6433_178_712_323_782
S,5,6433,PREDICTION,src/tracking/advanced_tracker.py:kalman_homography,
S,7,6433,PREDICTION,src/tracking/advanced_tracker.py:kalman_homography,
S,8,6433,PREDICTION,src/tracking/advanced_tracker.py:kalman_homography,
D,0,6433
S,1,6433,PREDICTION,src/tracking/advanced_tracker.py:id_merge,
D,1,6433
S,2,6433,PREDICTION,src/tracking/advanced_tracker.py:id_merge,
D,3,6433
S,4,6433,PREDICTION,src/tracking/advanced_tracker.py:id_merge,
D,5,6433
S,8,6433,PREDICTION,src/tracking/advanced_tracker.py:id_merge,
D,7,6433
S,8,6433,PREDICTION,src/tracking/advanced_tracker.py:id_merge,
D,8,6433
S,9,6433,PREDICTION,src/tracking/advanced_tracker.py:id_merge,
L,2,6433,PREDICTION,src/tracking/advanced_tracker.py:id_merge,
R,CLAMP,CLAMP,0
L,4,6433,PREDICTION,src/tracking/advanced_tracker.py:id_merge,
R,PREDICTION,PREDICTION,1
L,6,6433,DETECTION,src/tracking/advanced_tracker.py:_activate_slot,6433_316_236_498_323
R,CLAMP,CLAMP,0
L,9,6433,PREDICTION,src/tracking/advanced_tracker.py:id_merge,
R,PREDICTION,PREDICTION,1
A,6433
S,0,6439,DETECTION,src/tracking/advanced_tracker.py:_activate_slot,6439_268_691_423_775
S,1,6439,DETECTION,src/tracking/advanced_tracker.py:_activate_slot,6439_133_274_277_379
S,2,6439,DETECTION,src/tracking/advanced_tracker.py:_activate_slot,6439_138_387_287_470
S,3,6439,DETECTION,src/tracking/advanced_tracker.py:_activate_slot,6439_181_151_331_242
S,4,6439,DETECTION,src/tracking/advanced_tracker.py:_activate_slot,6439_259_347_404_432
S,5,6439,DETECTION,src/tracking/advanced_tracker.py:_activate_slot,6439_181_713_318_781
S,6,6439,DETECTION,src/tracking/advanced_tracker.py:_activate_slot,6439_318_242_497_325
S,8,6439,DETECTION,src/tracking/advanced_tracker.py:_activate_slot,6439_222_799_398_887
S,7,6439,PREDICTION,src/tracking/advanced_tracker.py:kalman_homography,
S,9,6439,PREDICTION,src/tracking/advanced_tracker.py:kalman_homography,
D,0,6439
S,1,6439,PREDICTION,src/tracking/advanced_tracker.py:id_merge,
D,1,6439
S,2,6439,PREDICTION,src/tracking/advanced_tracker.py:id_merge,
D,3,6439
S,4,6439,PREDICTION,src/tracking/advanced_tracker.py:id_merge,
D,5,6439
S,8,6439,PREDICTION,src/tracking/advanced_tracker.py:id_merge,
D,7,6439
S,8,6439,PREDICTION,src/tracking/advanced_tracker.py:id_merge,
D,9,6439
S,8,6439,PREDICTION,src/tracking/advanced_tracker.py:id_merge,
L,2,6439,PREDICTION,src/tracking/advanced_tracker.py:id_merge,
R,CLAMP,CLAMP,0
L,4,6439,PREDICTION,src/tracking/advanced_tracker.py:id_merge,
R,PREDICTION,PREDICTION,1
L,6,6439,DETECTION,src/tracking/advanced_tracker.py:_activate_slot,6439_318_242_497_325
R,CLAMP,CLAMP,0
L,8,6439,PREDICTION,src/tracking/advanced_tracker.py:id_merge,
R,PREDICTION,PREDICTION,1
A,6439
S,0,6445,DETECTION,src/tracking/advanced_tracker.py:_activate_slot,6445_268_690_423_780
S,1,6445,DETECTION,src/tracking/advanced_tracker.py:_activate_slot,6445_133_274_278_380
S,2,6445,DETECTION,src/tracking/advanced_tracker.py:_activate_slot,6445_139_381_283_470
S,3,6445,DETECTION,src/tracking/advanced_tracker.py:_activate_slot,6445_183_145_345_243
S,4,6445,DETECTION,src/tracking/advanced_tracker.py:_activate_slot,6445_255_351_405_433
S,5,6445,DETECTION,src/tracking/advanced_tracker.py:_activate_slot,6445_168_711_322_783
S,6,6445,DETECTION,src/tracking/advanced_tracker.py:_activate_slot,6445_321_244_498_331
S,8,6445,DETECTION,src/tracking/advanced_tracker.py:_activate_slot,6445_308_839_481_931
S,7,6445,PREDICTION,src/tracking/advanced_tracker.py:kalman_homography,
S,9,6445,PREDICTION,src/tracking/advanced_tracker.py:kalman_homography,
D,0,6445
S,1,6445,PREDICTION,src/tracking/advanced_tracker.py:id_merge,
D,1,6445
S,2,6445,PREDICTION,src/tracking/advanced_tracker.py:id_merge,
D,3,6445
S,4,6445,PREDICTION,src/tracking/advanced_tracker.py:id_merge,
D,9,6445
S,5,6445,PREDICTION,src/tracking/advanced_tracker.py:id_merge,
D,7,6445
S,8,6445,PREDICTION,src/tracking/advanced_tracker.py:id_merge,
L,2,6445,PREDICTION,src/tracking/advanced_tracker.py:id_merge,
R,CLAMP,CLAMP,0
L,4,6445,PREDICTION,src/tracking/advanced_tracker.py:id_merge,
R,PREDICTION,PREDICTION,1
L,5,6445,PREDICTION,src/tracking/advanced_tracker.py:id_merge,
R,CLAMP,CLAMP,0
L,6,6445,DETECTION,src/tracking/advanced_tracker.py:_activate_slot,6445_321_244_498_331
R,CLAMP,CLAMP,0
L,8,6445,PREDICTION,src/tracking/advanced_tracker.py:id_merge,
R,PREDICTION,PREDICTION,1
A,6445
S,0,6451,DETECTION,src/tracking/advanced_tracker.py:_activate_slot,6451_263_687_416_770
S,1,6451,DETECTION,src/tracking/advanced_tracker.py:_activate_slot,6451_134_274_277_377
S,2,6451,DETECTION,src/tracking/advanced_tracker.py:_activate_slot,6451_141_379_281_468
S,3,6451,DETECTION,src/tracking/advanced_tracker.py:_activate_slot,6451_194_142_346_236
S,4,6451,DETECTION,src/tracking/advanced_tracker.py:_activate_slot,6451_252_353_408_440
S,5,6451,DETECTION,src/tracking/advanced_tracker.py:_activate_slot,6451_166_712_321_782
S,6,6451,DETECTION,src/tracking/advanced_tracker.py:_activate_slot,6451_308_843_490_940
S,7,6451,PREDICTION,src/tracking/advanced_tracker.py:kalman_homography,
S,8,6451,PREDICTION,src/tracking/advanced_tracker.py:kalman_homography,
S,9,6451,PREDICTION,src/tracking/advanced_tracker.py:kalman_homography,
D,0,6451
S,1,6451,PREDICTION,src/tracking/advanced_tracker.py:id_merge,
D,1,6451
S,2,6451,PREDICTION,src/tracking/advanced_tracker.py:id_merge,
D,3,6451
S,4,6451,PREDICTION,src/tracking/advanced_tracker.py:id_merge,
D,9,6451
S,5,6451,PREDICTION,src/tracking/advanced_tracker.py:id_merge,
D,8,6451
S,6,6451,PREDICTION,src/tracking/advanced_tracker.py:id_merge,
L,2,6451,PREDICTION,src/tracking/advanced_tracker.py:id_merge,
R,CLAMP,CLAMP,0
L,4,6451,PREDICTION,src/tracking/advanced_tracker.py:id_merge,
R,PREDICTION,PREDICTION,1
L,5,6451,PREDICTION,src/tracking/advanced_tracker.py:id_merge,
R,CLAMP,CLAMP,0
L,6,6451,PREDICTION,src/tracking/advanced_tracker.py:id_merge,
R,PREDICTION,PREDICTION,1
L,7,6451,PREDICTION,src/tracking/advanced_tracker.py:kalman_homography,
R,PREDICTION,PREDICTION,1
A,6451
S,0,6457,DETECTION,src/tracking/advanced_tracker.py:_activate_slot,6457_260_681_420_771
S,1,6457,DETECTION,src/tracking/advanced_tracker.py:_activate_slot,6457_133_275_277_377
S,2,6457,DETECTION,src/tracking/advanced_tracker.py:_activate_slot,6457_141_378_276_455
S,3,6457,DETECTION,src/tracking/advanced_tracker.py:_activate_slot,6457_210_142_358_225
S,4,6457,DETECTION,src/tracking/advanced_tracker.py:_activate_slot,6457_253_355_400_444
S,5,6457,DETECTION,src/tracking/advanced_tracker.py:_activate_slot,6457_165_709_310_783
S,6,6457,DETECTION,src/tracking/advanced_tracker.py:_activate_slot,6457_309_840_490_949
S,7,6457,PREDICTION,src/tracking/advanced_tracker.py:kalman_homography,
S,8,6457,PREDICTION,src/tracking/advanced_tracker.py:kalman_homography,
S,9,6457,PREDICTION,src/tracking/advanced_tracker.py:kalman_homography,
D,0,6457
S,1,6457,PREDICTION,src/tracking/advanced_tracker.py:id_merge,
D,1,6457
S,2,6457,PREDICTION,src/tracking/advanced_tracker.py:id_merge,
D,3,6457
S,4,6457,PREDICTION,src/tracking/advanced_tracker.py:id_merge,
D,9,6457
S,5,6457,PREDICTION,src/tracking/advanced_tracker.py:id_merge,
L,2,6457,PREDICTION,src/tracking/advanced_tracker.py:id_merge,
R,CLAMP,CLAMP,0
L,4,6457,PREDICTION,src/tracking/advanced_tracker.py:id_merge,
R,PREDICTION,PREDICTION,1
L,5,6457,PREDICTION,src/tracking/advanced_tracker.py:id_merge,
R,CLAMP,CLAMP,0
L,6,6457,DETECTION,src/tracking/advanced_tracker.py:_activate_slot,6457_309_840_490_949
R,DETECTION,DETECTION,1
L,7,6457,PREDICTION,src/tracking/advanced_tracker.py:kalman_homography,
R,PREDICTION,SUBPIXEL,0
L,8,6457,PREDICTION,src/tracking/advanced_tracker.py:kalman_homography,
R,PREDICTION,PREDICTION,1
A,6457
S,0,6463,DETECTION,src/tracking/advanced_tracker.py:_activate_slot,6463_256_677_408_773
S,1,6463,DETECTION,src/tracking/advanced_tracker.py:_activate_slot,6463_130_275_275_370
S,2,6463,DETECTION,src/tracking/advanced_tracker.py:_activate_slot,6463_140_378_276_456
S,3,6463,DETECTION,src/tracking/advanced_tracker.py:_activate_slot,6463_214_144_375_224
S,4,6463,DETECTION,src/tracking/advanced_tracker.py:_activate_slot,6463_259_358_391_448
S,5,6463,DETECTION,src/tracking/advanced_tracker.py:_activate_slot,6463_321_263_493_337
S,8,6463,DETECTION,src/tracking/advanced_tracker.py:_activate_slot,6463_220_825_392_891
S,9,6463,DETECTION,src/tracking/advanced_tracker.py:_activate_slot,6463_160_711_306_787
S,6,6463,PREDICTION,src/tracking/advanced_tracker.py:kalman_homography,
S,7,6463,PREDICTION,src/tracking/advanced_tracker.py:flow_gapfill_batched,
D,0,6463
S,1,6463,PREDICTION,src/tracking/advanced_tracker.py:id_merge,
D,1,6463
S,2,6463,PREDICTION,src/tracking/advanced_tracker.py:id_merge,
D,3,6463
S,4,6463,PREDICTION,src/tracking/advanced_tracker.py:id_merge,
D,7,6463
S,8,6463,PREDICTION,src/tracking/advanced_tracker.py:id_merge,
D,8,6463
S,9,6463,PREDICTION,src/tracking/advanced_tracker.py:id_merge,
L,2,6463,PREDICTION,src/tracking/advanced_tracker.py:id_merge,
R,CLAMP,CLAMP,0
L,4,6463,PREDICTION,src/tracking/advanced_tracker.py:id_merge,
R,PREDICTION,PREDICTION,1
L,5,6463,DETECTION,src/tracking/advanced_tracker.py:_activate_slot,6463_321_263_493_337
R,DETECTION,DETECTION,1
L,6,6463,PREDICTION,src/tracking/advanced_tracker.py:kalman_homography,
R,PREDICTION,PREDICTION,1
L,9,6463,PREDICTION,src/tracking/advanced_tracker.py:id_merge,
R,PREDICTION,PREDICTION,1
A,6463
S,0,6469,DETECTION,src/tracking/advanced_tracker.py:_activate_slot,6469_253_679_406_776
S,1,6469,DETECTION,src/tracking/advanced_tracker.py:_activate_slot,6469_128_278_274_371
S,2,6469,DETECTION,src/tracking/advanced_tracker.py:_activate_slot,6469_140_380_276_460
S,3,6469,DETECTION,src/tracking/advanced_tracker.py:_activate_slot,6469_212_145_368_220
S,4,6469,DETECTION,src/tracking/advanced_tracker.py:_activate_slot,6469_261_366_393_453
S,5,6469,DETECTION,src/tracking/advanced_tracker.py:_activate_slot,6469_158_719_304_787
S,6,6469,DETECTION,src/tracking/advanced_tracker.py:_activate_slot,6469_321_266_488_348
S,8,6469,PREDICTION,src/tracking/advanced_tracker.py:kalman_homography,
S,9,6469,PREDICTION,src/tracking/advanced_tracker.py:kalman_homography,
D,0,6469
S,1,6469,PREDICTION,src/tracking/advanced_tracker.py:id_merge,
D,1,6469
S,2,6469,PREDICTION,src/tracking/advanced_tracker.py:id_merge,
D,3,6469
S,4,6469,PREDICTION,src/tracking/advanced_tracker.py:id_merge,
D,8,6469
S,5,6469,PREDICTION,src/tracking/advanced_tracker.py:id_merge,
D,9,6469
S,5,6469,PREDICTION,src/tracking/advanced_tracker.py:id_merge,
L,2,6469,PREDICTION,src/tracking/advanced_tracker.py:id_merge,
R,CLAMP,CLAMP,0
L,4,6469,PREDICTION,src/tracking/advanced_tracker.py:id_merge,
R,PREDICTION,PREDICTION,1
L,5,6469,PREDICTION,src/tracking/advanced_tracker.py:id_merge,
R,CLAMP,CLAMP,0
L,6,6469,DETECTION,src/tracking/advanced_tracker.py:_activate_slot,6469_321_266_488_348
R,CLAMP,CLAMP,0
A,6469
S,0,6475,DETECTION,src/tracking/advanced_tracker.py:_activate_slot,6475_249_687_398_779
S,1,6475,DETECTION,src/tracking/advanced_tracker.py:_activate_slot,6475_130_281_274_374
S,2,6475,DETECTION,src/tracking/advanced_tracker.py:_activate_slot,6475_140_383_275_462
S,3,6475,DETECTION,src/tracking/advanced_tracker.py:_activate_slot,6475_207_146_370_217
S,4,6475,DETECTION,src/tracking/advanced_tracker.py:_activate_slot,6475_265_370_410_457
S,5,6475,DETECTION,src/tracking/advanced_tracker.py:_activate_slot,6475_302_885_468_974
S,6,6475,DETECTION,src/tracking/advanced_tracker.py:_activate_slot,6475_322_274_492_352
S,8,6475,DETECTION,src/tracking/advanced_tracker.py:_activate_slot,6475_218_824_391_894
S,9,6475,DETECTION,src/tracking/advanced_tracker.py:_activate_slot,6475_163_727_300_787
D,0,6475
S,1,6475,PREDICTION,src/tracking/advanced_tracker.py:id_merge,
D,1,6475
S,2,6475,PREDICTION,src/tracking/advanced_tracker.py:id_merge,
D,3,6475
S,4,6475,PREDICTION,src/tracking/advanced_tracker.py:id_merge,
D,5,6475
S,8,6475,PREDICTION,src/tracking/advanced_tracker.py:id_merge,
D,8,6475
S,9,6475,PREDICTION,src/tracking/advanced_tracker.py:id_merge,
L,2,6475,PREDICTION,src/tracking/advanced_tracker.py:id_merge,
R,CLAMP,CLAMP,0
L,4,6475,PREDICTION,src/tracking/advanced_tracker.py:id_merge,
R,PREDICTION,PREDICTION,1
L,6,6475,DETECTION,src/tracking/advanced_tracker.py:_activate_slot,6475_322_274_492_352
R,CLAMP,CLAMP,0
L,9,6475,PREDICTION,src/tracking/advanced_tracker.py:id_merge,
R,PREDICTION,PREDICTION,1
A,6475
S,0,6481,DETECTION,src/tracking/advanced_tracker.py:_activate_slot,6481_246_694_393_786
S,1,6481,DETECTION,src/tracking/advanced_tracker.py:_activate_slot,6481_129_284_272_373
S,2,6481,DETECTION,src/tracking/advanced_tracker.py:_activate_slot,6481_139_386_276_463
S,3,6481,DETECTION,src/tracking/advanced_tracker.py:_activate_slot,6481_204_145_370_217
S,4,6481,DETECTION,src/tracking/advanced_tracker.py:_activate_slot,6481_266_377_385_470
S,5,6481,DETECTION,src/tracking/advanced_tracker.py:_activate_slot,6481_302_894_472_980
S,6,6481,DETECTION,src/tracking/advanced_tracker.py:_activate_slot,6481_318_283_490_356
S,9,6481,DETECTION,src/tracking/advanced_tracker.py:_activate_slot,6481_155_725_303_793
S,8,6481,PREDICTION,src/tracking/advanced_tracker.py:kalman_homography,
D,0,6481
S,1,6481,PREDICTION,src/tracking/advanced_tracker.py:id_merge,
D,1,6481
S,2,6481,PREDICTION,src/tracking/advanced_tracker.py:id_merge,
D,3,6481
S,4,6481,PREDICTION,src/tracking/advanced_tracker.py:id_merge,
D,8,6481
S,5,6481,PREDICTION,src/tracking/advanced_tracker.py:id_merge,
L,2,6481,PREDICTION,src/tracking/advanced_tracker.py:id_merge,
R,CLAMP,CLAMP,0
L,4,6481,PREDICTION,src/tracking/advanced_tracker.py:id_merge,
R,PREDICTION,PREDICTION,1
L,5,6481,PREDICTION,src/tracking/advanced_tracker.py:id_merge,
R,CLAMP,CLAMP,0
L,6,6481,DETECTION,src/tracking/advanced_tracker.py:_activate_slot,6481_318_283_490_356
R,CLAMP,CLAMP,0
L,9,6481,DETECTION,src/tracking/advanced_tracker.py:_activate_slot,6481_155_725_303_793
R,DETECTION,DETECTION,1
A,6481
S,0,6487,DETECTION,src/tracking/advanced_tracker.py:_activate_slot,6487_246_700_391_790
S,1,6487,DETECTION,src/tracking/advanced_tracker.py:_activate_slot,6487_131_286_274_376
S,2,6487,DETECTION,src/tracking/advanced_tracker.py:_activate_slot,6487_138_389_278_465
S,3,6487,DETECTION,src/tracking/advanced_tracker.py:_activate_slot,6487_211_142_371_216
S,4,6487,DETECTION,src/tracking/advanced_tracker.py:_activate_slot,6487_268_380_434_481
S,5,6487,DETECTION,src/tracking/advanced_tracker.py:_activate_slot,6487_302_901_463_981
S,9,6487,DETECTION,src/tracking/advanced_tracker.py:_activate_slot,6487_156_723_303_797
S,6,6487,PREDICTION,src/tracking/advanced_tracker.py:kalman_homography,
S,8,6487,PREDICTION,src/tracking/advanced_tracker.py:kalman_homography,
D,0,6487
S,1,6487,PREDICTION,src/tracking/advanced_tracker.py:id_merge,
D,1,6487
S,2,6487,PREDICTION,src/tracking/advanced_tracker.py:id_merge,
D,3,6487
S,4,6487,PREDICTION,src/tracking/advanced_tracker.py:id_merge,
D,8,6487
S,5,6487,PREDICTION,src/tracking/advanced_tracker.py:id_merge,
L,2,6487,PREDICTION,src/tracking/advanced_tracker.py:id_merge,
R,CLAMP,CLAMP,0
L,4,6487,PREDICTION,src/tracking/advanced_tracker.py:id_merge,
R,PREDICTION,PREDICTION,1
L,5,6487,PREDICTION,src/tracking/advanced_tracker.py:id_merge,
R,CLAMP,CLAMP,0
L,6,6487,PREDICTION,src/tracking/advanced_tracker.py:kalman_homography,
R,CLAMP,CLAMP,0
L,9,6487,DETECTION,src/tracking/advanced_tracker.py:_activate_slot,6487_156_723_303_797
R,DETECTION,DETECTION,1
A,6487
