S,0,5105,DETECTION,src/tracking/advanced_tracker.py:_activate_slot,5105_209_185_670_474
S,1,5105,DETECTION,src/tracking/advanced_tracker.py:_activate_slot,5105_30_386_669_820
S,2,5105,DETECTION,src/tracking/advanced_tracker.py:_activate_slot,5105_378_-15_674_179
S,3,5105,DETECTION,src/tracking/advanced_tracker.py:_activate_slot,5105_244_880_669_1204
S,4,5105,DETECTION,src/tracking/advanced_tracker.py:_activate_slot,5105_579_787_674_897
S,10,5105,DETECTION,src/tracking/advanced_tracker.py:_activate_slot,5105_346_1103_542_1193
D,0,5105
S,1,5105,PREDICTION,src/tracking/advanced_tracker.py:id_merge,
D,1,5105
S,2,5105,PREDICTION,src/tracking/advanced_tracker.py:id_merge,
D,2,5105
S,3,5105,PREDICTION,src/tracking/advanced_tracker.py:id_merge,
D,3,5105
S,4,5105,PREDICTION,src/tracking/advanced_tracker.py:id_merge,
L,4,5105,PREDICTION,src/tracking/advanced_tracker.py:id_merge,
R,PREDICTION,PREDICTION,1
A,5105
S,0,5111,DETECTION,src/tracking/advanced_tracker.py:_activate_slot,5111_210_208_668_466
S,1,5111,DETECTION,src/tracking/advanced_tracker.py:_activate_slot,5111_33_421_668_813
S,2,5111,DETECTION,src/tracking/advanced_tracker.py:_activate_slot,5111_367_-15_674_235
S,3,5111,DETECTION,src/tracking/advanced_tracker.py:_activate_slot,5111_243_916_669_1199
S,4,5111,DETECTION,src/tracking/advanced_tracker.py:_activate_slot,5111_578_794_674_902
S,10,5111,PREDICTION,src/tracking/advanced_tracker.py:kalman_homography,
D,0,5111
S,1,5111,PREDICTION,src/tracking/advanced_tracker.py:id_merge,
D,1,5111
S,2,5111,PREDICTION,src/tracking/advanced_tracker.py:id_merge,
D,2,5111
S,3,5111,PREDICTION,src/tracking/advanced_tracker.py:id_merge,
D,3,5111
S,4,5111,PREDICTION,src/tracking/advanced_tracker.py:id_merge,
L,4,5111,PREDICTION,src/tracking/advanced_tracker.py:id_merge,
R,PREDICTION,SUBPIXEL,0
A,5111
S,0,5117,DETECTION,src/tracking/advanced_tracker.py:_activate_slot,5117_213_249_669_461
S,1,5117,DETECTION,src/tracking/advanced_tracker.py:_activate_slot,5117_30_378_669_803
S,2,5117,DETECTION,src/tracking/advanced_tracker.py:_activate_slot,5117_361_-15_673_274
S,3,5117,DETECTION,src/tracking/advanced_tracker.py:_activate_slot,5117_245_941_669_1231
S,4,5117,DETECTION,src/tracking/advanced_tracker.py:_activate_slot,5117_576_799_674_905
S,10,5117,PREDICTION,src/tracking/advanced_tracker.py:kalman_homography,
D,0,5117
S,1,5117,PREDICTION,src/tracking/advanced_tracker.py:id_merge,
D,1,5117
S,2,5117,PREDICTION,src/tracking/advanced_tracker.py:id_merge,
D,2,5117
S,3,5117,PREDICTION,src/tracking/advanced_tracker.py:id_merge,
D,3,5117
S,4,5117,PREDICTION,src/tracking/advanced_tracker.py:id_merge,
L,4,5117,PREDICTION,src/tracking/advanced_tracker.py:id_merge,
R,PREDICTION,SUBPIXEL,0
A,5117
S,0,5123,DETECTION,src/tracking/advanced_tracker.py:_activate_slot,5123_209_272_670_464
S,1,5123,DETECTION,src/tracking/advanced_tracker.py:_activate_slot,5123_23_360_668_800
S,2,5123,DETECTION,src/tracking/advanced_tracker.py:_activate_slot,5123_331_-3_672_313
S,3,5123,DETECTION,src/tracking/advanced_tracker.py:_activate_slot,5123_244_975_671_1255
S,4,5123,DETECTION,src/tracking/advanced_tracker.py:_activate_slot,5123_578_806_674_912
S,10,5123,PREDICTION,src/tracking/advanced_tracker.py:kalman_homography,
D,0,5123
S,1,5123,PREDICTION,src/tracking/advanced_tracker.py:id_merge,
D,1,5123
S,2,5123,PREDICTION,src/tracking/advanced_tracker.py:id_merge,
D,2,5123
S,3,5123,PREDICTION,src/tracking/advanced_tracker.py:id_merge,
D,3,5123
S,4,5123,PREDICTION,src/tracking/advanced_tracker.py:id_merge,
L,4,5123,PREDICTION,src/tracking/advanced_tracker.py:id_merge,
R,PREDICTION,PREDICTION,1
A,5123
S,0,5129,DETECTION,src/tracking/advanced_tracker.py:_activate_slot,5129_215_286_668_469
S,1,5129,DETECTION,src/tracking/advanced_tracker.py:_activate_slot,5129_30_365_666_790
S,2,5129,DETECTION,src/tracking/advanced_tracker.py:_activate_slot,5129_324_29_671_331
S,3,5129,DETECTION,src/tracking/advanced_tracker.py:_activate_slot,5129_247_1015_555_1287
S,4,5129,DETECTION,src/tracking/advanced_tracker.py:_activate_slot,5129_576_811_674_918
S,10,5129,PREDICTION,src/tracking/advanced_tracker.py:kalman_homography,
D,0,5129
S,1,5129,PREDICTION,src/tracking/advanced_tracker.py:id_merge,
D,1,5129
S,2,5129,PREDICTION,src/tracking/advanced_tracker.py:id_merge,
D,2,5129
S,3,5129,PREDICTION,src/tracking/advanced_tracker.py:id_merge,
D,3,5129
S,4,5129,PREDICTION,src/tracking/advanced_tracker.py:id_merge,
L,4,5129,PREDICTION,src/tracking/advanced_tracker.py:id_merge,
R,PREDICTION,SUBPIXEL,0
A,5129
S,0,5135,DETECTION,src/tracking/advanced_tracker.py:_activate_slot,5135_220_298_589_480
S,1,5135,DETECTION,src/tracking/advanced_tracker.py:_activate_slot,5135_41_285_666_798
S,2,5135,DETECTION,src/tracking/advanced_tracker.py:_activate_slot,5135_320_73_671_340
S,3,5135,DETECTION,src/tracking/advanced_tracker.py:_activate_slot,5135_252_1058_556_1295
S,4,5135,DETECTION,src/tracking/advanced_tracker.py:_activate_slot,5135_577_822_673_930
S,10,5135,PREDICTION,src/tracking/advanced_tracker.py:kalman_homography,
D,0,5135
S,1,5135,PREDICTION,src/tracking/advanced_tracker.py:id_merge,
D,1,5135
S,2,5135,PREDICTION,src/tracking/advanced_tracker.py:id_merge,
D,2,5135
S,3,5135,PREDICTION,src/tracking/advanced_tracker.py:id_merge,
D,3,5135
S,4,5135,PREDICTION,src/tracking/advanced_tracker.py:id_merge,
L,4,5135,PREDICTION,src/tracking/advanced_tracker.py:id_merge,
R,PREDICTION,PREDICTION,1
A,5135
S,0,5141,DETECTION,src/tracking/advanced_tracker.py:_activate_slot,5141_231_319_521_481
S,1,5141,DETECTION,src/tracking/advanced_tracker.py:_activate_slot,5141_44_223_666_797
S,2,5141,DETECTION,src/tracking/advanced_tracker.py:_activate_slot,5141_321_116_671_358
S,3,5141,DETECTION,src/tracking/advanced_tracker.py:_activate_slot,5141_260_1095_554_1293
S,4,5141,DETECTION,src/tracking/advanced_tracker.py:_activate_slot,5141_576_833_673_939
S,5,5141,DETECTION,src/tracking/advanced_tracker.py:_activate_slot,5141_263_1093_668_1295
S,6,5141,DETECTION,src/tracking/advanced_tracker.py:_activate_slot,5141_593_763_674_865
S,10,5141,PREDICTION,src/tracking/advanced_tracker.py:kalman_homography,
D,0,5141
S,1,5141,PREDICTION,src/tracking/advanced_tracker.py:id_merge,
D,1,5141
S,2,5141,PREDICTION,src/tracking/advanced_tracker.py:id_merge,
D,2,5141
S,3,5141,PREDICTION,src/tracking/advanced_tracker.py:id_merge,
D,3,5141
S,4,5141,PREDICTION,src/tracking/advanced_tracker.py:id_merge,
L,4,5141,PREDICTION,src/tracking/advanced_tracker.py:id_merge,
R,PREDICTION,PREDICTION,1
L,5,5141,DETECTION,src/tracking/advanced_tracker.py:_activate_slot,5141_263_1093_668_1295
R,DETECTION,DETECTION,1
L,6,5141,DETECTION,src/tracking/advanced_tracker.py:_activate_slot,5141_593_763_674_865
R,DETECTION,DETECTION,1
A,5141
S,1,5147,DETECTION,src/tracking/advanced_tracker.py:_activate_slot,5147_52_159_666_795
S,2,5147,DETECTION,src/tracking/advanced_tracker.py:_activate_slot,5147_587_53_673_127
S,3,5147,DETECTION,src/tracking/advanced_tracker.py:_activate_slot,5147_256_1129_553_1295
S,4,5147,DETECTION,src/tracking/advanced_tracker.py:_activate_slot,5147_153_143_367_243
S,5,5147,DETECTION,src/tracking/advanced_tracker.py:_activate_slot,5147_255_1127_669_1293
S,6,5147,DETECTION,src/tracking/advanced_tracker.py:_activate_slot,5147_576_842_674_948
S,0,5147,PREDICTION,src/tracking/advanced_tracker.py:kalman_homography,
S,10,5147,PREDICTION,src/tracking/advanced_tracker.py:kalman_homography,
D,0,5147
S,1,5147,PREDICTION,src/tracking/advanced_tracker.py:id_merge,
D,1,5147
S,2,5147,PREDICTION,src/tracking/advanced_tracker.py:id_merge,
D,2,5147
S,3,5147,PREDICTION,src/tracking/advanced_tracker.py:id_merge,
L,3,5147,PREDICTION,src/tracking/advanced_tracker.py:id_merge,
R,PREDICTION,PREDICTION,1
L,4,5147,DETECTION,src/tracking/advanced_tracker.py:_activate_slot,5147_153_143_367_243
R,CLAMP,CLAMP,0
L,5,5147,DETECTION,src/tracking/advanced_tracker.py:_activate_slot,5147_255_1127_669_1293
R,DETECTION,DETECTION,1
L,6,5147,DETECTION,src/tracking/advanced_tracker.py:_activate_slot,5147_576_842_674_948
R,DETECTION,DETECTION,1
A,5147
S,0,5153,DETECTION,src/tracking/advanced_tracker.py:_activate_slot,5153_574_851_674_957
S,1,5153,DETECTION,src/tracking/advanced_tracker.py:_activate_slot,5153_46_145_665_799
S,2,5153,DETECTION,src/tracking/advanced_tracker.py:_activate_slot,5153_348_150_571_248
S,3,5153,DETECTION,src/tracking/advanced_tracker.py:_activate_slot,5153_245_1152_553_1294
S,4,5153,DETECTION,src/tracking/advanced_tracker.py:_activate_slot,5153_227_96_431_188
S,7,5153,DETECTION,src/tracking/advanced_tracker.py:_activate_slot,5153_583_781_674_887
S,8,5153,DETECTION,src/tracking/advanced_tracker.py:_activate_slot,5153_587_-15_673_47
S,5,5153,PREDICTION,src/tracking/advanced_tracker.py:flow_gapfill_batched,
S,10,5153,PREDICTION,src/tracking/advanced_tracker.py:flow_gapfill_batched,
D,0,5153
S,1,5153,PREDICTION,src/tracking/advanced_tracker.py:id_merge,
D,1,5153
S,2,5153,PREDICTION,src/tracking/advanced_tracker.py:id_merge,
D,2,5153
S,3,5153,PREDICTION,src/tracking/advanced_tracker.py:id_merge,
D,3,5153
S,4,5153,PREDICTION,src/tracking/advanced_tracker.py:id_merge,
D,7,5153
S,8,5153,PREDICTION,src/tracking/advanced_tracker.py:id_merge,
L,4,5153,PREDICTION,src/tracking/advanced_tracker.py:id_merge,
R,PREDICTION,PREDICTION,1
L,5,5153,PREDICTION,src/tracking/advanced_tracker.py:flow_gapfill_batched,
R,PREDICTION,PREDICTION,1
L,8,5153,PREDICTION,src/tracking/advanced_tracker.py:id_merge,
R,PREDICTION,PREDICTION,1
A,5153
S,0,5159,DETECTION,src/tracking/advanced_tracker.py:_activate_slot,5159_574_858_674_965
S,1,5159,DETECTION,src/tracking/advanced_tracker.py:_activate_slot,5159_41_259_665_802
S,2,5159,DETECTION,src/tracking/advanced_tracker.py:_activate_slot,5159_343_154_517_259
S,3,5159,DETECTION,src/tracking/advanced_tracker.py:_activate_slot,5159_247_1181_549_1295
S,4,5159,DETECTION,src/tracking/advanced_tracker.py:_activate_slot,5159_231_98_433_192
S,6,5159,DETECTION,src/tracking/advanced_tracker.py:_activate_slot,5159_580_-15_672_52
S,5,5159,PREDICTION,src/tracking/advanced_tracker.py:flow_gapfill_batched,
S,8,5159,PREDICTION,src/tracking/advanced_tracker.py:flow_gapfill_batched,
D,0,5159
S,1,5159,PREDICTION,src/tracking/advanced_tracker.py:id_merge,
D,1,5159
S,2,5159,PREDICTION,src/tracking/advanced_tracker.py:id_merge,
D,2,5159
S,3,5159,PREDICTION,src/tracking/advanced_tracker.py:id_merge,
D,3,5159
S,4,5159,PREDICTION,src/tracking/advanced_tracker.py:id_merge,
D,8,5159
S,6,5159,PREDICTION,src/tracking/advanced_tracker.py:id_merge,
L,4,5159,PREDICTION,src/tracking/advanced_tracker.py:id_merge,
R,PREDICTION,PREDICTION,1
L,5,5159,PREDICTION,src/tracking/advanced_tracker.py:flow_gapfill_batched,
R,CLAMP,CLAMP,0
L,6,5159,PREDICTION,src/tracking/advanced_tracker.py:id_merge,
R,PREDICTION,PREDICTION,1
A,5159
S,1,5165,DETECTION,src/tracking/advanced_tracker.py:_activate_slot,5165_34_326_665_812
S,2,5165,DETECTION,src/tracking/advanced_tracker.py:_activate_slot,5165_586_163_674_269
S,3,5165,DETECTION,src/tracking/advanced_tracker.py:_activate_slot,5165_261_1205_552_1295
S,4,5165,DETECTION,src/tracking/advanced_tracker.py:_activate_slot,5165_590_27_674_128
S,8,5165,DETECTION,src/tracking/advanced_tracker.py:_activate_slot,5165_576_-15_674_56
S,0,5165,PREDICTION,src/tracking/advanced_tracker.py:flow_gapfill_batched,
S,5,5165,PREDICTION,src/tracking/advanced_tracker.py:flow_gapfill_batched,
S,6,5165,PREDICTION,src/tracking/advanced_tracker.py:flow_gapfill_batched,
S,7,5165,PREDICTION,src/tracking/advanced_tracker.py:flow_gapfill_batched,
D,0,5165
S,1,5165,PREDICTION,src/tracking/advanced_tracker.py:id_merge,
D,1,5165
S,2,5165,PREDICTION,src/tracking/advanced_tracker.py:id_merge,
D,2,5165
S,3,5165,PREDICTION,src/tracking/advanced_tracker.py:id_merge,
D,3,5165
S,4,5165,PREDICTION,src/tracking/advanced_tracker.py:id_merge,
D,5,5165
S,6,5165,PREDICTION,src/tracking/advanced_tracker.py:id_merge,
D,7,5165
S,6,5165,PREDICTION,src/tracking/advanced_tracker.py:id_merge,
D,6,5165
S,8,5165,PREDICTION,src/tracking/advanced_tracker.py:id_merge,
L,4,5165,PREDICTION,src/tracking/advanced_tracker.py:id_merge,
R,PREDICTION,PREDICTION,1
L,8,5165,PREDICTION,src/tracking/advanced_tracker.py:id_merge,
R,PREDICTION,PREDICTION,1
A,5165
S,0,5171,DETECTION,src/tracking/advanced_tracker.py:_activate_slot,5171_558_300_675_414
S,1,5171,DETECTION,src/tracking/advanced_tracker.py:_activate_slot,5171_32_285_668_825
S,2,5171,DETECTION,src/tracking/advanced_tracker.py:_activate_slot,5171_586_27_674_135
S,4,5171,DETECTION,src/tracking/advanced_tracker.py:_activate_slot,5171_137_162_347_256
S,10,5171,DETECTION,src/tracking/advanced_tracker.py:_activate_slot,5171_584_164_674_270
S,9,5171,DETECTION,src/tracking/advanced_tracker.py:_activate_slot,5171_545_248_674_349
S,3,5171,PREDICTION,src/tracking/advanced_tracker.py:kalman_homography,
D,0,5171
S,1,5171,PREDICTION,src/tracking/advanced_tracker.py:id_merge,
D,1,5171
S,2,5171,PREDICTION,src/tracking/advanced_tracker.py:id_merge,
D,3,5171
S,2,5171,PREDICTION,src/tracking/advanced_tracker.py:id_merge,
L,2,5171,PREDICTION,src/tracking/advanced_tracker.py:id_merge,
R,PREDICTION,PREDICTION,1
L,4,5171,DETECTION,src/tracking/advanced_tracker.py:_activate_slot,5171_137_162_347_256
R,CLAMP,CLAMP,0
L,9,5171,DETECTION,src/tracking/advanced_tracker.py:_activate_slot,5171_545_248_674_349
R,DETECTION,DETECTION,1
A,5171
S,1,5177,DETECTION,src/tracking/advanced_tracker.py:_activate_slot,5177_28_298_538_842
S,2,5177,DETECTION,src/tracking/advanced_tracker.py:_activate_slot,5177_579_152_675_263
S,4,5177,DETECTION,src/tracking/advanced_tracker.py:_activate_slot,5177_581_17_674_124
S,0,5177,DETECTION,src/tracking/advanced_tracker.py:_activate_slot,5177_543_242_675_337
S,3,5177,DETECTION,src/tracking/advanced_tracker.py:_activate_slot,5177_265_1221_553_1295
S,9,5177,DETECTION,src/tracking/advanced_tracker.py:_activate_slot,5177_553_290_675_406
S,5,5177,PREDICTION,src/tracking/advanced_tracker.py:flow_gapfill_batched,
S,7,5177,PREDICTION,src/tracking/advanced_tracker.py:flow_gapfill_batched,
D,0,5177
S,1,5177,PREDICTION,src/tracking/advanced_tracker.py:id_merge,
D,1,5177
S,2,5177,PREDICTION,src/tracking/advanced_tracker.py:id_merge,
D,2,5177
S,3,5177,PREDICTION,src/tracking/advanced_tracker.py:id_merge,
D,3,5177
S,4,5177,PREDICTION,src/tracking/advanced_tracker.py:id_merge,
D,5,5177
S,7,5177,PREDICTION,src/tracking/advanced_tracker.py:id_merge,
D,7,5177
S,9,5177,PREDICTION,src/tracking/advanced_tracker.py:id_merge,
L,4,5177,PREDICTION,src/tracking/advanced_tracker.py:id_merge,
R,PREDICTION,SUBPIXEL,0
L,9,5177,PREDICTION,src/tracking/advanced_tracker.py:id_merge,
R,PREDICTION,PREDICTION,1
A,5177
S,1,5183,DETECTION,src/tracking/advanced_tracker.py:_activate_slot,5183_26_327_536_863
S,2,5183,DETECTION,src/tracking/advanced_tracker.py:_activate_slot,5183_544_217_675_328
S,4,5183,DETECTION,src/tracking/advanced_tracker.py:_activate_slot,5183_583_6_674_115
S,5,5183,DETECTION,src/tracking/advanced_tracker.py:_activate_slot,5183_250_1213_551_1295
S,7,5183,DETECTION,src/tracking/advanced_tracker.py:_activate_slot,5183_579_142_675_253
S,9,5183,DETECTION,src/tracking/advanced_tracker.py:_activate_slot,5183_555_281_675_395
S,3,5183,PREDICTION,src/tracking/advanced_tracker.py:kalman_homography,
S,10,5183,PREDICTION,src/tracking/advanced_tracker.py:flow_gapfill_batched,
D,1,5183
S,2,5183,PREDICTION,src/tracking/advanced_tracker.py:id_merge,
D,3,5183
S,2,5183,PREDICTION,src/tracking/advanced_tracker.py:id_merge,
D,2,5183
S,4,5183,PREDICTION,src/tracking/advanced_tracker.py:id_merge,
D,5,5183
S,7,5183,PREDICTION,src/tracking/advanced_tracker.py:id_merge,
D,7,5183
S,9,5183,PREDICTION,src/tracking/advanced_tracker.py:id_merge,
L,4,5183,PREDICTION,src/tracking/advanced_tracker.py:id_merge,
R,PREDICTION,SUBPIXEL,0
L,9,5183,PREDICTION,src/tracking/advanced_tracker.py:id_merge,
R,PREDICTION,PREDICTION,1
A,5183
S,0,5189,DETECTION,src/tracking/advanced_tracker.py:_activate_slot,5189_578_844_675_952
S,1,5189,DETECTION,src/tracking/advanced_tracker.py:_activate_slot,5189_31_403_533_875
S,3,5189,DETECTION,src/tracking/advanced_tracker.py:_activate_slot,5189_243_1201_551_1295
S,2,5189,DETECTION,src/tracking/advanced_tracker.py:_activate_slot,5189_549_205_675_318
S,5,5189,DETECTION,src/tracking/advanced_tracker.py:_activate_slot,5189_242_1197_673_1295
S,7,5189,DETECTION,src/tracking/advanced_tracker.py:_activate_slot,5189_587_134_675_241
S,9,5189,DETECTION,src/tracking/advanced_tracker.py:_activate_slot,5189_557_272_675_385
S,4,5189,PREDICTION,src/tracking/advanced_tracker.py:flow_gapfill_batched,
S,10,5189,PREDICTION,src/tracking/advanced_tracker.py:flow_gapfill_batched,
D,0,5189
S,1,5189,PREDICTION,src/tracking/advanced_tracker.py:id_merge,
D,1,5189
S,2,5189,PREDICTION,src/tracking/advanced_tracker.py:id_merge,
D,2,5189
S,3,5189,PREDICTION,src/tracking/advanced_tracker.py:id_merge,
D,4,5189
S,3,5189,PREDICTION,src/tracking/advanced_tracker.py:id_merge,
D,7,5189
S,9,5189,PREDICTION,src/tracking/advanced_tracker.py:id_merge,
L,3,5189,PREDICTION,src/tracking/advanced_tracker.py:id_merge,
R,PREDICTION,PREDICTION,1
L,5,5189,DETECTION,src/tracking/advanced_tracker.py:_activate_slot,5189_242_1197_673_1295
R,DETECTION,DETECTION,1
L,9,5189,PREDICTION,src/tracking/advanced_tracker.py:id_merge,
R,PREDICTION,SUBPIXEL,0
A,5189
S,0,5195,DETECTION,src/tracking/advanced_tracker.py:_activate_slot,5195_574_842_674_949
S,1,5195,DETECTION,src/tracking/advanced_tracker.py:_activate_slot,5195_36_417_547_885
S,3,5195,DETECTION,src/tracking/advanced_tracker.py:_activate_slot,5195_243_1193_551_1295
S,2,5195,DETECTION,src/tracking/advanced_tracker.py:_activate_slot,5195_558_206_674_313
S,6,5195,DETECTION,src/tracking/advanced_tracker.py:_activate_slot,5195_561_267_675_382
S,9,5195,PREDICTION,src/tracking/advanced_tracker.py:flow_gapfill_batched,
D,0,5195
S,1,5195,PREDICTION,src/tracking/advanced_tracker.py:id_merge,
D,1,5195
S,2,5195,PREDICTION,src/tracking/advanced_tracker.py:id_merge,
D,2,5195
S,3,5195,PREDICTION,src/tracking/advanced_tracker.py:id_merge,
D,9,5195
S,6,5195,PREDICTION,src/tracking/advanced_tracker.py:id_merge,
L,3,5195,PREDICTION,src/tracking/advanced_tracker.py:id_merge,
R,PREDICTION,SUBPIXEL,0
L,6,5195,PREDICTION,src/tracking/advanced_tracker.py:id_merge,
R,PREDICTION,PREDICTION,1
A,5195
S,0,5201,DETECTION,src/tracking/advanced_tracker.py:_activate_slot,5201_574_840_674_948
S,1,5201,DETECTION,src/tracking/advanced_tracker.py:_activate_slot,5201_36_409_537_883
S,2,5201,DETECTION,src/tracking/advanced_tracker.py:_activate_slot,5201_246_1183_550_1295
S,6,5201,DETECTION,src/tracking/advanced_tracker.py:_activate_slot,5201_568_264_674_379
S,3,5201,PREDICTION,src/tracking/advanced_tracker.py:kalman_homography,
S,9,5201,PREDICTION,src/tracking/advanced_tracker.py:flow_gapfill_batched,
S,10,5201,PREDICTION,src/tracking/advanced_tracker.py:flow_gapfill_batched,
D,0,5201
S,1,5201,PREDICTION,src/tracking/advanced_tracker.py:id_merge,
D,1,5201
S,2,5201,PREDICTION,src/tracking/advanced_tracker.py:id_merge,
D,3,5201
S,2,5201,PREDICTION,src/tracking/advanced_tracker.py:id_merge,
D,9,5201
S,6,5201,PREDICTION,src/tracking/advanced_tracker.py:id_merge,
L,2,5201,PREDICTION,src/tracking/advanced_tracker.py:id_merge,
R,PREDICTION,PREDICTION,1
L,6,5201,PREDICTION,src/tracking/advanced_tracker.py:id_merge,
R,PREDICTION,SUBPIXEL,0
A,5201
S,0,5207,DETECTION,src/tracking/advanced_tracker.py:_activate_slot,5207_572_834_674_941
S,1,5207,DETECTION,src/tracking/advanced_tracker.py:_activate_slot,5207_39_388_537_860
S,5,5207,DETECTION,src/tracking/advanced_tracker.py:_activate_slot,5207_240_1175_551_1295
S,6,5207,DETECTION,src/tracking/advanced_tracker.py:_activate_slot,5207_566_257_675_373
S,3,5207,PREDICTION,src/tracking/advanced_tracker.py:kalman_homography,
S,8,5207,PREDICTION,src/tracking/advanced_tracker.py:kalman_homography,
S,2,5207,PREDICTION,src/tracking/advanced_tracker.py:flow_gapfill_batched,
D,0,5207
S,1,5207,PREDICTION,src/tracking/advanced_tracker.py:id_merge,
D,2,5207
S,1,5207,PREDICTION,src/tracking/advanced_tracker.py:id_merge,
D,3,5207
S,1,5207,PREDICTION,src/tracking/advanced_tracker.py:id_merge,
D,5,5207
S,6,5207,PREDICTION,src/tracking/advanced_tracker.py:id_merge,
D,8,5207
S,6,5207,PREDICTION,src/tracking/advanced_tracker.py:id_merge,
L,1,5207,PREDICTION,src/tracking/advanced_tracker.py:id_merge,
R,PREDICTION,PREDICTION,1
L,6,5207,PREDICTION,src/tracking/advanced_tracker.py:id_merge,
R,PREDICTION,SUBPIXEL,0
A,5207
S,0,5213,DETECTION,src/tracking/advanced_tracker.py:_activate_slot,5213_573_832_673_941
S,1,5213,DETECTION,src/tracking/advanced_tracker.py:_activate_slot,5213_45_369_545_829
S,3,5213,DETECTION,src/tracking/advanced_tracker.py:_activate_slot,5213_250_1177_553_1295
S,6,5213,DETECTION,src/tracking/advanced_tracker.py:_activate_slot,5213_571_257_674_368
S,5,5213,DETECTION,src/tracking/advanced_tracker.py:_activate_slot,5213_251_1169_669_1295
S,2,5213,PREDICTION,src/tracking/advanced_tracker.py:flow_gapfill_batched,
S,9,5213,PREDICTION,src/tracking/advanced_tracker.py:flow_gapfill_batched,
D,0,5213
S,1,5213,PREDICTION,src/tracking/advanced_tracker.py:id_merge,
D,2,5213
S,1,5213,PREDICTION,src/tracking/advanced_tracker.py:id_merge,
D,1,5213
S,3,5213,PREDICTION,src/tracking/advanced_tracker.py:id_merge,
D,9,5213
S,6,5213,PREDICTION,src/tracking/advanced_tracker.py:id_merge,
L,3,5213,PREDICTION,src/tracking/advanced_tracker.py:id_merge,
R,PREDICTION,PREDICTION,1
L,5,5213,DETECTION,src/tracking/advanced_tracker.py:_activate_slot,5213_251_1169_669_1295
R,DETECTION,DETECTION,1
L,6,5213,PREDICTION,src/tracking/advanced_tracker.py:id_merge,
R,PREDICTION,SUBPIXEL,0
A,5213
S,1,5219,DETECTION,src/tracking/advanced_tracker.py:_activate_slot,5219_39_358_668_794
S,2,5219,DETECTION,src/tracking/advanced_tracker.py:_activate_slot,5219_254_1177_555_1295
S,5,5219,DETECTION,src/tracking/advanced_tracker.py:_activate_slot,5219_256_1153_670_1295
S,7,5219,DETECTION,src/tracking/advanced_tracker.py:_activate_slot,5219_573_835_673_943
S,9,5219,DETECTION,src/tracking/advanced_tracker.py:_activate_slot,5219_573_261_675_370
S,3,5219,PREDICTION,src/tracking/advanced_tracker.py:kalman_homography,
S,0,5219,PREDICTION,src/tracking/advanced_tracker.py:flow_gapfill_batched,
S,6,5219,PREDICTION,src/tracking/advanced_tracker.py:flow_gapfill_batched,
D,0,5219
S,1,5219,PREDICTION,src/tracking/advanced_tracker.py:id_merge,
D,1,5219
S,2,5219,PREDICTION,src/tracking/advanced_tracker.py:id_merge,
D,3,5219
S,2,5219,PREDICTION,src/tracking/advanced_tracker.py:id_merge,
D,6,5219
S,7,5219,PREDICTION,src/tracking/advanced_tracker.py:id_merge,
D,7,5219
S,9,5219,PREDICTION,src/tracking/advanced_tracker.py:id_merge,
L,2,5219,PREDICTION,src/tracking/advanced_tracker.py:id_merge,
R,PREDICTION,PREDICTION,1
L,5,5219,DETECTION,src/tracking/advanced_tracker.py:_activate_slot,5219_256_1153_670_1295
R,DETECTION,DETECTION,1
L,9,5219,PREDICTION,src/tracking/advanced_tracker.py:id_merge,
R,PREDICTION,SUBPIXEL,0
A,5219
S,0,5225,DETECTION,src/tracking/advanced_tracker.py:_activate_slot,5225_573_266_675_378
S,1,5225,DETECTION,src/tracking/advanced_tracker.py:_activate_slot,5225_41_365_666_801
S,5,5225,DETECTION,src/tracking/advanced_tracker.py:_activate_slot,5225_252_1173_671_1295
S,7,5225,DETECTION,src/tracking/advanced_tracker.py:_activate_slot,5225_575_840_674_949
S,3,5225,PREDICTION,src/tracking/advanced_tracker.py:kalman_homography,
S,2,5225,PREDICTION,src/tracking/advanced_tracker.py:flow_gapfill_batched,
D,0,5225
S,1,5225,PREDICTION,src/tracking/advanced_tracker.py:id_merge,
D,2,5225
S,1,5225,PREDICTION,src/tracking/advanced_tracker.py:id_merge,
D,3,5225
S,1,5225,PREDICTION,src/tracking/advanced_tracker.py:id_merge,
L,1,5225,PREDICTION,src/tracking/advanced_tracker.py:id_merge,
R,PREDICTION,PREDICTION,1
L,5,5225,DETECTION,src/tracking/advanced_tracker.py:_activate_slot,5225_252_1173_671_1295
R,DETECTION,DETECTION,1
L,7,5225,DETECTION,src/tracking/advanced_tracker.py:_activate_slot,5225_575_840_674_949
R,DETECTION,DETECTION,1
A,5225
S,0,5231,DETECTION,src/tracking/advanced_tracker.py:_activate_slot,5231_567_223_675_324
S,1,5231,DETECTION,src/tracking/advanced_tracker.py:_activate_slot,5231_32_356_668_816
S,2,5231,DETECTION,src/tracking/advanced_tracker.py:_activate_slot,5231_574_850_674_958
S,3,5231,DETECTION,src/tracking/advanced_tracker.py:_activate_slot,5231_255_1189_551_1295
S,4,5231,DETECTION,src/tracking/advanced_tracker.py:_activate_slot,5231_573_277_675_384
S,5,5231,DETECTION,src/tracking/advanced_tracker.py:_activate_slot,5231_256_1189_666_1295
S,7,5231,PREDICTION,src/tracking/advanced_tracker.py:flow_gapfill_batched,
D,0,5231
S,1,5231,PREDICTION,src/tracking/advanced_tracker.py:id_merge,
D,1,5231
S,2,5231,PREDICTION,src/tracking/advanced_tracker.py:id_merge,
D,2,5231
S,3,5231,PREDICTION,src/tracking/advanced_tracker.py:id_merge,
D,3,5231
S,4,5231,PREDICTION,src/tracking/advanced_tracker.py:id_merge,
L,4,5231,PREDICTION,src/tracking/advanced_tracker.py:id_merge,
R,PREDICTION,PREDICTION,1
L,5,5231,DETECTION,src/tracking/advanced_tracker.py:_activate_slot,5231_256_1189_666_1295
R,CLAMP,CLAMP,0
L,7,5231,PREDICTION,src/tracking/advanced_tracker.py:flow_gapfill_batched,
R,PREDICTION,SUBPIXEL,0
A,5231
S,1,5237,DETECTION,src/tracking/advanced_tracker.py:_activate_slot,5237_47_372_667_855
S,2,5237,DETECTION,src/tracking/advanced_tracker.py:_activate_slot,5237_575_854_673_962
S,6,5237,DETECTION,src/tracking/advanced_tracker.py:_activate_slot,5237_258_1197_550_1295
S,9,5237,DETECTION,src/tracking/advanced_tracker.py:_activate_slot,5237_577_281_675_387
S,3,5237,PREDICTION,src/tracking/advanced_tracker.py:kalman_homography,
S,0,5237,PREDICTION,src/tracking/advanced_tracker.py:flow_gapfill_batched,
S,4,5237,PREDICTION,src/tracking/advanced_tracker.py:flow_gapfill_batched,
S,7,5237,PREDICTION,src/tracking/advanced_tracker.py:flow_gapfill_batched,
D,0,5237
S,1,5237,PREDICTION,src/tracking/advanced_tracker.py:id_merge,
D,1,5237
S,2,5237,PREDICTION,src/tracking/advanced_tracker.py:id_merge,
D,3,5237
S,2,5237,PREDICTION,src/tracking/advanced_tracker.py:id_merge,
D,4,5237
S,2,5237,PREDICTION,src/tracking/advanced_tracker.py:id_merge,
D,7,5237
S,6,5237,PREDICTION,src/tracking/advanced_tracker.py:id_merge,
D,6,5237
S,9,5237,PREDICTION,src/tracking/advanced_tracker.py:id_merge,
L,2,5237,PREDICTION,src/tracking/advanced_tracker.py:id_merge,
R,PREDICTION,PREDICTION,1
L,9,5237,PREDICTION,src/tracking/advanced_tracker.py:id_merge,
R,PREDICTION,SUBPIXEL,0
A,5237
S,0,5243,DETECTION,src/tracking/advanced_tracker.py:_activate_slot,5243_575_270_675_377
S,1,5243,DETECTION,src/tracking/advanced_tracker.py:_activate_slot,5243_60_376_668_836
S,2,5243,DETECTION,src/tracking/advanced_tracker.py:_activate_slot,5243_576_846_674_953
S,6,5243,DETECTION,src/tracking/advanced_tracker.py:_activate_slot,5243_260_1197_550_1295
S,3,5243,PREDICTION,src/tracking/advanced_tracker.py:kalman_homography,
S,4,5243,PREDICTION,src/tracking/advanced_tracker.py:kalman_homography,
D,0,5243
S,1,5243,PREDICTION,src/tracking/advanced_tracker.py:id_merge,
D,1,5243
S,2,5243,PREDICTION,src/tracking/advanced_tracker.py:id_merge,
D,3,5243
S,2,5243,PREDICTION,src/tracking/advanced_tracker.py:id_merge,
D,4,5243
S,2,5243,PREDICTION,src/tracking/advanced_tracker.py:id_merge,
L,2,5243,PREDICTION,src/tracking/advanced_tracker.py:id_merge,
R,PREDICTION,PREDICTION,1
L,6,5243,DETECTION,src/tracking/advanced_tracker.py:_activate_slot,5243_260_1197_550_1295
R,DETECTION,DETECTION,1
A,5243
S,0,5249,DETECTION,src/tracking/advanced_tracker.py:_activate_slot,5249_577_260_675_367
S,1,5249,DETECTION,src/tracking/advanced_tracker.py:_activate_slot,5249_79_380_540_816
S,3,5249,DETECTION,src/tracking/advanced_tracker.py:_activate_slot,5249_256_1201_552_1295
S,7,5249,DETECTION,src/tracking/advanced_tracker.py:_activate_slot,5249_576_833_673_943
S,4,5249,PREDICTION,src/tracking/advanced_tracker.py:kalman_homography,
S,2,5249,PREDICTION,src/tracking/advanced_tracker.py:flow_gapfill_batched,
S,6,5249,PREDICTION,src/tracking/advanced_tracker.py:flow_gapfill_batched,
D,0,5249
S,1,5249,PREDICTION,src/tracking/advanced_tracker.py:id_merge,
D,2,5249
S,1,5249,PREDICTION,src/tracking/advanced_tracker.py:id_merge,
D,1,5249
S,3,5249,PREDICTION,src/tracking/advanced_tracker.py:id_merge,
D,4,5249
S,3,5249,PREDICTION,src/tracking/advanced_tracker.py:id_merge,
D,6,5249
S,7,5249,PREDICTION,src/tracking/advanced_tracker.py:id_merge,
L,3,5249,PREDICTION,src/tracking/advanced_tracker.py:id_merge,
R,PREDICTION,SUBPIXEL,0
L,7,5249,PREDICTION,src/tracking/advanced_tracker.py:id_merge,
R,PREDICTION,PREDICTION,1
A,5249
S,0,5255,DETECTION,src/tracking/advanced_tracker.py:_activate_slot,5255_573_257_674_365
S,1,5255,DETECTION,src/tracking/advanced_tracker.py:_activate_slot,5255_98_364_663_801
S,2,5255,DETECTION,src/tracking/advanced_tracker.py:_activate_slot,5255_575_832_673_940
S,3,5255,DETECTION,src/tracking/advanced_tracker.py:_activate_slot,5255_266_1217_553_1295
S,4,5255,PREDICTION,src/tracking/advanced_tracker.py:kalman_homography,
S,6,5255,PREDICTION,src/tracking/advanced_tracker.py:flow_gapfill_batched,
S,9,5255,PREDICTION,src/tracking/advanced_tracker.py:flow_gapfill_batched,
D,0,5255
S,1,5255,PREDICTION,src/tracking/advanced_tracker.py:id_merge,
D,1,5255
S,2,5255,PREDICTION,src/tracking/advanced_tracker.py:id_merge,
D,2,5255
S,3,5255,PREDICTION,src/tracking/advanced_tracker.py:id_merge,
D,4,5255
S,3,5255,PREDICTION,src/tracking/advanced_tracker.py:id_merge,
D,9,5255
S,6,5255,PREDICTION,src/tracking/advanced_tracker.py:id_merge,
L,3,5255,PREDICTION,src/tracking/advanced_tracker.py:id_merge,
R,PREDICTION,SUBPIXEL,0
L,6,5255,PREDICTION,src/tracking/advanced_tracker.py:id_merge,
R,PREDICTION,PREDICTION,1
A,5255
S,1,5261,DETECTION,src/tracking/advanced_tracker.py:_activate_slot,5261_109_370_666_794
S,2,5261,DETECTION,src/tracking/advanced_tracker.py:_activate_slot,5261_573_835_673_943
S,9,5261,DETECTION,src/tracking/advanced_tracker.py:_activate_slot,5261_576_259_674_368
S,3,5261,PREDICTION,src/tracking/advanced_tracker.py:kalman_homography,
S,4,5261,PREDICTION,src/tracking/advanced_tracker.py:kalman_homography,
S,0,5261,PREDICTION,src/tracking/advanced_tracker.py:flow_gapfill_batched,
S,6,5261,PREDICTION,src/tracking/advanced_tracker.py:flow_gapfill_batched,
S,7,5261,PREDICTION,src/tracking/advanced_tracker.py:flow_gapfill_batched,
D,0,5261
S,1,5261,PREDICTION,src/tracking/advanced_tracker.py:id_merge,
D,1,5261
S,2,5261,PREDICTION,src/tracking/advanced_tracker.py:id_merge,
D,3,5261
S,2,5261,PREDICTION,src/tracking/advanced_tracker.py:id_merge,
D,4,5261
S,2,5261,PREDICTION,src/tracking/advanced_tracker.py:id_merge,
D,6,5261
S,7,5261,PREDICTION,src/tracking/advanced_tracker.py:id_merge,
D,7,5261
S,9,5261,PREDICTION,src/tracking/advanced_tracker.py:id_merge,
L,2,5261,PREDICTION,src/tracking/advanced_tracker.py:id_merge,
R,PREDICTION,PREDICTION,1
L,9,5261,PREDICTION,src/tracking/advanced_tracker.py:id_merge,
R,PREDICTION,SUBPIXEL,0
A,5261
S,0,5267,DETECTION,src/tracking/advanced_tracker.py:_activate_slot,5267_577_265_675_372
S,1,5267,DETECTION,src/tracking/advanced_tracker.py:_activate_slot,5267_116_353_669_792
S,2,5267,DETECTION,src/tracking/advanced_tracker.py:_activate_slot,5267_574_839_674_947
S,3,5267,DETECTION,src/tracking/advanced_tracker.py:_activate_slot,5267_443_1213_549_1295
S,9,5267,DETECTION,src/tracking/advanced_tracker.py:_activate_slot,5267_571_217_674_311
S,4,5267,PREDICTION,src/tracking/advanced_tracker.py:kalman_homography,
S,6,5267,PREDICTION,src/tracking/advanced_tracker.py:flow_gapfill_batched,
S,7,5267,PREDICTION,src/tracking/advanced_tracker.py:flow_gapfill_batched,
D,0,5267
S,1,5267,PREDICTION,src/tracking/advanced_tracker.py:id_merge,
D,1,5267
S,2,5267,PREDICTION,src/tracking/advanced_tracker.py:id_merge,
D,2,5267
S,3,5267,PREDICTION,src/tracking/advanced_tracker.py:id_merge,
D,4,5267
S,3,5267,PREDICTION,src/tracking/advanced_tracker.py:id_merge,
D,6,5267
S,7,5267,PREDICTION,src/tracking/advanced_tracker.py:id_merge,
D,7,5267
S,9,5267,PREDICTION,src/tracking/advanced_tracker.py:id_merge,
L,3,5267,PREDICTION,src/tracking/advanced_tracker.py:id_merge,
R,PREDICTION,PREDICTION,1
L,9,5267,PREDICTION,src/tracking/advanced_tracker.py:id_merge,
R,PREDICTION,PREDICTION,1
A,5267
S,0,5273,DETECTION,src/tracking/advanced_tracker.py:_activate_slot,5273_575_267_675_375
S,1,5273,DETECTION,src/tracking/advanced_tracker.py:_activate_slot,5273_118_349_667_794
S,2,5273,DETECTION,src/tracking/advanced_tracker.py:_activate_slot,5273_575_841_673_949
S,4,5273,DETECTION,src/tracking/advanced_tracker.py:_activate_slot,5273_538_151_674_264
S,3,5273,DETECTION,src/tracking/advanced_tracker.py:_activate_slot,5273_443_1217_549_1295
S,9,5273,DETECTION,src/tracking/advanced_tracker.py:_activate_slot,5273_571_219_674_312
S,8,5273,DETECTION,src/tracking/advanced_tracker.py:_activate_slot,5273_285_253_399_358
S,7,5273,PREDICTION,src/tracking/advanced_tracker.py:flow_gapfill_batched,
D,0,5273
S,1,5273,PREDICTION,src/tracking/advanced_tracker.py:id_merge,
D,1,5273
S,2,5273,PREDICTION,src/tracking/advanced_tracker.py:id_merge,
D,2,5273
S,3,5273,PREDICTION,src/tracking/advanced_tracker.py:id_merge,
D,3,5273
S,4,5273,PREDICTION,src/tracking/advanced_tracker.py:id_merge,
D,7,5273
S,9,5273,PREDICTION,src/tracking/advanced_tracker.py:id_merge,
L,4,5273,PREDICTION,src/tracking/advanced_tracker.py:id_merge,
R,PREDICTION,PREDICTION,1
L,8,5273,DETECTION,src/tracking/advanced_tracker.py:_activate_slot,5273_285_253_399_358
R,DETECTION,DETECTION,1
L,9,5273,PREDICTION,src/tracking/advanced_tracker.py:id_merge,
R,PREDICTION,SUBPIXEL,0
A,5273
S,0,5279,DETECTION,src/tracking/advanced_tracker.py:_activate_slot,5279_574_840_674_948
S,1,5279,DETECTION,src/tracking/advanced_tracker.py:_activate_slot,5279_117_347_668_789
S,3,5279,DETECTION,src/tracking/advanced_tracker.py:_activate_slot,5279_439_1217_549_1295
S,4,5279,DETECTION,src/tracking/advanced_tracker.py:_activate_slot,5279_570_263_674_374
S,9,5279,DETECTION,src/tracking/advanced_tracker.py:_activate_slot,5279_563_216_674_310
S,8,5279,PREDICTION,src/tracking/advanced_tracker.py:kalman_homography,
S,2,5279,PREDICTION,src/tracking/advanced_tracker.py:flow_gapfill_batched,
S,6,5279,PREDICTION,src/tracking/advanced_tracker.py:flow_gapfill_batched,
S,7,5279,PREDICTION,src/tracking/advanced_tracker.py:flow_gapfill_batched,
D,0,5279
S,1,5279,PREDICTION,src/tracking/advanced_tracker.py:id_merge,
D,2,5279
S,1,5279,PREDICTION,src/tracking/advanced_tracker.py:id_merge,
D,1,5279
S,3,5279,PREDICTION,src/tracking/advanced_tracker.py:id_merge,
D,3,5279
S,4,5279,PREDICTION,src/tracking/advanced_tracker.py:id_merge,
D,6,5279
S,7,5279,PREDICTION,src/tracking/advanced_tracker.py:id_merge,
D,7,5279
S,9,5279,PREDICTION,src/tracking/advanced_tracker.py:id_merge,
L,4,5279,PREDICTION,src/tracking/advanced_tracker.py:id_merge,
R,PREDICTION,PREDICTION,1
L,8,5279,PREDICTION,src/tracking/advanced_tracker.py:kalman_homography,
R,PREDICTION,PREDICTION,1
L,9,5279,PREDICTION,src/tracking/advanced_tracker.py:id_merge,
R,PREDICTION,SUBPIXEL,0
A,5279
S,1,5285,DETECTION,src/tracking/advanced_tracker.py:_activate_slot,5285_109_330_667_782
S,2,5285,DETECTION,src/tracking/advanced_tracker.py:_activate_slot,5285_573_838_674_946
S,3,5285,DETECTION,src/tracking/advanced_tracker.py:_activate_slot,5285_432_1215_550_1293
S,9,5285,DETECTION,src/tracking/advanced_tracker.py:_activate_slot,5285_566_260_674_373
S,8,5285,PREDICTION,src/tracking/advanced_tracker.py:kalman_homography,
S,0,5285,PREDICTION,src/tracking/advanced_tracker.py:flow_gapfill_batched,
S,4,5285,PREDICTION,src/tracking/advanced_tracker.py:flow_gapfill_batched,
S,6,5285,PREDICTION,src/tracking/advanced_tracker.py:flow_gapfill_batched,
S,7,5285,PREDICTION,src/tracking/advanced_tracker.py:flow_gapfill_batched,
D,0,5285
S,1,5285,PREDICTION,src/tracking/advanced_tracker.py:id_merge,
D,1,5285
S,2,5285,PREDICTION,src/tracking/advanced_tracker.py:id_merge,
D,2,5285
S,3,5285,PREDICTION,src/tracking/advanced_tracker.py:id_merge,
D,4,5285
S,3,5285,PREDICTION,src/tracking/advanced_tracker.py:id_merge,
D,6,5285
S,7,5285,PREDICTION,src/tracking/advanced_tracker.py:id_merge,
D,7,5285
S,9,5285,PREDICTION,src/tracking/advanced_tracker.py:id_merge,
L,3,5285,PREDICTION,src/tracking/advanced_tracker.py:id_merge,
R,PREDICTION,SUBPIXEL,0
L,8,5285,PREDICTION,src/tracking/advanced_tracker.py:kalman_homography,
R,PREDICTION,SUBPIXEL,0
L,9,5285,PREDICTION,src/tracking/advanced_tracker.py:id_merge,
R,PREDICTION,PREDICTION,1
A,5285
S,0,5291,DETECTION,src/tracking/advanced_tracker.py:_activate_slot,5291_572_842_674_951
S,1,5291,DETECTION,src/tracking/advanced_tracker.py:_activate_slot,5291_101_326_667_784
S,4,5291,DETECTION,src/tracking/advanced_tracker.py:_activate_slot,5291_568_266_674_375
S,3,5291,DETECTION,src/tracking/advanced_tracker.py:_activate_slot,5291_437_1219_550_1293
S,7,5291,DETECTION,src/tracking/advanced_tracker.py:_activate_slot,5291_578_770_675_880
S,8,5291,PREDICTION,src/tracking/advanced_tracker.py:kalman_homography,
S,2,5291,PREDICTION,src/tracking/advanced_tracker.py:flow_gapfill_batched,
S,6,5291,PREDICTION,src/tracking/advanced_tracker.py:flow_gapfill_batched,
S,9,5291,PREDICTION,src/tracking/advanced_tracker.py:flow_gapfill_batched,
D,0,5291
S,1,5291,PREDICTION,src/tracking/advanced_tracker.py:id_merge,
D,2,5291
S,1,5291,PREDICTION,src/tracking/advanced_tracker.py:id_merge,
D,1,5291
S,3,5291,PREDICTION,src/tracking/advanced_tracker.py:id_merge,
D,3,5291
S,4,5291,PREDICTION,src/tracking/advanced_tracker.py:id_merge,
D,6,5291
S,7,5291,PREDICTION,src/tracking/advanced_tracker.py:id_merge,
D,9,5291
S,7,5291,PREDICTION,src/tracking/advanced_tracker.py:id_merge,
L,4,5291,PREDICTION,src/tracking/advanced_tracker.py:id_merge,
R,PREDICTION,SUBPIXEL,0
L,7,5291,PREDICTION,src/tracking/advanced_tracker.py:id_merge,
R,PREDICTION,PREDICTION,1
L,8,5291,PREDICTION,src/tracking/advanced_tracker.py:kalman_homography,
R,PREDICTION,SUBPIXEL,0
A,5291
S,1,5297,DETECTION,src/tracking/advanced_tracker.py:_activate_slot,5297_82_334_667_790
S,2,5297,DETECTION,src/tracking/advanced_tracker.py:_activate_slot,5297_576_848_675_956
S,4,5297,DETECTION,src/tracking/advanced_tracker.py:_activate_slot,5297_560_215_674_316
S,3,5297,DETECTION,src/tracking/advanced_tracker.py:_activate_slot,5297_438_1221_549_1295
S,6,5297,DETECTION,src/tracking/advanced_tracker.py:_activate_slot,5297_567_269_673_379
S,8,5297,PREDICTION,src/tracking/advanced_tracker.py:kalman_homography,
S,0,5297,PREDICTION,src/tracking/advanced_tracker.py:flow_gapfill_batched,
S,9,5297,PREDICTION,src/tracking/advanced_tracker.py:flow_gapfill_batched,
D,0,5297
S,1,5297,PREDICTION,src/tracking/advanced_tracker.py:id_merge,
D,1,5297
S,2,5297,PREDICTION,src/tracking/advanced_tracker.py:id_merge,
D,2,5297
S,3,5297,PREDICTION,src/tracking/advanced_tracker.py:id_merge,
D,3,5297
S,4,5297,PREDICTION,src/tracking/advanced_tracker.py:id_merge,
D,9,5297
S,6,5297,PREDICTION,src/tracking/advanced_tracker.py:id_merge,
L,4,5297,PREDICTION,src/tracking/advanced_tracker.py:id_merge,
R,PREDICTION,PREDICTION,1
L,6,5297,PREDICTION,src/tracking/advanced_tracker.py:id_merge,
R,PREDICTION,PREDICTION,1
L,8,5297,PREDICTION,src/tracking/advanced_tracker.py:kalman_homography,
R,PREDICTION,SUBPIXEL,0
A,5297
S,1,5303,DETECTION,src/tracking/advanced_tracker.py:_activate_slot,5303_61_367_667_794
S,4,5303,DETECTION,src/tracking/advanced_tracker.py:_activate_slot,5303_223_309_665_487
S,2,5303,DETECTION,src/tracking/advanced_tracker.py:_activate_slot,5303_577_849_675_959
S,3,5303,DETECTION,src/tracking/advanced_tracker.py:_activate_slot,5303_442_1222_548_1294
S,9,5303,DETECTION,src/tracking/advanced_tracker.py:_activate_slot,5303_594_144_674_238
S,8,5303,PREDICTION,src/tracking/advanced_tracker.py:kalman_homography,
S,7,5303,PREDICTION,src/tracking/advanced_tracker.py:flow_gapfill_batched,
D,1,5303
S,2,5303,PREDICTION,src/tracking/advanced_tracker.py:id_merge,
D,2,5303
S,3,5303,PREDICTION,src/tracking/advanced_tracker.py:id_merge,
D,3,5303
S,4,5303,PREDICTION,src/tracking/advanced_tracker.py:id_merge,
D,7,5303
S,9,5303,PREDICTION,src/tracking/advanced_tracker.py:id_merge,
L,4,5303,PREDICTION,src/tracking/advanced_tracker.py:id_merge,
R,PREDICTION,PREDICTION,1
L,8,5303,PREDICTION,src/tracking/advanced_tracker.py:kalman_homography,
R,PREDICTION,SUBPIXEL,0
L,9,5303,PREDICTION,src/tracking/advanced_tracker.py:id_merge,
R,PREDICTION,PREDICTION,1
A,5303
S,0,5309,DETECTION,src/tracking/advanced_tracker.py:_activate_slot,5309_193_87_424_184
S,1,5309,DETECTION,src/tracking/advanced_tracker.py:_activate_slot,5309_44_380_666_811
S,2,5309,DETECTION,src/tracking/advanced_tracker.py:_activate_slot,5309_575_854_675_961
S,4,5309,DETECTION,src/tracking/advanced_tracker.py:_activate_slot,5309_229_317_666_466
S,3,5309,PREDICTION,src/tracking/advanced_tracker.py:kalman_homography,
S,8,5309,PREDICTION,src/tracking/advanced_tracker.py:kalman_homography,
S,6,5309,PREDICTION,src/tracking/advanced_tracker.py:flow_gapfill_batched,
S,7,5309,PREDICTION,src/tracking/advanced_tracker.py:flow_gapfill_batched,
D,0,5309
S,1,5309,PREDICTION,src/tracking/advanced_tracker.py:id_merge,
D,1,5309
S,2,5309,PREDICTION,src/tracking/advanced_tracker.py:id_merge,
D,3,5309
S,2,5309,PREDICTION,src/tracking/advanced_tracker.py:id_merge,
D,2,5309
S,4,5309,PREDICTION,src/tracking/advanced_tracker.py:id_merge,
D,7,5309
S,6,5309,PREDICTION,src/tracking/advanced_tracker.py:id_merge,
L,4,5309,PREDICTION,src/tracking/advanced_tracker.py:id_merge,
R,PREDICTION,SUBPIXEL,0
L,6,5309,PREDICTION,src/tracking/advanced_tracker.py:id_merge,
R,PREDICTION,SUBPIXEL,0
L,8,5309,PREDICTION,src/tracking/advanced_tracker.py:kalman_homography,
R,PREDICTION,SUBPIXEL,0
A,5309
S,1,5315,DETECTION,src/tracking/advanced_tracker.py:_activate_slot,5315_35_365_667_831
S,2,5315,DETECTION,src/tracking/advanced_tracker.py:_activate_slot,5315_575_851_673_961
S,4,5315,DETECTION,src/tracking/advanced_tracker.py:_activate_slot,5315_229_295_669_456
S,3,5315,PREDICTION,src/tracking/advanced_tracker.py:kalman_homography,
S,8,5315,PREDICTION,src/tracking/advanced_tracker.py:kalman_homography,
S,0,5315,PREDICTION,src/tracking/advanced_tracker.py:flow_gapfill_batched,
S,6,5315,PREDICTION,src/tracking/advanced_tracker.py:flow_gapfill_batched,
D,0,5315
S,1,5315,PREDICTION,src/tracking/advanced_tracker.py:id_merge,
D,1,5315
S,2,5315,PREDICTION,src/tracking/advanced_tracker.py:id_merge,
D,3,5315
S,2,5315,PREDICTION,src/tracking/advanced_tracker.py:id_merge,
D,2,5315
S,4,5315,PREDICTION,src/tracking/advanced_tracker.py:id_merge,
L,4,5315,PREDICTION,src/tracking/advanced_tracker.py:id_merge,
R,PREDICTION,SUBPIXEL,0
L,6,5315,PREDICTION,src/tracking/advanced_tracker.py:flow_gapfill_batched,
R,PREDICTION,SUBPIXEL,0
L,8,5315,PREDICTION,src/tracking/advanced_tracker.py:kalman_homography,
R,PREDICTION,SUBPIXEL,0
A,5315
S,0,5321,DETECTION,src/tracking/advanced_tracker.py:_activate_slot,5321_110_1221_320_1295
S,1,5321,DETECTION,src/tracking/advanced_tracker.py:_activate_slot,5321_147_560_308_656
S,2,5321,DETECTION,src/tracking/advanced_tracker.py:_activate_slot,5321_247_575_503_687
S,3,5321,DETECTION,src/tracking/advanced_tracker.py:_activate_slot,5321_207_783_460_899
S,4,5321,DETECTION,src/tracking/advanced_tracker.py:_activate_slot,5321_244_425_493_541
S,6,5321,DETECTION,src/tracking/advanced_tracker.py:_activate_slot,5321_238_501_502_597
S,9,5321,DETECTION,src/tracking/advanced_tracker.py:_activate_slot,5321_212_1118_462_1248
S,10,5321,DETECTION,src/tracking/advanced_tracker.py:_activate_slot,5321_92_741_247_822
S,5,5321,DETECTION,src/tracking/advanced_tracker.py:_activate_slot,5321_588_138_674_227
S,8,5321,PREDICTION,src/tracking/advanced_tracker.py:flow_gapfill_batched,
D,0,5321
S,1,5321,PREDICTION,src/tracking/advanced_tracker.py:id_merge,
D,1,5321
S,2,5321,PREDICTION,src/tracking/advanced_tracker.py:id_merge,
D,2,5321
S,3,5321,PREDICTION,src/tracking/advanced_tracker.py:id_merge,
D,3,5321
S,4,5321,PREDICTION,src/tracking/advanced_tracker.py:id_merge,
D,5,5321
S,6,5321,PREDICTION,src/tracking/advanced_tracker.py:id_merge,
D,6,5321
S,9,5321,PREDICTION,src/tracking/advanced_tracker.py:id_merge,
L,4,5321,PREDICTION,src/tracking/advanced_tracker.py:id_merge,
R,PREDICTION,PREDICTION,1
L,8,5321,PREDICTION,src/tracking/advanced_tracker.py:flow_gapfill_batched,
R,PREDICTION,PREDICTION,1
L,9,5321,PREDICTION,src/tracking/advanced_tracker.py:id_merge,
R,PREDICTION,PREDICTION,1
A,5321
S,1,5327,DETECTION,src/tracking/advanced_tracker.py:_activate_slot,5327_152_560_314_657
S,2,5327,DETECTION,src/tracking/advanced_tracker.py:_activate_slot,5327_247_574_504_686
S,3,5327,DETECTION,src/tracking/advanced_tracker.py:_activate_slot,5327_200_727_352_816
S,5,5327,DETECTION,src/tracking/advanced_tracker.py:_activate_slot,5327_243_425_492_540
S,6,5327,DETECTION,src/tracking/advanced_tracker.py:_activate_slot,5327_238_500_511_598
S,7,5327,DETECTION,src/tracking/advanced_tracker.py:_activate_slot,5327_79_781_251_867
S,8,5327,DETECTION,src/tracking/advanced_tracker.py:_activate_slot,5327_209_1113_460_1235
S,9,5327,DETECTION,src/tracking/advanced_tracker.py:_activate_slot,5327_113_1027_277_1113
S,10,5327,DETECTION,src/tracking/advanced_tracker.py:_activate_slot,5327_112_1217_321_1295
S,4,5327,PREDICTION,src/tracking/advanced_tracker.py:kalman_homography,
D,1,5327
S,2,5327,PREDICTION,src/tracking/advanced_tracker.py:id_merge,
D,2,5327
S,3,5327,PREDICTION,src/tracking/advanced_tracker.py:id_merge,
D,4,5327
S,3,5327,PREDICTION,src/tracking/advanced_tracker.py:id_merge,
D,5,5327
S,6,5327,PREDICTION,src/tracking/advanced_tracker.py:id_merge,
D,6,5327
S,7,5327,PREDICTION,src/tracking/advanced_tracker.py:id_merge,
D,7,5327
S,8,5327,PREDICTION,src/tracking/advanced_tracker.py:id_merge,
D,8,5327
S,9,5327,PREDICTION,src/tracking/advanced_tracker.py:id_merge,
L,3,5327,PREDICTION,src/tracking/advanced_tracker.py:id_merge,
R,PREDICTION,PREDICTION,1
L,9,5327,PREDICTION,src/tracking/advanced_tracker.py:id_merge,
R,PREDICTION,PREDICTION,1
A,5327
S,0,5333,DETECTION,src/tracking/advanced_tracker.py:_activate_slot,5333_207_772_460_899
S,2,5333,DETECTION,src/tracking/advanced_tracker.py:_activate_slot,5333_244_425_492_541
S,3,5333,DETECTION,src/tracking/advanced_tracker.py:_activate_slot,5333_247_574_503_686
S,4,5333,DETECTION,src/tracking/advanced_tracker.py:_activate_slot,5333_105_858_274_940
S,6,5333,DETECTION,src/tracking/advanced_tracker.py:_activate_slot,5333_238_499_510_598
S,7,5333,DETECTION,src/tracking/advanced_tracker.py:_activate_slot,5333_79_781_252_867
S,8,5333,DETECTION,src/tracking/advanced_tracker.py:_activate_slot,5333_208_1110_459_1228
S,10,5333,DETECTION,src/tracking/advanced_tracker.py:_activate_slot,5333_110_1215_322_1295
S,1,5333,PREDICTION,src/tracking/advanced_tracker.py:kalman_homography,
S,5,5333,PREDICTION,src/tracking/advanced_tracker.py:kalman_homography,
S,9,5333,PREDICTION,src/tracking/advanced_tracker.py:flow_gapfill_batched,
D,1,5333
S,0,5333,PREDICTION,src/tracking/advanced_tracker.py:id_merge,
D,0,5333
S,2,5333,PREDICTION,src/tracking/advanced_tracker.py:id_merge,
D,2,5333
S,3,5333,PREDICTION,src/tracking/advanced_tracker.py:id_merge,
D,3,5333
S,4,5333,PREDICTION,src/tracking/advanced_tracker.py:id_merge,
D,5,5333
S,6,5333,PREDICTION,src/tracking/advanced_tracker.py:id_merge,
D,6,5333
S,7,5333,PREDICTION,src/tracking/advanced_tracker.py:id_merge,
D,7,5333
S,8,5333,PREDICTION,src/tracking/advanced_tracker.py:id_merge,
D,9,5333
S,8,5333,PREDICTION,src/tracking/advanced_tracker.py:id_merge,
L,4,5333,PREDICTION,src/tracking/advanced_tracker.py:id_merge,
R,PREDICTION,PREDICTION,1
L,8,5333,PREDICTION,src/tracking/advanced_tracker.py:id_merge,
R,PREDICTION,PREDICTION,1
A,5333
S,0,5339,DETECTION,src/tracking/advanced_tracker.py:_activate_slot,5339_210_778_462_898
S,2,5339,DETECTION,src/tracking/advanced_tracker.py:_activate_slot,5339_246_573_503_687
S,3,5339,DETECTION,src/tracking/advanced_tracker.py:_activate_slot,5339_110_1213_322_1295
S,4,5339,DETECTION,src/tracking/advanced_tracker.py:_activate_slot,5339_107_858_271_939
S,6,5339,DETECTION,src/tracking/advanced_tracker.py:_activate_slot,5339_238_500_508_598
S,7,5339,DETECTION,src/tracking/advanced_tracker.py:_activate_slot,5339_78_782_249_867
S,8,5339,DETECTION,src/tracking/advanced_tracker.py:_activate_slot,5339_209_1109_460_1231
S,9,5339,DETECTION,src/tracking/advanced_tracker.py:_activate_slot,5339_243_426_493_540
S,1,5339,PREDICTION,src/tracking/advanced_tracker.py:kalman_homography,
S,5,5339,PREDICTION,src/tracking/advanced_tracker.py:kalman_homography,
S,10,5339,PREDICTION,src/tracking/advanced_tracker.py:flow_gapfill_batched,
D,1,5339
S,0,5339,PREDICTION,src/tracking/advanced_tracker.py:id_merge,
D,0,5339
S,2,5339,PREDICTION,src/tracking/advanced_tracker.py:id_merge,
D,2,5339
S,3,5339,PREDICTION,src/tracking/advanced_tracker.py:id_merge,
D,3,5339
S,4,5339,PREDICTION,src/tracking/advanced_tracker.py:id_merge,
D,5,5339
S,6,5339,PREDICTION,src/tracking/advanced_tracker.py:id_merge,
D,6,5339
S,7,5339,PREDICTION,src/tracking/advanced_tracker.py:id_merge,
D,7,5339
S,8,5339,PREDICTION,src/tracking/advanced_tracker.py:id_merge,
D,8,5339
S,9,5339,PREDICTION,src/tracking/advanced_tracker.py:id_merge,
L,4,5339,PREDICTION,src/tracking/advanced_tracker.py:id_merge,
R,PREDICTION,SUBPIXEL,0
L,9,5339,PREDICTION,src/tracking/advanced_tracker.py:id_merge,
R,PREDICTION,PREDICTION,1
A,5339
S,0,5345,DETECTION,src/tracking/advanced_tracker.py:_activate_slot,5345_206_778_462_898
S,2,5345,DETECTION,src/tracking/advanced_tracker.py:_activate_slot,5345_248_574_505_686
S,3,5345,DETECTION,src/tracking/advanced_tracker.py:_activate_slot,5345_107_1211_318_1293
S,6,5345,DETECTION,src/tracking/advanced_tracker.py:_activate_slot,5345_237_500_514_598
S,8,5345,DETECTION,src/tracking/advanced_tracker.py:_activate_slot,5345_208_1116_460_1236
S,9,5345,DETECTION,src/tracking/advanced_tracker.py:_activate_slot,5345_245_426_493_539
S,7,5345,DETECTION,src/tracking/advanced_tracker.py:_activate_slot,5345_80_782_250_867
S,1,5345,PREDICTION,src/tracking/advanced_tracker.py:kalman_homography,
S,4,5345,PREDICTION,src/tracking/advanced_tracker.py:kalman_homography,
S,5,5345,PREDICTION,src/tracking/advanced_tracker.py:kalman_homography,
S,10,5345,PREDICTION,src/tracking/advanced_tracker.py:flow_gapfill_batched,
D,1,5345
S,0,5345,PREDICTION,src/tracking/advanced_tracker.py:id_merge,
D,0,5345
S,2,5345,PREDICTION,src/tracking/advanced_tracker.py:id_merge,
D,2,5345
S,3,5345,PREDICTION,src/tracking/advanced_tracker.py:id_merge,
D,4,5345
S,3,5345,PREDICTION,src/tracking/advanced_tracker.py:id_merge,
D,5,5345
S,6,5345,PREDICTION,src/tracking/advanced_tracker.py:id_merge,
D,6,5345
S,7,5345,PREDICTION,src/tracking/advanced_tracker.py:id_merge,
D,7,5345
S,8,5345,PREDICTION,src/tracking/advanced_tracker.py:id_merge,
D,8,5345
S,9,5345,PREDICTION,src/tracking/advanced_tracker.py:id_merge,
L,3,5345,PREDICTION,src/tracking/advanced_tracker.py:id_merge,
R,PREDICTION,PREDICTION,1
L,9,5345,PREDICTION,src/tracking/advanced_tracker.py:id_merge,
R,PREDICTION,SUBPIXEL,0
A,5345
S,0,5351,DETECTION,src/tracking/advanced_tracker.py:_activate_slot,5351_200_727_392_819
S,1,5351,DETECTION,src/tracking/advanced_tracker.py:_activate_slot,5351_207_1122_459_1238
S,2,5351,DETECTION,src/tracking/advanced_tracker.py:_activate_slot,5351_247_574_504_686
S,3,5351,DETECTION,src/tracking/advanced_tracker.py:_activate_slot,5351_107_1211_318_1293
S,5,5351,DETECTION,src/tracking/advanced_tracker.py:_activate_slot,5351_246_426_493_539
S,6,5351,DETECTION,src/tracking/advanced_tracker.py:_activate_slot,5351_237_499_513_599
S,7,5351,DETECTION,src/tracking/advanced_tracker.py:_activate_slot,5351_156_635_322_738
S,9,5351,DETECTION,src/tracking/advanced_tracker.py:_activate_slot,5351_207_785_459_898
S,4,5351,PREDICTION,src/tracking/advanced_tracker.py:kalman_homography,
S,8,5351,PREDICTION,src/tracking/advanced_tracker.py:kalman_homography,
S,10,5351,PREDICTION,src/tracking/advanced_tracker.py:flow_gapfill_batched,
D,0,5351
S,1,5351,PREDICTION,src/tracking/advanced_tracker.py:id_merge,
D,1,5351
S,2,5351,PREDICTION,src/tracking/advanced_tracker.py:id_merge,
D,2,5351
S,3,5351,PREDICTION,src/tracking/advanced_tracker.py:id_merge,
D,4,5351
S,3,5351,PREDICTION,src/tracking/advanced_tracker.py:id_merge,
D,5,5351
S,6,5351,PREDICTION,src/tracking/advanced_tracker.py:id_merge,
D,6,5351
S,7,5351,PREDICTION,src/tracking/advanced_tracker.py:id_merge,
D,8,5351
S,7,5351,PREDICTION,src/tracking/advanced_tracker.py:id_merge,
D,7,5351
S,9,5351,PREDICTION,src/tracking/advanced_tracker.py:id_merge,
L,3,5351,PREDICTION,src/tracking/advanced_tracker.py:id_merge,
R,PREDICTION,SUBPIXEL,0
L,9,5351,PREDICTION,src/tracking/advanced_tracker.py:id_merge,
R,PREDICTION,PREDICTION,1
A,5351
S,0,5357,DETECTION,src/tracking/advanced_tracker.py:_activate_slot,5357_199_727_393_819
S,1,5357,DETECTION,src/tracking/advanced_tracker.py:_activate_slot,5357_208_1122_459_1242
S,2,5357,DETECTION,src/tracking/advanced_tracker.py:_activate_slot,5357_244_574_505_686
S,3,5357,DETECTION,src/tracking/advanced_tracker.py:_activate_slot,5357_214_790_460_902
S,4,5357,DETECTION,src/tracking/advanced_tracker.py:_activate_slot,5357_110_1211_322_1295
S,5,5357,DETECTION,src/tracking/advanced_tracker.py:_activate_slot,5357_247_426_493_539
S,6,5357,DETECTION,src/tracking/advanced_tracker.py:_activate_slot,5357_237_501_511_597
S,7,5357,DETECTION,src/tracking/advanced_tracker.py:_activate_slot,5357_93_743_247_823
S,8,5357,PREDICTION,src/tracking/advanced_tracker.py:kalman_homography,
S,9,5357,PREDICTION,src/tracking/advanced_tracker.py:kalman_homography,
S,10,5357,PREDICTION,src/tracking/advanced_tracker.py:flow_gapfill_batched,
D,0,5357
S,1,5357,PREDICTION,src/tracking/advanced_tracker.py:id_merge,
D,1,5357
S,2,5357,PREDICTION,src/tracking/advanced_tracker.py:id_merge,
D,2,5357
S,3,5357,PREDICTION,src/tracking/advanced_tracker.py:id_merge,
D,3,5357
S,4,5357,PREDICTION,src/tracking/advanced_tracker.py:id_merge,
D,5,5357
S,6,5357,PREDICTION,src/tracking/advanced_tracker.py:id_merge,
D,6,5357
S,7,5357,PREDICTION,src/tracking/advanced_tracker.py:id_merge,
D,8,5357
S,7,5357,PREDICTION,src/tracking/advanced_tracker.py:id_merge,
D,9,5357
S,7,5357,PREDICTION,src/tracking/advanced_tracker.py:id_merge,
L,4,5357,PREDICTION,src/tracking/advanced_tracker.py:id_merge,
R,PREDICTION,PREDICTION,1
L,7,5357,PREDICTION,src/tracking/advanced_tracker.py:id_merge,
R,PREDICTION,PREDICTION,1
A,5357
S,0,5363,DETECTION,src/tracking/advanced_tracker.py:_activate_slot,5363_198_727_393_821
S,1,5363,DETECTION,src/tracking/advanced_tracker.py:_activate_slot,5363_208_1121_460_1243
S,2,5363,DETECTION,src/tracking/advanced_tracker.py:_activate_slot,5363_245_574_505_687
S,3,5363,DETECTION,src/tracking/advanced_tracker.py:_activate_slot,5363_218_780_463_904
S,4,5363,DETECTION,src/tracking/advanced_tracker.py:_activate_slot,5363_238_503_507_599
S,6,5363,DETECTION,src/tracking/advanced_tracker.py:_activate_slot,5363_246_427_494_540
S,9,5363,DETECTION,src/tracking/advanced_tracker.py:_activate_slot,5363_108_1211_323_1295
S,7,5363,DETECTION,src/tracking/advanced_tracker.py:_activate_slot,5363_95_742_247_824
S,5,5363,PREDICTION,src/tracking/advanced_tracker.py:kalman_homography,
S,8,5363,PREDICTION,src/tracking/advanced_tracker.py:kalman_homography,
S,10,5363,PREDICTION,src/tracking/advanced_tracker.py:flow_gapfill_batched,
D,0,5363
S,1,5363,PREDICTION,src/tracking/advanced_tracker.py:id_merge,
D,1,5363
S,2,5363,PREDICTION,src/tracking/advanced_tracker.py:id_merge,
D,2,5363
S,3,5363,PREDICTION,src/tracking/advanced_tracker.py:id_merge,
D,3,5363
S,4,5363,PREDICTION,src/tracking/advanced_tracker.py:id_merge,
D,5,5363
S,6,5363,PREDICTION,src/tracking/advanced_tracker.py:id_merge,
D,6,5363
S,7,5363,PREDICTION,src/tracking/advanced_tracker.py:id_merge,
D,8,5363
S,7,5363,PREDICTION,src/tracking/advanced_tracker.py:id_merge,
D,7,5363
S,9,5363,PREDICTION,src/tracking/advanced_tracker.py:id_merge,
L,4,5363,PREDICTION,src/tracking/advanced_tracker.py:id_merge,
R,PREDICTION,PREDICTION,1
L,9,5363,PREDICTION,src/tracking/advanced_tracker.py:id_merge,
R,PREDICTION,PREDICTION,1
A,5363
S,1,5369,DETECTION,src/tracking/advanced_tracker.py:_activate_slot,5369_208_1122_460_1246
S,2,5369,DETECTION,src/tracking/advanced_tracker.py:_activate_slot,5369_243_574_505_689
S,4,5369,DETECTION,src/tracking/advanced_tracker.py:_activate_slot,5369_236_504_506_598
S,5,5369,DETECTION,src/tracking/advanced_tracker.py:_activate_slot,5369_109_1213_323_1295
S,6,5369,DETECTION,src/tracking/advanced_tracker.py:_activate_slot,5369_246_428_494_541
S,9,5369,DETECTION,src/tracking/advanced_tracker.py:_activate_slot,5369_220_777_462_908
S,0,5369,PREDICTION,src/tracking/advanced_tracker.py:kalman_homography,
S,3,5369,PREDICTION,src/tracking/advanced_tracker.py:kalman_homography,
S,7,5369,PREDICTION,src/tracking/advanced_tracker.py:kalman_homography,
S,8,5369,PREDICTION,src/tracking/advanced_tracker.py:kalman_homography,
S,10,5369,PREDICTION,src/tracking/advanced_tracker.py:flow_gapfill_batched,
D,0,5369
S,1,5369,PREDICTION,src/tracking/advanced_tracker.py:id_merge,
D,1,5369
S,2,5369,PREDICTION,src/tracking/advanced_tracker.py:id_merge,
D,3,5369
S,2,5369,PREDICTION,src/tracking/advanced_tracker.py:id_merge,
D,2,5369
S,4,5369,PREDICTION,src/tracking/advanced_tracker.py:id_merge,
D,5,5369
S,6,5369,PREDICTION,src/tracking/advanced_tracker.py:id_merge,
D,7,5369
S,6,5369,PREDICTION,src/tracking/advanced_tracker.py:id_merge,
D,8,5369
S,6,5369,PREDICTION,src/tracking/advanced_tracker.py:id_merge,
D,6,5369
S,9,5369,PREDICTION,src/tracking/advanced_tracker.py:id_merge,
L,4,5369,PREDICTION,src/tracking/advanced_tracker.py:id_merge,
R,PREDICTION,PREDICTION,1
L,9,5369,PREDICTION,src/tracking/advanced_tracker.py:id_merge,
R,PREDICTION,PREDICTION,1
A,5369
S,2,5375,DETECTION,src/tracking/advanced_tracker.py:_activate_slot,5375_242_578_506_689
S,3,5375,DETECTION,src/tracking/advanced_tracker.py:_activate_slot,5375_107_1213_323_1295
S,5,5375,DETECTION,src/tracking/advanced_tracker.py:_activate_slot,5375_110_1139_269_1229
S,6,5375,DETECTION,src/tracking/advanced_tracker.py:_activate_slot,5375_245_429_494_541
S,7,5375,DETECTION,src/tracking/advanced_tracker.py:_activate_slot,5375_236_503_502_598
S,8,5375,DETECTION,src/tracking/advanced_tracker.py:_activate_slot,5375_204_1123_460_1249
S,9,5375,DETECTION,src/tracking/advanced_tracker.py:_activate_slot,5375_221_787_462_911
S,0,5375,PREDICTION,src/tracking/advanced_tracker.py:kalman_homography,
S,1,5375,PREDICTION,src/tracking/advanced_tracker.py:kalman_homography,
S,4,5375,PREDICTION,src/tracking/advanced_tracker.py:kalman_homography,
S,10,5375,PREDICTION,src/tracking/advanced_tracker.py:flow_gapfill_batched,
D,0,5375
S,1,5375,PREDICTION,src/tracking/advanced_tracker.py:id_merge,
D,1,5375
S,2,5375,PREDICTION,src/tracking/advanced_tracker.py:id_merge,
D,2,5375
S,3,5375,PREDICTION,src/tracking/advanced_tracker.py:id_merge,
D,4,5375
S,3,5375,PREDICTION,src/tracking/advanced_tracker.py:id_merge,
D,5,5375
S,6,5375,PREDICTION,src/tracking/advanced_tracker.py:id_merge,
D,6,5375
S,7,5375,PREDICTION,src/tracking/advanced_tracker.py:id_merge,
D,7,5375
S,8,5375,PREDICTION,src/tracking/advanced_tracker.py:id_merge,
D,8,5375
S,9,5375,PREDICTION,src/tracking/advanced_tracker.py:id_merge,
L,3,5375,PREDICTION,src/tracking/advanced_tracker.py:id_merge,
R,PREDICTION,SUBPIXEL,0
L,9,5375,PREDICTION,src/tracking/advanced_tracker.py:id_merge,
R,PREDICTION,SUBPIXEL,0
A,5375
S,0,5381,DETECTION,src/tracking/advanced_tracker.py:_activate_slot,5381_226_783_467_912
S,1,5381,DETECTION,src/tracking/advanced_tracker.py:_activate_slot,5381_577_774_675_872
S,2,5381,DETECTION,src/tracking/advanced_tracker.py:_activate_slot,5381_243_583_506_689
S,3,5381,DETECTION,src/tracking/advanced_tracker.py:_activate_slot,5381_108_1217_323_1295
S,4,5381,DETECTION,src/tracking/advanced_tracker.py:_activate_slot,5381_238_503_500_599
S,5,5381,DETECTION,src/tracking/advanced_tracker.py:_activate_slot,5381_111_1141_267_1231
S,8,5381,DETECTION,src/tracking/advanced_tracker.py:_activate_slot,5381_212_1129_463_1251
S,6,5381,PREDICTION,src/tracking/advanced_tracker.py:kalman_homography,
S,7,5381,PREDICTION,src/tracking/advanced_tracker.py:kalman_homography,
S,9,5381,PREDICTION,src/tracking/advanced_tracker.py:kalman_homography,
S,10,5381,PREDICTION,src/tracking/advanced_tracker.py:flow_gapfill_batched,
D,0,5381
S,1,5381,PREDICTION,src/tracking/advanced_tracker.py:id_merge,
D,1,5381
S,2,5381,PREDICTION,src/tracking/advanced_tracker.py:id_merge,
D,2,5381
S,3,5381,PREDICTION,src/tracking/advanced_tracker.py:id_merge,
D,3,5381
S,4,5381,PREDICTION,src/tracking/advanced_tracker.py:id_merge,
D,6,5381
S,5,5381,PREDICTION,src/tracking/advanced_tracker.py:id_merge,
D,7,5381
S,5,5381,PREDICTION,src/tracking/advanced_tracker.py:id_merge,
D,5,5381
S,8,5381,PREDICTION,src/tracking/advanced_tracker.py:id_merge,
D,9,5381
S,8,5381,PREDICTION,src/tracking/advanced_tracker.py:id_merge,
L,4,5381,PREDICTION,src/tracking/advanced_tracker.py:id_merge,
R,PREDICTION,PREDICTION,1
L,8,5381,PREDICTION,src/tracking/advanced_tracker.py:id_merge,
R,PREDICTION,PREDICTION,1
A,5381
S,0,5387,DETECTION,src/tracking/advanced_tracker.py:_activate_slot,5387_202_733_349_825
S,2,5387,DETECTION,src/tracking/advanced_tracker.py:_activate_slot,5387_246_584_504_694
S,3,5387,DETECTION,src/tracking/advanced_tracker.py:_activate_slot,5387_110_1217_320_1295
S,4,5387,DETECTION,src/tracking/advanced_tracker.py:_activate_slot,5387_248_434_493_544
S,5,5387,DETECTION,src/tracking/advanced_tracker.py:_activate_slot,5387_112_1141_268_1233
S,6,5387,DETECTION,src/tracking/advanced_tracker.py:_activate_slot,5387_239_504_495_604
S,8,5387,DETECTION,src/tracking/advanced_tracker.py:_activate_slot,5387_219_1149_465_1255
S,9,5387,DETECTION,src/tracking/advanced_tracker.py:_activate_slot,5387_227_766_495_914
S,7,5387,PREDICTION,src/tracking/advanced_tracker.py:kalman_homography,
S,1,5387,PREDICTION,src/tracking/advanced_tracker.py:flow_gapfill_batched,
D,1,5387
S,0,5387,PREDICTION,src/tracking/advanced_tracker.py:id_merge,
D,0,5387
S,2,5387,PREDICTION,src/tracking/advanced_tracker.py:id_merge,
D,2,5387
S,3,5387,PREDICTION,src/tracking/advanced_tracker.py:id_merge,
D,3,5387
S,4,5387,PREDICTION,src/tracking/advanced_tracker.py:id_merge,
D,5,5387
S,6,5387,PREDICTION,src/tracking/advanced_tracker.py:id_merge,
D,7,5387
S,6,5387,PREDICTION,src/tracking/advanced_tracker.py:id_merge,
D,6,5387
S,8,5387,PREDICTION,src/tracking/advanced_tracker.py:id_merge,
D,8,5387
S,9,5387,PREDICTION,src/tracking/advanced_tracker.py:id_merge,
L,4,5387,PREDICTION,src/tracking/advanced_tracker.py:id_merge,
R,PREDICTION,PREDICTION,1
L,9,5387,PREDICTION,src/tracking/advanced_tracker.py:id_merge,
R,PREDICTION,PREDICTION,1
A,5387
S,2,5393,DETECTION,src/tracking/advanced_tracker.py:_activate_slot,5393_245_583_502_696
S,3,5393,DETECTION,src/tracking/advanced_tracker.py:_activate_slot,5393_106_1221_325_1295
S,4,5393,DETECTION,src/tracking/advanced_tracker.py:_activate_slot,5393_236_507_493_605
S,0,5393,DETECTION,src/tracking/advanced_tracker.py:_activate_slot,5393_196_734_348_825
S,5,5393,DETECTION,src/tracking/advanced_tracker.py:_activate_slot,5393_246_436_494_549
S,8,5393,DETECTION,src/tracking/advanced_tracker.py:_activate_slot,5393_214_1165_466_1259
S,9,5393,DETECTION,src/tracking/advanced_tracker.py:_activate_slot,5393_217_783_466_913
S,6,5393,PREDICTION,src/tracking/advanced_tracker.py:kalman_homography,
S,7,5393,PREDICTION,src/tracking/advanced_tracker.py:kalman_homography,
D,0,5393
S,2,5393,PREDICTION,src/tracking/advanced_tracker.py:id_merge,
D,2,5393
S,3,5393,PREDICTION,src/tracking/advanced_tracker.py:id_merge,
D,3,5393
S,4,5393,PREDICTION,src/tracking/advanced_tracker.py:id_merge,
D,6,5393
S,5,5393,PREDICTION,src/tracking/advanced_tracker.py:id_merge,
D,7,5393
S,5,5393,PREDICTION,src/tracking/advanced_tracker.py:id_merge,
D,5,5393
S,8,5393,PREDICTION,src/tracking/advanced_tracker.py:id_merge,
D,8,5393
S,9,5393,PREDICTION,src/tracking/advanced_tracker.py:id_merge,
L,4,5393,PREDICTION,src/tracking/advanced_tracker.py:id_merge,
R,PREDICTION,PREDICTION,1
L,9,5393,PREDICTION,src/tracking/advanced_tracker.py:id_merge,
R,PREDICTION,PREDICTION,1
A,5393
S,0,5399,DETECTION,src/tracking/advanced_tracker.py:_activate_slot,5399_213_784_464_916
S,1,5399,DETECTION,src/tracking/advanced_tracker.py:_activate_slot,5399_207_1171_470_1269
S,2,5399,DETECTION,src/tracking/advanced_tracker.py:_activate_slot,5399_247_584_498_698
S,3,5399,DETECTION,src/tracking/advanced_tracker.py:_activate_slot,5399_107_1223_323_1295
S,4,5399,DETECTION,src/tracking/advanced_tracker.py:_activate_slot,5399_236_510_490_606
S,5,5399,DETECTION,src/tracking/advanced_tracker.py:_activate_slot,5399_243_437_489_548
S,6,5399,PREDICTION,src/tracking/advanced_tracker.py:kalman_homography,
S,8,5399,PREDICTION,src/tracking/advanced_tracker.py:kalman_homography,
S,9,5399,PREDICTION,src/tracking/advanced_tracker.py:kalman_homography,
S,7,5399,PREDICTION,src/tracking/advanced_tracker.py:flow_gapfill_batched,
D,0,5399
S,1,5399,PREDICTION,src/tracking/advanced_tracker.py:id_merge,
D,1,5399
S,2,5399,PREDICTION,src/tracking/advanced_tracker.py:id_merge,
D,2,5399
S,3,5399,PREDICTION,src/tracking/advanced_tracker.py:id_merge,
D,3,5399
S,4,5399,PREDICTION,src/tracking/advanced_tracker.py:id_merge,
D,6,5399
S,5,5399,PREDICTION,src/tracking/advanced_tracker.py:id_merge,
D,7,5399
S,5,5399,PREDICTION,src/tracking/advanced_tracker.py:id_merge,
D,8,5399
S,5,5399,PREDICTION,src/tracking/advanced_tracker.py:id_merge,
D,9,5399
S,5,5399,PREDICTION,src/tracking/advanced_tracker.py:id_merge,
L,4,5399,PREDICTION,src/tracking/advanced_tracker.py:id_merge,
R,PREDICTION,PREDICTION,1
L,5,5399,PREDICTION,src/tracking/advanced_tracker.py:id_merge,
R,CLAMP,CLAMP,0
A,5399
S,0,5405,DETECTION,src/tracking/advanced_tracker.py:_activate_slot,5405_245_438_499_550
S,1,5405,DETECTION,src/tracking/advanced_tracker.py:_activate_slot,5405_207_1173_471_1279
S,2,5405,DETECTION,src/tracking/advanced_tracker.py:_activate_slot,5405_250_584_504_699
S,3,5405,DETECTION,src/tracking/advanced_tracker.py:_activate_slot,5405_107_1221_327_1295
S,4,5405,DETECTION,src/tracking/advanced_tracker.py:_activate_slot,5405_236_510_499_604
S,9,5405,DETECTION,src/tracking/advanced_tracker.py:_activate_slot,5405_221_786_466_917
S,5,5405,PREDICTION,src/tracking/advanced_tracker.py:kalman_homography,
S,6,5405,PREDICTION,src/tracking/advanced_tracker.py:kalman_homography,
S,8,5405,PREDICTION,src/tracking/advanced_tracker.py:kalman_homography,
S,7,5405,PREDICTION,src/tracking/advanced_tracker.py:flow_gapfill_batched,
D,0,5405
S,1,5405,PREDICTION,src/tracking/advanced_tracker.py:id_merge,
D,1,5405
S,2,5405,PREDICTION,src/tracking/advanced_tracker.py:id_merge,
D,2,5405
S,3,5405,PREDICTION,src/tracking/advanced_tracker.py:id_merge,
D,3,5405
S,4,5405,PREDICTION,src/tracking/advanced_tracker.py:id_merge,
D,6,5405
S,5,5405,PREDICTION,src/tracking/advanced_tracker.py:id_merge,
D,7,5405
S,5,5405,PREDICTION,src/tracking/advanced_tracker.py:id_merge,
D,8,5405
S,5,5405,PREDICTION,src/tracking/advanced_tracker.py:id_merge,
D,5,5405
S,9,5405,PREDICTION,src/tracking/advanced_tracker.py:id_merge,
L,4,5405,PREDICTION,src/tracking/advanced_tracker.py:id_merge,
R,PREDICTION,PREDICTION,1
L,9,5405,PREDICTION,src/tracking/advanced_tracker.py:id_merge,
R,PREDICTION,PREDICTION,1
A,5405
S,0,5411,DETECTION,src/tracking/advanced_tracker.py:_activate_slot,5411_247_440_500_552
S,2,5411,DETECTION,src/tracking/advanced_tracker.py:_activate_slot,5411_247_588_502_699
S,3,5411,DETECTION,src/tracking/advanced_tracker.py:_activate_slot,5411_95_295_289_388
S,4,5411,DETECTION,src/tracking/advanced_tracker.py:_activate_slot,5411_222_786_472_918
S,7,5411,DETECTION,src/tracking/advanced_tracker.py:_activate_slot,5411_236_511_498_609
S,8,5411,DETECTION,src/tracking/advanced_tracker.py:_activate_slot,5411_209_1177_473_1283
S,5,5411,PREDICTION,src/tracking/advanced_tracker.py:kalman_homography,
S,6,5411,PREDICTION,src/tracking/advanced_tracker.py:kalman_homography,
S,9,5411,PREDICTION,src/tracking/advanced_tracker.py:kalman_homography,
S,1,5411,PREDICTION,src/tracking/advanced_tracker.py:flow_gapfill_batched,
D,1,5411
S,0,5411,PREDICTION,src/tracking/advanced_tracker.py:id_merge,
D,0,5411
S,2,5411,PREDICTION,src/tracking/advanced_tracker.py:id_merge,
D,2,5411
S,3,5411,PREDICTION,src/tracking/advanced_tracker.py:id_merge,
D,3,5411
S,4,5411,PREDICTION,src/tracking/advanced_tracker.py:id_merge,
D,6,5411
S,5,5411,PREDICTION,src/tracking/advanced_tracker.py:id_merge,
D,5,5411
S,7,5411,PREDICTION,src/tracking/advanced_tracker.py:id_merge,
D,7,5411
S,8,5411,PREDICTION,src/tracking/advanced_tracker.py:id_merge,
D,9,5411
S,8,5411,PREDICTION,src/tracking/advanced_tracker.py:id_merge,
L,4,5411,PREDICTION,src/tracking/advanced_tracker.py:id_merge,
R,PREDICTION,PREDICTION,1
L,8,5411,PREDICTION,src/tracking/advanced_tracker.py:id_merge,
R,PREDICTION,PREDICTION,1
A,5411
S,2,5417,DETECTION,src/tracking/advanced_tracker.py:_activate_slot,5417_251_592_505_700
S,4,5417,DETECTION,src/tracking/advanced_tracker.py:_activate_slot,5417_229_767_499_920
S,5,5417,DETECTION,src/tracking/advanced_tracker.py:_activate_slot,5417_94_294_291_387
S,6,5417,DETECTION,src/tracking/advanced_tracker.py:_activate_slot,5417_237_513_503_612
S,7,5417,DETECTION,src/tracking/advanced_tracker.py:_activate_slot,5417_249_441_496_552
S,8,5417,DETECTION,src/tracking/advanced_tracker.py:_activate_slot,5417_208_1185_473_1283
S,9,5417,DETECTION,src/tracking/advanced_tracker.py:_activate_slot,5417_228_796_469_920
S,0,5417,PREDICTION,src/tracking/advanced_tracker.py:kalman_homography,
S,3,5417,PREDICTION,src/tracking/advanced_tracker.py:kalman_homography,
S,1,5417,PREDICTION,src/tracking/advanced_tracker.py:flow_gapfill_batched,
D,1,5417
S,0,5417,PREDICTION,src/tracking/advanced_tracker.py:id_merge,
D,0,5417
S,2,5417,PREDICTION,src/tracking/advanced_tracker.py:id_merge,
D,2,5417
S,4,5417,PREDICTION,src/tracking/advanced_tracker.py:id_merge,
D,3,5417
S,4,5417,PREDICTION,src/tracking/advanced_tracker.py:id_merge,
D,5,5417
S,6,5417,PREDICTION,src/tracking/advanced_tracker.py:id_merge,
D,6,5417
S,7,5417,PREDICTION,src/tracking/advanced_tracker.py:id_merge,
D,7,5417
S,8,5417,PREDICTION,src/tracking/advanced_tracker.py:id_merge,
D,8,5417
S,9,5417,PREDICTION,src/tracking/advanced_tracker.py:id_merge,
L,4,5417,PREDICTION,src/tracking/advanced_tracker.py:id_merge,
R,PREDICTION,PREDICTION,1
L,9,5417,PREDICTION,src/tracking/advanced_tracker.py:id_merge,
R,PREDICTION,PREDICTION,1
A,5417
S,0,5423,DETECTION,src/tracking/advanced_tracker.py:_activate_slot,5423_248_441_495_552
S,1,5423,DETECTION,src/tracking/advanced_tracker.py:_activate_slot,5423_209_1183_474_1287
S,2,5423,DETECTION,src/tracking/advanced_tracker.py:_activate_slot,5423_254_592_506_701
S,3,5423,DETECTION,src/tracking/advanced_tracker.py:_activate_slot,5423_94_295_291_388
S,6,5423,DETECTION,src/tracking/advanced_tracker.py:_activate_slot,5423_238_512_506_612
S,9,5423,DETECTION,src/tracking/advanced_tracker.py:_activate_slot,5423_226_785_474_921
S,4,5423,PREDICTION,src/tracking/advanced_tracker.py:kalman_homography,
S,5,5423,PREDICTION,src/tracking/advanced_tracker.py:kalman_homography,
S,7,5423,PREDICTION,src/tracking/advanced_tracker.py:kalman_homography,
S,8,5423,PREDICTION,src/tracking/advanced_tracker.py:kalman_homography,
D,0,5423
S,1,5423,PREDICTION,src/tracking/advanced_tracker.py:id_merge,
D,1,5423
S,2,5423,PREDICTION,src/tracking/advanced_tracker.py:id_merge,
D,2,5423
S,3,5423,PREDICTION,src/tracking/advanced_tracker.py:id_merge,
D,4,5423
S,3,5423,PREDICTION,src/tracking/advanced_tracker.py:id_merge,
D,5,5423
S,6,5423,PREDICTION,src/tracking/advanced_tracker.py:id_merge,
D,7,5423
S,6,5423,PREDICTION,src/tracking/advanced_tracker.py:id_merge,
D,8,5423
S,6,5423,PREDICTION,src/tracking/advanced_tracker.py:id_merge,
D,6,5423
S,9,5423,PREDICTION,src/tracking/advanced_tracker.py:id_merge,
L,3,5423,PREDICTION,src/tracking/advanced_tracker.py:id_merge,
R,PREDICTION,PREDICTION,1
L,9,5423,PREDICTION,src/tracking/advanced_tracker.py:id_merge,
R,PREDICTION,SUBPIXEL,0
A,5423
S,2,5429,DETECTION,src/tracking/advanced_tracker.py:_activate_slot,5429_255_592_503_702
S,3,5429,DETECTION,src/tracking/advanced_tracker.py:_activate_slot,5429_93_294_291_388
S,4,5429,DETECTION,src/tracking/advanced_tracker.py:_activate_slot,5429_251_441_495_554
S,8,5429,DETECTION,src/tracking/advanced_tracker.py:_activate_slot,5429_238_512_507_610
S,9,5429,DETECTION,src/tracking/advanced_tracker.py:_activate_slot,5429_224_795_474_921
S,10,5429,DETECTION,src/tracking/advanced_tracker.py:_activate_slot,5429_106_1235_306_1295
S,0,5429,PREDICTION,src/tracking/advanced_tracker.py:kalman_homography,
S,1,5429,PREDICTION,src/tracking/advanced_tracker.py:kalman_homography,
S,5,5429,PREDICTION,src/tracking/advanced_tracker.py:kalman_homography,
S,6,5429,PREDICTION,src/tracking/advanced_tracker.py:kalman_homography,
S,7,5429,PREDICTION,src/tracking/advanced_tracker.py:kalman_homography,
D,0,5429
S,1,5429,PREDICTION,src/tracking/advanced_tracker.py:id_merge,
D,1,5429
S,2,5429,PREDICTION,src/tracking/advanced_tracker.py:id_merge,
D,2,5429
S,3,5429,PREDICTION,src/tracking/advanced_tracker.py:id_merge,
D,3,5429
S,4,5429,PREDICTION,src/tracking/advanced_tracker.py:id_merge,
D,5,5429
S,6,5429,PREDICTION,src/tracking/advanced_tracker.py:id_merge,
D,7,5429
S,6,5429,PREDICTION,src/tracking/advanced_tracker.py:id_merge,
D,6,5429
S,8,5429,PREDICTION,src/tracking/advanced_tracker.py:id_merge,
D,8,5429
S,9,5429,PREDICTION,src/tracking/advanced_tracker.py:id_merge,
L,4,5429,PREDICTION,src/tracking/advanced_tracker.py:id_merge,
R,PREDICTION,PREDICTION,1
L,9,5429,PREDICTION,src/tracking/advanced_tracker.py:id_merge,
R,PREDICTION,SUBPIXEL,0
A,5429
S,2,5435,DETECTION,src/tracking/advanced_tracker.py:_activate_slot,5435_257_591_503_702
S,5,5435,DETECTION,src/tracking/advanced_tracker.py:_activate_slot,5435_113_1151_273_1237
S,6,5435,DETECTION,src/tracking/advanced_tracker.py:_activate_slot,5435_221_768_502_922
S,7,5435,DETECTION,src/tracking/advanced_tracker.py:_activate_slot,5435_250_440_496_555
S,8,5435,DETECTION,src/tracking/advanced_tracker.py:_activate_slot,5435_239_512_506_610
S,9,5435,DETECTION,src/tracking/advanced_tracker.py:_activate_slot,5435_221_804_471_921
S,0,5435,PREDICTION,src/tracking/advanced_tracker.py:kalman_homography,
S,1,5435,PREDICTION,src/tracking/advanced_tracker.py:kalman_homography,
S,3,5435,PREDICTION,src/tracking/advanced_tracker.py:kalman_homography,
S,4,5435,PREDICTION,src/tracking/advanced_tracker.py:kalman_homography,
S,10,5435,PREDICTION,src/tracking/advanced_tracker.py:kalman_homography,
D,0,5435
S,1,5435,PREDICTION,src/tracking/advanced_tracker.py:id_merge,
D,1,5435
S,2,5435,PREDICTION,src/tracking/advanced_tracker.py:id_merge,
D,4,5435
S,2,5435,PREDICTION,src/tracking/advanced_tracker.py:id_merge,
D,5,5435
S,6,5435,PREDICTION,src/tracking/advanced_tracker.py:id_merge,
D,6,5435
S,7,5435,PREDICTION,src/tracking/advanced_tracker.py:id_merge,
D,7,5435
S,8,5435,PREDICTION,src/tracking/advanced_tracker.py:id_merge,
D,8,5435
S,9,5435,PREDICTION,src/tracking/advanced_tracker.py:id_merge,
L,2,5435,PREDICTION,src/tracking/advanced_tracker.py:id_merge,
R,PREDICTION,PREDICTION,1
L,3,5435,PREDICTION,src/tracking/advanced_tracker.py:kalman_homography,
R,PREDICTION,PREDICTION,1
L,9,5435,PREDICTION,src/tracking/advanced_tracker.py:id_merge,
R,PREDICTION,SUBPIXEL,0
A,5435
S,2,5441,DETECTION,src/tracking/advanced_tracker.py:_activate_slot,5441_256_591_503_702
S,3,5441,DETECTION,src/tracking/advanced_tracker.py:_activate_slot,5441_97_295_293_391
S,6,5441,DETECTION,src/tracking/advanced_tracker.py:_activate_slot,5441_239_514_504_610
S,7,5441,DETECTION,src/tracking/advanced_tracker.py:_activate_slot,5441_250_436_522_553
S,8,5441,DETECTION,src/tracking/advanced_tracker.py:_activate_slot,5441_214_1189_475_1295
S,9,5441,DETECTION,src/tracking/advanced_tracker.py:_activate_slot,5441_224_797_471_921
S,0,5441,PREDICTION,src/tracking/advanced_tracker.py:kalman_homography,
S,1,5441,PREDICTION,src/tracking/advanced_tracker.py:kalman_homography,
S,4,5441,PREDICTION,src/tracking/advanced_tracker.py:kalman_homography,
S,10,5441,PREDICTION,src/tracking/advanced_tracker.py:kalman_homography,
S,5,5441,PREDICTION,src/tracking/advanced_tracker.py:flow_gapfill_batched,
D,0,5441
S,1,5441,PREDICTION,src/tracking/advanced_tracker.py:id_merge,
D,1,5441
S,2,5441,PREDICTION,src/tracking/advanced_tracker.py:id_merge,
D,2,5441
S,3,5441,PREDICTION,src/tracking/advanced_tracker.py:id_merge,
D,4,5441
S,3,5441,PREDICTION,src/tracking/advanced_tracker.py:id_merge,
D,5,5441
S,6,5441,PREDICTION,src/tracking/advanced_tracker.py:id_merge,
D,6,5441
S,7,5441,PREDICTION,src/tracking/advanced_tracker.py:id_merge,
D,7,5441
S,8,5441,PREDICTION,src/tracking/advanced_tracker.py:id_merge,
D,8,5441
S,9,5441,PREDICTION,src/tracking/advanced_tracker.py:id_merge,
L,3,5441,PREDICTION,src/tracking/advanced_tracker.py:id_merge,
R,PREDICTION,PREDICTION,1
L,9,5441,PREDICTION,src/tracking/advanced_tracker.py:id_merge,
R,PREDICTION,SUBPIXEL,0
A,5441
S,2,5447,DETECTION,src/tracking/advanced_tracker.py:_activate_slot,5447_258_591_502_703
S,3,5447,DETECTION,src/tracking/advanced_tracker.py:_activate_slot,5447_98_297_295_391
S,4,5447,DETECTION,src/tracking/advanced_tracker.py:_activate_slot,5447_250_435_525_555
S,6,5447,DETECTION,src/tracking/advanced_tracker.py:_activate_slot,5447_239_516_497_610
S,8,5447,DETECTION,src/tracking/advanced_tracker.py:_activate_slot,5447_214_1189_475_1293
S,9,5447,DETECTION,src/tracking/advanced_tracker.py:_activate_slot,5447_223_787_473_921
S,0,5447,PREDICTION,src/tracking/advanced_tracker.py:kalman_homography,
S,7,5447,PREDICTION,src/tracking/advanced_tracker.py:kalman_homography,
S,10,5447,PREDICTION,src/tracking/advanced_tracker.py:kalman_homography,
S,1,5447,PREDICTION,src/tracking/advanced_tracker.py:flow_gapfill_batched,
S,5,5447,PREDICTION,src/tracking/advanced_tracker.py:flow_gapfill_batched,
D,0,5447
S,1,5447,PREDICTION,src/tracking/advanced_tracker.py:id_merge,
D,1,5447
S,2,5447,PREDICTION,src/tracking/advanced_tracker.py:id_merge,
D,2,5447
S,3,5447,PREDICTION,src/tracking/advanced_tracker.py:id_merge,
D,3,5447
S,4,5447,PREDICTION,src/tracking/advanced_tracker.py:id_merge,
D,5,5447
S,6,5447,PREDICTION,src/tracking/advanced_tracker.py:id_merge,
D,7,5447
S,6,5447,PREDICTION,src/tracking/advanced_tracker.py:id_merge,
D,6,5447
S,8,5447,PREDICTION,src/tracking/advanced_tracker.py:id_merge,
D,8,5447
S,9,5447,PREDICTION,src/tracking/advanced_tracker.py:id_merge,
L,4,5447,PREDICTION,src/tracking/advanced_tracker.py:id_merge,
R,PREDICTION,PREDICTION,1
L,9,5447,PREDICTION,src/tracking/advanced_tracker.py:id_merge,
R,PREDICTION,SUBPIXEL,0
A,5447
S,2,5453,DETECTION,src/tracking/advanced_tracker.py:_activate_slot,5453_259_591_502_702
S,5,5453,DETECTION,src/tracking/advanced_tracker.py:_activate_slot,5453_114_1153_273_1243
S,6,5453,DETECTION,src/tracking/advanced_tracker.py:_activate_slot,5453_240_518_497_610
S,7,5453,DETECTION,src/tracking/advanced_tracker.py:_activate_slot,5453_250_434_527_553
S,8,5453,DETECTION,src/tracking/advanced_tracker.py:_activate_slot,5453_214_1187_475_1293
S,9,5453,DETECTION,src/tracking/advanced_tracker.py:_activate_slot,5453_225_785_474_922
S,0,5453,PREDICTION,src/tracking/advanced_tracker.py:kalman_homography,
S,3,5453,PREDICTION,src/tracking/advanced_tracker.py:kalman_homography,
S,4,5453,PREDICTION,src/tracking/advanced_tracker.py:kalman_homography,
S,10,5453,PREDICTION,src/tracking/advanced_tracker.py:kalman_homography,
S,1,5453,PREDICTION,src/tracking/advanced_tracker.py:flow_gapfill_batched,
D,0,5453
S,1,5453,PREDICTION,src/tracking/advanced_tracker.py:id_merge,
D,1,5453
S,2,5453,PREDICTION,src/tracking/advanced_tracker.py:id_merge,
D,4,5453
S,2,5453,PREDICTION,src/tracking/advanced_tracker.py:id_merge,
D,5,5453
S,6,5453,PREDICTION,src/tracking/advanced_tracker.py:id_merge,
D,6,5453
S,7,5453,PREDICTION,src/tracking/advanced_tracker.py:id_merge,
D,7,5453
S,8,5453,PREDICTION,src/tracking/advanced_tracker.py:id_merge,
D,8,5453
S,9,5453,PREDICTION,src/tracking/advanced_tracker.py:id_merge,
L,2,5453,PREDICTION,src/tracking/advanced_tracker.py:id_merge,
R,PREDICTION,PREDICTION,1
L,3,5453,PREDICTION,src/tracking/advanced_tracker.py:kalman_homography,
R,PREDICTION,PREDICTION,1
L,9,5453,PREDICTION,src/tracking/advanced_tracker.py:id_merge,
R,PREDICTION,SUBPIXEL,0
A,5453
S,0,5459,DETECTION,src/tracking/advanced_tracker.py:_activate_slot,5459_250_435_532_555
S,1,5459,DETECTION,src/tracking/advanced_tracker.py:_activate_slot,5459_227_775_474_922
S,2,5459,DETECTION,src/tracking/advanced_tracker.py:_activate_slot,5459_257_591_502_703
S,5,5459,DETECTION,src/tracking/advanced_tracker.py:_activate_slot,5459_117_1152_278_1242
S,6,5459,DETECTION,src/tracking/advanced_tracker.py:_activate_slot,5459_241_518_495_610
S,7,5459,DETECTION,src/tracking/advanced_tracker.py:_activate_slot,5459_97_296_303_394
S,8,5459,DETECTION,src/tracking/advanced_tracker.py:_activate_slot,5459_216_1186_475_1292
S,3,5459,PREDICTION,src/tracking/advanced_tracker.py:kalman_homography,
S,4,5459,PREDICTION,src/tracking/advanced_tracker.py:kalman_homography,
S,9,5459,PREDICTION,src/tracking/advanced_tracker.py:kalman_homography,
S,10,5459,PREDICTION,src/tracking/advanced_tracker.py:kalman_homography,
D,0,5459
S,1,5459,PREDICTION,src/tracking/advanced_tracker.py:id_merge,
D,1,5459
S,2,5459,PREDICTION,src/tracking/advanced_tracker.py:id_merge,
D,4,5459
S,2,5459,PREDICTION,src/tracking/advanced_tracker.py:id_merge,
D,5,5459
S,6,5459,PREDICTION,src/tracking/advanced_tracker.py:id_merge,
D,6,5459
S,7,5459,PREDICTION,src/tracking/advanced_tracker.py:id_merge,
D,7,5459
S,8,5459,PREDICTION,src/tracking/advanced_tracker.py:id_merge,
D,9,5459
S,8,5459,PREDICTION,src/tracking/advanced_tracker.py:id_merge,
L,2,5459,PREDICTION,src/tracking/advanced_tracker.py:id_merge,
R,PREDICTION,PREDICTION,1
L,3,5459,PREDICTION,src/tracking/advanced_tracker.py:kalman_homography,
R,PREDICTION,PREDICTION,1
L,8,5459,PREDICTION,src/tracking/advanced_tracker.py:id_merge,
R,PREDICTION,SUBPIXEL,0
A,5459
S,2,5465,DETECTION,src/tracking/advanced_tracker.py:_activate_slot,5465_259_592_501_703
S,3,5465,DETECTION,src/tracking/advanced_tracker.py:_activate_slot,5465_98_299_303_394
S,5,5465,DETECTION,src/tracking/advanced_tracker.py:_activate_slot,5465_116_1153_277_1243
S,6,5465,DETECTION,src/tracking/advanced_tracker.py:_activate_slot,5465_241_517_497_612
S,7,5465,DETECTION,src/tracking/advanced_tracker.py:_activate_slot,5465_251_436_533_555
S,8,5465,DETECTION,src/tracking/advanced_tracker.py:_activate_slot,5465_215_1190_475_1292
S,9,5465,DETECTION,src/tracking/advanced_tracker.py:_activate_slot,5465_227_782_472_923
S,0,5465,PREDICTION,src/tracking/advanced_tracker.py:kalman_homography,
S,1,5465,PREDICTION,src/tracking/advanced_tracker.py:kalman_homography,
S,4,5465,PREDICTION,src/tracking/advanced_tracker.py:kalman_homography,
S,10,5465,PREDICTION,src/tracking/advanced_tracker.py:kalman_homography,
D,0,5465
S,1,5465,PREDICTION,src/tracking/advanced_tracker.py:id_merge,
D,1,5465
S,2,5465,PREDICTION,src/tracking/advanced_tracker.py:id_merge,
D,4,5465
S,2,5465,PREDICTION,src/tracking/advanced_tracker.py:id_merge,
D,5,5465
S,6,5465,PREDICTION,src/tracking/advanced_tracker.py:id_merge,
D,6,5465
S,7,5465,PREDICTION,src/tracking/advanced_tracker.py:id_merge,
D,7,5465
S,8,5465,PREDICTION,src/tracking/advanced_tracker.py:id_merge,
D,8,5465
S,9,5465,PREDICTION,src/tracking/advanced_tracker.py:id_merge,
L,2,5465,PREDICTION,src/tracking/advanced_tracker.py:id_merge,
R,PREDICTION,PREDICTION,1
L,3,5465,DETECTION,src/tracking/advanced_tracker.py:_activate_slot,5465_98_299_303_394
R,DETECTION,DETECTION,1
L,9,5465,PREDICTION,src/tracking/advanced_tracker.py:id_merge,
R,PREDICTION,PREDICTION,1
A,5465
S,1,5471,DETECTION,src/tracking/advanced_tracker.py:_activate_slot,5471_228_786_471_922
S,2,5471,DETECTION,src/tracking/advanced_tracker.py:_activate_slot,5471_259_593_503_704
S,5,5471,DETECTION,src/tracking/advanced_tracker.py:_activate_slot,5471_116_1154_275_1244
S,6,5471,DETECTION,src/tracking/advanced_tracker.py:_activate_slot,5471_241_517_496_612
S,7,5471,DETECTION,src/tracking/advanced_tracker.py:_activate_slot,5471_254_436_532_557
S,8,5471,DETECTION,src/tracking/advanced_tracker.py:_activate_slot,5471_218_1190_476_1290
S,0,5471,PREDICTION,src/tracking/advanced_tracker.py:kalman_homography,
S,3,5471,PREDICTION,src/tracking/advanced_tracker.py:kalman_homography,
S,4,5471,PREDICTION,src/tracking/advanced_tracker.py:kalman_homography,
S,9,5471,PREDICTION,src/tracking/advanced_tracker.py:kalman_homography,
S,10,5471,PREDICTION,src/tracking/advanced_tracker.py:kalman_homography,
D,0,5471
S,1,5471,PREDICTION,src/tracking/advanced_tracker.py:id_merge,
D,1,5471
S,2,5471,PREDICTION,src/tracking/advanced_tracker.py:id_merge,
D,4,5471
S,2,5471,PREDICTION,src/tracking/advanced_tracker.py:id_merge,
D,5,5471
S,6,5471,PREDICTION,src/tracking/advanced_tracker.py:id_merge,
D,6,5471
S,7,5471,PREDICTION,src/tracking/advanced_tracker.py:id_merge,
D,7,5471
S,8,5471,PREDICTION,src/tracking/advanced_tracker.py:id_merge,
D,9,5471
S,8,5471,PREDICTION,src/tracking/advanced_tracker.py:id_merge,
L,2,5471,PREDICTION,src/tracking/advanced_tracker.py:id_merge,
R,PREDICTION,PREDICTION,1
L,3,5471,PREDICTION,src/tracking/advanced_tracker.py:kalman_homography,
R,PREDICTION,PREDICTION,1
L,8,5471,PREDICTION,src/tracking/advanced_tracker.py:id_merge,
R,PREDICTION,SUBPIXEL,0
A,5471
S,0,5477,DETECTION,src/tracking/advanced_tracker.py:_activate_slot,5477_265_436_537_557
S,1,5477,DETECTION,src/tracking/advanced_tracker.py:_activate_slot,5477_227_779_472_922
S,2,5477,DETECTION,src/tracking/advanced_tracker.py:_activate_slot,5477_259_592_503_704
S,3,5477,DETECTION,src/tracking/advanced_tracker.py:_activate_slot,5477_96_298_295_393
S,6,5477,DETECTION,src/tracking/advanced_tracker.py:_activate_slot,5477_240_515_500_613
S,8,5477,DETECTION,src/tracking/advanced_tracker.py:_activate_slot,5477_220_1191_476_1289
S,9,5477,DETECTION,src/tracking/advanced_tracker.py:_activate_slot,5477_115_1155_276_1245
S,4,5477,PREDICTION,src/tracking/advanced_tracker.py:kalman_homography,
S,5,5477,PREDICTION,src/tracking/advanced_tracker.py:kalman_homography,
S,7,5477,PREDICTION,src/tracking/advanced_tracker.py:kalman_homography,
S,10,5477,PREDICTION,src/tracking/advanced_tracker.py:flow_gapfill_batched,
D,0,5477
S,1,5477,PREDICTION,src/tracking/advanced_tracker.py:id_merge,
D,1,5477
S,2,5477,PREDICTION,src/tracking/advanced_tracker.py:id_merge,
D,2,5477
S,3,5477,PREDICTION,src/tracking/advanced_tracker.py:id_merge,
D,4,5477
S,3,5477,PREDICTION,src/tracking/advanced_tracker.py:id_merge,
D,5,5477
S,6,5477,PREDICTION,src/tracking/advanced_tracker.py:id_merge,
D,7,5477
S,6,5477,PREDICTION,src/tracking/advanced_tracker.py:id_merge,
D,6,5477
S,8,5477,PREDICTION,src/tracking/advanced_tracker.py:id_merge,
D,8,5477
S,9,5477,PREDICTION,src/tracking/advanced_tracker.py:id_merge,
L,3,5477,PREDICTION,src/tracking/advanced_tracker.py:id_merge,
R,PREDICTION,PREDICTION,1
L,9,5477,PREDICTION,src/tracking/advanced_tracker.py:id_merge,
R,PREDICTION,PREDICTION,1
A,5477
S,1,5483,DETECTION,src/tracking/advanced_tracker.py:_activate_slot,5483_272_436_535_554
S,2,5483,DETECTION,src/tracking/advanced_tracker.py:_activate_slot,5483_257_591_504_703
S,4,5483,DETECTION,src/tracking/advanced_tracker.py:_activate_slot,5483_225_792_470_921
S,5,5483,DETECTION,src/tracking/advanced_tracker.py:_activate_slot,5483_115_1152_276_1244
S,8,5483,DETECTION,src/tracking/advanced_tracker.py:_activate_slot,5483_218_1190_476_1288
S,9,5483,DETECTION,src/tracking/advanced_tracker.py:_activate_slot,5483_241_514_500_614
S,0,5483,PREDICTION,src/tracking/advanced_tracker.py:kalman_homography,
S,3,5483,PREDICTION,src/tracking/advanced_tracker.py:kalman_homography,
S,6,5483,PREDICTION,src/tracking/advanced_tracker.py:kalman_homography,
S,7,5483,PREDICTION,src/tracking/advanced_tracker.py:kalman_homography,
D,0,5483
S,1,5483,PREDICTION,src/tracking/advanced_tracker.py:id_merge,
D,1,5483
S,2,5483,PREDICTION,src/tracking/advanced_tracker.py:id_merge,
D,3,5483
S,2,5483,PREDICTION,src/tracking/advanced_tracker.py:id_merge,
D,2,5483
S,4,5483,PREDICTION,src/tracking/advanced_tracker.py:id_merge,
D,6,5483
S,5,5483,PREDICTION,src/tracking/advanced_tracker.py:id_merge,
D,7,5483
S,5,5483,PREDICTION,src/tracking/advanced_tracker.py:id_merge,
D,5,5483
S,8,5483,PREDICTION,src/tracking/advanced_tracker.py:id_merge,
D,8,5483
S,9,5483,PREDICTION,src/tracking/advanced_tracker.py:id_merge,
L,4,5483,PREDICTION,src/tracking/advanced_tracker.py:id_merge,
R,PREDICTION,PREDICTION,1
L,9,5483,PREDICTION,src/tracking/advanced_tracker.py:id_merge,
R,PREDICTION,PREDICTION,1
A,5483
S,0,5489,DETECTION,src/tracking/advanced_tracker.py:_activate_slot,5489_277_436_536_556
S,1,5489,DETECTION,src/tracking/advanced_tracker.py:_activate_slot,5489_242_514_504_613
S,2,5489,DETECTION,src/tracking/advanced_tracker.py:_activate_slot,5489_255_592_506_704
S,5,5489,DETECTION,src/tracking/advanced_tracker.py:_activate_slot,5489_117_1151_273_1245
S,7,5489,DETECTION,src/tracking/advanced_tracker.py:_activate_slot,5489_223_788_471_921
S,8,5489,DETECTION,src/tracking/advanced_tracker.py:_activate_slot,5489_218_1188_477_1286
S,9,5489,DETECTION,src/tracking/advanced_tracker.py:_activate_slot,5489_98_299_297_393
S,3,5489,PREDICTION,src/tracking/advanced_tracker.py:kalman_homography,
S,4,5489,PREDICTION,src/tracking/advanced_tracker.py:kalman_homography,
S,6,5489,PREDICTION,src/tracking/advanced_tracker.py:kalman_homography,
D,0,5489
S,1,5489,PREDICTION,src/tracking/advanced_tracker.py:id_merge,
D,1,5489
S,2,5489,PREDICTION,src/tracking/advanced_tracker.py:id_merge,
D,3,5489
S,2,5489,PREDICTION,src/tracking/advanced_tracker.py:id_merge,
D,4,5489
S,2,5489,PREDICTION,src/tracking/advanced_tracker.py:id_merge,
D,6,5489
S,5,5489,PREDICTION,src/tracking/advanced_tracker.py:id_merge,
D,5,5489
S,7,5489,PREDICTION,src/tracking/advanced_tracker.py:id_merge,
D,7,5489
S,8,5489,PREDICTION,src/tracking/advanced_tracker.py:id_merge,
D,8,5489
S,9,5489,PREDICTION,src/tracking/advanced_tracker.py:id_merge,
L,2,5489,PREDICTION,src/tracking/advanced_tracker.py:id_merge,
R,PREDICTION,PREDICTION,1
L,9,5489,PREDICTION,src/tracking/advanced_tracker.py:id_merge,
R,PREDICTION,PREDICTION,1
A,5489
S,0,5495,DETECTION,src/tracking/advanced_tracker.py:_activate_slot,5495_264_436_535_557
S,2,5495,DETECTION,src/tracking/advanced_tracker.py:_activate_slot,5495_260_593_507_705
S,4,5495,DETECTION,src/tracking/advanced_tracker.py:_activate_slot,5495_235_764_510_922
S,5,5495,DETECTION,src/tracking/advanced_tracker.py:_activate_slot,5495_115_1150_276_1244
S,6,5495,DETECTION,src/tracking/advanced_tracker.py:_activate_slot,5495_244_514_509_618
S,7,5495,DETECTION,src/tracking/advanced_tracker.py:_activate_slot,5495_98_300_303_395
S,8,5495,DETECTION,src/tracking/advanced_tracker.py:_activate_slot,5495_218_1187_478_1285
S,1,5495,PREDICTION,src/tracking/advanced_tracker.py:kalman_homography,
S,3,5495,PREDICTION,src/tracking/advanced_tracker.py:kalman_homography,
S,9,5495,PREDICTION,src/tracking/advanced_tracker.py:kalman_homography,
D,1,5495
S,0,5495,PREDICTION,src/tracking/advanced_tracker.py:id_merge,
D,0,5495
S,2,5495,PREDICTION,src/tracking/advanced_tracker.py:id_merge,
D,3,5495
S,2,5495,PREDICTION,src/tracking/advanced_tracker.py:id_merge,
D,2,5495
S,4,5495,PREDICTION,src/tracking/advanced_tracker.py:id_merge,
D,5,5495
S,6,5495,PREDICTION,src/tracking/advanced_tracker.py:id_merge,
D,6,5495
S,7,5495,PREDICTION,src/tracking/advanced_tracker.py:id_merge,
D,7,5495
S,8,5495,PREDICTION,src/tracking/advanced_tracker.py:id_merge,
L,4,5495,PREDICTION,src/tracking/advanced_tracker.py:id_merge,
R,PREDICTION,PREDICTION,1
L,8,5495,PREDICTION,src/tracking/advanced_tracker.py:id_merge,
R,PREDICTION,SUBPIXEL,0
L,9,5495,PREDICTION,src/tracking/advanced_tracker.py:kalman_homography,
R,PREDICTION,PREDICTION,1
A,5495
S,0,5501,DETECTION,src/tracking/advanced_tracker.py:_activate_slot,5501_258_435_534_555
S,2,5501,DETECTION,src/tracking/advanced_tracker.py:_activate_slot,5501_263_593_509_703
S,5,5501,DETECTION,src/tracking/advanced_tracker.py:_activate_slot,5501_114_1151_276_1245
S,6,5501,DETECTION,src/tracking/advanced_tracker.py:_activate_slot,5501_246_761_513_920
S,7,5501,DETECTION,src/tracking/advanced_tracker.py:_activate_slot,5501_102_299_306_394
S,8,5501,DETECTION,src/tracking/advanced_tracker.py:_activate_slot,5501_220_1186_477_1286
S,9,5501,DETECTION,src/tracking/advanced_tracker.py:_activate_slot,5501_245_515_512_615
S,1,5501,PREDICTION,src/tracking/advanced_tracker.py:kalman_homography,
S,3,5501,PREDICTION,src/tracking/advanced_tracker.py:kalman_homography,
S,4,5501,PREDICTION,src/tracking/advanced_tracker.py:kalman_homography,
D,1,5501
S,0,5501,PREDICTION,src/tracking/advanced_tracker.py:id_merge,
D,0,5501
S,2,5501,PREDICTION,src/tracking/advanced_tracker.py:id_merge,
D,3,5501
S,2,5501,PREDICTION,src/tracking/advanced_tracker.py:id_merge,
D,4,5501
S,2,5501,PREDICTION,src/tracking/advanced_tracker.py:id_merge,
D,5,5501
S,6,5501,PREDICTION,src/tracking/advanced_tracker.py:id_merge,
D,6,5501
S,7,5501,PREDICTION,src/tracking/advanced_tracker.py:id_merge,
D,7,5501
S,8,5501,PREDICTION,src/tracking/advanced_tracker.py:id_merge,
D,8,5501
S,9,5501,PREDICTION,src/tracking/advanced_tracker.py:id_merge,
L,2,5501,PREDICTION,src/tracking/advanced_tracker.py:id_merge,
R,PREDICTION,PREDICTION,1
L,9,5501,PREDICTION,src/tracking/advanced_tracker.py:id_merge,
R,PREDICTION,PREDICTION,1
A,5501
S,0,5507,DETECTION,src/tracking/advanced_tracker.py:_activate_slot,5507_267_435_533_554
S,2,5507,DETECTION,src/tracking/advanced_tracker.py:_activate_slot,5507_265_592_510_702
S,4,5507,DETECTION,src/tracking/advanced_tracker.py:_activate_slot,5507_246_769_516_917
S,5,5507,DETECTION,src/tracking/advanced_tracker.py:_activate_slot,5507_117_1151_280_1245
S,6,5507,DETECTION,src/tracking/advanced_tracker.py:_activate_slot,5507_245_514_516_614
S,7,5507,DETECTION,src/tracking/advanced_tracker.py:_activate_slot,5507_103_299_308_392
S,8,5507,DETECTION,src/tracking/advanced_tracker.py:_activate_slot,5507_221_1179_477_1279
S,1,5507,PREDICTION,src/tracking/advanced_tracker.py:kalman_homography,
S,3,5507,PREDICTION,src/tracking/advanced_tracker.py:kalman_homography,
S,9,5507,PREDICTION,src/tracking/advanced_tracker.py:kalman_homography,
D,1,5507
S,0,5507,PREDICTION,src/tracking/advanced_tracker.py:id_merge,
D,0,5507
S,2,5507,PREDICTION,src/tracking/advanced_tracker.py:id_merge,
D,3,5507
S,2,5507,PREDICTION,src/tracking/advanced_tracker.py:id_merge,
D,2,5507
S,4,5507,PREDICTION,src/tracking/advanced_tracker.py:id_merge,
D,5,5507
S,6,5507,PREDICTION,src/tracking/advanced_tracker.py:id_merge,
D,6,5507
S,7,5507,PREDICTION,src/tracking/advanced_tracker.py:id_merge,
D,7,5507
S,8,5507,PREDICTION,src/tracking/advanced_tracker.py:id_merge,
D,9,5507
S,8,5507,PREDICTION,src/tracking/advanced_tracker.py:id_merge,
L,4,5507,PREDICTION,src/tracking/advanced_tracker.py:id_merge,
R,PREDICTION,PREDICTION,1
L,8,5507,PREDICTION,src/tracking/advanced_tracker.py:id_merge,
R,PREDICTION,SUBPIXEL,0
A,5507
S,0,5513,DETECTION,src/tracking/advanced_tracker.py:_activate_slot,5513_277_434_531_556
S,2,5513,DETECTION,src/tracking/advanced_tracker.py:_activate_slot,5513_265_592_512_703
S,4,5513,DETECTION,src/tracking/advanced_tracker.py:_activate_slot,5513_229_749_523_913
S,5,5513,DETECTION,src/tracking/advanced_tracker.py:_activate_slot,5513_121_1153_285_1243
S,6,5513,DETECTION,src/tracking/advanced_tracker.py:_activate_slot,5513_248_517_511_612
S,8,5513,DETECTION,src/tracking/advanced_tracker.py:_activate_slot,5513_228_1171_481_1273
S,10,5513,DETECTION,src/tracking/advanced_tracker.py:_activate_slot,5513_105_299_312_394
S,1,5513,PREDICTION,src/tracking/advanced_tracker.py:kalman_homography,
S,3,5513,PREDICTION,src/tracking/advanced_tracker.py:kalman_homography,
S,7,5513,PREDICTION,src/tracking/advanced_tracker.py:kalman_homography,
S,9,5513,PREDICTION,src/tracking/advanced_tracker.py:kalman_homography,
D,1,5513
S,0,5513,PREDICTION,src/tracking/advanced_tracker.py:id_merge,
D,0,5513
S,2,5513,PREDICTION,src/tracking/advanced_tracker.py:id_merge,
D,3,5513
S,2,5513,PREDICTION,src/tracking/advanced_tracker.py:id_merge,
D,2,5513
S,4,5513,PREDICTION,src/tracking/advanced_tracker.py:id_merge,
D,5,5513
S,6,5513,PREDICTION,src/tracking/advanced_tracker.py:id_merge,
D,7,5513
S,6,5513,PREDICTION,src/tracking/advanced_tracker.py:id_merge,
D,6,5513
S,8,5513,PREDICTION,src/tracking/advanced_tracker.py:id_merge,
D,9,5513
S,8,5513,PREDICTION,src/tracking/advanced_tracker.py:id_merge,
L,4,5513,PREDICTION,src/tracking/advanced_tracker.py:id_merge,
R,PREDICTION,PREDICTION,1
L,8,5513,PREDICTION,src/tracking/advanced_tracker.py:id_merge,
R,PREDICTION,SUBPIXEL,0
A,5513
S,1,5519,DETECTION,src/tracking/advanced_tracker.py:_activate_slot,5519_277_434_532_557
S,2,5519,DETECTION,src/tracking/advanced_tracker.py:_activate_slot,5519_268_591_514_703
S,4,5519,DETECTION,src/tracking/advanced_tracker.py:_activate_slot,5519_216_763_669_913
S,5,5519,DETECTION,src/tracking/advanced_tracker.py:_activate_slot,5519_123_1153_291_1241
S,6,5519,DETECTION,src/tracking/advanced_tracker.py:_activate_slot,5519_249_515_515_613
S,7,5519,DETECTION,src/tracking/advanced_tracker.py:_activate_slot,5519_217_766_540_910
S,9,5519,DETECTION,src/tracking/advanced_tracker.py:_activate_slot,5519_241_1163_486_1261
S,10,5519,DETECTION,src/tracking/advanced_tracker.py:_activate_slot,5519_107_299_313_395
S,0,5519,PREDICTION,src/tracking/advanced_tracker.py:kalman_homography,
S,3,5519,PREDICTION,src/tracking/advanced_tracker.py:kalman_homography,
S,8,5519,PREDICTION,src/tracking/advanced_tracker.py:kalman_homography,
D,0,5519
S,1,5519,PREDICTION,src/tracking/advanced_tracker.py:id_merge,
D,1,5519
S,2,5519,PREDICTION,src/tracking/advanced_tracker.py:id_merge,
D,3,5519
S,2,5519,PREDICTION,src/tracking/advanced_tracker.py:id_merge,
D,2,5519
S,4,5519,PREDICTION,src/tracking/advanced_tracker.py:id_merge,
D,5,5519
S,6,5519,PREDICTION,src/tracking/advanced_tracker.py:id_merge,
D,8,5519
S,6,5519,PREDICTION,src/tracking/advanced_tracker.py:id_merge,
D,6,5519
S,9,5519,PREDICTION,src/tracking/advanced_tracker.py:id_merge,
L,4,5519,PREDICTION,src/tracking/advanced_tracker.py:id_merge,
R,PREDICTION,PREDICTION,1
L,7,5519,DETECTION,src/tracking/advanced_tracker.py:_activate_slot,5519_217_766_540_910
R,CLAMP,CLAMP,0
L,9,5519,PREDICTION,src/tracking/advanced_tracker.py:id_merge,
R,PREDICTION,PREDICTION,1
A,5519
S,1,5525,DETECTION,src/tracking/advanced_tracker.py:_activate_slot,5525_280_434_531_538
S,2,5525,DETECTION,src/tracking/advanced_tracker.py:_activate_slot,5525_268_594_520_702
S,4,5525,DETECTION,src/tracking/advanced_tracker.py:_activate_slot,5525_208_727_670_914
S,5,5525,DETECTION,src/tracking/advanced_tracker.py:_activate_slot,5525_124_1151_293_1241
S,6,5525,DETECTION,src/tracking/advanced_tracker.py:_activate_slot,5525_251_508_520_614
S,7,5525,DETECTION,src/tracking/advanced_tracker.py:_activate_slot,5525_106_297_314_395
S,0,5525,PREDICTION,src/tracking/advanced_tracker.py:kalman_homography,
S,8,5525,PREDICTION,src/tracking/advanced_tracker.py:kalman_homography,
S,10,5525,PREDICTION,src/tracking/advanced_tracker.py:kalman_homography,
S,3,5525,PREDICTION,src/tracking/advanced_tracker.py:flow_gapfill_batched,
S,9,5525,PREDICTION,src/tracking/advanced_tracker.py:flow_gapfill_batched,
D,0,5525
S,1,5525,PREDICTION,src/tracking/advanced_tracker.py:id_merge,
D,1,5525
S,2,5525,PREDICTION,src/tracking/advanced_tracker.py:id_merge,
D,3,5525
S,2,5525,PREDICTION,src/tracking/advanced_tracker.py:id_merge,
D,2,5525
S,4,5525,PREDICTION,src/tracking/advanced_tracker.py:id_merge,
D,5,5525
S,6,5525,PREDICTION,src/tracking/advanced_tracker.py:id_merge,
D,6,5525
S,7,5525,PREDICTION,src/tracking/advanced_tracker.py:id_merge,
D,8,5525
S,7,5525,PREDICTION,src/tracking/advanced_tracker.py:id_merge,
D,9,5525
S,7,5525,PREDICTION,src/tracking/advanced_tracker.py:id_merge,
L,4,5525,PREDICTION,src/tracking/advanced_tracker.py:id_merge,
R,PREDICTION,PREDICTION,1
L,7,5525,PREDICTION,src/tracking/advanced_tracker.py:id_merge,
R,PREDICTION,PREDICTION,1
A,5525
S,0,5531,DETECTION,src/tracking/advanced_tracker.py:_activate_slot,5531_278_430_517_555
S,2,5531,DETECTION,src/tracking/advanced_tracker.py:_activate_slot,5531_274_593_519_703
S,5,5531,DETECTION,src/tracking/advanced_tracker.py:_activate_slot,5531_127_1151_287_1245
S,6,5531,DETECTION,src/tracking/advanced_tracker.py:_activate_slot,5531_253_503_516_612
S,7,5531,DETECTION,src/tracking/advanced_tracker.py:_activate_slot,5531_108_299_314_396
S,8,5531,DETECTION,src/tracking/advanced_tracker.py:_activate_slot,5531_236_1147_491_1257
S,9,5531,DETECTION,src/tracking/advanced_tracker.py:_activate_slot,5531_184_766_669_909
S,1,5531,PREDICTION,src/tracking/advanced_tracker.py:kalman_homography,
S,10,5531,PREDICTION,src/tracking/advanced_tracker.py:kalman_homography,
D,1,5531
S,0,5531,PREDICTION,src/tracking/advanced_tracker.py:id_merge,
D,0,5531
S,2,5531,PREDICTION,src/tracking/advanced_tracker.py:id_merge,
D,5,5531
S,6,5531,PREDICTION,src/tracking/advanced_tracker.py:id_merge,
D,6,5531
S,7,5531,PREDICTION,src/tracking/advanced_tracker.py:id_merge,
D,7,5531
S,8,5531,PREDICTION,src/tracking/advanced_tracker.py:id_merge,
D,8,5531
S,9,5531,PREDICTION,src/tracking/advanced_tracker.py:id_merge,
L,2,5531,PREDICTION,src/tracking/advanced_tracker.py:id_merge,
R,PREDICTION,PREDICTION,1
L,9,5531,PREDICTION,src/tracking/advanced_tracker.py:id_merge,
R,PREDICTION,PREDICTION,1
A,5531
S,0,5537,DETECTION,src/tracking/advanced_tracker.py:_activate_slot,5537_289_418_514_556
S,1,5537,DETECTION,src/tracking/advanced_tracker.py:_activate_slot,5537_257_1148_493_1258
S,2,5537,DETECTION,src/tracking/advanced_tracker.py:_activate_slot,5537_274_592_516_700
S,5,5537,DETECTION,src/tracking/advanced_tracker.py:_activate_slot,5537_128_1153_291_1243
S,6,5537,DETECTION,src/tracking/advanced_tracker.py:_activate_slot,5537_255_504_518_612
S,9,5537,DETECTION,src/tracking/advanced_tracker.py:_activate_slot,5537_214_723_415_835
S,10,5537,DETECTION,src/tracking/advanced_tracker.py:_activate_slot,5537_111_297_319_395
S,7,5537,PREDICTION,src/tracking/advanced_tracker.py:kalman_homography,
S,8,5537,PREDICTION,src/tracking/advanced_tracker.py:kalman_homography,
S,4,5537,PREDICTION,src/tracking/advanced_tracker.py:flow_gapfill_batched,
D,0,5537
S,1,5537,PREDICTION,src/tracking/advanced_tracker.py:id_merge,
D,1,5537
S,2,5537,PREDICTION,src/tracking/advanced_tracker.py:id_merge,
D,4,5537
S,2,5537,PREDICTION,src/tracking/advanced_tracker.py:id_merge,
D,5,5537
S,6,5537,PREDICTION,src/tracking/advanced_tracker.py:id_merge,
D,7,5537
S,6,5537,PREDICTION,src/tracking/advanced_tracker.py:id_merge,
D,8,5537
S,6,5537,PREDICTION,src/tracking/advanced_tracker.py:id_merge,
D,6,5537
S,9,5537,PREDICTION,src/tracking/advanced_tracker.py:id_merge,
L,2,5537,PREDICTION,src/tracking/advanced_tracker.py:id_merge,
R,PREDICTION,PREDICTION,1
L,9,5537,PREDICTION,src/tracking/advanced_tracker.py:id_merge,
R,PREDICTION,PREDICTION,1
A,5537
S,0,5543,DETECTION,src/tracking/advanced_tracker.py:_activate_slot,5543_296_404_520_553
S,1,5543,DETECTION,src/tracking/advanced_tracker.py:_activate_slot,5543_242_1143_497_1257
S,2,5543,DETECTION,src/tracking/advanced_tracker.py:_activate_slot,5543_278_591_516_703
S,5,5543,DETECTION,src/tracking/advanced_tracker.py:_activate_slot,5543_129_1153_294_1243
S,6,5543,DETECTION,src/tracking/advanced_tracker.py:_activate_slot,5543_260_507_521_609
S,7,5543,DETECTION,src/tracking/advanced_tracker.py:_activate_slot,5543_153_821_469_903
S,10,5543,DETECTION,src/tracking/advanced_tracker.py:_activate_slot,5543_114_295_322_390
S,8,5543,PREDICTION,src/tracking/advanced_tracker.py:kalman_homography,
S,9,5543,PREDICTION,src/tracking/advanced_tracker.py:kalman_homography,
S,4,5543,PREDICTION,src/tracking/advanced_tracker.py:flow_gapfill_batched,
D,0,5543
S,1,5543,PREDICTION,src/tracking/advanced_tracker.py:id_merge,
D,1,5543
S,2,5543,PREDICTION,src/tracking/advanced_tracker.py:id_merge,
D,4,5543
S,2,5543,PREDICTION,src/tracking/advanced_tracker.py:id_merge,
D,5,5543
S,6,5543,PREDICTION,src/tracking/advanced_tracker.py:id_merge,
D,6,5543
S,7,5543,PREDICTION,src/tracking/advanced_tracker.py:id_merge,
D,8,5543
S,7,5543,PREDICTION,src/tracking/advanced_tracker.py:id_merge,
D,9,5543
S,7,5543,PREDICTION,src/tracking/advanced_tracker.py:id_merge,
L,2,5543,PREDICTION,src/tracking/advanced_tracker.py:id_merge,
R,PREDICTION,PREDICTION,1
L,7,5543,PREDICTION,src/tracking/advanced_tracker.py:id_merge,
R,PREDICTION,PREDICTION,1
A,5543
S,0,5549,DETECTION,src/tracking/advanced_tracker.py:_activate_slot,5549_307_430_524_555
S,1,5549,DETECTION,src/tracking/advanced_tracker.py:_activate_slot,5549_242_1143_498_1255
S,2,5549,DETECTION,src/tracking/advanced_tracker.py:_activate_slot,5549_262_586_515_708
S,5,5549,DETECTION,src/tracking/advanced_tracker.py:_activate_slot,5549_128_1151_295_1241
S,6,5549,DETECTION,src/tracking/advanced_tracker.py:_activate_slot,5549_265_502_521_621
S,10,5549,DETECTION,src/tracking/advanced_tracker.py:_activate_slot,5549_113_296_318_388
S,7,5549,PREDICTION,src/tracking/advanced_tracker.py:kalman_homography,
S,8,5549,PREDICTION,src/tracking/advanced_tracker.py:kalman_homography,
S,9,5549,PREDICTION,src/tracking/advanced_tracker.py:kalman_homography,
D,0,5549
S,1,5549,PREDICTION,src/tracking/advanced_tracker.py:id_merge,
D,1,5549
S,2,5549,PREDICTION,src/tracking/advanced_tracker.py:id_merge,
D,5,5549
S,6,5549,PREDICTION,src/tracking/advanced_tracker.py:id_merge,
D,7,5549
S,6,5549,PREDICTION,src/tracking/advanced_tracker.py:id_merge,
D,8,5549
S,6,5549,PREDICTION,src/tracking/advanced_tracker.py:id_merge,
D,9,5549
S,6,5549,PREDICTION,src/tracking/advanced_tracker.py:id_merge,
L,2,5549,PREDICTION,src/tracking/advanced_tracker.py:id_merge,
R,PREDICTION,PREDICTION,1
L,6,5549,PREDICTION,src/tracking/advanced_tracker.py:id_merge,
R,PREDICTION,PREDICTION,1
A,5549
S,0,5555,DETECTION,src/tracking/advanced_tracker.py:_activate_slot,5555_313_435_513_556
S,2,5555,DETECTION,src/tracking/advanced_tracker.py:_activate_slot,5555_273_582_516_700
S,4,5555,DETECTION,src/tracking/advanced_tracker.py:_activate_slot,5555_166_821_479_903
S,6,5555,DETECTION,src/tracking/advanced_tracker.py:_activate_slot,5555_275_495_527_620
S,8,5555,DETECTION,src/tracking/advanced_tracker.py:_activate_slot,5555_256_1143_499_1245
S,5,5555,DETECTION,src/tracking/advanced_tracker.py:_activate_slot,5555_130_1151_297_1241
S,10,5555,DETECTION,src/tracking/advanced_tracker.py:_activate_slot,5555_112_292_320_388
S,7,5555,PREDICTION,src/tracking/advanced_tracker.py:kalman_homography,
S,9,5555,PREDICTION,src/tracking/advanced_tracker.py:kalman_homography,
S,1,5555,PREDICTION,src/tracking/advanced_tracker.py:flow_gapfill_batched,
D,1,5555
S,0,5555,PREDICTION,src/tracking/advanced_tracker.py:id_merge,
D,0,5555
S,2,5555,PREDICTION,src/tracking/advanced_tracker.py:id_merge,
D,2,5555
S,4,5555,PREDICTION,src/tracking/advanced_tracker.py:id_merge,
D,5,5555
S,6,5555,PREDICTION,src/tracking/advanced_tracker.py:id_merge,
D,7,5555
S,6,5555,PREDICTION,src/tracking/advanced_tracker.py:id_merge,
D,6,5555
S,8,5555,PREDICTION,src/tracking/advanced_tracker.py:id_merge,
D,9,5555
S,8,5555,PREDICTION,src/tracking/advanced_tracker.py:id_merge,
L,4,5555,PREDICTION,src/tracking/advanced_tracker.py:id_merge,
R,PREDICTION,PREDICTION,1
L,8,5555,PREDICTION,src/tracking/advanced_tracker.py:id_merge,
R,PREDICTION,PREDICTION,1
A,5555
S,0,5561,DETECTION,src/tracking/advanced_tracker.py:_activate_slot,5561_316_434_516_566
S,1,5561,DETECTION,src/tracking/advanced_tracker.py:_activate_slot,5561_254_1141_496_1243
S,2,5561,DETECTION,src/tracking/advanced_tracker.py:_activate_slot,5561_273_578_520_696
S,4,5561,DETECTION,src/tracking/advanced_tracker.py:_activate_slot,5561_179_824_475_904
S,5,5561,DETECTION,src/tracking/advanced_tracker.py:_activate_slot,5561_130_1151_297_1241
S,6,5561,DETECTION,src/tracking/advanced_tracker.py:_activate_slot,5561_283_502_532_624
S,10,5561,DETECTION,src/tracking/advanced_tracker.py:_activate_slot,5561_115_272_324_382
S,7,5561,PREDICTION,src/tracking/advanced_tracker.py:kalman_homography,
S,8,5561,PREDICTION,src/tracking/advanced_tracker.py:kalman_homography,
S,9,5561,PREDICTION,src/tracking/advanced_tracker.py:kalman_homography,
D,0,5561
S,1,5561,PREDICTION,src/tracking/advanced_tracker.py:id_merge,
D,1,5561
S,2,5561,PREDICTION,src/tracking/advanced_tracker.py:id_merge,
D,2,5561
S,4,5561,PREDICTION,src/tracking/advanced_tracker.py:id_merge,
D,5,5561
S,6,5561,PREDICTION,src/tracking/advanced_tracker.py:id_merge,
D,7,5561
S,6,5561,PREDICTION,src/tracking/advanced_tracker.py:id_merge,
D,8,5561
S,6,5561,PREDICTION,src/tracking/advanced_tracker.py:id_merge,
L,4,5561,PREDICTION,src/tracking/advanced_tracker.py:id_merge,
R,PREDICTION,SUBPIXEL,0
L,6,5561,PREDICTION,src/tracking/advanced_tracker.py:id_merge,
R,PREDICTION,PREDICTION,1
L,9,5561,PREDICTION,src/tracking/advanced_tracker.py:kalman_homography,
R,PREDICTION,PREDICTION,1
A,5561
S,0,5567,DETECTION,src/tracking/advanced_tracker.py:_activate_slot,5567_292_433_528_618
S,1,5567,DETECTION,src/tracking/advanced_tracker.py:_activate_slot,5567_245_1137_497_1247
S,2,5567,DETECTION,src/tracking/advanced_tracker.py:_activate_slot,5567_272_569_520_685
S,5,5567,DETECTION,src/tracking/advanced_tracker.py:_activate_slot,5567_129_1153_299_1243
S,6,5567,DETECTION,src/tracking/advanced_tracker.py:_activate_slot,5567_176_824_473_906
S,10,5567,DETECTION,src/tracking/advanced_tracker.py:_activate_slot,5567_114_268_324_380
S,4,5567,PREDICTION,src/tracking/advanced_tracker.py:kalman_homography,
S,8,5567,PREDICTION,src/tracking/advanced_tracker.py:kalman_homography,
S,9,5567,PREDICTION,src/tracking/advanced_tracker.py:kalman_homography,
S,7,5567,PREDICTION,src/tracking/advanced_tracker.py:flow_gapfill_batched,
D,0,5567
S,1,5567,PREDICTION,src/tracking/advanced_tracker.py:id_merge,
D,1,5567
S,2,5567,PREDICTION,src/tracking/advanced_tracker.py:id_merge,
D,4,5567
S,2,5567,PREDICTION,src/tracking/advanced_tracker.py:id_merge,
D,5,5567
S,6,5567,PREDICTION,src/tracking/advanced_tracker.py:id_merge,
D,7,5567
S,6,5567,PREDICTION,src/tracking/advanced_tracker.py:id_merge,
D,8,5567
S,6,5567,PREDICTION,src/tracking/advanced_tracker.py:id_merge,
L,2,5567,PREDICTION,src/tracking/advanced_tracker.py:id_merge,
R,PREDICTION,PREDICTION,1
L,6,5567,PREDICTION,src/tracking/advanced_tracker.py:id_merge,
R,PREDICTION,PREDICTION,1
L,9,5567,PREDICTION,src/tracking/advanced_tracker.py:kalman_homography,
R,PREDICTION,PREDICTION,1
A,5567
S,0,5573,DETECTION,src/tracking/advanced_tracker.py:_activate_slot,5573_296_450_521_619
S,1,5573,DETECTION,src/tracking/advanced_tracker.py:_activate_slot,5573_255_1137_497_1257
S,2,5573,DETECTION,src/tracking/advanced_tracker.py:_activate_slot,5573_269_569_523_689
S,4,5573,DETECTION,src/tracking/advanced_tracker.py:_activate_slot,5573_181_823_475_907
S,5,5573,DETECTION,src/tracking/advanced_tracker.py:_activate_slot,5573_129_1149_301_1243
S,10,5573,DETECTION,src/tracking/advanced_tracker.py:_activate_slot,5573_116_273_323_377
S,3,5573,DETECTION,src/tracking/advanced_tracker.py:_activate_slot,5573_120_762_262_835
S,6,5573,PREDICTION,src/tracking/advanced_tracker.py:kalman_homography,
S,8,5573,PREDICTION,src/tracking/advanced_tracker.py:kalman_homography,
S,9,5573,PREDICTION,src/tracking/advanced_tracker.py:kalman_homography,
S,7,5573,PREDICTION,src/tracking/advanced_tracker.py:flow_gapfill_batched,
D,0,5573
S,1,5573,PREDICTION,src/tracking/advanced_tracker.py:id_merge,
D,1,5573
S,2,5573,PREDICTION,src/tracking/advanced_tracker.py:id_merge,
D,2,5573
S,3,5573,PREDICTION,src/tracking/advanced_tracker.py:id_merge,
D,3,5573
S,4,5573,PREDICTION,src/tracking/advanced_tracker.py:id_merge,
D,6,5573
S,5,5573,PREDICTION,src/tracking/advanced_tracker.py:id_merge,
D,7,5573
S,5,5573,PREDICTION,src/tracking/advanced_tracker.py:id_merge,
D,8,5573
S,5,5573,PREDICTION,src/tracking/advanced_tracker.py:id_merge,
L,4,5573,PREDICTION,src/tracking/advanced_tracker.py:id_merge,
R,PREDICTION,SUBPIXEL,0
L,5,5573,PREDICTION,src/tracking/advanced_tracker.py:id_merge,
R,PREDICTION,PREDICTION,1
L,9,5573,PREDICTION,src/tracking/advanced_tracker.py:kalman_homography,
R,PREDICTION,PREDICTION,1
A,5573
S,0,5579,DETECTION,src/tracking/advanced_tracker.py:_activate_slot,5579_306_454_526_619
S,2,5579,DETECTION,src/tracking/advanced_tracker.py:_activate_slot,5579_269_574_520_692
S,5,5579,DETECTION,src/tracking/advanced_tracker.py:_activate_slot,5579_130_1151_294_1241
S,6,5579,DETECTION,src/tracking/advanced_tracker.py:_activate_slot,5579_181_825_477_909
S,8,5579,DETECTION,src/tracking/advanced_tracker.py:_activate_slot,5579_242_1137_500_1259
S,9,5579,DETECTION,src/tracking/advanced_tracker.py:_activate_slot,5579_219_669_419_791
S,10,5579,DETECTION,src/tracking/advanced_tracker.py:_activate_slot,5579_118_271_323_376
S,1,5579,PREDICTION,src/tracking/advanced_tracker.py:kalman_homography,
S,3,5579,PREDICTION,src/tracking/advanced_tracker.py:kalman_homography,
S,4,5579,PREDICTION,src/tracking/advanced_tracker.py:kalman_homography,
S,7,5579,PREDICTION,src/tracking/advanced_tracker.py:flow_gapfill_batched,
D,1,5579
S,0,5579,PREDICTION,src/tracking/advanced_tracker.py:id_merge,
D,0,5579
S,2,5579,PREDICTION,src/tracking/advanced_tracker.py:id_merge,
D,3,5579
S,2,5579,PREDICTION,src/tracking/advanced_tracker.py:id_merge,
D,4,5579
S,2,5579,PREDICTION,src/tracking/advanced_tracker.py:id_merge,
D,5,5579
S,6,5579,PREDICTION,src/tracking/advanced_tracker.py:id_merge,
D,7,5579
S,6,5579,PREDICTION,src/tracking/advanced_tracker.py:id_merge,
D,6,5579
S,8,5579,PREDICTION,src/tracking/advanced_tracker.py:id_merge,
D,8,5579
S,9,5579,PREDICTION,src/tracking/advanced_tracker.py:id_merge,
L,2,5579,PREDICTION,src/tracking/advanced_tracker.py:id_merge,
R,PREDICTION,SUBPIXEL,0
L,9,5579,PREDICTION,src/tracking/advanced_tracker.py:id_merge,
R,PREDICTION,PREDICTION,1
A,5579
S,0,5585,DETECTION,src/tracking/advanced_tracker.py:_activate_slot,5585_286_451_523_622
S,2,5585,DETECTION,src/tracking/advanced_tracker.py:_activate_slot,5585_262_574_522_691
S,4,5585,DETECTION,src/tracking/advanced_tracker.py:_activate_slot,5585_170_829_484_914
S,5,5585,DETECTION,src/tracking/advanced_tracker.py:_activate_slot,5585_131_1152_296_1240
S,8,5585,DETECTION,src/tracking/advanced_tracker.py:_activate_slot,5585_253_1143_500_1251
S,9,5585,DETECTION,src/tracking/advanced_tracker.py:_activate_slot,5585_211_644_428_763
S,10,5585,DETECTION,src/tracking/advanced_tracker.py:_activate_slot,5585_116_268_322_375
S,1,5585,PREDICTION,src/tracking/advanced_tracker.py:kalman_homography,
S,3,5585,PREDICTION,src/tracking/advanced_tracker.py:kalman_homography,
S,6,5585,PREDICTION,src/tracking/advanced_tracker.py:kalman_homography,
S,7,5585,PREDICTION,src/tracking/advanced_tracker.py:flow_gapfill_batched,
D,1,5585
S,0,5585,PREDICTION,src/tracking/advanced_tracker.py:id_merge,
D,0,5585
S,2,5585,PREDICTION,src/tracking/advanced_tracker.py:id_merge,
D,3,5585
S,2,5585,PREDICTION,src/tracking/advanced_tracker.py:id_merge,
D,2,5585
S,4,5585,PREDICTION,src/tracking/advanced_tracker.py:id_merge,
D,6,5585
S,5,5585,PREDICTION,src/tracking/advanced_tracker.py:id_merge,
D,7,5585
S,5,5585,PREDICTION,src/tracking/advanced_tracker.py:id_merge,
D,5,5585
S,8,5585,PREDICTION,src/tracking/advanced_tracker.py:id_merge,
D,8,5585
S,9,5585,PREDICTION,src/tracking/advanced_tracker.py:id_merge,
L,4,5585,PREDICTION,src/tracking/advanced_tracker.py:id_merge,
R,PREDICTION,PREDICTION,1
L,9,5585,PREDICTION,src/tracking/advanced_tracker.py:id_merge,
R,PREDICTION,PREDICTION,1
A,5585
S,2,5591,DETECTION,src/tracking/advanced_tracker.py:_activate_slot,5591_263_571_531_693
S,4,5591,DETECTION,src/tracking/advanced_tracker.py:_activate_slot,5591_178_830_484_919
S,3,5591,DETECTION,src/tracking/advanced_tracker.py:_activate_slot,5591_121_763_257_835
S,5,5591,DETECTION,src/tracking/advanced_tracker.py:_activate_slot,5591_130_1151_293_1241
S,7,5591,DETECTION,src/tracking/advanced_tracker.py:_activate_slot,5591_282_450_525_622
S,8,5591,DETECTION,src/tracking/advanced_tracker.py:_activate_slot,5591_242_1143_497_1273
S,10,5591,DETECTION,src/tracking/advanced_tracker.py:_activate_slot,5591_115_266_324_375
S,0,5591,PREDICTION,src/tracking/advanced_tracker.py:kalman_homography,
S,1,5591,PREDICTION,src/tracking/advanced_tracker.py:kalman_homography,
S,6,5591,PREDICTION,src/tracking/advanced_tracker.py:kalman_homography,
S,9,5591,PREDICTION,src/tracking/advanced_tracker.py:kalman_homography,
D,1,5591
S,0,5591,PREDICTION,src/tracking/advanced_tracker.py:id_merge,
D,0,5591
S,2,5591,PREDICTION,src/tracking/advanced_tracker.py:id_merge,
D,2,5591
S,3,5591,PREDICTION,src/tracking/advanced_tracker.py:id_merge,
D,3,5591
S,4,5591,PREDICTION,src/tracking/advanced_tracker.py:id_merge,
D,6,5591
S,5,5591,PREDICTION,src/tracking/advanced_tracker.py:id_merge,
D,5,5591
S,7,5591,PREDICTION,src/tracking/advanced_tracker.py:id_merge,
D,7,5591
S,8,5591,PREDICTION,src/tracking/advanced_tracker.py:id_merge,
D,9,5591
S,8,5591,PREDICTION,src/tracking/advanced_tracker.py:id_merge,
L,4,5591,PREDICTION,src/tracking/advanced_tracker.py:id_merge,
R,PREDICTION,PREDICTION,1
L,8,5591,PREDICTION,src/tracking/advanced_tracker.py:id_merge,
R,PREDICTION,SUBPIXEL,0
A,5591
S,2,5597,DETECTION,src/tracking/advanced_tracker.py:_activate_slot,5597_269_586_521_692
S,4,5597,DETECTION,src/tracking/advanced_tracker.py:_activate_slot,5597_247_1143_496_1277
S,3,5597,DETECTION,src/tracking/advanced_tracker.py:_activate_slot,5597_120_763_257_835
S,5,5597,DETECTION,src/tracking/advanced_tracker.py:_activate_slot,5597_130_1151_292_1237
S,6,5597,DETECTION,src/tracking/advanced_tracker.py:_activate_slot,5597_177_836_480_924
S,7,5597,DETECTION,src/tracking/advanced_tracker.py:_activate_slot,5597_285_448_528_621
S,10,5597,DETECTION,src/tracking/advanced_tracker.py:_activate_slot,5597_113_265_324_374
S,0,5597,PREDICTION,src/tracking/advanced_tracker.py:kalman_homography,
S,1,5597,PREDICTION,src/tracking/advanced_tracker.py:kalman_homography,
S,8,5597,PREDICTION,src/tracking/advanced_tracker.py:kalman_homography,
S,9,5597,PREDICTION,src/tracking/advanced_tracker.py:kalman_homography,
D,1,5597
S,0,5597,PREDICTION,src/tracking/advanced_tracker.py:id_merge,
D,0,5597
S,2,5597,PREDICTION,src/tracking/advanced_tracker.py:id_merge,
D,2,5597
S,3,5597,PREDICTION,src/tracking/advanced_tracker.py:id_merge,
D,3,5597
S,4,5597,PREDICTION,src/tracking/advanced_tracker.py:id_merge,
D,5,5597
S,6,5597,PREDICTION,src/tracking/advanced_tracker.py:id_merge,
D,6,5597
S,7,5597,PREDICTION,src/tracking/advanced_tracker.py:id_merge,
D,8,5597
S,7,5597,PREDICTION,src/tracking/advanced_tracker.py:id_merge,
D,9,5597
S,7,5597,PREDICTION,src/tracking/advanced_tracker.py:id_merge,
L,4,5597,PREDICTION,src/tracking/advanced_tracker.py:id_merge,
R,PREDICTION,PREDICTION,1
L,7,5597,PREDICTION,src/tracking/advanced_tracker.py:id_merge,
R,PREDICTION,PREDICTION,1
A,5597
S,0,5603,DETECTION,src/tracking/advanced_tracker.py:_activate_slot,5603_174_843_479_933
S,1,5603,DETECTION,src/tracking/advanced_tracker.py:_activate_slot,5603_259_1143_497_1279
S,2,5603,DETECTION,src/tracking/advanced_tracker.py:_activate_slot,5603_272_592_509_732
S,3,5603,DETECTION,src/tracking/advanced_tracker.py:_activate_slot,5603_121_763_258_835
S,5,5603,DETECTION,src/tracking/advanced_tracker.py:_activate_slot,5603_131_1151_296_1237
S,10,5603,DETECTION,src/tracking/advanced_tracker.py:_activate_slot,5603_114_265_323_372
S,4,5603,PREDICTION,src/tracking/advanced_tracker.py:kalman_homography,
S,6,5603,PREDICTION,src/tracking/advanced_tracker.py:kalman_homography,
S,7,5603,PREDICTION,src/tracking/advanced_tracker.py:kalman_homography,
S,8,5603,PREDICTION,src/tracking/advanced_tracker.py:kalman_homography,
S,9,5603,PREDICTION,src/tracking/advanced_tracker.py:kalman_homography,
D,0,5603
S,1,5603,PREDICTION,src/tracking/advanced_tracker.py:id_merge,
D,1,5603
S,2,5603,PREDICTION,src/tracking/advanced_tracker.py:id_merge,
D,2,5603
S,3,5603,PREDICTION,src/tracking/advanced_tracker.py:id_merge,
D,4,5603
S,3,5603,PREDICTION,src/tracking/advanced_tracker.py:id_merge,
D,6,5603
S,5,5603,PREDICTION,src/tracking/advanced_tracker.py:id_merge,
D,7,5603
S,5,5603,PREDICTION,src/tracking/advanced_tracker.py:id_merge,
D,8,5603
S,5,5603,PREDICTION,src/tracking/advanced_tracker.py:id_merge,
D,9,5603
S,5,5603,PREDICTION,src/tracking/advanced_tracker.py:id_merge,
L,3,5603,PREDICTION,src/tracking/advanced_tracker.py:id_merge,
R,PREDICTION,PREDICTION,1
L,5,5603,PREDICTION,src/tracking/advanced_tracker.py:id_merge,
R,PREDICTION,SUBPIXEL,0
A,5603
S,0,5609,DETECTION,src/tracking/advanced_tracker.py:_activate_slot,5609_167_846_478_945
S,2,5609,DETECTION,src/tracking/advanced_tracker.py:_activate_slot,5609_268_601_513_719
S,4,5609,DETECTION,src/tracking/advanced_tracker.py:_activate_slot,5609_263_1144_498_1290
S,3,5609,DETECTION,src/tracking/advanced_tracker.py:_activate_slot,5609_121_763_257_835
S,5,5609,DETECTION,src/tracking/advanced_tracker.py:_activate_slot,5609_130_1151_297_1237
S,6,5609,DETECTION,src/tracking/advanced_tracker.py:_activate_slot,5609_136_1047_298_1131
S,9,5609,DETECTION,src/tracking/advanced_tracker.py:_activate_slot,5609_122_918_284_1007
S,10,5609,DETECTION,src/tracking/advanced_tracker.py:_activate_slot,5609_115_266_323_370
S,1,5609,PREDICTION,src/tracking/advanced_tracker.py:kalman_homography,
S,7,5609,PREDICTION,src/tracking/advanced_tracker.py:kalman_homography,
S,8,5609,PREDICTION,src/tracking/advanced_tracker.py:kalman_homography,
D,1,5609
S,0,5609,PREDICTION,src/tracking/advanced_tracker.py:id_merge,
D,0,5609
S,2,5609,PREDICTION,src/tracking/advanced_tracker.py:id_merge,
D,2,5609
S,3,5609,PREDICTION,src/tracking/advanced_tracker.py:id_merge,
D,3,5609
S,4,5609,PREDICTION,src/tracking/advanced_tracker.py:id_merge,
D,5,5609
S,6,5609,PREDICTION,src/tracking/advanced_tracker.py:id_merge,
D,7,5609
S,6,5609,PREDICTION,src/tracking/advanced_tracker.py:id_merge,
D,8,5609
S,6,5609,PREDICTION,src/tracking/advanced_tracker.py:id_merge,
D,6,5609
S,9,5609,PREDICTION,src/tracking/advanced_tracker.py:id_merge,
L,4,5609,PREDICTION,src/tracking/advanced_tracker.py:id_merge,
R,PREDICTION,SUBPIXEL,0
L,9,5609,PREDICTION,src/tracking/advanced_tracker.py:id_merge,
R,PREDICTION,PREDICTION,1
A,5609
S,0,5615,DETECTION,src/tracking/advanced_tracker.py:_activate_slot,5615_161_848_476_952
S,1,5615,DETECTION,src/tracking/advanced_tracker.py:_activate_slot,5615_242_1149_497_1291
S,2,5615,DETECTION,src/tracking/advanced_tracker.py:_activate_slot,5615_273_607_516_743
S,3,5615,DETECTION,src/tracking/advanced_tracker.py:_activate_slot,5615_191_600_338_691
S,5,5615,DETECTION,src/tracking/advanced_tracker.py:_activate_slot,5615_129_1150_294_1236
S,6,5615,DETECTION,src/tracking/advanced_tracker.py:_activate_slot,5615_127_1096_300_1184
S,10,5615,DETECTION,src/tracking/advanced_tracker.py:_activate_slot,5615_115_268_324_371
S,7,5615,PREDICTION,src/tracking/advanced_tracker.py:kalman_homography,
S,8,5615,PREDICTION,src/tracking/advanced_tracker.py:kalman_homography,
S,9,5615,PREDICTION,src/tracking/advanced_tracker.py:kalman_homography,
S,4,5615,PREDICTION,src/tracking/advanced_tracker.py:flow_gapfill_batched,
D,0,5615
S,1,5615,PREDICTION,src/tracking/advanced_tracker.py:id_merge,
D,1,5615
S,2,5615,PREDICTION,src/tracking/advanced_tracker.py:id_merge,
D,2,5615
S,3,5615,PREDICTION,src/tracking/advanced_tracker.py:id_merge,
D,4,5615
S,3,5615,PREDICTION,src/tracking/advanced_tracker.py:id_merge,
D,5,5615
S,6,5615,PREDICTION,src/tracking/advanced_tracker.py:id_merge,
D,7,5615
S,6,5615,PREDICTION,src/tracking/advanced_tracker.py:id_merge,
D,8,5615
S,6,5615,PREDICTION,src/tracking/advanced_tracker.py:id_merge,
D,9,5615
S,6,5615,PREDICTION,src/tracking/advanced_tracker.py:id_merge,
L,3,5615,PREDICTION,src/tracking/advanced_tracker.py:id_merge,
R,PREDICTION,PREDICTION,1
L,6,5615,PREDICTION,src/tracking/advanced_tracker.py:id_merge,
R,PREDICTION,PREDICTION,1
A,5615
S,0,5621,DETECTION,src/tracking/advanced_tracker.py:_activate_slot,5621_182_844_482_969
S,5,5621,DETECTION,src/tracking/advanced_tracker.py:_activate_slot,5621_129_1151_293_1237
S,6,5621,DETECTION,src/tracking/advanced_tracker.py:_activate_slot,5621_282_610_519_744
S,7,5621,DETECTION,src/tracking/advanced_tracker.py:_activate_slot,5621_246_467_528_631
S,8,5621,DETECTION,src/tracking/advanced_tracker.py:_activate_slot,5621_243_1151_499_1293
S,9,5621,DETECTION,src/tracking/advanced_tracker.py:_activate_slot,5621_187_600_352_696
S,10,5621,DETECTION,src/tracking/advanced_tracker.py:_activate_slot,5621_115_269_323_374
S,1,5621,PREDICTION,src/tracking/advanced_tracker.py:kalman_homography,
S,2,5621,PREDICTION,src/tracking/advanced_tracker.py:kalman_homography,
S,3,5621,PREDICTION,src/tracking/advanced_tracker.py:kalman_homography,
S,4,5621,PREDICTION,src/tracking/advanced_tracker.py:flow_gapfill_batched,
D,1,5621
S,0,5621,PREDICTION,src/tracking/advanced_tracker.py:id_merge,
D,2,5621
S,0,5621,PREDICTION,src/tracking/advanced_tracker.py:id_merge,
D,3,5621
S,0,5621,PREDICTION,src/tracking/advanced_tracker.py:id_merge,
D,4,5621
S,0,5621,PREDICTION,src/tracking/advanced_tracker.py:id_merge,
D,5,5621
S,6,5621,PREDICTION,src/tracking/advanced_tracker.py:id_merge,
D,6,5621
S,7,5621,PREDICTION,src/tracking/advanced_tracker.py:id_merge,
D,7,5621
S,8,5621,PREDICTION,src/tracking/advanced_tracker.py:id_merge,
D,8,5621
S,9,5621,PREDICTION,src/tracking/advanced_tracker.py:id_merge,
L,0,5621,PREDICTION,src/tracking/advanced_tracker.py:id_merge,
R,PREDICTION,PREDICTION,1
L,9,5621,PREDICTION,src/tracking/advanced_tracker.py:id_merge,
R,PREDICTION,PREDICTION,1
A,5621
S,3,5627,DETECTION,src/tracking/advanced_tracker.py:_activate_slot,5627_114_269_324_371
S,5,5627,DETECTION,src/tracking/advanced_tracker.py:_activate_slot,5627_130_1149_291_1239
S,6,5627,DETECTION,src/tracking/advanced_tracker.py:_activate_slot,5627_279_612_520_770
S,7,5627,DETECTION,src/tracking/advanced_tracker.py:_activate_slot,5627_252_443_505_597
S,8,5627,DETECTION,src/tracking/advanced_tracker.py:_activate_slot,5627_241_1179_501_1293
S,9,5627,DETECTION,src/tracking/advanced_tracker.py:_activate_slot,5627_223_828_486_986
S,0,5627,PREDICTION,src/tracking/advanced_tracker.py:kalman_homography,
S,1,5627,PREDICTION,src/tracking/advanced_tracker.py:kalman_homography,
S,2,5627,PREDICTION,src/tracking/advanced_tracker.py:kalman_homography,
S,10,5627,PREDICTION,src/tracking/advanced_tracker.py:kalman_homography,
S,4,5627,PREDICTION,src/tracking/advanced_tracker.py:flow_gapfill_batched,
D,1,5627
S,0,5627,PREDICTION,src/tracking/advanced_tracker.py:id_merge,
D,2,5627
S,0,5627,PREDICTION,src/tracking/advanced_tracker.py:id_merge,
D,0,5627
S,3,5627,PREDICTION,src/tracking/advanced_tracker.py:id_merge,
D,4,5627
S,3,5627,PREDICTION,src/tracking/advanced_tracker.py:id_merge,
D,5,5627
S,6,5627,PREDICTION,src/tracking/advanced_tracker.py:id_merge,
D,6,5627
S,7,5627,PREDICTION,src/tracking/advanced_tracker.py:id_merge,
D,7,5627
S,8,5627,PREDICTION,src/tracking/advanced_tracker.py:id_merge,
D,8,5627
S,9,5627,PREDICTION,src/tracking/advanced_tracker.py:id_merge,
L,3,5627,PREDICTION,src/tracking/advanced_tracker.py:id_merge,
R,PREDICTION,PREDICTION,1
L,9,5627,PREDICTION,src/tracking/advanced_tracker.py:id_merge,
R,PREDICTION,PREDICTION,1
A,5627
S,0,5633,DETECTION,src/tracking/advanced_tracker.py:_activate_slot,5633_238_888_473_1008
S,2,5633,DETECTION,src/tracking/advanced_tracker.py:_activate_slot,5633_204_616_360_725
S,3,5633,DETECTION,src/tracking/advanced_tracker.py:_activate_slot,5633_236_846_475_1006
S,5,5633,DETECTION,src/tracking/advanced_tracker.py:_activate_slot,5633_130_1150_291_1242
S,6,5633,DETECTION,src/tracking/advanced_tracker.py:_activate_slot,5633_279_622_521_792
S,7,5633,DETECTION,src/tracking/advanced_tracker.py:_activate_slot,5633_280_441_531_585
S,8,5633,DETECTION,src/tracking/advanced_tracker.py:_activate_slot,5633_242_1207_505_1295
S,9,5633,DETECTION,src/tracking/advanced_tracker.py:_activate_slot,5633_114_272_322_374
S,1,5633,PREDICTION,src/tracking/advanced_tracker.py:kalman_homography,
S,10,5633,PREDICTION,src/tracking/advanced_tracker.py:kalman_homography,
S,4,5633,PREDICTION,src/tracking/advanced_tracker.py:flow_gapfill_batched,
D,1,5633
S,0,5633,PREDICTION,src/tracking/advanced_tracker.py:id_merge,
D,0,5633
S,2,5633,PREDICTION,src/tracking/advanced_tracker.py:id_merge,
D,2,5633
S,3,5633,PREDICTION,src/tracking/advanced_tracker.py:id_merge,
D,4,5633
S,3,5633,PREDICTION,src/tracking/advanced_tracker.py:id_merge,
D,5,5633
S,6,5633,PREDICTION,src/tracking/advanced_tracker.py:id_merge,
D,6,5633
S,7,5633,PREDICTION,src/tracking/advanced_tracker.py:id_merge,
D,7,5633
S,8,5633,PREDICTION,src/tracking/advanced_tracker.py:id_merge,
D,8,5633
S,9,5633,PREDICTION,src/tracking/advanced_tracker.py:id_merge,
L,3,5633,PREDICTION,src/tracking/advanced_tracker.py:id_merge,
R,PREDICTION,PREDICTION,1
L,9,5633,PREDICTION,src/tracking/advanced_tracker.py:id_merge,
R,PREDICTION,PREDICTION,1
A,5633
S,4,5639,DETECTION,src/tracking/advanced_tracker.py:_activate_slot,5639_256_893_476_1035
S,5,5639,DETECTION,src/tracking/advanced_tracker.py:_activate_slot,5639_128_1153_291_1247
S,6,5639,DETECTION,src/tracking/advanced_tracker.py:_activate_slot,5639_270_657_519_781
S,7,5639,DETECTION,src/tracking/advanced_tracker.py:_activate_slot,5639_275_444_527_603
S,8,5639,DETECTION,src/tracking/advanced_tracker.py:_activate_slot,5639_246_1217_501_1295
S,9,5639,DETECTION,src/tracking/advanced_tracker.py:_activate_slot,5639_113_273_322_372
S,0,5639,PREDICTION,src/tracking/advanced_tracker.py:kalman_homography,
S,1,5639,PREDICTION,src/tracking/advanced_tracker.py:kalman_homography,
S,2,5639,PREDICTION,src/tracking/advanced_tracker.py:kalman_homography,
S,3,5639,PREDICTION,src/tracking/advanced_tracker.py:kalman_homography,
S,10,5639,PREDICTION,src/tracking/advanced_tracker.py:kalman_homography,
D,1,5639
S,0,5639,PREDICTION,src/tracking/advanced_tracker.py:id_merge,
D,0,5639
S,2,5639,PREDICTION,src/tracking/advanced_tracker.py:id_merge,
D,2,5639
S,3,5639,PREDICTION,src/tracking/advanced_tracker.py:id_merge,
D,3,5639
S,4,5639,PREDICTION,src/tracking/advanced_tracker.py:id_merge,
D,5,5639
S,6,5639,PREDICTION,src/tracking/advanced_tracker.py:id_merge,
D,6,5639
S,7,5639,PREDICTION,src/tracking/advanced_tracker.py:id_merge,
D,7,5639
S,8,5639,PREDICTION,src/tracking/advanced_tracker.py:id_merge,
D,8,5639
S,9,5639,PREDICTION,src/tracking/advanced_tracker.py:id_merge,
L,4,5639,PREDICTION,src/tracking/advanced_tracker.py:id_merge,
R,PREDICTION,PREDICTION,1
L,9,5639,PREDICTION,src/tracking/advanced_tracker.py:id_merge,
R,PREDICTION,PREDICTION,1
A,5639
S,0,5645,DETECTION,src/tracking/advanced_tracker.py:_activate_slot,5645_280_551_524_674
S,3,5645,DETECTION,src/tracking/advanced_tracker.py:_activate_slot,5645_265_460_523_619
S,5,5645,DETECTION,src/tracking/advanced_tracker.py:_activate_slot,5645_128_1157_292_1247
S,6,5645,DETECTION,src/tracking/advanced_tracker.py:_activate_slot,5645_275_688_527_796
S,7,5645,DETECTION,src/tracking/advanced_tracker.py:_activate_slot,5645_260_900_471_1076
S,8,5645,DETECTION,src/tracking/advanced_tracker.py:_activate_slot,5645_245_1221_497_1295
S,9,5645,DETECTION,src/tracking/advanced_tracker.py:_activate_slot,5645_115_280_319_371
S,1,5645,PREDICTION,src/tracking/advanced_tracker.py:kalman_homography,
S,2,5645,PREDICTION,src/tracking/advanced_tracker.py:kalman_homography,
S,4,5645,PREDICTION,src/tracking/advanced_tracker.py:kalman_homography,
S,10,5645,PREDICTION,src/tracking/advanced_tracker.py:kalman_homography,
D,1,5645
S,0,5645,PREDICTION,src/tracking/advanced_tracker.py:id_merge,
D,2,5645
S,0,5645,PREDICTION,src/tracking/advanced_tracker.py:id_merge,
D,0,5645
S,3,5645,PREDICTION,src/tracking/advanced_tracker.py:id_merge,
D,4,5645
S,3,5645,PREDICTION,src/tracking/advanced_tracker.py:id_merge,
D,5,5645
S,6,5645,PREDICTION,src/tracking/advanced_tracker.py:id_merge,
D,6,5645
S,7,5645,PREDICTION,src/tracking/advanced_tracker.py:id_merge,
D,7,5645
S,8,5645,PREDICTION,src/tracking/advanced_tracker.py:id_merge,
D,8,5645
S,9,5645,PREDICTION,src/tracking/advanced_tracker.py:id_merge,
L,3,5645,PREDICTION,src/tracking/advanced_tracker.py:id_merge,
R,PREDICTION,PREDICTION,1
L,9,5645,PREDICTION,src/tracking/advanced_tracker.py:id_merge,
R,PREDICTION,PREDICTION,1
A,5645
S,0,5651,DETECTION,src/tracking/advanced_tracker.py:_activate_slot,5651_268_495_508_622
S,2,5651,DETECTION,src/tracking/advanced_tracker.py:_activate_slot,5651_291_567_524_721
S,3,5651,DETECTION,src/tracking/advanced_tracker.py:_activate_slot,5651_222_449_469_570
S,4,5651,DETECTION,src/tracking/advanced_tracker.py:_activate_slot,5651_305_715_533_811
S,5,5651,DETECTION,src/tracking/advanced_tracker.py:_activate_slot,5651_126_1158_288_1252
S,7,5651,DETECTION,src/tracking/advanced_tracker.py:_activate_slot,5651_264_935_467_1125
S,9,5651,DETECTION,src/tracking/advanced_tracker.py:_activate_slot,5651_455_810_675_925
S,8,5651,DETECTION,src/tracking/advanced_tracker.py:_activate_slot,5651_249_1229_495_1295
S,1,5651,PREDICTION,src/tracking/advanced_tracker.py:kalman_homography,
S,6,5651,PREDICTION,src/tracking/advanced_tracker.py:kalman_homography,
S,10,5651,PREDICTION,src/tracking/advanced_tracker.py:kalman_homography,
D,1,5651
S,0,5651,PREDICTION,src/tracking/advanced_tracker.py:id_merge,
D,0,5651
S,2,5651,PREDICTION,src/tracking/advanced_tracker.py:id_merge,
D,2,5651
S,3,5651,PREDICTION,src/tracking/advanced_tracker.py:id_merge,
D,3,5651
S,4,5651,PREDICTION,src/tracking/advanced_tracker.py:id_merge,
D,6,5651
S,5,5651,PREDICTION,src/tracking/advanced_tracker.py:id_merge,
D,5,5651
S,7,5651,PREDICTION,src/tracking/advanced_tracker.py:id_merge,
D,7,5651
S,8,5651,PREDICTION,src/tracking/advanced_tracker.py:id_merge,
D,8,5651
S,9,5651,PREDICTION,src/tracking/advanced_tracker.py:id_merge,
L,4,5651,PREDICTION,src/tracking/advanced_tracker.py:id_merge,
R,PREDICTION,PREDICTION,1
L,9,5651,PREDICTION,src/tracking/advanced_tracker.py:id_merge,
R,PREDICTION,PREDICTION,1
A,5651
S,0,5657,DETECTION,src/tracking/advanced_tracker.py:_activate_slot,5657_256_1001_466_1167
S,2,5657,DETECTION,src/tracking/advanced_tracker.py:_activate_slot,5657_293_590_528_716
S,5,5657,DETECTION,src/tracking/advanced_tracker.py:_activate_slot,5657_119_1163_293_1257
S,6,5657,DETECTION,src/tracking/advanced_tracker.py:_activate_slot,5657_321_719_533_841
S,7,5657,DETECTION,src/tracking/advanced_tracker.py:_activate_slot,5657_279_522_505_641
S,8,5657,DETECTION,src/tracking/advanced_tracker.py:_activate_slot,5657_126_1101_304_1195
S,9,5657,DETECTION,src/tracking/advanced_tracker.py:_activate_slot,5657_457_819_675_937
S,10,5657,DETECTION,src/tracking/advanced_tracker.py:_activate_slot,5657_113_291_318_387
S,1,5657,PREDICTION,src/tracking/advanced_tracker.py:kalman_homography,
S,3,5657,PREDICTION,src/tracking/advanced_tracker.py:kalman_homography,
S,4,5657,PREDICTION,src/tracking/advanced_tracker.py:kalman_homography,
D,1,5657
S,0,5657,PREDICTION,src/tracking/advanced_tracker.py:id_merge,
D,0,5657
S,2,5657,PREDICTION,src/tracking/advanced_tracker.py:id_merge,
D,3,5657
S,2,5657,PREDICTION,src/tracking/advanced_tracker.py:id_merge,
D,4,5657
S,2,5657,PREDICTION,src/tracking/advanced_tracker.py:id_merge,
D,5,5657
S,6,5657,PREDICTION,src/tracking/advanced_tracker.py:id_merge,
D,6,5657
S,7,5657,PREDICTION,src/tracking/advanced_tracker.py:id_merge,
D,7,5657
S,8,5657,PREDICTION,src/tracking/advanced_tracker.py:id_merge,
D,8,5657
S,9,5657,PREDICTION,src/tracking/advanced_tracker.py:id_merge,
L,2,5657,PREDICTION,src/tracking/advanced_tracker.py:id_merge,
R,PREDICTION,PREDICTION,1
L,9,5657,PREDICTION,src/tracking/advanced_tracker.py:id_merge,
R,PREDICTION,PREDICTION,1
A,5657
S,0,5663,DETECTION,src/tracking/advanced_tracker.py:_activate_slot,5663_242_1035_476_1205
S,1,5663,DETECTION,src/tracking/advanced_tracker.py:_activate_slot,5663_214_1229_409_1295
S,2,5663,DETECTION,src/tracking/advanced_tracker.py:_activate_slot,5663_311_592_534_751
S,3,5663,DETECTION,src/tracking/advanced_tracker.py:_activate_slot,5663_273_440_492_575
S,4,5663,DETECTION,src/tracking/advanced_tracker.py:_activate_slot,5663_284_528_510_659
S,5,5663,DETECTION,src/tracking/advanced_tracker.py:_activate_slot,5663_123_1173_290_1263
S,6,5663,DETECTION,src/tracking/advanced_tracker.py:_activate_slot,5663_337_729_537_897
S,8,5663,DETECTION,src/tracking/advanced_tracker.py:_activate_slot,5663_124_1111_292_1205
S,10,5663,DETECTION,src/tracking/advanced_tracker.py:_activate_slot,5663_114_296_326_392
S,7,5663,PREDICTION,src/tracking/advanced_tracker.py:kalman_homography,
D,0,5663
S,1,5663,PREDICTION,src/tracking/advanced_tracker.py:id_merge,
D,1,5663
S,2,5663,PREDICTION,src/tracking/advanced_tracker.py:id_merge,
D,2,5663
S,3,5663,PREDICTION,src/tracking/advanced_tracker.py:id_merge,
D,3,5663
S,4,5663,PREDICTION,src/tracking/advanced_tracker.py:id_merge,
D,5,5663
S,6,5663,PREDICTION,src/tracking/advanced_tracker.py:id_merge,
D,7,5663
S,6,5663,PREDICTION,src/tracking/advanced_tracker.py:id_merge,
D,6,5663
S,8,5663,PREDICTION,src/tracking/advanced_tracker.py:id_merge,
L,4,5663,PREDICTION,src/tracking/advanced_tracker.py:id_merge,
R,PREDICTION,PREDICTION,1
L,8,5663,PREDICTION,src/tracking/advanced_tracker.py:id_merge,
R,PREDICTION,PREDICTION,1
A,5663
S,0,5669,DETECTION,src/tracking/advanced_tracker.py:_activate_slot,5669_255_1063_512_1237
S,3,5669,DETECTION,src/tracking/advanced_tracker.py:_activate_slot,5669_458_858_675_980
S,4,5669,DETECTION,src/tracking/advanced_tracker.py:_activate_slot,5669_358_769_534_924
S,5,5669,DETECTION,src/tracking/advanced_tracker.py:_activate_slot,5669_212_1204_406_1294
S,6,5669,DETECTION,src/tracking/advanced_tracker.py:_activate_slot,5669_570_-15_674_55
S,7,5669,DETECTION,src/tracking/advanced_tracker.py:_activate_slot,5669_285_538_511_695
S,8,5669,DETECTION,src/tracking/advanced_tracker.py:_activate_slot,5669_228_416_500_567
S,10,5669,DETECTION,src/tracking/advanced_tracker.py:_activate_slot,5669_109_304_327_403
S,1,5669,PREDICTION,src/tracking/advanced_tracker.py:kalman_homography,
S,2,5669,PREDICTION,src/tracking/advanced_tracker.py:kalman_homography,
D,1,5669
S,0,5669,PREDICTION,src/tracking/advanced_tracker.py:id_merge,
D,2,5669
S,0,5669,PREDICTION,src/tracking/advanced_tracker.py:id_merge,
D,0,5669
S,3,5669,PREDICTION,src/tracking/advanced_tracker.py:id_merge,
D,3,5669
S,4,5669,PREDICTION,src/tracking/advanced_tracker.py:id_merge,
D,5,5669
S,6,5669,PREDICTION,src/tracking/advanced_tracker.py:id_merge,
D,6,5669
S,7,5669,PREDICTION,src/tracking/advanced_tracker.py:id_merge,
D,7,5669
S,8,5669,PREDICTION,src/tracking/advanced_tracker.py:id_merge,
L,4,5669,PREDICTION,src/tracking/advanced_tracker.py:id_merge,
R,PREDICTION,PREDICTION,1
L,8,5669,PREDICTION,src/tracking/advanced_tracker.py:id_merge,
R,PREDICTION,PREDICTION,1
A,5669
S,1,5675,DETECTION,src/tracking/advanced_tracker.py:_activate_slot,5675_243_1149_517_1273
S,2,5675,DETECTION,src/tracking/advanced_tracker.py:_activate_slot,5675_200_797_427_919
S,3,5675,DETECTION,src/tracking/advanced_tracker.py:_activate_slot,5675_361_828_670_1000
S,4,5675,DETECTION,src/tracking/advanced_tracker.py:_activate_slot,5675_298_443_493_584
S,7,5675,DETECTION,src/tracking/advanced_tracker.py:_activate_slot,5675_297_555_506_721
S,10,5675,DETECTION,src/tracking/advanced_tracker.py:_activate_slot,5675_112_310_319_404
S,5,5675,PREDICTION,src/tracking/advanced_tracker.py:kalman_homography,
S,8,5675,PREDICTION,src/tracking/advanced_tracker.py:kalman_homography,
S,0,5675,PREDICTION,src/tracking/advanced_tracker.py:flow_gapfill_batched,
D,0,5675
S,1,5675,PREDICTION,src/tracking/advanced_tracker.py:id_merge,
D,1,5675
S,2,5675,PREDICTION,src/tracking/advanced_tracker.py:id_merge,
D,2,5675
S,3,5675,PREDICTION,src/tracking/advanced_tracker.py:id_merge,
D,3,5675
S,4,5675,PREDICTION,src/tracking/advanced_tracker.py:id_merge,
D,5,5675
S,7,5675,PREDICTION,src/tracking/advanced_tracker.py:id_merge,
D,8,5675
S,7,5675,PREDICTION,src/tracking/advanced_tracker.py:id_merge,
L,4,5675,PREDICTION,src/tracking/advanced_tracker.py:id_merge,
R,PREDICTION,PREDICTION,1
L,7,5675,PREDICTION,src/tracking/advanced_tracker.py:id_merge,
R,PREDICTION,PREDICTION,1
A,5675
S,0,5681,DETECTION,src/tracking/advanced_tracker.py:_activate_slot,5681_567_-15_674_70
S,1,5681,DETECTION,src/tracking/advanced_tracker.py:_activate_slot,5681_222_1157_517_1295
S,2,5681,DETECTION,src/tracking/advanced_tracker.py:_activate_slot,5681_353_854_542_1012
S,3,5681,DETECTION,src/tracking/advanced_tracker.py:_activate_slot,5681_465_913_675_1021
S,4,5681,DETECTION,src/tracking/advanced_tracker.py:_activate_slot,5681_302_459_505_604
S,6,5681,DETECTION,src/tracking/advanced_tracker.py:_activate_slot,5681_194_818_426_967
S,7,5681,DETECTION,src/tracking/advanced_tracker.py:_activate_slot,5681_302_602_513_765
S,10,5681,DETECTION,src/tracking/advanced_tracker.py:_activate_slot,5681_110_318_321_409
S,5,5681,PREDICTION,src/tracking/advanced_tracker.py:kalman_homography,
S,8,5681,PREDICTION,src/tracking/advanced_tracker.py:kalman_homography,
D,0,5681
S,1,5681,PREDICTION,src/tracking/advanced_tracker.py:id_merge,
D,1,5681
S,2,5681,PREDICTION,src/tracking/advanced_tracker.py:id_merge,
D,2,5681
S,3,5681,PREDICTION,src/tracking/advanced_tracker.py:id_merge,
D,3,5681
S,4,5681,PREDICTION,src/tracking/advanced_tracker.py:id_merge,
D,5,5681
S,6,5681,PREDICTION,src/tracking/advanced_tracker.py:id_merge,
D,6,5681
S,7,5681,PREDICTION,src/tracking/advanced_tracker.py:id_merge,
D,8,5681
S,7,5681,PREDICTION,src/tracking/advanced_tracker.py:id_merge,
L,4,5681,PREDICTION,src/tracking/advanced_tracker.py:id_merge,
R,PREDICTION,PREDICTION,1
L,7,5681,PREDICTION,src/tracking/advanced_tracker.py:id_merge,
R,PREDICTION,PREDICTION,1
A,5681
S,0,5687,DETECTION,src/tracking/advanced_tracker.py:_activate_slot,5687_564_-15_674_79
S,2,5687,DETECTION,src/tracking/advanced_tracker.py:_activate_slot,5687_195_736_531_1003
S,3,5687,DETECTION,src/tracking/advanced_tracker.py:_activate_slot,5687_350_890_675_1062
S,4,5687,DETECTION,src/tracking/advanced_tracker.py:_activate_slot,5687_299_476_531_625
S,1,5687,DETECTION,src/tracking/advanced_tracker.py:_activate_slot,5687_325_1193_511_1295
S,5,5687,DETECTION,src/tracking/advanced_tracker.py:_activate_slot,5687_205_1131_407_1259
S,7,5687,DETECTION,src/tracking/advanced_tracker.py:_activate_slot,5687_295_639_519_809
S,6,5687,PREDICTION,src/tracking/advanced_tracker.py:kalman_homography,
S,10,5687,PREDICTION,src/tracking/advanced_tracker.py:kalman_homography,
S,8,5687,PREDICTION,src/tracking/advanced_tracker.py:flow_gapfill_batched,
S,9,5687,PREDICTION,src/tracking/advanced_tracker.py:flow_gapfill_batched,
D,0,5687
S,1,5687,PREDICTION,src/tracking/advanced_tracker.py:id_merge,
D,1,5687
S,2,5687,PREDICTION,src/tracking/advanced_tracker.py:id_merge,
D,2,5687
S,3,5687,PREDICTION,src/tracking/advanced_tracker.py:id_merge,
D,3,5687
S,4,5687,PREDICTION,src/tracking/advanced_tracker.py:id_merge,
D,6,5687
S,5,5687,PREDICTION,src/tracking/advanced_tracker.py:id_merge,
D,5,5687
S,7,5687,PREDICTION,src/tracking/advanced_tracker.py:id_merge,
D,8,5687
S,7,5687,PREDICTION,src/tracking/advanced_tracker.py:id_merge,
D,9,5687
S,7,5687,PREDICTION,src/tracking/advanced_tracker.py:id_merge,
L,4,5687,PREDICTION,src/tracking/advanced_tracker.py:id_merge,
R,PREDICTION,PREDICTION,1
L,7,5687,PREDICTION,src/tracking/advanced_tracker.py:id_merge,
R,PREDICTION,PREDICTION,1
A,5687
S,2,5693,DETECTION,src/tracking/advanced_tracker.py:_activate_slot,5693_328_786_535_963
S,3,5693,DETECTION,src/tracking/advanced_tracker.py:_activate_slot,5693_371_960_672_1111
S,4,5693,DETECTION,src/tracking/advanced_tracker.py:_activate_slot,5693_320_521_522_645
S,6,5693,DETECTION,src/tracking/advanced_tracker.py:_activate_slot,5693_205_953_437_1044
S,7,5693,DETECTION,src/tracking/advanced_tracker.py:_activate_slot,5693_305_657_521_844
S,8,5693,DETECTION,src/tracking/advanced_tracker.py:_activate_slot,5693_563_-15_675_85
S,5,5693,DETECTION,src/tracking/advanced_tracker.py:_activate_slot,5693_209_1092_398_1186
S,1,5693,PREDICTION,src/tracking/advanced_tracker.py:kalman_homography,
S,10,5693,PREDICTION,src/tracking/advanced_tracker.py:kalman_homography,
S,0,5693,PREDICTION,src/tracking/advanced_tracker.py:flow_gapfill_batched,
D,0,5693
S,1,5693,PREDICTION,src/tracking/advanced_tracker.py:id_merge,
D,1,5693
S,2,5693,PREDICTION,src/tracking/advanced_tracker.py:id_merge,
D,2,5693
S,3,5693,PREDICTION,src/tracking/advanced_tracker.py:id_merge,
D,3,5693
S,4,5693,PREDICTION,src/tracking/advanced_tracker.py:id_merge,
D,5,5693
S,6,5693,PREDICTION,src/tracking/advanced_tracker.py:id_merge,
D,6,5693
S,7,5693,PREDICTION,src/tracking/advanced_tracker.py:id_merge,
D,7,5693
S,8,5693,PREDICTION,src/tracking/advanced_tracker.py:id_merge,
L,4,5693,PREDICTION,src/tracking/advanced_tracker.py:id_merge,
R,PREDICTION,PREDICTION,1
L,8,5693,PREDICTION,src/tracking/advanced_tracker.py:id_merge,
R,PREDICTION,PREDICTION,1
A,5693
S,2,5699,DETECTION,src/tracking/advanced_tracker.py:_activate_slot,5699_294_705_534_897
S,3,5699,DETECTION,src/tracking/advanced_tracker.py:_activate_slot,5699_376_986_675_1164
S,4,5699,DETECTION,src/tracking/advanced_tracker.py:_activate_slot,5699_325_528_532_680
S,1,5699,PREDICTION,src/tracking/advanced_tracker.py:kalman_homography,
S,5,5699,PREDICTION,src/tracking/advanced_tracker.py:kalman_homography,
S,6,5699,PREDICTION,src/tracking/advanced_tracker.py:kalman_homography,
S,7,5699,PREDICTION,src/tracking/advanced_tracker.py:kalman_homography,
S,10,5699,PREDICTION,src/tracking/advanced_tracker.py:kalman_homography,
D,1,5699
S,2,5699,PREDICTION,src/tracking/advanced_tracker.py:id_merge,
D,2,5699
S,3,5699,PREDICTION,src/tracking/advanced_tracker.py:id_merge,
D,3,5699
S,4,5699,PREDICTION,src/tracking/advanced_tracker.py:id_merge,
D,5,5699
S,6,5699,PREDICTION,src/tracking/advanced_tracker.py:id_merge,
D,6,5699
S,7,5699,PREDICTION,src/tracking/advanced_tracker.py:id_merge,
L,4,5699,PREDICTION,src/tracking/advanced_tracker.py:id_merge,
R,PREDICTION,PREDICTION,1
L,7,5699,PREDICTION,src/tracking/advanced_tracker.py:id_merge,
R,PREDICTION,PREDICTION,1
A,5699
