S,0,6266,DETECTION,src/tracking/advanced_tracker.py:_activate_slot,6266_262_147_437_253
S,1,6266,DETECTION,src/tracking/advanced_tracker.py:_activate_slot,6266_178_388_347_481
S,2,6266,DETECTION,src/tracking/advanced_tracker.py:_activate_slot,6266_136_704_276_791
S,3,6266,DETECTION,src/tracking/advanced_tracker.py:_activate_slot,6266_390_472_554_564
S,4,6266,DETECTION,src/tracking/advanced_tracker.py:_activate_slot,6266_179_803_391_869
D,2,6266
S,4,6266,PREDICTION,src/tracking/advanced_tracker.py:id_merge,
L,0,6266,DETECTION,src/tracking/advanced_tracker.py:_activate_slot,6266_262_147_437_253
R,DETECTION,DETECTION,1
L,1,6266,DETECTION,src/tracking/advanced_tracker.py:_activate_slot,6266_178_388_347_481
R,DETECTION,DETECTION,1
L,3,6266,DETECTION,src/tracking/advanced_tracker.py:_activate_slot,6266_390_472_554_564
R,DETECTION,DETECTION,1
L,4,6266,PREDICTION,src/tracking/advanced_tracker.py:id_merge,
R,PREDICTION,PREDICTION,1
A,6266
S,0,6272,DETECTION,src/tracking/advanced_tracker.py:_activate_slot,6272_263_151_438_247
S,1,6272,DETECTION,src/tracking/advanced_tracker.py:_activate_slot,6272_177_380_345_477
S,2,6272,DETECTION,src/tracking/advanced_tracker.py:_activate_slot,6272_137_702_275_789
S,3,6272,DETECTION,src/tracking/advanced_tracker.py:_activate_slot,6272_392_471_555_562
S,4,6272,DETECTION,src/tracking/advanced_tracker.py:_activate_slot,6272_179_795_393_867
S,5,6272,DETECTION,src/tracking/advanced_tracker.py:_activate_slot,6272_474_618_553_703
D,2,6272
S,4,6272,PREDICTION,src/tracking/advanced_tracker.py:id_merge,
L,0,6272,DETECTION,src/tracking/advanced_tracker.py:_activate_slot,6272_263_151_438_247
R,DETECTION,DETECTION,1
L,1,6272,DETECTION,src/tracking/advanced_tracker.py:_activate_slot,6272_177_380_345_477
R,DETECTION,DETECTION,1
L,3,6272,DETECTION,src/tracking/advanced_tracker.py:_activate_slot,6272_392_471_555_562
R,DETECTION,DETECTION,1
L,4,6272,PREDICTION,src/tracking/advanced_tracker.py:id_merge,
R,PREDICTION,PREDICTION,1
L,5,6272,DETECTION,src/tracking/advanced_tracker.py:_activate_slot,6272_474_618_553_703
R,DETECTION,DETECTION,1
A,6272
S,0,6278,DETECTION,src/tracking/advanced_tracker.py:_activate_slot,6278_297_631_478_705
S,2,6278,DETECTION,src/tracking/advanced_tracker.py:_activate_slot,6278_254_668_418_739
S,3,6278,DETECTION,src/tracking/advanced_tracker.py:_activate_slot,6278_180_789_395_864
S,5,6278,DETECTION,src/tracking/advanced_tracker.py:_activate_slot,6278_140_702_275_787
S,6,6278,DETECTION,src/tracking/advanced_tracker.py:_activate_slot,6278_177_377_345_474
S,7,6278,DETECTION,src/tracking/advanced_tracker.py:_activate_slot,6278_260_148_438_232
S,8,6278,DETECTION,src/tracking/advanced_tracker.py:_activate_slot,6278_393_468_553_560
S,9,6278,DETECTION,src/tracking/advanced_tracker.py:_activate_slot,6278_338_834_510_924
S,1,6278,PREDICTION,src/tracking/advanced_tracker.py:kalman_homography,
S,4,6278,PREDICTION,src/tracking/advanced_tracker.py:kalman_homography,
D,1,6278
S,0,6278,PREDICTION,src/tracking/advanced_tracker.py:id_merge,
D,4,6278
S,3,6278,PREDICTION,src/tracking/advanced_tracker.py:id_merge,
L,0,6278,PREDICTION,src/tracking/advanced_tracker.py:id_merge,
R,PREDICTION,PREDICTION,1
L,2,6278,DETECTION,src/tracking/advanced_tracker.py:_activate_slot,6278_254_668_418_739
R,DETECTION,DETECTION,1
L,3,6278,PREDICTION,src/tracking/advanced_tracker.py:id_merge,
R,CLAMP,CLAMP,0
L,5,6278,DETECTION,src/tracking/advanced_tracker.py:_activate_slot,6278_140_702_275_787
R,CLAMP,CLAMP,0
L,6,6278,DETECTION,src/tracking/advanced_tracker.py:_activate_slot,6278_177_377_345_474
R,DETECTION,DETECTION,1
L,7,6278,DETECTION,src/tracking/advanced_tracker.py:_activate_slot,6278_260_148_438_232
R,DETECTION,DETECTION,1
L,8,6278,DETECTION,src/tracking/advanced_tracker.py:_activate_slot,6278_393_468_553_560
R,DETECTION,DETECTION,1
L,9,6278,DETECTION,src/tracking/advanced_tracker.py:_activate_slot,6278_338_834_510_924
R,DETECTION,DETECTION,1
A,6278
S,3,6284,DETECTION,src/tracking/advanced_tracker.py:_activate_slot,6284_394_466_553_557
S,4,6284,DETECTION,src/tracking/advanced_tracker.py:_activate_slot,6284_179_788_395_859
S,5,6284,DETECTION,src/tracking/advanced_tracker.py:_activate_slot,6284_143_710_279_787
S,6,6284,DETECTION,src/tracking/advanced_tracker.py:_activate_slot,6284_178_374_339_471
S,8,6284,DETECTION,src/tracking/advanced_tracker.py:_activate_slot,6284_341_818_508_915
S,0,6284,PREDICTION,src/tracking/advanced_tracker.py:kalman_homography,
S,1,6284,PREDICTION,src/tracking/advanced_tracker.py:kalman_homography,
S,2,6284,PREDICTION,src/tracking/advanced_tracker.py:kalman_homography,
S,7,6284,PREDICTION,src/tracking/advanced_tracker.py:kalman_homography,
S,9,6284,PREDICTION,src/tracking/advanced_tracker.py:kalman_homography,
D,0,6284
S,4,6284,PREDICTION,src/tracking/advanced_tracker.py:id_merge,
D,9,6284
S,8,6284,PREDICTION,src/tracking/advanced_tracker.py:id_merge,
L,1,6284,PREDICTION,src/tracking/advanced_tracker.py:kalman_homography,
R,PREDICTION,PREDICTION,1
L,2,6284,PREDICTION,src/tracking/advanced_tracker.py:kalman_homography,
R,PREDICTION,PREDICTION,1
L,3,6284,DETECTION,src/tracking/advanced_tracker.py:_activate_slot,6284_394_466_553_557
R,DETECTION,DETECTION,1
L,4,6284,PREDICTION,src/tracking/advanced_tracker.py:id_merge,
R,PREDICTION,PREDICTION,1
L,5,6284,DETECTION,src/tracking/advanced_tracker.py:_activate_slot,6284_143_710_279_787
R,CLAMP,CLAMP,0
L,6,6284,DETECTION,src/tracking/advanced_tracker.py:_activate_slot,6284_178_374_339_471
R,DETECTION,DETECTION,1
L,7,6284,PREDICTION,src/tracking/advanced_tracker.py:kalman_homography,
R,PREDICTION,PREDICTION,1
L,8,6284,PREDICTION,src/tracking/advanced_tracker.py:id_merge,
R,PREDICTION,PREDICTION,1
A,6284
S,3,6290,DETECTION,src/tracking/advanced_tracker.py:_activate_slot,6290_80_434_232_547
S,4,6290,DETECTION,src/tracking/advanced_tracker.py:_activate_slot,6290_179_781_396_854
S,6,6290,DETECTION,src/tracking/advanced_tracker.py:_activate_slot,6290_183_367_340_470
S,1,6290,PREDICTION,src/tracking/advanced_tracker.py:kalman_homography,
S,2,6290,PREDICTION,src/tracking/advanced_tracker.py:kalman_homography,
S,5,6290,PREDICTION,src/tracking/advanced_tracker.py:kalman_homography,
S,7,6290,PREDICTION,src/tracking/advanced_tracker.py:kalman_homography,
S,9,6290,PREDICTION,src/tracking/advanced_tracker.py:kalman_homography,
S,0,6290,PREDICTION,src/tracking/advanced_tracker.py:flow_gapfill_batched,
S,8,6290,PREDICTION,src/tracking/advanced_tracker.py:flow_gapfill_batched,
D,1,6290
S,0,6290,PREDICTION,src/tracking/advanced_tracker.py:id_merge,
D,8,6290
S,6,6290,PREDICTION,src/tracking/advanced_tracker.py:id_merge,
L,0,6290,PREDICTION,src/tracking/advanced_tracker.py:id_merge,
R,PREDICTION,PREDICTION,1
L,2,6290,PREDICTION,src/tracking/advanced_tracker.py:kalman_homography,
R,CLAMP,CLAMP,0
L,3,6290,DETECTION,src/tracking/advanced_tracker.py:_activate_slot,6290_80_434_232_547
R,CLAMP,CLAMP,0
L,4,6290,DETECTION,src/tracking/advanced_tracker.py:_activate_slot,6290_179_781_396_854
R,DETECTION,DETECTION,1
L,5,6290,PREDICTION,src/tracking/advanced_tracker.py:kalman_homography,
R,CLAMP,CLAMP,0
L,6,6290,PREDICTION,src/tracking/advanced_tracker.py:id_merge,
R,PREDICTION,PREDICTION,1
L,7,6290,PREDICTION,src/tracking/advanced_tracker.py:kalman_homography,
R,PREDICTION,SUBPIXEL,0
L,9,6290,PREDICTION,src/tracking/advanced_tracker.py:kalman_homography,
R,PREDICTION,PREDICTION,1
A,6290
S,4,6296,DETECTION,src/tracking/advanced_tracker.py:_activate_slot,6296_184_775_395_853
S,6,6296,DETECTION,src/tracking/advanced_tracker.py:_activate_slot,6296_192_355_338_472
S,1,6296,PREDICTION,src/tracking/advanced_tracker.py:kalman_homography,
S,3,6296,PREDICTION,src/tracking/advanced_tracker.py:kalman_homography,
S,5,6296,PREDICTION,src/tracking/advanced_tracker.py:kalman_homography,
S,7,6296,PREDICTION,src/tracking/advanced_tracker.py:kalman_homography,
S,9,6296,PREDICTION,src/tracking/advanced_tracker.py:kalman_homography,
S,0,6296,PREDICTION,src/tracking/advanced_tracker.py:flow_gapfill_batched,
S,2,6296,PREDICTION,src/tracking/advanced_tracker.py:flow_gapfill_batched,
S,8,6296,PREDICTION,src/tracking/advanced_tracker.py:flow_gapfill_batched,
D,1,6296
S,0,6296,PREDICTION,src/tracking/advanced_tracker.py:id_merge,
D,2,6296
S,3,6296,PREDICTION,src/tracking/advanced_tracker.py:id_merge,
D,8,6296
S,6,6296,PREDICTION,src/tracking/advanced_tracker.py:id_merge,
L,0,6296,PREDICTION,src/tracking/advanced_tracker.py:id_merge,
R,PREDICTION,PREDICTION,1
L,3,6296,PREDICTION,src/tracking/advanced_tracker.py:id_merge,
R,CLAMP,CLAMP,0
L,4,6296,DETECTION,src/tracking/advanced_tracker.py:_activate_slot,6296_184_775_395_853
R,DETECTION,DETECTION,1
L,5,6296,PREDICTION,src/tracking/advanced_tracker.py:kalman_homography,
R,CLAMP,CLAMP,0
L,6,6296,PREDICTION,src/tracking/advanced_tracker.py:id_merge,
R,PREDICTION,PREDICTION,1
L,7,6296,PREDICTION,src/tracking/advanced_tracker.py:kalman_homography,
R,PREDICTION,SUBPIXEL,0
L,9,6296,PREDICTION,src/tracking/advanced_tracker.py:kalman_homography,
R,PREDICTION,SUBPIXEL,0
A,6296
S,4,6302,DETECTION,src/tracking/advanced_tracker.py:_activate_slot,6302_186_772_387_848
S,6,6302,DETECTION,src/tracking/advanced_tracker.py:_activate_slot,6302_195_345_343_467
S,1,6302,PREDICTION,src/tracking/advanced_tracker.py:kalman_homography,
S,3,6302,PREDICTION,src/tracking/advanced_tracker.py:kalman_homography,
S,5,6302,PREDICTION,src/tracking/advanced_tracker.py:kalman_homography,
S,7,6302,PREDICTION,src/tracking/advanced_tracker.py:kalman_homography,
S,9,6302,PREDICTION,src/tracking/advanced_tracker.py:kalman_homography,
S,0,6302,PREDICTION,src/tracking/advanced_tracker.py:flow_gapfill_batched,
S,2,6302,PREDICTION,src/tracking/advanced_tracker.py:flow_gapfill_batched,
S,8,6302,PREDICTION,src/tracking/advanced_tracker.py:flow_gapfill_batched,
D,1,6302
S,0,6302,PREDICTION,src/tracking/advanced_tracker.py:id_merge,
D,3,6302
S,4,6302,PREDICTION,src/tracking/advanced_tracker.py:id_merge,
D,8,6302
S,6,6302,PREDICTION,src/tracking/advanced_tracker.py:id_merge,
L,0,6302,PREDICTION,src/tracking/advanced_tracker.py:id_merge,
R,PREDICTION,PREDICTION,1
L,2,6302,PREDICTION,src/tracking/advanced_tracker.py:flow_gapfill_batched,
R,PREDICTION,PREDICTION,1
L,4,6302,PREDICTION,src/tracking/advanced_tracker.py:id_merge,
R,PREDICTION,PREDICTION,1
L,5,6302,PREDICTION,src/tracking/advanced_tracker.py:kalman_homography,
R,CLAMP,CLAMP,0
L,6,6302,PREDICTION,src/tracking/advanced_tracker.py:id_merge,
R,PREDICTION,PREDICTION,1
L,7,6302,PREDICTION,src/tracking/advanced_tracker.py:kalman_homography,
R,PREDICTION,SUBPIXEL,0
L,9,6302,PREDICTION,src/tracking/advanced_tracker.py:kalman_homography,
R,PREDICTION,SUBPIXEL,0
A,6302
S,4,6308,DETECTION,src/tracking/advanced_tracker.py:_activate_slot,6308_194_771_380_843
S,6,6308,DETECTION,src/tracking/advanced_tracker.py:_activate_slot,6308_89_342_211_448
S,1,6308,PREDICTION,src/tracking/advanced_tracker.py:kalman_homography,
S,3,6308,PREDICTION,src/tracking/advanced_tracker.py:kalman_homography,
S,5,6308,PREDICTION,src/tracking/advanced_tracker.py:kalman_homography,
S,7,6308,PREDICTION,src/tracking/advanced_tracker.py:kalman_homography,
S,9,6308,PREDICTION,src/tracking/advanced_tracker.py:kalman_homography,
S,0,6308,PREDICTION,src/tracking/advanced_tracker.py:flow_gapfill_batched,
S,2,6308,PREDICTION,src/tracking/advanced_tracker.py:flow_gapfill_batched,
S,8,6308,PREDICTION,src/tracking/advanced_tracker.py:flow_gapfill_batched,
D,1,6308
S,0,6308,PREDICTION,src/tracking/advanced_tracker.py:id_merge,
D,3,6308
S,4,6308,PREDICTION,src/tracking/advanced_tracker.py:id_merge,
D,9,6308
S,8,6308,PREDICTION,src/tracking/advanced_tracker.py:id_merge,
L,0,6308,PREDICTION,src/tracking/advanced_tracker.py:id_merge,
R,PREDICTION,PREDICTION,1
L,2,6308,PREDICTION,src/tracking/advanced_tracker.py:flow_gapfill_batched,
R,PREDICTION,PREDICTION,1
L,4,6308,PREDICTION,src/tracking/advanced_tracker.py:id_merge,
R,PREDICTION,PREDICTION,1
L,5,6308,PREDICTION,src/tracking/advanced_tracker.py:kalman_homography,
R,CLAMP,CLAMP,0
L,6,6308,DETECTION,src/tracking/advanced_tracker.py:_activate_slot,6308_89_342_211_448
R,DETECTION,DETECTION,1
L,7,6308,PREDICTION,src/tracking/advanced_tracker.py:kalman_homography,
R,PREDICTION,SUBPIXEL,0
L,8,6308,PREDICTION,src/tracking/advanced_tracker.py:id_merge,
R,PREDICTION,PREDICTION,1
A,6308
S,4,6314,DETECTION,src/tracking/advanced_tracker.py:_activate_slot,6314_198_768_383_840
S,1,6314,PREDICTION,src/tracking/advanced_tracker.py:kalman_homography,
S,5,6314,PREDICTION,src/tracking/advanced_tracker.py:kalman_homography,
S,6,6314,PREDICTION,src/tracking/advanced_tracker.py:kalman_homography,
S,7,6314,PREDICTION,src/tracking/advanced_tracker.py:kalman_homography,
S,9,6314,PREDICTION,src/tracking/advanced_tracker.py:kalman_homography,
S,0,6314,PREDICTION,src/tracking/advanced_tracker.py:flow_gapfill_batched,
S,2,6314,PREDICTION,src/tracking/advanced_tracker.py:flow_gapfill_batched,
S,3,6314,PREDICTION,src/tracking/advanced_tracker.py:flow_gapfill_batched,
S,8,6314,PREDICTION,src/tracking/advanced_tracker.py:flow_gapfill_batched,
D,2,6314
S,3,6314,PREDICTION,src/tracking/advanced_tracker.py:id_merge,
D,9,6314
S,8,6314,PREDICTION,src/tracking/advanced_tracker.py:id_merge,
L,0,6314,PREDICTION,src/tracking/advanced_tracker.py:flow_gapfill_batched,
R,PREDICTION,PREDICTION,1
L,1,6314,PREDICTION,src/tracking/advanced_tracker.py:kalman_homography,
R,PREDICTION,PREDICTION,1
L,3,6314,PREDICTION,src/tracking/advanced_tracker.py:id_merge,
R,CLAMP,CLAMP,0
L,4,6314,DETECTION,src/tracking/advanced_tracker.py:_activate_slot,6314_198_768_383_840
R,DETECTION,DETECTION,1
L,5,6314,PREDICTION,src/tracking/advanced_tracker.py:kalman_homography,
R,CLAMP,CLAMP,0
L,6,6314,PREDICTION,src/tracking/advanced_tracker.py:kalman_homography,
R,PREDICTION,PREDICTION,1
L,7,6314,PREDICTION,src/tracking/advanced_tracker.py:kalman_homography,
R,PREDICTION,SUBPIXEL,0
L,8,6314,PREDICTION,src/tracking/advanced_tracker.py:id_merge,
R,PREDICTION,PREDICTION,1
A,6314
S,4,6320,DETECTION,src/tracking/advanced_tracker.py:_activate_slot,6320_199_768_372_840
S,6,6320,PREDICTION,src/tracking/advanced_tracker.py:kalman_homography,
S,7,6320,PREDICTION,src/tracking/advanced_tracker.py:kalman_homography,
S,9,6320,PREDICTION,src/tracking/advanced_tracker.py:kalman_homography,
S,0,6320,PREDICTION,src/tracking/advanced_tracker.py:flow_gapfill_batched,
S,1,6320,PREDICTION,src/tracking/advanced_tracker.py:flow_gapfill_batched,
S,2,6320,PREDICTION,src/tracking/advanced_tracker.py:flow_gapfill_batched,
S,3,6320,PREDICTION,src/tracking/advanced_tracker.py:flow_gapfill_batched,
S,5,6320,PREDICTION,src/tracking/advanced_tracker.py:flow_gapfill_batched,
S,8,6320,PREDICTION,src/tracking/advanced_tracker.py:flow_gapfill_batched,
D,1,6320
S,2,6320,PREDICTION,src/tracking/advanced_tracker.py:id_merge,
D,2,6320
S,3,6320,PREDICTION,src/tracking/advanced_tracker.py:id_merge,
D,9,6320
S,8,6320,PREDICTION,src/tracking/advanced_tracker.py:id_merge,
L,0,6320,PREDICTION,src/tracking/advanced_tracker.py:flow_gapfill_batched,
R,PREDICTION,PREDICTION,1
L,3,6320,PREDICTION,src/tracking/advanced_tracker.py:id_merge,
R,CLAMP,CLAMP,0
L,4,6320,DETECTION,src/tracking/advanced_tracker.py:_activate_slot,6320_199_768_372_840
R,DETECTION,DETECTION,1
L,5,6320,PREDICTION,src/tracking/advanced_tracker.py:flow_gapfill_batched,
R,CLAMP,CLAMP,0
L,6,6320,PREDICTION,src/tracking/advanced_tracker.py:kalman_homography,
R,PREDICTION,PREDICTION,1
L,7,6320,PREDICTION,src/tracking/advanced_tracker.py:kalman_homography,
R,PREDICTION,SUBPIXEL,0
L,8,6320,PREDICTION,src/tracking/advanced_tracker.py:id_merge,
R,PREDICTION,PREDICTION,1
A,6320
S,4,6326,DETECTION,src/tracking/advanced_tracker.py:_activate_slot,6326_201_767_354_842
S,6,6326,PREDICTION,src/tracking/advanced_tracker.py:kalman_homography,
S,0,6326,PREDICTION,src/tracking/advanced_tracker.py:flow_gapfill_batched,
S,2,6326,PREDICTION,src/tracking/advanced_tracker.py:flow_gapfill_batched,
S,3,6326,PREDICTION,src/tracking/advanced_tracker.py:flow_gapfill_batched,
S,5,6326,PREDICTION,src/tracking/advanced_tracker.py:flow_gapfill_batched,
S,7,6326,PREDICTION,src/tracking/advanced_tracker.py:flow_gapfill_batched,
S,8,6326,PREDICTION,src/tracking/advanced_tracker.py:flow_gapfill_batched,
S,9,6326,PREDICTION,src/tracking/advanced_tracker.py:flow_gapfill_batched,
D,2,6326
S,3,6326,PREDICTION,src/tracking/advanced_tracker.py:id_merge,
D,9,6326
S,8,6326,PREDICTION,src/tracking/advanced_tracker.py:id_merge,
L,0,6326,PREDICTION,src/tracking/advanced_tracker.py:flow_gapfill_batched,
R,PREDICTION,PREDICTION,1
L,3,6326,PREDICTION,src/tracking/advanced_tracker.py:id_merge,
R,CLAMP,CLAMP,0
L,4,6326,DETECTION,src/tracking/advanced_tracker.py:_activate_slot,6326_201_767_354_842
R,DETECTION,DETECTION,1
L,5,6326,PREDICTION,src/tracking/advanced_tracker.py:flow_gapfill_batched,
R,CLAMP,CLAMP,0
L,6,6326,PREDICTION,src/tracking/advanced_tracker.py:kalman_homography,
R,PREDICTION,PREDICTION,1
L,7,6326,PREDICTION,src/tracking/advanced_tracker.py:flow_gapfill_batched,
R,PREDICTION,PREDICTION,1
L,8,6326,PREDICTION,src/tracking/advanced_tracker.py:id_merge,
R,PREDICTION,PREDICTION,1
A,6326
S,4,6332,PREDICTION,src/tracking/advanced_tracker.py:kalman_homography,
S,6,6332,PREDICTION,src/tracking/advanced_tracker.py:kalman_homography,
S,3,6332,PREDICTION,src/tracking/advanced_tracker.py:flow_gapfill_batched,
S,5,6332,PREDICTION,src/tracking/advanced_tracker.py:flow_gapfill_batched,
S,8,6332,PREDICTION,src/tracking/advanced_tracker.py:flow_gapfill_batched,
L,3,6332,PREDICTION,src/tracking/advanced_tracker.py:flow_gapfill_batched,
R,CLAMP,CLAMP,0
L,4,6332,PREDICTION,src/tracking/advanced_tracker.py:kalman_homography,
R,PREDICTION,PREDICTION,1
L,5,6332,PREDICTION,src/tracking/advanced_tracker.py:flow_gapfill_batched,
R,CLAMP,CLAMP,0
L,6,6332,PREDICTION,src/tracking/advanced_tracker.py:kalman_homography,
R,PREDICTION,PREDICTION,1
L,8,6332,PREDICTION,src/tracking/advanced_tracker.py:flow_gapfill_batched,
R,PREDICTION,PREDICTION,1
A,6332
S,4,6338,PREDICTION,src/tracking/advanced_tracker.py:kalman_homography,
S,6,6338,PREDICTION,src/tracking/advanced_tracker.py:kalman_homography,
S,3,6338,PREDICTION,src/tracking/advanced_tracker.py:flow_gapfill_batched,
L,3,6338,PREDICTION,src/tracking/advanced_tracker.py:flow_gapfill_batched,
R,CLAMP,CLAMP,0
L,4,6338,PREDICTION,src/tracking/advanced_tracker.py:kalman_homography,
R,PREDICTION,PREDICTION,1
L,6,6338,PREDICTION,src/tracking/advanced_tracker.py:kalman_homography,
R,PREDICTION,PREDICTION,1
A,6338
S,4,6344,DETECTION,src/tracking/advanced_tracker.py:_activate_slot,6344_225_765_405_841
S,9,6344,DETECTION,src/tracking/advanced_tracker.py:_activate_slot,6344_343_840_513_922
S,6,6344,PREDICTION,src/tracking/advanced_tracker.py:kalman_homography,
L,4,6344,DETECTION,src/tracking/advanced_tracker.py:_activate_slot,6344_225_765_405_841
R,DETECTION,DETECTION,1
L,6,6344,PREDICTION,src/tracking/advanced_tracker.py:kalman_homography,
R,PREDICTION,PREDICTION,1
L,9,6344,DETECTION,src/tracking/advanced_tracker.py:_activate_slot,6344_343_840_513_922
R,DETECTION,DETECTION,1
A,6344
S,4,6350,DETECTION,src/tracking/advanced_tracker.py:_activate_slot,6350_240_765_407_845
S,9,6350,DETECTION,src/tracking/advanced_tracker.py:_activate_slot,6350_340_853_513_939
S,6,6350,PREDICTION,src/tracking/advanced_tracker.py:flow_gapfill_batched,
D,6,6350
S,9,6350,PREDICTION,src/tracking/advanced_tracker.py:id_merge,
L,4,6350,DETECTION,src/tracking/advanced_tracker.py:_activate_slot,6350_240_765_407_845
R,DETECTION,DETECTION,1
L,9,6350,PREDICTION,src/tracking/advanced_tracker.py:id_merge,
R,PREDICTION,PREDICTION,1
A,6350
S,4,6356,DETECTION,src/tracking/advanced_tracker.py:_activate_slot,6356_248_771_410_855
S,9,6356,PREDICTION,src/tracking/advanced_tracker.py:kalman_homography,
S,6,6356,PREDICTION,src/tracking/advanced_tracker.py:flow_gapfill_batched,
L,4,6356,DETECTION,src/tracking/advanced_tracker.py:_activate_slot,6356_248_771_410_855
R,DETECTION,DETECTION,1
L,6,6356,PREDICTION,src/tracking/advanced_tracker.py:flow_gapfill_batched,
R,PREDICTION,PREDICTION,1
L,9,6356,PREDICTION,src/tracking/advanced_tracker.py:kalman_homography,
R,PREDICTION,PREDICTION,1
A,6356
S,4,6362,DETECTION,src/tracking/advanced_tracker.py:_activate_slot,6362_245_776_416_873
S,1,6362,DETECTION,src/tracking/advanced_tracker.py:_activate_slot,6362_265_570_424_656
S,9,6362,PREDICTION,src/tracking/advanced_tracker.py:kalman_homography,
L,1,6362,DETECTION,src/tracking/advanced_tracker.py:_activate_slot,6362_265_570_424_656
R,DETECTION,DETECTION,1
L,4,6362,DETECTION,src/tracking/advanced_tracker.py:_activate_slot,6362_245_776_416_873
R,DETECTION,DETECTION,1
L,9,6362,PREDICTION,src/tracking/advanced_tracker.py:kalman_homography,
R,PREDICTION,PREDICTION,1
A,6362
S,1,6368,DETECTION,src/tracking/advanced_tracker.py:_activate_slot,6368_266_566_446_658
S,4,6368,DETECTION,src/tracking/advanced_tracker.py:_activate_slot,6368_198_791_419_893
S,0,6368,DETECTION,src/tracking/advanced_tracker.py:_activate_slot,6368_393_506_551_594
S,2,6368,DETECTION,src/tracking/advanced_tracker.py:_activate_slot,6368_47_243_210_333
S,7,6368,DETECTION,src/tracking/advanced_tracker.py:_activate_slot,6368_221_112_380_204
S,9,6368,PREDICTION,src/tracking/advanced_tracker.py:kalman_homography,
L,0,6368,DETECTION,src/tracking/advanced_tracker.py:_activate_slot,6368_393_506_551_594
R,CLAMP,CLAMP,0
L,1,6368,DETECTION,src/tracking/advanced_tracker.py:_activate_slot,6368_266_566_446_658
R,DETECTION,DETECTION,1
L,2,6368,DETECTION,src/tracking/advanced_tracker.py:_activate_slot,6368_47_243_210_333
R,DETECTION,DETECTION,1
L,4,6368,DETECTION,src/tracking/advanced_tracker.py:_activate_slot,6368_198_791_419_893
R,DETECTION,DETECTION,1
L,7,6368,DETECTION,src/tracking/advanced_tracker.py:_activate_slot,6368_221_112_380_204
R,DETECTION,DETECTION,1
L,9,6368,PREDICTION,src/tracking/advanced_tracker.py:kalman_homography,
R,PREDICTION,PREDICTION,1
A,6368
S,0,6374,DETECTION,src/tracking/advanced_tracker.py:_activate_slot,6374_393_515_551_603
S,1,6374,DETECTION,src/tracking/advanced_tracker.py:_activate_slot,6374_271_566_456_665
S,2,6374,DETECTION,src/tracking/advanced_tracker.py:_activate_slot,6374_50_251_208_341
S,4,6374,DETECTION,src/tracking/advanced_tracker.py:_activate_slot,6374_194_797_423_905
S,5,6374,DETECTION,src/tracking/advanced_tracker.py:_activate_slot,6374_191_309_351_454
S,8,6374,DETECTION,src/tracking/advanced_tracker.py:_activate_slot,6374_221_124_372_216
S,7,6374,PREDICTION,src/tracking/advanced_tracker.py:kalman_homography,
S,9,6374,PREDICTION,src/tracking/advanced_tracker.py:kalman_homography,
D,7,6374
S,8,6374,PREDICTION,src/tracking/advanced_tracker.py:id_merge,
L,0,6374,DETECTION,src/tracking/advanced_tracker.py:_activate_slot,6374_393_515_551_603
R,CLAMP,CLAMP,0
L,1,6374,DETECTION,src/tracking/advanced_tracker.py:_activate_slot,6374_271_566_456_665
R,DETECTION,DETECTION,1
L,2,6374,DETECTION,src/tracking/advanced_tracker.py:_activate_slot,6374_50_251_208_341
R,DETECTION,DETECTION,1
L,4,6374,DETECTION,src/tracking/advanced_tracker.py:_activate_slot,6374_194_797_423_905
R,DETECTION,DETECTION,1
L,5,6374,DETECTION,src/tracking/advanced_tracker.py:_activate_slot,6374_191_309_351_454
R,CLAMP,CLAMP,0
L,8,6374,PREDICTION,src/tracking/advanced_tracker.py:id_merge,
R,PREDICTION,PREDICTION,1
L,9,6374,PREDICTION,src/tracking/advanced_tracker.py:kalman_homography,
R,PREDICTION,PREDICTION,1
A,6374
S,1,6380,DETECTION,src/tracking/advanced_tracker.py:_activate_slot,6380_273_573_455_673
S,2,6380,DETECTION,src/tracking/advanced_tracker.py:_activate_slot,6380_50_256_210_348
S,4,6380,DETECTION,src/tracking/advanced_tracker.py:_activate_slot,6380_397_522_548_610
S,5,6380,DETECTION,src/tracking/advanced_tracker.py:_activate_slot,6380_192_327_339_440
S,8,6380,DETECTION,src/tracking/advanced_tracker.py:_activate_slot,6380_227_133_382_226
S,3,6380,DETECTION,src/tracking/advanced_tracker.py:_activate_slot,6380_196_803_422_919
S,0,6380,PREDICTION,src/tracking/advanced_tracker.py:kalman_homography,
S,7,6380,PREDICTION,src/tracking/advanced_tracker.py:kalman_homography,
S,9,6380,PREDICTION,src/tracking/advanced_tracker.py:kalman_homography,
D,7,6380
S,8,6380,PREDICTION,src/tracking/advanced_tracker.py:id_merge,
L,0,6380,PREDICTION,src/tracking/advanced_tracker.py:kalman_homography,
R,CLAMP,CLAMP,0
L,1,6380,DETECTION,src/tracking/advanced_tracker.py:_activate_slot,6380_273_573_455_673
R,DETECTION,DETECTION,1
L,2,6380,DETECTION,src/tracking/advanced_tracker.py:_activate_slot,6380_50_256_210_348
R,DETECTION,DETECTION,1
L,3,6380,DETECTION,src/tracking/advanced_tracker.py:_activate_slot,6380_196_803_422_919
R,CLAMP,CLAMP,0
L,4,6380,DETECTION,src/tracking/advanced_tracker.py:_activate_slot,6380_397_522_548_610
R,CLAMP,CLAMP,0
L,5,6380,DETECTION,src/tracking/advanced_tracker.py:_activate_slot,6380_192_327_339_440
R,CLAMP,CLAMP,0
L,8,6380,PREDICTION,src/tracking/advanced_tracker.py:id_merge,
R,PREDICTION,PREDICTION,1
L,9,6380,PREDICTION,src/tracking/advanced_tracker.py:kalman_homography,
R,PREDICTION,PREDICTION,1
A,6380
S,1,6386,DETECTION,src/tracking/advanced_tracker.py:_activate_slot,6386_275_580_457_676
S,2,6386,DETECTION,src/tracking/advanced_tracker.py:_activate_slot,6386_50_259_211_352
S,3,6386,DETECTION,src/tracking/advanced_tracker.py:_activate_slot,6386_193_811_426_927
S,4,6386,DETECTION,src/tracking/advanced_tracker.py:_activate_slot,6386_391_527_551_614
S,0,6386,DETECTION,src/tracking/advanced_tracker.py:_activate_slot,6386_336_547_497_638
S,5,6386,DETECTION,src/tracking/advanced_tracker.py:_activate_slot,6386_191_348_331_445
S,8,6386,DETECTION,src/tracking/advanced_tracker.py:_activate_slot,6386_238_137_406_242
S,7,6386,PREDICTION,src/tracking/advanced_tracker.py:kalman_homography,
S,9,6386,PREDICTION,src/tracking/advanced_tracker.py:kalman_homography,
D,7,6386
S,8,6386,PREDICTION,src/tracking/advanced_tracker.py:id_merge,
L,0,6386,DETECTION,src/tracking/advanced_tracker.py:_activate_slot,6386_336_547_497_638
R,DETECTION,DETECTION,1
L,1,6386,DETECTION,src/tracking/advanced_tracker.py:_activate_slot,6386_275_580_457_676
R,DETECTION,DETECTION,1
L,2,6386,DETECTION,src/tracking/advanced_tracker.py:_activate_slot,6386_50_259_211_352
R,DETECTION,DETECTION,1
L,3,6386,DETECTION,src/tracking/advanced_tracker.py:_activate_slot,6386_193_811_426_927
R,CLAMP,CLAMP,0
L,4,6386,DETECTION,src/tracking/advanced_tracker.py:_activate_slot,6386_391_527_551_614
R,CLAMP,CLAMP,0
L,5,6386,DETECTION,src/tracking/advanced_tracker.py:_activate_slot,6386_191_348_331_445
R,CLAMP,CLAMP,0
L,8,6386,PREDICTION,src/tracking/advanced_tracker.py:id_merge,
R,PREDICTION,PREDICTION,1
L,9,6386,PREDICTION,src/tracking/advanced_tracker.py:kalman_homography,
R,PREDICTION,PREDICTION,1
A,6386
S,1,6392,DETECTION,src/tracking/advanced_tracker.py:_activate_slot,6392_279_580_455_668
S,2,6392,DETECTION,src/tracking/advanced_tracker.py:_activate_slot,6392_190_825_339_897
S,4,6392,DETECTION,src/tracking/advanced_tracker.py:_activate_slot,6392_45_102_202_170
S,8,6392,DETECTION,src/tracking/advanced_tracker.py:_activate_slot,6392_244_145_413_238
S,0,6392,PREDICTION,src/tracking/advanced_tracker.py:kalman_homography,
S,3,6392,PREDICTION,src/tracking/advanced_tracker.py:kalman_homography,
S,5,6392,PREDICTION,src/tracking/advanced_tracker.py:kalman_homography,
S,7,6392,PREDICTION,src/tracking/advanced_tracker.py:kalman_homography,
S,9,6392,PREDICTION,src/tracking/advanced_tracker.py:kalman_homography,
D,1,6392
S,4,6392,PREDICTION,src/tracking/advanced_tracker.py:id_merge,
D,3,6392
S,2,6392,PREDICTION,src/tracking/advanced_tracker.py:id_merge,
D,7,6392
S,8,6392,PREDICTION,src/tracking/advanced_tracker.py:id_merge,
L,0,6392,PREDICTION,src/tracking/advanced_tracker.py:kalman_homography,
R,PREDICTION,PREDICTION,1
L,2,6392,PREDICTION,src/tracking/advanced_tracker.py:id_merge,
R,CLAMP,CLAMP,0
L,4,6392,PREDICTION,src/tracking/advanced_tracker.py:id_merge,
R,PREDICTION,PREDICTION,1
L,5,6392,PREDICTION,src/tracking/advanced_tracker.py:kalman_homography,
R,CLAMP,CLAMP,0
L,8,6392,PREDICTION,src/tracking/advanced_tracker.py:id_merge,
R,PREDICTION,PREDICTION,1
L,9,6392,PREDICTION,src/tracking/advanced_tracker.py:kalman_homography,
R,PREDICTION,PREDICTION,1
A,6392
S,1,6398,DETECTION,src/tracking/advanced_tracker.py:_activate_slot,6398_283_571_453_661
S,3,6398,DETECTION,src/tracking/advanced_tracker.py:_activate_slot,6398_259_824_426_946
S,8,6398,DETECTION,src/tracking/advanced_tracker.py:_activate_slot,6398_244_145_413_234
S,9,6398,DETECTION,src/tracking/advanced_tracker.py:_activate_slot,6398_361_913_505_1006
S,6,6398,DETECTION,src/tracking/advanced_tracker.py:_activate_slot,6398_193_351_332_442
S,0,6398,PREDICTION,src/tracking/advanced_tracker.py:kalman_homography,
S,2,6398,PREDICTION,src/tracking/advanced_tracker.py:kalman_homography,
S,4,6398,PREDICTION,src/tracking/advanced_tracker.py:kalman_homography,
S,5,6398,PREDICTION,src/tracking/advanced_tracker.py:kalman_homography,
S,7,6398,PREDICTION,src/tracking/advanced_tracker.py:kalman_homography,
D,0,6398
S,1,6398,PREDICTION,src/tracking/advanced_tracker.py:id_merge,
D,4,6398
S,1,6398,PREDICTION,src/tracking/advanced_tracker.py:id_merge,
D,5,6398
S,6,6398,PREDICTION,src/tracking/advanced_tracker.py:id_merge,
D,7,6398
S,8,6398,PREDICTION,src/tracking/advanced_tracker.py:id_merge,
L,1,6398,PREDICTION,src/tracking/advanced_tracker.py:id_merge,
R,PREDICTION,PREDICTION,1
L,2,6398,PREDICTION,src/tracking/advanced_tracker.py:kalman_homography,
R,CLAMP,CLAMP,0
L,3,6398,DETECTION,src/tracking/advanced_tracker.py:_activate_slot,6398_259_824_426_946
R,CLAMP,CLAMP,0
L,6,6398,PREDICTION,src/tracking/advanced_tracker.py:id_merge,
R,PREDICTION,PREDICTION,1
L,8,6398,PREDICTION,src/tracking/advanced_tracker.py:id_merge,
R,PREDICTION,PREDICTION,1
L,9,6398,DETECTION,src/tracking/advanced_tracker.py:_activate_slot,6398_361_913_505_1006
R,DETECTION,DETECTION,1
A,6398
S,6,6404,DETECTION,src/tracking/advanced_tracker.py:_activate_slot,6404_196_345_346_436
S,8,6404,DETECTION,src/tracking/advanced_tracker.py:_activate_slot,6404_241_146_413_235
S,0,6404,PREDICTION,src/tracking/advanced_tracker.py:kalman_homography,
S,1,6404,PREDICTION,src/tracking/advanced_tracker.py:kalman_homography,
S,3,6404,PREDICTION,src/tracking/advanced_tracker.py:kalman_homography,
S,5,6404,PREDICTION,src/tracking/advanced_tracker.py:kalman_homography,
S,7,6404,PREDICTION,src/tracking/advanced_tracker.py:kalman_homography,
S,9,6404,PREDICTION,src/tracking/advanced_tracker.py:kalman_homography,
S,2,6404,PREDICTION,src/tracking/advanced_tracker.py:flow_gapfill_batched,
S,4,6404,PREDICTION,src/tracking/advanced_tracker.py:flow_gapfill_batched,
D,0,6404
S,4,6404,PREDICTION,src/tracking/advanced_tracker.py:id_merge,
D,5,6404
S,6,6404,PREDICTION,src/tracking/advanced_tracker.py:id_merge,
D,7,6404
S,8,6404,PREDICTION,src/tracking/advanced_tracker.py:id_merge,
L,1,6404,PREDICTION,src/tracking/advanced_tracker.py:kalman_homography,
R,PREDICTION,PREDICTION,1
L,2,6404,PREDICTION,src/tracking/advanced_tracker.py:flow_gapfill_batched,
R,CLAMP,CLAMP,0
L,3,6404,PREDICTION,src/tracking/advanced_tracker.py:kalman_homography,
R,CLAMP,CLAMP,0
L,4,6404,PREDICTION,src/tracking/advanced_tracker.py:id_merge,
R,PREDICTION,PREDICTION,1
L,6,6404,PREDICTION,src/tracking/advanced_tracker.py:id_merge,
R,PREDICTION,PREDICTION,1
L,8,6404,PREDICTION,src/tracking/advanced_tracker.py:id_merge,
R,PREDICTION,SUBPIXEL,0
L,9,6404,PREDICTION,src/tracking/advanced_tracker.py:kalman_homography,
R,PREDICTION,PREDICTION,1
A,6404
S,8,6410,DETECTION,src/tracking/advanced_tracker.py:_activate_slot,6410_236_149_416_233
S,0,6410,PREDICTION,src/tracking/advanced_tracker.py:kalman_homography,
S,1,6410,PREDICTION,src/tracking/advanced_tracker.py:kalman_homography,
S,3,6410,PREDICTION,src/tracking/advanced_tracker.py:kalman_homography,
S,5,6410,PREDICTION,src/tracking/advanced_tracker.py:kalman_homography,
S,6,6410,PREDICTION,src/tracking/advanced_tracker.py:kalman_homography,
S,7,6410,PREDICTION,src/tracking/advanced_tracker.py:kalman_homography,
S,9,6410,PREDICTION,src/tracking/advanced_tracker.py:kalman_homography,
S,2,6410,PREDICTION,src/tracking/advanced_tracker.py:flow_gapfill_batched,
S,4,6410,PREDICTION,src/tracking/advanced_tracker.py:flow_gapfill_batched,
D,0,6410
S,4,6410,PREDICTION,src/tracking/advanced_tracker.py:id_merge,
D,5,6410
S,6,6410,PREDICTION,src/tracking/advanced_tracker.py:id_merge,
D,7,6410
S,8,6410,PREDICTION,src/tracking/advanced_tracker.py:id_merge,
L,1,6410,PREDICTION,src/tracking/advanced_tracker.py:kalman_homography,
R,PREDICTION,PREDICTION,1
L,2,6410,PREDICTION,src/tracking/advanced_tracker.py:flow_gapfill_batched,
R,CLAMP,CLAMP,0
L,3,6410,PREDICTION,src/tracking/advanced_tracker.py:kalman_homography,
R,CLAMP,CLAMP,0
L,4,6410,PREDICTION,src/tracking/advanced_tracker.py:id_merge,
R,PREDICTION,PREDICTION,1
L,6,6410,PREDICTION,src/tracking/advanced_tracker.py:id_merge,
R,PREDICTION,PREDICTION,1
L,8,6410,PREDICTION,src/tracking/advanced_tracker.py:id_merge,
R,PREDICTION,PREDICTION,1
L,9,6410,PREDICTION,src/tracking/advanced_tracker.py:kalman_homography,
R,PREDICTION,PREDICTION,1
A,6410
S,1,6416,DETECTION,src/tracking/advanced_tracker.py:_activate_slot,6416_208_558_387_672
S,8,6416,DETECTION,src/tracking/advanced_tracker.py:_activate_slot,6416_241_146_424_228
S,0,6416,PREDICTION,src/tracking/advanced_tracker.py:kalman_homography,
S,3,6416,PREDICTION,src/tracking/advanced_tracker.py:kalman_homography,
S,5,6416,PREDICTION,src/tracking/advanced_tracker.py:kalman_homography,
S,6,6416,PREDICTION,src/tracking/advanced_tracker.py:kalman_homography,
S,9,6416,PREDICTION,src/tracking/advanced_tracker.py:kalman_homography,
S,2,6416,PREDICTION,src/tracking/advanced_tracker.py:flow_gapfill_batched,
S,4,6416,PREDICTION,src/tracking/advanced_tracker.py:flow_gapfill_batched,
S,7,6416,PREDICTION,src/tracking/advanced_tracker.py:flow_gapfill_batched,
D,0,6416
S,1,6416,PREDICTION,src/tracking/advanced_tracker.py:id_merge,
D,4,6416
S,1,6416,PREDICTION,src/tracking/advanced_tracker.py:id_merge,
D,5,6416
S,6,6416,PREDICTION,src/tracking/advanced_tracker.py:id_merge,
D,7,6416
S,8,6416,PREDICTION,src/tracking/advanced_tracker.py:id_merge,
L,1,6416,PREDICTION,src/tracking/advanced_tracker.py:id_merge,
R,PREDICTION,PREDICTION,1
L,2,6416,PREDICTION,src/tracking/advanced_tracker.py:flow_gapfill_batched,
R,CLAMP,CLAMP,0
L,3,6416,PREDICTION,src/tracking/advanced_tracker.py:kalman_homography,
R,CLAMP,CLAMP,0
L,6,6416,PREDICTION,src/tracking/advanced_tracker.py:id_merge,
R,PREDICTION,PREDICTION,1
L,8,6416,PREDICTION,src/tracking/advanced_tracker.py:id_merge,
R,PREDICTION,PREDICTION,1
L,9,6416,PREDICTION,src/tracking/advanced_tracker.py:kalman_homography,
R,PREDICTION,PREDICTION,1
A,6416
S,0,6422,PREDICTION,src/tracking/advanced_tracker.py:kalman_homography,
S,1,6422,PREDICTION,src/tracking/advanced_tracker.py:kalman_homography,
S,3,6422,PREDICTION,src/tracking/advanced_tracker.py:kalman_homography,
S,5,6422,PREDICTION,src/tracking/advanced_tracker.py:kalman_homography,
S,6,6422,PREDICTION,src/tracking/advanced_tracker.py:kalman_homography,
S,8,6422,PREDICTION,src/tracking/advanced_tracker.py:kalman_homography,
S,9,6422,PREDICTION,src/tracking/advanced_tracker.py:kalman_homography,
S,2,6422,PREDICTION,src/tracking/advanced_tracker.py:flow_gapfill_batched,
S,4,6422,PREDICTION,src/tracking/advanced_tracker.py:flow_gapfill_batched,
D,0,6422
S,1,6422,PREDICTION,src/tracking/advanced_tracker.py:id_merge,
D,4,6422
S,1,6422,PREDICTION,src/tracking/advanced_tracker.py:id_merge,
L,1,6422,PREDICTION,src/tracking/advanced_tracker.py:id_merge,
R,PREDICTION,PREDICTION,1
L,2,6422,PREDICTION,src/tracking/advanced_tracker.py:flow_gapfill_batched,
R,CLAMP,CLAMP,0
L,3,6422,PREDICTION,src/tracking/advanced_tracker.py:kalman_homography,
R,CLAMP,CLAMP,0
L,5,6422,PREDICTION,src/tracking/advanced_tracker.py:kalman_homography,
R,CLAMP,CLAMP,0
L,6,6422,PREDICTION,src/tracking/advanced_tracker.py:kalman_homography,
R,PREDICTION,PREDICTION,1
L,8,6422,PREDICTION,src/tracking/advanced_tracker.py:kalman_homography,
R,PREDICTION,PREDICTION,1
L,9,6422,PREDICTION,src/tracking/advanced_tracker.py:kalman_homography,
R,PREDICTION,PREDICTION,1
A,6422
S,1,6428,DETECTION,src/tracking/advanced_tracker.py:_activate_slot,6428_217_604_363_680
S,0,6428,PREDICTION,src/tracking/advanced_tracker.py:kalman_homography,
S,3,6428,PREDICTION,src/tracking/advanced_tracker.py:kalman_homography,
S,5,6428,PREDICTION,src/tracking/advanced_tracker.py:kalman_homography,
S,6,6428,PREDICTION,src/tracking/advanced_tracker.py:kalman_homography,
S,8,6428,PREDICTION,src/tracking/advanced_tracker.py:kalman_homography,
S,2,6428,PREDICTION,src/tracking/advanced_tracker.py:flow_gapfill_batched,
S,4,6428,PREDICTION,src/tracking/advanced_tracker.py:flow_gapfill_batched,
S,9,6428,PREDICTION,src/tracking/advanced_tracker.py:flow_gapfill_batched,
D,0,6428
S,1,6428,PREDICTION,src/tracking/advanced_tracker.py:id_merge,
L,1,6428,PREDICTION,src/tracking/advanced_tracker.py:id_merge,
R,PREDICTION,PREDICTION,1
L,2,6428,PREDICTION,src/tracking/advanced_tracker.py:flow_gapfill_batched,
R,CLAMP,CLAMP,0
L,3,6428,PREDICTION,src/tracking/advanced_tracker.py:kalman_homography,
R,CLAMP,CLAMP,0
L,4,6428,PREDICTION,src/tracking/advanced_tracker.py:flow_gapfill_batched,
R,PREDICTION,PREDICTION,1
L,5,6428,PREDICTION,src/tracking/advanced_tracker.py:kalman_homography,
R,CLAMP,CLAMP,0
L,6,6428,PREDICTION,src/tracking/advanced_tracker.py:kalman_homography,
R,PREDICTION,PREDICTION,1
L,8,6428,PREDICTION,src/tracking/advanced_tracker.py:kalman_homography,
R,PREDICTION,PREDICTION,1
L,9,6428,PREDICTION,src/tracking/advanced_tracker.py:flow_gapfill_batched,
R,PREDICTION,PREDICTION,1
A,6428
S,1,6434,PREDICTION,src/tracking/advanced_tracker.py:kalman_homography,
S,3,6434,PREDICTION,src/tracking/advanced_tracker.py:kalman_homography,
S,6,6434,PREDICTION,src/tracking/advanced_tracker.py:kalman_homography,
S,8,6434,PREDICTION,src/tracking/advanced_tracker.py:kalman_homography,
S,0,6434,PREDICTION,src/tracking/advanced_tracker.py:flow_gapfill_batched,
S,2,6434,PREDICTION,src/tracking/advanced_tracker.py:flow_gapfill_batched,
S,4,6434,PREDICTION,src/tracking/advanced_tracker.py:flow_gapfill_batched,
S,5,6434,PREDICTION,src/tracking/advanced_tracker.py:flow_gapfill_batched,
S,9,6434,PREDICTION,src/tracking/advanced_tracker.py:flow_gapfill_batched,
D,5,6434
S,6,6434,PREDICTION,src/tracking/advanced_tracker.py:id_merge,
L,0,6434,PREDICTION,src/tracking/advanced_tracker.py:flow_gapfill_batched,
R,PREDICTION,PREDICTION,1
L,1,6434,PREDICTION,src/tracking/advanced_tracker.py:kalman_homography,
R,PREDICTION,PREDICTION,1
L,2,6434,PREDICTION,src/tracking/advanced_tracker.py:flow_gapfill_batched,
R,PREDICTION,PREDICTION,1
L,3,6434,PREDICTION,src/tracking/advanced_tracker.py:kalman_homography,
R,CLAMP,CLAMP,0
L,4,6434,PREDICTION,src/tracking/advanced_tracker.py:flow_gapfill_batched,
R,PREDICTION,PREDICTION,1
L,6,6434,PREDICTION,src/tracking/advanced_tracker.py:id_merge,
R,PREDICTION,PREDICTION,1
L,8,6434,PREDICTION,src/tracking/advanced_tracker.py:kalman_homography,
R,PREDICTION,PREDICTION,1
L,9,6434,PREDICTION,src/tracking/advanced_tracker.py:flow_gapfill_batched,
R,PREDICTION,PREDICTION,1
A,6434
S,1,6440,PREDICTION,src/tracking/advanced_tracker.py:kalman_homography,
S,3,6440,PREDICTION,src/tracking/advanced_tracker.py:kalman_homography,
S,6,6440,PREDICTION,src/tracking/advanced_tracker.py:kalman_homography,
S,8,6440,PREDICTION,src/tracking/advanced_tracker.py:kalman_homography,
S,2,6440,PREDICTION,src/tracking/advanced_tracker.py:flow_gapfill_batched,
S,4,6440,PREDICTION,src/tracking/advanced_tracker.py:flow_gapfill_batched,
S,9,6440,PREDICTION,src/tracking/advanced_tracker.py:flow_gapfill_batched,
L,1,6440,PREDICTION,src/tracking/advanced_tracker.py:kalman_homography,
R,PREDICTION,PREDICTION,1
L,2,6440,PREDICTION,src/tracking/advanced_tracker.py:flow_gapfill_batched,
R,PREDICTION,PREDICTION,1
L,3,6440,PREDICTION,src/tracking/advanced_tracker.py:kalman_homography,
R,CLAMP,CLAMP,0
L,4,6440,PREDICTION,src/tracking/advanced_tracker.py:flow_gapfill_batched,
R,PREDICTION,PREDICTION,1
L,6,6440,PREDICTION,src/tracking/advanced_tracker.py:kalman_homography,
R,PREDICTION,PREDICTION,1
L,8,6440,PREDICTION,src/tracking/advanced_tracker.py:kalman_homography,
R,PREDICTION,PREDICTION,1
L,9,6440,PREDICTION,src/tracking/advanced_tracker.py:flow_gapfill_batched,
R,PREDICTION,PREDICTION,1
A,6440
S,1,6446,PREDICTION,src/tracking/advanced_tracker.py:kalman_homography,
S,6,6446,PREDICTION,src/tracking/advanced_tracker.py:kalman_homography,
S,8,6446,PREDICTION,src/tracking/advanced_tracker.py:kalman_homography,
S,3,6446,PREDICTION,src/tracking/advanced_tracker.py:flow_gapfill_batched,
S,9,6446,PREDICTION,src/tracking/advanced_tracker.py:flow_gapfill_batched,
L,1,6446,PREDICTION,src/tracking/advanced_tracker.py:kalman_homography,
R,PREDICTION,PREDICTION,1
L,3,6446,PREDICTION,src/tracking/advanced_tracker.py:flow_gapfill_batched,
R,CLAMP,CLAMP,0
L,6,6446,PREDICTION,src/tracking/advanced_tracker.py:kalman_homography,
R,PREDICTION,PREDICTION,1
L,8,6446,PREDICTION,src/tracking/advanced_tracker.py:kalman_homography,
R,PREDICTION,PREDICTION,1
L,9,6446,PREDICTION,src/tracking/advanced_tracker.py:flow_gapfill_batched,
R,PREDICTION,PREDICTION,1
A,6446
S,1,6452,PREDICTION,src/tracking/advanced_tracker.py:kalman_homography,
S,8,6452,PREDICTION,src/tracking/advanced_tracker.py:kalman_homography,
S,6,6452,PREDICTION,src/tracking/advanced_tracker.py:flow_gapfill_batched,
L,1,6452,PREDICTION,src/tracking/advanced_tracker.py:kalman_homography,
R,PREDICTION,PREDICTION,1
L,6,6452,PREDICTION,src/tracking/advanced_tracker.py:flow_gapfill_batched,
R,PREDICTION,PREDICTION,1
L,8,6452,PREDICTION,src/tracking/advanced_tracker.py:kalman_homography,
R,PREDICTION,PREDICTION,1
A,6452
S,7,6458,DETECTION,src/tracking/advanced_tracker.py:_activate_slot,6458_298_390_504_478
S,1,6458,PREDICTION,src/tracking/advanced_tracker.py:kalman_homography,
S,8,6458,PREDICTION,src/tracking/advanced_tracker.py:kalman_homography,
D,8,6458
S,7,6458,PREDICTION,src/tracking/advanced_tracker.py:id_merge,
L,1,6458,PREDICTION,src/tracking/advanced_tracker.py:kalman_homography,
R,PREDICTION,PREDICTION,1
L,7,6458,PREDICTION,src/tracking/advanced_tracker.py:id_merge,
R,PREDICTION,PREDICTION,1
A,6458
S,1,6464,PREDICTION,src/tracking/advanced_tracker.py:kalman_homography,
S,7,6464,PREDICTION,src/tracking/advanced_tracker.py:kalman_homography,
S,8,6464,PREDICTION,src/tracking/advanced_tracker.py:flow_gapfill_batched,
L,1,6464,PREDICTION,src/tracking/advanced_tracker.py:kalman_homography,
R,PREDICTION,PREDICTION,1
L,7,6464,PREDICTION,src/tracking/advanced_tracker.py:kalman_homography,
R,PREDICTION,PREDICTION,1
L,8,6464,PREDICTION,src/tracking/advanced_tracker.py:flow_gapfill_batched,
R,PREDICTION,PREDICTION,1
A,6464
S,1,6470,PREDICTION,src/tracking/advanced_tracker.py:kalman_homography,
S,7,6470,PREDICTION,src/tracking/advanced_tracker.py:kalman_homography,
L,1,6470,PREDICTION,src/tracking/advanced_tracker.py:kalman_homography,
R,PREDICTION,PREDICTION,1
L,7,6470,PREDICTION,src/tracking/advanced_tracker.py:kalman_homography,
R,PREDICTION,SUBPIXEL,0
A,6470
S,0,6476,DETECTION,src/tracking/advanced_tracker.py:_activate_slot,6476_35_30_191_101
S,5,6476,DETECTION,src/tracking/advanced_tracker.py:_activate_slot,6476_273_441_456_525
S,7,6476,PREDICTION,src/tracking/advanced_tracker.py:kalman_homography,
S,1,6476,PREDICTION,src/tracking/advanced_tracker.py:flow_gapfill_batched,
L,0,6476,DETECTION,src/tracking/advanced_tracker.py:_activate_slot,6476_35_30_191_101
R,DETECTION,DETECTION,1
L,1,6476,PREDICTION,src/tracking/advanced_tracker.py:flow_gapfill_batched,
R,PREDICTION,PREDICTION,1
L,5,6476,DETECTION,src/tracking/advanced_tracker.py:_activate_slot,6476_273_441_456_525
R,CLAMP,CLAMP,0
L,7,6476,PREDICTION,src/tracking/advanced_tracker.py:kalman_homography,
R,PREDICTION,SUBPIXEL,0
A,6476
S,0,6482,DETECTION,src/tracking/advanced_tracker.py:_activate_slot,6482_36_28_193_100
S,2,6482,DETECTION,src/tracking/advanced_tracker.py:_activate_slot,6482_225_762_415_866
S,4,6482,DETECTION,src/tracking/advanced_tracker.py:_activate_slot,6482_39_190_205_284
S,5,6482,PREDICTION,src/tracking/advanced_tracker.py:kalman_homography,
S,7,6482,PREDICTION,src/tracking/advanced_tracker.py:kalman_homography,
D,0,6482
S,4,6482,PREDICTION,src/tracking/advanced_tracker.py:id_merge,
L,2,6482,DETECTION,src/tracking/advanced_tracker.py:_activate_slot,6482_225_762_415_866
R,DETECTION,DETECTION,1
L,4,6482,PREDICTION,src/tracking/advanced_tracker.py:id_merge,
R,PREDICTION,PREDICTION,1
L,5,6482,PREDICTION,src/tracking/advanced_tracker.py:kalman_homography,
R,PREDICTION,PREDICTION,1
L,7,6482,PREDICTION,src/tracking/advanced_tracker.py:kalman_homography,
R,PREDICTION,SUBPIXEL,0
A,6482
S,0,6488,DETECTION,src/tracking/advanced_tracker.py:_activate_slot,6488_35_27_194_99
S,4,6488,DETECTION,src/tracking/advanced_tracker.py:_activate_slot,6488_20_192_206_286
S,3,6488,DETECTION,src/tracking/advanced_tracker.py:_activate_slot,6488_243_776_424_886
S,9,6488,DETECTION,src/tracking/advanced_tracker.py:_activate_slot,6488_272_348_469_445
S,2,6488,PREDICTION,src/tracking/advanced_tracker.py:kalman_homography,
S,5,6488,PREDICTION,src/tracking/advanced_tracker.py:kalman_homography,
S,7,6488,PREDICTION,src/tracking/advanced_tracker.py:kalman_homography,
D,0,6488
S,4,6488,PREDICTION,src/tracking/advanced_tracker.py:id_merge,
D,2,6488
S,3,6488,PREDICTION,src/tracking/advanced_tracker.py:id_merge,
D,5,6488
S,9,6488,PREDICTION,src/tracking/advanced_tracker.py:id_merge,
L,3,6488,PREDICTION,src/tracking/advanced_tracker.py:id_merge,
R,CLAMP,CLAMP,0
L,4,6488,PREDICTION,src/tracking/advanced_tracker.py:id_merge,
R,PREDICTION,SUBPIXEL,0
L,7,6488,PREDICTION,src/tracking/advanced_tracker.py:kalman_homography,
R,PREDICTION,SUBPIXEL,0
L,9,6488,PREDICTION,src/tracking/advanced_tracker.py:id_merge,
R,CLAMP,CLAMP,0
A,6488
S,0,6494,DETECTION,src/tracking/advanced_tracker.py:_activate_slot,6494_26_91_183_170
S,4,6494,DETECTION,src/tracking/advanced_tracker.py:_activate_slot,6494_36_189_208_280
S,3,6494,DETECTION,src/tracking/advanced_tracker.py:_activate_slot,6494_257_791_435_908
S,7,6494,DETECTION,src/tracking/advanced_tracker.py:_activate_slot,6494_35_25_195_95
S,9,6494,DETECTION,src/tracking/advanced_tracker.py:_activate_slot,6494_265_348_462_452
S,6,6494,DETECTION,src/tracking/advanced_tracker.py:_activate_slot,6494_200_292_356_381
S,2,6494,PREDICTION,src/tracking/advanced_tracker.py:kalman_homography,
S,5,6494,PREDICTION,src/tracking/advanced_tracker.py:kalman_homography,
D,0,6494
S,4,6494,PREDICTION,src/tracking/advanced_tracker.py:id_merge,
D,2,6494
S,3,6494,PREDICTION,src/tracking/advanced_tracker.py:id_merge,
D,5,6494
S,9,6494,PREDICTION,src/tracking/advanced_tracker.py:id_merge,
D,6,6494
S,7,6494,PREDICTION,src/tracking/advanced_tracker.py:id_merge,
L,3,6494,PREDICTION,src/tracking/advanced_tracker.py:id_merge,
R,CLAMP,CLAMP,0
L,4,6494,PREDICTION,src/tracking/advanced_tracker.py:id_merge,
R,PREDICTION,PREDICTION,1
L,7,6494,PREDICTION,src/tracking/advanced_tracker.py:id_merge,
R,CLAMP,CLAMP,0
L,9,6494,PREDICTION,src/tracking/advanced_tracker.py:id_merge,
R,CLAMP,CLAMP,0
A,6494
S,0,6500,DETECTION,src/tracking/advanced_tracker.py:_activate_slot,6500_27_89_183_166
S,4,6500,DETECTION,src/tracking/advanced_tracker.py:_activate_slot,6500_38_187_209_278
S,3,6500,DETECTION,src/tracking/advanced_tracker.py:_activate_slot,6500_264_808_438_908
S,6,6500,DETECTION,src/tracking/advanced_tracker.py:_activate_slot,6500_198_300_359_387
S,7,6500,DETECTION,src/tracking/advanced_tracker.py:_activate_slot,6500_265_353_458_449
S,2,6500,PREDICTION,src/tracking/advanced_tracker.py:kalman_homography,
S,5,6500,PREDICTION,src/tracking/advanced_tracker.py:kalman_homography,
S,9,6500,PREDICTION,src/tracking/advanced_tracker.py:kalman_homography,
D,0,6500
S,4,6500,PREDICTION,src/tracking/advanced_tracker.py:id_merge,
D,2,6500
S,3,6500,PREDICTION,src/tracking/advanced_tracker.py:id_merge,
D,5,6500
S,7,6500,PREDICTION,src/tracking/advanced_tracker.py:id_merge,
D,9,6500
S,7,6500,PREDICTION,src/tracking/advanced_tracker.py:id_merge,
L,3,6500,PREDICTION,src/tracking/advanced_tracker.py:id_merge,
R,CLAMP,CLAMP,0
L,4,6500,PREDICTION,src/tracking/advanced_tracker.py:id_merge,
R,PREDICTION,PREDICTION,1
L,6,6500,DETECTION,src/tracking/advanced_tracker.py:_activate_slot,6500_198_300_359_387
R,DETECTION,DETECTION,1
L,7,6500,PREDICTION,src/tracking/advanced_tracker.py:id_merge,
R,PREDICTION,PREDICTION,1
A,6500
S,3,6506,DETECTION,src/tracking/advanced_tracker.py:_activate_slot,6506_261_824_439_976
S,4,6506,DETECTION,src/tracking/advanced_tracker.py:_activate_slot,6506_44_185_211_271
S,0,6506,DETECTION,src/tracking/advanced_tracker.py:_activate_slot,6506_30_81_183_158
S,7,6506,DETECTION,src/tracking/advanced_tracker.py:_activate_slot,6506_266_404_444_491
S,9,6506,DETECTION,src/tracking/advanced_tracker.py:_activate_slot,6506_267_387_462_466
S,8,6506,DETECTION,src/tracking/advanced_tracker.py:_activate_slot,6506_187_146_358_261
S,2,6506,PREDICTION,src/tracking/advanced_tracker.py:kalman_homography,
S,5,6506,PREDICTION,src/tracking/advanced_tracker.py:kalman_homography,
S,6,6506,PREDICTION,src/tracking/advanced_tracker.py:kalman_homography,
D,0,6506
S,4,6506,PREDICTION,src/tracking/advanced_tracker.py:id_merge,
D,5,6506
S,7,6506,PREDICTION,src/tracking/advanced_tracker.py:id_merge,
D,6,6506
S,7,6506,PREDICTION,src/tracking/advanced_tracker.py:id_merge,
D,7,6506
S,8,6506,PREDICTION,src/tracking/advanced_tracker.py:id_merge,
D,8,6506
S,9,6506,PREDICTION,src/tracking/advanced_tracker.py:id_merge,
L,2,6506,PREDICTION,src/tracking/advanced_tracker.py:kalman_homography,
R,PREDICTION,PREDICTION,1
L,3,6506,DETECTION,src/tracking/advanced_tracker.py:_activate_slot,6506_261_824_439_976
R,CLAMP,CLAMP,0
L,4,6506,PREDICTION,src/tracking/advanced_tracker.py:id_merge,
R,PREDICTION,PREDICTION,1
L,9,6506,PREDICTION,src/tracking/advanced_tracker.py:id_merge,
R,CLAMP,CLAMP,0
A,6506
S,4,6512,DETECTION,src/tracking/advanced_tracker.py:_activate_slot,6512_50_180_218_266
S,0,6512,DETECTION,src/tracking/advanced_tracker.py:_activate_slot,6512_29_73_190_149
S,6,6512,DETECTION,src/tracking/advanced_tracker.py:_activate_slot,6512_192_293_359_400
S,2,6512,PREDICTION,src/tracking/advanced_tracker.py:kalman_homography,
S,3,6512,PREDICTION,src/tracking/advanced_tracker.py:kalman_homography,
S,5,6512,PREDICTION,src/tracking/advanced_tracker.py:kalman_homography,
S,7,6512,PREDICTION,src/tracking/advanced_tracker.py:kalman_homography,
S,8,6512,PREDICTION,src/tracking/advanced_tracker.py:kalman_homography,
S,9,6512,PREDICTION,src/tracking/advanced_tracker.py:kalman_homography,
D,0,6512
S,4,6512,PREDICTION,src/tracking/advanced_tracker.py:id_merge,
D,5,6512
S,8,6512,PREDICTION,src/tracking/advanced_tracker.py:id_merge,
D,8,6512
S,6,6512,PREDICTION,src/tracking/advanced_tracker.py:id_merge,
L,2,6512,PREDICTION,src/tracking/advanced_tracker.py:kalman_homography,
R,PREDICTION,SUBPIXEL,0
L,3,6512,PREDICTION,src/tracking/advanced_tracker.py:kalman_homography,
R,CLAMP,CLAMP,0
L,4,6512,PREDICTION,src/tracking/advanced_tracker.py:id_merge,
R,PREDICTION,PREDICTION,1
L,6,6512,PREDICTION,src/tracking/advanced_tracker.py:id_merge,
R,PREDICTION,PREDICTION,1
L,7,6512,PREDICTION,src/tracking/advanced_tracker.py:kalman_homography,
R,PREDICTION,PREDICTION,1
L,9,6512,PREDICTION,src/tracking/advanced_tracker.py:kalman_homography,
R,CLAMP,CLAMP,0
A,6512
S,0,6518,DETECTION,src/tracking/advanced_tracker.py:_activate_slot,6518_33_62_194_139
S,4,6518,DETECTION,src/tracking/advanced_tracker.py:_activate_slot,6518_52_169_221_256
S,3,6518,DETECTION,src/tracking/advanced_tracker.py:_activate_slot,6518_244_875_406_971
S,6,6518,DETECTION,src/tracking/advanced_tracker.py:_activate_slot,6518_187_286_353_395
S,8,6518,DETECTION,src/tracking/advanced_tracker.py:_activate_slot,6518_180_201_321_280
S,1,6518,DETECTION,src/tracking/advanced_tracker.py:_activate_slot,6518_244_822_424_918
S,2,6518,PREDICTION,src/tracking/advanced_tracker.py:kalman_homography,
S,5,6518,PREDICTION,src/tracking/advanced_tracker.py:kalman_homography,
S,7,6518,PREDICTION,src/tracking/advanced_tracker.py:kalman_homography,
S,9,6518,PREDICTION,src/tracking/advanced_tracker.py:kalman_homography,
D,0,6518
S,4,6518,PREDICTION,src/tracking/advanced_tracker.py:id_merge,
D,2,6518
S,1,6518,PREDICTION,src/tracking/advanced_tracker.py:id_merge,
D,5,6518
S,9,6518,PREDICTION,src/tracking/advanced_tracker.py:id_merge,
D,6,6518
S,8,6518,PREDICTION,src/tracking/advanced_tracker.py:id_merge,
L,1,6518,PREDICTION,src/tracking/advanced_tracker.py:id_merge,
R,PREDICTION,PREDICTION,1
L,3,6518,DETECTION,src/tracking/advanced_tracker.py:_activate_slot,6518_244_875_406_971
R,CLAMP,CLAMP,0
L,4,6518,PREDICTION,src/tracking/advanced_tracker.py:id_merge,
R,PREDICTION,PREDICTION,1
L,7,6518,PREDICTION,src/tracking/advanced_tracker.py:kalman_homography,
R,CLAMP,CLAMP,0
L,8,6518,PREDICTION,src/tracking/advanced_tracker.py:id_merge,
R,PREDICTION,PREDICTION,1
L,9,6518,PREDICTION,src/tracking/advanced_tracker.py:id_merge,
R,CLAMP,CLAMP,0
A,6518
S,0,6524,DETECTION,src/tracking/advanced_tracker.py:_activate_slot,6524_34_53_195_135
S,1,6524,DETECTION,src/tracking/advanced_tracker.py:_activate_slot,6524_229_806_419_947
S,4,6524,DETECTION,src/tracking/advanced_tracker.py:_activate_slot,6524_59_156_224_248
S,2,6524,DETECTION,src/tracking/advanced_tracker.py:_activate_slot,6524_235_808_420_916
S,3,6524,DETECTION,src/tracking/advanced_tracker.py:_activate_slot,6524_226_827_403_962
S,6,6524,DETECTION,src/tracking/advanced_tracker.py:_activate_slot,6524_184_278_334_400
S,8,6524,PREDICTION,src/tracking/advanced_tracker.py:kalman_homography,
S,9,6524,PREDICTION,src/tracking/advanced_tracker.py:kalman_homography,
S,5,6524,PREDICTION,src/tracking/advanced_tracker.py:flow_gapfill_batched,
S,7,6524,PREDICTION,src/tracking/advanced_tracker.py:flow_gapfill_batched,
D,0,6524
S,4,6524,PREDICTION,src/tracking/advanced_tracker.py:id_merge,
D,1,6524
S,2,6524,PREDICTION,src/tracking/advanced_tracker.py:id_merge,
D,2,6524
S,3,6524,PREDICTION,src/tracking/advanced_tracker.py:id_merge,
D,5,6524
S,7,6524,PREDICTION,src/tracking/advanced_tracker.py:id_merge,
D,8,6524
S,6,6524,PREDICTION,src/tracking/advanced_tracker.py:id_merge,
D,7,6524
S,9,6524,PREDICTION,src/tracking/advanced_tracker.py:id_merge,
L,3,6524,PREDICTION,src/tracking/advanced_tracker.py:id_merge,
R,CLAMP,CLAMP,0
L,4,6524,PREDICTION,src/tracking/advanced_tracker.py:id_merge,
R,PREDICTION,PREDICTION,1
L,6,6524,PREDICTION,src/tracking/advanced_tracker.py:id_merge,
R,PREDICTION,PREDICTION,1
L,9,6524,PREDICTION,src/tracking/advanced_tracker.py:id_merge,
R,CLAMP,CLAMP,0
A,6524
S,0,6530,DETECTION,src/tracking/advanced_tracker.py:_activate_slot,6530_37_42_201_124
S,1,6530,DETECTION,src/tracking/advanced_tracker.py:_activate_slot,6530_223_804_426_910
S,4,6530,DETECTION,src/tracking/advanced_tracker.py:_activate_slot,6530_61_149_225_234
S,3,6530,DETECTION,src/tracking/advanced_tracker.py:_activate_slot,6530_246_856_374_934
S,6,6530,DETECTION,src/tracking/advanced_tracker.py:_activate_slot,6530_184_274_330_395
S,2,6530,PREDICTION,src/tracking/advanced_tracker.py:kalman_homography,
S,8,6530,PREDICTION,src/tracking/advanced_tracker.py:kalman_homography,
S,9,6530,PREDICTION,src/tracking/advanced_tracker.py:kalman_homography,
S,7,6530,PREDICTION,src/tracking/advanced_tracker.py:flow_gapfill_batched,
D,0,6530
S,4,6530,PREDICTION,src/tracking/advanced_tracker.py:id_merge,
D,2,6530
S,1,6530,PREDICTION,src/tracking/advanced_tracker.py:id_merge,
D,8,6530
S,6,6530,PREDICTION,src/tracking/advanced_tracker.py:id_merge,
D,7,6530
S,9,6530,PREDICTION,src/tracking/advanced_tracker.py:id_merge,
L,1,6530,PREDICTION,src/tracking/advanced_tracker.py:id_merge,
R,PREDICTION,PREDICTION,1
L,3,6530,DETECTION,src/tracking/advanced_tracker.py:_activate_slot,6530_246_856_374_934
R,CLAMP,CLAMP,0
L,4,6530,PREDICTION,src/tracking/advanced_tracker.py:id_merge,
R,PREDICTION,PREDICTION,1
L,6,6530,PREDICTION,src/tracking/advanced_tracker.py:id_merge,
R,PREDICTION,PREDICTION,1
L,9,6530,PREDICTION,src/tracking/advanced_tracker.py:id_merge,
R,CLAMP,CLAMP,0
A,6530
S,0,6536,DETECTION,src/tracking/advanced_tracker.py:_activate_slot,6536_44_31_205_122
S,1,6536,DETECTION,src/tracking/advanced_tracker.py:_activate_slot,6536_217_802_427_905
S,4,6536,DETECTION,src/tracking/advanced_tracker.py:_activate_slot,6536_65_142_234_228
S,6,6536,DETECTION,src/tracking/advanced_tracker.py:_activate_slot,6536_186_251_338_390
S,2,6536,PREDICTION,src/tracking/advanced_tracker.py:kalman_homography,
S,3,6536,PREDICTION,src/tracking/advanced_tracker.py:kalman_homography,
S,8,6536,PREDICTION,src/tracking/advanced_tracker.py:kalman_homography,
S,9,6536,PREDICTION,src/tracking/advanced_tracker.py:kalman_homography,
S,7,6536,PREDICTION,src/tracking/advanced_tracker.py:flow_gapfill_batched,
D,0,6536
S,4,6536,PREDICTION,src/tracking/advanced_tracker.py:id_merge,
D,2,6536
S,1,6536,PREDICTION,src/tracking/advanced_tracker.py:id_merge,
D,8,6536
S,6,6536,PREDICTION,src/tracking/advanced_tracker.py:id_merge,
D,7,6536
S,9,6536,PREDICTION,src/tracking/advanced_tracker.py:id_merge,
L,1,6536,PREDICTION,src/tracking/advanced_tracker.py:id_merge,
R,PREDICTION,PREDICTION,1
L,3,6536,PREDICTION,src/tracking/advanced_tracker.py:kalman_homography,
R,CLAMP,CLAMP,0
L,4,6536,PREDICTION,src/tracking/advanced_tracker.py:id_merge,
R,PREDICTION,PREDICTION,1
L,6,6536,PREDICTION,src/tracking/advanced_tracker.py:id_merge,
R,PREDICTION,PREDICTION,1
L,9,6536,PREDICTION,src/tracking/advanced_tracker.py:id_merge,
R,CLAMP,CLAMP,0
A,6536
S,0,6542,DETECTION,src/tracking/advanced_tracker.py:_activate_slot,6542_46_22_209_104
S,4,6542,DETECTION,src/tracking/advanced_tracker.py:_activate_slot,6542_70_128_239_221
S,1,6542,DETECTION,src/tracking/advanced_tracker.py:_activate_slot,6542_220_801_423_890
S,6,6542,DETECTION,src/tracking/advanced_tracker.py:_activate_slot,6542_186_252_344_388
S,2,6542,PREDICTION,src/tracking/advanced_tracker.py:kalman_homography,
S,3,6542,PREDICTION,src/tracking/advanced_tracker.py:kalman_homography,
S,8,6542,PREDICTION,src/tracking/advanced_tracker.py:kalman_homography,
S,9,6542,PREDICTION,src/tracking/advanced_tracker.py:kalman_homography,
S,7,6542,PREDICTION,src/tracking/advanced_tracker.py:flow_gapfill_batched,
D,0,6542
S,4,6542,PREDICTION,src/tracking/advanced_tracker.py:id_merge,
D,2,6542
S,1,6542,PREDICTION,src/tracking/advanced_tracker.py:id_merge,
D,8,6542
S,6,6542,PREDICTION,src/tracking/advanced_tracker.py:id_merge,
D,7,6542
S,9,6542,PREDICTION,src/tracking/advanced_tracker.py:id_merge,
L,1,6542,PREDICTION,src/tracking/advanced_tracker.py:id_merge,
R,PREDICTION,PREDICTION,1
L,3,6542,PREDICTION,src/tracking/advanced_tracker.py:kalman_homography,
R,CLAMP,CLAMP,0
L,4,6542,PREDICTION,src/tracking/advanced_tracker.py:id_merge,
R,PREDICTION,PREDICTION,1
L,6,6542,PREDICTION,src/tracking/advanced_tracker.py:id_merge,
R,PREDICTION,PREDICTION,1
L,9,6542,PREDICTION,src/tracking/advanced_tracker.py:id_merge,
R,CLAMP,CLAMP,0
A,6542
S,0,6548,DETECTION,src/tracking/advanced_tracker.py:_activate_slot,6548_50_12_217_97
S,1,6548,DETECTION,src/tracking/advanced_tracker.py:_activate_slot,6548_221_793_401_875
S,4,6548,DETECTION,src/tracking/advanced_tracker.py:_activate_slot,6548_74_123_244_213
S,2,6548,PREDICTION,src/tracking/advanced_tracker.py:kalman_homography,
S,3,6548,PREDICTION,src/tracking/advanced_tracker.py:kalman_homography,
S,6,6548,PREDICTION,src/tracking/advanced_tracker.py:kalman_homography,
S,8,6548,PREDICTION,src/tracking/advanced_tracker.py:kalman_homography,
S,9,6548,PREDICTION,src/tracking/advanced_tracker.py:kalman_homography,
S,7,6548,PREDICTION,src/tracking/advanced_tracker.py:flow_gapfill_batched,
D,0,6548
S,4,6548,PREDICTION,src/tracking/advanced_tracker.py:id_merge,
D,2,6548
S,1,6548,PREDICTION,src/tracking/advanced_tracker.py:id_merge,
D,8,6548
S,6,6548,PREDICTION,src/tracking/advanced_tracker.py:id_merge,
D,7,6548
S,9,6548,PREDICTION,src/tracking/advanced_tracker.py:id_merge,
L,1,6548,PREDICTION,src/tracking/advanced_tracker.py:id_merge,
R,PREDICTION,PREDICTION,1
L,3,6548,PREDICTION,src/tracking/advanced_tracker.py:kalman_homography,
R,CLAMP,CLAMP,0
L,4,6548,PREDICTION,src/tracking/advanced_tracker.py:id_merge,
R,PREDICTION,PREDICTION,1
L,6,6548,PREDICTION,src/tracking/advanced_tracker.py:id_merge,
R,PREDICTION,PREDICTION,1
L,9,6548,PREDICTION,src/tracking/advanced_tracker.py:id_merge,
R,CLAMP,CLAMP,0
A,6548
S,0,6554,DETECTION,src/tracking/advanced_tracker.py:_activate_slot,6554_52_5_219_98
S,4,6554,DETECTION,src/tracking/advanced_tracker.py:_activate_slot,6554_68_115_248_203
S,1,6554,DETECTION,src/tracking/advanced_tracker.py:_activate_slot,6554_218_789_383_876
S,2,6554,PREDICTION,src/tracking/advanced_tracker.py:kalman_homography,
S,3,6554,PREDICTION,src/tracking/advanced_tracker.py:kalman_homography,
S,6,6554,PREDICTION,src/tracking/advanced_tracker.py:kalman_homography,
S,8,6554,PREDICTION,src/tracking/advanced_tracker.py:kalman_homography,
S,7,6554,PREDICTION,src/tracking/advanced_tracker.py:flow_gapfill_batched,
S,9,6554,PREDICTION,src/tracking/advanced_tracker.py:flow_gapfill_batched,
D,0,6554
S,4,6554,PREDICTION,src/tracking/advanced_tracker.py:id_merge,
D,2,6554
S,1,6554,PREDICTION,src/tracking/advanced_tracker.py:id_merge,
D,3,6554
S,1,6554,PREDICTION,src/tracking/advanced_tracker.py:id_merge,
D,8,6554
S,6,6554,PREDICTION,src/tracking/advanced_tracker.py:id_merge,
L,1,6554,PREDICTION,src/tracking/advanced_tracker.py:id_merge,
R,PREDICTION,PREDICTION,1
L,4,6554,PREDICTION,src/tracking/advanced_tracker.py:id_merge,
R,PREDICTION,PREDICTION,1
L,6,6554,PREDICTION,src/tracking/advanced_tracker.py:id_merge,
R,PREDICTION,PREDICTION,1
L,7,6554,PREDICTION,src/tracking/advanced_tracker.py:flow_gapfill_batched,
R,PREDICTION,PREDICTION,1
L,9,6554,PREDICTION,src/tracking/advanced_tracker.py:flow_gapfill_batched,
R,CLAMP,CLAMP,0
A,6554
S,0,6560,DETECTION,src/tracking/advanced_tracker.py:_activate_slot,6560_52_3_219_92
S,1,6560,DETECTION,src/tracking/advanced_tracker.py:_activate_slot,6560_202_779_381_877
S,4,6560,DETECTION,src/tracking/advanced_tracker.py:_activate_slot,6560_75_112_250_200
S,2,6560,PREDICTION,src/tracking/advanced_tracker.py:kalman_homography,
S,3,6560,PREDICTION,src/tracking/advanced_tracker.py:kalman_homography,
S,6,6560,PREDICTION,src/tracking/advanced_tracker.py:kalman_homography,
S,8,6560,PREDICTION,src/tracking/advanced_tracker.py:kalman_homography,
D,0,6560
S,4,6560,PREDICTION,src/tracking/advanced_tracker.py:id_merge,
D,2,6560
S,1,6560,PREDICTION,src/tracking/advanced_tracker.py:id_merge,
D,3,6560
S,1,6560,PREDICTION,src/tracking/advanced_tracker.py:id_merge,
L,1,6560,PREDICTION,src/tracking/advanced_tracker.py:id_merge,
R,PREDICTION,PREDICTION,1
L,4,6560,PREDICTION,src/tracking/advanced_tracker.py:id_merge,
R,PREDICTION,PREDICTION,1
L,6,6560,PREDICTION,src/tracking/advanced_tracker.py:kalman_homography,
R,PREDICTION,PREDICTION,1
L,8,6560,PREDICTION,src/tracking/advanced_tracker.py:kalman_homography,
R,PREDICTION,PREDICTION,1
A,6560
S,0,6566,DETECTION,src/tracking/advanced_tracker.py:_activate_slot,6566_52_-3_217_82
S,1,6566,DETECTION,src/tracking/advanced_tracker.py:_activate_slot,6566_197_774_364_866
S,4,6566,DETECTION,src/tracking/advanced_tracker.py:_activate_slot,6566_73_109_252_197
S,5,6566,DETECTION,src/tracking/advanced_tracker.py:_activate_slot,6566_285_240_484_344
S,2,6566,PREDICTION,src/tracking/advanced_tracker.py:kalman_homography,
S,3,6566,PREDICTION,src/tracking/advanced_tracker.py:kalman_homography,
S,6,6566,PREDICTION,src/tracking/advanced_tracker.py:kalman_homography,
S,8,6566,PREDICTION,src/tracking/advanced_tracker.py:flow_gapfill_batched,
D,0,6566
S,4,6566,PREDICTION,src/tracking/advanced_tracker.py:id_merge,
D,2,6566
S,1,6566,PREDICTION,src/tracking/advanced_tracker.py:id_merge,
D,3,6566
S,1,6566,PREDICTION,src/tracking/advanced_tracker.py:id_merge,
D,8,6566
S,6,6566,PREDICTION,src/tracking/advanced_tracker.py:id_merge,
L,1,6566,PREDICTION,src/tracking/advanced_tracker.py:id_merge,
R,PREDICTION,PREDICTION,1
L,4,6566,PREDICTION,src/tracking/advanced_tracker.py:id_merge,
R,PREDICTION,PREDICTION,1
L,5,6566,DETECTION,src/tracking/advanced_tracker.py:_activate_slot,6566_285_240_484_344
R,DETECTION,DETECTION,1
L,6,6566,PREDICTION,src/tracking/advanced_tracker.py:id_merge,
R,PREDICTION,PREDICTION,1
A,6566
S,0,6572,DETECTION,src/tracking/advanced_tracker.py:_activate_slot,6572_46_204_203_281
S,1,6572,DETECTION,src/tracking/advanced_tracker.py:_activate_slot,6572_74_104_253_195
S,5,6572,DETECTION,src/tracking/advanced_tracker.py:_activate_slot,6572_283_228_493_339
S,3,6572,PREDICTION,src/tracking/advanced_tracker.py:kalman_homography,
S,4,6572,PREDICTION,src/tracking/advanced_tracker.py:kalman_homography,
S,6,6572,PREDICTION,src/tracking/advanced_tracker.py:kalman_homography,
S,2,6572,PREDICTION,src/tracking/advanced_tracker.py:flow_gapfill_batched,
D,0,6572
S,1,6572,PREDICTION,src/tracking/advanced_tracker.py:id_merge,
D,4,6572
S,1,6572,PREDICTION,src/tracking/advanced_tracker.py:id_merge,
L,1,6572,PREDICTION,src/tracking/advanced_tracker.py:id_merge,
R,CLAMP,CLAMP,0
L,2,6572,PREDICTION,src/tracking/advanced_tracker.py:flow_gapfill_batched,
R,PREDICTION,PREDICTION,1
L,3,6572,PREDICTION,src/tracking/advanced_tracker.py:kalman_homography,
R,CLAMP,CLAMP,0
L,5,6572,DETECTION,src/tracking/advanced_tracker.py:_activate_slot,6572_283_228_493_339
R,DETECTION,DETECTION,1
L,6,6572,PREDICTION,src/tracking/advanced_tracker.py:kalman_homography,
R,PREDICTION,PREDICTION,1
A,6572
S,0,6578,DETECTION,src/tracking/advanced_tracker.py:_activate_slot,6578_45_202_204_281
S,1,6578,DETECTION,src/tracking/advanced_tracker.py:_activate_slot,6578_78_100_254_193
S,5,6578,DETECTION,src/tracking/advanced_tracker.py:_activate_slot,6578_285_211_493_334
S,6,6578,DETECTION,src/tracking/advanced_tracker.py:_activate_slot,6578_179_266_330_355
S,4,6578,PREDICTION,src/tracking/advanced_tracker.py:kalman_homography,
D,0,6578
S,1,6578,PREDICTION,src/tracking/advanced_tracker.py:id_merge,
D,4,6578
S,1,6578,PREDICTION,src/tracking/advanced_tracker.py:id_merge,
L,1,6578,PREDICTION,src/tracking/advanced_tracker.py:id_merge,
R,CLAMP,CLAMP,0
L,5,6578,DETECTION,src/tracking/advanced_tracker.py:_activate_slot,6578_285_211_493_334
R,DETECTION,DETECTION,1
L,6,6578,DETECTION,src/tracking/advanced_tracker.py:_activate_slot,6578_179_266_330_355
R,DETECTION,DETECTION,1
A,6578
S,0,6584,DETECTION,src/tracking/advanced_tracker.py:_activate_slot,6584_48_200_203_279
S,1,6584,DETECTION,src/tracking/advanced_tracker.py:_activate_slot,6584_82_92_253_188
S,4,6584,PREDICTION,src/tracking/advanced_tracker.py:kalman_homography,
S,5,6584,PREDICTION,src/tracking/advanced_tracker.py:kalman_homography,
S,6,6584,PREDICTION,src/tracking/advanced_tracker.py:kalman_homography,
D,0,6584
S,1,6584,PREDICTION,src/tracking/advanced_tracker.py:id_merge,
D,4,6584
S,1,6584,PREDICTION,src/tracking/advanced_tracker.py:id_merge,
L,1,6584,PREDICTION,src/tracking/advanced_tracker.py:id_merge,
R,CLAMP,CLAMP,0
L,5,6584,PREDICTION,src/tracking/advanced_tracker.py:kalman_homography,
R,PREDICTION,PREDICTION,1
L,6,6584,PREDICTION,src/tracking/advanced_tracker.py:kalman_homography,
R,PREDICTION,PREDICTION,1
A,6584
S,0,6590,DETECTION,src/tracking/advanced_tracker.py:_activate_slot,6590_254_388_430_499
S,1,6590,DETECTION,src/tracking/advanced_tracker.py:_activate_slot,6590_80_75_256_184
S,6,6590,DETECTION,src/tracking/advanced_tracker.py:_activate_slot,6590_184_264_331_353
S,4,6590,PREDICTION,src/tracking/advanced_tracker.py:kalman_homography,
S,5,6590,PREDICTION,src/tracking/advanced_tracker.py:kalman_homography,
D,4,6590
S,0,6590,PREDICTION,src/tracking/advanced_tracker.py:id_merge,
L,0,6590,PREDICTION,src/tracking/advanced_tracker.py:id_merge,
R,PREDICTION,PREDICTION,1
L,1,6590,DETECTION,src/tracking/advanced_tracker.py:_activate_slot,6590_80_75_256_184
R,CLAMP,CLAMP,0
L,5,6590,PREDICTION,src/tracking/advanced_tracker.py:kalman_homography,
R,PREDICTION,PREDICTION,1
L,6,6590,DETECTION,src/tracking/advanced_tracker.py:_activate_slot,6590_184_264_331_353
R,DETECTION,DETECTION,1
A,6590
S,4,6596,DETECTION,src/tracking/advanced_tracker.py:_activate_slot,6596_81_60_254_180
S,1,6596,DETECTION,src/tracking/advanced_tracker.py:_activate_slot,6596_55_-15_224_60
S,8,6596,DETECTION,src/tracking/advanced_tracker.py:_activate_slot,6596_243_379_417_482
S,9,6596,DETECTION,src/tracking/advanced_tracker.py:_activate_slot,6596_442_424_548_505
S,6,6596,DETECTION,src/tracking/advanced_tracker.py:_activate_slot,6596_182_266_330_353
S,7,6596,DETECTION,src/tracking/advanced_tracker.py:_activate_slot,6596_270_178_484_273
S,0,6596,PREDICTION,src/tracking/advanced_tracker.py:kalman_homography,
S,5,6596,PREDICTION,src/tracking/advanced_tracker.py:kalman_homography,
D,1,6596
S,4,6596,PREDICTION,src/tracking/advanced_tracker.py:id_merge,
D,5,6596
S,7,6596,PREDICTION,src/tracking/advanced_tracker.py:id_merge,
D,6,6596
S,8,6596,PREDICTION,src/tracking/advanced_tracker.py:id_merge,
L,0,6596,PREDICTION,src/tracking/advanced_tracker.py:kalman_homography,
R,PREDICTION,PREDICTION,1
L,4,6596,PREDICTION,src/tracking/advanced_tracker.py:id_merge,
R,PREDICTION,PREDICTION,1
L,7,6596,PREDICTION,src/tracking/advanced_tracker.py:id_merge,
R,PREDICTION,PREDICTION,1
L,8,6596,PREDICTION,src/tracking/advanced_tracker.py:id_merge,
R,PREDICTION,PREDICTION,1
L,9,6596,DETECTION,src/tracking/advanced_tracker.py:_activate_slot,6596_442_424_548_505
R,CLAMP,CLAMP,0
A,6596
S,4,6602,DETECTION,src/tracking/advanced_tracker.py:_activate_slot,6602_86_54_255_179
S,6,6602,DETECTION,src/tracking/advanced_tracker.py:_activate_slot,6602_183_265_353_355
S,8,6602,DETECTION,src/tracking/advanced_tracker.py:_activate_slot,6602_233_363_419_470
S,9,6602,DETECTION,src/tracking/advanced_tracker.py:_activate_slot,6602_386_677_551_771
S,0,6602,PREDICTION,src/tracking/advanced_tracker.py:kalman_homography,
S,5,6602,PREDICTION,src/tracking/advanced_tracker.py:kalman_homography,
S,7,6602,PREDICTION,src/tracking/advanced_tracker.py:kalman_homography,
S,1,6602,PREDICTION,src/tracking/advanced_tracker.py:flow_gapfill_batched,
D,1,6602
S,4,6602,PREDICTION,src/tracking/advanced_tracker.py:id_merge,
D,5,6602
S,7,6602,PREDICTION,src/tracking/advanced_tracker.py:id_merge,
D,6,6602
S,8,6602,PREDICTION,src/tracking/advanced_tracker.py:id_merge,
D,7,6602
S,9,6602,PREDICTION,src/tracking/advanced_tracker.py:id_merge,
L,0,6602,PREDICTION,src/tracking/advanced_tracker.py:kalman_homography,
R,PREDICTION,PREDICTION,1
L,4,6602,PREDICTION,src/tracking/advanced_tracker.py:id_merge,
R,PREDICTION,PREDICTION,1
L,8,6602,PREDICTION,src/tracking/advanced_tracker.py:id_merge,
R,PREDICTION,PREDICTION,1
L,9,6602,PREDICTION,src/tracking/advanced_tracker.py:id_merge,
R,CLAMP,CLAMP,0
A,6602
S,4,6608,DETECTION,src/tracking/advanced_tracker.py:_activate_slot,6608_81_51_257_174
S,6,6608,DETECTION,src/tracking/advanced_tracker.py:_activate_slot,6608_188_262_357_349
S,8,6608,DETECTION,src/tracking/advanced_tracker.py:_activate_slot,6608_240_348_405_431
S,0,6608,PREDICTION,src/tracking/advanced_tracker.py:kalman_homography,
S,5,6608,PREDICTION,src/tracking/advanced_tracker.py:kalman_homography,
S,7,6608,PREDICTION,src/tracking/advanced_tracker.py:kalman_homography,
S,9,6608,PREDICTION,src/tracking/advanced_tracker.py:kalman_homography,
S,1,6608,PREDICTION,src/tracking/advanced_tracker.py:flow_gapfill_batched,
D,1,6608
S,4,6608,PREDICTION,src/tracking/advanced_tracker.py:id_merge,
D,5,6608
S,7,6608,PREDICTION,src/tracking/advanced_tracker.py:id_merge,
D,6,6608
S,8,6608,PREDICTION,src/tracking/advanced_tracker.py:id_merge,
L,0,6608,PREDICTION,src/tracking/advanced_tracker.py:kalman_homography,
R,CLAMP,CLAMP,0
L,4,6608,PREDICTION,src/tracking/advanced_tracker.py:id_merge,
R,PREDICTION,PREDICTION,1
L,7,6608,PREDICTION,src/tracking/advanced_tracker.py:id_merge,
R,PREDICTION,PREDICTION,1
L,8,6608,PREDICTION,src/tracking/advanced_tracker.py:id_merge,
R,PREDICTION,PREDICTION,1
L,9,6608,PREDICTION,src/tracking/advanced_tracker.py:kalman_homography,
R,CLAMP,CLAMP,0
A,6608
S,4,6614,DETECTION,src/tracking/advanced_tracker.py:_activate_slot,6614_77_49_254_148
S,6,6614,DETECTION,src/tracking/advanced_tracker.py:_activate_slot,6614_197_260_360_346
S,2,6614,DETECTION,src/tracking/advanced_tracker.py:_activate_slot,6614_462_271_673_374
S,5,6614,PREDICTION,src/tracking/advanced_tracker.py:kalman_homography,
S,7,6614,PREDICTION,src/tracking/advanced_tracker.py:kalman_homography,
S,8,6614,PREDICTION,src/tracking/advanced_tracker.py:kalman_homography,
S,9,6614,PREDICTION,src/tracking/advanced_tracker.py:kalman_homography,
S,0,6614,PREDICTION,src/tracking/advanced_tracker.py:flow_gapfill_batched,
S,1,6614,PREDICTION,src/tracking/advanced_tracker.py:flow_gapfill_batched,
D,0,6614
S,1,6614,PREDICTION,src/tracking/advanced_tracker.py:id_merge,
D,1,6614
S,4,6614,PREDICTION,src/tracking/advanced_tracker.py:id_merge,
D,5,6614
S,7,6614,PREDICTION,src/tracking/advanced_tracker.py:id_merge,
D,8,6614
S,6,6614,PREDICTION,src/tracking/advanced_tracker.py:id_merge,
L,2,6614,DETECTION,src/tracking/advanced_tracker.py:_activate_slot,6614_462_271_673_374
R,CLAMP,CLAMP,1
L,4,6614,PREDICTION,src/tracking/advanced_tracker.py:id_merge,
R,PREDICTION,PREDICTION,1
L,6,6614,PREDICTION,src/tracking/advanced_tracker.py:id_merge,
R,PREDICTION,PREDICTION,1
L,7,6614,PREDICTION,src/tracking/advanced_tracker.py:id_merge,
R,PREDICTION,SUBPIXEL,0
L,9,6614,PREDICTION,src/tracking/advanced_tracker.py:kalman_homography,
R,PREDICTION,PREDICTION,1
A,6614
S,2,6620,DETECTION,src/tracking/advanced_tracker.py:_activate_slot,6620_466_274_670_375
S,4,6620,DETECTION,src/tracking/advanced_tracker.py:_activate_slot,6620_80_42_256_143
S,6,6620,DETECTION,src/tracking/advanced_tracker.py:_activate_slot,6620_208_243_360_357
S,3,6620,DETECTION,src/tracking/advanced_tracker.py:_activate_slot,6620_157_762_353_852
S,5,6620,PREDICTION,src/tracking/advanced_tracker.py:kalman_homography,
S,7,6620,PREDICTION,src/tracking/advanced_tracker.py:kalman_homography,
S,8,6620,PREDICTION,src/tracking/advanced_tracker.py:kalman_homography,
S,0,6620,PREDICTION,src/tracking/advanced_tracker.py:flow_gapfill_batched,
S,1,6620,PREDICTION,src/tracking/advanced_tracker.py:flow_gapfill_batched,
S,9,6620,PREDICTION,src/tracking/advanced_tracker.py:flow_gapfill_batched,
D,0,6620
S,1,6620,PREDICTION,src/tracking/advanced_tracker.py:id_merge,
D,1,6620
S,4,6620,PREDICTION,src/tracking/advanced_tracker.py:id_merge,
D,5,6620
S,7,6620,PREDICTION,src/tracking/advanced_tracker.py:id_merge,
D,8,6620
S,6,6620,PREDICTION,src/tracking/advanced_tracker.py:id_merge,
D,7,6620
S,9,6620,PREDICTION,src/tracking/advanced_tracker.py:id_merge,
L,2,6620,DETECTION,src/tracking/advanced_tracker.py:_activate_slot,6620_466_274_670_375
R,CLAMP,CLAMP,0
L,3,6620,DETECTION,src/tracking/advanced_tracker.py:_activate_slot,6620_157_762_353_852
R,CLAMP,CLAMP,0
L,4,6620,PREDICTION,src/tracking/advanced_tracker.py:id_merge,
R,PREDICTION,PREDICTION,1
L,6,6620,PREDICTION,src/tracking/advanced_tracker.py:id_merge,
R,PREDICTION,PREDICTION,1
L,9,6620,PREDICTION,src/tracking/advanced_tracker.py:id_merge,
R,CLAMP,CLAMP,0
A,6620
S,2,6626,CLAMP,src/tracking/advanced_tracker.py:_activate_slot,6626_34_197_194_281
S,3,6626,DETECTION,src/tracking/advanced_tracker.py:_activate_slot,6626_154_768_356_860
S,4,6626,DETECTION,src/tracking/advanced_tracker.py:_activate_slot,6626_81_29_253_130
S,6,6626,DETECTION,src/tracking/advanced_tracker.py:_activate_slot,6626_198_233_361_347
S,7,6626,PREDICTION,src/tracking/advanced_tracker.py:kalman_homography,
S,8,6626,PREDICTION,src/tracking/advanced_tracker.py:kalman_homography,
S,0,6626,PREDICTION,src/tracking/advanced_tracker.py:flow_gapfill_batched,
S,1,6626,PREDICTION,src/tracking/advanced_tracker.py:flow_gapfill_batched,
S,5,6626,PREDICTION,src/tracking/advanced_tracker.py:flow_gapfill_batched,
S,9,6626,PREDICTION,src/tracking/advanced_tracker.py:flow_gapfill_batched,
D,0,6626
S,1,6626,PREDICTION,src/tracking/advanced_tracker.py:id_merge,
D,1,6626
S,4,6626,PREDICTION,src/tracking/advanced_tracker.py:id_merge,
D,5,6626
S,7,6626,PREDICTION,src/tracking/advanced_tracker.py:id_merge,
D,8,6626
S,6,6626,PREDICTION,src/tracking/advanced_tracker.py:id_merge,
D,7,6626
S,9,6626,PREDICTION,src/tracking/advanced_tracker.py:id_merge,
L,2,6626,CLAMP,src/tracking/advanced_tracker.py:_activate_slot,6626_34_197_194_281
R,CLAMP,CLAMP,0
L,3,6626,DETECTION,src/tracking/advanced_tracker.py:_activate_slot,6626_154_768_356_860
R,CLAMP,CLAMP,0
L,4,6626,PREDICTION,src/tracking/advanced_tracker.py:id_merge,
R,PREDICTION,PREDICTION,1
L,6,6626,PREDICTION,src/tracking/advanced_tracker.py:id_merge,
R,PREDICTION,PREDICTION,1
L,9,6626,PREDICTION,src/tracking/advanced_tracker.py:id_merge,
R,CLAMP,CLAMP,0
A,6626
S,4,6632,DETECTION,src/tracking/advanced_tracker.py:_activate_slot,6632_82_11_254_140
S,3,6632,DETECTION,src/tracking/advanced_tracker.py:_activate_slot,6632_157_774_343_864
S,6,6632,DETECTION,src/tracking/advanced_tracker.py:_activate_slot,6632_200_236_376_358
S,7,6632,PREDICTION,src/tracking/advanced_tracker.py:kalman_homography,
S,8,6632,PREDICTION,src/tracking/advanced_tracker.py:kalman_homography,
S,0,6632,PREDICTION,src/tracking/advanced_tracker.py:flow_gapfill_batched,
S,1,6632,PREDICTION,src/tracking/advanced_tracker.py:flow_gapfill_batched,
S,2,6632,PREDICTION,src/tracking/advanced_tracker.py:flow_gapfill_batched,
S,9,6632,PREDICTION,src/tracking/advanced_tracker.py:flow_gapfill_batched,
D,0,6632
S,4,6632,PREDICTION,src/tracking/advanced_tracker.py:id_merge,
D,1,6632
S,2,6632,PREDICTION,src/tracking/advanced_tracker.py:id_merge,
D,8,6632
S,6,6632,PREDICTION,src/tracking/advanced_tracker.py:id_merge,
D,7,6632
S,9,6632,PREDICTION,src/tracking/advanced_tracker.py:id_merge,
L,2,6632,PREDICTION,src/tracking/advanced_tracker.py:id_merge,
R,PREDICTION,PREDICTION,1
L,3,6632,DETECTION,src/tracking/advanced_tracker.py:_activate_slot,6632_157_774_343_864
R,CLAMP,CLAMP,0
L,4,6632,PREDICTION,src/tracking/advanced_tracker.py:id_merge,
R,PREDICTION,PREDICTION,1
L,6,6632,PREDICTION,src/tracking/advanced_tracker.py:id_merge,
R,PREDICTION,PREDICTION,1
L,9,6632,PREDICTION,src/tracking/advanced_tracker.py:id_merge,
R,CLAMP,CLAMP,0
A,6632
S,4,6638,DETECTION,src/tracking/advanced_tracker.py:_activate_slot,6638_83_19_252_148
S,3,6638,DETECTION,src/tracking/advanced_tracker.py:_activate_slot,6638_167_784_351_884
S,6,6638,PREDICTION,src/tracking/advanced_tracker.py:kalman_homography,
S,7,6638,PREDICTION,src/tracking/advanced_tracker.py:kalman_homography,
S,8,6638,PREDICTION,src/tracking/advanced_tracker.py:kalman_homography,
S,0,6638,PREDICTION,src/tracking/advanced_tracker.py:flow_gapfill_batched,
S,1,6638,PREDICTION,src/tracking/advanced_tracker.py:flow_gapfill_batched,
S,2,6638,PREDICTION,src/tracking/advanced_tracker.py:flow_gapfill_batched,
S,9,6638,PREDICTION,src/tracking/advanced_tracker.py:flow_gapfill_batched,
D,0,6638
S,1,6638,PREDICTION,src/tracking/advanced_tracker.py:id_merge,
D,1,6638
S,4,6638,PREDICTION,src/tracking/advanced_tracker.py:id_merge,
D,8,6638
S,6,6638,PREDICTION,src/tracking/advanced_tracker.py:id_merge,
D,7,6638
S,9,6638,PREDICTION,src/tracking/advanced_tracker.py:id_merge,
L,2,6638,PREDICTION,src/tracking/advanced_tracker.py:flow_gapfill_batched,
R,PREDICTION,PREDICTION,1
L,3,6638,DETECTION,src/tracking/advanced_tracker.py:_activate_slot,6638_167_784_351_884
R,CLAMP,CLAMP,0
L,4,6638,PREDICTION,src/tracking/advanced_tracker.py:id_merge,
R,PREDICTION,PREDICTION,1
L,6,6638,PREDICTION,src/tracking/advanced_tracker.py:id_merge,
R,PREDICTION,PREDICTION,1
L,9,6638,PREDICTION,src/tracking/advanced_tracker.py:id_merge,
R,CLAMP,CLAMP,0
A,6638
S,3,6644,DETECTION,src/tracking/advanced_tracker.py:_activate_slot,6644_165_793_353_895
S,4,6644,DETECTION,src/tracking/advanced_tracker.py:_activate_slot,6644_83_36_251_163
S,6,6644,PREDICTION,src/tracking/advanced_tracker.py:kalman_homography,
S,8,6644,PREDICTION,src/tracking/advanced_tracker.py:kalman_homography,
S,1,6644,PREDICTION,src/tracking/advanced_tracker.py:flow_gapfill_batched,
S,2,6644,PREDICTION,src/tracking/advanced_tracker.py:flow_gapfill_batched,
S,7,6644,PREDICTION,src/tracking/advanced_tracker.py:flow_gapfill_batched,
S,9,6644,PREDICTION,src/tracking/advanced_tracker.py:flow_gapfill_batched,
D,1,6644
S,4,6644,PREDICTION,src/tracking/advanced_tracker.py:id_merge,
D,8,6644
S,6,6644,PREDICTION,src/tracking/advanced_tracker.py:id_merge,
D,7,6644
S,9,6644,PREDICTION,src/tracking/advanced_tracker.py:id_merge,
L,2,6644,PREDICTION,src/tracking/advanced_tracker.py:flow_gapfill_batched,
R,PREDICTION,PREDICTION,1
L,3,6644,DETECTION,src/tracking/advanced_tracker.py:_activate_slot,6644_165_793_353_895
R,CLAMP,CLAMP,0
L,4,6644,PREDICTION,src/tracking/advanced_tracker.py:id_merge,
R,PREDICTION,PREDICTION,1
L,6,6644,PREDICTION,src/tracking/advanced_tracker.py:id_merge,
R,PREDICTION,PREDICTION,1
L,9,6644,PREDICTION,src/tracking/advanced_tracker.py:id_merge,
R,CLAMP,CLAMP,0
A,6644
S,3,6650,DETECTION,src/tracking/advanced_tracker.py:_activate_slot,6650_360_694_551_786
S,4,6650,DETECTION,src/tracking/advanced_tracker.py:_activate_slot,6650_64_54_247_178
S,6,6650,PREDICTION,src/tracking/advanced_tracker.py:kalman_homography,
S,8,6650,PREDICTION,src/tracking/advanced_tracker.py:kalman_homography,
S,2,6650,PREDICTION,src/tracking/advanced_tracker.py:flow_gapfill_batched,
S,9,6650,PREDICTION,src/tracking/advanced_tracker.py:flow_gapfill_batched,
D,8,6650
S,6,6650,PREDICTION,src/tracking/advanced_tracker.py:id_merge,
L,2,6650,PREDICTION,src/tracking/advanced_tracker.py:flow_gapfill_batched,
R,PREDICTION,PREDICTION,1
L,3,6650,DETECTION,src/tracking/advanced_tracker.py:_activate_slot,6650_360_694_551_786
R,DETECTION,DETECTION,1
L,4,6650,DETECTION,src/tracking/advanced_tracker.py:_activate_slot,6650_64_54_247_178
R,DETECTION,DETECTION,1
L,6,6650,PREDICTION,src/tracking/advanced_tracker.py:id_merge,
R,PREDICTION,PREDICTION,1
L,9,6650,PREDICTION,src/tracking/advanced_tracker.py:flow_gapfill_batched,
R,CLAMP,CLAMP,0
A,6650
S,4,6656,DETECTION,src/tracking/advanced_tracker.py:_activate_slot,6656_50_71_245_183
S,6,6656,DETECTION,src/tracking/advanced_tracker.py:_activate_slot,6656_201_254_358_390
S,3,6656,PREDICTION,src/tracking/advanced_tracker.py:kalman_homography,
S,2,6656,PREDICTION,src/tracking/advanced_tracker.py:flow_gapfill_batched,
S,8,6656,PREDICTION,src/tracking/advanced_tracker.py:flow_gapfill_batched,
D,8,6656
S,6,6656,PREDICTION,src/tracking/advanced_tracker.py:id_merge,
L,2,6656,PREDICTION,src/tracking/advanced_tracker.py:flow_gapfill_batched,
R,PREDICTION,PREDICTION,1
L,3,6656,PREDICTION,src/tracking/advanced_tracker.py:kalman_homography,
R,CLAMP,CLAMP,0
L,4,6656,DETECTION,src/tracking/advanced_tracker.py:_activate_slot,6656_50_71_245_183
R,DETECTION,DETECTION,1
L,6,6656,PREDICTION,src/tracking/advanced_tracker.py:id_merge,
R,PREDICTION,PREDICTION,1
A,6656
S,4,6662,DETECTION,src/tracking/advanced_tracker.py:_activate_slot,6662_72_88_244_199
S,6,6662,DETECTION,src/tracking/advanced_tracker.py:_activate_slot,6662_197_251_358_372
S,2,6662,PREDICTION,src/tracking/advanced_tracker.py:flow_gapfill_batched,
S,3,6662,PREDICTION,src/tracking/advanced_tracker.py:flow_gapfill_batched,
L,2,6662,PREDICTION,src/tracking/advanced_tracker.py:flow_gapfill_batched,
R,PREDICTION,PREDICTION,1
L,3,6662,PREDICTION,src/tracking/advanced_tracker.py:flow_gapfill_batched,
R,PREDICTION,PREDICTION,1
L,4,6662,DETECTION,src/tracking/advanced_tracker.py:_activate_slot,6662_72_88_244_199
R,DETECTION,DETECTION,1
L,6,6662,DETECTION,src/tracking/advanced_tracker.py:_activate_slot,6662_197_251_358_372
R,DETECTION,DETECTION,1
A,6662
S,4,6668,DETECTION,src/tracking/advanced_tracker.py:_activate_slot,6668_25_103_241_212
S,6,6668,DETECTION,src/tracking/advanced_tracker.py:_activate_slot,6668_187_257_358_374
S,5,6668,DETECTION,src/tracking/advanced_tracker.py:_activate_slot,6668_252_76_453_181
S,2,6668,PREDICTION,src/tracking/advanced_tracker.py:flow_gapfill_batched,
S,3,6668,PREDICTION,src/tracking/advanced_tracker.py:flow_gapfill_batched,
L,2,6668,PREDICTION,src/tracking/advanced_tracker.py:flow_gapfill_batched,
R,PREDICTION,PREDICTION,1
L,3,6668,PREDICTION,src/tracking/advanced_tracker.py:flow_gapfill_batched,
R,PREDICTION,PREDICTION,1
L,4,6668,DETECTION,src/tracking/advanced_tracker.py:_activate_slot,6668_25_103_241_212
R,DETECTION,DETECTION,1
L,5,6668,DETECTION,src/tracking/advanced_tracker.py:_activate_slot,6668_252_76_453_181
R,DETECTION,DETECTION,1
L,6,6668,DETECTION,src/tracking/advanced_tracker.py:_activate_slot,6668_187_257_358_374
R,DETECTION,DETECTION,1
A,6668
S,4,6674,DETECTION,src/tracking/advanced_tracker.py:_activate_slot,6674_66_119_237_229
S,5,6674,DETECTION,src/tracking/advanced_tracker.py:_activate_slot,6674_256_77_454_189
S,6,6674,DETECTION,src/tracking/advanced_tracker.py:_activate_slot,6674_176_272_354_381
S,2,6674,PREDICTION,src/tracking/advanced_tracker.py:flow_gapfill_batched,
S,3,6674,PREDICTION,src/tracking/advanced_tracker.py:flow_gapfill_batched,
L,2,6674,PREDICTION,src/tracking/advanced_tracker.py:flow_gapfill_batched,
R,PREDICTION,PREDICTION,1
L,3,6674,PREDICTION,src/tracking/advanced_tracker.py:flow_gapfill_batched,
R,PREDICTION,SUBPIXEL,0
L,4,6674,DETECTION,src/tracking/advanced_tracker.py:_activate_slot,6674_66_119_237_229
R,DETECTION,DETECTION,1
L,5,6674,DETECTION,src/tracking/advanced_tracker.py:_activate_slot,6674_256_77_454_189
R,DETECTION,DETECTION,1
L,6,6674,DETECTION,src/tracking/advanced_tracker.py:_activate_slot,6674_176_272_354_381
R,DETECTION,DETECTION,1
A,6674
S,4,6680,DETECTION,src/tracking/advanced_tracker.py:_activate_slot,6680_23_131_234_239
S,5,6680,DETECTION,src/tracking/advanced_tracker.py:_activate_slot,6680_259_87_461_197
S,6,6680,DETECTION,src/tracking/advanced_tracker.py:_activate_slot,6680_167_280_352_371
S,0,6680,DETECTION,src/tracking/advanced_tracker.py:_activate_slot,6680_343_676_521_822
S,3,6680,PREDICTION,src/tracking/advanced_tracker.py:flow_gapfill_batched,
L,0,6680,DETECTION,src/tracking/advanced_tracker.py:_activate_slot,6680_343_676_521_822
R,DETECTION,DETECTION,1
L,3,6680,PREDICTION,src/tracking/advanced_tracker.py:flow_gapfill_batched,
R,PREDICTION,SUBPIXEL,0
L,4,6680,DETECTION,src/tracking/advanced_tracker.py:_activate_slot,6680_23_131_234_239
R,DETECTION,DETECTION,1
L,5,6680,DETECTION,src/tracking/advanced_tracker.py:_activate_slot,6680_259_87_461_197
R,DETECTION,DETECTION,1
L,6,6680,DETECTION,src/tracking/advanced_tracker.py:_activate_slot,6680_167_280_352_371
R,DETECTION,DETECTION,1
A,6680
S,0,6686,DETECTION,src/tracking/advanced_tracker.py:_activate_slot,6686_332_665_518_804
S,1,6686,DETECTION,src/tracking/advanced_tracker.py:_activate_slot,6686_34_51_203_130
S,4,6686,DETECTION,src/tracking/advanced_tracker.py:_activate_slot,6686_26_142_228_250
S,5,6686,DETECTION,src/tracking/advanced_tracker.py:_activate_slot,6686_258_104_454_204
S,6,6686,DETECTION,src/tracking/advanced_tracker.py:_activate_slot,6686_169_285_353_370
S,7,6686,DETECTION,src/tracking/advanced_tracker.py:_activate_slot,6686_99_594_260_688
S,3,6686,PREDICTION,src/tracking/advanced_tracker.py:flow_gapfill_batched,
D,1,6686
S,4,6686,PREDICTION,src/tracking/advanced_tracker.py:id_merge,
L,0,6686,DETECTION,src/tracking/advanced_tracker.py:_activate_slot,6686_332_665_518_804
R,DETECTION,DETECTION,1
L,3,6686,PREDICTION,src/tracking/advanced_tracker.py:flow_gapfill_batched,
R,PREDICTION,SUBPIXEL,0
L,4,6686,PREDICTION,src/tracking/advanced_tracker.py:id_merge,
R,PREDICTION,PREDICTION,1
L,5,6686,DETECTION,src/tracking/advanced_tracker.py:_activate_slot,6686_258_104_454_204
R,DETECTION,DETECTION,1
L,6,6686,DETECTION,src/tracking/advanced_tracker.py:_activate_slot,6686_169_285_353_370
R,DETECTION,SUBPIXEL,0
L,7,6686,DETECTION,src/tracking/advanced_tracker.py:_activate_slot,6686_99_594_260_688
R,CLAMP,CLAMP,0
A,6686
S,1,6692,DETECTION,src/tracking/advanced_tracker.py:_activate_slot,6692_-12_803_134_881
S,4,6692,DETECTION,src/tracking/advanced_tracker.py:_activate_slot,6692_48_154_227_263
S,7,6692,DETECTION,src/tracking/advanced_tracker.py:_activate_slot,6692_92_591_262_689
S,9,6692,DETECTION,src/tracking/advanced_tracker.py:_activate_slot,6692_258_108_443_207
S,0,6692,PREDICTION,src/tracking/advanced_tracker.py:kalman_homography,
S,5,6692,PREDICTION,src/tracking/advanced_tracker.py:kalman_homography,
S,6,6692,PREDICTION,src/tracking/advanced_tracker.py:kalman_homography,
S,3,6692,PREDICTION,src/tracking/advanced_tracker.py:flow_gapfill_batched,
D,3,6692
S,0,6692,PREDICTION,src/tracking/advanced_tracker.py:id_merge,
D,5,6692
S,9,6692,PREDICTION,src/tracking/advanced_tracker.py:id_merge,
L,0,6692,PREDICTION,src/tracking/advanced_tracker.py:id_merge,
R,PREDICTION,PREDICTION,1
L,1,6692,DETECTION,src/tracking/advanced_tracker.py:_activate_slot,6692_-12_803_134_881
R,DETECTION,DETECTION,1
L,4,6692,DETECTION,src/tracking/advanced_tracker.py:_activate_slot,6692_48_154_227_263
R,DETECTION,DETECTION,1
L,6,6692,PREDICTION,src/tracking/advanced_tracker.py:kalman_homography,
R,PREDICTION,PREDICTION,1
L,7,6692,DETECTION,src/tracking/advanced_tracker.py:_activate_slot,6692_92_591_262_689
R,CLAMP,CLAMP,0
L,9,6692,PREDICTION,src/tracking/advanced_tracker.py:id_merge,
R,CLAMP,CLAMP,0
A,6692
S,2,6698,DETECTION,src/tracking/advanced_tracker.py:_activate_slot,6698_30_75_199_151
S,4,6698,DETECTION,src/tracking/advanced_tracker.py:_activate_slot,6698_18_165_225_273
S,7,6698,DETECTION,src/tracking/advanced_tracker.py:_activate_slot,6698_100_583_273_684
S,9,6698,DETECTION,src/tracking/advanced_tracker.py:_activate_slot,6698_259_104_459_208
S,8,6698,DETECTION,src/tracking/advanced_tracker.py:_activate_slot,6698_174_276_345_375
S,0,6698,PREDICTION,src/tracking/advanced_tracker.py:kalman_homography,
S,5,6698,PREDICTION,src/tracking/advanced_tracker.py:kalman_homography,
S,6,6698,PREDICTION,src/tracking/advanced_tracker.py:kalman_homography,
S,1,6698,PREDICTION,src/tracking/advanced_tracker.py:flow_gapfill_batched,
S,3,6698,PREDICTION,src/tracking/advanced_tracker.py:flow_gapfill_batched,
D,2,6698
S,4,6698,PREDICTION,src/tracking/advanced_tracker.py:id_merge,
D,5,6698
S,9,6698,PREDICTION,src/tracking/advanced_tracker.py:id_merge,
D,6,6698
S,8,6698,PREDICTION,src/tracking/advanced_tracker.py:id_merge,
L,0,6698,PREDICTION,src/tracking/advanced_tracker.py:kalman_homography,
R,PREDICTION,PREDICTION,1
L,1,6698,PREDICTION,src/tracking/advanced_tracker.py:flow_gapfill_batched,
R,PREDICTION,PREDICTION,1
L,3,6698,PREDICTION,src/tracking/advanced_tracker.py:flow_gapfill_batched,
R,PREDICTION,PREDICTION,1
L,4,6698,PREDICTION,src/tracking/advanced_tracker.py:id_merge,
R,PREDICTION,PREDICTION,1
L,7,6698,DETECTION,src/tracking/advanced_tracker.py:_activate_slot,6698_100_583_273_684
R,CLAMP,CLAMP,0
L,8,6698,PREDICTION,src/tracking/advanced_tracker.py:id_merge,
R,PREDICTION,PREDICTION,1
L,9,6698,PREDICTION,src/tracking/advanced_tracker.py:id_merge,
R,CLAMP,CLAMP,0
A,6698
S,2,6704,DETECTION,src/tracking/advanced_tracker.py:_activate_slot,6704_25_84_198_162
S,4,6704,DETECTION,src/tracking/advanced_tracker.py:_activate_slot,6704_50_168_219_284
S,8,6704,DETECTION,src/tracking/advanced_tracker.py:_activate_slot,6704_172_279_342_381
S,0,6704,PREDICTION,src/tracking/advanced_tracker.py:kalman_homography,
S,5,6704,PREDICTION,src/tracking/advanced_tracker.py:kalman_homography,
S,6,6704,PREDICTION,src/tracking/advanced_tracker.py:kalman_homography,
S,7,6704,PREDICTION,src/tracking/advanced_tracker.py:kalman_homography,
S,9,6704,PREDICTION,src/tracking/advanced_tracker.py:kalman_homography,
S,1,6704,PREDICTION,src/tracking/advanced_tracker.py:flow_gapfill_batched,
D,2,6704
S,4,6704,PREDICTION,src/tracking/advanced_tracker.py:id_merge,
D,5,6704
S,9,6704,PREDICTION,src/tracking/advanced_tracker.py:id_merge,
D,6,6704
S,8,6704,PREDICTION,src/tracking/advanced_tracker.py:id_merge,
L,0,6704,PREDICTION,src/tracking/advanced_tracker.py:kalman_homography,
R,PREDICTION,PREDICTION,1
L,1,6704,PREDICTION,src/tracking/advanced_tracker.py:flow_gapfill_batched,
R,PREDICTION,PREDICTION,1
L,4,6704,PREDICTION,src/tracking/advanced_tracker.py:id_merge,
R,PREDICTION,PREDICTION,1
L,7,6704,PREDICTION,src/tracking/advanced_tracker.py:kalman_homography,
R,CLAMP,CLAMP,0
L,8,6704,PREDICTION,src/tracking/advanced_tracker.py:id_merge,
R,PREDICTION,PREDICTION,1
L,9,6704,PREDICTION,src/tracking/advanced_tracker.py:id_merge,
R,CLAMP,CLAMP,0
A,6704
S,4,6710,DETECTION,src/tracking/advanced_tracker.py:_activate_slot,6710_51_174_215_290
S,8,6710,DETECTION,src/tracking/advanced_tracker.py:_activate_slot,6710_164_277_341_367
S,9,6710,DETECTION,src/tracking/advanced_tracker.py:_activate_slot,6710_254_97_456_212
S,0,6710,PREDICTION,src/tracking/advanced_tracker.py:kalman_homography,
S,2,6710,PREDICTION,src/tracking/advanced_tracker.py:kalman_homography,
S,5,6710,PREDICTION,src/tracking/advanced_tracker.py:kalman_homography,
S,6,6710,PREDICTION,src/tracking/advanced_tracker.py:kalman_homography,
S,7,6710,PREDICTION,src/tracking/advanced_tracker.py:kalman_homography,
S,1,6710,PREDICTION,src/tracking/advanced_tracker.py:flow_gapfill_batched,
D,2,6710
S,4,6710,PREDICTION,src/tracking/advanced_tracker.py:id_merge,
D,5,6710
S,9,6710,PREDICTION,src/tracking/advanced_tracker.py:id_merge,
D,6,6710
S,8,6710,PREDICTION,src/tracking/advanced_tracker.py:id_merge,
L,0,6710,PREDICTION,src/tracking/advanced_tracker.py:kalman_homography,
R,PREDICTION,PREDICTION,1
L,1,6710,PREDICTION,src/tracking/advanced_tracker.py:flow_gapfill_batched,
R,PREDICTION,PREDICTION,1
L,4,6710,PREDICTION,src/tracking/advanced_tracker.py:id_merge,
R,PREDICTION,PREDICTION,1
L,7,6710,PREDICTION,src/tracking/advanced_tracker.py:kalman_homography,
R,CLAMP,CLAMP,0
L,8,6710,PREDICTION,src/tracking/advanced_tracker.py:id_merge,
R,PREDICTION,PREDICTION,1
L,9,6710,PREDICTION,src/tracking/advanced_tracker.py:id_merge,
R,CLAMP,CLAMP,0
A,6710
S,4,6716,DETECTION,src/tracking/advanced_tracker.py:_activate_slot,6716_49_182_211_300
S,8,6716,DETECTION,src/tracking/advanced_tracker.py:_activate_slot,6716_157_281_340_368
S,9,6716,DETECTION,src/tracking/advanced_tracker.py:_activate_slot,6716_245_107_450_214
S,7,6716,DETECTION,src/tracking/advanced_tracker.py:_activate_slot,6716_92_554_254_668
S,0,6716,PREDICTION,src/tracking/advanced_tracker.py:kalman_homography,
S,2,6716,PREDICTION,src/tracking/advanced_tracker.py:kalman_homography,
S,5,6716,PREDICTION,src/tracking/advanced_tracker.py:kalman_homography,
S,6,6716,PREDICTION,src/tracking/advanced_tracker.py:kalman_homography,
S,1,6716,PREDICTION,src/tracking/advanced_tracker.py:flow_gapfill_batched,
D,5,6716
S,9,6716,PREDICTION,src/tracking/advanced_tracker.py:id_merge,
D,6,6716
S,8,6716,PREDICTION,src/tracking/advanced_tracker.py:id_merge,
L,0,6716,PREDICTION,src/tracking/advanced_tracker.py:kalman_homography,
R,PREDICTION,PREDICTION,1
L,1,6716,PREDICTION,src/tracking/advanced_tracker.py:flow_gapfill_batched,
R,PREDICTION,PREDICTION,1
L,2,6716,PREDICTION,src/tracking/advanced_tracker.py:kalman_homography,
R,PREDICTION,PREDICTION,1
L,4,6716,DETECTION,src/tracking/advanced_tracker.py:_activate_slot,6716_49_182_211_300
R,DETECTION,DETECTION,1
L,7,6716,DETECTION,src/tracking/advanced_tracker.py:_activate_slot,6716_92_554_254_668
R,CLAMP,CLAMP,0
L,8,6716,PREDICTION,src/tracking/advanced_tracker.py:id_merge,
R,PREDICTION,PREDICTION,1
L,9,6716,PREDICTION,src/tracking/advanced_tracker.py:id_merge,
R,CLAMP,CLAMP,0
A,6716
S,2,6722,DETECTION,src/tracking/advanced_tracker.py:_activate_slot,6722_8_114_182_192
S,4,6722,DETECTION,src/tracking/advanced_tracker.py:_activate_slot,6722_44_190_205_311
S,8,6722,DETECTION,src/tracking/advanced_tracker.py:_activate_slot,6722_160_283_346_374
S,9,6722,DETECTION,src/tracking/advanced_tracker.py:_activate_slot,6722_236_113_444_206
S,7,6722,DETECTION,src/tracking/advanced_tracker.py:_activate_slot,6722_88_543_270_663
S,0,6722,PREDICTION,src/tracking/advanced_tracker.py:kalman_homography,
S,5,6722,PREDICTION,src/tracking/advanced_tracker.py:kalman_homography,
S,6,6722,PREDICTION,src/tracking/advanced_tracker.py:kalman_homography,
S,1,6722,PREDICTION,src/tracking/advanced_tracker.py:flow_gapfill_batched,
D,2,6722
S,4,6722,PREDICTION,src/tracking/advanced_tracker.py:id_merge,
D,5,6722
S,9,6722,PREDICTION,src/tracking/advanced_tracker.py:id_merge,
D,6,6722
S,8,6722,PREDICTION,src/tracking/advanced_tracker.py:id_merge,
L,0,6722,PREDICTION,src/tracking/advanced_tracker.py:kalman_homography,
R,PREDICTION,PREDICTION,1
L,1,6722,PREDICTION,src/tracking/advanced_tracker.py:flow_gapfill_batched,
R,PREDICTION,PREDICTION,1
L,4,6722,PREDICTION,src/tracking/advanced_tracker.py:id_merge,
R,PREDICTION,PREDICTION,1
L,7,6722,DETECTION,src/tracking/advanced_tracker.py:_activate_slot,6722_88_543_270_663
R,CLAMP,CLAMP,0
L,8,6722,PREDICTION,src/tracking/advanced_tracker.py:id_merge,
R,PREDICTION,PREDICTION,1
L,9,6722,PREDICTION,src/tracking/advanced_tracker.py:id_merge,
R,CLAMP,CLAMP,0
A,6722
S,2,6728,DETECTION,src/tracking/advanced_tracker.py:_activate_slot,6728_6_123_179_200
S,4,6728,DETECTION,src/tracking/advanced_tracker.py:_activate_slot,6728_36_197_202_303
S,7,6728,DETECTION,src/tracking/advanced_tracker.py:_activate_slot,6728_96_543_276_654
S,8,6728,DETECTION,src/tracking/advanced_tracker.py:_activate_slot,6728_168_283_344_380
S,9,6728,DETECTION,src/tracking/advanced_tracker.py:_activate_slot,6728_232_116_441_210
S,0,6728,PREDICTION,src/tracking/advanced_tracker.py:kalman_homography,
S,5,6728,PREDICTION,src/tracking/advanced_tracker.py:kalman_homography,
S,6,6728,PREDICTION,src/tracking/advanced_tracker.py:kalman_homography,
S,1,6728,PREDICTION,src/tracking/advanced_tracker.py:flow_gapfill_batched,
D,2,6728
S,4,6728,PREDICTION,src/tracking/advanced_tracker.py:id_merge,
D,5,6728
S,9,6728,PREDICTION,src/tracking/advanced_tracker.py:id_merge,
D,6,6728
S,8,6728,PREDICTION,src/tracking/advanced_tracker.py:id_merge,
L,0,6728,PREDICTION,src/tracking/advanced_tracker.py:kalman_homography,
R,PREDICTION,PREDICTION,1
L,1,6728,PREDICTION,src/tracking/advanced_tracker.py:flow_gapfill_batched,
R,PREDICTION,PREDICTION,1
L,4,6728,PREDICTION,src/tracking/advanced_tracker.py:id_merge,
R,PREDICTION,PREDICTION,1
L,7,6728,DETECTION,src/tracking/advanced_tracker.py:_activate_slot,6728_96_543_276_654
R,CLAMP,CLAMP,0
L,8,6728,PREDICTION,src/tracking/advanced_tracker.py:id_merge,
R,PREDICTION,PREDICTION,1
L,9,6728,PREDICTION,src/tracking/advanced_tracker.py:id_merge,
R,CLAMP,CLAMP,0
A,6728
S,4,6734,DETECTION,src/tracking/advanced_tracker.py:_activate_slot,6734_25_198_200_283
S,2,6734,DETECTION,src/tracking/advanced_tracker.py:_activate_slot,6734_2_130_177_207
S,7,6734,DETECTION,src/tracking/advanced_tracker.py:_activate_slot,6734_102_535_289_648
S,8,6734,DETECTION,src/tracking/advanced_tracker.py:_activate_slot,6734_167_281_341_375
S,9,6734,DETECTION,src/tracking/advanced_tracker.py:_activate_slot,6734_229_121_439_212
S,0,6734,PREDICTION,src/tracking/advanced_tracker.py:flow_gapfill_batched,
S,1,6734,PREDICTION,src/tracking/advanced_tracker.py:flow_gapfill_batched,
S,5,6734,PREDICTION,src/tracking/advanced_tracker.py:flow_gapfill_batched,
S,6,6734,PREDICTION,src/tracking/advanced_tracker.py:flow_gapfill_batched,
D,2,6734
S,4,6734,PREDICTION,src/tracking/advanced_tracker.py:id_merge,
D,5,6734
S,9,6734,PREDICTION,src/tracking/advanced_tracker.py:id_merge,
D,6,6734
S,8,6734,PREDICTION,src/tracking/advanced_tracker.py:id_merge,
L,0,6734,PREDICTION,src/tracking/advanced_tracker.py:flow_gapfill_batched,
R,PREDICTION,PREDICTION,1
L,1,6734,PREDICTION,src/tracking/advanced_tracker.py:flow_gapfill_batched,
R,PREDICTION,PREDICTION,1
L,4,6734,PREDICTION,src/tracking/advanced_tracker.py:id_merge,
R,PREDICTION,PREDICTION,1
L,7,6734,DETECTION,src/tracking/advanced_tracker.py:_activate_slot,6734_102_535_289_648
R,CLAMP,CLAMP,0
L,8,6734,PREDICTION,src/tracking/advanced_tracker.py:id_merge,
R,PREDICTION,PREDICTION,1
L,9,6734,PREDICTION,src/tracking/advanced_tracker.py:id_merge,
R,CLAMP,CLAMP,0
A,6734
S,4,6740,DETECTION,src/tracking/advanced_tracker.py:_activate_slot,6740_27_196_199_274
S,7,6740,DETECTION,src/tracking/advanced_tracker.py:_activate_slot,6740_117_528_295_640
S,8,6740,DETECTION,src/tracking/advanced_tracker.py:_activate_slot,6740_163_275_338_370
S,9,6740,DETECTION,src/tracking/advanced_tracker.py:_activate_slot,6740_225_129_434_217
S,2,6740,PREDICTION,src/tracking/advanced_tracker.py:kalman_homography,
S,1,6740,PREDICTION,src/tracking/advanced_tracker.py:flow_gapfill_batched,
D,2,6740
S,4,6740,PREDICTION,src/tracking/advanced_tracker.py:id_merge,
L,1,6740,PREDICTION,src/tracking/advanced_tracker.py:flow_gapfill_batched,
R,PREDICTION,PREDICTION,1
L,4,6740,PREDICTION,src/tracking/advanced_tracker.py:id_merge,
R,PREDICTION,PREDICTION,1
L,7,6740,DETECTION,src/tracking/advanced_tracker.py:_activate_slot,6740_117_528_295_640
R,CLAMP,CLAMP,0
L,8,6740,DETECTION,src/tracking/advanced_tracker.py:_activate_slot,6740_163_275_338_370
R,DETECTION,DETECTION,1
L,9,6740,DETECTION,src/tracking/advanced_tracker.py:_activate_slot,6740_225_129_434_217
R,CLAMP,CLAMP,0
A,6740
S,4,6746,DETECTION,src/tracking/advanced_tracker.py:_activate_slot,6746_27_190_195_275
S,8,6746,DETECTION,src/tracking/advanced_tracker.py:_activate_slot,6746_162_262_338_367
S,9,6746,DETECTION,src/tracking/advanced_tracker.py:_activate_slot,6746_221_136_432_228
S,3,6746,DETECTION,src/tracking/advanced_tracker.py:_activate_slot,6746_-13_725_119_801
S,2,6746,PREDICTION,src/tracking/advanced_tracker.py:kalman_homography,
S,7,6746,PREDICTION,src/tracking/advanced_tracker.py:kalman_homography,
D,2,6746
S,4,6746,PREDICTION,src/tracking/advanced_tracker.py:id_merge,
L,3,6746,DETECTION,src/tracking/advanced_tracker.py:_activate_slot,6746_-13_725_119_801
R,CLAMP,CLAMP,0
L,4,6746,PREDICTION,src/tracking/advanced_tracker.py:id_merge,
R,PREDICTION,PREDICTION,1
L,7,6746,PREDICTION,src/tracking/advanced_tracker.py:kalman_homography,
R,CLAMP,CLAMP,0
L,8,6746,DETECTION,src/tracking/advanced_tracker.py:_activate_slot,6746_162_262_338_367
R,DETECTION,DETECTION,1
L,9,6746,DETECTION,src/tracking/advanced_tracker.py:_activate_slot,6746_221_136_432_228
R,CLAMP,CLAMP,0
A,6746
S,2,6752,DETECTION,src/tracking/advanced_tracker.py:_activate_slot,6752_-4_146_173_224
S,4,6752,DETECTION,src/tracking/advanced_tracker.py:_activate_slot,6752_25_166_195_278
S,8,6752,DETECTION,src/tracking/advanced_tracker.py:_activate_slot,6752_163_261_335_372
S,9,6752,DETECTION,src/tracking/advanced_tracker.py:_activate_slot,6752_221_146_429_241
S,3,6752,PREDICTION,src/tracking/advanced_tracker.py:kalman_homography,
S,7,6752,PREDICTION,src/tracking/advanced_tracker.py:kalman_homography,
D,2,6752
S,4,6752,PREDICTION,src/tracking/advanced_tracker.py:id_merge,
L,3,6752,PREDICTION,src/tracking/advanced_tracker.py:kalman_homography,
R,CLAMP,CLAMP,0
L,4,6752,PREDICTION,src/tracking/advanced_tracker.py:id_merge,
R,PREDICTION,PREDICTION,1
L,7,6752,PREDICTION,src/tracking/advanced_tracker.py:kalman_homography,
R,CLAMP,CLAMP,0
L,8,6752,DETECTION,src/tracking/advanced_tracker.py:_activate_slot,6752_163_261_335_372
R,DETECTION,DETECTION,1
L,9,6752,DETECTION,src/tracking/advanced_tracker.py:_activate_slot,6752_221_146_429_241
R,CLAMP,CLAMP,0
A,6752
S,4,6758,DETECTION,src/tracking/advanced_tracker.py:_activate_slot,6758_-7_150_178_229
S,2,6758,DETECTION,src/tracking/advanced_tracker.py:_activate_slot,6758_1_157_193_281
S,8,6758,DETECTION,src/tracking/advanced_tracker.py:_activate_slot,6758_221_150_426_256
S,3,6758,PREDICTION,src/tracking/advanced_tracker.py:kalman_homography,
S,7,6758,PREDICTION,src/tracking/advanced_tracker.py:kalman_homography,
S,9,6758,PREDICTION,src/tracking/advanced_tracker.py:kalman_homography,
D,2,6758
S,4,6758,PREDICTION,src/tracking/advanced_tracker.py:id_merge,
D,9,6758
S,8,6758,PREDICTION,src/tracking/advanced_tracker.py:id_merge,
L,3,6758,PREDICTION,src/tracking/advanced_tracker.py:kalman_homography,
R,CLAMP,CLAMP,0
L,4,6758,PREDICTION,src/tracking/advanced_tracker.py:id_merge,
R,PREDICTION,PREDICTION,1
L,7,6758,PREDICTION,src/tracking/advanced_tracker.py:kalman_homography,
R,CLAMP,CLAMP,0
L,8,6758,PREDICTION,src/tracking/advanced_tracker.py:id_merge,
R,PREDICTION,PREDICTION,1
A,6758
S,2,6764,DETECTION,src/tracking/advanced_tracker.py:_activate_slot,6764_-8_156_195_284
S,4,6764,DETECTION,src/tracking/advanced_tracker.py:_activate_slot,6764_154_536_303_636
S,8,6764,DETECTION,src/tracking/advanced_tracker.py:_activate_slot,6764_146_712_347_815
S,3,6764,PREDICTION,src/tracking/advanced_tracker.py:kalman_homography,
S,7,6764,PREDICTION,src/tracking/advanced_tracker.py:kalman_homography,
S,9,6764,PREDICTION,src/tracking/advanced_tracker.py:kalman_homography,
D,2,6764
S,4,6764,PREDICTION,src/tracking/advanced_tracker.py:id_merge,
L,3,6764,PREDICTION,src/tracking/advanced_tracker.py:kalman_homography,
R,CLAMP,CLAMP,0
L,4,6764,PREDICTION,src/tracking/advanced_tracker.py:id_merge,
R,PREDICTION,PREDICTION,1
L,7,6764,PREDICTION,src/tracking/advanced_tracker.py:kalman_homography,
R,CLAMP,CLAMP,0
L,8,6764,DETECTION,src/tracking/advanced_tracker.py:_activate_slot,6764_146_712_347_815
R,CLAMP,CLAMP,0
L,9,6764,PREDICTION,src/tracking/advanced_tracker.py:kalman_homography,
R,CLAMP,CLAMP,0
A,6764
S,2,6770,DETECTION,src/tracking/advanced_tracker.py:_activate_slot,6770_-2_164_196_286
S,4,6770,DETECTION,src/tracking/advanced_tracker.py:_activate_slot,6770_169_543_316_635
S,5,6770,DETECTION,src/tracking/advanced_tracker.py:_activate_slot,6770_154_624_331_748
S,3,6770,PREDICTION,src/tracking/advanced_tracker.py:kalman_homography,
S,7,6770,PREDICTION,src/tracking/advanced_tracker.py:kalman_homography,
S,8,6770,PREDICTION,src/tracking/advanced_tracker.py:kalman_homography,
S,9,6770,PREDICTION,src/tracking/advanced_tracker.py:kalman_homography,
D,2,6770
S,4,6770,PREDICTION,src/tracking/advanced_tracker.py:id_merge,
D,8,6770
S,5,6770,PREDICTION,src/tracking/advanced_tracker.py:id_merge,
L,3,6770,PREDICTION,src/tracking/advanced_tracker.py:kalman_homography,
R,CLAMP,CLAMP,0
L,4,6770,PREDICTION,src/tracking/advanced_tracker.py:id_merge,
R,PREDICTION,PREDICTION,1
L,5,6770,PREDICTION,src/tracking/advanced_tracker.py:id_merge,
R,CLAMP,CLAMP,0
L,7,6770,PREDICTION,src/tracking/advanced_tracker.py:kalman_homography,
R,CLAMP,CLAMP,0
L,9,6770,PREDICTION,src/tracking/advanced_tracker.py:kalman_homography,
R,CLAMP,CLAMP,0
A,6770
S,2,6776,DETECTION,src/tracking/advanced_tracker.py:_activate_slot,6776_-6_166_196_288
S,5,6776,DETECTION,src/tracking/advanced_tracker.py:_activate_slot,6776_170_622_324_730
S,0,6776,DETECTION,src/tracking/advanced_tracker.py:_activate_slot,6776_-14_239_144_328
S,6,6776,DETECTION,src/tracking/advanced_tracker.py:_activate_slot,6776_228_168_428_293
S,3,6776,PREDICTION,src/tracking/advanced_tracker.py:kalman_homography,
S,4,6776,PREDICTION,src/tracking/advanced_tracker.py:kalman_homography,
S,7,6776,PREDICTION,src/tracking/advanced_tracker.py:kalman_homography,
S,8,6776,PREDICTION,src/tracking/advanced_tracker.py:kalman_homography,
S,9,6776,PREDICTION,src/tracking/advanced_tracker.py:kalman_homography,
D,0,6776
S,2,6776,PREDICTION,src/tracking/advanced_tracker.py:id_merge,
D,9,6776
S,6,6776,PREDICTION,src/tracking/advanced_tracker.py:id_merge,
L,2,6776,PREDICTION,src/tracking/advanced_tracker.py:id_merge,
R,PREDICTION,PREDICTION,1
L,3,6776,PREDICTION,src/tracking/advanced_tracker.py:kalman_homography,
R,CLAMP,CLAMP,0
L,4,6776,PREDICTION,src/tracking/advanced_tracker.py:kalman_homography,
R,PREDICTION,PREDICTION,1
L,5,6776,DETECTION,src/tracking/advanced_tracker.py:_activate_slot,6776_170_622_324_730
R,CLAMP,CLAMP,0
L,6,6776,PREDICTION,src/tracking/advanced_tracker.py:id_merge,
R,PREDICTION,PREDICTION,1
L,7,6776,PREDICTION,src/tracking/advanced_tracker.py:kalman_homography,
R,CLAMP,CLAMP,0
L,8,6776,PREDICTION,src/tracking/advanced_tracker.py:kalman_homography,
R,CLAMP,CLAMP,0
A,6776
S,2,6782,DETECTION,src/tracking/advanced_tracker.py:_activate_slot,6782_9_172_193_292
S,5,6782,DETECTION,src/tracking/advanced_tracker.py:_activate_slot,6782_187_279_346_395
S,7,6782,DETECTION,src/tracking/advanced_tracker.py:_activate_slot,6782_195_534_365_634
S,1,6782,DETECTION,src/tracking/advanced_tracker.py:_activate_slot,6782_-14_413_139_500
S,0,6782,PREDICTION,src/tracking/advanced_tracker.py:kalman_homography,
S,3,6782,PREDICTION,src/tracking/advanced_tracker.py:kalman_homography,
S,4,6782,PREDICTION,src/tracking/advanced_tracker.py:kalman_homography,
S,6,6782,PREDICTION,src/tracking/advanced_tracker.py:kalman_homography,
S,9,6782,PREDICTION,src/tracking/advanced_tracker.py:kalman_homography,
S,8,6782,PREDICTION,src/tracking/advanced_tracker.py:flow_gapfill_batched,
D,0,6782
S,1,6782,PREDICTION,src/tracking/advanced_tracker.py:id_merge,
D,4,6782
S,1,6782,PREDICTION,src/tracking/advanced_tracker.py:id_merge,
D,9,6782
S,6,6782,PREDICTION,src/tracking/advanced_tracker.py:id_merge,
L,1,6782,PREDICTION,src/tracking/advanced_tracker.py:id_merge,
R,CLAMP,CLAMP,0
L,2,6782,DETECTION,src/tracking/advanced_tracker.py:_activate_slot,6782_9_172_193_292
R,DETECTION,DETECTION,1
L,3,6782,PREDICTION,src/tracking/advanced_tracker.py:kalman_homography,
R,CLAMP,CLAMP,0
L,5,6782,DETECTION,src/tracking/advanced_tracker.py:_activate_slot,6782_187_279_346_395
R,DETECTION,DETECTION,1
L,6,6782,PREDICTION,src/tracking/advanced_tracker.py:id_merge,
R,PREDICTION,PREDICTION,1
L,7,6782,DETECTION,src/tracking/advanced_tracker.py:_activate_slot,6782_195_534_365_634
R,CLAMP,CLAMP,0
L,8,6782,PREDICTION,src/tracking/advanced_tracker.py:flow_gapfill_batched,
R,CLAMP,CLAMP,0
A,6782
S,2,6788,DETECTION,src/tracking/advanced_tracker.py:_activate_slot,6788_30_177_192_299
S,0,6788,PREDICTION,src/tracking/advanced_tracker.py:kalman_homography,
S,1,6788,PREDICTION,src/tracking/advanced_tracker.py:kalman_homography,
S,3,6788,PREDICTION,src/tracking/advanced_tracker.py:kalman_homography,
S,4,6788,PREDICTION,src/tracking/advanced_tracker.py:kalman_homography,
S,5,6788,PREDICTION,src/tracking/advanced_tracker.py:kalman_homography,
S,6,6788,PREDICTION,src/tracking/advanced_tracker.py:kalman_homography,
S,7,6788,PREDICTION,src/tracking/advanced_tracker.py:kalman_homography,
S,9,6788,PREDICTION,src/tracking/advanced_tracker.py:kalman_homography,
S,8,6788,PREDICTION,src/tracking/advanced_tracker.py:flow_gapfill_batched,
D,0,6788
S,1,6788,PREDICTION,src/tracking/advanced_tracker.py:id_merge,
D,3,6788
S,4,6788,PREDICTION,src/tracking/advanced_tracker.py:id_merge,
D,9,6788
S,6,6788,PREDICTION,src/tracking/advanced_tracker.py:id_merge,
L,1,6788,PREDICTION,src/tracking/advanced_tracker.py:id_merge,
R,CLAMP,CLAMP,0
L,2,6788,DETECTION,src/tracking/advanced_tracker.py:_activate_slot,6788_30_177_192_299
R,DETECTION,DETECTION,1
L,4,6788,PREDICTION,src/tracking/advanced_tracker.py:id_merge,
R,PREDICTION,PREDICTION,1
L,5,6788,PREDICTION,src/tracking/advanced_tracker.py:kalman_homography,
R,PREDICTION,PREDICTION,1
L,6,6788,PREDICTION,src/tracking/advanced_tracker.py:id_merge,
R,PREDICTION,SUBPIXEL,0
L,7,6788,PREDICTION,src/tracking/advanced_tracker.py:kalman_homography,
R,CLAMP,CLAMP,0
L,8,6788,PREDICTION,src/tracking/advanced_tracker.py:flow_gapfill_batched,
R,CLAMP,CLAMP,0
A,6788
S,2,6794,DETECTION,src/tracking/advanced_tracker.py:_activate_slot,6794_-11_174_192_300
S,4,6794,DETECTION,src/tracking/advanced_tracker.py:_activate_slot,6794_189_639_352_734
S,0,6794,PREDICTION,src/tracking/advanced_tracker.py:kalman_homography,
S,1,6794,PREDICTION,src/tracking/advanced_tracker.py:kalman_homography,
S,5,6794,PREDICTION,src/tracking/advanced_tracker.py:kalman_homography,
S,6,6794,PREDICTION,src/tracking/advanced_tracker.py:kalman_homography,
S,7,6794,PREDICTION,src/tracking/advanced_tracker.py:kalman_homography,
S,9,6794,PREDICTION,src/tracking/advanced_tracker.py:kalman_homography,
S,3,6794,PREDICTION,src/tracking/advanced_tracker.py:flow_gapfill_batched,
S,8,6794,PREDICTION,src/tracking/advanced_tracker.py:flow_gapfill_batched,
D,0,6794
S,1,6794,PREDICTION,src/tracking/advanced_tracker.py:id_merge,
D,1,6794
S,4,6794,PREDICTION,src/tracking/advanced_tracker.py:id_merge,
D,6,6794
S,5,6794,PREDICTION,src/tracking/advanced_tracker.py:id_merge,
D,9,6794
S,5,6794,PREDICTION,src/tracking/advanced_tracker.py:id_merge,
L,2,6794,DETECTION,src/tracking/advanced_tracker.py:_activate_slot,6794_-11_174_192_300
R,DETECTION,SUBPIXEL,0
L,3,6794,PREDICTION,src/tracking/advanced_tracker.py:flow_gapfill_batched,
R,CLAMP,CLAMP,0
L,4,6794,PREDICTION,src/tracking/advanced_tracker.py:id_merge,
R,PREDICTION,PREDICTION,1
L,5,6794,PREDICTION,src/tracking/advanced_tracker.py:id_merge,
R,PREDICTION,PREDICTION,1
L,7,6794,PREDICTION,src/tracking/advanced_tracker.py:kalman_homography,
R,CLAMP,CLAMP,0
L,8,6794,PREDICTION,src/tracking/advanced_tracker.py:flow_gapfill_batched,
R,CLAMP,CLAMP,0
A,6794
S,2,6800,DETECTION,src/tracking/advanced_tracker.py:_activate_slot,6800_6_177_192_301
S,1,6800,DETECTION,src/tracking/advanced_tracker.py:_activate_slot,6800_-15_415_143_498
S,0,6800,PREDICTION,src/tracking/advanced_tracker.py:kalman_homography,
S,4,6800,PREDICTION,src/tracking/advanced_tracker.py:kalman_homography,
S,6,6800,PREDICTION,src/tracking/advanced_tracker.py:kalman_homography,
S,7,6800,PREDICTION,src/tracking/advanced_tracker.py:kalman_homography,
S,5,6800,PREDICTION,src/tracking/advanced_tracker.py:flow_gapfill_batched,
S,8,6800,PREDICTION,src/tracking/advanced_tracker.py:flow_gapfill_batched,
D,0,6800
S,1,6800,PREDICTION,src/tracking/advanced_tracker.py:id_merge,
D,4,6800
S,1,6800,PREDICTION,src/tracking/advanced_tracker.py:id_merge,
D,5,6800
S,7,6800,PREDICTION,src/tracking/advanced_tracker.py:id_merge,
L,1,6800,PREDICTION,src/tracking/advanced_tracker.py:id_merge,
R,CLAMP,CLAMP,0
L,2,6800,DETECTION,src/tracking/advanced_tracker.py:_activate_slot,6800_6_177_192_301
R,DETECTION,DETECTION,1
L,6,6800,PREDICTION,src/tracking/advanced_tracker.py:kalman_homography,
R,PREDICTION,SUBPIXEL,0
L,7,6800,PREDICTION,src/tracking/advanced_tracker.py:id_merge,
R,CLAMP,CLAMP,0
L,8,6800,PREDICTION,src/tracking/advanced_tracker.py:flow_gapfill_batched,
R,CLAMP,CLAMP,0
A,6800
S,1,6806,DETECTION,src/tracking/advanced_tracker.py:_activate_slot,6806_205_710_397_796
S,2,6806,DETECTION,src/tracking/advanced_tracker.py:_activate_slot,6806_22_186_190_301
S,0,6806,PREDICTION,src/tracking/advanced_tracker.py:kalman_homography,
S,4,6806,PREDICTION,src/tracking/advanced_tracker.py:kalman_homography,
S,6,6806,PREDICTION,src/tracking/advanced_tracker.py:kalman_homography,
S,7,6806,PREDICTION,src/tracking/advanced_tracker.py:kalman_homography,
S,5,6806,PREDICTION,src/tracking/advanced_tracker.py:flow_gapfill_batched,
S,8,6806,PREDICTION,src/tracking/advanced_tracker.py:flow_gapfill_batched,
D,0,6806
S,1,6806,PREDICTION,src/tracking/advanced_tracker.py:id_merge,
D,4,6806
S,1,6806,PREDICTION,src/tracking/advanced_tracker.py:id_merge,
D,5,6806
S,7,6806,PREDICTION,src/tracking/advanced_tracker.py:id_merge,
L,1,6806,PREDICTION,src/tracking/advanced_tracker.py:id_merge,
R,CLAMP,CLAMP,0
L,2,6806,DETECTION,src/tracking/advanced_tracker.py:_activate_slot,6806_22_186_190_301
R,DETECTION,DETECTION,1
L,6,6806,PREDICTION,src/tracking/advanced_tracker.py:kalman_homography,
R,PREDICTION,SUBPIXEL,0
L,7,6806,PREDICTION,src/tracking/advanced_tracker.py:id_merge,
R,CLAMP,CLAMP,0
L,8,6806,PREDICTION,src/tracking/advanced_tracker.py:flow_gapfill_batched,
R,CLAMP,CLAMP,0
A,6806
S,2,6812,DETECTION,src/tracking/advanced_tracker.py:_activate_slot,6812_12_203_189_302
S,4,6812,DETECTION,src/tracking/advanced_tracker.py:_activate_slot,6812_212_703_365_796
S,0,6812,PREDICTION,src/tracking/advanced_tracker.py:kalman_homography,
S,1,6812,PREDICTION,src/tracking/advanced_tracker.py:kalman_homography,
S,6,6812,PREDICTION,src/tracking/advanced_tracker.py:kalman_homography,
S,7,6812,PREDICTION,src/tracking/advanced_tracker.py:kalman_homography,
S,5,6812,PREDICTION,src/tracking/advanced_tracker.py:flow_gapfill_batched,
S,8,6812,PREDICTION,src/tracking/advanced_tracker.py:flow_gapfill_batched,
D,0,6812
S,1,6812,PREDICTION,src/tracking/advanced_tracker.py:id_merge,
D,1,6812
S,2,6812,PREDICTION,src/tracking/advanced_tracker.py:id_merge,
D,5,6812
S,7,6812,PREDICTION,src/tracking/advanced_tracker.py:id_merge,
L,2,6812,PREDICTION,src/tracking/advanced_tracker.py:id_merge,
R,PREDICTION,PREDICTION,1
L,4,6812,DETECTION,src/tracking/advanced_tracker.py:_activate_slot,6812_212_703_365_796
R,DETECTION,DETECTION,1
L,6,6812,PREDICTION,src/tracking/advanced_tracker.py:kalman_homography,
R,PREDICTION,SUBPIXEL,0
L,7,6812,PREDICTION,src/tracking/advanced_tracker.py:id_merge,
R,CLAMP,CLAMP,0
L,8,6812,PREDICTION,src/tracking/advanced_tracker.py:flow_gapfill_batched,
R,CLAMP,CLAMP,0
A,6812
S,2,6818,DETECTION,src/tracking/advanced_tracker.py:_activate_slot,6818_14_215_194_304
S,0,6818,PREDICTION,src/tracking/advanced_tracker.py:kalman_homography,
S,1,6818,PREDICTION,src/tracking/advanced_tracker.py:kalman_homography,
S,4,6818,PREDICTION,src/tracking/advanced_tracker.py:kalman_homography,
S,6,6818,PREDICTION,src/tracking/advanced_tracker.py:kalman_homography,
S,7,6818,PREDICTION,src/tracking/advanced_tracker.py:kalman_homography,
S,5,6818,PREDICTION,src/tracking/advanced_tracker.py:flow_gapfill_batched,
D,0,6818
S,2,6818,PREDICTION,src/tracking/advanced_tracker.py:id_merge,
D,5,6818
S,7,6818,PREDICTION,src/tracking/advanced_tracker.py:id_merge,
L,1,6818,PREDICTION,src/tracking/advanced_tracker.py:kalman_homography,
R,CLAMP,CLAMP,0
L,2,6818,PREDICTION,src/tracking/advanced_tracker.py:id_merge,
R,PREDICTION,PREDICTION,1
L,4,6818,PREDICTION,src/tracking/advanced_tracker.py:kalman_homography,
R,PREDICTION,PREDICTION,1
L,6,6818,PREDICTION,src/tracking/advanced_tracker.py:kalman_homography,
R,PREDICTION,SUBPIXEL,0
L,7,6818,PREDICTION,src/tracking/advanced_tracker.py:id_merge,
R,CLAMP,CLAMP,0
A,6818
S,2,6824,DETECTION,src/tracking/advanced_tracker.py:_activate_slot,6824_17_223_189_310
S,4,6824,PREDICTION,src/tracking/advanced_tracker.py:kalman_homography,
S,7,6824,PREDICTION,src/tracking/advanced_tracker.py:kalman_homography,
S,0,6824,PREDICTION,src/tracking/advanced_tracker.py:flow_gapfill_batched,
S,1,6824,PREDICTION,src/tracking/advanced_tracker.py:flow_gapfill_batched,
S,5,6824,PREDICTION,src/tracking/advanced_tracker.py:flow_gapfill_batched,
S,6,6824,PREDICTION,src/tracking/advanced_tracker.py:flow_gapfill_batched,
D,0,6824
S,1,6824,PREDICTION,src/tracking/advanced_tracker.py:id_merge,
D,1,6824
S,2,6824,PREDICTION,src/tracking/advanced_tracker.py:id_merge,
D,5,6824
S,7,6824,PREDICTION,src/tracking/advanced_tracker.py:id_merge,
L,2,6824,PREDICTION,src/tracking/advanced_tracker.py:id_merge,
R,PREDICTION,PREDICTION,1
L,4,6824,PREDICTION,src/tracking/advanced_tracker.py:kalman_homography,
R,PREDICTION,PREDICTION,1
L,6,6824,PREDICTION,src/tracking/advanced_tracker.py:flow_gapfill_batched,
R,PREDICTION,PREDICTION,1
L,7,6824,PREDICTION,src/tracking/advanced_tracker.py:id_merge,
R,CLAMP,CLAMP,0
A,6824
S,2,6830,DETECTION,src/tracking/advanced_tracker.py:_activate_slot,6830_13_224_198_314
S,4,6830,PREDICTION,src/tracking/advanced_tracker.py:kalman_homography,
S,1,6830,PREDICTION,src/tracking/advanced_tracker.py:flow_gapfill_batched,
S,5,6830,PREDICTION,src/tracking/advanced_tracker.py:flow_gapfill_batched,
S,7,6830,PREDICTION,src/tracking/advanced_tracker.py:flow_gapfill_batched,
D,1,6830
S,2,6830,PREDICTION,src/tracking/advanced_tracker.py:id_merge,
D,5,6830
S,7,6830,PREDICTION,src/tracking/advanced_tracker.py:id_merge,
L,2,6830,PREDICTION,src/tracking/advanced_tracker.py:id_merge,
R,PREDICTION,PREDICTION,1
L,4,6830,PREDICTION,src/tracking/advanced_tracker.py:kalman_homography,
R,PREDICTION,PREDICTION,1
L,7,6830,PREDICTION,src/tracking/advanced_tracker.py:id_merge,
R,CLAMP,CLAMP,0
A,6830
S,2,6836,DETECTION,src/tracking/advanced_tracker.py:_activate_slot,6836_16_225_192_315
S,3,6836,DETECTION,src/tracking/advanced_tracker.py:_activate_slot,6836_218_709_437_809
S,4,6836,PREDICTION,src/tracking/advanced_tracker.py:kalman_homography,
S,1,6836,PREDICTION,src/tracking/advanced_tracker.py:flow_gapfill_batched,
D,1,6836
S,2,6836,PREDICTION,src/tracking/advanced_tracker.py:id_merge,
D,2,6836
S,3,6836,PREDICTION,src/tracking/advanced_tracker.py:id_merge,
L,3,6836,PREDICTION,src/tracking/advanced_tracker.py:id_merge,
R,CLAMP,CLAMP,0
L,4,6836,PREDICTION,src/tracking/advanced_tracker.py:kalman_homography,
R,PREDICTION,PREDICTION,1
A,6836
S,2,6842,DETECTION,src/tracking/advanced_tracker.py:_activate_slot,6842_13_225_191_312
S,9,6842,DETECTION,src/tracking/advanced_tracker.py:_activate_slot,6842_214_279_422_402
S,3,6842,PREDICTION,src/tracking/advanced_tracker.py:kalman_homography,
S,4,6842,PREDICTION,src/tracking/advanced_tracker.py:kalman_homography,
S,1,6842,PREDICTION,src/tracking/advanced_tracker.py:flow_gapfill_batched,
D,1,6842
S,2,6842,PREDICTION,src/tracking/advanced_tracker.py:id_merge,
D,3,6842
S,2,6842,PREDICTION,src/tracking/advanced_tracker.py:id_merge,
L,2,6842,PREDICTION,src/tracking/advanced_tracker.py:id_merge,
R,PREDICTION,PREDICTION,1
L,4,6842,PREDICTION,src/tracking/advanced_tracker.py:kalman_homography,
R,PREDICTION,PREDICTION,1
L,9,6842,DETECTION,src/tracking/advanced_tracker.py:_activate_slot,6842_214_279_422_402
R,DETECTION,DETECTION,1
A,6842
S,2,6848,DETECTION,src/tracking/advanced_tracker.py:_activate_slot,6848_10_227_188_313
S,3,6848,DETECTION,src/tracking/advanced_tracker.py:_activate_slot,6848_222_720_421_816
S,9,6848,DETECTION,src/tracking/advanced_tracker.py:_activate_slot,6848_212_283_421_404
S,4,6848,PREDICTION,src/tracking/advanced_tracker.py:kalman_homography,
S,1,6848,PREDICTION,src/tracking/advanced_tracker.py:flow_gapfill_batched,
D,1,6848
S,2,6848,PREDICTION,src/tracking/advanced_tracker.py:id_merge,
D,2,6848
S,3,6848,PREDICTION,src/tracking/advanced_tracker.py:id_merge,
L,3,6848,PREDICTION,src/tracking/advanced_tracker.py:id_merge,
R,CLAMP,CLAMP,0
L,4,6848,PREDICTION,src/tracking/advanced_tracker.py:kalman_homography,
R,PREDICTION,PREDICTION,1
L,9,6848,DETECTION,src/tracking/advanced_tracker.py:_activate_slot,6848_212_283_421_404
R,DETECTION,DETECTION,1
A,6848
S,2,6854,DETECTION,src/tracking/advanced_tracker.py:_activate_slot,6854_6_227_186_318
S,9,6854,DETECTION,src/tracking/advanced_tracker.py:_activate_slot,6854_212_287_423_413
S,8,6854,DETECTION,src/tracking/advanced_tracker.py:_activate_slot,6854_176_364_364_472
S,3,6854,PREDICTION,src/tracking/advanced_tracker.py:kalman_homography,
S,4,6854,PREDICTION,src/tracking/advanced_tracker.py:kalman_homography,
S,1,6854,PREDICTION,src/tracking/advanced_tracker.py:flow_gapfill_batched,
D,1,6854
S,2,6854,PREDICTION,src/tracking/advanced_tracker.py:id_merge,
D,3,6854
S,2,6854,PREDICTION,src/tracking/advanced_tracker.py:id_merge,
L,2,6854,PREDICTION,src/tracking/advanced_tracker.py:id_merge,
R,PREDICTION,PREDICTION,1
L,4,6854,PREDICTION,src/tracking/advanced_tracker.py:kalman_homography,
R,PREDICTION,PREDICTION,1
L,8,6854,DETECTION,src/tracking/advanced_tracker.py:_activate_slot,6854_176_364_364_472
R,DETECTION,DETECTION,1
L,9,6854,DETECTION,src/tracking/advanced_tracker.py:_activate_slot,6854_212_287_423_413
R,DETECTION,DETECTION,1
A,6854
S,2,6860,DETECTION,src/tracking/advanced_tracker.py:_activate_slot,6860_5_228_190_321
S,3,6860,DETECTION,src/tracking/advanced_tracker.py:_activate_slot,6860_210_713_433_805
S,8,6860,DETECTION,src/tracking/advanced_tracker.py:_activate_slot,6860_176_365_365_469
S,9,6860,DETECTION,src/tracking/advanced_tracker.py:_activate_slot,6860_212_291_421_399
S,4,6860,PREDICTION,src/tracking/advanced_tracker.py:flow_gapfill_batched,
D,2,6860
S,3,6860,PREDICTION,src/tracking/advanced_tracker.py:id_merge,
L,3,6860,PREDICTION,src/tracking/advanced_tracker.py:id_merge,
R,CLAMP,CLAMP,0
L,4,6860,PREDICTION,src/tracking/advanced_tracker.py:flow_gapfill_batched,
R,PREDICTION,PREDICTION,1
L,8,6860,DETECTION,src/tracking/advanced_tracker.py:_activate_slot,6860_176_365_365_469
R,DETECTION,DETECTION,1
L,9,6860,DETECTION,src/tracking/advanced_tracker.py:_activate_slot,6860_212_291_421_399
R,DETECTION,DETECTION,1
A,6860
