S,0,697,DETECTION,src/tracking/advanced_tracker.py:_activate_slot,697_-14_291_618_861
L,0,697,DETECTION,src/tracking/advanced_tracker.py:_activate_slot,697_-14_291_618_861
R,DETECTION,DETECTION,1
A,697
S,1,703,DETECTION,src/tracking/advanced_tracker.py:_activate_slot,703_293_803_665_1123
S,0,703,PREDICTION,src/tracking/advanced_tracker.py:flow_gapfill_batched,
L,0,703,PREDICTION,src/tracking/advanced_tracker.py:flow_gapfill_batched,
R,PREDICTION,PREDICTION,1
L,1,703,DETECTION,src/tracking/advanced_tracker.py:_activate_slot,703_293_803_665_1123
R,DETECTION,DETECTION,1
A,703
S,0,709,DETECTION,src/tracking/advanced_tracker.py:_activate_slot,709_-12_316_617_930
S,1,709,DETECTION,src/tracking/advanced_tracker.py:_activate_slot,709_292_936_667_1254
L,0,709,DETECTION,src/tracking/advanced_tracker.py:_activate_slot,709_-12_316_617_930
R,DETECTION,DETECTION,1
L,1,709,DETECTION,src/tracking/advanced_tracker.py:_activate_slot,709_292_936_667_1254
R,CLAMP,CLAMP,0
A,709
S,0,715,DETECTION,src/tracking/advanced_tracker.py:_activate_slot,715_-13_332_613_939
L,0,715,DETECTION,src/tracking/advanced_tracker.py:_activate_slot,715_-13_332_613_939
R,DETECTION,DETECTION,1
A,715
S,0,721,DETECTION,src/tracking/advanced_tracker.py:_activate_slot,721_-14_363_625_964
L,0,721,DETECTION,src/tracking/advanced_tracker.py:_activate_slot,721_-14_363_625_964
R,CLAMP,CLAMP,0
A,721
S,0,727,DETECTION,src/tracking/advanced_tracker.py:_activate_slot,727_-14_373_627_980
S,1,727,PREDICTION,src/tracking/advanced_tracker.py:flow_gapfill_batched,
L,0,727,DETECTION,src/tracking/advanced_tracker.py:_activate_slot,727_-14_373_627_980
R,CLAMP,CLAMP,0
L,1,727,PREDICTION,src/tracking/advanced_tracker.py:flow_gapfill_batched,
R,CLAMP,CLAMP,0
A,727
S,0,733,PREDICTION,src/tracking/advanced_tracker.py:kalman_homography,
S,1,733,PREDICTION,src/tracking/advanced_tracker.py:flow_gapfill_batched,
L,0,733,PREDICTION,src/tracking/advanced_tracker.py:kalman_homography,
R,CLAMP,CLAMP,0
L,1,733,PREDICTION,src/tracking/advanced_tracker.py:flow_gapfill_batched,
R,CLAMP,CLAMP,0
A,733
S,0,739,PREDICTION,src/tracking/advanced_tracker.py:kalman_homography,
S,1,739,PREDICTION,src/tracking/advanced_tracker.py:flow_gapfill_batched,
L,0,739,PREDICTION,src/tracking/advanced_tracker.py:kalman_homography,
R,CLAMP,CLAMP,0
L,1,739,PREDICTION,src/tracking/advanced_tracker.py:flow_gapfill_batched,
R,CLAMP,CLAMP,0
A,739
S,0,745,PREDICTION,src/tracking/advanced_tracker.py:flow_gapfill_batched,
S,1,745,PREDICTION,src/tracking/advanced_tracker.py:flow_gapfill_batched,
L,0,745,PREDICTION,src/tracking/advanced_tracker.py:flow_gapfill_batched,
R,CLAMP,CLAMP,0
L,1,745,PREDICTION,src/tracking/advanced_tracker.py:flow_gapfill_batched,
R,CLAMP,CLAMP,0
A,745
S,2,751,DETECTION,src/tracking/advanced_tracker.py:_activate_slot,751_2_330_584_516
S,0,751,PREDICTION,src/tracking/advanced_tracker.py:flow_gapfill_batched,
S,1,751,PREDICTION,src/tracking/advanced_tracker.py:flow_gapfill_batched,
L,0,751,PREDICTION,src/tracking/advanced_tracker.py:flow_gapfill_batched,
R,CLAMP,CLAMP,0
L,1,751,PREDICTION,src/tracking/advanced_tracker.py:flow_gapfill_batched,
R,CLAMP,CLAMP,0
L,2,751,DETECTION,src/tracking/advanced_tracker.py:_activate_slot,751_2_330_584_516
R,DETECTION,DETECTION,1
A,751
S,2,757,DETECTION,src/tracking/advanced_tracker.py:_activate_slot,757_-7_312_577_509
S,0,757,PREDICTION,src/tracking/advanced_tracker.py:kalman_homography,
S,1,757,PREDICTION,src/tracking/advanced_tracker.py:flow_gapfill_batched,
L,0,757,PREDICTION,src/tracking/advanced_tracker.py:kalman_homography,
R,CLAMP,CLAMP,0
L,1,757,PREDICTION,src/tracking/advanced_tracker.py:flow_gapfill_batched,
R,CLAMP,CLAMP,0
L,2,757,DETECTION,src/tracking/advanced_tracker.py:_activate_slot,757_-7_312_577_509
R,DETECTION,DETECTION,1
A,757
S,0,763,PREDICTION,src/tracking/advanced_tracker.py:kalman_homography,
S,2,763,PREDICTION,src/tracking/advanced_tracker.py:kalman_homography,
L,0,763,PREDICTION,src/tracking/advanced_tracker.py:kalman_homography,
R,CLAMP,CLAMP,0
L,2,763,PREDICTION,src/tracking/advanced_tracker.py:kalman_homography,
R,CLAMP,CLAMP,0
A,763
S,5,769,DETECTION,src/tracking/advanced_tracker.py:_activate_slot,769_-4_301_586_535
S,2,769,PREDICTION,src/tracking/advanced_tracker.py:kalman_homography,
S,0,769,PREDICTION,src/tracking/advanced_tracker.py:flow_gapfill_batched,
L,0,769,PREDICTION,src/tracking/advanced_tracker.py:flow_gapfill_batched,
R,CLAMP,CLAMP,0
L,2,769,PREDICTION,src/tracking/advanced_tracker.py:kalman_homography,
R,PREDICTION,PREDICTION,1
L,5,769,DETECTION,src/tracking/advanced_tracker.py:_activate_slot,769_-4_301_586_535
R,DETECTION,DETECTION,1
A,769
S,2,775,DETECTION,src/tracking/advanced_tracker.py:_activate_slot,775_-8_290_587_479
S,5,775,PREDICTION,src/tracking/advanced_tracker.py:kalman_homography,
S,0,775,PREDICTION,src/tracking/advanced_tracker.py:flow_gapfill_batched,
L,0,775,PREDICTION,src/tracking/advanced_tracker.py:flow_gapfill_batched,
R,CLAMP,CLAMP,0
L,2,775,DETECTION,src/tracking/advanced_tracker.py:_activate_slot,775_-8_290_587_479
R,DETECTION,DETECTION,1
L,5,775,PREDICTION,src/tracking/advanced_tracker.py:kalman_homography,
R,CLAMP,CLAMP,0
A,775
S,2,781,PREDICTION,src/tracking/advanced_tracker.py:kalman_homography,
S,5,781,PREDICTION,src/tracking/advanced_tracker.py:kalman_homography,
L,2,781,PREDICTION,src/tracking/advanced_tracker.py:kalman_homography,
R,CLAMP,CLAMP,1
L,5,781,PREDICTION,src/tracking/advanced_tracker.py:kalman_homography,
R,CLAMP,CLAMP,0
A,781
S,2,787,DETECTION,src/tracking/advanced_tracker.py:_activate_slot,787_-1_288_589_470
S,5,787,PREDICTION,src/tracking/advanced_tracker.py:kalman_homography,
L,2,787,DETECTION,src/tracking/advanced_tracker.py:_activate_slot,787_-1_288_589_470
R,DETECTION,DETECTION,1
L,5,787,PREDICTION,src/tracking/advanced_tracker.py:kalman_homography,
R,CLAMP,CLAMP,0
A,787
S,5,793,DETECTION,src/tracking/advanced_tracker.py:_activate_slot,793_19_270_590_548
S,2,793,PREDICTION,src/tracking/advanced_tracker.py:kalman_homography,
L,2,793,PREDICTION,src/tracking/advanced_tracker.py:kalman_homography,
R,CLAMP,CLAMP,0
L,5,793,DETECTION,src/tracking/advanced_tracker.py:_activate_slot,793_19_270_590_548
R,DETECTION,DETECTION,1
A,793
S,5,799,DETECTION,src/tracking/advanced_tracker.py:_activate_slot,799_-11_286_592_573
S,2,799,PREDICTION,src/tracking/advanced_tracker.py:kalman_homography,
L,2,799,PREDICTION,src/tracking/advanced_tracker.py:kalman_homography,
R,CLAMP,CLAMP,0
L,5,799,DETECTION,src/tracking/advanced_tracker.py:_activate_slot,799_-11_286_592_573
R,DETECTION,DETECTION,1
A,799
S,5,805,DETECTION,src/tracking/advanced_tracker.py:_activate_slot,805_-14_310_594_572
S,2,805,PREDICTION,src/tracking/advanced_tracker.py:kalman_homography,
L,2,805,PREDICTION,src/tracking/advanced_tracker.py:kalman_homography,
R,CLAMP,CLAMP,0
L,5,805,DETECTION,src/tracking/advanced_tracker.py:_activate_slot,805_-14_310_594_572
R,DETECTION,DETECTION,1
A,805
S,5,811,DETECTION,src/tracking/advanced_tracker.py:_activate_slot,811_-14_294_594_572
S,2,811,PREDICTION,src/tracking/advanced_tracker.py:flow_gapfill_batched,
L,2,811,PREDICTION,src/tracking/advanced_tracker.py:flow_gapfill_batched,
R,PREDICTION,PREDICTION,1
L,5,811,DETECTION,src/tracking/advanced_tracker.py:_activate_slot,811_-14_294_594_572
R,DETECTION,DETECTION,1
A,811
S,5,817,DETECTION,src/tracking/advanced_tracker.py:_activate_slot,817_-12_300_590_587
S,2,817,PREDICTION,src/tracking/advanced_tracker.py:flow_gapfill_batched,
L,2,817,PREDICTION,src/tracking/advanced_tracker.py:flow_gapfill_batched,
R,PREDICTION,SUBPIXEL,0
L,5,817,DETECTION,src/tracking/advanced_tracker.py:_activate_slot,817_-12_300_590_587
R,DETECTION,DETECTION,1
A,817
S,5,823,DETECTION,src/tracking/advanced_tracker.py:_activate_slot,823_-10_277_588_472
S,6,823,DETECTION,src/tracking/advanced_tracker.py:_activate_slot,823_-13_368_585_627
S,2,823,PREDICTION,src/tracking/advanced_tracker.py:flow_gapfill_batched,
L,2,823,PREDICTION,src/tracking/advanced_tracker.py:flow_gapfill_batched,
R,PREDICTION,SUBPIXEL,0
L,5,823,DETECTION,src/tracking/advanced_tracker.py:_activate_slot,823_-10_277_588_472
R,DETECTION,DETECTION,1
L,6,823,DETECTION,src/tracking/advanced_tracker.py:_activate_slot,823_-13_368_585_627
R,DETECTION,DETECTION,1
A,823
S,5,829,DETECTION,src/tracking/advanced_tracker.py:_activate_slot,829_-6_283_589_478
S,6,829,DETECTION,src/tracking/advanced_tracker.py:_activate_slot,829_-12_389_588_662
S,2,829,PREDICTION,src/tracking/advanced_tracker.py:flow_gapfill_batched,
L,2,829,PREDICTION,src/tracking/advanced_tracker.py:flow_gapfill_batched,
R,PREDICTION,SUBPIXEL,0
L,5,829,DETECTION,src/tracking/advanced_tracker.py:_activate_slot,829_-6_283_589_478
R,DETECTION,DETECTION,1
L,6,829,DETECTION,src/tracking/advanced_tracker.py:_activate_slot,829_-12_389_588_662
R,DETECTION,DETECTION,1
A,829
S,5,835,DETECTION,src/tracking/advanced_tracker.py:_activate_slot,835_-3_300_584_493
S,6,835,PREDICTION,src/tracking/advanced_tracker.py:kalman_homography,
S,2,835,PREDICTION,src/tracking/advanced_tracker.py:flow_gapfill_batched,
L,2,835,PREDICTION,src/tracking/advanced_tracker.py:flow_gapfill_batched,
R,PREDICTION,PREDICTION,1
L,5,835,DETECTION,src/tracking/advanced_tracker.py:_activate_slot,835_-3_300_584_493
R,DETECTION,DETECTION,1
L,6,835,PREDICTION,src/tracking/advanced_tracker.py:kalman_homography,
R,CLAMP,CLAMP,0
A,835
S,5,841,PREDICTION,src/tracking/advanced_tracker.py:kalman_homography,
S,6,841,PREDICTION,src/tracking/advanced_tracker.py:kalman_homography,
L,5,841,PREDICTION,src/tracking/advanced_tracker.py:kalman_homography,
R,CLAMP,CLAMP,0
L,6,841,PREDICTION,src/tracking/advanced_tracker.py:kalman_homography,
R,CLAMP,CLAMP,0
A,841
S,5,847,PREDICTION,src/tracking/advanced_tracker.py:kalman_homography,
S,6,847,PREDICTION,src/tracking/advanced_tracker.py:kalman_homography,
L,5,847,PREDICTION,src/tracking/advanced_tracker.py:kalman_homography,
R,CLAMP,CLAMP,0
L,6,847,PREDICTION,src/tracking/advanced_tracker.py:kalman_homography,
R,CLAMP,CLAMP,0
A,847
S,5,853,PREDICTION,src/tracking/advanced_tracker.py:kalman_homography,
S,6,853,PREDICTION,src/tracking/advanced_tracker.py:kalman_homography,
L,5,853,PREDICTION,src/tracking/advanced_tracker.py:kalman_homography,
R,CLAMP,CLAMP,0
L,6,853,PREDICTION,src/tracking/advanced_tracker.py:kalman_homography,
R,CLAMP,CLAMP,0
A,853
S,5,859,PREDICTION,src/tracking/advanced_tracker.py:kalman_homography,
S,6,859,PREDICTION,src/tracking/advanced_tracker.py:kalman_homography,
L,5,859,PREDICTION,src/tracking/advanced_tracker.py:kalman_homography,
R,CLAMP,CLAMP,0
L,6,859,PREDICTION,src/tracking/advanced_tracker.py:kalman_homography,
R,CLAMP,CLAMP,0
A,859
S,0,865,DETECTION,src/tracking/advanced_tracker.py:_activate_slot,865_-12_373_605_971
S,5,865,PREDICTION,src/tracking/advanced_tracker.py:kalman_homography,
S,6,865,PREDICTION,src/tracking/advanced_tracker.py:kalman_homography,
L,0,865,DETECTION,src/tracking/advanced_tracker.py:_activate_slot,865_-12_373_605_971
R,CLAMP,CLAMP,0
L,5,865,PREDICTION,src/tracking/advanced_tracker.py:kalman_homography,
R,CLAMP,CLAMP,0
L,6,865,PREDICTION,src/tracking/advanced_tracker.py:kalman_homography,
R,CLAMP,CLAMP,0
A,865
S,0,871,DETECTION,src/tracking/advanced_tracker.py:_activate_slot,871_-12_366_603_947
S,5,871,PREDICTION,src/tracking/advanced_tracker.py:kalman_homography,
S,6,871,PREDICTION,src/tracking/advanced_tracker.py:kalman_homography,
L,0,871,DETECTION,src/tracking/advanced_tracker.py:_activate_slot,871_-12_366_603_947
R,CLAMP,CLAMP,0
L,5,871,PREDICTION,src/tracking/advanced_tracker.py:kalman_homography,
R,CLAMP,CLAMP,0
L,6,871,PREDICTION,src/tracking/advanced_tracker.py:kalman_homography,
R,CLAMP,CLAMP,0
A,871
S,0,877,DETECTION,src/tracking/advanced_tracker.py:_activate_slot,877_-14_366_602_925
S,1,877,DETECTION,src/tracking/advanced_tracker.py:_activate_slot,877_-15_1023_390_1295
S,2,877,DETECTION,src/tracking/advanced_tracker.py:_activate_slot,877_-14_128_671_546
S,3,877,DETECTION,src/tracking/advanced_tracker.py:_activate_slot,877_-12_892_523_1294
S,6,877,DETECTION,src/tracking/advanced_tracker.py:_activate_slot,877_-14_679_520_1103
S,4,877,DETECTION,src/tracking/advanced_tracker.py:_activate_slot,877_-14_896_534_1174
S,7,877,DETECTION,src/tracking/advanced_tracker.py:_activate_slot,877_-15_815_171_978
S,5,877,PREDICTION,src/tracking/advanced_tracker.py:kalman_homography,
D,1,877
S,3,877,PREDICTION,src/tracking/advanced_tracker.py:id_merge,
D,3,877
S,4,877,PREDICTION,src/tracking/advanced_tracker.py:id_merge,
L,0,877,DETECTION,src/tracking/advanced_tracker.py:_activate_slot,877_-14_366_602_925
R,CLAMP,CLAMP,0
L,2,877,DETECTION,src/tracking/advanced_tracker.py:_activate_slot,877_-14_128_671_546
R,CLAMP,CLAMP,0
L,4,877,PREDICTION,src/tracking/advanced_tracker.py:id_merge,
R,PREDICTION,PREDICTION,1
L,5,877,PREDICTION,src/tracking/advanced_tracker.py:kalman_homography,
R,CLAMP,CLAMP,0
L,6,877,DETECTION,src/tracking/advanced_tracker.py:_activate_slot,877_-14_679_520_1103
R,CLAMP,CLAMP,0
L,7,877,DETECTION,src/tracking/advanced_tracker.py:_activate_slot,877_-15_815_171_978
R,DETECTION,DETECTION,1
A,877
S,0,883,DETECTION,src/tracking/advanced_tracker.py:_activate_slot,883_-13_889_525_1295
S,1,883,DETECTION,src/tracking/advanced_tracker.py:_activate_slot,883_-14_1023_382_1293
S,2,883,DETECTION,src/tracking/advanced_tracker.py:_activate_slot,883_-12_156_669_561
S,4,883,DETECTION,src/tracking/advanced_tracker.py:_activate_slot,883_-15_691_476_1081
S,7,883,DETECTION,src/tracking/advanced_tracker.py:_activate_slot,883_-15_817_173_982
S,10,883,DETECTION,src/tracking/advanced_tracker.py:_activate_slot,883_-5_29_379_254
S,3,883,PREDICTION,src/tracking/advanced_tracker.py:kalman_homography,
S,6,883,PREDICTION,src/tracking/advanced_tracker.py:kalman_homography,
S,5,883,PREDICTION,src/tracking/advanced_tracker.py:flow_gapfill_batched,
D,3,883
S,0,883,PREDICTION,src/tracking/advanced_tracker.py:id_merge,
L,0,883,PREDICTION,src/tracking/advanced_tracker.py:id_merge,
R,CLAMP,CLAMP,0
L,1,883,DETECTION,src/tracking/advanced_tracker.py:_activate_slot,883_-14_1023_382_1293
R,CLAMP,CLAMP,0
L,2,883,DETECTION,src/tracking/advanced_tracker.py:_activate_slot,883_-12_156_669_561
R,CLAMP,CLAMP,0
L,4,883,DETECTION,src/tracking/advanced_tracker.py:_activate_slot,883_-15_691_476_1081
R,DETECTION,DETECTION,1
L,5,883,PREDICTION,src/tracking/advanced_tracker.py:flow_gapfill_batched,
R,CLAMP,CLAMP,0
L,6,883,PREDICTION,src/tracking/advanced_tracker.py:kalman_homography,
R,CLAMP,CLAMP,0
L,7,883,DETECTION,src/tracking/advanced_tracker.py:_activate_slot,883_-15_817_173_982
R,DETECTION,DETECTION,1
A,883
S,0,889,DETECTION,src/tracking/advanced_tracker.py:_activate_slot,889_-11_887_514_1293
S,1,889,DETECTION,src/tracking/advanced_tracker.py:_activate_slot,889_-14_1022_375_1292
S,2,889,DETECTION,src/tracking/advanced_tracker.py:_activate_slot,889_-15_176_668_585
S,3,889,DETECTION,src/tracking/advanced_tracker.py:_activate_slot,889_-14_1023_207_1281
S,4,889,DETECTION,src/tracking/advanced_tracker.py:_activate_slot,889_-15_396_601_940
S,6,889,DETECTION,src/tracking/advanced_tracker.py:_activate_slot,889_-15_702_484_1094
S,7,889,DETECTION,src/tracking/advanced_tracker.py:_activate_slot,889_-15_703_361_1075
S,10,889,DETECTION,src/tracking/advanced_tracker.py:_activate_slot,889_2_32_371_263
S,8,889,DETECTION,src/tracking/advanced_tracker.py:_activate_slot,889_-12_897_498_1133
S,9,889,DETECTION,src/tracking/advanced_tracker.py:_activate_slot,889_-15_815_174_983
D,6,889
S,7,889,PREDICTION,src/tracking/advanced_tracker.py:id_merge,
L,0,889,DETECTION,src/tracking/advanced_tracker.py:_activate_slot,889_-11_887_514_1293
R,CLAMP,CLAMP,0
L,1,889,DETECTION,src/tracking/advanced_tracker.py:_activate_slot,889_-14_1022_375_1292
R,CLAMP,CLAMP,0
L,2,889,DETECTION,src/tracking/advanced_tracker.py:_activate_slot,889_-15_176_668_585
R,CLAMP,CLAMP,0
L,3,889,DETECTION,src/tracking/advanced_tracker.py:_activate_slot,889_-14_1023_207_1281
R,DETECTION,DETECTION,1
L,4,889,DETECTION,src/tracking/advanced_tracker.py:_activate_slot,889_-15_396_601_940
R,DETECTION,DETECTION,1
L,7,889,PREDICTION,src/tracking/advanced_tracker.py:id_merge,
R,PREDICTION,PREDICTION,1
L,8,889,DETECTION,src/tracking/advanced_tracker.py:_activate_slot,889_-12_897_498_1133
R,DETECTION,DETECTION,1
L,9,889,DETECTION,src/tracking/advanced_tracker.py:_activate_slot,889_-15_815_174_983
R,DETECTION,DETECTION,1
A,889
S,0,895,DETECTION,src/tracking/advanced_tracker.py:_activate_slot,895_247_812_553_954
S,1,895,DETECTION,src/tracking/advanced_tracker.py:_activate_slot,895_148_586_413_722
S,2,895,DETECTION,src/tracking/advanced_tracker.py:_activate_slot,895_307_352_592_454
S,3,895,DETECTION,src/tracking/advanced_tracker.py:_activate_slot,895_68_1023_242_1121
S,4,895,DETECTION,src/tracking/advanced_tracker.py:_activate_slot,895_131_492_403_608
S,9,895,DETECTION,src/tracking/advanced_tracker.py:_activate_slot,895_485_974_674_1078
S,6,895,PREDICTION,src/tracking/advanced_tracker.py:kalman_homography,
S,7,895,PREDICTION,src/tracking/advanced_tracker.py:kalman_homography,
S,8,895,PREDICTION,src/tracking/advanced_tracker.py:kalman_homography,
S,10,895,PREDICTION,src/tracking/advanced_tracker.py:kalman_homography,
D,1,895
S,4,895,PREDICTION,src/tracking/advanced_tracker.py:id_merge,
D,6,895
S,7,895,PREDICTION,src/tracking/advanced_tracker.py:id_merge,
L,0,895,DETECTION,src/tracking/advanced_tracker.py:_activate_slot,895_247_812_553_954
R,CLAMP,CLAMP,0
L,2,895,DETECTION,src/tracking/advanced_tracker.py:_activate_slot,895_307_352_592_454
R,CLAMP,CLAMP,0
L,3,895,DETECTION,src/tracking/advanced_tracker.py:_activate_slot,895_68_1023_242_1121
R,DETECTION,DETECTION,1
L,4,895,PREDICTION,src/tracking/advanced_tracker.py:id_merge,
R,PREDICTION,PREDICTION,1
L,7,895,PREDICTION,src/tracking/advanced_tracker.py:id_merge,
R,PREDICTION,PREDICTION,1
L,8,895,PREDICTION,src/tracking/advanced_tracker.py:kalman_homography,
R,PREDICTION,PREDICTION,1
L,9,895,DETECTION,src/tracking/advanced_tracker.py:_activate_slot,895_485_974_674_1078
R,CLAMP,CLAMP,0
A,895
S,2,901,DETECTION,src/tracking/advanced_tracker.py:_activate_slot,901_306_343_591_453
S,5,901,DETECTION,src/tracking/advanced_tracker.py:_activate_slot,901_305_304_591_452
S,8,901,DETECTION,src/tracking/advanced_tracker.py:_activate_slot,901_68_1023_242_1121
S,0,901,PREDICTION,src/tracking/advanced_tracker.py:kalman_homography,
S,1,901,PREDICTION,src/tracking/advanced_tracker.py:kalman_homography,
S,3,901,PREDICTION,src/tracking/advanced_tracker.py:kalman_homography,
S,4,901,PREDICTION,src/tracking/advanced_tracker.py:kalman_homography,
S,6,901,PREDICTION,src/tracking/advanced_tracker.py:kalman_homography,
S,7,901,PREDICTION,src/tracking/advanced_tracker.py:kalman_homography,
S,10,901,PREDICTION,src/tracking/advanced_tracker.py:kalman_homography,
S,9,901,PREDICTION,src/tracking/advanced_tracker.py:flow_gapfill_batched,
D,4,901
S,2,901,PREDICTION,src/tracking/advanced_tracker.py:id_merge,
D,6,901
S,7,901,PREDICTION,src/tracking/advanced_tracker.py:id_merge,
L,0,901,PREDICTION,src/tracking/advanced_tracker.py:kalman_homography,
R,CLAMP,CLAMP,0
L,1,901,PREDICTION,src/tracking/advanced_tracker.py:kalman_homography,
R,CLAMP,CLAMP,0
L,2,901,PREDICTION,src/tracking/advanced_tracker.py:id_merge,
R,CLAMP,CLAMP,0
L,3,901,PREDICTION,src/tracking/advanced_tracker.py:kalman_homography,
R,PREDICTION,PREDICTION,1
L,5,901,DETECTION,src/tracking/advanced_tracker.py:_activate_slot,901_305_304_591_452
R,CLAMP,CLAMP,0
L,7,901,PREDICTION,src/tracking/advanced_tracker.py:id_merge,
R,PREDICTION,PREDICTION,1
L,8,901,DETECTION,src/tracking/advanced_tracker.py:_activate_slot,901_68_1023_242_1121
R,DETECTION,DETECTION,1
L,9,901,PREDICTION,src/tracking/advanced_tracker.py:flow_gapfill_batched,
R,CLAMP,CLAMP,0
A,901
S,2,907,DETECTION,src/tracking/advanced_tracker.py:_activate_slot,907_306_340_592_451
S,5,907,DETECTION,src/tracking/advanced_tracker.py:_activate_slot,907_305_304_591_451
S,8,907,DETECTION,src/tracking/advanced_tracker.py:_activate_slot,907_68_1023_243_1121
S,10,907,DETECTION,src/tracking/advanced_tracker.py:_activate_slot,907_62_804_222_897
S,1,907,PREDICTION,src/tracking/advanced_tracker.py:kalman_homography,
S,3,907,PREDICTION,src/tracking/advanced_tracker.py:kalman_homography,
S,4,907,PREDICTION,src/tracking/advanced_tracker.py:kalman_homography,
S,6,907,PREDICTION,src/tracking/advanced_tracker.py:kalman_homography,
S,7,907,PREDICTION,src/tracking/advanced_tracker.py:kalman_homography,
S,0,907,PREDICTION,src/tracking/advanced_tracker.py:flow_gapfill_batched,
S,9,907,PREDICTION,src/tracking/advanced_tracker.py:flow_gapfill_batched,
D,1,907
S,4,907,PREDICTION,src/tracking/advanced_tracker.py:id_merge,
D,6,907
S,7,907,PREDICTION,src/tracking/advanced_tracker.py:id_merge,
L,0,907,PREDICTION,src/tracking/advanced_tracker.py:flow_gapfill_batched,
R,CLAMP,CLAMP,0
L,2,907,DETECTION,src/tracking/advanced_tracker.py:_activate_slot,907_306_340_592_451
R,CLAMP,CLAMP,0
L,3,907,PREDICTION,src/tracking/advanced_tracker.py:kalman_homography,
R,PREDICTION,PREDICTION,1
L,4,907,PREDICTION,src/tracking/advanced_tracker.py:id_merge,
R,CLAMP,CLAMP,0
L,5,907,DETECTION,src/tracking/advanced_tracker.py:_activate_slot,907_305_304_591_451
R,CLAMP,CLAMP,0
L,7,907,PREDICTION,src/tracking/advanced_tracker.py:id_merge,
R,PREDICTION,PREDICTION,1
L,8,907,DETECTION,src/tracking/advanced_tracker.py:_activate_slot,907_68_1023_243_1121
R,DETECTION,DETECTION,1
L,9,907,PREDICTION,src/tracking/advanced_tracker.py:flow_gapfill_batched,
R,CLAMP,CLAMP,0
A,907
S,2,913,DETECTION,src/tracking/advanced_tracker.py:_activate_slot,913_251_829_554_954
S,3,913,DETECTION,src/tracking/advanced_tracker.py:_activate_slot,913_68_1023_242_1121
S,5,913,DETECTION,src/tracking/advanced_tracker.py:_activate_slot,913_308_309_592_449
S,6,913,PREDICTION,src/tracking/advanced_tracker.py:kalman_homography,
S,7,913,PREDICTION,src/tracking/advanced_tracker.py:kalman_homography,
S,8,913,PREDICTION,src/tracking/advanced_tracker.py:kalman_homography,
S,10,913,PREDICTION,src/tracking/advanced_tracker.py:kalman_homography,
S,0,913,PREDICTION,src/tracking/advanced_tracker.py:flow_gapfill_batched,
S,1,913,PREDICTION,src/tracking/advanced_tracker.py:flow_gapfill_batched,
S,4,913,PREDICTION,src/tracking/advanced_tracker.py:flow_gapfill_batched,
S,9,913,PREDICTION,src/tracking/advanced_tracker.py:flow_gapfill_batched,
D,0,913
S,2,913,PREDICTION,src/tracking/advanced_tracker.py:id_merge,
D,1,913
S,4,913,PREDICTION,src/tracking/advanced_tracker.py:id_merge,
L,2,913,PREDICTION,src/tracking/advanced_tracker.py:id_merge,
R,CLAMP,CLAMP,0
L,3,913,DETECTION,src/tracking/advanced_tracker.py:_activate_slot,913_68_1023_242_1121
R,DETECTION,DETECTION,1
L,4,913,PREDICTION,src/tracking/advanced_tracker.py:id_merge,
R,PREDICTION,PREDICTION,1
L,5,913,DETECTION,src/tracking/advanced_tracker.py:_activate_slot,913_308_309_592_449
R,CLAMP,CLAMP,0
L,6,913,PREDICTION,src/tracking/advanced_tracker.py:kalman_homography,
R,CLAMP,CLAMP,0
L,7,913,PREDICTION,src/tracking/advanced_tracker.py:kalman_homography,
R,PREDICTION,PREDICTION,1
L,8,913,PREDICTION,src/tracking/advanced_tracker.py:kalman_homography,
R,PREDICTION,PREDICTION,1
L,9,913,PREDICTION,src/tracking/advanced_tracker.py:flow_gapfill_batched,
R,CLAMP,CLAMP,0
A,913
S,2,919,DETECTION,src/tracking/advanced_tracker.py:_activate_slot,919_252_837_554_954
S,5,919,DETECTION,src/tracking/advanced_tracker.py:_activate_slot,919_311_301_592_449
S,8,919,DETECTION,src/tracking/advanced_tracker.py:_activate_slot,919_67_1023_243_1121
S,3,919,PREDICTION,src/tracking/advanced_tracker.py:kalman_homography,
S,6,919,PREDICTION,src/tracking/advanced_tracker.py:kalman_homography,
S,7,919,PREDICTION,src/tracking/advanced_tracker.py:kalman_homography,
S,0,919,PREDICTION,src/tracking/advanced_tracker.py:flow_gapfill_batched,
S,1,919,PREDICTION,src/tracking/advanced_tracker.py:flow_gapfill_batched,
S,4,919,PREDICTION,src/tracking/advanced_tracker.py:flow_gapfill_batched,
S,9,919,PREDICTION,src/tracking/advanced_tracker.py:flow_gapfill_batched,
S,10,919,PREDICTION,src/tracking/advanced_tracker.py:flow_gapfill_batched,
D,0,919
S,2,919,PREDICTION,src/tracking/advanced_tracker.py:id_merge,
D,1,919
S,4,919,PREDICTION,src/tracking/advanced_tracker.py:id_merge,
L,2,919,PREDICTION,src/tracking/advanced_tracker.py:id_merge,
R,CLAMP,CLAMP,0
L,3,919,PREDICTION,src/tracking/advanced_tracker.py:kalman_homography,
R,PREDICTION,PREDICTION,1
L,4,919,PREDICTION,src/tracking/advanced_tracker.py:id_merge,
R,PREDICTION,PREDICTION,1
L,5,919,DETECTION,src/tracking/advanced_tracker.py:_activate_slot,919_311_301_592_449
R,CLAMP,CLAMP,0
L,6,919,PREDICTION,src/tracking/advanced_tracker.py:kalman_homography,
R,CLAMP,CLAMP,0
L,7,919,PREDICTION,src/tracking/advanced_tracker.py:kalman_homography,
R,PREDICTION,PREDICTION,1
L,8,919,DETECTION,src/tracking/advanced_tracker.py:_activate_slot,919_67_1023_243_1121
R,DETECTION,DETECTION,1
L,9,919,PREDICTION,src/tracking/advanced_tracker.py:flow_gapfill_batched,
R,CLAMP,CLAMP,0
A,919
S,2,925,DETECTION,src/tracking/advanced_tracker.py:_activate_slot,925_253_843_554_954
S,5,925,DETECTION,src/tracking/advanced_tracker.py:_activate_slot,925_310_301_592_450
S,8,925,DETECTION,src/tracking/advanced_tracker.py:_activate_slot,925_68_1024_243_1120
S,3,925,PREDICTION,src/tracking/advanced_tracker.py:kalman_homography,
S,6,925,PREDICTION,src/tracking/advanced_tracker.py:kalman_homography,
S,0,925,PREDICTION,src/tracking/advanced_tracker.py:flow_gapfill_batched,
S,1,925,PREDICTION,src/tracking/advanced_tracker.py:flow_gapfill_batched,
S,4,925,PREDICTION,src/tracking/advanced_tracker.py:flow_gapfill_batched,
S,7,925,PREDICTION,src/tracking/advanced_tracker.py:flow_gapfill_batched,
S,9,925,PREDICTION,src/tracking/advanced_tracker.py:flow_gapfill_batched,
S,10,925,PREDICTION,src/tracking/advanced_tracker.py:flow_gapfill_batched,
D,0,925
S,2,925,PREDICTION,src/tracking/advanced_tracker.py:id_merge,
D,1,925
S,4,925,PREDICTION,src/tracking/advanced_tracker.py:id_merge,
L,2,925,PREDICTION,src/tracking/advanced_tracker.py:id_merge,
R,CLAMP,CLAMP,0
L,3,925,PREDICTION,src/tracking/advanced_tracker.py:kalman_homography,
R,PREDICTION,PREDICTION,1
L,4,925,PREDICTION,src/tracking/advanced_tracker.py:id_merge,
R,PREDICTION,PREDICTION,1
L,5,925,DETECTION,src/tracking/advanced_tracker.py:_activate_slot,925_310_301_592_450
R,CLAMP,CLAMP,0
L,6,925,PREDICTION,src/tracking/advanced_tracker.py:kalman_homography,
R,CLAMP,CLAMP,0
L,7,925,PREDICTION,src/tracking/advanced_tracker.py:flow_gapfill_batched,
R,PREDICTION,PREDICTION,1
L,8,925,DETECTION,src/tracking/advanced_tracker.py:_activate_slot,925_68_1024_243_1120
R,DETECTION,SUBPIXEL,0
L,9,925,PREDICTION,src/tracking/advanced_tracker.py:flow_gapfill_batched,
R,CLAMP,CLAMP,0
A,925
S,2,931,DETECTION,src/tracking/advanced_tracker.py:_activate_slot,931_254_847_554_955
S,5,931,DETECTION,src/tracking/advanced_tracker.py:_activate_slot,931_66_1022_242_1120
S,10,931,DETECTION,src/tracking/advanced_tracker.py:_activate_slot,931_62_805_223_897
S,3,931,PREDICTION,src/tracking/advanced_tracker.py:kalman_homography,
S,6,931,PREDICTION,src/tracking/advanced_tracker.py:kalman_homography,
S,8,931,PREDICTION,src/tracking/advanced_tracker.py:kalman_homography,
S,0,931,PREDICTION,src/tracking/advanced_tracker.py:flow_gapfill_batched,
S,1,931,PREDICTION,src/tracking/advanced_tracker.py:flow_gapfill_batched,
S,4,931,PREDICTION,src/tracking/advanced_tracker.py:flow_gapfill_batched,
S,7,931,PREDICTION,src/tracking/advanced_tracker.py:flow_gapfill_batched,
S,9,931,PREDICTION,src/tracking/advanced_tracker.py:flow_gapfill_batched,
D,0,931
S,2,931,PREDICTION,src/tracking/advanced_tracker.py:id_merge,
D,1,931
S,4,931,PREDICTION,src/tracking/advanced_tracker.py:id_merge,
D,8,931
S,5,931,PREDICTION,src/tracking/advanced_tracker.py:id_merge,
L,2,931,PREDICTION,src/tracking/advanced_tracker.py:id_merge,
R,CLAMP,CLAMP,0
L,3,931,PREDICTION,src/tracking/advanced_tracker.py:kalman_homography,
R,PREDICTION,PREDICTION,1
L,4,931,PREDICTION,src/tracking/advanced_tracker.py:id_merge,
R,PREDICTION,PREDICTION,1
L,5,931,PREDICTION,src/tracking/advanced_tracker.py:id_merge,
R,CLAMP,CLAMP,0
L,6,931,PREDICTION,src/tracking/advanced_tracker.py:kalman_homography,
R,CLAMP,CLAMP,0
L,7,931,PREDICTION,src/tracking/advanced_tracker.py:flow_gapfill_batched,
R,PREDICTION,PREDICTION,1
L,9,931,PREDICTION,src/tracking/advanced_tracker.py:flow_gapfill_batched,
R,CLAMP,CLAMP,0
A,931
S,2,937,DETECTION,src/tracking/advanced_tracker.py:_activate_slot,937_252_858_553_956
S,5,937,DETECTION,src/tracking/advanced_tracker.py:_activate_slot,937_66_1022_242_1118
S,10,937,DETECTION,src/tracking/advanced_tracker.py:_activate_slot,937_62_805_223_897
S,3,937,PREDICTION,src/tracking/advanced_tracker.py:kalman_homography,
S,8,937,PREDICTION,src/tracking/advanced_tracker.py:kalman_homography,
S,0,937,PREDICTION,src/tracking/advanced_tracker.py:flow_gapfill_batched,
S,1,937,PREDICTION,src/tracking/advanced_tracker.py:flow_gapfill_batched,
S,4,937,PREDICTION,src/tracking/advanced_tracker.py:flow_gapfill_batched,
S,6,937,PREDICTION,src/tracking/advanced_tracker.py:flow_gapfill_batched,
S,7,937,PREDICTION,src/tracking/advanced_tracker.py:flow_gapfill_batched,
S,9,937,PREDICTION,src/tracking/advanced_tracker.py:flow_gapfill_batched,
D,0,937
S,2,937,PREDICTION,src/tracking/advanced_tracker.py:id_merge,
D,1,937
S,4,937,PREDICTION,src/tracking/advanced_tracker.py:id_merge,
D,8,937
S,5,937,PREDICTION,src/tracking/advanced_tracker.py:id_merge,
D,6,937
S,7,937,PREDICTION,src/tracking/advanced_tracker.py:id_merge,
L,2,937,PREDICTION,src/tracking/advanced_tracker.py:id_merge,
R,CLAMP,CLAMP,0
L,3,937,PREDICTION,src/tracking/advanced_tracker.py:kalman_homography,
R,PREDICTION,PREDICTION,1
L,4,937,PREDICTION,src/tracking/advanced_tracker.py:id_merge,
R,PREDICTION,PREDICTION,1
L,5,937,PREDICTION,src/tracking/advanced_tracker.py:id_merge,
R,CLAMP,CLAMP,0
L,7,937,PREDICTION,src/tracking/advanced_tracker.py:id_merge,
R,PREDICTION,PREDICTION,1
L,9,937,PREDICTION,src/tracking/advanced_tracker.py:flow_gapfill_batched,
R,CLAMP,CLAMP,0
A,937
S,2,943,DETECTION,src/tracking/advanced_tracker.py:_activate_slot,943_251_870_554_956
S,3,943,DETECTION,src/tracking/advanced_tracker.py:_activate_slot,943_65_1023_244_1121
S,5,943,DETECTION,src/tracking/advanced_tracker.py:_activate_slot,943_341_246_587_376
S,10,943,DETECTION,src/tracking/advanced_tracker.py:_activate_slot,943_62_805_223_897
S,8,943,PREDICTION,src/tracking/advanced_tracker.py:kalman_homography,
S,0,943,PREDICTION,src/tracking/advanced_tracker.py:flow_gapfill_batched,
S,1,943,PREDICTION,src/tracking/advanced_tracker.py:flow_gapfill_batched,
S,4,943,PREDICTION,src/tracking/advanced_tracker.py:flow_gapfill_batched,
S,9,943,PREDICTION,src/tracking/advanced_tracker.py:flow_gapfill_batched,
D,0,943
S,2,943,PREDICTION,src/tracking/advanced_tracker.py:id_merge,
D,1,943
S,4,943,PREDICTION,src/tracking/advanced_tracker.py:id_merge,
L,2,943,PREDICTION,src/tracking/advanced_tracker.py:id_merge,
R,CLAMP,CLAMP,0
L,3,943,DETECTION,src/tracking/advanced_tracker.py:_activate_slot,943_65_1023_244_1121
R,DETECTION,DETECTION,1
L,4,943,PREDICTION,src/tracking/advanced_tracker.py:id_merge,
R,PREDICTION,PREDICTION,1
L,5,943,DETECTION,src/tracking/advanced_tracker.py:_activate_slot,943_341_246_587_376
R,CLAMP,CLAMP,0
L,8,943,PREDICTION,src/tracking/advanced_tracker.py:kalman_homography,
R,PREDICTION,PREDICTION,1
L,9,943,PREDICTION,src/tracking/advanced_tracker.py:flow_gapfill_batched,
R,CLAMP,CLAMP,0
A,943
S,2,949,DETECTION,src/tracking/advanced_tracker.py:_activate_slot,949_251_873_554_956
S,3,949,DETECTION,src/tracking/advanced_tracker.py:_activate_slot,949_488_949_675_1087
S,5,949,DETECTION,src/tracking/advanced_tracker.py:_activate_slot,949_327_303_591_455
S,8,949,DETECTION,src/tracking/advanced_tracker.py:_activate_slot,949_68_1023_243_1119
S,10,949,DETECTION,src/tracking/advanced_tracker.py:_activate_slot,949_62_806_224_898
L,2,949,DETECTION,src/tracking/advanced_tracker.py:_activate_slot,949_251_873_554_956
R,CLAMP,CLAMP,0
L,3,949,DETECTION,src/tracking/advanced_tracker.py:_activate_slot,949_488_949_675_1087
R,CLAMP,CLAMP,0
L,5,949,DETECTION,src/tracking/advanced_tracker.py:_activate_slot,949_327_303_591_455
R,CLAMP,CLAMP,0
L,8,949,DETECTION,src/tracking/advanced_tracker.py:_activate_slot,949_68_1023_243_1119
R,DETECTION,DETECTION,1
A,949
S,2,955,DETECTION,src/tracking/advanced_tracker.py:_activate_slot,955_251_873_554_956
S,3,955,DETECTION,src/tracking/advanced_tracker.py:_activate_slot,955_490_947_675_1089
S,5,955,DETECTION,src/tracking/advanced_tracker.py:_activate_slot,955_340_247_587_375
S,8,955,DETECTION,src/tracking/advanced_tracker.py:_activate_slot,955_69_1023_243_1117
S,10,955,DETECTION,src/tracking/advanced_tracker.py:_activate_slot,955_62_806_224_898
L,2,955,DETECTION,src/tracking/advanced_tracker.py:_activate_slot,955_251_873_554_956
R,CLAMP,CLAMP,0
L,3,955,DETECTION,src/tracking/advanced_tracker.py:_activate_slot,955_490_947_675_1089
R,CLAMP,CLAMP,0
L,5,955,DETECTION,src/tracking/advanced_tracker.py:_activate_slot,955_340_247_587_375
R,CLAMP,CLAMP,0
L,8,955,DETECTION,src/tracking/advanced_tracker.py:_activate_slot,955_69_1023_243_1117
R,DETECTION,DETECTION,1
A,955
S,2,961,DETECTION,src/tracking/advanced_tracker.py:_activate_slot,961_249_873_554_956
S,3,961,DETECTION,src/tracking/advanced_tracker.py:_activate_slot,961_490_945_675_1089
S,5,961,DETECTION,src/tracking/advanced_tracker.py:_activate_slot,961_338_247_587_376
S,6,961,DETECTION,src/tracking/advanced_tracker.py:_activate_slot,961_72_53_250_197
S,8,961,DETECTION,src/tracking/advanced_tracker.py:_activate_slot,961_69_1023_242_1117
S,10,961,DETECTION,src/tracking/advanced_tracker.py:_activate_slot,961_62_805_224_897
L,2,961,DETECTION,src/tracking/advanced_tracker.py:_activate_slot,961_249_873_554_956
R,CLAMP,CLAMP,0
L,3,961,DETECTION,src/tracking/advanced_tracker.py:_activate_slot,961_490_945_675_1089
R,CLAMP,CLAMP,0
L,5,961,DETECTION,src/tracking/advanced_tracker.py:_activate_slot,961_338_247_587_376
R,CLAMP,CLAMP,0
L,6,961,DETECTION,src/tracking/advanced_tracker.py:_activate_slot,961_72_53_250_197
R,CLAMP,CLAMP,0
L,8,961,DETECTION,src/tracking/advanced_tracker.py:_activate_slot,961_69_1023_242_1117
R,DETECTION,DETECTION,1
A,961
S,2,967,DETECTION,src/tracking/advanced_tracker.py:_activate_slot,967_249_873_553_957
S,3,967,DETECTION,src/tracking/advanced_tracker.py:_activate_slot,967_492_942_675_1090
S,5,967,DETECTION,src/tracking/advanced_tracker.py:_activate_slot,967_343_249_588_375
S,8,967,DETECTION,src/tracking/advanced_tracker.py:_activate_slot,967_67_1023_243_1117
S,10,967,DETECTION,src/tracking/advanced_tracker.py:_activate_slot,967_62_805_224_897
S,6,967,PREDICTION,src/tracking/advanced_tracker.py:flow_gapfill_batched,
L,2,967,DETECTION,src/tracking/advanced_tracker.py:_activate_slot,967_249_873_553_957
R,CLAMP,CLAMP,0
L,3,967,DETECTION,src/tracking/advanced_tracker.py:_activate_slot,967_492_942_675_1090
R,CLAMP,CLAMP,0
L,5,967,DETECTION,src/tracking/advanced_tracker.py:_activate_slot,967_343_249_588_375
R,CLAMP,CLAMP,0
L,6,967,PREDICTION,src/tracking/advanced_tracker.py:flow_gapfill_batched,
R,CLAMP,CLAMP,0
L,8,967,DETECTION,src/tracking/advanced_tracker.py:_activate_slot,967_67_1023_243_1117
R,DETECTION,DETECTION,1
A,967
S,2,973,DETECTION,src/tracking/advanced_tracker.py:_activate_slot,973_248_872_553_956
S,3,973,DETECTION,src/tracking/advanced_tracker.py:_activate_slot,973_493_941_675_1090
S,5,973,DETECTION,src/tracking/advanced_tracker.py:_activate_slot,973_337_251_588_373
S,8,973,DETECTION,src/tracking/advanced_tracker.py:_activate_slot,973_70_1024_242_1116
S,10,973,DETECTION,src/tracking/advanced_tracker.py:_activate_slot,973_62_805_224_897
S,6,973,PREDICTION,src/tracking/advanced_tracker.py:flow_gapfill_batched,
L,2,973,DETECTION,src/tracking/advanced_tracker.py:_activate_slot,973_248_872_553_956
R,CLAMP,CLAMP,0
L,3,973,DETECTION,src/tracking/advanced_tracker.py:_activate_slot,973_493_941_675_1090
R,CLAMP,CLAMP,0
L,5,973,DETECTION,src/tracking/advanced_tracker.py:_activate_slot,973_337_251_588_373
R,CLAMP,CLAMP,0
L,6,973,PREDICTION,src/tracking/advanced_tracker.py:flow_gapfill_batched,
R,CLAMP,CLAMP,0
L,8,973,DETECTION,src/tracking/advanced_tracker.py:_activate_slot,973_70_1024_242_1116
R,DETECTION,DETECTION,1
A,973
S,2,979,DETECTION,src/tracking/advanced_tracker.py:_activate_slot,979_248_872_552_956
S,3,979,DETECTION,src/tracking/advanced_tracker.py:_activate_slot,979_493_941_674_1090
S,5,979,DETECTION,src/tracking/advanced_tracker.py:_activate_slot,979_317_256_588_376
S,8,979,DETECTION,src/tracking/advanced_tracker.py:_activate_slot,979_67_1023_243_1117
S,10,979,DETECTION,src/tracking/advanced_tracker.py:_activate_slot,979_62_805_224_897
S,7,979,DETECTION,src/tracking/advanced_tracker.py:_activate_slot,979_356_431_592_533
S,6,979,PREDICTION,src/tracking/advanced_tracker.py:flow_gapfill_batched,
L,2,979,DETECTION,src/tracking/advanced_tracker.py:_activate_slot,979_248_872_552_956
R,CLAMP,CLAMP,0
L,3,979,DETECTION,src/tracking/advanced_tracker.py:_activate_slot,979_493_941_674_1090
R,CLAMP,CLAMP,0
L,5,979,DETECTION,src/tracking/advanced_tracker.py:_activate_slot,979_317_256_588_376
R,CLAMP,CLAMP,0
L,6,979,PREDICTION,src/tracking/advanced_tracker.py:flow_gapfill_batched,
R,CLAMP,CLAMP,0
L,7,979,DETECTION,src/tracking/advanced_tracker.py:_activate_slot,979_356_431_592_533
R,CLAMP,CLAMP,0
L,8,979,DETECTION,src/tracking/advanced_tracker.py:_activate_slot,979_67_1023_243_1117
R,DETECTION,DETECTION,1
A,979
S,2,985,DETECTION,src/tracking/advanced_tracker.py:_activate_slot,985_247_872_552_956
S,3,985,DETECTION,src/tracking/advanced_tracker.py:_activate_slot,985_493_941_675_1090
S,5,985,DETECTION,src/tracking/advanced_tracker.py:_activate_slot,985_311_256_586_374
S,7,985,DETECTION,src/tracking/advanced_tracker.py:_activate_slot,985_356_430_592_532
S,8,985,DETECTION,src/tracking/advanced_tracker.py:_activate_slot,985_65_1023_243_1117
S,10,985,DETECTION,src/tracking/advanced_tracker.py:_activate_slot,985_61_799_224_897
S,0,985,DETECTION,src/tracking/advanced_tracker.py:_activate_slot,985_147_590_413_722
S,1,985,DETECTION,src/tracking/advanced_tracker.py:_activate_slot,985_342_348_589_458
S,9,985,DETECTION,src/tracking/advanced_tracker.py:_activate_slot,985_125_497_404_622
S,6,985,PREDICTION,src/tracking/advanced_tracker.py:flow_gapfill_batched,
L,0,985,DETECTION,src/tracking/advanced_tracker.py:_activate_slot,985_147_590_413_722
R,CLAMP,CLAMP,0
L,1,985,DETECTION,src/tracking/advanced_tracker.py:_activate_slot,985_342_348_589_458
R,CLAMP,CLAMP,0
L,2,985,DETECTION,src/tracking/advanced_tracker.py:_activate_slot,985_247_872_552_956
R,CLAMP,CLAMP,0
L,3,985,DETECTION,src/tracking/advanced_tracker.py:_activate_slot,985_493_941_675_1090
R,CLAMP,CLAMP,0
L,5,985,DETECTION,src/tracking/advanced_tracker.py:_activate_slot,985_311_256_586_374
R,CLAMP,CLAMP,0
L,6,985,PREDICTION,src/tracking/advanced_tracker.py:flow_gapfill_batched,
R,CLAMP,CLAMP,0
L,7,985,DETECTION,src/tracking/advanced_tracker.py:_activate_slot,985_356_430_592_532
R,CLAMP,CLAMP,0
L,8,985,DETECTION,src/tracking/advanced_tracker.py:_activate_slot,985_65_1023_243_1117
R,DETECTION,SUBPIXEL,0
L,9,985,DETECTION,src/tracking/advanced_tracker.py:_activate_slot,985_125_497_404_622
R,CLAMP,CLAMP,0
A,985
S,0,991,DETECTION,src/tracking/advanced_tracker.py:_activate_slot,991_147_591_413_721
S,1,991,DETECTION,src/tracking/advanced_tracker.py:_activate_slot,991_342_347_591_458
S,2,991,DETECTION,src/tracking/advanced_tracker.py:_activate_slot,991_248_872_552_956
S,3,991,DETECTION,src/tracking/advanced_tracker.py:_activate_slot,991_493_940_675_1090
S,5,991,DETECTION,src/tracking/advanced_tracker.py:_activate_slot,991_300_260_587_377
S,7,991,DETECTION,src/tracking/advanced_tracker.py:_activate_slot,991_357_431_592_532
S,8,991,DETECTION,src/tracking/advanced_tracker.py:_activate_slot,991_68_1023_242_1117
S,9,991,DETECTION,src/tracking/advanced_tracker.py:_activate_slot,991_125_498_405_621
S,10,991,DETECTION,src/tracking/advanced_tracker.py:_activate_slot,991_61_799_224_897
S,6,991,PREDICTION,src/tracking/advanced_tracker.py:flow_gapfill_batched,
L,0,991,DETECTION,src/tracking/advanced_tracker.py:_activate_slot,991_147_591_413_721
R,CLAMP,CLAMP,0
L,1,991,DETECTION,src/tracking/advanced_tracker.py:_activate_slot,991_342_347_591_458
R,CLAMP,CLAMP,0
L,2,991,DETECTION,src/tracking/advanced_tracker.py:_activate_slot,991_248_872_552_956
R,CLAMP,CLAMP,0
L,3,991,DETECTION,src/tracking/advanced_tracker.py:_activate_slot,991_493_940_675_1090
R,CLAMP,CLAMP,0
L,5,991,DETECTION,src/tracking/advanced_tracker.py:_activate_slot,991_300_260_587_377
R,CLAMP,CLAMP,0
L,6,991,PREDICTION,src/tracking/advanced_tracker.py:flow_gapfill_batched,
R,CLAMP,CLAMP,0
L,7,991,DETECTION,src/tracking/advanced_tracker.py:_activate_slot,991_357_431_592_532
R,CLAMP,CLAMP,0
L,8,991,DETECTION,src/tracking/advanced_tracker.py:_activate_slot,991_68_1023_242_1117
R,DETECTION,DETECTION,1
L,9,991,DETECTION,src/tracking/advanced_tracker.py:_activate_slot,991_125_498_405_621
R,CLAMP,CLAMP,0
A,991
S,0,997,DETECTION,src/tracking/advanced_tracker.py:_activate_slot,997_147_590_413_722
S,1,997,DETECTION,src/tracking/advanced_tracker.py:_activate_slot,997_341_347_590_457
S,2,997,DETECTION,src/tracking/advanced_tracker.py:_activate_slot,997_249_872_552_956
S,3,997,DETECTION,src/tracking/advanced_tracker.py:_activate_slot,997_492_941_674_1089
S,5,997,DETECTION,src/tracking/advanced_tracker.py:_activate_slot,997_296_264_588_380
S,7,997,DETECTION,src/tracking/advanced_tracker.py:_activate_slot,997_356_429_593_531
S,8,997,DETECTION,src/tracking/advanced_tracker.py:_activate_slot,997_69_1023_241_1117
S,9,997,DETECTION,src/tracking/advanced_tracker.py:_activate_slot,997_125_497_405_617
S,10,997,DETECTION,src/tracking/advanced_tracker.py:_activate_slot,997_60_799_224_897
L,0,997,DETECTION,src/tracking/advanced_tracker.py:_activate_slot,997_147_590_413_722
R,CLAMP,CLAMP,0
L,1,997,DETECTION,src/tracking/advanced_tracker.py:_activate_slot,997_341_347_590_457
R,CLAMP,CLAMP,0
L,2,997,DETECTION,src/tracking/advanced_tracker.py:_activate_slot,997_249_872_552_956
R,CLAMP,CLAMP,0
L,3,997,DETECTION,src/tracking/advanced_tracker.py:_activate_slot,997_492_941_674_1089
R,CLAMP,CLAMP,0
L,5,997,DETECTION,src/tracking/advanced_tracker.py:_activate_slot,997_296_264_588_380
R,CLAMP,CLAMP,0
L,7,997,DETECTION,src/tracking/advanced_tracker.py:_activate_slot,997_356_429_593_531
R,CLAMP,CLAMP,0
L,8,997,DETECTION,src/tracking/advanced_tracker.py:_activate_slot,997_69_1023_241_1117
R,DETECTION,DETECTION,1
L,9,997,DETECTION,src/tracking/advanced_tracker.py:_activate_slot,997_125_497_405_617
R,CLAMP,CLAMP,0
A,997
S,0,1003,DETECTION,src/tracking/advanced_tracker.py:_activate_slot,1003_147_590_413_722
S,1,1003,DETECTION,src/tracking/advanced_tracker.py:_activate_slot,1003_339_348_590_457
S,2,1003,DETECTION,src/tracking/advanced_tracker.py:_activate_slot,1003_249_872_552_956
S,3,1003,DETECTION,src/tracking/advanced_tracker.py:_activate_slot,1003_491_942_674_1088
S,5,1003,DETECTION,src/tracking/advanced_tracker.py:_activate_slot,1003_296_265_588_384
S,7,1003,DETECTION,src/tracking/advanced_tracker.py:_activate_slot,1003_356_430_592_532
S,8,1003,DETECTION,src/tracking/advanced_tracker.py:_activate_slot,1003_69_1023_242_1117
S,9,1003,DETECTION,src/tracking/advanced_tracker.py:_activate_slot,1003_123_497_405_617
S,10,1003,DETECTION,src/tracking/advanced_tracker.py:_activate_slot,1003_60_799_224_897
S,4,1003,DETECTION,src/tracking/advanced_tracker.py:_activate_slot,1003_11_396_196_489
S,6,1003,PREDICTION,src/tracking/advanced_tracker.py:flow_gapfill_batched,
L,0,1003,DETECTION,src/tracking/advanced_tracker.py:_activate_slot,1003_147_590_413_722
R,CLAMP,CLAMP,0
L,1,1003,DETECTION,src/tracking/advanced_tracker.py:_activate_slot,1003_339_348_590_457
R,CLAMP,CLAMP,0
L,2,1003,DETECTION,src/tracking/advanced_tracker.py:_activate_slot,1003_249_872_552_956
R,CLAMP,CLAMP,0
L,3,1003,DETECTION,src/tracking/advanced_tracker.py:_activate_slot,1003_491_942_674_1088
R,CLAMP,CLAMP,0
L,4,1003,DETECTION,src/tracking/advanced_tracker.py:_activate_slot,1003_11_396_196_489
R,DETECTION,DETECTION,1
L,5,1003,DETECTION,src/tracking/advanced_tracker.py:_activate_slot,1003_296_265_588_384
R,CLAMP,CLAMP,0
L,6,1003,PREDICTION,src/tracking/advanced_tracker.py:flow_gapfill_batched,
R,CLAMP,CLAMP,0
L,7,1003,DETECTION,src/tracking/advanced_tracker.py:_activate_slot,1003_356_430_592_532
R,CLAMP,CLAMP,0
L,8,1003,DETECTION,src/tracking/advanced_tracker.py:_activate_slot,1003_69_1023_242_1117
R,DETECTION,DETECTION,1
L,9,1003,DETECTION,src/tracking/advanced_tracker.py:_activate_slot,1003_123_497_405_617
R,CLAMP,CLAMP,0
A,1003
S,0,1009,DETECTION,src/tracking/advanced_tracker.py:_activate_slot,1009_146_588_413_722
S,1,1009,DETECTION,src/tracking/advanced_tracker.py:_activate_slot,1009_339_349_590_456
S,2,1009,DETECTION,src/tracking/advanced_tracker.py:_activate_slot,1009_253_870_552_957
S,3,1009,DETECTION,src/tracking/advanced_tracker.py:_activate_slot,1009_489_945_675_1088
S,5,1009,DETECTION,src/tracking/advanced_tracker.py:_activate_slot,1009_296_267_588_388
S,6,1009,DETECTION,src/tracking/advanced_tracker.py:_activate_slot,1009_72_55_251_198
S,7,1009,DETECTION,src/tracking/advanced_tracker.py:_activate_slot,1009_356_430_592_532
S,8,1009,DETECTION,src/tracking/advanced_tracker.py:_activate_slot,1009_69_1023_242_1117
S,9,1009,DETECTION,src/tracking/advanced_tracker.py:_activate_slot,1009_123_500_405_616
S,10,1009,DETECTION,src/tracking/advanced_tracker.py:_activate_slot,1009_61_799_224_897
S,4,1009,PREDICTION,src/tracking/advanced_tracker.py:kalman_homography,
L,0,1009,DETECTION,src/tracking/advanced_tracker.py:_activate_slot,1009_146_588_413_722
R,CLAMP,CLAMP,0
L,1,1009,DETECTION,src/tracking/advanced_tracker.py:_activate_slot,1009_339_349_590_456
R,CLAMP,CLAMP,0
L,2,1009,DETECTION,src/tracking/advanced_tracker.py:_activate_slot,1009_253_870_552_957
R,CLAMP,CLAMP,0
L,3,1009,DETECTION,src/tracking/advanced_tracker.py:_activate_slot,1009_489_945_675_1088
R,CLAMP,CLAMP,0
L,4,1009,PREDICTION,src/tracking/advanced_tracker.py:kalman_homography,
R,PREDICTION,PREDICTION,1
L,5,1009,DETECTION,src/tracking/advanced_tracker.py:_activate_slot,1009_296_267_588_388
R,CLAMP,CLAMP,0
L,6,1009,DETECTION,src/tracking/advanced_tracker.py:_activate_slot,1009_72_55_251_198
R,CLAMP,CLAMP,0
L,7,1009,DETECTION,src/tracking/advanced_tracker.py:_activate_slot,1009_356_430_592_532
R,CLAMP,CLAMP,0
L,8,1009,DETECTION,src/tracking/advanced_tracker.py:_activate_slot,1009_69_1023_242_1117
R,DETECTION,SUBPIXEL,0
L,9,1009,DETECTION,src/tracking/advanced_tracker.py:_activate_slot,1009_123_500_405_616
R,CLAMP,CLAMP,0
A,1009
S,0,1015,DETECTION,src/tracking/advanced_tracker.py:_activate_slot,1015_146_588_413_722
S,1,1015,DETECTION,src/tracking/advanced_tracker.py:_activate_slot,1015_340_348_590_456
S,2,1015,DETECTION,src/tracking/advanced_tracker.py:_activate_slot,1015_255_866_552_961
S,3,1015,DETECTION,src/tracking/advanced_tracker.py:_activate_slot,1015_489_945_675_1087
S,5,1015,DETECTION,src/tracking/advanced_tracker.py:_activate_slot,1015_294_270_587_390
S,6,1015,DETECTION,src/tracking/advanced_tracker.py:_activate_slot,1015_163_164_289_274
S,7,1015,DETECTION,src/tracking/advanced_tracker.py:_activate_slot,1015_356_428_592_532
S,8,1015,DETECTION,src/tracking/advanced_tracker.py:_activate_slot,1015_69_1023_243_1117
S,9,1015,DETECTION,src/tracking/advanced_tracker.py:_activate_slot,1015_123_499_405_615
S,10,1015,DETECTION,src/tracking/advanced_tracker.py:_activate_slot,1015_61_800_224_897
S,4,1015,PREDICTION,src/tracking/advanced_tracker.py:kalman_homography,
L,0,1015,DETECTION,src/tracking/advanced_tracker.py:_activate_slot,1015_146_588_413_722
R,CLAMP,CLAMP,0
L,1,1015,DETECTION,src/tracking/advanced_tracker.py:_activate_slot,1015_340_348_590_456
R,CLAMP,CLAMP,0
L,2,1015,DETECTION,src/tracking/advanced_tracker.py:_activate_slot,1015_255_866_552_961
R,CLAMP,CLAMP,0
L,3,1015,DETECTION,src/tracking/advanced_tracker.py:_activate_slot,1015_489_945_675_1087
R,CLAMP,CLAMP,0
L,4,1015,PREDICTION,src/tracking/advanced_tracker.py:kalman_homography,
R,PREDICTION,SUBPIXEL,0
L,5,1015,DETECTION,src/tracking/advanced_tracker.py:_activate_slot,1015_294_270_587_390
R,CLAMP,CLAMP,0
L,6,1015,DETECTION,src/tracking/advanced_tracker.py:_activate_slot,1015_163_164_289_274
R,CLAMP,CLAMP,0
L,7,1015,DETECTION,src/tracking/advanced_tracker.py:_activate_slot,1015_356_428_592_532
R,CLAMP,CLAMP,0
L,8,1015,DETECTION,src/tracking/advanced_tracker.py:_activate_slot,1015_69_1023_243_1117
R,DETECTION,DETECTION,1
L,9,1015,DETECTION,src/tracking/advanced_tracker.py:_activate_slot,1015_123_499_405_615
R,CLAMP,CLAMP,0
A,1015
S,0,1021,DETECTION,src/tracking/advanced_tracker.py:_activate_slot,1021_145_588_413_722
S,1,1021,DETECTION,src/tracking/advanced_tracker.py:_activate_slot,1021_340_347_590_455
S,2,1021,DETECTION,src/tracking/advanced_tracker.py:_activate_slot,1021_258_860_553_965
S,3,1021,DETECTION,src/tracking/advanced_tracker.py:_activate_slot,1021_488_947_675_1086
S,5,1021,DETECTION,src/tracking/advanced_tracker.py:_activate_slot,1021_293_275_589_392
S,6,1021,DETECTION,src/tracking/advanced_tracker.py:_activate_slot,1021_163_165_289_274
S,7,1021,DETECTION,src/tracking/advanced_tracker.py:_activate_slot,1021_356_426_592_532
S,8,1021,DETECTION,src/tracking/advanced_tracker.py:_activate_slot,1021_70_1023_243_1117
S,9,1021,DETECTION,src/tracking/advanced_tracker.py:_activate_slot,1021_120_499_405_613
S,10,1021,DETECTION,src/tracking/advanced_tracker.py:_activate_slot,1021_60_800_224_897
S,4,1021,PREDICTION,src/tracking/advanced_tracker.py:kalman_homography,
L,0,1021,DETECTION,src/tracking/advanced_tracker.py:_activate_slot,1021_145_588_413_722
R,CLAMP,CLAMP,0
L,1,1021,DETECTION,src/tracking/advanced_tracker.py:_activate_slot,1021_340_347_590_455
R,CLAMP,CLAMP,0
L,2,1021,DETECTION,src/tracking/advanced_tracker.py:_activate_slot,1021_258_860_553_965
R,CLAMP,CLAMP,0
L,3,1021,DETECTION,src/tracking/advanced_tracker.py:_activate_slot,1021_488_947_675_1086
R,CLAMP,CLAMP,0
L,4,1021,PREDICTION,src/tracking/advanced_tracker.py:kalman_homography,
R,PREDICTION,SUBPIXEL,0
L,5,1021,DETECTION,src/tracking/advanced_tracker.py:_activate_slot,1021_293_275_589_392
R,CLAMP,CLAMP,0
L,6,1021,DETECTION,src/tracking/advanced_tracker.py:_activate_slot,1021_163_165_289_274
R,CLAMP,CLAMP,0
L,7,1021,DETECTION,src/tracking/advanced_tracker.py:_activate_slot,1021_356_426_592_532
R,CLAMP,CLAMP,0
L,8,1021,DETECTION,src/tracking/advanced_tracker.py:_activate_slot,1021_70_1023_243_1117
R,DETECTION,SUBPIXEL,0
L,9,1021,DETECTION,src/tracking/advanced_tracker.py:_activate_slot,1021_120_499_405_613
R,CLAMP,CLAMP,0
A,1021
S,0,1027,DETECTION,src/tracking/advanced_tracker.py:_activate_slot,1027_145_586_413_722
S,1,1027,DETECTION,src/tracking/advanced_tracker.py:_activate_slot,1027_340_346_590_455
S,2,1027,DETECTION,src/tracking/advanced_tracker.py:_activate_slot,1027_260_858_551_967
S,3,1027,DETECTION,src/tracking/advanced_tracker.py:_activate_slot,1027_487_947_675_1083
S,5,1027,DETECTION,src/tracking/advanced_tracker.py:_activate_slot,1027_294_276_589_392
S,6,1027,DETECTION,src/tracking/advanced_tracker.py:_activate_slot,1027_163_166_289_274
S,7,1027,DETECTION,src/tracking/advanced_tracker.py:_activate_slot,1027_356_428_592_533
S,8,1027,DETECTION,src/tracking/advanced_tracker.py:_activate_slot,1027_69_1024_244_1118
S,9,1027,DETECTION,src/tracking/advanced_tracker.py:_activate_slot,1027_121_497_405_610
S,10,1027,DETECTION,src/tracking/advanced_tracker.py:_activate_slot,1027_60_799_224_897
S,4,1027,PREDICTION,src/tracking/advanced_tracker.py:kalman_homography,
L,0,1027,DETECTION,src/tracking/advanced_tracker.py:_activate_slot,1027_145_586_413_722
R,CLAMP,CLAMP,0
L,1,1027,DETECTION,src/tracking/advanced_tracker.py:_activate_slot,1027_340_346_590_455
R,CLAMP,CLAMP,0
L,2,1027,DETECTION,src/tracking/advanced_tracker.py:_activate_slot,1027_260_858_551_967
R,CLAMP,CLAMP,0
L,3,1027,DETECTION,src/tracking/advanced_tracker.py:_activate_slot,1027_487_947_675_1083
R,CLAMP,CLAMP,0
L,4,1027,PREDICTION,src/tracking/advanced_tracker.py:kalman_homography,
R,PREDICTION,SUBPIXEL,0
L,5,1027,DETECTION,src/tracking/advanced_tracker.py:_activate_slot,1027_294_276_589_392
R,CLAMP,CLAMP,0
L,6,1027,DETECTION,src/tracking/advanced_tracker.py:_activate_slot,1027_163_166_289_274
R,CLAMP,CLAMP,0
L,7,1027,DETECTION,src/tracking/advanced_tracker.py:_activate_slot,1027_356_428_592_533
R,CLAMP,CLAMP,0
L,8,1027,DETECTION,src/tracking/advanced_tracker.py:_activate_slot,1027_69_1024_244_1118
R,DETECTION,DETECTION,1
L,9,1027,DETECTION,src/tracking/advanced_tracker.py:_activate_slot,1027_121_497_405_610
R,CLAMP,CLAMP,0
A,1027
S,0,1033,DETECTION,src/tracking/advanced_tracker.py:_activate_slot,1033_145_587_413_723
S,1,1033,DETECTION,src/tracking/advanced_tracker.py:_activate_slot,1033_341_346_590_455
S,2,1033,DETECTION,src/tracking/advanced_tracker.py:_activate_slot,1033_261_854_553_968
S,3,1033,DETECTION,src/tracking/advanced_tracker.py:_activate_slot,1033_487_949_675_1082
S,5,1033,DETECTION,src/tracking/advanced_tracker.py:_activate_slot,1033_295_275_589_393
S,6,1033,DETECTION,src/tracking/advanced_tracker.py:_activate_slot,1033_162_165_289_275
S,7,1033,DETECTION,src/tracking/advanced_tracker.py:_activate_slot,1033_357_428_592_533
S,8,1033,DETECTION,src/tracking/advanced_tracker.py:_activate_slot,1033_70_1024_244_1118
S,9,1033,DETECTION,src/tracking/advanced_tracker.py:_activate_slot,1033_125_498_405_606
S,10,1033,DETECTION,src/tracking/advanced_tracker.py:_activate_slot,1033_60_800_224_897
S,4,1033,PREDICTION,src/tracking/advanced_tracker.py:kalman_homography,
L,0,1033,DETECTION,src/tracking/advanced_tracker.py:_activate_slot,1033_145_587_413_723
R,CLAMP,CLAMP,0
L,1,1033,DETECTION,src/tracking/advanced_tracker.py:_activate_slot,1033_341_346_590_455
R,CLAMP,CLAMP,0
L,2,1033,DETECTION,src/tracking/advanced_tracker.py:_activate_slot,1033_261_854_553_968
R,CLAMP,CLAMP,0
L,3,1033,DETECTION,src/tracking/advanced_tracker.py:_activate_slot,1033_487_949_675_1082
R,CLAMP,CLAMP,0
L,4,1033,PREDICTION,src/tracking/advanced_tracker.py:kalman_homography,
R,PREDICTION,SUBPIXEL,0
L,5,1033,DETECTION,src/tracking/advanced_tracker.py:_activate_slot,1033_295_275_589_393
R,CLAMP,CLAMP,0
L,6,1033,DETECTION,src/tracking/advanced_tracker.py:_activate_slot,1033_162_165_289_275
R,CLAMP,CLAMP,0
L,7,1033,DETECTION,src/tracking/advanced_tracker.py:_activate_slot,1033_357_428_592_533
R,CLAMP,CLAMP,0
L,8,1033,DETECTION,src/tracking/advanced_tracker.py:_activate_slot,1033_70_1024_244_1118
R,DETECTION,SUBPIXEL,0
L,9,1033,DETECTION,src/tracking/advanced_tracker.py:_activate_slot,1033_125_498_405_606
R,CLAMP,CLAMP,0
A,1033
S,1,1039,DETECTION,src/tracking/advanced_tracker.py:_activate_slot,1039_341_346_590_455
S,2,1039,DETECTION,src/tracking/advanced_tracker.py:_activate_slot,1039_262_853_554_965
S,3,1039,DETECTION,src/tracking/advanced_tracker.py:_activate_slot,1039_487_950_675_1080
S,5,1039,DETECTION,src/tracking/advanced_tracker.py:_activate_slot,1039_295_275_589_392
S,6,1039,DETECTION,src/tracking/advanced_tracker.py:_activate_slot,1039_161_164_289_274
S,7,1039,DETECTION,src/tracking/advanced_tracker.py:_activate_slot,1039_357_430_592_533
S,8,1039,DETECTION,src/tracking/advanced_tracker.py:_activate_slot,1039_70_1024_242_1118
S,9,1039,DETECTION,src/tracking/advanced_tracker.py:_activate_slot,1039_123_493_405_604
S,10,1039,DETECTION,src/tracking/advanced_tracker.py:_activate_slot,1039_60_799_224_896
S,0,1039,PREDICTION,src/tracking/advanced_tracker.py:kalman_homography,
S,4,1039,PREDICTION,src/tracking/advanced_tracker.py:kalman_homography,
L,0,1039,PREDICTION,src/tracking/advanced_tracker.py:kalman_homography,
R,CLAMP,CLAMP,0
L,1,1039,DETECTION,src/tracking/advanced_tracker.py:_activate_slot,1039_341_346_590_455
R,CLAMP,CLAMP,0
L,2,1039,DETECTION,src/tracking/advanced_tracker.py:_activate_slot,1039_262_853_554_965
R,CLAMP,CLAMP,0
L,3,1039,DETECTION,src/tracking/advanced_tracker.py:_activate_slot,1039_487_950_675_1080
R,CLAMP,CLAMP,0
L,4,1039,PREDICTION,src/tracking/advanced_tracker.py:kalman_homography,
R,PREDICTION,SUBPIXEL,0
L,5,1039,DETECTION,src/tracking/advanced_tracker.py:_activate_slot,1039_295_275_589_392
R,CLAMP,CLAMP,0
L,6,1039,DETECTION,src/tracking/advanced_tracker.py:_activate_slot,1039_161_164_289_274
R,CLAMP,CLAMP,0
L,7,1039,DETECTION,src/tracking/advanced_tracker.py:_activate_slot,1039_357_430_592_533
R,CLAMP,CLAMP,0
L,8,1039,DETECTION,src/tracking/advanced_tracker.py:_activate_slot,1039_70_1024_242_1118
R,DETECTION,DETECTION,1
L,9,1039,DETECTION,src/tracking/advanced_tracker.py:_activate_slot,1039_123_493_405_604
R,CLAMP,CLAMP,0
A,1039
S,1,1045,DETECTION,src/tracking/advanced_tracker.py:_activate_slot,1045_341_346_589_455
S,2,1045,DETECTION,src/tracking/advanced_tracker.py:_activate_slot,1045_263_851_553_961
S,3,1045,DETECTION,src/tracking/advanced_tracker.py:_activate_slot,1045_488_950_675_1080
S,5,1045,DETECTION,src/tracking/advanced_tracker.py:_activate_slot,1045_299_274_590_394
S,6,1045,DETECTION,src/tracking/advanced_tracker.py:_activate_slot,1045_162_165_289_274
S,7,1045,DETECTION,src/tracking/advanced_tracker.py:_activate_slot,1045_357_430_592_533
S,8,1045,DETECTION,src/tracking/advanced_tracker.py:_activate_slot,1045_68_1022_243_1118
S,9,1045,DETECTION,src/tracking/advanced_tracker.py:_activate_slot,1045_121_493_403_603
S,10,1045,DETECTION,src/tracking/advanced_tracker.py:_activate_slot,1045_61_799_224_897
S,0,1045,PREDICTION,src/tracking/advanced_tracker.py:kalman_homography,
S,4,1045,PREDICTION,src/tracking/advanced_tracker.py:kalman_homography,
L,0,1045,PREDICTION,src/tracking/advanced_tracker.py:kalman_homography,
R,CLAMP,CLAMP,0
L,1,1045,DETECTION,src/tracking/advanced_tracker.py:_activate_slot,1045_341_346_589_455
R,CLAMP,CLAMP,0
L,2,1045,DETECTION,src/tracking/advanced_tracker.py:_activate_slot,1045_263_851_553_961
R,CLAMP,CLAMP,0
L,3,1045,DETECTION,src/tracking/advanced_tracker.py:_activate_slot,1045_488_950_675_1080
R,CLAMP,CLAMP,0
L,4,1045,PREDICTION,src/tracking/advanced_tracker.py:kalman_homography,
R,PREDICTION,SUBPIXEL,0
L,5,1045,DETECTION,src/tracking/advanced_tracker.py:_activate_slot,1045_299_274_590_394
R,CLAMP,CLAMP,0
L,6,1045,DETECTION,src/tracking/advanced_tracker.py:_activate_slot,1045_162_165_289_274
R,CLAMP,CLAMP,0
L,7,1045,DETECTION,src/tracking/advanced_tracker.py:_activate_slot,1045_357_430_592_533
R,CLAMP,CLAMP,0
L,8,1045,DETECTION,src/tracking/advanced_tracker.py:_activate_slot,1045_68_1022_243_1118
R,DETECTION,DETECTION,1
L,9,1045,DETECTION,src/tracking/advanced_tracker.py:_activate_slot,1045_121_493_403_603
R,CLAMP,CLAMP,0
A,1045
S,1,1051,DETECTION,src/tracking/advanced_tracker.py:_activate_slot,1051_341_347_589_455
S,2,1051,DETECTION,src/tracking/advanced_tracker.py:_activate_slot,1051_263_849_553_959
S,3,1051,DETECTION,src/tracking/advanced_tracker.py:_activate_slot,1051_488_950_675_1081
S,5,1051,DETECTION,src/tracking/advanced_tracker.py:_activate_slot,1051_307_273_589_394
S,6,1051,DETECTION,src/tracking/advanced_tracker.py:_activate_slot,1051_73_66_245_192
S,7,1051,DETECTION,src/tracking/advanced_tracker.py:_activate_slot,1051_357_431_592_534
S,8,1051,DETECTION,src/tracking/advanced_tracker.py:_activate_slot,1051_67_1022_243_1118
S,9,1051,DETECTION,src/tracking/advanced_tracker.py:_activate_slot,1051_125_493_404_597
S,10,1051,DETECTION,src/tracking/advanced_tracker.py:_activate_slot,1051_60_800_224_897
S,0,1051,PREDICTION,src/tracking/advanced_tracker.py:kalman_homography,
S,4,1051,PREDICTION,src/tracking/advanced_tracker.py:flow_gapfill_batched,
L,0,1051,PREDICTION,src/tracking/advanced_tracker.py:kalman_homography,
R,CLAMP,CLAMP,0
L,1,1051,DETECTION,src/tracking/advanced_tracker.py:_activate_slot,1051_341_347_589_455
R,CLAMP,CLAMP,0
L,2,1051,DETECTION,src/tracking/advanced_tracker.py:_activate_slot,1051_263_849_553_959
R,CLAMP,CLAMP,0
L,3,1051,DETECTION,src/tracking/advanced_tracker.py:_activate_slot,1051_488_950_675_1081
R,CLAMP,CLAMP,0
L,4,1051,PREDICTION,src/tracking/advanced_tracker.py:flow_gapfill_batched,
R,PREDICTION,PREDICTION,1
L,5,1051,DETECTION,src/tracking/advanced_tracker.py:_activate_slot,1051_307_273_589_394
R,CLAMP,CLAMP,0
L,6,1051,DETECTION,src/tracking/advanced_tracker.py:_activate_slot,1051_73_66_245_192
R,CLAMP,CLAMP,0
L,7,1051,DETECTION,src/tracking/advanced_tracker.py:_activate_slot,1051_357_431_592_534
R,CLAMP,CLAMP,0
L,8,1051,DETECTION,src/tracking/advanced_tracker.py:_activate_slot,1051_67_1022_243_1118
R,DETECTION,SUBPIXEL,0
L,9,1051,DETECTION,src/tracking/advanced_tracker.py:_activate_slot,1051_125_493_404_597
R,CLAMP,CLAMP,0
A,1051
S,0,1057,DETECTION,src/tracking/advanced_tracker.py:_activate_slot,1057_144_585_412_722
S,1,1057,DETECTION,src/tracking/advanced_tracker.py:_activate_slot,1057_342_346_590_455
S,2,1057,DETECTION,src/tracking/advanced_tracker.py:_activate_slot,1057_263_849_553_957
S,3,1057,DETECTION,src/tracking/advanced_tracker.py:_activate_slot,1057_487_950_675_1081
S,5,1057,DETECTION,src/tracking/advanced_tracker.py:_activate_slot,1057_310_270_590_394
S,6,1057,DETECTION,src/tracking/advanced_tracker.py:_activate_slot,1057_74_67_245_192
S,7,1057,DETECTION,src/tracking/advanced_tracker.py:_activate_slot,1057_358_430_593_534
S,8,1057,DETECTION,src/tracking/advanced_tracker.py:_activate_slot,1057_68_1022_243_1118
S,9,1057,DETECTION,src/tracking/advanced_tracker.py:_activate_slot,1057_126_491_404_595
S,10,1057,DETECTION,src/tracking/advanced_tracker.py:_activate_slot,1057_60_802_223_897
L,0,1057,DETECTION,src/tracking/advanced_tracker.py:_activate_slot,1057_144_585_412_722
R,CLAMP,CLAMP,0
L,1,1057,DETECTION,src/tracking/advanced_tracker.py:_activate_slot,1057_342_346_590_455
R,CLAMP,CLAMP,0
L,2,1057,DETECTION,src/tracking/advanced_tracker.py:_activate_slot,1057_263_849_553_957
R,CLAMP,CLAMP,0
L,3,1057,DETECTION,src/tracking/advanced_tracker.py:_activate_slot,1057_487_950_675_1081
R,CLAMP,CLAMP,0
L,5,1057,DETECTION,src/tracking/advanced_tracker.py:_activate_slot,1057_310_270_590_394
R,CLAMP,CLAMP,0
L,6,1057,DETECTION,src/tracking/advanced_tracker.py:_activate_slot,1057_74_67_245_192
R,CLAMP,CLAMP,0
L,7,1057,DETECTION,src/tracking/advanced_tracker.py:_activate_slot,1057_358_430_593_534
R,CLAMP,CLAMP,0
L,8,1057,DETECTION,src/tracking/advanced_tracker.py:_activate_slot,1057_68_1022_243_1118
R,DETECTION,SUBPIXEL,0
L,9,1057,DETECTION,src/tracking/advanced_tracker.py:_activate_slot,1057_126_491_404_595
R,CLAMP,CLAMP,0
A,1057
S,1,1063,DETECTION,src/tracking/advanced_tracker.py:_activate_slot,1063_342_346_589_455
S,2,1063,DETECTION,src/tracking/advanced_tracker.py:_activate_slot,1063_262_848_554_956
S,3,1063,DETECTION,src/tracking/advanced_tracker.py:_activate_slot,1063_487_949_675_1082
S,5,1063,DETECTION,src/tracking/advanced_tracker.py:_activate_slot,1063_311_268_590_395
S,6,1063,DETECTION,src/tracking/advanced_tracker.py:_activate_slot,1063_74_67_244_192
S,7,1063,DETECTION,src/tracking/advanced_tracker.py:_activate_slot,1063_358_430_593_534
S,8,1063,DETECTION,src/tracking/advanced_tracker.py:_activate_slot,1063_67_1021_243_1119
S,9,1063,DETECTION,src/tracking/advanced_tracker.py:_activate_slot,1063_132_487_404_592
S,10,1063,DETECTION,src/tracking/advanced_tracker.py:_activate_slot,1063_60_803_223_897
S,0,1063,PREDICTION,src/tracking/advanced_tracker.py:kalman_homography,
L,0,1063,PREDICTION,src/tracking/advanced_tracker.py:kalman_homography,
R,CLAMP,CLAMP,0
L,1,1063,DETECTION,src/tracking/advanced_tracker.py:_activate_slot,1063_342_346_589_455
R,CLAMP,CLAMP,0
L,2,1063,DETECTION,src/tracking/advanced_tracker.py:_activate_slot,1063_262_848_554_956
R,CLAMP,CLAMP,0
L,3,1063,DETECTION,src/tracking/advanced_tracker.py:_activate_slot,1063_487_949_675_1082
R,CLAMP,CLAMP,0
L,5,1063,DETECTION,src/tracking/advanced_tracker.py:_activate_slot,1063_311_268_590_395
R,CLAMP,CLAMP,0
L,6,1063,DETECTION,src/tracking/advanced_tracker.py:_activate_slot,1063_74_67_244_192
R,CLAMP,CLAMP,0
L,7,1063,DETECTION,src/tracking/advanced_tracker.py:_activate_slot,1063_358_430_593_534
R,CLAMP,CLAMP,0
L,8,1063,DETECTION,src/tracking/advanced_tracker.py:_activate_slot,1063_67_1021_243_1119
R,DETECTION,SUBPIXEL,0
L,9,1063,DETECTION,src/tracking/advanced_tracker.py:_activate_slot,1063_132_487_404_592
R,CLAMP,CLAMP,0
A,1063
S,0,1069,DETECTION,src/tracking/advanced_tracker.py:_activate_slot,1069_145_585_413_723
S,1,1069,DETECTION,src/tracking/advanced_tracker.py:_activate_slot,1069_342_346_589_455
S,2,1069,DETECTION,src/tracking/advanced_tracker.py:_activate_slot,1069_262_848_554_956
S,3,1069,DETECTION,src/tracking/advanced_tracker.py:_activate_slot,1069_487_949_675_1083
S,4,1069,DETECTION,src/tracking/advanced_tracker.py:_activate_slot,1069_76_68_245_191
S,5,1069,DETECTION,src/tracking/advanced_tracker.py:_activate_slot,1069_311_265_589_394
S,6,1069,DETECTION,src/tracking/advanced_tracker.py:_activate_slot,1069_164_167_289_275
S,7,1069,DETECTION,src/tracking/advanced_tracker.py:_activate_slot,1069_358_429_593_534
S,8,1069,DETECTION,src/tracking/advanced_tracker.py:_activate_slot,1069_68_1021_243_1119
S,9,1069,DETECTION,src/tracking/advanced_tracker.py:_activate_slot,1069_132_487_402_593
S,10,1069,DETECTION,src/tracking/advanced_tracker.py:_activate_slot,1069_60_801_223_897
L,0,1069,DETECTION,src/tracking/advanced_tracker.py:_activate_slot,1069_145_585_413_723
R,CLAMP,CLAMP,0
L,1,1069,DETECTION,src/tracking/advanced_tracker.py:_activate_slot,1069_342_346_589_455
R,CLAMP,CLAMP,0
L,2,1069,DETECTION,src/tracking/advanced_tracker.py:_activate_slot,1069_262_848_554_956
R,CLAMP,CLAMP,0
L,3,1069,DETECTION,src/tracking/advanced_tracker.py:_activate_slot,1069_487_949_675_1083
R,CLAMP,CLAMP,0
L,4,1069,DETECTION,src/tracking/advanced_tracker.py:_activate_slot,1069_76_68_245_191
R,CLAMP,CLAMP,0
L,5,1069,DETECTION,src/tracking/advanced_tracker.py:_activate_slot,1069_311_265_589_394
R,CLAMP,CLAMP,0
L,6,1069,DETECTION,src/tracking/advanced_tracker.py:_activate_slot,1069_164_167_289_275
R,CLAMP,CLAMP,0
L,7,1069,DETECTION,src/tracking/advanced_tracker.py:_activate_slot,1069_358_429_593_534
R,CLAMP,CLAMP,0
L,8,1069,DETECTION,src/tracking/advanced_tracker.py:_activate_slot,1069_68_1021_243_1119
R,DETECTION,SUBPIXEL,0
L,9,1069,DETECTION,src/tracking/advanced_tracker.py:_activate_slot,1069_132_487_402_593
R,CLAMP,CLAMP,0
A,1069
S,0,1075,DETECTION,src/tracking/advanced_tracker.py:_activate_slot,1075_144_585_412_723
S,1,1075,DETECTION,src/tracking/advanced_tracker.py:_activate_slot,1075_342_346_589_455
S,2,1075,DETECTION,src/tracking/advanced_tracker.py:_activate_slot,1075_261_846_554_958
S,3,1075,DETECTION,src/tracking/advanced_tracker.py:_activate_slot,1075_488_947_675_1085
S,5,1075,DETECTION,src/tracking/advanced_tracker.py:_activate_slot,1075_311_264_589_395
S,6,1075,DETECTION,src/tracking/advanced_tracker.py:_activate_slot,1075_163_167_289_274
S,7,1075,DETECTION,src/tracking/advanced_tracker.py:_activate_slot,1075_358_429_593_534
S,8,1075,DETECTION,src/tracking/advanced_tracker.py:_activate_slot,1075_67_1021_243_1119
S,9,1075,DETECTION,src/tracking/advanced_tracker.py:_activate_slot,1075_135_482_404_594
S,10,1075,DETECTION,src/tracking/advanced_tracker.py:_activate_slot,1075_60_801_223_897
S,4,1075,PREDICTION,src/tracking/advanced_tracker.py:flow_gapfill_batched,
L,0,1075,DETECTION,src/tracking/advanced_tracker.py:_activate_slot,1075_144_585_412_723
R,CLAMP,CLAMP,0
L,1,1075,DETECTION,src/tracking/advanced_tracker.py:_activate_slot,1075_342_346_589_455
R,CLAMP,CLAMP,0
L,2,1075,DETECTION,src/tracking/advanced_tracker.py:_activate_slot,1075_261_846_554_958
R,CLAMP,CLAMP,0
L,3,1075,DETECTION,src/tracking/advanced_tracker.py:_activate_slot,1075_488_947_675_1085
R,CLAMP,CLAMP,0
L,4,1075,PREDICTION,src/tracking/advanced_tracker.py:flow_gapfill_batched,
R,CLAMP,CLAMP,0
L,5,1075,DETECTION,src/tracking/advanced_tracker.py:_activate_slot,1075_311_264_589_395
R,CLAMP,CLAMP,0
L,6,1075,DETECTION,src/tracking/advanced_tracker.py:_activate_slot,1075_163_167_289_274
R,CLAMP,CLAMP,0
L,7,1075,DETECTION,src/tracking/advanced_tracker.py:_activate_slot,1075_358_429_593_534
R,CLAMP,CLAMP,0
L,8,1075,DETECTION,src/tracking/advanced_tracker.py:_activate_slot,1075_67_1021_243_1119
R,DETECTION,SUBPIXEL,0
L,9,1075,DETECTION,src/tracking/advanced_tracker.py:_activate_slot,1075_135_482_404_594
R,CLAMP,CLAMP,0
A,1075
S,0,1081,DETECTION,src/tracking/advanced_tracker.py:_activate_slot,1081_144_585_413_723
S,1,1081,DETECTION,src/tracking/advanced_tracker.py:_activate_slot,1081_342_346_589_455
S,2,1081,DETECTION,src/tracking/advanced_tracker.py:_activate_slot,1081_261_845_554_961
S,3,1081,DETECTION,src/tracking/advanced_tracker.py:_activate_slot,1081_488_947_675_1086
S,4,1081,DETECTION,src/tracking/advanced_tracker.py:_activate_slot,1081_136_481_405_595
S,5,1081,DETECTION,src/tracking/advanced_tracker.py:_activate_slot,1081_311_265_589_396
S,6,1081,DETECTION,src/tracking/advanced_tracker.py:_activate_slot,1081_163_167_289_276
S,7,1081,DETECTION,src/tracking/advanced_tracker.py:_activate_slot,1081_358_431_593_535
S,8,1081,DETECTION,src/tracking/advanced_tracker.py:_activate_slot,1081_68_1022_243_1118
S,9,1081,DETECTION,src/tracking/advanced_tracker.py:_activate_slot,1081_71_286_313_426
S,10,1081,DETECTION,src/tracking/advanced_tracker.py:_activate_slot,1081_60_803_222_897
L,0,1081,DETECTION,src/tracking/advanced_tracker.py:_activate_slot,1081_144_585_413_723
R,CLAMP,CLAMP,0
L,1,1081,DETECTION,src/tracking/advanced_tracker.py:_activate_slot,1081_342_346_589_455
R,CLAMP,CLAMP,0
L,2,1081,DETECTION,src/tracking/advanced_tracker.py:_activate_slot,1081_261_845_554_961
R,CLAMP,CLAMP,0
L,3,1081,DETECTION,src/tracking/advanced_tracker.py:_activate_slot,1081_488_947_675_1086
R,CLAMP,CLAMP,0
L,4,1081,DETECTION,src/tracking/advanced_tracker.py:_activate_slot,1081_136_481_405_595
R,DETECTION,DETECTION,1
L,5,1081,DETECTION,src/tracking/advanced_tracker.py:_activate_slot,1081_311_265_589_396
R,CLAMP,CLAMP,0
L,6,1081,DETECTION,src/tracking/advanced_tracker.py:_activate_slot,1081_163_167_289_276
R,CLAMP,CLAMP,0
L,7,1081,DETECTION,src/tracking/advanced_tracker.py:_activate_slot,1081_358_431_593_535
R,CLAMP,CLAMP,0
L,8,1081,DETECTION,src/tracking/advanced_tracker.py:_activate_slot,1081_68_1022_243_1118
R,DETECTION,SUBPIXEL,0
L,9,1081,DETECTION,src/tracking/advanced_tracker.py:_activate_slot,1081_71_286_313_426
R,CLAMP,CLAMP,0
A,1081
S,0,1087,DETECTION,src/tracking/advanced_tracker.py:_activate_slot,1087_145_585_413_723
S,1,1087,DETECTION,src/tracking/advanced_tracker.py:_activate_slot,1087_343_346_590_455
S,2,1087,DETECTION,src/tracking/advanced_tracker.py:_activate_slot,1087_259_845_551_961
S,3,1087,DETECTION,src/tracking/advanced_tracker.py:_activate_slot,1087_487_946_675_1087
S,5,1087,DETECTION,src/tracking/advanced_tracker.py:_activate_slot,1087_311_265_589_396
S,7,1087,DETECTION,src/tracking/advanced_tracker.py:_activate_slot,1087_358_431_593_535
S,8,1087,DETECTION,src/tracking/advanced_tracker.py:_activate_slot,1087_66_1022_242_1118
S,9,1087,DETECTION,src/tracking/advanced_tracker.py:_activate_slot,1087_71_291_313_427
S,6,1087,DETECTION,src/tracking/advanced_tracker.py:_activate_slot,1087_163_166_289_274
S,10,1087,DETECTION,src/tracking/advanced_tracker.py:_activate_slot,1087_60_803_222_897
S,4,1087,PREDICTION,src/tracking/advanced_tracker.py:kalman_homography,
D,4,1087
S,0,1087,PREDICTION,src/tracking/advanced_tracker.py:id_merge,
L,0,1087,PREDICTION,src/tracking/advanced_tracker.py:id_merge,
R,CLAMP,CLAMP,0
L,1,1087,DETECTION,src/tracking/advanced_tracker.py:_activate_slot,1087_343_346_590_455
R,CLAMP,CLAMP,0
L,2,1087,DETECTION,src/tracking/advanced_tracker.py:_activate_slot,1087_259_845_551_961
R,CLAMP,CLAMP,0
L,3,1087,DETECTION,src/tracking/advanced_tracker.py:_activate_slot,1087_487_946_675_1087
R,CLAMP,CLAMP,0
L,5,1087,DETECTION,src/tracking/advanced_tracker.py:_activate_slot,1087_311_265_589_396
R,CLAMP,CLAMP,0
L,6,1087,DETECTION,src/tracking/advanced_tracker.py:_activate_slot,1087_163_166_289_274
R,CLAMP,CLAMP,0
L,7,1087,DETECTION,src/tracking/advanced_tracker.py:_activate_slot,1087_358_431_593_535
R,CLAMP,CLAMP,0
L,8,1087,DETECTION,src/tracking/advanced_tracker.py:_activate_slot,1087_66_1022_242_1118
R,DETECTION,DETECTION,1
L,9,1087,DETECTION,src/tracking/advanced_tracker.py:_activate_slot,1087_71_291_313_427
R,CLAMP,CLAMP,0
A,1087
S,0,1093,DETECTION,src/tracking/advanced_tracker.py:_activate_slot,1093_146_585_413_723
S,1,1093,DETECTION,src/tracking/advanced_tracker.py:_activate_slot,1093_343_346_590_456
S,2,1093,DETECTION,src/tracking/advanced_tracker.py:_activate_slot,1093_260_842_551_956
S,3,1093,DETECTION,src/tracking/advanced_tracker.py:_activate_slot,1093_489_945_675_1087
S,5,1093,DETECTION,src/tracking/advanced_tracker.py:_activate_slot,1093_313_265_590_395
S,7,1093,DETECTION,src/tracking/advanced_tracker.py:_activate_slot,1093_358_431_593_535
S,8,1093,DETECTION,src/tracking/advanced_tracker.py:_activate_slot,1093_67_1023_242_1117
S,9,1093,DETECTION,src/tracking/advanced_tracker.py:_activate_slot,1093_71_289_313_427
S,6,1093,DETECTION,src/tracking/advanced_tracker.py:_activate_slot,1093_162_166_289_275
S,10,1093,DETECTION,src/tracking/advanced_tracker.py:_activate_slot,1093_60_803_222_897
S,4,1093,PREDICTION,src/tracking/advanced_tracker.py:kalman_homography,
L,0,1093,DETECTION,src/tracking/advanced_tracker.py:_activate_slot,1093_146_585_413_723
R,CLAMP,CLAMP,0
L,1,1093,DETECTION,src/tracking/advanced_tracker.py:_activate_slot,1093_343_346_590_456
R,CLAMP,CLAMP,0
L,2,1093,DETECTION,src/tracking/advanced_tracker.py:_activate_slot,1093_260_842_551_956
R,CLAMP,CLAMP,0
L,3,1093,DETECTION,src/tracking/advanced_tracker.py:_activate_slot,1093_489_945_675_1087
R,CLAMP,CLAMP,0
L,4,1093,PREDICTION,src/tracking/advanced_tracker.py:kalman_homography,
R,PREDICTION,PREDICTION,1
L,5,1093,DETECTION,src/tracking/advanced_tracker.py:_activate_slot,1093_313_265_590_395
R,CLAMP,CLAMP,0
L,6,1093,DETECTION,src/tracking/advanced_tracker.py:_activate_slot,1093_162_166_289_275
R,CLAMP,CLAMP,0
L,7,1093,DETECTION,src/tracking/advanced_tracker.py:_activate_slot,1093_358_431_593_535
R,CLAMP,CLAMP,0
L,8,1093,DETECTION,src/tracking/advanced_tracker.py:_activate_slot,1093_67_1023_242_1117
R,DETECTION,SUBPIXEL,0
L,9,1093,DETECTION,src/tracking/advanced_tracker.py:_activate_slot,1093_71_289_313_427
R,CLAMP,CLAMP,0
A,1093
S,0,1099,DETECTION,src/tracking/advanced_tracker.py:_activate_slot,1099_146_585_413_723
S,1,1099,DETECTION,src/tracking/advanced_tracker.py:_activate_slot,1099_343_346_590_456
S,2,1099,DETECTION,src/tracking/advanced_tracker.py:_activate_slot,1099_258_833_549_958
S,3,1099,DETECTION,src/tracking/advanced_tracker.py:_activate_slot,1099_489_945_675_1088
S,5,1099,DETECTION,src/tracking/advanced_tracker.py:_activate_slot,1099_313_265_590_395
S,6,1099,DETECTION,src/tracking/advanced_tracker.py:_activate_slot,1099_162_167_289_275
S,7,1099,DETECTION,src/tracking/advanced_tracker.py:_activate_slot,1099_357_432_593_535
S,8,1099,DETECTION,src/tracking/advanced_tracker.py:_activate_slot,1099_68_1023_242_1117
S,9,1099,DETECTION,src/tracking/advanced_tracker.py:_activate_slot,1099_69_299_311_423
S,10,1099,DETECTION,src/tracking/advanced_tracker.py:_activate_slot,1099_60_802_223_897
S,4,1099,PREDICTION,src/tracking/advanced_tracker.py:kalman_homography,
D,4,1099
S,2,1099,PREDICTION,src/tracking/advanced_tracker.py:id_merge,
L,0,1099,DETECTION,src/tracking/advanced_tracker.py:_activate_slot,1099_146_585_413_723
R,CLAMP,CLAMP,0
L,1,1099,DETECTION,src/tracking/advanced_tracker.py:_activate_slot,1099_343_346_590_456
R,CLAMP,CLAMP,0
L,2,1099,PREDICTION,src/tracking/advanced_tracker.py:id_merge,
R,CLAMP,CLAMP,0
L,3,1099,DETECTION,src/tracking/advanced_tracker.py:_activate_slot,1099_489_945_675_1088
R,CLAMP,CLAMP,0
L,5,1099,DETECTION,src/tracking/advanced_tracker.py:_activate_slot,1099_313_265_590_395
R,CLAMP,CLAMP,0
L,6,1099,DETECTION,src/tracking/advanced_tracker.py:_activate_slot,1099_162_167_289_275
R,CLAMP,CLAMP,0
L,7,1099,DETECTION,src/tracking/advanced_tracker.py:_activate_slot,1099_357_432_593_535
R,CLAMP,CLAMP,0
L,8,1099,DETECTION,src/tracking/advanced_tracker.py:_activate_slot,1099_68_1023_242_1117
R,DETECTION,SUBPIXEL,0
L,9,1099,DETECTION,src/tracking/advanced_tracker.py:_activate_slot,1099_69_299_311_423
R,CLAMP,CLAMP,0
A,1099
S,0,1105,DETECTION,src/tracking/advanced_tracker.py:_activate_slot,1105_145_584_412_722
S,1,1105,DETECTION,src/tracking/advanced_tracker.py:_activate_slot,1105_344_346_590_456
S,2,1105,DETECTION,src/tracking/advanced_tracker.py:_activate_slot,1105_259_846_549_956
S,5,1105,DETECTION,src/tracking/advanced_tracker.py:_activate_slot,1105_313_265_590_395
S,6,1105,DETECTION,src/tracking/advanced_tracker.py:_activate_slot,1105_490_944_675_1088
S,7,1105,DETECTION,src/tracking/advanced_tracker.py:_activate_slot,1105_358_427_593_535
S,8,1105,DETECTION,src/tracking/advanced_tracker.py:_activate_slot,1105_68_1024_241_1118
S,9,1105,DETECTION,src/tracking/advanced_tracker.py:_activate_slot,1105_69_302_312_425
S,10,1105,DETECTION,src/tracking/advanced_tracker.py:_activate_slot,1105_62_802_224_898
S,4,1105,PREDICTION,src/tracking/advanced_tracker.py:kalman_homography,
L,0,1105,DETECTION,src/tracking/advanced_tracker.py:_activate_slot,1105_145_584_412_722
R,CLAMP,CLAMP,0
L,1,1105,DETECTION,src/tracking/advanced_tracker.py:_activate_slot,1105_344_346_590_456
R,CLAMP,CLAMP,0
L,2,1105,DETECTION,src/tracking/advanced_tracker.py:_activate_slot,1105_259_846_549_956
R,CLAMP,CLAMP,0
L,4,1105,PREDICTION,src/tracking/advanced_tracker.py:kalman_homography,
R,CLAMP,CLAMP,0
L,5,1105,DETECTION,src/tracking/advanced_tracker.py:_activate_slot,1105_313_265_590_395
R,CLAMP,CLAMP,0
L,6,1105,DETECTION,src/tracking/advanced_tracker.py:_activate_slot,1105_490_944_675_1088
R,CLAMP,CLAMP,0
L,7,1105,DETECTION,src/tracking/advanced_tracker.py:_activate_slot,1105_358_427_593_535
R,CLAMP,CLAMP,0
L,8,1105,DETECTION,src/tracking/advanced_tracker.py:_activate_slot,1105_68_1024_241_1118
R,DETECTION,DETECTION,1
L,9,1105,DETECTION,src/tracking/advanced_tracker.py:_activate_slot,1105_69_302_312_425
R,CLAMP,CLAMP,0
A,1105
S,0,1111,DETECTION,src/tracking/advanced_tracker.py:_activate_slot,1111_146_585_413_723
S,1,1111,DETECTION,src/tracking/advanced_tracker.py:_activate_slot,1111_344_346_590_456
S,2,1111,DETECTION,src/tracking/advanced_tracker.py:_activate_slot,1111_259_847_552_957
S,3,1111,DETECTION,src/tracking/advanced_tracker.py:_activate_slot,1111_490_944_675_1088
S,5,1111,DETECTION,src/tracking/advanced_tracker.py:_activate_slot,1111_315_266_589_394
S,6,1111,DETECTION,src/tracking/advanced_tracker.py:_activate_slot,1111_145_494_406_605
S,7,1111,DETECTION,src/tracking/advanced_tracker.py:_activate_slot,1111_358_431_593_536
S,8,1111,DETECTION,src/tracking/advanced_tracker.py:_activate_slot,1111_69_1025_242_1119
S,9,1111,DETECTION,src/tracking/advanced_tracker.py:_activate_slot,1111_68_302_313_422
S,10,1111,DETECTION,src/tracking/advanced_tracker.py:_activate_slot,1111_80_1171_261_1265
S,4,1111,PREDICTION,src/tracking/advanced_tracker.py:kalman_homography,
L,0,1111,DETECTION,src/tracking/advanced_tracker.py:_activate_slot,1111_146_585_413_723
R,CLAMP,CLAMP,0
L,1,1111,DETECTION,src/tracking/advanced_tracker.py:_activate_slot,1111_344_346_590_456
R,CLAMP,CLAMP,0
L,2,1111,DETECTION,src/tracking/advanced_tracker.py:_activate_slot,1111_259_847_552_957
R,CLAMP,CLAMP,0
L,3,1111,DETECTION,src/tracking/advanced_tracker.py:_activate_slot,1111_490_944_675_1088
R,CLAMP,CLAMP,0
L,4,1111,PREDICTION,src/tracking/advanced_tracker.py:kalman_homography,
R,CLAMP,CLAMP,0
L,5,1111,DETECTION,src/tracking/advanced_tracker.py:_activate_slot,1111_315_266_589_394
R,CLAMP,CLAMP,0
L,6,1111,DETECTION,src/tracking/advanced_tracker.py:_activate_slot,1111_145_494_406_605
R,CLAMP,CLAMP,0
L,7,1111,DETECTION,src/tracking/advanced_tracker.py:_activate_slot,1111_358_431_593_536
R,CLAMP,CLAMP,0
L,8,1111,DETECTION,src/tracking/advanced_tracker.py:_activate_slot,1111_69_1025_242_1119
R,DETECTION,DETECTION,1
L,9,1111,DETECTION,src/tracking/advanced_tracker.py:_activate_slot,1111_68_302_313_422
R,CLAMP,CLAMP,0
A,1111
S,0,1117,DETECTION,src/tracking/advanced_tracker.py:_activate_slot,1117_147_585_412_723
S,1,1117,DETECTION,src/tracking/advanced_tracker.py:_activate_slot,1117_344_346_590_456
S,2,1117,DETECTION,src/tracking/advanced_tracker.py:_activate_slot,1117_257_834_553_956
S,5,1117,DETECTION,src/tracking/advanced_tracker.py:_activate_slot,1117_316_262_589_393
S,6,1117,DETECTION,src/tracking/advanced_tracker.py:_activate_slot,1117_147_494_406_611
S,7,1117,DETECTION,src/tracking/advanced_tracker.py:_activate_slot,1117_358_431_592_535
S,8,1117,DETECTION,src/tracking/advanced_tracker.py:_activate_slot,1117_69_1023_242_1119
S,9,1117,DETECTION,src/tracking/advanced_tracker.py:_activate_slot,1117_68_301_313_424
S,10,1117,DETECTION,src/tracking/advanced_tracker.py:_activate_slot,1117_79_1171_261_1265
S,4,1117,PREDICTION,src/tracking/advanced_tracker.py:flow_gapfill_batched,
L,0,1117,DETECTION,src/tracking/advanced_tracker.py:_activate_slot,1117_147_585_412_723
R,CLAMP,CLAMP,0
L,1,1117,DETECTION,src/tracking/advanced_tracker.py:_activate_slot,1117_344_346_590_456
R,CLAMP,CLAMP,0
L,2,1117,DETECTION,src/tracking/advanced_tracker.py:_activate_slot,1117_257_834_553_956
R,CLAMP,CLAMP,0
L,4,1117,PREDICTION,src/tracking/advanced_tracker.py:flow_gapfill_batched,
R,PREDICTION,PREDICTION,1
L,5,1117,DETECTION,src/tracking/advanced_tracker.py:_activate_slot,1117_316_262_589_393
R,CLAMP,CLAMP,0
L,6,1117,DETECTION,src/tracking/advanced_tracker.py:_activate_slot,1117_147_494_406_611
R,CLAMP,CLAMP,0
L,7,1117,DETECTION,src/tracking/advanced_tracker.py:_activate_slot,1117_358_431_592_535
R,CLAMP,CLAMP,0
L,8,1117,DETECTION,src/tracking/advanced_tracker.py:_activate_slot,1117_69_1023_242_1119
R,DETECTION,DETECTION,1
L,9,1117,DETECTION,src/tracking/advanced_tracker.py:_activate_slot,1117_68_301_313_424
R,CLAMP,CLAMP,0
A,1117
S,0,1123,DETECTION,src/tracking/advanced_tracker.py:_activate_slot,1123_147_585_412_723
S,1,1123,DETECTION,src/tracking/advanced_tracker.py:_activate_slot,1123_344_346_590_456
S,2,1123,DETECTION,src/tracking/advanced_tracker.py:_activate_slot,1123_258_825_553_956
S,3,1123,DETECTION,src/tracking/advanced_tracker.py:_activate_slot,1123_490_943_674_1087
S,5,1123,DETECTION,src/tracking/advanced_tracker.py:_activate_slot,1123_312_259_591_392
S,6,1123,DETECTION,src/tracking/advanced_tracker.py:_activate_slot,1123_146_489_406_618
S,7,1123,DETECTION,src/tracking/advanced_tracker.py:_activate_slot,1123_358_430_592_535
S,8,1123,DETECTION,src/tracking/advanced_tracker.py:_activate_slot,1123_69_1023_242_1117
S,9,1123,DETECTION,src/tracking/advanced_tracker.py:_activate_slot,1123_70_295_315_427
S,10,1123,DETECTION,src/tracking/advanced_tracker.py:_activate_slot,1123_78_1171_261_1265
S,4,1123,PREDICTION,src/tracking/advanced_tracker.py:flow_gapfill_batched,
L,0,1123,DETECTION,src/tracking/advanced_tracker.py:_activate_slot,1123_147_585_412_723
R,CLAMP,CLAMP,0
L,1,1123,DETECTION,src/tracking/advanced_tracker.py:_activate_slot,1123_344_346_590_456
R,CLAMP,CLAMP,0
L,2,1123,DETECTION,src/tracking/advanced_tracker.py:_activate_slot,1123_258_825_553_956
R,CLAMP,CLAMP,0
L,3,1123,DETECTION,src/tracking/advanced_tracker.py:_activate_slot,1123_490_943_674_1087
R,CLAMP,CLAMP,0
L,4,1123,PREDICTION,src/tracking/advanced_tracker.py:flow_gapfill_batched,
R,PREDICTION,SUBPIXEL,0
L,5,1123,DETECTION,src/tracking/advanced_tracker.py:_activate_slot,1123_312_259_591_392
R,CLAMP,CLAMP,0
L,6,1123,DETECTION,src/tracking/advanced_tracker.py:_activate_slot,1123_146_489_406_618
R,CLAMP,CLAMP,0
L,7,1123,DETECTION,src/tracking/advanced_tracker.py:_activate_slot,1123_358_430_592_535
R,CLAMP,CLAMP,0
L,8,1123,DETECTION,src/tracking/advanced_tracker.py:_activate_slot,1123_69_1023_242_1117
R,DETECTION,DETECTION,1
L,9,1123,DETECTION,src/tracking/advanced_tracker.py:_activate_slot,1123_70_295_315_427
R,CLAMP,CLAMP,0
A,1123
S,0,1129,DETECTION,src/tracking/advanced_tracker.py:_activate_slot,1129_147_585_412_723
S,1,1129,DETECTION,src/tracking/advanced_tracker.py:_activate_slot,1129_344_346_589_456
S,2,1129,DETECTION,src/tracking/advanced_tracker.py:_activate_slot,1129_257_825_553_955
S,5,1129,DETECTION,src/tracking/advanced_tracker.py:_activate_slot,1129_326_255_591_381
S,6,1129,DETECTION,src/tracking/advanced_tracker.py:_activate_slot,1129_147_483_405_602
S,7,1129,DETECTION,src/tracking/advanced_tracker.py:_activate_slot,1129_358_430_593_535
S,8,1129,DETECTION,src/tracking/advanced_tracker.py:_activate_slot,1129_68_1023_241_1117
S,9,1129,DETECTION,src/tracking/advanced_tracker.py:_activate_slot,1129_71_292_314_425
S,10,1129,DETECTION,src/tracking/advanced_tracker.py:_activate_slot,1129_78_1171_261_1265
S,3,1129,PREDICTION,src/tracking/advanced_tracker.py:flow_gapfill_batched,
S,4,1129,PREDICTION,src/tracking/advanced_tracker.py:flow_gapfill_batched,
L,0,1129,DETECTION,src/tracking/advanced_tracker.py:_activate_slot,1129_147_585_412_723
R,CLAMP,CLAMP,0
L,1,1129,DETECTION,src/tracking/advanced_tracker.py:_activate_slot,1129_344_346_589_456
R,CLAMP,CLAMP,0
L,2,1129,DETECTION,src/tracking/advanced_tracker.py:_activate_slot,1129_257_825_553_955
R,CLAMP,CLAMP,0
L,3,1129,PREDICTION,src/tracking/advanced_tracker.py:flow_gapfill_batched,
R,CLAMP,CLAMP,0
L,4,1129,PREDICTION,src/tracking/advanced_tracker.py:flow_gapfill_batched,
R,PREDICTION,PREDICTION,1
L,5,1129,DETECTION,src/tracking/advanced_tracker.py:_activate_slot,1129_326_255_591_381
R,CLAMP,CLAMP,0
L,6,1129,DETECTION,src/tracking/advanced_tracker.py:_activate_slot,1129_147_483_405_602
R,CLAMP,CLAMP,0
L,7,1129,DETECTION,src/tracking/advanced_tracker.py:_activate_slot,1129_358_430_593_535
R,CLAMP,CLAMP,0
L,8,1129,DETECTION,src/tracking/advanced_tracker.py:_activate_slot,1129_68_1023_241_1117
R,DETECTION,DETECTION,1
L,9,1129,DETECTION,src/tracking/advanced_tracker.py:_activate_slot,1129_71_292_314_425
R,CLAMP,CLAMP,0
A,1129
S,0,1135,DETECTION,src/tracking/advanced_tracker.py:_activate_slot,1135_147_581_412_723
S,1,1135,DETECTION,src/tracking/advanced_tracker.py:_activate_slot,1135_344_346_590_456
S,2,1135,DETECTION,src/tracking/advanced_tracker.py:_activate_slot,1135_256_830_553_955
S,5,1135,DETECTION,src/tracking/advanced_tracker.py:_activate_slot,1135_311_249_591_383
S,6,1135,DETECTION,src/tracking/advanced_tracker.py:_activate_slot,1135_147_482_405_599
S,7,1135,DETECTION,src/tracking/advanced_tracker.py:_activate_slot,1135_357_427_592_535
S,8,1135,DETECTION,src/tracking/advanced_tracker.py:_activate_slot,1135_69_1022_241_1118
S,9,1135,DETECTION,src/tracking/advanced_tracker.py:_activate_slot,1135_69_300_312_419
S,10,1135,DETECTION,src/tracking/advanced_tracker.py:_activate_slot,1135_78_1169_261_1265
S,3,1135,PREDICTION,src/tracking/advanced_tracker.py:flow_gapfill_batched,
L,0,1135,DETECTION,src/tracking/advanced_tracker.py:_activate_slot,1135_147_581_412_723
R,CLAMP,CLAMP,0
L,1,1135,DETECTION,src/tracking/advanced_tracker.py:_activate_slot,1135_344_346_590_456
R,CLAMP,CLAMP,0
L,2,1135,DETECTION,src/tracking/advanced_tracker.py:_activate_slot,1135_256_830_553_955
R,CLAMP,CLAMP,0
L,3,1135,PREDICTION,src/tracking/advanced_tracker.py:flow_gapfill_batched,
R,CLAMP,CLAMP,0
L,5,1135,DETECTION,src/tracking/advanced_tracker.py:_activate_slot,1135_311_249_591_383
R,CLAMP,CLAMP,0
L,6,1135,DETECTION,src/tracking/advanced_tracker.py:_activate_slot,1135_147_482_405_599
R,CLAMP,CLAMP,0
L,7,1135,DETECTION,src/tracking/advanced_tracker.py:_activate_slot,1135_357_427_592_535
R,CLAMP,CLAMP,0
L,8,1135,DETECTION,src/tracking/advanced_tracker.py:_activate_slot,1135_69_1022_241_1118
R,DETECTION,SUBPIXEL,0
L,9,1135,DETECTION,src/tracking/advanced_tracker.py:_activate_slot,1135_69_300_312_419
R,CLAMP,CLAMP,0
A,1135
S,0,1141,DETECTION,src/tracking/advanced_tracker.py:_activate_slot,1141_148_580_412_723
S,1,1141,DETECTION,src/tracking/advanced_tracker.py:_activate_slot,1141_344_348_589_456
S,2,1141,DETECTION,src/tracking/advanced_tracker.py:_activate_slot,1141_256_833_553_954
S,3,1141,DETECTION,src/tracking/advanced_tracker.py:_activate_slot,1141_489_944_675_1086
S,5,1141,DETECTION,src/tracking/advanced_tracker.py:_activate_slot,1141_308_247_590_385
S,6,1141,DETECTION,src/tracking/advanced_tracker.py:_activate_slot,1141_146_480_405_600
S,7,1141,DETECTION,src/tracking/advanced_tracker.py:_activate_slot,1141_357_426_593_534
S,8,1141,DETECTION,src/tracking/advanced_tracker.py:_activate_slot,1141_66_1023_242_1119
S,9,1141,DETECTION,src/tracking/advanced_tracker.py:_activate_slot,1141_70_302_312_419
S,10,1141,DETECTION,src/tracking/advanced_tracker.py:_activate_slot,1141_78_1171_261_1265
L,0,1141,DETECTION,src/tracking/advanced_tracker.py:_activate_slot,1141_148_580_412_723
R,CLAMP,CLAMP,0
L,1,1141,DETECTION,src/tracking/advanced_tracker.py:_activate_slot,1141_344_348_589_456
R,CLAMP,CLAMP,0
L,2,1141,DETECTION,src/tracking/advanced_tracker.py:_activate_slot,1141_256_833_553_954
R,CLAMP,CLAMP,0
L,3,1141,DETECTION,src/tracking/advanced_tracker.py:_activate_slot,1141_489_944_675_1086
R,CLAMP,CLAMP,0
L,5,1141,DETECTION,src/tracking/advanced_tracker.py:_activate_slot,1141_308_247_590_385
R,CLAMP,CLAMP,0
L,6,1141,DETECTION,src/tracking/advanced_tracker.py:_activate_slot,1141_146_480_405_600
R,CLAMP,CLAMP,0
L,7,1141,DETECTION,src/tracking/advanced_tracker.py:_activate_slot,1141_357_426_593_534
R,CLAMP,CLAMP,0
L,8,1141,DETECTION,src/tracking/advanced_tracker.py:_activate_slot,1141_66_1023_242_1119
R,DETECTION,DETECTION,1
L,9,1141,DETECTION,src/tracking/advanced_tracker.py:_activate_slot,1141_70_302_312_419
R,CLAMP,CLAMP,0
A,1141
S,0,1147,DETECTION,src/tracking/advanced_tracker.py:_activate_slot,1147_148_567_413_723
S,1,1147,DETECTION,src/tracking/advanced_tracker.py:_activate_slot,1147_344_348_589_456
S,2,1147,DETECTION,src/tracking/advanced_tracker.py:_activate_slot,1147_256_838_554_955
S,3,1147,DETECTION,src/tracking/advanced_tracker.py:_activate_slot,1147_490_944_675_1086
S,5,1147,DETECTION,src/tracking/advanced_tracker.py:_activate_slot,1147_305_243_589_378
S,6,1147,DETECTION,src/tracking/advanced_tracker.py:_activate_slot,1147_145_482_405_601
S,7,1147,DETECTION,src/tracking/advanced_tracker.py:_activate_slot,1147_357_426_592_534
S,8,1147,DETECTION,src/tracking/advanced_tracker.py:_activate_slot,1147_62_1023_242_1121
S,9,1147,DETECTION,src/tracking/advanced_tracker.py:_activate_slot,1147_71_295_314_427
S,10,1147,DETECTION,src/tracking/advanced_tracker.py:_activate_slot,1147_77_1169_263_1267
L,0,1147,DETECTION,src/tracking/advanced_tracker.py:_activate_slot,1147_148_567_413_723
R,CLAMP,CLAMP,0
L,1,1147,DETECTION,src/tracking/advanced_tracker.py:_activate_slot,1147_344_348_589_456
R,CLAMP,CLAMP,0
L,2,1147,DETECTION,src/tracking/advanced_tracker.py:_activate_slot,1147_256_838_554_955
R,CLAMP,CLAMP,0
L,3,1147,DETECTION,src/tracking/advanced_tracker.py:_activate_slot,1147_490_944_675_1086
R,CLAMP,CLAMP,0
L,5,1147,DETECTION,src/tracking/advanced_tracker.py:_activate_slot,1147_305_243_589_378
R,CLAMP,CLAMP,0
L,6,1147,DETECTION,src/tracking/advanced_tracker.py:_activate_slot,1147_145_482_405_601
R,CLAMP,CLAMP,0
L,7,1147,DETECTION,src/tracking/advanced_tracker.py:_activate_slot,1147_357_426_592_534
R,CLAMP,CLAMP,0
L,8,1147,DETECTION,src/tracking/advanced_tracker.py:_activate_slot,1147_62_1023_242_1121
R,DETECTION,DETECTION,1
L,9,1147,DETECTION,src/tracking/advanced_tracker.py:_activate_slot,1147_71_295_314_427
R,CLAMP,CLAMP,0
A,1147
S,1,1153,DETECTION,src/tracking/advanced_tracker.py:_activate_slot,1153_344_349_590_456
S,2,1153,DETECTION,src/tracking/advanced_tracker.py:_activate_slot,1153_256_842_552_956
S,3,1153,DETECTION,src/tracking/advanced_tracker.py:_activate_slot,1153_489_944_675_1086
S,4,1153,DETECTION,src/tracking/advanced_tracker.py:_activate_slot,1153_148_567_413_723
S,5,1153,DETECTION,src/tracking/advanced_tracker.py:_activate_slot,1153_304_240_590_377
S,6,1153,DETECTION,src/tracking/advanced_tracker.py:_activate_slot,1153_148_488_406_602
S,7,1153,DETECTION,src/tracking/advanced_tracker.py:_activate_slot,1153_357_427_592_534
S,8,1153,DETECTION,src/tracking/advanced_tracker.py:_activate_slot,1153_62_1024_243_1120
S,9,1153,DETECTION,src/tracking/advanced_tracker.py:_activate_slot,1153_69_303_311_421
S,10,1153,DETECTION,src/tracking/advanced_tracker.py:_activate_slot,1153_78_1171_262_1265
S,0,1153,PREDICTION,src/tracking/advanced_tracker.py:kalman_homography,
D,0,1153
S,4,1153,PREDICTION,src/tracking/advanced_tracker.py:id_merge,
L,1,1153,DETECTION,src/tracking/advanced_tracker.py:_activate_slot,1153_344_349_590_456
R,CLAMP,CLAMP,0
L,2,1153,DETECTION,src/tracking/advanced_tracker.py:_activate_slot,1153_256_842_552_956
R,CLAMP,CLAMP,0
L,3,1153,DETECTION,src/tracking/advanced_tracker.py:_activate_slot,1153_489_944_675_1086
R,CLAMP,CLAMP,0
L,4,1153,PREDICTION,src/tracking/advanced_tracker.py:id_merge,
R,PREDICTION,PREDICTION,1
L,5,1153,DETECTION,src/tracking/advanced_tracker.py:_activate_slot,1153_304_240_590_377
R,CLAMP,CLAMP,0
L,6,1153,DETECTION,src/tracking/advanced_tracker.py:_activate_slot,1153_148_488_406_602
R,CLAMP,CLAMP,0
L,7,1153,DETECTION,src/tracking/advanced_tracker.py:_activate_slot,1153_357_427_592_534
R,CLAMP,CLAMP,0
L,8,1153,DETECTION,src/tracking/advanced_tracker.py:_activate_slot,1153_62_1024_243_1120
R,DETECTION,DETECTION,1
L,9,1153,DETECTION,src/tracking/advanced_tracker.py:_activate_slot,1153_69_303_311_421
R,CLAMP,CLAMP,0
A,1153
S,0,1159,DETECTION,src/tracking/advanced_tracker.py:_activate_slot,1159_147_570_412_723
S,1,1159,DETECTION,src/tracking/advanced_tracker.py:_activate_slot,1159_345_349_590_456
S,2,1159,DETECTION,src/tracking/advanced_tracker.py:_activate_slot,1159_258_843_552_957
S,3,1159,DETECTION,src/tracking/advanced_tracker.py:_activate_slot,1159_489_945_675_1087
S,5,1159,DETECTION,src/tracking/advanced_tracker.py:_activate_slot,1159_302_238_592_378
S,6,1159,DETECTION,src/tracking/advanced_tracker.py:_activate_slot,1159_147_489_405_605
S,7,1159,DETECTION,src/tracking/advanced_tracker.py:_activate_slot,1159_357_427_593_534
S,8,1159,DETECTION,src/tracking/advanced_tracker.py:_activate_slot,1159_62_1024_243_1120
S,9,1159,DETECTION,src/tracking/advanced_tracker.py:_activate_slot,1159_71_283_314_428
S,10,1159,DETECTION,src/tracking/advanced_tracker.py:_activate_slot,1159_79_1171_263_1265
S,4,1159,PREDICTION,src/tracking/advanced_tracker.py:kalman_homography,
D,4,1159
S,0,1159,PREDICTION,src/tracking/advanced_tracker.py:id_merge,
L,0,1159,PREDICTION,src/tracking/advanced_tracker.py:id_merge,
R,CLAMP,CLAMP,0
L,1,1159,DETECTION,src/tracking/advanced_tracker.py:_activate_slot,1159_345_349_590_456
R,CLAMP,CLAMP,0
L,2,1159,DETECTION,src/tracking/advanced_tracker.py:_activate_slot,1159_258_843_552_957
R,CLAMP,CLAMP,0
L,3,1159,DETECTION,src/tracking/advanced_tracker.py:_activate_slot,1159_489_945_675_1087
R,CLAMP,CLAMP,0
L,5,1159,DETECTION,src/tracking/advanced_tracker.py:_activate_slot,1159_302_238_592_378
R,CLAMP,CLAMP,0
L,6,1159,DETECTION,src/tracking/advanced_tracker.py:_activate_slot,1159_147_489_405_605
R,CLAMP,CLAMP,0
L,7,1159,DETECTION,src/tracking/advanced_tracker.py:_activate_slot,1159_357_427_593_534
R,CLAMP,CLAMP,0
L,8,1159,DETECTION,src/tracking/advanced_tracker.py:_activate_slot,1159_62_1024_243_1120
R,DETECTION,SUBPIXEL,0
L,9,1159,DETECTION,src/tracking/advanced_tracker.py:_activate_slot,1159_71_283_314_428
R,CLAMP,CLAMP,0
A,1159
S,1,1165,DETECTION,src/tracking/advanced_tracker.py:_activate_slot,1165_345_349_590_457
S,2,1165,DETECTION,src/tracking/advanced_tracker.py:_activate_slot,1165_259_843_555_956
S,3,1165,DETECTION,src/tracking/advanced_tracker.py:_activate_slot,1165_487_946_675_1088
S,4,1165,DETECTION,src/tracking/advanced_tracker.py:_activate_slot,1165_147_572_412_723
S,5,1165,DETECTION,src/tracking/advanced_tracker.py:_activate_slot,1165_306_237_592_377
S,6,1165,DETECTION,src/tracking/advanced_tracker.py:_activate_slot,1165_147_490_405_606
S,7,1165,DETECTION,src/tracking/advanced_tracker.py:_activate_slot,1165_356_428_593_535
S,8,1165,DETECTION,src/tracking/advanced_tracker.py:_activate_slot,1165_61_1024_243_1120
S,9,1165,DETECTION,src/tracking/advanced_tracker.py:_activate_slot,1165_71_282_314_430
S,10,1165,DETECTION,src/tracking/advanced_tracker.py:_activate_slot,1165_79_1171_263_1265
S,0,1165,PREDICTION,src/tracking/advanced_tracker.py:kalman_homography,
D,0,1165
S,4,1165,PREDICTION,src/tracking/advanced_tracker.py:id_merge,
L,1,1165,DETECTION,src/tracking/advanced_tracker.py:_activate_slot,1165_345_349_590_457
R,CLAMP,CLAMP,0
L,2,1165,DETECTION,src/tracking/advanced_tracker.py:_activate_slot,1165_259_843_555_956
R,CLAMP,CLAMP,0
L,3,1165,DETECTION,src/tracking/advanced_tracker.py:_activate_slot,1165_487_946_675_1088
R,CLAMP,CLAMP,0
L,4,1165,PREDICTION,src/tracking/advanced_tracker.py:id_merge,
R,PREDICTION,PREDICTION,1
L,5,1165,DETECTION,src/tracking/advanced_tracker.py:_activate_slot,1165_306_237_592_377
R,CLAMP,CLAMP,0
L,6,1165,DETECTION,src/tracking/advanced_tracker.py:_activate_slot,1165_147_490_405_606
R,CLAMP,CLAMP,0
L,7,1165,DETECTION,src/tracking/advanced_tracker.py:_activate_slot,1165_356_428_593_535
R,CLAMP,CLAMP,0
L,8,1165,DETECTION,src/tracking/advanced_tracker.py:_activate_slot,1165_61_1024_243_1120
R,DETECTION,SUBPIXEL,0
L,9,1165,DETECTION,src/tracking/advanced_tracker.py:_activate_slot,1165_71_282_314_430
R,CLAMP,CLAMP,0
A,1165
S,0,1171,DETECTION,src/tracking/advanced_tracker.py:_activate_slot,1171_147_578_412_723
S,1,1171,DETECTION,src/tracking/advanced_tracker.py:_activate_slot,1171_345_349_590_457
S,2,1171,DETECTION,src/tracking/advanced_tracker.py:_activate_slot,1171_260_844_555_956
S,3,1171,DETECTION,src/tracking/advanced_tracker.py:_activate_slot,1171_486_947_675_1089
S,5,1171,DETECTION,src/tracking/advanced_tracker.py:_activate_slot,1171_306_237_592_381
S,6,1171,DETECTION,src/tracking/advanced_tracker.py:_activate_slot,1171_149_494_405_607
S,7,1171,DETECTION,src/tracking/advanced_tracker.py:_activate_slot,1171_356_426_593_534
S,8,1171,DETECTION,src/tracking/advanced_tracker.py:_activate_slot,1171_64_1024_243_1120
S,9,1171,DETECTION,src/tracking/advanced_tracker.py:_activate_slot,1171_70_288_313_427
S,10,1171,DETECTION,src/tracking/advanced_tracker.py:_activate_slot,1171_78_1171_262_1265
S,4,1171,PREDICTION,src/tracking/advanced_tracker.py:kalman_homography,
D,4,1171
S,0,1171,PREDICTION,src/tracking/advanced_tracker.py:id_merge,
L,0,1171,PREDICTION,src/tracking/advanced_tracker.py:id_merge,
R,CLAMP,CLAMP,0
L,1,1171,DETECTION,src/tracking/advanced_tracker.py:_activate_slot,1171_345_349_590_457
R,CLAMP,CLAMP,0
L,2,1171,DETECTION,src/tracking/advanced_tracker.py:_activate_slot,1171_260_844_555_956
R,CLAMP,CLAMP,0
L,3,1171,DETECTION,src/tracking/advanced_tracker.py:_activate_slot,1171_486_947_675_1089
R,CLAMP,CLAMP,0
L,5,1171,DETECTION,src/tracking/advanced_tracker.py:_activate_slot,1171_306_237_592_381
R,CLAMP,CLAMP,0
L,6,1171,DETECTION,src/tracking/advanced_tracker.py:_activate_slot,1171_149_494_405_607
R,CLAMP,CLAMP,0
L,7,1171,DETECTION,src/tracking/advanced_tracker.py:_activate_slot,1171_356_426_593_534
R,CLAMP,CLAMP,0
L,8,1171,DETECTION,src/tracking/advanced_tracker.py:_activate_slot,1171_64_1024_243_1120
R,DETECTION,SUBPIXEL,0
L,9,1171,DETECTION,src/tracking/advanced_tracker.py:_activate_slot,1171_70_288_313_427
R,CLAMP,CLAMP,0
A,1171
S,1,1177,DETECTION,src/tracking/advanced_tracker.py:_activate_slot,1177_345_349_589_456
S,2,1177,DETECTION,src/tracking/advanced_tracker.py:_activate_slot,1177_260_842_555_956
S,3,1177,DETECTION,src/tracking/advanced_tracker.py:_activate_slot,1177_486_949_675_1090
S,4,1177,DETECTION,src/tracking/advanced_tracker.py:_activate_slot,1177_147_578_412_723
S,5,1177,DETECTION,src/tracking/advanced_tracker.py:_activate_slot,1177_308_236_591_375
S,6,1177,DETECTION,src/tracking/advanced_tracker.py:_activate_slot,1177_151_495_405_607
S,7,1177,DETECTION,src/tracking/advanced_tracker.py:_activate_slot,1177_356_424_593_533
S,8,1177,DETECTION,src/tracking/advanced_tracker.py:_activate_slot,1177_64_1023_243_1121
S,9,1177,DETECTION,src/tracking/advanced_tracker.py:_activate_slot,1177_71_281_315_429
S,10,1177,DETECTION,src/tracking/advanced_tracker.py:_activate_slot,1177_78_1171_263_1265
S,0,1177,PREDICTION,src/tracking/advanced_tracker.py:kalman_homography,
D,0,1177
S,4,1177,PREDICTION,src/tracking/advanced_tracker.py:id_merge,
L,1,1177,DETECTION,src/tracking/advanced_tracker.py:_activate_slot,1177_345_349_589_456
R,CLAMP,CLAMP,0
L,2,1177,DETECTION,src/tracking/advanced_tracker.py:_activate_slot,1177_260_842_555_956
R,CLAMP,CLAMP,0
L,3,1177,DETECTION,src/tracking/advanced_tracker.py:_activate_slot,1177_486_949_675_1090
R,CLAMP,CLAMP,0
L,4,1177,PREDICTION,src/tracking/advanced_tracker.py:id_merge,
R,PREDICTION,PREDICTION,1
L,5,1177,DETECTION,src/tracking/advanced_tracker.py:_activate_slot,1177_308_236_591_375
R,CLAMP,CLAMP,0
L,6,1177,DETECTION,src/tracking/advanced_tracker.py:_activate_slot,1177_151_495_405_607
R,CLAMP,CLAMP,0
L,7,1177,DETECTION,src/tracking/advanced_tracker.py:_activate_slot,1177_356_424_593_533
R,CLAMP,CLAMP,0
L,8,1177,DETECTION,src/tracking/advanced_tracker.py:_activate_slot,1177_64_1023_243_1121
R,DETECTION,SUBPIXEL,0
L,9,1177,DETECTION,src/tracking/advanced_tracker.py:_activate_slot,1177_71_281_315_429
R,CLAMP,CLAMP,0
A,1177
S,1,1183,DETECTION,src/tracking/advanced_tracker.py:_activate_slot,1183_345_349_589_457
S,2,1183,DETECTION,src/tracking/advanced_tracker.py:_activate_slot,1183_260_838_555_956
S,3,1183,DETECTION,src/tracking/advanced_tracker.py:_activate_slot,1183_487_952_675_1092
S,4,1183,DETECTION,src/tracking/advanced_tracker.py:_activate_slot,1183_147_577_412_723
S,5,1183,DETECTION,src/tracking/advanced_tracker.py:_activate_slot,1183_317_235_593_366
S,6,1183,DETECTION,src/tracking/advanced_tracker.py:_activate_slot,1183_151_493_405_607
S,7,1183,DETECTION,src/tracking/advanced_tracker.py:_activate_slot,1183_355_423_592_533
S,8,1183,DETECTION,src/tracking/advanced_tracker.py:_activate_slot,1183_64_1023_243_1121
S,9,1183,DETECTION,src/tracking/advanced_tracker.py:_activate_slot,1183_72_283_315_432
S,10,1183,DETECTION,src/tracking/advanced_tracker.py:_activate_slot,1183_78_1171_261_1265
S,0,1183,PREDICTION,src/tracking/advanced_tracker.py:kalman_homography,
D,0,1183
S,4,1183,PREDICTION,src/tracking/advanced_tracker.py:id_merge,
L,1,1183,DETECTION,src/tracking/advanced_tracker.py:_activate_slot,1183_345_349_589_457
R,CLAMP,CLAMP,0
L,2,1183,DETECTION,src/tracking/advanced_tracker.py:_activate_slot,1183_260_838_555_956
R,CLAMP,CLAMP,0
L,3,1183,DETECTION,src/tracking/advanced_tracker.py:_activate_slot,1183_487_952_675_1092
R,CLAMP,CLAMP,0
L,4,1183,PREDICTION,src/tracking/advanced_tracker.py:id_merge,
R,PREDICTION,SUBPIXEL,0
L,5,1183,DETECTION,src/tracking/advanced_tracker.py:_activate_slot,1183_317_235_593_366
R,CLAMP,CLAMP,0
L,6,1183,DETECTION,src/tracking/advanced_tracker.py:_activate_slot,1183_151_493_405_607
R,CLAMP,CLAMP,0
L,7,1183,DETECTION,src/tracking/advanced_tracker.py:_activate_slot,1183_355_423_592_533
R,CLAMP,CLAMP,0
L,8,1183,DETECTION,src/tracking/advanced_tracker.py:_activate_slot,1183_64_1023_243_1121
R,DETECTION,SUBPIXEL,0
L,9,1183,DETECTION,src/tracking/advanced_tracker.py:_activate_slot,1183_72_283_315_432
R,CLAMP,CLAMP,0
A,1183
S,1,1189,DETECTION,src/tracking/advanced_tracker.py:_activate_slot,1189_346_349_589_456
S,2,1189,DETECTION,src/tracking/advanced_tracker.py:_activate_slot,1189_266_833_555_956
S,3,1189,DETECTION,src/tracking/advanced_tracker.py:_activate_slot,1189_485_955_675_1093
S,4,1189,DETECTION,src/tracking/advanced_tracker.py:_activate_slot,1189_147_577_412_723
S,5,1189,DETECTION,src/tracking/advanced_tracker.py:_activate_slot,1189_309_236_590_374
S,6,1189,DETECTION,src/tracking/advanced_tracker.py:_activate_slot,1189_150_489_405_607
S,7,1189,DETECTION,src/tracking/advanced_tracker.py:_activate_slot,1189_354_422_592_532
S,8,1189,DETECTION,src/tracking/advanced_tracker.py:_activate_slot,1189_65_1023_243_1121
S,9,1189,DETECTION,src/tracking/advanced_tracker.py:_activate_slot,1189_72_287_313_423
S,10,1189,DETECTION,src/tracking/advanced_tracker.py:_activate_slot,1189_77_1171_262_1265
S,0,1189,PREDICTION,src/tracking/advanced_tracker.py:kalman_homography,
D,0,1189
S,4,1189,PREDICTION,src/tracking/advanced_tracker.py:id_merge,
L,1,1189,DETECTION,src/tracking/advanced_tracker.py:_activate_slot,1189_346_349_589_456
R,CLAMP,CLAMP,0
L,2,1189,DETECTION,src/tracking/advanced_tracker.py:_activate_slot,1189_266_833_555_956
R,CLAMP,CLAMP,0
L,3,1189,DETECTION,src/tracking/advanced_tracker.py:_activate_slot,1189_485_955_675_1093
R,CLAMP,CLAMP,0
L,4,1189,PREDICTION,src/tracking/advanced_tracker.py:id_merge,
R,PREDICTION,SUBPIXEL,0
L,5,1189,DETECTION,src/tracking/advanced_tracker.py:_activate_slot,1189_309_236_590_374
R,CLAMP,CLAMP,0
L,6,1189,DETECTION,src/tracking/advanced_tracker.py:_activate_slot,1189_150_489_405_607
R,CLAMP,CLAMP,0
L,7,1189,DETECTION,src/tracking/advanced_tracker.py:_activate_slot,1189_354_422_592_532
R,CLAMP,CLAMP,0
L,8,1189,DETECTION,src/tracking/advanced_tracker.py:_activate_slot,1189_65_1023_243_1121
R,DETECTION,SUBPIXEL,0
L,9,1189,DETECTION,src/tracking/advanced_tracker.py:_activate_slot,1189_72_287_313_423
R,CLAMP,CLAMP,0
A,1189
S,0,1195,DETECTION,src/tracking/advanced_tracker.py:_activate_slot,1195_72_293_313_421
S,1,1195,DETECTION,src/tracking/advanced_tracker.py:_activate_slot,1195_346_348_589_456
S,2,1195,DETECTION,src/tracking/advanced_tracker.py:_activate_slot,1195_275_834_554_956
S,3,1195,DETECTION,src/tracking/advanced_tracker.py:_activate_slot,1195_483_959_675_1093
S,4,1195,DETECTION,src/tracking/advanced_tracker.py:_activate_slot,1195_148_576_412_724
S,5,1195,DETECTION,src/tracking/advanced_tracker.py:_activate_slot,1195_310_236_590_383
S,6,1195,DETECTION,src/tracking/advanced_tracker.py:_activate_slot,1195_150_488_406_607
S,7,1195,DETECTION,src/tracking/advanced_tracker.py:_activate_slot,1195_354_423_592_532
S,8,1195,DETECTION,src/tracking/advanced_tracker.py:_activate_slot,1195_66_1023_243_1121
S,10,1195,DETECTION,src/tracking/advanced_tracker.py:_activate_slot,1195_77_1171_262_1265
S,9,1195,PREDICTION,src/tracking/advanced_tracker.py:kalman_homography,
L,0,1195,DETECTION,src/tracking/advanced_tracker.py:_activate_slot,1195_72_293_313_421
R,CLAMP,CLAMP,0
L,1,1195,DETECTION,src/tracking/advanced_tracker.py:_activate_slot,1195_346_348_589_456
R,CLAMP,CLAMP,0
L,2,1195,DETECTION,src/tracking/advanced_tracker.py:_activate_slot,1195_275_834_554_956
R,CLAMP,CLAMP,0
L,3,1195,DETECTION,src/tracking/advanced_tracker.py:_activate_slot,1195_483_959_675_1093
R,CLAMP,CLAMP,0
L,4,1195,DETECTION,src/tracking/advanced_tracker.py:_activate_slot,1195_148_576_412_724
R,DETECTION,SUBPIXEL,0
L,5,1195,DETECTION,src/tracking/advanced_tracker.py:_activate_slot,1195_310_236_590_383
R,CLAMP,CLAMP,0
L,6,1195,DETECTION,src/tracking/advanced_tracker.py:_activate_slot,1195_150_488_406_607
R,CLAMP,CLAMP,0
L,7,1195,DETECTION,src/tracking/advanced_tracker.py:_activate_slot,1195_354_423_592_532
R,CLAMP,CLAMP,0
L,8,1195,DETECTION,src/tracking/advanced_tracker.py:_activate_slot,1195_66_1023_243_1121
R,DETECTION,SUBPIXEL,0
L,9,1195,PREDICTION,src/tracking/advanced_tracker.py:kalman_homography,
R,CLAMP,CLAMP,0
A,1195
S,0,1201,DETECTION,src/tracking/advanced_tracker.py:_activate_slot,1201_72_283_312_424
S,1,1201,DETECTION,src/tracking/advanced_tracker.py:_activate_slot,1201_345_348_589_456
S,2,1201,DETECTION,src/tracking/advanced_tracker.py:_activate_slot,1201_277_819_554_957
S,3,1201,DETECTION,src/tracking/advanced_tracker.py:_activate_slot,1201_479_962_675_1092
S,4,1201,DETECTION,src/tracking/advanced_tracker.py:_activate_slot,1201_148_575_412_723
S,5,1201,DETECTION,src/tracking/advanced_tracker.py:_activate_slot,1201_312_235_590_375
S,6,1201,DETECTION,src/tracking/advanced_tracker.py:_activate_slot,1201_150_489_407_607
S,7,1201,DETECTION,src/tracking/advanced_tracker.py:_activate_slot,1201_352_422_593_532
S,8,1201,DETECTION,src/tracking/advanced_tracker.py:_activate_slot,1201_64_1023_243_1121
S,10,1201,DETECTION,src/tracking/advanced_tracker.py:_activate_slot,1201_78_1171_261_1265
S,9,1201,PREDICTION,src/tracking/advanced_tracker.py:kalman_homography,
L,0,1201,DETECTION,src/tracking/advanced_tracker.py:_activate_slot,1201_72_283_312_424
R,CLAMP,CLAMP,0
L,1,1201,DETECTION,src/tracking/advanced_tracker.py:_activate_slot,1201_345_348_589_456
R,CLAMP,CLAMP,0
L,2,1201,DETECTION,src/tracking/advanced_tracker.py:_activate_slot,1201_277_819_554_957
R,CLAMP,CLAMP,0
L,3,1201,DETECTION,src/tracking/advanced_tracker.py:_activate_slot,1201_479_962_675_1092
R,CLAMP,CLAMP,0
L,4,1201,DETECTION,src/tracking/advanced_tracker.py:_activate_slot,1201_148_575_412_723
R,DETECTION,DETECTION,1
L,5,1201,DETECTION,src/tracking/advanced_tracker.py:_activate_slot,1201_312_235_590_375
R,CLAMP,CLAMP,0
L,6,1201,DETECTION,src/tracking/advanced_tracker.py:_activate_slot,1201_150_489_407_607
R,CLAMP,CLAMP,0
L,7,1201,DETECTION,src/tracking/advanced_tracker.py:_activate_slot,1201_352_422_593_532
R,CLAMP,CLAMP,0
L,8,1201,DETECTION,src/tracking/advanced_tracker.py:_activate_slot,1201_64_1023_243_1121
R,DETECTION,SUBPIXEL,0
L,9,1201,PREDICTION,src/tracking/advanced_tracker.py:kalman_homography,
R,CLAMP,CLAMP,0
A,1201
S,0,1207,DETECTION,src/tracking/advanced_tracker.py:_activate_slot,1207_70_282_312_425
S,1,1207,DETECTION,src/tracking/advanced_tracker.py:_activate_slot,1207_345_347_589_457
S,2,1207,DETECTION,src/tracking/advanced_tracker.py:_activate_slot,1207_275_817_554_956
S,3,1207,DETECTION,src/tracking/advanced_tracker.py:_activate_slot,1207_474_962_674_1090
S,4,1207,DETECTION,src/tracking/advanced_tracker.py:_activate_slot,1207_147_573_412_723
S,5,1207,DETECTION,src/tracking/advanced_tracker.py:_activate_slot,1207_310_238_589_382
S,6,1207,DETECTION,src/tracking/advanced_tracker.py:_activate_slot,1207_149_488_406_605
S,7,1207,DETECTION,src/tracking/advanced_tracker.py:_activate_slot,1207_352_423_592_533
S,8,1207,DETECTION,src/tracking/advanced_tracker.py:_activate_slot,1207_66_1024_243_1122
S,10,1207,DETECTION,src/tracking/advanced_tracker.py:_activate_slot,1207_79_1171_261_1265
S,9,1207,PREDICTION,src/tracking/advanced_tracker.py:kalman_homography,
L,0,1207,DETECTION,src/tracking/advanced_tracker.py:_activate_slot,1207_70_282_312_425
R,CLAMP,CLAMP,0
L,1,1207,DETECTION,src/tracking/advanced_tracker.py:_activate_slot,1207_345_347_589_457
R,CLAMP,CLAMP,0
L,2,1207,DETECTION,src/tracking/advanced_tracker.py:_activate_slot,1207_275_817_554_956
R,CLAMP,CLAMP,0
L,3,1207,DETECTION,src/tracking/advanced_tracker.py:_activate_slot,1207_474_962_674_1090
R,CLAMP,CLAMP,0
L,4,1207,DETECTION,src/tracking/advanced_tracker.py:_activate_slot,1207_147_573_412_723
R,DETECTION,DETECTION,1
L,5,1207,DETECTION,src/tracking/advanced_tracker.py:_activate_slot,1207_310_238_589_382
R,CLAMP,CLAMP,0
L,6,1207,DETECTION,src/tracking/advanced_tracker.py:_activate_slot,1207_149_488_406_605
R,CLAMP,CLAMP,0
L,7,1207,DETECTION,src/tracking/advanced_tracker.py:_activate_slot,1207_352_423_592_533
R,CLAMP,CLAMP,0
L,8,1207,DETECTION,src/tracking/advanced_tracker.py:_activate_slot,1207_66_1024_243_1122
R,DETECTION,DETECTION,1
L,9,1207,PREDICTION,src/tracking/advanced_tracker.py:kalman_homography,
R,CLAMP,CLAMP,0
A,1207
S,0,1213,DETECTION,src/tracking/advanced_tracker.py:_activate_slot,1213_69_287_313_426
S,1,1213,DETECTION,src/tracking/advanced_tracker.py:_activate_slot,1213_345_347_589_457
S,2,1213,DETECTION,src/tracking/advanced_tracker.py:_activate_slot,1213_274_810_554_957
S,3,1213,DETECTION,src/tracking/advanced_tracker.py:_activate_slot,1213_469_962_675_1086
S,4,1213,DETECTION,src/tracking/advanced_tracker.py:_activate_slot,1213_147_576_412_723
S,5,1213,DETECTION,src/tracking/advanced_tracker.py:_activate_slot,1213_312_239_589_380
S,6,1213,DETECTION,src/tracking/advanced_tracker.py:_activate_slot,1213_149_489_407_604
S,7,1213,DETECTION,src/tracking/advanced_tracker.py:_activate_slot,1213_351_422_592_532
S,8,1213,DETECTION,src/tracking/advanced_tracker.py:_activate_slot,1213_67_1024_243_1122
S,10,1213,DETECTION,src/tracking/advanced_tracker.py:_activate_slot,1213_79_1171_261_1265
S,9,1213,PREDICTION,src/tracking/advanced_tracker.py:kalman_homography,
L,0,1213,DETECTION,src/tracking/advanced_tracker.py:_activate_slot,1213_69_287_313_426
R,CLAMP,CLAMP,0
L,1,1213,DETECTION,src/tracking/advanced_tracker.py:_activate_slot,1213_345_347_589_457
R,CLAMP,CLAMP,0
L,2,1213,DETECTION,src/tracking/advanced_tracker.py:_activate_slot,1213_274_810_554_957
R,CLAMP,CLAMP,0
L,3,1213,DETECTION,src/tracking/advanced_tracker.py:_activate_slot,1213_469_962_675_1086
R,CLAMP,CLAMP,0
L,4,1213,DETECTION,src/tracking/advanced_tracker.py:_activate_slot,1213_147_576_412_723
R,DETECTION,DETECTION,1
L,5,1213,DETECTION,src/tracking/advanced_tracker.py:_activate_slot,1213_312_239_589_380
R,CLAMP,CLAMP,0
L,6,1213,DETECTION,src/tracking/advanced_tracker.py:_activate_slot,1213_149_489_407_604
R,CLAMP,CLAMP,0
L,7,1213,DETECTION,src/tracking/advanced_tracker.py:_activate_slot,1213_351_422_592_532
R,CLAMP,CLAMP,0
L,8,1213,DETECTION,src/tracking/advanced_tracker.py:_activate_slot,1213_67_1024_243_1122
R,DETECTION,SUBPIXEL,0
L,9,1213,PREDICTION,src/tracking/advanced_tracker.py:kalman_homography,
R,CLAMP,CLAMP,0
A,1213
S,0,1219,DETECTION,src/tracking/advanced_tracker.py:_activate_slot,1219_70_287_313_425
S,1,1219,DETECTION,src/tracking/advanced_tracker.py:_activate_slot,1219_345_347_589_458
S,2,1219,DETECTION,src/tracking/advanced_tracker.py:_activate_slot,1219_274_806_553_956
S,3,1219,DETECTION,src/tracking/advanced_tracker.py:_activate_slot,1219_466_961_673_1085
S,4,1219,DETECTION,src/tracking/advanced_tracker.py:_activate_slot,1219_148_579_412_723
S,5,1219,DETECTION,src/tracking/advanced_tracker.py:_activate_slot,1219_312_238_590_386
S,6,1219,DETECTION,src/tracking/advanced_tracker.py:_activate_slot,1219_154_494_407_605
S,7,1219,DETECTION,src/tracking/advanced_tracker.py:_activate_slot,1219_350_421_593_532
S,8,1219,DETECTION,src/tracking/advanced_tracker.py:_activate_slot,1219_68_1023_242_1121
S,10,1219,DETECTION,src/tracking/advanced_tracker.py:_activate_slot,1219_79_1170_262_1266
S,9,1219,PREDICTION,src/tracking/advanced_tracker.py:kalman_homography,
L,0,1219,DETECTION,src/tracking/advanced_tracker.py:_activate_slot,1219_70_287_313_425
R,CLAMP,CLAMP,0
L,1,1219,DETECTION,src/tracking/advanced_tracker.py:_activate_slot,1219_345_347_589_458
R,CLAMP,CLAMP,0
L,2,1219,DETECTION,src/tracking/advanced_tracker.py:_activate_slot,1219_274_806_553_956
R,CLAMP,CLAMP,0
L,3,1219,DETECTION,src/tracking/advanced_tracker.py:_activate_slot,1219_466_961_673_1085
R,CLAMP,CLAMP,0
L,4,1219,DETECTION,src/tracking/advanced_tracker.py:_activate_slot,1219_148_579_412_723
R,DETECTION,DETECTION,1
L,5,1219,DETECTION,src/tracking/advanced_tracker.py:_activate_slot,1219_312_238_590_386
R,CLAMP,CLAMP,0
L,6,1219,DETECTION,src/tracking/advanced_tracker.py:_activate_slot,1219_154_494_407_605
R,CLAMP,CLAMP,0
L,7,1219,DETECTION,src/tracking/advanced_tracker.py:_activate_slot,1219_350_421_593_532
R,CLAMP,CLAMP,0
L,8,1219,DETECTION,src/tracking/advanced_tracker.py:_activate_slot,1219_68_1023_242_1121
R,DETECTION,DETECTION,1
L,9,1219,PREDICTION,src/tracking/advanced_tracker.py:kalman_homography,
R,CLAMP,CLAMP,0
A,1219
S,0,1225,DETECTION,src/tracking/advanced_tracker.py:_activate_slot,1225_70_289_313_424
S,1,1225,DETECTION,src/tracking/advanced_tracker.py:_activate_slot,1225_345_347_588_458
S,2,1225,DETECTION,src/tracking/advanced_tracker.py:_activate_slot,1225_273_811_554_956
S,3,1225,DETECTION,src/tracking/advanced_tracker.py:_activate_slot,1225_465_957_673_1085
S,4,1225,DETECTION,src/tracking/advanced_tracker.py:_activate_slot,1225_148_577_412_723
S,5,1225,DETECTION,src/tracking/advanced_tracker.py:_activate_slot,1225_313_238_591_384
S,6,1225,DETECTION,src/tracking/advanced_tracker.py:_activate_slot,1225_153_493_407_606
S,7,1225,DETECTION,src/tracking/advanced_tracker.py:_activate_slot,1225_350_423_593_532
S,8,1225,DETECTION,src/tracking/advanced_tracker.py:_activate_slot,1225_69_1023_242_1121
S,9,1225,DETECTION,src/tracking/advanced_tracker.py:_activate_slot,1225_47_590_205_696
S,10,1225,DETECTION,src/tracking/advanced_tracker.py:_activate_slot,1225_79_1169_261_1267
L,0,1225,DETECTION,src/tracking/advanced_tracker.py:_activate_slot,1225_70_289_313_424
R,CLAMP,CLAMP,0
L,1,1225,DETECTION,src/tracking/advanced_tracker.py:_activate_slot,1225_345_347_588_458
R,CLAMP,CLAMP,0
L,2,1225,DETECTION,src/tracking/advanced_tracker.py:_activate_slot,1225_273_811_554_956
R,CLAMP,CLAMP,0
L,3,1225,DETECTION,src/tracking/advanced_tracker.py:_activate_slot,1225_465_957_673_1085
R,CLAMP,CLAMP,0
L,4,1225,DETECTION,src/tracking/advanced_tracker.py:_activate_slot,1225_148_577_412_723
R,DETECTION,DETECTION,1
L,5,1225,DETECTION,src/tracking/advanced_tracker.py:_activate_slot,1225_313_238_591_384
R,CLAMP,CLAMP,0
L,6,1225,DETECTION,src/tracking/advanced_tracker.py:_activate_slot,1225_153_493_407_606
R,CLAMP,CLAMP,0
L,7,1225,DETECTION,src/tracking/advanced_tracker.py:_activate_slot,1225_350_423_593_532
R,CLAMP,CLAMP,0
L,8,1225,DETECTION,src/tracking/advanced_tracker.py:_activate_slot,1225_69_1023_242_1121
R,DETECTION,SUBPIXEL,0
L,9,1225,DETECTION,src/tracking/advanced_tracker.py:_activate_slot,1225_47_590_205_696
R,DETECTION,DETECTION,1
A,1225
S,0,1231,DETECTION,src/tracking/advanced_tracker.py:_activate_slot,1231_68_302_312_418
S,1,1231,DETECTION,src/tracking/advanced_tracker.py:_activate_slot,1231_345_348_590_459
S,2,1231,DETECTION,src/tracking/advanced_tracker.py:_activate_slot,1231_263_828_554_954
S,3,1231,DETECTION,src/tracking/advanced_tracker.py:_activate_slot,1231_467_957_673_1082
S,4,1231,DETECTION,src/tracking/advanced_tracker.py:_activate_slot,1231_148_577_413_723
S,5,1231,DETECTION,src/tracking/advanced_tracker.py:_activate_slot,1231_313_237_591_389
S,6,1231,DETECTION,src/tracking/advanced_tracker.py:_activate_slot,1231_151_488_407_606
S,7,1231,DETECTION,src/tracking/advanced_tracker.py:_activate_slot,1231_351_424_593_533
S,8,1231,DETECTION,src/tracking/advanced_tracker.py:_activate_slot,1231_67_1023_243_1121
S,9,1231,DETECTION,src/tracking/advanced_tracker.py:_activate_slot,1231_48_590_206_695
S,10,1231,DETECTION,src/tracking/advanced_tracker.py:_activate_slot,1231_79_1170_261_1266
L,0,1231,DETECTION,src/tracking/advanced_tracker.py:_activate_slot,1231_68_302_312_418
R,CLAMP,CLAMP,0
L,1,1231,DETECTION,src/tracking/advanced_tracker.py:_activate_slot,1231_345_348_590_459
R,CLAMP,CLAMP,0
L,2,1231,DETECTION,src/tracking/advanced_tracker.py:_activate_slot,1231_263_828_554_954
R,CLAMP,CLAMP,0
L,3,1231,DETECTION,src/tracking/advanced_tracker.py:_activate_slot,1231_467_957_673_1082
R,CLAMP,CLAMP,0
L,4,1231,DETECTION,src/tracking/advanced_tracker.py:_activate_slot,1231_148_577_413_723
R,DETECTION,DETECTION,1
L,5,1231,DETECTION,src/tracking/advanced_tracker.py:_activate_slot,1231_313_237_591_389
R,CLAMP,CLAMP,0
L,6,1231,DETECTION,src/tracking/advanced_tracker.py:_activate_slot,1231_151_488_407_606
R,CLAMP,CLAMP,0
L,7,1231,DETECTION,src/tracking/advanced_tracker.py:_activate_slot,1231_351_424_593_533
R,CLAMP,CLAMP,0
L,8,1231,DETECTION,src/tracking/advanced_tracker.py:_activate_slot,1231_67_1023_243_1121
R,DETECTION,DETECTION,1
L,9,1231,DETECTION,src/tracking/advanced_tracker.py:_activate_slot,1231_48_590_206_695
R,DETECTION,DETECTION,1
A,1231
S,1,1237,DETECTION,src/tracking/advanced_tracker.py:_activate_slot,1237_345_347_589_460
S,2,1237,DETECTION,src/tracking/advanced_tracker.py:_activate_slot,1237_245_833_555_954
S,3,1237,DETECTION,src/tracking/advanced_tracker.py:_activate_slot,1237_462_953_673_1075
S,4,1237,DETECTION,src/tracking/advanced_tracker.py:_activate_slot,1237_147_578_412_722
S,5,1237,DETECTION,src/tracking/advanced_tracker.py:_activate_slot,1237_315_239_591_394
S,6,1237,DETECTION,src/tracking/advanced_tracker.py:_activate_slot,1237_149_488_407_606
S,7,1237,DETECTION,src/tracking/advanced_tracker.py:_activate_slot,1237_351_425_594_533
S,8,1237,DETECTION,src/tracking/advanced_tracker.py:_activate_slot,1237_68_1023_243_1121
S,9,1237,DETECTION,src/tracking/advanced_tracker.py:_activate_slot,1237_48_589_206_695
S,10,1237,DETECTION,src/tracking/advanced_tracker.py:_activate_slot,1237_79_1169_260_1267
S,0,1237,PREDICTION,src/tracking/advanced_tracker.py:kalman_homography,
L,0,1237,PREDICTION,src/tracking/advanced_tracker.py:kalman_homography,
R,CLAMP,CLAMP,0
L,1,1237,DETECTION,src/tracking/advanced_tracker.py:_activate_slot,1237_345_347_589_460
R,CLAMP,CLAMP,0
L,2,1237,DETECTION,src/tracking/advanced_tracker.py:_activate_slot,1237_245_833_555_954
R,CLAMP,CLAMP,0
L,3,1237,DETECTION,src/tracking/advanced_tracker.py:_activate_slot,1237_462_953_673_1075
R,CLAMP,CLAMP,0
L,4,1237,DETECTION,src/tracking/advanced_tracker.py:_activate_slot,1237_147_578_412_722
R,DETECTION,DETECTION,1
L,5,1237,DETECTION,src/tracking/advanced_tracker.py:_activate_slot,1237_315_239_591_394
R,CLAMP,CLAMP,0
L,6,1237,DETECTION,src/tracking/advanced_tracker.py:_activate_slot,1237_149_488_407_606
R,CLAMP,CLAMP,0
L,7,1237,DETECTION,src/tracking/advanced_tracker.py:_activate_slot,1237_351_425_594_533
R,CLAMP,CLAMP,0
L,8,1237,DETECTION,src/tracking/advanced_tracker.py:_activate_slot,1237_68_1023_243_1121
R,DETECTION,SUBPIXEL,0
L,9,1237,DETECTION,src/tracking/advanced_tracker.py:_activate_slot,1237_48_589_206_695
R,DETECTION,SUBPIXEL,0
A,1237
S,1,1243,DETECTION,src/tracking/advanced_tracker.py:_activate_slot,1243_344_349_590_462
S,2,1243,DETECTION,src/tracking/advanced_tracker.py:_activate_slot,1243_235_841_554_953
S,3,1243,DETECTION,src/tracking/advanced_tracker.py:_activate_slot,1243_455_946_674_1064
S,4,1243,DETECTION,src/tracking/advanced_tracker.py:_activate_slot,1243_147_578_412_722
S,5,1243,DETECTION,src/tracking/advanced_tracker.py:_activate_slot,1243_314_243_589_397
S,6,1243,DETECTION,src/tracking/advanced_tracker.py:_activate_slot,1243_151_494_407_610
S,7,1243,DETECTION,src/tracking/advanced_tracker.py:_activate_slot,1243_351_429_595_533
S,8,1243,DETECTION,src/tracking/advanced_tracker.py:_activate_slot,1243_67_1021_242_1121
S,9,1243,DETECTION,src/tracking/advanced_tracker.py:_activate_slot,1243_48_589_207_695
S,10,1243,DETECTION,src/tracking/advanced_tracker.py:_activate_slot,1243_78_1169_260_1267
S,0,1243,PREDICTION,src/tracking/advanced_tracker.py:kalman_homography,
L,0,1243,PREDICTION,src/tracking/advanced_tracker.py:kalman_homography,
R,CLAMP,CLAMP,0
L,1,1243,DETECTION,src/tracking/advanced_tracker.py:_activate_slot,1243_344_349_590_462
R,CLAMP,CLAMP,0
L,2,1243,DETECTION,src/tracking/advanced_tracker.py:_activate_slot,1243_235_841_554_953
R,CLAMP,CLAMP,0
L,3,1243,DETECTION,src/tracking/advanced_tracker.py:_activate_slot,1243_455_946_674_1064
R,CLAMP,CLAMP,0
L,4,1243,DETECTION,src/tracking/advanced_tracker.py:_activate_slot,1243_147_578_412_722
R,DETECTION,SUBPIXEL,0
L,5,1243,DETECTION,src/tracking/advanced_tracker.py:_activate_slot,1243_314_243_589_397
R,CLAMP,CLAMP,0
L,6,1243,DETECTION,src/tracking/advanced_tracker.py:_activate_slot,1243_151_494_407_610
R,CLAMP,CLAMP,0
L,7,1243,DETECTION,src/tracking/advanced_tracker.py:_activate_slot,1243_351_429_595_533
R,CLAMP,CLAMP,0
L,8,1243,DETECTION,src/tracking/advanced_tracker.py:_activate_slot,1243_67_1021_242_1121
R,DETECTION,DETECTION,1
L,9,1243,DETECTION,src/tracking/advanced_tracker.py:_activate_slot,1243_48_589_207_695
R,DETECTION,DETECTION,1
A,1243
S,1,1249,DETECTION,src/tracking/advanced_tracker.py:_activate_slot,1249_342_350_590_463
S,2,1249,DETECTION,src/tracking/advanced_tracker.py:_activate_slot,1249_221_843_547_952
S,4,1249,DETECTION,src/tracking/advanced_tracker.py:_activate_slot,1249_145_581_412_721
S,5,1249,DETECTION,src/tracking/advanced_tracker.py:_activate_slot,1249_311_248_589_401
S,6,1249,DETECTION,src/tracking/advanced_tracker.py:_activate_slot,1249_154_500_405_614
S,7,1249,DETECTION,src/tracking/advanced_tracker.py:_activate_slot,1249_350_428_595_533
S,8,1249,DETECTION,src/tracking/advanced_tracker.py:_activate_slot,1249_64_1023_242_1121
S,9,1249,DETECTION,src/tracking/advanced_tracker.py:_activate_slot,1249_47_589_205_695
S,10,1249,DETECTION,src/tracking/advanced_tracker.py:_activate_slot,1249_79_1169_259_1267
S,0,1249,PREDICTION,src/tracking/advanced_tracker.py:kalman_homography,
L,0,1249,PREDICTION,src/tracking/advanced_tracker.py:kalman_homography,
R,CLAMP,CLAMP,0
L,1,1249,DETECTION,src/tracking/advanced_tracker.py:_activate_slot,1249_342_350_590_463
R,CLAMP,CLAMP,0
L,2,1249,DETECTION,src/tracking/advanced_tracker.py:_activate_slot,1249_221_843_547_952
R,CLAMP,CLAMP,0
L,4,1249,DETECTION,src/tracking/advanced_tracker.py:_activate_slot,1249_145_581_412_721
R,DETECTION,DETECTION,1
L,5,1249,DETECTION,src/tracking/advanced_tracker.py:_activate_slot,1249_311_248_589_401
R,CLAMP,CLAMP,0
L,6,1249,DETECTION,src/tracking/advanced_tracker.py:_activate_slot,1249_154_500_405_614
R,CLAMP,CLAMP,0
L,7,1249,DETECTION,src/tracking/advanced_tracker.py:_activate_slot,1249_350_428_595_533
R,CLAMP,CLAMP,0
L,8,1249,DETECTION,src/tracking/advanced_tracker.py:_activate_slot,1249_64_1023_242_1121
R,DETECTION,DETECTION,1
L,9,1249,DETECTION,src/tracking/advanced_tracker.py:_activate_slot,1249_47_589_205_695
R,DETECTION,DETECTION,1
A,1249
S,0,1255,DETECTION,src/tracking/advanced_tracker.py:_activate_slot,1255_70_298_314_426
S,1,1255,DETECTION,src/tracking/advanced_tracker.py:_activate_slot,1255_340_347_590_465
S,2,1255,DETECTION,src/tracking/advanced_tracker.py:_activate_slot,1255_204_846_552_950
S,3,1255,DETECTION,src/tracking/advanced_tracker.py:_activate_slot,1255_165_503_408_623
S,4,1255,DETECTION,src/tracking/advanced_tracker.py:_activate_slot,1255_144_588_415_722
S,5,1255,DETECTION,src/tracking/advanced_tracker.py:_activate_slot,1255_308_258_589_402
S,6,1255,DETECTION,src/tracking/advanced_tracker.py:_activate_slot,1255_18_515_206_610
S,7,1255,DETECTION,src/tracking/advanced_tracker.py:_activate_slot,1255_349_426_595_533
S,8,1255,DETECTION,src/tracking/advanced_tracker.py:_activate_slot,1255_61_1023_242_1121
S,9,1255,DETECTION,src/tracking/advanced_tracker.py:_activate_slot,1255_48_589_206_694
S,10,1255,DETECTION,src/tracking/advanced_tracker.py:_activate_slot,1255_79_1169_258_1265
D,3,1255
S,4,1255,PREDICTION,src/tracking/advanced_tracker.py:id_merge,
D,6,1255
S,9,1255,PREDICTION,src/tracking/advanced_tracker.py:id_merge,
L,0,1255,DETECTION,src/tracking/advanced_tracker.py:_activate_slot,1255_70_298_314_426
R,CLAMP,CLAMP,0
L,1,1255,DETECTION,src/tracking/advanced_tracker.py:_activate_slot,1255_340_347_590_465
R,CLAMP,CLAMP,0
L,2,1255,DETECTION,src/tracking/advanced_tracker.py:_activate_slot,1255_204_846_552_950
R,CLAMP,CLAMP,0
L,4,1255,PREDICTION,src/tracking/advanced_tracker.py:id_merge,
R,PREDICTION,PREDICTION,1
L,5,1255,DETECTION,src/tracking/advanced_tracker.py:_activate_slot,1255_308_258_589_402
R,CLAMP,CLAMP,0
L,7,1255,DETECTION,src/tracking/advanced_tracker.py:_activate_slot,1255_349_426_595_533
R,CLAMP,CLAMP,0
L,8,1255,DETECTION,src/tracking/advanced_tracker.py:_activate_slot,1255_61_1023_242_1121
R,DETECTION,SUBPIXEL,0
L,9,1255,PREDICTION,src/tracking/advanced_tracker.py:id_merge,
R,PREDICTION,PREDICTION,1
A,1255
S,1,1261,DETECTION,src/tracking/advanced_tracker.py:_activate_slot,1261_338_350_589_463
S,2,1261,DETECTION,src/tracking/advanced_tracker.py:_activate_slot,1261_206_849_554_949
S,3,1261,DETECTION,src/tracking/advanced_tracker.py:_activate_slot,1261_414_886_671_1042
S,4,1261,DETECTION,src/tracking/advanced_tracker.py:_activate_slot,1261_244_1183_418_1295
S,5,1261,DETECTION,src/tracking/advanced_tracker.py:_activate_slot,1261_307_270_591_409
S,6,1261,DETECTION,src/tracking/advanced_tracker.py:_activate_slot,1261_17_515_207_609
S,7,1261,DETECTION,src/tracking/advanced_tracker.py:_activate_slot,1261_346_429_593_536
S,8,1261,DETECTION,src/tracking/advanced_tracker.py:_activate_slot,1261_64_1023_242_1121
S,9,1261,DETECTION,src/tracking/advanced_tracker.py:_activate_slot,1261_48_589_207_693
S,10,1261,DETECTION,src/tracking/advanced_tracker.py:_activate_slot,1261_79_1169_259_1265
S,0,1261,PREDICTION,src/tracking/advanced_tracker.py:kalman_homography,
D,6,1261
S,9,1261,PREDICTION,src/tracking/advanced_tracker.py:id_merge,
L,0,1261,PREDICTION,src/tracking/advanced_tracker.py:kalman_homography,
R,CLAMP,CLAMP,0
L,1,1261,DETECTION,src/tracking/advanced_tracker.py:_activate_slot,1261_338_350_589_463
R,CLAMP,CLAMP,0
L,2,1261,DETECTION,src/tracking/advanced_tracker.py:_activate_slot,1261_206_849_554_949
R,CLAMP,CLAMP,0
L,3,1261,DETECTION,src/tracking/advanced_tracker.py:_activate_slot,1261_414_886_671_1042
R,CLAMP,CLAMP,0
L,4,1261,DETECTION,src/tracking/advanced_tracker.py:_activate_slot,1261_244_1183_418_1295
R,CLAMP,CLAMP,0
L,5,1261,DETECTION,src/tracking/advanced_tracker.py:_activate_slot,1261_307_270_591_409
R,CLAMP,CLAMP,0
L,7,1261,DETECTION,src/tracking/advanced_tracker.py:_activate_slot,1261_346_429_593_536
R,CLAMP,CLAMP,0
L,8,1261,DETECTION,src/tracking/advanced_tracker.py:_activate_slot,1261_64_1023_242_1121
R,DETECTION,SUBPIXEL,0
L,9,1261,PREDICTION,src/tracking/advanced_tracker.py:id_merge,
R,PREDICTION,PREDICTION,1
A,1261
S,1,1267,DETECTION,src/tracking/advanced_tracker.py:_activate_slot,1267_329_353_589_460
S,3,1267,DETECTION,src/tracking/advanced_tracker.py:_activate_slot,1267_71_303_314_422
S,4,1267,DETECTION,src/tracking/advanced_tracker.py:_activate_slot,1267_242_1155_595_1295
S,2,1267,DETECTION,src/tracking/advanced_tracker.py:_activate_slot,1267_160_845_669_1027
S,5,1267,DETECTION,src/tracking/advanced_tracker.py:_activate_slot,1267_306_272_590_420
S,6,1267,DETECTION,src/tracking/advanced_tracker.py:_activate_slot,1267_17_516_204_609
S,7,1267,DETECTION,src/tracking/advanced_tracker.py:_activate_slot,1267_343_426_592_535
S,8,1267,DETECTION,src/tracking/advanced_tracker.py:_activate_slot,1267_65_1022_242_1120
S,9,1267,DETECTION,src/tracking/advanced_tracker.py:_activate_slot,1267_48_589_206_693
S,10,1267,DETECTION,src/tracking/advanced_tracker.py:_activate_slot,1267_78_1169_259_1267
S,0,1267,PREDICTION,src/tracking/advanced_tracker.py:kalman_homography,
D,0,1267
S,3,1267,PREDICTION,src/tracking/advanced_tracker.py:id_merge,
D,6,1267
S,9,1267,PREDICTION,src/tracking/advanced_tracker.py:id_merge,
L,1,1267,DETECTION,src/tracking/advanced_tracker.py:_activate_slot,1267_329_353_589_460
R,CLAMP,CLAMP,0
L,2,1267,DETECTION,src/tracking/advanced_tracker.py:_activate_slot,1267_160_845_669_1027
R,CLAMP,CLAMP,0
L,3,1267,PREDICTION,src/tracking/advanced_tracker.py:id_merge,
R,CLAMP,CLAMP,0
L,4,1267,DETECTION,src/tracking/advanced_tracker.py:_activate_slot,1267_242_1155_595_1295
R,CLAMP,CLAMP,0
L,5,1267,DETECTION,src/tracking/advanced_tracker.py:_activate_slot,1267_306_272_590_420
R,CLAMP,CLAMP,0
L,7,1267,DETECTION,src/tracking/advanced_tracker.py:_activate_slot,1267_343_426_592_535
R,CLAMP,CLAMP,0
L,8,1267,DETECTION,src/tracking/advanced_tracker.py:_activate_slot,1267_65_1022_242_1120
R,DETECTION,DETECTION,1
L,9,1267,PREDICTION,src/tracking/advanced_tracker.py:id_merge,
R,PREDICTION,PREDICTION,1
A,1267
S,1,1273,DETECTION,src/tracking/advanced_tracker.py:_activate_slot,1273_317_354_589_459
S,4,1273,DETECTION,src/tracking/advanced_tracker.py:_activate_slot,1273_228_1128_466_1294
S,5,1273,DETECTION,src/tracking/advanced_tracker.py:_activate_slot,1273_306_273_586_424
S,6,1273,DETECTION,src/tracking/advanced_tracker.py:_activate_slot,1273_16_515_207_609
S,7,1273,DETECTION,src/tracking/advanced_tracker.py:_activate_slot,1273_338_430_592_533
S,8,1273,DETECTION,src/tracking/advanced_tracker.py:_activate_slot,1273_67_1023_242_1121
S,9,1273,DETECTION,src/tracking/advanced_tracker.py:_activate_slot,1273_47_589_207_693
S,10,1273,DETECTION,src/tracking/advanced_tracker.py:_activate_slot,1273_78_1169_258_1267
S,0,1273,PREDICTION,src/tracking/advanced_tracker.py:kalman_homography,
S,2,1273,PREDICTION,src/tracking/advanced_tracker.py:kalman_homography,
S,3,1273,PREDICTION,src/tracking/advanced_tracker.py:kalman_homography,
D,0,1273
S,3,1273,PREDICTION,src/tracking/advanced_tracker.py:id_merge,
D,6,1273
S,9,1273,PREDICTION,src/tracking/advanced_tracker.py:id_merge,
L,1,1273,DETECTION,src/tracking/advanced_tracker.py:_activate_slot,1273_317_354_589_459
R,CLAMP,CLAMP,0
L,2,1273,PREDICTION,src/tracking/advanced_tracker.py:kalman_homography,
R,CLAMP,CLAMP,0
L,3,1273,PREDICTION,src/tracking/advanced_tracker.py:id_merge,
R,CLAMP,CLAMP,0
L,4,1273,DETECTION,src/tracking/advanced_tracker.py:_activate_slot,1273_228_1128_466_1294
R,CLAMP,CLAMP,0
L,5,1273,DETECTION,src/tracking/advanced_tracker.py:_activate_slot,1273_306_273_586_424
R,CLAMP,CLAMP,0
L,7,1273,DETECTION,src/tracking/advanced_tracker.py:_activate_slot,1273_338_430_592_533
R,CLAMP,CLAMP,0
L,8,1273,DETECTION,src/tracking/advanced_tracker.py:_activate_slot,1273_67_1023_242_1121
R,DETECTION,DETECTION,1
L,9,1273,PREDICTION,src/tracking/advanced_tracker.py:id_merge,
R,PREDICTION,PREDICTION,1
A,1273
S,1,1279,DETECTION,src/tracking/advanced_tracker.py:_activate_slot,1279_306_291_590_465
S,4,1279,DETECTION,src/tracking/advanced_tracker.py:_activate_slot,1279_214_1092_475_1292
S,5,1279,DETECTION,src/tracking/advanced_tracker.py:_activate_slot,1279_69_300_312_420
S,6,1279,DETECTION,src/tracking/advanced_tracker.py:_activate_slot,1279_16_514_208_608
S,7,1279,DETECTION,src/tracking/advanced_tracker.py:_activate_slot,1279_333_428_591_531
S,8,1279,DETECTION,src/tracking/advanced_tracker.py:_activate_slot,1279_68_1023_241_1121
S,9,1279,DETECTION,src/tracking/advanced_tracker.py:_activate_slot,1279_47_590_209_694
S,10,1279,DETECTION,src/tracking/advanced_tracker.py:_activate_slot,1279_79_1169_259_1265
S,0,1279,PREDICTION,src/tracking/advanced_tracker.py:kalman_homography,
S,2,1279,PREDICTION,src/tracking/advanced_tracker.py:kalman_homography,
S,3,1279,PREDICTION,src/tracking/advanced_tracker.py:kalman_homography,
D,6,1279
S,9,1279,PREDICTION,src/tracking/advanced_tracker.py:id_merge,
L,0,1279,PREDICTION,src/tracking/advanced_tracker.py:kalman_homography,
R,CLAMP,CLAMP,0
L,1,1279,DETECTION,src/tracking/advanced_tracker.py:_activate_slot,1279_306_291_590_465
R,CLAMP,CLAMP,0
L,2,1279,PREDICTION,src/tracking/advanced_tracker.py:kalman_homography,
R,CLAMP,CLAMP,0
L,3,1279,PREDICTION,src/tracking/advanced_tracker.py:kalman_homography,
R,CLAMP,CLAMP,0
L,4,1279,DETECTION,src/tracking/advanced_tracker.py:_activate_slot,1279_214_1092_475_1292
R,CLAMP,CLAMP,0
L,5,1279,DETECTION,src/tracking/advanced_tracker.py:_activate_slot,1279_69_300_312_420
R,CLAMP,CLAMP,0
L,7,1279,DETECTION,src/tracking/advanced_tracker.py:_activate_slot,1279_333_428_591_531
R,CLAMP,CLAMP,0
L,8,1279,DETECTION,src/tracking/advanced_tracker.py:_activate_slot,1279_68_1023_241_1121
R,DETECTION,DETECTION,1
L,9,1279,PREDICTION,src/tracking/advanced_tracker.py:id_merge,
R,PREDICTION,PREDICTION,1
A,1279
S,1,1285,DETECTION,src/tracking/advanced_tracker.py:_activate_slot,1285_305_311_589_467
S,2,1285,DETECTION,src/tracking/advanced_tracker.py:_activate_slot,1285_168_807_551_949
S,3,1285,DETECTION,src/tracking/advanced_tracker.py:_activate_slot,1285_179_496_418_695
S,4,1285,DETECTION,src/tracking/advanced_tracker.py:_activate_slot,1285_221_1079_476_1233
S,5,1285,DETECTION,src/tracking/advanced_tracker.py:_activate_slot,1285_69_302_312_420
S,6,1285,DETECTION,src/tracking/advanced_tracker.py:_activate_slot,1285_15_511_207_608
S,7,1285,DETECTION,src/tracking/advanced_tracker.py:_activate_slot,1285_328_425_587_526
S,8,1285,DETECTION,src/tracking/advanced_tracker.py:_activate_slot,1285_69_1023_242_1121
S,9,1285,DETECTION,src/tracking/advanced_tracker.py:_activate_slot,1285_151_619_420_741
S,10,1285,DETECTION,src/tracking/advanced_tracker.py:_activate_slot,1285_79_1168_260_1266
S,0,1285,PREDICTION,src/tracking/advanced_tracker.py:kalman_homography,
L,0,1285,PREDICTION,src/tracking/advanced_tracker.py:kalman_homography,
R,CLAMP,CLAMP,0
L,1,1285,DETECTION,src/tracking/advanced_tracker.py:_activate_slot,1285_305_311_589_467
R,CLAMP,CLAMP,0
L,2,1285,DETECTION,src/tracking/advanced_tracker.py:_activate_slot,1285_168_807_551_949
R,CLAMP,CLAMP,0
L,3,1285,DETECTION,src/tracking/advanced_tracker.py:_activate_slot,1285_179_496_418_695
R,CLAMP,CLAMP,0
L,4,1285,DETECTION,src/tracking/advanced_tracker.py:_activate_slot,1285_221_1079_476_1233
R,CLAMP,CLAMP,0
L,5,1285,DETECTION,src/tracking/advanced_tracker.py:_activate_slot,1285_69_302_312_420
R,CLAMP,CLAMP,0
L,6,1285,DETECTION,src/tracking/advanced_tracker.py:_activate_slot,1285_15_511_207_608
R,CLAMP,CLAMP,0
L,7,1285,DETECTION,src/tracking/advanced_tracker.py:_activate_slot,1285_328_425_587_526
R,CLAMP,CLAMP,0
L,8,1285,DETECTION,src/tracking/advanced_tracker.py:_activate_slot,1285_69_1023_242_1121
R,DETECTION,DETECTION,1
L,9,1285,DETECTION,src/tracking/advanced_tracker.py:_activate_slot,1285_151_619_420_741
R,DETECTION,DETECTION,1
A,1285
S,0,1291,DETECTION,src/tracking/advanced_tracker.py:_activate_slot,1291_70_303_313_420
S,2,1291,DETECTION,src/tracking/advanced_tracker.py:_activate_slot,1291_172_804_557_944
S,3,1291,DETECTION,src/tracking/advanced_tracker.py:_activate_slot,1291_182_494_439_699
S,4,1291,DETECTION,src/tracking/advanced_tracker.py:_activate_slot,1291_219_1041_475_1171
S,5,1291,DETECTION,src/tracking/advanced_tracker.py:_activate_slot,1291_305_330_590_465
S,6,1291,DETECTION,src/tracking/advanced_tracker.py:_activate_slot,1291_15_510_207_607
S,7,1291,DETECTION,src/tracking/advanced_tracker.py:_activate_slot,1291_324_418_588_522
S,8,1291,DETECTION,src/tracking/advanced_tracker.py:_activate_slot,1291_69_1023_241_1121
S,9,1291,DETECTION,src/tracking/advanced_tracker.py:_activate_slot,1291_151_618_422_744
S,10,1291,DETECTION,src/tracking/advanced_tracker.py:_activate_slot,1291_79_1168_259_1266
S,1,1291,PREDICTION,src/tracking/advanced_tracker.py:kalman_homography,
D,5,1291
S,7,1291,PREDICTION,src/tracking/advanced_tracker.py:id_merge,
L,0,1291,DETECTION,src/tracking/advanced_tracker.py:_activate_slot,1291_70_303_313_420
R,CLAMP,CLAMP,0
L,1,1291,PREDICTION,src/tracking/advanced_tracker.py:kalman_homography,
R,CLAMP,CLAMP,0
L,2,1291,DETECTION,src/tracking/advanced_tracker.py:_activate_slot,1291_172_804_557_944
R,CLAMP,CLAMP,0
L,3,1291,DETECTION,src/tracking/advanced_tracker.py:_activate_slot,1291_182_494_439_699
R,CLAMP,CLAMP,0
L,4,1291,DETECTION,src/tracking/advanced_tracker.py:_activate_slot,1291_219_1041_475_1171
R,CLAMP,CLAMP,0
L,6,1291,DETECTION,src/tracking/advanced_tracker.py:_activate_slot,1291_15_510_207_607
R,CLAMP,CLAMP,0
L,7,1291,PREDICTION,src/tracking/advanced_tracker.py:id_merge,
R,CLAMP,CLAMP,0
L,8,1291,DETECTION,src/tracking/advanced_tracker.py:_activate_slot,1291_69_1023_241_1121
R,DETECTION,DETECTION,1
L,9,1291,DETECTION,src/tracking/advanced_tracker.py:_activate_slot,1291_151_618_422_744
R,DETECTION,DETECTION,1
A,1291
