S,0,1161,DETECTION,src/tracking/advanced_tracker.py:_activate_slot,1161_12_81_495_282
S,1,1161,DETECTION,src/tracking/advanced_tracker.py:_activate_slot,1161_105_701_288_859
S,2,1161,DETECTION,src/tracking/advanced_tracker.py:_activate_slot,1161_181_722_462_954
S,3,1161,DETECTION,src/tracking/advanced_tracker.py:_activate_slot,1161_318_1095_598_1293
S,4,1161,DETECTION,src/tracking/advanced_tracker.py:_activate_slot,1161_-8_569_219_779
D,1,1161
S,2,1161,PREDICTION,src/tracking/advanced_tracker.py:id_merge,
D,2,1161
S,3,1161,PREDICTION,src/tracking/advanced_tracker.py:id_merge,
L,0,1161,DETECTION,src/tracking/advanced_tracker.py:_activate_slot,1161_12_81_495_282
R,DETECTION,DETECTION,1
L,3,1161,PREDICTION,src/tracking/advanced_tracker.py:id_merge,
R,PREDICTION,PREDICTION,1
L,4,1161,DETECTION,src/tracking/advanced_tracker.py:_activate_slot,1161_-8_569_219_779
R,DETECTION,DETECTION,1
A,1161
S,1,1167,DETECTION,src/tracking/advanced_tracker.py:_activate_slot,1167_112_704_290_858
S,2,1167,DETECTION,src/tracking/advanced_tracker.py:_activate_slot,1167_181_721_464_953
S,3,1167,DETECTION,src/tracking/advanced_tracker.py:_activate_slot,1167_320_1097_600_1295
S,4,1167,DETECTION,src/tracking/advanced_tracker.py:_activate_slot,1167_-7_568_221_779
S,0,1167,PREDICTION,src/tracking/advanced_tracker.py:kalman_homography,
D,1,1167
S,2,1167,PREDICTION,src/tracking/advanced_tracker.py:id_merge,
D,2,1167
S,3,1167,PREDICTION,src/tracking/advanced_tracker.py:id_merge,
L,0,1167,PREDICTION,src/tracking/advanced_tracker.py:kalman_homography,
R,PREDICTION,PREDICTION,1
L,3,1167,PREDICTION,src/tracking/advanced_tracker.py:id_merge,
R,PREDICTION,PREDICTION,1
L,4,1167,DETECTION,src/tracking/advanced_tracker.py:_activate_slot,1167_-7_568_221_779
R,DETECTION,DETECTION,1
A,1167
S,1,1173,DETECTION,src/tracking/advanced_tracker.py:_activate_slot,1173_115_705_293_859
S,2,1173,DETECTION,src/tracking/advanced_tracker.py:_activate_slot,1173_181_720_460_952
S,3,1173,DETECTION,src/tracking/advanced_tracker.py:_activate_slot,1173_320_1099_599_1293
S,4,1173,DETECTION,src/tracking/advanced_tracker.py:_activate_slot,1173_-13_1171_176_1295
S,5,1173,DETECTION,src/tracking/advanced_tracker.py:_activate_slot,1173_-5_568_223_778
S,6,1173,DETECTION,src/tracking/advanced_tracker.py:_activate_slot,1173_-15_1025_153_1179
S,7,1173,DETECTION,src/tracking/advanced_tracker.py:_activate_slot,1173_136_1147_383_1295
S,8,1173,DETECTION,src/tracking/advanced_tracker.py:_activate_slot,1173_135_1167_320_1293
S,0,1173,PREDICTION,src/tracking/advanced_tracker.py:kalman_homography,
D,1,1173
S,2,1173,PREDICTION,src/tracking/advanced_tracker.py:id_merge,
D,2,1173
S,3,1173,PREDICTION,src/tracking/advanced_tracker.py:id_merge,
D,5,1173
S,6,1173,PREDICTION,src/tracking/advanced_tracker.py:id_merge,
D,6,1173
S,7,1173,PREDICTION,src/tracking/advanced_tracker.py:id_merge,
D,7,1173
S,8,1173,PREDICTION,src/tracking/advanced_tracker.py:id_merge,
L,0,1173,PREDICTION,src/tracking/advanced_tracker.py:kalman_homography,
R,PREDICTION,SUBPIXEL,0
L,3,1173,PREDICTION,src/tracking/advanced_tracker.py:id_merge,
R,PREDICTION,PREDICTION,1
L,4,1173,DETECTION,src/tracking/advanced_tracker.py:_activate_slot,1173_-13_1171_176_1295
R,DETECTION,DETECTION,1
L,8,1173,PREDICTION,src/tracking/advanced_tracker.py:id_merge,
R,PREDICTION,PREDICTION,1
A,1173
S,1,1179,DETECTION,src/tracking/advanced_tracker.py:_activate_slot,1179_116_708_286_860
S,2,1179,DETECTION,src/tracking/advanced_tracker.py:_activate_slot,1179_181_719_461_953
S,3,1179,DETECTION,src/tracking/advanced_tracker.py:_activate_slot,1179_320_1094_602_1294
S,5,1179,DETECTION,src/tracking/advanced_tracker.py:_activate_slot,1179_-6_569_223_777
S,6,1179,DETECTION,src/tracking/advanced_tracker.py:_activate_slot,1179_-15_1025_151_1179
S,9,1179,DETECTION,src/tracking/advanced_tracker.py:_activate_slot,1179_135_1161_386_1295
S,0,1179,PREDICTION,src/tracking/advanced_tracker.py:kalman_homography,
S,7,1179,PREDICTION,src/tracking/advanced_tracker.py:kalman_homography,
S,8,1179,PREDICTION,src/tracking/advanced_tracker.py:kalman_homography,
S,4,1179,PREDICTION,src/tracking/advanced_tracker.py:flow_gapfill_batched,
D,1,1179
S,2,1179,PREDICTION,src/tracking/advanced_tracker.py:id_merge,
D,2,1179
S,3,1179,PREDICTION,src/tracking/advanced_tracker.py:id_merge,
D,5,1179
S,6,1179,PREDICTION,src/tracking/advanced_tracker.py:id_merge,
D,7,1179
S,6,1179,PREDICTION,src/tracking/advanced_tracker.py:id_merge,
D,8,1179
S,6,1179,PREDICTION,src/tracking/advanced_tracker.py:id_merge,
D,6,1179
S,9,1179,PREDICTION,src/tracking/advanced_tracker.py:id_merge,
L,0,1179,PREDICTION,src/tracking/advanced_tracker.py:kalman_homography,
R,PREDICTION,SUBPIXEL,0
L,3,1179,PREDICTION,src/tracking/advanced_tracker.py:id_merge,
R,PREDICTION,PREDICTION,1
L,4,1179,PREDICTION,src/tracking/advanced_tracker.py:flow_gapfill_batched,
R,PREDICTION,SUBPIXEL,0
L,9,1179,PREDICTION,src/tracking/advanced_tracker.py:id_merge,
R,PREDICTION,PREDICTION,1
A,1179
S,2,1185,DETECTION,src/tracking/advanced_tracker.py:_activate_slot,1185_118_709_279_861
S,3,1185,DETECTION,src/tracking/advanced_tracker.py:_activate_slot,1185_320_1099_602_1293
S,5,1185,DETECTION,src/tracking/advanced_tracker.py:_activate_slot,1185_-6_568_220_778
S,6,1185,DETECTION,src/tracking/advanced_tracker.py:_activate_slot,1185_-15_1025_150_1179
S,9,1185,DETECTION,src/tracking/advanced_tracker.py:_activate_slot,1185_134_1161_385_1295
S,0,1185,PREDICTION,src/tracking/advanced_tracker.py:kalman_homography,
S,1,1185,PREDICTION,src/tracking/advanced_tracker.py:kalman_homography,
S,7,1185,PREDICTION,src/tracking/advanced_tracker.py:kalman_homography,
S,8,1185,PREDICTION,src/tracking/advanced_tracker.py:kalman_homography,
S,4,1185,PREDICTION,src/tracking/advanced_tracker.py:flow_gapfill_batched,
D,1,1185
S,2,1185,PREDICTION,src/tracking/advanced_tracker.py:id_merge,
D,4,1185
S,2,1185,PREDICTION,src/tracking/advanced_tracker.py:id_merge,
D,5,1185
S,6,1185,PREDICTION,src/tracking/advanced_tracker.py:id_merge,
D,7,1185
S,6,1185,PREDICTION,src/tracking/advanced_tracker.py:id_merge,
D,8,1185
S,6,1185,PREDICTION,src/tracking/advanced_tracker.py:id_merge,
D,6,1185
S,9,1185,PREDICTION,src/tracking/advanced_tracker.py:id_merge,
L,0,1185,PREDICTION,src/tracking/advanced_tracker.py:kalman_homography,
R,PREDICTION,SUBPIXEL,0
L,2,1185,PREDICTION,src/tracking/advanced_tracker.py:id_merge,
R,PREDICTION,PREDICTION,1
L,3,1185,DETECTION,src/tracking/advanced_tracker.py:_activate_slot,1185_320_1099_602_1293
R,DETECTION,SUBPIXEL,0
L,9,1185,PREDICTION,src/tracking/advanced_tracker.py:id_merge,
R,PREDICTION,SUBPIXEL,0
A,1185
S,2,1191,DETECTION,src/tracking/advanced_tracker.py:_activate_slot,1191_119_711_277_863
S,3,1191,DETECTION,src/tracking/advanced_tracker.py:_activate_slot,1191_422_783_595_920
S,5,1191,DETECTION,src/tracking/advanced_tracker.py:_activate_slot,1191_-6_571_219_778
S,6,1191,DETECTION,src/tracking/advanced_tracker.py:_activate_slot,1191_-15_1029_149_1179
S,7,1191,DETECTION,src/tracking/advanced_tracker.py:_activate_slot,1191_324_1088_600_1294
S,9,1191,DETECTION,src/tracking/advanced_tracker.py:_activate_slot,1191_133_1165_384_1295
S,0,1191,PREDICTION,src/tracking/advanced_tracker.py:kalman_homography,
S,1,1191,PREDICTION,src/tracking/advanced_tracker.py:kalman_homography,
S,8,1191,PREDICTION,src/tracking/advanced_tracker.py:kalman_homography,
S,4,1191,PREDICTION,src/tracking/advanced_tracker.py:flow_gapfill_batched,
D,1,1191
S,2,1191,PREDICTION,src/tracking/advanced_tracker.py:id_merge,
D,4,1191
S,2,1191,PREDICTION,src/tracking/advanced_tracker.py:id_merge,
D,5,1191
S,6,1191,PREDICTION,src/tracking/advanced_tracker.py:id_merge,
D,8,1191
S,6,1191,PREDICTION,src/tracking/advanced_tracker.py:id_merge,
D,6,1191
S,9,1191,PREDICTION,src/tracking/advanced_tracker.py:id_merge,
L,0,1191,PREDICTION,src/tracking/advanced_tracker.py:kalman_homography,
R,PREDICTION,SUBPIXEL,0
L,2,1191,PREDICTION,src/tracking/advanced_tracker.py:id_merge,
R,PREDICTION,PREDICTION,1
L,3,1191,DETECTION,src/tracking/advanced_tracker.py:_activate_slot,1191_422_783_595_920
R,DETECTION,DETECTION,1
L,7,1191,DETECTION,src/tracking/advanced_tracker.py:_activate_slot,1191_324_1088_600_1294
R,DETECTION,DETECTION,1
L,9,1191,PREDICTION,src/tracking/advanced_tracker.py:id_merge,
R,PREDICTION,SUBPIXEL,0
A,1191
S,2,1197,DETECTION,src/tracking/advanced_tracker.py:_activate_slot,1197_120_712_276_862
S,3,1197,DETECTION,src/tracking/advanced_tracker.py:_activate_slot,1197_-6_571_219_778
S,1,1197,DETECTION,src/tracking/advanced_tracker.py:_activate_slot,1197_117_710_372_863
S,6,1197,DETECTION,src/tracking/advanced_tracker.py:_activate_slot,1197_-15_1033_148_1181
S,7,1197,DETECTION,src/tracking/advanced_tracker.py:_activate_slot,1197_323_1073_594_1295
S,9,1197,DETECTION,src/tracking/advanced_tracker.py:_activate_slot,1197_128_1165_383_1295
S,0,1197,PREDICTION,src/tracking/advanced_tracker.py:kalman_homography,
S,5,1197,PREDICTION,src/tracking/advanced_tracker.py:kalman_homography,
S,8,1197,PREDICTION,src/tracking/advanced_tracker.py:kalman_homography,
S,4,1197,PREDICTION,src/tracking/advanced_tracker.py:flow_gapfill_batched,
D,1,1197
S,2,1197,PREDICTION,src/tracking/advanced_tracker.py:id_merge,
D,2,1197
S,3,1197,PREDICTION,src/tracking/advanced_tracker.py:id_merge,
D,4,1197
S,3,1197,PREDICTION,src/tracking/advanced_tracker.py:id_merge,
D,5,1197
S,6,1197,PREDICTION,src/tracking/advanced_tracker.py:id_merge,
D,8,1197
S,6,1197,PREDICTION,src/tracking/advanced_tracker.py:id_merge,
D,6,1197
S,9,1197,PREDICTION,src/tracking/advanced_tracker.py:id_merge,
D,7,1197
S,9,1197,PREDICTION,src/tracking/advanced_tracker.py:id_merge,
L,0,1197,PREDICTION,src/tracking/advanced_tracker.py:kalman_homography,
R,PREDICTION,SUBPIXEL,0
L,3,1197,PREDICTION,src/tracking/advanced_tracker.py:id_merge,
R,CLAMP,CLAMP,0
L,9,1197,PREDICTION,src/tracking/advanced_tracker.py:id_merge,
R,PREDICTION,PREDICTION,1
A,1197
S,2,1203,DETECTION,src/tracking/advanced_tracker.py:_activate_slot,1203_119_711_282_863
S,3,1203,DETECTION,src/tracking/advanced_tracker.py:_activate_slot,1203_-7_569_216_779
S,1,1203,DETECTION,src/tracking/advanced_tracker.py:_activate_slot,1203_116_709_375_864
S,5,1203,DETECTION,src/tracking/advanced_tracker.py:_activate_slot,1203_322_1091_595_1293
S,6,1203,DETECTION,src/tracking/advanced_tracker.py:_activate_slot,1203_-15_1034_147_1182
S,9,1203,DETECTION,src/tracking/advanced_tracker.py:_activate_slot,1203_124_1167_383_1295
S,7,1203,DETECTION,src/tracking/advanced_tracker.py:_activate_slot,1203_299_1032_528_1294
S,0,1203,PREDICTION,src/tracking/advanced_tracker.py:kalman_homography,
S,8,1203,PREDICTION,src/tracking/advanced_tracker.py:kalman_homography,
S,4,1203,PREDICTION,src/tracking/advanced_tracker.py:flow_gapfill_batched,
D,1,1203
S,2,1203,PREDICTION,src/tracking/advanced_tracker.py:id_merge,
D,2,1203
S,3,1203,PREDICTION,src/tracking/advanced_tracker.py:id_merge,
D,4,1203
S,3,1203,PREDICTION,src/tracking/advanced_tracker.py:id_merge,
D,5,1203
S,7,1203,PREDICTION,src/tracking/advanced_tracker.py:id_merge,
D,8,1203
S,6,1203,PREDICTION,src/tracking/advanced_tracker.py:id_merge,
D,6,1203
S,9,1203,PREDICTION,src/tracking/advanced_tracker.py:id_merge,
D,7,1203
S,9,1203,PREDICTION,src/tracking/advanced_tracker.py:id_merge,
L,0,1203,PREDICTION,src/tracking/advanced_tracker.py:kalman_homography,
R,PREDICTION,SUBPIXEL,0
L,3,1203,PREDICTION,src/tracking/advanced_tracker.py:id_merge,
R,CLAMP,CLAMP,0
L,9,1203,PREDICTION,src/tracking/advanced_tracker.py:id_merge,
R,PREDICTION,SUBPIXEL,0
A,1203
S,3,1209,DETECTION,src/tracking/advanced_tracker.py:_activate_slot,1209_177_734_450_956
S,6,1209,DETECTION,src/tracking/advanced_tracker.py:_activate_slot,1209_-15_1034_147_1184
S,9,1209,DETECTION,src/tracking/advanced_tracker.py:_activate_slot,1209_125_1165_383_1295
S,8,1209,DETECTION,src/tracking/advanced_tracker.py:_activate_slot,1209_125_1170_320_1294
S,1,1209,PREDICTION,src/tracking/advanced_tracker.py:kalman_homography,
S,2,1209,PREDICTION,src/tracking/advanced_tracker.py:kalman_homography,
S,7,1209,PREDICTION,src/tracking/advanced_tracker.py:kalman_homography,
S,0,1209,PREDICTION,src/tracking/advanced_tracker.py:flow_gapfill_batched,
S,4,1209,PREDICTION,src/tracking/advanced_tracker.py:flow_gapfill_batched,
S,5,1209,PREDICTION,src/tracking/advanced_tracker.py:flow_gapfill_batched,
D,1,1209
S,2,1209,PREDICTION,src/tracking/advanced_tracker.py:id_merge,
D,2,1209
S,3,1209,PREDICTION,src/tracking/advanced_tracker.py:id_merge,
D,5,1209
S,7,1209,PREDICTION,src/tracking/advanced_tracker.py:id_merge,
D,6,1209
S,8,1209,PREDICTION,src/tracking/advanced_tracker.py:id_merge,
D,7,1209
S,9,1209,PREDICTION,src/tracking/advanced_tracker.py:id_merge,
D,8,1209
S,9,1209,PREDICTION,src/tracking/advanced_tracker.py:id_merge,
L,0,1209,PREDICTION,src/tracking/advanced_tracker.py:flow_gapfill_batched,
R,PREDICTION,PREDICTION,1
L,3,1209,PREDICTION,src/tracking/advanced_tracker.py:id_merge,
R,PREDICTION,PREDICTION,1
L,4,1209,PREDICTION,src/tracking/advanced_tracker.py:flow_gapfill_batched,
R,PREDICTION,PREDICTION,1
L,9,1209,PREDICTION,src/tracking/advanced_tracker.py:id_merge,
R,PREDICTION,SUBPIXEL,0
A,1209
S,6,1215,DETECTION,src/tracking/advanced_tracker.py:_activate_slot,1215_-15_1036_148_1186
S,9,1215,DETECTION,src/tracking/advanced_tracker.py:_activate_slot,1215_128_1169_378_1295
S,8,1215,DETECTION,src/tracking/advanced_tracker.py:_activate_slot,1215_131_1184_312_1294
S,1,1215,PREDICTION,src/tracking/advanced_tracker.py:kalman_homography,
S,2,1215,PREDICTION,src/tracking/advanced_tracker.py:kalman_homography,
S,3,1215,PREDICTION,src/tracking/advanced_tracker.py:kalman_homography,
S,7,1215,PREDICTION,src/tracking/advanced_tracker.py:kalman_homography,
S,4,1215,PREDICTION,src/tracking/advanced_tracker.py:flow_gapfill_batched,
S,5,1215,PREDICTION,src/tracking/advanced_tracker.py:flow_gapfill_batched,
D,1,1215
S,2,1215,PREDICTION,src/tracking/advanced_tracker.py:id_merge,
D,2,1215
S,3,1215,PREDICTION,src/tracking/advanced_tracker.py:id_merge,
D,4,1215
S,3,1215,PREDICTION,src/tracking/advanced_tracker.py:id_merge,
D,5,1215
S,7,1215,PREDICTION,src/tracking/advanced_tracker.py:id_merge,
D,6,1215
S,8,1215,PREDICTION,src/tracking/advanced_tracker.py:id_merge,
D,7,1215
S,9,1215,PREDICTION,src/tracking/advanced_tracker.py:id_merge,
D,8,1215
S,9,1215,PREDICTION,src/tracking/advanced_tracker.py:id_merge,
L,3,1215,PREDICTION,src/tracking/advanced_tracker.py:id_merge,
R,PREDICTION,PREDICTION,1
L,9,1215,PREDICTION,src/tracking/advanced_tracker.py:id_merge,
R,PREDICTION,PREDICTION,1
A,1215
S,6,1221,DETECTION,src/tracking/advanced_tracker.py:_activate_slot,1221_-15_1036_156_1186
S,9,1221,DETECTION,src/tracking/advanced_tracker.py:_activate_slot,1221_124_1169_378_1295
S,7,1221,DETECTION,src/tracking/advanced_tracker.py:_activate_slot,1221_285_1045_548_1295
S,8,1221,DETECTION,src/tracking/advanced_tracker.py:_activate_slot,1221_128_1185_310_1295
S,1,1221,PREDICTION,src/tracking/advanced_tracker.py:kalman_homography,
S,2,1221,PREDICTION,src/tracking/advanced_tracker.py:kalman_homography,
S,3,1221,PREDICTION,src/tracking/advanced_tracker.py:kalman_homography,
S,4,1221,PREDICTION,src/tracking/advanced_tracker.py:flow_gapfill_batched,
S,5,1221,PREDICTION,src/tracking/advanced_tracker.py:flow_gapfill_batched,
D,1,1221
S,2,1221,PREDICTION,src/tracking/advanced_tracker.py:id_merge,
D,2,1221
S,3,1221,PREDICTION,src/tracking/advanced_tracker.py:id_merge,
D,4,1221
S,3,1221,PREDICTION,src/tracking/advanced_tracker.py:id_merge,
D,5,1221
S,7,1221,PREDICTION,src/tracking/advanced_tracker.py:id_merge,
D,6,1221
S,8,1221,PREDICTION,src/tracking/advanced_tracker.py:id_merge,
D,7,1221
S,8,1221,PREDICTION,src/tracking/advanced_tracker.py:id_merge,
D,8,1221
S,9,1221,PREDICTION,src/tracking/advanced_tracker.py:id_merge,
L,3,1221,PREDICTION,src/tracking/advanced_tracker.py:id_merge,
R,PREDICTION,PREDICTION,1
L,9,1221,PREDICTION,src/tracking/advanced_tracker.py:id_merge,
R,PREDICTION,SUBPIXEL,0
A,1221
S,6,1227,DETECTION,src/tracking/advanced_tracker.py:_activate_slot,1227_-8_-15_458_45
S,8,1227,DETECTION,src/tracking/advanced_tracker.py:_activate_slot,1227_128_1185_309_1295
S,9,1227,DETECTION,src/tracking/advanced_tracker.py:_activate_slot,1227_314_1071_588_1295
S,1,1227,PREDICTION,src/tracking/advanced_tracker.py:kalman_homography,
S,2,1227,PREDICTION,src/tracking/advanced_tracker.py:kalman_homography,
S,3,1227,PREDICTION,src/tracking/advanced_tracker.py:kalman_homography,
S,7,1227,PREDICTION,src/tracking/advanced_tracker.py:kalman_homography,
S,5,1227,PREDICTION,src/tracking/advanced_tracker.py:flow_gapfill_batched,
D,1,1227
S,2,1227,PREDICTION,src/tracking/advanced_tracker.py:id_merge,
D,2,1227
S,3,1227,PREDICTION,src/tracking/advanced_tracker.py:id_merge,
D,5,1227
S,7,1227,PREDICTION,src/tracking/advanced_tracker.py:id_merge,
D,7,1227
S,8,1227,PREDICTION,src/tracking/advanced_tracker.py:id_merge,
L,3,1227,PREDICTION,src/tracking/advanced_tracker.py:id_merge,
R,PREDICTION,SUBPIXEL,0
L,6,1227,DETECTION,src/tracking/advanced_tracker.py:_activate_slot,1227_-8_-15_458_45
R,DETECTION,DETECTION,1
L,8,1227,PREDICTION,src/tracking/advanced_tracker.py:id_merge,
R,PREDICTION,PREDICTION,1
L,9,1227,DETECTION,src/tracking/advanced_tracker.py:_activate_slot,1227_314_1071_588_1295
R,DETECTION,DETECTION,1
A,1227
S,8,1233,DETECTION,src/tracking/advanced_tracker.py:_activate_slot,1233_123_1186_308_1294
S,1,1233,PREDICTION,src/tracking/advanced_tracker.py:kalman_homography,
S,2,1233,PREDICTION,src/tracking/advanced_tracker.py:kalman_homography,
S,3,1233,PREDICTION,src/tracking/advanced_tracker.py:kalman_homography,
S,7,1233,PREDICTION,src/tracking/advanced_tracker.py:kalman_homography,
S,9,1233,PREDICTION,src/tracking/advanced_tracker.py:kalman_homography,
S,5,1233,PREDICTION,src/tracking/advanced_tracker.py:flow_gapfill_batched,
S,6,1233,PREDICTION,src/tracking/advanced_tracker.py:flow_gapfill_batched,
D,1,1233
S,2,1233,PREDICTION,src/tracking/advanced_tracker.py:id_merge,
D,2,1233
S,3,1233,PREDICTION,src/tracking/advanced_tracker.py:id_merge,
D,5,1233
S,7,1233,PREDICTION,src/tracking/advanced_tracker.py:id_merge,
D,7,1233
S,8,1233,PREDICTION,src/tracking/advanced_tracker.py:id_merge,
L,3,1233,PREDICTION,src/tracking/advanced_tracker.py:id_merge,
R,PREDICTION,SUBPIXEL,0
L,6,1233,PREDICTION,src/tracking/advanced_tracker.py:flow_gapfill_batched,
R,PREDICTION,SUBPIXEL,0
L,8,1233,PREDICTION,src/tracking/advanced_tracker.py:id_merge,
R,PREDICTION,SUBPIXEL,0
L,9,1233,PREDICTION,src/tracking/advanced_tracker.py:kalman_homography,
R,PREDICTION,PREDICTION,1
A,1233
S,1,1239,DETECTION,src/tracking/advanced_tracker.py:_activate_slot,1239_118_712_364_865
S,3,1239,DETECTION,src/tracking/advanced_tracker.py:_activate_slot,1239_126_554_375_756
S,8,1239,DETECTION,src/tracking/advanced_tracker.py:_activate_slot,1239_-15_1039_149_1183
S,2,1239,PREDICTION,src/tracking/advanced_tracker.py:kalman_homography,
S,7,1239,PREDICTION,src/tracking/advanced_tracker.py:kalman_homography,
S,5,1239,PREDICTION,src/tracking/advanced_tracker.py:flow_gapfill_batched,
S,6,1239,PREDICTION,src/tracking/advanced_tracker.py:flow_gapfill_batched,
S,9,1239,PREDICTION,src/tracking/advanced_tracker.py:flow_gapfill_batched,
D,2,1239
S,1,1239,PREDICTION,src/tracking/advanced_tracker.py:id_merge,
D,1,1239
S,3,1239,PREDICTION,src/tracking/advanced_tracker.py:id_merge,
D,5,1239
S,7,1239,PREDICTION,src/tracking/advanced_tracker.py:id_merge,
D,6,1239
S,8,1239,PREDICTION,src/tracking/advanced_tracker.py:id_merge,
D,7,1239
S,9,1239,PREDICTION,src/tracking/advanced_tracker.py:id_merge,
L,3,1239,PREDICTION,src/tracking/advanced_tracker.py:id_merge,
R,PREDICTION,PREDICTION,1
L,8,1239,PREDICTION,src/tracking/advanced_tracker.py:id_merge,
R,PREDICTION,PREDICTION,1
L,9,1239,PREDICTION,src/tracking/advanced_tracker.py:id_merge,
R,PREDICTION,PREDICTION,1
A,1239
S,1,1245,DETECTION,src/tracking/advanced_tracker.py:_activate_slot,1245_117_714_314_866
S,3,1245,DETECTION,src/tracking/advanced_tracker.py:_activate_slot,1245_114_550_377_758
S,7,1245,DETECTION,src/tracking/advanced_tracker.py:_activate_slot,1245_268_1032_542_1294
S,2,1245,PREDICTION,src/tracking/advanced_tracker.py:kalman_homography,
S,8,1245,PREDICTION,src/tracking/advanced_tracker.py:kalman_homography,
S,5,1245,PREDICTION,src/tracking/advanced_tracker.py:flow_gapfill_batched,
S,6,1245,PREDICTION,src/tracking/advanced_tracker.py:flow_gapfill_batched,
S,9,1245,PREDICTION,src/tracking/advanced_tracker.py:flow_gapfill_batched,
D,2,1245
S,1,1245,PREDICTION,src/tracking/advanced_tracker.py:id_merge,
D,1,1245
S,3,1245,PREDICTION,src/tracking/advanced_tracker.py:id_merge,
D,5,1245
S,7,1245,PREDICTION,src/tracking/advanced_tracker.py:id_merge,
D,6,1245
S,8,1245,PREDICTION,src/tracking/advanced_tracker.py:id_merge,
D,9,1245
S,7,1245,PREDICTION,src/tracking/advanced_tracker.py:id_merge,
L,3,1245,PREDICTION,src/tracking/advanced_tracker.py:id_merge,
R,PREDICTION,PREDICTION,1
L,7,1245,PREDICTION,src/tracking/advanced_tracker.py:id_merge,
R,PREDICTION,PREDICTION,1
L,8,1245,PREDICTION,src/tracking/advanced_tracker.py:id_merge,
R,PREDICTION,SUBPIXEL,0
A,1245
S,3,1251,DETECTION,src/tracking/advanced_tracker.py:_activate_slot,1251_111_571_376_761
S,0,1251,DETECTION,src/tracking/advanced_tracker.py:_activate_slot,1251_-13_32_467_197
S,1,1251,PREDICTION,src/tracking/advanced_tracker.py:kalman_homography,
S,7,1251,PREDICTION,src/tracking/advanced_tracker.py:kalman_homography,
S,8,1251,PREDICTION,src/tracking/advanced_tracker.py:kalman_homography,
S,2,1251,PREDICTION,src/tracking/advanced_tracker.py:flow_gapfill_batched,
S,5,1251,PREDICTION,src/tracking/advanced_tracker.py:flow_gapfill_batched,
S,6,1251,PREDICTION,src/tracking/advanced_tracker.py:flow_gapfill_batched,
S,9,1251,PREDICTION,src/tracking/advanced_tracker.py:flow_gapfill_batched,
D,2,1251
S,1,1251,PREDICTION,src/tracking/advanced_tracker.py:id_merge,
D,1,1251
S,3,1251,PREDICTION,src/tracking/advanced_tracker.py:id_merge,
D,5,1251
S,7,1251,PREDICTION,src/tracking/advanced_tracker.py:id_merge,
D,6,1251
S,8,1251,PREDICTION,src/tracking/advanced_tracker.py:id_merge,
D,9,1251
S,7,1251,PREDICTION,src/tracking/advanced_tracker.py:id_merge,
L,0,1251,DETECTION,src/tracking/advanced_tracker.py:_activate_slot,1251_-13_32_467_197
R,DETECTION,DETECTION,1
L,3,1251,PREDICTION,src/tracking/advanced_tracker.py:id_merge,
R,PREDICTION,PREDICTION,1
L,7,1251,PREDICTION,src/tracking/advanced_tracker.py:id_merge,
R,PREDICTION,PREDICTION,1
L,8,1251,PREDICTION,src/tracking/advanced_tracker.py:id_merge,
R,PREDICTION,PREDICTION,1
A,1251
S,0,1257,PREDICTION,src/tracking/advanced_tracker.py:kalman_homography,
S,1,1257,PREDICTION,src/tracking/advanced_tracker.py:kalman_homography,
S,3,1257,PREDICTION,src/tracking/advanced_tracker.py:kalman_homography,
S,7,1257,PREDICTION,src/tracking/advanced_tracker.py:kalman_homography,
S,8,1257,PREDICTION,src/tracking/advanced_tracker.py:kalman_homography,
S,6,1257,PREDICTION,src/tracking/advanced_tracker.py:flow_gapfill_batched,
S,9,1257,PREDICTION,src/tracking/advanced_tracker.py:flow_gapfill_batched,
D,1,1257
S,3,1257,PREDICTION,src/tracking/advanced_tracker.py:id_merge,
D,6,1257
S,8,1257,PREDICTION,src/tracking/advanced_tracker.py:id_merge,
D,9,1257
S,7,1257,PREDICTION,src/tracking/advanced_tracker.py:id_merge,
L,0,1257,PREDICTION,src/tracking/advanced_tracker.py:kalman_homography,
R,PREDICTION,PREDICTION,1
L,3,1257,PREDICTION,src/tracking/advanced_tracker.py:id_merge,
R,PREDICTION,PREDICTION,1
L,7,1257,PREDICTION,src/tracking/advanced_tracker.py:id_merge,
R,PREDICTION,PREDICTION,1
L,8,1257,PREDICTION,src/tracking/advanced_tracker.py:id_merge,
R,PREDICTION,PREDICTION,1
A,1257
S,1,1263,DETECTION,src/tracking/advanced_tracker.py:_activate_slot,1263_116_714_263_866
S,4,1263,DETECTION,src/tracking/advanced_tracker.py:_activate_slot,1263_312_1073_589_1295
S,0,1263,PREDICTION,src/tracking/advanced_tracker.py:kalman_homography,
S,3,1263,PREDICTION,src/tracking/advanced_tracker.py:kalman_homography,
S,7,1263,PREDICTION,src/tracking/advanced_tracker.py:kalman_homography,
S,6,1263,PREDICTION,src/tracking/advanced_tracker.py:flow_gapfill_batched,
S,8,1263,PREDICTION,src/tracking/advanced_tracker.py:flow_gapfill_batched,
S,9,1263,PREDICTION,src/tracking/advanced_tracker.py:flow_gapfill_batched,
D,3,1263
S,1,1263,PREDICTION,src/tracking/advanced_tracker.py:id_merge,
D,6,1263
S,8,1263,PREDICTION,src/tracking/advanced_tracker.py:id_merge,
D,9,1263
S,7,1263,PREDICTION,src/tracking/advanced_tracker.py:id_merge,
L,0,1263,PREDICTION,src/tracking/advanced_tracker.py:kalman_homography,
R,PREDICTION,SUBPIXEL,0
L,1,1263,PREDICTION,src/tracking/advanced_tracker.py:id_merge,
R,PREDICTION,PREDICTION,1
L,4,1263,DETECTION,src/tracking/advanced_tracker.py:_activate_slot,1263_312_1073_589_1295
R,DETECTION,DETECTION,1
L,7,1263,PREDICTION,src/tracking/advanced_tracker.py:id_merge,
R,PREDICTION,PREDICTION,1
L,8,1263,PREDICTION,src/tracking/advanced_tracker.py:id_merge,
R,PREDICTION,PREDICTION,1
A,1263
S,1,1269,DETECTION,src/tracking/advanced_tracker.py:_activate_slot,1269_116_715_264_866
S,3,1269,DETECTION,src/tracking/advanced_tracker.py:_activate_slot,1269_196_547_374_767
S,7,1269,DETECTION,src/tracking/advanced_tracker.py:_activate_slot,1269_310_1073_590_1295
S,0,1269,PREDICTION,src/tracking/advanced_tracker.py:kalman_homography,
S,4,1269,PREDICTION,src/tracking/advanced_tracker.py:kalman_homography,
S,6,1269,PREDICTION,src/tracking/advanced_tracker.py:flow_gapfill_batched,
S,8,1269,PREDICTION,src/tracking/advanced_tracker.py:flow_gapfill_batched,
S,9,1269,PREDICTION,src/tracking/advanced_tracker.py:flow_gapfill_batched,
D,1,1269
S,3,1269,PREDICTION,src/tracking/advanced_tracker.py:id_merge,
D,4,1269
S,3,1269,PREDICTION,src/tracking/advanced_tracker.py:id_merge,
D,6,1269
S,8,1269,PREDICTION,src/tracking/advanced_tracker.py:id_merge,
D,9,1269
S,7,1269,PREDICTION,src/tracking/advanced_tracker.py:id_merge,
L,0,1269,PREDICTION,src/tracking/advanced_tracker.py:kalman_homography,
R,PREDICTION,SUBPIXEL,0
L,3,1269,PREDICTION,src/tracking/advanced_tracker.py:id_merge,
R,PREDICTION,PREDICTION,1
L,7,1269,PREDICTION,src/tracking/advanced_tracker.py:id_merge,
R,PREDICTION,PREDICTION,1
L,8,1269,PREDICTION,src/tracking/advanced_tracker.py:id_merge,
R,PREDICTION,PREDICTION,1
A,1269
S,1,1275,DETECTION,src/tracking/advanced_tracker.py:_activate_slot,1275_115_714_380_866
S,7,1275,DETECTION,src/tracking/advanced_tracker.py:_activate_slot,1275_308_1075_591_1293
S,0,1275,PREDICTION,src/tracking/advanced_tracker.py:kalman_homography,
S,3,1275,PREDICTION,src/tracking/advanced_tracker.py:kalman_homography,
S,4,1275,PREDICTION,src/tracking/advanced_tracker.py:kalman_homography,
S,8,1275,PREDICTION,src/tracking/advanced_tracker.py:flow_gapfill_batched,
S,9,1275,PREDICTION,src/tracking/advanced_tracker.py:flow_gapfill_batched,
D,3,1275
S,1,1275,PREDICTION,src/tracking/advanced_tracker.py:id_merge,
D,4,1275
S,1,1275,PREDICTION,src/tracking/advanced_tracker.py:id_merge,
D,9,1275
S,7,1275,PREDICTION,src/tracking/advanced_tracker.py:id_merge,
L,0,1275,PREDICTION,src/tracking/advanced_tracker.py:kalman_homography,
R,PREDICTION,SUBPIXEL,0
L,1,1275,PREDICTION,src/tracking/advanced_tracker.py:id_merge,
R,PREDICTION,PREDICTION,1
L,7,1275,PREDICTION,src/tracking/advanced_tracker.py:id_merge,
R,PREDICTION,PREDICTION,1
L,8,1275,PREDICTION,src/tracking/advanced_tracker.py:flow_gapfill_batched,
R,PREDICTION,SUBPIXEL,0
A,1275
S,1,1281,DETECTION,src/tracking/advanced_tracker.py:_activate_slot,1281_116_714_377_866
S,7,1281,DETECTION,src/tracking/advanced_tracker.py:_activate_slot,1281_308_1069_589_1295
S,0,1281,PREDICTION,src/tracking/advanced_tracker.py:kalman_homography,
S,3,1281,PREDICTION,src/tracking/advanced_tracker.py:kalman_homography,
S,4,1281,PREDICTION,src/tracking/advanced_tracker.py:kalman_homography,
S,8,1281,PREDICTION,src/tracking/advanced_tracker.py:flow_gapfill_batched,
D,3,1281
S,1,1281,PREDICTION,src/tracking/advanced_tracker.py:id_merge,
D,4,1281
S,1,1281,PREDICTION,src/tracking/advanced_tracker.py:id_merge,
L,0,1281,PREDICTION,src/tracking/advanced_tracker.py:kalman_homography,
R,PREDICTION,SUBPIXEL,0
L,1,1281,PREDICTION,src/tracking/advanced_tracker.py:id_merge,
R,PREDICTION,PREDICTION,1
L,7,1281,DETECTION,src/tracking/advanced_tracker.py:_activate_slot,1281_308_1069_589_1295
R,DETECTION,DETECTION,1
L,8,1281,PREDICTION,src/tracking/advanced_tracker.py:flow_gapfill_batched,
R,PREDICTION,SUBPIXEL,0
A,1281
S,1,1287,DETECTION,src/tracking/advanced_tracker.py:_activate_slot,1287_117_714_266_865
S,4,1287,DETECTION,src/tracking/advanced_tracker.py:_activate_slot,1287_276_1033_555_1283
S,7,1287,DETECTION,src/tracking/advanced_tracker.py:_activate_slot,1287_307_1077_589_1295
S,0,1287,PREDICTION,src/tracking/advanced_tracker.py:kalman_homography,
S,3,1287,PREDICTION,src/tracking/advanced_tracker.py:kalman_homography,
S,8,1287,PREDICTION,src/tracking/advanced_tracker.py:flow_gapfill_batched,
D,3,1287
S,4,1287,PREDICTION,src/tracking/advanced_tracker.py:id_merge,
L,0,1287,PREDICTION,src/tracking/advanced_tracker.py:kalman_homography,
R,PREDICTION,SUBPIXEL,0
L,1,1287,DETECTION,src/tracking/advanced_tracker.py:_activate_slot,1287_117_714_266_865
R,DETECTION,DETECTION,1
L,4,1287,PREDICTION,src/tracking/advanced_tracker.py:id_merge,
R,PREDICTION,PREDICTION,1
L,7,1287,DETECTION,src/tracking/advanced_tracker.py:_activate_slot,1287_307_1077_589_1295
R,DETECTION,DETECTION,1
L,8,1287,PREDICTION,src/tracking/advanced_tracker.py:flow_gapfill_batched,
R,PREDICTION,SUBPIXEL,0
A,1287
S,4,1293,DETECTION,src/tracking/advanced_tracker.py:_activate_slot,1293_306_1077_591_1295
S,1,1293,DETECTION,src/tracking/advanced_tracker.py:_activate_slot,1293_117_715_267_865
S,7,1293,DETECTION,src/tracking/advanced_tracker.py:_activate_slot,1293_268_1035_587_1293
S,2,1293,DETECTION,src/tracking/advanced_tracker.py:_activate_slot,1293_-11_-15_445_200
S,5,1293,DETECTION,src/tracking/advanced_tracker.py:_activate_slot,1293_-13_730_170_864
S,0,1293,PREDICTION,src/tracking/advanced_tracker.py:kalman_homography,
S,3,1293,PREDICTION,src/tracking/advanced_tracker.py:kalman_homography,
D,0,1293
S,2,1293,PREDICTION,src/tracking/advanced_tracker.py:id_merge,
D,3,1293
S,4,1293,PREDICTION,src/tracking/advanced_tracker.py:id_merge,
L,1,1293,DETECTION,src/tracking/advanced_tracker.py:_activate_slot,1293_117_715_267_865
R,DETECTION,SUBPIXEL,0
L,2,1293,PREDICTION,src/tracking/advanced_tracker.py:id_merge,
R,PREDICTION,PREDICTION,1
L,4,1293,PREDICTION,src/tracking/advanced_tracker.py:id_merge,
R,PREDICTION,PREDICTION,1
L,5,1293,DETECTION,src/tracking/advanced_tracker.py:_activate_slot,1293_-13_730_170_864
R,DETECTION,DETECTION,1
L,7,1293,DETECTION,src/tracking/advanced_tracker.py:_activate_slot,1293_268_1035_587_1293
R,DETECTION,DETECTION,1
A,1293
S,4,1299,DETECTION,src/tracking/advanced_tracker.py:_activate_slot,1299_-13_1141_283_1295
S,3,1299,DETECTION,src/tracking/advanced_tracker.py:_activate_slot,1299_197_546_374_762
S,5,1299,DETECTION,src/tracking/advanced_tracker.py:_activate_slot,1299_-13_727_169_865
S,1,1299,PREDICTION,src/tracking/advanced_tracker.py:kalman_homography,
S,2,1299,PREDICTION,src/tracking/advanced_tracker.py:kalman_homography,
S,7,1299,PREDICTION,src/tracking/advanced_tracker.py:kalman_homography,
S,0,1299,PREDICTION,src/tracking/advanced_tracker.py:flow_gapfill_batched,
D,0,1299
S,2,1299,PREDICTION,src/tracking/advanced_tracker.py:id_merge,
D,1,1299
S,3,1299,PREDICTION,src/tracking/advanced_tracker.py:id_merge,
D,3,1299
S,4,1299,PREDICTION,src/tracking/advanced_tracker.py:id_merge,
L,2,1299,PREDICTION,src/tracking/advanced_tracker.py:id_merge,
R,PREDICTION,PREDICTION,1
L,4,1299,PREDICTION,src/tracking/advanced_tracker.py:id_merge,
R,PREDICTION,PREDICTION,1
L,5,1299,DETECTION,src/tracking/advanced_tracker.py:_activate_slot,1299_-13_727_169_865
R,DETECTION,DETECTION,1
L,7,1299,PREDICTION,src/tracking/advanced_tracker.py:kalman_homography,
R,PREDICTION,PREDICTION,1
A,1299
S,1,1305,DETECTION,src/tracking/advanced_tracker.py:_activate_slot,1305_-12_722_181_865
S,3,1305,DETECTION,src/tracking/advanced_tracker.py:_activate_slot,1305_197_547_374_761
S,5,1305,DETECTION,src/tracking/advanced_tracker.py:_activate_slot,1305_115_716_266_866
S,2,1305,PREDICTION,src/tracking/advanced_tracker.py:kalman_homography,
S,4,1305,PREDICTION,src/tracking/advanced_tracker.py:kalman_homography,
S,7,1305,PREDICTION,src/tracking/advanced_tracker.py:kalman_homography,
D,1,1305
S,3,1305,PREDICTION,src/tracking/advanced_tracker.py:id_merge,
D,4,1305
S,3,1305,PREDICTION,src/tracking/advanced_tracker.py:id_merge,
L,2,1305,PREDICTION,src/tracking/advanced_tracker.py:kalman_homography,
R,PREDICTION,SUBPIXEL,0
L,3,1305,PREDICTION,src/tracking/advanced_tracker.py:id_merge,
R,PREDICTION,PREDICTION,1
L,5,1305,DETECTION,src/tracking/advanced_tracker.py:_activate_slot,1305_115_716_266_866
R,DETECTION,DETECTION,1
L,7,1305,PREDICTION,src/tracking/advanced_tracker.py:kalman_homography,
R,PREDICTION,PREDICTION,1
A,1305
S,3,1311,DETECTION,src/tracking/advanced_tracker.py:_activate_slot,1311_198_559_503_795
S,1,1311,PREDICTION,src/tracking/advanced_tracker.py:kalman_homography,
S,2,1311,PREDICTION,src/tracking/advanced_tracker.py:kalman_homography,
S,4,1311,PREDICTION,src/tracking/advanced_tracker.py:kalman_homography,
S,5,1311,PREDICTION,src/tracking/advanced_tracker.py:kalman_homography,
S,7,1311,PREDICTION,src/tracking/advanced_tracker.py:kalman_homography,
D,4,1311
S,1,1311,PREDICTION,src/tracking/advanced_tracker.py:id_merge,
D,7,1311
S,5,1311,PREDICTION,src/tracking/advanced_tracker.py:id_merge,
L,1,1311,PREDICTION,src/tracking/advanced_tracker.py:id_merge,
R,PREDICTION,PREDICTION,1
L,2,1311,PREDICTION,src/tracking/advanced_tracker.py:kalman_homography,
R,PREDICTION,SUBPIXEL,0
L,3,1311,DETECTION,src/tracking/advanced_tracker.py:_activate_slot,1311_198_559_503_795
R,DETECTION,DETECTION,1
L,5,1311,PREDICTION,src/tracking/advanced_tracker.py:id_merge,
R,PREDICTION,PREDICTION,1
A,1311
S,3,1317,DETECTION,src/tracking/advanced_tracker.py:_activate_slot,1317_197_547_374_767
S,7,1317,DETECTION,src/tracking/advanced_tracker.py:_activate_slot,1317_306_1035_596_1293
S,6,1317,DETECTION,src/tracking/advanced_tracker.py:_activate_slot,1317_-14_1040_145_1180
S,9,1317,DETECTION,src/tracking/advanced_tracker.py:_activate_slot,1317_-13_694_179_864
S,1,1317,PREDICTION,src/tracking/advanced_tracker.py:kalman_homography,
S,2,1317,PREDICTION,src/tracking/advanced_tracker.py:kalman_homography,
S,5,1317,PREDICTION,src/tracking/advanced_tracker.py:kalman_homography,
S,4,1317,PREDICTION,src/tracking/advanced_tracker.py:flow_gapfill_batched,
D,2,1317
S,1,1317,PREDICTION,src/tracking/advanced_tracker.py:id_merge,
D,4,1317
S,1,1317,PREDICTION,src/tracking/advanced_tracker.py:id_merge,
D,5,1317
S,7,1317,PREDICTION,src/tracking/advanced_tracker.py:id_merge,
D,6,1317
S,9,1317,PREDICTION,src/tracking/advanced_tracker.py:id_merge,
L,1,1317,PREDICTION,src/tracking/advanced_tracker.py:id_merge,
R,PREDICTION,PREDICTION,1
L,3,1317,DETECTION,src/tracking/advanced_tracker.py:_activate_slot,1317_197_547_374_767
R,DETECTION,DETECTION,1
L,7,1317,PREDICTION,src/tracking/advanced_tracker.py:id_merge,
R,PREDICTION,PREDICTION,1
L,9,1317,PREDICTION,src/tracking/advanced_tracker.py:id_merge,
R,PREDICTION,PREDICTION,1
A,1317
S,6,1323,DETECTION,src/tracking/advanced_tracker.py:_activate_slot,1323_-14_1039_145_1173
S,9,1323,DETECTION,src/tracking/advanced_tracker.py:_activate_slot,1323_-13_696_178_861
S,1,1323,PREDICTION,src/tracking/advanced_tracker.py:kalman_homography,
S,2,1323,PREDICTION,src/tracking/advanced_tracker.py:kalman_homography,
S,3,1323,PREDICTION,src/tracking/advanced_tracker.py:kalman_homography,
S,5,1323,PREDICTION,src/tracking/advanced_tracker.py:kalman_homography,
S,7,1323,PREDICTION,src/tracking/advanced_tracker.py:kalman_homography,
S,4,1323,PREDICTION,src/tracking/advanced_tracker.py:flow_gapfill_batched,
D,2,1323
S,1,1323,PREDICTION,src/tracking/advanced_tracker.py:id_merge,
D,4,1323
S,1,1323,PREDICTION,src/tracking/advanced_tracker.py:id_merge,
D,5,1323
S,7,1323,PREDICTION,src/tracking/advanced_tracker.py:id_merge,
D,6,1323
S,9,1323,PREDICTION,src/tracking/advanced_tracker.py:id_merge,
L,1,1323,PREDICTION,src/tracking/advanced_tracker.py:id_merge,
R,PREDICTION,PREDICTION,1
L,3,1323,PREDICTION,src/tracking/advanced_tracker.py:kalman_homography,
R,PREDICTION,PREDICTION,1
L,7,1323,PREDICTION,src/tracking/advanced_tracker.py:id_merge,
R,PREDICTION,PREDICTION,1
L,9,1323,PREDICTION,src/tracking/advanced_tracker.py:id_merge,
R,PREDICTION,PREDICTION,1
A,1323
S,6,1329,DETECTION,src/tracking/advanced_tracker.py:_activate_slot,1329_116_716_267_866
S,9,1329,DETECTION,src/tracking/advanced_tracker.py:_activate_slot,1329_-14_705_180_862
S,8,1329,DETECTION,src/tracking/advanced_tracker.py:_activate_slot,1329_312_1072_588_1294
S,1,1329,PREDICTION,src/tracking/advanced_tracker.py:kalman_homography,
S,2,1329,PREDICTION,src/tracking/advanced_tracker.py:kalman_homography,
S,3,1329,PREDICTION,src/tracking/advanced_tracker.py:kalman_homography,
S,7,1329,PREDICTION,src/tracking/advanced_tracker.py:kalman_homography,
S,4,1329,PREDICTION,src/tracking/advanced_tracker.py:flow_gapfill_batched,
S,5,1329,PREDICTION,src/tracking/advanced_tracker.py:flow_gapfill_batched,
D,2,1329
S,1,1329,PREDICTION,src/tracking/advanced_tracker.py:id_merge,
D,4,1329
S,1,1329,PREDICTION,src/tracking/advanced_tracker.py:id_merge,
D,5,1329
S,6,1329,PREDICTION,src/tracking/advanced_tracker.py:id_merge,
D,6,1329
S,9,1329,PREDICTION,src/tracking/advanced_tracker.py:id_merge,
D,7,1329
S,8,1329,PREDICTION,src/tracking/advanced_tracker.py:id_merge,
L,1,1329,PREDICTION,src/tracking/advanced_tracker.py:id_merge,
R,PREDICTION,PREDICTION,1
L,3,1329,PREDICTION,src/tracking/advanced_tracker.py:kalman_homography,
R,PREDICTION,PREDICTION,1
L,8,1329,PREDICTION,src/tracking/advanced_tracker.py:id_merge,
R,PREDICTION,PREDICTION,1
L,9,1329,PREDICTION,src/tracking/advanced_tracker.py:id_merge,
R,PREDICTION,PREDICTION,1
A,1329
S,8,1335,DETECTION,src/tracking/advanced_tracker.py:_activate_slot,1335_312_1065_590_1295
S,2,1335,PREDICTION,src/tracking/advanced_tracker.py:kalman_homography,
S,3,1335,PREDICTION,src/tracking/advanced_tracker.py:kalman_homography,
S,6,1335,PREDICTION,src/tracking/advanced_tracker.py:kalman_homography,
S,7,1335,PREDICTION,src/tracking/advanced_tracker.py:kalman_homography,
S,9,1335,PREDICTION,src/tracking/advanced_tracker.py:kalman_homography,
S,1,1335,PREDICTION,src/tracking/advanced_tracker.py:flow_gapfill_batched,
S,5,1335,PREDICTION,src/tracking/advanced_tracker.py:flow_gapfill_batched,
D,5,1335
S,6,1335,PREDICTION,src/tracking/advanced_tracker.py:id_merge,
D,7,1335
S,6,1335,PREDICTION,src/tracking/advanced_tracker.py:id_merge,
D,6,1335
S,8,1335,PREDICTION,src/tracking/advanced_tracker.py:id_merge,
L,1,1335,PREDICTION,src/tracking/advanced_tracker.py:flow_gapfill_batched,
R,PREDICTION,PREDICTION,1
L,2,1335,PREDICTION,src/tracking/advanced_tracker.py:kalman_homography,
R,PREDICTION,SUBPIXEL,0
L,3,1335,PREDICTION,src/tracking/advanced_tracker.py:kalman_homography,
R,PREDICTION,PREDICTION,1
L,8,1335,PREDICTION,src/tracking/advanced_tracker.py:id_merge,
R,PREDICTION,PREDICTION,1
L,9,1335,PREDICTION,src/tracking/advanced_tracker.py:kalman_homography,
R,PREDICTION,PREDICTION,1
A,1335
S,4,1341,DETECTION,src/tracking/advanced_tracker.py:_activate_slot,1341_311_1065_590_1295
S,8,1341,DETECTION,src/tracking/advanced_tracker.py:_activate_slot,1341_-12_1057_378_1267
S,0,1341,DETECTION,src/tracking/advanced_tracker.py:_activate_slot,1341_-11_-15_455_152
S,3,1341,PREDICTION,src/tracking/advanced_tracker.py:kalman_homography,
S,7,1341,PREDICTION,src/tracking/advanced_tracker.py:kalman_homography,
S,9,1341,PREDICTION,src/tracking/advanced_tracker.py:kalman_homography,
S,1,1341,PREDICTION,src/tracking/advanced_tracker.py:flow_gapfill_batched,
S,2,1341,PREDICTION,src/tracking/advanced_tracker.py:flow_gapfill_batched,
S,5,1341,PREDICTION,src/tracking/advanced_tracker.py:flow_gapfill_batched,
S,6,1341,PREDICTION,src/tracking/advanced_tracker.py:flow_gapfill_batched,
D,2,1341
S,0,1341,PREDICTION,src/tracking/advanced_tracker.py:id_merge,
D,3,1341
S,4,1341,PREDICTION,src/tracking/advanced_tracker.py:id_merge,
D,5,1341
S,6,1341,PREDICTION,src/tracking/advanced_tracker.py:id_merge,
D,6,1341
S,8,1341,PREDICTION,src/tracking/advanced_tracker.py:id_merge,
D,9,1341
S,8,1341,PREDICTION,src/tracking/advanced_tracker.py:id_merge,
L,0,1341,PREDICTION,src/tracking/advanced_tracker.py:id_merge,
R,PREDICTION,PREDICTION,1
L,1,1341,PREDICTION,src/tracking/advanced_tracker.py:flow_gapfill_batched,
R,PREDICTION,PREDICTION,1
L,4,1341,PREDICTION,src/tracking/advanced_tracker.py:id_merge,
R,PREDICTION,PREDICTION,1
L,7,1341,PREDICTION,src/tracking/advanced_tracker.py:kalman_homography,
R,PREDICTION,PREDICTION,1
L,8,1341,PREDICTION,src/tracking/advanced_tracker.py:id_merge,
R,PREDICTION,PREDICTION,1
A,1341
S,4,1347,DETECTION,src/tracking/advanced_tracker.py:_activate_slot,1347_-14_-15_458_148
S,9,1347,DETECTION,src/tracking/advanced_tracker.py:_activate_slot,1347_-14_681_212_860
S,0,1347,PREDICTION,src/tracking/advanced_tracker.py:kalman_homography,
S,3,1347,PREDICTION,src/tracking/advanced_tracker.py:kalman_homography,
S,6,1347,PREDICTION,src/tracking/advanced_tracker.py:kalman_homography,
S,7,1347,PREDICTION,src/tracking/advanced_tracker.py:kalman_homography,
S,8,1347,PREDICTION,src/tracking/advanced_tracker.py:kalman_homography,
S,1,1347,PREDICTION,src/tracking/advanced_tracker.py:flow_gapfill_batched,
S,5,1347,PREDICTION,src/tracking/advanced_tracker.py:flow_gapfill_batched,
D,0,1347
S,4,1347,PREDICTION,src/tracking/advanced_tracker.py:id_merge,
D,5,1347
S,8,1347,PREDICTION,src/tracking/advanced_tracker.py:id_merge,
D,8,1347
S,9,1347,PREDICTION,src/tracking/advanced_tracker.py:id_merge,
L,1,1347,PREDICTION,src/tracking/advanced_tracker.py:flow_gapfill_batched,
R,PREDICTION,PREDICTION,1
L,3,1347,PREDICTION,src/tracking/advanced_tracker.py:kalman_homography,
R,PREDICTION,PREDICTION,1
L,4,1347,PREDICTION,src/tracking/advanced_tracker.py:id_merge,
R,PREDICTION,PREDICTION,1
L,6,1347,PREDICTION,src/tracking/advanced_tracker.py:kalman_homography,
R,PREDICTION,PREDICTION,1
L,7,1347,PREDICTION,src/tracking/advanced_tracker.py:kalman_homography,
R,PREDICTION,PREDICTION,1
L,9,1347,PREDICTION,src/tracking/advanced_tracker.py:id_merge,
R,PREDICTION,PREDICTION,1
A,1347
S,4,1353,DETECTION,src/tracking/advanced_tracker.py:_activate_slot,1353_-13_-15_460_148
S,3,1353,DETECTION,src/tracking/advanced_tracker.py:_activate_slot,1353_195_549_370_760
S,9,1353,DETECTION,src/tracking/advanced_tracker.py:_activate_slot,1353_-15_679_219_861
S,0,1353,PREDICTION,src/tracking/advanced_tracker.py:kalman_homography,
S,7,1353,PREDICTION,src/tracking/advanced_tracker.py:kalman_homography,
S,8,1353,PREDICTION,src/tracking/advanced_tracker.py:kalman_homography,
S,1,1353,PREDICTION,src/tracking/advanced_tracker.py:flow_gapfill_batched,
S,5,1353,PREDICTION,src/tracking/advanced_tracker.py:flow_gapfill_batched,
S,6,1353,PREDICTION,src/tracking/advanced_tracker.py:flow_gapfill_batched,
D,0,1353
S,4,1353,PREDICTION,src/tracking/advanced_tracker.py:id_merge,
D,1,1353
S,3,1353,PREDICTION,src/tracking/advanced_tracker.py:id_merge,
D,5,1353
S,6,1353,PREDICTION,src/tracking/advanced_tracker.py:id_merge,
D,6,1353
S,8,1353,PREDICTION,src/tracking/advanced_tracker.py:id_merge,
D,8,1353
S,9,1353,PREDICTION,src/tracking/advanced_tracker.py:id_merge,
L,3,1353,PREDICTION,src/tracking/advanced_tracker.py:id_merge,
R,PREDICTION,PREDICTION,1
L,4,1353,PREDICTION,src/tracking/advanced_tracker.py:id_merge,
R,PREDICTION,SUBPIXEL,0
L,7,1353,PREDICTION,src/tracking/advanced_tracker.py:kalman_homography,
R,PREDICTION,PREDICTION,1
L,9,1353,PREDICTION,src/tracking/advanced_tracker.py:id_merge,
R,PREDICTION,PREDICTION,1
A,1353
S,4,1359,DETECTION,src/tracking/advanced_tracker.py:_activate_slot,1359_-14_-15_461_156
S,9,1359,DETECTION,src/tracking/advanced_tracker.py:_activate_slot,1359_-2_573_216_720
S,7,1359,DETECTION,src/tracking/advanced_tracker.py:_activate_slot,1359_302_1031_542_1295
S,0,1359,PREDICTION,src/tracking/advanced_tracker.py:kalman_homography,
S,3,1359,PREDICTION,src/tracking/advanced_tracker.py:kalman_homography,
S,6,1359,PREDICTION,src/tracking/advanced_tracker.py:flow_gapfill_batched,
S,8,1359,PREDICTION,src/tracking/advanced_tracker.py:flow_gapfill_batched,
D,0,1359
S,4,1359,PREDICTION,src/tracking/advanced_tracker.py:id_merge,
D,6,1359
S,7,1359,PREDICTION,src/tracking/advanced_tracker.py:id_merge,
D,8,1359
S,7,1359,PREDICTION,src/tracking/advanced_tracker.py:id_merge,
L,3,1359,PREDICTION,src/tracking/advanced_tracker.py:kalman_homography,
R,PREDICTION,PREDICTION,1
L,4,1359,PREDICTION,src/tracking/advanced_tracker.py:id_merge,
R,PREDICTION,PREDICTION,1
L,7,1359,PREDICTION,src/tracking/advanced_tracker.py:id_merge,
R,PREDICTION,PREDICTION,1
L,9,1359,DETECTION,src/tracking/advanced_tracker.py:_activate_slot,1359_-2_573_216_720
R,DETECTION,DETECTION,1
A,1359
S,4,1365,DETECTION,src/tracking/advanced_tracker.py:_activate_slot,1365_-14_661_250_804
S,3,1365,DETECTION,src/tracking/advanced_tracker.py:_activate_slot,1365_197_557_505_804
S,0,1365,PREDICTION,src/tracking/advanced_tracker.py:kalman_homography,
S,7,1365,PREDICTION,src/tracking/advanced_tracker.py:kalman_homography,
S,9,1365,PREDICTION,src/tracking/advanced_tracker.py:kalman_homography,
S,6,1365,PREDICTION,src/tracking/advanced_tracker.py:flow_gapfill_batched,
S,8,1365,PREDICTION,src/tracking/advanced_tracker.py:flow_gapfill_batched,
D,6,1365
S,8,1365,PREDICTION,src/tracking/advanced_tracker.py:id_merge,
D,8,1365
S,7,1365,PREDICTION,src/tracking/advanced_tracker.py:id_merge,
L,0,1365,PREDICTION,src/tracking/advanced_tracker.py:kalman_homography,
R,PREDICTION,PREDICTION,1
L,3,1365,DETECTION,src/tracking/advanced_tracker.py:_activate_slot,1365_197_557_505_804
R,DETECTION,DETECTION,1
L,4,1365,DETECTION,src/tracking/advanced_tracker.py:_activate_slot,1365_-14_661_250_804
R,DETECTION,DETECTION,1
L,7,1365,PREDICTION,src/tracking/advanced_tracker.py:id_merge,
R,PREDICTION,PREDICTION,1
L,9,1365,PREDICTION,src/tracking/advanced_tracker.py:kalman_homography,
R,PREDICTION,PREDICTION,1
A,1365
S,3,1371,DETECTION,src/tracking/advanced_tracker.py:_activate_slot,1371_196_553_505_799
S,0,1371,PREDICTION,src/tracking/advanced_tracker.py:kalman_homography,
S,4,1371,PREDICTION,src/tracking/advanced_tracker.py:kalman_homography,
S,7,1371,PREDICTION,src/tracking/advanced_tracker.py:kalman_homography,
S,9,1371,PREDICTION,src/tracking/advanced_tracker.py:kalman_homography,
S,6,1371,PREDICTION,src/tracking/advanced_tracker.py:flow_gapfill_batched,
D,6,1371
S,9,1371,PREDICTION,src/tracking/advanced_tracker.py:id_merge,
L,0,1371,PREDICTION,src/tracking/advanced_tracker.py:kalman_homography,
R,PREDICTION,SUBPIXEL,0
L,3,1371,DETECTION,src/tracking/advanced_tracker.py:_activate_slot,1371_196_553_505_799
R,DETECTION,DETECTION,1
L,4,1371,PREDICTION,src/tracking/advanced_tracker.py:kalman_homography,
R,PREDICTION,PREDICTION,1
L,7,1371,PREDICTION,src/tracking/advanced_tracker.py:kalman_homography,
R,PREDICTION,PREDICTION,1
L,9,1371,PREDICTION,src/tracking/advanced_tracker.py:id_merge,
R,PREDICTION,PREDICTION,1
A,1371
S,3,1377,DETECTION,src/tracking/advanced_tracker.py:_activate_slot,1377_194_554_506_798
S,0,1377,PREDICTION,src/tracking/advanced_tracker.py:kalman_homography,
S,4,1377,PREDICTION,src/tracking/advanced_tracker.py:kalman_homography,
S,7,1377,PREDICTION,src/tracking/advanced_tracker.py:kalman_homography,
S,9,1377,PREDICTION,src/tracking/advanced_tracker.py:kalman_homography,
S,6,1377,PREDICTION,src/tracking/advanced_tracker.py:flow_gapfill_batched,
D,6,1377
S,9,1377,PREDICTION,src/tracking/advanced_tracker.py:id_merge,
L,0,1377,PREDICTION,src/tracking/advanced_tracker.py:kalman_homography,
R,PREDICTION,SUBPIXEL,0
L,3,1377,DETECTION,src/tracking/advanced_tracker.py:_activate_slot,1377_194_554_506_798
R,DETECTION,DETECTION,1
L,4,1377,PREDICTION,src/tracking/advanced_tracker.py:kalman_homography,
R,PREDICTION,PREDICTION,1
L,7,1377,PREDICTION,src/tracking/advanced_tracker.py:kalman_homography,
R,PREDICTION,PREDICTION,1
L,9,1377,PREDICTION,src/tracking/advanced_tracker.py:id_merge,
R,PREDICTION,PREDICTION,1
A,1377
S,4,1383,DETECTION,src/tracking/advanced_tracker.py:_activate_slot,1383_-14_796_184_1002
S,2,1383,DETECTION,src/tracking/advanced_tracker.py:_activate_slot,1383_-11_-11_465_166
S,0,1383,PREDICTION,src/tracking/advanced_tracker.py:kalman_homography,
S,7,1383,PREDICTION,src/tracking/advanced_tracker.py:kalman_homography,
S,9,1383,PREDICTION,src/tracking/advanced_tracker.py:kalman_homography,
S,3,1383,PREDICTION,src/tracking/advanced_tracker.py:flow_gapfill_batched,
D,0,1383
S,2,1383,PREDICTION,src/tracking/advanced_tracker.py:id_merge,
D,7,1383
S,9,1383,PREDICTION,src/tracking/advanced_tracker.py:id_merge,
L,2,1383,PREDICTION,src/tracking/advanced_tracker.py:id_merge,
R,PREDICTION,PREDICTION,1
L,3,1383,PREDICTION,src/tracking/advanced_tracker.py:flow_gapfill_batched,
R,PREDICTION,PREDICTION,1
L,4,1383,DETECTION,src/tracking/advanced_tracker.py:_activate_slot,1383_-14_796_184_1002
R,DETECTION,DETECTION,1
L,9,1383,PREDICTION,src/tracking/advanced_tracker.py:id_merge,
R,PREDICTION,PREDICTION,1
A,1383
S,2,1389,DETECTION,src/tracking/advanced_tracker.py:_activate_slot,1389_-11_-4_465_168
S,4,1389,PREDICTION,src/tracking/advanced_tracker.py:kalman_homography,
S,7,1389,PREDICTION,src/tracking/advanced_tracker.py:kalman_homography,
S,9,1389,PREDICTION,src/tracking/advanced_tracker.py:kalman_homography,
S,0,1389,PREDICTION,src/tracking/advanced_tracker.py:flow_gapfill_batched,
S,3,1389,PREDICTION,src/tracking/advanced_tracker.py:flow_gapfill_batched,
D,0,1389
S,2,1389,PREDICTION,src/tracking/advanced_tracker.py:id_merge,
D,7,1389
S,9,1389,PREDICTION,src/tracking/advanced_tracker.py:id_merge,
L,2,1389,PREDICTION,src/tracking/advanced_tracker.py:id_merge,
R,PREDICTION,PREDICTION,1
L,3,1389,PREDICTION,src/tracking/advanced_tracker.py:flow_gapfill_batched,
R,PREDICTION,PREDICTION,1
L,4,1389,PREDICTION,src/tracking/advanced_tracker.py:kalman_homography,
R,PREDICTION,PREDICTION,1
L,9,1389,PREDICTION,src/tracking/advanced_tracker.py:id_merge,
R,PREDICTION,PREDICTION,1
A,1389
S,2,1395,DETECTION,src/tracking/advanced_tracker.py:_activate_slot,1395_-9_3_464_169
S,7,1395,DETECTION,src/tracking/advanced_tracker.py:_activate_slot,1395_307_1105_671_1295
S,1,1395,DETECTION,src/tracking/advanced_tracker.py:_activate_slot,1395_-13_1013_425_1207
S,5,1395,DETECTION,src/tracking/advanced_tracker.py:_activate_slot,1395_289_1093_595_1295
S,4,1395,PREDICTION,src/tracking/advanced_tracker.py:kalman_homography,
S,9,1395,PREDICTION,src/tracking/advanced_tracker.py:kalman_homography,
D,4,1395
S,1,1395,PREDICTION,src/tracking/advanced_tracker.py:id_merge,
D,5,1395
S,7,1395,PREDICTION,src/tracking/advanced_tracker.py:id_merge,
L,1,1395,PREDICTION,src/tracking/advanced_tracker.py:id_merge,
R,PREDICTION,PREDICTION,1
L,2,1395,DETECTION,src/tracking/advanced_tracker.py:_activate_slot,1395_-9_3_464_169
R,DETECTION,DETECTION,1
L,7,1395,PREDICTION,src/tracking/advanced_tracker.py:id_merge,
R,PREDICTION,PREDICTION,1
L,9,1395,PREDICTION,src/tracking/advanced_tracker.py:kalman_homography,
R,PREDICTION,PREDICTION,1
A,1395
S,1,1401,DETECTION,src/tracking/advanced_tracker.py:_activate_slot,1401_-13_1011_430_1203
S,2,1401,DETECTION,src/tracking/advanced_tracker.py:_activate_slot,1401_-8_4_446_170
S,3,1401,DETECTION,src/tracking/advanced_tracker.py:_activate_slot,1401_210_634_506_784
S,5,1401,DETECTION,src/tracking/advanced_tracker.py:_activate_slot,1401_304_1101_590_1295
S,9,1401,PREDICTION,src/tracking/advanced_tracker.py:kalman_homography,
S,4,1401,PREDICTION,src/tracking/advanced_tracker.py:flow_gapfill_batched,
S,7,1401,PREDICTION,src/tracking/advanced_tracker.py:flow_gapfill_batched,
D,4,1401
S,1,1401,PREDICTION,src/tracking/advanced_tracker.py:id_merge,
D,7,1401
S,5,1401,PREDICTION,src/tracking/advanced_tracker.py:id_merge,
L,1,1401,PREDICTION,src/tracking/advanced_tracker.py:id_merge,
R,PREDICTION,PREDICTION,1
L,2,1401,DETECTION,src/tracking/advanced_tracker.py:_activate_slot,1401_-8_4_446_170
R,DETECTION,DETECTION,1
L,3,1401,DETECTION,src/tracking/advanced_tracker.py:_activate_slot,1401_210_634_506_784
R,DETECTION,DETECTION,1
L,5,1401,PREDICTION,src/tracking/advanced_tracker.py:id_merge,
R,PREDICTION,PREDICTION,1
L,9,1401,PREDICTION,src/tracking/advanced_tracker.py:kalman_homography,
R,PREDICTION,PREDICTION,1
A,1401
S,1,1407,DETECTION,src/tracking/advanced_tracker.py:_activate_slot,1407_-12_1008_431_1202
S,2,1407,PREDICTION,src/tracking/advanced_tracker.py:kalman_homography,
S,3,1407,PREDICTION,src/tracking/advanced_tracker.py:kalman_homography,
S,5,1407,PREDICTION,src/tracking/advanced_tracker.py:kalman_homography,
S,4,1407,PREDICTION,src/tracking/advanced_tracker.py:flow_gapfill_batched,
S,7,1407,PREDICTION,src/tracking/advanced_tracker.py:flow_gapfill_batched,
S,9,1407,PREDICTION,src/tracking/advanced_tracker.py:flow_gapfill_batched,
D,4,1407
S,1,1407,PREDICTION,src/tracking/advanced_tracker.py:id_merge,
D,7,1407
S,5,1407,PREDICTION,src/tracking/advanced_tracker.py:id_merge,
L,1,1407,PREDICTION,src/tracking/advanced_tracker.py:id_merge,
R,PREDICTION,SUBPIXEL,0
L,2,1407,PREDICTION,src/tracking/advanced_tracker.py:kalman_homography,
R,PREDICTION,PREDICTION,1
L,3,1407,PREDICTION,src/tracking/advanced_tracker.py:kalman_homography,
R,PREDICTION,PREDICTION,1
L,5,1407,PREDICTION,src/tracking/advanced_tracker.py:id_merge,
R,PREDICTION,PREDICTION,1
L,9,1407,PREDICTION,src/tracking/advanced_tracker.py:flow_gapfill_batched,
R,PREDICTION,PREDICTION,1
A,1407
S,1,1413,DETECTION,src/tracking/advanced_tracker.py:_activate_slot,1413_-11_1006_438_1206
S,2,1413,PREDICTION,src/tracking/advanced_tracker.py:kalman_homography,
S,3,1413,PREDICTION,src/tracking/advanced_tracker.py:kalman_homography,
S,5,1413,PREDICTION,src/tracking/advanced_tracker.py:kalman_homography,
S,4,1413,PREDICTION,src/tracking/advanced_tracker.py:flow_gapfill_batched,
D,4,1413
S,1,1413,PREDICTION,src/tracking/advanced_tracker.py:id_merge,
L,1,1413,PREDICTION,src/tracking/advanced_tracker.py:id_merge,
R,PREDICTION,PREDICTION,1
L,2,1413,PREDICTION,src/tracking/advanced_tracker.py:kalman_homography,
R,PREDICTION,PREDICTION,1
L,3,1413,PREDICTION,src/tracking/advanced_tracker.py:kalman_homography,
R,PREDICTION,PREDICTION,1
L,5,1413,PREDICTION,src/tracking/advanced_tracker.py:kalman_homography,
R,PREDICTION,PREDICTION,1
A,1413
S,1,1419,DETECTION,src/tracking/advanced_tracker.py:_activate_slot,1419_-12_1004_449_1206
S,6,1419,DETECTION,src/tracking/advanced_tracker.py:_activate_slot,1419_-13_583_205_723
S,2,1419,PREDICTION,src/tracking/advanced_tracker.py:kalman_homography,
S,3,1419,PREDICTION,src/tracking/advanced_tracker.py:kalman_homography,
S,5,1419,PREDICTION,src/tracking/advanced_tracker.py:kalman_homography,
S,4,1419,PREDICTION,src/tracking/advanced_tracker.py:flow_gapfill_batched,
D,4,1419
S,1,1419,PREDICTION,src/tracking/advanced_tracker.py:id_merge,
L,1,1419,PREDICTION,src/tracking/advanced_tracker.py:id_merge,
R,PREDICTION,PREDICTION,1
L,2,1419,PREDICTION,src/tracking/advanced_tracker.py:kalman_homography,
R,PREDICTION,PREDICTION,1
L,3,1419,PREDICTION,src/tracking/advanced_tracker.py:kalman_homography,
R,PREDICTION,PREDICTION,1
L,5,1419,PREDICTION,src/tracking/advanced_tracker.py:kalman_homography,
R,PREDICTION,PREDICTION,1
L,6,1419,DETECTION,src/tracking/advanced_tracker.py:_activate_slot,1419_-13_583_205_723
R,DETECTION,DETECTION,1
A,1419
S,1,1425,DETECTION,src/tracking/advanced_tracker.py:_activate_slot,1425_-12_1182_162_1294
S,2,1425,PREDICTION,src/tracking/advanced_tracker.py:kalman_homography,
S,3,1425,PREDICTION,src/tracking/advanced_tracker.py:kalman_homography,
S,5,1425,PREDICTION,src/tracking/advanced_tracker.py:kalman_homography,
S,6,1425,PREDICTION,src/tracking/advanced_tracker.py:kalman_homography,
S,4,1425,PREDICTION,src/tracking/advanced_tracker.py:flow_gapfill_batched,
D,4,1425
S,1,1425,PREDICTION,src/tracking/advanced_tracker.py:id_merge,
L,1,1425,PREDICTION,src/tracking/advanced_tracker.py:id_merge,
R,PREDICTION,PREDICTION,1
L,2,1425,PREDICTION,src/tracking/advanced_tracker.py:kalman_homography,
R,PREDICTION,PREDICTION,1
L,3,1425,PREDICTION,src/tracking/advanced_tracker.py:kalman_homography,
R,PREDICTION,PREDICTION,1
L,5,1425,PREDICTION,src/tracking/advanced_tracker.py:kalman_homography,
R,PREDICTION,PREDICTION,1
L,6,1425,PREDICTION,src/tracking/advanced_tracker.py:kalman_homography,
R,PREDICTION,PREDICTION,1
A,1425
S,0,1431,DETECTION,src/tracking/advanced_tracker.py:_activate_slot,1431_-12_1001_429_1203
S,8,1431,DETECTION,src/tracking/advanced_tracker.py:_activate_slot,1431_-14_569_208_704
S,1,1431,PREDICTION,src/tracking/advanced_tracker.py:kalman_homography,
S,2,1431,PREDICTION,src/tracking/advanced_tracker.py:kalman_homography,
S,3,1431,PREDICTION,src/tracking/advanced_tracker.py:kalman_homography,
S,5,1431,PREDICTION,src/tracking/advanced_tracker.py:kalman_homography,
S,6,1431,PREDICTION,src/tracking/advanced_tracker.py:kalman_homography,
S,4,1431,PREDICTION,src/tracking/advanced_tracker.py:flow_gapfill_batched,
D,1,1431
S,0,1431,PREDICTION,src/tracking/advanced_tracker.py:id_merge,
D,4,1431
S,0,1431,PREDICTION,src/tracking/advanced_tracker.py:id_merge,
D,6,1431
S,8,1431,PREDICTION,src/tracking/advanced_tracker.py:id_merge,
L,0,1431,PREDICTION,src/tracking/advanced_tracker.py:id_merge,
R,PREDICTION,PREDICTION,1
L,2,1431,PREDICTION,src/tracking/advanced_tracker.py:kalman_homography,
R,PREDICTION,PREDICTION,1
L,3,1431,PREDICTION,src/tracking/advanced_tracker.py:kalman_homography,
R,PREDICTION,PREDICTION,1
L,5,1431,PREDICTION,src/tracking/advanced_tracker.py:kalman_homography,
R,PREDICTION,PREDICTION,1
L,8,1431,PREDICTION,src/tracking/advanced_tracker.py:id_merge,
R,PREDICTION,PREDICTION,1
A,1431
S,8,1437,DETECTION,src/tracking/advanced_tracker.py:_activate_slot,1437_-14_565_209_700
S,0,1437,PREDICTION,src/tracking/advanced_tracker.py:kalman_homography,
S,2,1437,PREDICTION,src/tracking/advanced_tracker.py:kalman_homography,
S,3,1437,PREDICTION,src/tracking/advanced_tracker.py:kalman_homography,
S,5,1437,PREDICTION,src/tracking/advanced_tracker.py:kalman_homography,
S,6,1437,PREDICTION,src/tracking/advanced_tracker.py:kalman_homography,
S,1,1437,PREDICTION,src/tracking/advanced_tracker.py:flow_gapfill_batched,
D,1,1437
S,0,1437,PREDICTION,src/tracking/advanced_tracker.py:id_merge,
D,6,1437
S,8,1437,PREDICTION,src/tracking/advanced_tracker.py:id_merge,
L,0,1437,PREDICTION,src/tracking/advanced_tracker.py:id_merge,
R,PREDICTION,PREDICTION,1
L,2,1437,PREDICTION,src/tracking/advanced_tracker.py:kalman_homography,
R,PREDICTION,PREDICTION,1
L,3,1437,PREDICTION,src/tracking/advanced_tracker.py:kalman_homography,
R,PREDICTION,PREDICTION,1
L,5,1437,PREDICTION,src/tracking/advanced_tracker.py:kalman_homography,
R,PREDICTION,PREDICTION,1
L,8,1437,PREDICTION,src/tracking/advanced_tracker.py:id_merge,
R,PREDICTION,PREDICTION,1
A,1437
S,8,1443,DETECTION,src/tracking/advanced_tracker.py:_activate_slot,1443_-14_562_212_698
S,0,1443,PREDICTION,src/tracking/advanced_tracker.py:kalman_homography,
S,2,1443,PREDICTION,src/tracking/advanced_tracker.py:kalman_homography,
S,3,1443,PREDICTION,src/tracking/advanced_tracker.py:kalman_homography,
S,5,1443,PREDICTION,src/tracking/advanced_tracker.py:kalman_homography,
S,6,1443,PREDICTION,src/tracking/advanced_tracker.py:kalman_homography,
S,1,1443,PREDICTION,src/tracking/advanced_tracker.py:flow_gapfill_batched,
S,7,1443,PREDICTION,src/tracking/advanced_tracker.py:flow_gapfill_batched,
D,1,1443
S,0,1443,PREDICTION,src/tracking/advanced_tracker.py:id_merge,
D,7,1443
S,5,1443,PREDICTION,src/tracking/advanced_tracker.py:id_merge,
D,6,1443
S,8,1443,PREDICTION,src/tracking/advanced_tracker.py:id_merge,
L,0,1443,PREDICTION,src/tracking/advanced_tracker.py:id_merge,
R,PREDICTION,SUBPIXEL,0
L,2,1443,PREDICTION,src/tracking/advanced_tracker.py:kalman_homography,
R,PREDICTION,PREDICTION,1
L,3,1443,PREDICTION,src/tracking/advanced_tracker.py:kalman_homography,
R,PREDICTION,PREDICTION,1
L,5,1443,PREDICTION,src/tracking/advanced_tracker.py:id_merge,
R,PREDICTION,PREDICTION,1
L,8,1443,PREDICTION,src/tracking/advanced_tracker.py:id_merge,
R,PREDICTION,PREDICTION,1
A,1443
S,8,1449,DETECTION,src/tracking/advanced_tracker.py:_activate_slot,1449_-14_558_207_693
S,9,1449,DETECTION,src/tracking/advanced_tracker.py:_activate_slot,1449_498_219_674_338
S,0,1449,PREDICTION,src/tracking/advanced_tracker.py:kalman_homography,
S,6,1449,PREDICTION,src/tracking/advanced_tracker.py:kalman_homography,
S,1,1449,PREDICTION,src/tracking/advanced_tracker.py:flow_gapfill_batched,
S,2,1449,PREDICTION,src/tracking/advanced_tracker.py:flow_gapfill_batched,
S,3,1449,PREDICTION,src/tracking/advanced_tracker.py:flow_gapfill_batched,
S,5,1449,PREDICTION,src/tracking/advanced_tracker.py:flow_gapfill_batched,
D,1,1449
S,0,1449,PREDICTION,src/tracking/advanced_tracker.py:id_merge,
D,6,1449
S,8,1449,PREDICTION,src/tracking/advanced_tracker.py:id_merge,
L,0,1449,PREDICTION,src/tracking/advanced_tracker.py:id_merge,
R,PREDICTION,SUBPIXEL,0
L,2,1449,PREDICTION,src/tracking/advanced_tracker.py:flow_gapfill_batched,
R,PREDICTION,PREDICTION,1
L,3,1449,PREDICTION,src/tracking/advanced_tracker.py:flow_gapfill_batched,
R,PREDICTION,PREDICTION,1
L,5,1449,PREDICTION,src/tracking/advanced_tracker.py:flow_gapfill_batched,
R,PREDICTION,PREDICTION,1
L,8,1449,PREDICTION,src/tracking/advanced_tracker.py:id_merge,
R,PREDICTION,PREDICTION,1
L,9,1449,DETECTION,src/tracking/advanced_tracker.py:_activate_slot,1449_498_219_674_338
R,DETECTION,DETECTION,1
A,1449
S,3,1455,DETECTION,src/tracking/advanced_tracker.py:_activate_slot,1455_224_614_493_776
S,8,1455,DETECTION,src/tracking/advanced_tracker.py:_activate_slot,1455_-14_555_207_687
S,0,1455,PREDICTION,src/tracking/advanced_tracker.py:kalman_homography,
S,6,1455,PREDICTION,src/tracking/advanced_tracker.py:kalman_homography,
S,1,1455,PREDICTION,src/tracking/advanced_tracker.py:flow_gapfill_batched,
D,1,1455
S,0,1455,PREDICTION,src/tracking/advanced_tracker.py:id_merge,
D,6,1455
S,8,1455,PREDICTION,src/tracking/advanced_tracker.py:id_merge,
L,0,1455,PREDICTION,src/tracking/advanced_tracker.py:id_merge,
R,PREDICTION,SUBPIXEL,0
L,3,1455,DETECTION,src/tracking/advanced_tracker.py:_activate_slot,1455_224_614_493_776
R,DETECTION,DETECTION,1
L,8,1455,PREDICTION,src/tracking/advanced_tracker.py:id_merge,
R,PREDICTION,SUBPIXEL,0
A,1455
S,8,1461,DETECTION,src/tracking/advanced_tracker.py:_activate_slot,1461_-14_548_214_687
S,6,1461,DETECTION,src/tracking/advanced_tracker.py:_activate_slot,1461_-12_630_202_790
S,0,1461,PREDICTION,src/tracking/advanced_tracker.py:kalman_homography,
S,3,1461,PREDICTION,src/tracking/advanced_tracker.py:kalman_homography,
S,1,1461,PREDICTION,src/tracking/advanced_tracker.py:flow_gapfill_batched,
D,1,1461
S,0,1461,PREDICTION,src/tracking/advanced_tracker.py:id_merge,
D,6,1461
S,8,1461,PREDICTION,src/tracking/advanced_tracker.py:id_merge,
L,0,1461,PREDICTION,src/tracking/advanced_tracker.py:id_merge,
R,PREDICTION,SUBPIXEL,0
L,3,1461,PREDICTION,src/tracking/advanced_tracker.py:kalman_homography,
R,PREDICTION,PREDICTION,1
L,8,1461,PREDICTION,src/tracking/advanced_tracker.py:id_merge,
R,PREDICTION,PREDICTION,1
A,1461
S,3,1467,DETECTION,src/tracking/advanced_tracker.py:_activate_slot,1467_177_593_494_768
S,8,1467,DETECTION,src/tracking/advanced_tracker.py:_activate_slot,1467_-14_544_215_686
S,0,1467,PREDICTION,src/tracking/advanced_tracker.py:kalman_homography,
S,6,1467,PREDICTION,src/tracking/advanced_tracker.py:kalman_homography,
S,1,1467,PREDICTION,src/tracking/advanced_tracker.py:flow_gapfill_batched,
D,1,1467
S,0,1467,PREDICTION,src/tracking/advanced_tracker.py:id_merge,
D,6,1467
S,8,1467,PREDICTION,src/tracking/advanced_tracker.py:id_merge,
L,0,1467,PREDICTION,src/tracking/advanced_tracker.py:id_merge,
R,PREDICTION,SUBPIXEL,0
L,3,1467,DETECTION,src/tracking/advanced_tracker.py:_activate_slot,1467_177_593_494_768
R,DETECTION,DETECTION,1
L,8,1467,PREDICTION,src/tracking/advanced_tracker.py:id_merge,
R,PREDICTION,PREDICTION,1
A,1467
S,8,1473,DETECTION,src/tracking/advanced_tracker.py:_activate_slot,1473_-14_537_219_687
S,4,1473,DETECTION,src/tracking/advanced_tracker.py:_activate_slot,1473_-12_-15_264_99
S,0,1473,PREDICTION,src/tracking/advanced_tracker.py:kalman_homography,
S,3,1473,PREDICTION,src/tracking/advanced_tracker.py:kalman_homography,
S,6,1473,PREDICTION,src/tracking/advanced_tracker.py:kalman_homography,
S,1,1473,PREDICTION,src/tracking/advanced_tracker.py:flow_gapfill_batched,
S,9,1473,PREDICTION,src/tracking/advanced_tracker.py:flow_gapfill_batched,
D,1,1473
S,0,1473,PREDICTION,src/tracking/advanced_tracker.py:id_merge,
D,0,1473
S,4,1473,PREDICTION,src/tracking/advanced_tracker.py:id_merge,
D,6,1473
S,8,1473,PREDICTION,src/tracking/advanced_tracker.py:id_merge,
L,3,1473,PREDICTION,src/tracking/advanced_tracker.py:kalman_homography,
R,PREDICTION,PREDICTION,1
L,4,1473,PREDICTION,src/tracking/advanced_tracker.py:id_merge,
R,PREDICTION,PREDICTION,1
L,8,1473,PREDICTION,src/tracking/advanced_tracker.py:id_merge,
R,PREDICTION,PREDICTION,1
L,9,1473,PREDICTION,src/tracking/advanced_tracker.py:flow_gapfill_batched,
R,PREDICTION,SUBPIXEL,0
A,1473
S,4,1479,DETECTION,src/tracking/advanced_tracker.py:_activate_slot,1479_-13_-15_262_97
S,8,1479,DETECTION,src/tracking/advanced_tracker.py:_activate_slot,1479_-14_521_219_683
S,3,1479,PREDICTION,src/tracking/advanced_tracker.py:kalman_homography,
S,6,1479,PREDICTION,src/tracking/advanced_tracker.py:kalman_homography,
S,0,1479,PREDICTION,src/tracking/advanced_tracker.py:flow_gapfill_batched,
S,9,1479,PREDICTION,src/tracking/advanced_tracker.py:flow_gapfill_batched,
D,0,1479
S,4,1479,PREDICTION,src/tracking/advanced_tracker.py:id_merge,
D,6,1479
S,8,1479,PREDICTION,src/tracking/advanced_tracker.py:id_merge,
L,3,1479,PREDICTION,src/tracking/advanced_tracker.py:kalman_homography,
R,PREDICTION,PREDICTION,1
L,4,1479,PREDICTION,src/tracking/advanced_tracker.py:id_merge,
R,PREDICTION,PREDICTION,1
L,8,1479,PREDICTION,src/tracking/advanced_tracker.py:id_merge,
R,PREDICTION,SUBPIXEL,0
L,9,1479,PREDICTION,src/tracking/advanced_tracker.py:flow_gapfill_batched,
R,PREDICTION,PREDICTION,1
A,1479
S,4,1485,DETECTION,src/tracking/advanced_tracker.py:_activate_slot,1485_-14_-15_263_96
S,7,1485,DETECTION,src/tracking/advanced_tracker.py:_activate_slot,1485_40_917_496_1119
S,3,1485,PREDICTION,src/tracking/advanced_tracker.py:kalman_homography,
S,6,1485,PREDICTION,src/tracking/advanced_tracker.py:kalman_homography,
S,8,1485,PREDICTION,src/tracking/advanced_tracker.py:kalman_homography,
S,9,1485,PREDICTION,src/tracking/advanced_tracker.py:flow_gapfill_batched,
D,6,1485
S,8,1485,PREDICTION,src/tracking/advanced_tracker.py:id_merge,
L,3,1485,PREDICTION,src/tracking/advanced_tracker.py:kalman_homography,
R,PREDICTION,PREDICTION,1
L,4,1485,DETECTION,src/tracking/advanced_tracker.py:_activate_slot,1485_-14_-15_263_96
R,DETECTION,DETECTION,1
L,7,1485,DETECTION,src/tracking/advanced_tracker.py:_activate_slot,1485_40_917_496_1119
R,DETECTION,DETECTION,1
L,8,1485,PREDICTION,src/tracking/advanced_tracker.py:id_merge,
R,PREDICTION,PREDICTION,1
L,9,1485,PREDICTION,src/tracking/advanced_tracker.py:flow_gapfill_batched,
R,PREDICTION,PREDICTION,1
A,1485
S,4,1491,DETECTION,src/tracking/advanced_tracker.py:_activate_slot,1491_-15_-15_262_99
S,6,1491,DETECTION,src/tracking/advanced_tracker.py:_activate_slot,1491_-11_623_200_786
S,2,1491,DETECTION,src/tracking/advanced_tracker.py:_activate_slot,1491_-12_156_462_347
S,5,1491,DETECTION,src/tracking/advanced_tracker.py:_activate_slot,1491_49_913_517_1111
S,3,1491,PREDICTION,src/tracking/advanced_tracker.py:kalman_homography,
S,7,1491,PREDICTION,src/tracking/advanced_tracker.py:kalman_homography,
S,8,1491,PREDICTION,src/tracking/advanced_tracker.py:kalman_homography,
S,9,1491,PREDICTION,src/tracking/advanced_tracker.py:flow_gapfill_batched,
D,7,1491
S,5,1491,PREDICTION,src/tracking/advanced_tracker.py:id_merge,
D,8,1491
S,6,1491,PREDICTION,src/tracking/advanced_tracker.py:id_merge,
L,2,1491,DETECTION,src/tracking/advanced_tracker.py:_activate_slot,1491_-12_156_462_347
R,DETECTION,DETECTION,1
L,3,1491,PREDICTION,src/tracking/advanced_tracker.py:kalman_homography,
R,PREDICTION,PREDICTION,1
L,4,1491,DETECTION,src/tracking/advanced_tracker.py:_activate_slot,1491_-15_-15_262_99
R,DETECTION,DETECTION,1
L,5,1491,PREDICTION,src/tracking/advanced_tracker.py:id_merge,
R,PREDICTION,PREDICTION,1
L,6,1491,PREDICTION,src/tracking/advanced_tracker.py:id_merge,
R,PREDICTION,PREDICTION,1
L,9,1491,PREDICTION,src/tracking/advanced_tracker.py:flow_gapfill_batched,
R,PREDICTION,PREDICTION,1
A,1491
S,2,1497,DETECTION,src/tracking/advanced_tracker.py:_activate_slot,1497_-12_159_462_345
S,4,1497,DETECTION,src/tracking/advanced_tracker.py:_activate_slot,1497_-15_-15_261_115
S,3,1497,PREDICTION,src/tracking/advanced_tracker.py:kalman_homography,
S,5,1497,PREDICTION,src/tracking/advanced_tracker.py:kalman_homography,
S,6,1497,PREDICTION,src/tracking/advanced_tracker.py:kalman_homography,
S,7,1497,PREDICTION,src/tracking/advanced_tracker.py:kalman_homography,
S,8,1497,PREDICTION,src/tracking/advanced_tracker.py:kalman_homography,
S,9,1497,PREDICTION,src/tracking/advanced_tracker.py:flow_gapfill_batched,
D,7,1497
S,5,1497,PREDICTION,src/tracking/advanced_tracker.py:id_merge,
D,8,1497
S,6,1497,PREDICTION,src/tracking/advanced_tracker.py:id_merge,
L,2,1497,DETECTION,src/tracking/advanced_tracker.py:_activate_slot,1497_-12_159_462_345
R,DETECTION,DETECTION,1
L,3,1497,PREDICTION,src/tracking/advanced_tracker.py:kalman_homography,
R,PREDICTION,PREDICTION,1
L,4,1497,DETECTION,src/tracking/advanced_tracker.py:_activate_slot,1497_-15_-15_261_115
R,DETECTION,DETECTION,1
L,5,1497,PREDICTION,src/tracking/advanced_tracker.py:id_merge,
R,PREDICTION,PREDICTION,1
L,6,1497,PREDICTION,src/tracking/advanced_tracker.py:id_merge,
R,PREDICTION,PREDICTION,1
L,9,1497,PREDICTION,src/tracking/advanced_tracker.py:flow_gapfill_batched,
R,PREDICTION,SUBPIXEL,0
A,1497
S,2,1503,DETECTION,src/tracking/advanced_tracker.py:_activate_slot,1503_-12_164_461_344
S,4,1503,DETECTION,src/tracking/advanced_tracker.py:_activate_slot,1503_-15_-15_265_122
S,3,1503,PREDICTION,src/tracking/advanced_tracker.py:kalman_homography,
S,5,1503,PREDICTION,src/tracking/advanced_tracker.py:kalman_homography,
S,6,1503,PREDICTION,src/tracking/advanced_tracker.py:kalman_homography,
S,7,1503,PREDICTION,src/tracking/advanced_tracker.py:kalman_homography,
S,8,1503,PREDICTION,src/tracking/advanced_tracker.py:kalman_homography,
D,7,1503
S,5,1503,PREDICTION,src/tracking/advanced_tracker.py:id_merge,
D,8,1503
S,6,1503,PREDICTION,src/tracking/advanced_tracker.py:id_merge,
L,2,1503,DETECTION,src/tracking/advanced_tracker.py:_activate_slot,1503_-12_164_461_344
R,DETECTION,DETECTION,1
L,3,1503,PREDICTION,src/tracking/advanced_tracker.py:kalman_homography,
R,PREDICTION,PREDICTION,1
L,4,1503,DETECTION,src/tracking/advanced_tracker.py:_activate_slot,1503_-15_-15_265_122
R,DETECTION,DETECTION,1
L,5,1503,PREDICTION,src/tracking/advanced_tracker.py:id_merge,
R,PREDICTION,SUBPIXEL,0
L,6,1503,PREDICTION,src/tracking/advanced_tracker.py:id_merge,
R,PREDICTION,SUBPIXEL,0
A,1503
S,2,1509,DETECTION,src/tracking/advanced_tracker.py:_activate_slot,1509_-12_176_462_349
S,4,1509,DETECTION,src/tracking/advanced_tracker.py:_activate_slot,1509_-15_-15_275_123
S,3,1509,PREDICTION,src/tracking/advanced_tracker.py:kalman_homography,
S,5,1509,PREDICTION,src/tracking/advanced_tracker.py:kalman_homography,
S,6,1509,PREDICTION,src/tracking/advanced_tracker.py:kalman_homography,
S,7,1509,PREDICTION,src/tracking/advanced_tracker.py:kalman_homography,
S,8,1509,PREDICTION,src/tracking/advanced_tracker.py:kalman_homography,
D,7,1509
S,5,1509,PREDICTION,src/tracking/advanced_tracker.py:id_merge,
D,8,1509
S,6,1509,PREDICTION,src/tracking/advanced_tracker.py:id_merge,
L,2,1509,DETECTION,src/tracking/advanced_tracker.py:_activate_slot,1509_-12_176_462_349
R,DETECTION,DETECTION,1
L,3,1509,PREDICTION,src/tracking/advanced_tracker.py:kalman_homography,
R,PREDICTION,PREDICTION,1
L,4,1509,DETECTION,src/tracking/advanced_tracker.py:_activate_slot,1509_-15_-15_275_123
R,DETECTION,DETECTION,1
L,5,1509,PREDICTION,src/tracking/advanced_tracker.py:id_merge,
R,PREDICTION,SUBPIXEL,0
L,6,1509,PREDICTION,src/tracking/advanced_tracker.py:id_merge,
R,PREDICTION,SUBPIXEL,0
A,1509
S,6,1515,DETECTION,src/tracking/advanced_tracker.py:_activate_slot,1515_-15_-15_270_128
S,8,1515,DETECTION,src/tracking/advanced_tracker.py:_activate_slot,1515_-15_494_225_644
S,1,1515,DETECTION,src/tracking/advanced_tracker.py:_activate_slot,1515_-12_193_459_360
S,2,1515,PREDICTION,src/tracking/advanced_tracker.py:kalman_homography,
S,4,1515,PREDICTION,src/tracking/advanced_tracker.py:kalman_homography,
S,5,1515,PREDICTION,src/tracking/advanced_tracker.py:kalman_homography,
S,7,1515,PREDICTION,src/tracking/advanced_tracker.py:kalman_homography,
S,3,1515,PREDICTION,src/tracking/advanced_tracker.py:flow_gapfill_batched,
D,2,1515
S,1,1515,PREDICTION,src/tracking/advanced_tracker.py:id_merge,
D,7,1515
S,5,1515,PREDICTION,src/tracking/advanced_tracker.py:id_merge,
D,6,1515
S,8,1515,PREDICTION,src/tracking/advanced_tracker.py:id_merge,
L,1,1515,PREDICTION,src/tracking/advanced_tracker.py:id_merge,
R,PREDICTION,PREDICTION,1
L,3,1515,PREDICTION,src/tracking/advanced_tracker.py:flow_gapfill_batched,
R,PREDICTION,PREDICTION,1
L,4,1515,PREDICTION,src/tracking/advanced_tracker.py:kalman_homography,
R,PREDICTION,PREDICTION,1
L,5,1515,PREDICTION,src/tracking/advanced_tracker.py:id_merge,
R,PREDICTION,SUBPIXEL,0
L,8,1515,PREDICTION,src/tracking/advanced_tracker.py:id_merge,
R,PREDICTION,PREDICTION,1
A,1515
S,6,1521,DETECTION,src/tracking/advanced_tracker.py:_activate_slot,1521_262_1049_591_1295
S,8,1521,DETECTION,src/tracking/advanced_tracker.py:_activate_slot,1521_-15_500_224_644
S,0,1521,DETECTION,src/tracking/advanced_tracker.py:_activate_slot,1521_280_-15_671_131
S,1,1521,PREDICTION,src/tracking/advanced_tracker.py:kalman_homography,
S,2,1521,PREDICTION,src/tracking/advanced_tracker.py:kalman_homography,
S,4,1521,PREDICTION,src/tracking/advanced_tracker.py:kalman_homography,
S,5,1521,PREDICTION,src/tracking/advanced_tracker.py:kalman_homography,
S,7,1521,PREDICTION,src/tracking/advanced_tracker.py:kalman_homography,
D,4,1521
S,0,1521,PREDICTION,src/tracking/advanced_tracker.py:id_merge,
D,2,1521
S,1,1521,PREDICTION,src/tracking/advanced_tracker.py:id_merge,
D,5,1521
S,6,1521,PREDICTION,src/tracking/advanced_tracker.py:id_merge,
D,7,1521
S,6,1521,PREDICTION,src/tracking/advanced_tracker.py:id_merge,
L,0,1521,PREDICTION,src/tracking/advanced_tracker.py:id_merge,
R,PREDICTION,PREDICTION,1
L,1,1521,PREDICTION,src/tracking/advanced_tracker.py:id_merge,
R,PREDICTION,PREDICTION,1
L,6,1521,PREDICTION,src/tracking/advanced_tracker.py:id_merge,
R,PREDICTION,PREDICTION,1
L,8,1521,DETECTION,src/tracking/advanced_tracker.py:_activate_slot,1521_-15_500_224_644
R,DETECTION,SUBPIXEL,0
A,1521
S,3,1527,DETECTION,src/tracking/advanced_tracker.py:_activate_slot,1527_160_498_362_678
S,5,1527,DETECTION,src/tracking/advanced_tracker.py:_activate_slot,1527_282_-15_670_127
S,1,1527,PREDICTION,src/tracking/advanced_tracker.py:kalman_homography,
S,2,1527,PREDICTION,src/tracking/advanced_tracker.py:kalman_homography,
S,4,1527,PREDICTION,src/tracking/advanced_tracker.py:kalman_homography,
S,6,1527,PREDICTION,src/tracking/advanced_tracker.py:kalman_homography,
S,7,1527,PREDICTION,src/tracking/advanced_tracker.py:kalman_homography,
S,8,1527,PREDICTION,src/tracking/advanced_tracker.py:kalman_homography,
S,0,1527,PREDICTION,src/tracking/advanced_tracker.py:flow_gapfill_batched,
D,4,1527
S,0,1527,PREDICTION,src/tracking/advanced_tracker.py:id_merge,
D,2,1527
S,1,1527,PREDICTION,src/tracking/advanced_tracker.py:id_merge,
D,7,1527
S,6,1527,PREDICTION,src/tracking/advanced_tracker.py:id_merge,
L,0,1527,PREDICTION,src/tracking/advanced_tracker.py:id_merge,
R,PREDICTION,PREDICTION,1
L,1,1527,PREDICTION,src/tracking/advanced_tracker.py:id_merge,
R,PREDICTION,SUBPIXEL,0
L,3,1527,DETECTION,src/tracking/advanced_tracker.py:_activate_slot,1527_160_498_362_678
R,DETECTION,DETECTION,1
L,5,1527,DETECTION,src/tracking/advanced_tracker.py:_activate_slot,1527_282_-15_670_127
R,DETECTION,DETECTION,1
L,6,1527,PREDICTION,src/tracking/advanced_tracker.py:id_merge,
R,PREDICTION,PREDICTION,1
L,8,1527,PREDICTION,src/tracking/advanced_tracker.py:kalman_homography,
R,PREDICTION,PREDICTION,1
A,1527
S,3,1533,DETECTION,src/tracking/advanced_tracker.py:_activate_slot,1533_160_503_365_729
S,5,1533,DETECTION,src/tracking/advanced_tracker.py:_activate_slot,1533_-14_493_222_646
S,1,1533,PREDICTION,src/tracking/advanced_tracker.py:kalman_homography,
S,2,1533,PREDICTION,src/tracking/advanced_tracker.py:kalman_homography,
S,4,1533,PREDICTION,src/tracking/advanced_tracker.py:kalman_homography,
S,8,1533,PREDICTION,src/tracking/advanced_tracker.py:kalman_homography,
S,0,1533,PREDICTION,src/tracking/advanced_tracker.py:flow_gapfill_batched,
S,6,1533,PREDICTION,src/tracking/advanced_tracker.py:flow_gapfill_batched,
S,7,1533,PREDICTION,src/tracking/advanced_tracker.py:flow_gapfill_batched,
D,4,1533
S,0,1533,PREDICTION,src/tracking/advanced_tracker.py:id_merge,
D,2,1533
S,1,1533,PREDICTION,src/tracking/advanced_tracker.py:id_merge,
D,8,1533
S,5,1533,PREDICTION,src/tracking/advanced_tracker.py:id_merge,
D,7,1533
S,6,1533,PREDICTION,src/tracking/advanced_tracker.py:id_merge,
L,0,1533,PREDICTION,src/tracking/advanced_tracker.py:id_merge,
R,PREDICTION,PREDICTION,1
L,1,1533,PREDICTION,src/tracking/advanced_tracker.py:id_merge,
R,PREDICTION,SUBPIXEL,0
L,3,1533,DETECTION,src/tracking/advanced_tracker.py:_activate_slot,1533_160_503_365_729
R,DETECTION,DETECTION,1
L,5,1533,PREDICTION,src/tracking/advanced_tracker.py:id_merge,
R,PREDICTION,PREDICTION,1
L,6,1533,PREDICTION,src/tracking/advanced_tracker.py:id_merge,
R,PREDICTION,PREDICTION,1
A,1533
S,3,1539,DETECTION,src/tracking/advanced_tracker.py:_activate_slot,1539_163_504_363_684
S,5,1539,DETECTION,src/tracking/advanced_tracker.py:_activate_slot,1539_263_1054_583_1294
S,9,1539,DETECTION,src/tracking/advanced_tracker.py:_activate_slot,1539_83_826_527_1026
S,1,1539,PREDICTION,src/tracking/advanced_tracker.py:kalman_homography,
S,2,1539,PREDICTION,src/tracking/advanced_tracker.py:kalman_homography,
S,4,1539,PREDICTION,src/tracking/advanced_tracker.py:kalman_homography,
S,8,1539,PREDICTION,src/tracking/advanced_tracker.py:kalman_homography,
S,0,1539,PREDICTION,src/tracking/advanced_tracker.py:flow_gapfill_batched,
S,6,1539,PREDICTION,src/tracking/advanced_tracker.py:flow_gapfill_batched,
D,4,1539
S,0,1539,PREDICTION,src/tracking/advanced_tracker.py:id_merge,
D,2,1539
S,1,1539,PREDICTION,src/tracking/advanced_tracker.py:id_merge,
D,6,1539
S,5,1539,PREDICTION,src/tracking/advanced_tracker.py:id_merge,
D,5,1539
S,9,1539,PREDICTION,src/tracking/advanced_tracker.py:id_merge,
L,0,1539,PREDICTION,src/tracking/advanced_tracker.py:id_merge,
R,PREDICTION,SUBPIXEL,0
L,1,1539,PREDICTION,src/tracking/advanced_tracker.py:id_merge,
R,PREDICTION,SUBPIXEL,0
L,3,1539,DETECTION,src/tracking/advanced_tracker.py:_activate_slot,1539_163_504_363_684
R,DETECTION,DETECTION,1
L,8,1539,PREDICTION,src/tracking/advanced_tracker.py:kalman_homography,
R,PREDICTION,PREDICTION,1
L,9,1539,PREDICTION,src/tracking/advanced_tracker.py:id_merge,
R,CLAMP,CLAMP,0
A,1539
S,1,1545,PREDICTION,src/tracking/advanced_tracker.py:flow_gapfill_render,
S,2,1545,PREDICTION,src/tracking/advanced_tracker.py:flow_gapfill_render,
S,3,1545,PREDICTION,src/tracking/advanced_tracker.py:flow_gapfill_render,
S,4,1545,PREDICTION,src/tracking/advanced_tracker.py:flow_gapfill_render,
S,5,1545,PREDICTION,src/tracking/advanced_tracker.py:flow_gapfill_render,
S,6,1545,PREDICTION,src/tracking/advanced_tracker.py:flow_gapfill_render,
S,8,1545,PREDICTION,src/tracking/advanced_tracker.py:flow_gapfill_render,
S,9,1545,PREDICTION,src/tracking/advanced_tracker.py:flow_gapfill_render,
L,1,1545,PREDICTION,src/tracking/advanced_tracker.py:flow_gapfill_render,
R,PREDICTION,PREDICTION,1
L,2,1545,PREDICTION,src/tracking/advanced_tracker.py:flow_gapfill_render,
R,PREDICTION,PREDICTION,1
L,3,1545,PREDICTION,src/tracking/advanced_tracker.py:flow_gapfill_render,
R,PREDICTION,PREDICTION,1
L,4,1545,PREDICTION,src/tracking/advanced_tracker.py:flow_gapfill_render,
R,PREDICTION,PREDICTION,1
L,5,1545,PREDICTION,src/tracking/advanced_tracker.py:flow_gapfill_render,
R,PREDICTION,PREDICTION,1
L,6,1545,PREDICTION,src/tracking/advanced_tracker.py:flow_gapfill_render,
R,PREDICTION,PREDICTION,1
L,8,1545,PREDICTION,src/tracking/advanced_tracker.py:flow_gapfill_render,
R,PREDICTION,PREDICTION,1
L,9,1545,PREDICTION,src/tracking/advanced_tracker.py:flow_gapfill_render,
R,CLAMP,CLAMP,0
A,1545
S,1,1551,PREDICTION,src/tracking/advanced_tracker.py:kalman_homography,
S,2,1551,PREDICTION,src/tracking/advanced_tracker.py:kalman_homography,
S,3,1551,PREDICTION,src/tracking/advanced_tracker.py:kalman_homography,
S,4,1551,PREDICTION,src/tracking/advanced_tracker.py:kalman_homography,
S,8,1551,PREDICTION,src/tracking/advanced_tracker.py:kalman_homography,
S,9,1551,PREDICTION,src/tracking/advanced_tracker.py:kalman_homography,
D,2,1551
S,1,1551,PREDICTION,src/tracking/advanced_tracker.py:id_merge,
L,1,1551,PREDICTION,src/tracking/advanced_tracker.py:id_merge,
R,PREDICTION,PREDICTION,1
L,3,1551,PREDICTION,src/tracking/advanced_tracker.py:kalman_homography,
R,PREDICTION,PREDICTION,1
L,4,1551,PREDICTION,src/tracking/advanced_tracker.py:kalman_homography,
R,PREDICTION,PREDICTION,1
L,8,1551,PREDICTION,src/tracking/advanced_tracker.py:kalman_homography,
R,PREDICTION,PREDICTION,1
L,9,1551,PREDICTION,src/tracking/advanced_tracker.py:kalman_homography,
R,CLAMP,CLAMP,0
A,1551
S,1,1557,PREDICTION,src/tracking/advanced_tracker.py:kalman_homography,
S,3,1557,PREDICTION,src/tracking/advanced_tracker.py:kalman_homography,
S,8,1557,PREDICTION,src/tracking/advanced_tracker.py:kalman_homography,
S,9,1557,PREDICTION,src/tracking/advanced_tracker.py:kalman_homography,
L,1,1557,PREDICTION,src/tracking/advanced_tracker.py:kalman_homography,
R,PREDICTION,SUBPIXEL,0
L,3,1557,PREDICTION,src/tracking/advanced_tracker.py:kalman_homography,
R,PREDICTION,PREDICTION,1
L,8,1557,PREDICTION,src/tracking/advanced_tracker.py:kalman_homography,
R,PREDICTION,SUBPIXEL,0
L,9,1557,PREDICTION,src/tracking/advanced_tracker.py:kalman_homography,
R,CLAMP,CLAMP,0
A,1557
S,3,1563,PREDICTION,src/tracking/advanced_tracker.py:kalman_homography,
S,8,1563,PREDICTION,src/tracking/advanced_tracker.py:kalman_homography,
S,9,1563,PREDICTION,src/tracking/advanced_tracker.py:kalman_homography,
S,0,1563,PREDICTION,src/tracking/advanced_tracker.py:flow_gapfill_batched,
S,1,1563,PREDICTION,src/tracking/advanced_tracker.py:flow_gapfill_batched,
S,5,1563,PREDICTION,src/tracking/advanced_tracker.py:flow_gapfill_batched,
S,6,1563,PREDICTION,src/tracking/advanced_tracker.py:flow_gapfill_batched,
D,6,1563
S,5,1563,PREDICTION,src/tracking/advanced_tracker.py:id_merge,
D,5,1563
S,9,1563,PREDICTION,src/tracking/advanced_tracker.py:id_merge,
L,0,1563,PREDICTION,src/tracking/advanced_tracker.py:flow_gapfill_batched,
R,PREDICTION,PREDICTION,1
L,1,1563,PREDICTION,src/tracking/advanced_tracker.py:flow_gapfill_batched,
R,PREDICTION,PREDICTION,1
L,3,1563,PREDICTION,src/tracking/advanced_tracker.py:kalman_homography,
R,PREDICTION,PREDICTION,1
L,8,1563,PREDICTION,src/tracking/advanced_tracker.py:kalman_homography,
R,PREDICTION,SUBPIXEL,0
L,9,1563,PREDICTION,src/tracking/advanced_tracker.py:id_merge,
R,CLAMP,CLAMP,0
A,1563
S,0,1569,DETECTION,src/tracking/advanced_tracker.py:_activate_slot,1569_442_-6_655_90
S,3,1569,PREDICTION,src/tracking/advanced_tracker.py:kalman_homography,
S,9,1569,PREDICTION,src/tracking/advanced_tracker.py:kalman_homography,
S,5,1569,PREDICTION,src/tracking/advanced_tracker.py:flow_gapfill_batched,
S,6,1569,PREDICTION,src/tracking/advanced_tracker.py:flow_gapfill_batched,
S,8,1569,PREDICTION,src/tracking/advanced_tracker.py:flow_gapfill_batched,
D,6,1569
S,5,1569,PREDICTION,src/tracking/advanced_tracker.py:id_merge,
D,5,1569
S,9,1569,PREDICTION,src/tracking/advanced_tracker.py:id_merge,
L,0,1569,DETECTION,src/tracking/advanced_tracker.py:_activate_slot,1569_442_-6_655_90
R,DETECTION,DETECTION,1
L,3,1569,PREDICTION,src/tracking/advanced_tracker.py:kalman_homography,
R,PREDICTION,SUBPIXEL,0
L,8,1569,PREDICTION,src/tracking/advanced_tracker.py:flow_gapfill_batched,
R,PREDICTION,PREDICTION,1
L,9,1569,PREDICTION,src/tracking/advanced_tracker.py:id_merge,
R,CLAMP,CLAMP,0
A,1569
S,7,1575,DETECTION,src/tracking/advanced_tracker.py:_activate_slot,1575_445_-14_670_91
S,3,1575,PREDICTION,src/tracking/advanced_tracker.py:kalman_homography,
S,9,1575,PREDICTION,src/tracking/advanced_tracker.py:kalman_homography,
S,0,1575,PREDICTION,src/tracking/advanced_tracker.py:flow_gapfill_batched,
S,5,1575,PREDICTION,src/tracking/advanced_tracker.py:flow_gapfill_batched,
D,5,1575
S,9,1575,PREDICTION,src/tracking/advanced_tracker.py:id_merge,
L,0,1575,PREDICTION,src/tracking/advanced_tracker.py:flow_gapfill_batched,
R,PREDICTION,PREDICTION,1
L,3,1575,PREDICTION,src/tracking/advanced_tracker.py:kalman_homography,
R,PREDICTION,PREDICTION,1
L,7,1575,DETECTION,src/tracking/advanced_tracker.py:_activate_slot,1575_445_-14_670_91
R,DETECTION,DETECTION,1
L,9,1575,PREDICTION,src/tracking/advanced_tracker.py:id_merge,
R,CLAMP,CLAMP,0
A,1575
S,7,1581,DETECTION,src/tracking/advanced_tracker.py:_activate_slot,1581_258_617_444_721
S,3,1581,PREDICTION,src/tracking/advanced_tracker.py:kalman_homography,
S,9,1581,PREDICTION,src/tracking/advanced_tracker.py:kalman_homography,
S,0,1581,PREDICTION,src/tracking/advanced_tracker.py:flow_gapfill_batched,
S,5,1581,PREDICTION,src/tracking/advanced_tracker.py:flow_gapfill_batched,
D,5,1581
S,7,1581,PREDICTION,src/tracking/advanced_tracker.py:id_merge,
D,9,1581
S,7,1581,PREDICTION,src/tracking/advanced_tracker.py:id_merge,
L,0,1581,PREDICTION,src/tracking/advanced_tracker.py:flow_gapfill_batched,
R,PREDICTION,PREDICTION,1
L,3,1581,PREDICTION,src/tracking/advanced_tracker.py:kalman_homography,
R,PREDICTION,PREDICTION,1
L,7,1581,PREDICTION,src/tracking/advanced_tracker.py:id_merge,
R,CLAMP,CLAMP,0
A,1581
S,7,1587,PREDICTION,src/tracking/advanced_tracker.py:kalman_homography,
S,0,1587,PREDICTION,src/tracking/advanced_tracker.py:flow_gapfill_batched,
S,3,1587,PREDICTION,src/tracking/advanced_tracker.py:flow_gapfill_batched,
S,5,1587,PREDICTION,src/tracking/advanced_tracker.py:flow_gapfill_batched,
S,9,1587,PREDICTION,src/tracking/advanced_tracker.py:flow_gapfill_batched,
D,5,1587
S,7,1587,PREDICTION,src/tracking/advanced_tracker.py:id_merge,
D,9,1587
S,7,1587,PREDICTION,src/tracking/advanced_tracker.py:id_merge,
L,0,1587,PREDICTION,src/tracking/advanced_tracker.py:flow_gapfill_batched,
R,PREDICTION,PREDICTION,1
L,3,1587,PREDICTION,src/tracking/advanced_tracker.py:flow_gapfill_batched,
R,PREDICTION,PREDICTION,1
L,7,1587,PREDICTION,src/tracking/advanced_tracker.py:id_merge,
R,PREDICTION,PREDICTION,1
A,1587
S,7,1593,PREDICTION,src/tracking/advanced_tracker.py:kalman_homography,
L,7,1593,PREDICTION,src/tracking/advanced_tracker.py:kalman_homography,
R,PREDICTION,PREDICTION,1
A,1593
S,0,1599,DETECTION,src/tracking/advanced_tracker.py:_activate_slot,1599_442_-15_645_79
S,2,1599,DETECTION,src/tracking/advanced_tracker.py:_activate_slot,1599_239_840_413_968
S,4,1599,DETECTION,src/tracking/advanced_tracker.py:_activate_slot,1599_284_780_460_891
S,7,1599,PREDICTION,src/tracking/advanced_tracker.py:flow_gapfill_batched,
D,2,1599
S,4,1599,PREDICTION,src/tracking/advanced_tracker.py:id_merge,
L,0,1599,DETECTION,src/tracking/advanced_tracker.py:_activate_slot,1599_442_-15_645_79
R,DETECTION,DETECTION,1
L,4,1599,PREDICTION,src/tracking/advanced_tracker.py:id_merge,
R,PREDICTION,PREDICTION,1
L,7,1599,PREDICTION,src/tracking/advanced_tracker.py:flow_gapfill_batched,
R,PREDICTION,PREDICTION,1
A,1599
S,4,1605,DETECTION,src/tracking/advanced_tracker.py:_activate_slot,1605_280_782_465_886
S,5,1605,DETECTION,src/tracking/advanced_tracker.py:_activate_slot,1605_442_-15_634_78
S,0,1605,PREDICTION,src/tracking/advanced_tracker.py:kalman_homography,
S,2,1605,PREDICTION,src/tracking/advanced_tracker.py:kalman_homography,
S,7,1605,PREDICTION,src/tracking/advanced_tracker.py:flow_gapfill_batched,
D,2,1605
S,4,1605,PREDICTION,src/tracking/advanced_tracker.py:id_merge,
L,0,1605,PREDICTION,src/tracking/advanced_tracker.py:kalman_homography,
R,PREDICTION,PREDICTION,1
L,4,1605,PREDICTION,src/tracking/advanced_tracker.py:id_merge,
R,PREDICTION,PREDICTION,1
L,5,1605,DETECTION,src/tracking/advanced_tracker.py:_activate_slot,1605_442_-15_634_78
R,DETECTION,DETECTION,1
L,7,1605,PREDICTION,src/tracking/advanced_tracker.py:flow_gapfill_batched,
R,PREDICTION,PREDICTION,1
A,1605
S,4,1611,DETECTION,src/tracking/advanced_tracker.py:_activate_slot,1611_442_-15_643_78
S,5,1611,DETECTION,src/tracking/advanced_tracker.py:_activate_slot,1611_148_73_295_195
S,6,1611,DETECTION,src/tracking/advanced_tracker.py:_activate_slot,1611_256_626_429_728
S,8,1611,DETECTION,src/tracking/advanced_tracker.py:_activate_slot,1611_237_841_412_949
S,0,1611,PREDICTION,src/tracking/advanced_tracker.py:kalman_homography,
S,2,1611,PREDICTION,src/tracking/advanced_tracker.py:kalman_homography,
S,7,1611,PREDICTION,src/tracking/advanced_tracker.py:flow_gapfill_batched,
D,0,1611
S,4,1611,PREDICTION,src/tracking/advanced_tracker.py:id_merge,
D,7,1611
S,6,1611,PREDICTION,src/tracking/advanced_tracker.py:id_merge,
D,6,1611
S,8,1611,PREDICTION,src/tracking/advanced_tracker.py:id_merge,
L,2,1611,PREDICTION,src/tracking/advanced_tracker.py:kalman_homography,
R,CLAMP,CLAMP,1
L,4,1611,PREDICTION,src/tracking/advanced_tracker.py:id_merge,
R,PREDICTION,PREDICTION,1
L,5,1611,DETECTION,src/tracking/advanced_tracker.py:_activate_slot,1611_148_73_295_195
R,DETECTION,DETECTION,1
L,8,1611,PREDICTION,src/tracking/advanced_tracker.py:id_merge,
R,PREDICTION,PREDICTION,1
A,1611
S,1,1617,DETECTION,src/tracking/advanced_tracker.py:_activate_slot,1617_442_-15_652_81
S,4,1617,DETECTION,src/tracking/advanced_tracker.py:_activate_slot,1617_237_838_414_956
S,6,1617,DETECTION,src/tracking/advanced_tracker.py:_activate_slot,1617_256_630_430_728
S,0,1617,PREDICTION,src/tracking/advanced_tracker.py:kalman_homography,
S,2,1617,PREDICTION,src/tracking/advanced_tracker.py:kalman_homography,
S,8,1617,PREDICTION,src/tracking/advanced_tracker.py:kalman_homography,
S,5,1617,PREDICTION,src/tracking/advanced_tracker.py:flow_gapfill_batched,
S,7,1617,PREDICTION,src/tracking/advanced_tracker.py:flow_gapfill_batched,
D,0,1617
S,1,1617,PREDICTION,src/tracking/advanced_tracker.py:id_merge,
D,2,1617
S,4,1617,PREDICTION,src/tracking/advanced_tracker.py:id_merge,
D,7,1617
S,6,1617,PREDICTION,src/tracking/advanced_tracker.py:id_merge,
D,8,1617
S,6,1617,PREDICTION,src/tracking/advanced_tracker.py:id_merge,
L,1,1617,PREDICTION,src/tracking/advanced_tracker.py:id_merge,
R,PREDICTION,PREDICTION,1
L,4,1617,PREDICTION,src/tracking/advanced_tracker.py:id_merge,
R,PREDICTION,PREDICTION,1
L,5,1617,PREDICTION,src/tracking/advanced_tracker.py:flow_gapfill_batched,
R,PREDICTION,PREDICTION,1
L,6,1617,PREDICTION,src/tracking/advanced_tracker.py:id_merge,
R,PREDICTION,PREDICTION,1
A,1617
S,4,1623,DETECTION,src/tracking/advanced_tracker.py:_activate_slot,1623_237_842_417_946
S,6,1623,DETECTION,src/tracking/advanced_tracker.py:_activate_slot,1623_257_628_435_725
S,0,1623,PREDICTION,src/tracking/advanced_tracker.py:kalman_homography,
S,1,1623,PREDICTION,src/tracking/advanced_tracker.py:kalman_homography,
S,2,1623,PREDICTION,src/tracking/advanced_tracker.py:kalman_homography,
S,8,1623,PREDICTION,src/tracking/advanced_tracker.py:kalman_homography,
S,5,1623,PREDICTION,src/tracking/advanced_tracker.py:flow_gapfill_batched,
S,7,1623,PREDICTION,src/tracking/advanced_tracker.py:flow_gapfill_batched,
D,0,1623
S,1,1623,PREDICTION,src/tracking/advanced_tracker.py:id_merge,
D,2,1623
S,4,1623,PREDICTION,src/tracking/advanced_tracker.py:id_merge,
D,7,1623
S,6,1623,PREDICTION,src/tracking/advanced_tracker.py:id_merge,
D,8,1623
S,6,1623,PREDICTION,src/tracking/advanced_tracker.py:id_merge,
L,1,1623,PREDICTION,src/tracking/advanced_tracker.py:id_merge,
R,PREDICTION,PREDICTION,1
L,4,1623,PREDICTION,src/tracking/advanced_tracker.py:id_merge,
R,PREDICTION,PREDICTION,1
L,5,1623,PREDICTION,src/tracking/advanced_tracker.py:flow_gapfill_batched,
R,PREDICTION,PREDICTION,1
L,6,1623,PREDICTION,src/tracking/advanced_tracker.py:id_merge,
R,PREDICTION,PREDICTION,1
A,1623
S,4,1629,DETECTION,src/tracking/advanced_tracker.py:_activate_slot,1629_234_846_413_944
S,6,1629,DETECTION,src/tracking/advanced_tracker.py:_activate_slot,1629_256_634_437_725
S,3,1629,DETECTION,src/tracking/advanced_tracker.py:_activate_slot,1629_434_-10_614_93
S,9,1629,DETECTION,src/tracking/advanced_tracker.py:_activate_slot,1629_181_219_324_355
S,0,1629,PREDICTION,src/tracking/advanced_tracker.py:kalman_homography,
S,1,1629,PREDICTION,src/tracking/advanced_tracker.py:kalman_homography,
S,2,1629,PREDICTION,src/tracking/advanced_tracker.py:kalman_homography,
S,8,1629,PREDICTION,src/tracking/advanced_tracker.py:kalman_homography,
S,5,1629,PREDICTION,src/tracking/advanced_tracker.py:flow_gapfill_batched,
S,7,1629,PREDICTION,src/tracking/advanced_tracker.py:flow_gapfill_batched,
D,0,1629
S,1,1629,PREDICTION,src/tracking/advanced_tracker.py:id_merge,
D,1,1629
S,3,1629,PREDICTION,src/tracking/advanced_tracker.py:id_merge,
D,2,1629
S,4,1629,PREDICTION,src/tracking/advanced_tracker.py:id_merge,
D,7,1629
S,6,1629,PREDICTION,src/tracking/advanced_tracker.py:id_merge,
D,8,1629
S,6,1629,PREDICTION,src/tracking/advanced_tracker.py:id_merge,
L,3,1629,PREDICTION,src/tracking/advanced_tracker.py:id_merge,
R,PREDICTION,PREDICTION,1
L,4,1629,PREDICTION,src/tracking/advanced_tracker.py:id_merge,
R,PREDICTION,PREDICTION,1
L,5,1629,PREDICTION,src/tracking/advanced_tracker.py:flow_gapfill_batched,
R,PREDICTION,PREDICTION,1
L,6,1629,PREDICTION,src/tracking/advanced_tracker.py:id_merge,
R,PREDICTION,PREDICTION,1
L,9,1629,DETECTION,src/tracking/advanced_tracker.py:_activate_slot,1629_181_219_324_355
R,CLAMP,CLAMP,0
A,1629
S,3,1635,DETECTION,src/tracking/advanced_tracker.py:_activate_slot,1635_428_-11_614_99
S,4,1635,DETECTION,src/tracking/advanced_tracker.py:_activate_slot,1635_236_841_414_949
S,2,1635,DETECTION,src/tracking/advanced_tracker.py:_activate_slot,1635_236_774_428_949
S,6,1635,DETECTION,src/tracking/advanced_tracker.py:_activate_slot,1635_256_643_430_727
S,9,1635,DETECTION,src/tracking/advanced_tracker.py:_activate_slot,1635_185_276_328_361
S,0,1635,PREDICTION,src/tracking/advanced_tracker.py:kalman_homography,
S,1,1635,PREDICTION,src/tracking/advanced_tracker.py:kalman_homography,
S,8,1635,PREDICTION,src/tracking/advanced_tracker.py:kalman_homography,
S,5,1635,PREDICTION,src/tracking/advanced_tracker.py:flow_gapfill_batched,
D,0,1635
S,1,1635,PREDICTION,src/tracking/advanced_tracker.py:id_merge,
D,1,1635
S,3,1635,PREDICTION,src/tracking/advanced_tracker.py:id_merge,
D,2,1635
S,4,1635,PREDICTION,src/tracking/advanced_tracker.py:id_merge,
D,8,1635
S,6,1635,PREDICTION,src/tracking/advanced_tracker.py:id_merge,
L,3,1635,PREDICTION,src/tracking/advanced_tracker.py:id_merge,
R,PREDICTION,PREDICTION,1
L,4,1635,PREDICTION,src/tracking/advanced_tracker.py:id_merge,
R,PREDICTION,PREDICTION,1
L,5,1635,PREDICTION,src/tracking/advanced_tracker.py:flow_gapfill_batched,
R,PREDICTION,PREDICTION,1
L,6,1635,PREDICTION,src/tracking/advanced_tracker.py:id_merge,
R,PREDICTION,PREDICTION,1
L,9,1635,DETECTION,src/tracking/advanced_tracker.py:_activate_slot,1635_185_276_328_361
R,CLAMP,CLAMP,0
A,1635
S,3,1641,DETECTION,src/tracking/advanced_tracker.py:_activate_slot,1641_421_-15_639_107
S,4,1641,DETECTION,src/tracking/advanced_tracker.py:_activate_slot,1641_234_845_407_947
S,2,1641,DETECTION,src/tracking/advanced_tracker.py:_activate_slot,1641_233_780_426_945
S,6,1641,DETECTION,src/tracking/advanced_tracker.py:_activate_slot,1641_251_647_438_731
S,0,1641,PREDICTION,src/tracking/advanced_tracker.py:kalman_homography,
S,1,1641,PREDICTION,src/tracking/advanced_tracker.py:kalman_homography,
S,8,1641,PREDICTION,src/tracking/advanced_tracker.py:kalman_homography,
S,9,1641,PREDICTION,src/tracking/advanced_tracker.py:kalman_homography,
S,5,1641,PREDICTION,src/tracking/advanced_tracker.py:flow_gapfill_batched,
D,0,1641
S,1,1641,PREDICTION,src/tracking/advanced_tracker.py:id_merge,
D,1,1641
S,3,1641,PREDICTION,src/tracking/advanced_tracker.py:id_merge,
D,2,1641
S,4,1641,PREDICTION,src/tracking/advanced_tracker.py:id_merge,
D,8,1641
S,6,1641,PREDICTION,src/tracking/advanced_tracker.py:id_merge,
L,3,1641,PREDICTION,src/tracking/advanced_tracker.py:id_merge,
R,PREDICTION,PREDICTION,1
L,4,1641,PREDICTION,src/tracking/advanced_tracker.py:id_merge,
R,PREDICTION,PREDICTION,1
L,5,1641,PREDICTION,src/tracking/advanced_tracker.py:flow_gapfill_batched,
R,PREDICTION,PREDICTION,1
L,6,1641,PREDICTION,src/tracking/advanced_tracker.py:id_merge,
R,PREDICTION,PREDICTION,1
L,9,1641,PREDICTION,src/tracking/advanced_tracker.py:kalman_homography,
R,CLAMP,CLAMP,0
A,1641
S,4,1647,DETECTION,src/tracking/advanced_tracker.py:_activate_slot,1647_229_851_400_947
S,2,1647,DETECTION,src/tracking/advanced_tracker.py:_activate_slot,1647_229_802_414_928
S,6,1647,DETECTION,src/tracking/advanced_tracker.py:_activate_slot,1647_249_640_439_731
S,9,1647,DETECTION,src/tracking/advanced_tracker.py:_activate_slot,1647_185_292_322_366
S,1,1647,PREDICTION,src/tracking/advanced_tracker.py:kalman_homography,
S,3,1647,PREDICTION,src/tracking/advanced_tracker.py:kalman_homography,
S,8,1647,PREDICTION,src/tracking/advanced_tracker.py:kalman_homography,
S,0,1647,PREDICTION,src/tracking/advanced_tracker.py:flow_gapfill_batched,
S,5,1647,PREDICTION,src/tracking/advanced_tracker.py:flow_gapfill_batched,
D,0,1647
S,1,1647,PREDICTION,src/tracking/advanced_tracker.py:id_merge,
D,1,1647
S,3,1647,PREDICTION,src/tracking/advanced_tracker.py:id_merge,
D,2,1647
S,4,1647,PREDICTION,src/tracking/advanced_tracker.py:id_merge,
D,8,1647
S,6,1647,PREDICTION,src/tracking/advanced_tracker.py:id_merge,
D,6,1647
S,9,1647,PREDICTION,src/tracking/advanced_tracker.py:id_merge,
L,3,1647,PREDICTION,src/tracking/advanced_tracker.py:id_merge,
R,PREDICTION,PREDICTION,1
L,4,1647,PREDICTION,src/tracking/advanced_tracker.py:id_merge,
R,PREDICTION,PREDICTION,1
L,5,1647,PREDICTION,src/tracking/advanced_tracker.py:flow_gapfill_batched,
R,PREDICTION,PREDICTION,1
L,9,1647,PREDICTION,src/tracking/advanced_tracker.py:id_merge,
R,CLAMP,CLAMP,0
A,1647
S,6,1653,DETECTION,src/tracking/advanced_tracker.py:_activate_slot,1653_246_639_438_735
S,1,1653,PREDICTION,src/tracking/advanced_tracker.py:kalman_homography,
S,2,1653,PREDICTION,src/tracking/advanced_tracker.py:kalman_homography,
S,3,1653,PREDICTION,src/tracking/advanced_tracker.py:kalman_homography,
S,4,1653,PREDICTION,src/tracking/advanced_tracker.py:kalman_homography,
S,8,1653,PREDICTION,src/tracking/advanced_tracker.py:kalman_homography,
S,9,1653,PREDICTION,src/tracking/advanced_tracker.py:kalman_homography,
S,5,1653,PREDICTION,src/tracking/advanced_tracker.py:flow_gapfill_batched,
D,1,1653
S,3,1653,PREDICTION,src/tracking/advanced_tracker.py:id_merge,
D,2,1653
S,4,1653,PREDICTION,src/tracking/advanced_tracker.py:id_merge,
D,8,1653
S,6,1653,PREDICTION,src/tracking/advanced_tracker.py:id_merge,
D,9,1653
S,6,1653,PREDICTION,src/tracking/advanced_tracker.py:id_merge,
L,3,1653,PREDICTION,src/tracking/advanced_tracker.py:id_merge,
R,PREDICTION,PREDICTION,1
L,4,1653,PREDICTION,src/tracking/advanced_tracker.py:id_merge,
R,PREDICTION,PREDICTION,1
L,5,1653,PREDICTION,src/tracking/advanced_tracker.py:flow_gapfill_batched,
R,PREDICTION,PREDICTION,1
L,6,1653,PREDICTION,src/tracking/advanced_tracker.py:id_merge,
R,PREDICTION,PREDICTION,1
A,1653
S,6,1659,DETECTION,src/tracking/advanced_tracker.py:_activate_slot,1659_243_635_438_737
S,1,1659,PREDICTION,src/tracking/advanced_tracker.py:kalman_homography,
S,2,1659,PREDICTION,src/tracking/advanced_tracker.py:kalman_homography,
S,3,1659,PREDICTION,src/tracking/advanced_tracker.py:kalman_homography,
S,4,1659,PREDICTION,src/tracking/advanced_tracker.py:kalman_homography,
S,9,1659,PREDICTION,src/tracking/advanced_tracker.py:kalman_homography,
S,5,1659,PREDICTION,src/tracking/advanced_tracker.py:flow_gapfill_batched,
S,8,1659,PREDICTION,src/tracking/advanced_tracker.py:flow_gapfill_batched,
D,1,1659
S,3,1659,PREDICTION,src/tracking/advanced_tracker.py:id_merge,
D,2,1659
S,4,1659,PREDICTION,src/tracking/advanced_tracker.py:id_merge,
D,8,1659
S,6,1659,PREDICTION,src/tracking/advanced_tracker.py:id_merge,
D,9,1659
S,6,1659,PREDICTION,src/tracking/advanced_tracker.py:id_merge,
L,3,1659,PREDICTION,src/tracking/advanced_tracker.py:id_merge,
R,PREDICTION,PREDICTION,1
L,4,1659,PREDICTION,src/tracking/advanced_tracker.py:id_merge,
R,PREDICTION,PREDICTION,1
L,5,1659,PREDICTION,src/tracking/advanced_tracker.py:flow_gapfill_batched,
R,PREDICTION,PREDICTION,1
L,6,1659,PREDICTION,src/tracking/advanced_tracker.py:id_merge,
R,PREDICTION,PREDICTION,1
A,1659
S,6,1665,DETECTION,src/tracking/advanced_tracker.py:_activate_slot,1665_244_635_434_775
S,2,1665,PREDICTION,src/tracking/advanced_tracker.py:kalman_homography,
S,3,1665,PREDICTION,src/tracking/advanced_tracker.py:kalman_homography,
S,4,1665,PREDICTION,src/tracking/advanced_tracker.py:kalman_homography,
S,9,1665,PREDICTION,src/tracking/advanced_tracker.py:kalman_homography,
S,1,1665,PREDICTION,src/tracking/advanced_tracker.py:flow_gapfill_batched,
D,1,1665
S,3,1665,PREDICTION,src/tracking/advanced_tracker.py:id_merge,
D,2,1665
S,4,1665,PREDICTION,src/tracking/advanced_tracker.py:id_merge,
D,9,1665
S,6,1665,PREDICTION,src/tracking/advanced_tracker.py:id_merge,
L,3,1665,PREDICTION,src/tracking/advanced_tracker.py:id_merge,
R,PREDICTION,PREDICTION,1
L,4,1665,PREDICTION,src/tracking/advanced_tracker.py:id_merge,
R,PREDICTION,PREDICTION,1
L,6,1665,PREDICTION,src/tracking/advanced_tracker.py:id_merge,
R,PREDICTION,PREDICTION,1
A,1665
S,0,1671,DETECTION,src/tracking/advanced_tracker.py:_activate_slot,1671_245_638_432_772
S,7,1671,DETECTION,src/tracking/advanced_tracker.py:_activate_slot,1671_212_831_418_971
S,2,1671,PREDICTION,src/tracking/advanced_tracker.py:kalman_homography,
S,3,1671,PREDICTION,src/tracking/advanced_tracker.py:kalman_homography,
S,4,1671,PREDICTION,src/tracking/advanced_tracker.py:kalman_homography,
S,6,1671,PREDICTION,src/tracking/advanced_tracker.py:kalman_homography,
S,9,1671,PREDICTION,src/tracking/advanced_tracker.py:kalman_homography,
D,2,1671
S,0,1671,PREDICTION,src/tracking/advanced_tracker.py:id_merge,
D,4,1671
S,0,1671,PREDICTION,src/tracking/advanced_tracker.py:id_merge,
D,6,1671
S,7,1671,PREDICTION,src/tracking/advanced_tracker.py:id_merge,
L,0,1671,PREDICTION,src/tracking/advanced_tracker.py:id_merge,
R,PREDICTION,PREDICTION,1
L,3,1671,PREDICTION,src/tracking/advanced_tracker.py:kalman_homography,
R,PREDICTION,SUBPIXEL,0
L,7,1671,PREDICTION,src/tracking/advanced_tracker.py:id_merge,
R,PREDICTION,PREDICTION,1
L,9,1671,PREDICTION,src/tracking/advanced_tracker.py:kalman_homography,
R,CLAMP,CLAMP,0
A,1671
S,0,1677,DETECTION,src/tracking/advanced_tracker.py:_activate_slot,1677_328_425_532_521
S,9,1677,DETECTION,src/tracking/advanced_tracker.py:_activate_slot,1677_173_336_314_423
S,2,1677,PREDICTION,src/tracking/advanced_tracker.py:kalman_homography,
S,4,1677,PREDICTION,src/tracking/advanced_tracker.py:kalman_homography,
S,6,1677,PREDICTION,src/tracking/advanced_tracker.py:kalman_homography,
S,7,1677,PREDICTION,src/tracking/advanced_tracker.py:kalman_homography,
S,3,1677,PREDICTION,src/tracking/advanced_tracker.py:flow_gapfill_batched,
D,2,1677
S,4,1677,PREDICTION,src/tracking/advanced_tracker.py:id_merge,
D,6,1677
S,7,1677,PREDICTION,src/tracking/advanced_tracker.py:id_merge,
D,7,1677
S,9,1677,PREDICTION,src/tracking/advanced_tracker.py:id_merge,
L,0,1677,DETECTION,src/tracking/advanced_tracker.py:_activate_slot,1677_328_425_532_521
R,CLAMP,CLAMP,0
L,3,1677,PREDICTION,src/tracking/advanced_tracker.py:flow_gapfill_batched,
R,PREDICTION,PREDICTION,1
L,4,1677,PREDICTION,src/tracking/advanced_tracker.py:id_merge,
R,PREDICTION,PREDICTION,1
L,9,1677,PREDICTION,src/tracking/advanced_tracker.py:id_merge,
R,CLAMP,CLAMP,0
A,1677
S,0,1683,DETECTION,src/tracking/advanced_tracker.py:_activate_slot,1683_329_424_536_517
S,8,1683,DETECTION,src/tracking/advanced_tracker.py:_activate_slot,1683_205_841_401_956
S,9,1683,DETECTION,src/tracking/advanced_tracker.py:_activate_slot,1683_174_348_319_426
S,2,1683,PREDICTION,src/tracking/advanced_tracker.py:kalman_homography,
S,4,1683,PREDICTION,src/tracking/advanced_tracker.py:kalman_homography,
S,6,1683,PREDICTION,src/tracking/advanced_tracker.py:kalman_homography,
S,7,1683,PREDICTION,src/tracking/advanced_tracker.py:kalman_homography,
S,3,1683,PREDICTION,src/tracking/advanced_tracker.py:flow_gapfill_batched,
D,2,1683
S,4,1683,PREDICTION,src/tracking/advanced_tracker.py:id_merge,
D,6,1683
S,7,1683,PREDICTION,src/tracking/advanced_tracker.py:id_merge,
D,7,1683
S,8,1683,PREDICTION,src/tracking/advanced_tracker.py:id_merge,
D,8,1683
S,9,1683,PREDICTION,src/tracking/advanced_tracker.py:id_merge,
L,0,1683,DETECTION,src/tracking/advanced_tracker.py:_activate_slot,1683_329_424_536_517
R,CLAMP,CLAMP,0
L,3,1683,PREDICTION,src/tracking/advanced_tracker.py:flow_gapfill_batched,
R,PREDICTION,PREDICTION,1
L,4,1683,PREDICTION,src/tracking/advanced_tracker.py:id_merge,
R,PREDICTION,PREDICTION,1
L,9,1683,PREDICTION,src/tracking/advanced_tracker.py:id_merge,
R,CLAMP,CLAMP,0
A,1683
S,0,1689,DETECTION,src/tracking/advanced_tracker.py:_activate_slot,1689_243_667_428_755
S,8,1689,DETECTION,src/tracking/advanced_tracker.py:_activate_slot,1689_198_855_395_967
S,9,1689,DETECTION,src/tracking/advanced_tracker.py:_activate_slot,1689_170_360_317_442
S,2,1689,PREDICTION,src/tracking/advanced_tracker.py:kalman_homography,
S,4,1689,PREDICTION,src/tracking/advanced_tracker.py:kalman_homography,
S,6,1689,PREDICTION,src/tracking/advanced_tracker.py:kalman_homography,
S,7,1689,PREDICTION,src/tracking/advanced_tracker.py:kalman_homography,
S,3,1689,PREDICTION,src/tracking/advanced_tracker.py:flow_gapfill_batched,
D,2,1689
S,0,1689,PREDICTION,src/tracking/advanced_tracker.py:id_merge,
D,4,1689
S,0,1689,PREDICTION,src/tracking/advanced_tracker.py:id_merge,
D,6,1689
S,7,1689,PREDICTION,src/tracking/advanced_tracker.py:id_merge,
D,7,1689
S,8,1689,PREDICTION,src/tracking/advanced_tracker.py:id_merge,
D,8,1689
S,9,1689,PREDICTION,src/tracking/advanced_tracker.py:id_merge,
L,0,1689,PREDICTION,src/tracking/advanced_tracker.py:id_merge,
R,PREDICTION,PREDICTION,1
L,3,1689,PREDICTION,src/tracking/advanced_tracker.py:flow_gapfill_batched,
R,PREDICTION,PREDICTION,1
L,9,1689,PREDICTION,src/tracking/advanced_tracker.py:id_merge,
R,CLAMP,CLAMP,0
A,1689
S,9,1695,DETECTION,src/tracking/advanced_tracker.py:_activate_slot,1695_179_355_322_460
S,8,1695,DETECTION,src/tracking/advanced_tracker.py:_activate_slot,1695_186_869_381_973
S,0,1695,PREDICTION,src/tracking/advanced_tracker.py:kalman_homography,
S,6,1695,PREDICTION,src/tracking/advanced_tracker.py:kalman_homography,
S,7,1695,PREDICTION,src/tracking/advanced_tracker.py:kalman_homography,
S,2,1695,PREDICTION,src/tracking/advanced_tracker.py:flow_gapfill_batched,
S,4,1695,PREDICTION,src/tracking/advanced_tracker.py:flow_gapfill_batched,
D,2,1695
S,0,1695,PREDICTION,src/tracking/advanced_tracker.py:id_merge,
D,6,1695
S,7,1695,PREDICTION,src/tracking/advanced_tracker.py:id_merge,
D,7,1695
S,8,1695,PREDICTION,src/tracking/advanced_tracker.py:id_merge,
D,8,1695
S,9,1695,PREDICTION,src/tracking/advanced_tracker.py:id_merge,
L,0,1695,PREDICTION,src/tracking/advanced_tracker.py:id_merge,
R,PREDICTION,PREDICTION,1
L,4,1695,PREDICTION,src/tracking/advanced_tracker.py:flow_gapfill_batched,
R,PREDICTION,PREDICTION,1
L,9,1695,PREDICTION,src/tracking/advanced_tracker.py:id_merge,
R,CLAMP,CLAMP,0
A,1695
S,1,1701,DETECTION,src/tracking/advanced_tracker.py:_activate_slot,1701_173_355_326_475
S,9,1701,DETECTION,src/tracking/advanced_tracker.py:_activate_slot,1701_171_376_312_476
S,5,1701,DETECTION,src/tracking/advanced_tracker.py:_activate_slot,1701_163_162_329_282
S,0,1701,PREDICTION,src/tracking/advanced_tracker.py:kalman_homography,
S,6,1701,PREDICTION,src/tracking/advanced_tracker.py:kalman_homography,
S,7,1701,PREDICTION,src/tracking/advanced_tracker.py:kalman_homography,
S,8,1701,PREDICTION,src/tracking/advanced_tracker.py:kalman_homography,
D,0,1701
S,1,1701,PREDICTION,src/tracking/advanced_tracker.py:id_merge,
D,6,1701
S,7,1701,PREDICTION,src/tracking/advanced_tracker.py:id_merge,
D,7,1701
S,8,1701,PREDICTION,src/tracking/advanced_tracker.py:id_merge,
D,8,1701
S,9,1701,PREDICTION,src/tracking/advanced_tracker.py:id_merge,
L,1,1701,PREDICTION,src/tracking/advanced_tracker.py:id_merge,
R,PREDICTION,PREDICTION,1
L,5,1701,DETECTION,src/tracking/advanced_tracker.py:_activate_slot,1701_163_162_329_282
R,CLAMP,CLAMP,0
L,9,1701,PREDICTION,src/tracking/advanced_tracker.py:id_merge,
R,PREDICTION,PREDICTION,1
A,1701
S,1,1707,DETECTION,src/tracking/advanced_tracker.py:_activate_slot,1707_329_407_547_500
S,9,1707,DETECTION,src/tracking/advanced_tracker.py:_activate_slot,1707_184_390_319_490
S,0,1707,PREDICTION,src/tracking/advanced_tracker.py:kalman_homography,
S,5,1707,PREDICTION,src/tracking/advanced_tracker.py:kalman_homography,
S,6,1707,PREDICTION,src/tracking/advanced_tracker.py:kalman_homography,
S,7,1707,PREDICTION,src/tracking/advanced_tracker.py:kalman_homography,
S,8,1707,PREDICTION,src/tracking/advanced_tracker.py:kalman_homography,
D,6,1707
S,7,1707,PREDICTION,src/tracking/advanced_tracker.py:id_merge,
D,7,1707
S,8,1707,PREDICTION,src/tracking/advanced_tracker.py:id_merge,
D,8,1707
S,9,1707,PREDICTION,src/tracking/advanced_tracker.py:id_merge,
L,0,1707,PREDICTION,src/tracking/advanced_tracker.py:kalman_homography,
R,PREDICTION,PREDICTION,1
L,1,1707,DETECTION,src/tracking/advanced_tracker.py:_activate_slot,1707_329_407_547_500
R,CLAMP,CLAMP,0
L,5,1707,PREDICTION,src/tracking/advanced_tracker.py:kalman_homography,
R,CLAMP,CLAMP,0
L,9,1707,PREDICTION,src/tracking/advanced_tracker.py:id_merge,
R,PREDICTION,PREDICTION,1
A,1707
S,7,1713,DETECTION,src/tracking/advanced_tracker.py:_activate_slot,1713_195_866_368_960
S,0,1713,PREDICTION,src/tracking/advanced_tracker.py:kalman_homography,
S,1,1713,PREDICTION,src/tracking/advanced_tracker.py:kalman_homography,
S,5,1713,PREDICTION,src/tracking/advanced_tracker.py:kalman_homography,
S,8,1713,PREDICTION,src/tracking/advanced_tracker.py:kalman_homography,
S,9,1713,PREDICTION,src/tracking/advanced_tracker.py:kalman_homography,
S,6,1713,PREDICTION,src/tracking/advanced_tracker.py:flow_gapfill_batched,
D,6,1713
S,7,1713,PREDICTION,src/tracking/advanced_tracker.py:id_merge,
D,8,1713
S,7,1713,PREDICTION,src/tracking/advanced_tracker.py:id_merge,
D,9,1713
S,7,1713,PREDICTION,src/tracking/advanced_tracker.py:id_merge,
L,0,1713,PREDICTION,src/tracking/advanced_tracker.py:kalman_homography,
R,PREDICTION,PREDICTION,1
L,1,1713,PREDICTION,src/tracking/advanced_tracker.py:kalman_homography,
R,CLAMP,CLAMP,0
L,5,1713,PREDICTION,src/tracking/advanced_tracker.py:kalman_homography,
R,CLAMP,CLAMP,0
L,7,1713,PREDICTION,src/tracking/advanced_tracker.py:id_merge,
R,PREDICTION,PREDICTION,1
A,1713
S,9,1719,DETECTION,src/tracking/advanced_tracker.py:_activate_slot,1719_173_418_326_509
S,8,1719,DETECTION,src/tracking/advanced_tracker.py:_activate_slot,1719_187_900_348_978
S,0,1719,PREDICTION,src/tracking/advanced_tracker.py:kalman_homography,
S,5,1719,PREDICTION,src/tracking/advanced_tracker.py:kalman_homography,
S,7,1719,PREDICTION,src/tracking/advanced_tracker.py:kalman_homography,
S,1,1719,PREDICTION,src/tracking/advanced_tracker.py:flow_gapfill_batched,
D,7,1719
S,8,1719,PREDICTION,src/tracking/advanced_tracker.py:id_merge,
D,8,1719
S,9,1719,PREDICTION,src/tracking/advanced_tracker.py:id_merge,
L,0,1719,PREDICTION,src/tracking/advanced_tracker.py:kalman_homography,
R,PREDICTION,PREDICTION,1
L,1,1719,PREDICTION,src/tracking/advanced_tracker.py:flow_gapfill_batched,
R,CLAMP,CLAMP,0
L,5,1719,PREDICTION,src/tracking/advanced_tracker.py:kalman_homography,
R,CLAMP,CLAMP,0
L,9,1719,PREDICTION,src/tracking/advanced_tracker.py:id_merge,
R,PREDICTION,PREDICTION,1
A,1719
S,0,1725,DETECTION,src/tracking/advanced_tracker.py:_activate_slot,1725_132_891_369_995
S,9,1725,DETECTION,src/tracking/advanced_tracker.py:_activate_slot,1725_170_440_327_514
S,5,1725,PREDICTION,src/tracking/advanced_tracker.py:kalman_homography,
S,7,1725,PREDICTION,src/tracking/advanced_tracker.py:kalman_homography,
S,8,1725,PREDICTION,src/tracking/advanced_tracker.py:kalman_homography,
S,1,1725,PREDICTION,src/tracking/advanced_tracker.py:flow_gapfill_batched,
D,7,1725
S,8,1725,PREDICTION,src/tracking/advanced_tracker.py:id_merge,
D,8,1725
S,9,1725,PREDICTION,src/tracking/advanced_tracker.py:id_merge,
L,0,1725,DETECTION,src/tracking/advanced_tracker.py:_activate_slot,1725_132_891_369_995
R,DETECTION,DETECTION,1
L,1,1725,PREDICTION,src/tracking/advanced_tracker.py:flow_gapfill_batched,
R,CLAMP,CLAMP,0
L,5,1725,PREDICTION,src/tracking/advanced_tracker.py:kalman_homography,
R,CLAMP,CLAMP,0
L,9,1725,PREDICTION,src/tracking/advanced_tracker.py:id_merge,
R,PREDICTION,PREDICTION,1
A,1725
S,0,1731,DETECTION,src/tracking/advanced_tracker.py:_activate_slot,1731_104_895_360_1020
S,9,1731,DETECTION,src/tracking/advanced_tracker.py:_activate_slot,1731_181_440_328_519
S,3,1731,DETECTION,src/tracking/advanced_tracker.py:_activate_slot,1731_87_60_167_131
S,5,1731,PREDICTION,src/tracking/advanced_tracker.py:kalman_homography,
S,7,1731,PREDICTION,src/tracking/advanced_tracker.py:kalman_homography,
S,8,1731,PREDICTION,src/tracking/advanced_tracker.py:kalman_homography,
S,1,1731,PREDICTION,src/tracking/advanced_tracker.py:flow_gapfill_batched,
D,7,1731
S,8,1731,PREDICTION,src/tracking/advanced_tracker.py:id_merge,
D,8,1731
S,9,1731,PREDICTION,src/tracking/advanced_tracker.py:id_merge,
L,0,1731,DETECTION,src/tracking/advanced_tracker.py:_activate_slot,1731_104_895_360_1020
R,DETECTION,DETECTION,1
L,1,1731,PREDICTION,src/tracking/advanced_tracker.py:flow_gapfill_batched,
R,CLAMP,CLAMP,0
L,3,1731,DETECTION,src/tracking/advanced_tracker.py:_activate_slot,1731_87_60_167_131
R,DETECTION,DETECTION,1
L,5,1731,PREDICTION,src/tracking/advanced_tracker.py:kalman_homography,
R,CLAMP,CLAMP,0
L,9,1731,PREDICTION,src/tracking/advanced_tracker.py:id_merge,
R,PREDICTION,PREDICTION,1
A,1731
S,2,1737,DETECTION,src/tracking/advanced_tracker.py:_activate_slot,1737_382_45_607_210
S,4,1737,DETECTION,src/tracking/advanced_tracker.py:_activate_slot,1737_307_1119_510_1233
S,0,1737,PREDICTION,src/tracking/advanced_tracker.py:kalman_homography,
S,3,1737,PREDICTION,src/tracking/advanced_tracker.py:kalman_homography,
S,5,1737,PREDICTION,src/tracking/advanced_tracker.py:kalman_homography,
S,7,1737,PREDICTION,src/tracking/advanced_tracker.py:kalman_homography,
S,8,1737,PREDICTION,src/tracking/advanced_tracker.py:kalman_homography,
S,9,1737,PREDICTION,src/tracking/advanced_tracker.py:kalman_homography,
S,1,1737,PREDICTION,src/tracking/advanced_tracker.py:flow_gapfill_batched,
D,0,1737
S,4,1737,PREDICTION,src/tracking/advanced_tracker.py:id_merge,
D,3,1737
S,2,1737,PREDICTION,src/tracking/advanced_tracker.py:id_merge,
D,7,1737
S,8,1737,PREDICTION,src/tracking/advanced_tracker.py:id_merge,
D,8,1737
S,9,1737,PREDICTION,src/tracking/advanced_tracker.py:id_merge,
L,1,1737,PREDICTION,src/tracking/advanced_tracker.py:flow_gapfill_batched,
R,CLAMP,CLAMP,0
L,2,1737,PREDICTION,src/tracking/advanced_tracker.py:id_merge,
R,PREDICTION,PREDICTION,1
L,4,1737,PREDICTION,src/tracking/advanced_tracker.py:id_merge,
R,PREDICTION,PREDICTION,1
L,5,1737,PREDICTION,src/tracking/advanced_tracker.py:kalman_homography,
R,CLAMP,CLAMP,0
L,9,1737,PREDICTION,src/tracking/advanced_tracker.py:id_merge,
R,PREDICTION,PREDICTION,1
A,1737
S,2,1743,DETECTION,src/tracking/advanced_tracker.py:_activate_slot,1743_385_44_599_217
S,0,1743,PREDICTION,src/tracking/advanced_tracker.py:kalman_homography,
S,3,1743,PREDICTION,src/tracking/advanced_tracker.py:kalman_homography,
S,4,1743,PREDICTION,src/tracking/advanced_tracker.py:kalman_homography,
S,5,1743,PREDICTION,src/tracking/advanced_tracker.py:kalman_homography,
S,7,1743,PREDICTION,src/tracking/advanced_tracker.py:kalman_homography,
S,8,1743,PREDICTION,src/tracking/advanced_tracker.py:kalman_homography,
S,9,1743,PREDICTION,src/tracking/advanced_tracker.py:kalman_homography,
S,1,1743,PREDICTION,src/tracking/advanced_tracker.py:flow_gapfill_batched,
D,0,1743
S,4,1743,PREDICTION,src/tracking/advanced_tracker.py:id_merge,
D,3,1743
S,2,1743,PREDICTION,src/tracking/advanced_tracker.py:id_merge,
D,7,1743
S,8,1743,PREDICTION,src/tracking/advanced_tracker.py:id_merge,
D,8,1743
S,9,1743,PREDICTION,src/tracking/advanced_tracker.py:id_merge,
L,1,1743,PREDICTION,src/tracking/advanced_tracker.py:flow_gapfill_batched,
R,CLAMP,CLAMP,0
L,2,1743,PREDICTION,src/tracking/advanced_tracker.py:id_merge,
R,PREDICTION,PREDICTION,1
L,4,1743,PREDICTION,src/tracking/advanced_tracker.py:id_merge,
R,PREDICTION,PREDICTION,1
L,5,1743,PREDICTION,src/tracking/advanced_tracker.py:kalman_homography,
R,CLAMP,CLAMP,0
L,9,1743,PREDICTION,src/tracking/advanced_tracker.py:id_merge,
R,PREDICTION,SUBPIXEL,0
A,1743
S,2,1749,DETECTION,src/tracking/advanced_tracker.py:_activate_slot,1749_333_44_593_217
S,9,1749,DETECTION,src/tracking/advanced_tracker.py:_activate_slot,1749_394_48_592_216
S,0,1749,PREDICTION,src/tracking/advanced_tracker.py:kalman_homography,
S,3,1749,PREDICTION,src/tracking/advanced_tracker.py:kalman_homography,
S,4,1749,PREDICTION,src/tracking/advanced_tracker.py:kalman_homography,
S,7,1749,PREDICTION,src/tracking/advanced_tracker.py:kalman_homography,
S,8,1749,PREDICTION,src/tracking/advanced_tracker.py:kalman_homography,
S,1,1749,PREDICTION,src/tracking/advanced_tracker.py:flow_gapfill_batched,
S,5,1749,PREDICTION,src/tracking/advanced_tracker.py:flow_gapfill_batched,
D,0,1749
S,4,1749,PREDICTION,src/tracking/advanced_tracker.py:id_merge,
D,3,1749
S,2,1749,PREDICTION,src/tracking/advanced_tracker.py:id_merge,
D,7,1749
S,8,1749,PREDICTION,src/tracking/advanced_tracker.py:id_merge,
L,1,1749,PREDICTION,src/tracking/advanced_tracker.py:flow_gapfill_batched,
R,CLAMP,CLAMP,0
L,2,1749,PREDICTION,src/tracking/advanced_tracker.py:id_merge,
R,PREDICTION,SUBPIXEL,0
L,4,1749,PREDICTION,src/tracking/advanced_tracker.py:id_merge,
R,PREDICTION,SUBPIXEL,0
L,5,1749,PREDICTION,src/tracking/advanced_tracker.py:flow_gapfill_batched,
R,CLAMP,CLAMP,0
L,8,1749,PREDICTION,src/tracking/advanced_tracker.py:id_merge,
R,PREDICTION,PREDICTION,1
L,9,1749,DETECTION,src/tracking/advanced_tracker.py:_activate_slot,1749_394_48_592_216
R,DETECTION,DETECTION,1
A,1749
S,9,1755,DETECTION,src/tracking/advanced_tracker.py:_activate_slot,1755_238_51_441_135
S,6,1755,DETECTION,src/tracking/advanced_tracker.py:_activate_slot,1755_338_373_563_485
S,0,1755,PREDICTION,src/tracking/advanced_tracker.py:kalman_homography,
S,2,1755,PREDICTION,src/tracking/advanced_tracker.py:kalman_homography,
S,3,1755,PREDICTION,src/tracking/advanced_tracker.py:kalman_homography,
S,4,1755,PREDICTION,src/tracking/advanced_tracker.py:kalman_homography,
S,7,1755,PREDICTION,src/tracking/advanced_tracker.py:kalman_homography,
S,8,1755,PREDICTION,src/tracking/advanced_tracker.py:kalman_homography,
S,1,1755,PREDICTION,src/tracking/advanced_tracker.py:flow_gapfill_batched,
D,0,1755
S,4,1755,PREDICTION,src/tracking/advanced_tracker.py:id_merge,
D,3,1755
S,2,1755,PREDICTION,src/tracking/advanced_tracker.py:id_merge,
D,7,1755
S,8,1755,PREDICTION,src/tracking/advanced_tracker.py:id_merge,
L,1,1755,PREDICTION,src/tracking/advanced_tracker.py:flow_gapfill_batched,
R,CLAMP,CLAMP,0
L,2,1755,PREDICTION,src/tracking/advanced_tracker.py:id_merge,
R,PREDICTION,PREDICTION,1
L,4,1755,PREDICTION,src/tracking/advanced_tracker.py:id_merge,
R,PREDICTION,SUBPIXEL,0
L,6,1755,DETECTION,src/tracking/advanced_tracker.py:_activate_slot,1755_338_373_563_485
R,CLAMP,CLAMP,0
L,8,1755,PREDICTION,src/tracking/advanced_tracker.py:id_merge,
R,PREDICTION,PREDICTION,1
L,9,1755,DETECTION,src/tracking/advanced_tracker.py:_activate_slot,1755_238_51_441_135
R,DETECTION,DETECTION,1
A,1755
