S,0,465,DETECTION,src/tracking/advanced_tracker.py:_activate_slot,465_213_525_358_607
S,1,465,DETECTION,src/tracking/advanced_tracker.py:_activate_slot,465_302_776_472_862
S,2,465,DETECTION,src/tracking/advanced_tracker.py:_activate_slot,465_273_1143_416_1233
S,3,465,DETECTION,src/tracking/advanced_tracker.py:_activate_slot,465_430_127_611_226
S,4,465,DETECTION,src/tracking/advanced_tracker.py:_activate_slot,465_195_413_305_477
S,5,465,DETECTION,src/tracking/advanced_tracker.py:_activate_slot,465_531_850_610_926
D,0,465
S,1,465,PREDICTION,src/tracking/advanced_tracker.py:id_merge,
D,1,465
S,2,465,PREDICTION,src/tracking/advanced_tracker.py:id_merge,
D,2,465
S,3,465,PREDICTION,src/tracking/advanced_tracker.py:id_merge,
D,3,465
S,4,465,PREDICTION,src/tracking/advanced_tracker.py:id_merge,
L,4,465,PREDICTION,src/tracking/advanced_tracker.py:id_merge,
R,PREDICTION,PREDICTION,1
L,5,465,DETECTION,src/tracking/advanced_tracker.py:_activate_slot,465_531_850_610_926
R,DETECTION,DETECTION,1
A,465
S,1,471,DETECTION,src/tracking/advanced_tracker.py:_activate_slot,471_297_788_474_856
S,2,471,DETECTION,src/tracking/advanced_tracker.py:_activate_slot,471_274_1139_416_1225
S,5,471,DETECTION,src/tracking/advanced_tracker.py:_activate_slot,471_532_841_612_915
S,6,471,DETECTION,src/tracking/advanced_tracker.py:_activate_slot,471_501_1064_593_1148
S,0,471,PREDICTION,src/tracking/advanced_tracker.py:kalman_homography,
S,3,471,PREDICTION,src/tracking/advanced_tracker.py:kalman_homography,
S,4,471,PREDICTION,src/tracking/advanced_tracker.py:kalman_homography,
D,0,471
S,1,471,PREDICTION,src/tracking/advanced_tracker.py:id_merge,
D,1,471
S,2,471,PREDICTION,src/tracking/advanced_tracker.py:id_merge,
D,4,471
S,2,471,PREDICTION,src/tracking/advanced_tracker.py:id_merge,
L,2,471,PREDICTION,src/tracking/advanced_tracker.py:id_merge,
R,PREDICTION,PREDICTION,1
L,3,471,PREDICTION,src/tracking/advanced_tracker.py:kalman_homography,
R,PREDICTION,PREDICTION,1
L,5,471,DETECTION,src/tracking/advanced_tracker.py:_activate_slot,471_532_841_612_915
R,DETECTION,DETECTION,1
L,6,471,DETECTION,src/tracking/advanced_tracker.py:_activate_slot,471_501_1064_593_1148
R,DETECTION,DETECTION,1
A,471
S,1,477,DETECTION,src/tracking/advanced_tracker.py:_activate_slot,477_302_786_476_853
S,2,477,DETECTION,src/tracking/advanced_tracker.py:_activate_slot,477_274_1137_416_1219
S,7,477,DETECTION,src/tracking/advanced_tracker.py:_activate_slot,477_299_615_456_691
S,5,477,DETECTION,src/tracking/advanced_tracker.py:_activate_slot,477_534_835_612_907
S,0,477,PREDICTION,src/tracking/advanced_tracker.py:kalman_homography,
S,3,477,PREDICTION,src/tracking/advanced_tracker.py:kalman_homography,
S,4,477,PREDICTION,src/tracking/advanced_tracker.py:kalman_homography,
S,6,477,PREDICTION,src/tracking/advanced_tracker.py:kalman_homography,
D,0,477
S,1,477,PREDICTION,src/tracking/advanced_tracker.py:id_merge,
D,1,477
S,2,477,PREDICTION,src/tracking/advanced_tracker.py:id_merge,
D,4,477
S,2,477,PREDICTION,src/tracking/advanced_tracker.py:id_merge,
D,5,477
S,7,477,PREDICTION,src/tracking/advanced_tracker.py:id_merge,
L,2,477,PREDICTION,src/tracking/advanced_tracker.py:id_merge,
R,PREDICTION,PREDICTION,1
L,3,477,PREDICTION,src/tracking/advanced_tracker.py:kalman_homography,
R,PREDICTION,SUBPIXEL,0
L,6,477,PREDICTION,src/tracking/advanced_tracker.py:kalman_homography,
R,CLAMP,CLAMP,0
L,7,477,PREDICTION,src/tracking/advanced_tracker.py:id_merge,
R,PREDICTION,PREDICTION,1
A,477
S,1,483,DETECTION,src/tracking/advanced_tracker.py:_activate_slot,483_302_780_463_852
S,2,483,DETECTION,src/tracking/advanced_tracker.py:_activate_slot,483_274_1143_417_1217
S,5,483,DETECTION,src/tracking/advanced_tracker.py:_activate_slot,483_301_617_434_691
S,8,483,DETECTION,src/tracking/advanced_tracker.py:_activate_slot,483_538_829_614_901
S,0,483,PREDICTION,src/tracking/advanced_tracker.py:kalman_homography,
S,3,483,PREDICTION,src/tracking/advanced_tracker.py:kalman_homography,
S,4,483,PREDICTION,src/tracking/advanced_tracker.py:kalman_homography,
S,6,483,PREDICTION,src/tracking/advanced_tracker.py:kalman_homography,
S,7,483,PREDICTION,src/tracking/advanced_tracker.py:kalman_homography,
D,0,483
S,1,483,PREDICTION,src/tracking/advanced_tracker.py:id_merge,
D,1,483
S,2,483,PREDICTION,src/tracking/advanced_tracker.py:id_merge,
D,4,483
S,2,483,PREDICTION,src/tracking/advanced_tracker.py:id_merge,
D,7,483
S,5,483,PREDICTION,src/tracking/advanced_tracker.py:id_merge,
D,5,483
S,8,483,PREDICTION,src/tracking/advanced_tracker.py:id_merge,
L,2,483,PREDICTION,src/tracking/advanced_tracker.py:id_merge,
R,PREDICTION,PREDICTION,1
L,3,483,PREDICTION,src/tracking/advanced_tracker.py:kalman_homography,
R,PREDICTION,SUBPIXEL,0
L,6,483,PREDICTION,src/tracking/advanced_tracker.py:kalman_homography,
R,CLAMP,CLAMP,0
L,8,483,PREDICTION,src/tracking/advanced_tracker.py:id_merge,
R,PREDICTION,PREDICTION,1
A,483
S,1,489,DETECTION,src/tracking/advanced_tracker.py:_activate_slot,489_298_783_470_855
S,2,489,DETECTION,src/tracking/advanced_tracker.py:_activate_slot,489_275_1145_416_1215
S,7,489,DETECTION,src/tracking/advanced_tracker.py:_activate_slot,489_307_621_452_697
S,0,489,PREDICTION,src/tracking/advanced_tracker.py:kalman_homography,
S,3,489,PREDICTION,src/tracking/advanced_tracker.py:kalman_homography,
S,4,489,PREDICTION,src/tracking/advanced_tracker.py:kalman_homography,
S,5,489,PREDICTION,src/tracking/advanced_tracker.py:kalman_homography,
S,6,489,PREDICTION,src/tracking/advanced_tracker.py:kalman_homography,
S,8,489,PREDICTION,src/tracking/advanced_tracker.py:kalman_homography,
D,0,489
S,1,489,PREDICTION,src/tracking/advanced_tracker.py:id_merge,
D,1,489
S,2,489,PREDICTION,src/tracking/advanced_tracker.py:id_merge,
D,4,489
S,2,489,PREDICTION,src/tracking/advanced_tracker.py:id_merge,
D,5,489
S,7,489,PREDICTION,src/tracking/advanced_tracker.py:id_merge,
D,8,489
S,7,489,PREDICTION,src/tracking/advanced_tracker.py:id_merge,
L,2,489,PREDICTION,src/tracking/advanced_tracker.py:id_merge,
R,PREDICTION,PREDICTION,1
L,3,489,PREDICTION,src/tracking/advanced_tracker.py:kalman_homography,
R,PREDICTION,SUBPIXEL,0
L,6,489,PREDICTION,src/tracking/advanced_tracker.py:kalman_homography,
R,CLAMP,CLAMP,0
L,7,489,PREDICTION,src/tracking/advanced_tracker.py:id_merge,
R,PREDICTION,PREDICTION,1
A,489
S,2,495,DETECTION,src/tracking/advanced_tracker.py:_activate_slot,495_273_1141_416_1215
S,0,495,PREDICTION,src/tracking/advanced_tracker.py:kalman_homography,
S,1,495,PREDICTION,src/tracking/advanced_tracker.py:kalman_homography,
S,3,495,PREDICTION,src/tracking/advanced_tracker.py:kalman_homography,
S,4,495,PREDICTION,src/tracking/advanced_tracker.py:kalman_homography,
S,5,495,PREDICTION,src/tracking/advanced_tracker.py:kalman_homography,
S,6,495,PREDICTION,src/tracking/advanced_tracker.py:kalman_homography,
S,7,495,PREDICTION,src/tracking/advanced_tracker.py:kalman_homography,
S,8,495,PREDICTION,src/tracking/advanced_tracker.py:kalman_homography,
D,0,495
S,1,495,PREDICTION,src/tracking/advanced_tracker.py:id_merge,
D,1,495
S,2,495,PREDICTION,src/tracking/advanced_tracker.py:id_merge,
D,4,495
S,2,495,PREDICTION,src/tracking/advanced_tracker.py:id_merge,
D,5,495
S,7,495,PREDICTION,src/tracking/advanced_tracker.py:id_merge,
D,8,495
S,7,495,PREDICTION,src/tracking/advanced_tracker.py:id_merge,
L,2,495,PREDICTION,src/tracking/advanced_tracker.py:id_merge,
R,PREDICTION,SUBPIXEL,0
L,3,495,PREDICTION,src/tracking/advanced_tracker.py:kalman_homography,
R,PREDICTION,SUBPIXEL,0
L,6,495,PREDICTION,src/tracking/advanced_tracker.py:kalman_homography,
R,CLAMP,CLAMP,0
L,7,495,PREDICTION,src/tracking/advanced_tracker.py:id_merge,
R,PREDICTION,PREDICTION,1
A,495
S,2,501,DETECTION,src/tracking/advanced_tracker.py:_activate_slot,501_274_1141_415_1215
S,0,501,PREDICTION,src/tracking/advanced_tracker.py:kalman_homography,
S,1,501,PREDICTION,src/tracking/advanced_tracker.py:kalman_homography,
S,3,501,PREDICTION,src/tracking/advanced_tracker.py:kalman_homography,
S,4,501,PREDICTION,src/tracking/advanced_tracker.py:kalman_homography,
S,5,501,PREDICTION,src/tracking/advanced_tracker.py:kalman_homography,
S,6,501,PREDICTION,src/tracking/advanced_tracker.py:kalman_homography,
S,7,501,PREDICTION,src/tracking/advanced_tracker.py:kalman_homography,
S,8,501,PREDICTION,src/tracking/advanced_tracker.py:kalman_homography,
D,0,501
S,1,501,PREDICTION,src/tracking/advanced_tracker.py:id_merge,
D,1,501
S,2,501,PREDICTION,src/tracking/advanced_tracker.py:id_merge,
D,4,501
S,2,501,PREDICTION,src/tracking/advanced_tracker.py:id_merge,
D,5,501
S,7,501,PREDICTION,src/tracking/advanced_tracker.py:id_merge,
D,8,501
S,7,501,PREDICTION,src/tracking/advanced_tracker.py:id_merge,
L,2,501,PREDICTION,src/tracking/advanced_tracker.py:id_merge,
R,PREDICTION,SUBPIXEL,0
L,3,501,PREDICTION,src/tracking/advanced_tracker.py:kalman_homography,
R,PREDICTION,SUBPIXEL,0
L,6,501,PREDICTION,src/tracking/advanced_tracker.py:kalman_homography,
R,CLAMP,CLAMP,0
L,7,501,PREDICTION,src/tracking/advanced_tracker.py:id_merge,
R,PREDICTION,SUBPIXEL,0
A,501
S,2,507,DETECTION,src/tracking/advanced_tracker.py:_activate_slot,507_269_1142_413_1216
S,3,507,DETECTION,src/tracking/advanced_tracker.py:_activate_slot,507_305_623_464_713
S,0,507,PREDICTION,src/tracking/advanced_tracker.py:kalman_homography,
S,1,507,PREDICTION,src/tracking/advanced_tracker.py:kalman_homography,
S,4,507,PREDICTION,src/tracking/advanced_tracker.py:kalman_homography,
S,5,507,PREDICTION,src/tracking/advanced_tracker.py:kalman_homography,
S,6,507,PREDICTION,src/tracking/advanced_tracker.py:kalman_homography,
S,7,507,PREDICTION,src/tracking/advanced_tracker.py:kalman_homography,
S,8,507,PREDICTION,src/tracking/advanced_tracker.py:kalman_homography,
D,0,507
S,1,507,PREDICTION,src/tracking/advanced_tracker.py:id_merge,
D,1,507
S,2,507,PREDICTION,src/tracking/advanced_tracker.py:id_merge,
D,2,507
S,3,507,PREDICTION,src/tracking/advanced_tracker.py:id_merge,
D,4,507
S,3,507,PREDICTION,src/tracking/advanced_tracker.py:id_merge,
D,5,507
S,7,507,PREDICTION,src/tracking/advanced_tracker.py:id_merge,
D,8,507
S,7,507,PREDICTION,src/tracking/advanced_tracker.py:id_merge,
L,3,507,PREDICTION,src/tracking/advanced_tracker.py:id_merge,
R,PREDICTION,PREDICTION,1
L,6,507,PREDICTION,src/tracking/advanced_tracker.py:kalman_homography,
R,CLAMP,CLAMP,0
L,7,507,PREDICTION,src/tracking/advanced_tracker.py:id_merge,
R,PREDICTION,SUBPIXEL,0
A,507
S,2,513,DETECTION,src/tracking/advanced_tracker.py:_activate_slot,513_266_1137_414_1215
S,3,513,DETECTION,src/tracking/advanced_tracker.py:_activate_slot,513_304_623_463_711
S,6,513,DETECTION,src/tracking/advanced_tracker.py:_activate_slot,513_513_1043_609_1131
S,1,513,PREDICTION,src/tracking/advanced_tracker.py:kalman_homography,
S,7,513,PREDICTION,src/tracking/advanced_tracker.py:kalman_homography,
S,8,513,PREDICTION,src/tracking/advanced_tracker.py:kalman_homography,
S,0,513,PREDICTION,src/tracking/advanced_tracker.py:flow_gapfill_batched,
S,4,513,PREDICTION,src/tracking/advanced_tracker.py:flow_gapfill_batched,
S,5,513,PREDICTION,src/tracking/advanced_tracker.py:flow_gapfill_batched,
D,0,513
S,1,513,PREDICTION,src/tracking/advanced_tracker.py:id_merge,
D,1,513
S,2,513,PREDICTION,src/tracking/advanced_tracker.py:id_merge,
D,2,513
S,3,513,PREDICTION,src/tracking/advanced_tracker.py:id_merge,
D,4,513
S,3,513,PREDICTION,src/tracking/advanced_tracker.py:id_merge,
D,5,513
S,7,513,PREDICTION,src/tracking/advanced_tracker.py:id_merge,
D,8,513
S,7,513,PREDICTION,src/tracking/advanced_tracker.py:id_merge,
L,3,513,PREDICTION,src/tracking/advanced_tracker.py:id_merge,
R,PREDICTION,SUBPIXEL,0
L,6,513,DETECTION,src/tracking/advanced_tracker.py:_activate_slot,513_513_1043_609_1131
R,DETECTION,DETECTION,1
L,7,513,PREDICTION,src/tracking/advanced_tracker.py:id_merge,
R,PREDICTION,PREDICTION,1
A,513
S,2,519,DETECTION,src/tracking/advanced_tracker.py:_activate_slot,519_263_1137_416_1211
S,3,519,DETECTION,src/tracking/advanced_tracker.py:_activate_slot,519_306_618_466_712
S,6,519,DETECTION,src/tracking/advanced_tracker.py:_activate_slot,519_515_1044_609_1130
S,1,519,PREDICTION,src/tracking/advanced_tracker.py:kalman_homography,
S,7,519,PREDICTION,src/tracking/advanced_tracker.py:kalman_homography,
S,8,519,PREDICTION,src/tracking/advanced_tracker.py:kalman_homography,
S,5,519,PREDICTION,src/tracking/advanced_tracker.py:flow_gapfill_batched,
D,1,519
S,2,519,PREDICTION,src/tracking/advanced_tracker.py:id_merge,
D,2,519
S,3,519,PREDICTION,src/tracking/advanced_tracker.py:id_merge,
D,5,519
S,7,519,PREDICTION,src/tracking/advanced_tracker.py:id_merge,
D,8,519
S,7,519,PREDICTION,src/tracking/advanced_tracker.py:id_merge,
L,3,519,PREDICTION,src/tracking/advanced_tracker.py:id_merge,
R,PREDICTION,PREDICTION,1
L,6,519,DETECTION,src/tracking/advanced_tracker.py:_activate_slot,519_515_1044_609_1130
R,DETECTION,SUBPIXEL,0
L,7,519,PREDICTION,src/tracking/advanced_tracker.py:id_merge,
R,PREDICTION,SUBPIXEL,0
A,519
S,2,525,DETECTION,src/tracking/advanced_tracker.py:_activate_slot,525_260_1133_415_1211
S,6,525,DETECTION,src/tracking/advanced_tracker.py:_activate_slot,525_306_616_468_706
S,1,525,PREDICTION,src/tracking/advanced_tracker.py:kalman_homography,
S,3,525,PREDICTION,src/tracking/advanced_tracker.py:kalman_homography,
S,7,525,PREDICTION,src/tracking/advanced_tracker.py:kalman_homography,
S,8,525,PREDICTION,src/tracking/advanced_tracker.py:kalman_homography,
S,5,525,PREDICTION,src/tracking/advanced_tracker.py:flow_gapfill_batched,
D,1,525
S,2,525,PREDICTION,src/tracking/advanced_tracker.py:id_merge,
D,3,525
S,2,525,PREDICTION,src/tracking/advanced_tracker.py:id_merge,
D,5,525
S,6,525,PREDICTION,src/tracking/advanced_tracker.py:id_merge,
D,7,525
S,6,525,PREDICTION,src/tracking/advanced_tracker.py:id_merge,
D,8,525
S,6,525,PREDICTION,src/tracking/advanced_tracker.py:id_merge,
L,2,525,PREDICTION,src/tracking/advanced_tracker.py:id_merge,
R,PREDICTION,PREDICTION,1
L,6,525,PREDICTION,src/tracking/advanced_tracker.py:id_merge,
R,CLAMP,CLAMP,0
A,525
S,2,531,DETECTION,src/tracking/advanced_tracker.py:_activate_slot,531_261_1130_416_1206
S,1,531,PREDICTION,src/tracking/advanced_tracker.py:kalman_homography,
S,3,531,PREDICTION,src/tracking/advanced_tracker.py:kalman_homography,
S,6,531,PREDICTION,src/tracking/advanced_tracker.py:kalman_homography,
S,7,531,PREDICTION,src/tracking/advanced_tracker.py:kalman_homography,
S,5,531,PREDICTION,src/tracking/advanced_tracker.py:flow_gapfill_batched,
S,8,531,PREDICTION,src/tracking/advanced_tracker.py:flow_gapfill_batched,
D,1,531
S,2,531,PREDICTION,src/tracking/advanced_tracker.py:id_merge,
D,3,531
S,2,531,PREDICTION,src/tracking/advanced_tracker.py:id_merge,
D,5,531
S,6,531,PREDICTION,src/tracking/advanced_tracker.py:id_merge,
D,7,531
S,6,531,PREDICTION,src/tracking/advanced_tracker.py:id_merge,
D,8,531
S,6,531,PREDICTION,src/tracking/advanced_tracker.py:id_merge,
L,2,531,PREDICTION,src/tracking/advanced_tracker.py:id_merge,
R,PREDICTION,PREDICTION,1
L,6,531,PREDICTION,src/tracking/advanced_tracker.py:id_merge,
R,CLAMP,CLAMP,0
A,531
S,2,537,DETECTION,src/tracking/advanced_tracker.py:_activate_slot,537_260_1125_415_1203
S,8,537,DETECTION,src/tracking/advanced_tracker.py:_activate_slot,537_176_504_302_595
S,3,537,PREDICTION,src/tracking/advanced_tracker.py:kalman_homography,
S,6,537,PREDICTION,src/tracking/advanced_tracker.py:kalman_homography,
S,1,537,PREDICTION,src/tracking/advanced_tracker.py:flow_gapfill_batched,
S,7,537,PREDICTION,src/tracking/advanced_tracker.py:flow_gapfill_batched,
D,1,537
S,2,537,PREDICTION,src/tracking/advanced_tracker.py:id_merge,
D,3,537
S,2,537,PREDICTION,src/tracking/advanced_tracker.py:id_merge,
D,7,537
S,6,537,PREDICTION,src/tracking/advanced_tracker.py:id_merge,
D,6,537
S,8,537,PREDICTION,src/tracking/advanced_tracker.py:id_merge,
L,2,537,PREDICTION,src/tracking/advanced_tracker.py:id_merge,
R,PREDICTION,PREDICTION,1
L,8,537,PREDICTION,src/tracking/advanced_tracker.py:id_merge,
R,PREDICTION,PREDICTION,1
A,537
S,2,543,DETECTION,src/tracking/advanced_tracker.py:_activate_slot,543_260_1123_415_1199
S,9,543,DETECTION,src/tracking/advanced_tracker.py:_activate_slot,543_174_499_300_603
S,3,543,PREDICTION,src/tracking/advanced_tracker.py:kalman_homography,
S,6,543,PREDICTION,src/tracking/advanced_tracker.py:kalman_homography,
S,8,543,PREDICTION,src/tracking/advanced_tracker.py:kalman_homography,
D,3,543
S,2,543,PREDICTION,src/tracking/advanced_tracker.py:id_merge,
D,6,543
S,8,543,PREDICTION,src/tracking/advanced_tracker.py:id_merge,
D,8,543
S,9,543,PREDICTION,src/tracking/advanced_tracker.py:id_merge,
L,2,543,PREDICTION,src/tracking/advanced_tracker.py:id_merge,
R,PREDICTION,PREDICTION,1
L,9,543,PREDICTION,src/tracking/advanced_tracker.py:id_merge,
R,PREDICTION,PREDICTION,1
A,543
S,2,549,DETECTION,src/tracking/advanced_tracker.py:_activate_slot,549_260_1118_415_1196
S,9,549,DETECTION,src/tracking/advanced_tracker.py:_activate_slot,549_172_506_300_600
S,3,549,PREDICTION,src/tracking/advanced_tracker.py:kalman_homography,
S,6,549,PREDICTION,src/tracking/advanced_tracker.py:kalman_homography,
S,8,549,PREDICTION,src/tracking/advanced_tracker.py:kalman_homography,
D,3,549
S,2,549,PREDICTION,src/tracking/advanced_tracker.py:id_merge,
D,6,549
S,8,549,PREDICTION,src/tracking/advanced_tracker.py:id_merge,
D,8,549
S,9,549,PREDICTION,src/tracking/advanced_tracker.py:id_merge,
L,2,549,PREDICTION,src/tracking/advanced_tracker.py:id_merge,
R,PREDICTION,SUBPIXEL,0
L,9,549,PREDICTION,src/tracking/advanced_tracker.py:id_merge,
R,PREDICTION,SUBPIXEL,0
A,549
S,2,555,DETECTION,src/tracking/advanced_tracker.py:_activate_slot,555_261_1117_416_1195
S,9,555,DETECTION,src/tracking/advanced_tracker.py:_activate_slot,555_143_533_298_605
S,0,555,DETECTION,src/tracking/advanced_tracker.py:_activate_slot,555_312_566_477_674
S,4,555,DETECTION,src/tracking/advanced_tracker.py:_activate_slot,555_353_443_547_570
S,3,555,PREDICTION,src/tracking/advanced_tracker.py:kalman_homography,
S,8,555,PREDICTION,src/tracking/advanced_tracker.py:kalman_homography,
S,6,555,PREDICTION,src/tracking/advanced_tracker.py:flow_gapfill_batched,
D,0,555
S,2,555,PREDICTION,src/tracking/advanced_tracker.py:id_merge,
D,3,555
S,2,555,PREDICTION,src/tracking/advanced_tracker.py:id_merge,
D,2,555
S,4,555,PREDICTION,src/tracking/advanced_tracker.py:id_merge,
D,6,555
S,8,555,PREDICTION,src/tracking/advanced_tracker.py:id_merge,
D,8,555
S,9,555,PREDICTION,src/tracking/advanced_tracker.py:id_merge,
L,4,555,PREDICTION,src/tracking/advanced_tracker.py:id_merge,
R,PREDICTION,PREDICTION,1
L,9,555,PREDICTION,src/tracking/advanced_tracker.py:id_merge,
R,PREDICTION,PREDICTION,1
A,555
S,0,561,DETECTION,src/tracking/advanced_tracker.py:_activate_slot,561_314_562_490_676
S,2,561,DETECTION,src/tracking/advanced_tracker.py:_activate_slot,561_259_1117_417_1197
S,4,561,DETECTION,src/tracking/advanced_tracker.py:_activate_slot,561_354_441_546_568
S,3,561,PREDICTION,src/tracking/advanced_tracker.py:kalman_homography,
S,8,561,PREDICTION,src/tracking/advanced_tracker.py:kalman_homography,
S,9,561,PREDICTION,src/tracking/advanced_tracker.py:kalman_homography,
S,6,561,PREDICTION,src/tracking/advanced_tracker.py:flow_gapfill_batched,
D,0,561
S,2,561,PREDICTION,src/tracking/advanced_tracker.py:id_merge,
D,3,561
S,2,561,PREDICTION,src/tracking/advanced_tracker.py:id_merge,
D,2,561
S,4,561,PREDICTION,src/tracking/advanced_tracker.py:id_merge,
D,6,561
S,8,561,PREDICTION,src/tracking/advanced_tracker.py:id_merge,
D,8,561
S,9,561,PREDICTION,src/tracking/advanced_tracker.py:id_merge,
L,4,561,PREDICTION,src/tracking/advanced_tracker.py:id_merge,
R,PREDICTION,SUBPIXEL,0
L,9,561,PREDICTION,src/tracking/advanced_tracker.py:id_merge,
R,PREDICTION,SUBPIXEL,0
A,561
S,0,567,DETECTION,src/tracking/advanced_tracker.py:_activate_slot,567_321_554_492_676
S,2,567,DETECTION,src/tracking/advanced_tracker.py:_activate_slot,567_260_1114_418_1202
S,4,567,DETECTION,src/tracking/advanced_tracker.py:_activate_slot,567_353_441_549_555
S,9,567,DETECTION,src/tracking/advanced_tracker.py:_activate_slot,567_157_559_297_638
S,8,567,PREDICTION,src/tracking/advanced_tracker.py:kalman_homography,
S,3,567,PREDICTION,src/tracking/advanced_tracker.py:flow_gapfill_batched,
S,6,567,PREDICTION,src/tracking/advanced_tracker.py:flow_gapfill_batched,
D,0,567
S,2,567,PREDICTION,src/tracking/advanced_tracker.py:id_merge,
D,3,567
S,2,567,PREDICTION,src/tracking/advanced_tracker.py:id_merge,
D,2,567
S,4,567,PREDICTION,src/tracking/advanced_tracker.py:id_merge,
D,6,567
S,8,567,PREDICTION,src/tracking/advanced_tracker.py:id_merge,
D,8,567
S,9,567,PREDICTION,src/tracking/advanced_tracker.py:id_merge,
L,4,567,PREDICTION,src/tracking/advanced_tracker.py:id_merge,
R,PREDICTION,PREDICTION,1
L,9,567,PREDICTION,src/tracking/advanced_tracker.py:id_merge,
R,PREDICTION,PREDICTION,1
A,567
S,0,573,DETECTION,src/tracking/advanced_tracker.py:_activate_slot,573_322_560_492_676
S,2,573,DETECTION,src/tracking/advanced_tracker.py:_activate_slot,573_256_1115_421_1201
S,4,573,DETECTION,src/tracking/advanced_tracker.py:_activate_slot,573_354_439_554_539
S,5,573,DETECTION,src/tracking/advanced_tracker.py:_activate_slot,573_262_249_411_317
S,8,573,PREDICTION,src/tracking/advanced_tracker.py:kalman_homography,
S,9,573,PREDICTION,src/tracking/advanced_tracker.py:kalman_homography,
S,6,573,PREDICTION,src/tracking/advanced_tracker.py:flow_gapfill_batched,
D,0,573
S,2,573,PREDICTION,src/tracking/advanced_tracker.py:id_merge,
D,2,573
S,4,573,PREDICTION,src/tracking/advanced_tracker.py:id_merge,
D,6,573
S,5,573,PREDICTION,src/tracking/advanced_tracker.py:id_merge,
D,8,573
S,5,573,PREDICTION,src/tracking/advanced_tracker.py:id_merge,
D,9,573
S,5,573,PREDICTION,src/tracking/advanced_tracker.py:id_merge,
L,4,573,PREDICTION,src/tracking/advanced_tracker.py:id_merge,
R,PREDICTION,PREDICTION,1
L,5,573,PREDICTION,src/tracking/advanced_tracker.py:id_merge,
R,PREDICTION,PREDICTION,1
A,573
S,0,579,DETECTION,src/tracking/advanced_tracker.py:_activate_slot,579_326_569_490_659
S,2,579,DETECTION,src/tracking/advanced_tracker.py:_activate_slot,579_256_1113_421_1199
S,4,579,DETECTION,src/tracking/advanced_tracker.py:_activate_slot,579_354_439_556_530
S,1,579,DETECTION,src/tracking/advanced_tracker.py:_activate_slot,579_249_257_407_333
S,7,579,DETECTION,src/tracking/advanced_tracker.py:_activate_slot,579_116_529_255_597
S,5,579,PREDICTION,src/tracking/advanced_tracker.py:kalman_homography,
S,8,579,PREDICTION,src/tracking/advanced_tracker.py:kalman_homography,
S,9,579,PREDICTION,src/tracking/advanced_tracker.py:kalman_homography,
D,0,579
S,1,579,PREDICTION,src/tracking/advanced_tracker.py:id_merge,
D,1,579
S,2,579,PREDICTION,src/tracking/advanced_tracker.py:id_merge,
D,2,579
S,4,579,PREDICTION,src/tracking/advanced_tracker.py:id_merge,
D,5,579
S,7,579,PREDICTION,src/tracking/advanced_tracker.py:id_merge,
D,8,579
S,7,579,PREDICTION,src/tracking/advanced_tracker.py:id_merge,
D,9,579
S,7,579,PREDICTION,src/tracking/advanced_tracker.py:id_merge,
L,4,579,PREDICTION,src/tracking/advanced_tracker.py:id_merge,
R,PREDICTION,PREDICTION,1
L,7,579,PREDICTION,src/tracking/advanced_tracker.py:id_merge,
R,PREDICTION,PREDICTION,1
A,579
S,0,585,DETECTION,src/tracking/advanced_tracker.py:_activate_slot,585_330_545_490_655
S,2,585,DETECTION,src/tracking/advanced_tracker.py:_activate_slot,585_262_1117_423_1199
S,4,585,DETECTION,src/tracking/advanced_tracker.py:_activate_slot,585_360_440_558_529
S,1,585,PREDICTION,src/tracking/advanced_tracker.py:kalman_homography,
S,5,585,PREDICTION,src/tracking/advanced_tracker.py:kalman_homography,
S,7,585,PREDICTION,src/tracking/advanced_tracker.py:kalman_homography,
S,9,585,PREDICTION,src/tracking/advanced_tracker.py:kalman_homography,
D,1,585
S,0,585,PREDICTION,src/tracking/advanced_tracker.py:id_merge,
D,0,585
S,2,585,PREDICTION,src/tracking/advanced_tracker.py:id_merge,
D,2,585
S,4,585,PREDICTION,src/tracking/advanced_tracker.py:id_merge,
D,5,585
S,7,585,PREDICTION,src/tracking/advanced_tracker.py:id_merge,
D,9,585
S,7,585,PREDICTION,src/tracking/advanced_tracker.py:id_merge,
L,4,585,PREDICTION,src/tracking/advanced_tracker.py:id_merge,
R,PREDICTION,PREDICTION,1
L,7,585,PREDICTION,src/tracking/advanced_tracker.py:id_merge,
R,PREDICTION,PREDICTION,1
A,585
S,0,591,DETECTION,src/tracking/advanced_tracker.py:_activate_slot,591_331_538_494_656
S,2,591,DETECTION,src/tracking/advanced_tracker.py:_activate_slot,591_258_1119_426_1197
S,4,591,DETECTION,src/tracking/advanced_tracker.py:_activate_slot,591_360_441_561_529
S,1,591,PREDICTION,src/tracking/advanced_tracker.py:kalman_homography,
S,5,591,PREDICTION,src/tracking/advanced_tracker.py:kalman_homography,
S,7,591,PREDICTION,src/tracking/advanced_tracker.py:kalman_homography,
S,9,591,PREDICTION,src/tracking/advanced_tracker.py:kalman_homography,
D,1,591
S,0,591,PREDICTION,src/tracking/advanced_tracker.py:id_merge,
D,0,591
S,2,591,PREDICTION,src/tracking/advanced_tracker.py:id_merge,
D,2,591
S,4,591,PREDICTION,src/tracking/advanced_tracker.py:id_merge,
D,5,591
S,7,591,PREDICTION,src/tracking/advanced_tracker.py:id_merge,
D,9,591
S,7,591,PREDICTION,src/tracking/advanced_tracker.py:id_merge,
L,4,591,PREDICTION,src/tracking/advanced_tracker.py:id_merge,
R,PREDICTION,PREDICTION,1
L,7,591,PREDICTION,src/tracking/advanced_tracker.py:id_merge,
R,PREDICTION,SUBPIXEL,0
A,591
S,0,597,DETECTION,src/tracking/advanced_tracker.py:_activate_slot,597_335_537_495_653
S,2,597,DETECTION,src/tracking/advanced_tracker.py:_activate_slot,597_261_462_407_544
S,4,597,DETECTION,src/tracking/advanced_tracker.py:_activate_slot,597_360_438_559_527
S,1,597,PREDICTION,src/tracking/advanced_tracker.py:kalman_homography,
S,5,597,PREDICTION,src/tracking/advanced_tracker.py:kalman_homography,
S,7,597,PREDICTION,src/tracking/advanced_tracker.py:kalman_homography,
S,9,597,PREDICTION,src/tracking/advanced_tracker.py:kalman_homography,
D,1,597
S,0,597,PREDICTION,src/tracking/advanced_tracker.py:id_merge,
D,0,597
S,2,597,PREDICTION,src/tracking/advanced_tracker.py:id_merge,
D,2,597
S,4,597,PREDICTION,src/tracking/advanced_tracker.py:id_merge,
D,5,597
S,7,597,PREDICTION,src/tracking/advanced_tracker.py:id_merge,
D,9,597
S,7,597,PREDICTION,src/tracking/advanced_tracker.py:id_merge,
L,4,597,PREDICTION,src/tracking/advanced_tracker.py:id_merge,
R,PREDICTION,SUBPIXEL,0
L,7,597,PREDICTION,src/tracking/advanced_tracker.py:id_merge,
R,PREDICTION,SUBPIXEL,0
A,597
S,0,603,DETECTION,src/tracking/advanced_tracker.py:_activate_slot,603_264_463_403_544
S,2,603,DETECTION,src/tracking/advanced_tracker.py:_activate_slot,603_231_323_413_413
S,4,603,DETECTION,src/tracking/advanced_tracker.py:_activate_slot,603_360_437_561_523
S,1,603,PREDICTION,src/tracking/advanced_tracker.py:kalman_homography,
S,5,603,PREDICTION,src/tracking/advanced_tracker.py:kalman_homography,
S,7,603,PREDICTION,src/tracking/advanced_tracker.py:kalman_homography,
S,9,603,PREDICTION,src/tracking/advanced_tracker.py:kalman_homography,
D,1,603
S,0,603,PREDICTION,src/tracking/advanced_tracker.py:id_merge,
D,0,603
S,2,603,PREDICTION,src/tracking/advanced_tracker.py:id_merge,
D,2,603
S,4,603,PREDICTION,src/tracking/advanced_tracker.py:id_merge,
D,5,603
S,7,603,PREDICTION,src/tracking/advanced_tracker.py:id_merge,
D,9,603
S,7,603,PREDICTION,src/tracking/advanced_tracker.py:id_merge,
L,4,603,PREDICTION,src/tracking/advanced_tracker.py:id_merge,
R,PREDICTION,SUBPIXEL,0
L,7,603,PREDICTION,src/tracking/advanced_tracker.py:id_merge,
R,PREDICTION,SUBPIXEL,0
A,603
S,0,609,DETECTION,src/tracking/advanced_tracker.py:_activate_slot,609_265_464_405_545
S,2,609,DETECTION,src/tracking/advanced_tracker.py:_activate_slot,609_333_776_516_874
S,4,609,DETECTION,src/tracking/advanced_tracker.py:_activate_slot,609_360_437_560_523
S,3,609,DETECTION,src/tracking/advanced_tracker.py:_activate_slot,609_337_519_509_627
S,1,609,PREDICTION,src/tracking/advanced_tracker.py:kalman_homography,
S,5,609,PREDICTION,src/tracking/advanced_tracker.py:kalman_homography,
S,7,609,PREDICTION,src/tracking/advanced_tracker.py:kalman_homography,
S,9,609,PREDICTION,src/tracking/advanced_tracker.py:kalman_homography,
D,1,609
S,0,609,PREDICTION,src/tracking/advanced_tracker.py:id_merge,
D,0,609
S,2,609,PREDICTION,src/tracking/advanced_tracker.py:id_merge,
D,2,609
S,3,609,PREDICTION,src/tracking/advanced_tracker.py:id_merge,
D,3,609
S,4,609,PREDICTION,src/tracking/advanced_tracker.py:id_merge,
D,5,609
S,7,609,PREDICTION,src/tracking/advanced_tracker.py:id_merge,
D,9,609
S,7,609,PREDICTION,src/tracking/advanced_tracker.py:id_merge,
L,4,609,PREDICTION,src/tracking/advanced_tracker.py:id_merge,
R,PREDICTION,SUBPIXEL,0
L,7,609,PREDICTION,src/tracking/advanced_tracker.py:id_merge,
R,PREDICTION,SUBPIXEL,0
A,609
S,1,615,DETECTION,src/tracking/advanced_tracker.py:_activate_slot,615_353_824_545_924
S,2,615,DETECTION,src/tracking/advanced_tracker.py:_activate_slot,615_330_773_516_874
S,3,615,DETECTION,src/tracking/advanced_tracker.py:_activate_slot,615_340_531_514_623
S,4,615,DETECTION,src/tracking/advanced_tracker.py:_activate_slot,615_359_439_561_522
S,0,615,PREDICTION,src/tracking/advanced_tracker.py:kalman_homography,
S,5,615,PREDICTION,src/tracking/advanced_tracker.py:kalman_homography,
S,7,615,PREDICTION,src/tracking/advanced_tracker.py:kalman_homography,
D,0,615
S,1,615,PREDICTION,src/tracking/advanced_tracker.py:id_merge,
D,1,615
S,2,615,PREDICTION,src/tracking/advanced_tracker.py:id_merge,
D,2,615
S,3,615,PREDICTION,src/tracking/advanced_tracker.py:id_merge,
D,3,615
S,4,615,PREDICTION,src/tracking/advanced_tracker.py:id_merge,
D,5,615
S,7,615,PREDICTION,src/tracking/advanced_tracker.py:id_merge,
L,4,615,PREDICTION,src/tracking/advanced_tracker.py:id_merge,
R,PREDICTION,SUBPIXEL,0
L,7,615,PREDICTION,src/tracking/advanced_tracker.py:id_merge,
R,PREDICTION,SUBPIXEL,0
A,615
S,1,621,DETECTION,src/tracking/advanced_tracker.py:_activate_slot,621_354_825_545_923
S,2,621,DETECTION,src/tracking/advanced_tracker.py:_activate_slot,621_332_774_518_876
S,3,621,DETECTION,src/tracking/advanced_tracker.py:_activate_slot,621_344_528_513_622
S,4,621,DETECTION,src/tracking/advanced_tracker.py:_activate_slot,621_366_435_560_521
S,0,621,PREDICTION,src/tracking/advanced_tracker.py:kalman_homography,
S,7,621,PREDICTION,src/tracking/advanced_tracker.py:kalman_homography,
D,0,621
S,1,621,PREDICTION,src/tracking/advanced_tracker.py:id_merge,
D,1,621
S,2,621,PREDICTION,src/tracking/advanced_tracker.py:id_merge,
D,2,621
S,3,621,PREDICTION,src/tracking/advanced_tracker.py:id_merge,
D,3,621
S,4,621,PREDICTION,src/tracking/advanced_tracker.py:id_merge,
L,4,621,PREDICTION,src/tracking/advanced_tracker.py:id_merge,
R,PREDICTION,SUBPIXEL,0
L,7,621,PREDICTION,src/tracking/advanced_tracker.py:kalman_homography,
R,PREDICTION,SUBPIXEL,0
A,621
S,1,627,DETECTION,src/tracking/advanced_tracker.py:_activate_slot,627_353_824_543_924
S,2,627,DETECTION,src/tracking/advanced_tracker.py:_activate_slot,627_333_775_519_873
S,3,627,DETECTION,src/tracking/advanced_tracker.py:_activate_slot,627_347_513_514_623
S,4,627,DETECTION,src/tracking/advanced_tracker.py:_activate_slot,627_375_432_560_520
S,0,627,PREDICTION,src/tracking/advanced_tracker.py:kalman_homography,
S,7,627,PREDICTION,src/tracking/advanced_tracker.py:flow_gapfill_batched,
D,0,627
S,1,627,PREDICTION,src/tracking/advanced_tracker.py:id_merge,
D,1,627
S,2,627,PREDICTION,src/tracking/advanced_tracker.py:id_merge,
D,2,627
S,3,627,PREDICTION,src/tracking/advanced_tracker.py:id_merge,
D,3,627
S,4,627,PREDICTION,src/tracking/advanced_tracker.py:id_merge,
L,4,627,PREDICTION,src/tracking/advanced_tracker.py:id_merge,
R,PREDICTION,SUBPIXEL,0
L,7,627,PREDICTION,src/tracking/advanced_tracker.py:flow_gapfill_batched,
R,PREDICTION,PREDICTION,1
A,627
S,1,633,DETECTION,src/tracking/advanced_tracker.py:_activate_slot,633_353_828_544_926
S,2,633,DETECTION,src/tracking/advanced_tracker.py:_activate_slot,633_334_775_519_875
S,3,633,DETECTION,src/tracking/advanced_tracker.py:_activate_slot,633_347_500_513_622
S,4,633,DETECTION,src/tracking/advanced_tracker.py:_activate_slot,633_369_425_553_515
S,0,633,PREDICTION,src/tracking/advanced_tracker.py:kalman_homography,
D,0,633
S,1,633,PREDICTION,src/tracking/advanced_tracker.py:id_merge,
D,1,633
S,2,633,PREDICTION,src/tracking/advanced_tracker.py:id_merge,
D,2,633
S,3,633,PREDICTION,src/tracking/advanced_tracker.py:id_merge,
D,3,633
S,4,633,PREDICTION,src/tracking/advanced_tracker.py:id_merge,
L,4,633,PREDICTION,src/tracking/advanced_tracker.py:id_merge,
R,PREDICTION,PREDICTION,1
A,633
S,1,639,DETECTION,src/tracking/advanced_tracker.py:_activate_slot,639_352_829_545_927
S,2,639,DETECTION,src/tracking/advanced_tracker.py:_activate_slot,639_332_776_518_876
S,3,639,DETECTION,src/tracking/advanced_tracker.py:_activate_slot,639_344_490_510_618
S,4,639,DETECTION,src/tracking/advanced_tracker.py:_activate_slot,639_366_422_540_508
S,0,639,DETECTION,src/tracking/advanced_tracker.py:_activate_slot,639_201_331_349_397
D,0,639
S,1,639,PREDICTION,src/tracking/advanced_tracker.py:id_merge,
D,1,639
S,2,639,PREDICTION,src/tracking/advanced_tracker.py:id_merge,
D,2,639
S,3,639,PREDICTION,src/tracking/advanced_tracker.py:id_merge,
D,3,639
S,4,639,PREDICTION,src/tracking/advanced_tracker.py:id_merge,
L,4,639,PREDICTION,src/tracking/advanced_tracker.py:id_merge,
R,PREDICTION,PREDICTION,1
A,639
S,0,645,DETECTION,src/tracking/advanced_tracker.py:_activate_slot,645_468_434_614_522
S,1,645,DETECTION,src/tracking/advanced_tracker.py:_activate_slot,645_353_826_545_929
S,2,645,DETECTION,src/tracking/advanced_tracker.py:_activate_slot,645_331_790_522_882
S,3,645,DETECTION,src/tracking/advanced_tracker.py:_activate_slot,645_348_487_512_611
S,4,645,DETECTION,src/tracking/advanced_tracker.py:_activate_slot,645_366_414_532_507
S,6,645,DETECTION,src/tracking/advanced_tracker.py:_activate_slot,645_114_631_246_699
D,0,645
S,1,645,PREDICTION,src/tracking/advanced_tracker.py:id_merge,
D,1,645
S,2,645,PREDICTION,src/tracking/advanced_tracker.py:id_merge,
D,2,645
S,3,645,PREDICTION,src/tracking/advanced_tracker.py:id_merge,
D,3,645
S,4,645,PREDICTION,src/tracking/advanced_tracker.py:id_merge,
L,4,645,PREDICTION,src/tracking/advanced_tracker.py:id_merge,
R,PREDICTION,PREDICTION,1
L,6,645,DETECTION,src/tracking/advanced_tracker.py:_activate_slot,645_114_631_246_699
R,CLAMP,CLAMP,0
A,645
S,0,651,DETECTION,src/tracking/advanced_tracker.py:_activate_slot,651_463_439_614_527
S,1,651,DETECTION,src/tracking/advanced_tracker.py:_activate_slot,651_353_828_545_932
S,2,651,DETECTION,src/tracking/advanced_tracker.py:_activate_slot,651_331_794_519_881
S,3,651,DETECTION,src/tracking/advanced_tracker.py:_activate_slot,651_342_484_512_592
S,4,651,DETECTION,src/tracking/advanced_tracker.py:_activate_slot,651_368_410_529_508
S,6,651,PREDICTION,src/tracking/advanced_tracker.py:kalman_homography,
D,0,651
S,1,651,PREDICTION,src/tracking/advanced_tracker.py:id_merge,
D,1,651
S,2,651,PREDICTION,src/tracking/advanced_tracker.py:id_merge,
D,2,651
S,3,651,PREDICTION,src/tracking/advanced_tracker.py:id_merge,
D,3,651
S,4,651,PREDICTION,src/tracking/advanced_tracker.py:id_merge,
L,4,651,PREDICTION,src/tracking/advanced_tracker.py:id_merge,
R,PREDICTION,PREDICTION,1
L,6,651,PREDICTION,src/tracking/advanced_tracker.py:kalman_homography,
R,CLAMP,CLAMP,0
A,651
S,0,657,DETECTION,src/tracking/advanced_tracker.py:_activate_slot,657_236_396_391_483
S,1,657,DETECTION,src/tracking/advanced_tracker.py:_activate_slot,657_354_828_546_932
S,2,657,DETECTION,src/tracking/advanced_tracker.py:_activate_slot,657_330_796_527_882
S,3,657,DETECTION,src/tracking/advanced_tracker.py:_activate_slot,657_340_482_512_587
S,4,657,DETECTION,src/tracking/advanced_tracker.py:_activate_slot,657_373_408_555_506
S,6,657,PREDICTION,src/tracking/advanced_tracker.py:kalman_homography,
D,0,657
S,1,657,PREDICTION,src/tracking/advanced_tracker.py:id_merge,
D,1,657
S,2,657,PREDICTION,src/tracking/advanced_tracker.py:id_merge,
D,2,657
S,3,657,PREDICTION,src/tracking/advanced_tracker.py:id_merge,
D,3,657
S,4,657,PREDICTION,src/tracking/advanced_tracker.py:id_merge,
L,4,657,PREDICTION,src/tracking/advanced_tracker.py:id_merge,
R,PREDICTION,PREDICTION,1
L,6,657,PREDICTION,src/tracking/advanced_tracker.py:kalman_homography,
R,CLAMP,CLAMP,0
A,657
S,0,663,DETECTION,src/tracking/advanced_tracker.py:_activate_slot,663_464_446_614_535
S,1,663,DETECTION,src/tracking/advanced_tracker.py:_activate_slot,663_352_835_545_933
S,2,663,DETECTION,src/tracking/advanced_tracker.py:_activate_slot,663_331_795_519_884
S,3,663,DETECTION,src/tracking/advanced_tracker.py:_activate_slot,663_348_483_514_588
S,4,663,DETECTION,src/tracking/advanced_tracker.py:_activate_slot,663_377_411_558_508
S,6,663,PREDICTION,src/tracking/advanced_tracker.py:kalman_homography,
D,0,663
S,1,663,PREDICTION,src/tracking/advanced_tracker.py:id_merge,
D,1,663
S,2,663,PREDICTION,src/tracking/advanced_tracker.py:id_merge,
D,2,663
S,3,663,PREDICTION,src/tracking/advanced_tracker.py:id_merge,
D,3,663
S,4,663,PREDICTION,src/tracking/advanced_tracker.py:id_merge,
L,4,663,PREDICTION,src/tracking/advanced_tracker.py:id_merge,
R,PREDICTION,PREDICTION,1
L,6,663,PREDICTION,src/tracking/advanced_tracker.py:kalman_homography,
R,CLAMP,CLAMP,0
A,663
S,0,669,DETECTION,src/tracking/advanced_tracker.py:_activate_slot,669_467_450_615_540
S,1,669,DETECTION,src/tracking/advanced_tracker.py:_activate_slot,669_352_835_551_935
S,2,669,DETECTION,src/tracking/advanced_tracker.py:_activate_slot,669_331_793_515_893
S,3,669,DETECTION,src/tracking/advanced_tracker.py:_activate_slot,669_348_481_513_587
S,4,669,DETECTION,src/tracking/advanced_tracker.py:_activate_slot,669_379_420_546_511
S,6,669,PREDICTION,src/tracking/advanced_tracker.py:kalman_homography,
D,0,669
S,1,669,PREDICTION,src/tracking/advanced_tracker.py:id_merge,
D,1,669
S,2,669,PREDICTION,src/tracking/advanced_tracker.py:id_merge,
D,2,669
S,3,669,PREDICTION,src/tracking/advanced_tracker.py:id_merge,
D,3,669
S,4,669,PREDICTION,src/tracking/advanced_tracker.py:id_merge,
L,4,669,PREDICTION,src/tracking/advanced_tracker.py:id_merge,
R,PREDICTION,PREDICTION,1
L,6,669,PREDICTION,src/tracking/advanced_tracker.py:kalman_homography,
R,CLAMP,CLAMP,0
A,669
S,1,675,DETECTION,src/tracking/advanced_tracker.py:_activate_slot,675_183_340_316_408
S,2,675,DETECTION,src/tracking/advanced_tracker.py:_activate_slot,675_332_793_516_895
S,3,675,DETECTION,src/tracking/advanced_tracker.py:_activate_slot,675_210_371_387_452
S,4,675,DETECTION,src/tracking/advanced_tracker.py:_activate_slot,675_385_427_540_514
S,0,675,PREDICTION,src/tracking/advanced_tracker.py:kalman_homography,
S,6,675,PREDICTION,src/tracking/advanced_tracker.py:kalman_homography,
D,0,675
S,1,675,PREDICTION,src/tracking/advanced_tracker.py:id_merge,
D,1,675
S,2,675,PREDICTION,src/tracking/advanced_tracker.py:id_merge,
D,2,675
S,3,675,PREDICTION,src/tracking/advanced_tracker.py:id_merge,
D,3,675
S,4,675,PREDICTION,src/tracking/advanced_tracker.py:id_merge,
L,4,675,PREDICTION,src/tracking/advanced_tracker.py:id_merge,
R,PREDICTION,PREDICTION,1
L,6,675,PREDICTION,src/tracking/advanced_tracker.py:kalman_homography,
R,CLAMP,CLAMP,0
A,675
S,0,681,DETECTION,src/tracking/advanced_tracker.py:_activate_slot,681_272_1113_437_1223
S,1,681,DETECTION,src/tracking/advanced_tracker.py:_activate_slot,681_352_864_532_938
S,2,681,DETECTION,src/tracking/advanced_tracker.py:_activate_slot,681_332_792_514_898
S,3,681,DETECTION,src/tracking/advanced_tracker.py:_activate_slot,681_351_474_519_585
S,4,681,DETECTION,src/tracking/advanced_tracker.py:_activate_slot,681_391_423_551_521
S,6,681,PREDICTION,src/tracking/advanced_tracker.py:kalman_homography,
D,0,681
S,1,681,PREDICTION,src/tracking/advanced_tracker.py:id_merge,
D,1,681
S,2,681,PREDICTION,src/tracking/advanced_tracker.py:id_merge,
D,2,681
S,3,681,PREDICTION,src/tracking/advanced_tracker.py:id_merge,
D,3,681
S,4,681,PREDICTION,src/tracking/advanced_tracker.py:id_merge,
L,4,681,PREDICTION,src/tracking/advanced_tracker.py:id_merge,
R,PREDICTION,PREDICTION,1
L,6,681,PREDICTION,src/tracking/advanced_tracker.py:kalman_homography,
R,CLAMP,CLAMP,0
A,681
S,0,687,DETECTION,src/tracking/advanced_tracker.py:_activate_slot,687_468_453_615_542
S,1,687,DETECTION,src/tracking/advanced_tracker.py:_activate_slot,687_354_859_546_951
S,2,687,DETECTION,src/tracking/advanced_tracker.py:_activate_slot,687_330_792_510_902
S,3,687,DETECTION,src/tracking/advanced_tracker.py:_activate_slot,687_353_480_518_585
S,4,687,DETECTION,src/tracking/advanced_tracker.py:_activate_slot,687_395_423_554_529
S,6,687,PREDICTION,src/tracking/advanced_tracker.py:kalman_homography,
D,0,687
S,1,687,PREDICTION,src/tracking/advanced_tracker.py:id_merge,
D,1,687
S,2,687,PREDICTION,src/tracking/advanced_tracker.py:id_merge,
D,2,687
S,3,687,PREDICTION,src/tracking/advanced_tracker.py:id_merge,
D,3,687
S,4,687,PREDICTION,src/tracking/advanced_tracker.py:id_merge,
L,4,687,PREDICTION,src/tracking/advanced_tracker.py:id_merge,
R,PREDICTION,PREDICTION,1
L,6,687,PREDICTION,src/tracking/advanced_tracker.py:kalman_homography,
R,CLAMP,CLAMP,0
A,687
S,0,693,DETECTION,src/tracking/advanced_tracker.py:_activate_slot,693_468_450_614_540
S,1,693,DETECTION,src/tracking/advanced_tracker.py:_activate_slot,693_209_350_394_441
S,2,693,DETECTION,src/tracking/advanced_tracker.py:_activate_slot,693_327_807_509_905
S,3,693,DETECTION,src/tracking/advanced_tracker.py:_activate_slot,693_357_483_517_586
S,4,693,DETECTION,src/tracking/advanced_tracker.py:_activate_slot,693_401_421_600_534
S,5,693,DETECTION,src/tracking/advanced_tracker.py:_activate_slot,693_115_496_240_565
S,6,693,PREDICTION,src/tracking/advanced_tracker.py:flow_gapfill_batched,
D,0,693
S,1,693,PREDICTION,src/tracking/advanced_tracker.py:id_merge,
D,1,693
S,2,693,PREDICTION,src/tracking/advanced_tracker.py:id_merge,
D,2,693
S,3,693,PREDICTION,src/tracking/advanced_tracker.py:id_merge,
D,3,693
S,4,693,PREDICTION,src/tracking/advanced_tracker.py:id_merge,
D,6,693
S,5,693,PREDICTION,src/tracking/advanced_tracker.py:id_merge,
L,4,693,PREDICTION,src/tracking/advanced_tracker.py:id_merge,
R,PREDICTION,PREDICTION,1
L,5,693,PREDICTION,src/tracking/advanced_tracker.py:id_merge,
R,PREDICTION,PREDICTION,1
A,693
S,0,699,DETECTION,src/tracking/advanced_tracker.py:_activate_slot,699_468_448_613_538
S,1,699,DETECTION,src/tracking/advanced_tracker.py:_activate_slot,699_355_879_548_971
S,2,699,DETECTION,src/tracking/advanced_tracker.py:_activate_slot,699_325_817_507_907
S,3,699,DETECTION,src/tracking/advanced_tracker.py:_activate_slot,699_360_482_517_584
S,4,699,DETECTION,src/tracking/advanced_tracker.py:_activate_slot,699_404_419_608_533
S,5,699,PREDICTION,src/tracking/advanced_tracker.py:kalman_homography,
D,0,699
S,1,699,PREDICTION,src/tracking/advanced_tracker.py:id_merge,
D,1,699
S,2,699,PREDICTION,src/tracking/advanced_tracker.py:id_merge,
D,2,699
S,3,699,PREDICTION,src/tracking/advanced_tracker.py:id_merge,
D,3,699
S,4,699,PREDICTION,src/tracking/advanced_tracker.py:id_merge,
L,4,699,PREDICTION,src/tracking/advanced_tracker.py:id_merge,
R,PREDICTION,PREDICTION,1
L,5,699,PREDICTION,src/tracking/advanced_tracker.py:kalman_homography,
R,PREDICTION,PREDICTION,1
A,699
S,0,705,DETECTION,src/tracking/advanced_tracker.py:_activate_slot,705_471_442_614_537
S,1,705,DETECTION,src/tracking/advanced_tracker.py:_activate_slot,705_356_884_545_971
S,2,705,DETECTION,src/tracking/advanced_tracker.py:_activate_slot,705_325_815_508_911
S,3,705,DETECTION,src/tracking/advanced_tracker.py:_activate_slot,705_362_481_515_588
S,4,705,DETECTION,src/tracking/advanced_tracker.py:_activate_slot,705_406_419_594_532
S,5,705,PREDICTION,src/tracking/advanced_tracker.py:kalman_homography,
D,0,705
S,1,705,PREDICTION,src/tracking/advanced_tracker.py:id_merge,
D,1,705
S,2,705,PREDICTION,src/tracking/advanced_tracker.py:id_merge,
D,2,705
S,3,705,PREDICTION,src/tracking/advanced_tracker.py:id_merge,
D,3,705
S,4,705,PREDICTION,src/tracking/advanced_tracker.py:id_merge,
L,4,705,PREDICTION,src/tracking/advanced_tracker.py:id_merge,
R,PREDICTION,PREDICTION,1
L,5,705,PREDICTION,src/tracking/advanced_tracker.py:kalman_homography,
R,PREDICTION,SUBPIXEL,0
A,705
S,0,711,DETECTION,src/tracking/advanced_tracker.py:_activate_slot,711_469_441_613_536
S,1,711,DETECTION,src/tracking/advanced_tracker.py:_activate_slot,711_355_891_544_973
S,2,711,DETECTION,src/tracking/advanced_tracker.py:_activate_slot,711_324_814_505_915
S,3,711,DETECTION,src/tracking/advanced_tracker.py:_activate_slot,711_364_484_510_594
S,4,711,DETECTION,src/tracking/advanced_tracker.py:_activate_slot,711_394_416_585_531
S,5,711,PREDICTION,src/tracking/advanced_tracker.py:kalman_homography,
D,0,711
S,1,711,PREDICTION,src/tracking/advanced_tracker.py:id_merge,
D,1,711
S,2,711,PREDICTION,src/tracking/advanced_tracker.py:id_merge,
D,2,711
S,3,711,PREDICTION,src/tracking/advanced_tracker.py:id_merge,
D,3,711
S,4,711,PREDICTION,src/tracking/advanced_tracker.py:id_merge,
L,4,711,PREDICTION,src/tracking/advanced_tracker.py:id_merge,
R,PREDICTION,PREDICTION,1
L,5,711,PREDICTION,src/tracking/advanced_tracker.py:kalman_homography,
R,PREDICTION,SUBPIXEL,0
A,711
S,0,717,DETECTION,src/tracking/advanced_tracker.py:_activate_slot,717_275_1115_435_1193
S,1,717,DETECTION,src/tracking/advanced_tracker.py:_activate_slot,717_354_899_545_978
S,2,717,DETECTION,src/tracking/advanced_tracker.py:_activate_slot,717_323_819_505_919
S,3,717,DETECTION,src/tracking/advanced_tracker.py:_activate_slot,717_363_480_508_595
S,4,717,DETECTION,src/tracking/advanced_tracker.py:_activate_slot,717_393_415_582_521
S,5,717,PREDICTION,src/tracking/advanced_tracker.py:kalman_homography,
D,0,717
S,1,717,PREDICTION,src/tracking/advanced_tracker.py:id_merge,
D,1,717
S,2,717,PREDICTION,src/tracking/advanced_tracker.py:id_merge,
D,2,717
S,3,717,PREDICTION,src/tracking/advanced_tracker.py:id_merge,
D,3,717
S,4,717,PREDICTION,src/tracking/advanced_tracker.py:id_merge,
L,4,717,PREDICTION,src/tracking/advanced_tracker.py:id_merge,
R,PREDICTION,PREDICTION,1
L,5,717,PREDICTION,src/tracking/advanced_tracker.py:kalman_homography,
R,PREDICTION,SUBPIXEL,0
A,717
S,0,723,DETECTION,src/tracking/advanced_tracker.py:_activate_slot,723_469_442_614_536
S,1,723,DETECTION,src/tracking/advanced_tracker.py:_activate_slot,723_354_903_537_986
S,2,723,DETECTION,src/tracking/advanced_tracker.py:_activate_slot,723_321_830_499_922
S,3,723,DETECTION,src/tracking/advanced_tracker.py:_activate_slot,723_355_472_509_594
S,4,723,DETECTION,src/tracking/advanced_tracker.py:_activate_slot,723_389_410_559_515
S,5,723,PREDICTION,src/tracking/advanced_tracker.py:kalman_homography,
D,0,723
S,1,723,PREDICTION,src/tracking/advanced_tracker.py:id_merge,
D,1,723
S,2,723,PREDICTION,src/tracking/advanced_tracker.py:id_merge,
D,2,723
S,3,723,PREDICTION,src/tracking/advanced_tracker.py:id_merge,
D,3,723
S,4,723,PREDICTION,src/tracking/advanced_tracker.py:id_merge,
L,4,723,PREDICTION,src/tracking/advanced_tracker.py:id_merge,
R,PREDICTION,PREDICTION,1
L,5,723,PREDICTION,src/tracking/advanced_tracker.py:kalman_homography,
R,PREDICTION,SUBPIXEL,0
A,723
S,0,729,DETECTION,src/tracking/advanced_tracker.py:_activate_slot,729_469_440_614_535
S,1,729,DETECTION,src/tracking/advanced_tracker.py:_activate_slot,729_353_905_540_989
S,2,729,DETECTION,src/tracking/advanced_tracker.py:_activate_slot,729_320_840_502_927
S,3,729,DETECTION,src/tracking/advanced_tracker.py:_activate_slot,729_362_468_509_593
S,4,729,DETECTION,src/tracking/advanced_tracker.py:_activate_slot,729_390_405_551_511
S,7,729,DETECTION,src/tracking/advanced_tracker.py:_activate_slot,729_169_674_308_750
S,5,729,PREDICTION,src/tracking/advanced_tracker.py:kalman_homography,
D,0,729
S,1,729,PREDICTION,src/tracking/advanced_tracker.py:id_merge,
D,1,729
S,2,729,PREDICTION,src/tracking/advanced_tracker.py:id_merge,
D,2,729
S,3,729,PREDICTION,src/tracking/advanced_tracker.py:id_merge,
D,3,729
S,4,729,PREDICTION,src/tracking/advanced_tracker.py:id_merge,
D,5,729
S,7,729,PREDICTION,src/tracking/advanced_tracker.py:id_merge,
L,4,729,PREDICTION,src/tracking/advanced_tracker.py:id_merge,
R,PREDICTION,PREDICTION,1
L,7,729,PREDICTION,src/tracking/advanced_tracker.py:id_merge,
R,PREDICTION,PREDICTION,1
A,729
S,0,735,DETECTION,src/tracking/advanced_tracker.py:_activate_slot,735_275_1113_437_1187
S,1,735,DETECTION,src/tracking/advanced_tracker.py:_activate_slot,735_353_911_537_995
S,2,735,DETECTION,src/tracking/advanced_tracker.py:_activate_slot,735_319_845_499_937
S,3,735,DETECTION,src/tracking/advanced_tracker.py:_activate_slot,735_362_474_509_591
S,4,735,DETECTION,src/tracking/advanced_tracker.py:_activate_slot,735_388_401_554_501
S,5,735,PREDICTION,src/tracking/advanced_tracker.py:kalman_homography,
S,7,735,PREDICTION,src/tracking/advanced_tracker.py:kalman_homography,
D,0,735
S,1,735,PREDICTION,src/tracking/advanced_tracker.py:id_merge,
D,1,735
S,2,735,PREDICTION,src/tracking/advanced_tracker.py:id_merge,
D,2,735
S,3,735,PREDICTION,src/tracking/advanced_tracker.py:id_merge,
D,3,735
S,4,735,PREDICTION,src/tracking/advanced_tracker.py:id_merge,
D,5,735
S,7,735,PREDICTION,src/tracking/advanced_tracker.py:id_merge,
L,4,735,PREDICTION,src/tracking/advanced_tracker.py:id_merge,
R,PREDICTION,PREDICTION,1
L,7,735,PREDICTION,src/tracking/advanced_tracker.py:id_merge,
R,PREDICTION,PREDICTION,1
A,735
S,0,741,DETECTION,src/tracking/advanced_tracker.py:_activate_slot,741_471_442_613_531
S,1,741,DETECTION,src/tracking/advanced_tracker.py:_activate_slot,741_175_673_307_749
S,2,741,DETECTION,src/tracking/advanced_tracker.py:_activate_slot,741_321_841_498_939
S,3,741,DETECTION,src/tracking/advanced_tracker.py:_activate_slot,741_352_455_508_590
S,4,741,DETECTION,src/tracking/advanced_tracker.py:_activate_slot,741_377_390_556_495
S,5,741,DETECTION,src/tracking/advanced_tracker.py:_activate_slot,741_351_914_538_1004
S,7,741,PREDICTION,src/tracking/advanced_tracker.py:kalman_homography,
D,0,741
S,1,741,PREDICTION,src/tracking/advanced_tracker.py:id_merge,
D,1,741
S,2,741,PREDICTION,src/tracking/advanced_tracker.py:id_merge,
D,2,741
S,3,741,PREDICTION,src/tracking/advanced_tracker.py:id_merge,
D,3,741
S,4,741,PREDICTION,src/tracking/advanced_tracker.py:id_merge,
D,7,741
S,5,741,PREDICTION,src/tracking/advanced_tracker.py:id_merge,
L,4,741,PREDICTION,src/tracking/advanced_tracker.py:id_merge,
R,PREDICTION,PREDICTION,1
L,5,741,PREDICTION,src/tracking/advanced_tracker.py:id_merge,
R,PREDICTION,PREDICTION,1
A,741
S,0,747,DETECTION,src/tracking/advanced_tracker.py:_activate_slot,747_470_441_613_530
S,1,747,DETECTION,src/tracking/advanced_tracker.py:_activate_slot,747_177_673_306_749
S,2,747,DETECTION,src/tracking/advanced_tracker.py:_activate_slot,747_321_844_498_940
S,3,747,DETECTION,src/tracking/advanced_tracker.py:_activate_slot,747_341_419_500_569
S,4,747,DETECTION,src/tracking/advanced_tracker.py:_activate_slot,747_370_371_548_481
S,5,747,PREDICTION,src/tracking/advanced_tracker.py:kalman_homography,
S,7,747,PREDICTION,src/tracking/advanced_tracker.py:kalman_homography,
D,0,747
S,1,747,PREDICTION,src/tracking/advanced_tracker.py:id_merge,
D,1,747
S,2,747,PREDICTION,src/tracking/advanced_tracker.py:id_merge,
D,2,747
S,3,747,PREDICTION,src/tracking/advanced_tracker.py:id_merge,
D,3,747
S,4,747,PREDICTION,src/tracking/advanced_tracker.py:id_merge,
D,7,747
S,5,747,PREDICTION,src/tracking/advanced_tracker.py:id_merge,
L,4,747,PREDICTION,src/tracking/advanced_tracker.py:id_merge,
R,PREDICTION,PREDICTION,1
L,5,747,PREDICTION,src/tracking/advanced_tracker.py:id_merge,
R,PREDICTION,PREDICTION,1
A,747
S,0,753,DETECTION,src/tracking/advanced_tracker.py:_activate_slot,753_177_385_327_467
S,1,753,DETECTION,src/tracking/advanced_tracker.py:_activate_slot,753_349_921_539_1015
S,2,753,DETECTION,src/tracking/advanced_tracker.py:_activate_slot,753_322_853_499_943
S,3,753,DETECTION,src/tracking/advanced_tracker.py:_activate_slot,753_345_429_493_523
S,4,753,DETECTION,src/tracking/advanced_tracker.py:_activate_slot,753_257_342_419_449
S,5,753,PREDICTION,src/tracking/advanced_tracker.py:kalman_homography,
S,7,753,PREDICTION,src/tracking/advanced_tracker.py:kalman_homography,
D,0,753
S,1,753,PREDICTION,src/tracking/advanced_tracker.py:id_merge,
D,1,753
S,2,753,PREDICTION,src/tracking/advanced_tracker.py:id_merge,
D,2,753
S,3,753,PREDICTION,src/tracking/advanced_tracker.py:id_merge,
D,3,753
S,4,753,PREDICTION,src/tracking/advanced_tracker.py:id_merge,
L,4,753,PREDICTION,src/tracking/advanced_tracker.py:id_merge,
R,PREDICTION,PREDICTION,1
L,5,753,PREDICTION,src/tracking/advanced_tracker.py:kalman_homography,
R,CLAMP,CLAMP,0
L,7,753,PREDICTION,src/tracking/advanced_tracker.py:kalman_homography,
R,PREDICTION,SUBPIXEL,0
A,753
S,0,759,DETECTION,src/tracking/advanced_tracker.py:_activate_slot,759_468_436_613_530
S,1,759,DETECTION,src/tracking/advanced_tracker.py:_activate_slot,759_346_923_541_1022
S,2,759,DETECTION,src/tracking/advanced_tracker.py:_activate_slot,759_321_870_504_945
S,3,759,DETECTION,src/tracking/advanced_tracker.py:_activate_slot,759_345_403_498_522
S,4,759,DETECTION,src/tracking/advanced_tracker.py:_activate_slot,759_272_339_423_453
S,5,759,PREDICTION,src/tracking/advanced_tracker.py:kalman_homography,
S,7,759,PREDICTION,src/tracking/advanced_tracker.py:kalman_homography,
D,0,759
S,1,759,PREDICTION,src/tracking/advanced_tracker.py:id_merge,
D,1,759
S,2,759,PREDICTION,src/tracking/advanced_tracker.py:id_merge,
D,2,759
S,3,759,PREDICTION,src/tracking/advanced_tracker.py:id_merge,
D,3,759
S,4,759,PREDICTION,src/tracking/advanced_tracker.py:id_merge,
D,7,759
S,5,759,PREDICTION,src/tracking/advanced_tracker.py:id_merge,
L,4,759,PREDICTION,src/tracking/advanced_tracker.py:id_merge,
R,PREDICTION,SUBPIXEL,0
L,5,759,PREDICTION,src/tracking/advanced_tracker.py:id_merge,
R,PREDICTION,PREDICTION,1
A,759
S,0,765,DETECTION,src/tracking/advanced_tracker.py:_activate_slot,765_273_1109_433_1185
S,1,765,DETECTION,src/tracking/advanced_tracker.py:_activate_slot,765_345_929_541_1027
S,2,765,DETECTION,src/tracking/advanced_tracker.py:_activate_slot,765_319_874_494_951
S,3,765,DETECTION,src/tracking/advanced_tracker.py:_activate_slot,765_342_381_494_520
S,4,765,DETECTION,src/tracking/advanced_tracker.py:_activate_slot,765_282_344_402_438
S,7,765,PREDICTION,src/tracking/advanced_tracker.py:kalman_homography,
S,5,765,PREDICTION,src/tracking/advanced_tracker.py:flow_gapfill_batched,
D,0,765
S,1,765,PREDICTION,src/tracking/advanced_tracker.py:id_merge,
D,1,765
S,2,765,PREDICTION,src/tracking/advanced_tracker.py:id_merge,
D,2,765
S,3,765,PREDICTION,src/tracking/advanced_tracker.py:id_merge,
D,3,765
S,4,765,PREDICTION,src/tracking/advanced_tracker.py:id_merge,
D,7,765
S,5,765,PREDICTION,src/tracking/advanced_tracker.py:id_merge,
L,4,765,PREDICTION,src/tracking/advanced_tracker.py:id_merge,
R,PREDICTION,PREDICTION,1
L,5,765,PREDICTION,src/tracking/advanced_tracker.py:id_merge,
R,PREDICTION,PREDICTION,1
A,765
S,0,771,DETECTION,src/tracking/advanced_tracker.py:_activate_slot,771_272_1107_433_1185
S,1,771,DETECTION,src/tracking/advanced_tracker.py:_activate_slot,771_344_937_540_1033
S,2,771,DETECTION,src/tracking/advanced_tracker.py:_activate_slot,771_315_866_501_956
S,3,771,DETECTION,src/tracking/advanced_tracker.py:_activate_slot,771_282_335_492_481
S,4,771,DETECTION,src/tracking/advanced_tracker.py:_activate_slot,771_348_297_498_421
S,7,771,PREDICTION,src/tracking/advanced_tracker.py:kalman_homography,
S,5,771,PREDICTION,src/tracking/advanced_tracker.py:flow_gapfill_batched,
D,0,771
S,1,771,PREDICTION,src/tracking/advanced_tracker.py:id_merge,
D,1,771
S,2,771,PREDICTION,src/tracking/advanced_tracker.py:id_merge,
D,2,771
S,3,771,PREDICTION,src/tracking/advanced_tracker.py:id_merge,
D,3,771
S,4,771,PREDICTION,src/tracking/advanced_tracker.py:id_merge,
D,7,771
S,5,771,PREDICTION,src/tracking/advanced_tracker.py:id_merge,
L,4,771,PREDICTION,src/tracking/advanced_tracker.py:id_merge,
R,PREDICTION,PREDICTION,1
L,5,771,PREDICTION,src/tracking/advanced_tracker.py:id_merge,
R,PREDICTION,PREDICTION,1
A,771
S,0,777,DETECTION,src/tracking/advanced_tracker.py:_activate_slot,777_271_1107_435_1185
S,1,777,DETECTION,src/tracking/advanced_tracker.py:_activate_slot,777_344_945_538_1037
S,2,777,DETECTION,src/tracking/advanced_tracker.py:_activate_slot,777_315_863_496_959
S,3,777,DETECTION,src/tracking/advanced_tracker.py:_activate_slot,777_283_331_485_437
S,4,777,DETECTION,src/tracking/advanced_tracker.py:_activate_slot,777_341_299_517_422
S,5,777,PREDICTION,src/tracking/advanced_tracker.py:flow_gapfill_batched,
S,7,777,PREDICTION,src/tracking/advanced_tracker.py:flow_gapfill_batched,
D,0,777
S,1,777,PREDICTION,src/tracking/advanced_tracker.py:id_merge,
D,1,777
S,2,777,PREDICTION,src/tracking/advanced_tracker.py:id_merge,
D,2,777
S,3,777,PREDICTION,src/tracking/advanced_tracker.py:id_merge,
D,3,777
S,4,777,PREDICTION,src/tracking/advanced_tracker.py:id_merge,
D,7,777
S,5,777,PREDICTION,src/tracking/advanced_tracker.py:id_merge,
L,4,777,PREDICTION,src/tracking/advanced_tracker.py:id_merge,
R,PREDICTION,PREDICTION,1
L,5,777,PREDICTION,src/tracking/advanced_tracker.py:id_merge,
R,PREDICTION,PREDICTION,1
A,777
S,0,783,DETECTION,src/tracking/advanced_tracker.py:_activate_slot,783_269_1110_429_1184
S,1,783,DETECTION,src/tracking/advanced_tracker.py:_activate_slot,783_344_949_539_1039
S,2,783,DETECTION,src/tracking/advanced_tracker.py:_activate_slot,783_314_867_492_963
S,3,783,DETECTION,src/tracking/advanced_tracker.py:_activate_slot,783_283_321_486_422
S,4,783,DETECTION,src/tracking/advanced_tracker.py:_activate_slot,783_192_406_322_475
S,5,783,PREDICTION,src/tracking/advanced_tracker.py:flow_gapfill_batched,
D,0,783
S,1,783,PREDICTION,src/tracking/advanced_tracker.py:id_merge,
D,1,783
S,2,783,PREDICTION,src/tracking/advanced_tracker.py:id_merge,
D,2,783
S,3,783,PREDICTION,src/tracking/advanced_tracker.py:id_merge,
D,3,783
S,4,783,PREDICTION,src/tracking/advanced_tracker.py:id_merge,
L,4,783,PREDICTION,src/tracking/advanced_tracker.py:id_merge,
R,PREDICTION,PREDICTION,1
L,5,783,PREDICTION,src/tracking/advanced_tracker.py:flow_gapfill_batched,
R,PREDICTION,SUBPIXEL,0
A,783
S,0,789,DETECTION,src/tracking/advanced_tracker.py:_activate_slot,789_264_1107_427_1181
S,1,789,DETECTION,src/tracking/advanced_tracker.py:_activate_slot,789_342_948_539_1040
S,2,789,DETECTION,src/tracking/advanced_tracker.py:_activate_slot,789_314_881_491_966
S,3,789,DETECTION,src/tracking/advanced_tracker.py:_activate_slot,789_282_317_465_409
S,4,789,DETECTION,src/tracking/advanced_tracker.py:_activate_slot,789_195_408_321_476
S,6,789,DETECTION,src/tracking/advanced_tracker.py:_activate_slot,789_321_314_482_409
S,5,789,PREDICTION,src/tracking/advanced_tracker.py:flow_gapfill_batched,
D,0,789
S,1,789,PREDICTION,src/tracking/advanced_tracker.py:id_merge,
D,1,789
S,2,789,PREDICTION,src/tracking/advanced_tracker.py:id_merge,
D,2,789
S,3,789,PREDICTION,src/tracking/advanced_tracker.py:id_merge,
D,3,789
S,4,789,PREDICTION,src/tracking/advanced_tracker.py:id_merge,
D,5,789
S,6,789,PREDICTION,src/tracking/advanced_tracker.py:id_merge,
L,4,789,PREDICTION,src/tracking/advanced_tracker.py:id_merge,
R,PREDICTION,SUBPIXEL,0
L,6,789,PREDICTION,src/tracking/advanced_tracker.py:id_merge,
R,CLAMP,CLAMP,0
A,789
S,0,795,DETECTION,src/tracking/advanced_tracker.py:_activate_slot,795_263_1105_421_1179
S,1,795,DETECTION,src/tracking/advanced_tracker.py:_activate_slot,795_340_951_537_1041
S,2,795,DETECTION,src/tracking/advanced_tracker.py:_activate_slot,795_312_890_489_975
S,3,795,DETECTION,src/tracking/advanced_tracker.py:_activate_slot,795_314_252_488_363
S,4,795,DETECTION,src/tracking/advanced_tracker.py:_activate_slot,795_195_409_326_478
S,6,795,DETECTION,src/tracking/advanced_tracker.py:_activate_slot,795_169_681_308_752
D,0,795
S,1,795,PREDICTION,src/tracking/advanced_tracker.py:id_merge,
D,1,795
S,2,795,PREDICTION,src/tracking/advanced_tracker.py:id_merge,
D,2,795
S,3,795,PREDICTION,src/tracking/advanced_tracker.py:id_merge,
D,3,795
S,4,795,PREDICTION,src/tracking/advanced_tracker.py:id_merge,
L,4,795,PREDICTION,src/tracking/advanced_tracker.py:id_merge,
R,PREDICTION,PREDICTION,1
L,6,795,DETECTION,src/tracking/advanced_tracker.py:_activate_slot,795_169_681_308_752
R,CLAMP,CLAMP,0
A,795
S,0,801,DETECTION,src/tracking/advanced_tracker.py:_activate_slot,801_259_1091_420_1181
S,1,801,DETECTION,src/tracking/advanced_tracker.py:_activate_slot,801_339_951_535_1044
S,2,801,DETECTION,src/tracking/advanced_tracker.py:_activate_slot,801_316_888_489_976
S,3,801,DETECTION,src/tracking/advanced_tracker.py:_activate_slot,801_309_249_487_358
S,4,801,DETECTION,src/tracking/advanced_tracker.py:_activate_slot,801_201_409_327_482
S,6,801,PREDICTION,src/tracking/advanced_tracker.py:kalman_homography,
D,0,801
S,1,801,PREDICTION,src/tracking/advanced_tracker.py:id_merge,
D,1,801
S,2,801,PREDICTION,src/tracking/advanced_tracker.py:id_merge,
D,2,801
S,3,801,PREDICTION,src/tracking/advanced_tracker.py:id_merge,
D,3,801
S,4,801,PREDICTION,src/tracking/advanced_tracker.py:id_merge,
L,4,801,PREDICTION,src/tracking/advanced_tracker.py:id_merge,
R,PREDICTION,SUBPIXEL,0
L,6,801,PREDICTION,src/tracking/advanced_tracker.py:kalman_homography,
R,CLAMP,CLAMP,0
A,801
S,0,807,DETECTION,src/tracking/advanced_tracker.py:_activate_slot,807_260_1087_420_1181
S,1,807,DETECTION,src/tracking/advanced_tracker.py:_activate_slot,807_339_948_532_1048
S,2,807,DETECTION,src/tracking/advanced_tracker.py:_activate_slot,807_316_891_489_979
S,3,807,DETECTION,src/tracking/advanced_tracker.py:_activate_slot,807_299_227_475_339
S,4,807,DETECTION,src/tracking/advanced_tracker.py:_activate_slot,807_193_410_327_482
S,6,807,PREDICTION,src/tracking/advanced_tracker.py:kalman_homography,
D,0,807
S,1,807,PREDICTION,src/tracking/advanced_tracker.py:id_merge,
D,1,807
S,2,807,PREDICTION,src/tracking/advanced_tracker.py:id_merge,
D,2,807
S,3,807,PREDICTION,src/tracking/advanced_tracker.py:id_merge,
D,3,807
S,4,807,PREDICTION,src/tracking/advanced_tracker.py:id_merge,
L,4,807,PREDICTION,src/tracking/advanced_tracker.py:id_merge,
R,PREDICTION,PREDICTION,1
L,6,807,PREDICTION,src/tracking/advanced_tracker.py:kalman_homography,
R,CLAMP,CLAMP,0
A,807
S,0,813,DETECTION,src/tracking/advanced_tracker.py:_activate_slot,813_259_1089_422_1179
S,1,813,DETECTION,src/tracking/advanced_tracker.py:_activate_slot,813_337_952_532_1052
S,2,813,DETECTION,src/tracking/advanced_tracker.py:_activate_slot,813_315_900_491_978
S,3,813,DETECTION,src/tracking/advanced_tracker.py:_activate_slot,813_298_218_466_337
S,4,813,DETECTION,src/tracking/advanced_tracker.py:_activate_slot,813_189_410_328_483
S,10,813,DETECTION,src/tracking/advanced_tracker.py:_activate_slot,813_108_509_238_569
S,6,813,PREDICTION,src/tracking/advanced_tracker.py:kalman_homography,
D,0,813
S,1,813,PREDICTION,src/tracking/advanced_tracker.py:id_merge,
D,1,813
S,2,813,PREDICTION,src/tracking/advanced_tracker.py:id_merge,
D,2,813
S,3,813,PREDICTION,src/tracking/advanced_tracker.py:id_merge,
D,3,813
S,4,813,PREDICTION,src/tracking/advanced_tracker.py:id_merge,
L,4,813,PREDICTION,src/tracking/advanced_tracker.py:id_merge,
R,PREDICTION,PREDICTION,1
L,6,813,PREDICTION,src/tracking/advanced_tracker.py:kalman_homography,
R,CLAMP,CLAMP,0
A,813
S,0,819,DETECTION,src/tracking/advanced_tracker.py:_activate_slot,819_266_1091_426_1173
S,1,819,DETECTION,src/tracking/advanced_tracker.py:_activate_slot,819_338_960_532_1056
S,2,819,DETECTION,src/tracking/advanced_tracker.py:_activate_slot,819_310_903_490_979
S,3,819,DETECTION,src/tracking/advanced_tracker.py:_activate_slot,819_290_222_466_332
S,4,819,DETECTION,src/tracking/advanced_tracker.py:_activate_slot,819_194_412_327_485
S,5,819,DETECTION,src/tracking/advanced_tracker.py:_activate_slot,819_172_676_317_744
S,10,819,DETECTION,src/tracking/advanced_tracker.py:_activate_slot,819_106_510_238_570
S,6,819,PREDICTION,src/tracking/advanced_tracker.py:flow_gapfill_batched,
D,0,819
S,1,819,PREDICTION,src/tracking/advanced_tracker.py:id_merge,
D,1,819
S,2,819,PREDICTION,src/tracking/advanced_tracker.py:id_merge,
D,2,819
S,3,819,PREDICTION,src/tracking/advanced_tracker.py:id_merge,
D,3,819
S,4,819,PREDICTION,src/tracking/advanced_tracker.py:id_merge,
D,6,819
S,5,819,PREDICTION,src/tracking/advanced_tracker.py:id_merge,
L,4,819,PREDICTION,src/tracking/advanced_tracker.py:id_merge,
R,PREDICTION,PREDICTION,1
L,5,819,PREDICTION,src/tracking/advanced_tracker.py:id_merge,
R,PREDICTION,PREDICTION,1
A,819
S,0,825,DETECTION,src/tracking/advanced_tracker.py:_activate_slot,825_252_1092_413_1164
S,1,825,DETECTION,src/tracking/advanced_tracker.py:_activate_slot,825_338_967_533_1059
S,2,825,DETECTION,src/tracking/advanced_tracker.py:_activate_slot,825_307_904_478_980
S,3,825,DETECTION,src/tracking/advanced_tracker.py:_activate_slot,825_284_233_463_331
S,4,825,DETECTION,src/tracking/advanced_tracker.py:_activate_slot,825_198_415_329_485
S,6,825,DETECTION,src/tracking/advanced_tracker.py:_activate_slot,825_120_416_245_496
S,10,825,DETECTION,src/tracking/advanced_tracker.py:_activate_slot,825_98_510_239_572
S,5,825,PREDICTION,src/tracking/advanced_tracker.py:kalman_homography,
D,0,825
S,1,825,PREDICTION,src/tracking/advanced_tracker.py:id_merge,
D,1,825
S,2,825,PREDICTION,src/tracking/advanced_tracker.py:id_merge,
D,2,825
S,3,825,PREDICTION,src/tracking/advanced_tracker.py:id_merge,
D,3,825
S,4,825,PREDICTION,src/tracking/advanced_tracker.py:id_merge,
D,5,825
S,6,825,PREDICTION,src/tracking/advanced_tracker.py:id_merge,
L,4,825,PREDICTION,src/tracking/advanced_tracker.py:id_merge,
R,PREDICTION,SUBPIXEL,0
L,6,825,PREDICTION,src/tracking/advanced_tracker.py:id_merge,
R,CLAMP,CLAMP,0
A,825
S,0,831,DETECTION,src/tracking/advanced_tracker.py:_activate_slot,831_253_1089_408_1163
S,1,831,DETECTION,src/tracking/advanced_tracker.py:_activate_slot,831_338_972_534_1064
S,2,831,DETECTION,src/tracking/advanced_tracker.py:_activate_slot,831_305_906_479_982
S,3,831,DETECTION,src/tracking/advanced_tracker.py:_activate_slot,831_278_230_448_333
S,4,831,DETECTION,src/tracking/advanced_tracker.py:_activate_slot,831_197_416_328_486
S,6,831,DETECTION,src/tracking/advanced_tracker.py:_activate_slot,831_279_281_450_363
S,10,831,DETECTION,src/tracking/advanced_tracker.py:_activate_slot,831_91_512_239_574
S,5,831,PREDICTION,src/tracking/advanced_tracker.py:kalman_homography,
D,0,831
S,1,831,PREDICTION,src/tracking/advanced_tracker.py:id_merge,
D,1,831
S,2,831,PREDICTION,src/tracking/advanced_tracker.py:id_merge,
D,2,831
S,3,831,PREDICTION,src/tracking/advanced_tracker.py:id_merge,
D,3,831
S,4,831,PREDICTION,src/tracking/advanced_tracker.py:id_merge,
D,5,831
S,6,831,PREDICTION,src/tracking/advanced_tracker.py:id_merge,
L,4,831,PREDICTION,src/tracking/advanced_tracker.py:id_merge,
R,PREDICTION,SUBPIXEL,0
L,6,831,PREDICTION,src/tracking/advanced_tracker.py:id_merge,
R,CLAMP,CLAMP,0
A,831
S,0,837,DETECTION,src/tracking/advanced_tracker.py:_activate_slot,837_251_1085_416_1163
S,1,837,DETECTION,src/tracking/advanced_tracker.py:_activate_slot,837_338_974_530_1066
S,2,837,DETECTION,src/tracking/advanced_tracker.py:_activate_slot,837_306_906_491_979
S,3,837,DETECTION,src/tracking/advanced_tracker.py:_activate_slot,837_260_513_427_602
S,4,837,DETECTION,src/tracking/advanced_tracker.py:_activate_slot,837_194_417_325_486
S,5,837,PREDICTION,src/tracking/advanced_tracker.py:kalman_homography,
S,6,837,PREDICTION,src/tracking/advanced_tracker.py:kalman_homography,
S,10,837,PREDICTION,src/tracking/advanced_tracker.py:kalman_homography,
D,0,837
S,1,837,PREDICTION,src/tracking/advanced_tracker.py:id_merge,
D,1,837
S,2,837,PREDICTION,src/tracking/advanced_tracker.py:id_merge,
D,2,837
S,3,837,PREDICTION,src/tracking/advanced_tracker.py:id_merge,
D,3,837
S,4,837,PREDICTION,src/tracking/advanced_tracker.py:id_merge,
D,5,837
S,6,837,PREDICTION,src/tracking/advanced_tracker.py:id_merge,
L,4,837,PREDICTION,src/tracking/advanced_tracker.py:id_merge,
R,PREDICTION,SUBPIXEL,0
L,6,837,PREDICTION,src/tracking/advanced_tracker.py:id_merge,
R,CLAMP,CLAMP,0
A,837
S,0,843,DETECTION,src/tracking/advanced_tracker.py:_activate_slot,843_251_1083_415_1161
S,1,843,DETECTION,src/tracking/advanced_tracker.py:_activate_slot,843_339_967_535_1066
S,2,843,DETECTION,src/tracking/advanced_tracker.py:_activate_slot,843_303_899_482_979
S,3,843,DETECTION,src/tracking/advanced_tracker.py:_activate_slot,843_259_510_423_598
S,4,843,DETECTION,src/tracking/advanced_tracker.py:_activate_slot,843_129_406_328_485
S,5,843,PREDICTION,src/tracking/advanced_tracker.py:kalman_homography,
S,6,843,PREDICTION,src/tracking/advanced_tracker.py:kalman_homography,
S,10,843,PREDICTION,src/tracking/advanced_tracker.py:kalman_homography,
D,0,843
S,1,843,PREDICTION,src/tracking/advanced_tracker.py:id_merge,
D,1,843
S,2,843,PREDICTION,src/tracking/advanced_tracker.py:id_merge,
D,2,843
S,3,843,PREDICTION,src/tracking/advanced_tracker.py:id_merge,
D,3,843
S,4,843,PREDICTION,src/tracking/advanced_tracker.py:id_merge,
D,5,843
S,6,843,PREDICTION,src/tracking/advanced_tracker.py:id_merge,
L,4,843,PREDICTION,src/tracking/advanced_tracker.py:id_merge,
R,PREDICTION,PREDICTION,1
L,6,843,PREDICTION,src/tracking/advanced_tracker.py:id_merge,
R,CLAMP,CLAMP,0
A,843
S,0,849,DETECTION,src/tracking/advanced_tracker.py:_activate_slot,849_120_445_244_510
S,1,849,DETECTION,src/tracking/advanced_tracker.py:_activate_slot,849_338_966_538_1065
S,2,849,DETECTION,src/tracking/advanced_tracker.py:_activate_slot,849_305_890_478_978
S,3,849,DETECTION,src/tracking/advanced_tracker.py:_activate_slot,849_258_511_423_591
S,4,849,DETECTION,src/tracking/advanced_tracker.py:_activate_slot,849_191_409_333_485
S,6,849,DETECTION,src/tracking/advanced_tracker.py:_activate_slot,849_248_1079_411_1161
S,5,849,PREDICTION,src/tracking/advanced_tracker.py:kalman_homography,
S,10,849,PREDICTION,src/tracking/advanced_tracker.py:kalman_homography,
D,0,849
S,1,849,PREDICTION,src/tracking/advanced_tracker.py:id_merge,
D,1,849
S,2,849,PREDICTION,src/tracking/advanced_tracker.py:id_merge,
D,2,849
S,3,849,PREDICTION,src/tracking/advanced_tracker.py:id_merge,
D,3,849
S,4,849,PREDICTION,src/tracking/advanced_tracker.py:id_merge,
D,5,849
S,6,849,PREDICTION,src/tracking/advanced_tracker.py:id_merge,
L,4,849,PREDICTION,src/tracking/advanced_tracker.py:id_merge,
R,PREDICTION,SUBPIXEL,0
L,6,849,PREDICTION,src/tracking/advanced_tracker.py:id_merge,
R,CLAMP,CLAMP,0
A,849
S,0,855,DETECTION,src/tracking/advanced_tracker.py:_activate_slot,855_247_1083_405_1161
S,1,855,DETECTION,src/tracking/advanced_tracker.py:_activate_slot,855_340_968_540_1064
S,2,855,DETECTION,src/tracking/advanced_tracker.py:_activate_slot,855_306_890_483_975
S,3,855,DETECTION,src/tracking/advanced_tracker.py:_activate_slot,855_252_513_425_590
S,4,855,DETECTION,src/tracking/advanced_tracker.py:_activate_slot,855_197_410_337_484
S,5,855,PREDICTION,src/tracking/advanced_tracker.py:kalman_homography,
S,10,855,PREDICTION,src/tracking/advanced_tracker.py:kalman_homography,
S,6,855,PREDICTION,src/tracking/advanced_tracker.py:flow_gapfill_batched,
D,0,855
S,1,855,PREDICTION,src/tracking/advanced_tracker.py:id_merge,
D,1,855
S,2,855,PREDICTION,src/tracking/advanced_tracker.py:id_merge,
D,2,855
S,3,855,PREDICTION,src/tracking/advanced_tracker.py:id_merge,
D,3,855
S,4,855,PREDICTION,src/tracking/advanced_tracker.py:id_merge,
D,5,855
S,6,855,PREDICTION,src/tracking/advanced_tracker.py:id_merge,
L,4,855,PREDICTION,src/tracking/advanced_tracker.py:id_merge,
R,PREDICTION,PREDICTION,1
L,6,855,PREDICTION,src/tracking/advanced_tracker.py:id_merge,
R,CLAMP,CLAMP,0
A,855
S,0,861,DETECTION,src/tracking/advanced_tracker.py:_activate_slot,861_244_1082_402_1160
S,1,861,DETECTION,src/tracking/advanced_tracker.py:_activate_slot,861_344_977_541_1063
S,2,861,DETECTION,src/tracking/advanced_tracker.py:_activate_slot,861_307_894_480_971
S,3,861,DETECTION,src/tracking/advanced_tracker.py:_activate_slot,861_245_512_423_586
S,4,861,DETECTION,src/tracking/advanced_tracker.py:_activate_slot,861_198_408_339_484
S,5,861,PREDICTION,src/tracking/advanced_tracker.py:kalman_homography,
S,10,861,PREDICTION,src/tracking/advanced_tracker.py:kalman_homography,
S,6,861,PREDICTION,src/tracking/advanced_tracker.py:flow_gapfill_batched,
D,0,861
S,1,861,PREDICTION,src/tracking/advanced_tracker.py:id_merge,
D,1,861
S,2,861,PREDICTION,src/tracking/advanced_tracker.py:id_merge,
D,2,861
S,3,861,PREDICTION,src/tracking/advanced_tracker.py:id_merge,
D,3,861
S,4,861,PREDICTION,src/tracking/advanced_tracker.py:id_merge,
D,5,861
S,6,861,PREDICTION,src/tracking/advanced_tracker.py:id_merge,
L,4,861,PREDICTION,src/tracking/advanced_tracker.py:id_merge,
R,PREDICTION,SUBPIXEL,0
L,6,861,PREDICTION,src/tracking/advanced_tracker.py:id_merge,
R,CLAMP,CLAMP,0
A,861
S,0,867,DETECTION,src/tracking/advanced_tracker.py:_activate_slot,867_244_1083_398_1161
S,1,867,DETECTION,src/tracking/advanced_tracker.py:_activate_slot,867_346_974_543_1062
S,2,867,DETECTION,src/tracking/advanced_tracker.py:_activate_slot,867_307_888_486_965
S,3,867,DETECTION,src/tracking/advanced_tracker.py:_activate_slot,867_235_511_412_583
S,4,867,DETECTION,src/tracking/advanced_tracker.py:_activate_slot,867_200_407_337_485
S,10,867,PREDICTION,src/tracking/advanced_tracker.py:kalman_homography,
S,5,867,PREDICTION,src/tracking/advanced_tracker.py:flow_gapfill_batched,
S,6,867,PREDICTION,src/tracking/advanced_tracker.py:flow_gapfill_batched,
D,0,867
S,1,867,PREDICTION,src/tracking/advanced_tracker.py:id_merge,
D,1,867
S,2,867,PREDICTION,src/tracking/advanced_tracker.py:id_merge,
D,2,867
S,3,867,PREDICTION,src/tracking/advanced_tracker.py:id_merge,
D,3,867
S,4,867,PREDICTION,src/tracking/advanced_tracker.py:id_merge,
D,5,867
S,6,867,PREDICTION,src/tracking/advanced_tracker.py:id_merge,
L,4,867,PREDICTION,src/tracking/advanced_tracker.py:id_merge,
R,PREDICTION,SUBPIXEL,0
L,6,867,PREDICTION,src/tracking/advanced_tracker.py:id_merge,
R,CLAMP,CLAMP,0
A,867
S,0,873,DETECTION,src/tracking/advanced_tracker.py:_activate_slot,873_246_1081_396_1161
S,1,873,DETECTION,src/tracking/advanced_tracker.py:_activate_slot,873_349_971_541_1057
S,2,873,DETECTION,src/tracking/advanced_tracker.py:_activate_slot,873_306_886_486_960
S,3,873,DETECTION,src/tracking/advanced_tracker.py:_activate_slot,873_226_508_399_580
S,4,873,DETECTION,src/tracking/advanced_tracker.py:_activate_slot,873_205_405_337_486
S,10,873,PREDICTION,src/tracking/advanced_tracker.py:kalman_homography,
S,6,873,PREDICTION,src/tracking/advanced_tracker.py:flow_gapfill_batched,
D,0,873
S,1,873,PREDICTION,src/tracking/advanced_tracker.py:id_merge,
D,1,873
S,2,873,PREDICTION,src/tracking/advanced_tracker.py:id_merge,
D,2,873
S,3,873,PREDICTION,src/tracking/advanced_tracker.py:id_merge,
D,3,873
S,4,873,PREDICTION,src/tracking/advanced_tracker.py:id_merge,
L,4,873,PREDICTION,src/tracking/advanced_tracker.py:id_merge,
R,PREDICTION,SUBPIXEL,0
L,6,873,PREDICTION,src/tracking/advanced_tracker.py:flow_gapfill_batched,
R,CLAMP,CLAMP,0
A,873
S,0,879,DETECTION,src/tracking/advanced_tracker.py:_activate_slot,879_454_291_614_391
S,1,879,DETECTION,src/tracking/advanced_tracker.py:_activate_slot,879_351_964_543_1052
S,2,879,DETECTION,src/tracking/advanced_tracker.py:_activate_slot,879_307_883_485_957
S,3,879,DETECTION,src/tracking/advanced_tracker.py:_activate_slot,879_223_502_389_579
S,4,879,DETECTION,src/tracking/advanced_tracker.py:_activate_slot,879_212_409_338_487
S,6,879,PREDICTION,src/tracking/advanced_tracker.py:flow_gapfill_batched,
S,10,879,PREDICTION,src/tracking/advanced_tracker.py:flow_gapfill_batched,
D,0,879
S,1,879,PREDICTION,src/tracking/advanced_tracker.py:id_merge,
D,1,879
S,2,879,PREDICTION,src/tracking/advanced_tracker.py:id_merge,
D,2,879
S,3,879,PREDICTION,src/tracking/advanced_tracker.py:id_merge,
D,3,879
S,4,879,PREDICTION,src/tracking/advanced_tracker.py:id_merge,
L,4,879,PREDICTION,src/tracking/advanced_tracker.py:id_merge,
R,PREDICTION,SUBPIXEL,0
L,6,879,PREDICTION,src/tracking/advanced_tracker.py:flow_gapfill_batched,
R,CLAMP,CLAMP,0
A,879
S,0,885,DETECTION,src/tracking/advanced_tracker.py:_activate_slot,885_452_279_613_380
S,1,885,DETECTION,src/tracking/advanced_tracker.py:_activate_slot,885_353_958_547_1042
S,2,885,DETECTION,src/tracking/advanced_tracker.py:_activate_slot,885_307_880_488_952
S,3,885,DETECTION,src/tracking/advanced_tracker.py:_activate_slot,885_223_489_387_585
S,4,885,DETECTION,src/tracking/advanced_tracker.py:_activate_slot,885_211_416_343_489
S,6,885,PREDICTION,src/tracking/advanced_tracker.py:flow_gapfill_batched,
D,0,885
S,1,885,PREDICTION,src/tracking/advanced_tracker.py:id_merge,
D,1,885
S,2,885,PREDICTION,src/tracking/advanced_tracker.py:id_merge,
D,2,885
S,3,885,PREDICTION,src/tracking/advanced_tracker.py:id_merge,
D,3,885
S,4,885,PREDICTION,src/tracking/advanced_tracker.py:id_merge,
L,4,885,PREDICTION,src/tracking/advanced_tracker.py:id_merge,
R,PREDICTION,SUBPIXEL,0
L,6,885,PREDICTION,src/tracking/advanced_tracker.py:flow_gapfill_batched,
R,CLAMP,CLAMP,0
A,885
S,0,891,DETECTION,src/tracking/advanced_tracker.py:_activate_slot,891_451_271_649_374
S,1,891,DETECTION,src/tracking/advanced_tracker.py:_activate_slot,891_356_953_554_1035
S,2,891,DETECTION,src/tracking/advanced_tracker.py:_activate_slot,891_306_874_478_948
S,3,891,DETECTION,src/tracking/advanced_tracker.py:_activate_slot,891_229_486_384_590
S,4,891,DETECTION,src/tracking/advanced_tracker.py:_activate_slot,891_209_415_342_497
S,6,891,PREDICTION,src/tracking/advanced_tracker.py:flow_gapfill_batched,
D,0,891
S,1,891,PREDICTION,src/tracking/advanced_tracker.py:id_merge,
D,1,891
S,2,891,PREDICTION,src/tracking/advanced_tracker.py:id_merge,
D,2,891
S,3,891,PREDICTION,src/tracking/advanced_tracker.py:id_merge,
D,3,891
S,4,891,PREDICTION,src/tracking/advanced_tracker.py:id_merge,
L,4,891,PREDICTION,src/tracking/advanced_tracker.py:id_merge,
R,PREDICTION,SUBPIXEL,0
L,6,891,PREDICTION,src/tracking/advanced_tracker.py:flow_gapfill_batched,
R,CLAMP,CLAMP,0
A,891
S,0,897,DETECTION,src/tracking/advanced_tracker.py:_activate_slot,897_455_263_612_364
S,1,897,DETECTION,src/tracking/advanced_tracker.py:_activate_slot,897_360_944_553_1030
S,2,897,DETECTION,src/tracking/advanced_tracker.py:_activate_slot,897_305_868_482_944
S,3,897,DETECTION,src/tracking/advanced_tracker.py:_activate_slot,897_230_482_385_591
S,4,897,DETECTION,src/tracking/advanced_tracker.py:_activate_slot,897_205_431_343_507
S,6,897,PREDICTION,src/tracking/advanced_tracker.py:flow_gapfill_batched,
D,0,897
S,1,897,PREDICTION,src/tracking/advanced_tracker.py:id_merge,
D,1,897
S,2,897,PREDICTION,src/tracking/advanced_tracker.py:id_merge,
D,2,897
S,3,897,PREDICTION,src/tracking/advanced_tracker.py:id_merge,
D,3,897
S,4,897,PREDICTION,src/tracking/advanced_tracker.py:id_merge,
L,4,897,PREDICTION,src/tracking/advanced_tracker.py:id_merge,
R,PREDICTION,PREDICTION,1
L,6,897,PREDICTION,src/tracking/advanced_tracker.py:flow_gapfill_batched,
R,CLAMP,CLAMP,0
A,897
S,0,903,DETECTION,src/tracking/advanced_tracker.py:_activate_slot,903_452_256_614_356
S,1,903,DETECTION,src/tracking/advanced_tracker.py:_activate_slot,903_362_933_552_1023
S,2,903,DETECTION,src/tracking/advanced_tracker.py:_activate_slot,903_306_854_487_940
S,3,903,DETECTION,src/tracking/advanced_tracker.py:_activate_slot,903_228_485_379_587
S,4,903,DETECTION,src/tracking/advanced_tracker.py:_activate_slot,903_242_295_413_386
D,0,903
S,1,903,PREDICTION,src/tracking/advanced_tracker.py:id_merge,
D,1,903
S,2,903,PREDICTION,src/tracking/advanced_tracker.py:id_merge,
D,2,903
S,3,903,PREDICTION,src/tracking/advanced_tracker.py:id_merge,
D,3,903
S,4,903,PREDICTION,src/tracking/advanced_tracker.py:id_merge,
L,4,903,PREDICTION,src/tracking/advanced_tracker.py:id_merge,
R,PREDICTION,PREDICTION,1
A,903
S,0,909,DETECTION,src/tracking/advanced_tracker.py:_activate_slot,909_450_249_612_348
S,1,909,DETECTION,src/tracking/advanced_tracker.py:_activate_slot,909_365_925_556_1019
S,2,909,DETECTION,src/tracking/advanced_tracker.py:_activate_slot,909_309_842_493_932
S,3,909,DETECTION,src/tracking/advanced_tracker.py:_activate_slot,909_228_484_375_581
S,4,909,DETECTION,src/tracking/advanced_tracker.py:_activate_slot,909_242_308_404_388
D,0,909
S,1,909,PREDICTION,src/tracking/advanced_tracker.py:id_merge,
D,1,909
S,2,909,PREDICTION,src/tracking/advanced_tracker.py:id_merge,
D,2,909
S,3,909,PREDICTION,src/tracking/advanced_tracker.py:id_merge,
D,3,909
S,4,909,PREDICTION,src/tracking/advanced_tracker.py:id_merge,
L,4,909,PREDICTION,src/tracking/advanced_tracker.py:id_merge,
R,PREDICTION,PREDICTION,1
A,909
S,0,915,DETECTION,src/tracking/advanced_tracker.py:_activate_slot,915_447_241_614_338
S,1,915,DETECTION,src/tracking/advanced_tracker.py:_activate_slot,915_368_917_560_1017
S,2,915,DETECTION,src/tracking/advanced_tracker.py:_activate_slot,915_310_830_498_926
S,3,915,DETECTION,src/tracking/advanced_tracker.py:_activate_slot,915_217_452_374_573
S,4,915,DETECTION,src/tracking/advanced_tracker.py:_activate_slot,915_250_305_408_407
D,0,915
S,1,915,PREDICTION,src/tracking/advanced_tracker.py:id_merge,
D,1,915
S,2,915,PREDICTION,src/tracking/advanced_tracker.py:id_merge,
D,2,915
S,3,915,PREDICTION,src/tracking/advanced_tracker.py:id_merge,
D,3,915
S,4,915,PREDICTION,src/tracking/advanced_tracker.py:id_merge,
L,4,915,PREDICTION,src/tracking/advanced_tracker.py:id_merge,
R,PREDICTION,SUBPIXEL,0
A,915
S,0,921,DETECTION,src/tracking/advanced_tracker.py:_activate_slot,921_446_234_614_329
S,1,921,DETECTION,src/tracking/advanced_tracker.py:_activate_slot,921_368_903_565_1013
S,2,921,DETECTION,src/tracking/advanced_tracker.py:_activate_slot,921_314_827_497_923
S,3,921,DETECTION,src/tracking/advanced_tracker.py:_activate_slot,921_231_470_376_568
S,4,921,DETECTION,src/tracking/advanced_tracker.py:_activate_slot,921_252_304_405_418
D,0,921
S,1,921,PREDICTION,src/tracking/advanced_tracker.py:id_merge,
D,1,921
S,2,921,PREDICTION,src/tracking/advanced_tracker.py:id_merge,
D,2,921
S,3,921,PREDICTION,src/tracking/advanced_tracker.py:id_merge,
D,3,921
S,4,921,PREDICTION,src/tracking/advanced_tracker.py:id_merge,
L,4,921,PREDICTION,src/tracking/advanced_tracker.py:id_merge,
R,PREDICTION,SUBPIXEL,0
A,921
S,0,927,DETECTION,src/tracking/advanced_tracker.py:_activate_slot,927_445_224_614_318
S,1,927,DETECTION,src/tracking/advanced_tracker.py:_activate_slot,927_366_894_564_1002
S,2,927,DETECTION,src/tracking/advanced_tracker.py:_activate_slot,927_316_823_503_913
S,3,927,DETECTION,src/tracking/advanced_tracker.py:_activate_slot,927_146_593_315_699
S,4,927,DETECTION,src/tracking/advanced_tracker.py:_activate_slot,927_243_341_402_419
S,5,927,DETECTION,src/tracking/advanced_tracker.py:_activate_slot,927_243_489_368_562
S,7,927,DETECTION,src/tracking/advanced_tracker.py:_activate_slot,927_132_482_246_538
D,0,927
S,1,927,PREDICTION,src/tracking/advanced_tracker.py:id_merge,
D,1,927
S,2,927,PREDICTION,src/tracking/advanced_tracker.py:id_merge,
D,2,927
S,3,927,PREDICTION,src/tracking/advanced_tracker.py:id_merge,
D,3,927
S,4,927,PREDICTION,src/tracking/advanced_tracker.py:id_merge,
D,5,927
S,7,927,PREDICTION,src/tracking/advanced_tracker.py:id_merge,
L,4,927,PREDICTION,src/tracking/advanced_tracker.py:id_merge,
R,PREDICTION,PREDICTION,1
L,7,927,PREDICTION,src/tracking/advanced_tracker.py:id_merge,
R,PREDICTION,PREDICTION,1
A,927
S,0,933,DETECTION,src/tracking/advanced_tracker.py:_activate_slot,933_444_213_615_313
S,1,933,DETECTION,src/tracking/advanced_tracker.py:_activate_slot,933_366_878_566_986
S,2,933,DETECTION,src/tracking/advanced_tracker.py:_activate_slot,933_314_814_502_892
S,3,933,DETECTION,src/tracking/advanced_tracker.py:_activate_slot,933_220_396_398_482
S,4,933,DETECTION,src/tracking/advanced_tracker.py:_activate_slot,933_241_341_404_428
S,5,933,PREDICTION,src/tracking/advanced_tracker.py:kalman_homography,
S,7,933,PREDICTION,src/tracking/advanced_tracker.py:kalman_homography,
D,0,933
S,1,933,PREDICTION,src/tracking/advanced_tracker.py:id_merge,
D,1,933
S,2,933,PREDICTION,src/tracking/advanced_tracker.py:id_merge,
D,2,933
S,3,933,PREDICTION,src/tracking/advanced_tracker.py:id_merge,
D,3,933
S,4,933,PREDICTION,src/tracking/advanced_tracker.py:id_merge,
D,5,933
S,7,933,PREDICTION,src/tracking/advanced_tracker.py:id_merge,
L,4,933,PREDICTION,src/tracking/advanced_tracker.py:id_merge,
R,PREDICTION,SUBPIXEL,0
L,7,933,PREDICTION,src/tracking/advanced_tracker.py:id_merge,
R,PREDICTION,PREDICTION,1
A,933
S,0,939,DETECTION,src/tracking/advanced_tracker.py:_activate_slot,939_444_203_614_304
S,1,939,DETECTION,src/tracking/advanced_tracker.py:_activate_slot,939_365_873_550_957
S,2,939,DETECTION,src/tracking/advanced_tracker.py:_activate_slot,939_313_802_494_877
S,3,939,DETECTION,src/tracking/advanced_tracker.py:_activate_slot,939_572_1213_672_1295
S,4,939,DETECTION,src/tracking/advanced_tracker.py:_activate_slot,939_239_336_407_441
S,7,939,DETECTION,src/tracking/advanced_tracker.py:_activate_slot,939_121_523_244_591
S,5,939,PREDICTION,src/tracking/advanced_tracker.py:kalman_homography,
D,0,939
S,1,939,PREDICTION,src/tracking/advanced_tracker.py:id_merge,
D,1,939
S,2,939,PREDICTION,src/tracking/advanced_tracker.py:id_merge,
D,2,939
S,3,939,PREDICTION,src/tracking/advanced_tracker.py:id_merge,
D,3,939
S,4,939,PREDICTION,src/tracking/advanced_tracker.py:id_merge,
D,5,939
S,7,939,PREDICTION,src/tracking/advanced_tracker.py:id_merge,
L,4,939,PREDICTION,src/tracking/advanced_tracker.py:id_merge,
R,PREDICTION,SUBPIXEL,0
L,7,939,PREDICTION,src/tracking/advanced_tracker.py:id_merge,
R,PREDICTION,PREDICTION,1
A,939
S,0,945,DETECTION,src/tracking/advanced_tracker.py:_activate_slot,945_443_198_613_298
S,1,945,DETECTION,src/tracking/advanced_tracker.py:_activate_slot,945_365_866_553_940
S,2,945,DETECTION,src/tracking/advanced_tracker.py:_activate_slot,945_316_785_500_869
S,3,945,DETECTION,src/tracking/advanced_tracker.py:_activate_slot,945_129_362_262_442
S,4,945,DETECTION,src/tracking/advanced_tracker.py:_activate_slot,945_236_343_398_448
S,6,945,DETECTION,src/tracking/advanced_tracker.py:_activate_slot,945_123_792_200_849
S,5,945,PREDICTION,src/tracking/advanced_tracker.py:kalman_homography,
S,7,945,PREDICTION,src/tracking/advanced_tracker.py:kalman_homography,
D,0,945
S,1,945,PREDICTION,src/tracking/advanced_tracker.py:id_merge,
D,1,945
S,2,945,PREDICTION,src/tracking/advanced_tracker.py:id_merge,
D,2,945
S,3,945,PREDICTION,src/tracking/advanced_tracker.py:id_merge,
D,3,945
S,4,945,PREDICTION,src/tracking/advanced_tracker.py:id_merge,
D,5,945
S,6,945,PREDICTION,src/tracking/advanced_tracker.py:id_merge,
D,7,945
S,6,945,PREDICTION,src/tracking/advanced_tracker.py:id_merge,
L,4,945,PREDICTION,src/tracking/advanced_tracker.py:id_merge,
R,PREDICTION,PREDICTION,1
L,6,945,PREDICTION,src/tracking/advanced_tracker.py:id_merge,
R,CLAMP,CLAMP,0
A,945
S,0,951,DETECTION,src/tracking/advanced_tracker.py:_activate_slot,951_443_195_613_293
S,1,951,DETECTION,src/tracking/advanced_tracker.py:_activate_slot,951_366_854_563_932
S,2,951,DETECTION,src/tracking/advanced_tracker.py:_activate_slot,951_315_779_504_863
S,3,951,DETECTION,src/tracking/advanced_tracker.py:_activate_slot,951_219_420_385_497
S,4,951,DETECTION,src/tracking/advanced_tracker.py:_activate_slot,951_228_385_386_449
S,8,951,DETECTION,src/tracking/advanced_tracker.py:_activate_slot,951_555_1205_673_1295
S,5,951,PREDICTION,src/tracking/advanced_tracker.py:kalman_homography,
S,6,951,PREDICTION,src/tracking/advanced_tracker.py:kalman_homography,
S,7,951,PREDICTION,src/tracking/advanced_tracker.py:kalman_homography,
D,0,951
S,1,951,PREDICTION,src/tracking/advanced_tracker.py:id_merge,
D,1,951
S,2,951,PREDICTION,src/tracking/advanced_tracker.py:id_merge,
D,2,951
S,3,951,PREDICTION,src/tracking/advanced_tracker.py:id_merge,
D,3,951
S,4,951,PREDICTION,src/tracking/advanced_tracker.py:id_merge,
D,5,951
S,6,951,PREDICTION,src/tracking/advanced_tracker.py:id_merge,
D,7,951
S,6,951,PREDICTION,src/tracking/advanced_tracker.py:id_merge,
D,6,951
S,8,951,PREDICTION,src/tracking/advanced_tracker.py:id_merge,
L,4,951,PREDICTION,src/tracking/advanced_tracker.py:id_merge,
R,PREDICTION,PREDICTION,1
L,8,951,PREDICTION,src/tracking/advanced_tracker.py:id_merge,
R,PREDICTION,PREDICTION,1
A,951
S,0,957,DETECTION,src/tracking/advanced_tracker.py:_activate_slot,957_443_196_614_289
S,1,957,DETECTION,src/tracking/advanced_tracker.py:_activate_slot,957_369_844_565_926
S,2,957,DETECTION,src/tracking/advanced_tracker.py:_activate_slot,957_317_777_504_855
S,3,957,DETECTION,src/tracking/advanced_tracker.py:_activate_slot,957_131_349_266_412
S,4,957,DETECTION,src/tracking/advanced_tracker.py:_activate_slot,957_223_383_381_464
S,5,957,PREDICTION,src/tracking/advanced_tracker.py:kalman_homography,
S,6,957,PREDICTION,src/tracking/advanced_tracker.py:kalman_homography,
S,7,957,PREDICTION,src/tracking/advanced_tracker.py:kalman_homography,
S,8,957,PREDICTION,src/tracking/advanced_tracker.py:flow_gapfill_batched,
D,0,957
S,1,957,PREDICTION,src/tracking/advanced_tracker.py:id_merge,
D,1,957
S,2,957,PREDICTION,src/tracking/advanced_tracker.py:id_merge,
D,2,957
S,3,957,PREDICTION,src/tracking/advanced_tracker.py:id_merge,
D,3,957
S,4,957,PREDICTION,src/tracking/advanced_tracker.py:id_merge,
D,5,957
S,6,957,PREDICTION,src/tracking/advanced_tracker.py:id_merge,
D,7,957
S,6,957,PREDICTION,src/tracking/advanced_tracker.py:id_merge,
D,6,957
S,8,957,PREDICTION,src/tracking/advanced_tracker.py:id_merge,
L,4,957,PREDICTION,src/tracking/advanced_tracker.py:id_merge,
R,PREDICTION,PREDICTION,1
L,8,957,PREDICTION,src/tracking/advanced_tracker.py:id_merge,
R,PREDICTION,SUBPIXEL,0
A,957
S,0,963,DETECTION,src/tracking/advanced_tracker.py:_activate_slot,963_442_194_616_286
S,1,963,DETECTION,src/tracking/advanced_tracker.py:_activate_slot,963_370_822_572_924
S,2,963,DETECTION,src/tracking/advanced_tracker.py:_activate_slot,963_319_772_511_848
S,3,963,DETECTION,src/tracking/advanced_tracker.py:_activate_slot,963_127_336_269_403
S,4,963,DETECTION,src/tracking/advanced_tracker.py:_activate_slot,963_221_399_387_476
S,9,963,DETECTION,src/tracking/advanced_tracker.py:_activate_slot,963_136_986_268_1078
S,5,963,PREDICTION,src/tracking/advanced_tracker.py:kalman_homography,
S,6,963,PREDICTION,src/tracking/advanced_tracker.py:kalman_homography,
S,7,963,PREDICTION,src/tracking/advanced_tracker.py:kalman_homography,
S,8,963,PREDICTION,src/tracking/advanced_tracker.py:flow_gapfill_batched,
D,0,963
S,1,963,PREDICTION,src/tracking/advanced_tracker.py:id_merge,
D,1,963
S,2,963,PREDICTION,src/tracking/advanced_tracker.py:id_merge,
D,2,963
S,3,963,PREDICTION,src/tracking/advanced_tracker.py:id_merge,
D,3,963
S,4,963,PREDICTION,src/tracking/advanced_tracker.py:id_merge,
D,5,963
S,6,963,PREDICTION,src/tracking/advanced_tracker.py:id_merge,
D,7,963
S,6,963,PREDICTION,src/tracking/advanced_tracker.py:id_merge,
D,6,963
S,8,963,PREDICTION,src/tracking/advanced_tracker.py:id_merge,
D,8,963
S,9,963,PREDICTION,src/tracking/advanced_tracker.py:id_merge,
L,4,963,PREDICTION,src/tracking/advanced_tracker.py:id_merge,
R,PREDICTION,SUBPIXEL,0
L,9,963,PREDICTION,src/tracking/advanced_tracker.py:id_merge,
R,PREDICTION,PREDICTION,1
A,963
S,0,969,DETECTION,src/tracking/advanced_tracker.py:_activate_slot,969_443_191_617_281
S,1,969,DETECTION,src/tracking/advanced_tracker.py:_activate_slot,969_374_810_578_922
S,2,969,DETECTION,src/tracking/advanced_tracker.py:_activate_slot,969_320_771_510_845
S,3,969,DETECTION,src/tracking/advanced_tracker.py:_activate_slot,969_128_327_270_399
S,4,969,DETECTION,src/tracking/advanced_tracker.py:_activate_slot,969_224_401_390_498
S,6,969,DETECTION,src/tracking/advanced_tracker.py:_activate_slot,969_125_785_200_839
S,5,969,PREDICTION,src/tracking/advanced_tracker.py:kalman_homography,
S,7,969,PREDICTION,src/tracking/advanced_tracker.py:kalman_homography,
S,9,969,PREDICTION,src/tracking/advanced_tracker.py:kalman_homography,
S,8,969,PREDICTION,src/tracking/advanced_tracker.py:flow_gapfill_batched,
D,0,969
S,1,969,PREDICTION,src/tracking/advanced_tracker.py:id_merge,
D,1,969
S,2,969,PREDICTION,src/tracking/advanced_tracker.py:id_merge,
D,2,969
S,3,969,PREDICTION,src/tracking/advanced_tracker.py:id_merge,
D,3,969
S,4,969,PREDICTION,src/tracking/advanced_tracker.py:id_merge,
D,5,969
S,6,969,PREDICTION,src/tracking/advanced_tracker.py:id_merge,
D,7,969
S,6,969,PREDICTION,src/tracking/advanced_tracker.py:id_merge,
D,8,969
S,6,969,PREDICTION,src/tracking/advanced_tracker.py:id_merge,
D,9,969
S,6,969,PREDICTION,src/tracking/advanced_tracker.py:id_merge,
L,4,969,PREDICTION,src/tracking/advanced_tracker.py:id_merge,
R,PREDICTION,PREDICTION,1
L,6,969,PREDICTION,src/tracking/advanced_tracker.py:id_merge,
R,CLAMP,CLAMP,0
A,969
S,0,975,DETECTION,src/tracking/advanced_tracker.py:_activate_slot,975_443_187_619_278
S,1,975,DETECTION,src/tracking/advanced_tracker.py:_activate_slot,975_377_805_576_918
S,2,975,DETECTION,src/tracking/advanced_tracker.py:_activate_slot,975_322_763_513_835
S,3,975,DETECTION,src/tracking/advanced_tracker.py:_activate_slot,975_130_312_273_388
S,4,975,DETECTION,src/tracking/advanced_tracker.py:_activate_slot,975_227_402_396_498
S,5,975,DETECTION,src/tracking/advanced_tracker.py:_activate_slot,975_255_1065_423_1139
S,6,975,DETECTION,src/tracking/advanced_tracker.py:_activate_slot,975_122_784_201_838
S,7,975,PREDICTION,src/tracking/advanced_tracker.py:kalman_homography,
S,9,975,PREDICTION,src/tracking/advanced_tracker.py:kalman_homography,
S,8,975,PREDICTION,src/tracking/advanced_tracker.py:flow_gapfill_batched,
D,0,975
S,1,975,PREDICTION,src/tracking/advanced_tracker.py:id_merge,
D,1,975
S,2,975,PREDICTION,src/tracking/advanced_tracker.py:id_merge,
D,2,975
S,3,975,PREDICTION,src/tracking/advanced_tracker.py:id_merge,
D,3,975
S,4,975,PREDICTION,src/tracking/advanced_tracker.py:id_merge,
D,5,975
S,6,975,PREDICTION,src/tracking/advanced_tracker.py:id_merge,
D,7,975
S,6,975,PREDICTION,src/tracking/advanced_tracker.py:id_merge,
D,8,975
S,6,975,PREDICTION,src/tracking/advanced_tracker.py:id_merge,
D,9,975
S,6,975,PREDICTION,src/tracking/advanced_tracker.py:id_merge,
L,4,975,PREDICTION,src/tracking/advanced_tracker.py:id_merge,
R,PREDICTION,PREDICTION,1
L,6,975,PREDICTION,src/tracking/advanced_tracker.py:id_merge,
R,CLAMP,CLAMP,0
A,975
S,0,981,DETECTION,src/tracking/advanced_tracker.py:_activate_slot,981_443_185_630_275
S,1,981,DETECTION,src/tracking/advanced_tracker.py:_activate_slot,981_377_796_579_914
S,2,981,DETECTION,src/tracking/advanced_tracker.py:_activate_slot,981_320_760_513_832
S,3,981,DETECTION,src/tracking/advanced_tracker.py:_activate_slot,981_237_491_393_576
S,4,981,DETECTION,src/tracking/advanced_tracker.py:_activate_slot,981_227_411_397_503
S,6,981,DETECTION,src/tracking/advanced_tracker.py:_activate_slot,981_252_1071_423_1145
S,8,981,DETECTION,src/tracking/advanced_tracker.py:_activate_slot,981_132_301_275_383
S,5,981,PREDICTION,src/tracking/advanced_tracker.py:kalman_homography,
S,7,981,PREDICTION,src/tracking/advanced_tracker.py:kalman_homography,
S,9,981,PREDICTION,src/tracking/advanced_tracker.py:kalman_homography,
D,0,981
S,1,981,PREDICTION,src/tracking/advanced_tracker.py:id_merge,
D,1,981
S,2,981,PREDICTION,src/tracking/advanced_tracker.py:id_merge,
D,2,981
S,3,981,PREDICTION,src/tracking/advanced_tracker.py:id_merge,
D,3,981
S,4,981,PREDICTION,src/tracking/advanced_tracker.py:id_merge,
D,5,981
S,6,981,PREDICTION,src/tracking/advanced_tracker.py:id_merge,
D,7,981
S,6,981,PREDICTION,src/tracking/advanced_tracker.py:id_merge,
D,6,981
S,8,981,PREDICTION,src/tracking/advanced_tracker.py:id_merge,
D,9,981
S,8,981,PREDICTION,src/tracking/advanced_tracker.py:id_merge,
L,4,981,PREDICTION,src/tracking/advanced_tracker.py:id_merge,
R,PREDICTION,SUBPIXEL,0
L,8,981,PREDICTION,src/tracking/advanced_tracker.py:id_merge,
R,PREDICTION,PREDICTION,1
A,981
S,0,987,DETECTION,src/tracking/advanced_tracker.py:_activate_slot,987_444_180_651_273
S,1,987,DETECTION,src/tracking/advanced_tracker.py:_activate_slot,987_377_796_574_896
S,2,987,DETECTION,src/tracking/advanced_tracker.py:_activate_slot,987_320_758_507_829
S,3,987,DETECTION,src/tracking/advanced_tracker.py:_activate_slot,987_171_501_304_574
S,4,987,DETECTION,src/tracking/advanced_tracker.py:_activate_slot,987_215_418_394_509
S,8,987,DETECTION,src/tracking/advanced_tracker.py:_activate_slot,987_246_494_394_574
S,5,987,PREDICTION,src/tracking/advanced_tracker.py:kalman_homography,
S,6,987,PREDICTION,src/tracking/advanced_tracker.py:kalman_homography,
S,9,987,PREDICTION,src/tracking/advanced_tracker.py:kalman_homography,
S,7,987,PREDICTION,src/tracking/advanced_tracker.py:flow_gapfill_batched,
D,0,987
S,1,987,PREDICTION,src/tracking/advanced_tracker.py:id_merge,
D,1,987
S,2,987,PREDICTION,src/tracking/advanced_tracker.py:id_merge,
D,2,987
S,3,987,PREDICTION,src/tracking/advanced_tracker.py:id_merge,
D,3,987
S,4,987,PREDICTION,src/tracking/advanced_tracker.py:id_merge,
D,5,987
S,6,987,PREDICTION,src/tracking/advanced_tracker.py:id_merge,
D,7,987
S,6,987,PREDICTION,src/tracking/advanced_tracker.py:id_merge,
D,6,987
S,8,987,PREDICTION,src/tracking/advanced_tracker.py:id_merge,
D,9,987
S,8,987,PREDICTION,src/tracking/advanced_tracker.py:id_merge,
L,4,987,PREDICTION,src/tracking/advanced_tracker.py:id_merge,
R,PREDICTION,PREDICTION,1
L,8,987,PREDICTION,src/tracking/advanced_tracker.py:id_merge,
R,PREDICTION,PREDICTION,1
A,987
S,0,993,DETECTION,src/tracking/advanced_tracker.py:_activate_slot,993_447_178_653_272
S,1,993,DETECTION,src/tracking/advanced_tracker.py:_activate_slot,993_379_788_579_876
S,2,993,DETECTION,src/tracking/advanced_tracker.py:_activate_slot,993_323_753_500_823
S,3,993,DETECTION,src/tracking/advanced_tracker.py:_activate_slot,993_170_498_389_587
S,4,993,DETECTION,src/tracking/advanced_tracker.py:_activate_slot,993_205_428_391_516
S,8,993,DETECTION,src/tracking/advanced_tracker.py:_activate_slot,993_261_1076_428_1160
S,6,993,PREDICTION,src/tracking/advanced_tracker.py:kalman_homography,
S,9,993,PREDICTION,src/tracking/advanced_tracker.py:kalman_homography,
S,5,993,PREDICTION,src/tracking/advanced_tracker.py:flow_gapfill_batched,
D,0,993
S,1,993,PREDICTION,src/tracking/advanced_tracker.py:id_merge,
D,1,993
S,2,993,PREDICTION,src/tracking/advanced_tracker.py:id_merge,
D,2,993
S,3,993,PREDICTION,src/tracking/advanced_tracker.py:id_merge,
D,3,993
S,4,993,PREDICTION,src/tracking/advanced_tracker.py:id_merge,
D,5,993
S,8,993,PREDICTION,src/tracking/advanced_tracker.py:id_merge,
D,9,993
S,8,993,PREDICTION,src/tracking/advanced_tracker.py:id_merge,
L,4,993,PREDICTION,src/tracking/advanced_tracker.py:id_merge,
R,PREDICTION,PREDICTION,1
L,6,993,PREDICTION,src/tracking/advanced_tracker.py:kalman_homography,
R,PREDICTION,PREDICTION,1
L,8,993,PREDICTION,src/tracking/advanced_tracker.py:id_merge,
R,PREDICTION,PREDICTION,1
A,993
S,0,999,DETECTION,src/tracking/advanced_tracker.py:_activate_slot,999_448_176_655_270
S,1,999,DETECTION,src/tracking/advanced_tracker.py:_activate_slot,999_378_784_589_864
S,2,999,DETECTION,src/tracking/advanced_tracker.py:_activate_slot,999_320_740_502_818
S,3,999,DETECTION,src/tracking/advanced_tracker.py:_activate_slot,999_225_511_388_597
S,4,999,DETECTION,src/tracking/advanced_tracker.py:_activate_slot,999_211_429_395_524
S,8,999,PREDICTION,src/tracking/advanced_tracker.py:kalman_homography,
S,9,999,PREDICTION,src/tracking/advanced_tracker.py:kalman_homography,
S,5,999,PREDICTION,src/tracking/advanced_tracker.py:flow_gapfill_batched,
S,6,999,PREDICTION,src/tracking/advanced_tracker.py:flow_gapfill_batched,
D,0,999
S,1,999,PREDICTION,src/tracking/advanced_tracker.py:id_merge,
D,1,999
S,2,999,PREDICTION,src/tracking/advanced_tracker.py:id_merge,
D,2,999
S,3,999,PREDICTION,src/tracking/advanced_tracker.py:id_merge,
D,3,999
S,4,999,PREDICTION,src/tracking/advanced_tracker.py:id_merge,
D,5,999
S,6,999,PREDICTION,src/tracking/advanced_tracker.py:id_merge,
D,6,999
S,8,999,PREDICTION,src/tracking/advanced_tracker.py:id_merge,
D,9,999
S,8,999,PREDICTION,src/tracking/advanced_tracker.py:id_merge,
L,4,999,PREDICTION,src/tracking/advanced_tracker.py:id_merge,
R,PREDICTION,PREDICTION,1
L,8,999,PREDICTION,src/tracking/advanced_tracker.py:id_merge,
R,PREDICTION,PREDICTION,1
A,999
S,0,1005,DETECTION,src/tracking/advanced_tracker.py:_activate_slot,1005_448_176_647_271
S,1,1005,DETECTION,src/tracking/advanced_tracker.py:_activate_slot,1005_380_769_585_858
S,2,1005,DETECTION,src/tracking/advanced_tracker.py:_activate_slot,1005_320_742_519_812
S,3,1005,DETECTION,src/tracking/advanced_tracker.py:_activate_slot,1005_183_516_376_640
S,4,1005,DETECTION,src/tracking/advanced_tracker.py:_activate_slot,1005_221_431_395_526
S,9,1005,PREDICTION,src/tracking/advanced_tracker.py:kalman_homography,
S,5,1005,PREDICTION,src/tracking/advanced_tracker.py:flow_gapfill_batched,
S,6,1005,PREDICTION,src/tracking/advanced_tracker.py:flow_gapfill_batched,
S,8,1005,PREDICTION,src/tracking/advanced_tracker.py:flow_gapfill_batched,
D,0,1005
S,1,1005,PREDICTION,src/tracking/advanced_tracker.py:id_merge,
D,1,1005
S,2,1005,PREDICTION,src/tracking/advanced_tracker.py:id_merge,
D,2,1005
S,3,1005,PREDICTION,src/tracking/advanced_tracker.py:id_merge,
D,3,1005
S,4,1005,PREDICTION,src/tracking/advanced_tracker.py:id_merge,
D,5,1005
S,6,1005,PREDICTION,src/tracking/advanced_tracker.py:id_merge,
D,6,1005
S,8,1005,PREDICTION,src/tracking/advanced_tracker.py:id_merge,
D,9,1005
S,8,1005,PREDICTION,src/tracking/advanced_tracker.py:id_merge,
L,4,1005,PREDICTION,src/tracking/advanced_tracker.py:id_merge,
R,PREDICTION,SUBPIXEL,0
L,8,1005,PREDICTION,src/tracking/advanced_tracker.py:id_merge,
R,PREDICTION,PREDICTION,1
A,1005
S,0,1011,DETECTION,src/tracking/advanced_tracker.py:_activate_slot,1011_451_176_634_271
S,1,1011,DETECTION,src/tracking/advanced_tracker.py:_activate_slot,1011_383_759_583_853
S,2,1011,DETECTION,src/tracking/advanced_tracker.py:_activate_slot,1011_326_737_525_809
S,3,1011,DETECTION,src/tracking/advanced_tracker.py:_activate_slot,1011_217_512_383_626
S,4,1011,DETECTION,src/tracking/advanced_tracker.py:_activate_slot,1011_222_432_389_526
S,5,1011,PREDICTION,src/tracking/advanced_tracker.py:flow_gapfill_batched,
S,6,1011,PREDICTION,src/tracking/advanced_tracker.py:flow_gapfill_batched,
S,8,1011,PREDICTION,src/tracking/advanced_tracker.py:flow_gapfill_batched,
S,9,1011,PREDICTION,src/tracking/advanced_tracker.py:flow_gapfill_batched,
D,0,1011
S,1,1011,PREDICTION,src/tracking/advanced_tracker.py:id_merge,
D,1,1011
S,2,1011,PREDICTION,src/tracking/advanced_tracker.py:id_merge,
D,2,1011
S,3,1011,PREDICTION,src/tracking/advanced_tracker.py:id_merge,
D,3,1011
S,4,1011,PREDICTION,src/tracking/advanced_tracker.py:id_merge,
D,5,1011
S,6,1011,PREDICTION,src/tracking/advanced_tracker.py:id_merge,
D,6,1011
S,8,1011,PREDICTION,src/tracking/advanced_tracker.py:id_merge,
D,9,1011
S,8,1011,PREDICTION,src/tracking/advanced_tracker.py:id_merge,
L,4,1011,PREDICTION,src/tracking/advanced_tracker.py:id_merge,
R,PREDICTION,PREDICTION,1
L,8,1011,PREDICTION,src/tracking/advanced_tracker.py:id_merge,
R,PREDICTION,SUBPIXEL,0
A,1011
S,0,1017,DETECTION,src/tracking/advanced_tracker.py:_activate_slot,1017_452_182_661_272
S,1,1017,DETECTION,src/tracking/advanced_tracker.py:_activate_slot,1017_385_745_589_853
S,2,1017,DETECTION,src/tracking/advanced_tracker.py:_activate_slot,1017_328_731_517_803
S,3,1017,DETECTION,src/tracking/advanced_tracker.py:_activate_slot,1017_221_527_388_629
S,4,1017,DETECTION,src/tracking/advanced_tracker.py:_activate_slot,1017_223_440_387_524
S,7,1017,DETECTION,src/tracking/advanced_tracker.py:_activate_slot,1017_121_782_200_838
S,5,1017,PREDICTION,src/tracking/advanced_tracker.py:flow_gapfill_batched,
S,6,1017,PREDICTION,src/tracking/advanced_tracker.py:flow_gapfill_batched,
S,8,1017,PREDICTION,src/tracking/advanced_tracker.py:flow_gapfill_batched,
D,0,1017
S,1,1017,PREDICTION,src/tracking/advanced_tracker.py:id_merge,
D,1,1017
S,2,1017,PREDICTION,src/tracking/advanced_tracker.py:id_merge,
D,2,1017
S,3,1017,PREDICTION,src/tracking/advanced_tracker.py:id_merge,
D,3,1017
S,4,1017,PREDICTION,src/tracking/advanced_tracker.py:id_merge,
D,5,1017
S,6,1017,PREDICTION,src/tracking/advanced_tracker.py:id_merge,
D,6,1017
S,7,1017,PREDICTION,src/tracking/advanced_tracker.py:id_merge,
D,8,1017
S,7,1017,PREDICTION,src/tracking/advanced_tracker.py:id_merge,
L,4,1017,PREDICTION,src/tracking/advanced_tracker.py:id_merge,
R,PREDICTION,SUBPIXEL,0
L,7,1017,PREDICTION,src/tracking/advanced_tracker.py:id_merge,
R,PREDICTION,PREDICTION,1
A,1017
S,0,1023,DETECTION,src/tracking/advanced_tracker.py:_activate_slot,1023_450_183_649_274
S,1,1023,DETECTION,src/tracking/advanced_tracker.py:_activate_slot,1023_387_725_594_854
S,2,1023,DETECTION,src/tracking/advanced_tracker.py:_activate_slot,1023_164_300_320_372
S,3,1023,DETECTION,src/tracking/advanced_tracker.py:_activate_slot,1023_223_536_389_636
S,4,1023,DETECTION,src/tracking/advanced_tracker.py:_activate_slot,1023_136_531_284_610
S,5,1023,DETECTION,src/tracking/advanced_tracker.py:_activate_slot,1023_248_443_391_524
S,7,1023,DETECTION,src/tracking/advanced_tracker.py:_activate_slot,1023_124_782_201_839
S,6,1023,PREDICTION,src/tracking/advanced_tracker.py:flow_gapfill_batched,
S,8,1023,PREDICTION,src/tracking/advanced_tracker.py:flow_gapfill_batched,
D,0,1023
S,1,1023,PREDICTION,src/tracking/advanced_tracker.py:id_merge,
D,1,1023
S,2,1023,PREDICTION,src/tracking/advanced_tracker.py:id_merge,
D,2,1023
S,3,1023,PREDICTION,src/tracking/advanced_tracker.py:id_merge,
D,3,1023
S,4,1023,PREDICTION,src/tracking/advanced_tracker.py:id_merge,
D,6,1023
S,5,1023,PREDICTION,src/tracking/advanced_tracker.py:id_merge,
D,5,1023
S,7,1023,PREDICTION,src/tracking/advanced_tracker.py:id_merge,
D,8,1023
S,7,1023,PREDICTION,src/tracking/advanced_tracker.py:id_merge,
L,4,1023,PREDICTION,src/tracking/advanced_tracker.py:id_merge,
R,PREDICTION,PREDICTION,1
L,7,1023,PREDICTION,src/tracking/advanced_tracker.py:id_merge,
R,PREDICTION,SUBPIXEL,0
A,1023
S,0,1029,DETECTION,src/tracking/advanced_tracker.py:_activate_slot,1029_452_181_625_275
S,1,1029,DETECTION,src/tracking/advanced_tracker.py:_activate_slot,1029_389_715_589_847
S,2,1029,DETECTION,src/tracking/advanced_tracker.py:_activate_slot,1029_161_284_303_359
S,3,1029,DETECTION,src/tracking/advanced_tracker.py:_activate_slot,1029_222_540_390_658
S,4,1029,DETECTION,src/tracking/advanced_tracker.py:_activate_slot,1029_270_1099_446_1181
S,5,1029,DETECTION,src/tracking/advanced_tracker.py:_activate_slot,1029_212_438_386_529
S,7,1029,DETECTION,src/tracking/advanced_tracker.py:_activate_slot,1029_126_783_201_838
S,6,1029,PREDICTION,src/tracking/advanced_tracker.py:flow_gapfill_batched,
S,8,1029,PREDICTION,src/tracking/advanced_tracker.py:flow_gapfill_batched,
D,0,1029
S,1,1029,PREDICTION,src/tracking/advanced_tracker.py:id_merge,
D,1,1029
S,2,1029,PREDICTION,src/tracking/advanced_tracker.py:id_merge,
D,2,1029
S,3,1029,PREDICTION,src/tracking/advanced_tracker.py:id_merge,
D,3,1029
S,4,1029,PREDICTION,src/tracking/advanced_tracker.py:id_merge,
D,6,1029
S,5,1029,PREDICTION,src/tracking/advanced_tracker.py:id_merge,
D,5,1029
S,7,1029,PREDICTION,src/tracking/advanced_tracker.py:id_merge,
D,8,1029
S,7,1029,PREDICTION,src/tracking/advanced_tracker.py:id_merge,
L,4,1029,PREDICTION,src/tracking/advanced_tracker.py:id_merge,
R,PREDICTION,PREDICTION,1
L,7,1029,PREDICTION,src/tracking/advanced_tracker.py:id_merge,
R,PREDICTION,SUBPIXEL,0
A,1029
S,0,1035,DETECTION,src/tracking/advanced_tracker.py:_activate_slot,1035_454_178_621_273
S,1,1035,DETECTION,src/tracking/advanced_tracker.py:_activate_slot,1035_223_725_402_827
S,2,1035,DETECTION,src/tracking/advanced_tracker.py:_activate_slot,1035_458_177_672_275
S,3,1035,DETECTION,src/tracking/advanced_tracker.py:_activate_slot,1035_222_554_382_660
S,4,1035,DETECTION,src/tracking/advanced_tracker.py:_activate_slot,1035_270_1105_452_1185
S,6,1035,DETECTION,src/tracking/advanced_tracker.py:_activate_slot,1035_590_1217_674_1295
S,7,1035,DETECTION,src/tracking/advanced_tracker.py:_activate_slot,1035_126_783_200_839
S,5,1035,PREDICTION,src/tracking/advanced_tracker.py:kalman_homography,
S,8,1035,PREDICTION,src/tracking/advanced_tracker.py:flow_gapfill_batched,
D,0,1035
S,1,1035,PREDICTION,src/tracking/advanced_tracker.py:id_merge,
D,1,1035
S,2,1035,PREDICTION,src/tracking/advanced_tracker.py:id_merge,
D,2,1035
S,3,1035,PREDICTION,src/tracking/advanced_tracker.py:id_merge,
D,3,1035
S,4,1035,PREDICTION,src/tracking/advanced_tracker.py:id_merge,
D,5,1035
S,6,1035,PREDICTION,src/tracking/advanced_tracker.py:id_merge,
D,6,1035
S,7,1035,PREDICTION,src/tracking/advanced_tracker.py:id_merge,
D,8,1035
S,7,1035,PREDICTION,src/tracking/advanced_tracker.py:id_merge,
L,4,1035,PREDICTION,src/tracking/advanced_tracker.py:id_merge,
R,PREDICTION,PREDICTION,1
L,7,1035,PREDICTION,src/tracking/advanced_tracker.py:id_merge,
R,PREDICTION,SUBPIXEL,0
A,1035
S,0,1041,DETECTION,src/tracking/advanced_tracker.py:_activate_slot,1041_134_518_265_586
S,1,1041,DETECTION,src/tracking/advanced_tracker.py:_activate_slot,1041_213_724_400_831
S,2,1041,DETECTION,src/tracking/advanced_tracker.py:_activate_slot,1041_360_681_528_813
S,3,1041,DETECTION,src/tracking/advanced_tracker.py:_activate_slot,1041_234_578_376_668
S,4,1041,DETECTION,src/tracking/advanced_tracker.py:_activate_slot,1041_141_562_269_632
S,6,1041,DETECTION,src/tracking/advanced_tracker.py:_activate_slot,1041_236_436_386_515
S,7,1041,DETECTION,src/tracking/advanced_tracker.py:_activate_slot,1041_128_783_200_839
S,5,1041,PREDICTION,src/tracking/advanced_tracker.py:kalman_homography,
S,8,1041,PREDICTION,src/tracking/advanced_tracker.py:flow_gapfill_batched,
D,0,1041
S,1,1041,PREDICTION,src/tracking/advanced_tracker.py:id_merge,
D,1,1041
S,2,1041,PREDICTION,src/tracking/advanced_tracker.py:id_merge,
D,2,1041
S,3,1041,PREDICTION,src/tracking/advanced_tracker.py:id_merge,
D,3,1041
S,4,1041,PREDICTION,src/tracking/advanced_tracker.py:id_merge,
D,5,1041
S,6,1041,PREDICTION,src/tracking/advanced_tracker.py:id_merge,
D,6,1041
S,7,1041,PREDICTION,src/tracking/advanced_tracker.py:id_merge,
D,8,1041
S,7,1041,PREDICTION,src/tracking/advanced_tracker.py:id_merge,
L,4,1041,PREDICTION,src/tracking/advanced_tracker.py:id_merge,
R,PREDICTION,PREDICTION,1
L,7,1041,PREDICTION,src/tracking/advanced_tracker.py:id_merge,
R,PREDICTION,SUBPIXEL,0
A,1041
S,0,1047,DETECTION,src/tracking/advanced_tracker.py:_activate_slot,1047_133_510_269_576
S,1,1047,DETECTION,src/tracking/advanced_tracker.py:_activate_slot,1047_213_744_376_838
S,2,1047,DETECTION,src/tracking/advanced_tracker.py:_activate_slot,1047_366_668_553_788
S,3,1047,DETECTION,src/tracking/advanced_tracker.py:_activate_slot,1047_158_574_373_681
S,4,1047,DETECTION,src/tracking/advanced_tracker.py:_activate_slot,1047_369_693_577_789
S,6,1047,DETECTION,src/tracking/advanced_tracker.py:_activate_slot,1047_591_1217_675_1295
S,7,1047,DETECTION,src/tracking/advanced_tracker.py:_activate_slot,1047_124_783_200_839
S,5,1047,PREDICTION,src/tracking/advanced_tracker.py:kalman_homography,
D,0,1047
S,1,1047,PREDICTION,src/tracking/advanced_tracker.py:id_merge,
D,1,1047
S,2,1047,PREDICTION,src/tracking/advanced_tracker.py:id_merge,
D,2,1047
S,3,1047,PREDICTION,src/tracking/advanced_tracker.py:id_merge,
D,3,1047
S,4,1047,PREDICTION,src/tracking/advanced_tracker.py:id_merge,
D,5,1047
S,6,1047,PREDICTION,src/tracking/advanced_tracker.py:id_merge,
D,6,1047
S,7,1047,PREDICTION,src/tracking/advanced_tracker.py:id_merge,
L,4,1047,PREDICTION,src/tracking/advanced_tracker.py:id_merge,
R,PREDICTION,PREDICTION,1
L,7,1047,PREDICTION,src/tracking/advanced_tracker.py:id_merge,
R,PREDICTION,SUBPIXEL,0
A,1047
S,0,1053,DETECTION,src/tracking/advanced_tracker.py:_activate_slot,1053_379_700_584_784
S,1,1053,DETECTION,src/tracking/advanced_tracker.py:_activate_slot,1053_218_748_372_850
S,2,1053,DETECTION,src/tracking/advanced_tracker.py:_activate_slot,1053_253_403_394_519
S,3,1053,DETECTION,src/tracking/advanced_tracker.py:_activate_slot,1053_176_572_377_702
S,4,1053,DETECTION,src/tracking/advanced_tracker.py:_activate_slot,1053_114_447_253_507
S,7,1053,DETECTION,src/tracking/advanced_tracker.py:_activate_slot,1053_588_1219_674_1293
S,9,1053,DETECTION,src/tracking/advanced_tracker.py:_activate_slot,1053_123_786_198_841
S,10,1053,DETECTION,src/tracking/advanced_tracker.py:_activate_slot,1053_567_1213_673_1295
S,5,1053,PREDICTION,src/tracking/advanced_tracker.py:kalman_homography,
S,6,1053,PREDICTION,src/tracking/advanced_tracker.py:kalman_homography,
D,0,1053
S,1,1053,PREDICTION,src/tracking/advanced_tracker.py:id_merge,
D,1,1053
S,2,1053,PREDICTION,src/tracking/advanced_tracker.py:id_merge,
D,2,1053
S,3,1053,PREDICTION,src/tracking/advanced_tracker.py:id_merge,
D,3,1053
S,4,1053,PREDICTION,src/tracking/advanced_tracker.py:id_merge,
D,5,1053
S,6,1053,PREDICTION,src/tracking/advanced_tracker.py:id_merge,
D,6,1053
S,7,1053,PREDICTION,src/tracking/advanced_tracker.py:id_merge,
D,7,1053
S,9,1053,PREDICTION,src/tracking/advanced_tracker.py:id_merge,
L,4,1053,PREDICTION,src/tracking/advanced_tracker.py:id_merge,
R,PREDICTION,PREDICTION,1
L,9,1053,PREDICTION,src/tracking/advanced_tracker.py:id_merge,
R,PREDICTION,PREDICTION,1
A,1053
S,0,1059,DETECTION,src/tracking/advanced_tracker.py:_activate_slot,1059_198_330_369_431
S,1,1059,DETECTION,src/tracking/advanced_tracker.py:_activate_slot,1059_226_751_403_863
S,2,1059,DETECTION,src/tracking/advanced_tracker.py:_activate_slot,1059_257_405_394_502
S,3,1059,DETECTION,src/tracking/advanced_tracker.py:_activate_slot,1059_163_581_379_711
S,4,1059,DETECTION,src/tracking/advanced_tracker.py:_activate_slot,1059_146_274_278_361
S,9,1059,DETECTION,src/tracking/advanced_tracker.py:_activate_slot,1059_126_790_199_847
S,5,1059,PREDICTION,src/tracking/advanced_tracker.py:kalman_homography,
S,6,1059,PREDICTION,src/tracking/advanced_tracker.py:flow_gapfill_batched,
S,7,1059,PREDICTION,src/tracking/advanced_tracker.py:flow_gapfill_batched,
S,10,1059,PREDICTION,src/tracking/advanced_tracker.py:flow_gapfill_batched,
D,0,1059
S,1,1059,PREDICTION,src/tracking/advanced_tracker.py:id_merge,
D,1,1059
S,2,1059,PREDICTION,src/tracking/advanced_tracker.py:id_merge,
D,2,1059
S,3,1059,PREDICTION,src/tracking/advanced_tracker.py:id_merge,
D,3,1059
S,4,1059,PREDICTION,src/tracking/advanced_tracker.py:id_merge,
D,5,1059
S,6,1059,PREDICTION,src/tracking/advanced_tracker.py:id_merge,
D,6,1059
S,7,1059,PREDICTION,src/tracking/advanced_tracker.py:id_merge,
D,7,1059
S,9,1059,PREDICTION,src/tracking/advanced_tracker.py:id_merge,
L,4,1059,PREDICTION,src/tracking/advanced_tracker.py:id_merge,
R,PREDICTION,PREDICTION,1
L,9,1059,PREDICTION,src/tracking/advanced_tracker.py:id_merge,
R,PREDICTION,SUBPIXEL,0
A,1059
