S,0,4873,DETECTION,src/tracking/advanced_tracker.py:_activate_slot,4873_109_767_288_861
S,1,4873,DETECTION,src/tracking/advanced_tracker.py:_activate_slot,4873_167_252_374_366
S,10,4873,DETECTION,src/tracking/advanced_tracker.py:_activate_slot,4873_241_595_463_700
S,2,4873,DETECTION,src/tracking/advanced_tracker.py:_activate_slot,4873_101_967_174_1041
D,0,4873
S,2,4873,PREDICTION,src/tracking/advanced_tracker.py:id_merge,
L,1,4873,DETECTION,src/tracking/advanced_tracker.py:_activate_slot,4873_167_252_374_366
R,DETECTION,DETECTION,1
L,2,4873,PREDICTION,src/tracking/advanced_tracker.py:id_merge,
R,PREDICTION,PREDICTION,1
A,4873
S,0,4879,DETECTION,src/tracking/advanced_tracker.py:_activate_slot,4879_103_786_287_864
S,3,4879,DETECTION,src/tracking/advanced_tracker.py:_activate_slot,4879_231_594_447_701
S,2,4879,DETECTION,src/tracking/advanced_tracker.py:_activate_slot,4879_101_967_174_1041
S,1,4879,PREDICTION,src/tracking/advanced_tracker.py:kalman_homography,
S,10,4879,PREDICTION,src/tracking/advanced_tracker.py:kalman_homography,
D,0,4879
S,2,4879,PREDICTION,src/tracking/advanced_tracker.py:id_merge,
D,2,4879
S,3,4879,PREDICTION,src/tracking/advanced_tracker.py:id_merge,
L,1,4879,PREDICTION,src/tracking/advanced_tracker.py:kalman_homography,
R,PREDICTION,PREDICTION,1
L,3,4879,PREDICTION,src/tracking/advanced_tracker.py:id_merge,
R,PREDICTION,PREDICTION,1
A,4879
S,0,4885,DETECTION,src/tracking/advanced_tracker.py:_activate_slot,4885_105_793_296_880
S,1,4885,DETECTION,src/tracking/advanced_tracker.py:_activate_slot,4885_152_211_377_367
S,3,4885,DETECTION,src/tracking/advanced_tracker.py:_activate_slot,4885_227_589_421_695
S,2,4885,DETECTION,src/tracking/advanced_tracker.py:_activate_slot,4885_102_967_174_1041
S,10,4885,PREDICTION,src/tracking/advanced_tracker.py:kalman_homography,
D,0,4885
S,2,4885,PREDICTION,src/tracking/advanced_tracker.py:id_merge,
D,2,4885
S,3,4885,PREDICTION,src/tracking/advanced_tracker.py:id_merge,
L,1,4885,DETECTION,src/tracking/advanced_tracker.py:_activate_slot,4885_152_211_377_367
R,DETECTION,DETECTION,1
L,3,4885,PREDICTION,src/tracking/advanced_tracker.py:id_merge,
R,PREDICTION,PREDICTION,1
A,4885
S,1,4891,DETECTION,src/tracking/advanced_tracker.py:_activate_slot,4891_191_243_374_352
S,2,4891,DETECTION,src/tracking/advanced_tracker.py:_activate_slot,4891_112_806_298_892
S,4,4891,DETECTION,src/tracking/advanced_tracker.py:_activate_slot,4891_238_850_417_932
S,5,4891,DETECTION,src/tracking/advanced_tracker.py:_activate_slot,4891_227_588_477_680
S,6,4891,DETECTION,src/tracking/advanced_tracker.py:_activate_slot,4891_233_587_420_681
S,7,4891,DETECTION,src/tracking/advanced_tracker.py:_activate_slot,4891_101_967_174_1041
S,0,4891,PREDICTION,src/tracking/advanced_tracker.py:kalman_homography,
S,3,4891,PREDICTION,src/tracking/advanced_tracker.py:kalman_homography,
S,10,4891,PREDICTION,src/tracking/advanced_tracker.py:kalman_homography,
D,0,4891
S,2,4891,PREDICTION,src/tracking/advanced_tracker.py:id_merge,
D,3,4891
S,2,4891,PREDICTION,src/tracking/advanced_tracker.py:id_merge,
D,5,4891
S,6,4891,PREDICTION,src/tracking/advanced_tracker.py:id_merge,
D,6,4891
S,7,4891,PREDICTION,src/tracking/advanced_tracker.py:id_merge,
L,1,4891,DETECTION,src/tracking/advanced_tracker.py:_activate_slot,4891_191_243_374_352
R,DETECTION,DETECTION,1
L,2,4891,PREDICTION,src/tracking/advanced_tracker.py:id_merge,
R,PREDICTION,PREDICTION,1
L,4,4891,DETECTION,src/tracking/advanced_tracker.py:_activate_slot,4891_238_850_417_932
R,DETECTION,DETECTION,1
L,7,4891,PREDICTION,src/tracking/advanced_tracker.py:id_merge,
R,PREDICTION,PREDICTION,1
A,4891
S,0,4897,DETECTION,src/tracking/advanced_tracker.py:_activate_slot,4897_128_809_297_913
S,4,4897,DETECTION,src/tracking/advanced_tracker.py:_activate_slot,4897_226_863_401_943
S,1,4897,DETECTION,src/tracking/advanced_tracker.py:_activate_slot,4897_203_231_378_343
S,5,4897,DETECTION,src/tracking/advanced_tracker.py:_activate_slot,4897_237_574_476_675
S,7,4897,DETECTION,src/tracking/advanced_tracker.py:_activate_slot,4897_101_967_174_1041
S,8,4897,DETECTION,src/tracking/advanced_tracker.py:_activate_slot,4897_108_1066_179_1134
S,2,4897,PREDICTION,src/tracking/advanced_tracker.py:kalman_homography,
S,3,4897,PREDICTION,src/tracking/advanced_tracker.py:kalman_homography,
S,6,4897,PREDICTION,src/tracking/advanced_tracker.py:kalman_homography,
S,10,4897,PREDICTION,src/tracking/advanced_tracker.py:kalman_homography,
D,2,4897
S,0,4897,PREDICTION,src/tracking/advanced_tracker.py:id_merge,
D,3,4897
S,0,4897,PREDICTION,src/tracking/advanced_tracker.py:id_merge,
D,6,4897
S,5,4897,PREDICTION,src/tracking/advanced_tracker.py:id_merge,
D,5,4897
S,7,4897,PREDICTION,src/tracking/advanced_tracker.py:id_merge,
D,7,4897
S,8,4897,PREDICTION,src/tracking/advanced_tracker.py:id_merge,
L,0,4897,PREDICTION,src/tracking/advanced_tracker.py:id_merge,
R,PREDICTION,PREDICTION,1
L,1,4897,DETECTION,src/tracking/advanced_tracker.py:_activate_slot,4897_203_231_378_343
R,DETECTION,DETECTION,1
L,4,4897,DETECTION,src/tracking/advanced_tracker.py:_activate_slot,4897_226_863_401_943
R,DETECTION,DETECTION,1
L,8,4897,PREDICTION,src/tracking/advanced_tracker.py:id_merge,
R,PREDICTION,PREDICTION,1
A,4897
S,0,4903,DETECTION,src/tracking/advanced_tracker.py:_activate_slot,4903_127_811_298_910
S,6,4903,DETECTION,src/tracking/advanced_tracker.py:_activate_slot,4903_241_546_427_675
S,7,4903,DETECTION,src/tracking/advanced_tracker.py:_activate_slot,4903_107_1066_178_1134
S,5,4903,DETECTION,src/tracking/advanced_tracker.py:_activate_slot,4903_241_553_480_674
S,9,4903,DETECTION,src/tracking/advanced_tracker.py:_activate_slot,4903_100_967_174_1041
S,1,4903,PREDICTION,src/tracking/advanced_tracker.py:kalman_homography,
S,2,4903,PREDICTION,src/tracking/advanced_tracker.py:kalman_homography,
S,3,4903,PREDICTION,src/tracking/advanced_tracker.py:kalman_homography,
S,4,4903,PREDICTION,src/tracking/advanced_tracker.py:kalman_homography,
S,8,4903,PREDICTION,src/tracking/advanced_tracker.py:kalman_homography,
S,10,4903,PREDICTION,src/tracking/advanced_tracker.py:kalman_homography,
D,2,4903
S,0,4903,PREDICTION,src/tracking/advanced_tracker.py:id_merge,
D,3,4903
S,0,4903,PREDICTION,src/tracking/advanced_tracker.py:id_merge,
D,5,4903
S,6,4903,PREDICTION,src/tracking/advanced_tracker.py:id_merge,
D,6,4903
S,9,4903,PREDICTION,src/tracking/advanced_tracker.py:id_merge,
D,8,4903
S,7,4903,PREDICTION,src/tracking/advanced_tracker.py:id_merge,
D,7,4903
S,9,4903,PREDICTION,src/tracking/advanced_tracker.py:id_merge,
L,0,4903,PREDICTION,src/tracking/advanced_tracker.py:id_merge,
R,PREDICTION,SUBPIXEL,0
L,1,4903,PREDICTION,src/tracking/advanced_tracker.py:kalman_homography,
R,PREDICTION,PREDICTION,1
L,4,4903,PREDICTION,src/tracking/advanced_tracker.py:kalman_homography,
R,PREDICTION,PREDICTION,1
L,9,4903,PREDICTION,src/tracking/advanced_tracker.py:id_merge,
R,PREDICTION,PREDICTION,1
A,4903
S,2,4909,DETECTION,src/tracking/advanced_tracker.py:_activate_slot,4909_129_821_298_917
S,7,4909,DETECTION,src/tracking/advanced_tracker.py:_activate_slot,4909_107_1065_178_1135
S,9,4909,DETECTION,src/tracking/advanced_tracker.py:_activate_slot,4909_100_968_174_1041
S,10,4909,DETECTION,src/tracking/advanced_tracker.py:_activate_slot,4909_256_550_483_674
S,0,4909,PREDICTION,src/tracking/advanced_tracker.py:kalman_homography,
S,1,4909,PREDICTION,src/tracking/advanced_tracker.py:kalman_homography,
S,3,4909,PREDICTION,src/tracking/advanced_tracker.py:kalman_homography,
S,4,4909,PREDICTION,src/tracking/advanced_tracker.py:kalman_homography,
S,5,4909,PREDICTION,src/tracking/advanced_tracker.py:kalman_homography,
S,6,4909,PREDICTION,src/tracking/advanced_tracker.py:kalman_homography,
S,8,4909,PREDICTION,src/tracking/advanced_tracker.py:kalman_homography,
D,0,4909
S,2,4909,PREDICTION,src/tracking/advanced_tracker.py:id_merge,
D,3,4909
S,2,4909,PREDICTION,src/tracking/advanced_tracker.py:id_merge,
D,5,4909
S,6,4909,PREDICTION,src/tracking/advanced_tracker.py:id_merge,
D,6,4909
S,9,4909,PREDICTION,src/tracking/advanced_tracker.py:id_merge,
D,8,4909
S,7,4909,PREDICTION,src/tracking/advanced_tracker.py:id_merge,
D,7,4909
S,9,4909,PREDICTION,src/tracking/advanced_tracker.py:id_merge,
L,1,4909,PREDICTION,src/tracking/advanced_tracker.py:kalman_homography,
R,PREDICTION,PREDICTION,1
L,2,4909,PREDICTION,src/tracking/advanced_tracker.py:id_merge,
R,PREDICTION,PREDICTION,1
L,4,4909,PREDICTION,src/tracking/advanced_tracker.py:kalman_homography,
R,PREDICTION,PREDICTION,1
L,9,4909,PREDICTION,src/tracking/advanced_tracker.py:id_merge,
R,PREDICTION,SUBPIXEL,0
A,4909
S,0,4915,DETECTION,src/tracking/advanced_tracker.py:_activate_slot,4915_125_835_303_919
S,8,4915,DETECTION,src/tracking/advanced_tracker.py:_activate_slot,4915_107_1065_178_1135
S,10,4915,DETECTION,src/tracking/advanced_tracker.py:_activate_slot,4915_111_1115_178_1185
S,1,4915,PREDICTION,src/tracking/advanced_tracker.py:kalman_homography,
S,2,4915,PREDICTION,src/tracking/advanced_tracker.py:kalman_homography,
S,3,4915,PREDICTION,src/tracking/advanced_tracker.py:kalman_homography,
S,4,4915,PREDICTION,src/tracking/advanced_tracker.py:kalman_homography,
S,5,4915,PREDICTION,src/tracking/advanced_tracker.py:kalman_homography,
S,6,4915,PREDICTION,src/tracking/advanced_tracker.py:kalman_homography,
S,7,4915,PREDICTION,src/tracking/advanced_tracker.py:kalman_homography,
S,9,4915,PREDICTION,src/tracking/advanced_tracker.py:kalman_homography,
D,2,4915
S,0,4915,PREDICTION,src/tracking/advanced_tracker.py:id_merge,
D,5,4915
S,6,4915,PREDICTION,src/tracking/advanced_tracker.py:id_merge,
D,6,4915
S,9,4915,PREDICTION,src/tracking/advanced_tracker.py:id_merge,
D,7,4915
S,8,4915,PREDICTION,src/tracking/advanced_tracker.py:id_merge,
D,9,4915
S,8,4915,PREDICTION,src/tracking/advanced_tracker.py:id_merge,
L,0,4915,PREDICTION,src/tracking/advanced_tracker.py:id_merge,
R,PREDICTION,PREDICTION,1
L,1,4915,PREDICTION,src/tracking/advanced_tracker.py:kalman_homography,
R,PREDICTION,PREDICTION,1
L,3,4915,PREDICTION,src/tracking/advanced_tracker.py:kalman_homography,
R,PREDICTION,PREDICTION,1
L,4,4915,PREDICTION,src/tracking/advanced_tracker.py:kalman_homography,
R,PREDICTION,PREDICTION,1
L,8,4915,PREDICTION,src/tracking/advanced_tracker.py:id_merge,
R,PREDICTION,PREDICTION,1
A,4915
S,1,4921,DETECTION,src/tracking/advanced_tracker.py:_activate_slot,4921_150_211_384_380
S,2,4921,DETECTION,src/tracking/advanced_tracker.py:_activate_slot,4921_126_843_306_923
S,5,4921,DETECTION,src/tracking/advanced_tracker.py:_activate_slot,4921_231_537_487_663
S,8,4921,DETECTION,src/tracking/advanced_tracker.py:_activate_slot,4921_107_1067_178_1137
S,10,4921,DETECTION,src/tracking/advanced_tracker.py:_activate_slot,4921_111_1115_178_1185
S,0,4921,PREDICTION,src/tracking/advanced_tracker.py:kalman_homography,
S,3,4921,PREDICTION,src/tracking/advanced_tracker.py:kalman_homography,
S,4,4921,PREDICTION,src/tracking/advanced_tracker.py:kalman_homography,
S,6,4921,PREDICTION,src/tracking/advanced_tracker.py:kalman_homography,
S,7,4921,PREDICTION,src/tracking/advanced_tracker.py:kalman_homography,
S,9,4921,PREDICTION,src/tracking/advanced_tracker.py:kalman_homography,
D,0,4921
S,2,4921,PREDICTION,src/tracking/advanced_tracker.py:id_merge,
D,4,4921
S,2,4921,PREDICTION,src/tracking/advanced_tracker.py:id_merge,
D,6,4921
S,5,4921,PREDICTION,src/tracking/advanced_tracker.py:id_merge,
D,5,4921
S,8,4921,PREDICTION,src/tracking/advanced_tracker.py:id_merge,
D,7,4921
S,8,4921,PREDICTION,src/tracking/advanced_tracker.py:id_merge,
D,9,4921
S,8,4921,PREDICTION,src/tracking/advanced_tracker.py:id_merge,
L,1,4921,DETECTION,src/tracking/advanced_tracker.py:_activate_slot,4921_150_211_384_380
R,CLAMP,CLAMP,0
L,2,4921,PREDICTION,src/tracking/advanced_tracker.py:id_merge,
R,PREDICTION,PREDICTION,1
L,3,4921,PREDICTION,src/tracking/advanced_tracker.py:kalman_homography,
R,PREDICTION,PREDICTION,1
L,8,4921,PREDICTION,src/tracking/advanced_tracker.py:id_merge,
R,PREDICTION,PREDICTION,1
A,4921
S,2,4927,DETECTION,src/tracking/advanced_tracker.py:_activate_slot,4927_128_850_300_926
S,8,4927,DETECTION,src/tracking/advanced_tracker.py:_activate_slot,4927_107_1067_178_1137
S,10,4927,DETECTION,src/tracking/advanced_tracker.py:_activate_slot,4927_111_1117_178_1185
S,0,4927,PREDICTION,src/tracking/advanced_tracker.py:kalman_homography,
S,1,4927,PREDICTION,src/tracking/advanced_tracker.py:kalman_homography,
S,3,4927,PREDICTION,src/tracking/advanced_tracker.py:kalman_homography,
S,4,4927,PREDICTION,src/tracking/advanced_tracker.py:kalman_homography,
S,5,4927,PREDICTION,src/tracking/advanced_tracker.py:kalman_homography,
S,6,4927,PREDICTION,src/tracking/advanced_tracker.py:kalman_homography,
S,7,4927,PREDICTION,src/tracking/advanced_tracker.py:kalman_homography,
S,9,4927,PREDICTION,src/tracking/advanced_tracker.py:kalman_homography,
D,0,4927
S,2,4927,PREDICTION,src/tracking/advanced_tracker.py:id_merge,
D,4,4927
S,2,4927,PREDICTION,src/tracking/advanced_tracker.py:id_merge,
D,6,4927
S,5,4927,PREDICTION,src/tracking/advanced_tracker.py:id_merge,
D,5,4927
S,8,4927,PREDICTION,src/tracking/advanced_tracker.py:id_merge,
D,7,4927
S,8,4927,PREDICTION,src/tracking/advanced_tracker.py:id_merge,
D,9,4927
S,8,4927,PREDICTION,src/tracking/advanced_tracker.py:id_merge,
L,1,4927,PREDICTION,src/tracking/advanced_tracker.py:kalman_homography,
R,CLAMP,CLAMP,0
L,2,4927,PREDICTION,src/tracking/advanced_tracker.py:id_merge,
R,PREDICTION,PREDICTION,1
L,3,4927,PREDICTION,src/tracking/advanced_tracker.py:kalman_homography,
R,PREDICTION,PREDICTION,1
L,8,4927,PREDICTION,src/tracking/advanced_tracker.py:id_merge,
R,PREDICTION,SUBPIXEL,0
A,4927
S,3,4933,DETECTION,src/tracking/advanced_tracker.py:_activate_slot,4933_208_488_445_613
S,2,4933,DETECTION,src/tracking/advanced_tracker.py:_activate_slot,4933_129_855_303_929
S,0,4933,PREDICTION,src/tracking/advanced_tracker.py:kalman_homography,
S,1,4933,PREDICTION,src/tracking/advanced_tracker.py:kalman_homography,
S,4,4933,PREDICTION,src/tracking/advanced_tracker.py:kalman_homography,
S,5,4933,PREDICTION,src/tracking/advanced_tracker.py:kalman_homography,
S,6,4933,PREDICTION,src/tracking/advanced_tracker.py:kalman_homography,
S,7,4933,PREDICTION,src/tracking/advanced_tracker.py:kalman_homography,
S,8,4933,PREDICTION,src/tracking/advanced_tracker.py:kalman_homography,
S,9,4933,PREDICTION,src/tracking/advanced_tracker.py:kalman_homography,
S,10,4933,PREDICTION,src/tracking/advanced_tracker.py:flow_gapfill_batched,
D,0,4933
S,2,4933,PREDICTION,src/tracking/advanced_tracker.py:id_merge,
D,4,4933
S,2,4933,PREDICTION,src/tracking/advanced_tracker.py:id_merge,
D,6,4933
S,5,4933,PREDICTION,src/tracking/advanced_tracker.py:id_merge,
D,5,4933
S,8,4933,PREDICTION,src/tracking/advanced_tracker.py:id_merge,
D,7,4933
S,8,4933,PREDICTION,src/tracking/advanced_tracker.py:id_merge,
D,9,4933
S,8,4933,PREDICTION,src/tracking/advanced_tracker.py:id_merge,
L,1,4933,PREDICTION,src/tracking/advanced_tracker.py:kalman_homography,
R,CLAMP,CLAMP,0
L,2,4933,PREDICTION,src/tracking/advanced_tracker.py:id_merge,
R,PREDICTION,PREDICTION,1
L,3,4933,DETECTION,src/tracking/advanced_tracker.py:_activate_slot,4933_208_488_445_613
R,DETECTION,DETECTION,1
L,8,4933,PREDICTION,src/tracking/advanced_tracker.py:id_merge,
R,PREDICTION,PREDICTION,1
A,4933
S,3,4939,DETECTION,src/tracking/advanced_tracker.py:_activate_slot,4939_222_492_490_609
S,2,4939,DETECTION,src/tracking/advanced_tracker.py:_activate_slot,4939_130_857_305_929
S,0,4939,PREDICTION,src/tracking/advanced_tracker.py:kalman_homography,
S,1,4939,PREDICTION,src/tracking/advanced_tracker.py:kalman_homography,
S,4,4939,PREDICTION,src/tracking/advanced_tracker.py:kalman_homography,
S,5,4939,PREDICTION,src/tracking/advanced_tracker.py:kalman_homography,
S,6,4939,PREDICTION,src/tracking/advanced_tracker.py:kalman_homography,
S,8,4939,PREDICTION,src/tracking/advanced_tracker.py:kalman_homography,
S,9,4939,PREDICTION,src/tracking/advanced_tracker.py:kalman_homography,
S,7,4939,PREDICTION,src/tracking/advanced_tracker.py:flow_gapfill_batched,
S,10,4939,PREDICTION,src/tracking/advanced_tracker.py:flow_gapfill_batched,
D,0,4939
S,2,4939,PREDICTION,src/tracking/advanced_tracker.py:id_merge,
D,4,4939
S,2,4939,PREDICTION,src/tracking/advanced_tracker.py:id_merge,
D,7,4939
S,5,4939,PREDICTION,src/tracking/advanced_tracker.py:id_merge,
D,5,4939
S,8,4939,PREDICTION,src/tracking/advanced_tracker.py:id_merge,
D,9,4939
S,8,4939,PREDICTION,src/tracking/advanced_tracker.py:id_merge,
L,1,4939,PREDICTION,src/tracking/advanced_tracker.py:kalman_homography,
R,CLAMP,CLAMP,0
L,2,4939,PREDICTION,src/tracking/advanced_tracker.py:id_merge,
R,PREDICTION,PREDICTION,1
L,3,4939,DETECTION,src/tracking/advanced_tracker.py:_activate_slot,4939_222_492_490_609
R,DETECTION,DETECTION,1
L,6,4939,PREDICTION,src/tracking/advanced_tracker.py:kalman_homography,
R,PREDICTION,PREDICTION,1
L,8,4939,PREDICTION,src/tracking/advanced_tracker.py:id_merge,
R,PREDICTION,PREDICTION,1
A,4939
S,3,4945,DETECTION,src/tracking/advanced_tracker.py:_activate_slot,4945_231_493_432_594
S,2,4945,DETECTION,src/tracking/advanced_tracker.py:_activate_slot,4945_131_858_306_934
S,9,4945,DETECTION,src/tracking/advanced_tracker.py:_activate_slot,4945_100_971_172_1043
S,10,4945,DETECTION,src/tracking/advanced_tracker.py:_activate_slot,4945_111_1118_178_1186
S,0,4945,PREDICTION,src/tracking/advanced_tracker.py:kalman_homography,
S,1,4945,PREDICTION,src/tracking/advanced_tracker.py:kalman_homography,
S,5,4945,PREDICTION,src/tracking/advanced_tracker.py:kalman_homography,
S,6,4945,PREDICTION,src/tracking/advanced_tracker.py:kalman_homography,
S,8,4945,PREDICTION,src/tracking/advanced_tracker.py:kalman_homography,
S,4,4945,PREDICTION,src/tracking/advanced_tracker.py:flow_gapfill_batched,
S,7,4945,PREDICTION,src/tracking/advanced_tracker.py:flow_gapfill_batched,
D,0,4945
S,2,4945,PREDICTION,src/tracking/advanced_tracker.py:id_merge,
D,4,4945
S,2,4945,PREDICTION,src/tracking/advanced_tracker.py:id_merge,
D,7,4945
S,5,4945,PREDICTION,src/tracking/advanced_tracker.py:id_merge,
D,5,4945
S,8,4945,PREDICTION,src/tracking/advanced_tracker.py:id_merge,
D,8,4945
S,9,4945,PREDICTION,src/tracking/advanced_tracker.py:id_merge,
L,1,4945,PREDICTION,src/tracking/advanced_tracker.py:kalman_homography,
R,CLAMP,CLAMP,0
L,2,4945,PREDICTION,src/tracking/advanced_tracker.py:id_merge,
R,PREDICTION,PREDICTION,1
L,3,4945,DETECTION,src/tracking/advanced_tracker.py:_activate_slot,4945_231_493_432_594
R,DETECTION,DETECTION,1
L,6,4945,PREDICTION,src/tracking/advanced_tracker.py:kalman_homography,
R,PREDICTION,PREDICTION,1
L,9,4945,PREDICTION,src/tracking/advanced_tracker.py:id_merge,
R,PREDICTION,SUBPIXEL,0
A,4945
S,3,4951,DETECTION,src/tracking/advanced_tracker.py:_activate_slot,4951_233_482_429_570
S,1,4951,DETECTION,src/tracking/advanced_tracker.py:_activate_slot,4951_182_201_360_297
S,2,4951,DETECTION,src/tracking/advanced_tracker.py:_activate_slot,4951_130_862_299_937
S,9,4951,DETECTION,src/tracking/advanced_tracker.py:_activate_slot,4951_100_971_173_1044
S,10,4951,DETECTION,src/tracking/advanced_tracker.py:_activate_slot,4951_111_1119_178_1187
S,0,4951,PREDICTION,src/tracking/advanced_tracker.py:kalman_homography,
S,5,4951,PREDICTION,src/tracking/advanced_tracker.py:kalman_homography,
S,8,4951,PREDICTION,src/tracking/advanced_tracker.py:kalman_homography,
S,6,4951,PREDICTION,src/tracking/advanced_tracker.py:flow_gapfill_batched,
S,7,4951,PREDICTION,src/tracking/advanced_tracker.py:flow_gapfill_batched,
D,0,4951
S,2,4951,PREDICTION,src/tracking/advanced_tracker.py:id_merge,
D,6,4951
S,5,4951,PREDICTION,src/tracking/advanced_tracker.py:id_merge,
D,7,4951
S,5,4951,PREDICTION,src/tracking/advanced_tracker.py:id_merge,
D,5,4951
S,8,4951,PREDICTION,src/tracking/advanced_tracker.py:id_merge,
D,8,4951
S,9,4951,PREDICTION,src/tracking/advanced_tracker.py:id_merge,
L,1,4951,DETECTION,src/tracking/advanced_tracker.py:_activate_slot,4951_182_201_360_297
R,DETECTION,DETECTION,1
L,2,4951,PREDICTION,src/tracking/advanced_tracker.py:id_merge,
R,PREDICTION,PREDICTION,1
L,3,4951,DETECTION,src/tracking/advanced_tracker.py:_activate_slot,4951_233_482_429_570
R,DETECTION,DETECTION,1
L,9,4951,PREDICTION,src/tracking/advanced_tracker.py:id_merge,
R,PREDICTION,PREDICTION,1
A,4951
S,1,4957,DETECTION,src/tracking/advanced_tracker.py:_activate_slot,4957_182_199_364_288
S,2,4957,DETECTION,src/tracking/advanced_tracker.py:_activate_slot,4957_137_865_308_943
S,6,4957,DETECTION,src/tracking/advanced_tracker.py:_activate_slot,4957_235_469_434_549
S,9,4957,DETECTION,src/tracking/advanced_tracker.py:_activate_slot,4957_100_971_172_1044
S,10,4957,DETECTION,src/tracking/advanced_tracker.py:_activate_slot,4957_111_1119_178_1187
S,0,4957,PREDICTION,src/tracking/advanced_tracker.py:kalman_homography,
S,3,4957,PREDICTION,src/tracking/advanced_tracker.py:kalman_homography,
S,5,4957,PREDICTION,src/tracking/advanced_tracker.py:kalman_homography,
S,8,4957,PREDICTION,src/tracking/advanced_tracker.py:kalman_homography,
S,7,4957,PREDICTION,src/tracking/advanced_tracker.py:flow_gapfill_batched,
D,0,4957
S,2,4957,PREDICTION,src/tracking/advanced_tracker.py:id_merge,
D,5,4957
S,9,4957,PREDICTION,src/tracking/advanced_tracker.py:id_merge,
D,7,4957
S,8,4957,PREDICTION,src/tracking/advanced_tracker.py:id_merge,
D,8,4957
S,9,4957,PREDICTION,src/tracking/advanced_tracker.py:id_merge,
L,1,4957,DETECTION,src/tracking/advanced_tracker.py:_activate_slot,4957_182_199_364_288
R,DETECTION,DETECTION,1
L,2,4957,PREDICTION,src/tracking/advanced_tracker.py:id_merge,
R,PREDICTION,PREDICTION,1
L,3,4957,PREDICTION,src/tracking/advanced_tracker.py:kalman_homography,
R,PREDICTION,PREDICTION,1
L,6,4957,DETECTION,src/tracking/advanced_tracker.py:_activate_slot,4957_235_469_434_549
R,DETECTION,DETECTION,1
L,9,4957,PREDICTION,src/tracking/advanced_tracker.py:id_merge,
R,PREDICTION,PREDICTION,1
A,4957
S,9,4963,DETECTION,src/tracking/advanced_tracker.py:_activate_slot,4963_233_456_439_540
S,8,4963,DETECTION,src/tracking/advanced_tracker.py:_activate_slot,4963_106_1063_177_1137
S,10,4963,DETECTION,src/tracking/advanced_tracker.py:_activate_slot,4963_111_1118_178_1186
S,2,4963,PREDICTION,src/tracking/advanced_tracker.py:kalman_homography,
S,3,4963,PREDICTION,src/tracking/advanced_tracker.py:kalman_homography,
S,5,4963,PREDICTION,src/tracking/advanced_tracker.py:kalman_homography,
S,6,4963,PREDICTION,src/tracking/advanced_tracker.py:kalman_homography,
S,0,4963,PREDICTION,src/tracking/advanced_tracker.py:flow_gapfill_batched,
S,1,4963,PREDICTION,src/tracking/advanced_tracker.py:flow_gapfill_batched,
D,0,4963
S,2,4963,PREDICTION,src/tracking/advanced_tracker.py:id_merge,
D,6,4963
S,9,4963,PREDICTION,src/tracking/advanced_tracker.py:id_merge,
L,1,4963,PREDICTION,src/tracking/advanced_tracker.py:flow_gapfill_batched,
R,PREDICTION,PREDICTION,1
L,2,4963,PREDICTION,src/tracking/advanced_tracker.py:id_merge,
R,PREDICTION,PREDICTION,1
L,3,4963,PREDICTION,src/tracking/advanced_tracker.py:kalman_homography,
R,PREDICTION,PREDICTION,1
L,5,4963,PREDICTION,src/tracking/advanced_tracker.py:kalman_homography,
R,PREDICTION,PREDICTION,1
L,8,4963,DETECTION,src/tracking/advanced_tracker.py:_activate_slot,4963_106_1063_177_1137
R,DETECTION,DETECTION,1
L,9,4963,PREDICTION,src/tracking/advanced_tracker.py:id_merge,
R,PREDICTION,PREDICTION,1
A,4963
S,2,4969,DETECTION,src/tracking/advanced_tracker.py:_activate_slot,4969_141_871_312_946
S,8,4969,DETECTION,src/tracking/advanced_tracker.py:_activate_slot,4969_106_1065_177_1139
S,10,4969,DETECTION,src/tracking/advanced_tracker.py:_activate_slot,4969_111_1118_178_1186
S,3,4969,PREDICTION,src/tracking/advanced_tracker.py:kalman_homography,
S,6,4969,PREDICTION,src/tracking/advanced_tracker.py:kalman_homography,
S,9,4969,PREDICTION,src/tracking/advanced_tracker.py:kalman_homography,
S,1,4969,PREDICTION,src/tracking/advanced_tracker.py:flow_gapfill_batched,
S,5,4969,PREDICTION,src/tracking/advanced_tracker.py:flow_gapfill_batched,
D,5,4969
S,8,4969,PREDICTION,src/tracking/advanced_tracker.py:id_merge,
L,1,4969,PREDICTION,src/tracking/advanced_tracker.py:flow_gapfill_batched,
R,PREDICTION,PREDICTION,1
L,2,4969,DETECTION,src/tracking/advanced_tracker.py:_activate_slot,4969_141_871_312_946
R,DETECTION,DETECTION,1
L,3,4969,PREDICTION,src/tracking/advanced_tracker.py:kalman_homography,
R,PREDICTION,PREDICTION,1
L,6,4969,PREDICTION,src/tracking/advanced_tracker.py:kalman_homography,
R,PREDICTION,PREDICTION,1
L,8,4969,PREDICTION,src/tracking/advanced_tracker.py:id_merge,
R,PREDICTION,PREDICTION,1
L,9,4969,PREDICTION,src/tracking/advanced_tracker.py:kalman_homography,
R,PREDICTION,PREDICTION,1
A,4969
S,1,4975,DETECTION,src/tracking/advanced_tracker.py:_activate_slot,4975_207_212_377_352
S,2,4975,DETECTION,src/tracking/advanced_tracker.py:_activate_slot,4975_141_865_321_949
S,10,4975,DETECTION,src/tracking/advanced_tracker.py:_activate_slot,4975_112_1119_178_1187
S,3,4975,PREDICTION,src/tracking/advanced_tracker.py:kalman_homography,
S,6,4975,PREDICTION,src/tracking/advanced_tracker.py:kalman_homography,
S,8,4975,PREDICTION,src/tracking/advanced_tracker.py:kalman_homography,
S,9,4975,PREDICTION,src/tracking/advanced_tracker.py:flow_gapfill_batched,
D,6,4975
S,9,4975,PREDICTION,src/tracking/advanced_tracker.py:id_merge,
L,1,4975,DETECTION,src/tracking/advanced_tracker.py:_activate_slot,4975_207_212_377_352
R,DETECTION,DETECTION,1
L,2,4975,DETECTION,src/tracking/advanced_tracker.py:_activate_slot,4975_141_865_321_949
R,DETECTION,DETECTION,1
L,3,4975,PREDICTION,src/tracking/advanced_tracker.py:kalman_homography,
R,PREDICTION,PREDICTION,1
L,8,4975,PREDICTION,src/tracking/advanced_tracker.py:kalman_homography,
R,PREDICTION,PREDICTION,1
L,9,4975,PREDICTION,src/tracking/advanced_tracker.py:id_merge,
R,PREDICTION,PREDICTION,1
A,4975
S,2,4981,DETECTION,src/tracking/advanced_tracker.py:_activate_slot,4981_140_872_320_950
S,1,4981,DETECTION,src/tracking/advanced_tracker.py:_activate_slot,4981_213_212_373_355
S,6,4981,DETECTION,src/tracking/advanced_tracker.py:_activate_slot,4981_233_417_447_500
S,10,4981,DETECTION,src/tracking/advanced_tracker.py:_activate_slot,4981_112_1117_178_1187
S,3,4981,PREDICTION,src/tracking/advanced_tracker.py:kalman_homography,
S,8,4981,PREDICTION,src/tracking/advanced_tracker.py:kalman_homography,
S,9,4981,PREDICTION,src/tracking/advanced_tracker.py:flow_gapfill_batched,
D,9,4981
S,6,4981,PREDICTION,src/tracking/advanced_tracker.py:id_merge,
L,1,4981,DETECTION,src/tracking/advanced_tracker.py:_activate_slot,4981_213_212_373_355
R,DETECTION,DETECTION,1
L,2,4981,DETECTION,src/tracking/advanced_tracker.py:_activate_slot,4981_140_872_320_950
R,DETECTION,DETECTION,1
L,3,4981,PREDICTION,src/tracking/advanced_tracker.py:kalman_homography,
R,PREDICTION,PREDICTION,1
L,6,4981,PREDICTION,src/tracking/advanced_tracker.py:id_merge,
R,PREDICTION,PREDICTION,1
L,8,4981,PREDICTION,src/tracking/advanced_tracker.py:kalman_homography,
R,PREDICTION,SUBPIXEL,0
A,4981
S,1,4987,DETECTION,src/tracking/advanced_tracker.py:_activate_slot,4987_186_200_369_278
S,2,4987,DETECTION,src/tracking/advanced_tracker.py:_activate_slot,4987_140_874_318_952
S,6,4987,DETECTION,src/tracking/advanced_tracker.py:_activate_slot,4987_235_401_429_485
S,10,4987,DETECTION,src/tracking/advanced_tracker.py:_activate_slot,4987_111_1117_178_1187
S,4,4987,DETECTION,src/tracking/advanced_tracker.py:_activate_slot,4987_217_667_379_789
S,3,4987,PREDICTION,src/tracking/advanced_tracker.py:kalman_homography,
S,8,4987,PREDICTION,src/tracking/advanced_tracker.py:kalman_homography,
S,9,4987,PREDICTION,src/tracking/advanced_tracker.py:flow_gapfill_batched,
D,2,4987
S,4,4987,PREDICTION,src/tracking/advanced_tracker.py:id_merge,
L,1,4987,DETECTION,src/tracking/advanced_tracker.py:_activate_slot,4987_186_200_369_278
R,CLAMP,CLAMP,0
L,3,4987,PREDICTION,src/tracking/advanced_tracker.py:kalman_homography,
R,PREDICTION,PREDICTION,1
L,4,4987,PREDICTION,src/tracking/advanced_tracker.py:id_merge,
R,PREDICTION,PREDICTION,1
L,6,4987,DETECTION,src/tracking/advanced_tracker.py:_activate_slot,4987_235_401_429_485
R,DETECTION,DETECTION,1
L,8,4987,PREDICTION,src/tracking/advanced_tracker.py:kalman_homography,
R,PREDICTION,SUBPIXEL,0
L,9,4987,PREDICTION,src/tracking/advanced_tracker.py:flow_gapfill_batched,
R,PREDICTION,PREDICTION,1
A,4987
S,2,4993,DETECTION,src/tracking/advanced_tracker.py:_activate_slot,4993_139_874_318_952
S,4,4993,DETECTION,src/tracking/advanced_tracker.py:_activate_slot,4993_216_683_389_805
S,6,4993,DETECTION,src/tracking/advanced_tracker.py:_activate_slot,4993_235_392_425_469
S,10,4993,DETECTION,src/tracking/advanced_tracker.py:_activate_slot,4993_112_1117_178_1187
S,1,4993,PREDICTION,src/tracking/advanced_tracker.py:kalman_homography,
S,3,4993,PREDICTION,src/tracking/advanced_tracker.py:kalman_homography,
S,8,4993,PREDICTION,src/tracking/advanced_tracker.py:kalman_homography,
S,9,4993,PREDICTION,src/tracking/advanced_tracker.py:flow_gapfill_batched,
D,2,4993
S,4,4993,PREDICTION,src/tracking/advanced_tracker.py:id_merge,
L,1,4993,PREDICTION,src/tracking/advanced_tracker.py:kalman_homography,
R,CLAMP,CLAMP,0
L,3,4993,PREDICTION,src/tracking/advanced_tracker.py:kalman_homography,
R,PREDICTION,PREDICTION,1
L,4,4993,PREDICTION,src/tracking/advanced_tracker.py:id_merge,
R,PREDICTION,PREDICTION,1
L,6,4993,DETECTION,src/tracking/advanced_tracker.py:_activate_slot,4993_235_392_425_469
R,DETECTION,DETECTION,1
L,8,4993,PREDICTION,src/tracking/advanced_tracker.py:kalman_homography,
R,PREDICTION,PREDICTION,1
L,9,4993,PREDICTION,src/tracking/advanced_tracker.py:flow_gapfill_batched,
R,PREDICTION,PREDICTION,1
A,4993
S,2,4999,DETECTION,src/tracking/advanced_tracker.py:_activate_slot,4999_140_874_327_952
S,10,4999,DETECTION,src/tracking/advanced_tracker.py:_activate_slot,4999_111_1118_178_1188
S,7,4999,DETECTION,src/tracking/advanced_tracker.py:_activate_slot,4999_167_432_347_530
S,4,4999,PREDICTION,src/tracking/advanced_tracker.py:kalman_homography,
S,6,4999,PREDICTION,src/tracking/advanced_tracker.py:kalman_homography,
S,8,4999,PREDICTION,src/tracking/advanced_tracker.py:kalman_homography,
S,1,4999,PREDICTION,src/tracking/advanced_tracker.py:flow_gapfill_batched,
S,3,4999,PREDICTION,src/tracking/advanced_tracker.py:flow_gapfill_batched,
S,9,4999,PREDICTION,src/tracking/advanced_tracker.py:flow_gapfill_batched,
D,4,4999
S,2,4999,PREDICTION,src/tracking/advanced_tracker.py:id_merge,
D,9,4999
S,7,4999,PREDICTION,src/tracking/advanced_tracker.py:id_merge,
L,1,4999,PREDICTION,src/tracking/advanced_tracker.py:flow_gapfill_batched,
R,PREDICTION,PREDICTION,1
L,2,4999,PREDICTION,src/tracking/advanced_tracker.py:id_merge,
R,PREDICTION,PREDICTION,1
L,3,4999,PREDICTION,src/tracking/advanced_tracker.py:flow_gapfill_batched,
R,PREDICTION,PREDICTION,1
L,6,4999,PREDICTION,src/tracking/advanced_tracker.py:kalman_homography,
R,PREDICTION,PREDICTION,1
L,7,4999,PREDICTION,src/tracking/advanced_tracker.py:id_merge,
R,CLAMP,CLAMP,0
L,8,4999,PREDICTION,src/tracking/advanced_tracker.py:kalman_homography,
R,PREDICTION,SUBPIXEL,0
A,4999
S,2,5005,DETECTION,src/tracking/advanced_tracker.py:_activate_slot,5005_141_874_328_952
S,4,5005,DETECTION,src/tracking/advanced_tracker.py:_activate_slot,5005_199_720_377_800
S,6,5005,DETECTION,src/tracking/advanced_tracker.py:_activate_slot,5005_231_352_434_450
S,10,5005,DETECTION,src/tracking/advanced_tracker.py:_activate_slot,5005_111_1118_178_1186
S,7,5005,PREDICTION,src/tracking/advanced_tracker.py:kalman_homography,
S,8,5005,PREDICTION,src/tracking/advanced_tracker.py:kalman_homography,
S,1,5005,PREDICTION,src/tracking/advanced_tracker.py:flow_gapfill_batched,
S,9,5005,PREDICTION,src/tracking/advanced_tracker.py:flow_gapfill_batched,
D,2,5005
S,4,5005,PREDICTION,src/tracking/advanced_tracker.py:id_merge,
D,9,5005
S,7,5005,PREDICTION,src/tracking/advanced_tracker.py:id_merge,
L,1,5005,PREDICTION,src/tracking/advanced_tracker.py:flow_gapfill_batched,
R,PREDICTION,SUBPIXEL,0
L,4,5005,PREDICTION,src/tracking/advanced_tracker.py:id_merge,
R,PREDICTION,PREDICTION,1
L,6,5005,DETECTION,src/tracking/advanced_tracker.py:_activate_slot,5005_231_352_434_450
R,DETECTION,DETECTION,1
L,7,5005,PREDICTION,src/tracking/advanced_tracker.py:id_merge,
R,CLAMP,CLAMP,0
L,8,5005,PREDICTION,src/tracking/advanced_tracker.py:kalman_homography,
R,PREDICTION,SUBPIXEL,0
A,5005
S,2,5011,DETECTION,src/tracking/advanced_tracker.py:_activate_slot,5011_141_872_328_950
S,10,5011,DETECTION,src/tracking/advanced_tracker.py:_activate_slot,5011_111_1117_178_1187
S,5,5011,DETECTION,src/tracking/advanced_tracker.py:_activate_slot,5011_101_968_174_1044
S,4,5011,PREDICTION,src/tracking/advanced_tracker.py:kalman_homography,
S,6,5011,PREDICTION,src/tracking/advanced_tracker.py:kalman_homography,
S,7,5011,PREDICTION,src/tracking/advanced_tracker.py:kalman_homography,
S,8,5011,PREDICTION,src/tracking/advanced_tracker.py:kalman_homography,
S,1,5011,PREDICTION,src/tracking/advanced_tracker.py:flow_gapfill_batched,
S,9,5011,PREDICTION,src/tracking/advanced_tracker.py:flow_gapfill_batched,
D,4,5011
S,2,5011,PREDICTION,src/tracking/advanced_tracker.py:id_merge,
D,8,5011
S,5,5011,PREDICTION,src/tracking/advanced_tracker.py:id_merge,
D,9,5011
S,7,5011,PREDICTION,src/tracking/advanced_tracker.py:id_merge,
L,1,5011,PREDICTION,src/tracking/advanced_tracker.py:flow_gapfill_batched,
R,PREDICTION,PREDICTION,1
L,2,5011,PREDICTION,src/tracking/advanced_tracker.py:id_merge,
R,PREDICTION,SUBPIXEL,0
L,5,5011,PREDICTION,src/tracking/advanced_tracker.py:id_merge,
R,PREDICTION,PREDICTION,1
L,6,5011,PREDICTION,src/tracking/advanced_tracker.py:kalman_homography,
R,PREDICTION,PREDICTION,1
L,7,5011,PREDICTION,src/tracking/advanced_tracker.py:id_merge,
R,CLAMP,CLAMP,0
A,5011
S,2,5017,DETECTION,src/tracking/advanced_tracker.py:_activate_slot,5017_142_871_327_947
S,4,5017,DETECTION,src/tracking/advanced_tracker.py:_activate_slot,5017_210_737_328_817
S,5,5017,DETECTION,src/tracking/advanced_tracker.py:_activate_slot,5017_101_968_174_1043
S,10,5017,DETECTION,src/tracking/advanced_tracker.py:_activate_slot,5017_112_1117_178_1187
S,6,5017,PREDICTION,src/tracking/advanced_tracker.py:kalman_homography,
S,7,5017,PREDICTION,src/tracking/advanced_tracker.py:kalman_homography,
S,1,5017,PREDICTION,src/tracking/advanced_tracker.py:flow_gapfill_batched,
S,8,5017,PREDICTION,src/tracking/advanced_tracker.py:flow_gapfill_batched,
D,2,5017
S,4,5017,PREDICTION,src/tracking/advanced_tracker.py:id_merge,
D,8,5017
S,5,5017,PREDICTION,src/tracking/advanced_tracker.py:id_merge,
L,1,5017,PREDICTION,src/tracking/advanced_tracker.py:flow_gapfill_batched,
R,PREDICTION,PREDICTION,1
L,4,5017,PREDICTION,src/tracking/advanced_tracker.py:id_merge,
R,PREDICTION,PREDICTION,1
L,5,5017,PREDICTION,src/tracking/advanced_tracker.py:id_merge,
R,PREDICTION,PREDICTION,1
L,6,5017,PREDICTION,src/tracking/advanced_tracker.py:kalman_homography,
R,PREDICTION,PREDICTION,1
L,7,5017,PREDICTION,src/tracking/advanced_tracker.py:kalman_homography,
R,CLAMP,CLAMP,0
A,5017
S,2,5023,DETECTION,src/tracking/advanced_tracker.py:_activate_slot,5023_145_868_327_948
S,5,5023,DETECTION,src/tracking/advanced_tracker.py:_activate_slot,5023_101_968_174_1044
S,6,5023,DETECTION,src/tracking/advanced_tracker.py:_activate_slot,5023_272_306_484_462
S,10,5023,DETECTION,src/tracking/advanced_tracker.py:_activate_slot,5023_112_1117_178_1187
S,4,5023,PREDICTION,src/tracking/advanced_tracker.py:kalman_homography,
S,7,5023,PREDICTION,src/tracking/advanced_tracker.py:kalman_homography,
S,1,5023,PREDICTION,src/tracking/advanced_tracker.py:flow_gapfill_batched,
D,4,5023
S,2,5023,PREDICTION,src/tracking/advanced_tracker.py:id_merge,
L,1,5023,PREDICTION,src/tracking/advanced_tracker.py:flow_gapfill_batched,
R,PREDICTION,PREDICTION,1
L,2,5023,PREDICTION,src/tracking/advanced_tracker.py:id_merge,
R,PREDICTION,PREDICTION,1
L,5,5023,DETECTION,src/tracking/advanced_tracker.py:_activate_slot,5023_101_968_174_1044
R,DETECTION,DETECTION,1
L,6,5023,DETECTION,src/tracking/advanced_tracker.py:_activate_slot,5023_272_306_484_462
R,DETECTION,DETECTION,1
L,7,5023,PREDICTION,src/tracking/advanced_tracker.py:kalman_homography,
R,CLAMP,CLAMP,0
A,5023
S,2,5029,DETECTION,src/tracking/advanced_tracker.py:_activate_slot,5029_216_763_441_917
S,9,5029,DETECTION,src/tracking/advanced_tracker.py:_activate_slot,5029_147_861_327_950
S,5,5029,DETECTION,src/tracking/advanced_tracker.py:_activate_slot,5029_101_968_173_1044
S,10,5029,DETECTION,src/tracking/advanced_tracker.py:_activate_slot,5029_112_1118_178_1186
S,4,5029,PREDICTION,src/tracking/advanced_tracker.py:kalman_homography,
S,6,5029,PREDICTION,src/tracking/advanced_tracker.py:kalman_homography,
S,7,5029,PREDICTION,src/tracking/advanced_tracker.py:kalman_homography,
D,5,5029
S,9,5029,PREDICTION,src/tracking/advanced_tracker.py:id_merge,
L,2,5029,DETECTION,src/tracking/advanced_tracker.py:_activate_slot,5029_216_763_441_917
R,DETECTION,DETECTION,1
L,4,5029,PREDICTION,src/tracking/advanced_tracker.py:kalman_homography,
R,PREDICTION,PREDICTION,1
L,6,5029,PREDICTION,src/tracking/advanced_tracker.py:kalman_homography,
R,PREDICTION,PREDICTION,1
L,7,5029,PREDICTION,src/tracking/advanced_tracker.py:kalman_homography,
R,CLAMP,CLAMP,0
L,9,5029,PREDICTION,src/tracking/advanced_tracker.py:id_merge,
R,CLAMP,CLAMP,0
A,5029
S,0,5035,DETECTION,src/tracking/advanced_tracker.py:_activate_slot,5035_153_859_326_955
S,2,5035,DETECTION,src/tracking/advanced_tracker.py:_activate_slot,5035_206_791_328_911
S,5,5035,DETECTION,src/tracking/advanced_tracker.py:_activate_slot,5035_99_969_172_1045
S,10,5035,DETECTION,src/tracking/advanced_tracker.py:_activate_slot,5035_110_1117_177_1187
S,4,5035,PREDICTION,src/tracking/advanced_tracker.py:kalman_homography,
S,6,5035,PREDICTION,src/tracking/advanced_tracker.py:kalman_homography,
S,7,5035,PREDICTION,src/tracking/advanced_tracker.py:kalman_homography,
S,9,5035,PREDICTION,src/tracking/advanced_tracker.py:kalman_homography,
D,0,5035
S,2,5035,PREDICTION,src/tracking/advanced_tracker.py:id_merge,
D,4,5035
S,2,5035,PREDICTION,src/tracking/advanced_tracker.py:id_merge,
D,9,5035
S,5,5035,PREDICTION,src/tracking/advanced_tracker.py:id_merge,
L,2,5035,PREDICTION,src/tracking/advanced_tracker.py:id_merge,
R,PREDICTION,PREDICTION,1
L,5,5035,PREDICTION,src/tracking/advanced_tracker.py:id_merge,
R,PREDICTION,PREDICTION,1
L,6,5035,PREDICTION,src/tracking/advanced_tracker.py:kalman_homography,
R,PREDICTION,PREDICTION,1
L,7,5035,PREDICTION,src/tracking/advanced_tracker.py:kalman_homography,
R,CLAMP,CLAMP,0
A,5035
S,3,5041,DETECTION,src/tracking/advanced_tracker.py:_activate_slot,5041_241_359_412_487
S,5,5041,DETECTION,src/tracking/advanced_tracker.py:_activate_slot,5041_155_864_327_960
S,10,5041,DETECTION,src/tracking/advanced_tracker.py:_activate_slot,5041_107_1117_174_1187
S,0,5041,PREDICTION,src/tracking/advanced_tracker.py:kalman_homography,
S,2,5041,PREDICTION,src/tracking/advanced_tracker.py:kalman_homography,
S,4,5041,PREDICTION,src/tracking/advanced_tracker.py:kalman_homography,
S,6,5041,PREDICTION,src/tracking/advanced_tracker.py:kalman_homography,
S,7,5041,PREDICTION,src/tracking/advanced_tracker.py:kalman_homography,
S,9,5041,PREDICTION,src/tracking/advanced_tracker.py:kalman_homography,
D,0,5041
S,2,5041,PREDICTION,src/tracking/advanced_tracker.py:id_merge,
D,4,5041
S,2,5041,PREDICTION,src/tracking/advanced_tracker.py:id_merge,
D,9,5041
S,5,5041,PREDICTION,src/tracking/advanced_tracker.py:id_merge,
L,2,5041,PREDICTION,src/tracking/advanced_tracker.py:id_merge,
R,PREDICTION,PREDICTION,1
L,3,5041,DETECTION,src/tracking/advanced_tracker.py:_activate_slot,5041_241_359_412_487
R,DETECTION,DETECTION,1
L,5,5041,PREDICTION,src/tracking/advanced_tracker.py:id_merge,
R,PREDICTION,PREDICTION,1
L,6,5041,PREDICTION,src/tracking/advanced_tracker.py:kalman_homography,
R,PREDICTION,PREDICTION,1
L,7,5041,PREDICTION,src/tracking/advanced_tracker.py:kalman_homography,
R,CLAMP,CLAMP,0
A,5041
S,8,5047,DETECTION,src/tracking/advanced_tracker.py:_activate_slot,5047_104_1057_170_1127
S,10,5047,DETECTION,src/tracking/advanced_tracker.py:_activate_slot,5047_105_1117_172_1183
S,0,5047,PREDICTION,src/tracking/advanced_tracker.py:kalman_homography,
S,2,5047,PREDICTION,src/tracking/advanced_tracker.py:kalman_homography,
S,3,5047,PREDICTION,src/tracking/advanced_tracker.py:kalman_homography,
S,4,5047,PREDICTION,src/tracking/advanced_tracker.py:kalman_homography,
S,5,5047,PREDICTION,src/tracking/advanced_tracker.py:kalman_homography,
S,6,5047,PREDICTION,src/tracking/advanced_tracker.py:kalman_homography,
S,9,5047,PREDICTION,src/tracking/advanced_tracker.py:kalman_homography,
D,0,5047
S,2,5047,PREDICTION,src/tracking/advanced_tracker.py:id_merge,
D,4,5047
S,2,5047,PREDICTION,src/tracking/advanced_tracker.py:id_merge,
D,5,5047
S,8,5047,PREDICTION,src/tracking/advanced_tracker.py:id_merge,
D,9,5047
S,8,5047,PREDICTION,src/tracking/advanced_tracker.py:id_merge,
L,2,5047,PREDICTION,src/tracking/advanced_tracker.py:id_merge,
R,PREDICTION,PREDICTION,1
L,3,5047,PREDICTION,src/tracking/advanced_tracker.py:kalman_homography,
R,PREDICTION,PREDICTION,1
L,6,5047,PREDICTION,src/tracking/advanced_tracker.py:kalman_homography,
R,PREDICTION,PREDICTION,1
L,8,5047,PREDICTION,src/tracking/advanced_tracker.py:id_merge,
R,PREDICTION,PREDICTION,1
A,5047
S,2,5053,DETECTION,src/tracking/advanced_tracker.py:_activate_slot,5053_267_754_444_906
S,0,5053,DETECTION,src/tracking/advanced_tracker.py:_activate_slot,5053_150_852_388_980
S,10,5053,DETECTION,src/tracking/advanced_tracker.py:_activate_slot,5053_105_1104_171_1176
S,3,5053,PREDICTION,src/tracking/advanced_tracker.py:kalman_homography,
S,4,5053,PREDICTION,src/tracking/advanced_tracker.py:kalman_homography,
S,5,5053,PREDICTION,src/tracking/advanced_tracker.py:kalman_homography,
S,8,5053,PREDICTION,src/tracking/advanced_tracker.py:kalman_homography,
S,9,5053,PREDICTION,src/tracking/advanced_tracker.py:kalman_homography,
S,6,5053,PREDICTION,src/tracking/advanced_tracker.py:flow_gapfill_batched,
D,0,5053
S,2,5053,PREDICTION,src/tracking/advanced_tracker.py:id_merge,
D,5,5053
S,8,5053,PREDICTION,src/tracking/advanced_tracker.py:id_merge,
D,9,5053
S,8,5053,PREDICTION,src/tracking/advanced_tracker.py:id_merge,
L,2,5053,PREDICTION,src/tracking/advanced_tracker.py:id_merge,
R,PREDICTION,PREDICTION,1
L,3,5053,PREDICTION,src/tracking/advanced_tracker.py:kalman_homography,
R,PREDICTION,PREDICTION,1
L,4,5053,PREDICTION,src/tracking/advanced_tracker.py:kalman_homography,
R,PREDICTION,PREDICTION,1
L,6,5053,PREDICTION,src/tracking/advanced_tracker.py:flow_gapfill_batched,
R,CLAMP,CLAMP,0
L,8,5053,PREDICTION,src/tracking/advanced_tracker.py:id_merge,
R,PREDICTION,PREDICTION,1
A,5053
S,2,5059,DETECTION,src/tracking/advanced_tracker.py:_activate_slot,5059_264_775_443_892
S,0,5059,DETECTION,src/tracking/advanced_tracker.py:_activate_slot,5059_143_875_399_989
S,7,5059,DETECTION,src/tracking/advanced_tracker.py:_activate_slot,5059_250_394_405_540
S,9,5059,DETECTION,src/tracking/advanced_tracker.py:_activate_slot,5059_142_880_287_990
S,10,5059,DETECTION,src/tracking/advanced_tracker.py:_activate_slot,5059_103_1097_169_1167
S,3,5059,PREDICTION,src/tracking/advanced_tracker.py:kalman_homography,
S,4,5059,PREDICTION,src/tracking/advanced_tracker.py:kalman_homography,
S,5,5059,PREDICTION,src/tracking/advanced_tracker.py:kalman_homography,
S,8,5059,PREDICTION,src/tracking/advanced_tracker.py:kalman_homography,
S,6,5059,PREDICTION,src/tracking/advanced_tracker.py:flow_gapfill_batched,
D,0,5059
S,2,5059,PREDICTION,src/tracking/advanced_tracker.py:id_merge,
D,5,5059
S,8,5059,PREDICTION,src/tracking/advanced_tracker.py:id_merge,
D,8,5059
S,9,5059,PREDICTION,src/tracking/advanced_tracker.py:id_merge,
L,2,5059,PREDICTION,src/tracking/advanced_tracker.py:id_merge,
R,PREDICTION,PREDICTION,1
L,3,5059,PREDICTION,src/tracking/advanced_tracker.py:kalman_homography,
R,PREDICTION,PREDICTION,1
L,4,5059,PREDICTION,src/tracking/advanced_tracker.py:kalman_homography,
R,PREDICTION,PREDICTION,1
L,6,5059,PREDICTION,src/tracking/advanced_tracker.py:flow_gapfill_batched,
R,CLAMP,CLAMP,0
L,7,5059,DETECTION,src/tracking/advanced_tracker.py:_activate_slot,5059_250_394_405_540
R,CLAMP,CLAMP,0
L,9,5059,PREDICTION,src/tracking/advanced_tracker.py:id_merge,
R,CLAMP,CLAMP,0
A,5059
S,0,5065,DETECTION,src/tracking/advanced_tracker.py:_activate_slot,5065_220_884_397_996
S,2,5065,DETECTION,src/tracking/advanced_tracker.py:_activate_slot,5065_259_791_443_902
S,8,5065,DETECTION,src/tracking/advanced_tracker.py:_activate_slot,5065_97_1033_165_1103
S,10,5065,DETECTION,src/tracking/advanced_tracker.py:_activate_slot,5065_99_1084_167_1156
S,3,5065,PREDICTION,src/tracking/advanced_tracker.py:kalman_homography,
S,5,5065,PREDICTION,src/tracking/advanced_tracker.py:kalman_homography,
S,7,5065,PREDICTION,src/tracking/advanced_tracker.py:kalman_homography,
S,9,5065,PREDICTION,src/tracking/advanced_tracker.py:kalman_homography,
S,4,5065,PREDICTION,src/tracking/advanced_tracker.py:flow_gapfill_batched,
S,6,5065,PREDICTION,src/tracking/advanced_tracker.py:flow_gapfill_batched,
D,0,5065
S,2,5065,PREDICTION,src/tracking/advanced_tracker.py:id_merge,
D,5,5065
S,8,5065,PREDICTION,src/tracking/advanced_tracker.py:id_merge,
D,9,5065
S,8,5065,PREDICTION,src/tracking/advanced_tracker.py:id_merge,
L,2,5065,PREDICTION,src/tracking/advanced_tracker.py:id_merge,
R,PREDICTION,PREDICTION,1
L,3,5065,PREDICTION,src/tracking/advanced_tracker.py:kalman_homography,
R,PREDICTION,PREDICTION,1
L,4,5065,PREDICTION,src/tracking/advanced_tracker.py:flow_gapfill_batched,
R,PREDICTION,PREDICTION,1
L,6,5065,PREDICTION,src/tracking/advanced_tracker.py:flow_gapfill_batched,
R,CLAMP,CLAMP,0
L,7,5065,PREDICTION,src/tracking/advanced_tracker.py:kalman_homography,
R,CLAMP,CLAMP,0
L,8,5065,PREDICTION,src/tracking/advanced_tracker.py:id_merge,
R,PREDICTION,PREDICTION,1
A,5065
S,7,5071,DETECTION,src/tracking/advanced_tracker.py:_activate_slot,5071_249_433_408_552
S,10,5071,DETECTION,src/tracking/advanced_tracker.py:_activate_slot,5071_98_1067_163_1139
S,3,5071,PREDICTION,src/tracking/advanced_tracker.py:kalman_homography,
S,8,5071,PREDICTION,src/tracking/advanced_tracker.py:kalman_homography,
S,9,5071,PREDICTION,src/tracking/advanced_tracker.py:kalman_homography,
S,0,5071,PREDICTION,src/tracking/advanced_tracker.py:flow_gapfill_batched,
S,2,5071,PREDICTION,src/tracking/advanced_tracker.py:flow_gapfill_batched,
S,5,5071,PREDICTION,src/tracking/advanced_tracker.py:flow_gapfill_batched,
D,0,5071
S,2,5071,PREDICTION,src/tracking/advanced_tracker.py:id_merge,
D,5,5071
S,8,5071,PREDICTION,src/tracking/advanced_tracker.py:id_merge,
D,9,5071
S,8,5071,PREDICTION,src/tracking/advanced_tracker.py:id_merge,
L,2,5071,PREDICTION,src/tracking/advanced_tracker.py:id_merge,
R,PREDICTION,PREDICTION,1
L,3,5071,PREDICTION,src/tracking/advanced_tracker.py:kalman_homography,
R,PREDICTION,PREDICTION,1
L,7,5071,DETECTION,src/tracking/advanced_tracker.py:_activate_slot,5071_249_433_408_552
R,CLAMP,CLAMP,0
L,8,5071,PREDICTION,src/tracking/advanced_tracker.py:id_merge,
R,PREDICTION,PREDICTION,1
A,5071
S,3,5077,DETECTION,src/tracking/advanced_tracker.py:_activate_slot,5077_173_269_391_407
S,7,5077,DETECTION,src/tracking/advanced_tracker.py:_activate_slot,5077_250_446_413_564
S,10,5077,DETECTION,src/tracking/advanced_tracker.py:_activate_slot,5077_97_1049_162_1119
S,1,5077,DETECTION,src/tracking/advanced_tracker.py:_activate_slot,5077_152_891_317_995
S,8,5077,PREDICTION,src/tracking/advanced_tracker.py:kalman_homography,
S,9,5077,PREDICTION,src/tracking/advanced_tracker.py:kalman_homography,
S,0,5077,PREDICTION,src/tracking/advanced_tracker.py:flow_gapfill_batched,
S,5,5077,PREDICTION,src/tracking/advanced_tracker.py:flow_gapfill_batched,
D,0,5077
S,1,5077,PREDICTION,src/tracking/advanced_tracker.py:id_merge,
D,5,5077
S,8,5077,PREDICTION,src/tracking/advanced_tracker.py:id_merge,
D,9,5077
S,8,5077,PREDICTION,src/tracking/advanced_tracker.py:id_merge,
L,1,5077,PREDICTION,src/tracking/advanced_tracker.py:id_merge,
R,CLAMP,CLAMP,0
L,3,5077,DETECTION,src/tracking/advanced_tracker.py:_activate_slot,5077_173_269_391_407
R,DETECTION,DETECTION,1
L,7,5077,DETECTION,src/tracking/advanced_tracker.py:_activate_slot,5077_250_446_413_564
R,DETECTION,DETECTION,1
L,8,5077,PREDICTION,src/tracking/advanced_tracker.py:id_merge,
R,PREDICTION,PREDICTION,1
A,5077
S,7,5083,DETECTION,src/tracking/advanced_tracker.py:_activate_slot,5083_237_446_411_605
S,9,5083,DETECTION,src/tracking/advanced_tracker.py:_activate_slot,5083_148_876_300_1006
S,10,5083,DETECTION,src/tracking/advanced_tracker.py:_activate_slot,5083_95_1024_161_1094
S,1,5083,PREDICTION,src/tracking/advanced_tracker.py:kalman_homography,
S,3,5083,PREDICTION,src/tracking/advanced_tracker.py:kalman_homography,
S,8,5083,PREDICTION,src/tracking/advanced_tracker.py:kalman_homography,
S,0,5083,PREDICTION,src/tracking/advanced_tracker.py:flow_gapfill_batched,
S,2,5083,PREDICTION,src/tracking/advanced_tracker.py:flow_gapfill_batched,
S,5,5083,PREDICTION,src/tracking/advanced_tracker.py:flow_gapfill_batched,
D,0,5083
S,1,5083,PREDICTION,src/tracking/advanced_tracker.py:id_merge,
D,2,5083
S,1,5083,PREDICTION,src/tracking/advanced_tracker.py:id_merge,
D,5,5083
S,8,5083,PREDICTION,src/tracking/advanced_tracker.py:id_merge,
D,8,5083
S,9,5083,PREDICTION,src/tracking/advanced_tracker.py:id_merge,
L,1,5083,PREDICTION,src/tracking/advanced_tracker.py:id_merge,
R,CLAMP,CLAMP,0
L,3,5083,PREDICTION,src/tracking/advanced_tracker.py:kalman_homography,
R,PREDICTION,PREDICTION,1
L,7,5083,DETECTION,src/tracking/advanced_tracker.py:_activate_slot,5083_237_446_411_605
R,DETECTION,DETECTION,1
L,9,5083,PREDICTION,src/tracking/advanced_tracker.py:id_merge,
R,CLAMP,CLAMP,0
A,5083
S,9,5089,DETECTION,src/tracking/advanced_tracker.py:_activate_slot,5089_145_857_309_995
S,7,5089,DETECTION,src/tracking/advanced_tracker.py:_activate_slot,5089_259_468_447_585
S,10,5089,DETECTION,src/tracking/advanced_tracker.py:_activate_slot,5089_92_996_156_1064
S,1,5089,PREDICTION,src/tracking/advanced_tracker.py:kalman_homography,
S,3,5089,PREDICTION,src/tracking/advanced_tracker.py:kalman_homography,
S,8,5089,PREDICTION,src/tracking/advanced_tracker.py:kalman_homography,
S,0,5089,PREDICTION,src/tracking/advanced_tracker.py:flow_gapfill_batched,
S,2,5089,PREDICTION,src/tracking/advanced_tracker.py:flow_gapfill_batched,
S,5,5089,PREDICTION,src/tracking/advanced_tracker.py:flow_gapfill_batched,
D,0,5089
S,1,5089,PREDICTION,src/tracking/advanced_tracker.py:id_merge,
D,2,5089
S,1,5089,PREDICTION,src/tracking/advanced_tracker.py:id_merge,
D,5,5089
S,8,5089,PREDICTION,src/tracking/advanced_tracker.py:id_merge,
D,8,5089
S,9,5089,PREDICTION,src/tracking/advanced_tracker.py:id_merge,
L,1,5089,PREDICTION,src/tracking/advanced_tracker.py:id_merge,
R,CLAMP,CLAMP,0
L,3,5089,PREDICTION,src/tracking/advanced_tracker.py:kalman_homography,
R,PREDICTION,PREDICTION,1
L,7,5089,DETECTION,src/tracking/advanced_tracker.py:_activate_slot,5089_259_468_447_585
R,DETECTION,DETECTION,1
L,9,5089,PREDICTION,src/tracking/advanced_tracker.py:id_merge,
R,CLAMP,CLAMP,0
A,5089
S,3,5095,DETECTION,src/tracking/advanced_tracker.py:_activate_slot,5095_177_265_391_406
S,8,5095,DETECTION,src/tracking/advanced_tracker.py:_activate_slot,5095_89_1015_158_1087
S,9,5095,DETECTION,src/tracking/advanced_tracker.py:_activate_slot,5095_149_872_305_984
S,1,5095,PREDICTION,src/tracking/advanced_tracker.py:kalman_homography,
S,7,5095,PREDICTION,src/tracking/advanced_tracker.py:kalman_homography,
S,10,5095,PREDICTION,src/tracking/advanced_tracker.py:kalman_homography,
S,0,5095,PREDICTION,src/tracking/advanced_tracker.py:flow_gapfill_batched,
S,2,5095,PREDICTION,src/tracking/advanced_tracker.py:flow_gapfill_batched,
D,0,5095
S,1,5095,PREDICTION,src/tracking/advanced_tracker.py:id_merge,
D,2,5095
S,1,5095,PREDICTION,src/tracking/advanced_tracker.py:id_merge,
D,8,5095
S,9,5095,PREDICTION,src/tracking/advanced_tracker.py:id_merge,
L,1,5095,PREDICTION,src/tracking/advanced_tracker.py:id_merge,
R,CLAMP,CLAMP,0
L,3,5095,DETECTION,src/tracking/advanced_tracker.py:_activate_slot,5095_177_265_391_406
R,DETECTION,DETECTION,1
L,7,5095,PREDICTION,src/tracking/advanced_tracker.py:kalman_homography,
R,PREDICTION,PREDICTION,1
L,9,5095,PREDICTION,src/tracking/advanced_tracker.py:id_merge,
R,CLAMP,CLAMP,0
A,5095
S,3,5101,DETECTION,src/tracking/advanced_tracker.py:_activate_slot,5101_173_257_396_397
S,7,5101,DETECTION,src/tracking/advanced_tracker.py:_activate_slot,5101_233_495_451_653
S,9,5101,DETECTION,src/tracking/advanced_tracker.py:_activate_slot,5101_145_853_308_983
S,10,5101,DETECTION,src/tracking/advanced_tracker.py:_activate_slot,5101_83_973_156_1046
S,1,5101,PREDICTION,src/tracking/advanced_tracker.py:kalman_homography,
S,8,5101,PREDICTION,src/tracking/advanced_tracker.py:kalman_homography,
S,0,5101,PREDICTION,src/tracking/advanced_tracker.py:flow_gapfill_batched,
S,2,5101,PREDICTION,src/tracking/advanced_tracker.py:flow_gapfill_batched,
D,0,5101
S,1,5101,PREDICTION,src/tracking/advanced_tracker.py:id_merge,
D,2,5101
S,1,5101,PREDICTION,src/tracking/advanced_tracker.py:id_merge,
D,8,5101
S,9,5101,PREDICTION,src/tracking/advanced_tracker.py:id_merge,
L,1,5101,PREDICTION,src/tracking/advanced_tracker.py:id_merge,
R,CLAMP,CLAMP,0
L,3,5101,DETECTION,src/tracking/advanced_tracker.py:_activate_slot,5101_173_257_396_397
R,DETECTION,DETECTION,1
L,7,5101,DETECTION,src/tracking/advanced_tracker.py:_activate_slot,5101_233_495_451_653
R,DETECTION,DETECTION,1
L,9,5101,PREDICTION,src/tracking/advanced_tracker.py:id_merge,
R,CLAMP,CLAMP,0
A,5101
S,3,5107,DETECTION,src/tracking/advanced_tracker.py:_activate_slot,5107_195_978_370_1068
S,6,5107,DETECTION,src/tracking/advanced_tracker.py:_activate_slot,5107_517_266_673_380
S,9,5107,DETECTION,src/tracking/advanced_tracker.py:_activate_slot,5107_147_832_306_962
S,10,5107,DETECTION,src/tracking/advanced_tracker.py:_activate_slot,5107_82_924_154_1000
S,1,5107,PREDICTION,src/tracking/advanced_tracker.py:kalman_homography,
S,7,5107,PREDICTION,src/tracking/advanced_tracker.py:kalman_homography,
S,8,5107,PREDICTION,src/tracking/advanced_tracker.py:kalman_homography,
S,0,5107,PREDICTION,src/tracking/advanced_tracker.py:flow_gapfill_batched,
S,2,5107,PREDICTION,src/tracking/advanced_tracker.py:flow_gapfill_batched,
D,0,5107
S,1,5107,PREDICTION,src/tracking/advanced_tracker.py:id_merge,
D,2,5107
S,1,5107,PREDICTION,src/tracking/advanced_tracker.py:id_merge,
D,1,5107
S,3,5107,PREDICTION,src/tracking/advanced_tracker.py:id_merge,
D,8,5107
S,7,5107,PREDICTION,src/tracking/advanced_tracker.py:id_merge,
L,3,5107,PREDICTION,src/tracking/advanced_tracker.py:id_merge,
R,CLAMP,CLAMP,0
L,6,5107,DETECTION,src/tracking/advanced_tracker.py:_activate_slot,5107_517_266_673_380
R,CLAMP,CLAMP,0
L,7,5107,PREDICTION,src/tracking/advanced_tracker.py:id_merge,
R,PREDICTION,PREDICTION,1
L,9,5107,DETECTION,src/tracking/advanced_tracker.py:_activate_slot,5107_147_832_306_962
R,CLAMP,CLAMP,0
A,5107
S,9,5113,DETECTION,src/tracking/advanced_tracker.py:_activate_slot,5113_145_823_301_949
S,4,5113,DETECTION,src/tracking/advanced_tracker.py:_activate_slot,5113_186_247_368_375
S,1,5113,PREDICTION,src/tracking/advanced_tracker.py:kalman_homography,
S,7,5113,PREDICTION,src/tracking/advanced_tracker.py:kalman_homography,
S,8,5113,PREDICTION,src/tracking/advanced_tracker.py:kalman_homography,
S,10,5113,PREDICTION,src/tracking/advanced_tracker.py:kalman_homography,
S,0,5113,PREDICTION,src/tracking/advanced_tracker.py:flow_gapfill_batched,
S,2,5113,PREDICTION,src/tracking/advanced_tracker.py:flow_gapfill_batched,
D,0,5113
S,1,5113,PREDICTION,src/tracking/advanced_tracker.py:id_merge,
D,2,5113
S,1,5113,PREDICTION,src/tracking/advanced_tracker.py:id_merge,
D,8,5113
S,7,5113,PREDICTION,src/tracking/advanced_tracker.py:id_merge,
D,7,5113
S,9,5113,PREDICTION,src/tracking/advanced_tracker.py:id_merge,
L,1,5113,PREDICTION,src/tracking/advanced_tracker.py:id_merge,
R,CLAMP,CLAMP,0
L,4,5113,DETECTION,src/tracking/advanced_tracker.py:_activate_slot,5113_186_247_368_375
R,CLAMP,CLAMP,0
L,9,5113,PREDICTION,src/tracking/advanced_tracker.py:id_merge,
R,PREDICTION,PREDICTION,1
A,5113
S,4,5119,DETECTION,src/tracking/advanced_tracker.py:_activate_slot,5119_175_215_387_368
S,9,5119,DETECTION,src/tracking/advanced_tracker.py:_activate_slot,5119_142_807_307_913
S,6,5119,DETECTION,src/tracking/advanced_tracker.py:_activate_slot,5119_526_251_674_363
S,1,5119,PREDICTION,src/tracking/advanced_tracker.py:kalman_homography,
S,7,5119,PREDICTION,src/tracking/advanced_tracker.py:kalman_homography,
S,8,5119,PREDICTION,src/tracking/advanced_tracker.py:kalman_homography,
S,10,5119,PREDICTION,src/tracking/advanced_tracker.py:kalman_homography,
D,8,5119
S,7,5119,PREDICTION,src/tracking/advanced_tracker.py:id_merge,
D,7,5119
S,9,5119,PREDICTION,src/tracking/advanced_tracker.py:id_merge,
L,1,5119,PREDICTION,src/tracking/advanced_tracker.py:kalman_homography,
R,CLAMP,CLAMP,0
L,4,5119,DETECTION,src/tracking/advanced_tracker.py:_activate_slot,5119_175_215_387_368
R,CLAMP,CLAMP,0
L,6,5119,DETECTION,src/tracking/advanced_tracker.py:_activate_slot,5119_526_251_674_363
R,CLAMP,CLAMP,0
L,9,5119,PREDICTION,src/tracking/advanced_tracker.py:id_merge,
R,PREDICTION,PREDICTION,1
A,5119
S,2,5125,DETECTION,src/tracking/advanced_tracker.py:_activate_slot,5125_263_804_431_914
S,4,5125,DETECTION,src/tracking/advanced_tracker.py:_activate_slot,5125_176_251_370_338
S,7,5125,PREDICTION,src/tracking/advanced_tracker.py:kalman_homography,
S,8,5125,PREDICTION,src/tracking/advanced_tracker.py:kalman_homography,
S,9,5125,PREDICTION,src/tracking/advanced_tracker.py:kalman_homography,
S,10,5125,PREDICTION,src/tracking/advanced_tracker.py:kalman_homography,
S,3,5125,PREDICTION,src/tracking/advanced_tracker.py:flow_gapfill_batched,
D,3,5125
S,2,5125,PREDICTION,src/tracking/advanced_tracker.py:id_merge,
D,8,5125
S,7,5125,PREDICTION,src/tracking/advanced_tracker.py:id_merge,
D,7,5125
S,9,5125,PREDICTION,src/tracking/advanced_tracker.py:id_merge,
L,2,5125,PREDICTION,src/tracking/advanced_tracker.py:id_merge,
R,PREDICTION,PREDICTION,1
L,4,5125,DETECTION,src/tracking/advanced_tracker.py:_activate_slot,5125_176_251_370_338
R,CLAMP,CLAMP,0
L,9,5125,PREDICTION,src/tracking/advanced_tracker.py:id_merge,
R,PREDICTION,PREDICTION,1
A,5125
S,1,5131,DETECTION,src/tracking/advanced_tracker.py:_activate_slot,5131_194_939_385_1016
S,2,5131,DETECTION,src/tracking/advanced_tracker.py:_activate_slot,5131_267_771_446_901
S,5,5131,DETECTION,src/tracking/advanced_tracker.py:_activate_slot,5131_92_1099_245_1195
S,4,5131,PREDICTION,src/tracking/advanced_tracker.py:kalman_homography,
S,7,5131,PREDICTION,src/tracking/advanced_tracker.py:kalman_homography,
S,8,5131,PREDICTION,src/tracking/advanced_tracker.py:kalman_homography,
S,9,5131,PREDICTION,src/tracking/advanced_tracker.py:kalman_homography,
S,10,5131,PREDICTION,src/tracking/advanced_tracker.py:kalman_homography,
S,3,5131,PREDICTION,src/tracking/advanced_tracker.py:flow_gapfill_batched,
D,1,5131
S,2,5131,PREDICTION,src/tracking/advanced_tracker.py:id_merge,
D,3,5131
S,2,5131,PREDICTION,src/tracking/advanced_tracker.py:id_merge,
D,7,5131
S,5,5131,PREDICTION,src/tracking/advanced_tracker.py:id_merge,
D,8,5131
S,5,5131,PREDICTION,src/tracking/advanced_tracker.py:id_merge,
D,9,5131
S,5,5131,PREDICTION,src/tracking/advanced_tracker.py:id_merge,
L,2,5131,PREDICTION,src/tracking/advanced_tracker.py:id_merge,
R,PREDICTION,PREDICTION,1
L,4,5131,PREDICTION,src/tracking/advanced_tracker.py:kalman_homography,
R,CLAMP,CLAMP,0
L,5,5131,PREDICTION,src/tracking/advanced_tracker.py:id_merge,
R,PREDICTION,PREDICTION,1
A,5131
S,1,5137,DETECTION,src/tracking/advanced_tracker.py:_activate_slot,5137_196_923_374_1008
S,9,5137,DETECTION,src/tracking/advanced_tracker.py:_activate_slot,5137_142_730_305_847
S,4,5137,PREDICTION,src/tracking/advanced_tracker.py:kalman_homography,
S,5,5137,PREDICTION,src/tracking/advanced_tracker.py:kalman_homography,
S,7,5137,PREDICTION,src/tracking/advanced_tracker.py:kalman_homography,
S,8,5137,PREDICTION,src/tracking/advanced_tracker.py:kalman_homography,
S,10,5137,PREDICTION,src/tracking/advanced_tracker.py:kalman_homography,
S,2,5137,PREDICTION,src/tracking/advanced_tracker.py:flow_gapfill_batched,
S,3,5137,PREDICTION,src/tracking/advanced_tracker.py:flow_gapfill_batched,
D,2,5137
S,1,5137,PREDICTION,src/tracking/advanced_tracker.py:id_merge,
D,3,5137
S,1,5137,PREDICTION,src/tracking/advanced_tracker.py:id_merge,
D,7,5137
S,5,5137,PREDICTION,src/tracking/advanced_tracker.py:id_merge,
D,8,5137
S,9,5137,PREDICTION,src/tracking/advanced_tracker.py:id_merge,
L,1,5137,PREDICTION,src/tracking/advanced_tracker.py:id_merge,
R,CLAMP,CLAMP,0
L,4,5137,PREDICTION,src/tracking/advanced_tracker.py:kalman_homography,
R,CLAMP,CLAMP,0
L,5,5137,PREDICTION,src/tracking/advanced_tracker.py:id_merge,
R,PREDICTION,PREDICTION,1
L,9,5137,PREDICTION,src/tracking/advanced_tracker.py:id_merge,
R,PREDICTION,PREDICTION,1
A,5137
S,1,5143,DETECTION,src/tracking/advanced_tracker.py:_activate_slot,5143_208_908_390_996
S,2,5143,DETECTION,src/tracking/advanced_tracker.py:_activate_slot,5143_280_800_439_894
S,4,5143,DETECTION,src/tracking/advanced_tracker.py:_activate_slot,5143_172_208_374_311
S,9,5143,DETECTION,src/tracking/advanced_tracker.py:_activate_slot,5143_129_728_311_824
S,5,5143,PREDICTION,src/tracking/advanced_tracker.py:kalman_homography,
S,7,5143,PREDICTION,src/tracking/advanced_tracker.py:kalman_homography,
S,10,5143,PREDICTION,src/tracking/advanced_tracker.py:kalman_homography,
S,3,5143,PREDICTION,src/tracking/advanced_tracker.py:flow_gapfill_batched,
S,8,5143,PREDICTION,src/tracking/advanced_tracker.py:flow_gapfill_batched,
D,1,5143
S,2,5143,PREDICTION,src/tracking/advanced_tracker.py:id_merge,
D,3,5143
S,2,5143,PREDICTION,src/tracking/advanced_tracker.py:id_merge,
D,7,5143
S,5,5143,PREDICTION,src/tracking/advanced_tracker.py:id_merge,
D,8,5143
S,5,5143,PREDICTION,src/tracking/advanced_tracker.py:id_merge,
L,2,5143,PREDICTION,src/tracking/advanced_tracker.py:id_merge,
R,PREDICTION,PREDICTION,1
L,4,5143,DETECTION,src/tracking/advanced_tracker.py:_activate_slot,5143_172_208_374_311
R,CLAMP,CLAMP,0
L,5,5143,PREDICTION,src/tracking/advanced_tracker.py:id_merge,
R,PREDICTION,SUBPIXEL,0
L,9,5143,DETECTION,src/tracking/advanced_tracker.py:_activate_slot,5143_129_728_311_824
R,DETECTION,DETECTION,1
A,5143
S,1,5149,DETECTION,src/tracking/advanced_tracker.py:_activate_slot,5149_202_885_357_975
S,4,5149,DETECTION,src/tracking/advanced_tracker.py:_activate_slot,5149_184_199_325_290
S,9,5149,DETECTION,src/tracking/advanced_tracker.py:_activate_slot,5149_131_697_312_804
S,5,5149,PREDICTION,src/tracking/advanced_tracker.py:kalman_homography,
S,10,5149,PREDICTION,src/tracking/advanced_tracker.py:kalman_homography,
S,3,5149,PREDICTION,src/tracking/advanced_tracker.py:flow_gapfill_batched,
D,3,5149
S,1,5149,PREDICTION,src/tracking/advanced_tracker.py:id_merge,
L,1,5149,PREDICTION,src/tracking/advanced_tracker.py:id_merge,
R,CLAMP,CLAMP,0
L,4,5149,DETECTION,src/tracking/advanced_tracker.py:_activate_slot,5149_184_199_325_290
R,CLAMP,CLAMP,0
L,5,5149,PREDICTION,src/tracking/advanced_tracker.py:kalman_homography,
R,PREDICTION,SUBPIXEL,0
L,9,5149,DETECTION,src/tracking/advanced_tracker.py:_activate_slot,5149_131_697_312_804
R,DETECTION,DETECTION,1
A,5149
S,1,5155,DETECTION,src/tracking/advanced_tracker.py:_activate_slot,5155_202_841_391_992
S,2,5155,DETECTION,src/tracking/advanced_tracker.py:_activate_slot,5155_274_753_452_895
S,4,5155,DETECTION,src/tracking/advanced_tracker.py:_activate_slot,5155_180_190_324_292
S,9,5155,DETECTION,src/tracking/advanced_tracker.py:_activate_slot,5155_121_431_282_505
S,0,5155,DETECTION,src/tracking/advanced_tracker.py:_activate_slot,5155_225_495_365_596
S,5,5155,PREDICTION,src/tracking/advanced_tracker.py:kalman_homography,
S,10,5155,PREDICTION,src/tracking/advanced_tracker.py:flow_gapfill_batched,
D,1,5155
S,2,5155,PREDICTION,src/tracking/advanced_tracker.py:id_merge,
L,0,5155,DETECTION,src/tracking/advanced_tracker.py:_activate_slot,5155_225_495_365_596
R,DETECTION,DETECTION,1
L,2,5155,PREDICTION,src/tracking/advanced_tracker.py:id_merge,
R,PREDICTION,PREDICTION,1
L,4,5155,DETECTION,src/tracking/advanced_tracker.py:_activate_slot,5155_180_190_324_292
R,CLAMP,CLAMP,0
L,5,5155,PREDICTION,src/tracking/advanced_tracker.py:kalman_homography,
R,PREDICTION,SUBPIXEL,0
L,9,5155,DETECTION,src/tracking/advanced_tracker.py:_activate_slot,5155_121_431_282_505
R,CLAMP,CLAMP,0
A,5155
S,0,5161,DETECTION,src/tracking/advanced_tracker.py:_activate_slot,5161_216_491_363_600
S,1,5161,DETECTION,src/tracking/advanced_tracker.py:_activate_slot,5161_215_841_392_949
S,6,5161,DETECTION,src/tracking/advanced_tracker.py:_activate_slot,5161_581_259_673_365
S,9,5161,DETECTION,src/tracking/advanced_tracker.py:_activate_slot,5161_117_390_281_487
S,4,5161,PREDICTION,src/tracking/advanced_tracker.py:kalman_homography,
S,5,5161,PREDICTION,src/tracking/advanced_tracker.py:kalman_homography,
L,0,5161,DETECTION,src/tracking/advanced_tracker.py:_activate_slot,5161_216_491_363_600
R,DETECTION,DETECTION,1
L,1,5161,DETECTION,src/tracking/advanced_tracker.py:_activate_slot,5161_215_841_392_949
R,CLAMP,CLAMP,0
L,4,5161,PREDICTION,src/tracking/advanced_tracker.py:kalman_homography,
R,CLAMP,CLAMP,0
L,5,5161,PREDICTION,src/tracking/advanced_tracker.py:kalman_homography,
R,PREDICTION,SUBPIXEL,0
L,6,5161,DETECTION,src/tracking/advanced_tracker.py:_activate_slot,5161_581_259_673_365
R,CLAMP,CLAMP,0
L,9,5161,DETECTION,src/tracking/advanced_tracker.py:_activate_slot,5161_117_390_281_487
R,CLAMP,CLAMP,0
A,5161
S,1,5167,DETECTION,src/tracking/advanced_tracker.py:_activate_slot,5167_210_821_391_931
S,0,5167,DETECTION,src/tracking/advanced_tracker.py:_activate_slot,5167_213_498_354_602
S,4,5167,PREDICTION,src/tracking/advanced_tracker.py:kalman_homography,
S,5,5167,PREDICTION,src/tracking/advanced_tracker.py:kalman_homography,
S,9,5167,PREDICTION,src/tracking/advanced_tracker.py:kalman_homography,
L,0,5167,DETECTION,src/tracking/advanced_tracker.py:_activate_slot,5167_213_498_354_602
R,DETECTION,DETECTION,1
L,1,5167,DETECTION,src/tracking/advanced_tracker.py:_activate_slot,5167_210_821_391_931
R,CLAMP,CLAMP,0
L,4,5167,PREDICTION,src/tracking/advanced_tracker.py:kalman_homography,
R,CLAMP,CLAMP,0
L,5,5167,PREDICTION,src/tracking/advanced_tracker.py:kalman_homography,
R,PREDICTION,SUBPIXEL,0
L,9,5167,PREDICTION,src/tracking/advanced_tracker.py:kalman_homography,
R,CLAMP,CLAMP,0
A,5167
S,1,5173,DETECTION,src/tracking/advanced_tracker.py:_activate_slot,5173_211_802_387_919
S,4,5173,DETECTION,src/tracking/advanced_tracker.py:_activate_slot,5173_195_162_328_268
S,0,5173,PREDICTION,src/tracking/advanced_tracker.py:kalman_homography,
S,5,5173,PREDICTION,src/tracking/advanced_tracker.py:kalman_homography,
S,9,5173,PREDICTION,src/tracking/advanced_tracker.py:kalman_homography,
L,0,5173,PREDICTION,src/tracking/advanced_tracker.py:kalman_homography,
R,PREDICTION,PREDICTION,1
L,1,5173,DETECTION,src/tracking/advanced_tracker.py:_activate_slot,5173_211_802_387_919
R,CLAMP,CLAMP,0
L,4,5173,DETECTION,src/tracking/advanced_tracker.py:_activate_slot,5173_195_162_328_268
R,CLAMP,CLAMP,0
L,5,5173,PREDICTION,src/tracking/advanced_tracker.py:kalman_homography,
R,PREDICTION,SUBPIXEL,0
L,9,5173,PREDICTION,src/tracking/advanced_tracker.py:kalman_homography,
R,CLAMP,CLAMP,0
A,5173
S,0,5179,DETECTION,src/tracking/advanced_tracker.py:_activate_slot,5179_213_509_361_604
S,1,5179,PREDICTION,src/tracking/advanced_tracker.py:kalman_homography,
S,2,5179,PREDICTION,src/tracking/advanced_tracker.py:flow_gapfill_batched,
S,4,5179,PREDICTION,src/tracking/advanced_tracker.py:flow_gapfill_batched,
S,9,5179,PREDICTION,src/tracking/advanced_tracker.py:flow_gapfill_batched,
D,2,5179
S,1,5179,PREDICTION,src/tracking/advanced_tracker.py:id_merge,
L,0,5179,DETECTION,src/tracking/advanced_tracker.py:_activate_slot,5179_213_509_361_604
R,DETECTION,DETECTION,1
L,1,5179,PREDICTION,src/tracking/advanced_tracker.py:id_merge,
R,CLAMP,CLAMP,0
L,4,5179,PREDICTION,src/tracking/advanced_tracker.py:flow_gapfill_batched,
R,CLAMP,CLAMP,0
L,9,5179,PREDICTION,src/tracking/advanced_tracker.py:flow_gapfill_batched,
R,CLAMP,CLAMP,0
A,5179
S,0,5185,DETECTION,src/tracking/advanced_tracker.py:_activate_slot,5185_210_516_383_606
S,8,5185,DETECTION,src/tracking/advanced_tracker.py:_activate_slot,5185_133_586_309_700
S,1,5185,PREDICTION,src/tracking/advanced_tracker.py:kalman_homography,
S,2,5185,PREDICTION,src/tracking/advanced_tracker.py:flow_gapfill_batched,
S,4,5185,PREDICTION,src/tracking/advanced_tracker.py:flow_gapfill_batched,
S,9,5185,PREDICTION,src/tracking/advanced_tracker.py:flow_gapfill_batched,
D,2,5185
S,1,5185,PREDICTION,src/tracking/advanced_tracker.py:id_merge,
L,0,5185,DETECTION,src/tracking/advanced_tracker.py:_activate_slot,5185_210_516_383_606
R,DETECTION,DETECTION,1
L,1,5185,PREDICTION,src/tracking/advanced_tracker.py:id_merge,
R,CLAMP,CLAMP,0
L,4,5185,PREDICTION,src/tracking/advanced_tracker.py:flow_gapfill_batched,
R,CLAMP,CLAMP,0
L,8,5185,DETECTION,src/tracking/advanced_tracker.py:_activate_slot,5185_133_586_309_700
R,DETECTION,DETECTION,1
L,9,5185,PREDICTION,src/tracking/advanced_tracker.py:flow_gapfill_batched,
R,PREDICTION,PREDICTION,1
A,5185
S,0,5191,DETECTION,src/tracking/advanced_tracker.py:_activate_slot,5191_214_507_376_607
S,1,5191,DETECTION,src/tracking/advanced_tracker.py:_activate_slot,5191_254_764_442_884
S,4,5191,DETECTION,src/tracking/advanced_tracker.py:_activate_slot,5191_202_169_346_260
S,8,5191,DETECTION,src/tracking/advanced_tracker.py:_activate_slot,5191_125_569_291_695
S,7,5191,DETECTION,src/tracking/advanced_tracker.py:_activate_slot,5191_65_605_163_680
S,2,5191,PREDICTION,src/tracking/advanced_tracker.py:flow_gapfill_batched,
S,9,5191,PREDICTION,src/tracking/advanced_tracker.py:flow_gapfill_batched,
D,2,5191
S,1,5191,PREDICTION,src/tracking/advanced_tracker.py:id_merge,
D,7,5191
S,8,5191,PREDICTION,src/tracking/advanced_tracker.py:id_merge,
L,0,5191,DETECTION,src/tracking/advanced_tracker.py:_activate_slot,5191_214_507_376_607
R,DETECTION,DETECTION,1
L,1,5191,PREDICTION,src/tracking/advanced_tracker.py:id_merge,
R,CLAMP,CLAMP,0
L,4,5191,DETECTION,src/tracking/advanced_tracker.py:_activate_slot,5191_202_169_346_260
R,CLAMP,CLAMP,0
L,8,5191,PREDICTION,src/tracking/advanced_tracker.py:id_merge,
R,PREDICTION,PREDICTION,1
L,9,5191,PREDICTION,src/tracking/advanced_tracker.py:flow_gapfill_batched,
R,PREDICTION,PREDICTION,1
A,5191
S,8,5197,DETECTION,src/tracking/advanced_tracker.py:_activate_slot,5197_147_570_298_702
S,10,5197,DETECTION,src/tracking/advanced_tracker.py:_activate_slot,5197_65_563_205_639
S,3,5197,DETECTION,src/tracking/advanced_tracker.py:_activate_slot,5197_307_546_517_688
S,0,5197,PREDICTION,src/tracking/advanced_tracker.py:kalman_homography,
S,7,5197,PREDICTION,src/tracking/advanced_tracker.py:kalman_homography,
S,1,5197,PREDICTION,src/tracking/advanced_tracker.py:flow_gapfill_batched,
S,2,5197,PREDICTION,src/tracking/advanced_tracker.py:flow_gapfill_batched,
S,4,5197,PREDICTION,src/tracking/advanced_tracker.py:flow_gapfill_batched,
S,9,5197,PREDICTION,src/tracking/advanced_tracker.py:flow_gapfill_batched,
D,2,5197
S,1,5197,PREDICTION,src/tracking/advanced_tracker.py:id_merge,
D,1,5197
S,3,5197,PREDICTION,src/tracking/advanced_tracker.py:id_merge,
D,7,5197
S,8,5197,PREDICTION,src/tracking/advanced_tracker.py:id_merge,
L,0,5197,PREDICTION,src/tracking/advanced_tracker.py:kalman_homography,
R,PREDICTION,PREDICTION,1
L,3,5197,PREDICTION,src/tracking/advanced_tracker.py:id_merge,
R,CLAMP,CLAMP,0
L,4,5197,PREDICTION,src/tracking/advanced_tracker.py:flow_gapfill_batched,
R,CLAMP,CLAMP,0
L,8,5197,PREDICTION,src/tracking/advanced_tracker.py:id_merge,
R,PREDICTION,PREDICTION,1
L,9,5197,PREDICTION,src/tracking/advanced_tracker.py:flow_gapfill_batched,
R,PREDICTION,PREDICTION,1
A,5197
S,1,5203,DETECTION,src/tracking/advanced_tracker.py:_activate_slot,5203_267_781_445_875
S,8,5203,DETECTION,src/tracking/advanced_tracker.py:_activate_slot,5203_164_580_308_700
S,10,5203,DETECTION,src/tracking/advanced_tracker.py:_activate_slot,5203_66_526_203_600
S,0,5203,PREDICTION,src/tracking/advanced_tracker.py:kalman_homography,
S,3,5203,PREDICTION,src/tracking/advanced_tracker.py:kalman_homography,
S,7,5203,PREDICTION,src/tracking/advanced_tracker.py:kalman_homography,
S,2,5203,PREDICTION,src/tracking/advanced_tracker.py:flow_gapfill_batched,
S,4,5203,PREDICTION,src/tracking/advanced_tracker.py:flow_gapfill_batched,
S,9,5203,PREDICTION,src/tracking/advanced_tracker.py:flow_gapfill_batched,
D,2,5203
S,1,5203,PREDICTION,src/tracking/advanced_tracker.py:id_merge,
D,3,5203
S,1,5203,PREDICTION,src/tracking/advanced_tracker.py:id_merge,
D,7,5203
S,8,5203,PREDICTION,src/tracking/advanced_tracker.py:id_merge,
L,0,5203,PREDICTION,src/tracking/advanced_tracker.py:kalman_homography,
R,PREDICTION,PREDICTION,1
L,1,5203,PREDICTION,src/tracking/advanced_tracker.py:id_merge,
R,CLAMP,CLAMP,0
L,4,5203,PREDICTION,src/tracking/advanced_tracker.py:flow_gapfill_batched,
R,CLAMP,CLAMP,0
L,8,5203,PREDICTION,src/tracking/advanced_tracker.py:id_merge,
R,PREDICTION,PREDICTION,1
L,9,5203,PREDICTION,src/tracking/advanced_tracker.py:flow_gapfill_batched,
R,PREDICTION,PREDICTION,1
A,5203
S,0,5209,DETECTION,src/tracking/advanced_tracker.py:_activate_slot,5209_194_487_373_617
S,4,5209,DETECTION,src/tracking/advanced_tracker.py:_activate_slot,5209_182_198_374_299
S,3,5209,PREDICTION,src/tracking/advanced_tracker.py:kalman_homography,
S,7,5209,PREDICTION,src/tracking/advanced_tracker.py:kalman_homography,
S,8,5209,PREDICTION,src/tracking/advanced_tracker.py:kalman_homography,
S,10,5209,PREDICTION,src/tracking/advanced_tracker.py:kalman_homography,
S,1,5209,PREDICTION,src/tracking/advanced_tracker.py:flow_gapfill_batched,
S,9,5209,PREDICTION,src/tracking/advanced_tracker.py:flow_gapfill_batched,
D,3,5209
S,1,5209,PREDICTION,src/tracking/advanced_tracker.py:id_merge,
D,7,5209
S,8,5209,PREDICTION,src/tracking/advanced_tracker.py:id_merge,
L,0,5209,DETECTION,src/tracking/advanced_tracker.py:_activate_slot,5209_194_487_373_617
R,DETECTION,DETECTION,1
L,1,5209,PREDICTION,src/tracking/advanced_tracker.py:id_merge,
R,CLAMP,CLAMP,0
L,4,5209,DETECTION,src/tracking/advanced_tracker.py:_activate_slot,5209_182_198_374_299
R,CLAMP,CLAMP,0
L,8,5209,PREDICTION,src/tracking/advanced_tracker.py:id_merge,
R,PREDICTION,PREDICTION,1
L,9,5209,PREDICTION,src/tracking/advanced_tracker.py:flow_gapfill_batched,
R,PREDICTION,PREDICTION,1
A,5209
S,0,5215,DETECTION,src/tracking/advanced_tracker.py:_activate_slot,5215_207_482_371_614
S,4,5215,DETECTION,src/tracking/advanced_tracker.py:_activate_slot,5215_188_207_365_321
S,8,5215,DETECTION,src/tracking/advanced_tracker.py:_activate_slot,5215_151_555_305_669
S,10,5215,DETECTION,src/tracking/advanced_tracker.py:_activate_slot,5215_66_457_206_532
S,3,5215,PREDICTION,src/tracking/advanced_tracker.py:kalman_homography,
S,7,5215,PREDICTION,src/tracking/advanced_tracker.py:kalman_homography,
S,1,5215,PREDICTION,src/tracking/advanced_tracker.py:flow_gapfill_batched,
D,3,5215
S,1,5215,PREDICTION,src/tracking/advanced_tracker.py:id_merge,
D,7,5215
S,8,5215,PREDICTION,src/tracking/advanced_tracker.py:id_merge,
L,0,5215,DETECTION,src/tracking/advanced_tracker.py:_activate_slot,5215_207_482_371_614
R,DETECTION,DETECTION,1
L,1,5215,PREDICTION,src/tracking/advanced_tracker.py:id_merge,
R,CLAMP,CLAMP,0
L,4,5215,DETECTION,src/tracking/advanced_tracker.py:_activate_slot,5215_188_207_365_321
R,CLAMP,CLAMP,0
L,8,5215,PREDICTION,src/tracking/advanced_tracker.py:id_merge,
R,PREDICTION,PREDICTION,1
A,5215
S,4,5221,DETECTION,src/tracking/advanced_tracker.py:_activate_slot,5221_182_185_397_327
S,5,5221,DETECTION,src/tracking/advanced_tracker.py:_activate_slot,5221_68_429_206_502
S,0,5221,PREDICTION,src/tracking/advanced_tracker.py:kalman_homography,
S,3,5221,PREDICTION,src/tracking/advanced_tracker.py:kalman_homography,
S,7,5221,PREDICTION,src/tracking/advanced_tracker.py:kalman_homography,
S,8,5221,PREDICTION,src/tracking/advanced_tracker.py:kalman_homography,
S,10,5221,PREDICTION,src/tracking/advanced_tracker.py:kalman_homography,
D,7,5221
S,8,5221,PREDICTION,src/tracking/advanced_tracker.py:id_merge,
L,0,5221,PREDICTION,src/tracking/advanced_tracker.py:kalman_homography,
R,PREDICTION,PREDICTION,1
L,3,5221,PREDICTION,src/tracking/advanced_tracker.py:kalman_homography,
R,CLAMP,CLAMP,0
L,4,5221,DETECTION,src/tracking/advanced_tracker.py:_activate_slot,5221_182_185_397_327
R,CLAMP,CLAMP,0
L,5,5221,DETECTION,src/tracking/advanced_tracker.py:_activate_slot,5221_68_429_206_502
R,CLAMP,CLAMP,0
L,8,5221,PREDICTION,src/tracking/advanced_tracker.py:id_merge,
R,PREDICTION,PREDICTION,1
A,5221
S,4,5227,DETECTION,src/tracking/advanced_tracker.py:_activate_slot,5227_182_240_378_348
S,5,5227,DETECTION,src/tracking/advanced_tracker.py:_activate_slot,5227_194_429_348_580
S,8,5227,DETECTION,src/tracking/advanced_tracker.py:_activate_slot,5227_147_505_295_607
S,0,5227,PREDICTION,src/tracking/advanced_tracker.py:kalman_homography,
S,3,5227,PREDICTION,src/tracking/advanced_tracker.py:kalman_homography,
S,7,5227,PREDICTION,src/tracking/advanced_tracker.py:kalman_homography,
S,10,5227,PREDICTION,src/tracking/advanced_tracker.py:kalman_homography,
S,1,5227,PREDICTION,src/tracking/advanced_tracker.py:flow_gapfill_batched,
D,3,5227
S,1,5227,PREDICTION,src/tracking/advanced_tracker.py:id_merge,
D,7,5227
S,5,5227,PREDICTION,src/tracking/advanced_tracker.py:id_merge,
D,5,5227
S,8,5227,PREDICTION,src/tracking/advanced_tracker.py:id_merge,
L,0,5227,PREDICTION,src/tracking/advanced_tracker.py:kalman_homography,
R,PREDICTION,PREDICTION,1
L,1,5227,PREDICTION,src/tracking/advanced_tracker.py:id_merge,
R,CLAMP,CLAMP,0
L,4,5227,DETECTION,src/tracking/advanced_tracker.py:_activate_slot,5227_182_240_378_348
R,CLAMP,CLAMP,0
L,8,5227,PREDICTION,src/tracking/advanced_tracker.py:id_merge,
R,PREDICTION,PREDICTION,1
A,5227
S,4,5233,DETECTION,src/tracking/advanced_tracker.py:_activate_slot,5233_187_273_391_369
S,5,5233,DETECTION,src/tracking/advanced_tracker.py:_activate_slot,5233_186_460_341_554
S,8,5233,DETECTION,src/tracking/advanced_tracker.py:_activate_slot,5233_148_479_293_595
S,0,5233,PREDICTION,src/tracking/advanced_tracker.py:kalman_homography,
S,3,5233,PREDICTION,src/tracking/advanced_tracker.py:kalman_homography,
S,7,5233,PREDICTION,src/tracking/advanced_tracker.py:kalman_homography,
S,10,5233,PREDICTION,src/tracking/advanced_tracker.py:kalman_homography,
D,7,5233
S,5,5233,PREDICTION,src/tracking/advanced_tracker.py:id_merge,
D,5,5233
S,8,5233,PREDICTION,src/tracking/advanced_tracker.py:id_merge,
L,0,5233,PREDICTION,src/tracking/advanced_tracker.py:kalman_homography,
R,PREDICTION,PREDICTION,1
L,3,5233,PREDICTION,src/tracking/advanced_tracker.py:kalman_homography,
R,CLAMP,CLAMP,0
L,4,5233,DETECTION,src/tracking/advanced_tracker.py:_activate_slot,5233_187_273_391_369
R,CLAMP,CLAMP,0
L,8,5233,PREDICTION,src/tracking/advanced_tracker.py:id_merge,
R,PREDICTION,PREDICTION,1
A,5233
S,0,5239,DETECTION,src/tracking/advanced_tracker.py:_activate_slot,5239_150_460_317_577
S,4,5239,DETECTION,src/tracking/advanced_tracker.py:_activate_slot,5239_226_253_395_353
S,8,5239,DETECTION,src/tracking/advanced_tracker.py:_activate_slot,5239_162_441_325_552
S,7,5239,DETECTION,src/tracking/advanced_tracker.py:_activate_slot,5239_94_611_183_681
S,3,5239,PREDICTION,src/tracking/advanced_tracker.py:kalman_homography,
S,5,5239,PREDICTION,src/tracking/advanced_tracker.py:kalman_homography,
S,10,5239,PREDICTION,src/tracking/advanced_tracker.py:kalman_homography,
S,1,5239,PREDICTION,src/tracking/advanced_tracker.py:flow_gapfill_batched,
D,3,5239
S,1,5239,PREDICTION,src/tracking/advanced_tracker.py:id_merge,
D,5,5239
S,7,5239,PREDICTION,src/tracking/advanced_tracker.py:id_merge,
L,0,5239,DETECTION,src/tracking/advanced_tracker.py:_activate_slot,5239_150_460_317_577
R,DETECTION,DETECTION,1
L,1,5239,PREDICTION,src/tracking/advanced_tracker.py:id_merge,
R,CLAMP,CLAMP,0
L,4,5239,DETECTION,src/tracking/advanced_tracker.py:_activate_slot,5239_226_253_395_353
R,CLAMP,CLAMP,0
L,7,5239,PREDICTION,src/tracking/advanced_tracker.py:id_merge,
R,PREDICTION,PREDICTION,1
L,8,5239,DETECTION,src/tracking/advanced_tracker.py:_activate_slot,5239_162_441_325_552
R,DETECTION,DETECTION,1
A,5239
S,0,5245,DETECTION,src/tracking/advanced_tracker.py:_activate_slot,5245_151_461_301_557
S,4,5245,DETECTION,src/tracking/advanced_tracker.py:_activate_slot,5245_176_299_389_407
S,8,5245,DETECTION,src/tracking/advanced_tracker.py:_activate_slot,5245_160_432_306_537
S,2,5245,DETECTION,src/tracking/advanced_tracker.py:_activate_slot,5245_272_355_513_526
S,5,5245,PREDICTION,src/tracking/advanced_tracker.py:kalman_homography,
S,7,5245,PREDICTION,src/tracking/advanced_tracker.py:kalman_homography,
S,10,5245,PREDICTION,src/tracking/advanced_tracker.py:kalman_homography,
S,1,5245,PREDICTION,src/tracking/advanced_tracker.py:flow_gapfill_batched,
S,3,5245,PREDICTION,src/tracking/advanced_tracker.py:flow_gapfill_batched,
D,3,5245
S,1,5245,PREDICTION,src/tracking/advanced_tracker.py:id_merge,
D,5,5245
S,7,5245,PREDICTION,src/tracking/advanced_tracker.py:id_merge,
L,0,5245,DETECTION,src/tracking/advanced_tracker.py:_activate_slot,5245_151_461_301_557
R,DETECTION,DETECTION,1
L,1,5245,PREDICTION,src/tracking/advanced_tracker.py:id_merge,
R,CLAMP,CLAMP,0
L,2,5245,DETECTION,src/tracking/advanced_tracker.py:_activate_slot,5245_272_355_513_526
R,CLAMP,CLAMP,0
L,4,5245,DETECTION,src/tracking/advanced_tracker.py:_activate_slot,5245_176_299_389_407
R,CLAMP,CLAMP,0
L,7,5245,PREDICTION,src/tracking/advanced_tracker.py:id_merge,
R,PREDICTION,PREDICTION,1
L,8,5245,DETECTION,src/tracking/advanced_tracker.py:_activate_slot,5245_160_432_306_537
R,DETECTION,DETECTION,1
A,5245
S,0,5251,DETECTION,src/tracking/advanced_tracker.py:_activate_slot,5251_146_451_288_539
S,2,5251,DETECTION,src/tracking/advanced_tracker.py:_activate_slot,5251_281_390_516_529
S,4,5251,DETECTION,src/tracking/advanced_tracker.py:_activate_slot,5251_198_267_433_441
S,6,5251,DETECTION,src/tracking/advanced_tracker.py:_activate_slot,5251_71_321_179_393
S,5,5251,PREDICTION,src/tracking/advanced_tracker.py:kalman_homography,
S,7,5251,PREDICTION,src/tracking/advanced_tracker.py:kalman_homography,
S,8,5251,PREDICTION,src/tracking/advanced_tracker.py:kalman_homography,
S,10,5251,PREDICTION,src/tracking/advanced_tracker.py:kalman_homography,
S,1,5251,PREDICTION,src/tracking/advanced_tracker.py:flow_gapfill_batched,
L,0,5251,DETECTION,src/tracking/advanced_tracker.py:_activate_slot,5251_146_451_288_539
R,DETECTION,DETECTION,1
L,1,5251,PREDICTION,src/tracking/advanced_tracker.py:flow_gapfill_batched,
R,CLAMP,CLAMP,0
L,2,5251,DETECTION,src/tracking/advanced_tracker.py:_activate_slot,5251_281_390_516_529
R,CLAMP,CLAMP,0
L,4,5251,DETECTION,src/tracking/advanced_tracker.py:_activate_slot,5251_198_267_433_441
R,CLAMP,CLAMP,0
L,5,5251,PREDICTION,src/tracking/advanced_tracker.py:kalman_homography,
R,PREDICTION,PREDICTION,1
L,6,5251,DETECTION,src/tracking/advanced_tracker.py:_activate_slot,5251_71_321_179_393
R,CLAMP,CLAMP,0
L,7,5251,PREDICTION,src/tracking/advanced_tracker.py:kalman_homography,
R,PREDICTION,PREDICTION,1
L,8,5251,PREDICTION,src/tracking/advanced_tracker.py:kalman_homography,
R,PREDICTION,PREDICTION,1
A,5251
S,0,5257,DETECTION,src/tracking/advanced_tracker.py:_activate_slot,5257_132_436_292_527
S,2,5257,DETECTION,src/tracking/advanced_tracker.py:_activate_slot,5257_273_440_512_546
S,4,5257,DETECTION,src/tracking/advanced_tracker.py:_activate_slot,5257_221_342_436_455
S,9,5257,DETECTION,src/tracking/advanced_tracker.py:_activate_slot,5257_506_274_670_388
S,6,5257,DETECTION,src/tracking/advanced_tracker.py:_activate_slot,5257_69_302_243_374
S,5,5257,PREDICTION,src/tracking/advanced_tracker.py:kalman_homography,
S,7,5257,PREDICTION,src/tracking/advanced_tracker.py:kalman_homography,
S,8,5257,PREDICTION,src/tracking/advanced_tracker.py:kalman_homography,
S,10,5257,PREDICTION,src/tracking/advanced_tracker.py:kalman_homography,
L,0,5257,DETECTION,src/tracking/advanced_tracker.py:_activate_slot,5257_132_436_292_527
R,DETECTION,DETECTION,1
L,2,5257,DETECTION,src/tracking/advanced_tracker.py:_activate_slot,5257_273_440_512_546
R,CLAMP,CLAMP,0
L,4,5257,DETECTION,src/tracking/advanced_tracker.py:_activate_slot,5257_221_342_436_455
R,CLAMP,CLAMP,0
L,5,5257,PREDICTION,src/tracking/advanced_tracker.py:kalman_homography,
R,PREDICTION,PREDICTION,1
L,6,5257,DETECTION,src/tracking/advanced_tracker.py:_activate_slot,5257_69_302_243_374
R,CLAMP,CLAMP,0
L,7,5257,PREDICTION,src/tracking/advanced_tracker.py:kalman_homography,
R,PREDICTION,PREDICTION,1
L,8,5257,PREDICTION,src/tracking/advanced_tracker.py:kalman_homography,
R,PREDICTION,PREDICTION,1
L,9,5257,DETECTION,src/tracking/advanced_tracker.py:_activate_slot,5257_506_274_670_388
R,CLAMP,CLAMP,0
A,5257
S,0,5263,DETECTION,src/tracking/advanced_tracker.py:_activate_slot,5263_129_432_300_521
S,2,5263,DETECTION,src/tracking/advanced_tracker.py:_activate_slot,5263_277_461_510_583
S,4,5263,DETECTION,src/tracking/advanced_tracker.py:_activate_slot,5263_211_371_433_477
S,9,5263,DETECTION,src/tracking/advanced_tracker.py:_activate_slot,5263_504_255_671_381
S,6,5263,DETECTION,src/tracking/advanced_tracker.py:_activate_slot,5263_69_282_245_355
S,7,5263,PREDICTION,src/tracking/advanced_tracker.py:kalman_homography,
S,8,5263,PREDICTION,src/tracking/advanced_tracker.py:kalman_homography,
S,5,5263,PREDICTION,src/tracking/advanced_tracker.py:flow_gapfill_batched,
S,10,5263,PREDICTION,src/tracking/advanced_tracker.py:flow_gapfill_batched,
D,0,5263
S,4,5263,PREDICTION,src/tracking/advanced_tracker.py:id_merge,
D,5,5263
S,7,5263,PREDICTION,src/tracking/advanced_tracker.py:id_merge,
L,2,5263,DETECTION,src/tracking/advanced_tracker.py:_activate_slot,5263_277_461_510_583
R,DETECTION,DETECTION,1
L,4,5263,PREDICTION,src/tracking/advanced_tracker.py:id_merge,
R,CLAMP,CLAMP,0
L,6,5263,DETECTION,src/tracking/advanced_tracker.py:_activate_slot,5263_69_282_245_355
R,CLAMP,CLAMP,0
L,7,5263,PREDICTION,src/tracking/advanced_tracker.py:id_merge,
R,PREDICTION,PREDICTION,1
L,8,5263,PREDICTION,src/tracking/advanced_tracker.py:kalman_homography,
R,PREDICTION,PREDICTION,1
L,9,5263,DETECTION,src/tracking/advanced_tracker.py:_activate_slot,5263_504_255_671_381
R,CLAMP,CLAMP,0
A,5263
S,2,5269,DETECTION,src/tracking/advanced_tracker.py:_activate_slot,5269_286_473_512_596
S,4,5269,DETECTION,src/tracking/advanced_tracker.py:_activate_slot,5269_194_388_397_527
S,6,5269,DETECTION,src/tracking/advanced_tracker.py:_activate_slot,5269_68_264_238_335
S,8,5269,DETECTION,src/tracking/advanced_tracker.py:_activate_slot,5269_141_346_310_421
S,0,5269,PREDICTION,src/tracking/advanced_tracker.py:kalman_homography,
S,7,5269,PREDICTION,src/tracking/advanced_tracker.py:kalman_homography,
S,5,5269,PREDICTION,src/tracking/advanced_tracker.py:flow_gapfill_batched,
D,0,5269
S,4,5269,PREDICTION,src/tracking/advanced_tracker.py:id_merge,
D,5,5269
S,7,5269,PREDICTION,src/tracking/advanced_tracker.py:id_merge,
L,2,5269,DETECTION,src/tracking/advanced_tracker.py:_activate_slot,5269_286_473_512_596
R,DETECTION,DETECTION,1
L,4,5269,PREDICTION,src/tracking/advanced_tracker.py:id_merge,
R,CLAMP,CLAMP,0
L,6,5269,DETECTION,src/tracking/advanced_tracker.py:_activate_slot,5269_68_264_238_335
R,CLAMP,CLAMP,0
L,7,5269,PREDICTION,src/tracking/advanced_tracker.py:id_merge,
R,PREDICTION,PREDICTION,1
L,8,5269,DETECTION,src/tracking/advanced_tracker.py:_activate_slot,5269_141_346_310_421
R,DETECTION,DETECTION,1
A,5269
S,2,5275,DETECTION,src/tracking/advanced_tracker.py:_activate_slot,5275_284_488_510_630
S,4,5275,DETECTION,src/tracking/advanced_tracker.py:_activate_slot,5275_213_442_414_539
S,0,5275,DETECTION,src/tracking/advanced_tracker.py:_activate_slot,5275_147_424_270_497
S,8,5275,DETECTION,src/tracking/advanced_tracker.py:_activate_slot,5275_131_341_327_433
S,6,5275,PREDICTION,src/tracking/advanced_tracker.py:kalman_homography,
S,7,5275,PREDICTION,src/tracking/advanced_tracker.py:kalman_homography,
L,0,5275,DETECTION,src/tracking/advanced_tracker.py:_activate_slot,5275_147_424_270_497
R,DETECTION,DETECTION,1
L,2,5275,DETECTION,src/tracking/advanced_tracker.py:_activate_slot,5275_284_488_510_630
R,DETECTION,DETECTION,1
L,4,5275,DETECTION,src/tracking/advanced_tracker.py:_activate_slot,5275_213_442_414_539
R,DETECTION,DETECTION,1
L,6,5275,PREDICTION,src/tracking/advanced_tracker.py:kalman_homography,
R,CLAMP,CLAMP,0
L,7,5275,PREDICTION,src/tracking/advanced_tracker.py:kalman_homography,
R,PREDICTION,PREDICTION,1
L,8,5275,DETECTION,src/tracking/advanced_tracker.py:_activate_slot,5275_131_341_327_433
R,DETECTION,DETECTION,1
A,5275
S,6,5281,DETECTION,src/tracking/advanced_tracker.py:_activate_slot,5281_72_232_243_301
S,8,5281,DETECTION,src/tracking/advanced_tracker.py:_activate_slot,5281_137_328_332_436
S,10,5281,DETECTION,src/tracking/advanced_tracker.py:_activate_slot,5281_279_495_512_671
S,0,5281,PREDICTION,src/tracking/advanced_tracker.py:kalman_homography,
S,2,5281,PREDICTION,src/tracking/advanced_tracker.py:kalman_homography,
S,4,5281,PREDICTION,src/tracking/advanced_tracker.py:kalman_homography,
S,7,5281,PREDICTION,src/tracking/advanced_tracker.py:kalman_homography,
S,5,5281,PREDICTION,src/tracking/advanced_tracker.py:flow_gapfill_batched,
S,9,5281,PREDICTION,src/tracking/advanced_tracker.py:flow_gapfill_batched,
L,0,5281,PREDICTION,src/tracking/advanced_tracker.py:kalman_homography,
R,PREDICTION,PREDICTION,1
L,2,5281,PREDICTION,src/tracking/advanced_tracker.py:kalman_homography,
R,PREDICTION,PREDICTION,1
L,4,5281,PREDICTION,src/tracking/advanced_tracker.py:kalman_homography,
R,PREDICTION,PREDICTION,1
L,5,5281,PREDICTION,src/tracking/advanced_tracker.py:flow_gapfill_batched,
R,PREDICTION,PREDICTION,1
L,6,5281,DETECTION,src/tracking/advanced_tracker.py:_activate_slot,5281_72_232_243_301
R,CLAMP,CLAMP,0
L,7,5281,PREDICTION,src/tracking/advanced_tracker.py:kalman_homography,
R,PREDICTION,PREDICTION,1
L,8,5281,DETECTION,src/tracking/advanced_tracker.py:_activate_slot,5281_137_328_332_436
R,DETECTION,DETECTION,1
L,9,5281,PREDICTION,src/tracking/advanced_tracker.py:flow_gapfill_batched,
R,CLAMP,CLAMP,0
A,5281
S,2,5287,DETECTION,src/tracking/advanced_tracker.py:_activate_slot,5287_148_396_392_517
S,6,5287,DETECTION,src/tracking/advanced_tracker.py:_activate_slot,5287_232_846_412_942
S,7,5287,DETECTION,src/tracking/advanced_tracker.py:_activate_slot,5287_97_651_218_719
S,8,5287,DETECTION,src/tracking/advanced_tracker.py:_activate_slot,5287_157_317_343_430
S,0,5287,PREDICTION,src/tracking/advanced_tracker.py:kalman_homography,
S,4,5287,PREDICTION,src/tracking/advanced_tracker.py:kalman_homography,
S,10,5287,PREDICTION,src/tracking/advanced_tracker.py:flow_gapfill_batched,
D,0,5287
S,2,5287,PREDICTION,src/tracking/advanced_tracker.py:id_merge,
L,2,5287,PREDICTION,src/tracking/advanced_tracker.py:id_merge,
R,CLAMP,CLAMP,0
L,4,5287,PREDICTION,src/tracking/advanced_tracker.py:kalman_homography,
R,PREDICTION,PREDICTION,1
L,6,5287,DETECTION,src/tracking/advanced_tracker.py:_activate_slot,5287_232_846_412_942
R,CLAMP,CLAMP,0
L,7,5287,DETECTION,src/tracking/advanced_tracker.py:_activate_slot,5287_97_651_218_719
R,DETECTION,DETECTION,1
L,8,5287,DETECTION,src/tracking/advanced_tracker.py:_activate_slot,5287_157_317_343_430
R,DETECTION,DETECTION,1
A,5287
S,2,5293,DETECTION,src/tracking/advanced_tracker.py:_activate_slot,5293_165_408_391_516
S,3,5293,DETECTION,src/tracking/advanced_tracker.py:_activate_slot,5293_239_849_408_927
S,0,5293,DETECTION,src/tracking/advanced_tracker.py:_activate_slot,5293_156_395_332_467
S,8,5293,DETECTION,src/tracking/advanced_tracker.py:_activate_slot,5293_148_337_318_421
S,1,5293,DETECTION,src/tracking/advanced_tracker.py:_activate_slot,5293_532_279_674_391
S,4,5293,PREDICTION,src/tracking/advanced_tracker.py:kalman_homography,
S,7,5293,PREDICTION,src/tracking/advanced_tracker.py:kalman_homography,
S,6,5293,PREDICTION,src/tracking/advanced_tracker.py:flow_gapfill_batched,
S,10,5293,PREDICTION,src/tracking/advanced_tracker.py:flow_gapfill_batched,
D,0,5293
S,2,5293,PREDICTION,src/tracking/advanced_tracker.py:id_merge,
L,1,5293,DETECTION,src/tracking/advanced_tracker.py:_activate_slot,5293_532_279_674_391
R,CLAMP,CLAMP,0
L,2,5293,PREDICTION,src/tracking/advanced_tracker.py:id_merge,
R,CLAMP,CLAMP,0
L,3,5293,DETECTION,src/tracking/advanced_tracker.py:_activate_slot,5293_239_849_408_927
R,CLAMP,CLAMP,0
L,4,5293,PREDICTION,src/tracking/advanced_tracker.py:kalman_homography,
R,PREDICTION,PREDICTION,1
L,6,5293,PREDICTION,src/tracking/advanced_tracker.py:flow_gapfill_batched,
R,CLAMP,CLAMP,0
L,7,5293,PREDICTION,src/tracking/advanced_tracker.py:kalman_homography,
R,PREDICTION,PREDICTION,1
L,8,5293,DETECTION,src/tracking/advanced_tracker.py:_activate_slot,5293_148_337_318_421
R,DETECTION,DETECTION,1
A,5293
S,2,5299,DETECTION,src/tracking/advanced_tracker.py:_activate_slot,5299_158_428_383_521
S,4,5299,DETECTION,src/tracking/advanced_tracker.py:_activate_slot,5299_226_522_514_676
S,3,5299,DETECTION,src/tracking/advanced_tracker.py:_activate_slot,5299_237_856_419_942
S,8,5299,DETECTION,src/tracking/advanced_tracker.py:_activate_slot,5299_167_288_370_400
S,0,5299,PREDICTION,src/tracking/advanced_tracker.py:kalman_homography,
S,7,5299,PREDICTION,src/tracking/advanced_tracker.py:kalman_homography,
S,6,5299,PREDICTION,src/tracking/advanced_tracker.py:flow_gapfill_batched,
S,10,5299,PREDICTION,src/tracking/advanced_tracker.py:flow_gapfill_batched,
L,0,5299,PREDICTION,src/tracking/advanced_tracker.py:kalman_homography,
R,PREDICTION,PREDICTION,1
L,2,5299,DETECTION,src/tracking/advanced_tracker.py:_activate_slot,5299_158_428_383_521
R,CLAMP,CLAMP,0
L,3,5299,DETECTION,src/tracking/advanced_tracker.py:_activate_slot,5299_237_856_419_942
R,CLAMP,CLAMP,0
L,4,5299,DETECTION,src/tracking/advanced_tracker.py:_activate_slot,5299_226_522_514_676
R,DETECTION,DETECTION,1
L,6,5299,PREDICTION,src/tracking/advanced_tracker.py:flow_gapfill_batched,
R,CLAMP,CLAMP,0
L,7,5299,PREDICTION,src/tracking/advanced_tracker.py:kalman_homography,
R,PREDICTION,PREDICTION,1
L,8,5299,DETECTION,src/tracking/advanced_tracker.py:_activate_slot,5299_167_288_370_400
R,DETECTION,DETECTION,1
A,5299
S,0,5305,DETECTION,src/tracking/advanced_tracker.py:_activate_slot,5305_179_368_349_497
S,2,5305,DETECTION,src/tracking/advanced_tracker.py:_activate_slot,5305_170_438_380_542
S,4,5305,DETECTION,src/tracking/advanced_tracker.py:_activate_slot,5305_266_537_512_665
S,1,5305,DETECTION,src/tracking/advanced_tracker.py:_activate_slot,5305_532_267_672_363
S,8,5305,DETECTION,src/tracking/advanced_tracker.py:_activate_slot,5305_198_277_372_378
S,7,5305,PREDICTION,src/tracking/advanced_tracker.py:kalman_homography,
S,3,5305,PREDICTION,src/tracking/advanced_tracker.py:flow_gapfill_batched,
S,6,5305,PREDICTION,src/tracking/advanced_tracker.py:flow_gapfill_batched,
S,9,5305,PREDICTION,src/tracking/advanced_tracker.py:flow_gapfill_batched,
S,10,5305,PREDICTION,src/tracking/advanced_tracker.py:flow_gapfill_batched,
L,0,5305,DETECTION,src/tracking/advanced_tracker.py:_activate_slot,5305_179_368_349_497
R,DETECTION,DETECTION,1
L,1,5305,DETECTION,src/tracking/advanced_tracker.py:_activate_slot,5305_532_267_672_363
R,CLAMP,CLAMP,0
L,2,5305,DETECTION,src/tracking/advanced_tracker.py:_activate_slot,5305_170_438_380_542
R,CLAMP,CLAMP,0
L,3,5305,PREDICTION,src/tracking/advanced_tracker.py:flow_gapfill_batched,
R,CLAMP,CLAMP,0
L,4,5305,DETECTION,src/tracking/advanced_tracker.py:_activate_slot,5305_266_537_512_665
R,DETECTION,DETECTION,1
L,6,5305,PREDICTION,src/tracking/advanced_tracker.py:flow_gapfill_batched,
R,CLAMP,CLAMP,0
L,7,5305,PREDICTION,src/tracking/advanced_tracker.py:kalman_homography,
R,PREDICTION,PREDICTION,1
L,8,5305,DETECTION,src/tracking/advanced_tracker.py:_activate_slot,5305_198_277_372_378
R,DETECTION,DETECTION,1
L,9,5305,PREDICTION,src/tracking/advanced_tracker.py:flow_gapfill_batched,
R,CLAMP,CLAMP,0
A,5305
S,0,5311,DETECTION,src/tracking/advanced_tracker.py:_activate_slot,5311_174_354_353_492
S,2,5311,DETECTION,src/tracking/advanced_tracker.py:_activate_slot,5311_177_450_383_553
S,4,5311,DETECTION,src/tracking/advanced_tracker.py:_activate_slot,5311_280_536_516_663
S,1,5311,DETECTION,src/tracking/advanced_tracker.py:_activate_slot,5311_531_269_671_364
S,8,5311,DETECTION,src/tracking/advanced_tracker.py:_activate_slot,5311_210_221_371_374
S,7,5311,PREDICTION,src/tracking/advanced_tracker.py:kalman_homography,
S,3,5311,PREDICTION,src/tracking/advanced_tracker.py:flow_gapfill_batched,
S,6,5311,PREDICTION,src/tracking/advanced_tracker.py:flow_gapfill_batched,
S,9,5311,PREDICTION,src/tracking/advanced_tracker.py:flow_gapfill_batched,
S,10,5311,PREDICTION,src/tracking/advanced_tracker.py:flow_gapfill_batched,
L,0,5311,DETECTION,src/tracking/advanced_tracker.py:_activate_slot,5311_174_354_353_492
R,DETECTION,DETECTION,1
L,1,5311,DETECTION,src/tracking/advanced_tracker.py:_activate_slot,5311_531_269_671_364
R,CLAMP,CLAMP,0
L,2,5311,DETECTION,src/tracking/advanced_tracker.py:_activate_slot,5311_177_450_383_553
R,CLAMP,CLAMP,0
L,3,5311,PREDICTION,src/tracking/advanced_tracker.py:flow_gapfill_batched,
R,CLAMP,CLAMP,0
L,4,5311,DETECTION,src/tracking/advanced_tracker.py:_activate_slot,5311_280_536_516_663
R,DETECTION,DETECTION,1
L,6,5311,PREDICTION,src/tracking/advanced_tracker.py:flow_gapfill_batched,
R,CLAMP,CLAMP,0
L,7,5311,PREDICTION,src/tracking/advanced_tracker.py:kalman_homography,
R,PREDICTION,PREDICTION,1
L,8,5311,DETECTION,src/tracking/advanced_tracker.py:_activate_slot,5311_210_221_371_374
R,DETECTION,DETECTION,1
L,9,5311,PREDICTION,src/tracking/advanced_tracker.py:flow_gapfill_batched,
R,CLAMP,CLAMP,0
A,5311
S,0,5317,DETECTION,src/tracking/advanced_tracker.py:_activate_slot,5317_180_338_363_488
S,1,5317,DETECTION,src/tracking/advanced_tracker.py:_activate_slot,5317_531_268_672_363
S,2,5317,DETECTION,src/tracking/advanced_tracker.py:_activate_slot,5317_188_458_385_572
S,4,5317,DETECTION,src/tracking/advanced_tracker.py:_activate_slot,5317_279_536_519_664
S,8,5317,DETECTION,src/tracking/advanced_tracker.py:_activate_slot,5317_208_223_370_367
S,10,5317,DETECTION,src/tracking/advanced_tracker.py:_activate_slot,5317_211_635_413_770
S,7,5317,PREDICTION,src/tracking/advanced_tracker.py:kalman_homography,
S,6,5317,PREDICTION,src/tracking/advanced_tracker.py:flow_gapfill_batched,
L,0,5317,DETECTION,src/tracking/advanced_tracker.py:_activate_slot,5317_180_338_363_488
R,DETECTION,DETECTION,1
L,1,5317,DETECTION,src/tracking/advanced_tracker.py:_activate_slot,5317_531_268_672_363
R,CLAMP,CLAMP,0
L,2,5317,DETECTION,src/tracking/advanced_tracker.py:_activate_slot,5317_188_458_385_572
R,CLAMP,CLAMP,0
L,4,5317,DETECTION,src/tracking/advanced_tracker.py:_activate_slot,5317_279_536_519_664
R,DETECTION,DETECTION,1
L,6,5317,PREDICTION,src/tracking/advanced_tracker.py:flow_gapfill_batched,
R,CLAMP,CLAMP,0
L,7,5317,PREDICTION,src/tracking/advanced_tracker.py:kalman_homography,
R,PREDICTION,PREDICTION,1
L,8,5317,DETECTION,src/tracking/advanced_tracker.py:_activate_slot,5317_208_223_370_367
R,DETECTION,DETECTION,1
A,5317
S,0,5323,DETECTION,src/tracking/advanced_tracker.py:_activate_slot,5323_186_330_364_454
S,1,5323,DETECTION,src/tracking/advanced_tracker.py:_activate_slot,5323_532_271_672_363
S,2,5323,DETECTION,src/tracking/advanced_tracker.py:_activate_slot,5323_151_459_392_578
S,8,5323,DETECTION,src/tracking/advanced_tracker.py:_activate_slot,5323_210_217_366_345
S,10,5323,DETECTION,src/tracking/advanced_tracker.py:_activate_slot,5323_220_657_402_804
S,5,5323,DETECTION,src/tracking/advanced_tracker.py:_activate_slot,5323_277_540_518_666
S,7,5323,PREDICTION,src/tracking/advanced_tracker.py:kalman_homography,
S,3,5323,PREDICTION,src/tracking/advanced_tracker.py:flow_gapfill_batched,
S,4,5323,PREDICTION,src/tracking/advanced_tracker.py:flow_gapfill_batched,
S,6,5323,PREDICTION,src/tracking/advanced_tracker.py:flow_gapfill_batched,
D,3,5323
S,4,5323,PREDICTION,src/tracking/advanced_tracker.py:id_merge,
D,6,5323
S,5,5323,PREDICTION,src/tracking/advanced_tracker.py:id_merge,
L,0,5323,DETECTION,src/tracking/advanced_tracker.py:_activate_slot,5323_186_330_364_454
R,DETECTION,DETECTION,1
L,1,5323,DETECTION,src/tracking/advanced_tracker.py:_activate_slot,5323_532_271_672_363
R,CLAMP,CLAMP,0
L,2,5323,DETECTION,src/tracking/advanced_tracker.py:_activate_slot,5323_151_459_392_578
R,CLAMP,CLAMP,0
L,4,5323,PREDICTION,src/tracking/advanced_tracker.py:id_merge,
R,PREDICTION,SUBPIXEL,0
L,5,5323,PREDICTION,src/tracking/advanced_tracker.py:id_merge,
R,PREDICTION,PREDICTION,1
L,7,5323,PREDICTION,src/tracking/advanced_tracker.py:kalman_homography,
R,PREDICTION,PREDICTION,1
L,8,5323,DETECTION,src/tracking/advanced_tracker.py:_activate_slot,5323_210_217_366_345
R,DETECTION,DETECTION,1
A,5323
S,1,5329,DETECTION,src/tracking/advanced_tracker.py:_activate_slot,5329_532_271_672_364
S,4,5329,DETECTION,src/tracking/advanced_tracker.py:_activate_slot,5329_271_537_517_671
S,0,5329,DETECTION,src/tracking/advanced_tracker.py:_activate_slot,5329_129_295_333_400
S,2,5329,DETECTION,src/tracking/advanced_tracker.py:_activate_slot,5329_164_475_404_577
S,8,5329,DETECTION,src/tracking/advanced_tracker.py:_activate_slot,5329_206_221_363_325
S,10,5329,DETECTION,src/tracking/advanced_tracker.py:_activate_slot,5329_228_693_406_817
S,5,5329,PREDICTION,src/tracking/advanced_tracker.py:kalman_homography,
S,7,5329,PREDICTION,src/tracking/advanced_tracker.py:kalman_homography,
S,3,5329,PREDICTION,src/tracking/advanced_tracker.py:flow_gapfill_batched,
S,6,5329,PREDICTION,src/tracking/advanced_tracker.py:flow_gapfill_batched,
D,3,5329
S,4,5329,PREDICTION,src/tracking/advanced_tracker.py:id_merge,
D,6,5329
S,5,5329,PREDICTION,src/tracking/advanced_tracker.py:id_merge,
L,0,5329,DETECTION,src/tracking/advanced_tracker.py:_activate_slot,5329_129_295_333_400
R,DETECTION,DETECTION,1
L,1,5329,DETECTION,src/tracking/advanced_tracker.py:_activate_slot,5329_532_271_672_364
R,CLAMP,CLAMP,0
L,2,5329,DETECTION,src/tracking/advanced_tracker.py:_activate_slot,5329_164_475_404_577
R,DETECTION,DETECTION,1
L,4,5329,PREDICTION,src/tracking/advanced_tracker.py:id_merge,
R,PREDICTION,PREDICTION,1
L,5,5329,PREDICTION,src/tracking/advanced_tracker.py:id_merge,
R,PREDICTION,PREDICTION,1
L,7,5329,PREDICTION,src/tracking/advanced_tracker.py:kalman_homography,
R,PREDICTION,PREDICTION,1
L,8,5329,DETECTION,src/tracking/advanced_tracker.py:_activate_slot,5329_206_221_363_325
R,DETECTION,DETECTION,1
A,5329
S,2,5335,DETECTION,src/tracking/advanced_tracker.py:_activate_slot,5335_163_466_393_582
S,1,5335,DETECTION,src/tracking/advanced_tracker.py:_activate_slot,5335_531_273_674_387
S,5,5335,DETECTION,src/tracking/advanced_tracker.py:_activate_slot,5335_275_551_518_677
S,8,5335,DETECTION,src/tracking/advanced_tracker.py:_activate_slot,5335_194_222_362_331
S,0,5335,PREDICTION,src/tracking/advanced_tracker.py:kalman_homography,
S,4,5335,PREDICTION,src/tracking/advanced_tracker.py:kalman_homography,
S,10,5335,PREDICTION,src/tracking/advanced_tracker.py:kalman_homography,
S,3,5335,PREDICTION,src/tracking/advanced_tracker.py:flow_gapfill_batched,
S,6,5335,PREDICTION,src/tracking/advanced_tracker.py:flow_gapfill_batched,
S,7,5335,PREDICTION,src/tracking/advanced_tracker.py:flow_gapfill_batched,
D,3,5335
S,4,5335,PREDICTION,src/tracking/advanced_tracker.py:id_merge,
D,6,5335
S,5,5335,PREDICTION,src/tracking/advanced_tracker.py:id_merge,
L,0,5335,PREDICTION,src/tracking/advanced_tracker.py:kalman_homography,
R,PREDICTION,PREDICTION,1
L,1,5335,DETECTION,src/tracking/advanced_tracker.py:_activate_slot,5335_531_273_674_387
R,CLAMP,CLAMP,0
L,2,5335,DETECTION,src/tracking/advanced_tracker.py:_activate_slot,5335_163_466_393_582
R,DETECTION,DETECTION,1
L,4,5335,PREDICTION,src/tracking/advanced_tracker.py:id_merge,
R,PREDICTION,PREDICTION,1
L,5,5335,PREDICTION,src/tracking/advanced_tracker.py:id_merge,
R,PREDICTION,PREDICTION,1
L,7,5335,PREDICTION,src/tracking/advanced_tracker.py:flow_gapfill_batched,
R,PREDICTION,PREDICTION,1
L,8,5335,DETECTION,src/tracking/advanced_tracker.py:_activate_slot,5335_194_222_362_331
R,DETECTION,DETECTION,1
A,5335
S,4,5341,DETECTION,src/tracking/advanced_tracker.py:_activate_slot,5341_166_472_393_588
S,1,5341,DETECTION,src/tracking/advanced_tracker.py:_activate_slot,5341_531_285_674_383
S,5,5341,DETECTION,src/tracking/advanced_tracker.py:_activate_slot,5341_280_574_520_680
S,8,5341,DETECTION,src/tracking/advanced_tracker.py:_activate_slot,5341_193_214_367_373
S,0,5341,PREDICTION,src/tracking/advanced_tracker.py:kalman_homography,
S,2,5341,PREDICTION,src/tracking/advanced_tracker.py:kalman_homography,
S,10,5341,PREDICTION,src/tracking/advanced_tracker.py:kalman_homography,
S,3,5341,PREDICTION,src/tracking/advanced_tracker.py:flow_gapfill_batched,
D,2,5341
S,4,5341,PREDICTION,src/tracking/advanced_tracker.py:id_merge,
L,0,5341,PREDICTION,src/tracking/advanced_tracker.py:kalman_homography,
R,PREDICTION,PREDICTION,1
L,1,5341,DETECTION,src/tracking/advanced_tracker.py:_activate_slot,5341_531_285_674_383
R,CLAMP,CLAMP,0
L,3,5341,PREDICTION,src/tracking/advanced_tracker.py:flow_gapfill_batched,
R,CLAMP,CLAMP,0
L,4,5341,PREDICTION,src/tracking/advanced_tracker.py:id_merge,
R,CLAMP,CLAMP,0
L,5,5341,DETECTION,src/tracking/advanced_tracker.py:_activate_slot,5341_280_574_520_680
R,DETECTION,DETECTION,1
L,8,5341,DETECTION,src/tracking/advanced_tracker.py:_activate_slot,5341_193_214_367_373
R,DETECTION,DETECTION,1
A,5341
S,1,5347,DETECTION,src/tracking/advanced_tracker.py:_activate_slot,5347_200_709_407_835
S,4,5347,DETECTION,src/tracking/advanced_tracker.py:_activate_slot,5347_164_475_392_593
S,5,5347,DETECTION,src/tracking/advanced_tracker.py:_activate_slot,5347_281_574_519_686
S,8,5347,DETECTION,src/tracking/advanced_tracker.py:_activate_slot,5347_194_254_365_361
S,0,5347,PREDICTION,src/tracking/advanced_tracker.py:kalman_homography,
S,2,5347,PREDICTION,src/tracking/advanced_tracker.py:kalman_homography,
S,10,5347,PREDICTION,src/tracking/advanced_tracker.py:kalman_homography,
S,3,5347,PREDICTION,src/tracking/advanced_tracker.py:flow_gapfill_batched,
D,3,5347
S,1,5347,PREDICTION,src/tracking/advanced_tracker.py:id_merge,
D,2,5347
S,4,5347,PREDICTION,src/tracking/advanced_tracker.py:id_merge,
L,0,5347,PREDICTION,src/tracking/advanced_tracker.py:kalman_homography,
R,PREDICTION,PREDICTION,1
L,1,5347,PREDICTION,src/tracking/advanced_tracker.py:id_merge,
R,CLAMP,CLAMP,0
L,4,5347,PREDICTION,src/tracking/advanced_tracker.py:id_merge,
R,CLAMP,CLAMP,0
L,5,5347,DETECTION,src/tracking/advanced_tracker.py:_activate_slot,5347_281_574_519_686
R,DETECTION,DETECTION,1
L,8,5347,DETECTION,src/tracking/advanced_tracker.py:_activate_slot,5347_194_254_365_361
R,DETECTION,DETECTION,1
A,5347
S,1,5353,DETECTION,src/tracking/advanced_tracker.py:_activate_slot,5353_207_732_409_842
S,2,5353,DETECTION,src/tracking/advanced_tracker.py:_activate_slot,5353_154_485_385_597
S,0,5353,DETECTION,src/tracking/advanced_tracker.py:_activate_slot,5353_80_223_216_294
S,5,5353,DETECTION,src/tracking/advanced_tracker.py:_activate_slot,5353_276_572_520_692
S,9,5353,DETECTION,src/tracking/advanced_tracker.py:_activate_slot,5353_123_322_322_403
S,4,5353,PREDICTION,src/tracking/advanced_tracker.py:kalman_homography,
S,8,5353,PREDICTION,src/tracking/advanced_tracker.py:kalman_homography,
S,10,5353,PREDICTION,src/tracking/advanced_tracker.py:kalman_homography,
D,4,5353
S,2,5353,PREDICTION,src/tracking/advanced_tracker.py:id_merge,
L,0,5353,DETECTION,src/tracking/advanced_tracker.py:_activate_slot,5353_80_223_216_294
R,DETECTION,DETECTION,1
L,1,5353,DETECTION,src/tracking/advanced_tracker.py:_activate_slot,5353_207_732_409_842
R,CLAMP,CLAMP,0
L,2,5353,PREDICTION,src/tracking/advanced_tracker.py:id_merge,
R,PREDICTION,PREDICTION,1
L,5,5353,DETECTION,src/tracking/advanced_tracker.py:_activate_slot,5353_276_572_520_692
R,DETECTION,DETECTION,1
L,8,5353,PREDICTION,src/tracking/advanced_tracker.py:kalman_homography,
R,PREDICTION,PREDICTION,1
L,9,5353,DETECTION,src/tracking/advanced_tracker.py:_activate_slot,5353_123_322_322_403
R,DETECTION,DETECTION,1
A,5353
S,4,5359,DETECTION,src/tracking/advanced_tracker.py:_activate_slot,5359_223_744_415_850
S,2,5359,DETECTION,src/tracking/advanced_tracker.py:_activate_slot,5359_156_484_381_598
S,5,5359,DETECTION,src/tracking/advanced_tracker.py:_activate_slot,5359_280_566_519_695
S,8,5359,DETECTION,src/tracking/advanced_tracker.py:_activate_slot,5359_178_236_348_377
S,9,5359,DETECTION,src/tracking/advanced_tracker.py:_activate_slot,5359_120_325_311_410
S,0,5359,PREDICTION,src/tracking/advanced_tracker.py:kalman_homography,
S,1,5359,PREDICTION,src/tracking/advanced_tracker.py:kalman_homography,
S,10,5359,PREDICTION,src/tracking/advanced_tracker.py:kalman_homography,
D,1,5359
S,4,5359,PREDICTION,src/tracking/advanced_tracker.py:id_merge,
L,0,5359,PREDICTION,src/tracking/advanced_tracker.py:kalman_homography,
R,PREDICTION,PREDICTION,1
L,2,5359,DETECTION,src/tracking/advanced_tracker.py:_activate_slot,5359_156_484_381_598
R,DETECTION,DETECTION,1
L,4,5359,PREDICTION,src/tracking/advanced_tracker.py:id_merge,
R,PREDICTION,PREDICTION,1
L,5,5359,DETECTION,src/tracking/advanced_tracker.py:_activate_slot,5359_280_566_519_695
R,DETECTION,DETECTION,1
L,8,5359,DETECTION,src/tracking/advanced_tracker.py:_activate_slot,5359_178_236_348_377
R,DETECTION,DETECTION,1
L,9,5359,DETECTION,src/tracking/advanced_tracker.py:_activate_slot,5359_120_325_311_410
R,DETECTION,DETECTION,1
A,5359
S,4,5365,DETECTION,src/tracking/advanced_tracker.py:_activate_slot,5365_226_748_414_850
S,2,5365,DETECTION,src/tracking/advanced_tracker.py:_activate_slot,5365_152_481_383_598
S,5,5365,DETECTION,src/tracking/advanced_tracker.py:_activate_slot,5365_280_570_519_699
S,9,5365,DETECTION,src/tracking/advanced_tracker.py:_activate_slot,5365_132_337_303_416
S,8,5365,DETECTION,src/tracking/advanced_tracker.py:_activate_slot,5365_169_258_337_409
S,0,5365,PREDICTION,src/tracking/advanced_tracker.py:kalman_homography,
S,1,5365,PREDICTION,src/tracking/advanced_tracker.py:kalman_homography,
S,10,5365,PREDICTION,src/tracking/advanced_tracker.py:kalman_homography,
D,1,5365
S,4,5365,PREDICTION,src/tracking/advanced_tracker.py:id_merge,
L,0,5365,PREDICTION,src/tracking/advanced_tracker.py:kalman_homography,
R,PREDICTION,PREDICTION,1
L,2,5365,DETECTION,src/tracking/advanced_tracker.py:_activate_slot,5365_152_481_383_598
R,DETECTION,DETECTION,1
L,4,5365,PREDICTION,src/tracking/advanced_tracker.py:id_merge,
R,PREDICTION,SUBPIXEL,0
L,5,5365,DETECTION,src/tracking/advanced_tracker.py:_activate_slot,5365_280_570_519_699
R,DETECTION,DETECTION,1
L,8,5365,DETECTION,src/tracking/advanced_tracker.py:_activate_slot,5365_169_258_337_409
R,DETECTION,DETECTION,1
L,9,5365,DETECTION,src/tracking/advanced_tracker.py:_activate_slot,5365_132_337_303_416
R,DETECTION,DETECTION,1
A,5365
S,2,5371,DETECTION,src/tracking/advanced_tracker.py:_activate_slot,5371_162_480_373_597
S,4,5371,DETECTION,src/tracking/advanced_tracker.py:_activate_slot,5371_228_745_427_833
S,5,5371,DETECTION,src/tracking/advanced_tracker.py:_activate_slot,5371_280_574_518_701
S,9,5371,DETECTION,src/tracking/advanced_tracker.py:_activate_slot,5371_122_329_320_419
S,0,5371,PREDICTION,src/tracking/advanced_tracker.py:kalman_homography,
S,1,5371,PREDICTION,src/tracking/advanced_tracker.py:kalman_homography,
S,8,5371,PREDICTION,src/tracking/advanced_tracker.py:kalman_homography,
S,10,5371,PREDICTION,src/tracking/advanced_tracker.py:kalman_homography,
D,1,5371
S,4,5371,PREDICTION,src/tracking/advanced_tracker.py:id_merge,
L,0,5371,PREDICTION,src/tracking/advanced_tracker.py:kalman_homography,
R,PREDICTION,PREDICTION,1
L,2,5371,DETECTION,src/tracking/advanced_tracker.py:_activate_slot,5371_162_480_373_597
R,DETECTION,DETECTION,1
L,4,5371,PREDICTION,src/tracking/advanced_tracker.py:id_merge,
R,PREDICTION,PREDICTION,1
L,5,5371,DETECTION,src/tracking/advanced_tracker.py:_activate_slot,5371_280_574_518_701
R,DETECTION,DETECTION,1
L,8,5371,PREDICTION,src/tracking/advanced_tracker.py:kalman_homography,
R,PREDICTION,PREDICTION,1
L,9,5371,DETECTION,src/tracking/advanced_tracker.py:_activate_slot,5371_122_329_320_419
R,DETECTION,DETECTION,1
A,5371
S,2,5377,DETECTION,src/tracking/advanced_tracker.py:_activate_slot,5377_171_479_380_599
S,4,5377,DETECTION,src/tracking/advanced_tracker.py:_activate_slot,5377_226_736_435_832
S,5,5377,DETECTION,src/tracking/advanced_tracker.py:_activate_slot,5377_280_571_518_705
S,8,5377,DETECTION,src/tracking/advanced_tracker.py:_activate_slot,5377_169_261_320_416
S,0,5377,PREDICTION,src/tracking/advanced_tracker.py:kalman_homography,
S,9,5377,PREDICTION,src/tracking/advanced_tracker.py:kalman_homography,
S,1,5377,PREDICTION,src/tracking/advanced_tracker.py:flow_gapfill_batched,
S,10,5377,PREDICTION,src/tracking/advanced_tracker.py:flow_gapfill_batched,
D,1,5377
S,4,5377,PREDICTION,src/tracking/advanced_tracker.py:id_merge,
L,0,5377,PREDICTION,src/tracking/advanced_tracker.py:kalman_homography,
R,PREDICTION,PREDICTION,1
L,2,5377,DETECTION,src/tracking/advanced_tracker.py:_activate_slot,5377_171_479_380_599
R,DETECTION,DETECTION,1
L,4,5377,PREDICTION,src/tracking/advanced_tracker.py:id_merge,
R,PREDICTION,PREDICTION,1
L,5,5377,DETECTION,src/tracking/advanced_tracker.py:_activate_slot,5377_280_571_518_705
R,DETECTION,DETECTION,1
L,8,5377,DETECTION,src/tracking/advanced_tracker.py:_activate_slot,5377_169_261_320_416
R,DETECTION,DETECTION,1
L,9,5377,PREDICTION,src/tracking/advanced_tracker.py:kalman_homography,
R,PREDICTION,PREDICTION,1
A,5377
S,2,5383,DETECTION,src/tracking/advanced_tracker.py:_activate_slot,5383_176_479_380_597
S,4,5383,DETECTION,src/tracking/advanced_tracker.py:_activate_slot,5383_226_732_429_832
S,5,5383,DETECTION,src/tracking/advanced_tracker.py:_activate_slot,5383_283_558_517_704
S,6,5383,DETECTION,src/tracking/advanced_tracker.py:_activate_slot,5383_90_762_222_840
S,8,5383,DETECTION,src/tracking/advanced_tracker.py:_activate_slot,5383_158_265_320_419
S,0,5383,PREDICTION,src/tracking/advanced_tracker.py:kalman_homography,
S,9,5383,PREDICTION,src/tracking/advanced_tracker.py:kalman_homography,
S,1,5383,PREDICTION,src/tracking/advanced_tracker.py:flow_gapfill_batched,
D,1,5383
S,4,5383,PREDICTION,src/tracking/advanced_tracker.py:id_merge,
D,9,5383
S,8,5383,PREDICTION,src/tracking/advanced_tracker.py:id_merge,
L,0,5383,PREDICTION,src/tracking/advanced_tracker.py:kalman_homography,
R,PREDICTION,PREDICTION,1
L,2,5383,DETECTION,src/tracking/advanced_tracker.py:_activate_slot,5383_176_479_380_597
R,DETECTION,DETECTION,1
L,4,5383,PREDICTION,src/tracking/advanced_tracker.py:id_merge,
R,PREDICTION,PREDICTION,1
L,5,5383,DETECTION,src/tracking/advanced_tracker.py:_activate_slot,5383_283_558_517_704
R,DETECTION,DETECTION,1
L,6,5383,DETECTION,src/tracking/advanced_tracker.py:_activate_slot,5383_90_762_222_840
R,CLAMP,CLAMP,0
L,8,5383,PREDICTION,src/tracking/advanced_tracker.py:id_merge,
R,PREDICTION,PREDICTION,1
A,5383
S,2,5389,DETECTION,src/tracking/advanced_tracker.py:_activate_slot,5389_169_483_377_598
S,5,5389,DETECTION,src/tracking/advanced_tracker.py:_activate_slot,5389_282_551_515_699
S,7,5389,DETECTION,src/tracking/advanced_tracker.py:_activate_slot,5389_231_714_435_834
S,8,5389,DETECTION,src/tracking/advanced_tracker.py:_activate_slot,5389_126_281_320_441
S,3,5389,DETECTION,src/tracking/advanced_tracker.py:_activate_slot,5389_101_674_226_740
S,0,5389,PREDICTION,src/tracking/advanced_tracker.py:kalman_homography,
S,4,5389,PREDICTION,src/tracking/advanced_tracker.py:kalman_homography,
S,6,5389,PREDICTION,src/tracking/advanced_tracker.py:kalman_homography,
S,9,5389,PREDICTION,src/tracking/advanced_tracker.py:kalman_homography,
S,1,5389,PREDICTION,src/tracking/advanced_tracker.py:flow_gapfill_batched,
D,1,5389
S,4,5389,PREDICTION,src/tracking/advanced_tracker.py:id_merge,
D,2,5389
S,3,5389,PREDICTION,src/tracking/advanced_tracker.py:id_merge,
D,5,5389
S,7,5389,PREDICTION,src/tracking/advanced_tracker.py:id_merge,
D,9,5389
S,8,5389,PREDICTION,src/tracking/advanced_tracker.py:id_merge,
L,0,5389,PREDICTION,src/tracking/advanced_tracker.py:kalman_homography,
R,PREDICTION,PREDICTION,1
L,3,5389,PREDICTION,src/tracking/advanced_tracker.py:id_merge,
R,CLAMP,CLAMP,0
L,4,5389,PREDICTION,src/tracking/advanced_tracker.py:id_merge,
R,PREDICTION,PREDICTION,1
L,6,5389,PREDICTION,src/tracking/advanced_tracker.py:kalman_homography,
R,CLAMP,CLAMP,0
L,7,5389,PREDICTION,src/tracking/advanced_tracker.py:id_merge,
R,PREDICTION,PREDICTION,1
L,8,5389,PREDICTION,src/tracking/advanced_tracker.py:id_merge,
R,PREDICTION,PREDICTION,1
A,5389
S,4,5395,DETECTION,src/tracking/advanced_tracker.py:_activate_slot,5395_233_701_434_835
S,2,5395,DETECTION,src/tracking/advanced_tracker.py:_activate_slot,5395_162_487_380_598
S,3,5395,DETECTION,src/tracking/advanced_tracker.py:_activate_slot,5395_102_674_227_740
S,5,5395,DETECTION,src/tracking/advanced_tracker.py:_activate_slot,5395_275_554_513_666
S,9,5395,DETECTION,src/tracking/advanced_tracker.py:_activate_slot,5395_133_358_309_439
S,8,5395,DETECTION,src/tracking/advanced_tracker.py:_activate_slot,5395_129_326_311_439
S,0,5395,PREDICTION,src/tracking/advanced_tracker.py:kalman_homography,
S,6,5395,PREDICTION,src/tracking/advanced_tracker.py:kalman_homography,
S,7,5395,PREDICTION,src/tracking/advanced_tracker.py:kalman_homography,
S,1,5395,PREDICTION,src/tracking/advanced_tracker.py:flow_gapfill_batched,
D,1,5395
S,4,5395,PREDICTION,src/tracking/advanced_tracker.py:id_merge,
D,2,5395
S,3,5395,PREDICTION,src/tracking/advanced_tracker.py:id_merge,
D,7,5395
S,5,5395,PREDICTION,src/tracking/advanced_tracker.py:id_merge,
D,8,5395
S,9,5395,PREDICTION,src/tracking/advanced_tracker.py:id_merge,
L,0,5395,PREDICTION,src/tracking/advanced_tracker.py:kalman_homography,
R,PREDICTION,PREDICTION,1
L,3,5395,PREDICTION,src/tracking/advanced_tracker.py:id_merge,
R,CLAMP,CLAMP,0
L,4,5395,PREDICTION,src/tracking/advanced_tracker.py:id_merge,
R,PREDICTION,PREDICTION,1
L,5,5395,PREDICTION,src/tracking/advanced_tracker.py:id_merge,
R,PREDICTION,PREDICTION,1
L,6,5395,PREDICTION,src/tracking/advanced_tracker.py:kalman_homography,
R,CLAMP,CLAMP,0
L,9,5395,PREDICTION,src/tracking/advanced_tracker.py:id_merge,
R,PREDICTION,PREDICTION,1
A,5395
S,3,5401,DETECTION,src/tracking/advanced_tracker.py:_activate_slot,5401_231_700_435_830
S,2,5401,DETECTION,src/tracking/advanced_tracker.py:_activate_slot,5401_201_500_383_599
S,5,5401,DETECTION,src/tracking/advanced_tracker.py:_activate_slot,5401_266_549_513_649
S,9,5401,DETECTION,src/tracking/advanced_tracker.py:_activate_slot,5401_131_348_307_446
S,4,5401,PREDICTION,src/tracking/advanced_tracker.py:kalman_homography,
S,6,5401,PREDICTION,src/tracking/advanced_tracker.py:kalman_homography,
S,7,5401,PREDICTION,src/tracking/advanced_tracker.py:kalman_homography,
S,8,5401,PREDICTION,src/tracking/advanced_tracker.py:kalman_homography,
S,0,5401,PREDICTION,src/tracking/advanced_tracker.py:flow_gapfill_batched,
S,1,5401,PREDICTION,src/tracking/advanced_tracker.py:flow_gapfill_batched,
D,1,5401
S,3,5401,PREDICTION,src/tracking/advanced_tracker.py:id_merge,
D,4,5401
S,3,5401,PREDICTION,src/tracking/advanced_tracker.py:id_merge,
D,7,5401
S,5,5401,PREDICTION,src/tracking/advanced_tracker.py:id_merge,
D,8,5401
S,9,5401,PREDICTION,src/tracking/advanced_tracker.py:id_merge,
L,0,5401,PREDICTION,src/tracking/advanced_tracker.py:flow_gapfill_batched,
R,CLAMP,CLAMP,0
L,2,5401,DETECTION,src/tracking/advanced_tracker.py:_activate_slot,5401_201_500_383_599
R,DETECTION,DETECTION,1
L,3,5401,PREDICTION,src/tracking/advanced_tracker.py:id_merge,
R,CLAMP,CLAMP,0
L,5,5401,PREDICTION,src/tracking/advanced_tracker.py:id_merge,
R,PREDICTION,PREDICTION,1
L,6,5401,PREDICTION,src/tracking/advanced_tracker.py:kalman_homography,
R,CLAMP,CLAMP,0
L,9,5401,PREDICTION,src/tracking/advanced_tracker.py:id_merge,
R,PREDICTION,PREDICTION,1
A,5401
S,3,5407,DETECTION,src/tracking/advanced_tracker.py:_activate_slot,5407_92_762_223_840
S,4,5407,DETECTION,src/tracking/advanced_tracker.py:_activate_slot,5407_230_696_438_809
S,5,5407,DETECTION,src/tracking/advanced_tracker.py:_activate_slot,5407_271_527_515_637
S,9,5407,DETECTION,src/tracking/advanced_tracker.py:_activate_slot,5407_130_344_312_449
S,8,5407,DETECTION,src/tracking/advanced_tracker.py:_activate_slot,5407_130_362_298_447
S,2,5407,PREDICTION,src/tracking/advanced_tracker.py:kalman_homography,
S,6,5407,PREDICTION,src/tracking/advanced_tracker.py:kalman_homography,
S,7,5407,PREDICTION,src/tracking/advanced_tracker.py:kalman_homography,
D,7,5407
S,5,5407,PREDICTION,src/tracking/advanced_tracker.py:id_merge,
D,8,5407
S,9,5407,PREDICTION,src/tracking/advanced_tracker.py:id_merge,
L,2,5407,PREDICTION,src/tracking/advanced_tracker.py:kalman_homography,
R,PREDICTION,PREDICTION,1
L,3,5407,DETECTION,src/tracking/advanced_tracker.py:_activate_slot,5407_92_762_223_840
R,CLAMP,CLAMP,0
L,4,5407,DETECTION,src/tracking/advanced_tracker.py:_activate_slot,5407_230_696_438_809
R,DETECTION,DETECTION,1
L,5,5407,PREDICTION,src/tracking/advanced_tracker.py:id_merge,
R,PREDICTION,PREDICTION,1
L,6,5407,PREDICTION,src/tracking/advanced_tracker.py:kalman_homography,
R,CLAMP,CLAMP,0
L,9,5407,PREDICTION,src/tracking/advanced_tracker.py:id_merge,
R,PREDICTION,PREDICTION,1
A,5407
S,2,5413,DETECTION,src/tracking/advanced_tracker.py:_activate_slot,5413_213_504_515_632
S,3,5413,DETECTION,src/tracking/advanced_tracker.py:_activate_slot,5413_128_360_305_454
S,4,5413,DETECTION,src/tracking/advanced_tracker.py:_activate_slot,5413_229_687_437_793
S,6,5413,DETECTION,src/tracking/advanced_tracker.py:_activate_slot,5413_94_762_221_838
S,5,5413,PREDICTION,src/tracking/advanced_tracker.py:kalman_homography,
S,7,5413,PREDICTION,src/tracking/advanced_tracker.py:kalman_homography,
S,8,5413,PREDICTION,src/tracking/advanced_tracker.py:kalman_homography,
S,9,5413,PREDICTION,src/tracking/advanced_tracker.py:kalman_homography,
D,2,5413
S,4,5413,PREDICTION,src/tracking/advanced_tracker.py:id_merge,
D,7,5413
S,5,5413,PREDICTION,src/tracking/advanced_tracker.py:id_merge,
D,8,5413
S,9,5413,PREDICTION,src/tracking/advanced_tracker.py:id_merge,
L,3,5413,DETECTION,src/tracking/advanced_tracker.py:_activate_slot,5413_128_360_305_454
R,CLAMP,CLAMP,0
L,4,5413,PREDICTION,src/tracking/advanced_tracker.py:id_merge,
R,PREDICTION,PREDICTION,1
L,5,5413,PREDICTION,src/tracking/advanced_tracker.py:id_merge,
R,PREDICTION,PREDICTION,1
L,6,5413,DETECTION,src/tracking/advanced_tracker.py:_activate_slot,5413_94_762_221_838
R,CLAMP,CLAMP,0
L,9,5413,PREDICTION,src/tracking/advanced_tracker.py:id_merge,
R,PREDICTION,PREDICTION,1
A,5413
S,2,5419,DETECTION,src/tracking/advanced_tracker.py:_activate_slot,5419_284_490_515_629
S,4,5419,DETECTION,src/tracking/advanced_tracker.py:_activate_slot,5419_230_674_435_764
S,9,5419,DETECTION,src/tracking/advanced_tracker.py:_activate_slot,5419_127_361_303_446
S,6,5419,DETECTION,src/tracking/advanced_tracker.py:_activate_slot,5419_95_761_221_837
S,3,5419,PREDICTION,src/tracking/advanced_tracker.py:kalman_homography,
S,5,5419,PREDICTION,src/tracking/advanced_tracker.py:kalman_homography,
S,7,5419,PREDICTION,src/tracking/advanced_tracker.py:kalman_homography,
S,8,5419,PREDICTION,src/tracking/advanced_tracker.py:kalman_homography,
D,2,5419
S,4,5419,PREDICTION,src/tracking/advanced_tracker.py:id_merge,
D,8,5419
S,9,5419,PREDICTION,src/tracking/advanced_tracker.py:id_merge,
L,3,5419,PREDICTION,src/tracking/advanced_tracker.py:kalman_homography,
R,PREDICTION,PREDICTION,1
L,4,5419,PREDICTION,src/tracking/advanced_tracker.py:id_merge,
R,PREDICTION,PREDICTION,1
L,5,5419,PREDICTION,src/tracking/advanced_tracker.py:kalman_homography,
R,PREDICTION,PREDICTION,1
L,6,5419,DETECTION,src/tracking/advanced_tracker.py:_activate_slot,5419_95_761_221_837
R,CLAMP,CLAMP,0
L,7,5419,PREDICTION,src/tracking/advanced_tracker.py:kalman_homography,
R,PREDICTION,PREDICTION,1
L,9,5419,PREDICTION,src/tracking/advanced_tracker.py:id_merge,
R,PREDICTION,PREDICTION,1
A,5419
S,2,5425,DETECTION,src/tracking/advanced_tracker.py:_activate_slot,5425_282_486_518_628
S,4,5425,DETECTION,src/tracking/advanced_tracker.py:_activate_slot,5425_231_663_438_757
S,6,5425,DETECTION,src/tracking/advanced_tracker.py:_activate_slot,5425_129_364_303_453
S,3,5425,PREDICTION,src/tracking/advanced_tracker.py:kalman_homography,
S,5,5425,PREDICTION,src/tracking/advanced_tracker.py:kalman_homography,
S,7,5425,PREDICTION,src/tracking/advanced_tracker.py:kalman_homography,
S,8,5425,PREDICTION,src/tracking/advanced_tracker.py:kalman_homography,
S,9,5425,PREDICTION,src/tracking/advanced_tracker.py:kalman_homography,
D,2,5425
S,4,5425,PREDICTION,src/tracking/advanced_tracker.py:id_merge,
D,8,5425
S,6,5425,PREDICTION,src/tracking/advanced_tracker.py:id_merge,
D,9,5425
S,6,5425,PREDICTION,src/tracking/advanced_tracker.py:id_merge,
L,3,5425,PREDICTION,src/tracking/advanced_tracker.py:kalman_homography,
R,CLAMP,CLAMP,0
L,4,5425,PREDICTION,src/tracking/advanced_tracker.py:id_merge,
R,PREDICTION,PREDICTION,1
L,5,5425,PREDICTION,src/tracking/advanced_tracker.py:kalman_homography,
R,PREDICTION,PREDICTION,1
L,6,5425,PREDICTION,src/tracking/advanced_tracker.py:id_merge,
R,CLAMP,CLAMP,0
L,7,5425,PREDICTION,src/tracking/advanced_tracker.py:kalman_homography,
R,PREDICTION,SUBPIXEL,0
A,5425
S,4,5431,DETECTION,src/tracking/advanced_tracker.py:_activate_slot,5431_233_662_445_752
S,5,5431,DETECTION,src/tracking/advanced_tracker.py:_activate_slot,5431_283_486_517_620
S,6,5431,DETECTION,src/tracking/advanced_tracker.py:_activate_slot,5431_166_276_394_375
S,7,5431,PREDICTION,src/tracking/advanced_tracker.py:kalman_homography,
S,8,5431,PREDICTION,src/tracking/advanced_tracker.py:kalman_homography,
S,9,5431,PREDICTION,src/tracking/advanced_tracker.py:kalman_homography,
S,2,5431,PREDICTION,src/tracking/advanced_tracker.py:flow_gapfill_batched,
S,3,5431,PREDICTION,src/tracking/advanced_tracker.py:flow_gapfill_batched,
D,2,5431
S,4,5431,PREDICTION,src/tracking/advanced_tracker.py:id_merge,
D,8,5431
S,9,5431,PREDICTION,src/tracking/advanced_tracker.py:id_merge,
L,3,5431,PREDICTION,src/tracking/advanced_tracker.py:flow_gapfill_batched,
R,PREDICTION,PREDICTION,1
L,4,5431,PREDICTION,src/tracking/advanced_tracker.py:id_merge,
R,PREDICTION,PREDICTION,1
L,5,5431,DETECTION,src/tracking/advanced_tracker.py:_activate_slot,5431_283_486_517_620
R,DETECTION,DETECTION,1
L,6,5431,DETECTION,src/tracking/advanced_tracker.py:_activate_slot,5431_166_276_394_375
R,CLAMP,CLAMP,0
L,7,5431,PREDICTION,src/tracking/advanced_tracker.py:kalman_homography,
R,PREDICTION,SUBPIXEL,0
L,9,5431,PREDICTION,src/tracking/advanced_tracker.py:id_merge,
R,PREDICTION,PREDICTION,1
A,5431
S,2,5437,DETECTION,src/tracking/advanced_tracker.py:_activate_slot,5437_283_485_521_606
S,4,5437,DETECTION,src/tracking/advanced_tracker.py:_activate_slot,5437_231_656_451_742
S,5,5437,PREDICTION,src/tracking/advanced_tracker.py:kalman_homography,
S,8,5437,PREDICTION,src/tracking/advanced_tracker.py:kalman_homography,
S,9,5437,PREDICTION,src/tracking/advanced_tracker.py:kalman_homography,
S,3,5437,PREDICTION,src/tracking/advanced_tracker.py:flow_gapfill_batched,
S,6,5437,PREDICTION,src/tracking/advanced_tracker.py:flow_gapfill_batched,
S,7,5437,PREDICTION,src/tracking/advanced_tracker.py:flow_gapfill_batched,
D,2,5437
S,4,5437,PREDICTION,src/tracking/advanced_tracker.py:id_merge,
L,3,5437,PREDICTION,src/tracking/advanced_tracker.py:flow_gapfill_batched,
R,PREDICTION,SUBPIXEL,0
L,4,5437,PREDICTION,src/tracking/advanced_tracker.py:id_merge,
R,PREDICTION,PREDICTION,1
L,5,5437,PREDICTION,src/tracking/advanced_tracker.py:kalman_homography,
R,PREDICTION,PREDICTION,1
L,6,5437,PREDICTION,src/tracking/advanced_tracker.py:flow_gapfill_batched,
R,CLAMP,CLAMP,0
L,7,5437,PREDICTION,src/tracking/advanced_tracker.py:flow_gapfill_batched,
R,PREDICTION,PREDICTION,1
L,8,5437,PREDICTION,src/tracking/advanced_tracker.py:kalman_homography,
R,PREDICTION,PREDICTION,1
L,9,5437,PREDICTION,src/tracking/advanced_tracker.py:kalman_homography,
R,PREDICTION,PREDICTION,1
A,5437
S,2,5443,DETECTION,src/tracking/advanced_tracker.py:_activate_slot,5443_94_760_222_838
S,4,5443,DETECTION,src/tracking/advanced_tracker.py:_activate_slot,5443_237_650_444_728
S,5,5443,DETECTION,src/tracking/advanced_tracker.py:_activate_slot,5443_284_483_518_587
S,0,5443,DETECTION,src/tracking/advanced_tracker.py:_activate_slot,5443_178_490_362_604
S,8,5443,PREDICTION,src/tracking/advanced_tracker.py:kalman_homography,
S,9,5443,PREDICTION,src/tracking/advanced_tracker.py:kalman_homography,
S,3,5443,PREDICTION,src/tracking/advanced_tracker.py:flow_gapfill_batched,
S,6,5443,PREDICTION,src/tracking/advanced_tracker.py:flow_gapfill_batched,
L,0,5443,DETECTION,src/tracking/advanced_tracker.py:_activate_slot,5443_178_490_362_604
R,CLAMP,CLAMP,0
L,2,5443,DETECTION,src/tracking/advanced_tracker.py:_activate_slot,5443_94_760_222_838
R,DETECTION,DETECTION,1
L,3,5443,PREDICTION,src/tracking/advanced_tracker.py:flow_gapfill_batched,
R,PREDICTION,SUBPIXEL,0
L,4,5443,DETECTION,src/tracking/advanced_tracker.py:_activate_slot,5443_237_650_444_728
R,DETECTION,DETECTION,1
L,5,5443,DETECTION,src/tracking/advanced_tracker.py:_activate_slot,5443_284_483_518_587
R,DETECTION,DETECTION,1
L,6,5443,PREDICTION,src/tracking/advanced_tracker.py:flow_gapfill_batched,
R,CLAMP,CLAMP,0
L,8,5443,PREDICTION,src/tracking/advanced_tracker.py:kalman_homography,
R,PREDICTION,PREDICTION,1
L,9,5443,PREDICTION,src/tracking/advanced_tracker.py:kalman_homography,
R,PREDICTION,PREDICTION,1
A,5443
S,0,5449,DETECTION,src/tracking/advanced_tracker.py:_activate_slot,5449_175_493_401_603
S,4,5449,DETECTION,src/tracking/advanced_tracker.py:_activate_slot,5449_237_635_442_719
S,2,5449,DETECTION,src/tracking/advanced_tracker.py:_activate_slot,5449_95_758_222_834
S,5,5449,DETECTION,src/tracking/advanced_tracker.py:_activate_slot,5449_284_481_519_585
S,8,5449,PREDICTION,src/tracking/advanced_tracker.py:kalman_homography,
S,9,5449,PREDICTION,src/tracking/advanced_tracker.py:kalman_homography,
S,3,5449,PREDICTION,src/tracking/advanced_tracker.py:flow_gapfill_batched,
S,6,5449,PREDICTION,src/tracking/advanced_tracker.py:flow_gapfill_batched,
D,2,5449
S,4,5449,PREDICTION,src/tracking/advanced_tracker.py:id_merge,
L,0,5449,DETECTION,src/tracking/advanced_tracker.py:_activate_slot,5449_175_493_401_603
R,CLAMP,CLAMP,0
L,3,5449,PREDICTION,src/tracking/advanced_tracker.py:flow_gapfill_batched,
R,PREDICTION,PREDICTION,1
L,4,5449,PREDICTION,src/tracking/advanced_tracker.py:id_merge,
R,PREDICTION,PREDICTION,1
L,5,5449,DETECTION,src/tracking/advanced_tracker.py:_activate_slot,5449_284_481_519_585
R,DETECTION,DETECTION,1
L,6,5449,PREDICTION,src/tracking/advanced_tracker.py:flow_gapfill_batched,
R,CLAMP,CLAMP,0
L,8,5449,PREDICTION,src/tracking/advanced_tracker.py:kalman_homography,
R,PREDICTION,PREDICTION,1
L,9,5449,PREDICTION,src/tracking/advanced_tracker.py:kalman_homography,
R,PREDICTION,PREDICTION,1
A,5449
S,1,5455,DETECTION,src/tracking/advanced_tracker.py:_activate_slot,5455_285_476_519_586
S,4,5455,DETECTION,src/tracking/advanced_tracker.py:_activate_slot,5455_235_606_448_717
S,8,5455,DETECTION,src/tracking/advanced_tracker.py:_activate_slot,5455_104_493_214_569
S,0,5455,PREDICTION,src/tracking/advanced_tracker.py:kalman_homography,
S,2,5455,PREDICTION,src/tracking/advanced_tracker.py:kalman_homography,
S,5,5455,PREDICTION,src/tracking/advanced_tracker.py:kalman_homography,
S,9,5455,PREDICTION,src/tracking/advanced_tracker.py:kalman_homography,
S,3,5455,PREDICTION,src/tracking/advanced_tracker.py:flow_gapfill_batched,
S,6,5455,PREDICTION,src/tracking/advanced_tracker.py:flow_gapfill_batched,
D,2,5455
S,1,5455,PREDICTION,src/tracking/advanced_tracker.py:id_merge,
D,1,5455
S,4,5455,PREDICTION,src/tracking/advanced_tracker.py:id_merge,
L,0,5455,PREDICTION,src/tracking/advanced_tracker.py:kalman_homography,
R,CLAMP,CLAMP,0
L,3,5455,PREDICTION,src/tracking/advanced_tracker.py:flow_gapfill_batched,
R,PREDICTION,PREDICTION,1
L,4,5455,PREDICTION,src/tracking/advanced_tracker.py:id_merge,
R,PREDICTION,PREDICTION,1
L,5,5455,PREDICTION,src/tracking/advanced_tracker.py:kalman_homography,
R,PREDICTION,PREDICTION,1
L,6,5455,PREDICTION,src/tracking/advanced_tracker.py:flow_gapfill_batched,
R,CLAMP,CLAMP,0
L,8,5455,DETECTION,src/tracking/advanced_tracker.py:_activate_slot,5455_104_493_214_569
R,DETECTION,DETECTION,1
L,9,5455,PREDICTION,src/tracking/advanced_tracker.py:kalman_homography,
R,PREDICTION,PREDICTION,1
A,5455
S,4,5461,DETECTION,src/tracking/advanced_tracker.py:_activate_slot,5461_244_611_451_709
S,5,5461,DETECTION,src/tracking/advanced_tracker.py:_activate_slot,5461_285_471_519_582
S,0,5461,PREDICTION,src/tracking/advanced_tracker.py:kalman_homography,
S,1,5461,PREDICTION,src/tracking/advanced_tracker.py:kalman_homography,
S,2,5461,PREDICTION,src/tracking/advanced_tracker.py:kalman_homography,
S,8,5461,PREDICTION,src/tracking/advanced_tracker.py:kalman_homography,
S,9,5461,PREDICTION,src/tracking/advanced_tracker.py:kalman_homography,
S,3,5461,PREDICTION,src/tracking/advanced_tracker.py:flow_gapfill_batched,
S,6,5461,PREDICTION,src/tracking/advanced_tracker.py:flow_gapfill_batched,
D,1,5461
S,4,5461,PREDICTION,src/tracking/advanced_tracker.py:id_merge,
D,2,5461
S,4,5461,PREDICTION,src/tracking/advanced_tracker.py:id_merge,
L,0,5461,PREDICTION,src/tracking/advanced_tracker.py:kalman_homography,
R,CLAMP,CLAMP,0
L,3,5461,PREDICTION,src/tracking/advanced_tracker.py:flow_gapfill_batched,
R,PREDICTION,PREDICTION,1
L,4,5461,PREDICTION,src/tracking/advanced_tracker.py:id_merge,
R,PREDICTION,PREDICTION,1
L,5,5461,DETECTION,src/tracking/advanced_tracker.py:_activate_slot,5461_285_471_519_582
R,DETECTION,DETECTION,1
L,6,5461,PREDICTION,src/tracking/advanced_tracker.py:flow_gapfill_batched,
R,CLAMP,CLAMP,0
L,8,5461,PREDICTION,src/tracking/advanced_tracker.py:kalman_homography,
R,PREDICTION,PREDICTION,1
L,9,5461,PREDICTION,src/tracking/advanced_tracker.py:kalman_homography,
R,PREDICTION,PREDICTION,1
A,5461
S,1,5467,DETECTION,src/tracking/advanced_tracker.py:_activate_slot,5467_284_467_522_580
S,4,5467,DETECTION,src/tracking/advanced_tracker.py:_activate_slot,5467_259_599_450_699
S,0,5467,DETECTION,src/tracking/advanced_tracker.py:_activate_slot,5467_175_493_388_605
S,5,5467,DETECTION,src/tracking/advanced_tracker.py:_activate_slot,5467_186_324_391_447
S,10,5467,DETECTION,src/tracking/advanced_tracker.py:_activate_slot,5467_88_398_303_507
S,2,5467,PREDICTION,src/tracking/advanced_tracker.py:kalman_homography,
S,8,5467,PREDICTION,src/tracking/advanced_tracker.py:kalman_homography,
S,6,5467,PREDICTION,src/tracking/advanced_tracker.py:flow_gapfill_batched,
S,9,5467,PREDICTION,src/tracking/advanced_tracker.py:flow_gapfill_batched,
D,1,5467
S,4,5467,PREDICTION,src/tracking/advanced_tracker.py:id_merge,
D,2,5467
S,4,5467,PREDICTION,src/tracking/advanced_tracker.py:id_merge,
D,9,5467
S,5,5467,PREDICTION,src/tracking/advanced_tracker.py:id_merge,
L,0,5467,DETECTION,src/tracking/advanced_tracker.py:_activate_slot,5467_175_493_388_605
R,CLAMP,CLAMP,0
L,4,5467,PREDICTION,src/tracking/advanced_tracker.py:id_merge,
R,PREDICTION,PREDICTION,1
L,5,5467,PREDICTION,src/tracking/advanced_tracker.py:id_merge,
R,CLAMP,CLAMP,0
L,6,5467,PREDICTION,src/tracking/advanced_tracker.py:flow_gapfill_batched,
R,CLAMP,CLAMP,0
L,8,5467,PREDICTION,src/tracking/advanced_tracker.py:kalman_homography,
R,PREDICTION,PREDICTION,1
A,5467
