S,0,4215,DETECTION,src/tracking/advanced_tracker.py:_activate_slot,4215_356_820_622_1004
S,1,4215,DETECTION,src/tracking/advanced_tracker.py:_activate_slot,4215_442_1096_619_1244
S,2,4215,DETECTION,src/tracking/advanced_tracker.py:_activate_slot,4215_88_636_358_805
S,3,4215,DETECTION,src/tracking/advanced_tracker.py:_activate_slot,4215_422_454_624_602
S,4,4215,DETECTION,src/tracking/advanced_tracker.py:_activate_slot,4215_333_434_490_580
L,0,4215,DETECTION,src/tracking/advanced_tracker.py:_activate_slot,4215_356_820_622_1004
R,DETECTION,DETECTION,1
L,1,4215,DETECTION,src/tracking/advanced_tracker.py:_activate_slot,4215_442_1096_619_1244
R,DETECTION,DETECTION,1
L,2,4215,DETECTION,src/tracking/advanced_tracker.py:_activate_slot,4215_88_636_358_805
R,DETECTION,DETECTION,1
L,3,4215,DETECTION,src/tracking/advanced_tracker.py:_activate_slot,4215_422_454_624_602
R,DETECTION,DETECTION,1
L,4,4215,DETECTION,src/tracking/advanced_tracker.py:_activate_slot,4215_333_434_490_580
R,DETECTION,DETECTION,1
A,4215
S,4,4221,DETECTION,src/tracking/advanced_tracker.py:_activate_slot,4221_206_468_427_612
S,2,4221,DETECTION,src/tracking/advanced_tracker.py:_activate_slot,4221_214_668_452_804
S,0,4221,PREDICTION,src/tracking/advanced_tracker.py:kalman_homography,
S,1,4221,PREDICTION,src/tracking/advanced_tracker.py:kalman_homography,
S,3,4221,PREDICTION,src/tracking/advanced_tracker.py:kalman_homography,
L,0,4221,PREDICTION,src/tracking/advanced_tracker.py:kalman_homography,
R,CLAMP,CLAMP,0
L,1,4221,PREDICTION,src/tracking/advanced_tracker.py:kalman_homography,
R,CLAMP,CLAMP,0
L,2,4221,DETECTION,src/tracking/advanced_tracker.py:_activate_slot,4221_214_668_452_804
R,DETECTION,DETECTION,1
L,3,4221,PREDICTION,src/tracking/advanced_tracker.py:kalman_homography,
R,PREDICTION,PREDICTION,1
L,4,4221,DETECTION,src/tracking/advanced_tracker.py:_activate_slot,4221_206_468_427_612
R,DETECTION,DETECTION,1
A,4221
S,0,4227,CLAMP,src/tracking/advanced_tracker.py:_activate_slot,4227_293_807_532_941
S,2,4227,DETECTION,src/tracking/advanced_tracker.py:_activate_slot,4227_300_694_534_848
S,3,4227,DETECTION,src/tracking/advanced_tracker.py:_activate_slot,4227_474_511_620_643
S,4,4227,DETECTION,src/tracking/advanced_tracker.py:_activate_slot,4227_253_468_441_608
S,1,4227,PREDICTION,src/tracking/advanced_tracker.py:kalman_homography,
L,0,4227,CLAMP,src/tracking/advanced_tracker.py:_activate_slot,4227_293_807_532_941
R,CLAMP,CLAMP,0
L,1,4227,PREDICTION,src/tracking/advanced_tracker.py:kalman_homography,
R,CLAMP,CLAMP,0
L,2,4227,DETECTION,src/tracking/advanced_tracker.py:_activate_slot,4227_300_694_534_848
R,DETECTION,DETECTION,1
L,3,4227,DETECTION,src/tracking/advanced_tracker.py:_activate_slot,4227_474_511_620_643
R,DETECTION,DETECTION,1
L,4,4227,DETECTION,src/tracking/advanced_tracker.py:_activate_slot,4227_253_468_441_608
R,DETECTION,DETECTION,1
A,4227
S,0,4233,CLAMP,src/tracking/advanced_tracker.py:_activate_slot,4233_310_734_529_880
S,3,4233,DETECTION,src/tracking/advanced_tracker.py:_activate_slot,4233_493_509_630_653
S,5,4233,DETECTION,src/tracking/advanced_tracker.py:_activate_slot,4233_270_592_474_738
S,6,4233,DETECTION,src/tracking/advanced_tracker.py:_activate_slot,4233_327_1181_571_1295
S,7,4233,DETECTION,src/tracking/advanced_tracker.py:_activate_slot,4233_321_827_558_982
S,8,4233,DETECTION,src/tracking/advanced_tracker.py:_activate_slot,4233_110_804_339_950
S,9,4233,DETECTION,src/tracking/advanced_tracker.py:_activate_slot,4233_205_1049_391_1211
S,1,4233,PREDICTION,src/tracking/advanced_tracker.py:kalman_homography,
S,2,4233,PREDICTION,src/tracking/advanced_tracker.py:kalman_homography,
S,4,4233,PREDICTION,src/tracking/advanced_tracker.py:kalman_homography,
D,5,4233
S,8,4233,PREDICTION,src/tracking/advanced_tracker.py:id_merge,
L,0,4233,CLAMP,src/tracking/advanced_tracker.py:_activate_slot,4233_310_734_529_880
R,CLAMP,CLAMP,0
L,1,4233,PREDICTION,src/tracking/advanced_tracker.py:kalman_homography,
R,CLAMP,CLAMP,0
L,2,4233,PREDICTION,src/tracking/advanced_tracker.py:kalman_homography,
R,CLAMP,CLAMP,0
L,3,4233,DETECTION,src/tracking/advanced_tracker.py:_activate_slot,4233_493_509_630_653
R,DETECTION,DETECTION,1
L,4,4233,PREDICTION,src/tracking/advanced_tracker.py:kalman_homography,
R,PREDICTION,PREDICTION,1
L,6,4233,DETECTION,src/tracking/advanced_tracker.py:_activate_slot,4233_327_1181_571_1295
R,DETECTION,DETECTION,1
L,7,4233,DETECTION,src/tracking/advanced_tracker.py:_activate_slot,4233_321_827_558_982
R,DETECTION,DETECTION,1
L,8,4233,PREDICTION,src/tracking/advanced_tracker.py:id_merge,
R,PREDICTION,PREDICTION,1
L,9,4233,DETECTION,src/tracking/advanced_tracker.py:_activate_slot,4233_205_1049_391_1211
R,DETECTION,DETECTION,1
A,4233
S,0,4239,CLAMP,src/tracking/advanced_tracker.py:_activate_slot,4239_230_724_433_876
S,7,4239,DETECTION,src/tracking/advanced_tracker.py:_activate_slot,4239_280_876_495_1022
S,9,4239,DETECTION,src/tracking/advanced_tracker.py:_activate_slot,4239_274_1099_532_1245
S,1,4239,PREDICTION,src/tracking/advanced_tracker.py:kalman_homography,
S,4,4239,PREDICTION,src/tracking/advanced_tracker.py:kalman_homography,
S,5,4239,PREDICTION,src/tracking/advanced_tracker.py:kalman_homography,
S,6,4239,PREDICTION,src/tracking/advanced_tracker.py:kalman_homography,
S,8,4239,PREDICTION,src/tracking/advanced_tracker.py:kalman_homography,
S,2,4239,PREDICTION,src/tracking/advanced_tracker.py:flow_gapfill_batched,
S,3,4239,PREDICTION,src/tracking/advanced_tracker.py:flow_gapfill_batched,
D,5,4239
S,8,4239,PREDICTION,src/tracking/advanced_tracker.py:id_merge,
L,0,4239,CLAMP,src/tracking/advanced_tracker.py:_activate_slot,4239_230_724_433_876
R,CLAMP,CLAMP,0
L,1,4239,PREDICTION,src/tracking/advanced_tracker.py:kalman_homography,
R,CLAMP,CLAMP,0
L,2,4239,PREDICTION,src/tracking/advanced_tracker.py:flow_gapfill_batched,
R,PREDICTION,PREDICTION,1
L,3,4239,PREDICTION,src/tracking/advanced_tracker.py:flow_gapfill_batched,
R,PREDICTION,PREDICTION,1
L,4,4239,PREDICTION,src/tracking/advanced_tracker.py:kalman_homography,
R,PREDICTION,PREDICTION,1
L,6,4239,PREDICTION,src/tracking/advanced_tracker.py:kalman_homography,
R,PREDICTION,PREDICTION,1
L,7,4239,DETECTION,src/tracking/advanced_tracker.py:_activate_slot,4239_280_876_495_1022
R,DETECTION,DETECTION,1
L,8,4239,PREDICTION,src/tracking/advanced_tracker.py:id_merge,
R,PREDICTION,PREDICTION,1
L,9,4239,DETECTION,src/tracking/advanced_tracker.py:_activate_slot,4239_274_1099_532_1245
R,CLAMP,CLAMP,0
A,4239
S,6,4245,DETECTION,src/tracking/advanced_tracker.py:_activate_slot,4245_479_1157_621_1295
S,7,4245,DETECTION,src/tracking/advanced_tracker.py:_activate_slot,4245_280_859_517_1010
S,0,4245,PREDICTION,src/tracking/advanced_tracker.py:kalman_homography,
S,1,4245,PREDICTION,src/tracking/advanced_tracker.py:kalman_homography,
S,4,4245,PREDICTION,src/tracking/advanced_tracker.py:kalman_homography,
S,5,4245,PREDICTION,src/tracking/advanced_tracker.py:kalman_homography,
S,8,4245,PREDICTION,src/tracking/advanced_tracker.py:kalman_homography,
S,9,4245,PREDICTION,src/tracking/advanced_tracker.py:kalman_homography,
S,2,4245,PREDICTION,src/tracking/advanced_tracker.py:flow_gapfill_batched,
S,3,4245,PREDICTION,src/tracking/advanced_tracker.py:flow_gapfill_batched,
D,5,4245
S,8,4245,PREDICTION,src/tracking/advanced_tracker.py:id_merge,
L,0,4245,PREDICTION,src/tracking/advanced_tracker.py:kalman_homography,
R,CLAMP,CLAMP,0
L,1,4245,PREDICTION,src/tracking/advanced_tracker.py:kalman_homography,
R,CLAMP,CLAMP,0
L,2,4245,PREDICTION,src/tracking/advanced_tracker.py:flow_gapfill_batched,
R,PREDICTION,PREDICTION,1
L,3,4245,PREDICTION,src/tracking/advanced_tracker.py:flow_gapfill_batched,
R,PREDICTION,SUBPIXEL,0
L,4,4245,PREDICTION,src/tracking/advanced_tracker.py:kalman_homography,
R,PREDICTION,PREDICTION,1
L,6,4245,DETECTION,src/tracking/advanced_tracker.py:_activate_slot,4245_479_1157_621_1295
R,CLAMP,CLAMP,0
L,7,4245,DETECTION,src/tracking/advanced_tracker.py:_activate_slot,4245_280_859_517_1010
R,DETECTION,DETECTION,1
L,8,4245,PREDICTION,src/tracking/advanced_tracker.py:id_merge,
R,PREDICTION,SUBPIXEL,0
L,9,4245,PREDICTION,src/tracking/advanced_tracker.py:kalman_homography,
R,CLAMP,CLAMP,0
A,4245
S,3,4251,DETECTION,src/tracking/advanced_tracker.py:_activate_slot,4251_514_493_624_660
S,9,4251,DETECTION,src/tracking/advanced_tracker.py:_activate_slot,4251_414_1105_619_1261
S,0,4251,PREDICTION,src/tracking/advanced_tracker.py:kalman_homography,
S,1,4251,PREDICTION,src/tracking/advanced_tracker.py:kalman_homography,
S,4,4251,PREDICTION,src/tracking/advanced_tracker.py:kalman_homography,
S,5,4251,PREDICTION,src/tracking/advanced_tracker.py:kalman_homography,
S,7,4251,PREDICTION,src/tracking/advanced_tracker.py:kalman_homography,
S,8,4251,PREDICTION,src/tracking/advanced_tracker.py:kalman_homography,
S,2,4251,PREDICTION,src/tracking/advanced_tracker.py:flow_gapfill_batched,
S,6,4251,PREDICTION,src/tracking/advanced_tracker.py:flow_gapfill_batched,
D,5,4251
S,8,4251,PREDICTION,src/tracking/advanced_tracker.py:id_merge,
D,6,4251
S,9,4251,PREDICTION,src/tracking/advanced_tracker.py:id_merge,
L,0,4251,PREDICTION,src/tracking/advanced_tracker.py:kalman_homography,
R,CLAMP,CLAMP,0
L,1,4251,PREDICTION,src/tracking/advanced_tracker.py:kalman_homography,
R,CLAMP,CLAMP,0
L,2,4251,PREDICTION,src/tracking/advanced_tracker.py:flow_gapfill_batched,
R,PREDICTION,PREDICTION,1
L,3,4251,DETECTION,src/tracking/advanced_tracker.py:_activate_slot,4251_514_493_624_660
R,DETECTION,DETECTION,1
L,4,4251,PREDICTION,src/tracking/advanced_tracker.py:kalman_homography,
R,PREDICTION,PREDICTION,1
L,7,4251,PREDICTION,src/tracking/advanced_tracker.py:kalman_homography,
R,PREDICTION,PREDICTION,1
L,8,4251,PREDICTION,src/tracking/advanced_tracker.py:id_merge,
R,PREDICTION,SUBPIXEL,0
L,9,4251,PREDICTION,src/tracking/advanced_tracker.py:id_merge,
R,CLAMP,CLAMP,0
A,4251
S,5,4257,DETECTION,src/tracking/advanced_tracker.py:_activate_slot,4257_90_553_497_728
S,0,4257,PREDICTION,src/tracking/advanced_tracker.py:kalman_homography,
S,1,4257,PREDICTION,src/tracking/advanced_tracker.py:kalman_homography,
S,3,4257,PREDICTION,src/tracking/advanced_tracker.py:kalman_homography,
S,4,4257,PREDICTION,src/tracking/advanced_tracker.py:kalman_homography,
S,7,4257,PREDICTION,src/tracking/advanced_tracker.py:kalman_homography,
S,8,4257,PREDICTION,src/tracking/advanced_tracker.py:kalman_homography,
S,9,4257,PREDICTION,src/tracking/advanced_tracker.py:flow_gapfill_batched,
D,4,4257
S,0,4257,PREDICTION,src/tracking/advanced_tracker.py:id_merge,
D,8,4257
S,5,4257,PREDICTION,src/tracking/advanced_tracker.py:id_merge,
L,0,4257,PREDICTION,src/tracking/advanced_tracker.py:id_merge,
R,CLAMP,CLAMP,0
L,1,4257,PREDICTION,src/tracking/advanced_tracker.py:kalman_homography,
R,CLAMP,CLAMP,0
L,3,4257,PREDICTION,src/tracking/advanced_tracker.py:kalman_homography,
R,CLAMP,CLAMP,0
L,5,4257,PREDICTION,src/tracking/advanced_tracker.py:id_merge,
R,PREDICTION,PREDICTION,1
L,7,4257,PREDICTION,src/tracking/advanced_tracker.py:kalman_homography,
R,PREDICTION,PREDICTION,1
L,9,4257,PREDICTION,src/tracking/advanced_tracker.py:flow_gapfill_batched,
R,CLAMP,CLAMP,0
A,4257
S,8,4263,DETECTION,src/tracking/advanced_tracker.py:_activate_slot,4263_3_834_432_1028
S,0,4263,PREDICTION,src/tracking/advanced_tracker.py:kalman_homography,
S,3,4263,PREDICTION,src/tracking/advanced_tracker.py:kalman_homography,
S,4,4263,PREDICTION,src/tracking/advanced_tracker.py:kalman_homography,
S,5,4263,PREDICTION,src/tracking/advanced_tracker.py:kalman_homography,
S,7,4263,PREDICTION,src/tracking/advanced_tracker.py:kalman_homography,
S,1,4263,PREDICTION,src/tracking/advanced_tracker.py:flow_gapfill_batched,
S,2,4263,PREDICTION,src/tracking/advanced_tracker.py:flow_gapfill_batched,
S,6,4263,PREDICTION,src/tracking/advanced_tracker.py:flow_gapfill_batched,
S,9,4263,PREDICTION,src/tracking/advanced_tracker.py:flow_gapfill_batched,
D,4,4263
S,0,4263,PREDICTION,src/tracking/advanced_tracker.py:id_merge,
L,0,4263,PREDICTION,src/tracking/advanced_tracker.py:id_merge,
R,CLAMP,CLAMP,0
L,1,4263,PREDICTION,src/tracking/advanced_tracker.py:flow_gapfill_batched,
R,PREDICTION,PREDICTION,1
L,2,4263,PREDICTION,src/tracking/advanced_tracker.py:flow_gapfill_batched,
R,CLAMP,CLAMP,0
L,3,4263,PREDICTION,src/tracking/advanced_tracker.py:kalman_homography,
R,CLAMP,CLAMP,0
L,5,4263,PREDICTION,src/tracking/advanced_tracker.py:kalman_homography,
R,PREDICTION,PREDICTION,1
L,6,4263,PREDICTION,src/tracking/advanced_tracker.py:flow_gapfill_batched,
R,CLAMP,CLAMP,0
L,7,4263,PREDICTION,src/tracking/advanced_tracker.py:kalman_homography,
R,PREDICTION,PREDICTION,1
L,8,4263,DETECTION,src/tracking/advanced_tracker.py:_activate_slot,4263_3_834_432_1028
R,DETECTION,DETECTION,1
L,9,4263,PREDICTION,src/tracking/advanced_tracker.py:flow_gapfill_batched,
R,CLAMP,CLAMP,0
A,4263
S,8,4269,DETECTION,src/tracking/advanced_tracker.py:_activate_slot,4269_-5_923_376_1137
S,0,4269,PREDICTION,src/tracking/advanced_tracker.py:kalman_homography,
S,3,4269,PREDICTION,src/tracking/advanced_tracker.py:kalman_homography,
S,4,4269,PREDICTION,src/tracking/advanced_tracker.py:kalman_homography,
S,5,4269,PREDICTION,src/tracking/advanced_tracker.py:kalman_homography,
S,7,4269,PREDICTION,src/tracking/advanced_tracker.py:kalman_homography,
S,2,4269,PREDICTION,src/tracking/advanced_tracker.py:flow_gapfill_batched,
S,9,4269,PREDICTION,src/tracking/advanced_tracker.py:flow_gapfill_batched,
D,4,4269
S,0,4269,PREDICTION,src/tracking/advanced_tracker.py:id_merge,
L,0,4269,PREDICTION,src/tracking/advanced_tracker.py:id_merge,
R,CLAMP,CLAMP,0
L,2,4269,PREDICTION,src/tracking/advanced_tracker.py:flow_gapfill_batched,
R,CLAMP,CLAMP,0
L,3,4269,PREDICTION,src/tracking/advanced_tracker.py:kalman_homography,
R,CLAMP,CLAMP,0
L,5,4269,PREDICTION,src/tracking/advanced_tracker.py:kalman_homography,
R,PREDICTION,PREDICTION,1
L,7,4269,PREDICTION,src/tracking/advanced_tracker.py:kalman_homography,
R,PREDICTION,PREDICTION,1
L,8,4269,DETECTION,src/tracking/advanced_tracker.py:_activate_slot,4269_-5_923_376_1137
R,DETECTION,DETECTION,1
L,9,4269,PREDICTION,src/tracking/advanced_tracker.py:flow_gapfill_batched,
R,CLAMP,CLAMP,0
A,4269
S,8,4275,DETECTION,src/tracking/advanced_tracker.py:_activate_slot,4275_-10_968_352_1194
S,0,4275,PREDICTION,src/tracking/advanced_tracker.py:kalman_homography,
S,5,4275,PREDICTION,src/tracking/advanced_tracker.py:kalman_homography,
S,7,4275,PREDICTION,src/tracking/advanced_tracker.py:kalman_homography,
S,2,4275,PREDICTION,src/tracking/advanced_tracker.py:flow_gapfill_batched,
S,3,4275,PREDICTION,src/tracking/advanced_tracker.py:flow_gapfill_batched,
S,4,4275,PREDICTION,src/tracking/advanced_tracker.py:flow_gapfill_batched,
S,6,4275,PREDICTION,src/tracking/advanced_tracker.py:flow_gapfill_batched,
S,9,4275,PREDICTION,src/tracking/advanced_tracker.py:flow_gapfill_batched,
D,4,4275
S,0,4275,PREDICTION,src/tracking/advanced_tracker.py:id_merge,
L,0,4275,PREDICTION,src/tracking/advanced_tracker.py:id_merge,
R,CLAMP,CLAMP,0
L,2,4275,PREDICTION,src/tracking/advanced_tracker.py:flow_gapfill_batched,
R,CLAMP,CLAMP,0
L,3,4275,PREDICTION,src/tracking/advanced_tracker.py:flow_gapfill_batched,
R,PREDICTION,PREDICTION,1
L,5,4275,PREDICTION,src/tracking/advanced_tracker.py:kalman_homography,
R,PREDICTION,PREDICTION,1
L,6,4275,PREDICTION,src/tracking/advanced_tracker.py:flow_gapfill_batched,
R,CLAMP,CLAMP,0
L,7,4275,PREDICTION,src/tracking/advanced_tracker.py:kalman_homography,
R,PREDICTION,PREDICTION,1
L,8,4275,DETECTION,src/tracking/advanced_tracker.py:_activate_slot,4275_-10_968_352_1194
R,DETECTION,DETECTION,1
L,9,4275,PREDICTION,src/tracking/advanced_tracker.py:flow_gapfill_batched,
R,CLAMP,CLAMP,0
A,4275
S,0,4281,PREDICTION,src/tracking/advanced_tracker.py:kalman_homography,
S,5,4281,PREDICTION,src/tracking/advanced_tracker.py:kalman_homography,
S,7,4281,PREDICTION,src/tracking/advanced_tracker.py:kalman_homography,
S,8,4281,PREDICTION,src/tracking/advanced_tracker.py:kalman_homography,
S,3,4281,PREDICTION,src/tracking/advanced_tracker.py:flow_gapfill_batched,
S,6,4281,PREDICTION,src/tracking/advanced_tracker.py:flow_gapfill_batched,
S,9,4281,PREDICTION,src/tracking/advanced_tracker.py:flow_gapfill_batched,
L,0,4281,PREDICTION,src/tracking/advanced_tracker.py:kalman_homography,
R,CLAMP,CLAMP,0
L,3,4281,PREDICTION,src/tracking/advanced_tracker.py:flow_gapfill_batched,
R,PREDICTION,PREDICTION,1
L,5,4281,PREDICTION,src/tracking/advanced_tracker.py:kalman_homography,
R,PREDICTION,PREDICTION,1
L,6,4281,PREDICTION,src/tracking/advanced_tracker.py:flow_gapfill_batched,
R,CLAMP,CLAMP,0
L,7,4281,PREDICTION,src/tracking/advanced_tracker.py:kalman_homography,
R,PREDICTION,PREDICTION,1
L,8,4281,PREDICTION,src/tracking/advanced_tracker.py:kalman_homography,
R,PREDICTION,PREDICTION,1
L,9,4281,PREDICTION,src/tracking/advanced_tracker.py:flow_gapfill_batched,
R,CLAMP,CLAMP,0
A,4281
S,5,4287,PREDICTION,src/tracking/advanced_tracker.py:kalman_homography,
S,7,4287,PREDICTION,src/tracking/advanced_tracker.py:kalman_homography,
S,8,4287,PREDICTION,src/tracking/advanced_tracker.py:kalman_homography,
S,3,4287,PREDICTION,src/tracking/advanced_tracker.py:flow_gapfill_batched,
S,6,4287,PREDICTION,src/tracking/advanced_tracker.py:flow_gapfill_batched,
S,9,4287,PREDICTION,src/tracking/advanced_tracker.py:flow_gapfill_batched,
D,6,4287
S,9,4287,PREDICTION,src/tracking/advanced_tracker.py:id_merge,
L,3,4287,PREDICTION,src/tracking/advanced_tracker.py:flow_gapfill_batched,
R,PREDICTION,PREDICTION,1
L,5,4287,PREDICTION,src/tracking/advanced_tracker.py:kalman_homography,
R,PREDICTION,PREDICTION,1
L,7,4287,PREDICTION,src/tracking/advanced_tracker.py:kalman_homography,
R,PREDICTION,PREDICTION,1
L,8,4287,PREDICTION,src/tracking/advanced_tracker.py:kalman_homography,
R,PREDICTION,PREDICTION,1
L,9,4287,PREDICTION,src/tracking/advanced_tracker.py:id_merge,
R,CLAMP,CLAMP,0
A,4287
S,5,4293,PREDICTION,src/tracking/advanced_tracker.py:kalman_homography,
S,8,4293,PREDICTION,src/tracking/advanced_tracker.py:kalman_homography,
S,3,4293,PREDICTION,src/tracking/advanced_tracker.py:flow_gapfill_batched,
S,9,4293,PREDICTION,src/tracking/advanced_tracker.py:flow_gapfill_batched,
L,3,4293,PREDICTION,src/tracking/advanced_tracker.py:flow_gapfill_batched,
R,PREDICTION,PREDICTION,1
L,5,4293,PREDICTION,src/tracking/advanced_tracker.py:kalman_homography,
R,PREDICTION,PREDICTION,1
L,8,4293,PREDICTION,src/tracking/advanced_tracker.py:kalman_homography,
R,PREDICTION,PREDICTION,1
L,9,4293,PREDICTION,src/tracking/advanced_tracker.py:flow_gapfill_batched,
R,CLAMP,CLAMP,0
A,4293
S,5,4299,PREDICTION,src/tracking/advanced_tracker.py:kalman_homography,
S,3,4299,PREDICTION,src/tracking/advanced_tracker.py:flow_gapfill_batched,
S,8,4299,PREDICTION,src/tracking/advanced_tracker.py:flow_gapfill_batched,
S,9,4299,PREDICTION,src/tracking/advanced_tracker.py:flow_gapfill_batched,
L,3,4299,PREDICTION,src/tracking/advanced_tracker.py:flow_gapfill_batched,
R,PREDICTION,PREDICTION,1
L,5,4299,PREDICTION,src/tracking/advanced_tracker.py:kalman_homography,
R,PREDICTION,PREDICTION,1
L,8,4299,PREDICTION,src/tracking/advanced_tracker.py:flow_gapfill_batched,
R,PREDICTION,PREDICTION,1
L,9,4299,PREDICTION,src/tracking/advanced_tracker.py:flow_gapfill_batched,
R,CLAMP,CLAMP,0
A,4299
S,1,4305,DETECTION,src/tracking/advanced_tracker.py:_activate_slot,4305_73_1052_616_1294
S,5,4305,PREDICTION,src/tracking/advanced_tracker.py:flow_gapfill_batched,
S,8,4305,PREDICTION,src/tracking/advanced_tracker.py:flow_gapfill_batched,
L,1,4305,DETECTION,src/tracking/advanced_tracker.py:_activate_slot,4305_73_1052_616_1294
R,DETECTION,DETECTION,1
L,5,4305,PREDICTION,src/tracking/advanced_tracker.py:flow_gapfill_batched,
R,PREDICTION,PREDICTION,1
L,8,4305,PREDICTION,src/tracking/advanced_tracker.py:flow_gapfill_batched,
R,PREDICTION,PREDICTION,1
A,4305
S,1,4311,PREDICTION,src/tracking/advanced_tracker.py:kalman_homography,
S,8,4311,PREDICTION,src/tracking/advanced_tracker.py:flow_gapfill_batched,
L,1,4311,PREDICTION,src/tracking/advanced_tracker.py:kalman_homography,
R,CLAMP,CLAMP,0
L,8,4311,PREDICTION,src/tracking/advanced_tracker.py:flow_gapfill_batched,
R,CLAMP,CLAMP,0
A,4311
S,2,4317,DETECTION,src/tracking/advanced_tracker.py:_activate_slot,4317_189_361_392_448
S,1,4317,PREDICTION,src/tracking/advanced_tracker.py:kalman_homography,
S,8,4317,PREDICTION,src/tracking/advanced_tracker.py:flow_gapfill_batched,
L,1,4317,PREDICTION,src/tracking/advanced_tracker.py:kalman_homography,
R,CLAMP,CLAMP,0
L,2,4317,DETECTION,src/tracking/advanced_tracker.py:_activate_slot,4317_189_361_392_448
R,CLAMP,CLAMP,0
L,8,4317,PREDICTION,src/tracking/advanced_tracker.py:flow_gapfill_batched,
R,CLAMP,CLAMP,0
A,4317
S,1,4323,PREDICTION,src/tracking/advanced_tracker.py:kalman_homography,
S,2,4323,PREDICTION,src/tracking/advanced_tracker.py:kalman_homography,
L,1,4323,PREDICTION,src/tracking/advanced_tracker.py:kalman_homography,
R,CLAMP,CLAMP,0
L,2,4323,PREDICTION,src/tracking/advanced_tracker.py:kalman_homography,
R,CLAMP,CLAMP,0
A,4323
S,4,4329,DETECTION,src/tracking/advanced_tracker.py:_activate_slot,4329_24_421_631_757
S,1,4329,PREDICTION,src/tracking/advanced_tracker.py:kalman_homography,
S,2,4329,PREDICTION,src/tracking/advanced_tracker.py:kalman_homography,
L,1,4329,PREDICTION,src/tracking/advanced_tracker.py:kalman_homography,
R,CLAMP,CLAMP,0
L,2,4329,PREDICTION,src/tracking/advanced_tracker.py:kalman_homography,
R,CLAMP,CLAMP,0
L,4,4329,DETECTION,src/tracking/advanced_tracker.py:_activate_slot,4329_24_421_631_757
R,CLAMP,CLAMP,0
A,4329
S,6,4335,DETECTION,src/tracking/advanced_tracker.py:_activate_slot,4335_-13_533_623_1097
S,7,4335,DETECTION,src/tracking/advanced_tracker.py:_activate_slot,4335_154_512_519_828
S,1,4335,PREDICTION,src/tracking/advanced_tracker.py:kalman_homography,
S,2,4335,PREDICTION,src/tracking/advanced_tracker.py:kalman_homography,
S,4,4335,PREDICTION,src/tracking/advanced_tracker.py:kalman_homography,
L,1,4335,PREDICTION,src/tracking/advanced_tracker.py:kalman_homography,
R,CLAMP,CLAMP,0
L,2,4335,PREDICTION,src/tracking/advanced_tracker.py:kalman_homography,
R,CLAMP,CLAMP,0
L,4,4335,PREDICTION,src/tracking/advanced_tracker.py:kalman_homography,
R,CLAMP,CLAMP,0
L,6,4335,DETECTION,src/tracking/advanced_tracker.py:_activate_slot,4335_-13_533_623_1097
R,DETECTION,DETECTION,1
L,7,4335,DETECTION,src/tracking/advanced_tracker.py:_activate_slot,4335_154_512_519_828
R,CLAMP,CLAMP,0
A,4335
S,6,4341,DETECTION,src/tracking/advanced_tracker.py:_activate_slot,4341_-15_475_623_918
S,7,4341,DETECTION,src/tracking/advanced_tracker.py:_activate_slot,4341_172_473_524_756
S,9,4341,DETECTION,src/tracking/advanced_tracker.py:_activate_slot,4341_2_313_575_813
S,1,4341,PREDICTION,src/tracking/advanced_tracker.py:kalman_homography,
S,2,4341,PREDICTION,src/tracking/advanced_tracker.py:kalman_homography,
S,4,4341,PREDICTION,src/tracking/advanced_tracker.py:kalman_homography,
D,7,4341
S,9,4341,PREDICTION,src/tracking/advanced_tracker.py:id_merge,
L,1,4341,PREDICTION,src/tracking/advanced_tracker.py:kalman_homography,
R,CLAMP,CLAMP,0
L,2,4341,PREDICTION,src/tracking/advanced_tracker.py:kalman_homography,
R,CLAMP,CLAMP,0
L,4,4341,PREDICTION,src/tracking/advanced_tracker.py:kalman_homography,
R,CLAMP,CLAMP,0
L,6,4341,DETECTION,src/tracking/advanced_tracker.py:_activate_slot,4341_-15_475_623_918
R,CLAMP,CLAMP,0
L,9,4341,PREDICTION,src/tracking/advanced_tracker.py:id_merge,
R,CLAMP,CLAMP,0
A,4341
S,6,4347,DETECTION,src/tracking/advanced_tracker.py:_activate_slot,4347_-15_422_621_869
S,9,4347,DETECTION,src/tracking/advanced_tracker.py:_activate_slot,4347_-15_257_619_638
S,5,4347,DETECTION,src/tracking/advanced_tracker.py:_activate_slot,4347_244_1081_383_1171
S,1,4347,PREDICTION,src/tracking/advanced_tracker.py:kalman_homography,
S,2,4347,PREDICTION,src/tracking/advanced_tracker.py:kalman_homography,
S,4,4347,PREDICTION,src/tracking/advanced_tracker.py:kalman_homography,
S,7,4347,PREDICTION,src/tracking/advanced_tracker.py:kalman_homography,
L,1,4347,PREDICTION,src/tracking/advanced_tracker.py:kalman_homography,
R,CLAMP,CLAMP,0
L,2,4347,PREDICTION,src/tracking/advanced_tracker.py:kalman_homography,
R,CLAMP,CLAMP,0
L,4,4347,PREDICTION,src/tracking/advanced_tracker.py:kalman_homography,
R,CLAMP,CLAMP,0
L,5,4347,DETECTION,src/tracking/advanced_tracker.py:_activate_slot,4347_244_1081_383_1171
R,CLAMP,CLAMP,0
L,6,4347,DETECTION,src/tracking/advanced_tracker.py:_activate_slot,4347_-15_422_621_869
R,CLAMP,CLAMP,0
L,7,4347,PREDICTION,src/tracking/advanced_tracker.py:kalman_homography,
R,CLAMP,CLAMP,0
L,9,4347,DETECTION,src/tracking/advanced_tracker.py:_activate_slot,4347_-15_257_619_638
R,CLAMP,CLAMP,0
A,4347
S,4,4353,DETECTION,src/tracking/advanced_tracker.py:_activate_slot,4353_-13_399_621_846
S,6,4353,DETECTION,src/tracking/advanced_tracker.py:_activate_slot,4353_240_1079_380_1169
S,2,4353,PREDICTION,src/tracking/advanced_tracker.py:kalman_homography,
S,5,4353,PREDICTION,src/tracking/advanced_tracker.py:kalman_homography,
S,7,4353,PREDICTION,src/tracking/advanced_tracker.py:kalman_homography,
S,1,4353,PREDICTION,src/tracking/advanced_tracker.py:flow_gapfill_batched,
S,9,4353,PREDICTION,src/tracking/advanced_tracker.py:flow_gapfill_batched,
D,5,4353
S,6,4353,PREDICTION,src/tracking/advanced_tracker.py:id_merge,
L,1,4353,PREDICTION,src/tracking/advanced_tracker.py:flow_gapfill_batched,
R,PREDICTION,PREDICTION,1
L,2,4353,PREDICTION,src/tracking/advanced_tracker.py:kalman_homography,
R,CLAMP,CLAMP,0
L,4,4353,DETECTION,src/tracking/advanced_tracker.py:_activate_slot,4353_-13_399_621_846
R,CLAMP,CLAMP,0
L,6,4353,PREDICTION,src/tracking/advanced_tracker.py:id_merge,
R,CLAMP,CLAMP,0
L,7,4353,PREDICTION,src/tracking/advanced_tracker.py:kalman_homography,
R,CLAMP,CLAMP,0
L,9,4353,PREDICTION,src/tracking/advanced_tracker.py:flow_gapfill_batched,
R,CLAMP,CLAMP,0
A,4353
S,5,4359,DETECTION,src/tracking/advanced_tracker.py:_activate_slot,4359_238_1057_377_1149
S,6,4359,DETECTION,src/tracking/advanced_tracker.py:_activate_slot,4359_231_964_399_1056
S,9,4359,DETECTION,src/tracking/advanced_tracker.py:_activate_slot,4359_-11_276_626_841
S,2,4359,PREDICTION,src/tracking/advanced_tracker.py:kalman_homography,
S,4,4359,PREDICTION,src/tracking/advanced_tracker.py:kalman_homography,
S,7,4359,PREDICTION,src/tracking/advanced_tracker.py:kalman_homography,
D,5,4359
S,6,4359,PREDICTION,src/tracking/advanced_tracker.py:id_merge,
L,2,4359,PREDICTION,src/tracking/advanced_tracker.py:kalman_homography,
R,CLAMP,CLAMP,0
L,4,4359,PREDICTION,src/tracking/advanced_tracker.py:kalman_homography,
R,CLAMP,CLAMP,0
L,6,4359,PREDICTION,src/tracking/advanced_tracker.py:id_merge,
R,CLAMP,CLAMP,0
L,7,4359,PREDICTION,src/tracking/advanced_tracker.py:kalman_homography,
R,CLAMP,CLAMP,0
L,9,4359,DETECTION,src/tracking/advanced_tracker.py:_activate_slot,4359_-11_276_626_841
R,DETECTION,DETECTION,1
A,4359
S,5,4365,DETECTION,src/tracking/advanced_tracker.py:_activate_slot,4365_245_1035_379_1125
S,9,4365,DETECTION,src/tracking/advanced_tracker.py:_activate_slot,4365_-11_271_628_749
S,8,4365,DETECTION,src/tracking/advanced_tracker.py:_activate_slot,4365_128_609_523_856
S,4,4365,PREDICTION,src/tracking/advanced_tracker.py:kalman_homography,
S,6,4365,PREDICTION,src/tracking/advanced_tracker.py:kalman_homography,
S,7,4365,PREDICTION,src/tracking/advanced_tracker.py:kalman_homography,
S,2,4365,PREDICTION,src/tracking/advanced_tracker.py:flow_gapfill_batched,
D,5,4365
S,8,4365,PREDICTION,src/tracking/advanced_tracker.py:id_merge,
L,2,4365,PREDICTION,src/tracking/advanced_tracker.py:flow_gapfill_batched,
R,CLAMP,CLAMP,0
L,4,4365,PREDICTION,src/tracking/advanced_tracker.py:kalman_homography,
R,CLAMP,CLAMP,0
L,6,4365,PREDICTION,src/tracking/advanced_tracker.py:kalman_homography,
R,CLAMP,CLAMP,0
L,7,4365,PREDICTION,src/tracking/advanced_tracker.py:kalman_homography,
R,CLAMP,CLAMP,0
L,8,4365,PREDICTION,src/tracking/advanced_tracker.py:id_merge,
R,PREDICTION,PREDICTION,1
L,9,4365,DETECTION,src/tracking/advanced_tracker.py:_activate_slot,4365_-11_271_628_749
R,DETECTION,DETECTION,1
A,4365
S,5,4371,DETECTION,src/tracking/advanced_tracker.py:_activate_slot,4371_241_1017_375_1103
S,8,4371,DETECTION,src/tracking/advanced_tracker.py:_activate_slot,4371_150_524_508_836
S,9,4371,DETECTION,src/tracking/advanced_tracker.py:_activate_slot,4371_-10_183_621_643
S,4,4371,PREDICTION,src/tracking/advanced_tracker.py:kalman_homography,
S,7,4371,PREDICTION,src/tracking/advanced_tracker.py:kalman_homography,
S,6,4371,PREDICTION,src/tracking/advanced_tracker.py:flow_gapfill_batched,
D,6,4371
S,5,4371,PREDICTION,src/tracking/advanced_tracker.py:id_merge,
L,4,4371,PREDICTION,src/tracking/advanced_tracker.py:kalman_homography,
R,CLAMP,CLAMP,0
L,5,4371,PREDICTION,src/tracking/advanced_tracker.py:id_merge,
R,PREDICTION,PREDICTION,1
L,7,4371,PREDICTION,src/tracking/advanced_tracker.py:kalman_homography,
R,CLAMP,CLAMP,0
L,8,4371,DETECTION,src/tracking/advanced_tracker.py:_activate_slot,4371_150_524_508_836
R,DETECTION,DETECTION,1
L,9,4371,DETECTION,src/tracking/advanced_tracker.py:_activate_slot,4371_-10_183_621_643
R,CLAMP,CLAMP,0
A,4371
S,8,4377,DETECTION,src/tracking/advanced_tracker.py:_activate_slot,4377_89_472_491_823
S,4,4377,PREDICTION,src/tracking/advanced_tracker.py:kalman_homography,
S,5,4377,PREDICTION,src/tracking/advanced_tracker.py:kalman_homography,
S,7,4377,PREDICTION,src/tracking/advanced_tracker.py:kalman_homography,
S,6,4377,PREDICTION,src/tracking/advanced_tracker.py:flow_gapfill_batched,
S,9,4377,PREDICTION,src/tracking/advanced_tracker.py:flow_gapfill_batched,
D,6,4377
S,5,4377,PREDICTION,src/tracking/advanced_tracker.py:id_merge,
L,4,4377,PREDICTION,src/tracking/advanced_tracker.py:kalman_homography,
R,CLAMP,CLAMP,0
L,5,4377,PREDICTION,src/tracking/advanced_tracker.py:id_merge,
R,PREDICTION,PREDICTION,1
L,7,4377,PREDICTION,src/tracking/advanced_tracker.py:kalman_homography,
R,CLAMP,CLAMP,0
L,8,4377,DETECTION,src/tracking/advanced_tracker.py:_activate_slot,4377_89_472_491_823
R,DETECTION,DETECTION,1
L,9,4377,PREDICTION,src/tracking/advanced_tracker.py:flow_gapfill_batched,
R,CLAMP,CLAMP,0
A,4377
S,8,4383,DETECTION,src/tracking/advanced_tracker.py:_activate_slot,4383_80_458_494_831
S,4,4383,PREDICTION,src/tracking/advanced_tracker.py:kalman_homography,
S,5,4383,PREDICTION,src/tracking/advanced_tracker.py:kalman_homography,
S,7,4383,PREDICTION,src/tracking/advanced_tracker.py:kalman_homography,
S,6,4383,PREDICTION,src/tracking/advanced_tracker.py:flow_gapfill_batched,
D,6,4383
S,5,4383,PREDICTION,src/tracking/advanced_tracker.py:id_merge,
L,4,4383,PREDICTION,src/tracking/advanced_tracker.py:kalman_homography,
R,CLAMP,CLAMP,0
L,5,4383,PREDICTION,src/tracking/advanced_tracker.py:id_merge,
R,PREDICTION,PREDICTION,1
L,7,4383,PREDICTION,src/tracking/advanced_tracker.py:kalman_homography,
R,CLAMP,CLAMP,0
L,8,4383,DETECTION,src/tracking/advanced_tracker.py:_activate_slot,4383_80_458_494_831
R,DETECTION,DETECTION,1
A,4383
S,8,4389,DETECTION,src/tracking/advanced_tracker.py:_activate_slot,4389_78_476_487_801
S,9,4389,DETECTION,src/tracking/advanced_tracker.py:_activate_slot,4389_-13_252_571_521
S,4,4389,PREDICTION,src/tracking/advanced_tracker.py:kalman_homography,
S,5,4389,PREDICTION,src/tracking/advanced_tracker.py:kalman_homography,
S,6,4389,PREDICTION,src/tracking/advanced_tracker.py:flow_gapfill_batched,
D,6,4389
S,5,4389,PREDICTION,src/tracking/advanced_tracker.py:id_merge,
L,4,4389,PREDICTION,src/tracking/advanced_tracker.py:kalman_homography,
R,CLAMP,CLAMP,0
L,5,4389,PREDICTION,src/tracking/advanced_tracker.py:id_merge,
R,PREDICTION,PREDICTION,1
L,8,4389,DETECTION,src/tracking/advanced_tracker.py:_activate_slot,4389_78_476_487_801
R,DETECTION,DETECTION,1
L,9,4389,DETECTION,src/tracking/advanced_tracker.py:_activate_slot,4389_-13_252_571_521
R,CLAMP,CLAMP,0
A,4389
S,7,4395,CLAMP,src/tracking/advanced_tracker.py:_activate_slot,4395_-11_240_589_514
S,8,4395,CLAMP,src/tracking/advanced_tracker.py:_activate_slot,4395_82_493_489_765
S,9,4395,CLAMP,src/tracking/advanced_tracker.py:_activate_slot,4395_-15_70_586_514
S,4,4395,PREDICTION,src/tracking/advanced_tracker.py:kalman_homography,
S,5,4395,PREDICTION,src/tracking/advanced_tracker.py:kalman_homography,
S,6,4395,PREDICTION,src/tracking/advanced_tracker.py:flow_gapfill_batched,
D,6,4395
S,5,4395,PREDICTION,src/tracking/advanced_tracker.py:id_merge,
L,4,4395,PREDICTION,src/tracking/advanced_tracker.py:kalman_homography,
R,CLAMP,CLAMP,0
L,5,4395,PREDICTION,src/tracking/advanced_tracker.py:id_merge,
R,CLAMP,CLAMP,0
L,7,4395,CLAMP,src/tracking/advanced_tracker.py:_activate_slot,4395_-11_240_589_514
R,CLAMP,CLAMP,0
L,8,4395,CLAMP,src/tracking/advanced_tracker.py:_activate_slot,4395_82_493_489_765
R,CLAMP,CLAMP,0
L,9,4395,CLAMP,src/tracking/advanced_tracker.py:_activate_slot,4395_-15_70_586_514
R,CLAMP,CLAMP,0
A,4395
S,9,4401,CLAMP,src/tracking/advanced_tracker.py:_activate_slot,4401_-10_217_600_533
S,5,4401,PREDICTION,src/tracking/advanced_tracker.py:kalman_homography,
S,7,4401,PREDICTION,src/tracking/advanced_tracker.py:kalman_homography,
S,8,4401,PREDICTION,src/tracking/advanced_tracker.py:kalman_homography,
S,4,4401,PREDICTION,src/tracking/advanced_tracker.py:flow_gapfill_batched,
S,6,4401,PREDICTION,src/tracking/advanced_tracker.py:flow_gapfill_batched,
D,6,4401
S,5,4401,PREDICTION,src/tracking/advanced_tracker.py:id_merge,
L,4,4401,PREDICTION,src/tracking/advanced_tracker.py:flow_gapfill_batched,
R,CLAMP,CLAMP,0
L,5,4401,PREDICTION,src/tracking/advanced_tracker.py:id_merge,
R,CLAMP,CLAMP,0
L,7,4401,PREDICTION,src/tracking/advanced_tracker.py:kalman_homography,
R,CLAMP,CLAMP,0
L,8,4401,PREDICTION,src/tracking/advanced_tracker.py:kalman_homography,
R,CLAMP,CLAMP,0
L,9,4401,CLAMP,src/tracking/advanced_tracker.py:_activate_slot,4401_-10_217_600_533
R,CLAMP,CLAMP,0
A,4401
S,4,4407,DETECTION,src/tracking/advanced_tracker.py:_activate_slot,4407_-15_383_621_964
S,9,4407,CLAMP,src/tracking/advanced_tracker.py:_activate_slot,4407_-10_191_597_579
S,5,4407,DETECTION,src/tracking/advanced_tracker.py:_activate_slot,4407_223_840_349_962
S,7,4407,PREDICTION,src/tracking/advanced_tracker.py:kalman_homography,
S,8,4407,PREDICTION,src/tracking/advanced_tracker.py:kalman_homography,
L,4,4407,DETECTION,src/tracking/advanced_tracker.py:_activate_slot,4407_-15_383_621_964
R,CLAMP,CLAMP,0
L,5,4407,DETECTION,src/tracking/advanced_tracker.py:_activate_slot,4407_223_840_349_962
R,CLAMP,CLAMP,0
L,7,4407,PREDICTION,src/tracking/advanced_tracker.py:kalman_homography,
R,CLAMP,CLAMP,0
L,8,4407,PREDICTION,src/tracking/advanced_tracker.py:kalman_homography,
R,CLAMP,CLAMP,0
L,9,4407,CLAMP,src/tracking/advanced_tracker.py:_activate_slot,4407_-10_191_597_579
R,CLAMP,CLAMP,0
A,4407
S,9,4413,CLAMP,src/tracking/advanced_tracker.py:_activate_slot,4413_-14_201_616_429
S,7,4413,DETECTION,src/tracking/advanced_tracker.py:_activate_slot,4413_-14_99_615_429
S,4,4413,PREDICTION,src/tracking/advanced_tracker.py:kalman_homography,
S,5,4413,PREDICTION,src/tracking/advanced_tracker.py:kalman_homography,
S,8,4413,PREDICTION,src/tracking/advanced_tracker.py:kalman_homography,
L,4,4413,PREDICTION,src/tracking/advanced_tracker.py:kalman_homography,
R,CLAMP,CLAMP,0
L,5,4413,PREDICTION,src/tracking/advanced_tracker.py:kalman_homography,
R,CLAMP,CLAMP,0
L,7,4413,DETECTION,src/tracking/advanced_tracker.py:_activate_slot,4413_-14_99_615_429
R,CLAMP,CLAMP,0
L,8,4413,PREDICTION,src/tracking/advanced_tracker.py:kalman_homography,
R,CLAMP,CLAMP,0
L,9,4413,CLAMP,src/tracking/advanced_tracker.py:_activate_slot,4413_-14_201_616_429
R,CLAMP,CLAMP,0
A,4413
S,9,4419,CLAMP,src/tracking/advanced_tracker.py:_activate_slot,4419_-15_146_554_340
S,4,4419,PREDICTION,src/tracking/advanced_tracker.py:kalman_homography,
S,5,4419,PREDICTION,src/tracking/advanced_tracker.py:kalman_homography,
S,7,4419,PREDICTION,src/tracking/advanced_tracker.py:kalman_homography,
S,8,4419,PREDICTION,src/tracking/advanced_tracker.py:kalman_homography,
L,4,4419,PREDICTION,src/tracking/advanced_tracker.py:kalman_homography,
R,CLAMP,CLAMP,0
L,5,4419,PREDICTION,src/tracking/advanced_tracker.py:kalman_homography,
R,CLAMP,CLAMP,0
L,7,4419,PREDICTION,src/tracking/advanced_tracker.py:kalman_homography,
R,CLAMP,CLAMP,0
L,8,4419,PREDICTION,src/tracking/advanced_tracker.py:kalman_homography,
R,CLAMP,CLAMP,0
L,9,4419,CLAMP,src/tracking/advanced_tracker.py:_activate_slot,4419_-15_146_554_340
R,CLAMP,CLAMP,0
A,4419
S,4,4425,PREDICTION,src/tracking/advanced_tracker.py:kalman_homography,
S,5,4425,PREDICTION,src/tracking/advanced_tracker.py:kalman_homography,
S,8,4425,PREDICTION,src/tracking/advanced_tracker.py:kalman_homography,
S,9,4425,PREDICTION,src/tracking/advanced_tracker.py:kalman_homography,
L,4,4425,PREDICTION,src/tracking/advanced_tracker.py:kalman_homography,
R,CLAMP,CLAMP,0
L,5,4425,PREDICTION,src/tracking/advanced_tracker.py:kalman_homography,
R,CLAMP,CLAMP,0
L,8,4425,PREDICTION,src/tracking/advanced_tracker.py:kalman_homography,
R,CLAMP,CLAMP,0
L,9,4425,PREDICTION,src/tracking/advanced_tracker.py:kalman_homography,
R,CLAMP,CLAMP,0
A,4425
S,4,4431,PREDICTION,src/tracking/advanced_tracker.py:kalman_homography,
S,5,4431,PREDICTION,src/tracking/advanced_tracker.py:kalman_homography,
S,8,4431,PREDICTION,src/tracking/advanced_tracker.py:kalman_homography,
L,4,4431,PREDICTION,src/tracking/advanced_tracker.py:kalman_homography,
R,CLAMP,CLAMP,0
L,5,4431,PREDICTION,src/tracking/advanced_tracker.py:kalman_homography,
R,CLAMP,CLAMP,0
L,8,4431,PREDICTION,src/tracking/advanced_tracker.py:kalman_homography,
R,CLAMP,CLAMP,0
A,4431
S,4,4437,DETECTION,src/tracking/advanced_tracker.py:_activate_slot,4437_165_552_551_1026
S,5,4437,PREDICTION,src/tracking/advanced_tracker.py:kalman_homography,
S,8,4437,PREDICTION,src/tracking/advanced_tracker.py:kalman_homography,
S,7,4437,PREDICTION,src/tracking/advanced_tracker.py:flow_gapfill_batched,
S,9,4437,PREDICTION,src/tracking/advanced_tracker.py:flow_gapfill_batched,
D,7,4437
S,9,4437,PREDICTION,src/tracking/advanced_tracker.py:id_merge,
L,4,4437,DETECTION,src/tracking/advanced_tracker.py:_activate_slot,4437_165_552_551_1026
R,CLAMP,CLAMP,0
L,5,4437,PREDICTION,src/tracking/advanced_tracker.py:kalman_homography,
R,CLAMP,CLAMP,0
L,8,4437,PREDICTION,src/tracking/advanced_tracker.py:kalman_homography,
R,CLAMP,CLAMP,0
L,9,4437,PREDICTION,src/tracking/advanced_tracker.py:id_merge,
R,CLAMP,CLAMP,0
A,4437
S,8,4443,DETECTION,src/tracking/advanced_tracker.py:_activate_slot,4443_81_376_523_517
S,4,4443,PREDICTION,src/tracking/advanced_tracker.py:kalman_homography,
S,5,4443,PREDICTION,src/tracking/advanced_tracker.py:kalman_homography,
S,7,4443,PREDICTION,src/tracking/advanced_tracker.py:flow_gapfill_batched,
S,9,4443,PREDICTION,src/tracking/advanced_tracker.py:flow_gapfill_batched,
L,4,4443,PREDICTION,src/tracking/advanced_tracker.py:kalman_homography,
R,CLAMP,CLAMP,0
L,5,4443,PREDICTION,src/tracking/advanced_tracker.py:kalman_homography,
R,CLAMP,CLAMP,0
L,7,4443,PREDICTION,src/tracking/advanced_tracker.py:flow_gapfill_batched,
R,CLAMP,CLAMP,0
L,8,4443,DETECTION,src/tracking/advanced_tracker.py:_activate_slot,4443_81_376_523_517
R,CLAMP,CLAMP,0
L,9,4443,PREDICTION,src/tracking/advanced_tracker.py:flow_gapfill_batched,
R,CLAMP,CLAMP,0
A,4443
S,8,4449,DETECTION,src/tracking/advanced_tracker.py:_activate_slot,4449_-10_226_522_453
S,6,4449,DETECTION,src/tracking/advanced_tracker.py:_activate_slot,4449_82_561_522_940
S,4,4449,PREDICTION,src/tracking/advanced_tracker.py:kalman_homography,
S,5,4449,PREDICTION,src/tracking/advanced_tracker.py:kalman_homography,
S,7,4449,PREDICTION,src/tracking/advanced_tracker.py:flow_gapfill_batched,
S,9,4449,PREDICTION,src/tracking/advanced_tracker.py:flow_gapfill_batched,
L,4,4449,PREDICTION,src/tracking/advanced_tracker.py:kalman_homography,
R,CLAMP,CLAMP,0
L,5,4449,PREDICTION,src/tracking/advanced_tracker.py:kalman_homography,
R,CLAMP,CLAMP,0
L,6,4449,DETECTION,src/tracking/advanced_tracker.py:_activate_slot,4449_82_561_522_940
R,CLAMP,CLAMP,0
L,7,4449,PREDICTION,src/tracking/advanced_tracker.py:flow_gapfill_batched,
R,CLAMP,CLAMP,0
L,8,4449,DETECTION,src/tracking/advanced_tracker.py:_activate_slot,4449_-10_226_522_453
R,CLAMP,CLAMP,0
L,9,4449,PREDICTION,src/tracking/advanced_tracker.py:flow_gapfill_batched,
R,CLAMP,CLAMP,0
A,4449
S,6,4455,DETECTION,src/tracking/advanced_tracker.py:_activate_slot,4455_56_649_493_965
S,4,4455,PREDICTION,src/tracking/advanced_tracker.py:kalman_homography,
S,8,4455,PREDICTION,src/tracking/advanced_tracker.py:kalman_homography,
S,7,4455,PREDICTION,src/tracking/advanced_tracker.py:flow_gapfill_batched,
L,4,4455,PREDICTION,src/tracking/advanced_tracker.py:kalman_homography,
R,CLAMP,CLAMP,0
L,6,4455,DETECTION,src/tracking/advanced_tracker.py:_activate_slot,4455_56_649_493_965
R,CLAMP,CLAMP,0
L,7,4455,PREDICTION,src/tracking/advanced_tracker.py:flow_gapfill_batched,
R,CLAMP,CLAMP,0
L,8,4455,PREDICTION,src/tracking/advanced_tracker.py:kalman_homography,
R,CLAMP,CLAMP,0
A,4455
S,4,4461,PREDICTION,src/tracking/advanced_tracker.py:kalman_homography,
S,6,4461,PREDICTION,src/tracking/advanced_tracker.py:kalman_homography,
S,8,4461,PREDICTION,src/tracking/advanced_tracker.py:kalman_homography,
S,7,4461,PREDICTION,src/tracking/advanced_tracker.py:flow_gapfill_batched,
D,7,4461
S,6,4461,PREDICTION,src/tracking/advanced_tracker.py:id_merge,
L,4,4461,PREDICTION,src/tracking/advanced_tracker.py:kalman_homography,
R,CLAMP,CLAMP,0
L,6,4461,PREDICTION,src/tracking/advanced_tracker.py:id_merge,
R,CLAMP,CLAMP,0
L,8,4461,PREDICTION,src/tracking/advanced_tracker.py:kalman_homography,
R,CLAMP,CLAMP,0
A,4461
S,0,4467,DETECTION,src/tracking/advanced_tracker.py:_activate_slot,4467_59_381_213_480
S,4,4467,PREDICTION,src/tracking/advanced_tracker.py:kalman_homography,
S,6,4467,PREDICTION,src/tracking/advanced_tracker.py:kalman_homography,
L,0,4467,DETECTION,src/tracking/advanced_tracker.py:_activate_slot,4467_59_381_213_480
R,CLAMP,CLAMP,0
L,4,4467,PREDICTION,src/tracking/advanced_tracker.py:kalman_homography,
R,CLAMP,CLAMP,0
L,6,4467,PREDICTION,src/tracking/advanced_tracker.py:kalman_homography,
R,CLAMP,CLAMP,0
A,4467
S,6,4473,DETECTION,src/tracking/advanced_tracker.py:_activate_slot,4473_-14_800_616_1295
S,0,4473,PREDICTION,src/tracking/advanced_tracker.py:kalman_homography,
S,4,4473,PREDICTION,src/tracking/advanced_tracker.py:kalman_homography,
S,8,4473,PREDICTION,src/tracking/advanced_tracker.py:flow_gapfill_batched,
L,0,4473,PREDICTION,src/tracking/advanced_tracker.py:kalman_homography,
R,CLAMP,CLAMP,0
L,4,4473,PREDICTION,src/tracking/advanced_tracker.py:kalman_homography,
R,CLAMP,CLAMP,0
L,6,4473,DETECTION,src/tracking/advanced_tracker.py:_activate_slot,4473_-14_800_616_1295
R,CLAMP,CLAMP,0
L,8,4473,PREDICTION,src/tracking/advanced_tracker.py:flow_gapfill_batched,
R,CLAMP,CLAMP,0
A,4473
S,5,4479,DETECTION,src/tracking/advanced_tracker.py:_activate_slot,4479_55_544_283_647
S,6,4479,DETECTION,src/tracking/advanced_tracker.py:_activate_slot,4479_-13_671_612_1293
S,0,4479,PREDICTION,src/tracking/advanced_tracker.py:kalman_homography,
S,8,4479,PREDICTION,src/tracking/advanced_tracker.py:flow_gapfill_batched,
L,0,4479,PREDICTION,src/tracking/advanced_tracker.py:kalman_homography,
R,CLAMP,CLAMP,0
L,5,4479,DETECTION,src/tracking/advanced_tracker.py:_activate_slot,4479_55_544_283_647
R,CLAMP,CLAMP,0
L,6,4479,DETECTION,src/tracking/advanced_tracker.py:_activate_slot,4479_-13_671_612_1293
R,CLAMP,CLAMP,0
L,8,4479,PREDICTION,src/tracking/advanced_tracker.py:flow_gapfill_batched,
R,CLAMP,CLAMP,0
A,4479
S,5,4485,DETECTION,src/tracking/advanced_tracker.py:_activate_slot,4485_58_511_292_620
S,6,4485,DETECTION,src/tracking/advanced_tracker.py:_activate_slot,4485_-11_772_615_1264
S,0,4485,PREDICTION,src/tracking/advanced_tracker.py:kalman_homography,
S,4,4485,PREDICTION,src/tracking/advanced_tracker.py:flow_gapfill_batched,
L,0,4485,PREDICTION,src/tracking/advanced_tracker.py:kalman_homography,
R,CLAMP,CLAMP,0
L,4,4485,PREDICTION,src/tracking/advanced_tracker.py:flow_gapfill_batched,
R,CLAMP,CLAMP,0
L,5,4485,DETECTION,src/tracking/advanced_tracker.py:_activate_slot,4485_58_511_292_620
R,CLAMP,CLAMP,0
L,6,4485,DETECTION,src/tracking/advanced_tracker.py:_activate_slot,4485_-11_772_615_1264
R,CLAMP,CLAMP,0
A,4485
S,1,4491,DETECTION,src/tracking/advanced_tracker.py:_activate_slot,4491_-11_71_490_420
S,2,4491,DETECTION,src/tracking/advanced_tracker.py:_activate_slot,4491_158_581_317_712
S,5,4491,DETECTION,src/tracking/advanced_tracker.py:_activate_slot,4491_69_499_309_606
S,6,4491,DETECTION,src/tracking/advanced_tracker.py:_activate_slot,4491_-15_709_619_1289
S,0,4491,PREDICTION,src/tracking/advanced_tracker.py:kalman_homography,
L,0,4491,PREDICTION,src/tracking/advanced_tracker.py:kalman_homography,
R,CLAMP,CLAMP,0
L,1,4491,DETECTION,src/tracking/advanced_tracker.py:_activate_slot,4491_-11_71_490_420
R,CLAMP,CLAMP,0
L,2,4491,DETECTION,src/tracking/advanced_tracker.py:_activate_slot,4491_158_581_317_712
R,CLAMP,CLAMP,0
L,5,4491,DETECTION,src/tracking/advanced_tracker.py:_activate_slot,4491_69_499_309_606
R,CLAMP,CLAMP,0
L,6,4491,DETECTION,src/tracking/advanced_tracker.py:_activate_slot,4491_-15_709_619_1289
R,CLAMP,CLAMP,0
A,4491
S,1,4497,DETECTION,src/tracking/advanced_tracker.py:_activate_slot,4497_61_123_516_443
S,4,4497,DETECTION,src/tracking/advanced_tracker.py:_activate_slot,4497_-14_748_617_1277
S,5,4497,DETECTION,src/tracking/advanced_tracker.py:_activate_slot,4497_83_520_323_624
S,3,4497,DETECTION,src/tracking/advanced_tracker.py:_activate_slot,4497_63_154_298_267
S,0,4497,PREDICTION,src/tracking/advanced_tracker.py:kalman_homography,
S,2,4497,PREDICTION,src/tracking/advanced_tracker.py:kalman_homography,
S,6,4497,PREDICTION,src/tracking/advanced_tracker.py:kalman_homography,
S,8,4497,PREDICTION,src/tracking/advanced_tracker.py:flow_gapfill_batched,
L,0,4497,PREDICTION,src/tracking/advanced_tracker.py:kalman_homography,
R,CLAMP,CLAMP,0
L,1,4497,DETECTION,src/tracking/advanced_tracker.py:_activate_slot,4497_61_123_516_443
R,CLAMP,CLAMP,0
L,2,4497,PREDICTION,src/tracking/advanced_tracker.py:kalman_homography,
R,CLAMP,CLAMP,0
L,3,4497,DETECTION,src/tracking/advanced_tracker.py:_activate_slot,4497_63_154_298_267
R,CLAMP,CLAMP,0
L,4,4497,DETECTION,src/tracking/advanced_tracker.py:_activate_slot,4497_-14_748_617_1277
R,CLAMP,CLAMP,0
L,5,4497,DETECTION,src/tracking/advanced_tracker.py:_activate_slot,4497_83_520_323_624
R,CLAMP,CLAMP,0
L,6,4497,PREDICTION,src/tracking/advanced_tracker.py:kalman_homography,
R,CLAMP,CLAMP,0
L,8,4497,PREDICTION,src/tracking/advanced_tracker.py:flow_gapfill_batched,
R,CLAMP,CLAMP,0
A,4497
S,6,4503,DETECTION,src/tracking/advanced_tracker.py:_activate_slot,4503_-15_796_617_1284
S,7,4503,DETECTION,src/tracking/advanced_tracker.py:_activate_slot,4503_12_311_512_665
S,0,4503,PREDICTION,src/tracking/advanced_tracker.py:kalman_homography,
S,1,4503,PREDICTION,src/tracking/advanced_tracker.py:kalman_homography,
S,2,4503,PREDICTION,src/tracking/advanced_tracker.py:kalman_homography,
S,3,4503,PREDICTION,src/tracking/advanced_tracker.py:kalman_homography,
S,4,4503,PREDICTION,src/tracking/advanced_tracker.py:kalman_homography,
S,5,4503,PREDICTION,src/tracking/advanced_tracker.py:kalman_homography,
L,0,4503,PREDICTION,src/tracking/advanced_tracker.py:kalman_homography,
R,CLAMP,CLAMP,0
L,1,4503,PREDICTION,src/tracking/advanced_tracker.py:kalman_homography,
R,CLAMP,CLAMP,0
L,2,4503,PREDICTION,src/tracking/advanced_tracker.py:kalman_homography,
R,CLAMP,CLAMP,0
L,3,4503,PREDICTION,src/tracking/advanced_tracker.py:kalman_homography,
R,CLAMP,CLAMP,0
L,4,4503,PREDICTION,src/tracking/advanced_tracker.py:kalman_homography,
R,CLAMP,CLAMP,0
L,5,4503,PREDICTION,src/tracking/advanced_tracker.py:kalman_homography,
R,CLAMP,CLAMP,0
L,6,4503,DETECTION,src/tracking/advanced_tracker.py:_activate_slot,4503_-15_796_617_1284
R,CLAMP,CLAMP,0
L,7,4503,DETECTION,src/tracking/advanced_tracker.py:_activate_slot,4503_12_311_512_665
R,CLAMP,CLAMP,0
A,4503
S,6,4509,DETECTION,src/tracking/advanced_tracker.py:_activate_slot,4509_-14_827_616_1293
S,7,4509,DETECTION,src/tracking/advanced_tracker.py:_activate_slot,4509_40_441_528_714
S,9,4509,DETECTION,src/tracking/advanced_tracker.py:_activate_slot,4509_169_380_318_479
S,0,4509,PREDICTION,src/tracking/advanced_tracker.py:kalman_homography,
S,1,4509,PREDICTION,src/tracking/advanced_tracker.py:kalman_homography,
S,2,4509,PREDICTION,src/tracking/advanced_tracker.py:kalman_homography,
S,3,4509,PREDICTION,src/tracking/advanced_tracker.py:kalman_homography,
S,4,4509,PREDICTION,src/tracking/advanced_tracker.py:kalman_homography,
S,5,4509,PREDICTION,src/tracking/advanced_tracker.py:kalman_homography,
L,0,4509,PREDICTION,src/tracking/advanced_tracker.py:kalman_homography,
R,CLAMP,CLAMP,0
L,1,4509,PREDICTION,src/tracking/advanced_tracker.py:kalman_homography,
R,CLAMP,CLAMP,0
L,2,4509,PREDICTION,src/tracking/advanced_tracker.py:kalman_homography,
R,CLAMP,CLAMP,0
L,3,4509,PREDICTION,src/tracking/advanced_tracker.py:kalman_homography,
R,CLAMP,CLAMP,0
L,4,4509,PREDICTION,src/tracking/advanced_tracker.py:kalman_homography,
R,CLAMP,CLAMP,0
L,5,4509,PREDICTION,src/tracking/advanced_tracker.py:kalman_homography,
R,CLAMP,CLAMP,0
L,6,4509,DETECTION,src/tracking/advanced_tracker.py:_activate_slot,4509_-14_827_616_1293
R,CLAMP,CLAMP,0
L,7,4509,DETECTION,src/tracking/advanced_tracker.py:_activate_slot,4509_40_441_528_714
R,CLAMP,CLAMP,0
L,9,4509,DETECTION,src/tracking/advanced_tracker.py:_activate_slot,4509_169_380_318_479
R,CLAMP,CLAMP,0
A,4509
S,6,4515,DETECTION,src/tracking/advanced_tracker.py:_activate_slot,4515_-13_841_611_1295
S,7,4515,DETECTION,src/tracking/advanced_tracker.py:_activate_slot,4515_20_491_519_783
S,9,4515,DETECTION,src/tracking/advanced_tracker.py:_activate_slot,4515_181_383_318_473
S,1,4515,PREDICTION,src/tracking/advanced_tracker.py:kalman_homography,
S,2,4515,PREDICTION,src/tracking/advanced_tracker.py:kalman_homography,
S,3,4515,PREDICTION,src/tracking/advanced_tracker.py:kalman_homography,
S,4,4515,PREDICTION,src/tracking/advanced_tracker.py:kalman_homography,
S,5,4515,PREDICTION,src/tracking/advanced_tracker.py:kalman_homography,
S,0,4515,PREDICTION,src/tracking/advanced_tracker.py:flow_gapfill_batched,
L,0,4515,PREDICTION,src/tracking/advanced_tracker.py:flow_gapfill_batched,
R,CLAMP,CLAMP,0
L,1,4515,PREDICTION,src/tracking/advanced_tracker.py:kalman_homography,
R,CLAMP,CLAMP,0
L,2,4515,PREDICTION,src/tracking/advanced_tracker.py:kalman_homography,
R,CLAMP,CLAMP,0
L,3,4515,PREDICTION,src/tracking/advanced_tracker.py:kalman_homography,
R,CLAMP,CLAMP,0
L,4,4515,PREDICTION,src/tracking/advanced_tracker.py:kalman_homography,
R,CLAMP,CLAMP,0
L,5,4515,PREDICTION,src/tracking/advanced_tracker.py:kalman_homography,
R,CLAMP,CLAMP,0
L,6,4515,DETECTION,src/tracking/advanced_tracker.py:_activate_slot,4515_-13_841_611_1295
R,CLAMP,CLAMP,0
L,7,4515,DETECTION,src/tracking/advanced_tracker.py:_activate_slot,4515_20_491_519_783
R,CLAMP,CLAMP,0
L,9,4515,DETECTION,src/tracking/advanced_tracker.py:_activate_slot,4515_181_383_318_473
R,CLAMP,CLAMP,0
A,4515
S,6,4521,DETECTION,src/tracking/advanced_tracker.py:_activate_slot,4521_-14_844_611_1294
S,7,4521,DETECTION,src/tracking/advanced_tracker.py:_activate_slot,4521_42_573_504_848
S,9,4521,DETECTION,src/tracking/advanced_tracker.py:_activate_slot,4521_141_424_328_503
S,1,4521,PREDICTION,src/tracking/advanced_tracker.py:kalman_homography,
S,2,4521,PREDICTION,src/tracking/advanced_tracker.py:kalman_homography,
S,3,4521,PREDICTION,src/tracking/advanced_tracker.py:kalman_homography,
S,4,4521,PREDICTION,src/tracking/advanced_tracker.py:kalman_homography,
S,5,4521,PREDICTION,src/tracking/advanced_tracker.py:kalman_homography,
D,5,4521
S,9,4521,PREDICTION,src/tracking/advanced_tracker.py:id_merge,
L,1,4521,PREDICTION,src/tracking/advanced_tracker.py:kalman_homography,
R,CLAMP,CLAMP,0
L,2,4521,PREDICTION,src/tracking/advanced_tracker.py:kalman_homography,
R,CLAMP,CLAMP,0
L,3,4521,PREDICTION,src/tracking/advanced_tracker.py:kalman_homography,
R,CLAMP,CLAMP,0
L,4,4521,PREDICTION,src/tracking/advanced_tracker.py:kalman_homography,
R,CLAMP,CLAMP,0
L,6,4521,DETECTION,src/tracking/advanced_tracker.py:_activate_slot,4521_-14_844_611_1294
R,CLAMP,CLAMP,0
L,7,4521,DETECTION,src/tracking/advanced_tracker.py:_activate_slot,4521_42_573_504_848
R,CLAMP,CLAMP,0
L,9,4521,PREDICTION,src/tracking/advanced_tracker.py:id_merge,
R,CLAMP,CLAMP,0
A,4521
S,6,4527,DETECTION,src/tracking/advanced_tracker.py:_activate_slot,4527_-14_840_615_1294
S,7,4527,DETECTION,src/tracking/advanced_tracker.py:_activate_slot,4527_26_592_481_891
S,5,4527,DETECTION,src/tracking/advanced_tracker.py:_activate_slot,4527_156_490_332_598
S,9,4527,DETECTION,src/tracking/advanced_tracker.py:_activate_slot,4527_145_468_327_553
S,1,4527,PREDICTION,src/tracking/advanced_tracker.py:kalman_homography,
S,2,4527,PREDICTION,src/tracking/advanced_tracker.py:kalman_homography,
S,3,4527,PREDICTION,src/tracking/advanced_tracker.py:kalman_homography,
S,4,4527,PREDICTION,src/tracking/advanced_tracker.py:kalman_homography,
D,5,4527
S,9,4527,PREDICTION,src/tracking/advanced_tracker.py:id_merge,
L,1,4527,PREDICTION,src/tracking/advanced_tracker.py:kalman_homography,
R,CLAMP,CLAMP,0
L,2,4527,PREDICTION,src/tracking/advanced_tracker.py:kalman_homography,
R,CLAMP,CLAMP,0
L,3,4527,PREDICTION,src/tracking/advanced_tracker.py:kalman_homography,
R,CLAMP,CLAMP,0
L,4,4527,PREDICTION,src/tracking/advanced_tracker.py:kalman_homography,
R,CLAMP,CLAMP,0
L,6,4527,DETECTION,src/tracking/advanced_tracker.py:_activate_slot,4527_-14_840_615_1294
R,CLAMP,CLAMP,0
L,7,4527,DETECTION,src/tracking/advanced_tracker.py:_activate_slot,4527_26_592_481_891
R,CLAMP,CLAMP,0
L,9,4527,PREDICTION,src/tracking/advanced_tracker.py:id_merge,
R,CLAMP,CLAMP,0
A,4527
S,6,4533,DETECTION,src/tracking/advanced_tracker.py:_activate_slot,4533_-14_841_618_1295
S,7,4533,DETECTION,src/tracking/advanced_tracker.py:_activate_slot,4533_62_661_493_953
S,1,4533,PREDICTION,src/tracking/advanced_tracker.py:kalman_homography,
S,2,4533,PREDICTION,src/tracking/advanced_tracker.py:kalman_homography,
S,3,4533,PREDICTION,src/tracking/advanced_tracker.py:kalman_homography,
S,4,4533,PREDICTION,src/tracking/advanced_tracker.py:kalman_homography,
S,5,4533,PREDICTION,src/tracking/advanced_tracker.py:kalman_homography,
S,9,4533,PREDICTION,src/tracking/advanced_tracker.py:kalman_homography,
D,5,4533
S,9,4533,PREDICTION,src/tracking/advanced_tracker.py:id_merge,
L,1,4533,PREDICTION,src/tracking/advanced_tracker.py:kalman_homography,
R,CLAMP,CLAMP,0
L,2,4533,PREDICTION,src/tracking/advanced_tracker.py:kalman_homography,
R,CLAMP,CLAMP,0
L,3,4533,PREDICTION,src/tracking/advanced_tracker.py:kalman_homography,
R,CLAMP,CLAMP,0
L,4,4533,PREDICTION,src/tracking/advanced_tracker.py:kalman_homography,
R,CLAMP,CLAMP,0
L,6,4533,DETECTION,src/tracking/advanced_tracker.py:_activate_slot,4533_-14_841_618_1295
R,CLAMP,CLAMP,0
L,7,4533,DETECTION,src/tracking/advanced_tracker.py:_activate_slot,4533_62_661_493_953
R,CLAMP,CLAMP,0
L,9,4533,PREDICTION,src/tracking/advanced_tracker.py:id_merge,
R,CLAMP,CLAMP,0
A,4533
S,4,4539,DETECTION,src/tracking/advanced_tracker.py:_activate_slot,4539_101_684_495_1044
S,6,4539,DETECTION,src/tracking/advanced_tracker.py:_activate_slot,4539_-15_862_608_1294
S,8,4539,DETECTION,src/tracking/advanced_tracker.py:_activate_slot,4539_83_121_496_420
S,3,4539,PREDICTION,src/tracking/advanced_tracker.py:kalman_homography,
S,5,4539,PREDICTION,src/tracking/advanced_tracker.py:kalman_homography,
S,7,4539,PREDICTION,src/tracking/advanced_tracker.py:kalman_homography,
S,9,4539,PREDICTION,src/tracking/advanced_tracker.py:kalman_homography,
S,1,4539,PREDICTION,src/tracking/advanced_tracker.py:flow_gapfill_batched,
S,2,4539,PREDICTION,src/tracking/advanced_tracker.py:flow_gapfill_batched,
D,5,4539
S,9,4539,PREDICTION,src/tracking/advanced_tracker.py:id_merge,
L,1,4539,PREDICTION,src/tracking/advanced_tracker.py:flow_gapfill_batched,
R,CLAMP,CLAMP,0
L,2,4539,PREDICTION,src/tracking/advanced_tracker.py:flow_gapfill_batched,
R,CLAMP,CLAMP,0
L,3,4539,PREDICTION,src/tracking/advanced_tracker.py:kalman_homography,
R,CLAMP,CLAMP,0
L,4,4539,DETECTION,src/tracking/advanced_tracker.py:_activate_slot,4539_101_684_495_1044
R,CLAMP,CLAMP,0
L,6,4539,DETECTION,src/tracking/advanced_tracker.py:_activate_slot,4539_-15_862_608_1294
R,CLAMP,CLAMP,0
L,7,4539,PREDICTION,src/tracking/advanced_tracker.py:kalman_homography,
R,CLAMP,CLAMP,0
L,8,4539,DETECTION,src/tracking/advanced_tracker.py:_activate_slot,4539_83_121_496_420
R,CLAMP,CLAMP,0
L,9,4539,PREDICTION,src/tracking/advanced_tracker.py:id_merge,
R,CLAMP,CLAMP,0
A,4539
S,6,4545,DETECTION,src/tracking/advanced_tracker.py:_activate_slot,4545_-15_910_612_1293
S,7,4545,DETECTION,src/tracking/advanced_tracker.py:_activate_slot,4545_98_675_492_1089
S,8,4545,DETECTION,src/tracking/advanced_tracker.py:_activate_slot,4545_80_181_501_486
S,4,4545,PREDICTION,src/tracking/advanced_tracker.py:kalman_homography,
S,5,4545,PREDICTION,src/tracking/advanced_tracker.py:kalman_homography,
S,9,4545,PREDICTION,src/tracking/advanced_tracker.py:kalman_homography,
S,1,4545,PREDICTION,src/tracking/advanced_tracker.py:flow_gapfill_batched,
S,3,4545,PREDICTION,src/tracking/advanced_tracker.py:flow_gapfill_batched,
D,5,4545
S,9,4545,PREDICTION,src/tracking/advanced_tracker.py:id_merge,
L,1,4545,PREDICTION,src/tracking/advanced_tracker.py:flow_gapfill_batched,
R,CLAMP,CLAMP,0
L,3,4545,PREDICTION,src/tracking/advanced_tracker.py:flow_gapfill_batched,
R,CLAMP,CLAMP,0
L,4,4545,PREDICTION,src/tracking/advanced_tracker.py:kalman_homography,
R,CLAMP,CLAMP,0
L,6,4545,DETECTION,src/tracking/advanced_tracker.py:_activate_slot,4545_-15_910_612_1293
R,CLAMP,CLAMP,0
L,7,4545,DETECTION,src/tracking/advanced_tracker.py:_activate_slot,4545_98_675_492_1089
R,CLAMP,CLAMP,0
L,8,4545,DETECTION,src/tracking/advanced_tracker.py:_activate_slot,4545_80_181_501_486
R,CLAMP,CLAMP,0
L,9,4545,PREDICTION,src/tracking/advanced_tracker.py:id_merge,
R,CLAMP,CLAMP,0
A,4545
S,4,4551,DETECTION,src/tracking/advanced_tracker.py:_activate_slot,4551_83_752_492_1036
S,6,4551,DETECTION,src/tracking/advanced_tracker.py:_activate_slot,4551_-14_1000_616_1294
S,7,4551,DETECTION,src/tracking/advanced_tracker.py:_activate_slot,4551_83_766_491_972
S,8,4551,DETECTION,src/tracking/advanced_tracker.py:_activate_slot,4551_91_237_508_571
S,5,4551,DETECTION,src/tracking/advanced_tracker.py:_activate_slot,4551_176_518_344_642
S,9,4551,PREDICTION,src/tracking/advanced_tracker.py:kalman_homography,
D,9,4551
S,5,4551,PREDICTION,src/tracking/advanced_tracker.py:id_merge,
L,4,4551,DETECTION,src/tracking/advanced_tracker.py:_activate_slot,4551_83_752_492_1036
R,CLAMP,CLAMP,0
L,5,4551,PREDICTION,src/tracking/advanced_tracker.py:id_merge,
R,CLAMP,CLAMP,0
L,6,4551,DETECTION,src/tracking/advanced_tracker.py:_activate_slot,4551_-14_1000_616_1294
R,CLAMP,CLAMP,0
L,7,4551,DETECTION,src/tracking/advanced_tracker.py:_activate_slot,4551_83_766_491_972
R,CLAMP,CLAMP,0
L,8,4551,DETECTION,src/tracking/advanced_tracker.py:_activate_slot,4551_91_237_508_571
R,CLAMP,CLAMP,0
A,4551
S,5,4557,DETECTION,src/tracking/advanced_tracker.py:_activate_slot,4557_99_582_351_716
S,6,4557,DETECTION,src/tracking/advanced_tracker.py:_activate_slot,4557_-13_1065_620_1295
S,7,4557,DETECTION,src/tracking/advanced_tracker.py:_activate_slot,4557_52_588_520_993
S,8,4557,DETECTION,src/tracking/advanced_tracker.py:_activate_slot,4557_72_259_512_640
S,4,4557,PREDICTION,src/tracking/advanced_tracker.py:kalman_homography,
S,9,4557,PREDICTION,src/tracking/advanced_tracker.py:kalman_homography,
D,9,4557
S,5,4557,PREDICTION,src/tracking/advanced_tracker.py:id_merge,
L,4,4557,PREDICTION,src/tracking/advanced_tracker.py:kalman_homography,
R,CLAMP,CLAMP,0
L,5,4557,PREDICTION,src/tracking/advanced_tracker.py:id_merge,
R,CLAMP,CLAMP,0
L,6,4557,DETECTION,src/tracking/advanced_tracker.py:_activate_slot,4557_-13_1065_620_1295
R,CLAMP,CLAMP,0
L,7,4557,DETECTION,src/tracking/advanced_tracker.py:_activate_slot,4557_52_588_520_993
R,CLAMP,CLAMP,0
L,8,4557,DETECTION,src/tracking/advanced_tracker.py:_activate_slot,4557_72_259_512_640
R,CLAMP,CLAMP,0
A,4557
S,4,4563,DETECTION,src/tracking/advanced_tracker.py:_activate_slot,4563_47_811_532_1172
S,7,4563,DETECTION,src/tracking/advanced_tracker.py:_activate_slot,4563_103_776_508_972
S,8,4563,DETECTION,src/tracking/advanced_tracker.py:_activate_slot,4563_65_286_508_596
S,5,4563,PREDICTION,src/tracking/advanced_tracker.py:kalman_homography,
S,6,4563,PREDICTION,src/tracking/advanced_tracker.py:kalman_homography,
S,9,4563,PREDICTION,src/tracking/advanced_tracker.py:kalman_homography,
D,9,4563
S,5,4563,PREDICTION,src/tracking/advanced_tracker.py:id_merge,
L,4,4563,DETECTION,src/tracking/advanced_tracker.py:_activate_slot,4563_47_811_532_1172
R,CLAMP,CLAMP,0
L,5,4563,PREDICTION,src/tracking/advanced_tracker.py:id_merge,
R,CLAMP,CLAMP,0
L,6,4563,PREDICTION,src/tracking/advanced_tracker.py:kalman_homography,
R,CLAMP,CLAMP,0
L,7,4563,DETECTION,src/tracking/advanced_tracker.py:_activate_slot,4563_103_776_508_972
R,CLAMP,CLAMP,0
L,8,4563,DETECTION,src/tracking/advanced_tracker.py:_activate_slot,4563_65_286_508_596
R,CLAMP,CLAMP,0
A,4563
S,0,4569,DETECTION,src/tracking/advanced_tracker.py:_activate_slot,4569_156_211_353_316
S,7,4569,DETECTION,src/tracking/advanced_tracker.py:_activate_slot,4569_108_710_495_1016
S,8,4569,DETECTION,src/tracking/advanced_tracker.py:_activate_slot,4569_57_354_493_648
S,4,4569,PREDICTION,src/tracking/advanced_tracker.py:kalman_homography,
S,5,4569,PREDICTION,src/tracking/advanced_tracker.py:kalman_homography,
S,6,4569,PREDICTION,src/tracking/advanced_tracker.py:kalman_homography,
S,9,4569,PREDICTION,src/tracking/advanced_tracker.py:kalman_homography,
D,9,4569
S,5,4569,PREDICTION,src/tracking/advanced_tracker.py:id_merge,
L,0,4569,DETECTION,src/tracking/advanced_tracker.py:_activate_slot,4569_156_211_353_316
R,CLAMP,CLAMP,0
L,4,4569,PREDICTION,src/tracking/advanced_tracker.py:kalman_homography,
R,CLAMP,CLAMP,0
L,5,4569,PREDICTION,src/tracking/advanced_tracker.py:id_merge,
R,CLAMP,CLAMP,0
L,6,4569,PREDICTION,src/tracking/advanced_tracker.py:kalman_homography,
R,CLAMP,CLAMP,0
L,7,4569,DETECTION,src/tracking/advanced_tracker.py:_activate_slot,4569_108_710_495_1016
R,CLAMP,CLAMP,0
L,8,4569,DETECTION,src/tracking/advanced_tracker.py:_activate_slot,4569_57_354_493_648
R,CLAMP,CLAMP,0
A,4569
S,5,4575,DETECTION,src/tracking/advanced_tracker.py:_activate_slot,4575_97_610_473_778
S,7,4575,DETECTION,src/tracking/advanced_tracker.py:_activate_slot,4575_83_755_490_1061
S,8,4575,DETECTION,src/tracking/advanced_tracker.py:_activate_slot,4575_51_290_490_694
S,0,4575,PREDICTION,src/tracking/advanced_tracker.py:kalman_homography,
S,4,4575,PREDICTION,src/tracking/advanced_tracker.py:kalman_homography,
S,6,4575,PREDICTION,src/tracking/advanced_tracker.py:kalman_homography,
S,9,4575,PREDICTION,src/tracking/advanced_tracker.py:flow_gapfill_batched,
L,0,4575,PREDICTION,src/tracking/advanced_tracker.py:kalman_homography,
R,CLAMP,CLAMP,0
L,4,4575,PREDICTION,src/tracking/advanced_tracker.py:kalman_homography,
R,CLAMP,CLAMP,0
L,5,4575,DETECTION,src/tracking/advanced_tracker.py:_activate_slot,4575_97_610_473_778
R,CLAMP,CLAMP,0
L,6,4575,PREDICTION,src/tracking/advanced_tracker.py:kalman_homography,
R,CLAMP,CLAMP,0
L,7,4575,DETECTION,src/tracking/advanced_tracker.py:_activate_slot,4575_83_755_490_1061
R,CLAMP,CLAMP,0
L,8,4575,DETECTION,src/tracking/advanced_tracker.py:_activate_slot,4575_51_290_490_694
R,CLAMP,CLAMP,0
L,9,4575,PREDICTION,src/tracking/advanced_tracker.py:flow_gapfill_batched,
R,CLAMP,CLAMP,0
A,4575
S,5,4581,DETECTION,src/tracking/advanced_tracker.py:_activate_slot,4581_70_571_474_814
S,7,4581,DETECTION,src/tracking/advanced_tracker.py:_activate_slot,4581_69_742_493_1017
S,8,4581,DETECTION,src/tracking/advanced_tracker.py:_activate_slot,4581_74_251_489_682
S,9,4581,DETECTION,src/tracking/advanced_tracker.py:_activate_slot,4581_106_776_250_893
S,0,4581,PREDICTION,src/tracking/advanced_tracker.py:kalman_homography,
S,4,4581,PREDICTION,src/tracking/advanced_tracker.py:kalman_homography,
S,6,4581,PREDICTION,src/tracking/advanced_tracker.py:flow_gapfill_batched,
L,0,4581,PREDICTION,src/tracking/advanced_tracker.py:kalman_homography,
R,CLAMP,CLAMP,0
L,4,4581,PREDICTION,src/tracking/advanced_tracker.py:kalman_homography,
R,CLAMP,CLAMP,0
L,5,4581,DETECTION,src/tracking/advanced_tracker.py:_activate_slot,4581_70_571_474_814
R,CLAMP,CLAMP,0
L,6,4581,PREDICTION,src/tracking/advanced_tracker.py:flow_gapfill_batched,
R,CLAMP,CLAMP,0
L,7,4581,DETECTION,src/tracking/advanced_tracker.py:_activate_slot,4581_69_742_493_1017
R,CLAMP,CLAMP,0
L,8,4581,DETECTION,src/tracking/advanced_tracker.py:_activate_slot,4581_74_251_489_682
R,CLAMP,CLAMP,0
L,9,4581,DETECTION,src/tracking/advanced_tracker.py:_activate_slot,4581_106_776_250_893
R,CLAMP,CLAMP,0
A,4581
S,2,4587,DETECTION,src/tracking/advanced_tracker.py:_activate_slot,4587_103_285_511_726
S,5,4587,DETECTION,src/tracking/advanced_tracker.py:_activate_slot,4587_68_599_493_865
S,7,4587,DETECTION,src/tracking/advanced_tracker.py:_activate_slot,4587_61_771_512_1003
S,0,4587,PREDICTION,src/tracking/advanced_tracker.py:kalman_homography,
S,4,4587,PREDICTION,src/tracking/advanced_tracker.py:kalman_homography,
S,8,4587,PREDICTION,src/tracking/advanced_tracker.py:kalman_homography,
S,9,4587,PREDICTION,src/tracking/advanced_tracker.py:kalman_homography,
S,6,4587,PREDICTION,src/tracking/advanced_tracker.py:flow_gapfill_batched,
L,0,4587,PREDICTION,src/tracking/advanced_tracker.py:kalman_homography,
R,CLAMP,CLAMP,0
L,2,4587,DETECTION,src/tracking/advanced_tracker.py:_activate_slot,4587_103_285_511_726
R,CLAMP,CLAMP,0
L,4,4587,PREDICTION,src/tracking/advanced_tracker.py:kalman_homography,
R,CLAMP,CLAMP,0
L,5,4587,DETECTION,src/tracking/advanced_tracker.py:_activate_slot,4587_68_599_493_865
R,CLAMP,CLAMP,0
L,6,4587,PREDICTION,src/tracking/advanced_tracker.py:flow_gapfill_batched,
R,CLAMP,CLAMP,0
L,7,4587,DETECTION,src/tracking/advanced_tracker.py:_activate_slot,4587_61_771_512_1003
R,CLAMP,CLAMP,0
L,8,4587,PREDICTION,src/tracking/advanced_tracker.py:kalman_homography,
R,CLAMP,CLAMP,0
L,9,4587,PREDICTION,src/tracking/advanced_tracker.py:kalman_homography,
R,CLAMP,CLAMP,0
A,4587
S,2,4593,DETECTION,src/tracking/advanced_tracker.py:_activate_slot,4593_95_309_527_779
S,5,4593,DETECTION,src/tracking/advanced_tracker.py:_activate_slot,4593_47_578_498_840
S,7,4593,DETECTION,src/tracking/advanced_tracker.py:_activate_slot,4593_51_711_370_967
S,0,4593,PREDICTION,src/tracking/advanced_tracker.py:kalman_homography,
S,4,4593,PREDICTION,src/tracking/advanced_tracker.py:kalman_homography,
S,8,4593,PREDICTION,src/tracking/advanced_tracker.py:kalman_homography,
S,9,4593,PREDICTION,src/tracking/advanced_tracker.py:kalman_homography,
S,6,4593,PREDICTION,src/tracking/advanced_tracker.py:flow_gapfill_batched,
D,9,4593
S,7,4593,PREDICTION,src/tracking/advanced_tracker.py:id_merge,
L,0,4593,PREDICTION,src/tracking/advanced_tracker.py:kalman_homography,
R,CLAMP,CLAMP,0
L,2,4593,DETECTION,src/tracking/advanced_tracker.py:_activate_slot,4593_95_309_527_779
R,CLAMP,CLAMP,0
L,4,4593,PREDICTION,src/tracking/advanced_tracker.py:kalman_homography,
R,CLAMP,CLAMP,0
L,5,4593,DETECTION,src/tracking/advanced_tracker.py:_activate_slot,4593_47_578_498_840
R,CLAMP,CLAMP,0
L,6,4593,PREDICTION,src/tracking/advanced_tracker.py:flow_gapfill_batched,
R,CLAMP,CLAMP,0
L,7,4593,PREDICTION,src/tracking/advanced_tracker.py:id_merge,
R,CLAMP,CLAMP,0
L,8,4593,PREDICTION,src/tracking/advanced_tracker.py:kalman_homography,
R,CLAMP,CLAMP,0
A,4593
S,2,4599,DETECTION,src/tracking/advanced_tracker.py:_activate_slot,4599_34_365_519_751
S,7,4599,DETECTION,src/tracking/advanced_tracker.py:_activate_slot,4599_4_604_501_922
S,0,4599,PREDICTION,src/tracking/advanced_tracker.py:kalman_homography,
S,4,4599,PREDICTION,src/tracking/advanced_tracker.py:kalman_homography,
S,5,4599,PREDICTION,src/tracking/advanced_tracker.py:kalman_homography,
S,8,4599,PREDICTION,src/tracking/advanced_tracker.py:kalman_homography,
S,9,4599,PREDICTION,src/tracking/advanced_tracker.py:kalman_homography,
S,6,4599,PREDICTION,src/tracking/advanced_tracker.py:flow_gapfill_batched,
D,5,4599
S,7,4599,PREDICTION,src/tracking/advanced_tracker.py:id_merge,
L,0,4599,PREDICTION,src/tracking/advanced_tracker.py:kalman_homography,
R,CLAMP,CLAMP,0
L,2,4599,DETECTION,src/tracking/advanced_tracker.py:_activate_slot,4599_34_365_519_751
R,CLAMP,CLAMP,0
L,4,4599,PREDICTION,src/tracking/advanced_tracker.py:kalman_homography,
R,CLAMP,CLAMP,0
L,6,4599,PREDICTION,src/tracking/advanced_tracker.py:flow_gapfill_batched,
R,CLAMP,CLAMP,0
L,7,4599,PREDICTION,src/tracking/advanced_tracker.py:id_merge,
R,CLAMP,CLAMP,0
L,8,4599,PREDICTION,src/tracking/advanced_tracker.py:kalman_homography,
R,CLAMP,CLAMP,0
L,9,4599,PREDICTION,src/tracking/advanced_tracker.py:kalman_homography,
R,CLAMP,CLAMP,0
A,4599
S,1,4605,DETECTION,src/tracking/advanced_tracker.py:_activate_slot,4605_249_1065_360_1159
S,7,4605,DETECTION,src/tracking/advanced_tracker.py:_activate_slot,4605_24_447_522_899
S,0,4605,PREDICTION,src/tracking/advanced_tracker.py:kalman_homography,
S,2,4605,PREDICTION,src/tracking/advanced_tracker.py:kalman_homography,
S,4,4605,PREDICTION,src/tracking/advanced_tracker.py:kalman_homography,
S,5,4605,PREDICTION,src/tracking/advanced_tracker.py:kalman_homography,
S,8,4605,PREDICTION,src/tracking/advanced_tracker.py:kalman_homography,
S,9,4605,PREDICTION,src/tracking/advanced_tracker.py:kalman_homography,
S,6,4605,PREDICTION,src/tracking/advanced_tracker.py:flow_gapfill_batched,
D,5,4605
S,7,4605,PREDICTION,src/tracking/advanced_tracker.py:id_merge,
L,0,4605,PREDICTION,src/tracking/advanced_tracker.py:kalman_homography,
R,CLAMP,CLAMP,0
L,1,4605,DETECTION,src/tracking/advanced_tracker.py:_activate_slot,4605_249_1065_360_1159
R,CLAMP,CLAMP,0
L,2,4605,PREDICTION,src/tracking/advanced_tracker.py:kalman_homography,
R,CLAMP,CLAMP,0
L,4,4605,PREDICTION,src/tracking/advanced_tracker.py:kalman_homography,
R,CLAMP,CLAMP,0
L,6,4605,PREDICTION,src/tracking/advanced_tracker.py:flow_gapfill_batched,
R,CLAMP,CLAMP,0
L,7,4605,PREDICTION,src/tracking/advanced_tracker.py:id_merge,
R,CLAMP,CLAMP,0
L,8,4605,PREDICTION,src/tracking/advanced_tracker.py:kalman_homography,
R,CLAMP,CLAMP,0
L,9,4605,PREDICTION,src/tracking/advanced_tracker.py:kalman_homography,
R,CLAMP,CLAMP,0
A,4605
S,0,4611,PREDICTION,src/tracking/advanced_tracker.py:kalman_homography,
S,1,4611,PREDICTION,src/tracking/advanced_tracker.py:kalman_homography,
S,2,4611,PREDICTION,src/tracking/advanced_tracker.py:kalman_homography,
S,5,4611,PREDICTION,src/tracking/advanced_tracker.py:kalman_homography,
S,7,4611,PREDICTION,src/tracking/advanced_tracker.py:kalman_homography,
S,8,4611,PREDICTION,src/tracking/advanced_tracker.py:kalman_homography,
S,9,4611,PREDICTION,src/tracking/advanced_tracker.py:kalman_homography,
S,4,4611,PREDICTION,src/tracking/advanced_tracker.py:flow_gapfill_batched,
L,0,4611,PREDICTION,src/tracking/advanced_tracker.py:kalman_homography,
R,CLAMP,CLAMP,0
L,1,4611,PREDICTION,src/tracking/advanced_tracker.py:kalman_homography,
R,CLAMP,CLAMP,0
L,2,4611,PREDICTION,src/tracking/advanced_tracker.py:kalman_homography,
R,CLAMP,CLAMP,0
L,4,4611,PREDICTION,src/tracking/advanced_tracker.py:flow_gapfill_batched,
R,CLAMP,CLAMP,0
L,5,4611,PREDICTION,src/tracking/advanced_tracker.py:kalman_homography,
R,CLAMP,CLAMP,0
L,7,4611,PREDICTION,src/tracking/advanced_tracker.py:kalman_homography,
R,CLAMP,CLAMP,0
L,8,4611,PREDICTION,src/tracking/advanced_tracker.py:kalman_homography,
R,CLAMP,CLAMP,0
L,9,4611,PREDICTION,src/tracking/advanced_tracker.py:kalman_homography,
R,CLAMP,CLAMP,0
A,4611
S,1,4617,PREDICTION,src/tracking/advanced_tracker.py:kalman_homography,
S,2,4617,PREDICTION,src/tracking/advanced_tracker.py:kalman_homography,
S,5,4617,PREDICTION,src/tracking/advanced_tracker.py:kalman_homography,
S,7,4617,PREDICTION,src/tracking/advanced_tracker.py:kalman_homography,
S,8,4617,PREDICTION,src/tracking/advanced_tracker.py:kalman_homography,
S,9,4617,PREDICTION,src/tracking/advanced_tracker.py:kalman_homography,
S,0,4617,PREDICTION,src/tracking/advanced_tracker.py:flow_gapfill_batched,
D,8,4617
S,7,4617,PREDICTION,src/tracking/advanced_tracker.py:id_merge,
L,0,4617,PREDICTION,src/tracking/advanced_tracker.py:flow_gapfill_batched,
R,CLAMP,CLAMP,0
L,1,4617,PREDICTION,src/tracking/advanced_tracker.py:kalman_homography,
R,CLAMP,CLAMP,0
L,2,4617,PREDICTION,src/tracking/advanced_tracker.py:kalman_homography,
R,CLAMP,CLAMP,0
L,5,4617,PREDICTION,src/tracking/advanced_tracker.py:kalman_homography,
R,CLAMP,CLAMP,0
L,7,4617,PREDICTION,src/tracking/advanced_tracker.py:id_merge,
R,CLAMP,CLAMP,0
L,9,4617,PREDICTION,src/tracking/advanced_tracker.py:kalman_homography,
R,CLAMP,CLAMP,0
A,4617
S,1,4623,PREDICTION,src/tracking/advanced_tracker.py:kalman_homography,
S,2,4623,PREDICTION,src/tracking/advanced_tracker.py:kalman_homography,
S,5,4623,PREDICTION,src/tracking/advanced_tracker.py:kalman_homography,
S,7,4623,PREDICTION,src/tracking/advanced_tracker.py:kalman_homography,
S,8,4623,PREDICTION,src/tracking/advanced_tracker.py:kalman_homography,
S,9,4623,PREDICTION,src/tracking/advanced_tracker.py:kalman_homography,
D,8,4623
S,7,4623,PREDICTION,src/tracking/advanced_tracker.py:id_merge,
L,1,4623,PREDICTION,src/tracking/advanced_tracker.py:kalman_homography,
R,CLAMP,CLAMP,0
L,2,4623,PREDICTION,src/tracking/advanced_tracker.py:kalman_homography,
R,CLAMP,CLAMP,0
L,5,4623,PREDICTION,src/tracking/advanced_tracker.py:kalman_homography,
R,CLAMP,CLAMP,0
L,7,4623,PREDICTION,src/tracking/advanced_tracker.py:id_merge,
R,CLAMP,CLAMP,0
L,9,4623,PREDICTION,src/tracking/advanced_tracker.py:kalman_homography,
R,CLAMP,CLAMP,0
A,4623
S,1,4629,PREDICTION,src/tracking/advanced_tracker.py:kalman_homography,
S,2,4629,PREDICTION,src/tracking/advanced_tracker.py:kalman_homography,
S,5,4629,PREDICTION,src/tracking/advanced_tracker.py:kalman_homography,
S,7,4629,PREDICTION,src/tracking/advanced_tracker.py:kalman_homography,
S,8,4629,PREDICTION,src/tracking/advanced_tracker.py:flow_gapfill_batched,
S,9,4629,PREDICTION,src/tracking/advanced_tracker.py:flow_gapfill_batched,
D,8,4629
S,7,4629,PREDICTION,src/tracking/advanced_tracker.py:id_merge,
L,1,4629,PREDICTION,src/tracking/advanced_tracker.py:kalman_homography,
R,CLAMP,CLAMP,0
L,2,4629,PREDICTION,src/tracking/advanced_tracker.py:kalman_homography,
R,CLAMP,CLAMP,0
L,5,4629,PREDICTION,src/tracking/advanced_tracker.py:kalman_homography,
R,CLAMP,CLAMP,0
L,7,4629,PREDICTION,src/tracking/advanced_tracker.py:id_merge,
R,CLAMP,CLAMP,0
L,9,4629,PREDICTION,src/tracking/advanced_tracker.py:flow_gapfill_batched,
R,CLAMP,CLAMP,0
A,4629
S,3,4635,DETECTION,src/tracking/advanced_tracker.py:_activate_slot,4635_404_271_512_365
S,1,4635,PREDICTION,src/tracking/advanced_tracker.py:kalman_homography,
S,2,4635,PREDICTION,src/tracking/advanced_tracker.py:kalman_homography,
S,5,4635,PREDICTION,src/tracking/advanced_tracker.py:kalman_homography,
S,7,4635,PREDICTION,src/tracking/advanced_tracker.py:kalman_homography,
L,1,4635,PREDICTION,src/tracking/advanced_tracker.py:kalman_homography,
R,CLAMP,CLAMP,0
L,2,4635,PREDICTION,src/tracking/advanced_tracker.py:kalman_homography,
R,CLAMP,CLAMP,0
L,3,4635,DETECTION,src/tracking/advanced_tracker.py:_activate_slot,4635_404_271_512_365
R,CLAMP,CLAMP,0
L,5,4635,PREDICTION,src/tracking/advanced_tracker.py:kalman_homography,
R,CLAMP,CLAMP,0
L,7,4635,PREDICTION,src/tracking/advanced_tracker.py:kalman_homography,
R,CLAMP,CLAMP,0
A,4635
S,3,4641,DETECTION,src/tracking/advanced_tracker.py:_activate_slot,4641_401_279_508_375
S,1,4641,PREDICTION,src/tracking/advanced_tracker.py:kalman_homography,
S,2,4641,PREDICTION,src/tracking/advanced_tracker.py:kalman_homography,
S,7,4641,PREDICTION,src/tracking/advanced_tracker.py:kalman_homography,
S,5,4641,PREDICTION,src/tracking/advanced_tracker.py:flow_gapfill_batched,
L,1,4641,PREDICTION,src/tracking/advanced_tracker.py:kalman_homography,
R,CLAMP,CLAMP,0
L,2,4641,PREDICTION,src/tracking/advanced_tracker.py:kalman_homography,
R,CLAMP,CLAMP,0
L,3,4641,DETECTION,src/tracking/advanced_tracker.py:_activate_slot,4641_401_279_508_375
R,CLAMP,CLAMP,0
L,5,4641,PREDICTION,src/tracking/advanced_tracker.py:flow_gapfill_batched,
R,CLAMP,CLAMP,0
L,7,4641,PREDICTION,src/tracking/advanced_tracker.py:kalman_homography,
R,CLAMP,CLAMP,0
A,4641
S,6,4647,DETECTION,src/tracking/advanced_tracker.py:_activate_slot,4647_331_1177_575_1295
S,1,4647,PREDICTION,src/tracking/advanced_tracker.py:kalman_homography,
S,3,4647,PREDICTION,src/tracking/advanced_tracker.py:kalman_homography,
S,7,4647,PREDICTION,src/tracking/advanced_tracker.py:kalman_homography,
S,2,4647,PREDICTION,src/tracking/advanced_tracker.py:flow_gapfill_batched,
L,1,4647,PREDICTION,src/tracking/advanced_tracker.py:kalman_homography,
R,CLAMP,CLAMP,0
L,2,4647,PREDICTION,src/tracking/advanced_tracker.py:flow_gapfill_batched,
R,CLAMP,CLAMP,0
L,3,4647,PREDICTION,src/tracking/advanced_tracker.py:kalman_homography,
R,CLAMP,CLAMP,0
L,6,4647,DETECTION,src/tracking/advanced_tracker.py:_activate_slot,4647_331_1177_575_1295
R,CLAMP,CLAMP,0
L,7,4647,PREDICTION,src/tracking/advanced_tracker.py:kalman_homography,
R,CLAMP,CLAMP,0
A,4647
S,6,4653,DETECTION,src/tracking/advanced_tracker.py:_activate_slot,4653_351_1193_563_1295
S,7,4653,DETECTION,src/tracking/advanced_tracker.py:_activate_slot,4653_401_284_509_380
S,3,4653,PREDICTION,src/tracking/advanced_tracker.py:kalman_homography,
L,3,4653,PREDICTION,src/tracking/advanced_tracker.py:kalman_homography,
R,CLAMP,CLAMP,0
L,6,4653,DETECTION,src/tracking/advanced_tracker.py:_activate_slot,4653_351_1193_563_1295
R,CLAMP,CLAMP,0
L,7,4653,DETECTION,src/tracking/advanced_tracker.py:_activate_slot,4653_401_284_509_380
R,CLAMP,CLAMP,0
A,4653
S,6,4659,DETECTION,src/tracking/advanced_tracker.py:_activate_slot,4659_355_1191_581_1295
S,7,4659,DETECTION,src/tracking/advanced_tracker.py:_activate_slot,4659_323_509_476_600
S,3,4659,PREDICTION,src/tracking/advanced_tracker.py:kalman_homography,
L,3,4659,PREDICTION,src/tracking/advanced_tracker.py:kalman_homography,
R,CLAMP,CLAMP,0
L,6,4659,DETECTION,src/tracking/advanced_tracker.py:_activate_slot,4659_355_1191_581_1295
R,CLAMP,CLAMP,0
L,7,4659,DETECTION,src/tracking/advanced_tracker.py:_activate_slot,4659_323_509_476_600
R,CLAMP,CLAMP,0
A,4659
S,6,4665,DETECTION,src/tracking/advanced_tracker.py:_activate_slot,4665_357_1187_599_1295
S,7,4665,DETECTION,src/tracking/advanced_tracker.py:_activate_slot,4665_324_513_473_603
S,3,4665,PREDICTION,src/tracking/advanced_tracker.py:kalman_homography,
L,3,4665,PREDICTION,src/tracking/advanced_tracker.py:kalman_homography,
R,CLAMP,CLAMP,0
L,6,4665,DETECTION,src/tracking/advanced_tracker.py:_activate_slot,4665_357_1187_599_1295
R,CLAMP,CLAMP,0
L,7,4665,DETECTION,src/tracking/advanced_tracker.py:_activate_slot,4665_324_513_473_603
R,CLAMP,CLAMP,0
A,4665
S,6,4671,DETECTION,src/tracking/advanced_tracker.py:_activate_slot,4671_381_1197_604_1295
S,7,4671,DETECTION,src/tracking/advanced_tracker.py:_activate_slot,4671_343_509_493_599
S,8,4671,DETECTION,src/tracking/advanced_tracker.py:_activate_slot,4671_165_122_528_294
S,9,4671,DETECTION,src/tracking/advanced_tracker.py:_activate_slot,4671_358_987_565_1131
S,3,4671,PREDICTION,src/tracking/advanced_tracker.py:kalman_homography,
L,3,4671,PREDICTION,src/tracking/advanced_tracker.py:kalman_homography,
R,CLAMP,CLAMP,0
L,6,4671,DETECTION,src/tracking/advanced_tracker.py:_activate_slot,4671_381_1197_604_1295
R,CLAMP,CLAMP,0
L,7,4671,DETECTION,src/tracking/advanced_tracker.py:_activate_slot,4671_343_509_493_599
R,CLAMP,CLAMP,0
L,8,4671,DETECTION,src/tracking/advanced_tracker.py:_activate_slot,4671_165_122_528_294
R,CLAMP,CLAMP,0
L,9,4671,DETECTION,src/tracking/advanced_tracker.py:_activate_slot,4671_358_987_565_1131
R,CLAMP,CLAMP,0
A,4671
S,6,4677,DETECTION,src/tracking/advanced_tracker.py:_activate_slot,4677_399_1193_613_1295
S,7,4677,DETECTION,src/tracking/advanced_tracker.py:_activate_slot,4677_357_501_510_591
S,9,4677,DETECTION,src/tracking/advanced_tracker.py:_activate_slot,4677_366_988_580_1139
S,8,4677,DETECTION,src/tracking/advanced_tracker.py:_activate_slot,4677_202_137_536_290
S,3,4677,PREDICTION,src/tracking/advanced_tracker.py:kalman_homography,
L,3,4677,PREDICTION,src/tracking/advanced_tracker.py:kalman_homography,
R,CLAMP,CLAMP,0
L,6,4677,DETECTION,src/tracking/advanced_tracker.py:_activate_slot,4677_399_1193_613_1295
R,CLAMP,CLAMP,0
L,7,4677,DETECTION,src/tracking/advanced_tracker.py:_activate_slot,4677_357_501_510_591
R,CLAMP,CLAMP,0
L,8,4677,DETECTION,src/tracking/advanced_tracker.py:_activate_slot,4677_202_137_536_290
R,CLAMP,CLAMP,0
L,9,4677,DETECTION,src/tracking/advanced_tracker.py:_activate_slot,4677_366_988_580_1139
R,CLAMP,CLAMP,0
A,4677
S,6,4683,DETECTION,src/tracking/advanced_tracker.py:_activate_slot,4683_401_1190_618_1294
S,7,4683,DETECTION,src/tracking/advanced_tracker.py:_activate_slot,4683_369_485_531_575
S,8,4683,DETECTION,src/tracking/advanced_tracker.py:_activate_slot,4683_220_150_549_297
S,9,4683,DETECTION,src/tracking/advanced_tracker.py:_activate_slot,4683_375_1004_595_1150
S,5,4683,DETECTION,src/tracking/advanced_tracker.py:_activate_slot,4683_218_102_556_299
S,3,4683,PREDICTION,src/tracking/advanced_tracker.py:kalman_homography,
D,5,4683
S,8,4683,PREDICTION,src/tracking/advanced_tracker.py:id_merge,
L,3,4683,PREDICTION,src/tracking/advanced_tracker.py:kalman_homography,
R,CLAMP,CLAMP,0
L,6,4683,DETECTION,src/tracking/advanced_tracker.py:_activate_slot,4683_401_1190_618_1294
R,CLAMP,CLAMP,0
L,7,4683,DETECTION,src/tracking/advanced_tracker.py:_activate_slot,4683_369_485_531_575
R,CLAMP,CLAMP,0
L,8,4683,PREDICTION,src/tracking/advanced_tracker.py:id_merge,
R,CLAMP,CLAMP,0
L,9,4683,DETECTION,src/tracking/advanced_tracker.py:_activate_slot,4683_375_1004_595_1150
R,CLAMP,CLAMP,0
A,4683
S,7,4689,DETECTION,src/tracking/advanced_tracker.py:_activate_slot,4689_364_474_522_563
S,8,4689,DETECTION,src/tracking/advanced_tracker.py:_activate_slot,4689_240_141_559_292
S,9,4689,DETECTION,src/tracking/advanced_tracker.py:_activate_slot,4689_388_1009_589_1115
S,5,4689,PREDICTION,src/tracking/advanced_tracker.py:kalman_homography,
S,6,4689,PREDICTION,src/tracking/advanced_tracker.py:kalman_homography,
S,3,4689,PREDICTION,src/tracking/advanced_tracker.py:flow_gapfill_batched,
D,5,4689
S,8,4689,PREDICTION,src/tracking/advanced_tracker.py:id_merge,
L,3,4689,PREDICTION,src/tracking/advanced_tracker.py:flow_gapfill_batched,
R,CLAMP,CLAMP,0
L,6,4689,PREDICTION,src/tracking/advanced_tracker.py:kalman_homography,
R,CLAMP,CLAMP,0
L,7,4689,DETECTION,src/tracking/advanced_tracker.py:_activate_slot,4689_364_474_522_563
R,CLAMP,CLAMP,0
L,8,4689,PREDICTION,src/tracking/advanced_tracker.py:id_merge,
R,CLAMP,CLAMP,0
L,9,4689,DETECTION,src/tracking/advanced_tracker.py:_activate_slot,4689_388_1009_589_1115
R,CLAMP,CLAMP,0
A,4689
S,7,4695,DETECTION,src/tracking/advanced_tracker.py:_activate_slot,4695_356_472_507_558
S,8,4695,DETECTION,src/tracking/advanced_tracker.py:_activate_slot,4695_253_148_572_264
S,9,4695,DETECTION,src/tracking/advanced_tracker.py:_activate_slot,4695_376_1012_582_1130
S,6,4695,DETECTION,src/tracking/advanced_tracker.py:_activate_slot,4695_390_1217_603_1295
S,5,4695,PREDICTION,src/tracking/advanced_tracker.py:kalman_homography,
D,5,4695
S,8,4695,PREDICTION,src/tracking/advanced_tracker.py:id_merge,
L,6,4695,DETECTION,src/tracking/advanced_tracker.py:_activate_slot,4695_390_1217_603_1295
R,CLAMP,CLAMP,0
L,7,4695,DETECTION,src/tracking/advanced_tracker.py:_activate_slot,4695_356_472_507_558
R,CLAMP,CLAMP,0
L,8,4695,PREDICTION,src/tracking/advanced_tracker.py:id_merge,
R,CLAMP,CLAMP,0
L,9,4695,DETECTION,src/tracking/advanced_tracker.py:_activate_slot,4695_376_1012_582_1130
R,CLAMP,CLAMP,0
A,4695
S,0,4701,DETECTION,src/tracking/advanced_tracker.py:_activate_slot,4701_345_822_482_900
S,7,4701,DETECTION,src/tracking/advanced_tracker.py:_activate_slot,4701_346_474_496_566
S,8,4701,DETECTION,src/tracking/advanced_tracker.py:_activate_slot,4701_298_151_560_279
S,9,4701,DETECTION,src/tracking/advanced_tracker.py:_activate_slot,4701_363_1012_563_1156
S,1,4701,DETECTION,src/tracking/advanced_tracker.py:_activate_slot,4701_380_1217_576_1295
S,5,4701,PREDICTION,src/tracking/advanced_tracker.py:kalman_homography,
S,6,4701,PREDICTION,src/tracking/advanced_tracker.py:kalman_homography,
D,5,4701
S,8,4701,PREDICTION,src/tracking/advanced_tracker.py:id_merge,
L,0,4701,DETECTION,src/tracking/advanced_tracker.py:_activate_slot,4701_345_822_482_900
R,CLAMP,CLAMP,0
L,1,4701,DETECTION,src/tracking/advanced_tracker.py:_activate_slot,4701_380_1217_576_1295
R,CLAMP,CLAMP,0
L,6,4701,PREDICTION,src/tracking/advanced_tracker.py:kalman_homography,
R,CLAMP,CLAMP,0
L,7,4701,DETECTION,src/tracking/advanced_tracker.py:_activate_slot,4701_346_474_496_566
R,CLAMP,CLAMP,0
L,8,4701,PREDICTION,src/tracking/advanced_tracker.py:id_merge,
R,CLAMP,CLAMP,0
L,9,4701,DETECTION,src/tracking/advanced_tracker.py:_activate_slot,4701_363_1012_563_1156
R,CLAMP,CLAMP,0
A,4701
S,8,4707,DETECTION,src/tracking/advanced_tracker.py:_activate_slot,4707_296_141_567_274
S,7,4707,DETECTION,src/tracking/advanced_tracker.py:_activate_slot,4707_336_476_498_570
S,0,4707,PREDICTION,src/tracking/advanced_tracker.py:kalman_homography,
S,1,4707,PREDICTION,src/tracking/advanced_tracker.py:kalman_homography,
S,5,4707,PREDICTION,src/tracking/advanced_tracker.py:kalman_homography,
S,6,4707,PREDICTION,src/tracking/advanced_tracker.py:kalman_homography,
S,9,4707,PREDICTION,src/tracking/advanced_tracker.py:kalman_homography,
D,5,4707
S,8,4707,PREDICTION,src/tracking/advanced_tracker.py:id_merge,
L,0,4707,PREDICTION,src/tracking/advanced_tracker.py:kalman_homography,
R,CLAMP,CLAMP,0
L,1,4707,PREDICTION,src/tracking/advanced_tracker.py:kalman_homography,
R,CLAMP,CLAMP,0
L,6,4707,PREDICTION,src/tracking/advanced_tracker.py:kalman_homography,
R,CLAMP,CLAMP,0
L,7,4707,DETECTION,src/tracking/advanced_tracker.py:_activate_slot,4707_336_476_498_570
R,CLAMP,CLAMP,0
L,8,4707,PREDICTION,src/tracking/advanced_tracker.py:id_merge,
R,CLAMP,CLAMP,0
L,9,4707,PREDICTION,src/tracking/advanced_tracker.py:kalman_homography,
R,CLAMP,CLAMP,0
A,4707
S,0,4713,DETECTION,src/tracking/advanced_tracker.py:_activate_slot,4713_337_827_486_903
S,9,4713,DETECTION,src/tracking/advanced_tracker.py:_activate_slot,4713_359_1071_586_1233
S,7,4713,DETECTION,src/tracking/advanced_tracker.py:_activate_slot,4713_336_478_487_574
S,2,4713,DETECTION,src/tracking/advanced_tracker.py:_activate_slot,4713_335_1155_453_1241
S,1,4713,PREDICTION,src/tracking/advanced_tracker.py:kalman_homography,
S,5,4713,PREDICTION,src/tracking/advanced_tracker.py:kalman_homography,
S,6,4713,PREDICTION,src/tracking/advanced_tracker.py:kalman_homography,
S,8,4713,PREDICTION,src/tracking/advanced_tracker.py:kalman_homography,
D,5,4713
S,8,4713,PREDICTION,src/tracking/advanced_tracker.py:id_merge,
L,0,4713,DETECTION,src/tracking/advanced_tracker.py:_activate_slot,4713_337_827_486_903
R,CLAMP,CLAMP,0
L,1,4713,PREDICTION,src/tracking/advanced_tracker.py:kalman_homography,
R,CLAMP,CLAMP,0
L,2,4713,DETECTION,src/tracking/advanced_tracker.py:_activate_slot,4713_335_1155_453_1241
R,CLAMP,CLAMP,0
L,6,4713,PREDICTION,src/tracking/advanced_tracker.py:kalman_homography,
R,CLAMP,CLAMP,0
L,7,4713,DETECTION,src/tracking/advanced_tracker.py:_activate_slot,4713_336_478_487_574
R,CLAMP,CLAMP,0
L,8,4713,PREDICTION,src/tracking/advanced_tracker.py:id_merge,
R,CLAMP,CLAMP,0
L,9,4713,DETECTION,src/tracking/advanced_tracker.py:_activate_slot,4713_359_1071_586_1233
R,CLAMP,CLAMP,0
A,4713
S,6,4719,DETECTION,src/tracking/advanced_tracker.py:_activate_slot,4719_336_826_487_904
S,9,4719,DETECTION,src/tracking/advanced_tracker.py:_activate_slot,4719_363_1073_575_1227
S,0,4719,PREDICTION,src/tracking/advanced_tracker.py:kalman_homography,
S,1,4719,PREDICTION,src/tracking/advanced_tracker.py:kalman_homography,
S,2,4719,PREDICTION,src/tracking/advanced_tracker.py:kalman_homography,
S,5,4719,PREDICTION,src/tracking/advanced_tracker.py:kalman_homography,
S,7,4719,PREDICTION,src/tracking/advanced_tracker.py:kalman_homography,
S,8,4719,PREDICTION,src/tracking/advanced_tracker.py:kalman_homography,
D,5,4719
S,8,4719,PREDICTION,src/tracking/advanced_tracker.py:id_merge,
L,0,4719,PREDICTION,src/tracking/advanced_tracker.py:kalman_homography,
R,CLAMP,CLAMP,0
L,1,4719,PREDICTION,src/tracking/advanced_tracker.py:kalman_homography,
R,CLAMP,CLAMP,0
L,2,4719,PREDICTION,src/tracking/advanced_tracker.py:kalman_homography,
R,CLAMP,CLAMP,0
L,6,4719,DETECTION,src/tracking/advanced_tracker.py:_activate_slot,4719_336_826_487_904
R,CLAMP,CLAMP,0
L,7,4719,PREDICTION,src/tracking/advanced_tracker.py:kalman_homography,
R,CLAMP,CLAMP,0
L,8,4719,PREDICTION,src/tracking/advanced_tracker.py:id_merge,
R,CLAMP,CLAMP,0
L,9,4719,DETECTION,src/tracking/advanced_tracker.py:_activate_slot,4719_363_1073_575_1227
R,CLAMP,CLAMP,0
A,4719
S,6,4725,DETECTION,src/tracking/advanced_tracker.py:_activate_slot,4725_355_751_536_837
S,0,4725,PREDICTION,src/tracking/advanced_tracker.py:kalman_homography,
S,1,4725,PREDICTION,src/tracking/advanced_tracker.py:kalman_homography,
S,2,4725,PREDICTION,src/tracking/advanced_tracker.py:kalman_homography,
S,5,4725,PREDICTION,src/tracking/advanced_tracker.py:kalman_homography,
S,7,4725,PREDICTION,src/tracking/advanced_tracker.py:kalman_homography,
S,8,4725,PREDICTION,src/tracking/advanced_tracker.py:kalman_homography,
S,9,4725,PREDICTION,src/tracking/advanced_tracker.py:kalman_homography,
D,5,4725
S,8,4725,PREDICTION,src/tracking/advanced_tracker.py:id_merge,
L,0,4725,PREDICTION,src/tracking/advanced_tracker.py:kalman_homography,
R,CLAMP,CLAMP,0
L,1,4725,PREDICTION,src/tracking/advanced_tracker.py:kalman_homography,
R,CLAMP,CLAMP,0
L,2,4725,PREDICTION,src/tracking/advanced_tracker.py:kalman_homography,
R,CLAMP,CLAMP,0
L,6,4725,DETECTION,src/tracking/advanced_tracker.py:_activate_slot,4725_355_751_536_837
R,CLAMP,CLAMP,0
L,7,4725,PREDICTION,src/tracking/advanced_tracker.py:kalman_homography,
R,CLAMP,CLAMP,0
L,8,4725,PREDICTION,src/tracking/advanced_tracker.py:id_merge,
R,CLAMP,CLAMP,0
L,9,4725,PREDICTION,src/tracking/advanced_tracker.py:kalman_homography,
R,CLAMP,CLAMP,0
A,4725
S,9,4731,DETECTION,src/tracking/advanced_tracker.py:_activate_slot,4731_322_1181_584_1295
S,0,4731,PREDICTION,src/tracking/advanced_tracker.py:kalman_homography,
S,1,4731,PREDICTION,src/tracking/advanced_tracker.py:kalman_homography,
S,2,4731,PREDICTION,src/tracking/advanced_tracker.py:kalman_homography,
S,6,4731,PREDICTION,src/tracking/advanced_tracker.py:kalman_homography,
S,7,4731,PREDICTION,src/tracking/advanced_tracker.py:kalman_homography,
S,8,4731,PREDICTION,src/tracking/advanced_tracker.py:kalman_homography,
L,0,4731,PREDICTION,src/tracking/advanced_tracker.py:kalman_homography,
R,CLAMP,CLAMP,0
L,1,4731,PREDICTION,src/tracking/advanced_tracker.py:kalman_homography,
R,CLAMP,CLAMP,0
L,2,4731,PREDICTION,src/tracking/advanced_tracker.py:kalman_homography,
R,CLAMP,CLAMP,0
L,6,4731,PREDICTION,src/tracking/advanced_tracker.py:kalman_homography,
R,CLAMP,CLAMP,0
L,7,4731,PREDICTION,src/tracking/advanced_tracker.py:kalman_homography,
R,CLAMP,CLAMP,0
L,8,4731,PREDICTION,src/tracking/advanced_tracker.py:kalman_homography,
R,CLAMP,CLAMP,0
L,9,4731,DETECTION,src/tracking/advanced_tracker.py:_activate_slot,4731_322_1181_584_1295
R,CLAMP,CLAMP,0
A,4731
S,0,4737,PREDICTION,src/tracking/advanced_tracker.py:kalman_homography,
S,1,4737,PREDICTION,src/tracking/advanced_tracker.py:kalman_homography,
S,2,4737,PREDICTION,src/tracking/advanced_tracker.py:kalman_homography,
S,6,4737,PREDICTION,src/tracking/advanced_tracker.py:kalman_homography,
S,7,4737,PREDICTION,src/tracking/advanced_tracker.py:kalman_homography,
S,8,4737,PREDICTION,src/tracking/advanced_tracker.py:kalman_homography,
S,9,4737,PREDICTION,src/tracking/advanced_tracker.py:kalman_homography,
D,7,4737
S,6,4737,PREDICTION,src/tracking/advanced_tracker.py:id_merge,
L,0,4737,PREDICTION,src/tracking/advanced_tracker.py:kalman_homography,
R,CLAMP,CLAMP,0
L,1,4737,PREDICTION,src/tracking/advanced_tracker.py:kalman_homography,
R,CLAMP,CLAMP,0
L,2,4737,PREDICTION,src/tracking/advanced_tracker.py:kalman_homography,
R,CLAMP,CLAMP,0
L,6,4737,PREDICTION,src/tracking/advanced_tracker.py:id_merge,
R,CLAMP,CLAMP,0
L,8,4737,PREDICTION,src/tracking/advanced_tracker.py:kalman_homography,
R,CLAMP,CLAMP,0
L,9,4737,PREDICTION,src/tracking/advanced_tracker.py:kalman_homography,
R,CLAMP,CLAMP,0
A,4737
S,9,4743,DETECTION,src/tracking/advanced_tracker.py:_activate_slot,4743_329_1145_572_1271
S,6,4743,DETECTION,src/tracking/advanced_tracker.py:_activate_slot,4743_323_473_470_565
S,7,4743,DETECTION,src/tracking/advanced_tracker.py:_activate_slot,4743_326_477_518_653
S,0,4743,PREDICTION,src/tracking/advanced_tracker.py:kalman_homography,
S,1,4743,PREDICTION,src/tracking/advanced_tracker.py:kalman_homography,
S,2,4743,PREDICTION,src/tracking/advanced_tracker.py:kalman_homography,
S,8,4743,PREDICTION,src/tracking/advanced_tracker.py:kalman_homography,
D,6,4743
S,7,4743,PREDICTION,src/tracking/advanced_tracker.py:id_merge,
L,0,4743,PREDICTION,src/tracking/advanced_tracker.py:kalman_homography,
R,CLAMP,CLAMP,0
L,1,4743,PREDICTION,src/tracking/advanced_tracker.py:kalman_homography,
R,CLAMP,CLAMP,0
L,2,4743,PREDICTION,src/tracking/advanced_tracker.py:kalman_homography,
R,CLAMP,CLAMP,0
L,7,4743,PREDICTION,src/tracking/advanced_tracker.py:id_merge,
R,CLAMP,CLAMP,0
L,8,4743,PREDICTION,src/tracking/advanced_tracker.py:kalman_homography,
R,CLAMP,CLAMP,0
L,9,4743,DETECTION,src/tracking/advanced_tracker.py:_activate_slot,4743_329_1145_572_1271
R,CLAMP,CLAMP,0
A,4743
S,0,4749,DETECTION,src/tracking/advanced_tracker.py:_activate_slot,4749_327_820_453_900
S,6,4749,DETECTION,src/tracking/advanced_tracker.py:_activate_slot,4749_398_382_513_474
S,7,4749,DETECTION,src/tracking/advanced_tracker.py:_activate_slot,4749_331_475_479_563
S,9,4749,DETECTION,src/tracking/advanced_tracker.py:_activate_slot,4749_324_1109_564_1251
S,2,4749,PREDICTION,src/tracking/advanced_tracker.py:kalman_homography,
S,8,4749,PREDICTION,src/tracking/advanced_tracker.py:kalman_homography,
S,1,4749,PREDICTION,src/tracking/advanced_tracker.py:flow_gapfill_batched,
D,6,4749
S,7,4749,PREDICTION,src/tracking/advanced_tracker.py:id_merge,
L,0,4749,DETECTION,src/tracking/advanced_tracker.py:_activate_slot,4749_327_820_453_900
R,CLAMP,CLAMP,0
L,1,4749,PREDICTION,src/tracking/advanced_tracker.py:flow_gapfill_batched,
R,CLAMP,CLAMP,0
L,2,4749,PREDICTION,src/tracking/advanced_tracker.py:kalman_homography,
R,CLAMP,CLAMP,0
L,7,4749,PREDICTION,src/tracking/advanced_tracker.py:id_merge,
R,CLAMP,CLAMP,0
L,8,4749,PREDICTION,src/tracking/advanced_tracker.py:kalman_homography,
R,CLAMP,CLAMP,0
L,9,4749,DETECTION,src/tracking/advanced_tracker.py:_activate_slot,4749_324_1109_564_1251
R,CLAMP,CLAMP,0
A,4749
S,0,4755,DETECTION,src/tracking/advanced_tracker.py:_activate_slot,4755_328_827_450_905
S,6,4755,DETECTION,src/tracking/advanced_tracker.py:_activate_slot,4755_405_263_510_356
S,7,4755,DETECTION,src/tracking/advanced_tracker.py:_activate_slot,4755_329_483_477_571
S,2,4755,PREDICTION,src/tracking/advanced_tracker.py:kalman_homography,
S,9,4755,PREDICTION,src/tracking/advanced_tracker.py:kalman_homography,
S,8,4755,PREDICTION,src/tracking/advanced_tracker.py:flow_gapfill_batched,
L,0,4755,DETECTION,src/tracking/advanced_tracker.py:_activate_slot,4755_328_827_450_905
R,CLAMP,CLAMP,0
L,2,4755,PREDICTION,src/tracking/advanced_tracker.py:kalman_homography,
R,CLAMP,CLAMP,0
L,6,4755,DETECTION,src/tracking/advanced_tracker.py:_activate_slot,4755_405_263_510_356
R,CLAMP,CLAMP,0
L,7,4755,DETECTION,src/tracking/advanced_tracker.py:_activate_slot,4755_329_483_477_571
R,CLAMP,CLAMP,0
L,8,4755,PREDICTION,src/tracking/advanced_tracker.py:flow_gapfill_batched,
R,CLAMP,CLAMP,0
L,9,4755,PREDICTION,src/tracking/advanced_tracker.py:kalman_homography,
R,CLAMP,CLAMP,0
A,4755
S,5,4761,DETECTION,src/tracking/advanced_tracker.py:_activate_slot,4761_289_156_506_277
S,7,4761,DETECTION,src/tracking/advanced_tracker.py:_activate_slot,4761_320_515_465_605
S,0,4761,PREDICTION,src/tracking/advanced_tracker.py:kalman_homography,
S,6,4761,PREDICTION,src/tracking/advanced_tracker.py:kalman_homography,
S,9,4761,PREDICTION,src/tracking/advanced_tracker.py:kalman_homography,
S,2,4761,PREDICTION,src/tracking/advanced_tracker.py:flow_gapfill_batched,
D,6,4761
S,5,4761,PREDICTION,src/tracking/advanced_tracker.py:id_merge,
L,0,4761,PREDICTION,src/tracking/advanced_tracker.py:kalman_homography,
R,CLAMP,CLAMP,0
L,2,4761,PREDICTION,src/tracking/advanced_tracker.py:flow_gapfill_batched,
R,CLAMP,CLAMP,0
L,5,4761,PREDICTION,src/tracking/advanced_tracker.py:id_merge,
R,CLAMP,CLAMP,0
L,7,4761,DETECTION,src/tracking/advanced_tracker.py:_activate_slot,4761_320_515_465_605
R,CLAMP,CLAMP,0
L,9,4761,PREDICTION,src/tracking/advanced_tracker.py:kalman_homography,
R,CLAMP,CLAMP,0
A,4761
S,5,4767,DETECTION,src/tracking/advanced_tracker.py:_activate_slot,4767_271_187_485_286
S,0,4767,PREDICTION,src/tracking/advanced_tracker.py:kalman_homography,
S,7,4767,PREDICTION,src/tracking/advanced_tracker.py:kalman_homography,
S,9,4767,PREDICTION,src/tracking/advanced_tracker.py:kalman_homography,
S,6,4767,PREDICTION,src/tracking/advanced_tracker.py:flow_gapfill_batched,
D,6,4767
S,5,4767,PREDICTION,src/tracking/advanced_tracker.py:id_merge,
L,0,4767,PREDICTION,src/tracking/advanced_tracker.py:kalman_homography,
R,CLAMP,CLAMP,0
L,5,4767,PREDICTION,src/tracking/advanced_tracker.py:id_merge,
R,CLAMP,CLAMP,0
L,7,4767,PREDICTION,src/tracking/advanced_tracker.py:kalman_homography,
R,CLAMP,CLAMP,0
L,9,4767,PREDICTION,src/tracking/advanced_tracker.py:kalman_homography,
R,CLAMP,CLAMP,0
A,4767
S,5,4773,DETECTION,src/tracking/advanced_tracker.py:_activate_slot,4773_210_150_508_294
S,7,4773,DETECTION,src/tracking/advanced_tracker.py:_activate_slot,4773_359_523_473_613
S,3,4773,DETECTION,src/tracking/advanced_tracker.py:_activate_slot,4773_252_317_471_418
S,0,4773,PREDICTION,src/tracking/advanced_tracker.py:kalman_homography,
S,9,4773,PREDICTION,src/tracking/advanced_tracker.py:kalman_homography,
S,6,4773,PREDICTION,src/tracking/advanced_tracker.py:flow_gapfill_batched,
D,6,4773
S,5,4773,PREDICTION,src/tracking/advanced_tracker.py:id_merge,
L,0,4773,PREDICTION,src/tracking/advanced_tracker.py:kalman_homography,
R,CLAMP,CLAMP,0
L,3,4773,DETECTION,src/tracking/advanced_tracker.py:_activate_slot,4773_252_317_471_418
R,CLAMP,CLAMP,0
L,5,4773,PREDICTION,src/tracking/advanced_tracker.py:id_merge,
R,CLAMP,CLAMP,0
L,7,4773,DETECTION,src/tracking/advanced_tracker.py:_activate_slot,4773_359_523_473_613
R,CLAMP,CLAMP,0
L,9,4773,PREDICTION,src/tracking/advanced_tracker.py:kalman_homography,
R,CLAMP,CLAMP,0
A,4773
S,7,4779,DETECTION,src/tracking/advanced_tracker.py:_activate_slot,4779_236_488_505_622
S,0,4779,PREDICTION,src/tracking/advanced_tracker.py:kalman_homography,
S,3,4779,PREDICTION,src/tracking/advanced_tracker.py:kalman_homography,
S,5,4779,PREDICTION,src/tracking/advanced_tracker.py:kalman_homography,
S,9,4779,PREDICTION,src/tracking/advanced_tracker.py:kalman_homography,
S,6,4779,PREDICTION,src/tracking/advanced_tracker.py:flow_gapfill_batched,
D,6,4779
S,5,4779,PREDICTION,src/tracking/advanced_tracker.py:id_merge,
L,0,4779,PREDICTION,src/tracking/advanced_tracker.py:kalman_homography,
R,CLAMP,CLAMP,0
L,3,4779,PREDICTION,src/tracking/advanced_tracker.py:kalman_homography,
R,CLAMP,CLAMP,0
L,5,4779,PREDICTION,src/tracking/advanced_tracker.py:id_merge,
R,CLAMP,CLAMP,0
L,7,4779,DETECTION,src/tracking/advanced_tracker.py:_activate_slot,4779_236_488_505_622
R,CLAMP,CLAMP,0
L,9,4779,PREDICTION,src/tracking/advanced_tracker.py:kalman_homography,
R,CLAMP,CLAMP,0
A,4779
S,4,4785,DETECTION,src/tracking/advanced_tracker.py:_activate_slot,4785_251_193_585_297
S,0,4785,PREDICTION,src/tracking/advanced_tracker.py:kalman_homography,
S,3,4785,PREDICTION,src/tracking/advanced_tracker.py:kalman_homography,
S,5,4785,PREDICTION,src/tracking/advanced_tracker.py:kalman_homography,
S,7,4785,PREDICTION,src/tracking/advanced_tracker.py:kalman_homography,
S,9,4785,PREDICTION,src/tracking/advanced_tracker.py:kalman_homography,
S,6,4785,PREDICTION,src/tracking/advanced_tracker.py:flow_gapfill_batched,
L,0,4785,PREDICTION,src/tracking/advanced_tracker.py:kalman_homography,
R,CLAMP,CLAMP,0
L,3,4785,PREDICTION,src/tracking/advanced_tracker.py:kalman_homography,
R,CLAMP,CLAMP,0
L,4,4785,DETECTION,src/tracking/advanced_tracker.py:_activate_slot,4785_251_193_585_297
R,CLAMP,CLAMP,0
L,5,4785,PREDICTION,src/tracking/advanced_tracker.py:kalman_homography,
R,CLAMP,CLAMP,0
L,6,4785,PREDICTION,src/tracking/advanced_tracker.py:flow_gapfill_batched,
R,CLAMP,CLAMP,0
L,7,4785,PREDICTION,src/tracking/advanced_tracker.py:kalman_homography,
R,CLAMP,CLAMP,0
L,9,4785,PREDICTION,src/tracking/advanced_tracker.py:kalman_homography,
R,CLAMP,CLAMP,0
A,4785
S,9,4791,DETECTION,src/tracking/advanced_tracker.py:_activate_slot,4791_248_1023_619_1229
S,5,4791,DETECTION,src/tracking/advanced_tracker.py:_activate_slot,4791_196_213_616_340
S,0,4791,PREDICTION,src/tracking/advanced_tracker.py:kalman_homography,
S,3,4791,PREDICTION,src/tracking/advanced_tracker.py:kalman_homography,
S,4,4791,PREDICTION,src/tracking/advanced_tracker.py:kalman_homography,
S,7,4791,PREDICTION,src/tracking/advanced_tracker.py:kalman_homography,
S,6,4791,PREDICTION,src/tracking/advanced_tracker.py:flow_gapfill_batched,
L,0,4791,PREDICTION,src/tracking/advanced_tracker.py:kalman_homography,
R,CLAMP,CLAMP,0
L,3,4791,PREDICTION,src/tracking/advanced_tracker.py:kalman_homography,
R,CLAMP,CLAMP,0
L,4,4791,PREDICTION,src/tracking/advanced_tracker.py:kalman_homography,
R,CLAMP,CLAMP,0
L,5,4791,DETECTION,src/tracking/advanced_tracker.py:_activate_slot,4791_196_213_616_340
R,CLAMP,CLAMP,0
L,6,4791,PREDICTION,src/tracking/advanced_tracker.py:flow_gapfill_batched,
R,CLAMP,CLAMP,0
L,7,4791,PREDICTION,src/tracking/advanced_tracker.py:kalman_homography,
R,CLAMP,CLAMP,0
L,9,4791,DETECTION,src/tracking/advanced_tracker.py:_activate_slot,4791_248_1023_619_1229
R,CLAMP,CLAMP,0
A,4791
S,1,4797,DETECTION,src/tracking/advanced_tracker.py:_activate_slot,4797_265_582_623_786
S,5,4797,DETECTION,src/tracking/advanced_tracker.py:_activate_slot,4797_125_150_620_397
S,9,4797,DETECTION,src/tracking/advanced_tracker.py:_activate_slot,4797_247_981_625_1213
S,8,4797,DETECTION,src/tracking/advanced_tracker.py:_activate_slot,4797_130_266_621_615
S,0,4797,PREDICTION,src/tracking/advanced_tracker.py:kalman_homography,
S,3,4797,PREDICTION,src/tracking/advanced_tracker.py:kalman_homography,
S,4,4797,PREDICTION,src/tracking/advanced_tracker.py:kalman_homography,
S,7,4797,PREDICTION,src/tracking/advanced_tracker.py:kalman_homography,
S,6,4797,PREDICTION,src/tracking/advanced_tracker.py:flow_gapfill_batched,
L,0,4797,PREDICTION,src/tracking/advanced_tracker.py:kalman_homography,
R,CLAMP,CLAMP,0
L,1,4797,DETECTION,src/tracking/advanced_tracker.py:_activate_slot,4797_265_582_623_786
R,CLAMP,CLAMP,0
L,3,4797,PREDICTION,src/tracking/advanced_tracker.py:kalman_homography,
R,CLAMP,CLAMP,0
L,4,4797,PREDICTION,src/tracking/advanced_tracker.py:kalman_homography,
R,CLAMP,CLAMP,0
L,5,4797,DETECTION,src/tracking/advanced_tracker.py:_activate_slot,4797_125_150_620_397
R,CLAMP,CLAMP,0
L,6,4797,PREDICTION,src/tracking/advanced_tracker.py:flow_gapfill_batched,
R,CLAMP,CLAMP,0
L,7,4797,PREDICTION,src/tracking/advanced_tracker.py:kalman_homography,
R,CLAMP,CLAMP,0
L,8,4797,DETECTION,src/tracking/advanced_tracker.py:_activate_slot,4797_130_266_621_615
R,CLAMP,CLAMP,0
L,9,4797,DETECTION,src/tracking/advanced_tracker.py:_activate_slot,4797_247_981_625_1213
R,CLAMP,CLAMP,0
A,4797
S,5,4803,DETECTION,src/tracking/advanced_tracker.py:_activate_slot,4803_100_99_618_343
S,8,4803,DETECTION,src/tracking/advanced_tracker.py:_activate_slot,4803_61_155_616_657
S,1,4803,PREDICTION,src/tracking/advanced_tracker.py:kalman_homography,
S,3,4803,PREDICTION,src/tracking/advanced_tracker.py:kalman_homography,
S,4,4803,PREDICTION,src/tracking/advanced_tracker.py:kalman_homography,
S,7,4803,PREDICTION,src/tracking/advanced_tracker.py:kalman_homography,
S,9,4803,PREDICTION,src/tracking/advanced_tracker.py:kalman_homography,
S,0,4803,PREDICTION,src/tracking/advanced_tracker.py:flow_gapfill_batched,
S,6,4803,PREDICTION,src/tracking/advanced_tracker.py:flow_gapfill_batched,
L,0,4803,PREDICTION,src/tracking/advanced_tracker.py:flow_gapfill_batched,
R,CLAMP,CLAMP,0
L,1,4803,PREDICTION,src/tracking/advanced_tracker.py:kalman_homography,
R,CLAMP,CLAMP,0
L,3,4803,PREDICTION,src/tracking/advanced_tracker.py:kalman_homography,
R,CLAMP,CLAMP,0
L,4,4803,PREDICTION,src/tracking/advanced_tracker.py:kalman_homography,
R,CLAMP,CLAMP,0
L,5,4803,DETECTION,src/tracking/advanced_tracker.py:_activate_slot,4803_100_99_618_343
R,CLAMP,CLAMP,0
L,6,4803,PREDICTION,src/tracking/advanced_tracker.py:flow_gapfill_batched,
R,CLAMP,CLAMP,0
L,7,4803,PREDICTION,src/tracking/advanced_tracker.py:kalman_homography,
R,CLAMP,CLAMP,0
L,8,4803,DETECTION,src/tracking/advanced_tracker.py:_activate_slot,4803_61_155_616_657
R,CLAMP,CLAMP,0
L,9,4803,PREDICTION,src/tracking/advanced_tracker.py:kalman_homography,
R,CLAMP,CLAMP,0
A,4803
S,2,4809,DETECTION,src/tracking/advanced_tracker.py:_activate_slot,4809_12_209_618_714
S,1,4809,PREDICTION,src/tracking/advanced_tracker.py:kalman_homography,
S,3,4809,PREDICTION,src/tracking/advanced_tracker.py:kalman_homography,
S,4,4809,PREDICTION,src/tracking/advanced_tracker.py:kalman_homography,
S,5,4809,PREDICTION,src/tracking/advanced_tracker.py:kalman_homography,
S,7,4809,PREDICTION,src/tracking/advanced_tracker.py:kalman_homography,
S,8,4809,PREDICTION,src/tracking/advanced_tracker.py:kalman_homography,
S,9,4809,PREDICTION,src/tracking/advanced_tracker.py:kalman_homography,
L,1,4809,PREDICTION,src/tracking/advanced_tracker.py:kalman_homography,
R,CLAMP,CLAMP,0
L,2,4809,DETECTION,src/tracking/advanced_tracker.py:_activate_slot,4809_12_209_618_714
R,CLAMP,CLAMP,0
L,3,4809,PREDICTION,src/tracking/advanced_tracker.py:kalman_homography,
R,CLAMP,CLAMP,0
L,4,4809,PREDICTION,src/tracking/advanced_tracker.py:kalman_homography,
R,CLAMP,CLAMP,0
L,5,4809,PREDICTION,src/tracking/advanced_tracker.py:kalman_homography,
R,CLAMP,CLAMP,0
L,7,4809,PREDICTION,src/tracking/advanced_tracker.py:kalman_homography,
R,CLAMP,CLAMP,0
L,8,4809,PREDICTION,src/tracking/advanced_tracker.py:kalman_homography,
R,CLAMP,CLAMP,0
L,9,4809,PREDICTION,src/tracking/advanced_tracker.py:kalman_homography,
R,CLAMP,CLAMP,0
A,4809
