S,0,6034,DETECTION,src/tracking/advanced_tracker.py:_activate_slot,6034_-13_981_241_1203
L,0,6034,DETECTION,src/tracking/advanced_tracker.py:_activate_slot,6034_-13_981_241_1203
R,DETECTION,DETECTION,1
A,6034
S,0,6040,DETECTION,src/tracking/advanced_tracker.py:_activate_slot,6040_-13_1011_224_1229
L,0,6040,DETECTION,src/tracking/advanced_tracker.py:_activate_slot,6040_-13_1011_224_1229
R,DETECTION,DETECTION,1
A,6040
S,0,6046,DETECTION,src/tracking/advanced_tracker.py:_activate_slot,6046_-13_1041_201_1263
L,0,6046,DETECTION,src/tracking/advanced_tracker.py:_activate_slot,6046_-13_1041_201_1263
R,DETECTION,DETECTION,1
A,6046
S,0,6052,PREDICTION,src/tracking/advanced_tracker.py:kalman_homography,
L,0,6052,PREDICTION,src/tracking/advanced_tracker.py:kalman_homography,
R,CLAMP,CLAMP,0
A,6052
S,0,6058,DETECTION,src/tracking/advanced_tracker.py:_activate_slot,6058_-12_1041_426_1295
L,0,6058,DETECTION,src/tracking/advanced_tracker.py:_activate_slot,6058_-12_1041_426_1295
R,CLAMP,CLAMP,0
A,6058
S,0,6064,DETECTION,src/tracking/advanced_tracker.py:_activate_slot,6064_-13_1111_324_1293
S,5,6064,DETECTION,src/tracking/advanced_tracker.py:_activate_slot,6064_-14_594_511_790
L,0,6064,DETECTION,src/tracking/advanced_tracker.py:_activate_slot,6064_-13_1111_324_1293
R,CLAMP,CLAMP,0
L,5,6064,DETECTION,src/tracking/advanced_tracker.py:_activate_slot,6064_-14_594_511_790
R,DETECTION,DETECTION,1
A,6064
S,0,6070,DETECTION,src/tracking/advanced_tracker.py:_activate_slot,6070_-11_1153_386_1295
S,5,6070,PREDICTION,src/tracking/advanced_tracker.py:kalman_homography,
L,0,6070,DETECTION,src/tracking/advanced_tracker.py:_activate_slot,6070_-11_1153_386_1295
R,CLAMP,CLAMP,0
L,5,6070,PREDICTION,src/tracking/advanced_tracker.py:kalman_homography,
R,CLAMP,CLAMP,0
A,6070
S,0,6076,DETECTION,src/tracking/advanced_tracker.py:_activate_slot,6076_-3_1187_358_1293
S,5,6076,PREDICTION,src/tracking/advanced_tracker.py:kalman_homography,
L,0,6076,DETECTION,src/tracking/advanced_tracker.py:_activate_slot,6076_-3_1187_358_1293
R,CLAMP,CLAMP,0
L,5,6076,PREDICTION,src/tracking/advanced_tracker.py:kalman_homography,
R,CLAMP,CLAMP,0
A,6076
S,5,6082,DETECTION,src/tracking/advanced_tracker.py:_activate_slot,6082_-14_721_509_935
S,0,6082,PREDICTION,src/tracking/advanced_tracker.py:kalman_homography,
L,0,6082,PREDICTION,src/tracking/advanced_tracker.py:kalman_homography,
R,CLAMP,CLAMP,0
L,5,6082,DETECTION,src/tracking/advanced_tracker.py:_activate_slot,6082_-14_721_509_935
R,CLAMP,CLAMP,0
A,6082
S,5,6088,DETECTION,src/tracking/advanced_tracker.py:_activate_slot,6088_-12_768_510_980
S,1,6088,DETECTION,src/tracking/advanced_tracker.py:_activate_slot,6088_399_682_532_861
L,1,6088,DETECTION,src/tracking/advanced_tracker.py:_activate_slot,6088_399_682_532_861
R,DETECTION,DETECTION,1
L,5,6088,DETECTION,src/tracking/advanced_tracker.py:_activate_slot,6088_-12_768_510_980
R,CLAMP,CLAMP,0
A,6088
S,1,6094,DETECTION,src/tracking/advanced_tracker.py:_activate_slot,6094_352_713_530_932
S,5,6094,DETECTION,src/tracking/advanced_tracker.py:_activate_slot,6094_-14_823_510_1035
L,1,6094,DETECTION,src/tracking/advanced_tracker.py:_activate_slot,6094_352_713_530_932
R,DETECTION,DETECTION,1
L,5,6094,DETECTION,src/tracking/advanced_tracker.py:_activate_slot,6094_-14_823_510_1035
R,CLAMP,CLAMP,0
A,6094
S,1,6100,DETECTION,src/tracking/advanced_tracker.py:_activate_slot,6100_432_604_532_752
S,5,6100,DETECTION,src/tracking/advanced_tracker.py:_activate_slot,6100_-14_883_491_1094
S,0,6100,PREDICTION,src/tracking/advanced_tracker.py:flow_gapfill_batched,
L,0,6100,PREDICTION,src/tracking/advanced_tracker.py:flow_gapfill_batched,
R,CLAMP,CLAMP,0
L,1,6100,DETECTION,src/tracking/advanced_tracker.py:_activate_slot,6100_432_604_532_752
R,CLAMP,CLAMP,0
L,5,6100,DETECTION,src/tracking/advanced_tracker.py:_activate_slot,6100_-14_883_491_1094
R,CLAMP,CLAMP,0
A,6100
S,2,6106,DETECTION,src/tracking/advanced_tracker.py:_activate_slot,6106_409_714_531_866
S,1,6106,PREDICTION,src/tracking/advanced_tracker.py:kalman_homography,
S,5,6106,PREDICTION,src/tracking/advanced_tracker.py:kalman_homography,
L,1,6106,PREDICTION,src/tracking/advanced_tracker.py:kalman_homography,
R,CLAMP,CLAMP,0
L,2,6106,DETECTION,src/tracking/advanced_tracker.py:_activate_slot,6106_409_714_531_866
R,DETECTION,DETECTION,1
L,5,6106,PREDICTION,src/tracking/advanced_tracker.py:kalman_homography,
R,CLAMP,CLAMP,0
A,6106
S,6,6112,DETECTION,src/tracking/advanced_tracker.py:_activate_slot,6112_386_737_537_963
S,2,6112,PREDICTION,src/tracking/advanced_tracker.py:kalman_homography,
S,1,6112,PREDICTION,src/tracking/advanced_tracker.py:flow_gapfill_batched,
S,5,6112,PREDICTION,src/tracking/advanced_tracker.py:flow_gapfill_batched,
L,1,6112,PREDICTION,src/tracking/advanced_tracker.py:flow_gapfill_batched,
R,CLAMP,CLAMP,0
L,2,6112,PREDICTION,src/tracking/advanced_tracker.py:kalman_homography,
R,PREDICTION,PREDICTION,1
L,5,6112,PREDICTION,src/tracking/advanced_tracker.py:flow_gapfill_batched,
R,CLAMP,CLAMP,0
L,6,6112,DETECTION,src/tracking/advanced_tracker.py:_activate_slot,6112_386_737_537_963
R,DETECTION,DETECTION,1
A,6112
S,2,6118,PREDICTION,src/tracking/advanced_tracker.py:kalman_homography,
S,6,6118,PREDICTION,src/tracking/advanced_tracker.py:kalman_homography,
S,0,6118,PREDICTION,src/tracking/advanced_tracker.py:flow_gapfill_batched,
S,1,6118,PREDICTION,src/tracking/advanced_tracker.py:flow_gapfill_batched,
L,0,6118,PREDICTION,src/tracking/advanced_tracker.py:flow_gapfill_batched,
R,CLAMP,CLAMP,0
L,1,6118,PREDICTION,src/tracking/advanced_tracker.py:flow_gapfill_batched,
R,CLAMP,CLAMP,0
L,2,6118,PREDICTION,src/tracking/advanced_tracker.py:kalman_homography,
R,PREDICTION,SUBPIXEL,0
L,6,6118,PREDICTION,src/tracking/advanced_tracker.py:kalman_homography,
R,PREDICTION,PREDICTION,1
A,6118
S,2,6124,PREDICTION,src/tracking/advanced_tracker.py:kalman_homography,
S,6,6124,PREDICTION,src/tracking/advanced_tracker.py:kalman_homography,
S,1,6124,PREDICTION,src/tracking/advanced_tracker.py:flow_gapfill_batched,
L,1,6124,PREDICTION,src/tracking/advanced_tracker.py:flow_gapfill_batched,
R,CLAMP,CLAMP,0
L,2,6124,PREDICTION,src/tracking/advanced_tracker.py:kalman_homography,
R,PREDICTION,SUBPIXEL,0
L,6,6124,PREDICTION,src/tracking/advanced_tracker.py:kalman_homography,
R,PREDICTION,SUBPIXEL,0
A,6124
S,2,6130,PREDICTION,src/tracking/advanced_tracker.py:kalman_homography,
S,6,6130,PREDICTION,src/tracking/advanced_tracker.py:kalman_homography,
S,1,6130,PREDICTION,src/tracking/advanced_tracker.py:flow_gapfill_batched,
S,5,6130,PREDICTION,src/tracking/advanced_tracker.py:flow_gapfill_batched,
D,5,6130
S,6,6130,PREDICTION,src/tracking/advanced_tracker.py:id_merge,
L,1,6130,PREDICTION,src/tracking/advanced_tracker.py:flow_gapfill_batched,
R,CLAMP,CLAMP,0
L,2,6130,PREDICTION,src/tracking/advanced_tracker.py:kalman_homography,
R,PREDICTION,SUBPIXEL,0
L,6,6130,PREDICTION,src/tracking/advanced_tracker.py:id_merge,
R,PREDICTION,SUBPIXEL,0
A,6130
S,2,6136,PREDICTION,src/tracking/advanced_tracker.py:kalman_homography,
S,6,6136,PREDICTION,src/tracking/advanced_tracker.py:kalman_homography,
S,1,6136,PREDICTION,src/tracking/advanced_tracker.py:flow_gapfill_batched,
L,1,6136,PREDICTION,src/tracking/advanced_tracker.py:flow_gapfill_batched,
R,CLAMP,CLAMP,0
L,2,6136,PREDICTION,src/tracking/advanced_tracker.py:kalman_homography,
R,PREDICTION,SUBPIXEL,0
L,6,6136,PREDICTION,src/tracking/advanced_tracker.py:kalman_homography,
R,PREDICTION,SUBPIXEL,0
A,6136
S,2,6142,PREDICTION,src/tracking/advanced_tracker.py:kalman_homography,
S,6,6142,PREDICTION,src/tracking/advanced_tracker.py:kalman_homography,
S,1,6142,PREDICTION,src/tracking/advanced_tracker.py:flow_gapfill_batched,
L,1,6142,PREDICTION,src/tracking/advanced_tracker.py:flow_gapfill_batched,
R,CLAMP,CLAMP,0
L,2,6142,PREDICTION,src/tracking/advanced_tracker.py:kalman_homography,
R,PREDICTION,SUBPIXEL,0
L,6,6142,PREDICTION,src/tracking/advanced_tracker.py:kalman_homography,
R,PREDICTION,SUBPIXEL,0
A,6142
S,2,6148,PREDICTION,src/tracking/advanced_tracker.py:kalman_homography,
S,6,6148,PREDICTION,src/tracking/advanced_tracker.py:kalman_homography,
S,1,6148,PREDICTION,src/tracking/advanced_tracker.py:flow_gapfill_batched,
L,1,6148,PREDICTION,src/tracking/advanced_tracker.py:flow_gapfill_batched,
R,CLAMP,CLAMP,0
L,2,6148,PREDICTION,src/tracking/advanced_tracker.py:kalman_homography,
R,PREDICTION,SUBPIXEL,0
L,6,6148,PREDICTION,src/tracking/advanced_tracker.py:kalman_homography,
R,PREDICTION,SUBPIXEL,0
A,6148
S,6,6154,PREDICTION,src/tracking/advanced_tracker.py:kalman_homography,
S,2,6154,PREDICTION,src/tracking/advanced_tracker.py:flow_gapfill_batched,
L,2,6154,PREDICTION,src/tracking/advanced_tracker.py:flow_gapfill_batched,
R,PREDICTION,PREDICTION,1
L,6,6154,PREDICTION,src/tracking/advanced_tracker.py:kalman_homography,
R,PREDICTION,SUBPIXEL,0
A,6154
S,2,6160,DETECTION,src/tracking/advanced_tracker.py:_activate_slot,6160_365_749_527_927
S,6,6160,DETECTION,src/tracking/advanced_tracker.py:_activate_slot,6160_140_501_527_853
L,2,6160,DETECTION,src/tracking/advanced_tracker.py:_activate_slot,6160_365_749_527_927
R,DETECTION,DETECTION,1
L,6,6160,DETECTION,src/tracking/advanced_tracker.py:_activate_slot,6160_140_501_527_853
R,CLAMP,CLAMP,0
A,6160
S,6,6166,DETECTION,src/tracking/advanced_tracker.py:_activate_slot,6166_148_549_529_867
S,2,6166,PREDICTION,src/tracking/advanced_tracker.py:kalman_homography,
L,2,6166,PREDICTION,src/tracking/advanced_tracker.py:kalman_homography,
R,PREDICTION,PREDICTION,1
L,6,6166,DETECTION,src/tracking/advanced_tracker.py:_activate_slot,6166_148_549_529_867
R,CLAMP,CLAMP,0
A,6166
S,6,6172,DETECTION,src/tracking/advanced_tracker.py:_activate_slot,6172_151_613_530_873
S,2,6172,PREDICTION,src/tracking/advanced_tracker.py:kalman_homography,
L,2,6172,PREDICTION,src/tracking/advanced_tracker.py:kalman_homography,
R,PREDICTION,PREDICTION,1
L,6,6172,DETECTION,src/tracking/advanced_tracker.py:_activate_slot,6172_151_613_530_873
R,CLAMP,CLAMP,0
A,6172
S,2,6178,PREDICTION,src/tracking/advanced_tracker.py:kalman_homography,
S,6,6178,PREDICTION,src/tracking/advanced_tracker.py:kalman_homography,
L,2,6178,PREDICTION,src/tracking/advanced_tracker.py:kalman_homography,
R,PREDICTION,PREDICTION,1
L,6,6178,PREDICTION,src/tracking/advanced_tracker.py:kalman_homography,
R,PREDICTION,PREDICTION,1
A,6178
S,2,6184,PREDICTION,src/tracking/advanced_tracker.py:kalman_homography,
S,6,6184,PREDICTION,src/tracking/advanced_tracker.py:kalman_homography,
L,2,6184,PREDICTION,src/tracking/advanced_tracker.py:kalman_homography,
R,PREDICTION,PREDICTION,1
L,6,6184,PREDICTION,src/tracking/advanced_tracker.py:kalman_homography,
R,PREDICTION,PREDICTION,1
A,6184
S,2,6190,PREDICTION,src/tracking/advanced_tracker.py:kalman_homography,
S,6,6190,PREDICTION,src/tracking/advanced_tracker.py:kalman_homography,
L,2,6190,PREDICTION,src/tracking/advanced_tracker.py:kalman_homography,
R,PREDICTION,PREDICTION,1
L,6,6190,PREDICTION,src/tracking/advanced_tracker.py:kalman_homography,
R,PREDICTION,PREDICTION,1
A,6190
S,6,6196,DETECTION,src/tracking/advanced_tracker.py:_activate_slot,6196_137_659_537_927
S,2,6196,PREDICTION,src/tracking/advanced_tracker.py:kalman_homography,
L,2,6196,PREDICTION,src/tracking/advanced_tracker.py:kalman_homography,
R,PREDICTION,PREDICTION,1
L,6,6196,DETECTION,src/tracking/advanced_tracker.py:_activate_slot,6196_137_659_537_927
R,DETECTION,DETECTION,1
A,6196
S,6,6202,DETECTION,src/tracking/advanced_tracker.py:_activate_slot,6202_127_659_533_927
S,2,6202,PREDICTION,src/tracking/advanced_tracker.py:kalman_homography,
L,2,6202,PREDICTION,src/tracking/advanced_tracker.py:kalman_homography,
R,PREDICTION,PREDICTION,1
L,6,6202,DETECTION,src/tracking/advanced_tracker.py:_activate_slot,6202_127_659_533_927
R,DETECTION,DETECTION,1
A,6202
S,6,6208,PREDICTION,src/tracking/advanced_tracker.py:kalman_homography,
S,2,6208,PREDICTION,src/tracking/advanced_tracker.py:flow_gapfill_batched,
L,2,6208,PREDICTION,src/tracking/advanced_tracker.py:flow_gapfill_batched,
R,PREDICTION,PREDICTION,1
L,6,6208,PREDICTION,src/tracking/advanced_tracker.py:kalman_homography,
R,PREDICTION,PREDICTION,1
A,6208
S,2,6214,CLAMP,src/tracking/advanced_tracker.py:_activate_slot,6214_91_581_667_934
S,6,6214,DETECTION,src/tracking/advanced_tracker.py:_activate_slot,6214_241_1097_668_1295
S,1,6214,DETECTION,src/tracking/advanced_tracker.py:_activate_slot,6214_50_358_673_932
S,5,6214,DETECTION,src/tracking/advanced_tracker.py:_activate_slot,6214_92_650_537_932
L,1,6214,DETECTION,src/tracking/advanced_tracker.py:_activate_slot,6214_50_358_673_932
R,CLAMP,CLAMP,0
L,2,6214,CLAMP,src/tracking/advanced_tracker.py:_activate_slot,6214_91_581_667_934
R,CLAMP,CLAMP,0
L,5,6214,DETECTION,src/tracking/advanced_tracker.py:_activate_slot,6214_92_650_537_932
R,DETECTION,DETECTION,1
L,6,6214,DETECTION,src/tracking/advanced_tracker.py:_activate_slot,6214_241_1097_668_1295
R,CLAMP,CLAMP,0
A,6214
S,2,6220,CLAMP,src/tracking/advanced_tracker.py:_activate_slot,6220_81_649_668_944
S,6,6220,DETECTION,src/tracking/advanced_tracker.py:_activate_slot,6220_318_1149_669_1295
S,5,6220,PREDICTION,src/tracking/advanced_tracker.py:kalman_homography,
S,1,6220,PREDICTION,src/tracking/advanced_tracker.py:flow_gapfill_batched,
L,1,6220,PREDICTION,src/tracking/advanced_tracker.py:flow_gapfill_batched,
R,CLAMP,CLAMP,0
L,2,6220,CLAMP,src/tracking/advanced_tracker.py:_activate_slot,6220_81_649_668_944
R,CLAMP,CLAMP,0
L,5,6220,PREDICTION,src/tracking/advanced_tracker.py:kalman_homography,
R,PREDICTION,PREDICTION,1
L,6,6220,DETECTION,src/tracking/advanced_tracker.py:_activate_slot,6220_318_1149_669_1295
R,CLAMP,CLAMP,0
A,6220
S,5,6226,DETECTION,src/tracking/advanced_tracker.py:_activate_slot,6226_68_667_669_955
S,6,6226,DETECTION,src/tracking/advanced_tracker.py:_activate_slot,6226_351_1204_668_1294
S,2,6226,PREDICTION,src/tracking/advanced_tracker.py:kalman_homography,
L,2,6226,PREDICTION,src/tracking/advanced_tracker.py:kalman_homography,
R,CLAMP,CLAMP,0
L,5,6226,DETECTION,src/tracking/advanced_tracker.py:_activate_slot,6226_68_667_669_955
R,DETECTION,DETECTION,1
L,6,6226,DETECTION,src/tracking/advanced_tracker.py:_activate_slot,6226_351_1204_668_1294
R,CLAMP,CLAMP,0
A,6226
S,5,6232,DETECTION,src/tracking/advanced_tracker.py:_activate_slot,6232_63_670_668_984
S,2,6232,PREDICTION,src/tracking/advanced_tracker.py:kalman_homography,
L,2,6232,PREDICTION,src/tracking/advanced_tracker.py:kalman_homography,
R,CLAMP,CLAMP,0
L,5,6232,DETECTION,src/tracking/advanced_tracker.py:_activate_slot,6232_63_670_668_984
R,DETECTION,DETECTION,1
A,6232
S,2,6238,DETECTION,src/tracking/advanced_tracker.py:_activate_slot,6238_62_671_670_1047
L,2,6238,DETECTION,src/tracking/advanced_tracker.py:_activate_slot,6238_62_671_670_1047
R,CLAMP,CLAMP,0
A,6238
S,2,6244,DETECTION,src/tracking/advanced_tracker.py:_activate_slot,6244_62_670_671_1050
S,1,6244,DETECTION,src/tracking/advanced_tracker.py:_activate_slot,6244_40_353_675_1049
L,1,6244,DETECTION,src/tracking/advanced_tracker.py:_activate_slot,6244_40_353_675_1049
R,CLAMP,CLAMP,0
L,2,6244,DETECTION,src/tracking/advanced_tracker.py:_activate_slot,6244_62_670_671_1050
R,CLAMP,CLAMP,0
A,6244
S,2,6250,DETECTION,src/tracking/advanced_tracker.py:_activate_slot,6250_78_684_668_1031
S,5,6250,PREDICTION,src/tracking/advanced_tracker.py:flow_gapfill_batched,
L,2,6250,DETECTION,src/tracking/advanced_tracker.py:_activate_slot,6250_78_684_668_1031
R,CLAMP,CLAMP,0
L,5,6250,PREDICTION,src/tracking/advanced_tracker.py:flow_gapfill_batched,
R,PREDICTION,PREDICTION,1
A,6250
S,2,6256,DETECTION,src/tracking/advanced_tracker.py:_activate_slot,6256_85_656_668_1023
S,1,6256,PREDICTION,src/tracking/advanced_tracker.py:flow_gapfill_batched,
D,1,6256
S,2,6256,PREDICTION,src/tracking/advanced_tracker.py:id_merge,
L,2,6256,PREDICTION,src/tracking/advanced_tracker.py:id_merge,
R,CLAMP,CLAMP,0
A,6256
S,5,6262,DETECTION,src/tracking/advanced_tracker.py:_activate_slot,6262_89_695_668_1021
S,6,6262,DETECTION,src/tracking/advanced_tracker.py:_activate_slot,6262_39_322_666_1019
S,1,6262,PREDICTION,src/tracking/advanced_tracker.py:flow_gapfill_batched,
S,2,6262,PREDICTION,src/tracking/advanced_tracker.py:flow_gapfill_batched,
D,1,6262
S,2,6262,PREDICTION,src/tracking/advanced_tracker.py:id_merge,
L,2,6262,PREDICTION,src/tracking/advanced_tracker.py:id_merge,
R,CLAMP,CLAMP,0
L,5,6262,DETECTION,src/tracking/advanced_tracker.py:_activate_slot,6262_89_695_668_1021
R,DETECTION,DETECTION,1
L,6,6262,DETECTION,src/tracking/advanced_tracker.py:_activate_slot,6262_39_322_666_1019
R,CLAMP,CLAMP,0
A,6262
S,2,6268,DETECTION,src/tracking/advanced_tracker.py:_activate_slot,6268_93_682_669_1030
S,1,6268,DETECTION,src/tracking/advanced_tracker.py:_activate_slot,6268_32_312_666_1030
L,1,6268,DETECTION,src/tracking/advanced_tracker.py:_activate_slot,6268_32_312_666_1030
R,CLAMP,CLAMP,0
L,2,6268,DETECTION,src/tracking/advanced_tracker.py:_activate_slot,6268_93_682_669_1030
R,CLAMP,CLAMP,0
A,6268
S,2,6274,DETECTION,src/tracking/advanced_tracker.py:_activate_slot,6274_94_606_668_1038
L,2,6274,DETECTION,src/tracking/advanced_tracker.py:_activate_slot,6274_94_606_668_1038
R,CLAMP,CLAMP,0
A,6274
S,2,6280,DETECTION,src/tracking/advanced_tracker.py:_activate_slot,6280_94_575_668_1044
S,5,6280,PREDICTION,src/tracking/advanced_tracker.py:flow_gapfill_batched,
L,2,6280,DETECTION,src/tracking/advanced_tracker.py:_activate_slot,6280_94_575_668_1044
R,CLAMP,CLAMP,0
L,5,6280,PREDICTION,src/tracking/advanced_tracker.py:flow_gapfill_batched,
R,PREDICTION,PREDICTION,1
A,6280
S,5,6286,DETECTION,src/tracking/advanced_tracker.py:_activate_slot,6286_91_546_667_1050
S,1,6286,PREDICTION,src/tracking/advanced_tracker.py:kalman_homography,
S,2,6286,PREDICTION,src/tracking/advanced_tracker.py:flow_gapfill_batched,
S,6,6286,PREDICTION,src/tracking/advanced_tracker.py:flow_gapfill_batched,
D,1,6286
S,2,6286,PREDICTION,src/tracking/advanced_tracker.py:id_merge,
L,2,6286,PREDICTION,src/tracking/advanced_tracker.py:id_merge,
R,CLAMP,CLAMP,0
L,5,6286,DETECTION,src/tracking/advanced_tracker.py:_activate_slot,6286_91_546_667_1050
R,DETECTION,DETECTION,1
L,6,6286,PREDICTION,src/tracking/advanced_tracker.py:flow_gapfill_batched,
R,CLAMP,CLAMP,0
A,6286
S,6,6292,DETECTION,src/tracking/advanced_tracker.py:_activate_slot,6292_70_523_667_1047
S,1,6292,PREDICTION,src/tracking/advanced_tracker.py:kalman_homography,
S,2,6292,PREDICTION,src/tracking/advanced_tracker.py:flow_gapfill_batched,
S,5,6292,PREDICTION,src/tracking/advanced_tracker.py:flow_gapfill_batched,
D,1,6292
S,2,6292,PREDICTION,src/tracking/advanced_tracker.py:id_merge,
D,5,6292
S,6,6292,PREDICTION,src/tracking/advanced_tracker.py:id_merge,
L,2,6292,PREDICTION,src/tracking/advanced_tracker.py:id_merge,
R,CLAMP,CLAMP,0
L,6,6292,PREDICTION,src/tracking/advanced_tracker.py:id_merge,
R,CLAMP,CLAMP,0
A,6292
S,2,6298,DETECTION,src/tracking/advanced_tracker.py:_activate_slot,6298_48_517_665_1039
S,1,6298,PREDICTION,src/tracking/advanced_tracker.py:kalman_homography,
D,1,6298
S,2,6298,PREDICTION,src/tracking/advanced_tracker.py:id_merge,
L,2,6298,PREDICTION,src/tracking/advanced_tracker.py:id_merge,
R,CLAMP,CLAMP,0
A,6298
S,6,6484,DETECTION,src/tracking/advanced_tracker.py:_activate_slot,6484_38_518_665_1047
S,2,6484,PREDICTION,src/tracking/advanced_tracker.py:kalman_homography,
S,5,6484,PREDICTION,src/tracking/advanced_tracker.py:flow_gapfill_batched,
L,2,6484,PREDICTION,src/tracking/advanced_tracker.py:kalman_homography,
R,CLAMP,CLAMP,0
L,5,6484,PREDICTION,src/tracking/advanced_tracker.py:flow_gapfill_batched,
R,PREDICTION,PREDICTION,1
L,6,6484,DETECTION,src/tracking/advanced_tracker.py:_activate_slot,6484_38_518_665_1047
R,CLAMP,CLAMP,0
A,6484
S,6,6490,DETECTION,src/tracking/advanced_tracker.py:_activate_slot,6490_31_513_669_1059
S,2,6490,PREDICTION,src/tracking/advanced_tracker.py:kalman_homography,
S,5,6490,PREDICTION,src/tracking/advanced_tracker.py:flow_gapfill_batched,
L,2,6490,PREDICTION,src/tracking/advanced_tracker.py:kalman_homography,
R,CLAMP,CLAMP,0
L,5,6490,PREDICTION,src/tracking/advanced_tracker.py:flow_gapfill_batched,
R,PREDICTION,PREDICTION,1
L,6,6490,DETECTION,src/tracking/advanced_tracker.py:_activate_slot,6490_31_513_669_1059
R,CLAMP,CLAMP,0
A,6490
S,2,6496,DETECTION,src/tracking/advanced_tracker.py:_activate_slot,6496_32_509_668_1077
S,1,6496,PREDICTION,src/tracking/advanced_tracker.py:flow_gapfill_batched,
S,5,6496,PREDICTION,src/tracking/advanced_tracker.py:flow_gapfill_batched,
S,6,6496,PREDICTION,src/tracking/advanced_tracker.py:flow_gapfill_batched,
D,5,6496
S,6,6496,PREDICTION,src/tracking/advanced_tracker.py:id_merge,
L,1,6496,PREDICTION,src/tracking/advanced_tracker.py:flow_gapfill_batched,
R,CLAMP,CLAMP,0
L,2,6496,DETECTION,src/tracking/advanced_tracker.py:_activate_slot,6496_32_509_668_1077
R,CLAMP,CLAMP,0
L,6,6496,PREDICTION,src/tracking/advanced_tracker.py:id_merge,
R,CLAMP,CLAMP,0
A,6496
S,6,6502,DETECTION,src/tracking/advanced_tracker.py:_activate_slot,6502_35_499_668_1083
S,5,6502,DETECTION,src/tracking/advanced_tracker.py:_activate_slot,6502_35_251_664_1084
S,2,6502,PREDICTION,src/tracking/advanced_tracker.py:kalman_homography,
D,5,6502
S,6,6502,PREDICTION,src/tracking/advanced_tracker.py:id_merge,
L,2,6502,PREDICTION,src/tracking/advanced_tracker.py:kalman_homography,
R,CLAMP,CLAMP,0
L,6,6502,PREDICTION,src/tracking/advanced_tracker.py:id_merge,
R,CLAMP,CLAMP,0
A,6502
S,0,6508,DETECTION,src/tracking/advanced_tracker.py:_activate_slot,6508_389_908_672_1222
S,1,6508,DETECTION,src/tracking/advanced_tracker.py:_activate_slot,6508_-13_1071_475_1293
S,2,6508,DETECTION,src/tracking/advanced_tracker.py:_activate_slot,6508_-14_680_533_1080
S,6,6508,DETECTION,src/tracking/advanced_tracker.py:_activate_slot,6508_218_1105_670_1295
S,10,6508,DETECTION,src/tracking/advanced_tracker.py:_activate_slot,6508_369_659_533_819
S,5,6508,PREDICTION,src/tracking/advanced_tracker.py:kalman_homography,
L,0,6508,DETECTION,src/tracking/advanced_tracker.py:_activate_slot,6508_389_908_672_1222
R,CLAMP,CLAMP,0
L,1,6508,DETECTION,src/tracking/advanced_tracker.py:_activate_slot,6508_-13_1071_475_1293
R,CLAMP,CLAMP,0
L,2,6508,DETECTION,src/tracking/advanced_tracker.py:_activate_slot,6508_-14_680_533_1080
R,CLAMP,CLAMP,0
L,5,6508,PREDICTION,src/tracking/advanced_tracker.py:kalman_homography,
R,PREDICTION,PREDICTION,1
L,6,6508,DETECTION,src/tracking/advanced_tracker.py:_activate_slot,6508_218_1105_670_1295
R,CLAMP,CLAMP,0
A,6508
S,0,6514,DETECTION,src/tracking/advanced_tracker.py:_activate_slot,6514_395_868_672_1175
S,1,6514,DETECTION,src/tracking/advanced_tracker.py:_activate_slot,6514_-12_1003_496_1245
S,2,6514,DETECTION,src/tracking/advanced_tracker.py:_activate_slot,6514_-15_610_531_1021
S,3,6514,DETECTION,src/tracking/advanced_tracker.py:_activate_slot,6514_-9_1129_416_1295
S,6,6514,DETECTION,src/tracking/advanced_tracker.py:_activate_slot,6514_245_1055_670_1295
S,10,6514,DETECTION,src/tracking/advanced_tracker.py:_activate_slot,6514_393_625_533_777
S,4,6514,DETECTION,src/tracking/advanced_tracker.py:_activate_slot,6514_-14_994_351_1220
L,0,6514,DETECTION,src/tracking/advanced_tracker.py:_activate_slot,6514_395_868_672_1175
R,CLAMP,CLAMP,0
L,1,6514,DETECTION,src/tracking/advanced_tracker.py:_activate_slot,6514_-12_1003_496_1245
R,CLAMP,CLAMP,0
L,2,6514,DETECTION,src/tracking/advanced_tracker.py:_activate_slot,6514_-15_610_531_1021
R,CLAMP,CLAMP,0
L,3,6514,DETECTION,src/tracking/advanced_tracker.py:_activate_slot,6514_-9_1129_416_1295
R,DETECTION,DETECTION,1
L,4,6514,DETECTION,src/tracking/advanced_tracker.py:_activate_slot,6514_-14_994_351_1220
R,DETECTION,DETECTION,1
L,6,6514,DETECTION,src/tracking/advanced_tracker.py:_activate_slot,6514_245_1055_670_1295
R,CLAMP,CLAMP,0
A,6514
S,0,6520,DETECTION,src/tracking/advanced_tracker.py:_activate_slot,6520_393_817_671_1119
S,2,6520,DETECTION,src/tracking/advanced_tracker.py:_activate_slot,6520_-14_552_530_968
S,3,6520,DETECTION,src/tracking/advanced_tracker.py:_activate_slot,6520_6_1073_460_1295
S,4,6520,DETECTION,src/tracking/advanced_tracker.py:_activate_slot,6520_-15_952_483_1252
S,6,6520,DETECTION,src/tracking/advanced_tracker.py:_activate_slot,6520_270_1019_667_1295
S,1,6520,PREDICTION,src/tracking/advanced_tracker.py:kalman_homography,
S,10,6520,PREDICTION,src/tracking/advanced_tracker.py:kalman_homography,
D,1,6520
S,3,6520,PREDICTION,src/tracking/advanced_tracker.py:id_merge,
L,0,6520,DETECTION,src/tracking/advanced_tracker.py:_activate_slot,6520_393_817_671_1119
R,CLAMP,CLAMP,0
L,2,6520,DETECTION,src/tracking/advanced_tracker.py:_activate_slot,6520_-14_552_530_968
R,CLAMP,CLAMP,0
L,3,6520,PREDICTION,src/tracking/advanced_tracker.py:id_merge,
R,PREDICTION,PREDICTION,1
L,4,6520,DETECTION,src/tracking/advanced_tracker.py:_activate_slot,6520_-15_952_483_1252
R,DETECTION,DETECTION,1
L,6,6520,DETECTION,src/tracking/advanced_tracker.py:_activate_slot,6520_270_1019_667_1295
R,CLAMP,CLAMP,0
A,6520
S,2,6526,DETECTION,src/tracking/advanced_tracker.py:_activate_slot,6526_-14_488_528_920
S,0,6526,DETECTION,src/tracking/advanced_tracker.py:_activate_slot,6526_401_762_669_1061
S,6,6526,DETECTION,src/tracking/advanced_tracker.py:_activate_slot,6526_-14_892_502_1215
S,7,6526,DETECTION,src/tracking/advanced_tracker.py:_activate_slot,6526_25_1021_507_1295
S,8,6526,DETECTION,src/tracking/advanced_tracker.py:_activate_slot,6526_292_986_668_1294
S,1,6526,PREDICTION,src/tracking/advanced_tracker.py:kalman_homography,
S,3,6526,PREDICTION,src/tracking/advanced_tracker.py:kalman_homography,
S,4,6526,PREDICTION,src/tracking/advanced_tracker.py:kalman_homography,
S,10,6526,PREDICTION,src/tracking/advanced_tracker.py:kalman_homography,
D,1,6526
S,3,6526,PREDICTION,src/tracking/advanced_tracker.py:id_merge,
L,0,6526,DETECTION,src/tracking/advanced_tracker.py:_activate_slot,6526_401_762_669_1061
R,CLAMP,CLAMP,0
L,2,6526,DETECTION,src/tracking/advanced_tracker.py:_activate_slot,6526_-14_488_528_920
R,CLAMP,CLAMP,0
L,3,6526,PREDICTION,src/tracking/advanced_tracker.py:id_merge,
R,PREDICTION,PREDICTION,1
L,4,6526,PREDICTION,src/tracking/advanced_tracker.py:kalman_homography,
R,PREDICTION,PREDICTION,1
L,6,6526,DETECTION,src/tracking/advanced_tracker.py:_activate_slot,6526_-14_892_502_1215
R,CLAMP,CLAMP,0
L,7,6526,DETECTION,src/tracking/advanced_tracker.py:_activate_slot,6526_25_1021_507_1295
R,DETECTION,DETECTION,1
L,8,6526,DETECTION,src/tracking/advanced_tracker.py:_activate_slot,6526_292_986_668_1294
R,DETECTION,DETECTION,1
A,6526
S,0,6532,DETECTION,src/tracking/advanced_tracker.py:_activate_slot,6532_404_714_669_1010
S,2,6532,DETECTION,src/tracking/advanced_tracker.py:_activate_slot,6532_-13_467_523_873
S,4,6532,DETECTION,src/tracking/advanced_tracker.py:_activate_slot,6532_-15_839_560_1179
S,6,6532,DETECTION,src/tracking/advanced_tracker.py:_activate_slot,6532_56_966_516_1262
S,7,6532,DETECTION,src/tracking/advanced_tracker.py:_activate_slot,6532_186_1181_664_1295
S,8,6532,DETECTION,src/tracking/advanced_tracker.py:_activate_slot,6532_313_932_669_1292
S,1,6532,PREDICTION,src/tracking/advanced_tracker.py:kalman_homography,
S,3,6532,PREDICTION,src/tracking/advanced_tracker.py:kalman_homography,
S,10,6532,PREDICTION,src/tracking/advanced_tracker.py:kalman_homography,
D,1,6532
S,3,6532,PREDICTION,src/tracking/advanced_tracker.py:id_merge,
L,0,6532,DETECTION,src/tracking/advanced_tracker.py:_activate_slot,6532_404_714_669_1010
R,CLAMP,CLAMP,0
L,2,6532,DETECTION,src/tracking/advanced_tracker.py:_activate_slot,6532_-13_467_523_873
R,CLAMP,CLAMP,0
L,3,6532,PREDICTION,src/tracking/advanced_tracker.py:id_merge,
R,PREDICTION,PREDICTION,1
L,4,6532,DETECTION,src/tracking/advanced_tracker.py:_activate_slot,6532_-15_839_560_1179
R,DETECTION,DETECTION,1
L,6,6532,DETECTION,src/tracking/advanced_tracker.py:_activate_slot,6532_56_966_516_1262
R,CLAMP,CLAMP,0
L,7,6532,DETECTION,src/tracking/advanced_tracker.py:_activate_slot,6532_186_1181_664_1295
R,DETECTION,DETECTION,1
L,8,6532,DETECTION,src/tracking/advanced_tracker.py:_activate_slot,6532_313_932_669_1292
R,DETECTION,DETECTION,1
A,6532
S,1,6538,DETECTION,src/tracking/advanced_tracker.py:_activate_slot,6538_-15_1085_253_1295
S,2,6538,DETECTION,src/tracking/advanced_tracker.py:_activate_slot,6538_-14_462_525_836
S,4,6538,DETECTION,src/tracking/advanced_tracker.py:_activate_slot,6538_-14_800_539_1138
S,6,6538,DETECTION,src/tracking/advanced_tracker.py:_activate_slot,6538_77_962_524_1218
S,7,6538,DETECTION,src/tracking/advanced_tracker.py:_activate_slot,6538_213_1121_672_1295
S,8,6538,DETECTION,src/tracking/advanced_tracker.py:_activate_slot,6538_335_902_670_1240
S,10,6538,DETECTION,src/tracking/advanced_tracker.py:_activate_slot,6538_409_717_530_858
S,3,6538,PREDICTION,src/tracking/advanced_tracker.py:kalman_homography,
S,0,6538,PREDICTION,src/tracking/advanced_tracker.py:flow_gapfill_batched,
L,0,6538,PREDICTION,src/tracking/advanced_tracker.py:flow_gapfill_batched,
R,CLAMP,CLAMP,0
L,1,6538,DETECTION,src/tracking/advanced_tracker.py:_activate_slot,6538_-15_1085_253_1295
R,CLAMP,CLAMP,0
L,2,6538,DETECTION,src/tracking/advanced_tracker.py:_activate_slot,6538_-14_462_525_836
R,CLAMP,CLAMP,0
L,3,6538,PREDICTION,src/tracking/advanced_tracker.py:kalman_homography,
R,PREDICTION,PREDICTION,1
L,4,6538,DETECTION,src/tracking/advanced_tracker.py:_activate_slot,6538_-14_800_539_1138
R,DETECTION,DETECTION,1
L,6,6538,DETECTION,src/tracking/advanced_tracker.py:_activate_slot,6538_77_962_524_1218
R,CLAMP,CLAMP,0
L,7,6538,DETECTION,src/tracking/advanced_tracker.py:_activate_slot,6538_213_1121_672_1295
R,DETECTION,DETECTION,1
L,8,6538,DETECTION,src/tracking/advanced_tracker.py:_activate_slot,6538_335_902_670_1240
R,DETECTION,DETECTION,1
A,6538
S,0,6544,DETECTION,src/tracking/advanced_tracker.py:_activate_slot,6544_356_896_672_1194
S,6,6544,DETECTION,src/tracking/advanced_tracker.py:_activate_slot,6544_-13_750_537_1082
S,7,6544,DETECTION,src/tracking/advanced_tracker.py:_activate_slot,6544_234_1061_669_1271
S,8,6544,DETECTION,src/tracking/advanced_tracker.py:_activate_slot,6544_100_947_483_1177
S,9,6544,DETECTION,src/tracking/advanced_tracker.py:_activate_slot,6544_-15_1045_271_1295
S,10,6544,DETECTION,src/tracking/advanced_tracker.py:_activate_slot,6544_416_678_530_817
S,1,6544,PREDICTION,src/tracking/advanced_tracker.py:kalman_homography,
S,3,6544,PREDICTION,src/tracking/advanced_tracker.py:kalman_homography,
S,4,6544,PREDICTION,src/tracking/advanced_tracker.py:kalman_homography,
S,2,6544,PREDICTION,src/tracking/advanced_tracker.py:flow_gapfill_batched,
L,0,6544,DETECTION,src/tracking/advanced_tracker.py:_activate_slot,6544_356_896_672_1194
R,CLAMP,CLAMP,0
L,1,6544,PREDICTION,src/tracking/advanced_tracker.py:kalman_homography,
R,CLAMP,CLAMP,0
L,2,6544,PREDICTION,src/tracking/advanced_tracker.py:flow_gapfill_batched,
R,CLAMP,CLAMP,0
L,3,6544,PREDICTION,src/tracking/advanced_tracker.py:kalman_homography,
R,PREDICTION,PREDICTION,1
L,4,6544,PREDICTION,src/tracking/advanced_tracker.py:kalman_homography,
R,PREDICTION,PREDICTION,1
L,6,6544,DETECTION,src/tracking/advanced_tracker.py:_activate_slot,6544_-13_750_537_1082
R,CLAMP,CLAMP,0
L,7,6544,DETECTION,src/tracking/advanced_tracker.py:_activate_slot,6544_234_1061_669_1271
R,DETECTION,DETECTION,1
L,8,6544,DETECTION,src/tracking/advanced_tracker.py:_activate_slot,6544_100_947_483_1177
R,DETECTION,DETECTION,1
L,9,6544,DETECTION,src/tracking/advanced_tracker.py:_activate_slot,6544_-15_1045_271_1295
R,DETECTION,DETECTION,1
A,6544
S,3,6550,DETECTION,src/tracking/advanced_tracker.py:_activate_slot,6550_377_863_672_1151
S,4,6550,DETECTION,src/tracking/advanced_tracker.py:_activate_slot,6550_-13_705_527_1041
S,7,6550,DETECTION,src/tracking/advanced_tracker.py:_activate_slot,6550_259_1031_668_1229
S,8,6550,DETECTION,src/tracking/advanced_tracker.py:_activate_slot,6550_120_902_498_1152
S,9,6550,DETECTION,src/tracking/advanced_tracker.py:_activate_slot,6550_69_1165_668_1295
S,10,6550,DETECTION,src/tracking/advanced_tracker.py:_activate_slot,6550_426_642_529_776
S,0,6550,PREDICTION,src/tracking/advanced_tracker.py:kalman_homography,
S,1,6550,PREDICTION,src/tracking/advanced_tracker.py:kalman_homography,
S,6,6550,PREDICTION,src/tracking/advanced_tracker.py:kalman_homography,
S,2,6550,PREDICTION,src/tracking/advanced_tracker.py:flow_gapfill_batched,
S,5,6550,PREDICTION,src/tracking/advanced_tracker.py:flow_gapfill_batched,
D,0,6550
S,3,6550,PREDICTION,src/tracking/advanced_tracker.py:id_merge,
L,1,6550,PREDICTION,src/tracking/advanced_tracker.py:kalman_homography,
R,CLAMP,CLAMP,0
L,2,6550,PREDICTION,src/tracking/advanced_tracker.py:flow_gapfill_batched,
R,CLAMP,CLAMP,0
L,3,6550,PREDICTION,src/tracking/advanced_tracker.py:id_merge,
R,PREDICTION,PREDICTION,1
L,4,6550,DETECTION,src/tracking/advanced_tracker.py:_activate_slot,6550_-13_705_527_1041
R,DETECTION,DETECTION,1
L,5,6550,PREDICTION,src/tracking/advanced_tracker.py:flow_gapfill_batched,
R,PREDICTION,PREDICTION,1
L,6,6550,PREDICTION,src/tracking/advanced_tracker.py:kalman_homography,
R,CLAMP,CLAMP,0
L,7,6550,DETECTION,src/tracking/advanced_tracker.py:_activate_slot,6550_259_1031_668_1229
R,DETECTION,DETECTION,1
L,8,6550,DETECTION,src/tracking/advanced_tracker.py:_activate_slot,6550_120_902_498_1152
R,DETECTION,DETECTION,1
L,9,6550,DETECTION,src/tracking/advanced_tracker.py:_activate_slot,6550_69_1165_668_1295
R,CLAMP,CLAMP,0
A,6550
S,1,6556,DETECTION,src/tracking/advanced_tracker.py:_activate_slot,6556_-13_1101_668_1295
S,3,6556,DETECTION,src/tracking/advanced_tracker.py:_activate_slot,6556_139_869_546_1173
S,4,6556,DETECTION,src/tracking/advanced_tracker.py:_activate_slot,6556_-15_661_528_1121
S,7,6556,DETECTION,src/tracking/advanced_tracker.py:_activate_slot,6556_276_980_668_1186
S,8,6556,DETECTION,src/tracking/advanced_tracker.py:_activate_slot,6556_138_867_517_1087
S,0,6556,PREDICTION,src/tracking/advanced_tracker.py:kalman_homography,
S,6,6556,PREDICTION,src/tracking/advanced_tracker.py:kalman_homography,
S,10,6556,PREDICTION,src/tracking/advanced_tracker.py:kalman_homography,
S,2,6556,PREDICTION,src/tracking/advanced_tracker.py:flow_gapfill_batched,
S,9,6556,PREDICTION,src/tracking/advanced_tracker.py:flow_gapfill_batched,
L,0,6556,PREDICTION,src/tracking/advanced_tracker.py:kalman_homography,
R,CLAMP,CLAMP,0
L,1,6556,DETECTION,src/tracking/advanced_tracker.py:_activate_slot,6556_-13_1101_668_1295
R,CLAMP,CLAMP,0
L,2,6556,PREDICTION,src/tracking/advanced_tracker.py:flow_gapfill_batched,
R,CLAMP,CLAMP,0
L,3,6556,DETECTION,src/tracking/advanced_tracker.py:_activate_slot,6556_139_869_546_1173
R,DETECTION,DETECTION,1
L,4,6556,DETECTION,src/tracking/advanced_tracker.py:_activate_slot,6556_-15_661_528_1121
R,DETECTION,DETECTION,1
L,6,6556,PREDICTION,src/tracking/advanced_tracker.py:kalman_homography,
R,CLAMP,CLAMP,0
L,7,6556,DETECTION,src/tracking/advanced_tracker.py:_activate_slot,6556_276_980_668_1186
R,DETECTION,DETECTION,1
L,8,6556,DETECTION,src/tracking/advanced_tracker.py:_activate_slot,6556_138_867_517_1087
R,DETECTION,DETECTION,1
L,9,6556,PREDICTION,src/tracking/advanced_tracker.py:flow_gapfill_batched,
R,CLAMP,CLAMP,0
A,6556
S,3,6562,DETECTION,src/tracking/advanced_tracker.py:_activate_slot,6562_159_831_532_1141
S,4,6562,DETECTION,src/tracking/advanced_tracker.py:_activate_slot,6562_-15_619_434_1079
S,7,6562,DETECTION,src/tracking/advanced_tracker.py:_activate_slot,6562_297_939_668_1145
S,8,6562,DETECTION,src/tracking/advanced_tracker.py:_activate_slot,6562_-13_1057_667_1295
S,0,6562,PREDICTION,src/tracking/advanced_tracker.py:kalman_homography,
S,1,6562,PREDICTION,src/tracking/advanced_tracker.py:kalman_homography,
S,6,6562,PREDICTION,src/tracking/advanced_tracker.py:kalman_homography,
S,10,6562,PREDICTION,src/tracking/advanced_tracker.py:kalman_homography,
S,2,6562,PREDICTION,src/tracking/advanced_tracker.py:flow_gapfill_batched,
D,0,6562
S,1,6562,PREDICTION,src/tracking/advanced_tracker.py:id_merge,
L,1,6562,PREDICTION,src/tracking/advanced_tracker.py:id_merge,
R,CLAMP,CLAMP,0
L,2,6562,PREDICTION,src/tracking/advanced_tracker.py:flow_gapfill_batched,
R,CLAMP,CLAMP,0
L,3,6562,DETECTION,src/tracking/advanced_tracker.py:_activate_slot,6562_159_831_532_1141
R,DETECTION,DETECTION,1
L,4,6562,DETECTION,src/tracking/advanced_tracker.py:_activate_slot,6562_-15_619_434_1079
R,DETECTION,DETECTION,1
L,6,6562,PREDICTION,src/tracking/advanced_tracker.py:kalman_homography,
R,CLAMP,CLAMP,0
L,7,6562,DETECTION,src/tracking/advanced_tracker.py:_activate_slot,6562_297_939_668_1145
R,DETECTION,DETECTION,1
L,8,6562,DETECTION,src/tracking/advanced_tracker.py:_activate_slot,6562_-13_1057_667_1295
R,DETECTION,DETECTION,1
A,6562
S,4,6568,DETECTION,src/tracking/advanced_tracker.py:_activate_slot,6568_-14_580_513_1043
S,6,6568,DETECTION,src/tracking/advanced_tracker.py:_activate_slot,6568_177_764_532_1025
S,7,6568,DETECTION,src/tracking/advanced_tracker.py:_activate_slot,6568_321_897_670_1114
S,8,6568,DETECTION,src/tracking/advanced_tracker.py:_activate_slot,6568_-13_1017_667_1295
S,0,6568,PREDICTION,src/tracking/advanced_tracker.py:kalman_homography,
S,3,6568,PREDICTION,src/tracking/advanced_tracker.py:kalman_homography,
S,10,6568,PREDICTION,src/tracking/advanced_tracker.py:kalman_homography,
S,2,6568,PREDICTION,src/tracking/advanced_tracker.py:flow_gapfill_batched,
D,2,6568
S,4,6568,PREDICTION,src/tracking/advanced_tracker.py:id_merge,
L,0,6568,PREDICTION,src/tracking/advanced_tracker.py:kalman_homography,
R,CLAMP,CLAMP,0
L,3,6568,PREDICTION,src/tracking/advanced_tracker.py:kalman_homography,
R,PREDICTION,PREDICTION,1
L,4,6568,PREDICTION,src/tracking/advanced_tracker.py:id_merge,
R,PREDICTION,PREDICTION,1
L,6,6568,DETECTION,src/tracking/advanced_tracker.py:_activate_slot,6568_177_764_532_1025
R,CLAMP,CLAMP,0
L,7,6568,DETECTION,src/tracking/advanced_tracker.py:_activate_slot,6568_321_897_670_1114
R,DETECTION,DETECTION,1
L,8,6568,DETECTION,src/tracking/advanced_tracker.py:_activate_slot,6568_-13_1017_667_1295
R,DETECTION,DETECTION,1
A,6568
S,4,6574,DETECTION,src/tracking/advanced_tracker.py:_activate_slot,6574_-15_545_487_1008
S,6,6574,DETECTION,src/tracking/advanced_tracker.py:_activate_slot,6574_202_720_536_986
S,7,6574,DETECTION,src/tracking/advanced_tracker.py:_activate_slot,6574_343_865_673_1069
S,8,6574,DETECTION,src/tracking/advanced_tracker.py:_activate_slot,6574_-12_1005_665_1265
S,9,6574,DETECTION,src/tracking/advanced_tracker.py:_activate_slot,6574_164_1197_664_1295
S,0,6574,PREDICTION,src/tracking/advanced_tracker.py:kalman_homography,
S,3,6574,PREDICTION,src/tracking/advanced_tracker.py:kalman_homography,
S,10,6574,PREDICTION,src/tracking/advanced_tracker.py:kalman_homography,
S,2,6574,PREDICTION,src/tracking/advanced_tracker.py:flow_gapfill_batched,
D,2,6574
S,4,6574,PREDICTION,src/tracking/advanced_tracker.py:id_merge,
L,0,6574,PREDICTION,src/tracking/advanced_tracker.py:kalman_homography,
R,CLAMP,CLAMP,0
L,3,6574,PREDICTION,src/tracking/advanced_tracker.py:kalman_homography,
R,PREDICTION,PREDICTION,1
L,4,6574,PREDICTION,src/tracking/advanced_tracker.py:id_merge,
R,PREDICTION,PREDICTION,1
L,6,6574,DETECTION,src/tracking/advanced_tracker.py:_activate_slot,6574_202_720_536_986
R,CLAMP,CLAMP,0
L,7,6574,DETECTION,src/tracking/advanced_tracker.py:_activate_slot,6574_343_865_673_1069
R,DETECTION,DETECTION,1
L,8,6574,DETECTION,src/tracking/advanced_tracker.py:_activate_slot,6574_-12_1005_665_1265
R,DETECTION,DETECTION,1
L,9,6574,DETECTION,src/tracking/advanced_tracker.py:_activate_slot,6574_164_1197_664_1295
R,CLAMP,CLAMP,0
A,6574
S,0,6580,DETECTION,src/tracking/advanced_tracker.py:_activate_slot,6580_-15_510_482_979
S,3,6580,DETECTION,src/tracking/advanced_tracker.py:_activate_slot,6580_-15_975_664_1241
S,6,6580,DETECTION,src/tracking/advanced_tracker.py:_activate_slot,6580_225_638_533_940
S,8,6580,DETECTION,src/tracking/advanced_tracker.py:_activate_slot,6580_366_837_670_1045
S,9,6580,DETECTION,src/tracking/advanced_tracker.py:_activate_slot,6580_185_1165_666_1295
S,4,6580,PREDICTION,src/tracking/advanced_tracker.py:kalman_homography,
S,10,6580,PREDICTION,src/tracking/advanced_tracker.py:kalman_homography,
S,2,6580,PREDICTION,src/tracking/advanced_tracker.py:flow_gapfill_batched,
D,2,6580
S,0,6580,PREDICTION,src/tracking/advanced_tracker.py:id_merge,
D,4,6580
S,0,6580,PREDICTION,src/tracking/advanced_tracker.py:id_merge,
L,0,6580,PREDICTION,src/tracking/advanced_tracker.py:id_merge,
R,CLAMP,CLAMP,0
L,3,6580,DETECTION,src/tracking/advanced_tracker.py:_activate_slot,6580_-15_975_664_1241
R,DETECTION,DETECTION,1
L,6,6580,DETECTION,src/tracking/advanced_tracker.py:_activate_slot,6580_225_638_533_940
R,CLAMP,CLAMP,0
L,8,6580,DETECTION,src/tracking/advanced_tracker.py:_activate_slot,6580_366_837_670_1045
R,DETECTION,DETECTION,1
L,9,6580,DETECTION,src/tracking/advanced_tracker.py:_activate_slot,6580_185_1165_666_1295
R,CLAMP,CLAMP,0
A,6580
S,1,6586,DETECTION,src/tracking/advanced_tracker.py:_activate_slot,6586_211_1143_665_1295
S,3,6586,DETECTION,src/tracking/advanced_tracker.py:_activate_slot,6586_-14_956_664_1211
S,6,6586,DETECTION,src/tracking/advanced_tracker.py:_activate_slot,6586_245_646_533_898
S,8,6586,DETECTION,src/tracking/advanced_tracker.py:_activate_slot,6586_393_829_673_1041
S,9,6586,DETECTION,src/tracking/advanced_tracker.py:_activate_slot,6586_-15_477_457_946
S,0,6586,PREDICTION,src/tracking/advanced_tracker.py:kalman_homography,
S,4,6586,PREDICTION,src/tracking/advanced_tracker.py:kalman_homography,
S,2,6586,PREDICTION,src/tracking/advanced_tracker.py:flow_gapfill_batched,
S,10,6586,PREDICTION,src/tracking/advanced_tracker.py:flow_gapfill_batched,
D,2,6586
S,0,6586,PREDICTION,src/tracking/advanced_tracker.py:id_merge,
D,4,6586
S,0,6586,PREDICTION,src/tracking/advanced_tracker.py:id_merge,
D,6,6586
S,9,6586,PREDICTION,src/tracking/advanced_tracker.py:id_merge,
L,0,6586,PREDICTION,src/tracking/advanced_tracker.py:id_merge,
R,CLAMP,CLAMP,0
L,1,6586,DETECTION,src/tracking/advanced_tracker.py:_activate_slot,6586_211_1143_665_1295
R,CLAMP,CLAMP,0
L,3,6586,DETECTION,src/tracking/advanced_tracker.py:_activate_slot,6586_-14_956_664_1211
R,DETECTION,DETECTION,1
L,8,6586,DETECTION,src/tracking/advanced_tracker.py:_activate_slot,6586_393_829_673_1041
R,DETECTION,DETECTION,1
L,9,6586,PREDICTION,src/tracking/advanced_tracker.py:id_merge,
R,CLAMP,CLAMP,0
A,6586
S,1,6592,DETECTION,src/tracking/advanced_tracker.py:_activate_slot,6592_327_1165_668_1295
S,3,6592,DETECTION,src/tracking/advanced_tracker.py:_activate_slot,6592_242_1119_667_1293
S,6,6592,DETECTION,src/tracking/advanced_tracker.py:_activate_slot,6592_271_609_532_874
S,7,6592,DETECTION,src/tracking/advanced_tracker.py:_activate_slot,6592_-13_934_664_1186
S,8,6592,DETECTION,src/tracking/advanced_tracker.py:_activate_slot,6592_424_838_675_1036
S,9,6592,DETECTION,src/tracking/advanced_tracker.py:_activate_slot,6592_-13_452_470_917
S,5,6592,DETECTION,src/tracking/advanced_tracker.py:_activate_slot,6592_-15_934_347_1294
S,0,6592,PREDICTION,src/tracking/advanced_tracker.py:kalman_homography,
S,4,6592,PREDICTION,src/tracking/advanced_tracker.py:kalman_homography,
S,10,6592,PREDICTION,src/tracking/advanced_tracker.py:flow_gapfill_batched,
D,4,6592
S,0,6592,PREDICTION,src/tracking/advanced_tracker.py:id_merge,
D,1,6592
S,3,6592,PREDICTION,src/tracking/advanced_tracker.py:id_merge,
D,6,6592
S,9,6592,PREDICTION,src/tracking/advanced_tracker.py:id_merge,
L,0,6592,PREDICTION,src/tracking/advanced_tracker.py:id_merge,
R,CLAMP,CLAMP,0
L,3,6592,PREDICTION,src/tracking/advanced_tracker.py:id_merge,
R,PREDICTION,PREDICTION,1
L,5,6592,DETECTION,src/tracking/advanced_tracker.py:_activate_slot,6592_-15_934_347_1294
R,CLAMP,CLAMP,0
L,7,6592,DETECTION,src/tracking/advanced_tracker.py:_activate_slot,6592_-13_934_664_1186
R,DETECTION,DETECTION,1
L,8,6592,DETECTION,src/tracking/advanced_tracker.py:_activate_slot,6592_424_838_675_1036
R,DETECTION,DETECTION,1
L,9,6592,PREDICTION,src/tracking/advanced_tracker.py:id_merge,
R,CLAMP,CLAMP,0
A,6592
S,5,6598,DETECTION,src/tracking/advanced_tracker.py:_activate_slot,6598_-12_1023_376_1285
S,6,6598,DETECTION,src/tracking/advanced_tracker.py:_activate_slot,6598_294_609_535_873
S,7,6598,DETECTION,src/tracking/advanced_tracker.py:_activate_slot,6598_-1_928_665_1164
S,8,6598,DETECTION,src/tracking/advanced_tracker.py:_activate_slot,6598_265_1096_669_1294
S,9,6598,DETECTION,src/tracking/advanced_tracker.py:_activate_slot,6598_-13_423_483_889
S,4,6598,PREDICTION,src/tracking/advanced_tracker.py:kalman_homography,
S,3,6598,PREDICTION,src/tracking/advanced_tracker.py:flow_gapfill_batched,
S,10,6598,PREDICTION,src/tracking/advanced_tracker.py:flow_gapfill_batched,
D,6,6598
S,9,6598,PREDICTION,src/tracking/advanced_tracker.py:id_merge,
L,3,6598,PREDICTION,src/tracking/advanced_tracker.py:flow_gapfill_batched,
R,PREDICTION,PREDICTION,1
L,4,6598,PREDICTION,src/tracking/advanced_tracker.py:kalman_homography,
R,PREDICTION,PREDICTION,1
L,5,6598,DETECTION,src/tracking/advanced_tracker.py:_activate_slot,6598_-12_1023_376_1285
R,CLAMP,CLAMP,0
L,7,6598,DETECTION,src/tracking/advanced_tracker.py:_activate_slot,6598_-1_928_665_1164
R,DETECTION,DETECTION,1
L,8,6598,DETECTION,src/tracking/advanced_tracker.py:_activate_slot,6598_265_1096_669_1294
R,CLAMP,CLAMP,0
L,9,6598,PREDICTION,src/tracking/advanced_tracker.py:id_merge,
R,CLAMP,CLAMP,0
A,6598
S,3,6604,DETECTION,src/tracking/advanced_tracker.py:_activate_slot,6604_-14_1006_371_1260
S,6,6604,DETECTION,src/tracking/advanced_tracker.py:_activate_slot,6604_393_1153_671_1295
S,7,6604,DETECTION,src/tracking/advanced_tracker.py:_activate_slot,6604_25_891_663_1145
S,8,6604,DETECTION,src/tracking/advanced_tracker.py:_activate_slot,6604_285_1077_669_1295
S,9,6604,DETECTION,src/tracking/advanced_tracker.py:_activate_slot,6604_-13_399_519_860
S,5,6604,DETECTION,src/tracking/advanced_tracker.py:_activate_slot,6604_-14_909_379_1261
S,4,6604,PREDICTION,src/tracking/advanced_tracker.py:kalman_homography,
S,0,6604,PREDICTION,src/tracking/advanced_tracker.py:flow_gapfill_batched,
D,4,6604
S,0,6604,PREDICTION,src/tracking/advanced_tracker.py:id_merge,
D,6,6604
S,8,6604,PREDICTION,src/tracking/advanced_tracker.py:id_merge,
L,0,6604,PREDICTION,src/tracking/advanced_tracker.py:id_merge,
R,CLAMP,CLAMP,0
L,3,6604,DETECTION,src/tracking/advanced_tracker.py:_activate_slot,6604_-14_1006_371_1260
R,DETECTION,DETECTION,1
L,5,6604,DETECTION,src/tracking/advanced_tracker.py:_activate_slot,6604_-14_909_379_1261
R,CLAMP,CLAMP,0
L,7,6604,DETECTION,src/tracking/advanced_tracker.py:_activate_slot,6604_25_891_663_1145
R,DETECTION,DETECTION,1
L,8,6604,PREDICTION,src/tracking/advanced_tracker.py:id_merge,
R,CLAMP,CLAMP,0
L,9,6604,DETECTION,src/tracking/advanced_tracker.py:_activate_slot,6604_-13_399_519_860
R,CLAMP,CLAMP,0
A,6604
S,3,6610,DETECTION,src/tracking/advanced_tracker.py:_activate_slot,6610_-13_989_392_1245
S,5,6610,DETECTION,src/tracking/advanced_tracker.py:_activate_slot,6610_339_577_531_755
S,6,6610,DETECTION,src/tracking/advanced_tracker.py:_activate_slot,6610_404_1133_670_1295
S,7,6610,DETECTION,src/tracking/advanced_tracker.py:_activate_slot,6610_51_881_663_1123
S,8,6610,DETECTION,src/tracking/advanced_tracker.py:_activate_slot,6610_75_1194_451_1294
S,9,6610,DETECTION,src/tracking/advanced_tracker.py:_activate_slot,6610_-13_375_478_838
S,0,6610,PREDICTION,src/tracking/advanced_tracker.py:flow_gapfill_batched,
S,4,6610,PREDICTION,src/tracking/advanced_tracker.py:flow_gapfill_batched,
D,4,6610
S,0,6610,PREDICTION,src/tracking/advanced_tracker.py:id_merge,
D,5,6610
S,9,6610,PREDICTION,src/tracking/advanced_tracker.py:id_merge,
L,0,6610,PREDICTION,src/tracking/advanced_tracker.py:id_merge,
R,CLAMP,CLAMP,0
L,3,6610,DETECTION,src/tracking/advanced_tracker.py:_activate_slot,6610_-13_989_392_1245
R,DETECTION,DETECTION,1
L,6,6610,DETECTION,src/tracking/advanced_tracker.py:_activate_slot,6610_404_1133_670_1295
R,CLAMP,CLAMP,0
L,7,6610,DETECTION,src/tracking/advanced_tracker.py:_activate_slot,6610_51_881_663_1123
R,DETECTION,DETECTION,1
L,8,6610,DETECTION,src/tracking/advanced_tracker.py:_activate_slot,6610_75_1194_451_1294
R,CLAMP,CLAMP,0
L,9,6610,PREDICTION,src/tracking/advanced_tracker.py:id_merge,
R,CLAMP,CLAMP,0
A,6610
S,0,6616,DETECTION,src/tracking/advanced_tracker.py:_activate_slot,6616_73_1177_480_1295
S,1,6616,DETECTION,src/tracking/advanced_tracker.py:_activate_slot,6616_63_844_667_1101
S,3,6616,DETECTION,src/tracking/advanced_tracker.py:_activate_slot,6616_-13_969_421_1223
S,4,6616,DETECTION,src/tracking/advanced_tracker.py:_activate_slot,6616_-15_798_501_1013
S,7,6616,DETECTION,src/tracking/advanced_tracker.py:_activate_slot,6616_422_1110_672_1295
S,8,6616,DETECTION,src/tracking/advanced_tracker.py:_activate_slot,6616_78_1179_665_1295
S,5,6616,PREDICTION,src/tracking/advanced_tracker.py:flow_gapfill_batched,
S,9,6616,PREDICTION,src/tracking/advanced_tracker.py:flow_gapfill_batched,
D,5,6616
S,9,6616,PREDICTION,src/tracking/advanced_tracker.py:id_merge,
D,7,6616
S,8,6616,PREDICTION,src/tracking/advanced_tracker.py:id_merge,
L,0,6616,DETECTION,src/tracking/advanced_tracker.py:_activate_slot,6616_73_1177_480_1295
R,CLAMP,CLAMP,0
L,1,6616,DETECTION,src/tracking/advanced_tracker.py:_activate_slot,6616_63_844_667_1101
R,CLAMP,CLAMP,0
L,3,6616,DETECTION,src/tracking/advanced_tracker.py:_activate_slot,6616_-13_969_421_1223
R,DETECTION,DETECTION,1
L,4,6616,DETECTION,src/tracking/advanced_tracker.py:_activate_slot,6616_-15_798_501_1013
R,DETECTION,DETECTION,1
L,8,6616,PREDICTION,src/tracking/advanced_tracker.py:id_merge,
R,CLAMP,CLAMP,0
L,9,6616,PREDICTION,src/tracking/advanced_tracker.py:id_merge,
R,CLAMP,CLAMP,0
A,6616
S,3,6622,DETECTION,src/tracking/advanced_tracker.py:_activate_slot,6622_-13_949_425_1199
S,5,6622,DETECTION,src/tracking/advanced_tracker.py:_activate_slot,6622_73_835_668_1084
S,6,6622,DETECTION,src/tracking/advanced_tracker.py:_activate_slot,6622_87_1156_509_1294
S,7,6622,DETECTION,src/tracking/advanced_tracker.py:_activate_slot,6622_431_1085_670_1295
S,8,6622,DETECTION,src/tracking/advanced_tracker.py:_activate_slot,6622_88_1157_671_1295
S,1,6622,PREDICTION,src/tracking/advanced_tracker.py:kalman_homography,
S,4,6622,PREDICTION,src/tracking/advanced_tracker.py:kalman_homography,
S,0,6622,PREDICTION,src/tracking/advanced_tracker.py:flow_gapfill_batched,
S,9,6622,PREDICTION,src/tracking/advanced_tracker.py:flow_gapfill_batched,
D,1,6622
S,4,6622,PREDICTION,src/tracking/advanced_tracker.py:id_merge,
D,7,6622
S,8,6622,PREDICTION,src/tracking/advanced_tracker.py:id_merge,
L,0,6622,PREDICTION,src/tracking/advanced_tracker.py:flow_gapfill_batched,
R,CLAMP,CLAMP,0
L,3,6622,DETECTION,src/tracking/advanced_tracker.py:_activate_slot,6622_-13_949_425_1199
R,DETECTION,DETECTION,1
L,4,6622,PREDICTION,src/tracking/advanced_tracker.py:id_merge,
R,PREDICTION,PREDICTION,1
L,5,6622,DETECTION,src/tracking/advanced_tracker.py:_activate_slot,6622_73_835_668_1084
R,DETECTION,DETECTION,1
L,6,6622,DETECTION,src/tracking/advanced_tracker.py:_activate_slot,6622_87_1156_509_1294
R,CLAMP,CLAMP,0
L,8,6622,PREDICTION,src/tracking/advanced_tracker.py:id_merge,
R,CLAMP,CLAMP,0
L,9,6622,PREDICTION,src/tracking/advanced_tracker.py:flow_gapfill_batched,
R,CLAMP,CLAMP,0
A,6622
S,0,6628,DETECTION,src/tracking/advanced_tracker.py:_activate_slot,6628_105_1135_542_1295
S,3,6628,DETECTION,src/tracking/advanced_tracker.py:_activate_slot,6628_-7_925_423_1179
S,5,6628,DETECTION,src/tracking/advanced_tracker.py:_activate_slot,6628_-12_786_487_1178
S,7,6628,DETECTION,src/tracking/advanced_tracker.py:_activate_slot,6628_445_1060_671_1270
S,8,6628,DETECTION,src/tracking/advanced_tracker.py:_activate_slot,6628_342_986_667_1293
S,9,6628,DETECTION,src/tracking/advanced_tracker.py:_activate_slot,6628_92_740_666_1056
S,1,6628,PREDICTION,src/tracking/advanced_tracker.py:kalman_homography,
S,4,6628,PREDICTION,src/tracking/advanced_tracker.py:kalman_homography,
S,6,6628,PREDICTION,src/tracking/advanced_tracker.py:flow_gapfill_batched,
D,7,6628
S,8,6628,PREDICTION,src/tracking/advanced_tracker.py:id_merge,
L,0,6628,DETECTION,src/tracking/advanced_tracker.py:_activate_slot,6628_105_1135_542_1295
R,CLAMP,CLAMP,0
L,1,6628,PREDICTION,src/tracking/advanced_tracker.py:kalman_homography,
R,CLAMP,CLAMP,0
L,3,6628,DETECTION,src/tracking/advanced_tracker.py:_activate_slot,6628_-7_925_423_1179
R,DETECTION,DETECTION,1
L,4,6628,PREDICTION,src/tracking/advanced_tracker.py:kalman_homography,
R,PREDICTION,PREDICTION,1
L,5,6628,DETECTION,src/tracking/advanced_tracker.py:_activate_slot,6628_-12_786_487_1178
R,DETECTION,DETECTION,1
L,6,6628,PREDICTION,src/tracking/advanced_tracker.py:flow_gapfill_batched,
R,CLAMP,CLAMP,0
L,8,6628,PREDICTION,src/tracking/advanced_tracker.py:id_merge,
R,PREDICTION,PREDICTION,1
L,9,6628,DETECTION,src/tracking/advanced_tracker.py:_activate_slot,6628_92_740_666_1056
R,CLAMP,CLAMP,0
A,6628
S,0,6634,DETECTION,src/tracking/advanced_tracker.py:_activate_slot,6634_120_1111_555_1295
S,2,6634,DETECTION,src/tracking/advanced_tracker.py:_activate_slot,6634_-12_1237_118_1295
S,3,6634,DETECTION,src/tracking/advanced_tracker.py:_activate_slot,6634_-2_896_440_1150
S,5,6634,DETECTION,src/tracking/advanced_tracker.py:_activate_slot,6634_-2_889_608_1151
S,6,6634,DETECTION,src/tracking/advanced_tracker.py:_activate_slot,6634_355_965_669_1293
S,9,6634,DETECTION,src/tracking/advanced_tracker.py:_activate_slot,6634_99_717_667_1041
S,8,6634,DETECTION,src/tracking/advanced_tracker.py:_activate_slot,6634_463_1039_671_1229
S,1,6634,PREDICTION,src/tracking/advanced_tracker.py:kalman_homography,
S,4,6634,PREDICTION,src/tracking/advanced_tracker.py:kalman_homography,
D,4,6634
S,3,6634,PREDICTION,src/tracking/advanced_tracker.py:id_merge,
D,6,6634
S,8,6634,PREDICTION,src/tracking/advanced_tracker.py:id_merge,
L,0,6634,DETECTION,src/tracking/advanced_tracker.py:_activate_slot,6634_120_1111_555_1295
R,CLAMP,CLAMP,0
L,1,6634,PREDICTION,src/tracking/advanced_tracker.py:kalman_homography,
R,CLAMP,CLAMP,0
L,2,6634,DETECTION,src/tracking/advanced_tracker.py:_activate_slot,6634_-12_1237_118_1295
R,CLAMP,CLAMP,0
L,3,6634,PREDICTION,src/tracking/advanced_tracker.py:id_merge,
R,PREDICTION,PREDICTION,1
L,5,6634,DETECTION,src/tracking/advanced_tracker.py:_activate_slot,6634_-2_889_608_1151
R,DETECTION,DETECTION,1
L,8,6634,PREDICTION,src/tracking/advanced_tracker.py:id_merge,
R,PREDICTION,PREDICTION,1
L,9,6634,DETECTION,src/tracking/advanced_tracker.py:_activate_slot,6634_99_717_667_1041
R,CLAMP,CLAMP,0
A,6634
S,0,6640,DETECTION,src/tracking/advanced_tracker.py:_activate_slot,6640_141_1085_583_1295
S,5,6640,DETECTION,src/tracking/advanced_tracker.py:_activate_slot,6640_2_864_457_1121
S,6,6640,DETECTION,src/tracking/advanced_tracker.py:_activate_slot,6640_364_942_668_1294
S,7,6640,DETECTION,src/tracking/advanced_tracker.py:_activate_slot,6640_-14_682_521_1058
S,9,6640,DETECTION,src/tracking/advanced_tracker.py:_activate_slot,6640_110_706_670_1018
S,1,6640,PREDICTION,src/tracking/advanced_tracker.py:kalman_homography,
S,2,6640,PREDICTION,src/tracking/advanced_tracker.py:kalman_homography,
S,3,6640,PREDICTION,src/tracking/advanced_tracker.py:kalman_homography,
S,4,6640,PREDICTION,src/tracking/advanced_tracker.py:kalman_homography,
D,4,6640
S,3,6640,PREDICTION,src/tracking/advanced_tracker.py:id_merge,
D,7,6640
S,9,6640,PREDICTION,src/tracking/advanced_tracker.py:id_merge,
L,0,6640,DETECTION,src/tracking/advanced_tracker.py:_activate_slot,6640_141_1085_583_1295
R,CLAMP,CLAMP,0
L,1,6640,PREDICTION,src/tracking/advanced_tracker.py:kalman_homography,
R,CLAMP,CLAMP,0
L,2,6640,PREDICTION,src/tracking/advanced_tracker.py:kalman_homography,
R,CLAMP,CLAMP,0
L,3,6640,PREDICTION,src/tracking/advanced_tracker.py:id_merge,
R,PREDICTION,PREDICTION,1
L,5,6640,DETECTION,src/tracking/advanced_tracker.py:_activate_slot,6640_2_864_457_1121
R,DETECTION,DETECTION,1
L,6,6640,DETECTION,src/tracking/advanced_tracker.py:_activate_slot,6640_364_942_668_1294
R,CLAMP,CLAMP,0
L,9,6640,PREDICTION,src/tracking/advanced_tracker.py:id_merge,
R,CLAMP,CLAMP,0
A,6640
S,0,6646,DETECTION,src/tracking/advanced_tracker.py:_activate_slot,6646_-14_1092_130_1294
S,3,6646,DETECTION,src/tracking/advanced_tracker.py:_activate_slot,6646_4_847_444_1095
S,5,6646,DETECTION,src/tracking/advanced_tracker.py:_activate_slot,6646_115_777_670_1001
S,6,6646,DETECTION,src/tracking/advanced_tracker.py:_activate_slot,6646_366_930_669_1294
S,7,6646,DETECTION,src/tracking/advanced_tracker.py:_activate_slot,6646_-15_619_529_1029
S,8,6646,DETECTION,src/tracking/advanced_tracker.py:_activate_slot,6646_163_1065_592_1295
S,9,6646,DETECTION,src/tracking/advanced_tracker.py:_activate_slot,6646_113_681_670_1003
S,1,6646,PREDICTION,src/tracking/advanced_tracker.py:kalman_homography,
S,2,6646,PREDICTION,src/tracking/advanced_tracker.py:kalman_homography,
S,4,6646,PREDICTION,src/tracking/advanced_tracker.py:kalman_homography,
D,4,6646
S,3,6646,PREDICTION,src/tracking/advanced_tracker.py:id_merge,
D,5,6646
S,9,6646,PREDICTION,src/tracking/advanced_tracker.py:id_merge,
D,7,6646
S,9,6646,PREDICTION,src/tracking/advanced_tracker.py:id_merge,
L,0,6646,DETECTION,src/tracking/advanced_tracker.py:_activate_slot,6646_-14_1092_130_1294
R,CLAMP,CLAMP,0
L,1,6646,PREDICTION,src/tracking/advanced_tracker.py:kalman_homography,
R,CLAMP,CLAMP,0
L,2,6646,PREDICTION,src/tracking/advanced_tracker.py:kalman_homography,
R,CLAMP,CLAMP,0
L,3,6646,PREDICTION,src/tracking/advanced_tracker.py:id_merge,
R,PREDICTION,PREDICTION,1
L,6,6646,DETECTION,src/tracking/advanced_tracker.py:_activate_slot,6646_366_930_669_1294
R,CLAMP,CLAMP,0
L,8,6646,DETECTION,src/tracking/advanced_tracker.py:_activate_slot,6646_163_1065_592_1295
R,DETECTION,DETECTION,1
L,9,6646,PREDICTION,src/tracking/advanced_tracker.py:id_merge,
R,CLAMP,CLAMP,0
A,6646
S,3,6652,DETECTION,src/tracking/advanced_tracker.py:_activate_slot,6652_-14_613_467_1001
S,5,6652,DETECTION,src/tracking/advanced_tracker.py:_activate_slot,6652_2_827_427_1077
S,6,6652,DETECTION,src/tracking/advanced_tracker.py:_activate_slot,6652_368_922_669_1293
S,7,6652,DETECTION,src/tracking/advanced_tracker.py:_activate_slot,6652_-12_711_480_996
S,8,6652,DETECTION,src/tracking/advanced_tracker.py:_activate_slot,6652_189_1057_594_1295
S,9,6652,DETECTION,src/tracking/advanced_tracker.py:_activate_slot,6652_112_677_670_990
S,10,6652,DETECTION,src/tracking/advanced_tracker.py:_activate_slot,6652_365_922_673_1098
S,0,6652,PREDICTION,src/tracking/advanced_tracker.py:kalman_homography,
S,2,6652,PREDICTION,src/tracking/advanced_tracker.py:kalman_homography,
S,4,6652,PREDICTION,src/tracking/advanced_tracker.py:kalman_homography,
S,1,6652,PREDICTION,src/tracking/advanced_tracker.py:flow_gapfill_batched,
D,5,6652
S,7,6652,PREDICTION,src/tracking/advanced_tracker.py:id_merge,
L,0,6652,PREDICTION,src/tracking/advanced_tracker.py:kalman_homography,
R,CLAMP,CLAMP,0
L,1,6652,PREDICTION,src/tracking/advanced_tracker.py:flow_gapfill_batched,
R,CLAMP,CLAMP,0
L,2,6652,PREDICTION,src/tracking/advanced_tracker.py:kalman_homography,
R,CLAMP,CLAMP,0
L,3,6652,DETECTION,src/tracking/advanced_tracker.py:_activate_slot,6652_-14_613_467_1001
R,DETECTION,DETECTION,1
L,4,6652,PREDICTION,src/tracking/advanced_tracker.py:kalman_homography,
R,PREDICTION,PREDICTION,1
L,6,6652,DETECTION,src/tracking/advanced_tracker.py:_activate_slot,6652_368_922_669_1293
R,CLAMP,CLAMP,0
L,7,6652,PREDICTION,src/tracking/advanced_tracker.py:id_merge,
R,PREDICTION,PREDICTION,1
L,8,6652,DETECTION,src/tracking/advanced_tracker.py:_activate_slot,6652_189_1057_594_1295
R,DETECTION,DETECTION,1
L,9,6652,DETECTION,src/tracking/advanced_tracker.py:_activate_slot,6652_112_677_670_990
R,CLAMP,CLAMP,0
A,6652
S,3,6658,DETECTION,src/tracking/advanced_tracker.py:_activate_slot,6658_-15_700_393_839
S,4,6658,DETECTION,src/tracking/advanced_tracker.py:_activate_slot,6658_-6_781_410_1065
S,6,6658,DETECTION,src/tracking/advanced_tracker.py:_activate_slot,6658_360_922_668_1294
S,8,6658,DETECTION,src/tracking/advanced_tracker.py:_activate_slot,6658_207_1059_608_1295
S,9,6658,DETECTION,src/tracking/advanced_tracker.py:_activate_slot,6658_109_679_670_990
S,10,6658,DETECTION,src/tracking/advanced_tracker.py:_activate_slot,6658_358_921_673_1095
S,0,6658,PREDICTION,src/tracking/advanced_tracker.py:kalman_homography,
S,2,6658,PREDICTION,src/tracking/advanced_tracker.py:kalman_homography,
S,5,6658,PREDICTION,src/tracking/advanced_tracker.py:kalman_homography,
S,7,6658,PREDICTION,src/tracking/advanced_tracker.py:kalman_homography,
S,1,6658,PREDICTION,src/tracking/advanced_tracker.py:flow_gapfill_batched,
D,1,6658
S,4,6658,PREDICTION,src/tracking/advanced_tracker.py:id_merge,
D,6,6658
S,8,6658,PREDICTION,src/tracking/advanced_tracker.py:id_merge,
L,0,6658,PREDICTION,src/tracking/advanced_tracker.py:kalman_homography,
R,CLAMP,CLAMP,0
L,2,6658,PREDICTION,src/tracking/advanced_tracker.py:kalman_homography,
R,CLAMP,CLAMP,0
L,3,6658,DETECTION,src/tracking/advanced_tracker.py:_activate_slot,6658_-15_700_393_839
R,DETECTION,DETECTION,1
L,4,6658,PREDICTION,src/tracking/advanced_tracker.py:id_merge,
R,PREDICTION,PREDICTION,1
L,5,6658,PREDICTION,src/tracking/advanced_tracker.py:kalman_homography,
R,PREDICTION,PREDICTION,1
L,7,6658,PREDICTION,src/tracking/advanced_tracker.py:kalman_homography,
R,PREDICTION,PREDICTION,1
L,8,6658,PREDICTION,src/tracking/advanced_tracker.py:id_merge,
R,PREDICTION,PREDICTION,1
L,9,6658,DETECTION,src/tracking/advanced_tracker.py:_activate_slot,6658_109_679_670_990
R,CLAMP,CLAMP,0
A,6658
S,5,6664,DETECTION,src/tracking/advanced_tracker.py:_activate_slot,6664_-14_749_392_1058
S,6,6664,DETECTION,src/tracking/advanced_tracker.py:_activate_slot,6664_347_918_669_1294
S,7,6664,DETECTION,src/tracking/advanced_tracker.py:_activate_slot,6664_-15_661_377_825
S,8,6664,DETECTION,src/tracking/advanced_tracker.py:_activate_slot,6664_226_1061_589_1295
S,9,6664,DETECTION,src/tracking/advanced_tracker.py:_activate_slot,6664_102_677_669_993
S,0,6664,PREDICTION,src/tracking/advanced_tracker.py:kalman_homography,
S,2,6664,PREDICTION,src/tracking/advanced_tracker.py:kalman_homography,
S,3,6664,PREDICTION,src/tracking/advanced_tracker.py:kalman_homography,
S,4,6664,PREDICTION,src/tracking/advanced_tracker.py:kalman_homography,
S,1,6664,PREDICTION,src/tracking/advanced_tracker.py:flow_gapfill_batched,
D,1,6664
S,4,6664,PREDICTION,src/tracking/advanced_tracker.py:id_merge,
L,0,6664,PREDICTION,src/tracking/advanced_tracker.py:kalman_homography,
R,CLAMP,CLAMP,0
L,2,6664,PREDICTION,src/tracking/advanced_tracker.py:kalman_homography,
R,CLAMP,CLAMP,0
L,3,6664,PREDICTION,src/tracking/advanced_tracker.py:kalman_homography,
R,PREDICTION,PREDICTION,1
L,4,6664,PREDICTION,src/tracking/advanced_tracker.py:id_merge,
R,PREDICTION,PREDICTION,1
L,5,6664,DETECTION,src/tracking/advanced_tracker.py:_activate_slot,6664_-14_749_392_1058
R,DETECTION,DETECTION,1
L,6,6664,DETECTION,src/tracking/advanced_tracker.py:_activate_slot,6664_347_918_669_1294
R,CLAMP,CLAMP,0
L,7,6664,DETECTION,src/tracking/advanced_tracker.py:_activate_slot,6664_-15_661_377_825
R,DETECTION,DETECTION,1
L,8,6664,DETECTION,src/tracking/advanced_tracker.py:_activate_slot,6664_226_1061_589_1295
R,DETECTION,DETECTION,1
L,9,6664,DETECTION,src/tracking/advanced_tracker.py:_activate_slot,6664_102_677_669_993
R,CLAMP,CLAMP,0
A,6664
S,0,6670,DETECTION,src/tracking/advanced_tracker.py:_activate_slot,6670_247_1057_581_1295
S,3,6670,DETECTION,src/tracking/advanced_tracker.py:_activate_slot,6670_-15_666_477_810
S,5,6670,DETECTION,src/tracking/advanced_tracker.py:_activate_slot,6670_-13_729_405_1049
S,6,6670,DETECTION,src/tracking/advanced_tracker.py:_activate_slot,6670_341_913_669_1295
S,7,6670,DETECTION,src/tracking/advanced_tracker.py:_activate_slot,6670_-15_664_343_809
S,9,6670,DETECTION,src/tracking/advanced_tracker.py:_activate_slot,6670_100_702_670_996
S,2,6670,PREDICTION,src/tracking/advanced_tracker.py:kalman_homography,
S,4,6670,PREDICTION,src/tracking/advanced_tracker.py:kalman_homography,
S,8,6670,PREDICTION,src/tracking/advanced_tracker.py:kalman_homography,
S,10,6670,PREDICTION,src/tracking/advanced_tracker.py:flow_gapfill_batched,
L,0,6670,DETECTION,src/tracking/advanced_tracker.py:_activate_slot,6670_247_1057_581_1295
R,CLAMP,CLAMP,0
L,2,6670,PREDICTION,src/tracking/advanced_tracker.py:kalman_homography,
R,CLAMP,CLAMP,0
L,3,6670,DETECTION,src/tracking/advanced_tracker.py:_activate_slot,6670_-15_666_477_810
R,DETECTION,DETECTION,1
L,4,6670,PREDICTION,src/tracking/advanced_tracker.py:kalman_homography,
R,PREDICTION,PREDICTION,1
L,5,6670,DETECTION,src/tracking/advanced_tracker.py:_activate_slot,6670_-13_729_405_1049
R,DETECTION,DETECTION,1
L,6,6670,DETECTION,src/tracking/advanced_tracker.py:_activate_slot,6670_341_913_669_1295
R,CLAMP,CLAMP,0
L,7,6670,DETECTION,src/tracking/advanced_tracker.py:_activate_slot,6670_-15_664_343_809
R,DETECTION,DETECTION,1
L,8,6670,PREDICTION,src/tracking/advanced_tracker.py:kalman_homography,
R,PREDICTION,PREDICTION,1
L,9,6670,DETECTION,src/tracking/advanced_tracker.py:_activate_slot,6670_100_702_670_996
R,CLAMP,CLAMP,0
A,6670
S,0,6676,DETECTION,src/tracking/advanced_tracker.py:_activate_slot,6676_-10_1154_442_1294
S,3,6676,DETECTION,src/tracking/advanced_tracker.py:_activate_slot,6676_-14_653_480_808
S,4,6676,DETECTION,src/tracking/advanced_tracker.py:_activate_slot,6676_-14_719_417_1042
S,6,6676,DETECTION,src/tracking/advanced_tracker.py:_activate_slot,6676_340_910_670_1294
S,8,6676,DETECTION,src/tracking/advanced_tracker.py:_activate_slot,6676_263_1058_605_1294
S,9,6676,DETECTION,src/tracking/advanced_tracker.py:_activate_slot,6676_100_697_670_993
S,5,6676,DETECTION,src/tracking/advanced_tracker.py:_activate_slot,6676_108_734_536_986
S,7,6676,DETECTION,src/tracking/advanced_tracker.py:_activate_slot,6676_-15_653_346_814
S,2,6676,PREDICTION,src/tracking/advanced_tracker.py:kalman_homography,
S,10,6676,PREDICTION,src/tracking/advanced_tracker.py:flow_gapfill_batched,
D,5,6676
S,9,6676,PREDICTION,src/tracking/advanced_tracker.py:id_merge,
L,0,6676,DETECTION,src/tracking/advanced_tracker.py:_activate_slot,6676_-10_1154_442_1294
R,CLAMP,CLAMP,0
L,2,6676,PREDICTION,src/tracking/advanced_tracker.py:kalman_homography,
R,CLAMP,CLAMP,0
L,3,6676,DETECTION,src/tracking/advanced_tracker.py:_activate_slot,6676_-14_653_480_808
R,DETECTION,DETECTION,1
L,4,6676,DETECTION,src/tracking/advanced_tracker.py:_activate_slot,6676_-14_719_417_1042
R,DETECTION,DETECTION,1
L,6,6676,DETECTION,src/tracking/advanced_tracker.py:_activate_slot,6676_340_910_670_1294
R,CLAMP,CLAMP,0
L,7,6676,DETECTION,src/tracking/advanced_tracker.py:_activate_slot,6676_-15_653_346_814
R,DETECTION,DETECTION,1
L,8,6676,DETECTION,src/tracking/advanced_tracker.py:_activate_slot,6676_263_1058_605_1294
R,DETECTION,DETECTION,1
L,9,6676,PREDICTION,src/tracking/advanced_tracker.py:id_merge,
R,CLAMP,CLAMP,0
A,6676
S,0,6682,DETECTION,src/tracking/advanced_tracker.py:_activate_slot,6682_-13_1137_438_1295
S,1,6682,DETECTION,src/tracking/advanced_tracker.py:_activate_slot,6682_265_1071_576_1293
S,3,6682,DETECTION,src/tracking/advanced_tracker.py:_activate_slot,6682_-14_633_498_805
S,5,6682,DETECTION,src/tracking/advanced_tracker.py:_activate_slot,6682_-12_701_479_1038
S,6,6682,DETECTION,src/tracking/advanced_tracker.py:_activate_slot,6682_329_908_670_1295
S,9,6682,DETECTION,src/tracking/advanced_tracker.py:_activate_slot,6682_105_729_670_991
S,7,6682,DETECTION,src/tracking/advanced_tracker.py:_activate_slot,6682_-15_634_287_800
S,8,6682,DETECTION,src/tracking/advanced_tracker.py:_activate_slot,6682_267_1057_668_1295
S,4,6682,PREDICTION,src/tracking/advanced_tracker.py:kalman_homography,
D,6,6682
S,8,6682,PREDICTION,src/tracking/advanced_tracker.py:id_merge,
L,0,6682,DETECTION,src/tracking/advanced_tracker.py:_activate_slot,6682_-13_1137_438_1295
R,CLAMP,CLAMP,0
L,1,6682,DETECTION,src/tracking/advanced_tracker.py:_activate_slot,6682_265_1071_576_1293
R,CLAMP,CLAMP,0
L,3,6682,DETECTION,src/tracking/advanced_tracker.py:_activate_slot,6682_-14_633_498_805
R,DETECTION,DETECTION,1
L,4,6682,PREDICTION,src/tracking/advanced_tracker.py:kalman_homography,
R,PREDICTION,PREDICTION,1
L,5,6682,DETECTION,src/tracking/advanced_tracker.py:_activate_slot,6682_-12_701_479_1038
R,DETECTION,DETECTION,1
L,7,6682,DETECTION,src/tracking/advanced_tracker.py:_activate_slot,6682_-15_634_287_800
R,DETECTION,DETECTION,1
L,8,6682,PREDICTION,src/tracking/advanced_tracker.py:id_merge,
R,PREDICTION,PREDICTION,1
L,9,6682,DETECTION,src/tracking/advanced_tracker.py:_activate_slot,6682_105_729_670_991
R,CLAMP,CLAMP,0
A,6682
S,0,6688,DETECTION,src/tracking/advanced_tracker.py:_activate_slot,6688_-14_1105_449_1295
S,3,6688,DETECTION,src/tracking/advanced_tracker.py:_activate_slot,6688_-15_606_500_807
S,1,6688,DETECTION,src/tracking/advanced_tracker.py:_activate_slot,6688_281_1031_662_1295
S,5,6688,DETECTION,src/tracking/advanced_tracker.py:_activate_slot,6688_-13_685_500_1035
S,6,6688,DETECTION,src/tracking/advanced_tracker.py:_activate_slot,6688_325_907_668_1295
S,8,6688,DETECTION,src/tracking/advanced_tracker.py:_activate_slot,6688_275_1053_583_1295
S,9,6688,DETECTION,src/tracking/advanced_tracker.py:_activate_slot,6688_107_725_670_991
S,7,6688,DETECTION,src/tracking/advanced_tracker.py:_activate_slot,6688_-15_606_325_812
S,4,6688,PREDICTION,src/tracking/advanced_tracker.py:kalman_homography,
L,0,6688,DETECTION,src/tracking/advanced_tracker.py:_activate_slot,6688_-14_1105_449_1295
R,CLAMP,CLAMP,0
L,1,6688,DETECTION,src/tracking/advanced_tracker.py:_activate_slot,6688_281_1031_662_1295
R,CLAMP,CLAMP,0
L,3,6688,DETECTION,src/tracking/advanced_tracker.py:_activate_slot,6688_-15_606_500_807
R,DETECTION,DETECTION,1
L,4,6688,PREDICTION,src/tracking/advanced_tracker.py:kalman_homography,
R,PREDICTION,PREDICTION,1
L,5,6688,DETECTION,src/tracking/advanced_tracker.py:_activate_slot,6688_-13_685_500_1035
R,DETECTION,DETECTION,1
L,6,6688,DETECTION,src/tracking/advanced_tracker.py:_activate_slot,6688_325_907_668_1295
R,CLAMP,CLAMP,0
L,7,6688,DETECTION,src/tracking/advanced_tracker.py:_activate_slot,6688_-15_606_325_812
R,DETECTION,DETECTION,1
L,8,6688,DETECTION,src/tracking/advanced_tracker.py:_activate_slot,6688_275_1053_583_1295
R,DETECTION,DETECTION,1
L,9,6688,DETECTION,src/tracking/advanced_tracker.py:_activate_slot,6688_107_725_670_991
R,CLAMP,CLAMP,0
A,6688
S,0,6694,DETECTION,src/tracking/advanced_tracker.py:_activate_slot,6694_-14_1083_445_1293
S,1,6694,DETECTION,src/tracking/advanced_tracker.py:_activate_slot,6694_281_1077_573_1295
S,3,6694,DETECTION,src/tracking/advanced_tracker.py:_activate_slot,6694_-15_604_500_801
S,4,6694,DETECTION,src/tracking/advanced_tracker.py:_activate_slot,6694_-13_682_514_1033
S,6,6694,DETECTION,src/tracking/advanced_tracker.py:_activate_slot,6694_323_909_668_1295
S,9,6694,DETECTION,src/tracking/advanced_tracker.py:_activate_slot,6694_112_729_671_991
S,5,6694,PREDICTION,src/tracking/advanced_tracker.py:kalman_homography,
S,7,6694,PREDICTION,src/tracking/advanced_tracker.py:kalman_homography,
S,8,6694,PREDICTION,src/tracking/advanced_tracker.py:kalman_homography,
D,8,6694
S,6,6694,PREDICTION,src/tracking/advanced_tracker.py:id_merge,
L,0,6694,DETECTION,src/tracking/advanced_tracker.py:_activate_slot,6694_-14_1083_445_1293
R,CLAMP,CLAMP,0
L,1,6694,DETECTION,src/tracking/advanced_tracker.py:_activate_slot,6694_281_1077_573_1295
R,CLAMP,CLAMP,0
L,3,6694,DETECTION,src/tracking/advanced_tracker.py:_activate_slot,6694_-15_604_500_801
R,DETECTION,DETECTION,1
L,4,6694,DETECTION,src/tracking/advanced_tracker.py:_activate_slot,6694_-13_682_514_1033
R,DETECTION,DETECTION,1
L,5,6694,PREDICTION,src/tracking/advanced_tracker.py:kalman_homography,
R,PREDICTION,PREDICTION,1
L,6,6694,PREDICTION,src/tracking/advanced_tracker.py:id_merge,
R,CLAMP,CLAMP,0
L,7,6694,PREDICTION,src/tracking/advanced_tracker.py:kalman_homography,
R,PREDICTION,PREDICTION,1
L,9,6694,DETECTION,src/tracking/advanced_tracker.py:_activate_slot,6694_112_729_671_991
R,CLAMP,CLAMP,0
A,6694
S,0,6700,DETECTION,src/tracking/advanced_tracker.py:_activate_slot,6700_-13_1041_429_1295
S,5,6700,DETECTION,src/tracking/advanced_tracker.py:_activate_slot,6700_-13_691_516_1032
S,6,6700,DETECTION,src/tracking/advanced_tracker.py:_activate_slot,6700_324_913_668_1295
S,7,6700,DETECTION,src/tracking/advanced_tracker.py:_activate_slot,6700_-15_603_523_809
S,8,6700,DETECTION,src/tracking/advanced_tracker.py:_activate_slot,6700_280_1074_574_1294
S,9,6700,DETECTION,src/tracking/advanced_tracker.py:_activate_slot,6700_108_720_668_990
S,1,6700,PREDICTION,src/tracking/advanced_tracker.py:kalman_homography,
S,3,6700,PREDICTION,src/tracking/advanced_tracker.py:kalman_homography,
S,4,6700,PREDICTION,src/tracking/advanced_tracker.py:kalman_homography,
D,5,6700
S,9,6700,PREDICTION,src/tracking/advanced_tracker.py:id_merge,
L,0,6700,DETECTION,src/tracking/advanced_tracker.py:_activate_slot,6700_-13_1041_429_1295
R,CLAMP,CLAMP,0
L,1,6700,PREDICTION,src/tracking/advanced_tracker.py:kalman_homography,
R,CLAMP,CLAMP,0
L,3,6700,PREDICTION,src/tracking/advanced_tracker.py:kalman_homography,
R,PREDICTION,PREDICTION,1
L,4,6700,PREDICTION,src/tracking/advanced_tracker.py:kalman_homography,
R,PREDICTION,PREDICTION,1
L,6,6700,DETECTION,src/tracking/advanced_tracker.py:_activate_slot,6700_324_913_668_1295
R,CLAMP,CLAMP,0
L,7,6700,DETECTION,src/tracking/advanced_tracker.py:_activate_slot,6700_-15_603_523_809
R,DETECTION,DETECTION,1
L,8,6700,DETECTION,src/tracking/advanced_tracker.py:_activate_slot,6700_280_1074_574_1294
R,DETECTION,DETECTION,1
L,9,6700,PREDICTION,src/tracking/advanced_tracker.py:id_merge,
R,CLAMP,CLAMP,0
A,6700
S,0,6706,DETECTION,src/tracking/advanced_tracker.py:_activate_slot,6706_-14_993_409_1291
S,5,6706,DETECTION,src/tracking/advanced_tracker.py:_activate_slot,6706_-13_684_509_1024
S,6,6706,DETECTION,src/tracking/advanced_tracker.py:_activate_slot,6706_325_907_669_1293
S,7,6706,DETECTION,src/tracking/advanced_tracker.py:_activate_slot,6706_-15_599_520_801
S,8,6706,DETECTION,src/tracking/advanced_tracker.py:_activate_slot,6706_272_1062_609_1294
S,9,6706,DETECTION,src/tracking/advanced_tracker.py:_activate_slot,6706_111_690_669_988
S,1,6706,PREDICTION,src/tracking/advanced_tracker.py:kalman_homography,
S,3,6706,PREDICTION,src/tracking/advanced_tracker.py:kalman_homography,
S,4,6706,PREDICTION,src/tracking/advanced_tracker.py:kalman_homography,
S,10,6706,PREDICTION,src/tracking/advanced_tracker.py:flow_gapfill_batched,
D,5,6706
S,9,6706,PREDICTION,src/tracking/advanced_tracker.py:id_merge,
L,0,6706,DETECTION,src/tracking/advanced_tracker.py:_activate_slot,6706_-14_993_409_1291
R,CLAMP,CLAMP,0
L,1,6706,PREDICTION,src/tracking/advanced_tracker.py:kalman_homography,
R,CLAMP,CLAMP,0
L,3,6706,PREDICTION,src/tracking/advanced_tracker.py:kalman_homography,
R,PREDICTION,PREDICTION,1
L,4,6706,PREDICTION,src/tracking/advanced_tracker.py:kalman_homography,
R,PREDICTION,PREDICTION,1
L,6,6706,DETECTION,src/tracking/advanced_tracker.py:_activate_slot,6706_325_907_669_1293
R,CLAMP,CLAMP,0
L,7,6706,DETECTION,src/tracking/advanced_tracker.py:_activate_slot,6706_-15_599_520_801
R,DETECTION,DETECTION,1
L,8,6706,DETECTION,src/tracking/advanced_tracker.py:_activate_slot,6706_272_1062_609_1294
R,DETECTION,DETECTION,1
L,9,6706,PREDICTION,src/tracking/advanced_tracker.py:id_merge,
R,CLAMP,CLAMP,0
A,6706
S,0,6712,DETECTION,src/tracking/advanced_tracker.py:_activate_slot,6712_-14_957_409_1271
S,4,6712,DETECTION,src/tracking/advanced_tracker.py:_activate_slot,6712_-15_679_524_1023
S,3,6712,DETECTION,src/tracking/advanced_tracker.py:_activate_slot,6712_-15_594_517_804
S,6,6712,DETECTION,src/tracking/advanced_tracker.py:_activate_slot,6712_326_898_670_1293
S,7,6712,DETECTION,src/tracking/advanced_tracker.py:_activate_slot,6712_-15_599_182_803
S,8,6712,DETECTION,src/tracking/advanced_tracker.py:_activate_slot,6712_263_1043_592_1293
S,9,6712,DETECTION,src/tracking/advanced_tracker.py:_activate_slot,6712_111_700_668_994
S,5,6712,DETECTION,src/tracking/advanced_tracker.py:_activate_slot,6712_120_777_535_989
S,1,6712,PREDICTION,src/tracking/advanced_tracker.py:kalman_homography,
D,5,6712
S,9,6712,PREDICTION,src/tracking/advanced_tracker.py:id_merge,
L,0,6712,DETECTION,src/tracking/advanced_tracker.py:_activate_slot,6712_-14_957_409_1271
R,CLAMP,CLAMP,0
L,1,6712,PREDICTION,src/tracking/advanced_tracker.py:kalman_homography,
R,CLAMP,CLAMP,0
L,3,6712,DETECTION,src/tracking/advanced_tracker.py:_activate_slot,6712_-15_594_517_804
R,DETECTION,DETECTION,1
L,4,6712,DETECTION,src/tracking/advanced_tracker.py:_activate_slot,6712_-15_679_524_1023
R,DETECTION,DETECTION,1
L,6,6712,DETECTION,src/tracking/advanced_tracker.py:_activate_slot,6712_326_898_670_1293
R,CLAMP,CLAMP,0
L,7,6712,DETECTION,src/tracking/advanced_tracker.py:_activate_slot,6712_-15_599_182_803
R,DETECTION,DETECTION,1
L,8,6712,DETECTION,src/tracking/advanced_tracker.py:_activate_slot,6712_263_1043_592_1293
R,DETECTION,DETECTION,1
L,9,6712,PREDICTION,src/tracking/advanced_tracker.py:id_merge,
R,CLAMP,CLAMP,0
A,6712
S,0,6718,DETECTION,src/tracking/advanced_tracker.py:_activate_slot,6718_-14_920_398_1240
S,4,6718,DETECTION,src/tracking/advanced_tracker.py:_activate_slot,6718_-15_668_524_1026
S,6,6718,DETECTION,src/tracking/advanced_tracker.py:_activate_slot,6718_325_901_671_1295
S,7,6718,DETECTION,src/tracking/advanced_tracker.py:_activate_slot,6718_-15_619_173_793
S,8,6718,DETECTION,src/tracking/advanced_tracker.py:_activate_slot,6718_256_1039_567_1295
S,9,6718,DETECTION,src/tracking/advanced_tracker.py:_activate_slot,6718_112_712_668_1000
S,1,6718,PREDICTION,src/tracking/advanced_tracker.py:kalman_homography,
S,3,6718,PREDICTION,src/tracking/advanced_tracker.py:kalman_homography,
S,5,6718,PREDICTION,src/tracking/advanced_tracker.py:kalman_homography,
D,5,6718
S,9,6718,PREDICTION,src/tracking/advanced_tracker.py:id_merge,
L,0,6718,DETECTION,src/tracking/advanced_tracker.py:_activate_slot,6718_-14_920_398_1240
R,CLAMP,CLAMP,0
L,1,6718,PREDICTION,src/tracking/advanced_tracker.py:kalman_homography,
R,CLAMP,CLAMP,0
L,3,6718,PREDICTION,src/tracking/advanced_tracker.py:kalman_homography,
R,PREDICTION,PREDICTION,1
L,4,6718,DETECTION,src/tracking/advanced_tracker.py:_activate_slot,6718_-15_668_524_1026
R,DETECTION,DETECTION,1
L,6,6718,DETECTION,src/tracking/advanced_tracker.py:_activate_slot,6718_325_901_671_1295
R,CLAMP,CLAMP,0
L,7,6718,DETECTION,src/tracking/advanced_tracker.py:_activate_slot,6718_-15_619_173_793
R,DETECTION,DETECTION,1
L,8,6718,DETECTION,src/tracking/advanced_tracker.py:_activate_slot,6718_256_1039_567_1295
R,DETECTION,DETECTION,1
L,9,6718,PREDICTION,src/tracking/advanced_tracker.py:id_merge,
R,CLAMP,CLAMP,0
A,6718
S,0,6724,DETECTION,src/tracking/advanced_tracker.py:_activate_slot,6724_-13_886_383_1212
S,1,6724,DETECTION,src/tracking/advanced_tracker.py:_activate_slot,6724_247_1048_602_1294
S,4,6724,DETECTION,src/tracking/advanced_tracker.py:_activate_slot,6724_-15_674_525_1028
S,3,6724,DETECTION,src/tracking/advanced_tracker.py:_activate_slot,6724_-11_616_528_796
S,6,6724,DETECTION,src/tracking/advanced_tracker.py:_activate_slot,6724_331_901_669_1295
S,8,6724,DETECTION,src/tracking/advanced_tracker.py:_activate_slot,6724_-15_1175_88_1265
S,9,6724,DETECTION,src/tracking/advanced_tracker.py:_activate_slot,6724_118_716_668_1006
S,5,6724,PREDICTION,src/tracking/advanced_tracker.py:kalman_homography,
S,7,6724,PREDICTION,src/tracking/advanced_tracker.py:kalman_homography,
D,5,6724
S,9,6724,PREDICTION,src/tracking/advanced_tracker.py:id_merge,
L,0,6724,DETECTION,src/tracking/advanced_tracker.py:_activate_slot,6724_-13_886_383_1212
R,CLAMP,CLAMP,0
L,1,6724,DETECTION,src/tracking/advanced_tracker.py:_activate_slot,6724_247_1048_602_1294
R,CLAMP,CLAMP,0
L,3,6724,DETECTION,src/tracking/advanced_tracker.py:_activate_slot,6724_-11_616_528_796
R,DETECTION,DETECTION,1
L,4,6724,DETECTION,src/tracking/advanced_tracker.py:_activate_slot,6724_-15_674_525_1028
R,DETECTION,DETECTION,1
L,6,6724,DETECTION,src/tracking/advanced_tracker.py:_activate_slot,6724_331_901_669_1295
R,CLAMP,CLAMP,0
L,7,6724,PREDICTION,src/tracking/advanced_tracker.py:kalman_homography,
R,PREDICTION,PREDICTION,1
L,8,6724,DETECTION,src/tracking/advanced_tracker.py:_activate_slot,6724_-15_1175_88_1265
R,CLAMP,CLAMP,0
L,9,6724,PREDICTION,src/tracking/advanced_tracker.py:id_merge,
R,CLAMP,CLAMP,0
A,6724
S,0,6730,DETECTION,src/tracking/advanced_tracker.py:_activate_slot,6730_-13_880_420_1188
S,3,6730,DETECTION,src/tracking/advanced_tracker.py:_activate_slot,6730_-15_657_524_910
S,4,6730,DETECTION,src/tracking/advanced_tracker.py:_activate_slot,6730_-12_664_521_1034
S,6,6730,DETECTION,src/tracking/advanced_tracker.py:_activate_slot,6730_329_897_669_1295
S,8,6730,DETECTION,src/tracking/advanced_tracker.py:_activate_slot,6730_227_1055_563_1295
S,9,6730,DETECTION,src/tracking/advanced_tracker.py:_activate_slot,6730_126_722_669_1016
S,1,6730,PREDICTION,src/tracking/advanced_tracker.py:kalman_homography,
S,5,6730,PREDICTION,src/tracking/advanced_tracker.py:kalman_homography,
S,7,6730,PREDICTION,src/tracking/advanced_tracker.py:kalman_homography,
D,3,6730
S,4,6730,PREDICTION,src/tracking/advanced_tracker.py:id_merge,
D,5,6730
S,9,6730,PREDICTION,src/tracking/advanced_tracker.py:id_merge,
L,0,6730,DETECTION,src/tracking/advanced_tracker.py:_activate_slot,6730_-13_880_420_1188
R,CLAMP,CLAMP,0
L,1,6730,PREDICTION,src/tracking/advanced_tracker.py:kalman_homography,
R,CLAMP,CLAMP,0
L,4,6730,PREDICTION,src/tracking/advanced_tracker.py:id_merge,
R,PREDICTION,PREDICTION,1
L,6,6730,DETECTION,src/tracking/advanced_tracker.py:_activate_slot,6730_329_897_669_1295
R,CLAMP,CLAMP,0
L,7,6730,PREDICTION,src/tracking/advanced_tracker.py:kalman_homography,
R,PREDICTION,PREDICTION,1
L,8,6730,DETECTION,src/tracking/advanced_tracker.py:_activate_slot,6730_227_1055_563_1295
R,DETECTION,DETECTION,1
L,9,6730,PREDICTION,src/tracking/advanced_tracker.py:id_merge,
R,CLAMP,CLAMP,0
A,6730
S,0,6736,DETECTION,src/tracking/advanced_tracker.py:_activate_slot,6736_-14_875_296_1159
S,1,6736,DETECTION,src/tracking/advanced_tracker.py:_activate_slot,6736_212_1053_576_1295
S,4,6736,DETECTION,src/tracking/advanced_tracker.py:_activate_slot,6736_-14_663_522_1037
S,6,6736,DETECTION,src/tracking/advanced_tracker.py:_activate_slot,6736_328_900_669_1294
S,9,6736,DETECTION,src/tracking/advanced_tracker.py:_activate_slot,6736_119_721_670_1015
S,2,6736,DETECTION,src/tracking/advanced_tracker.py:_activate_slot,6736_-15_884_407_1160
S,3,6736,PREDICTION,src/tracking/advanced_tracker.py:kalman_homography,
S,5,6736,PREDICTION,src/tracking/advanced_tracker.py:kalman_homography,
S,7,6736,PREDICTION,src/tracking/advanced_tracker.py:kalman_homography,
S,8,6736,PREDICTION,src/tracking/advanced_tracker.py:kalman_homography,
D,0,6736
S,2,6736,PREDICTION,src/tracking/advanced_tracker.py:id_merge,
D,3,6736
S,4,6736,PREDICTION,src/tracking/advanced_tracker.py:id_merge,
D,5,6736
S,9,6736,PREDICTION,src/tracking/advanced_tracker.py:id_merge,
L,1,6736,DETECTION,src/tracking/advanced_tracker.py:_activate_slot,6736_212_1053_576_1295
R,CLAMP,CLAMP,0
L,2,6736,PREDICTION,src/tracking/advanced_tracker.py:id_merge,
R,CLAMP,CLAMP,0
L,4,6736,PREDICTION,src/tracking/advanced_tracker.py:id_merge,
R,PREDICTION,PREDICTION,1
L,6,6736,DETECTION,src/tracking/advanced_tracker.py:_activate_slot,6736_328_900_669_1294
R,CLAMP,CLAMP,0
L,7,6736,PREDICTION,src/tracking/advanced_tracker.py:kalman_homography,
R,PREDICTION,PREDICTION,1
L,8,6736,PREDICTION,src/tracking/advanced_tracker.py:kalman_homography,
R,PREDICTION,PREDICTION,1
L,9,6736,PREDICTION,src/tracking/advanced_tracker.py:id_merge,
R,CLAMP,CLAMP,0
A,6736
S,3,6742,DETECTION,src/tracking/advanced_tracker.py:_activate_slot,6742_-15_657_529_1104
S,6,6742,DETECTION,src/tracking/advanced_tracker.py:_activate_slot,6742_323_894_669_1293
S,8,6742,DETECTION,src/tracking/advanced_tracker.py:_activate_slot,6742_192_1053_567_1295
S,9,6742,DETECTION,src/tracking/advanced_tracker.py:_activate_slot,6742_121_718_669_1015
S,0,6742,PREDICTION,src/tracking/advanced_tracker.py:kalman_homography,
S,1,6742,PREDICTION,src/tracking/advanced_tracker.py:kalman_homography,
S,2,6742,PREDICTION,src/tracking/advanced_tracker.py:kalman_homography,
S,4,6742,PREDICTION,src/tracking/advanced_tracker.py:kalman_homography,
S,7,6742,PREDICTION,src/tracking/advanced_tracker.py:kalman_homography,
S,5,6742,PREDICTION,src/tracking/advanced_tracker.py:flow_gapfill_batched,
D,0,6742
S,2,6742,PREDICTION,src/tracking/advanced_tracker.py:id_merge,
D,4,6742
S,3,6742,PREDICTION,src/tracking/advanced_tracker.py:id_merge,
D,5,6742
S,9,6742,PREDICTION,src/tracking/advanced_tracker.py:id_merge,
L,1,6742,PREDICTION,src/tracking/advanced_tracker.py:kalman_homography,
R,CLAMP,CLAMP,0
L,2,6742,PREDICTION,src/tracking/advanced_tracker.py:id_merge,
R,CLAMP,CLAMP,0
L,3,6742,PREDICTION,src/tracking/advanced_tracker.py:id_merge,
R,PREDICTION,PREDICTION,1
L,6,6742,DETECTION,src/tracking/advanced_tracker.py:_activate_slot,6742_323_894_669_1293
R,CLAMP,CLAMP,0
L,7,6742,PREDICTION,src/tracking/advanced_tracker.py:kalman_homography,
R,PREDICTION,PREDICTION,1
L,8,6742,DETECTION,src/tracking/advanced_tracker.py:_activate_slot,6742_192_1053_567_1295
R,DETECTION,DETECTION,1
L,9,6742,PREDICTION,src/tracking/advanced_tracker.py:id_merge,
R,CLAMP,CLAMP,0
A,6742
S,5,6748,DETECTION,src/tracking/advanced_tracker.py:_activate_slot,6748_-15_667_525_1089
S,6,6748,DETECTION,src/tracking/advanced_tracker.py:_activate_slot,6748_320_895_669_1295
S,8,6748,DETECTION,src/tracking/advanced_tracker.py:_activate_slot,6748_169_1059_592_1293
S,9,6748,DETECTION,src/tracking/advanced_tracker.py:_activate_slot,6748_116_718_670_1018
S,0,6748,PREDICTION,src/tracking/advanced_tracker.py:kalman_homography,
S,1,6748,PREDICTION,src/tracking/advanced_tracker.py:kalman_homography,
S,2,6748,PREDICTION,src/tracking/advanced_tracker.py:kalman_homography,
S,3,6748,PREDICTION,src/tracking/advanced_tracker.py:kalman_homography,
S,4,6748,PREDICTION,src/tracking/advanced_tracker.py:kalman_homography,
S,7,6748,PREDICTION,src/tracking/advanced_tracker.py:flow_gapfill_batched,
D,0,6748
S,2,6748,PREDICTION,src/tracking/advanced_tracker.py:id_merge,
D,4,6748
S,3,6748,PREDICTION,src/tracking/advanced_tracker.py:id_merge,
D,5,6748
S,9,6748,PREDICTION,src/tracking/advanced_tracker.py:id_merge,
L,1,6748,PREDICTION,src/tracking/advanced_tracker.py:kalman_homography,
R,CLAMP,CLAMP,0
L,2,6748,PREDICTION,src/tracking/advanced_tracker.py:id_merge,
R,CLAMP,CLAMP,0
L,3,6748,PREDICTION,src/tracking/advanced_tracker.py:id_merge,
R,PREDICTION,PREDICTION,1
L,6,6748,DETECTION,src/tracking/advanced_tracker.py:_activate_slot,6748_320_895_669_1295
R,CLAMP,CLAMP,0
L,7,6748,PREDICTION,src/tracking/advanced_tracker.py:flow_gapfill_batched,
R,PREDICTION,PREDICTION,1
L,8,6748,DETECTION,src/tracking/advanced_tracker.py:_activate_slot,6748_169_1059_592_1293
R,DETECTION,DETECTION,1
L,9,6748,PREDICTION,src/tracking/advanced_tracker.py:id_merge,
R,CLAMP,CLAMP,0
A,6748
S,1,6754,DETECTION,src/tracking/advanced_tracker.py:_activate_slot,6754_142_1055_558_1293
S,3,6754,DETECTION,src/tracking/advanced_tracker.py:_activate_slot,6754_-13_674_517_1054
S,6,6754,DETECTION,src/tracking/advanced_tracker.py:_activate_slot,6754_316_898_669_1293
S,9,6754,DETECTION,src/tracking/advanced_tracker.py:_activate_slot,6754_110_717_670_1051
S,0,6754,PREDICTION,src/tracking/advanced_tracker.py:kalman_homography,
S,2,6754,PREDICTION,src/tracking/advanced_tracker.py:kalman_homography,
S,4,6754,PREDICTION,src/tracking/advanced_tracker.py:kalman_homography,
S,5,6754,PREDICTION,src/tracking/advanced_tracker.py:kalman_homography,
S,8,6754,PREDICTION,src/tracking/advanced_tracker.py:kalman_homography,
S,7,6754,PREDICTION,src/tracking/advanced_tracker.py:flow_gapfill_batched,
D,4,6754
S,3,6754,PREDICTION,src/tracking/advanced_tracker.py:id_merge,
D,5,6754
S,9,6754,PREDICTION,src/tracking/advanced_tracker.py:id_merge,
L,0,6754,PREDICTION,src/tracking/advanced_tracker.py:kalman_homography,
R,CLAMP,CLAMP,0
L,1,6754,DETECTION,src/tracking/advanced_tracker.py:_activate_slot,6754_142_1055_558_1293
R,CLAMP,CLAMP,0
L,2,6754,PREDICTION,src/tracking/advanced_tracker.py:kalman_homography,
R,CLAMP,CLAMP,0
L,3,6754,PREDICTION,src/tracking/advanced_tracker.py:id_merge,
R,PREDICTION,PREDICTION,1
L,6,6754,DETECTION,src/tracking/advanced_tracker.py:_activate_slot,6754_316_898_669_1293
R,CLAMP,CLAMP,0
L,7,6754,PREDICTION,src/tracking/advanced_tracker.py:flow_gapfill_batched,
R,PREDICTION,PREDICTION,1
L,8,6754,PREDICTION,src/tracking/advanced_tracker.py:kalman_homography,
R,PREDICTION,PREDICTION,1
L,9,6754,PREDICTION,src/tracking/advanced_tracker.py:id_merge,
R,CLAMP,CLAMP,0
A,6754
S,4,6760,DETECTION,src/tracking/advanced_tracker.py:_activate_slot,6760_120_1056_554_1292
S,3,6760,DETECTION,src/tracking/advanced_tracker.py:_activate_slot,6760_37_681_672_1029
S,5,6760,DETECTION,src/tracking/advanced_tracker.py:_activate_slot,6760_-12_658_521_1040
S,6,6760,DETECTION,src/tracking/advanced_tracker.py:_activate_slot,6760_308_896_668_1294
S,9,6760,DETECTION,src/tracking/advanced_tracker.py:_activate_slot,6760_114_760_670_1031
S,0,6760,PREDICTION,src/tracking/advanced_tracker.py:kalman_homography,
S,1,6760,PREDICTION,src/tracking/advanced_tracker.py:kalman_homography,
S,2,6760,PREDICTION,src/tracking/advanced_tracker.py:kalman_homography,
S,8,6760,PREDICTION,src/tracking/advanced_tracker.py:kalman_homography,
S,7,6760,PREDICTION,src/tracking/advanced_tracker.py:flow_gapfill_batched,
D,1,6760
S,4,6760,PREDICTION,src/tracking/advanced_tracker.py:id_merge,
D,8,6760
S,6,6760,PREDICTION,src/tracking/advanced_tracker.py:id_merge,
L,0,6760,PREDICTION,src/tracking/advanced_tracker.py:kalman_homography,
R,CLAMP,CLAMP,0
L,2,6760,PREDICTION,src/tracking/advanced_tracker.py:kalman_homography,
R,CLAMP,CLAMP,0
L,3,6760,DETECTION,src/tracking/advanced_tracker.py:_activate_slot,6760_37_681_672_1029
R,DETECTION,DETECTION,1
L,4,6760,PREDICTION,src/tracking/advanced_tracker.py:id_merge,
R,CLAMP,CLAMP,0
L,5,6760,DETECTION,src/tracking/advanced_tracker.py:_activate_slot,6760_-12_658_521_1040
R,DETECTION,DETECTION,1
L,6,6760,PREDICTION,src/tracking/advanced_tracker.py:id_merge,
R,CLAMP,CLAMP,0
L,7,6760,PREDICTION,src/tracking/advanced_tracker.py:flow_gapfill_batched,
R,PREDICTION,PREDICTION,1
L,9,6760,DETECTION,src/tracking/advanced_tracker.py:_activate_slot,6760_114_760_670_1031
R,CLAMP,CLAMP,0
A,6760
S,2,6766,DETECTION,src/tracking/advanced_tracker.py:_activate_slot,6766_-12_614_530_805
S,4,6766,DETECTION,src/tracking/advanced_tracker.py:_activate_slot,6766_100_1059_541_1293
S,5,6766,DETECTION,src/tracking/advanced_tracker.py:_activate_slot,6766_-14_691_501_1039
S,6,6766,DETECTION,src/tracking/advanced_tracker.py:_activate_slot,6766_302_894_668_1294
S,9,6766,DETECTION,src/tracking/advanced_tracker.py:_activate_slot,6766_108_758_669_1036
S,0,6766,PREDICTION,src/tracking/advanced_tracker.py:kalman_homography,
S,1,6766,PREDICTION,src/tracking/advanced_tracker.py:kalman_homography,
S,3,6766,PREDICTION,src/tracking/advanced_tracker.py:kalman_homography,
S,8,6766,PREDICTION,src/tracking/advanced_tracker.py:kalman_homography,
S,7,6766,PREDICTION,src/tracking/advanced_tracker.py:flow_gapfill_batched,
D,1,6766
S,4,6766,PREDICTION,src/tracking/advanced_tracker.py:id_merge,
D,8,6766
S,6,6766,PREDICTION,src/tracking/advanced_tracker.py:id_merge,
L,0,6766,PREDICTION,src/tracking/advanced_tracker.py:kalman_homography,
R,CLAMP,CLAMP,0
L,2,6766,DETECTION,src/tracking/advanced_tracker.py:_activate_slot,6766_-12_614_530_805
R,CLAMP,CLAMP,0
L,3,6766,PREDICTION,src/tracking/advanced_tracker.py:kalman_homography,
R,PREDICTION,PREDICTION,1
L,4,6766,PREDICTION,src/tracking/advanced_tracker.py:id_merge,
R,CLAMP,CLAMP,0
L,5,6766,DETECTION,src/tracking/advanced_tracker.py:_activate_slot,6766_-14_691_501_1039
R,DETECTION,DETECTION,1
L,6,6766,PREDICTION,src/tracking/advanced_tracker.py:id_merge,
R,CLAMP,CLAMP,0
L,7,6766,PREDICTION,src/tracking/advanced_tracker.py:flow_gapfill_batched,
R,PREDICTION,PREDICTION,1
L,9,6766,DETECTION,src/tracking/advanced_tracker.py:_activate_slot,6766_108_758_669_1036
R,CLAMP,CLAMP,0
A,6766
S,1,6772,DETECTION,src/tracking/advanced_tracker.py:_activate_slot,6772_81_1065_539_1295
S,2,6772,DETECTION,src/tracking/advanced_tracker.py:_activate_slot,6772_26_568_526_766
S,5,6772,DETECTION,src/tracking/advanced_tracker.py:_activate_slot,6772_-13_682_517_1041
S,6,6772,DETECTION,src/tracking/advanced_tracker.py:_activate_slot,6772_304_896_669_1294
S,9,6772,DETECTION,src/tracking/advanced_tracker.py:_activate_slot,6772_96_750_668_1037
S,0,6772,PREDICTION,src/tracking/advanced_tracker.py:kalman_homography,
S,4,6772,PREDICTION,src/tracking/advanced_tracker.py:kalman_homography,
S,8,6772,PREDICTION,src/tracking/advanced_tracker.py:flow_gapfill_batched,
L,0,6772,PREDICTION,src/tracking/advanced_tracker.py:kalman_homography,
R,CLAMP,CLAMP,0
L,1,6772,DETECTION,src/tracking/advanced_tracker.py:_activate_slot,6772_81_1065_539_1295
R,CLAMP,CLAMP,0
L,2,6772,DETECTION,src/tracking/advanced_tracker.py:_activate_slot,6772_26_568_526_766
R,CLAMP,CLAMP,0
L,4,6772,PREDICTION,src/tracking/advanced_tracker.py:kalman_homography,
R,CLAMP,CLAMP,0
L,5,6772,DETECTION,src/tracking/advanced_tracker.py:_activate_slot,6772_-13_682_517_1041
R,DETECTION,DETECTION,1
L,6,6772,DETECTION,src/tracking/advanced_tracker.py:_activate_slot,6772_304_896_669_1294
R,CLAMP,CLAMP,0
L,8,6772,PREDICTION,src/tracking/advanced_tracker.py:flow_gapfill_batched,
R,PREDICTION,PREDICTION,1
L,9,6772,DETECTION,src/tracking/advanced_tracker.py:_activate_slot,6772_96_750_668_1037
R,CLAMP,CLAMP,0
A,6772
S,1,6778,DETECTION,src/tracking/advanced_tracker.py:_activate_slot,6778_63_1073_538_1295
S,2,6778,DETECTION,src/tracking/advanced_tracker.py:_activate_slot,6778_-5_501_524_761
S,3,6778,DETECTION,src/tracking/advanced_tracker.py:_activate_slot,6778_-13_684_513_1042
S,5,6778,DETECTION,src/tracking/advanced_tracker.py:_activate_slot,6778_-15_629_120_807
S,6,6778,DETECTION,src/tracking/advanced_tracker.py:_activate_slot,6778_302_897_667_1295
S,9,6778,DETECTION,src/tracking/advanced_tracker.py:_activate_slot,6778_90_755_668_1047
S,0,6778,PREDICTION,src/tracking/advanced_tracker.py:kalman_homography,
S,4,6778,PREDICTION,src/tracking/advanced_tracker.py:flow_gapfill_batched,
D,4,6778
S,1,6778,PREDICTION,src/tracking/advanced_tracker.py:id_merge,
L,0,6778,PREDICTION,src/tracking/advanced_tracker.py:kalman_homography,
R,CLAMP,CLAMP,0
L,1,6778,PREDICTION,src/tracking/advanced_tracker.py:id_merge,
R,CLAMP,CLAMP,0
L,2,6778,DETECTION,src/tracking/advanced_tracker.py:_activate_slot,6778_-5_501_524_761
R,CLAMP,CLAMP,0
L,3,6778,DETECTION,src/tracking/advanced_tracker.py:_activate_slot,6778_-13_684_513_1042
R,DETECTION,DETECTION,1
L,5,6778,DETECTION,src/tracking/advanced_tracker.py:_activate_slot,6778_-15_629_120_807
R,CLAMP,CLAMP,0
L,6,6778,DETECTION,src/tracking/advanced_tracker.py:_activate_slot,6778_302_897_667_1295
R,CLAMP,CLAMP,0
L,9,6778,DETECTION,src/tracking/advanced_tracker.py:_activate_slot,6778_90_755_668_1047
R,CLAMP,CLAMP,0
A,6778
S,1,6784,DETECTION,src/tracking/advanced_tracker.py:_activate_slot,6784_55_1075_540_1293
S,2,6784,DETECTION,src/tracking/advanced_tracker.py:_activate_slot,6784_-15_491_122_658
S,3,6784,DETECTION,src/tracking/advanced_tracker.py:_activate_slot,6784_-12_677_515_1041
S,5,6784,DETECTION,src/tracking/advanced_tracker.py:_activate_slot,6784_-15_639_139_811
S,6,6784,DETECTION,src/tracking/advanced_tracker.py:_activate_slot,6784_304_898_668_1294
S,9,6784,DETECTION,src/tracking/advanced_tracker.py:_activate_slot,6784_94_745_669_1015
S,0,6784,PREDICTION,src/tracking/advanced_tracker.py:flow_gapfill_batched,
S,4,6784,PREDICTION,src/tracking/advanced_tracker.py:flow_gapfill_batched,
D,4,6784
S,1,6784,PREDICTION,src/tracking/advanced_tracker.py:id_merge,
L,0,6784,PREDICTION,src/tracking/advanced_tracker.py:flow_gapfill_batched,
R,CLAMP,CLAMP,0
L,1,6784,PREDICTION,src/tracking/advanced_tracker.py:id_merge,
R,CLAMP,CLAMP,0
L,2,6784,DETECTION,src/tracking/advanced_tracker.py:_activate_slot,6784_-15_491_122_658
R,CLAMP,CLAMP,0
L,3,6784,DETECTION,src/tracking/advanced_tracker.py:_activate_slot,6784_-12_677_515_1041
R,DETECTION,DETECTION,1
L,5,6784,DETECTION,src/tracking/advanced_tracker.py:_activate_slot,6784_-15_639_139_811
R,CLAMP,CLAMP,0
L,6,6784,DETECTION,src/tracking/advanced_tracker.py:_activate_slot,6784_304_898_668_1294
R,CLAMP,CLAMP,0
L,9,6784,DETECTION,src/tracking/advanced_tracker.py:_activate_slot,6784_94_745_669_1015
R,CLAMP,CLAMP,0
A,6784
S,0,6790,DETECTION,src/tracking/advanced_tracker.py:_activate_slot,6790_-15_648_185_815
S,4,6790,DETECTION,src/tracking/advanced_tracker.py:_activate_slot,6790_-13_679_484_1037
S,6,6790,DETECTION,src/tracking/advanced_tracker.py:_activate_slot,6790_303_900_667_1294
S,7,6790,DETECTION,src/tracking/advanced_tracker.py:_activate_slot,6790_-15_490_130_665
S,8,6790,DETECTION,src/tracking/advanced_tracker.py:_activate_slot,6790_47_1077_542_1295
S,9,6790,DETECTION,src/tracking/advanced_tracker.py:_activate_slot,6790_85_757_664_1025
S,1,6790,PREDICTION,src/tracking/advanced_tracker.py:kalman_homography,
S,3,6790,PREDICTION,src/tracking/advanced_tracker.py:kalman_homography,
S,5,6790,PREDICTION,src/tracking/advanced_tracker.py:kalman_homography,
S,2,6790,PREDICTION,src/tracking/advanced_tracker.py:flow_gapfill_batched,
D,3,6790
S,4,6790,PREDICTION,src/tracking/advanced_tracker.py:id_merge,
D,5,6790
S,7,6790,PREDICTION,src/tracking/advanced_tracker.py:id_merge,
L,0,6790,DETECTION,src/tracking/advanced_tracker.py:_activate_slot,6790_-15_648_185_815
R,CLAMP,CLAMP,0
L,1,6790,PREDICTION,src/tracking/advanced_tracker.py:kalman_homography,
R,CLAMP,CLAMP,0
L,2,6790,PREDICTION,src/tracking/advanced_tracker.py:flow_gapfill_batched,
R,CLAMP,CLAMP,0
L,4,6790,PREDICTION,src/tracking/advanced_tracker.py:id_merge,
R,PREDICTION,PREDICTION,1
L,6,6790,DETECTION,src/tracking/advanced_tracker.py:_activate_slot,6790_303_900_667_1294
R,CLAMP,CLAMP,0
L,7,6790,PREDICTION,src/tracking/advanced_tracker.py:id_merge,
R,PREDICTION,PREDICTION,1
L,8,6790,DETECTION,src/tracking/advanced_tracker.py:_activate_slot,6790_47_1077_542_1295
R,DETECTION,DETECTION,1
L,9,6790,DETECTION,src/tracking/advanced_tracker.py:_activate_slot,6790_85_757_664_1025
R,CLAMP,CLAMP,0
A,6790
S,3,6796,DETECTION,src/tracking/advanced_tracker.py:_activate_slot,6796_-12_677_479_1035
S,0,6796,DETECTION,src/tracking/advanced_tracker.py:_activate_slot,6796_-15_648_216_766
S,6,6796,DETECTION,src/tracking/advanced_tracker.py:_activate_slot,6796_302_902_668_1294
S,7,6796,DETECTION,src/tracking/advanced_tracker.py:_activate_slot,6796_-15_488_134_671
S,8,6796,DETECTION,src/tracking/advanced_tracker.py:_activate_slot,6796_41_1069_543_1295
S,9,6796,DETECTION,src/tracking/advanced_tracker.py:_activate_slot,6796_82_738_666_1026
S,1,6796,PREDICTION,src/tracking/advanced_tracker.py:kalman_homography,
S,4,6796,PREDICTION,src/tracking/advanced_tracker.py:kalman_homography,
S,5,6796,PREDICTION,src/tracking/advanced_tracker.py:kalman_homography,
S,2,6796,PREDICTION,src/tracking/advanced_tracker.py:flow_gapfill_batched,
D,2,6796
S,0,6796,PREDICTION,src/tracking/advanced_tracker.py:id_merge,
D,4,6796
S,3,6796,PREDICTION,src/tracking/advanced_tracker.py:id_merge,
D,5,6796
S,7,6796,PREDICTION,src/tracking/advanced_tracker.py:id_merge,
L,0,6796,PREDICTION,src/tracking/advanced_tracker.py:id_merge,
R,CLAMP,CLAMP,0
L,1,6796,PREDICTION,src/tracking/advanced_tracker.py:kalman_homography,
R,CLAMP,CLAMP,0
L,3,6796,PREDICTION,src/tracking/advanced_tracker.py:id_merge,
R,PREDICTION,PREDICTION,1
L,6,6796,DETECTION,src/tracking/advanced_tracker.py:_activate_slot,6796_302_902_668_1294
R,CLAMP,CLAMP,0
L,7,6796,PREDICTION,src/tracking/advanced_tracker.py:id_merge,
R,PREDICTION,PREDICTION,1
L,8,6796,DETECTION,src/tracking/advanced_tracker.py:_activate_slot,6796_41_1069_543_1295
R,DETECTION,DETECTION,1
L,9,6796,DETECTION,src/tracking/advanced_tracker.py:_activate_slot,6796_82_738_666_1026
R,CLAMP,CLAMP,0
A,6796
S,1,6802,DETECTION,src/tracking/advanced_tracker.py:_activate_slot,6802_32_1044_540_1294
S,3,6802,DETECTION,src/tracking/advanced_tracker.py:_activate_slot,6802_-12_661_480_1033
S,4,6802,DETECTION,src/tracking/advanced_tracker.py:_activate_slot,6802_-14_645_446_821
S,6,6802,DETECTION,src/tracking/advanced_tracker.py:_activate_slot,6802_304_902_668_1294
S,7,6802,DETECTION,src/tracking/advanced_tracker.py:_activate_slot,6802_-15_645_273_823
S,9,6802,DETECTION,src/tracking/advanced_tracker.py:_activate_slot,6802_83_736_668_1023
S,0,6802,PREDICTION,src/tracking/advanced_tracker.py:kalman_homography,
S,8,6802,PREDICTION,src/tracking/advanced_tracker.py:kalman_homography,
S,2,6802,PREDICTION,src/tracking/advanced_tracker.py:flow_gapfill_batched,
D,2,6802
S,0,6802,PREDICTION,src/tracking/advanced_tracker.py:id_merge,
D,3,6802
S,4,6802,PREDICTION,src/tracking/advanced_tracker.py:id_merge,
L,0,6802,PREDICTION,src/tracking/advanced_tracker.py:id_merge,
R,CLAMP,CLAMP,0
L,1,6802,DETECTION,src/tracking/advanced_tracker.py:_activate_slot,6802_32_1044_540_1294
R,CLAMP,CLAMP,0
L,4,6802,PREDICTION,src/tracking/advanced_tracker.py:id_merge,
R,PREDICTION,PREDICTION,1
L,6,6802,DETECTION,src/tracking/advanced_tracker.py:_activate_slot,6802_304_902_668_1294
R,CLAMP,CLAMP,0
L,7,6802,DETECTION,src/tracking/advanced_tracker.py:_activate_slot,6802_-15_645_273_823
R,DETECTION,DETECTION,1
L,8,6802,PREDICTION,src/tracking/advanced_tracker.py:kalman_homography,
R,PREDICTION,PREDICTION,1
L,9,6802,DETECTION,src/tracking/advanced_tracker.py:_activate_slot,6802_83_736_668_1023
R,CLAMP,CLAMP,0
A,6802
S,3,6808,DETECTION,src/tracking/advanced_tracker.py:_activate_slot,6808_-12_650_490_1034
S,0,6808,DETECTION,src/tracking/advanced_tracker.py:_activate_slot,6808_-14_647_261_781
S,4,6808,DETECTION,src/tracking/advanced_tracker.py:_activate_slot,6808_-14_645_461_816
S,6,6808,DETECTION,src/tracking/advanced_tracker.py:_activate_slot,6808_303_900_668_1295
S,8,6808,DETECTION,src/tracking/advanced_tracker.py:_activate_slot,6808_27_1027_535_1295
S,9,6808,DETECTION,src/tracking/advanced_tracker.py:_activate_slot,6808_85_732_668_1027
S,1,6808,PREDICTION,src/tracking/advanced_tracker.py:kalman_homography,
S,7,6808,PREDICTION,src/tracking/advanced_tracker.py:kalman_homography,
S,2,6808,PREDICTION,src/tracking/advanced_tracker.py:flow_gapfill_batched,
S,5,6808,PREDICTION,src/tracking/advanced_tracker.py:flow_gapfill_batched,
D,3,6808
S,4,6808,PREDICTION,src/tracking/advanced_tracker.py:id_merge,
L,0,6808,DETECTION,src/tracking/advanced_tracker.py:_activate_slot,6808_-14_647_261_781
R,CLAMP,CLAMP,0
L,1,6808,PREDICTION,src/tracking/advanced_tracker.py:kalman_homography,
R,CLAMP,CLAMP,0
L,2,6808,PREDICTION,src/tracking/advanced_tracker.py:flow_gapfill_batched,
R,CLAMP,CLAMP,0
L,4,6808,PREDICTION,src/tracking/advanced_tracker.py:id_merge,
R,PREDICTION,PREDICTION,1
L,5,6808,PREDICTION,src/tracking/advanced_tracker.py:flow_gapfill_batched,
R,CLAMP,CLAMP,0
L,6,6808,DETECTION,src/tracking/advanced_tracker.py:_activate_slot,6808_303_900_668_1295
R,CLAMP,CLAMP,0
L,7,6808,PREDICTION,src/tracking/advanced_tracker.py:kalman_homography,
R,PREDICTION,PREDICTION,1
L,8,6808,DETECTION,src/tracking/advanced_tracker.py:_activate_slot,6808_27_1027_535_1295
R,DETECTION,DETECTION,1
L,9,6808,DETECTION,src/tracking/advanced_tracker.py:_activate_slot,6808_85_732_668_1027
R,CLAMP,CLAMP,0
A,6808
