archive,line,rater,round,position,frame_key,label,label_status,box_status,in_native_frame,box_x,box_y,box_w,box_h,cx,cy,diameter,width,height,duplicate_id,reason_present
g400_rater_sol_01.txt,1,sol,1,1,3d5a0bd19341d7474eb9199438050413ec8a5d2b9f545a322cfe2422e6ab002a,ABSENT,VALID_LABEL,INVALID_GEOMETRY,0,,,,,,,,1280,720,0,1
g400_rater_sol_01.txt,2,sol,1,2,138e033d63aa5131e292bda284aa6d10092ec7e09b5e4fc48f3ec82f5219ac49,ABSENT,VALID_LABEL,INVALID_GEOMETRY,0,,,,,,,,1920,1080,0,1
g400_rater_sol_01.txt,3,sol,1,3,0abe8cfee64d8785dd7f946e961f3ffd2e1ba5a996a6d167a8aab91c9da5d2d4,ABSENT,VALID_LABEL,INVALID_GEOMETRY,0,,,,,,,,1920,1080,0,1
g400_rater_sol_01.txt,4,sol,1,4,0b011222e482f5ce54b665c69767d1aa42740eff3e217b85ac66c113c9723a17,ABSENT,VALID_LABEL,INVALID_GEOMETRY,0,,,,,,,,1920,1080,0,1
g400_rater_sol_01.txt,5,sol,1,5,07809652362f91987384405e9c51fea6940afeed400231c7f093ef7ea14d9138,ABSENT,VALID_LABEL,INVALID_GEOMETRY,0,,,,,,,,1920,1080,0,1
g400_rater_sol_01.txt,6,sol,1,6,182e5023504d632abb890b078010582cd0c60d0ea87cec0c2430e687bcf32714,ABSENT,VALID_LABEL,INVALID_GEOMETRY,0,,,,,,,,1920,1080,0,1
g400_rater_sol_01.txt,7,sol,1,7,1042d52e1cbc9688492147745ce84a07ceb06cb6d39696f0c09935b6046483b1,ABSENT,VALID_LABEL,INVALID_GEOMETRY,0,,,,,,,,1920,1080,0,1
g400_rater_sol_01.txt,8,sol,1,8,03b1809325899f65d68023d84bf9d600f7f860c164c3f7c988da874a64c5174e,ABSENT,VALID_LABEL,INVALID_GEOMETRY,0,,,,,,,,1920,1080,0,1
g400_rater_sol_01.txt,9,sol,1,9,23b1ef6e2b1ea2c84d887cf25e8ab2da2a9bf2c8c5139896e4c96b0241799f1f,ABSENT,VALID_LABEL,INVALID_GEOMETRY,0,,,,,,,,1920,1080,0,1
g400_rater_sol_01.txt,10,sol,1,10,12a12dda6f5a4f62765428be8935f836151f729cba9f61c501fa76bfd1143a77,VISIBLE,VALID_LABEL,VALID_BOX,1,831.0,284.0,29.0,29.0,845.5,298.5,29.0,1280,720,0,1
g400_rater_sol_01.txt,11,sol,1,11,1a65f88cf1520a93f057127cc27bfa43042273dae462952cfd136b533c556ec9,VISIBLE,VALID_LABEL,VALID_BOX,1,973.0,324.0,24.0,23.0,985.0,335.5,23.5,1920,1080,0,1
g400_rater_sol_01.txt,12,sol,1,12,2b17699de39421ce6a2b24e934f659f8042f2a084ecf3d8d8f6f8a42d6086f5f,ABSENT,VALID_LABEL,INVALID_GEOMETRY,0,,,,,,,,1280,720,0,1
g400_rater_sol_01.txt,13,sol,1,13,05f397d61bd02ea0eea485196a89649b1eda5cd20110eff32184f1c93fc4df75,ABSENT,VALID_LABEL,INVALID_GEOMETRY,0,,,,,,,,1920,1080,0,1
g400_rater_sol_01.txt,14,sol,1,14,0189696726ffe1d468ce24b965d2b023380ef81c1c88cd093544a7866bcc3a46,ABSENT,VALID_LABEL,INVALID_GEOMETRY,0,,,,,,,,1920,1080,0,1
g400_rater_sol_01.txt,15,sol,1,15,0746f934c5033313912857a75def3cbcbdb788df30511f21c60d34c00423ac8b,VISIBLE,VALID_LABEL,VALID_BOX,1,1027.0,356.0,22.0,22.0,1038.0,367.0,22.0,1280,720,0,1
g400_rater_sol_01.txt,16,sol,1,16,0e57a267d711ef73b1298a36a868f8b5d3c6cfffcd3ebcd947835d2a538fa206,VISIBLE,VALID_LABEL,VALID_BOX,1,1265.0,135.0,31.0,31.0,1280.5,150.5,31.0,1920,1080,0,1
g400_rater_sol_01.txt,17,sol,1,17,29d0046be8b967e949be19019bf9cb46df968745a7dd1ae6b9b391a48d6c52e3,ABSENT,VALID_LABEL,INVALID_GEOMETRY,0,,,,,,,,1920,1080,0,1
g400_rater_sol_01.txt,18,sol,1,18,06c833af5a9f2193620e7940ec49b1ee714775ec9802b44615f7e4852c9c348e,VISIBLE,VALID_LABEL,VALID_BOX,1,897.0,401.0,27.0,27.0,910.5,414.5,27.0,1920,1080,0,1
g400_rater_sol_01.txt,19,sol,1,19,1c5bf1ecfc05baefc75b2badb39851755973658158679cae6140d6acf509b519,VISIBLE,VALID_LABEL,VALID_BOX,1,1674.0,535.0,27.0,28.0,1687.5,549.0,27.5,1920,1080,0,1
g400_rater_sol_01.txt,20,sol,1,20,17c2b594ca858921bde630c4f79b07396ac95f3dfc0c410e3217f03ab59b0799,VISIBLE,VALID_LABEL,VALID_BOX,1,457.0,269.0,17.0,18.0,465.5,278.0,17.5,1280,720,0,1
g400_rater_sol_01.txt,21,sol,1,21,0e1c3340aa20f8875f6db9f3375803b9503d90de4e8a2e8e688d603f38acbbf5,VISIBLE,VALID_LABEL,VALID_BOX,1,642.0,34.0,25.0,25.0,654.5,46.5,25.0,1280,720,0,1
g400_rater_sol_01.txt,22,sol,1,22,3c7538e1555b95c92a5c1e632e336974262ab6b15fe5794f062371c63ac00575,VISIBLE,VALID_LABEL,VALID_BOX,1,1040.0,315.0,23.0,23.0,1051.5,326.5,23.0,1280,720,0,1
g400_rater_sol_01.txt,23,sol,1,23,25bbe8b42d586538ad7a462e1c9cbb23a0e040051c9266d61ed9de56c6b3dc3d,ABSENT,VALID_LABEL,INVALID_GEOMETRY,0,,,,,,,,1280,720,0,1
g400_rater_sol_01.txt,24,sol,1,24,082ca7619ae6cade00728666b1e288da7dbd0fb12f054903a19e54f9467e46df,VISIBLE,VALID_LABEL,VALID_BOX,1,495.0,566.0,37.0,36.0,513.5,584.0,36.5,1280,720,0,1
g400_rater_sol_01.txt,25,sol,1,25,12261437a3cf37d68762ce14890fb0b0f89d682c0cef38470fdc6b18e751bf63,UNKNOWN,VALID_LABEL,INVALID_GEOMETRY,0,,,,,,,,1280,720,0,1
g400_rater_sol_01.txt,26,sol,1,26,033833a1647685ecd6b012db9b6ca88b76c0048783008491f45ea30ae2241a93,VISIBLE,VALID_LABEL,VALID_BOX,1,307.0,426.0,19.0,19.0,316.5,435.5,19.0,1280,720,0,1
g400_rater_sol_01.txt,27,sol,1,27,057f9368228506e76a63dc008a03a35ae7d32f64db094895aca4677a9b994b96,ABSENT,VALID_LABEL,INVALID_GEOMETRY,0,,,,,,,,1280,720,0,1
g400_rater_sol_01.txt,28,sol,1,28,0e65af112bdfe9412638ae3f999de34495aef752ac5d84c1e28163428a6d777a,VISIBLE,VALID_LABEL,VALID_BOX,1,737.0,203.0,16.0,16.0,745.0,211.0,16.0,1280,720,0,1
g400_rater_sol_01.txt,29,sol,1,29,07c32f0c1352ce05c4cb92a4491cd21ab57aac9ab36d4d4b9343407bcd22cfdb,VISIBLE,VALID_LABEL,VALID_BOX,1,844.0,311.0,23.0,23.0,855.5,322.5,23.0,1280,720,0,1
g400_rater_sol_01.txt,30,sol,1,30,0b80a9c5446c2dc44a2af9e5c777885937a1a9c1d9d58c15544948b2974409d9,ABSENT,VALID_LABEL,INVALID_GEOMETRY,0,,,,,,,,1920,1080,0,1
g400_rater_sol_02.txt,1,sol,2,1,41a51cd4fdf664e3bbbfd0da84ff730956e6b35a18296c00b298be5bbfd4f6a9,VISIBLE,VALID_LABEL,VALID_BOX,1,927.0,202.0,24.0,22.0,939.0,213.0,23.0,1280,720,0,1
g400_rater_sol_02.txt,2,sol,2,2,51eea5c7d1aeddf072ee10e051bb5489a2c01631f50bba80c126f16e05d9ef51,VISIBLE,VALID_LABEL,VALID_BOX,1,1247.0,536.0,30.0,32.0,1262.0,552.0,31.0,1920,1080,0,1
g400_rater_sol_02.txt,3,sol,2,3,2b2846330888352b3177d549d8813b2354b3e2ad4e8fd5feaff6193a860a531c,ABSENT,VALID_LABEL,INVALID_GEOMETRY,0,,,,,,,,1920,1080,0,1
g400_rater_sol_02.txt,4,sol,2,4,19515e710e7e8261947e845c3ecd196656295030f4ddfd9fd45f6a95eb09bca1,ABSENT,VALID_LABEL,INVALID_GEOMETRY,0,,,,,,,,1920,1080,0,1
g400_rater_sol_02.txt,5,sol,2,5,2716dc44218a91ff03c2ae818c583c0ea800adec43ca0a258dce3b13e18a627c,ABSENT,VALID_LABEL,INVALID_GEOMETRY,0,,,,,,,,1920,1080,0,1
g400_rater_sol_02.txt,6,sol,2,6,2b4f6c368a81a27c6ac51c2ab8af4b21da20cec4def5672ad5e8f05f00545501,ABSENT,VALID_LABEL,INVALID_GEOMETRY,0,,,,,,,,1920,1080,0,1
g400_rater_sol_02.txt,7,sol,2,7,1304b23cb1fa4b6cd187047742bd3a520b8e944758b86abb464911faba48c0a5,ABSENT,VALID_LABEL,INVALID_GEOMETRY,0,,,,,,,,1920,1080,0,1
g400_rater_sol_02.txt,8,sol,2,8,2a4d9f8c8208e3bf91bef9ce8851a08d5b6566e243120e977d2510011852aa5d,ABSENT,VALID_LABEL,INVALID_GEOMETRY,0,,,,,,,,1920,1080,0,1
g400_rater_sol_02.txt,9,sol,2,9,39c240e19a625ac1d819fe85d1cad942511cb3c08c0af0dfdb1c8eaae9b87f13,ABSENT,VALID_LABEL,INVALID_GEOMETRY,0,,,,,,,,1920,1080,0,1
g400_rater_sol_02.txt,10,sol,2,10,2a9a56d523ae3dd2c8ec40c0b44b6afd40c1c91c2f2c72702b7c9eda0be9aa27,VISIBLE,VALID_LABEL,VALID_BOX,1,815.0,66.0,23.0,21.0,826.5,76.5,22.0,1280,720,0,1
g400_rater_sol_02.txt,11,sol,2,11,2537bfcdafca775c6aa63fc446b32a15036587b0bdb6e50feda3fc530cc37f0d,VISIBLE,VALID_LABEL,VALID_BOX,1,769.0,978.0,239.0,102.0,888.5,1029.0,170.5,1920,1080,0,1
g400_rater_sol_02.txt,12,sol,2,12,3bc321be3c6168ec65d9077261229e229891fbea0a61c47d360ae4a1545cc854,ABSENT,VALID_LABEL,INVALID_GEOMETRY,0,,,,,,,,1280,720,0,1
g400_rater_sol_02.txt,13,sol,2,13,1d2bf98d9be1dd4f8b59b8ce554e8d9545e9db775614f62fe70de5e0ee670e47,ABSENT,VALID_LABEL,INVALID_GEOMETRY,0,,,,,,,,1920,1080,0,1
g400_rater_sol_02.txt,14,sol,2,14,194783bc010e4781d0e0bb88dba61c304708c47b3a27ecfff7ac23b7028817fe,VISIBLE,VALID_LABEL,VALID_BOX,1,949.0,350.0,25.0,27.0,961.5,363.5,26.0,1920,1080,0,1
g400_rater_sol_02.txt,15,sol,2,15,0ef480c1dc0b450f69540f7d403dd41809a4e363f3afe1aa6f8399f886f012a4,VISIBLE,VALID_LABEL,VALID_BOX,1,229.0,551.0,24.0,25.0,241.0,563.5,24.5,1280,720,0,1
g400_rater_sol_02.txt,16,sol,2,16,12bed787d4c9f3b1897d6af52758c4fee75ffe366b7c224442bb52c7757c4e59,VISIBLE,VALID_LABEL,VALID_BOX,1,725.0,621.0,30.0,29.0,740.0,635.5,29.5,1920,1080,0,1
g400_rater_sol_02.txt,17,sol,2,17,4707c6921618ca6e5e29d9ddc85bb4ee9bba1e3028178798b31e7164d7040de0,ABSENT,VALID_LABEL,INVALID_GEOMETRY,0,,,,,,,,1920,1080,0,1
g400_rater_sol_02.txt,18,sol,2,18,191c03d25116d7ad48ae6d9c4289f7435a39e3081a495d51edc5f76d31654038,VISIBLE,VALID_LABEL,VALID_BOX,1,953.0,588.0,91.0,101.0,998.5,638.5,96.0,1920,1080,0,1
g400_rater_sol_02.txt,19,sol,2,19,21e7d20982ca27d24be926b992c39d706262ad7ce8443959e954f2a8b918b34c,VISIBLE,VALID_LABEL,VALID_BOX,1,1104.0,389.0,32.0,31.0,1120.0,404.5,31.5,1920,1080,0,1
g400_rater_sol_02.txt,20,sol,2,20,3caa6b932fb3020efab07332b92f5a4e4fed507c41928fde1b240e5a7ed5c9bc,ABSENT,VALID_LABEL,INVALID_GEOMETRY,0,,,,,,,,1280,720,0,1
g400_rater_sol_02.txt,21,sol,2,21,5cd4d5db412b7c8f1d2aa44007893284cb7a264ebba138e38be6248572279c17,ABSENT,VALID_LABEL,INVALID_GEOMETRY,0,,,,,,,,1280,720,0,1
g400_rater_sol_02.txt,22,sol,2,22,40cd78f1e635413922331a25f673520a40979096dfe940167a66547a5ae860a4,VISIBLE,VALID_LABEL,VALID_BOX,1,477.0,297.0,23.0,24.0,488.5,309.0,23.5,1280,720,0,1
g400_rater_sol_02.txt,23,sol,2,23,472bac9e64a4646a9eefc52f1b9a810c8a41e0afcb06757a64d8653d9682a672,ABSENT,VALID_LABEL,INVALID_GEOMETRY,0,,,,,,,,1280,720,0,1
g400_rater_sol_02.txt,24,sol,2,24,0ccf703fa4e22eaa003182451999539dacc875bc8c4c29fbfc1eeef30a93dfb2,UNKNOWN,VALID_LABEL,INVALID_GEOMETRY,0,,,,,,,,1280,720,0,1
g400_rater_sol_02.txt,25,sol,2,25,2dec3133bd281d19d5fd67fc2356176887cdee1483db572a31b1120623ce9689,VISIBLE,VALID_LABEL,VALID_BOX,1,263.0,306.0,21.0,21.0,273.5,316.5,21.0,1280,720,0,1
g400_rater_sol_02.txt,26,sol,2,26,1ce8531c56b5acceacfe9fcb730f18b92b79b5f4fe2c7b7a65e51cc3a84caa54,UNKNOWN,VALID_LABEL,INVALID_GEOMETRY,0,,,,,,,,1280,720,0,1
g400_rater_sol_02.txt,27,sol,2,27,3b83fd3eaec9c02eb91ddf50fa35750aaa489c1487f4d8b5f25069b98bd3aa7c,ABSENT,VALID_LABEL,INVALID_GEOMETRY,0,,,,,,,,1280,720,0,1
g400_rater_sol_02.txt,28,sol,2,28,1b70bb1d3efc9bd6175193869b6efe7b9116524ec3a5d285365a2e894608fe7e,ABSENT,VALID_LABEL,INVALID_GEOMETRY,0,,,,,,,,1280,720,0,1
g400_rater_sol_02.txt,29,sol,2,29,14e9395b630c30d73d0fb8cef241204ce2d0b195cfe45d957e5d2f9794d57625,VISIBLE,VALID_LABEL,VALID_BOX,1,765.0,439.0,24.0,25.0,777.0,451.5,24.5,1280,720,0,1
g400_rater_sol_02.txt,30,sol,2,30,23948de4dd821a4e9adb6818455fb08ca614837b062b7748b4972937576782fd,UNKNOWN,VALID_LABEL,INVALID_GEOMETRY,0,,,,,,,,1920,1080,0,1
g400_rater_sol_03.txt,1,sol,3,1,86603ad2b512037c2b277101a5b8d9fde6ff25f901b3383ff68b0e92890121b5,ABSENT,VALID_LABEL,INVALID_GEOMETRY,0,,,,,,,,1280,720,0,1
g400_rater_sol_03.txt,2,sol,3,2,62808c4cc85237e039c5c1440b316bbfb9c789e043a21b418b560070df246173,UNKNOWN,VALID_LABEL,INVALID_GEOMETRY,0,,,,,,,,1920,1080,0,1
g400_rater_sol_03.txt,3,sol,3,3,385c1c14da5d2af2c92630191957844c4ad8c86c7011592929fb68743e172f2f,ABSENT,VALID_LABEL,INVALID_GEOMETRY,0,,,,,,,,1920,1080,0,1
g400_rater_sol_03.txt,4,sol,3,4,343ff64c26087ad6e82ab817e1c74d457f1c688ef9618977532a74d7515c2475,ABSENT,VALID_LABEL,INVALID_GEOMETRY,0,,,,,,,,1920,1080,0,1
g400_rater_sol_03.txt,5,sol,3,5,3081d8b7e6494e24d94a66b6b1638948c1c64fced15101fbb9dc0dfc3eb88b59,ABSENT,VALID_LABEL,INVALID_GEOMETRY,0,,,,,,,,1920,1080,0,1
g400_rater_sol_03.txt,6,sol,3,6,607e46e91f196d991077b94ca7848304598ad4fe091a679df8f70485bffa1350,ABSENT,VALID_LABEL,INVALID_GEOMETRY,0,,,,,,,,1920,1080,0,1
g400_rater_sol_03.txt,7,sol,3,7,260a999e7ee82f0f7ddc22e3c5caa37a317461f1540cf81716ce96b777ae5afb,ABSENT,VALID_LABEL,INVALID_GEOMETRY,0,,,,,,,,1920,1080,0,1
g400_rater_sol_03.txt,8,sol,3,8,70706d001da9472b2c78b8886aaa5ceb7071b334ae6ebd2c9ba20c2decd21dc3,ABSENT,VALID_LABEL,INVALID_GEOMETRY,0,,,,,,,,1920,1080,0,1
g400_rater_sol_03.txt,9,sol,3,9,77ea01c32fe24bf55d40bae2ee73300e2a25c6223024c6f6192a553c06a68177,VISIBLE,VALID_LABEL,VALID_BOX,1,564.0,780.0,35.0,37.0,581.5,798.5,36.0,1920,1080,0,1
g400_rater_sol_03.txt,10,sol,3,10,58d62331f3974095f7c795241e4187447c0c0313092a6fcbedb472bce515bbd3,ABSENT,VALID_LABEL,INVALID_GEOMETRY,0,,,,,,,,1280,720,0,1
g400_rater_sol_03.txt,11,sol,3,11,3015eb3f52fb5ef2ec6c3a42a37790884484d422d1db20b412503b562b83cc2a,ABSENT,VALID_LABEL,INVALID_GEOMETRY,0,,,,,,,,1920,1080,0,1
g400_rater_sol_03.txt,12,sol,3,12,42775e938c8216198d44e8346422c78c44c8cf8d24d341e33f71fccca8241d9a,ABSENT,VALID_LABEL,INVALID_GEOMETRY,0,,,,,,,,1280,720,0,1
g400_rater_sol_03.txt,13,sol,3,13,2ce95936d913a6126a5dd9ce4d04116c7001d64cc6e04387f3eab927c57a84a9,VISIBLE,VALID_LABEL,VALID_BOX,1,988.0,503.0,78.0,84.0,1027.0,545.0,81.0,1920,1080,0,1
g400_rater_sol_03.txt,14,sol,3,14,4213905ecff380bb03d5126c375cf95b4841ccd82cd67dfb4e735b1a27f68343,VISIBLE,VALID_LABEL,VALID_BOX,1,1323.0,255.0,38.0,35.0,1342.0,272.5,36.5,1920,1080,0,1
g400_rater_sol_03.txt,15,sol,3,15,11a327e470e7fd336f43309d7c9f974a1042949071864d9a6e6bedc680835028,VISIBLE,VALID_LABEL,VALID_BOX,1,180.0,425.0,131.0,129.0,245.5,489.5,130.0,1280,720,0,1
g400_rater_sol_03.txt,16,sol,3,16,1d4b5ea6115933a74d7575367c15944151f63c5f57dd08bc076e96e851e415b8,UNKNOWN,VALID_LABEL,INVALID_GEOMETRY,0,,,,,,,,1920,1080,0,1
g400_rater_sol_03.txt,17,sol,3,17,4b5522c10efbc5ed44437a5f083d8b77b868c00f67ae9f3415bc443c5b216f5e,ABSENT,VALID_LABEL,INVALID_GEOMETRY,0,,,,,,,,1920,1080,0,1
g400_rater_sol_03.txt,18,sol,3,18,2cabffbec7b9d4ec05957f88d483df8804024197768cf5693e51be759671785b,ABSENT,VALID_LABEL,INVALID_GEOMETRY,0,,,,,,,,1920,1080,0,1
g400_rater_sol_03.txt,19,sol,3,19,245a32355389da717b94e9d3e01c3298b655056d46717d933e54762a84563c27,ABSENT,VALID_LABEL,INVALID_GEOMETRY,0,,,,,,,,1920,1080,0,1
g400_rater_sol_03.txt,20,sol,3,20,5398d378368ea8a73c7a7a8371f8eb1bb167c399d7a940c180ee25b837518d58,VISIBLE,VALID_LABEL,VALID_BOX,1,861.0,276.0,24.0,23.0,873.0,287.5,23.5,1280,720,0,1
g400_rater_sol_03.txt,21,sol,3,21,60a890f483f3e81ae4881a61ae49d75453f18d4110d195574f13128a87148484,VISIBLE,VALID_LABEL,VALID_BOX,1,655.0,448.0,181.0,178.0,745.5,537.0,179.5,1280,720,0,1
g400_rater_sol_03.txt,22,sol,3,22,477084f791536a1781c93dc45d3bc2c4e0998cd646dc09304122c52dd0c93f20,ABSENT,VALID_LABEL,INVALID_GEOMETRY,0,,,,,,,,1280,720,0,1
g400_rater_sol_03.txt,23,sol,3,23,51255806ea975ae87838f777d2e92c97ec6be44363e37133fb083be55e53ec1e,VISIBLE,VALID_LABEL,VALID_BOX,1,184.0,271.0,21.0,20.0,194.5,281.0,20.5,1280,720,0,1
g400_rater_sol_03.txt,24,sol,3,24,30505822b4f9a678aa87f3debddc33873a7d85fc1e9c2057bc61bf0f3d4f8f7e,VISIBLE,VALID_LABEL,VALID_BOX,1,1098.0,280.0,25.0,23.0,1110.5,291.5,24.0,1280,720,0,1
g400_rater_sol_03.txt,25,sol,3,25,342db439be5087e0f97bb937297479d15d1b4bc8d3ebfa052bb7204b9d319d60,VISIBLE,VALID_LABEL,VALID_BOX,1,763.0,184.0,23.0,21.0,774.5,194.5,22.0,1280,720,0,1
g400_rater_sol_03.txt,26,sol,3,26,364673586ff647b95288b7b50e0b3677551dc4ad2743631d762152b7ea2ac610,VISIBLE,VALID_LABEL,VALID_BOX,1,849.0,264.0,14.0,13.0,856.0,270.5,13.5,1280,720,0,1
g400_rater_sol_03.txt,27,sol,3,27,696374ca92ec0580b25d58de20d255ad1863fec71f6278563bad5b772e81156d,ABSENT,VALID_LABEL,INVALID_GEOMETRY,0,,,,,,,,1280,720,0,1
g400_rater_sol_03.txt,28,sol,3,28,251228393c783d5ba6bd79674edcee42ebce3bd46c56031aa2414be2fbdf9aca,VISIBLE,VALID_LABEL,VALID_BOX,1,796.0,410.0,24.0,23.0,808.0,421.5,23.5,1280,720,0,1
g400_rater_sol_03.txt,29,sol,3,29,20e1896d8372257eff2b0707c8dfed42c6d566c8279638ab276d261d469d3840,VISIBLE,VALID_LABEL,VALID_BOX,1,743.0,7.0,27.0,22.0,756.5,18.0,24.5,1280,720,0,1
g400_rater_sol_03.txt,30,sol,3,30,27a074d54a0a7ed8d11d11ef1de81465e6f0d8864a1bd80a1b09199188c60823,UNKNOWN,VALID_LABEL,INVALID_GEOMETRY,0,,,,,,,,1920,1080,0,1
g400_rater_sol_04.txt,1,sol,4,1,8ac59600ce06f9890d83f39913c3a01f723e956d4d3b396624b2e388edf9c237,VISIBLE,VALID_LABEL,VALID_BOX,1,981.0,289.0,20.0,20.0,991.0,299.0,20.0,1280,720,0,1
g400_rater_sol_04.txt,2,sol,4,2,7a2124f313bd153d67baab648d57cd825edda95862d1d998a89370d5b2def1d4,VISIBLE,VALID_LABEL,VALID_BOX,1,353.0,512.0,25.0,26.0,365.5,525.0,25.5,1920,1080,0,1
g400_rater_sol_04.txt,3,sol,4,3,50c31e5043ac6be84ef65c50a38663841f288548c01ad720e52fd1f012611da2,ABSENT,VALID_LABEL,INVALID_GEOMETRY,0,,,,,,,,1920,1080,0,1
g400_rater_sol_04.txt,4,sol,4,4,43ff8f9425693f07f5e2c2f5eaa82d7cc4ef8c93b71c4e09ded347e65b79523e,ABSENT,VALID_LABEL,INVALID_GEOMETRY,0,,,,,,,,1920,1080,0,1
g400_rater_sol_04.txt,5,sol,4,5,30828d37a3c5040ead5a313a3ab20921d23efd13c8edddf0716947763622faf5,ABSENT,VALID_LABEL,INVALID_GEOMETRY,0,,,,,,,,1920,1080,0,1
g400_rater_sol_04.txt,6,sol,4,6,683c859b88265acfc46931370397027c6b8b45bad9515a66cece7f96f284679a,VISIBLE,VALID_LABEL,VALID_BOX,1,696.0,744.0,29.0,29.0,710.5,758.5,29.0,1920,1080,0,1
g400_rater_sol_04.txt,7,sol,4,7,2e2085e5f4df9cc1179da59fb7b9fc6247ea70f1e7057a9c4acb6f56e17c12a4,UNKNOWN,VALID_LABEL,INVALID_GEOMETRY,0,,,,,,,,1920,1080,0,1
g400_rater_sol_04.txt,8,sol,4,8,7124a92f8172fee55ad8d3d50be7eba58e3fa7348719c30392b332aa33576208,ABSENT,VALID_LABEL,INVALID_GEOMETRY,0,,,,,,,,1920,1080,0,1
g400_rater_sol_04.txt,9,sol,4,9,90c223eb0b81addf97f7a836e1525c608a2ace7c4bc20d6024c0257a9c70fbfb,ABSENT,VALID_LABEL,INVALID_GEOMETRY,0,,,,,,,,1920,1080,0,1
g400_rater_sol_04.txt,10,sol,4,10,735620bdefa481de47922d0d5498c4c9e138bdda60b72609853c992c056ba19c,ABSENT,VALID_LABEL,INVALID_GEOMETRY,0,,,,,,,,1280,720,0,1
g400_rater_sol_04.txt,11,sol,4,11,34947548a21599bc515dd0e584588365412e98601094133a4cea85cde71cf54a,ABSENT,VALID_LABEL,INVALID_GEOMETRY,0,,,,,,,,1920,1080,0,1
g400_rater_sol_04.txt,12,sol,4,12,69ee42e73ab36d09c8e21ebd27dfbee20119710f63d946626da82183911ddbc3,ABSENT,VALID_LABEL,INVALID_GEOMETRY,0,,,,,,,,1280,720,0,1
g400_rater_sol_04.txt,13,sol,4,13,6122a3e8ee36a88b4dedfced5458e26fe5c938ab282cbec482d3816bb4c60137,VISIBLE,VALID_LABEL,VALID_BOX,1,1438.0,730.0,34.0,29.0,1455.0,744.5,31.5,1920,1080,0,1
g400_rater_sol_04.txt,14,sol,4,14,4645b74c25df4efd7fb8ddb07f0df515ed7268c61222911cef132e7f5c1d9179,VISIBLE,VALID_LABEL,VALID_BOX,1,1477.0,475.0,30.0,30.0,1492.0,490.0,30.0,1920,1080,0,1
g400_rater_sol_04.txt,15,sol,4,15,694f990b560c3ea542f2fb86fba9a0ca856072c53bf2be0db9b1f3afa54110fe,VISIBLE,VALID_LABEL,VALID_BOX,1,563.0,419.0,19.0,19.0,572.5,428.5,19.0,1280,720,0,1
g400_rater_sol_04.txt,16,sol,4,16,2342fa2f794fffb239128ba4e3f610975c24f28f6109ee10f22ddd445137b730,VISIBLE,VALID_LABEL,VALID_BOX,1,945.0,319.0,29.0,31.0,959.5,334.5,30.0,1920,1080,0,1
g400_rater_sol_04.txt,17,sol,4,17,54c6fdfc3a63d2a63c0ad9315d96da2d63c950c870ecfac5db5e6b9ac1a93846,ABSENT,VALID_LABEL,INVALID_GEOMETRY,0,,,,,,,,1920,1080,0,1
g400_rater_sol_04.txt,18,sol,4,18,479b06b30e23afdd1a50fd9e24d9125b4538451b46f2dd61067b7ab90efa42e8,VISIBLE,VALID_LABEL,VALID_BOX,1,377.0,476.0,28.0,28.0,391.0,490.0,28.0,1920,1080,0,1
g400_rater_sol_04.txt,19,sol,4,19,450de77d7691584de62e6cbadd9e133901526e45e7ec33d4e565a23fde6d565a,UNKNOWN,VALID_LABEL,INVALID_GEOMETRY,0,,,,,,,,1920,1080,0,1
g400_rater_sol_04.txt,20,sol,4,20,7bdf4b8d722456565818e60bed1229da03dfa681b2c90ba38c7c77970510b5c6,ABSENT,VALID_LABEL,INVALID_GEOMETRY,0,,,,,,,,1280,720,0,1
g400_rater_sol_04.txt,21,sol,4,21,75b7df0dc19e6591ae5565817878c5e6d6f77dc51f28f1afe8d98c1161d6756b,VISIBLE,VALID_LABEL,VALID_BOX,1,729.0,218.0,20.0,21.0,739.0,228.5,20.5,1280,720,0,1
g400_rater_sol_04.txt,22,sol,4,22,54fc3dab005ceb55b056202fbdadf3571a1e11093bdb3d9e49b8180de52a3739,VISIBLE,VALID_LABEL,VALID_BOX,1,1007.0,198.0,19.0,20.0,1016.5,208.0,19.5,1280,720,0,1
g400_rater_sol_04.txt,23,sol,4,23,688b16a0eed8b43353b4719136bbe877bdf5e0402bae2e6d212fbc28c8efe7f4,UNKNOWN,VALID_LABEL,INVALID_GEOMETRY,0,,,,,,,,1280,720,0,1
g400_rater_sol_04.txt,24,sol,4,24,42c97f45fc315f81754ea3d00fef6175971a6d51dd73414ebb3c7d89a7a2bba0,ABSENT,VALID_LABEL,INVALID_GEOMETRY,0,,,,,,,,1280,720,0,1
g400_rater_sol_04.txt,25,sol,4,25,4a1750769a6d81c19853fc506a091aa683c69a0c6265ef3c66d1d385debbcdb2,VISIBLE,VALID_LABEL,VALID_BOX,1,1009.0,268.0,20.0,21.0,1019.0,278.5,20.5,1280,720,0,1
g400_rater_sol_04.txt,26,sol,4,26,589cee1465466c71c6c367a6d8b1cf1c2a526dfbc8214c9e7e6f54b8dd49efc9,ABSENT,VALID_LABEL,INVALID_GEOMETRY,0,,,,,,,,1280,720,0,1
g400_rater_sol_04.txt,27,sol,4,27,821552787edc89400e99ded12330281db58db96a6cfd82ea0fed7b33bcc4a7c1,VISIBLE,VALID_LABEL,VALID_BOX,1,667.0,235.0,21.0,21.0,677.5,245.5,21.0,1280,720,0,1
g400_rater_sol_04.txt,28,sol,4,28,2f817c74f8463b628ed68f6f047b9035b6c61aa90f14c2342718530c31c25e3d,VISIBLE,VALID_LABEL,VALID_BOX,1,1094.0,21.0,127.0,146.0,1157.5,94.0,136.5,1280,720,0,1
g400_rater_sol_04.txt,29,sol,4,29,23126846d301b261a52282ccc987e78fae9aed7ebfac275d7ce7eab77f1e7a39,ABSENT,VALID_LABEL,INVALID_GEOMETRY,0,,,,,,,,1280,720,0,1
g400_rater_sol_04.txt,30,sol,4,30,5111d6d51460f7a73541ddc95d3c38af4db0c4ae692cb48ae2e84f27451916a3,VISIBLE,VALID_LABEL,VALID_BOX,1,1097.0,711.0,57.0,65.0,1125.5,743.5,61.0,1920,1080,0,1
g400_rater_sol_05.txt,1,sol,5,1,8c05207f2909a8411451ce2abe605e080b541a92e25137b251717d2b42dd25ec,VISIBLE,VALID_LABEL,VALID_BOX,1,687.0,0.0,121.0,102.0,747.5,51.0,111.5,1280,720,0,1
g400_rater_sol_05.txt,2,sol,5,2,977231941d6de5d0b2f6bee22ce1e2e77b3eb9fc6d7bf8611c69791635ef1447,ABSENT,VALID_LABEL,INVALID_GEOMETRY,0,,,,,,,,1920,1080,0,1
g400_rater_sol_05.txt,3,sol,5,3,64181b41b0d92136e0ed26602939bc310c4d36e44eb92dd9eb2f99e49fd1d2ce,ABSENT,VALID_LABEL,INVALID_GEOMETRY,0,,,,,,,,1920,1080,0,1
g400_rater_sol_05.txt,4,sol,5,4,567b6e021ad8849c0eaef2c9d4e9b050d5190a253a3af9de878ffcbda5d8e978,ABSENT,VALID_LABEL,INVALID_GEOMETRY,0,,,,,,,,1920,1080,0,1
g400_rater_sol_05.txt,5,sol,5,5,43a146721b4ecd958bbb7e9fbfea67880243a15d3bf275be49947c501fbf634b,VISIBLE,VALID_LABEL,VALID_BOX,1,1601.0,507.0,31.0,30.0,1616.5,522.0,30.5,1920,1080,0,1
g400_rater_sol_05.txt,6,sol,5,6,72bfedfa44db8108f13154a3966875664d5a4af585c9d32d027c3c9fd8319ec4,UNKNOWN,VALID_LABEL,INVALID_GEOMETRY,0,,,,,,,,1920,1080,0,1
g400_rater_sol_05.txt,7,sol,5,7,31a449b8825fb744a58879ac521d7b9f1e356ff01d412463a78ab0cd4daeda1d,UNKNOWN,VALID_LABEL,INVALID_GEOMETRY,0,,,,,,,,1920,1080,0,1
g400_rater_sol_05.txt,8,sol,5,8,72c0e7372c526c434cd8b1ceb0b1e9dcecc671920eb9f031d8c6b0251163a54d,ABSENT,VALID_LABEL,INVALID_GEOMETRY,0,,,,,,,,1920,1080,0,1
g400_rater_sol_05.txt,9,sol,5,9,9208fa951c5b4a3d1e269baa737531d61f030ad330091d3762d42bbc26455c78,ABSENT,VALID_LABEL,INVALID_GEOMETRY,0,,,,,,,,1920,1080,0,1
g400_rater_sol_05.txt,10,sol,5,10,7a8c0340cba125f383f1bee270d3f85a06d09c228e63fe26f8984e4d57fb946b,ABSENT,VALID_LABEL,INVALID_GEOMETRY,0,,,,,,,,1280,720,0,1
g400_rater_sol_05.txt,11,sol,5,11,393aa74f807ead7757e4ca6fd8cfaf1f9fa9022e27184e5ea9210a0375833c69,ABSENT,VALID_LABEL,INVALID_GEOMETRY,0,,,,,,,,1920,1080,0,1
g400_rater_sol_05.txt,12,sol,5,12,8ec0d6a276426c16dbb99bd2340501094adaac892d7de12e9622c1fc7876682f,UNKNOWN,VALID_LABEL,INVALID_GEOMETRY,0,,,,,,,,1280,720,0,1
g400_rater_sol_05.txt,13,sol,5,13,7cec3dfa2e54e6557f8db43feb7b2a498ef41a451b349508779f73d5fc87f04d,ABSENT,VALID_LABEL,INVALID_GEOMETRY,0,,,,,,,,1920,1080,0,1
g400_rater_sol_05.txt,14,sol,5,14,4972a9bd15d5f5bbc74bd7666a49cea45871e73a1f405228e06005c755bb9921,VISIBLE,VALID_LABEL,VALID_BOX,1,286.0,506.0,30.0,29.0,301.0,520.5,29.5,1920,1080,0,1
g400_rater_sol_05.txt,15,sol,5,15,73b55b32aaa40695a8e629c18214512f5c22341c337623c999d5af28246ea59f,VISIBLE,VALID_LABEL,VALID_BOX,1,916.0,437.0,28.0,29.0,930.0,451.5,28.5,1280,720,0,1
g400_rater_sol_05.txt,16,sol,5,16,49f8dfaac04095659c2667b199f7aa0448ee5ff91c9a3daeea7a30ffd86a3346,VISIBLE,VALID_LABEL,VALID_BOX,1,1756.0,454.0,32.0,33.0,1772.0,470.5,32.5,1920,1080,0,1
g400_rater_sol_05.txt,17,sol,5,17,903236982fa10d60795643107e74347f5a32f7a2e12cfd28920a68513a387830,VISIBLE,VALID_LABEL,VALID_BOX,1,700.0,618.0,49.0,49.0,724.5,642.5,49.0,1920,1080,0,1
g400_rater_sol_05.txt,18,sol,5,18,5837a6fd032f299831f49b4d9259167c563e566f0e431339095667516049a4aa,VISIBLE,VALID_LABEL,VALID_BOX,1,1566.0,806.0,35.0,45.0,1583.5,828.5,40.0,1920,1080,0,1
g400_rater_sol_05.txt,19,sol,5,19,54f647e2516eddaf6c1a2954e6eade11816f582a864570f0706a22a3c7d88e83,VISIBLE,VALID_LABEL,VALID_BOX,1,382.0,368.0,29.0,28.0,396.5,382.0,28.5,1920,1080,0,1
g400_rater_sol_05.txt,20,sol,5,20,bf043c06df4d46a2c5fde16f0bb2694a16e8786373cc272a0a6eccaedc4f2099,ABSENT,VALID_LABEL,INVALID_GEOMETRY,0,,,,,,,,1280,720,0,1
g400_rater_sol_05.txt,21,sol,5,21,8855654569c88f781daa6c949000f41c49776c1722943cc41701c4b1ca61a345,ABSENT,VALID_LABEL,INVALID_GEOMETRY,0,,,,,,,,1280,720,0,1
g400_rater_sol_05.txt,22,sol,5,22,874d02c3744675742828a84b476558fbc48798a8c7440751923e0c9da4d4b6aa,ABSENT,VALID_LABEL,INVALID_GEOMETRY,0,,,,,,,,1280,720,0,1
g400_rater_sol_05.txt,23,sol,5,23,6b5723b2d2b7ece4017682dc43fce8d8ec7c0fd8418e74cc37aa3119b8653bc8,VISIBLE,VALID_LABEL,VALID_BOX,1,495.0,405.0,17.0,17.0,503.5,413.5,17.0,1280,720,0,1
g400_rater_sol_05.txt,24,sol,5,24,64388f71e3cc7b3429fcb24e8f089f880fdfd9c1f05c672fb19bfceb06047acc,VISIBLE,VALID_LABEL,VALID_BOX,1,404.0,278.0,29.0,29.0,418.5,292.5,29.0,1280,720,0,1
g400_rater_sol_05.txt,25,sol,5,25,76a161ada37815ef2c9e1c3d3f36d1f7ec1651052a0039a100e44d59e5dad558,VISIBLE,VALID_LABEL,VALID_BOX,1,735.0,61.0,50.0,57.0,760.0,89.5,53.5,1280,720,0,1
g400_rater_sol_05.txt,26,sol,5,26,5a2f330d84697bcce4cd8dbadf8144539c84a4d9946eaae7b5e9ed5144fdd3a5,VISIBLE,VALID_LABEL,VALID_BOX,1,502.0,230.0,20.0,20.0,512.0,240.0,20.0,1280,720,0,1
g400_rater_sol_05.txt,27,sol,5,27,82cec948f4729abc5df8507fd0f6d2312b681ba750547a9d873b56aefc0ed993,VISIBLE,VALID_LABEL,VALID_BOX,1,232.0,376.0,20.0,19.0,242.0,385.5,19.5,1280,720,0,1
g400_rater_sol_05.txt,28,sol,5,28,3734d91b275a7ae11088e8a4dd664b50d3190e66819a23149831b2bce9fb53f5,UNKNOWN,VALID_LABEL,INVALID_GEOMETRY,0,,,,,,,,1280,720,0,1
g400_rater_sol_05.txt,29,sol,5,29,2da3cf59323281dc36c8ac8298cbbc9be63134693707d56a9ff598eda4b2fc99,VISIBLE,VALID_LABEL,VALID_BOX,1,673.0,297.0,29.0,30.0,687.5,312.0,29.5,1280,720,0,1
g400_rater_sol_05.txt,30,sol,5,30,559d7f1ca444d5a732caec2fd5cc5fa02c76e56f9485be738988670d47269888,UNKNOWN,VALID_LABEL,INVALID_GEOMETRY,0,,,,,,,,1920,1080,0,1
g400_rater_sol_06.txt,1,sol,6,1,8d2facc3514992b35e25a001869614c735c93f1392a6b39a8ebc5f62a8a38fa2,ABSENT,VALID_LABEL,INVALID_GEOMETRY,0,,,,,,,,1280,720,0,1
g400_rater_sol_06.txt,2,sol,6,2,ab164dd59b9ef79886dd6bc69676938a895e909e0261e20ccc9eccb2b1130986,VISIBLE,VALID_LABEL,VALID_BOX,1,1033.0,382.0,27.0,29.0,1046.5,396.5,28.0,1920,1080,0,1
g400_rater_sol_06.txt,3,sol,6,3,66c8e8fad5e69d65c665eeacb44830afece93425632fd7ffba119879125f0ea5,ABSENT,VALID_LABEL,INVALID_GEOMETRY,0,,,,,,,,1920,1080,0,1
g400_rater_sol_06.txt,4,sol,6,4,5b36027c4952db3c5c18f03a758d3aa543ea45c694abecc79e5d6a22f5477de4,VISIBLE,VALID_LABEL,VALID_BOX,1,322.0,299.0,29.0,29.0,336.5,313.5,29.0,1920,1080,0,1
g400_rater_sol_06.txt,5,sol,6,5,6850627900848f4ac12eda764add442aa4a7edaa45e562ef866edb77cc684de4,ABSENT,VALID_LABEL,INVALID_GEOMETRY,0,,,,,,,,1920,1080,0,1
g400_rater_sol_06.txt,6,sol,6,6,89306c655150ba3c3f14e94e80df007734195782057506d76447fbd13d4826dd,ABSENT,VALID_LABEL,INVALID_GEOMETRY,0,,,,,,,,1920,1080,0,1
g400_rater_sol_06.txt,7,sol,6,7,4a32fd8786d221b2d409bb631fba5c0f452afc8aba18864816888b76c4cf59f2,ABSENT,VALID_LABEL,INVALID_GEOMETRY,0,,,,,,,,1920,1080,0,1
g400_rater_sol_06.txt,8,sol,6,8,7321b0c30573a5aa91462a54c70d68d30f046f2c77aa32d2646f433dabedcf37,VISIBLE,VALID_LABEL,VALID_BOX,1,1626.0,521.0,32.0,35.0,1642.0,538.5,33.5,1920,1080,0,1
g400_rater_sol_06.txt,9,sol,6,9,ad4808ec193e86e1e914a5656da68189f0451f3359da3a6dd641399eb5f43216,ABSENT,VALID_LABEL,INVALID_GEOMETRY,0,,,,,,,,1920,1080,0,1
g400_rater_sol_06.txt,10,sol,6,10,8078eb1d155a2642507c09420bc17dba5c0b1c7ed5ac7415f782113f64dc5625,ABSENT,VALID_LABEL,INVALID_GEOMETRY,0,,,,,,,,1280,720,0,1
g400_rater_sol_06.txt,11,sol,6,11,4b226efc45537f13f291e186964f1b01706b0dfd1eecb73ff2708299795967a7,VISIBLE,VALID_LABEL,VALID_BOX,1,629.0,664.0,34.0,31.0,646.0,679.5,32.5,1920,1080,0,1
g400_rater_sol_06.txt,12,sol,6,12,8fd1fd1fc29d433b41841a437975324d2e91d35e4dd7043bd3a64cbafe405392,ABSENT,VALID_LABEL,INVALID_GEOMETRY,0,,,,,,,,1280,720,0,1
g400_rater_sol_06.txt,13,sol,6,13,8a9ebab28a5cdafb4bad1acf44806d6a450ed20ec10968de026d79cc9de1baeb,ABSENT,VALID_LABEL,INVALID_GEOMETRY,0,,,,,,,,1920,1080,0,1
g400_rater_sol_06.txt,14,sol,6,14,6b0cea4ffea185382f5fd9c40ba4283cb4c3f4b2e2641108a2785b3be18325e0,VISIBLE,VALID_LABEL,VALID_BOX,1,1126.0,765.0,63.0,60.0,1157.5,795.0,61.5,1920,1080,0,1
g400_rater_sol_06.txt,15,sol,6,15,79ea5f1bf761d1ab152bd9f3b3a916c4b21efab0f2f7012ab8f1aec058f0e735,VISIBLE,VALID_LABEL,VALID_BOX,1,1162.0,393.0,22.0,30.0,1173.0,408.0,26.0,1280,720,0,1
g400_rater_sol_06.txt,16,sol,6,16,98d222836e3ed00a730f843e408c1f40728648b98d98df63968469fde49c4ba2,VISIBLE,VALID_LABEL,VALID_BOX,1,1340.0,451.0,36.0,40.0,1358.0,471.0,38.0,1920,1080,0,1
g400_rater_sol_06.txt,17,sol,6,17,ab2582564942b035c85bafbb63e074f785d9086829ecef9dfe42d7bbaa17b2e9,ABSENT,VALID_LABEL,INVALID_GEOMETRY,0,,,,,,,,1920,1080,0,1
g400_rater_sol_06.txt,18,sol,6,18,7855bda02771e5e982132861eb288a4ddbfcded8a02b0481a8f7fb587f261bb7,ABSENT,VALID_LABEL,INVALID_GEOMETRY,0,,,,,,,,1920,1080,0,1
g400_rater_sol_06.txt,19,sol,6,19,7ebff0bd660d0165b1de252141fa54985634ac516e6fc3f83847c87ea2afee7c,VISIBLE,VALID_LABEL,VALID_BOX,1,1205.0,475.0,33.0,34.0,1221.5,492.0,33.5,1920,1080,0,1
g400_rater_sol_06.txt,20,sol,6,20,d2307a2e373737524c4e2bc14aa5cae4a851674fe04b3d7a79d29b13b837e676,VISIBLE,VALID_LABEL,VALID_BOX,1,1023.0,345.0,18.0,20.0,1032.0,355.0,19.0,1280,720,0,1
g400_rater_sol_06.txt,21,sol,6,21,8af055f12a3726010be5fa6516743ae2591ba481b22c1d22bf7232f230eb30fb,ABSENT,VALID_LABEL,INVALID_GEOMETRY,0,,,,,,,,1280,720,0,1
g400_rater_sol_06.txt,22,sol,6,22,9218c9539299c0375ae605d5c6a6c4123cf8552d6825fa715685695bff68ae6f,ABSENT,VALID_LABEL,INVALID_GEOMETRY,0,,,,,,,,1280,720,0,1
g400_rater_sol_06.txt,23,sol,6,23,9b6493d5f61b10bb3a7bd0260b543ac3a64d900469be30a1b879d2ffd31de804,VISIBLE,VALID_LABEL,VALID_BOX,1,610.0,270.0,20.0,20.0,620.0,280.0,20.0,1280,720,0,1
g400_rater_sol_06.txt,24,sol,6,24,8b89257a9d092913287a9de1ff643d67734449ba9126e9f49afa7d90a6748d6d,VISIBLE,VALID_LABEL,VALID_BOX,1,639.0,281.0,45.0,37.0,661.5,299.5,41.0,1280,720,0,1
g400_rater_sol_06.txt,25,sol,6,25,822a5d65c1d994deb4511f9e01ce17991f7f33553aae48a3729bae1539a208d6,ABSENT,VALID_LABEL,INVALID_GEOMETRY,0,,,,,,,,1280,720,0,1
g400_rater_sol_06.txt,26,sol,6,26,64494c7ed65840920de3dc1407bf3087b8d8f4d4e2d8c9b11dcc7a54b879ec93,VISIBLE,VALID_LABEL,VALID_BOX,1,833.0,177.0,24.0,25.0,845.0,189.5,24.5,1280,720,0,1
g400_rater_sol_06.txt,27,sol,6,27,887f21c26908153a4896f86be828a201ada27fc13a565b0ba315b3ad1229e999,ABSENT,VALID_LABEL,INVALID_GEOMETRY,0,,,,,,,,1280,720,0,1
g400_rater_sol_06.txt,28,sol,6,28,402452c0bd4481abfd47680d03895cc399cb7556acb83ffd335c5c88d161dbb5,ABSENT,VALID_LABEL,INVALID_GEOMETRY,0,,,,,,,,1280,720,0,1
g400_rater_sol_06.txt,29,sol,6,29,5c1f941b461ab9d378b3b79a8639737d8d0c6f08d7f95f75c9ff7442a5bb6f4c,ABSENT,VALID_LABEL,INVALID_GEOMETRY,0,,,,,,,,1280,720,0,1
g400_rater_sol_06.txt,30,sol,6,30,770cf3fbcf91631b945b49c08496481c7a0c90cf861eb1a81d323767d09c3f2b,VISIBLE,VALID_LABEL,VALID_BOX,1,1731.0,236.0,39.0,45.0,1750.5,258.5,42.0,1920,1080,0,1
g400_rater_sol_07.txt,1,sol,7,1,af9ba0d4904bcc1dd1148649df08ee9e41ad23d764d92c043c53e418defe58fb,UNKNOWN,VALID_LABEL,INVALID_GEOMETRY,0,,,,,,,,1280,720,0,1
g400_rater_sol_07.txt,2,sol,7,2,c6c10b4839482d79e27f5cf4837ed5f4eb45cff501681d936dcd7589e4206740,VISIBLE,VALID_LABEL,VALID_BOX,1,1236.0,503.0,29.0,31.0,1250.5,518.5,30.0,1920,1080,0,1
g400_rater_sol_07.txt,3,sol,7,3,769051cb48c0d476817cf74ac7c2b47ebd839eb928136470baf84e81c902507b,VISIBLE,VALID_LABEL,VALID_BOX,1,1056.0,316.0,41.0,41.0,1076.5,336.5,41.0,1920,1080,0,1
g400_rater_sol_07.txt,4,sol,7,4,5bd1478b59152518c935cce2314e27ba02759fcd64d3d3691d0217a9f3480a9f,VISIBLE,VALID_LABEL,VALID_BOX,1,1225.0,333.0,111.0,107.0,1280.5,386.5,109.0,1920,1080,0,1
g400_rater_sol_07.txt,5,sol,7,5,92352b7937f60fc803b3af393a8772bae6bcc37f5a22a84fda8454dec3feb718,VISIBLE,VALID_LABEL,VALID_BOX,1,1335.0,393.0,27.0,27.0,1348.5,406.5,27.0,1920,1080,0,1
g400_rater_sol_07.txt,6,sol,7,6,956546676b2a9023906c62ae253855a61d02c91bb5dd602d3a7eccde26b451f7,ABSENT,VALID_LABEL,INVALID_GEOMETRY,0,,,,,,,,1920,1080,0,1
g400_rater_sol_07.txt,7,sol,7,7,a8228b951ae2a615065fe4350b80bd2f82e2ce588feab46b0ff23e46d318e54b,VISIBLE,VALID_LABEL,VALID_BOX,1,1632.0,619.0,28.0,27.0,1646.0,632.5,27.5,1920,1080,0,1
g400_rater_sol_07.txt,8,sol,7,8,d105e58017ea43baa8ce931932150fc2dde4f4c0472ee99f905d4a298ecbf3d9,ABSENT,VALID_LABEL,INVALID_GEOMETRY,0,,,,,,,,1920,1080,0,1
g400_rater_sol_07.txt,9,sol,7,9,cdd78a2279bae7055bfe4c19cb86bbd1756df77fbdc9136cd838166f6063b9fd,VISIBLE,VALID_LABEL,VALID_BOX,1,1014.0,747.0,128.0,130.0,1078.0,812.0,129.0,1920,1080,0,1
g400_rater_sol_07.txt,10,sol,7,10,a9c0c368cc98a109a25650e95572b3a085ed6f94613cd1619e7d0f74b5cb69b6,VISIBLE,VALID_LABEL,VALID_BOX,1,644.0,205.0,20.0,22.0,654.0,216.0,21.0,1280,720,0,1
g400_rater_sol_07.txt,11,sol,7,11,89e29c813a22f59d407118761b4ec6ffe53613217094c9ca7221035b28f1cbc4,ABSENT,VALID_LABEL,INVALID_GEOMETRY,0,,,,,,,,1920,1080,0,1
g400_rater_sol_07.txt,12,sol,7,12,bf44d7e5ee034af6a246aeecac210467a6f500e54b5b0cd5dcee92b11d9aa1c3,ABSENT,VALID_LABEL,INVALID_GEOMETRY,0,,,,,,,,1280,720,0,1
g400_rater_sol_07.txt,13,sol,7,13,8d90a261a9d5faa03eb381cca35e3bac81c390a1e647bb6d5f704e43f178cd3a,VISIBLE,VALID_LABEL,VALID_BOX,1,549.0,578.0,44.0,45.0,571.0,600.5,44.5,1920,1080,0,1
g400_rater_sol_07.txt,14,sol,7,14,6e9308a8b9b6731f21e957ed37cbab802d4a29433b6e5c5ec8fc4e70f77f1193,UNKNOWN,VALID_LABEL,INVALID_GEOMETRY,0,,,,,,,,1920,1080,0,1
g400_rater_sol_07.txt,15,sol,7,15,9115fdc7cf7155d6e13c1d306c6c0df3d44ee31975c9e54a44a6f648f00ff599,VISIBLE,VALID_LABEL,VALID_BOX,1,542.0,250.0,21.0,23.0,552.5,261.5,22.0,1280,720,0,1
g400_rater_sol_07.txt,16,sol,7,16,c0e8d20f9b06370ba36d6b7fb71612d3c2971137fed7cd105a03ce5b0829749a,UNKNOWN,VALID_LABEL,INVALID_GEOMETRY,0,,,,,,,,1920,1080,0,1
g400_rater_sol_07.txt,17,sol,7,17,c72b462fd2ce9b4e0e377d6398f7c39730a6272c44f03b7847df88960540926c,ABSENT,VALID_LABEL,INVALID_GEOMETRY,0,,,,,,,,1920,1080,0,1
g400_rater_sol_07.txt,18,sol,7,18,db75f17d879d1987eceaa2f0dbef558519858e253f69d359e61efa53a188261c,ABSENT,VALID_LABEL,INVALID_GEOMETRY,0,,,,,,,,1920,1080,0,1
g400_rater_sol_07.txt,19,sol,7,19,88d4cdde4d85e015fdc9d780454b1d3b7672bd926cbb13b642d8b419c2c80360,VISIBLE,VALID_LABEL,VALID_BOX,1,762.0,401.0,33.0,28.0,778.5,415.0,30.5,1920,1080,0,1
g400_rater_sol_07.txt,20,sol,7,20,e5bac25c6b674f3439ab2fcc54adb83cf197e167807eaa9696f6afb20f0effbe,VISIBLE,VALID_LABEL,VALID_BOX,1,445.0,282.0,22.0,29.0,456.0,296.5,25.5,1280,720,0,1
g400_rater_sol_07.txt,21,sol,7,21,96e5562dc38214af47488a859cb37572b4d86a48668c1687ed5d9f5b36071fc2,VISIBLE,VALID_LABEL,VALID_BOX,1,856.0,129.0,20.0,24.0,866.0,141.0,22.0,1280,720,0,1
g400_rater_sol_07.txt,22,sol,7,22,987578fec437e4ec7e02a60d895d54793d65f1af03534c4613340a13033fdda3,VISIBLE,VALID_LABEL,VALID_BOX,1,647.0,349.0,20.0,20.0,657.0,359.0,20.0,1280,720,0,1
g400_rater_sol_07.txt,23,sol,7,23,b2d2fa54ef1be8c0a9a37177625f255e1249b8ecc3486215128f97a376f23113,VISIBLE,VALID_LABEL,VALID_BOX,1,395.0,241.0,21.0,23.0,405.5,252.5,22.0,1280,720,0,1
g400_rater_sol_07.txt,24,sol,7,24,b4a0830926da6c21ef6e5682ae9eecfb67fff6b9237354247f23313d0e9d83c3,VISIBLE,VALID_LABEL,VALID_BOX,1,539.0,140.0,26.0,28.0,552.0,154.0,27.0,1280,720,0,1
g400_rater_sol_07.txt,25,sol,7,25,91103f3898ef49ebf2a0a9e173880a6d6c831c9255a8d493e82016abab1254df,ABSENT,VALID_LABEL,INVALID_GEOMETRY,0,,,,,,,,1280,720,0,1
g400_rater_sol_07.txt,26,sol,7,26,89e698b5946b10c5bad1793a9f03eaf9f9e532ac3964114cbfd10eccc199ad30,VISIBLE,VALID_LABEL,VALID_BOX,1,391.0,302.0,17.0,18.0,399.5,311.0,17.5,1280,720,0,1
g400_rater_sol_07.txt,27,sol,7,27,9736ef960c3923b11f5eddf9229b63e9da2df81cf41d43be3fbdfd864a47762f,VISIBLE,VALID_LABEL,VALID_BOX,1,991.0,348.0,19.0,20.0,1000.5,358.0,19.5,1280,720,0,1
g400_rater_sol_07.txt,28,sol,7,28,70536d53a8070ebc6e8b53f6f8437b8bef0845236dd94f69e87deb8e0e4407f1,VISIBLE,VALID_LABEL,VALID_BOX,1,742.0,268.0,70.0,69.0,777.0,302.5,69.5,1280,720,0,1
g400_rater_sol_07.txt,29,sol,7,29,7b2b0b4c5f589c1020f27d387b68274f936b53d5e3ae97a745eb0e3c4b4bad2b,VISIBLE,VALID_LABEL,VALID_BOX,1,431.0,321.0,18.0,19.0,440.0,330.5,18.5,1280,720,0,1
g400_rater_sol_07.txt,30,sol,7,30,b888ced10748dd34b7e68635607cdc46c37de826469c692ae874ccdfbc9c6252,ABSENT,VALID_LABEL,INVALID_GEOMETRY,0,,,,,,,,1920,1080,0,1
g400_rater_sol_08.txt,1,sol,8,1,b4fb0c7a85d1ca8e37f846ad086dc62021d96a46f99655f33afe2f130ed05704,VISIBLE,VALID_LABEL,VALID_BOX,1,886.0,383.0,15.0,17.0,893.5,391.5,16.0,1280,720,0,1
g400_rater_sol_08.txt,2,sol,8,2,d8629056e9638a29441c71a91a58ea558cb88f935b8bc2150b72b147200e1983,ABSENT,VALID_LABEL,INVALID_GEOMETRY,0,,,,,,,,1920,1080,0,1
g400_rater_sol_08.txt,3,sol,8,3,8f5b799826b1af43c73259c66942dcb3562bdad380a2af294b3861b1dff48894,ABSENT,VALID_LABEL,INVALID_GEOMETRY,0,,,,,,,,1920,1080,0,1
g400_rater_sol_08.txt,4,sol,8,4,834cd6e0c957008cca910b1e6fb234221d85933b92adc2ed7e6f478647fa4a73,ABSENT,VALID_LABEL,INVALID_GEOMETRY,0,,,,,,,,1920,1080,0,1
g400_rater_sol_08.txt,5,sol,8,5,bb955ba7fdb7c5a86ea30ff23dd5a6243f00f62a1f18fcb589e893f1654bdcbf,ABSENT,VALID_LABEL,INVALID_GEOMETRY,0,,,,,,,,1920,1080,0,1
g400_rater_sol_08.txt,6,sol,8,6,a0cc8eb15237ac276e044b18607e4425949f09042a21da33b7f9fb0034eaa387,VISIBLE,VALID_LABEL,VALID_BOX,1,704.0,785.0,29.0,30.0,718.5,800.0,29.5,1920,1080,0,1
g400_rater_sol_08.txt,7,sol,8,7,ab35de10b6e44749d716dc432d09b1c24fd2de1025d84eaa84c1367c550a9cce,UNKNOWN,VALID_LABEL,INVALID_GEOMETRY,0,,,,,,,,1920,1080,0,1
g400_rater_sol_08.txt,8,sol,8,8,d91cb0203845e3fb4ad94a272a3f5c891ea62c6724fea03f15f22108271cd350,ABSENT,VALID_LABEL,INVALID_GEOMETRY,0,,,,,,,,1920,1080,0,1
g400_rater_sol_08.txt,9,sol,8,9,dd17d4d9a296f4d60382c257185ee5b6ab08e464533aefceca3c010ab26b5166,VISIBLE,VALID_LABEL,VALID_BOX,1,716.0,701.0,28.0,29.0,730.0,715.5,28.5,1920,1080,0,1
g400_rater_sol_08.txt,10,sol,8,10,c7a6bb2ed8d17d9e8d4ec5004040a68ff02f97c0a4035ec167aa76d35b00bb0d,VISIBLE,VALID_LABEL,VALID_BOX,1,357.0,161.0,19.0,19.0,366.5,170.5,19.0,1280,720,0,1
g400_rater_sol_08.txt,11,sol,8,11,e07bced368e91096aaabda66fe35fb121df5f3f8632a6756ed8f33960d6c8ce5,ABSENT,VALID_LABEL,INVALID_GEOMETRY,0,,,,,,,,1920,1080,0,1
g400_rater_sol_08.txt,12,sol,8,12,c2f9d417e06e508c42ffac0fd95c71ff38c8503c3a9b9a9515972e86d5d90a71,VISIBLE,VALID_LABEL,VALID_BOX,1,532.0,161.0,19.0,18.0,541.5,170.0,18.5,1280,720,0,1
g400_rater_sol_08.txt,13,sol,8,13,bfa1f974e6884a2272879d9f916b1e5821e0833121e840452255ea4e9b47e9d0,ABSENT,VALID_LABEL,INVALID_GEOMETRY,0,,,,,,,,1920,1080,0,1
g400_rater_sol_08.txt,14,sol,8,14,798a52755cc8303c1b19c9ee506a3ac52e9f8ad42170fd48c0d008548df2e009,VISIBLE,VALID_LABEL,VALID_BOX,1,1296.0,537.0,27.0,29.0,1309.5,551.5,28.0,1920,1080,0,1
g400_rater_sol_08.txt,15,sol,8,15,b87836a7c968c40018d4b263afe1c31534feee41cfa58541dca9da290a57fc48,VISIBLE,VALID_LABEL,VALID_BOX,1,707.0,274.0,16.0,17.0,715.0,282.5,16.5,1280,720,0,1
g400_rater_sol_08.txt,16,sol,8,16,c94f62399af9cbb77764c057531584ae88261a0fb2461c4c0827aa71793b86c2,VISIBLE,VALID_LABEL,VALID_BOX,1,866.0,683.0,29.0,30.0,880.5,698.0,29.5,1920,1080,0,1
g400_rater_sol_08.txt,17,sol,8,17,f482ae1581a0bd45308fd53f832988a3f2b8c10fde40b101d30f31f42e4811ab,ABSENT,VALID_LABEL,INVALID_GEOMETRY,0,,,,,,,,1920,1080,0,1
g400_rater_sol_08.txt,18,sol,8,18,e5d4e960192d4d220d3201eb07ef72f6c2b88aec432bc47a3923739132190b78,VISIBLE,VALID_LABEL,VALID_BOX,1,1070.0,634.0,30.0,31.0,1085.0,649.5,30.5,1920,1080,0,1
g400_rater_sol_08.txt,19,sol,8,19,94323b993bded6cf19708d96caabb2802960831e86b19bb6be14c655aa8448a1,VISIBLE,VALID_LABEL,VALID_BOX,1,816.0,383.0,25.0,26.0,828.5,396.0,25.5,1920,1080,0,1
g400_rater_sol_08.txt,20,sol,8,20,ead9fcb9d393d99c39b0b526d8802f4aa4043baf0e01da2650e171625ae12b64,VISIBLE,VALID_LABEL,VALID_BOX,1,1244.0,448.0,24.0,23.0,1256.0,459.5,23.5,1280,720,0,1
g400_rater_sol_08.txt,21,sol,8,21,b0133ec0784645c717de53a6bf22de51b25ab934118fd5dfce5a71710ad35153,VISIBLE,VALID_LABEL,VALID_BOX,1,748.0,251.0,19.0,19.0,757.5,260.5,19.0,1280,720,0,1
g400_rater_sol_08.txt,22,sol,8,22,c503a875eb67749fe3cbf4103724947c5d90e86ca80ebb8eabc9378c254b5fb6,ABSENT,VALID_LABEL,INVALID_GEOMETRY,0,,,,,,,,1280,720,0,1
g400_rater_sol_08.txt,23,sol,8,23,b81cbcfb53a9856d9f49ae1a8f17073b5699f322669d492ab3e2b27464023a10,ABSENT,VALID_LABEL,INVALID_GEOMETRY,0,,,,,,,,1280,720,0,1
g400_rater_sol_08.txt,24,sol,8,24,b4c21db951a7c24f82d2cdfbc70fe66256b2d4c003b9c132629d16a06c94873f,VISIBLE,VALID_LABEL,VALID_BOX,1,319.0,275.0,20.0,20.0,329.0,285.0,20.0,1280,720,0,1
g400_rater_sol_08.txt,25,sol,8,25,9c42154fa44c94192549601fd980f71726081adfebcf787b031f73e779baa85b,VISIBLE,VALID_LABEL,VALID_BOX,1,955.0,337.0,19.0,19.0,964.5,346.5,19.0,1280,720,0,1
g400_rater_sol_08.txt,26,sol,8,26,9c7cc8531a93c05e5ca7c5e969dbcedc53c1c4a8417b5763225d2716f382c078,UNKNOWN,VALID_LABEL,INVALID_GEOMETRY,0,,,,,,,,1280,720,0,1
g400_rater_sol_08.txt,27,sol,8,27,b5281f2aae8f83eee50a0fe9905c1dedd3a479a1d2937e1a6c937611ff042ac5,VISIBLE,VALID_LABEL,VALID_BOX,1,959.0,321.0,20.0,20.0,969.0,331.0,20.0,1280,720,0,1
g400_rater_sol_08.txt,28,sol,8,28,afc32e4ed66499a00d4591dab2719a8a279a1ffd16638ce9a9f151b33a1bb3d6,ABSENT,VALID_LABEL,INVALID_GEOMETRY,0,,,,,,,,1280,720,0,1
g400_rater_sol_08.txt,29,sol,8,29,92ea689eb22dc1bf3641ffce8b8035748ccfe8acaf00a7c0c69d5e88f105bd87,VISIBLE,VALID_LABEL,VALID_BOX,1,650.0,413.0,25.0,26.0,662.5,426.0,25.5,1280,720,0,1
g400_rater_sol_08.txt,30,sol,8,30,ba4aa208e59bd1509d8df869245e45774e0707c40b4c93f6e3417a11584bb231,ABSENT,VALID_LABEL,INVALID_GEOMETRY,0,,,,,,,,1920,1080,0,1
g400_rater_sol_09.txt,1,sol,9,1,dd37c9f83d7891a038a9783ad7abac5067481791eb6958814bdbf82b41a7d73b,ABSENT,VALID_LABEL,INVALID_GEOMETRY,0,,,,,,,,1280,720,0,1
g400_rater_sol_09.txt,2,sol,9,2,e6f95762c19e188b05f671d87406655ccc1f9131ab74abf8d72fd1c2ccf83d12,VISIBLE,VALID_LABEL,VALID_BOX,1,918.0,409.0,84.0,83.0,960.0,450.5,83.5,1920,1080,0,1
g400_rater_sol_09.txt,3,sol,9,3,a3dccc0354dd8381a40e138ff448841251bb87776330eb5f78a423405c4edf2e,ABSENT,VALID_LABEL,INVALID_GEOMETRY,0,,,,,,,,1920,1080,0,1
g400_rater_sol_09.txt,4,sol,9,4,c60c40eb38435a5c94548f7a934d09a04dde5d600b3356c401e1ff8f920d7194,ABSENT,VALID_LABEL,INVALID_GEOMETRY,0,,,,,,,,1920,1080,0,1
g400_rater_sol_09.txt,5,sol,9,5,d5885b0b8e280348330bd3d09023256c9b830cca4d3bd36352830051ec3869a2,ABSENT,VALID_LABEL,INVALID_GEOMETRY,0,,,,,,,,1920,1080,0,1
g400_rater_sol_09.txt,6,sol,9,6,fc2124bb50bcaffb234a62378eac7620582eaa06696f2074a05fd18f2d701b04,VISIBLE,VALID_LABEL,VALID_BOX,1,418.0,254.0,96.0,80.0,466.0,294.0,88.0,1920,1080,0,1
g400_rater_sol_09.txt,7,sol,9,7,b97481a69bac1dab1695e107f5252ae1e24926f47df4a229c70f84aa334ec1a8,VISIBLE,VALID_LABEL,VALID_BOX,1,1258.0,521.0,44.0,43.0,1280.0,542.5,43.5,1920,1080,0,1
g400_rater_sol_09.txt,8,sol,9,8,dead011436c83307c6b9ee6acf8aca58221adfc637dbd0315d7c1ec69668916e,ABSENT,VALID_LABEL,INVALID_GEOMETRY,0,,,,,,,,1920,1080,0,1
g400_rater_sol_09.txt,9,sol,9,9,f0df9d6bbe8543c8f6774ea49f1597cf5ae28f50d8b8f9a9f64a4a50862dcd21,UNKNOWN,VALID_LABEL,INVALID_GEOMETRY,0,,,,,,,,1920,1080,0,1
g400_rater_sol_09.txt,10,sol,9,10,db24023be2218c385cb3936e44d28a213a41b2dca772338343a7466b4a38ca54,ABSENT,VALID_LABEL,INVALID_GEOMETRY,0,,,,,,,,1280,720,0,1
g400_rater_sol_09.txt,11,sol,9,11,e1f5559e9ee2c99f65ad398c5ad9bc0d0351b92a62604aba1f8a14abd2d1a5f8,ABSENT,VALID_LABEL,INVALID_GEOMETRY,0,,,,,,,,1920,1080,0,1
g400_rater_sol_09.txt,12,sol,9,12,c6ff0e4ce91a97bf5bf9a232be5c82296319eaafc03e395b23bf2dc0529fa0f6,ABSENT,VALID_LABEL,INVALID_GEOMETRY,0,,,,,,,,1280,720,0,1
g400_rater_sol_09.txt,13,sol,9,13,c405748c24a2b1e96118dbfdefbfcb317cef9a3109b704e497b3e13c3efdb772,VISIBLE,VALID_LABEL,VALID_BOX,1,1271.0,259.0,39.0,39.0,1290.5,278.5,39.0,1920,1080,0,1
g400_rater_sol_09.txt,14,sol,9,14,ea76ef78abc9f1d1e826594b21fd9e499049aae104042dc8e2f5ae4252fb0aba,VISIBLE,VALID_LABEL,VALID_BOX,1,928.0,1017.0,72.0,63.0,964.0,1048.5,67.5,1920,1080,0,1
g400_rater_sol_09.txt,15,sol,9,15,d3d99d58b6a23b5fc7e5bdbb77a07d950b6455ee9177a78a7566e6e44a5fcb98,UNKNOWN,VALID_LABEL,INVALID_GEOMETRY,0,,,,,,,,1280,720,0,1
g400_rater_sol_09.txt,16,sol,9,16,d8849a787681c0e30704e3c86d65e7048e3748ec252bc37819c6ef4b13aacb3d,VISIBLE,VALID_LABEL,VALID_BOX,1,1288.0,226.0,44.0,44.0,1310.0,248.0,44.0,1920,1080,0,1
g400_rater_sol_09.txt,17,sol,9,17,f7f4de9d69af5193df8dab5381df1c9cea9149dbbc53de68dc1f8d98236f2096,ABSENT,VALID_LABEL,INVALID_GEOMETRY,0,,,,,,,,1920,1080,0,1
g400_rater_sol_09.txt,18,sol,9,18,e769140d0484d4e5fdadeeee7355ad86b2c8b7c492a52ecf529451583d8dae7b,ABSENT,VALID_LABEL,INVALID_GEOMETRY,0,,,,,,,,1920,1080,0,1
g400_rater_sol_09.txt,19,sol,9,19,c527a7184059e94274015bca4180ac881cb2f64bc0f6d21f8375ca156eca4929,ABSENT,VALID_LABEL,INVALID_GEOMETRY,0,,,,,,,,1920,1080,0,1
g400_rater_sol_09.txt,20,sol,9,20,ed4ec7cdb8a15d08596ca60d59afc97c03af91a91b4bacc86d91b50694e2d3d6,VISIBLE,VALID_LABEL,VALID_BOX,1,151.0,378.0,30.0,29.0,166.0,392.5,29.5,1280,720,0,1
g400_rater_sol_09.txt,21,sol,9,21,edaa9b592debfefa422e9ef9b179fb3e1321585457909ab448722b7f2e0012e0,VISIBLE,VALID_LABEL,VALID_BOX,1,44.0,334.0,24.0,23.0,56.0,345.5,23.5,1280,720,0,1
g400_rater_sol_09.txt,22,sol,9,22,d6885538f7310ec31523317a5463c10d44005a8f759d42f07c444a792fffb843,VISIBLE,VALID_LABEL,VALID_BOX,1,238.0,512.0,24.0,25.0,250.0,524.5,24.5,1280,720,0,1
g400_rater_sol_09.txt,23,sol,9,23,cc5e55c6dfe6d62f5386428c542164084244a1a3643ce900fba400279658ce08,UNKNOWN,VALID_LABEL,INVALID_GEOMETRY,0,,,,,,,,1280,720,0,1
g400_rater_sol_09.txt,24,sol,9,24,dcec02ac537283763ab0d796a9401535cc40a3b7c199c4cc00ab03702b4121c9,UNKNOWN,VALID_LABEL,INVALID_GEOMETRY,0,,,,,,,,1280,720,0,1
g400_rater_sol_09.txt,25,sol,9,25,a5f4c120dcd3648ea271df9bd7579d60eb45ce3d7106d935d10a7d33c24ca81d,VISIBLE,VALID_LABEL,VALID_BOX,1,350.0,174.0,24.0,27.0,362.0,187.5,25.5,1280,720,0,1
g400_rater_sol_09.txt,26,sol,9,26,c1ee5aad7436feee21a0718c0c3754f6107d5b4b310840a8f6451a5e25854816,VISIBLE,VALID_LABEL,VALID_BOX,1,402.0,275.0,28.0,33.0,416.0,291.5,30.5,1280,720,0,1
g400_rater_sol_09.txt,27,sol,9,27,d1ac37761905262966fc5502cbf8c94da5c522ec47f13c45d3b45211424a0b1f,ABSENT,VALID_LABEL,INVALID_GEOMETRY,0,,,,,,,,1280,720,0,1
g400_rater_sol_09.txt,28,sol,9,28,b5a9dcc2e063512c527695be0a46eea30067c282db5afbf11b190aacb3b2e484,ABSENT,VALID_LABEL,INVALID_GEOMETRY,0,,,,,,,,1280,720,0,1
g400_rater_sol_09.txt,29,sol,9,29,d11b27ae54298c06cb64941c92e5ae8a7f384e4a7bad3d21626b9998db2d01be,VISIBLE,VALID_LABEL,VALID_BOX,1,538.0,539.0,175.0,164.0,625.5,621.0,169.5,1280,720,0,1
g400_rater_sol_09.txt,30,sol,9,30,d8103b8dab155f40ca7446588675e0252e5a73238d25b3a64fea21f828d7a647,ABSENT,VALID_LABEL,INVALID_GEOMETRY,0,,,,,,,,1920,1080,0,1
g400_rater_sol_10.txt,1,sol,10,1,df0cc7a481e6ae1839a91b1c6660d62004553750f526fe49ba39dddb7196fbc0,VISIBLE,VALID_LABEL,VALID_BOX,1,188.0,365.0,20.0,20.0,198.0,375.0,20.0,1280,720,0,1
g400_rater_sol_10.txt,2,sol,10,2,fa451cd89365cdfd8dd3fa76c76560df1817889c1f693901db719a7d30043c3f,VISIBLE,VALID_LABEL,VALID_BOX,1,807.0,768.0,44.0,52.0,829.0,794.0,48.0,1920,1080,0,1
g400_rater_sol_10.txt,3,sol,10,3,a8cd18ebac6ee0ead05bb37f311e4aa3a59651afdb7d50be0e2037341e030846,ABSENT,VALID_LABEL,INVALID_GEOMETRY,0,,,,,,,,1920,1080,0,1
g400_rater_sol_10.txt,4,sol,10,4,dadf3658d9418133ade41215f9f987c6e01385e6b871d6a4fce613fc2c6b57d0,VISIBLE,VALID_LABEL,VALID_BOX,1,1100.0,246.0,84.0,82.0,1142.0,287.0,83.0,1920,1080,0,1
g400_rater_sol_10.txt,5,sol,10,5,f0391adc8c91b54048ddb863d9b0f86ab9f548cfeed8d25680cbd837f4c32075,ABSENT,VALID_LABEL,INVALID_GEOMETRY,0,,,,,,,,1920,1080,0,1
g400_rater_sol_10.txt,6,sol,10,6,ff21b7948ffae5ff09ab07caba6d82170a99af0795313ecebad7bc8ae850c70b,VISIBLE,VALID_LABEL,VALID_BOX,1,1147.0,812.0,30.0,42.0,1162.0,833.0,36.0,1920,1080,0,1
g400_rater_sol_10.txt,7,sol,10,7,db52cdc05e95311dd4b5d89a033794230eebba127ac5fe218796b8a9a9c4d9e6,ABSENT,VALID_LABEL,INVALID_GEOMETRY,0,,,,,,,,1920,1080,0,1
g400_rater_sol_10.txt,8,sol,10,8,e03efbe6e55ce176e99e24aedf239b3c9392d2f232b498ede434ecaa9ba0b248,VISIBLE,VALID_LABEL,VALID_BOX,1,1238.0,569.0,34.0,31.0,1255.0,584.5,32.5,1920,1080,0,1
g400_rater_sol_10.txt,9,sol,10,9,fcebeede233d160727cc570e604b575509aaebe0dd0783e3c2d62466384d6717,ABSENT,VALID_LABEL,INVALID_GEOMETRY,0,,,,,,,,1920,1080,0,1
g400_rater_sol_10.txt,10,sol,10,10,ef9873e1cee2ae9a2ae3e898f7cb433e4a0e541bcdb687ee796915a94ad2604b,ABSENT,VALID_LABEL,INVALID_GEOMETRY,0,,,,,,,,1280,720,0,1
g400_rater_sol_10.txt,11,sol,10,11,edfc3a27039a5002f3ab21a8aaae20025eb98cf78476e79bec7c6de107293101,ABSENT,VALID_LABEL,INVALID_GEOMETRY,0,,,,,,,,1920,1080,0,1
g400_rater_sol_10.txt,12,sol,10,12,e3896f3c0e1563967bcde6c23cd26a5473a6e32950613265cb7ed6eb21874618,VISIBLE,VALID_LABEL,VALID_BOX,1,857.0,226.0,20.0,19.0,867.0,235.5,19.5,1280,720,0,1
g400_rater_sol_10.txt,13,sol,10,13,d600a381c231e8abbc43c9713eee8df2959255607fd5944f5dc4e50d0e4df307,VISIBLE,VALID_LABEL,VALID_BOX,1,1114.0,419.0,30.0,25.0,1129.0,431.5,27.5,1920,1080,0,1
g400_rater_sol_10.txt,14,sol,10,14,f682333a81745848e8be6aa4d5bd2886ff825cec4bfc939e7005113230f501d3,UNKNOWN,VALID_LABEL,INVALID_GEOMETRY,0,,,,,,,,1920,1080,0,1
g400_rater_sol_10.txt,15,sol,10,15,de7e7b528ee8b793385dfd06ca78d5a7d68e010c81c5e84ad5c167c4f4def996,ABSENT,VALID_LABEL,INVALID_GEOMETRY,0,,,,,,,,1280,720,0,1
g400_rater_sol_10.txt,16,sol,10,16,e6c889f526905e048d82383b9e8fa6654c2fe20a5248073c02f43d8215ef486f,ABSENT,VALID_LABEL,INVALID_GEOMETRY,0,,,,,,,,1920,1080,0,1
g400_rater_sol_10.txt,17,sol,10,17,fab772b26227589016ef5d6090e3c743bc65440a35c9a2ed7fb08154c59e12c5,VISIBLE,VALID_LABEL,VALID_BOX,1,1841.0,665.0,73.0,68.0,1877.5,699.0,70.5,1920,1080,0,1
g400_rater_sol_10.txt,18,sol,10,18,eff19a93ae5a22527c757ad24df37f066273a207f6df4d64749c745a911d8f8a,VISIBLE,VALID_LABEL,VALID_BOX,1,1408.0,331.0,53.0,48.0,1434.5,355.0,50.5,1920,1080,0,1
g400_rater_sol_10.txt,19,sol,10,19,e249950350086fb8d538598e25a0db3d64f3150a4e6fda87a4c6024d6b14ecdd,ABSENT,VALID_LABEL,INVALID_GEOMETRY,0,,,,,,,,1920,1080,0,1
g400_rater_sol_10.txt,20,sol,10,20,f9fa8d526a3f50b8eb322687422db0b9d529296ebbb4702485cf8d686fbf879a,ABSENT,VALID_LABEL,INVALID_GEOMETRY,0,,,,,,,,1280,720,0,1
g400_rater_sol_10.txt,21,sol,10,21,f57e29ea9b74e099a96e93f0767d9f1033c0b6be920ec06a87f964fa560273f9,UNKNOWN,VALID_LABEL,INVALID_GEOMETRY,0,,,,,,,,1280,720,0,1
g400_rater_sol_10.txt,22,sol,10,22,e795691d00a2f8fd92f297822571e467879970a80a72a822015ce8f4b8d21fae,VISIBLE,VALID_LABEL,VALID_BOX,1,482.0,405.0,19.0,19.0,491.5,414.5,19.0,1280,720,0,1
g400_rater_sol_10.txt,23,sol,10,23,d74e44843a1e829e95d6b0bc8b15f1fb8802be6347a8ed966d4852bba4c4223a,UNKNOWN,VALID_LABEL,INVALID_GEOMETRY,0,,,,,,,,1280,720,0,1
g400_rater_sol_10.txt,24,sol,10,24,ececbab9ec299bb4a4d1db4a6083584ae068b9e93198812442062db514a1dbc0,UNKNOWN,VALID_LABEL,INVALID_GEOMETRY,0,,,,,,,,1280,720,0,1
g400_rater_sol_10.txt,25,sol,10,25,d6c09fdfc10f628c9ea82f73a7859c65c367c777ba0b9a8376e72873ba0609cd,VISIBLE,VALID_LABEL,VALID_BOX,1,467.0,321.0,28.0,25.0,481.0,333.5,26.5,1280,720,0,1
g400_rater_sol_10.txt,26,sol,10,26,e91eb80e92a5fc61ad92193ccc959e7b7e0bbfd022b84b4b46d9820e39ed8e8b,VISIBLE,VALID_LABEL,VALID_BOX,1,663.0,225.0,25.0,23.0,675.5,236.5,24.0,1280,720,0,1
g400_rater_sol_10.txt,27,sol,10,27,dfa1d06ff17189ab63515da917c88feeb924ff8b8a7ed77be3664bce3b03ac41,ABSENT,VALID_LABEL,INVALID_GEOMETRY,0,,,,,,,,1280,720,0,1
g400_rater_sol_10.txt,28,sol,10,28,f700a392832b9ca46fa4bfc4cbc33110475609f09c6693d1fe848577b24d9f1a,ABSENT,VALID_LABEL,INVALID_GEOMETRY,0,,,,,,,,1280,720,0,1
g400_rater_sol_10.txt,29,sol,10,29,e6384984a6cbf1067b8749ef3d0c1e1e21b9c43ff08bc7aaf099df9ed3591563,VISIBLE,VALID_LABEL,VALID_BOX,1,466.0,308.0,59.0,55.0,495.5,335.5,57.0,1280,720,0,1
g400_rater_sol_10.txt,30,sol,10,30,e2f13458a4da189c4f35e5921064dac9d5d5b2dabb0b97f3478be899c1283237,ABSENT,VALID_LABEL,INVALID_GEOMETRY,0,,,,,,,,1920,1080,0,1
g400_rater_terra_01.txt,1,terra,1,1,3d5a0bd19341d7474eb9199438050413ec8a5d2b9f545a322cfe2422e6ab002a,ABSENT,VALID_LABEL,INVALID_GEOMETRY,0,,,,,,,,1280,720,0,1
g400_rater_terra_01.txt,2,terra,1,2,138e033d63aa5131e292bda284aa6d10092ec7e09b5e4fc48f3ec82f5219ac49,ABSENT,VALID_LABEL,INVALID_GEOMETRY,0,,,,,,,,1920,1080,0,1
g400_rater_terra_01.txt,3,terra,1,3,0abe8cfee64d8785dd7f946e961f3ffd2e1ba5a996a6d167a8aab91c9da5d2d4,ABSENT,VALID_LABEL,INVALID_GEOMETRY,0,,,,,,,,1920,1080,0,1
g400_rater_terra_01.txt,4,terra,1,4,0b011222e482f5ce54b665c69767d1aa42740eff3e217b85ac66c113c9723a17,ABSENT,VALID_LABEL,INVALID_GEOMETRY,0,,,,,,,,1920,1080,0,1
g400_rater_terra_01.txt,5,terra,1,5,07809652362f91987384405e9c51fea6940afeed400231c7f093ef7ea14d9138,ABSENT,VALID_LABEL,INVALID_GEOMETRY,0,,,,,,,,1920,1080,0,1
g400_rater_terra_01.txt,6,terra,1,6,182e5023504d632abb890b078010582cd0c60d0ea87cec0c2430e687bcf32714,ABSENT,VALID_LABEL,INVALID_GEOMETRY,0,,,,,,,,1920,1080,0,1
g400_rater_terra_01.txt,7,terra,1,7,1042d52e1cbc9688492147745ce84a07ceb06cb6d39696f0c09935b6046483b1,ABSENT,VALID_LABEL,INVALID_GEOMETRY,0,,,,,,,,1920,1080,0,1
g400_rater_terra_01.txt,8,terra,1,8,03b1809325899f65d68023d84bf9d600f7f860c164c3f7c988da874a64c5174e,ABSENT,VALID_LABEL,INVALID_GEOMETRY,0,,,,,,,,1920,1080,0,1
g400_rater_terra_01.txt,9,terra,1,9,23b1ef6e2b1ea2c84d887cf25e8ab2da2a9bf2c8c5139896e4c96b0241799f1f,ABSENT,VALID_LABEL,INVALID_GEOMETRY,0,,,,,,,,1920,1080,0,1
g400_rater_terra_01.txt,10,terra,1,10,12a12dda6f5a4f62765428be8935f836151f729cba9f61c501fa76bfd1143a77,VISIBLE,VALID_LABEL,VALID_BOX,1,828.0,337.0,26.0,25.0,841.0,349.5,25.5,1280,720,0,1
g400_rater_terra_01.txt,11,terra,1,11,1a65f88cf1520a93f057127cc27bfa43042273dae462952cfd136b533c556ec9,UNKNOWN,VALID_LABEL,INVALID_GEOMETRY,0,,,,,,,,1920,1080,0,1
g400_rater_terra_01.txt,12,terra,1,12,2b17699de39421ce6a2b24e934f659f8042f2a084ecf3d8d8f6f8a42d6086f5f,ABSENT,VALID_LABEL,INVALID_GEOMETRY,0,,,,,,,,1280,720,0,1
g400_rater_terra_01.txt,13,terra,1,13,05f397d61bd02ea0eea485196a89649b1eda5cd20110eff32184f1c93fc4df75,VISIBLE,VALID_LABEL,VALID_BOX,1,1455.0,245.0,26.0,29.0,1468.0,259.5,27.5,1920,1080,0,1
g400_rater_terra_01.txt,14,terra,1,14,0189696726ffe1d468ce24b965d2b023380ef81c1c88cd093544a7866bcc3a46,ABSENT,VALID_LABEL,INVALID_GEOMETRY,0,,,,,,,,1920,1080,0,1
g400_rater_terra_01.txt,15,terra,1,15,0746f934c5033313912857a75def3cbcbdb788df30511f21c60d34c00423ac8b,VISIBLE,VALID_LABEL,VALID_BOX,0,1648.0,354.0,28.0,27.0,1662.0,367.5,27.5,1280,720,0,1
g400_rater_terra_01.txt,16,terra,1,16,0e57a267d711ef73b1298a36a868f8b5d3c6cfffcd3ebcd947835d2a538fa206,VISIBLE,VALID_LABEL,VALID_BOX,1,1265.0,139.0,29.0,29.0,1279.5,153.5,29.0,1920,1080,0,1
g400_rater_terra_01.txt,17,terra,1,17,29d0046be8b967e949be19019bf9cb46df968745a7dd1ae6b9b391a48d6c52e3,ABSENT,VALID_LABEL,INVALID_GEOMETRY,0,,,,,,,,1920,1080,0,1
g400_rater_terra_01.txt,18,terra,1,18,06c833af5a9f2193620e7940ec49b1ee714775ec9802b44615f7e4852c9c348e,VISIBLE,VALID_LABEL,VALID_BOX,1,673.0,240.0,27.0,27.0,686.5,253.5,27.0,1920,1080,0,1
g400_rater_terra_01.txt,19,terra,1,19,1c5bf1ecfc05baefc75b2badb39851755973658158679cae6140d6acf509b519,VISIBLE,VALID_LABEL,VALID_BOX,1,1633.0,351.0,27.0,29.0,1646.5,365.5,28.0,1920,1080,0,1
g400_rater_terra_01.txt,20,terra,1,20,17c2b594ca858921bde630c4f79b07396ac95f3dfc0c410e3217f03ab59b0799,UNKNOWN,VALID_LABEL,INVALID_GEOMETRY,0,,,,,,,,1280,720,0,1
g400_rater_terra_01.txt,21,terra,1,21,0e1c3340aa20f8875f6db9f3375803b9503d90de4e8a2e8e688d603f38acbbf5,VISIBLE,VALID_LABEL,VALID_BOX,1,642.0,34.0,25.0,25.0,654.5,46.5,25.0,1280,720,0,1
g400_rater_terra_01.txt,22,terra,1,22,3c7538e1555b95c92a5c1e632e336974262ab6b15fe5794f062371c63ac00575,VISIBLE,VALID_LABEL,VALID_BOX,1,1071.0,273.0,22.0,22.0,1082.0,284.0,22.0,1280,720,0,1
g400_rater_terra_01.txt,23,terra,1,23,25bbe8b42d586538ad7a462e1c9cbb23a0e040051c9266d61ed9de56c6b3dc3d,ABSENT,VALID_LABEL,INVALID_GEOMETRY,0,,,,,,,,1280,720,0,1
g400_rater_terra_01.txt,24,terra,1,24,082ca7619ae6cade00728666b1e288da7dbd0fb12f054903a19e54f9467e46df,VISIBLE,VALID_LABEL,VALID_BOX,1,494.0,573.0,28.0,29.0,508.0,587.5,28.5,1280,720,0,1
g400_rater_terra_01.txt,25,terra,1,25,12261437a3cf37d68762ce14890fb0b0f89d682c0cef38470fdc6b18e751bf63,UNKNOWN,VALID_LABEL,INVALID_GEOMETRY,0,,,,,,,,1280,720,0,1
g400_rater_terra_01.txt,26,terra,1,26,033833a1647685ecd6b012db9b6ca88b76c0048783008491f45ea30ae2241a93,VISIBLE,VALID_LABEL,VALID_BOX,1,306.0,422.0,22.0,23.0,317.0,433.5,22.5,1280,720,0,1
g400_rater_terra_01.txt,27,terra,1,27,057f9368228506e76a63dc008a03a35ae7d32f64db094895aca4677a9b994b96,ABSENT,VALID_LABEL,INVALID_GEOMETRY,0,,,,,,,,1280,720,0,1
g400_rater_terra_01.txt,28,terra,1,28,0e65af112bdfe9412638ae3f999de34495aef752ac5d84c1e28163428a6d777a,UNKNOWN,VALID_LABEL,INVALID_GEOMETRY,0,,,,,,,,1280,720,0,1
g400_rater_terra_01.txt,29,terra,1,29,07c32f0c1352ce05c4cb92a4491cd21ab57aac9ab36d4d4b9343407bcd22cfdb,VISIBLE,VALID_LABEL,VALID_BOX,1,843.0,310.0,25.0,25.0,855.5,322.5,25.0,1280,720,0,1
g400_rater_terra_01.txt,30,terra,1,30,0b80a9c5446c2dc44a2af9e5c777885937a1a9c1d9d58c15544948b2974409d9,ABSENT,VALID_LABEL,INVALID_GEOMETRY,0,,,,,,,,1920,1080,0,1
g400_rater_terra_02.txt,1,terra,2,1,41a51cd4fdf664e3bbbfd0da84ff730956e6b35a18296c00b298be5bbfd4f6a9,VISIBLE,VALID_LABEL,VALID_BOX,1,940.0,198.0,18.0,18.0,949.0,207.0,18.0,1280,720,0,1
g400_rater_terra_02.txt,2,terra,2,2,51eea5c7d1aeddf072ee10e051bb5489a2c01631f50bba80c126f16e05d9ef51,VISIBLE,VALID_LABEL,VALID_BOX,1,1274.0,548.0,28.0,28.0,1288.0,562.0,28.0,1920,1080,0,1
g400_rater_terra_02.txt,3,terra,2,3,2b2846330888352b3177d549d8813b2354b3e2ad4e8fd5feaff6193a860a531c,ABSENT,VALID_LABEL,INVALID_GEOMETRY,0,,,,,,,,1920,1080,0,0
g400_rater_terra_02.txt,4,terra,2,4,19515e710e7e8261947e845c3ecd196656295030f4ddfd9fd45f6a95eb09bca1,ABSENT,VALID_LABEL,INVALID_GEOMETRY,0,,,,,,,,1920,1080,0,0
g400_rater_terra_02.txt,5,terra,2,5,2716dc44218a91ff03c2ae818c583c0ea800adec43ca0a258dce3b13e18a627c,ABSENT,VALID_LABEL,INVALID_GEOMETRY,0,,,,,,,,1920,1080,0,0
g400_rater_terra_02.txt,6,terra,2,6,2b4f6c368a81a27c6ac51c2ab8af4b21da20cec4def5672ad5e8f05f00545501,ABSENT,VALID_LABEL,INVALID_GEOMETRY,0,,,,,,,,1920,1080,0,0
g400_rater_terra_02.txt,7,terra,2,7,1304b23cb1fa4b6cd187047742bd3a520b8e944758b86abb464911faba48c0a5,ABSENT,VALID_LABEL,INVALID_GEOMETRY,0,,,,,,,,1920,1080,0,0
g400_rater_terra_02.txt,8,terra,2,8,2a4d9f8c8208e3bf91bef9ce8851a08d5b6566e243120e977d2510011852aa5d,ABSENT,VALID_LABEL,INVALID_GEOMETRY,0,,,,,,,,1920,1080,0,0
g400_rater_terra_02.txt,9,terra,2,9,39c240e19a625ac1d819fe85d1cad942511cb3c08c0af0dfdb1c8eaae9b87f13,ABSENT,VALID_LABEL,INVALID_GEOMETRY,0,,,,,,,,1920,1080,0,0
g400_rater_terra_02.txt,10,terra,2,10,2a9a56d523ae3dd2c8ec40c0b44b6afd40c1c91c2f2c72702b7c9eda0be9aa27,VISIBLE,VALID_LABEL,VALID_BOX,1,816.0,68.0,24.0,23.0,828.0,79.5,23.5,1280,720,0,1
g400_rater_terra_02.txt,11,terra,2,11,2537bfcdafca775c6aa63fc446b32a15036587b0bdb6e50feda3fc530cc37f0d,VISIBLE,VALID_LABEL,VALID_BOX,1,860.0,969.0,153.0,111.0,936.5,1024.5,132.0,1920,1080,0,1
g400_rater_terra_02.txt,12,terra,2,12,3bc321be3c6168ec65d9077261229e229891fbea0a61c47d360ae4a1545cc854,ABSENT,VALID_LABEL,INVALID_GEOMETRY,0,,,,,,,,1280,720,0,0
g400_rater_terra_02.txt,13,terra,2,13,1d2bf98d9be1dd4f8b59b8ce554e8d9545e9db775614f62fe70de5e0ee670e47,ABSENT,VALID_LABEL,INVALID_GEOMETRY,0,,,,,,,,1920,1080,0,0
g400_rater_terra_02.txt,14,terra,2,14,194783bc010e4781d0e0bb88dba61c304708c47b3a27ecfff7ac23b7028817fe,VISIBLE,VALID_LABEL,VALID_BOX,1,990.0,338.0,30.0,31.0,1005.0,353.5,30.5,1920,1080,0,1
g400_rater_terra_02.txt,15,terra,2,15,0ef480c1dc0b450f69540f7d403dd41809a4e363f3afe1aa6f8399f886f012a4,VISIBLE,VALID_LABEL,VALID_BOX,1,257.0,540.0,27.0,27.0,270.5,553.5,27.0,1280,720,0,1
g400_rater_terra_02.txt,16,terra,2,16,12bed787d4c9f3b1897d6af52758c4fee75ffe366b7c224442bb52c7757c4e59,VISIBLE,VALID_LABEL,VALID_BOX,1,727.0,616.0,31.0,31.0,742.5,631.5,31.0,1920,1080,0,1
g400_rater_terra_02.txt,17,terra,2,17,4707c6921618ca6e5e29d9ddc85bb4ee9bba1e3028178798b31e7164d7040de0,ABSENT,VALID_LABEL,INVALID_GEOMETRY,0,,,,,,,,1920,1080,0,0
g400_rater_terra_02.txt,18,terra,2,18,191c03d25116d7ad48ae6d9c4289f7435a39e3081a495d51edc5f76d31654038,VISIBLE,VALID_LABEL,VALID_BOX,1,956.0,571.0,110.0,116.0,1011.0,629.0,113.0,1920,1080,0,1
g400_rater_terra_02.txt,19,terra,2,19,21e7d20982ca27d24be926b992c39d706262ad7ce8443959e954f2a8b918b34c,VISIBLE,VALID_LABEL,VALID_BOX,1,1106.0,411.0,31.0,31.0,1121.5,426.5,31.0,1920,1080,0,1
g400_rater_terra_02.txt,20,terra,2,20,3caa6b932fb3020efab07332b92f5a4e4fed507c41928fde1b240e5a7ed5c9bc,ABSENT,VALID_LABEL,INVALID_GEOMETRY,0,,,,,,,,1280,720,0,0
g400_rater_terra_02.txt,21,terra,2,21,5cd4d5db412b7c8f1d2aa44007893284cb7a264ebba138e38be6248572279c17,ABSENT,VALID_LABEL,INVALID_GEOMETRY,0,,,,,,,,1280,720,0,0
g400_rater_terra_02.txt,22,terra,2,22,40cd78f1e635413922331a25f673520a40979096dfe940167a66547a5ae860a4,VISIBLE,VALID_LABEL,VALID_BOX,1,511.0,310.0,29.0,28.0,525.5,324.0,28.5,1280,720,0,1
g400_rater_terra_02.txt,23,terra,2,23,472bac9e64a4646a9eefc52f1b9a810c8a41e0afcb06757a64d8653d9682a672,ABSENT,VALID_LABEL,INVALID_GEOMETRY,0,,,,,,,,1280,720,0,0
g400_rater_terra_02.txt,24,terra,2,24,0ccf703fa4e22eaa003182451999539dacc875bc8c4c29fbfc1eeef30a93dfb2,VISIBLE,VALID_LABEL,VALID_BOX,1,777.0,283.0,24.0,25.0,789.0,295.5,24.5,1280,720,0,1
g400_rater_terra_02.txt,25,terra,2,25,2dec3133bd281d19d5fd67fc2356176887cdee1483db572a31b1120623ce9689,VISIBLE,VALID_LABEL,VALID_BOX,1,263.0,302.0,22.0,23.0,274.0,313.5,22.5,1280,720,0,1
g400_rater_terra_02.txt,26,terra,2,26,1ce8531c56b5acceacfe9fcb730f18b92b79b5f4fe2c7b7a65e51cc3a84caa54,VISIBLE,VALID_LABEL,VALID_BOX,1,599.0,185.0,22.0,23.0,610.0,196.5,22.5,1280,720,0,1
g400_rater_terra_02.txt,27,terra,2,27,3b83fd3eaec9c02eb91ddf50fa35750aaa489c1487f4d8b5f25069b98bd3aa7c,ABSENT,VALID_LABEL,INVALID_GEOMETRY,0,,,,,,,,1280,720,0,0
g400_rater_terra_02.txt,28,terra,2,28,1b70bb1d3efc9bd6175193869b6efe7b9116524ec3a5d285365a2e894608fe7e,VISIBLE,VALID_LABEL,VALID_BOX,1,104.0,332.0,25.0,26.0,116.5,345.0,25.5,1280,720,0,1
g400_rater_terra_02.txt,29,terra,2,29,14e9395b630c30d73d0fb8cef241204ce2d0b195cfe45d957e5d2f9794d57625,VISIBLE,VALID_LABEL,VALID_BOX,1,799.0,406.0,33.0,33.0,815.5,422.5,33.0,1280,720,0,1
g400_rater_terra_02.txt,30,terra,2,30,23948de4dd821a4e9adb6818455fb08ca614837b062b7748b4972937576782fd,UNKNOWN,VALID_LABEL,INVALID_GEOMETRY,0,,,,,,,,1920,1080,0,0
g400_rater_terra_03.txt,1,terra,3,1,86603ad2b512037c2b277101a5b8d9fde6ff25f901b3383ff68b0e92890121b5,UNKNOWN,VALID_LABEL,INVALID_GEOMETRY,0,,,,,,,,1280,720,0,1
g400_rater_terra_03.txt,2,terra,3,2,62808c4cc85237e039c5c1440b316bbfb9c789e043a21b418b560070df246173,UNKNOWN,VALID_LABEL,INVALID_GEOMETRY,0,,,,,,,,1920,1080,0,1
g400_rater_terra_03.txt,3,terra,3,3,385c1c14da5d2af2c92630191957844c4ad8c86c7011592929fb68743e172f2f,ABSENT,VALID_LABEL,INVALID_GEOMETRY,0,,,,,,,,1920,1080,0,1
g400_rater_terra_03.txt,4,terra,3,4,343ff64c26087ad6e82ab817e1c74d457f1c688ef9618977532a74d7515c2475,ABSENT,VALID_LABEL,INVALID_GEOMETRY,0,,,,,,,,1920,1080,0,1
g400_rater_terra_03.txt,5,terra,3,5,3081d8b7e6494e24d94a66b6b1638948c1c64fced15101fbb9dc0dfc3eb88b59,ABSENT,VALID_LABEL,INVALID_GEOMETRY,0,,,,,,,,1920,1080,0,1
g400_rater_terra_03.txt,6,terra,3,6,607e46e91f196d991077b94ca7848304598ad4fe091a679df8f70485bffa1350,ABSENT,VALID_LABEL,INVALID_GEOMETRY,0,,,,,,,,1920,1080,0,1
g400_rater_terra_03.txt,7,terra,3,7,260a999e7ee82f0f7ddc22e3c5caa37a317461f1540cf81716ce96b777ae5afb,ABSENT,VALID_LABEL,INVALID_GEOMETRY,0,,,,,,,,1920,1080,0,1
g400_rater_terra_03.txt,8,terra,3,8,70706d001da9472b2c78b8886aaa5ceb7071b334ae6ebd2c9ba20c2decd21dc3,ABSENT,VALID_LABEL,INVALID_GEOMETRY,0,,,,,,,,1920,1080,0,1
g400_rater_terra_03.txt,9,terra,3,9,77ea01c32fe24bf55d40bae2ee73300e2a25c6223024c6f6192a553c06a68177,ABSENT,VALID_LABEL,INVALID_GEOMETRY,0,,,,,,,,1920,1080,0,1
g400_rater_terra_03.txt,10,terra,3,10,58d62331f3974095f7c795241e4187447c0c0313092a6fcbedb472bce515bbd3,VISIBLE,VALID_LABEL,VALID_BOX,1,372.0,524.0,21.0,21.0,382.5,534.5,21.0,1280,720,0,1
g400_rater_terra_03.txt,11,terra,3,11,3015eb3f52fb5ef2ec6c3a42a37790884484d422d1db20b412503b562b83cc2a,ABSENT,VALID_LABEL,INVALID_GEOMETRY,0,,,,,,,,1920,1080,0,1
g400_rater_terra_03.txt,12,terra,3,12,42775e938c8216198d44e8346422c78c44c8cf8d24d341e33f71fccca8241d9a,UNKNOWN,VALID_LABEL,INVALID_GEOMETRY,0,,,,,,,,1280,720,0,1
g400_rater_terra_03.txt,13,terra,3,13,2ce95936d913a6126a5dd9ce4d04116c7001d64cc6e04387f3eab927c57a84a9,VISIBLE,VALID_LABEL,VALID_BOX,1,1003.0,509.0,63.0,71.0,1034.5,544.5,67.0,1920,1080,0,1
g400_rater_terra_03.txt,14,terra,3,14,4213905ecff380bb03d5126c375cf95b4841ccd82cd67dfb4e735b1a27f68343,VISIBLE,VALID_LABEL,VALID_BOX,1,1335.0,262.0,29.0,28.0,1349.5,276.0,28.5,1920,1080,0,1
g400_rater_terra_03.txt,15,terra,3,15,11a327e470e7fd336f43309d7c9f974a1042949071864d9a6e6bedc680835028,VISIBLE,VALID_LABEL,VALID_BOX,1,347.0,468.0,66.0,64.0,380.0,500.0,65.0,1280,720,0,1
g400_rater_terra_03.txt,16,terra,3,16,1d4b5ea6115933a74d7575367c15944151f63c5f57dd08bc076e96e851e415b8,VISIBLE,VALID_LABEL,VALID_BOX,1,933.0,268.0,19.0,19.0,942.5,277.5,19.0,1920,1080,0,1
g400_rater_terra_03.txt,17,terra,3,17,4b5522c10efbc5ed44437a5f083d8b77b868c00f67ae9f3415bc443c5b216f5e,ABSENT,VALID_LABEL,INVALID_GEOMETRY,0,,,,,,,,1920,1080,0,1
g400_rater_terra_03.txt,18,terra,3,18,2cabffbec7b9d4ec05957f88d483df8804024197768cf5693e51be759671785b,ABSENT,VALID_LABEL,INVALID_GEOMETRY,0,,,,,,,,1920,1080,0,1
g400_rater_terra_03.txt,19,terra,3,19,245a32355389da717b94e9d3e01c3298b655056d46717d933e54762a84563c27,ABSENT,VALID_LABEL,INVALID_GEOMETRY,0,,,,,,,,1920,1080,0,1
g400_rater_terra_03.txt,20,terra,3,20,5398d378368ea8a73c7a7a8371f8eb1bb167c399d7a940c180ee25b837518d58,VISIBLE,VALID_LABEL,VALID_BOX,1,587.0,171.0,26.0,25.0,600.0,183.5,25.5,1280,720,0,1
g400_rater_terra_03.txt,21,terra,3,21,60a890f483f3e81ae4881a61ae49d75453f18d4110d195574f13128a87148484,VISIBLE,VALID_LABEL,VALID_BOX,1,499.0,283.0,65.0,70.0,531.5,318.0,67.5,1280,720,0,1
g400_rater_terra_03.txt,22,terra,3,22,477084f791536a1781c93dc45d3bc2c4e0998cd646dc09304122c52dd0c93f20,ABSENT,VALID_LABEL,INVALID_GEOMETRY,0,,,,,,,,1280,720,0,1
g400_rater_terra_03.txt,23,terra,3,23,51255806ea975ae87838f777d2e92c97ec6be44363e37133fb083be55e53ec1e,VISIBLE,VALID_LABEL,VALID_BOX,1,191.0,179.0,18.0,18.0,200.0,188.0,18.0,1280,720,0,1
g400_rater_terra_03.txt,24,terra,3,24,30505822b4f9a678aa87f3debddc33873a7d85fc1e9c2057bc61bf0f3d4f8f7e,VISIBLE,VALID_LABEL,VALID_BOX,1,1067.0,194.0,22.0,20.0,1078.0,204.0,21.0,1280,720,0,1
g400_rater_terra_03.txt,25,terra,3,25,342db439be5087e0f97bb937297479d15d1b4bc8d3ebfa052bb7204b9d319d60,VISIBLE,VALID_LABEL,VALID_BOX,1,552.0,156.0,20.0,20.0,562.0,166.0,20.0,1280,720,0,1
g400_rater_terra_03.txt,26,terra,3,26,364673586ff647b95288b7b50e0b3677551dc4ad2743631d762152b7ea2ac610,VISIBLE,VALID_LABEL,VALID_BOX,1,854.0,182.0,17.0,17.0,862.5,190.5,17.0,1280,720,0,1
g400_rater_terra_03.txt,27,terra,3,27,696374ca92ec0580b25d58de20d255ad1863fec71f6278563bad5b772e81156d,ABSENT,VALID_LABEL,INVALID_GEOMETRY,0,,,,,,,,1280,720,0,1
g400_rater_terra_03.txt,28,terra,3,28,251228393c783d5ba6bd79674edcee42ebce3bd46c56031aa2414be2fbdf9aca,VISIBLE,VALID_LABEL,VALID_BOX,1,806.0,269.0,26.0,26.0,819.0,282.0,26.0,1280,720,0,1
g400_rater_terra_03.txt,29,terra,3,29,20e1896d8372257eff2b0707c8dfed42c6d566c8279638ab276d261d469d3840,VISIBLE,VALID_LABEL,VALID_BOX,1,520.0,55.0,17.0,17.0,528.5,63.5,17.0,1280,720,0,1
g400_rater_terra_03.txt,30,terra,3,30,27a074d54a0a7ed8d11d11ef1de81465e6f0d8864a1bd80a1b09199188c60823,UNKNOWN,VALID_LABEL,INVALID_GEOMETRY,0,,,,,,,,1920,1080,0,1
g400_rater_terra_04.txt,1,terra,4,1,8ac59600ce06f9890d83f39913c3a01f723e956d4d3b396624b2e388edf9c237,VISIBLE,VALID_LABEL,VALID_BOX,1,982.0,293.0,19.0,19.0,991.5,302.5,19.0,1280,720,0,1
g400_rater_terra_04.txt,2,terra,4,2,7a2124f313bd153d67baab648d57cd825edda95862d1d998a89370d5b2def1d4,UNKNOWN,VALID_LABEL,INVALID_GEOMETRY,0,,,,,,,,1920,1080,0,1
g400_rater_terra_04.txt,3,terra,4,3,50c31e5043ac6be84ef65c50a38663841f288548c01ad720e52fd1f012611da2,ABSENT,VALID_LABEL,INVALID_GEOMETRY,0,,,,,,,,1920,1080,0,1
g400_rater_terra_04.txt,4,terra,4,4,43ff8f9425693f07f5e2c2f5eaa82d7cc4ef8c93b71c4e09ded347e65b79523e,ABSENT,VALID_LABEL,INVALID_GEOMETRY,0,,,,,,,,1920,1080,0,1
g400_rater_terra_04.txt,5,terra,4,5,30828d37a3c5040ead5a313a3ab20921d23efd13c8edddf0716947763622faf5,ABSENT,VALID_LABEL,INVALID_GEOMETRY,0,,,,,,,,1920,1080,0,1
g400_rater_terra_04.txt,6,terra,4,6,683c859b88265acfc46931370397027c6b8b45bad9515a66cece7f96f284679a,VISIBLE,VALID_LABEL,VALID_BOX,1,1070.0,747.0,27.0,27.0,1083.5,760.5,27.0,1920,1080,0,1
g400_rater_terra_04.txt,7,terra,4,7,2e2085e5f4df9cc1179da59fb7b9fc6247ea70f1e7057a9c4acb6f56e17c12a4,UNKNOWN,VALID_LABEL,INVALID_GEOMETRY,0,,,,,,,,1920,1080,0,1
g400_rater_terra_04.txt,8,terra,4,8,7124a92f8172fee55ad8d3d50be7eba58e3fa7348719c30392b332aa33576208,ABSENT,VALID_LABEL,INVALID_GEOMETRY,0,,,,,,,,1920,1080,0,1
g400_rater_terra_04.txt,9,terra,4,9,90c223eb0b81addf97f7a836e1525c608a2ace7c4bc20d6024c0257a9c70fbfb,ABSENT,VALID_LABEL,INVALID_GEOMETRY,0,,,,,,,,1920,1080,0,1
g400_rater_terra_04.txt,10,terra,4,10,735620bdefa481de47922d0d5498c4c9e138bdda60b72609853c992c056ba19c,ABSENT,VALID_LABEL,INVALID_GEOMETRY,0,,,,,,,,1280,720,0,1
g400_rater_terra_04.txt,11,terra,4,11,34947548a21599bc515dd0e584588365412e98601094133a4cea85cde71cf54a,ABSENT,VALID_LABEL,INVALID_GEOMETRY,0,,,,,,,,1920,1080,0,1
g400_rater_terra_04.txt,12,terra,4,12,69ee42e73ab36d09c8e21ebd27dfbee20119710f63d946626da82183911ddbc3,ABSENT,VALID_LABEL,INVALID_GEOMETRY,0,,,,,,,,1280,720,0,1
g400_rater_terra_04.txt,13,terra,4,13,6122a3e8ee36a88b4dedfced5458e26fe5c938ab282cbec482d3816bb4c60137,VISIBLE,VALID_LABEL,VALID_BOX,1,1435.0,726.0,34.0,34.0,1452.0,743.0,34.0,1920,1080,0,1
g400_rater_terra_04.txt,14,terra,4,14,4645b74c25df4efd7fb8ddb07f0df515ed7268c61222911cef132e7f5c1d9179,VISIBLE,VALID_LABEL,VALID_BOX,1,1475.0,474.0,39.0,39.0,1494.5,493.5,39.0,1920,1080,0,1
g400_rater_terra_04.txt,15,terra,4,15,694f990b560c3ea542f2fb86fba9a0ca856072c53bf2be0db9b1f3afa54110fe,VISIBLE,VALID_LABEL,VALID_BOX,1,572.0,442.0,22.0,22.0,583.0,453.0,22.0,1280,720,0,1
g400_rater_terra_04.txt,16,terra,4,16,2342fa2f794fffb239128ba4e3f610975c24f28f6109ee10f22ddd445137b730,VISIBLE,VALID_LABEL,VALID_BOX,1,966.0,270.0,35.0,35.0,983.5,287.5,35.0,1920,1080,0,1
g400_rater_terra_04.txt,17,terra,4,17,54c6fdfc3a63d2a63c0ad9315d96da2d63c950c870ecfac5db5e6b9ac1a93846,ABSENT,VALID_LABEL,INVALID_GEOMETRY,0,,,,,,,,1920,1080,0,1
g400_rater_terra_04.txt,18,terra,4,18,479b06b30e23afdd1a50fd9e24d9125b4538451b46f2dd61067b7ab90efa42e8,VISIBLE,VALID_LABEL,VALID_BOX,1,368.0,471.0,36.0,36.0,386.0,489.0,36.0,1920,1080,0,1
g400_rater_terra_04.txt,19,terra,4,19,450de77d7691584de62e6cbadd9e133901526e45e7ec33d4e565a23fde6d565a,VISIBLE,VALID_LABEL,VALID_BOX,1,1194.0,503.0,36.0,36.0,1212.0,521.0,36.0,1920,1080,0,1
g400_rater_terra_04.txt,20,terra,4,20,7bdf4b8d722456565818e60bed1229da03dfa681b2c90ba38c7c77970510b5c6,ABSENT,VALID_LABEL,INVALID_GEOMETRY,0,,,,,,,,1280,720,0,1
g400_rater_terra_04.txt,21,terra,4,21,75b7df0dc19e6591ae5565817878c5e6d6f77dc51f28f1afe8d98c1161d6756b,VISIBLE,VALID_LABEL,VALID_BOX,1,758.0,215.0,20.0,20.0,768.0,225.0,20.0,1280,720,0,1
g400_rater_terra_04.txt,22,terra,4,22,54fc3dab005ceb55b056202fbdadf3571a1e11093bdb3d9e49b8180de52a3739,VISIBLE,VALID_LABEL,VALID_BOX,1,1004.0,203.0,21.0,21.0,1014.5,213.5,21.0,1280,720,0,1
g400_rater_terra_04.txt,23,terra,4,23,688b16a0eed8b43353b4719136bbe877bdf5e0402bae2e6d212fbc28c8efe7f4,VISIBLE,VALID_LABEL,VALID_BOX,1,680.0,360.0,20.0,20.0,690.0,370.0,20.0,1280,720,0,1
g400_rater_terra_04.txt,24,terra,4,24,42c97f45fc315f81754ea3d00fef6175971a6d51dd73414ebb3c7d89a7a2bba0,ABSENT,VALID_LABEL,INVALID_GEOMETRY,0,,,,,,,,1280,720,0,1
g400_rater_terra_04.txt,25,terra,4,25,4a1750769a6d81c19853fc506a091aa683c69a0c6265ef3c66d1d385debbcdb2,VISIBLE,VALID_LABEL,VALID_BOX,1,1010.0,272.0,20.0,20.0,1020.0,282.0,20.0,1280,720,0,1
g400_rater_terra_04.txt,26,terra,4,26,589cee1465466c71c6c367a6d8b1cf1c2a526dfbc8214c9e7e6f54b8dd49efc9,ABSENT,VALID_LABEL,INVALID_GEOMETRY,0,,,,,,,,1280,720,0,1
g400_rater_terra_04.txt,27,terra,4,27,821552787edc89400e99ded12330281db58db96a6cfd82ea0fed7b33bcc4a7c1,VISIBLE,VALID_LABEL,VALID_BOX,1,700.0,251.0,21.0,21.0,710.5,261.5,21.0,1280,720,0,1
g400_rater_terra_04.txt,28,terra,4,28,2f817c74f8463b628ed68f6f047b9035b6c61aa90f14c2342718530c31c25e3d,VISIBLE,VALID_LABEL,VALID_BOX,1,1126.0,0.0,154.0,180.0,1203.0,90.0,167.0,1280,720,0,1
g400_rater_terra_04.txt,29,terra,4,29,23126846d301b261a52282ccc987e78fae9aed7ebfac275d7ce7eab77f1e7a39,ABSENT,VALID_LABEL,INVALID_GEOMETRY,0,,,,,,,,1280,720,0,1
g400_rater_terra_04.txt,30,terra,4,30,5111d6d51460f7a73541ddc95d3c38af4db0c4ae692cb48ae2e84f27451916a3,VISIBLE,VALID_LABEL,VALID_BOX,1,1009.0,695.0,70.0,76.0,1044.0,733.0,73.0,1920,1080,0,1
g400_rater_terra_05.txt,1,terra,5,1,8c05207f2909a8411451ce2abe605e080b541a92e25137b251717d2b42dd25ec,VISIBLE,VALID_LABEL,VALID_BOX,1,709.0,15.0,96.0,88.0,757.0,59.0,92.0,1280,720,0,1
g400_rater_terra_05.txt,2,terra,5,2,977231941d6de5d0b2f6bee22ce1e2e77b3eb9fc6d7bf8611c69791635ef1447,ABSENT,VALID_LABEL,INVALID_GEOMETRY,0,,,,,,,,1920,1080,0,1
g400_rater_terra_05.txt,3,terra,5,3,64181b41b0d92136e0ed26602939bc310c4d36e44eb92dd9eb2f99e49fd1d2ce,ABSENT,VALID_LABEL,INVALID_GEOMETRY,0,,,,,,,,1920,1080,0,1
g400_rater_terra_05.txt,4,terra,5,4,567b6e021ad8849c0eaef2c9d4e9b050d5190a253a3af9de878ffcbda5d8e978,ABSENT,VALID_LABEL,INVALID_GEOMETRY,0,,,,,,,,1920,1080,0,1
g400_rater_terra_05.txt,5,terra,5,5,43a146721b4ecd958bbb7e9fbfea67880243a15d3bf275be49947c501fbf634b,VISIBLE,VALID_LABEL,VALID_BOX,1,1608.0,503.0,34.0,32.0,1625.0,519.0,33.0,1920,1080,0,1
g400_rater_terra_05.txt,6,terra,5,6,72bfedfa44db8108f13154a3966875664d5a4af585c9d32d027c3c9fd8319ec4,UNKNOWN,VALID_LABEL,INVALID_GEOMETRY,0,,,,,,,,1920,1080,0,1
g400_rater_terra_05.txt,7,terra,5,7,31a449b8825fb744a58879ac521d7b9f1e356ff01d412463a78ab0cd4daeda1d,UNKNOWN,VALID_LABEL,INVALID_GEOMETRY,0,,,,,,,,1920,1080,0,1
g400_rater_terra_05.txt,8,terra,5,8,72c0e7372c526c434cd8b1ceb0b1e9dcecc671920eb9f031d8c6b0251163a54d,ABSENT,VALID_LABEL,INVALID_GEOMETRY,0,,,,,,,,1920,1080,0,1
g400_rater_terra_05.txt,9,terra,5,9,9208fa951c5b4a3d1e269baa737531d61f030ad330091d3762d42bbc26455c78,ABSENT,VALID_LABEL,INVALID_GEOMETRY,0,,,,,,,,1920,1080,0,1
g400_rater_terra_05.txt,10,terra,5,10,7a8c0340cba125f383f1bee270d3f85a06d09c228e63fe26f8984e4d57fb946b,ABSENT,VALID_LABEL,INVALID_GEOMETRY,0,,,,,,,,1280,720,0,1
g400_rater_terra_05.txt,11,terra,5,11,393aa74f807ead7757e4ca6fd8cfaf1f9fa9022e27184e5ea9210a0375833c69,ABSENT,VALID_LABEL,INVALID_GEOMETRY,0,,,,,,,,1920,1080,0,1
g400_rater_terra_05.txt,12,terra,5,12,8ec0d6a276426c16dbb99bd2340501094adaac892d7de12e9622c1fc7876682f,VISIBLE,VALID_LABEL,VALID_BOX,1,785.0,299.0,18.0,19.0,794.0,308.5,18.5,1280,720,0,1
g400_rater_terra_05.txt,13,terra,5,13,7cec3dfa2e54e6557f8db43feb7b2a498ef41a451b349508779f73d5fc87f04d,ABSENT,VALID_LABEL,INVALID_GEOMETRY,0,,,,,,,,1920,1080,0,1
g400_rater_terra_05.txt,14,terra,5,14,4972a9bd15d5f5bbc74bd7666a49cea45871e73a1f405228e06005c755bb9921,VISIBLE,VALID_LABEL,VALID_BOX,1,285.0,499.0,35.0,35.0,302.5,516.5,35.0,1920,1080,0,1
g400_rater_terra_05.txt,15,terra,5,15,73b55b32aaa40695a8e629c18214512f5c22341c337623c999d5af28246ea59f,VISIBLE,VALID_LABEL,VALID_BOX,1,615.0,295.0,24.0,23.0,627.0,306.5,23.5,1280,720,0,1
g400_rater_terra_05.txt,16,terra,5,16,49f8dfaac04095659c2667b199f7aa0448ee5ff91c9a3daeea7a30ffd86a3346,VISIBLE,VALID_LABEL,VALID_BOX,1,1477.0,481.0,32.0,32.0,1493.0,497.0,32.0,1920,1080,0,1
g400_rater_terra_05.txt,17,terra,5,17,903236982fa10d60795643107e74347f5a32f7a2e12cfd28920a68513a387830,VISIBLE,VALID_LABEL,VALID_BOX,1,1540.0,808.0,40.0,43.0,1560.0,829.5,41.5,1920,1080,0,1
g400_rater_terra_05.txt,18,terra,5,18,5837a6fd032f299831f49b4d9259167c563e566f0e431339095667516049a4aa,VISIBLE,VALID_LABEL,VALID_BOX,1,260.0,295.0,18.0,18.0,269.0,304.0,18.0,1920,1080,0,1
g400_rater_terra_05.txt,19,terra,5,19,54f647e2516eddaf6c1a2954e6eade11816f582a864570f0706a22a3c7d88e83,VISIBLE,VALID_LABEL,VALID_BOX,1,1050.0,540.0,26.0,25.0,1063.0,552.5,25.5,1920,1080,0,1
g400_rater_terra_05.txt,20,terra,5,20,bf043c06df4d46a2c5fde16f0bb2694a16e8786373cc272a0a6eccaedc4f2099,VISIBLE,VALID_LABEL,VALID_BOX,1,268.0,281.0,25.0,22.0,280.5,292.0,23.5,1280,720,0,1
g400_rater_terra_05.txt,21,terra,5,21,8855654569c88f781daa6c949000f41c49776c1722943cc41701c4b1ca61a345,VISIBLE,VALID_LABEL,VALID_BOX,1,748.0,383.0,34.0,38.0,765.0,402.0,36.0,1280,720,0,1
g400_rater_terra_05.txt,22,terra,5,22,874d02c3744675742828a84b476558fbc48798a8c7440751923e0c9da4d4b6aa,ABSENT,VALID_LABEL,INVALID_GEOMETRY,0,,,,,,,,1280,720,0,1
g400_rater_terra_05.txt,23,terra,5,23,6b5723b2d2b7ece4017682dc43fce8d8ec7c0fd8418e74cc37aa3119b8653bc8,VISIBLE,VALID_LABEL,VALID_BOX,1,469.0,437.0,15.0,16.0,476.5,445.0,15.5,1280,720,0,1
g400_rater_terra_05.txt,24,terra,5,24,64388f71e3cc7b3429fcb24e8f089f880fdfd9c1f05c672fb19bfceb06047acc,VISIBLE,VALID_LABEL,VALID_BOX,1,404.0,276.0,27.0,29.0,417.5,290.5,28.0,1280,720,0,1
g400_rater_terra_05.txt,25,terra,5,25,76a161ada37815ef2c9e1c3d3f36d1f7ec1651052a0039a100e44d59e5dad558,VISIBLE,VALID_LABEL,VALID_BOX,1,737.0,60.0,42.0,42.0,758.0,81.0,42.0,1280,720,0,1
g400_rater_terra_05.txt,26,terra,5,26,5a2f330d84697bcce4cd8dbadf8144539c84a4d9946eaae7b5e9ed5144fdd3a5,VISIBLE,VALID_LABEL,VALID_BOX,1,502.0,231.0,17.0,18.0,510.5,240.0,17.5,1280,720,0,1
g400_rater_terra_05.txt,27,terra,5,27,82cec948f4729abc5df8507fd0f6d2312b681ba750547a9d873b56aefc0ed993,VISIBLE,VALID_LABEL,VALID_BOX,1,234.0,377.0,20.0,20.0,244.0,387.0,20.0,1280,720,0,1
g400_rater_terra_05.txt,28,terra,5,28,3734d91b275a7ae11088e8a4dd664b50d3190e66819a23149831b2bce9fb53f5,UNKNOWN,VALID_LABEL,INVALID_GEOMETRY,0,,,,,,,,1280,720,0,1
g400_rater_terra_05.txt,29,terra,5,29,2da3cf59323281dc36c8ac8298cbbc9be63134693707d56a9ff598eda4b2fc99,VISIBLE,VALID_LABEL,VALID_BOX,1,712.0,303.0,30.0,31.0,727.0,318.5,30.5,1280,720,0,1
g400_rater_terra_05.txt,30,terra,5,30,559d7f1ca444d5a732caec2fd5cc5fa02c76e56f9485be738988670d47269888,VISIBLE,VALID_LABEL,VALID_BOX,1,335.0,500.0,38.0,38.0,354.0,519.0,38.0,1920,1080,0,1
g400_rater_terra_06.txt,1,terra,6,1,8d2facc3514992b35e25a001869614c735c93f1392a6b39a8ebc5f62a8a38fa2,ABSENT,VALID_LABEL,INVALID_GEOMETRY,0,,,,,,,,1280,720,0,1
g400_rater_terra_06.txt,2,terra,6,2,ab164dd59b9ef79886dd6bc69676938a895e909e0261e20ccc9eccb2b1130986,VISIBLE,VALID_LABEL,VALID_BOX,1,1035.0,384.0,25.0,28.0,1047.5,398.0,26.5,1920,1080,0,1
g400_rater_terra_06.txt,3,terra,6,3,66c8e8fad5e69d65c665eeacb44830afece93425632fd7ffba119879125f0ea5,ABSENT,VALID_LABEL,INVALID_GEOMETRY,0,,,,,,,,1920,1080,0,1
g400_rater_terra_06.txt,4,terra,6,4,5b36027c4952db3c5c18f03a758d3aa543ea45c694abecc79e5d6a22f5477de4,ABSENT,VALID_LABEL,INVALID_GEOMETRY,0,,,,,,,,1920,1080,0,1
g400_rater_terra_06.txt,5,terra,6,5,6850627900848f4ac12eda764add442aa4a7edaa45e562ef866edb77cc684de4,ABSENT,VALID_LABEL,INVALID_GEOMETRY,0,,,,,,,,1920,1080,0,1
g400_rater_terra_06.txt,6,terra,6,6,89306c655150ba3c3f14e94e80df007734195782057506d76447fbd13d4826dd,ABSENT,VALID_LABEL,INVALID_GEOMETRY,0,,,,,,,,1920,1080,0,1
g400_rater_terra_06.txt,7,terra,6,7,4a32fd8786d221b2d409bb631fba5c0f452afc8aba18864816888b76c4cf59f2,ABSENT,VALID_LABEL,INVALID_GEOMETRY,0,,,,,,,,1920,1080,0,1
g400_rater_terra_06.txt,8,terra,6,8,7321b0c30573a5aa91462a54c70d68d30f046f2c77aa32d2646f433dabedcf37,VISIBLE,VALID_LABEL,VALID_BOX,1,1629.0,520.0,36.0,39.0,1647.0,539.5,37.5,1920,1080,0,1
g400_rater_terra_06.txt,9,terra,6,9,ad4808ec193e86e1e914a5656da68189f0451f3359da3a6dd641399eb5f43216,ABSENT,VALID_LABEL,INVALID_GEOMETRY,0,,,,,,,,1920,1080,0,1
g400_rater_terra_06.txt,10,terra,6,10,8078eb1d155a2642507c09420bc17dba5c0b1c7ed5ac7415f782113f64dc5625,ABSENT,VALID_LABEL,INVALID_GEOMETRY,0,,,,,,,,1280,720,0,1
g400_rater_terra_06.txt,11,terra,6,11,4b226efc45537f13f291e186964f1b01706b0dfd1eecb73ff2708299795967a7,VISIBLE,VALID_LABEL,VALID_BOX,1,634.0,664.0,30.0,31.0,649.0,679.5,30.5,1920,1080,0,1
g400_rater_terra_06.txt,12,terra,6,12,8fd1fd1fc29d433b41841a437975324d2e91d35e4dd7043bd3a64cbafe405392,ABSENT,VALID_LABEL,INVALID_GEOMETRY,0,,,,,,,,1280,720,0,1
g400_rater_terra_06.txt,13,terra,6,13,8a9ebab28a5cdafb4bad1acf44806d6a450ed20ec10968de026d79cc9de1baeb,ABSENT,VALID_LABEL,INVALID_GEOMETRY,0,,,,,,,,1920,1080,0,1
g400_rater_terra_06.txt,14,terra,6,14,6b0cea4ffea185382f5fd9c40ba4283cb4c3f4b2e2641108a2785b3be18325e0,VISIBLE,VALID_LABEL,VALID_BOX,1,1126.0,752.0,53.0,51.0,1152.5,777.5,52.0,1920,1080,0,1
g400_rater_terra_06.txt,15,terra,6,15,79ea5f1bf761d1ab152bd9f3b3a916c4b21efab0f2f7012ab8f1aec058f0e735,VISIBLE,VALID_LABEL,VALID_BOX,1,1172.0,218.0,29.0,30.0,1186.5,233.0,29.5,1280,720,0,1
g400_rater_terra_06.txt,16,terra,6,16,98d222836e3ed00a730f843e408c1f40728648b98d98df63968469fde49c4ba2,VISIBLE,VALID_LABEL,VALID_BOX,1,1336.0,448.0,38.0,40.0,1355.0,468.0,39.0,1920,1080,0,1
g400_rater_terra_06.txt,17,terra,6,17,ab2582564942b035c85bafbb63e074f785d9086829ecef9dfe42d7bbaa17b2e9,ABSENT,VALID_LABEL,INVALID_GEOMETRY,0,,,,,,,,1920,1080,0,1
g400_rater_terra_06.txt,18,terra,6,18,7855bda02771e5e982132861eb288a4ddbfcded8a02b0481a8f7fb587f261bb7,ABSENT,VALID_LABEL,INVALID_GEOMETRY,0,,,,,,,,1920,1080,0,1
g400_rater_terra_06.txt,19,terra,6,19,7ebff0bd660d0165b1de252141fa54985634ac516e6fc3f83847c87ea2afee7c,VISIBLE,VALID_LABEL,VALID_BOX,1,1290.0,373.0,33.0,36.0,1306.5,391.0,34.5,1920,1080,0,1
g400_rater_terra_06.txt,20,terra,6,20,d2307a2e373737524c4e2bc14aa5cae4a851674fe04b3d7a79d29b13b837e676,VISIBLE,VALID_LABEL,VALID_BOX,1,1020.0,238.0,25.0,28.0,1032.5,252.0,26.5,1280,720,0,1
g400_rater_terra_06.txt,21,terra,6,21,8af055f12a3726010be5fa6516743ae2591ba481b22c1d22bf7232f230eb30fb,ABSENT,VALID_LABEL,INVALID_GEOMETRY,0,,,,,,,,1280,720,0,1
g400_rater_terra_06.txt,22,terra,6,22,9218c9539299c0375ae605d5c6a6c4123cf8552d6825fa715685695bff68ae6f,ABSENT,VALID_LABEL,INVALID_GEOMETRY,0,,,,,,,,1280,720,0,1
g400_rater_terra_06.txt,23,terra,6,23,9b6493d5f61b10bb3a7bd0260b543ac3a64d900469be30a1b879d2ffd31de804,VISIBLE,VALID_LABEL,VALID_BOX,1,622.0,251.0,17.0,18.0,630.5,260.0,17.5,1280,720,0,1
g400_rater_terra_06.txt,24,terra,6,24,8b89257a9d092913287a9de1ff643d67734449ba9126e9f49afa7d90a6748d6d,VISIBLE,VALID_LABEL,VALID_BOX,1,640.0,277.0,32.0,33.0,656.0,293.5,32.5,1280,720,0,1
g400_rater_terra_06.txt,25,terra,6,25,822a5d65c1d994deb4511f9e01ce17991f7f33553aae48a3729bae1539a208d6,ABSENT,VALID_LABEL,INVALID_GEOMETRY,0,,,,,,,,1280,720,0,1
g400_rater_terra_06.txt,26,terra,6,26,64494c7ed65840920de3dc1407bf3087b8d8f4d4e2d8c9b11dcc7a54b879ec93,VISIBLE,VALID_LABEL,VALID_BOX,1,833.0,116.0,18.0,20.0,842.0,126.0,19.0,1280,720,0,1
g400_rater_terra_06.txt,27,terra,6,27,887f21c26908153a4896f86be828a201ada27fc13a565b0ba315b3ad1229e999,ABSENT,VALID_LABEL,INVALID_GEOMETRY,0,,,,,,,,1280,720,0,1
g400_rater_terra_06.txt,28,terra,6,28,402452c0bd4481abfd47680d03895cc399cb7556acb83ffd335c5c88d161dbb5,ABSENT,VALID_LABEL,INVALID_GEOMETRY,0,,,,,,,,1280,720,0,1
g400_rater_terra_06.txt,29,terra,6,29,5c1f941b461ab9d378b3b79a8639737d8d0c6f08d7f95f75c9ff7442a5bb6f4c,ABSENT,VALID_LABEL,INVALID_GEOMETRY,0,,,,,,,,1280,720,0,1
g400_rater_terra_06.txt,30,terra,6,30,770cf3fbcf91631b945b49c08496481c7a0c90cf861eb1a81d323767d09c3f2b,VISIBLE,VALID_LABEL,VALID_BOX,1,1720.0,235.0,36.0,43.0,1738.0,256.5,39.5,1920,1080,0,1
g400_rater_terra_07.txt,1,terra,7,1,af9ba0d4904bcc1dd1148649df08ee9e41ad23d764d92c043c53e418defe58fb,VISIBLE,VALID_LABEL,VALID_BOX,1,919.0,263.0,19.0,21.0,928.5,273.5,20.0,1280,720,0,1
g400_rater_terra_07.txt,2,terra,7,2,c6c10b4839482d79e27f5cf4837ed5f4eb45cff501681d936dcd7589e4206740,VISIBLE,VALID_LABEL,VALID_BOX,1,1273.0,504.0,22.0,25.0,1284.0,516.5,23.5,1920,1080,0,1
g400_rater_terra_07.txt,3,terra,7,3,769051cb48c0d476817cf74ac7c2b47ebd839eb928136470baf84e81c902507b,VISIBLE,VALID_LABEL,VALID_BOX,1,1073.0,315.0,31.0,37.0,1088.5,333.5,34.0,1920,1080,0,1
g400_rater_terra_07.txt,4,terra,7,4,5bd1478b59152518c935cce2314e27ba02759fcd64d3d3691d0217a9f3480a9f,VISIBLE,VALID_LABEL,VALID_BOX,1,1331.0,385.0,42.0,53.0,1352.0,411.5,47.5,1920,1080,0,1
g400_rater_terra_07.txt,5,terra,7,5,92352b7937f60fc803b3af393a8772bae6bcc37f5a22a84fda8454dec3feb718,VISIBLE,VALID_LABEL,VALID_BOX,1,1367.0,403.0,24.0,26.0,1379.0,416.0,25.0,1920,1080,0,1
g400_rater_terra_07.txt,6,terra,7,6,956546676b2a9023906c62ae253855a61d02c91bb5dd602d3a7eccde26b451f7,ABSENT,VALID_LABEL,INVALID_GEOMETRY,0,,,,,,,,1920,1080,0,1
g400_rater_terra_07.txt,7,terra,7,7,a8228b951ae2a615065fe4350b80bd2f82e2ce588feab46b0ff23e46d318e54b,UNKNOWN,VALID_LABEL,INVALID_GEOMETRY,0,,,,,,,,1920,1080,0,1
g400_rater_terra_07.txt,8,terra,7,8,d105e58017ea43baa8ce931932150fc2dde4f4c0472ee99f905d4a298ecbf3d9,ABSENT,VALID_LABEL,INVALID_GEOMETRY,0,,,,,,,,1920,1080,0,1
g400_rater_terra_07.txt,9,terra,7,9,cdd78a2279bae7055bfe4c19cb86bbd1756df77fbdc9136cd838166f6063b9fd,VISIBLE,VALID_LABEL,VALID_BOX,1,943.0,729.0,122.0,109.0,1004.0,783.5,115.5,1920,1080,0,1
g400_rater_terra_07.txt,10,terra,7,10,a9c0c368cc98a109a25650e95572b3a085ed6f94613cd1619e7d0f74b5cb69b6,VISIBLE,VALID_LABEL,VALID_BOX,1,701.0,389.0,24.0,25.0,713.0,401.5,24.5,1280,720,0,1
g400_rater_terra_07.txt,11,terra,7,11,89e29c813a22f59d407118761b4ec6ffe53613217094c9ca7221035b28f1cbc4,ABSENT,VALID_LABEL,INVALID_GEOMETRY,0,,,,,,,,1920,1080,0,1
g400_rater_terra_07.txt,12,terra,7,12,bf44d7e5ee034af6a246aeecac210467a6f500e54b5b0cd5dcee92b11d9aa1c3,ABSENT,VALID_LABEL,INVALID_GEOMETRY,0,,,,,,,,1280,720,0,1
g400_rater_terra_07.txt,13,terra,7,13,8d90a261a9d5faa03eb381cca35e3bac81c390a1e647bb6d5f704e43f178cd3a,VISIBLE,VALID_LABEL,VALID_BOX,1,547.0,578.0,40.0,41.0,567.0,598.5,40.5,1920,1080,0,1
g400_rater_terra_07.txt,14,terra,7,14,6e9308a8b9b6731f21e957ed37cbab802d4a29433b6e5c5ec8fc4e70f77f1193,UNKNOWN,VALID_LABEL,INVALID_GEOMETRY,0,,,,,,,,1920,1080,0,1
g400_rater_terra_07.txt,15,terra,7,15,9115fdc7cf7155d6e13c1d306c6c0df3d44ee31975c9e54a44a6f648f00ff599,VISIBLE,VALID_LABEL,VALID_BOX,1,553.0,291.0,28.0,28.0,567.0,305.0,28.0,1280,720,0,1
g400_rater_terra_07.txt,16,terra,7,16,c0e8d20f9b06370ba36d6b7fb71612d3c2971137fed7cd105a03ce5b0829749a,VISIBLE,VALID_LABEL,VALID_BOX,1,642.0,364.0,36.0,40.0,660.0,384.0,38.0,1920,1080,0,1
g400_rater_terra_07.txt,17,terra,7,17,c72b462fd2ce9b4e0e377d6398f7c39730a6272c44f03b7847df88960540926c,ABSENT,VALID_LABEL,INVALID_GEOMETRY,0,,,,,,,,1920,1080,0,1
g400_rater_terra_07.txt,18,terra,7,18,db75f17d879d1987eceaa2f0dbef558519858e253f69d359e61efa53a188261c,ABSENT,VALID_LABEL,INVALID_GEOMETRY,0,,,,,,,,1920,1080,0,1
g400_rater_terra_07.txt,19,terra,7,19,88d4cdde4d85e015fdc9d780454b1d3b7672bd926cbb13b642d8b419c2c80360,VISIBLE,VALID_LABEL,VALID_BOX,1,768.0,400.0,32.0,30.0,784.0,415.0,31.0,1920,1080,0,1
g400_rater_terra_07.txt,20,terra,7,20,e5bac25c6b674f3439ab2fcc54adb83cf197e167807eaa9696f6afb20f0effbe,VISIBLE,VALID_LABEL,VALID_BOX,1,510.0,209.0,27.0,25.0,523.5,221.5,26.0,1280,720,0,1
g400_rater_terra_07.txt,21,terra,7,21,96e5562dc38214af47488a859cb37572b4d86a48668c1687ed5d9f5b36071fc2,VISIBLE,VALID_LABEL,VALID_BOX,1,857.0,133.0,32.0,30.0,873.0,148.0,31.0,1280,720,0,1
g400_rater_terra_07.txt,22,terra,7,22,987578fec437e4ec7e02a60d895d54793d65f1af03534c4613340a13033fdda3,VISIBLE,VALID_LABEL,VALID_BOX,1,646.0,343.0,25.0,23.0,658.5,354.5,24.0,1280,720,0,1
g400_rater_terra_07.txt,23,terra,7,23,b2d2fa54ef1be8c0a9a37177625f255e1249b8ecc3486215128f97a376f23113,VISIBLE,VALID_LABEL,VALID_BOX,1,397.0,245.0,26.0,24.0,410.0,257.0,25.0,1280,720,0,1
g400_rater_terra_07.txt,24,terra,7,24,b4a0830926da6c21ef6e5682ae9eecfb67fff6b9237354247f23313d0e9d83c3,VISIBLE,VALID_LABEL,VALID_BOX,1,540.0,168.0,34.0,33.0,557.0,184.5,33.5,1280,720,0,1
g400_rater_terra_07.txt,25,terra,7,25,91103f3898ef49ebf2a0a9e173880a6d6c831c9255a8d493e82016abab1254df,UNKNOWN,VALID_LABEL,INVALID_GEOMETRY,0,,,,,,,,1280,720,0,1
g400_rater_terra_07.txt,26,terra,7,26,89e698b5946b10c5bad1793a9f03eaf9f9e532ac3964114cbfd10eccc199ad30,VISIBLE,VALID_LABEL,VALID_BOX,1,391.0,302.0,22.0,21.0,402.0,312.5,21.5,1280,720,0,1
g400_rater_terra_07.txt,27,terra,7,27,9736ef960c3923b11f5eddf9229b63e9da2df81cf41d43be3fbdfd864a47762f,VISIBLE,VALID_LABEL,VALID_BOX,1,991.0,346.0,21.0,20.0,1001.5,356.0,20.5,1280,720,0,1
g400_rater_terra_07.txt,28,terra,7,28,70536d53a8070ebc6e8b53f6f8437b8bef0845236dd94f69e87deb8e0e4407f1,VISIBLE,VALID_LABEL,VALID_BOX,1,744.0,260.0,47.0,45.0,767.5,282.5,46.0,1280,720,0,1
g400_rater_terra_07.txt,29,terra,7,29,7b2b0b4c5f589c1020f27d387b68274f936b53d5e3ae97a745eb0e3c4b4bad2b,VISIBLE,VALID_LABEL,VALID_BOX,1,405.0,319.0,22.0,21.0,416.0,329.5,21.5,1280,720,0,1
g400_rater_terra_07.txt,30,terra,7,30,b888ced10748dd34b7e68635607cdc46c37de826469c692ae874ccdfbc9c6252,ABSENT,VALID_LABEL,INVALID_GEOMETRY,0,,,,,,,,1920,1080,0,1
g400_rater_terra_08.txt,1,terra,8,1,b4fb0c7a85d1ca8e37f846ad086dc62021d96a46f99655f33afe2f130ed05704,VISIBLE,VALID_LABEL,VALID_BOX,1,878.0,391.0,12.0,12.0,884.0,397.0,12.0,1280,720,0,1
g400_rater_terra_08.txt,2,terra,8,2,d8629056e9638a29441c71a91a58ea558cb88f935b8bc2150b72b147200e1983,ABSENT,VALID_LABEL,INVALID_GEOMETRY,0,,,,,,,,1920,1080,0,1
g400_rater_terra_08.txt,3,terra,8,3,8f5b799826b1af43c73259c66942dcb3562bdad380a2af294b3861b1dff48894,ABSENT,VALID_LABEL,INVALID_GEOMETRY,0,,,,,,,,1920,1080,0,1
g400_rater_terra_08.txt,4,terra,8,4,834cd6e0c957008cca910b1e6fb234221d85933b92adc2ed7e6f478647fa4a73,ABSENT,VALID_LABEL,INVALID_GEOMETRY,0,,,,,,,,1920,1080,0,1
g400_rater_terra_08.txt,5,terra,8,5,bb955ba7fdb7c5a86ea30ff23dd5a6243f00f62a1f18fcb589e893f1654bdcbf,ABSENT,VALID_LABEL,INVALID_GEOMETRY,0,,,,,,,,1920,1080,0,1
g400_rater_terra_08.txt,6,terra,8,6,a0cc8eb15237ac276e044b18607e4425949f09042a21da33b7f9fb0034eaa387,VISIBLE,VALID_LABEL,VALID_BOX,1,705.0,783.0,29.0,27.0,719.5,796.5,28.0,1920,1080,0,1
g400_rater_terra_08.txt,7,terra,8,7,ab35de10b6e44749d716dc432d09b1c24fd2de1025d84eaa84c1367c550a9cce,UNKNOWN,VALID_LABEL,INVALID_GEOMETRY,0,,,,,,,,1920,1080,0,1
g400_rater_terra_08.txt,8,terra,8,8,d91cb0203845e3fb4ad94a272a3f5c891ea62c6724fea03f15f22108271cd350,ABSENT,VALID_LABEL,INVALID_GEOMETRY,0,,,,,,,,1920,1080,0,1
g400_rater_terra_08.txt,9,terra,8,9,dd17d4d9a296f4d60382c257185ee5b6ab08e464533aefceca3c010ab26b5166,VISIBLE,VALID_LABEL,VALID_BOX,1,711.0,703.0,27.0,26.0,724.5,716.0,26.5,1920,1080,0,1
g400_rater_terra_08.txt,10,terra,8,10,c7a6bb2ed8d17d9e8d4ec5004040a68ff02f97c0a4035ec167aa76d35b00bb0d,VISIBLE,VALID_LABEL,VALID_BOX,1,360.0,157.0,20.0,19.0,370.0,166.5,19.5,1280,720,0,1
g400_rater_terra_08.txt,11,terra,8,11,e07bced368e91096aaabda66fe35fb121df5f3f8632a6756ed8f33960d6c8ce5,ABSENT,VALID_LABEL,INVALID_GEOMETRY,0,,,,,,,,1920,1080,0,1
g400_rater_terra_08.txt,12,terra,8,12,c2f9d417e06e508c42ffac0fd95c71ff38c8503c3a9b9a9515972e86d5d90a71,VISIBLE,VALID_LABEL,VALID_BOX,1,1018.0,85.0,18.0,18.0,1027.0,94.0,18.0,1280,720,0,1
g400_rater_terra_08.txt,13,terra,8,13,bfa1f974e6884a2272879d9f916b1e5821e0833121e840452255ea4e9b47e9d0,VISIBLE,VALID_LABEL,VALID_BOX,1,1353.0,562.0,27.0,27.0,1366.5,575.5,27.0,1920,1080,0,1
g400_rater_terra_08.txt,14,terra,8,14,798a52755cc8303c1b19c9ee506a3ac52e9f8ad42170fd48c0d008548df2e009,UNKNOWN,VALID_LABEL,INVALID_GEOMETRY,0,,,,,,,,1920,1080,0,1
g400_rater_terra_08.txt,15,terra,8,15,b87836a7c968c40018d4b263afe1c31534feee41cfa58541dca9da290a57fc48,VISIBLE,VALID_LABEL,VALID_BOX,1,866.0,684.0,27.0,25.0,879.5,696.5,26.0,1280,720,0,1
g400_rater_terra_08.txt,16,terra,8,16,c94f62399af9cbb77764c057531584ae88261a0fb2461c4c0827aa71793b86c2,ABSENT,VALID_LABEL,INVALID_GEOMETRY,0,,,,,,,,1920,1080,0,1
g400_rater_terra_08.txt,17,terra,8,17,f482ae1581a0bd45308fd53f832988a3f2b8c10fde40b101d30f31f42e4811ab,VISIBLE,VALID_LABEL,VALID_BOX,1,950.0,633.0,28.0,30.0,964.0,648.0,29.0,1920,1080,0,1
g400_rater_terra_08.txt,18,terra,8,18,e5d4e960192d4d220d3201eb07ef72f6c2b88aec432bc47a3923739132190b78,VISIBLE,VALID_LABEL,VALID_BOX,1,792.0,412.0,24.0,24.0,804.0,424.0,24.0,1920,1080,0,1
g400_rater_terra_08.txt,19,terra,8,19,94323b993bded6cf19708d96caabb2802960831e86b19bb6be14c655aa8448a1,VISIBLE,VALID_LABEL,VALID_BOX,1,1242.0,449.0,24.0,23.0,1254.0,460.5,23.5,1920,1080,0,1
g400_rater_terra_08.txt,20,terra,8,20,ead9fcb9d393d99c39b0b526d8802f4aa4043baf0e01da2650e171625ae12b64,VISIBLE,VALID_LABEL,VALID_BOX,1,1126.0,251.0,28.0,28.0,1140.0,265.0,28.0,1280,720,0,1
g400_rater_terra_08.txt,21,terra,8,21,b0133ec0784645c717de53a6bf22de51b25ab934118fd5dfce5a71710ad35153,ABSENT,VALID_LABEL,INVALID_GEOMETRY,0,,,,,,,,1280,720,0,1
g400_rater_terra_08.txt,22,terra,8,22,c503a875eb67749fe3cbf4103724947c5d90e86ca80ebb8eabc9378c254b5fb6,ABSENT,VALID_LABEL,INVALID_GEOMETRY,0,,,,,,,,1280,720,0,1
g400_rater_terra_08.txt,23,terra,8,23,b81cbcfb53a9856d9f49ae1a8f17073b5699f322669d492ab3e2b27464023a10,VISIBLE,VALID_LABEL,VALID_BOX,1,325.0,277.0,20.0,20.0,335.0,287.0,20.0,1280,720,0,1
g400_rater_terra_08.txt,24,terra,8,24,b4c21db951a7c24f82d2cdfbc70fe66256b2d4c003b9c132629d16a06c94873f,VISIBLE,VALID_LABEL,VALID_BOX,1,797.0,315.0,22.0,22.0,808.0,326.0,22.0,1280,720,0,1
g400_rater_terra_08.txt,25,terra,8,25,9c42154fa44c94192549601fd980f71726081adfebcf787b031f73e779baa85b,VISIBLE,VALID_LABEL,VALID_BOX,1,565.0,267.0,22.0,22.0,576.0,278.0,22.0,1280,720,0,1
g400_rater_terra_08.txt,26,terra,8,26,9c7cc8531a93c05e5ca7c5e969dbcedc53c1c4a8417b5763225d2716f382c078,VISIBLE,VALID_LABEL,VALID_BOX,1,993.0,315.0,23.0,23.0,1004.5,326.5,23.0,1280,720,0,1
g400_rater_terra_08.txt,27,terra,8,27,b5281f2aae8f83eee50a0fe9905c1dedd3a479a1d2937e1a6c937611ff042ac5,ABSENT,VALID_LABEL,INVALID_GEOMETRY,0,,,,,,,,1280,720,0,1
g400_rater_terra_08.txt,28,terra,8,28,afc32e4ed66499a00d4591dab2719a8a279a1ffd16638ce9a9f151b33a1bb3d6,VISIBLE,VALID_LABEL,VALID_BOX,1,648.0,488.0,22.0,22.0,659.0,499.0,22.0,1280,720,0,1
g400_rater_terra_08.txt,29,terra,8,29,92ea689eb22dc1bf3641ffce8b8035748ccfe8acaf00a7c0c69d5e88f105bd87,UNKNOWN,VALID_LABEL,INVALID_GEOMETRY,0,,,,,,,,1280,720,0,1
g400_rater_terra_08.txt,30,terra,8,30,ba4aa208e59bd1509d8df869245e45774e0707c40b4c93f6e3417a11584bb231,UNKNOWN,VALID_LABEL,INVALID_GEOMETRY,0,,,,,,,,1920,1080,0,1
g400_rater_terra_09.txt,1,terra,9,1,dd37c9f83d7891a038a9783ad7abac5067481791eb6958814bdbf82b41a7d73b,ABSENT,VALID_LABEL,INVALID_GEOMETRY,0,,,,,,,,1280,720,0,1
g400_rater_terra_09.txt,2,terra,9,2,e6f95762c19e188b05f671d87406655ccc1f9131ab74abf8d72fd1c2ccf83d12,VISIBLE,VALID_LABEL,VALID_BOX,1,949.0,420.0,47.0,47.0,972.5,443.5,47.0,1920,1080,0,1
g400_rater_terra_09.txt,3,terra,9,3,a3dccc0354dd8381a40e138ff448841251bb87776330eb5f78a423405c4edf2e,ABSENT,VALID_LABEL,INVALID_GEOMETRY,0,,,,,,,,1920,1080,0,1
g400_rater_terra_09.txt,4,terra,9,4,c60c40eb38435a5c94548f7a934d09a04dde5d600b3356c401e1ff8f920d7194,ABSENT,VALID_LABEL,INVALID_GEOMETRY,0,,,,,,,,1920,1080,0,1
g400_rater_terra_09.txt,5,terra,9,5,d5885b0b8e280348330bd3d09023256c9b830cca4d3bd36352830051ec3869a2,VISIBLE,VALID_LABEL,VALID_BOX,1,808.0,368.0,113.0,139.0,864.5,437.5,126.0,1920,1080,0,1
g400_rater_terra_09.txt,6,terra,9,6,fc2124bb50bcaffb234a62378eac7620582eaa06696f2074a05fd18f2d701b04,VISIBLE,VALID_LABEL,VALID_BOX,1,385.0,252.0,91.0,82.0,430.5,293.0,86.5,1920,1080,0,1
g400_rater_terra_09.txt,7,terra,9,7,b97481a69bac1dab1695e107f5252ae1e24926f47df4a229c70f84aa334ec1a8,VISIBLE,VALID_LABEL,VALID_BOX,1,1263.0,528.0,31.0,29.0,1278.5,542.5,30.0,1920,1080,0,1
g400_rater_terra_09.txt,8,terra,9,8,dead011436c83307c6b9ee6acf8aca58221adfc637dbd0315d7c1ec69668916e,ABSENT,VALID_LABEL,INVALID_GEOMETRY,0,,,,,,,,1920,1080,0,1
g400_rater_terra_09.txt,9,terra,9,9,f0df9d6bbe8543c8f6774ea49f1597cf5ae28f50d8b8f9a9f64a4a50862dcd21,UNKNOWN,VALID_LABEL,INVALID_GEOMETRY,0,,,,,,,,1920,1080,0,1
g400_rater_terra_09.txt,10,terra,9,10,db24023be2218c385cb3936e44d28a213a41b2dca772338343a7466b4a38ca54,ABSENT,VALID_LABEL,INVALID_GEOMETRY,0,,,,,,,,1280,720,0,1
g400_rater_terra_09.txt,11,terra,9,11,e1f5559e9ee2c99f65ad398c5ad9bc0d0351b92a62604aba1f8a14abd2d1a5f8,ABSENT,VALID_LABEL,INVALID_GEOMETRY,0,,,,,,,,1920,1080,0,1
g400_rater_terra_09.txt,12,terra,9,12,c6ff0e4ce91a97bf5bf9a232be5c82296319eaafc03e395b23bf2dc0529fa0f6,UNKNOWN,VALID_LABEL,INVALID_GEOMETRY,0,,,,,,,,1280,720,0,1
g400_rater_terra_09.txt,13,terra,9,13,c405748c24a2b1e96118dbfdefbfcb317cef9a3109b704e497b3e13c3efdb772,VISIBLE,VALID_LABEL,VALID_BOX,1,1267.0,253.0,43.0,44.0,1288.5,275.0,43.5,1920,1080,0,1
g400_rater_terra_09.txt,14,terra,9,14,ea76ef78abc9f1d1e826594b21fd9e499049aae104042dc8e2f5ae4252fb0aba,VISIBLE,VALID_LABEL,VALID_BOX,1,997.0,987.0,90.0,93.0,1042.0,1033.5,91.5,1920,1080,0,1
g400_rater_terra_09.txt,15,terra,9,15,d3d99d58b6a23b5fc7e5bdbb77a07d950b6455ee9177a78a7566e6e44a5fcb98,VISIBLE,VALID_LABEL,VALID_BOX,1,341.0,113.0,28.0,32.0,355.0,129.0,30.0,1280,720,0,1
g400_rater_terra_09.txt,16,terra,9,16,d8849a787681c0e30704e3c86d65e7048e3748ec252bc37819c6ef4b13aacb3d,VISIBLE,VALID_LABEL,VALID_BOX,1,1273.0,221.0,32.0,31.0,1289.0,236.5,31.5,1920,1080,0,1
g400_rater_terra_09.txt,17,terra,9,17,f7f4de9d69af5193df8dab5381df1c9cea9149dbbc53de68dc1f8d98236f2096,ABSENT,VALID_LABEL,INVALID_GEOMETRY,0,,,,,,,,1920,1080,0,1
g400_rater_terra_09.txt,18,terra,9,18,e769140d0484d4e5fdadeeee7355ad86b2c8b7c492a52ecf529451583d8dae7b,ABSENT,VALID_LABEL,INVALID_GEOMETRY,0,,,,,,,,1920,1080,0,1
g400_rater_terra_09.txt,19,terra,9,19,c527a7184059e94274015bca4180ac881cb2f64bc0f6d21f8375ca156eca4929,ABSENT,VALID_LABEL,INVALID_GEOMETRY,0,,,,,,,,1920,1080,0,1
g400_rater_terra_09.txt,20,terra,9,20,ed4ec7cdb8a15d08596ca60d59afc97c03af91a91b4bacc86d91b50694e2d3d6,VISIBLE,VALID_LABEL,VALID_BOX,1,123.0,383.0,26.0,25.0,136.0,395.5,25.5,1280,720,0,1
g400_rater_terra_09.txt,21,terra,9,21,edaa9b592debfefa422e9ef9b179fb3e1321585457909ab448722b7f2e0012e0,VISIBLE,VALID_LABEL,VALID_BOX,1,47.0,331.0,22.0,23.0,58.0,342.5,22.5,1280,720,0,1
g400_rater_terra_09.txt,22,terra,9,22,d6885538f7310ec31523317a5463c10d44005a8f759d42f07c444a792fffb843,VISIBLE,VALID_LABEL,VALID_BOX,1,235.0,507.0,29.0,26.0,249.5,520.0,27.5,1280,720,0,1
g400_rater_terra_09.txt,23,terra,9,23,cc5e55c6dfe6d62f5386428c542164084244a1a3643ce900fba400279658ce08,ABSENT,VALID_LABEL,INVALID_GEOMETRY,0,,,,,,,,1280,720,0,1
g400_rater_terra_09.txt,24,terra,9,24,dcec02ac537283763ab0d796a9401535cc40a3b7c199c4cc00ab03702b4121c9,UNKNOWN,VALID_LABEL,INVALID_GEOMETRY,0,,,,,,,,1280,720,0,1
g400_rater_terra_09.txt,25,terra,9,25,a5f4c120dcd3648ea271df9bd7579d60eb45ce3d7106d935d10a7d33c24ca81d,VISIBLE,VALID_LABEL,VALID_BOX,1,380.0,210.0,30.0,32.0,395.0,226.0,31.0,1280,720,0,1
g400_rater_terra_09.txt,26,terra,9,26,c1ee5aad7436feee21a0718c0c3754f6107d5b4b310840a8f6451a5e25854816,VISIBLE,VALID_LABEL,VALID_BOX,1,413.0,177.0,20.0,20.0,423.0,187.0,20.0,1280,720,0,1
g400_rater_terra_09.txt,27,terra,9,27,d1ac37761905262966fc5502cbf8c94da5c522ec47f13c45d3b45211424a0b1f,ABSENT,VALID_LABEL,INVALID_GEOMETRY,0,,,,,,,,1280,720,0,1
g400_rater_terra_09.txt,28,terra,9,28,b5a9dcc2e063512c527695be0a46eea30067c282db5afbf11b190aacb3b2e484,ABSENT,VALID_LABEL,INVALID_GEOMETRY,0,,,,,,,,1280,720,0,1
g400_rater_terra_09.txt,29,terra,9,29,d11b27ae54298c06cb64941c92e5ae8a7f384e4a7bad3d21626b9998db2d01be,VISIBLE,VALID_LABEL,VALID_BOX,1,531.0,531.0,120.0,120.0,591.0,591.0,120.0,1280,720,0,1
g400_rater_terra_09.txt,30,terra,9,30,d8103b8dab155f40ca7446588675e0252e5a73238d25b3a64fea21f828d7a647,ABSENT,VALID_LABEL,INVALID_GEOMETRY,0,,,,,,,,1920,1080,0,1
g400_rater_terra_10.txt,1,terra,10,1,df0cc7a481e6ae1839a91b1c6660d62004553750f526fe49ba39dddb7196fbc0,VISIBLE,VALID_LABEL,VALID_BOX,1,184.0,365.0,18.0,18.0,193.0,374.0,18.0,1280,720,0,1
g400_rater_terra_10.txt,2,terra,10,2,fa451cd89365cdfd8dd3fa76c76560df1817889c1f693901db719a7d30043c3f,VISIBLE,VALID_LABEL,VALID_BOX,1,805.0,766.0,43.0,45.0,826.5,788.5,44.0,1920,1080,0,1
g400_rater_terra_10.txt,3,terra,10,3,a8cd18ebac6ee0ead05bb37f311e4aa3a59651afdb7d50be0e2037341e030846,VISIBLE,VALID_LABEL,VALID_BOX,1,1874.0,548.0,46.0,57.0,1897.0,576.5,51.5,1920,1080,0,1
g400_rater_terra_10.txt,4,terra,10,4,dadf3658d9418133ade41215f9f987c6e01385e6b871d6a4fce613fc2c6b57d0,VISIBLE,VALID_LABEL,VALID_BOX,1,1100.0,247.0,79.0,79.0,1139.5,286.5,79.0,1920,1080,0,1
g400_rater_terra_10.txt,5,terra,10,5,f0391adc8c91b54048ddb863d9b0f86ab9f548cfeed8d25680cbd837f4c32075,ABSENT,VALID_LABEL,INVALID_GEOMETRY,0,,,,,,,,1920,1080,0,1
g400_rater_terra_10.txt,6,terra,10,6,ff21b7948ffae5ff09ab07caba6d82170a99af0795313ecebad7bc8ae850c70b,VISIBLE,VALID_LABEL,VALID_BOX,1,1146.0,806.0,38.0,40.0,1165.0,826.0,39.0,1920,1080,0,1
g400_rater_terra_10.txt,7,terra,10,7,db52cdc05e95311dd4b5d89a033794230eebba127ac5fe218796b8a9a9c4d9e6,ABSENT,VALID_LABEL,INVALID_GEOMETRY,0,,,,,,,,1920,1080,0,1
g400_rater_terra_10.txt,8,terra,10,8,e03efbe6e55ce176e99e24aedf239b3c9392d2f232b498ede434ecaa9ba0b248,VISIBLE,VALID_LABEL,VALID_BOX,1,1235.0,592.0,34.0,35.0,1252.0,609.5,34.5,1920,1080,0,1
g400_rater_terra_10.txt,9,terra,10,9,fcebeede233d160727cc570e604b575509aaebe0dd0783e3c2d62466384d6717,ABSENT,VALID_LABEL,INVALID_GEOMETRY,0,,,,,,,,1920,1080,0,1
g400_rater_terra_10.txt,10,terra,10,10,ef9873e1cee2ae9a2ae3e898f7cb433e4a0e541bcdb687ee796915a94ad2604b,ABSENT,VALID_LABEL,INVALID_GEOMETRY,0,,,,,,,,1280,720,0,1
g400_rater_terra_10.txt,11,terra,10,11,edfc3a27039a5002f3ab21a8aaae20025eb98cf78476e79bec7c6de107293101,ABSENT,VALID_LABEL,INVALID_GEOMETRY,0,,,,,,,,1920,1080,0,1
g400_rater_terra_10.txt,12,terra,10,12,e3896f3c0e1563967bcde6c23cd26a5473a6e32950613265cb7ed6eb21874618,VISIBLE,VALID_LABEL,VALID_BOX,1,676.0,92.0,19.0,19.0,685.5,101.5,19.0,1280,720,0,1
g400_rater_terra_10.txt,13,terra,10,13,d600a381c231e8abbc43c9713eee8df2959255607fd5944f5dc4e50d0e4df307,VISIBLE,VALID_LABEL,VALID_BOX,1,1114.0,426.0,25.0,25.0,1126.5,438.5,25.0,1920,1080,0,1
g400_rater_terra_10.txt,14,terra,10,14,f682333a81745848e8be6aa4d5bd2886ff825cec4bfc939e7005113230f501d3,UNKNOWN,VALID_LABEL,INVALID_GEOMETRY,0,,,,,,,,1920,1080,0,1
g400_rater_terra_10.txt,15,terra,10,15,de7e7b528ee8b793385dfd06ca78d5a7d68e010c81c5e84ad5c167c4f4def996,ABSENT,VALID_LABEL,INVALID_GEOMETRY,0,,,,,,,,1280,720,0,1
g400_rater_terra_10.txt,16,terra,10,16,e6c889f526905e048d82383b9e8fa6654c2fe20a5248073c02f43d8215ef486f,ABSENT,VALID_LABEL,INVALID_GEOMETRY,0,,,,,,,,1920,1080,0,1
g400_rater_terra_10.txt,17,terra,10,17,fab772b26227589016ef5d6090e3c743bc65440a35c9a2ed7fb08154c59e12c5,VISIBLE,VALID_LABEL,VALID_BOX,1,1834.0,671.0,56.0,57.0,1862.0,699.5,56.5,1920,1080,0,1
g400_rater_terra_10.txt,18,terra,10,18,eff19a93ae5a22527c757ad24df37f066273a207f6df4d64749c745a911d8f8a,VISIBLE,VALID_LABEL,VALID_BOX,1,1407.0,345.0,33.0,34.0,1423.5,362.0,33.5,1920,1080,0,1
g400_rater_terra_10.txt,19,terra,10,19,e249950350086fb8d538598e25a0db3d64f3150a4e6fda87a4c6024d6b14ecdd,ABSENT,VALID_LABEL,INVALID_GEOMETRY,0,,,,,,,,1920,1080,0,1
g400_rater_terra_10.txt,20,terra,10,20,f9fa8d526a3f50b8eb322687422db0b9d529296ebbb4702485cf8d686fbf879a,ABSENT,VALID_LABEL,INVALID_GEOMETRY,0,,,,,,,,1280,720,0,1
g400_rater_terra_10.txt,21,terra,10,21,f57e29ea9b74e099a96e93f0767d9f1033c0b6be920ec06a87f964fa560273f9,VISIBLE,VALID_LABEL,VALID_BOX,1,923.0,307.0,37.0,38.0,941.5,326.0,37.5,1280,720,0,1
g400_rater_terra_10.txt,22,terra,10,22,e795691d00a2f8fd92f297822571e467879970a80a72a822015ce8f4b8d21fae,VISIBLE,VALID_LABEL,VALID_BOX,1,627.0,314.0,22.0,23.0,638.0,325.5,22.5,1280,720,0,1
g400_rater_terra_10.txt,23,terra,10,23,d74e44843a1e829e95d6b0bc8b15f1fb8802be6347a8ed966d4852bba4c4223a,VISIBLE,VALID_LABEL,VALID_BOX,1,1170.0,332.0,13.0,14.0,1176.5,339.0,13.5,1280,720,0,1
g400_rater_terra_10.txt,24,terra,10,24,ececbab9ec299bb4a4d1db4a6083584ae068b9e93198812442062db514a1dbc0,VISIBLE,VALID_LABEL,VALID_BOX,1,997.0,253.0,20.0,21.0,1007.0,263.5,20.5,1280,720,0,1
g400_rater_terra_10.txt,25,terra,10,25,d6c09fdfc10f628c9ea82f73a7859c65c367c777ba0b9a8376e72873ba0609cd,VISIBLE,VALID_LABEL,VALID_BOX,1,468.0,321.0,24.0,25.0,480.0,333.5,24.5,1280,720,0,1
g400_rater_terra_10.txt,26,terra,10,26,e91eb80e92a5fc61ad92193ccc959e7b7e0bbfd022b84b4b46d9820e39ed8e8b,VISIBLE,VALID_LABEL,VALID_BOX,1,654.0,258.0,31.0,31.0,669.5,273.5,31.0,1280,720,0,1
g400_rater_terra_10.txt,27,terra,10,27,dfa1d06ff17189ab63515da917c88feeb924ff8b8a7ed77be3664bce3b03ac41,ABSENT,VALID_LABEL,INVALID_GEOMETRY,0,,,,,,,,1280,720,0,1
g400_rater_terra_10.txt,28,terra,10,28,f700a392832b9ca46fa4bfc4cbc33110475609f09c6693d1fe848577b24d9f1a,ABSENT,VALID_LABEL,INVALID_GEOMETRY,0,,,,,,,,1280,720,0,1
g400_rater_terra_10.txt,29,terra,10,29,e6384984a6cbf1067b8749ef3d0c1e1e21b9c43ff08bc7aaf099df9ed3591563,VISIBLE,VALID_LABEL,VALID_BOX,1,479.0,311.0,48.0,47.0,503.0,334.5,47.5,1280,720,0,1
g400_rater_terra_10.txt,30,terra,10,30,e2f13458a4da189c4f35e5921064dac9d5d5b2dabb0b97f3478be899c1283237,ABSENT,VALID_LABEL,INVALID_GEOMETRY,0,,,,,,,,1920,1080,0,1
