source_frame,foot_x_px,foot_y_px
19599,1137.0,863.25
19599,382.875,793.5
19599,1351.5,752.25
19599,942.0,556.125
19599,1559.625,615.75
19599,769.5,867.0
19599,630.75,868.5
19599,915.0,789.75
19599,1674.0,481.5
19602,1363.5,756.0
19602,1140.0,861.75
19602,374.25,807.0
19602,909.0,794.25
19602,771.75,863.25
19602,631.125,868.5
19602,1563.0,616.5
19602,924.0,555.0
19602,1674.0,485.25
19605,1369.5,757.5
19605,1143.0,862.5
19605,912.0,579.0
19605,363.375,813.0
19605,905.25,804.0
19605,632.25,868.5
19605,774.1875,867.0
19605,1559.625,622.875
19605,1674.0,486.0
19608,1143.0,861.75
19608,1382.25,758.25
19608,364.5,816.75
19608,894.0,555.0
19608,632.25,868.5
19608,773.25,867.0
19608,904.5,805.5
19608,1566.0,620.25
19608,897.0,804.75
19608,1671.0,483.375
19608,1558.5,624.0
19611,1140.75,864.0
19611,1403.25,757.5
19611,363.0,840.75
19611,879.0,555.75
19611,769.5,867.0
19611,632.25,868.5
19611,903.0,806.25
19611,1556.625,623.25
19611,655.875,597.75
19611,1669.5,483.0
19611,895.5,804.0
19614,1137.0,864.75
19614,1417.5,767.25
19614,891.0,804.0
19614,864.0,575.25
19614,360.75,844.5
19614,632.25,868.5
19614,766.5,867.75
19614,1555.5,624.75
19614,1669.5,483.375
19617,1432.5,759.75
19617,1132.5,864.0
19617,886.5,801.0
19617,374.625,849.0
19617,633.0,868.5
19617,762.75,866.25
19617,847.5,559.875
19617,1551.0,624.0
19617,1668.0,483.0
19620,1123.5,862.5
19620,1443.0,774.0
19620,381.375,857.25
19620,634.125,868.5
19620,878.25,802.5
19620,1551.0,616.875
19620,838.5,555.375
19620,760.125,868.5
19620,1669.5,482.25
19623,1122.0,863.25
19623,1447.5,775.5
19623,381.9375,863.25
19623,634.125,867.75
19623,1549.5,622.875
19623,873.75,801.75
19623,835.5,554.25
19623,759.75,834.0
19623,1666.5,483.0
19626,1120.5,865.5
19626,1456.5,776.25
19626,872.25,802.5
19626,1549.5,621.75
19626,633.75,868.5
19626,384.375,881.25
19626,829.5,560.25
19626,1665.0,483.0
19626,828.0,552.0
19629,1119.0,865.5
19629,873.0,802.5
19629,1474.5,774.0
19629,633.75,867.75
19629,388.875,878.25
19629,1551.375,624.0
19629,828.0,555.0
19629,768.75,865.5
19632,1119.75,865.5
19632,873.75,801.75
19632,634.5,868.5
19632,776.8125,865.5
19632,828.0,556.875
19632,1488.0,775.5
19632,402.0,921.0
19632,678.75,633.0
19635,1126.5,865.5
19635,873.0,803.25
19635,1514.25,780.0
19635,423.09375,924.0
19635,630.0,867.0
19635,785.25,867.0
19635,827.25,556.5
19638,1130.25,865.5
19638,1515.0,782.25
19638,615.0,869.25
19638,873.75,803.25
19638,453.0,926.25
19638,828.0,563.25
19638,795.0,864.0
19638,1671.0,482.25
19641,1134.0,865.5
19641,1527.75,780.75
19641,616.125,867.0
19641,874.5,803.25
19641,476.25,927.75
19641,810.0,864.0
19641,831.75,567.0
19641,1662.0,480.75
19644,1141.5,866.25
19644,1550.625,783.0
19644,634.5,864.75
19644,832.5,553.875
19644,875.25,810.0
19644,495.375,907.5
19644,816.0,864.75
19644,1662.0,480.0
19647,1144.5,868.5
19647,1596.0,785.25
19647,650.25,866.25
19647,835.5,558.0
19647,825.75,864.0
19647,879.0,815.25
19650,1148.25,862.5
19650,1620.0,786.0
19650,1587.0,620.25
19650,843.0,553.5
19650,888.0,812.25
19650,676.5,865.5
19650,246.0,969.0
19653,1162.5,864.0
19653,1663.5,792.75
19653,878.25,810.75
19653,682.875,864.75
19653,850.5,549.75
19653,1602.0,616.5
19653,708.375,610.875
19653,247.875,970.5
19656,1167.75,862.5
19656,1683.0,802.5
19656,888.75,808.5
19656,1617.0,620.25
19656,858.0,565.5
19656,676.5,864.75
19656,1692.0,477.75
19656,249.75,966.0
19659,1710.0,807.75
19659,1172.25,863.25
19659,1624.5,610.5
19659,861.0,569.25
19662,1177.5,858.75
19662,1749.0,822.75
19662,1635.0,611.625
19662,920.25,866.25
19662,864.75,566.25
19662,728.25,865.5
19665,1194.0,858.75
19665,1647.0,619.5
19665,1821.0,824.25
19665,869.25,559.875
19665,941.25,821.25
19665,758.25,864.75
19668,1212.0,861.0
19668,1846.5,834.75
19668,1683.0,619.5
19668,781.5,863.25
19668,859.5,564.75
19668,982.5,862.5
19668,942.0,810.75
19671,1224.75,858.0
19671,1723.5,615.0
19671,873.75,557.625
19671,772.5,611.25
19671,960.0,832.5
19671,1896.0,858.75
19671,804.75,867.0
19671,570.75,639.75
19671,783.75,868.5
19671,1014.75,848.25
19671,249.375,969.0
19674,1267.5,862.5
19674,794.25,621.75
19674,1755.0,623.25
19674,886.5,549.375
19674,971.25,840.0
19674,250.125,969.0
19677,1288.5,856.5
19677,1776.0,626.625
19677,805.5,630.75
19680,1306.5,859.5
19680,831.0,628.5
19680,1794.0,624.75
19680,1156.5,856.5
19680,955.5,517.125
19683,1330.5,859.5
19683,1199.25,779.25
19683,1848.0,628.875
19683,976.5,513.0
19683,997.5,514.125
19686,1346.25,860.25
19686,1039.5,498.75
19686,1867.5,620.25
19689,1366.5,862.5
19689,1053.0,517.5
19689,428.625,551.625
19689,888.0,517.5
19689,1879.5,622.5
19689,1267.5,796.5
19689,918.0,627.75
19689,240.375,969.0
19692,882.75,531.75
19692,597.75,456.75
19692,1101.0,501.375
19692,1410.0,856.5
19692,235.078125,966.75
19692,990.75,626.25
19692,1020.75,865.5
19692,46.546875,972.0
19695,1423.5,864.75
19695,1155.75,502.5
19695,877.5,528.75
19695,42.3984375,972.0
19695,1024.5,623.25
19698,1094.25,864.75
19698,1443.0,883.5
19698,876.0,513.75
19698,39.1171875,970.5
19701,870.0,526.5
19701,1041.75,651.75
19701,1086.0,873.75
19704,859.5,507.75
19704,1266.0,480.75
19704,1102.5,876.75
19704,1456.5,928.5
19704,1491.0,402.0
19704,1098.0,618.0
19707,836.25,502.5
19707,1113.75,866.25
19707,1269.0,474.0
19707,405.375,501.75
19707,1590.0,751.5
19707,1159.5,608.25
19710,813.75,501.0
19710,1587.375,921.0
19710,1134.0,861.0
19710,1184.25,600.75
19710,598.125,438.0
19710,718.125,348.75
19713,1621.5,900.0
19713,1128.0,868.5
19713,808.5,490.5
19713,1624.5,904.5
19713,1329.0,469.5
19716,1662.0,906.0
19716,1638.0,898.5
19716,792.0,488.25
19716,1180.5,866.25
19716,1590.0,403.5
19719,1716.0,902.25
19719,777.1875,484.5
19719,1563.0,864.0
19719,1683.0,663.0
19719,1191.0,867.0
19719,1094.25,861.75
19722,746.625,481.5
19722,532.5,431.25
19722,1236.0,606.75
19722,1557.375,856.5
19722,1197.75,390.375
19722,1737.0,883.5
19722,323.625,973.5
19722,64.96875,972.0
19722,1100.25,865.5
19722,77.109375,904.5
19725,1551.0,851.25
19725,1213.5,612.0
19725,714.375,480.75
19725,1206.0,870.0
19725,1684.5,693.0
19725,1087.5,864.0
19725,514.875,424.5
19725,1152.0,382.125
19725,358.125,972.75
19725,1386.0,389.625
19728,1060.5,865.5
19728,1218.0,872.25
19728,1550.625,847.5
19728,1837.5,873.75
19728,723.75,477.0
19728,1602.0,972.75
19728,409.40625,977.25
19728,1194.0,609.375
19728,311.4375,973.5
19728,1699.5,652.5
19728,366.5625,465.0
19728,235.3125,972.0
19731,351.75,465.0
19731,1833.0,854.25
19731,1205.25,606.0
19731,495.75,423.75
19731,1540.5,840.75
19731,1546.5,973.5
19731,1642.5,406.875
19731,1090.5,815.25
19731,701.25,465.0
19731,1236.0,864.0
19734,1211.25,590.25
19734,479.25,420.75
19734,1498.5,972.0
19734,1246.5,865.5
19734,1533.0,830.25
19734,364.6875,456.75
19734,1627.5,972.75
19734,1749.0,975.0
19734,1083.75,859.5
19737,1264.5,865.5
19737,352.5,454.125
19737,1055.25,868.5
19737,1569.375,973.5
19737,668.25,468.0
19737,1689.0,972.75
19737,1050.75,867.0
19737,1263.0,591.0
19740,652.5,467.625
19740,1524.75,813.75
19740,1519.5,975.0
19740,1623.0,971.25
19740,347.625,446.25
19740,40.1484375,973.5
19740,1269.0,867.0
19740,115.6640625,973.5
19740,41.0859375,973.5
19740,334.875,448.5
19740,1480.5,385.125
19740,1879.5,801.75
19743,1507.5,804.0
19743,1272.0,870.0
19743,1191.0,576.75
19743,625.5,465.75
19743,1662.0,567.375
19743,1558.5,972.0
19743,55.828125,972.0
19743,1061.25,782.25
19743,1866.0,754.5
19743,323.4375,438.75
19743,427.875,918.0
19746,1272.0,872.25
19746,1497.0,799.5
19746,601.5,450.0
19746,1501.5,971.25
19746,1713.0,970.5
19746,1626.0,533.25
19746,1176.75,552.75
19746,624.75,447.0
19746,389.34375,436.125
19749,1282.5,868.5
19749,1017.0,864.0
19749,301.6875,429.75
19749,1175.25,594.75
19749,406.875,393.375
19749,1315.5,392.625
19749,1465.5,792.75
19749,423.84375,975.0
19749,1629.0,975.0
19749,806.25,865.5
19749,39.796875,975.0
19752,1438.5,774.0
19752,279.375,421.5
19752,1156.5,549.75
19752,570.75,445.5
19752,1279.5,867.0
19752,361.875,972.0
19752,1890.0,967.5
19755,1126.5,553.125
19755,542.25,439.5
19755,995.25,845.25
19755,1243.5,867.0
19755,1821.0,953.25
19755,1389.0,759.75
19755,996.0,798.75
19755,292.875,972.0
19755,1486.5,970.5
19755,1152.75,324.0
19758,942.0,853.5
19758,229.171875,423.75
19758,1264.5,843.75
19758,1371.0,760.5
19758,1107.0,502.875
19758,532.5,449.625
19758,213.375,975.0
19758,1731.0,945.75
19758,1550.625,499.5
19761,1497.0,482.625
19761,1337.25,752.25
19761,1858.5,685.875
19761,196.921875,425.625
19761,1243.5,853.5
19761,385.59375,973.5
19761,483.375,440.25
19761,41.1328125,972.75
19761,520.5,864.0
19761,130.125,975.0
19764,1825.5,672.0
19764,1017.0,524.25
19764,300.1875,975.0
19764,442.5,441.0
19764,1450.5,471.375
19764,1218.0,868.5
19764,1293.0,745.5
19764,1887.0,969.75
19767,1792.5,666.0
19767,404.625,455.25
19767,1206.0,865.5
19767,1241.25,667.875
19767,208.078125,976.5
19767,981.0,527.25
19770,802.3125,856.5
19770,1749.0,654.75
19770,1363.5,474.0
19770,373.3125,464.25
19770,934.5,539.25
19770,72.28125,439.875
19770,1701.0,526.125
19770,1188.0,664.125
19770,1171.5,860.25
19773,1698.0,644.25
19773,321.5625,470.25
19773,1078.5,392.25
19773,1854.0,970.5
19773,1137.0,733.5
19773,1147.5,870.0
19773,56.90625,452.25
19776,1663.5,630.0
19776,1585.5,522.0
19776,1108.5,867.75
19776,1270.5,468.75
19776,1027.5,387.375
19776,286.125,479.625
19776,740.25,849.75
19776,312.9375,477.375
19776,862.5,546.375
19776,1764.0,972.75
19776,1893.0,909.0
19779,1234.5,464.625
19779,1053.0,747.75
19779,1087.5,859.5
19779,420.75,966.0
19779,687.75,859.5
19779,248.625,487.5
19779,994.5,391.875
19779,1863.0,597.0
19779,1617.0,609.0
19779,1548.0,590.625
19779,1819.5,898.5
19782,218.4375,489.375
19782,1804.5,617.625
19782,1018.5,739.5
19782,1595.625,621.0
19782,966.75,389.625
19782,1099.5,864.0
19782,357.5625,966.0
19782,1201.5,457.5
19782,1460.25,519.0
19782,665.25,861.75
19782,1737.0,894.0
19782,792.1875,519.0
19782,81.421875,972.0
19782,448.5,930.0
19785,197.625,481.5
19785,1569.0,597.75
19785,1732.5,618.75
19785,1002.75,738.75
19785,1082.25,862.5
19785,291.1875,964.5
19785,1167.0,450.375
19785,399.84375,939.0
19785,1407.0,522.75
19785,954.0,384.375
19785,1666.5,887.25
19788,1524.0,597.0
19788,1654.5,612.0
19788,225.375,969.0
19788,1146.75,443.25
19788,1083.0,865.5
19788,340.3125,942.0
19788,645.75,862.5
19788,1359.0,528.75
19788,1695.0,972.0
19788,37.3359375,969.0
19788,433.5,938.25
19788,87.36328125,975.0
19788,1597.5,879.0
19791,952.5,721.875
19791,611.25,866.25
19791,1080.75,863.25
19791,163.125,972.0
19791,276.75,952.5
19791,1572.0,599.25
19791,1468.5,588.0
19791,1629.0,976.5
19791,388.875,972.0
19791,1299.0,529.5
19791,1122.0,441.75
19794,148.4765625,498.75
19794,939.0,714.0
19794,1086.75,444.0
19794,108.9140625,972.0
19794,1092.0,864.0
19794,1473.0,591.0
19794,611.625,858.0
19794,327.75,951.0
19794,221.578125,952.5
19794,1572.375,976.5
19794,720.75,522.0
19794,1249.5,542.25
19794,423.75,964.5
19794,897.0,417.75
19794,1740.0,410.625
19797,60.84375,973.5
19797,144.84375,499.5
19797,923.25,710.25
19797,172.78125,951.0
19797,1082.25,864.0
19797,1399.5,571.5
19797,1210.5,540.0
19797,281.625,951.0
19797,1522.5,973.5
19797,714.375,522.75
19797,892.5,435.0
19797,1064.25,442.5
19800,916.5,707.25
19800,730.5,508.5
19800,1083.0,870.0
19800,38.5546875,975.0
19800,1359.0,583.5
19800,604.5,862.5
19800,1176.0,532.5
19800,133.40625,958.5
19800,891.0,456.375
19800,1049.25,439.5
19800,162.65625,498.75
19800,242.0625,954.0
19800,1483.5,972.75
19800,1689.0,404.25
19800,1396.5,864.0
19803,94.125,961.5
19803,603.0,860.25
19803,911.25,700.5
19803,1111.5,864.0
19803,162.1875,512.25
19803,204.5625,954.75
19803,1669.5,405.375
19803,1144.5,534.0
19803,1361.25,859.5
19806,1113.75,871.5
19806,765.0,505.5
19806,59.0625,964.5
19806,619.5,852.0
19806,172.6875,960.0
19806,1650.0,402.75
19806,1329.0,861.75
19806,1323.75,532.875
19806,267.0,969.0
19809,624.375,853.5
19809,915.75,680.25
19809,1123.5,853.5
19809,138.09375,962.25
19809,35.90625,969.0
19809,1296.75,536.25
19809,1083.75,530.625
19809,1629.0,403.5
19809,1298.25,861.0
19809,231.328125,971.25
19812,630.0,854.25
19812,1133.25,846.75
19812,102.1640625,968.25
19812,227.671875,504.0
19812,1603.5,404.25
19812,801.1875,513.75
19812,1285.5,535.5
19812,909.0,668.625
19812,1173.0,537.0
19815,934.5,674.25
19815,631.875,852.75
19815,234.328125,483.0
19815,1268.25,547.125
19815,71.16796875,969.0
19815,1239.0,861.0
19815,1143.75,547.5
19815,170.8125,973.5
19815,936.0,477.75
19818,255.046875,479.25
19818,47.8359375,972.0
19818,1134.0,546.75
19818,931.5,671.25
19818,653.625,847.5
19818,818.25,508.125
19818,1263.0,535.5
19818,1551.375,398.625
19818,149.8125,972.0
19821,658.125,850.5
19821,296.25,474.375
19821,1116.75,546.75
19821,38.0625,970.5
19821,1173.0,825.0
19821,127.4765625,974.25
19821,881.25,671.25
19821,1255.5,618.0
19821,30.984375,514.125
19821,925.5,669.0
19824,665.25,852.0
19824,1111.5,560.625
19824,939.0,669.75
19824,1182.0,813.0
19824,307.5,474.0
19824,30.5625,972.0
19824,961.5,486.75
19824,1650.0,945.75
19824,1251.75,514.875
19824,110.9765625,973.5
19824,56.15625,510.0
19827,1191.0,821.25
19827,343.125,467.25
19827,959.25,678.0
19827,1090.5,543.0
19827,1245.0,528.0
19827,67.875,507.0
19827,191.8125,972.0
19830,1201.5,822.0
19830,704.25,829.5
19830,105.84375,512.25
19830,1106.25,541.5
19830,358.6875,453.0
19830,1237.5,611.625
19830,1491.0,398.25
19833,1212.75,819.0
19833,717.75,838.5
19833,1107.0,532.5
19833,1230.75,537.375
19833,129.3515625,522.75
19833,376.5,454.875
19833,447.0,972.75
19836,733.5,851.25
19836,1226.25,819.0
19836,1108.5,524.25
19836,170.15625,522.75
19836,998.25,691.5
19836,409.5,453.0
19836,1223.25,531.75
19836,441.0,972.0
19836,1881.0,973.5
19839,1240.5,822.75
19839,424.5,446.25
19839,748.125,824.25
19839,89.0625,418.5
19839,1214.25,523.875
19839,1113.0,499.875
19839,205.6875,525.0
19839,438.0,972.0
19842,233.4375,535.875
19842,1248.0,810.75
19842,432.75,439.5
19842,759.0,823.5
19842,1207.5,526.5
19842,114.3984375,420.375
19842,1468.5,394.5
19842,170.4375,975.0
19842,433.5,972.0
19845,1258.5,813.0
19845,267.75,552.75
19845,442.5,441.75
19845,780.0,818.25
19845,823.5,518.25
19845,1140.0,855.75
19845,1192.5,568.5
19845,427.125,972.0
19848,792.75,831.75
19848,1266.75,816.0
19848,277.875,553.5
19848,800.8125,519.0
19848,422.625,972.0
19848,1185.0,556.5
19848,1458.0,394.5
19851,796.5,828.75
19851,306.75,561.0
19851,1275.75,813.0
19851,1009.5,696.75
19851,418.125,973.5
19851,199.5,409.5
19851,1161.75,542.25
19854,330.375,588.0
19854,1281.0,819.0
19854,1012.5,693.0
19854,812.25,816.75
19854,1158.0,552.0
19854,978.0,445.875
19854,1767.0,972.0
19854,417.0,973.5
19854,226.875,409.5
19857,368.4375,594.0
19857,1150.5,547.5
19857,253.5,408.0
19857,1012.5,696.0
19857,832.5,807.75
19857,1293.0,804.75
19857,418.5,973.5
19857,798.75,529.5
19860,1013.25,691.5
19860,394.125,592.5
19860,835.5,799.5
19860,286.125,405.0
19860,1300.5,810.0
19860,418.59375,975.75
19860,886.5,336.0
19860,805.5,525.75
19860,156.1875,972.75
19863,414.375,597.75
19863,847.5,792.75
19863,1014.0,691.5
19863,1305.75,808.5
19863,1173.75,551.25
19863,421.40625,975.75
19863,803.25,534.0
19863,150.1875,973.5
19863,46.1484375,972.0
19866,447.84375,615.0
19866,855.0,791.25
19866,1182.0,569.25
19866,423.75,975.0
19866,1308.75,807.0
19866,1014.75,690.375
19866,805.5,538.125
19866,326.8125,399.0
19866,151.03125,973.5
19869,864.0,790.5
19869,1185.0,593.25
19869,1309.5,807.0
19869,506.25,616.125
19869,423.0,975.0
19869,1734.0,975.0
19872,876.0,784.5
19872,1306.5,798.0
19872,528.0,626.25
19872,1191.75,597.375
19872,422.15625,975.0
19872,366.9375,403.875
19875,552.0,642.75
19875,1303.5,797.25
19875,884.25,786.0
19875,1194.0,606.75
19875,421.875,975.0
19875,1006.5,687.0
19875,750.75,565.5
19878,598.5,651.75
19878,1299.0,795.75
19878,887.25,783.75
19878,1201.5,597.0
19878,421.59375,975.0
19878,760.125,580.5
19881,1293.0,803.25
19881,639.75,648.75
19881,1224.75,592.5
19881,888.0,776.25
19881,421.5,974.25
19884,892.5,762.0
19884,687.0,652.5
19884,1285.5,800.25
19884,662.25,649.5
19884,1008.0,685.5
19884,424.125,973.5
19884,1206.0,553.5
19887,888.0,759.0
19887,1285.5,797.25
19887,699.75,653.25
19887,1212.0,547.5
19887,1009.5,680.25
19887,424.875,973.5
19887,723.375,652.5
19887,1286.25,588.0
19887,432.0,393.375
19890,1303.5,594.0
19890,1219.5,537.0
19890,882.0,759.0
19890,1284.0,800.25
19890,729.375,654.75
19890,1002.75,678.0
19890,423.375,973.5
19890,1453.5,392.25
19893,877.5,757.5
19893,1278.75,805.5
19893,1225.5,558.375
19893,1308.0,592.125
19893,761.25,651.0
19893,996.0,680.25
19893,815.8125,627.75
19893,424.5,973.5
19896,873.0,760.5
19896,1306.5,598.5
19896,1273.5,816.0
19896,1235.25,564.75
19896,785.25,663.0
19896,1451.25,406.125
19899,845.25,760.5
19899,1270.5,828.0
19899,879.0,374.25
19899,1239.0,568.5
19899,1444.5,418.125
19899,1308.0,586.5
19899,1540.5,975.0
19899,272.25,985.5
19899,148.40625,978.0
19902,1270.5,839.25
19902,846.0,768.0
19902,880.5,378.75
19902,957.0,706.5
19902,1120.5,870.0
19902,1304.25,599.25
19902,842.25,770.25
19905,834.0,777.0
19905,1270.5,851.25
19905,1272.0,635.25
19905,874.5,386.625
19905,627.0,495.0
19905,1441.5,429.0
19905,1573.5,972.0
19908,817.5,780.0
19908,1272.0,855.0
19908,870.0,392.25
19908,854.25,594.75
19908,1266.0,620.25
19908,636.0,497.625
19908,930.0,697.5
19908,1438.5,441.0
19908,1572.375,975.0
19908,1310.25,600.375
19908,592.875,477.0
19911,1271.25,865.5
19911,797.25,783.75
19911,1265.25,637.5
19911,876.0,694.875
19911,867.0,399.75
19911,921.75,698.25
19911,587.25,486.375
19914,768.75,789.0
19914,1269.0,630.75
19914,1269.75,865.5
19914,890.25,717.75
19914,859.5,412.5
19914,633.375,506.25
19914,582.375,497.25
19914,1430.25,458.25
19917,754.5,799.5
19917,887.25,724.5
19917,1266.0,866.25
19917,1281.0,633.0
19917,852.0,417.75
19917,630.75,518.25
19917,575.25,509.25
19917,469.5,469.875
19917,1720.5,975.0
19920,724.5,798.75
19920,1261.5,870.0
19920,883.5,738.0
19920,1278.0,638.25
19920,846.0,424.125
19920,463.875,472.5
19920,1033.5,510.0
19920,616.875,515.625
19920,958.5,474.75
19920,1713.0,976.5
19923,706.5,795.75
19923,896.25,741.75
19923,1255.5,871.5
19923,1297.5,633.75
19923,837.0,422.25
19923,840.75,711.75
19923,601.5,510.75
19923,455.25,468.0
19923,1411.5,465.75
19923,560.25,510.75
19926,696.75,795.75
19926,906.75,752.25
19926,829.5,723.375
19926,1251.0,871.5
19926,1268.25,623.25
19926,1704.0,973.5
19926,444.75,468.0
19929,913.5,756.75
19929,664.125,796.5
19929,810.75,713.25
19929,1248.75,870.0
19929,1305.0,629.25
19929,1698.0,975.0
19929,1405.5,462.75
19929,1011.0,660.75
19932,801.0,709.5
19932,639.0,798.0
19932,912.0,756.75
19932,1245.75,870.0
19932,1320.0,637.5
19932,951.0,484.125
19932,1026.75,655.5
19932,1695.0,975.0
19935,618.75,798.0
19935,768.75,706.5
19935,918.0,752.25
19935,1243.5,870.0
19935,820.5,417.75
19935,946.5,498.75
19935,1315.5,625.5
19938,605.625,798.0
19938,744.75,713.25
19938,1242.0,868.5
19938,1315.5,615.75
19938,945.0,751.5
19938,817.5,417.375
19938,407.25,975.75
19938,1692.0,979.5
19938,949.5,506.25
19941,595.5,799.5
19941,738.75,706.5
19941,1240.5,867.0
19941,815.25,412.5
19941,950.25,519.75
19941,1365.75,615.0
19941,405.375,977.25
19941,1689.0,979.5
19944,564.75,796.5
19944,719.25,696.75
19944,1239.0,864.75
19944,813.0,418.5
19944,405.75,978.0
19944,1080.0,648.0
19944,1278.0,613.125
19944,941.25,519.0
19947,540.75,795.75
19947,1237.5,870.0
19947,812.25,415.875
19947,1089.75,639.0
19947,1254.0,579.75
19947,1357.5,621.0
19950,517.5,794.25
19950,1236.0,866.25
19950,953.25,637.5
19950,361.5,452.25
19950,1087.5,616.5
19953,506.25,791.25
19953,1233.0,862.5
19953,812.25,407.25
19953,565.5,492.0
19953,1225.5,559.5
19953,963.0,717.0
19956,489.75,783.0
19956,1230.0,858.0
19956,816.0,405.75
19956,1345.5,585.0
19956,572.25,682.5
19956,963.75,708.0
19956,570.0,485.25
19956,1092.0,564.75
19956,1209.75,527.25
19956,519.0,489.75
19956,332.625,444.0
19959,443.25,783.0
19959,1225.5,854.25
19959,576.0,498.0
19959,517.125,489.0
19959,819.0,398.25
19959,412.40625,967.5
19959,1089.0,549.75
19962,410.25,778.5
19962,505.5,663.75
19962,1218.0,845.25
19962,572.25,495.375
19962,820.5,392.625
19962,1318.5,564.75
19962,513.75,486.0
19962,1072.5,867.75
19962,318.0,433.5
19965,1207.5,840.0
19965,549.0,498.0
19965,376.125,779.25
19965,825.0,385.5
19965,1311.0,550.5
19965,319.5,430.5
19965,1075.5,867.0
19965,433.5,672.0
19965,417.75,958.5
19968,351.0,780.0
19968,538.875,497.625
19968,1197.0,838.5
19968,832.5,383.25
19968,1305.0,520.875
19968,417.375,963.75
19968,400.875,656.25
19968,925.5,523.875
19971,931.5,665.25
19971,347.625,776.25
19971,1161.0,545.25
19971,844.5,381.75
19971,1192.5,838.5
19971,532.5,500.25
19971,1299.0,525.375
19971,1008.0,532.5
19971,95.671875,972.0
19974,925.5,662.25
19974,522.0,498.75
19974,1194.75,852.0
19974,272.0625,421.5
19974,1299.0,524.25
19974,371.625,681.0
19974,1165.5,551.25
19974,862.5,375.375
19977,274.125,764.25
19977,1203.75,852.75
19977,1303.5,525.0
19977,876.0,653.25
19977,529.125,503.25
19977,885.0,371.25
19977,279.75,418.125
19980,872.25,642.0
19980,264.9375,752.25
19980,1209.0,861.0
19980,1316.25,522.375
19980,500.25,499.875
19980,519.375,505.5
19980,294.9375,682.5
19980,910.5,505.875
19980,1165.5,499.5
19983,869.25,643.5
19983,504.0,502.125
19983,1218.0,849.0
19983,1320.0,505.125
19983,901.5,500.25
19983,1641.0,952.5
19983,988.5,505.5
19983,1134.0,516.75
19983,1479.75,405.75
19986,862.5,626.25
19986,1336.5,544.5
19986,509.625,495.0
19986,1140.75,538.5
19986,247.453125,738.75
19986,924.0,525.375
19986,37.5234375,972.0
19986,1668.0,949.5
19986,957.75,352.5
19989,213.375,729.0
19989,1162.5,512.25
19989,521.625,500.625
19989,1347.0,541.875
19989,1693.5,948.0
19989,930.0,528.75
19989,57.0,972.0
19989,1140.0,506.25
19992,1173.0,491.625
19992,1377.0,529.875
19992,1192.5,832.5
19992,218.625,730.5
19992,1740.0,947.25
19992,1020.0,354.375
19992,505.875,495.75
19992,484.5,498.75
19992,95.71875,966.75
19992,805.5,553.5
19992,1272.75,861.0
19995,824.25,635.25
19995,504.75,494.25
19995,1197.0,831.75
19995,1161.0,475.5
19995,958.5,524.25
19995,1785.0,951.0
19995,1165.5,830.25
19995,933.0,520.5
19995,151.3125,958.5
19998,508.5,497.25
19998,786.75,633.75
19998,1172.25,839.25
19998,961.5,524.625
19998,83.71875,962.25
19998,1836.0,953.25
19998,1353.75,858.0
19998,196.875,951.0
19998,1379.25,591.0
19998,1623.0,838.5
19998,942.0,459.75
19998,30.3046875,972.0
20001,795.0,632.25
20001,1194.0,854.25
20001,940.5,472.875
20001,1197.0,474.75
20001,151.3125,719.25
20001,40.4296875,975.75
20001,1386.75,513.75
20001,1521.75,976.5
20001,1659.0,843.0
20001,243.75,952.5
20001,129.46875,966.0
20001,486.375,492.0
20001,1873.5,963.0
20001,437.625,969.0
20001,1416.0,576.0
20001,240.0,695.25
20004,800.25,624.0
20004,1185.0,837.75
20004,72.09375,973.5
20004,1397.25,521.625
20004,957.75,532.125
20004,119.6484375,731.25
20004,726.0,360.0
20004,484.5,492.75
20004,285.1875,963.0
20004,179.25,966.0
20004,1564.5,975.0
20004,1188.0,456.75
20004,389.90625,952.5
20007,788.25,630.75
20007,963.0,542.25
20007,112.21875,975.75
20007,1130.25,833.25
20007,1606.5,975.0
20007,225.0,969.0
20007,435.0,965.25
20007,324.75,972.0
20007,178.5,761.25
20007,490.5,490.5
20007,1398.0,489.75
20007,212.203125,761.25
20010,480.75,501.375
20010,1423.5,573.75
20010,161.625,973.5
20010,951.0,545.25
20010,1650.0,976.5
20010,380.4375,973.5
20010,187.96875,754.5
20010,267.9375,947.25
20010,756.75,634.5
20010,1641.0,400.875
20010,1135.5,855.0
20010,126.1875,729.375
20010,18.97265625,971.25
20013,752.25,637.125
20013,1431.0,537.0
20013,1126.5,858.0
20013,191.53125,973.5
20013,410.90625,970.5
20013,465.0,492.75
20013,931.5,540.0
20013,309.375,952.5
20013,248.578125,778.5
20013,1647.0,398.25
20013,1300.5,352.125
20013,1687.5,975.0
20013,1207.5,439.875
20016,720.375,642.0
20016,83.8125,736.5
20016,235.125,972.0
20016,234.375,791.25
20016,1056.0,841.5
20016,446.625,495.375
20016,957.0,529.5
20016,356.625,948.0
20016,1425.0,547.875
20016,1737.0,974.25
20016,1344.0,354.75
20019,84.234375,725.25
20019,432.65625,486.75
20019,214.546875,786.75
20019,1050.0,840.0
20019,694.5,642.75
20019,281.25,966.0
20019,1398.0,517.5
20019,1230.0,440.25
20019,1378.5,360.0
20022,1211.25,452.625
20022,1048.5,856.5
20022,207.046875,794.25
20022,927.0,530.25
20022,1420.5,357.375
20022,673.5,615.75
20022,320.0625,972.0
20022,84.9375,732.75
20022,1659.0,402.0
20022,1411.5,558.0
20022,954.75,530.25
20022,1698.0,880.5
20025,369.0,966.0
20025,1405.5,546.75
20025,1377.0,546.375
20025,987.0,844.5
20025,961.5,536.25
20025,1743.0,883.5
20025,231.9375,972.75
20025,451.5,961.5
20025,1224.75,444.375
20025,1206.0,443.625
20025,856.5,381.375
20028,50.4375,735.75
20028,1393.5,548.25
20028,412.875,967.5
20028,946.5,541.125
20028,171.5625,809.25
20028,392.625,476.625
20028,618.0,634.125
20028,150.375,801.0
20028,1786.5,888.0
20028,1502.25,354.0
20028,624.0,862.5
20031,951.0,522.75
20031,1656.0,402.375
20031,56.53125,735.75
20031,157.2890625,783.75
20031,1381.5,540.75
20031,964.5,859.5
20031,427.875,970.5
20031,1545.0,352.875
20031,1833.0,892.5
20034,151.7109375,791.25
20034,1380.0,543.0
20034,1878.0,894.75
20034,945.0,510.375
20034,1584.0,354.0
20034,832.5,432.0
20034,353.4375,477.75
20034,1659.0,403.5
20034,897.0,826.5
20034,1248.0,444.0
20034,26.90625,795.0
20037,1363.5,561.0
20037,944.25,506.25
20037,792.1875,429.75
20037,870.0,859.5
20037,1638.0,401.625
20037,627.75,865.5
20037,335.625,462.0
20040,951.75,501.75
20040,861.0,864.75
20040,39.6796875,732.75
20040,92.90625,793.5
20040,1507.5,973.5
20043,523.5,610.5
20043,954.75,495.75
20043,99.84375,816.75
20043,1648.5,392.25
20043,849.0,864.0
20043,1713.0,342.0
20043,1332.0,569.25
20043,710.25,864.0
20043,608.25,867.0
20043,361.5,972.0
20043,1548.0,972.0
20046,1318.5,548.25
20046,504.0,610.875
20046,954.0,499.5
20046,93.140625,811.5
20046,1758.0,356.625
20046,753.0,864.75
20046,401.625,972.75
20046,1588.5,974.25
20049,482.25,610.875
20049,955.5,480.75
20049,171.28125,976.5
20049,1629.0,972.75
20049,903.0,864.75
20049,259.6875,462.0
20052,472.5,600.75
20052,747.75,852.75
20052,1644.0,394.125
20052,959.25,468.0
20052,1668.0,972.75
20052,207.0,973.5
20052,939.0,865.5
20052,824.25,866.25
20052,718.875,868.5
20055,461.25,596.25
20055,969.0,495.0
20055,1261.5,547.125
20055,242.625,468.0
20055,692.625,853.5
20055,344.25,443.25
20055,1717.5,973.5
20055,255.75,970.5
20055,764.25,868.5
20055,1344.75,435.75
20055,984.0,865.5
20055,868.5,867.0
20058,428.34375,592.5
20058,668.625,848.25
20058,981.0,495.375
20058,909.0,865.5
20058,1761.0,972.0
20058,1198.5,870.75
20058,1279.5,605.25
20058,51.375,972.0
20058,300.375,969.0
20061,420.65625,584.25
20061,660.375,843.0
20061,1353.0,450.0
20061,1635.0,394.5
20061,954.0,865.5
20061,331.875,439.125
20061,996.0,481.5
20061,846.0,870.0
20061,91.59375,972.0
20061,1492.5,975.0
20061,1063.5,865.5
20061,1242.0,870.0
20064,400.875,571.5
20064,145.6640625,975.0
20064,1001.25,865.5
20064,621.75,834.0
20064,895.5,866.25
20064,1113.0,867.75
20064,1291.5,870.0
20064,207.046875,432.0
20064,522.0,868.5
20064,49.6875,966.75
20064,396.0,963.0
20064,1644.0,387.75
20064,52.265625,789.0
20064,1863.0,973.5
20064,993.0,476.25
20067,987.0,479.25
20067,63.140625,798.75
20067,1035.0,866.25
20067,185.25,975.0
20067,599.25,813.75
20067,1148.25,864.0
20067,927.0,865.5
20067,220.125,457.125
20067,1587.0,976.5
20067,327.75,573.0
20067,699.75,862.5
20067,1323.0,866.25
20067,1239.75,520.5
20067,1881.0,973.5
20070,569.25,840.75
20070,228.1875,975.75
20070,1074.75,867.0
20070,1185.75,867.0
20070,970.5,865.5
20070,999.0,483.75
20070,1236.0,536.625
20070,215.25,462.375
20070,1632.0,974.25
20073,385.125,565.125
20073,1653.0,393.0
20073,266.0625,975.0
20073,1002.0,864.0
20073,1227.0,867.0
20073,555.75,860.25
20073,1113.0,867.0
20073,1209.75,552.375
20073,1005.75,483.0
20073,1374.75,444.75
20073,25.7109375,729.0
20073,636.0,862.5
20076,368.4375,559.125
20076,303.0,973.5
20076,1146.0,864.75
20076,1231.5,547.5
20076,1257.0,867.0
20076,1692.0,973.5
20076,523.125,842.25
20076,1036.5,865.5
20076,745.125,864.0
20076,188.0625,391.5
20079,345.75,556.5
20079,502.125,838.5
20079,334.875,975.0
20079,1176.0,865.5
20079,426.75,432.75
20079,38.765625,702.75
20079,1291.5,865.5
20079,1006.5,463.5
20079,1068.0,865.5
20079,442.5,427.5
20082,336.75,546.75
20082,482.25,802.5
20082,435.75,431.25
20082,366.9375,975.75
20082,1614.0,388.875
20082,1095.75,865.5
20082,1206.0,868.5
20082,999.75,464.25
20082,1323.0,865.5
20082,126.0,975.75
20085,454.125,432.375
20085,459.75,813.0
20085,399.75,973.5
20085,335.4375,519.75
20085,1238.25,868.5
20085,999.75,474.375
20085,140.625,781.5
20085,1617.0,382.5
20085,1128.0,865.5
20085,1351.5,867.0
20085,51.796875,701.25
20085,157.21875,975.0
20085,1537.5,973.5
20088,65.671875,716.25
20088,324.0,554.625
20088,445.875,805.5
20088,482.25,425.25
20088,73.60546875,971.25
20088,435.75,973.5
20088,166.6875,777.75
20088,1278.0,867.0
20088,1167.0,864.75
20088,1576.5,962.25
20088,197.25,975.0
20088,1391.25,864.75
20091,333.0,514.5
20091,208.875,769.5
20091,101.25,708.75
20091,521.25,418.125
20091,1329.0,870.0
20091,439.5,798.0
20091,124.6875,968.25
20091,1215.0,867.0
20091,247.5,972.0
20091,1026.0,465.0
20094,351.75,496.125
20094,447.0,813.75
20094,157.3125,708.75
20094,256.125,768.0
20094,692.25,380.25
20094,184.59375,969.0
20094,302.25,973.5
20094,1377.0,870.0
20094,569.25,417.75
20094,1261.5,867.0
20094,1891.5,937.5
20094,1629.0,975.0
20094,1500.75,972.0
20097,305.25,762.75
20097,198.421875,703.125
20097,370.125,494.625
20097,462.75,806.25
20097,239.0625,967.5
20097,359.0625,975.0
20097,1317.0,867.0
20097,722.25,367.5
20100,389.34375,487.5
20100,478.5,819.0
20100,1365.75,867.0
20100,242.25,700.5
20100,353.25,762.0
20100,1717.5,973.5
20100,1791.0,970.5
20100,411.75,976.5
20103,492.75,799.5
20103,405.0,484.5
20103,1155.0,547.5
20103,286.5,702.0
20103,1845.0,973.5
20103,1755.0,969.0
20103,711.0,405.375
20103,386.625,739.5
20103,1645.5,963.75
20103,456.75,973.5
20106,1176.0,546.0
20106,497.25,810.0
20106,315.75,708.0
20106,1680.0,957.75
20106,426.0,486.75
20106,733.5,396.75
20106,1782.0,969.0
20106,1873.5,963.0
20106,1565.625,922.5
20109,340.125,700.5
20109,1713.0,953.25
20109,501.375,819.75
20109,750.0,394.5
20109,1400.25,441.0
20109,1495.5,954.0
20109,1245.0,484.5
20109,1593.0,940.5
20109,1834.5,969.0
20109,1143.75,548.25
20112,1234.5,499.5
20112,497.25,815.25
20112,1516.5,964.5
20112,1734.0,966.0
20112,356.625,708.0
20112,1389.75,447.75
20112,1857.0,973.5
20112,760.125,394.5
20112,424.5,448.125
20112,1620.0,929.25
20112,1144.5,539.625
20112,430.875,475.5
20115,418.875,449.25
20115,1128.0,532.875
20115,376.875,708.75
20115,1236.0,478.5
20115,777.75,390.375
20115,1536.375,963.0
20115,495.75,804.0
20115,1872.0,973.5
20115,1761.0,957.0
20115,1642.5,960.0
20118,422.625,443.25
20118,1229.25,472.125
20118,487.5,799.5
20118,1884.0,972.0
20118,391.5,703.5
20118,790.5,389.25
20118,1389.0,460.875
20118,1780.5,958.5
20118,1114.5,530.625
20118,1554.375,954.0
20121,487.5,804.0
20121,429.0,450.0
20121,793.3125,385.125
20121,1395.0,460.125
20121,1800.0,963.75
20121,553.5,746.25
20121,1680.0,931.5
20121,1578.0,966.0
20121,1099.5,523.125
20121,1893.0,972.0
20121,85.875,910.5
20124,1391.25,471.0
20124,439.5,450.375
20124,1086.0,513.75
20124,1588.5,963.0
20124,1818.0,958.5
20124,567.0,755.25
20124,489.75,787.5
20124,1699.5,930.75
20127,1381.5,479.625
20127,491.25,790.5
20127,583.5,759.0
20127,1839.0,960.0
20127,452.25,456.75
20127,1058.25,510.0
20127,1719.0,969.0
20127,1071.75,508.5
20127,1608.0,969.0
20127,1164.75,476.25
20127,802.5,379.875
20130,1048.5,518.625
20130,602.25,757.5
20130,1861.5,964.5
20130,1368.0,486.75
20130,494.25,786.75
20130,456.0,436.5
20130,1626.0,964.5
20130,804.0,391.5
20130,1735.5,963.0
20133,1052.25,519.375
20133,1369.5,499.5
20133,816.75,391.5
20133,492.0,785.25
20133,1872.0,968.25
20133,471.0,442.5
20133,1653.0,966.0
20133,616.5,752.25
20133,1755.0,958.5
20136,1046.25,524.25
20136,1776.0,949.5
20136,1887.0,963.0
20136,1372.5,500.625
20136,1671.0,969.0
20136,500.25,782.25
20136,825.0,388.5
20136,637.875,756.0
20136,364.3125,369.75
20139,1032.0,516.0
20139,657.0,757.5
20139,511.125,765.0
20139,1365.0,510.0
20139,1806.0,966.0
20139,1611.0,385.125
20139,1197.75,494.25
20139,1677.0,970.5
20139,502.875,435.75
20139,1896.0,964.5
20139,828.75,385.5
20142,670.5,756.0
20142,1023.0,516.75
20142,516.375,783.0
20142,1810.5,955.5
20142,1698.0,966.0
20142,384.375,379.5
20142,1230.0,486.75
20142,520.5,441.0
20145,996.0,527.625
20145,685.125,759.0
20145,1311.75,532.5
20145,1716.0,972.0
20145,1831.5,967.5
20145,1310.25,867.0
20145,537.75,432.75
20145,522.0,786.0
20148,988.5,525.0
20148,1272.75,553.5
20148,698.25,759.0
20148,1845.0,964.5
20148,546.0,431.25
20148,1731.0,973.5
20148,403.5,381.75
20148,244.125,907.5
20151,990.0,521.25
20151,711.75,756.0
20151,1860.0,966.0
20151,1743.0,973.5
20151,1336.5,868.5
20151,1158.0,546.75
20151,259.875,901.5
20151,563.25,432.0
20151,516.75,751.5
20151,1483.5,971.25
20154,1872.0,954.75
20154,724.875,757.5
20154,1135.5,545.25
20154,1228.5,486.0
20154,1768.5,967.5
20154,511.875,765.0
20154,1236.75,504.0
20154,990.0,515.625
20154,570.0,429.375
20154,409.5,385.5
20154,1486.5,971.25
20157,1231.5,471.0
20157,512.25,759.75
20157,1878.0,957.75
20157,738.0,753.75
20157,1776.0,973.5
20157,1497.0,972.0
20157,985.5,510.0
20157,601.5,718.5
20160,1236.0,495.75
20160,754.125,744.75
20160,510.0,750.0
20160,1887.0,960.75
20160,590.625,428.625
20160,1791.0,973.5
20160,960.0,524.25
20160,1084.5,554.25
20160,1632.0,389.625
20160,434.25,392.625
20160,618.375,724.125
20160,1515.0,970.5
20163,1233.0,497.25
20163,768.0,757.5
20163,502.125,752.25
20163,1045.5,591.0
20163,1086.0,354.75
20163,1818.0,972.0
20163,634.875,723.75
20163,955.5,512.25
20163,1894.5,958.5
20163,600.75,431.25
20163,316.125,898.5
20163,442.125,399.375
20163,1524.0,973.5
20163,909.0,394.875
20166,1231.5,499.5
20166,783.0,738.0
20166,1839.0,970.5
20166,500.25,743.25
20166,655.875,719.25
20166,1542.375,970.5
20166,616.125,429.75
20166,453.375,400.5
20166,1006.5,588.0
20166,951.0,861.0
20169,1247.25,496.875
20169,1845.0,973.5
20169,497.25,744.0
20169,796.6875,742.5
20169,681.0,713.25
20169,625.5,426.0
20169,1563.375,970.5
20169,969.0,542.625
20172,1857.0,972.0
20172,497.625,747.0
20172,1257.0,501.0
20172,363.75,900.75
20172,810.0,760.5
20172,695.25,720.75
20172,940.5,557.25
20175,1866.0,972.75
20175,711.0,714.0
20175,487.5,772.5
20175,1243.5,497.625
20175,822.75,762.0
20175,479.25,410.25
20175,1590.0,972.0
20178,1872.0,973.5
20178,469.125,769.5
20178,1255.5,497.25
20178,830.25,760.5
20178,897.75,618.75
20178,719.25,724.5
20181,1276.5,507.0
20181,1878.0,972.75
20181,458.25,747.0
20181,726.375,721.5
20181,1605.0,975.0
20184,448.5,749.25
20184,1879.5,973.5
20184,1281.75,507.0
20184,1026.0,414.375
20187,1879.5,972.75
20187,437.625,761.25
20187,1039.5,422.25
20187,845.25,761.25
20187,1275.0,507.75
20187,486.75,416.625
20190,1879.5,972.75
20190,1047.0,427.5
20190,427.5,768.0
20193,1058.25,433.125
20193,1209.0,497.625
20193,1879.5,972.75
20193,426.375,768.0
20193,1317.75,419.625
20196,426.0,772.5
20196,1879.5,972.75
20199,423.375,769.5
20199,1879.5,972.75
20199,1182.0,502.125
20199,783.75,730.125
20199,1101.0,443.25
20202,1878.0,972.75
20202,420.375,768.0
20202,1159.5,504.375
20202,953.25,666.0
20202,853.5,766.5
20202,1137.75,502.125
20202,792.1875,731.25
20205,419.34375,766.5
20205,1878.0,973.5
20205,978.0,660.0
20205,1132.5,497.25
20208,416.625,770.25
20208,990.0,625.5
20208,1878.0,972.0
20208,1113.0,501.75
20211,412.875,771.0
20211,1878.0,972.75
20211,1089.75,506.25
20211,1159.5,461.25
20211,792.0,731.25
20214,408.75,774.0
20214,1077.75,483.0
20214,1170.0,459.75
20214,1876.5,972.0
20214,1357.5,432.0
20217,1872.0,973.5
20217,403.875,769.5
20217,1167.0,465.75
20217,1068.75,501.75
20217,706.5,445.5
20217,842.8125,759.0
20217,471.0,420.75
20220,1867.5,973.5
20220,398.15625,759.75
20220,1164.0,465.375
20220,703.5,442.875
20220,1060.5,499.5
20220,870.0,516.75
20220,795.75,747.0
20220,946.5,605.25
20223,1863.0,975.0
20223,387.375,765.75
20223,859.5,540.0
20223,1167.0,468.75
20223,783.75,759.75
20223,961.5,608.25
20223,701.25,441.375
20223,1055.25,508.5
20226,1857.0,973.5
20226,376.5,763.5
20226,698.25,442.5
20226,856.5,512.625
20226,1165.5,467.25
20226,767.25,764.25
20226,958.5,606.0
20226,1040.25,492.375
20226,441.0,421.875
20226,1507.5,973.5
20229,368.625,765.0
20229,1848.0,972.0
20229,859.5,503.25
20229,1077.75,636.0
20229,716.625,736.5
20229,1042.5,481.5
20229,1159.5,463.5
20229,1342.5,429.0
20232,1848.0,973.5
20232,1157.25,465.375
20232,1038.75,485.25
20232,357.0,759.0
20232,861.0,509.625
20232,1089.75,637.5
20232,933.75,568.5
20232,701.25,736.5
20235,349.875,758.25
20235,1845.0,973.5
20235,1033.5,522.75
20235,1155.0,459.375
20235,1083.0,642.75
20235,861.75,516.75
20235,925.5,569.25
20235,692.25,735.75
20235,1349.25,429.75
20238,1845.0,973.5
20238,1026.75,532.5
20238,344.4375,758.25
20238,1154.25,457.875
20238,660.0,730.5
20238,756.75,738.0
20238,859.5,512.25
20238,1350.0,426.75
20238,1078.5,684.375
20238,692.625,442.125
20238,717.375,865.5
20241,1845.0,974.25
20241,1022.25,525.0
20241,341.0625,763.5
20241,1155.0,457.125
20241,423.75,419.25
20241,647.625,732.0
20241,759.375,751.5
20241,1078.5,693.375
20241,692.25,445.5
20241,862.5,497.25
20244,1842.0,975.0
20244,1156.5,457.875
20244,1026.0,522.75
20244,340.5,765.75
20244,867.75,521.25
20244,423.375,417.75
20244,1068.75,675.0
20247,921.0,629.625
20247,1842.0,973.5
20247,1156.5,455.625
20247,340.875,763.5
20247,870.0,506.625
20247,1029.0,536.25
20247,419.25,418.5
20247,1041.75,696.75
20247,1049.25,696.75
20247,710.625,864.0
20247,1552.5,972.0
20250,1033.5,717.0
20250,1839.0,973.5
20250,342.375,762.0
20250,1155.0,454.5
20250,914.25,637.5
20250,873.0,481.875
20250,680.625,436.875
20253,1836.0,972.75
20253,348.5625,756.0
20253,1152.0,456.75
20253,1362.75,423.75
20253,903.75,645.75
20253,776.25,735.0
20253,1048.5,714.0
20253,703.125,864.75
20253,325.875,906.0
20253,1032.0,551.25
20256,1149.0,456.0
20256,1833.0,973.5
20256,906.75,656.25
20256,358.125,754.5
20256,1364.25,423.375
20256,879.0,509.25
20256,661.5,720.75
20256,1041.0,630.75
20256,779.25,730.5
20256,684.375,726.0
20259,918.0,658.5
20259,1819.5,973.5
20259,1147.5,451.875
20259,881.25,508.875
20259,1057.5,635.25
20259,781.6875,710.25
20259,682.5,713.25
20259,365.0625,769.5
20259,1542.375,972.0
20259,665.25,431.25
20262,1813.5,972.0
20262,373.875,759.75
20262,1071.0,594.375
20262,1065.75,744.75
20262,1145.25,450.75
20262,889.5,508.5
20262,910.5,663.375
20262,1539.0,972.0
20262,1362.75,413.625
20262,1899.0,969.0
20262,743.625,709.5
20262,740.25,389.625
20265,1815.0,972.0
20265,381.9375,765.75
20265,1068.0,579.0
20265,958.5,755.25
20265,1143.0,449.25
20265,900.75,517.5
20265,1899.0,970.5
20265,786.75,699.75
20268,1810.5,972.0
20268,957.75,762.0
20268,387.65625,768.75
20268,1078.5,576.0
20268,898.5,547.125
20268,1394.25,870.0
20268,1897.5,969.0
20271,1098.0,581.625
20271,916.5,539.25
20271,1809.0,973.5
20271,392.625,765.0
20271,946.5,749.25
20271,772.5,392.25
20271,1897.5,968.25
20271,1132.5,445.5
20271,1391.25,868.5
20274,1094.25,577.125
20274,931.5,539.25
20274,394.5,771.0
20274,1801.5,972.0
20274,1896.0,968.25
20277,1101.0,583.875
20277,400.5,768.75
20277,1797.0,975.0
20277,933.75,543.75
20277,1894.5,966.0
20277,1291.5,868.5
20277,930.75,705.0
20280,1119.0,588.75
20280,407.15625,751.5
20280,1797.0,972.0
20280,927.0,753.0
20280,813.0,385.875
20280,932.25,499.125
20283,1119.0,594.0
20283,412.40625,751.5
20283,1791.0,972.0
20283,927.0,754.5
20283,754.5,599.25
20283,819.0,392.625
20286,1122.0,596.25
20286,418.59375,756.0
20286,1791.0,975.0
20286,834.0,393.375
20286,1372.5,868.5
20286,289.5,913.5
20286,1887.0,968.25
20289,1132.5,597.0
20289,1788.0,973.5
20289,427.875,774.0
20289,1068.0,450.75
20289,289.875,918.75
20289,757.5,592.875
20289,1885.5,970.5
20292,1161.0,604.5
20292,446.25,786.0
20292,1788.0,975.0
20292,1068.0,461.625
20292,1295.25,411.375
20292,286.875,922.5
20292,750.75,591.75
20295,1182.0,612.75
20295,1786.5,973.5
20295,1069.5,467.625
20295,448.5,783.0
20295,1890.0,974.25
20298,1192.5,621.75
20298,459.0,810.0
20298,1785.0,972.0
20298,882.0,429.375
20298,289.5,940.5
20298,1887.0,973.5
20301,1206.0,627.75
20301,888.75,432.375
20301,1782.0,970.5
20301,465.75,823.5
20301,290.4375,945.75
20301,1038.75,487.5
20301,615.0,475.5
20301,918.0,868.5
20301,1608.0,970.5
20304,473.25,801.75
20304,1227.0,625.125
20304,1009.5,616.125
20304,997.5,623.25
20304,897.0,441.0
20304,1783.5,972.0
20304,687.75,864.0
20304,668.25,633.0
20304,285.75,953.25
20304,921.0,868.5
20304,619.5,489.0
20307,1243.5,639.75
20307,1027.5,641.25
20307,903.0,455.25
20307,469.5,801.75
20307,1016.25,639.0
20307,1779.0,974.25
20307,688.5,865.5
20307,877.5,811.5
20310,1023.75,653.25
20310,1263.75,647.25
20310,1038.0,645.75
20310,902.25,473.625
20310,291.375,969.75
20310,876.0,821.25
20310,475.5,810.75
20310,511.5,862.5
20310,1767.0,972.0
20313,1287.0,661.5
20313,1044.0,665.25
20313,489.0,834.75
20313,392.90625,483.0
20313,293.625,976.5
20316,1302.75,660.0
20316,1051.5,669.75
20316,641.25,519.375
20316,483.75,834.0
20316,294.5625,978.0
20316,764.25,591.75
20316,984.0,516.75
20316,395.34375,485.25
20319,1318.5,656.25
20319,1065.0,663.75
20319,970.5,518.625
20319,490.5,844.5
20319,295.125,975.0
20319,639.75,517.5
20319,772.3125,586.5
20322,1078.5,670.875
20322,490.5,849.75
20322,1336.5,652.5
20322,644.25,517.5
20322,877.5,829.5
20322,404.625,481.5
20322,295.5,973.5
20322,955.5,517.875
20322,1395.0,486.375
20325,1086.75,680.25
20325,1371.0,660.0
20325,486.375,842.25
20325,880.5,830.25
20325,644.625,519.0
20325,951.0,522.75
20325,295.5,973.5
20325,411.75,477.75
20328,1091.25,684.0
20328,1392.0,657.375
20328,486.0,849.0
20328,943.5,528.0
20328,882.0,832.5
20328,645.375,517.125
20328,295.125,973.5
20328,414.0,470.25
20328,754.5,596.25
20328,856.5,498.75
20331,1399.5,660.0
20331,1111.5,686.25
20331,646.5,515.25
20331,937.5,529.875
20331,484.5,843.0
20331,294.75,973.5
20331,882.0,832.5
20331,1647.0,435.75
20331,415.5,468.75
20331,848.25,509.25
20334,1410.0,655.875
20334,1145.25,683.625
20334,931.5,528.0
20334,484.875,843.0
20334,879.0,832.5
20334,294.75,973.5
20334,421.5,467.625
20334,633.75,513.375
20334,831.0,519.375
20334,1741.5,423.375
20334,119.6015625,974.25
20334,1566.0,463.5
20337,1434.0,657.75
20337,1171.5,683.25
20337,928.5,529.5
20337,480.0,842.25
20337,423.375,466.875
20337,294.375,972.75
20337,886.5,827.25
20337,1741.5,424.125
20337,643.125,518.25
20337,119.15625,973.5
20337,1566.0,462.0
20340,629.25,520.5
20340,1203.0,705.75
20340,848.8125,837.0
20340,493.125,840.75
20340,927.0,525.75
20340,1462.5,659.25
20340,750.75,582.75
20340,294.75,973.5
20340,426.375,459.375
20340,1741.5,422.25
20340,119.9765625,974.25
20340,1471.5,975.0
20343,1222.5,710.25
20343,636.0,520.875
20343,868.5,838.5
20343,498.75,838.5
20343,1482.0,661.5
20343,927.0,523.875
20343,294.5625,973.5
20343,119.53125,973.5
20343,1741.5,420.75
20346,1227.75,715.5
20346,503.25,844.5
20346,644.625,513.375
20346,1497.0,670.875
20346,928.5,519.75
20346,292.875,971.25
20346,435.375,454.875
20346,898.5,837.75
20346,388.875,978.0
20346,1740.0,419.25
20346,852.0,531.0
20346,814.5,861.0
20346,117.3515625,975.0
20349,1268.25,717.0
20349,504.75,843.0
20349,1497.75,660.0
20349,291.375,967.5
20349,647.25,508.875
20349,925.5,506.625
20349,832.5,859.5
20349,740.25,579.75
20349,907.5,832.5
20349,443.25,449.625
20352,1305.0,699.0
20352,1506.75,659.25
20352,641.25,510.0
20352,508.875,842.25
20352,921.0,508.5
20352,1767.0,973.5
20352,933.75,819.0
20355,1324.5,705.75
20355,1540.5,656.25
20355,523.125,819.0
20355,637.5,520.125
20355,279.9375,960.0
20355,1767.0,973.5
20355,911.25,523.875
20358,1344.75,720.75
20358,1569.0,653.25
20358,888.0,601.5
20358,516.375,790.5
20358,904.5,535.125
20358,1761.0,975.0
20358,918.0,865.5
20358,270.375,960.0
20358,918.75,827.25
20361,1365.0,731.25
20361,1582.5,658.5
20361,801.75,521.625
20361,537.75,807.75
20361,940.5,852.75
20361,1749.0,972.0
20361,888.0,600.0
20361,897.0,865.5
20361,718.875,579.75
20361,259.5,957.0
20361,1878.0,969.0
20361,354.0,969.0
20364,1377.0,731.25
20364,1602.0,659.25
20364,943.5,857.25
20364,546.0,838.5
20364,801.75,546.0
20364,711.0,574.5
20364,1734.0,971.25
20364,898.5,534.0
20364,249.75,957.0
20367,1603.5,661.5
20367,1406.25,738.75
20367,801.0,551.25
20367,552.75,846.0
20367,1866.0,972.0
20367,1731.0,970.5
20367,681.0,559.5
20367,237.1875,955.5
20367,894.0,543.75
20367,873.75,866.25
20370,555.75,844.5
20370,669.0,561.0
20370,1717.5,972.0
20370,799.5,537.0
20370,1851.0,973.5
20370,1473.0,725.25
20370,223.6875,953.25
20370,1615.5,669.75
20373,1491.75,725.25
20373,666.75,640.5
20373,1675.5,661.875
20373,569.25,843.0
20373,1710.0,972.0
20373,1839.0,970.5
20373,212.4375,952.5
20373,801.75,535.5
20373,852.0,865.5
20373,308.0625,969.75
20376,1513.5,734.25
20376,1695.0,972.75
20376,199.125,951.0
20376,582.375,838.5
20376,1696.5,663.75
20376,1830.0,973.5
20376,916.5,609.75
20376,835.5,545.625
20376,843.0,867.75
20376,1107.75,862.5
20379,852.75,537.75
20379,651.0,636.375
20379,1686.0,972.75
20379,189.09375,951.0
20379,595.875,828.75
20379,922.5,608.25
20379,1816.5,979.5
20379,1719.0,665.625
20379,1063.5,850.5
20379,1155.75,858.0
20379,829.5,867.0
20379,1515.0,973.5
20379,737.25,492.75
20379,1581.0,735.75
20382,927.0,609.75
20382,865.5,527.25
20382,597.75,858.75
20382,1674.0,973.5
20382,175.3125,949.5
20382,1803.0,976.5
20382,1239.0,803.25
20382,1893.0,972.0
20382,1120.5,852.0
20382,816.0,865.5
20385,945.0,608.25
20385,608.25,856.5
20385,1662.0,972.0
20385,1545.0,506.625
20385,164.8125,947.25
20385,1792.5,972.0
20385,1801.5,675.0
20385,1887.0,972.0
20385,1684.5,666.75
20385,871.5,504.375
20385,693.75,603.0
20385,58.40625,963.0
20388,1160.25,846.0
20388,957.75,601.875
20388,1773.0,975.0
20388,1647.0,973.5
20388,1875.0,973.5
20388,1308.75,817.5
20388,147.28125,947.25
20388,622.5,856.5
20388,678.0,627.0
20388,1545.375,490.5
20388,472.5,411.0
20388,1500.0,972.0
20391,1794.0,723.0
20391,1629.0,973.5
20391,1861.5,973.5
20391,958.5,604.5
20391,1746.0,972.0
20391,1357.5,784.5
20391,668.25,565.5
20391,124.5,946.5
20391,1226.25,788.25
20391,658.5,857.25
20391,1483.5,971.25
20394,954.0,610.125
20394,1803.0,705.75
20394,798.0,492.0
20394,1251.75,789.75
20394,101.53125,945.0
20394,1831.5,972.0
20394,1385.25,801.75
20394,1725.0,972.0
20394,1605.0,975.0
20394,659.25,855.0
20394,1537.5,475.5
20394,749.25,862.5
20394,986.25,426.0
20397,1405.5,853.5
20397,1816.5,707.25
20397,481.5,403.875
20397,1791.0,975.0
20397,794.25,490.5
20397,1678.5,963.0
20397,936.0,603.75
20397,60.515625,937.5
20397,1549.5,976.5
20397,1257.0,846.0
20397,1165.5,864.0
20400,1515.0,975.0
20400,724.5,813.0
20400,644.25,566.25
20400,1746.0,967.5
20400,471.75,397.875
20400,1642.5,970.5
20400,420.375,964.5
20400,33.3515625,942.0
20400,1842.0,678.0
20400,839.25,491.25
20400,1860.0,972.0
20403,1852.5,663.0
20403,714.75,828.75
20403,1806.0,975.0
20403,1689.0,969.0
20403,367.6875,969.0
20406,646.875,564.75
20406,424.59375,971.25
20406,1288.5,821.25
20406,304.5,972.0
20406,429.75,393.75
20406,303.375,945.75
20406,1623.0,967.5
20406,1737.0,975.0
20406,707.25,802.5
20409,388.40625,385.125
20409,350.625,971.25
20409,1255.5,850.5
20409,709.5,796.5
20409,1659.0,969.75
20409,892.5,595.5
20409,226.5,954.75
20412,1821.0,691.5
20412,862.5,592.5
20412,590.25,567.0
20412,272.25,972.0
20412,685.5,819.75
20412,129.7734375,972.75
20412,149.71875,958.5
20415,1770.0,678.0
20415,828.0,587.25
20415,424.875,971.25
20415,182.34375,974.25
20415,63.9375,963.0
20415,649.875,819.75
20415,38.34375,970.5
20415,302.0625,388.875
20418,1722.0,660.75
20418,343.5,972.0
20418,716.25,492.75
20418,251.25,382.875
20418,1215.0,849.75
20418,1395.75,774.0
20418,87.703125,975.0
20421,1672.5,634.875
20421,251.0625,974.25
20421,658.875,487.5
20421,492.75,565.5
20421,201.375,381.75
20421,1653.0,973.5
20421,993.0,864.0
20421,777.75,582.75
20424,153.2109375,976.5
20424,437.25,564.75
20424,736.125,571.5
20424,1635.0,633.75
20424,138.0,387.375
20424,915.0,864.0
20424,612.75,813.75
20427,393.75,560.25
20427,1335.0,759.0
20427,65.0625,972.0
20427,1599.0,627.0
20427,616.5,807.0
20427,97.78125,390.0
20427,1159.5,833.25
20427,620.25,492.375
20427,715.5,549.75
20430,1568.625,628.5
20430,388.125,584.25
20430,704.25,581.25
20430,586.5,496.5
20430,1363.5,747.75
20430,614.25,831.75
20430,1338.75,748.5
20430,71.015625,387.0
20430,875.25,864.75
20430,764.25,864.0
20430,975.0,862.5
20433,1551.0,621.75
20433,414.0,582.75
20433,713.25,863.25
20433,598.5,853.5
20433,819.0,862.5
20433,1366.5,678.0
20433,921.0,864.0
20433,1545.375,975.0
20436,404.25,580.5
20436,1554.0,619.5
20436,1357.5,755.25
20436,993.75,418.125
20436,406.59375,975.0
20436,663.0,819.75
20436,655.5,862.5
20436,40.640625,406.5
20436,112.96875,972.0
20436,873.0,865.5
20436,250.5,969.0
20436,1218.0,747.75
20439,1370.25,734.25
20439,414.375,590.625
20439,1536.375,609.375
20439,972.75,414.0
20439,69.5625,973.5
20439,353.0625,975.0
20439,606.0,862.5
20439,719.25,861.75
20439,822.0,864.0
20439,434.625,591.0
20439,1005.0,864.0
20439,193.3125,975.0
20442,433.5,590.25
20442,1554.0,600.0
20442,45.328125,972.75
20442,1383.0,738.75
20442,313.875,974.25
20442,698.625,840.75
20442,1273.5,769.5
20442,565.875,864.0
20442,680.25,860.25
20442,1849.5,975.0
20445,1540.5,597.375
20445,436.125,583.5
20445,630.375,861.0
20445,1422.0,666.75
20445,753.0,798.75
20445,260.25,974.25
20445,1794.0,975.0
20448,1296.75,838.5
20448,1519.5,590.625
20448,573.75,864.0
20448,203.671875,972.0
20448,43.734375,972.0
20448,680.625,862.5
20448,1737.0,975.0
20448,863.25,862.5
20448,466.125,921.0
20448,464.25,573.75
20448,777.0,820.5
20451,1509.0,587.25
20451,510.75,863.25
20451,617.25,862.5
20451,774.75,853.5
20451,1565.625,363.0
20451,1863.0,974.25
20451,749.25,558.0
20451,405.0,964.5
20451,1674.0,975.0
20451,867.0,411.0
20451,1276.5,813.0
20451,453.0,552.75
20454,1455.0,594.0
20454,801.0,861.75
20454,1340.25,825.0
20454,1792.5,970.5
20454,838.5,404.25
20454,202.125,975.75
20454,741.0,861.75
20454,458.25,604.5
20454,1606.5,972.75
20454,557.625,865.5
20454,335.625,962.25
20454,447.0,889.5
20457,1437.0,580.5
20457,1293.0,829.5
20457,1716.0,971.25
20457,804.0,859.5
20457,266.4375,969.0
20457,802.5,399.75
20457,678.75,863.25
20457,456.75,597.75
20457,381.375,900.75
20457,1396.5,706.5
20457,1536.0,972.0
20457,708.75,576.375
20457,383.0625,937.5
20460,690.75,581.25
20460,206.25,939.0
20460,612.0,864.0
20460,811.5,858.0
20460,309.75,900.0
20460,415.5,967.5
20463,423.09375,600.375
20463,799.3125,849.0
20463,138.3984375,957.0
20463,1581.0,973.5
20463,550.5,865.5
20463,704.25,585.0
20463,248.25,912.0
20463,1472.25,364.125
20466,84.65625,962.25
20466,708.0,588.75
20466,1460.25,363.75
20466,849.0,814.5
20466,192.0,919.5
20466,1299.0,804.0
20466,429.0,564.0
20466,1524.75,975.0
20466,193.078125,954.0
20469,44.578125,964.5
20469,1302.0,787.5
20469,1452.0,370.875
20469,697.875,587.625
20469,856.5,814.5
20469,386.25,378.375
20469,262.6875,930.0
20469,140.4140625,924.75
20469,450.0,608.25
20469,1287.75,871.5
20469,1486.5,973.5
20472,868.5,836.25
20472,1299.75,783.0
20472,98.53125,939.0
20472,1467.0,376.125
20472,1374.0,657.0
20472,1863.0,938.25
20472,409.125,943.5
20472,350.25,973.5
20472,231.328125,971.25
20472,793.5,864.0
20472,448.125,613.5
20472,1377.75,840.0
20475,466.5,620.25
20475,1461.0,382.5
20475,56.390625,946.5
20475,1392.75,703.5
20475,894.0,839.25
20475,181.3125,966.0
20475,712.5,587.25
20475,1320.75,786.75
20475,306.5625,970.5
20475,372.1875,949.5
20478,1257.75,571.5
20478,471.75,618.0
20478,918.75,799.5
20478,1398.75,701.25
20478,1461.0,381.375
20478,1335.75,783.0
20478,34.734375,943.5
20481,1464.0,381.0
20481,952.5,830.25
20481,493.5,614.25
20481,116.0625,973.5
20481,1393.5,704.25
20481,248.25,976.5
20481,316.125,951.0
20484,521.25,610.5
20484,626.25,580.5
20484,975.0,843.0
20484,1237.5,561.75
20484,749.25,579.75
20484,1399.5,731.25
20484,87.46875,954.0
20487,761.625,584.25
20487,541.875,612.0
20487,858.0,481.5
20487,1417.5,698.25
20487,1005.0,850.5
20487,64.5,952.5
20487,621.75,411.75
20487,1249.5,564.75
20487,65.8125,972.0
20490,1399.5,793.5
20490,1019.25,836.25
20490,1237.5,570.0
20490,42.1875,963.75
20490,1086.75,870.0
20490,585.75,614.25
20490,441.75,396.375
20490,578.625,612.0
20490,862.5,474.0
20490,1265.25,300.0
20490,246.0,958.5
20493,1404.75,794.25
20493,1223.25,578.625
20493,775.5,576.75
20493,1032.0,822.75
20493,580.125,610.5
20493,912.0,483.375
20493,224.671875,966.0
20493,1194.0,834.0
20493,1662.0,923.25
20493,33.703125,954.0
20496,1218.0,580.5
20496,594.0,619.125
20496,1404.75,782.25
20496,798.75,580.5
20496,947.25,468.0
20496,1051.5,825.75
20496,198.703125,969.0
20499,595.125,619.5
20499,822.0,581.25
20499,1403.25,786.0
20499,1186.5,560.625
20499,441.0,972.0
20499,1492.5,384.75
20502,801.75,583.5
20502,589.5,621.0
20502,1401.0,748.5
20502,981.0,469.5
20502,1176.0,567.75
20502,900.0,480.75
20502,1095.0,790.5
20502,423.75,973.5
20502,47.953125,420.375
20505,1179.0,590.25
20505,801.0,582.75
20505,1109.25,797.25
20505,576.0,617.25
20505,928.5,477.75
20505,1411.5,745.5
20505,36.8671875,970.5
20505,1002.75,463.125
20505,409.40625,973.5
20505,52.41796875,419.625
20508,795.0,579.75
20508,556.5,615.375
20508,1412.25,746.25
20508,1116.0,794.25
20508,393.375,974.25
20508,1198.5,588.75
20508,804.75,311.25
20508,1485.75,405.0
20508,622.5,418.875
20511,789.75,584.25
20511,541.5,615.75
20511,1119.75,806.25
20511,97.40625,420.0
20511,1489.5,407.625
20511,387.75,975.0
20514,786.0,585.0
20514,538.5,621.75
20514,1120.5,818.25
20514,1224.0,576.375
20514,632.625,426.0
20514,1419.0,685.5
20514,115.3125,420.0
20514,1483.5,418.875
20514,372.375,975.0
20517,778.6875,584.25
20517,529.5,627.75
20517,1123.5,810.75
20517,136.6875,416.625
20517,638.625,427.875
20517,1032.0,506.625
20517,1413.0,687.0
20520,770.8125,589.5
20520,623.25,424.5
20520,517.5,628.5
20520,154.875,419.25
20520,1120.5,813.0
20520,1405.5,686.25
20520,1245.75,601.5
20520,1040.25,535.875
20520,344.625,975.75
20520,765.375,321.9375
20523,765.0,592.5
20523,636.0,425.25
20523,501.75,621.75
20523,1119.75,814.5
20523,171.9375,419.25
20523,1391.25,688.5
20523,1069.5,465.0
20523,1452.75,420.375
20523,178.125,978.0
20523,1521.0,934.5
20526,750.0,595.5
20526,1114.5,822.0
20526,494.25,633.375
20526,649.875,428.25
20526,1377.0,688.5
20526,1443.0,424.5
20526,422.625,978.0
20526,1257.0,592.875
20526,1509.75,936.0
20526,316.875,973.5
20526,1047.0,859.5
20526,181.6875,423.0
20526,1080.0,573.75
20529,744.0,596.25
20529,1111.5,823.5
20529,660.75,431.25
20529,1370.25,689.25
20529,306.5625,973.5
20529,202.828125,418.5
20529,1098.0,569.25
20529,474.75,634.125
20529,1434.0,423.75
20532,737.25,597.0
20532,679.5,425.625
20532,1107.0,823.5
20532,1360.5,696.0
20532,1427.25,424.5
20532,471.0,636.75
20532,410.15625,973.5
20532,145.125,976.5
20532,230.4375,417.0
20532,304.125,973.5
20535,728.25,599.25
20535,1096.5,824.25
20535,467.25,639.75
20535,1349.25,683.25
20535,678.75,405.0
20535,1426.5,426.0
20535,1297.5,786.75
20535,408.375,975.0
20535,298.5,972.0
20535,1114.5,865.5
20538,718.5,597.0
20538,462.0,642.0
20538,1075.5,824.25
20538,680.25,391.875
20538,1354.5,669.0
20538,1271.25,781.5
20538,134.2265625,978.0
20538,1425.75,427.125
20538,404.15625,976.5
20541,456.75,640.875
20541,700.125,577.125
20541,1059.75,827.25
20541,691.5,398.25
20541,1356.0,669.75
20541,274.5,408.75
20541,1419.0,425.25
20541,125.8125,973.5
20541,1137.0,610.5
20544,458.25,639.75
20544,697.125,598.5
20544,1051.5,816.75
20544,1417.5,424.5
20544,1356.0,667.5
20544,232.078125,976.5
20544,114.1640625,972.0
20544,1243.5,775.5
20547,688.5,599.25
20547,444.0,643.5
20547,1044.0,828.0
20547,1354.5,677.25
20547,1417.5,423.75
20547,295.5,400.875
20547,1240.5,787.5
20547,237.75,978.0
20547,732.0,462.75
20550,684.0,598.5
20550,1018.5,828.0
20550,443.25,645.0
20550,1354.5,673.875
20550,732.0,474.0
20550,1417.5,423.75
20550,303.0,401.25
20550,489.75,448.875
20553,1013.25,829.5
20553,682.5,599.25
20553,440.25,645.75
20553,734.25,457.125
20553,1350.0,658.5
20553,323.0625,402.75
20553,1417.5,423.75
20553,490.5,450.0
20553,1030.5,868.5
20556,1008.0,828.0
20556,675.75,597.75
20556,434.25,642.75
20556,746.25,468.375
20556,1416.75,424.125
20556,325.875,402.375
20556,485.25,447.0
20556,1029.0,870.0
20556,1347.75,656.25
20556,95.25,972.0
20556,1146.0,461.25
20559,668.25,599.25
20559,429.75,642.375
20559,762.75,475.5
20559,1000.5,826.5
20559,1143.0,777.75
20559,1416.0,423.0
20559,1159.5,480.0
20559,688.5,321.375
20559,480.75,447.75
20559,321.375,401.625
20559,1028.25,869.25
20562,663.75,598.5
20562,765.0,478.5
20562,426.75,642.0
20562,1124.25,768.75
20562,1162.5,482.25
20562,999.0,819.0
20562,1416.0,423.375
20562,220.3125,978.75
20562,476.625,449.25
20562,686.625,323.4375
20562,323.625,400.5
20562,1026.75,868.5
20565,657.0,599.25
20565,770.8125,478.5
20565,996.0,820.5
20565,423.0,646.5
20565,1169.25,480.75
20565,1323.0,640.875
20565,1414.5,423.75
20565,1111.5,772.5
20565,214.546875,980.25
20565,295.875,949.5
20565,322.125,396.375
20565,1497.0,956.25
20568,656.625,606.0
20568,420.75,646.5
20568,993.0,822.75
20568,771.75,477.0
20568,1092.0,762.0
20568,1318.5,635.25
20568,1414.5,422.625
20568,323.625,394.875
20568,209.25,979.5
20568,681.75,318.75
20568,1174.5,484.125
20568,1496.25,957.0
20571,654.75,606.0
20571,780.0,477.0
20571,418.40625,645.75
20571,991.5,829.5
20571,1059.0,756.75
20571,1314.0,633.75
20571,1413.0,421.5
20571,207.1875,978.0
20571,319.5,395.25
20571,1496.25,958.5
20571,681.0,319.875
20574,654.0,606.375
20574,1037.25,763.5
20574,416.625,646.5
20574,1306.5,636.0
20574,786.75,481.875
20574,987.0,831.0
20574,1411.5,422.625
20574,207.0,977.25
20574,1496.25,958.5
20574,679.5,320.25
20574,321.75,394.5
20577,654.0,606.75
20577,414.375,645.75
20577,787.6875,481.5
20577,1305.0,629.25
20577,1020.75,765.0
20577,986.25,819.75
20577,1413.0,425.25
20577,1323.0,623.625
20577,1495.5,958.5
20577,679.5,321.375
20580,652.875,607.125
20580,788.8125,483.75
20580,412.125,645.0
20580,984.0,819.75
20580,1311.0,627.0
20580,1411.5,423.0
20580,1497.0,958.5
20580,1092.0,867.0
20580,321.0,393.75
20583,654.0,606.75
20583,403.40625,645.0
20583,792.0,483.75
20583,982.5,822.75
20583,1314.0,630.0
20583,1410.0,424.5
20583,321.0,393.375
20583,969.0,627.75
20583,1497.0,959.25
20583,679.5,324.75
20583,286.3125,951.0
20586,653.625,606.75
20586,389.625,639.0
20586,790.5,486.0
20586,994.5,819.0
20586,942.0,715.5
20586,1411.5,425.25
20586,1019.25,869.25
20586,205.6875,975.0
20586,1320.0,624.0
20589,653.25,607.5
20589,382.5,638.25
20589,790.5,484.5
20589,996.0,818.25
20589,925.5,736.5
20589,1411.5,428.25
20589,321.1875,394.125
20589,1018.5,868.5
20589,1495.5,960.0
20592,654.0,607.5
20592,373.875,644.25
20592,792.1875,483.375
20592,908.25,729.0
20592,991.5,816.0
20592,1329.75,616.5
20592,1412.25,430.125
20592,470.625,456.75
20592,1019.25,868.5
20592,1495.5,958.5
20595,372.75,646.5
20595,654.0,606.0
20595,994.5,817.5
20595,799.5,486.0
20595,888.0,732.75
20595,1335.0,625.5
20595,472.5,453.75
20595,1408.5,428.625
20595,1020.0,867.0
20595,320.4375,391.5
20595,796.5,523.5
20595,1497.0,957.75
20595,680.25,320.25
20595,207.328125,975.75
20598,649.5,603.375
20598,349.5,645.75
20598,800.8125,488.25
20598,1002.75,816.75
20598,873.0,729.75
20598,472.5,452.25
20598,797.25,535.125
20598,327.375,390.375
20598,1338.0,614.25
20598,1019.25,866.25
20598,289.875,948.75
20598,208.5,976.5
20598,1495.5,957.75
20601,645.0,600.0
20601,325.3125,643.5
20601,793.6875,476.25
20601,1005.0,816.0
20601,1347.0,612.75
20601,831.75,727.5
20601,472.5,453.75
20601,1239.75,522.75
20601,682.5,319.5
20601,288.9375,945.0
20604,309.75,646.5
20604,810.0,717.75
20604,645.375,599.25
20604,1003.5,824.25
20604,1349.25,610.875
20604,778.6875,465.0
20604,469.5,453.75
20604,1229.25,520.5
20607,302.0625,647.25
20607,639.375,600.0
20607,772.5,723.75
20607,999.75,829.5
20607,765.0,479.25
20607,1356.0,628.5
20607,766.5,722.25
20607,471.75,458.25
20607,323.0625,390.375
20607,1213.5,534.0
20610,284.25,648.0
20610,685.5,720.0
20610,995.25,828.0
20610,471.75,459.75
20610,759.0,471.75
20610,320.25,390.0
20610,600.75,590.25
20610,1350.0,611.25
20610,1354.5,622.5
20610,1504.5,954.0
20610,307.125,976.5
20610,687.75,308.0625
20613,249.75,648.0
20613,653.25,723.0
20613,994.5,838.5
20613,1362.0,630.0
20613,458.25,457.875
20613,306.375,954.0
20613,1140.0,520.125
20613,318.375,385.875
20613,1382.25,454.5
20613,1029.0,866.25
20613,1507.5,952.5
20613,224.25,977.25
20613,1186.5,864.0
20613,315.5625,972.0
20613,86.71875,975.0
20616,235.546875,651.0
20616,1372.5,631.5
20616,643.5,728.25
20616,308.625,957.0
20616,981.0,832.5
20616,448.125,464.25
20616,408.75,955.5
20616,1158.0,525.75
20616,1030.5,865.5
20616,1150.5,533.25
20616,1509.0,952.5
20616,175.40625,957.0
20616,87.09375,972.0
20619,220.078125,654.75
20619,1138.5,544.5
20619,573.75,727.5
20619,1374.0,637.5
20619,960.75,830.25
20619,441.375,463.875
20619,1511.25,954.0
20619,1074.0,303.75
20619,1032.0,866.25
20619,315.375,949.5
20619,1776.0,935.25
20619,412.125,965.25
20619,675.0,450.75
20622,195.328125,658.5
20622,558.0,716.25
20622,1378.5,644.25
20622,939.75,834.0
20622,419.625,476.25
20622,1442.25,576.75
20622,1779.0,937.5
20622,1513.5,952.5
20622,1392.0,392.25
20622,1075.5,302.25
20622,1034.25,867.0
20622,315.1875,946.5
20622,414.75,961.5
20625,144.3515625,660.75
20625,513.75,710.25
20625,921.0,857.25
20625,1122.0,582.0
20625,1387.5,650.25
20625,597.375,454.5
20625,1782.0,937.5
20625,1455.0,516.75
20625,1077.0,301.3125
20625,400.5,469.5
20625,1033.5,867.0
20625,1516.5,951.75
20625,94.78125,973.5
20625,416.90625,970.5
20625,329.25,973.5
20628,910.5,861.0
20628,119.7890625,659.25
20628,1392.0,656.25
20628,462.75,717.0
20628,566.25,453.75
20628,1077.0,301.3125
20628,1103.25,548.25
20628,1515.75,955.5
20628,1782.0,934.5
20628,417.375,972.0
20628,1476.0,497.625
20628,1036.5,867.0
20628,93.046875,972.0
20631,886.5,863.25
20631,84.234375,667.5
20631,1391.25,659.25
20631,418.40625,714.375
20631,1783.5,936.0
20631,1036.5,867.0
20631,1065.75,548.25
20631,1517.25,954.0
20631,540.75,457.125
20631,417.75,973.5
20634,876.75,866.25
20634,57.46875,669.75
20634,381.1875,715.5
20634,1066.5,580.5
20634,1384.5,686.25
20634,1785.0,934.5
20634,1036.5,867.0
20634,515.25,442.5
20634,1518.75,955.5
20634,1517.25,523.5
20637,51.421875,659.25
20637,839.25,859.5
20637,1377.75,388.5
20637,1357.5,685.5
20637,1036.5,870.0
20637,1785.0,936.0
20637,1521.0,955.5
20640,1355.25,691.5
20640,817.5,849.75
20640,243.5625,726.75
20640,934.5,585.0
20640,289.5,623.25
20640,1010.25,580.125
20640,1036.5,864.75
20640,423.375,970.5
20640,1786.5,937.5
20640,1566.0,527.25
20640,1522.5,952.5
20643,1342.5,696.0
20643,190.6875,711.75
20643,1572.0,525.0
20643,1374.0,383.25
20643,800.8125,856.5
20643,981.0,607.125
20643,1525.5,954.75
20643,352.5,435.75
20643,1037.25,865.5
20643,426.75,969.0
20643,1789.5,939.0
20646,1290.0,624.75
20646,984.75,570.375
20646,1576.5,515.625
20646,293.625,446.625
20646,1377.0,379.875
20646,1523.25,951.0
20646,215.625,660.0
20646,779.25,865.5
20646,894.0,600.375
20646,126.09375,720.75
20646,1041.0,871.5
20646,427.875,972.0
20649,1294.5,694.125
20649,1576.5,519.375
20649,745.125,856.5
20649,403.875,973.5
20649,88.546875,706.5
20649,202.5,660.75
20649,437.25,963.0
20649,850.5,602.25
20649,120.0,975.0
20649,340.125,942.75
20649,235.546875,972.0
20652,821.25,606.0
20652,72.9375,679.5
20652,175.3125,672.0
20652,919.5,561.75
20652,1597.5,520.5
20652,735.375,858.0
20652,739.875,316.125
20652,1254.75,704.25
20652,251.8125,973.5
20652,240.1875,428.25
20652,145.125,979.5
20652,1398.75,365.625
20652,1560.375,943.5
20652,360.0,931.5
20655,776.25,591.75
20655,1248.75,699.75
20655,720.75,864.0
20655,1623.0,510.75
20655,90.515625,669.0
20655,934.5,526.875
20655,765.75,306.75
20655,340.875,973.5
20655,1093.5,847.5
20655,868.5,530.25
20655,284.0625,970.5
20658,768.0,575.25
20658,1250.25,698.25
20658,92.203125,674.625
20658,727.5,855.0
20658,849.0,531.75
20658,927.0,528.0
20658,744.0,864.75
20658,412.5,978.75
20661,1215.75,711.75
20661,814.5,546.375
20661,78.984375,693.75
20661,409.125,976.5
20661,1475.25,343.5
20661,736.5,855.75
20661,1648.5,924.0
20661,835.5,547.5
20664,706.5,585.75
20664,820.6875,540.375
20664,699.0,834.75
20664,1187.25,702.0
20664,1068.75,862.5
20664,88.546875,398.625
20664,583.125,867.0
20664,1695.0,920.25
20664,444.0,972.0
20664,64.546875,653.25
20664,1200.0,834.0
20664,1881.0,773.25
20667,1213.5,711.75
20667,726.0,852.75
20667,931.5,497.25
20667,628.5,864.0
20667,89.8125,409.5
20667,828.75,539.25
20667,535.125,865.5
20667,720.0,563.25
20667,1741.5,919.5
20667,64.21875,647.625
20667,913.5,283.5
20667,152.34375,973.5
20670,750.375,837.0
20670,731.625,567.75
20670,1193.25,722.25
20670,1726.5,502.5
20670,93.234375,647.25
20670,969.0,273.5625
20670,592.5,864.0
20670,903.75,526.5
20670,1812.0,924.75
20670,1302.0,820.5
20673,991.5,500.25
20673,747.0,564.75
20673,1198.5,699.75
20673,859.5,518.25
20673,730.875,792.75
20673,1782.0,509.25
20673,1387.5,820.5
20676,757.875,561.75
20676,767.8125,801.0
20676,883.5,520.125
20676,1818.0,508.5
20676,1227.75,696.375
20676,1194.0,641.25
20676,87.28125,642.75
20676,109.875,931.5
20676,1463.25,817.5
20676,1121.25,268.875
20679,939.0,504.0
20679,1222.5,646.5
20679,819.0,535.5
20679,811.6875,810.75
20679,79.78125,966.0
20679,1867.5,477.75
20679,424.5,975.75
20679,1211.25,256.5
20679,210.796875,939.0
20682,858.0,519.75
20682,815.25,786.75
20682,984.0,513.0
20682,53.71875,639.0
20682,244.3125,706.5
20682,1899.0,478.5
20682,1282.5,696.75
20682,196.546875,904.5
20682,1305.0,235.125
20685,1251.0,704.25
20685,137.25,978.0
20685,37.265625,973.5
20685,1650.0,956.25
20685,113.625,632.25
20685,242.25,678.75
20685,515.25,859.5
20685,1006.5,495.0
20685,1134.75,395.25
20685,850.5,788.25
20688,1062.0,482.25
20688,286.875,703.5
20688,165.46875,616.5
20688,106.96875,976.5
20688,1203.0,451.5
20688,264.1875,376.5
20688,906.75,808.5
20688,241.875,978.0
20688,1750.5,959.25
20688,1863.0,807.75
20691,1286.25,690.0
20691,1267.5,459.0
20691,975.0,506.25
20691,897.75,733.5
20691,207.9375,976.5
20691,1104.0,473.25
20691,1852.5,957.0
20691,341.25,970.5
20694,1320.75,438.0
20694,307.125,971.25
20694,988.5,508.125
20697,1180.5,474.75
20697,515.25,552.0
20697,1326.75,704.25
20697,415.125,972.0
20697,982.5,760.5
20697,1578.375,969.0
20697,378.0,357.0
20697,1048.5,502.875
20697,1365.0,447.375
20697,406.40625,357.75
20700,1342.5,687.75
20700,582.0,567.75
20700,1396.5,449.625
20700,980.25,777.75
20700,1204.5,504.75
20700,1668.0,972.0
20700,440.625,362.25
20703,622.875,587.625
20703,1438.5,451.5
20703,984.0,742.5
20703,1305.0,686.25
20703,383.25,624.75
20703,1740.0,972.0
20703,44.8125,968.25
20703,1101.75,494.25
20703,1204.5,481.5
20703,1629.0,970.5
20703,849.0,857.25
20706,690.375,589.5
20706,1129.5,488.25
20706,121.125,969.0
20706,1716.0,973.5
20706,1540.5,975.0
20706,996.0,784.5
20706,1839.0,975.75
20706,402.375,735.0
20706,1242.0,458.625
20706,1626.0,958.5
20709,754.125,604.5
20709,181.96875,963.0
20709,1314.0,698.25
20709,1162.5,534.0
20709,417.0,739.5
20709,1482.0,465.0
20709,1011.0,783.0
20709,504.0,361.5
20709,1272.0,483.0
20709,991.5,858.0
20709,1309.5,699.0
20709,1791.0,974.25
20712,789.0,609.375
20712,266.625,968.25
20712,1182.0,553.125
20712,991.5,817.5
20712,459.75,637.875
20712,1071.0,865.5
20712,487.5,370.5
20712,1275.0,499.875
20712,1164.75,858.0
20712,1572.375,973.5
20712,1692.0,976.5
20712,1773.0,973.5
20712,1284.0,861.75
20715,808.5,628.5
20715,483.0,649.5
20715,339.9375,972.0
20715,1005.0,835.5
20715,415.125,756.75
20715,73.6875,977.25
20715,1848.0,973.5
20715,1201.5,564.75
20715,1138.5,866.25
20715,1521.75,507.75
20715,1236.0,865.5
20715,1887.0,937.5
20715,504.0,379.5
20718,855.0,617.25
20718,411.75,975.0
20718,156.84375,977.25
20718,495.375,663.75
20718,1197.75,864.0
20718,1264.5,712.5
20718,1551.375,500.625
20718,35.109375,973.5
20718,1301.25,866.25
20718,423.375,765.0
20718,544.5,397.125
20718,879.0,842.25
20718,513.75,665.25
20718,1005.0,781.5
20721,523.5,660.75
20721,886.5,627.75
20721,572.625,404.625
20721,237.375,975.0
20721,1258.5,867.0
20721,1368.0,867.0
20721,1250.25,596.25
20721,78.09375,943.5
20724,553.5,652.125
20724,1266.0,580.5
20724,1320.0,707.25
20724,309.375,975.0
20724,906.0,619.5
20724,1570.5,484.5
20724,147.9375,933.0
20724,1318.5,868.5
20724,609.75,404.625
20724,1428.75,871.5
20727,561.375,659.25
20727,940.5,619.5
20727,1272.0,627.0
20727,1484.25,897.0
20727,607.125,405.0
20727,367.875,978.0
20727,1338.0,688.125
20727,661.5,317.625
20727,205.3125,934.5
20730,576.375,665.25
20730,1362.75,677.25
20730,418.59375,978.0
20730,618.75,409.875
20730,1527.0,904.5
20730,1410.0,865.5
20730,1285.5,639.0
20730,1869.0,972.0
20730,697.125,287.625
20730,255.9375,936.0
20733,561.75,666.0
20733,1037.25,599.25
20733,726.75,290.0625
20733,1372.5,672.0
20733,1293.0,497.25
20733,291.75,970.5
20733,1562.625,937.5
20733,627.75,406.125
20733,1323.0,660.0
20733,1449.0,922.5
20733,1698.0,970.5
20736,568.875,672.75
20736,1044.0,600.0
20736,933.0,819.0
20736,1392.0,664.875
20736,331.3125,969.0
20736,1854.0,971.25
20736,369.375,755.25
20736,1677.0,970.5
20736,1498.5,955.5
20736,639.0,411.0
20736,1599.0,916.5
20736,1740.0,972.0
20736,594.0,867.0
20739,564.75,678.0
20739,1056.0,607.5
20739,1273.5,513.375
20739,914.25,837.0
20739,657.0,404.25
20739,791.25,318.0
20739,1418.25,663.75
20739,1878.0,972.0
20739,369.375,970.5
20739,1770.0,964.5
20739,1526.25,963.0
20739,1632.0,945.0
20739,1195.5,865.5
20739,1272.75,855.75
20742,569.25,679.5
20742,1108.5,614.25
20742,889.5,809.25
20742,1272.0,522.75
20742,653.25,403.5
20742,403.875,969.0
20742,823.5,307.875
20742,1798.5,958.5
20742,1665.0,967.5
20742,1558.5,963.0
20742,1465.5,659.25
20742,1896.0,972.0
20742,1460.25,654.75
20742,1231.5,864.75
20742,1308.75,862.5
20745,564.375,690.0
20745,861.0,784.5
20745,1240.5,529.875
20745,323.8125,778.5
20745,1474.5,663.75
20745,1827.0,963.0
20745,1582.5,969.0
20745,1128.0,615.0
20745,1335.75,864.0
20745,1701.0,967.5
20745,845.25,325.3125
20745,653.625,410.25
20745,559.5,310.6875
20745,672.75,370.5
20745,1113.75,614.25
20745,424.125,969.0
20745,1176.0,864.0
20748,563.25,693.75
20748,834.0,786.0
20748,1191.75,605.25
20748,1474.5,670.5
20748,330.75,780.0
20748,1602.0,972.0
20748,867.0,326.25
20748,1846.5,969.0
20748,1713.0,966.75
20748,698.25,861.75
20748,1357.5,865.5
20748,539.25,313.875
20748,1198.5,866.25
20751,549.0,693.75
20751,1190.25,583.5
20751,1866.0,972.0
20751,1374.0,869.25
20751,803.25,813.75
20751,323.25,745.5
20751,1731.0,969.0
20751,885.0,338.25
20751,1484.25,676.5
20751,1620.0,973.5
20751,695.625,418.5
20751,1417.5,625.875
20751,451.125,957.75
20751,1216.5,867.0
20754,544.125,693.0
20754,1872.0,972.0
20754,1425.0,650.25
20754,902.25,338.625
20754,1176.0,596.25
20754,782.8125,808.5
20754,1228.5,868.5
20754,1746.0,958.5
20754,1635.0,975.0
20754,323.625,756.0
20754,1387.5,870.0
20754,702.75,410.25
20757,556.125,695.25
20757,1647.0,973.5
20757,764.25,780.75
20757,1761.0,969.75
20757,1403.25,878.25
20757,1879.5,970.5
20757,915.0,343.875
20757,721.875,402.0
20757,1437.0,547.125
20757,1242.0,868.5
20757,325.875,757.5
20760,749.25,810.0
20760,552.0,694.5
20760,1776.0,970.5
20760,1666.5,972.0
20760,1480.5,686.25
20760,1218.0,600.0
20760,1429.5,531.75
20760,1420.5,889.5
20760,1255.5,867.0
20760,741.75,405.0
20760,761.25,862.5
20760,1888.5,971.25
20760,930.75,339.0
20763,1234.5,594.0
20763,538.5,699.75
20763,731.25,808.5
20763,1678.5,972.0
20763,1503.0,684.0
20763,1788.0,970.5
20763,1140.75,508.5
20763,1261.5,865.5
20763,1590.0,644.25
20763,945.0,347.625
20763,327.0,756.0
20763,1426.5,544.875
20763,771.75,864.75
20763,92.625,938.25
20763,1437.0,921.75
20766,1110.0,513.0
20766,1251.0,585.0
20766,711.0,789.0
20766,548.25,704.25
20766,1684.5,972.0
20766,1404.75,569.25
20766,1514.25,690.75
20766,1797.0,972.0
20766,321.75,765.0
20766,786.75,864.75
20766,1268.25,865.5
20766,786.75,402.375
20766,1522.5,973.5
20766,1594.5,645.75
20766,1443.75,912.0
20769,1104.0,513.0
20769,531.375,705.0
20769,1396.5,570.75
20769,698.25,803.25
20769,1259.25,573.0
20769,1524.0,691.125
20769,1696.5,972.0
20769,1602.0,643.5
20769,1803.0,973.5
20769,808.5,400.5
20769,317.625,771.0
20769,1272.0,867.0
20769,791.8125,864.0
20769,960.0,353.25
20769,1455.0,960.0
20772,1102.5,510.375
20772,524.25,705.375
20772,1261.5,574.5
20772,1530.0,691.5
20772,1698.0,972.0
20772,1387.5,574.5
20772,1807.5,976.5
20772,1273.5,866.25
20772,675.75,843.0
20772,796.5,865.5
20772,1605.0,631.875
20772,1537.5,972.0
20772,1458.0,961.5
20775,1085.25,508.5
20775,1382.25,574.875
20775,516.0,698.25
20775,1698.0,972.0
20775,1266.75,574.125
20775,1523.25,663.0
20775,663.75,843.75
20775,1270.5,865.5
20775,1810.5,973.5
20775,847.5,402.75
20775,1608.0,633.0
20778,650.625,824.25
20778,1380.0,574.5
20778,1272.0,569.25
20778,1698.0,972.0
20778,513.0,695.25
20778,1524.0,669.75
20778,1078.5,509.25
20778,1810.5,973.5
20778,852.0,406.125
20778,1272.0,866.25
20778,972.0,360.75
20778,1608.0,629.25
20778,1457.25,963.75
20781,1272.0,570.0
20781,1380.0,576.0
20781,1059.0,509.25
20781,642.75,837.0
20781,1698.0,972.0
20781,1527.0,666.75
20781,509.25,694.5
20781,1812.0,973.5
20781,1774.5,638.25
20781,1609.5,630.0
20781,1461.0,964.5
20781,1272.0,866.25
20781,1542.375,972.0
20781,856.5,402.375
20781,970.5,362.25
20784,1374.0,573.75
20784,632.25,830.25
20784,1272.0,571.5
20784,1047.0,513.0
20784,1526.25,660.0
20784,1701.0,972.0
20784,1813.5,972.75
20784,510.0,689.25
20784,1608.0,628.5
20784,1741.5,626.25
20784,1276.5,865.5
20787,1371.75,574.5
20787,1272.0,573.0
20787,626.25,833.25
20787,1524.0,658.5
20787,507.75,688.5
20787,1045.5,511.875
20787,1815.0,972.0
20787,1701.0,972.0
20787,1609.5,631.875
20787,1716.0,630.75
20787,1279.5,865.5
20787,1376.25,870.0
20787,1461.75,972.0
20787,808.5,866.25
20787,305.8125,769.5
20790,1522.5,653.25
20790,618.0,830.25
20790,1372.5,584.25
20790,1275.0,579.0
20790,1815.0,972.0
20790,504.0,687.75
20790,1704.0,972.0
20790,1045.5,513.75
20790,1615.5,630.75
20790,1284.75,868.5
20790,1695.0,635.25
20790,1465.5,972.0
20790,812.25,865.5
20790,157.3125,933.0
20793,614.25,833.25
20793,1374.0,579.0
20793,1521.0,653.625
20793,1278.0,581.25
20793,1816.5,972.0
20793,1707.0,972.75
20793,1611.0,612.75
20793,1038.0,511.875
20793,1291.5,868.5
20793,504.75,682.5
20793,1668.0,639.75
20793,814.5,864.75
20796,1372.5,587.25
20796,1516.5,668.25
20796,609.0,816.0
20796,1279.5,579.0
20796,1819.5,972.0
20796,1704.0,972.75
20796,506.25,689.25
20796,922.5,405.75
20796,1039.5,511.5
20796,1636.5,636.75
20796,1468.5,974.25
20796,815.25,864.75
20799,1371.75,588.0
20799,602.625,813.0
20799,1510.5,672.0
20799,1279.5,578.25
20799,1821.0,972.75
20799,1621.5,634.5
20799,925.5,411.75
20799,1707.0,973.5
20799,505.5,690.0
20799,1036.5,512.25
20799,815.8125,865.5
20799,1294.5,872.25
20802,1368.0,588.0
20802,595.5,813.0
20802,1033.5,513.75
20802,1509.0,662.25
20802,1279.5,576.75
20802,1819.5,972.0
20802,514.5,681.75
20802,1707.0,973.5
20802,816.1875,865.5
20802,1297.5,870.0
20802,932.25,408.0
20802,360.0,384.375
20805,1356.75,570.75
20805,1033.5,515.25
20805,508.5,682.5
20805,586.5,807.0
20805,1499.25,657.0
20805,1821.0,972.75
20805,1707.0,972.75
20805,1280.25,576.75
20805,817.3125,865.5
20808,1035.0,516.75
20808,507.0,681.0
20808,1354.5,572.25
20808,586.5,798.75
20808,1710.0,972.75
20808,1822.5,974.25
20808,1482.0,657.0
20808,1471.5,964.5
20808,1282.5,579.375
20808,1549.5,628.125
20808,817.5,867.0
20811,592.875,792.75
20811,1710.0,973.5
20811,1824.0,975.0
20811,1353.0,588.75
20811,1035.75,512.625
20811,1614.0,594.375
20811,1473.0,966.0
20811,1284.0,579.0
20811,507.0,682.5
20811,168.46875,940.5
20811,1539.0,630.75
20811,1299.75,868.5
20811,317.25,771.75
20814,1713.0,973.5
20814,580.125,795.0
20814,1614.0,593.25
20814,1343.25,589.875
20814,1824.0,975.0
20814,1290.75,576.0
20814,1476.0,651.0
20814,509.25,681.75
20814,1476.0,971.25
20814,1038.0,513.0
20814,170.25,936.75
20817,1461.0,650.25
20817,1713.0,973.5
20817,579.75,787.5
20817,1618.5,591.0
20817,1825.5,975.0
20817,1341.0,582.0
20817,1291.5,559.5
20817,1041.0,513.75
20817,1476.0,973.5
20817,171.5625,937.5
20817,510.0,694.5
20820,1441.5,652.5
20820,1713.0,972.0
20820,1621.5,586.5
20820,1827.0,975.0
20820,584.25,773.25
20820,171.09375,937.5
20820,1477.5,963.75
20820,1291.5,556.875
20820,512.25,690.0
20820,1336.5,578.625
20820,318.5625,771.0
20823,1713.0,972.75
20823,1431.0,648.0
20823,1830.0,975.0
20823,1308.0,587.25
20823,582.0,769.5
20823,172.125,933.75
20823,515.25,691.5
20823,1626.0,574.5
20823,1038.0,515.625
20823,1479.0,972.0
20823,320.25,768.0
20826,1422.0,649.875
20826,1714.5,972.0
20826,577.875,790.5
20826,1830.0,975.0
20826,174.09375,937.5
20826,1036.5,516.0
20826,1306.5,585.75
20826,516.0,694.5
20826,1480.5,972.0
20826,1620.0,571.5
20826,1563.0,971.25
20829,1714.5,972.0
20829,1303.5,588.375
20829,1411.5,639.0
20829,1830.0,975.0
20829,580.875,782.25
20829,173.625,934.5
20829,516.75,691.5
20829,1564.5,973.5
20829,315.1875,422.625
20829,1043.25,519.375
20829,1484.25,973.5
20829,830.25,865.5
20832,1293.0,586.875
20832,1716.0,972.75
20832,1380.0,648.0
20832,1830.0,975.0
20832,1040.25,519.0
20832,578.25,775.5
20832,174.9375,936.75
20832,515.25,693.0
20832,1564.5,970.5
20832,1480.5,971.25
20832,307.5,421.5
20832,829.5,865.5
20832,322.125,766.5
20835,1353.0,650.25
20835,1717.5,972.75
20835,1278.0,585.0
20835,1830.0,975.0
20835,569.25,767.25
20835,174.28125,936.75
20835,1039.5,521.25
20835,1483.5,974.25
20835,514.5,693.75
20835,1566.0,970.5
20835,831.0,865.5
20835,322.5,766.5
20838,1348.5,654.75
20838,1717.5,972.75
20838,1275.0,586.5
20838,1041.0,522.375
20838,1830.0,975.0
20838,569.25,760.5
20838,173.15625,933.75
20838,1482.0,973.5
20838,1566.375,971.25
20838,513.0,691.5
20838,300.5625,430.5
20838,831.0,865.5
20841,1716.0,973.5
20841,1333.5,643.125
20841,1828.5,973.5
20841,1041.0,527.25
20841,1274.25,582.75
20841,1479.0,971.25
20841,1564.5,970.5
20841,173.4375,933.75
20841,298.875,432.75
20841,512.625,692.25
20841,831.0,865.5
20841,1360.5,617.25
20844,1719.0,973.5
20844,1332.0,639.75
20844,1830.0,973.5
20844,1264.5,582.75
20844,1480.5,973.5
20844,1638.0,548.25
20844,1564.5,972.0
20844,173.0625,933.75
20844,297.0,434.25
20844,1354.5,608.25
20844,1044.0,526.5
20844,535.5,749.25
20844,831.0,865.5
20847,1719.0,973.5
20847,1827.0,973.5
20847,1479.0,972.75
20847,1275.0,650.25
20847,1341.0,613.5
20847,1644.0,547.5
20847,542.25,747.0
20847,1046.25,527.25
20847,1566.375,971.25
20847,292.125,438.75
20847,173.90625,934.5
20847,831.0,865.5
20847,1297.5,870.0
20850,1720.5,973.5
20850,1479.0,972.0
20850,1828.5,972.0
20850,528.75,741.0
20850,1040.25,525.75
20850,1272.0,646.5
20850,1566.0,970.5
20850,174.09375,933.75
20850,1329.0,607.125
20850,283.5,441.0
20853,1719.0,973.5
20853,1479.0,972.0
20853,1827.0,973.5
20853,519.0,736.5
20853,1045.5,529.875
20853,1566.0,970.5
20853,173.34375,933.75
20853,1274.25,646.5
20853,1671.0,544.5
20853,279.75,445.875
20853,1650.0,542.25
20853,1299.75,870.0
20856,1717.5,973.5
20856,513.0,730.5
20856,1824.0,975.0
20856,1241.25,646.5
20856,1476.0,972.0
20856,1308.0,607.125
20856,1563.0,972.0
20856,173.0625,935.25
20856,1047.0,534.75
20856,274.875,445.5
20859,1716.0,973.5
20859,1305.0,600.0
20859,1475.25,972.0
20859,1236.0,649.5
20859,1822.5,973.5
20859,510.0,728.25
20859,1561.5,972.0
20859,172.78125,936.0
20859,271.875,448.5
20859,1055.25,534.0
20859,1297.5,867.75
20862,1713.0,972.75
20862,1297.5,595.5
20862,505.5,726.75
20862,1821.0,975.0
20862,1470.0,978.75
20862,1204.5,650.25
20862,170.0625,936.0
20862,1055.25,535.125
20862,268.875,450.75
20862,1654.5,526.5
20862,1560.0,970.5
20862,317.0625,769.5
20865,1713.0,973.5
20865,495.0,720.75
20865,1290.0,597.0
20865,1818.0,975.0
20865,1189.5,648.0
20865,1464.0,970.5
20865,1057.5,531.75
20865,1650.0,526.125
20865,166.875,936.0
20865,262.875,456.0
20868,1813.5,973.5
20868,1710.0,973.5
20868,1284.75,596.25
20868,475.875,719.25
20868,1059.0,530.25
20868,1170.75,644.25
20868,1460.25,970.5
20868,1269.75,594.75
20868,1638.0,521.625
20868,166.125,936.0
20868,465.75,703.5
20871,1144.5,645.75
20871,1263.75,591.75
20871,1809.0,975.75
20871,463.5,716.25
20871,1707.0,972.0
20871,1053.0,534.75
20871,1456.5,969.0
20871,1304.25,569.625
20871,1285.5,867.0
20871,1548.0,972.75
20871,507.0,690.75
20871,160.59375,942.0
20871,1638.0,504.75
20874,1254.0,590.25
20874,1702.5,972.75
20874,1806.0,976.5
20874,456.75,717.0
20874,1139.25,645.75
20874,1048.5,545.25
20874,1458.0,972.0
20874,1548.375,973.5
20874,502.5,699.75
20874,157.125,937.5
20874,1300.5,566.25
20874,1626.0,505.125
20874,1285.5,867.0
20877,1695.0,973.5
20877,1254.0,591.75
20877,1803.0,975.0
20877,426.75,715.5
20877,496.5,692.25
20877,1453.5,970.5
20877,153.5625,939.0
20877,1540.5,973.5
20877,1043.25,545.25
20877,1126.5,629.25
20877,1618.5,510.75
20880,1698.0,973.5
20880,1249.5,591.75
20880,1800.0,973.5
20880,493.125,693.75
20880,152.71875,937.5
20880,414.0,713.25
20880,1449.0,967.5
20880,1107.0,634.5
20880,1617.0,501.75
20880,1539.0,972.0
20880,1294.5,555.375
20880,244.6875,475.5
20880,1284.75,868.5
20883,1695.0,973.5
20883,1245.0,590.25
20883,1798.5,973.5
20883,497.25,696.0
20883,410.625,712.5
20883,152.4375,938.25
20883,1444.5,964.5
20883,1084.5,627.75
20883,244.5,480.75
20883,1283.25,868.5
20883,982.5,497.25
20886,1243.5,591.0
20886,1695.0,973.5
20886,1800.0,973.5
20886,493.875,699.0
20886,406.5,710.25
20886,152.25,939.0
20886,1065.0,631.5
20886,244.875,486.75
20886,1444.5,964.5
20886,1608.0,495.0
20886,979.5,499.5
20886,1542.0,973.5
20886,1281.75,867.0
20889,1695.0,973.5
20889,1243.5,594.75
20889,402.0,705.0
20889,1800.0,972.0
20889,489.0,707.25
20889,152.34375,939.0
20889,1048.5,628.5
20889,246.0,483.75
20889,981.0,490.875
20889,1446.0,963.75
20889,1605.0,493.875
20889,1542.375,973.5
20889,1282.5,867.75
20892,1242.0,596.25
20892,1698.0,973.5
20892,1803.0,971.25
20892,1044.0,628.5
20892,482.25,707.625
20892,397.5,680.625
20892,153.0,939.0
20892,246.0,488.25
20892,987.0,498.0
20892,1446.0,963.75
20892,1543.5,973.5
20892,808.6875,865.5
20895,1243.5,597.0
20895,1698.0,973.5
20895,1809.0,972.0
20895,483.75,709.5
20895,394.875,678.75
20895,1042.5,624.75
20895,153.375,939.0
20895,1600.5,496.5
20895,248.625,491.625
20895,1447.5,964.5
20895,988.5,496.875
20895,1542.375,973.5
20898,1221.75,962.25
20898,824.25,852.75
20898,139.5,919.5
20898,1677.0,975.0
20898,1710.0,306.0
20898,315.375,471.0
20898,585.375,360.375
20898,1359.0,255.375
20898,63.421875,882.0
20898,1153.5,283.875
20898,1601.625,198.375
20898,542.25,357.75
20901,888.0,852.0
20901,167.71875,912.0
20901,1621.5,976.5
20901,1203.75,877.5
20901,1779.0,295.875
20901,652.875,360.0
20901,358.5,453.75
20901,73.875,943.5
20901,1437.75,246.1875
20901,1297.5,277.5
20901,1890.0,292.5
20904,227.625,900.0
20904,1197.75,879.0
20904,1546.5,975.75
20904,1821.0,285.0
20904,945.0,867.0
20904,719.25,352.125
20904,435.75,452.25
20904,76.03125,965.25
20904,1504.5,232.5
20904,556.5,435.375
20904,1363.5,264.0
20907,329.953125,879.0
20907,800.8125,338.25
20907,73.59375,969.75
20907,1408.5,974.25
20907,515.25,439.5
20907,1194.0,871.5
20907,1008.75,820.5
20907,1857.0,283.125
20907,1602.375,224.4375
20907,1444.5,255.375
20910,437.25,875.25
20910,79.96875,967.5
20910,1285.5,976.5
20910,891.0,327.0
20910,1162.5,831.0
20910,605.625,426.75
20910,1534.5,248.0625
20910,656.625,427.5
20910,1687.5,211.125
20910,1333.5,258.75
20913,481.5,870.0
20913,77.109375,963.75
20913,1222.5,970.5
20913,1188.75,745.5
20913,948.75,335.625
20913,662.25,429.375
20913,795.0,402.75
20913,1740.0,214.5
20913,1363.5,260.4375
20913,1590.0,247.875
20913,715.5,423.75
20916,533.25,874.5
20916,1206.0,780.75
20916,68.90625,966.75
20916,1152.0,873.75
20916,1018.5,321.375
20916,727.5,424.125
20916,1654.5,251.4375
20916,1839.0,215.625
20916,868.5,402.0
20916,1803.0,215.25
20916,1377.75,262.125
20916,1209.0,237.75
20919,654.75,868.5
20919,1222.5,874.5
20919,1096.5,308.25
20919,1066.5,866.25
20919,1728.0,255.375
20919,78.5625,967.5
20919,800.8125,425.25
20919,1296.0,870.0
20919,1521.0,269.4375
20919,1674.0,259.6875
20919,1446.0,270.9375
20922,817.5,868.5
20922,965.25,866.25
20922,101.0625,957.0
20922,1765.5,257.0625
20922,1192.5,870.0
20922,1555.5,274.6875
20922,1321.5,860.25
20922,1134.0,106.875
20922,696.75,869.25
20922,1720.5,262.125
20922,927.0,420.75
20925,1147.5,873.0
20925,1356.0,859.5
20925,704.625,870.0
20925,882.0,862.5
20925,1794.0,261.1875
20925,1590.0,275.625
20925,159.375,963.0
20925,102.1875,962.25
20925,961.5,876.0
20925,870.0,867.0
20925,992.25,435.75
20928,173.34375,940.5
20928,920.8125,784.5
20928,1027.5,875.25
20928,1390.5,834.0
20928,1819.5,260.8125
20928,1642.5,275.25
20928,731.25,870.75
20928,149.90625,72.75
20928,1217.25,333.75
20928,335.8125,58.59375
20931,900.0,720.75
20931,1054.5,873.0
20931,1428.75,967.5
20931,171.75,942.0
20931,1251.0,342.1875
20931,186.1875,496.5
20931,600.375,873.0
20931,1842.0,261.375
20931,1686.0,283.875
20931,192.75,71.90625
20931,162.375,73.5
20934,1475.25,968.25
20934,193.125,956.25
20934,1044.75,873.75
20934,978.0,814.5
20934,470.625,966.75
20934,1289.25,353.25
20934,1726.5,288.5625
20934,1860.0,261.5625
20934,212.625,76.875
20937,1521.0,972.0
20937,1035.0,875.25
20937,353.625,972.0
20937,175.3125,955.5
20937,1324.5,360.375
20937,1057.5,649.5
20937,1782.0,295.5
20937,1062.0,383.25
20937,297.0,87.28125
20937,266.25,89.34375
20940,1567.5,972.0
20940,268.3125,970.5
20940,1041.0,872.25
20940,189.375,923.25
20940,1188.0,455.625
20940,1812.0,306.375
20940,1362.75,366.0
20940,1014.0,226.5
20940,112.5,283.6875
20940,1405.5,359.625
20943,1608.0,970.5
20943,1080.0,870.0
20943,188.8125,971.25
20943,1242.0,689.25
20943,222.375,828.0
20943,401.15625,120.1875
20943,1831.5,302.4375
20943,1043.25,206.25
20943,127.5234375,325.125
20943,1728.0,320.25
20946,1112.25,877.5
20946,1649.625,974.25
20946,1329.75,810.0
20946,243.9375,960.0
20946,453.65625,130.78125
20946,1854.0,313.125
20946,1828.5,321.75
20946,71.0625,356.25
20946,1489.5,377.625
20949,1108.5,879.0
20949,1686.0,972.75
20949,285.5625,969.0
20949,1430.25,943.5
20949,498.0,137.25
20949,1185.0,439.125
20949,56.296875,340.125
20952,1105.5,876.0
20952,1725.0,976.5
20952,304.5,971.25
20952,1494.0,841.5
20952,529.5,135.9375
20952,1212.0,461.25
20952,146.625,968.25
20952,54.84375,969.0
20952,1330.5,443.625
20952,639.75,121.875
20952,1449.0,190.5
20955,1094.25,878.25
20955,354.5625,972.75
20955,1755.0,973.5
20955,1377.0,444.75
20955,118.03125,973.5
20955,1215.0,468.75
20955,148.125,724.5
20955,1486.5,346.125
20955,1501.5,883.5
20955,561.375,136.3125
20955,51.890625,725.25
20955,52.359375,556.875
20955,1815.0,97.875
20955,669.375,123.375
20958,1093.5,870.75
20958,1685.625,974.25
20958,365.25,872.25
20958,1251.0,497.25
20958,1407.0,456.0
20958,148.3125,919.5
20958,585.0,140.25
20958,1616.625,396.0
20958,1533.75,399.75
20958,304.875,976.5
20958,266.25,972.75
20958,257.4375,283.875
20961,1767.0,970.5
20961,1071.75,871.5
20961,344.25,966.0
20961,121.59375,975.0
20961,1270.5,507.375
20961,1422.0,438.75
20961,603.75,141.9375
20961,389.625,976.5
20961,250.875,261.75
20961,1564.5,402.0
20964,1761.0,975.0
20964,1026.0,879.0
20964,119.0625,976.5
20964,375.75,968.25
20964,1290.0,518.25
20964,616.5,148.78125
20964,1436.25,442.125
20964,385.875,96.46875
20964,1563.0,400.875
20967,1761.0,976.5
20967,966.75,886.5
20967,359.625,975.75
20967,113.0625,972.75
20967,1281.75,528.0
20967,1452.75,472.5
20967,662.25,868.5
20967,623.625,158.0625
20967,1638.0,414.0
20967,156.7734375,593.25
20967,1584.375,421.875
20967,891.75,128.25
20970,1762.5,975.0
20970,935.25,873.0
20970,316.875,976.5
20970,642.75,168.375
20970,1480.5,493.5
20970,1308.0,541.875
20970,1366.5,534.375
20970,747.75,155.25
20970,1665.0,408.75
20973,1770.0,973.5
20973,914.25,872.25
20973,336.0,971.25
20973,1329.0,544.5
20973,664.5,171.375
20973,773.25,162.1875
20973,1521.0,484.5
20973,439.40625,118.03125
20973,937.5,145.3125
20973,529.59375,588.0
20973,38.8125,971.25
20973,68.484375,372.75
20973,58.59375,967.5
20976,1792.5,967.5
20976,947.8125,874.5
20976,363.375,972.0
20976,101.25,946.5
20976,713.25,182.625
20976,1585.5,499.125
20976,832.5,168.375
20976,1395.0,553.125
20976,981.75,153.9375
20976,1761.0,427.125
20976,1449.0,548.25
20976,102.75,495.75
20976,486.75,123.75
20979,1013.8125,873.75
20979,1812.0,936.75
20979,132.1875,957.0
20979,419.625,976.5
20979,759.75,177.375
20979,1452.0,552.0
20979,885.0,166.6875
20979,1639.5,498.75
20979,1815.0,421.125
20979,1028.25,153.0
20979,531.75,123.75
20982,1133.25,927.0
20982,1830.0,968.25
20982,165.5625,956.25
20982,1506.75,555.375
20982,447.75,976.5
20982,1686.0,503.25
20982,931.5,166.875
20982,803.25,178.125
20982,1071.0,152.625
20982,1839.0,428.25
20982,574.125,124.40625
20985,1090.5,874.5
20985,478.125,958.5
20985,840.75,189.9375
20985,1842.0,969.0
20985,974.25,171.5625
20985,1573.5,976.5
20985,191.15625,904.5
20985,1623.375,558.0
20985,1119.0,155.4375
20985,610.125,129.0
20985,106.6875,934.5
20985,1738.5,523.125
20988,1095.75,874.5
20988,547.875,957.0
20988,1662.0,567.75
20988,223.5,937.5
20988,1714.5,976.5
20988,1846.5,970.5
20988,874.5,192.0
20988,1008.0,179.25
20988,1146.75,156.75
20988,645.75,134.71875
20988,1843.5,968.25
20991,1103.25,876.0
20991,1698.375,579.0
20991,615.0,973.5
20991,1821.0,975.0
20991,1040.25,187.6875
20991,287.25,955.5
20991,910.5,202.3125
20991,157.03125,979.5
20991,1851.0,811.5
20991,1182.0,164.8125
20991,1851.0,893.25
20994,627.75,961.5
20994,1110.0,871.5
20994,345.1875,970.5
20994,1728.0,588.0
20994,939.75,210.375
20994,1069.5,194.8125
20994,1860.0,972.0
20994,96.9375,235.3125
20994,1210.5,178.5
20994,1851.0,822.75
20994,710.25,150.5625
20994,155.71875,984.75
20997,643.5,973.5
20997,1094.25,873.0
20997,396.75,966.75
20997,1845.0,969.0
20997,1731.0,589.5
20997,946.5,216.0
20997,103.21875,241.125
20997,1219.5,183.1875
20997,1078.5,202.5
21000,1065.0,877.5
21000,1839.0,970.5
21000,632.25,974.25
21000,1731.0,593.625
21000,438.375,972.0
21000,946.5,217.5
21000,158.4375,975.75
21000,1221.0,187.5
21000,101.0625,241.125
21000,1090.5,201.75
21000,720.375,156.9375
21000,223.5,237.1875
21003,1039.5,874.5
21003,1842.0,972.75
21003,611.15625,976.5
21003,446.625,975.75
21003,1725.0,605.25
21003,945.0,225.5625
21003,146.8125,973.5
21003,1218.75,192.75
21003,102.5625,262.875
21003,721.5,167.625
21006,1021.5,876.0
21006,1842.0,972.0
21006,617.90625,977.25
21006,446.34375,969.75
21006,1713.0,623.25
21006,137.4375,976.5
21006,1223.25,209.0625
21006,101.4375,268.125
21006,939.0,243.75
21006,720.75,183.5625
21009,1038.0,873.75
21009,1672.5,652.5
21009,1863.0,972.0
21009,129.75,971.25
21009,1225.5,232.875
21009,937.5,265.5
21009,630.0,972.0
21009,102.375,306.375
21009,1836.0,597.75
21009,720.75,214.5
21012,1055.25,876.75
21012,1657.5,681.375
21012,1872.0,968.25
21012,154.03125,981.0
21012,1836.0,608.25
21012,943.5,292.875
21012,1236.0,259.875
21012,106.3125,332.25
21012,641.25,974.25
21012,372.375,623.25
21012,230.4375,525.375
21015,1653.0,709.5
21015,1083.75,881.25
21015,1836.0,621.375
21015,1872.0,968.25
21015,614.625,975.75
21015,164.25,980.25
21015,957.0,322.875
21015,1242.0,288.375
21015,735.0,264.75
21015,388.125,645.75
21015,359.25,193.125
21018,1650.0,728.25
21018,1092.0,888.75
21018,174.65625,980.25
21018,1842.0,639.0
21018,1878.0,969.75
21018,128.8125,367.875
21018,1254.0,303.0
21018,1857.0,972.75
21018,248.25,346.875
21018,621.65625,970.5
21021,1651.5,731.25
21021,1083.0,887.25
21021,592.5,973.5
21021,1845.0,645.0
21021,1884.0,971.25
21021,169.3125,984.0
21021,1260.75,310.125
21021,129.1875,381.375
21021,409.59375,367.125
21021,750.75,290.625
21021,272.625,576.0
21024,1630.5,739.5
21024,594.375,969.0
21024,1065.75,879.0
21024,1855.5,638.25
21024,170.8125,990.75
21024,1884.0,963.0
21024,1273.5,310.875
21024,758.625,289.875
21024,414.65625,386.625
21024,1027.5,225.1875
21024,133.40625,376.875
21027,1636.5,745.5
21027,1041.0,876.0
21027,598.5,962.25
21027,64.875,565.5
21027,1284.0,314.625
21027,156.65625,1063.5
21027,427.40625,387.0
21027,145.125,376.5
21027,65.390625,721.125
21027,60.890625,206.625
21030,1656.0,750.75
21030,1023.0,880.5
21030,613.125,951.0
21030,1309.5,315.1875
21030,203.25,979.5
21030,1156.5,332.625
21030,1061.25,241.125
21030,67.5,208.125
21033,1663.5,765.0
21033,1026.75,876.0
21033,238.5,978.75
21033,637.5,931.5
21033,1330.5,322.6875
21033,1218.0,330.0
21033,1155.0,338.0625
21033,1239.0,333.375
21033,1837.5,654.75
21033,450.84375,417.75
21036,1668.0,774.0
21036,655.5,864.0
21036,67.3125,425.25
21036,217.875,965.25
21036,1350.0,329.625
21036,1248.0,342.0
21036,464.15625,408.0
21036,1846.5,691.5
21036,1020.75,365.25
21036,811.5,304.875
21039,1677.0,783.0
21039,178.5,398.25
21039,693.75,867.75
21039,89.71875,687.375
21039,1287.0,345.75
21039,478.875,420.0
21039,1837.5,673.5
21039,1373.25,331.875
21042,1689.0,798.0
21042,1317.0,348.75
21042,109.125,723.75
21042,844.5,329.625
21042,1290.0,289.5
21045,1699.5,807.0
21045,1347.0,350.625
21045,200.4375,426.75
21045,1138.5,292.875
21045,116.34375,501.75
21048,1702.5,811.5
21048,1347.0,354.375
21048,528.75,497.25
21048,121.5,505.125
21051,1687.5,817.5
21051,537.75,446.625
21051,1341.0,358.125
21051,218.8125,445.125
21051,115.03125,504.0
21051,1150.5,278.625
21054,1692.0,822.0
21054,1329.0,358.125
21054,532.5,460.875
21054,211.875,442.5
21054,1845.0,709.125
21054,1851.0,537.0
21054,1149.0,258.75
21054,1474.5,353.625
21057,1697.625,827.25
21057,1326.0,364.875
21057,530.625,719.25
21057,522.75,448.875
21057,1479.75,358.5
21057,1848.0,708.75
21057,1202.25,381.75
21057,677.25,877.5
21057,195.9375,460.5
21057,1147.5,277.875
21057,1854.0,568.5
21060,1692.0,840.0
21060,1323.0,366.375
21060,1848.0,667.5
21060,505.875,728.625
21060,462.09375,296.0625
21060,1485.0,347.625
21060,1153.5,250.5
21060,729.75,217.875
21060,176.4375,728.25
21060,197.25,452.625
21060,333.375,414.0
21060,1861.5,196.5
21060,1505.25,234.0
21060,89.90625,268.875
21063,1659.375,843.0
21063,1346.25,358.875
21063,1474.5,363.0
21063,76.3125,266.25
21063,179.4375,449.25
21063,1851.0,683.25
21063,321.75,412.875
21063,1011.0,450.375
21063,1851.0,537.375
21063,1863.0,240.75
21066,1851.0,547.125
21066,1857.0,240.375
21072,1345.5,519.75
21072,537.0,564.375
21072,678.75,675.0
21072,999.0,499.125
21072,894.0,459.75
21072,1345.5,519.75
21075,545.625,563.25
21075,724.5,675.0
21075,1351.5,541.5
21075,1002.75,489.375
21075,890.25,461.25
21078,554.25,556.5
21078,1353.0,548.25
21078,736.5,663.0
21078,1011.0,501.75
21078,885.0,466.125
21081,575.625,547.5
21081,777.0,618.75
21081,1019.25,512.25
21081,1360.5,585.75
21084,790.5,607.5
21084,1031.25,526.875
21084,1357.5,577.875
21084,607.125,534.75
21084,871.5,540.0
21084,959.25,383.625
21087,1048.5,530.25
21087,1368.0,577.5
21087,799.3125,589.125
21087,656.25,534.75
21087,633.75,534.0
21087,956.25,387.75
21087,874.5,584.25
21090,1377.75,608.625
21090,1064.25,523.5
21090,684.0,530.25
21093,1379.25,625.875
21093,1104.0,585.0
21093,875.25,579.75
21096,1377.0,630.75
21096,639.75,433.5
21096,1110.0,588.0
21099,1377.0,627.75
21099,1143.75,583.5
21099,639.75,438.0
21099,773.25,458.25
21102,1371.75,636.75
21102,1158.0,592.5
21102,800.8125,543.375
21102,637.5,440.625
21102,944.25,584.625
21102,264.9375,516.75
21105,1383.0,667.5
21105,1186.5,576.0
21105,808.6875,540.75
21105,973.5,583.125
21105,633.75,454.5
21108,1386.0,690.75
21108,837.0,546.75
21108,1226.25,593.625
21108,630.75,453.75
21108,973.5,573.75
21111,1391.25,701.25
21111,1252.5,627.375
21111,837.0,558.75
21111,936.0,475.5
21111,629.25,459.0
21111,1023.75,509.25
21114,1416.0,700.5
21114,850.5,549.375
21114,1277.25,663.75
21114,625.5,449.625
21114,954.0,484.125
21117,856.5,524.25
21117,1450.5,698.25
21117,1096.5,658.875
21117,1295.25,688.5
21117,979.5,466.125
21120,1474.5,709.5
21120,864.75,552.375
21120,1007.25,468.0
21120,605.25,465.0
21123,871.5,561.0
21123,1227.0,738.0
21123,1034.25,496.5
21123,1492.5,745.5
21123,602.25,464.25
21123,661.5,395.25
21126,1504.5,778.5
21126,882.0,565.875
21126,1066.5,518.625
21126,600.75,462.375
21126,1224.0,729.0
21126,951.0,386.625
21126,528.0,394.875
21126,663.75,375.375
21129,1512.75,796.5
21129,888.75,572.625
21129,598.125,465.0
21129,527.625,396.0
21129,1087.5,503.25
21129,957.0,389.625
21132,1518.0,800.25
21132,893.25,576.0
21132,1260.0,688.5
21132,526.875,397.125
21132,595.125,471.375
21132,1189.5,699.0
21132,388.125,438.375
21132,1117.5,490.125
21132,960.75,390.0
21135,1533.75,794.25
21135,909.0,574.125
21135,1153.5,726.0
21135,593.625,472.5
21135,1243.5,681.0
21135,923.25,532.125
21135,526.5,397.875
21138,1543.5,801.75
21138,1155.0,732.75
21138,927.75,552.0
21138,593.625,470.625
21138,1119.0,436.875
21138,946.5,542.25
21138,1237.5,648.0
21141,1547.625,800.25
21141,957.0,535.5
21141,1179.0,648.0
21141,593.25,472.5
21144,1533.0,817.5
21144,1153.5,626.25
21144,981.0,525.75
21144,597.75,474.0
21144,610.5,444.75
21147,1510.5,819.75
21147,1140.0,636.75
21147,1002.0,518.25
21147,615.75,443.25
21147,1257.0,598.5
21147,1272.0,585.0
21147,613.5,450.0
21147,1234.5,608.25
21150,1512.0,824.25
21150,1302.0,573.375
21150,1027.5,514.5
21150,618.75,447.75
21150,1137.75,604.5
21150,1263.0,594.0
21150,1161.0,621.75
21150,1114.5,594.75
21150,610.5,474.375
21153,1501.5,828.0
21153,1284.75,603.75
21153,615.75,448.125
21153,1170.75,621.0
21153,514.5,399.0
21156,1451.25,808.5
21156,1120.5,636.375
21156,514.5,398.625
21156,617.25,450.75
21156,1306.5,614.25
21159,1360.5,798.0
21159,617.25,456.375
21159,1272.75,620.25
21159,1023.0,397.5
21159,515.625,398.625
21162,1332.75,868.5
21162,1401.0,621.0
21162,619.5,450.75
21162,1129.5,644.25
21162,1029.0,398.25
21162,1291.5,555.0
21165,1417.5,645.375
21165,1272.0,881.25
21165,620.25,452.25
21165,1195.5,670.125
21165,1305.75,624.75
21165,1036.5,403.125
21165,706.5,370.875
21168,1174.5,882.0
21168,620.25,462.375
21168,1410.0,669.0
21168,1056.0,405.75
21168,708.75,377.625
21168,1324.5,629.25
21168,1439.25,435.375
21168,1176.75,524.25
21171,624.75,468.375
21171,1203.0,880.5
21171,1065.0,409.875
21171,1369.5,710.25
21171,1111.5,877.5
21171,712.5,384.0
21171,1411.5,712.5
21171,518.25,398.25
21174,1023.0,865.5
21174,624.0,469.5
21174,1399.5,729.0
21174,1071.0,405.0
21174,1216.5,706.875
21174,1401.75,711.75
21177,997.5,839.25
21177,1404.75,726.75
21177,625.125,474.0
21177,1072.5,413.25
21177,516.75,398.625
21180,947.25,780.75
21180,1377.75,750.75
21180,623.625,474.375
21180,736.875,384.0
21180,1080.75,408.75
21180,516.75,399.0
21183,858.75,780.75
21183,624.375,475.5
21183,1479.0,638.25
21183,1089.75,413.25
21183,1242.75,832.5
21183,747.0,382.5
21183,1359.0,832.5
21186,1263.75,848.25
21186,819.75,747.75
21186,1450.5,658.5
21186,627.75,477.75
21186,1092.0,404.625
21189,804.0,732.0
21189,1245.0,819.0
21189,1468.5,662.25
21189,633.75,489.0
21189,1095.0,404.25
21189,1251.0,511.5
21192,1185.0,796.5
21192,639.75,498.75
21192,798.0,691.125
21192,1101.75,405.75
21192,1478.25,654.75
21192,1501.5,659.625
21192,1486.5,659.625
21192,1551.0,563.25
21195,1132.5,812.25
21195,769.3125,672.75
21195,1202.25,713.25
21195,642.375,513.0
21195,1511.25,646.5
21195,1101.0,404.25
21198,744.75,664.875
21198,1009.5,786.0
21198,1182.75,623.25
21198,1537.5,659.25
21198,644.25,510.75
21198,1285.5,479.625
21198,1366.5,441.375
21201,651.0,511.5
21201,756.0,673.5
21201,1293.0,475.125
21201,973.5,779.25
21201,1563.0,660.75
21201,1180.5,657.0
21201,1365.75,441.75
21204,1569.0,650.625
21204,658.5,531.375
21204,1303.5,480.0
21204,925.5,729.75
21204,782.25,672.75
21204,1164.0,489.75
21204,1167.0,711.0
21207,1584.0,646.5
21207,1314.0,478.5
21207,791.25,677.25
21207,665.25,542.25
21207,894.0,699.0
21207,834.75,693.0
21207,1530.0,495.0
21210,1062.0,614.625
21210,810.75,678.75
21210,1608.0,643.5
21210,1324.5,480.75
21210,1531.5,493.5
21210,754.5,679.5
21213,1018.5,630.75
21213,1110.0,397.875
21213,1330.5,477.75
21213,1527.0,494.25
21213,88.96875,915.0
21213,754.125,682.5
21213,791.25,681.75
21216,990.0,680.25
21216,770.25,695.625
21216,1108.5,402.75
21216,1342.5,480.375
21216,1526.25,496.875
21216,88.828125,913.5
21216,1629.0,648.75
21216,831.0,684.0
21219,957.75,707.25
21219,1108.5,399.375
21219,1347.75,480.0
21219,756.75,687.75
21219,88.59375,915.0
21219,1530.75,493.125
21219,818.25,685.5
21219,1348.5,462.75
21222,918.0,714.75
21222,1354.5,482.25
21222,777.75,701.25
21222,1110.0,399.0
21222,1651.5,623.25
21222,88.5,915.0
21222,1526.25,494.25
21225,1359.0,490.875
21225,906.0,717.75
21225,1110.75,397.125
21225,88.3125,909.75
21225,1647.0,615.75
21225,762.375,695.25
21225,773.8125,696.0
21225,1528.5,493.5
21228,885.0,706.875
21228,1356.0,490.5
21228,1112.25,395.25
21228,770.25,696.75
21228,758.625,699.75
21228,751.5,696.0
21228,1530.0,494.625
21228,88.21875,912.75
21231,882.0,700.5
21231,1113.0,395.625
21231,1356.75,490.5
21231,772.5,694.125
21234,882.0,694.5
21234,1113.75,395.625
21234,1357.5,489.0
21234,763.5,700.875
21234,691.125,496.5
21237,911.25,667.5
21237,1359.75,489.75
21237,1114.5,393.75
21237,744.0,697.5
21240,910.5,657.75
21240,833.25,632.25
21240,740.25,690.0
21240,1359.0,491.25
21240,1115.25,391.125
21243,738.75,691.5
21243,926.25,630.0
21243,841.5,661.5
21243,1356.0,492.0
21243,1116.0,392.625
21246,945.0,608.625
21246,856.5,614.25
21246,750.0,682.5
21246,1356.75,491.625
21246,1116.0,391.5
21249,971.25,600.75
21249,740.25,673.5
21249,874.5,606.75
21249,1117.5,386.25
21249,1360.5,490.875
21249,822.0,387.0
21249,516.75,397.5
21252,889.5,613.5
21252,994.5,610.5
21252,735.375,682.5
21252,1359.0,491.25
21252,1119.0,382.875
21252,1356.0,492.0
21252,823.5,386.625
21255,705.0,671.25
21255,996.75,611.25
21255,891.0,601.875
21255,1360.5,490.875
21255,1119.0,381.0
21255,823.5,387.375
21255,1373.25,490.875
21258,687.0,663.75
21258,906.75,612.0
21258,1000.5,612.0
21258,1119.0,376.125
21258,714.75,663.0
21258,822.0,387.75
21261,890.25,603.75
21261,1002.75,606.75
21261,700.875,658.875
21261,1365.0,492.75
21261,90.609375,905.25
21261,1118.25,372.375
21264,919.5,610.5
21264,1012.5,606.375
21264,677.625,668.25
21264,1119.0,372.0
21264,703.875,646.5
21264,1365.0,485.25
21264,87.75,900.75
21264,697.875,669.375
21267,918.0,621.0
21267,994.5,639.75
21267,658.5,662.25
21267,91.03125,897.75
21267,707.25,636.0
21267,1366.5,479.25
21267,1122.0,367.875
21267,693.0,671.25
21267,674.25,671.25
21270,656.25,654.75
21270,97.5,882.75
21270,979.5,650.25
21270,708.0,569.25
21270,912.0,624.0
21270,1365.0,477.75
21270,1123.5,360.0
21270,1330.5,429.75
21273,627.0,628.875
21273,953.25,641.25
21273,706.5,560.25
21273,1366.5,476.625
21273,1125.0,358.125
21273,1326.0,427.5
21273,99.65625,877.5
21276,605.25,619.5
21276,689.625,560.25
21276,948.75,642.75
21276,1366.5,474.0
21276,1126.5,359.25
21276,101.90625,877.5
21279,589.125,618.0
21279,668.25,546.0
21279,931.5,711.0
21279,1371.0,465.75
21279,1413.0,451.875
21282,912.0,801.75
21282,579.375,603.0
21282,660.0,548.25
21282,1374.0,465.0
21282,1311.0,428.25
21285,906.0,803.25
21285,564.0,576.75
21285,652.5,555.0
21285,1372.5,464.25
21288,558.75,560.25
21288,971.25,580.5
21288,641.25,549.75
21288,1377.0,463.125
21288,862.6875,799.5
21291,819.75,869.25
21291,558.0,555.0
21291,970.5,584.25
21291,637.5,543.0
21291,1378.5,463.5
21291,135.9609375,855.75
21291,1294.5,411.75
21294,785.25,909.0
21294,966.0,543.75
21294,552.75,528.375
21294,1378.5,456.0
21294,1285.5,413.25
21294,627.0,498.0
21294,135.9375,831.75
21300,1222.5,354.0
21300,1773.0,740.25
21300,498.375,450.0
21303,1782.0,758.25
21303,1224.0,366.0
21303,906.0,442.5
21306,904.5,444.0
21306,1789.5,802.5
21306,1236.75,389.25
21306,477.0,456.375
21309,471.0,455.25
21309,1257.0,396.75
21309,1785.0,834.0
21309,898.5,430.875
21312,1263.75,402.75
21312,471.0,458.25
21312,1785.0,850.5
21312,952.5,438.75
21312,862.5,418.5
21315,1786.5,863.25
21315,468.75,466.875
21315,1282.5,420.0
21318,1791.0,868.5
21318,1295.25,426.75
21318,909.0,430.875
21318,1209.75,397.125
21318,816.75,385.875
21318,387.75,445.875
21321,1201.5,389.625
21321,1310.25,440.25
21321,1791.0,886.5
21324,1198.5,394.5
21324,1323.0,467.25
21324,835.5,467.25
21324,1785.0,898.5
21327,1201.5,440.625
21327,1330.5,487.5
21327,787.3125,471.0
21327,952.5,340.875
21330,1222.5,468.75
21330,1351.5,505.5
21330,840.0,510.75
21330,767.25,500.25
21330,1208.25,461.25
21330,955.5,330.0
21330,1752.0,917.25
21330,451.5,482.25
21333,1362.0,504.0
21333,757.5,476.25
21333,831.0,524.625
21333,958.5,330.1875
21333,1233.0,464.25
21333,1749.0,924.0
21333,919.5,308.25
21333,454.5,481.5
21336,1755.0,903.75
21336,960.75,333.1875
21336,762.0,530.25
21336,463.125,489.0
21336,1368.75,503.625
21336,1249.5,456.75
21336,918.0,307.125
21336,1390.5,504.0
21336,822.0,534.0
21339,1225.5,471.75
21339,1404.0,509.625
21339,782.25,539.25
21339,1752.0,894.0
21339,470.25,491.625
21339,963.0,337.6875
21339,917.25,307.125
21342,1410.75,522.0
21342,789.0,529.5
21342,1232.25,486.75
21342,963.0,339.0
21342,1752.0,858.0
21342,472.5,491.25
21342,918.0,307.875
21345,813.75,527.625
21345,1245.0,507.0
21345,1431.75,547.875
21345,963.0,337.5
21345,475.5,490.5
21345,1750.5,903.0
21345,919.5,307.5
21345,1440.0,530.25
21348,823.6875,537.375
21348,1453.5,534.75
21348,477.75,490.5
21348,1255.5,527.625
21348,964.5,337.125
21348,924.0,305.8125
21348,1254.0,523.5
21351,481.5,489.0
21351,1457.25,567.75
21351,1258.5,552.0
21351,825.1875,545.25
21351,963.0,339.375
21351,879.75,541.875
21351,923.25,306.75
21354,826.6875,594.0
21354,487.875,495.75
21354,1458.0,592.5
21354,1269.0,564.0
21354,1366.5,375.0
21354,417.0,427.125
21357,842.25,592.5
21357,493.5,510.0
21357,1278.0,567.375
21357,1453.5,591.375
21357,1462.5,585.0
21357,1749.0,912.0
21357,958.5,338.25
21360,841.6875,587.25
21360,496.5,509.625
21360,1444.5,591.0
21360,1284.0,568.125
21360,421.5,416.625
21360,1747.5,915.75
21360,923.25,325.5
21360,957.75,332.625
21363,501.75,511.5
21363,1443.0,602.25
21363,822.75,540.75
21363,1749.0,915.0
21363,924.75,310.875
21363,424.5,421.5
21363,1294.5,577.5
21363,861.0,566.25
21363,936.0,330.0
21366,508.5,513.75
21366,1455.0,623.25
21366,850.5,530.625
21366,1747.5,918.75
21366,1294.5,568.125
21369,1438.5,622.125
21369,516.0,513.75
21369,1303.5,566.25
21369,853.5,555.0
21369,1749.0,909.75
21369,439.5,414.75
21372,1433.25,620.25
21372,882.75,549.75
21372,519.0,515.625
21372,1305.75,564.375
21372,1750.5,904.5
21375,542.25,512.625
21375,1371.0,645.0
21375,887.25,581.25
21375,1749.0,909.0
21378,227.4375,684.75
21378,1146.0,856.5
21378,739.875,514.5
21378,1006.5,644.625
21378,1855.5,972.0
21378,1756.5,964.5
21378,1629.0,968.25
21378,533.25,870.0
21378,958.5,817.5
21378,862.5,744.75
21378,1005.0,347.625
21378,100.21875,927.0
21381,224.25,685.5
21381,1141.5,858.0
21381,1008.75,643.5
21381,1857.0,972.0
21381,1756.5,964.5
21381,531.75,868.5
21381,1629.0,967.5
21381,736.5,533.25
21381,958.5,818.25
21381,861.0,744.75
21381,1005.0,347.625
21381,99.75,927.0
21384,220.078125,682.875
21384,1126.5,861.0
21384,1854.0,972.75
21384,1755.0,963.0
21384,1629.0,967.5
21384,720.0,517.5
21384,531.75,868.5
21384,1014.0,642.375
21384,858.0,753.0
21384,1005.75,348.0
21384,957.0,804.0
21384,101.8125,930.0
21387,217.3125,673.875
21387,1014.0,631.5
21387,1110.75,857.25
21387,867.0,583.5
21387,726.375,507.375
21387,1851.0,975.0
21387,1629.0,969.0
21387,531.375,869.25
21387,1753.5,964.5
21387,1005.0,348.0
21387,100.8515625,929.25
21387,849.0,747.75
21390,211.546875,675.0
21390,1018.5,616.5
21390,1098.75,853.5
21390,723.75,509.625
21390,836.25,742.5
21390,1854.0,972.0
21390,1629.0,970.5
21390,1749.0,969.0
21390,874.5,585.75
21390,533.25,870.0
21390,1008.0,347.625
21390,99.75,928.5
21390,505.5,393.0
21393,211.5,676.5
21393,1016.25,646.5
21393,829.5,744.0
21393,888.75,586.5
21393,1854.0,972.0
21393,1629.0,972.0
21393,533.625,869.25
21393,1746.0,969.0
21393,722.25,516.0
21393,1093.5,849.0
21393,1011.0,345.75
21393,100.59375,925.5
21396,213.421875,676.5
21396,1015.5,633.75
21396,534.75,870.0
21396,1858.5,972.0
21396,1755.0,967.5
21396,1630.5,972.0
21396,828.75,756.75
21396,708.0,504.75
21396,888.0,627.0
21396,1011.0,343.6875
21396,1089.75,858.0
21396,102.0,924.0
21399,212.625,676.5
21399,539.25,870.0
21399,1127.25,858.75
21399,1758.0,960.0
21399,823.5,759.75
21399,1630.5,972.0
21399,1854.0,973.5
21399,701.25,511.5
21399,894.0,626.625
21399,1018.5,633.0
21399,1010.25,345.0
21399,950.25,789.0
21402,214.875,670.5
21402,1758.0,960.0
21402,834.0,756.0
21402,1854.0,972.0
21402,1632.0,969.75
21402,909.0,624.0
21402,544.125,870.0
21402,701.25,507.0
21402,1015.5,624.75
21402,1008.0,343.875
21402,1153.5,847.5
21405,216.375,671.25
21405,1635.0,970.5
21405,1852.5,973.5
21405,1761.0,958.5
21405,831.0,755.25
21405,557.25,867.75
21405,1160.25,847.5
21405,1011.0,342.1875
21408,219.1875,666.75
21408,865.5,481.125
21408,1638.0,966.0
21408,1762.5,960.0
21408,1854.0,972.0
21408,1171.5,843.75
21408,718.875,503.25
21408,564.75,866.25
21408,1017.0,341.25
21408,997.5,626.25
21408,840.75,767.25
21411,225.046875,664.5
21411,1639.5,963.0
21411,722.625,504.0
21411,1864.5,969.0
21411,1014.0,341.25
21411,1765.5,960.0
21411,579.75,868.5
21411,972.0,627.0
21411,869.25,480.75
21411,996.0,623.625
21411,930.0,600.0
21414,229.6875,665.25
21414,874.5,480.75
21414,1644.0,964.5
21414,705.75,493.5
21414,969.0,617.25
21414,589.125,867.0
21414,1765.5,964.5
21414,1869.0,967.5
21414,844.5,760.5
21414,1216.5,853.5
21417,230.0625,665.25
21417,973.5,620.25
21417,876.0,476.25
21417,695.625,480.375
21417,600.0,866.25
21417,1228.5,856.5
21417,1644.0,966.0
21417,855.0,775.5
21417,1863.0,969.75
21417,1764.0,966.0
21417,1491.0,330.1875
21417,984.0,777.75
21417,135.46875,907.5
21420,234.046875,663.75
21420,687.375,477.0
21420,877.5,480.375
21420,1241.25,851.25
21420,972.0,619.5
21420,1642.5,966.0
21420,609.0,864.0
21420,1872.0,967.5
21420,991.5,775.5
21423,241.5,666.0
21423,616.125,864.0
21423,1644.0,964.5
21423,1255.5,860.25
21423,1872.0,964.5
21423,1491.75,328.875
21423,877.5,487.875
21423,677.25,480.75
21426,246.375,666.0
21426,1644.0,964.5
21426,1872.0,966.0
21426,619.875,864.0
21426,1491.0,330.5625
21426,673.5,472.5
21426,1266.0,860.25
21429,247.875,665.25
21429,1026.0,629.25
21429,1270.5,855.0
21429,1644.0,963.0
21429,1872.0,967.5
21429,666.75,475.5
21429,943.5,603.75
21429,1492.5,331.5
21429,622.5,862.5
21429,873.75,775.5
21432,247.125,666.0
21432,1048.5,627.0
21432,1644.0,964.5
21432,1873.5,966.75
21432,1274.25,819.0
21432,1492.5,331.5
21432,624.75,861.75
21432,870.0,776.25
21432,940.5,593.25
21432,664.5,468.0
21435,247.125,667.5
21435,1078.5,621.375
21435,1644.0,964.5
21435,1872.0,963.0
21435,666.75,453.0
21435,1291.5,825.75
21435,1491.75,332.25
21435,886.5,461.25
21435,867.0,770.25
21435,625.875,861.0
21438,248.625,664.125
21438,1870.5,964.5
21438,1118.25,646.5
21438,927.75,779.25
21438,1644.0,964.5
21438,624.375,861.75
21438,1299.0,835.5
21438,1491.0,332.25
21441,241.921875,659.25
21441,1863.0,970.5
21441,1306.5,833.25
21441,1641.0,965.25
21441,621.75,860.25
21441,887.25,477.0
21441,1137.75,645.0
21441,1491.75,331.125
21444,1182.0,649.5
21444,231.703125,669.0
21444,616.875,859.5
21444,1857.0,969.75
21444,886.5,478.5
21444,1638.0,966.0
21444,1313.25,828.0
21444,638.25,433.125
21444,1491.75,331.875
21444,1017.0,339.75
21444,1764.0,960.0
21444,852.0,750.0
21447,1191.75,657.375
21447,223.3125,672.0
21447,886.5,478.5
21447,982.5,725.25
21447,612.0,859.5
21447,851.25,745.5
21447,1860.0,969.0
21447,1636.5,963.0
21447,1323.0,830.25
21447,1017.0,340.5
21447,985.5,636.0
21447,1491.0,332.25
21447,162.0,897.0
21447,1761.0,946.5
21450,1195.5,651.75
21450,217.875,674.25
21450,1000.5,639.0
21450,609.0,858.75
21450,1860.0,969.0
21450,853.5,745.5
21450,888.0,478.125
21450,1638.0,939.0
21450,1332.0,830.25
21453,1203.0,649.5
21453,211.453125,680.625
21453,605.25,859.5
21453,639.75,441.375
21453,1869.0,958.5
21453,1011.0,638.25
21453,890.25,476.25
21453,1635.0,942.0
21453,853.5,732.75
21453,1761.0,957.0
21453,1339.5,826.5
21453,1490.25,333.375
21453,161.8125,897.0
21456,202.5,684.0
21456,1212.0,648.0
21456,1026.0,639.75
21456,1870.5,958.5
21456,643.125,461.625
21456,601.5,859.5
21456,895.5,473.25
21456,1638.0,963.0
21456,856.5,733.5
21456,1761.0,959.25
21456,1347.0,827.25
21456,161.71875,897.75
21456,939.0,771.0
21456,1490.25,333.375
21459,1213.5,645.0
21459,193.875,686.625
21459,901.5,478.125
21459,1872.0,955.5
21459,1033.5,629.25
21459,642.0,460.125
21459,1638.0,963.0
21459,599.25,858.75
21459,1355.25,827.25
21459,1761.0,959.25
21459,1491.0,333.75
21462,194.296875,684.75
21462,906.0,474.75
21462,1221.0,643.5
21462,1040.25,628.5
21462,1360.5,827.25
21462,906.0,765.75
21462,1872.0,954.0
21462,1638.0,963.0
21462,599.625,858.75
21462,1761.0,953.25
21465,1042.5,617.25
21465,194.25,687.375
21465,910.5,476.25
21465,1234.5,640.5
21465,1363.5,829.5
21465,601.875,859.5
21465,38.0625,723.75
21465,1872.0,960.0
21465,1641.0,946.5
21465,630.75,449.25
21465,1491.0,334.875
21465,900.75,744.0
21465,162.0,897.75
21465,1761.0,954.75
21468,1038.75,613.875
21468,1242.75,634.5
21468,181.78125,690.75
21468,1363.5,833.25
21468,914.25,472.125
21468,903.75,737.25
21468,605.25,859.5
21468,1872.0,957.75
21468,1491.0,334.5
21468,1641.0,964.5
21468,45.140625,725.25
21468,1762.5,954.0
21468,1030.5,342.375
21471,1038.0,611.25
21471,175.40625,692.25
21471,657.375,463.125
21471,901.5,724.875
21471,1241.25,632.25
21471,922.5,474.0
21471,609.0,862.5
21471,42.140625,725.25
21471,1362.0,829.5
21471,1872.0,961.5
21471,1641.0,964.5
21471,1491.0,334.125
21471,1761.0,960.0
21474,1039.5,609.75
21474,166.40625,696.0
21474,1236.75,633.0
21474,923.25,474.0
21474,666.0,481.5
21474,1359.75,833.25
21474,880.5,715.5
21474,615.0,861.75
21474,1872.0,960.0
21474,43.828125,727.5
21474,1641.0,964.5
21474,1761.0,965.25
21474,1491.0,335.25
21477,1041.0,611.25
21477,1227.0,633.75
21477,1357.5,834.0
21477,681.0,481.875
21477,924.0,478.5
21477,619.875,862.5
21477,1872.0,958.5
21477,157.96875,702.75
21477,197.4375,698.25
21477,1641.0,963.0
21477,1491.0,335.25
21477,1761.0,965.25
21480,1224.75,635.25
21480,1042.5,603.375
21480,686.25,480.75
21480,1355.25,833.25
21480,1873.5,957.0
21480,625.5,862.5
21480,938.25,479.625
21480,1641.0,963.75
21480,1761.0,967.5
21480,205.5,676.875
21480,1491.0,335.625
21480,842.8125,675.75
21480,181.21875,684.75
21483,1226.25,636.0
21483,1353.75,828.0
21483,1040.25,598.5
21483,225.328125,700.5
21483,677.25,492.0
21483,1873.5,958.5
21483,632.25,862.5
21483,946.5,485.25
21483,1639.5,964.5
21483,1761.0,969.0
21483,848.25,666.0
21483,1491.0,336.75
21483,74.25,721.125
21486,1353.0,820.5
21486,1228.5,645.75
21486,666.75,507.0
21486,1038.75,594.0
21486,214.453125,717.75
21486,824.25,652.5
21486,949.5,487.125
21486,79.359375,722.25
21486,1873.5,958.5
21486,636.75,862.5
21486,1639.5,964.5
21486,1761.0,969.0
21486,1491.75,338.25
21489,1228.5,646.5
21489,1354.5,831.0
21489,1035.0,598.125
21489,212.671875,717.0
21489,1873.5,960.0
21489,639.375,862.5
21489,1638.0,965.25
21489,1762.5,970.5
21489,960.0,482.25
21489,792.0,641.25
21489,661.875,494.25
21489,1491.0,339.5625
21489,76.828125,724.125
21492,1223.25,636.75
21492,1032.0,605.25
21492,1354.5,834.0
21492,657.0,502.5
21492,639.75,863.25
21492,756.0,631.875
21492,1873.5,961.5
21492,200.203125,718.5
21492,1641.0,966.0
21492,1761.0,971.25
21492,85.6875,723.75
21495,1210.5,626.25
21495,1029.0,604.125
21495,1354.5,832.5
21495,979.5,477.0
21495,640.5,863.25
21495,1873.5,961.5
21495,654.0,485.625
21495,1641.0,966.0
21498,1201.5,619.5
21498,1029.0,604.125
21498,1353.0,825.0
21498,640.5,863.25
21498,984.0,481.5
21498,655.5,504.75
21498,1875.0,962.25
21498,544.5,583.5
21498,1641.0,966.0
21498,163.6875,899.25
21501,1198.5,616.5
21501,1030.5,603.75
21501,678.0,639.75
21501,1347.75,820.5
21501,991.5,483.375
21501,637.5,863.25
21501,505.5,639.0
21501,1875.0,963.0
21501,1641.0,967.5
21501,176.0859375,732.0
21504,1204.5,610.5
21504,197.8125,732.0
21504,1345.5,822.75
21504,1037.25,597.75
21504,634.5,864.0
21504,996.0,489.75
21504,479.25,647.25
21504,648.0,615.375
21504,1875.0,963.0
21504,1644.0,967.5
21507,1203.75,601.125
21507,211.5,733.5
21507,418.125,654.0
21507,1041.75,584.25
21507,1344.0,824.25
21507,628.5,861.0
21507,1875.0,963.0
21507,690.375,492.75
21507,1653.0,971.25
21507,618.0,618.0
21507,1767.0,970.5
21510,714.0,483.75
21510,1203.0,597.375
21510,373.875,654.75
21510,1047.75,572.25
21510,580.5,618.75
21510,1339.5,836.25
21510,622.5,862.5
21510,228.9375,731.25
21510,1656.0,969.75
21510,1876.5,963.0
21510,1770.0,969.0
21510,1006.5,489.0
21513,1210.5,598.5
21513,533.25,617.625
21513,1051.5,570.0
21513,354.5625,646.5
21513,736.5,478.125
21513,615.75,864.0
21513,1338.0,835.5
21513,1656.0,969.75
21513,1878.0,963.0
21513,241.125,733.5
21513,1006.5,479.625
21516,505.5,619.875
21516,1215.0,595.5
21516,755.625,489.375
21516,1335.0,840.0
21516,1057.5,567.375
21516,1184.25,597.75
21516,1654.5,969.0
21516,252.375,733.5
21516,1878.0,964.5
21516,1773.0,954.0
21516,609.0,863.25
21519,498.375,619.5
21519,1335.0,832.5
21519,776.25,526.5
21519,1185.75,578.625
21519,1656.0,966.75
21519,1206.75,579.0
21519,1773.0,954.0
21519,1064.25,551.25
21519,1878.0,966.0
21519,270.75,733.5
21522,1203.0,566.25
21522,479.25,614.25
21522,1326.0,841.5
21522,1653.0,964.5
21522,782.25,502.5
21522,1071.0,552.75
21522,1779.0,963.0
21522,1878.0,966.0
21522,595.875,863.25
21525,786.1875,498.75
21525,1200.75,567.75
21525,1314.75,843.0
21525,1653.0,964.5
21525,1074.0,531.0
21525,1777.5,958.5
21525,589.5,864.0
21525,1879.5,966.75
21525,326.625,738.75
21528,1656.0,971.25
21528,1078.5,536.25
21528,1309.5,842.25
21528,784.5,484.5
21528,1200.75,570.375
21528,1776.0,951.0
21528,586.875,865.5
21528,1884.0,967.5
21528,429.375,537.375
21528,360.5625,752.25
21531,783.75,507.0
21531,1197.0,552.75
21531,1662.0,969.75
21531,588.375,865.5
21531,1311.0,843.75
21531,374.25,742.5
21531,1782.0,951.0
21531,1080.0,540.0
21531,1885.5,966.0
21534,1201.5,534.75
21534,1312.5,843.75
21534,1657.5,970.5
21534,1082.25,541.5
21534,591.0,864.0
21534,1887.0,966.75
21534,1785.0,952.5
21534,960.0,456.375
21534,783.75,492.75
21537,1665.0,972.0
21537,1198.5,531.75
21537,1312.5,842.25
21537,423.0,752.25
21537,945.75,454.5
21537,1078.5,517.5
21537,595.5,864.0
21537,787.6875,541.125
21537,1788.0,958.5
21537,1888.5,966.0
21540,1188.0,526.125
21540,1671.0,971.25
21540,1315.5,843.0
21540,1080.0,520.5
21540,927.75,450.0
21540,1794.0,963.0
21540,597.75,867.0
21540,1890.0,966.0
21540,788.25,457.5
21543,1308.0,827.25
21543,1183.5,521.25
21543,1077.0,509.625
21543,1674.0,969.0
21543,926.25,452.25
21543,600.375,865.5
21543,1794.0,963.0
21543,777.0,456.75
21543,1893.0,966.0
21543,356.0625,660.0
21546,1182.75,524.25
21546,1305.0,822.0
21546,1084.5,516.0
21546,776.25,455.625
21546,1677.0,970.5
21546,604.125,864.0
21546,1794.0,967.5
21546,360.0,662.25
21546,921.0,445.5
21546,1893.0,965.25
21546,522.75,734.25
21549,1177.5,518.25
21549,1074.0,517.5
21549,774.0,454.125
21549,1303.5,823.5
21549,1680.0,972.0
21549,1813.5,966.0
21549,612.75,864.0
21549,367.125,657.75
21549,1896.0,966.0
21549,907.5,436.5
21549,1515.75,970.5
21552,620.25,862.5
21552,1686.0,971.25
21552,1300.5,826.5
21552,1158.0,525.0
21552,603.0,738.0
21552,897.75,434.625
21552,1059.0,508.875
21552,1809.0,964.5
21552,762.0,445.125
21552,523.5,679.5
21552,835.5,862.5
21552,1521.0,970.5
21552,1899.0,966.0
21555,1690.5,973.5
21555,1298.25,831.0
21555,630.75,863.25
21555,1812.0,968.25
21555,1136.25,502.5
21555,886.5,432.75
21555,550.5,679.5
21555,1522.5,972.75
21555,608.25,727.5
21558,571.5,682.5
21558,1696.5,972.0
21558,640.875,862.5
21558,633.75,725.25
21558,45.0,587.25
21558,1818.0,961.5
21558,1123.5,507.75
21558,1294.5,828.0
21558,846.0,860.25
21561,1701.0,972.0
21561,1287.0,846.0
21561,654.0,864.0
21561,666.75,729.75
21561,433.125,617.625
21561,1818.0,966.0
21561,49.59375,585.0
21561,850.5,859.5
21561,590.625,681.75
21561,1044.75,517.5
21564,665.625,862.5
21564,1701.0,972.75
21564,1271.25,831.75
21564,439.5,631.5
21564,1092.0,512.25
21564,853.5,861.75
21564,63.09375,593.25
21564,1030.5,507.0
21564,675.0,729.0
21564,1818.0,967.5
21567,675.0,864.0
21567,1258.5,820.5
21567,70.640625,581.625
21567,1708.5,972.75
21567,388.5,680.25
21567,445.5,640.5
21567,1828.5,964.5
21567,741.0,436.875
21567,846.0,407.625
21567,707.25,723.0
21570,1249.5,835.5
21570,1710.0,972.0
21570,725.25,726.0
21570,680.25,863.25
21570,1831.5,966.0
21570,382.3125,685.5
21570,75.328125,579.0
21570,450.75,642.0
21573,1242.0,832.5
21573,751.875,729.75
21573,686.25,864.0
21573,82.32421875,579.0
21573,1713.0,973.5
21573,1833.0,968.25
21573,455.25,641.25
21573,380.625,667.5
21573,1059.0,489.75
21576,1233.0,835.5
21576,381.75,694.5
21576,460.125,636.0
21576,763.875,726.0
21576,84.984375,578.25
21576,1719.0,973.5
21576,1836.0,967.5
21576,1080.0,481.125
21576,688.5,862.5
21576,972.75,496.125
21576,1548.0,973.5
21579,1222.5,826.5
21579,462.75,632.25
21579,1074.0,471.375
21579,86.90625,574.875
21579,380.4375,667.5
21579,776.8125,728.25
21579,976.5,489.0
21579,1722.0,973.5
21579,1842.0,967.5
21579,691.5,864.0
21579,1550.625,970.5
21582,1216.5,821.25
21582,466.5,639.0
21582,801.0,718.5
21582,1722.0,972.0
21582,380.25,705.0
21582,1845.0,964.5
21582,694.875,862.5
21582,969.75,477.75
21582,90.0,576.75
21585,467.625,642.0
21585,1213.5,825.0
21585,1725.0,972.75
21585,1845.0,967.5
21585,962.25,473.25
21585,1080.0,468.75
21585,91.3125,574.5
21585,696.75,862.5
21585,377.8125,711.0
21588,470.25,641.25
21588,1216.5,824.25
21588,1725.0,975.0
21588,376.6875,715.5
21588,828.0,714.0
21588,1845.0,966.0
21588,695.625,864.0
21588,95.109375,573.0
21588,963.0,472.125
21591,471.375,642.0
21591,1215.0,817.5
21591,1725.0,973.5
21591,1848.0,966.0
21591,838.5,714.0
21591,696.75,862.5
21591,958.5,474.375
21594,1213.5,825.0
21594,474.0,642.375
21594,1731.0,975.0
21594,1851.0,967.5
21594,357.0,725.625
21594,861.0,705.75
21594,99.9375,569.25
21594,696.0,864.0
21594,1071.75,444.75
21594,1548.375,972.0
21597,1210.5,810.0
21597,1854.0,967.5
21597,475.125,640.5
21597,1729.5,975.0
21597,867.75,703.875
21597,101.4140625,569.25
21597,695.25,862.5
21597,349.5,729.0
21600,1205.25,801.0
21600,901.5,697.5
21600,1854.0,967.5
21600,476.25,639.0
21600,103.3359375,569.25
21600,1734.0,974.25
21600,342.375,717.0
21600,695.25,862.5
21600,790.6875,432.75
21600,1073.25,444.375
21603,918.0,695.25
21603,477.75,638.625
21603,1200.0,798.75
21603,1857.0,968.25
21603,105.65625,568.5
21603,1740.0,973.5
21603,1095.0,444.75
21603,691.875,863.25
21603,795.0,437.25
21606,924.75,696.75
21606,479.25,639.0
21606,1198.5,792.0
21606,1857.0,969.0
21606,682.875,864.0
21606,1737.0,973.5
21606,107.0625,570.75
21606,796.5,435.0
21606,1077.0,442.5
21606,314.625,738.75
21609,481.125,639.0
21609,933.0,705.0
21609,1857.0,967.5
21609,1194.0,792.0
21609,1737.0,972.0
21609,108.3515625,573.75
21609,678.75,864.0
21609,313.125,738.75
21609,909.0,699.0
21612,483.0,638.25
21612,945.0,698.25
21612,1200.75,786.75
21612,1858.5,967.5
21612,1737.0,972.0
21612,107.9765625,571.5
21612,304.875,738.0
21612,924.0,702.75
21612,672.75,864.0
21615,484.5,636.0
21615,1206.0,793.5
21615,930.0,704.25
21615,108.65625,569.625
21615,300.0,732.0
21615,1858.5,967.5
21615,1737.0,972.0
21615,783.75,445.5
21615,670.875,862.5
21615,877.5,570.0
21615,963.75,451.5
21618,486.75,634.5
21618,1210.5,796.5
21618,946.5,726.75
21618,1858.5,967.5
21618,1737.0,972.0
21618,108.9375,567.75
21618,668.625,862.5
21618,883.5,576.0
21618,786.0,443.25
21618,1200.0,451.5
21618,298.125,720.0
21621,487.875,635.25
21621,1210.5,797.25
21621,1860.0,967.5
21621,1737.0,972.0
21621,1201.5,477.0
21621,954.0,707.625
21621,108.65625,570.75
21621,787.5,453.0
21621,666.75,862.5
21624,489.0,633.75
21624,790.6875,462.0
21624,1738.5,972.0
21624,1210.5,803.25
21624,1863.0,969.0
21624,963.0,720.75
21624,109.40625,570.75
21624,666.75,862.5
21627,489.75,633.0
21627,961.5,727.5
21627,1863.0,968.25
21627,1740.0,972.0
21627,1211.25,807.0
21627,110.15625,570.0
21627,789.0,485.625
21627,667.5,864.0
21627,1167.75,492.0
21630,966.75,735.75
21630,490.5,635.25
21630,1863.0,967.5
21630,1740.0,972.0
21630,787.5,485.25
21630,1204.5,807.75
21630,669.75,864.0
21630,109.3359375,568.5
21633,491.25,636.0
21633,970.5,740.25
21633,1860.0,966.0
21633,789.75,491.625
21633,1203.0,807.75
21633,1743.0,972.0
21633,673.5,864.0
21636,490.875,636.0
21636,967.5,744.0
21636,785.25,494.25
21636,1198.5,814.5
21636,680.25,864.0
21636,1860.0,964.5
21636,1741.5,972.75
21636,1120.5,513.375
21636,106.40625,568.125
21639,967.5,744.0
21639,490.5,636.75
21639,1195.5,810.75
21639,781.5,509.25
21639,1861.5,964.5
21639,1099.5,523.875
21639,1743.0,972.75
21639,687.0,864.0
21642,490.5,638.625
21642,969.0,744.0
21642,1074.0,543.75
21642,1192.5,814.5
21642,1864.5,967.5
21642,1743.0,972.75
21642,768.0,509.25
21642,695.25,862.5
21645,489.375,638.625
21645,1183.5,812.25
21645,970.5,743.25
21645,1863.0,967.5
21645,1744.5,972.75
21645,700.5,864.0
21645,1063.5,544.5
21648,1176.0,814.5
21648,489.0,638.25
21648,969.0,743.25
21648,707.25,864.0
21648,1866.0,966.75
21648,1075.5,543.0
21648,1747.5,973.5
21648,1110.0,360.0
21648,227.578125,975.0
21651,1170.0,814.5
21651,489.0,637.5
21651,712.5,863.25
21651,1866.0,967.5
21651,969.0,742.5
21651,1078.5,546.75
21651,768.1875,502.5
21651,1752.0,972.75
21654,1167.0,817.5
21654,486.0,637.5
21654,715.125,864.0
21654,1866.0,968.25
21654,1086.0,535.875
21654,970.5,739.5
21654,1749.0,972.0
21654,106.78125,575.25
21657,480.0,640.5
21657,1158.0,815.25
21657,1866.0,967.5
21657,107.15625,574.125
21657,718.5,863.25
21657,1752.0,972.0
21657,969.0,740.25
21657,249.5625,730.5
21657,761.25,504.75
21660,477.0,642.0
21660,1155.0,817.5
21660,1869.0,968.25
21660,235.5,730.5
21660,107.625,578.25
21660,1753.5,973.5
21660,886.5,649.5
21660,972.0,741.0
21660,720.0,864.0
21663,1872.0,969.0
21663,472.125,625.5
21663,1149.0,819.0
21663,1764.0,973.5
21663,105.28125,581.25
21663,972.0,741.75
21663,223.5,732.75
21663,723.0,864.0
21663,750.0,481.5
21666,1872.0,967.5
21666,459.0,621.0
21666,1149.0,822.0
21666,1764.0,975.0
21666,928.5,656.25
21666,102.3984375,579.75
21666,724.125,864.75
21666,753.75,480.0
21666,979.5,742.5
21666,898.5,862.5
21666,217.125,730.875
21669,440.34375,627.75
21669,928.5,665.25
21669,1149.0,818.25
21669,1872.0,969.0
21669,1764.0,973.5
21669,99.0234375,582.0
21669,723.375,862.5
21669,981.75,743.25
21672,431.25,633.0
21672,1872.0,967.5
21672,1765.5,973.5
21672,93.515625,582.0
21672,897.75,663.0
21672,1136.25,818.25
21672,729.0,484.125
21672,1494.0,971.25
21672,982.5,742.5
21675,425.625,633.375
21675,1767.0,973.5
21675,1119.75,818.25
21675,877.5,670.125
21675,985.5,742.5
21675,1872.0,969.0
21675,89.625,591.0
21675,879.0,672.75
21675,1494.75,971.25
21675,1585.5,970.5
21678,1107.75,820.5
21678,423.84375,634.5
21678,84.328125,594.75
21678,1764.0,972.75
21678,864.0,686.25
21678,1875.0,966.75
21678,984.0,744.0
21678,228.0,732.0
21678,1494.75,971.25
21678,865.5,682.5
21678,1587.0,970.5
21678,723.75,860.25
21681,1100.25,825.75
21681,1767.0,972.0
21681,81.19921875,595.875
21681,1876.5,966.0
21681,231.5625,729.0
21681,430.5,645.0
21681,1591.5,970.5
21681,1497.0,970.5
21681,982.5,744.75
21681,723.75,862.5
21681,838.5,669.75
21684,1767.0,973.5
21684,983.25,741.75
21684,1087.5,831.0
21684,1878.0,966.75
21684,83.71875,598.5
21684,231.9375,729.0
21684,1593.375,970.5
21684,1494.75,971.25
21684,429.75,645.0
21684,720.0,860.25
21687,1770.0,975.0
21687,1078.5,843.0
21687,1878.0,966.0
21687,230.296875,729.0
21687,1593.0,970.5
21687,715.5,864.0
21687,1497.0,970.5
21687,847.5,674.25
21687,990.0,732.75
21687,429.75,639.0
21690,1073.25,830.25
21690,1003.5,732.0
21690,1773.0,975.0
21690,1878.0,967.5
21690,708.75,864.0
21690,1593.0,972.0
21690,840.0,680.25
21690,228.375,730.5
21690,907.5,861.0
21693,1030.5,696.0
21693,1062.0,826.5
21693,705.75,864.0
21693,1878.0,967.5
21693,1773.0,975.0
21693,1593.0,972.0
21693,228.046875,729.0
21693,427.5,617.25
21693,1176.0,365.25
21693,834.0,430.125
21696,1050.75,820.5
21696,1878.0,966.75
21696,1773.0,973.5
21696,231.796875,728.25
21696,431.25,606.75
21696,1044.0,621.75
21696,1592.625,971.25
21696,703.5,863.25
21696,48.09375,603.75
21696,1179.0,363.75
21696,824.25,441.75
21696,819.75,662.25
21699,41.4375,613.5
21699,1047.0,824.25
21699,1878.0,964.5
21699,1773.0,973.5
21699,241.3125,729.75
21699,1594.5,971.25
21699,701.625,864.0
21699,1060.5,658.5
21699,433.5,600.0
21702,1086.0,721.5
21702,696.75,863.25
21702,1878.0,965.25
21702,1774.5,972.0
21702,1594.5,971.25
21702,1044.0,819.0
21702,798.75,642.0
21705,1107.75,723.75
21705,1878.0,964.5
21705,691.125,862.5
21705,1594.5,971.25
21705,1042.5,819.0
21705,1774.5,973.5
21705,795.75,645.0
21705,1179.0,365.625
21705,392.34375,976.5
21708,1126.5,723.0
21708,1042.5,820.5
21708,444.375,593.25
21708,1878.0,964.5
21708,687.0,863.25
21708,1595.625,970.5
21708,1774.5,972.0
21708,1178.25,365.25
21711,1140.0,721.125
21711,1042.5,819.0
21711,27.234375,622.5
21711,685.5,863.25
21711,1878.0,964.5
21711,1597.5,970.5
21711,1776.0,972.75
21711,1177.5,365.25
21711,443.25,588.75
21711,434.25,590.25
21714,1165.5,724.5
21714,775.6875,613.125
21714,1044.0,819.0
21714,1879.5,964.5
21714,443.25,591.75
21714,1597.5,970.5
21714,684.75,861.0
21714,1777.5,972.75
21714,19.8984375,630.0
21714,1177.5,365.25
21717,1045.5,817.5
21717,1879.5,964.5
21717,1188.75,722.25
21717,1597.5,970.5
21717,1776.0,972.75
21717,447.75,588.0
21717,763.875,615.0
21717,684.0,862.5
21717,18.0234375,626.625
21717,1176.75,365.625
21720,1047.75,816.0
21720,1221.75,720.75
21720,1879.5,964.5
21720,1596.0,970.5
21720,1776.0,972.75
21720,746.25,619.5
21720,679.875,861.0
21723,1248.0,715.5
21723,1051.5,817.5
21723,756.75,616.5
21723,1879.5,966.0
21723,679.5,862.5
21723,1774.5,975.0
21723,1596.0,970.5
21726,1279.5,706.875
21726,1056.75,819.75
21726,1879.5,964.5
21726,1776.0,975.0
21726,1596.0,970.5
21726,439.5,585.0
21726,367.5,736.5
21726,209.203125,537.75
21726,766.5,458.25
21729,1061.25,816.0
21729,1595.625,970.5
21729,1776.0,975.0
21729,1879.5,964.5
21729,1329.0,663.0
21729,1319.25,689.25
21729,744.75,597.75
21729,779.25,451.875
21732,1351.5,707.25
21732,1068.0,815.25
21732,1779.0,975.0
21732,1599.0,970.5
21732,1879.5,964.5
21732,685.5,861.0
21735,1393.5,705.0
21735,1080.75,811.5
21735,1782.0,974.25
21735,1884.0,964.5
21735,696.0,862.5
21735,416.34375,584.25
21735,1602.0,971.25
21735,604.5,480.375
21735,1182.0,364.125
21735,489.75,511.5
21738,1099.5,817.5
21738,1459.5,707.25
21738,1788.0,973.5
21738,709.5,861.0
21738,1890.0,961.5
21738,416.25,591.0
21738,1444.5,706.5
21738,924.75,861.0
21738,606.75,481.875
21741,1507.5,697.5
21741,1128.0,816.75
21741,721.875,864.0
21741,416.25,593.25
21741,1800.0,972.75
21741,931.5,862.5
21741,1890.0,961.5
21741,1515.0,971.25
21741,1200.0,366.0
21741,1620.0,971.25
21741,145.96875,572.25
21744,1536.375,708.375
21744,1152.0,819.0
21744,614.625,474.75
21744,903.0,496.5
21744,757.875,613.5
21744,1803.0,973.5
21744,731.25,864.0
21744,412.875,597.375
21744,1623.0,970.5
21744,1893.0,963.0
21744,150.46875,567.75
21744,1518.0,970.5
21747,1581.0,719.25
21747,1171.5,842.25
21747,609.75,477.75
21747,1812.0,973.5
21747,166.125,569.25
21747,767.625,630.0
21747,1893.0,963.75
21747,1519.5,972.0
21747,1626.0,972.0
21750,1621.5,716.25
21750,1194.75,831.0
21750,614.25,491.25
21750,1809.0,973.5
21750,750.0,864.75
21750,398.25,606.0
21750,1215.75,363.0
21750,1893.0,963.0
21750,1520.25,972.0
21753,1216.5,837.0
21753,1656.0,712.875
21753,997.5,493.5
21753,750.75,864.0
21753,1804.5,972.0
21753,1219.5,362.25
21753,1893.0,963.0
21753,626.625,483.375
21753,800.25,645.0
21753,888.0,441.75
21753,937.5,861.0
21753,1522.5,971.25
21756,1257.0,840.75
21756,1693.5,721.125
21756,753.75,864.0
21756,385.125,608.625
21756,861.0,560.25
21756,644.25,478.5
21756,1803.0,972.0
21756,1891.5,963.0
21756,1050.0,514.5
21756,939.0,861.0
21756,246.0,549.0
21756,1522.5,970.5
21759,1741.5,714.0
21759,1074.0,518.25
21759,1305.0,831.75
21759,754.125,864.75
21759,1804.5,972.0
21759,362.0625,617.25
21759,1893.0,963.0
21759,841.5,607.125
21759,1627.5,973.5
21759,913.5,434.25
21759,939.0,861.0
21762,1100.25,519.75
21762,354.75,621.75
21762,1785.0,709.5
21762,751.5,864.0
21762,1342.5,826.5
21762,1806.0,972.75
21762,730.125,470.25
21762,871.5,666.75
21762,1626.0,974.25
21762,1893.0,965.25
21765,35.625,651.375
21765,1133.25,510.75
21765,1379.25,856.5
21765,356.0625,617.25
21765,1809.0,973.5
21765,1893.0,963.0
21765,753.0,454.875
21765,1626.0,974.25
21765,751.125,864.0
21765,1833.0,711.75
21765,1528.5,972.0
21768,1404.0,849.0
21768,39.328125,646.5
21768,382.3125,617.25
21768,1893.0,955.5
21768,1164.0,519.75
21768,1626.0,975.0
21768,1797.0,972.75
21768,1525.5,972.0
21768,744.0,864.0
21771,1440.75,857.25
21771,42.65625,638.625
21771,443.25,555.75
21771,1788.0,976.5
21771,1887.0,950.25
21771,942.0,728.25
21771,1069.5,439.5
21771,991.5,409.125
21771,1518.75,974.25
21771,831.0,453.0
21771,1890.0,691.5
21771,1614.0,973.5
21774,1222.5,507.0
21774,1875.0,955.5
21774,471.75,554.25
21774,1770.0,967.5
21774,48.328125,649.5
21774,1497.0,834.0
21774,1507.5,973.5
21774,865.5,445.875
21774,1002.0,398.25
21777,514.875,550.5
21777,1245.75,510.0
21777,1500.75,831.0
21777,49.3125,640.5
21777,1854.0,971.25
21777,984.0,658.875
21780,540.75,552.0
21780,1144.5,437.25
21780,1509.0,820.5
21780,45.6796875,633.0
21783,1124.25,632.625
21783,1268.25,507.0
21783,555.75,558.75
21783,1539.375,796.5
21783,287.8125,622.875
21783,998.25,685.875
21783,1878.0,964.5
21783,921.75,442.875
21786,272.25,630.75
21786,1259.25,509.25
21786,1522.5,824.25
21786,576.75,562.5
21786,969.0,449.25
21789,590.25,559.5
21789,1257.75,502.5
21789,254.203125,636.75
21789,1519.5,805.5
21789,964.5,444.0
21789,1006.5,691.125
21789,44.4375,642.0
21792,606.0,564.75
21792,260.625,642.0
21792,1002.0,689.25
21792,1869.0,611.25
21792,43.7578125,636.75
21792,1275.0,497.25
21792,1167.75,453.0
21795,1029.75,690.0
21795,1836.0,585.375
21795,241.078125,638.25
21795,1000.5,865.5
21795,618.0,535.5
21795,1543.5,810.75
21798,1809.0,599.25
21798,1021.5,692.25
21798,1530.75,818.25
21798,1216.5,499.5
21798,619.5,501.75
21798,993.0,428.25
21798,1186.5,693.0
21798,218.625,633.75
21801,1770.0,575.25
21801,1242.0,495.375
21801,207.421875,639.75
21804,620.25,568.125
21804,1725.0,558.0
21804,1539.0,765.0
21804,1815.0,974.25
21804,215.203125,636.75
21807,613.875,555.0
21807,1663.5,540.0
21807,249.1875,402.375
21807,194.25,636.0
21807,1198.5,542.625
21807,1518.0,733.5
21807,1016.25,680.25
21807,1878.0,958.5
21807,1638.0,933.0
21810,600.75,556.875
21810,170.25,639.0
21810,25.3359375,640.5
21810,1556.625,731.25
21810,987.0,668.25
21810,379.125,966.0
21810,1602.0,509.625
21810,254.4375,897.75
21810,978.0,412.5
21813,583.5,571.5
21813,215.625,402.75
21813,1518.75,731.25
21813,1539.0,482.25
21813,319.5,970.5
21813,974.25,865.5
21813,996.75,700.875
21816,171.75,411.0
21816,573.375,569.25
21816,960.0,402.375
21816,253.875,970.5
21816,125.6484375,894.0
21819,532.5,576.0
21819,109.5,652.5
21819,1398.0,463.5
21819,742.875,861.0
21822,519.0,572.25
21822,1324.5,443.25
21822,675.75,861.0
21825,496.875,565.125
21825,88.5,662.625
21825,883.5,417.0
21825,610.5,863.25
21825,59.8125,428.625
21825,1012.5,475.5
21828,477.75,570.75
21828,951.75,705.75
21828,1203.0,431.625
21828,61.265625,660.375
21828,1482.0,714.0
21828,545.625,864.0
21831,468.75,574.5
21831,1459.5,712.5
21831,51.796875,664.125
21831,1372.5,862.5
21831,1161.0,865.5
21831,1156.5,411.75
21831,1830.0,758.25
21834,462.75,564.0
21834,1120.5,414.375
21834,1476.0,693.0
21834,1252.5,862.5
21834,1782.0,752.25
21834,1329.75,861.0
21834,1156.5,635.25
21834,1121.25,868.5
21837,492.75,553.5
21837,1156.5,617.25
21837,1101.75,402.75
21837,27.1171875,470.25
21837,1740.0,749.25
21840,1044.0,865.5
21843,1532.25,681.0
21843,100.875,685.5
21846,102.3984375,692.25
21846,275.4375,897.0
21849,101.0859375,694.5
21849,1557.0,685.5
21849,224.25,897.0
21852,92.53125,685.5
21852,1561.5,661.5
21852,174.0,901.5
21852,862.5,864.0
21855,113.8125,702.375
21855,1178.25,609.0
21855,889.5,430.5
21858,1602.0,658.5
21858,154.125,710.25
21858,792.75,862.5
21858,786.0,543.0
21858,93.84375,927.0
21858,1170.0,600.75
21861,164.25,716.625
21861,1606.5,652.875
21864,195.9375,708.0
21864,1368.0,741.75
21864,43.359375,942.0
21867,808.5,585.0
21867,30.7265625,565.5
21867,1656.0,649.5
21867,585.0,573.75
21867,718.5,865.5
21870,34.078125,567.75
21870,1252.5,561.75
21873,1705.5,624.75
21873,629.25,579.75
21873,47.90625,564.0
21873,1266.75,554.25
21876,1731.0,616.5
21876,657.0,583.5
21876,1068.0,468.75
21876,859.5,618.0
21879,1755.0,612.75
21879,40.125,771.0
21879,888.0,633.75
21879,981.75,297.0
21879,1081.5,478.5
21882,1305.75,593.25
21882,712.5,583.125
21882,1767.0,617.25
21882,1101.0,477.75
21882,403.125,697.5
21882,126.84375,550.125
21885,1783.5,610.5
21885,747.75,588.0
21885,1116.75,479.25
21885,151.78125,558.0
21888,1142.25,489.75
21888,1353.0,556.5
21888,183.0,567.75
21888,970.5,636.0
21888,777.0,592.5
21888,106.3125,802.5
21891,1194.0,509.25
21891,484.5,673.5
21891,1171.5,505.875
21891,1368.0,572.25
21891,212.203125,568.5
21891,131.8359375,780.75
21891,1299.0,864.0
21894,511.875,643.875
21894,1201.5,514.5
21894,840.0,614.25
21894,1389.0,589.125
21894,1027.5,605.25
21897,531.75,631.5
21897,958.5,500.625
21897,1204.5,529.875
21897,1398.75,585.75
21900,957.0,517.125
21900,545.625,631.875
21900,1212.0,529.5
21900,1419.75,594.0
21900,1094.25,645.75
21900,1425.0,569.25
21900,906.0,620.625
21900,301.5,963.0
21903,562.125,591.75
21903,907.5,613.5
21903,1119.75,650.25
21903,1440.0,562.5
21903,1221.0,511.125
21903,955.5,532.5
21903,1855.5,969.0
21903,1555.5,698.25
21903,93.38671875,872.25
21903,290.0625,954.0
21906,562.5,584.25
21906,389.625,623.25
21906,906.75,598.5
21906,1129.5,652.5
21906,1455.0,581.25
21906,1239.0,528.75
21906,963.0,532.5
21909,562.875,588.75
21909,417.0,626.25
21909,914.25,596.625
21909,1244.25,519.75
21909,1162.5,656.25
21909,1467.0,569.25
21909,969.75,536.25
21912,1243.5,519.75
21912,255.5625,972.0
21912,1881.0,600.75
21912,867.0,318.75
21912,1182.0,663.0
21912,1483.5,596.25
21912,568.125,558.375
21912,938.25,583.5
21915,1495.5,600.75
21915,490.125,633.0
21915,570.0,533.25
21915,861.75,320.625
21915,244.875,975.0
21915,1204.5,670.5
21915,1620.0,706.5
21915,940.5,595.125
21918,1495.5,598.5
21918,1242.75,681.75
21918,517.5,647.25
21918,856.5,327.375
21918,457.5,814.5
21918,237.0,975.0
21918,943.5,577.5
21918,574.5,531.0
21918,1635.0,708.75
21921,1255.5,686.25
21921,1497.75,604.5
21921,890.25,567.0
21921,850.5,332.25
21921,226.875,973.5
21921,488.25,819.0
21924,1266.0,687.75
21924,1501.5,606.0
21924,876.0,564.75
21924,843.75,329.25
21924,370.125,975.0
21924,217.875,973.5
21924,597.75,659.25
21924,982.5,563.25
21927,636.0,672.75
21927,1301.25,690.75
21927,987.75,564.0
21927,1506.0,592.5
21927,840.75,335.4375
21927,586.875,487.5
21927,864.0,557.25
21927,555.75,792.0
21927,363.0,979.5
21927,1269.0,518.25
21927,213.9375,975.0
21930,669.0,681.75
21930,837.0,334.875
21930,1331.25,690.75
21930,1509.0,607.125
21930,838.5,538.5
21930,994.5,569.25
21930,589.875,780.75
21930,363.0,978.0
21930,1278.0,512.625
21930,596.25,485.25
21930,247.5,969.0
21933,835.5,335.625
21933,712.875,681.75
21933,608.25,467.25
21933,988.5,580.5
21933,1510.5,594.0
21933,608.25,799.5
21933,1285.5,534.0
21933,820.5,541.5
21933,1368.75,675.0
21933,1887.0,610.5
21936,833.25,338.625
21936,739.5,682.5
21936,990.75,598.5
21936,622.875,465.75
21936,1293.0,535.5
21936,1887.0,613.5
21936,1508.25,530.25
21936,1383.0,694.5
21939,987.0,579.75
21939,828.0,341.25
21939,763.5,689.25
21939,1303.5,528.75
21939,1401.0,700.5
21939,1505.25,580.5
21939,1887.0,623.25
21939,346.5,979.5
21939,672.0,811.5
21939,1168.5,807.75
21942,988.5,602.25
21942,795.75,694.875
21942,1304.25,524.25
21942,822.75,345.75
21942,687.0,819.0
21942,632.625,462.75
21942,1419.0,706.5
21942,1885.5,617.25
21942,1484.25,973.5
21942,1522.5,687.75
21945,834.0,695.25
21945,999.75,608.25
21945,1474.5,736.5
21945,816.75,346.5
21945,700.875,810.75
21945,1884.0,617.25
21948,863.25,697.125
21948,812.25,342.0
21948,895.5,693.375
21948,64.359375,936.0
21948,1032.0,610.5
21948,1881.0,617.25
21948,783.1875,491.25
21951,916.5,693.75
21951,1489.5,710.25
21951,747.0,814.5
21951,1035.0,608.25
21951,810.0,353.25
21951,1881.0,618.75
21951,63.28125,940.5
21954,765.0,822.0
21954,808.5,349.125
21954,1045.5,609.75
21954,1007.25,691.5
21954,1505.25,711.375
21954,1881.0,618.75
21954,1371.0,733.5
21954,63.0,940.5
21954,784.6875,473.25
21957,783.0,830.25
21957,1009.5,692.25
21957,62.0625,937.5
21960,1047.0,675.75
21960,798.75,834.0
21960,203.625,978.0
21960,58.78125,942.0
21963,800.25,822.0
21963,52.875,966.0
21963,200.4375,978.0
21963,306.0,965.25
21966,1557.0,713.25
21966,799.5,835.5
21966,48.234375,972.75
21966,1873.5,639.0
21966,799.5,396.0
21966,189.0,978.0
21966,1090.5,621.75
21969,805.6875,841.5
21969,1566.0,689.25
21969,43.03125,972.0
21969,1146.0,649.125
21969,798.0,429.0
21969,1866.0,640.5
21972,810.0,838.5
21972,41.25,960.0
21972,1074.75,741.75
21972,1577.625,688.5
21972,1869.0,645.0
21975,1040.25,738.75
21975,809.8125,839.25
21975,39.984375,956.25
21975,1573.5,686.25
21975,788.25,366.0
21975,1851.0,651.0
21978,808.6875,848.25
21978,1560.0,648.0
21978,1003.5,744.75
21978,37.0078125,961.5
21978,786.75,369.375
21978,1848.0,654.375
21981,804.75,840.0
21981,1542.375,643.125
21981,957.0,738.75
21981,36.328125,966.0
21981,1846.5,658.5
21981,780.75,375.0
21984,799.5,843.0
21984,927.75,732.75
21984,1527.0,645.75
21984,778.3125,374.25
21984,33.6328125,966.75
21984,1840.5,657.75
21984,451.5,972.0
21987,796.5,848.25
21987,1523.25,605.625
21987,891.0,705.375
21987,32.90625,967.5
21987,777.1875,378.75
21987,1836.0,658.5
21987,445.5,972.0
21990,793.5,843.0
21990,864.0,734.25
21990,775.5,378.375
21990,1008.0,532.5
21990,1520.25,606.0
21990,32.8125,967.5
21990,1833.0,659.625
21993,834.75,714.0
21993,791.8125,843.75
21993,1511.25,600.375
21993,775.3125,377.625
21993,32.2265625,967.5
21996,797.8125,648.75
21996,793.3125,856.5
21996,776.25,375.375
21996,1500.0,588.375
21996,444.0,972.0
21999,786.0,858.0
21999,1026.0,652.5
21999,777.0,385.125
21999,443.25,972.0
21999,1833.0,658.5
21999,1114.5,847.5
21999,774.0,633.375
22002,784.5,858.0
22002,747.0,692.25
22002,1002.75,619.5
22002,442.125,972.75
22005,781.3125,858.75
22005,712.875,700.875
22005,441.375,973.5
22008,782.25,859.5
22008,687.0,691.5
22008,441.0,973.5
22008,1182.0,549.75
22011,671.625,692.25
22011,782.25,859.5
22011,441.75,972.75
22011,776.25,360.0
22014,641.25,693.0
22014,781.5,858.0
22014,915.0,639.75
22014,776.25,382.125
22014,441.75,972.75
22017,780.75,861.0
22017,892.5,633.0
22017,588.75,691.875
22017,775.5,380.625
22017,441.75,973.5
22017,30.046875,968.25
22017,1113.0,849.75
22020,779.8125,846.0
22020,875.25,633.75
22020,774.75,380.625
22020,582.75,680.25
22020,1857.0,672.0
22020,441.75,972.75
22020,1113.0,852.0
22023,781.5,861.0
22023,775.5,381.375
22023,858.75,642.0
22023,1863.0,672.75
22023,557.25,680.25
22023,442.5,973.5
22026,780.75,845.25
22026,844.5,634.5
22026,775.5,381.75
22026,526.5,681.0
22026,1869.0,672.75
22026,441.75,973.5
22026,609.75,532.875
22029,499.5,683.25
22029,780.75,845.25
22029,775.6875,380.25
22029,832.5,624.75
22029,442.5,973.5
22029,568.5,533.625
22029,1113.0,851.25
22032,780.75,846.75
22032,475.5,694.5
22032,774.75,380.25
22032,822.0,635.25
22032,441.75,973.5
22032,1866.0,675.0
22035,780.1875,847.5
22035,441.75,702.75
22035,775.3125,380.625
22035,1869.0,676.5
22035,441.75,972.75
22038,782.25,859.5
22038,504.75,546.375
22038,411.0,694.5
22038,775.5,380.625
22038,789.75,651.75
22038,1869.0,678.0
22038,442.5,973.5
22038,1329.0,561.0
22038,981.0,435.75
22041,781.6875,862.5
22041,387.0,690.0
22041,787.5,660.0
22041,774.75,379.875
22041,493.875,549.75
22041,1288.5,567.75
22041,1870.5,678.75
22041,443.25,972.75
22044,793.3125,654.75
22044,352.125,694.875
22044,778.5,859.5
22044,775.5,380.625
22044,1869.0,679.5
22044,472.5,552.0
22044,443.25,972.75
22047,310.5,694.5
22047,792.0,664.5
22047,777.0,386.25
22047,454.5,551.25
22047,771.75,858.75
22047,1869.0,675.75
22047,443.25,972.0
22047,32.6484375,966.0
22050,279.375,692.25
22050,445.5,551.25
22050,756.75,863.25
22050,778.3125,385.125
22050,786.0,668.25
22050,403.125,446.25
22050,1870.5,674.25
22050,442.5,972.75
22050,982.5,459.75
22053,247.875,696.0
22053,784.6875,384.0
22053,449.25,546.0
22053,378.9375,462.0
22053,736.5,865.5
22053,33.7734375,966.0
22053,1872.0,675.75
22053,450.375,971.25
22056,683.25,854.25
22056,463.875,533.25
22056,798.1875,375.75
22056,41.671875,958.5
22056,357.5625,462.0
22056,1006.5,477.0
22056,214.171875,687.75
22056,1872.0,671.25
22059,684.75,847.5
22059,484.125,533.25
22059,819.75,364.5
22059,65.05078125,949.5
22059,1887.0,660.75
22059,194.4375,650.25
22059,365.25,460.875
22059,619.5,864.0
22062,190.125,644.25
22062,846.75,362.625
22062,1414.5,573.0
22062,511.5,528.0
22062,1240.5,547.125
22065,879.0,361.875
22065,727.125,628.5
22065,540.0,528.0
22065,1432.5,562.125
22065,644.25,816.0
22065,184.59375,648.75
22065,1234.5,538.5
22068,913.5,360.75
22068,1440.75,546.0
22068,184.125,645.0
22068,742.5,675.75
22068,563.25,517.5
22068,655.5,817.5
22068,354.9375,453.0
22071,597.0,517.5
22071,182.8125,646.5
22071,1461.0,547.5
22071,948.75,357.75
22071,613.5,807.75
22071,48.140625,939.0
22071,1090.5,510.75
22071,1218.0,530.25
22071,710.25,606.375
22071,1155.0,864.75
22074,606.75,835.5
22074,615.75,509.25
22074,1485.0,559.125
22074,191.25,644.25
22074,987.0,349.875
22074,375.1875,972.0
22074,85.875,933.0
22074,359.625,454.5
22074,1111.5,511.875
22077,1518.75,537.75
22077,652.125,521.25
22077,1108.5,521.25
22077,621.375,832.5
22077,146.0859375,918.0
22077,428.25,963.75
22080,1557.0,540.0
22080,594.75,754.5
22080,67.5,974.25
22080,203.8125,888.0
22080,702.75,617.25
22080,631.5,863.25
22080,1097.25,356.25
22083,1594.5,526.5
22083,725.25,673.875
22083,735.0,490.5
22083,39.75,968.25
22083,1538.625,970.5
22083,598.5,751.5
22083,832.5,867.0
22083,1345.5,478.5
22086,1629.0,530.25
22086,615.0,751.5
22086,192.9375,954.0
22086,1203.75,510.375
22086,77.53125,967.5
22086,1602.0,970.5
22089,1671.0,534.75
22089,260.25,584.25
22089,140.71875,948.0
22089,252.9375,938.25
22089,1256.25,314.0625
22089,1738.5,970.5
22092,1717.5,527.25
22092,278.25,575.25
22092,1383.0,471.0
22092,1312.5,304.125
22092,1150.5,525.75
22092,585.75,734.25
22092,811.3125,504.75
22092,306.1875,925.5
22092,199.125,936.0
22092,1275.0,526.5
22095,291.75,552.375
22095,1159.5,552.0
22095,1737.0,528.375
22095,1758.0,529.875
22095,582.0,753.0
22095,1848.0,919.5
22098,1773.0,539.25
22098,288.1875,543.0
22098,1174.5,539.625
22098,559.5,732.0
22098,406.125,966.75
22101,1788.0,525.75
22101,281.625,529.5
22101,1453.5,295.875
22101,1291.5,867.0
22101,30.65625,716.25
22101,1857.0,975.0
22101,1182.0,543.75
22104,1821.0,515.25
22104,287.25,531.75
22104,63.234375,730.5
22104,1495.5,294.1875
22104,1330.5,865.5
22107,1833.0,516.0
22107,1534.5,293.625
22107,282.0,529.5
22107,105.5390625,729.0
22107,1288.5,865.5
22107,1854.0,765.0
22110,1575.0,294.5625
22110,1815.0,512.625
22110,143.90625,735.75
22110,1171.5,561.0
22110,281.25,511.5
22110,595.5,682.5
22110,1419.0,547.125
22110,932.25,865.5
22113,1842.0,542.25
22113,1200.0,560.625
22113,276.0,504.75
22113,185.90625,760.5
22113,1614.0,292.125
22113,449.625,736.5
22113,583.125,676.875
22113,600.75,866.25
22113,981.0,864.0
22113,1450.5,876.0
22113,819.75,452.25
22116,232.875,765.0
22116,1659.0,297.1875
22116,1464.0,553.5
22116,801.0,453.75
22116,1342.5,447.375
22116,1819.5,533.625
22116,279.75,502.125
22116,1160.25,864.0
22116,1200.75,554.25
22116,1020.0,865.5
22119,1839.0,534.0
22119,276.375,765.75
22119,1707.0,297.75
22119,1482.75,554.25
22119,826.5,451.5
22119,1327.5,449.25
22122,1860.0,543.0
22122,1492.5,561.75
22122,1755.0,302.4375
22122,325.125,765.0
22122,295.5,444.0
22122,726.75,862.5
22122,1342.5,441.375
22122,1249.5,865.5
22125,1511.25,567.75
22125,311.625,493.5
22125,1806.0,304.5
22125,1866.0,520.875
22125,771.1875,863.25
22125,1293.0,868.5
22128,1537.5,562.5
22128,537.375,649.5
22128,712.125,862.5
22128,813.75,864.0
22128,826.5,436.5
22128,1857.0,303.75
22131,825.0,433.5
22131,1546.5,541.5
22131,1872.0,533.25
22131,743.625,862.5
22131,1890.0,310.6875
22131,1719.0,919.5
22131,315.375,489.75
22131,1132.5,444.75
22131,846.0,865.5
22134,331.125,487.5
22134,1549.5,541.5
22134,828.75,430.5
22134,308.25,712.125
22134,1750.5,924.75
22137,1557.0,533.25
22137,1842.0,538.5
22137,342.1875,501.75
22137,1389.0,517.125
22137,1788.0,922.5
22137,816.0,432.375
22137,1235.25,426.75
22137,910.5,865.5
22140,798.75,418.5
22140,1809.0,925.5
22140,1567.5,520.5
22140,1545.0,918.0
22140,259.125,713.25
22140,1221.0,440.625
22140,1833.0,528.375
22143,1566.0,519.0
22143,329.25,490.125
22143,1819.5,529.5
22143,1011.0,465.75
22143,945.75,865.5
22143,1728.0,919.5
22146,1549.5,489.0
22146,152.8125,723.75
22146,318.375,500.25
22146,588.0,758.25
22146,1413.0,493.5
22146,766.5,414.375
22146,975.0,480.0
22146,1812.0,517.5
22146,1860.0,933.0
22146,391.125,972.0
22149,605.625,754.5
22149,757.125,408.375
22149,120.0,714.0
22149,314.0625,509.25
22149,1416.75,492.0
22149,1785.0,547.5
22149,877.5,867.0
22152,317.8125,517.5
22152,901.5,481.5
22152,1419.0,478.875
22152,631.5,738.0
22152,741.75,401.625
22152,396.84375,939.75
22152,75.1875,678.75
22152,1737.0,509.25
22152,422.625,972.0
22155,314.625,516.0
22155,648.0,743.25
22155,1402.5,447.375
22155,1795.5,933.0
22155,54.92578125,690.0
22155,1731.0,558.0
22155,865.5,468.0
22155,723.75,402.75
22158,319.5,543.0
22158,673.5,750.0
22158,1404.75,443.25
22158,992.25,467.25
22158,1677.0,569.25
22158,1663.5,954.0
22158,435.0,958.5
22158,1888.5,769.5
22158,1824.0,939.0
22158,35.90625,686.625
22161,698.25,746.25
22161,1656.0,574.5
22161,1870.5,759.0
22161,337.875,543.0
22161,704.25,387.75
22161,1849.5,948.0
22161,973.5,469.125
22161,403.5,975.0
22161,1407.75,444.75
22164,394.125,582.75
22164,723.75,744.0
22164,923.25,473.25
22164,1843.5,775.5
22164,792.75,465.75
22164,1711.5,943.5
22164,976.5,865.5
22164,1866.0,946.5
22167,1654.5,553.125
22167,901.5,473.625
22167,1825.5,764.25
22167,1002.75,866.25
22167,395.34375,640.875
22167,1498.5,912.75
22167,753.75,741.75
22167,1407.0,409.875
22167,44.3671875,951.0
22170,408.0,628.5
22170,882.0,471.0
22170,780.75,747.0
22170,1821.0,780.0
22170,1403.25,417.375
22173,425.90625,599.25
22173,1809.0,963.75
22173,807.0,759.0
22173,740.25,466.125
22173,1711.5,937.5
22176,469.5,557.25
22176,1752.0,789.0
22176,720.75,457.125
22176,1840.5,967.5
22179,1725.0,809.25
22179,485.25,555.75
22179,1564.5,552.75
22179,1341.0,830.25
22179,1863.0,975.0
22179,1398.0,389.25
22182,505.5,563.625
22182,1876.5,968.25
22182,1386.0,394.5
22185,1533.75,586.875
22185,1681.5,771.75
22185,440.25,660.0
22185,525.75,582.75
22185,1666.5,942.0
22185,1822.5,964.5
22185,1388.25,840.0
22188,1525.5,573.375
22188,544.5,583.5
22188,1666.5,765.75
22188,1400.25,383.625
22188,454.5,612.0
22188,1693.5,953.25
22188,1857.0,972.75
22191,1644.0,792.0
22191,1875.0,970.5
22191,1440.0,843.0
22191,537.0,590.25
22191,724.5,467.25
22191,1314.0,313.875
22191,463.5,614.25
22194,727.125,462.0
22194,1635.0,774.0
22194,555.0,593.25
22194,285.75,935.25
22194,476.25,610.5
22194,1746.0,955.5
22197,1620.0,771.0
22197,1719.0,966.0
22197,557.25,592.875
22197,479.25,615.0
22200,1449.0,591.0
22200,1602.0,772.5
22200,575.25,588.75
22200,478.5,612.0
22200,1698.0,849.0
22203,579.0,585.0
22203,1602.0,778.5
22203,1429.5,587.25
22203,593.25,587.25
22206,1401.0,585.75
22206,579.75,585.75
22206,1587.0,786.75
22209,575.25,582.75
22209,1374.0,573.0
22209,703.875,447.375
22212,1347.0,575.25
22212,1561.5,774.0
22212,45.28125,970.5
22212,1836.0,968.25
22212,31.828125,576.375
22215,1317.0,584.25
22215,570.75,594.75
22215,57.5625,972.0
22218,1300.5,585.0
22218,573.0,591.375
22218,55.171875,972.75
22221,1267.5,582.0
22221,1534.5,780.75
22224,1240.5,576.75
22224,1533.0,771.0
22224,1566.0,858.75
22224,1861.5,970.5
22224,59.90625,972.0
22227,1213.5,582.0
22227,1218.0,584.25
22227,1561.5,442.875
22227,61.640625,973.5
22230,1192.5,580.875
22230,1556.625,438.75
22230,1537.5,789.75
22230,1581.375,857.25
22233,1170.0,581.25
22233,1539.375,784.5
22233,538.125,604.5
22236,1153.5,583.5
22236,577.5,606.0
22236,606.75,603.0
22236,1530.75,780.75
22239,1152.0,583.125
22239,621.0,603.75
22239,654.0,413.25
22239,1532.25,782.25
22239,83.53125,972.0
22242,1139.25,588.75
22242,624.75,607.125
22242,96.28125,537.375
22245,631.875,600.0
22245,1132.5,589.5
22245,1419.0,456.75
22245,107.8125,537.0
22245,1554.0,462.0
22248,636.75,596.625
22248,1418.25,461.625
22248,116.0625,533.25
22248,1476.0,760.5
22248,1119.0,568.5
22251,121.4765625,529.5
22251,1422.0,465.75
22251,634.125,591.0
22251,863.25,495.75
22254,1114.5,515.25
22254,637.875,588.0
22254,1113.0,573.0
22254,127.3359375,531.0
22257,637.5,591.0
22257,1113.0,561.0
22257,1413.0,469.5
22257,1114.5,491.625
22257,435.375,656.625
22257,129.2109375,529.125
22257,134.71875,973.5
22260,630.75,584.25
22260,1413.0,475.5
22260,1116.75,555.75
22260,132.9375,532.5
22263,1413.0,480.0
22263,628.5,584.25
22263,134.8125,537.0
22263,1116.0,555.75
22266,1411.5,489.0
22269,1410.75,498.0
22269,604.5,597.0
22272,1405.5,507.0
22272,1677.0,903.0
22272,1777.5,897.0
22272,1012.5,586.5
22275,1408.5,513.0
22275,1120.5,614.25
22275,1684.5,904.5
22275,750.375,861.75
22275,166.96875,973.5
22278,1123.5,616.875
22278,618.75,624.0
22278,1413.0,516.75
22278,1044.75,626.25
22281,1096.5,647.625
22281,1414.5,522.75
22281,1567.5,975.0
22284,1413.0,525.0
22284,1113.75,665.25
22284,1753.5,552.0
22284,1581.0,975.0
22287,1123.5,664.5
22287,1591.5,975.0
22287,1418.25,525.0
22287,1477.5,973.5
22287,1719.0,936.0
22290,1144.5,675.75
22290,1420.5,525.375
22290,1599.0,974.25
22290,597.0,587.25
22290,1803.0,576.75
22290,1486.5,973.5
22290,1725.0,937.5
22293,1173.0,684.75
22293,1421.25,525.0
22293,1605.0,974.25
22293,603.0,588.75
22293,1825.5,575.25
22293,1490.25,973.5
22296,1194.0,684.75
22296,1416.0,522.375
22296,1611.0,974.25
22296,1494.75,975.75
22299,1409.25,523.875
22299,1611.0,973.5
22299,643.5,583.5
22302,649.125,582.0
22302,1410.0,526.5
22302,1612.5,973.5
22302,907.5,437.25
22302,1497.0,977.25
22305,1407.0,521.25
22305,661.875,576.0
22305,907.5,437.25
22305,1614.0,974.25
22305,1497.75,977.25
22308,1402.5,518.25
22308,1615.5,973.5
22308,1498.5,976.5
22308,1524.0,896.25
22311,1395.0,513.0
22311,1617.0,973.5
22311,916.5,454.5
22311,1499.25,975.0
22314,915.75,457.5
22314,1615.5,973.5
22314,1347.0,709.125
22314,1257.75,790.5
22314,1499.25,975.75
22314,1391.25,514.5
22317,1363.5,714.0
22317,916.5,455.25
22317,1499.25,975.0
22317,1617.0,974.25
22320,1371.0,715.5
22320,918.0,462.375
22320,1618.5,974.25
22323,1398.0,705.0
22323,918.0,476.625
22323,1291.5,807.0
22323,1618.5,975.0
22326,1422.0,697.5
22326,919.5,469.875
22326,1614.0,974.25
22329,1443.0,702.0
22329,928.5,466.5
22329,1611.0,975.0
22332,939.0,476.25
22332,946.5,670.5
22332,1437.0,704.25
22332,1612.5,974.25
22332,1378.5,499.125
22332,1497.0,975.0
22332,1152.0,378.375
22335,1434.75,709.125
22335,1611.0,974.25
22335,1378.5,503.25
22335,1495.5,975.0
22335,1152.0,379.875
22338,951.0,501.75
22338,1375.5,507.75
22338,1611.0,975.0
22338,1449.0,852.75
22338,1494.75,973.5
22338,787.6875,865.5
22341,953.25,477.0
22341,1378.5,503.25
22341,1493.25,973.5
22341,1608.0,975.0
22344,976.5,482.625
22344,1605.0,974.25
22344,1381.5,487.875
22344,1491.0,973.5
22347,698.25,513.75
22347,1380.0,478.5
22347,1000.5,467.25
22347,193.125,614.25
22347,1593.0,975.0
22347,851.25,505.5
22350,1596.0,669.75
22350,1008.0,455.25
22350,1363.5,463.5
22350,838.5,496.125
22350,680.25,499.5
22350,752.25,861.0
22353,651.75,502.5
22353,1002.75,455.25
22353,1541.625,973.5
22353,164.90625,618.75
22353,1366.5,465.75
22353,853.5,467.25
22353,1671.0,895.5
22353,1488.0,903.0
22353,1093.5,603.75
22356,172.03125,616.5
22356,1626.0,654.75
22356,855.0,484.125
22356,1624.5,814.5
22356,1343.25,446.25
22356,86.53125,972.0
22356,1506.0,966.0
22359,157.03125,615.0
22359,610.5,500.25
22359,975.0,441.75
22359,61.21875,972.0
22359,849.0,500.625
22359,1617.0,648.75
22359,1482.0,954.0
22359,1396.5,863.25
22359,1593.0,888.0
22362,125.71875,625.125
22362,1641.0,633.0
22362,37.7109375,973.5
22365,105.28125,630.75
22365,1629.0,621.375
22365,1064.25,570.75
22365,1686.0,975.0
22365,1287.0,853.5
22368,1614.0,623.25
22368,78.55078125,630.0
22368,1719.0,972.0
22368,1626.0,975.0
22368,1430.25,864.0
22368,857.25,444.375
22368,561.75,502.5
22371,467.25,528.75
22371,48.84375,629.25
22371,1591.5,616.5
22371,1372.5,855.0
22374,1692.0,800.25
22374,41.53125,632.25
22374,1600.5,616.5
22374,1848.0,975.0
22374,95.53125,972.0
22374,1041.0,483.75
22374,646.5,723.375
22374,462.75,509.625
22377,999.0,526.5
22377,1550.625,612.75
22377,1722.0,791.25
22377,1020.0,865.5
22377,1515.75,939.0
22377,549.375,726.0
22380,411.65625,502.125
22380,1822.5,492.0
22380,984.0,487.875
22380,948.0,868.5
22380,1855.5,969.0
22380,1689.0,968.25
22380,1503.0,616.5
22383,190.6875,576.75
22383,1773.0,964.5
22383,1677.0,771.75
22383,733.5,436.125
22383,1505.25,617.25
22383,865.5,867.75
22383,1606.5,955.5
22383,1872.0,967.5
22386,1450.5,612.75
22386,700.875,468.0
22386,318.75,502.5
22386,1695.0,461.25
22386,1680.0,946.5
22386,789.0,867.0
22389,1401.75,606.0
22389,284.25,516.75
22389,671.625,450.75
22389,1639.5,452.25
22389,713.25,864.0
22389,1599.0,933.75
22392,1647.0,752.25
22392,636.75,474.0
22392,49.48828125,600.0
22392,1374.0,606.0
22392,244.078125,526.5
22392,257.625,521.25
22392,643.5,866.25
22395,228.375,531.75
22395,618.0,492.75
22395,1654.5,735.75
22395,1807.5,313.5
22395,1371.0,597.0
22398,209.4375,523.5
22398,1479.0,431.625
22398,1351.5,599.25
22398,26.71875,628.5
22398,1746.0,310.875
22398,628.5,488.25
22398,1686.0,763.5
22401,1333.5,598.875
22401,1674.0,735.75
22401,194.4375,546.75
22401,1686.0,306.5625
22401,1452.75,428.25
22401,852.0,510.75
22401,227.0625,546.0
22404,1677.0,719.25
22404,188.625,546.0
22404,1314.0,600.0
22404,632.25,832.5
22404,1618.5,305.4375
22404,611.625,513.75
22404,390.65625,918.0
22407,158.53125,548.25
22407,607.5,495.0
22407,1692.0,711.0
22407,1554.0,294.375
22407,1698.0,709.5
22407,1311.0,594.0
22407,318.375,924.0
22407,1318.5,522.75
22407,1138.5,859.5
22410,1284.0,587.25
22410,144.9375,555.75
22410,1677.0,701.25
22410,589.5,544.5
22410,1485.0,294.75
22410,248.4375,928.5
22410,787.5,519.75
22413,1268.25,581.25
22413,1668.0,684.75
22413,130.8984375,574.125
22413,1423.5,281.25
22413,181.59375,938.25
22413,429.84375,833.25
22413,146.0625,570.75
22416,134.25,576.75
22416,1699.5,674.25
22416,1365.0,283.5
22416,368.25,834.0
22416,1264.5,570.375
22416,116.0625,942.0
22416,462.75,805.5
22419,120.1640625,568.5
22419,1242.0,581.625
22419,1686.0,675.75
22419,1314.0,279.75
22419,60.28125,959.25
22419,174.375,940.5
22419,849.0,351.0
22419,313.875,834.75
22422,1257.0,580.5
22422,1689.0,664.125
22422,128.4375,581.25
22422,1263.75,276.75
22422,776.25,532.5
22422,31.3359375,946.5
22422,637.875,506.25
22422,1035.0,866.25
22422,261.5625,856.5
22422,126.0,945.0
22422,1561.5,896.25
22425,1249.5,581.625
22425,1227.0,279.9375
22425,1699.5,653.25
22425,138.75,589.125
22425,775.5,513.0
22425,1225.5,529.5
22425,223.546875,850.5
22428,1270.5,580.875
22428,1215.75,525.0
22428,1183.5,276.375
22428,800.25,517.125
22428,1734.0,652.5
22428,666.375,502.5
22428,783.75,863.25
22428,175.96875,855.0
22428,1489.5,895.5
22431,1270.5,581.625
22431,1728.0,652.5
22431,1142.25,281.4375
22431,1209.0,543.75
22431,183.75,572.25
22431,44.9765625,708.0
22431,750.75,864.0
22431,687.75,507.75
22434,1294.5,578.25
22434,1197.75,543.75
22434,1752.0,633.375
22434,1111.5,279.0
22434,190.6875,603.0
22434,837.0,506.25
22434,711.0,477.75
22434,1431.0,867.75
22434,61.640625,704.25
22437,1785.0,635.25
22437,513.0,378.75
22437,1212.75,525.0
22437,1081.5,284.25
22437,89.4375,719.25
22437,324.0,966.0
22437,1310.25,582.0
22437,1407.75,865.5
22437,690.0,864.0
22437,65.15625,882.0
22440,1809.0,628.875
22440,1221.0,519.75
22440,139.21875,726.75
22440,274.5,591.75
22440,1062.0,283.3125
22440,1332.0,587.25
22440,814.3125,483.75
22440,1392.0,864.75
22443,1830.0,618.75
22443,1348.5,589.125
22443,1046.25,291.0
22443,1229.25,510.75
22443,180.5625,727.5
22443,287.625,972.0
22443,315.75,582.0
22446,1852.5,624.75
22446,1366.5,581.25
22446,1028.25,294.375
22446,1253.25,534.0
22446,539.25,400.5
22446,308.25,970.5
22449,1387.5,584.25
22449,1012.5,300.75
22449,1269.0,541.5
22449,1867.5,603.75
22449,546.75,417.75
22449,288.5625,972.0
22449,1002.75,491.25
22449,288.1875,733.5
22452,376.5,729.0
22452,1266.0,532.5
22452,1402.5,591.0
22452,545.25,426.375
22452,1878.0,607.875
22452,1018.5,485.25
22452,267.375,972.0
22452,53.15625,891.0
22452,997.5,294.5625
22455,1413.0,576.75
22455,541.125,436.5
22455,492.0,611.625
22455,1277.25,526.5
22455,246.5625,975.0
22455,987.75,299.625
22455,410.625,980.25
22458,549.75,448.125
22458,1424.25,570.75
22458,510.75,619.5
22458,1294.5,514.875
22458,423.75,737.25
22461,452.625,736.5
22461,1305.0,505.5
22461,375.1875,979.5
22461,67.5,973.5
22461,1425.0,570.0
22464,495.75,740.25
22464,582.0,608.25
22464,532.5,411.0
22464,1435.5,567.75
22464,1312.5,522.75
22464,951.0,307.5
22464,92.53125,907.5
22467,534.75,467.25
22467,617.625,615.75
22467,534.375,741.75
22467,44.9765625,864.0
22467,945.0,310.5
22467,1446.0,549.0
22467,345.9375,979.5
22470,554.25,741.75
22470,1443.0,554.625
22470,48.19921875,831.0
22470,526.5,471.0
22470,323.25,981.0
22470,936.0,310.125
22473,591.0,744.0
22473,691.5,612.75
22473,514.5,480.0
22473,98.53125,853.5
22473,43.3125,971.25
22473,1440.75,529.5
22473,925.5,312.75
22473,1319.25,581.25
22476,113.625,843.75
22476,1026.0,405.0
22476,621.375,732.0
22476,1438.5,537.0
22476,919.5,319.875
22476,741.0,609.75
22476,38.0625,942.0
22476,447.375,966.75
22479,621.75,731.625
22479,1427.25,542.625
22479,490.125,491.25
22479,151.59375,843.75
22479,910.5,330.0
22479,30.8671875,960.0
22479,1896.0,612.0
22479,1024.5,402.75
22479,1367.25,505.125
22482,630.75,732.0
22482,477.375,495.75
22482,1022.25,414.75
22482,209.8125,840.0
22482,1421.25,546.75
22482,917.25,334.5
22485,654.75,725.25
22485,818.8125,607.5
22485,464.25,499.5
22485,1347.75,532.125
22485,766.5,387.75
22485,231.375,836.25
22485,1422.0,585.75
22485,448.5,970.5
22485,1016.25,412.125
22485,910.5,337.125
22488,669.75,729.375
22488,852.0,610.5
22488,456.0,504.75
22488,264.75,844.5
22488,764.25,394.125
22488,1009.5,414.75
22488,906.0,340.3125
22488,434.625,972.0
22488,1404.0,545.25
22491,668.25,722.625
22491,444.0,505.5
22491,290.4375,861.75
22491,429.375,971.25
22491,238.5,973.5
22491,1333.5,527.25
22491,996.75,422.25
22491,1386.75,530.25
22494,669.75,714.75
22494,428.625,505.5
22494,906.75,595.5
22494,423.0,972.0
22494,1330.5,526.5
22494,331.5,857.25
22494,900.0,339.75
22494,1389.0,536.25
22494,990.0,422.25
22494,753.0,392.625
22497,666.375,711.75
22497,934.5,595.125
22497,415.59375,504.375
22497,357.9375,858.0
22497,418.875,970.5
22497,1377.0,535.5
22500,404.25,507.0
22500,657.75,711.0
22500,967.5,581.25
22500,389.15625,846.0
22500,979.5,409.875
22500,416.25,972.0
22503,651.75,708.375
22503,394.125,508.875
22503,421.5,843.75
22503,1335.0,524.25
22503,414.0,972.0
22503,750.75,523.5
22503,973.5,408.0
22506,650.25,699.75
22506,392.90625,507.375
22506,453.0,837.0
22506,1329.0,518.25
22506,411.375,972.0
22509,1020.0,582.75
22509,653.25,693.75
22509,393.84375,509.625
22509,469.875,843.75
22509,410.25,973.5
22509,1344.0,529.125
22509,1329.0,522.0
22512,498.75,841.5
22512,400.59375,509.625
22512,655.5,685.5
22512,1032.75,577.875
22512,1333.5,529.5
22512,408.75,972.0
22512,1058.25,579.75
22512,217.921875,973.5
22512,973.5,412.875
22512,1304.25,492.375
22515,405.0,507.0
22515,1056.0,569.25
22515,500.25,840.75
22515,674.25,690.75
22515,973.5,417.75
22515,408.375,972.0
22515,216.75,973.5
22515,1350.0,521.25
22515,924.0,343.6875
22518,406.59375,505.5
22518,1086.75,569.25
22518,973.5,421.5
22518,539.25,829.5
22518,675.0,689.25
22518,931.5,340.875
22518,215.25,974.25
22518,407.90625,972.0
22518,762.0,411.75
22521,1106.25,567.0
22521,410.25,505.875
22521,557.25,831.0
22521,973.5,423.0
22521,696.0,683.25
22521,406.5,971.25
22521,1302.0,516.75
22521,214.125,975.0
22521,765.375,414.75
22524,1121.25,577.875
22524,423.75,502.125
22524,571.5,833.25
22524,975.0,422.625
22524,1292.25,526.875
22524,685.5,671.25
22524,772.5,416.25
22524,213.1875,975.0
22524,406.125,970.5
22527,1287.0,525.75
22527,1126.5,589.125
22527,437.25,498.75
22527,976.5,426.0
22527,591.75,821.25
22527,213.375,975.0
22527,406.5,971.25
22527,714.75,666.75
22530,1285.5,515.25
22530,1138.5,555.0
22530,446.625,499.5
22530,714.75,664.5
22530,463.5,495.75
22530,982.5,423.375
22530,612.75,816.0
22530,212.625,975.0
22530,405.375,970.5
22533,459.75,495.75
22533,1143.75,553.5
22533,1280.25,522.75
22533,621.75,817.5
22533,987.0,426.375
22533,720.0,659.25
22533,670.125,402.375
22533,777.0,419.25
22533,398.15625,972.75
22533,1204.5,323.4375
22536,460.125,493.875
22536,1147.5,548.25
22536,1273.5,530.25
22536,644.25,813.75
22536,728.25,641.625
22536,676.5,406.5
22536,391.59375,972.0
22539,1153.5,561.375
22539,464.625,494.25
22539,734.25,618.75
22539,644.25,813.0
22539,1269.0,523.5
22539,987.0,424.5
22539,679.5,411.0
22539,386.90625,972.0
22539,1686.0,597.375
22539,736.5,633.0
22542,1159.5,552.75
22542,743.25,634.5
22542,649.875,809.25
22542,475.125,489.0
22542,686.625,410.25
22542,385.125,972.0
22542,1683.0,597.0
22545,1167.75,559.875
22545,694.5,408.75
22545,485.25,486.75
22545,750.0,630.75
22545,759.75,632.25
22545,386.34375,973.5
22545,667.5,810.0
22545,1296.0,504.0
22545,736.5,862.5
22548,1179.0,543.75
22548,698.25,803.25
22548,498.0,483.0
22548,698.25,409.875
22548,774.0,625.125
22548,386.625,972.0
22548,1296.0,493.5
22548,1248.0,501.0
22551,1184.25,554.625
22551,516.0,485.25
22551,1017.0,430.5
22551,708.375,805.5
22551,386.90625,973.5
22551,822.0,616.5
22551,707.25,415.5
22551,772.5,627.0
22551,1299.0,481.125
22554,730.5,801.75
22554,1188.75,549.0
22554,523.875,479.25
22554,720.0,413.25
22554,1025.25,433.5
22554,388.5,972.75
22554,1620.0,570.75
22554,812.25,618.0
22554,796.3125,616.5
22554,807.1875,615.75
22554,1300.5,485.25
22557,729.75,412.5
22557,739.125,804.75
22557,1193.25,546.375
22557,532.5,474.75
22557,824.25,612.0
22557,1614.0,567.75
22557,1300.5,484.5
22557,386.625,972.0
22557,811.5,413.25
22557,736.5,861.75
22560,1194.0,544.875
22560,552.375,477.75
22560,1302.0,489.75
22560,762.0,791.25
22560,843.0,609.75
22560,748.5,423.0
22560,388.40625,972.75
22560,1242.0,496.125
22563,769.5,791.25
22563,751.125,423.0
22563,854.25,603.75
22563,567.75,473.625
22563,1197.0,545.25
22563,1306.5,493.5
22563,387.75,972.0
22563,1581.0,563.25
22563,737.25,862.5
22566,584.25,476.25
22566,786.75,789.0
22566,753.0,420.75
22566,1197.0,549.375
22566,861.0,595.875
22566,389.15625,972.0
22566,1308.0,488.25
22566,1087.5,837.0
22569,590.25,475.875
22569,765.0,420.0
22569,809.8125,790.5
22569,1195.5,553.5
22569,882.0,588.75
22569,390.75,970.5
22572,823.5,786.0
22572,778.3125,422.25
22572,1193.25,554.25
22572,392.15625,972.0
22572,853.5,436.125
22572,600.75,469.5
22575,825.0,784.5
22575,1248.0,504.0
22575,1189.5,536.25
22575,861.0,446.625
22575,791.25,427.5
22575,393.0,972.0
22578,832.5,787.5
22578,803.25,427.125
22578,637.125,466.5
22578,393.0,972.0
22578,1185.75,527.625
22578,1248.75,503.25
22578,865.5,446.25
22581,812.8125,430.125
22581,852.0,771.75
22581,648.375,464.25
22581,391.5,971.25
22581,1177.5,531.75
22581,1086.0,831.0
22584,871.5,771.75
22584,816.75,431.625
22584,663.375,471.0
22584,391.875,972.0
22584,883.5,450.75
22584,36.5625,970.5
22584,52.5,972.0
22587,890.25,780.0
22587,389.90625,971.25
22587,822.75,431.25
22587,894.0,452.625
22587,669.75,466.5
22587,1168.5,527.25
22587,33.984375,970.5
22590,903.0,783.0
22590,682.5,457.5
22590,389.34375,972.0
22590,1170.0,528.0
22593,906.75,780.75
22593,699.375,468.0
22593,1171.5,520.5
22593,388.125,972.0
22596,918.0,777.75
22596,710.25,460.125
22596,388.5,972.0
22596,1162.5,516.375
22596,862.5,439.125
22599,729.375,462.0
22599,934.5,775.5
22599,1168.5,518.25
22599,876.0,451.5
22599,385.875,972.0
22602,949.5,774.75
22602,733.5,462.0
22602,386.15625,970.5
22602,1166.25,516.0
22605,958.5,778.5
22605,744.75,461.25
22605,386.25,972.0
22605,1086.0,554.625
22608,970.5,779.25
22608,765.375,459.75
22608,1266.0,484.875
22608,386.90625,972.0
22611,778.6875,457.5
22611,970.5,777.75
22611,387.09375,972.0
22611,909.0,444.75
22611,1266.75,486.75
22614,901.3125,870.75
22614,338.0625,978.0
22614,478.875,381.75
22614,1502.25,976.5
22614,1493.25,657.0
22614,1342.5,273.75
22614,1204.5,872.25
22614,1639.5,763.5
22614,129.75,630.75
22614,1783.5,970.5
22614,192.75,770.25
22614,1555.5,975.0
22614,1458.0,418.125
22614,924.0,239.4375
22614,78.09375,975.0
22614,251.25,757.5
22614,235.5,652.5
22614,604.5,772.5
22614,1836.0,402.0
22614,1545.0,894.75
22614,1386.75,735.0
22617,309.9375,981.0
22617,867.75,869.25
22617,451.875,382.5
22617,1243.5,971.25
22617,576.375,680.25
22617,1315.5,265.3125
22617,1504.5,639.0
22617,1632.375,774.0
22617,1513.5,406.5
22617,116.625,629.25
22617,156.9375,771.75
22617,1755.0,973.5
22617,189.375,624.75
22617,1782.0,690.0
22617,1833.0,395.25
22620,895.5,876.0
22620,1416.75,972.0
22620,353.625,978.0
22620,465.75,375.0
22620,1782.0,972.0
22620,601.125,688.5
22620,1357.5,253.5
22620,1713.0,831.0
22620,1494.75,390.0
22620,1564.5,649.5
22620,167.25,722.625
22620,116.625,678.375
22620,993.0,337.125
22620,1884.0,643.5
22620,1827.0,697.875
22623,888.0,870.0
22623,389.25,981.75
22623,1302.75,822.0
22623,1023.75,409.5
22623,517.40625,370.5
22623,648.75,693.0
22623,117.375,969.75
22623,1102.5,594.0
22623,1490.25,976.5
22623,1422.0,251.0625
22623,1818.0,975.0
22623,1563.375,403.875
22623,1614.0,433.5
22623,1848.0,973.5
22623,181.875,332.25
22623,1800.0,775.5
22626,884.25,880.5
22626,1416.0,969.0
22626,1066.5,412.5
22626,1337.25,814.5
22626,575.34375,369.75
22626,322.875,975.75
22626,690.0,623.25
22626,1665.0,502.125
22626,325.125,568.5
22626,1159.5,606.375
22626,1480.5,242.25
22626,1749.0,972.0
22626,1731.0,966.0
22626,1623.0,422.25
22626,214.5,319.125
22629,894.0,882.75
22629,602.34375,359.25
22629,1128.75,412.125
22629,1404.0,821.25
22629,1501.5,921.75
22629,1222.5,588.0
22629,1537.5,231.5625
22629,1671.0,974.25
22629,364.5,583.5
22629,1740.0,662.25
22629,1827.0,969.0
22629,1710.0,365.25
22629,1821.0,967.5
22632,894.75,881.25
22632,1197.0,376.5
22632,1434.75,828.0
22632,1561.5,969.0
22632,1782.0,679.125
22632,1596.0,232.125
22632,1275.0,583.5
22632,58.96875,961.5
22632,261.375,973.5
22632,626.625,546.0
22632,627.0,367.5
22632,391.875,602.25
22635,906.75,880.5
22635,1463.25,837.0
22635,1632.375,219.9375
22635,78.84375,946.5
22635,660.375,546.75
22635,1233.0,371.25
22635,1824.0,322.5
22635,1302.0,583.5
22635,1758.0,973.5
22635,1546.5,859.5
22635,273.1875,976.5
22635,1755.0,354.75
22638,1572.0,975.0
22638,1081.5,1001.25
22638,646.875,356.25
22638,1636.5,213.9375
22638,84.796875,966.0
22638,1285.5,592.5
22638,1821.0,888.0
22638,319.3125,974.25
22638,760.5,581.25
22638,1188.75,354.75
22638,212.953125,596.25
22641,892.5,876.75
22641,1734.0,978.0
22641,613.125,348.375
22641,1620.0,201.375
22641,1777.5,758.25
22641,71.4375,973.5
22641,1331.25,954.0
22641,187.03125,586.5
22641,1431.75,958.5
22641,287.25,613.125
22641,1687.5,934.5
22641,86.90625,969.0
22644,1145.25,881.25
22644,1621.5,969.0
22644,1516.5,717.375
22644,584.34375,354.0
22644,1779.0,978.0
22644,1776.0,670.125
22644,1147.5,388.5
22644,1614.375,201.9375
22644,1750.5,390.75
22644,79.59375,978.0
22644,833.25,783.0
22644,307.6875,961.5
22644,639.75,291.1875
22644,166.3125,617.625
22644,301.6875,648.75
22647,1593.0,973.5
22647,1461.75,837.0
22647,1794.0,676.5
22647,1794.0,978.0
22647,1176.0,354.75
22647,616.125,312.375
22647,90.796875,978.0
22647,1296.75,672.75
22647,902.25,871.5
22647,1643.625,205.5
22647,819.0,623.25
22647,139.59375,801.0
22647,598.125,613.125
22647,189.9375,610.875
22647,363.1875,970.5
22650,1624.5,974.25
22650,1000.3125,867.75
22650,1478.25,838.5
22650,656.625,297.375
22650,1804.5,675.75
22650,1295.25,657.0
22650,1198.5,403.5
22650,1807.5,977.25
22650,1667.625,201.0
22650,104.8125,966.0
22650,242.953125,665.25
22650,219.375,960.0
22650,1783.5,392.625
22650,105.1875,969.0
22650,538.5,966.0
22650,804.0,871.5
22653,164.4375,969.0
22653,1493.25,840.0
22653,1641.0,972.75
22653,651.375,286.125
22653,1809.0,675.75
22653,945.0,879.0
22653,1686.0,214.875
22653,1321.5,790.5
22653,1810.5,976.5
22653,370.5,812.25
22653,281.0625,358.125
22653,630.375,961.5
22653,1161.75,351.0
22656,1663.5,975.75
22656,251.25,970.5
22656,1507.5,836.25
22656,652.5,322.125
22656,1024.5,871.5
22656,1818.0,691.5
22656,1699.5,221.4375
22656,772.6875,875.25
22656,1798.5,975.75
22656,98.25,711.75
22656,1344.0,817.5
22656,355.6875,627.375
22656,1342.5,635.25
22656,907.5,876.0
22659,1676.625,977.25
22659,1516.5,829.5
22659,387.09375,976.5
22659,942.1875,878.25
22659,1329.0,734.25
22659,1833.0,673.125
22659,162.28125,614.25
22659,1839.0,972.0
22659,298.875,467.625
22659,1014.0,504.0
22659,157.59375,767.25
22662,1675.5,977.25
22662,1515.0,840.0
22662,504.09375,970.5
22662,1324.5,696.75
22662,273.328125,607.875
22662,689.25,316.875
22662,999.1875,875.25
22662,1821.0,679.5
22662,116.4375,964.5
22662,1827.0,974.25
22662,156.9375,975.0
22662,347.625,763.5
22662,1234.5,375.0
22662,1707.0,209.625
22662,377.4375,624.75
22665,1670.625,978.0
22665,1518.0,817.5
22665,173.4375,972.0
22665,580.5,973.5
22665,1018.5,877.5
22665,1347.0,678.0
22665,675.0,307.125
22665,1821.0,672.75
22665,1824.0,974.25
22665,405.375,668.25
22665,945.0,582.0
22665,402.09375,969.0
22665,203.25,658.125
22668,1673.625,968.25
22668,1526.25,799.5
22668,217.3125,973.5
22668,1810.5,972.0
22668,1072.5,879.75
22668,679.5,292.5
22668,1344.0,630.75
22668,1824.0,654.75
22668,479.25,533.25
22668,720.75,931.5
22668,952.5,315.375
22668,546.09375,964.5
22671,279.75,973.5
22671,1656.375,972.0
22671,1515.0,789.0
22671,1815.0,972.75
22671,670.5,277.125
22671,402.75,534.75
22671,1812.0,647.625
22671,1332.0,608.25
22671,568.5,974.25
22671,793.5,552.75
22671,1071.1875,877.5
22671,59.90625,956.25
22671,822.75,852.75
22671,54.375,969.75
22671,863.8125,585.75
22674,287.8125,973.5
22674,1482.0,736.5
22674,1645.5,978.75
22674,706.5,872.25
22674,1770.0,975.0
22674,1041.75,881.25
22674,1789.5,654.0
22674,300.5625,831.0
22674,1275.0,578.25
22674,747.0,548.25
22674,745.5,276.75
22674,487.59375,273.5625
22677,1433.25,687.75
22677,771.0,869.25
22677,690.375,538.875
22677,1734.0,972.0
22677,1078.5,875.25
22677,292.3125,974.25
22677,1539.375,957.75
22677,309.75,759.75
22677,1758.0,618.75
22677,200.25,712.125
22677,1755.0,855.75
22680,1704.0,610.125
22680,1378.5,684.75
22680,1018.5,879.0
22680,1686.0,975.0
22680,624.75,615.75
22680,1569.375,930.0
22680,630.375,792.75
22680,287.625,714.75
22680,376.125,975.75
22680,1809.0,927.0
22683,1473.75,969.0
22683,1114.5,881.25
22683,721.5,873.0
22683,599.90625,164.25
22683,245.625,966.75
22683,507.375,963.0
22683,386.25,972.0
22686,783.75,862.5
22686,259.125,967.5
22686,590.625,162.0
22686,527.15625,969.0
22686,1457.25,966.0
22686,363.5625,968.25
22686,1107.0,945.0
22689,263.0625,970.5
22689,1198.5,956.25
22689,1449.0,966.0
22689,708.0,934.5
22689,768.0,883.5
22689,548.625,963.75
22692,270.0,971.25
22692,1177.5,963.0
22692,774.75,831.75
22692,1449.75,970.5
22692,447.75,972.0
22695,277.875,972.0
22695,1173.0,977.25
22695,781.3125,802.5
22695,587.25,909.75
22698,284.8125,971.25
22698,1172.8125,971.25
22698,800.8125,611.25
22698,602.25,898.5
22698,1430.25,966.75
22698,524.90625,952.5
22698,775.3125,795.0
22701,284.0625,969.0
22701,811.5,620.25
22701,1231.3125,965.25
22701,603.0,903.0
22701,1494.75,967.5
22704,1181.8125,972.0
22704,819.1875,631.875
22704,278.25,969.75
22704,1423.5,966.0
22704,410.25,968.25
22704,600.0,960.0
22707,827.25,630.0
22707,285.0,972.0
22707,1183.6875,969.75
22707,625.875,891.0
22707,1455.0,971.25
22707,390.65625,971.25
22710,278.0625,970.5
22710,1168.5,958.5
22710,828.0,627.75
22710,616.5,883.5
22710,1464.75,969.0
22713,273.0,971.25
22713,1162.6875,975.75
22713,833.25,624.75
22713,778.3125,245.25
22713,595.125,919.5
22716,269.4375,972.0
22716,1161.0,975.75
22716,606.75,915.75
22716,843.0,609.75
22716,831.0,230.8125
22719,258.75,969.0
22719,1158.0,988.5
22719,445.125,971.25
22719,803.25,867.75
22719,564.375,946.5
22719,834.0,605.25
22722,257.8125,967.5
22722,829.3125,594.0
22722,441.09375,972.0
22722,1164.75,994.5
22725,258.5625,969.0
22725,831.1875,591.75
22725,596.25,884.25
22725,1158.75,996.0
22728,250.125,968.25
22728,815.25,597.375
22728,588.75,879.75
22728,1155.1875,995.25
22731,244.875,967.5
22731,1454.25,972.0
22731,1040.8125,954.0
22731,810.75,600.0
22731,546.65625,911.25
22731,422.25,961.5
22734,239.0625,966.0
22734,1455.75,969.0
22734,411.84375,967.5
22734,813.1875,605.25
22734,539.90625,953.25
22737,231.1875,966.75
22737,412.5,972.0
22737,1466.25,977.25
22737,1092.75,495.375
22737,826.5,613.5
22740,755.25,900.75
22740,401.34375,966.0
22740,219.0,963.0
22740,1311.75,962.25
22740,749.25,245.625
22743,216.75,964.5
22743,744.375,894.75
22743,1195.3125,967.5
22743,401.34375,961.5
22743,757.5,255.0
22746,205.875,963.0
22746,780.0,939.75
22746,375.1875,966.0
22746,1224.0,948.0
22746,763.875,249.75
22749,1288.5,963.0
22749,361.5,967.5
22749,191.625,964.5
22749,781.6875,937.5
22749,761.625,251.4375
22752,1366.5,963.0
22752,780.75,954.0
22752,351.5625,970.5
22752,178.21875,966.0
22752,762.0,252.5625
22755,348.75,971.25
22755,781.5,954.75
22755,169.03125,964.5
22755,1379.25,964.5
22755,753.0,250.875
22758,784.6875,963.75
22758,333.0,966.0
22758,146.34375,963.75
22758,1409.25,966.0
22758,708.75,216.0
22761,753.0,970.5
22761,313.125,964.5
22761,127.40625,960.75
22761,1567.5,965.25
22761,1233.75,921.0
22761,684.75,354.375
22764,257.8125,964.5
22764,718.875,973.5
22764,1602.375,967.5
22764,1287.75,968.25
22764,102.5625,952.5
22764,100.5,523.125
22767,659.15625,971.25
22767,202.875,963.0
22767,1608.375,967.5
22767,1168.5,941.25
22767,78.890625,493.5
22767,73.546875,958.5
22770,626.15625,963.75
22770,176.71875,973.5
22770,1620.0,966.75
22770,1119.75,879.0
22773,1643.625,967.5
22773,642.0,961.5
22773,170.34375,969.0
22773,1216.5,972.0
22776,1658.625,965.25
22776,653.15625,960.0
22776,191.4375,969.75
22776,1117.6875,965.25
22779,636.09375,960.0
22779,1677.0,963.0
22779,173.25,965.25
22779,1102.5,961.5
22782,1707.375,972.0
22782,615.75,957.0
22782,199.125,966.0
22782,1053.0,954.75
22785,1740.0,961.5
22785,573.375,940.5
22785,948.1875,948.0
22785,225.75,962.25
22788,1740.0,963.75
22788,820.5,894.75
22788,539.15625,948.0
22788,243.375,955.5
22791,1758.0,961.5
22791,830.25,885.0
22791,266.8125,885.0
22794,960.75,876.0
22794,331.875,917.25
22797,1080.75,897.0
22797,386.90625,966.75
22797,1863.0,960.75
22800,1137.0,912.75
22800,403.5,963.0
22803,1096.5,933.75
22803,449.25,963.0
22806,1116.1875,975.0
22806,552.65625,955.5
22806,184.96875,980.25
22809,1142.25,982.5
22809,672.375,864.75
22812,1143.1875,973.5
22812,715.125,860.25
22815,992.25,876.0
22815,96.28125,966.0
22818,1101.0,874.5
22818,178.6875,972.0
22818,1079.25,724.875
22818,1347.75,837.0
22821,1110.75,873.0
22821,1491.0,724.5
22821,235.5,970.5
22824,285.75,969.0
22824,1050.0,872.25
22824,1368.0,936.0
22824,1524.75,970.5
22827,1034.8125,880.5
22827,1497.0,978.75
22827,351.75,949.5
22827,1286.25,732.0
22830,1540.5,984.0
22830,369.5625,948.0
22830,1099.5,895.5
22833,1585.5,985.5
22833,1708.5,966.0
22833,1210.5,970.5
22833,433.875,939.0
22833,563.25,931.5
22836,1680.0,993.75
22836,585.0,934.5
22839,1749.0,966.0
22839,367.5,964.5
22839,1647.0,960.75
22842,934.5,831.0
22845,325.5,961.5
22848,297.0,968.25
22854,613.5,831.75
22857,187.6875,793.5
22857,1086.0,634.5
22857,570.0,643.125
22860,1731.0,853.5
22860,581.15625,831.0
22860,1080.75,696.75
22860,202.828125,798.0
22860,114.65625,758.25
22863,610.5,826.5
22863,174.1875,792.75
22863,1071.0,693.0
22863,100.4765625,772.5
22863,1677.0,835.5
22863,1706.625,968.25
22863,1111.5,685.875
22863,316.875,679.875
22863,434.25,730.5
22866,627.375,822.75
22866,154.96875,786.0
22866,1059.0,689.625
22866,1639.5,823.5
22866,264.375,741.75
22866,83.484375,752.25
22866,344.0625,731.25
22866,1815.0,682.5
22866,730.5,777.0
22866,342.5625,733.5
22869,653.625,811.5
22869,1609.5,829.5
22869,152.15625,750.0
22869,1050.0,683.25
22869,244.875,742.5
22869,70.5,748.5
22869,1812.0,676.125
22869,364.5,731.625
22869,369.5625,595.5
22872,1803.0,777.0
22872,624.0,792.75
22872,396.0,757.5
22872,1588.5,829.5
22872,843.75,738.0
22872,235.6875,738.75
22872,145.125,748.5
22872,1038.0,679.125
22872,53.484375,755.25
22875,1566.375,814.5
22875,1800.0,867.0
22875,643.5,791.25
22875,123.3984375,762.75
22875,876.0,714.75
22875,223.6875,726.0
22875,421.5,748.5
22875,1030.5,670.5
22875,763.5,690.75
22878,667.5,789.0
22878,1794.0,946.5
22878,98.1328125,750.0
22878,418.5,730.5
22878,1534.5,940.5
22878,205.453125,720.0
22878,504.75,676.5
22878,1018.5,661.5
22878,895.5,692.25
22878,29.625,736.5
22881,1479.0,800.25
22881,1788.0,972.0
22881,666.75,786.0
22881,80.390625,735.0
22881,422.25,739.5
22881,927.0,730.5
22881,495.0,666.375
22881,187.125,712.125
22881,1008.75,651.0
22884,1779.0,972.75
22884,1453.5,781.5
22884,682.875,767.25
22884,70.40625,729.0
22884,458.25,723.375
22884,171.375,697.5
22884,952.5,711.75
22887,1777.5,970.5
22887,712.875,755.25
22887,1427.25,783.75
22887,54.09375,708.0
22887,435.375,702.375
22887,955.5,717.0
22887,140.15625,688.5
22890,1777.5,969.0
22890,745.5,762.0
22890,1398.0,815.25
22890,405.75,726.0
22890,969.75,711.75
22890,39.6328125,725.25
22890,114.9375,688.5
22890,815.25,743.25
22893,1776.0,969.0
22893,759.75,751.5
22893,996.0,720.75
22893,1379.25,783.0
22893,376.875,733.5
22896,1773.0,968.25
22896,1398.0,771.0
22896,776.8125,759.75
22896,369.1875,747.0
22896,1003.5,726.0
22896,111.375,678.375
22899,1771.5,967.5
22899,1423.5,768.0
22899,760.5,778.5
22899,352.6875,736.5
22899,1030.5,714.75
22899,875.25,759.0
22899,1143.75,633.0
22899,998.25,735.75
22902,1767.0,972.0
22902,335.0625,741.0
22902,765.375,796.5
22902,1481.25,780.75
22902,1033.5,735.0
22902,884.25,738.0
22902,66.76171875,676.875
22905,1758.0,970.5
22905,318.375,759.75
22905,764.25,819.0
22905,1477.5,766.5
22905,1030.5,732.0
22905,892.5,725.625
22908,740.625,789.75
22908,309.9375,769.5
22908,1752.0,967.5
22908,933.0,739.5
22908,1506.75,770.25
22908,1055.25,738.75
22908,1644.0,988.5
22911,302.625,766.5
22911,699.375,767.25
22911,1755.0,976.5
22911,1525.5,768.75
22911,932.25,758.25
22911,1672.5,957.0
22914,675.0,786.75
22914,302.4375,769.5
22914,1585.5,755.25
22914,1762.5,973.5
22914,966.0,759.0
22914,909.0,761.25
22914,34.2421875,688.5
22917,654.0,810.0
22917,303.796875,783.0
22917,932.25,757.5
22917,1780.5,591.0
22917,34.8046875,687.75
22917,1641.375,762.0
22920,616.125,810.0
22920,303.1875,798.0
22920,1711.5,617.625
22920,925.5,739.5
22920,1078.5,735.75
22920,993.0,745.5
22920,1806.0,612.75
22923,592.875,801.0
22923,942.0,745.5
22923,331.5,798.0
22923,1087.5,735.0
22923,1746.0,761.25
22923,268.171875,786.0
22926,1809.75,771.0
22926,542.625,824.25
22926,937.5,762.0
22926,1098.0,742.5
22926,279.703125,799.5
22926,217.125,764.25
22926,34.7109375,694.5
22929,1839.0,776.25
22929,508.5,798.75
22929,957.0,771.75
22929,345.75,802.5
22929,1141.5,755.25
22929,164.4375,762.0
22932,970.5,772.5
22932,434.625,815.25
22932,1870.5,947.25
22932,314.4375,789.0
22932,1149.0,780.0
22932,93.890625,795.0
22932,862.5,642.0
22935,1062.75,782.25
22935,418.875,864.0
22935,274.875,786.0
22935,81.0,782.25
22935,855.0,645.0
22938,367.6875,870.0
22938,837.0,651.0
22938,168.375,885.0
22938,1062.0,793.5
22938,975.0,798.75
22938,1143.75,759.0
22941,939.0,813.0
22941,300.703125,871.5
22941,1167.0,811.5
22941,109.125,901.5
22941,812.25,654.75
22944,207.0,909.0
22944,972.0,816.0
22944,760.5,651.0
22944,1173.0,803.25
22947,1177.5,815.25
22947,165.09375,915.0
22947,712.5,651.75
22947,894.1875,823.5
22947,491.625,657.0
22950,118.3125,913.5
22950,1202.25,861.0
22950,663.0,651.75
22950,870.75,825.0
22950,868.6875,823.5
22953,923.8125,828.75
22953,1182.75,859.5
22953,602.25,646.5
22953,358.875,654.0
22956,1201.5,841.5
22956,882.1875,835.5
22956,560.25,644.25
22959,863.25,834.0
22959,1176.0,834.0
22959,502.5,640.5
22962,1134.75,835.5
22962,474.0,644.25
22962,850.3125,834.0
22962,528.75,636.75
22965,850.5,876.0
22965,1173.0,882.75
22965,442.125,642.75
22965,503.625,631.5
22965,504.75,574.5
22968,856.3125,846.0
22968,1168.5,876.75
22968,435.75,642.75
22971,1141.5,870.0
22971,858.1875,872.25
22971,442.5,644.25
22971,501.0,636.0
22971,131.71875,356.625
22974,874.6875,864.75
22974,462.0,648.75
22974,1099.5,903.75
22974,514.5,639.75
22977,986.25,860.25
22977,489.0,649.5
22977,538.875,640.875
22980,963.75,898.5
22980,511.5,649.875
22980,560.25,639.375
22983,981.0,903.75
22983,542.25,645.75
22983,1857.0,942.75
22983,1875.0,968.25
22983,591.0,639.75
22986,1011.0,898.5
22986,1839.0,834.0
22986,573.0,651.0
22989,96.1875,939.0
22989,1824.0,945.75
22989,1017.0,896.25
22989,631.5,661.875
22992,113.4375,932.25
22992,1008.75,873.0
22992,1834.5,951.75
22992,1794.0,657.75
22992,678.375,677.625
22995,154.59375,936.0
22995,1785.0,969.0
22995,1011.0,910.5
22995,747.0,700.125
22998,1761.0,970.5
22998,1012.5,864.0
22998,268.6875,936.0
22998,161.8125,861.75
23001,1740.0,973.5
23001,1011.0,894.0
23001,316.3125,930.0
23004,1680.0,962.25
23004,1839.0,809.25
23004,996.0,883.5
23004,420.65625,920.25
23004,334.5,895.5
23004,1051.5,879.0
23007,1591.5,925.5
23007,979.5,899.25
23007,1776.0,796.5
23007,499.5,897.75
23007,277.5,807.0
23010,1522.5,891.0
23010,1006.5,869.25
23010,391.5,804.0
23010,559.125,877.5
23010,1695.0,758.25
23013,1453.5,870.75
23013,589.5,855.0
23013,979.5,924.75
23013,458.625,778.5
23013,1653.0,750.75
23016,1428.0,868.5
23016,997.5,906.75
23016,623.25,849.0
23016,499.875,780.0
23016,1617.0,750.75
23019,1018.5,896.25
23019,1426.5,867.0
23019,637.5,844.5
23019,516.0,813.0
23019,1621.5,756.0
23019,1624.5,861.0
23019,39.1875,777.0
23022,1011.0,906.0
23022,1425.0,876.0
23022,1614.0,759.75
23022,532.125,823.5
23022,627.75,838.5
23022,41.625,780.75
23022,372.5625,764.25
23025,975.0,943.5
23025,1422.0,873.0
23025,1605.0,756.75
23025,535.5,836.25
23025,600.75,860.25
23025,43.96875,778.5
23028,939.0,972.75
23028,582.75,855.0
23028,1418.25,871.5
23028,1594.5,723.375
23028,42.4453125,772.5
23031,907.3125,974.25
23031,582.375,858.0
23031,1420.5,870.0
23031,1590.0,901.5
23031,424.5,757.5
23034,930.75,975.75
23034,590.25,852.0
23034,1418.25,860.25
23034,1584.0,892.5
23034,423.0,751.5
23034,1575.0,685.5
23037,939.1875,972.0
23037,614.25,835.5
23037,1407.0,852.75
23037,1573.5,738.75
23037,462.75,750.0
23037,420.75,751.5
23040,896.25,972.75
23040,617.25,831.0
23040,1401.0,847.5
23040,1564.5,735.0
23040,464.25,748.5
23040,421.5,750.0
23043,1032.0,969.75
23043,1399.5,869.25
23043,632.25,831.75
23043,1554.0,732.75
23043,561.375,796.5
23043,463.875,746.25
23043,418.875,749.25
23043,1551.0,878.25
23046,1108.5,969.75
23046,1404.0,878.25
23046,616.5,837.0
23046,551.625,775.5
23046,1543.5,730.5
23049,1162.5,972.0
23049,637.875,838.5
23049,1416.0,882.75
23049,555.75,812.25
23049,1515.0,705.0
23049,858.75,633.75
23052,1185.0,970.5
23052,632.625,837.0
23052,853.5,837.0
23052,548.25,804.75
23052,1504.5,729.0
