frame_key,video_id,competition,canonical_game,median_section_file,k,target_fraction,target_pts_s,chosen_pts_s,spacing_prev_s,width,height,sheet_scale,sheet_path,sheet_sha256,raw_pixel_sha256,status
af9ba0d4904bcc1dd1148649df08ee9e41ad23d764d92c043c53e418defe58fb,jHcR5UxPGuE,acb,acb|fc barcelona vs real madrid full game liga endesa acb,basketball__acb-jHcR5UxPGuE_s1393.mp4,1,0.090909,7.878788,7.883333,,1280,720,1.0,C:\Users\neelj\g400_receiver\sheets\af9ba0d4904b.jpg,8b22880f7c25eeafdc47512c08c86ae6eb009b626f6f97298b1b113a8dd3f4a8,af9ba0d4904bcc1dd1148649df08ee9e41ad23d764d92c043c53e418defe58fb,PLANNED
86603ad2b512037c2b277101a5b8d9fde6ff25f901b3383ff68b0e92890121b5,jHcR5UxPGuE,acb,acb|fc barcelona vs real madrid full game liga endesa acb,basketball__acb-jHcR5UxPGuE_s1393.mp4,2,0.181818,20.090909,20.083333,12.2,1280,720,1.0,C:\Users\neelj\g400_receiver\sheets\86603ad2b512.jpg,ac27d47b4d2c258b06c36f982f13bf2d6bf28b2b91f5522af838b65cbbf4d1bd,86603ad2b512037c2b277101a5b8d9fde6ff25f901b3383ff68b0e92890121b5,PLANNED
8ac59600ce06f9890d83f39913c3a01f723e956d4d3b396624b2e388edf9c237,jHcR5UxPGuE,acb,acb|fc barcelona vs real madrid full game liga endesa acb,basketball__acb-jHcR5UxPGuE_s1393.mp4,3,0.272727,32.303031,32.3,12.216667,1280,720,1.0,C:\Users\neelj\g400_receiver\sheets\8ac59600ce06.jpg,8b3e87eab3f55e014bd11b74bcbcba9556071e14efe9f19d4bd420ae8ce9f3dc,8ac59600ce06f9890d83f39913c3a01f723e956d4d3b396624b2e388edf9c237,PLANNED
dd37c9f83d7891a038a9783ad7abac5067481791eb6958814bdbf82b41a7d73b,jHcR5UxPGuE,acb,acb|fc barcelona vs real madrid full game liga endesa acb,basketball__acb-jHcR5UxPGuE_s1393.mp4,4,0.363636,44.515152,44.516667,12.216667,1280,720,1.0,C:\Users\neelj\g400_receiver\sheets\dd37c9f83d78.jpg,a0bd7e84f24f29ab9448ec5865c9e7f5d42accc152f50e19819ce57eb21480ab,dd37c9f83d7891a038a9783ad7abac5067481791eb6958814bdbf82b41a7d73b,PLANNED
8c05207f2909a8411451ce2abe605e080b541a92e25137b251717d2b42dd25ec,jHcR5UxPGuE,acb,acb|fc barcelona vs real madrid full game liga endesa acb,basketball__acb-jHcR5UxPGuE_s1393.mp4,5,0.454545,56.727273,56.733333,12.216666,1280,720,1.0,C:\Users\neelj\g400_receiver\sheets\8c05207f2909.jpg,69e7c98929a80a22b8e14380948ea1bdf1b6306cc4fe764b87687029245c511d,8c05207f2909a8411451ce2abe605e080b541a92e25137b251717d2b42dd25ec,PLANNED
df0cc7a481e6ae1839a91b1c6660d62004553750f526fe49ba39dddb7196fbc0,jHcR5UxPGuE,acb,acb|fc barcelona vs real madrid full game liga endesa acb,basketball__acb-jHcR5UxPGuE_s1393.mp4,6,0.545455,68.939394,68.933333,12.2,1280,720,1.0,C:\Users\neelj\g400_receiver\sheets\df0cc7a481e6.jpg,6e28604615e4b5d055d2299c9d4d405bbeb191ad551a45872bc015c1e9341eb7,df0cc7a481e6ae1839a91b1c6660d62004553750f526fe49ba39dddb7196fbc0,PLANNED
41a51cd4fdf664e3bbbfd0da84ff730956e6b35a18296c00b298be5bbfd4f6a9,jHcR5UxPGuE,acb,acb|fc barcelona vs real madrid full game liga endesa acb,basketball__acb-jHcR5UxPGuE_s1393.mp4,7,0.636364,81.151515,81.15,12.216667,1280,720,1.0,C:\Users\neelj\g400_receiver\sheets\41a51cd4fdf6.jpg,a4e4964f5c6c6a6dcaf84ff40405fd1e67789e7b2427ff96bd0f519ab33d0a2e,41a51cd4fdf664e3bbbfd0da84ff730956e6b35a18296c00b298be5bbfd4f6a9,PLANNED
b4fb0c7a85d1ca8e37f846ad086dc62021d96a46f99655f33afe2f130ed05704,jHcR5UxPGuE,acb,acb|fc barcelona vs real madrid full game liga endesa acb,basketball__acb-jHcR5UxPGuE_s1393.mp4,8,0.727273,93.363636,93.366667,12.216667,1280,720,1.0,C:\Users\neelj\g400_receiver\sheets\b4fb0c7a85d1.jpg,359a0005d033da6e00b9947e4001e942994906a445460cc69cf8333b3dca38cc,b4fb0c7a85d1ca8e37f846ad086dc62021d96a46f99655f33afe2f130ed05704,PLANNED
8d2facc3514992b35e25a001869614c735c93f1392a6b39a8ebc5f62a8a38fa2,jHcR5UxPGuE,acb,acb|fc barcelona vs real madrid full game liga endesa acb,basketball__acb-jHcR5UxPGuE_s1393.mp4,9,0.818182,105.575758,105.583333,12.216666,1280,720,1.0,C:\Users\neelj\g400_receiver\sheets\8d2facc35149.jpg,7e3f722da6e8ce3cc54570a6ecf6710b86c3a1fa04042c771fd1fd1d2c416fff,8d2facc3514992b35e25a001869614c735c93f1392a6b39a8ebc5f62a8a38fa2,PLANNED
3d5a0bd19341d7474eb9199438050413ec8a5d2b9f545a322cfe2422e6ab002a,jHcR5UxPGuE,acb,acb|fc barcelona vs real madrid full game liga endesa acb,basketball__acb-jHcR5UxPGuE_s1393.mp4,10,0.909091,117.787879,117.783333,12.2,1280,720,1.0,C:\Users\neelj\g400_receiver\sheets\3d5a0bd19341.jpg,4a7df8af9b5ac1452a99cc200483a0b07fc6a96fa2d2b3b57bfb82c904b2b6e2,3d5a0bd19341d7474eb9199438050413ec8a5d2b9f545a322cfe2422e6ab002a,PLANNED
138e033d63aa5131e292bda284aa6d10092ec7e09b5e4fc48f3ec82f5219ac49,OHJgVogFtNE,acb,acb|partido completo bar a atl tic real madrid grupo a li,basketball__acb-OHJgVogFtNE_s2920.mp4,1,0.090909,10.730303,10.733333,,1920,1080,1.0,C:\Users\neelj\g400_receiver\sheets\138e033d63aa.jpg,c47eb7c750138c51e47ca46c2954fed98745a733844887fc674504b919e04a94,138e033d63aa5131e292bda284aa6d10092ec7e09b5e4fc48f3ec82f5219ac49,PLANNED
fa451cd89365cdfd8dd3fa76c76560df1817889c1f693901db719a7d30043c3f,OHJgVogFtNE,acb,acb|partido completo bar a atl tic real madrid grupo a li,basketball__acb-OHJgVogFtNE_s2920.mp4,2,0.181818,22.660606,22.666667,11.933334,1920,1080,1.0,C:\Users\neelj\g400_receiver\sheets\fa451cd89365.jpg,51c5f559904fdfd749e55bf0ea3b3eb5193ecd52fdd8a683b4bbe4de474bb0d9,fa451cd89365cdfd8dd3fa76c76560df1817889c1f693901db719a7d30043c3f,PLANNED
c6c10b4839482d79e27f5cf4837ed5f4eb45cff501681d936dcd7589e4206740,OHJgVogFtNE,acb,acb|partido completo bar a atl tic real madrid grupo a li,basketball__acb-OHJgVogFtNE_s2920.mp4,3,0.272727,34.590909,34.6,11.933333,1920,1080,1.0,C:\Users\neelj\g400_receiver\sheets\c6c10b483948.jpg,586408bd9aacfe384e3cb7dff3d322d56dd5d186a85ecff7144e57b6565683e2,c6c10b4839482d79e27f5cf4837ed5f4eb45cff501681d936dcd7589e4206740,PLANNED
51eea5c7d1aeddf072ee10e051bb5489a2c01631f50bba80c126f16e05d9ef51,OHJgVogFtNE,acb,acb|partido completo bar a atl tic real madrid grupo a li,basketball__acb-OHJgVogFtNE_s2920.mp4,4,0.363636,46.521212,46.533333,11.933333,1920,1080,1.0,C:\Users\neelj\g400_receiver\sheets\51eea5c7d1ae.jpg,916c7822a1861a8c4b2b338c4b48d59487e02794cfc7d06499a95806cb7b350a,51eea5c7d1aeddf072ee10e051bb5489a2c01631f50bba80c126f16e05d9ef51,PLANNED
977231941d6de5d0b2f6bee22ce1e2e77b3eb9fc6d7bf8611c69791635ef1447,OHJgVogFtNE,acb,acb|partido completo bar a atl tic real madrid grupo a li,basketball__acb-OHJgVogFtNE_s2920.mp4,5,0.454545,58.451515,58.466667,11.933334,1920,1080,1.0,C:\Users\neelj\g400_receiver\sheets\977231941d6d.jpg,f352feadcfad67aa55b2cccd763889f9381086750d489d0e1b50b7a37d0767e2,977231941d6de5d0b2f6bee22ce1e2e77b3eb9fc6d7bf8611c69791635ef1447,PLANNED
62808c4cc85237e039c5c1440b316bbfb9c789e043a21b418b560070df246173,OHJgVogFtNE,acb,acb|partido completo bar a atl tic real madrid grupo a li,basketball__acb-OHJgVogFtNE_s2920.mp4,6,0.545455,70.381818,70.366667,11.9,1920,1080,1.0,C:\Users\neelj\g400_receiver\sheets\62808c4cc852.jpg,51dc846b2a021cc455f76f828683174511a70fdae9ba4b734971879dea8dd688,62808c4cc85237e039c5c1440b316bbfb9c789e043a21b418b560070df246173,PLANNED
ab164dd59b9ef79886dd6bc69676938a895e909e0261e20ccc9eccb2b1130986,OHJgVogFtNE,acb,acb|partido completo bar a atl tic real madrid grupo a li,basketball__acb-OHJgVogFtNE_s2920.mp4,7,0.636364,82.312121,82.3,11.933333,1920,1080,1.0,C:\Users\neelj\g400_receiver\sheets\ab164dd59b9e.jpg,7ec7e224bdeea13b84e97c6144f631561d72b12cc8633011c3c7ffa2546ff347,ab164dd59b9ef79886dd6bc69676938a895e909e0261e20ccc9eccb2b1130986,PLANNED
e6f95762c19e188b05f671d87406655ccc1f9131ab74abf8d72fd1c2ccf83d12,OHJgVogFtNE,acb,acb|partido completo bar a atl tic real madrid grupo a li,basketball__acb-OHJgVogFtNE_s2920.mp4,8,0.727273,94.242424,94.233333,11.933333,1920,1080,1.0,C:\Users\neelj\g400_receiver\sheets\e6f95762c19e.jpg,2b60336672311bd8149d0324a3e91ec9e921fa3bdde700138ac8d33a73308bde,e6f95762c19e188b05f671d87406655ccc1f9131ab74abf8d72fd1c2ccf83d12,PLANNED
7a2124f313bd153d67baab648d57cd825edda95862d1d998a89370d5b2def1d4,OHJgVogFtNE,acb,acb|partido completo bar a atl tic real madrid grupo a li,basketball__acb-OHJgVogFtNE_s2920.mp4,9,0.818182,106.172727,106.166667,11.933334,1920,1080,1.0,C:\Users\neelj\g400_receiver\sheets\7a2124f313bd.jpg,eb73263a2e73e017f53065240c79ab3d9e153dc922969f983347a9ee11efafbf,7a2124f313bd153d67baab648d57cd825edda95862d1d998a89370d5b2def1d4,PLANNED
d8629056e9638a29441c71a91a58ea558cb88f935b8bc2150b72b147200e1983,OHJgVogFtNE,acb,acb|partido completo bar a atl tic real madrid grupo a li,basketball__acb-OHJgVogFtNE_s2920.mp4,10,0.909091,118.10303,118.1,11.933333,1920,1080,1.0,C:\Users\neelj\g400_receiver\sheets\d8629056e963.jpg,f754e92656646a80cf4a5ef03df06c1b42e36be122480c48b359619c94d357b1,d8629056e9638a29441c71a91a58ea558cb88f935b8bc2150b72b147200e1983,PLANNED
385c1c14da5d2af2c92630191957844c4ad8c86c7011592929fb68743e172f2f,FFTTnwrFzwQ,euroleague,euroleague|a one point finish in athens panathinaikos fenerbahce,basketball__euroleague-FFTTnwrFzwQ_s5004.mp4,1,0.090909,10.221818,10.24,,1920,1080,1.0,C:\Users\neelj\g400_receiver\sheets\385c1c14da5d.jpg,02edf98786554e7c6e89e7fcbfe64a6569c666cec8da1d47b12ed806cc4b2ee7,385c1c14da5d2af2c92630191957844c4ad8c86c7011592929fb68743e172f2f,PLANNED
769051cb48c0d476817cf74ac7c2b47ebd839eb928136470baf84e81c902507b,FFTTnwrFzwQ,euroleague,euroleague|a one point finish in athens panathinaikos fenerbahce,basketball__euroleague-FFTTnwrFzwQ_s5004.mp4,2,0.181818,22.203636,22.2,11.96,1920,1080,1.0,C:\Users\neelj\g400_receiver\sheets\769051cb48c0.jpg,ddec62d91df5e7b01a855a18c429e744a6ac43e4812438814157a9afa28dce30,769051cb48c0d476817cf74ac7c2b47ebd839eb928136470baf84e81c902507b,PLANNED
a3dccc0354dd8381a40e138ff448841251bb87776330eb5f78a423405c4edf2e,FFTTnwrFzwQ,euroleague,euroleague|a one point finish in athens panathinaikos fenerbahce,basketball__euroleague-FFTTnwrFzwQ_s5004.mp4,3,0.272727,34.185455,34.2,12.0,1920,1080,1.0,C:\Users\neelj\g400_receiver\sheets\a3dccc0354dd.jpg,a21c2a09844896a57f768d62666536fa5baa75df5f51dd0b1f16c87d1f8e679b,a3dccc0354dd8381a40e138ff448841251bb87776330eb5f78a423405c4edf2e,PLANNED
2b2846330888352b3177d549d8813b2354b3e2ad4e8fd5feaff6193a860a531c,FFTTnwrFzwQ,euroleague,euroleague|a one point finish in athens panathinaikos fenerbahce,basketball__euroleague-FFTTnwrFzwQ_s5004.mp4,4,0.363636,46.167273,46.16,11.96,1920,1080,1.0,C:\Users\neelj\g400_receiver\sheets\2b2846330888.jpg,6aaeb0440a8420d96493e4e092a350eea19f390c31cf159476b63500d18f8297,2b2846330888352b3177d549d8813b2354b3e2ad4e8fd5feaff6193a860a531c,PLANNED
a8cd18ebac6ee0ead05bb37f311e4aa3a59651afdb7d50be0e2037341e030846,FFTTnwrFzwQ,euroleague,euroleague|a one point finish in athens panathinaikos fenerbahce,basketball__euroleague-FFTTnwrFzwQ_s5004.mp4,5,0.454545,58.149091,58.16,12.0,1920,1080,1.0,C:\Users\neelj\g400_receiver\sheets\a8cd18ebac6e.jpg,baf14ddf7604f13f8263ba5d79b7076a0243ab9f169c7aac5ebc650830e67b50,a8cd18ebac6ee0ead05bb37f311e4aa3a59651afdb7d50be0e2037341e030846,PLANNED
66c8e8fad5e69d65c665eeacb44830afece93425632fd7ffba119879125f0ea5,FFTTnwrFzwQ,euroleague,euroleague|a one point finish in athens panathinaikos fenerbahce,basketball__euroleague-FFTTnwrFzwQ_s5004.mp4,6,0.545455,70.130909,70.12,11.96,1920,1080,1.0,C:\Users\neelj\g400_receiver\sheets\66c8e8fad5e6.jpg,727090c98f6f6e66e2b985d28fa72f26dc5869c6d63dd53abade6ab368d127ef,66c8e8fad5e69d65c665eeacb44830afece93425632fd7ffba119879125f0ea5,PLANNED
8f5b799826b1af43c73259c66942dcb3562bdad380a2af294b3861b1dff48894,FFTTnwrFzwQ,euroleague,euroleague|a one point finish in athens panathinaikos fenerbahce,basketball__euroleague-FFTTnwrFzwQ_s5004.mp4,7,0.636364,82.112727,82.12,12.0,1920,1080,1.0,C:\Users\neelj\g400_receiver\sheets\8f5b799826b1.jpg,30dbaa67316a13324f0ba838e860e6bd64557250b5ba726d484d705bc91bff79,8f5b799826b1af43c73259c66942dcb3562bdad380a2af294b3861b1dff48894,PLANNED
0abe8cfee64d8785dd7f946e961f3ffd2e1ba5a996a6d167a8aab91c9da5d2d4,FFTTnwrFzwQ,euroleague,euroleague|a one point finish in athens panathinaikos fenerbahce,basketball__euroleague-FFTTnwrFzwQ_s5004.mp4,8,0.727273,94.094545,94.08,11.96,1920,1080,1.0,C:\Users\neelj\g400_receiver\sheets\0abe8cfee64d.jpg,529e0d8e68745fb5107bd4d406f0d535042b617b3dc656df37dc16f10ce7f150,0abe8cfee64d8785dd7f946e961f3ffd2e1ba5a996a6d167a8aab91c9da5d2d4,PLANNED
64181b41b0d92136e0ed26602939bc310c4d36e44eb92dd9eb2f99e49fd1d2ce,FFTTnwrFzwQ,euroleague,euroleague|a one point finish in athens panathinaikos fenerbahce,basketball__euroleague-FFTTnwrFzwQ_s5004.mp4,9,0.818182,106.076364,106.08,12.0,1920,1080,1.0,C:\Users\neelj\g400_receiver\sheets\64181b41b0d9.jpg,bc28b425eac0d97314d1898812eae082a33a73a6345f7c706442ce62dc355002,64181b41b0d92136e0ed26602939bc310c4d36e44eb92dd9eb2f99e49fd1d2ce,PLANNED
50c31e5043ac6be84ef65c50a38663841f288548c01ad720e52fd1f012611da2,FFTTnwrFzwQ,euroleague,euroleague|a one point finish in athens panathinaikos fenerbahce,basketball__euroleague-FFTTnwrFzwQ_s5004.mp4,10,0.909091,118.058182,118.04,11.96,1920,1080,1.0,C:\Users\neelj\g400_receiver\sheets\50c31e5043ac.jpg,fbdb334ff9c3bcc1734bb418008794ffff6362d702b170992305e443773f44b4,50c31e5043ac6be84ef65c50a38663841f288548c01ad720e52fd1f012611da2,PLANNED
dadf3658d9418133ade41215f9f987c6e01385e6b871d6a4fce613fc2c6b57d0,1JN2w7nPn9k,euroleague,euroleague|clutch battle worth rewatching baskonia barcelona euro,basketball__euroleague-1JN2w7nPn9k_s4922.mp4,1,0.090909,9.6,9.6,,1920,1080,1.0,C:\Users\neelj\g400_receiver\sheets\dadf3658d941.jpg,a0c93c15f6c071d016975b05aaed5ecdeb68ea44173d7efbdf7a6184e6e73663,dadf3658d9418133ade41215f9f987c6e01385e6b871d6a4fce613fc2c6b57d0,PLANNED
5bd1478b59152518c935cce2314e27ba02759fcd64d3d3691d0217a9f3480a9f,1JN2w7nPn9k,euroleague,euroleague|clutch battle worth rewatching baskonia barcelona euro,basketball__euroleague-1JN2w7nPn9k_s4922.mp4,2,0.181818,21.64,21.64,12.04,1920,1080,1.0,C:\Users\neelj\g400_receiver\sheets\5bd1478b5915.jpg,6b2f23bc4a7a680f9eeee4422e09ee81845fe07d4083a2e77f661df451efe1ba,5bd1478b59152518c935cce2314e27ba02759fcd64d3d3691d0217a9f3480a9f,PLANNED
343ff64c26087ad6e82ab817e1c74d457f1c688ef9618977532a74d7515c2475,1JN2w7nPn9k,euroleague,euroleague|clutch battle worth rewatching baskonia barcelona euro,basketball__euroleague-1JN2w7nPn9k_s4922.mp4,3,0.272727,33.68,33.68,12.04,1920,1080,1.0,C:\Users\neelj\g400_receiver\sheets\343ff64c2608.jpg,6aebc9c438fcb33edc5e010f8a21df638296d1988c28571e02c0724d445950d8,343ff64c26087ad6e82ab817e1c74d457f1c688ef9618977532a74d7515c2475,PLANNED
567b6e021ad8849c0eaef2c9d4e9b050d5190a253a3af9de878ffcbda5d8e978,1JN2w7nPn9k,euroleague,euroleague|clutch battle worth rewatching baskonia barcelona euro,basketball__euroleague-1JN2w7nPn9k_s4922.mp4,4,0.363636,45.72,45.72,12.04,1920,1080,1.0,C:\Users\neelj\g400_receiver\sheets\567b6e021ad8.jpg,73569f67f25a3544e5f2ba7c3ac4414269a2b9bec764cefb9b26802b432f9db1,567b6e021ad8849c0eaef2c9d4e9b050d5190a253a3af9de878ffcbda5d8e978,PLANNED
c60c40eb38435a5c94548f7a934d09a04dde5d600b3356c401e1ff8f920d7194,1JN2w7nPn9k,euroleague,euroleague|clutch battle worth rewatching baskonia barcelona euro,basketball__euroleague-1JN2w7nPn9k_s4922.mp4,5,0.454545,57.76,57.76,12.04,1920,1080,1.0,C:\Users\neelj\g400_receiver\sheets\c60c40eb3843.jpg,76d862e63a13c56dc10e501d9239dd7363a5f7d3021282aa8b0f2d95e0acad9e,c60c40eb38435a5c94548f7a934d09a04dde5d600b3356c401e1ff8f920d7194,PLANNED
43ff8f9425693f07f5e2c2f5eaa82d7cc4ef8c93b71c4e09ded347e65b79523e,1JN2w7nPn9k,euroleague,euroleague|clutch battle worth rewatching baskonia barcelona euro,basketball__euroleague-1JN2w7nPn9k_s4922.mp4,6,0.545455,69.8,69.8,12.04,1920,1080,1.0,C:\Users\neelj\g400_receiver\sheets\43ff8f942569.jpg,4f89c38df89c44affeba6ec10e24455498f9f2aab83b0fed7287d65dcbae0e1c,43ff8f9425693f07f5e2c2f5eaa82d7cc4ef8c93b71c4e09ded347e65b79523e,PLANNED
0b011222e482f5ce54b665c69767d1aa42740eff3e217b85ac66c113c9723a17,1JN2w7nPn9k,euroleague,euroleague|clutch battle worth rewatching baskonia barcelona euro,basketball__euroleague-1JN2w7nPn9k_s4922.mp4,7,0.636364,81.84,81.84,12.04,1920,1080,1.0,C:\Users\neelj\g400_receiver\sheets\0b011222e482.jpg,d08a12708af341635e924cc9f6a0f2680b1ef5824b077df73a932ce307d89676,0b011222e482f5ce54b665c69767d1aa42740eff3e217b85ac66c113c9723a17,PLANNED
19515e710e7e8261947e845c3ecd196656295030f4ddfd9fd45f6a95eb09bca1,1JN2w7nPn9k,euroleague,euroleague|clutch battle worth rewatching baskonia barcelona euro,basketball__euroleague-1JN2w7nPn9k_s4922.mp4,8,0.727273,93.88,93.88,12.04,1920,1080,1.0,C:\Users\neelj\g400_receiver\sheets\19515e710e7e.jpg,dd76efb5abafaf12e5d165ea5cf6e5aa03188328d487fe4c6d3425acd2ce849d,19515e710e7e8261947e845c3ecd196656295030f4ddfd9fd45f6a95eb09bca1,PLANNED
5b36027c4952db3c5c18f03a758d3aa543ea45c694abecc79e5d6a22f5477de4,1JN2w7nPn9k,euroleague,euroleague|clutch battle worth rewatching baskonia barcelona euro,basketball__euroleague-1JN2w7nPn9k_s4922.mp4,9,0.818182,105.92,105.92,12.04,1920,1080,1.0,C:\Users\neelj\g400_receiver\sheets\5b36027c4952.jpg,9e9277c35c66ebf79d2e95fb4936e2fddb052ab2d20e80b69fc3605ec65b9274,5b36027c4952db3c5c18f03a758d3aa543ea45c694abecc79e5d6a22f5477de4,PLANNED
834cd6e0c957008cca910b1e6fb234221d85933b92adc2ed7e6f478647fa4a73,1JN2w7nPn9k,euroleague,euroleague|clutch battle worth rewatching baskonia barcelona euro,basketball__euroleague-1JN2w7nPn9k_s4922.mp4,10,0.909091,117.96,117.96,12.04,1920,1080,1.0,C:\Users\neelj\g400_receiver\sheets\834cd6e0c957.jpg,c06a75a84d20dd739e4e02ad7f563a7760cfe2d01317be121957f8353cd742a7,834cd6e0c957008cca910b1e6fb234221d85933b92adc2ed7e6f478647fa4a73,PLANNED
f0391adc8c91b54048ddb863d9b0f86ab9f548cfeed8d25680cbd837f4c32075,UWqS6-hl0W8,fiba,fiba|group phase latvia v serbia full basketball game fiba,basketball__fiba-UWqS6-hl0W8_s4941.mp4,1,0.090909,10.978788,10.966667,,1920,1080,1.0,C:\Users\neelj\g400_receiver\sheets\f0391adc8c91.jpg,e639019ce4319e6755609a3292e1d9964f2eebfa3e6a5f44d7acd354f5b83962,f0391adc8c91b54048ddb863d9b0f86ab9f548cfeed8d25680cbd837f4c32075,PLANNED
43a146721b4ecd958bbb7e9fbfea67880243a15d3bf275be49947c501fbf634b,UWqS6-hl0W8,fiba,fiba|group phase latvia v serbia full basketball game fiba,basketball__fiba-UWqS6-hl0W8_s4941.mp4,2,0.181818,22.890909,22.9,11.933333,1920,1080,1.0,C:\Users\neelj\g400_receiver\sheets\43a146721b4e.jpg,0e5e6e2e5b2b55b4d21c7363db75b45949e0940c3284dfa684120d417fa900b6,43a146721b4ecd958bbb7e9fbfea67880243a15d3bf275be49947c501fbf634b,PLANNED
2716dc44218a91ff03c2ae818c583c0ea800adec43ca0a258dce3b13e18a627c,UWqS6-hl0W8,fiba,fiba|group phase latvia v serbia full basketball game fiba,basketball__fiba-UWqS6-hl0W8_s4941.mp4,3,0.272727,34.803031,34.8,11.9,1920,1080,1.0,C:\Users\neelj\g400_receiver\sheets\2716dc44218a.jpg,958f097b18fb1f0a6a9cfaa69a1022ff18d987712b15a497bfbaf27f0a341d7d,2716dc44218a91ff03c2ae818c583c0ea800adec43ca0a258dce3b13e18a627c,PLANNED
92352b7937f60fc803b3af393a8772bae6bcc37f5a22a84fda8454dec3feb718,UWqS6-hl0W8,fiba,fiba|group phase latvia v serbia full basketball game fiba,basketball__fiba-UWqS6-hl0W8_s4941.mp4,4,0.363636,46.715152,46.7,11.9,1920,1080,1.0,C:\Users\neelj\g400_receiver\sheets\92352b7937f6.jpg,50c7a6b81b8b3d751593f0856713a9d7b12d06bb98e094b6760dd6cb357909d6,92352b7937f60fc803b3af393a8772bae6bcc37f5a22a84fda8454dec3feb718,PLANNED
6850627900848f4ac12eda764add442aa4a7edaa45e562ef866edb77cc684de4,UWqS6-hl0W8,fiba,fiba|group phase latvia v serbia full basketball game fiba,basketball__fiba-UWqS6-hl0W8_s4941.mp4,5,0.454545,58.627273,58.633333,11.933333,1920,1080,1.0,C:\Users\neelj\g400_receiver\sheets\685062790084.jpg,b9cc1b2a00cda139c43e0a36bb7264f3b2c79d3948ff551878026ee29a972058,6850627900848f4ac12eda764add442aa4a7edaa45e562ef866edb77cc684de4,PLANNED
bb955ba7fdb7c5a86ea30ff23dd5a6243f00f62a1f18fcb589e893f1654bdcbf,UWqS6-hl0W8,fiba,fiba|group phase latvia v serbia full basketball game fiba,basketball__fiba-UWqS6-hl0W8_s4941.mp4,6,0.545455,70.539394,70.533333,11.9,1920,1080,1.0,C:\Users\neelj\g400_receiver\sheets\bb955ba7fdb7.jpg,99f1a674d70a0b4b74ce8e6ef0acb63e9b0d42613128f425a0332375db652329,bb955ba7fdb7c5a86ea30ff23dd5a6243f00f62a1f18fcb589e893f1654bdcbf,PLANNED
30828d37a3c5040ead5a313a3ab20921d23efd13c8edddf0716947763622faf5,UWqS6-hl0W8,fiba,fiba|group phase latvia v serbia full basketball game fiba,basketball__fiba-UWqS6-hl0W8_s4941.mp4,7,0.636364,82.451515,82.466667,11.933334,1920,1080,1.0,C:\Users\neelj\g400_receiver\sheets\30828d37a3c5.jpg,e9dfd0929ccc8e9f8fee8a6467ac2f45fd69f0a045bd51b0325e7f143483cad1,30828d37a3c5040ead5a313a3ab20921d23efd13c8edddf0716947763622faf5,PLANNED
d5885b0b8e280348330bd3d09023256c9b830cca4d3bd36352830051ec3869a2,UWqS6-hl0W8,fiba,fiba|group phase latvia v serbia full basketball game fiba,basketball__fiba-UWqS6-hl0W8_s4941.mp4,8,0.727273,94.363636,94.366667,11.9,1920,1080,1.0,C:\Users\neelj\g400_receiver\sheets\d5885b0b8e28.jpg,a65cdb8a4734dc03fd53d30324c6e2527cb2d602a3a7b2987bd9d282317ebb59,d5885b0b8e280348330bd3d09023256c9b830cca4d3bd36352830051ec3869a2,PLANNED
3081d8b7e6494e24d94a66b6b1638948c1c64fced15101fbb9dc0dfc3eb88b59,UWqS6-hl0W8,fiba,fiba|group phase latvia v serbia full basketball game fiba,basketball__fiba-UWqS6-hl0W8_s4941.mp4,9,0.818182,106.275758,106.266667,11.9,1920,1080,1.0,C:\Users\neelj\g400_receiver\sheets\3081d8b7e649.jpg,d47011c08b2385442f124b6f167f1a9d62e8aa7189da390dba6b32334060c60e,3081d8b7e6494e24d94a66b6b1638948c1c64fced15101fbb9dc0dfc3eb88b59,PLANNED
07809652362f91987384405e9c51fea6940afeed400231c7f093ef7ea14d9138,UWqS6-hl0W8,fiba,fiba|group phase latvia v serbia full basketball game fiba,basketball__fiba-UWqS6-hl0W8_s4941.mp4,10,0.909091,118.187879,118.2,11.933333,1920,1080,1.0,C:\Users\neelj\g400_receiver\sheets\07809652362f.jpg,3da38efc41ecff7c338ded971e28d295d74f4470648bb29c1e532457f5460d37,07809652362f91987384405e9c51fea6940afeed400231c7f093ef7ea14d9138,PLANNED
a0cc8eb15237ac276e044b18607e4425949f09042a21da33b7f9fb0034eaa387,KjjghT10zjY,fiba,fiba|group phase slovenia v belgium full basketball game fi,basketball__fiba-KjjghT10zjY_s3184.mp4,1,0.090909,11.456364,11.46,,1920,1080,1.0,C:\Users\neelj\g400_receiver\sheets\a0cc8eb15237.jpg,cb055ef43f6ed674ac5d0d183c6efb47aba20068d0ccc11b304141ec4e232572,a0cc8eb15237ac276e044b18607e4425949f09042a21da33b7f9fb0034eaa387,PLANNED
2b4f6c368a81a27c6ac51c2ab8af4b21da20cec4def5672ad5e8f05f00545501,KjjghT10zjY,fiba,fiba|group phase slovenia v belgium full basketball game fi,basketball__fiba-KjjghT10zjY_s3184.mp4,2,0.181818,23.312727,23.32,11.86,1920,1080,1.0,C:\Users\neelj\g400_receiver\sheets\2b4f6c368a81.jpg,3f0470f9c2c54a5ac58ad006aee44260248e96e21a43605cefac337a480e0465,2b4f6c368a81a27c6ac51c2ab8af4b21da20cec4def5672ad5e8f05f00545501,PLANNED
ff21b7948ffae5ff09ab07caba6d82170a99af0795313ecebad7bc8ae850c70b,KjjghT10zjY,fiba,fiba|group phase slovenia v belgium full basketball game fi,basketball__fiba-KjjghT10zjY_s3184.mp4,3,0.272727,35.169091,35.16,11.84,1920,1080,1.0,C:\Users\neelj\g400_receiver\sheets\ff21b7948ffa.jpg,85310eff69185cd28ab1ebdc1fa42f2a639bd836baf1215f0c4327b02dedd0a8,ff21b7948ffae5ff09ab07caba6d82170a99af0795313ecebad7bc8ae850c70b,PLANNED
683c859b88265acfc46931370397027c6b8b45bad9515a66cece7f96f284679a,KjjghT10zjY,fiba,fiba|group phase slovenia v belgium full basketball game fi,basketball__fiba-KjjghT10zjY_s3184.mp4,4,0.363636,47.025455,47.02,11.86,1920,1080,1.0,C:\Users\neelj\g400_receiver\sheets\683c859b8826.jpg,b3dfb7ccedf35752d728e934f763609ef443f588a38e5c440719953fbbb7e836,683c859b88265acfc46931370397027c6b8b45bad9515a66cece7f96f284679a,PLANNED
72bfedfa44db8108f13154a3966875664d5a4af585c9d32d027c3c9fd8319ec4,KjjghT10zjY,fiba,fiba|group phase slovenia v belgium full basketball game fi,basketball__fiba-KjjghT10zjY_s3184.mp4,5,0.454545,58.881818,58.88,11.86,1920,1080,1.0,C:\Users\neelj\g400_receiver\sheets\72bfedfa44db.jpg,faa60a40f256c38e476847a74cd7513fcefb88bc9f80534ba8e970b702f5091a,72bfedfa44db8108f13154a3966875664d5a4af585c9d32d027c3c9fd8319ec4,PLANNED
607e46e91f196d991077b94ca7848304598ad4fe091a679df8f70485bffa1350,KjjghT10zjY,fiba,fiba|group phase slovenia v belgium full basketball game fi,basketball__fiba-KjjghT10zjY_s3184.mp4,6,0.545455,70.738182,70.74,11.86,1920,1080,1.0,C:\Users\neelj\g400_receiver\sheets\607e46e91f19.jpg,4c36904e6dca510a68e35cfca39c2e435db322362fb8b98ea2db21a0daf639d2,607e46e91f196d991077b94ca7848304598ad4fe091a679df8f70485bffa1350,PLANNED
182e5023504d632abb890b078010582cd0c60d0ea87cec0c2430e687bcf32714,KjjghT10zjY,fiba,fiba|group phase slovenia v belgium full basketball game fi,basketball__fiba-KjjghT10zjY_s3184.mp4,7,0.636364,82.594545,82.6,11.86,1920,1080,1.0,C:\Users\neelj\g400_receiver\sheets\182e5023504d.jpg,7d2904b388ac295ee2c3e2c569e5d3281ad1e23f664378c79e512c12eda020bf,182e5023504d632abb890b078010582cd0c60d0ea87cec0c2430e687bcf32714,PLANNED
956546676b2a9023906c62ae253855a61d02c91bb5dd602d3a7eccde26b451f7,KjjghT10zjY,fiba,fiba|group phase slovenia v belgium full basketball game fi,basketball__fiba-KjjghT10zjY_s3184.mp4,8,0.727273,94.450909,94.46,11.86,1920,1080,1.0,C:\Users\neelj\g400_receiver\sheets\956546676b2a.jpg,e6631389d5f1a0c1cbd9b630b85a6e2517401c8169dc728aec1deb524eb8b39a,956546676b2a9023906c62ae253855a61d02c91bb5dd602d3a7eccde26b451f7,PLANNED
fc2124bb50bcaffb234a62378eac7620582eaa06696f2074a05fd18f2d701b04,KjjghT10zjY,fiba,fiba|group phase slovenia v belgium full basketball game fi,basketball__fiba-KjjghT10zjY_s3184.mp4,9,0.818182,106.307273,106.3,11.84,1920,1080,1.0,C:\Users\neelj\g400_receiver\sheets\fc2124bb50bc.jpg,8bfdd37f4d64706e13cddbeee85fc9e8cfb9f0f3311178e0d651577e22aa02da,fc2124bb50bcaffb234a62378eac7620582eaa06696f2074a05fd18f2d701b04,PLANNED
89306c655150ba3c3f14e94e80df007734195782057506d76447fbd13d4826dd,KjjghT10zjY,fiba,fiba|group phase slovenia v belgium full basketball game fi,basketball__fiba-KjjghT10zjY_s3184.mp4,10,0.909091,118.163636,118.16,11.86,1920,1080,1.0,C:\Users\neelj\g400_receiver\sheets\89306c655150.jpg,bfc8686b2ccab16caee7283598e66774014623bcd13551f762f114f2757fa15d,89306c655150ba3c3f14e94e80df007734195782057506d76447fbd13d4826dd,PLANNED
b97481a69bac1dab1695e107f5252ae1e24926f47df4a229c70f84aa334ec1a8,HZw0bbHwHjY,fiba,fiba|quarter finals angola v cape verde full basketball game,basketball__fiba-HZw0bbHwHjY_s3910.mp4,1,0.090909,11.818182,11.833333,,1920,1080,1.0,C:\Users\neelj\g400_receiver\sheets\b97481a69bac.jpg,b8059da86037df0bb7fa4c166eef9c76d2194d40b3134639559c1131539fadd7,b97481a69bac1dab1695e107f5252ae1e24926f47df4a229c70f84aa334ec1a8,PLANNED
1042d52e1cbc9688492147745ce84a07ceb06cb6d39696f0c09935b6046483b1,HZw0bbHwHjY,fiba,fiba|quarter finals angola v cape verde full basketball game,basketball__fiba-HZw0bbHwHjY_s3910.mp4,2,0.181818,23.636364,23.633333,11.8,1920,1080,1.0,C:\Users\neelj\g400_receiver\sheets\1042d52e1cbc.jpg,b37254ffab752dab07f5342cb3c37b25dce901767719074130c9384a052b964e,1042d52e1cbc9688492147745ce84a07ceb06cb6d39696f0c09935b6046483b1,PLANNED
1304b23cb1fa4b6cd187047742bd3a520b8e944758b86abb464911faba48c0a5,HZw0bbHwHjY,fiba,fiba|quarter finals angola v cape verde full basketball game,basketball__fiba-HZw0bbHwHjY_s3910.mp4,3,0.272727,35.454545,35.466667,11.833334,1920,1080,1.0,C:\Users\neelj\g400_receiver\sheets\1304b23cb1fa.jpg,ff506743ae1e156655ba77d3b56b6a1ec84d3e3d69eafb9f96185c5bc89ff2dd,1304b23cb1fa4b6cd187047742bd3a520b8e944758b86abb464911faba48c0a5,PLANNED
db52cdc05e95311dd4b5d89a033794230eebba127ac5fe218796b8a9a9c4d9e6,HZw0bbHwHjY,fiba,fiba|quarter finals angola v cape verde full basketball game,basketball__fiba-HZw0bbHwHjY_s3910.mp4,4,0.363636,47.272727,47.266667,11.8,1920,1080,1.0,C:\Users\neelj\g400_receiver\sheets\db52cdc05e95.jpg,fe7b9c96819817f4eabd3aeead9e1c5a6cd79a52ba64e22d6aaf85452da07401,db52cdc05e95311dd4b5d89a033794230eebba127ac5fe218796b8a9a9c4d9e6,PLANNED
4a32fd8786d221b2d409bb631fba5c0f452afc8aba18864816888b76c4cf59f2,HZw0bbHwHjY,fiba,fiba|quarter finals angola v cape verde full basketball game,basketball__fiba-HZw0bbHwHjY_s3910.mp4,5,0.454545,59.090909,59.1,11.833333,1920,1080,1.0,C:\Users\neelj\g400_receiver\sheets\4a32fd8786d2.jpg,e7f25986751377033c2aedc6b4303d339918575707709e56bcdf3cd044ce50f0,4a32fd8786d221b2d409bb631fba5c0f452afc8aba18864816888b76c4cf59f2,PLANNED
ab35de10b6e44749d716dc432d09b1c24fd2de1025d84eaa84c1367c550a9cce,HZw0bbHwHjY,fiba,fiba|quarter finals angola v cape verde full basketball game,basketball__fiba-HZw0bbHwHjY_s3910.mp4,6,0.545455,70.909091,70.9,11.8,1920,1080,1.0,C:\Users\neelj\g400_receiver\sheets\ab35de10b6e4.jpg,0048f6453f379723cee8c620e1270dbe0ac0a1478125ea5e04052b2d47ee763f,ab35de10b6e44749d716dc432d09b1c24fd2de1025d84eaa84c1367c550a9cce,PLANNED
31a449b8825fb744a58879ac521d7b9f1e356ff01d412463a78ab0cd4daeda1d,HZw0bbHwHjY,fiba,fiba|quarter finals angola v cape verde full basketball game,basketball__fiba-HZw0bbHwHjY_s3910.mp4,7,0.636364,82.727273,82.733333,11.833333,1920,1080,1.0,C:\Users\neelj\g400_receiver\sheets\31a449b8825f.jpg,d9a210e9a0ae2f84f545261b064fe5c85a8efd2b48a98622641f1e440f2a5607,31a449b8825fb744a58879ac521d7b9f1e356ff01d412463a78ab0cd4daeda1d,PLANNED
a8228b951ae2a615065fe4350b80bd2f82e2ce588feab46b0ff23e46d318e54b,HZw0bbHwHjY,fiba,fiba|quarter finals angola v cape verde full basketball game,basketball__fiba-HZw0bbHwHjY_s3910.mp4,8,0.727273,94.545455,94.533333,11.8,1920,1080,1.0,C:\Users\neelj\g400_receiver\sheets\a8228b951ae2.jpg,981563460587e068da4991bd6c632113d24add9310c5df7f9c3e4f26ce87570b,a8228b951ae2a615065fe4350b80bd2f82e2ce588feab46b0ff23e46d318e54b,PLANNED
260a999e7ee82f0f7ddc22e3c5caa37a317461f1540cf81716ce96b777ae5afb,HZw0bbHwHjY,fiba,fiba|quarter finals angola v cape verde full basketball game,basketball__fiba-HZw0bbHwHjY_s3910.mp4,9,0.818182,106.363636,106.366667,11.833334,1920,1080,1.0,C:\Users\neelj\g400_receiver\sheets\260a999e7ee8.jpg,b7bdaa3d303e1dd2d65b2c43c3922346056ec98b5c952f5aaf25983c51d95e5a,260a999e7ee82f0f7ddc22e3c5caa37a317461f1540cf81716ce96b777ae5afb,PLANNED
2e2085e5f4df9cc1179da59fb7b9fc6247ea70f1e7057a9c4acb6f56e17c12a4,HZw0bbHwHjY,fiba,fiba|quarter finals angola v cape verde full basketball game,basketball__fiba-HZw0bbHwHjY_s3910.mp4,10,0.909091,118.181818,118.166667,11.8,1920,1080,1.0,C:\Users\neelj\g400_receiver\sheets\2e2085e5f4df.jpg,bdca959f7742ffa890f6c3d138ab2aac42d60d8343667dbe0c446de39a1fb9f9,2e2085e5f4df9cc1179da59fb7b9fc6247ea70f1e7057a9c4acb6f56e17c12a4,PLANNED
2a4d9f8c8208e3bf91bef9ce8851a08d5b6566e243120e977d2510011852aa5d,0wlE9W_0Qv0,fiba,fiba|quarter finals canada v usa full basketball game fiba,basketball__fiba-0wlE9W_0Qv0_s3596.mp4,1,0.090909,10.909091,10.916667,,1920,1080,1.0,C:\Users\neelj\g400_receiver\sheets\2a4d9f8c8208.jpg,87d204e714297e29910135270b18a869adaefe1a20deba2ed028129251d1d764,2a4d9f8c8208e3bf91bef9ce8851a08d5b6566e243120e977d2510011852aa5d,PLANNED
e03efbe6e55ce176e99e24aedf239b3c9392d2f232b498ede434ecaa9ba0b248,0wlE9W_0Qv0,fiba,fiba|quarter finals canada v usa full basketball game fiba,basketball__fiba-0wlE9W_0Qv0_s3596.mp4,2,0.181818,22.818182,22.816667,11.9,1920,1080,1.0,C:\Users\neelj\g400_receiver\sheets\e03efbe6e55c.jpg,94d59e8f4c2e45a234e94e3f422f4fd7e504492d7afb35d1b89508189771f2a7,e03efbe6e55ce176e99e24aedf239b3c9392d2f232b498ede434ecaa9ba0b248,PLANNED
7124a92f8172fee55ad8d3d50be7eba58e3fa7348719c30392b332aa33576208,0wlE9W_0Qv0,fiba,fiba|quarter finals canada v usa full basketball game fiba,basketball__fiba-0wlE9W_0Qv0_s3596.mp4,3,0.272727,34.727273,34.733333,11.916666,1920,1080,1.0,C:\Users\neelj\g400_receiver\sheets\7124a92f8172.jpg,3b150704fff2836372834d775d39311ed57e63df2f959b838fff1e2c441d11d5,7124a92f8172fee55ad8d3d50be7eba58e3fa7348719c30392b332aa33576208,PLANNED
70706d001da9472b2c78b8886aaa5ceb7071b334ae6ebd2c9ba20c2decd21dc3,0wlE9W_0Qv0,fiba,fiba|quarter finals canada v usa full basketball game fiba,basketball__fiba-0wlE9W_0Qv0_s3596.mp4,4,0.363636,46.636364,46.633333,11.9,1920,1080,1.0,C:\Users\neelj\g400_receiver\sheets\70706d001da9.jpg,a36c8c08b2202fba45e5fde91d8c939363c4382012e54b251166fd620e9b8e1c,70706d001da9472b2c78b8886aaa5ceb7071b334ae6ebd2c9ba20c2decd21dc3,PLANNED
d91cb0203845e3fb4ad94a272a3f5c891ea62c6724fea03f15f22108271cd350,0wlE9W_0Qv0,fiba,fiba|quarter finals canada v usa full basketball game fiba,basketball__fiba-0wlE9W_0Qv0_s3596.mp4,5,0.454545,58.545455,58.55,11.916667,1920,1080,1.0,C:\Users\neelj\g400_receiver\sheets\d91cb0203845.jpg,edc1a894fe2e2f18bc86580a3d151226fd0b9e9f026be98ada7eddbfa9551052,d91cb0203845e3fb4ad94a272a3f5c891ea62c6724fea03f15f22108271cd350,PLANNED
7321b0c30573a5aa91462a54c70d68d30f046f2c77aa32d2646f433dabedcf37,0wlE9W_0Qv0,fiba,fiba|quarter finals canada v usa full basketball game fiba,basketball__fiba-0wlE9W_0Qv0_s3596.mp4,6,0.545455,70.454545,70.45,11.9,1920,1080,1.0,C:\Users\neelj\g400_receiver\sheets\7321b0c30573.jpg,e040af2024ff4bd54ac5b95a0ab25fa27c6ad653dc20f1736b8d7218a0c7967d,7321b0c30573a5aa91462a54c70d68d30f046f2c77aa32d2646f433dabedcf37,PLANNED
03b1809325899f65d68023d84bf9d600f7f860c164c3f7c988da874a64c5174e,0wlE9W_0Qv0,fiba,fiba|quarter finals canada v usa full basketball game fiba,basketball__fiba-0wlE9W_0Qv0_s3596.mp4,7,0.636364,82.363636,82.366667,11.916667,1920,1080,1.0,C:\Users\neelj\g400_receiver\sheets\03b180932589.jpg,df319dce913d0295cbc2bb0843d69d35f98fbf7b0565cefbccd768944731cb21,03b1809325899f65d68023d84bf9d600f7f860c164c3f7c988da874a64c5174e,PLANNED
dead011436c83307c6b9ee6acf8aca58221adfc637dbd0315d7c1ec69668916e,0wlE9W_0Qv0,fiba,fiba|quarter finals canada v usa full basketball game fiba,basketball__fiba-0wlE9W_0Qv0_s3596.mp4,8,0.727273,94.272727,94.266667,11.9,1920,1080,1.0,C:\Users\neelj\g400_receiver\sheets\dead011436c8.jpg,57db8fa6cd085baf1f28f2baf26e685a27f5bb9b97ecdcb67d504f588a14b8d2,dead011436c83307c6b9ee6acf8aca58221adfc637dbd0315d7c1ec69668916e,PLANNED
72c0e7372c526c434cd8b1ceb0b1e9dcecc671920eb9f031d8c6b0251163a54d,0wlE9W_0Qv0,fiba,fiba|quarter finals canada v usa full basketball game fiba,basketball__fiba-0wlE9W_0Qv0_s3596.mp4,9,0.818182,106.181818,106.183333,11.916666,1920,1080,1.0,C:\Users\neelj\g400_receiver\sheets\72c0e7372c52.jpg,0a7c8065b01ebce704e154f23a44103d5a6d3dd2e9473079b038dda4d4d5d06a,72c0e7372c526c434cd8b1ceb0b1e9dcecc671920eb9f031d8c6b0251163a54d,PLANNED
d105e58017ea43baa8ce931932150fc2dde4f4c0472ee99f905d4a298ecbf3d9,0wlE9W_0Qv0,fiba,fiba|quarter finals canada v usa full basketball game fiba,basketball__fiba-0wlE9W_0Qv0_s3596.mp4,10,0.909091,118.090909,118.083333,11.9,1920,1080,1.0,C:\Users\neelj\g400_receiver\sheets\d105e58017ea.jpg,8f7bd94aad709c69dcef14b221e91a148559c88db66c5ea31c6844d38b17f469,d105e58017ea43baa8ce931932150fc2dde4f4c0472ee99f905d4a298ecbf3d9,PLANNED
dd17d4d9a296f4d60382c257185ee5b6ab08e464533aefceca3c010ab26b5166,52PuVDx8T0o,fiba,fiba|round of 16 lithuania v latvia full basketball game fi,basketball__fiba-52PuVDx8T0o_s3660.mp4,1,0.090909,11.818182,11.833333,,1920,1080,1.0,C:\Users\neelj\g400_receiver\sheets\dd17d4d9a296.jpg,58a411718d98e16eb8eb5f69fe72649b3f9c5c818118e0b7e16ae2d69ffb79af,dd17d4d9a296f4d60382c257185ee5b6ab08e464533aefceca3c010ab26b5166,PLANNED
77ea01c32fe24bf55d40bae2ee73300e2a25c6223024c6f6192a553c06a68177,52PuVDx8T0o,fiba,fiba|round of 16 lithuania v latvia full basketball game fi,basketball__fiba-52PuVDx8T0o_s3660.mp4,2,0.181818,23.636364,23.633333,11.8,1920,1080,1.0,C:\Users\neelj\g400_receiver\sheets\77ea01c32fe2.jpg,6600a460b77a93ff30944e564c87b48013d8b8130f17121ae46732a4593d41b8,77ea01c32fe24bf55d40bae2ee73300e2a25c6223024c6f6192a553c06a68177,PLANNED
f0df9d6bbe8543c8f6774ea49f1597cf5ae28f50d8b8f9a9f64a4a50862dcd21,52PuVDx8T0o,fiba,fiba|round of 16 lithuania v latvia full basketball game fi,basketball__fiba-52PuVDx8T0o_s3660.mp4,3,0.272727,35.454545,35.466667,11.833334,1920,1080,1.0,C:\Users\neelj\g400_receiver\sheets\f0df9d6bbe85.jpg,c257f642a53bc2d0275504a72281ec6aafc80a1455b61fcc562e66a01e7242d7,f0df9d6bbe8543c8f6774ea49f1597cf5ae28f50d8b8f9a9f64a4a50862dcd21,PLANNED
9208fa951c5b4a3d1e269baa737531d61f030ad330091d3762d42bbc26455c78,52PuVDx8T0o,fiba,fiba|round of 16 lithuania v latvia full basketball game fi,basketball__fiba-52PuVDx8T0o_s3660.mp4,4,0.363636,47.272727,47.266667,11.8,1920,1080,1.0,C:\Users\neelj\g400_receiver\sheets\9208fa951c5b.jpg,cc0b2c2f1cd443e0ca27bc384e205f36aaa7bec305dccf5bb81e1663d4d84e97,9208fa951c5b4a3d1e269baa737531d61f030ad330091d3762d42bbc26455c78,PLANNED
23b1ef6e2b1ea2c84d887cf25e8ab2da2a9bf2c8c5139896e4c96b0241799f1f,52PuVDx8T0o,fiba,fiba|round of 16 lithuania v latvia full basketball game fi,basketball__fiba-52PuVDx8T0o_s3660.mp4,5,0.454545,59.090909,59.1,11.833333,1920,1080,1.0,C:\Users\neelj\g400_receiver\sheets\23b1ef6e2b1e.jpg,0eb8a34e6b87e97c627f3cd96212fb7dd75c19617da4f2d4c7eb61350dc0dc93,23b1ef6e2b1ea2c84d887cf25e8ab2da2a9bf2c8c5139896e4c96b0241799f1f,PLANNED
39c240e19a625ac1d819fe85d1cad942511cb3c08c0af0dfdb1c8eaae9b87f13,52PuVDx8T0o,fiba,fiba|round of 16 lithuania v latvia full basketball game fi,basketball__fiba-52PuVDx8T0o_s3660.mp4,6,0.545455,70.909091,70.9,11.8,1920,1080,1.0,C:\Users\neelj\g400_receiver\sheets\39c240e19a62.jpg,fd435b582d5893d97e8cdd3e2e1cea9bf5da8b7d1cb7396e258d64319e39aab2,39c240e19a625ac1d819fe85d1cad942511cb3c08c0af0dfdb1c8eaae9b87f13,PLANNED
fcebeede233d160727cc570e604b575509aaebe0dd0783e3c2d62466384d6717,52PuVDx8T0o,fiba,fiba|round of 16 lithuania v latvia full basketball game fi,basketball__fiba-52PuVDx8T0o_s3660.mp4,7,0.636364,82.727273,82.733333,11.833333,1920,1080,1.0,C:\Users\neelj\g400_receiver\sheets\fcebeede233d.jpg,332f3806d029c8e7a15f562857e50775d50449e67a05dcf029edb676f4fa365b,fcebeede233d160727cc570e604b575509aaebe0dd0783e3c2d62466384d6717,PLANNED
90c223eb0b81addf97f7a836e1525c608a2ace7c4bc20d6024c0257a9c70fbfb,52PuVDx8T0o,fiba,fiba|round of 16 lithuania v latvia full basketball game fi,basketball__fiba-52PuVDx8T0o_s3660.mp4,8,0.727273,94.545455,94.533333,11.8,1920,1080,1.0,C:\Users\neelj\g400_receiver\sheets\90c223eb0b81.jpg,a92b25c15b0d65ec71355579fea349fd21357b61186e826f07d788e45554561b,90c223eb0b81addf97f7a836e1525c608a2ace7c4bc20d6024c0257a9c70fbfb,PLANNED
cdd78a2279bae7055bfe4c19cb86bbd1756df77fbdc9136cd838166f6063b9fd,52PuVDx8T0o,fiba,fiba|round of 16 lithuania v latvia full basketball game fi,basketball__fiba-52PuVDx8T0o_s3660.mp4,9,0.818182,106.363636,106.366667,11.833334,1920,1080,1.0,C:\Users\neelj\g400_receiver\sheets\cdd78a2279ba.jpg,49e869054ab423e58307869627774258d3f7640394afe92b8b3c56ef3919cbcf,cdd78a2279bae7055bfe4c19cb86bbd1756df77fbdc9136cd838166f6063b9fd,PLANNED
ad4808ec193e86e1e914a5656da68189f0451f3359da3a6dd641399eb5f43216,52PuVDx8T0o,fiba,fiba|round of 16 lithuania v latvia full basketball game fi,basketball__fiba-52PuVDx8T0o_s3660.mp4,10,0.909091,118.181818,118.166667,11.8,1920,1080,1.0,C:\Users\neelj\g400_receiver\sheets\ad4808ec193e.jpg,0ddf1ea39a5ec80a250888ac74f2b8ac3c456ca3c3711f69dd40c98fd32d8918,ad4808ec193e86e1e914a5656da68189f0451f3359da3a6dd641399eb5f43216,PLANNED
c7a6bb2ed8d17d9e8d4ec5004040a68ff02f97c0a4035ec167aa76d35b00bb0d,spBCthmSgks,nba,nba|2024 nba playoffs 6 phoenix suns vs 3 minnesota timberwol,nba__spBCthmSgks_s2700.mp4,1,0.090909,8.193792,8.174833,,1280,720,1.0,C:\Users\neelj\g400_receiver\sheets\c7a6bb2ed8d1.jpg,889b5daf37d2a8583fb5c689a8afbd3e79eb5c689cc7cc55b84152149f1edf02,c7a6bb2ed8d17d9e8d4ec5004040a68ff02f97c0a4035ec167aa76d35b00bb0d,PLANNED
a9c0c368cc98a109a25650e95572b3a085ed6f94613cd1619e7d0f74b5cb69b6,spBCthmSgks,nba,nba|2024 nba playoffs 6 phoenix suns vs 3 minnesota timberwol,nba__spBCthmSgks_s2700.mp4,2,0.181818,20.391584,20.395378,12.220545,1280,720,1.0,C:\Users\neelj\g400_receiver\sheets\a9c0c368cc98.jpg,d8c2ab3059cc90190fdfbf3b70b9324bc91f56deafa64675003b45bdf5db9a01,a9c0c368cc98a109a25650e95572b3a085ed6f94613cd1619e7d0f74b5cb69b6,PLANNED
8078eb1d155a2642507c09420bc17dba5c0b1c7ed5ac7415f782113f64dc5625,spBCthmSgks,nba,nba|2024 nba playoffs 6 phoenix suns vs 3 minnesota timberwol,nba__spBCthmSgks_s2700.mp4,3,0.272727,32.589376,32.574211,12.178833,1280,720,1.0,C:\Users\neelj\g400_receiver\sheets\8078eb1d155a.jpg,f29a1dc52dd088de5308240bec7154802b889c8248fb4582a9605738f63ea712,8078eb1d155a2642507c09420bc17dba5c0b1c7ed5ac7415f782113f64dc5625,PLANNED
db24023be2218c385cb3936e44d28a213a41b2dca772338343a7466b4a38ca54,spBCthmSgks,nba,nba|2024 nba playoffs 6 phoenix suns vs 3 minnesota timberwol,nba__spBCthmSgks_s2700.mp4,4,0.363636,44.787168,44.794756,12.220545,1280,720,1.0,C:\Users\neelj\g400_receiver\sheets\db24023be221.jpg,068092dce4eec92fc39559578319935cd61ef385fe79bc96ed8f6da140b610c5,db24023be2218c385cb3936e44d28a213a41b2dca772338343a7466b4a38ca54,PLANNED
58d62331f3974095f7c795241e4187447c0c0313092a6fcbedb472bce515bbd3,spBCthmSgks,nba,nba|2024 nba playoffs 6 phoenix suns vs 3 minnesota timberwol,nba__spBCthmSgks_s2700.mp4,5,0.454545,56.98496,56.973589,12.178833,1280,720,1.0,C:\Users\neelj\g400_receiver\sheets\58d62331f397.jpg,312ea7ca3e3eafc2727df6718e55c8fa156cdb07a2c808639b496dfae30076e5,58d62331f3974095f7c795241e4187447c0c0313092a6fcbedb472bce515bbd3,PLANNED
7a8c0340cba125f383f1bee270d3f85a06d09c228e63fe26f8984e4d57fb946b,spBCthmSgks,nba,nba|2024 nba playoffs 6 phoenix suns vs 3 minnesota timberwol,nba__spBCthmSgks_s2700.mp4,6,0.545455,69.182751,69.194133,12.220544,1280,720,1.0,C:\Users\neelj\g400_receiver\sheets\7a8c0340cba1.jpg,6f797f1da11e69e16105a2b760e73b311a929f74ed19faa7bec19f3900f4ce9b,7a8c0340cba125f383f1bee270d3f85a06d09c228e63fe26f8984e4d57fb946b,PLANNED
735620bdefa481de47922d0d5498c4c9e138bdda60b72609853c992c056ba19c,spBCthmSgks,nba,nba|2024 nba playoffs 6 phoenix suns vs 3 minnesota timberwol,nba__spBCthmSgks_s2700.mp4,7,0.636364,81.380543,81.372967,12.178834,1280,720,1.0,C:\Users\neelj\g400_receiver\sheets\735620bdefa4.jpg,a67ab8dac7c8b3a4aa6b82629acc7962a8911672647087e2941b7e5cfbde036b,735620bdefa481de47922d0d5498c4c9e138bdda60b72609853c992c056ba19c,PLANNED
12a12dda6f5a4f62765428be8935f836151f729cba9f61c501fa76bfd1143a77,spBCthmSgks,nba,nba|2024 nba playoffs 6 phoenix suns vs 3 minnesota timberwol,nba__spBCthmSgks_s2700.mp4,8,0.727273,93.578335,93.5935,12.220533,1280,720,1.0,C:\Users\neelj\g400_receiver\sheets\12a12dda6f5a.jpg,5df2ae5e77bfcbd6dfa1e788a32e295ac1d678006923053a167ef9d5f447d203,12a12dda6f5a4f62765428be8935f836151f729cba9f61c501fa76bfd1143a77,PLANNED
2a9a56d523ae3dd2c8ec40c0b44b6afd40c1c91c2f2c72702b7c9eda0be9aa27,spBCthmSgks,nba,nba|2024 nba playoffs 6 phoenix suns vs 3 minnesota timberwol,nba__spBCthmSgks_s2700.mp4,9,0.818182,105.776127,105.772333,12.178833,1280,720,1.0,C:\Users\neelj\g400_receiver\sheets\2a9a56d523ae.jpg,945942eeedcdc354731aca0c1883753b4331d0e100db095e05ab336e09ec4c28,2a9a56d523ae3dd2c8ec40c0b44b6afd40c1c91c2f2c72702b7c9eda0be9aa27,PLANNED
ef9873e1cee2ae9a2ae3e898f7cb433e4a0e541bcdb687ee796915a94ad2604b,spBCthmSgks,nba,nba|2024 nba playoffs 6 phoenix suns vs 3 minnesota timberwol,nba__spBCthmSgks_s2700.mp4,10,0.909091,117.973919,117.992878,12.220545,1280,720,1.0,C:\Users\neelj\g400_receiver\sheets\ef9873e1cee2.jpg,52d91a9911d16eab1b5fd3d96ff3e7cbbf2d7be7ca54eb04b0a47c05a236aa55,ef9873e1cee2ae9a2ae3e898f7cb433e4a0e541bcdb687ee796915a94ad2604b,PLANNED
edfc3a27039a5002f3ab21a8aaae20025eb98cf78476e79bec7c6de107293101,yZ5u2sOpiNU,nba,nba|lebron james forces game 7 with masterful 45 pt performance,nba__yZ5u2sOpiNU_s2652.mp4,1,0.090909,8.9999,9.009,,1920,1080,1.0,C:\Users\neelj\g400_receiver\sheets\edfc3a27039a.jpg,eb8196a9a617dbfa04d9de734294cfcec26ef0407759d92a47c85370071e265d,edfc3a27039a5002f3ab21a8aaae20025eb98cf78476e79bec7c6de107293101,PLANNED
e07bced368e91096aaabda66fe35fb121df5f3f8632a6756ed8f33960d6c8ce5,yZ5u2sOpiNU,nba,nba|lebron james forces game 7 with masterful 45 pt performance,nba__yZ5u2sOpiNU_s2652.mp4,2,0.181818,21.1029,21.087733,12.078733,1920,1080,1.0,C:\Users\neelj\g400_receiver\sheets\e07bced368e9.jpg,ce0269e87a5ef429b3fa5cfffce463ad60d098771f072a527d3774dfb49a4a80,e07bced368e91096aaabda66fe35fb121df5f3f8632a6756ed8f33960d6c8ce5,PLANNED
4b226efc45537f13f291e186964f1b01706b0dfd1eecb73ff2708299795967a7,yZ5u2sOpiNU,nba,nba|lebron james forces game 7 with masterful 45 pt performance,nba__yZ5u2sOpiNU_s2652.mp4,3,0.272727,33.2059,33.199833,12.1121,1920,1080,1.0,C:\Users\neelj\g400_receiver\sheets\4b226efc4553.jpg,5e500545518d3cd1a1425414948ab6c6f1addff9cebae87c90ee71e0f4c44db2,4b226efc45537f13f291e186964f1b01706b0dfd1eecb73ff2708299795967a7,PLANNED
2537bfcdafca775c6aa63fc446b32a15036587b0bdb6e50feda3fc530cc37f0d,yZ5u2sOpiNU,nba,nba|lebron james forces game 7 with masterful 45 pt performance,nba__yZ5u2sOpiNU_s2652.mp4,4,0.363636,45.3089,45.311933,12.1121,1920,1080,1.0,C:\Users\neelj\g400_receiver\sheets\2537bfcdafca.jpg,427e2315b56600bc83eac112c1408ae38657070f578c115f5b14731e2c8ba316,2537bfcdafca775c6aa63fc446b32a15036587b0bdb6e50feda3fc530cc37f0d,PLANNED
1a65f88cf1520a93f057127cc27bfa43042273dae462952cfd136b533c556ec9,yZ5u2sOpiNU,nba,nba|lebron james forces game 7 with masterful 45 pt performance,nba__yZ5u2sOpiNU_s2652.mp4,5,0.454545,57.4119,57.424033,12.1121,1920,1080,1.0,C:\Users\neelj\g400_receiver\sheets\1a65f88cf152.jpg,315ed97eb99461fc160e6150a3d562edbf747d6125be6e598f9e769bff00f46a,1a65f88cf1520a93f057127cc27bfa43042273dae462952cfd136b533c556ec9,PLANNED
3015eb3f52fb5ef2ec6c3a42a37790884484d422d1db20b412503b562b83cc2a,yZ5u2sOpiNU,nba,nba|lebron james forces game 7 with masterful 45 pt performance,nba__yZ5u2sOpiNU_s2652.mp4,6,0.545455,69.5149,69.502767,12.078734,1920,1080,1.0,C:\Users\neelj\g400_receiver\sheets\3015eb3f52fb.jpg,fa40aa726c94bd4b52b40d42c7e6d09e5662995c8a1c245e6ef890f7338edfe4,3015eb3f52fb5ef2ec6c3a42a37790884484d422d1db20b412503b562b83cc2a,PLANNED
34947548a21599bc515dd0e584588365412e98601094133a4cea85cde71cf54a,yZ5u2sOpiNU,nba,nba|lebron james forces game 7 with masterful 45 pt performance,nba__yZ5u2sOpiNU_s2652.mp4,7,0.636364,81.6179,81.614867,12.1121,1920,1080,1.0,C:\Users\neelj\g400_receiver\sheets\34947548a215.jpg,f4ef2e998db812bb3c5d7515600232e5db10fe717ba66d68df0cbadd8c015af7,34947548a21599bc515dd0e584588365412e98601094133a4cea85cde71cf54a,PLANNED
e1f5559e9ee2c99f65ad398c5ad9bc0d0351b92a62604aba1f8a14abd2d1a5f8,yZ5u2sOpiNU,nba,nba|lebron james forces game 7 with masterful 45 pt performance,nba__yZ5u2sOpiNU_s2652.mp4,8,0.727273,93.7209,93.726967,12.1121,1920,1080,1.0,C:\Users\neelj\g400_receiver\sheets\e1f5559e9ee2.jpg,90b5175f82698bfd5bfb425355883b865cc545bdd8c4d0328e7633af0676d80a,e1f5559e9ee2c99f65ad398c5ad9bc0d0351b92a62604aba1f8a14abd2d1a5f8,PLANNED
89e29c813a22f59d407118761b4ec6ffe53613217094c9ca7221035b28f1cbc4,yZ5u2sOpiNU,nba,nba|lebron james forces game 7 with masterful 45 pt performance,nba__yZ5u2sOpiNU_s2652.mp4,9,0.818182,105.8239,105.839067,12.1121,1920,1080,1.0,C:\Users\neelj\g400_receiver\sheets\89e29c813a22.jpg,c270fdb6ac5bb02e90997a52e0093c6e55efd6f751cbbb78eab1e1babd95f0a7,89e29c813a22f59d407118761b4ec6ffe53613217094c9ca7221035b28f1cbc4,PLANNED
393aa74f807ead7757e4ca6fd8cfaf1f9fa9022e27184e5ea9210a0375833c69,yZ5u2sOpiNU,nba,nba|lebron james forces game 7 with masterful 45 pt performance,nba__yZ5u2sOpiNU_s2652.mp4,10,0.909091,117.9269,117.9178,12.078733,1920,1080,1.0,C:\Users\neelj\g400_receiver\sheets\393aa74f807e.jpg,128490718673b317a96dd537c10aa8581dafdd6b752b5f5ebbe643c5e40db701,393aa74f807ead7757e4ca6fd8cfaf1f9fa9022e27184e5ea9210a0375833c69,PLANNED
2b17699de39421ce6a2b24e934f659f8042f2a084ecf3d8d8f6f8a42d6086f5f,L7o4UCIIqS4,nba,nba|milwaukee bucks vs san antonio spurs nba full game 01 08 202,nba__L7o4UCIIqS4_s2656.mp4,1,0.090909,10.229911,10.226878,,1280,720,1.0,C:\Users\neelj\g400_receiver\sheets\2b17699de394.jpg,3a55048eaa5862813bc7a663758f676bbdeae0931b904aba2bd746e0478a59fc,2b17699de39421ce6a2b24e934f659f8042f2a084ecf3d8d8f6f8a42d6086f5f,PLANNED
c6ff0e4ce91a97bf5bf9a232be5c82296319eaafc03e395b23bf2dc0529fa0f6,L7o4UCIIqS4,nba,nba|milwaukee bucks vs san antonio spurs nba full game 01 08 202,nba__L7o4UCIIqS4_s2656.mp4,2,0.181818,22.211577,22.205511,11.978633,1280,720,1.0,C:\Users\neelj\g400_receiver\sheets\c6ff0e4ce91a.jpg,908e860ae513b03742f9abb5cb9f3b7b30ae32f75c6acb4d04b9a97fd715eb05,c6ff0e4ce91a97bf5bf9a232be5c82296319eaafc03e395b23bf2dc0529fa0f6,PLANNED
bf44d7e5ee034af6a246aeecac210467a6f500e54b5b0cd5dcee92b11d9aa1c3,L7o4UCIIqS4,nba,nba|milwaukee bucks vs san antonio spurs nba full game 01 08 202,nba__L7o4UCIIqS4_s2656.mp4,3,0.272727,34.193244,34.200833,11.995322,1280,720,1.0,C:\Users\neelj\g400_receiver\sheets\bf44d7e5ee03.jpg,3bb0ee20992e17e8c20030eb782a7f5806e6b0df663a878266190442274e152c,bf44d7e5ee034af6a246aeecac210467a6f500e54b5b0cd5dcee92b11d9aa1c3,PLANNED
3bc321be3c6168ec65d9077261229e229891fbea0a61c47d360ae4a1545cc854,L7o4UCIIqS4,nba,nba|milwaukee bucks vs san antonio spurs nba full game 01 08 202,nba__L7o4UCIIqS4_s2656.mp4,4,0.363636,46.174911,46.179467,11.978634,1280,720,1.0,C:\Users\neelj\g400_receiver\sheets\3bc321be3c61.jpg,2f2a3f9f4fb7a508f66e3169aaebd9599a3a7a42a064e3c359abd8c99c5a38d5,3bc321be3c6168ec65d9077261229e229891fbea0a61c47d360ae4a1545cc854,PLANNED
42775e938c8216198d44e8346422c78c44c8cf8d24d341e33f71fccca8241d9a,L7o4UCIIqS4,nba,nba|milwaukee bucks vs san antonio spurs nba full game 01 08 202,nba__L7o4UCIIqS4_s2656.mp4,5,0.454545,58.156578,58.1581,11.978633,1280,720,1.0,C:\Users\neelj\g400_receiver\sheets\42775e938c82.jpg,e7a2cc5a1330505e3b19e469bbab51fa3132cecfc9425535d2113825b45ddff7,42775e938c8216198d44e8346422c78c44c8cf8d24d341e33f71fccca8241d9a,PLANNED
69ee42e73ab36d09c8e21ebd27dfbee20119710f63d946626da82183911ddbc3,L7o4UCIIqS4,nba,nba|milwaukee bucks vs san antonio spurs nba full game 01 08 202,nba__L7o4UCIIqS4_s2656.mp4,6,0.545455,70.138244,70.136733,11.978633,1280,720,1.0,C:\Users\neelj\g400_receiver\sheets\69ee42e73ab3.jpg,1700c66c81454a5a31cfc39f364c7014be3a974ae3cd54496c707ff9fec2fa52,69ee42e73ab36d09c8e21ebd27dfbee20119710f63d946626da82183911ddbc3,PLANNED
8ec0d6a276426c16dbb99bd2340501094adaac892d7de12e9622c1fc7876682f,L7o4UCIIqS4,nba,nba|milwaukee bucks vs san antonio spurs nba full game 01 08 202,nba__L7o4UCIIqS4_s2656.mp4,7,0.636364,82.119911,82.115367,11.978634,1280,720,1.0,C:\Users\neelj\g400_receiver\sheets\8ec0d6a27642.jpg,cd5026ae205109a1c73f3c8d2beaf7685414a6addce006560583bb5902c7c0b7,8ec0d6a276426c16dbb99bd2340501094adaac892d7de12e9622c1fc7876682f,PLANNED
c2f9d417e06e508c42ffac0fd95c71ff38c8503c3a9b9a9515972e86d5d90a71,L7o4UCIIqS4,nba,nba|milwaukee bucks vs san antonio spurs nba full game 01 08 202,nba__L7o4UCIIqS4_s2656.mp4,8,0.727273,94.101578,94.094,11.978633,1280,720,1.0,C:\Users\neelj\g400_receiver\sheets\c2f9d417e06e.jpg,890d84e1cb63ac690a5ad553abd6f6e1c10958dd82a5085903a584f73ba85b3d,c2f9d417e06e508c42ffac0fd95c71ff38c8503c3a9b9a9515972e86d5d90a71,PLANNED
e3896f3c0e1563967bcde6c23cd26a5473a6e32950613265cb7ed6eb21874618,L7o4UCIIqS4,nba,nba|milwaukee bucks vs san antonio spurs nba full game 01 08 202,nba__L7o4UCIIqS4_s2656.mp4,9,0.818182,106.083245,106.089311,11.995311,1280,720,1.0,C:\Users\neelj\g400_receiver\sheets\e3896f3c0e15.jpg,3843e7c09bab5e81f702f6e8a61e08a64c817a2b65d804adc522d71dd6679e2f,e3896f3c0e1563967bcde6c23cd26a5473a6e32950613265cb7ed6eb21874618,PLANNED
8fd1fd1fc29d433b41841a437975324d2e91d35e4dd7043bd3a64cbafe405392,L7o4UCIIqS4,nba,nba|milwaukee bucks vs san antonio spurs nba full game 01 08 202,nba__L7o4UCIIqS4_s2656.mp4,10,0.909091,118.064911,118.067944,11.978633,1280,720,1.0,C:\Users\neelj\g400_receiver\sheets\8fd1fd1fc29d.jpg,f9bddb1cf0540356e357ad422253f7e9d28f834884f4f16061547630d30df20e,8fd1fd1fc29d433b41841a437975324d2e91d35e4dd7043bd3a64cbafe405392,PLANNED
2ce95936d913a6126a5dd9ce4d04116c7001d64cc6e04387f3eab927c57a84a9,GG2f11NYjKw,nba,nba|nba full game brooklyn nets vs new york knicks november,nba__GG2f11NYjKw_s2924.mp4,1,0.090909,9.379062,9.376033,,1920,1080,1.0,C:\Users\neelj\g400_receiver\sheets\2ce95936d913.jpg,b3bdd6e23eb08fe3de5f74d438d472b8bde4c58f1c37355c47a2d9731397a34e,2ce95936d913a6126a5dd9ce4d04116c7001d64cc6e04387f3eab927c57a84a9,PLANNED
bfa1f974e6884a2272879d9f916b1e5821e0833121e840452255ea4e9b47e9d0,GG2f11NYjKw,nba,nba|nba full game brooklyn nets vs new york knicks november,nba__GG2f11NYjKw_s2924.mp4,2,0.181818,21.444146,21.438078,12.062045,1920,1080,1.0,C:\Users\neelj\g400_receiver\sheets\bfa1f974e688.jpg,b13df8718377bd2d31d46a47889adaaa5792fd759051c9aaa3309b0a31f610ae,bfa1f974e6884a2272879d9f916b1e5821e0833121e840452255ea4e9b47e9d0,PLANNED
7cec3dfa2e54e6557f8db43feb7b2a498ef41a451b349508779f73d5fc87f04d,GG2f11NYjKw,nba,nba|nba full game brooklyn nets vs new york knicks november,nba__GG2f11NYjKw_s2924.mp4,3,0.272727,33.509229,33.516811,12.078733,1920,1080,1.0,C:\Users\neelj\g400_receiver\sheets\7cec3dfa2e54.jpg,166b965e5cfde3f638ddb595c0c677a097c094749d758addc84677a56afb562e,7cec3dfa2e54e6557f8db43feb7b2a498ef41a451b349508779f73d5fc87f04d,PLANNED
8a9ebab28a5cdafb4bad1acf44806d6a450ed20ec10968de026d79cc9de1baeb,GG2f11NYjKw,nba,nba|nba full game brooklyn nets vs new york knicks november,nba__GG2f11NYjKw_s2924.mp4,4,0.363636,45.574313,45.578867,12.062056,1920,1080,1.0,C:\Users\neelj\g400_receiver\sheets\8a9ebab28a5c.jpg,2f45321836a589b076bd919809f8b580a64542c03b2a772deb1f53b5ba75a6a0,8a9ebab28a5cdafb4bad1acf44806d6a450ed20ec10968de026d79cc9de1baeb,PLANNED
8d90a261a9d5faa03eb381cca35e3bac81c390a1e647bb6d5f704e43f178cd3a,GG2f11NYjKw,nba,nba|nba full game brooklyn nets vs new york knicks november,nba__GG2f11NYjKw_s2924.mp4,5,0.454545,57.639397,57.640911,12.062044,1920,1080,1.0,C:\Users\neelj\g400_receiver\sheets\8d90a261a9d5.jpg,af12a6ec2b825013a64ec879b0153496e90c50fe654dd4cad62f56f9f8c51005,8d90a261a9d5faa03eb381cca35e3bac81c390a1e647bb6d5f704e43f178cd3a,PLANNED
05f397d61bd02ea0eea485196a89649b1eda5cd20110eff32184f1c93fc4df75,GG2f11NYjKw,nba,nba|nba full game brooklyn nets vs new york knicks november,nba__GG2f11NYjKw_s2924.mp4,6,0.545455,69.704481,69.702967,12.062056,1920,1080,1.0,C:\Users\neelj\g400_receiver\sheets\05f397d61bd0.jpg,672ed977e7c79ef74b5d789ad90734ae290e0adfc776fc43aef3515ea948163e,05f397d61bd02ea0eea485196a89649b1eda5cd20110eff32184f1c93fc4df75,PLANNED
c405748c24a2b1e96118dbfdefbfcb317cef9a3109b704e497b3e13c3efdb772,GG2f11NYjKw,nba,nba|nba full game brooklyn nets vs new york knicks november,nba__GG2f11NYjKw_s2924.mp4,7,0.636364,81.769565,81.765011,12.062044,1920,1080,1.0,C:\Users\neelj\g400_receiver\sheets\c405748c24a2.jpg,7e0094b1bb4075e617ff81501ca79fa67f1e3b30b04a282a28ec07d817e2c93c,c405748c24a2b1e96118dbfdefbfcb317cef9a3109b704e497b3e13c3efdb772,PLANNED
6122a3e8ee36a88b4dedfced5458e26fe5c938ab282cbec482d3816bb4c60137,GG2f11NYjKw,nba,nba|nba full game brooklyn nets vs new york knicks november,nba__GG2f11NYjKw_s2924.mp4,8,0.727273,93.834649,93.827067,12.062056,1920,1080,1.0,C:\Users\neelj\g400_receiver\sheets\6122a3e8ee36.jpg,943e83eba3b28736902a557b5bdb453c818117d82528ac973681a8bb6bc5b36e,6122a3e8ee36a88b4dedfced5458e26fe5c938ab282cbec482d3816bb4c60137,PLANNED
d600a381c231e8abbc43c9713eee8df2959255607fd5944f5dc4e50d0e4df307,GG2f11NYjKw,nba,nba|nba full game brooklyn nets vs new york knicks november,nba__GG2f11NYjKw_s2924.mp4,9,0.818182,105.899732,105.9058,12.078733,1920,1080,1.0,C:\Users\neelj\g400_receiver\sheets\d600a381c231.jpg,9fc5b2898e4dd9100382d10a48f48416fab365b1c64194e2d1f98e212a6b7bf8,d600a381c231e8abbc43c9713eee8df2959255607fd5944f5dc4e50d0e4df307,PLANNED
1d2bf98d9be1dd4f8b59b8ce554e8d9545e9db775614f62fe70de5e0ee670e47,GG2f11NYjKw,nba,nba|nba full game brooklyn nets vs new york knicks november,nba__GG2f11NYjKw_s2924.mp4,10,0.909091,117.964816,117.967844,12.062044,1920,1080,1.0,C:\Users\neelj\g400_receiver\sheets\1d2bf98d9be1.jpg,ea58c9185ceed8cec99bb98ff80f8e2be06fb41cf039a81866491b4447fd5f99,1d2bf98d9be1dd4f8b59b8ce554e8d9545e9db775614f62fe70de5e0ee670e47,PLANNED
4972a9bd15d5f5bbc74bd7666a49cea45871e73a1f405228e06005c755bb9921,1rZZ_7buX_Y,nba,nba|nba full game chicago bulls vs philadelphia 76ers novemb,nba__1rZZ_7buX_Y_s2782.mp4,1,0.090909,11.187391,11.185878,,1920,1080,1.0,C:\Users\neelj\g400_receiver\sheets\4972a9bd15d5.jpg,5202f4b24930121f6aaf5e3dfe023b83c9301afeabd84aa2fef54fc06dbedf4d,4972a9bd15d5f5bbc74bd7666a49cea45871e73a1f405228e06005c755bb9921,PLANNED
4645b74c25df4efd7fb8ddb07f0df515ed7268c61222911cef132e7f5c1d9179,1rZZ_7buX_Y,nba,nba|nba full game chicago bulls vs philadelphia 76ers novemb,nba__1rZZ_7buX_Y_s2782.mp4,2,0.181818,23.075982,23.072944,11.887066,1920,1080,1.0,C:\Users\neelj\g400_receiver\sheets\4645b74c25df.jpg,8ec8cc77e04050d8623064dce347e3f20adc9225493de1710d4aaccb132e3fd3,4645b74c25df4efd7fb8ddb07f0df515ed7268c61222911cef132e7f5c1d9179,PLANNED
0189696726ffe1d468ce24b965d2b023380ef81c1c88cd093544a7866bcc3a46,1rZZ_7buX_Y,nba,nba|nba full game chicago bulls vs philadelphia 76ers novemb,nba__1rZZ_7buX_Y_s2782.mp4,3,0.272727,34.964573,34.960022,11.887078,1920,1080,1.0,C:\Users\neelj\g400_receiver\sheets\0189696726ff.jpg,77f60a90510b6c6870fe273e0501a035cc2100a0a251c3ae2f4c24a915ec2dd8,0189696726ffe1d468ce24b965d2b023380ef81c1c88cd093544a7866bcc3a46,PLANNED
194783bc010e4781d0e0bb88dba61c304708c47b3a27ecfff7ac23b7028817fe,1rZZ_7buX_Y,nba,nba|nba full game chicago bulls vs philadelphia 76ers novemb,nba__1rZZ_7buX_Y_s2782.mp4,4,0.363636,46.853164,46.847089,11.887067,1920,1080,1.0,C:\Users\neelj\g400_receiver\sheets\194783bc010e.jpg,b20e662349c336b0f384e223d98d417cb4aa586e554a1dca11454b1f3127f3dd,194783bc010e4781d0e0bb88dba61c304708c47b3a27ecfff7ac23b7028817fe,PLANNED
6e9308a8b9b6731f21e957ed37cbab802d4a29433b6e5c5ec8fc4e70f77f1193,1rZZ_7buX_Y,nba,nba|nba full game chicago bulls vs philadelphia 76ers novemb,nba__1rZZ_7buX_Y_s2782.mp4,5,0.454545,58.741755,58.734167,11.887078,1920,1080,1.0,C:\Users\neelj\g400_receiver\sheets\6e9308a8b9b6.jpg,72e8bd3d8d178312db929ceeb15e1fa11b586b4c68ea41be43029ec6c56736c4,6e9308a8b9b6731f21e957ed37cbab802d4a29433b6e5c5ec8fc4e70f77f1193,PLANNED
6b0cea4ffea185382f5fd9c40ba4283cb4c3f4b2e2641108a2785b3be18325e0,1rZZ_7buX_Y,nba,nba|nba full game chicago bulls vs philadelphia 76ers novemb,nba__1rZZ_7buX_Y_s2782.mp4,6,0.545455,70.630345,70.637933,11.903766,1920,1080,1.0,C:\Users\neelj\g400_receiver\sheets\6b0cea4ffea1.jpg,7dd6f855d4fb145db6d7248e58dee172c0683a2c01083b0ece18e1998858c162,6b0cea4ffea185382f5fd9c40ba4283cb4c3f4b2e2641108a2785b3be18325e0,PLANNED
ea76ef78abc9f1d1e826594b21fd9e499049aae104042dc8e2f5ae4252fb0aba,1rZZ_7buX_Y,nba,nba|nba full game chicago bulls vs philadelphia 76ers novemb,nba__1rZZ_7buX_Y_s2782.mp4,7,0.636364,82.518936,82.525011,11.887078,1920,1080,1.0,C:\Users\neelj\g400_receiver\sheets\ea76ef78abc9.jpg,691ddee0bcce6d0084a9716480f6c59d907d3b6f26a0f8684d04e0c4f9845a55,ea76ef78abc9f1d1e826594b21fd9e499049aae104042dc8e2f5ae4252fb0aba,PLANNED
4213905ecff380bb03d5126c375cf95b4841ccd82cd67dfb4e735b1a27f68343,1rZZ_7buX_Y,nba,nba|nba full game chicago bulls vs philadelphia 76ers novemb,nba__1rZZ_7buX_Y_s2782.mp4,8,0.727273,94.407527,94.412078,11.887067,1920,1080,1.0,C:\Users\neelj\g400_receiver\sheets\4213905ecff3.jpg,dbde0eaebfc7cd48f2f393b8035b44bf66526ed3894e6f7ee4925644ce97fd57,4213905ecff380bb03d5126c375cf95b4841ccd82cd67dfb4e735b1a27f68343,PLANNED
798a52755cc8303c1b19c9ee506a3ac52e9f8ad42170fd48c0d008548df2e009,1rZZ_7buX_Y,nba,nba|nba full game chicago bulls vs philadelphia 76ers novemb,nba__1rZZ_7buX_Y_s2782.mp4,9,0.818182,106.296118,106.299156,11.887078,1920,1080,1.0,C:\Users\neelj\g400_receiver\sheets\798a52755cc8.jpg,75df35b481f88d03d54e7034aea6f31ce7473de5e547a12896ccc17c4b1a8742,798a52755cc8303c1b19c9ee506a3ac52e9f8ad42170fd48c0d008548df2e009,PLANNED
f682333a81745848e8be6aa4d5bd2886ff825cec4bfc939e7005113230f501d3,1rZZ_7buX_Y,nba,nba|nba full game chicago bulls vs philadelphia 76ers novemb,nba__1rZZ_7buX_Y_s2782.mp4,10,0.909091,118.184709,118.186222,11.887066,1920,1080,1.0,C:\Users\neelj\g400_receiver\sheets\f682333a8174.jpg,0ff871beb940a2910548f57e22a0dfcc2e5525d59b2cf7f152e99df91223e9bb,f682333a81745848e8be6aa4d5bd2886ff825cec4bfc939e7005113230f501d3,PLANNED
de7e7b528ee8b793385dfd06ca78d5a7d68e010c81c5e84ad5c167c4f4def996,3gBeJyl7Szg,nba,nba|nba full game cleveland cavaliers vs philadelphia 76ers,nba__3gBeJyl7Szg_s2302.mp4,1,0.090909,10.242425,10.25,,1280,720,1.0,C:\Users\neelj\g400_receiver\sheets\de7e7b528ee8.jpg,cef0511d6d231b16b73cf1f13f0a0cb62d3cbd503bc94cf4906823ac2ae04166,de7e7b528ee8b793385dfd06ca78d5a7d68e010c81c5e84ad5c167c4f4def996,PLANNED
d3d99d58b6a23b5fc7e5bdbb77a07d950b6455ee9177a78a7566e6e44a5fcb98,3gBeJyl7Szg,nba,nba|nba full game cleveland cavaliers vs philadelphia 76ers,nba__3gBeJyl7Szg_s2302.mp4,2,0.181818,22.218182,22.216667,11.966667,1280,720,1.0,C:\Users\neelj\g400_receiver\sheets\d3d99d58b6a2.jpg,d9fe8fc8fc2343a23f88439beb57265a83dfc5fb8bc0772b57eff928a7408adf,d3d99d58b6a23b5fc7e5bdbb77a07d950b6455ee9177a78a7566e6e44a5fcb98,PLANNED
0ef480c1dc0b450f69540f7d403dd41809a4e363f3afe1aa6f8399f886f012a4,3gBeJyl7Szg,nba,nba|nba full game cleveland cavaliers vs philadelphia 76ers,nba__3gBeJyl7Szg_s2302.mp4,3,0.272727,34.19394,34.2,11.983333,1280,720,1.0,C:\Users\neelj\g400_receiver\sheets\0ef480c1dc0b.jpg,3b0fdd563a65373c6d2f9c833f06b38d1583efa6952d55b6e3c26e0091b751af,0ef480c1dc0b450f69540f7d403dd41809a4e363f3afe1aa6f8399f886f012a4,PLANNED
79ea5f1bf761d1ab152bd9f3b3a916c4b21efab0f2f7012ab8f1aec058f0e735,3gBeJyl7Szg,nba,nba|nba full game cleveland cavaliers vs philadelphia 76ers,nba__3gBeJyl7Szg_s2302.mp4,4,0.363636,46.169697,46.166667,11.966667,1280,720,1.0,C:\Users\neelj\g400_receiver\sheets\79ea5f1bf761.jpg,3233b1ff0bd849a8276c11eaffef6e0992937f1a5a37cd5a53b76770f4df69f3,79ea5f1bf761d1ab152bd9f3b3a916c4b21efab0f2f7012ab8f1aec058f0e735,PLANNED
b87836a7c968c40018d4b263afe1c31534feee41cfa58541dca9da290a57fc48,3gBeJyl7Szg,nba,nba|nba full game cleveland cavaliers vs philadelphia 76ers,nba__3gBeJyl7Szg_s2302.mp4,5,0.454545,58.145455,58.15,11.983333,1280,720,1.0,C:\Users\neelj\g400_receiver\sheets\b87836a7c968.jpg,2a9b0c4a9e59c123a71bd455858cc1c9fb54c04bd74af9cfecfd0fa2ecddf4ba,b87836a7c968c40018d4b263afe1c31534feee41cfa58541dca9da290a57fc48,PLANNED
73b55b32aaa40695a8e629c18214512f5c22341c337623c999d5af28246ea59f,3gBeJyl7Szg,nba,nba|nba full game cleveland cavaliers vs philadelphia 76ers,nba__3gBeJyl7Szg_s2302.mp4,6,0.545455,70.121212,70.116667,11.966667,1280,720,1.0,C:\Users\neelj\g400_receiver\sheets\73b55b32aaa4.jpg,5443b6123e7fdafd137ecf3ab0d6c5bbd8fef8a6068f1b0b204bdb992eba6244,73b55b32aaa40695a8e629c18214512f5c22341c337623c999d5af28246ea59f,PLANNED
11a327e470e7fd336f43309d7c9f974a1042949071864d9a6e6bedc680835028,3gBeJyl7Szg,nba,nba|nba full game cleveland cavaliers vs philadelphia 76ers,nba__3gBeJyl7Szg_s2302.mp4,7,0.636364,82.09697,82.1,11.983333,1280,720,1.0,C:\Users\neelj\g400_receiver\sheets\11a327e470e7.jpg,c132dafeb12be8d1c1fd94767da9003b06637bad18e53e34b5c279e7dff15b6b,11a327e470e7fd336f43309d7c9f974a1042949071864d9a6e6bedc680835028,PLANNED
9115fdc7cf7155d6e13c1d306c6c0df3d44ee31975c9e54a44a6f648f00ff599,3gBeJyl7Szg,nba,nba|nba full game cleveland cavaliers vs philadelphia 76ers,nba__3gBeJyl7Szg_s2302.mp4,8,0.727273,94.072727,94.066667,11.966667,1280,720,1.0,C:\Users\neelj\g400_receiver\sheets\9115fdc7cf71.jpg,2262ed40da15e053f723b42bc535cb5bc3595c22b09f053b326d84035dfab3fa,9115fdc7cf7155d6e13c1d306c6c0df3d44ee31975c9e54a44a6f648f00ff599,PLANNED
0746f934c5033313912857a75def3cbcbdb788df30511f21c60d34c00423ac8b,3gBeJyl7Szg,nba,nba|nba full game cleveland cavaliers vs philadelphia 76ers,nba__3gBeJyl7Szg_s2302.mp4,9,0.818182,106.048485,106.05,11.983333,1280,720,1.0,C:\Users\neelj\g400_receiver\sheets\0746f934c503.jpg,d1dc67a27a1377a0ad23807cc5b90ea5866a81a69f46a33a17ff0d00805e0438,0746f934c5033313912857a75def3cbcbdb788df30511f21c60d34c00423ac8b,PLANNED
694f990b560c3ea542f2fb86fba9a0ca856072c53bf2be0db9b1f3afa54110fe,3gBeJyl7Szg,nba,nba|nba full game cleveland cavaliers vs philadelphia 76ers,nba__3gBeJyl7Szg_s2302.mp4,10,0.909091,118.024242,118.016667,11.966667,1280,720,1.0,C:\Users\neelj\g400_receiver\sheets\694f990b560c.jpg,5cb6c0a2b0c5cd6bed2731a7e93117a60a9816bd056e27add844c162e9924cdf,694f990b560c3ea542f2fb86fba9a0ca856072c53bf2be0db9b1f3afa54110fe,PLANNED
1d4b5ea6115933a74d7575367c15944151f63c5f57dd08bc076e96e851e415b8,pGrVjtS7Xqg,nba,nba|nba full game detroit pistons vs boston celtics november,nba__pGrVjtS7Xqg_s3128.mp4,1,0.090909,8.349244,8.341667,,1920,1080,1.0,C:\Users\neelj\g400_receiver\sheets\1d4b5ea61159.jpg,dbc96956b2e1f7eae55e46b1f94fbc590722fa763e9f6ad62e29c5769fa2cc55,1d4b5ea6115933a74d7575367c15944151f63c5f57dd08bc076e96e851e415b8,PLANNED
0e57a267d711ef73b1298a36a868f8b5d3c6cfffcd3ebcd947835d2a538fa206,pGrVjtS7Xqg,nba,nba|nba full game detroit pistons vs boston celtics november,nba__pGrVjtS7Xqg_s3128.mp4,2,0.181818,20.518978,20.5205,12.178833,1920,1080,1.0,C:\Users\neelj\g400_receiver\sheets\0e57a267d711.jpg,29b605b45c4424de29ebedef80ed6cc54225d75167e4a235109e5d6675d0b6eb,0e57a267d711ef73b1298a36a868f8b5d3c6cfffcd3ebcd947835d2a538fa206,PLANNED
2342fa2f794fffb239128ba4e3f610975c24f28f6109ee10f22ddd445137b730,pGrVjtS7Xqg,nba,nba|nba full game detroit pistons vs boston celtics november,nba__pGrVjtS7Xqg_s3128.mp4,3,0.272727,32.688711,32.682644,12.162144,1920,1080,1.0,C:\Users\neelj\g400_receiver\sheets\2342fa2f794f.jpg,04a062b5da61e09d62a0391b6cb84be8d6d482a5c502ee73ef4c5d1c24c6a4b6,2342fa2f794fffb239128ba4e3f610975c24f28f6109ee10f22ddd445137b730,PLANNED
c94f62399af9cbb77764c057531584ae88261a0fb2461c4c0827aa71793b86c2,pGrVjtS7Xqg,nba,nba|nba full game detroit pistons vs boston celtics november,nba__pGrVjtS7Xqg_s3128.mp4,4,0.363636,44.858444,44.861478,12.178834,1920,1080,1.0,C:\Users\neelj\g400_receiver\sheets\c94f62399af9.jpg,2bef34f012958490ff99341ce8c0cf797f60ddb7bba9c6f8f81b2e2d7098b286,c94f62399af9cbb77764c057531584ae88261a0fb2461c4c0827aa71793b86c2,PLANNED
c0e8d20f9b06370ba36d6b7fb71612d3c2971137fed7cd105a03ce5b0829749a,pGrVjtS7Xqg,nba,nba|nba full game detroit pistons vs boston celtics november,nba__pGrVjtS7Xqg_s3128.mp4,5,0.454545,57.028178,57.023633,12.162155,1920,1080,1.0,C:\Users\neelj\g400_receiver\sheets\c0e8d20f9b06.jpg,debc280b45cf25adf8ed1d499f87ff75e06a22c43f5c520811b9390fd57400ef,c0e8d20f9b06370ba36d6b7fb71612d3c2971137fed7cd105a03ce5b0829749a,PLANNED
e6c889f526905e048d82383b9e8fa6654c2fe20a5248073c02f43d8215ef486f,pGrVjtS7Xqg,nba,nba|nba full game detroit pistons vs boston celtics november,nba__pGrVjtS7Xqg_s3128.mp4,6,0.545455,69.197911,69.202467,12.178834,1920,1080,1.0,C:\Users\neelj\g400_receiver\sheets\e6c889f52690.jpg,29f9ca9726325ef9ba31a6ed778ab06887ea2347bdb40d1ccd46f06b8258c31a,e6c889f526905e048d82383b9e8fa6654c2fe20a5248073c02f43d8215ef486f,PLANNED
98d222836e3ed00a730f843e408c1f40728648b98d98df63968469fde49c4ba2,pGrVjtS7Xqg,nba,nba|nba full game detroit pistons vs boston celtics november,nba__pGrVjtS7Xqg_s3128.mp4,7,0.636364,81.367645,81.364611,12.162144,1920,1080,1.0,C:\Users\neelj\g400_receiver\sheets\98d222836e3e.jpg,c95e4aaced4f1df891499a417745d7f0aceb62ecdd25b68820aab579b9829347,98d222836e3ed00a730f843e408c1f40728648b98d98df63968469fde49c4ba2,PLANNED
49f8dfaac04095659c2667b199f7aa0448ee5ff91c9a3daeea7a30ffd86a3346,pGrVjtS7Xqg,nba,nba|nba full game detroit pistons vs boston celtics november,nba__pGrVjtS7Xqg_s3128.mp4,8,0.727273,93.537378,93.543444,12.178833,1920,1080,1.0,C:\Users\neelj\g400_receiver\sheets\49f8dfaac040.jpg,c44719d86ca81772cd72d8db3a29a9a564b42f6042b7438d901d6cf8edd59f38,49f8dfaac04095659c2667b199f7aa0448ee5ff91c9a3daeea7a30ffd86a3346,PLANNED
d8849a787681c0e30704e3c86d65e7048e3748ec252bc37819c6ef4b13aacb3d,pGrVjtS7Xqg,nba,nba|nba full game detroit pistons vs boston celtics november,nba__pGrVjtS7Xqg_s3128.mp4,9,0.818182,105.707111,105.7056,12.162156,1920,1080,1.0,C:\Users\neelj\g400_receiver\sheets\d8849a787681.jpg,be999a18e875cd0e55784ed38293f17e4ac487f335e7082f93b951a01e85fcc3,d8849a787681c0e30704e3c86d65e7048e3748ec252bc37819c6ef4b13aacb3d,PLANNED
12bed787d4c9f3b1897d6af52758c4fee75ffe366b7c224442bb52c7757c4e59,pGrVjtS7Xqg,nba,nba|nba full game detroit pistons vs boston celtics november,nba__pGrVjtS7Xqg_s3128.mp4,10,0.909091,117.876845,117.884433,12.178833,1920,1080,1.0,C:\Users\neelj\g400_receiver\sheets\12bed787d4c9.jpg,ff172969700687b9aceced1ae4082da0aa3839a9a988da5569d4f754febf49e4,12bed787d4c9f3b1897d6af52758c4fee75ffe366b7c224442bb52c7757c4e59,PLANNED
ab2582564942b035c85bafbb63e074f785d9086829ecef9dfe42d7bbaa17b2e9,vcWKSPlGCO0,nba,nba|nba full game milwaukee bucks vs sacramento kings novemb,nba__vcWKSPlGCO0_s3196.mp4,1,0.090909,10.606061,10.6,,1920,1080,1.0,C:\Users\neelj\g400_receiver\sheets\ab2582564942.jpg,123371c3dfda7a28c6cc8469909ef69ee4666850a902771d5018626ec5426a5e,ab2582564942b035c85bafbb63e074f785d9086829ecef9dfe42d7bbaa17b2e9,PLANNED
fab772b26227589016ef5d6090e3c743bc65440a35c9a2ed7fb08154c59e12c5,vcWKSPlGCO0,nba,nba|nba full game milwaukee bucks vs sacramento kings novemb,nba__vcWKSPlGCO0_s3196.mp4,2,0.181818,22.545455,22.533333,11.933333,1920,1080,1.0,C:\Users\neelj\g400_receiver\sheets\fab772b26227.jpg,9b2659d93581ffb4f267018d555abf5a03ede9e53bb9fd434a4e9a8baf1b5f40,fab772b26227589016ef5d6090e3c743bc65440a35c9a2ed7fb08154c59e12c5,PLANNED
903236982fa10d60795643107e74347f5a32f7a2e12cfd28920a68513a387830,vcWKSPlGCO0,nba,nba|nba full game milwaukee bucks vs sacramento kings novemb,nba__vcWKSPlGCO0_s3196.mp4,3,0.272727,34.484849,34.5,11.966667,1920,1080,1.0,C:\Users\neelj\g400_receiver\sheets\903236982fa1.jpg,44782866e47064f5a58eadd7d9d7673de46a9045613fb501882c963f3bd821b2,903236982fa10d60795643107e74347f5a32f7a2e12cfd28920a68513a387830,PLANNED
54c6fdfc3a63d2a63c0ad9315d96da2d63c950c870ecfac5db5e6b9ac1a93846,vcWKSPlGCO0,nba,nba|nba full game milwaukee bucks vs sacramento kings novemb,nba__vcWKSPlGCO0_s3196.mp4,4,0.363636,46.424243,46.433333,11.933333,1920,1080,1.0,C:\Users\neelj\g400_receiver\sheets\54c6fdfc3a63.jpg,de13e3dbfdf1079d83ce8e79cc06953b9d25af111b1ea96f345958d4db3542bd,54c6fdfc3a63d2a63c0ad9315d96da2d63c950c870ecfac5db5e6b9ac1a93846,PLANNED
4b5522c10efbc5ed44437a5f083d8b77b868c00f67ae9f3415bc443c5b216f5e,vcWKSPlGCO0,nba,nba|nba full game milwaukee bucks vs sacramento kings novemb,nba__vcWKSPlGCO0_s3196.mp4,5,0.454545,58.363637,58.366667,11.933334,1920,1080,1.0,C:\Users\neelj\g400_receiver\sheets\4b5522c10efb.jpg,af674f42a1a7b8d64c6dc1d40f8d53f3b312acbee7d26dc60846b87067901f5e,4b5522c10efbc5ed44437a5f083d8b77b868c00f67ae9f3415bc443c5b216f5e,PLANNED
c72b462fd2ce9b4e0e377d6398f7c39730a6272c44f03b7847df88960540926c,vcWKSPlGCO0,nba,nba|nba full game milwaukee bucks vs sacramento kings novemb,nba__vcWKSPlGCO0_s3196.mp4,6,0.545455,70.30303,70.3,11.933333,1920,1080,1.0,C:\Users\neelj\g400_receiver\sheets\c72b462fd2ce.jpg,2f9a5be21b9fadb2b89fac8fa104433a3bed0226acdff7db2923ee3d67a3e1ee,c72b462fd2ce9b4e0e377d6398f7c39730a6272c44f03b7847df88960540926c,PLANNED
29d0046be8b967e949be19019bf9cb46df968745a7dd1ae6b9b391a48d6c52e3,vcWKSPlGCO0,nba,nba|nba full game milwaukee bucks vs sacramento kings novemb,nba__vcWKSPlGCO0_s3196.mp4,7,0.636364,82.242424,82.233333,11.933333,1920,1080,1.0,C:\Users\neelj\g400_receiver\sheets\29d0046be8b9.jpg,004f31f2b6ae9cf91592e0c8e94a18bc5c3c6120512cb8c97549286d32b8123d,29d0046be8b967e949be19019bf9cb46df968745a7dd1ae6b9b391a48d6c52e3,PLANNED
f482ae1581a0bd45308fd53f832988a3f2b8c10fde40b101d30f31f42e4811ab,vcWKSPlGCO0,nba,nba|nba full game milwaukee bucks vs sacramento kings novemb,nba__vcWKSPlGCO0_s3196.mp4,8,0.727273,94.181818,94.166667,11.933334,1920,1080,1.0,C:\Users\neelj\g400_receiver\sheets\f482ae1581a0.jpg,877d992435fcc1771ffbc9645b4aadccf7977e3bb84acad035220649716b45e3,f482ae1581a0bd45308fd53f832988a3f2b8c10fde40b101d30f31f42e4811ab,PLANNED
f7f4de9d69af5193df8dab5381df1c9cea9149dbbc53de68dc1f8d98236f2096,vcWKSPlGCO0,nba,nba|nba full game milwaukee bucks vs sacramento kings novemb,nba__vcWKSPlGCO0_s3196.mp4,9,0.818182,106.121212,106.133333,11.966666,1920,1080,1.0,C:\Users\neelj\g400_receiver\sheets\f7f4de9d69af.jpg,396f5f62e1e4ebcd6ceb75c27679f1f1d65e5e819d373ad14f80b084e1335e68,f7f4de9d69af5193df8dab5381df1c9cea9149dbbc53de68dc1f8d98236f2096,PLANNED
4707c6921618ca6e5e29d9ddc85bb4ee9bba1e3028178798b31e7164d7040de0,vcWKSPlGCO0,nba,nba|nba full game milwaukee bucks vs sacramento kings novemb,nba__vcWKSPlGCO0_s3196.mp4,10,0.909091,118.060606,118.066667,11.933334,1920,1080,1.0,C:\Users\neelj\g400_receiver\sheets\4707c6921618.jpg,d9a0e7cdcc03de6aeedb569d706d8ec110c0a3e75898cd2097aa32d4e677a6c3,4707c6921618ca6e5e29d9ddc85bb4ee9bba1e3028178798b31e7164d7040de0,PLANNED
eff19a93ae5a22527c757ad24df37f066273a207f6df4d64749c745a911d8f8a,FnbFGnX4Qgo,nba,nba|nba full game orlando magic vs golden state warriors nov,nba__FnbFGnX4Qgo_s2822.mp4,1,0.090909,9.899278,9.893211,,1920,1080,1.0,C:\Users\neelj\g400_receiver\sheets\eff19a93ae5a.jpg,c4f5bffc37f2bd56913ac5bbb48a51bc36b323ea8386dbca557a0e0a79734c7d,eff19a93ae5a22527c757ad24df37f066273a207f6df4d64749c745a911d8f8a,PLANNED
06c833af5a9f2193620e7940ec49b1ee714775ec9802b44615f7e4852c9c348e,FnbFGnX4Qgo,nba,nba|nba full game orlando magic vs golden state warriors nov,nba__FnbFGnX4Qgo_s2822.mp4,2,0.181818,21.917344,21.9219,12.028689,1920,1080,1.0,C:\Users\neelj\g400_receiver\sheets\06c833af5a9f.jpg,118b51a0f2c1a32cde75faabee59017a8eb881cfa01cebbd83581212173e1cb3,06c833af5a9f2193620e7940ec49b1ee714775ec9802b44615f7e4852c9c348e,PLANNED
479b06b30e23afdd1a50fd9e24d9125b4538451b46f2dd61067b7ab90efa42e8,FnbFGnX4Qgo,nba,nba|nba full game orlando magic vs golden state warriors nov,nba__FnbFGnX4Qgo_s2822.mp4,3,0.272727,33.935411,33.9339,12.012,1920,1080,1.0,C:\Users\neelj\g400_receiver\sheets\479b06b30e23.jpg,d329c7333869759361ccc968ecdbcdc19e1769a174d237074ae2804ca673b54f,479b06b30e23afdd1a50fd9e24d9125b4538451b46f2dd61067b7ab90efa42e8,PLANNED
7855bda02771e5e982132861eb288a4ddbfcded8a02b0481a8f7fb587f261bb7,FnbFGnX4Qgo,nba,nba|nba full game orlando magic vs golden state warriors nov,nba__FnbFGnX4Qgo_s2822.mp4,4,0.363636,45.953478,45.9459,12.012,1920,1080,1.0,C:\Users\neelj\g400_receiver\sheets\7855bda02771.jpg,a5ceead20905420979127d4ae06104bbdd2c47defb1ba3956e850ab0739f9e0b,7855bda02771e5e982132861eb288a4ddbfcded8a02b0481a8f7fb587f261bb7,PLANNED
e769140d0484d4e5fdadeeee7355ad86b2c8b7c492a52ecf529451583d8dae7b,FnbFGnX4Qgo,nba,nba|nba full game orlando magic vs golden state warriors nov,nba__FnbFGnX4Qgo_s2822.mp4,5,0.454545,57.971544,57.974578,12.028678,1920,1080,1.0,C:\Users\neelj\g400_receiver\sheets\e769140d0484.jpg,e9a1979bc49d229585802ec429b120a528947ddc708ce054047fd68933705d31,e769140d0484d4e5fdadeeee7355ad86b2c8b7c492a52ecf529451583d8dae7b,PLANNED
db75f17d879d1987eceaa2f0dbef558519858e253f69d359e61efa53a188261c,FnbFGnX4Qgo,nba,nba|nba full game orlando magic vs golden state warriors nov,nba__FnbFGnX4Qgo_s2822.mp4,6,0.545455,69.989611,69.986578,12.012,1920,1080,1.0,C:\Users\neelj\g400_receiver\sheets\db75f17d879d.jpg,c6f855e43b5162d471e277873f22cac1e4c9b849eb1b8215cd32912149cf244f,db75f17d879d1987eceaa2f0dbef558519858e253f69d359e61efa53a188261c,PLANNED
191c03d25116d7ad48ae6d9c4289f7435a39e3081a495d51edc5f76d31654038,FnbFGnX4Qgo,nba,nba|nba full game orlando magic vs golden state warriors nov,nba__FnbFGnX4Qgo_s2822.mp4,7,0.636364,82.007677,82.015267,12.028689,1920,1080,1.0,C:\Users\neelj\g400_receiver\sheets\191c03d25116.jpg,994dbf9d28d1b7f5cfc208a8113d90b1f0693001b6774805888f3147081c5ad6,191c03d25116d7ad48ae6d9c4289f7435a39e3081a495d51edc5f76d31654038,PLANNED
5837a6fd032f299831f49b4d9259167c563e566f0e431339095667516049a4aa,FnbFGnX4Qgo,nba,nba|nba full game orlando magic vs golden state warriors nov,nba__FnbFGnX4Qgo_s2822.mp4,8,0.727273,94.025744,94.027267,12.012,1920,1080,1.0,C:\Users\neelj\g400_receiver\sheets\5837a6fd032f.jpg,ef6d05cedea8363643823738ac2710542f6abe73e63da80eda220a3118346447,5837a6fd032f299831f49b4d9259167c563e566f0e431339095667516049a4aa,PLANNED
2cabffbec7b9d4ec05957f88d483df8804024197768cf5693e51be759671785b,FnbFGnX4Qgo,nba,nba|nba full game orlando magic vs golden state warriors nov,nba__FnbFGnX4Qgo_s2822.mp4,9,0.818182,106.043811,106.039267,12.012,1920,1080,1.0,C:\Users\neelj\g400_receiver\sheets\2cabffbec7b9.jpg,9be2ed0ad293564aef79970eadd71fd85b3983bb1c3f5f90bfa2bf7e82139bf6,2cabffbec7b9d4ec05957f88d483df8804024197768cf5693e51be759671785b,PLANNED
e5d4e960192d4d220d3201eb07ef72f6c2b88aec432bc47a3923739132190b78,FnbFGnX4Qgo,nba,nba|nba full game orlando magic vs golden state warriors nov,nba__FnbFGnX4Qgo_s2822.mp4,10,0.909091,118.061877,118.067944,12.028677,1920,1080,1.0,C:\Users\neelj\g400_receiver\sheets\e5d4e960192d.jpg,8dcbf19f6225b1a78e878f3dae7416f4d69de878dda21a977ea58b147b1ee921,e5d4e960192d4d220d3201eb07ef72f6c2b88aec432bc47a3923739132190b78,PLANNED
c527a7184059e94274015bca4180ac881cb2f64bc0f6d21f8375ca156eca4929,H1-Ns9IU-JM,nba,nba|nba full game toronto raptors vs charlotte hornets novem,nba__H1-Ns9IU-JM_s2906.mp4,1,0.090909,7.299717,7.3073,,1920,1080,1.0,C:\Users\neelj\g400_receiver\sheets\c527a7184059.jpg,ce39393d9e0f38a04f2d36e517c483949b4228e710d803dfb019d7566894e3af,c527a7184059e94274015bca4180ac881cb2f64bc0f6d21f8375ca156eca4929,PLANNED
21e7d20982ca27d24be926b992c39d706262ad7ce8443959e954f2a8b918b34c,H1-Ns9IU-JM,nba,nba|nba full game toronto raptors vs charlotte hornets novem,nba__H1-Ns9IU-JM_s2906.mp4,2,0.181818,19.571068,19.569556,12.262256,1920,1080,1.0,C:\Users\neelj\g400_receiver\sheets\21e7d20982ca.jpg,2014e200ce4d4c13e88a7bb1448a38688f4f8c3f31993ca01f9b008bd6ea976f,21e7d20982ca27d24be926b992c39d706262ad7ce8443959e954f2a8b918b34c,PLANNED
450de77d7691584de62e6cbadd9e133901526e45e7ec33d4e565a23fde6d565a,H1-Ns9IU-JM,nba,nba|nba full game toronto raptors vs charlotte hornets novem,nba__H1-Ns9IU-JM_s2906.mp4,3,0.272727,31.842418,31.848489,12.278933,1920,1080,1.0,C:\Users\neelj\g400_receiver\sheets\450de77d7691.jpg,046bd2ffeada0dd704d4c89a4ebcd05f537f662d72c1f77f74de13453bb66e40,450de77d7691584de62e6cbadd9e133901526e45e7ec33d4e565a23fde6d565a,PLANNED
94323b993bded6cf19708d96caabb2802960831e86b19bb6be14c655aa8448a1,H1-Ns9IU-JM,nba,nba|nba full game toronto raptors vs charlotte hornets novem,nba__H1-Ns9IU-JM_s2906.mp4,4,0.363636,44.113769,44.110733,12.262244,1920,1080,1.0,C:\Users\neelj\g400_receiver\sheets\94323b993bde.jpg,c36a7fbe38ddab4ada4cf4e7d848fd5adef352c52ed0bab82567843751b2061f,94323b993bded6cf19708d96caabb2802960831e86b19bb6be14c655aa8448a1,PLANNED
54f647e2516eddaf6c1a2954e6eade11816f582a864570f0706a22a3c7d88e83,H1-Ns9IU-JM,nba,nba|nba full game toronto raptors vs charlotte hornets novem,nba__H1-Ns9IU-JM_s2906.mp4,5,0.454545,56.385119,56.389667,12.278934,1920,1080,1.0,C:\Users\neelj\g400_receiver\sheets\54f647e2516e.jpg,9e90ddb39e40694f6529b455690884053944eff913818108c3b1a0d71021cd4f,54f647e2516eddaf6c1a2954e6eade11816f582a864570f0706a22a3c7d88e83,PLANNED
7ebff0bd660d0165b1de252141fa54985634ac516e6fc3f83847c87ea2afee7c,H1-Ns9IU-JM,nba,nba|nba full game toronto raptors vs charlotte hornets novem,nba__H1-Ns9IU-JM_s2906.mp4,6,0.545455,68.65647,68.651922,12.262255,1920,1080,1.0,C:\Users\neelj\g400_receiver\sheets\7ebff0bd660d.jpg,b1fb90ee3b61cb63c45d8fbe2491663963d92e6cf4836ba290b8e22259187c50,7ebff0bd660d0165b1de252141fa54985634ac516e6fc3f83847c87ea2afee7c,PLANNED
1c5bf1ecfc05baefc75b2badb39851755973658158679cae6140d6acf509b519,H1-Ns9IU-JM,nba,nba|nba full game toronto raptors vs charlotte hornets novem,nba__H1-Ns9IU-JM_s2906.mp4,7,0.636364,80.92782,80.930856,12.278934,1920,1080,1.0,C:\Users\neelj\g400_receiver\sheets\1c5bf1ecfc05.jpg,d6424c7d0917df83dc8abb8a4ca16ff94b5c6212861a6cbc6b0dbfee7a37aa98,1c5bf1ecfc05baefc75b2badb39851755973658158679cae6140d6acf509b519,PLANNED
88d4cdde4d85e015fdc9d780454b1d3b7672bd926cbb13b642d8b419c2c80360,H1-Ns9IU-JM,nba,nba|nba full game toronto raptors vs charlotte hornets novem,nba__H1-Ns9IU-JM_s2906.mp4,8,0.727273,93.199171,93.1931,12.262244,1920,1080,1.0,C:\Users\neelj\g400_receiver\sheets\88d4cdde4d85.jpg,626f50437c1abbfe50be07db47273e7d3354fbc51b736cebcbc1de9e8f6243da,88d4cdde4d85e015fdc9d780454b1d3b7672bd926cbb13b642d8b419c2c80360,PLANNED
e249950350086fb8d538598e25a0db3d64f3150a4e6fda87a4c6024d6b14ecdd,H1-Ns9IU-JM,nba,nba|nba full game toronto raptors vs charlotte hornets novem,nba__H1-Ns9IU-JM_s2906.mp4,9,0.818182,105.470521,105.472033,12.278933,1920,1080,1.0,C:\Users\neelj\g400_receiver\sheets\e24995035008.jpg,9c604425643c9fe728971fdee7050ebc2f4d6349a121f8197afff45d0791cba6,e249950350086fb8d538598e25a0db3d64f3150a4e6fda87a4c6024d6b14ecdd,PLANNED
245a32355389da717b94e9d3e01c3298b655056d46717d933e54762a84563c27,H1-Ns9IU-JM,nba,nba|nba full game toronto raptors vs charlotte hornets novem,nba__H1-Ns9IU-JM_s2906.mp4,10,0.909091,117.741872,117.734289,12.262256,1920,1080,1.0,C:\Users\neelj\g400_receiver\sheets\245a32355389.jpg,1215cede5466618db47d29964ce0f427cb96841030155b13230a7ce24a4be1a5,245a32355389da717b94e9d3e01c3298b655056d46717d933e54762a84563c27,PLANNED
bf043c06df4d46a2c5fde16f0bb2694a16e8786373cc272a0a6eccaedc4f2099,Kh7Fj4ogPN4,nba,nba|oklahoma city thunder vs minnesota timberwolves nba full gam,nba__Kh7Fj4ogPN4_s2434.mp4,1,0.090909,8.922545,8.925578,,1280,720,1.0,C:\Users\neelj\g400_receiver\sheets\bf043c06df4d.jpg,8f3c38a2ce03bb33806559309bfefeb10577072b05165bf828cb78244ff1e46f,bf043c06df4d46a2c5fde16f0bb2694a16e8786373cc272a0a6eccaedc4f2099,PLANNED
ed4ec7cdb8a15d08596ca60d59afc97c03af91a91b4bacc86d91b50694e2d3d6,Kh7Fj4ogPN4,nba,nba|oklahoma city thunder vs minnesota timberwolves nba full gam,nba__Kh7Fj4ogPN4_s2434.mp4,2,0.181818,21.031611,21.037678,12.1121,1280,720,1.0,C:\Users\neelj\g400_receiver\sheets\ed4ec7cdb8a1.jpg,07218c60d5ab613ee1f6af419d79aebeec3beb208d7f5b107bd4ceebf6cf947b,ed4ec7cdb8a15d08596ca60d59afc97c03af91a91b4bacc86d91b50694e2d3d6,PLANNED
5398d378368ea8a73c7a7a8371f8eb1bb167c399d7a940c180ee25b837518d58,Kh7Fj4ogPN4,nba,nba|oklahoma city thunder vs minnesota timberwolves nba full gam,nba__Kh7Fj4ogPN4_s2434.mp4,3,0.272727,33.140678,33.1331,12.095422,1280,720,1.0,C:\Users\neelj\g400_receiver\sheets\5398d378368e.jpg,1fda23b7e867f2e9531768bf0163b64a84d171d80fdd59522c4c81f54cebed5a,5398d378368ea8a73c7a7a8371f8eb1bb167c399d7a940c180ee25b837518d58,PLANNED
ead9fcb9d393d99c39b0b526d8802f4aa4043baf0e01da2650e171625ae12b64,Kh7Fj4ogPN4,nba,nba|oklahoma city thunder vs minnesota timberwolves nba full gam,nba__Kh7Fj4ogPN4_s2434.mp4,4,0.363636,45.249745,45.2452,12.1121,1280,720,1.0,C:\Users\neelj\g400_receiver\sheets\ead9fcb9d393.jpg,2969ded563b1e2ee8e1ae01e7e78a89d81b3f04cf156348a97edc245dd348eab,ead9fcb9d393d99c39b0b526d8802f4aa4043baf0e01da2650e171625ae12b64,PLANNED
f9fa8d526a3f50b8eb322687422db0b9d529296ebbb4702485cf8d686fbf879a,Kh7Fj4ogPN4,nba,nba|oklahoma city thunder vs minnesota timberwolves nba full gam,nba__Kh7Fj4ogPN4_s2434.mp4,5,0.454545,57.358811,57.3573,12.1121,1280,720,1.0,C:\Users\neelj\g400_receiver\sheets\f9fa8d526a3f.jpg,5130ab03eafe6f4aa0a3a235ba43923ff42909c10d34fd4b3ff023b096156a97,f9fa8d526a3f50b8eb322687422db0b9d529296ebbb4702485cf8d686fbf879a,PLANNED
e5bac25c6b674f3439ab2fcc54adb83cf197e167807eaa9696f6afb20f0effbe,Kh7Fj4ogPN4,nba,nba|oklahoma city thunder vs minnesota timberwolves nba full gam,nba__Kh7Fj4ogPN4_s2434.mp4,6,0.545455,69.467878,69.4694,12.1121,1280,720,1.0,C:\Users\neelj\g400_receiver\sheets\e5bac25c6b67.jpg,f91727bc815f61067071f2cac437c8754f9a44025bbeb373431f45866f47e8db,e5bac25c6b674f3439ab2fcc54adb83cf197e167807eaa9696f6afb20f0effbe,PLANNED
17c2b594ca858921bde630c4f79b07396ac95f3dfc0c410e3217f03ab59b0799,Kh7Fj4ogPN4,nba,nba|oklahoma city thunder vs minnesota timberwolves nba full gam,nba__Kh7Fj4ogPN4_s2434.mp4,7,0.636364,81.576944,81.5815,12.1121,1280,720,1.0,C:\Users\neelj\g400_receiver\sheets\17c2b594ca85.jpg,c946cb3dee264e41af359cfaae373e2643c702d0deb4c536b093c1b35ee2b1f2,17c2b594ca858921bde630c4f79b07396ac95f3dfc0c410e3217f03ab59b0799,PLANNED
d2307a2e373737524c4e2bc14aa5cae4a851674fe04b3d7a79d29b13b837e676,Kh7Fj4ogPN4,nba,nba|oklahoma city thunder vs minnesota timberwolves nba full gam,nba__Kh7Fj4ogPN4_s2434.mp4,8,0.727273,93.686011,93.6936,12.1121,1280,720,1.0,C:\Users\neelj\g400_receiver\sheets\d2307a2e3737.jpg,eb51f237b022cbf07799ce6cea6042fd566c3412eb2ca1724d7f4ac7635563f9,d2307a2e373737524c4e2bc14aa5cae4a851674fe04b3d7a79d29b13b837e676,PLANNED
7bdf4b8d722456565818e60bed1229da03dfa681b2c90ba38c7c77970510b5c6,Kh7Fj4ogPN4,nba,nba|oklahoma city thunder vs minnesota timberwolves nba full gam,nba__Kh7Fj4ogPN4_s2434.mp4,9,0.818182,105.795078,105.789011,12.095411,1280,720,1.0,C:\Users\neelj\g400_receiver\sheets\7bdf4b8d7224.jpg,24d42cf1603a44509ec911e9311066e164228e9566d6f86cb2e212a3744d09ac,7bdf4b8d722456565818e60bed1229da03dfa681b2c90ba38c7c77970510b5c6,PLANNED
3caa6b932fb3020efab07332b92f5a4e4fed507c41928fde1b240e5a7ed5c9bc,Kh7Fj4ogPN4,nba,nba|oklahoma city thunder vs minnesota timberwolves nba full gam,nba__Kh7Fj4ogPN4_s2434.mp4,10,0.909091,117.904144,117.901111,12.1121,1280,720,1.0,C:\Users\neelj\g400_receiver\sheets\3caa6b932fb3.jpg,2ad122de81caf4100d977f2af0b035eda3c36f9c405ea2b2229cc1ae7a488202,3caa6b932fb3020efab07332b92f5a4e4fed507c41928fde1b240e5a7ed5c9bc,PLANNED
5cd4d5db412b7c8f1d2aa44007893284cb7a264ebba138e38be6248572279c17,Ktu6yFS9iMo,nba,nba|timberwolves at lakers full game october 24 2025,nba__Ktu6yFS9iMo_s2532.mp4,1,0.090909,10.710695,10.7107,,1280,720,1.0,C:\Users\neelj\g400_receiver\sheets\5cd4d5db412b.jpg,8efda3493948cb74285655f6949ad71992150918b6dffb6a6ec543a19501c7f5,5cd4d5db412b7c8f1d2aa44007893284cb7a264ebba138e38be6248572279c17,PLANNED
edaa9b592debfefa422e9ef9b179fb3e1321585457909ab448722b7f2e0012e0,Ktu6yFS9iMo,nba,nba|timberwolves at lakers full game october 24 2025,nba__Ktu6yFS9iMo_s2532.mp4,2,0.181818,22.639279,22.639278,11.928578,1280,720,1.0,C:\Users\neelj\g400_receiver\sheets\edaa9b592deb.jpg,a147368a411520dfd8a61058b490afa80b971cf2d6ed3967228d74dab35b009c,edaa9b592debfefa422e9ef9b179fb3e1321585457909ab448722b7f2e0012e0,PLANNED
96e5562dc38214af47488a859cb37572b4d86a48668c1687ed5d9f5b36071fc2,Ktu6yFS9iMo,nba,nba|timberwolves at lakers full game october 24 2025,nba__Ktu6yFS9iMo_s2532.mp4,3,0.272727,34.567862,34.567867,11.928589,1280,720,1.0,C:\Users\neelj\g400_receiver\sheets\96e5562dc382.jpg,698f396078d1328bcf0b78aa0b3cdc117c3709735af17c00d198bd137f754a3f,96e5562dc38214af47488a859cb37572b4d86a48668c1687ed5d9f5b36071fc2,PLANNED
b0133ec0784645c717de53a6bf22de51b25ab934118fd5dfce5a71710ad35153,Ktu6yFS9iMo,nba,nba|timberwolves at lakers full game october 24 2025,nba__Ktu6yFS9iMo_s2532.mp4,4,0.363636,46.496446,46.496444,11.928577,1280,720,1.0,C:\Users\neelj\g400_receiver\sheets\b0133ec07846.jpg,2906a3041dd766f9e064d92044851c0aa287ac1516f25fb27b7053e97285cd78,b0133ec0784645c717de53a6bf22de51b25ab934118fd5dfce5a71710ad35153,PLANNED
0e1c3340aa20f8875f6db9f3375803b9503d90de4e8a2e8e688d603f38acbbf5,Ktu6yFS9iMo,nba,nba|timberwolves at lakers full game october 24 2025,nba__Ktu6yFS9iMo_s2532.mp4,5,0.454545,58.42503,58.425033,11.928589,1280,720,1.0,C:\Users\neelj\g400_receiver\sheets\0e1c3340aa20.jpg,bb75605a9a83e833aeb1eb162c70c8b2e18fe584a4ebbdbeb3ae8d10b0ad5c06,0e1c3340aa20f8875f6db9f3375803b9503d90de4e8a2e8e688d603f38acbbf5,PLANNED
75b7df0dc19e6591ae5565817878c5e6d6f77dc51f28f1afe8d98c1161d6756b,Ktu6yFS9iMo,nba,nba|timberwolves at lakers full game october 24 2025,nba__Ktu6yFS9iMo_s2532.mp4,6,0.545455,70.353614,70.353611,11.928578,1280,720,1.0,C:\Users\neelj\g400_receiver\sheets\75b7df0dc19e.jpg,3ce819e88c978e9b6e6a133ab28d62b0fcfa226fae9213b9034bd33c2d5f2dcc,75b7df0dc19e6591ae5565817878c5e6d6f77dc51f28f1afe8d98c1161d6756b,PLANNED
f57e29ea9b74e099a96e93f0767d9f1033c0b6be920ec06a87f964fa560273f9,Ktu6yFS9iMo,nba,nba|timberwolves at lakers full game october 24 2025,nba__Ktu6yFS9iMo_s2532.mp4,7,0.636364,82.282198,82.2822,11.928589,1280,720,1.0,C:\Users\neelj\g400_receiver\sheets\f57e29ea9b74.jpg,7fe239a2f56662295558197c61a7e412609d770b7867d7f170b70c1b770b1063,f57e29ea9b74e099a96e93f0767d9f1033c0b6be920ec06a87f964fa560273f9,PLANNED
8af055f12a3726010be5fa6516743ae2591ba481b22c1d22bf7232f230eb30fb,Ktu6yFS9iMo,nba,nba|timberwolves at lakers full game october 24 2025,nba__Ktu6yFS9iMo_s2532.mp4,8,0.727273,94.210782,94.210778,11.928578,1280,720,1.0,C:\Users\neelj\g400_receiver\sheets\8af055f12a37.jpg,2012827df067b12f35e4180d9698eca042a64a35e17e6ad58e9ccdefcbcd6f6f,8af055f12a3726010be5fa6516743ae2591ba481b22c1d22bf7232f230eb30fb,PLANNED
8855654569c88f781daa6c949000f41c49776c1722943cc41701c4b1ca61a345,Ktu6yFS9iMo,nba,nba|timberwolves at lakers full game october 24 2025,nba__Ktu6yFS9iMo_s2532.mp4,9,0.818182,106.139365,106.139367,11.928589,1280,720,1.0,C:\Users\neelj\g400_receiver\sheets\8855654569c8.jpg,2003f4ef6696dcabcc4698565b37ef71d212b51a7e91a04e79ad01e5315e45db,8855654569c88f781daa6c949000f41c49776c1722943cc41701c4b1ca61a345,PLANNED
60a890f483f3e81ae4881a61ae49d75453f18d4110d195574f13128a87148484,Ktu6yFS9iMo,nba,nba|timberwolves at lakers full game october 24 2025,nba__Ktu6yFS9iMo_s2532.mp4,10,0.909091,118.067949,118.067944,11.928577,1280,720,1.0,C:\Users\neelj\g400_receiver\sheets\60a890f483f3.jpg,789aba1f2ae53e980dc4ee1b9e1e076d746876a7c4d7deda2bf778341392f6d0,60a890f483f3e81ae4881a61ae49d75453f18d4110d195574f13128a87148484,PLANNED
e795691d00a2f8fd92f297822571e467879970a80a72a822015ce8f4b8d21fae,Ge4uewCFUFQ,ncaa_basketball,ncaa_basketball|2 houston vs 6 iowa state full game replay 2 16 26 20,ncaa_basketball__Ge4uewCFUFQ_s2382.mp4,1,0.090909,7.6622,7.657656,,1280,720,1.0,C:\Users\neelj\g400_receiver\sheets\e795691d00a2.jpg,af3f21da82a6053fedfc8228a5acaf0312bd74796deca4ad85d91da1d3d5bae3,e795691d00a2f8fd92f297822571e467879970a80a72a822015ce8f4b8d21fae,PLANNED
d6885538f7310ec31523317a5463c10d44005a8f759d42f07c444a792fffb843,Ge4uewCFUFQ,ncaa_basketball,ncaa_basketball|2 houston vs 6 iowa state full game replay 2 16 26 20,ncaa_basketball__Ge4uewCFUFQ_s2382.mp4,2,0.181818,19.895634,19.903222,12.245566,1280,720,1.0,C:\Users\neelj\g400_receiver\sheets\d6885538f731.jpg,c8a0a8e375e00c4a28277cb4504ae1ed18ede39f947d46a9735b856ed4598914,d6885538f7310ec31523317a5463c10d44005a8f759d42f07c444a792fffb843,PLANNED
874d02c3744675742828a84b476558fbc48798a8c7440751923e0c9da4d4b6aa,Ge4uewCFUFQ,ncaa_basketball,ncaa_basketball|2 houston vs 6 iowa state full game replay 2 16 26 20,ncaa_basketball__Ge4uewCFUFQ_s2382.mp4,3,0.272727,32.129067,32.1321,12.228878,1280,720,1.0,C:\Users\neelj\g400_receiver\sheets\874d02c37446.jpg,a21d01dec6eb5b8cfe2fa697b579b27e761de8522e90ff03e23f0f9f8d9bc4d8,874d02c3744675742828a84b476558fbc48798a8c7440751923e0c9da4d4b6aa,PLANNED
477084f791536a1781c93dc45d3bc2c4e0998cd646dc09304122c52dd0c93f20,Ge4uewCFUFQ,ncaa_basketball,ncaa_basketball|2 houston vs 6 iowa state full game replay 2 16 26 20,ncaa_basketball__Ge4uewCFUFQ_s2382.mp4,4,0.363636,44.3625,44.360989,12.228889,1280,720,1.0,C:\Users\neelj\g400_receiver\sheets\477084f79153.jpg,f7762408362cd24aa68873c716c8fed1df37dd0ab99dda0bec6344ea48d77c23,477084f791536a1781c93dc45d3bc2c4e0998cd646dc09304122c52dd0c93f20,PLANNED
987578fec437e4ec7e02a60d895d54793d65f1af03534c4613340a13033fdda3,Ge4uewCFUFQ,ncaa_basketball,ncaa_basketball|2 houston vs 6 iowa state full game replay 2 16 26 20,ncaa_basketball__Ge4uewCFUFQ_s2382.mp4,5,0.454545,56.595933,56.589867,12.228878,1280,720,1.0,C:\Users\neelj\g400_receiver\sheets\987578fec437.jpg,eeefd1e0f02c4a35978c24c0b2e0dc904922ef016075b08446918f71ee977871,987578fec437e4ec7e02a60d895d54793d65f1af03534c4613340a13033fdda3,PLANNED
9218c9539299c0375ae605d5c6a6c4123cf8552d6825fa715685695bff68ae6f,Ge4uewCFUFQ,ncaa_basketball,ncaa_basketball|2 houston vs 6 iowa state full game replay 2 16 26 20,ncaa_basketball__Ge4uewCFUFQ_s2382.mp4,6,0.545455,68.829367,68.835433,12.245566,1280,720,1.0,C:\Users\neelj\g400_receiver\sheets\9218c9539299.jpg,2f6d899995642c1671d5fda2ad422b2df63f4e0dddb34bad5dc7dfb4c5a1bbfe,9218c9539299c0375ae605d5c6a6c4123cf8552d6825fa715685695bff68ae6f,PLANNED
40cd78f1e635413922331a25f673520a40979096dfe940167a66547a5ae860a4,Ge4uewCFUFQ,ncaa_basketball,ncaa_basketball|2 houston vs 6 iowa state full game replay 2 16 26 20,ncaa_basketball__Ge4uewCFUFQ_s2382.mp4,7,0.636364,81.0628,81.064322,12.228889,1280,720,1.0,C:\Users\neelj\g400_receiver\sheets\40cd78f1e635.jpg,3acb79848d0bf70483c7903c62cee8db6aaa6b0eba6eee0bdd1a8b3cfd092d34,40cd78f1e635413922331a25f673520a40979096dfe940167a66547a5ae860a4,PLANNED
3c7538e1555b95c92a5c1e632e336974262ab6b15fe5794f062371c63ac00575,Ge4uewCFUFQ,ncaa_basketball,ncaa_basketball|2 houston vs 6 iowa state full game replay 2 16 26 20,ncaa_basketball__Ge4uewCFUFQ_s2382.mp4,8,0.727273,93.296233,93.2932,12.228878,1280,720,1.0,C:\Users\neelj\g400_receiver\sheets\3c7538e1555b.jpg,b991162ef20ce32b45a7db36b31f607cc5a2d0ad2cbd26758e3d0526e24ac855,3c7538e1555b95c92a5c1e632e336974262ab6b15fe5794f062371c63ac00575,PLANNED
54fc3dab005ceb55b056202fbdadf3571a1e11093bdb3d9e49b8180de52a3739,Ge4uewCFUFQ,ncaa_basketball,ncaa_basketball|2 houston vs 6 iowa state full game replay 2 16 26 20,ncaa_basketball__Ge4uewCFUFQ_s2382.mp4,9,0.818182,105.529666,105.522089,12.228889,1280,720,1.0,C:\Users\neelj\g400_receiver\sheets\54fc3dab005c.jpg,ca97288983d7fdcd304095dba0da31408e21a5aa29d77700b030bee4b65d1132,54fc3dab005ceb55b056202fbdadf3571a1e11093bdb3d9e49b8180de52a3739,PLANNED
c503a875eb67749fe3cbf4103724947c5d90e86ca80ebb8eabc9378c254b5fb6,Ge4uewCFUFQ,ncaa_basketball,ncaa_basketball|2 houston vs 6 iowa state full game replay 2 16 26 20,ncaa_basketball__Ge4uewCFUFQ_s2382.mp4,10,0.909091,117.7631,117.767656,12.245567,1280,720,1.0,C:\Users\neelj\g400_receiver\sheets\c503a875eb67.jpg,4bdc9809ce9bcd1acab48c975194ed7804e563f294651bf1d8f2ca72f51c3acd,c503a875eb67749fe3cbf4103724947c5d90e86ca80ebb8eabc9378c254b5fb6,PLANNED
472bac9e64a4646a9eefc52f1b9a810c8a41e0afcb06757a64d8653d9682a672,dAy3tnlu3EQ,ncaa_basketball,ncaa_basketball|20 auburn vs 2 arizona full game replay 12 6 25 2025,ncaa_basketball__dAy3tnlu3EQ_s1502.mp4,1,0.090909,11.637384,11.644967,,1280,720,1.0,C:\Users\neelj\g400_receiver\sheets\472bac9e64a4.jpg,8cec5655489b276c0ba1f3cdbd7de3b9a3df17bb07f1e28abd9e990fe59d86c5,472bac9e64a4646a9eefc52f1b9a810c8a41e0afcb06757a64d8653d9682a672,PLANNED
688b16a0eed8b43353b4719136bbe877bdf5e0402bae2e6d212fbc28c8efe7f4,dAy3tnlu3EQ,ncaa_basketball,ncaa_basketball|20 auburn vs 2 arizona full game replay 12 6 25 2025,ncaa_basketball__dAy3tnlu3EQ_s1502.mp4,2,0.181818,23.474968,23.473456,11.828489,1280,720,1.0,C:\Users\neelj\g400_receiver\sheets\688b16a0eed8.jpg,78d716e0fdf7aa1caec03cdca36e531e0ad8380e3d718a3f686c318d65ff9ab3,688b16a0eed8b43353b4719136bbe877bdf5e0402bae2e6d212fbc28c8efe7f4,PLANNED
25bbe8b42d586538ad7a462e1c9cbb23a0e040051c9266d61ed9de56c6b3dc3d,dAy3tnlu3EQ,ncaa_basketball,ncaa_basketball|20 auburn vs 2 arizona full game replay 12 6 25 2025,ncaa_basketball__dAy3tnlu3EQ_s1502.mp4,3,0.272727,35.312551,35.318622,11.845166,1280,720,1.0,C:\Users\neelj\g400_receiver\sheets\25bbe8b42d58.jpg,f1d618a1d797aa62c57af29f28733fd596b8575e8b8034a9b80709f50782dc60,25bbe8b42d586538ad7a462e1c9cbb23a0e040051c9266d61ed9de56c6b3dc3d,PLANNED
51255806ea975ae87838f777d2e92c97ec6be44363e37133fb083be55e53ec1e,dAy3tnlu3EQ,ncaa_basketball,ncaa_basketball|20 auburn vs 2 arizona full game replay 12 6 25 2025,ncaa_basketball__dAy3tnlu3EQ_s1502.mp4,4,0.363636,47.150135,47.1471,11.828478,1280,720,1.0,C:\Users\neelj\g400_receiver\sheets\51255806ea97.jpg,62a42137262506835e17f98697a2de9b6254444652cb2f809612b853216c6f23,51255806ea975ae87838f777d2e92c97ec6be44363e37133fb083be55e53ec1e,PLANNED
b2d2fa54ef1be8c0a9a37177625f255e1249b8ecc3486215128f97a376f23113,dAy3tnlu3EQ,ncaa_basketball,ncaa_basketball|20 auburn vs 2 arizona full game replay 12 6 25 2025,ncaa_basketball__dAy3tnlu3EQ_s1502.mp4,5,0.454545,58.987719,58.992267,11.845167,1280,720,1.0,C:\Users\neelj\g400_receiver\sheets\b2d2fa54ef1b.jpg,0cbcf8e5fb81e987a30bc629753f491ab57ac4c730830b686f2d3b84928158c0,b2d2fa54ef1be8c0a9a37177625f255e1249b8ecc3486215128f97a376f23113,PLANNED
b81cbcfb53a9856d9f49ae1a8f17073b5699f322669d492ab3e2b27464023a10,dAy3tnlu3EQ,ncaa_basketball,ncaa_basketball|20 auburn vs 2 arizona full game replay 12 6 25 2025,ncaa_basketball__dAy3tnlu3EQ_s1502.mp4,6,0.545455,70.825303,70.820756,11.828489,1280,720,1.0,C:\Users\neelj\g400_receiver\sheets\b81cbcfb53a9.jpg,7b5bebce026ef9e3b8bab2d001eee2ea177f721cf1c9cd15c8836e301a907bea,b81cbcfb53a9856d9f49ae1a8f17073b5699f322669d492ab3e2b27464023a10,PLANNED
cc5e55c6dfe6d62f5386428c542164084244a1a3643ce900fba400279658ce08,dAy3tnlu3EQ,ncaa_basketball,ncaa_basketball|20 auburn vs 2 arizona full game replay 12 6 25 2025,ncaa_basketball__dAy3tnlu3EQ_s1502.mp4,7,0.636364,82.662887,82.665922,11.845166,1280,720,1.0,C:\Users\neelj\g400_receiver\sheets\cc5e55c6dfe6.jpg,ba8d0a8400002b6e66bed37069fb142b235add8d3d3165b99ce008f7401ec3aa,cc5e55c6dfe6d62f5386428c542164084244a1a3643ce900fba400279658ce08,PLANNED
d74e44843a1e829e95d6b0bc8b15f1fb8802be6347a8ed966d4852bba4c4223a,dAy3tnlu3EQ,ncaa_basketball,ncaa_basketball|20 auburn vs 2 arizona full game replay 12 6 25 2025,ncaa_basketball__dAy3tnlu3EQ_s1502.mp4,8,0.727273,94.500471,94.4944,11.828478,1280,720,1.0,C:\Users\neelj\g400_receiver\sheets\d74e44843a1e.jpg,161221d4e1ae64bffe79c0b543df2e2dbd2b35faac7e9e298ba6deef7525cdf5,d74e44843a1e829e95d6b0bc8b15f1fb8802be6347a8ed966d4852bba4c4223a,PLANNED
6b5723b2d2b7ece4017682dc43fce8d8ec7c0fd8418e74cc37aa3119b8653bc8,dAy3tnlu3EQ,ncaa_basketball,ncaa_basketball|20 auburn vs 2 arizona full game replay 12 6 25 2025,ncaa_basketball__dAy3tnlu3EQ_s1502.mp4,9,0.818182,106.338054,106.339567,11.845167,1280,720,1.0,C:\Users\neelj\g400_receiver\sheets\6b5723b2d2b7.jpg,6ad5dd7a5025dfba80b7bca2fce256db898f4c6e9b8d2434008752b822893a75,6b5723b2d2b7ece4017682dc43fce8d8ec7c0fd8418e74cc37aa3119b8653bc8,PLANNED
9b6493d5f61b10bb3a7bd0260b543ac3a64d900469be30a1b879d2ffd31de804,dAy3tnlu3EQ,ncaa_basketball,ncaa_basketball|20 auburn vs 2 arizona full game replay 12 6 25 2025,ncaa_basketball__dAy3tnlu3EQ_s1502.mp4,10,0.909091,118.175638,118.168056,11.828489,1280,720,1.0,C:\Users\neelj\g400_receiver\sheets\9b6493d5f61b.jpg,becd66c4516200d15c66b3e6c0d1ba9bed9b81192fadccfad83f0cb1a31146ed,9b6493d5f61b10bb3a7bd0260b543ac3a64d900469be30a1b879d2ffd31de804,PLANNED
64388f71e3cc7b3429fcb24e8f089f880fdfd9c1f05c672fb19bfceb06047acc,7blRl4zVfrY,ncaa_basketball,ncaa_basketball|8 houston vs 14 arkansas full game replay 12 20 25 20,ncaa_basketball__7blRl4zVfrY_s2356.mp4,1,0.090909,11.560028,11.561544,,1280,720,1.0,C:\Users\neelj\g400_receiver\sheets\64388f71e3cc.jpg,4a0f18ad8059880021998497ad72abb7dcd5766f3cafbd6dc59892bbc3d10697,64388f71e3cc7b3429fcb24e8f089f880fdfd9c1f05c672fb19bfceb06047acc,PLANNED
30505822b4f9a678aa87f3debddc33873a7d85fc1e9c2057bc61bf0f3d4f8f7e,7blRl4zVfrY,ncaa_basketball,ncaa_basketball|8 houston vs 14 arkansas full game replay 12 20 25 20,ncaa_basketball__7blRl4zVfrY_s2356.mp4,2,0.181818,23.403679,23.406711,11.845167,1280,720,1.0,C:\Users\neelj\g400_receiver\sheets\30505822b4f9.jpg,dc5a599a9069d9b7d9d1248220600bfdd87fe922b6276087dd821721450aefc7,30505822b4f9a678aa87f3debddc33873a7d85fc1e9c2057bc61bf0f3d4f8f7e,PLANNED
082ca7619ae6cade00728666b1e288da7dbd0fb12f054903a19e54f9467e46df,7blRl4zVfrY,ncaa_basketball,ncaa_basketball|8 houston vs 14 arkansas full game replay 12 20 25 20,ncaa_basketball__7blRl4zVfrY_s2356.mp4,3,0.272727,35.247329,35.251878,11.845167,1280,720,1.0,C:\Users\neelj\g400_receiver\sheets\082ca7619ae6.jpg,ff5e711340300d9c59928541deea1071c0f94fcf9cb72b7ac50ae4fabe211493,082ca7619ae6cade00728666b1e288da7dbd0fb12f054903a19e54f9467e46df,PLANNED
b4c21db951a7c24f82d2cdfbc70fe66256b2d4c003b9c132629d16a06c94873f,7blRl4zVfrY,ncaa_basketball,ncaa_basketball|8 houston vs 14 arkansas full game replay 12 20 25 20,ncaa_basketball__7blRl4zVfrY_s2356.mp4,4,0.363636,47.09098,47.097044,11.845166,1280,720,1.0,C:\Users\neelj\g400_receiver\sheets\b4c21db951a7.jpg,ee76a24ab5a2c8a980a99f14fa11ece6bf47dfebf36f08055920ad7482d10fc5,b4c21db951a7c24f82d2cdfbc70fe66256b2d4c003b9c132629d16a06c94873f,PLANNED
b4a0830926da6c21ef6e5682ae9eecfb67fff6b9237354247f23313d0e9d83c3,7blRl4zVfrY,ncaa_basketball,ncaa_basketball|8 houston vs 14 arkansas full game replay 12 20 25 20,ncaa_basketball__7blRl4zVfrY_s2356.mp4,5,0.454545,58.93463,58.942211,11.845167,1280,720,1.0,C:\Users\neelj\g400_receiver\sheets\b4a0830926da.jpg,1d1b2cd94fb332a74bf82ad1219e4765d5cedad2c30a7206afe96c2815b903ba,b4a0830926da6c21ef6e5682ae9eecfb67fff6b9237354247f23313d0e9d83c3,PLANNED
dcec02ac537283763ab0d796a9401535cc40a3b7c199c4cc00ab03702b4121c9,7blRl4zVfrY,ncaa_basketball,ncaa_basketball|8 houston vs 14 arkansas full game replay 12 20 25 20,ncaa_basketball__7blRl4zVfrY_s2356.mp4,6,0.545455,70.778281,70.7707,11.828489,1280,720,1.0,C:\Users\neelj\g400_receiver\sheets\dcec02ac5372.jpg,933f03b18fb3f2a70e0da718dab8c0e03dffbc8d846f94e2dbf25d78808cdc5b,dcec02ac537283763ab0d796a9401535cc40a3b7c199c4cc00ab03702b4121c9,PLANNED
0ccf703fa4e22eaa003182451999539dacc875bc8c4c29fbfc1eeef30a93dfb2,7blRl4zVfrY,ncaa_basketball,ncaa_basketball|8 houston vs 14 arkansas full game replay 12 20 25 20,ncaa_basketball__7blRl4zVfrY_s2356.mp4,7,0.636364,82.621931,82.615867,11.845167,1280,720,1.0,C:\Users\neelj\g400_receiver\sheets\0ccf703fa4e2.jpg,78f3489610fcfcb2de443d34f2d0c8532c446708589a53fb3301f855c89c28ea,0ccf703fa4e22eaa003182451999539dacc875bc8c4c29fbfc1eeef30a93dfb2,PLANNED
8b89257a9d092913287a9de1ff643d67734449ba9126e9f49afa7d90a6748d6d,7blRl4zVfrY,ncaa_basketball,ncaa_basketball|8 houston vs 14 arkansas full game replay 12 20 25 20,ncaa_basketball__7blRl4zVfrY_s2356.mp4,8,0.727273,94.465582,94.461033,11.845166,1280,720,1.0,C:\Users\neelj\g400_receiver\sheets\8b89257a9d09.jpg,ddf72f6cb3ce3a0f23289a3ad429c66b75d8069b205c3406340c5e596ac3fffd,8b89257a9d092913287a9de1ff643d67734449ba9126e9f49afa7d90a6748d6d,PLANNED
ececbab9ec299bb4a4d1db4a6083584ae068b9e93198812442062db514a1dbc0,7blRl4zVfrY,ncaa_basketball,ncaa_basketball|8 houston vs 14 arkansas full game replay 12 20 25 20,ncaa_basketball__7blRl4zVfrY_s2356.mp4,9,0.818182,106.309232,106.3062,11.845167,1280,720,1.0,C:\Users\neelj\g400_receiver\sheets\ececbab9ec29.jpg,eeaf96e5618c8666b043b2cbfb1b4d27c24059132e967fab9ada7e0e40a28833,ececbab9ec299bb4a4d1db4a6083584ae068b9e93198812442062db514a1dbc0,PLANNED
42c97f45fc315f81754ea3d00fef6175971a6d51dd73414ebb3c7d89a7a2bba0,7blRl4zVfrY,ncaa_basketball,ncaa_basketball|8 houston vs 14 arkansas full game replay 12 20 25 20,ncaa_basketball__7blRl4zVfrY_s2356.mp4,10,0.909091,118.152883,118.151367,11.845167,1280,720,1.0,C:\Users\neelj\g400_receiver\sheets\42c97f45fc31.jpg,e8972c8f0dbbfd13e4a8f08e401d8e399a99c497a438eabbd0824b31d8084e36,42c97f45fc315f81754ea3d00fef6175971a6d51dd73414ebb3c7d89a7a2bba0,PLANNED
822a5d65c1d994deb4511f9e01ce17991f7f33553aae48a3729bae1539a208d6,s-0Y7aLxXgM,ncaa_basketball,ncaa_basketball|8 houston vs 16 byu full game replay 2 7 26 2025 26 b,ncaa_basketball__s-0Y7aLxXgM_s2460.mp4,1,0.090909,8.983211,8.975633,,1280,720,1.0,C:\Users\neelj\g400_receiver\sheets\822a5d65c1d9.jpg,0b5859b632be0f12201deb4db35c61330d35cd6b6e689007630fe8dcd786b67d,822a5d65c1d994deb4511f9e01ce17991f7f33553aae48a3729bae1539a208d6,PLANNED
d6c09fdfc10f628c9ea82f73a7859c65c367c777ba0b9a8376e72873ba0609cd,s-0Y7aLxXgM,ncaa_basketball,ncaa_basketball|8 houston vs 16 byu full game replay 2 7 26 2025 26 b,ncaa_basketball__s-0Y7aLxXgM_s2460.mp4,2,0.181818,21.086211,21.087733,12.1121,1280,720,1.0,C:\Users\neelj\g400_receiver\sheets\d6c09fdfc10f.jpg,cf6775c9653f3c9722eda359f7cb065f7a2ecb34c38699c606eedc0516fe2e8a,d6c09fdfc10f628c9ea82f73a7859c65c367c777ba0b9a8376e72873ba0609cd,PLANNED
a5f4c120dcd3648ea271df9bd7579d60eb45ce3d7106d935d10a7d33c24ca81d,s-0Y7aLxXgM,ncaa_basketball,ncaa_basketball|8 houston vs 16 byu full game replay 2 7 26 2025 26 b,ncaa_basketball__s-0Y7aLxXgM_s2460.mp4,3,0.272727,33.189211,33.183144,12.095411,1280,720,1.0,C:\Users\neelj\g400_receiver\sheets\a5f4c120dcd3.jpg,013bfaecec2e3f21756268495208ffa4b936804a142d8be144e2270576281cc2,a5f4c120dcd3648ea271df9bd7579d60eb45ce3d7106d935d10a7d33c24ca81d,PLANNED
91103f3898ef49ebf2a0a9e173880a6d6c831c9255a8d493e82016abab1254df,s-0Y7aLxXgM,ncaa_basketball,ncaa_basketball|8 houston vs 16 byu full game replay 2 7 26 2025 26 b,ncaa_basketball__s-0Y7aLxXgM_s2460.mp4,4,0.363636,45.292211,45.295244,12.1121,1280,720,1.0,C:\Users\neelj\g400_receiver\sheets\91103f3898ef.jpg,64c5aff8aba68068f818e3f48eac9506830e66789d2a95066364902ac0bf534d,91103f3898ef49ebf2a0a9e173880a6d6c831c9255a8d493e82016abab1254df,PLANNED
2dec3133bd281d19d5fd67fc2356176887cdee1483db572a31b1120623ce9689,s-0Y7aLxXgM,ncaa_basketball,ncaa_basketball|8 houston vs 16 byu full game replay 2 7 26 2025 26 b,ncaa_basketball__s-0Y7aLxXgM_s2460.mp4,5,0.454545,57.395211,57.390667,12.095423,1280,720,1.0,C:\Users\neelj\g400_receiver\sheets\2dec3133bd28.jpg,5b5b1b108d131af01356e49ae1e0dceaffe8cf0cfcc0301266b64277a1e90bb4,2dec3133bd281d19d5fd67fc2356176887cdee1483db572a31b1120623ce9689,PLANNED
342db439be5087e0f97bb937297479d15d1b4bc8d3ebfa052bb7204b9d319d60,s-0Y7aLxXgM,ncaa_basketball,ncaa_basketball|8 houston vs 16 byu full game replay 2 7 26 2025 26 b,ncaa_basketball__s-0Y7aLxXgM_s2460.mp4,6,0.545455,69.498211,69.502767,12.1121,1280,720,1.0,C:\Users\neelj\g400_receiver\sheets\342db439be50.jpg,3e9599152ef0f7749cd745d9f78f63a1c43eb70fa18518b1f1702842fc705a6d,342db439be5087e0f97bb937297479d15d1b4bc8d3ebfa052bb7204b9d319d60,PLANNED
4a1750769a6d81c19853fc506a091aa683c69a0c6265ef3c66d1d385debbcdb2,s-0Y7aLxXgM,ncaa_basketball,ncaa_basketball|8 houston vs 16 byu full game replay 2 7 26 2025 26 b,ncaa_basketball__s-0Y7aLxXgM_s2460.mp4,7,0.636364,81.601211,81.598178,12.095411,1280,720,1.0,C:\Users\neelj\g400_receiver\sheets\4a1750769a6d.jpg,44c22276e5a4165b752a360188840b3e04476aa1ec11185850386e7942b22f51,4a1750769a6d81c19853fc506a091aa683c69a0c6265ef3c66d1d385debbcdb2,PLANNED
76a161ada37815ef2c9e1c3d3f36d1f7ec1651052a0039a100e44d59e5dad558,s-0Y7aLxXgM,ncaa_basketball,ncaa_basketball|8 houston vs 16 byu full game replay 2 7 26 2025 26 b,ncaa_basketball__s-0Y7aLxXgM_s2460.mp4,8,0.727273,93.704211,93.710278,12.1121,1280,720,1.0,C:\Users\neelj\g400_receiver\sheets\76a161ada378.jpg,8fd16417bec63e411aaf6b10086338a5b68807dd903e682b88ba15c1c419fc30,76a161ada37815ef2c9e1c3d3f36d1f7ec1651052a0039a100e44d59e5dad558,PLANNED
12261437a3cf37d68762ce14890fb0b0f89d682c0cef38470fdc6b18e751bf63,s-0Y7aLxXgM,ncaa_basketball,ncaa_basketball|8 houston vs 16 byu full game replay 2 7 26 2025 26 b,ncaa_basketball__s-0Y7aLxXgM_s2460.mp4,9,0.818182,105.807211,105.8057,12.095422,1280,720,1.0,C:\Users\neelj\g400_receiver\sheets\12261437a3cf.jpg,d317c596a74228839090414fd54b6cc29b36baabf17a124ddfe6c094693dabab,12261437a3cf37d68762ce14890fb0b0f89d682c0cef38470fdc6b18e751bf63,PLANNED
9c42154fa44c94192549601fd980f71726081adfebcf787b031f73e779baa85b,s-0Y7aLxXgM,ncaa_basketball,ncaa_basketball|8 houston vs 16 byu full game replay 2 7 26 2025 26 b,ncaa_basketball__s-0Y7aLxXgM_s2460.mp4,10,0.909091,117.910211,117.9178,12.1121,1280,720,1.0,C:\Users\neelj\g400_receiver\sheets\9c42154fa44c.jpg,03cd14b283e400f65cd355e74b08c6ab454561b3c8988fe971264107f7636892,9c42154fa44c94192549601fd980f71726081adfebcf787b031f73e779baa85b,PLANNED
1ce8531c56b5acceacfe9fcb730f18b92b79b5f4fe2c7b7a65e51cc3a84caa54,qTXrSRHHR2M,ncaa_basketball,ncaa_basketball|auburn vs duke full game replay 2024 25 acc men s basketb,ncaa_basketball__qTXrSRHHR2M_s2262.mp4,1,0.090909,10.712211,10.7107,,1280,720,1.0,C:\Users\neelj\g400_receiver\sheets\1ce8531c56b5.jpg,b00fa1fd0c47c236201f06285e15a712f7b07f7eef9ff2826f35b10a175c6061,1ce8531c56b5acceacfe9fcb730f18b92b79b5f4fe2c7b7a65e51cc3a84caa54,PLANNED
589cee1465466c71c6c367a6d8b1cf1c2a526dfbc8214c9e7e6f54b8dd49efc9,qTXrSRHHR2M,ncaa_basketball,ncaa_basketball|auburn vs duke full game replay 2024 25 acc men s basketb,ncaa_basketball__qTXrSRHHR2M_s2262.mp4,2,0.181818,22.642311,22.639278,11.928578,1280,720,1.0,C:\Users\neelj\g400_receiver\sheets\589cee146546.jpg,40799fca46ddabe013419b246c78e0cf4be1a7b49a5213e22937934500827f68,589cee1465466c71c6c367a6d8b1cf1c2a526dfbc8214c9e7e6f54b8dd49efc9,PLANNED
364673586ff647b95288b7b50e0b3677551dc4ad2743631d762152b7ea2ac610,qTXrSRHHR2M,ncaa_basketball,ncaa_basketball|auburn vs duke full game replay 2024 25 acc men s basketb,ncaa_basketball__qTXrSRHHR2M_s2262.mp4,3,0.272727,34.572411,34.567867,11.928589,1280,720,1.0,C:\Users\neelj\g400_receiver\sheets\364673586ff6.jpg,3405d111a2948cf74e31a82dc3f0846dd1cc1237c83897689e87b1289f0fd94b,364673586ff647b95288b7b50e0b3677551dc4ad2743631d762152b7ea2ac610,PLANNED
e91eb80e92a5fc61ad92193ccc959e7b7e0bbfd022b84b4b46d9820e39ed8e8b,qTXrSRHHR2M,ncaa_basketball,ncaa_basketball|auburn vs duke full game replay 2024 25 acc men s basketb,ncaa_basketball__qTXrSRHHR2M_s2262.mp4,4,0.363636,46.502511,46.496444,11.928577,1280,720,1.0,C:\Users\neelj\g400_receiver\sheets\e91eb80e92a5.jpg,7c2ffaaeca3291f537eb02f2d15dff6fe030629ae14992a71ff8cf632a17494d,e91eb80e92a5fc61ad92193ccc959e7b7e0bbfd022b84b4b46d9820e39ed8e8b,PLANNED
9c7cc8531a93c05e5ca7c5e969dbcedc53c1c4a8417b5763225d2716f382c078,qTXrSRHHR2M,ncaa_basketball,ncaa_basketball|auburn vs duke full game replay 2024 25 acc men s basketb,ncaa_basketball__qTXrSRHHR2M_s2262.mp4,5,0.454545,58.432611,58.425033,11.928589,1280,720,1.0,C:\Users\neelj\g400_receiver\sheets\9c7cc8531a93.jpg,ed3f1b776ad62ed1f91c66df2b80bbbe44f20a447e6e8e7891a97d2e014344b6,9c7cc8531a93c05e5ca7c5e969dbcedc53c1c4a8417b5763225d2716f382c078,PLANNED
c1ee5aad7436feee21a0718c0c3754f6107d5b4b310840a8f6451a5e25854816,qTXrSRHHR2M,ncaa_basketball,ncaa_basketball|auburn vs duke full game replay 2024 25 acc men s basketb,ncaa_basketball__qTXrSRHHR2M_s2262.mp4,6,0.545455,70.362711,70.3703,11.945267,1280,720,1.0,C:\Users\neelj\g400_receiver\sheets\c1ee5aad7436.jpg,3dae50a432d959e0eb213c542e425d4bf39e0da471d19a6523dfb99e2788398d,c1ee5aad7436feee21a0718c0c3754f6107d5b4b310840a8f6451a5e25854816,PLANNED
64494c7ed65840920de3dc1407bf3087b8d8f4d4e2d8c9b11dcc7a54b879ec93,qTXrSRHHR2M,ncaa_basketball,ncaa_basketball|auburn vs duke full game replay 2024 25 acc men s basketb,ncaa_basketball__qTXrSRHHR2M_s2262.mp4,7,0.636364,82.292811,82.298878,11.928578,1280,720,1.0,C:\Users\neelj\g400_receiver\sheets\64494c7ed658.jpg,e6f88ee34742b6c365dabd6b8585f478936d022d741fb0f16c5850c61b886ea2,64494c7ed65840920de3dc1407bf3087b8d8f4d4e2d8c9b11dcc7a54b879ec93,PLANNED
5a2f330d84697bcce4cd8dbadf8144539c84a4d9946eaae7b5e9ed5144fdd3a5,qTXrSRHHR2M,ncaa_basketball,ncaa_basketball|auburn vs duke full game replay 2024 25 acc men s basketb,ncaa_basketball__qTXrSRHHR2M_s2262.mp4,8,0.727273,94.222911,94.227467,11.928589,1280,720,1.0,C:\Users\neelj\g400_receiver\sheets\5a2f330d8469.jpg,0e465e709a93504a497b3bb73707d186540cc14b6e7f54463e929632035091e2,5a2f330d84697bcce4cd8dbadf8144539c84a4d9946eaae7b5e9ed5144fdd3a5,PLANNED
033833a1647685ecd6b012db9b6ca88b76c0048783008491f45ea30ae2241a93,qTXrSRHHR2M,ncaa_basketball,ncaa_basketball|auburn vs duke full game replay 2024 25 acc men s basketb,ncaa_basketball__qTXrSRHHR2M_s2262.mp4,9,0.818182,106.153011,106.156044,11.928577,1280,720,1.0,C:\Users\neelj\g400_receiver\sheets\033833a16476.jpg,27f29790b5a74f24bb6656da44bf21a8fd4ff0b82e47ea3944e77415745e2650,033833a1647685ecd6b012db9b6ca88b76c0048783008491f45ea30ae2241a93,PLANNED
89e698b5946b10c5bad1793a9f03eaf9f9e532ac3964114cbfd10eccc199ad30,qTXrSRHHR2M,ncaa_basketball,ncaa_basketball|auburn vs duke full game replay 2024 25 acc men s basketb,ncaa_basketball__qTXrSRHHR2M_s2262.mp4,10,0.909091,118.083111,118.084633,11.928589,1280,720,1.0,C:\Users\neelj\g400_receiver\sheets\89e698b5946b.jpg,1b07cc099a66ffc17ce113fda58f41ed3cd97b080af302d72707d9023ee806f1,89e698b5946b10c5bad1793a9f03eaf9f9e532ac3964114cbfd10eccc199ad30,PLANNED
057f9368228506e76a63dc008a03a35ae7d32f64db094895aca4677a9b994b96,IpR4pT8iN0Y,ncaa_basketball,ncaa_basketball|north carolina vs duke full game replay 2025 26 acc men s,ncaa_basketball__IpR4pT8iN0Y_s1261.mp4,1,0.090909,7.078278,7.073733,,1280,720,1.0,C:\Users\neelj\g400_receiver\sheets\057f93682285.jpg,7187eaa85da7638861906cf0ac8d9ce7be0e5f393d86201f96352fc4ee05df3f,057f9368228506e76a63dc008a03a35ae7d32f64db094895aca4677a9b994b96,PLANNED
9736ef960c3923b11f5eddf9229b63e9da2df81cf41d43be3fbdfd864a47762f,IpR4pT8iN0Y,ncaa_basketball,ncaa_basketball|north carolina vs duke full game replay 2025 26 acc men s,ncaa_basketball__IpR4pT8iN0Y_s1261.mp4,2,0.181818,19.378444,19.386033,12.3123,1280,720,1.0,C:\Users\neelj\g400_receiver\sheets\9736ef960c39.jpg,3912c79a0aabdf245e0e9d7b373d34c887e0d96b399d57154cada936e7b91302,9736ef960c3923b11f5eddf9229b63e9da2df81cf41d43be3fbdfd864a47762f,PLANNED
821552787edc89400e99ded12330281db58db96a6cfd82ea0fed7b33bcc4a7c1,IpR4pT8iN0Y,ncaa_basketball,ncaa_basketball|north carolina vs duke full game replay 2025 26 acc men s,ncaa_basketball__IpR4pT8iN0Y_s1261.mp4,3,0.272727,31.678611,31.664967,12.278934,1280,720,1.0,C:\Users\neelj\g400_receiver\sheets\821552787edc.jpg,301364a06b6265f0d24b2e665bc5abcae74aa822be588f0052551991a7de99bd,821552787edc89400e99ded12330281db58db96a6cfd82ea0fed7b33bcc4a7c1,PLANNED
dfa1d06ff17189ab63515da917c88feeb924ff8b8a7ed77be3664bce3b03ac41,IpR4pT8iN0Y,ncaa_basketball,ncaa_basketball|north carolina vs duke full game replay 2025 26 acc men s,ncaa_basketball__IpR4pT8iN0Y_s1261.mp4,4,0.363636,43.978778,43.977267,12.3123,1280,720,1.0,C:\Users\neelj\g400_receiver\sheets\dfa1d06ff171.jpg,683ba9e59a5eb468c521276b73e689854f05ef3c1f58b08ef1dcde2fac8ee408,dfa1d06ff17189ab63515da917c88feeb924ff8b8a7ed77be3664bce3b03ac41,PLANNED
887f21c26908153a4896f86be828a201ada27fc13a565b0ba315b3ad1229e999,IpR4pT8iN0Y,ncaa_basketball,ncaa_basketball|north carolina vs duke full game replay 2025 26 acc men s,ncaa_basketball__IpR4pT8iN0Y_s1261.mp4,5,0.454545,56.278944,56.272878,12.295611,1280,720,1.0,C:\Users\neelj\g400_receiver\sheets\887f21c26908.jpg,e5c96b7112f9cf3847d05267e48035b853685471c305670aa2336cbdfb8182d1,887f21c26908153a4896f86be828a201ada27fc13a565b0ba315b3ad1229e999,PLANNED
b5281f2aae8f83eee50a0fe9905c1dedd3a479a1d2937e1a6c937611ff042ac5,IpR4pT8iN0Y,ncaa_basketball,ncaa_basketball|north carolina vs duke full game replay 2025 26 acc men s,ncaa_basketball__IpR4pT8iN0Y_s1261.mp4,6,0.545455,68.579111,68.585178,12.3123,1280,720,1.0,C:\Users\neelj\g400_receiver\sheets\b5281f2aae8f.jpg,680eb2cb7d605721b49e06d6d3aad66378d36c934eda5dde3ce4f181e924f6bc,b5281f2aae8f83eee50a0fe9905c1dedd3a479a1d2937e1a6c937611ff042ac5,PLANNED
3b83fd3eaec9c02eb91ddf50fa35750aaa489c1487f4d8b5f25069b98bd3aa7c,IpR4pT8iN0Y,ncaa_basketball,ncaa_basketball|north carolina vs duke full game replay 2025 26 acc men s,ncaa_basketball__IpR4pT8iN0Y_s1261.mp4,7,0.636364,80.879277,80.8808,12.295622,1280,720,1.0,C:\Users\neelj\g400_receiver\sheets\3b83fd3eaec9.jpg,3eb4d49968041d4fe9b4e12c2c3a1f678de5a99b9a410e7bb6b33cd9de2c5318,3b83fd3eaec9c02eb91ddf50fa35750aaa489c1487f4d8b5f25069b98bd3aa7c,PLANNED
82cec948f4729abc5df8507fd0f6d2312b681ba750547a9d873b56aefc0ed993,IpR4pT8iN0Y,ncaa_basketball,ncaa_basketball|north carolina vs duke full game replay 2025 26 acc men s,ncaa_basketball__IpR4pT8iN0Y_s1261.mp4,8,0.727273,93.179444,93.176411,12.295611,1280,720,1.0,C:\Users\neelj\g400_receiver\sheets\82cec948f472.jpg,4fc155f36bea61f6a45b0411dfaf3ea20defc48ec5a2cef0150ae350b8c59b26,82cec948f4729abc5df8507fd0f6d2312b681ba750547a9d873b56aefc0ed993,PLANNED
696374ca92ec0580b25d58de20d255ad1863fec71f6278563bad5b772e81156d,IpR4pT8iN0Y,ncaa_basketball,ncaa_basketball|north carolina vs duke full game replay 2025 26 acc men s,ncaa_basketball__IpR4pT8iN0Y_s1261.mp4,9,0.818182,105.479611,105.472033,12.295622,1280,720,1.0,C:\Users\neelj\g400_receiver\sheets\696374ca92ec.jpg,3637aa60dc00426cb876428ebd0893b47be0ff7257a62cc2ae361afdec6e865e,696374ca92ec0580b25d58de20d255ad1863fec71f6278563bad5b772e81156d,PLANNED
d1ac37761905262966fc5502cbf8c94da5c522ec47f13c45d3b45211424a0b1f,IpR4pT8iN0Y,ncaa_basketball,ncaa_basketball|north carolina vs duke full game replay 2025 26 acc men s,ncaa_basketball__IpR4pT8iN0Y_s1261.mp4,10,0.909091,117.779777,117.784333,12.3123,1280,720,1.0,C:\Users\neelj\g400_receiver\sheets\d1ac37761905.jpg,1af5fbc0c880fac262306ec89e40488db9c50420a5da21ba00f737e29a581042,d1ac37761905262966fc5502cbf8c94da5c522ec47f13c45d3b45211424a0b1f,PLANNED
2f817c74f8463b628ed68f6f047b9035b6c61aa90f14c2342718530c31c25e3d,FyMWTVsJvv8,ncaa_basketball,ncaa_basketball|texas tech vs houston full game replay 1 6 26 2025 26 b,ncaa_basketball__FyMWTVsJvv8_s1504.mp4,1,0.090909,9.453384,9.459456,,1280,720,1.0,C:\Users\neelj\g400_receiver\sheets\2f817c74f846.jpg,c4ff7752b76439f12424754de9a5789577ecbad82e73dfa0fc4357d4485efa88,2f817c74f8463b628ed68f6f047b9035b6c61aa90f14c2342718530c31c25e3d,PLANNED
b5a9dcc2e063512c527695be0a46eea30067c282db5afbf11b190aacb3b2e484,FyMWTVsJvv8,ncaa_basketball,ncaa_basketball|texas tech vs houston full game replay 1 6 26 2025 26 b,ncaa_basketball__FyMWTVsJvv8_s1504.mp4,2,0.181818,21.509368,21.504822,12.045366,1280,720,1.0,C:\Users\neelj\g400_receiver\sheets\b5a9dcc2e063.jpg,6b2bdd4e241077b9cf9eed7fba18febe4c1bc1a9870a06a301b9ac1fedbfaadb,b5a9dcc2e063512c527695be0a46eea30067c282db5afbf11b190aacb3b2e484,PLANNED
f700a392832b9ca46fa4bfc4cbc33110475609f09c6693d1fe848577b24d9f1a,FyMWTVsJvv8,ncaa_basketball,ncaa_basketball|texas tech vs houston full game replay 1 6 26 2025 26 b,ncaa_basketball__FyMWTVsJvv8_s1504.mp4,3,0.272727,33.565351,33.566867,12.062045,1280,720,1.0,C:\Users\neelj\g400_receiver\sheets\f700a392832b.jpg,0f5794cfda98cc3cd2b821eae63b9d3e6045d192d4606105cefc624e43c2b329,f700a392832b9ca46fa4bfc4cbc33110475609f09c6693d1fe848577b24d9f1a,PLANNED
afc32e4ed66499a00d4591dab2719a8a279a1ffd16638ce9a9f151b33a1bb3d6,FyMWTVsJvv8,ncaa_basketball,ncaa_basketball|texas tech vs houston full game replay 1 6 26 2025 26 b,ncaa_basketball__FyMWTVsJvv8_s1504.mp4,4,0.363636,45.621335,45.628922,12.062055,1280,720,1.0,C:\Users\neelj\g400_receiver\sheets\afc32e4ed664.jpg,b66cb839b352101492c29d6cffcadd28c9834c87fe00e23db0dd1db1ff5aa2bf,afc32e4ed66499a00d4591dab2719a8a279a1ffd16638ce9a9f151b33a1bb3d6,PLANNED
402452c0bd4481abfd47680d03895cc399cb7556acb83ffd335c5c88d161dbb5,FyMWTVsJvv8,ncaa_basketball,ncaa_basketball|texas tech vs houston full game replay 1 6 26 2025 26 b,ncaa_basketball__FyMWTVsJvv8_s1504.mp4,5,0.454545,57.677319,57.674289,12.045367,1280,720,1.0,C:\Users\neelj\g400_receiver\sheets\402452c0bd44.jpg,d34af947199c9f36cb11cb37410da1cca7d383b7abdfa8319602c004db448ef1,402452c0bd4481abfd47680d03895cc399cb7556acb83ffd335c5c88d161dbb5,PLANNED
70536d53a8070ebc6e8b53f6f8437b8bef0845236dd94f69e87deb8e0e4407f1,FyMWTVsJvv8,ncaa_basketball,ncaa_basketball|texas tech vs houston full game replay 1 6 26 2025 26 b,ncaa_basketball__FyMWTVsJvv8_s1504.mp4,6,0.545455,69.733303,69.736333,12.062044,1280,720,1.0,C:\Users\neelj\g400_receiver\sheets\70536d53a807.jpg,b0167286ef2556876d170b57ae30344137480af00509f4028ae2ebcb31ad4294,70536d53a8070ebc6e8b53f6f8437b8bef0845236dd94f69e87deb8e0e4407f1,PLANNED
1b70bb1d3efc9bd6175193869b6efe7b9116524ec3a5d285365a2e894608fe7e,FyMWTVsJvv8,ncaa_basketball,ncaa_basketball|texas tech vs houston full game replay 1 6 26 2025 26 b,ncaa_basketball__FyMWTVsJvv8_s1504.mp4,7,0.636364,81.789287,81.7817,12.045367,1280,720,1.0,C:\Users\neelj\g400_receiver\sheets\1b70bb1d3efc.jpg,dce622e38ccb4a1b7b5bd70dadb4930c4f1b008a7096814ac9981ff9bb036d07,1b70bb1d3efc9bd6175193869b6efe7b9116524ec3a5d285365a2e894608fe7e,PLANNED
251228393c783d5ba6bd79674edcee42ebce3bd46c56031aa2414be2fbdf9aca,FyMWTVsJvv8,ncaa_basketball,ncaa_basketball|texas tech vs houston full game replay 1 6 26 2025 26 b,ncaa_basketball__FyMWTVsJvv8_s1504.mp4,8,0.727273,93.845271,93.843756,12.062056,1280,720,1.0,C:\Users\neelj\g400_receiver\sheets\251228393c78.jpg,7848a2d17178349d295ce386809a4e708c0bc3948b194e79a3a3b588d6ab613f,251228393c783d5ba6bd79674edcee42ebce3bd46c56031aa2414be2fbdf9aca,PLANNED
3734d91b275a7ae11088e8a4dd664b50d3190e66819a23149831b2bce9fb53f5,FyMWTVsJvv8,ncaa_basketball,ncaa_basketball|texas tech vs houston full game replay 1 6 26 2025 26 b,ncaa_basketball__FyMWTVsJvv8_s1504.mp4,9,0.818182,105.901254,105.9058,12.062044,1280,720,1.0,C:\Users\neelj\g400_receiver\sheets\3734d91b275a.jpg,91fb9738be01e25fa04abc880f2b93f349f801449a9ab6829d1ea2f60f947f17,3734d91b275a7ae11088e8a4dd664b50d3190e66819a23149831b2bce9fb53f5,PLANNED
0e65af112bdfe9412638ae3f999de34495aef752ac5d84c1e28163428a6d777a,FyMWTVsJvv8,ncaa_basketball,ncaa_basketball|texas tech vs houston full game replay 1 6 26 2025 26 b,ncaa_basketball__FyMWTVsJvv8_s1504.mp4,10,0.909091,117.957238,117.951167,12.045367,1280,720,1.0,C:\Users\neelj\g400_receiver\sheets\0e65af112bdf.jpg,801b6b201517a3869fe48c4783b59ce90b9ef839b583391cbf5fe3a637dfb233,0e65af112bdfe9412638ae3f999de34495aef752ac5d84c1e28163428a6d777a,PLANNED
d11b27ae54298c06cb64941c92e5ae8a7f384e4a7bad3d21626b9998db2d01be,KZK9rv9TnGE,ncaa_basketball,ncaa_basketball|texas vs duke full game replay 2025 26 acc men s basketb,ncaa_basketball__KZK9rv9TnGE_s2858.mp4,1,0.090909,9.439728,9.442767,,1280,720,1.0,C:\Users\neelj\g400_receiver\sheets\d11b27ae5429.jpg,4e5a391e2ea3718f163377f50f1e58611c313ab8993fc606885baf97d056808c,d11b27ae54298c06cb64941c92e5ae8a7f384e4a7bad3d21626b9998db2d01be,PLANNED
23126846d301b261a52282ccc987e78fae9aed7ebfac275d7ce7eab77f1e7a39,KZK9rv9TnGE,ncaa_basketball,ncaa_basketball|texas vs duke full game replay 2025 26 acc men s basketb,ncaa_basketball__KZK9rv9TnGE_s2858.mp4,2,0.181818,21.498745,21.504811,12.062044,1280,720,1.0,C:\Users\neelj\g400_receiver\sheets\23126846d301.jpg,ed0be73adeca2b5a75bfea3a6344ed87b0169268f386646db63e62ec7b597465,23126846d301b261a52282ccc987e78fae9aed7ebfac275d7ce7eab77f1e7a39,PLANNED
14e9395b630c30d73d0fb8cef241204ce2d0b195cfe45d957e5d2f9794d57625,KZK9rv9TnGE,ncaa_basketball,ncaa_basketball|texas vs duke full game replay 2025 26 acc men s basketb,ncaa_basketball__KZK9rv9TnGE_s2858.mp4,3,0.272727,33.557763,33.550178,12.045367,1280,720,1.0,C:\Users\neelj\g400_receiver\sheets\14e9395b630c.jpg,3f3460c7725fcfcaf068216edf5902b1238d50d8e7a61b0b88d8b463f2eb8186,14e9395b630c30d73d0fb8cef241204ce2d0b195cfe45d957e5d2f9794d57625,PLANNED
2da3cf59323281dc36c8ac8298cbbc9be63134693707d56a9ff598eda4b2fc99,KZK9rv9TnGE,ncaa_basketball,ncaa_basketball|texas vs duke full game replay 2025 26 acc men s basketb,ncaa_basketball__KZK9rv9TnGE_s2858.mp4,4,0.363636,45.61678,45.612233,12.062055,1280,720,1.0,C:\Users\neelj\g400_receiver\sheets\2da3cf593232.jpg,32dc02b223eacdfef5133b7008dc182e6d37777b07de2955664317580820d170,2da3cf59323281dc36c8ac8298cbbc9be63134693707d56a9ff598eda4b2fc99,PLANNED
7b2b0b4c5f589c1020f27d387b68274f936b53d5e3ae97a745eb0e3c4b4bad2b,KZK9rv9TnGE,ncaa_basketball,ncaa_basketball|texas vs duke full game replay 2025 26 acc men s basketb,ncaa_basketball__KZK9rv9TnGE_s2858.mp4,5,0.454545,57.675797,57.674278,12.062045,1280,720,1.0,C:\Users\neelj\g400_receiver\sheets\7b2b0b4c5f58.jpg,50caa00fd3702099b9bcc13d059dea406c9857f8dee9af629d598847e2c0a33d,7b2b0b4c5f589c1020f27d387b68274f936b53d5e3ae97a745eb0e3c4b4bad2b,PLANNED
20e1896d8372257eff2b0707c8dfed42c6d566c8279638ab276d261d469d3840,KZK9rv9TnGE,ncaa_basketball,ncaa_basketball|texas vs duke full game replay 2025 26 acc men s basketb,ncaa_basketball__KZK9rv9TnGE_s2858.mp4,6,0.545455,69.734814,69.736333,12.062055,1280,720,1.0,C:\Users\neelj\g400_receiver\sheets\20e1896d8372.jpg,a766d15a67bde33116dca78a7f3db1a94e170ab78fd3ea542c5602b42e4116c6,20e1896d8372257eff2b0707c8dfed42c6d566c8279638ab276d261d469d3840,PLANNED
e6384984a6cbf1067b8749ef3d0c1e1e21b9c43ff08bc7aaf099df9ed3591563,KZK9rv9TnGE,ncaa_basketball,ncaa_basketball|texas vs duke full game replay 2025 26 acc men s basketb,ncaa_basketball__KZK9rv9TnGE_s2858.mp4,7,0.636364,81.793831,81.798378,12.062045,1280,720,1.0,C:\Users\neelj\g400_receiver\sheets\e6384984a6cb.jpg,e7b30ce6375e6027fcfa906b132a502935287a5681cd3becb79db32d044daf04,e6384984a6cbf1067b8749ef3d0c1e1e21b9c43ff08bc7aaf099df9ed3591563,PLANNED
07c32f0c1352ce05c4cb92a4491cd21ab57aac9ab36d4d4b9343407bcd22cfdb,KZK9rv9TnGE,ncaa_basketball,ncaa_basketball|texas vs duke full game replay 2025 26 acc men s basketb,ncaa_basketball__KZK9rv9TnGE_s2858.mp4,8,0.727273,93.852848,93.860433,12.062055,1280,720,1.0,C:\Users\neelj\g400_receiver\sheets\07c32f0c1352.jpg,95c3f9d18c88460e42cca831770ed9eb02de4b894b48c196a1ed0a1d987c042a,07c32f0c1352ce05c4cb92a4491cd21ab57aac9ab36d4d4b9343407bcd22cfdb,PLANNED
92ea689eb22dc1bf3641ffce8b8035748ccfe8acaf00a7c0c69d5e88f105bd87,KZK9rv9TnGE,ncaa_basketball,ncaa_basketball|texas vs duke full game replay 2025 26 acc men s basketb,ncaa_basketball__KZK9rv9TnGE_s2858.mp4,9,0.818182,105.911866,105.9058,12.045367,1280,720,1.0,C:\Users\neelj\g400_receiver\sheets\92ea689eb22d.jpg,c9282a37e423f9e202b8a0269b7779d09357d0b3b8ca3718d848c672b8a3b642,92ea689eb22dc1bf3641ffce8b8035748ccfe8acaf00a7c0c69d5e88f105bd87,PLANNED
5c1f941b461ab9d378b3b79a8639737d8d0c6f08d7f95f75c9ff7442a5bb6f4c,KZK9rv9TnGE,ncaa_basketball,ncaa_basketball|texas vs duke full game replay 2025 26 acc men s basketb,ncaa_basketball__KZK9rv9TnGE_s2858.mp4,10,0.909091,117.970883,117.967844,12.062044,1280,720,1.0,C:\Users\neelj\g400_receiver\sheets\5c1f941b461a.jpg,bd019c2409edc73ebe0d9f28c188ea7ddeaeda8678d673174e21e0f7d453c9f1,5c1f941b461ab9d378b3b79a8639737d8d0c6f08d7f95f75c9ff7442a5bb6f4c,PLANNED
5111d6d51460f7a73541ddc95d3c38af4db0c4ae692cb48ae2e84f27451916a3,5zMtHtfCzpI,wnba,wnba|chicago sky vs washington mystics full game aug 5 2025,wnba__5zMtHtfCzpI_s1650.mp4,1,0.090909,11.245455,11.233333,,1920,1080,1.0,C:\Users\neelj\g400_receiver\sheets\5111d6d51460.jpg,1281b6a1d5f83a22abd8a9a7f303c1ed7a77402241d2768d2d25f6debb34e509,5111d6d51460f7a73541ddc95d3c38af4db0c4ae692cb48ae2e84f27451916a3,PLANNED
e2f13458a4da189c4f35e5921064dac9d5d5b2dabb0b97f3478be899c1283237,5zMtHtfCzpI,wnba,wnba|chicago sky vs washington mystics full game aug 5 2025,wnba__5zMtHtfCzpI_s1650.mp4,2,0.181818,23.124243,23.133333,11.9,1920,1080,1.0,C:\Users\neelj\g400_receiver\sheets\e2f13458a4da.jpg,c6d825227562f472792f878ce75e903435bb1446afe1ae7927bc66f18e090402,e2f13458a4da189c4f35e5921064dac9d5d5b2dabb0b97f3478be899c1283237,PLANNED
ba4aa208e59bd1509d8df869245e45774e0707c40b4c93f6e3417a11584bb231,5zMtHtfCzpI,wnba,wnba|chicago sky vs washington mystics full game aug 5 2025,wnba__5zMtHtfCzpI_s1650.mp4,3,0.272727,35.00303,35.0,11.866667,1920,1080,1.0,C:\Users\neelj\g400_receiver\sheets\ba4aa208e59b.jpg,76c88b35033a484776ebd623a38287cfbb3282e8176024febd635bdd40a829bf,ba4aa208e59bd1509d8df869245e45774e0707c40b4c93f6e3417a11584bb231,PLANNED
b888ced10748dd34b7e68635607cdc46c37de826469c692ae874ccdfbc9c6252,5zMtHtfCzpI,wnba,wnba|chicago sky vs washington mystics full game aug 5 2025,wnba__5zMtHtfCzpI_s1650.mp4,4,0.363636,46.881818,46.866667,11.866667,1920,1080,1.0,C:\Users\neelj\g400_receiver\sheets\b888ced10748.jpg,20e7307a1eb9482a2ce221cc27cbf053299d2561380b55019a74f93f63fecba8,b888ced10748dd34b7e68635607cdc46c37de826469c692ae874ccdfbc9c6252,PLANNED
770cf3fbcf91631b945b49c08496481c7a0c90cf861eb1a81d323767d09c3f2b,5zMtHtfCzpI,wnba,wnba|chicago sky vs washington mystics full game aug 5 2025,wnba__5zMtHtfCzpI_s1650.mp4,5,0.454545,58.760606,58.766667,11.9,1920,1080,1.0,C:\Users\neelj\g400_receiver\sheets\770cf3fbcf91.jpg,60b64fdb0c65ab81726eaf7572bde189afb062c53c0521a1b7c32119b57c40fc,770cf3fbcf91631b945b49c08496481c7a0c90cf861eb1a81d323767d09c3f2b,PLANNED
559d7f1ca444d5a732caec2fd5cc5fa02c76e56f9485be738988670d47269888,5zMtHtfCzpI,wnba,wnba|chicago sky vs washington mystics full game aug 5 2025,wnba__5zMtHtfCzpI_s1650.mp4,6,0.545455,70.639394,70.633333,11.866666,1920,1080,1.0,C:\Users\neelj\g400_receiver\sheets\559d7f1ca444.jpg,3f5ac749bea889813fa24f38803bdefdef1fe49d558018c204b971212ba313d3,559d7f1ca444d5a732caec2fd5cc5fa02c76e56f9485be738988670d47269888,PLANNED
0b80a9c5446c2dc44a2af9e5c777885937a1a9c1d9d58c15544948b2974409d9,5zMtHtfCzpI,wnba,wnba|chicago sky vs washington mystics full game aug 5 2025,wnba__5zMtHtfCzpI_s1650.mp4,7,0.636364,82.518182,82.533333,11.9,1920,1080,1.0,C:\Users\neelj\g400_receiver\sheets\0b80a9c5446c.jpg,5d7a5acaceefdc7dc21b1371db099b916e5aabb7963ab86d0a0ef6a7e6cbd749,0b80a9c5446c2dc44a2af9e5c777885937a1a9c1d9d58c15544948b2974409d9,PLANNED
23948de4dd821a4e9adb6818455fb08ca614837b062b7748b4972937576782fd,5zMtHtfCzpI,wnba,wnba|chicago sky vs washington mystics full game aug 5 2025,wnba__5zMtHtfCzpI_s1650.mp4,8,0.727273,94.39697,94.4,11.866667,1920,1080,1.0,C:\Users\neelj\g400_receiver\sheets\23948de4dd82.jpg,7230db287d8d3910ffeb3a659c4f2c5e9d4bb38743805d86aaddc0b4b4bb7da3,23948de4dd821a4e9adb6818455fb08ca614837b062b7748b4972937576782fd,PLANNED
d8103b8dab155f40ca7446588675e0252e5a73238d25b3a64fea21f828d7a647,5zMtHtfCzpI,wnba,wnba|chicago sky vs washington mystics full game aug 5 2025,wnba__5zMtHtfCzpI_s1650.mp4,9,0.818182,106.275757,106.266667,11.866667,1920,1080,1.0,C:\Users\neelj\g400_receiver\sheets\d8103b8dab15.jpg,366bb3182c0ead41caaea944495c611d641d25b47081b1d7a8eaf0f6cbc34142,d8103b8dab155f40ca7446588675e0252e5a73238d25b3a64fea21f828d7a647,PLANNED
27a074d54a0a7ed8d11d11ef1de81465e6f0d8864a1bd80a1b09199188c60823,5zMtHtfCzpI,wnba,wnba|chicago sky vs washington mystics full game aug 5 2025,wnba__5zMtHtfCzpI_s1650.mp4,10,0.909091,118.154545,118.166667,11.9,1920,1080,1.0,C:\Users\neelj\g400_receiver\sheets\27a074d54a0a.jpg,88486268608369fa966809bec34e5ed704092353124701e4201eeeaed2a79680,27a074d54a0a7ed8d11d11ef1de81465e6f0d8864a1bd80a1b09199188c60823,PLANNED
