{
  "accuracy": 0.6919945725915875,
  "brier": 0.20429236661312802,
  "n_games": 3685,
  "seasons": [
    "2022-23",
    "2023-24",
    "2024-25"
  ]
}