{
  "accuracy": 0.6702849389416553,
  "brier": 0.2086281796920839,
  "n_games": 3685,
  "seasons": [
    "2022-23",
    "2023-24",
    "2024-25"
  ]
}