frame,timestamp,player_id,team,x_position,y_position,x_norm,y_norm,velocity,acceleration,direction_deg,court_zone,ball_possession,distance_to_ball,nearest_opponent,nearest_teammate,event,team_spacing,spacing_hull_area,team_centroid_x,team_centroid_y,paint_count_own,paint_count_opp,possession_side,handler_isolation,bbox_x1,bbox_y1,bbox_x2,bbox_y2,ball_x2d,ball_y2d,ball_velocity,distance_to_basket,vel_toward_basket,drive_flag,ft_x,ft_y,dist_to_basket_ft,fast_break_flag,possession_id,possession_duration,confidence,play_type,paint_touches,off_ball_distance,shot_clock_est,scoreboard_shot_clock,scoreboard_game_clock,scoreboard_period,scoreboard_score_diff,scoreboard_confidence,possession_duration_sec,possession_type,ankle_x,ankle_y,contest_arm_angle,jump_detected,dribble_hand,ball_shot_arc_angle,ball_peak_height_px,ball_pass_speed_pxpf,player_name,jersey_number,team_abbrev,dribble_count,lineup_id,homography_valid,position_source,source_branch,matched_event_id,coordinate_space,observation,calibration
930,15.5,1,green,1528,1276,0.4489,0.7458,0.0,0.0,0.0,backcourt,0,,,,none,,,1528.0,1276.0,0,0,,,851.0,270.0,971.0,538.0,,,0.0,39.7,0.0,0,42.2,37.29,38.94,0,0,0,1.0,unclassified,0,0.0,8.5,,,3,,0.0,0.0,half_court,,,0.0,0,unknown,,,0.0,green#?,,,0,1,1,DETECTION,src/tracking/advanced_tracker.py:_activate_slot,930_270_851_538_971,image_px,observed,none
936,15.6,1,green,1598,1280,0.4694,0.7481,11.69,11.69,3.3,backcourt,0,,,,none,,,1598.0,1280.0,0,0,,,851.0,270.0,970.0,539.0,,,0.0,41.6,-11.38,0,44.13,37.41,40.81,0,0,0,1.0,unclassified,0,0.0,8.4,,,3,,0.0,0.1,half_court,,,0.0,0,unknown,,,0.2357022603955158,green#?,,,0,1,1,DETECTION,src/tracking/advanced_tracker.py:_activate_slot,936_270_851_539_970,image_px,observed,none
942,15.7,6,white,1598,1280,0.4694,0.7481,0.0,0.0,0.0,backcourt,0,,9.1,,none,,,1598.0,1280.0,0,0,,,851.0,270.0,969.0,539.0,,,0.0,41.6,0.0,0,44.13,37.41,40.81,0,0,0,1.0,unclassified,0,0.0,8.3,,,3,,0.0,0.2,half_court,,,0.0,0,unknown,,,0.1666666666666666,white#?,,,0,2,1,DETECTION,src/tracking/advanced_tracker.py:_activate_slot,942_270_851_539_969,image_px,observed,none
942,15.7,1,green,1926,1250,0.5658,0.7306,54.89,43.2,354.8,backcourt,0,,9.1,,none,,,1926.0,1250.0,0,0,,,850.74725,270.25275,969.83417,539.16583,,,0.0,38.2,53.82,0,53.19,36.53,37.39,0,0,0,0.933,unclassified,0,0.0,8.3,,,3,,0.0,0.2,half_court,,,0.0,0,unknown,,,0.1666666666666666,green#?,,,0,2,1,PREDICTION,src/tracking/advanced_tracker.py:kalman_homography,,image_px,observed,none
948,15.8,6,white,1651,1285,0.485,0.751,8.87,8.87,5.4,backcourt,0,,7.7,,none,,,1651.0,1285.0,0,0,,,850.0,270.0,968.0,539.0,,,0.0,43.0,-8.72,0,45.59,37.55,42.25,0,0,0,1.0,unclassified,0,0.0,8.2,,,3,,0.0,0.3,half_court,,,0.0,0,unknown,,,0.1666666666666666,white#?,,,0,2,1,DETECTION,src/tracking/advanced_tracker.py:_activate_slot,948_270_850_539_968,image_px,observed,none
948,15.8,1,green,1926,1250,0.5658,0.7306,0.0,-54.89,0.0,backcourt,0,,7.7,,none,,,1926.0,1250.0,0,0,,,850.5147,270.4853,969.6016,539.3984,,,0.0,38.2,0.0,0,53.19,36.53,37.39,0,0,0,0.867,unclassified,0,0.0,8.2,,,3,,0.0,0.3,half_court,,,0.0,0,unknown,,,0.1666666666666666,green#?,,,0,2,1,SUBPIXEL,src/pipeline/unified_pipeline.py:subpixel_hold,,image_px,observed,none
954,15.9,1,green,1651,1285,0.485,0.751,46.2,46.2,172.7,backcourt,0,,0.0,,none,,,1651.0,1285.0,0,0,,,850.0,270.0,968.0,539.0,,,0.0,43.0,42.45,0,45.59,37.55,42.25,0,0,0,1.0,unclassified,0,0.0,8.1,,,3,,0.0,0.4,half_court,,,0.0,0,unknown,,,0.0,green#?,,,0,2,1,DETECTION,src/tracking/advanced_tracker.py:_activate_slot,954_270_850_539_968,image_px,observed,none
954,15.9,6,white,1651,1285,0.485,0.751,0.0,-8.87,0.0,backcourt,0,,0.0,,none,,,1651.0,1285.0,0,0,,,849.5814,270.0,967.5814,539.0,,,0.0,43.0,0.0,0,45.59,37.55,42.25,0,0,0,0.933,unclassified,0,0.0,8.1,,,3,,0.0,0.4,half_court,,,0.0,0,unknown,,,0.0,white#?,,,0,2,1,CLAMP,src/pipeline/unified_pipeline.py:jump_clamp,,image_px,observed,none
960,16.0,1,green,1598,1280,0.4694,0.7481,8.87,-37.33,185.4,backcourt,0,,1.5,,none,,,1598.0,1280.0,0,0,,,850.0,270.0,970.0,539.0,,,0.0,41.6,8.71,0,44.13,37.41,40.81,0,0,0,1.0,unclassified,0,0.0,8.0,,,3,,0.0,0.5,half_court,,,0.0,0,unknown,,,0.0,green#?,,,0,2,1,DETECTION,src/tracking/advanced_tracker.py:_activate_slot,960_270_850_539_970,image_px,observed,none
960,16.0,6,white,1651,1285,0.485,0.751,0.0,0.0,0.0,backcourt,0,,1.5,,none,,,1651.0,1285.0,0,0,,,849.11633,270.0,967.11633,539.0,,,0.0,43.0,0.0,0,45.59,37.55,42.25,0,0,0,0.867,unclassified,0,0.0,8.0,,,3,,0.0,0.5,half_court,,,0.0,0,unknown,,,0.0,white#?,,,0,2,1,CLAMP,src/pipeline/unified_pipeline.py:jump_clamp,,image_px,observed,none
966,16.1,1,green,1617,1278,0.475,0.7469,3.18,-5.69,354.0,backcourt,0,,1.0,,none,,,1617.0,1278.0,0,0,,,850.0,270.0,970.0,540.0,,,0.0,42.1,-2.95,0,44.65,37.35,41.29,0,0,0,1.0,unclassified,0,0.0,7.899999999999999,,,3,,0.0,0.6,half_court,,,0.0,0,unknown,,,0.0,green#?,,,0,2,1,DETECTION,src/tracking/advanced_tracker.py:_activate_slot,966_270_850_540_970,image_px,observed,none
966,16.1,6,white,1651,1285,0.485,0.751,0.0,0.0,0.0,backcourt,0,,1.0,,none,,,1651.0,1285.0,0,0,,,848.65125,270.0,966.65125,539.0,,,0.0,43.0,0.0,0,45.59,37.55,42.25,0,0,0,0.8,unclassified,0,0.0,7.899999999999999,,,3,,0.0,0.6,half_court,,,0.0,0,unknown,,,0.0,white#?,,,0,2,1,CLAMP,src/pipeline/unified_pipeline.py:jump_clamp,,image_px,observed,none
972,16.2,1,green,1690,1282,0.4965,0.7493,12.18,9.0,3.1,backcourt,0,,1.1,,none,,,1690.0,1282.0,0,0,,,850.0,270.0,968.0,541.0,,,0.0,44.0,-11.9,0,46.67,37.46,43.25,0,0,0,1.0,unclassified,0,0.0,7.800000000000001,,,3,,0.0,0.7,half_court,,,0.0,0,unknown,-20.55604521958261,231.13541666666663,0.0,green#?,,,0,2,1,DETECTION,src/tracking/advanced_tracker.py:_activate_slot,972_270_850_541_968,image_px,observed,none
972,16.2,6,white,1651,1285,0.485,0.751,0.0,0.0,0.0,backcourt,0,,1.1,,none,,,1651.0,1285.0,0,0,,,848.18616,270.0,966.18616,539.0,,,0.0,43.0,0.0,0,45.59,37.55,42.25,0,0,0,0.733,unclassified,0,0.0,7.800000000000001,,,3,,0.0,0.7,half_court,,,0.0,0,unknown,-20.55604521958261,231.13541666666663,0.0,white#?,,,0,2,1,CLAMP,src/pipeline/unified_pipeline.py:jump_clamp,,image_px,observed,none
978,16.3,1,green,1788,1284,0.5253,0.7504,16.34,4.16,1.2,backcourt,0,,3.8,,none,,,1788.0,1284.0,0,0,,,850.0,271.0,967.0,543.0,,,0.0,42.1,15.58,0,49.37,37.52,41.32,0,0,0,1.0,unclassified,0,0.0,7.699999999999999,,,3,,0.0,0.8,half_court,,,0.0,0,unknown,-25.866356794097065,231.18181818181804,0.1666666666666666,green#?,,,0,2,1,DETECTION,src/tracking/advanced_tracker.py:_activate_slot,978_271_850_543_967,image_px,observed,none
978,16.3,6,white,1651,1285,0.485,0.751,0.0,0.0,0.0,backcourt,0,,3.8,,none,,,1651.0,1285.0,0,0,,,847.72107,270.0,965.72107,539.0,,,0.0,43.0,0.0,0,45.59,37.55,42.25,0,0,0,0.667,unclassified,0,0.0,7.699999999999999,,,3,,0.0,0.8,half_court,,,0.0,0,unknown,-25.866356794097065,231.18181818181804,0.1666666666666666,white#?,,,0,2,1,CLAMP,src/pipeline/unified_pipeline.py:jump_clamp,,image_px,observed,none
984,16.4,1,green,1731,1278,0.5085,0.7469,9.55,-6.79,186.0,backcourt,0,,2.2,,none,,,1731.0,1278.0,0,0,,,851.0,271.0,967.0,543.0,,,0.0,43.6,-8.89,0,47.8,37.35,42.77,0,0,0,1.0,unclassified,0,0.0,7.600000000000001,,,3,,0.0,0.9,half_court,,,0.0,0,unknown,-23.501739957362854,231.14598484848483,0.0,green#?,,,0,2,1,DETECTION,src/tracking/advanced_tracker.py:_activate_slot,984_271_851_543_967,image_px,observed,none
984,16.4,6,white,1651,1285,0.485,0.751,0.0,0.0,0.0,backcourt,0,,2.2,,none,,,1651.0,1285.0,0,0,,,847.256,270.0,965.256,539.0,,,0.0,43.0,0.0,0,45.59,37.55,42.25,0,0,0,0.6,unclassified,0,0.0,7.600000000000001,,,3,,0.0,0.9,half_court,,,0.0,0,unknown,-23.501739957362854,231.14598484848483,0.0,white#?,,,0,2,1,CLAMP,src/pipeline/unified_pipeline.py:jump_clamp,,image_px,observed,none
990,16.5,1,green,1731,1278,0.5085,0.7469,0.0,-9.55,0.0,backcourt,0,,2.2,,none,,,1731.0,1278.0,0,0,,,851.0,271.0,967.0,543.0,,,0.0,43.6,0.0,0,47.8,37.35,42.77,0,0,0,1.0,unclassified,0,0.0,7.5,,,3,,0.0,1.0,half_court,,,0.0,0,unknown,-18.998024366847623,231.0691072261072,0.0,green#?,,,0,2,1,SUBPIXEL,src/pipeline/unified_pipeline.py:subpixel_hold,,image_px,observed,none
990,16.5,6,white,1651,1285,0.485,0.751,0.0,0.0,0.0,backcourt,0,,2.2,,none,,,1651.0,1285.0,0,0,,,846.7909,270.0,964.7909,539.0,,,0.0,43.0,0.0,0,45.59,37.55,42.25,0,0,0,0.533,unclassified,0,0.0,7.5,,,3,,0.0,1.0,half_court,,,0.0,0,unknown,-18.998024366847623,231.0691072261072,0.0,white#?,,,0,2,1,CLAMP,src/pipeline/unified_pipeline.py:jump_clamp,,image_px,observed,none
996,16.6,1,green,1731,1278,0.5085,0.7469,0.0,0.0,0.0,backcourt,0,,1.3,,none,,,1731.0,1278.0,0,0,,,851.0,271.0,967.0,543.0,,,0.0,43.6,0.0,0,47.8,37.35,42.77,0,0,0,1.0,unclassified,0,0.0,7.399999999999999,,,3,,0.0,1.1,half_court,,,0.0,0,unknown,-14.22463828264386,230.9828517071164,0.1666666666666666,green#?,,,0,2,1,SUBPIXEL,src/pipeline/unified_pipeline.py:subpixel_hold,,image_px,observed,none
996,16.6,6,white,1685,1292,0.495,0.7551,5.79,5.79,11.6,backcourt,0,,1.3,,none,,,1685.0,1292.0,0,0,,,846.3258,270.0,964.3258,539.0,,,0.0,44.0,-5.77,0,46.53,37.76,43.21,0,0,0,0.467,unclassified,0,0.0,7.399999999999999,,,3,,0.0,1.1,half_court,,,0.0,0,unknown,-14.22463828264386,230.9828517071164,0.1666666666666666,white#?,,,0,2,1,PREDICTION,src/tracking/advanced_tracker.py:flow_gapfill_batched,,image_px,observed,none
1002,16.7,1,green,1711,1280,0.5026,0.7481,3.35,3.35,174.3,backcourt,0,,,,none,,,1711.0,1280.0,0,0,,,851.0,270.0,967.0,542.0,,,0.0,44.1,-3.3,0,47.25,37.41,43.32,0,0,0,1.0,unclassified,0,0.0,7.300000000000001,,,3,,0.0,1.2,half_court,,,0.0,0,unknown,-9.916526120908207,230.9026806526807,0.1666666666666666,green#?,,,0,1,1,DETECTION,src/tracking/advanced_tracker.py:_activate_slot,1002_270_851_542_967,image_px,observed,none
1008,16.8,1,green,1617,1278,0.475,0.7469,15.67,12.32,181.2,backcourt,0,,,,none,,,1617.0,1278.0,0,0,,,852.0,270.0,968.0,540.0,,,0.0,42.1,15.14,0,44.65,37.35,41.29,0,0,0,1.0,unclassified,0,0.0,7.199999999999999,,,3,,0.0,1.3,half_court,,,0.0,0,unknown,-6.309956508865645,230.836939102564,0.0,green#?,,,0,1,1,DETECTION,src/tracking/advanced_tracker.py:_activate_slot,1008_270_852_540_968,image_px,observed,none
1014,16.9,1,green,1651,1285,0.485,0.751,5.79,-9.88,11.6,backcourt,0,,,,none,,,1651.0,1285.0,0,0,,,852.0,270.0,967.0,539.0,,,0.0,43.0,-5.77,0,45.59,37.55,42.25,0,0,0,1.0,unclassified,0,0.0,7.100000000000001,,,3,,0.0,1.4,half_court,,,0.0,0,unknown,-3.411672068384132,230.7924038461537,0.0,green#?,,,0,1,1,DETECTION,src/tracking/advanced_tracker.py:_activate_slot,1014_270_852_539_967,image_px,observed,none
1020,17.0,1,green,1598,1280,0.4694,0.7481,8.87,3.08,185.4,backcourt,0,,,,none,,,1598.0,1280.0,0,0,,,852.0,271.0,968.0,539.0,,,0.0,41.6,8.71,0,44.13,37.41,40.81,0,0,0,1.0,unclassified,0,0.0,7.0,,,3,,0.0,1.5,half_court,,,0.0,0,unknown,7.501222727044607,229.3194343891392,0.0,green#?,,,0,1,1,DETECTION,src/tracking/advanced_tracker.py:_activate_slot,1020_271_852_539_968,image_px,observed,none
1026,17.1,1,green,1591,1299,0.4674,0.7592,3.37,-5.5,110.2,backcourt,0,,,,none,,,1591.0,1299.0,0,0,,,849.0,271.0,968.0,533.0,,,0.0,41.6,0.18,0,43.93,37.96,40.8,0,0,0,1.0,unclassified,0,0.0,6.899999999999999,,,3,,0.0,1.6,half_court,,,0.0,0,unknown,10.65051141756164,229.92264948287024,0.0,green#?,,,0,1,1,DETECTION,src/tracking/advanced_tracker.py:_activate_slot,1026_271_849_533_968,image_px,observed,none
1032,17.2,1,green,1591,1299,0.4674,0.7592,0.0,-3.37,0.0,backcourt,0,,,,none,,,1591.0,1299.0,0,0,,,824.0,275.0,970.0,541.0,,,0.0,41.6,0.0,0,43.93,37.96,40.8,0,0,0,1.0,unclassified,0,0.0,6.800000000000001,,,3,,0.0,1.7,half_court,,,0.0,0,unknown,12.99022120651989,229.94747495151904,0.0,green#?,,,0,1,1,CLAMP,src/pipeline/unified_pipeline.py:jump_clamp,,image_px,observed,none
1038,17.3,1,green,1591,1299,0.4674,0.7592,0.0,0.0,0.0,backcourt,0,,,,none,,,1591.0,1299.0,0,0,,,829.5834,274.6681,961.27454,540.4164,,,0.0,41.6,0.0,0,43.93,37.96,40.8,0,0,0,0.933,unclassified,0,0.0,6.699999999999999,,,3,,0.0,1.8,half_court,,,0.0,0,unknown,14.186034875868202,229.91035852802668,0.0,green#?,,,0,1,1,CLAMP,src/pipeline/unified_pipeline.py:jump_clamp,,image_px,observed,none
1044,17.4,1,green,1591,1299,0.4674,0.7592,0.0,0.0,0.0,backcourt,0,,,,none,,,1591.0,1299.0,0,0,,,825.1422,275.83453,956.8335,541.5828,,,0.0,41.6,0.0,0,43.93,37.96,40.8,0,0,0,0.867,unclassified,0,0.0,6.600000000000001,,,3,,0.0,1.9,half_court,,,0.0,0,unknown,13.903706423020502,229.87672753716868,0.0,green#?,,,0,1,1,CLAMP,src/pipeline/unified_pipeline.py:jump_clamp,,image_px,observed,none
1056,17.6,1,green,1591,1299,0.4674,0.7592,0.0,0.0,0.0,backcourt,0,,,,none,,,1591.0,1299.0,0,0,,,816.26,278.16742,947.9513,543.9157,,,0.0,41.6,0.0,0,43.93,37.96,40.8,0,0,0,0.733,unclassified,0,0.0,6.399999999999999,,,3,,0.0,2.1,half_court,,,0.0,0,unknown,7.290880273521983,229.9081617647058,0.1666666666666666,green#?,,,0,1,1,CLAMP,src/pipeline/unified_pipeline.py:jump_clamp,,image_px,observed,none
1062,17.7,1,green,1591,1299,0.4674,0.7592,0.0,0.0,0.0,backcourt,0,,,,none,,,1591.0,1299.0,0,0,,,811.819,279.33386,943.51013,545.08215,,,0.0,41.6,0.0,0,43.93,37.96,40.8,0,0,0,0.667,unclassified,0,0.0,6.300000000000001,,,3,,0.0,2.2,half_court,,,0.0,0,unknown,-4.0806123450508853e-13,,0.1666666666666666,green#?,,,0,1,1,CLAMP,src/pipeline/unified_pipeline.py:jump_clamp,,image_px,observed,none
1068,17.8,1,green,1591,1299,0.4674,0.7592,0.0,0.0,0.0,backcourt,0,,,,none,,,1591.0,1299.0,0,0,,,807.3778,280.5003,939.0691,546.2486,,,0.0,41.6,0.0,0,43.93,37.96,40.8,0,0,0,0.6,unclassified,0,0.0,6.199999999999999,,,3,,0.0,2.3,half_court,,,0.0,0,unknown,-9.390977297356837e-13,,0.0,green#?,,,0,1,1,CLAMP,src/pipeline/unified_pipeline.py:jump_clamp,,image_px,observed,none
1074,17.9,1,green,1591,1299,0.4674,0.7592,0.0,0.0,0.0,backcourt,0,,,,none,,,1591.0,1299.0,0,0,,,802.93677,281.66675,934.6279,547.41504,,,0.0,41.6,0.0,0,43.93,37.96,40.8,0,0,0,0.533,unclassified,0,0.0,6.100000000000001,,,3,,0.0,2.4,half_court,,,0.0,0,unknown,7.746260694511484e-13,,0.0,green#?,,,0,1,1,CLAMP,src/pipeline/unified_pipeline.py:jump_clamp,,image_px,observed,none
1080,18.0,1,green,1591,1299,0.4674,0.7592,0.0,0.0,0.0,backcourt,0,,,,none,,,1591.0,1299.0,0,0,,,798.4956,282.8332,930.1869,548.5815,,,0.0,41.6,0.0,0,43.93,37.96,40.8,0,0,0,0.467,unclassified,0,0.0,6.0,,,3,,0.0,2.5,half_court,,,0.0,0,unknown,4.456690493820353,229.90816176470597,0.1666666666666666,green#?,,,0,1,1,CLAMP,src/pipeline/unified_pipeline.py:jump_clamp,,image_px,observed,none
1098,18.3,6,white,1685,1292,0.495,0.7551,0.0,-5.79,0.0,backcourt,0,,,,none,,,1685.0,1292.0,0,0,,,742.0,-12.0,830.0,154.0,,,0.0,44.0,0.0,0,46.53,37.76,43.21,0,0,0,1.0,unclassified,0,0.0,5.699999999999999,,,3,,0.0,2.8,half_court,,,0.0,0,unknown,3.125571360744745,229.9506125244352,0.2357022603955158,white#?,,,0,4,1,CLAMP,src/pipeline/unified_pipeline.py:jump_clamp,,image_px,observed,none
1104,18.4,6,white,1685,1292,0.495,0.7551,0.0,0.0,0.0,backcourt,0,,,,none,,,1685.0,1292.0,0,0,,,742.0,-12.0,830.0,154.0,,,0.0,44.0,0.0,0,46.53,37.76,43.21,0,0,0,0.933,unclassified,0,0.0,5.600000000000001,,,3,,0.0,2.9,half_court,,,0.0,0,unknown,4.107725389151497,229.93943274475797,0.3333333333333333,white#?,,,0,4,1,CLAMP,src/pipeline/unified_pipeline.py:jump_clamp,,image_px,observed,none
1110,18.5,2,green,356,174,0.1046,0.1017,0.0,0.0,0.0,mid_range,0,35.6,21.2,6.7,none,21.8,21.8,535.7,206.3,0,0,left,33.6,456.0,143.0,580.0,368.0,1640.0,77.0,0.0,19.6,0.0,0,9.83,5.08,20.44,0,0,1,1.0,cut,0,0.0,24.0,,,3,,0.0,0.0,half_court,,,0.0,0,unknown,3.5509700183698505,229.95491054309596,0.0,green#?,,,0,5,1,DETECTION,src/tracking/advanced_tracker.py:_activate_slot,1110_143_456_368_580,image_px,observed,none
1110,18.5,4,green,591,116,0.1736,0.0678,0.0,0.0,0.0,3pt_arc,0,29.0,14.6,6.2,none,21.8,21.8,535.7,206.3,0,0,left,33.6,546.0,137.0,728.0,291.0,1640.0,77.0,0.0,23.7,0.0,0,16.32,3.39,24.28,0,0,1,1.0,cut,0,0.0,24.0,,,3,,0.0,0.0,half_court,,,0.0,0,unknown,3.5509700183698505,229.95491054309596,0.0,green#?,,,0,5,1,DETECTION,src/tracking/advanced_tracker.py:_activate_slot,1110_137_546_291_728,image_px,observed,none
1110,18.5,5,green,660,329,0.1939,0.1923,0.0,0.0,0.0,mid_range,0,27.9,14.3,6.2,none,21.8,21.8,535.7,206.3,0,0,left,33.6,610.0,246.0,772.0,540.0,1640.0,77.0,0.0,20.2,0.0,0,18.23,9.61,20.13,0,0,1,1.0,cut,0,0.0,24.0,,,3,,0.0,0.0,half_court,,,0.0,0,unknown,3.5509700183698505,229.95491054309596,0.0,green#?,,,0,5,1,PREDICTION,src/tracking/advanced_tracker.py:id_merge,,image_px,observed,none
1110,18.5,7,white,1121,97,0.3293,0.0567,0.0,0.0,0.0,backcourt,0,14.3,14.3,21.2,none,329.6,329.6,1560.3,545.0,0,0,left,33.6,882.0,-11.0,999.0,269.0,1640.0,77.0,0.0,34.0,0.0,0,30.96,2.83,33.94,0,0,1,1.0,cut,0,0.0,24.0,,,3,,0.0,0.0,half_court,,,0.0,0,unknown,3.5509700183698505,229.95491054309596,0.0,white#?,,,0,5,1,DETECTION,src/tracking/advanced_tracker.py:_activate_slot,1110_-11_882_269_999,image_px,observed,none
1110,18.5,8,white,1875,246,0.5508,0.1438,0.0,0.0,0.0,backcourt,1,8.0,33.6,21.2,none,329.6,329.6,1560.3,545.0,0,0,left,33.6,1229.0,159.0,1295.0,464.0,1640.0,77.0,0.0,41.6,0.0,0,51.78,7.19,41.04,0,0,1,1.0,cut,0,0.0,24.0,,,3,,0.0,0.0,half_court,,,0.0,0,unknown,3.5509700183698505,229.95491054309596,0.0,white#?,,,0,5,1,DETECTION,src/tracking/advanced_tracker.py:_activate_slot,1110_159_1229_464_1295,image_px,observed,none
1110,18.5,6,white,1685,1292,0.495,0.7551,0.0,0.0,0.0,backcourt,0,33.6,38.8,29.4,none,329.6,329.6,1560.3,545.0,0,0,left,33.6,742.0,-12.0,830.0,154.0,1640.0,77.0,0.0,44.0,0.0,0,46.53,37.76,43.21,0,0,1,0.867,cut,0,0.0,24.0,,,3,,0.0,0.0,half_court,,,0.0,0,unknown,3.5509700183698505,229.95491054309596,0.0,white#?,,,0,5,1,CLAMP,src/pipeline/unified_pipeline.py:jump_clamp,,image_px,observed,none
1116,18.6,7,white,1123,98,0.3299,0.0573,0.37,0.37,26.6,backcourt,0,14.2,14.6,14.9,none,351.7,351.7,1586.0,441.0,0,0,left,28.3,882.0,-10.0,1000.0,270.0,1638.0,77.0,2.0,34.0,-0.16,0,31.01,2.86,33.97,0,0,2,1.0,cut,0,0.1,23.9,,,3,,0.0,0.1,half_court,,,0.0,0,unknown,-2.62406603166591,229.2412979961213,0.2357022603955158,white#?,,,0,6,1,DETECTION,src/tracking/advanced_tracker.py:_activate_slot,1116_-10_882_270_1000,image_px,observed,none
1116,18.6,8,white,1875,246,0.5508,0.1438,0.0,0.0,0.0,backcourt,0,8.0,33.7,6.7,none,351.7,351.7,1586.0,441.0,0,0,left,28.3,1229.0,159.0,1295.0,464.0,1638.0,77.0,2.0,41.6,0.0,0,51.78,7.19,41.04,0,0,2,1.0,cut,0,0.1,23.9,,,3,,0.0,0.1,half_court,,,0.0,0,unknown,-2.62406603166591,229.2412979961213,0.2357022603955158,white#?,,,0,6,1,SUBPIXEL,src/pipeline/unified_pipeline.py:subpixel_hold,,image_px,observed,none
1116,18.6,9,white,1661,128,0.488,0.0748,0.0,0.0,0.0,backcourt,1,1.5,28.3,6.7,none,351.7,351.7,1586.0,441.0,0,0,left,28.3,1153.0,161.0,1291.0,320.0,1638.0,77.0,2.0,46.2,0.0,0,45.87,3.74,45.85,0,0,2,1.0,cut,0,0.1,23.9,,,3,,0.0,0.1,half_court,,,0.0,0,unknown,-2.62406603166591,229.2412979961213,0.2357022603955158,white#?,,,0,6,1,DETECTION,src/tracking/advanced_tracker.py:_activate_slot,1116_161_1153_320_1291,image_px,observed,none
1116,18.6,2,green,350,186,0.1028,0.1087,2.24,2.24,116.6,mid_range,0,35.7,21.5,6.8,none,22.7,22.7,532.0,219.7,0,0,left,28.3,456.0,143.0,580.0,368.0,1638.0,77.0,2.0,19.3,2.2,0,9.67,5.44,20.06,0,0,2,0.933,cut,0,0.1,23.9,,,3,,0.0,0.1,half_court,,,0.0,0,unknown,-2.62406603166591,229.2412979961213,0.2357022603955158,green#?,,,0,6,1,PREDICTION,src/tracking/advanced_tracker.py:kalman_homography,,image_px,observed,none
1116,18.6,4,green,588,127,0.1727,0.0742,1.9,1.9,105.3,3pt_arc,0,29.0,14.8,6.3,none,22.7,22.7,532.0,219.7,0,0,left,28.3,546.0,137.0,728.0,291.0,1638.0,77.0,2.0,23.4,1.83,0,16.24,3.71,23.96,0,0,2,0.933,cut,0,0.1,23.9,,,3,,0.0,0.1,half_court,,,0.0,0,unknown,-2.62406603166591,229.2412979961213,0.2357022603955158,green#?,,,0,6,1,PREDICTION,src/tracking/advanced_tracker.py:kalman_homography,,image_px,observed,none
1116,18.6,5,green,658,346,0.1933,0.2022,2.85,2.85,96.7,mid_range,0,28.1,14.6,6.3,none,22.7,22.7,532.0,219.7,0,0,left,28.3,610.0,246.0,772.0,540.0,1638.0,77.0,2.0,19.8,2.25,0,18.17,10.11,19.71,0,0,2,0.933,cut,0,0.1,23.9,,,3,,0.0,0.1,half_court,,,0.0,0,unknown,-2.62406603166591,229.2412979961213,0.2357022603955158,green#?,,,0,6,1,PREDICTION,src/tracking/advanced_tracker.py:id_merge,,image_px,observed,none
1116,18.6,6,white,1685,1292,0.495,0.7551,0.0,0.0,0.0,backcourt,0,33.6,38.6,29.4,none,351.7,351.7,1586.0,441.0,0,0,left,28.3,742.0,-12.0,830.0,154.0,1638.0,77.0,2.0,44.0,0.0,0,46.53,37.76,43.21,0,0,2,0.8,cut,0,0.1,23.9,,,3,,0.0,0.1,half_court,,,0.0,0,unknown,-2.62406603166591,229.2412979961213,0.2357022603955158,white#?,,,0,6,1,CLAMP,src/pipeline/unified_pipeline.py:jump_clamp,,image_px,observed,none
1122,18.7,1,green,1591,1299,0.4674,0.7592,0.0,0.0,0.0,backcourt,0,33.8,2.6,36.8,none,136.4,136.4,796.8,489.5,0,0,left,27.9,550.0,239.0,659.0,507.0,1637.0,77.0,1.0,41.6,0.0,0,43.93,37.96,40.8,0,0,3,1.0,cut,0,0.1,23.8,,,3,,0.0,0.2,half_court,,,0.0,0,unknown,-2.7838931693642253,229.46965659340796,0.2357022603955158,green#?,,,0,7,1,CLAMP,src/pipeline/unified_pipeline.py:jump_clamp,,image_px,observed,none
1122,18.7,7,white,1123,97,0.3299,0.0567,0.17,-0.2,270.0,backcourt,0,14.2,14.6,14.5,none,767.3,767.3,1324.6,387.8,0,0,left,27.9,882.0,-12.0,1000.0,269.0,1637.0,77.0,1.0,34.0,-0.1,0,31.01,2.83,33.98,0,0,3,1.0,cut,0,0.1,23.8,,,3,,0.0,0.2,half_court,,,0.0,0,unknown,-2.7838931693642253,229.46965659340796,0.2357022603955158,white#?,,,0,7,1,DETECTION,src/tracking/advanced_tracker.py:_activate_slot,1122_-12_882_269_1000,image_px,observed,none
1122,18.7,8,white,1874,247,0.5505,0.1444,0.24,0.24,135.0,backcourt,0,8.1,30.1,7.1,none,767.3,767.3,1324.6,387.8,0,0,left,27.9,1227.0,160.0,1295.0,465.0,1637.0,77.0,1.0,41.6,-0.09,0,51.75,7.22,41.05,0,0,3,1.0,cut,0,0.1,23.8,,,3,,0.0,0.2,half_court,,,0.0,0,unknown,-2.7838931693642253,229.46965659340796,0.2357022603955158,white#?,,,0,7,1,DETECTION,src/tracking/advanced_tracker.py:_activate_slot,1122_160_1227_465_1295,image_px,observed,none
1122,18.7,9,white,1646,128,0.4835,0.0748,2.5,2.5,180.0,backcourt,1,1.4,27.9,7.1,dribble,767.3,767.3,1324.6,387.8,0,0,left,27.9,1137.0,161.0,1291.0,320.0,1637.0,77.0,1.0,45.9,2.25,0,45.45,3.74,45.48,0,0,3,1.0,cut,0,0.1,23.8,,,3,,0.0,0.2,half_court,,,0.0,0,unknown,-2.7838931693642253,229.46965659340796,0.2357022603955158,white#?,,,1,7,1,DETECTION,src/tracking/advanced_tracker.py:_activate_slot,1122_161_1137_320_1291,image_px,observed,none
1122,18.7,10,white,295,175,0.0867,0.1023,0.0,0.0,0.0,mid_range,0,37.2,1.5,23.0,none,767.3,767.3,1324.6,387.8,0,0,left,27.9,438.0,145.0,532.0,369.0,1637.0,77.0,1.0,19.2,0.0,0,8.15,5.11,20.1,0,0,3,1.0,cut,0,0.1,23.8,,,3,,0.0,0.2,half_court,,,0.0,0,unknown,-2.7838931693642253,229.46965659340796,0.2357022603955158,white#?,,,0,7,1,DETECTION,src/tracking/advanced_tracker.py:_activate_slot,1122_145_438_369_532,image_px,observed,none
1122,18.7,2,green,350,186,0.1028,0.1087,0.0,-2.24,0.0,mid_range,0,35.7,1.5,6.8,none,136.4,136.4,796.8,489.5,0,0,left,27.9,456.0,143.0,580.0,368.0,1637.0,77.0,1.0,19.3,0.0,0,9.67,5.44,20.06,0,0,3,0.867,cut,0,0.1,23.8,,,3,,0.0,0.2,half_court,,,0.0,0,unknown,-2.7838931693642253,229.46965659340796,0.2357022603955158,green#?,,,0,7,1,SUBPIXEL,src/pipeline/unified_pipeline.py:subpixel_hold,,image_px,observed,none
1122,18.7,4,green,588,127,0.1727,0.0742,0.0,-1.9,0.0,3pt_arc,0,29.0,8.2,6.3,none,136.4,136.4,796.8,489.5,0,0,left,27.9,546.0,137.0,728.0,291.0,1637.0,77.0,1.0,23.4,0.0,0,16.24,3.71,23.96,0,0,3,0.867,cut,0,0.1,23.8,,,3,,0.0,0.2,half_court,,,0.0,0,unknown,-2.7838931693642253,229.46965659340796,0.2357022603955158,green#?,,,0,7,1,SUBPIXEL,src/pipeline/unified_pipeline.py:subpixel_hold,,image_px,observed,none
1122,18.7,5,green,658,346,0.1933,0.2022,0.0,-2.85,0.0,mid_range,0,28.0,11.1,6.3,none,136.4,136.4,796.8,489.5,0,0,left,27.9,610.0,246.0,772.0,540.0,1637.0,77.0,1.0,19.8,0.0,0,18.17,10.11,19.71,0,0,3,0.867,cut,0,0.1,23.8,,,3,,0.0,0.2,half_court,,,0.0,0,unknown,-2.7838931693642253,229.46965659340796,0.2357022603955158,green#?,,,0,7,1,SUBPIXEL,src/pipeline/unified_pipeline.py:subpixel_hold,,image_px,observed,none
1122,18.7,6,white,1685,1292,0.495,0.7551,0.0,0.0,0.0,backcourt,0,33.6,2.6,29.3,none,767.3,767.3,1324.6,387.8,0,0,left,27.9,742.0,-12.0,830.0,154.0,1637.0,77.0,1.0,44.0,0.0,0,46.53,37.76,43.21,0,0,3,0.733,cut,0,0.1,23.8,,,3,,0.0,0.2,half_court,,,0.0,0,unknown,-2.7838931693642253,229.46965659340796,0.2357022603955158,white#?,,,0,7,1,CLAMP,src/pipeline/unified_pipeline.py:jump_clamp,,image_px,observed,none
1128,18.8,1,green,1591,1299,0.4674,0.7592,0.0,0.0,0.0,backcourt,0,33.8,2.6,36.8,none,209.6,209.6,765.8,498.5,0,0,left,28.3,547.0,234.0,659.0,506.0,1638.0,77.0,1.0,41.6,0.0,0,43.93,37.96,40.8,0,0,4,1.0,cut,0,0.6,23.7,,,3,,0.0,0.3,half_court,,,0.0,0,unknown,-8.124657884926634,230.5513428429534,0.2357022603955158,green#?,,,0,7,1,CLAMP,src/pipeline/unified_pipeline.py:jump_clamp,,image_px,observed,none
1128,18.8,2,green,226,222,0.0664,0.1297,21.52,21.52,163.8,mid_range,0,39.2,2.0,10.3,none,209.6,209.6,765.8,498.5,0,0,left,28.3,405.0,148.0,522.0,426.0,1638.0,77.0,1.0,17.6,8.32,0,6.24,6.49,18.54,0,0,4,1.0,cut,0,0.6,23.7,,,3,,0.0,0.3,half_court,,,0.0,0,unknown,-8.124657884926634,230.5513428429534,0.2357022603955158,green#?,,,0,7,1,DETECTION,src/tracking/advanced_tracker.py:_activate_slot,1128_148_405_426_522,image_px,observed,none
1128,18.8,7,white,1123,97,0.3299,0.0567,0.0,-0.17,0.0,backcourt,0,14.2,14.6,14.9,none,775.5,775.5,1326.4,390.0,0,0,left,28.3,883.0,-5.0,999.0,269.0,1638.0,77.0,1.0,34.0,0.0,0,31.01,2.83,33.98,0,0,4,1.0,cut,0,0.6,23.7,,,3,,0.0,0.3,half_court,,,0.0,0,unknown,-8.124657884926634,230.5513428429534,0.2357022603955158,white#?,,,0,7,1,SUBPIXEL,src/pipeline/unified_pipeline.py:subpixel_hold,,image_px,observed,none
1128,18.8,8,white,1876,247,0.5511,0.1444,0.33,0.09,0.0,backcourt,0,8.1,30.1,6.8,none,775.5,775.5,1326.4,390.0,0,0,left,28.3,1229.0,161.0,1295.0,465.0,1638.0,77.0,1.0,41.5,0.3,0,51.8,7.22,41.0,0,0,4,1.0,cut,0,0.6,23.7,,,3,,0.0,0.3,half_court,,,0.0,0,unknown,-8.124657884926634,230.5513428429534,0.2357022603955158,white#?,,,0,7,1,DETECTION,src/tracking/advanced_tracker.py:_activate_slot,1128_161_1229_465_1295,image_px,observed,none
1128,18.8,9,white,1660,127,0.4877,0.0742,2.34,-0.16,355.9,backcourt,1,1.5,28.3,6.8,dribble,775.5,775.5,1326.4,390.0,0,0,left,28.3,1151.0,161.0,1293.0,319.0,1638.0,77.0,1.0,46.2,-2.17,0,45.84,3.71,45.83,0,0,4,1.0,cut,0,0.6,23.7,,,3,,0.0,0.3,half_court,,,0.0,0,unknown,-8.124657884926634,230.5513428429534,0.2357022603955158,white#?,,,2,7,1,DETECTION,src/tracking/advanced_tracker.py:_activate_slot,1128_161_1151_319_1293,image_px,observed,none
1128,18.8,10,white,288,187,0.0846,0.1093,2.32,2.32,120.3,mid_range,0,37.4,2.0,23.2,none,775.5,775.5,1326.4,390.0,0,0,left,28.3,438.0,145.0,532.0,369.0,1638.0,77.0,1.0,18.8,2.19,0,7.95,5.46,19.72,0,0,4,0.933,cut,0,0.6,23.7,,,3,,0.0,0.3,half_court,,,0.0,0,unknown,-8.124657884926634,230.5513428429534,0.2357022603955158,white#?,,,0,7,1,PREDICTION,src/tracking/advanced_tracker.py:kalman_homography,,image_px,observed,none
1128,18.8,4,green,588,127,0.1727,0.0742,0.0,0.0,0.0,3pt_arc,0,29.0,8.4,6.3,none,209.6,209.6,765.8,498.5,0,0,left,28.3,546.0,137.0,728.0,291.0,1638.0,77.0,1.0,23.4,0.0,0,16.24,3.71,23.96,0,0,4,0.8,cut,0,0.6,23.7,,,3,,0.0,0.3,half_court,,,0.0,0,unknown,-8.124657884926634,230.5513428429534,0.2357022603955158,green#?,,,0,7,1,SUBPIXEL,src/pipeline/unified_pipeline.py:subpixel_hold,,image_px,observed,none
1128,18.8,5,green,658,346,0.1933,0.2022,0.0,0.0,0.0,mid_range,0,28.1,11.1,6.3,none,209.6,209.6,765.8,498.5,0,0,left,28.3,610.0,246.0,772.0,540.0,1638.0,77.0,1.0,19.8,0.0,0,18.17,10.11,19.71,0,0,4,0.8,cut,0,0.6,23.7,,,3,,0.0,0.3,half_court,,,0.0,0,unknown,-8.124657884926634,230.5513428429534,0.2357022603955158,green#?,,,0,7,1,SUBPIXEL,src/pipeline/unified_pipeline.py:subpixel_hold,,image_px,observed,none
1128,18.8,6,white,1685,1292,0.495,0.7551,0.0,0.0,0.0,backcourt,0,33.6,2.6,29.3,none,775.5,775.5,1326.4,390.0,0,0,left,28.3,742.0,-12.0,830.0,154.0,1638.0,77.0,1.0,44.0,0.0,0,46.53,37.76,43.21,0,0,4,0.667,cut,0,0.6,23.7,,,3,,0.0,0.3,half_court,,,0.0,0,unknown,-8.124657884926634,230.5513428429534,0.2357022603955158,white#?,,,0,7,1,CLAMP,src/pipeline/unified_pipeline.py:jump_clamp,,image_px,observed,none
1134,18.9,1,green,1591,1299,0.4674,0.7592,0.0,0.0,0.0,backcourt,0,33.8,2.6,36.8,none,94.2,94.2,826.7,601.7,0,0,left,28.4,574.0,146.0,676.0,336.0,1637.0,76.0,1.41,41.6,0.0,0,43.93,37.96,40.8,0,0,5,1.0,fast_break,0,0.6,23.6,,,3,,0.0,0.4,fast_break,,,0.0,0,unknown,-15.689973643647896,230.63232651038797,0.1666666666666666,green#?,,,0,8,1,CLAMP,src/pipeline/unified_pipeline.py:jump_clamp,,image_px,observed,none
1134,18.9,2,green,231,160,0.0679,0.0935,10.37,-11.15,274.6,mid_range,0,38.9,1.7,12.9,none,94.2,94.2,826.7,601.7,0,0,left,28.4,401.0,156.0,490.0,348.0,1637.0,76.0,1.41,19.3,-10.36,0,6.38,4.68,20.36,0,0,5,1.0,fast_break,0,0.6,23.6,,,3,,0.0,0.4,fast_break,,,0.0,0,unknown,-15.689973643647896,230.63232651038797,0.1666666666666666,green#?,,,0,8,1,DETECTION,src/tracking/advanced_tracker.py:_activate_slot,1134_156_401_348_490,image_px,observed,none
1134,18.9,7,white,1123,97,0.3299,0.0567,0.0,0.0,0.0,backcourt,0,14.2,14.6,14.9,none,775.9,775.9,1327.0,389.8,0,0,left,28.4,883.0,6.0,999.0,269.0,1637.0,76.0,1.41,34.0,0.0,0,31.01,2.83,33.98,0,0,5,1.0,fast_break,0,0.6,23.6,,,3,,0.0,0.4,fast_break,,,0.0,0,unknown,-15.689973643647896,230.63232651038797,0.1666666666666666,white#?,,,0,8,1,SUBPIXEL,src/pipeline/unified_pipeline.py:subpixel_hold,,image_px,observed,none
1134,18.9,8,white,1876,247,0.5511,0.1444,0.0,-0.33,0.0,backcourt,0,8.1,30.1,6.8,none,775.9,775.9,1327.0,389.8,0,0,left,28.4,547.0,225.0,659.0,508.0,1637.0,76.0,1.41,41.5,0.0,0,51.8,7.22,41.0,0,0,5,1.0,fast_break,0,0.6,23.6,,,3,,0.0,0.4,fast_break,,,0.0,0,unknown,-15.689973643647896,230.63232651038797,0.1666666666666666,white#?,,,0,8,1,CLAMP,src/pipeline/unified_pipeline.py:jump_clamp,,image_px,observed,none
1134,18.9,9,white,1663,126,0.4885,0.0736,0.53,-1.81,341.6,backcourt,1,1.6,28.4,6.8,dribble,775.9,775.9,1327.0,389.8,0,0,left,28.4,1155.0,158.0,1293.0,318.0,1637.0,76.0,1.41,46.3,-0.52,0,45.92,3.68,45.92,0,0,5,1.0,fast_break,0,0.6,23.6,,,3,,0.0,0.4,fast_break,,,0.0,0,unknown,-15.689973643647896,230.63232651038797,0.1666666666666666,white#?,,,3,8,1,DETECTION,src/tracking/advanced_tracker.py:_activate_slot,1134_158_1155_318_1293,image_px,observed,none
1134,18.9,10,white,288,187,0.0846,0.1093,0.0,-2.32,0.0,mid_range,0,37.4,1.7,23.2,none,775.9,775.9,1327.0,389.8,0,0,left,28.4,438.0,145.0,532.0,369.0,1637.0,76.0,1.41,18.8,0.0,0,7.95,5.46,19.72,0,0,5,0.867,fast_break,0,0.6,23.6,,,3,,0.0,0.4,fast_break,,,0.0,0,unknown,-15.689973643647896,230.63232651038797,0.1666666666666666,white#?,,,0,8,1,SUBPIXEL,src/pipeline/unified_pipeline.py:subpixel_hold,,image_px,observed,none
1134,18.9,5,green,658,346,0.1933,0.2022,0.0,0.0,0.0,mid_range,0,28.0,11.1,12.9,none,94.2,94.2,826.7,601.7,0,0,left,28.4,610.0,246.0,772.0,540.0,1637.0,76.0,1.41,19.8,0.0,0,18.17,10.11,19.71,0,0,5,0.733,fast_break,0,0.6,23.6,,,3,,0.0,0.4,fast_break,,,0.0,0,unknown,-15.689973643647896,230.63232651038797,0.1666666666666666,green#?,,,0,8,1,SUBPIXEL,src/pipeline/unified_pipeline.py:subpixel_hold,,image_px,observed,none
1134,18.9,6,white,1685,1292,0.495,0.7551,0.0,0.0,0.0,backcourt,0,33.6,2.6,29.3,none,775.9,775.9,1327.0,389.8,0,0,left,28.4,742.0,-12.0,830.0,154.0,1637.0,76.0,1.41,44.0,0.0,0,46.53,37.76,43.21,0,0,5,0.6,fast_break,0,0.6,23.6,,,3,,0.0,0.4,fast_break,,,0.0,0,unknown,-15.689973643647896,230.63232651038797,0.1666666666666666,white#?,,,0,8,1,CLAMP,src/pipeline/unified_pipeline.py:jump_clamp,,image_px,observed,none
1140,19.0,8,white,1876,247,0.5511,0.1444,0.0,0.0,0.0,backcourt,0,8.0,30.1,6.8,none,99.1,99.1,1741.3,555.0,0,0,left,,364.0,155.0,502.0,373.0,1643.0,77.0,6.08,41.5,0.0,0,51.8,7.22,41.0,0,0,6,1.0,fast_break,0,0.0,23.5,,,3,,0.0,0.0,half_court,,,0.0,0,unknown,-14.92853565326724,230.63232651038817,0.5270462766947299,white#?,,,0,9,1,CLAMP,src/pipeline/unified_pipeline.py:jump_clamp,,image_px,observed,none
1140,19.0,9,white,1663,126,0.4885,0.0736,0.0,-0.53,0.0,backcourt,0,1.5,28.4,6.8,none,99.1,99.1,1741.3,555.0,0,0,left,,883.0,11.0,999.0,268.0,1643.0,77.0,6.08,46.3,0.0,0,45.92,3.68,45.92,0,0,6,1.0,fast_break,0,0.0,23.5,,,3,,0.0,0.0,half_court,,,0.0,0,unknown,-14.92853565326724,230.63232651038817,0.5270462766947299,white#?,,,0,9,1,CLAMP,src/pipeline/unified_pipeline.py:jump_clamp,,image_px,observed,none
1140,19.0,1,green,1591,1299,0.4674,0.7592,0.0,0.0,0.0,backcourt,0,33.8,2.6,36.8,none,120.1,120.1,811.3,609.0,0,0,left,,584.3082,54.16046,690.34424,277.9983,1643.0,77.0,6.08,41.6,0.0,0,43.93,37.96,40.8,0,0,6,0.933,fast_break,0,0.0,23.5,,,3,,0.0,0.0,half_court,,,0.0,0,unknown,-14.92853565326724,230.63232651038817,0.5270462766947299,green#?,,,0,9,1,CLAMP,src/pipeline/unified_pipeline.py:jump_clamp,,image_px,observed,none
1140,19.0,2,green,185,182,0.0543,0.1064,8.5,-1.87,154.4,mid_range,0,40.4,40.8,13.8,none,120.1,120.1,811.3,609.0,0,0,left,,378.17957,136.96269,478.9812,362.7478,1643.0,77.0,6.08,18.6,4.02,0,5.11,5.32,19.68,0,0,6,0.933,fast_break,0,0.0,23.5,,,3,,0.0,0.0,half_court,,,0.0,0,unknown,-14.92853565326724,230.63232651038817,0.5270462766947299,green#?,,,0,9,1,PREDICTION,src/tracking/advanced_tracker.py:kalman_homography,,image_px,observed,none
1140,19.0,5,green,658,346,0.1933,0.2022,0.0,0.0,0.0,mid_range,0,28.2,28.4,13.8,none,120.1,120.1,811.3,609.0,0,0,left,,610.0,246.0,772.0,540.0,1643.0,77.0,6.08,19.8,0.0,0,18.17,10.11,19.71,0,0,6,0.667,fast_break,0,0.0,23.5,,,3,,0.0,0.0,half_court,,,0.0,0,unknown,-14.92853565326724,230.63232651038817,0.5270462766947299,green#?,,,0,9,1,SUBPIXEL,src/pipeline/unified_pipeline.py:subpixel_hold,,image_px,observed,none
1140,19.0,6,white,1685,1292,0.495,0.7551,0.0,0.0,0.0,backcourt,0,33.6,2.6,29.3,none,99.1,99.1,1741.3,555.0,0,0,left,,742.0,-12.0,830.0,154.0,1643.0,77.0,6.08,44.0,0.0,0,46.53,37.76,43.21,0,0,6,0.533,fast_break,0,0.0,23.5,,,3,,0.0,0.0,half_court,,,0.0,0,unknown,-14.92853565326724,230.63232651038817,0.5270462766947299,white#?,,,0,9,1,CLAMP,src/pipeline/unified_pipeline.py:jump_clamp,,image_px,observed,none
1146,19.1,9,white,1663,126,0.4885,0.0736,0.0,0.0,0.0,backcourt,0,1.5,28.4,6.8,none,99.1,99.1,1741.3,555.0,0,0,left,,885.0,14.0,993.0,266.0,1640.0,77.0,3.0,46.3,0.0,0,45.92,3.68,45.92,0,0,7,1.0,fast_break,0,0.0,23.4,,,4,,0.0,0.1,half_court,,,0.0,0,unknown,-12.690077441133033,230.60199215112996,0.3333333333333333,white#?,,,0,9,1,CLAMP,src/pipeline/unified_pipeline.py:jump_clamp,,image_px,observed,none
1146,19.1,8,white,1876,247,0.5511,0.1444,0.0,0.0,0.0,backcourt,0,8.0,30.1,6.8,none,99.1,99.1,1741.3,555.0,0,0,left,,117.1738,144.00822,230.99094,399.72778,1640.0,77.0,3.0,41.5,0.0,0,51.8,7.22,41.0,0,0,7,0.933,fast_break,0,0.0,23.4,,,4,,0.0,0.1,half_court,,,0.0,0,unknown,-12.690077441133033,230.60199215112996,0.3333333333333333,white#?,,,0,9,1,CLAMP,src/pipeline/unified_pipeline.py:jump_clamp,,image_px,observed,none
1146,19.1,1,green,1591,1299,0.4674,0.7592,0.0,0.0,0.0,backcourt,0,33.8,2.6,36.8,none,127.5,127.5,802.7,606.7,0,0,left,,599.0853,-34.59645,705.12134,189.24138,1640.0,77.0,3.0,41.6,0.0,0,43.93,37.96,40.8,0,0,7,0.867,fast_break,0,0.0,23.4,,,4,,0.0,0.1,half_court,,,0.0,0,unknown,-12.690077441133033,230.60199215112996,0.3333333333333333,green#?,,,0,9,1,CLAMP,src/pipeline/unified_pipeline.py:jump_clamp,,image_px,observed,none
1146,19.1,2,green,159,175,0.0467,0.1023,4.49,-4.01,195.1,mid_range,0,41.0,41.6,14.6,none,127.5,127.5,802.7,606.7,0,0,left,,360.83798,126.22926,461.63962,352.0144,1640.0,77.0,3.0,18.8,-1.13,0,4.39,5.11,19.9,0,0,7,0.867,fast_break,0,0.0,23.4,,,4,,0.0,0.1,half_court,,,0.0,0,unknown,-12.690077441133033,230.60199215112996,0.3333333333333333,green#?,,,0,9,1,PREDICTION,src/tracking/advanced_tracker.py:kalman_homography,,image_px,observed,none
1146,19.1,5,green,658,346,0.1933,0.2022,0.0,0.0,0.0,mid_range,0,28.1,28.4,14.6,none,127.5,127.5,802.7,606.7,0,0,left,,610.0,246.0,772.0,540.0,1640.0,77.0,3.0,19.8,0.0,0,18.17,10.11,19.71,0,0,7,0.6,fast_break,0,0.0,23.4,,,4,,0.0,0.1,half_court,,,0.0,0,unknown,-12.690077441133033,230.60199215112996,0.3333333333333333,green#?,,,0,9,1,SUBPIXEL,src/pipeline/unified_pipeline.py:subpixel_hold,,image_px,observed,none
1146,19.1,6,white,1685,1292,0.495,0.7551,0.0,0.0,0.0,backcourt,0,33.6,2.6,29.3,none,99.1,99.1,1741.3,555.0,0,0,left,,742.0,-12.0,830.0,154.0,1640.0,77.0,3.0,44.0,0.0,0,46.53,37.76,43.21,0,0,7,0.467,fast_break,0,0.0,23.4,,,4,,0.0,0.1,half_court,,,0.0,0,unknown,-12.690077441133033,230.60199215112996,0.3333333333333333,white#?,,,0,9,1,CLAMP,src/pipeline/unified_pipeline.py:jump_clamp,,image_px,observed,none
1152,19.2,6,white,1685,1292,0.495,0.7551,0.0,0.0,0.0,backcourt,0,33.6,2.6,29.3,none,324.4,324.4,1564.0,551.0,0,0,left,,746.0,-15.0,831.0,152.0,1642.0,75.0,2.83,44.0,0.0,0,46.53,37.76,43.21,0,0,8,1.0,fast_break,0,0.0,23.3,,,4,,0.0,0.2,half_court,,,0.0,0,unknown,-17.35275931667901,230.728831315743,0.4714045207910317,white#?,,,0,10,1,CLAMP,src/pipeline/unified_pipeline.py:jump_clamp,,image_px,observed,none
1152,19.2,1,green,1591,1299,0.4674,0.7592,0.0,0.0,0.0,backcourt,0,33.8,2.6,36.8,none,230.9,230.9,742.5,484.5,0,0,left,,613.8624,-123.35336,719.89844,100.48447,1642.0,75.0,2.83,41.6,0.0,0,43.93,37.96,40.8,0,0,8,0.8,fast_break,0,0.0,23.3,,,4,,0.0,0.2,half_court,,,0.0,0,unknown,-17.35275931667901,230.728831315743,0.4714045207910317,green#?,,,0,10,1,CLAMP,src/pipeline/unified_pipeline.py:jump_clamp,,image_px,observed,none
1152,19.2,2,green,133,166,0.0391,0.097,4.59,0.1,199.1,mid_range,0,41.7,27.6,12.6,none,230.9,230.9,742.5,484.5,0,0,left,,343.4964,115.495834,444.29803,341.28094,1642.0,75.0,2.83,19.0,-1.63,0,3.67,4.85,20.21,0,0,8,0.8,fast_break,0,0.0,23.3,,,4,,0.0,0.2,half_court,,,0.0,0,unknown,-17.35275931667901,230.728831315743,0.4714045207910317,green#?,,,0,10,1,PREDICTION,src/tracking/advanced_tracker.py:kalman_homography,,image_px,observed,none
1152,19.2,7,white,1131,114,0.3323,0.0666,3.13,3.13,64.8,backcourt,0,14.2,14.5,20.6,none,324.4,324.4,1564.0,551.0,0,0,left,,882.82574,10.511093,999.2918,280.518,1642.0,75.0,2.83,33.9,0.65,0,31.23,3.33,33.83,0,0,8,0.8,fast_break,0,0.0,23.3,,,4,,0.0,0.2,half_court,,,0.0,0,unknown,-17.35275931667901,230.728831315743,0.4714045207910317,white#?,,,0,10,1,PREDICTION,src/tracking/advanced_tracker.py:kalman_homography,,image_px,observed,none
1152,19.2,4,green,588,127,0.1727,0.0742,0.0,0.0,0.0,3pt_arc,0,29.1,15.0,6.3,none,230.9,230.9,742.5,484.5,0,0,left,,546.0,137.0,728.0,291.0,1642.0,75.0,2.83,23.4,0.0,0,16.24,3.71,23.96,0,0,8,0.533,fast_break,0,0.0,23.3,,,4,,0.0,0.2,half_court,,,0.0,0,unknown,-17.35275931667901,230.728831315743,0.4714045207910317,green#?,,,0,10,1,SUBPIXEL,src/pipeline/unified_pipeline.py:subpixel_hold,,image_px,observed,none
1152,19.2,5,green,658,346,0.1933,0.2022,0.0,0.0,0.0,mid_range,0,28.2,14.5,6.3,none,230.9,230.9,742.5,484.5,0,0,left,,610.0,246.0,772.0,540.0,1642.0,75.0,2.83,19.8,0.0,0,18.17,10.11,19.71,0,0,8,0.533,fast_break,0,0.0,23.3,,,4,,0.0,0.2,half_court,,,0.0,0,unknown,-17.35275931667901,230.728831315743,0.4714045207910317,green#?,,,0,10,1,SUBPIXEL,src/pipeline/unified_pipeline.py:subpixel_hold,,image_px,observed,none
1158,19.3,6,white,1685,1292,0.495,0.7551,0.0,0.0,0.0,backcourt,0,33.7,2.6,29.3,none,,,1780.5,769.5,0,0,left,,883.0,39.0,993.0,265.0,1640.0,73.0,2.83,44.0,0.0,0,46.53,37.76,43.21,0,0,9,1.0,fast_break,0,0.0,23.2,,,4,,0.0,0.3,half_court,,,0.0,0,unknown,-27.715439260539657,231.0144610438134,0.5,white#?,,,0,11,1,CLAMP,src/pipeline/unified_pipeline.py:jump_clamp,,image_px,observed,none
1158,19.3,1,green,1591,1299,0.4674,0.7592,0.0,0.0,0.0,backcourt,0,33.9,2.6,37.2,none,154.7,154.7,786.7,594.0,0,0,left,,628.6395,-212.11028,734.67554,11.727554,1640.0,73.0,2.83,41.6,0.0,0,43.93,37.96,40.8,0,0,9,0.733,fast_break,0,0.0,23.2,,,4,,0.0,0.3,half_court,,,0.0,0,unknown,-27.715439260539657,231.0144610438134,0.5,green#?,,,0,11,1,CLAMP,src/pipeline/unified_pipeline.py:jump_clamp,,image_px,observed,none
1158,19.3,2,green,108,158,0.0317,0.0923,4.37,-0.22,197.7,mid_range,0,42.4,45.4,16.0,none,154.7,154.7,786.7,594.0,0,0,left,,326.15482,104.762405,426.95645,330.54755,1640.0,73.0,2.83,19.3,-1.6,0,2.98,4.62,20.51,0,0,9,0.733,fast_break,0,0.0,23.2,,,4,,0.0,0.3,half_court,,,0.0,0,unknown,-27.715439260539657,231.0144610438134,0.5,green#?,,,0,11,1,PREDICTION,src/tracking/advanced_tracker.py:kalman_homography,,image_px,observed,none
1158,19.3,5,green,661,325,0.1942,0.1899,3.54,3.54,278.1,mid_range,0,27.9,30.2,16.0,none,154.7,154.7,786.7,594.0,0,0,left,,610.0,246.0,772.0,540.0,1640.0,73.0,2.83,20.3,-2.87,0,18.25,9.5,20.23,0,0,9,0.467,fast_break,0,0.0,23.2,,,4,,0.0,0.3,half_court,,,0.0,0,unknown,-27.715439260539657,231.0144610438134,0.5,green#?,,,0,11,1,PREDICTION,src/tracking/advanced_tracker.py:flow_gapfill_batched,,image_px,observed,none
1164,19.4,6,white,1685,1292,0.495,0.7551,0.0,0.0,0.0,backcourt,1,33.7,2.6,29.1,none,323.6,323.6,1564.3,552.7,0,0,left,2.6,1155.0,157.0,1289.0,309.0,1639.0,73.0,1.0,44.0,0.0,0,46.53,37.76,43.21,0,0,10,1.0,fast_break,0,0.0,23.1,,,4,,0.0,0.0,fast_break,,,0.0,0,unknown,-30.958309647450758,231.1424990181563,0.1666666666666666,white#?,,,0,12,1,CLAMP,src/pipeline/unified_pipeline.py:jump_clamp,,image_px,observed,none
1164,19.4,2,green,85,151,0.025,0.0883,4.01,-0.36,196.9,mid_range,0,43.0,28.9,52.3,none,,,838.0,725.0,0,0,left,2.6,308.81323,94.02898,409.61487,319.8141,1639.0,73.0,1.0,19.5,-1.53,0,2.35,4.41,20.79,0,0,10,0.667,fast_break,0,0.0,23.1,,,4,,0.0,0.0,fast_break,,,0.0,0,unknown,-30.958309647450758,231.1424990181563,0.1666666666666666,green#?,,,0,12,1,PREDICTION,src/tracking/advanced_tracker.py:kalman_homography,,image_px,observed,none
1164,19.4,7,white,1132,119,0.3325,0.0695,0.85,-2.28,78.7,backcourt,0,14.1,28.9,20.8,none,323.6,323.6,1564.3,552.7,0,0,left,2.6,882.8566,16.608963,999.3227,286.6159,1639.0,73.0,1.0,33.8,0.37,0,31.26,3.48,33.76,0,0,10,0.667,fast_break,0,0.0,23.1,,,4,,0.0,0.0,fast_break,,,0.0,0,unknown,-30.958309647450758,231.1424990181563,0.1666666666666666,white#?,,,0,12,1,PREDICTION,src/tracking/advanced_tracker.py:kalman_homography,,image_px,observed,none
1170,19.5,2,green,59,144,0.0173,0.0842,4.49,0.48,195.1,mid_range,0,43.7,29.7,53.0,none,,,825.0,721.5,0,0,left,2.6,291.47165,83.29555,392.2733,309.0807,1639.0,73.0,0.0,19.8,-1.73,0,1.63,4.21,21.1,0,0,11,0.6,fast_break,0,0.1,23.0,,,4,,0.0,0.1,fast_break,,,0.0,0,unknown,-32.37012682837974,231.0194409590257,0.0,green#?,,,0,12,1,PREDICTION,src/tracking/advanced_tracker.py:kalman_homography,,image_px,observed,none
1170,19.5,7,white,1133,121,0.3328,0.0707,0.37,-0.48,63.4,backcourt,0,14.0,29.7,20.5,none,323.0,323.0,1564.7,553.3,0,0,left,2.6,882.8721,19.657898,999.33813,289.66483,1639.0,73.0,0.0,33.8,0.07,0,31.29,3.54,33.74,0,0,11,0.6,fast_break,0,0.1,23.0,,,4,,0.0,0.1,fast_break,,,0.0,0,unknown,-32.37012682837974,231.0194409590257,0.0,white#?,,,0,12,1,PREDICTION,src/tracking/advanced_tracker.py:kalman_homography,,image_px,observed,none
1176,19.6,2,green,36,136,0.0106,0.0795,4.06,-0.43,199.2,mid_range,0,44.3,30.3,53.6,none,,,813.5,717.5,0,0,left,,274.13007,72.56212,374.9317,298.34723,1639.0,72.0,1.0,20.1,-1.93,0,0.99,3.97,21.45,0,0,12,0.533,fast_break,0,0.0,22.9,,,4,,0.0,0.0,half_court,,,0.0,0,unknown,-27.49439820622594,230.97486245203797,0.3726779962499649,green#?,,,0,12,1,PREDICTION,src/tracking/advanced_tracker.py:kalman_homography,,image_px,observed,none
1176,19.6,7,white,1134,123,0.3331,0.0719,0.37,0.0,63.4,backcourt,0,14.0,30.3,20.2,none,322.4,322.4,1565.0,554.0,0,0,left,,882.8875,22.706833,999.3536,292.71375,1639.0,72.0,1.0,33.8,0.07,0,31.31,3.59,33.73,0,0,12,0.533,fast_break,0,0.0,22.9,,,4,,0.0,0.0,half_court,,,0.0,0,unknown,-27.49439820622594,230.97486245203797,0.3726779962499649,white#?,,,0,12,1,PREDICTION,src/tracking/advanced_tracker.py:kalman_homography,,image_px,observed,none
1182,19.7,2,green,163,159,0.0479,0.0929,21.51,17.45,10.3,mid_range,0,40.9,26.2,50.5,none,,,877.0,729.0,0,0,left,,256.78848,61.82869,357.59012,287.61383,1640.0,71.0,1.41,19.2,3.53,0,4.5,4.65,20.37,0,0,13,0.467,fast_break,0,0.0,22.8,,,4,,0.0,0.1,half_court,,,0.0,0,unknown,-15.065034750187785,230.99238671292696,0.2357022603955158,green#?,,,0,12,1,PREDICTION,src/tracking/advanced_tracker.py:flow_gapfill_batched,,image_px,observed,none
1182,19.7,7,white,1108,82,0.3255,0.0479,8.09,7.72,237.6,backcourt,0,14.7,26.2,21.2,none,336.5,336.5,1556.3,540.3,0,0,left,,882.90295,25.755768,999.369,295.7627,1640.0,71.0,1.41,33.9,-0.93,0,30.6,2.4,33.96,0,0,13,0.467,fast_break,0,0.0,22.8,,,4,,0.0,0.1,half_court,,,0.0,0,unknown,-15.065034750187785,230.99238671292696,0.2357022603955158,white#?,,,0,12,1,PREDICTION,src/tracking/advanced_tracker.py:flow_gapfill_batched,,image_px,observed,none
1200,20.0,3,green,170,349,0.0499,0.204,0.0,0.0,0.0,mid_range,0,41.2,47.1,6.0,none,21.6,21.6,395.0,301.7,0,0,left,,372.0,187.0,574.0,556.0,1635.0,68.0,1.41,14.0,0.0,0,4.69,10.2,14.81,0,0,16,1.0,fast_break,0,0.0,22.5,,,4,,0.0,0.4,half_court,,,0.0,0,unknown,5.740844289832248,230.68795895914576,0.2357022603955158,green#?,,,0,14,1,DETECTION,src/tracking/advanced_tracker.py:_activate_slot,1200_187_372_556_574,image_px,observed,none
1200,20.0,4,green,354,231,0.104,0.135,42.68,42.68,156.0,mid_range,0,35.7,41.9,6.0,none,21.6,21.6,395.0,301.7,0,0,left,,464.0,190.0,599.0,437.0,1635.0,68.0,1.41,18.1,28.44,0,9.78,6.75,18.8,0,0,16,1.0,fast_break,0,0.0,22.5,,,4,,0.0,0.4,half_court,,,0.0,0,unknown,5.740844289832248,230.68795895914576,0.2357022603955158,green#?,,,0,14,1,DETECTION,src/tracking/advanced_tracker.py:_activate_slot,1200_190_464_437_599,image_px,observed,none
1200,20.0,5,green,661,325,0.1942,0.1899,0.0,-3.54,0.0,mid_range,0,27.8,33.6,8.9,none,21.6,21.6,395.0,301.7,0,0,left,,857.0,-6.0,1014.0,250.0,1635.0,68.0,1.41,20.3,0.0,0,18.25,9.5,20.23,0,0,16,1.0,fast_break,0,0.0,22.5,,,4,,0.0,0.4,half_court,,,0.0,0,unknown,5.740844289832248,230.68795895914576,0.2357022603955158,green#?,,,0,14,1,CLAMP,src/pipeline/unified_pipeline.py:jump_clamp,,image_px,observed,none
1206,20.1,7,white,1122,83,0.3296,0.0485,2.34,-5.75,4.1,backcourt,0,14.1,14.4,36.8,none,,,1403.5,687.5,0,0,left,,862.0,-11.0,1026.0,247.0,1634.0,65.0,3.16,34.2,-1.72,0,30.98,2.43,34.23,0,0,17,1.0,fast_break,0,0.0,22.4,,,4,,0.0,0.5,half_court,,,0.0,0,unknown,16.33242634541208,231.06717366284823,0.6871842709362768,white#?,,,0,15,1,DETECTION,src/tracking/advanced_tracker.py:_activate_slot,1206_-11_862_247_1026,image_px,observed,none
1206,20.1,3,green,160,366,0.047,0.2139,3.29,3.29,120.5,mid_range,0,41.5,27.7,6.2,none,21.6,21.6,389.7,311.7,0,0,left,,372.0,187.0,574.0,556.0,1634.0,65.0,3.16,13.5,2.86,0,4.42,10.7,14.33,0,0,17,0.933,fast_break,0,0.0,22.4,,,4,,0.0,0.5,half_court,,,0.0,0,unknown,16.33242634541208,231.06717366284823,0.6871842709362768,green#?,,,0,15,1,PREDICTION,src/tracking/advanced_tracker.py:kalman_homography,,image_px,observed,none
1206,20.1,4,green,348,244,0.1022,0.1426,2.39,-40.29,114.8,mid_range,0,35.9,21.8,6.2,none,21.6,21.6,389.7,311.7,0,0,left,,464.0,190.0,599.0,437.0,1634.0,65.0,3.16,17.7,2.37,0,9.61,7.13,18.39,0,0,17,0.933,fast_break,0,0.0,22.4,,,4,,0.0,0.5,half_court,,,0.0,0,unknown,16.33242634541208,231.06717366284823,0.6871842709362768,green#?,,,0,15,1,PREDICTION,src/tracking/advanced_tracker.py:kalman_homography,,image_px,observed,none
1206,20.1,5,green,661,325,0.1942,0.1899,0.0,0.0,0.0,mid_range,0,27.8,14.4,8.9,none,21.6,21.6,389.7,311.7,0,0,left,,857.0,-6.0,1014.0,250.0,1634.0,65.0,3.16,20.3,0.0,0,18.25,9.5,20.23,0,0,17,0.933,fast_break,0,0.0,22.4,,,4,,0.0,0.5,half_court,,,0.0,0,unknown,16.33242634541208,231.06717366284823,0.6871842709362768,green#?,,,0,15,1,CLAMP,src/pipeline/unified_pipeline.py:jump_clamp,,image_px,observed,none
1212,20.2,7,white,1126,91,0.3308,0.0532,1.49,-0.85,63.4,backcourt,0,14.0,14.4,36.6,none,,,1405.5,691.5,0,0,left,,865.48047,-14.599541,1023.14685,245.0003,1631.0,63.0,3.61,34.2,0.3,0,31.09,2.66,34.16,0,0,18,0.933,fast_break,0,0.0,22.3,,,4,,0.0,0.6,half_court,,,0.0,0,unknown,12.348586002402804,230.13792864323625,0.6666666666666666,white#?,,,0,15,1,PREDICTION,src/tracking/advanced_tracker.py:kalman_homography,,image_px,observed,none
1212,20.2,3,green,160,366,0.047,0.2139,0.0,-3.29,0.0,mid_range,0,41.5,27.7,6.2,none,21.6,21.6,389.7,311.7,0,0,left,,372.0,187.0,574.0,556.0,1631.0,63.0,3.61,13.5,0.0,0,4.42,10.7,14.33,0,0,18,0.867,fast_break,0,0.0,22.3,,,4,,0.0,0.6,half_court,,,0.0,0,unknown,12.348586002402804,230.13792864323625,0.6666666666666666,green#?,,,0,15,1,SUBPIXEL,src/pipeline/unified_pipeline.py:subpixel_hold,,image_px,observed,none
1212,20.2,4,green,348,244,0.1022,0.1426,0.0,-2.39,0.0,mid_range,0,35.8,21.9,6.2,none,21.6,21.6,389.7,311.7,0,0,left,,464.0,190.0,599.0,437.0,1631.0,63.0,3.61,17.7,0.0,0,9.61,7.13,18.39,0,0,18,0.867,fast_break,0,0.0,22.3,,,4,,0.0,0.6,half_court,,,0.0,0,unknown,12.348586002402804,230.13792864323625,0.6666666666666666,green#?,,,0,15,1,SUBPIXEL,src/pipeline/unified_pipeline.py:subpixel_hold,,image_px,observed,none
1212,20.2,5,green,661,325,0.1942,0.1899,0.0,0.0,0.0,mid_range,0,27.7,14.4,8.9,none,21.6,21.6,389.7,311.7,0,0,left,,857.0,-6.0,1014.0,250.0,1631.0,63.0,3.61,20.3,0.0,0,18.25,9.5,20.23,0,0,18,0.867,fast_break,0,0.0,22.3,,,4,,0.0,0.6,half_court,,,0.0,0,unknown,12.348586002402804,230.13792864323625,0.6666666666666666,green#?,,,0,15,1,CLAMP,src/pipeline/unified_pipeline.py:jump_clamp,,image_px,observed,none
1218,20.3,3,green,262,183,0.077,0.107,34.92,34.92,299.1,mid_range,0,37.1,24.0,11.7,none,,,461.5,254.0,0,0,left,,402.0,161.0,538.0,379.0,1601.0,56.0,30.81,18.8,-32.82,0,7.24,5.35,19.75,0,0,19,1.0,fast_break,0,0.0,22.2,,,4,,0.0,0.7,half_court,,,0.0,0,unknown,-21.88756369001244,228.76005940090755,2.9486343354923554,green#?,,,0,16,1,PREDICTION,src/tracking/advanced_tracker.py:id_merge,,image_px,observed,none
1218,20.3,7,white,1125,89,0.3305,0.052,0.37,-1.12,243.4,backcourt,0,13.2,14.4,,none,,,1125.0,89.0,0,0,left,,865.80066,-17.527504,1023.46704,242.07236,1601.0,56.0,30.81,34.2,-0.08,0,31.07,2.6,34.18,0,0,19,0.867,fast_break,0,0.0,22.2,,,4,,0.0,0.7,half_court,,,0.0,0,unknown,-21.88756369001244,228.76005940090755,2.9486343354923554,white#?,,,0,16,1,PREDICTION,src/tracking/advanced_tracker.py:kalman_homography,,image_px,observed,none
1218,20.3,5,green,661,325,0.1942,0.1899,0.0,0.0,0.0,mid_range,0,27.0,14.4,11.7,none,,,461.5,254.0,0,0,left,,857.0,-6.0,1014.0,250.0,1601.0,56.0,30.81,20.3,0.0,0,18.25,9.5,20.23,0,0,19,0.8,fast_break,0,0.0,22.2,,,4,,0.0,0.7,half_court,,,0.0,0,unknown,-21.88756369001244,228.76005940090755,2.9486343354923554,green#?,,,0,16,1,CLAMP,src/pipeline/unified_pipeline.py:jump_clamp,,image_px,observed,none
1224,20.4,1,green,1591,1299,0.4674,0.7592,0.0,0.0,0.0,backcourt,0,34.6,35.9,37.2,none,219.3,219.3,632.5,496.5,0,0,left,,702.0,146.0,862.0,367.0,1598.0,47.0,9.49,41.6,0.0,0,43.93,37.96,40.8,0,0,20,1.0,fast_break,0,0.0,22.1,,,4,,0.0,0.8,half_court,,,0.0,0,unknown,-53.12621314838722,228.3039131008982,2.42670329642684,green#?,,,0,17,1,CLAMP,src/pipeline/unified_pipeline.py:jump_clamp,,image_px,observed,none
1224,20.4,2,green,13,186,0.0038,0.1087,25.4,3.89,169.8,mid_range,0,43.9,7.6,7.0,none,219.3,219.3,632.5,496.5,0,0,left,,282.0,145.0,391.0,380.0,1598.0,47.0,9.49,18.9,-0.72,0,0.36,5.44,20.17,0,0,20,1.0,fast_break,0,0.0,22.1,,,4,,0.0,0.8,half_court,,,0.0,0,unknown,-53.12621314838722,228.3039131008982,2.42670329642684,green#?,,,0,17,1,DETECTION,src/tracking/advanced_tracker.py:_activate_slot,1224_145_282_380_391,image_px,observed,none
1224,20.4,10,white,288,187,0.0846,0.1093,0.0,0.0,0.0,mid_range,0,36.4,0.7,23.3,none,,,706.0,137.0,0,0,left,,926.0,227.0,1082.0,468.0,1598.0,47.0,9.49,18.8,0.0,0,7.95,5.46,19.72,0,0,20,1.0,fast_break,0,0.0,22.1,,,4,,0.0,0.8,half_court,,,0.0,0,unknown,-53.12621314838722,228.3039131008982,2.42670329642684,white#?,,,0,17,1,CLAMP,src/pipeline/unified_pipeline.py:jump_clamp,,image_px,observed,none
1224,20.4,3,green,265,176,0.0778,0.1029,1.27,-33.65,293.2,mid_range,0,37.0,0.7,7.0,none,219.3,219.3,632.5,496.5,0,0,left,,398.4886,125.47668,539.76855,355.55667,1598.0,47.0,9.49,19.0,-1.23,0,7.32,5.14,19.96,0,0,20,0.933,fast_break,0,0.0,22.1,,,4,,0.0,0.8,half_court,,,0.0,0,unknown,-53.12621314838722,228.3039131008982,2.42670329642684,green#?,,,0,17,1,PREDICTION,src/tracking/advanced_tracker.py:id_merge,,image_px,observed,none
1224,20.4,7,white,1124,87,0.3302,0.0508,0.37,0.0,243.4,backcourt,0,13.1,14.4,23.3,none,,,706.0,137.0,0,0,left,,866.12085,-20.455467,1023.78723,239.14438,1598.0,47.0,9.49,34.2,-0.08,0,31.04,2.54,34.2,0,0,20,0.8,fast_break,0,0.0,22.1,,,4,,0.0,0.8,half_court,,,0.0,0,unknown,-53.12621314838722,228.3039131008982,2.42670329642684,white#?,,,0,17,1,PREDICTION,src/tracking/advanced_tracker.py:kalman_homography,,image_px,observed,none
1224,20.4,5,green,661,325,0.1942,0.1899,0.0,0.0,0.0,mid_range,0,27.0,11.0,11.7,none,219.3,219.3,632.5,496.5,0,0,left,,857.0,-6.0,1014.0,250.0,1598.0,47.0,9.49,20.3,0.0,0,18.25,9.5,20.23,0,0,20,0.733,fast_break,0,0.0,22.1,,,4,,0.0,0.8,half_court,,,0.0,0,unknown,-53.12621314838722,228.3039131008982,2.42670329642684,green#?,,,0,17,1,CLAMP,src/pipeline/unified_pipeline.py:jump_clamp,,image_px,observed,none
1230,20.5,8,white,1876,247,0.5511,0.1444,0.0,0.0,0.0,backcourt,0,9.6,30.1,21.2,none,,,1500.5,166.0,0,0,left,,949.0,243.0,1111.0,468.0,1597.0,40.0,7.07,41.5,0.0,0,51.8,7.22,41.0,0,0,21,1.0,fast_break,0,0.0,22.0,,,4,,0.0,0.9,half_court,,,0.0,0,unknown,-67.91073358045041,227.79609415624827,2.266911751455907,white#?,,,0,18,1,CLAMP,src/pipeline/unified_pipeline.py:jump_clamp,,image_px,observed,none
1230,20.5,1,green,1591,1299,0.4674,0.7592,0.0,0.0,0.0,backcourt,0,34.8,30.1,37.2,none,236.9,236.9,632.8,493.8,0,0,left,,702.0,146.0,862.0,367.0,1597.0,40.0,7.07,41.6,0.0,0,43.93,37.96,40.8,0,0,21,0.933,fast_break,0,0.0,22.0,,,4,,0.0,0.9,half_court,,,0.0,0,unknown,-67.91073358045041,227.79609415624827,2.266911751455907,green#?,,,0,18,1,CLAMP,src/pipeline/unified_pipeline.py:jump_clamp,,image_px,observed,none
1230,20.5,2,green,3,198,0.0009,0.1157,2.6,-22.8,129.8,mid_range,0,44.2,31.1,7.6,none,236.9,236.9,632.8,493.8,0,0,left,,282.0,145.0,391.0,380.0,1597.0,40.0,7.07,18.6,1.58,0,0.08,5.79,19.9,0,0,21,0.933,fast_break,0,0.0,22.0,,,4,,0.0,0.9,half_court,,,0.0,0,unknown,-67.91073358045041,227.79609415624827,2.266911751455907,green#?,,,0,18,1,PREDICTION,src/tracking/advanced_tracker.py:kalman_homography,,image_px,observed,none
1230,20.5,3,green,276,153,0.0811,0.0894,4.25,2.98,295.6,mid_range,0,36.6,23.5,7.6,none,236.9,236.9,632.8,493.8,0,0,left,,397.58856,95.02668,538.8686,325.1067,1597.0,40.0,7.07,19.7,-4.09,0,7.62,4.47,20.67,0,0,21,0.867,fast_break,0,0.0,22.0,,,4,,0.0,0.9,half_court,,,0.0,0,unknown,-67.91073358045041,227.79609415624827,2.266911751455907,green#?,,,0,18,1,PREDICTION,src/tracking/advanced_tracker.py:id_merge,,image_px,observed,none
1230,20.5,7,white,1125,85,0.3305,0.0497,0.37,0.0,296.6,backcourt,0,13.1,14.4,21.2,none,,,1500.5,166.0,0,0,left,,866.44104,-23.38343,1024.1074,236.21643,1597.0,40.0,7.07,34.2,-0.34,0,31.07,2.48,34.26,0,0,21,0.733,fast_break,0,0.0,22.0,,,4,,0.0,0.9,half_court,,,0.0,0,unknown,-67.91073358045041,227.79609415624827,2.266911751455907,white#?,,,0,18,1,PREDICTION,src/tracking/advanced_tracker.py:kalman_homography,,image_px,observed,none
1230,20.5,5,green,661,325,0.1942,0.1899,0.0,0.0,0.0,mid_range,0,27.0,14.4,11.6,none,236.9,236.9,632.8,493.8,0,0,left,,857.0,-6.0,1014.0,250.0,1597.0,40.0,7.07,20.3,0.0,0,18.25,9.5,20.23,0,0,21,0.667,fast_break,0,0.0,22.0,,,4,,0.0,0.9,half_court,,,0.0,0,unknown,-67.91073358045041,227.79609415624827,2.266911751455907,green#?,,,0,18,1,CLAMP,src/pipeline/unified_pipeline.py:jump_clamp,,image_px,observed,none
1236,20.6,8,white,1876,247,0.5511,0.1444,0.0,0.0,0.0,backcourt,0,9.6,30.1,21.3,none,,,1500.0,165.0,0,0,left,,949.0,243.0,1111.0,468.0,1601.0,36.0,5.66,41.5,0.0,0,51.8,7.22,41.0,0,0,22,0.933,fast_break,0,0.0,21.9,,,4,,0.0,1.0,half_court,,,0.0,0,unknown,-71.09274121112502,226.5949541667943,1.3017082793177757,white#?,,,0,18,1,CLAMP,src/pipeline/unified_pipeline.py:jump_clamp,,image_px,observed,none
1236,20.6,1,green,1591,1299,0.4674,0.7592,0.0,0.0,0.0,backcourt,0,34.9,30.1,37.2,none,243.3,243.3,635.8,488.2,0,0,left,,702.0,146.0,862.0,367.0,1601.0,36.0,5.66,41.6,0.0,0,43.93,37.96,40.8,0,0,22,0.867,fast_break,0,0.0,21.9,,,4,,0.0,1.0,half_court,,,0.0,0,unknown,-71.09274121112502,226.5949541667943,1.3017082793177757,green#?,,,0,18,1,CLAMP,src/pipeline/unified_pipeline.py:jump_clamp,,image_px,observed,none
1236,20.6,2,green,3,198,0.0009,0.1157,0.0,-2.6,0.0,mid_range,0,44.4,31.1,8.1,none,243.3,243.3,635.8,488.2,0,0,left,,282.0,145.0,391.0,380.0,1601.0,36.0,5.66,18.6,0.0,0,0.08,5.79,19.9,0,0,22,0.867,fast_break,0,0.0,21.9,,,4,,0.0,1.0,half_court,,,0.0,0,unknown,-71.09274121112502,226.5949541667943,1.3017082793177757,green#?,,,0,18,1,SUBPIXEL,src/pipeline/unified_pipeline.py:subpixel_hold,,image_px,observed,none
1236,20.6,3,green,288,131,0.0846,0.0766,4.18,-0.07,298.6,mid_range,0,36.4,23.1,8.1,none,243.3,243.3,635.8,488.2,0,0,left,,396.6886,64.57668,537.96857,294.65668,1601.0,36.0,5.66,20.4,-3.97,0,7.95,3.83,21.34,0,0,22,0.8,fast_break,0,0.0,21.9,,,4,,0.0,1.0,half_court,,,0.0,0,unknown,-71.09274121112502,226.5949541667943,1.3017082793177757,green#?,,,0,18,1,PREDICTION,src/tracking/advanced_tracker.py:id_merge,,image_px,observed,none
1236,20.6,7,white,1124,83,0.3302,0.0485,0.37,0.0,243.4,backcourt,0,13.2,14.4,21.3,none,,,1500.0,165.0,0,0,left,,866.7612,-26.311394,1024.4276,233.28845,1601.0,36.0,5.66,34.3,-0.08,0,31.04,2.43,34.27,0,0,22,0.667,fast_break,0,0.0,21.9,,,4,,0.0,1.0,half_court,,,0.0,0,unknown,-71.09274121112502,226.5949541667943,1.3017082793177757,white#?,,,0,18,1,PREDICTION,src/tracking/advanced_tracker.py:kalman_homography,,image_px,observed,none
1236,20.6,5,green,661,325,0.1942,0.1899,0.0,0.0,0.0,mid_range,0,27.2,14.4,11.6,none,243.3,243.3,635.8,488.2,0,0,left,,857.0,-6.0,1014.0,250.0,1601.0,36.0,5.66,20.3,0.0,0,18.25,9.5,20.23,0,0,22,0.6,fast_break,0,0.0,21.9,,,4,,0.0,1.0,half_court,,,0.0,0,unknown,-71.09274121112502,226.5949541667943,1.3017082793177757,green#?,,,0,18,1,CLAMP,src/pipeline/unified_pipeline.py:jump_clamp,,image_px,observed,none
1242,20.7,9,white,1872,219,0.5499,0.128,0.0,-38.13,0.0,backcourt,0,10.0,30.8,21.0,none,78.5,78.5,1094.3,162.3,0,0,left,,999.0,276.0,1147.0,449.0,1559.0,34.0,42.05,41.9,0.0,0,51.69,6.4,41.46,0,0,23,1.0,fast_break,0,0.0,21.8,,,4,,0.0,1.1,half_court,,,0.0,0,unknown,-66.94656953554347,224.9780378639385,4.055175020198813,white#?,,,0,19,1,CLAMP,src/pipeline/unified_pipeline.py:jump_clamp,,image_px,observed,none
1242,20.7,1,green,1591,1299,0.4674,0.7592,0.0,0.0,0.0,backcourt,0,34.9,30.8,37.2,none,249.1,249.1,580.2,435.4,0,0,left,,702.0,146.0,862.0,367.0,1559.0,34.0,42.05,41.6,0.0,0,43.93,37.96,40.8,0,0,23,0.8,fast_break,0,0.0,21.8,,,4,,0.0,1.1,half_court,,,0.0,0,unknown,-66.94656953554347,224.9780378639385,4.055175020198813,green#?,,,0,19,1,CLAMP,src/pipeline/unified_pipeline.py:jump_clamp,,image_px,observed,none
1242,20.7,2,green,3,198,0.0009,0.1157,0.0,0.0,0.0,mid_range,0,43.2,7.9,8.5,none,249.1,249.1,580.2,435.4,0,0,left,,282.0,145.0,391.0,380.0,1559.0,34.0,42.05,18.6,0.0,0,0.08,5.79,19.9,0,0,23,0.8,fast_break,0,0.0,21.8,,,4,,0.0,1.1,half_court,,,0.0,0,unknown,-66.94656953554347,224.9780378639385,4.055175020198813,green#?,,,0,19,1,SUBPIXEL,src/pipeline/unified_pipeline.py:subpixel_hold,,image_px,observed,none
1242,20.7,10,white,288,187,0.0846,0.1093,0.0,0.0,0.0,mid_range,0,35.4,2.1,23.2,none,78.5,78.5,1094.3,162.3,0,0,left,,926.0,227.0,1082.0,468.0,1559.0,34.0,42.05,18.8,0.0,0,7.95,5.46,19.72,0,0,23,0.8,fast_break,0,0.0,21.8,,,4,,0.0,1.1,half_court,,,0.0,0,unknown,-66.94656953554347,224.9780378639385,4.055175020198813,white#?,,,0,19,1,CLAMP,src/pipeline/unified_pipeline.py:jump_clamp,,image_px,observed,none
1242,20.7,3,green,298,111,0.0875,0.0649,3.73,-0.45,296.6,mid_range,0,34.9,2.1,3.9,none,249.1,249.1,580.2,435.4,0,0,left,,395.78857,34.126686,537.0686,264.2067,1559.0,34.0,42.05,20.9,-3.59,0,8.23,3.24,21.96,0,0,23,0.733,fast_break,0,0.0,21.8,,,4,,0.0,1.1,half_court,,,0.0,0,unknown,-66.94656953554347,224.9780378639385,4.055175020198813,green#?,,,0,19,1,PREDICTION,src/tracking/advanced_tracker.py:kalman_homography,,image_px,observed,none
1242,20.7,7,white,1123,81,0.3299,0.0473,0.37,0.0,243.4,backcourt,0,12.1,14.4,21.0,none,78.5,78.5,1094.3,162.3,0,0,left,,867.0814,-29.239357,1024.7478,230.3605,1559.0,34.0,42.05,34.3,-0.08,0,31.01,2.37,34.29,0,0,23,0.6,fast_break,0,0.0,21.8,,,4,,0.0,1.1,half_court,,,0.0,0,unknown,-66.94656953554347,224.9780378639385,4.055175020198813,white#?,,,0,19,1,PREDICTION,src/tracking/advanced_tracker.py:kalman_homography,,image_px,observed,none
1242,20.7,4,green,348,244,0.1022,0.1426,0.0,0.0,0.0,mid_range,0,33.9,2.3,3.9,none,249.1,249.1,580.2,435.4,0,0,left,,464.0,190.0,599.0,437.0,1559.0,34.0,42.05,17.7,0.0,0,9.61,7.13,18.39,0,0,23,0.533,fast_break,0,0.0,21.8,,,4,,0.0,1.1,half_court,,,0.0,0,unknown,-66.94656953554347,224.9780378639385,4.055175020198813,green#?,,,0,19,1,SUBPIXEL,src/pipeline/unified_pipeline.py:subpixel_hold,,image_px,observed,none
1242,20.7,5,green,661,325,0.1942,0.1899,0.0,0.0,0.0,mid_range,0,26.1,11.0,8.9,none,249.1,249.1,580.2,435.4,0,0,left,,857.0,-6.0,1014.0,250.0,1559.0,34.0,42.05,20.3,0.0,0,18.25,9.5,20.23,0,0,23,0.533,fast_break,0,0.0,21.8,,,4,,0.0,1.1,half_court,,,0.0,0,unknown,-66.94656953554347,224.9780378639385,4.055175020198813,green#?,,,0,19,1,CLAMP,src/pipeline/unified_pipeline.py:jump_clamp,,image_px,observed,none
1248,20.8,9,white,1872,219,0.5499,0.128,0.0,0.0,0.0,backcourt,0,9.4,30.8,21.0,none,79.2,79.2,1094.7,162.0,0,0,left,,999.0,276.0,1147.0,449.0,1586.0,33.0,27.02,41.9,0.0,0,51.69,6.4,41.46,0,0,24,0.933,fast_break,0,0.0,21.7,,,4,,0.0,1.2,half_court,,,0.0,0,unknown,-30.386373032318687,224.52006961827084,2.852873794770615,white#?,,,0,20,1,CLAMP,src/pipeline/unified_pipeline.py:jump_clamp,,image_px,observed,none
1248,20.8,1,green,1591,1299,0.4674,0.7592,0.0,0.0,0.0,backcourt,0,35.0,30.8,37.2,none,255.0,255.0,641.0,478.2,0,0,left,,702.0,146.0,862.0,367.0,1586.0,33.0,27.02,41.6,0.0,0,43.93,37.96,40.8,0,0,24,0.733,fast_break,0,0.0,21.7,,,4,,0.0,1.2,half_court,,,0.0,0,unknown,-30.386373032318687,224.52006961827084,2.852873794770615,green#?,,,0,20,1,CLAMP,src/pipeline/unified_pipeline.py:jump_clamp,,image_px,observed,none
1248,20.8,2,green,3,198,0.0009,0.1157,0.0,0.0,0.0,mid_range,0,44.0,7.9,9.0,none,255.0,255.0,641.0,478.2,0,0,left,,282.0,145.0,391.0,380.0,1586.0,33.0,27.02,18.6,0.0,0,0.08,5.79,19.9,0,0,24,0.733,fast_break,0,0.0,21.7,,,4,,0.0,1.2,half_court,,,0.0,0,unknown,-30.386373032318687,224.52006961827084,2.852873794770615,green#?,,,0,20,1,SUBPIXEL,src/pipeline/unified_pipeline.py:subpixel_hold,,image_px,observed,none
1248,20.8,10,white,288,187,0.0846,0.1093,0.0,0.0,0.0,mid_range,0,36.1,2.7,23.3,none,79.2,79.2,1094.7,162.0,0,0,left,,926.0,227.0,1082.0,468.0,1586.0,33.0,27.02,18.8,0.0,0,7.95,5.46,19.72,0,0,24,0.733,fast_break,0,0.0,21.7,,,4,,0.0,1.2,half_court,,,0.0,0,unknown,-30.386373032318687,224.52006961827084,2.852873794770615,white#?,,,0,20,1,CLAMP,src/pipeline/unified_pipeline.py:jump_clamp,,image_px,observed,none
1248,20.8,3,green,309,91,0.0908,0.0532,3.8,0.07,298.8,corner_3,0,35.3,2.7,9.0,none,255.0,255.0,641.0,478.2,0,0,left,,394.8886,3.6766891,536.1686,233.75668,1586.0,33.0,27.02,21.5,-3.63,0,8.53,2.66,22.58,0,0,24,0.667,fast_break,0,0.0,21.7,,,4,,0.0,1.2,half_court,,,0.0,0,unknown,-30.386373032318687,224.52006961827084,2.852873794770615,green#?,,,0,20,1,PREDICTION,src/tracking/advanced_tracker.py:kalman_homography,,image_px,observed,none
1248,20.8,7,white,1124,80,0.3302,0.0468,0.24,-0.13,315.0,backcourt,0,12.8,14.5,21.0,none,79.2,79.2,1094.7,162.0,0,0,left,,867.4016,-32.16732,1025.068,227.43253,1586.0,33.0,27.02,34.3,-0.23,0,31.04,2.34,34.33,0,0,24,0.533,fast_break,0,0.0,21.7,,,4,,0.0,1.2,half_court,,,0.0,0,unknown,-30.386373032318687,224.52006961827084,2.852873794770615,white#?,,,0,20,1,PREDICTION,src/tracking/advanced_tracker.py:kalman_homography,,image_px,observed,none
1248,20.8,5,green,661,325,0.1942,0.1899,0.0,0.0,0.0,mid_range,0,26.8,11.0,11.7,none,255.0,255.0,641.0,478.2,0,0,left,,857.0,-6.0,1014.0,250.0,1586.0,33.0,27.02,20.3,0.0,0,18.25,9.5,20.23,0,0,24,0.467,fast_break,0,0.0,21.7,,,4,,0.0,1.2,half_court,,,0.0,0,unknown,-30.386373032318687,224.52006961827084,2.852873794770615,green#?,,,0,20,1,CLAMP,src/pipeline/unified_pipeline.py:jump_clamp,,image_px,observed,none
1254,20.9,6,white,1685,1292,0.495,0.7551,0.0,0.0,0.0,backcourt,0,34.9,2.6,30.1,none,688.2,688.2,1281.7,566.0,0,0,left,,828.0,-11.0,956.0,185.0,1594.0,30.0,8.54,44.0,0.0,0,46.53,37.76,43.21,0,0,25,1.0,fast_break,0,0.0,21.6,,,4,,0.0,1.3,half_court,,,0.0,0,unknown,57.4801703804992,228.46338987622016,1.4337208778404378,white#?,,,0,21,1,CLAMP,src/pipeline/unified_pipeline.py:jump_clamp,,image_px,observed,none
1254,20.9,9,white,1872,219,0.5499,0.128,0.0,0.0,0.0,backcourt,0,9.3,30.8,30.1,none,688.2,688.2,1281.7,566.0,0,0,left,,999.0,276.0,1147.0,449.0,1594.0,30.0,8.54,41.9,0.0,0,51.69,6.4,41.46,0,0,25,0.867,fast_break,0,0.0,21.6,,,4,,0.0,1.3,half_court,,,0.0,0,unknown,57.4801703804992,228.46338987622016,1.4337208778404378,white#?,,,0,21,1,CLAMP,src/pipeline/unified_pipeline.py:jump_clamp,,image_px,observed,none
1254,20.9,1,green,1591,1299,0.4674,0.7592,0.0,0.0,0.0,backcourt,0,35.0,2.6,48.8,none,220.7,220.7,637.3,523.0,0,0,left,,702.0,146.0,862.0,367.0,1594.0,30.0,8.54,41.6,0.0,0,43.93,37.96,40.8,0,0,25,0.667,fast_break,0,0.0,21.6,,,4,,0.0,1.3,half_court,,,0.0,0,unknown,57.4801703804992,228.46338987622016,1.4337208778404378,green#?,,,0,21,1,CLAMP,src/pipeline/unified_pipeline.py:jump_clamp,,image_px,observed,none
1254,20.9,2,green,3,198,0.0009,0.1157,0.0,0.0,0.0,mid_range,0,44.2,7.9,9.4,none,220.7,220.7,637.3,523.0,0,0,left,,282.0,145.0,391.0,380.0,1594.0,30.0,8.54,18.6,0.0,0,0.08,5.79,19.9,0,0,25,0.667,fast_break,0,0.0,21.6,,,4,,0.0,1.3,half_court,,,0.0,0,unknown,57.4801703804992,228.46338987622016,1.4337208778404378,green#?,,,0,21,1,SUBPIXEL,src/pipeline/unified_pipeline.py:subpixel_hold,,image_px,observed,none
1254,20.9,10,white,288,187,0.0846,0.1093,0.0,0.0,0.0,mid_range,0,36.3,3.3,43.8,none,688.2,688.2,1281.7,566.0,0,0,left,,926.0,227.0,1082.0,468.0,1594.0,30.0,8.54,18.8,0.0,0,7.95,5.46,19.72,0,0,25,0.667,fast_break,0,0.0,21.6,,,4,,0.0,1.3,half_court,,,0.0,0,unknown,57.4801703804992,228.46338987622016,1.4337208778404378,white#?,,,0,21,1,CLAMP,src/pipeline/unified_pipeline.py:jump_clamp,,image_px,observed,none
1254,20.9,3,green,318,72,0.0934,0.0421,3.5,-0.3,295.3,corner_3,0,35.3,3.3,9.4,none,220.7,220.7,637.3,523.0,0,0,left,,393.9886,-26.773308,535.2686,203.3067,1594.0,30.0,8.54,22.1,-3.41,0,8.78,2.1,23.17,0,0,25,0.6,fast_break,0,0.0,21.6,,,4,,0.0,1.3,half_court,,,0.0,0,unknown,57.4801703804992,228.46338987622016,1.4337208778404378,green#?,,,0,21,1,PREDICTION,src/tracking/advanced_tracker.py:kalman_homography,,image_px,observed,none
1260,21.0,6,white,1685,1292,0.495,0.7551,0.0,0.0,0.0,backcourt,0,34.8,2.6,30.1,none,688.2,688.2,1281.7,566.0,0,0,left,,828.0,-11.0,956.0,185.0,1562.0,36.0,32.56,44.0,0.0,0,46.53,37.76,43.21,0,0,26,0.933,fast_break,0,0.0,21.5,,,4,,0.0,1.4,half_court,,,0.0,0,unknown,78.29347709143336,304.2169520781182,4.116363011742823,white#?,,,0,21,1,CLAMP,src/pipeline/unified_pipeline.py:jump_clamp,,image_px,observed,none
1260,21.0,9,white,1872,219,0.5499,0.128,0.0,0.0,0.0,backcourt,0,9.9,30.8,30.1,none,688.2,688.2,1281.7,566.0,0,0,left,,999.0,276.0,1147.0,449.0,1562.0,36.0,32.56,41.9,0.0,0,51.69,6.4,41.46,0,0,26,0.8,fast_break,0,0.0,21.5,,,4,,0.0,1.4,half_court,,,0.0,0,unknown,78.29347709143336,304.2169520781182,4.116363011742823,white#?,,,0,21,1,CLAMP,src/pipeline/unified_pipeline.py:jump_clamp,,image_px,observed,none
1260,21.0,1,green,1591,1299,0.4674,0.7592,0.0,0.0,0.0,backcourt,0,34.9,2.6,49.0,none,236.6,236.6,640.7,517.0,0,0,left,,702.0,146.0,862.0,367.0,1562.0,36.0,32.56,41.6,0.0,0,43.93,37.96,40.8,0,0,26,0.6,fast_break,0,0.0,21.5,,,4,,0.0,1.4,half_court,,,0.0,0,unknown,78.29347709143336,304.2169520781182,4.116363011742823,green#?,,,0,21,1,CLAMP,src/pipeline/unified_pipeline.py:jump_clamp,,image_px,observed,none
1260,21.0,2,green,3,198,0.0009,0.1157,0.0,0.0,0.0,mid_range,0,43.3,7.9,9.8,none,236.6,236.6,640.7,517.0,0,0,left,,282.0,145.0,391.0,380.0,1562.0,36.0,32.56,18.6,0.0,0,0.08,5.79,19.9,0,0,26,0.6,fast_break,0,0.0,21.5,,,4,,0.0,1.4,half_court,,,0.0,0,unknown,78.29347709143336,304.2169520781182,4.116363011742823,green#?,,,0,21,1,SUBPIXEL,src/pipeline/unified_pipeline.py:subpixel_hold,,image_px,observed,none
1260,21.0,10,white,288,187,0.0846,0.1093,0.0,0.0,0.0,mid_range,0,35.4,3.8,43.8,none,688.2,688.2,1281.7,566.0,0,0,left,,926.0,227.0,1082.0,468.0,1562.0,36.0,32.56,18.8,0.0,0,7.95,5.46,19.72,0,0,26,0.6,fast_break,0,0.0,21.5,,,4,,0.0,1.4,half_court,,,0.0,0,unknown,78.29347709143336,304.2169520781182,4.116363011742823,white#?,,,0,21,1,CLAMP,src/pipeline/unified_pipeline.py:jump_clamp,,image_px,observed,none
1260,21.0,3,green,328,54,0.0964,0.0316,3.43,-0.07,299.1,corner_3,0,34.1,3.8,9.8,none,236.6,236.6,640.7,517.0,0,0,left,,393.08862,-57.223305,534.3686,172.85669,1562.0,36.0,32.56,22.7,-3.29,0,9.06,1.58,23.73,0,0,26,0.533,fast_break,0,0.0,21.5,,,4,,0.0,1.4,half_court,,,0.0,0,unknown,78.29347709143336,304.2169520781182,4.116363011742823,green#?,,,0,21,1,PREDICTION,src/tracking/advanced_tracker.py:kalman_homography,,image_px,observed,none
1266,21.1,6,white,1685,1292,0.495,0.7551,0.0,0.0,0.0,backcourt,0,35.1,2.6,30.1,none,688.2,688.2,1281.7,566.0,0,0,left,,828.0,-11.0,956.0,185.0,1581.0,27.0,21.02,44.0,0.0,0,46.53,37.76,43.21,0,0,27,0.867,fast_break,0,0.0,21.4,,,4,,0.0,1.5,half_court,,,0.0,0,unknown,81.75944668525003,25.061758088236274,3.6704525909242074,white#?,,,0,22,1,CLAMP,src/pipeline/unified_pipeline.py:jump_clamp,,image_px,observed,none
1266,21.1,9,white,1872,219,0.5499,0.128,0.0,0.0,0.0,backcourt,0,9.6,30.8,30.1,none,688.2,688.2,1281.7,566.0,0,0,left,,999.0,276.0,1147.0,449.0,1581.0,27.0,21.02,41.9,0.0,0,51.69,6.4,41.46,0,0,27,0.733,fast_break,0,0.0,21.4,,,4,,0.0,1.5,half_court,,,0.0,0,unknown,81.75944668525003,25.061758088236274,3.6704525909242074,white#?,,,0,22,1,CLAMP,src/pipeline/unified_pipeline.py:jump_clamp,,image_px,observed,none
1266,21.1,1,green,1591,1299,0.4674,0.7592,0.0,0.0,0.0,backcourt,0,35.1,2.6,53.4,none,,,797.0,748.5,0,0,left,,702.0,146.0,862.0,367.0,1581.0,27.0,21.02,41.6,0.0,0,43.93,37.96,40.8,0,0,27,0.533,fast_break,0,0.0,21.4,,,4,,0.0,1.5,half_court,,,0.0,0,unknown,81.75944668525003,25.061758088236274,3.6704525909242074,green#?,,,0,22,1,CLAMP,src/pipeline/unified_pipeline.py:jump_clamp,,image_px,observed,none
1266,21.1,2,green,3,198,0.0009,0.1157,0.0,0.0,0.0,mid_range,0,43.8,7.9,53.4,none,,,797.0,748.5,0,0,left,,282.0,145.0,391.0,380.0,1581.0,27.0,21.02,18.6,0.0,0,0.08,5.79,19.9,0,0,27,0.533,fast_break,0,0.0,21.4,,,4,,0.0,1.5,half_court,,,0.0,0,unknown,81.75944668525003,25.061758088236274,3.6704525909242074,green#?,,,0,22,1,SUBPIXEL,src/pipeline/unified_pipeline.py:subpixel_hold,,image_px,observed,none
1266,21.1,10,white,288,187,0.0846,0.1093,0.0,0.0,0.0,mid_range,0,36.0,7.9,43.8,none,688.2,688.2,1281.7,566.0,0,0,left,,926.0,227.0,1082.0,468.0,1581.0,27.0,21.02,18.8,0.0,0,7.95,5.46,19.72,0,0,27,0.533,fast_break,0,0.0,21.4,,,4,,0.0,1.5,half_court,,,0.0,0,unknown,81.75944668525003,25.061758088236274,3.6704525909242074,white#?,,,0,22,1,CLAMP,src/pipeline/unified_pipeline.py:jump_clamp,,image_px,observed,none
1272,21.2,7,white,1104,41,0.3243,0.024,7.3,7.06,242.9,backcourt,0,13.2,37.3,21.8,none,103.8,103.8,1088.0,149.0,0,0,left,,899.0,-12.0,989.0,177.0,1580.0,23.0,4.12,34.6,-1.7,0,30.49,1.2,34.69,0,0,28,1.0,fast_break,0,0.0,21.3,,,4,,0.0,1.6,half_court,,,0.0,0,unknown,83.17304607807823,113.22316506635605,1.3743685418725535,white#?,,,0,23,1,PREDICTION,src/tracking/advanced_tracker.py:id_merge,,image_px,observed,none
1272,21.2,9,white,1872,219,0.5499,0.128,0.0,0.0,0.0,backcourt,0,9.7,30.8,21.8,none,103.8,103.8,1088.0,149.0,0,0,left,,999.0,276.0,1147.0,449.0,1580.0,23.0,4.12,41.9,0.0,0,51.69,6.4,41.46,0,0,28,0.667,fast_break,0,0.0,21.3,,,4,,0.0,1.6,half_court,,,0.0,0,unknown,83.17304607807823,113.22316506635605,1.3743685418725535,white#?,,,0,23,1,CLAMP,src/pipeline/unified_pipeline.py:jump_clamp,,image_px,observed,none
1272,21.2,1,green,1591,1299,0.4674,0.7592,0.0,0.0,0.0,backcourt,0,35.2,30.8,,none,,,1591.0,1299.0,0,0,left,,702.0,146.0,862.0,367.0,1580.0,23.0,4.12,41.6,0.0,0,43.93,37.96,40.8,0,0,28,0.467,fast_break,0,0.0,21.3,,,4,,0.0,1.6,half_court,,,0.0,0,unknown,83.17304607807823,113.22316506635605,1.3743685418725535,green#?,,,0,23,1,CLAMP,src/pipeline/unified_pipeline.py:jump_clamp,,image_px,observed,none
1272,21.2,10,white,288,187,0.0846,0.1093,0.0,0.0,0.0,mid_range,0,36.0,47.3,22.9,none,103.8,103.8,1088.0,149.0,0,0,left,,926.0,227.0,1082.0,468.0,1580.0,23.0,4.12,18.8,0.0,0,7.95,5.46,19.72,0,0,28,0.467,fast_break,0,0.0,21.3,,,4,,0.0,1.6,half_court,,,0.0,0,unknown,83.17304607807823,113.22316506635605,1.3743685418725535,white#?,,,0,23,1,CLAMP,src/pipeline/unified_pipeline.py:jump_clamp,,image_px,observed,none
1278,21.3,7,white,1114,36,0.3273,0.021,1.86,-5.44,333.4,backcourt,0,11.9,,21.5,none,,,1493.0,127.5,0,0,left,,905.0,-15.0,999.0,168.0,1546.0,12.0,35.74,34.9,-1.81,0,30.76,1.05,34.99,0,0,29,1.0,fast_break,0,0.0,21.2,,,4,,0.0,1.7,half_court,,,0.0,0,unknown,82.74098559839524,50.318088941591554,4.116363011742823,white#?,,,0,24,1,PREDICTION,src/tracking/advanced_tracker.py:id_merge,,image_px,observed,none
1278,21.3,9,white,1872,219,0.5499,0.128,0.0,0.0,0.0,backcourt,0,10.7,,21.5,none,,,1493.0,127.5,0,0,left,,999.0,276.0,1147.0,449.0,1546.0,12.0,35.74,41.9,0.0,0,51.69,6.4,41.46,0,0,29,0.6,fast_break,0,0.0,21.2,,,4,,0.0,1.7,half_court,,,0.0,0,unknown,82.74098559839524,50.318088941591554,4.116363011742823,white#?,,,0,24,1,CLAMP,src/pipeline/unified_pipeline.py:jump_clamp,,image_px,observed,none
1284,21.4,7,white,1120,43,0.329,0.0251,1.54,-0.32,49.4,backcourt,0,11.3,,21.3,none,,,1496.0,131.0,0,0,left,,905.6826,-22.22422,1001.87585,167.3671,1528.0,6.0,18.97,34.9,-0.01,0,30.93,1.26,34.97,0,0,30,0.933,fast_break,0,0.0,21.1,,,4,,0.0,1.8,half_court,,,0.0,0,unknown,82.39495928444623,-245.5477568199849,2.3154073315749675,white#?,,,0,24,1,PREDICTION,src/tracking/advanced_tracker.py:id_merge,,image_px,observed,none
1284,21.4,9,white,1872,219,0.5499,0.128,0.0,0.0,0.0,backcourt,0,11.2,,21.3,none,,,1496.0,131.0,0,0,left,,999.0,276.0,1147.0,449.0,1528.0,6.0,18.97,41.9,0.0,0,51.69,6.4,41.46,0,0,30,0.533,fast_break,0,0.0,21.1,,,4,,0.0,1.8,half_court,,,0.0,0,unknown,82.39495928444623,-245.5477568199849,2.3154073315749675,white#?,,,0,24,1,CLAMP,src/pipeline/unified_pipeline.py:jump_clamp,,image_px,observed,none
1290,21.5,4,green,348,244,0.1022,0.1426,0.0,0.0,0.0,mid_range,0,32.6,22.2,8.9,none,,,504.5,284.5,0,0,left,,248.0,105.0,357.0,311.0,1502.0,1.0,26.48,17.7,0.0,0,9.61,7.13,18.39,0,0,31,1.0,fast_break,0,0.0,21.0,,,4,,0.0,1.9,half_court,,,0.0,0,unknown,81.09375888484719,355.2752703296913,2.6352313834736494,green#?,,,0,25,1,CLAMP,src/pipeline/unified_pipeline.py:jump_clamp,,image_px,observed,none
1290,21.5,5,green,661,325,0.1942,0.1899,0.0,0.0,0.0,mid_range,0,24.9,15.0,8.9,none,,,504.5,284.5,0,0,left,,1001.0,290.0,1103.0,472.0,1502.0,1.0,26.48,20.3,0.0,0,18.25,9.5,20.23,0,0,31,1.0,fast_break,0,0.0,21.0,,,4,,0.0,1.9,half_court,,,0.0,0,unknown,81.09375888484719,355.2752703296913,2.6352313834736494,green#?,,,0,25,1,CLAMP,src/pipeline/unified_pipeline.py:jump_clamp,,image_px,observed,none
1290,21.5,7,white,1125,41,0.3305,0.024,0.9,-0.64,338.2,backcourt,0,10.5,15.0,21.2,none,,,1498.5,130.0,0,0,left,,909.1833,-26.728828,1005.3765,162.86249,1502.0,1.0,26.48,35.0,-0.85,0,31.07,1.2,35.11,0,0,31,0.867,fast_break,0,0.0,21.0,,,4,,0.0,1.9,half_court,,,0.0,0,unknown,81.09375888484719,355.2752703296913,2.6352313834736494,white#?,,,0,25,1,PREDICTION,src/tracking/advanced_tracker.py:id_merge,,image_px,observed,none
1290,21.5,9,white,1872,219,0.5499,0.128,0.0,0.0,0.0,backcourt,0,11.9,33.6,21.2,none,,,1498.5,130.0,0,0,left,,999.0,276.0,1147.0,449.0,1502.0,1.0,26.48,41.9,0.0,0,51.69,6.4,41.46,0,0,31,0.467,fast_break,0,0.0,21.0,,,4,,0.0,1.9,half_court,,,0.0,0,unknown,81.09375888484719,355.2752703296913,2.6352313834736494,white#?,,,0,25,1,CLAMP,src/pipeline/unified_pipeline.py:jump_clamp,,image_px,observed,none
1296,21.6,4,green,72,130,0.0212,0.076,49.77,49.77,202.4,mid_range,0,,29.3,17.1,none,,,366.5,227.5,0,0,,,248.0,105.0,357.0,311.0,,,0.0,20.2,-24.0,0,1.99,3.8,21.45,0,0,32,0.933,fast_break,0,0.0,20.9,,,4,,0.0,2.0,half_court,,,0.0,0,unknown,78.8630895248754,233.9915546207228,4.058598553961974,green#?,,,0,26,1,PREDICTION,src/tracking/advanced_tracker.py:flow_gapfill_batched,,image_px,observed,none
1296,21.6,5,green,661,325,0.1942,0.1899,0.0,0.0,0.0,mid_range,0,,15.2,17.1,none,,,366.5,227.5,0,0,,,1001.0,290.0,1103.0,472.0,,,0.0,20.3,0.0,0,18.25,9.5,20.23,0,0,32,0.933,fast_break,0,0.0,20.9,,,4,,0.0,2.0,half_court,,,0.0,0,unknown,78.8630895248754,233.9915546207228,4.058598553961974,green#?,,,0,26,1,CLAMP,src/pipeline/unified_pipeline.py:jump_clamp,,image_px,observed,none
1296,21.6,7,white,1129,38,0.3317,0.0222,0.83,-0.07,323.1,backcourt,0,,15.2,,none,,,1129.0,38.0,0,0,,,912.68396,-31.233433,1008.8772,158.3579,,,0.0,35.2,-0.83,0,31.18,1.11,35.25,0,0,32,0.8,fast_break,0,0.0,20.9,,,4,,0.0,2.0,half_court,,,0.0,0,unknown,78.8630895248754,233.9915546207228,4.058598553961974,white#?,,,0,26,1,PREDICTION,src/tracking/advanced_tracker.py:id_merge,,image_px,observed,none
1302,21.7,4,green,105,138,0.0308,0.0807,5.66,-44.11,13.6,mid_range,0,37.0,28.6,16.2,none,,,383.0,231.5,0,0,left,,248.0,105.0,357.0,311.0,1437.0,1.0,0.0,19.9,1.7,0,2.9,4.03,21.1,0,0,33,0.867,fast_break,0,0.0,20.8,,,4,,0.0,2.1,half_court,,,0.0,0,unknown,77.30106433678073,211.35327133888143,3.1622776601683795,green#?,,,0,26,1,PREDICTION,src/tracking/advanced_tracker.py:flow_gapfill_batched,,image_px,observed,none
1302,21.7,5,green,661,325,0.1942,0.1899,0.0,0.0,0.0,mid_range,0,23.2,15.3,16.2,none,,,383.0,231.5,0,0,left,,1001.0,290.0,1103.0,472.0,1437.0,1.0,0.0,20.3,0.0,0,18.25,9.5,20.23,0,0,33,0.867,fast_break,0,0.0,20.8,,,4,,0.0,2.1,half_court,,,0.0,0,unknown,77.30106433678073,211.35327133888143,3.1622776601683795,green#?,,,0,26,1,CLAMP,src/pipeline/unified_pipeline.py:jump_clamp,,image_px,observed,none
1302,21.7,7,white,1134,35,0.3331,0.0205,0.97,0.14,329.0,backcourt,0,8.4,15.3,,none,,,1134.0,35.0,0,0,left,,916.18463,-35.738037,1012.37787,153.85329,1437.0,1.0,0.0,35.3,-0.96,0,31.31,1.02,35.42,0,0,33,0.733,fast_break,0,0.0,20.8,,,4,,0.0,2.1,half_court,,,0.0,0,unknown,77.30106433678073,211.35327133888143,3.1622776601683795,white#?,,,0,26,1,PREDICTION,src/tracking/advanced_tracker.py:id_merge,,image_px,observed,none
1308,21.8,2,green,114,123,0.0335,0.0719,22.33,22.33,326.0,mid_range,0,37.4,28.4,5.2,none,9.3,9.3,358.0,199.0,0,0,left,,296.0,141.0,431.0,295.0,1464.0,3.0,27.07,20.3,-11.49,0,3.15,3.59,21.51,0,0,34,1.0,fast_break,0,0.0,20.7,,,4,,0.0,2.2,half_court,,,0.0,0,unknown,78.52409589149217,225.68054785270093,2.748737083745107,green#?,,,0,27,1,PREDICTION,src/tracking/advanced_tracker.py:id_merge,,image_px,observed,none
1308,21.8,3,green,299,149,0.0878,0.0871,16.55,13.12,107.0,mid_range,0,32.4,23.4,5.2,none,9.3,9.3,358.0,199.0,0,0,left,,432.0,148.0,527.0,334.0,1464.0,3.0,27.07,19.9,16.48,0,8.26,4.35,20.86,0,0,34,1.0,fast_break,0,0.0,20.7,,,4,,0.0,2.2,half_court,,,0.0,0,unknown,78.52409589149217,225.68054785270093,2.748737083745107,green#?,,,0,27,1,DETECTION,src/tracking/advanced_tracker.py:_activate_slot,1308_148_432_334_527,image_px,observed,none
1308,21.8,5,green,661,325,0.1942,0.1899,0.0,0.0,0.0,mid_range,0,23.9,15.4,11.1,none,9.3,9.3,358.0,199.0,0,0,left,,1001.0,290.0,1103.0,472.0,1464.0,3.0,27.07,20.3,0.0,0,18.25,9.5,20.23,0,0,34,0.8,fast_break,0,0.0,20.7,,,4,,0.0,2.2,half_court,,,0.0,0,unknown,78.52409589149217,225.68054785270093,2.748737083745107,green#?,,,0,27,1,CLAMP,src/pipeline/unified_pipeline.py:jump_clamp,,image_px,observed,none
1308,21.8,7,white,1138,33,0.3343,0.0193,0.75,-0.22,333.4,backcourt,0,9.0,15.4,,none,,,1138.0,33.0,0,0,left,,919.6853,-40.24264,1015.87854,149.34868,1464.0,3.0,27.07,35.4,-0.73,0,31.43,0.96,35.54,0,0,34,0.667,fast_break,0,0.0,20.7,,,4,,0.0,2.2,half_court,,,0.0,0,unknown,78.52409589149217,225.68054785270093,2.748737083745107,white#?,,,0,27,1,PREDICTION,src/tracking/advanced_tracker.py:kalman_homography,,image_px,observed,none
1314,21.9,1,green,1591,1299,0.4674,0.7592,0.0,0.0,0.0,backcourt,1,35.8,37.2,37.2,none,152.1,152.1,663.5,479.0,0,0,left,37.2,1001.0,-2.0,1113.0,179.0,1483.0,6.0,19.24,41.6,0.0,0,43.93,37.96,40.8,0,0,35,1.0,fast_break,0,0.0,20.6,,,4,,0.0,0.0,half_court,,,0.0,0,unknown,81.71878987290289,-61.21129451931051,1.9436506316151003,green#?,,,0,17,1,CLAMP,src/pipeline/unified_pipeline.py:jump_clamp,,image_px,observed,none
1314,21.9,10,white,288,187,0.0846,0.1093,0.0,0.0,0.0,mid_range,0,33.4,0.8,24.0,none,,,715.5,108.5,0,0,left,37.2,1028.0,556.0,1120.0,674.0,1483.0,6.0,19.24,18.8,0.0,0,7.95,5.46,19.72,0,0,35,1.0,fast_break,0,0.0,20.6,,,4,,0.0,0.0,half_court,,,0.0,0,unknown,81.71878987290289,-61.21129451931051,1.9436506316151003,white#?,,,0,17,1,CLAMP,src/pipeline/unified_pipeline.py:jump_clamp,,image_px,observed,none
1314,21.9,2,green,110,132,0.0323,0.0771,1.64,-20.69,114.0,mid_range,0,38.1,5.1,5.1,none,152.1,152.1,663.5,479.0,0,0,left,37.2,298.80872,135.31116,432.36426,293.81116,1483.0,6.0,19.24,20.0,1.46,0,3.04,3.86,21.26,0,0,35,0.933,fast_break,0,0.0,20.6,,,4,,0.0,0.0,half_court,,,0.0,0,unknown,81.71878987290289,-61.21129451931051,1.9436506316151003,green#?,,,0,17,1,PREDICTION,src/tracking/advanced_tracker.py:kalman_homography,,image_px,observed,none
1314,21.9,3,green,292,160,0.0858,0.0935,2.17,-14.38,122.5,mid_range,0,33.2,0.8,5.1,none,152.1,152.1,663.5,479.0,0,0,left,37.2,432.0,148.0,527.0,334.0,1483.0,6.0,19.24,19.6,2.03,0,8.06,4.68,20.52,0,0,35,0.933,fast_break,0,0.0,20.6,,,4,,0.0,0.0,half_court,,,0.0,0,unknown,81.71878987290289,-61.21129451931051,1.9436506316151003,green#?,,,0,17,1,PREDICTION,src/tracking/advanced_tracker.py:id_merge,,image_px,observed,none
1314,21.9,5,green,661,325,0.1942,0.1899,0.0,0.0,0.0,mid_range,0,24.3,11.0,11.2,none,152.1,152.1,663.5,479.0,0,0,left,37.2,1001.0,290.0,1103.0,472.0,1483.0,6.0,19.24,20.3,0.0,0,18.25,9.5,20.23,0,0,35,0.733,fast_break,0,0.0,20.6,,,4,,0.0,0.0,half_court,,,0.0,0,unknown,81.71878987290289,-61.21129451931051,1.9436506316151003,green#?,,,0,17,1,CLAMP,src/pipeline/unified_pipeline.py:jump_clamp,,image_px,observed,none
1314,21.9,7,white,1143,30,0.3358,0.0175,0.97,0.22,329.0,backcourt,0,9.4,15.6,24.0,none,,,715.5,108.5,0,0,left,37.2,923.186,-44.747246,1019.3792,144.84409,1483.0,6.0,19.24,35.6,-0.96,0,31.56,0.88,35.7,0,0,35,0.6,fast_break,0,0.0,20.6,,,4,,0.0,0.0,half_court,,,0.0,0,unknown,81.71878987290289,-61.21129451931051,1.9436506316151003,white#?,,,0,17,1,PREDICTION,src/tracking/advanced_tracker.py:kalman_homography,,image_px,observed,none
1320,22.0,7,white,1100,1,0.3231,0.0006,8.64,7.67,214.0,backcourt,0,11.4,15.1,22.5,none,,,1488.0,124.0,0,0,left,30.1,920.0,-11.0,986.0,103.0,1513.0,10.0,30.27,35.2,2.08,0,30.38,0.03,35.42,0,0,36,1.0,transition,0,0.2,20.5,,,4,,0.0,0.1,transition,,,0.0,0,unknown,84.44368034615543,98.45050070383058,3.05959329178097,white#?,,,0,18,1,DETECTION,src/tracking/advanced_tracker.py:_activate_slot,1320_-11_920_103_986,image_px,observed,none
1320,22.0,8,white,1876,247,0.5511,0.1444,0.0,0.0,0.0,backcourt,0,12.0,30.1,22.5,none,,,1488.0,124.0,0,0,left,30.1,1019.0,2.0,1109.0,182.0,1513.0,10.0,30.27,41.5,0.0,0,51.8,7.22,41.0,0,0,36,1.0,transition,0,0.2,20.5,,,4,,0.0,0.1,transition,,,0.0,0,unknown,84.44368034615543,98.45050070383058,3.05959329178097,white#?,,,0,18,1,CLAMP,src/pipeline/unified_pipeline.py:jump_clamp,,image_px,observed,none
1320,22.0,1,green,1591,1299,0.4674,0.7592,0.0,0.0,0.0,backcourt,1,35.7,30.1,37.2,none,148.3,148.3,665.0,478.5,0,0,left,30.1,1001.0,-2.0,1113.0,179.0,1513.0,10.0,30.27,41.6,0.0,0,43.93,37.96,40.8,0,0,36,0.933,transition,0,0.2,20.5,,,4,,0.0,0.1,transition,,,0.0,0,unknown,84.44368034615543,98.45050070383058,3.05959329178097,green#?,,,0,18,1,CLAMP,src/pipeline/unified_pipeline.py:jump_clamp,,image_px,observed,none
1320,22.0,2,green,116,130,0.0341,0.076,1.05,-0.59,341.6,mid_range,0,38.7,27.4,4.9,none,148.3,148.3,665.0,478.5,0,0,left,30.1,300.90652,131.85367,434.46207,290.35367,1513.0,10.0,30.27,20.1,-0.28,0,3.2,3.8,21.3,0,0,36,0.867,transition,0,0.2,20.5,,,4,,0.0,0.1,transition,,,0.0,0,unknown,84.44368034615543,98.45050070383058,3.05959329178097,green#?,,,0,18,1,PREDICTION,src/tracking/advanced_tracker.py:kalman_homography,,image_px,observed,none
1320,22.0,3,green,292,160,0.0858,0.0935,0.0,-2.17,0.0,mid_range,0,34.0,22.7,4.9,none,148.3,148.3,665.0,478.5,0,0,left,30.1,432.0,148.0,527.0,334.0,1513.0,10.0,30.27,19.6,0.0,0,8.06,4.68,20.52,0,0,36,0.867,transition,0,0.2,20.5,,,4,,0.0,0.1,transition,,,0.0,0,unknown,84.44368034615543,98.45050070383058,3.05959329178097,green#?,,,0,18,1,SUBPIXEL,src/pipeline/unified_pipeline.py:subpixel_hold,,image_px,observed,none
1320,22.0,5,green,661,325,0.1942,0.1899,0.0,0.0,0.0,mid_range,0,25.1,15.1,11.2,none,148.3,148.3,665.0,478.5,0,0,left,30.1,1001.0,290.0,1103.0,472.0,1513.0,10.0,30.27,20.3,0.0,0,18.25,9.5,20.23,0,0,36,0.667,transition,0,0.2,20.5,,,4,,0.0,0.1,transition,,,0.0,0,unknown,84.44368034615543,98.45050070383058,3.05959329178097,green#?,,,0,18,1,CLAMP,src/pipeline/unified_pipeline.py:jump_clamp,,image_px,observed,none
1326,22.1,7,white,1104,10,0.3243,0.0058,1.64,-7.0,66.0,backcourt,0,11.8,15.0,22.3,none,,,1490.0,128.5,0,0,left,,917.11945,-22.877674,989.06647,106.0112,1531.0,13.0,18.25,35.1,0.5,0,30.49,0.29,35.32,0,0,37,0.933,transition,0,0.0,20.4,,,4,,0.0,0.0,half_court,,,0.0,0,unknown,85.77941678120725,103.62389658176062,1.8027756377319948,white#?,,,0,18,1,PREDICTION,src/tracking/advanced_tracker.py:kalman_homography,,image_px,observed,none
1326,22.1,8,white,1876,247,0.5511,0.1444,0.0,0.0,0.0,backcourt,0,11.5,30.1,22.3,none,,,1490.0,128.5,0,0,left,,1019.0,2.0,1109.0,182.0,1531.0,13.0,18.25,41.5,0.0,0,51.8,7.22,41.0,0,0,37,0.933,transition,0,0.0,20.4,,,4,,0.0,0.0,half_court,,,0.0,0,unknown,85.77941678120725,103.62389658176062,1.8027756377319948,white#?,,,0,18,1,CLAMP,src/pipeline/unified_pipeline.py:jump_clamp,,image_px,observed,none
1326,22.1,1,green,1591,1299,0.4674,0.7592,0.0,0.0,0.0,backcourt,0,35.6,30.1,37.2,none,144.4,144.4,666.2,477.8,0,0,left,,1001.0,-2.0,1113.0,179.0,1531.0,13.0,18.25,41.6,0.0,0,43.93,37.96,40.8,0,0,37,0.867,transition,0,0.0,20.4,,,4,,0.0,0.0,half_court,,,0.0,0,unknown,85.77941678120725,103.62389658176062,1.8027756377319948,green#?,,,0,18,1,CLAMP,src/pipeline/unified_pipeline.py:jump_clamp,,image_px,observed,none
1326,22.1,2,green,121,127,0.0355,0.0742,0.97,-0.08,329.0,mid_range,0,39.1,27.3,0.5,none,144.4,144.4,666.2,477.8,0,0,left,,303.00433,128.39618,436.55988,286.89618,1531.0,13.0,18.25,20.1,-0.46,0,3.34,3.71,21.37,0,0,37,0.8,transition,0,0.0,20.4,,,4,,0.0,0.0,half_court,,,0.0,0,unknown,85.77941678120725,103.62389658176062,1.8027756377319948,green#?,,,0,18,1,PREDICTION,src/tracking/advanced_tracker.py:kalman_homography,,image_px,observed,none
1326,22.1,3,green,292,160,0.0858,0.0935,0.0,0.0,0.0,mid_range,0,34.5,22.8,4.8,none,144.4,144.4,666.2,477.8,0,0,left,,432.0,148.0,527.0,334.0,1531.0,13.0,18.25,19.6,0.0,0,8.06,4.68,20.52,0,0,37,0.8,transition,0,0.0,20.4,,,4,,0.0,0.0,half_court,,,0.0,0,unknown,85.77941678120725,103.62389658176062,1.8027756377319948,green#?,,,0,18,1,SUBPIXEL,src/pipeline/unified_pipeline.py:subpixel_hold,,image_px,observed,none
1326,22.1,5,green,661,325,0.1942,0.1899,0.0,0.0,0.0,mid_range,0,25.5,15.0,11.2,none,144.4,144.4,666.2,477.8,0,0,left,,1001.0,290.0,1103.0,472.0,1531.0,13.0,18.25,20.3,0.0,0,18.25,9.5,20.23,0,0,37,0.6,transition,0,0.0,20.4,,,4,,0.0,0.0,half_court,,,0.0,0,unknown,85.77941678120725,103.62389658176062,1.8027756377319948,green#?,,,0,18,1,CLAMP,src/pipeline/unified_pipeline.py:jump_clamp,,image_px,observed,none
1332,22.2,9,white,1872,219,0.5499,0.128,0.0,0.0,0.0,backcourt,1,10.0,30.8,22.0,none,124.9,124.9,1087.7,138.0,0,0,left,30.8,1043.0,22.0,1169.0,186.0,1573.0,16.0,42.11,41.9,0.0,0,51.69,6.4,41.46,0,0,38,1.0,cut,0,0.0,20.3,,,4,,0.0,0.0,half_court,,,0.0,0,unknown,86.43932305136963,101.4463652208956,4.123105625617661,white#?,,,0,20,1,CLAMP,src/pipeline/unified_pipeline.py:jump_clamp,,image_px,observed,none
1332,22.2,10,white,288,187,0.0846,0.1093,0.0,0.0,0.0,mid_range,0,35.8,0.8,23.0,none,124.9,124.9,1087.7,138.0,0,0,left,30.8,1017.0,576.0,1107.0,674.0,1573.0,16.0,42.11,18.8,0.0,0,7.95,5.46,19.72,0,0,38,1.0,cut,0,0.0,20.3,,,4,,0.0,0.0,half_court,,,0.0,0,unknown,86.43932305136963,101.4463652208956,4.123105625617661,white#?,,,0,20,1,CLAMP,src/pipeline/unified_pipeline.py:jump_clamp,,image_px,observed,none
1332,22.2,7,white,1103,8,0.324,0.0047,0.37,-1.27,243.4,backcourt,0,13.0,15.0,22.0,none,124.9,124.9,1087.7,138.0,0,0,left,30.8,917.0482,-27.307476,988.99524,101.58139,1573.0,16.0,42.11,35.2,-0.1,0,30.46,0.23,35.34,0,0,38,0.867,cut,0,0.0,20.3,,,4,,0.0,0.0,half_court,,,0.0,0,unknown,86.43932305136963,101.4463652208956,4.123105625617661,white#?,,,0,20,1,PREDICTION,src/tracking/advanced_tracker.py:kalman_homography,,image_px,observed,none
1332,22.2,1,green,1591,1299,0.4674,0.7592,0.0,0.0,0.0,backcourt,0,35.4,30.8,37.2,none,141.0,141.0,667.5,477.2,0,0,left,30.8,1001.0,-2.0,1113.0,179.0,1573.0,16.0,42.11,41.6,0.0,0,43.93,37.96,40.8,0,0,38,0.8,cut,0,0.0,20.3,,,4,,0.0,0.0,half_court,,,0.0,0,unknown,86.43932305136963,101.4463652208956,4.123105625617661,green#?,,,0,20,1,CLAMP,src/pipeline/unified_pipeline.py:jump_clamp,,image_px,observed,none
1332,22.2,2,green,126,125,0.037,0.0731,0.9,-0.07,338.2,mid_range,0,40.1,4.8,0.7,none,141.0,141.0,667.5,477.2,0,0,left,30.8,305.10214,124.93869,438.65768,283.4387,1573.0,16.0,42.11,20.2,-0.3,0,3.48,3.65,21.42,0,0,38,0.733,cut,0,0.0,20.3,,,4,,0.0,0.0,half_court,,,0.0,0,unknown,86.43932305136963,101.4463652208956,4.123105625617661,green#?,,,0,20,1,PREDICTION,src/tracking/advanced_tracker.py:kalman_homography,,image_px,observed,none
1332,22.2,3,green,292,160,0.0858,0.0935,0.0,0.0,0.0,mid_range,0,35.6,0.8,4.7,none,141.0,141.0,667.5,477.2,0,0,left,30.8,432.0,148.0,527.0,334.0,1573.0,16.0,42.11,19.6,0.0,0,8.06,4.68,20.52,0,0,38,0.733,cut,0,0.0,20.3,,,4,,0.0,0.0,half_court,,,0.0,0,unknown,86.43932305136963,101.4463652208956,4.123105625617661,green#?,,,0,20,1,SUBPIXEL,src/pipeline/unified_pipeline.py:subpixel_hold,,image_px,observed,none
1332,22.2,5,green,661,325,0.1942,0.1899,0.0,0.0,0.0,mid_range,0,26.6,11.0,11.2,none,141.0,141.0,667.5,477.2,0,0,left,30.8,1001.0,290.0,1103.0,472.0,1573.0,16.0,42.11,20.3,0.0,0,18.25,9.5,20.23,0,0,38,0.533,cut,0,0.0,20.3,,,4,,0.0,0.0,half_court,,,0.0,0,unknown,86.43932305136963,101.4463652208956,4.123105625617661,green#?,,,0,20,1,CLAMP,src/pipeline/unified_pipeline.py:jump_clamp,,image_px,observed,none
1338,22.3,1,green,1591,1299,0.4674,0.7592,0.0,0.0,0.0,backcourt,0,35.4,30.8,37.2,none,136.7,136.7,669.0,476.5,0,0,left,30.8,999.0,0.0,1069.0,121.0,1557.0,19.0,16.28,41.6,0.0,0,43.93,37.96,40.8,0,0,39,1.0,cut,0,0.1,20.2,,,4,,0.0,0.1,half_court,,,0.0,0,unknown,86.65434541158642,98.94323329115788,2.1666666666666665,green#?,,,0,20,1,CLAMP,src/pipeline/unified_pipeline.py:jump_clamp,,image_px,observed,none
1338,22.3,9,white,1872,219,0.5499,0.128,0.0,0.0,0.0,backcourt,1,10.3,30.8,22.1,none,126.2,126.2,1087.0,137.3,0,0,left,30.8,1043.0,22.0,1169.0,186.0,1557.0,19.0,16.28,41.9,0.0,0,51.69,6.4,41.46,0,0,39,0.933,cut,0,0.1,20.2,,,4,,0.0,0.1,half_court,,,0.0,0,unknown,86.65434541158642,98.94323329115788,2.1666666666666665,white#?,,,0,20,1,CLAMP,src/pipeline/unified_pipeline.py:jump_clamp,,image_px,observed,none
1338,22.3,10,white,288,187,0.0846,0.1093,0.0,0.0,0.0,mid_range,0,35.3,0.8,23.0,none,126.2,126.2,1087.0,137.3,0,0,left,30.8,1013.43427,578.1048,1103.5942,677.7048,1557.0,19.0,16.28,18.8,0.0,0,7.95,5.46,19.72,0,0,39,0.933,cut,0,0.1,20.2,,,4,,0.0,0.1,half_court,,,0.0,0,unknown,86.65434541158642,98.94323329115788,2.1666666666666665,white#?,,,0,20,1,CLAMP,src/pipeline/unified_pipeline.py:jump_clamp,,image_px,observed,none
1338,22.3,7,white,1101,6,0.3234,0.0035,0.47,0.1,225.0,backcourt,0,12.6,15.0,22.1,none,126.2,126.2,1087.0,137.3,0,0,left,30.8,916.977,-31.737278,988.924,97.151596,1557.0,19.0,16.28,35.1,0.03,0,30.4,0.18,35.34,0,0,39,0.8,cut,0,0.1,20.2,,,4,,0.0,0.1,half_court,,,0.0,0,unknown,86.65434541158642,98.94323329115788,2.1666666666666665,white#?,,,0,20,1,PREDICTION,src/tracking/advanced_tracker.py:kalman_homography,,image_px,observed,none
1338,22.3,2,green,132,122,0.0388,0.0713,1.12,0.22,333.4,mid_range,0,39.5,4.7,0.9,none,136.7,136.7,669.0,476.5,0,0,left,30.8,307.19995,121.4812,440.7555,279.9812,1557.0,19.0,16.28,20.3,-0.47,0,3.65,3.57,21.49,0,0,39,0.667,cut,0,0.1,20.2,,,4,,0.0,0.1,half_court,,,0.0,0,unknown,86.65434541158642,98.94323329115788,2.1666666666666665,green#?,,,0,20,1,PREDICTION,src/tracking/advanced_tracker.py:kalman_homography,,image_px,observed,none
1338,22.3,3,green,292,160,0.0858,0.0935,0.0,0.0,0.0,mid_range,0,35.1,0.8,4.5,none,136.7,136.7,669.0,476.5,0,0,left,30.8,432.0,148.0,527.0,334.0,1557.0,19.0,16.28,19.6,0.0,0,8.06,4.68,20.52,0,0,39,0.667,cut,0,0.1,20.2,,,4,,0.0,0.1,half_court,,,0.0,0,unknown,86.65434541158642,98.94323329115788,2.1666666666666665,green#?,,,0,20,1,SUBPIXEL,src/pipeline/unified_pipeline.py:subpixel_hold,,image_px,observed,none
1338,22.3,5,green,661,325,0.1942,0.1899,0.0,0.0,0.0,mid_range,0,26.1,11.0,11.2,none,136.7,136.7,669.0,476.5,0,0,left,30.8,1001.0,290.0,1103.0,472.0,1557.0,19.0,16.28,20.3,0.0,0,18.25,9.5,20.23,0,0,39,0.467,cut,0,0.1,20.2,,,4,,0.0,0.1,half_court,,,0.0,0,unknown,86.65434541158642,98.94323329115788,2.1666666666666665,green#?,,,0,20,1,CLAMP,src/pipeline/unified_pipeline.py:jump_clamp,,image_px,observed,none
1344,22.4,6,white,1685,1292,0.495,0.7551,0.0,0.0,0.0,backcourt,1,35.3,2.6,39.1,none,465.3,465.3,1024.0,494.0,0,0,left,2.6,1081.0,43.0,1187.0,191.0,1539.0,22.0,18.25,44.0,0.0,0,46.53,37.76,43.21,0,0,40,1.0,cut,0,0.2,20.1,,,4,,0.0,0.2,half_court,,,0.0,0,unknown,86.6291947018882,97.3816421409556,2.386303510546059,white#?,,,0,28,1,CLAMP,src/pipeline/unified_pipeline.py:jump_clamp,,image_px,observed,none
1344,22.4,1,green,1591,1299,0.4674,0.7592,0.0,0.0,0.0,backcourt,0,35.3,2.6,47.7,none,49.3,49.3,674.0,526.3,0,0,left,2.6,992.01807,-8.84103,1065.2488,116.77437,1539.0,22.0,18.25,41.6,0.0,0,43.93,37.96,40.8,0,0,40,0.933,cut,0,0.2,20.1,,,4,,0.0,0.2,half_court,,,0.0,0,unknown,86.6291947018882,97.3816421409556,2.386303510546059,green#?,,,0,28,1,CLAMP,src/pipeline/unified_pipeline.py:jump_clamp,,image_px,observed,none
1344,22.4,10,white,288,187,0.0846,0.1093,0.0,0.0,0.0,mid_range,0,34.8,0.8,23.0,none,465.3,465.3,1024.0,494.0,0,0,left,2.6,1009.8343,581.1048,1099.9943,680.7048,1539.0,22.0,18.25,18.8,0.0,0,7.95,5.46,19.72,0,0,40,0.867,cut,0,0.2,20.1,,,4,,0.0,0.2,half_court,,,0.0,0,unknown,86.6291947018882,97.3816421409556,2.386303510546059,white#?,,,0,28,1,CLAMP,src/pipeline/unified_pipeline.py:jump_clamp,,image_px,observed,none
1344,22.4,7,white,1099,3,0.3229,0.0018,0.6,0.13,236.3,backcourt,0,12.2,22.7,23.0,none,465.3,465.3,1024.0,494.0,0,0,left,2.6,916.90576,-36.167076,988.8528,92.721794,1539.0,22.0,18.25,35.2,-0.09,0,30.35,0.09,35.36,0,0,40,0.733,cut,0,0.2,20.1,,,4,,0.0,0.2,half_court,,,0.0,0,unknown,86.6291947018882,97.3816421409556,2.386303510546059,white#?,,,0,28,1,PREDICTION,src/tracking/advanced_tracker.py:kalman_homography,,image_px,observed,none
1344,22.4,2,green,139,120,0.0408,0.0701,1.21,0.09,344.1,mid_range,0,38.8,4.5,4.4,none,49.3,49.3,674.0,526.3,0,0,left,2.6,309.29776,118.02371,442.8533,276.5237,1539.0,22.0,18.25,20.3,-0.31,0,3.84,3.51,21.54,0,0,40,0.6,cut,0,0.2,20.1,,,4,,0.0,0.2,half_court,,,0.0,0,unknown,86.6291947018882,97.3816421409556,2.386303510546059,green#?,,,0,28,1,PREDICTION,src/tracking/advanced_tracker.py:kalman_homography,,image_px,observed,none
1344,22.4,3,green,292,160,0.0858,0.0935,0.0,0.0,0.0,mid_range,0,34.6,0.8,4.4,none,49.3,49.3,674.0,526.3,0,0,left,2.6,432.0,148.0,527.0,334.0,1539.0,22.0,18.25,19.6,0.0,0,8.06,4.68,20.52,0,0,40,0.6,cut,0,0.2,20.1,,,4,,0.0,0.2,half_court,,,0.0,0,unknown,86.6291947018882,97.3816421409556,2.386303510546059,green#?,,,0,28,1,SUBPIXEL,src/pipeline/unified_pipeline.py:subpixel_hold,,image_px,observed,none
1350,22.5,5,green,661,325,0.1942,0.1899,0.0,0.0,0.0,mid_range,0,24.7,11.0,11.2,none,129.1,129.1,672.0,475.5,0,0,left,2.6,987.0,307.0,1075.0,495.0,1505.0,26.0,34.23,20.3,0.0,0,18.25,9.5,20.23,0,0,41,1.0,cut,0,0.2,20.0,,,4,,0.0,0.3,half_court,,,0.0,0,unknown,85.60785343821266,99.08329917721449,3.961621441334904,green#?,,,0,29,1,CLAMP,src/pipeline/unified_pipeline.py:jump_clamp,,image_px,observed,none
1350,22.5,6,white,1685,1292,0.495,0.7551,0.0,0.0,0.0,backcourt,1,35.3,2.6,39.2,none,466.0,466.0,1023.7,493.3,0,0,left,2.6,1081.0,43.0,1187.0,191.0,1505.0,26.0,34.23,44.0,0.0,0,46.53,37.76,43.21,0,0,41,0.933,cut,0,0.2,20.0,,,4,,0.0,0.3,half_court,,,0.0,0,unknown,85.60785343821266,99.08329917721449,3.961621441334904,white#?,,,0,29,1,CLAMP,src/pipeline/unified_pipeline.py:jump_clamp,,image_px,observed,none
1350,22.5,1,green,1591,1299,0.4674,0.7592,0.0,0.0,0.0,backcourt,0,35.2,2.6,37.2,none,129.1,129.1,672.0,475.5,0,0,left,2.6,986.52356,-15.529919,1059.7544,110.08548,1505.0,26.0,34.23,41.6,0.0,0,43.93,37.96,40.8,0,0,41,0.867,cut,0,0.2,20.0,,,4,,0.0,0.3,half_court,,,0.0,0,unknown,85.60785343821266,99.08329917721449,3.961621441334904,green#?,,,0,29,1,CLAMP,src/pipeline/unified_pipeline.py:jump_clamp,,image_px,observed,none
1350,22.5,10,white,288,187,0.0846,0.1093,0.0,0.0,0.0,mid_range,0,33.9,0.8,22.9,none,466.0,466.0,1023.7,493.3,0,0,left,2.6,1006.2343,584.1048,1096.3943,683.7048,1505.0,26.0,34.23,18.8,0.0,0,7.95,5.46,19.72,0,0,41,0.8,cut,0,0.2,20.0,,,4,,0.0,0.3,half_court,,,0.0,0,unknown,85.60785343821266,99.08329917721449,3.961621441334904,white#?,,,0,29,1,CLAMP,src/pipeline/unified_pipeline.py:jump_clamp,,image_px,observed,none
1350,22.5,7,white,1098,1,0.3226,0.0006,0.37,-0.23,243.4,backcourt,0,11.3,15.0,22.9,none,466.0,466.0,1023.7,493.3,0,0,left,2.6,916.83453,-40.596878,988.78156,88.29199,1505.0,26.0,34.23,35.2,-0.1,0,30.32,0.03,35.38,0,0,41,0.667,cut,0,0.2,20.0,,,4,,0.0,0.3,half_court,,,0.0,0,unknown,85.60785343821266,99.08329917721449,3.961621441334904,white#?,,,0,29,1,PREDICTION,src/tracking/advanced_tracker.py:kalman_homography,,image_px,observed,none
1350,22.5,2,green,144,118,0.0423,0.069,0.9,-0.31,338.2,mid_range,0,37.7,4.4,4.2,none,129.1,129.1,672.0,475.5,0,0,left,2.6,311.39557,114.56622,444.9511,273.06622,1505.0,26.0,34.23,20.4,-0.32,0,3.98,3.45,21.59,0,0,41,0.533,cut,0,0.2,20.0,,,4,,0.0,0.3,half_court,,,0.0,0,unknown,85.60785343821266,99.08329917721449,3.961621441334904,green#?,,,0,29,1,PREDICTION,src/tracking/advanced_tracker.py:kalman_homography,,image_px,observed,none
1350,22.5,3,green,292,160,0.0858,0.0935,0.0,0.0,0.0,mid_range,0,33.7,0.8,4.2,none,129.1,129.1,672.0,475.5,0,0,left,2.6,432.0,148.0,527.0,334.0,1505.0,26.0,34.23,19.6,0.0,0,8.06,4.68,20.52,0,0,41,0.533,cut,0,0.2,20.0,,,4,,0.0,0.3,half_court,,,0.0,0,unknown,85.60785343821266,99.08329917721449,3.961621441334904,green#?,,,0,29,1,SUBPIXEL,src/pipeline/unified_pipeline.py:subpixel_hold,,image_px,observed,none
1356,22.6,5,green,661,325,0.1942,0.1899,0.0,0.0,0.0,mid_range,0,25.6,11.0,9.3,none,117.4,117.4,705.5,473.5,0,0,left,2.6,989.0,315.0,1071.0,485.0,1537.0,21.0,32.39,20.3,0.0,0,18.25,9.5,20.23,0,0,42,1.0,cut,0,2.1,19.9,,,4,,0.0,0.4,half_court,,,0.0,0,unknown,82.26298301250706,102.67939850139965,4.116363011742823,green#?,,,0,29,1,CLAMP,src/pipeline/unified_pipeline.py:jump_clamp,,image_px,observed,none
1356,22.6,10,white,288,187,0.0846,0.1093,0.0,0.0,0.0,mid_range,0,34.8,2.7,24.8,none,495.7,495.7,1046.3,493.7,0,0,left,2.6,1037.0,587.0,1123.0,675.0,1537.0,21.0,32.39,18.8,0.0,0,7.95,5.46,19.72,0,0,42,1.0,cut,0,2.1,19.9,,,4,,0.0,0.4,half_court,,,0.0,0,unknown,82.26298301250706,102.67939850139965,4.116363011742823,white#?,,,0,29,1,CLAMP,src/pipeline/unified_pipeline.py:jump_clamp,,image_px,observed,none
1356,22.6,6,white,1685,1292,0.495,0.7551,0.0,0.0,0.0,backcourt,1,35.3,2.6,38.4,none,495.7,495.7,1046.3,493.7,0,0,left,2.6,1081.0,43.0,1187.0,191.0,1537.0,21.0,32.39,44.0,0.0,0,46.53,37.76,43.21,0,0,42,0.867,cut,0,2.1,19.9,,,4,,0.0,0.4,half_court,,,0.0,0,unknown,82.26298301250706,102.67939850139965,4.116363011742823,white#?,,,0,29,1,CLAMP,src/pipeline/unified_pipeline.py:jump_clamp,,image_px,observed,none
1356,22.6,1,green,1591,1299,0.4674,0.7592,0.0,0.0,0.0,backcourt,0,35.3,2.6,37.2,none,117.4,117.4,705.5,473.5,0,0,left,2.6,981.0292,-22.218807,1054.2599,103.39659,1537.0,21.0,32.39,41.6,0.0,0,43.93,37.96,40.8,0,0,42,0.8,cut,0,2.1,19.9,,,4,,0.0,0.4,half_court,,,0.0,0,unknown,82.26298301250706,102.67939850139965,4.116363011742823,green#?,,,0,29,1,CLAMP,src/pipeline/unified_pipeline.py:jump_clamp,,image_px,observed,none
1356,22.6,7,white,1166,2,0.3425,0.0012,11.33,10.96,0.8,backcourt,0,10.3,16.6,24.8,none,495.7,495.7,1046.3,493.7,0,0,left,2.6,916.7633,-45.02668,988.7103,83.86219,1537.0,21.0,32.39,36.6,-8.56,0,32.2,0.06,36.72,0,0,42,0.6,cut,0,2.1,19.9,,,4,,0.0,0.4,half_court,,,0.0,0,unknown,82.26298301250706,102.67939850139965,4.116363011742823,white#?,,,0,29,1,PREDICTION,src/tracking/advanced_tracker.py:flow_gapfill_batched,,image_px,observed,none
1356,22.6,2,green,194,122,0.057,0.0713,8.36,7.46,4.6,mid_range,0,37.2,3.2,5.1,none,117.4,117.4,705.5,473.5,0,0,left,2.6,313.49338,111.108734,447.04892,269.60873,1537.0,21.0,32.39,20.3,0.2,0,5.36,3.57,21.44,0,0,42,0.467,cut,0,2.1,19.9,,,4,,0.0,0.4,half_court,,,0.0,0,unknown,82.26298301250706,102.67939850139965,4.116363011742823,green#?,,,0,29,1,PREDICTION,src/tracking/advanced_tracker.py:flow_gapfill_batched,,image_px,observed,none
1356,22.6,3,green,376,148,0.1105,0.0865,14.14,14.14,351.9,mid_range,0,32.3,2.7,5.1,none,117.4,117.4,705.5,473.5,0,0,left,2.6,432.0,148.0,527.0,334.0,1537.0,21.0,32.39,20.5,-6.11,0,10.38,4.32,21.3,0,0,42,0.467,cut,0,2.1,19.9,,,4,,0.0,0.4,half_court,,,0.0,0,unknown,82.26298301250706,102.67939850139965,4.116363011742823,green#?,,,0,29,1,PREDICTION,src/tracking/advanced_tracker.py:flow_gapfill_batched,,image_px,observed,none
1362,22.7,5,green,661,325,0.1942,0.1899,0.0,0.0,0.0,mid_range,0,25.4,11.0,37.2,none,,,1126.0,812.0,0,0,left,2.6,991.0,311.0,1087.0,496.0,1528.0,22.0,9.06,20.3,0.0,0,18.25,9.5,20.23,0,0,43,1.0,cut,0,3.9,19.8,,,4,,0.0,0.5,half_court,,,0.0,0,unknown,43.28392872251303,102.4912369595911,1.2692955176439848,green#?,,,0,30,1,CLAMP,src/pipeline/unified_pipeline.py:jump_clamp,,image_px,observed,none
1362,22.7,10,white,288,187,0.0846,0.1093,0.0,0.0,0.0,mid_range,0,34.5,11.0,26.5,none,524.2,524.2,1068.0,494.0,0,0,left,2.6,1075.0,589.0,1169.0,675.0,1528.0,22.0,9.06,18.8,0.0,0,7.95,5.46,19.72,0,0,43,1.0,cut,0,3.9,19.8,,,4,,0.0,0.5,half_court,,,0.0,0,unknown,43.28392872251303,102.4912369595911,1.2692955176439848,white#?,,,0,30,1,CLAMP,src/pipeline/unified_pipeline.py:jump_clamp,,image_px,observed,none
1362,22.7,6,white,1685,1292,0.495,0.7551,0.0,0.0,0.0,backcourt,1,35.3,2.6,37.7,none,524.2,524.2,1068.0,494.0,0,0,left,2.6,1081.0,43.0,1187.0,191.0,1528.0,22.0,9.06,44.0,0.0,0,46.53,37.76,43.21,0,0,43,0.8,cut,0,3.9,19.8,,,4,,0.0,0.5,half_court,,,0.0,0,unknown,43.28392872251303,102.4912369595911,1.2692955176439848,white#?,,,0,30,1,CLAMP,src/pipeline/unified_pipeline.py:jump_clamp,,image_px,observed,none
1362,22.7,1,green,1591,1299,0.4674,0.7592,0.0,0.0,0.0,backcourt,0,35.3,2.6,37.2,none,,,1126.0,812.0,0,0,left,2.6,975.53467,-28.907696,1048.7655,96.7077,1528.0,22.0,9.06,41.6,0.0,0,43.93,37.96,40.8,0,0,43,0.733,cut,0,3.9,19.8,,,4,,0.0,0.5,half_court,,,0.0,0,unknown,43.28392872251303,102.4912369595911,1.2692955176439848,green#?,,,0,30,1,CLAMP,src/pipeline/unified_pipeline.py:jump_clamp,,image_px,observed,none
1362,22.7,7,white,1231,3,0.3616,0.0018,10.83,-0.5,0.9,backcourt,0,8.2,18.1,26.5,none,524.2,524.2,1068.0,494.0,0,0,left,2.6,916.6921,-49.45648,988.6391,79.43239,1528.0,22.0,9.06,37.9,-8.39,0,33.99,0.09,38.04,0,0,43,0.533,cut,0,3.9,19.8,,,4,,0.0,0.5,half_court,,,0.0,0,unknown,43.28392872251303,102.4912369595911,1.2692955176439848,white#?,,,0,30,1,PREDICTION,src/tracking/advanced_tracker.py:flow_gapfill_batched,,image_px,observed,none
1368,22.8,5,green,661,325,0.1942,0.1899,0.0,0.0,0.0,mid_range,0,24.9,11.0,37.2,none,,,1126.0,812.0,0,0,left,2.6,984.0,309.0,1098.0,493.0,1512.0,25.0,16.28,20.3,0.0,0,18.25,9.5,20.23,0,0,44,1.0,cut,0,5.8,19.7,,,4,,0.0,0.6,half_court,,,0.0,0,unknown,-74.08250867833871,-30.688462581076923,1.950783318453271,green#?,,,0,30,1,CLAMP,src/pipeline/unified_pipeline.py:jump_clamp,,image_px,observed,none
1368,22.8,10,white,288,187,0.0846,0.1093,0.0,0.0,0.0,mid_range,0,34.1,11.0,28.4,none,553.9,553.9,1090.7,494.3,0,0,left,2.6,1115.0,593.0,1205.0,675.0,1512.0,25.0,16.28,18.8,0.0,0,7.95,5.46,19.72,0,0,44,1.0,cut,0,5.8,19.7,,,4,,0.0,0.6,half_court,,,0.0,0,unknown,-74.08250867833871,-30.688462581076923,1.950783318453271,white#?,,,0,30,1,CLAMP,src/pipeline/unified_pipeline.py:jump_clamp,,image_px,observed,none
1368,22.8,6,white,1685,1292,0.495,0.7551,0.0,0.0,0.0,backcourt,1,35.3,2.6,37.1,none,553.9,553.9,1090.7,494.3,0,0,left,2.6,1081.0,43.0,1187.0,191.0,1512.0,25.0,16.28,44.0,0.0,0,46.53,37.76,43.21,0,0,44,0.733,cut,0,5.8,19.7,,,4,,0.0,0.6,half_court,,,0.0,0,unknown,-74.08250867833871,-30.688462581076923,1.950783318453271,white#?,,,0,30,1,CLAMP,src/pipeline/unified_pipeline.py:jump_clamp,,image_px,observed,none
1368,22.8,1,green,1591,1299,0.4674,0.7592,0.0,0.0,0.0,backcourt,0,35.2,2.6,37.2,none,,,1126.0,812.0,0,0,left,2.6,970.0403,-35.596584,1043.271,90.018814,1512.0,25.0,16.28,41.6,0.0,0,43.93,37.96,40.8,0,0,44,0.667,cut,0,5.8,19.7,,,4,,0.0,0.6,half_court,,,0.0,0,unknown,-74.08250867833871,-30.688462581076923,1.950783318453271,green#?,,,0,30,1,CLAMP,src/pipeline/unified_pipeline.py:jump_clamp,,image_px,observed,none
1368,22.8,7,white,1299,4,0.3816,0.0023,11.33,0.5,0.8,backcourt,0,5.9,19.7,28.4,none,553.9,553.9,1090.7,494.3,0,0,left,2.6,916.62085,-53.886276,988.5679,75.002594,1512.0,25.0,16.28,39.4,-9.0,0,35.87,0.12,39.46,0,0,44,0.467,cut,0,5.8,19.7,,,4,,0.0,0.6,half_court,,,0.0,0,unknown,-74.08250867833871,-30.688462581076923,1.950783318453271,white#?,,,0,30,1,PREDICTION,src/tracking/advanced_tracker.py:flow_gapfill_batched,,image_px,observed,none
1374,22.9,5,green,593,116,0.1742,0.0678,36.63,36.63,252.0,3pt_arc,0,24.4,44.3,42.7,none,,,1092.0,707.5,0,0,left,2.6,585.0,119.0,691.0,290.0,1471.0,20.0,41.3,23.8,-24.15,0,16.38,3.39,24.31,0,0,45,1.0,cut,0,5.8,19.6,,,4,,0.0,0.7,half_court,,,0.0,0,unknown,-82.4340048007485,139.00731901148174,3.961621441334904,green#?,,,0,31,1,DETECTION,src/tracking/advanced_tracker.py:_activate_slot,1374_119_585_290_691,image_px,observed,none
1374,22.9,6,white,1685,1292,0.495,0.7551,0.0,0.0,0.0,backcourt,1,35.6,2.6,,none,,,1685.0,1292.0,0,0,left,2.6,1081.0,43.0,1187.0,191.0,1471.0,20.0,41.3,44.0,0.0,0,46.53,37.76,43.21,0,0,45,0.667,cut,0,5.8,19.6,,,4,,0.0,0.7,half_court,,,0.0,0,unknown,-82.4340048007485,139.00731901148174,3.961621441334904,white#?,,,0,31,1,CLAMP,src/pipeline/unified_pipeline.py:jump_clamp,,image_px,observed,none
1374,22.9,1,green,1591,1299,0.4674,0.7592,0.0,0.0,0.0,backcourt,0,35.5,2.6,42.7,none,,,1092.0,707.5,0,0,left,2.6,964.5458,-42.285473,1037.7766,83.329926,1471.0,20.0,41.3,41.6,0.0,0,43.93,37.96,40.8,0,0,45,0.6,cut,0,5.8,19.6,,,4,,0.0,0.7,half_court,,,0.0,0,unknown,-82.4340048007485,139.00731901148174,3.961621441334904,green#?,,,0,31,1,CLAMP,src/pipeline/unified_pipeline.py:jump_clamp,,image_px,observed,none
1380,23.0,4,green,105,138,0.0308,0.0807,0.0,-5.66,0.0,mid_range,0,38.3,5.2,11.6,none,220.9,220.9,740.0,511.3,0,0,left,2.6,837.0,128.0,967.0,306.0,1488.0,27.0,18.38,19.9,0.0,0,2.9,4.03,21.1,0,0,46,1.0,cut,0,5.8,19.5,,,4,,0.0,0.8,half_court,,,0.0,0,unknown,-83.4440554508082,140.15797578150864,2.386303510546059,green#?,,,0,32,1,CLAMP,src/pipeline/unified_pipeline.py:jump_clamp,,image_px,observed,none
1380,23.0,5,green,524,97,0.1539,0.0567,11.93,-24.7,195.4,corner_3,0,26.7,7.0,11.6,none,220.9,220.9,740.0,511.3,0,0,left,2.6,554.0,99.0,636.0,261.0,1488.0,27.0,18.38,23.3,2.21,0,14.47,2.83,24.01,0,0,46,1.0,cut,0,5.8,19.5,,,4,,0.0,0.8,half_court,,,0.0,0,unknown,-83.4440554508082,140.15797578150864,2.386303510546059,green#?,,,0,32,1,DETECTION,src/tracking/advanced_tracker.py:_activate_slot,1380_99_554_261_636,image_px,observed,none
1380,23.0,6,white,1685,1292,0.495,0.7551,0.0,0.0,0.0,backcourt,1,35.4,2.6,30.1,none,688.2,688.2,1281.7,566.0,0,0,left,2.6,1141.0,33.0,1215.0,201.0,1488.0,27.0,18.38,44.0,0.0,0,46.53,37.76,43.21,0,0,46,1.0,cut,0,5.8,19.5,,,4,,0.0,0.8,half_court,,,0.0,0,unknown,-83.4440554508082,140.15797578150864,2.386303510546059,white#?,,,0,32,1,CLAMP,src/pipeline/unified_pipeline.py:jump_clamp,,image_px,observed,none
1380,23.0,10,white,288,187,0.0846,0.1093,0.0,0.0,0.0,mid_range,0,33.4,5.2,43.8,none,688.2,688.2,1281.7,566.0,0,0,left,2.6,1164.8427,594.3649,1255.285,679.387,1488.0,27.0,18.38,18.8,0.0,0,7.95,5.46,19.72,0,0,46,0.867,cut,0,5.8,19.5,,,4,,0.0,0.8,half_court,,,0.0,0,unknown,-83.4440554508082,140.15797578150864,2.386303510546059,white#?,,,0,32,1,CLAMP,src/pipeline/unified_pipeline.py:jump_clamp,,image_px,observed,none
1380,23.0,1,green,1591,1299,0.4674,0.7592,0.0,0.0,0.0,backcourt,0,35.2,2.6,44.4,none,220.9,220.9,740.0,511.3,0,0,left,2.6,959.0514,-48.97436,1032.2821,76.64104,1488.0,27.0,18.38,41.6,0.0,0,43.93,37.96,40.8,0,0,46,0.533,cut,0,5.8,19.5,,,4,,0.0,0.8,half_court,,,0.0,0,unknown,-83.4440554508082,140.15797578150864,2.386303510546059,green#?,,,0,32,1,CLAMP,src/pipeline/unified_pipeline.py:jump_clamp,,image_px,observed,none
1380,23.0,9,white,1872,219,0.5499,0.128,0.0,0.0,0.0,backcourt,0,11.9,30.8,30.1,none,688.2,688.2,1281.7,566.0,0,0,left,2.6,1043.0,22.0,1169.0,186.0,1488.0,27.0,18.38,41.9,0.0,0,51.69,6.4,41.46,0,0,46,0.467,cut,0,5.8,19.5,,,4,,0.0,0.8,half_court,,,0.0,0,unknown,-83.4440554508082,140.15797578150864,2.386303510546059,white#?,,,0,32,1,CLAMP,src/pipeline/unified_pipeline.py:jump_clamp,,image_px,observed,none
1386,23.1,5,green,668,118,0.1962,0.069,24.25,12.32,8.3,3pt_arc,0,23.9,10.7,15.6,none,275.7,275.7,788.0,518.3,0,0,left,2.6,646.0,127.0,717.0,295.0,1527.0,28.0,39.01,24.8,-10.87,0,18.45,3.45,25.27,0,0,47,1.0,cut,0,5.8,19.4,,,4,,0.0,0.9,half_court,,,0.0,0,unknown,-82.75243906832685,142.30125133898673,3.847798793538399,green#?,,,0,33,1,DETECTION,src/tracking/advanced_tracker.py:_activate_slot,1386_127_646_295_717,image_px,observed,none
1386,23.1,10,white,288,187,0.0846,0.1093,0.0,0.0,0.0,mid_range,0,34.5,5.2,49.2,none,,,986.5,739.5,0,0,left,2.6,1187.0,579.0,1281.0,674.0,1527.0,28.0,39.01,18.8,0.0,0,7.95,5.46,19.72,0,0,47,1.0,cut,0,5.8,19.4,,,4,,0.0,0.9,half_court,,,0.0,0,unknown,-82.75243906832685,142.30125133898673,3.847798793538399,white#?,,,0,33,1,CLAMP,src/pipeline/unified_pipeline.py:jump_clamp,,image_px,observed,none
1386,23.1,4,green,105,138,0.0308,0.0807,0.0,0.0,0.0,mid_range,0,39.4,5.2,15.6,none,275.7,275.7,788.0,518.3,0,0,left,2.6,837.0,128.0,967.0,306.0,1527.0,28.0,39.01,19.9,0.0,0,2.9,4.03,21.1,0,0,47,0.933,cut,0,5.8,19.4,,,4,,0.0,0.9,half_court,,,0.0,0,unknown,-82.75243906832685,142.30125133898673,3.847798793538399,green#?,,,0,33,1,CLAMP,src/pipeline/unified_pipeline.py:jump_clamp,,image_px,observed,none
1386,23.1,6,white,1685,1292,0.495,0.7551,0.0,0.0,0.0,backcourt,1,35.2,2.6,49.2,none,,,986.5,739.5,0,0,left,2.6,1147.1448,33.714287,1223.4304,200.2857,1527.0,28.0,39.01,44.0,0.0,0,46.53,37.76,43.21,0,0,47,0.933,cut,0,5.8,19.4,,,4,,0.0,0.9,half_court,,,0.0,0,unknown,-82.75243906832685,142.30125133898673,3.847798793538399,white#?,,,0,33,1,CLAMP,src/pipeline/unified_pipeline.py:jump_clamp,,image_px,observed,none
1386,23.1,1,green,1591,1299,0.4674,0.7592,0.0,0.0,0.0,backcourt,0,35.1,2.6,41.4,none,275.7,275.7,788.0,518.3,0,0,left,2.6,953.5569,-55.66325,1026.7877,69.95215,1527.0,28.0,39.01,41.6,0.0,0,43.93,37.96,40.8,0,0,47,0.467,cut,0,5.8,19.4,,,4,,0.0,0.9,half_court,,,0.0,0,unknown,-82.75243906832685,142.30125133898673,3.847798793538399,green#?,,,0,33,1,CLAMP,src/pipeline/unified_pipeline.py:jump_clamp,,image_px,observed,none
1392,23.2,4,green,105,138,0.0308,0.0807,0.0,0.0,0.0,mid_range,0,39.1,54.0,10.2,none,,,289.0,114.0,0,0,left,47.1,857.0,135.0,953.0,307.0,1518.0,33.0,10.3,19.9,0.0,0,2.9,4.03,21.1,0,0,48,1.0,cut,0,5.8,19.3,,,4,,0.0,1.0,half_court,,,0.0,0,unknown,-81.07273743614714,146.77598411847453,1.885618083164127,green#?,,,0,34,1,CLAMP,src/pipeline/unified_pipeline.py:jump_clamp,,image_px,observed,none
1392,23.2,5,green,473,90,0.139,0.0526,32.83,8.58,188.2,corner_3,0,28.9,47.1,10.2,none,,,289.0,114.0,0,0,left,47.1,522.53687,66.09728,604.5886,234.79779,1518.0,33.0,10.3,22.9,8.22,0,13.06,2.63,23.69,0,0,48,0.933,cut,0,5.8,19.3,,,4,,0.0,1.0,half_court,,,0.0,0,unknown,-81.07273743614714,146.77598411847453,1.885618083164127,green#?,,,0,34,1,PREDICTION,src/tracking/advanced_tracker.py:kalman_homography,,image_px,observed,none
1392,23.2,6,white,1685,1292,0.495,0.7551,0.0,0.0,0.0,backcourt,1,35.1,47.1,,none,,,1685.0,1292.0,0,0,left,47.1,1154.542,33.714287,1230.8276,200.2857,1518.0,33.0,10.3,44.0,0.0,0,46.53,37.76,43.21,0,0,48,0.867,cut,0,5.8,19.3,,,4,,0.0,1.0,half_court,,,0.0,0,unknown,-81.07273743614714,146.77598411847453,1.885618083164127,white#?,,,0,34,1,CLAMP,src/pipeline/unified_pipeline.py:jump_clamp,,image_px,observed,none
1398,23.3,2,green,194,122,0.057,0.0713,0.0,-8.36,0.0,mid_range,0,37.5,3.2,2.5,none,,,285.0,135.0,0,0,left,48.0,746.0,258.0,852.0,457.0,1548.0,28.0,30.41,20.3,0.0,0,5.36,3.57,21.44,0,0,49,1.0,cut,0,5.8,19.2,,,4,,0.0,1.1,half_court,,,0.0,0,unknown,-79.48957790775044,147.3383642286575,3.745367509040705,green#?,,,0,35,1,CLAMP,src/pipeline/unified_pipeline.py:jump_clamp,,image_px,observed,none
1398,23.3,3,green,376,148,0.1105,0.0865,0.0,-14.14,0.0,mid_range,0,32.5,2.7,2.2,none,,,285.0,135.0,0,0,left,48.0,979.0,322.0,1065.0,497.0,1548.0,28.0,30.41,20.5,0.0,0,10.38,4.32,21.3,0,0,49,1.0,cut,0,5.8,19.2,,,4,,0.0,1.1,half_court,,,0.0,0,unknown,-79.48957790775044,147.3383642286575,3.745367509040705,green#?,,,0,35,1,CLAMP,src/pipeline/unified_pipeline.py:jump_clamp,,image_px,observed,none
1398,23.3,10,white,288,187,0.0846,0.1093,0.0,0.0,0.0,mid_range,0,35.1,2.7,49.2,none,,,986.5,739.5,0,0,left,48.0,1242.3477,577.43835,1335.167,669.1271,1548.0,28.0,30.41,18.8,0.0,0,7.95,5.46,19.72,0,0,49,0.867,cut,0,5.8,19.2,,,4,,0.0,1.1,half_court,,,0.0,0,unknown,-79.48957790775044,147.3383642286575,3.745367509040705,white#?,,,0,35,1,CLAMP,src/pipeline/unified_pipeline.py:jump_clamp,,image_px,observed,none
1398,23.3,6,white,1685,1292,0.495,0.7551,0.0,0.0,0.0,backcourt,1,35.1,48.0,49.2,none,,,986.5,739.5,0,0,left,48.0,1161.9392,33.714287,1238.2249,200.2857,1548.0,28.0,30.41,44.0,0.0,0,46.53,37.76,43.21,0,0,49,0.8,cut,0,5.8,19.2,,,4,,0.0,1.1,half_court,,,0.0,0,unknown,-79.48957790775044,147.3383642286575,3.745367509040705,white#?,,,0,35,1,CLAMP,src/pipeline/unified_pipeline.py:jump_clamp,,image_px,observed,none
1404,23.4,2,green,194,122,0.057,0.0713,0.0,0.0,0.0,mid_range,0,37.7,52.3,2.5,none,,,285.0,135.0,0,0,left,48.0,746.0,258.0,852.0,457.0,1557.0,29.0,9.06,20.3,0.0,0,5.36,3.57,21.44,0,0,50,0.933,cut,0,5.8,19.1,,,4,,0.0,1.2,half_court,,,0.0,0,unknown,-75.8147291108282,150.026789051788,0.8333333333333334,green#?,,,0,36,1,CLAMP,src/pipeline/unified_pipeline.py:jump_clamp,,image_px,observed,none
1404,23.4,3,green,376,148,0.1105,0.0865,0.0,0.0,0.0,mid_range,0,32.8,48.0,3.5,none,,,285.0,135.0,0,0,left,48.0,979.0,322.0,1065.0,497.0,1557.0,29.0,9.06,20.5,0.0,0,10.38,4.32,21.3,0,0,50,0.933,cut,0,5.8,19.1,,,4,,0.0,1.2,half_court,,,0.0,0,unknown,-75.8147291108282,150.026789051788,0.8333333333333334,green#?,,,0,36,1,CLAMP,src/pipeline/unified_pipeline.py:jump_clamp,,image_px,observed,none
1404,23.4,6,white,1685,1292,0.495,0.7551,0.0,0.0,0.0,backcourt,1,35.1,48.0,,none,,,1685.0,1292.0,0,0,left,48.0,1169.3364,33.714287,1245.6221,200.2857,1557.0,29.0,9.06,44.0,0.0,0,46.53,37.76,43.21,0,0,50,0.733,cut,0,5.8,19.1,,,4,,0.0,1.2,half_court,,,0.0,0,unknown,-75.8147291108282,150.026789051788,0.8333333333333334,white#?,,,0,36,1,CLAMP,src/pipeline/unified_pipeline.py:jump_clamp,,image_px,observed,none
1410,23.5,7,white,1623,51,0.4768,0.0298,54.57,43.24,8.3,backcourt,1,1.0,34.5,8.8,none,,,1749.5,149.0,0,0,left,34.5,1202.0,30.0,1294.0,203.0,1589.0,35.0,32.56,46.3,-43.61,0,44.82,1.49,46.03,0,0,51,1.0,cut,0,5.8,19.0,,,4,,0.0,1.3,drive,,,0.0,0,unknown,-65.84438359005547,377.22722753977627,3.144660377352201,white#?,,,0,37,1,PREDICTION,src/tracking/advanced_tracker.py:id_merge,,image_px,observed,none
1410,23.5,8,white,1876,247,0.5511,0.1444,0.0,0.0,0.0,backcourt,0,9.9,41.5,8.8,none,,,1749.5,149.0,0,0,left,34.5,561.0,9.0,630.0,127.0,1589.0,35.0,32.56,41.5,0.0,0,51.8,7.22,41.0,0,0,51,1.0,cut,0,5.8,19.0,,,4,,0.0,1.3,drive,,,0.0,0,unknown,-65.84438359005547,377.22722753977627,3.144660377352201,white#?,,,0,37,1,CLAMP,src/pipeline/unified_pipeline.py:jump_clamp,,image_px,observed,none
1410,23.5,2,green,194,122,0.057,0.0713,0.0,0.0,0.0,mid_range,0,38.6,39.5,2.5,none,,,285.0,135.0,0,0,left,34.5,746.0,258.0,852.0,457.0,1589.0,35.0,32.56,20.3,0.0,0,5.36,3.57,21.44,0,0,51,0.867,cut,0,5.8,19.0,,,4,,0.0,1.3,drive,,,0.0,0,unknown,-65.84438359005547,377.22722753977627,3.144660377352201,green#?,,,0,37,1,CLAMP,src/pipeline/unified_pipeline.py:jump_clamp,,image_px,observed,none
1410,23.5,3,green,376,148,0.1105,0.0865,0.0,0.0,0.0,mid_range,0,33.6,34.5,5.1,none,,,285.0,135.0,0,0,left,34.5,979.0,322.0,1065.0,497.0,1589.0,35.0,32.56,20.5,0.0,0,10.38,4.32,21.3,0,0,51,0.867,cut,0,5.8,19.0,,,4,,0.0,1.3,drive,,,0.0,0,unknown,-65.84438359005547,377.22722753977627,3.144660377352201,green#?,,,0,37,1,CLAMP,src/pipeline/unified_pipeline.py:jump_clamp,,image_px,observed,none
1416,23.6,3,green,376,148,0.1105,0.0865,0.0,0.0,0.0,mid_range,0,32.7,34.1,5.1,none,,,285.0,135.0,0,0,left,34.1,979.0,317.0,1111.0,511.0,1554.0,35.0,35.0,20.5,0.0,0,10.38,4.32,21.3,0,0,52,1.0,cut,0,5.8,18.9,,,4,,0.0,1.4,half_court,,,0.0,0,unknown,-47.571673695294514,126.33133985431988,3.5,green#?,,,0,37,1,CLAMP,src/pipeline/unified_pipeline.py:jump_clamp,,image_px,observed,none
1416,23.6,7,white,1608,46,0.4724,0.0269,2.64,-51.93,198.4,backcourt,1,1.5,34.1,9.3,dribble,,,1742.0,146.5,0,0,left,34.1,1191.0,61.0,1295.0,194.0,1554.0,35.0,35.0,46.0,1.78,0,44.4,1.34,45.75,0,0,52,1.0,cut,0,5.8,18.9,,,4,,0.0,1.4,half_court,,,0.0,0,unknown,-47.571673695294514,126.33133985431988,3.5,white#?,,,1,37,1,PREDICTION,src/tracking/advanced_tracker.py:id_merge,,image_px,observed,none
1416,23.6,8,white,1876,247,0.5511,0.1444,0.0,0.0,0.0,backcourt,0,10.6,41.5,9.3,none,,,1742.0,146.5,0,0,left,34.1,561.0,9.0,630.0,127.0,1554.0,35.0,35.0,41.5,0.0,0,51.8,7.22,41.0,0,0,52,0.933,cut,0,5.8,18.9,,,4,,0.0,1.4,half_court,,,0.0,0,unknown,-47.571673695294514,126.33133985431988,3.5,white#?,,,0,37,1,CLAMP,src/pipeline/unified_pipeline.py:jump_clamp,,image_px,observed,none
1416,23.6,2,green,194,122,0.057,0.0713,0.0,0.0,0.0,mid_range,0,37.6,39.1,2.5,none,,,285.0,135.0,0,0,left,34.1,746.0,258.0,852.0,457.0,1554.0,35.0,35.0,20.3,0.0,0,5.36,3.57,21.44,0,0,52,0.8,cut,0,5.8,18.9,,,4,,0.0,1.4,half_court,,,0.0,0,unknown,-47.571673695294514,126.33133985431988,3.5,green#?,,,0,37,1,CLAMP,src/pipeline/unified_pipeline.py:jump_clamp,,image_px,observed,none
1422,23.7,3,green,376,148,0.1105,0.0865,0.0,0.0,0.0,mid_range,0,33.1,2.7,5.1,none,5.5,5.5,422.0,129.7,0,0,left,25.5,987.52106,319.06717,1115.8411,511.54715,1568.0,31.0,14.56,20.5,0.0,0,10.38,4.32,21.3,0,0,53,0.933,cut,0,5.8,18.8,,,4,,0.0,1.5,half_court,,,0.0,0,unknown,-48.99569671266602,126.68084673092416,2.173067468400883,green#?,,,0,38,1,CLAMP,src/pipeline/unified_pipeline.py:jump_clamp,,image_px,observed,none
1422,23.7,7,white,1617,58,0.475,0.0339,2.5,-0.14,53.1,backcourt,1,1.5,25.5,8.3,dribble,114.8,114.8,1260.3,164.0,0,0,left,25.5,1189.4287,63.865517,1292.3853,200.34378,1568.0,31.0,14.56,46.0,-0.36,0,44.65,1.69,45.78,0,0,53,0.933,cut,0,5.8,18.8,,,4,,0.0,1.5,half_court,,,0.0,0,unknown,-48.99569671266602,126.68084673092416,2.173067468400883,white#?,,,2,38,1,PREDICTION,src/tracking/advanced_tracker.py:id_merge,,image_px,observed,none
1422,23.7,8,white,1876,247,0.5511,0.1444,0.0,0.0,0.0,backcourt,0,10.4,32.8,0.8,none,114.8,114.8,1260.3,164.0,0,0,left,25.5,561.0,9.0,630.0,127.0,1568.0,31.0,14.56,41.5,0.0,0,51.8,7.22,41.0,0,0,53,0.867,cut,0,5.8,18.8,,,4,,0.0,1.5,half_court,,,0.0,0,unknown,-48.99569671266602,126.68084673092416,2.173067468400883,white#?,,,0,38,1,CLAMP,src/pipeline/unified_pipeline.py:jump_clamp,,image_px,observed,none
1422,23.7,2,green,194,122,0.057,0.0713,0.0,0.0,0.0,mid_range,0,38.0,3.2,2.5,none,5.5,5.5,422.0,129.7,0,0,left,25.5,746.0,258.0,852.0,457.0,1568.0,31.0,14.56,20.3,0.0,0,5.36,3.57,21.44,0,0,53,0.733,cut,0,5.8,18.8,,,4,,0.0,1.5,half_court,,,0.0,0,unknown,-48.99569671266602,126.68084673092416,2.173067468400883,green#?,,,0,38,1,CLAMP,src/pipeline/unified_pipeline.py:jump_clamp,,image_px,observed,none
1422,23.7,5,green,696,119,0.2045,0.0695,37.48,4.65,7.4,3pt_arc,0,24.2,11.4,8.9,none,5.5,5.5,422.0,129.7,0,0,left,25.5,216.38846,-110.41971,298.44028,58.280807,1568.0,31.0,14.56,25.3,-18.16,0,19.22,3.48,25.66,0,0,53,0.6,cut,0,5.8,18.8,,,4,,0.0,1.5,half_court,,,0.0,0,unknown,-48.99569671266602,126.68084673092416,2.173067468400883,green#?,,,0,38,1,PREDICTION,src/tracking/advanced_tracker.py:flow_gapfill_batched,,image_px,observed,none
1428,23.8,1,green,1591,1299,0.4674,0.7592,0.0,0.0,0.0,backcourt,0,34.9,30.1,40.4,none,255.8,255.8,722.5,422.0,0,0,left,24.6,445.0,121.0,526.0,310.0,1576.0,37.0,10.0,41.6,0.0,0,43.93,37.96,40.8,0,0,54,1.0,cut,0,5.8,18.7,,,4,,0.0,1.6,half_court,,,0.0,0,unknown,-35.106821722049034,134.79479285622455,1.674979270186815,green#?,,,0,18,1,CLAMP,src/pipeline/unified_pipeline.py:jump_clamp,,image_px,observed,none
1428,23.8,3,green,376,148,0.1105,0.0865,0.0,0.0,0.0,mid_range,0,33.3,34.4,5.1,none,255.8,255.8,722.5,422.0,0,0,left,24.6,994.4211,320.41718,1122.7411,512.89716,1576.0,37.0,10.0,20.5,0.0,0,10.38,4.32,21.3,0,0,54,0.867,cut,0,5.8,18.7,,,4,,0.0,1.6,half_court,,,0.0,0,unknown,-35.106821722049034,134.79479285622455,1.674979270186815,green#?,,,0,18,1,CLAMP,src/pipeline/unified_pipeline.py:jump_clamp,,image_px,observed,none
1428,23.8,7,white,1617,61,0.475,0.0357,0.5,-2.0,90.0,backcourt,1,1.3,24.6,8.3,dribble,,,1746.5,154.0,0,0,left,24.6,1187.1031,68.98179,1290.0597,205.46005,1576.0,37.0,10.0,46.0,0.24,0,44.65,1.78,45.73,0,0,54,0.867,cut,0,5.8,18.7,,,4,,0.0,1.6,half_court,,,0.0,0,unknown,-35.106821722049034,134.79479285622455,1.674979270186815,white#?,,,3,18,1,PREDICTION,src/tracking/advanced_tracker.py:id_merge,,image_px,observed,none
1428,23.8,8,white,1876,247,0.5511,0.1444,0.0,0.0,0.0,backcourt,0,10.1,30.1,0.8,none,,,1746.5,154.0,0,0,left,24.6,561.0,9.0,630.0,127.0,1576.0,37.0,10.0,41.5,0.0,0,51.8,7.22,41.0,0,0,54,0.8,cut,0,5.8,18.7,,,4,,0.0,1.6,half_court,,,0.0,0,unknown,-35.106821722049034,134.79479285622455,1.674979270186815,white#?,,,0,18,1,CLAMP,src/pipeline/unified_pipeline.py:jump_clamp,,image_px,observed,none
1428,23.8,2,green,194,122,0.057,0.0713,0.0,0.0,0.0,mid_range,0,38.2,39.3,2.5,none,255.8,255.8,722.5,422.0,0,0,left,24.6,746.0,258.0,852.0,457.0,1576.0,37.0,10.0,20.3,0.0,0,5.36,3.57,21.44,0,0,54,0.667,cut,0,5.8,18.7,,,4,,0.0,1.6,half_court,,,0.0,0,unknown,-35.106821722049034,134.79479285622455,1.674979270186815,green#?,,,0,18,1,CLAMP,src/pipeline/unified_pipeline.py:jump_clamp,,image_px,observed,none
1428,23.8,5,green,729,119,0.2142,0.0695,5.5,-31.98,0.0,3pt_arc,0,23.5,24.6,9.8,none,255.8,255.8,722.5,422.0,0,0,left,24.6,155.15878,-145.72311,237.2106,22.97741,1576.0,37.0,10.0,25.8,-3.39,0,20.13,3.48,26.17,0,0,54,0.533,cut,0,5.8,18.7,,,4,,0.0,1.6,half_court,,,0.0,0,unknown,-35.106821722049034,134.79479285622455,1.674979270186815,green#?,,,0,18,1,PREDICTION,src/tracking/advanced_tracker.py:flow_gapfill_batched,,image_px,observed,none
1434,23.9,9,white,1679,474,0.4932,0.277,53.3,53.3,127.1,backcourt,0,12.7,22.9,8.3,none,38.3,38.3,1724.0,261.7,0,0,left,23.8,1039.0,507.0,1141.0,657.0,1536.0,36.0,40.01,43.4,41.51,0,46.36,13.85,42.6,0,0,55,1.0,cut,0,14.6,18.6,,,4,,0.0,1.7,half_court,,,0.0,0,unknown,-52.86863631001425,126.99158344653722,4.0034707164881045,white#?,,,0,39,1,DETECTION,src/tracking/advanced_tracker.py:_activate_slot,1434_507_1039_657_1141,image_px,observed,none
1434,23.9,1,green,1591,1299,0.4674,0.7592,0.0,0.0,0.0,backcourt,0,34.9,22.9,39.9,none,268.0,268.0,729.2,422.2,0,0,left,23.8,445.0,121.0,526.0,310.0,1536.0,36.0,40.01,41.6,0.0,0,43.93,37.96,40.8,0,0,55,0.933,cut,0,14.6,18.6,,,4,,0.0,1.7,half_court,,,0.0,0,unknown,-52.86863631001425,126.99158344653722,4.0034707164881045,green#?,,,0,39,1,CLAMP,src/pipeline/unified_pipeline.py:jump_clamp,,image_px,observed,none
1434,23.9,3,green,376,148,0.1105,0.0865,0.0,0.0,0.0,mid_range,0,32.2,34.3,5.1,none,268.0,268.0,729.2,422.2,0,0,left,23.8,1001.3211,321.76718,1129.6411,514.2472,1536.0,36.0,40.01,20.5,0.0,0,10.38,4.32,21.3,0,0,55,0.8,cut,0,14.6,18.6,,,4,,0.0,1.7,half_court,,,0.0,0,unknown,-52.86863631001425,126.99158344653722,4.0034707164881045,green#?,,,0,39,1,CLAMP,src/pipeline/unified_pipeline.py:jump_clamp,,image_px,observed,none
1434,23.9,7,white,1617,64,0.475,0.0374,0.5,0.0,90.0,backcourt,1,2.4,23.8,8.8,none,38.3,38.3,1724.0,261.7,0,0,left,23.8,1184.7776,74.09806,1287.7341,210.57632,1536.0,36.0,40.01,46.0,0.24,0,44.65,1.87,45.69,0,0,55,0.8,cut,0,14.6,18.6,,,4,,0.0,1.7,half_court,,,0.0,0,unknown,-52.86863631001425,126.99158344653722,4.0034707164881045,white#?,,,3,39,1,PREDICTION,src/tracking/advanced_tracker.py:kalman_homography,,image_px,observed,none
1434,23.9,8,white,1876,247,0.5511,0.1444,0.0,0.0,0.0,backcourt,0,11.1,30.1,8.3,none,38.3,38.3,1724.0,261.7,0,0,left,23.8,561.0,9.0,630.0,127.0,1536.0,36.0,40.01,41.5,0.0,0,51.8,7.22,41.0,0,0,55,0.733,cut,0,14.6,18.6,,,4,,0.0,1.7,half_court,,,0.0,0,unknown,-52.86863631001425,126.99158344653722,4.0034707164881045,white#?,,,0,39,1,CLAMP,src/pipeline/unified_pipeline.py:jump_clamp,,image_px,observed,none
1434,23.9,2,green,194,122,0.057,0.0713,0.0,0.0,0.0,mid_range,0,37.1,39.3,2.5,none,268.0,268.0,729.2,422.2,0,0,left,23.8,746.0,258.0,852.0,457.0,1536.0,36.0,40.01,20.3,0.0,0,5.36,3.57,21.44,0,0,55,0.6,cut,0,14.6,18.6,,,4,,0.0,1.7,half_court,,,0.0,0,unknown,-52.86863631001425,126.99158344653722,4.0034707164881045,green#?,,,0,39,1,CLAMP,src/pipeline/unified_pipeline.py:jump_clamp,,image_px,observed,none
1440,24.0,9,white,1745,499,0.5126,0.2916,11.76,-41.54,20.7,backcourt,0,13.7,22.5,7.8,none,36.1,36.1,1745.3,271.0,0,0,left,34.0,1055.6238,510.30472,1159.2905,659.63806,1572.0,33.0,36.12,42.7,11.66,0,48.19,14.58,41.88,0,0,56,0.933,cut,0,16.6,18.5,,,4,,0.0,1.8,half_court,,,0.0,0,unknown,-74.0674520326115,160.99066534306087,4.123105625617661,white#?,,,0,40,1,PREDICTION,src/tracking/advanced_tracker.py:kalman_homography,,image_px,observed,none
1440,24.0,1,green,1591,1299,0.4674,0.7592,0.0,0.0,0.0,backcourt,0,35.0,22.5,46.2,none,71.8,71.8,720.3,523.0,0,0,left,34.0,445.0,121.0,526.0,310.0,1572.0,33.0,36.12,41.6,0.0,0,43.93,37.96,40.8,0,0,56,0.867,cut,0,16.6,18.5,,,4,,0.0,1.8,half_court,,,0.0,0,unknown,-74.0674520326115,160.99066534306087,4.123105625617661,green#?,,,0,40,1,CLAMP,src/pipeline/unified_pipeline.py:jump_clamp,,image_px,observed,none
1440,24.0,3,green,376,148,0.1105,0.0865,0.0,0.0,0.0,mid_range,0,33.2,34.3,5.1,none,71.8,71.8,720.3,523.0,0,0,left,34.0,1008.2211,323.1172,1136.5411,515.59717,1572.0,33.0,36.12,20.5,0.0,0,10.38,4.32,21.3,0,0,56,0.733,cut,0,16.6,18.5,,,4,,0.0,1.8,half_court,,,0.0,0,unknown,-74.0674520326115,160.99066534306087,4.123105625617661,green#?,,,0,40,1,CLAMP,src/pipeline/unified_pipeline.py:jump_clamp,,image_px,observed,none
1440,24.0,7,white,1615,67,0.4744,0.0392,0.6,0.1,123.7,backcourt,1,1.5,34.0,8.8,dribble,36.1,36.1,1745.3,271.0,0,0,left,34.0,1182.452,79.21433,1285.4086,215.6926,1572.0,33.0,36.12,45.9,0.53,0,44.6,1.96,45.6,0,0,56,0.733,cut,0,16.6,18.5,,,4,,0.0,1.8,half_court,,,0.0,0,unknown,-74.0674520326115,160.99066534306087,4.123105625617661,white#?,,,4,40,1,PREDICTION,src/tracking/advanced_tracker.py:kalman_homography,,image_px,observed,none
1440,24.0,8,white,1876,247,0.5511,0.1444,0.0,0.0,0.0,backcourt,0,10.3,30.1,7.8,none,36.1,36.1,1745.3,271.0,0,0,left,34.0,561.0,9.0,630.0,127.0,1572.0,33.0,36.12,41.5,0.0,0,51.8,7.22,41.0,0,0,56,0.667,cut,0,16.6,18.5,,,4,,0.0,1.8,half_court,,,0.0,0,unknown,-74.0674520326115,160.99066534306087,4.123105625617661,white#?,,,0,40,1,CLAMP,src/pipeline/unified_pipeline.py:jump_clamp,,image_px,observed,none
1440,24.0,2,green,194,122,0.057,0.0713,0.0,0.0,0.0,mid_range,0,38.1,39.3,2.5,none,71.8,71.8,720.3,523.0,0,0,left,34.0,746.0,258.0,852.0,457.0,1572.0,33.0,36.12,20.3,0.0,0,5.36,3.57,21.44,0,0,56,0.533,cut,0,16.6,18.5,,,4,,0.0,1.8,half_court,,,0.0,0,unknown,-74.0674520326115,160.99066534306087,4.123105625617661,green#?,,,0,40,1,CLAMP,src/pipeline/unified_pipeline.py:jump_clamp,,image_px,observed,none
1446,24.1,6,white,1685,1292,0.495,0.7551,0.0,0.0,0.0,backcourt,1,34.9,2.6,22.3,none,4.2,4.2,1800.3,679.3,0,0,left,2.6,1217.0,33.0,1295.0,196.0,1583.0,31.0,11.18,44.0,0.0,0,46.53,37.76,43.21,0,0,57,1.0,cut,0,19.2,18.4,,,4,,0.0,1.9,half_court,,,0.0,0,unknown,-76.71195473771458,157.91554771908773,1.4240006242195884,white#?,,,0,41,1,CLAMP,src/pipeline/unified_pipeline.py:jump_clamp,,image_px,observed,none
1446,24.1,9,white,1840,499,0.5405,0.2916,15.83,4.07,0.0,backcourt,0,14.7,23.1,7.0,none,4.2,4.2,1800.3,679.3,0,0,left,2.6,1081.0,512.0,1203.0,674.0,1583.0,31.0,11.18,40.2,15.35,0,50.81,14.58,39.34,0,0,57,1.0,cut,0,19.2,18.4,,,4,,0.0,1.9,half_court,,,0.0,0,unknown,-76.71195473771458,157.91554771908773,1.4240006242195884,white#?,,,0,41,1,DETECTION,src/tracking/advanced_tracker.py:_activate_slot,1446_512_1081_674_1203,image_px,observed,none
1446,24.1,1,green,1591,1299,0.4674,0.7592,0.0,0.0,0.0,backcourt,0,35.0,2.6,46.2,none,121.0,121.0,690.7,528.3,0,0,left,2.6,445.0,121.0,526.0,310.0,1583.0,31.0,11.18,41.6,0.0,0,43.93,37.96,40.8,0,0,57,0.8,cut,0,19.2,18.4,,,4,,0.0,1.9,half_court,,,0.0,0,unknown,-76.71195473771458,157.91554771908773,1.4240006242195884,green#?,,,0,41,1,CLAMP,src/pipeline/unified_pipeline.py:jump_clamp,,image_px,observed,none
1446,24.1,3,green,376,148,0.1105,0.0865,0.0,0.0,0.0,mid_range,0,33.5,41.5,7.5,none,121.0,121.0,690.7,528.3,0,0,left,2.6,1015.12115,324.4672,1143.4412,516.9472,1583.0,31.0,11.18,20.5,0.0,0,10.38,4.32,21.3,0,0,57,0.667,cut,0,19.2,18.4,,,4,,0.0,1.9,half_court,,,0.0,0,unknown,-76.71195473771458,157.91554771908773,1.4240006242195884,green#?,,,0,41,1,CLAMP,src/pipeline/unified_pipeline.py:jump_clamp,,image_px,observed,none
1446,24.1,8,white,1876,247,0.5511,0.1444,0.0,0.0,0.0,backcourt,0,10.1,30.1,7.0,none,4.2,4.2,1800.3,679.3,0,0,left,2.6,561.0,9.0,630.0,127.0,1583.0,31.0,11.18,41.5,0.0,0,51.8,7.22,41.0,0,0,57,0.6,cut,0,19.2,18.4,,,4,,0.0,1.9,half_court,,,0.0,0,unknown,-76.71195473771458,157.91554771908773,1.4240006242195884,white#?,,,0,41,1,CLAMP,src/pipeline/unified_pipeline.py:jump_clamp,,image_px,observed,none
1446,24.1,4,green,105,138,0.0308,0.0807,0.0,0.0,0.0,mid_range,0,40.9,48.9,7.5,none,121.0,121.0,690.7,528.3,0,0,left,2.6,931.16003,141.73062,1033.0221,318.041,1583.0,31.0,11.18,19.9,0.0,0,2.9,4.03,21.1,0,0,57,0.467,cut,0,19.2,18.4,,,4,,0.0,1.9,half_court,,,0.0,0,unknown,-76.71195473771458,157.91554771908773,1.4240006242195884,green#?,,,0,41,1,CLAMP,src/pipeline/unified_pipeline.py:jump_clamp,,image_px,observed,none
1452,24.2,1,green,1591,1299,0.4674,0.7592,0.0,0.0,0.0,backcourt,0,35.0,2.6,46.2,none,,,983.5,723.5,0,0,left,2.6,435.0,70.0,522.0,223.0,1579.0,33.0,4.47,41.6,0.0,0,43.93,37.96,40.8,0,0,58,1.0,cut,0,20.0,18.3,,,4,,0.0,2.0,half_court,,,0.0,0,unknown,-77.18649549575349,158.4205670986289,0.9428090415820636,green#?,,,0,42,1,CLAMP,src/pipeline/unified_pipeline.py:jump_clamp,,image_px,observed,none
1452,24.2,6,white,1685,1292,0.495,0.7551,0.0,0.0,0.0,backcourt,1,34.9,2.6,22.6,none,15.6,15.6,1809.7,677.3,0,0,left,2.6,1203.0,30.0,1293.0,198.0,1579.0,33.0,4.47,44.0,0.0,0,46.53,37.76,43.21,0,0,58,1.0,cut,0,20.0,18.3,,,4,,0.0,2.0,half_court,,,0.0,0,unknown,-77.18649549575349,158.4205670986289,0.9428090415820636,white#?,,,0,42,1,CLAMP,src/pipeline/unified_pipeline.py:jump_clamp,,image_px,observed,none
1452,24.2,9,white,1868,493,0.5488,0.2881,4.77,-11.06,347.9,backcourt,0,15.0,23.5,6.8,none,15.6,15.6,1809.7,677.3,0,0,left,2.6,1101.0,518.0,1207.0,670.0,1579.0,33.0,4.47,39.5,4.26,0,51.58,14.41,38.65,0,0,58,1.0,cut,0,20.0,18.3,,,4,,0.0,2.0,half_court,,,0.0,0,unknown,-77.18649549575349,158.4205670986289,0.9428090415820636,white#?,,,0,42,1,DETECTION,src/tracking/advanced_tracker.py:_activate_slot,1452_518_1101_670_1207,image_px,observed,none
1452,24.2,3,green,376,148,0.1105,0.0865,0.0,0.0,0.0,mid_range,0,33.4,41.5,46.2,none,,,983.5,723.5,0,0,left,2.6,1022.0212,325.8172,1150.3412,518.2972,1579.0,33.0,4.47,20.5,0.0,0,10.38,4.32,21.3,0,0,58,0.6,cut,0,20.0,18.3,,,4,,0.0,2.0,half_court,,,0.0,0,unknown,-77.18649549575349,158.4205670986289,0.9428090415820636,green#?,,,0,42,1,CLAMP,src/pipeline/unified_pipeline.py:jump_clamp,,image_px,observed,none
1452,24.2,8,white,1876,247,0.5511,0.1444,0.0,0.0,0.0,backcourt,0,10.1,30.1,6.8,none,15.6,15.6,1809.7,677.3,0,0,left,2.6,561.0,9.0,630.0,127.0,1579.0,33.0,4.47,41.5,0.0,0,51.8,7.22,41.0,0,0,58,0.533,cut,0,20.0,18.3,,,4,,0.0,2.0,half_court,,,0.0,0,unknown,-77.18649549575349,158.4205670986289,0.9428090415820636,white#?,,,0,42,1,CLAMP,src/pipeline/unified_pipeline.py:jump_clamp,,image_px,observed,none
1458,24.3,1,green,1591,1299,0.4674,0.7592,0.0,0.0,0.0,backcourt,0,35.1,2.6,46.2,none,,,983.5,723.5,0,0,left,2.6,433.59744,52.515373,520.1359,208.2846,1582.0,28.0,5.83,41.6,0.0,0,43.93,37.96,40.8,0,0,59,0.933,cut,0,20.0,18.2,,,4,,0.0,2.1,half_court,,,0.0,0,unknown,-79.51435281781396,159.20217637793553,1.7159383568311668,green#?,,,0,43,1,CLAMP,src/pipeline/unified_pipeline.py:jump_clamp,,image_px,observed,none
1458,24.3,6,white,1685,1292,0.495,0.7551,0.0,0.0,0.0,backcourt,1,35.0,2.6,29.3,none,,,1780.5,769.5,0,0,left,2.6,1209.203,30.620934,1294.0323,196.71036,1582.0,28.0,5.83,44.0,0.0,0,46.53,37.76,43.21,0,0,59,0.933,cut,0,20.0,18.2,,,4,,0.0,2.1,half_court,,,0.0,0,unknown,-79.51435281781396,159.20217637793553,1.7159383568311668,white#?,,,0,43,1,CLAMP,src/pipeline/unified_pipeline.py:jump_clamp,,image_px,observed,none
1458,24.3,3,green,376,148,0.1105,0.0865,0.0,0.0,0.0,mid_range,0,33.5,41.5,46.2,none,,,983.5,723.5,0,0,left,2.6,1028.9211,327.1672,1157.2412,519.6472,1582.0,28.0,5.83,20.5,0.0,0,10.38,4.32,21.3,0,0,59,0.533,cut,0,20.0,18.2,,,4,,0.0,2.1,half_court,,,0.0,0,unknown,-79.51435281781396,159.20217637793553,1.7159383568311668,green#?,,,0,43,1,CLAMP,src/pipeline/unified_pipeline.py:jump_clamp,,image_px,observed,none
1458,24.3,8,white,1876,247,0.5511,0.1444,0.0,0.0,0.0,backcourt,0,10.1,30.1,29.3,none,,,1780.5,769.5,0,0,left,2.6,561.0,9.0,630.0,127.0,1582.0,28.0,5.83,41.5,0.0,0,51.8,7.22,41.0,0,0,59,0.467,cut,0,20.0,18.2,,,4,,0.0,2.1,half_court,,,0.0,0,unknown,-79.51435281781396,159.20217637793553,1.7159383568311668,white#?,,,0,43,1,CLAMP,src/pipeline/unified_pipeline.py:jump_clamp,,image_px,observed,none
1464,24.4,1,green,1591,1299,0.4674,0.7592,0.0,0.0,0.0,backcourt,0,35.0,2.6,46.2,none,,,983.5,723.5,0,0,left,2.6,431.92523,36.032043,518.4637,191.80128,1583.0,32.0,4.12,41.6,0.0,0,43.93,37.96,40.8,0,0,60,0.867,cut,0,20.0,18.1,,,4,,0.0,2.2,half_court,,,0.0,0,unknown,-73.51504549704161,158.21025386042743,1.2133516482134197,green#?,,,0,44,1,CLAMP,src/pipeline/unified_pipeline.py:jump_clamp,,image_px,observed,none
1464,24.4,6,white,1685,1292,0.495,0.7551,0.0,0.0,0.0,backcourt,1,34.9,2.6,,none,,,1685.0,1292.0,0,0,left,2.6,1209.6012,30.238998,1294.4305,196.32843,1583.0,32.0,4.12,44.0,0.0,0,46.53,37.76,43.21,0,0,60,0.867,cut,0,20.0,18.1,,,4,,0.0,2.2,half_court,,,0.0,0,unknown,-73.51504549704161,158.21025386042743,1.2133516482134197,white#?,,,0,44,1,CLAMP,src/pipeline/unified_pipeline.py:jump_clamp,,image_px,observed,none
1464,24.4,3,green,376,148,0.1105,0.0865,0.0,0.0,0.0,mid_range,0,33.5,48.0,46.2,none,,,983.5,723.5,0,0,left,2.6,1035.8212,328.5172,1164.1412,520.9972,1583.0,32.0,4.12,20.5,0.0,0,10.38,4.32,21.3,0,0,60,0.467,cut,0,20.0,18.1,,,4,,0.0,2.2,half_court,,,0.0,0,unknown,-73.51504549704161,158.21025386042743,1.2133516482134197,green#?,,,0,44,1,CLAMP,src/pipeline/unified_pipeline.py:jump_clamp,,image_px,observed,none
1470,24.5,1,green,1591,1299,0.4674,0.7592,0.0,0.0,0.0,backcourt,0,35.1,24.4,,none,,,1591.0,1299.0,0,0,left,34.6,425.0,8.0,512.0,203.0,1543.0,28.0,40.2,41.6,0.0,0,43.93,37.96,40.8,0,0,61,1.0,cut,0,22.4,18.0,,,4,,0.0,2.3,drive,,,0.0,0,unknown,-72.6069260665533,158.39696836094663,3.745367509040705,green#?,,,0,45,1,CLAMP,src/pipeline/unified_pipeline.py:jump_clamp,,image_px,observed,none
1470,24.5,7,white,1548,47,0.4548,0.0275,11.65,11.05,196.6,backcourt,1,0.5,34.6,16.7,none,,,1751.0,271.0,0,0,left,34.6,1163.0,43.0,1251.0,195.0,1543.0,28.0,40.2,44.5,7.99,1,42.75,1.37,44.32,0,0,61,1.0,cut,0,22.4,18.0,,,4,,0.0,2.3,drive,,,0.0,0,unknown,-72.6069260665533,158.39696836094663,3.745367509040705,white#?,,,0,45,1,PREDICTION,src/tracking/advanced_tracker.py:id_merge,,image_px,observed,none
1470,24.5,9,white,1954,495,0.574,0.2893,14.34,9.57,1.3,backcourt,0,17.2,24.4,16.7,none,,,1751.0,271.0,0,0,left,34.6,1128.0,526.0,1242.0,671.0,1543.0,28.0,40.2,37.2,13.9,0,53.96,14.47,36.35,0,0,61,1.0,cut,0,22.4,18.0,,,4,,0.0,2.3,drive,,,0.0,0,unknown,-72.6069260665533,158.39696836094663,3.745367509040705,white#?,,,0,45,1,DETECTION,src/tracking/advanced_tracker.py:_activate_slot,1470_526_1128_671_1242,image_px,observed,none
1476,24.6,5,green,756,120,0.2221,0.0701,0.0,-4.5,0.0,3pt_arc,0,21.0,12.2,39.9,none,,,1173.5,709.5,0,0,left,21.2,920.0,276.0,1030.0,468.0,1511.0,29.0,32.02,26.3,0.0,0,20.88,3.51,26.57,0,0,62,1.0,cut,0,25.9,17.9,,,4,,0.0,2.4,drive,,,0.0,0,unknown,-67.79995885722155,158.0779867691747,3.3374973990834644,green#?,,,0,46,1,CLAMP,src/pipeline/unified_pipeline.py:jump_clamp,,image_px,observed,none
1476,24.6,7,white,1520,48,0.4465,0.0281,4.67,-6.98,178.0,backcourt,1,0.6,21.2,17.3,dribble,221.2,221.2,1263.7,203.3,0,0,left,21.2,1146.0,58.0,1234.0,196.0,1511.0,29.0,32.02,43.8,4.1,1,41.97,1.4,43.65,0,0,62,1.0,cut,0,25.9,17.9,,,4,,0.0,2.4,drive,,,0.0,0,unknown,-67.79995885722155,158.0779867691747,3.3374973990834644,white#?,,,1,46,1,PREDICTION,src/tracking/advanced_tracker.py:id_merge,,image_px,observed,none
1476,24.6,9,white,1954,498,0.574,0.2911,0.5,-13.84,90.0,backcourt,0,17.8,24.3,17.3,none,221.2,221.2,1263.7,203.3,0,0,left,21.2,1129.0,529.0,1239.0,673.0,1511.0,29.0,32.02,37.1,0.13,0,53.96,14.55,36.33,0,0,62,1.0,cut,0,25.9,17.9,,,4,,0.0,2.4,drive,,,0.0,0,unknown,-67.79995885722155,158.0779867691747,3.3374973990834644,white#?,,,0,46,1,DETECTION,src/tracking/advanced_tracker.py:_activate_slot,1476_529_1129_673_1239,image_px,observed,none
1476,24.6,10,white,317,64,0.0931,0.0374,21.06,21.06,283.3,corner_3,0,33.0,12.2,33.2,none,221.2,221.2,1263.7,203.3,0,0,left,21.2,422.0,74.0,499.0,203.0,1511.0,29.0,32.02,22.3,-21.05,0,8.75,1.87,23.39,0,0,62,1.0,cut,0,25.9,17.9,,,4,,0.0,2.4,drive,,,0.0,0,unknown,-67.79995885722155,158.0779867691747,3.3374973990834644,white#?,,,0,46,1,DETECTION,src/tracking/advanced_tracker.py:_activate_slot,1476_74_422_203_499,image_px,observed,none
1476,24.6,1,green,1591,1299,0.4674,0.7592,0.0,0.0,0.0,backcourt,0,35.1,24.3,39.9,none,,,1173.5,709.5,0,0,left,21.2,422.10077,-0.6739273,508.96594,182.86542,1511.0,29.0,32.02,41.6,0.0,0,43.93,37.96,40.8,0,0,62,0.933,cut,0,25.9,17.9,,,4,,0.0,2.4,drive,,,0.0,0,unknown,-67.79995885722155,158.0779867691747,3.3374973990834644,green#?,,,0,46,1,CLAMP,src/pipeline/unified_pipeline.py:jump_clamp,,image_px,observed,none
1482,24.7,9,white,1979,501,0.5814,0.2928,4.2,3.7,6.8,backcourt,0,18.1,24.5,17.7,none,218.4,218.4,1269.7,210.7,0,0,left,21.1,1131.0,533.0,1253.0,675.0,1518.0,34.0,8.6,36.5,4.15,0,54.65,14.64,35.64,0,0,63,1.0,cut,0,26.9,17.8,,,4,,0.0,2.5,half_court,,,0.0,0,unknown,-59.47436584000626,157.06841261784712,1.674979270186815,white#?,,,0,46,1,DETECTION,src/tracking/advanced_tracker.py:_activate_slot,1482_533_1131_675_1253,image_px,observed,none
1482,24.7,5,green,756,120,0.2221,0.0701,0.0,0.0,0.0,3pt_arc,0,21.2,12.3,39.9,none,,,1173.5,709.5,0,0,left,21.1,920.0,276.0,1030.0,468.0,1518.0,34.0,8.6,26.3,0.0,0,20.88,3.51,26.57,0,0,63,0.933,cut,0,26.9,17.8,,,4,,0.0,2.5,half_court,,,0.0,0,unknown,-59.47436584000626,157.06841261784712,1.674979270186815,green#?,,,0,46,1,CLAMP,src/pipeline/unified_pipeline.py:jump_clamp,,image_px,observed,none
1482,24.7,7,white,1518,58,0.4459,0.0339,1.7,-2.97,101.3,backcourt,1,0.7,21.1,17.7,dribble,218.4,218.4,1269.7,210.7,0,0,left,21.1,1138.7545,56.00631,1227.7494,198.94629,1518.0,34.0,8.6,43.7,1.13,0,41.92,1.69,43.45,0,0,63,0.933,cut,0,26.9,17.8,,,4,,0.0,2.5,half_court,,,0.0,0,unknown,-59.47436584000626,157.06841261784712,1.674979270186815,white#?,,,2,46,1,PREDICTION,src/tracking/advanced_tracker.py:id_merge,,image_px,observed,none
1482,24.7,10,white,312,73,0.0917,0.0427,1.72,-19.34,119.1,corner_3,0,33.3,12.3,33.3,none,218.4,218.4,1269.7,210.7,0,0,left,21.1,422.0,74.0,499.0,203.0,1518.0,34.0,8.6,22.0,1.64,0,8.62,2.13,23.11,0,0,63,0.933,cut,0,26.9,17.8,,,4,,0.0,2.5,half_court,,,0.0,0,unknown,-59.47436584000626,157.06841261784712,1.674979270186815,white#?,,,0,46,1,PREDICTION,src/tracking/advanced_tracker.py:kalman_homography,,image_px,observed,none
1482,24.7,1,green,1591,1299,0.4674,0.7592,0.0,0.0,0.0,backcourt,0,35.0,24.5,39.9,none,,,1173.5,709.5,0,0,left,21.1,418.91556,-14.727119,505.78073,168.81223,1518.0,34.0,8.6,41.6,0.0,0,43.93,37.96,40.8,0,0,63,0.867,cut,0,26.9,17.8,,,4,,0.0,2.5,half_court,,,0.0,0,unknown,-59.47436584000626,157.06841261784712,1.674979270186815,green#?,,,0,46,1,CLAMP,src/pipeline/unified_pipeline.py:jump_clamp,,image_px,observed,none
1488,24.8,2,green,194,122,0.057,0.0713,0.0,0.0,0.0,mid_range,0,36.7,3.5,2.5,none,,,892.5,710.5,0,0,left,34.3,924.0,269.0,1030.0,454.0,1521.0,33.0,3.16,20.3,0.0,0,5.36,3.57,21.44,0,0,64,1.0,fast_break,0,27.4,17.7,,,4,,0.0,2.6,fast_break,,,0.0,0,unknown,9.409762109480084,157.69755946557677,0.4714045207910317,green#?,,,0,47,1,CLAMP,src/pipeline/unified_pipeline.py:jump_clamp,,image_px,observed,none
1488,24.8,9,white,1996,501,0.5864,0.2928,2.83,-1.37,0.0,backcourt,0,18.4,24.7,18.3,none,805.7,805.7,1374.0,481.5,0,0,left,34.3,1134.0,541.0,1262.0,675.0,1521.0,33.0,3.16,36.0,2.73,0,55.12,14.64,35.19,0,0,64,1.0,fast_break,0,27.4,17.7,,,4,,0.0,2.6,fast_break,,,0.0,0,unknown,9.409762109480084,157.69755946557677,0.4714045207910317,white#?,,,0,47,1,DETECTION,src/tracking/advanced_tracker.py:_activate_slot,1488_541_1134_675_1262,image_px,observed,none
1488,24.8,7,white,1503,60,0.4415,0.0351,2.52,0.82,172.4,backcourt,1,0.9,34.3,18.3,dribble,805.7,805.7,1374.0,481.5,0,0,left,34.3,1129.1663,58.536446,1218.1611,201.47644,1521.0,33.0,3.16,43.3,2.32,0,41.5,1.75,43.07,0,0,64,0.867,fast_break,0,27.4,17.7,,,4,,0.0,2.6,fast_break,,,0.0,0,unknown,9.409762109480084,157.69755946557677,0.4714045207910317,white#?,,,3,47,1,PREDICTION,src/tracking/advanced_tracker.py:kalman_homography,,image_px,observed,none
1488,24.8,10,white,312,73,0.0917,0.0427,0.0,-1.72,0.0,corner_3,0,33.4,3.5,32.9,none,805.7,805.7,1374.0,481.5,0,0,left,34.3,422.0,74.0,499.0,203.0,1521.0,33.0,3.16,22.0,0.0,0,8.62,2.13,23.11,0,0,64,0.867,fast_break,0,27.4,17.7,,,4,,0.0,2.6,fast_break,,,0.0,0,unknown,9.409762109480084,157.69755946557677,0.4714045207910317,white#?,,,0,47,1,SUBPIXEL,src/pipeline/unified_pipeline.py:subpixel_hold,,image_px,observed,none
1488,24.8,1,green,1591,1299,0.4674,0.7592,0.0,0.0,0.0,backcourt,0,35.0,2.6,50.4,none,,,892.5,710.5,0,0,left,34.3,415.73035,-28.780312,502.59552,154.75903,1521.0,33.0,3.16,41.6,0.0,0,43.93,37.96,40.8,0,0,64,0.8,fast_break,0,27.4,17.7,,,4,,0.0,2.6,fast_break,,,0.0,0,unknown,9.409762109480084,157.69755946557677,0.4714045207910317,green#?,,,0,47,1,CLAMP,src/pipeline/unified_pipeline.py:jump_clamp,,image_px,observed,none
1488,24.8,6,white,1685,1292,0.495,0.7551,0.0,0.0,0.0,backcourt,0,35.1,2.6,23.5,none,805.7,805.7,1374.0,481.5,0,0,left,34.3,1211.194,28.711258,1296.0233,194.80069,1521.0,33.0,3.16,44.0,0.0,0,46.53,37.76,43.21,0,0,64,0.6,fast_break,0,27.4,17.7,,,4,,0.0,2.6,fast_break,,,0.0,0,unknown,9.409762109480084,157.69755946557677,0.4714045207910317,white#?,,,0,47,1,CLAMP,src/pipeline/unified_pipeline.py:jump_clamp,,image_px,observed,none
1494,24.9,7,white,1471,55,0.4321,0.0321,5.4,2.88,188.9,backcourt,1,1.7,34.5,19.7,dribble,820.0,820.0,1374.2,480.2,0,0,left,34.5,1120.0,52.0,1194.0,208.0,1528.0,36.0,7.62,42.6,4.13,1,40.62,1.61,42.41,0,0,65,1.0,fast_break,0,28.3,17.6,,,4,,0.0,2.7,fast_break,,,0.0,0,unknown,66.17936467837922,153.0201276297671,0.9718253158075502,white#?,,,4,47,1,DETECTION,src/tracking/advanced_tracker.py:_activate_slot,1494_52_1120_208_1194,image_px,observed,none
1494,24.9,9,white,2029,501,0.5961,0.2928,5.5,2.67,0.0,backcourt,0,18.9,25.1,19.7,none,820.0,820.0,1374.2,480.2,0,0,left,34.5,1149.0,551.0,1271.0,675.0,1528.0,36.0,7.62,35.1,5.28,0,56.03,14.64,34.32,0,0,65,1.0,fast_break,0,28.3,17.6,,,4,,0.0,2.7,fast_break,,,0.0,0,unknown,66.17936467837922,153.0201276297671,0.9718253158075502,white#?,,,0,47,1,DETECTION,src/tracking/advanced_tracker.py:_activate_slot,1494_551_1149_675_1271,image_px,observed,none
1494,24.9,2,green,194,122,0.057,0.0713,0.0,0.0,0.0,mid_range,0,36.9,3.5,2.5,none,,,892.5,710.5,0,0,left,34.5,924.0,269.0,1030.0,454.0,1528.0,36.0,7.62,20.3,0.0,0,5.36,3.57,21.44,0,0,65,0.933,fast_break,0,28.3,17.6,,,4,,0.0,2.7,fast_break,,,0.0,0,unknown,66.17936467837922,153.0201276297671,0.9718253158075502,green#?,,,0,47,1,CLAMP,src/pipeline/unified_pipeline.py:jump_clamp,,image_px,observed,none
1494,24.9,10,white,312,73,0.0917,0.0427,0.0,0.0,0.0,corner_3,0,33.6,3.5,32.0,none,820.0,820.0,1374.2,480.2,0,0,left,34.5,422.0,74.0,499.0,203.0,1528.0,36.0,7.62,22.0,0.0,0,8.62,2.13,23.11,0,0,65,0.8,fast_break,0,28.3,17.6,,,4,,0.0,2.7,fast_break,,,0.0,0,unknown,66.17936467837922,153.0201276297671,0.9718253158075502,white#?,,,0,47,1,SUBPIXEL,src/pipeline/unified_pipeline.py:subpixel_hold,,image_px,observed,none
1494,24.9,1,green,1591,1299,0.4674,0.7592,0.0,0.0,0.0,backcourt,0,34.9,2.6,50.4,none,,,892.5,710.5,0,0,left,34.5,412.54514,-42.833504,499.4103,140.70584,1528.0,36.0,7.62,41.6,0.0,0,43.93,37.96,40.8,0,0,65,0.733,fast_break,0,28.3,17.6,,,4,,0.0,2.7,fast_break,,,0.0,0,unknown,66.17936467837922,153.0201276297671,0.9718253158075502,green#?,,,0,47,1,CLAMP,src/pipeline/unified_pipeline.py:jump_clamp,,image_px,observed,none
1494,24.9,6,white,1685,1292,0.495,0.7551,0.0,0.0,0.0,backcourt,0,35.0,2.6,23.8,none,820.0,820.0,1374.2,480.2,0,0,left,34.5,1211.5922,28.329323,1296.4215,194.41876,1528.0,36.0,7.62,44.0,0.0,0,46.53,37.76,43.21,0,0,65,0.533,fast_break,0,28.3,17.6,,,4,,0.0,2.7,fast_break,,,0.0,0,unknown,66.17936467837922,153.0201276297671,0.9718253158075502,white#?,,,0,47,1,CLAMP,src/pipeline/unified_pipeline.py:jump_clamp,,image_px,observed,none
1500,25.0,1,green,1591,1299,0.4674,0.7592,0.0,0.0,0.0,backcourt,0,34.8,25.5,50.4,none,,,892.5,710.5,0,0,left,34.3,418.0,24.0,497.0,218.0,1550.0,40.0,22.36,41.6,0.0,0,43.93,37.96,40.8,0,0,66,1.0,hand_off,0,28.8,17.5,,,4,,0.0,2.8,half_court,,,0.0,0,unknown,72.81585652383595,151.9771869392482,2.1343747458109497,green#?,,,0,48,1,CLAMP,src/pipeline/unified_pipeline.py:jump_clamp,,image_px,observed,none
1500,25.0,9,white,2049,499,0.6019,0.2916,3.35,-2.15,354.3,backcourt,0,18.7,25.5,20.3,none,203.3,203.3,1273.0,212.0,0,0,left,34.3,1164.0,562.0,1272.0,674.0,1550.0,40.0,22.36,34.6,3.1,0,56.58,14.58,33.81,0,0,66,1.0,hand_off,0,28.8,17.5,,,4,,0.0,2.8,half_court,,,0.0,0,unknown,72.81585652383595,151.9771869392482,2.1343747458109497,white#?,,,0,48,1,DETECTION,src/tracking/advanced_tracker.py:_activate_slot,1500_562_1164_674_1272,image_px,observed,none
1500,25.0,7,white,1458,64,0.4283,0.0374,2.64,-2.76,145.3,backcourt,1,2.6,34.3,20.3,none,203.3,203.3,1273.0,212.0,0,0,left,34.3,1106.2175,56.02571,1185.0964,207.77632,1550.0,40.0,22.36,42.1,2.63,0,40.26,1.87,41.96,0,0,66,0.933,hand_off,0,28.8,17.5,,,4,,0.0,2.8,half_court,,,0.0,0,unknown,72.81585652383595,151.9771869392482,2.1343747458109497,white#?,,,4,48,1,PREDICTION,src/tracking/advanced_tracker.py:kalman_homography,,image_px,observed,none
1500,25.0,2,green,194,122,0.057,0.0713,0.0,0.0,0.0,mid_range,0,37.5,3.5,2.5,none,,,892.5,710.5,0,0,left,34.3,924.0,269.0,1030.0,454.0,1550.0,40.0,22.36,20.3,0.0,0,5.36,3.57,21.44,0,0,66,0.867,hand_off,0,28.8,17.5,,,4,,0.0,2.8,half_court,,,0.0,0,unknown,72.81585652383595,151.9771869392482,2.1343747458109497,green#?,,,0,48,1,CLAMP,src/pipeline/unified_pipeline.py:jump_clamp,,image_px,observed,none
1500,25.0,10,white,312,73,0.0917,0.0427,0.0,0.0,0.0,corner_3,0,34.2,3.5,31.6,none,203.3,203.3,1273.0,212.0,0,0,left,34.3,422.0,74.0,499.0,203.0,1550.0,40.0,22.36,22.0,0.0,0,8.62,2.13,23.11,0,0,66,0.733,hand_off,0,28.8,17.5,,,4,,0.0,2.8,half_court,,,0.0,0,unknown,72.81585652383595,151.9771869392482,2.1343747458109497,white#?,,,0,48,1,SUBPIXEL,src/pipeline/unified_pipeline.py:subpixel_hold,,image_px,observed,none
1506,25.1,3,green,540,155,0.1586,0.0906,27.36,27.36,2.4,mid_range,0,27.2,6.7,9.6,none,145.7,145.7,775.0,525.3,0,0,left,24.9,571.0,154.0,657.0,345.0,1517.0,43.0,33.14,22.1,-12.19,0,14.91,4.53,22.64,0,0,67,1.0,hand_off,0,39.2,17.4,,,4,,0.0,2.9,drive,,,0.0,0,unknown,74.9591847165023,151.22115553352342,3.562926387738658,green#?,,,0,49,1,PREDICTION,src/tracking/advanced_tracker.py:id_merge,,image_px,observed,none
1506,25.1,8,white,1671,499,0.4909,0.2916,54.14,54.14,129.1,backcourt,0,13.3,22.2,11.8,none,273.0,273.0,1380.2,284.0,0,0,left,24.9,1031.0,562.0,1129.0,674.0,1517.0,43.0,33.14,43.1,42.86,0,46.14,14.58,42.2,0,0,67,1.0,hand_off,0,39.2,17.4,,,4,,0.0,2.9,drive,,,0.0,0,unknown,74.9591847165023,151.22115553352342,3.562926387738658,white#?,,,0,49,1,DETECTION,src/tracking/advanced_tracker.py:_activate_slot,1506_562_1031_674_1129,image_px,observed,none
1506,25.1,9,white,2099,499,0.6166,0.2916,8.33,4.98,0.0,backcourt,0,20.4,26.2,11.8,none,273.0,273.0,1380.2,284.0,0,0,left,24.9,1183.0,572.0,1289.0,674.0,1517.0,43.0,33.14,33.3,7.96,0,57.96,14.58,32.5,0,0,67,1.0,hand_off,0,39.2,17.4,,,4,,0.0,2.9,drive,,,0.0,0,unknown,74.9591847165023,151.22115553352342,3.562926387738658,white#?,,,0,49,1,DETECTION,src/tracking/advanced_tracker.py:_activate_slot,1506_572_1183_674_1289,image_px,observed,none
1506,25.1,1,green,1591,1299,0.4674,0.7592,0.0,0.0,0.0,backcourt,0,34.7,22.2,42.9,none,145.7,145.7,775.0,525.3,0,0,left,24.9,414.80396,28.08825,495.6731,219.60226,1517.0,43.0,33.14,41.6,0.0,0,43.93,37.96,40.8,0,0,67,0.933,hand_off,0,39.2,17.4,,,4,,0.0,2.9,drive,,,0.0,0,unknown,74.9591847165023,151.22115553352342,3.562926387738658,green#?,,,0,49,1,CLAMP,src/pipeline/unified_pipeline.py:jump_clamp,,image_px,observed,none
1506,25.1,7,white,1439,65,0.4227,0.038,3.17,0.53,177.0,backcourt,1,2.2,24.9,13.6,none,273.0,273.0,1380.2,284.0,0,0,left,24.9,1094.5479,57.809616,1173.4268,209.56023,1517.0,43.0,33.14,41.7,2.78,0,39.74,1.9,41.51,0,0,67,0.867,hand_off,0,39.2,17.4,,,4,,0.0,2.9,drive,,,0.0,0,unknown,74.9591847165023,151.22115553352342,3.562926387738658,white#?,,,4,49,1,PREDICTION,src/tracking/advanced_tracker.py:kalman_homography,,image_px,observed,none
1506,25.1,2,green,194,122,0.057,0.0713,0.0,0.0,0.0,mid_range,0,36.6,3.5,9.6,none,145.7,145.7,775.0,525.3,0,0,left,24.9,924.0,269.0,1030.0,454.0,1517.0,43.0,33.14,20.3,0.0,0,5.36,3.57,21.44,0,0,67,0.8,hand_off,0,39.2,17.4,,,4,,0.0,2.9,drive,,,0.0,0,unknown,74.9591847165023,151.22115553352342,3.562926387738658,green#?,,,0,49,1,CLAMP,src/pipeline/unified_pipeline.py:jump_clamp,,image_px,observed,none
1506,25.1,10,white,312,73,0.0917,0.0427,0.0,0.0,0.0,corner_3,0,33.3,3.5,31.1,none,273.0,273.0,1380.2,284.0,0,0,left,24.9,422.0,74.0,499.0,203.0,1517.0,43.0,33.14,22.0,0.0,0,8.62,2.13,23.11,0,0,67,0.667,hand_off,0,39.2,17.4,,,4,,0.0,2.9,drive,,,0.0,0,unknown,74.9591847165023,151.22115553352342,3.562926387738658,white#?,,,0,49,1,SUBPIXEL,src/pipeline/unified_pipeline.py:subpixel_hold,,image_px,observed,none
1512,25.2,1,green,1591,1299,0.4674,0.7592,0.0,0.0,0.0,backcourt,0,34.6,22.3,42.9,none,147.2,147.2,775.7,525.0,0,0,left,24.4,437.0,89.0,511.0,242.0,1548.0,48.0,31.4,41.6,0.0,0,43.93,37.96,40.8,0,0,68,1.0,hand_off,0,40.7,17.3,,,4,,0.0,3.0,drive,,,0.0,0,unknown,79.30329787436915,150.02966805761253,2.91547594742265,green#?,,,0,49,1,CLAMP,src/pipeline/unified_pipeline.py:jump_clamp,,image_px,observed,none
1512,25.2,3,green,542,154,0.1592,0.09,0.37,-26.99,333.4,mid_range,0,27.9,6.7,9.7,none,147.2,147.2,775.7,525.0,0,0,left,24.4,565.0,159.0,665.0,343.0,1548.0,48.0,31.4,22.1,-0.31,0,14.97,4.5,22.69,0,0,68,1.0,hand_off,0,40.7,17.3,,,4,,0.0,3.0,drive,,,0.0,0,unknown,79.30329787436915,150.02966805761253,2.91547594742265,green#?,,,0,49,1,PREDICTION,src/tracking/advanced_tracker.py:id_merge,,image_px,observed,none
1512,25.2,9,white,2125,498,0.6243,0.2911,4.34,-3.99,357.8,backcourt,0,20.2,26.6,11.7,none,268.0,268.0,1389.8,284.2,0,0,left,24.4,1199.0,583.0,1293.0,673.0,1548.0,48.0,31.4,32.6,4.08,0,58.68,14.55,31.83,0,0,68,1.0,hand_off,0,40.7,17.3,,,4,,0.0,3.0,drive,,,0.0,0,unknown,79.30329787436915,150.02966805761253,2.91547594742265,white#?,,,0,49,1,DETECTION,src/tracking/advanced_tracker.py:_activate_slot,1512_583_1199_673_1293,image_px,observed,none
1512,25.2,8,white,1701,499,0.4997,0.2916,5.0,-49.14,0.0,backcourt,0,13.2,22.3,11.7,none,268.0,268.0,1389.8,284.2,0,0,left,24.4,1031.0,562.0,1129.0,674.0,1548.0,48.0,31.4,43.9,-4.87,0,46.97,14.58,43.0,0,0,68,0.933,hand_off,0,40.7,17.3,,,4,,0.0,3.0,drive,,,0.0,0,unknown,79.30329787436915,150.02966805761253,2.91547594742265,white#?,,,0,49,1,PREDICTION,src/tracking/advanced_tracker.py:flow_gapfill_batched,,image_px,observed,none
1512,25.2,7,white,1421,67,0.4175,0.0392,3.02,-0.15,173.7,backcourt,1,3.5,24.4,14.2,none,268.0,268.0,1389.8,284.2,0,0,left,24.4,1082.8782,59.59352,1161.7571,211.34413,1548.0,48.0,31.4,41.2,2.72,0,39.24,1.96,41.06,0,0,68,0.8,hand_off,0,40.7,17.3,,,4,,0.0,3.0,drive,,,0.0,0,unknown,79.30329787436915,150.02966805761253,2.91547594742265,white#?,,,4,49,1,PREDICTION,src/tracking/advanced_tracker.py:kalman_homography,,image_px,observed,none
1512,25.2,2,green,194,122,0.057,0.0713,0.0,0.0,0.0,mid_range,0,37.4,3.5,9.7,none,147.2,147.2,775.7,525.0,0,0,left,24.4,924.0,269.0,1030.0,454.0,1548.0,48.0,31.4,20.3,0.0,0,5.36,3.57,21.44,0,0,68,0.733,hand_off,0,40.7,17.3,,,4,,0.0,3.0,drive,,,0.0,0,unknown,79.30329787436915,150.02966805761253,2.91547594742265,green#?,,,0,49,1,CLAMP,src/pipeline/unified_pipeline.py:jump_clamp,,image_px,observed,none
1512,25.2,10,white,312,73,0.0917,0.0427,0.0,0.0,0.0,corner_3,0,34.1,3.5,30.6,none,268.0,268.0,1389.8,284.2,0,0,left,24.4,422.0,74.0,499.0,203.0,1548.0,48.0,31.4,22.0,0.0,0,8.62,2.13,23.11,0,0,68,0.6,hand_off,0,40.7,17.3,,,4,,0.0,3.0,drive,,,0.0,0,unknown,79.30329787436915,150.02966805761253,2.91547594742265,white#?,,,0,49,1,SUBPIXEL,src/pipeline/unified_pipeline.py:subpixel_hold,,image_px,observed,none
1518,25.3,3,green,551,165,0.1619,0.0964,2.37,2.0,50.7,mid_range,0,28.5,7.1,9.9,none,145.3,145.3,778.7,528.7,0,0,left,23.6,564.0,165.0,681.0,359.0,1576.0,52.0,28.28,22.0,0.84,0,15.22,4.82,22.51,0,0,69,1.0,hand_off,0,42.5,17.2,,,4,,0.0,3.1,drive,,,0.0,0,unknown,78.521236412444,149.83283706335396,2.6874192494328497,green#?,,,0,49,1,PREDICTION,src/tracking/advanced_tracker.py:id_merge,,image_px,observed,none
1518,25.3,8,white,1764,499,0.5182,0.2916,10.5,5.5,0.0,backcourt,0,13.4,22.6,10.0,none,253.0,253.0,1400.5,284.5,0,0,left,23.6,1059.0,581.0,1169.0,674.0,1576.0,52.0,28.28,42.2,10.21,0,48.71,14.58,41.37,0,0,69,1.0,hand_off,0,42.5,17.2,,,4,,0.0,3.1,drive,,,0.0,0,unknown,78.521236412444,149.83283706335396,2.6874192494328497,white#?,,,0,49,1,DETECTION,src/tracking/advanced_tracker.py:_activate_slot,1518_581_1059_674_1169,image_px,observed,none
1518,25.3,9,white,2125,498,0.6243,0.2911,0.0,-4.34,0.0,backcourt,0,19.5,26.6,10.0,none,253.0,253.0,1400.5,284.5,0,0,left,23.6,449.0,89.0,521.0,242.0,1576.0,52.0,28.28,32.6,0.0,0,58.68,14.55,31.83,0,0,69,1.0,hand_off,0,42.5,17.2,,,4,,0.0,3.1,drive,,,0.0,0,unknown,78.521236412444,149.83283706335396,2.6874192494328497,white#?,,,0,49,1,CLAMP,src/tracking/advanced_tracker.py:_activate_slot,,image_px,observed,none
1518,25.3,1,green,1591,1299,0.4674,0.7592,0.0,0.0,0.0,backcourt,0,34.4,22.6,42.5,none,145.3,145.3,778.7,528.7,0,0,left,23.6,438.58728,95.42918,515.074,262.37167,1576.0,52.0,28.28,41.6,0.0,0,43.93,37.96,40.8,0,0,69,0.933,hand_off,0,42.5,17.2,,,4,,0.0,3.1,drive,,,0.0,0,unknown,78.521236412444,149.83283706335396,2.6874192494328497,green#?,,,0,49,1,CLAMP,src/pipeline/unified_pipeline.py:jump_clamp,,image_px,observed,none
1518,25.3,7,white,1401,68,0.4116,0.0397,3.34,0.32,177.1,backcourt,1,4.9,23.6,15.6,none,253.0,253.0,1400.5,284.5,0,0,left,23.6,1071.2085,61.377426,1150.0874,213.12804,1576.0,52.0,28.28,40.7,2.91,0,38.69,1.99,40.59,0,0,69,0.733,hand_off,0,42.5,17.2,,,4,,0.0,3.1,drive,,,0.0,0,unknown,78.521236412444,149.83283706335396,2.6874192494328497,white#?,,,4,49,1,PREDICTION,src/tracking/advanced_tracker.py:kalman_homography,,image_px,observed,none
1518,25.3,2,green,194,122,0.057,0.0713,0.0,0.0,0.0,mid_range,0,38.2,3.5,9.9,none,145.3,145.3,778.7,528.7,0,0,left,23.6,924.0,269.0,1030.0,454.0,1576.0,52.0,28.28,20.3,0.0,0,5.36,3.57,21.44,0,0,69,0.667,hand_off,0,42.5,17.2,,,4,,0.0,3.1,drive,,,0.0,0,unknown,78.521236412444,149.83283706335396,2.6874192494328497,green#?,,,0,49,1,CLAMP,src/pipeline/unified_pipeline.py:jump_clamp,,image_px,observed,none
1518,25.3,10,white,312,73,0.0917,0.0427,0.0,0.0,0.0,corner_3,0,34.9,3.5,30.1,none,253.0,253.0,1400.5,284.5,0,0,left,23.6,422.0,74.0,499.0,203.0,1576.0,52.0,28.28,22.0,0.0,0,8.62,2.13,23.11,0,0,69,0.533,hand_off,0,42.5,17.2,,,4,,0.0,3.1,drive,,,0.0,0,unknown,78.521236412444,149.83283706335396,2.6874192494328497,white#?,,,0,49,1,SUBPIXEL,src/pipeline/unified_pipeline.py:subpixel_hold,,image_px,observed,none
1524,25.4,3,green,561,165,0.1648,0.0964,1.67,-0.7,0.0,mid_range,0,29.3,22.8,10.2,none,150.1,150.1,782.0,528.7,0,0,left,,569.0,169.0,686.0,359.0,1615.0,56.0,39.2,22.1,-0.85,0,15.49,4.82,22.63,0,0,70,1.0,hand_off,0,0.0,17.1,,,4,,0.0,0.0,half_court,,,0.0,0,unknown,75.26147285654032,150.005796392315,3.531603350069515,green#?,,,0,40,1,PREDICTION,src/tracking/advanced_tracker.py:id_merge,,image_px,observed,none
1524,25.4,8,white,1812,498,0.5323,0.2911,8.0,-2.5,358.8,backcourt,0,13.4,22.9,8.6,none,54.2,54.2,1772.7,355.0,0,0,left,,1072.1287,583.7369,1181.1287,678.32025,1615.0,56.0,39.2,40.9,7.72,0,50.04,14.55,40.1,0,0,70,0.933,hand_off,0,0.0,17.1,,,4,,0.0,0.0,half_court,,,0.0,0,unknown,75.26147285654032,150.005796392315,3.531603350069515,white#?,,,0,40,1,PREDICTION,src/tracking/advanced_tracker.py:flow_gapfill_batched,,image_px,observed,none
1524,25.4,9,white,2125,498,0.6243,0.2911,0.0,0.0,0.0,backcourt,0,18.6,26.6,8.6,none,54.2,54.2,1772.7,355.0,0,0,left,,373.22772,58.402905,460.36493,185.3686,1615.0,56.0,39.2,32.6,0.0,0,58.68,14.55,31.83,0,0,70,0.933,hand_off,0,0.0,17.1,,,4,,0.0,0.0,half_court,,,0.0,0,unknown,75.26147285654032,150.005796392315,3.531603350069515,white#?,,,0,40,1,CLAMP,src/pipeline/unified_pipeline.py:jump_clamp,,image_px,observed,none
1524,25.4,1,green,1591,1299,0.4674,0.7592,0.0,0.0,0.0,backcourt,0,34.3,22.9,42.3,none,150.1,150.1,782.0,528.7,0,0,left,,443.64325,112.776375,520.12994,279.71887,1615.0,56.0,39.2,41.6,0.0,0,43.93,37.96,40.8,0,0,70,0.867,hand_off,0,0.0,17.1,,,4,,0.0,0.0,half_court,,,0.0,0,unknown,75.26147285654032,150.005796392315,3.531603350069515,green#?,,,0,40,1,CLAMP,src/pipeline/unified_pipeline.py:jump_clamp,,image_px,observed,none
1524,25.4,7,white,1381,69,0.4057,0.0403,3.34,0.0,177.1,backcourt,0,6.5,22.8,16.8,none,54.2,54.2,1772.7,355.0,0,0,left,,1059.5388,63.16133,1138.4177,214.91194,1615.0,56.0,39.2,40.3,2.9,0,38.14,2.02,40.12,0,0,70,0.667,hand_off,0,0.0,17.1,,,4,,0.0,0.0,half_court,,,0.0,0,unknown,75.26147285654032,150.005796392315,3.531603350069515,white#?,,,0,40,1,PREDICTION,src/tracking/advanced_tracker.py:kalman_homography,,image_px,observed,none
1524,25.4,2,green,194,122,0.057,0.0713,0.0,0.0,0.0,mid_range,0,39.3,32.8,10.2,none,150.1,150.1,782.0,528.7,0,0,left,,924.0,269.0,1030.0,454.0,1615.0,56.0,39.2,20.3,0.0,0,5.36,3.57,21.44,0,0,70,0.6,hand_off,0,0.0,17.1,,,4,,0.0,0.0,half_court,,,0.0,0,unknown,75.26147285654032,150.005796392315,3.531603350069515,green#?,,,0,40,1,CLAMP,src/pipeline/unified_pipeline.py:jump_clamp,,image_px,observed,none
