event_id,reason
20150807-E1-brighton-nott_m_forest,null_price
20150807-F1-lille-paris_sg,null_price
20150808-E0-bournemouth-aston_villa,null_price
20150808-E0-chelsea-swansea,null_price
20150808-E0-everton-watford,null_price
20150808-E0-leicester-sunderland,null_price
20150808-E0-man_united-tottenham,null_price
20150808-E0-norwich-crystal_palace,null_price
20150808-E1-birmingham-reading,null_price
20150808-E1-blackburn-wolves,null_price
20150808-E1-bolton-derby,null_price
20150808-E1-brentford-ipswich,null_price
20150808-E1-cardiff-fulham,null_price
20150808-E1-charlton-qpr,null_price
20150808-E1-hull-huddersfield,null_price
20150808-E1-leeds-burnley,null_price
20150808-E1-rotherham-milton_keynes_dons,null_price
20150808-E1-sheffield_weds-bristol_city,null_price
20150808-F1-bastia-rennes,null_price
20150808-F1-marseille-caen,null_price
20150808-F1-montpellier-angers,null_price
20150808-F1-nantes-guingamp,null_price
20150808-F1-nice-monaco,null_price
20150808-F1-troyes-ajaccio_gfco,null_price
20150809-E0-arsenal-west_ham,null_price
20150809-E0-newcastle-southampton,null_price
20150809-E0-stoke-liverpool,null_price
20150809-E1-preston-middlesbrough,null_price
20150809-F1-bordeaux-reims,null_price
20150809-F1-lyon-lorient,null_price
20150809-F1-toulouse-st_etienne,null_price
20150810-E0-west_brom-man_city,null_price
20150814-D1-bayern_munich-hamburg,null_price
20150814-E0-aston_villa-man_united,null_price
20150814-F1-monaco-lille,null_price
20150815-D1-augsburg-hertha,null_price
20150815-D1-darmstadt-hannover,null_price
20150815-D1-dortmund-m_gladbach,null_price
20150815-D1-leverkusen-hoffenheim,null_price
20150815-D1-mainz-ingolstadt,null_price
20150815-D1-werder_bremen-schalke_04,null_price
20150815-E0-southampton-everton,null_price
20150815-E0-sunderland-norwich,null_price
20150815-E0-swansea-newcastle,null_price
20150815-E0-tottenham-stoke,null_price
20150815-E0-watford-west_brom,null_price
20150815-E0-west_ham-leicester,null_price
20150815-E1-bristol_city-brentford,null_price
20150815-E1-burnley-birmingham,null_price
20150815-E1-derby-charlton,null_price
20150815-E1-fulham-brighton,null_price
20150815-E1-huddersfield-blackburn,null_price
20150815-E1-ipswich-sheffield_weds,null_price
20150815-E1-middlesbrough-bolton,null_price
20150815-E1-milton_keynes_dons-preston,null_price
20150815-E1-nott_m_forest-rotherham,null_price
20150815-E1-qpr-cardiff,null_price
20150815-F1-angers-nantes,null_price
20150815-F1-caen-toulouse,null_price
20150815-F1-guingamp-lyon,null_price
20150815-F1-rennes-montpellier,null_price
20150815-F1-st_etienne-bordeaux,null_price
20150815-F1-troyes-nice,null_price
20150816-D1-stuttgart-fc_koln,null_price
20150816-D1-wolfsburg-ein_frankfurt,null_price
20150816-E0-crystal_palace-arsenal,null_price
20150816-E0-man_city-chelsea,null_price
20150816-E1-reading-leeds,null_price
20150816-E1-wolves-hull,null_price
20150816-F1-lorient-bastia,null_price
20150816-F1-paris_sg-ajaccio_gfco,null_price
20150816-F1-reims-marseille,null_price
20150817-E0-liverpool-bournemouth,null_price
20150818-E1-blackburn-cardiff,null_price
20150818-E1-derby-middlesbrough,null_price
20150818-E1-huddersfield-brighton,null_price
20150818-E1-ipswich-burnley,null_price
20150818-E1-milton_keynes_dons-bolton,null_price
20150818-E1-nott_m_forest-charlton,null_price
20150818-E1-rotherham-preston,null_price
20150819-E1-bristol_city-leeds,null_price
20150819-E1-hull-fulham,null_price
20150819-E1-sheffield_weds-reading,null_price
20150819-E1-wolves-qpr,null_price
20150821-D1-hertha-werder_bremen,null_price
20150821-E1-birmingham-derby,null_price
20150821-F1-montpellier-paris_sg,null_price
20150821-SP1-malaga-sevilla,null_price
20150822-D1-ein_frankfurt-augsburg,null_price
20150822-D1-fc_koln-wolfsburg,null_price
20150822-D1-hamburg-stuttgart,null_price
20150822-D1-hannover-leverkusen,null_price
20150822-D1-hoffenheim-bayern_munich,null_price
20150822-D1-schalke_04-darmstadt,null_price
20150822-E0-crystal_palace-aston_villa,null_price
20150822-E0-leicester-tottenham,null_price
20150822-E0-man_united-newcastle,null_price
20150822-E0-norwich-stoke,null_price
20150822-E0-sunderland-swansea,null_price
20150822-E0-west_ham-bournemouth,null_price
20150822-E1-bolton-nott_m_forest,null_price
20150822-E1-brighton-blackburn,null_price
20150822-E1-burnley-brentford,null_price
20150822-E1-cardiff-wolves,null_price
20150822-E1-charlton-hull,null_price
20150822-E1-fulham-huddersfield,null_price
20150822-E1-leeds-sheffield_weds,null_price
20150822-E1-middlesbrough-bristol_city,null_price
20150822-E1-preston-ipswich,null_price
20150822-E1-qpr-rotherham,null_price
20150822-E1-reading-milton_keynes_dons,null_price
20150822-F1-ajaccio_gfco-angers,null_price
20150822-F1-bastia-guingamp,null_price
20150822-F1-lyon-rennes,null_price
20150822-F1-nantes-reims,null_price
20150822-F1-nice-caen,null_price
20150822-F1-toulouse-monaco,null_price
20150822-I1-lazio-bologna,null_price
20150822-I1-verona-roma,null_price
20150822-SP1-ath_madrid-las_palmas,null_price
20150822-SP1-espanol-getafe,null_price
20150822-SP1-la_coruna-sociedad,null_price
20150822-SP1-vallecano-valencia,null_price
20150823-D1-ingolstadt-dortmund,null_price
20150823-D1-m_gladbach-mainz,null_price
20150823-E0-everton-man_city,null_price
20150823-E0-watford-southampton,null_price
20150823-E0-west_brom-chelsea,null_price
20150823-F1-lille-bordeaux,null_price
20150823-F1-lorient-st_etienne,null_price
20150823-F1-marseille-troyes,null_price
20150823-I1-empoli-chievo,null_price
20150823-I1-fiorentina-milan,null_price
20150823-I1-frosinone-torino,null_price
20150823-I1-inter-atalanta,null_price
20150823-I1-juventus-udinese,null_price
20150823-I1-palermo-genoa,null_price
20150823-I1-sampdoria-carpi,null_price
20150823-I1-sassuolo-napoli,null_price
20150823-SP1-ath_bilbao-barcelona,null_price
20150823-SP1-betis-villarreal,null_price
20150823-SP1-levante-celta,null_price
20150823-SP1-sp_gijon-real_madrid,null_price
20150824-E0-arsenal-liverpool,null_price
20150824-SP1-granada-eibar,null_price
20150828-D1-wolfsburg-schalke_04,null_price
20150828-E1-blackburn-bolton,null_price
20150828-F1-guingamp-marseille,null_price
20150828-SP1-villarreal-espanol,null_price
20150829-D1-augsburg-ingolstadt,null_price
20150829-D1-bayern_munich-leverkusen,null_price
20150829-D1-darmstadt-hoffenheim,null_price
20150829-D1-fc_koln-hamburg,null_price
20150829-D1-mainz-hannover,null_price
20150829-D1-stuttgart-ein_frankfurt,null_price
20150829-E0-aston_villa-sunderland,null_price
20150829-E0-bournemouth-leicester,null_price
20150829-E0-chelsea-crystal_palace,null_price
20150829-E0-liverpool-west_ham,null_price
20150829-E0-man_city-watford,null_price
20150829-E0-newcastle-arsenal,null_price
20150829-E0-stoke-west_brom,null_price
20150829-E0-tottenham-everton,null_price
20150829-E1-brentford-reading,null_price
20150829-E1-bristol_city-burnley,null_price
20150829-E1-derby-leeds,null_price
20150829-E1-huddersfield-qpr,null_price
20150829-E1-hull-preston,null_price
20150829-E1-ipswich-brighton,null_price
20150829-E1-milton_keynes_dons-birmingham,null_price
20150829-E1-nott_m_forest-cardiff,null_price
20150829-E1-rotherham-fulham,null_price
20150829-E1-sheffield_weds-middlesbrough,null_price
20150829-E1-wolves-charlton,null_price
20150829-F1-angers-nice,null_price
20150829-F1-caen-lyon,null_price
20150829-F1-lille-ajaccio_gfco,null_price
20150829-F1-reims-lorient,null_price
20150829-F1-rennes-toulouse,null_price
20150829-F1-troyes-montpellier,null_price
20150829-I1-bologna-sassuolo,null_price
20150829-I1-milan-empoli,null_price
20150829-SP1-barcelona-malaga,null_price
20150829-SP1-celta-vallecano,null_price
20150829-SP1-real_madrid-betis,null_price
20150829-SP1-sociedad-sp_gijon,null_price
20150830-D1-dortmund-hertha,null_price
20150830-D1-werder_bremen-m_gladbach,null_price
20150830-E0-southampton-norwich,null_price
20150830-E0-swansea-man_united,null_price
20150830-F1-bordeaux-nantes,null_price
20150830-F1-monaco-paris_sg,null_price
20150830-F1-st_etienne-bastia,null_price
20150830-I1-atalanta-frosinone,null_price
20150830-I1-carpi-inter,null_price
20150830-I1-chievo-lazio,null_price
20150830-I1-genoa-verona,null_price
20150830-I1-napoli-sampdoria,null_price
20150830-I1-roma-juventus,null_price
20150830-I1-torino-fiorentina,null_price
20150830-I1-udinese-palermo,null_price
20150830-SP1-eibar-ath_bilbao,null_price
20150830-SP1-getafe-granada,null_price
20150830-SP1-las_palmas-levante,null_price
20150830-SP1-sevilla-ath_madrid,null_price
20150830-SP1-valencia-la_coruna,null_price
20150911-D1-m_gladbach-hamburg,null_price
20150911-E1-reading-ipswich,null_price
20150911-F1-paris_sg-bordeaux,null_price
20150911-SP1-levante-sevilla,null_price
20150912-D1-bayern_munich-augsburg,null_price
20150912-D1-ein_frankfurt-fc_koln,null_price
20150912-D1-hannover-dortmund,null_price
20150912-D1-hertha-stuttgart,null_price
20150912-D1-ingolstadt-wolfsburg,null_price
20150912-D1-leverkusen-darmstadt,null_price
20150912-E0-arsenal-stoke,null_price
20150912-E0-crystal_palace-man_city,null_price
20150912-E0-everton-chelsea,null_price
20150912-E0-man_united-liverpool,null_price
20150912-E0-norwich-bournemouth,null_price
20150912-E0-watford-swansea,null_price
20150912-E0-west_brom-southampton,null_price
20150912-E1-birmingham-bristol_city,null_price
20150912-E1-bolton-wolves,null_price
20150912-E1-brighton-hull,null_price
20150912-E1-burnley-sheffield_weds,null_price
20150912-E1-cardiff-huddersfield,null_price
20150912-E1-charlton-rotherham,null_price
20150912-E1-leeds-brentford,null_price
20150912-E1-middlesbrough-milton_keynes_dons,null_price
20150912-E1-preston-derby,null_price
20150912-E1-qpr-nott_m_forest,null_price
20150912-F1-lorient-angers,null_price
20150912-F1-lyon-lille,null_price
20150912-F1-montpellier-st_etienne,null_price
20150912-F1-nice-guingamp,null_price
20150912-F1-toulouse-reims,null_price
20150912-F1-troyes-caen,null_price
20150912-I1-fiorentina-genoa,null_price
20150912-I1-frosinone-roma,null_price
20150912-I1-juventus-chievo,null_price
20150912-SP1-ath_madrid-barcelona,null_price
20150912-SP1-betis-sociedad,null_price
20150912-SP1-espanol-real_madrid,null_price
20150912-SP1-sp_gijon-valencia,null_price
20150913-D1-hoffenheim-werder_bremen,null_price
20150913-D1-schalke_04-mainz,null_price
20150913-E0-leicester-aston_villa,null_price
20150913-E0-sunderland-tottenham,null_price
20150913-E1-fulham-blackburn,null_price
20150913-F1-ajaccio_gfco-monaco,null_price
20150913-F1-marseille-bastia,null_price
20150913-F1-nantes-rennes,null_price
20150913-I1-empoli-napoli,null_price
20150913-I1-inter-milan,null_price
20150913-I1-lazio-udinese,null_price
20150913-I1-palermo-carpi,null_price
20150913-I1-sassuolo-atalanta,null_price
20150913-I1-verona-torino,null_price
20150913-SP1-ath_bilbao-getafe,null_price
20150913-SP1-celta-las_palmas,null_price
20150913-SP1-granada-villarreal,null_price
20150913-SP1-malaga-eibar,null_price
20150914-E0-west_ham-newcastle,null_price
20150914-I1-sampdoria-bologna,null_price
20150914-SP1-vallecano-la_coruna,null_price
20150915-E1-birmingham-nott_m_forest,null_price
20150915-E1-bolton-sheffield_weds,null_price
20150915-E1-brighton-rotherham,null_price
20150915-E1-burnley-milton_keynes_dons,null_price
20150915-E1-cardiff-hull,null_price
20150915-E1-charlton-huddersfield,null_price
20150915-E1-leeds-ipswich,null_price
20150915-E1-middlesbrough-brentford,null_price
20150915-E1-preston-bristol_city,null_price
20150915-E1-reading-derby,null_price
20150916-E1-qpr-blackburn,null_price
20150918-D1-mainz-hoffenheim,null_price
20150918-E1-ipswich-birmingham,null_price
20150918-F1-rennes-lille,null_price
20150918-SP1-getafe-malaga,null_price
20150919-D1-darmstadt-bayern_munich,null_price
20150919-D1-fc_koln-m_gladbach,null_price
20150919-D1-hamburg-ein_frankfurt,null_price
20150919-D1-werder_bremen-ingolstadt,null_price
20150919-D1-wolfsburg-hertha,null_price
20150919-E0-aston_villa-west_brom,null_price
20150919-E0-bournemouth-sunderland,null_price
20150919-E0-chelsea-arsenal,null_price
20150919-E0-man_city-west_ham,null_price
20150919-E0-newcastle-watford,null_price
20150919-E0-stoke-leicester,null_price
20150919-E0-swansea-everton,null_price
20150919-E1-blackburn-charlton,null_price
20150919-E1-brentford-preston,null_price
20150919-E1-bristol_city-reading,null_price
20150919-E1-huddersfield-bolton,null_price
20150919-E1-hull-qpr,null_price
20150919-E1-milton_keynes_dons-leeds,null_price
20150919-E1-nott_m_forest-middlesbrough,null_price
20150919-E1-rotherham-cardiff,null_price
20150919-E1-sheffield_weds-fulham,null_price
20150919-E1-wolves-brighton,null_price
20150919-F1-angers-troyes,null_price
20150919-F1-bastia-nice,null_price
20150919-F1-caen-montpellier,null_price
20150919-F1-guingamp-ajaccio_gfco,null_price
20150919-F1-reims-paris_sg,null_price
20150919-I1-milan-palermo,null_price
20150919-I1-udinese-empoli,null_price
20150919-SP1-eibar-ath_madrid,null_price
20150919-SP1-real_madrid-granada,null_price
20150919-SP1-sociedad-espanol,null_price
20150919-SP1-valencia-betis,null_price
20150920-D1-augsburg-hannover,null_price
20150920-D1-dortmund-leverkusen,null_price
20150920-D1-stuttgart-schalke_04,null_price
20150920-E0-liverpool-norwich,null_price
20150920-E0-southampton-man_united,null_price
20150920-E0-tottenham-crystal_palace,null_price
20150920-F1-bordeaux-toulouse,null_price
20150920-F1-marseille-lyon,null_price
20150920-F1-monaco-lorient,null_price
20150920-F1-st_etienne-nantes,null_price
20150920-I1-atalanta-verona,null_price
20150920-I1-bologna-frosinone,null_price
20150920-I1-carpi-fiorentina,null_price
20150920-I1-chievo-inter,null_price
20150920-I1-genoa-juventus,null_price
20150920-I1-napoli-lazio,null_price
20150920-I1-roma-sassuolo,null_price
20150920-I1-torino-sampdoria,null_price
20150920-SP1-barcelona-levante,null_price
20150920-SP1-la_coruna-sp_gijon,null_price
20150920-SP1-las_palmas-vallecano,null_price
20150920-SP1-sevilla-celta,null_price
20150920-SP1-villarreal-ath_bilbao,null_price
20150921-E1-derby-burnley,null_price
20150922-D1-bayern_munich-wolfsburg,null_price
20150922-D1-darmstadt-werder_bremen,null_price
20150922-D1-hertha-fc_koln,null_price
20150922-D1-ingolstadt-hamburg,null_price
20150922-F1-angers-reims,null_price
20150922-F1-paris_sg-guingamp,null_price
20150922-I1-udinese-milan,null_price
20150922-SP1-ath_madrid-getafe,null_price
20150922-SP1-espanol-valencia,null_price
20150922-SP1-granada-sociedad,null_price
20150923-D1-hannover-stuttgart,null_price
20150923-D1-hoffenheim-dortmund,null_price
20150923-D1-leverkusen-mainz,null_price
20150923-D1-m_gladbach-augsburg,null_price
20150923-D1-schalke_04-ein_frankfurt,null_price
20150923-F1-ajaccio_gfco-rennes,null_price
20150923-F1-lorient-caen,null_price
20150923-F1-lyon-bastia,null_price
20150923-F1-nice-bordeaux,null_price
20150923-F1-toulouse-marseille,null_price
20150923-F1-troyes-st_etienne,null_price
20150923-I1-carpi-napoli,null_price
20150923-I1-chievo-torino,null_price
20150923-I1-fiorentina-bologna,null_price
20150923-I1-inter-verona,null_price
20150923-I1-juventus-frosinone,null_price
20150923-I1-lazio-genoa,null_price
20150923-I1-palermo-sassuolo,null_price
20150923-I1-sampdoria-roma,null_price
20150923-SP1-ath_bilbao-real_madrid,null_price
20150923-SP1-celta-barcelona,null_price
20150923-SP1-las_palmas-sevilla,null_price
20150923-SP1-levante-eibar,null_price
20150923-SP1-malaga-villarreal,null_price
20150923-SP1-vallecano-sp_gijon,null_price
20150924-E1-huddersfield-nott_m_forest,null_price
20150924-F1-montpellier-monaco,null_price
20150924-I1-empoli-atalanta,null_price
20150924-SP1-betis-la_coruna,null_price
20150925-D1-fc_koln-ingolstadt,null_price
20150925-E1-fulham-qpr,null_price
20150925-F1-reims-lille,null_price
20150925-SP1-valencia-granada,null_price
20150926-D1-augsburg-hoffenheim,null_price
20150926-D1-hamburg-schalke_04,null_price
20150926-D1-mainz-bayern_munich,null_price
20150926-D1-stuttgart-m_gladbach,null_price
20150926-D1-werder_bremen-leverkusen,null_price
20150926-D1-wolfsburg-hannover,null_price
20150926-E0-leicester-arsenal,null_price
20150926-E0-liverpool-aston_villa,null_price
20150926-E0-man_united-sunderland,null_price
20150926-E0-newcastle-chelsea,null_price
20150926-E0-southampton-swansea,null_price
20150926-E0-stoke-bournemouth,null_price
20150926-E0-tottenham-man_city,null_price
20150926-E0-west_ham-norwich,null_price
20150926-E1-birmingham-rotherham,null_price
20150926-E1-bolton-brighton,null_price
20150926-E1-brentford-sheffield_weds,null_price
20150926-E1-burnley-reading,null_price
20150926-E1-cardiff-charlton,null_price
20150926-E1-hull-blackburn,null_price
20150926-E1-ipswich-bristol_city,null_price
20150926-E1-milton_keynes_dons-derby,null_price
20150926-E1-preston-wolves,null_price
20150926-F1-bastia-toulouse,null_price
20150926-F1-bordeaux-lyon,null_price
20150926-F1-caen-ajaccio_gfco,null_price
20150926-F1-nantes-paris_sg,null_price
20150926-F1-rennes-troyes,null_price
20150926-I1-napoli-juventus,null_price
20150926-I1-roma-carpi,null_price
20150926-SP1-barcelona-las_palmas,null_price
20150926-SP1-eibar-celta,null_price
20150926-SP1-real_madrid-malaga,null_price
20150926-SP1-sevilla-vallecano,null_price
20150926-SP1-villarreal-ath_madrid,null_price
20150927-D1-dortmund-darmstadt,null_price
20150927-D1-ein_frankfurt-hertha,null_price
20150927-E0-watford-crystal_palace,null_price
20150927-E1-middlesbrough-leeds,null_price
20150927-F1-guingamp-monaco,null_price
20150927-F1-marseille-angers,null_price
20150927-F1-montpellier-lorient,null_price
20150927-F1-st_etienne-nice,null_price
20150927-I1-bologna-udinese,null_price
20150927-I1-genoa-milan,null_price
20150927-I1-inter-fiorentina,null_price
20150927-I1-sassuolo-chievo,null_price
20150927-I1-torino-palermo,null_price
20150927-I1-verona-lazio,null_price
20150927-SP1-getafe-levante,null_price
20150927-SP1-la_coruna-espanol,null_price
20150927-SP1-sociedad-ath_bilbao,null_price
20150927-SP1-sp_gijon-betis,null_price
20150928-E0-west_brom-everton,null_price
20150928-I1-atalanta-sampdoria,null_price
20150928-I1-frosinone-empoli,null_price
20150929-E1-brentford-birmingham,null_price
20150929-E1-fulham-wolves,null_price
20150929-F1-lille-nantes,null_price
20151002-D1-darmstadt-mainz,null_price
20151002-E1-rotherham-burnley,null_price
20151002-F1-lille-montpellier,null_price
20151002-SP1-celta-getafe,null_price
20151003-D1-hannover-werder_bremen,null_price
20151003-D1-hertha-hamburg,null_price
20151003-D1-hoffenheim-stuttgart,null_price
20151003-D1-ingolstadt-ein_frankfurt,null_price
20151003-D1-m_gladbach-wolfsburg,null_price
20151003-E0-aston_villa-stoke,null_price
20151003-E0-bournemouth-watford,null_price
20151003-E0-chelsea-southampton,null_price
20151003-E0-crystal_palace-west_brom,null_price
20151003-E0-man_city-newcastle,null_price
20151003-E0-norwich-leicester,null_price
20151003-E0-sunderland-west_ham,null_price
20151003-E1-blackburn-ipswich,null_price
20151003-E1-brighton-cardiff,null_price
20151003-E1-bristol_city-milton_keynes_dons,null_price
20151003-E1-derby-brentford,null_price
20151003-E1-leeds-birmingham,null_price
20151003-E1-nott_m_forest-hull,null_price
20151003-E1-qpr-bolton,null_price
20151003-E1-reading-middlesbrough,null_price
20151003-E1-sheffield_weds-preston,null_price
20151003-E1-wolves-huddersfield,null_price
20151003-F1-ajaccio_gfco-toulouse,null_price
20151003-F1-angers-bastia,null_price
20151003-F1-lyon-reims,null_price
20151003-F1-troyes-guingamp,null_price
20151003-I1-carpi-torino,null_price
20151003-I1-chievo-verona,null_price
20151003-SP1-espanol-sp_gijon,null_price
20151003-SP1-granada-la_coruna,null_price
20151003-SP1-las_palmas-eibar,null_price
20151003-SP1-malaga-sociedad,null_price
20151003-SP1-sevilla-barcelona,null_price
20151004-D1-bayern_munich-dortmund,null_price
20151004-D1-leverkusen-augsburg,null_price
20151004-D1-schalke_04-fc_koln,null_price
20151004-E0-arsenal-man_united,null_price
20151004-E0-everton-liverpool,null_price
20151004-E0-swansea-tottenham,null_price
20151004-E1-charlton-fulham,null_price
20151004-F1-caen-st_etienne,null_price
20151004-F1-lorient-bordeaux,null_price
20151004-F1-monaco-rennes,null_price
20151004-F1-paris_sg-marseille,null_price
20151004-I1-empoli-sassuolo,null_price
20151004-I1-fiorentina-atalanta,null_price
20151004-I1-juventus-bologna,null_price
20151004-I1-lazio-frosinone,null_price
20151004-I1-milan-napoli,null_price
20151004-I1-palermo-roma,null_price
20151004-I1-sampdoria-inter,null_price
20151004-I1-udinese-genoa,null_price
20151004-SP1-ath_bilbao-valencia,null_price
20151004-SP1-ath_madrid-real_madrid,null_price
20151004-SP1-levante-villarreal,null_price
20151004-SP1-vallecano-betis,null_price
20151016-D1-mainz-dortmund,null_price
20151016-E1-bristol_city-nott_m_forest,null_price
20151016-F1-monaco-lyon,null_price
20151017-D1-augsburg-darmstadt,null_price
20151017-D1-ein_frankfurt-m_gladbach,null_price
20151017-D1-hamburg-leverkusen,null_price
20151017-D1-schalke_04-hertha,null_price
20151017-D1-werder_bremen-bayern_munich,null_price
20151017-D1-wolfsburg-hoffenheim,null_price
20151017-E0-chelsea-aston_villa,null_price
20151017-E0-crystal_palace-west_ham,null_price
20151017-E0-everton-man_united,null_price
20151017-E0-man_city-bournemouth,null_price
20151017-E0-southampton-leicester,null_price
20151017-E0-tottenham-liverpool,null_price
20151017-E0-watford-arsenal,null_price
20151017-E0-west_brom-sunderland,null_price
20151017-E1-birmingham-qpr,null_price
20151017-E1-brentford-rotherham,null_price
20151017-E1-burnley-bolton,null_price
20151017-E1-ipswich-huddersfield,null_price
20151017-E1-leeds-brighton,null_price
20151017-E1-middlesbrough-fulham,null_price
20151017-E1-milton_keynes_dons-blackburn,null_price
20151017-E1-preston-cardiff,null_price
20151017-E1-reading-charlton,null_price
20151017-E1-sheffield_weds-hull,null_price
20151017-F1-bastia-paris_sg,null_price
20151017-F1-guingamp-lille,null_price
20151017-F1-nantes-troyes,null_price
20151017-F1-reims-caen,null_price
20151017-F1-st_etienne-ajaccio_gfco,null_price
20151017-F1-toulouse-angers,null_price
20151017-I1-roma-empoli,null_price
20151017-I1-torino-milan,null_price
20151017-SP1-barcelona-vallecano,null_price
20151017-SP1-betis-espanol,null_price
20151017-SP1-eibar-sevilla,null_price
20151017-SP1-real_madrid-levante,null_price
20151017-SP1-valencia-malaga,null_price
20151018-D1-fc_koln-hannover,null_price
20151018-D1-stuttgart-ingolstadt,null_price
20151018-E0-newcastle-norwich,null_price
20151018-E1-derby-wolves,null_price
20151018-F1-bordeaux-montpellier,null_price
20151018-F1-marseille-lorient,null_price
20151018-F1-rennes-nice,null_price
20151018-I1-atalanta-carpi,null_price
20151018-I1-bologna-palermo,null_price
20151018-I1-frosinone-sampdoria,null_price
20151018-I1-genoa-chievo,null_price
20151018-I1-inter-juventus,null_price
20151018-I1-napoli-fiorentina,null_price
20151018-I1-sassuolo-lazio,null_price
20151018-I1-verona-udinese,null_price
20151018-SP1-getafe-las_palmas,null_price
20151018-SP1-la_coruna-ath_bilbao,null_price
20151018-SP1-sociedad-ath_madrid,null_price
20151018-SP1-villarreal-celta,null_price
20151019-E0-swansea-stoke,null_price
20151019-SP1-sp_gijon-granada,null_price
20151020-E1-bolton-birmingham,null_price
20151020-E1-brighton-bristol_city,null_price
20151020-E1-cardiff-middlesbrough,null_price
20151020-E1-charlton-preston,null_price
20151020-E1-huddersfield-milton_keynes_dons,null_price
20151020-E1-hull-ipswich,null_price
20151020-E1-nott_m_forest-burnley,null_price
20151020-E1-qpr-sheffield_weds,null_price
20151020-E1-rotherham-reading,null_price
20151021-E1-blackburn-derby,null_price
20151021-E1-fulham-leeds,null_price
20151021-E1-wolves-brentford,null_price
20151023-D1-hoffenheim-hamburg,null_price
20151023-E1-rotherham-sheffield_weds,null_price
20151023-F1-caen-nantes,null_price
20151023-F1-lyon-toulouse,null_price
20151023-SP1-vallecano-espanol,null_price
20151024-D1-bayern_munich-fc_koln,null_price
20151024-D1-darmstadt-wolfsburg,null_price
20151024-D1-hannover-ein_frankfurt,null_price
20151024-D1-ingolstadt-hertha,null_price
20151024-D1-leverkusen-stuttgart,null_price
20151024-D1-mainz-werder_bremen,null_price
20151024-E0-arsenal-everton,null_price
20151024-E0-aston_villa-swansea,null_price
20151024-E0-leicester-crystal_palace,null_price
20151024-E0-norwich-west_brom,null_price
20151024-E0-stoke-watford,null_price
20151024-E0-west_ham-chelsea,null_price
20151024-E1-blackburn-burnley,null_price
20151024-E1-bolton-leeds,null_price
20151024-E1-brighton-preston,null_price
20151024-E1-charlton-brentford,null_price
20151024-E1-fulham-reading,null_price
20151024-E1-huddersfield-derby,null_price
20151024-E1-hull-birmingham,null_price
20151024-E1-nott_m_forest-ipswich,null_price
20151024-E1-qpr-milton_keynes_dons,null_price
20151024-E1-wolves-middlesbrough,null_price
20151024-F1-ajaccio_gfco-nice,null_price
20151024-F1-angers-guingamp,null_price
20151024-F1-lorient-rennes,null_price
20151024-F1-montpellier-bastia,null_price
20151024-I1-carpi-bologna,null_price
20151024-I1-empoli-genoa,null_price
20151024-I1-palermo-inter,null_price
20151024-SP1-celta-real_madrid,null_price
20151024-SP1-granada-betis,null_price
20151024-SP1-malaga-la_coruna,null_price
20151024-SP1-sevilla-getafe,null_price
20151025-D1-dortmund-augsburg,null_price
20151025-D1-m_gladbach-schalke_04,null_price
20151025-E0-bournemouth-tottenham,null_price
20151025-E0-liverpool-southampton,null_price
20151025-E0-man_united-man_city,null_price
20151025-E0-sunderland-newcastle,null_price
20151025-F1-bordeaux-troyes,null_price
20151025-F1-lille-marseille,null_price
20151025-F1-paris_sg-st_etienne,null_price
20151025-F1-reims-monaco,null_price
20151025-I1-chievo-napoli,null_price
20151025-I1-fiorentina-roma,null_price
20151025-I1-juventus-atalanta,null_price
20151025-I1-lazio-torino,null_price
20151025-I1-milan-sassuolo,null_price
20151025-I1-sampdoria-verona,null_price
20151025-I1-udinese-frosinone,null_price
20151025-SP1-ath_madrid-valencia,null_price
20151025-SP1-barcelona-eibar,null_price
20151025-SP1-las_palmas-villarreal,null_price
20151025-SP1-levante-sociedad,null_price
20151026-E1-cardiff-bristol_city,null_price
20151026-SP1-ath_bilbao-sp_gijon,null_price
20151027-I1-bologna-inter,null_price
20151028-I1-atalanta-lazio,null_price
20151028-I1-frosinone-carpi,null_price
20151028-I1-milan-chievo,null_price
20151028-I1-napoli-palermo,null_price
20151028-I1-roma-udinese,null_price
20151028-I1-sassuolo-juventus,null_price
20151028-I1-torino-genoa,null_price
20151028-I1-verona-fiorentina,null_price
20151029-E1-leeds-blackburn,null_price
20151029-I1-sampdoria-empoli,null_price
20151030-D1-ein_frankfurt-bayern_munich,null_price
20151030-E1-brentford-qpr,null_price
20151030-F1-rennes-paris_sg,null_price
20151030-SP1-la_coruna-ath_madrid,null_price
20151031-D1-augsburg-mainz,null_price
20151031-D1-fc_koln-hoffenheim,null_price
20151031-D1-hertha-m_gladbach,null_price
20151031-D1-schalke_04-ingolstadt,null_price
20151031-D1-werder_bremen-dortmund,null_price
20151031-D1-wolfsburg-leverkusen,null_price
20151031-E0-chelsea-liverpool,null_price
20151031-E0-crystal_palace-man_united,null_price
20151031-E0-man_city-norwich,null_price
20151031-E0-newcastle-stoke,null_price
20151031-E0-swansea-arsenal,null_price
20151031-E0-watford-west_ham,null_price
20151031-E0-west_brom-leicester,null_price
20151031-E1-birmingham-wolves,null_price
20151031-E1-bristol_city-fulham,null_price
20151031-E1-burnley-huddersfield,null_price
20151031-E1-derby-rotherham,null_price
20151031-E1-ipswich-cardiff,null_price
20151031-E1-middlesbrough-charlton,null_price
20151031-E1-milton_keynes_dons-hull,null_price
20151031-E1-preston-bolton,null_price
20151031-E1-reading-brighton,null_price
20151031-E1-sheffield_weds-nott_m_forest,null_price
20151031-F1-ajaccio_gfco-bordeaux,null_price
20151031-F1-bastia-caen,null_price
20151031-F1-guingamp-lorient,null_price
20151031-F1-st_etienne-reims,null_price
20151031-F1-toulouse-montpellier,null_price
20151031-F1-troyes-lyon,null_price
20151031-I1-inter-roma,null_price
20151031-I1-juventus-torino,null_price
20151031-SP1-getafe-barcelona,null_price
20151031-SP1-real_madrid-las_palmas,null_price
20151031-SP1-sociedad-celta,null_price
20151031-SP1-valencia-levante,null_price
20151031-SP1-villarreal-sevilla,null_price
20151101-D1-hamburg-hannover,null_price
20151101-D1-stuttgart-darmstadt,null_price
20151101-E0-everton-sunderland,null_price
20151101-E0-southampton-bournemouth,null_price
20151101-F1-monaco-angers,null_price
20151101-F1-nantes-marseille,null_price
20151101-F1-nice-lille,null_price
20151101-I1-bologna-atalanta,null_price
20151101-I1-carpi-verona,null_price
20151101-I1-fiorentina-frosinone,null_price
20151101-I1-genoa-napoli,null_price
20151101-I1-lazio-milan,null_price
20151101-I1-udinese-sassuolo,null_price
20151101-SP1-betis-ath_bilbao,null_price
20151101-SP1-eibar-vallecano,null_price
20151101-SP1-espanol-granada,null_price
20151101-SP1-sp_gijon-malaga,null_price
20151102-E0-tottenham-aston_villa,null_price
20151102-I1-chievo-sampdoria,null_price
20151102-I1-palermo-empoli,null_price
20151103-E1-birmingham-blackburn,null_price
20151103-E1-brentford-hull,null_price
20151103-E1-bristol_city-wolves,null_price
20151103-E1-burnley-fulham,null_price
20151103-E1-derby-qpr,null_price
20151103-E1-ipswich-bolton,null_price
20151103-E1-leeds-cardiff,null_price
20151103-E1-middlesbrough-rotherham,null_price
20151103-E1-milton_keynes_dons-charlton,null_price
20151103-E1-preston-nott_m_forest,null_price
20151103-E1-reading-huddersfield,null_price
20151103-E1-sheffield_weds-brighton,null_price
20151104-F1-nice-nantes,null_price
20151106-D1-hannover-hertha,null_price
20151106-E1-nott_m_forest-derby,null_price
20151106-F1-angers-rennes,null_price
20151106-SP1-las_palmas-sociedad,null_price
20151107-D1-bayern_munich-stuttgart,null_price
20151107-D1-darmstadt-hamburg,null_price
20151107-D1-hoffenheim-ein_frankfurt,null_price
20151107-D1-leverkusen-fc_koln,null_price
20151107-D1-m_gladbach-ingolstadt,null_price
20151107-D1-mainz-wolfsburg,null_price
20151107-E0-bournemouth-newcastle,null_price
20151107-E0-leicester-watford,null_price
20151107-E0-man_united-west_brom,null_price
20151107-E0-norwich-swansea,null_price
20151107-E0-stoke-chelsea,null_price
20151107-E0-sunderland-southampton,null_price
20151107-E0-west_ham-everton,null_price
20151107-E1-blackburn-brentford,null_price
20151107-E1-bolton-bristol_city,null_price
20151107-E1-brighton-milton_keynes_dons,null_price
20151107-E1-cardiff-reading,null_price
20151107-E1-charlton-sheffield_weds,null_price
20151107-E1-fulham-birmingham,null_price
20151107-E1-huddersfield-leeds,null_price
20151107-E1-hull-middlesbrough,null_price
20151107-E1-qpr-preston,null_price
20151107-E1-rotherham-ipswich,null_price
20151107-E1-wolves-burnley,null_price
20151107-F1-caen-guingamp,null_price
20151107-F1-lille-bastia,null_price
20151107-F1-lorient-troyes,null_price
20151107-F1-montpellier-nantes,null_price
20151107-F1-paris_sg-toulouse,null_price
20151107-F1-reims-ajaccio_gfco,null_price
20151107-I1-milan-atalanta,null_price
20151107-I1-verona-bologna,null_price
20151107-SP1-celta-valencia,null_price
20151107-SP1-eibar-getafe,null_price
20151107-SP1-levante-la_coruna,null_price
20151107-SP1-malaga-betis,null_price
20151107-SP1-vallecano-granada,null_price
20151108-D1-augsburg-werder_bremen,null_price
20151108-D1-dortmund-schalke_04,null_price
20151108-E0-arsenal-tottenham,null_price
20151108-E0-aston_villa-man_city,null_price
20151108-E0-liverpool-crystal_palace,null_price
20151108-F1-bordeaux-monaco,null_price
20151108-F1-lyon-st_etienne,null_price
20151108-F1-marseille-nice,null_price
20151108-I1-empoli-juventus,null_price
20151108-I1-frosinone-genoa,null_price
20151108-I1-napoli-udinese,null_price
20151108-I1-palermo-chievo,null_price
20151108-I1-roma-lazio,null_price
20151108-I1-sampdoria-fiorentina,null_price
20151108-I1-sassuolo-carpi,null_price
20151108-I1-torino-inter,null_price
20151108-SP1-ath_bilbao-espanol,null_price
20151108-SP1-ath_madrid-sp_gijon,null_price
20151108-SP1-barcelona-villarreal,null_price
20151108-SP1-sevilla-real_madrid,null_price
20151120-D1-hamburg-dortmund,null_price
20151120-E1-middlesbrough-qpr,null_price
20151120-F1-nice-lyon,null_price
20151121-D1-ein_frankfurt-leverkusen,null_price
20151121-D1-fc_koln-mainz,null_price
20151121-D1-m_gladbach-hannover,null_price
20151121-D1-schalke_04-bayern_munich,null_price
20151121-D1-stuttgart-augsburg,null_price
20151121-D1-wolfsburg-werder_bremen,null_price
20151121-E0-chelsea-norwich,null_price
20151121-E0-everton-aston_villa,null_price
20151121-E0-man_city-liverpool,null_price
20151121-E0-newcastle-leicester,null_price
20151121-E0-southampton-stoke,null_price
20151121-E0-swansea-bournemouth,null_price
20151121-E0-watford-man_united,null_price
20151121-E0-west_brom-arsenal,null_price
20151121-E1-birmingham-charlton,null_price
20151121-E1-brentford-nott_m_forest,null_price
20151121-E1-bristol_city-hull,null_price
20151121-E1-derby-cardiff,null_price
20151121-E1-ipswich-wolves,null_price
20151121-E1-leeds-rotherham,null_price
20151121-E1-milton_keynes_dons-fulham,null_price
20151121-E1-preston-blackburn,null_price
20151121-E1-reading-bolton,null_price
20151121-E1-sheffield_weds-huddersfield,null_price
20151121-F1-guingamp-toulouse,null_price
20151121-F1-lorient-paris_sg,null_price
20151121-F1-monaco-nantes,null_price
20151121-F1-montpellier-reims,null_price
20151121-F1-troyes-lille,null_price
20151121-I1-bologna-roma,null_price
20151121-I1-juventus-milan,null_price
20151121-SP1-espanol-malaga,null_price
20151121-SP1-la_coruna-celta,null_price
20151121-SP1-real_madrid-barcelona,null_price
20151121-SP1-sociedad-sevilla,null_price
20151121-SP1-valencia-las_palmas,null_price
20151122-D1-hertha-hoffenheim,null_price
20151122-D1-ingolstadt-darmstadt,null_price
20151122-E0-tottenham-west_ham,null_price
20151122-E1-burnley-brighton,null_price
20151122-F1-bastia-ajaccio_gfco,null_price
20151122-F1-caen-angers,null_price
20151122-F1-rennes-bordeaux,null_price
20151122-F1-st_etienne-marseille,null_price
20151122-I1-atalanta-torino,null_price
20151122-I1-carpi-chievo,null_price
20151122-I1-fiorentina-empoli,null_price
20151122-I1-genoa-sassuolo,null_price
20151122-I1-inter-frosinone,null_price
20151122-I1-lazio-palermo,null_price
20151122-I1-udinese-sampdoria,null_price
20151122-I1-verona-napoli,null_price
20151122-SP1-betis-ath_madrid,null_price
20151122-SP1-granada-ath_bilbao,null_price
20151122-SP1-sp_gijon-levante,null_price
20151122-SP1-villarreal-eibar,null_price
20151123-E0-crystal_palace-sunderland,null_price
20151123-SP1-getafe-vallecano,null_price
20151127-D1-darmstadt-fc_koln,null_price
20151127-E1-hull-derby,null_price
20151127-F1-lyon-montpellier,null_price
20151127-SP1-levante-betis,null_price
20151128-D1-bayern_munich-hertha,null_price
20151128-D1-hannover-ingolstadt,null_price
20151128-D1-hoffenheim-m_gladbach,null_price
20151128-D1-mainz-ein_frankfurt,null_price
20151128-D1-werder_bremen-hamburg,null_price
20151128-E0-aston_villa-watford,null_price
20151128-E0-bournemouth-everton,null_price
20151128-E0-crystal_palace-newcastle,null_price
20151128-E0-leicester-man_united,null_price
20151128-E0-man_city-southampton,null_price
20151128-E0-sunderland-stoke,null_price
20151128-E1-blackburn-sheffield_weds,null_price
20151128-E1-brighton-birmingham,null_price
20151128-E1-cardiff-burnley,null_price
20151128-E1-charlton-ipswich,null_price
20151128-E1-fulham-preston,null_price
20151128-E1-huddersfield-middlesbrough,null_price
20151128-E1-nott_m_forest-reading,null_price
20151128-E1-qpr-leeds,null_price
20151128-E1-rotherham-bristol_city,null_price
20151128-E1-wolves-milton_keynes_dons,null_price
20151128-F1-ajaccio_gfco-lorient,null_price
20151128-F1-angers-lille,null_price
20151128-F1-nantes-bastia,null_price
20151128-F1-paris_sg-troyes,null_price
20151128-F1-reims-rennes,null_price
20151128-F1-toulouse-nice,null_price
20151128-I1-milan-sampdoria,null_price
20151128-I1-torino-bologna,null_price
20151128-SP1-ath_madrid-espanol,null_price
20151128-SP1-barcelona-sociedad,null_price
20151128-SP1-celta-sp_gijon,null_price
20151128-SP1-las_palmas-la_coruna,null_price
20151128-SP1-malaga-granada,null_price
20151129-D1-augsburg-wolfsburg,null_price
20151129-D1-dortmund-stuttgart,null_price
20151129-D1-leverkusen-schalke_04,null_price
20151129-E0-liverpool-swansea,null_price
20151129-E0-norwich-arsenal,null_price
20151129-E0-tottenham-chelsea,null_price
20151129-E0-west_ham-west_brom,null_price
20151129-F1-bordeaux-caen,null_price
20151129-F1-marseille-monaco,null_price
20151129-F1-st_etienne-guingamp,null_price
20151129-I1-chievo-udinese,null_price
20151129-I1-empoli-lazio,null_price
20151129-I1-frosinone-verona,null_price
20151129-I1-genoa-carpi,null_price
20151129-I1-palermo-juventus,null_price
20151129-I1-roma-atalanta,null_price
20151129-SP1-eibar-real_madrid,null_price
20151129-SP1-getafe-villarreal,null_price
20151129-SP1-sevilla-valencia,null_price
20151129-SP1-vallecano-ath_bilbao,null_price
20151130-E1-bolton-brentford,null_price
20151130-I1-napoli-inter,null_price
20151130-I1-sassuolo-fiorentina,null_price
20151201-F1-angers-paris_sg,null_price
20151201-F1-lorient-nice,null_price
20151201-F1-nantes-lyon,null_price
20151202-F1-bastia-bordeaux,null_price
20151202-F1-guingamp-reims,null_price
20151202-F1-lille-st_etienne,null_price
20151202-F1-monaco-caen,null_price
20151202-F1-montpellier-ajaccio_gfco,null_price
20151202-F1-troyes-toulouse,null_price
20151203-E1-reading-qpr,null_price
20151203-F1-rennes-marseille,null_price
20151204-D1-schalke_04-hannover,null_price
20151204-E1-ipswich-middlesbrough,null_price
20151204-F1-nice-paris_sg,null_price
20151204-I1-lazio-juventus,null_price
20151205-D1-fc_koln-augsburg,null_price
20151205-D1-hamburg-mainz,null_price
20151205-D1-hertha-leverkusen,null_price
20151205-D1-ingolstadt-hoffenheim,null_price
20151205-D1-m_gladbach-bayern_munich,null_price
20151205-D1-wolfsburg-dortmund,null_price
20151205-E0-arsenal-sunderland,null_price
20151205-E0-chelsea-bournemouth,null_price
20151205-E0-man_united-west_ham,null_price
20151205-E0-southampton-aston_villa,null_price
20151205-E0-stoke-man_city,null_price
20151205-E0-swansea-leicester,null_price
20151205-E0-watford-norwich,null_price
20151205-E0-west_brom-tottenham,null_price
20151205-E1-birmingham-huddersfield,null_price
20151205-E1-bolton-cardiff,null_price
20151205-E1-brentford-milton_keynes_dons,null_price
20151205-E1-brighton-charlton,null_price
20151205-E1-bristol_city-blackburn,null_price
20151205-E1-burnley-preston,null_price
20151205-E1-leeds-hull,null_price
20151205-E1-nott_m_forest-fulham,null_price
20151205-E1-rotherham-wolves,null_price
20151205-F1-ajaccio_gfco-nantes,null_price
20151205-F1-bastia-monaco,null_price
20151205-F1-caen-lille,null_price
20151205-F1-lyon-angers,null_price
20151205-F1-reims-troyes,null_price
20151205-F1-toulouse-lorient,null_price
20151205-I1-inter-genoa,null_price
20151205-I1-torino-roma,null_price
20151205-SP1-betis-celta,null_price
20151205-SP1-granada-ath_madrid,null_price
20151205-SP1-la_coruna-sevilla,null_price
20151205-SP1-real_madrid-getafe,null_price
20151205-SP1-valencia-barcelona,null_price
20151206-D1-ein_frankfurt-darmstadt,null_price
20151206-D1-stuttgart-werder_bremen,null_price
20151206-E0-newcastle-liverpool,null_price
20151206-E1-sheffield_weds-derby,null_price
20151206-F1-bordeaux-guingamp,null_price
20151206-F1-marseille-montpellier,null_price
20151206-F1-st_etienne-rennes,null_price
20151206-I1-atalanta-palermo,null_price
20151206-I1-bologna-napoli,null_price
20151206-I1-carpi-milan,null_price
20151206-I1-fiorentina-udinese,null_price
20151206-I1-frosinone-chievo,null_price
20151206-I1-sampdoria-sassuolo,null_price
20151206-I1-verona-empoli,null_price
20151206-SP1-ath_bilbao-malaga,null_price
20151206-SP1-sociedad-eibar,null_price
20151206-SP1-sp_gijon-las_palmas,null_price
20151206-SP1-villarreal-vallecano,null_price
20151207-E0-everton-crystal_palace,null_price
20151207-SP1-espanol-levante,null_price
20151211-D1-mainz-stuttgart,null_price
20151211-E1-blackburn-rotherham,null_price
20151211-E1-wolves-nott_m_forest,null_price
20151211-F1-rennes-caen,null_price
20151211-SP1-getafe-sociedad,null_price
20151212-D1-bayern_munich-ingolstadt,null_price
20151212-D1-darmstadt-hertha,null_price
20151212-D1-hoffenheim-hannover,null_price
20151212-D1-leverkusen-m_gladbach,null_price
20151212-D1-werder_bremen-fc_koln,null_price
20151212-D1-wolfsburg-hamburg,null_price
20151212-E0-bournemouth-man_united,null_price
20151212-E0-crystal_palace-southampton,null_price
20151212-E0-man_city-swansea,null_price
20151212-E0-norwich-everton,null_price
20151212-E0-sunderland-watford,null_price
20151212-E0-west_ham-stoke,null_price
20151212-E1-cardiff-sheffield_weds,null_price
20151212-E1-charlton-leeds,null_price
20151212-E1-derby-brighton,null_price
20151212-E1-fulham-brentford,null_price
20151212-E1-huddersfield-bristol_city,null_price
20151212-E1-hull-bolton,null_price
20151212-E1-middlesbrough-birmingham,null_price
20151212-E1-milton_keynes_dons-ipswich,null_price
20151212-E1-preston-reading,null_price
20151212-E1-qpr-burnley,null_price
20151212-F1-lille-lorient,null_price
20151212-F1-montpellier-guingamp,null_price
20151212-F1-nantes-toulouse,null_price
20151212-F1-reims-nice,null_price
20151212-F1-troyes-bastia,null_price
20151212-I1-genoa-bologna,null_price
20151212-I1-palermo-frosinone,null_price
20151212-I1-udinese-inter,null_price
20151212-SP1-barcelona-la_coruna,null_price
20151212-SP1-celta-espanol,null_price
20151212-SP1-las_palmas-betis,null_price
20151212-SP1-levante-granada,null_price
20151212-SP1-sevilla-sp_gijon,null_price
20151213-D1-augsburg-schalke_04,null_price
20151213-D1-dortmund-ein_frankfurt,null_price
20151213-E0-aston_villa-arsenal,null_price
20151213-E0-liverpool-west_brom,null_price
20151213-E0-tottenham-newcastle,null_price
20151213-F1-angers-bordeaux,null_price
20151213-F1-marseille-ajaccio_gfco,null_price
20151213-F1-monaco-st_etienne,null_price
20151213-F1-paris_sg-lyon,null_price
20151213-I1-chievo-atalanta,null_price
20151213-I1-empoli-carpi,null_price
20151213-I1-juventus-fiorentina,null_price
20151213-I1-milan-verona,null_price
20151213-I1-napoli-roma,null_price
20151213-SP1-ath_madrid-ath_bilbao,null_price
20151213-SP1-eibar-valencia,null_price
20151213-SP1-vallecano-malaga,null_price
20151213-SP1-villarreal-real_madrid,null_price
20151214-E0-leicester-chelsea,null_price
20151214-E1-blackburn-nott_m_forest,null_price
20151214-I1-lazio-sampdoria,null_price
20151215-E1-cardiff-brentford,null_price
20151215-E1-charlton-bolton,null_price
20151215-E1-derby-bristol_city,null_price
20151215-E1-fulham-ipswich,null_price
20151215-E1-huddersfield-rotherham,null_price
20151215-E1-middlesbrough-burnley,null_price
20151215-E1-milton_keynes_dons-sheffield_weds,null_price
20151215-E1-preston-birmingham,null_price
20151215-E1-qpr-brighton,null_price
20151216-E1-hull-reading,null_price
20151217-E1-wolves-leeds,null_price
20151218-D1-schalke_04-hoffenheim,null_price
20151218-E1-birmingham-cardiff,null_price
20151218-F1-nice-montpellier,null_price
20151219-D1-ein_frankfurt-werder_bremen,null_price
20151219-D1-fc_koln-dortmund,null_price
20151219-D1-hamburg-augsburg,null_price
20151219-D1-hannover-bayern_munich,null_price
20151219-D1-ingolstadt-leverkusen,null_price
20151219-D1-stuttgart-wolfsburg,null_price
20151219-E0-chelsea-sunderland,null_price
20151219-E0-everton-leicester,null_price
20151219-E0-man_united-norwich,null_price
20151219-E0-newcastle-aston_villa,null_price
20151219-E0-southampton-tottenham,null_price
20151219-E0-stoke-crystal_palace,null_price
20151219-E0-west_brom-bournemouth,null_price
20151219-E1-bolton-fulham,null_price
20151219-E1-brentford-huddersfield,null_price
20151219-E1-brighton-middlesbrough,null_price
20151219-E1-bristol_city-qpr,null_price
20151219-E1-burnley-charlton,null_price
20151219-E1-ipswich-derby,null_price
20151219-E1-nott_m_forest-milton_keynes_dons,null_price
20151219-E1-rotherham-hull,null_price
20151219-F1-bastia-reims,null_price
20151219-F1-caen-paris_sg,null_price
20151219-F1-guingamp-rennes,null_price
20151219-F1-lorient-nantes,null_price
20151219-F1-toulouse-lille,null_price
20151219-F1-troyes-monaco,null_price
20151219-I1-bologna-empoli,null_price
20151219-SP1-betis-sevilla,null_price
20151219-SP1-espanol-las_palmas,null_price
20151219-SP1-la_coruna-eibar,null_price
20151219-SP1-valencia-getafe,null_price
20151220-D1-hertha-mainz,null_price
20151220-D1-m_gladbach-darmstadt,null_price
20151220-E0-swansea-west_ham,null_price
20151220-E0-watford-liverpool,null_price
20151220-E1-leeds-preston,null_price
20151220-E1-reading-blackburn,null_price
20151220-E1-sheffield_weds-wolves,null_price
20151220-F1-ajaccio_gfco-lyon,null_price
20151220-F1-bordeaux-marseille,null_price
20151220-F1-st_etienne-angers,null_price
20151220-I1-atalanta-napoli,null_price
20151220-I1-carpi-juventus,null_price
20151220-I1-fiorentina-chievo,null_price
20151220-I1-frosinone-milan,null_price
20151220-I1-inter-lazio,null_price
20151220-I1-roma-genoa,null_price
20151220-I1-sampdoria-palermo,null_price
20151220-I1-torino-udinese,null_price
20151220-I1-verona-sassuolo,null_price
20151220-SP1-ath_bilbao-levante,null_price
20151220-SP1-granada-celta,null_price
20151220-SP1-malaga-ath_madrid,null_price
20151220-SP1-real_madrid-vallecano,null_price
20151220-SP1-sociedad-villarreal,null_price
20151221-E0-arsenal-man_city,null_price
20151226-E0-aston_villa-west_ham,null_price
20151226-E0-bournemouth-crystal_palace,null_price
20151226-E0-chelsea-watford,null_price
20151226-E0-liverpool-leicester,null_price
20151226-E0-man_city-sunderland,null_price
20151226-E0-newcastle-everton,null_price
20151226-E0-southampton-arsenal,null_price
20151226-E0-stoke-man_united,null_price
20151226-E0-swansea-west_brom,null_price
20151226-E0-tottenham-norwich,null_price
20151226-E1-brentford-brighton,null_price
20151226-E1-bristol_city-charlton,null_price
20151226-E1-derby-fulham,null_price
20151226-E1-huddersfield-preston,null_price
20151226-E1-hull-burnley,null_price
20151226-E1-ipswich-qpr,null_price
20151226-E1-milton_keynes_dons-cardiff,null_price
20151226-E1-rotherham-bolton,null_price
20151226-E1-sheffield_weds-birmingham,null_price
20151226-E1-wolves-reading,null_price
20151227-E1-nott_m_forest-leeds,null_price
20151228-E0-arsenal-bournemouth,null_price
20151228-E0-crystal_palace-swansea,null_price
20151228-E0-everton-stoke,null_price
20151228-E0-man_united-chelsea,null_price
20151228-E0-norwich-aston_villa,null_price
20151228-E0-watford-tottenham,null_price
20151228-E0-west_brom-newcastle,null_price
20151228-E0-west_ham-southampton,null_price
20151228-E1-birmingham-milton_keynes_dons,null_price
20151228-E1-bolton-blackburn,null_price
20151228-E1-burnley-bristol_city,null_price
20151228-E1-charlton-wolves,null_price
20151228-E1-middlesbrough-sheffield_weds,null_price
20151228-E1-preston-hull,null_price
20151228-E1-qpr-huddersfield,null_price
20151228-E1-reading-brentford,null_price
20151229-E0-leicester-man_city,null_price
20151229-E1-brighton-ipswich,null_price
20151229-E1-cardiff-nott_m_forest,null_price
20151229-E1-fulham-rotherham,null_price
20151229-E1-leeds-derby,null_price
20151230-E0-sunderland-liverpool,null_price
20151230-SP1-barcelona-betis,null_price
20151230-SP1-celta-ath_bilbao,null_price
20151230-SP1-eibar-sp_gijon,null_price
20151230-SP1-getafe-la_coruna,null_price
20151230-SP1-las_palmas-granada,null_price
20151230-SP1-levante-malaga,null_price
20151230-SP1-real_madrid-sociedad,null_price
20151230-SP1-sevilla-espanol,null_price
20151230-SP1-vallecano-ath_madrid,null_price
20151231-SP1-villarreal-valencia,null_price
20160101-E1-brighton-wolves,null_price
20160101-E1-qpr-hull,null_price
20160102-E0-arsenal-newcastle,null_price
20160102-E0-leicester-bournemouth,null_price
20160102-E0-man_united-swansea,null_price
20160102-E0-norwich-southampton,null_price
20160102-E0-sunderland-aston_villa,null_price
20160102-E0-watford-man_city,null_price
20160102-E0-west_brom-stoke,null_price
20160102-E0-west_ham-liverpool,null_price
20160102-E1-birmingham-brentford,null_price
20160102-E1-bolton-huddersfield,null_price
20160102-E1-burnley-ipswich,null_price
20160102-E1-cardiff-blackburn,null_price
20160102-E1-charlton-nott_m_forest,null_price
20160102-E1-fulham-sheffield_weds,null_price
20160102-E1-leeds-milton_keynes_dons,null_price
20160102-E1-middlesbrough-derby,null_price
20160102-E1-preston-rotherham,null_price
20160102-E1-reading-bristol_city,null_price
20160102-SP1-ath_madrid-levante,null_price
20160102-SP1-espanol-barcelona,null_price
20160102-SP1-malaga-celta,null_price
20160103-E0-crystal_palace-chelsea,null_price
20160103-E0-everton-tottenham,null_price
20160103-SP1-ath_bilbao-las_palmas,null_price
20160103-SP1-betis-eibar,null_price
20160103-SP1-granada-sevilla,null_price
20160103-SP1-la_coruna-villarreal,null_price
20160103-SP1-valencia-real_madrid,null_price
20160103-SP1-vallecano-sociedad,null_price
20160104-SP1-sp_gijon-getafe,null_price
20160105-I1-genoa-sampdoria,null_price
20160106-I1-chievo-roma,null_price
20160106-I1-empoli-inter,null_price
20160106-I1-juventus-verona,null_price
20160106-I1-lazio-carpi,null_price
20160106-I1-milan-bologna,null_price
20160106-I1-napoli-torino,null_price
20160106-I1-palermo-fiorentina,null_price
20160106-I1-sassuolo-frosinone,null_price
20160106-I1-udinese-atalanta,null_price
20160108-F1-paris_sg-bastia,null_price
20160109-F1-angers-caen,null_price
20160109-F1-lyon-troyes,null_price
20160109-F1-monaco-ajaccio_gfco,null_price
20160109-F1-montpellier-bordeaux,null_price
20160109-F1-reims-toulouse,null_price
20160109-F1-rennes-lorient,null_price
20160109-I1-carpi-udinese,null_price
20160109-I1-fiorentina-lazio,null_price
20160109-I1-roma-milan,null_price
20160109-SP1-barcelona-granada,null_price
20160109-SP1-getafe-betis,null_price
20160109-SP1-levante-vallecano,null_price
20160109-SP1-real_madrid-la_coruna,null_price
20160109-SP1-sevilla-ath_bilbao,null_price
20160110-F1-lille-nice,null_price
20160110-F1-marseille-guingamp,null_price
20160110-F1-nantes-st_etienne,null_price
20160110-I1-atalanta-genoa,null_price
20160110-I1-bologna-chievo,null_price
20160110-I1-frosinone-napoli,null_price
20160110-I1-inter-sassuolo,null_price
20160110-I1-sampdoria-juventus,null_price
20160110-I1-torino-empoli,null_price
20160110-I1-verona-palermo,null_price
20160110-SP1-celta-ath_madrid,null_price
20160110-SP1-eibar-espanol,null_price
20160110-SP1-las_palmas-malaga,null_price
20160110-SP1-sociedad-valencia,null_price
20160110-SP1-villarreal-sp_gijon,null_price
20160112-E0-aston_villa-crystal_palace,null_price
20160112-E0-bournemouth-west_ham,null_price
20160112-E0-newcastle-man_united,null_price
20160112-E1-blackburn-qpr,null_price
20160112-E1-brentford-middlesbrough,null_price
20160112-E1-bristol_city-preston,null_price
20160112-E1-derby-reading,null_price
20160112-E1-huddersfield-charlton,null_price
20160112-E1-ipswich-leeds,null_price
20160112-E1-milton_keynes_dons-burnley,null_price
20160112-E1-nott_m_forest-birmingham,null_price
20160112-E1-rotherham-brighton,null_price
20160112-E1-sheffield_weds-bolton,null_price
20160112-E1-wolves-fulham,null_price
20160113-E0-chelsea-west_brom,null_price
20160113-E0-liverpool-arsenal,null_price
20160113-E0-man_city-everton,null_price
20160113-E0-southampton-watford,null_price
20160113-E0-stoke-norwich,null_price
20160113-E0-swansea-sunderland,null_price
20160113-E0-tottenham-leicester,null_price
20160113-E1-hull-cardiff,null_price
20160115-E1-brentford-burnley,null_price
20160115-F1-nice-angers,null_price
20160116-E0-aston_villa-leicester,null_price
20160116-E0-bournemouth-norwich,null_price
20160116-E0-chelsea-everton,null_price
20160116-E0-man_city-crystal_palace,null_price
20160116-E0-newcastle-west_ham,null_price
20160116-E0-southampton-west_brom,null_price
20160116-E0-tottenham-sunderland,null_price
20160116-E1-blackburn-brighton,null_price
20160116-E1-bristol_city-middlesbrough,null_price
20160116-E1-derby-birmingham,null_price
20160116-E1-huddersfield-fulham,null_price
20160116-E1-hull-charlton,null_price
20160116-E1-ipswich-preston,null_price
20160116-E1-milton_keynes_dons-reading,null_price
20160116-E1-nott_m_forest-bolton,null_price
20160116-E1-rotherham-qpr,null_price
20160116-E1-sheffield_weds-leeds,null_price
20160116-E1-wolves-cardiff,null_price
20160116-F1-ajaccio_gfco-reims,null_price
20160116-F1-bastia-montpellier,null_price
20160116-F1-bordeaux-lille,null_price
20160116-F1-guingamp-nantes,null_price
20160116-F1-toulouse-paris_sg,null_price
20160116-F1-troyes-rennes,null_price
20160116-I1-atalanta-inter,null_price
20160116-I1-napoli-sassuolo,null_price
20160116-I1-torino-frosinone,null_price
20160116-SP1-celta-levante,null_price
20160116-SP1-sevilla-malaga,null_price
20160116-SP1-sociedad-la_coruna,null_price
20160116-SP1-villarreal-betis,null_price
20160117-E0-liverpool-man_united,null_price
20160117-E0-stoke-arsenal,null_price
20160117-F1-caen-marseille,null_price
20160117-F1-lorient-monaco,null_price
20160117-F1-st_etienne-lyon,null_price
20160117-I1-bologna-lazio,null_price
20160117-I1-carpi-sampdoria,null_price
20160117-I1-chievo-empoli,null_price
20160117-I1-genoa-palermo,null_price
20160117-I1-milan-fiorentina,null_price
20160117-I1-roma-verona,null_price
20160117-I1-udinese-juventus,null_price
20160117-SP1-barcelona-ath_bilbao,null_price
20160117-SP1-getafe-espanol,null_price
20160117-SP1-las_palmas-ath_madrid,null_price
20160117-SP1-real_madrid-sp_gijon,null_price
20160117-SP1-valencia-vallecano,null_price
20160118-E0-swansea-watford,null_price
20160118-SP1-eibar-granada,null_price
20160120-I1-sassuolo-torino,null_price
20160122-D1-hamburg-bayern_munich,null_price
20160122-F1-rennes-ajaccio_gfco,null_price
20160122-SP1-sp_gijon-sociedad,null_price
20160123-D1-fc_koln-stuttgart,null_price
20160123-D1-hannover-darmstadt,null_price
20160123-D1-hertha-augsburg,null_price
20160123-D1-hoffenheim-leverkusen,null_price
20160123-D1-ingolstadt-mainz,null_price
20160123-D1-m_gladbach-dortmund,null_price
20160123-E0-crystal_palace-tottenham,null_price
20160123-E0-leicester-stoke,null_price
20160123-E0-man_united-southampton,null_price
20160123-E0-norwich-liverpool,null_price
20160123-E0-sunderland-bournemouth,null_price
20160123-E0-watford-newcastle,null_price
20160123-E0-west_brom-aston_villa,null_price
20160123-E0-west_ham-man_city,null_price
20160123-E1-birmingham-ipswich,null_price
20160123-E1-bolton-milton_keynes_dons,null_price
20160123-E1-brighton-huddersfield,null_price
20160123-E1-cardiff-rotherham,null_price
20160123-E1-charlton-blackburn,null_price
20160123-E1-fulham-hull,null_price
20160123-E1-leeds-bristol_city,null_price
20160123-E1-middlesbrough-nott_m_forest,null_price
20160123-E1-preston-brentford,null_price
20160123-E1-qpr-wolves,null_price
20160123-E1-reading-sheffield_weds,null_price
20160123-F1-guingamp-bastia,null_price
20160123-F1-lille-troyes,null_price
20160123-F1-montpellier-caen,null_price
20160123-F1-nantes-bordeaux,null_price
20160123-F1-nice-lorient,null_price
20160123-F1-paris_sg-angers,null_price
20160123-I1-empoli-milan,null_price
20160123-I1-frosinone-atalanta,null_price
20160123-SP1-espanol-villarreal,null_price
20160123-SP1-granada-getafe,null_price
20160123-SP1-malaga-barcelona,null_price
20160123-SP1-vallecano-celta,null_price
20160124-D1-ein_frankfurt-wolfsburg,null_price
20160124-D1-schalke_04-werder_bremen,null_price
20160124-E0-arsenal-chelsea,null_price
20160124-E0-everton-swansea,null_price
20160124-F1-lyon-marseille,null_price
20160124-F1-monaco-toulouse,null_price
20160124-F1-reims-st_etienne,null_price
20160124-I1-fiorentina-torino,null_price
20160124-I1-inter-carpi,null_price
20160124-I1-juventus-roma,null_price
20160124-I1-lazio-chievo,null_price
20160124-I1-palermo-udinese,null_price
20160124-I1-sampdoria-napoli,null_price
20160124-I1-sassuolo-bologna,null_price
20160124-I1-verona-genoa,null_price
20160124-SP1-ath_bilbao-eibar,null_price
20160124-SP1-ath_madrid-sevilla,null_price
20160124-SP1-betis-real_madrid,null_price
20160124-SP1-la_coruna-valencia,null_price
20160125-E1-burnley-derby,null_price
20160125-SP1-levante-las_palmas,null_price
20160126-E1-brentford-leeds,null_price
20160126-E1-nott_m_forest-qpr,null_price
20160129-D1-mainz-m_gladbach,null_price
20160129-F1-marseille-lille,null_price
20160130-D1-augsburg-ein_frankfurt,null_price
20160130-D1-darmstadt-schalke_04,null_price
20160130-D1-dortmund-ingolstadt,null_price
20160130-D1-leverkusen-hannover,null_price
20160130-D1-stuttgart-hamburg,null_price
20160130-D1-werder_bremen-hertha,null_price
20160130-E1-bristol_city-birmingham,null_price
20160130-E1-huddersfield-cardiff,null_price
20160130-E1-rotherham-charlton,null_price
20160130-F1-ajaccio_gfco-montpellier,null_price
20160130-F1-angers-monaco,null_price
20160130-F1-bastia-lyon,null_price
20160130-F1-lorient-reims,null_price
20160130-F1-toulouse-guingamp,null_price
20160130-F1-troyes-nantes,null_price
20160130-I1-atalanta-sassuolo,null_price
20160130-I1-carpi-palermo,null_price
20160130-I1-roma-frosinone,null_price
20160130-SP1-barcelona-ath_madrid,null_price
20160130-SP1-eibar-malaga,null_price
20160130-SP1-getafe-ath_bilbao,null_price
20160130-SP1-sociedad-betis,null_price
20160130-SP1-villarreal-granada,null_price
20160131-D1-bayern_munich-hoffenheim,null_price
20160131-D1-wolfsburg-fc_koln,null_price
20160131-F1-bordeaux-rennes,null_price
20160131-F1-caen-nice,null_price
20160131-F1-st_etienne-paris_sg,null_price
20160131-I1-bologna-sampdoria,null_price
20160131-I1-chievo-juventus,null_price
20160131-I1-genoa-fiorentina,null_price
20160131-I1-milan-inter,null_price
20160131-I1-napoli-empoli,null_price
20160131-I1-torino-verona,null_price
20160131-I1-udinese-lazio,null_price
20160131-SP1-las_palmas-celta,null_price
20160131-SP1-real_madrid-espanol,null_price
20160131-SP1-sevilla-levante,null_price
20160131-SP1-valencia-sp_gijon,null_price
20160201-SP1-la_coruna-vallecano,null_price
20160202-E0-arsenal-southampton,null_price
20160202-E0-crystal_palace-bournemouth,null_price
20160202-E0-leicester-liverpool,null_price
20160202-E0-man_united-stoke,null_price
20160202-E0-norwich-tottenham,null_price
20160202-E0-sunderland-man_city,null_price
20160202-E0-west_brom-swansea,null_price
20160202-E0-west_ham-aston_villa,null_price
20160202-E1-derby-preston,null_price
20160202-E1-ipswich-reading,null_price
20160202-E1-sheffield_weds-burnley,null_price
20160202-E1-wolves-bolton,null_price
20160202-F1-monaco-bastia,null_price
20160202-F1-montpellier-marseille,null_price
20160202-I1-sassuolo-roma,null_price
20160203-E0-everton-newcastle,null_price
20160203-E0-watford-chelsea,null_price
20160203-F1-guingamp-troyes,null_price
20160203-F1-lille-caen,null_price
20160203-F1-lyon-bordeaux,null_price
20160203-F1-nantes-ajaccio_gfco,null_price
20160203-F1-nice-toulouse,null_price
20160203-F1-paris_sg-lorient,null_price
20160203-F1-reims-angers,null_price
20160203-I1-empoli-udinese,null_price
20160203-I1-fiorentina-carpi,null_price
20160203-I1-frosinone-bologna,null_price
20160203-I1-inter-chievo,null_price
20160203-I1-juventus-genoa,null_price
20160203-I1-lazio-napoli,null_price
20160203-I1-palermo-milan,null_price
20160203-I1-sampdoria-torino,null_price
20160203-I1-verona-atalanta,null_price
20160204-F1-rennes-st_etienne,null_price
20160205-D1-m_gladbach-werder_bremen,null_price
20160205-E1-brighton-brentford,null_price
20160205-SP1-malaga-getafe,null_price
20160206-D1-ein_frankfurt-stuttgart,null_price
20160206-D1-hannover-mainz,null_price
20160206-D1-hertha-dortmund,null_price
20160206-D1-ingolstadt-augsburg,null_price
20160206-D1-leverkusen-bayern_munich,null_price
20160206-D1-schalke_04-wolfsburg,null_price
20160206-E0-aston_villa-norwich,null_price
20160206-E0-liverpool-sunderland,null_price
20160206-E0-man_city-leicester,null_price
20160206-E0-newcastle-west_brom,null_price
20160206-E0-southampton-west_ham,null_price
20160206-E0-stoke-everton,null_price
20160206-E0-swansea-crystal_palace,null_price
20160206-E0-tottenham-watford,null_price
20160206-E1-birmingham-sheffield_weds,null_price
20160206-E1-bolton-rotherham,null_price
20160206-E1-burnley-hull,null_price
20160206-E1-cardiff-milton_keynes_dons,null_price
20160206-E1-charlton-bristol_city,null_price
20160206-E1-fulham-derby,null_price
20160206-E1-leeds-nott_m_forest,null_price
20160206-E1-middlesbrough-blackburn,null_price
20160206-E1-preston-huddersfield,null_price
20160206-E1-qpr-ipswich,null_price
20160206-E1-reading-wolves,null_price
20160206-F1-ajaccio_gfco-guingamp,null_price
20160206-F1-angers-lyon,null_price
20160206-F1-bastia-troyes,null_price
20160206-F1-caen-reims,null_price
20160206-F1-lorient-montpellier,null_price
20160206-F1-monaco-nice,null_price
20160206-F1-toulouse-nantes,null_price
20160206-I1-bologna-fiorentina,null_price
20160206-I1-genoa-lazio,null_price
20160206-SP1-ath_bilbao-villarreal,null_price
20160206-SP1-ath_madrid-eibar,null_price
20160206-SP1-sp_gijon-la_coruna,null_price
20160206-SP1-vallecano-las_palmas,null_price
20160207-D1-hamburg-fc_koln,null_price
20160207-D1-hoffenheim-darmstadt,null_price
20160207-E0-bournemouth-arsenal,null_price
20160207-E0-chelsea-man_united,null_price
20160207-F1-bordeaux-st_etienne,null_price
20160207-F1-lille-rennes,null_price
20160207-F1-marseille-paris_sg,null_price
20160207-I1-atalanta-empoli,null_price
20160207-I1-frosinone-juventus,null_price
20160207-I1-milan-udinese,null_price
20160207-I1-napoli-carpi,null_price
20160207-I1-roma-sampdoria,null_price
20160207-I1-sassuolo-palermo,null_price
20160207-I1-torino-chievo,null_price
20160207-I1-verona-inter,null_price
20160207-SP1-betis-valencia,null_price
20160207-SP1-celta-sevilla,null_price
20160207-SP1-granada-real_madrid,null_price
20160207-SP1-levante-barcelona,null_price
20160208-SP1-espanol-sociedad,null_price
20160209-E1-milton_keynes_dons-middlesbrough,null_price
20160211-I1-lazio-verona,null_price
20160212-D1-mainz-schalke_04,null_price
20160212-F1-rennes-angers,null_price
20160212-I1-carpi-roma,null_price
20160212-SP1-sp_gijon-vallecano,null_price
20160213-D1-darmstadt-leverkusen,null_price
20160213-D1-dortmund-hannover,null_price
20160213-D1-fc_koln-ein_frankfurt,null_price
20160213-D1-stuttgart-hertha,null_price
20160213-D1-werder_bremen-hoffenheim,null_price
20160213-D1-wolfsburg-ingolstadt,null_price
20160213-E0-bournemouth-stoke,null_price
20160213-E0-chelsea-newcastle,null_price
20160213-E0-crystal_palace-watford,null_price
20160213-E0-everton-west_brom,null_price
20160213-E0-norwich-west_ham,null_price
20160213-E0-sunderland-man_united,null_price
20160213-E0-swansea-southampton,null_price
20160213-E1-blackburn-hull,null_price
20160213-E1-brighton-bolton,null_price
20160213-E1-bristol_city-ipswich,null_price
20160213-E1-charlton-cardiff,null_price
20160213-E1-derby-milton_keynes_dons,null_price
20160213-E1-nott_m_forest-huddersfield,null_price
20160213-E1-qpr-fulham,null_price
20160213-E1-reading-burnley,null_price
20160213-E1-rotherham-birmingham,null_price
20160213-E1-sheffield_weds-brentford,null_price
20160213-E1-wolves-preston,null_price
20160213-F1-ajaccio_gfco-troyes,null_price
20160213-F1-guingamp-bordeaux,null_price
20160213-F1-montpellier-toulouse,null_price
20160213-F1-nantes-lorient,null_price
20160213-F1-paris_sg-lille,null_price
20160213-F1-reims-bastia,null_price
20160213-I1-chievo-sassuolo,null_price
20160213-I1-empoli-frosinone,null_price
20160213-I1-juventus-napoli,null_price
20160213-SP1-la_coruna-betis,null_price
20160213-SP1-real_madrid-ath_bilbao,null_price
20160213-SP1-valencia-espanol,null_price
20160213-SP1-villarreal-malaga,null_price
20160214-D1-augsburg-bayern_munich,null_price
20160214-D1-hamburg-m_gladbach,null_price
20160214-E0-arsenal-leicester,null_price
20160214-E0-aston_villa-liverpool,null_price
20160214-E0-man_city-tottenham,null_price
20160214-F1-lyon-caen,null_price
20160214-F1-nice-marseille,null_price
20160214-F1-st_etienne-monaco,null_price
20160214-I1-fiorentina-inter,null_price
20160214-I1-milan-genoa,null_price
20160214-I1-palermo-torino,null_price
20160214-I1-sampdoria-atalanta,null_price
20160214-I1-udinese-bologna,null_price
20160214-SP1-barcelona-celta,null_price
20160214-SP1-eibar-levante,null_price
20160214-SP1-getafe-ath_madrid,null_price
20160214-SP1-sevilla-las_palmas,null_price
20160214-SP1-sociedad-granada,null_price
20160215-E1-leeds-middlesbrough,null_price
20160216-E1-blackburn-fulham,null_price
20160216-E1-hull-brighton,null_price
20160217-SP1-sp_gijon-barcelona,null_price
20160219-D1-ein_frankfurt-hamburg,null_price
20160219-F1-bordeaux-nice,null_price
20160219-I1-bologna-juventus,null_price
20160219-SP1-levante-getafe,null_price
20160220-D1-bayern_munich-darmstadt,null_price
20160220-D1-hertha-wolfsburg,null_price
20160220-D1-hoffenheim-mainz,null_price
20160220-D1-ingolstadt-werder_bremen,null_price
20160220-D1-m_gladbach-fc_koln,null_price
20160220-E1-bolton-qpr,null_price
20160220-E1-brentford-derby,null_price
20160220-E1-burnley-rotherham,null_price
20160220-E1-cardiff-brighton,null_price
20160220-E1-fulham-charlton,null_price
20160220-E1-huddersfield-wolves,null_price
20160220-E1-milton_keynes_dons-bristol_city,null_price
20160220-E1-preston-sheffield_weds,null_price
20160220-F1-angers-montpellier,null_price
20160220-F1-lorient-guingamp,null_price
20160220-F1-monaco-troyes,null_price
20160220-F1-paris_sg-reims,null_price
20160220-F1-toulouse-ajaccio_gfco,null_price
20160220-I1-inter-sampdoria,null_price
20160220-I1-verona-chievo,null_price
20160220-SP1-betis-sp_gijon,null_price
20160220-SP1-celta-eibar,null_price
20160220-SP1-espanol-la_coruna,null_price
20160220-SP1-las_palmas-barcelona,null_price
20160221-D1-hannover-augsburg,null_price
20160221-D1-leverkusen-dortmund,null_price
20160221-D1-schalke_04-stuttgart,null_price
20160221-F1-caen-rennes,null_price
20160221-F1-lille-lyon,null_price
20160221-F1-marseille-st_etienne,null_price
20160221-I1-atalanta-fiorentina,null_price
20160221-I1-frosinone-lazio,null_price
20160221-I1-genoa-udinese,null_price
20160221-I1-roma-palermo,null_price
20160221-I1-sassuolo-empoli,null_price
20160221-I1-torino-carpi,null_price
20160221-SP1-ath_bilbao-sociedad,null_price
20160221-SP1-ath_madrid-villarreal,null_price
20160221-SP1-granada-valencia,null_price
20160221-SP1-malaga-real_madrid,null_price
20160221-SP1-vallecano-sevilla,null_price
20160222-I1-napoli-milan,null_price
20160223-E1-birmingham-bolton,null_price
20160223-E1-brentford-wolves,null_price
20160223-E1-bristol_city-brighton,null_price
20160223-E1-burnley-nott_m_forest,null_price
20160223-E1-ipswich-hull,null_price
20160223-E1-leeds-fulham,null_price
20160223-E1-middlesbrough-cardiff,null_price
20160223-E1-milton_keynes_dons-huddersfield,null_price
20160223-E1-preston-charlton,null_price
20160223-E1-reading-rotherham,null_price
20160223-E1-sheffield_weds-qpr,null_price
20160224-E1-derby-blackburn,null_price
20160226-D1-fc_koln-hertha,null_price
20160226-E1-hull-sheffield_weds,null_price
20160226-F1-nice-bastia,null_price
20160226-SP1-eibar-las_palmas,null_price
20160227-D1-hamburg-ingolstadt,null_price
20160227-D1-stuttgart-hannover,null_price
20160227-D1-werder_bremen-darmstadt,null_price
20160227-D1-wolfsburg-bayern_munich,null_price
20160227-E0-leicester-norwich,null_price
20160227-E0-southampton-chelsea,null_price
20160227-E0-stoke-aston_villa,null_price
20160227-E0-watford-bournemouth,null_price
20160227-E0-west_brom-crystal_palace,null_price
20160227-E0-west_ham-sunderland,null_price
20160227-E1-blackburn-milton_keynes_dons,null_price
20160227-E1-bolton-burnley,null_price
20160227-E1-cardiff-preston,null_price
20160227-E1-charlton-reading,null_price
20160227-E1-fulham-middlesbrough,null_price
20160227-E1-huddersfield-ipswich,null_price
20160227-E1-nott_m_forest-bristol_city,null_price
20160227-E1-qpr-birmingham,null_price
20160227-E1-rotherham-brentford,null_price
20160227-E1-wolves-derby,null_price
20160227-F1-guingamp-angers,null_price
20160227-F1-montpellier-lille,null_price
20160227-F1-reims-bordeaux,null_price
20160227-F1-toulouse-rennes,null_price
20160227-F1-troyes-lorient,null_price
20160227-I1-empoli-roma,null_price
20160227-I1-milan-torino,null_price
20160227-SP1-betis-vallecano,null_price
20160227-SP1-getafe-celta,null_price
20160227-SP1-real_madrid-ath_madrid,null_price
20160227-SP1-sociedad-malaga,null_price
20160227-SP1-sp_gijon-espanol,null_price
20160228-D1-augsburg-m_gladbach,null_price
20160228-D1-dortmund-hoffenheim,null_price
20160228-D1-ein_frankfurt-schalke_04,null_price
20160228-D1-mainz-leverkusen,null_price
20160228-E0-man_united-arsenal,null_price
20160228-E0-tottenham-swansea,null_price
20160228-F1-lyon-paris_sg,null_price
20160228-F1-nantes-monaco,null_price
20160228-F1-st_etienne-caen,null_price
20160228-I1-carpi-atalanta,null_price
20160228-I1-chievo-genoa,null_price
20160228-I1-juventus-inter,null_price
20160228-I1-palermo-bologna,null_price
20160228-I1-sampdoria-frosinone,null_price
20160228-I1-udinese-verona,null_price
20160228-SP1-barcelona-sevilla,null_price
20160228-SP1-la_coruna-granada,null_price
20160228-SP1-valencia-ath_bilbao,null_price
20160228-SP1-villarreal-levante,null_price
20160229-E1-brighton-leeds,null_price
20160229-I1-fiorentina-napoli,null_price
20160229-I1-lazio-sassuolo,null_price
20160301-D1-hannover-wolfsburg,null_price
20160301-D1-ingolstadt-fc_koln,null_price
20160301-E0-aston_villa-everton,null_price
20160301-E0-bournemouth-southampton,null_price
20160301-E0-leicester-west_brom,null_price
20160301-E0-norwich-chelsea,null_price
20160301-E0-sunderland-crystal_palace,null_price
20160301-E1-blackburn-middlesbrough,null_price
20160301-SP1-ath_madrid-sociedad,null_price
20160301-SP1-las_palmas-getafe,null_price
20160302-D1-bayern_munich-mainz,null_price
20160302-D1-darmstadt-dortmund,null_price
20160302-D1-hertha-ein_frankfurt,null_price
20160302-D1-hoffenheim-augsburg,null_price
20160302-D1-leverkusen-werder_bremen,null_price
20160302-D1-m_gladbach-stuttgart,null_price
20160302-D1-schalke_04-hamburg,null_price
20160302-E0-arsenal-swansea,null_price
20160302-E0-liverpool-man_city,null_price
20160302-E0-man_united-watford,null_price
20160302-E0-stoke-newcastle,null_price
20160302-E0-west_ham-tottenham,null_price
20160302-SP1-ath_bilbao-la_coruna,null_price
20160302-SP1-celta-villarreal,null_price
20160302-SP1-levante-real_madrid,null_price
20160302-SP1-malaga-valencia,null_price
20160302-SP1-sevilla-eibar,null_price
20160303-E1-birmingham-hull,null_price
20160303-SP1-espanol-betis,null_price
20160303-SP1-granada-sp_gijon,null_price
20160303-SP1-vallecano-barcelona,null_price
20160304-E1-middlesbrough-wolves,null_price
20160304-F1-caen-monaco,null_price
20160304-I1-roma-fiorentina,null_price
20160305-D1-augsburg-leverkusen,null_price
20160305-D1-dortmund-bayern_munich,null_price
20160305-D1-ein_frankfurt-ingolstadt,null_price
20160305-D1-fc_koln-schalke_04,null_price
20160305-D1-stuttgart-hoffenheim,null_price
20160305-D1-werder_bremen-hannover,null_price
20160305-D1-wolfsburg-m_gladbach,null_price
20160305-E0-chelsea-stoke,null_price
20160305-E0-everton-west_ham,null_price
20160305-E0-man_city-aston_villa,null_price
20160305-E0-newcastle-bournemouth,null_price
20160305-E0-southampton-sunderland,null_price
20160305-E0-swansea-norwich,null_price
20160305-E0-tottenham-arsenal,null_price
20160305-E0-watford-leicester,null_price
20160305-E1-brentford-charlton,null_price
20160305-E1-bristol_city-cardiff,null_price
20160305-E1-burnley-blackburn,null_price
20160305-E1-derby-huddersfield,null_price
20160305-E1-ipswich-nott_m_forest,null_price
20160305-E1-leeds-bolton,null_price
20160305-E1-milton_keynes_dons-qpr,null_price
20160305-E1-preston-brighton,null_price
20160305-E1-reading-fulham,null_price
20160305-E1-sheffield_weds-rotherham,null_price
20160305-F1-angers-st_etienne,null_price
20160305-F1-bastia-lorient,null_price
20160305-F1-bordeaux-ajaccio_gfco,null_price
20160305-F1-lille-reims,null_price
20160305-F1-nice-troyes,null_price
20160305-F1-paris_sg-montpellier,null_price
20160305-I1-napoli-chievo,null_price
20160305-I1-verona-sampdoria,null_price
20160305-SP1-getafe-sevilla,null_price
20160305-SP1-la_coruna-malaga,null_price
20160305-SP1-real_madrid-celta,null_price
20160305-SP1-villarreal-las_palmas,null_price
20160306-D1-hamburg-hertha,null_price
20160306-D1-mainz-darmstadt,null_price
20160306-E0-crystal_palace-liverpool,null_price
20160306-E0-west_brom-man_united,null_price
20160306-F1-lyon-guingamp,null_price
20160306-F1-marseille-toulouse,null_price
20160306-F1-rennes-nantes,null_price
20160306-I1-atalanta-juventus,null_price
20160306-I1-bologna-carpi,null_price
20160306-I1-frosinone-udinese,null_price
20160306-I1-genoa-empoli,null_price
20160306-I1-inter-palermo,null_price
20160306-I1-sassuolo-milan,null_price
20160306-I1-torino-lazio,null_price
20160306-SP1-betis-granada,null_price
20160306-SP1-eibar-barcelona,null_price
20160306-SP1-sociedad-levante,null_price
20160306-SP1-sp_gijon-ath_bilbao,null_price
20160306-SP1-valencia-ath_madrid,null_price
20160307-SP1-espanol-vallecano,null_price
20160308-E1-blackburn-birmingham,null_price
20160308-E1-bolton-ipswich,null_price
20160308-E1-brighton-sheffield_weds,null_price
20160308-E1-cardiff-leeds,null_price
20160308-E1-charlton-milton_keynes_dons,null_price
20160308-E1-fulham-burnley,null_price
20160308-E1-huddersfield-reading,null_price
20160308-E1-nott_m_forest-preston,null_price
20160308-E1-qpr-derby,null_price
20160308-E1-rotherham-middlesbrough,null_price
20160308-E1-wolves-bristol_city,null_price
20160309-F1-ajaccio_gfco-marseille,null_price
20160309-F1-bastia-nantes,null_price
20160311-D1-hertha-schalke_04,null_price
20160311-F1-monaco-reims,null_price
20160311-I1-juventus-sassuolo,null_price
20160311-SP1-malaga-sp_gijon,null_price
20160312-D1-bayern_munich-werder_bremen,null_price
20160312-D1-darmstadt-augsburg,null_price
20160312-D1-hannover-fc_koln,null_price
20160312-D1-hoffenheim-wolfsburg,null_price
20160312-D1-ingolstadt-stuttgart,null_price
20160312-D1-m_gladbach-ein_frankfurt,null_price
20160312-E0-bournemouth-swansea,null_price
20160312-E0-norwich-man_city,null_price
20160312-E0-stoke-southampton,null_price
20160312-E1-blackburn-leeds,null_price
20160312-E1-bolton-preston,null_price
20160312-E1-cardiff-ipswich,null_price
20160312-E1-fulham-bristol_city,null_price
20160312-E1-huddersfield-burnley,null_price
20160312-E1-hull-milton_keynes_dons,null_price
20160312-E1-nott_m_forest-sheffield_weds,null_price
20160312-E1-qpr-brentford,null_price
20160312-E1-rotherham-derby,null_price
20160312-F1-ajaccio_gfco-caen,null_price
20160312-F1-bastia-lille,null_price
20160312-F1-guingamp-st_etienne,null_price
20160312-F1-lorient-marseille,null_price
20160312-F1-montpellier-nice,null_price
20160312-F1-toulouse-bordeaux,null_price
20160312-I1-empoli-sampdoria,null_price
20160312-I1-inter-bologna,null_price
20160312-SP1-ath_madrid-la_coruna,null_price
20160312-SP1-barcelona-getafe,null_price
20160312-SP1-celta-sociedad,null_price
20160312-SP1-vallecano-eibar,null_price
20160313-D1-dortmund-mainz,null_price
20160313-D1-leverkusen-hamburg,null_price
20160313-E0-aston_villa-tottenham,null_price
20160313-E1-charlton-middlesbrough,null_price
20160313-E1-wolves-birmingham,null_price
20160313-F1-nantes-angers,null_price
20160313-F1-rennes-lyon,null_price
20160313-F1-troyes-paris_sg,null_price
20160313-I1-carpi-frosinone,null_price
20160313-I1-chievo-milan,null_price
20160313-I1-fiorentina-verona,null_price
20160313-I1-genoa-torino,null_price
20160313-I1-lazio-atalanta,null_price
20160313-I1-palermo-napoli,null_price
20160313-I1-udinese-roma,null_price
20160313-SP1-ath_bilbao-betis,null_price
20160313-SP1-las_palmas-real_madrid,null_price
20160313-SP1-levante-valencia,null_price
20160313-SP1-sevilla-villarreal,null_price
20160314-E0-leicester-newcastle,null_price
20160314-SP1-granada-espanol,null_price
20160315-E1-brighton-reading,null_price
20160315-E1-hull-nott_m_forest,null_price
20160315-E1-ipswich-blackburn,null_price
20160318-D1-schalke_04-m_gladbach,null_price
20160318-E1-middlesbrough-hull,null_price
20160318-F1-marseille-rennes,null_price
20160318-SP1-getafe-eibar,null_price
20160319-D1-ein_frankfurt-hannover,null_price
20160319-D1-fc_koln-bayern_munich,null_price
20160319-D1-hamburg-hoffenheim,null_price
20160319-D1-hertha-ingolstadt,null_price
20160319-D1-werder_bremen-mainz,null_price
20160319-D1-wolfsburg-darmstadt,null_price
20160319-E0-chelsea-west_ham,null_price
20160319-E0-crystal_palace-leicester,null_price
20160319-E0-everton-arsenal,null_price
20160319-E0-swansea-aston_villa,null_price
20160319-E0-watford-stoke,null_price
20160319-E0-west_brom-norwich,null_price
20160319-E1-birmingham-fulham,null_price
20160319-E1-brentford-blackburn,null_price
20160319-E1-bristol_city-bolton,null_price
20160319-E1-burnley-wolves,null_price
20160319-E1-derby-nott_m_forest,null_price
20160319-E1-ipswich-rotherham,null_price
20160319-E1-leeds-huddersfield,null_price
20160319-E1-milton_keynes_dons-brighton,null_price
20160319-E1-preston-qpr,null_price
20160319-E1-reading-cardiff,null_price
20160319-E1-sheffield_weds-charlton,null_price
20160319-F1-angers-lorient,null_price
20160319-F1-caen-troyes,null_price
20160319-F1-lille-toulouse,null_price
20160319-F1-lyon-nantes,null_price
20160319-F1-reims-guingamp,null_price
20160319-F1-st_etienne-montpellier,null_price
20160319-I1-empoli-palermo,null_price
20160319-I1-roma-inter,null_price
20160319-SP1-betis-malaga,null_price
20160319-SP1-granada-vallecano,null_price
20160319-SP1-la_coruna-levante,null_price
20160319-SP1-sociedad-las_palmas,null_price
20160319-SP1-sp_gijon-ath_madrid,null_price
20160320-D1-augsburg-dortmund,null_price
20160320-D1-stuttgart-leverkusen,null_price
20160320-E0-man_city-man_united,null_price
20160320-E0-newcastle-sunderland,null_price
20160320-E0-southampton-liverpool,null_price
20160320-E0-tottenham-bournemouth,null_price
20160320-F1-bordeaux-bastia,null_price
20160320-F1-nice-ajaccio_gfco,null_price
20160320-F1-paris_sg-monaco,null_price
20160320-I1-atalanta-bologna,null_price
20160320-I1-frosinone-fiorentina,null_price
20160320-I1-milan-lazio,null_price
20160320-I1-napoli-genoa,null_price
20160320-I1-sampdoria-chievo,null_price
20160320-I1-sassuolo-udinese,null_price
20160320-I1-torino-juventus,null_price
20160320-I1-verona-carpi,null_price
20160320-SP1-espanol-ath_bilbao,null_price
20160320-SP1-real_madrid-sevilla,null_price
20160320-SP1-valencia-celta,null_price
20160320-SP1-villarreal-barcelona,null_price
20160401-D1-leverkusen-wolfsburg,null_price
20160401-E1-qpr-middlesbrough,null_price
20160401-F1-monaco-bordeaux,null_price
20160401-SP1-vallecano-getafe,null_price
20160402-D1-bayern_munich-ein_frankfurt,null_price
20160402-D1-darmstadt-stuttgart,null_price
20160402-D1-dortmund-werder_bremen,null_price
20160402-D1-hannover-hamburg,null_price
20160402-D1-ingolstadt-schalke_04,null_price
20160402-D1-mainz-augsburg,null_price
20160402-E0-arsenal-watford,null_price
20160402-E0-aston_villa-chelsea,null_price
20160402-E0-bournemouth-man_city,null_price
20160402-E0-liverpool-tottenham,null_price
20160402-E0-norwich-newcastle,null_price
20160402-E0-stoke-swansea,null_price
20160402-E0-sunderland-west_brom,null_price
20160402-E0-west_ham-crystal_palace,null_price
20160402-E1-blackburn-preston,null_price
20160402-E1-bolton-reading,null_price
20160402-E1-brighton-burnley,null_price
20160402-E1-cardiff-derby,null_price
20160402-E1-charlton-birmingham,null_price
20160402-E1-fulham-milton_keynes_dons,null_price
20160402-E1-huddersfield-sheffield_weds,null_price
20160402-E1-hull-bristol_city,null_price
20160402-E1-nott_m_forest-brentford,null_price
20160402-E1-rotherham-leeds,null_price
20160402-E1-wolves-ipswich,null_price
20160402-F1-ajaccio_gfco-st_etienne,null_price
20160402-F1-guingamp-montpellier,null_price
20160402-F1-paris_sg-nice,null_price
20160402-F1-rennes-reims,null_price
20160402-F1-toulouse-caen,null_price
20160402-F1-troyes-angers,null_price
20160402-I1-carpi-sassuolo,null_price
20160402-I1-juventus-empoli,null_price
20160402-SP1-ath_madrid-betis,null_price
20160402-SP1-barcelona-real_madrid,null_price
20160402-SP1-celta-la_coruna,null_price
20160402-SP1-las_palmas-valencia,null_price
20160403-D1-hoffenheim-fc_koln,null_price
20160403-D1-m_gladbach-hertha,null_price
20160403-E0-leicester-southampton,null_price
20160403-E0-man_united-everton,null_price
20160403-F1-bastia-marseille,null_price
20160403-F1-lorient-lyon,null_price
20160403-F1-nantes-lille,null_price
20160403-I1-atalanta-milan,null_price
20160403-I1-chievo-palermo,null_price
20160403-I1-fiorentina-sampdoria,null_price
20160403-I1-genoa-frosinone,null_price
20160403-I1-inter-torino,null_price
20160403-I1-lazio-roma,null_price
20160403-I1-udinese-napoli,null_price
20160403-SP1-ath_bilbao-granada,null_price
20160403-SP1-eibar-villarreal,null_price
20160403-SP1-malaga-espanol,null_price
20160403-SP1-sevilla-sociedad,null_price
20160404-I1-bologna-verona,null_price
20160404-SP1-levante-sp_gijon,null_price
20160405-E1-birmingham-brighton,null_price
20160405-E1-brentford-bolton,null_price
20160405-E1-bristol_city-rotherham,null_price
20160405-E1-burnley-cardiff,null_price
20160405-E1-derby-hull,null_price
20160405-E1-ipswich-charlton,null_price
20160405-E1-leeds-qpr,null_price
20160405-E1-middlesbrough-huddersfield,null_price
20160405-E1-milton_keynes_dons-wolves,null_price
20160405-E1-preston-fulham,null_price
20160405-E1-reading-nott_m_forest,null_price
20160405-E1-sheffield_weds-blackburn,null_price
20160408-D1-hertha-hannover,null_price
20160408-F1-montpellier-lyon,null_price
20160408-SP1-granada-malaga,null_price
20160409-D1-ein_frankfurt-hoffenheim,null_price
20160409-D1-hamburg-darmstadt,null_price
20160409-D1-ingolstadt-m_gladbach,null_price
20160409-D1-stuttgart-bayern_munich,null_price
20160409-D1-werder_bremen-augsburg,null_price
20160409-D1-wolfsburg-mainz,null_price
20160409-E0-aston_villa-bournemouth,null_price
20160409-E0-crystal_palace-norwich,null_price
20160409-E0-man_city-west_brom,null_price
20160409-E0-southampton-newcastle,null_price
20160409-E0-swansea-chelsea,null_price
20160409-E0-watford-everton,null_price
20160409-E0-west_ham-arsenal,null_price
20160409-E1-bristol_city-sheffield_weds,null_price
20160409-E1-burnley-leeds,null_price
20160409-E1-derby-bolton,null_price
20160409-E1-fulham-cardiff,null_price
20160409-E1-huddersfield-hull,null_price
20160409-E1-ipswich-brentford,null_price
20160409-E1-middlesbrough-preston,null_price
20160409-E1-milton_keynes_dons-rotherham,null_price
20160409-E1-qpr-charlton,null_price
20160409-E1-reading-birmingham,null_price
20160409-E1-wolves-blackburn,null_price
20160409-F1-angers-ajaccio_gfco,null_price
20160409-F1-caen-lorient,null_price
20160409-F1-guingamp-paris_sg,null_price
20160409-F1-reims-nantes,null_price
20160409-F1-st_etienne-troyes,null_price
20160409-F1-toulouse-bastia,null_price
20160409-I1-chievo-carpi,null_price
20160409-I1-frosinone-inter,null_price
20160409-I1-milan-juventus,null_price
20160409-I1-sassuolo-genoa,null_price
20160409-SP1-betis-levante,null_price
20160409-SP1-espanol-ath_madrid,null_price
20160409-SP1-real_madrid-eibar,null_price
20160409-SP1-sociedad-barcelona,null_price
20160410-D1-fc_koln-leverkusen,null_price
20160410-D1-schalke_04-dortmund,null_price
20160410-E0-liverpool-stoke,null_price
20160410-E0-sunderland-leicester,null_price
20160410-E0-tottenham-man_united,null_price
20160410-F1-lille-monaco,null_price
20160410-F1-marseille-bordeaux,null_price
20160410-F1-nice-rennes,null_price
20160410-I1-empoli-fiorentina,null_price
20160410-I1-napoli-verona,null_price
20160410-I1-palermo-lazio,null_price
20160410-I1-sampdoria-udinese,null_price
20160410-I1-torino-atalanta,null_price
20160410-SP1-ath_bilbao-vallecano,null_price
20160410-SP1-sp_gijon-celta,null_price
20160410-SP1-valencia-sevilla,null_price
20160410-SP1-villarreal-getafe,null_price
20160411-E1-nott_m_forest-brighton,null_price
20160411-I1-roma-bologna,null_price
20160411-SP1-la_coruna-las_palmas,null_price
20160412-E1-birmingham-leeds,null_price
20160412-E1-middlesbrough-reading,null_price
20160413-E0-crystal_palace-everton,null_price
20160415-D1-hannover-m_gladbach,null_price
20160415-E1-brighton-fulham,null_price
20160415-E1-hull-wolves,null_price
20160415-F1-lyon-nice,null_price
20160415-SP1-levante-espanol,null_price
20160416-D1-augsburg-stuttgart,null_price
20160416-D1-bayern_munich-schalke_04,null_price
20160416-D1-darmstadt-ingolstadt,null_price
20160416-D1-hoffenheim-hertha,null_price
20160416-D1-leverkusen-ein_frankfurt,null_price
20160416-D1-werder_bremen-wolfsburg,null_price
20160416-E0-chelsea-man_city,null_price
20160416-E0-everton-southampton,null_price
20160416-E0-man_united-aston_villa,null_price
20160416-E0-newcastle-swansea,null_price
20160416-E0-norwich-sunderland,null_price
20160416-E0-west_brom-watford,null_price
20160416-E1-birmingham-burnley,null_price
20160416-E1-blackburn-huddersfield,null_price
20160416-E1-bolton-middlesbrough,null_price
20160416-E1-brentford-bristol_city,null_price
20160416-E1-cardiff-qpr,null_price
20160416-E1-charlton-derby,null_price
20160416-E1-leeds-reading,null_price
20160416-E1-preston-milton_keynes_dons,null_price
20160416-E1-rotherham-nott_m_forest,null_price
20160416-E1-sheffield_weds-ipswich,null_price
20160416-F1-ajaccio_gfco-lille,null_price
20160416-F1-bastia-st_etienne,null_price
20160416-F1-bordeaux-angers,null_price
20160416-F1-lorient-toulouse,null_price
20160416-F1-paris_sg-caen,null_price
20160416-F1-troyes-reims,null_price
20160416-I1-bologna-torino,null_price
20160416-I1-carpi-genoa,null_price
20160416-I1-inter-napoli,null_price
20160416-SP1-celta-betis,null_price
20160416-SP1-eibar-sociedad,null_price
20160416-SP1-getafe-real_madrid,null_price
20160416-SP1-las_palmas-sp_gijon,null_price
20160417-D1-dortmund-hamburg,null_price
20160417-D1-mainz-fc_koln,null_price
20160417-E0-arsenal-crystal_palace,null_price
20160417-E0-bournemouth-liverpool,null_price
20160417-E0-leicester-west_ham,null_price
20160417-F1-monaco-marseille,null_price
20160417-F1-nantes-montpellier,null_price
20160417-F1-rennes-guingamp,null_price
20160417-I1-atalanta-roma,null_price
20160417-I1-fiorentina-sassuolo,null_price
20160417-I1-juventus-palermo,null_price
20160417-I1-lazio-empoli,null_price
20160417-I1-sampdoria-milan,null_price
20160417-I1-udinese-chievo,null_price
20160417-I1-verona-frosinone,null_price
20160417-SP1-ath_madrid-granada,null_price
20160417-SP1-barcelona-valencia,null_price
20160417-SP1-malaga-ath_bilbao,null_price
20160417-SP1-sevilla-la_coruna,null_price
20160417-SP1-vallecano-villarreal,null_price
20160418-E0-stoke-tottenham,null_price
20160419-E0-newcastle-man_city,null_price
20160419-E1-birmingham-preston,null_price
20160419-E1-bolton-charlton,null_price
20160419-E1-brentford-cardiff,null_price
20160419-E1-brighton-qpr,null_price
20160419-E1-bristol_city-derby,null_price
20160419-E1-burnley-middlesbrough,null_price
20160419-E1-ipswich-fulham,null_price
20160419-E1-leeds-wolves,null_price
20160419-E1-nott_m_forest-blackburn,null_price
20160419-E1-reading-hull,null_price
20160419-E1-rotherham-huddersfield,null_price
20160419-E1-sheffield_weds-milton_keynes_dons,null_price
20160419-I1-napoli-bologna,null_price
20160419-SP1-betis-las_palmas,null_price
20160419-SP1-espanol-celta,null_price
20160420-E0-liverpool-everton,null_price
20160420-E0-man_united-crystal_palace,null_price
20160420-E0-west_ham-watford,null_price
20160420-I1-chievo-frosinone,null_price
20160420-I1-empoli-verona,null_price
20160420-I1-genoa-inter,null_price
20160420-I1-juventus-lazio,null_price
20160420-I1-palermo-atalanta,null_price
20160420-I1-roma-torino,null_price
20160420-I1-sassuolo-sampdoria,null_price
20160420-I1-udinese-fiorentina,null_price
20160420-SP1-ath_bilbao-ath_madrid,null_price
20160420-SP1-la_coruna-barcelona,null_price
20160420-SP1-malaga-vallecano,null_price
20160420-SP1-real_madrid-villarreal,null_price
20160420-SP1-sp_gijon-sevilla,null_price
20160420-SP1-valencia-eibar,null_price
20160421-E0-arsenal-west_brom,null_price
20160421-I1-milan-carpi,null_price
20160421-SP1-granada-levante,null_price
20160421-SP1-sociedad-getafe,null_price
20160422-D1-hamburg-werder_bremen,null_price
20160422-E1-preston-burnley,null_price
20160422-F1-nice-reims,null_price
20160422-SP1-las_palmas-espanol,null_price
20160423-D1-fc_koln-darmstadt,null_price
20160423-D1-hertha-bayern_munich,null_price
20160423-D1-ingolstadt-hannover,null_price
20160423-D1-schalke_04-leverkusen,null_price
20160423-D1-stuttgart-dortmund,null_price
20160423-D1-wolfsburg-augsburg,null_price
20160423-E0-aston_villa-southampton,null_price
20160423-E0-bournemouth-chelsea,null_price
20160423-E0-liverpool-newcastle,null_price
20160423-E0-man_city-stoke,null_price
20160423-E1-blackburn-bristol_city,null_price
20160423-E1-cardiff-bolton,null_price
20160423-E1-charlton-brighton,null_price
20160423-E1-derby-sheffield_weds,null_price
20160423-E1-fulham-nott_m_forest,null_price
20160423-E1-huddersfield-birmingham,null_price
20160423-E1-hull-leeds,null_price
20160423-E1-middlesbrough-ipswich,null_price
20160423-E1-milton_keynes_dons-brentford,null_price
20160423-E1-qpr-reading,null_price
20160423-E1-wolves-rotherham,null_price
20160423-F1-toulouse-lyon,null_price
20160423-I1-inter-udinese,null_price
20160423-SP1-ath_madrid-malaga,null_price
20160423-SP1-barcelona-sp_gijon,null_price
20160423-SP1-eibar-la_coruna,null_price
20160423-SP1-vallecano-real_madrid,null_price
20160424-D1-ein_frankfurt-mainz,null_price
20160424-D1-m_gladbach-hoffenheim,null_price
20160424-E0-leicester-swansea,null_price
20160424-E0-sunderland-arsenal,null_price
20160424-F1-ajaccio_gfco-bastia,null_price
20160424-F1-guingamp-caen,null_price
20160424-F1-marseille-nantes,null_price
20160424-F1-montpellier-troyes,null_price
20160424-F1-rennes-monaco,null_price
20160424-F1-st_etienne-lorient,null_price
20160424-I1-atalanta-chievo,null_price
20160424-I1-bologna-genoa,null_price
20160424-I1-fiorentina-juventus,null_price
20160424-I1-frosinone-palermo,null_price
20160424-I1-sampdoria-lazio,null_price
20160424-I1-torino-sassuolo,null_price
20160424-SP1-getafe-valencia,null_price
20160424-SP1-levante-ath_bilbao,null_price
20160424-SP1-sevilla-betis,null_price
20160424-SP1-villarreal-sociedad,null_price
20160425-E0-tottenham-west_brom,null_price
20160425-I1-carpi-empoli,null_price
20160425-I1-roma-napoli,null_price
20160425-I1-verona-milan,null_price
20160425-SP1-celta-granada,null_price
20160426-E1-hull-brentford,null_price
20160427-F1-lille-angers,null_price
20160429-D1-augsburg-fc_koln,null_price
20160429-E1-birmingham-middlesbrough,null_price
20160429-F1-paris_sg-rennes,null_price
20160429-SP1-sp_gijon-eibar,null_price
20160430-D1-bayern_munich-m_gladbach,null_price
20160430-D1-darmstadt-ein_frankfurt,null_price
20160430-D1-dortmund-wolfsburg,null_price
20160430-D1-hannover-schalke_04,null_price
20160430-D1-hoffenheim-ingolstadt,null_price
20160430-D1-leverkusen-hertha,null_price
20160430-D1-mainz-hamburg,null_price
20160430-E0-arsenal-norwich,null_price
20160430-E0-everton-bournemouth,null_price
20160430-E0-newcastle-crystal_palace,null_price
20160430-E0-stoke-sunderland,null_price
20160430-E0-watford-aston_villa,null_price
20160430-E0-west_brom-west_ham,null_price
20160430-E1-bolton-hull,null_price
20160430-E1-brentford-fulham,null_price
20160430-E1-bristol_city-huddersfield,null_price
20160430-E1-ipswich-milton_keynes_dons,null_price
20160430-E1-leeds-charlton,null_price
20160430-E1-nott_m_forest-wolves,null_price
20160430-E1-reading-preston,null_price
20160430-E1-rotherham-blackburn,null_price
20160430-E1-sheffield_weds-cardiff,null_price
20160430-F1-caen-bastia,null_price
20160430-F1-lorient-lille,null_price
20160430-F1-lyon-ajaccio_gfco,null_price
20160430-F1-monaco-guingamp,null_price
20160430-F1-nantes-nice,null_price
20160430-F1-reims-montpellier,null_price
20160430-F1-st_etienne-toulouse,null_price
20160430-F1-troyes-bordeaux,null_price
20160430-I1-chievo-fiorentina,null_price
20160430-I1-udinese-torino,null_price
20160430-SP1-ath_madrid-vallecano,null_price
20160430-SP1-betis-barcelona,null_price
20160430-SP1-granada-las_palmas,null_price
20160430-SP1-sociedad-real_madrid,null_price
20160501-E0-man_united-leicester,null_price
20160501-E0-southampton-man_city,null_price
20160501-E0-swansea-liverpool,null_price
20160501-F1-angers-marseille,null_price
20160501-I1-empoli-bologna,null_price
20160501-I1-juventus-carpi,null_price
20160501-I1-lazio-inter,null_price
20160501-I1-milan-frosinone,null_price
20160501-I1-palermo-sampdoria,null_price
20160501-I1-sassuolo-verona,null_price
20160501-SP1-ath_bilbao-celta,null_price
20160501-SP1-espanol-sevilla,null_price
20160501-SP1-la_coruna-getafe,null_price
20160501-SP1-valencia-villarreal,null_price
20160502-D1-werder_bremen-stuttgart,null_price
20160502-E0-chelsea-tottenham,null_price
20160502-E1-brighton-derby,null_price
20160502-E1-burnley-qpr,null_price
20160502-I1-genoa-roma,null_price
20160502-I1-napoli-atalanta,null_price
20160502-SP1-malaga-levante,null_price
20160507-D1-ein_frankfurt-dortmund,null_price
20160507-D1-fc_koln-werder_bremen,null_price
20160507-D1-hamburg-wolfsburg,null_price
20160507-D1-hannover-hoffenheim,null_price
20160507-D1-hertha-darmstadt,null_price
20160507-D1-ingolstadt-bayern_munich,null_price
20160507-D1-m_gladbach-leverkusen,null_price
20160507-D1-schalke_04-augsburg,null_price
20160507-D1-stuttgart-mainz,null_price
20160507-E0-aston_villa-newcastle,null_price
20160507-E0-bournemouth-west_brom,null_price
20160507-E0-crystal_palace-stoke,null_price
20160507-E0-leicester-everton,null_price
20160507-E0-norwich-man_united,null_price
20160507-E0-sunderland-chelsea,null_price
20160507-E0-west_ham-swansea,null_price
20160507-E1-blackburn-reading,null_price
20160507-E1-cardiff-birmingham,null_price
20160507-E1-charlton-burnley,null_price
20160507-E1-derby-ipswich,null_price
20160507-E1-fulham-bolton,null_price
20160507-E1-huddersfield-brentford,null_price
20160507-E1-hull-rotherham,null_price
20160507-E1-middlesbrough-brighton,null_price
20160507-E1-milton_keynes_dons-nott_m_forest,null_price
20160507-E1-preston-leeds,null_price
20160507-E1-qpr-bristol_city,null_price
20160507-E1-wolves-sheffield_weds,null_price
20160507-F1-ajaccio_gfco-paris_sg,null_price
20160507-F1-bastia-angers,null_price
20160507-F1-bordeaux-lorient,null_price
20160507-F1-lille-guingamp,null_price
20160507-F1-lyon-monaco,null_price
20160507-F1-marseille-reims,null_price
20160507-F1-montpellier-rennes,null_price
20160507-F1-nantes-caen,null_price
20160507-F1-nice-st_etienne,null_price
20160507-F1-toulouse-troyes,null_price
20160507-I1-bologna-milan,null_price
20160507-I1-inter-empoli,null_price
20160508-E0-liverpool-watford,null_price
20160508-E0-man_city-arsenal,null_price
20160508-E0-tottenham-southampton,null_price
20160508-I1-atalanta-udinese,null_price
20160508-I1-carpi-lazio,null_price
20160508-I1-fiorentina-palermo,null_price
20160508-I1-frosinone-sassuolo,null_price
20160508-I1-roma-chievo,null_price
20160508-I1-sampdoria-genoa,null_price
20160508-I1-torino-napoli,null_price
20160508-I1-verona-juventus,null_price
20160508-SP1-barcelona-espanol,null_price
20160508-SP1-celta-malaga,null_price
20160508-SP1-eibar-betis,null_price
20160508-SP1-getafe-sp_gijon,null_price
20160508-SP1-las_palmas-ath_bilbao,null_price
20160508-SP1-levante-ath_madrid,null_price
20160508-SP1-real_madrid-valencia,null_price
20160508-SP1-sevilla-granada,null_price
20160508-SP1-sociedad-vallecano,null_price
20160508-SP1-villarreal-la_coruna,null_price
20160510-E0-west_ham-man_united,null_price
20160511-E0-liverpool-chelsea,null_price
20160511-E0-norwich-watford,null_price
20160511-E0-sunderland-everton,null_price
20160511-F1-bordeaux-paris_sg,null_price
20160513-SP1-valencia-sociedad,null_price
20160514-D1-augsburg-hamburg,null_price
20160514-D1-bayern_munich-hannover,null_price
20160514-D1-darmstadt-m_gladbach,null_price
20160514-D1-dortmund-fc_koln,null_price
20160514-D1-hoffenheim-schalke_04,null_price
20160514-D1-leverkusen-ingolstadt,null_price
20160514-D1-mainz-hertha,null_price
20160514-D1-werder_bremen-ein_frankfurt,null_price
20160514-D1-wolfsburg-stuttgart,null_price
20160514-F1-angers-toulouse,null_price
20160514-F1-caen-bordeaux,null_price
20160514-F1-guingamp-nice,null_price
20160514-F1-lorient-ajaccio_gfco,null_price
20160514-F1-monaco-montpellier,null_price
20160514-F1-paris_sg-nantes,null_price
20160514-F1-reims-lyon,null_price
20160514-F1-rennes-bastia,null_price
20160514-F1-st_etienne-lille,null_price
20160514-F1-troyes-marseille,null_price
20160514-I1-juventus-sampdoria,null_price
20160514-I1-milan-roma,null_price
20160514-I1-napoli-frosinone,null_price
20160514-I1-sassuolo-inter,null_price
20160514-SP1-ath_bilbao-sevilla,null_price
20160514-SP1-ath_madrid-celta,null_price
20160514-SP1-granada-barcelona,null_price
20160514-SP1-la_coruna-real_madrid,null_price
20160515-E0-arsenal-aston_villa,null_price
20160515-E0-chelsea-leicester,null_price
20160515-E0-everton-norwich,null_price
20160515-E0-newcastle-tottenham,null_price
20160515-E0-southampton-crystal_palace,null_price
20160515-E0-stoke-west_ham,null_price
20160515-E0-swansea-man_city,null_price
20160515-E0-watford-sunderland,null_price
20160515-E0-west_brom-liverpool,null_price
20160515-I1-chievo-bologna,null_price
20160515-I1-empoli-torino,null_price
20160515-I1-genoa-atalanta,null_price
20160515-I1-lazio-fiorentina,null_price
20160515-I1-palermo-verona,null_price
20160515-I1-udinese-carpi,null_price
20160515-SP1-betis-getafe,null_price
20160515-SP1-espanol-eibar,null_price
20160515-SP1-malaga-las_palmas,null_price
20160515-SP1-sp_gijon-villarreal,null_price
20160515-SP1-vallecano-levante,null_price
20160517-E0-man_united-bournemouth,null_price
20160805-E1-fulham-newcastle,null_price
20160806-E1-birmingham-cardiff,null_price
20160806-E1-blackburn-norwich,null_price
20160806-E1-bristol_city-wigan,null_price
20160806-E1-derby-brighton,null_price
20160806-E1-huddersfield-brentford,null_price
20160806-E1-ipswich-barnsley,null_price
20160806-E1-nott_m_forest-burton,null_price
20160806-E1-reading-preston,null_price
20160806-E1-rotherham-wolves,null_price
20160807-E1-qpr-leeds,null_price
20160807-E1-sheffield_weds-aston_villa,null_price
20160812-E1-brighton-nott_m_forest,null_price
20160812-F1-bastia-paris_sg,null_price
20160812-F1-monaco-guingamp,null_price
20160813-E0-burnley-swansea,null_price
20160813-E0-crystal_palace-west_brom,null_price
20160813-E0-everton-tottenham,null_price
20160813-E0-hull-leicester,null_price
20160813-E0-man_city-sunderland,null_price
20160813-E0-middlesbrough-stoke,null_price
20160813-E0-southampton-watford,null_price
20160813-E1-aston_villa-rotherham,null_price
20160813-E1-barnsley-derby,null_price
20160813-E1-brentford-ipswich,null_price
20160813-E1-burton-bristol_city,null_price
20160813-E1-leeds-birmingham,null_price
20160813-E1-newcastle-huddersfield,null_price
20160813-E1-norwich-sheffield_weds,null_price
20160813-E1-preston-fulham,null_price
20160813-E1-wigan-blackburn,null_price
20160813-E1-wolves-reading,null_price
20160813-F1-bordeaux-st_etienne,null_price
20160813-F1-caen-lorient,null_price
20160813-F1-dijon-nantes,null_price
20160813-F1-metz-lille,null_price
20160813-F1-montpellier-angers,null_price
20160814-E0-arsenal-liverpool,null_price
20160814-E0-bournemouth-man_united,null_price
20160814-E1-cardiff-qpr,null_price
20160814-F1-marseille-toulouse,null_price
20160814-F1-nancy-lyon,null_price
20160814-F1-nice-rennes,null_price
20160815-E0-chelsea-west_ham,null_price
20160816-E1-aston_villa-huddersfield,null_price
20160816-E1-brentford-nott_m_forest,null_price
20160816-E1-brighton-rotherham,null_price
20160816-E1-burton-sheffield_weds,null_price
20160816-E1-leeds-fulham,null_price
20160816-E1-norwich-bristol_city,null_price
20160816-E1-preston-derby,null_price
20160816-E1-wigan-birmingham,null_price
20160816-E1-wolves-ipswich,null_price
20160817-E1-barnsley-qpr,null_price
20160817-E1-cardiff-blackburn,null_price
20160817-E1-newcastle-reading,null_price
20160819-E0-man_united-southampton,null_price
20160819-F1-lyon-caen,null_price
20160819-SP1-la_coruna-eibar,null_price
20160819-SP1-malaga-osasuna,null_price
20160820-E0-burnley-liverpool,null_price
20160820-E0-leicester-arsenal,null_price
20160820-E0-stoke-man_city,null_price
20160820-E0-swansea-hull,null_price
20160820-E0-tottenham-crystal_palace,null_price
20160820-E0-watford-chelsea,null_price
20160820-E0-west_brom-everton,null_price
20160820-E1-birmingham-wolves,null_price
20160820-E1-blackburn-burton,null_price
20160820-E1-bristol_city-newcastle,null_price
20160820-E1-derby-aston_villa,null_price
20160820-E1-fulham-cardiff,null_price
20160820-E1-huddersfield-barnsley,null_price
20160820-E1-nott_m_forest-wigan,null_price
20160820-E1-qpr-preston,null_price
20160820-E1-reading-brighton,null_price
20160820-E1-rotherham-brentford,null_price
20160820-E1-sheffield_weds-leeds,null_price
20160820-F1-angers-nice,null_price
20160820-F1-lille-dijon,null_price
20160820-F1-lorient-bastia,null_price
20160820-F1-nantes-monaco,null_price
20160820-F1-rennes-nancy,null_price
20160820-F1-toulouse-bordeaux,null_price
20160820-I1-juventus-fiorentina,null_price
20160820-I1-roma-udinese,null_price
20160820-SP1-barcelona-betis,null_price
20160820-SP1-granada-villarreal,null_price
20160820-SP1-sevilla-espanol,null_price
20160821-E0-sunderland-middlesbrough,null_price
20160821-E0-west_ham-bournemouth,null_price
20160821-E1-ipswich-norwich,null_price
20160821-F1-guingamp-marseille,null_price
20160821-F1-paris_sg-metz,null_price
20160821-F1-st_etienne-montpellier,null_price
20160821-I1-atalanta-lazio,null_price
20160821-I1-bologna-crotone,null_price
20160821-I1-chievo-inter,null_price
20160821-I1-empoli-sampdoria,null_price
20160821-I1-genoa-cagliari,null_price
20160821-I1-milan-torino,null_price
20160821-I1-palermo-sassuolo,null_price
20160821-I1-pescara-napoli,null_price
20160821-SP1-ath_madrid-alaves,null_price
20160821-SP1-sociedad-real_madrid,null_price
20160821-SP1-sp_gijon-ath_bilbao,null_price
20160822-SP1-celta-leganes,null_price
20160822-SP1-valencia-las_palmas,null_price
20160826-D1-bayern_munich-werder_bremen,null_price
20160826-E1-burton-derby,null_price
20160826-F1-marseille-lorient,null_price
20160826-SP1-betis-la_coruna,null_price
20160826-SP1-espanol-malaga,null_price
20160827-D1-augsburg-wolfsburg,null_price
20160827-D1-dortmund-mainz,null_price
20160827-D1-ein_frankfurt-schalke_04,null_price
20160827-D1-fc_koln-darmstadt,null_price
20160827-D1-hamburg-ingolstadt,null_price
20160827-D1-m_gladbach-leverkusen,null_price
20160827-E0-chelsea-burnley,null_price
20160827-E0-crystal_palace-bournemouth,null_price
20160827-E0-everton-stoke,null_price
20160827-E0-hull-man_united,null_price
20160827-E0-leicester-swansea,null_price
20160827-E0-southampton-sunderland,null_price
20160827-E0-tottenham-liverpool,null_price
20160827-E0-watford-arsenal,null_price
20160827-E1-barnsley-rotherham,null_price
20160827-E1-birmingham-norwich,null_price
20160827-E1-blackburn-fulham,null_price
20160827-E1-brentford-sheffield_weds,null_price
20160827-E1-bristol_city-aston_villa,null_price
20160827-E1-cardiff-reading,null_price
20160827-E1-huddersfield-wolves,null_price
20160827-E1-ipswich-preston,null_price
20160827-E1-newcastle-brighton,null_price
20160827-E1-nott_m_forest-leeds,null_price
20160827-E1-wigan-qpr,null_price
20160827-F1-caen-bastia,null_price
20160827-F1-dijon-lyon,null_price
20160827-F1-metz-angers,null_price
20160827-F1-montpellier-rennes,null_price
20160827-F1-nancy-guingamp,null_price
20160827-F1-nice-lille,null_price
20160827-I1-lazio-juventus,null_price
20160827-I1-napoli-milan,null_price
20160827-SP1-eibar-valencia,null_price
20160827-SP1-leganes-ath_madrid,null_price
20160827-SP1-osasuna-sociedad,null_price
20160827-SP1-real_madrid-celta,null_price
20160828-D1-hertha-freiburg,null_price
20160828-D1-hoffenheim-rb_leipzig,null_price
20160828-E0-man_city-west_ham,null_price
20160828-E0-west_brom-middlesbrough,null_price
20160828-F1-bordeaux-nantes,null_price
20160828-F1-monaco-paris_sg,null_price
20160828-F1-st_etienne-toulouse,null_price
20160828-I1-cagliari-roma,null_price
20160828-I1-crotone-genoa,null_price
20160828-I1-fiorentina-chievo,null_price
20160828-I1-inter-palermo,null_price
20160828-I1-sampdoria-atalanta,null_price
20160828-I1-sassuolo-pescara,null_price
20160828-I1-torino-bologna,null_price
20160828-I1-udinese-empoli,null_price
20160828-SP1-alaves-sp_gijon,null_price
20160828-SP1-ath_bilbao-barcelona,null_price
20160828-SP1-las_palmas-granada,null_price
20160828-SP1-villarreal-sevilla,null_price
20160909-D1-schalke_04-bayern_munich,null_price
20160909-E1-reading-ipswich,null_price
20160909-F1-paris_sg-st_etienne,null_price
20160909-SP1-sociedad-espanol,null_price
20160910-D1-darmstadt-ein_frankfurt,null_price
20160910-D1-freiburg-m_gladbach,null_price
20160910-D1-ingolstadt-hertha,null_price
20160910-D1-leverkusen-hamburg,null_price
20160910-D1-rb_leipzig-dortmund,null_price
20160910-D1-wolfsburg-fc_koln,null_price
20160910-E0-arsenal-southampton,null_price
20160910-E0-bournemouth-west_brom,null_price
20160910-E0-burnley-hull,null_price
20160910-E0-liverpool-leicester,null_price
20160910-E0-man_united-man_city,null_price
20160910-E0-middlesbrough-crystal_palace,null_price
20160910-E0-stoke-tottenham,null_price
20160910-E0-west_ham-watford,null_price
20160910-E1-brighton-brentford,null_price
20160910-E1-derby-newcastle,null_price
20160910-E1-fulham-birmingham,null_price
20160910-E1-leeds-huddersfield,null_price
20160910-E1-norwich-cardiff,null_price
20160910-E1-preston-barnsley,null_price
20160910-E1-qpr-blackburn,null_price
20160910-E1-rotherham-bristol_city,null_price
20160910-E1-sheffield_weds-wigan,null_price
20160910-E1-wolves-burton,null_price
20160910-F1-angers-dijon,null_price
20160910-F1-bastia-toulouse,null_price
20160910-F1-guingamp-montpellier,null_price
20160910-F1-lille-monaco,null_price
20160910-F1-lorient-nancy,null_price
20160910-F1-lyon-bordeaux,null_price
20160910-I1-juventus-sassuolo,null_price
20160910-I1-palermo-napoli,null_price
20160910-SP1-barcelona-alaves,null_price
20160910-SP1-celta-ath_madrid,null_price
20160910-SP1-malaga-villarreal,null_price
20160910-SP1-real_madrid-osasuna,null_price
20160910-SP1-sevilla-las_palmas,null_price
20160911-D1-mainz-hoffenheim,null_price
20160911-D1-werder_bremen-augsburg,null_price
20160911-E0-swansea-chelsea,null_price
20160911-E1-aston_villa-nott_m_forest,null_price
20160911-F1-nantes-metz,null_price
20160911-F1-nice-marseille,null_price
20160911-F1-rennes-caen,null_price
20160911-I1-atalanta-torino,null_price
20160911-I1-bologna-cagliari,null_price
20160911-I1-chievo-lazio,null_price
20160911-I1-milan-udinese,null_price
20160911-I1-pescara-inter,null_price
20160911-I1-roma-sampdoria,null_price
20160911-SP1-granada-eibar,null_price
20160911-SP1-la_coruna-ath_bilbao,null_price
20160911-SP1-sp_gijon-leganes,null_price
20160911-SP1-valencia-betis,null_price
20160912-E0-sunderland-everton,null_price
20160912-I1-empoli-crotone,null_price
20160913-E1-brighton-huddersfield,null_price
20160913-E1-derby-ipswich,null_price
20160913-E1-fulham-burton,null_price
20160913-E1-leeds-blackburn,null_price
20160913-E1-norwich-wigan,null_price
20160913-E1-preston-cardiff,null_price
20160913-E1-qpr-newcastle,null_price
20160913-E1-reading-birmingham,null_price
20160913-E1-sheffield_weds-bristol_city,null_price
20160913-E1-wolves-barnsley,null_price
20160914-E1-aston_villa-brentford,null_price
20160914-E1-rotherham-nott_m_forest,null_price
20160916-D1-fc_koln-freiburg,null_price
20160916-E0-chelsea-liverpool,null_price
20160916-F1-caen-paris_sg,null_price
20160916-I1-sampdoria-milan,null_price
20160916-SP1-betis-granada,null_price
20160917-D1-bayern_munich-ingolstadt,null_price
20160917-D1-dortmund-darmstadt,null_price
20160917-D1-ein_frankfurt-leverkusen,null_price
20160917-D1-hamburg-rb_leipzig,null_price
20160917-D1-hoffenheim-wolfsburg,null_price
20160917-D1-m_gladbach-werder_bremen,null_price
20160917-E0-everton-middlesbrough,null_price
20160917-E0-hull-arsenal,null_price
20160917-E0-leicester-burnley,null_price
20160917-E0-man_city-bournemouth,null_price
20160917-E0-west_brom-west_ham,null_price
20160917-E1-barnsley-reading,null_price
20160917-E1-birmingham-sheffield_weds,null_price
20160917-E1-blackburn-rotherham,null_price
20160917-E1-brentford-preston,null_price
20160917-E1-bristol_city-derby,null_price
20160917-E1-burton-brighton,null_price
20160917-E1-cardiff-leeds,null_price
20160917-E1-huddersfield-qpr,null_price
20160917-E1-ipswich-aston_villa,null_price
20160917-E1-newcastle-wolves,null_price
20160917-E1-nott_m_forest-norwich,null_price
20160917-E1-wigan-fulham,null_price
20160917-F1-bordeaux-angers,null_price
20160917-F1-dijon-metz,null_price
20160917-F1-lorient-lille,null_price
20160917-F1-monaco-rennes,null_price
20160917-F1-nancy-nantes,null_price
20160917-F1-toulouse-guingamp,null_price
20160917-I1-lazio-pescara,null_price
20160917-I1-napoli-bologna,null_price
20160917-SP1-ath_madrid-sp_gijon,null_price
20160917-SP1-eibar-sevilla,null_price
20160917-SP1-las_palmas-malaga,null_price
20160917-SP1-leganes-barcelona,null_price
20160918-D1-augsburg-mainz,null_price
20160918-D1-hertha-schalke_04,null_price
20160918-E0-crystal_palace-stoke,null_price
20160918-E0-southampton-swansea,null_price
20160918-E0-tottenham-sunderland,null_price
20160918-E0-watford-man_united,null_price
20160918-F1-marseille-lyon,null_price
20160918-F1-montpellier-nice,null_price
20160918-F1-st_etienne-bastia,null_price
20160918-I1-cagliari-atalanta,null_price
20160918-I1-crotone-palermo,null_price
20160918-I1-fiorentina-roma,null_price
20160918-I1-inter-juventus,null_price
20160918-I1-sassuolo-genoa,null_price
20160918-I1-torino-empoli,null_price
20160918-I1-udinese-chievo,null_price
20160918-SP1-ath_bilbao-valencia,null_price
20160918-SP1-espanol-real_madrid,null_price
20160918-SP1-osasuna-celta,null_price
20160918-SP1-villarreal-sociedad,null_price
20160919-SP1-alaves-la_coruna,null_price
20160920-D1-darmstadt-hoffenheim,null_price
20160920-D1-freiburg-hamburg,null_price
20160920-D1-ingolstadt-ein_frankfurt,null_price
20160920-D1-wolfsburg-dortmund,null_price
20160920-F1-lille-toulouse,null_price
20160920-F1-paris_sg-dijon,null_price
20160920-I1-milan-lazio,null_price
20160920-SP1-malaga-eibar,null_price
20160920-SP1-sevilla-betis,null_price
20160921-D1-bayern_munich-hertha,null_price
20160921-D1-leverkusen-augsburg,null_price
20160921-D1-rb_leipzig-m_gladbach,null_price
20160921-D1-schalke_04-fc_koln,null_price
20160921-D1-werder_bremen-mainz,null_price
20160921-F1-angers-caen,null_price
20160921-F1-bastia-nancy,null_price
20160921-F1-guingamp-lorient,null_price
20160921-F1-lyon-montpellier,null_price
20160921-F1-metz-bordeaux,null_price
20160921-F1-nantes-st_etienne,null_price
20160921-F1-nice-monaco,null_price
20160921-F1-rennes-marseille,null_price
20160921-I1-atalanta-palermo,null_price
20160921-I1-bologna-sampdoria,null_price
20160921-I1-chievo-sassuolo,null_price
20160921-I1-empoli-inter,null_price
20160921-I1-genoa-napoli,null_price
20160921-I1-juventus-cagliari,null_price
20160921-I1-pescara-torino,null_price
20160921-I1-roma-crotone,null_price
20160921-I1-udinese-fiorentina,null_price
20160921-SP1-barcelona-ath_madrid,null_price
20160921-SP1-celta-sp_gijon,null_price
20160921-SP1-granada-ath_bilbao,null_price
20160921-SP1-real_madrid-villarreal,null_price
20160921-SP1-sociedad-las_palmas,null_price
20160922-SP1-la_coruna-leganes,null_price
20160922-SP1-osasuna-espanol,null_price
20160922-SP1-valencia-alaves,null_price
20160923-D1-dortmund-freiburg,null_price
20160923-E1-preston-wigan,null_price
20160923-F1-toulouse-paris_sg,null_price
20160923-SP1-betis-malaga,null_price
20160924-D1-augsburg-darmstadt,null_price
20160924-D1-ein_frankfurt-hertha,null_price
20160924-D1-hamburg-bayern_munich,null_price
20160924-D1-m_gladbach-ingolstadt,null_price
20160924-D1-mainz-leverkusen,null_price
20160924-D1-werder_bremen-wolfsburg,null_price
20160924-E0-arsenal-chelsea,null_price
20160924-E0-bournemouth-everton,null_price
20160924-E0-liverpool-hull,null_price
20160924-E0-man_united-leicester,null_price
20160924-E0-middlesbrough-tottenham,null_price
20160924-E0-stoke-west_brom,null_price
20160924-E0-sunderland-crystal_palace,null_price
20160924-E0-swansea-man_city,null_price
20160924-E1-aston_villa-newcastle,null_price
20160924-E1-brighton-barnsley,null_price
20160924-E1-derby-blackburn,null_price
20160924-E1-fulham-bristol_city,null_price
20160924-E1-leeds-ipswich,null_price
20160924-E1-norwich-burton,null_price
20160924-E1-qpr-birmingham,null_price
20160924-E1-reading-huddersfield,null_price
20160924-E1-rotherham-cardiff,null_price
20160924-E1-sheffield_weds-nott_m_forest,null_price
20160924-E1-wolves-brentford,null_price
20160924-F1-bastia-guingamp,null_price
20160924-F1-bordeaux-caen,null_price
20160924-F1-dijon-rennes,null_price
20160924-F1-lorient-lyon,null_price
20160924-F1-monaco-angers,null_price
20160924-F1-montpellier-metz,null_price
20160924-I1-napoli-chievo,null_price
20160924-I1-palermo-juventus,null_price
20160924-SP1-ath_bilbao-sevilla,null_price
20160924-SP1-eibar-sociedad,null_price
20160924-SP1-las_palmas-real_madrid,null_price
20160924-SP1-sp_gijon-barcelona,null_price
20160925-D1-fc_koln-rb_leipzig,null_price
20160925-D1-hoffenheim-schalke_04,null_price
20160925-E0-west_ham-southampton,null_price
20160925-F1-marseille-nantes,null_price
20160925-F1-nancy-nice,null_price
20160925-F1-st_etienne-lille,null_price
20160925-I1-fiorentina-milan,null_price
20160925-I1-genoa-pescara,null_price
20160925-I1-inter-bologna,null_price
20160925-I1-lazio-empoli,null_price
20160925-I1-sassuolo-udinese,null_price
20160925-I1-torino-roma,null_price
20160925-SP1-ath_madrid-la_coruna,null_price
20160925-SP1-espanol-celta,null_price
20160925-SP1-leganes-valencia,null_price
20160925-SP1-villarreal-osasuna,null_price
20160926-E0-burnley-watford,null_price
20160926-I1-cagliari-sampdoria,null_price
20160926-I1-crotone-atalanta,null_price
20160926-SP1-alaves-granada,null_price
20160927-E1-barnsley-aston_villa,null_price
20160927-E1-birmingham-preston,null_price
20160927-E1-blackburn-sheffield_weds,null_price
20160927-E1-brentford-reading,null_price
20160927-E1-bristol_city-leeds,null_price
20160927-E1-burton-qpr,null_price
20160927-E1-cardiff-derby,null_price
20160927-E1-huddersfield-rotherham,null_price
20160927-E1-ipswich-brighton,null_price
20160927-E1-nott_m_forest-fulham,null_price
20160927-E1-wigan-wolves,null_price
20160928-E1-newcastle-norwich,null_price
20160930-D1-rb_leipzig-augsburg,null_price
20160930-E0-everton-crystal_palace,null_price
20160930-F1-rennes-guingamp,null_price
20160930-SP1-sociedad-betis,null_price
20161001-D1-bayern_munich-fc_koln,null_price
20161001-D1-darmstadt-werder_bremen,null_price
20161001-D1-freiburg-ein_frankfurt,null_price
20161001-D1-hertha-hamburg,null_price
20161001-D1-ingolstadt-hoffenheim,null_price
20161001-D1-leverkusen-dortmund,null_price
20161001-E0-hull-chelsea,null_price
20161001-E0-sunderland-west_brom,null_price
20161001-E0-swansea-liverpool,null_price
20161001-E0-watford-bournemouth,null_price
20161001-E0-west_ham-middlesbrough,null_price
20161001-E1-birmingham-blackburn,null_price
20161001-E1-brentford-wigan,null_price
20161001-E1-bristol_city-nott_m_forest,null_price
20161001-E1-burton-cardiff,null_price
20161001-E1-fulham-qpr,null_price
20161001-E1-ipswich-huddersfield,null_price
20161001-E1-leeds-barnsley,null_price
20161001-E1-preston-aston_villa,null_price
20161001-E1-reading-derby,null_price
20161001-E1-rotherham-newcastle,null_price
20161001-E1-sheffield_weds-brighton,null_price
20161001-E1-wolves-norwich,null_price
20161001-F1-caen-toulouse,null_price
20161001-F1-dijon-montpellier,null_price
20161001-F1-lille-nancy,null_price
20161001-F1-metz-monaco,null_price
20161001-F1-nantes-bastia,null_price
20161001-F1-paris_sg-bordeaux,null_price
20161001-I1-pescara-chievo,null_price
20161001-I1-udinese-lazio,null_price
20161001-SP1-granada-leganes,null_price
20161001-SP1-la_coruna-sp_gijon,null_price
20161001-SP1-osasuna-las_palmas,null_price
20161001-SP1-sevilla-alaves,null_price
20161002-D1-schalke_04-m_gladbach,null_price
20161002-D1-wolfsburg-mainz,null_price
20161002-E0-burnley-arsenal,null_price
20161002-E0-leicester-southampton,null_price
20161002-E0-man_united-stoke,null_price
20161002-E0-tottenham-man_city,null_price
20161002-F1-angers-marseille,null_price
20161002-F1-lyon-st_etienne,null_price
20161002-F1-nice-lorient,null_price
20161002-I1-atalanta-napoli,null_price
20161002-I1-bologna-genoa,null_price
20161002-I1-cagliari-crotone,null_price
20161002-I1-empoli-juventus,null_price
20161002-I1-milan-sassuolo,null_price
20161002-I1-roma-inter,null_price
20161002-I1-sampdoria-palermo,null_price
20161002-I1-torino-fiorentina,null_price
20161002-SP1-celta-barcelona,null_price
20161002-SP1-espanol-villarreal,null_price
20161002-SP1-malaga-ath_bilbao,null_price
20161002-SP1-real_madrid-eibar,null_price
20161002-SP1-valencia-ath_madrid,null_price
20161014-D1-dortmund-hertha,null_price
20161014-E1-cardiff-bristol_city,null_price
20161014-E1-nott_m_forest-birmingham,null_price
20161014-F1-nice-lyon,null_price
20161014-F1-toulouse-monaco,null_price
20161014-SP1-las_palmas-espanol,null_price
20161015-D1-augsburg-schalke_04,null_price
20161015-D1-ein_frankfurt-bayern_munich,null_price
20161015-D1-fc_koln-ingolstadt,null_price
20161015-D1-hoffenheim-freiburg,null_price
20161015-D1-m_gladbach-hamburg,null_price
20161015-D1-werder_bremen-leverkusen,null_price
20161015-E0-arsenal-swansea,null_price
20161015-E0-bournemouth-hull,null_price
20161015-E0-chelsea-leicester,null_price
20161015-E0-crystal_palace-west_ham,null_price
20161015-E0-man_city-everton,null_price
20161015-E0-stoke-sunderland,null_price
20161015-E0-west_brom-tottenham,null_price
20161015-E1-aston_villa-wolves,null_price
20161015-E1-barnsley-fulham,null_price
20161015-E1-blackburn-ipswich,null_price
20161015-E1-brighton-preston,null_price
20161015-E1-derby-leeds,null_price
20161015-E1-newcastle-brentford,null_price
20161015-E1-norwich-rotherham,null_price
20161015-E1-qpr-reading,null_price
20161015-E1-wigan-burton,null_price
20161015-F1-bastia-angers,null_price
20161015-F1-guingamp-lille,null_price
20161015-F1-lorient-nantes,null_price
20161015-F1-montpellier-caen,null_price
20161015-F1-nancy-paris_sg,null_price
20161015-I1-juventus-udinese,null_price
20161015-I1-napoli-roma,null_price
20161015-I1-pescara-sampdoria,null_price
20161015-SP1-ath_madrid-granada,null_price
20161015-SP1-barcelona-la_coruna,null_price
20161015-SP1-betis-real_madrid,null_price
20161015-SP1-leganes-sevilla,null_price
20161016-D1-mainz-darmstadt,null_price
20161016-D1-wolfsburg-rb_leipzig,null_price
20161016-E0-middlesbrough-watford,null_price
20161016-E0-southampton-burnley,null_price
20161016-E1-huddersfield-sheffield_weds,null_price
20161016-F1-marseille-metz,null_price
20161016-F1-rennes-bordeaux,null_price
20161016-F1-st_etienne-dijon,null_price
20161016-I1-chievo-milan,null_price
20161016-I1-fiorentina-atalanta,null_price
20161016-I1-genoa-empoli,null_price
20161016-I1-inter-cagliari,null_price
20161016-I1-lazio-bologna,null_price
20161016-I1-sassuolo-crotone,null_price
20161016-SP1-alaves-malaga,null_price
20161016-SP1-ath_bilbao-sociedad,null_price
20161016-SP1-sp_gijon-valencia,null_price
20161016-SP1-villarreal-celta,null_price
20161017-E0-liverpool-man_united,null_price
20161017-I1-palermo-torino,null_price
20161017-SP1-eibar-osasuna,null_price
20161018-E1-barnsley-newcastle,null_price
20161018-E1-birmingham-rotherham,null_price
20161018-E1-blackburn-nott_m_forest,null_price
20161018-E1-brighton-wolves,null_price
20161018-E1-derby-brentford,null_price
20161018-E1-fulham-norwich,null_price
20161018-E1-ipswich-burton,null_price
20161018-E1-leeds-wigan,null_price
20161018-E1-qpr-bristol_city,null_price
20161018-E1-reading-aston_villa,null_price
20161019-E1-cardiff-sheffield_weds,null_price
20161019-E1-preston-huddersfield,null_price
20161021-D1-hamburg-ein_frankfurt,null_price
20161021-E1-burton-birmingham,null_price
20161021-F1-monaco-montpellier,null_price
20161021-SP1-osasuna-betis,null_price
20161022-D1-bayern_munich-m_gladbach,null_price
20161022-D1-darmstadt-wolfsburg,null_price
20161022-D1-freiburg-augsburg,null_price
20161022-D1-hertha-fc_koln,null_price
20161022-D1-ingolstadt-dortmund,null_price
20161022-D1-leverkusen-hoffenheim,null_price
20161022-E0-arsenal-middlesbrough,null_price
20161022-E0-bournemouth-tottenham,null_price
20161022-E0-burnley-everton,null_price
20161022-E0-hull-stoke,null_price
20161022-E0-leicester-crystal_palace,null_price
20161022-E0-liverpool-west_brom,null_price
20161022-E0-swansea-watford,null_price
20161022-E0-west_ham-sunderland,null_price
20161022-E1-aston_villa-fulham,null_price
20161022-E1-brentford-barnsley,null_price
20161022-E1-bristol_city-blackburn,null_price
20161022-E1-huddersfield-derby,null_price
20161022-E1-newcastle-ipswich,null_price
20161022-E1-norwich-preston,null_price
20161022-E1-nott_m_forest-cardiff,null_price
20161022-E1-rotherham-reading,null_price
20161022-E1-sheffield_weds-qpr,null_price
20161022-E1-wigan-brighton,null_price
20161022-E1-wolves-leeds,null_price
20161022-F1-angers-toulouse,null_price
20161022-F1-bordeaux-nancy,null_price
20161022-F1-dijon-lorient,null_price
20161022-F1-lille-bastia,null_price
20161022-F1-lyon-guingamp,null_price
20161022-F1-nantes-rennes,null_price
20161022-I1-milan-juventus,null_price
20161022-I1-sampdoria-genoa,null_price
20161022-SP1-espanol-eibar,null_price
20161022-SP1-granada-sp_gijon,null_price
20161022-SP1-sociedad-alaves,null_price
20161022-SP1-valencia-barcelona,null_price
20161023-D1-rb_leipzig-werder_bremen,null_price
20161023-D1-schalke_04-mainz,null_price
20161023-E0-chelsea-man_united,null_price
20161023-E0-man_city-southampton,null_price
20161023-F1-caen-st_etienne,null_price
20161023-F1-metz-nice,null_price
20161023-F1-paris_sg-marseille,null_price
20161023-I1-atalanta-inter,null_price
20161023-I1-bologna-sassuolo,null_price
20161023-I1-cagliari-fiorentina,null_price
20161023-I1-crotone-napoli,null_price
20161023-I1-empoli-chievo,null_price
20161023-I1-roma-palermo,null_price
20161023-I1-torino-lazio,null_price
20161023-I1-udinese-pescara,null_price
20161023-SP1-celta-la_coruna,null_price
20161023-SP1-malaga-leganes,null_price
20161023-SP1-real_madrid-ath_bilbao,null_price
20161023-SP1-sevilla-ath_madrid,null_price
20161023-SP1-villarreal-las_palmas,null_price
20161025-I1-genoa-milan,null_price
20161026-I1-chievo-bologna,null_price
20161026-I1-fiorentina-crotone,null_price
20161026-I1-inter-torino,null_price
20161026-I1-juventus-sampdoria,null_price
20161026-I1-lazio-cagliari,null_price
20161026-I1-napoli-empoli,null_price
20161026-I1-pescara-atalanta,null_price
20161026-I1-sassuolo-roma,null_price
20161027-I1-palermo-udinese,null_price
20161028-D1-m_gladbach-ein_frankfurt,null_price
20161028-E1-qpr-brentford,null_price
20161028-F1-lille-paris_sg,null_price
20161028-SP1-leganes-sociedad,null_price
20161029-D1-augsburg-bayern_munich,null_price
20161029-D1-darmstadt-rb_leipzig,null_price
20161029-D1-dortmund-schalke_04,null_price
20161029-D1-mainz-ingolstadt,null_price
20161029-D1-werder_bremen-freiburg,null_price
20161029-D1-wolfsburg-leverkusen,null_price
20161029-E0-crystal_palace-liverpool,null_price
20161029-E0-man_united-burnley,null_price
20161029-E0-middlesbrough-bournemouth,null_price
20161029-E0-sunderland-arsenal,null_price
20161029-E0-tottenham-leicester,null_price
20161029-E0-watford-hull,null_price
20161029-E0-west_brom-man_city,null_price
20161029-E1-barnsley-bristol_city,null_price
20161029-E1-blackburn-wolves,null_price
20161029-E1-brighton-norwich,null_price
20161029-E1-cardiff-wigan,null_price
20161029-E1-derby-sheffield_weds,null_price
20161029-E1-fulham-huddersfield,null_price
20161029-E1-ipswich-rotherham,null_price
20161029-E1-leeds-burton,null_price
20161029-E1-preston-newcastle,null_price
20161029-E1-reading-nott_m_forest,null_price
20161029-F1-bastia-dijon,null_price
20161029-F1-guingamp-angers,null_price
20161029-F1-lorient-montpellier,null_price
20161029-F1-nancy-caen,null_price
20161029-F1-st_etienne-monaco,null_price
20161029-F1-toulouse-lyon,null_price
20161029-I1-bologna-fiorentina,null_price
20161029-I1-juventus-napoli,null_price
20161029-SP1-alaves-real_madrid,null_price
20161029-SP1-ath_madrid-malaga,null_price
20161029-SP1-barcelona-granada,null_price
20161029-SP1-sp_gijon-sevilla,null_price
20161030-D1-fc_koln-hamburg,null_price
20161030-D1-hoffenheim-hertha,null_price
20161030-E0-everton-west_ham,null_price
20161030-E0-southampton-chelsea,null_price
20161030-E1-birmingham-aston_villa,null_price
20161030-F1-marseille-bordeaux,null_price
20161030-F1-nice-nantes,null_price
20161030-F1-rennes-metz,null_price
20161030-I1-atalanta-genoa,null_price
20161030-I1-crotone-chievo,null_price
20161030-I1-empoli-roma,null_price
20161030-I1-lazio-sassuolo,null_price
20161030-I1-milan-pescara,null_price
20161030-I1-sampdoria-inter,null_price
20161030-SP1-ath_bilbao-osasuna,null_price
20161030-SP1-betis-espanol,null_price
20161030-SP1-eibar-villarreal,null_price
20161030-SP1-las_palmas-celta,null_price
20161031-E0-stoke-swansea,null_price
20161031-I1-cagliari-palermo,null_price
20161031-I1-udinese-torino,null_price
20161031-SP1-la_coruna-valencia,null_price
20161104-D1-hertha-m_gladbach,null_price
20161104-E1-brentford-fulham,null_price
20161104-F1-montpellier-marseille,null_price
20161104-SP1-malaga-sp_gijon,null_price
20161105-D1-bayern_munich-hoffenheim,null_price
20161105-D1-ein_frankfurt-fc_koln,null_price
20161105-D1-freiburg-wolfsburg,null_price
20161105-D1-hamburg-dortmund,null_price
20161105-D1-ingolstadt-augsburg,null_price
20161105-D1-leverkusen-darmstadt,null_price
20161105-E0-bournemouth-sunderland,null_price
20161105-E0-burnley-crystal_palace,null_price
20161105-E0-chelsea-everton,null_price
20161105-E0-man_city-middlesbrough,null_price
20161105-E0-west_ham-stoke,null_price
20161105-E1-aston_villa-blackburn,null_price
20161105-E1-bristol_city-brighton,null_price
20161105-E1-burton-barnsley,null_price
20161105-E1-huddersfield-birmingham,null_price
20161105-E1-newcastle-cardiff,null_price
20161105-E1-norwich-leeds,null_price
20161105-E1-nott_m_forest-qpr,null_price
20161105-E1-rotherham-preston,null_price
20161105-E1-sheffield_weds-ipswich,null_price
20161105-E1-wigan-reading,null_price
20161105-E1-wolves-derby,null_price
20161105-F1-angers-lille,null_price
20161105-F1-bordeaux-lorient,null_price
20161105-F1-dijon-guingamp,null_price
20161105-F1-lyon-bastia,null_price
20161105-F1-monaco-nancy,null_price
20161105-F1-nantes-toulouse,null_price
20161105-I1-napoli-lazio,null_price
20161105-I1-torino-cagliari,null_price
20161105-SP1-granada-la_coruna,null_price
20161105-SP1-las_palmas-eibar,null_price
20161105-SP1-osasuna-alaves,null_price
20161105-SP1-sociedad-ath_madrid,null_price
20161106-D1-rb_leipzig-mainz,null_price
20161106-D1-schalke_04-werder_bremen,null_price
20161106-E0-arsenal-tottenham,null_price
20161106-E0-hull-southampton,null_price
20161106-E0-leicester-west_brom,null_price
20161106-E0-liverpool-watford,null_price
20161106-E0-swansea-man_united,null_price
20161106-F1-caen-nice,null_price
20161106-F1-metz-st_etienne,null_price
20161106-F1-paris_sg-rennes,null_price
20161106-I1-chievo-juventus,null_price
20161106-I1-fiorentina-sampdoria,null_price
20161106-I1-genoa-udinese,null_price
20161106-I1-inter-crotone,null_price
20161106-I1-palermo-milan,null_price
20161106-I1-pescara-empoli,null_price
20161106-I1-roma-bologna,null_price
20161106-I1-sassuolo-atalanta,null_price
20161106-SP1-celta-valencia,null_price
20161106-SP1-espanol-ath_bilbao,null_price
20161106-SP1-real_madrid-leganes,null_price
20161106-SP1-sevilla-barcelona,null_price
20161106-SP1-villarreal-betis,null_price
20161118-D1-leverkusen-rb_leipzig,null_price
20161118-E1-brighton-aston_villa,null_price
20161118-F1-lille-lyon,null_price
20161118-F1-lorient-monaco,null_price
20161118-SP1-betis-las_palmas,null_price
20161119-D1-augsburg-hertha,null_price
20161119-D1-darmstadt-ingolstadt,null_price
20161119-D1-dortmund-bayern_munich,null_price
20161119-D1-m_gladbach-fc_koln,null_price
20161119-D1-mainz-freiburg,null_price
20161119-D1-wolfsburg-schalke_04,null_price
20161119-E0-crystal_palace-man_city,null_price
20161119-E0-everton-swansea,null_price
20161119-E0-man_united-arsenal,null_price
20161119-E0-southampton-liverpool,null_price
20161119-E0-stoke-bournemouth,null_price
20161119-E0-sunderland-hull,null_price
20161119-E0-tottenham-west_ham,null_price
20161119-E0-watford-leicester,null_price
20161119-E1-barnsley-wigan,null_price
20161119-E1-birmingham-bristol_city,null_price
20161119-E1-blackburn-brentford,null_price
20161119-E1-cardiff-huddersfield,null_price
20161119-E1-derby-rotherham,null_price
20161119-E1-fulham-sheffield_weds,null_price
20161119-E1-ipswich-nott_m_forest,null_price
20161119-E1-preston-wolves,null_price
20161119-E1-qpr-norwich,null_price
20161119-E1-reading-burton,null_price
20161119-F1-bastia-montpellier,null_price
20161119-F1-nancy-dijon,null_price
20161119-F1-paris_sg-nantes,null_price
20161119-F1-rennes-angers,null_price
20161119-F1-toulouse-metz,null_price
20161119-I1-chievo-cagliari,null_price
20161119-I1-juventus-pescara,null_price
20161119-I1-udinese-napoli,null_price
20161119-SP1-ath_madrid-real_madrid,null_price
20161119-SP1-barcelona-malaga,null_price
20161119-SP1-eibar-celta,null_price
20161119-SP1-la_coruna-sevilla,null_price
20161120-D1-hoffenheim-hamburg,null_price
20161120-D1-werder_bremen-ein_frankfurt,null_price
20161120-E0-middlesbrough-chelsea,null_price
20161120-E1-leeds-newcastle,null_price
20161120-F1-guingamp-bordeaux,null_price
20161120-F1-marseille-caen,null_price
20161120-F1-st_etienne-nice,null_price
20161120-I1-atalanta-roma,null_price
20161120-I1-bologna-palermo,null_price
20161120-I1-crotone-torino,null_price
20161120-I1-empoli-fiorentina,null_price
20161120-I1-lazio-genoa,null_price
20161120-I1-milan-inter,null_price
20161120-I1-sampdoria-sassuolo,null_price
20161120-SP1-alaves-espanol,null_price
20161120-SP1-ath_bilbao-villarreal,null_price
20161120-SP1-sp_gijon-sociedad,null_price
20161120-SP1-valencia-granada,null_price
20161121-E0-west_brom-burnley,null_price
20161121-SP1-leganes-osasuna,null_price
20161125-D1-freiburg-rb_leipzig,null_price
20161125-E1-barnsley-nott_m_forest,null_price
20161125-F1-rennes-toulouse,null_price
20161125-SP1-eibar-betis,null_price
20161126-D1-bayern_munich-leverkusen,null_price
20161126-D1-ein_frankfurt-dortmund,null_price
20161126-D1-fc_koln-augsburg,null_price
20161126-D1-hamburg-werder_bremen,null_price
20161126-D1-ingolstadt-wolfsburg,null_price
20161126-D1-m_gladbach-hoffenheim,null_price
20161126-E0-burnley-man_city,null_price
20161126-E0-chelsea-tottenham,null_price
20161126-E0-hull-west_brom,null_price
20161126-E0-leicester-middlesbrough,null_price
20161126-E0-liverpool-sunderland,null_price
20161126-E0-swansea-crystal_palace,null_price
20161126-E1-aston_villa-cardiff,null_price
20161126-E1-brentford-birmingham,null_price
20161126-E1-brighton-fulham,null_price
20161126-E1-derby-norwich,null_price
20161126-E1-ipswich-qpr,null_price
20161126-E1-newcastle-blackburn,null_price
20161126-E1-preston-burton,null_price
20161126-E1-reading-bristol_city,null_price
20161126-E1-rotherham-leeds,null_price
20161126-E1-wolves-sheffield_weds,null_price
20161126-F1-bordeaux-dijon,null_price
20161126-F1-caen-guingamp,null_price
20161126-F1-metz-lorient,null_price
20161126-F1-monaco-marseille,null_price
20161126-F1-montpellier-nancy,null_price
20161126-F1-nantes-lille,null_price
20161126-I1-empoli-milan,null_price
20161126-I1-torino-chievo,null_price
20161126-SP1-espanol-leganes,null_price
20161126-SP1-malaga-la_coruna,null_price
20161126-SP1-real_madrid-sp_gijon,null_price
20161126-SP1-sevilla-valencia,null_price
20161127-D1-hertha-mainz,null_price
20161127-D1-schalke_04-darmstadt,null_price
20161127-E0-arsenal-bournemouth,null_price
20161127-E0-man_united-west_ham,null_price
20161127-E0-southampton-everton,null_price
20161127-E0-watford-stoke,null_price
20161127-F1-angers-st_etienne,null_price
20161127-F1-lyon-paris_sg,null_price
20161127-F1-nice-bastia,null_price
20161127-I1-bologna-atalanta,null_price
20161127-I1-cagliari-udinese,null_price
20161127-I1-crotone-sampdoria,null_price
20161127-I1-genoa-juventus,null_price
20161127-I1-palermo-lazio,null_price
20161127-I1-roma-pescara,null_price
20161127-SP1-celta-granada,null_price
20161127-SP1-osasuna-ath_madrid,null_price
20161127-SP1-sociedad-barcelona,null_price
20161127-SP1-villarreal-alaves,null_price
20161128-E1-huddersfield-wigan,null_price
20161128-I1-inter-fiorentina,null_price
20161128-I1-napoli-sassuolo,null_price
20161128-SP1-las_palmas-ath_bilbao,null_price
20161129-F1-dijon-monaco,null_price
20161129-F1-lille-caen,null_price
20161129-F1-lorient-rennes,null_price
20161130-F1-bastia-bordeaux,null_price
20161130-F1-guingamp-nice,null_price
20161130-F1-nancy-metz,null_price
20161130-F1-nantes-lyon,null_price
20161130-F1-paris_sg-angers,null_price
20161130-F1-st_etienne-marseille,null_price
20161130-F1-toulouse-montpellier,null_price
20161201-E1-qpr-wolves,null_price
20161202-D1-mainz-bayern_munich,null_price
20161202-E1-nott_m_forest-newcastle,null_price
20161202-F1-caen-dijon,null_price
20161202-I1-napoli-inter,null_price
20161203-D1-dortmund-m_gladbach,null_price
20161203-D1-hoffenheim-fc_koln,null_price
20161203-D1-leverkusen-freiburg,null_price
20161203-D1-rb_leipzig-schalke_04,null_price
20161203-D1-werder_bremen-ingolstadt,null_price
20161203-D1-wolfsburg-hertha,null_price
20161203-E0-crystal_palace-southampton,null_price
20161203-E0-man_city-chelsea,null_price
20161203-E0-stoke-burnley,null_price
20161203-E0-sunderland-leicester,null_price
20161203-E0-tottenham-swansea,null_price
20161203-E0-west_brom-watford,null_price
20161203-E0-west_ham-arsenal,null_price
20161203-E1-birmingham-barnsley,null_price
20161203-E1-blackburn-huddersfield,null_price
20161203-E1-bristol_city-ipswich,null_price
20161203-E1-burton-rotherham,null_price
20161203-E1-cardiff-brighton,null_price
20161203-E1-fulham-reading,null_price
20161203-E1-leeds-aston_villa,null_price
20161203-E1-norwich-brentford,null_price
20161203-E1-sheffield_weds-preston,null_price
20161203-E1-wigan-derby,null_price
20161203-F1-angers-lorient,null_price
20161203-F1-bordeaux-lille,null_price
20161203-F1-guingamp-nantes,null_price
20161203-F1-monaco-bastia,null_price
20161203-F1-montpellier-paris_sg,null_price
20161203-I1-juventus-atalanta,null_price
20161203-SP1-ath_madrid-espanol,null_price
20161203-SP1-barcelona-real_madrid,null_price
20161203-SP1-granada-sevilla,null_price
20161203-SP1-leganes-villarreal,null_price
20161204-D1-augsburg-ein_frankfurt,null_price
20161204-D1-darmstadt-hamburg,null_price
20161204-E0-bournemouth-liverpool,null_price
20161204-E0-everton-man_united,null_price
20161204-F1-marseille-nancy,null_price
20161204-F1-nice-toulouse,null_price
20161204-F1-rennes-st_etienne,null_price
20161204-I1-fiorentina-palermo,null_price
20161204-I1-lazio-roma,null_price
20161204-I1-milan-crotone,null_price
20161204-I1-pescara-cagliari,null_price
20161204-I1-sampdoria-torino,null_price
20161204-I1-sassuolo-empoli,null_price
20161204-SP1-alaves-las_palmas,null_price
20161204-SP1-ath_bilbao-eibar,null_price
20161204-SP1-betis-celta,null_price
20161204-SP1-sp_gijon-osasuna,null_price
20161204-SP1-valencia-malaga,null_price
20161205-E0-middlesbrough-hull,null_price
20161205-I1-chievo-genoa,null_price
20161205-I1-udinese-bologna,null_price
20161205-SP1-la_coruna-sociedad,null_price
20161209-D1-ein_frankfurt-hoffenheim,null_price
20161209-E1-brighton-leeds,null_price
20161209-SP1-malaga-granada,null_price
20161210-D1-bayern_munich-wolfsburg,null_price
20161210-D1-fc_koln-dortmund,null_price
20161210-D1-freiburg-darmstadt,null_price
20161210-D1-hamburg-augsburg,null_price
20161210-D1-hertha-werder_bremen,null_price
20161210-D1-ingolstadt-rb_leipzig,null_price
20161210-E0-arsenal-stoke,null_price
20161210-E0-burnley-bournemouth,null_price
20161210-E0-hull-crystal_palace,null_price
20161210-E0-leicester-man_city,null_price
20161210-E0-swansea-sunderland,null_price
20161210-E0-watford-everton,null_price
20161210-E1-aston_villa-wigan,null_price
20161210-E1-barnsley-norwich,null_price
20161210-E1-brentford-burton,null_price
20161210-E1-huddersfield-bristol_city,null_price
20161210-E1-ipswich-cardiff,null_price
20161210-E1-newcastle-birmingham,null_price
20161210-E1-preston-blackburn,null_price
20161210-E1-reading-sheffield_weds,null_price
20161210-E1-rotherham-qpr,null_price
20161210-E1-wolves-fulham,null_price
20161210-F1-bastia-metz,null_price
20161210-F1-bordeaux-monaco,null_price
20161210-F1-dijon-marseille,null_price
20161210-F1-lille-montpellier,null_price
20161210-F1-nancy-angers,null_price
20161210-F1-toulouse-lorient,null_price
20161210-I1-crotone-pescara,null_price
20161210-I1-sampdoria-lazio,null_price
20161210-SP1-las_palmas-leganes,null_price
20161210-SP1-osasuna-barcelona,null_price
20161210-SP1-real_madrid-la_coruna,null_price
20161210-SP1-sociedad-valencia,null_price
20161211-D1-m_gladbach-mainz,null_price
20161211-D1-schalke_04-leverkusen,null_price
20161211-E0-chelsea-west_brom,null_price
20161211-E0-liverpool-west_ham,null_price
20161211-E0-man_united-tottenham,null_price
20161211-E0-southampton-middlesbrough,null_price
20161211-E1-derby-nott_m_forest,null_price
20161211-F1-lyon-rennes,null_price
20161211-F1-paris_sg-nice,null_price
20161211-F1-st_etienne-guingamp,null_price
20161211-I1-atalanta-udinese,null_price
20161211-I1-bologna-empoli,null_price
20161211-I1-cagliari-napoli,null_price
20161211-I1-inter-genoa,null_price
20161211-I1-palermo-chievo,null_price
20161211-I1-torino-juventus,null_price
20161211-SP1-betis-ath_bilbao,null_price
20161211-SP1-celta-sevilla,null_price
20161211-SP1-eibar-alaves,null_price
20161211-SP1-espanol-sp_gijon,null_price
20161212-I1-fiorentina-sassuolo,null_price
20161212-I1-roma-milan,null_price
20161212-SP1-villarreal-ath_madrid,null_price
20161213-E0-bournemouth-leicester,null_price
20161213-E0-everton-arsenal,null_price
20161213-E1-birmingham-ipswich,null_price
20161213-E1-blackburn-brighton,null_price
20161213-E1-bristol_city-brentford,null_price
20161213-E1-burton-huddersfield,null_price
20161213-E1-cardiff-wolves,null_price
20161213-E1-fulham-rotherham,null_price
20161213-E1-leeds-reading,null_price
20161213-E1-norwich-aston_villa,null_price
20161213-E1-sheffield_weds-barnsley,null_price
20161214-E0-crystal_palace-man_united,null_price
20161214-E0-man_city-watford,null_price
20161214-E0-middlesbrough-liverpool,null_price
20161214-E0-stoke-southampton,null_price
20161214-E0-sunderland-chelsea,null_price
20161214-E0-tottenham-hull,null_price
20161214-E0-west_brom-swansea,null_price
20161214-E0-west_ham-burnley,null_price
20161214-E1-nott_m_forest-preston,null_price
20161214-E1-qpr-derby,null_price
20161214-E1-wigan-newcastle,null_price
20161215-I1-genoa-fiorentina,null_price
20161216-D1-hoffenheim-dortmund,null_price
20161216-E1-norwich-huddersfield,null_price
20161216-F1-angers-nantes,null_price
20161216-SP1-alaves-betis,null_price
20161217-D1-augsburg-m_gladbach,null_price
20161217-D1-mainz-hamburg,null_price
20161217-D1-rb_leipzig-hertha,null_price
20161217-D1-schalke_04-freiburg,null_price
20161217-D1-werder_bremen-fc_koln,null_price
20161217-D1-wolfsburg-ein_frankfurt,null_price
20161217-E0-crystal_palace-chelsea,null_price
20161217-E0-middlesbrough-swansea,null_price
20161217-E0-stoke-leicester,null_price
20161217-E0-sunderland-watford,null_price
20161217-E0-west_brom-man_united,null_price
20161217-E0-west_ham-hull,null_price
20161217-E1-birmingham-brighton,null_price
20161217-E1-blackburn-reading,null_price
20161217-E1-bristol_city-preston,null_price
20161217-E1-burton-newcastle,null_price
20161217-E1-cardiff-barnsley,null_price
20161217-E1-fulham-derby,null_price
20161217-E1-leeds-brentford,null_price
20161217-E1-nott_m_forest-wolves,null_price
20161217-E1-sheffield_weds-rotherham,null_price
20161217-E1-wigan-ipswich,null_price
20161217-F1-guingamp-paris_sg,null_price
20161217-F1-lorient-st_etienne,null_price
20161217-F1-montpellier-bordeaux,null_price
20161217-F1-rennes-bastia,null_price
20161217-F1-toulouse-nancy,null_price
20161217-I1-empoli-cagliari,null_price
20161217-I1-juventus-roma,null_price
20161217-I1-milan-atalanta,null_price
20161217-SP1-ath_madrid-las_palmas,null_price
20161217-SP1-granada-sociedad,null_price
20161217-SP1-sevilla-malaga,null_price
20161217-SP1-sp_gijon-villarreal,null_price
20161218-D1-darmstadt-bayern_munich,null_price
20161218-D1-leverkusen-ingolstadt,null_price
20161218-E0-bournemouth-southampton,null_price
20161218-E0-man_city-arsenal,null_price
20161218-E0-tottenham-burnley,null_price
20161218-E1-qpr-aston_villa,null_price
20161218-F1-caen-metz,null_price
20161218-F1-marseille-lille,null_price
20161218-F1-monaco-lyon,null_price
20161218-F1-nice-dijon,null_price
20161218-I1-chievo-sampdoria,null_price
20161218-I1-genoa-palermo,null_price
20161218-I1-lazio-fiorentina,null_price
20161218-I1-napoli-torino,null_price
20161218-I1-pescara-bologna,null_price
20161218-I1-sassuolo-inter,null_price
20161218-I1-udinese-crotone,null_price
20161218-SP1-barcelona-espanol,null_price
20161218-SP1-la_coruna-osasuna,null_price
20161218-SP1-leganes-eibar,null_price
20161219-E0-everton-liverpool,null_price
20161219-SP1-ath_bilbao-celta,null_price
20161220-D1-dortmund-augsburg,null_price
20161220-D1-ein_frankfurt-mainz,null_price
20161220-D1-hamburg-schalke_04,null_price
20161220-D1-m_gladbach-wolfsburg,null_price
20161220-I1-atalanta-empoli,null_price
20161221-D1-bayern_munich-rb_leipzig,null_price
20161221-D1-fc_koln-leverkusen,null_price
20161221-D1-hertha-darmstadt,null_price
20161221-D1-hoffenheim-werder_bremen,null_price
20161221-D1-ingolstadt-freiburg,null_price
20161221-F1-bastia-marseille,null_price
20161221-F1-bordeaux-nice,null_price
20161221-F1-dijon-toulouse,null_price
20161221-F1-lille-rennes,null_price
20161221-F1-lyon-angers,null_price
20161221-F1-metz-guingamp,null_price
20161221-F1-monaco-caen,null_price
20161221-F1-nantes-montpellier,null_price
20161221-F1-paris_sg-lorient,null_price
20161221-F1-st_etienne-nancy,null_price
20161221-I1-inter-lazio,null_price
20161222-I1-cagliari-sassuolo,null_price
20161222-I1-fiorentina-napoli,null_price
20161222-I1-palermo-pescara,null_price
20161222-I1-roma-chievo,null_price
20161222-I1-sampdoria-udinese,null_price
20161222-I1-torino-genoa,null_price
20161226-E0-arsenal-west_brom,null_price
20161226-E0-burnley-middlesbrough,null_price
20161226-E0-chelsea-bournemouth,null_price
20161226-E0-hull-man_city,null_price
20161226-E0-leicester-everton,null_price
20161226-E0-man_united-sunderland,null_price
20161226-E0-swansea-west_ham,null_price
20161226-E0-watford-crystal_palace,null_price
20161226-E1-aston_villa-burton,null_price
20161226-E1-barnsley-blackburn,null_price
20161226-E1-brentford-cardiff,null_price
20161226-E1-huddersfield-nott_m_forest,null_price
20161226-E1-ipswich-fulham,null_price
20161226-E1-newcastle-sheffield_weds,null_price
20161226-E1-preston-leeds,null_price
20161226-E1-reading-norwich,null_price
20161226-E1-rotherham-wigan,null_price
20161226-E1-wolves-bristol_city,null_price
20161227-E0-liverpool-stoke,null_price
20161227-E1-brighton-qpr,null_price
20161227-E1-derby-birmingham,null_price
20161228-E0-southampton-tottenham,null_price
20161229-E1-aston_villa-leeds,null_price
20161229-E1-rotherham-burton,null_price
20161230-E0-hull-everton,null_price
20161230-E1-ipswich-bristol_city,null_price
20161230-E1-newcastle-nott_m_forest,null_price
20161231-E0-burnley-sunderland,null_price
20161231-E0-chelsea-stoke,null_price
20161231-E0-leicester-west_ham,null_price
20161231-E0-liverpool-man_city,null_price
20161231-E0-man_united-middlesbrough,null_price
20161231-E0-southampton-west_brom,null_price
20161231-E0-swansea-bournemouth,null_price
20161231-E1-barnsley-birmingham,null_price
20161231-E1-brentford-norwich,null_price
20161231-E1-derby-wigan,null_price
20161231-E1-huddersfield-blackburn,null_price
20161231-E1-preston-sheffield_weds,null_price
20161231-E1-wolves-qpr,null_price
20170101-E0-arsenal-crystal_palace,null_price
20170101-E0-watford-tottenham,null_price
20170102-E0-everton-southampton,null_price
20170102-E0-man_city-burnley,null_price
20170102-E0-middlesbrough-leicester,null_price
20170102-E0-sunderland-liverpool,null_price
20170102-E0-west_brom-hull,null_price
20170102-E0-west_ham-man_united,null_price
20170102-E1-birmingham-brentford,null_price
20170102-E1-blackburn-newcastle,null_price
20170102-E1-bristol_city-reading,null_price
20170102-E1-burton-preston,null_price
20170102-E1-cardiff-aston_villa,null_price
20170102-E1-fulham-brighton,null_price
20170102-E1-leeds-rotherham,null_price
20170102-E1-norwich-derby,null_price
20170102-E1-nott_m_forest-barnsley,null_price
20170102-E1-qpr-ipswich,null_price
20170102-E1-sheffield_weds-wolves,null_price
20170102-E1-wigan-huddersfield,null_price
20170103-E0-bournemouth-arsenal,null_price
20170103-E0-crystal_palace-swansea,null_price
20170103-E0-stoke-watford,null_price
20170104-E0-tottenham-chelsea,null_price
20170106-SP1-espanol-la_coruna,null_price
20170107-I1-empoli-palermo,null_price
20170107-I1-napoli-sampdoria,null_price
20170107-SP1-eibar-ath_madrid,null_price
20170107-SP1-las_palmas-sp_gijon,null_price
20170107-SP1-real_madrid-granada,null_price
20170107-SP1-sociedad-sevilla,null_price
20170108-I1-chievo-atalanta,null_price
20170108-I1-genoa-roma,null_price
20170108-I1-juventus-bologna,null_price
20170108-I1-lazio-crotone,null_price
20170108-I1-milan-cagliari,null_price
20170108-I1-sassuolo-torino,null_price
20170108-I1-udinese-inter,null_price
20170108-SP1-ath_bilbao-alaves,null_price
20170108-SP1-betis-leganes,null_price
20170108-SP1-celta-malaga,null_price
20170108-SP1-villarreal-barcelona,null_price
20170109-SP1-osasuna-valencia,null_price
20170112-E1-reading-qpr,null_price
20170113-E1-leeds-derby,null_price
20170113-F1-lille-st_etienne,null_price
20170114-E0-burnley-southampton,null_price
20170114-E0-hull-bournemouth,null_price
20170114-E0-leicester-chelsea,null_price
20170114-E0-sunderland-stoke,null_price
20170114-E0-swansea-arsenal,null_price
20170114-E0-tottenham-west_brom,null_price
20170114-E0-watford-middlesbrough,null_price
20170114-E0-west_ham-crystal_palace,null_price
20170114-E1-birmingham-nott_m_forest,null_price
20170114-E1-brentford-newcastle,null_price
20170114-E1-bristol_city-cardiff,null_price
20170114-E1-burton-wigan,null_price
20170114-E1-fulham-barnsley,null_price
20170114-E1-ipswich-blackburn,null_price
20170114-E1-preston-brighton,null_price
20170114-E1-rotherham-norwich,null_price
20170114-E1-sheffield_weds-huddersfield,null_price
20170114-E1-wolves-aston_villa,null_price
20170114-F1-angers-bordeaux,null_price
20170114-F1-lorient-guingamp,null_price
20170114-F1-montpellier-dijon,null_price
20170114-F1-nancy-bastia,null_price
20170114-F1-rennes-paris_sg,null_price
20170114-F1-toulouse-nantes,null_price
20170114-I1-crotone-bologna,null_price
20170114-I1-inter-chievo,null_price
20170114-SP1-ath_madrid-betis,null_price
20170114-SP1-barcelona-las_palmas,null_price
20170114-SP1-la_coruna-villarreal,null_price
20170114-SP1-leganes-ath_bilbao,null_price
20170115-E0-everton-man_city,null_price
20170115-E0-man_united-liverpool,null_price
20170115-F1-caen-lyon,null_price
20170115-F1-marseille-monaco,null_price
20170115-F1-nice-metz,null_price
20170115-I1-cagliari-genoa,null_price
20170115-I1-fiorentina-juventus,null_price
20170115-I1-lazio-atalanta,null_price
20170115-I1-napoli-pescara,null_price
20170115-I1-sampdoria-empoli,null_price
20170115-I1-sassuolo-palermo,null_price
20170115-I1-udinese-roma,null_price
20170115-SP1-celta-alaves,null_price
20170115-SP1-granada-osasuna,null_price
20170115-SP1-sevilla-real_madrid,null_price
20170115-SP1-sp_gijon-eibar,null_price
20170115-SP1-valencia-espanol,null_price
20170116-I1-torino-milan,null_price
20170116-SP1-malaga-sociedad,null_price
20170118-F1-nantes-caen,null_price
20170120-D1-freiburg-bayern_munich,null_price
20170120-E1-brighton-sheffield_weds,null_price
20170120-F1-bastia-nice,null_price
20170120-SP1-las_palmas-la_coruna,null_price
20170121-D1-augsburg-hoffenheim,null_price
20170121-D1-darmstadt-m_gladbach,null_price
20170121-D1-rb_leipzig-ein_frankfurt,null_price
20170121-D1-schalke_04-ingolstadt,null_price
20170121-D1-werder_bremen-dortmund,null_price
20170121-D1-wolfsburg-hamburg,null_price
20170121-E0-bournemouth-watford,null_price
20170121-E0-crystal_palace-everton,null_price
20170121-E0-liverpool-swansea,null_price
20170121-E0-man_city-tottenham,null_price
20170121-E0-middlesbrough-west_ham,null_price
20170121-E0-stoke-man_united,null_price
20170121-E0-west_brom-sunderland,null_price
20170121-E1-aston_villa-preston,null_price
20170121-E1-barnsley-leeds,null_price
20170121-E1-blackburn-birmingham,null_price
20170121-E1-cardiff-burton,null_price
20170121-E1-derby-reading,null_price
20170121-E1-huddersfield-ipswich,null_price
20170121-E1-newcastle-rotherham,null_price
20170121-E1-norwich-wolves,null_price
20170121-E1-nott_m_forest-bristol_city,null_price
20170121-E1-qpr-fulham,null_price
20170121-E1-wigan-brentford,null_price
20170121-F1-bordeaux-toulouse,null_price
20170121-F1-dijon-lille,null_price
20170121-F1-guingamp-rennes,null_price
20170121-F1-metz-montpellier,null_price
20170121-F1-nantes-paris_sg,null_price
20170121-I1-chievo-fiorentina,null_price
20170121-I1-milan-napoli,null_price
20170121-SP1-alaves-leganes,null_price
20170121-SP1-espanol-granada,null_price
20170121-SP1-real_madrid-malaga,null_price
20170121-SP1-villarreal-valencia,null_price
20170122-D1-leverkusen-hertha,null_price
20170122-D1-mainz-fc_koln,null_price
20170122-E0-arsenal-burnley,null_price
20170122-E0-chelsea-hull,null_price
20170122-E0-southampton-leicester,null_price
20170122-F1-lyon-marseille,null_price
20170122-F1-monaco-lorient,null_price
20170122-F1-st_etienne-angers,null_price
20170122-I1-atalanta-sampdoria,null_price
20170122-I1-bologna-torino,null_price
20170122-I1-empoli-udinese,null_price
20170122-I1-genoa-crotone,null_price
20170122-I1-juventus-lazio,null_price
20170122-I1-palermo-inter,null_price
20170122-I1-pescara-sassuolo,null_price
20170122-I1-roma-cagliari,null_price
20170122-SP1-ath_bilbao-ath_madrid,null_price
20170122-SP1-betis-sp_gijon,null_price
20170122-SP1-eibar-barcelona,null_price
20170122-SP1-osasuna-sevilla,null_price
20170122-SP1-sociedad-celta,null_price
20170124-E1-brighton-cardiff,null_price
20170124-E1-reading-fulham,null_price
20170125-E1-leeds-nott_m_forest,null_price
20170127-D1-schalke_04-ein_frankfurt,null_price
20170127-F1-marseille-montpellier,null_price
20170127-SP1-osasuna-malaga,null_price
20170128-D1-darmstadt-fc_koln,null_price
20170128-D1-ingolstadt-hamburg,null_price
20170128-D1-leverkusen-m_gladbach,null_price
20170128-D1-rb_leipzig-hoffenheim,null_price
20170128-D1-werder_bremen-bayern_munich,null_price
20170128-D1-wolfsburg-augsburg,null_price
20170128-E1-norwich-birmingham,null_price
20170128-E1-preston-ipswich,null_price
20170128-E1-qpr-burton,null_price
20170128-E1-reading-cardiff,null_price
20170128-E1-rotherham-barnsley,null_price
20170128-F1-angers-metz,null_price
20170128-F1-bastia-caen,null_price
20170128-F1-lorient-dijon,null_price
20170128-F1-lyon-lille,null_price
20170128-F1-nancy-bordeaux,null_price
20170128-F1-rennes-nantes,null_price
20170128-I1-inter-pescara,null_price
20170128-I1-lazio-chievo,null_price
20170128-SP1-alaves-ath_madrid,null_price
20170128-SP1-eibar-la_coruna,null_price
20170128-SP1-leganes-celta,null_price
20170128-SP1-villarreal-granada,null_price
20170129-D1-freiburg-hertha,null_price
20170129-D1-mainz-dortmund,null_price
20170129-F1-nice-guingamp,null_price
20170129-F1-paris_sg-monaco,null_price
20170129-F1-toulouse-st_etienne,null_price
20170129-I1-cagliari-bologna,null_price
20170129-I1-crotone-empoli,null_price
20170129-I1-fiorentina-genoa,null_price
20170129-I1-napoli-palermo,null_price
20170129-I1-sampdoria-roma,null_price
20170129-I1-sassuolo-juventus,null_price
20170129-I1-torino-atalanta,null_price
20170129-I1-udinese-milan,null_price
20170129-SP1-ath_bilbao-sp_gijon,null_price
20170129-SP1-betis-barcelona,null_price
20170129-SP1-espanol-sevilla,null_price
20170129-SP1-real_madrid-sociedad,null_price
20170130-SP1-las_palmas-valencia,null_price
20170131-E0-arsenal-watford,null_price
20170131-E0-bournemouth-crystal_palace,null_price
20170131-E0-burnley-leicester,null_price
20170131-E0-liverpool-chelsea,null_price
20170131-E0-middlesbrough-west_brom,null_price
20170131-E0-sunderland-tottenham,null_price
20170131-E0-swansea-southampton,null_price
20170131-E1-barnsley-wolves,null_price
20170131-E1-birmingham-reading,null_price
20170131-E1-brentford-aston_villa,null_price
20170131-E1-bristol_city-sheffield_weds,null_price
20170131-E1-cardiff-preston,null_price
20170131-E1-ipswich-derby,null_price
20170131-E1-nott_m_forest-rotherham,null_price
20170201-E0-man_united-hull,null_price
20170201-E0-stoke-everton,null_price
20170201-E0-west_ham-man_city,null_price
20170201-E1-blackburn-leeds,null_price
20170201-E1-burton-fulham,null_price
20170201-E1-newcastle-qpr,null_price
20170201-I1-pescara-fiorentina,null_price
20170202-E1-huddersfield-brighton,null_price
20170203-D1-hamburg-leverkusen,null_price
20170203-E1-wigan-sheffield_weds,null_price
20170203-F1-metz-marseille,null_price
20170204-D1-bayern_munich-schalke_04,null_price
20170204-D1-dortmund-rb_leipzig,null_price
20170204-D1-fc_koln-wolfsburg,null_price
20170204-D1-hertha-ingolstadt,null_price
20170204-D1-hoffenheim-mainz,null_price
20170204-D1-m_gladbach-freiburg,null_price
20170204-E0-chelsea-arsenal,null_price
20170204-E0-crystal_palace-sunderland,null_price
20170204-E0-everton-bournemouth,null_price
20170204-E0-hull-liverpool,null_price
20170204-E0-southampton-west_ham,null_price
20170204-E0-tottenham-middlesbrough,null_price
20170204-E0-watford-burnley,null_price
20170204-E0-west_brom-stoke,null_price
20170204-E1-barnsley-preston,null_price
20170204-E1-birmingham-fulham,null_price
20170204-E1-blackburn-qpr,null_price
20170204-E1-bristol_city-rotherham,null_price
20170204-E1-burton-wolves,null_price
20170204-E1-cardiff-norwich,null_price
20170204-E1-ipswich-reading,null_price
20170204-E1-newcastle-derby,null_price
20170204-E1-nott_m_forest-aston_villa,null_price
20170204-F1-bordeaux-rennes,null_price
20170204-F1-dijon-paris_sg,null_price
20170204-F1-guingamp-caen,null_price
20170204-F1-lille-lorient,null_price
20170204-F1-monaco-nice,null_price
20170204-F1-montpellier-bastia,null_price
20170204-I1-bologna-napoli,null_price
20170204-SP1-ath_madrid-leganes,null_price
20170204-SP1-barcelona-ath_bilbao,null_price
20170204-SP1-malaga-espanol,null_price
20170204-SP1-valencia-eibar,null_price
20170205-D1-augsburg-werder_bremen,null_price
20170205-D1-ein_frankfurt-darmstadt,null_price
20170205-E0-leicester-man_united,null_price
20170205-E0-man_city-swansea,null_price
20170205-E1-brentford-brighton,null_price
20170205-E1-huddersfield-leeds,null_price
20170205-F1-nantes-nancy,null_price
20170205-F1-st_etienne-lyon,null_price
20170205-F1-toulouse-angers,null_price
20170205-I1-atalanta-cagliari,null_price
20170205-I1-chievo-udinese,null_price
20170205-I1-empoli-torino,null_price
20170205-I1-genoa-sassuolo,null_price
20170205-I1-juventus-inter,null_price
20170205-I1-milan-sampdoria,null_price
20170205-I1-palermo-crotone,null_price
20170205-I1-pescara-lazio,null_price
20170205-SP1-sevilla-villarreal,null_price
20170205-SP1-sociedad-osasuna,null_price
20170205-SP1-sp_gijon-alaves,null_price
20170206-SP1-granada-las_palmas,null_price
20170207-E1-wigan-norwich,null_price
20170207-F1-caen-bordeaux,null_price
20170207-F1-montpellier-monaco,null_price
20170207-F1-paris_sg-lille,null_price
20170207-I1-roma-fiorentina,null_price
20170208-F1-angers-rennes,null_price
20170208-F1-lorient-toulouse,null_price
20170208-F1-lyon-nancy,null_price
20170208-F1-marseille-guingamp,null_price
20170208-F1-metz-dijon,null_price
20170208-F1-nice-st_etienne,null_price
20170208-I1-bologna-milan,null_price
20170208-I1-crotone-juventus,null_price
20170210-D1-mainz-augsburg,null_price
20170210-E1-sheffield_weds-birmingham,null_price
20170210-F1-bordeaux-paris_sg,null_price
20170210-I1-napoli-genoa,null_price
20170210-SP1-espanol-sociedad,null_price
20170211-D1-darmstadt-dortmund,null_price
20170211-D1-ingolstadt-bayern_munich,null_price
20170211-D1-leverkusen-ein_frankfurt,null_price
20170211-D1-rb_leipzig-hamburg,null_price
20170211-D1-schalke_04-hertha,null_price
20170211-D1-werder_bremen-m_gladbach,null_price
20170211-E0-arsenal-hull,null_price
20170211-E0-liverpool-tottenham,null_price
20170211-E0-man_united-watford,null_price
20170211-E0-middlesbrough-everton,null_price
20170211-E0-stoke-crystal_palace,null_price
20170211-E0-sunderland-southampton,null_price
20170211-E0-west_ham-west_brom,null_price
20170211-E1-aston_villa-ipswich,null_price
20170211-E1-brighton-burton,null_price
20170211-E1-derby-bristol_city,null_price
20170211-E1-fulham-wigan,null_price
20170211-E1-leeds-cardiff,null_price
20170211-E1-norwich-nott_m_forest,null_price
20170211-E1-preston-brentford,null_price
20170211-E1-qpr-huddersfield,null_price
20170211-E1-reading-barnsley,null_price
20170211-E1-rotherham-blackburn,null_price
20170211-E1-wolves-newcastle,null_price
20170211-F1-dijon-caen,null_price
20170211-F1-guingamp-lyon,null_price
20170211-F1-lille-angers,null_price
20170211-F1-monaco-metz,null_price
20170211-F1-nancy-montpellier,null_price
20170211-F1-toulouse-bastia,null_price
20170211-I1-fiorentina-udinese,null_price
20170211-SP1-alaves-barcelona,null_price
20170211-SP1-ath_bilbao-la_coruna,null_price
20170211-SP1-betis-valencia,null_price
20170211-SP1-osasuna-real_madrid,null_price
20170212-D1-freiburg-fc_koln,null_price
20170212-D1-wolfsburg-hoffenheim,null_price
20170212-E0-burnley-chelsea,null_price
20170212-E0-swansea-leicester,null_price
20170212-F1-nantes-marseille,null_price
20170212-F1-rennes-nice,null_price
20170212-F1-st_etienne-lorient,null_price
20170212-I1-cagliari-juventus,null_price
20170212-I1-crotone-roma,null_price
20170212-I1-inter-empoli,null_price
20170212-I1-palermo-atalanta,null_price
20170212-I1-sampdoria-bologna,null_price
20170212-I1-sassuolo-chievo,null_price
20170212-I1-torino-pescara,null_price
20170212-SP1-ath_madrid-celta,null_price
20170212-SP1-las_palmas-sevilla,null_price
20170212-SP1-leganes-sp_gijon,null_price
20170212-SP1-villarreal-malaga,null_price
20170213-E0-bournemouth-man_city,null_price
20170213-I1-lazio-milan,null_price
20170213-SP1-eibar-granada,null_price
20170214-E1-aston_villa-barnsley,null_price
20170214-E1-brighton-ipswich,null_price
20170214-E1-derby-cardiff,null_price
20170214-E1-fulham-nott_m_forest,null_price
20170214-E1-leeds-bristol_city,null_price
20170214-E1-norwich-newcastle,null_price
20170214-E1-preston-birmingham,null_price
20170214-E1-reading-brentford,null_price
20170214-E1-rotherham-huddersfield,null_price
20170214-E1-sheffield_weds-blackburn,null_price
20170214-E1-wolves-wigan,null_price
20170217-D1-augsburg-leverkusen,null_price
20170217-F1-bastia-monaco,null_price
20170217-I1-juventus-palermo,null_price
20170217-SP1-granada-betis,null_price
20170218-D1-dortmund-wolfsburg,null_price
20170218-D1-ein_frankfurt-ingolstadt,null_price
20170218-D1-hamburg-freiburg,null_price
20170218-D1-hertha-bayern_munich,null_price
20170218-D1-hoffenheim-darmstadt,null_price
20170218-D1-mainz-werder_bremen,null_price
20170218-E1-barnsley-brighton,null_price
20170218-E1-birmingham-qpr,null_price
20170218-E1-burton-norwich,null_price
20170218-E1-cardiff-rotherham,null_price
20170218-E1-ipswich-leeds,null_price
20170218-E1-nott_m_forest-sheffield_weds,null_price
20170218-E1-wigan-preston,null_price
20170218-F1-angers-nancy,null_price
20170218-F1-caen-lille,null_price
20170218-F1-lorient-nice,null_price
20170218-F1-marseille-rennes,null_price
20170218-F1-metz-nantes,null_price
20170218-I1-atalanta-crotone,null_price
20170218-I1-empoli-lazio,null_price
20170218-SP1-la_coruna-alaves,null_price
20170218-SP1-real_madrid-espanol,null_price
20170218-SP1-sevilla-eibar,null_price
20170218-SP1-sp_gijon-ath_madrid,null_price
20170219-D1-fc_koln-schalke_04,null_price
20170219-D1-m_gladbach-rb_leipzig,null_price
20170219-F1-bordeaux-guingamp,null_price
20170219-F1-lyon-dijon,null_price
20170219-F1-montpellier-st_etienne,null_price
20170219-F1-paris_sg-toulouse,null_price
20170219-I1-bologna-inter,null_price
20170219-I1-chievo-napoli,null_price
20170219-I1-milan-fiorentina,null_price
20170219-I1-pescara-genoa,null_price
20170219-I1-roma-torino,null_price
20170219-I1-sampdoria-cagliari,null_price
20170219-I1-udinese-sassuolo,null_price
20170219-SP1-barcelona-leganes,null_price
20170219-SP1-celta-osasuna,null_price
20170219-SP1-sociedad-villarreal,null_price
20170219-SP1-valencia-ath_bilbao,null_price
20170220-E1-newcastle-aston_villa,null_price
20170220-SP1-malaga-las_palmas,null_price
20170221-E1-derby-burton,null_price
20170221-E1-huddersfield-reading,null_price
20170221-E1-qpr-wigan,null_price
20170221-E1-sheffield_weds-brentford,null_price
20170221-F1-caen-nancy,null_price
20170222-E1-bristol_city-fulham,null_price
20170222-SP1-valencia-real_madrid,null_price
20170224-D1-wolfsburg-werder_bremen,null_price
20170224-E1-burton-blackburn,null_price
20170224-E1-wolves-birmingham,null_price
20170224-F1-nantes-dijon,null_price
20170224-F1-nice-montpellier,null_price
20170224-SP1-las_palmas-sociedad,null_price
20170225-D1-bayern_munich-hamburg,null_price
20170225-D1-darmstadt-augsburg,null_price
20170225-D1-freiburg-dortmund,null_price
20170225-D1-hertha-ein_frankfurt,null_price
20170225-D1-leverkusen-mainz,null_price
20170225-D1-rb_leipzig-fc_koln,null_price
20170225-E0-chelsea-swansea,null_price
20170225-E0-crystal_palace-middlesbrough,null_price
20170225-E0-everton-sunderland,null_price
20170225-E0-hull-burnley,null_price
20170225-E0-watford-west_ham,null_price
20170225-E0-west_brom-bournemouth,null_price
20170225-E1-aston_villa-derby,null_price
20170225-E1-barnsley-huddersfield,null_price
20170225-E1-brentford-rotherham,null_price
20170225-E1-brighton-reading,null_price
20170225-E1-cardiff-fulham,null_price
20170225-E1-leeds-sheffield_weds,null_price
20170225-E1-newcastle-bristol_city,null_price
20170225-E1-preston-qpr,null_price
20170225-E1-wigan-nott_m_forest,null_price
20170225-F1-angers-bastia,null_price
20170225-F1-guingamp-monaco,null_price
20170225-F1-lille-bordeaux,null_price
20170225-F1-nancy-toulouse,null_price
20170225-F1-rennes-lorient,null_price
20170225-I1-juventus-empoli,null_price
20170225-I1-napoli-atalanta,null_price
20170225-SP1-alaves-valencia,null_price
20170225-SP1-betis-sevilla,null_price
20170225-SP1-eibar-malaga,null_price
20170225-SP1-leganes-la_coruna,null_price
20170226-D1-ingolstadt-m_gladbach,null_price
20170226-D1-schalke_04-hoffenheim,null_price
20170226-E0-tottenham-stoke,null_price
20170226-E1-norwich-ipswich,null_price
20170226-F1-lyon-metz,null_price
20170226-F1-marseille-paris_sg,null_price
20170226-F1-st_etienne-caen,null_price
20170226-I1-chievo-pescara,null_price
20170226-I1-crotone-cagliari,null_price
20170226-I1-genoa-bologna,null_price
20170226-I1-inter-roma,null_price
20170226-I1-lazio-udinese,null_price
20170226-I1-palermo-sampdoria,null_price
20170226-I1-sassuolo-milan,null_price
20170226-SP1-ath_bilbao-granada,null_price
20170226-SP1-ath_madrid-barcelona,null_price
20170226-SP1-espanol-osasuna,null_price
20170226-SP1-sp_gijon-celta,null_price
20170226-SP1-villarreal-real_madrid,null_price
20170227-E0-leicester-liverpool,null_price
20170227-I1-fiorentina-torino,null_price
20170228-E1-aston_villa-bristol_city,null_price
20170228-E1-blackburn-derby,null_price
20170228-E1-brighton-newcastle,null_price
20170228-SP1-malaga-betis,null_price
20170228-SP1-sociedad-eibar,null_price
20170228-SP1-valencia-leganes,null_price
20170301-F1-bastia-nantes,null_price
20170301-SP1-barcelona-sp_gijon,null_price
20170301-SP1-celta-espanol,null_price
20170301-SP1-granada-alaves,null_price
20170301-SP1-osasuna-villarreal,null_price
20170301-SP1-real_madrid-las_palmas,null_price
20170302-SP1-la_coruna-ath_madrid,null_price
20170302-SP1-sevilla-ath_bilbao,null_price
20170303-D1-augsburg-rb_leipzig,null_price
20170303-E1-birmingham-leeds,null_price
20170303-F1-bordeaux-lyon,null_price
20170303-SP1-betis-sociedad,null_price
20170304-D1-dortmund-leverkusen,null_price
20170304-D1-fc_koln-bayern_munich,null_price
20170304-D1-hoffenheim-ingolstadt,null_price
20170304-D1-m_gladbach-schalke_04,null_price
20170304-D1-mainz-wolfsburg,null_price
20170304-D1-werder_bremen-darmstadt,null_price
20170304-E0-leicester-hull,null_price
20170304-E0-liverpool-arsenal,null_price
20170304-E0-man_united-bournemouth,null_price
20170304-E0-stoke-middlesbrough,null_price
20170304-E0-swansea-burnley,null_price
20170304-E0-watford-southampton,null_price
20170304-E0-west_brom-crystal_palace,null_price
20170304-E1-blackburn-wigan,null_price
20170304-E1-bristol_city-burton,null_price
20170304-E1-derby-barnsley,null_price
20170304-E1-fulham-preston,null_price
20170304-E1-huddersfield-newcastle,null_price
20170304-E1-ipswich-brentford,null_price
20170304-E1-nott_m_forest-brighton,null_price
20170304-E1-qpr-cardiff,null_price
20170304-E1-reading-wolves,null_price
20170304-E1-rotherham-aston_villa,null_price
20170304-E1-sheffield_weds-norwich,null_price
20170304-F1-bastia-st_etienne,null_price
20170304-F1-caen-angers,null_price
20170304-F1-dijon-nice,null_price
20170304-F1-metz-rennes,null_price
20170304-F1-montpellier-guingamp,null_price
20170304-F1-paris_sg-nancy,null_price
20170304-I1-milan-chievo,null_price
20170304-I1-roma-napoli,null_price
20170304-I1-sampdoria-pescara,null_price
20170304-SP1-barcelona-celta,null_price
20170304-SP1-eibar-real_madrid,null_price
20170304-SP1-leganes-granada,null_price
20170304-SP1-villarreal-espanol,null_price
20170305-D1-ein_frankfurt-freiburg,null_price
20170305-D1-hamburg-hertha,null_price
20170305-E0-sunderland-man_city,null_price
20170305-E0-tottenham-everton,null_price
20170305-F1-lorient-marseille,null_price
20170305-F1-monaco-nantes,null_price
20170305-F1-toulouse-lille,null_price
20170305-I1-atalanta-fiorentina,null_price
20170305-I1-bologna-lazio,null_price
20170305-I1-cagliari-inter,null_price
20170305-I1-crotone-sassuolo,null_price
20170305-I1-empoli-genoa,null_price
20170305-I1-torino-palermo,null_price
20170305-I1-udinese-juventus,null_price
20170305-SP1-ath_bilbao-malaga,null_price
20170305-SP1-ath_madrid-valencia,null_price
20170305-SP1-las_palmas-osasuna,null_price
20170305-SP1-sp_gijon-la_coruna,null_price
20170306-E0-west_ham-chelsea,null_price
20170306-SP1-alaves-sevilla,null_price
20170307-E1-birmingham-wigan,null_price
20170307-E1-blackburn-cardiff,null_price
20170307-E1-bristol_city-norwich,null_price
20170307-E1-derby-preston,null_price
20170307-E1-fulham-leeds,null_price
20170307-E1-huddersfield-aston_villa,null_price
20170307-E1-ipswich-wolves,null_price
20170307-E1-nott_m_forest-brentford,null_price
20170307-E1-qpr-barnsley,null_price
20170307-E1-reading-newcastle,null_price
20170307-E1-rotherham-brighton,null_price
20170307-E1-sheffield_weds-burton,null_price
20170308-E0-man_city-stoke,null_price
20170308-SP1-la_coruna-betis,null_price
20170310-D1-leverkusen-werder_bremen,null_price
20170310-E1-brighton-derby,null_price
20170310-F1-marseille-angers,null_price
20170310-F1-nice-caen,null_price
20170310-I1-juventus-milan,null_price
20170310-SP1-espanol-las_palmas,null_price
20170311-D1-bayern_munich-ein_frankfurt,null_price
20170311-D1-darmstadt-mainz,null_price
20170311-D1-freiburg-hoffenheim,null_price
20170311-D1-hertha-dortmund,null_price
20170311-D1-ingolstadt-fc_koln,null_price
20170311-D1-rb_leipzig-wolfsburg,null_price
20170311-E0-bournemouth-west_ham,null_price
20170311-E0-everton-west_brom,null_price
20170311-E0-hull-swansea,null_price
20170311-E1-aston_villa-sheffield_weds,null_price
20170311-E1-barnsley-ipswich,null_price
20170311-E1-brentford-huddersfield,null_price
20170311-E1-burton-nott_m_forest,null_price
20170311-E1-cardiff-birmingham,null_price
20170311-E1-leeds-qpr,null_price
20170311-E1-newcastle-fulham,null_price
20170311-E1-norwich-blackburn,null_price
20170311-E1-preston-reading,null_price
20170311-E1-wigan-bristol_city,null_price
20170311-E1-wolves-rotherham,null_price
20170311-F1-guingamp-bastia,null_price
20170311-F1-monaco-bordeaux,null_price
20170311-F1-montpellier-nantes,null_price
20170311-F1-nancy-lille,null_price
20170311-F1-rennes-dijon,null_price
20170311-I1-genoa-sampdoria,null_price
20170311-SP1-granada-ath_madrid,null_price
20170311-SP1-malaga-alaves,null_price
20170311-SP1-sevilla-leganes,null_price
20170311-SP1-valencia-sp_gijon,null_price
20170312-D1-hamburg-m_gladbach,null_price
20170312-D1-schalke_04-augsburg,null_price
20170312-E0-liverpool-burnley,null_price
20170312-F1-lorient-paris_sg,null_price
20170312-F1-lyon-toulouse,null_price
20170312-F1-st_etienne-metz,null_price
20170312-I1-chievo-empoli,null_price
20170312-I1-fiorentina-cagliari,null_price
20170312-I1-inter-atalanta,null_price
20170312-I1-napoli-crotone,null_price
20170312-I1-palermo-roma,null_price
20170312-I1-pescara-udinese,null_price
20170312-I1-sassuolo-bologna,null_price
20170312-SP1-celta-villarreal,null_price
20170312-SP1-la_coruna-barcelona,null_price
20170312-SP1-real_madrid-betis,null_price
20170312-SP1-sociedad-ath_bilbao,null_price
20170313-I1-lazio-torino,null_price
20170313-SP1-osasuna-eibar,null_price
20170314-E1-brentford-wolves,null_price
20170314-E1-fulham-blackburn,null_price
20170317-D1-dortmund-ingolstadt,null_price
20170317-E1-bristol_city-huddersfield,null_price
20170317-E1-sheffield_weds-reading,null_price
20170317-F1-lille-marseille,null_price
20170317-F1-metz-bastia,null_price
20170317-SP1-las_palmas-villarreal,null_price
20170318-D1-augsburg-freiburg,null_price
20170318-D1-ein_frankfurt-hamburg,null_price
20170318-D1-fc_koln-hertha,null_price
20170318-D1-hoffenheim-leverkusen,null_price
20170318-D1-werder_bremen-rb_leipzig,null_price
20170318-D1-wolfsburg-darmstadt,null_price
20170318-E0-bournemouth-swansea,null_price
20170318-E0-crystal_palace-watford,null_price
20170318-E0-everton-hull,null_price
20170318-E0-stoke-chelsea,null_price
20170318-E0-sunderland-burnley,null_price
20170318-E0-west_brom-arsenal,null_price
20170318-E0-west_ham-leicester,null_price
20170318-E1-birmingham-newcastle,null_price
20170318-E1-blackburn-preston,null_price
20170318-E1-burton-brentford,null_price
20170318-E1-cardiff-ipswich,null_price
20170318-E1-fulham-wolves,null_price
20170318-E1-leeds-brighton,null_price
20170318-E1-norwich-barnsley,null_price
20170318-E1-nott_m_forest-derby,null_price
20170318-E1-qpr-rotherham,null_price
20170318-E1-wigan-aston_villa,null_price
20170318-F1-angers-guingamp,null_price
20170318-F1-bordeaux-montpellier,null_price
20170318-F1-nancy-lorient,null_price
20170318-F1-nantes-nice,null_price
20170318-F1-toulouse-rennes,null_price
20170318-I1-milan-genoa,null_price
20170318-I1-torino-inter,null_price
20170318-SP1-alaves-sociedad,null_price
20170318-SP1-ath_bilbao-real_madrid,null_price
20170318-SP1-betis-osasuna,null_price
20170318-SP1-eibar-espanol,null_price
20170319-D1-m_gladbach-bayern_munich,null_price
20170319-D1-mainz-schalke_04,null_price
20170319-E0-man_city-liverpool,null_price
20170319-E0-middlesbrough-man_united,null_price
20170319-E0-tottenham-southampton,null_price
20170319-F1-caen-monaco,null_price
20170319-F1-dijon-st_etienne,null_price
20170319-F1-paris_sg-lyon,null_price
20170319-I1-atalanta-pescara,null_price
20170319-I1-bologna-chievo,null_price
20170319-I1-cagliari-lazio,null_price
20170319-I1-crotone-fiorentina,null_price
20170319-I1-empoli-napoli,null_price
20170319-I1-roma-sassuolo,null_price
20170319-I1-sampdoria-juventus,null_price
20170319-I1-udinese-palermo,null_price
20170319-SP1-ath_madrid-sevilla,null_price
20170319-SP1-barcelona-valencia,null_price
20170319-SP1-la_coruna-celta,null_price
20170319-SP1-leganes-malaga,null_price
20170319-SP1-sp_gijon-granada,null_price
20170331-D1-hertha-hoffenheim,null_price
20170331-E1-derby-qpr,null_price
20170331-F1-guingamp-nancy,null_price
20170331-SP1-espanol-betis,null_price
20170401-D1-bayern_munich-augsburg,null_price
20170401-D1-ein_frankfurt-m_gladbach,null_price
20170401-D1-freiburg-werder_bremen,null_price
20170401-D1-hamburg-fc_koln,null_price
20170401-D1-rb_leipzig-darmstadt,null_price
20170401-D1-schalke_04-dortmund,null_price
20170401-E0-burnley-tottenham,null_price
20170401-E0-chelsea-crystal_palace,null_price
20170401-E0-hull-west_ham,null_price
20170401-E0-leicester-stoke,null_price
20170401-E0-liverpool-everton,null_price
20170401-E0-man_united-west_brom,null_price
20170401-E0-southampton-bournemouth,null_price
20170401-E0-watford-sunderland,null_price
20170401-E1-aston_villa-norwich,null_price
20170401-E1-barnsley-sheffield_weds,null_price
20170401-E1-brentford-bristol_city,null_price
20170401-E1-brighton-blackburn,null_price
20170401-E1-huddersfield-burton,null_price
20170401-E1-ipswich-birmingham,null_price
20170401-E1-newcastle-wigan,null_price
20170401-E1-preston-nott_m_forest,null_price
20170401-E1-reading-leeds,null_price
20170401-E1-rotherham-fulham,null_price
20170401-E1-wolves-cardiff,null_price
20170401-F1-bastia-lille,null_price
20170401-F1-marseille-dijon,null_price
20170401-I1-roma-empoli,null_price
20170401-I1-sassuolo-lazio,null_price
20170401-SP1-malaga-ath_madrid,null_price
20170401-SP1-osasuna-ath_bilbao,null_price
20170401-SP1-sociedad-leganes,null_price
20170401-SP1-villarreal-eibar,null_price
20170402-D1-ingolstadt-mainz,null_price
20170402-D1-leverkusen-wolfsburg,null_price
20170402-E0-arsenal-man_city,null_price
20170402-E0-swansea-middlesbrough,null_price
20170402-F1-lorient-caen,null_price
20170402-F1-montpellier-toulouse,null_price
20170402-F1-nantes-angers,null_price
20170402-F1-nice-bordeaux,null_price
20170402-F1-rennes-lyon,null_price
20170402-I1-chievo-crotone,null_price
20170402-I1-fiorentina-bologna,null_price
20170402-I1-genoa-atalanta,null_price
20170402-I1-napoli-juventus,null_price
20170402-I1-palermo-cagliari,null_price
20170402-I1-pescara-milan,null_price
20170402-I1-torino-udinese,null_price
20170402-SP1-granada-barcelona,null_price
20170402-SP1-real_madrid-alaves,null_price
20170402-SP1-sevilla-sp_gijon,null_price
20170402-SP1-valencia-la_coruna,null_price
20170403-I1-inter-sampdoria,null_price
20170403-SP1-celta-las_palmas,null_price
20170404-D1-dortmund-hamburg,null_price
20170404-D1-fc_koln-ein_frankfurt,null_price
20170404-D1-hoffenheim-bayern_munich,null_price
20170404-D1-werder_bremen-schalke_04,null_price
20170404-E0-burnley-stoke,null_price
20170404-E0-leicester-sunderland,null_price
20170404-E0-man_united-everton,null_price
20170404-E0-watford-west_brom,null_price
20170404-E1-aston_villa-qpr,null_price
20170404-E1-barnsley-cardiff,null_price
20170404-E1-brentford-leeds,null_price
20170404-E1-brighton-birmingham,null_price
20170404-E1-derby-fulham,null_price
20170404-E1-ipswich-wigan,null_price
20170404-E1-preston-bristol_city,null_price
20170404-E1-reading-blackburn,null_price
20170404-E1-rotherham-sheffield_weds,null_price
20170404-E1-wolves-nott_m_forest,null_price
20170404-SP1-ath_bilbao-espanol,null_price
20170404-SP1-ath_madrid-sociedad,null_price
20170404-SP1-betis-villarreal,null_price
20170405-D1-augsburg-ingolstadt,null_price
20170405-D1-darmstadt-leverkusen,null_price
20170405-D1-m_gladbach-hertha,null_price
20170405-D1-mainz-rb_leipzig,null_price
20170405-D1-wolfsburg-freiburg,null_price
20170405-E0-arsenal-west_ham,null_price
20170405-E0-chelsea-man_city,null_price
20170405-E0-hull-middlesbrough,null_price
20170405-E0-liverpool-bournemouth,null_price
20170405-E0-southampton-crystal_palace,null_price
20170405-E0-swansea-tottenham,null_price
20170405-E1-huddersfield-norwich,null_price
20170405-E1-newcastle-burton,null_price
20170405-F1-metz-lyon,null_price
20170405-SP1-alaves-osasuna,null_price
20170405-SP1-barcelona-sevilla,null_price
20170405-SP1-la_coruna-granada,null_price
20170405-SP1-leganes-real_madrid,null_price
20170405-SP1-sp_gijon-malaga,null_price
20170406-SP1-eibar-las_palmas,null_price
20170406-SP1-valencia-celta,null_price
20170407-D1-ein_frankfurt-werder_bremen,null_price
20170407-E1-qpr-brighton,null_price
20170407-F1-lille-nice,null_price
20170407-SP1-villarreal-ath_bilbao,null_price
20170408-D1-bayern_munich-dortmund,null_price
20170408-D1-fc_koln-m_gladbach,null_price
20170408-D1-freiburg-mainz,null_price
20170408-D1-hamburg-hoffenheim,null_price
20170408-D1-rb_leipzig-leverkusen,null_price
20170408-D1-schalke_04-wolfsburg,null_price
20170408-E0-bournemouth-chelsea,null_price
20170408-E0-man_city-hull,null_price
20170408-E0-middlesbrough-burnley,null_price
20170408-E0-stoke-liverpool,null_price
20170408-E0-tottenham-watford,null_price
20170408-E0-west_brom-southampton,null_price
20170408-E0-west_ham-swansea,null_price
20170408-E1-birmingham-derby,null_price
20170408-E1-blackburn-barnsley,null_price
20170408-E1-bristol_city-wolves,null_price
20170408-E1-burton-aston_villa,null_price
20170408-E1-cardiff-brentford,null_price
20170408-E1-fulham-ipswich,null_price
20170408-E1-leeds-preston,null_price
20170408-E1-norwich-reading,null_price
20170408-E1-nott_m_forest-huddersfield,null_price
20170408-E1-sheffield_weds-newcastle,null_price
20170408-E1-wigan-rotherham,null_price
20170408-F1-angers-monaco,null_price
20170408-F1-bordeaux-metz,null_price
20170408-F1-caen-montpellier,null_price
20170408-F1-dijon-bastia,null_price
20170408-F1-lyon-lorient,null_price
20170408-F1-nancy-rennes,null_price
20170408-I1-atalanta-sassuolo,null_price
20170408-I1-empoli-pescara,null_price
20170408-I1-juventus-chievo,null_price
20170408-SP1-espanol-alaves,null_price
20170408-SP1-malaga-barcelona,null_price
20170408-SP1-real_madrid-ath_madrid,null_price
20170408-SP1-sevilla-la_coruna,null_price
20170409-D1-hertha-augsburg,null_price
20170409-D1-ingolstadt-darmstadt,null_price
20170409-E0-everton-leicester,null_price
20170409-E0-sunderland-man_united,null_price
20170409-F1-paris_sg-guingamp,null_price
20170409-F1-st_etienne-nantes,null_price
20170409-F1-toulouse-marseille,null_price
20170409-I1-bologna-roma,null_price
20170409-I1-cagliari-torino,null_price
20170409-I1-crotone-inter,null_price
20170409-I1-lazio-napoli,null_price
20170409-I1-milan-palermo,null_price
20170409-I1-sampdoria-fiorentina,null_price
20170409-I1-udinese-genoa,null_price
20170409-SP1-celta-eibar,null_price
20170409-SP1-granada-valencia,null_price
20170409-SP1-las_palmas-betis,null_price
20170409-SP1-osasuna-leganes,null_price
20170410-E0-crystal_palace-arsenal,null_price
20170410-SP1-sociedad-sp_gijon,null_price
20170413-E1-wigan-barnsley,null_price
20170414-E1-brentford-derby,null_price
20170414-E1-bristol_city-qpr,null_price
20170414-E1-burton-ipswich,null_price
20170414-E1-huddersfield-preston,null_price
20170414-E1-newcastle-leeds,null_price
20170414-E1-norwich-fulham,null_price
20170414-E1-nott_m_forest-blackburn,null_price
20170414-E1-rotherham-birmingham,null_price
20170414-E1-sheffield_weds-cardiff,null_price
20170414-E1-wolves-brighton,null_price
20170414-F1-angers-paris_sg,null_price
20170414-SP1-ath_bilbao-las_palmas,null_price
20170415-D1-augsburg-fc_koln,null_price
20170415-D1-dortmund-ein_frankfurt,null_price
20170415-D1-hoffenheim-m_gladbach,null_price
20170415-D1-leverkusen-bayern_munich,null_price
20170415-D1-mainz-hertha,null_price
20170415-D1-rb_leipzig-freiburg,null_price
20170415-D1-wolfsburg-ingolstadt,null_price
20170415-E0-crystal_palace-leicester,null_price
20170415-E0-everton-burnley,null_price
20170415-E0-southampton-man_city,null_price
20170415-E0-stoke-hull,null_price
20170415-E0-sunderland-west_ham,null_price
20170415-E0-tottenham-bournemouth,null_price
20170415-E0-watford-swansea,null_price
20170415-E1-aston_villa-reading,null_price
20170415-F1-guingamp-toulouse,null_price
20170415-F1-metz-caen,null_price
20170415-F1-monaco-dijon,null_price
20170415-F1-montpellier-lorient,null_price
20170415-F1-nice-nancy,null_price
20170415-F1-rennes-lille,null_price
20170415-I1-cagliari-chievo,null_price
20170415-I1-fiorentina-empoli,null_price
20170415-I1-genoa-lazio,null_price
20170415-I1-inter-milan,null_price
20170415-I1-napoli-udinese,null_price
20170415-I1-palermo-bologna,null_price
20170415-I1-pescara-juventus,null_price
20170415-I1-roma-atalanta,null_price
20170415-I1-sassuolo-sampdoria,null_price
20170415-I1-torino-crotone,null_price
20170415-SP1-ath_madrid-osasuna,null_price
20170415-SP1-barcelona-sociedad,null_price
20170415-SP1-la_coruna-malaga,null_price
20170415-SP1-sp_gijon-real_madrid,null_price
20170416-D1-darmstadt-schalke_04,null_price
20170416-D1-werder_bremen-hamburg,null_price
20170416-E0-man_united-chelsea,null_price
20170416-E0-west_brom-liverpool,null_price
20170416-F1-bastia-lyon,null_price
20170416-F1-marseille-st_etienne,null_price
20170416-F1-nantes-bordeaux,null_price
20170416-SP1-betis-eibar,null_price
20170416-SP1-granada-celta,null_price
20170416-SP1-leganes-espanol,null_price
20170416-SP1-valencia-sevilla,null_price
20170417-E0-middlesbrough-arsenal,null_price
20170417-E1-barnsley-brentford,null_price
20170417-E1-birmingham-burton,null_price
20170417-E1-blackburn-bristol_city,null_price
20170417-E1-brighton-wigan,null_price
20170417-E1-cardiff-nott_m_forest,null_price
20170417-E1-derby-huddersfield,null_price
20170417-E1-fulham-aston_villa,null_price
20170417-E1-ipswich-newcastle,null_price
20170417-E1-leeds-wolves,null_price
20170417-E1-preston-norwich,null_price
20170417-E1-qpr-sheffield_weds,null_price
20170417-E1-reading-rotherham,null_price
20170417-SP1-alaves-villarreal,null_price
20170418-F1-metz-paris_sg,null_price
20170421-D1-fc_koln-hoffenheim,null_price
20170421-E1-norwich-brighton,null_price
20170421-F1-nancy-marseille,null_price
20170421-SP1-sevilla-granada,null_price
20170422-D1-bayern_munich-mainz,null_price
20170422-D1-ein_frankfurt-augsburg,null_price
20170422-D1-hamburg-darmstadt,null_price
20170422-D1-hertha-wolfsburg,null_price
20170422-D1-ingolstadt-werder_bremen,null_price
20170422-D1-m_gladbach-dortmund,null_price
20170422-E0-bournemouth-middlesbrough,null_price
20170422-E0-hull-watford,null_price
20170422-E0-swansea-stoke,null_price
20170422-E0-west_ham-everton,null_price
20170422-E1-brentford-qpr,null_price
20170422-E1-bristol_city-barnsley,null_price
20170422-E1-burton-leeds,null_price
20170422-E1-huddersfield-fulham,null_price
20170422-E1-nott_m_forest-reading,null_price
20170422-E1-rotherham-ipswich,null_price
20170422-E1-sheffield_weds-derby,null_price
20170422-E1-wigan-cardiff,null_price
20170422-E1-wolves-blackburn,null_price
20170422-F1-bordeaux-bastia,null_price
20170422-F1-caen-nantes,null_price
20170422-F1-dijon-angers,null_price
20170422-F1-lille-guingamp,null_price
20170422-F1-lorient-metz,null_price
20170422-F1-paris_sg-montpellier,null_price
20170422-I1-atalanta-bologna,null_price
20170422-I1-fiorentina-inter,null_price
20170422-SP1-espanol-ath_madrid,null_price
20170422-SP1-malaga-valencia,null_price
20170422-SP1-osasuna-sp_gijon,null_price
20170422-SP1-villarreal-leganes,null_price
20170423-D1-freiburg-leverkusen,null_price
20170423-D1-schalke_04-rb_leipzig,null_price
20170423-E0-burnley-man_united,null_price
20170423-E0-liverpool-crystal_palace,null_price
20170423-E1-aston_villa-birmingham,null_price
20170423-F1-lyon-monaco,null_price
20170423-F1-st_etienne-rennes,null_price
20170423-F1-toulouse-nice,null_price
20170423-I1-chievo-torino,null_price
20170423-I1-juventus-genoa,null_price
20170423-I1-lazio-palermo,null_price
20170423-I1-milan-empoli,null_price
20170423-I1-sampdoria-crotone,null_price
20170423-I1-sassuolo-napoli,null_price
20170423-I1-udinese-cagliari,null_price
20170423-SP1-celta-betis,null_price
20170423-SP1-las_palmas-alaves,null_price
20170423-SP1-real_madrid-barcelona,null_price
20170423-SP1-sociedad-la_coruna,null_price
20170424-E1-newcastle-preston,null_price
20170424-I1-pescara-roma,null_price
20170424-SP1-eibar-ath_bilbao,null_price
20170425-E0-chelsea-southampton,null_price
20170425-E1-wolves-huddersfield,null_price
20170425-SP1-ath_madrid-villarreal,null_price
20170425-SP1-granada-malaga,null_price
20170425-SP1-sp_gijon-espanol,null_price
20170426-E0-arsenal-leicester,null_price
20170426-E0-crystal_palace-tottenham,null_price
20170426-E0-middlesbrough-sunderland,null_price
20170426-SP1-barcelona-osasuna,null_price
20170426-SP1-la_coruna-real_madrid,null_price
20170426-SP1-leganes-las_palmas,null_price
20170426-SP1-valencia-sociedad,null_price
20170427-E0-man_city-man_united,null_price
20170427-SP1-alaves-eibar,null_price
20170427-SP1-ath_bilbao-betis,null_price
20170427-SP1-sevilla-celta,null_price
20170428-D1-leverkusen-schalke_04,null_price
20170428-E1-cardiff-newcastle,null_price
20170428-F1-angers-lyon,null_price
20170428-I1-atalanta-juventus,null_price
20170428-SP1-villarreal-sp_gijon,null_price
20170429-D1-darmstadt-freiburg,null_price
20170429-D1-dortmund-fc_koln,null_price
20170429-D1-mainz-m_gladbach,null_price
20170429-D1-rb_leipzig-ingolstadt,null_price
20170429-D1-werder_bremen-hertha,null_price
20170429-D1-wolfsburg-bayern_munich,null_price
20170429-E0-crystal_palace-burnley,null_price
20170429-E0-southampton-hull,null_price
20170429-E0-stoke-west_ham,null_price
20170429-E0-sunderland-bournemouth,null_price
20170429-E0-west_brom-leicester,null_price
20170429-E1-barnsley-burton,null_price
20170429-E1-birmingham-huddersfield,null_price
20170429-E1-blackburn-aston_villa,null_price
20170429-E1-brighton-bristol_city,null_price
20170429-E1-derby-wolves,null_price
20170429-E1-fulham-brentford,null_price
20170429-E1-ipswich-sheffield_weds,null_price
20170429-E1-leeds-norwich,null_price
20170429-E1-preston-rotherham,null_price
20170429-E1-qpr-nott_m_forest,null_price
20170429-E1-reading-wigan,null_price
20170429-F1-bastia-rennes,null_price
20170429-F1-guingamp-st_etienne,null_price
20170429-F1-metz-nancy,null_price
20170429-F1-monaco-toulouse,null_price
20170429-F1-montpellier-lille,null_price
20170429-F1-nantes-lorient,null_price
20170429-I1-torino-sampdoria,null_price
20170429-SP1-espanol-barcelona,null_price
20170429-SP1-las_palmas-ath_madrid,null_price
20170429-SP1-real_madrid-valencia,null_price
20170429-SP1-sociedad-granada,null_price
20170430-D1-augsburg-hamburg,null_price
20170430-D1-hoffenheim-ein_frankfurt,null_price
20170430-E0-everton-chelsea,null_price
20170430-E0-man_united-swansea,null_price
20170430-E0-middlesbrough-man_city,null_price
20170430-E0-tottenham-arsenal,null_price
20170430-F1-caen-marseille,null_price
20170430-F1-dijon-bordeaux,null_price
20170430-F1-nice-paris_sg,null_price
20170430-I1-bologna-udinese,null_price
20170430-I1-cagliari-pescara,null_price
20170430-I1-crotone-milan,null_price
20170430-I1-empoli-sassuolo,null_price
20170430-I1-genoa-chievo,null_price
20170430-I1-inter-napoli,null_price
20170430-I1-palermo-fiorentina,null_price
20170430-I1-roma-lazio,null_price
20170430-SP1-betis-alaves,null_price
20170430-SP1-celta-ath_bilbao,null_price
20170430-SP1-eibar-leganes,null_price
20170430-SP1-osasuna-la_coruna,null_price
20170501-E0-watford-liverpool,null_price
20170501-SP1-malaga-sevilla,null_price
20170505-D1-fc_koln-werder_bremen,null_price
20170505-E0-west_ham-tottenham,null_price
20170505-F1-st_etienne-bordeaux,null_price
20170505-SP1-sevilla-sociedad,null_price
20170506-D1-bayern_munich-darmstadt,null_price
20170506-D1-dortmund-hoffenheim,null_price
20170506-D1-ein_frankfurt-wolfsburg,null_price
20170506-D1-hertha-rb_leipzig,null_price
20170506-D1-ingolstadt-leverkusen,null_price
20170506-D1-m_gladbach-augsburg,null_price
20170506-E0-bournemouth-stoke,null_price
20170506-E0-burnley-west_brom,null_price
20170506-E0-hull-sunderland,null_price
20170506-E0-leicester-watford,null_price
20170506-E0-man_city-crystal_palace,null_price
20170506-E0-swansea-everton,null_price
20170506-F1-guingamp-dijon,null_price
20170506-F1-lille-metz,null_price
20170506-F1-lorient-angers,null_price
20170506-F1-nancy-monaco,null_price
20170506-F1-paris_sg-bastia,null_price
20170506-F1-toulouse-caen,null_price
20170506-I1-juventus-torino,null_price
20170506-I1-napoli-cagliari,null_price
20170506-SP1-ath_madrid-eibar,null_price
20170506-SP1-barcelona-villarreal,null_price
20170506-SP1-granada-real_madrid,null_price
20170506-SP1-sp_gijon-las_palmas,null_price
20170507-D1-freiburg-schalke_04,null_price
20170507-D1-hamburg-mainz,null_price
20170507-E0-arsenal-man_united,null_price
20170507-E0-liverpool-southampton,null_price
20170507-E1-aston_villa-brighton,null_price
20170507-E1-brentford-blackburn,null_price
20170507-E1-bristol_city-birmingham,null_price
20170507-E1-burton-reading,null_price
20170507-E1-huddersfield-cardiff,null_price
20170507-E1-newcastle-barnsley,null_price
20170507-E1-norwich-qpr,null_price
20170507-E1-nott_m_forest-ipswich,null_price
20170507-E1-rotherham-derby,null_price
20170507-E1-sheffield_weds-fulham,null_price
20170507-E1-wigan-leeds,null_price
20170507-E1-wolves-preston,null_price
20170507-F1-lyon-nantes,null_price
20170507-F1-marseille-nice,null_price
20170507-F1-rennes-montpellier,null_price
20170507-I1-chievo-palermo,null_price
20170507-I1-empoli-bologna,null_price
20170507-I1-genoa-inter,null_price
20170507-I1-lazio-sampdoria,null_price
20170507-I1-milan-roma,null_price
20170507-I1-pescara-crotone,null_price
20170507-I1-sassuolo-fiorentina,null_price
20170507-I1-udinese-atalanta,null_price
20170507-SP1-alaves-ath_bilbao,null_price
20170507-SP1-la_coruna-espanol,null_price
20170507-SP1-malaga-celta,null_price
20170507-SP1-valencia-osasuna,null_price
20170508-E0-chelsea-middlesbrough,null_price
20170508-SP1-leganes-betis,null_price
20170510-E0-southampton-arsenal,null_price
20170512-E0-everton-watford,null_price
20170512-E0-west_brom-chelsea,null_price
20170513-D1-augsburg-dortmund,null_price
20170513-D1-darmstadt-hertha,null_price
20170513-D1-freiburg-ingolstadt,null_price
20170513-D1-leverkusen-fc_koln,null_price
20170513-D1-mainz-ein_frankfurt,null_price
20170513-D1-rb_leipzig-bayern_munich,null_price
20170513-D1-schalke_04-hamburg,null_price
20170513-D1-werder_bremen-hoffenheim,null_price
20170513-D1-wolfsburg-m_gladbach,null_price
20170513-E0-bournemouth-burnley,null_price
20170513-E0-man_city-leicester,null_price
20170513-E0-middlesbrough-southampton,null_price
20170513-E0-stoke-arsenal,null_price
20170513-E0-sunderland-swansea,null_price
20170513-I1-atalanta-milan,null_price
20170513-I1-fiorentina-lazio,null_price
20170513-SP1-espanol-valencia,null_price
20170513-SP1-osasuna-granada,null_price
20170514-E0-crystal_palace-hull,null_price
20170514-E0-tottenham-man_united,null_price
20170514-E0-west_ham-liverpool,null_price
20170514-F1-bastia-lorient,null_price
20170514-F1-bordeaux-marseille,null_price
20170514-F1-caen-rennes,null_price
20170514-F1-dijon-nancy,null_price
20170514-F1-metz-toulouse,null_price
20170514-F1-monaco-lille,null_price
20170514-F1-montpellier-lyon,null_price
20170514-F1-nantes-guingamp,null_price
20170514-F1-nice-angers,null_price
20170514-F1-st_etienne-paris_sg,null_price
20170514-I1-bologna-pescara,null_price
20170514-I1-cagliari-empoli,null_price
20170514-I1-crotone-udinese,null_price
20170514-I1-inter-sassuolo,null_price
20170514-I1-palermo-genoa,null_price
20170514-I1-roma-juventus,null_price
20170514-I1-sampdoria-chievo,null_price
20170514-I1-torino-napoli,null_price
20170514-SP1-alaves-celta,null_price
20170514-SP1-ath_bilbao-leganes,null_price
20170514-SP1-betis-ath_madrid,null_price
20170514-SP1-eibar-sp_gijon,null_price
20170514-SP1-las_palmas-barcelona,null_price
20170514-SP1-real_madrid-sevilla,null_price
20170514-SP1-sociedad-malaga,null_price
20170514-SP1-villarreal-la_coruna,null_price
20170515-E0-chelsea-watford,null_price
20170516-E0-arsenal-sunderland,null_price
20170516-E0-man_city-west_brom,null_price
20170517-E0-southampton-man_united,null_price
20170517-F1-monaco-st_etienne,null_price
20170517-SP1-celta-real_madrid,null_price
20170518-E0-leicester-tottenham,null_price
20170519-SP1-granada-espanol,null_price
20170520-D1-bayern_munich-freiburg,null_price
20170520-D1-dortmund-werder_bremen,null_price
20170520-D1-ein_frankfurt-rb_leipzig,null_price
20170520-D1-fc_koln-mainz,null_price
20170520-D1-hamburg-wolfsburg,null_price
20170520-D1-hertha-leverkusen,null_price
20170520-D1-hoffenheim-augsburg,null_price
20170520-D1-ingolstadt-schalke_04,null_price
20170520-D1-m_gladbach-darmstadt,null_price
20170520-F1-angers-montpellier,null_price
20170520-F1-guingamp-metz,null_price
20170520-F1-lille-nantes,null_price
20170520-F1-lorient-bordeaux,null_price
20170520-F1-lyon-nice,null_price
20170520-F1-marseille-bastia,null_price
20170520-F1-nancy-st_etienne,null_price
20170520-F1-paris_sg-caen,null_price
20170520-F1-rennes-monaco,null_price
20170520-F1-toulouse-dijon,null_price
20170520-I1-chievo-roma,null_price
20170520-I1-napoli-fiorentina,null_price
20170520-SP1-la_coruna-las_palmas,null_price
20170520-SP1-leganes-alaves,null_price
20170520-SP1-sevilla-osasuna,null_price
20170520-SP1-sp_gijon-betis,null_price
20170521-E0-arsenal-everton,null_price
20170521-E0-burnley-west_ham,null_price
20170521-E0-chelsea-sunderland,null_price
20170521-E0-hull-tottenham,null_price
20170521-E0-leicester-bournemouth,null_price
20170521-E0-liverpool-middlesbrough,null_price
20170521-E0-man_united-crystal_palace,null_price
20170521-E0-southampton-stoke,null_price
20170521-E0-swansea-west_brom,null_price
20170521-E0-watford-man_city,null_price
20170521-I1-empoli-atalanta,null_price
20170521-I1-genoa-torino,null_price
20170521-I1-juventus-crotone,null_price
20170521-I1-lazio-inter,null_price
20170521-I1-milan-bologna,null_price
20170521-I1-sassuolo-cagliari,null_price
20170521-I1-udinese-sampdoria,null_price
20170521-SP1-ath_madrid-ath_bilbao,null_price
20170521-SP1-barcelona-eibar,null_price
20170521-SP1-celta-sociedad,null_price
20170521-SP1-malaga-real_madrid,null_price
20170521-SP1-valencia-villarreal,null_price
20170522-I1-pescara-palermo,null_price
20170527-I1-atalanta-chievo,null_price
20170527-I1-bologna-juventus,null_price
20170528-I1-cagliari-milan,null_price
20170528-I1-crotone-lazio,null_price
20170528-I1-fiorentina-pescara,null_price
20170528-I1-inter-udinese,null_price
20170528-I1-palermo-empoli,null_price
20170528-I1-roma-genoa,null_price
20170528-I1-sampdoria-napoli,null_price
20170528-I1-torino-sassuolo,null_price
20170804-E1-nott_m_forest-millwall,null_price
20170804-E1-sunderland-derby,null_price
20170804-F1-monaco-toulouse,null_price
20170805-E1-aston_villa-hull,null_price
20170805-E1-bristol_city-barnsley,null_price
20170805-E1-burton-cardiff,null_price
20170805-E1-fulham-norwich,null_price
20170805-E1-ipswich-birmingham,null_price
20170805-E1-preston-sheffield_weds,null_price
20170805-E1-qpr-reading,null_price
20170805-E1-sheffield_united-brentford,null_price
20170805-E1-wolves-middlesbrough,null_price
20170805-F1-lyon-strasbourg,null_price
20170805-F1-metz-guingamp,null_price
20170805-F1-montpellier-caen,null_price
20170805-F1-paris_sg-amiens,null_price
20170805-F1-st_etienne-nice,null_price
20170805-F1-troyes-rennes,null_price
20170806-E1-bolton-leeds,null_price
20170806-F1-angers-bordeaux,null_price
20170806-F1-lille-nantes,null_price
20170806-F1-marseille-dijon,null_price
20170811-E0-arsenal-leicester,null_price
20170811-F1-nice-troyes,null_price
20170811-F1-rennes-lyon,null_price
20170812-E0-brighton-man_city,null_price
20170812-E0-chelsea-burnley,null_price
20170812-E0-crystal_palace-huddersfield,null_price
20170812-E0-everton-stoke,null_price
20170812-E0-southampton-swansea,null_price
20170812-E0-watford-liverpool,null_price
20170812-E0-west_brom-bournemouth,null_price
20170812-E1-barnsley-ipswich,null_price
20170812-E1-birmingham-bristol_city,null_price
20170812-E1-brentford-nott_m_forest,null_price
20170812-E1-cardiff-aston_villa,null_price
20170812-E1-derby-wolves,null_price
20170812-E1-hull-burton,null_price
20170812-E1-leeds-preston,null_price
20170812-E1-middlesbrough-sheffield_united,null_price
20170812-E1-millwall-bolton,null_price
20170812-E1-reading-fulham,null_price
20170812-E1-sheffield_weds-qpr,null_price
20170812-F1-amiens-angers,null_price
20170812-F1-bordeaux-metz,null_price
20170812-F1-caen-st_etienne,null_price
20170812-F1-nantes-marseille,null_price
20170812-F1-toulouse-montpellier,null_price
20170813-E0-man_united-west_ham,null_price
20170813-E0-newcastle-tottenham,null_price
20170813-E1-norwich-sunderland,null_price
20170813-F1-dijon-monaco,null_price
20170813-F1-guingamp-paris_sg,null_price
20170813-F1-strasbourg-lille,null_price
20170815-E1-barnsley-nott_m_forest,null_price
20170815-E1-birmingham-bolton,null_price
20170815-E1-brentford-bristol_city,null_price
20170815-E1-cardiff-sheffield_united,null_price
20170815-E1-derby-preston,null_price
20170815-E1-hull-wolves,null_price
20170815-E1-leeds-fulham,null_price
20170815-E1-middlesbrough-burton,null_price
20170815-E1-millwall-ipswich,null_price
20170815-E1-reading-aston_villa,null_price
20170816-E1-norwich-qpr,null_price
20170816-E1-sheffield_weds-sunderland,null_price
20170818-D1-bayern_munich-leverkusen,null_price
20170818-E1-burton-birmingham,null_price
20170818-F1-metz-monaco,null_price
20170818-SP1-leganes-alaves,null_price
20170818-SP1-valencia-las_palmas,null_price
20170819-D1-hamburg-augsburg,null_price
20170819-D1-hertha-stuttgart,null_price
20170819-D1-hoffenheim-werder_bremen,null_price
20170819-D1-mainz-hannover,null_price
20170819-D1-schalke_04-rb_leipzig,null_price
20170819-D1-wolfsburg-dortmund,null_price
20170819-E0-bournemouth-watford,null_price
20170819-E0-burnley-west_brom,null_price
20170819-E0-leicester-brighton,null_price
20170819-E0-liverpool-crystal_palace,null_price
20170819-E0-southampton-west_ham,null_price
20170819-E0-stoke-arsenal,null_price
20170819-E0-swansea-man_united,null_price
20170819-E1-aston_villa-norwich,null_price
20170819-E1-bolton-derby,null_price
20170819-E1-bristol_city-millwall,null_price
20170819-E1-fulham-sheffield_weds,null_price
20170819-E1-ipswich-brentford,null_price
20170819-E1-nott_m_forest-middlesbrough,null_price
20170819-E1-preston-reading,null_price
20170819-E1-qpr-hull,null_price
20170819-E1-sheffield_united-barnsley,null_price
20170819-E1-sunderland-leeds,null_price
20170819-E1-wolves-cardiff,null_price
20170819-F1-lyon-bordeaux,null_price
20170819-F1-montpellier-strasbourg,null_price
20170819-F1-nice-guingamp,null_price
20170819-F1-rennes-dijon,null_price
20170819-F1-st_etienne-amiens,null_price
20170819-F1-troyes-nantes,null_price
20170819-I1-juventus-cagliari,null_price
20170819-I1-verona-napoli,null_price
20170819-SP1-celta-sociedad,null_price
20170819-SP1-girona-ath_madrid,null_price
20170819-SP1-sevilla-espanol,null_price
20170820-D1-freiburg-ein_frankfurt,null_price
20170820-D1-m_gladbach-fc_koln,null_price
20170820-E0-huddersfield-newcastle,null_price
20170820-E0-tottenham-chelsea,null_price
20170820-F1-lille-caen,null_price
20170820-F1-marseille-angers,null_price
20170820-F1-paris_sg-toulouse,null_price
20170820-I1-atalanta-roma,null_price
20170820-I1-bologna-torino,null_price
20170820-I1-crotone-milan,null_price
20170820-I1-inter-fiorentina,null_price
20170820-I1-lazio-spal,null_price
20170820-I1-sampdoria-benevento,null_price
20170820-I1-sassuolo-genoa,null_price
20170820-I1-udinese-chievo,null_price
20170820-SP1-ath_bilbao-getafe,null_price
20170820-SP1-barcelona-betis,null_price
20170820-SP1-la_coruna-real_madrid,null_price
20170821-E0-man_city-everton,null_price
20170821-SP1-levante-villarreal,null_price
20170821-SP1-malaga-eibar,null_price
20170825-D1-fc_koln-hamburg,null_price
20170825-E1-bristol_city-aston_villa,null_price
20170825-E1-hull-bolton,null_price
20170825-F1-paris_sg-st_etienne,null_price
20170825-SP1-betis-celta,null_price
20170825-SP1-sociedad-villarreal,null_price
20170826-D1-augsburg-m_gladbach,null_price
20170826-D1-dortmund-hertha,null_price
20170826-D1-ein_frankfurt-wolfsburg,null_price
20170826-D1-leverkusen-hoffenheim,null_price
20170826-D1-stuttgart-mainz,null_price
20170826-D1-werder_bremen-bayern_munich,null_price
20170826-E0-bournemouth-man_city,null_price
20170826-E0-crystal_palace-swansea,null_price
20170826-E0-huddersfield-southampton,null_price
20170826-E0-man_united-leicester,null_price
20170826-E0-newcastle-west_ham,null_price
20170826-E0-watford-brighton,null_price
20170826-E1-barnsley-sunderland,null_price
20170826-E1-birmingham-reading,null_price
20170826-E1-brentford-wolves,null_price
20170826-E1-burton-sheffield_weds,null_price
20170826-E1-cardiff-qpr,null_price
20170826-E1-ipswich-fulham,null_price
20170826-E1-middlesbrough-preston,null_price
20170826-E1-millwall-norwich,null_price
20170826-E1-nott_m_forest-leeds,null_price
20170826-E1-sheffield_united-derby,null_price
20170826-F1-amiens-nice,null_price
20170826-F1-bordeaux-troyes,null_price
20170826-F1-caen-metz,null_price
20170826-F1-dijon-montpellier,null_price
20170826-F1-nantes-lyon,null_price
20170826-F1-toulouse-rennes,null_price
20170826-I1-benevento-bologna,null_price
20170826-I1-genoa-juventus,null_price
20170826-I1-roma-inter,null_price
20170826-SP1-alaves-barcelona,null_price
20170826-SP1-girona-malaga,null_price
20170826-SP1-las_palmas-ath_madrid,null_price
20170826-SP1-levante-la_coruna,null_price
20170827-D1-hannover-schalke_04,null_price
20170827-D1-rb_leipzig-freiburg,null_price
20170827-E0-chelsea-everton,null_price
20170827-E0-liverpool-arsenal,null_price
20170827-E0-tottenham-burnley,null_price
20170827-E0-west_brom-stoke,null_price
20170827-F1-angers-lille,null_price
20170827-F1-guingamp-strasbourg,null_price
20170827-F1-monaco-marseille,null_price
20170827-I1-chievo-lazio,null_price
20170827-I1-crotone-verona,null_price
20170827-I1-fiorentina-sampdoria,null_price
20170827-I1-milan-cagliari,null_price
20170827-I1-napoli-atalanta,null_price
20170827-I1-spal-udinese,null_price
20170827-I1-torino-sassuolo,null_price
20170827-SP1-eibar-ath_bilbao,null_price
20170827-SP1-espanol-leganes,null_price
20170827-SP1-getafe-sevilla,null_price
20170827-SP1-real_madrid-valencia,null_price
20170908-D1-hamburg-rb_leipzig,null_price
20170908-E1-derby-hull,null_price
20170908-F1-lille-bordeaux,null_price
20170908-F1-metz-paris_sg,null_price
20170908-SP1-leganes-getafe,null_price
20170909-D1-augsburg-fc_koln,null_price
20170909-D1-freiburg-dortmund,null_price
20170909-D1-hoffenheim-bayern_munich,null_price
20170909-D1-m_gladbach-ein_frankfurt,null_price
20170909-D1-mainz-leverkusen,null_price
20170909-D1-wolfsburg-hannover,null_price
20170909-E0-arsenal-bournemouth,null_price
20170909-E0-brighton-west_brom,null_price
20170909-E0-everton-tottenham,null_price
20170909-E0-leicester-chelsea,null_price
20170909-E0-man_city-liverpool,null_price
20170909-E0-southampton-watford,null_price
20170909-E0-stoke-man_united,null_price
20170909-E1-aston_villa-brentford,null_price
20170909-E1-bolton-middlesbrough,null_price
20170909-E1-fulham-cardiff,null_price
20170909-E1-leeds-burton,null_price
20170909-E1-norwich-birmingham,null_price
20170909-E1-preston-barnsley,null_price
20170909-E1-qpr-ipswich,null_price
20170909-E1-reading-bristol_city,null_price
20170909-E1-sheffield_weds-nott_m_forest,null_price
20170909-E1-sunderland-sheffield_united,null_price
20170909-E1-wolves-millwall,null_price
20170909-F1-caen-dijon,null_price
20170909-F1-montpellier-nantes,null_price
20170909-F1-nice-monaco,null_price
20170909-F1-strasbourg-amiens,null_price
20170909-F1-troyes-toulouse,null_price
20170909-I1-juventus-chievo,null_price
20170909-SP1-barcelona-espanol,null_price
20170909-SP1-real_madrid-levante,null_price
20170909-SP1-sevilla-eibar,null_price
20170909-SP1-valencia-ath_madrid,null_price
20170910-D1-hertha-werder_bremen,null_price
20170910-D1-schalke_04-stuttgart,null_price
20170910-E0-burnley-crystal_palace,null_price
20170910-E0-swansea-newcastle,null_price
20170910-F1-lyon-guingamp,null_price
20170910-F1-marseille-rennes,null_price
20170910-F1-st_etienne-angers,null_price
20170910-I1-atalanta-sassuolo,null_price
20170910-I1-benevento-torino,null_price
20170910-I1-bologna-napoli,null_price
20170910-I1-cagliari-crotone,null_price
20170910-I1-inter-spal,null_price
20170910-I1-lazio-milan,null_price
20170910-I1-udinese-genoa,null_price
20170910-I1-verona-fiorentina,null_price
20170910-SP1-ath_bilbao-girona,null_price
20170910-SP1-celta-alaves,null_price
20170910-SP1-la_coruna-sociedad,null_price
20170910-SP1-villarreal-betis,null_price
20170911-E0-west_ham-huddersfield,null_price
20170911-SP1-malaga-las_palmas,null_price
20170912-E1-aston_villa-middlesbrough,null_price
20170912-E1-bolton-sheffield_united,null_price
20170912-E1-leeds-birmingham,null_price
20170912-E1-norwich-burton,null_price
20170912-E1-preston-cardiff,null_price
20170912-E1-qpr-millwall,null_price
20170912-E1-sheffield_weds-brentford,null_price
20170912-E1-sunderland-nott_m_forest,null_price
20170912-E1-wolves-bristol_city,null_price
20170913-E1-fulham-hull,null_price
20170915-D1-hannover-hamburg,null_price
20170915-E0-bournemouth-brighton,null_price
20170915-F1-toulouse-bordeaux,null_price
20170915-SP1-eibar-leganes,null_price
20170916-D1-bayern_munich-mainz,null_price
20170916-D1-ein_frankfurt-augsburg,null_price
20170916-D1-rb_leipzig-m_gladbach,null_price
20170916-D1-stuttgart-wolfsburg,null_price
20170916-D1-werder_bremen-schalke_04,null_price
20170916-E0-crystal_palace-southampton,null_price
20170916-E0-huddersfield-leicester,null_price
20170916-E0-liverpool-burnley,null_price
20170916-E0-newcastle-stoke,null_price
20170916-E0-tottenham-swansea,null_price
20170916-E0-watford-man_city,null_price
20170916-E0-west_brom-west_ham,null_price
20170916-E1-barnsley-aston_villa,null_price
20170916-E1-birmingham-preston,null_price
20170916-E1-brentford-reading,null_price
20170916-E1-bristol_city-derby,null_price
20170916-E1-burton-fulham,null_price
20170916-E1-cardiff-sheffield_weds,null_price
20170916-E1-hull-sunderland,null_price
20170916-E1-ipswich-bolton,null_price
20170916-E1-middlesbrough-qpr,null_price
20170916-E1-millwall-leeds,null_price
20170916-E1-nott_m_forest-wolves,null_price
20170916-E1-sheffield_united-norwich,null_price
20170916-F1-dijon-st_etienne,null_price
20170916-F1-guingamp-lille,null_price
20170916-F1-monaco-strasbourg,null_price
20170916-F1-nantes-caen,null_price
20170916-F1-troyes-montpellier,null_price
20170916-I1-crotone-inter,null_price
20170916-I1-fiorentina-bologna,null_price
20170916-I1-roma-verona,null_price
20170916-SP1-ath_madrid-malaga,null_price
20170916-SP1-betis-la_coruna,null_price
20170916-SP1-getafe-barcelona,null_price
20170916-SP1-levante-valencia,null_price
20170917-D1-dortmund-fc_koln,null_price
20170917-D1-hoffenheim-hertha,null_price
20170917-D1-leverkusen-freiburg,null_price
20170917-E0-chelsea-arsenal,null_price
20170917-E0-man_united-everton,null_price
20170917-F1-amiens-marseille,null_price
20170917-F1-angers-metz,null_price
20170917-F1-paris_sg-lyon,null_price
20170917-F1-rennes-nice,null_price
20170917-I1-chievo-atalanta,null_price
20170917-I1-genoa-lazio,null_price
20170917-I1-milan-udinese,null_price
20170917-I1-napoli-benevento,null_price
20170917-I1-sassuolo-juventus,null_price
20170917-I1-spal-cagliari,null_price
20170917-I1-torino-sampdoria,null_price
20170917-SP1-alaves-villarreal,null_price
20170917-SP1-girona-sevilla,null_price
20170917-SP1-las_palmas-ath_bilbao,null_price
20170917-SP1-sociedad-real_madrid,null_price
20170918-SP1-espanol-celta,null_price
20170919-D1-augsburg-rb_leipzig,null_price
20170919-D1-m_gladbach-stuttgart,null_price
20170919-D1-schalke_04-bayern_munich,null_price
20170919-D1-wolfsburg-werder_bremen,null_price
20170919-I1-bologna-inter,null_price
20170919-SP1-barcelona-eibar,null_price
20170919-SP1-valencia-malaga,null_price
20170920-D1-fc_koln-ein_frankfurt,null_price
20170920-D1-freiburg-hannover,null_price
20170920-D1-hamburg-dortmund,null_price
20170920-D1-hertha-leverkusen,null_price
20170920-D1-mainz-hoffenheim,null_price
20170920-I1-atalanta-crotone,null_price
20170920-I1-benevento-roma,null_price
20170920-I1-cagliari-sassuolo,null_price
20170920-I1-genoa-chievo,null_price
20170920-I1-juventus-fiorentina,null_price
20170920-I1-lazio-napoli,null_price
20170920-I1-milan-spal,null_price
20170920-I1-udinese-torino,null_price
20170920-I1-verona-sampdoria,null_price
20170920-SP1-ath_bilbao-ath_madrid,null_price
20170920-SP1-la_coruna-alaves,null_price
20170920-SP1-leganes-girona,null_price
20170920-SP1-real_madrid-betis,null_price
20170920-SP1-sevilla-las_palmas,null_price
20170921-SP1-celta-getafe,null_price
20170921-SP1-levante-sociedad,null_price
20170921-SP1-villarreal-espanol,null_price
20170922-D1-bayern_munich-wolfsburg,null_price
20170922-F1-lille-monaco,null_price
20170922-F1-nice-angers,null_price
20170923-D1-dortmund-m_gladbach,null_price
20170923-D1-hoffenheim-schalke_04,null_price
20170923-D1-mainz-hertha,null_price
20170923-D1-rb_leipzig-ein_frankfurt,null_price
20170923-D1-stuttgart-augsburg,null_price
20170923-D1-werder_bremen-freiburg,null_price
20170923-E0-burnley-huddersfield,null_price
20170923-E0-everton-bournemouth,null_price
20170923-E0-leicester-liverpool,null_price
20170923-E0-man_city-crystal_palace,null_price
20170923-E0-southampton-man_united,null_price
20170923-E0-stoke-chelsea,null_price
20170923-E0-swansea-watford,null_price
20170923-E0-west_ham-tottenham,null_price
20170923-E1-aston_villa-nott_m_forest,null_price
20170923-E1-bolton-brentford,null_price
20170923-E1-derby-birmingham,null_price
20170923-E1-fulham-middlesbrough,null_price
20170923-E1-leeds-ipswich,null_price
20170923-E1-norwich-bristol_city,null_price
20170923-E1-preston-millwall,null_price
20170923-E1-qpr-burton,null_price
20170923-E1-reading-hull,null_price
20170923-E1-sunderland-cardiff,null_price
20170923-E1-wolves-barnsley,null_price
20170923-F1-bordeaux-guingamp,null_price
20170923-F1-caen-amiens,null_price
20170923-F1-lyon-dijon,null_price
20170923-F1-metz-troyes,null_price
20170923-F1-montpellier-paris_sg,null_price
20170923-I1-juventus-torino,null_price
20170923-I1-roma-udinese,null_price
20170923-I1-spal-napoli,null_price
20170923-SP1-alaves-real_madrid,null_price
20170923-SP1-ath_madrid-sevilla,null_price
20170923-SP1-girona-barcelona,null_price
20170923-SP1-malaga-ath_bilbao,null_price
20170924-D1-hannover-fc_koln,null_price
20170924-D1-leverkusen-hamburg,null_price
20170924-E0-brighton-newcastle,null_price
20170924-E1-sheffield_weds-sheffield_united,null_price
20170924-F1-marseille-toulouse,null_price
20170924-F1-st_etienne-rennes,null_price
20170924-F1-strasbourg-nantes,null_price
20170924-I1-cagliari-chievo,null_price
20170924-I1-crotone-benevento,null_price
20170924-I1-fiorentina-atalanta,null_price
20170924-I1-inter-genoa,null_price
20170924-I1-sampdoria-milan,null_price
20170924-I1-sassuolo-bologna,null_price
20170924-I1-verona-lazio,null_price
20170924-SP1-eibar-celta,null_price
20170924-SP1-espanol-la_coruna,null_price
20170924-SP1-getafe-villarreal,null_price
20170924-SP1-las_palmas-leganes,null_price
20170924-SP1-sociedad-valencia,null_price
20170925-E0-arsenal-west_brom,null_price
20170925-SP1-betis-levante,null_price
20170926-E1-barnsley-qpr,null_price
20170926-E1-brentford-derby,null_price
20170926-E1-bristol_city-bolton,null_price
20170926-E1-burton-aston_villa,null_price
20170926-E1-cardiff-leeds,null_price
20170926-E1-hull-preston,null_price
20170926-E1-ipswich-sunderland,null_price
20170926-E1-middlesbrough-norwich,null_price
20170926-E1-millwall-reading,null_price
20170926-E1-nott_m_forest-fulham,null_price
20170927-E1-birmingham-sheffield_weds,null_price
20170927-E1-sheffield_united-wolves,null_price
20170929-D1-schalke_04-leverkusen,null_price
20170929-E1-qpr-fulham,null_price
20170929-F1-monaco-montpellier,null_price
20170929-SP1-celta-girona,null_price
20170930-D1-augsburg-dortmund,null_price
20170930-D1-ein_frankfurt-stuttgart,null_price
20170930-D1-hamburg-werder_bremen,null_price
20170930-D1-m_gladbach-hannover,null_price
20170930-D1-wolfsburg-mainz,null_price
20170930-E0-bournemouth-leicester,null_price
20170930-E0-chelsea-man_city,null_price
20170930-E0-huddersfield-tottenham,null_price
20170930-E0-man_united-crystal_palace,null_price
20170930-E0-stoke-southampton,null_price
20170930-E0-west_brom-watford,null_price
20170930-E0-west_ham-swansea,null_price
20170930-E1-aston_villa-bolton,null_price
20170930-E1-burton-wolves,null_price
20170930-E1-cardiff-derby,null_price
20170930-E1-hull-birmingham,null_price
20170930-E1-ipswich-bristol_city,null_price
20170930-E1-middlesbrough-brentford,null_price
20170930-E1-millwall-barnsley,null_price
20170930-E1-nott_m_forest-sheffield_united,null_price
20170930-E1-preston-sunderland,null_price
20170930-E1-reading-norwich,null_price
20170930-F1-dijon-strasbourg,null_price
20170930-F1-guingamp-toulouse,null_price
20170930-F1-nantes-metz,null_price
20170930-F1-paris_sg-bordeaux,null_price
20170930-F1-rennes-caen,null_price
20170930-I1-genoa-bologna,null_price
20170930-I1-udinese-sampdoria,null_price
20170930-SP1-la_coruna-getafe,null_price
20170930-SP1-leganes-ath_madrid,null_price
20170930-SP1-levante-alaves,null_price
20170930-SP1-sevilla-malaga,null_price
20171001-D1-fc_koln-rb_leipzig,null_price
20171001-D1-freiburg-hoffenheim,null_price
20171001-D1-hertha-bayern_munich,null_price
20171001-E0-arsenal-brighton,null_price
20171001-E0-everton-burnley,null_price
20171001-E0-newcastle-liverpool,null_price
20171001-E1-sheffield_weds-leeds,null_price
20171001-F1-angers-lyon,null_price
20171001-F1-nice-marseille,null_price
20171001-F1-troyes-st_etienne,null_price
20171001-I1-atalanta-juventus,null_price
20171001-I1-benevento-inter,null_price
20171001-I1-chievo-fiorentina,null_price
20171001-I1-lazio-sassuolo,null_price
20171001-I1-milan-roma,null_price
20171001-I1-napoli-cagliari,null_price
20171001-I1-spal-crotone,null_price
20171001-I1-torino-verona,null_price
20171001-SP1-barcelona-las_palmas,null_price
20171001-SP1-real_madrid-espanol,null_price
20171001-SP1-sociedad-betis,null_price
20171001-SP1-valencia-ath_bilbao,null_price
20171001-SP1-villarreal-eibar,null_price
20171013-D1-stuttgart-fc_koln,null_price
20171013-E1-birmingham-cardiff,null_price
20171013-E1-bristol_city-burton,null_price
20171013-F1-lyon-monaco,null_price
20171013-SP1-espanol-levante,null_price
20171014-D1-bayern_munich-freiburg,null_price
20171014-D1-dortmund-rb_leipzig,null_price
20171014-D1-hannover-ein_frankfurt,null_price
20171014-D1-hertha-schalke_04,null_price
20171014-D1-hoffenheim-augsburg,null_price
20171014-D1-mainz-hamburg,null_price
20171014-E0-burnley-west_ham,null_price
20171014-E0-crystal_palace-chelsea,null_price
20171014-E0-liverpool-man_united,null_price
20171014-E0-man_city-stoke,null_price
20171014-E0-swansea-huddersfield,null_price
20171014-E0-tottenham-bournemouth,null_price
20171014-E0-watford-arsenal,null_price
20171014-E1-barnsley-middlesbrough,null_price
20171014-E1-bolton-sheffield_weds,null_price
20171014-E1-brentford-millwall,null_price
20171014-E1-fulham-preston,null_price
20171014-E1-leeds-reading,null_price
20171014-E1-norwich-hull,null_price
20171014-E1-sheffield_united-ipswich,null_price
20171014-E1-sunderland-qpr,null_price
20171014-E1-wolves-aston_villa,null_price
20171014-F1-caen-angers,null_price
20171014-F1-dijon-paris_sg,null_price
20171014-F1-guingamp-rennes,null_price
20171014-F1-lille-troyes,null_price
20171014-F1-st_etienne-metz,null_price
20171014-F1-toulouse-amiens,null_price
20171014-I1-juventus-lazio,null_price
20171014-I1-roma-napoli,null_price
20171014-SP1-alaves-sociedad,null_price
20171014-SP1-ath_bilbao-sevilla,null_price
20171014-SP1-ath_madrid-barcelona,null_price
20171014-SP1-getafe-real_madrid,null_price
20171015-D1-leverkusen-wolfsburg,null_price
20171015-D1-werder_bremen-m_gladbach,null_price
20171015-E0-brighton-everton,null_price
20171015-E0-southampton-newcastle,null_price
20171015-E1-derby-nott_m_forest,null_price
20171015-F1-bordeaux-nantes,null_price
20171015-F1-montpellier-nice,null_price
20171015-F1-strasbourg-marseille,null_price
20171015-I1-bologna-spal,null_price
20171015-I1-cagliari-genoa,null_price
20171015-I1-crotone-torino,null_price
20171015-I1-fiorentina-udinese,null_price
20171015-I1-inter-milan,null_price
20171015-I1-sampdoria-atalanta,null_price
20171015-I1-sassuolo-chievo,null_price
20171015-SP1-betis-valencia,null_price
20171015-SP1-eibar-la_coruna,null_price
20171015-SP1-girona-villarreal,null_price
20171015-SP1-malaga-leganes,null_price
20171016-E0-leicester-west_brom,null_price
20171016-I1-verona-benevento,null_price
20171016-SP1-las_palmas-celta,null_price
20171020-D1-schalke_04-mainz,null_price
20171020-E0-west_ham-brighton,null_price
20171020-F1-st_etienne-montpellier,null_price
20171021-D1-augsburg-hannover,null_price
20171021-D1-ein_frankfurt-dortmund,null_price
20171021-D1-hamburg-bayern_munich,null_price
20171021-D1-m_gladbach-leverkusen,null_price
20171021-D1-rb_leipzig-stuttgart,null_price
20171021-E0-chelsea-watford,null_price
20171021-E0-huddersfield-man_united,null_price
20171021-E0-man_city-burnley,null_price
20171021-E0-newcastle-crystal_palace,null_price
20171021-E0-southampton-west_brom,null_price
20171021-E0-stoke-bournemouth,null_price
20171021-E0-swansea-leicester,null_price
20171021-E1-aston_villa-fulham,null_price
20171021-E1-barnsley-hull,null_price
20171021-E1-bolton-qpr,null_price
20171021-E1-brentford-sunderland,null_price
20171021-E1-bristol_city-leeds,null_price
20171021-E1-derby-sheffield_weds,null_price
20171021-E1-middlesbrough-cardiff,null_price
20171021-E1-millwall-birmingham,null_price
20171021-E1-nott_m_forest-burton,null_price
20171021-E1-sheffield_united-reading,null_price
20171021-E1-wolves-preston,null_price
20171021-F1-amiens-bordeaux,null_price
20171021-F1-angers-toulouse,null_price
20171021-F1-metz-dijon,null_price
20171021-F1-monaco-caen,null_price
20171021-F1-nantes-guingamp,null_price
20171021-F1-rennes-lille,null_price
20171021-I1-napoli-inter,null_price
20171021-I1-sampdoria-crotone,null_price
20171021-SP1-barcelona-malaga,null_price
20171021-SP1-betis-alaves,null_price
20171021-SP1-levante-getafe,null_price
20171021-SP1-valencia-sevilla,null_price
20171022-D1-fc_koln-werder_bremen,null_price
20171022-D1-freiburg-hertha,null_price
20171022-D1-wolfsburg-hoffenheim,null_price
20171022-E0-everton-arsenal,null_price
20171022-E0-tottenham-liverpool,null_price
20171022-E1-ipswich-norwich,null_price
20171022-F1-marseille-paris_sg,null_price
20171022-F1-nice-strasbourg,null_price
20171022-F1-troyes-lyon,null_price
20171022-I1-atalanta-bologna,null_price
20171022-I1-benevento-fiorentina,null_price
20171022-I1-chievo-verona,null_price
20171022-I1-lazio-cagliari,null_price
20171022-I1-milan-genoa,null_price
20171022-I1-spal-sassuolo,null_price
20171022-I1-torino-roma,null_price
20171022-I1-udinese-juventus,null_price
20171022-SP1-celta-ath_madrid,null_price
20171022-SP1-leganes-ath_bilbao,null_price
20171022-SP1-real_madrid-eibar,null_price
20171022-SP1-villarreal-las_palmas,null_price
20171023-SP1-la_coruna-girona,null_price
20171023-SP1-sociedad-espanol,null_price
20171024-I1-inter-sampdoria,null_price
20171025-I1-atalanta-verona,null_price
20171025-I1-bologna-lazio,null_price
20171025-I1-cagliari-benevento,null_price
20171025-I1-chievo-milan,null_price
20171025-I1-fiorentina-torino,null_price
20171025-I1-genoa-napoli,null_price
20171025-I1-juventus-spal,null_price
20171025-I1-roma-crotone,null_price
20171025-I1-sassuolo-udinese,null_price
20171027-D1-mainz-ein_frankfurt,null_price
20171027-E1-leeds-sheffield_united,null_price
20171027-F1-paris_sg-nice,null_price
20171028-D1-bayern_munich-rb_leipzig,null_price
20171028-D1-hannover-dortmund,null_price
20171028-D1-hertha-hamburg,null_price
20171028-D1-hoffenheim-m_gladbach,null_price
20171028-D1-leverkusen-fc_koln,null_price
20171028-D1-schalke_04-wolfsburg,null_price
20171028-E0-arsenal-swansea,null_price
20171028-E0-bournemouth-chelsea,null_price
20171028-E0-crystal_palace-west_ham,null_price
20171028-E0-liverpool-huddersfield,null_price
20171028-E0-man_united-tottenham,null_price
20171028-E0-watford-stoke,null_price
20171028-E0-west_brom-man_city,null_price
20171028-E1-burton-ipswich,null_price
20171028-E1-cardiff-millwall,null_price
20171028-E1-fulham-bolton,null_price
20171028-E1-hull-nott_m_forest,null_price
20171028-E1-norwich-derby,null_price
20171028-E1-preston-brentford,null_price
20171028-E1-qpr-wolves,null_price
20171028-E1-reading-middlesbrough,null_price
20171028-E1-sheffield_weds-barnsley,null_price
20171028-E1-sunderland-bristol_city,null_price
20171028-F1-bordeaux-monaco,null_price
20171028-F1-caen-troyes,null_price
20171028-F1-dijon-nantes,null_price
20171028-F1-guingamp-amiens,null_price
20171028-F1-montpellier-rennes,null_price
20171028-F1-strasbourg-angers,null_price
20171028-I1-milan-juventus,null_price
20171028-I1-roma-bologna,null_price
20171028-SP1-alaves-valencia,null_price
20171028-SP1-ath_bilbao-barcelona,null_price
20171028-SP1-ath_madrid-villarreal,null_price
20171028-SP1-sevilla-leganes,null_price
20171029-D1-stuttgart-freiburg,null_price
20171029-D1-werder_bremen-augsburg,null_price
20171029-E0-brighton-southampton,null_price
20171029-E0-leicester-everton,null_price
20171029-E1-birmingham-aston_villa,null_price
20171029-F1-lille-marseille,null_price
20171029-F1-lyon-metz,null_price
20171029-F1-toulouse-st_etienne,null_price
20171029-I1-benevento-lazio,null_price
20171029-I1-crotone-fiorentina,null_price
20171029-I1-napoli-sassuolo,null_price
20171029-I1-sampdoria-chievo,null_price
20171029-I1-spal-genoa,null_price
20171029-I1-torino-cagliari,null_price
20171029-I1-udinese-atalanta,null_price
20171029-SP1-eibar-levante,null_price
20171029-SP1-getafe-sociedad,null_price
20171029-SP1-girona-real_madrid,null_price
20171029-SP1-malaga-celta,null_price
20171030-E0-burnley-newcastle,null_price
20171030-I1-verona-inter,null_price
20171030-SP1-espanol-betis,null_price
20171030-SP1-las_palmas-la_coruna,null_price
20171031-E1-burton-barnsley,null_price
20171031-E1-cardiff-ipswich,null_price
20171031-E1-fulham-bristol_city,null_price
20171031-E1-hull-middlesbrough,null_price
20171031-E1-leeds-derby,null_price
20171031-E1-norwich-wolves,null_price
20171031-E1-qpr-sheffield_united,null_price
20171031-E1-reading-nott_m_forest,null_price
20171031-E1-sheffield_weds-millwall,null_price
20171031-E1-sunderland-bolton,null_price
20171101-E1-birmingham-brentford,null_price
20171101-E1-preston-aston_villa,null_price
20171103-D1-ein_frankfurt-werder_bremen,null_price
20171103-E1-wolves-fulham,null_price
20171103-F1-rennes-bordeaux,null_price
20171103-SP1-betis-getafe,null_price
20171104-D1-augsburg-leverkusen,null_price
20171104-D1-dortmund-bayern_munich,null_price
20171104-D1-freiburg-schalke_04,null_price
20171104-D1-hamburg-stuttgart,null_price
20171104-D1-m_gladbach-mainz,null_price
20171104-D1-rb_leipzig-hannover,null_price
20171104-E0-huddersfield-west_brom,null_price
20171104-E0-newcastle-bournemouth,null_price
20171104-E0-southampton-burnley,null_price
20171104-E0-stoke-leicester,null_price
20171104-E0-swansea-brighton,null_price
20171104-E0-west_ham-liverpool,null_price
20171104-E1-aston_villa-sheffield_weds,null_price
20171104-E1-barnsley-birmingham,null_price
20171104-E1-bolton-norwich,null_price
20171104-E1-brentford-leeds,null_price
20171104-E1-bristol_city-cardiff,null_price
20171104-E1-derby-reading,null_price
20171104-E1-ipswich-preston,null_price
20171104-E1-millwall-burton,null_price
20171104-E1-nott_m_forest-qpr,null_price
20171104-E1-sheffield_united-hull,null_price
20171104-F1-angers-paris_sg,null_price
20171104-F1-monaco-guingamp,null_price
20171104-F1-montpellier-amiens,null_price
20171104-F1-nantes-toulouse,null_price
20171104-F1-troyes-strasbourg,null_price
20171104-I1-bologna-crotone,null_price
20171104-I1-genoa-sampdoria,null_price
20171104-SP1-alaves-espanol,null_price
20171104-SP1-barcelona-sevilla,null_price
20171104-SP1-la_coruna-ath_madrid,null_price
20171104-SP1-valencia-leganes,null_price
20171105-D1-fc_koln-hoffenheim,null_price
20171105-D1-wolfsburg-hertha,null_price
20171105-E0-chelsea-man_united,null_price
20171105-E0-everton-watford,null_price
20171105-E0-man_city-arsenal,null_price
20171105-E0-tottenham-crystal_palace,null_price
20171105-E1-middlesbrough-sunderland,null_price
20171105-F1-marseille-caen,null_price
20171105-F1-metz-lille,null_price
20171105-F1-nice-dijon,null_price
20171105-F1-st_etienne-lyon,null_price
20171105-I1-atalanta-spal,null_price
20171105-I1-cagliari-verona,null_price
20171105-I1-chievo-napoli,null_price
20171105-I1-fiorentina-roma,null_price
20171105-I1-inter-torino,null_price
20171105-I1-juventus-benevento,null_price
20171105-I1-sassuolo-milan,null_price
20171105-SP1-celta-ath_bilbao,null_price
20171105-SP1-levante-girona,null_price
20171105-SP1-real_madrid-las_palmas,null_price
20171105-SP1-sociedad-eibar,null_price
20171105-SP1-villarreal-malaga,null_price
20171117-D1-stuttgart-dortmund,null_price
20171117-E1-burton-sheffield_united,null_price
20171117-E1-preston-bolton,null_price
20171117-F1-amiens-monaco,null_price
20171117-F1-lille-st_etienne,null_price
20171117-SP1-girona-sociedad,null_price
20171118-D1-bayern_munich-augsburg,null_price
20171118-D1-hertha-m_gladbach,null_price
20171118-D1-hoffenheim-ein_frankfurt,null_price
20171118-D1-leverkusen-rb_leipzig,null_price
20171118-D1-mainz-fc_koln,null_price
20171118-D1-wolfsburg-freiburg,null_price
20171118-E0-arsenal-tottenham,null_price
20171118-E0-bournemouth-huddersfield,null_price
20171118-E0-burnley-swansea,null_price
20171118-E0-crystal_palace-everton,null_price
20171118-E0-leicester-man_city,null_price
20171118-E0-liverpool-southampton,null_price
20171118-E0-man_united-newcastle,null_price
20171118-E0-west_brom-chelsea,null_price
20171118-E1-birmingham-nott_m_forest,null_price
20171118-E1-cardiff-brentford,null_price
20171118-E1-fulham-derby,null_price
20171118-E1-hull-ipswich,null_price
20171118-E1-norwich-barnsley,null_price
20171118-E1-qpr-aston_villa,null_price
20171118-E1-reading-wolves,null_price
20171118-E1-sheffield_weds-bristol_city,null_price
20171118-E1-sunderland-millwall,null_price
20171118-F1-dijon-troyes,null_price
20171118-F1-guingamp-angers,null_price
20171118-F1-paris_sg-nantes,null_price
20171118-F1-strasbourg-rennes,null_price
20171118-F1-toulouse-metz,null_price
20171118-I1-napoli-milan,null_price
20171118-I1-roma-lazio,null_price
20171118-SP1-ath_madrid-real_madrid,null_price
20171118-SP1-getafe-alaves,null_price
20171118-SP1-leganes-barcelona,null_price
20171118-SP1-sevilla-celta,null_price
20171119-D1-schalke_04-hamburg,null_price
20171119-D1-werder_bremen-hannover,null_price
20171119-E0-watford-west_ham,null_price
20171119-E1-leeds-middlesbrough,null_price
20171119-F1-bordeaux-marseille,null_price
20171119-F1-caen-nice,null_price
20171119-F1-lyon-montpellier,null_price
20171119-I1-benevento-sassuolo,null_price
20171119-I1-crotone-genoa,null_price
20171119-I1-inter-atalanta,null_price
20171119-I1-sampdoria-juventus,null_price
20171119-I1-spal-fiorentina,null_price
20171119-I1-torino-chievo,null_price
20171119-I1-udinese-cagliari,null_price
20171119-SP1-ath_bilbao-villarreal,null_price
20171119-SP1-espanol-valencia,null_price
20171119-SP1-las_palmas-levante,null_price
20171119-SP1-malaga-la_coruna,null_price
20171120-E0-brighton-stoke,null_price
20171120-F1-amiens-lille,null_price
20171120-I1-verona-bologna,null_price
20171120-SP1-eibar-betis,null_price
20171121-E1-aston_villa-sunderland,null_price
20171121-E1-barnsley-cardiff,null_price
20171121-E1-bolton-reading,null_price
20171121-E1-brentford-burton,null_price
20171121-E1-bristol_city-preston,null_price
20171121-E1-derby-qpr,null_price
20171121-E1-millwall-hull,null_price
20171121-E1-nott_m_forest-norwich,null_price
20171121-E1-sheffield_united-fulham,null_price
20171122-E1-ipswich-sheffield_weds,null_price
20171122-E1-middlesbrough-birmingham,null_price
20171122-E1-wolves-leeds,null_price
20171124-D1-hannover-stuttgart,null_price
20171124-E0-west_ham-leicester,null_price
20171124-F1-st_etienne-strasbourg,null_price
20171124-SP1-celta-leganes,null_price
20171125-D1-augsburg-wolfsburg,null_price
20171125-D1-dortmund-schalke_04,null_price
20171125-D1-ein_frankfurt-leverkusen,null_price
20171125-D1-freiburg-mainz,null_price
20171125-D1-m_gladbach-bayern_munich,null_price
20171125-D1-rb_leipzig-werder_bremen,null_price
20171125-E0-crystal_palace-stoke,null_price
20171125-E0-liverpool-chelsea,null_price
20171125-E0-man_united-brighton,null_price
20171125-E0-newcastle-watford,null_price
20171125-E0-swansea-bournemouth,null_price
20171125-E0-tottenham-west_brom,null_price
20171125-E1-aston_villa-ipswich,null_price
20171125-E1-barnsley-leeds,null_price
20171125-E1-burton-sunderland,null_price
20171125-E1-fulham-millwall,null_price
20171125-E1-hull-bristol_city,null_price
20171125-E1-middlesbrough-derby,null_price
20171125-E1-norwich-preston,null_price
20171125-E1-reading-sheffield_weds,null_price
20171125-E1-sheffield_united-birmingham,null_price
20171125-E1-wolves-bolton,null_price
20171125-F1-caen-bordeaux,null_price
20171125-F1-dijon-toulouse,null_price
20171125-F1-metz-amiens,null_price
20171125-F1-montpellier-lille,null_price
20171125-F1-rennes-nantes,null_price
20171125-F1-troyes-angers,null_price
20171125-I1-bologna-sampdoria,null_price
20171125-I1-cagliari-inter,null_price
20171125-I1-chievo-spal,null_price
20171125-I1-sassuolo-verona,null_price
20171125-SP1-alaves-eibar,null_price
20171125-SP1-betis-girona,null_price
20171125-SP1-levante-ath_madrid,null_price
20171125-SP1-real_madrid-malaga,null_price
20171126-D1-fc_koln-hertha,null_price
20171126-D1-hamburg-hoffenheim,null_price
20171126-E0-burnley-arsenal,null_price
20171126-E0-huddersfield-man_city,null_price
20171126-E0-southampton-everton,null_price
20171126-E1-nott_m_forest-cardiff,null_price
20171126-F1-marseille-guingamp,null_price
20171126-F1-monaco-paris_sg,null_price
20171126-F1-nice-lyon,null_price
20171126-I1-genoa-roma,null_price
20171126-I1-juventus-crotone,null_price
20171126-I1-lazio-fiorentina,null_price
20171126-I1-milan-torino,null_price
20171126-I1-udinese-napoli,null_price
20171126-SP1-la_coruna-ath_bilbao,null_price
20171126-SP1-sociedad-las_palmas,null_price
20171126-SP1-valencia-barcelona,null_price
20171126-SP1-villarreal-sevilla,null_price
20171127-E1-qpr-brentford,null_price
20171127-I1-atalanta-benevento,null_price
20171127-SP1-espanol-getafe,null_price
20171128-E0-brighton-crystal_palace,null_price
20171128-E0-leicester-tottenham,null_price
20171128-E0-watford-man_united,null_price
20171128-E0-west_brom-newcastle,null_price
20171128-E1-derby-ipswich,null_price
20171128-E1-reading-barnsley,null_price
20171128-F1-amiens-dijon,null_price
20171128-F1-bordeaux-st_etienne,null_price
20171128-F1-strasbourg-caen,null_price
20171129-E0-arsenal-huddersfield,null_price
20171129-E0-bournemouth-burnley,null_price
20171129-E0-chelsea-swansea,null_price
20171129-E0-everton-west_ham,null_price
20171129-E0-man_city-southampton,null_price
20171129-E0-stoke-liverpool,null_price
20171129-F1-angers-rennes,null_price
20171129-F1-guingamp-montpellier,null_price
20171129-F1-lyon-lille,null_price
20171129-F1-metz-marseille,null_price
20171129-F1-nantes-monaco,null_price
20171129-F1-paris_sg-troyes,null_price
20171129-F1-toulouse-nice,null_price
20171201-D1-freiburg-hamburg,null_price
20171201-E1-cardiff-norwich,null_price
20171201-E1-leeds-aston_villa,null_price
20171201-F1-dijon-bordeaux,null_price
20171201-I1-napoli-juventus,null_price
20171201-I1-roma-spal,null_price
20171201-SP1-malaga-levante,null_price
20171202-D1-bayern_munich-hannover,null_price
20171202-D1-hoffenheim-rb_leipzig,null_price
20171202-D1-leverkusen-dortmund,null_price
20171202-D1-mainz-augsburg,null_price
20171202-D1-schalke_04-fc_koln,null_price
20171202-D1-werder_bremen-stuttgart,null_price
20171202-E0-arsenal-man_united,null_price
20171202-E0-brighton-liverpool,null_price
20171202-E0-chelsea-newcastle,null_price
20171202-E0-everton-huddersfield,null_price
20171202-E0-leicester-burnley,null_price
20171202-E0-stoke-swansea,null_price
20171202-E0-watford-tottenham,null_price
20171202-E0-west_brom-crystal_palace,null_price
20171202-E1-bolton-barnsley,null_price
20171202-E1-brentford-fulham,null_price
20171202-E1-bristol_city-middlesbrough,null_price
20171202-E1-derby-burton,null_price
20171202-E1-ipswich-nott_m_forest,null_price
20171202-E1-millwall-sheffield_united,null_price
20171202-E1-preston-qpr,null_price
20171202-E1-sheffield_weds-hull,null_price
20171202-E1-sunderland-reading,null_price
20171202-F1-lille-toulouse,null_price
20171202-F1-monaco-angers,null_price
20171202-F1-nice-metz,null_price
20171202-F1-rennes-amiens,null_price
20171202-F1-strasbourg-paris_sg,null_price
20171202-F1-troyes-guingamp,null_price
20171202-I1-torino-atalanta,null_price
20171202-SP1-ath_bilbao-real_madrid,null_price
20171202-SP1-ath_madrid-sociedad,null_price
20171202-SP1-barcelona-celta,null_price
20171202-SP1-sevilla-la_coruna,null_price
20171203-D1-hertha-ein_frankfurt,null_price
20171203-D1-wolfsburg-m_gladbach,null_price
20171203-E0-bournemouth-southampton,null_price
20171203-E0-man_city-west_ham,null_price
20171203-F1-caen-lyon,null_price
20171203-F1-montpellier-marseille,null_price
20171203-F1-st_etienne-nantes,null_price
20171203-I1-benevento-milan,null_price
20171203-I1-bologna-cagliari,null_price
20171203-I1-fiorentina-sassuolo,null_price
20171203-I1-inter-chievo,null_price
20171203-I1-sampdoria-lazio,null_price
20171203-SP1-eibar-espanol,null_price
20171203-SP1-getafe-valencia,null_price
20171203-SP1-las_palmas-betis,null_price
20171203-SP1-leganes-villarreal,null_price
20171204-E1-birmingham-wolves,null_price
20171204-I1-crotone-udinese,null_price
20171204-I1-verona-genoa,null_price
20171204-SP1-girona-alaves,null_price
20171208-D1-stuttgart-leverkusen,null_price
20171208-E1-sheffield_united-bristol_city,null_price
20171208-F1-bordeaux-strasbourg,null_price
20171208-SP1-alaves-las_palmas,null_price
20171209-D1-dortmund-werder_bremen,null_price
20171209-D1-ein_frankfurt-bayern_munich,null_price
20171209-D1-hamburg-wolfsburg,null_price
20171209-D1-m_gladbach-schalke_04,null_price
20171209-D1-rb_leipzig-mainz,null_price
20171209-E0-burnley-watford,null_price
20171209-E0-crystal_palace-bournemouth,null_price
20171209-E0-huddersfield-brighton,null_price
20171209-E0-newcastle-leicester,null_price
20171209-E0-swansea-west_brom,null_price
20171209-E0-tottenham-stoke,null_price
20171209-E0-west_ham-chelsea,null_price
20171209-E1-aston_villa-millwall,null_price
20171209-E1-barnsley-derby,null_price
20171209-E1-burton-preston,null_price
20171209-E1-fulham-birmingham,null_price
20171209-E1-hull-brentford,null_price
20171209-E1-middlesbrough-ipswich,null_price
20171209-E1-norwich-sheffield_weds,null_price
20171209-E1-nott_m_forest-bolton,null_price
20171209-E1-qpr-leeds,null_price
20171209-E1-wolves-sunderland,null_price
20171209-F1-angers-montpellier,null_price
20171209-F1-guingamp-dijon,null_price
20171209-F1-metz-rennes,null_price
20171209-F1-monaco-troyes,null_price
20171209-F1-paris_sg-lille,null_price
20171209-F1-toulouse-caen,null_price
20171209-I1-cagliari-sampdoria,null_price
20171209-I1-juventus-inter,null_price
20171209-SP1-getafe-eibar,null_price
20171209-SP1-la_coruna-leganes,null_price
20171209-SP1-real_madrid-sevilla,null_price
20171209-SP1-valencia-celta,null_price
20171210-D1-augsburg-hertha,null_price
20171210-D1-fc_koln-freiburg,null_price
20171210-D1-hannover-hoffenheim,null_price
20171210-E0-liverpool-everton,null_price
20171210-E0-man_united-man_city,null_price
20171210-E0-southampton-arsenal,null_price
20171210-F1-amiens-lyon,null_price
20171210-F1-marseille-st_etienne,null_price
20171210-F1-nantes-nice,null_price
20171210-I1-chievo-roma,null_price
20171210-I1-milan-bologna,null_price
20171210-I1-napoli-fiorentina,null_price
20171210-I1-sassuolo-crotone,null_price
20171210-I1-spal-verona,null_price
20171210-I1-udinese-benevento,null_price
20171210-SP1-betis-ath_madrid,null_price
20171210-SP1-levante-ath_bilbao,null_price
20171210-SP1-sociedad-malaga,null_price
20171210-SP1-villarreal-barcelona,null_price
20171211-E1-reading-cardiff,null_price
20171211-I1-lazio-torino,null_price
20171211-SP1-espanol-girona,null_price
20171212-D1-freiburg-m_gladbach,null_price
20171212-D1-hamburg-ein_frankfurt,null_price
20171212-D1-mainz-dortmund,null_price
20171212-D1-wolfsburg-rb_leipzig,null_price
20171212-E0-burnley-stoke,null_price
20171212-E0-crystal_palace-watford,null_price
20171212-E0-huddersfield-chelsea,null_price
20171212-I1-genoa-atalanta,null_price
20171213-D1-bayern_munich-fc_koln,null_price
20171213-D1-hertha-hannover,null_price
20171213-D1-hoffenheim-stuttgart,null_price
20171213-D1-leverkusen-werder_bremen,null_price
20171213-D1-schalke_04-augsburg,null_price
20171213-E0-liverpool-west_brom,null_price
20171213-E0-man_united-bournemouth,null_price
20171213-E0-newcastle-everton,null_price
20171213-E0-southampton-leicester,null_price
20171213-E0-swansea-man_city,null_price
20171213-E0-tottenham-brighton,null_price
20171213-E0-west_ham-arsenal,null_price
20171215-D1-m_gladbach-hamburg,null_price
20171215-E1-sheffield_weds-wolves,null_price
20171215-F1-st_etienne-monaco,null_price
20171215-SP1-sevilla-levante,null_price
20171216-D1-augsburg-freiburg,null_price
20171216-D1-dortmund-hoffenheim,null_price
20171216-D1-ein_frankfurt-schalke_04,null_price
20171216-D1-fc_koln-wolfsburg,null_price
20171216-D1-stuttgart-bayern_munich,null_price
20171216-D1-werder_bremen-mainz,null_price
20171216-E0-arsenal-newcastle,null_price
20171216-E0-brighton-burnley,null_price
20171216-E0-chelsea-southampton,null_price
20171216-E0-leicester-crystal_palace,null_price
20171216-E0-man_city-tottenham,null_price
20171216-E0-stoke-west_ham,null_price
20171216-E0-watford-huddersfield,null_price
20171216-E1-birmingham-qpr,null_price
20171216-E1-bolton-burton,null_price
20171216-E1-brentford-barnsley,null_price
20171216-E1-bristol_city-nott_m_forest,null_price
20171216-E1-cardiff-hull,null_price
20171216-E1-derby-aston_villa,null_price
20171216-E1-ipswich-reading,null_price
20171216-E1-leeds-norwich,null_price
20171216-E1-millwall-middlesbrough,null_price
20171216-E1-preston-sheffield_united,null_price
20171216-E1-sunderland-fulham,null_price
20171216-F1-caen-guingamp,null_price
20171216-F1-dijon-lille,null_price
20171216-F1-montpellier-metz,null_price
20171216-F1-rennes-paris_sg,null_price
20171216-F1-strasbourg-toulouse,null_price
20171216-F1-troyes-amiens,null_price
20171216-I1-inter-udinese,null_price
20171216-I1-roma-cagliari,null_price
20171216-I1-torino-napoli,null_price
20171216-SP1-ath_bilbao-sociedad,null_price
20171216-SP1-ath_madrid-alaves,null_price
20171216-SP1-eibar-valencia,null_price
20171217-D1-hannover-leverkusen,null_price
20171217-D1-rb_leipzig-hertha,null_price
20171217-E0-bournemouth-liverpool,null_price
20171217-E0-west_brom-man_united,null_price
20171217-F1-lyon-marseille,null_price
20171217-F1-nantes-angers,null_price
20171217-F1-nice-bordeaux,null_price
20171217-I1-atalanta-lazio,null_price
20171217-I1-benevento-spal,null_price
20171217-I1-bologna-juventus,null_price
20171217-I1-crotone-chievo,null_price
20171217-I1-fiorentina-genoa,null_price
20171217-I1-sampdoria-sassuolo,null_price
20171217-I1-verona-milan,null_price
20171217-SP1-barcelona-la_coruna,null_price
20171217-SP1-celta-villarreal,null_price
20171217-SP1-girona-getafe,null_price
20171217-SP1-las_palmas-espanol,null_price
20171218-E0-everton-swansea,null_price
20171218-SP1-malaga-betis,null_price
20171219-SP1-levante-leganes,null_price
20171220-F1-amiens-nantes,null_price
20171220-F1-angers-dijon,null_price
20171220-F1-bordeaux-montpellier,null_price
20171220-F1-guingamp-st_etienne,null_price
20171220-F1-lille-nice,null_price
20171220-F1-marseille-troyes,null_price
20171220-F1-metz-strasbourg,null_price
20171220-F1-monaco-rennes,null_price
20171220-F1-paris_sg-caen,null_price
20171220-F1-toulouse-lyon,null_price
20171220-SP1-getafe-las_palmas,null_price
20171220-SP1-sociedad-sevilla,null_price
20171221-SP1-alaves-malaga,null_price
20171221-SP1-eibar-girona,null_price
20171222-E0-arsenal-liverpool,null_price
20171222-E1-norwich-brentford,null_price
20171222-I1-cagliari-fiorentina,null_price
20171222-I1-chievo-bologna,null_price
20171222-SP1-betis-ath_bilbao,null_price
20171222-SP1-espanol-ath_madrid,null_price
20171223-E0-brighton-watford,null_price
20171223-E0-burnley-tottenham,null_price
20171223-E0-everton-chelsea,null_price
20171223-E0-leicester-man_united,null_price
20171223-E0-man_city-bournemouth,null_price
20171223-E0-southampton-huddersfield,null_price
20171223-E0-stoke-west_brom,null_price
20171223-E0-swansea-crystal_palace,null_price
20171223-E0-west_ham-newcastle,null_price
20171223-E1-aston_villa-sheffield_united,null_price
20171223-E1-bolton-cardiff,null_price
20171223-E1-derby-millwall,null_price
20171223-E1-fulham-barnsley,null_price
20171223-E1-leeds-hull,null_price
20171223-E1-preston-nott_m_forest,null_price
20171223-E1-qpr-bristol_city,null_price
20171223-E1-reading-burton,null_price
20171223-E1-sheffield_weds-middlesbrough,null_price
20171223-E1-sunderland-birmingham,null_price
20171223-E1-wolves-ipswich,null_price
20171223-I1-genoa-benevento,null_price
20171223-I1-juventus-roma,null_price
20171223-I1-lazio-crotone,null_price
20171223-I1-milan-atalanta,null_price
20171223-I1-napoli-sampdoria,null_price
20171223-I1-sassuolo-inter,null_price
20171223-I1-spal-torino,null_price
20171223-I1-udinese-verona,null_price
20171223-SP1-la_coruna-celta,null_price
20171223-SP1-real_madrid-barcelona,null_price
20171223-SP1-valencia-villarreal,null_price
20171226-E0-bournemouth-west_ham,null_price
20171226-E0-chelsea-brighton,null_price
20171226-E0-huddersfield-stoke,null_price
20171226-E0-liverpool-swansea,null_price
20171226-E0-man_united-burnley,null_price
20171226-E0-tottenham-southampton,null_price
20171226-E0-watford-leicester,null_price
20171226-E0-west_brom-everton,null_price
20171226-E1-barnsley-preston,null_price
20171226-E1-birmingham-norwich,null_price
20171226-E1-brentford-aston_villa,null_price
20171226-E1-bristol_city-reading,null_price
20171226-E1-burton-leeds,null_price
20171226-E1-cardiff-fulham,null_price
20171226-E1-hull-derby,null_price
20171226-E1-ipswich-qpr,null_price
20171226-E1-middlesbrough-bolton,null_price
20171226-E1-millwall-wolves,null_price
20171226-E1-nott_m_forest-sheffield_weds,null_price
20171226-E1-sheffield_united-sunderland,null_price
20171227-E0-newcastle-man_city,null_price
20171228-E0-crystal_palace-arsenal,null_price
20171229-E1-cardiff-preston,null_price
20171229-E1-millwall-qpr,null_price
20171229-I1-crotone-napoli,null_price
20171230-E0-bournemouth-everton,null_price
20171230-E0-chelsea-stoke,null_price
20171230-E0-huddersfield-burnley,null_price
20171230-E0-liverpool-leicester,null_price
20171230-E0-man_united-southampton,null_price
20171230-E0-newcastle-brighton,null_price
20171230-E0-watford-swansea,null_price
20171230-E1-barnsley-reading,null_price
20171230-E1-birmingham-leeds,null_price
20171230-E1-brentford-sheffield_weds,null_price
20171230-E1-bristol_city-wolves,null_price
20171230-E1-burton-norwich,null_price
20171230-E1-hull-fulham,null_price
20171230-E1-ipswich-derby,null_price
20171230-E1-middlesbrough-aston_villa,null_price
20171230-E1-nott_m_forest-sunderland,null_price
20171230-E1-sheffield_united-bolton,null_price
20171230-I1-atalanta-cagliari,null_price
20171230-I1-benevento-chievo,null_price
20171230-I1-bologna-udinese,null_price
20171230-I1-fiorentina-milan,null_price
20171230-I1-inter-lazio,null_price
20171230-I1-roma-sassuolo,null_price
20171230-I1-sampdoria-spal,null_price
20171230-I1-torino-genoa,null_price
20171230-I1-verona-juventus,null_price
20171231-E0-crystal_palace-man_city,null_price
20171231-E0-west_brom-arsenal,null_price
20180101-E0-brighton-bournemouth,null_price
20180101-E0-burnley-liverpool,null_price
20180101-E0-everton-man_united,null_price
20180101-E0-leicester-huddersfield,null_price
20180101-E0-stoke-newcastle,null_price
20180101-E1-aston_villa-bristol_city,null_price
20180101-E1-bolton-hull,null_price
20180101-E1-derby-sheffield_united,null_price
20180101-E1-leeds-nott_m_forest,null_price
20180101-E1-norwich-millwall,null_price
20180101-E1-preston-middlesbrough,null_price
20180101-E1-qpr-cardiff,null_price
20180101-E1-sheffield_weds-burton,null_price
20180101-E1-sunderland-barnsley,null_price
20180102-E0-man_city-watford,null_price
20180102-E0-southampton-crystal_palace,null_price
20180102-E0-swansea-tottenham,null_price
20180102-E0-west_ham-west_brom,null_price
20180102-E1-fulham-ipswich,null_price
20180102-E1-reading-birmingham,null_price
20180102-E1-wolves-brentford,null_price
20180103-E0-arsenal-chelsea,null_price
20180104-E0-tottenham-west_ham,null_price
20180105-I1-chievo-udinese,null_price
20180105-I1-fiorentina-inter,null_price
20180106-I1-benevento-sampdoria,null_price
20180106-I1-cagliari-juventus,null_price
20180106-I1-genoa-sassuolo,null_price
20180106-I1-milan-crotone,null_price
20180106-I1-napoli-verona,null_price
20180106-I1-roma-atalanta,null_price
20180106-I1-spal-lazio,null_price
20180106-I1-torino-bologna,null_price
20180106-SP1-ath_madrid-getafe,null_price
20180106-SP1-las_palmas-eibar,null_price
20180106-SP1-sevilla-betis,null_price
20180106-SP1-valencia-girona,null_price
20180107-SP1-ath_bilbao-alaves,null_price
20180107-SP1-barcelona-levante,null_price
20180107-SP1-celta-real_madrid,null_price
20180107-SP1-leganes-sociedad,null_price
20180107-SP1-villarreal-la_coruna,null_price
20180108-SP1-malaga-espanol,null_price
20180112-D1-leverkusen-bayern_munich,null_price
20180112-E1-sheffield_united-sheffield_weds,null_price
20180112-F1-strasbourg-guingamp,null_price
20180112-SP1-getafe-malaga,null_price
20180113-D1-augsburg-hamburg,null_price
20180113-D1-ein_frankfurt-freiburg,null_price
20180113-D1-hannover-mainz,null_price
20180113-D1-rb_leipzig-schalke_04,null_price
20180113-D1-stuttgart-hertha,null_price
20180113-D1-werder_bremen-hoffenheim,null_price
20180113-E0-chelsea-leicester,null_price
20180113-E0-crystal_palace-burnley,null_price
20180113-E0-huddersfield-west_ham,null_price
20180113-E0-newcastle-swansea,null_price
20180113-E0-tottenham-everton,null_price
20180113-E0-watford-southampton,null_price
20180113-E0-west_brom-brighton,null_price
20180113-E1-barnsley-wolves,null_price
20180113-E1-birmingham-derby,null_price
20180113-E1-brentford-bolton,null_price
20180113-E1-bristol_city-norwich,null_price
20180113-E1-burton-qpr,null_price
20180113-E1-cardiff-sunderland,null_price
20180113-E1-hull-reading,null_price
20180113-E1-ipswich-leeds,null_price
20180113-E1-middlesbrough-fulham,null_price
20180113-E1-millwall-preston,null_price
20180113-E1-nott_m_forest-aston_villa,null_price
20180113-F1-caen-lille,null_price
20180113-F1-dijon-metz,null_price
20180113-F1-montpellier-monaco,null_price
20180113-F1-nice-amiens,null_price
20180113-F1-rennes-marseille,null_price
20180113-F1-troyes-bordeaux,null_price
20180113-SP1-eibar-ath_madrid,null_price
20180113-SP1-girona-las_palmas,null_price
20180113-SP1-la_coruna-valencia,null_price
20180113-SP1-real_madrid-villarreal,null_price
20180114-D1-dortmund-wolfsburg,null_price
20180114-D1-fc_koln-m_gladbach,null_price
20180114-E0-bournemouth-arsenal,null_price
20180114-E0-liverpool-man_city,null_price
20180114-F1-lyon-angers,null_price
20180114-F1-nantes-paris_sg,null_price
20180114-F1-st_etienne-toulouse,null_price
20180114-SP1-alaves-sevilla,null_price
20180114-SP1-espanol-ath_bilbao,null_price
20180114-SP1-levante-celta,null_price
20180114-SP1-sociedad-barcelona,null_price
20180115-E0-man_united-stoke,null_price
20180115-SP1-betis-leganes,null_price
20180116-F1-bordeaux-caen,null_price
20180116-F1-marseille-strasbourg,null_price
20180116-F1-monaco-nice,null_price
20180117-F1-amiens-montpellier,null_price
20180117-F1-angers-troyes,null_price
20180117-F1-guingamp-lyon,null_price
20180117-F1-lille-rennes,null_price
20180117-F1-metz-st_etienne,null_price
20180117-F1-paris_sg-dijon,null_price
20180117-F1-toulouse-nantes,null_price
20180119-D1-hertha-dortmund,null_price
20180119-E1-derby-bristol_city,null_price
20180119-F1-caen-marseille,null_price
20180119-SP1-getafe-ath_bilbao,null_price
20180120-D1-freiburg-rb_leipzig,null_price
20180120-D1-hamburg-fc_koln,null_price
20180120-D1-hoffenheim-leverkusen,null_price
20180120-D1-m_gladbach-augsburg,null_price
20180120-D1-mainz-stuttgart,null_price
20180120-D1-wolfsburg-ein_frankfurt,null_price
20180120-E0-arsenal-crystal_palace,null_price
20180120-E0-brighton-chelsea,null_price
20180120-E0-burnley-man_united,null_price
20180120-E0-everton-west_brom,null_price
20180120-E0-leicester-watford,null_price
20180120-E0-man_city-newcastle,null_price
20180120-E0-stoke-huddersfield,null_price
20180120-E0-west_ham-bournemouth,null_price
20180120-E1-aston_villa-barnsley,null_price
20180120-E1-bolton-ipswich,null_price
20180120-E1-fulham-burton,null_price
20180120-E1-leeds-millwall,null_price
20180120-E1-norwich-sheffield_united,null_price
20180120-E1-preston-birmingham,null_price
20180120-E1-qpr-middlesbrough,null_price
20180120-E1-reading-brentford,null_price
20180120-E1-sheffield_weds-cardiff,null_price
20180120-E1-sunderland-hull,null_price
20180120-E1-wolves-nott_m_forest,null_price
20180120-F1-amiens-guingamp,null_price
20180120-F1-montpellier-toulouse,null_price
20180120-F1-nantes-bordeaux,null_price
20180120-F1-rennes-angers,null_price
20180120-F1-strasbourg-dijon,null_price
20180120-F1-troyes-lille,null_price
20180120-SP1-ath_madrid-girona,null_price
20180120-SP1-espanol-sevilla,null_price
20180120-SP1-las_palmas-valencia,null_price
20180120-SP1-villarreal-levante,null_price
20180121-D1-bayern_munich-werder_bremen,null_price
20180121-D1-schalke_04-hannover,null_price
20180121-E0-southampton-tottenham,null_price
20180121-F1-lyon-paris_sg,null_price
20180121-F1-monaco-metz,null_price
20180121-F1-nice-st_etienne,null_price
20180121-I1-atalanta-napoli,null_price
20180121-I1-bologna-benevento,null_price
20180121-I1-cagliari-milan,null_price
20180121-I1-inter-roma,null_price
20180121-I1-lazio-chievo,null_price
20180121-I1-sampdoria-fiorentina,null_price
20180121-I1-sassuolo-torino,null_price
20180121-I1-udinese-spal,null_price
20180121-I1-verona-crotone,null_price
20180121-SP1-alaves-leganes,null_price
20180121-SP1-betis-barcelona,null_price
20180121-SP1-real_madrid-la_coruna,null_price
20180121-SP1-sociedad-celta,null_price
20180122-E0-swansea-liverpool,null_price
20180122-I1-juventus-genoa,null_price
20180122-SP1-eibar-malaga,null_price
20180124-I1-lazio-udinese,null_price
20180124-I1-sampdoria-roma,null_price
20180126-D1-ein_frankfurt-m_gladbach,null_price
20180126-F1-dijon-rennes,null_price
20180126-SP1-ath_bilbao-eibar,null_price
20180127-D1-bayern_munich-hoffenheim,null_price
20180127-D1-dortmund-freiburg,null_price
20180127-D1-fc_koln-augsburg,null_price
20180127-D1-rb_leipzig-hamburg,null_price
20180127-D1-stuttgart-schalke_04,null_price
20180127-D1-werder_bremen-hertha,null_price
20180127-E1-barnsley-fulham,null_price
20180127-E1-brentford-norwich,null_price
20180127-E1-bristol_city-qpr,null_price
20180127-E1-ipswich-wolves,null_price
20180127-F1-angers-amiens,null_price
20180127-F1-guingamp-nantes,null_price
20180127-F1-metz-nice,null_price
20180127-F1-paris_sg-montpellier,null_price
20180127-F1-st_etienne-caen,null_price
20180127-F1-toulouse-troyes,null_price
20180127-I1-chievo-juventus,null_price
20180127-I1-sassuolo-atalanta,null_price
20180127-SP1-la_coruna-levante,null_price
20180127-SP1-malaga-girona,null_price
20180127-SP1-valencia-real_madrid,null_price
20180127-SP1-villarreal-sociedad,null_price
20180128-D1-hannover-wolfsburg,null_price
20180128-D1-leverkusen-mainz,null_price
20180128-F1-bordeaux-lyon,null_price
20180128-F1-lille-strasbourg,null_price
20180128-F1-marseille-monaco,null_price
20180128-I1-crotone-cagliari,null_price
20180128-I1-fiorentina-verona,null_price
20180128-I1-genoa-udinese,null_price
20180128-I1-milan-lazio,null_price
20180128-I1-napoli-bologna,null_price
20180128-I1-roma-sampdoria,null_price
20180128-I1-spal-inter,null_price
20180128-I1-torino-benevento,null_price
20180128-SP1-ath_madrid-las_palmas,null_price
20180128-SP1-barcelona-alaves,null_price
20180128-SP1-leganes-espanol,null_price
20180128-SP1-sevilla-getafe,null_price
20180129-SP1-celta-betis,null_price
20180130-E0-huddersfield-liverpool,null_price
20180130-E0-swansea-arsenal,null_price
20180130-E0-west_ham-crystal_palace,null_price
20180130-E1-birmingham-sunderland,null_price
20180130-E1-burton-reading,null_price
20180130-E1-hull-leeds,null_price
20180130-E1-middlesbrough-sheffield_weds,null_price
20180130-E1-millwall-derby,null_price
20180130-E1-nott_m_forest-preston,null_price
20180130-E1-sheffield_united-aston_villa,null_price
20180131-E0-chelsea-bournemouth,null_price
20180131-E0-everton-leicester,null_price
20180131-E0-man_city-west_brom,null_price
20180131-E0-newcastle-burnley,null_price
20180131-E0-southampton-brighton,null_price
20180131-E0-stoke-watford,null_price
20180131-E0-tottenham-man_united,null_price
20180202-D1-fc_koln-dortmund,null_price
20180202-E1-bolton-bristol_city,null_price
20180202-F1-marseille-metz,null_price
20180202-SP1-sociedad-la_coruna,null_price
20180203-D1-freiburg-leverkusen,null_price
20180203-D1-hertha-hoffenheim,null_price
20180203-D1-m_gladbach-rb_leipzig,null_price
20180203-D1-mainz-bayern_munich,null_price
20180203-D1-schalke_04-werder_bremen,null_price
20180203-D1-wolfsburg-stuttgart,null_price
20180203-E0-arsenal-everton,null_price
20180203-E0-bournemouth-stoke,null_price
20180203-E0-brighton-west_ham,null_price
20180203-E0-burnley-man_city,null_price
20180203-E0-leicester-swansea,null_price
20180203-E0-man_united-huddersfield,null_price
20180203-E0-west_brom-southampton,null_price
20180203-E1-aston_villa-burton,null_price
20180203-E1-derby-brentford,null_price
20180203-E1-fulham-nott_m_forest,null_price
20180203-E1-leeds-cardiff,null_price
20180203-E1-norwich-middlesbrough,null_price
20180203-E1-preston-hull,null_price
20180203-E1-qpr-barnsley,null_price
20180203-E1-reading-millwall,null_price
20180203-E1-sheffield_weds-birmingham,null_price
20180203-E1-sunderland-ipswich,null_price
20180203-E1-wolves-sheffield_united,null_price
20180203-F1-amiens-st_etienne,null_price
20180203-F1-lille-paris_sg,null_price
20180203-F1-montpellier-angers,null_price
20180203-F1-nice-toulouse,null_price
20180203-F1-strasbourg-bordeaux,null_price
20180203-I1-inter-crotone,null_price
20180203-I1-sampdoria-torino,null_price
20180203-SP1-alaves-celta,null_price
20180203-SP1-betis-villarreal,null_price
20180203-SP1-eibar-sevilla,null_price
20180203-SP1-levante-real_madrid,null_price
20180204-D1-augsburg-ein_frankfurt,null_price
20180204-D1-hamburg-hannover,null_price
20180204-E0-crystal_palace-newcastle,null_price
20180204-E0-liverpool-tottenham,null_price
20180204-F1-caen-nantes,null_price
20180204-F1-monaco-lyon,null_price
20180204-F1-rennes-guingamp,null_price
20180204-I1-atalanta-chievo,null_price
20180204-I1-benevento-napoli,null_price
20180204-I1-bologna-fiorentina,null_price
20180204-I1-cagliari-spal,null_price
20180204-I1-juventus-sassuolo,null_price
20180204-I1-udinese-milan,null_price
20180204-I1-verona-roma,null_price
20180204-SP1-ath_madrid-valencia,null_price
20180204-SP1-espanol-barcelona,null_price
20180204-SP1-getafe-leganes,null_price
20180204-SP1-girona-ath_bilbao,null_price
20180205-E0-watford-chelsea,null_price
20180205-I1-lazio-genoa,null_price
20180205-SP1-las_palmas-malaga,null_price
20180209-D1-rb_leipzig-augsburg,null_price
20180209-E1-millwall-cardiff,null_price
20180209-F1-st_etienne-marseille,null_price
20180209-I1-fiorentina-juventus,null_price
20180209-SP1-ath_bilbao-las_palmas,null_price
20180210-D1-bayern_munich-schalke_04,null_price
20180210-D1-dortmund-hamburg,null_price
20180210-D1-ein_frankfurt-fc_koln,null_price
20180210-D1-hannover-freiburg,null_price
20180210-D1-hoffenheim-mainz,null_price
20180210-D1-leverkusen-hertha,null_price
20180210-E0-everton-crystal_palace,null_price
20180210-E0-man_city-leicester,null_price
20180210-E0-stoke-brighton,null_price
20180210-E0-swansea-burnley,null_price
20180210-E0-tottenham-arsenal,null_price
20180210-E0-west_ham-watford,null_price
20180210-E1-barnsley-sheffield_weds,null_price
20180210-E1-bolton-fulham,null_price
20180210-E1-brentford-preston,null_price
20180210-E1-bristol_city-sunderland,null_price
20180210-E1-derby-norwich,null_price
20180210-E1-ipswich-burton,null_price
20180210-E1-middlesbrough-reading,null_price
20180210-E1-nott_m_forest-hull,null_price
20180210-E1-sheffield_united-leeds,null_price
20180210-E1-wolves-qpr,null_price
20180210-F1-angers-monaco,null_price
20180210-F1-bordeaux-amiens,null_price
20180210-F1-dijon-nice,null_price
20180210-F1-guingamp-caen,null_price
20180210-F1-metz-montpellier,null_price
20180210-F1-toulouse-paris_sg,null_price
20180210-I1-crotone-atalanta,null_price
20180210-I1-napoli-lazio,null_price
20180210-I1-spal-milan,null_price
20180210-SP1-leganes-eibar,null_price
20180210-SP1-malaga-ath_madrid,null_price
20180210-SP1-real_madrid-sociedad,null_price
20180210-SP1-villarreal-alaves,null_price
20180211-D1-stuttgart-m_gladbach,null_price
20180211-D1-werder_bremen-wolfsburg,null_price
20180211-E0-huddersfield-bournemouth,null_price
20180211-E0-newcastle-man_united,null_price
20180211-E0-southampton-liverpool,null_price
20180211-E1-aston_villa-birmingham,null_price
20180211-F1-lyon-rennes,null_price
20180211-F1-nantes-lille,null_price
20180211-F1-strasbourg-troyes,null_price
20180211-I1-chievo-genoa,null_price
20180211-I1-inter-bologna,null_price
20180211-I1-roma-benevento,null_price
20180211-I1-sampdoria-verona,null_price
20180211-I1-sassuolo-cagliari,null_price
20180211-I1-torino-udinese,null_price
20180211-SP1-barcelona-getafe,null_price
20180211-SP1-celta-espanol,null_price
20180211-SP1-sevilla-girona,null_price
20180211-SP1-valencia-levante,null_price
20180212-E0-chelsea-west_brom,null_price
20180212-SP1-la_coruna-betis,null_price
20180213-E1-cardiff-bolton,null_price
20180213-E1-sheffield_weds-derby,null_price
20180216-D1-hertha-mainz,null_price
20180216-F1-monaco-dijon,null_price
20180216-SP1-girona-leganes,null_price
20180217-D1-fc_koln-hannover,null_price
20180217-D1-freiburg-werder_bremen,null_price
20180217-D1-hamburg-leverkusen,null_price
20180217-D1-schalke_04-hoffenheim,null_price
20180217-D1-wolfsburg-bayern_munich,null_price
20180217-E1-birmingham-millwall,null_price
20180217-E1-burton-nott_m_forest,null_price
20180217-E1-cardiff-middlesbrough,null_price
20180217-E1-fulham-aston_villa,null_price
20180217-E1-preston-wolves,null_price
20180217-E1-qpr-bolton,null_price
20180217-E1-sunderland-brentford,null_price
20180217-F1-amiens-toulouse,null_price
20180217-F1-angers-st_etienne,null_price
20180217-F1-caen-rennes,null_price
20180217-F1-montpellier-guingamp,null_price
20180217-F1-paris_sg-strasbourg,null_price
20180217-F1-troyes-metz,null_price
20180217-I1-chievo-cagliari,null_price
20180217-I1-genoa-inter,null_price
20180217-I1-udinese-roma,null_price
20180217-SP1-alaves-la_coruna,null_price
20180217-SP1-eibar-barcelona,null_price
20180217-SP1-las_palmas-sevilla,null_price
20180217-SP1-malaga-valencia,null_price
20180218-D1-augsburg-stuttgart,null_price
20180218-D1-m_gladbach-dortmund,null_price
20180218-E1-leeds-bristol_city,null_price
20180218-E1-norwich-ipswich,null_price
20180218-F1-lille-lyon,null_price
20180218-F1-marseille-bordeaux,null_price
20180218-F1-nice-nantes,null_price
20180218-I1-atalanta-fiorentina,null_price
20180218-I1-benevento-crotone,null_price
20180218-I1-bologna-sassuolo,null_price
20180218-I1-milan-sampdoria,null_price
20180218-I1-napoli-spal,null_price
20180218-I1-torino-juventus,null_price
20180218-SP1-ath_madrid-ath_bilbao,null_price
20180218-SP1-betis-real_madrid,null_price
20180218-SP1-espanol-villarreal,null_price
20180218-SP1-sociedad-levante,null_price
20180219-D1-ein_frankfurt-rb_leipzig,null_price
20180219-I1-lazio-verona,null_price
20180219-SP1-getafe-celta,null_price
20180220-E1-aston_villa-preston,null_price
20180220-E1-barnsley-burton,null_price
20180220-E1-bolton-sunderland,null_price
20180220-E1-brentford-birmingham,null_price
20180220-E1-middlesbrough-hull,null_price
20180220-E1-millwall-sheffield_weds,null_price
20180220-E1-nott_m_forest-reading,null_price
20180220-E1-sheffield_united-qpr,null_price
20180220-F1-troyes-dijon,null_price
20180221-E1-bristol_city-fulham,null_price
20180221-E1-derby-leeds,null_price
20180221-E1-ipswich-cardiff,null_price
20180221-E1-wolves-norwich,null_price
20180221-SP1-leganes-real_madrid,null_price
20180223-D1-mainz-wolfsburg,null_price
20180223-E1-hull-sheffield_united,null_price
20180223-F1-strasbourg-montpellier,null_price
20180223-SP1-la_coruna-espanol,null_price
20180224-D1-bayern_munich-hertha,null_price
20180224-D1-hannover-m_gladbach,null_price
20180224-D1-hoffenheim-freiburg,null_price
20180224-D1-stuttgart-ein_frankfurt,null_price
20180224-D1-werder_bremen-hamburg,null_price
20180224-E0-bournemouth-newcastle,null_price
20180224-E0-brighton-swansea,null_price
20180224-E0-burnley-southampton,null_price
20180224-E0-leicester-stoke,null_price
20180224-E0-liverpool-west_ham,null_price
20180224-E0-watford-everton,null_price
20180224-E0-west_brom-huddersfield,null_price
20180224-E1-birmingham-barnsley,null_price
20180224-E1-burton-millwall,null_price
20180224-E1-fulham-wolves,null_price
20180224-E1-leeds-brentford,null_price
20180224-E1-norwich-bolton,null_price
20180224-E1-preston-ipswich,null_price
20180224-E1-qpr-nott_m_forest,null_price
20180224-E1-reading-derby,null_price
20180224-E1-sheffield_weds-aston_villa,null_price
20180224-E1-sunderland-middlesbrough,null_price
20180224-F1-dijon-caen,null_price
20180224-F1-guingamp-metz,null_price
20180224-F1-lille-angers,null_price
20180224-F1-nantes-amiens,null_price
20180224-F1-rennes-troyes,null_price
20180224-F1-toulouse-monaco,null_price
20180224-I1-bologna-genoa,null_price
20180224-I1-inter-benevento,null_price
20180224-SP1-barcelona-girona,null_price
20180224-SP1-celta-eibar,null_price
20180224-SP1-leganes-las_palmas,null_price
20180224-SP1-real_madrid-alaves,null_price
20180225-D1-leverkusen-schalke_04,null_price
20180225-D1-rb_leipzig-fc_koln,null_price
20180225-E0-crystal_palace-tottenham,null_price
20180225-E0-man_united-chelsea,null_price
20180225-E1-cardiff-bristol_city,null_price
20180225-F1-bordeaux-nice,null_price
20180225-F1-lyon-st_etienne,null_price
20180225-F1-paris_sg-marseille,null_price
20180225-I1-crotone-spal,null_price
20180225-I1-fiorentina-chievo,null_price
20180225-I1-roma-milan,null_price
20180225-I1-sampdoria-udinese,null_price
20180225-I1-sassuolo-lazio,null_price
20180225-I1-verona-torino,null_price
20180225-SP1-ath_bilbao-malaga,null_price
20180225-SP1-sevilla-ath_madrid,null_price
20180225-SP1-valencia-sociedad,null_price
20180225-SP1-villarreal-getafe,null_price
20180226-D1-dortmund-augsburg,null_price
20180226-I1-cagliari-napoli,null_price
20180226-SP1-levante-betis,null_price
20180227-E1-hull-barnsley,null_price
20180227-E1-reading-sheffield_united,null_price
20180227-SP1-espanol-real_madrid,null_price
20180227-SP1-girona-celta,null_price
20180228-SP1-ath_bilbao-valencia,null_price
20180228-SP1-ath_madrid-leganes,null_price
20180228-SP1-eibar-villarreal,null_price
20180228-SP1-getafe-la_coruna,null_price
20180228-SP1-malaga-sevilla,null_price
20180301-E0-arsenal-man_city,null_price
20180301-SP1-alaves-levante,null_price
20180301-SP1-betis-sociedad,null_price
20180301-SP1-las_palmas-barcelona,null_price
20180302-D1-m_gladbach-werder_bremen,null_price
20180302-E1-middlesbrough-leeds,null_price
20180302-F1-monaco-bordeaux,null_price
20180302-F1-nice-lille,null_price
20180303-D1-augsburg-hoffenheim,null_price
20180303-D1-ein_frankfurt-hannover,null_price
20180303-D1-hamburg-mainz,null_price
20180303-D1-rb_leipzig-dortmund,null_price
20180303-D1-schalke_04-hertha,null_price
20180303-D1-wolfsburg-leverkusen,null_price
20180303-E0-burnley-everton,null_price
20180303-E0-leicester-bournemouth,null_price
20180303-E0-liverpool-newcastle,null_price
20180303-E0-southampton-stoke,null_price
20180303-E0-swansea-west_ham,null_price
20180303-E0-tottenham-huddersfield,null_price
20180303-E0-watford-west_brom,null_price
20180303-E1-bolton-preston,null_price
20180303-E1-bristol_city-sheffield_weds,null_price
20180303-E1-derby-fulham,null_price
20180303-E1-millwall-sunderland,null_price
20180303-E1-nott_m_forest-birmingham,null_price
20180303-F1-amiens-rennes,null_price
20180303-F1-angers-guingamp,null_price
20180303-F1-metz-toulouse,null_price
20180303-F1-st_etienne-dijon,null_price
20180303-F1-troyes-paris_sg,null_price
20180303-I1-lazio-juventus,null_price
20180303-I1-napoli-roma,null_price
20180303-I1-spal-bologna,null_price
20180303-SP1-la_coruna-eibar,null_price
20180303-SP1-leganes-malaga,null_price
20180303-SP1-real_madrid-getafe,null_price
20180303-SP1-sevilla-ath_bilbao,null_price
20180303-SP1-villarreal-girona,null_price
20180304-D1-fc_koln-stuttgart,null_price
20180304-D1-freiburg-bayern_munich,null_price
20180304-E0-brighton-arsenal,null_price
20180304-E0-man_city-chelsea,null_price
20180304-F1-caen-strasbourg,null_price
20180304-F1-marseille-nantes,null_price
20180304-F1-montpellier-lyon,null_price
20180304-SP1-barcelona-ath_madrid,null_price
20180304-SP1-levante-espanol,null_price
20180304-SP1-sociedad-alaves,null_price
20180304-SP1-valencia-betis,null_price
20180305-E0-crystal_palace-man_united,null_price
20180305-SP1-celta-las_palmas,null_price
20180306-E1-birmingham-middlesbrough,null_price
20180306-E1-burton-brentford,null_price
20180306-E1-cardiff-barnsley,null_price
20180306-E1-fulham-sheffield_united,null_price
20180306-E1-hull-millwall,null_price
20180306-E1-norwich-nott_m_forest,null_price
20180306-E1-preston-bristol_city,null_price
20180306-E1-qpr-derby,null_price
20180306-E1-reading-bolton,null_price
20180306-E1-sheffield_weds-ipswich,null_price
20180306-E1-sunderland-aston_villa,null_price
20180307-E1-leeds-wolves,null_price
20180309-D1-mainz-schalke_04,null_price
20180309-F1-strasbourg-monaco,null_price
20180309-I1-roma-torino,null_price
20180309-SP1-girona-la_coruna,null_price
20180310-D1-bayern_munich-hamburg,null_price
20180310-D1-hannover-augsburg,null_price
20180310-D1-hertha-freiburg,null_price
20180310-D1-hoffenheim-wolfsburg,null_price
20180310-D1-leverkusen-m_gladbach,null_price
20180310-E0-chelsea-crystal_palace,null_price
20180310-E0-everton-brighton,null_price
20180310-E0-huddersfield-swansea,null_price
20180310-E0-man_united-liverpool,null_price
20180310-E0-newcastle-southampton,null_price
20180310-E0-west_brom-leicester,null_price
20180310-E0-west_ham-burnley,null_price
20180310-E1-aston_villa-wolves,null_price
20180310-E1-burton-bristol_city,null_price
20180310-E1-cardiff-birmingham,null_price
20180310-E1-hull-norwich,null_price
20180310-E1-ipswich-sheffield_united,null_price
20180310-E1-middlesbrough-barnsley,null_price
20180310-E1-millwall-brentford,null_price
20180310-E1-preston-fulham,null_price
20180310-E1-qpr-sunderland,null_price
20180310-E1-reading-leeds,null_price
20180310-E1-sheffield_weds-bolton,null_price
20180310-F1-bordeaux-angers,null_price
20180310-F1-dijon-amiens,null_price
20180310-F1-lille-montpellier,null_price
20180310-F1-nantes-troyes,null_price
20180310-F1-paris_sg-metz,null_price
20180310-F1-rennes-st_etienne,null_price
20180310-I1-verona-chievo,null_price
20180310-SP1-eibar-real_madrid,null_price
20180310-SP1-getafe-levante,null_price
20180310-SP1-malaga-barcelona,null_price
20180310-SP1-sevilla-valencia,null_price
20180311-D1-dortmund-ein_frankfurt,null_price
20180311-D1-stuttgart-rb_leipzig,null_price
20180311-E0-arsenal-watford,null_price
20180311-E0-bournemouth-tottenham,null_price
20180311-E1-nott_m_forest-derby,null_price
20180311-F1-guingamp-nice,null_price
20180311-F1-lyon-caen,null_price
20180311-F1-toulouse-marseille,null_price
20180311-I1-bologna-atalanta,null_price
20180311-I1-cagliari-lazio,null_price
20180311-I1-crotone-sampdoria,null_price
20180311-I1-fiorentina-benevento,null_price
20180311-I1-genoa-milan,null_price
20180311-I1-inter-napoli,null_price
20180311-I1-juventus-udinese,null_price
20180311-I1-sassuolo-spal,null_price
20180311-SP1-ath_bilbao-leganes,null_price
20180311-SP1-ath_madrid-celta,null_price
20180311-SP1-espanol-sociedad,null_price
20180311-SP1-las_palmas-villarreal,null_price
20180312-D1-werder_bremen-fc_koln,null_price
20180312-E0-stoke-man_city,null_price
20180312-SP1-alaves-betis,null_price
20180313-E1-aston_villa-qpr,null_price
20180313-E1-barnsley-norwich,null_price
20180313-E1-brentford-cardiff,null_price
20180313-E1-ipswich-hull,null_price
20180313-E1-sheffield_united-burton,null_price
20180313-E1-wolves-reading,null_price
20180314-F1-paris_sg-angers,null_price
20180314-I1-juventus-atalanta,null_price
20180316-D1-freiburg-stuttgart,null_price
20180316-F1-monaco-lille,null_price
20180316-SP1-levante-eibar,null_price
20180317-D1-augsburg-werder_bremen,null_price
20180317-D1-ein_frankfurt-mainz,null_price
20180317-D1-hamburg-hertha,null_price
20180317-D1-m_gladbach-hoffenheim,null_price
20180317-D1-wolfsburg-schalke_04,null_price
20180317-E0-bournemouth-west_brom,null_price
20180317-E0-huddersfield-crystal_palace,null_price
20180317-E0-liverpool-watford,null_price
20180317-E0-stoke-everton,null_price
20180317-E1-barnsley-millwall,null_price
20180317-E1-birmingham-hull,null_price
20180317-E1-bolton-aston_villa,null_price
20180317-E1-brentford-middlesbrough,null_price
20180317-E1-bristol_city-ipswich,null_price
20180317-E1-fulham-qpr,null_price
20180317-E1-leeds-sheffield_weds,null_price
20180317-E1-norwich-reading,null_price
20180317-E1-sheffield_united-nott_m_forest,null_price
20180317-E1-sunderland-preston,null_price
20180317-E1-wolves-burton,null_price
20180317-F1-amiens-troyes,null_price
20180317-F1-angers-caen,null_price
20180317-F1-bordeaux-rennes,null_price
20180317-F1-montpellier-dijon,null_price
20180317-F1-toulouse-strasbourg,null_price
20180317-I1-spal-juventus,null_price
20180317-I1-udinese-sassuolo,null_price
20180317-SP1-betis-espanol,null_price
20180317-SP1-la_coruna-las_palmas,null_price
20180317-SP1-sociedad-getafe,null_price
20180317-SP1-valencia-alaves,null_price
20180318-D1-dortmund-hannover,null_price
20180318-D1-fc_koln-leverkusen,null_price
20180318-D1-rb_leipzig-bayern_munich,null_price
20180318-F1-marseille-lyon,null_price
20180318-F1-metz-nantes,null_price
20180318-F1-nice-paris_sg,null_price
20180318-F1-st_etienne-guingamp,null_price
20180318-I1-benevento-cagliari,null_price
20180318-I1-crotone-roma,null_price
20180318-I1-lazio-bologna,null_price
20180318-I1-milan-chievo,null_price
20180318-I1-napoli-genoa,null_price
20180318-I1-sampdoria-inter,null_price
20180318-I1-torino-fiorentina,null_price
20180318-I1-verona-atalanta,null_price
20180318-SP1-barcelona-ath_bilbao,null_price
20180318-SP1-celta-malaga,null_price
20180318-SP1-leganes-sevilla,null_price
20180318-SP1-real_madrid-girona,null_price
20180318-SP1-villarreal-ath_madrid,null_price
20180330-E1-barnsley-bristol_city,null_price
20180330-E1-brentford-sheffield_united,null_price
20180330-E1-cardiff-burton,null_price
20180330-E1-derby-sunderland,null_price
20180330-E1-leeds-bolton,null_price
20180330-E1-middlesbrough-wolves,null_price
20180330-E1-millwall-nott_m_forest,null_price
20180330-E1-norwich-fulham,null_price
20180330-E1-reading-qpr,null_price
20180330-E1-sheffield_weds-preston,null_price
20180331-D1-bayern_munich-dortmund,null_price
20180331-D1-hannover-rb_leipzig,null_price
20180331-D1-hertha-wolfsburg,null_price
20180331-D1-hoffenheim-fc_koln,null_price
20180331-D1-leverkusen-augsburg,null_price
20180331-D1-schalke_04-freiburg,null_price
20180331-D1-stuttgart-hamburg,null_price
20180331-E0-brighton-leicester,null_price
20180331-E0-crystal_palace-liverpool,null_price
20180331-E0-everton-man_city,null_price
20180331-E0-man_united-swansea,null_price
20180331-E0-newcastle-huddersfield,null_price
20180331-E0-watford-bournemouth,null_price
20180331-E0-west_brom-burnley,null_price
20180331-E0-west_ham-southampton,null_price
20180331-E1-birmingham-ipswich,null_price
20180331-E1-hull-aston_villa,null_price
20180331-F1-dijon-marseille,null_price
20180331-I1-atalanta-udinese,null_price
20180331-I1-bologna-roma,null_price
20180331-I1-cagliari-torino,null_price
20180331-I1-chievo-sampdoria,null_price
20180331-I1-fiorentina-crotone,null_price
20180331-I1-genoa-spal,null_price
20180331-I1-inter-verona,null_price
20180331-I1-juventus-milan,null_price
20180331-I1-lazio-benevento,null_price
20180331-I1-sassuolo-napoli,null_price
20180331-SP1-ath_bilbao-celta,null_price
20180331-SP1-girona-levante,null_price
20180331-SP1-las_palmas-real_madrid,null_price
20180331-SP1-sevilla-barcelona,null_price
20180401-D1-mainz-m_gladbach,null_price
20180401-D1-werder_bremen-ein_frankfurt,null_price
20180401-E0-arsenal-stoke,null_price
20180401-E0-chelsea-tottenham,null_price
20180401-F1-caen-montpellier,null_price
20180401-F1-guingamp-bordeaux,null_price
20180401-F1-lille-amiens,null_price
20180401-F1-lyon-toulouse,null_price
20180401-F1-nantes-st_etienne,null_price
20180401-F1-strasbourg-metz,null_price
20180401-F1-troyes-nice,null_price
20180401-SP1-ath_madrid-la_coruna,null_price
20180401-SP1-eibar-sociedad,null_price
20180401-SP1-espanol-alaves,null_price
20180401-SP1-leganes-valencia,null_price
20180401-SP1-malaga-villarreal,null_price
20180402-E1-bristol_city-brentford,null_price
20180402-E1-burton-middlesbrough,null_price
20180402-E1-ipswich-millwall,null_price
20180402-E1-preston-derby,null_price
20180402-E1-qpr-norwich,null_price
20180402-E1-sheffield_united-cardiff,null_price
20180402-E1-sunderland-sheffield_weds,null_price
20180402-SP1-getafe-betis,null_price
20180403-E1-aston_villa-reading,null_price
20180403-E1-bolton-birmingham,null_price
20180403-E1-fulham-leeds,null_price
20180403-E1-wolves-hull,null_price
20180403-I1-atalanta-sampdoria,null_price
20180403-I1-genoa-cagliari,null_price
20180403-I1-udinese-fiorentina,null_price
20180404-F1-rennes-monaco,null_price
20180404-I1-benevento-verona,null_price
20180404-I1-chievo-sassuolo,null_price
20180404-I1-milan-inter,null_price
20180404-I1-torino-crotone,null_price
20180406-D1-hannover-werder_bremen,null_price
20180406-E1-cardiff-wolves,null_price
20180406-F1-st_etienne-paris_sg,null_price
20180406-SP1-la_coruna-malaga,null_price
20180407-D1-augsburg-bayern_munich,null_price
20180407-D1-fc_koln-mainz,null_price
20180407-D1-freiburg-wolfsburg,null_price
20180407-D1-hamburg-schalke_04,null_price
20180407-D1-m_gladbach-hertha,null_price
20180407-E0-bournemouth-crystal_palace,null_price
20180407-E0-brighton-huddersfield,null_price
20180407-E0-everton-liverpool,null_price
20180407-E0-leicester-newcastle,null_price
20180407-E0-man_city-man_united,null_price
20180407-E0-stoke-tottenham,null_price
20180407-E0-watford-burnley,null_price
20180407-E0-west_brom-swansea,null_price
20180407-E1-barnsley-sheffield_united,null_price
20180407-E1-birmingham-burton,null_price
20180407-E1-brentford-ipswich,null_price
20180407-E1-derby-bolton,null_price
20180407-E1-hull-qpr,null_price
20180407-E1-leeds-sunderland,null_price
20180407-E1-middlesbrough-nott_m_forest,null_price
20180407-E1-millwall-bristol_city,null_price
20180407-E1-norwich-aston_villa,null_price
20180407-E1-reading-preston,null_price
20180407-E1-sheffield_weds-fulham,null_price
20180407-F1-amiens-caen,null_price
20180407-F1-angers-strasbourg,null_price
20180407-F1-bordeaux-lille,null_price
20180407-F1-guingamp-troyes,null_price
20180407-F1-monaco-nantes,null_price
20180407-F1-toulouse-dijon,null_price
20180407-I1-benevento-juventus,null_price
20180407-I1-roma-fiorentina,null_price
20180407-I1-sampdoria-genoa,null_price
20180407-I1-spal-atalanta,null_price
20180407-SP1-alaves-getafe,null_price
20180407-SP1-barcelona-leganes,null_price
20180407-SP1-betis-eibar,null_price
20180407-SP1-celta-sevilla,null_price
20180408-D1-dortmund-stuttgart,null_price
20180408-D1-ein_frankfurt-hoffenheim,null_price
20180408-E0-arsenal-southampton,null_price
20180408-E0-chelsea-west_ham,null_price
20180408-F1-marseille-montpellier,null_price
20180408-F1-metz-lyon,null_price
20180408-F1-nice-rennes,null_price
20180408-I1-crotone-bologna,null_price
20180408-I1-milan-sassuolo,null_price
20180408-I1-napoli-chievo,null_price
20180408-I1-torino-inter,null_price
20180408-I1-udinese-lazio,null_price
20180408-I1-verona-cagliari,null_price
20180408-SP1-levante-las_palmas,null_price
20180408-SP1-real_madrid-ath_madrid,null_price
20180408-SP1-sociedad-girona,null_price
20180408-SP1-valencia-espanol,null_price
20180409-D1-rb_leipzig-leverkusen,null_price
20180409-SP1-villarreal-ath_bilbao,null_price
20180410-E1-aston_villa-cardiff,null_price
20180410-E1-bolton-millwall,null_price
20180410-E1-bristol_city-birmingham,null_price
20180410-E1-burton-hull,null_price
20180410-E1-fulham-reading,null_price
20180410-E1-ipswich-barnsley,null_price
20180410-E1-nott_m_forest-brentford,null_price
20180410-E1-preston-leeds,null_price
20180410-E1-qpr-sheffield_weds,null_price
20180410-E1-sheffield_united-middlesbrough,null_price
20180410-E1-sunderland-norwich,null_price
20180411-E1-wolves-derby,null_price
20180413-D1-wolfsburg-augsburg,null_price
20180413-E1-aston_villa-leeds,null_price
20180413-F1-angers-nice,null_price
20180413-SP1-girona-betis,null_price
20180414-D1-bayern_munich-m_gladbach,null_price
20180414-D1-hertha-fc_koln,null_price
20180414-D1-hoffenheim-hamburg,null_price
20180414-D1-leverkusen-ein_frankfurt,null_price
20180414-D1-stuttgart-hannover,null_price
20180414-E0-burnley-leicester,null_price
20180414-E0-crystal_palace-brighton,null_price
20180414-E0-huddersfield-watford,null_price
20180414-E0-liverpool-bournemouth,null_price
20180414-E0-southampton-chelsea,null_price
20180414-E0-swansea-everton,null_price
20180414-E0-tottenham-man_city,null_price
20180414-E1-barnsley-bolton,null_price
20180414-E1-burton-derby,null_price
20180414-E1-fulham-brentford,null_price
20180414-E1-hull-sheffield_weds,null_price
20180414-E1-middlesbrough-bristol_city,null_price
20180414-E1-norwich-cardiff,null_price
20180414-E1-nott_m_forest-ipswich,null_price
20180414-E1-qpr-preston,null_price
20180414-E1-reading-sunderland,null_price
20180414-E1-sheffield_united-millwall,null_price
20180414-F1-lille-guingamp,null_price
20180414-F1-lyon-amiens,null_price
20180414-F1-nantes-dijon,null_price
20180414-F1-rennes-metz,null_price
20180414-F1-strasbourg-st_etienne,null_price
20180414-I1-atalanta-inter,null_price
20180414-I1-cagliari-udinese,null_price
20180414-I1-chievo-torino,null_price
20180414-I1-genoa-crotone,null_price
20180414-SP1-ath_bilbao-la_coruna,null_price
20180414-SP1-barcelona-valencia,null_price
20180414-SP1-las_palmas-sociedad,null_price
20180414-SP1-leganes-celta,null_price
20180414-SP1-sevilla-villarreal,null_price
20180415-D1-schalke_04-dortmund,null_price
20180415-D1-werder_bremen-rb_leipzig,null_price
20180415-E0-man_united-west_brom,null_price
20180415-E0-newcastle-arsenal,null_price
20180415-E1-wolves-birmingham,null_price
20180415-F1-montpellier-bordeaux,null_price
20180415-F1-paris_sg-monaco,null_price
20180415-F1-troyes-marseille,null_price
20180415-I1-bologna-verona,null_price
20180415-I1-fiorentina-spal,null_price
20180415-I1-juventus-sampdoria,null_price
20180415-I1-lazio-roma,null_price
20180415-I1-milan-napoli,null_price
20180415-I1-sassuolo-benevento,null_price
20180415-SP1-ath_madrid-levante,null_price
20180415-SP1-eibar-alaves,null_price
20180415-SP1-getafe-espanol,null_price
20180415-SP1-malaga-real_madrid,null_price
20180416-D1-mainz-freiburg,null_price
20180416-E0-west_ham-stoke,null_price
20180417-E0-brighton-tottenham,null_price
20180417-I1-inter-cagliari,null_price
20180417-SP1-celta-barcelona,null_price
20180417-SP1-la_coruna-sevilla,null_price
20180417-SP1-villarreal-leganes,null_price
20180418-E0-bournemouth-man_united,null_price
20180418-I1-benevento-atalanta,null_price
20180418-I1-crotone-juventus,null_price
20180418-I1-fiorentina-lazio,null_price
20180418-I1-napoli-udinese,null_price
20180418-I1-roma-genoa,null_price
20180418-I1-sampdoria-bologna,null_price
20180418-I1-spal-chievo,null_price
20180418-I1-torino-milan,null_price
20180418-I1-verona-sassuolo,null_price
20180418-SP1-espanol-eibar,null_price
20180418-SP1-real_madrid-ath_bilbao,null_price
20180418-SP1-valencia-getafe,null_price
20180419-E0-burnley-chelsea,null_price
20180419-E0-leicester-southampton,null_price
20180419-SP1-alaves-girona,null_price
20180419-SP1-betis-las_palmas,null_price
20180419-SP1-levante-malaga,null_price
20180419-SP1-sociedad-ath_madrid,null_price
20180420-D1-m_gladbach-wolfsburg,null_price
20180420-E1-millwall-fulham,null_price
20180420-F1-dijon-lyon,null_price
20180420-F1-nantes-rennes,null_price
20180420-SP1-leganes-la_coruna,null_price
20180421-D1-dortmund-leverkusen,null_price
20180421-D1-ein_frankfurt-hertha,null_price
20180421-D1-hamburg-freiburg,null_price
20180421-D1-hannover-bayern_munich,null_price
20180421-D1-rb_leipzig-hoffenheim,null_price
20180421-D1-stuttgart-werder_bremen,null_price
20180421-E0-watford-crystal_palace,null_price
20180421-E0-west_brom-liverpool,null_price
20180421-E1-birmingham-sheffield_united,null_price
20180421-E1-bolton-wolves,null_price
20180421-E1-brentford-qpr,null_price
20180421-E1-bristol_city-hull,null_price
20180421-E1-cardiff-nott_m_forest,null_price
20180421-E1-derby-middlesbrough,null_price
20180421-E1-ipswich-aston_villa,null_price
20180421-E1-leeds-barnsley,null_price
20180421-E1-preston-norwich,null_price
20180421-E1-sheffield_weds-reading,null_price
20180421-E1-sunderland-burton,null_price
20180421-F1-amiens-strasbourg,null_price
20180421-F1-guingamp-monaco,null_price
20180421-F1-marseille-lille,null_price
20180421-F1-metz-caen,null_price
20180421-F1-toulouse-angers,null_price
20180421-I1-milan-benevento,null_price
20180421-I1-sassuolo-fiorentina,null_price
20180421-I1-spal-roma,null_price
20180421-SP1-celta-valencia,null_price
20180421-SP1-eibar-getafe,null_price
20180422-D1-augsburg-mainz,null_price
20180422-D1-fc_koln-schalke_04,null_price
20180422-E0-arsenal-west_ham,null_price
20180422-E0-man_city-swansea,null_price
20180422-E0-stoke-burnley,null_price
20180422-F1-bordeaux-paris_sg,null_price
20180422-F1-nice-montpellier,null_price
20180422-F1-st_etienne-troyes,null_price
20180422-I1-atalanta-torino,null_price
20180422-I1-cagliari-bologna,null_price
20180422-I1-chievo-inter,null_price
20180422-I1-juventus-napoli,null_price
20180422-I1-lazio-sampdoria,null_price
20180422-I1-udinese-crotone,null_price
20180422-SP1-ath_madrid-betis,null_price
20180422-SP1-girona-espanol,null_price
20180422-SP1-las_palmas-alaves,null_price
20180422-SP1-malaga-sociedad,null_price
20180423-E0-everton-newcastle,null_price
20180423-I1-genoa-verona,null_price
20180423-SP1-ath_bilbao-levante,null_price
20180424-E1-derby-cardiff,null_price
20180424-E1-nott_m_forest-barnsley,null_price
20180425-F1-caen-toulouse,null_price
20180427-D1-hoffenheim-hannover,null_price
20180427-E1-fulham-sunderland,null_price
20180427-F1-montpellier-st_etienne,null_price
20180427-SP1-levante-sevilla,null_price
20180428-D1-bayern_munich-ein_frankfurt,null_price
20180428-D1-freiburg-fc_koln,null_price
20180428-D1-hertha-augsburg,null_price
20180428-D1-leverkusen-stuttgart,null_price
20180428-D1-schalke_04-m_gladbach,null_price
20180428-D1-wolfsburg-hamburg,null_price
20180428-E0-burnley-brighton,null_price
20180428-E0-crystal_palace-leicester,null_price
20180428-E0-huddersfield-everton,null_price
20180428-E0-liverpool-stoke,null_price
20180428-E0-newcastle-west_brom,null_price
20180428-E0-southampton-bournemouth,null_price
20180428-E0-swansea-chelsea,null_price
20180428-E1-aston_villa-derby,null_price
20180428-E1-barnsley-brentford,null_price
20180428-E1-burton-bolton,null_price
20180428-E1-hull-cardiff,null_price
20180428-E1-middlesbrough-millwall,null_price
20180428-E1-norwich-leeds,null_price
20180428-E1-nott_m_forest-bristol_city,null_price
20180428-E1-qpr-birmingham,null_price
20180428-E1-reading-ipswich,null_price
20180428-E1-sheffield_united-preston,null_price
20180428-E1-wolves-sheffield_weds,null_price
20180428-F1-bordeaux-dijon,null_price
20180428-F1-lille-metz,null_price
20180428-F1-lyon-nantes,null_price
20180428-F1-monaco-amiens,null_price
20180428-F1-strasbourg-nice,null_price
20180428-F1-troyes-caen,null_price
20180428-I1-inter-juventus,null_price
20180428-I1-roma-chievo,null_price
20180428-SP1-espanol-las_palmas,null_price
20180428-SP1-real_madrid-leganes,null_price
20180428-SP1-sociedad-ath_bilbao,null_price
20180428-SP1-villarreal-celta,null_price
20180429-D1-mainz-rb_leipzig,null_price
20180429-D1-werder_bremen-dortmund,null_price
20180429-E0-man_united-arsenal,null_price
20180429-E0-west_ham-man_city,null_price
20180429-F1-angers-marseille,null_price
20180429-F1-paris_sg-guingamp,null_price
20180429-F1-rennes-toulouse,null_price
20180429-I1-atalanta-genoa,null_price
20180429-I1-benevento-udinese,null_price
20180429-I1-bologna-milan,null_price
20180429-I1-crotone-sassuolo,null_price
20180429-I1-fiorentina-napoli,null_price
20180429-I1-sampdoria-cagliari,null_price
20180429-I1-torino-lazio,null_price
20180429-I1-verona-spal,null_price
20180429-SP1-alaves-ath_madrid,null_price
20180429-SP1-getafe-girona,null_price
20180429-SP1-la_coruna-barcelona,null_price
20180429-SP1-valencia-eibar,null_price
20180430-E0-tottenham-watford,null_price
20180430-SP1-betis-malaga,null_price
20180504-E0-brighton-man_united,null_price
20180504-F1-amiens-paris_sg,null_price
20180504-SP1-sevilla-sociedad,null_price
20180505-D1-augsburg-schalke_04,null_price
20180505-D1-dortmund-mainz,null_price
20180505-D1-ein_frankfurt-hamburg,null_price
20180505-D1-fc_koln-bayern_munich,null_price
20180505-D1-hannover-hertha,null_price
20180505-D1-m_gladbach-freiburg,null_price
20180505-D1-rb_leipzig-wolfsburg,null_price
20180505-D1-stuttgart-hoffenheim,null_price
20180505-D1-werder_bremen-leverkusen,null_price
20180505-E0-bournemouth-swansea,null_price
20180505-E0-everton-southampton,null_price
20180505-E0-leicester-west_ham,null_price
20180505-E0-stoke-crystal_palace,null_price
20180505-E0-watford-newcastle,null_price
20180505-E0-west_brom-tottenham,null_price
20180505-I1-juventus-bologna,null_price
20180505-I1-milan-verona,null_price
20180505-SP1-ath_bilbao-betis,null_price
20180505-SP1-celta-la_coruna,null_price
20180505-SP1-girona-eibar,null_price
20180505-SP1-villarreal-valencia,null_price
20180506-E0-arsenal-burnley,null_price
20180506-E0-chelsea-liverpool,null_price
20180506-E0-man_city-huddersfield,null_price
20180506-E1-birmingham-fulham,null_price
20180506-E1-bolton-nott_m_forest,null_price
20180506-E1-brentford-hull,null_price
20180506-E1-bristol_city-sheffield_united,null_price
20180506-E1-cardiff-reading,null_price
20180506-E1-derby-barnsley,null_price
20180506-E1-ipswich-middlesbrough,null_price
20180506-E1-leeds-qpr,null_price
20180506-E1-millwall-aston_villa,null_price
20180506-E1-preston-burton,null_price
20180506-E1-sheffield_weds-norwich,null_price
20180506-E1-sunderland-wolves,null_price
20180506-F1-caen-monaco,null_price
20180506-F1-dijon-guingamp,null_price
20180506-F1-lyon-troyes,null_price
20180506-F1-marseille-nice,null_price
20180506-F1-metz-angers,null_price
20180506-F1-nantes-montpellier,null_price
20180506-F1-rennes-strasbourg,null_price
20180506-F1-st_etienne-bordeaux,null_price
20180506-F1-toulouse-lille,null_price
20180506-I1-cagliari-roma,null_price
20180506-I1-chievo-crotone,null_price
20180506-I1-genoa-fiorentina,null_price
20180506-I1-lazio-atalanta,null_price
20180506-I1-napoli-torino,null_price
20180506-I1-sassuolo-sampdoria,null_price
20180506-I1-spal-benevento,null_price
20180506-I1-udinese-inter,null_price
20180506-SP1-ath_madrid-espanol,null_price
20180506-SP1-barcelona-real_madrid,null_price
20180506-SP1-las_palmas-getafe,null_price
20180506-SP1-malaga-alaves,null_price
20180507-SP1-leganes-levante,null_price
20180508-E0-swansea-southampton,null_price
20180509-E0-chelsea-huddersfield,null_price
20180509-E0-leicester-arsenal,null_price
20180509-E0-man_city-brighton,null_price
20180509-E0-tottenham-newcastle,null_price
20180509-SP1-barcelona-villarreal,null_price
20180509-SP1-sevilla-real_madrid,null_price
20180510-E0-west_ham-man_united,null_price
20180511-F1-guingamp-marseille,null_price
20180512-D1-bayern_munich-stuttgart,null_price
20180512-D1-freiburg-augsburg,null_price
20180512-D1-hamburg-m_gladbach,null_price
20180512-D1-hertha-rb_leipzig,null_price
20180512-D1-hoffenheim-dortmund,null_price
20180512-D1-leverkusen-hannover,null_price
20180512-D1-mainz-werder_bremen,null_price
20180512-D1-schalke_04-ein_frankfurt,null_price
20180512-D1-wolfsburg-fc_koln,null_price
20180512-F1-amiens-metz,null_price
20180512-F1-angers-nantes,null_price
20180512-F1-bordeaux-toulouse,null_price
20180512-F1-lille-dijon,null_price
20180512-F1-monaco-st_etienne,null_price
20180512-F1-montpellier-troyes,null_price
20180512-F1-nice-caen,null_price
20180512-F1-paris_sg-rennes,null_price
20180512-F1-strasbourg-lyon,null_price
20180512-I1-benevento-genoa,null_price
20180512-I1-inter-sassuolo,null_price
20180512-SP1-alaves-ath_bilbao,null_price
20180512-SP1-betis-sevilla,null_price
20180512-SP1-eibar-las_palmas,null_price
20180512-SP1-getafe-ath_madrid,null_price
20180512-SP1-girona-valencia,null_price
20180512-SP1-la_coruna-villarreal,null_price
20180512-SP1-real_madrid-celta,null_price
20180512-SP1-sociedad-leganes,null_price
20180513-E0-burnley-bournemouth,null_price
20180513-E0-crystal_palace-west_brom,null_price
20180513-E0-huddersfield-arsenal,null_price
20180513-E0-liverpool-brighton,null_price
20180513-E0-man_united-watford,null_price
20180513-E0-newcastle-chelsea,null_price
20180513-E0-southampton-man_city,null_price
20180513-E0-swansea-stoke,null_price
20180513-E0-tottenham-leicester,null_price
20180513-E0-west_ham-everton,null_price
20180513-I1-atalanta-milan,null_price
20180513-I1-bologna-chievo,null_price
20180513-I1-crotone-lazio,null_price
20180513-I1-fiorentina-cagliari,null_price
20180513-I1-roma-juventus,null_price
20180513-I1-sampdoria-napoli,null_price
20180513-I1-torino-spal,null_price
20180513-I1-verona-udinese,null_price
20180513-SP1-espanol-malaga,null_price
20180513-SP1-levante-barcelona,null_price
20180519-F1-caen-paris_sg,null_price
20180519-F1-dijon-angers,null_price
20180519-F1-lyon-nice,null_price
20180519-F1-marseille-amiens,null_price
20180519-F1-metz-bordeaux,null_price
20180519-F1-nantes-strasbourg,null_price
20180519-F1-rennes-montpellier,null_price
20180519-F1-st_etienne-lille,null_price
20180519-F1-toulouse-guingamp,null_price
20180519-F1-troyes-monaco,null_price
20180519-I1-juventus-verona,null_price
20180519-SP1-celta-levante,null_price
20180519-SP1-las_palmas-girona,null_price
20180519-SP1-leganes-betis,null_price
20180519-SP1-malaga-getafe,null_price
20180519-SP1-sevilla-alaves,null_price
20180519-SP1-villarreal-real_madrid,null_price
20180520-I1-cagliari-atalanta,null_price
20180520-I1-chievo-benevento,null_price
20180520-I1-genoa-torino,null_price
20180520-I1-lazio-inter,null_price
20180520-I1-milan-fiorentina,null_price
20180520-I1-napoli-crotone,null_price
20180520-I1-sassuolo-roma,null_price
20180520-I1-spal-sampdoria,null_price
20180520-I1-udinese-bologna,null_price
20180520-SP1-ath_bilbao-espanol,null_price
20180520-SP1-ath_madrid-eibar,null_price
20180520-SP1-barcelona-sociedad,null_price
20180520-SP1-valencia-la_coruna,null_price
20180803-E1-reading-derby,null_price
20180804-E1-birmingham-norwich,null_price
20180804-E1-brentford-rotherham,null_price
20180804-E1-bristol_city-nott_m_forest,null_price
20180804-E1-ipswich-blackburn,null_price
20180804-E1-millwall-middlesbrough,null_price
20180804-E1-preston-qpr,null_price
20180804-E1-sheffield_united-swansea,null_price
20180804-E1-west_brom-bolton,null_price
20180804-E1-wigan-sheffield_weds,null_price
20180805-E1-leeds-stoke,null_price
20180806-E1-hull-aston_villa,null_price
20180807-E1-middlesbrough-sheffield_united,null_price
20180807-E1-nott_m_forest-west_brom,null_price
20180810-E0-man_united-leicester,null_price
20180810-F1-marseille-toulouse,null_price
20180811-E0-bournemouth-cardiff,null_price
20180811-E0-fulham-crystal_palace,null_price
20180811-E0-huddersfield-chelsea,null_price
20180811-E0-newcastle-tottenham,null_price
20180811-E0-watford-brighton,null_price
20180811-E0-wolves-everton,null_price
20180811-E1-aston_villa-wigan,null_price
20180811-E1-blackburn-millwall,null_price
20180811-E1-bolton-bristol_city,null_price
20180811-E1-derby-leeds,null_price
20180811-E1-middlesbrough-birmingham,null_price
20180811-E1-norwich-west_brom,null_price
20180811-E1-nott_m_forest-reading,null_price
20180811-E1-qpr-sheffield_united,null_price
20180811-E1-rotherham-ipswich,null_price
20180811-E1-sheffield_weds-hull,null_price
20180811-E1-stoke-brentford,null_price
20180811-E1-swansea-preston,null_price
20180811-F1-angers-nimes,null_price
20180811-F1-lille-rennes,null_price
20180811-F1-montpellier-dijon,null_price
20180811-F1-nantes-monaco,null_price
20180811-F1-nice-reims,null_price
20180811-F1-st_etienne-guingamp,null_price
20180812-E0-arsenal-man_city,null_price
20180812-E0-liverpool-west_ham,null_price
20180812-E0-southampton-burnley,null_price
20180812-F1-bordeaux-strasbourg,null_price
20180812-F1-lyon-amiens,null_price
20180812-F1-paris_sg-caen,null_price
20180817-E1-birmingham-swansea,null_price
20180817-F1-reims-lyon,null_price
20180817-SP1-betis-levante,null_price
20180817-SP1-girona-valladolid,null_price
20180818-E0-cardiff-newcastle,null_price
20180818-E0-chelsea-arsenal,null_price
20180818-E0-everton-southampton,null_price
20180818-E0-leicester-wolves,null_price
20180818-E0-tottenham-fulham,null_price
20180818-E0-west_ham-bournemouth,null_price
20180818-E1-bristol_city-middlesbrough,null_price
20180818-E1-hull-blackburn,null_price
20180818-E1-ipswich-aston_villa,null_price
20180818-E1-leeds-rotherham,null_price
20180818-E1-millwall-derby,null_price
20180818-E1-preston-stoke,null_price
20180818-E1-reading-bolton,null_price
20180818-E1-sheffield_united-norwich,null_price
20180818-E1-west_brom-qpr,null_price
20180818-E1-wigan-nott_m_forest,null_price
20180818-F1-amiens-montpellier,null_price
20180818-F1-caen-nice,null_price
20180818-F1-dijon-nantes,null_price
20180818-F1-guingamp-paris_sg,null_price
20180818-F1-monaco-lille,null_price
20180818-F1-rennes-angers,null_price
20180818-I1-chievo-juventus,null_price
20180818-I1-lazio-napoli,null_price
20180818-SP1-barcelona-alaves,null_price
20180818-SP1-celta-espanol,null_price
20180818-SP1-villarreal-sociedad,null_price
20180819-E0-brighton-man_united,null_price
20180819-E0-burnley-watford,null_price
20180819-E0-man_city-huddersfield,null_price
20180819-E1-brentford-sheffield_weds,null_price
20180819-F1-nimes-marseille,null_price
20180819-F1-strasbourg-st_etienne,null_price
20180819-F1-toulouse-bordeaux,null_price
20180819-I1-bologna-spal,null_price
20180819-I1-empoli-cagliari,null_price
20180819-I1-parma-udinese,null_price
20180819-I1-sassuolo-inter,null_price
20180819-I1-torino-roma,null_price
20180819-SP1-eibar-huesca,null_price
20180819-SP1-real_madrid-getafe,null_price
20180819-SP1-vallecano-sevilla,null_price
20180820-E0-crystal_palace-liverpool,null_price
20180820-I1-atalanta-frosinone,null_price
20180820-SP1-ath_bilbao-leganes,null_price
20180820-SP1-valencia-ath_madrid,null_price
20180821-E1-derby-ipswich,null_price
20180821-E1-qpr-bristol_city,null_price
20180821-E1-rotherham-hull,null_price
20180821-E1-swansea-leeds,null_price
20180822-E1-aston_villa-brentford,null_price
20180822-E1-blackburn-reading,null_price
20180822-E1-bolton-birmingham,null_price
20180822-E1-norwich-preston,null_price
20180822-E1-sheffield_weds-millwall,null_price
20180822-E1-stoke-wigan,null_price
20180824-D1-bayern_munich-hoffenheim,null_price
20180824-E1-middlesbrough-west_brom,null_price
20180824-F1-lyon-strasbourg,null_price
20180824-SP1-getafe-eibar,null_price
20180824-SP1-leganes-sociedad,null_price
20180825-D1-fortuna_dusseldorf-augsburg,null_price
20180825-D1-freiburg-ein_frankfurt,null_price
20180825-D1-hertha-nurnberg,null_price
20180825-D1-m_gladbach-leverkusen,null_price
20180825-D1-werder_bremen-hannover,null_price
20180825-D1-wolfsburg-schalke_04,null_price
20180825-E0-arsenal-west_ham,null_price
20180825-E0-bournemouth-everton,null_price
20180825-E0-huddersfield-cardiff,null_price
20180825-E0-liverpool-brighton,null_price
20180825-E0-southampton-leicester,null_price
20180825-E0-wolves-man_city,null_price
20180825-E1-aston_villa-reading,null_price
20180825-E1-blackburn-brentford,null_price
20180825-E1-bolton-sheffield_united,null_price
20180825-E1-derby-preston,null_price
20180825-E1-norwich-leeds,null_price
20180825-E1-nott_m_forest-birmingham,null_price
20180825-E1-qpr-wigan,null_price
20180825-E1-sheffield_weds-ipswich,null_price
20180825-E1-stoke-hull,null_price
20180825-E1-swansea-bristol_city,null_price
20180825-F1-amiens-reims,null_price
20180825-F1-montpellier-st_etienne,null_price
20180825-F1-nantes-caen,null_price
20180825-F1-nice-dijon,null_price
20180825-F1-paris_sg-angers,null_price
20180825-F1-toulouse-nimes,null_price
20180825-I1-juventus-lazio,null_price
20180825-I1-napoli-milan,null_price
20180825-SP1-alaves-betis,null_price
20180825-SP1-ath_madrid-vallecano,null_price
20180825-SP1-valladolid-barcelona,null_price
20180826-D1-dortmund-rb_leipzig,null_price
20180826-D1-mainz-stuttgart,null_price
20180826-E0-fulham-burnley,null_price
20180826-E0-newcastle-chelsea,null_price
20180826-E0-watford-crystal_palace,null_price
20180826-E1-rotherham-millwall,null_price
20180826-F1-bordeaux-monaco,null_price
20180826-F1-lille-guingamp,null_price
20180826-F1-marseille-rennes,null_price
20180826-I1-cagliari-sassuolo,null_price
20180826-I1-fiorentina-chievo,null_price
20180826-I1-frosinone-bologna,null_price
20180826-I1-genoa-empoli,null_price
20180826-I1-inter-torino,null_price
20180826-I1-spal-parma,null_price
20180826-I1-udinese-sampdoria,null_price
20180826-SP1-espanol-valencia,null_price
20180826-SP1-girona-real_madrid,null_price
20180826-SP1-sevilla-villarreal,null_price
20180827-E0-man_united-tottenham,null_price
20180827-I1-roma-atalanta,null_price
20180827-SP1-ath_bilbao-huesca,null_price
20180827-SP1-levante-celta,null_price
20180831-D1-hannover-dortmund,null_price
20180831-E1-leeds-middlesbrough,null_price
20180831-F1-lyon-nice,null_price
20180831-I1-milan-roma,null_price
20180831-SP1-eibar-sociedad,null_price
20180831-SP1-getafe-valladolid,null_price
20180831-SP1-villarreal-girona,null_price
20180901-D1-augsburg-m_gladbach,null_price
20180901-D1-ein_frankfurt-werder_bremen,null_price
20180901-D1-hoffenheim-freiburg,null_price
20180901-D1-leverkusen-wolfsburg,null_price
20180901-D1-nurnberg-mainz,null_price
20180901-D1-stuttgart-bayern_munich,null_price
20180901-E0-brighton-fulham,null_price
20180901-E0-chelsea-bournemouth,null_price
20180901-E0-crystal_palace-southampton,null_price
20180901-E0-everton-huddersfield,null_price
20180901-E0-leicester-liverpool,null_price
20180901-E0-man_city-newcastle,null_price
20180901-E0-west_ham-wolves,null_price
20180901-E1-birmingham-qpr,null_price
20180901-E1-brentford-nott_m_forest,null_price
20180901-E1-hull-derby,null_price
20180901-E1-millwall-swansea,null_price
20180901-E1-preston-bolton,null_price
20180901-E1-reading-sheffield_weds,null_price
20180901-E1-sheffield_united-aston_villa,null_price
20180901-E1-west_brom-stoke,null_price
20180901-E1-wigan-rotherham,null_price
20180901-F1-angers-lille,null_price
20180901-F1-dijon-caen,null_price
20180901-F1-guingamp-toulouse,null_price
20180901-F1-nimes-paris_sg,null_price
20180901-F1-reims-montpellier,null_price
20180901-F1-strasbourg-nantes,null_price
20180901-I1-bologna-inter,null_price
20180901-I1-parma-juventus,null_price
20180901-SP1-celta-ath_madrid,null_price
20180901-SP1-real_madrid-leganes,null_price
20180902-D1-rb_leipzig-fortuna_dusseldorf,null_price
20180902-D1-schalke_04-hertha,null_price
20180902-E0-burnley-man_united,null_price
20180902-E0-cardiff-arsenal,null_price
20180902-E0-watford-tottenham,null_price
20180902-E1-bristol_city-blackburn,null_price
20180902-E1-ipswich-norwich,null_price
20180902-F1-monaco-marseille,null_price
20180902-F1-rennes-bordeaux,null_price
20180902-F1-st_etienne-amiens,null_price
20180902-I1-atalanta-cagliari,null_price
20180902-I1-chievo-empoli,null_price
20180902-I1-fiorentina-udinese,null_price
20180902-I1-lazio-frosinone,null_price
20180902-I1-sampdoria-napoli,null_price
20180902-I1-sassuolo-genoa,null_price
20180902-I1-torino-spal,null_price
20180902-SP1-alaves-espanol,null_price
20180902-SP1-barcelona-huesca,null_price
20180902-SP1-betis-sevilla,null_price
20180902-SP1-levante-valencia,null_price
20180914-D1-dortmund-ein_frankfurt,null_price
20180914-E1-birmingham-west_brom,null_price
20180914-F1-nice-rennes,null_price
20180914-F1-paris_sg-st_etienne,null_price
20180914-SP1-huesca-vallecano,null_price
20180915-D1-bayern_munich-leverkusen,null_price
20180915-D1-fortuna_dusseldorf-hoffenheim,null_price
20180915-D1-m_gladbach-schalke_04,null_price
20180915-D1-mainz-augsburg,null_price
20180915-D1-rb_leipzig-hannover,null_price
20180915-D1-wolfsburg-hertha,null_price
20180915-E0-bournemouth-leicester,null_price
20180915-E0-chelsea-cardiff,null_price
20180915-E0-huddersfield-crystal_palace,null_price
20180915-E0-man_city-fulham,null_price
20180915-E0-newcastle-arsenal,null_price
20180915-E0-tottenham-liverpool,null_price
20180915-E0-watford-man_united,null_price
20180915-E1-blackburn-aston_villa,null_price
20180915-E1-bolton-qpr,null_price
20180915-E1-brentford-wigan,null_price
20180915-E1-bristol_city-sheffield_united,null_price
20180915-E1-hull-ipswich,null_price
20180915-E1-millwall-leeds,null_price
20180915-E1-norwich-middlesbrough,null_price
20180915-E1-preston-reading,null_price
20180915-E1-rotherham-derby,null_price
20180915-E1-sheffield_weds-stoke,null_price
20180915-E1-swansea-nott_m_forest,null_price
20180915-F1-amiens-lille,null_price
20180915-F1-caen-lyon,null_price
20180915-F1-dijon-angers,null_price
20180915-F1-montpellier-strasbourg,null_price
20180915-F1-toulouse-monaco,null_price
20180915-I1-frosinone-sampdoria,null_price
20180915-I1-inter-parma,null_price
20180915-I1-napoli-fiorentina,null_price
20180915-SP1-ath_bilbao-real_madrid,null_price
20180915-SP1-ath_madrid-eibar,null_price
20180915-SP1-sociedad-barcelona,null_price
20180915-SP1-valencia-betis,null_price
20180916-D1-freiburg-stuttgart,null_price
20180916-D1-werder_bremen-nurnberg,null_price
20180916-E0-everton-west_ham,null_price
20180916-E0-wolves-burnley,null_price
20180916-F1-bordeaux-nimes,null_price
20180916-F1-marseille-guingamp,null_price
20180916-F1-nantes-reims,null_price
20180916-I1-cagliari-milan,null_price
20180916-I1-empoli-lazio,null_price
20180916-I1-genoa-bologna,null_price
20180916-I1-juventus-sassuolo,null_price
20180916-I1-roma-chievo,null_price
20180916-I1-udinese-torino,null_price
20180916-SP1-espanol-levante,null_price
20180916-SP1-leganes-villarreal,null_price
20180916-SP1-sevilla-getafe,null_price
20180916-SP1-valladolid-alaves,null_price
20180917-E0-southampton-brighton,null_price
20180917-I1-spal-atalanta,null_price
20180917-SP1-girona-celta,null_price
20180918-E1-aston_villa-rotherham,null_price
20180918-E1-derby-blackburn,null_price
20180918-E1-ipswich-brentford,null_price
20180918-E1-leeds-preston,null_price
20180918-E1-stoke-swansea,null_price
20180918-E1-west_brom-bristol_city,null_price
20180918-E1-wigan-hull,null_price
20180919-E1-middlesbrough-bolton,null_price
20180919-E1-nott_m_forest-sheffield_weds,null_price
20180919-E1-qpr-millwall,null_price
20180919-E1-reading-norwich,null_price
20180919-E1-sheffield_united-birmingham,null_price
20180919-I1-sampdoria-fiorentina,null_price
20180921-D1-stuttgart-fortuna_dusseldorf,null_price
20180921-E1-wigan-bristol_city,null_price
20180921-F1-monaco-nimes,null_price
20180921-I1-sassuolo-empoli,null_price
20180921-SP1-huesca-sociedad,null_price
20180922-D1-augsburg-werder_bremen,null_price
20180922-D1-hertha-m_gladbach,null_price
20180922-D1-hoffenheim-dortmund,null_price
20180922-D1-nurnberg-hannover,null_price
20180922-D1-schalke_04-bayern_munich,null_price
20180922-D1-wolfsburg-freiburg,null_price
20180922-E0-brighton-tottenham,null_price
20180922-E0-burnley-bournemouth,null_price
20180922-E0-cardiff-man_city,null_price
20180922-E0-crystal_palace-newcastle,null_price
20180922-E0-fulham-watford,null_price
20180922-E0-leicester-huddersfield,null_price
20180922-E0-liverpool-southampton,null_price
20180922-E0-man_united-wolves,null_price
20180922-E1-aston_villa-sheffield_weds,null_price
20180922-E1-derby-brentford,null_price
20180922-E1-ipswich-bolton,null_price
20180922-E1-leeds-birmingham,null_price
20180922-E1-middlesbrough-swansea,null_price
20180922-E1-nott_m_forest-rotherham,null_price
20180922-E1-qpr-norwich,null_price
20180922-E1-reading-hull,null_price
20180922-E1-sheffield_united-preston,null_price
20180922-E1-stoke-blackburn,null_price
20180922-E1-west_brom-millwall,null_price
20180922-F1-angers-toulouse,null_price
20180922-F1-lille-nantes,null_price
20180922-F1-montpellier-nice,null_price
20180922-F1-reims-dijon,null_price
20180922-F1-st_etienne-caen,null_price
20180922-F1-strasbourg-amiens,null_price
20180922-I1-fiorentina-spal,null_price
20180922-I1-parma-cagliari,null_price
20180922-I1-sampdoria-inter,null_price
20180922-SP1-celta-valladolid,null_price
20180922-SP1-eibar-leganes,null_price
20180922-SP1-getafe-ath_madrid,null_price
20180922-SP1-real_madrid-espanol,null_price
20180922-SP1-vallecano-alaves,null_price
20180923-D1-ein_frankfurt-rb_leipzig,null_price
20180923-D1-leverkusen-mainz,null_price
20180923-E0-arsenal-everton,null_price
20180923-E0-west_ham-chelsea,null_price
20180923-F1-guingamp-bordeaux,null_price
20180923-F1-lyon-marseille,null_price
20180923-F1-rennes-paris_sg,null_price
20180923-I1-bologna-roma,null_price
20180923-I1-chievo-udinese,null_price
20180923-I1-frosinone-juventus,null_price
20180923-I1-lazio-genoa,null_price
20180923-I1-milan-atalanta,null_price
20180923-I1-torino-napoli,null_price
20180923-SP1-barcelona-girona,null_price
20180923-SP1-betis-ath_bilbao,null_price
20180923-SP1-levante-sevilla,null_price
20180923-SP1-villarreal-valencia,null_price
20180925-D1-bayern_munich-augsburg,null_price
20180925-D1-freiburg-schalke_04,null_price
20180925-D1-hannover-hoffenheim,null_price
20180925-D1-werder_bremen-hertha,null_price
20180925-F1-monaco-angers,null_price
20180925-F1-nantes-nice,null_price
20180925-F1-toulouse-st_etienne,null_price
20180925-I1-inter-fiorentina,null_price
20180925-SP1-ath_madrid-huesca,null_price
20180925-SP1-espanol-eibar,null_price
20180925-SP1-sociedad-vallecano,null_price
20180926-D1-dortmund-nurnberg,null_price
20180926-D1-fortuna_dusseldorf-leverkusen,null_price
20180926-D1-m_gladbach-ein_frankfurt,null_price
20180926-D1-mainz-wolfsburg,null_price
20180926-D1-rb_leipzig-stuttgart,null_price
20180926-F1-amiens-rennes,null_price
20180926-F1-bordeaux-lille,null_price
20180926-F1-caen-montpellier,null_price
20180926-F1-dijon-lyon,null_price
20180926-F1-marseille-strasbourg,null_price
20180926-F1-nimes-guingamp,null_price
20180926-F1-paris_sg-reims,null_price
20180926-I1-atalanta-torino,null_price
20180926-I1-cagliari-sampdoria,null_price
20180926-I1-genoa-chievo,null_price
20180926-I1-juventus-bologna,null_price
20180926-I1-napoli-parma,null_price
20180926-I1-roma-frosinone,null_price
20180926-I1-udinese-lazio,null_price
20180926-SP1-ath_bilbao-villarreal,null_price
20180926-SP1-leganes-barcelona,null_price
20180926-SP1-sevilla-real_madrid,null_price
20180926-SP1-valencia-celta,null_price
20180927-I1-empoli-milan,null_price
20180927-I1-spal-sassuolo,null_price
20180927-SP1-alaves-getafe,null_price
20180927-SP1-girona-betis,null_price
20180927-SP1-valladolid-levante,null_price
20180928-D1-hertha-bayern_munich,null_price
20180928-E1-bristol_city-aston_villa,null_price
20180928-E1-sheffield_weds-leeds,null_price
20180928-F1-st_etienne-monaco,null_price
20180928-SP1-vallecano-espanol,null_price
20180929-D1-hoffenheim-rb_leipzig,null_price
20180929-D1-leverkusen-dortmund,null_price
20180929-D1-nurnberg-fortuna_dusseldorf,null_price
20180929-D1-schalke_04-mainz,null_price
20180929-D1-stuttgart-werder_bremen,null_price
20180929-D1-wolfsburg-m_gladbach,null_price
20180929-E0-arsenal-watford,null_price
20180929-E0-chelsea-liverpool,null_price
20180929-E0-everton-fulham,null_price
20180929-E0-huddersfield-tottenham,null_price
20180929-E0-man_city-brighton,null_price
20180929-E0-newcastle-leicester,null_price
20180929-E0-west_ham-man_united,null_price
20180929-E0-wolves-southampton,null_price
20180929-E1-birmingham-ipswich,null_price
20180929-E1-blackburn-nott_m_forest,null_price
20180929-E1-bolton-derby,null_price
20180929-E1-brentford-reading,null_price
20180929-E1-hull-middlesbrough,null_price
20180929-E1-millwall-sheffield_united,null_price
20180929-E1-norwich-wigan,null_price
20180929-E1-preston-west_brom,null_price
20180929-E1-rotherham-stoke,null_price
20180929-E1-swansea-qpr,null_price
20180929-F1-angers-guingamp,null_price
20180929-F1-caen-amiens,null_price
20180929-F1-lyon-nantes,null_price
20180929-F1-nice-paris_sg,null_price
20180929-F1-reims-bordeaux,null_price
20180929-F1-strasbourg-dijon,null_price
20180929-I1-inter-cagliari,null_price
20180929-I1-juventus-napoli,null_price
20180929-I1-roma-lazio,null_price
20180929-SP1-barcelona-ath_bilbao,null_price
20180929-SP1-eibar-sevilla,null_price
20180929-SP1-real_madrid-ath_madrid,null_price
20180929-SP1-sociedad-valencia,null_price
20180930-D1-augsburg-freiburg,null_price
20180930-D1-ein_frankfurt-hannover,null_price
20180930-E0-cardiff-burnley,null_price
20180930-F1-lille-marseille,null_price
20180930-F1-montpellier-nimes,null_price
20180930-F1-rennes-toulouse,null_price
20180930-I1-bologna-udinese,null_price
20180930-I1-chievo-torino,null_price
20180930-I1-fiorentina-atalanta,null_price
20180930-I1-frosinone-genoa,null_price
20180930-I1-parma-empoli,null_price
20180930-I1-sassuolo-milan,null_price
20180930-SP1-betis-leganes,null_price
20180930-SP1-huesca-girona,null_price
20180930-SP1-levante-alaves,null_price
20180930-SP1-villarreal-valladolid,null_price
20181001-E0-bournemouth-crystal_palace,null_price
20181001-I1-sampdoria-spal,null_price
20181001-SP1-celta-getafe,null_price
20181002-E1-aston_villa-preston,null_price
20181002-E1-brentford-birmingham,null_price
20181002-E1-hull-leeds,null_price
20181002-E1-ipswich-middlesbrough,null_price
20181002-E1-reading-qpr,null_price
20181002-E1-stoke-bolton,null_price
20181002-E1-wigan-swansea,null_price
20181003-E1-blackburn-sheffield_united,null_price
20181003-E1-derby-norwich,null_price
20181003-E1-nott_m_forest-millwall,null_price
20181003-E1-rotherham-bristol_city,null_price
20181003-E1-sheffield_weds-west_brom,null_price
20181005-D1-werder_bremen-wolfsburg,null_price
20181005-E0-brighton-west_ham,null_price
20181005-F1-toulouse-nice,null_price
20181005-I1-torino-frosinone,null_price
20181005-SP1-ath_bilbao-sociedad,null_price
20181006-D1-bayern_munich-m_gladbach,null_price
20181006-D1-dortmund-augsburg,null_price
20181006-D1-fortuna_dusseldorf-schalke_04,null_price
20181006-D1-hannover-stuttgart,null_price
20181006-D1-mainz-hertha,null_price
20181006-E0-burnley-huddersfield,null_price
20181006-E0-crystal_palace-wolves,null_price
20181006-E0-leicester-everton,null_price
20181006-E0-man_united-newcastle,null_price
20181006-E0-tottenham-cardiff,null_price
20181006-E0-watford-bournemouth,null_price
20181006-E1-birmingham-rotherham,null_price
20181006-E1-bolton-blackburn,null_price
20181006-E1-leeds-brentford,null_price
20181006-E1-middlesbrough-nott_m_forest,null_price
20181006-E1-millwall-aston_villa,null_price
20181006-E1-norwich-stoke,null_price
20181006-E1-preston-wigan,null_price
20181006-E1-qpr-derby,null_price
20181006-E1-sheffield_united-hull,null_price
20181006-E1-swansea-ipswich,null_price
20181006-E1-west_brom-reading,null_price
20181006-F1-amiens-dijon,null_price
20181006-F1-angers-strasbourg,null_price
20181006-F1-guingamp-montpellier,null_price
20181006-F1-lille-st_etienne,null_price
20181006-F1-nimes-reims,null_price
20181006-I1-cagliari-bologna,null_price
20181006-I1-empoli-roma,null_price
20181006-I1-udinese-juventus,null_price
20181006-SP1-alaves-real_madrid,null_price
20181006-SP1-getafe-levante,null_price
20181006-SP1-girona-eibar,null_price
20181006-SP1-leganes-vallecano,null_price
20181007-D1-freiburg-leverkusen,null_price
20181007-D1-hoffenheim-ein_frankfurt,null_price
20181007-D1-rb_leipzig-nurnberg,null_price
20181007-E0-fulham-arsenal,null_price
20181007-E0-liverpool-man_city,null_price
20181007-E0-southampton-chelsea,null_price
20181007-E1-bristol_city-sheffield_weds,null_price
20181007-F1-bordeaux-nantes,null_price
20181007-F1-marseille-caen,null_price
20181007-F1-monaco-rennes,null_price
20181007-F1-paris_sg-lyon,null_price
20181007-I1-atalanta-sampdoria,null_price
20181007-I1-genoa-parma,null_price
20181007-I1-lazio-fiorentina,null_price
20181007-I1-milan-chievo,null_price
20181007-I1-napoli-sassuolo,null_price
20181007-I1-spal-inter,null_price
20181007-SP1-ath_madrid-betis,null_price
20181007-SP1-espanol-villarreal,null_price
20181007-SP1-sevilla-celta,null_price
20181007-SP1-valencia-barcelona,null_price
20181007-SP1-valladolid-huesca,null_price
20181019-D1-ein_frankfurt-fortuna_dusseldorf,null_price
20181019-E1-sheffield_weds-middlesbrough,null_price
20181019-F1-lyon-nimes,null_price
20181019-SP1-celta-alaves,null_price
20181020-D1-augsburg-rb_leipzig,null_price
20181020-D1-leverkusen-hannover,null_price
20181020-D1-nurnberg-hoffenheim,null_price
20181020-D1-schalke_04-werder_bremen,null_price
20181020-D1-stuttgart-dortmund,null_price
20181020-D1-wolfsburg-bayern_munich,null_price
20181020-E0-bournemouth-southampton,null_price
20181020-E0-cardiff-fulham,null_price
20181020-E0-chelsea-man_united,null_price
20181020-E0-huddersfield-liverpool,null_price
20181020-E0-man_city-burnley,null_price
20181020-E0-newcastle-brighton,null_price
20181020-E0-west_ham-tottenham,null_price
20181020-E0-wolves-watford,null_price
20181020-E1-aston_villa-swansea,null_price
20181020-E1-blackburn-leeds,null_price
20181020-E1-brentford-bristol_city,null_price
20181020-E1-derby-sheffield_united,null_price
20181020-E1-hull-preston,null_price
20181020-E1-ipswich-qpr,null_price
20181020-E1-nott_m_forest-norwich,null_price
20181020-E1-reading-millwall,null_price
20181020-E1-rotherham-bolton,null_price
20181020-E1-stoke-birmingham,null_price
20181020-E1-wigan-west_brom,null_price
20181020-F1-caen-guingamp,null_price
20181020-F1-dijon-lille,null_price
20181020-F1-nantes-toulouse,null_price
20181020-F1-paris_sg-amiens,null_price
20181020-F1-reims-angers,null_price
20181020-F1-strasbourg-monaco,null_price
20181020-I1-juventus-genoa,null_price
20181020-I1-roma-spal,null_price
20181020-I1-udinese-napoli,null_price
20181020-SP1-barcelona-sevilla,null_price
20181020-SP1-real_madrid-levante,null_price
20181020-SP1-valencia-leganes,null_price
20181020-SP1-villarreal-ath_madrid,null_price
20181021-D1-hertha-freiburg,null_price
20181021-D1-m_gladbach-mainz,null_price
20181021-E0-everton-crystal_palace,null_price
20181021-F1-montpellier-bordeaux,null_price
20181021-F1-nice-marseille,null_price
20181021-F1-st_etienne-rennes,null_price
20181021-I1-bologna-torino,null_price
20181021-I1-chievo-atalanta,null_price
20181021-I1-fiorentina-cagliari,null_price
20181021-I1-frosinone-empoli,null_price
20181021-I1-inter-milan,null_price
20181021-I1-parma-lazio,null_price
20181021-SP1-betis-valladolid,null_price
20181021-SP1-eibar-ath_bilbao,null_price
20181021-SP1-huesca-espanol,null_price
20181021-SP1-vallecano-getafe,null_price
20181022-E0-arsenal-leicester,null_price
20181022-I1-sampdoria-sassuolo,null_price
20181022-SP1-sociedad-girona,null_price
20181023-E1-birmingham-reading,null_price
20181023-E1-middlesbrough-rotherham,null_price
20181023-E1-millwall-wigan,null_price
20181023-E1-norwich-aston_villa,null_price
20181023-E1-qpr-sheffield_weds,null_price
20181023-E1-sheffield_united-stoke,null_price
20181023-E1-swansea-blackburn,null_price
20181024-E1-bolton-nott_m_forest,null_price
20181024-E1-bristol_city-hull,null_price
20181024-E1-leeds-ipswich,null_price
20181024-E1-preston-brentford,null_price
20181024-E1-west_brom-derby,null_price
20181024-SP1-vallecano-ath_bilbao,null_price
20181026-D1-freiburg-m_gladbach,null_price
20181026-E1-qpr-aston_villa,null_price
20181026-F1-nimes-st_etienne,null_price
20181026-SP1-valladolid-espanol,null_price
20181027-D1-dortmund-hertha,null_price
20181027-D1-fortuna_dusseldorf-wolfsburg,null_price
20181027-D1-hannover-augsburg,null_price
20181027-D1-hoffenheim-stuttgart,null_price
20181027-D1-mainz-bayern_munich,null_price
20181027-E0-brighton-wolves,null_price
20181027-E0-fulham-bournemouth,null_price
20181027-E0-leicester-west_ham,null_price
20181027-E0-liverpool-cardiff,null_price
20181027-E0-southampton-newcastle,null_price
20181027-E0-watford-huddersfield,null_price
20181027-E1-birmingham-sheffield_weds,null_price
20181027-E1-bolton-hull,null_price
20181027-E1-bristol_city-stoke,null_price
20181027-E1-leeds-nott_m_forest,null_price
20181027-E1-middlesbrough-derby,null_price
20181027-E1-millwall-ipswich,null_price
20181027-E1-norwich-brentford,null_price
20181027-E1-preston-rotherham,null_price
20181027-E1-sheffield_united-wigan,null_price
20181027-E1-swansea-reading,null_price
20181027-E1-west_brom-blackburn,null_price
20181027-F1-amiens-nantes,null_price
20181027-F1-angers-lyon,null_price
20181027-F1-guingamp-strasbourg,null_price
20181027-F1-lille-caen,null_price
20181027-F1-monaco-dijon,null_price
20181027-F1-toulouse-montpellier,null_price
20181027-I1-atalanta-parma,null_price
20181027-I1-empoli-juventus,null_price
20181027-I1-torino-fiorentina,null_price
20181027-SP1-ath_bilbao-valencia,null_price
20181027-SP1-ath_madrid-sociedad,null_price
20181027-SP1-celta-eibar,null_price
20181027-SP1-girona-vallecano,null_price
20181027-SP1-levante-leganes,null_price
20181028-D1-nurnberg-ein_frankfurt,null_price
20181028-D1-rb_leipzig-schalke_04,null_price
20181028-D1-werder_bremen-leverkusen,null_price
20181028-E0-burnley-chelsea,null_price
20181028-E0-crystal_palace-arsenal,null_price
20181028-E0-man_united-everton,null_price
20181028-F1-bordeaux-nice,null_price
20181028-F1-marseille-paris_sg,null_price
20181028-F1-rennes-reims,null_price
20181028-I1-cagliari-chievo,null_price
20181028-I1-genoa-udinese,null_price
20181028-I1-milan-sampdoria,null_price
20181028-I1-napoli-roma,null_price
20181028-I1-sassuolo-bologna,null_price
20181028-I1-spal-frosinone,null_price
20181028-SP1-alaves-villarreal,null_price
20181028-SP1-barcelona-real_madrid,null_price
20181028-SP1-getafe-betis,null_price
20181028-SP1-sevilla-huesca,null_price
20181029-E0-tottenham-man_city,null_price
20181029-I1-lazio-inter,null_price
20181031-I1-milan-genoa,null_price
20181102-D1-stuttgart-ein_frankfurt,null_price
20181102-E1-aston_villa-bolton,null_price
20181102-F1-paris_sg-lille,null_price
20181102-I1-napoli-empoli,null_price
20181103-D1-augsburg-nurnberg,null_price
20181103-D1-bayern_munich-freiburg,null_price
20181103-D1-hertha-rb_leipzig,null_price
20181103-D1-leverkusen-hoffenheim,null_price
20181103-D1-schalke_04-hannover,null_price
20181103-D1-wolfsburg-dortmund,null_price
20181103-E0-arsenal-liverpool,null_price
20181103-E0-bournemouth-man_united,null_price
20181103-E0-cardiff-leicester,null_price
20181103-E0-everton-brighton,null_price
20181103-E0-newcastle-watford,null_price
20181103-E0-west_ham-burnley,null_price
20181103-E0-wolves-tottenham,null_price
20181103-E1-blackburn-qpr,null_price
20181103-E1-brentford-millwall,null_price
20181103-E1-derby-birmingham,null_price
20181103-E1-hull-west_brom,null_price
20181103-E1-ipswich-preston,null_price
20181103-E1-nott_m_forest-sheffield_united,null_price
20181103-E1-reading-bristol_city,null_price
20181103-E1-rotherham-swansea,null_price
20181103-E1-sheffield_weds-norwich,null_price
20181103-E1-stoke-middlesbrough,null_price
20181103-F1-caen-rennes,null_price
20181103-F1-dijon-nimes,null_price
20181103-F1-lyon-bordeaux,null_price
20181103-F1-nice-amiens,null_price
20181103-F1-reims-monaco,null_price
20181103-F1-strasbourg-toulouse,null_price
20181103-I1-fiorentina-roma,null_price
20181103-I1-inter-genoa,null_price
20181103-I1-juventus-cagliari,null_price
20181103-SP1-leganes-ath_madrid,null_price
20181103-SP1-real_madrid-valladolid,null_price
20181103-SP1-valencia-girona,null_price
20181103-SP1-vallecano-barcelona,null_price
20181104-D1-m_gladbach-fortuna_dusseldorf,null_price
20181104-D1-mainz-werder_bremen,null_price
20181104-E0-chelsea-crystal_palace,null_price
20181104-E0-man_city-southampton,null_price
20181104-E1-wigan-leeds,null_price
20181104-F1-montpellier-marseille,null_price
20181104-F1-nantes-guingamp,null_price
20181104-F1-st_etienne-angers,null_price
20181104-I1-bologna-atalanta,null_price
20181104-I1-chievo-sassuolo,null_price
20181104-I1-lazio-spal,null_price
20181104-I1-parma-frosinone,null_price
20181104-I1-sampdoria-torino,null_price
20181104-I1-udinese-milan,null_price
20181104-SP1-betis-celta,null_price
20181104-SP1-eibar-alaves,null_price
20181104-SP1-huesca-getafe,null_price
20181104-SP1-sociedad-sevilla,null_price
20181104-SP1-villarreal-levante,null_price
20181105-E0-huddersfield-fulham,null_price
20181105-SP1-espanol-ath_bilbao,null_price
20181109-D1-hannover-wolfsburg,null_price
20181109-E1-sheffield_united-sheffield_weds,null_price
20181109-F1-lille-strasbourg,null_price
20181109-I1-frosinone-fiorentina,null_price
20181109-SP1-levante-sociedad,null_price
20181110-D1-dortmund-bayern_munich,null_price
20181110-D1-fortuna_dusseldorf-hertha,null_price
20181110-D1-freiburg-mainz,null_price
20181110-D1-hoffenheim-augsburg,null_price
20181110-D1-nurnberg-stuttgart,null_price
20181110-D1-werder_bremen-m_gladbach,null_price
20181110-E0-cardiff-brighton,null_price
20181110-E0-crystal_palace-tottenham,null_price
20181110-E0-huddersfield-west_ham,null_price
20181110-E0-leicester-burnley,null_price
20181110-E0-newcastle-bournemouth,null_price
20181110-E0-southampton-watford,null_price
20181110-E1-birmingham-hull,null_price
20181110-E1-blackburn-rotherham,null_price
20181110-E1-bolton-swansea,null_price
20181110-E1-bristol_city-preston,null_price
20181110-E1-derby-aston_villa,null_price
20181110-E1-middlesbrough-wigan,null_price
20181110-E1-norwich-millwall,null_price
20181110-E1-nott_m_forest-stoke,null_price
20181110-E1-qpr-brentford,null_price
20181110-E1-reading-ipswich,null_price
20181110-E1-west_brom-leeds,null_price
20181110-F1-angers-montpellier,null_price
20181110-F1-guingamp-lyon,null_price
20181110-F1-nimes-nice,null_price
20181110-F1-st_etienne-reims,null_price
20181110-F1-toulouse-amiens,null_price
20181110-I1-genoa-napoli,null_price
20181110-I1-spal-cagliari,null_price
20181110-I1-torino-parma,null_price
20181110-SP1-ath_madrid-ath_bilbao,null_price
20181110-SP1-getafe-valencia,null_price
20181110-SP1-girona-leganes,null_price
20181110-SP1-valladolid-eibar,null_price
20181111-D1-ein_frankfurt-schalke_04,null_price
20181111-D1-rb_leipzig-leverkusen,null_price
20181111-E0-arsenal-wolves,null_price
20181111-E0-chelsea-everton,null_price
20181111-E0-liverpool-fulham,null_price
20181111-E0-man_city-man_united,null_price
20181111-F1-bordeaux-caen,null_price
20181111-F1-marseille-dijon,null_price
20181111-F1-monaco-paris_sg,null_price
20181111-F1-rennes-nantes,null_price
20181111-I1-atalanta-inter,null_price
20181111-I1-chievo-bologna,null_price
20181111-I1-empoli-udinese,null_price
20181111-I1-milan-juventus,null_price
20181111-I1-roma-sampdoria,null_price
20181111-I1-sassuolo-lazio,null_price
20181111-SP1-alaves-huesca,null_price
20181111-SP1-barcelona-betis,null_price
20181111-SP1-celta-real_madrid,null_price
20181111-SP1-sevilla-espanol,null_price
20181111-SP1-vallecano-villarreal,null_price
20181123-D1-leverkusen-stuttgart,null_price
20181123-E1-ipswich-west_brom,null_price
20181123-F1-lyon-st_etienne,null_price
20181123-SP1-leganes-alaves,null_price
20181124-D1-augsburg-ein_frankfurt,null_price
20181124-D1-bayern_munich-fortuna_dusseldorf,null_price
20181124-D1-hertha-hoffenheim,null_price
20181124-D1-mainz-dortmund,null_price
20181124-D1-schalke_04-nurnberg,null_price
20181124-D1-wolfsburg-rb_leipzig,null_price
20181124-E0-brighton-leicester,null_price
20181124-E0-everton-cardiff,null_price
20181124-E0-fulham-southampton,null_price
20181124-E0-man_united-crystal_palace,null_price
20181124-E0-tottenham-chelsea,null_price
20181124-E0-watford-liverpool,null_price
20181124-E0-west_ham-man_city,null_price
20181124-E1-brentford-middlesbrough,null_price
20181124-E1-hull-nott_m_forest,null_price
20181124-E1-leeds-bristol_city,null_price
20181124-E1-millwall-bolton,null_price
20181124-E1-preston-blackburn,null_price
20181124-E1-rotherham-sheffield_united,null_price
20181124-E1-sheffield_weds-derby,null_price
20181124-E1-stoke-qpr,null_price
20181124-E1-swansea-norwich,null_price
20181124-E1-wigan-reading,null_price
20181124-F1-caen-monaco,null_price
20181124-F1-dijon-bordeaux,null_price
20181124-F1-nantes-angers,null_price
20181124-F1-paris_sg-toulouse,null_price
20181124-F1-reims-guingamp,null_price
20181124-F1-strasbourg-nimes,null_price
20181124-I1-inter-frosinone,null_price
20181124-I1-juventus-spal,null_price
20181124-I1-udinese-roma,null_price
20181124-SP1-ath_madrid-barcelona,null_price
20181124-SP1-eibar-real_madrid,null_price
20181124-SP1-huesca-levante,null_price
20181124-SP1-valencia-vallecano,null_price
20181125-D1-freiburg-werder_bremen,null_price
20181125-D1-m_gladbach-hannover,null_price
20181125-E0-bournemouth-arsenal,null_price
20181125-E0-wolves-huddersfield,null_price
20181125-E1-aston_villa-birmingham,null_price
20181125-F1-amiens-marseille,null_price
20181125-F1-montpellier-rennes,null_price
20181125-F1-nice-lille,null_price
20181125-I1-bologna-fiorentina,null_price
20181125-I1-empoli-atalanta,null_price
20181125-I1-genoa-sampdoria,null_price
20181125-I1-lazio-milan,null_price
20181125-I1-napoli-chievo,null_price
20181125-I1-parma-sassuolo,null_price
20181125-SP1-ath_bilbao-getafe,null_price
20181125-SP1-espanol-girona,null_price
20181125-SP1-sevilla-valladolid,null_price
20181125-SP1-villarreal-betis,null_price
20181126-E0-burnley-newcastle,null_price
20181126-I1-cagliari-torino,null_price
20181126-SP1-sociedad-celta,null_price
20181127-E1-brentford-sheffield_united,null_price
20181127-E1-hull-norwich,null_price
20181127-E1-leeds-reading,null_price
20181127-E1-preston-middlesbrough,null_price
20181127-E1-rotherham-qpr,null_price
20181127-E1-sheffield_weds-bolton,null_price
20181128-E1-aston_villa-nott_m_forest,null_price
20181128-E1-ipswich-bristol_city,null_price
20181128-E1-millwall-birmingham,null_price
20181128-E1-stoke-derby,null_price
20181128-E1-swansea-west_brom,null_price
20181128-E1-wigan-blackburn,null_price
20181130-D1-fortuna_dusseldorf-mainz,null_price
20181130-E0-cardiff-wolves,null_price
20181130-F1-st_etienne-nantes,null_price
20181130-SP1-vallecano-eibar,null_price
20181201-D1-dortmund-freiburg,null_price
20181201-D1-hannover-hertha,null_price
20181201-D1-hoffenheim-schalke_04,null_price
20181201-D1-stuttgart-augsburg,null_price
20181201-D1-werder_bremen-bayern_munich,null_price
20181201-E0-crystal_palace-burnley,null_price
20181201-E0-huddersfield-brighton,null_price
20181201-E0-leicester-watford,null_price
20181201-E0-man_city-bournemouth,null_price
20181201-E0-newcastle-west_ham,null_price
20181201-E0-southampton-man_united,null_price
20181201-E1-birmingham-preston,null_price
20181201-E1-blackburn-sheffield_weds,null_price
20181201-E1-bolton-wigan,null_price
20181201-E1-derby-swansea,null_price
20181201-E1-middlesbrough-aston_villa,null_price
20181201-E1-norwich-rotherham,null_price
20181201-E1-nott_m_forest-ipswich,null_price
20181201-E1-qpr-hull,null_price
20181201-E1-reading-stoke,null_price
20181201-E1-sheffield_united-leeds,null_price
20181201-F1-angers-caen,null_price
20181201-F1-guingamp-nice,null_price
20181201-F1-lille-lyon,null_price
20181201-F1-monaco-montpellier,null_price
20181201-F1-nimes-amiens,null_price
20181201-I1-fiorentina-juventus,null_price
20181201-I1-sampdoria-bologna,null_price
20181201-I1-spal-empoli,null_price
20181201-SP1-celta-huesca,null_price
20181201-SP1-getafe-espanol,null_price
20181201-SP1-real_madrid-valencia,null_price
20181201-SP1-valladolid-leganes,null_price
20181202-D1-ein_frankfurt-wolfsburg,null_price
20181202-D1-rb_leipzig-m_gladbach,null_price
20181202-E0-arsenal-tottenham,null_price
20181202-E0-chelsea-fulham,null_price
20181202-E0-liverpool-everton,null_price
20181202-E1-bristol_city-millwall,null_price
20181202-F1-bordeaux-paris_sg,null_price
20181202-F1-marseille-reims,null_price
20181202-F1-rennes-strasbourg,null_price
20181202-F1-toulouse-dijon,null_price
20181202-I1-chievo-lazio,null_price
20181202-I1-frosinone-cagliari,null_price
20181202-I1-milan-parma,null_price
20181202-I1-roma-inter,null_price
20181202-I1-sassuolo-udinese,null_price
20181202-I1-torino-genoa,null_price
20181202-SP1-alaves-sevilla,null_price
20181202-SP1-barcelona-villarreal,null_price
20181202-SP1-betis-sociedad,null_price
20181202-SP1-girona-ath_madrid,null_price
20181203-D1-nurnberg-leverkusen,null_price
20181203-E1-west_brom-brentford,null_price
20181203-I1-atalanta-napoli,null_price
20181203-SP1-levante-ath_bilbao,null_price
20181204-E0-bournemouth-huddersfield,null_price
20181204-E0-brighton-crystal_palace,null_price
20181204-E0-watford-man_city,null_price
20181204-E0-west_ham-cardiff,null_price
20181204-F1-amiens-monaco,null_price
20181204-F1-montpellier-lille,null_price
20181204-F1-nice-angers,null_price
20181205-E0-burnley-liverpool,null_price
20181205-E0-everton-newcastle,null_price
20181205-E0-fulham-leicester,null_price
20181205-E0-man_united-arsenal,null_price
20181205-E0-tottenham-southampton,null_price
20181205-E0-wolves-chelsea,null_price
20181205-F1-bordeaux-st_etienne,null_price
20181205-F1-caen-nimes,null_price
20181205-F1-dijon-guingamp,null_price
20181205-F1-lyon-rennes,null_price
20181205-F1-nantes-marseille,null_price
20181205-F1-reims-toulouse,null_price
20181205-F1-strasbourg-paris_sg,null_price
20181207-D1-werder_bremen-fortuna_dusseldorf,null_price
20181207-E1-west_brom-aston_villa,null_price
20181207-I1-juventus-inter,null_price
20181207-SP1-leganes-getafe,null_price
20181208-D1-bayern_munich-nurnberg,null_price
20181208-D1-freiburg-rb_leipzig,null_price
20181208-D1-hertha-ein_frankfurt,null_price
20181208-D1-leverkusen-augsburg,null_price
20181208-D1-schalke_04-dortmund,null_price
20181208-D1-wolfsburg-hoffenheim,null_price
20181208-E0-arsenal-huddersfield,null_price
20181208-E0-bournemouth-liverpool,null_price
20181208-E0-burnley-brighton,null_price
20181208-E0-cardiff-southampton,null_price
20181208-E0-chelsea-man_city,null_price
20181208-E0-leicester-tottenham,null_price
20181208-E0-man_united-fulham,null_price
20181208-E0-west_ham-crystal_palace,null_price
20181208-E1-birmingham-bristol_city,null_price
20181208-E1-brentford-swansea,null_price
20181208-E1-leeds-qpr,null_price
20181208-E1-middlesbrough-blackburn,null_price
20181208-E1-millwall-hull,null_price
20181208-E1-norwich-bolton,null_price
20181208-E1-nott_m_forest-preston,null_price
20181208-E1-reading-sheffield_united,null_price
20181208-E1-sheffield_weds-rotherham,null_price
20181208-E1-stoke-ipswich,null_price
20181208-E1-wigan-derby,null_price
20181208-F1-guingamp-amiens,null_price
20181208-F1-rennes-dijon,null_price
20181208-I1-cagliari-roma,null_price
20181208-I1-lazio-sampdoria,null_price
20181208-I1-napoli-frosinone,null_price
20181208-SP1-ath_madrid-alaves,null_price
20181208-SP1-espanol-barcelona,null_price
20181208-SP1-valencia-sevilla,null_price
20181208-SP1-villarreal-celta,null_price
20181209-D1-m_gladbach-stuttgart,null_price
20181209-D1-mainz-hannover,null_price
20181209-E0-newcastle-wolves,null_price
20181209-F1-lille-reims,null_price
20181209-F1-strasbourg-caen,null_price
20181209-I1-empoli-bologna,null_price
20181209-I1-genoa-spal,null_price
20181209-I1-milan-torino,null_price
20181209-I1-parma-chievo,null_price
20181209-I1-sassuolo-fiorentina,null_price
20181209-I1-udinese-atalanta,null_price
20181209-SP1-betis-vallecano,null_price
20181209-SP1-eibar-levante,null_price
20181209-SP1-huesca-real_madrid,null_price
20181209-SP1-sociedad-valladolid,null_price
20181210-E0-everton-watford,null_price
20181210-SP1-ath_bilbao-girona,null_price
20181214-D1-nurnberg-wolfsburg,null_price
20181214-E1-sheffield_united-west_brom,null_price
20181214-SP1-celta-leganes,null_price
20181215-D1-augsburg-schalke_04,null_price
20181215-D1-dortmund-werder_bremen,null_price
20181215-D1-fortuna_dusseldorf-freiburg,null_price
20181215-D1-hannover-bayern_munich,null_price
20181215-D1-hoffenheim-m_gladbach,null_price
20181215-D1-stuttgart-hertha,null_price
20181215-E0-crystal_palace-leicester,null_price
20181215-E0-fulham-west_ham,null_price
20181215-E0-huddersfield-newcastle,null_price
20181215-E0-man_city-everton,null_price
20181215-E0-tottenham-burnley,null_price
20181215-E0-watford-cardiff,null_price
20181215-E0-wolves-bournemouth,null_price
20181215-E1-aston_villa-stoke,null_price
20181215-E1-blackburn-birmingham,null_price
20181215-E1-bolton-leeds,null_price
20181215-E1-bristol_city-norwich,null_price
20181215-E1-hull-brentford,null_price
20181215-E1-ipswich-wigan,null_price
20181215-E1-preston-millwall,null_price
20181215-E1-qpr-middlesbrough,null_price
20181215-E1-rotherham-reading,null_price
20181215-E1-swansea-sheffield_weds,null_price
20181215-F1-reims-strasbourg,null_price
20181215-I1-inter-udinese,null_price
20181215-I1-torino-juventus,null_price
20181215-SP1-eibar-valencia,null_price
20181215-SP1-getafe-sociedad,null_price
20181215-SP1-real_madrid-vallecano,null_price
20181215-SP1-valladolid-ath_madrid,null_price
20181216-D1-ein_frankfurt-leverkusen,null_price
20181216-D1-rb_leipzig-mainz,null_price
20181216-E0-brighton-chelsea,null_price
20181216-E0-liverpool-man_united,null_price
20181216-E0-southampton-arsenal,null_price
20181216-F1-lyon-monaco,null_price
20181216-F1-nice-st_etienne,null_price
20181216-F1-nimes-lille,null_price
20181216-I1-cagliari-napoli,null_price
20181216-I1-fiorentina-empoli,null_price
20181216-I1-frosinone-sassuolo,null_price
20181216-I1-roma-genoa,null_price
20181216-I1-sampdoria-parma,null_price
20181216-I1-spal-chievo,null_price
20181216-SP1-espanol-betis,null_price
20181216-SP1-huesca-villarreal,null_price
20181216-SP1-levante-barcelona,null_price
20181216-SP1-sevilla-girona,null_price
20181217-E1-derby-nott_m_forest,null_price
20181217-I1-atalanta-lazio,null_price
20181217-SP1-alaves-ath_bilbao,null_price
20181218-D1-fortuna_dusseldorf-dortmund,null_price
20181218-D1-hertha-augsburg,null_price
20181218-D1-m_gladbach-nurnberg,null_price
20181218-D1-wolfsburg-stuttgart,null_price
20181218-F1-caen-toulouse,null_price
20181218-I1-bologna-milan,null_price
20181219-D1-bayern_munich-rb_leipzig,null_price
20181219-D1-freiburg-hannover,null_price
20181219-D1-mainz-ein_frankfurt,null_price
20181219-D1-schalke_04-leverkusen,null_price
20181219-D1-werder_bremen-hoffenheim,null_price
20181221-D1-dortmund-m_gladbach,null_price
20181221-E0-wolves-liverpool,null_price
20181221-SP1-girona-getafe,null_price
20181221-SP1-sociedad-alaves,null_price
20181222-D1-ein_frankfurt-bayern_munich,null_price
20181222-D1-hannover-fortuna_dusseldorf,null_price
20181222-D1-leverkusen-hertha,null_price
20181222-D1-nurnberg-freiburg,null_price
20181222-D1-rb_leipzig-werder_bremen,null_price
20181222-D1-stuttgart-schalke_04,null_price
20181222-E0-arsenal-burnley,null_price
20181222-E0-bournemouth-brighton,null_price
20181222-E0-cardiff-man_united,null_price
20181222-E0-chelsea-leicester,null_price
20181222-E0-huddersfield-southampton,null_price
20181222-E0-man_city-crystal_palace,null_price
20181222-E0-newcastle-fulham,null_price
20181222-E0-west_ham-watford,null_price
20181222-E1-blackburn-norwich,null_price
20181222-E1-brentford-bolton,null_price
20181222-E1-derby-bristol_city,null_price
20181222-E1-hull-swansea,null_price
20181222-E1-ipswich-sheffield_united,null_price
20181222-E1-nott_m_forest-qpr,null_price
20181222-E1-reading-middlesbrough,null_price
20181222-E1-rotherham-west_brom,null_price
20181222-E1-sheffield_weds-preston,null_price
20181222-E1-stoke-millwall,null_price
20181222-E1-wigan-birmingham,null_price
20181222-F1-angers-marseille,null_price
20181222-F1-lille-toulouse,null_price
20181222-F1-monaco-guingamp,null_price
20181222-F1-montpellier-lyon,null_price
20181222-F1-paris_sg-nantes,null_price
20181222-F1-reims-caen,null_price
20181222-F1-rennes-nimes,null_price
20181222-F1-st_etienne-dijon,null_price
20181222-F1-strasbourg-nice,null_price
20181222-I1-chievo-inter,null_price
20181222-I1-empoli-sampdoria,null_price
20181222-I1-genoa-atalanta,null_price
20181222-I1-juventus-roma,null_price
20181222-I1-lazio-cagliari,null_price
20181222-I1-milan-fiorentina,null_price
20181222-I1-napoli-spal,null_price
20181222-I1-parma-bologna,null_price
20181222-I1-sassuolo-torino,null_price
20181222-I1-udinese-frosinone,null_price
20181222-SP1-ath_bilbao-valladolid,null_price
20181222-SP1-ath_madrid-espanol,null_price
20181222-SP1-barcelona-celta,null_price
20181222-SP1-betis-eibar,null_price
20181223-D1-augsburg-wolfsburg,null_price
20181223-D1-hoffenheim-mainz,null_price
20181223-E0-everton-tottenham,null_price
20181223-E1-aston_villa-leeds,null_price
20181223-F1-bordeaux-amiens,null_price
20181223-SP1-leganes-sevilla,null_price
20181223-SP1-valencia-huesca,null_price
20181223-SP1-vallecano-levante,null_price
20181226-E0-brighton-arsenal,null_price
20181226-E0-burnley-everton,null_price
20181226-E0-crystal_palace-cardiff,null_price
20181226-E0-fulham-wolves,null_price
20181226-E0-leicester-man_city,null_price
20181226-E0-liverpool-newcastle,null_price
20181226-E0-man_united-huddersfield,null_price
20181226-E0-tottenham-bournemouth,null_price
20181226-E0-watford-chelsea,null_price
20181226-E1-birmingham-stoke,null_price
20181226-E1-bolton-rotherham,null_price
20181226-E1-bristol_city-brentford,null_price
20181226-E1-leeds-blackburn,null_price
20181226-E1-middlesbrough-sheffield_weds,null_price
20181226-E1-millwall-reading,null_price
20181226-E1-norwich-nott_m_forest,null_price
20181226-E1-preston-hull,null_price
20181226-E1-qpr-ipswich,null_price
20181226-E1-sheffield_united-derby,null_price
20181226-E1-swansea-aston_villa,null_price
20181226-E1-west_brom-wigan,null_price
20181226-I1-atalanta-juventus,null_price
20181226-I1-bologna-lazio,null_price
20181226-I1-cagliari-genoa,null_price
20181226-I1-fiorentina-parma,null_price
20181226-I1-frosinone-milan,null_price
20181226-I1-inter-napoli,null_price
20181226-I1-roma-sassuolo,null_price
20181226-I1-sampdoria-chievo,null_price
20181226-I1-spal-udinese,null_price
20181226-I1-torino-empoli,null_price
20181227-E0-southampton-west_ham,null_price
20181229-E0-brighton-everton,null_price
20181229-E0-fulham-huddersfield,null_price
20181229-E0-leicester-cardiff,null_price
20181229-E0-liverpool-arsenal,null_price
20181229-E0-tottenham-wolves,null_price
20181229-E0-watford-newcastle,null_price
20181229-E1-birmingham-brentford,null_price
20181229-E1-bolton-stoke,null_price
20181229-E1-bristol_city-rotherham,null_price
20181229-E1-leeds-hull,null_price
20181229-E1-middlesbrough-ipswich,null_price
20181229-E1-millwall-nott_m_forest,null_price
20181229-E1-norwich-derby,null_price
20181229-E1-preston-aston_villa,null_price
20181229-E1-qpr-reading,null_price
20181229-E1-sheffield_united-blackburn,null_price
20181229-E1-swansea-wigan,null_price
20181229-E1-west_brom-sheffield_weds,null_price
20181229-I1-chievo-frosinone,null_price
20181229-I1-empoli-inter,null_price
20181229-I1-genoa-fiorentina,null_price
20181229-I1-juventus-sampdoria,null_price
20181229-I1-lazio-torino,null_price
20181229-I1-milan-spal,null_price
20181229-I1-napoli-bologna,null_price
20181229-I1-parma-roma,null_price
20181229-I1-sassuolo-atalanta,null_price
20181229-I1-udinese-cagliari,null_price
20181230-E0-burnley-west_ham,null_price
20181230-E0-crystal_palace-chelsea,null_price
20181230-E0-man_united-bournemouth,null_price
20181230-E0-southampton-man_city,null_price
20190101-E0-arsenal-fulham,null_price
20190101-E0-cardiff-tottenham,null_price
20190101-E0-everton-leicester,null_price
20190101-E1-aston_villa-qpr,null_price
20190101-E1-blackburn-west_brom,null_price
20190101-E1-brentford-norwich,null_price
20190101-E1-derby-middlesbrough,null_price
20190101-E1-hull-bolton,null_price
20190101-E1-ipswich-millwall,null_price
20190101-E1-nott_m_forest-leeds,null_price
20190101-E1-reading-swansea,null_price
20190101-E1-rotherham-preston,null_price
20190101-E1-sheffield_weds-birmingham,null_price
20190101-E1-stoke-bristol_city,null_price
20190101-E1-wigan-sheffield_united,null_price
20190102-E0-bournemouth-watford,null_price
20190102-E0-chelsea-southampton,null_price
20190102-E0-huddersfield-burnley,null_price
20190102-E0-newcastle-man_united,null_price
20190102-E0-west_ham-brighton,null_price
20190102-E0-wolves-crystal_palace,null_price
20190103-E0-man_city-liverpool,null_price
20190103-SP1-villarreal-real_madrid,null_price
20190104-SP1-espanol-leganes,null_price
20190104-SP1-levante-girona,null_price
20190105-SP1-alaves-valencia,null_price
20190105-SP1-huesca-betis,null_price
20190105-SP1-valladolid-vallecano,null_price
20190106-SP1-eibar-villarreal,null_price
20190106-SP1-getafe-barcelona,null_price
20190106-SP1-real_madrid-sociedad,null_price
20190106-SP1-sevilla-ath_madrid,null_price
20190107-SP1-celta-ath_bilbao,null_price
20190108-F1-amiens-angers,null_price
20190108-F1-nantes-montpellier,null_price
20190111-E1-leeds-derby,null_price
20190111-F1-caen-lille,null_price
20190111-F1-lyon-reims,null_price
20190111-SP1-vallecano-celta,null_price
20190112-E0-brighton-liverpool,null_price
20190112-E0-burnley-fulham,null_price
20190112-E0-cardiff-huddersfield,null_price
20190112-E0-chelsea-newcastle,null_price
20190112-E0-crystal_palace-watford,null_price
20190112-E0-leicester-southampton,null_price
20190112-E0-west_ham-arsenal,null_price
20190112-E1-birmingham-middlesbrough,null_price
20190112-E1-brentford-stoke,null_price
20190112-E1-bristol_city-bolton,null_price
20190112-E1-hull-sheffield_weds,null_price
20190112-E1-ipswich-rotherham,null_price
20190112-E1-millwall-blackburn,null_price
20190112-E1-preston-swansea,null_price
20190112-E1-reading-nott_m_forest,null_price
20190112-E1-sheffield_united-qpr,null_price
20190112-E1-west_brom-norwich,null_price
20190112-E1-wigan-aston_villa,null_price
20190112-F1-amiens-paris_sg,null_price
20190112-F1-guingamp-st_etienne,null_price
20190112-F1-nice-bordeaux,null_price
20190112-SP1-girona-alaves,null_price
20190112-SP1-leganes-huesca,null_price
20190112-SP1-valencia-valladolid,null_price
20190112-SP1-villarreal-getafe,null_price
20190113-E0-everton-bournemouth,null_price
20190113-E0-tottenham-man_united,null_price
20190113-F1-dijon-montpellier,null_price
20190113-F1-marseille-monaco,null_price
20190113-F1-nantes-rennes,null_price
20190113-F1-toulouse-strasbourg,null_price
20190113-SP1-ath_bilbao-sevilla,null_price
20190113-SP1-ath_madrid-levante,null_price
20190113-SP1-barcelona-eibar,null_price
20190113-SP1-betis-real_madrid,null_price
20190114-E0-man_city-wolves,null_price
20190114-SP1-sociedad-espanol,null_price
20190115-F1-angers-bordeaux,null_price
20190116-F1-guingamp-rennes,null_price
20190116-F1-monaco-nice,null_price
20190116-F1-nimes-nantes,null_price
20190116-F1-st_etienne-marseille,null_price
20190116-F1-toulouse-lyon,null_price
20190118-D1-hoffenheim-bayern_munich,null_price
20190118-E1-norwich-birmingham,null_price
20190118-F1-lille-amiens,null_price
20190118-SP1-getafe-alaves,null_price
20190119-D1-augsburg-fortuna_dusseldorf,null_price
20190119-D1-ein_frankfurt-freiburg,null_price
20190119-D1-hannover-werder_bremen,null_price
20190119-D1-leverkusen-m_gladbach,null_price
20190119-D1-rb_leipzig-dortmund,null_price
20190119-D1-stuttgart-mainz,null_price
20190119-E0-arsenal-chelsea,null_price
20190119-E0-bournemouth-west_ham,null_price
20190119-E0-liverpool-crystal_palace,null_price
20190119-E0-man_united-brighton,null_price
20190119-E0-newcastle-cardiff,null_price
20190119-E0-southampton-everton,null_price
20190119-E0-watford-burnley,null_price
20190119-E0-wolves-leicester,null_price
20190119-E1-aston_villa-hull,null_price
20190119-E1-blackburn-ipswich,null_price
20190119-E1-derby-reading,null_price
20190119-E1-middlesbrough-millwall,null_price
20190119-E1-nott_m_forest-bristol_city,null_price
20190119-E1-qpr-preston,null_price
20190119-E1-rotherham-brentford,null_price
20190119-E1-sheffield_weds-wigan,null_price
20190119-E1-stoke-leeds,null_price
20190119-E1-swansea-sheffield_united,null_price
20190119-F1-monaco-strasbourg,null_price
20190119-F1-nimes-toulouse,null_price
20190119-F1-paris_sg-guingamp,null_price
20190119-F1-reims-nice,null_price
20190119-I1-inter-sassuolo,null_price
20190119-I1-roma-torino,null_price
20190119-I1-udinese-parma,null_price
20190119-SP1-celta-valencia,null_price
20190119-SP1-huesca-ath_madrid,null_price
20190119-SP1-real_madrid-sevilla,null_price
20190120-D1-nurnberg-hertha,null_price
20190120-D1-schalke_04-wolfsburg,null_price
20190120-E0-fulham-tottenham,null_price
20190120-E0-huddersfield-man_city,null_price
20190120-F1-angers-nantes,null_price
20190120-F1-bordeaux-dijon,null_price
20190120-F1-caen-marseille,null_price
20190120-F1-rennes-montpellier,null_price
20190120-F1-st_etienne-lyon,null_price
20190120-I1-cagliari-empoli,null_price
20190120-I1-fiorentina-sampdoria,null_price
20190120-I1-frosinone-atalanta,null_price
20190120-I1-napoli-lazio,null_price
20190120-I1-spal-bologna,null_price
20190120-SP1-barcelona-leganes,null_price
20190120-SP1-betis-girona,null_price
20190120-SP1-levante-valladolid,null_price
20190120-SP1-vallecano-sociedad,null_price
20190120-SP1-villarreal-ath_bilbao,null_price
20190121-E1-bolton-west_brom,null_price
20190121-I1-genoa-milan,null_price
20190121-I1-juventus-chievo,null_price
20190121-SP1-eibar-espanol,null_price
20190123-F1-nimes-angers,null_price
20190125-D1-hertha-schalke_04,null_price
20190125-F1-marseille-lille,null_price
20190126-D1-dortmund-hannover,null_price
20190126-D1-freiburg-hoffenheim,null_price
20190126-D1-m_gladbach-augsburg,null_price
20190126-D1-mainz-nurnberg,null_price
20190126-D1-werder_bremen-ein_frankfurt,null_price
20190126-D1-wolfsburg-leverkusen,null_price
20190126-E1-aston_villa-ipswich,null_price
20190126-E1-blackburn-hull,null_price
20190126-E1-norwich-sheffield_united,null_price
20190126-E1-nott_m_forest-wigan,null_price
20190126-E1-rotherham-leeds,null_price
20190126-E1-stoke-preston,null_price
20190126-F1-dijon-monaco,null_price
20190126-F1-guingamp-reims,null_price
20190126-F1-nice-nimes,null_price
20190126-F1-strasbourg-bordeaux,null_price
20190126-I1-milan-napoli,null_price
20190126-I1-sampdoria-udinese,null_price
20190126-I1-sassuolo-cagliari,null_price
20190126-SP1-ath_madrid-getafe,null_price
20190126-SP1-leganes-eibar,null_price
20190126-SP1-sevilla-levante,null_price
20190126-SP1-valencia-villarreal,null_price
20190127-D1-bayern_munich-stuttgart,null_price
20190127-D1-fortuna_dusseldorf-rb_leipzig,null_price
20190127-F1-amiens-lyon,null_price
20190127-F1-montpellier-caen,null_price
20190127-F1-paris_sg-rennes,null_price
20190127-F1-toulouse-angers,null_price
20190127-I1-atalanta-roma,null_price
20190127-I1-bologna-frosinone,null_price
20190127-I1-chievo-fiorentina,null_price
20190127-I1-lazio-juventus,null_price
20190127-I1-parma-spal,null_price
20190127-I1-torino-inter,null_price
20190127-SP1-ath_bilbao-betis,null_price
20190127-SP1-espanol-real_madrid,null_price
20190127-SP1-girona-barcelona,null_price
20190127-SP1-sociedad-huesca,null_price
20190127-SP1-valladolid-celta,null_price
20190128-I1-empoli-genoa,null_price
20190128-SP1-alaves-vallecano,null_price
20190129-E0-arsenal-cardiff,null_price
20190129-E0-fulham-brighton,null_price
20190129-E0-huddersfield-everton,null_price
20190129-E0-man_united-burnley,null_price
20190129-E0-newcastle-man_city,null_price
20190129-E0-wolves-west_ham,null_price
20190129-E1-bolton-reading,null_price
20190129-E1-swansea-birmingham,null_price
20190130-E0-bournemouth-chelsea,null_price
20190130-E0-liverpool-leicester,null_price
20190130-E0-southampton-crystal_palace,null_price
20190130-E0-tottenham-watford,null_price
20190130-F1-nantes-st_etienne,null_price
20190201-D1-hannover-rb_leipzig,null_price
20190201-E1-preston-derby,null_price
20190201-F1-lille-nice,null_price
20190201-SP1-huesca-valladolid,null_price
20190202-D1-ein_frankfurt-dortmund,null_price
20190202-D1-hertha-wolfsburg,null_price
20190202-D1-hoffenheim-fortuna_dusseldorf,null_price
20190202-D1-leverkusen-bayern_munich,null_price
20190202-D1-nurnberg-werder_bremen,null_price
20190202-D1-schalke_04-m_gladbach,null_price
20190202-E0-brighton-watford,null_price
20190202-E0-burnley-southampton,null_price
20190202-E0-cardiff-bournemouth,null_price
20190202-E0-chelsea-huddersfield,null_price
20190202-E0-crystal_palace-fulham,null_price
20190202-E0-everton-wolves,null_price
20190202-E0-tottenham-newcastle,null_price
20190202-E1-birmingham-nott_m_forest,null_price
20190202-E1-brentford-blackburn,null_price
20190202-E1-bristol_city-swansea,null_price
20190202-E1-hull-stoke,null_price
20190202-E1-ipswich-sheffield_weds,null_price
20190202-E1-leeds-norwich,null_price
20190202-E1-millwall-rotherham,null_price
20190202-E1-reading-aston_villa,null_price
20190202-E1-sheffield_united-bolton,null_price
20190202-E1-west_brom-middlesbrough,null_price
20190202-E1-wigan-qpr,null_price
20190202-F1-angers-dijon,null_price
20190202-F1-monaco-toulouse,null_price
20190202-F1-reims-marseille,null_price
20190202-F1-rennes-amiens,null_price
20190202-I1-empoli-chievo,null_price
20190202-I1-juventus-parma,null_price
20190202-I1-napoli-sampdoria,null_price
20190202-SP1-barcelona-valencia,null_price
20190202-SP1-celta-sevilla,null_price
20190202-SP1-levante-getafe,null_price
20190202-SP1-sociedad-ath_bilbao,null_price
20190203-D1-augsburg-mainz,null_price
20190203-D1-stuttgart-freiburg,null_price
20190203-E0-leicester-man_united,null_price
20190203-E0-man_city-arsenal,null_price
20190203-F1-lyon-paris_sg,null_price
20190203-F1-nimes-montpellier,null_price
20190203-I1-genoa-sassuolo,null_price
20190203-I1-inter-bologna,null_price
20190203-I1-roma-milan,null_price
20190203-I1-spal-torino,null_price
20190203-I1-udinese-fiorentina,null_price
20190203-SP1-betis-ath_madrid,null_price
20190203-SP1-eibar-girona,null_price
20190203-SP1-real_madrid-alaves,null_price
20190203-SP1-villarreal-espanol,null_price
20190204-E0-west_ham-liverpool,null_price
20190204-I1-cagliari-atalanta,null_price
20190204-I1-frosinone-lazio,null_price
20190204-SP1-vallecano-leganes,null_price
20190205-F1-marseille-bordeaux,null_price
20190206-E0-everton-man_city,null_price
20190207-I1-lazio-empoli,null_price
20190208-D1-mainz-leverkusen,null_price
20190208-E1-aston_villa-sheffield_united,null_price
20190208-F1-dijon-marseille,null_price
20190208-I1-chievo-roma,null_price
20190208-SP1-valladolid-villarreal,null_price
20190209-D1-bayern_munich-schalke_04,null_price
20190209-D1-dortmund-hoffenheim,null_price
20190209-D1-freiburg-wolfsburg,null_price
20190209-D1-hannover-nurnberg,null_price
20190209-D1-m_gladbach-hertha,null_price
20190209-D1-rb_leipzig-ein_frankfurt,null_price
20190209-E0-brighton-burnley,null_price
20190209-E0-crystal_palace-west_ham,null_price
20190209-E0-fulham-man_united,null_price
20190209-E0-huddersfield-arsenal,null_price
20190209-E0-liverpool-bournemouth,null_price
20190209-E0-southampton-cardiff,null_price
20190209-E0-watford-everton,null_price
20190209-E1-blackburn-bristol_city,null_price
20190209-E1-bolton-preston,null_price
20190209-E1-derby-hull,null_price
20190209-E1-middlesbrough-leeds,null_price
20190209-E1-nott_m_forest-brentford,null_price
20190209-E1-qpr-birmingham,null_price
20190209-E1-rotherham-wigan,null_price
20190209-E1-sheffield_weds-reading,null_price
20190209-E1-stoke-west_brom,null_price
20190209-E1-swansea-millwall,null_price
20190209-F1-amiens-caen,null_price
20190209-F1-paris_sg-bordeaux,null_price
20190209-F1-strasbourg-angers,null_price
20190209-I1-fiorentina-napoli,null_price
20190209-I1-parma-inter,null_price
20190209-SP1-ath_madrid-real_madrid,null_price
20190209-SP1-espanol-vallecano,null_price
20190209-SP1-getafe-celta,null_price
20190209-SP1-girona-huesca,null_price
20190210-D1-fortuna_dusseldorf-stuttgart,null_price
20190210-D1-werder_bremen-augsburg,null_price
20190210-E0-man_city-chelsea,null_price
20190210-E0-tottenham-leicester,null_price
20190210-E1-norwich-ipswich,null_price
20190210-F1-guingamp-lille,null_price
20190210-F1-montpellier-monaco,null_price
20190210-F1-nantes-nimes,null_price
20190210-F1-nice-lyon,null_price
20190210-F1-rennes-st_etienne,null_price
20190210-F1-toulouse-reims,null_price
20190210-I1-atalanta-spal,null_price
20190210-I1-bologna-genoa,null_price
20190210-I1-milan-cagliari,null_price
20190210-I1-sampdoria-frosinone,null_price
20190210-I1-sassuolo-juventus,null_price
20190210-I1-torino-udinese,null_price
20190210-SP1-ath_bilbao-barcelona,null_price
20190210-SP1-leganes-betis,null_price
20190210-SP1-sevilla-eibar,null_price
20190210-SP1-valencia-sociedad,null_price
20190211-E0-wolves-newcastle,null_price
20190211-SP1-alaves-levante,null_price
20190212-E1-birmingham-bolton,null_price
20190212-E1-bristol_city-qpr,null_price
20190212-E1-hull-rotherham,null_price
20190212-E1-millwall-sheffield_weds,null_price
20190212-E1-west_brom-nott_m_forest,null_price
20190213-E1-brentford-aston_villa,null_price
20190213-E1-ipswich-derby,null_price
20190213-E1-leeds-swansea,null_price
20190213-E1-preston-norwich,null_price
20190213-E1-reading-blackburn,null_price
20190213-E1-sheffield_united-middlesbrough,null_price
20190213-E1-wigan-stoke,null_price
20190213-F1-caen-nantes,null_price
20190213-F1-st_etienne-strasbourg,null_price
20190215-D1-augsburg-bayern_munich,null_price
20190215-F1-lyon-guingamp,null_price
20190215-F1-nimes-dijon,null_price
20190215-I1-juventus-frosinone,null_price
20190215-SP1-eibar-getafe,null_price
20190216-D1-hertha-werder_bremen,null_price
20190216-D1-hoffenheim-hannover,null_price
20190216-D1-schalke_04-freiburg,null_price
20190216-D1-stuttgart-rb_leipzig,null_price
20190216-D1-wolfsburg-mainz,null_price
20190216-E1-aston_villa-west_brom,null_price
20190216-E1-bolton-norwich,null_price
20190216-E1-ipswich-stoke,null_price
20190216-E1-preston-nott_m_forest,null_price
20190216-E1-rotherham-sheffield_weds,null_price
20190216-E1-sheffield_united-reading,null_price
20190216-F1-angers-nice,null_price
20190216-F1-marseille-amiens,null_price
20190216-F1-monaco-nantes,null_price
20190216-I1-atalanta-milan,null_price
20190216-I1-cagliari-parma,null_price
20190216-SP1-barcelona-valladolid,null_price
20190216-SP1-celta-levante,null_price
20190216-SP1-sociedad-leganes,null_price
20190216-SP1-vallecano-ath_madrid,null_price
20190217-D1-ein_frankfurt-m_gladbach,null_price
20190217-D1-leverkusen-fortuna_dusseldorf,null_price
20190217-E1-blackburn-middlesbrough,null_price
20190217-F1-bordeaux-toulouse,null_price
20190217-F1-caen-strasbourg,null_price
20190217-F1-lille-montpellier,null_price
20190217-F1-reims-rennes,null_price
20190217-F1-st_etienne-paris_sg,null_price
20190217-I1-empoli-sassuolo,null_price
20190217-I1-genoa-lazio,null_price
20190217-I1-inter-sampdoria,null_price
20190217-I1-napoli-torino,null_price
20190217-I1-spal-fiorentina,null_price
20190217-I1-udinese-chievo,null_price
20190217-SP1-betis-alaves,null_price
20190217-SP1-real_madrid-girona,null_price
20190217-SP1-valencia-espanol,null_price
20190217-SP1-villarreal-sevilla,null_price
20190218-D1-nurnberg-dortmund,null_price
20190218-I1-roma-bologna,null_price
20190218-SP1-huesca-ath_bilbao,null_price
20190219-E1-qpr-west_brom,null_price
20190220-E1-derby-millwall,null_price
20190220-F1-bordeaux-guingamp,null_price
20190220-F1-paris_sg-montpellier,null_price
20190222-D1-werder_bremen-stuttgart,null_price
20190222-E0-cardiff-watford,null_price
20190222-E0-west_ham-fulham,null_price
20190222-F1-dijon-st_etienne,null_price
20190222-F1-strasbourg-lille,null_price
20190222-I1-milan-empoli,null_price
20190222-SP1-espanol-huesca,null_price
20190223-D1-bayern_munich-hertha,null_price
20190223-D1-fortuna_dusseldorf-nurnberg,null_price
20190223-D1-freiburg-augsburg,null_price
20190223-D1-m_gladbach-wolfsburg,null_price
20190223-D1-mainz-schalke_04,null_price
20190223-E0-bournemouth-wolves,null_price
20190223-E0-burnley-tottenham,null_price
20190223-E0-leicester-crystal_palace,null_price
20190223-E0-newcastle-huddersfield,null_price
20190223-E1-birmingham-blackburn,null_price
20190223-E1-brentford-hull,null_price
20190223-E1-leeds-bolton,null_price
20190223-E1-middlesbrough-qpr,null_price
20190223-E1-millwall-preston,null_price
20190223-E1-norwich-bristol_city,null_price
20190223-E1-reading-rotherham,null_price
20190223-E1-sheffield_weds-swansea,null_price
20190223-E1-stoke-aston_villa,null_price
20190223-E1-west_brom-sheffield_united,null_price
20190223-E1-wigan-ipswich,null_price
20190223-F1-amiens-nice,null_price
20190223-F1-guingamp-angers,null_price
20190223-F1-paris_sg-nimes,null_price
20190223-I1-frosinone-roma,null_price
20190223-I1-torino-atalanta,null_price
20190223-SP1-alaves-celta,null_price
20190223-SP1-ath_bilbao-eibar,null_price
20190223-SP1-getafe-vallecano,null_price
20190223-SP1-sevilla-barcelona,null_price
20190224-D1-dortmund-leverkusen,null_price
20190224-D1-hannover-ein_frankfurt,null_price
20190224-E0-arsenal-southampton,null_price
20190224-E0-man_united-liverpool,null_price
20190224-F1-monaco-lyon,null_price
20190224-F1-montpellier-reims,null_price
20190224-F1-nantes-bordeaux,null_price
20190224-F1-rennes-marseille,null_price
20190224-F1-toulouse-caen,null_price
20190224-I1-bologna-juventus,null_price
20190224-I1-chievo-genoa,null_price
20190224-I1-fiorentina-inter,null_price
20190224-I1-parma-napoli,null_price
20190224-I1-sampdoria-cagliari,null_price
20190224-I1-sassuolo-spal,null_price
20190224-SP1-ath_madrid-villarreal,null_price
20190224-SP1-leganes-valencia,null_price
20190224-SP1-levante-real_madrid,null_price
20190224-SP1-valladolid-betis,null_price
20190225-D1-rb_leipzig-hoffenheim,null_price
20190225-E1-nott_m_forest-derby,null_price
20190225-SP1-girona-sociedad,null_price
20190226-E0-cardiff-everton,null_price
20190226-E0-huddersfield-wolves,null_price
20190226-E0-leicester-brighton,null_price
20190226-E0-newcastle-burnley,null_price
20190226-E1-bristol_city-birmingham,null_price
20190226-E1-hull-millwall,null_price
20190226-E1-qpr-leeds,null_price
20190226-E1-sheffield_weds-brentford,null_price
20190227-E0-arsenal-bournemouth,null_price
20190227-E0-chelsea-tottenham,null_price
20190227-E0-crystal_palace-man_united,null_price
20190227-E0-liverpool-watford,null_price
20190227-E0-man_city-west_ham,null_price
20190227-E0-southampton-fulham,null_price
20190301-D1-augsburg-dortmund,null_price
20190301-E1-leeds-west_brom,null_price
20190301-I1-cagliari-inter,null_price
20190301-SP1-vallecano-girona,null_price
20190302-D1-ein_frankfurt-hoffenheim,null_price
20190302-D1-hertha-mainz,null_price
20190302-D1-leverkusen-freiburg,null_price
20190302-D1-m_gladbach-bayern_munich,null_price
20190302-D1-nurnberg-rb_leipzig,null_price
20190302-D1-schalke_04-fortuna_dusseldorf,null_price
20190302-E0-bournemouth-man_city,null_price
20190302-E0-brighton-huddersfield,null_price
20190302-E0-burnley-crystal_palace,null_price
20190302-E0-man_united-southampton,null_price
20190302-E0-tottenham-arsenal,null_price
20190302-E0-west_ham-newcastle,null_price
20190302-E0-wolves-cardiff,null_price
20190302-E1-aston_villa-derby,null_price
20190302-E1-brentford-qpr,null_price
20190302-E1-hull-birmingham,null_price
20190302-E1-ipswich-reading,null_price
20190302-E1-millwall-norwich,null_price
20190302-E1-preston-bristol_city,null_price
20190302-E1-rotherham-blackburn,null_price
20190302-E1-stoke-nott_m_forest,null_price
20190302-E1-swansea-bolton,null_price
20190302-E1-wigan-middlesbrough,null_price
20190302-F1-angers-monaco,null_price
20190302-F1-caen-paris_sg,null_price
20190302-F1-reims-amiens,null_price
20190302-I1-empoli-parma,null_price
20190302-I1-lazio-roma,null_price
20190302-I1-milan-sassuolo,null_price
20190302-SP1-espanol-valladolid,null_price
20190302-SP1-huesca-sevilla,null_price
20190302-SP1-real_madrid-barcelona,null_price
20190302-SP1-villarreal-alaves,null_price
20190303-D1-stuttgart-hannover,null_price
20190303-D1-wolfsburg-werder_bremen,null_price
20190303-E0-everton-liverpool,null_price
20190303-E0-fulham-chelsea,null_price
20190303-E0-watford-leicester,null_price
20190303-F1-guingamp-nantes,null_price
20190303-F1-lille-dijon,null_price
20190303-F1-lyon-toulouse,null_price
20190303-F1-marseille-st_etienne,null_price
20190303-F1-nice-strasbourg,null_price
20190303-I1-atalanta-fiorentina,null_price
20190303-I1-genoa-frosinone,null_price
20190303-I1-napoli-juventus,null_price
20190303-I1-spal-sampdoria,null_price
20190303-I1-torino-chievo,null_price
20190303-I1-udinese-bologna,null_price
20190303-SP1-betis-getafe,null_price
20190303-SP1-eibar-celta,null_price
20190303-SP1-sociedad-ath_madrid,null_price
20190303-SP1-valencia-ath_bilbao,null_price
20190304-E1-sheffield_weds-sheffield_united,null_price
20190304-SP1-leganes-levante,null_price
20190305-E1-derby-wigan,null_price
20190305-F1-bordeaux-montpellier,null_price
20190308-D1-werder_bremen-schalke_04,null_price
20190308-E1-norwich-swansea,null_price
20190308-I1-juventus-udinese,null_price
20190308-SP1-ath_bilbao-espanol,null_price
20190309-D1-bayern_munich-wolfsburg,null_price
20190309-D1-dortmund-stuttgart,null_price
20190309-D1-freiburg-hertha,null_price
20190309-D1-mainz-m_gladbach,null_price
20190309-D1-rb_leipzig-augsburg,null_price
20190309-E0-cardiff-west_ham,null_price
20190309-E0-crystal_palace-brighton,null_price
20190309-E0-huddersfield-bournemouth,null_price
20190309-E0-leicester-fulham,null_price
20190309-E0-man_city-watford,null_price
20190309-E0-newcastle-everton,null_price
20190309-E0-southampton-tottenham,null_price
20190309-E1-blackburn-preston,null_price
20190309-E1-bolton-millwall,null_price
20190309-E1-bristol_city-leeds,null_price
20190309-E1-derby-sheffield_weds,null_price
20190309-E1-middlesbrough-brentford,null_price
20190309-E1-nott_m_forest-hull,null_price
20190309-E1-qpr-stoke,null_price
20190309-E1-reading-wigan,null_price
20190309-E1-sheffield_united-rotherham,null_price
20190309-E1-west_brom-ipswich,null_price
20190309-F1-amiens-nimes,null_price
20190309-F1-dijon-reims,null_price
20190309-F1-monaco-bordeaux,null_price
20190309-F1-strasbourg-lyon,null_price
20190309-I1-chievo-milan,null_price
20190309-I1-parma-genoa,null_price
20190309-SP1-alaves-eibar,null_price
20190309-SP1-ath_madrid-leganes,null_price
20190309-SP1-barcelona-vallecano,null_price
20190309-SP1-getafe-huesca,null_price
20190310-D1-hannover-leverkusen,null_price
20190310-D1-hoffenheim-nurnberg,null_price
20190310-E0-arsenal-man_united,null_price
20190310-E0-chelsea-wolves,null_price
20190310-E0-liverpool-burnley,null_price
20190310-E1-birmingham-aston_villa,null_price
20190310-F1-marseille-nice,null_price
20190310-F1-montpellier-angers,null_price
20190310-F1-rennes-caen,null_price
20190310-F1-st_etienne-lille,null_price
20190310-F1-toulouse-guingamp,null_price
20190310-I1-bologna-cagliari,null_price
20190310-I1-fiorentina-lazio,null_price
20190310-I1-frosinone-torino,null_price
20190310-I1-inter-spal,null_price
20190310-I1-sampdoria-atalanta,null_price
20190310-I1-sassuolo-napoli,null_price
20190310-SP1-celta-betis,null_price
20190310-SP1-girona-valencia,null_price
20190310-SP1-levante-villarreal,null_price
20190310-SP1-sevilla-sociedad,null_price
20190310-SP1-valladolid-real_madrid,null_price
20190311-D1-fortuna_dusseldorf-ein_frankfurt,null_price
20190311-I1-roma-empoli,null_price
20190312-E1-blackburn-wigan,null_price
20190312-E1-bolton-sheffield_weds,null_price
20190312-E1-bristol_city-ipswich,null_price
20190312-E1-reading-leeds,null_price
20190312-E1-sheffield_united-brentford,null_price
20190312-F1-dijon-paris_sg,null_price
20190313-E1-birmingham-millwall,null_price
20190313-E1-derby-stoke,null_price
20190313-E1-middlesbrough-preston,null_price
20190313-E1-norwich-hull,null_price
20190313-E1-nott_m_forest-aston_villa,null_price
20190313-E1-qpr-rotherham,null_price
20190313-E1-west_brom-swansea,null_price
20190315-D1-m_gladbach-freiburg,null_price
20190315-F1-lille-monaco,null_price
20190315-F1-nice-toulouse,null_price
20190315-I1-cagliari-fiorentina,null_price
20190315-SP1-sociedad-levante,null_price
20190316-D1-augsburg-hannover,null_price
20190316-D1-hertha-dortmund,null_price
20190316-D1-schalke_04-rb_leipzig,null_price
20190316-D1-stuttgart-hoffenheim,null_price
20190316-D1-wolfsburg-fortuna_dusseldorf,null_price
20190316-E0-bournemouth-newcastle,null_price
20190316-E0-burnley-leicester,null_price
20190316-E0-west_ham-huddersfield,null_price
20190316-E1-aston_villa-middlesbrough,null_price
20190316-E1-brentford-west_brom,null_price
20190316-E1-hull-qpr,null_price
20190316-E1-ipswich-nott_m_forest,null_price
20190316-E1-leeds-sheffield_united,null_price
20190316-E1-preston-birmingham,null_price
20190316-E1-rotherham-norwich,null_price
20190316-E1-sheffield_weds-blackburn,null_price
20190316-E1-stoke-reading,null_price
20190316-E1-wigan-bolton,null_price
20190316-F1-angers-amiens,null_price
20190316-F1-caen-st_etienne,null_price
20190316-F1-guingamp-dijon,null_price
20190316-F1-nimes-strasbourg,null_price
20190316-I1-sassuolo-sampdoria,null_price
20190316-I1-spal-roma,null_price
20190316-I1-torino-bologna,null_price
20190316-SP1-ath_bilbao-ath_madrid,null_price
20190316-SP1-huesca-alaves,null_price
20190316-SP1-leganes-girona,null_price
20190316-SP1-real_madrid-celta,null_price
20190317-D1-bayern_munich-mainz,null_price
20190317-D1-ein_frankfurt-nurnberg,null_price
20190317-D1-leverkusen-werder_bremen,null_price
20190317-E0-everton-chelsea,null_price
20190317-E0-fulham-liverpool,null_price
20190317-F1-bordeaux-rennes,null_price
20190317-F1-lyon-montpellier,null_price
20190317-F1-paris_sg-marseille,null_price
20190317-F1-reims-nantes,null_price
20190317-I1-atalanta-chievo,null_price
20190317-I1-empoli-frosinone,null_price
20190317-I1-genoa-juventus,null_price
20190317-I1-lazio-parma,null_price
20190317-I1-milan-inter,null_price
20190317-I1-napoli-udinese,null_price
20190317-SP1-betis-barcelona,null_price
20190317-SP1-eibar-valladolid,null_price
20190317-SP1-espanol-sevilla,null_price
20190317-SP1-valencia-getafe,null_price
20190317-SP1-villarreal-vallecano,null_price
20190329-D1-hoffenheim-leverkusen,null_price
20190329-E1-west_brom-birmingham,null_price
20190329-F1-rennes-lyon,null_price
20190329-I1-chievo-cagliari,null_price
20190329-SP1-girona-ath_bilbao,null_price
20190330-D1-dortmund-wolfsburg,null_price
20190330-D1-fortuna_dusseldorf-m_gladbach,null_price
20190330-D1-freiburg-bayern_munich,null_price
20190330-D1-nurnberg-augsburg,null_price
20190330-D1-rb_leipzig-hertha,null_price
20190330-D1-werder_bremen-mainz,null_price
20190330-E0-brighton-southampton,null_price
20190330-E0-burnley-wolves,null_price
20190330-E0-crystal_palace-huddersfield,null_price
20190330-E0-fulham-man_city,null_price
20190330-E0-leicester-bournemouth,null_price
20190330-E0-man_united-watford,null_price
20190330-E0-west_ham-everton,null_price
20190330-E1-aston_villa-blackburn,null_price
20190330-E1-derby-rotherham,null_price
20190330-E1-ipswich-hull,null_price
20190330-E1-leeds-millwall,null_price
20190330-E1-middlesbrough-norwich,null_price
20190330-E1-nott_m_forest-swansea,null_price
20190330-E1-qpr-bolton,null_price
20190330-E1-reading-preston,null_price
20190330-E1-sheffield_united-bristol_city,null_price
20190330-E1-stoke-sheffield_weds,null_price
20190330-E1-wigan-brentford,null_price
20190330-F1-marseille-angers,null_price
20190330-I1-juventus-empoli,null_price
20190330-I1-sampdoria-milan,null_price
20190330-I1-udinese-genoa,null_price
20190330-SP1-alaves-ath_madrid,null_price
20190330-SP1-barcelona-espanol,null_price
20190330-SP1-celta-villarreal,null_price
20190330-SP1-getafe-leganes,null_price
20190331-D1-ein_frankfurt-stuttgart,null_price
20190331-D1-hannover-schalke_04,null_price
20190331-E0-cardiff-chelsea,null_price
20190331-E0-liverpool-tottenham,null_price
20190331-F1-amiens-bordeaux,null_price
20190331-F1-dijon-nice,null_price
20190331-F1-monaco-caen,null_price
20190331-F1-nantes-lille,null_price
20190331-F1-toulouse-paris_sg,null_price
20190331-I1-bologna-sassuolo,null_price
20190331-I1-fiorentina-torino,null_price
20190331-I1-frosinone-spal,null_price
20190331-I1-inter-lazio,null_price
20190331-I1-parma-atalanta,null_price
20190331-I1-roma-napoli,null_price
20190331-SP1-levante-eibar,null_price
20190331-SP1-real_madrid-huesca,null_price
20190331-SP1-sevilla-valencia,null_price
20190331-SP1-valladolid-sociedad,null_price
20190331-SP1-vallecano-betis,null_price
20190401-E0-arsenal-newcastle,null_price
20190401-F1-st_etienne-nimes,null_price
20190402-E0-watford-fulham,null_price
20190402-E0-wolves-man_united,null_price
20190402-E1-middlesbrough-bristol_city,null_price
20190402-E1-swansea-brentford,null_price
20190402-I1-cagliari-juventus,null_price
20190402-I1-milan-udinese,null_price
20190402-SP1-ath_madrid-girona,null_price
20190402-SP1-espanol-getafe,null_price
20190402-SP1-villarreal-barcelona,null_price
20190403-E0-chelsea-brighton,null_price
20190403-E0-man_city-cardiff,null_price
20190403-E0-tottenham-crystal_palace,null_price
20190403-F1-montpellier-guingamp,null_price
20190403-F1-strasbourg-reims,null_price
20190403-I1-empoli-napoli,null_price
20190403-I1-frosinone-parma,null_price
20190403-I1-genoa-inter,null_price
20190403-I1-roma-fiorentina,null_price
20190403-I1-spal-lazio,null_price
20190403-I1-torino-sampdoria,null_price
20190403-SP1-ath_bilbao-levante,null_price
20190403-SP1-eibar-vallecano,null_price
20190403-SP1-huesca-celta,null_price
20190403-SP1-valencia-real_madrid,null_price
20190404-I1-atalanta-bologna,null_price
20190404-I1-sassuolo-chievo,null_price
20190404-SP1-leganes-valladolid,null_price
20190404-SP1-sevilla-alaves,null_price
20190404-SP1-sociedad-betis,null_price
20190405-D1-mainz-freiburg,null_price
20190405-E0-southampton-liverpool,null_price
20190405-F1-bordeaux-marseille,null_price
20190406-D1-bayern_munich-dortmund,null_price
20190406-D1-hertha-fortuna_dusseldorf,null_price
20190406-D1-leverkusen-rb_leipzig,null_price
20190406-D1-schalke_04-ein_frankfurt,null_price
20190406-D1-stuttgart-nurnberg,null_price
20190406-D1-wolfsburg-hannover,null_price
20190406-E0-bournemouth-burnley,null_price
20190406-E0-huddersfield-leicester,null_price
20190406-E0-newcastle-crystal_palace,null_price
20190406-E1-birmingham-leeds,null_price
20190406-E1-blackburn-stoke,null_price
20190406-E1-bolton-ipswich,null_price
20190406-E1-brentford-derby,null_price
20190406-E1-bristol_city-wigan,null_price
20190406-E1-hull-reading,null_price
20190406-E1-millwall-west_brom,null_price
20190406-E1-norwich-qpr,null_price
20190406-E1-preston-sheffield_united,null_price
20190406-E1-rotherham-nott_m_forest,null_price
20190406-E1-sheffield_weds-aston_villa,null_price
20190406-E1-swansea-middlesbrough,null_price
20190406-F1-amiens-st_etienne,null_price
20190406-F1-angers-rennes,null_price
20190406-F1-guingamp-monaco,null_price
20190406-F1-lyon-dijon,null_price
20190406-F1-nimes-caen,null_price
20190406-I1-juventus-milan,null_price
20190406-I1-parma-torino,null_price
20190406-I1-sampdoria-roma,null_price
20190406-SP1-barcelona-ath_madrid,null_price
20190406-SP1-girona-espanol,null_price
20190406-SP1-real_madrid-eibar,null_price
20190406-SP1-vallecano-valencia,null_price
20190407-D1-augsburg-hoffenheim,null_price
20190407-D1-m_gladbach-werder_bremen,null_price
20190407-E0-everton-arsenal,null_price
20190407-F1-nice-montpellier,null_price
20190407-F1-paris_sg-strasbourg,null_price
20190407-F1-reims-lille,null_price
20190407-F1-toulouse-nantes,null_price
20190407-I1-cagliari-spal,null_price
20190407-I1-fiorentina-frosinone,null_price
20190407-I1-inter-atalanta,null_price
20190407-I1-lazio-sassuolo,null_price
20190407-I1-napoli-genoa,null_price
20190407-I1-udinese-empoli,null_price
20190407-SP1-alaves-leganes,null_price
20190407-SP1-betis-villarreal,null_price
20190407-SP1-celta-sociedad,null_price
20190407-SP1-getafe-ath_bilbao,null_price
20190407-SP1-levante-huesca,null_price
20190407-SP1-valladolid-sevilla,null_price
20190408-E0-chelsea-west_ham,null_price
20190408-I1-bologna-chievo,null_price
20190409-E1-blackburn-derby,null_price
20190409-E1-bolton-middlesbrough,null_price
20190409-E1-bristol_city-west_brom,null_price
20190409-E1-preston-leeds,null_price
20190409-E1-sheffield_weds-nott_m_forest,null_price
20190409-E1-swansea-stoke,null_price
20190409-F1-nimes-rennes,null_price
20190410-E1-birmingham-sheffield_united,null_price
20190410-E1-brentford-ipswich,null_price
20190410-E1-hull-wigan,null_price
20190410-E1-millwall-qpr,null_price
20190410-E1-norwich-reading,null_price
20190410-E1-rotherham-aston_villa,null_price
20190412-D1-nurnberg-schalke_04,null_price
20190412-E0-leicester-newcastle,null_price
20190412-F1-dijon-amiens,null_price
20190412-F1-nantes-lyon,null_price
20190413-D1-dortmund-mainz,null_price
20190413-D1-hannover-m_gladbach,null_price
20190413-D1-rb_leipzig-wolfsburg,null_price
20190413-D1-stuttgart-leverkusen,null_price
20190413-D1-werder_bremen-freiburg,null_price
20190413-E0-brighton-bournemouth,null_price
20190413-E0-burnley-cardiff,null_price
20190413-E0-fulham-everton,null_price
20190413-E0-man_united-west_ham,null_price
20190413-E0-southampton-wolves,null_price
20190413-E0-tottenham-huddersfield,null_price
20190413-E1-aston_villa-bristol_city,null_price
20190413-E1-derby-bolton,null_price
20190413-E1-ipswich-birmingham,null_price
20190413-E1-leeds-sheffield_weds,null_price
20190413-E1-middlesbrough-hull,null_price
20190413-E1-nott_m_forest-blackburn,null_price
20190413-E1-qpr-swansea,null_price
20190413-E1-reading-brentford,null_price
20190413-E1-sheffield_united-millwall,null_price
20190413-E1-stoke-rotherham,null_price
20190413-E1-west_brom-preston,null_price
20190413-F1-caen-angers,null_price
20190413-F1-marseille-nimes,null_price
20190413-F1-monaco-reims,null_price
20190413-F1-strasbourg-guingamp,null_price
20190413-I1-milan-lazio,null_price
20190413-I1-roma-udinese,null_price
20190413-I1-spal-juventus,null_price
20190413-SP1-ath_madrid-celta,null_price
20190413-SP1-espanol-alaves,null_price
20190413-SP1-huesca-barcelona,null_price
20190413-SP1-sevilla-betis,null_price
20190414-D1-ein_frankfurt-augsburg,null_price
20190414-D1-fortuna_dusseldorf-bayern_munich,null_price
20190414-D1-hoffenheim-hertha,null_price
20190414-E0-crystal_palace-man_city,null_price
20190414-E0-liverpool-chelsea,null_price
20190414-E1-wigan-norwich,null_price
20190414-F1-lille-paris_sg,null_price
20190414-F1-montpellier-toulouse,null_price
20190414-F1-rennes-nice,null_price
20190414-F1-st_etienne-bordeaux,null_price
20190414-I1-chievo-napoli,null_price
20190414-I1-fiorentina-bologna,null_price
20190414-I1-frosinone-inter,null_price
20190414-I1-sampdoria-genoa,null_price
20190414-I1-sassuolo-parma,null_price
20190414-I1-torino-cagliari,null_price
20190414-SP1-ath_bilbao-vallecano,null_price
20190414-SP1-girona-villarreal,null_price
20190414-SP1-sociedad-eibar,null_price
20190414-SP1-valencia-levante,null_price
20190414-SP1-valladolid-getafe,null_price
20190415-E0-watford-arsenal,null_price
20190415-I1-atalanta-empoli,null_price
20190415-SP1-leganes-real_madrid,null_price
20190416-E0-brighton-cardiff,null_price
20190417-F1-nantes-paris_sg,null_price
20190417-I1-lazio-udinese,null_price
20190419-E1-birmingham-derby,null_price
20190419-E1-bolton-aston_villa,null_price
20190419-E1-bristol_city-reading,null_price
20190419-E1-leeds-wigan,null_price
20190419-E1-middlesbrough-stoke,null_price
20190419-E1-millwall-brentford,null_price
20190419-E1-norwich-sheffield_weds,null_price
20190419-E1-preston-ipswich,null_price
20190419-E1-qpr-blackburn,null_price
20190419-E1-sheffield_united-nott_m_forest,null_price
20190419-E1-swansea-rotherham,null_price
20190419-E1-west_brom-hull,null_price
20190419-F1-dijon-rennes,null_price
20190419-F1-lyon-angers,null_price
20190419-SP1-alaves-valladolid,null_price
20190420-D1-augsburg-stuttgart,null_price
20190420-D1-bayern_munich-werder_bremen,null_price
20190420-D1-leverkusen-nurnberg,null_price
20190420-D1-m_gladbach-rb_leipzig,null_price
20190420-D1-mainz-fortuna_dusseldorf,null_price
20190420-D1-schalke_04-hoffenheim,null_price
20190420-E0-bournemouth-fulham,null_price
20190420-E0-huddersfield-watford,null_price
20190420-E0-man_city-tottenham,null_price
20190420-E0-newcastle-southampton,null_price
20190420-E0-west_ham-leicester,null_price
20190420-E0-wolves-brighton,null_price
20190420-F1-guingamp-marseille,null_price
20190420-F1-nice-caen,null_price
20190420-F1-nimes-bordeaux,null_price
20190420-F1-strasbourg-montpellier,null_price
20190420-I1-bologna-sampdoria,null_price
20190420-I1-cagliari-frosinone,null_price
20190420-I1-empoli-spal,null_price
20190420-I1-genoa-torino,null_price
20190420-I1-inter-roma,null_price
20190420-I1-juventus-fiorentina,null_price
20190420-I1-lazio-chievo,null_price
20190420-I1-parma-milan,null_price
20190420-I1-udinese-sassuolo,null_price
20190420-SP1-barcelona-sociedad,null_price
20190420-SP1-celta-girona,null_price
20190420-SP1-eibar-ath_madrid,null_price
20190420-SP1-vallecano-huesca,null_price
20190421-D1-freiburg-dortmund,null_price
20190421-D1-hertha-hannover,null_price
20190421-E0-arsenal-crystal_palace,null_price
20190421-E0-cardiff-liverpool,null_price
20190421-E0-everton-man_united,null_price
20190421-F1-nantes-amiens,null_price
20190421-F1-paris_sg-monaco,null_price
20190421-F1-reims-st_etienne,null_price
20190421-F1-toulouse-lille,null_price
20190421-SP1-betis-valencia,null_price
20190421-SP1-getafe-sevilla,null_price
20190421-SP1-levante-espanol,null_price
20190421-SP1-real_madrid-ath_bilbao,null_price
20190421-SP1-villarreal-leganes,null_price
20190422-D1-wolfsburg-ein_frankfurt,null_price
20190422-E0-chelsea-burnley,null_price
20190422-E1-aston_villa-millwall,null_price
20190422-E1-blackburn-bolton,null_price
20190422-E1-brentford-leeds,null_price
20190422-E1-derby-qpr,null_price
20190422-E1-hull-sheffield_united,null_price
20190422-E1-ipswich-swansea,null_price
20190422-E1-nott_m_forest-middlesbrough,null_price
20190422-E1-reading-west_brom,null_price
20190422-E1-rotherham-birmingham,null_price
20190422-E1-sheffield_weds-bristol_city,null_price
20190422-E1-stoke-norwich,null_price
20190422-E1-wigan-preston,null_price
20190422-I1-napoli-atalanta,null_price
20190423-E0-tottenham-brighton,null_price
20190423-E0-watford-southampton,null_price
20190423-SP1-alaves-barcelona,null_price
20190423-SP1-huesca-eibar,null_price
20190423-SP1-valladolid-girona,null_price
20190424-E0-man_united-man_city,null_price
20190424-E0-wolves-arsenal,null_price
20190424-SP1-ath_madrid-valencia,null_price
20190424-SP1-espanol-celta,null_price
20190424-SP1-leganes-ath_bilbao,null_price
20190424-SP1-levante-betis,null_price
20190425-SP1-getafe-real_madrid,null_price
20190425-SP1-sevilla-vallecano,null_price
20190425-SP1-sociedad-villarreal,null_price
20190426-D1-augsburg-leverkusen,null_price
20190426-E0-liverpool-huddersfield,null_price
20190426-F1-bordeaux-lyon,null_price
20190427-D1-dortmund-schalke_04,null_price
20190427-D1-ein_frankfurt-hertha,null_price
20190427-D1-fortuna_dusseldorf-werder_bremen,null_price
20190427-D1-hannover-mainz,null_price
20190427-D1-rb_leipzig-freiburg,null_price
20190427-D1-stuttgart-m_gladbach,null_price
20190427-E0-brighton-newcastle,null_price
20190427-E0-crystal_palace-everton,null_price
20190427-E0-fulham-cardiff,null_price
20190427-E0-southampton-bournemouth,null_price
20190427-E0-tottenham-west_ham,null_price
20190427-E0-watford-wolves,null_price
20190427-E1-birmingham-wigan,null_price
20190427-E1-bolton-brentford,null_price
20190427-E1-bristol_city-derby,null_price
20190427-E1-middlesbrough-reading,null_price
20190427-E1-millwall-stoke,null_price
20190427-E1-norwich-blackburn,null_price
20190427-E1-preston-sheffield_weds,null_price
20190427-E1-qpr-nott_m_forest,null_price
20190427-E1-sheffield_united-ipswich,null_price
20190427-E1-swansea-hull,null_price
20190427-E1-west_brom-rotherham,null_price
20190427-I1-bologna-empoli,null_price
20190427-I1-inter-juventus,null_price
20190427-I1-roma-cagliari,null_price
20190427-SP1-ath_bilbao-alaves,null_price
20190427-SP1-ath_madrid-valladolid,null_price
20190427-SP1-barcelona-levante,null_price
20190427-SP1-leganes-celta,null_price
20190428-D1-hoffenheim-wolfsburg,null_price
20190428-D1-nurnberg-bayern_munich,null_price
20190428-E0-burnley-man_city,null_price
20190428-E0-leicester-arsenal,null_price
20190428-E0-man_united-chelsea,null_price
20190428-E1-leeds-aston_villa,null_price
20190428-F1-amiens-strasbourg,null_price
20190428-F1-angers-reims,null_price
20190428-F1-caen-dijon,null_price
20190428-F1-lille-nimes,null_price
20190428-F1-marseille-nantes,null_price
20190428-F1-nice-guingamp,null_price
20190428-F1-st_etienne-toulouse,null_price
20190428-I1-chievo-parma,null_price
20190428-I1-frosinone-napoli,null_price
20190428-I1-sampdoria-lazio,null_price
20190428-I1-spal-genoa,null_price
20190428-I1-torino-milan,null_price
20190428-SP1-girona-sevilla,null_price
20190428-SP1-sociedad-getafe,null_price
20190428-SP1-valencia-eibar,null_price
20190428-SP1-vallecano-real_madrid,null_price
20190428-SP1-villarreal-huesca,null_price
20190429-I1-atalanta-udinese,null_price
20190429-I1-fiorentina-sassuolo,null_price
20190429-SP1-betis-espanol,null_price
20190430-E1-millwall-bristol_city,null_price
20190430-F1-montpellier-paris_sg,null_price
20190501-E1-swansea-derby,null_price
20190501-F1-rennes-monaco,null_price
20190503-D1-mainz-rb_leipzig,null_price
20190503-E0-everton-burnley,null_price
20190503-F1-strasbourg-marseille,null_price
20190503-I1-juventus-torino,null_price
20190503-SP1-sevilla-leganes,null_price
20190504-D1-bayern_munich-hannover,null_price
20190504-D1-hertha-stuttgart,null_price
20190504-D1-m_gladbach-hoffenheim,null_price
20190504-D1-werder_bremen-dortmund,null_price
20190504-D1-wolfsburg-nurnberg,null_price
20190504-E0-bournemouth-tottenham,null_price
20190504-E0-cardiff-crystal_palace,null_price
20190504-E0-newcastle-liverpool,null_price
20190504-E0-west_ham-southampton,null_price
20190504-E0-wolves-fulham,null_price
20190504-F1-bordeaux-angers,null_price
20190504-F1-guingamp-caen,null_price
20190504-F1-paris_sg-nice,null_price
20190504-F1-reims-nimes,null_price
20190504-I1-chievo-spal,null_price
20190504-I1-udinese-inter,null_price
20190504-SP1-alaves-sociedad,null_price
20190504-SP1-celta-barcelona,null_price
20190504-SP1-espanol-ath_madrid,null_price
20190504-SP1-levante-vallecano,null_price
20190505-D1-freiburg-fortuna_dusseldorf,null_price
20190505-D1-leverkusen-ein_frankfurt,null_price
20190505-D1-schalke_04-augsburg,null_price
20190505-E0-arsenal-brighton,null_price
20190505-E0-chelsea-watford,null_price
20190505-E0-huddersfield-man_united,null_price
20190505-E1-aston_villa-norwich,null_price
20190505-E1-blackburn-swansea,null_price
20190505-E1-brentford-preston,null_price
20190505-E1-derby-west_brom,null_price
20190505-E1-hull-bristol_city,null_price
20190505-E1-ipswich-leeds,null_price
20190505-E1-nott_m_forest-bolton,null_price
20190505-E1-reading-birmingham,null_price
20190505-E1-rotherham-middlesbrough,null_price
20190505-E1-sheffield_weds-qpr,null_price
20190505-E1-stoke-sheffield_united,null_price
20190505-E1-wigan-millwall,null_price
20190505-F1-lyon-lille,null_price
20190505-F1-monaco-st_etienne,null_price
20190505-F1-montpellier-amiens,null_price
20190505-F1-nantes-dijon,null_price
20190505-F1-toulouse-rennes,null_price
20190505-I1-empoli-fiorentina,null_price
20190505-I1-genoa-roma,null_price
20190505-I1-lazio-atalanta,null_price
20190505-I1-napoli-cagliari,null_price
20190505-I1-parma-sampdoria,null_price
20190505-I1-sassuolo-frosinone,null_price
20190505-SP1-eibar-betis,null_price
20190505-SP1-getafe-girona,null_price
20190505-SP1-huesca-valencia,null_price
20190505-SP1-real_madrid-villarreal,null_price
20190505-SP1-valladolid-ath_bilbao,null_price
20190506-E0-man_city-leicester,null_price
20190506-I1-milan-bologna,null_price
20190510-F1-st_etienne-montpellier,null_price
20190511-D1-augsburg-hertha,null_price
20190511-D1-dortmund-fortuna_dusseldorf,null_price
20190511-D1-hannover-freiburg,null_price
20190511-D1-hoffenheim-werder_bremen,null_price
20190511-D1-leverkusen-schalke_04,null_price
20190511-D1-nurnberg-m_gladbach,null_price
20190511-D1-rb_leipzig-bayern_munich,null_price
20190511-D1-stuttgart-wolfsburg,null_price
20190511-F1-amiens-toulouse,null_price
20190511-F1-angers-paris_sg,null_price
20190511-F1-caen-reims,null_price
20190511-F1-dijon-strasbourg,null_price
20190511-F1-nice-nantes,null_price
20190511-F1-nimes-monaco,null_price
20190511-I1-atalanta-genoa,null_price
20190511-I1-cagliari-lazio,null_price
20190511-I1-fiorentina-milan,null_price
20190512-D1-ein_frankfurt-mainz,null_price
20190512-E0-brighton-man_city,null_price
20190512-E0-burnley-arsenal,null_price
20190512-E0-crystal_palace-bournemouth,null_price
20190512-E0-fulham-newcastle,null_price
20190512-E0-leicester-chelsea,null_price
20190512-E0-liverpool-wolves,null_price
20190512-E0-man_united-cardiff,null_price
20190512-E0-southampton-huddersfield,null_price
20190512-E0-tottenham-everton,null_price
20190512-E0-watford-west_ham,null_price
20190512-F1-lille-bordeaux,null_price
20190512-F1-marseille-lyon,null_price
20190512-F1-rennes-guingamp,null_price
20190512-I1-frosinone-udinese,null_price
20190512-I1-roma-juventus,null_price
20190512-I1-sampdoria-empoli,null_price
20190512-I1-spal-napoli,null_price
20190512-I1-torino-sassuolo,null_price
20190512-SP1-ath_bilbao-celta,null_price
20190512-SP1-ath_madrid-sevilla,null_price
20190512-SP1-barcelona-getafe,null_price
20190512-SP1-betis-huesca,null_price
20190512-SP1-girona-levante,null_price
20190512-SP1-leganes-espanol,null_price
20190512-SP1-sociedad-real_madrid,null_price
20190512-SP1-valencia-alaves,null_price
20190512-SP1-vallecano-valladolid,null_price
20190512-SP1-villarreal-eibar,null_price
20190513-I1-bologna-parma,null_price
20190513-I1-inter-chievo,null_price
20190518-D1-bayern_munich-ein_frankfurt,null_price
20190518-D1-fortuna_dusseldorf-hannover,null_price
20190518-D1-freiburg-nurnberg,null_price
20190518-D1-hertha-leverkusen,null_price
20190518-D1-m_gladbach-dortmund,null_price
20190518-D1-mainz-hoffenheim,null_price
20190518-D1-schalke_04-stuttgart,null_price
20190518-D1-werder_bremen-rb_leipzig,null_price
20190518-D1-wolfsburg-augsburg,null_price
20190518-F1-bordeaux-reims,null_price
20190518-F1-guingamp-nimes,null_price
20190518-F1-lille-angers,null_price
20190518-F1-lyon-caen,null_price
20190518-F1-monaco-amiens,null_price
20190518-F1-montpellier-nantes,null_price
20190518-F1-paris_sg-dijon,null_price
20190518-F1-st_etienne-nice,null_price
20190518-F1-strasbourg-rennes,null_price
20190518-F1-toulouse-marseille,null_price
20190518-I1-genoa-cagliari,null_price
20190518-I1-sassuolo-roma,null_price
20190518-I1-udinese-spal,null_price
20190518-SP1-alaves-girona,null_price
20190518-SP1-celta-vallecano,null_price
20190518-SP1-espanol-sociedad,null_price
20190518-SP1-getafe-villarreal,null_price
20190518-SP1-huesca-leganes,null_price
20190518-SP1-levante-ath_madrid,null_price
20190518-SP1-sevilla-ath_bilbao,null_price
20190518-SP1-valladolid-valencia,null_price
20190519-I1-chievo-sampdoria,null_price
20190519-I1-empoli-torino,null_price
20190519-I1-juventus-atalanta,null_price
20190519-I1-milan-frosinone,null_price
20190519-I1-napoli-inter,null_price
20190519-I1-parma-fiorentina,null_price
20190519-SP1-eibar-barcelona,null_price
20190519-SP1-real_madrid-betis,null_price
20190520-I1-lazio-bologna,null_price
20190524-F1-amiens-guingamp,null_price
20190524-F1-angers-st_etienne,null_price
20190524-F1-caen-bordeaux,null_price
20190524-F1-dijon-toulouse,null_price
20190524-F1-marseille-montpellier,null_price
20190524-F1-nantes-strasbourg,null_price
20190524-F1-nice-monaco,null_price
20190524-F1-nimes-lyon,null_price
20190524-F1-reims-paris_sg,null_price
20190524-F1-rennes-lille,null_price
20190525-I1-bologna-napoli,null_price
20190525-I1-frosinone-chievo,null_price
20190526-I1-atalanta-sassuolo,null_price
20190526-I1-cagliari-udinese,null_price
20190526-I1-fiorentina-genoa,null_price
20190526-I1-inter-empoli,null_price
20190526-I1-roma-parma,null_price
20190526-I1-sampdoria-juventus,null_price
20190526-I1-spal-milan,null_price
20190526-I1-torino-lazio,null_price
