target,game,game_date,player,favourite,actual,model_log_loss,prior_game_clusters,base_log_loss,attempt2_prereg_seal
outscores_pregame_favourite,0022501203,2025-12-11,Aaron Wiggins,Shai Gilgeous-Alexander,0,0.026212849674196247,0,0.6931471805599453,83115c8892c0d7a4e0fb511aea16b8670ccd8dab8e059c2ebf19003ffb249617
outscores_pregame_favourite,0022501203,2025-12-11,Ajay Mitchell,Shai Gilgeous-Alexander,0,0.01222292201028301,0,0.6931471805599453,83115c8892c0d7a4e0fb511aea16b8670ccd8dab8e059c2ebf19003ffb249617
outscores_pregame_favourite,0022501203,2025-12-11,Alex Caruso,Shai Gilgeous-Alexander,0,0.005838945562612855,0,0.6931471805599453,83115c8892c0d7a4e0fb511aea16b8670ccd8dab8e059c2ebf19003ffb249617
outscores_pregame_favourite,0022501203,2025-12-11,Cason Wallace,Shai Gilgeous-Alexander,0,0.004513463824314096,0,0.6931471805599453,83115c8892c0d7a4e0fb511aea16b8670ccd8dab8e059c2ebf19003ffb249617
outscores_pregame_favourite,0022501203,2025-12-11,Chet Holmgren,Shai Gilgeous-Alexander,0,0.058946387151275474,0,0.6931471805599453,83115c8892c0d7a4e0fb511aea16b8670ccd8dab8e059c2ebf19003ffb249617
outscores_pregame_favourite,0022501203,2025-12-11,Collin Gillespie,Shai Gilgeous-Alexander,0,0.010617791120339318,0,0.6931471805599453,83115c8892c0d7a4e0fb511aea16b8670ccd8dab8e059c2ebf19003ffb249617
outscores_pregame_favourite,0022501203,2025-12-11,Dillon Brooks,Shai Gilgeous-Alexander,0,0.048011530403274084,0,0.6931471805599453,83115c8892c0d7a4e0fb511aea16b8670ccd8dab8e059c2ebf19003ffb249617
outscores_pregame_favourite,0022501203,2025-12-11,Grayson Allen,Shai Gilgeous-Alexander,0,0.03572282893917833,0,0.6931471805599453,83115c8892c0d7a4e0fb511aea16b8670ccd8dab8e059c2ebf19003ffb249617
outscores_pregame_favourite,0022501203,2025-12-11,Jalen Williams,Shai Gilgeous-Alexander,0,0.11769272181572604,0,0.6931471805599453,83115c8892c0d7a4e0fb511aea16b8670ccd8dab8e059c2ebf19003ffb249617
outscores_pregame_favourite,0022501203,2025-12-11,Jordan Goodwin,Shai Gilgeous-Alexander,0,0.004114118291440275,0,0.6931471805599453,83115c8892c0d7a4e0fb511aea16b8670ccd8dab8e059c2ebf19003ffb249617
outscores_pregame_favourite,0022501203,2025-12-11,Luguentz Dort,Shai Gilgeous-Alexander,0,0.012734055197613862,0,0.6931471805599453,83115c8892c0d7a4e0fb511aea16b8670ccd8dab8e059c2ebf19003ffb249617
outscores_pregame_favourite,0022501203,2025-12-11,Mark Williams,Shai Gilgeous-Alexander,0,0.04036071782003917,0,0.6931471805599453,83115c8892c0d7a4e0fb511aea16b8670ccd8dab8e059c2ebf19003ffb249617
outscores_pregame_favourite,0022501203,2025-12-11,Oso Ighodaro,Shai Gilgeous-Alexander,0,0.0014291063713704599,0,0.6931471805599453,83115c8892c0d7a4e0fb511aea16b8670ccd8dab8e059c2ebf19003ffb249617
outscores_pregame_favourite,0022501203,2025-12-11,Royce O'Neale,Shai Gilgeous-Alexander,0,0.00785698533872717,0,0.6931471805599453,83115c8892c0d7a4e0fb511aea16b8670ccd8dab8e059c2ebf19003ffb249617
outscores_pregame_favourite,0022501203,2025-12-11,Jaylin Williams,Shai Gilgeous-Alexander,0,0.0016231405082676345,0,0.6931471805599453,83115c8892c0d7a4e0fb511aea16b8670ccd8dab8e059c2ebf19003ffb249617
outscores_pregame_favourite,0022501203,2025-12-11,Ryan Dunn,Shai Gilgeous-Alexander,0,0.005859635267416515,0,0.6931471805599453,83115c8892c0d7a4e0fb511aea16b8670ccd8dab8e059c2ebf19003ffb249617
outscores_pregame_favourite,0022501203,2025-12-11,Kenrich Williams,Shai Gilgeous-Alexander,0,0.002266198209962552,0,0.6931471805599453,83115c8892c0d7a4e0fb511aea16b8670ccd8dab8e059c2ebf19003ffb249617
outscores_pregame_favourite,0022501204,2025-12-11,Austin Reaves,Luka Doncic,0,0.10036250826769366,0,0.6931471805599453,83115c8892c0d7a4e0fb511aea16b8670ccd8dab8e059c2ebf19003ffb249617
outscores_pregame_favourite,0022501204,2025-12-11,De'Aaron Fox,Luka Doncic,0,0.22778207530601266,0,0.6931471805599453,83115c8892c0d7a4e0fb511aea16b8670ccd8dab8e059c2ebf19003ffb249617
outscores_pregame_favourite,0022501204,2025-12-11,Deandre Ayton,Luka Doncic,0,0.045037347747706055,0,0.6931471805599453,83115c8892c0d7a4e0fb511aea16b8670ccd8dab8e059c2ebf19003ffb249617
outscores_pregame_favourite,0022501204,2025-12-11,Devin Vassell,Luka Doncic,0,0.06523698271250743,0,0.6931471805599453,83115c8892c0d7a4e0fb511aea16b8670ccd8dab8e059c2ebf19003ffb249617
outscores_pregame_favourite,0022501204,2025-12-11,Dylan Harper,Luka Doncic,0,0.013059887114609155,0,0.6931471805599453,83115c8892c0d7a4e0fb511aea16b8670ccd8dab8e059c2ebf19003ffb249617
outscores_pregame_favourite,0022501204,2025-12-11,Gabe Vincent,Luka Doncic,0,0.0020312308621554397,0,0.6931471805599453,83115c8892c0d7a4e0fb511aea16b8670ccd8dab8e059c2ebf19003ffb249617
outscores_pregame_favourite,0022501204,2025-12-11,Harrison Barnes,Luka Doncic,0,0.025059009891272632,0,0.6931471805599453,83115c8892c0d7a4e0fb511aea16b8670ccd8dab8e059c2ebf19003ffb249617
outscores_pregame_favourite,0022501204,2025-12-11,Jake LaRavia,Luka Doncic,0,0.01133488782173146,0,0.6931471805599453,83115c8892c0d7a4e0fb511aea16b8670ccd8dab8e059c2ebf19003ffb249617
outscores_pregame_favourite,0022501204,2025-12-11,Julian Champagnie,Luka Doncic,0,0.005665737535677308,0,0.6931471805599453,83115c8892c0d7a4e0fb511aea16b8670ccd8dab8e059c2ebf19003ffb249617
outscores_pregame_favourite,0022501204,2025-12-11,Keldon Johnson,Luka Doncic,0,0.026982224031812187,0,0.6931471805599453,83115c8892c0d7a4e0fb511aea16b8670ccd8dab8e059c2ebf19003ffb249617
outscores_pregame_favourite,0022501204,2025-12-11,LeBron James,Luka Doncic,0,0.20601255459353232,0,0.6931471805599453,83115c8892c0d7a4e0fb511aea16b8670ccd8dab8e059c2ebf19003ffb249617
outscores_pregame_favourite,0022501204,2025-12-11,Luke Kornet,Luka Doncic,0,0.0008780683062665312,0,0.6931471805599453,83115c8892c0d7a4e0fb511aea16b8670ccd8dab8e059c2ebf19003ffb249617
outscores_pregame_favourite,0022501204,2025-12-11,Marcus Smart,Luka Doncic,0,0.012838978073008265,0,0.6931471805599453,83115c8892c0d7a4e0fb511aea16b8670ccd8dab8e059c2ebf19003ffb249617
outscores_pregame_favourite,0022501204,2025-12-11,Rui Hachimura,Luka Doncic,0,0.026298980138390632,0,0.6931471805599453,83115c8892c0d7a4e0fb511aea16b8670ccd8dab8e059c2ebf19003ffb249617
outscores_pregame_favourite,0022501204,2025-12-11,Stephon Castle,Luka Doncic,0,0.039371002979720286,0,0.6931471805599453,83115c8892c0d7a4e0fb511aea16b8670ccd8dab8e059c2ebf19003ffb249617
outscores_pregame_favourite,0022501204,2025-12-11,Jaxson Hayes,Luka Doncic,0,0.0009907530533017812,0,0.6931471805599453,83115c8892c0d7a4e0fb511aea16b8670ccd8dab8e059c2ebf19003ffb249617
outscores_pregame_favourite,0022500410,2025-12-24,Andre Drummond,Tyrese Maxey,0,0.03869352396927412,0,0.6931471805599453,83115c8892c0d7a4e0fb511aea16b8670ccd8dab8e059c2ebf19003ffb249617
outscores_pregame_favourite,0022500410,2025-12-24,Danny Wolf,Tyrese Maxey,0,0.05485245884497792,0,0.6931471805599453,83115c8892c0d7a4e0fb511aea16b8670ccd8dab8e059c2ebf19003ffb249617
outscores_pregame_favourite,0022500410,2025-12-24,Day'Ron Sharpe,Tyrese Maxey,0,0.02942722541724667,0,0.6931471805599453,83115c8892c0d7a4e0fb511aea16b8670ccd8dab8e059c2ebf19003ffb249617
outscores_pregame_favourite,0022500410,2025-12-24,Egor Demin,Tyrese Maxey,1,3.2813648333957945,0,0.6931471805599453,83115c8892c0d7a4e0fb511aea16b8670ccd8dab8e059c2ebf19003ffb249617
outscores_pregame_favourite,0022500410,2025-12-24,Jared McCain,Tyrese Maxey,0,0.12741111878535916,0,0.6931471805599453,83115c8892c0d7a4e0fb511aea16b8670ccd8dab8e059c2ebf19003ffb249617
outscores_pregame_favourite,0022500410,2025-12-24,Joel Embiid,Tyrese Maxey,1,0.5775464624249138,0,0.6931471805599453,83115c8892c0d7a4e0fb511aea16b8670ccd8dab8e059c2ebf19003ffb249617
outscores_pregame_favourite,0022500410,2025-12-24,Justin Edwards,Tyrese Maxey,0,0.05384493483105614,0,0.6931471805599453,83115c8892c0d7a4e0fb511aea16b8670ccd8dab8e059c2ebf19003ffb249617
outscores_pregame_favourite,0022500410,2025-12-24,Michael Porter Jr,Tyrese Maxey,1,1.5415857421632795,0,0.6931471805599453,83115c8892c0d7a4e0fb511aea16b8670ccd8dab8e059c2ebf19003ffb249617
outscores_pregame_favourite,0022500410,2025-12-24,Noah Clowney,Tyrese Maxey,0,0.07121229078875939,0,0.6931471805599453,83115c8892c0d7a4e0fb511aea16b8670ccd8dab8e059c2ebf19003ffb249617
outscores_pregame_favourite,0022500410,2025-12-24,Paul George,Tyrese Maxey,1,1.3224039281449906,0,0.6931471805599453,83115c8892c0d7a4e0fb511aea16b8670ccd8dab8e059c2ebf19003ffb249617
outscores_pregame_favourite,0022500410,2025-12-24,Terance Mann,Tyrese Maxey,0,0.04201250016716442,0,0.6931471805599453,83115c8892c0d7a4e0fb511aea16b8670ccd8dab8e059c2ebf19003ffb249617
outscores_pregame_favourite,0022500410,2025-12-24,Ziaire Williams,Tyrese Maxey,0,0.05637579829899916,0,0.6931471805599453,83115c8892c0d7a4e0fb511aea16b8670ccd8dab8e059c2ebf19003ffb249617
outscores_pregame_favourite,0022500411,2025-12-24,Asa Newell,Jalen Johnson,0,0.05890470341931512,0,0.6931471805599453,83115c8892c0d7a4e0fb511aea16b8670ccd8dab8e059c2ebf19003ffb249617
outscores_pregame_favourite,0022500411,2025-12-24,Ayo Dosunmu,Jalen Johnson,0,0.28705452301166917,0,0.6931471805599453,83115c8892c0d7a4e0fb511aea16b8670ccd8dab8e059c2ebf19003ffb249617
outscores_pregame_favourite,0022500411,2025-12-24,Coby White,Jalen Johnson,0,0.7565427153676247,0,0.6931471805599453,83115c8892c0d7a4e0fb511aea16b8670ccd8dab8e059c2ebf19003ffb249617
outscores_pregame_favourite,0022500411,2025-12-24,Isaac Okoro,Jalen Johnson,0,0.10286572273121118,0,0.6931471805599453,83115c8892c0d7a4e0fb511aea16b8670ccd8dab8e059c2ebf19003ffb249617
outscores_pregame_favourite,0022500411,2025-12-24,Josh Giddey,Jalen Johnson,0,0.37448335805088334,0,0.6931471805599453,83115c8892c0d7a4e0fb511aea16b8670ccd8dab8e059c2ebf19003ffb249617
outscores_pregame_favourite,0022500411,2025-12-24,Kevin Huerter,Jalen Johnson,0,0.20713803624716504,0,0.6931471805599453,83115c8892c0d7a4e0fb511aea16b8670ccd8dab8e059c2ebf19003ffb249617
outscores_pregame_favourite,0022500411,2025-12-24,Luke Kennard,Jalen Johnson,0,0.15428007104177538,0,0.6931471805599453,83115c8892c0d7a4e0fb511aea16b8670ccd8dab8e059c2ebf19003ffb249617
outscores_pregame_favourite,0022500411,2025-12-24,Matas Buzelis,Jalen Johnson,0,0.20018256742345028,0,0.6931471805599453,83115c8892c0d7a4e0fb511aea16b8670ccd8dab8e059c2ebf19003ffb249617
outscores_pregame_favourite,0022500411,2025-12-24,Nickeil Alexander-Walker,Jalen Johnson,0,0.20108764521103176,0,0.6931471805599453,83115c8892c0d7a4e0fb511aea16b8670ccd8dab8e059c2ebf19003ffb249617
outscores_pregame_favourite,0022500411,2025-12-24,Nikola Vucevic,Jalen Johnson,0,0.5884077672948649,0,0.6931471805599453,83115c8892c0d7a4e0fb511aea16b8670ccd8dab8e059c2ebf19003ffb249617
outscores_pregame_favourite,0022500411,2025-12-24,Onyeka Okongwu,Jalen Johnson,0,0.2830506893012146,0,0.6931471805599453,83115c8892c0d7a4e0fb511aea16b8670ccd8dab8e059c2ebf19003ffb249617
outscores_pregame_favourite,0022500411,2025-12-24,Trae Young,Jalen Johnson,0,1.127887606668389,0,0.6931471805599453,83115c8892c0d7a4e0fb511aea16b8670ccd8dab8e059c2ebf19003ffb249617
outscores_pregame_favourite,0022500411,2025-12-24,Tre Jones,Jalen Johnson,0,0.15674184166195415,0,0.6931471805599453,83115c8892c0d7a4e0fb511aea16b8670ccd8dab8e059c2ebf19003ffb249617
outscores_pregame_favourite,0022500411,2025-12-24,Vit Krejci,Jalen Johnson,0,0.14143176796161633,0,0.6931471805599453,83115c8892c0d7a4e0fb511aea16b8670ccd8dab8e059c2ebf19003ffb249617
outscores_pregame_favourite,0022500411,2025-12-24,Zaccharie Risacher,Jalen Johnson,0,0.25180600258746405,0,0.6931471805599453,83115c8892c0d7a4e0fb511aea16b8670ccd8dab8e059c2ebf19003ffb249617
outscores_pregame_favourite,0022500411,2025-12-24,Zach Collins,Jalen Johnson,0,0.15370044139794278,0,0.6931471805599453,83115c8892c0d7a4e0fb511aea16b8670ccd8dab8e059c2ebf19003ffb249617
outscores_pregame_favourite,0022500412,2025-12-24,Darius Garland,Donovan Mitchell,0,0.3043844875448005,0,0.6931471805599453,83115c8892c0d7a4e0fb511aea16b8670ccd8dab8e059c2ebf19003ffb249617
outscores_pregame_favourite,0022500412,2025-12-24,De'Andre Hunter,Donovan Mitchell,0,0.1950805556352979,0,0.6931471805599453,83115c8892c0d7a4e0fb511aea16b8670ccd8dab8e059c2ebf19003ffb249617
outscores_pregame_favourite,0022500412,2025-12-24,Dean Wade,Donovan Mitchell,0,0.013909858329028817,0,0.6931471805599453,83115c8892c0d7a4e0fb511aea16b8670ccd8dab8e059c2ebf19003ffb249617
outscores_pregame_favourite,0022500412,2025-12-24,Derik Queen,Donovan Mitchell,0,0.1344010839389423,0,0.6931471805599453,83115c8892c0d7a4e0fb511aea16b8670ccd8dab8e059c2ebf19003ffb249617
outscores_pregame_favourite,0022500412,2025-12-24,Jarrett Allen,Donovan Mitchell,0,0.15254246597348214,0,0.6931471805599453,83115c8892c0d7a4e0fb511aea16b8670ccd8dab8e059c2ebf19003ffb249617
outscores_pregame_favourite,0022500412,2025-12-24,Jaylon Tyson,Donovan Mitchell,0,0.050452765569057804,0,0.6931471805599453,83115c8892c0d7a4e0fb511aea16b8670ccd8dab8e059c2ebf19003ffb249617
outscores_pregame_favourite,0022500412,2025-12-24,Jeremiah Fears,Donovan Mitchell,0,0.13957038984129072,0,0.6931471805599453,83115c8892c0d7a4e0fb511aea16b8670ccd8dab8e059c2ebf19003ffb249617
outscores_pregame_favourite,0022500412,2025-12-24,Saddiq Bey,Donovan Mitchell,0,0.1299773173206148,0,0.6931471805599453,83115c8892c0d7a4e0fb511aea16b8670ccd8dab8e059c2ebf19003ffb249617
outscores_pregame_favourite,0022500412,2025-12-24,Sam Merrill,Donovan Mitchell,0,0.04324774247305117,0,0.6931471805599453,83115c8892c0d7a4e0fb511aea16b8670ccd8dab8e059c2ebf19003ffb249617
outscores_pregame_favourite,0022500412,2025-12-24,Trey Murphy III,Donovan Mitchell,0,0.28094622588727725,0,0.6931471805599453,83115c8892c0d7a4e0fb511aea16b8670ccd8dab8e059c2ebf19003ffb249617
outscores_pregame_favourite,0022500412,2025-12-24,Zion Williamson,Donovan Mitchell,0,0.4894788247734309,0,0.6931471805599453,83115c8892c0d7a4e0fb511aea16b8670ccd8dab8e059c2ebf19003ffb249617
outscores_pregame_favourite,0022500412,2025-12-24,Craig Porter Jr,Donovan Mitchell,0,0.01813734797711855,0,0.6931471805599453,83115c8892c0d7a4e0fb511aea16b8670ccd8dab8e059c2ebf19003ffb249617
outscores_pregame_favourite,0022500412,2025-12-24,Jose Alvarado,Donovan Mitchell,0,0.04297377884799214,0,0.6931471805599453,83115c8892c0d7a4e0fb511aea16b8670ccd8dab8e059c2ebf19003ffb249617
outscores_pregame_favourite,0022500412,2025-12-24,Thomas Bryant,Donovan Mitchell,0,0.017064444060025153,0,0.6931471805599453,83115c8892c0d7a4e0fb511aea16b8670ccd8dab8e059c2ebf19003ffb249617
outscores_pregame_favourite,0022500413,2025-12-24,A.J. Green,Pascal Siakam,0,0.039556737982747926,0,0.6931471805599453,83115c8892c0d7a4e0fb511aea16b8670ccd8dab8e059c2ebf19003ffb249617
outscores_pregame_favourite,0022500413,2025-12-24,Andrew Nembhard,Pascal Siakam,0,0.10719763309388511,0,0.6931471805599453,83115c8892c0d7a4e0fb511aea16b8670ccd8dab8e059c2ebf19003ffb249617
outscores_pregame_favourite,0022500413,2025-12-24,Bennedict Mathurin,Pascal Siakam,0,0.3063909473294799,0,0.6931471805599453,83115c8892c0d7a4e0fb511aea16b8670ccd8dab8e059c2ebf19003ffb249617
outscores_pregame_favourite,0022500413,2025-12-24,Bobby Portis,Pascal Siakam,0,0.19485157431479738,0,0.6931471805599453,83115c8892c0d7a4e0fb511aea16b8670ccd8dab8e059c2ebf19003ffb249617
outscores_pregame_favourite,0022500413,2025-12-24,Gary Trent Jr,Pascal Siakam,0,0.15329790906035715,0,0.6931471805599453,83115c8892c0d7a4e0fb511aea16b8670ccd8dab8e059c2ebf19003ffb249617
outscores_pregame_favourite,0022500413,2025-12-24,Jarace Walker,Pascal Siakam,0,0.02945534543557437,0,0.6931471805599453,83115c8892c0d7a4e0fb511aea16b8670ccd8dab8e059c2ebf19003ffb249617
outscores_pregame_favourite,0022500413,2025-12-24,Jay Huff,Pascal Siakam,0,0.03648878071685,0,0.6931471805599453,83115c8892c0d7a4e0fb511aea16b8670ccd8dab8e059c2ebf19003ffb249617
outscores_pregame_favourite,0022500413,2025-12-24,Kevin Porter Jr.,Pascal Siakam,1,1.9468163566388514,0,0.6931471805599453,83115c8892c0d7a4e0fb511aea16b8670ccd8dab8e059c2ebf19003ffb249617
outscores_pregame_favourite,0022500413,2025-12-24,Kyle Kuzma,Pascal Siakam,0,0.41397406667943193,0,0.6931471805599453,83115c8892c0d7a4e0fb511aea16b8670ccd8dab8e059c2ebf19003ffb249617
outscores_pregame_favourite,0022500413,2025-12-24,Myles Turner,Pascal Siakam,0,0.2800919031851052,0,0.6931471805599453,83115c8892c0d7a4e0fb511aea16b8670ccd8dab8e059c2ebf19003ffb249617
outscores_pregame_favourite,0022500413,2025-12-24,Ryan Rollins,Pascal Siakam,1,2.2342647918720955,0,0.6931471805599453,83115c8892c0d7a4e0fb511aea16b8670ccd8dab8e059c2ebf19003ffb249617
outscores_pregame_favourite,0022500413,2025-12-24,T.J. McConnell,Pascal Siakam,1,2.709655732337182,0,0.6931471805599453,83115c8892c0d7a4e0fb511aea16b8670ccd8dab8e059c2ebf19003ffb249617
outscores_pregame_favourite,0022500413,2025-12-24,Jericho Sims,Pascal Siakam,0,0.0019039853433093048,0,0.6931471805599453,83115c8892c0d7a4e0fb511aea16b8670ccd8dab8e059c2ebf19003ffb249617
outscores_pregame_favourite,0022500414,2025-12-24,Andrew Wiggins,Norman Powell,0,0.4693628089738863,0,0.6931471805599453,83115c8892c0d7a4e0fb511aea16b8670ccd8dab8e059c2ebf19003ffb249617
outscores_pregame_favourite,0022500414,2025-12-24,Bam Adebayo,Norman Powell,0,0.6890619691591754,0,0.6931471805599453,83115c8892c0d7a4e0fb511aea16b8670ccd8dab8e059c2ebf19003ffb249617
outscores_pregame_favourite,0022500414,2025-12-24,Brandon Ingram,Norman Powell,0,0.8955803409497693,0,0.6931471805599453,83115c8892c0d7a4e0fb511aea16b8670ccd8dab8e059c2ebf19003ffb249617
outscores_pregame_favourite,0022500414,2025-12-24,Collin Murray-Boyles,Norman Powell,0,0.10702857275852336,0,0.6931471805599453,83115c8892c0d7a4e0fb511aea16b8670ccd8dab8e059c2ebf19003ffb249617
outscores_pregame_favourite,0022500414,2025-12-24,Davion Mitchell,Norman Powell,0,0.11394737376507018,0,0.6931471805599453,83115c8892c0d7a4e0fb511aea16b8670ccd8dab8e059c2ebf19003ffb249617
outscores_pregame_favourite,0022500414,2025-12-24,Immanuel Quickley,Norman Powell,1,0.856684728220607,0,0.6931471805599453,83115c8892c0d7a4e0fb511aea16b8670ccd8dab8e059c2ebf19003ffb249617
outscores_pregame_favourite,0022500414,2025-12-24,Ja'Kobe Walter,Norman Powell,0,0.13217607278751195,0,0.6931471805599453,83115c8892c0d7a4e0fb511aea16b8670ccd8dab8e059c2ebf19003ffb249617
outscores_pregame_favourite,0022500414,2025-12-24,Jaime Jaquez Jr,Norman Powell,1,1.4702260695761062,0,0.6931471805599453,83115c8892c0d7a4e0fb511aea16b8670ccd8dab8e059c2ebf19003ffb249617
outscores_pregame_favourite,0022500414,2025-12-24,Jamal Shead,Norman Powell,0,0.09346070066953688,0,0.6931471805599453,83115c8892c0d7a4e0fb511aea16b8670ccd8dab8e059c2ebf19003ffb249617
outscores_pregame_favourite,0022500414,2025-12-24,Kel'el Ware,Norman Powell,0,0.23665149373038943,0,0.6931471805599453,83115c8892c0d7a4e0fb511aea16b8670ccd8dab8e059c2ebf19003ffb249617
outscores_pregame_favourite,0022500414,2025-12-24,Ochai Agbaji,Norman Powell,0,0.1302267544314623,0,0.6931471805599453,83115c8892c0d7a4e0fb511aea16b8670ccd8dab8e059c2ebf19003ffb249617
outscores_pregame_favourite,0022500414,2025-12-24,Sandro Mamukelashvili,Norman Powell,0,0.11144240574990172,0,0.6931471805599453,83115c8892c0d7a4e0fb511aea16b8670ccd8dab8e059c2ebf19003ffb249617
outscores_pregame_favourite,0022500414,2025-12-24,Scottie Barnes,Norman Powell,1,0.6404476173675216,0,0.6931471805599453,83115c8892c0d7a4e0fb511aea16b8670ccd8dab8e059c2ebf19003ffb249617
outscores_pregame_favourite,0022500414,2025-12-24,Simone Fontecchio,Norman Powell,0,0.1536823476972769,0,0.6931471805599453,83115c8892c0d7a4e0fb511aea16b8670ccd8dab8e059c2ebf19003ffb249617
outscores_pregame_favourite,0022500414,2025-12-24,Dru Smith,Norman Powell,0,0.07452283949641252,0,0.6931471805599453,83115c8892c0d7a4e0fb511aea16b8670ccd8dab8e059c2ebf19003ffb249617
outscores_pregame_favourite,0022500414,2025-12-24,Gradey Dick,Norman Powell,0,0.2380655302500307,0,0.6931471805599453,83115c8892c0d7a4e0fb511aea16b8670ccd8dab8e059c2ebf19003ffb249617
outscores_pregame_favourite,0022500415,2025-12-24,Anthony Davis,Nikola Jokic,1,0.9422688104586195,0,0.6931471805599453,83115c8892c0d7a4e0fb511aea16b8670ccd8dab8e059c2ebf19003ffb249617
outscores_pregame_favourite,0022500415,2025-12-24,Brandon Williams,Nikola Jokic,0,0.048159050232422236,0,0.6931471805599453,83115c8892c0d7a4e0fb511aea16b8670ccd8dab8e059c2ebf19003ffb249617
outscores_pregame_favourite,0022500415,2025-12-24,Bruce Brown,Nikola Jokic,0,0.04395618767044239,0,0.6931471805599453,83115c8892c0d7a4e0fb511aea16b8670ccd8dab8e059c2ebf19003ffb249617
outscores_pregame_favourite,0022500415,2025-12-24,Caleb Martin,Nikola Jokic,0,0.03490344664764733,0,0.6931471805599453,83115c8892c0d7a4e0fb511aea16b8670ccd8dab8e059c2ebf19003ffb249617
outscores_pregame_favourite,0022500415,2025-12-24,Cameron Johnson,Nikola Jokic,0,0.13311870432963355,0,0.6931471805599453,83115c8892c0d7a4e0fb511aea16b8670ccd8dab8e059c2ebf19003ffb249617
outscores_pregame_favourite,0022500415,2025-12-24,Cooper Flagg,Nikola Jokic,1,1.6359680999433368,0,0.6931471805599453,83115c8892c0d7a4e0fb511aea16b8670ccd8dab8e059c2ebf19003ffb249617
outscores_pregame_favourite,0022500415,2025-12-24,D'Angelo Russell,Nikola Jokic,0,0.15447510140118886,0,0.6931471805599453,83115c8892c0d7a4e0fb511aea16b8670ccd8dab8e059c2ebf19003ffb249617
outscores_pregame_favourite,0022500415,2025-12-24,Daniel Gafford,Nikola Jokic,0,0.06365002707645596,0,0.6931471805599453,83115c8892c0d7a4e0fb511aea16b8670ccd8dab8e059c2ebf19003ffb249617
outscores_pregame_favourite,0022500415,2025-12-24,Jaden Hardy,Nikola Jokic,0,0.03717115800700733,0,0.6931471805599453,83115c8892c0d7a4e0fb511aea16b8670ccd8dab8e059c2ebf19003ffb249617
outscores_pregame_favourite,0022500415,2025-12-24,Jalen Pickett,Nikola Jokic,0,0.008672537508171343,0,0.6931471805599453,83115c8892c0d7a4e0fb511aea16b8670ccd8dab8e059c2ebf19003ffb249617
outscores_pregame_favourite,0022500415,2025-12-24,Jamal Murray,Nikola Jokic,1,1.2359101640881092,0,0.6931471805599453,83115c8892c0d7a4e0fb511aea16b8670ccd8dab8e059c2ebf19003ffb249617
outscores_pregame_favourite,0022500415,2025-12-24,Jonas Valanciunas,Nikola Jokic,0,0.06528633720967605,0,0.6931471805599453,83115c8892c0d7a4e0fb511aea16b8670ccd8dab8e059c2ebf19003ffb249617
outscores_pregame_favourite,0022500415,2025-12-24,Naji Marshall,Nikola Jokic,0,0.07526550966538056,0,0.6931471805599453,83115c8892c0d7a4e0fb511aea16b8670ccd8dab8e059c2ebf19003ffb249617
outscores_pregame_favourite,0022500415,2025-12-24,Peyton Watson,Nikola Jokic,0,0.0352423389517994,0,0.6931471805599453,83115c8892c0d7a4e0fb511aea16b8670ccd8dab8e059c2ebf19003ffb249617
outscores_pregame_favourite,0022500415,2025-12-24,Tim Hardaway Jr,Nikola Jokic,0,0.10001156007760442,0,0.6931471805599453,83115c8892c0d7a4e0fb511aea16b8670ccd8dab8e059c2ebf19003ffb249617
outscores_pregame_favourite,0022500416,2025-12-24,Donte DiVincenzo,Anthony Edwards,0,0.14709659181041743,0,0.6931471805599453,83115c8892c0d7a4e0fb511aea16b8670ccd8dab8e059c2ebf19003ffb249617
outscores_pregame_favourite,0022500416,2025-12-24,Jordan Clarkson,Anthony Edwards,0,0.1792706599606983,0,0.6931471805599453,83115c8892c0d7a4e0fb511aea16b8670ccd8dab8e059c2ebf19003ffb249617
outscores_pregame_favourite,0022500416,2025-12-24,Josh Hart,Anthony Edwards,0,0.0892866908267653,0,0.6931471805599453,83115c8892c0d7a4e0fb511aea16b8670ccd8dab8e059c2ebf19003ffb249617
outscores_pregame_favourite,0022500416,2025-12-24,Julius Randle,Anthony Edwards,0,0.3504115313411849,0,0.6931471805599453,83115c8892c0d7a4e0fb511aea16b8670ccd8dab8e059c2ebf19003ffb249617
outscores_pregame_favourite,0022500416,2025-12-24,Karl-Anthony Towns,Anthony Edwards,1,1.0530017774160574,0,0.6931471805599453,83115c8892c0d7a4e0fb511aea16b8670ccd8dab8e059c2ebf19003ffb249617
outscores_pregame_favourite,0022500416,2025-12-24,Mikal Bridges,Anthony Edwards,0,0.2506821877109122,0,0.6931471805599453,83115c8892c0d7a4e0fb511aea16b8670ccd8dab8e059c2ebf19003ffb249617
outscores_pregame_favourite,0022500416,2025-12-24,Mike Conley,Anthony Edwards,0,0.05251803428344636,0,0.6931471805599453,83115c8892c0d7a4e0fb511aea16b8670ccd8dab8e059c2ebf19003ffb249617
outscores_pregame_favourite,0022500416,2025-12-24,Mitchell Robinson,Anthony Edwards,0,0.01874845676107615,0,0.6931471805599453,83115c8892c0d7a4e0fb511aea16b8670ccd8dab8e059c2ebf19003ffb249617
outscores_pregame_favourite,0022500416,2025-12-24,Naz Reid,Anthony Edwards,0,0.13396590639374678,0,0.6931471805599453,83115c8892c0d7a4e0fb511aea16b8670ccd8dab8e059c2ebf19003ffb249617
outscores_pregame_favourite,0022500416,2025-12-24,Rudy Gobert,Anthony Edwards,0,0.10236577162905655,0,0.6931471805599453,83115c8892c0d7a4e0fb511aea16b8670ccd8dab8e059c2ebf19003ffb249617
outscores_pregame_favourite,0022500416,2025-12-24,Tyler Kolek,Anthony Edwards,0,0.006968669316093316,0,0.6931471805599453,83115c8892c0d7a4e0fb511aea16b8670ccd8dab8e059c2ebf19003ffb249617
outscores_pregame_favourite,0022500416,2025-12-24,Bones Hyland,Anthony Edwards,0,0.04424290547041395,0,0.6931471805599453,83115c8892c0d7a4e0fb511aea16b8670ccd8dab8e059c2ebf19003ffb249617
outscores_pregame_favourite,0022500417,2025-12-24,Aaron Wiggins,Shai Gilgeous-Alexander,0,0.025384295135672343,0,0.6931471805599453,83115c8892c0d7a4e0fb511aea16b8670ccd8dab8e059c2ebf19003ffb249617
outscores_pregame_favourite,0022500417,2025-12-24,Alex Caruso,Shai Gilgeous-Alexander,0,0.005554803811767366,0,0.6931471805599453,83115c8892c0d7a4e0fb511aea16b8670ccd8dab8e059c2ebf19003ffb249617
outscores_pregame_favourite,0022500417,2025-12-24,Cason Wallace,Shai Gilgeous-Alexander,0,0.004325981681190504,0,0.6931471805599453,83115c8892c0d7a4e0fb511aea16b8670ccd8dab8e059c2ebf19003ffb249617
outscores_pregame_favourite,0022500417,2025-12-24,Chet Holmgren,Shai Gilgeous-Alexander,0,0.05799211855554715,0,0.6931471805599453,83115c8892c0d7a4e0fb511aea16b8670ccd8dab8e059c2ebf19003ffb249617
outscores_pregame_favourite,0022500417,2025-12-24,De'Aaron Fox,Shai Gilgeous-Alexander,0,0.2648955553704793,0,0.6931471805599453,83115c8892c0d7a4e0fb511aea16b8670ccd8dab8e059c2ebf19003ffb249617
outscores_pregame_favourite,0022500417,2025-12-24,Devin Vassell,Shai Gilgeous-Alexander,0,0.0753012048059591,0,0.6931471805599453,83115c8892c0d7a4e0fb511aea16b8670ccd8dab8e059c2ebf19003ffb249617
outscores_pregame_favourite,0022500417,2025-12-24,Dylan Harper,Shai Gilgeous-Alexander,0,0.018904154639152723,0,0.6931471805599453,83115c8892c0d7a4e0fb511aea16b8670ccd8dab8e059c2ebf19003ffb249617
outscores_pregame_favourite,0022500417,2025-12-24,Harrison Barnes,Shai Gilgeous-Alexander,0,0.030440917980140175,0,0.6931471805599453,83115c8892c0d7a4e0fb511aea16b8670ccd8dab8e059c2ebf19003ffb249617
outscores_pregame_favourite,0022500417,2025-12-24,Isaiah Hartenstein,Shai Gilgeous-Alexander,0,0.010589580073240816,0,0.6931471805599453,83115c8892c0d7a4e0fb511aea16b8670ccd8dab8e059c2ebf19003ffb249617
outscores_pregame_favourite,0022500417,2025-12-24,Jalen Williams,Shai Gilgeous-Alexander,0,0.11359717772370533,0,0.6931471805599453,83115c8892c0d7a4e0fb511aea16b8670ccd8dab8e059c2ebf19003ffb249617
outscores_pregame_favourite,0022500417,2025-12-24,Julian Champagnie,Shai Gilgeous-Alexander,0,0.008992029829520898,0,0.6931471805599453,83115c8892c0d7a4e0fb511aea16b8670ccd8dab8e059c2ebf19003ffb249617
outscores_pregame_favourite,0022500417,2025-12-24,Keldon Johnson,Shai Gilgeous-Alexander,0,0.03206062267966669,0,0.6931471805599453,83115c8892c0d7a4e0fb511aea16b8670ccd8dab8e059c2ebf19003ffb249617
outscores_pregame_favourite,0022500417,2025-12-24,Luguentz Dort,Shai Gilgeous-Alexander,0,0.012174063398865956,0,0.6931471805599453,83115c8892c0d7a4e0fb511aea16b8670ccd8dab8e059c2ebf19003ffb249617
outscores_pregame_favourite,0022500417,2025-12-24,Luke Kornet,Shai Gilgeous-Alexander,0,0.0032102756302482102,0,0.6931471805599453,83115c8892c0d7a4e0fb511aea16b8670ccd8dab8e059c2ebf19003ffb249617
outscores_pregame_favourite,0022500417,2025-12-24,Stephon Castle,Shai Gilgeous-Alexander,0,0.04640536960438611,0,0.6931471805599453,83115c8892c0d7a4e0fb511aea16b8670ccd8dab8e059c2ebf19003ffb249617
outscores_pregame_favourite,0022500417,2025-12-24,Victor Wembanyama,Shai Gilgeous-Alexander,0,0.20305127980545265,0,0.6931471805599453,83115c8892c0d7a4e0fb511aea16b8670ccd8dab8e059c2ebf19003ffb249617
outscores_pregame_favourite,0022500417,2025-12-24,Isaiah Joe,Shai Gilgeous-Alexander,0,0.015361488589803553,0,0.6931471805599453,83115c8892c0d7a4e0fb511aea16b8670ccd8dab8e059c2ebf19003ffb249617
outscores_pregame_favourite,0022500418,2025-12-24,Austin Reaves,Devin Booker,0,0.2926094155583301,0,0.6931471805599453,83115c8892c0d7a4e0fb511aea16b8670ccd8dab8e059c2ebf19003ffb249617
outscores_pregame_favourite,0022500418,2025-12-24,Collin Gillespie,Devin Booker,0,0.0469536163621305,0,0.6931471805599453,83115c8892c0d7a4e0fb511aea16b8670ccd8dab8e059c2ebf19003ffb249617
outscores_pregame_favourite,0022500418,2025-12-24,Deandre Ayton,Devin Booker,0,0.18802787956878614,0,0.6931471805599453,83115c8892c0d7a4e0fb511aea16b8670ccd8dab8e059c2ebf19003ffb249617
outscores_pregame_favourite,0022500418,2025-12-24,Dillon Brooks,Devin Booker,1,1.9345660076721174,0,0.6931471805599453,83115c8892c0d7a4e0fb511aea16b8670ccd8dab8e059c2ebf19003ffb249617
outscores_pregame_favourite,0022500418,2025-12-24,Jake LaRavia,Devin Booker,0,0.05123455551120831,0,0.6931471805599453,83115c8892c0d7a4e0fb511aea16b8670ccd8dab8e059c2ebf19003ffb249617
outscores_pregame_favourite,0022500418,2025-12-24,Jarred Vanderbilt,Devin Booker,0,0.006114467131054301,0,0.6931471805599453,83115c8892c0d7a4e0fb511aea16b8670ccd8dab8e059c2ebf19003ffb249617
outscores_pregame_favourite,0022500418,2025-12-24,Jaxson Hayes,Devin Booker,0,0.011454238934008699,0,0.6931471805599453,83115c8892c0d7a4e0fb511aea16b8670ccd8dab8e059c2ebf19003ffb249617
outscores_pregame_favourite,0022500418,2025-12-24,Jordan Goodwin,Devin Booker,0,0.01916576449928326,0,0.6931471805599453,83115c8892c0d7a4e0fb511aea16b8670ccd8dab8e059c2ebf19003ffb249617
outscores_pregame_favourite,0022500418,2025-12-24,LeBron James,Devin Booker,1,0.815374995040289,0,0.6931471805599453,83115c8892c0d7a4e0fb511aea16b8670ccd8dab8e059c2ebf19003ffb249617
outscores_pregame_favourite,0022500418,2025-12-24,Marcus Smart,Devin Booker,0,0.07767558207399716,0,0.6931471805599453,83115c8892c0d7a4e0fb511aea16b8670ccd8dab8e059c2ebf19003ffb249617
outscores_pregame_favourite,0022500418,2025-12-24,Mark Williams,Devin Booker,0,0.13337502045844954,0,0.6931471805599453,83115c8892c0d7a4e0fb511aea16b8670ccd8dab8e059c2ebf19003ffb249617
outscores_pregame_favourite,0022500418,2025-12-24,Oso Ighodaro,Devin Booker,0,0.004894247307701417,0,0.6931471805599453,83115c8892c0d7a4e0fb511aea16b8670ccd8dab8e059c2ebf19003ffb249617
outscores_pregame_favourite,0022500418,2025-12-24,Royce O'Neale,Devin Booker,0,0.03782712682281612,0,0.6931471805599453,83115c8892c0d7a4e0fb511aea16b8670ccd8dab8e059c2ebf19003ffb249617
outscores_pregame_favourite,0022500418,2025-12-24,Ryan Dunn,Devin Booker,0,0.021899817499276466,0,0.6931471805599453,83115c8892c0d7a4e0fb511aea16b8670ccd8dab8e059c2ebf19003ffb249617
outscores_pregame_favourite,0022500420,2025-12-24,Anthony Black,Shaedon Sharpe,0,0.14475485499437216,0,0.6931471805599453,83115c8892c0d7a4e0fb511aea16b8670ccd8dab8e059c2ebf19003ffb249617
outscores_pregame_favourite,0022500420,2025-12-24,Deni Avdija,Shaedon Sharpe,1,0.8470895487522455,0,0.6931471805599453,83115c8892c0d7a4e0fb511aea16b8670ccd8dab8e059c2ebf19003ffb249617
outscores_pregame_favourite,0022500420,2025-12-24,Desmond Bane,Shaedon Sharpe,1,0.5870391764840652,0,0.6931471805599453,83115c8892c0d7a4e0fb511aea16b8670ccd8dab8e059c2ebf19003ffb249617
outscores_pregame_favourite,0022500420,2025-12-24,Donovan Clingan,Shaedon Sharpe,0,0.10766540417326192,0,0.6931471805599453,83115c8892c0d7a4e0fb511aea16b8670ccd8dab8e059c2ebf19003ffb249617
outscores_pregame_favourite,0022500420,2025-12-24,Duop Reath,Shaedon Sharpe,0,0.09685664150417012,0,0.6931471805599453,83115c8892c0d7a4e0fb511aea16b8670ccd8dab8e059c2ebf19003ffb249617
outscores_pregame_favourite,0022500420,2025-12-24,Jase Richardson,Shaedon Sharpe,0,0.060841659256245045,0,0.6931471805599453,83115c8892c0d7a4e0fb511aea16b8670ccd8dab8e059c2ebf19003ffb249617
outscores_pregame_favourite,0022500420,2025-12-24,Jett Howard,Shaedon Sharpe,0,0.04658834887334548,0,0.6931471805599453,83115c8892c0d7a4e0fb511aea16b8670ccd8dab8e059c2ebf19003ffb249617
outscores_pregame_favourite,0022500420,2025-12-24,Kris Murray,Shaedon Sharpe,0,0.05240437067346042,0,0.6931471805599453,83115c8892c0d7a4e0fb511aea16b8670ccd8dab8e059c2ebf19003ffb249617
outscores_pregame_favourite,0022500420,2025-12-24,Noah Penda,Shaedon Sharpe,0,0.040862685452286544,0,0.6931471805599453,83115c8892c0d7a4e0fb511aea16b8670ccd8dab8e059c2ebf19003ffb249617
outscores_pregame_favourite,0022500420,2025-12-24,Paolo Banchero,Shaedon Sharpe,0,1.0752346698237614,0,0.6931471805599453,83115c8892c0d7a4e0fb511aea16b8670ccd8dab8e059c2ebf19003ffb249617
outscores_pregame_favourite,0022500420,2025-12-24,Rayan Rupert,Shaedon Sharpe,0,0.026434502684364928,0,0.6931471805599453,83115c8892c0d7a4e0fb511aea16b8670ccd8dab8e059c2ebf19003ffb249617
outscores_pregame_favourite,0022500420,2025-12-24,Toumani Camara,Shaedon Sharpe,0,0.18047666873786355,0,0.6931471805599453,83115c8892c0d7a4e0fb511aea16b8670ccd8dab8e059c2ebf19003ffb249617
outscores_pregame_favourite,0022500420,2025-12-24,Tyus Jones,Shaedon Sharpe,0,0.18447230549671012,0,0.6931471805599453,83115c8892c0d7a4e0fb511aea16b8670ccd8dab8e059c2ebf19003ffb249617
outscores_pregame_favourite,0022500420,2025-12-24,Wendell Carter Jr,Shaedon Sharpe,0,0.1800063581411513,0,0.6931471805599453,83115c8892c0d7a4e0fb511aea16b8670ccd8dab8e059c2ebf19003ffb249617
outscores_pregame_favourite,0022500421,2025-12-24,Ausar Thompson,Cade Cunningham,0,0.05600418787841007,0,0.6931471805599453,83115c8892c0d7a4e0fb511aea16b8670ccd8dab8e059c2ebf19003ffb249617
outscores_pregame_favourite,0022500421,2025-12-24,Caris LeVert,Cade Cunningham,0,0.12330560695878301,0,0.6931471805599453,83115c8892c0d7a4e0fb511aea16b8670ccd8dab8e059c2ebf19003ffb249617
outscores_pregame_favourite,0022500421,2025-12-24,DeMar DeRozan,Cade Cunningham,1,0.9271676407399422,0,0.6931471805599453,83115c8892c0d7a4e0fb511aea16b8670ccd8dab8e059c2ebf19003ffb249617
outscores_pregame_favourite,0022500421,2025-12-24,Dennis Schroder,Cade Cunningham,0,0.16358530021374257,0,0.6931471805599453,83115c8892c0d7a4e0fb511aea16b8670ccd8dab8e059c2ebf19003ffb249617
outscores_pregame_favourite,0022500421,2025-12-24,Duncan Robinson,Cade Cunningham,0,0.10789370257663018,0,0.6931471805599453,83115c8892c0d7a4e0fb511aea16b8670ccd8dab8e059c2ebf19003ffb249617
outscores_pregame_favourite,0022500421,2025-12-24,Jaden Ivey,Cade Cunningham,0,0.18361960571585145,0,0.6931471805599453,83115c8892c0d7a4e0fb511aea16b8670ccd8dab8e059c2ebf19003ffb249617
outscores_pregame_favourite,0022500421,2025-12-24,Jalen Duren,Cade Cunningham,0,0.1260304157426168,0,0.6931471805599453,83115c8892c0d7a4e0fb511aea16b8670ccd8dab8e059c2ebf19003ffb249617
outscores_pregame_favourite,0022500421,2025-12-24,Javonte Green,Cade Cunningham,0,0.02840291453052401,0,0.6931471805599453,83115c8892c0d7a4e0fb511aea16b8670ccd8dab8e059c2ebf19003ffb249617
outscores_pregame_favourite,0022500421,2025-12-24,Keegan Murray,Cade Cunningham,0,0.15118117218204433,0,0.6931471805599453,83115c8892c0d7a4e0fb511aea16b8670ccd8dab8e059c2ebf19003ffb249617
outscores_pregame_favourite,0022500421,2025-12-24,Maxime Raynaud,Cade Cunningham,0,0.0976546981928407,0,0.6931471805599453,83115c8892c0d7a4e0fb511aea16b8670ccd8dab8e059c2ebf19003ffb249617
outscores_pregame_favourite,0022500421,2025-12-24,Nique Clifford,Cade Cunningham,0,0.01568138446032863,0,0.6931471805599453,83115c8892c0d7a4e0fb511aea16b8670ccd8dab8e059c2ebf19003ffb249617
outscores_pregame_favourite,0022500421,2025-12-24,Precious Achiuwa,Cade Cunningham,0,0.03707112643696037,0,0.6931471805599453,83115c8892c0d7a4e0fb511aea16b8670ccd8dab8e059c2ebf19003ffb249617
outscores_pregame_favourite,0022500421,2025-12-24,Russell Westbrook,Cade Cunningham,1,2.2366318501958107,0,0.6931471805599453,83115c8892c0d7a4e0fb511aea16b8670ccd8dab8e059c2ebf19003ffb249617
outscores_pregame_favourite,0022500421,2025-12-24,Tobias Harris,Cade Cunningham,1,1.7959878053375762,0,0.6931471805599453,83115c8892c0d7a4e0fb511aea16b8670ccd8dab8e059c2ebf19003ffb249617
outscores_pregame_favourite,0022500422,2025-12-24,Alperen Sengun,Kevin Durant,0,0.2814386631976501,0,0.6931471805599453,83115c8892c0d7a4e0fb511aea16b8670ccd8dab8e059c2ebf19003ffb249617
outscores_pregame_favourite,0022500422,2025-12-24,Amen Thompson,Kevin Durant,0,0.07587131252544133,0,0.6931471805599453,83115c8892c0d7a4e0fb511aea16b8670ccd8dab8e059c2ebf19003ffb249617
outscores_pregame_favourite,0022500422,2025-12-24,Bogdan Bogdanovic,Kevin Durant,0,0.11211513624134117,0,0.6931471805599453,83115c8892c0d7a4e0fb511aea16b8670ccd8dab8e059c2ebf19003ffb249617
outscores_pregame_favourite,0022500422,2025-12-24,Brook Lopez,Kevin Durant,0,0.05860112622364637,0,0.6931471805599453,83115c8892c0d7a4e0fb511aea16b8670ccd8dab8e059c2ebf19003ffb249617
outscores_pregame_favourite,0022500422,2025-12-24,Jabari Smith Jr,Kevin Durant,0,0.07282058620060539,0,0.6931471805599453,83115c8892c0d7a4e0fb511aea16b8670ccd8dab8e059c2ebf19003ffb249617
outscores_pregame_favourite,0022500422,2025-12-24,James Harden,Kevin Durant,1,1.3676833153039833,0,0.6931471805599453,83115c8892c0d7a4e0fb511aea16b8670ccd8dab8e059c2ebf19003ffb249617
outscores_pregame_favourite,0022500422,2025-12-24,John Collins,Kevin Durant,0,0.10130496452564568,0,0.6931471805599453,83115c8892c0d7a4e0fb511aea16b8670ccd8dab8e059c2ebf19003ffb249617
outscores_pregame_favourite,0022500422,2025-12-24,Josh Okogie,Kevin Durant,0,0.007578645523550354,0,0.6931471805599453,83115c8892c0d7a4e0fb511aea16b8670ccd8dab8e059c2ebf19003ffb249617
outscores_pregame_favourite,0022500422,2025-12-24,Kawhi Leonard,Kevin Durant,1,1.0509937707955685,0,0.6931471805599453,83115c8892c0d7a4e0fb511aea16b8670ccd8dab8e059c2ebf19003ffb249617
outscores_pregame_favourite,0022500422,2025-12-24,Kris Dunn,Kevin Durant,0,0.0035241666587196006,0,0.6931471805599453,83115c8892c0d7a4e0fb511aea16b8670ccd8dab8e059c2ebf19003ffb249617
outscores_pregame_favourite,0022500422,2025-12-24,Nicolas Batum,Kevin Durant,0,0.002174618868153029,0,0.6931471805599453,83115c8892c0d7a4e0fb511aea16b8670ccd8dab8e059c2ebf19003ffb249617
outscores_pregame_favourite,0022500422,2025-12-24,Reed Sheppard,Kevin Durant,0,0.04109259389952771,0,0.6931471805599453,83115c8892c0d7a4e0fb511aea16b8670ccd8dab8e059c2ebf19003ffb249617
outscores_pregame_favourite,0022500422,2025-12-24,Steven Adams,Kevin Durant,0,0.001949951869078954,0,0.6931471805599453,83115c8892c0d7a4e0fb511aea16b8670ccd8dab8e059c2ebf19003ffb249617
outscores_pregame_favourite,0022500422,2025-12-24,Tari Eason,Kevin Durant,0,0.05165885827391002,0,0.6931471805599453,83115c8892c0d7a4e0fb511aea16b8670ccd8dab8e059c2ebf19003ffb249617
outscores_pregame_favourite,0022500584,2026-01-16,Al Horford,Stephen Curry,0,0.05341307828756838,2,0.028987536873252298,83115c8892c0d7a4e0fb511aea16b8670ccd8dab8e059c2ebf19003ffb249617
outscores_pregame_favourite,0022500584,2026-01-16,Brandin Podziemski,Stephen Curry,0,0.09265449139139728,2,0.028987536873252298,83115c8892c0d7a4e0fb511aea16b8670ccd8dab8e059c2ebf19003ffb249617
outscores_pregame_favourite,0022500584,2026-01-16,De'Anthony Melton,Stephen Curry,0,0.09976771893429943,2,0.028987536873252298,83115c8892c0d7a4e0fb511aea16b8670ccd8dab8e059c2ebf19003ffb249617
outscores_pregame_favourite,0022500584,2026-01-16,Draymond Green,Stephen Curry,0,0.054180461935119516,2,0.028987536873252298,83115c8892c0d7a4e0fb511aea16b8670ccd8dab8e059c2ebf19003ffb249617
outscores_pregame_favourite,0022500584,2026-01-16,Gary Payton II,Stephen Curry,0,0.02943698426483006,2,0.028987536873252298,83115c8892c0d7a4e0fb511aea16b8670ccd8dab8e059c2ebf19003ffb249617
outscores_pregame_favourite,0022500584,2026-01-16,Jordan Clarkson,Stephen Curry,0,0.19460447614752482,2,0.028987536873252298,83115c8892c0d7a4e0fb511aea16b8670ccd8dab8e059c2ebf19003ffb249617
outscores_pregame_favourite,0022500584,2026-01-16,Josh Hart,Stephen Curry,0,0.10377447250219148,2,0.028987536873252298,83115c8892c0d7a4e0fb511aea16b8670ccd8dab8e059c2ebf19003ffb249617
outscores_pregame_favourite,0022500584,2026-01-16,Karl-Anthony Towns,Stephen Curry,0,0.47252644127595494,2,0.028987536873252298,83115c8892c0d7a4e0fb511aea16b8670ccd8dab8e059c2ebf19003ffb249617
outscores_pregame_favourite,0022500584,2026-01-16,Landry Shamet,Stephen Curry,0,0.044744305649888225,2,0.028987536873252298,83115c8892c0d7a4e0fb511aea16b8670ccd8dab8e059c2ebf19003ffb249617
outscores_pregame_favourite,0022500584,2026-01-16,Mikal Bridges,Stephen Curry,0,0.27742671559971405,2,0.028987536873252298,83115c8892c0d7a4e0fb511aea16b8670ccd8dab8e059c2ebf19003ffb249617
outscores_pregame_favourite,0022500584,2026-01-16,Miles McBride,Stephen Curry,0,0.08095409594657249,2,0.028987536873252298,83115c8892c0d7a4e0fb511aea16b8670ccd8dab8e059c2ebf19003ffb249617
outscores_pregame_favourite,0022500584,2026-01-16,Moses Moody,Stephen Curry,0,0.06727276922369657,2,0.028987536873252298,83115c8892c0d7a4e0fb511aea16b8670ccd8dab8e059c2ebf19003ffb249617
outscores_pregame_favourite,0022500584,2026-01-16,OG Anunoby,Stephen Curry,0,0.23120003655140503,2,0.028987536873252298,83115c8892c0d7a4e0fb511aea16b8670ccd8dab8e059c2ebf19003ffb249617
outscores_pregame_favourite,0022500584,2026-01-16,Quinten Post,Stephen Curry,0,0.04997158466344242,2,0.028987536873252298,83115c8892c0d7a4e0fb511aea16b8670ccd8dab8e059c2ebf19003ffb249617
outscores_pregame_favourite,0022500584,2026-01-16,Tyler Kolek,Stephen Curry,0,0.01427280214387171,2,0.028987536873252298,83115c8892c0d7a4e0fb511aea16b8670ccd8dab8e059c2ebf19003ffb249617
outscores_pregame_favourite,0022500584,2026-01-16,Will Richard,Stephen Curry,0,0.054640577847607605,2,0.028987536873252298,83115c8892c0d7a4e0fb511aea16b8670ccd8dab8e059c2ebf19003ffb249617
outscores_pregame_favourite,0022500584,2026-01-16,Gui Santos,Stephen Curry,0,0.017082007217182216,2,0.028987536873252298,83115c8892c0d7a4e0fb511aea16b8670ccd8dab8e059c2ebf19003ffb249617
outscores_pregame_favourite,0022500585,2026-01-16,C.J. McCollum,Shaedon Sharpe,0,0.7359337245355442,2,0.028987536873252298,83115c8892c0d7a4e0fb511aea16b8670ccd8dab8e059c2ebf19003ffb249617
outscores_pregame_favourite,0022500585,2026-01-16,Corey Kispert,Shaedon Sharpe,0,0.2682402671482901,2,0.028987536873252298,83115c8892c0d7a4e0fb511aea16b8670ccd8dab8e059c2ebf19003ffb249617
outscores_pregame_favourite,0022500585,2026-01-16,Donovan Clingan,Shaedon Sharpe,0,0.11783418262721519,2,0.028987536873252298,83115c8892c0d7a4e0fb511aea16b8670ccd8dab8e059c2ebf19003ffb249617
outscores_pregame_favourite,0022500585,2026-01-16,Dyson Daniels,Shaedon Sharpe,0,0.2087526673152065,2,0.028987536873252298,83115c8892c0d7a4e0fb511aea16b8670ccd8dab8e059c2ebf19003ffb249617
outscores_pregame_favourite,0022500585,2026-01-16,Jalen Johnson,Shaedon Sharpe,0,0.6745731560203803,2,0.028987536873252298,83115c8892c0d7a4e0fb511aea16b8670ccd8dab8e059c2ebf19003ffb249617
outscores_pregame_favourite,0022500585,2026-01-16,Jerami Grant,Shaedon Sharpe,0,0.6252010024929974,2,0.028987536873252298,83115c8892c0d7a4e0fb511aea16b8670ccd8dab8e059c2ebf19003ffb249617
outscores_pregame_favourite,0022500585,2026-01-16,Jrue Holiday,Shaedon Sharpe,0,0.24702639158968456,2,0.028987536873252298,83115c8892c0d7a4e0fb511aea16b8670ccd8dab8e059c2ebf19003ffb249617
outscores_pregame_favourite,0022500585,2026-01-16,Luke Kennard,Shaedon Sharpe,0,0.15711013744745853,2,0.028987536873252298,83115c8892c0d7a4e0fb511aea16b8670ccd8dab8e059c2ebf19003ffb249617
outscores_pregame_favourite,0022500585,2026-01-16,Nickeil Alexander-Walker,Shaedon Sharpe,0,0.2325395232674944,2,0.028987536873252298,83115c8892c0d7a4e0fb511aea16b8670ccd8dab8e059c2ebf19003ffb249617
outscores_pregame_favourite,0022500585,2026-01-16,Onyeka Okongwu,Shaedon Sharpe,1,1.3677241913406655,2,3.5553480614894135,83115c8892c0d7a4e0fb511aea16b8670ccd8dab8e059c2ebf19003ffb249617
outscores_pregame_favourite,0022500585,2026-01-16,Rayan Rupert,Shaedon Sharpe,0,0.027670090527056424,2,0.028987536873252298,83115c8892c0d7a4e0fb511aea16b8670ccd8dab8e059c2ebf19003ffb249617
outscores_pregame_favourite,0022500585,2026-01-16,Toumani Camara,Shaedon Sharpe,0,0.18396649784560057,2,0.028987536873252298,83115c8892c0d7a4e0fb511aea16b8670ccd8dab8e059c2ebf19003ffb249617
outscores_pregame_favourite,0022500585,2026-01-16,Vit Krejci,Shaedon Sharpe,0,0.14692703032546453,2,0.028987536873252298,83115c8892c0d7a4e0fb511aea16b8670ccd8dab8e059c2ebf19003ffb249617
outscores_pregame_favourite,0022500585,2026-01-16,Mouhamed Gueye,Shaedon Sharpe,0,0.0552749207498365,2,0.028987536873252298,83115c8892c0d7a4e0fb511aea16b8670ccd8dab8e059c2ebf19003ffb249617
outscores_pregame_favourite,0022500585,2026-01-16,Caleb Love,Shaedon Sharpe,0,0.24690306187702873,2,0.028987536873252298,83115c8892c0d7a4e0fb511aea16b8670ccd8dab8e059c2ebf19003ffb249617
outscores_pregame_favourite,0022500671,2026-01-29,Craig Porter Jr,Luka Doncic,0,0.002181025946360226,14,0.12386948171278567,83115c8892c0d7a4e0fb511aea16b8670ccd8dab8e059c2ebf19003ffb249617
outscores_pregame_favourite,0022500671,2026-01-29,De'Andre Hunter,Luka Doncic,0,0.04140938105023847,14,0.12386948171278567,83115c8892c0d7a4e0fb511aea16b8670ccd8dab8e059c2ebf19003ffb249617
outscores_pregame_favourite,0022500671,2026-01-29,Dean Wade,Luka Doncic,0,0.0016783943001430206,14,0.12386948171278567,83115c8892c0d7a4e0fb511aea16b8670ccd8dab8e059c2ebf19003ffb249617
outscores_pregame_favourite,0022500671,2026-01-29,Deandre Ayton,Luka Doncic,0,0.041821040968183905,14,0.12386948171278567,83115c8892c0d7a4e0fb511aea16b8670ccd8dab8e059c2ebf19003ffb249617
outscores_pregame_favourite,0022500671,2026-01-29,Donovan Mitchell,Luka Doncic,0,0.29369461990020346,14,0.12386948171278567,83115c8892c0d7a4e0fb511aea16b8670ccd8dab8e059c2ebf19003ffb249617
outscores_pregame_favourite,0022500671,2026-01-29,Jake LaRavia,Luka Doncic,0,0.012636584004512131,14,0.12386948171278567,83115c8892c0d7a4e0fb511aea16b8670ccd8dab8e059c2ebf19003ffb249617
outscores_pregame_favourite,0022500671,2026-01-29,Jarrett Allen,Luka Doncic,0,0.03141619623337893,14,0.12386948171278567,83115c8892c0d7a4e0fb511aea16b8670ccd8dab8e059c2ebf19003ffb249617
outscores_pregame_favourite,0022500671,2026-01-29,Jaxson Hayes,Luka Doncic,0,0.0013241049181040789,14,0.12386948171278567,83115c8892c0d7a4e0fb511aea16b8670ccd8dab8e059c2ebf19003ffb249617
outscores_pregame_favourite,0022500671,2026-01-29,Jaylon Tyson,Luka Doncic,0,0.013083677047434784,14,0.12386948171278567,83115c8892c0d7a4e0fb511aea16b8670ccd8dab8e059c2ebf19003ffb249617
outscores_pregame_favourite,0022500671,2026-01-29,LeBron James,Luka Doncic,0,0.2018638629470377,14,0.12386948171278567,83115c8892c0d7a4e0fb511aea16b8670ccd8dab8e059c2ebf19003ffb249617
outscores_pregame_favourite,0022500671,2026-01-29,Marcus Smart,Luka Doncic,0,0.014483465818579714,14,0.12386948171278567,83115c8892c0d7a4e0fb511aea16b8670ccd8dab8e059c2ebf19003ffb249617
outscores_pregame_favourite,0022500671,2026-01-29,Rui Hachimura,Luka Doncic,0,0.026988880499490466,14,0.12386948171278567,83115c8892c0d7a4e0fb511aea16b8670ccd8dab8e059c2ebf19003ffb249617
outscores_pregame_favourite,0022500671,2026-01-29,Sam Merrill,Luka Doncic,0,0.008900731046250355,14,0.12386948171278567,83115c8892c0d7a4e0fb511aea16b8670ccd8dab8e059c2ebf19003ffb249617
outscores_pregame_favourite,0022500671,2026-01-29,Jarred Vanderbilt,Luka Doncic,0,0.00038834951944381486,14,0.12386948171278567,83115c8892c0d7a4e0fb511aea16b8670ccd8dab8e059c2ebf19003ffb249617
outscores_pregame_favourite,0022500672,2026-01-29,Aaron Nesmith,Pascal Siakam,0,0.1540673499659543,14,0.12386948171278567,83115c8892c0d7a4e0fb511aea16b8670ccd8dab8e059c2ebf19003ffb249617
outscores_pregame_favourite,0022500672,2026-01-29,Andrew Nembhard,Pascal Siakam,0,0.12403005260847148,14,0.12386948171278567,83115c8892c0d7a4e0fb511aea16b8670ccd8dab8e059c2ebf19003ffb249617
outscores_pregame_favourite,0022500672,2026-01-29,Ayo Dosunmu,Pascal Siakam,0,0.17047891503721918,14,0.12386948171278567,83115c8892c0d7a4e0fb511aea16b8670ccd8dab8e059c2ebf19003ffb249617
outscores_pregame_favourite,0022500672,2026-01-29,Bennedict Mathurin,Pascal Siakam,0,0.29913266233007396,14,0.12386948171278567,83115c8892c0d7a4e0fb511aea16b8670ccd8dab8e059c2ebf19003ffb249617
outscores_pregame_favourite,0022500672,2026-01-29,Coby White,Pascal Siakam,0,0.524477712934318,14,0.12386948171278567,83115c8892c0d7a4e0fb511aea16b8670ccd8dab8e059c2ebf19003ffb249617
outscores_pregame_favourite,0022500672,2026-01-29,Isaac Okoro,Pascal Siakam,0,0.04380262265839289,14,0.12386948171278567,83115c8892c0d7a4e0fb511aea16b8670ccd8dab8e059c2ebf19003ffb249617
outscores_pregame_favourite,0022500672,2026-01-29,Jalen Smith,Pascal Siakam,0,0.046043938501406846,14,0.12386948171278567,83115c8892c0d7a4e0fb511aea16b8670ccd8dab8e059c2ebf19003ffb249617
outscores_pregame_favourite,0022500672,2026-01-29,Jarace Walker,Pascal Siakam,0,0.0362409465443367,14,0.12386948171278567,83115c8892c0d7a4e0fb511aea16b8670ccd8dab8e059c2ebf19003ffb249617
outscores_pregame_favourite,0022500672,2026-01-29,Josh Giddey,Pascal Siakam,0,0.23010075675012348,14,0.12386948171278567,83115c8892c0d7a4e0fb511aea16b8670ccd8dab8e059c2ebf19003ffb249617
outscores_pregame_favourite,0022500672,2026-01-29,Kevin Huerter,Pascal Siakam,0,0.11038273985122744,14,0.12386948171278567,83115c8892c0d7a4e0fb511aea16b8670ccd8dab8e059c2ebf19003ffb249617
outscores_pregame_favourite,0022500672,2026-01-29,Matas Buzelis,Pascal Siakam,0,0.13458337433472958,14,0.12386948171278567,83115c8892c0d7a4e0fb511aea16b8670ccd8dab8e059c2ebf19003ffb249617
outscores_pregame_favourite,0022500672,2026-01-29,Nikola Vucevic,Pascal Siakam,1,1.1338882502219538,14,2.1498223384416355,83115c8892c0d7a4e0fb511aea16b8670ccd8dab8e059c2ebf19003ffb249617
outscores_pregame_favourite,0022500672,2026-01-29,T.J. McConnell,Pascal Siakam,0,0.06984169256498934,14,0.12386948171278567,83115c8892c0d7a4e0fb511aea16b8670ccd8dab8e059c2ebf19003ffb249617
outscores_pregame_favourite,0022500672,2026-01-29,Johnny Furphy,Pascal Siakam,0,0.011047643206533387,14,0.12386948171278567,83115c8892c0d7a4e0fb511aea16b8670ccd8dab8e059c2ebf19003ffb249617
outscores_pregame_favourite,0022500673,2026-01-29,Anfernee Simons,Jaylen Brown,0,0.37087461030869057,14,0.12386948171278567,83115c8892c0d7a4e0fb511aea16b8670ccd8dab8e059c2ebf19003ffb249617
outscores_pregame_favourite,0022500673,2026-01-29,C.J. McCollum,Jaylen Brown,0,0.4048970876441558,14,0.12386948171278567,83115c8892c0d7a4e0fb511aea16b8670ccd8dab8e059c2ebf19003ffb249617
outscores_pregame_favourite,0022500673,2026-01-29,Corey Kispert,Jaylen Brown,0,0.11687333796183798,14,0.12386948171278567,83115c8892c0d7a4e0fb511aea16b8670ccd8dab8e059c2ebf19003ffb249617
outscores_pregame_favourite,0022500673,2026-01-29,Derrick White,Jaylen Brown,0,0.23966978665840943,14,0.12386948171278567,83115c8892c0d7a4e0fb511aea16b8670ccd8dab8e059c2ebf19003ffb249617
outscores_pregame_favourite,0022500673,2026-01-29,Dyson Daniels,Jaylen Brown,0,0.09359461925318,14,0.12386948171278567,83115c8892c0d7a4e0fb511aea16b8670ccd8dab8e059c2ebf19003ffb249617
outscores_pregame_favourite,0022500673,2026-01-29,Hugo Gonzalez,Jaylen Brown,0,0.008313683877798569,14,0.12386948171278567,83115c8892c0d7a4e0fb511aea16b8670ccd8dab8e059c2ebf19003ffb249617
outscores_pregame_favourite,0022500673,2026-01-29,Jalen Johnson,Jaylen Brown,0,0.3531937568207005,14,0.12386948171278567,83115c8892c0d7a4e0fb511aea16b8670ccd8dab8e059c2ebf19003ffb249617
outscores_pregame_favourite,0022500673,2026-01-29,Jordan Walsh,Jaylen Brown,0,0.012161441114700655,14,0.12386948171278567,83115c8892c0d7a4e0fb511aea16b8670ccd8dab8e059c2ebf19003ffb249617
outscores_pregame_favourite,0022500673,2026-01-29,Luka Garza,Jaylen Brown,0,0.019885889088179128,14,0.12386948171278567,83115c8892c0d7a4e0fb511aea16b8670ccd8dab8e059c2ebf19003ffb249617
outscores_pregame_favourite,0022500673,2026-01-29,Luke Kennard,Jaylen Brown,0,0.06961573042954225,14,0.12386948171278567,83115c8892c0d7a4e0fb511aea16b8670ccd8dab8e059c2ebf19003ffb249617
outscores_pregame_favourite,0022500673,2026-01-29,Mouhamed Gueye,Jaylen Brown,0,0.01862150691174331,14,0.12386948171278567,83115c8892c0d7a4e0fb511aea16b8670ccd8dab8e059c2ebf19003ffb249617
outscores_pregame_favourite,0022500673,2026-01-29,Nickeil Alexander-Walker,Jaylen Brown,0,0.12178861221259861,14,0.12386948171278567,83115c8892c0d7a4e0fb511aea16b8670ccd8dab8e059c2ebf19003ffb249617
outscores_pregame_favourite,0022500673,2026-01-29,Onyeka Okongwu,Jaylen Brown,0,0.1457342211278252,14,0.12386948171278567,83115c8892c0d7a4e0fb511aea16b8670ccd8dab8e059c2ebf19003ffb249617
outscores_pregame_favourite,0022500673,2026-01-29,Payton Pritchard,Jaylen Brown,0,0.17261910753293377,14,0.12386948171278567,83115c8892c0d7a4e0fb511aea16b8670ccd8dab8e059c2ebf19003ffb249617
outscores_pregame_favourite,0022500673,2026-01-29,Sam Hauser,Jaylen Brown,0,0.06438313305552434,14,0.12386948171278567,83115c8892c0d7a4e0fb511aea16b8670ccd8dab8e059c2ebf19003ffb249617
outscores_pregame_favourite,0022500674,2026-01-29,Andrew Wiggins,Paolo Banchero,0,0.2366291629668361,14,0.12386948171278567,83115c8892c0d7a4e0fb511aea16b8670ccd8dab8e059c2ebf19003ffb249617
outscores_pregame_favourite,0022500674,2026-01-29,Anthony Black,Paolo Banchero,0,0.0928513780143488,14,0.12386948171278567,83115c8892c0d7a4e0fb511aea16b8670ccd8dab8e059c2ebf19003ffb249617
outscores_pregame_favourite,0022500674,2026-01-29,Bam Adebayo,Paolo Banchero,0,0.36563074698373266,14,0.12386948171278567,83115c8892c0d7a4e0fb511aea16b8670ccd8dab8e059c2ebf19003ffb249617
outscores_pregame_favourite,0022500674,2026-01-29,Desmond Bane,Paolo Banchero,0,0.47354548907244337,14,0.12386948171278567,83115c8892c0d7a4e0fb511aea16b8670ccd8dab8e059c2ebf19003ffb249617
outscores_pregame_favourite,0022500674,2026-01-29,Jaime Jaquez Jr,Paolo Banchero,0,0.12592561133997332,14,0.12386948171278567,83115c8892c0d7a4e0fb511aea16b8670ccd8dab8e059c2ebf19003ffb249617
outscores_pregame_favourite,0022500674,2026-01-29,Jalen Suggs,Paolo Banchero,0,0.18644322069723895,14,0.12386948171278567,83115c8892c0d7a4e0fb511aea16b8670ccd8dab8e059c2ebf19003ffb249617
outscores_pregame_favourite,0022500674,2026-01-29,Kasparas Jakucionis,Paolo Banchero,0,0.017303534353291704,14,0.12386948171278567,83115c8892c0d7a4e0fb511aea16b8670ccd8dab8e059c2ebf19003ffb249617
outscores_pregame_favourite,0022500674,2026-01-29,Kel'el Ware,Paolo Banchero,0,0.10090413976841177,14,0.12386948171278567,83115c8892c0d7a4e0fb511aea16b8670ccd8dab8e059c2ebf19003ffb249617
outscores_pregame_favourite,0022500674,2026-01-29,Norman Powell,Paolo Banchero,0,0.3957743484219543,14,0.12386948171278567,83115c8892c0d7a4e0fb511aea16b8670ccd8dab8e059c2ebf19003ffb249617
outscores_pregame_favourite,0022500674,2026-01-29,Pelle Larsson,Paolo Banchero,0,0.045010499839176106,14,0.12386948171278567,83115c8892c0d7a4e0fb511aea16b8670ccd8dab8e059c2ebf19003ffb249617
outscores_pregame_favourite,0022500674,2026-01-29,Simone Fontecchio,Paolo Banchero,0,0.05837769362794456,14,0.12386948171278567,83115c8892c0d7a4e0fb511aea16b8670ccd8dab8e059c2ebf19003ffb249617
outscores_pregame_favourite,0022500674,2026-01-29,Tristan da Silva,Paolo Banchero,0,0.05763927092887288,14,0.12386948171278567,83115c8892c0d7a4e0fb511aea16b8670ccd8dab8e059c2ebf19003ffb249617
outscores_pregame_favourite,0022500674,2026-01-29,Wendell Carter Jr,Paolo Banchero,0,0.0793600850671836,14,0.12386948171278567,83115c8892c0d7a4e0fb511aea16b8670ccd8dab8e059c2ebf19003ffb249617
outscores_pregame_favourite,0022500674,2026-01-29,Dru Smith,Paolo Banchero,0,0.016020966920090578,14,0.12386948171278567,83115c8892c0d7a4e0fb511aea16b8670ccd8dab8e059c2ebf19003ffb249617
outscores_pregame_favourite,0022500674,2026-01-29,Noah Penda,Paolo Banchero,0,0.015860098726479116,14,0.12386948171278567,83115c8892c0d7a4e0fb511aea16b8670ccd8dab8e059c2ebf19003ffb249617
outscores_pregame_favourite,0022500675,2026-01-29,Brandon Ingram,Jalen Brunson,1,1.2565781627509562,14,2.1498223384416355,83115c8892c0d7a4e0fb511aea16b8670ccd8dab8e059c2ebf19003ffb249617
outscores_pregame_favourite,0022500675,2026-01-29,Collin Murray-Boyles,Jalen Brunson,0,0.025520216648071664,14,0.12386948171278567,83115c8892c0d7a4e0fb511aea16b8670ccd8dab8e059c2ebf19003ffb249617
outscores_pregame_favourite,0022500675,2026-01-29,Gradey Dick,Jalen Brunson,0,0.0668060778268331,14,0.12386948171278567,83115c8892c0d7a4e0fb511aea16b8670ccd8dab8e059c2ebf19003ffb249617
outscores_pregame_favourite,0022500675,2026-01-29,Immanuel Quickley,Jalen Brunson,0,0.1769017321005446,14,0.12386948171278567,83115c8892c0d7a4e0fb511aea16b8670ccd8dab8e059c2ebf19003ffb249617
outscores_pregame_favourite,0022500675,2026-01-29,Ja'Kobe Walter,Jalen Brunson,0,0.03421565162486677,14,0.12386948171278567,83115c8892c0d7a4e0fb511aea16b8670ccd8dab8e059c2ebf19003ffb249617
outscores_pregame_favourite,0022500675,2026-01-29,Jamal Shead,Jalen Brunson,0,0.021871414511856785,14,0.12386948171278567,83115c8892c0d7a4e0fb511aea16b8670ccd8dab8e059c2ebf19003ffb249617
outscores_pregame_favourite,0022500675,2026-01-29,Jordan Clarkson,Jalen Brunson,0,0.14331412949552946,14,0.12386948171278567,83115c8892c0d7a4e0fb511aea16b8670ccd8dab8e059c2ebf19003ffb249617
outscores_pregame_favourite,0022500675,2026-01-29,Josh Hart,Jalen Brunson,1,2.7691686592670703,14,2.1498223384416355,83115c8892c0d7a4e0fb511aea16b8670ccd8dab8e059c2ebf19003ffb249617
outscores_pregame_favourite,0022500675,2026-01-29,Karl-Anthony Towns,Jalen Brunson,0,0.386156567225396,14,0.12386948171278567,83115c8892c0d7a4e0fb511aea16b8670ccd8dab8e059c2ebf19003ffb249617
outscores_pregame_favourite,0022500675,2026-01-29,Landry Shamet,Jalen Brunson,0,0.031165809473953393,14,0.12386948171278567,83115c8892c0d7a4e0fb511aea16b8670ccd8dab8e059c2ebf19003ffb249617
outscores_pregame_favourite,0022500675,2026-01-29,Mikal Bridges,Jalen Brunson,1,1.6674232281954773,14,2.1498223384416355,83115c8892c0d7a4e0fb511aea16b8670ccd8dab8e059c2ebf19003ffb249617
outscores_pregame_favourite,0022500675,2026-01-29,OG Anunoby,Jalen Brunson,1,1.8068315001812871,14,2.1498223384416355,83115c8892c0d7a4e0fb511aea16b8670ccd8dab8e059c2ebf19003ffb249617
outscores_pregame_favourite,0022500675,2026-01-29,R.J. Barrett,Jalen Brunson,1,1.4083550876843303,14,2.1498223384416355,83115c8892c0d7a4e0fb511aea16b8670ccd8dab8e059c2ebf19003ffb249617
outscores_pregame_favourite,0022500675,2026-01-29,Sandro Mamukelashvili,Jalen Brunson,0,0.03416538900265516,14,0.12386948171278567,83115c8892c0d7a4e0fb511aea16b8670ccd8dab8e059c2ebf19003ffb249617
outscores_pregame_favourite,0022500675,2026-01-29,Scottie Barnes,Jalen Brunson,1,1.5047966660297534,14,2.1498223384416355,83115c8892c0d7a4e0fb511aea16b8670ccd8dab8e059c2ebf19003ffb249617
outscores_pregame_favourite,0022500676,2026-01-29,Brandon Miller,Jaren Jackson Jr,0,0.4862578243396825,14,0.12386948171278567,83115c8892c0d7a4e0fb511aea16b8670ccd8dab8e059c2ebf19003ffb249617
outscores_pregame_favourite,0022500676,2026-01-29,Cam Spencer,Jaren Jackson Jr,0,0.11188176879484694,14,0.12386948171278567,83115c8892c0d7a4e0fb511aea16b8670ccd8dab8e059c2ebf19003ffb249617
outscores_pregame_favourite,0022500676,2026-01-29,Cedric Coward,Jaren Jackson Jr,0,0.1936966491226166,14,0.12386948171278567,83115c8892c0d7a4e0fb511aea16b8670ccd8dab8e059c2ebf19003ffb249617
outscores_pregame_favourite,0022500676,2026-01-29,Collin Sexton,Jaren Jackson Jr,0,0.4130294057363153,14,0.12386948171278567,83115c8892c0d7a4e0fb511aea16b8670ccd8dab8e059c2ebf19003ffb249617
outscores_pregame_favourite,0022500676,2026-01-29,G.G. Jackson,Jaren Jackson Jr,0,0.1681476488260536,14,0.12386948171278567,83115c8892c0d7a4e0fb511aea16b8670ccd8dab8e059c2ebf19003ffb249617
outscores_pregame_favourite,0022500676,2026-01-29,Jaylen Wells,Jaren Jackson Jr,0,0.12199653682467744,14,0.12386948171278567,83115c8892c0d7a4e0fb511aea16b8670ccd8dab8e059c2ebf19003ffb249617
outscores_pregame_favourite,0022500676,2026-01-29,Jock Landale,Jaren Jackson Jr,0,0.059234668019079985,14,0.12386948171278567,83115c8892c0d7a4e0fb511aea16b8670ccd8dab8e059c2ebf19003ffb249617
outscores_pregame_favourite,0022500676,2026-01-29,Kentavious Caldwell-Pope,Jaren Jackson Jr,0,0.08241432239455604,14,0.12386948171278567,83115c8892c0d7a4e0fb511aea16b8670ccd8dab8e059c2ebf19003ffb249617
outscores_pregame_favourite,0022500676,2026-01-29,Kon Knueppel,Jaren Jackson Jr,0,0.47835180419815065,14,0.12386948171278567,83115c8892c0d7a4e0fb511aea16b8670ccd8dab8e059c2ebf19003ffb249617
outscores_pregame_favourite,0022500676,2026-01-29,LaMelo Ball,Jaren Jackson Jr,0,0.7479057735391764,14,0.12386948171278567,83115c8892c0d7a4e0fb511aea16b8670ccd8dab8e059c2ebf19003ffb249617
outscores_pregame_favourite,0022500676,2026-01-29,Miles Bridges,Jaren Jackson Jr,0,0.5631135179791773,14,0.12386948171278567,83115c8892c0d7a4e0fb511aea16b8670ccd8dab8e059c2ebf19003ffb249617
outscores_pregame_favourite,0022500676,2026-01-29,Moussa Diabate,Jaren Jackson Jr,0,0.03626213111353615,14,0.12386948171278567,83115c8892c0d7a4e0fb511aea16b8670ccd8dab8e059c2ebf19003ffb249617
outscores_pregame_favourite,0022500676,2026-01-29,Ryan Kalkbrenner,Jaren Jackson Jr,0,0.055018310076803446,14,0.12386948171278567,83115c8892c0d7a4e0fb511aea16b8670ccd8dab8e059c2ebf19003ffb249617
outscores_pregame_favourite,0022500676,2026-01-29,Grant Williams,Jaren Jackson Jr,0,0.12159899849904142,14,0.12386948171278567,83115c8892c0d7a4e0fb511aea16b8670ccd8dab8e059c2ebf19003ffb249617
outscores_pregame_favourite,0022500676,2026-01-29,John Konchar,Jaren Jackson Jr,0,0.010920645565644373,14,0.12386948171278567,83115c8892c0d7a4e0fb511aea16b8670ccd8dab8e059c2ebf19003ffb249617
outscores_pregame_favourite,0022500676,2026-01-29,Josh Green,Jaren Jackson Jr,0,0.05879325109193172,14,0.12386948171278567,83115c8892c0d7a4e0fb511aea16b8670ccd8dab8e059c2ebf19003ffb249617
outscores_pregame_favourite,0022500676,2026-01-29,Sion James,Jaren Jackson Jr,0,0.027736754971599636,14,0.12386948171278567,83115c8892c0d7a4e0fb511aea16b8670ccd8dab8e059c2ebf19003ffb249617
outscores_pregame_favourite,0022500677,2026-01-29,Brandon Williams,Anthony Edwards,0,0.07474810686693527,14,0.12386948171278567,83115c8892c0d7a4e0fb511aea16b8670ccd8dab8e059c2ebf19003ffb249617
outscores_pregame_favourite,0022500677,2026-01-29,Caleb Martin,Anthony Edwards,0,0.040627107067142065,14,0.12386948171278567,83115c8892c0d7a4e0fb511aea16b8670ccd8dab8e059c2ebf19003ffb249617
outscores_pregame_favourite,0022500677,2026-01-29,Daniel Gafford,Anthony Edwards,0,0.07357642662976555,14,0.12386948171278567,83115c8892c0d7a4e0fb511aea16b8670ccd8dab8e059c2ebf19003ffb249617
outscores_pregame_favourite,0022500677,2026-01-29,Donte DiVincenzo,Anthony Edwards,0,0.13493167872886697,14,0.12386948171278567,83115c8892c0d7a4e0fb511aea16b8670ccd8dab8e059c2ebf19003ffb249617
outscores_pregame_favourite,0022500677,2026-01-29,Dwight Powell,Anthony Edwards,0,0.007859867821723782,14,0.12386948171278567,83115c8892c0d7a4e0fb511aea16b8670ccd8dab8e059c2ebf19003ffb249617
outscores_pregame_favourite,0022500677,2026-01-29,Jaden Hardy,Anthony Edwards,0,0.04481813004150079,14,0.12386948171278567,83115c8892c0d7a4e0fb511aea16b8670ccd8dab8e059c2ebf19003ffb249617
outscores_pregame_favourite,0022500677,2026-01-29,Jaden McDaniels,Anthony Edwards,0,0.0954811345872013,14,0.12386948171278567,83115c8892c0d7a4e0fb511aea16b8670ccd8dab8e059c2ebf19003ffb249617
outscores_pregame_favourite,0022500677,2026-01-29,Julius Randle,Anthony Edwards,1,1.2605973678279785,14,2.1498223384416355,83115c8892c0d7a4e0fb511aea16b8670ccd8dab8e059c2ebf19003ffb249617
outscores_pregame_favourite,0022500677,2026-01-29,Max Christie,Anthony Edwards,0,0.052383614118068564,14,0.12386948171278567,83115c8892c0d7a4e0fb511aea16b8670ccd8dab8e059c2ebf19003ffb249617
outscores_pregame_favourite,0022500677,2026-01-29,Naji Marshall,Anthony Edwards,0,0.09472952960142382,14,0.12386948171278567,83115c8892c0d7a4e0fb511aea16b8670ccd8dab8e059c2ebf19003ffb249617
outscores_pregame_favourite,0022500677,2026-01-29,Naz Reid,Anthony Edwards,1,2.1111798509776847,14,2.1498223384416355,83115c8892c0d7a4e0fb511aea16b8670ccd8dab8e059c2ebf19003ffb249617
outscores_pregame_favourite,0022500677,2026-01-29,P.J. Washington,Anthony Edwards,1,2.0777126610920256,14,2.1498223384416355,83115c8892c0d7a4e0fb511aea16b8670ccd8dab8e059c2ebf19003ffb249617
outscores_pregame_favourite,0022500677,2026-01-29,Rudy Gobert,Anthony Edwards,0,0.09145011807022595,14,0.12386948171278567,83115c8892c0d7a4e0fb511aea16b8670ccd8dab8e059c2ebf19003ffb249617
outscores_pregame_favourite,0022500677,2026-01-29,Bones Hyland,Anthony Edwards,0,0.04189094170916014,14,0.12386948171278567,83115c8892c0d7a4e0fb511aea16b8670ccd8dab8e059c2ebf19003ffb249617
outscores_pregame_favourite,0022500677,2026-01-29,Jaylen Clark,Anthony Edwards,0,0.011996290180108705,14,0.12386948171278567,83115c8892c0d7a4e0fb511aea16b8670ccd8dab8e059c2ebf19003ffb249617
outscores_pregame_favourite,0022500677,2026-01-29,Mike Conley,Anthony Edwards,0,0.04512760762105541,14,0.12386948171278567,83115c8892c0d7a4e0fb511aea16b8670ccd8dab8e059c2ebf19003ffb249617
outscores_pregame_favourite,0022500678,2026-01-29,Ace Bailey,Stephen Curry,0,0.10306113547710488,14,0.12386948171278567,83115c8892c0d7a4e0fb511aea16b8670ccd8dab8e059c2ebf19003ffb249617
outscores_pregame_favourite,0022500678,2026-01-29,Al Horford,Stephen Curry,0,0.05215070414411827,14,0.12386948171278567,83115c8892c0d7a4e0fb511aea16b8670ccd8dab8e059c2ebf19003ffb249617
outscores_pregame_favourite,0022500678,2026-01-29,Brandin Podziemski,Stephen Curry,0,0.09486769469385621,14,0.12386948171278567,83115c8892c0d7a4e0fb511aea16b8670ccd8dab8e059c2ebf19003ffb249617
outscores_pregame_favourite,0022500678,2026-01-29,Brice Sensabaugh,Stephen Curry,0,0.10349557904456247,14,0.12386948171278567,83115c8892c0d7a4e0fb511aea16b8670ccd8dab8e059c2ebf19003ffb249617
outscores_pregame_favourite,0022500678,2026-01-29,De'Anthony Melton,Stephen Curry,0,0.10531329573100845,14,0.12386948171278567,83115c8892c0d7a4e0fb511aea16b8670ccd8dab8e059c2ebf19003ffb249617
outscores_pregame_favourite,0022500678,2026-01-29,Draymond Green,Stephen Curry,0,0.05391376465983118,14,0.12386948171278567,83115c8892c0d7a4e0fb511aea16b8670ccd8dab8e059c2ebf19003ffb249617
outscores_pregame_favourite,0022500678,2026-01-29,Gui Santos,Stephen Curry,0,0.01681034734665504,14,0.12386948171278567,83115c8892c0d7a4e0fb511aea16b8670ccd8dab8e059c2ebf19003ffb249617
outscores_pregame_favourite,0022500678,2026-01-29,Isaiah Collier,Stephen Curry,0,0.06269859421556394,14,0.12386948171278567,83115c8892c0d7a4e0fb511aea16b8670ccd8dab8e059c2ebf19003ffb249617
outscores_pregame_favourite,0022500678,2026-01-29,Jusuf Nurkic,Stephen Curry,0,0.0986855379322611,14,0.12386948171278567,83115c8892c0d7a4e0fb511aea16b8670ccd8dab8e059c2ebf19003ffb249617
outscores_pregame_favourite,0022500678,2026-01-29,Keyonte George,Stephen Curry,0,0.2759042727474113,14,0.12386948171278567,83115c8892c0d7a4e0fb511aea16b8670ccd8dab8e059c2ebf19003ffb249617
outscores_pregame_favourite,0022500678,2026-01-29,Kyle Filipowski,Stephen Curry,0,0.07766547497658245,14,0.12386948171278567,83115c8892c0d7a4e0fb511aea16b8670ccd8dab8e059c2ebf19003ffb249617
outscores_pregame_favourite,0022500678,2026-01-29,Lauri Markkanen,Stephen Curry,0,0.4918193311413737,14,0.12386948171278567,83115c8892c0d7a4e0fb511aea16b8670ccd8dab8e059c2ebf19003ffb249617
outscores_pregame_favourite,0022500678,2026-01-29,Moses Moody,Stephen Curry,0,0.06917110872118147,14,0.12386948171278567,83115c8892c0d7a4e0fb511aea16b8670ccd8dab8e059c2ebf19003ffb249617
outscores_pregame_favourite,0022500678,2026-01-29,Quinten Post,Stephen Curry,0,0.049324376817186544,14,0.12386948171278567,83115c8892c0d7a4e0fb511aea16b8670ccd8dab8e059c2ebf19003ffb249617
outscores_pregame_favourite,0022500678,2026-01-29,Svi Mykhailiuk,Stephen Curry,0,0.04849289587558765,14,0.12386948171278567,83115c8892c0d7a4e0fb511aea16b8670ccd8dab8e059c2ebf19003ffb249617
outscores_pregame_favourite,0022500678,2026-01-29,Will Richard,Stephen Curry,0,0.048571763248710605,14,0.12386948171278567,83115c8892c0d7a4e0fb511aea16b8670ccd8dab8e059c2ebf19003ffb249617
outscores_pregame_favourite,0022500678,2026-01-29,Buddy Hield,Stephen Curry,0,0.10264477648237649,14,0.12386948171278567,83115c8892c0d7a4e0fb511aea16b8670ccd8dab8e059c2ebf19003ffb249617
outscores_pregame_favourite,0022500678,2026-01-29,Walter Clayton Jr.,Stephen Curry,0,0.03793766394796691,14,0.12386948171278567,83115c8892c0d7a4e0fb511aea16b8670ccd8dab8e059c2ebf19003ffb249617
outscores_pregame_favourite,0022500679,2026-01-29,Alperen Sengun,Kevin Durant,0,0.2740426793584622,14,0.12386948171278567,83115c8892c0d7a4e0fb511aea16b8670ccd8dab8e059c2ebf19003ffb249617
outscores_pregame_favourite,0022500679,2026-01-29,Amen Thompson,Kevin Durant,1,2.4706552397952986,14,2.1498223384416355,83115c8892c0d7a4e0fb511aea16b8670ccd8dab8e059c2ebf19003ffb249617
outscores_pregame_favourite,0022500679,2026-01-29,De'Aaron Fox,Kevin Durant,0,0.4817236617475333,14,0.12386948171278567,83115c8892c0d7a4e0fb511aea16b8670ccd8dab8e059c2ebf19003ffb249617
outscores_pregame_favourite,0022500679,2026-01-29,Devin Vassell,Kevin Durant,0,0.17643829744303058,14,0.12386948171278567,83115c8892c0d7a4e0fb511aea16b8670ccd8dab8e059c2ebf19003ffb249617
outscores_pregame_favourite,0022500679,2026-01-29,Harrison Barnes,Kevin Durant,0,0.06482666405845257,14,0.12386948171278567,83115c8892c0d7a4e0fb511aea16b8670ccd8dab8e059c2ebf19003ffb249617
outscores_pregame_favourite,0022500679,2026-01-29,Jabari Smith Jr,Kevin Durant,0,0.07375039296102057,14,0.12386948171278567,83115c8892c0d7a4e0fb511aea16b8670ccd8dab8e059c2ebf19003ffb249617
outscores_pregame_favourite,0022500679,2026-01-29,Julian Champagnie,Kevin Durant,0,0.03277858693105757,14,0.12386948171278567,83115c8892c0d7a4e0fb511aea16b8670ccd8dab8e059c2ebf19003ffb249617
outscores_pregame_favourite,0022500679,2026-01-29,Keldon Johnson,Kevin Durant,0,0.09370000433142768,14,0.12386948171278567,83115c8892c0d7a4e0fb511aea16b8670ccd8dab8e059c2ebf19003ffb249617
outscores_pregame_favourite,0022500679,2026-01-29,Luke Kornet,Kevin Durant,0,0.008380802669414567,14,0.12386948171278567,83115c8892c0d7a4e0fb511aea16b8670ccd8dab8e059c2ebf19003ffb249617
outscores_pregame_favourite,0022500679,2026-01-29,Reed Sheppard,Kevin Durant,0,0.039135560066903524,14,0.12386948171278567,83115c8892c0d7a4e0fb511aea16b8670ccd8dab8e059c2ebf19003ffb249617
outscores_pregame_favourite,0022500679,2026-01-29,Stephon Castle,Kevin Durant,0,0.1170084422791568,14,0.12386948171278567,83115c8892c0d7a4e0fb511aea16b8670ccd8dab8e059c2ebf19003ffb249617
outscores_pregame_favourite,0022500679,2026-01-29,Tari Eason,Kevin Durant,0,0.04789004065135705,14,0.12386948171278567,83115c8892c0d7a4e0fb511aea16b8670ccd8dab8e059c2ebf19003ffb249617
outscores_pregame_favourite,0022500679,2026-01-29,Victor Wembanyama,Kevin Durant,1,1.0936943397154866,14,2.1498223384416355,83115c8892c0d7a4e0fb511aea16b8670ccd8dab8e059c2ebf19003ffb249617
outscores_pregame_favourite,0022500679,2026-01-29,Clint Capela,Kevin Durant,0,0.015674410327131592,14,0.12386948171278567,83115c8892c0d7a4e0fb511aea16b8670ccd8dab8e059c2ebf19003ffb249617
outscores_pregame_favourite,0022500679,2026-01-29,Dorian Finney-Smith,Kevin Durant,0,0.013630236354002335,14,0.12386948171278567,83115c8892c0d7a4e0fb511aea16b8670ccd8dab8e059c2ebf19003ffb249617
outscores_pregame_favourite,0022500679,2026-01-29,Dylan Harper,Kevin Durant,0,0.03801045953855646,14,0.12386948171278567,83115c8892c0d7a4e0fb511aea16b8670ccd8dab8e059c2ebf19003ffb249617
outscores_pregame_favourite,0022500679,2026-01-29,Josh Okogie,Kevin Durant,0,0.006384761373488612,14,0.12386948171278567,83115c8892c0d7a4e0fb511aea16b8670ccd8dab8e059c2ebf19003ffb249617
outscores_pregame_favourite,0022500771,2026-02-11,Aaron Nesmith,Jalen Brunson,0,0.08970228531766042,16,0.11097850796204954,83115c8892c0d7a4e0fb511aea16b8670ccd8dab8e059c2ebf19003ffb249617
outscores_pregame_favourite,0022500771,2026-02-11,Andrew Nembhard,Jalen Brunson,0,0.0781835709018586,16,0.11097850796204954,83115c8892c0d7a4e0fb511aea16b8670ccd8dab8e059c2ebf19003ffb249617
outscores_pregame_favourite,0022500771,2026-02-11,Ben Sheppard,Jalen Brunson,0,0.013445246752687672,16,0.11097850796204954,83115c8892c0d7a4e0fb511aea16b8670ccd8dab8e059c2ebf19003ffb249617
outscores_pregame_favourite,0022500771,2026-02-11,Jay Huff,Jalen Brunson,0,0.029988014585855753,16,0.11097850796204954,83115c8892c0d7a4e0fb511aea16b8670ccd8dab8e059c2ebf19003ffb249617
outscores_pregame_favourite,0022500771,2026-02-11,Jordan Clarkson,Jalen Brunson,0,0.14413505902200593,16,0.11097850796204954,83115c8892c0d7a4e0fb511aea16b8670ccd8dab8e059c2ebf19003ffb249617
outscores_pregame_favourite,0022500771,2026-02-11,Josh Hart,Jalen Brunson,0,0.07130028839405123,16,0.11097850796204954,83115c8892c0d7a4e0fb511aea16b8670ccd8dab8e059c2ebf19003ffb249617
outscores_pregame_favourite,0022500771,2026-02-11,Karl-Anthony Towns,Jalen Brunson,0,0.3860685928029462,16,0.11097850796204954,83115c8892c0d7a4e0fb511aea16b8670ccd8dab8e059c2ebf19003ffb249617
outscores_pregame_favourite,0022500771,2026-02-11,Landry Shamet,Jalen Brunson,0,0.03489730516255562,16,0.11097850796204954,83115c8892c0d7a4e0fb511aea16b8670ccd8dab8e059c2ebf19003ffb249617
outscores_pregame_favourite,0022500771,2026-02-11,Mikal Bridges,Jalen Brunson,0,0.21758059102538485,16,0.11097850796204954,83115c8892c0d7a4e0fb511aea16b8670ccd8dab8e059c2ebf19003ffb249617
outscores_pregame_favourite,0022500771,2026-02-11,Mohamed Diawara,Jalen Brunson,0,0.007494352909491263,16,0.11097850796204954,83115c8892c0d7a4e0fb511aea16b8670ccd8dab8e059c2ebf19003ffb249617
outscores_pregame_favourite,0022500771,2026-02-11,Pascal Siakam,Jalen Brunson,0,0.34654321859505094,16,0.11097850796204954,83115c8892c0d7a4e0fb511aea16b8670ccd8dab8e059c2ebf19003ffb249617
outscores_pregame_favourite,0022500771,2026-02-11,T.J. McConnell,Jalen Brunson,0,0.043811024254696226,16,0.11097850796204954,83115c8892c0d7a4e0fb511aea16b8670ccd8dab8e059c2ebf19003ffb249617
outscores_pregame_favourite,0022500771,2026-02-11,Micah Potter,Jalen Brunson,0,0.011660896878073987,16,0.11097850796204954,83115c8892c0d7a4e0fb511aea16b8670ccd8dab8e059c2ebf19003ffb249617
outscores_pregame_favourite,0022500772,2026-02-11,Alperen Sengun,Kawhi Leonard,0,0.3898759273092608,16,0.11097850796204954,83115c8892c0d7a4e0fb511aea16b8670ccd8dab8e059c2ebf19003ffb249617
outscores_pregame_favourite,0022500772,2026-02-11,Amen Thompson,Kawhi Leonard,0,0.14723665837362201,16,0.11097850796204954,83115c8892c0d7a4e0fb511aea16b8670ccd8dab8e059c2ebf19003ffb249617
outscores_pregame_favourite,0022500772,2026-02-11,Brook Lopez,Kawhi Leonard,0,0.09676169799089962,16,0.11097850796204954,83115c8892c0d7a4e0fb511aea16b8670ccd8dab8e059c2ebf19003ffb249617
outscores_pregame_favourite,0022500772,2026-02-11,Jabari Smith Jr,Kawhi Leonard,0,0.12741142248273804,16,0.11097850796204954,83115c8892c0d7a4e0fb511aea16b8670ccd8dab8e059c2ebf19003ffb249617
outscores_pregame_favourite,0022500772,2026-02-11,John Collins,Kawhi Leonard,0,0.17023984608968182,16,0.11097850796204954,83115c8892c0d7a4e0fb511aea16b8670ccd8dab8e059c2ebf19003ffb249617
outscores_pregame_favourite,0022500772,2026-02-11,Kevin Durant,Kawhi Leonard,1,0.5551064203126176,16,2.253394848803274,83115c8892c0d7a4e0fb511aea16b8670ccd8dab8e059c2ebf19003ffb249617
outscores_pregame_favourite,0022500772,2026-02-11,Kobe Sanders,Kawhi Leonard,0,0.028982894875707935,16,0.11097850796204954,83115c8892c0d7a4e0fb511aea16b8670ccd8dab8e059c2ebf19003ffb249617
outscores_pregame_favourite,0022500772,2026-02-11,Kris Dunn,Kawhi Leonard,0,0.018581584877539734,16,0.11097850796204954,83115c8892c0d7a4e0fb511aea16b8670ccd8dab8e059c2ebf19003ffb249617
outscores_pregame_favourite,0022500772,2026-02-11,Reed Sheppard,Kawhi Leonard,0,0.06337724941467462,16,0.11097850796204954,83115c8892c0d7a4e0fb511aea16b8670ccd8dab8e059c2ebf19003ffb249617
outscores_pregame_favourite,0022500772,2026-02-11,Tari Eason,Kawhi Leonard,0,0.0915529686732509,16,0.11097850796204954,83115c8892c0d7a4e0fb511aea16b8670ccd8dab8e059c2ebf19003ffb249617
outscores_pregame_favourite,0022500772,2026-02-11,Yanic Konan Niederhauser,Kawhi Leonard,0,0.010358120081084412,16,0.11097850796204954,83115c8892c0d7a4e0fb511aea16b8670ccd8dab8e059c2ebf19003ffb249617
outscores_pregame_favourite,0022500772,2026-02-11,Clint Capela,Kawhi Leonard,0,0.03841531957108044,16,0.11097850796204954,83115c8892c0d7a4e0fb511aea16b8670ccd8dab8e059c2ebf19003ffb249617
outscores_pregame_favourite,0022500772,2026-02-11,Dorian Finney-Smith,Kawhi Leonard,0,0.03404524015929664,16,0.11097850796204954,83115c8892c0d7a4e0fb511aea16b8670ccd8dab8e059c2ebf19003ffb249617
outscores_pregame_favourite,0022500773,2026-02-11,Brandon Williams,Devin Booker,0,0.07536510520628353,16,0.11097850796204954,83115c8892c0d7a4e0fb511aea16b8670ccd8dab8e059c2ebf19003ffb249617
outscores_pregame_favourite,0022500773,2026-02-11,Collin Gillespie,Devin Booker,0,0.060449461982639015,16,0.11097850796204954,83115c8892c0d7a4e0fb511aea16b8670ccd8dab8e059c2ebf19003ffb249617
outscores_pregame_favourite,0022500773,2026-02-11,Cooper Flagg,Devin Booker,1,1.2827065486072122,16,2.253394848803274,83115c8892c0d7a4e0fb511aea16b8670ccd8dab8e059c2ebf19003ffb249617
outscores_pregame_favourite,0022500773,2026-02-11,Daniel Gafford,Devin Booker,0,0.061508274903703634,16,0.11097850796204954,83115c8892c0d7a4e0fb511aea16b8670ccd8dab8e059c2ebf19003ffb249617
outscores_pregame_favourite,0022500773,2026-02-11,Dillon Brooks,Devin Booker,1,1.8264768242238492,16,2.253394848803274,83115c8892c0d7a4e0fb511aea16b8670ccd8dab8e059c2ebf19003ffb249617
outscores_pregame_favourite,0022500773,2026-02-11,Jalen Green,Devin Booker,0,0.37551666593710364,16,0.11097850796204954,83115c8892c0d7a4e0fb511aea16b8670ccd8dab8e059c2ebf19003ffb249617
outscores_pregame_favourite,0022500773,2026-02-11,Jordan Goodwin,Devin Booker,0,0.023333176681869346,16,0.11097850796204954,83115c8892c0d7a4e0fb511aea16b8670ccd8dab8e059c2ebf19003ffb249617
outscores_pregame_favourite,0022500773,2026-02-11,Mark Williams,Devin Booker,0,0.12276471109126189,16,0.11097850796204954,83115c8892c0d7a4e0fb511aea16b8670ccd8dab8e059c2ebf19003ffb249617
outscores_pregame_favourite,0022500773,2026-02-11,Max Christie,Devin Booker,0,0.044029554415944694,16,0.11097850796204954,83115c8892c0d7a4e0fb511aea16b8670ccd8dab8e059c2ebf19003ffb249617
outscores_pregame_favourite,0022500773,2026-02-11,Naji Marshall,Devin Booker,1,2.3846156319202,16,2.253394848803274,83115c8892c0d7a4e0fb511aea16b8670ccd8dab8e059c2ebf19003ffb249617
outscores_pregame_favourite,0022500773,2026-02-11,Oso Ighodaro,Devin Booker,0,0.005035378101256044,16,0.11097850796204954,83115c8892c0d7a4e0fb511aea16b8670ccd8dab8e059c2ebf19003ffb249617
outscores_pregame_favourite,0022500773,2026-02-11,P.J. Washington,Devin Booker,0,0.1355896101530585,16,0.11097850796204954,83115c8892c0d7a4e0fb511aea16b8670ccd8dab8e059c2ebf19003ffb249617
outscores_pregame_favourite,0022500773,2026-02-11,Royce O'Neale,Devin Booker,0,0.03579441957258817,16,0.11097850796204954,83115c8892c0d7a4e0fb511aea16b8670ccd8dab8e059c2ebf19003ffb249617
outscores_pregame_favourite,0022500773,2026-02-11,Caleb Martin,Devin Booker,0,0.03121889697768447,16,0.11097850796204954,83115c8892c0d7a4e0fb511aea16b8670ccd8dab8e059c2ebf19003ffb249617
outscores_pregame_favourite,0022500774,2026-02-11,Bronny James,Victor Wembanyama,0,0.005218141808209886,16,0.11097850796204954,83115c8892c0d7a4e0fb511aea16b8670ccd8dab8e059c2ebf19003ffb249617
outscores_pregame_favourite,0022500774,2026-02-11,Dalton Knecht,Victor Wembanyama,0,0.0740192528172843,16,0.11097850796204954,83115c8892c0d7a4e0fb511aea16b8670ccd8dab8e059c2ebf19003ffb249617
outscores_pregame_favourite,0022500774,2026-02-11,De'Aaron Fox,Victor Wembanyama,0,0.7238093042027657,16,0.11097850796204954,83115c8892c0d7a4e0fb511aea16b8670ccd8dab8e059c2ebf19003ffb249617
outscores_pregame_favourite,0022500774,2026-02-11,Devin Vassell,Victor Wembanyama,0,0.33578407186752324,16,0.11097850796204954,83115c8892c0d7a4e0fb511aea16b8670ccd8dab8e059c2ebf19003ffb249617
outscores_pregame_favourite,0022500774,2026-02-11,Dylan Harper,Victor Wembanyama,0,0.10513027842390656,16,0.11097850796204954,83115c8892c0d7a4e0fb511aea16b8670ccd8dab8e059c2ebf19003ffb249617
outscores_pregame_favourite,0022500774,2026-02-11,Harrison Barnes,Victor Wembanyama,0,0.13903531131604258,16,0.11097850796204954,83115c8892c0d7a4e0fb511aea16b8670ccd8dab8e059c2ebf19003ffb249617
outscores_pregame_favourite,0022500774,2026-02-11,Jake LaRavia,Victor Wembanyama,0,0.07982557830095253,16,0.11097850796204954,83115c8892c0d7a4e0fb511aea16b8670ccd8dab8e059c2ebf19003ffb249617
outscores_pregame_favourite,0022500774,2026-02-11,Jarred Vanderbilt,Victor Wembanyama,0,0.010463655513224167,16,0.11097850796204954,83115c8892c0d7a4e0fb511aea16b8670ccd8dab8e059c2ebf19003ffb249617
outscores_pregame_favourite,0022500774,2026-02-11,Jaxson Hayes,Victor Wembanyama,0,0.019881525872101354,16,0.11097850796204954,83115c8892c0d7a4e0fb511aea16b8670ccd8dab8e059c2ebf19003ffb249617
outscores_pregame_favourite,0022500774,2026-02-11,Julian Champagnie,Victor Wembanyama,0,0.07851564696807539,16,0.11097850796204954,83115c8892c0d7a4e0fb511aea16b8670ccd8dab8e059c2ebf19003ffb249617
outscores_pregame_favourite,0022500774,2026-02-11,Keldon Johnson,Victor Wembanyama,0,0.20564056339320783,16,0.11097850796204954,83115c8892c0d7a4e0fb511aea16b8670ccd8dab8e059c2ebf19003ffb249617
outscores_pregame_favourite,0022500774,2026-02-11,Maxi Kleber,Victor Wembanyama,0,0.008900731046250355,16,0.11097850796204954,83115c8892c0d7a4e0fb511aea16b8670ccd8dab8e059c2ebf19003ffb249617
outscores_pregame_favourite,0022500774,2026-02-11,Rui Hachimura,Victor Wembanyama,0,0.16554692537259488,16,0.11097850796204954,83115c8892c0d7a4e0fb511aea16b8670ccd8dab8e059c2ebf19003ffb249617
outscores_pregame_favourite,0022500774,2026-02-11,Stephon Castle,Victor Wembanyama,0,0.2684052694431766,16,0.11097850796204954,83115c8892c0d7a4e0fb511aea16b8670ccd8dab8e059c2ebf19003ffb249617
outscores_pregame_favourite,0022500774,2026-02-11,Luke Kornet,Victor Wembanyama,0,0.027434673665834856,16,0.11097850796204954,83115c8892c0d7a4e0fb511aea16b8670ccd8dab8e059c2ebf19003ffb249617
outscores_pregame_favourite,0022500831,2026-02-25,Adem Bona,Tyrese Maxey,0,0.022380622797511126,25,0.10272546801982124,83115c8892c0d7a4e0fb511aea16b8670ccd8dab8e059c2ebf19003ffb249617
outscores_pregame_favourite,0022500831,2026-02-25,Andrew Nembhard,Tyrese Maxey,0,0.08922080320279034,25,0.10272546801982124,83115c8892c0d7a4e0fb511aea16b8670ccd8dab8e059c2ebf19003ffb249617
outscores_pregame_favourite,0022500831,2026-02-25,Ben Sheppard,Tyrese Maxey,0,0.018885642090685606,25,0.10272546801982124,83115c8892c0d7a4e0fb511aea16b8670ccd8dab8e059c2ebf19003ffb249617
outscores_pregame_favourite,0022500831,2026-02-25,Cameron Payne,Tyrese Maxey,0,0.03422430336716605,25,0.10272546801982124,83115c8892c0d7a4e0fb511aea16b8670ccd8dab8e059c2ebf19003ffb249617
outscores_pregame_favourite,0022500831,2026-02-25,Dominick Barlow,Tyrese Maxey,0,0.024688841479219906,25,0.10272546801982124,83115c8892c0d7a4e0fb511aea16b8670ccd8dab8e059c2ebf19003ffb249617
outscores_pregame_favourite,0022500831,2026-02-25,Jarace Walker,Tyrese Maxey,0,0.036102683640650564,25,0.10272546801982124,83115c8892c0d7a4e0fb511aea16b8670ccd8dab8e059c2ebf19003ffb249617
outscores_pregame_favourite,0022500831,2026-02-25,Jay Huff,Tyrese Maxey,0,0.03777752552037429,25,0.10272546801982124,83115c8892c0d7a4e0fb511aea16b8670ccd8dab8e059c2ebf19003ffb249617
outscores_pregame_favourite,0022500831,2026-02-25,Joel Embiid,Tyrese Maxey,0,0.841674443728421,25,0.10272546801982124,83115c8892c0d7a4e0fb511aea16b8670ccd8dab8e059c2ebf19003ffb249617
outscores_pregame_favourite,0022500831,2026-02-25,Kam Jones,Tyrese Maxey,0,0.005983776224454763,25,0.10272546801982124,83115c8892c0d7a4e0fb511aea16b8670ccd8dab8e059c2ebf19003ffb249617
outscores_pregame_favourite,0022500831,2026-02-25,Kelly Oubre Jr,Tyrese Maxey,0,0.15075437747820353,25,0.10272546801982124,83115c8892c0d7a4e0fb511aea16b8670ccd8dab8e059c2ebf19003ffb249617
outscores_pregame_favourite,0022500831,2026-02-25,Kobe Brown,Tyrese Maxey,0,0.006166514915664015,25,0.10272546801982124,83115c8892c0d7a4e0fb511aea16b8670ccd8dab8e059c2ebf19003ffb249617
outscores_pregame_favourite,0022500831,2026-02-25,Quentin Grimes,Tyrese Maxey,0,0.11629146754959992,25,0.10272546801982124,83115c8892c0d7a4e0fb511aea16b8670ccd8dab8e059c2ebf19003ffb249617
outscores_pregame_favourite,0022500831,2026-02-25,T.J. McConnell,Tyrese Maxey,0,0.05366312891130642,25,0.10272546801982124,83115c8892c0d7a4e0fb511aea16b8670ccd8dab8e059c2ebf19003ffb249617
outscores_pregame_favourite,0022500831,2026-02-25,VJ Edgecombe,Tyrese Maxey,0,0.1526948635852774,25,0.10272546801982124,83115c8892c0d7a4e0fb511aea16b8670ccd8dab8e059c2ebf19003ffb249617
outscores_pregame_favourite,0022500832,2026-02-25,Anthony Gill,Jalen Johnson,0,0.021202207650602937,25,0.10272546801982124,83115c8892c0d7a4e0fb511aea16b8670ccd8dab8e059c2ebf19003ffb249617
outscores_pregame_favourite,0022500832,2026-02-25,Bilal Coulibaly,Jalen Johnson,1,1.9119323944377133,25,2.326618292438202,83115c8892c0d7a4e0fb511aea16b8670ccd8dab8e059c2ebf19003ffb249617
outscores_pregame_favourite,0022500832,2026-02-25,C.J. McCollum,Jalen Johnson,1,0.709869641358265,25,2.326618292438202,83115c8892c0d7a4e0fb511aea16b8670ccd8dab8e059c2ebf19003ffb249617
outscores_pregame_favourite,0022500832,2026-02-25,Dyson Daniels,Jalen Johnson,1,1.7813064758293509,25,2.326618292438202,83115c8892c0d7a4e0fb511aea16b8670ccd8dab8e059c2ebf19003ffb249617
outscores_pregame_favourite,0022500832,2026-02-25,Jock Landale,Jalen Johnson,1,2.426169407548214,25,2.326618292438202,83115c8892c0d7a4e0fb511aea16b8670ccd8dab8e059c2ebf19003ffb249617
outscores_pregame_favourite,0022500832,2026-02-25,Jonathan Kuminga,Jalen Johnson,1,1.1345116377825089,25,2.326618292438202,83115c8892c0d7a4e0fb511aea16b8670ccd8dab8e059c2ebf19003ffb249617
outscores_pregame_favourite,0022500832,2026-02-25,Justin Champagnie,Jalen Johnson,1,2.187307502935828,25,2.326618292438202,83115c8892c0d7a4e0fb511aea16b8670ccd8dab8e059c2ebf19003ffb249617
outscores_pregame_favourite,0022500832,2026-02-25,Kyshawn George,Jalen Johnson,1,1.6676753210226918,25,2.326618292438202,83115c8892c0d7a4e0fb511aea16b8670ccd8dab8e059c2ebf19003ffb249617
outscores_pregame_favourite,0022500832,2026-02-25,Nickeil Alexander-Walker,Jalen Johnson,1,1.5617987752288471,25,2.326618292438202,83115c8892c0d7a4e0fb511aea16b8670ccd8dab8e059c2ebf19003ffb249617
outscores_pregame_favourite,0022500832,2026-02-25,Onyeka Okongwu,Jalen Johnson,1,1.4068618496124026,25,2.326618292438202,83115c8892c0d7a4e0fb511aea16b8670ccd8dab8e059c2ebf19003ffb249617
outscores_pregame_favourite,0022500832,2026-02-25,Tre Johnson,Jalen Johnson,1,1.5280896714184304,25,2.326618292438202,83115c8892c0d7a4e0fb511aea16b8670ccd8dab8e059c2ebf19003ffb249617
outscores_pregame_favourite,0022500832,2026-02-25,Tristan Vukcevic,Jalen Johnson,0,0.13964394234442917,25,0.10272546801982124,83115c8892c0d7a4e0fb511aea16b8670ccd8dab8e059c2ebf19003ffb249617
outscores_pregame_favourite,0022500832,2026-02-25,Will Riley,Jalen Johnson,1,2.436265284071339,25,2.326618292438202,83115c8892c0d7a4e0fb511aea16b8670ccd8dab8e059c2ebf19003ffb249617
outscores_pregame_favourite,0022500832,2026-02-25,Zaccharie Risacher,Jalen Johnson,1,1.6443535758880106,25,2.326618292438202,83115c8892c0d7a4e0fb511aea16b8670ccd8dab8e059c2ebf19003ffb249617
outscores_pregame_favourite,0022500833,2026-02-25,Brandon Williams,Michael Porter Jr,0,0.20616385410043195,25,0.10272546801982124,83115c8892c0d7a4e0fb511aea16b8670ccd8dab8e059c2ebf19003ffb249617
outscores_pregame_favourite,0022500833,2026-02-25,Daniel Gafford,Michael Porter Jr,0,0.19399266558222705,25,0.10272546801982124,83115c8892c0d7a4e0fb511aea16b8670ccd8dab8e059c2ebf19003ffb249617
outscores_pregame_favourite,0022500833,2026-02-25,Danny Wolf,Michael Porter Jr,0,0.11341562460893533,25,0.10272546801982124,83115c8892c0d7a4e0fb511aea16b8670ccd8dab8e059c2ebf19003ffb249617
outscores_pregame_favourite,0022500833,2026-02-25,Day'Ron Sharpe,Michael Porter Jr,0,0.08088323629973501,25,0.10272546801982124,83115c8892c0d7a4e0fb511aea16b8670ccd8dab8e059c2ebf19003ffb249617
outscores_pregame_favourite,0022500833,2026-02-25,Egor Demin,Michael Porter Jr,0,0.1969646998678336,25,0.10272546801982124,83115c8892c0d7a4e0fb511aea16b8670ccd8dab8e059c2ebf19003ffb249617
outscores_pregame_favourite,0022500833,2026-02-25,Khris Middleton,Michael Porter Jr,0,0.30198293844530794,25,0.10272546801982124,83115c8892c0d7a4e0fb511aea16b8670ccd8dab8e059c2ebf19003ffb249617
outscores_pregame_favourite,0022500833,2026-02-25,Klay Thompson,Michael Porter Jr,0,0.4058117028186378,25,0.10272546801982124,83115c8892c0d7a4e0fb511aea16b8670ccd8dab8e059c2ebf19003ffb249617
outscores_pregame_favourite,0022500833,2026-02-25,Marvin Bagley III,Michael Porter Jr,0,0.16707969730849656,25,0.10272546801982124,83115c8892c0d7a4e0fb511aea16b8670ccd8dab8e059c2ebf19003ffb249617
outscores_pregame_favourite,0022500833,2026-02-25,Max Christie,Michael Porter Jr,0,0.144152502335395,25,0.10272546801982124,83115c8892c0d7a4e0fb511aea16b8670ccd8dab8e059c2ebf19003ffb249617
outscores_pregame_favourite,0022500833,2026-02-25,Naji Marshall,Michael Porter Jr,0,0.2495776807679167,25,0.10272546801982124,83115c8892c0d7a4e0fb511aea16b8670ccd8dab8e059c2ebf19003ffb249617
outscores_pregame_favourite,0022500833,2026-02-25,Noah Clowney,Michael Porter Jr,0,0.19435809588046504,25,0.10272546801982124,83115c8892c0d7a4e0fb511aea16b8670ccd8dab8e059c2ebf19003ffb249617
outscores_pregame_favourite,0022500833,2026-02-25,Nolan Traore,Michael Porter Jr,0,0.10426101032440939,25,0.10272546801982124,83115c8892c0d7a4e0fb511aea16b8670ccd8dab8e059c2ebf19003ffb249617
outscores_pregame_favourite,0022500833,2026-02-25,P.J. Washington,Michael Porter Jr,0,0.34378861248086334,25,0.10272546801982124,83115c8892c0d7a4e0fb511aea16b8670ccd8dab8e059c2ebf19003ffb249617
outscores_pregame_favourite,0022500833,2026-02-25,Terance Mann,Michael Porter Jr,0,0.10718604752482253,25,0.10272546801982124,83115c8892c0d7a4e0fb511aea16b8670ccd8dab8e059c2ebf19003ffb249617
outscores_pregame_favourite,0022500834,2026-02-25,Aaron Wiggins,Brandon Ingram,0,0.11512819183423366,25,0.10272546801982124,83115c8892c0d7a4e0fb511aea16b8670ccd8dab8e059c2ebf19003ffb249617
outscores_pregame_favourite,0022500834,2026-02-25,Alex Caruso,Brandon Ingram,1,2.82163467359567,25,2.326618292438202,83115c8892c0d7a4e0fb511aea16b8670ccd8dab8e059c2ebf19003ffb249617
outscores_pregame_favourite,0022500834,2026-02-25,Cason Wallace,Brandon Ingram,1,2.903350430780445,25,2.326618292438202,83115c8892c0d7a4e0fb511aea16b8670ccd8dab8e059c2ebf19003ffb249617
outscores_pregame_favourite,0022500834,2026-02-25,Chet Holmgren,Brandon Ingram,0,0.346910311940397,25,0.10272546801982124,83115c8892c0d7a4e0fb511aea16b8670ccd8dab8e059c2ebf19003ffb249617
outscores_pregame_favourite,0022500834,2026-02-25,Collin Murray-Boyles,Brandon Ingram,0,0.05612088997029139,25,0.10272546801982124,83115c8892c0d7a4e0fb511aea16b8670ccd8dab8e059c2ebf19003ffb249617
outscores_pregame_favourite,0022500834,2026-02-25,Immanuel Quickley,Brandon Ingram,1,1.162081862616776,25,2.326618292438202,83115c8892c0d7a4e0fb511aea16b8670ccd8dab8e059c2ebf19003ffb249617
outscores_pregame_favourite,0022500834,2026-02-25,Isaiah Hartenstein,Brandon Ingram,0,0.08281145481430385,25,0.10272546801982124,83115c8892c0d7a4e0fb511aea16b8670ccd8dab8e059c2ebf19003ffb249617
outscores_pregame_favourite,0022500834,2026-02-25,Isaiah Joe,Brandon Ingram,1,2.3217597767845053,25,2.326618292438202,83115c8892c0d7a4e0fb511aea16b8670ccd8dab8e059c2ebf19003ffb249617
outscores_pregame_favourite,0022500834,2026-02-25,Ja'Kobe Walter,Brandon Ingram,1,2.737207673323196,25,2.326618292438202,83115c8892c0d7a4e0fb511aea16b8670ccd8dab8e059c2ebf19003ffb249617
outscores_pregame_favourite,0022500834,2026-02-25,Jamal Shead,Brandon Ingram,0,0.0418375152256396,25,0.10272546801982124,83115c8892c0d7a4e0fb511aea16b8670ccd8dab8e059c2ebf19003ffb249617
outscores_pregame_favourite,0022500834,2026-02-25,Jared McCain,Brandon Ingram,0,0.15515385663768827,25,0.10272546801982124,83115c8892c0d7a4e0fb511aea16b8670ccd8dab8e059c2ebf19003ffb249617
outscores_pregame_favourite,0022500834,2026-02-25,Jaylin Williams,Brandon Ingram,0,0.023305590958696405,25,0.10272546801982124,83115c8892c0d7a4e0fb511aea16b8670ccd8dab8e059c2ebf19003ffb249617
outscores_pregame_favourite,0022500834,2026-02-25,Luguentz Dort,Brandon Ingram,0,0.1082976217847,25,0.10272546801982124,83115c8892c0d7a4e0fb511aea16b8670ccd8dab8e059c2ebf19003ffb249617
outscores_pregame_favourite,0022500834,2026-02-25,R.J. Barrett,Brandon Ingram,1,0.864165609465631,25,2.326618292438202,83115c8892c0d7a4e0fb511aea16b8670ccd8dab8e059c2ebf19003ffb249617
outscores_pregame_favourite,0022500834,2026-02-25,Sandro Mamukelashvili,Brandon Ingram,0,0.07502617723419536,25,0.10272546801982124,83115c8892c0d7a4e0fb511aea16b8670ccd8dab8e059c2ebf19003ffb249617
outscores_pregame_favourite,0022500834,2026-02-25,Scottie Barnes,Brandon Ingram,0,0.5080498762585,25,0.10272546801982124,83115c8892c0d7a4e0fb511aea16b8670ccd8dab8e059c2ebf19003ffb249617
outscores_pregame_favourite,0022500835,2026-02-25,Dean Wade,Donovan Mitchell,0,0.012978698670131362,25,0.10272546801982124,83115c8892c0d7a4e0fb511aea16b8670ccd8dab8e059c2ebf19003ffb249617
outscores_pregame_favourite,0022500835,2026-02-25,Dennis Schroder,Donovan Mitchell,0,0.13260705526423242,25,0.10272546801982124,83115c8892c0d7a4e0fb511aea16b8670ccd8dab8e059c2ebf19003ffb249617
outscores_pregame_favourite,0022500835,2026-02-25,Evan Mobley,Donovan Mitchell,0,0.22343985388362775,25,0.10272546801982124,83115c8892c0d7a4e0fb511aea16b8670ccd8dab8e059c2ebf19003ffb249617
outscores_pregame_favourite,0022500835,2026-02-25,Jalen Brunson,Donovan Mitchell,0,0.7240286333089082,25,0.10272546801982124,83115c8892c0d7a4e0fb511aea16b8670ccd8dab8e059c2ebf19003ffb249617
outscores_pregame_favourite,0022500835,2026-02-25,James Harden,Donovan Mitchell,0,0.37116479217954,25,0.10272546801982124,83115c8892c0d7a4e0fb511aea16b8670ccd8dab8e059c2ebf19003ffb249617
outscores_pregame_favourite,0022500835,2026-02-25,Jarrett Allen,Donovan Mitchell,0,0.1544519630220436,25,0.10272546801982124,83115c8892c0d7a4e0fb511aea16b8670ccd8dab8e059c2ebf19003ffb249617
outscores_pregame_favourite,0022500835,2026-02-25,Jaylon Tyson,Donovan Mitchell,0,0.07606758563778403,25,0.10272546801982124,83115c8892c0d7a4e0fb511aea16b8670ccd8dab8e059c2ebf19003ffb249617
outscores_pregame_favourite,0022500835,2026-02-25,Jose Alvarado,Donovan Mitchell,0,0.03853075958466792,25,0.10272546801982124,83115c8892c0d7a4e0fb511aea16b8670ccd8dab8e059c2ebf19003ffb249617
outscores_pregame_favourite,0022500835,2026-02-25,Josh Hart,Donovan Mitchell,0,0.08263525366562498,25,0.10272546801982124,83115c8892c0d7a4e0fb511aea16b8670ccd8dab8e059c2ebf19003ffb249617
outscores_pregame_favourite,0022500835,2026-02-25,Karl-Anthony Towns,Donovan Mitchell,0,0.43094149504154605,25,0.10272546801982124,83115c8892c0d7a4e0fb511aea16b8670ccd8dab8e059c2ebf19003ffb249617
outscores_pregame_favourite,0022500835,2026-02-25,Landry Shamet,Donovan Mitchell,0,0.03784944706460915,25,0.10272546801982124,83115c8892c0d7a4e0fb511aea16b8670ccd8dab8e059c2ebf19003ffb249617
outscores_pregame_favourite,0022500835,2026-02-25,Mikal Bridges,Donovan Mitchell,0,0.24535561097815894,25,0.10272546801982124,83115c8892c0d7a4e0fb511aea16b8670ccd8dab8e059c2ebf19003ffb249617
outscores_pregame_favourite,0022500835,2026-02-25,Mitchell Robinson,Donovan Mitchell,0,0.008863440777441159,25,0.10272546801982124,83115c8892c0d7a4e0fb511aea16b8670ccd8dab8e059c2ebf19003ffb249617
outscores_pregame_favourite,0022500835,2026-02-25,OG Anunoby,Donovan Mitchell,0,0.2152191268420598,25,0.10272546801982124,83115c8892c0d7a4e0fb511aea16b8670ccd8dab8e059c2ebf19003ffb249617
outscores_pregame_favourite,0022500835,2026-02-25,Sam Merrill,Donovan Mitchell,0,0.05115965278739444,25,0.10272546801982124,83115c8892c0d7a4e0fb511aea16b8670ccd8dab8e059c2ebf19003ffb249617
outscores_pregame_favourite,0022500835,2026-02-25,Keon Ellis,Donovan Mitchell,0,0.03278982282299084,25,0.10272546801982124,83115c8892c0d7a4e0fb511aea16b8670ccd8dab8e059c2ebf19003ffb249617
outscores_pregame_favourite,0022500836,2026-02-25,Coby White,Brandon Miller,0,0.7146533857809089,25,0.10272546801982124,83115c8892c0d7a4e0fb511aea16b8670ccd8dab8e059c2ebf19003ffb249617
outscores_pregame_favourite,0022500836,2026-02-25,Collin Sexton,Brandon Miller,0,0.556743427000455,25,0.10272546801982124,83115c8892c0d7a4e0fb511aea16b8670ccd8dab8e059c2ebf19003ffb249617
outscores_pregame_favourite,0022500836,2026-02-25,Grant Williams,Brandon Miller,0,0.18850488157102163,25,0.10272546801982124,83115c8892c0d7a4e0fb511aea16b8670ccd8dab8e059c2ebf19003ffb249617
outscores_pregame_favourite,0022500836,2026-02-25,Guerschon Yabusele,Brandon Miller,0,0.14614097711410845,25,0.10272546801982124,83115c8892c0d7a4e0fb511aea16b8670ccd8dab8e059c2ebf19003ffb249617
outscores_pregame_favourite,0022500836,2026-02-25,Isaac Okoro,Brandon Miller,0,0.115786505882251,25,0.10272546801982124,83115c8892c0d7a4e0fb511aea16b8670ccd8dab8e059c2ebf19003ffb249617
outscores_pregame_favourite,0022500836,2026-02-25,Josh Giddey,Brandon Miller,0,0.3624291593220804,25,0.10272546801982124,83115c8892c0d7a4e0fb511aea16b8670ccd8dab8e059c2ebf19003ffb249617
outscores_pregame_favourite,0022500836,2026-02-25,Kon Knueppel,Brandon Miller,0,0.676568051757034,25,0.10272546801982124,83115c8892c0d7a4e0fb511aea16b8670ccd8dab8e059c2ebf19003ffb249617
outscores_pregame_favourite,0022500836,2026-02-25,LaMelo Ball,Brandon Miller,0,0.922946483590184,25,0.10272546801982124,83115c8892c0d7a4e0fb511aea16b8670ccd8dab8e059c2ebf19003ffb249617
outscores_pregame_favourite,0022500836,2026-02-25,Matas Buzelis,Brandon Miller,1,1.5254249348013473,25,2.326618292438202,83115c8892c0d7a4e0fb511aea16b8670ccd8dab8e059c2ebf19003ffb249617
outscores_pregame_favourite,0022500836,2026-02-25,Miles Bridges,Brandon Miller,0,0.7328957535893686,25,0.10272546801982124,83115c8892c0d7a4e0fb511aea16b8670ccd8dab8e059c2ebf19003ffb249617
outscores_pregame_favourite,0022500836,2026-02-25,Moussa Diabate,Brandon Miller,0,0.08400357026097204,25,0.10272546801982124,83115c8892c0d7a4e0fb511aea16b8670ccd8dab8e059c2ebf19003ffb249617
outscores_pregame_favourite,0022500836,2026-02-25,Nick Richards,Brandon Miller,0,0.1274515252168528,25,0.10272546801982124,83115c8892c0d7a4e0fb511aea16b8670ccd8dab8e059c2ebf19003ffb249617
outscores_pregame_favourite,0022500836,2026-02-25,Patrick Williams,Brandon Miller,0,0.1250352833971477,25,0.10272546801982124,83115c8892c0d7a4e0fb511aea16b8670ccd8dab8e059c2ebf19003ffb249617
outscores_pregame_favourite,0022500836,2026-02-25,Ryan Kalkbrenner,Brandon Miller,0,0.10177706559675061,25,0.10272546801982124,83115c8892c0d7a4e0fb511aea16b8670ccd8dab8e059c2ebf19003ffb249617
outscores_pregame_favourite,0022500836,2026-02-25,Sion James,Brandon Miller,0,0.05288588622444466,25,0.10272546801982124,83115c8892c0d7a4e0fb511aea16b8670ccd8dab8e059c2ebf19003ffb249617
outscores_pregame_favourite,0022500836,2026-02-25,Tre Jones,Brandon Miller,0,0.1648754692095108,25,0.10272546801982124,83115c8892c0d7a4e0fb511aea16b8670ccd8dab8e059c2ebf19003ffb249617
outscores_pregame_favourite,0022500837,2026-02-25,A.J. Green,Norman Powell,0,0.1155636362828494,25,0.10272546801982124,83115c8892c0d7a4e0fb511aea16b8670ccd8dab8e059c2ebf19003ffb249617
outscores_pregame_favourite,0022500837,2026-02-25,Andrew Wiggins,Norman Powell,0,0.4451194904861503,25,0.10272546801982124,83115c8892c0d7a4e0fb511aea16b8670ccd8dab8e059c2ebf19003ffb249617
outscores_pregame_favourite,0022500837,2026-02-25,Bam Adebayo,Norman Powell,0,0.6437641170359639,25,0.10272546801982124,83115c8892c0d7a4e0fb511aea16b8670ccd8dab8e059c2ebf19003ffb249617
outscores_pregame_favourite,0022500837,2026-02-25,Bobby Portis,Norman Powell,0,0.33937682917917955,25,0.10272546801982124,83115c8892c0d7a4e0fb511aea16b8670ccd8dab8e059c2ebf19003ffb249617
outscores_pregame_favourite,0022500837,2026-02-25,Cam Thomas,Norman Powell,0,0.8117226502359871,25,0.10272546801982124,83115c8892c0d7a4e0fb511aea16b8670ccd8dab8e059c2ebf19003ffb249617
outscores_pregame_favourite,0022500837,2026-02-25,Davion Mitchell,Norman Powell,0,0.10344598645461836,25,0.10272546801982124,83115c8892c0d7a4e0fb511aea16b8670ccd8dab8e059c2ebf19003ffb249617
outscores_pregame_favourite,0022500837,2026-02-25,Jaime Jaquez Jr,Norman Powell,0,0.2568552185318051,25,0.10272546801982124,83115c8892c0d7a4e0fb511aea16b8670ccd8dab8e059c2ebf19003ffb249617
outscores_pregame_favourite,0022500837,2026-02-25,Kel'el Ware,Norman Powell,0,0.2130896823974187,25,0.10272546801982124,83115c8892c0d7a4e0fb511aea16b8670ccd8dab8e059c2ebf19003ffb249617
outscores_pregame_favourite,0022500837,2026-02-25,Kevin Porter Jr.,Norman Powell,1,1.3374841807373252,25,2.326618292438202,83115c8892c0d7a4e0fb511aea16b8670ccd8dab8e059c2ebf19003ffb249617
outscores_pregame_favourite,0022500837,2026-02-25,Kyle Kuzma,Norman Powell,0,0.5355023228962064,25,0.10272546801982124,83115c8892c0d7a4e0fb511aea16b8670ccd8dab8e059c2ebf19003ffb249617
outscores_pregame_favourite,0022500837,2026-02-25,Myles Turner,Norman Powell,0,0.4325405190299044,25,0.10272546801982124,83115c8892c0d7a4e0fb511aea16b8670ccd8dab8e059c2ebf19003ffb249617
outscores_pregame_favourite,0022500837,2026-02-25,Pelle Larsson,Norman Powell,0,0.12544091422017428,25,0.10272546801982124,83115c8892c0d7a4e0fb511aea16b8670ccd8dab8e059c2ebf19003ffb249617
outscores_pregame_favourite,0022500837,2026-02-25,Ryan Rollins,Norman Powell,0,0.25227469261942065,25,0.10272546801982124,83115c8892c0d7a4e0fb511aea16b8670ccd8dab8e059c2ebf19003ffb249617
outscores_pregame_favourite,0022500837,2026-02-25,Tyler Herro,Norman Powell,0,0.9940279470123695,25,0.10272546801982124,83115c8892c0d7a4e0fb511aea16b8670ccd8dab8e059c2ebf19003ffb249617
outscores_pregame_favourite,0022500837,2026-02-25,Jericho Sims,Norman Powell,0,0.016770877021838212,25,0.10272546801982124,83115c8892c0d7a4e0fb511aea16b8670ccd8dab8e059c2ebf19003ffb249617
outscores_pregame_favourite,0022500838,2026-02-25,Brandin Podziemski,Zion Williamson,0,0.1040858699706602,25,0.10272546801982124,83115c8892c0d7a4e0fb511aea16b8670ccd8dab8e059c2ebf19003ffb249617
outscores_pregame_favourite,0022500838,2026-02-25,Bryce McGowens,Zion Williamson,0,0.033098324755826525,25,0.10272546801982124,83115c8892c0d7a4e0fb511aea16b8670ccd8dab8e059c2ebf19003ffb249617
outscores_pregame_favourite,0022500838,2026-02-25,De'Anthony Melton,Zion Williamson,1,2.152481397015982,25,2.326618292438202,83115c8892c0d7a4e0fb511aea16b8670ccd8dab8e059c2ebf19003ffb249617
outscores_pregame_favourite,0022500838,2026-02-25,DeAndre Jordan,Zion Williamson,0,0.009752515406869135,25,0.10272546801982124,83115c8892c0d7a4e0fb511aea16b8670ccd8dab8e059c2ebf19003ffb249617
outscores_pregame_favourite,0022500838,2026-02-25,Dejounte Murray,Zion Williamson,0,0.5001898649276751,25,0.10272546801982124,83115c8892c0d7a4e0fb511aea16b8670ccd8dab8e059c2ebf19003ffb249617
outscores_pregame_favourite,0022500838,2026-02-25,Derik Queen,Zion Williamson,0,0.14225364591541229,25,0.10272546801982124,83115c8892c0d7a4e0fb511aea16b8670ccd8dab8e059c2ebf19003ffb249617
outscores_pregame_favourite,0022500838,2026-02-25,Draymond Green,Zion Williamson,0,0.05632191892673258,25,0.10272546801982124,83115c8892c0d7a4e0fb511aea16b8670ccd8dab8e059c2ebf19003ffb249617
outscores_pregame_favourite,0022500838,2026-02-25,Gary Payton II,Zion Williamson,0,0.028500050453776377,25,0.10272546801982124,83115c8892c0d7a4e0fb511aea16b8670ccd8dab8e059c2ebf19003ffb249617
outscores_pregame_favourite,0022500838,2026-02-25,Gui Santos,Zion Williamson,0,0.026779551946298757,25,0.10272546801982124,83115c8892c0d7a4e0fb511aea16b8670ccd8dab8e059c2ebf19003ffb249617
outscores_pregame_favourite,0022500838,2026-02-25,Jeremiah Fears,Zion Williamson,0,0.14704233068302344,25,0.10272546801982124,83115c8892c0d7a4e0fb511aea16b8670ccd8dab8e059c2ebf19003ffb249617
outscores_pregame_favourite,0022500838,2026-02-25,Moses Moody,Zion Williamson,0,0.07987821144287081,25,0.10272546801982124,83115c8892c0d7a4e0fb511aea16b8670ccd8dab8e059c2ebf19003ffb249617
outscores_pregame_favourite,0022500838,2026-02-25,Pat Spencer,Zion Williamson,0,0.02483655286166579,25,0.10272546801982124,83115c8892c0d7a4e0fb511aea16b8670ccd8dab8e059c2ebf19003ffb249617
outscores_pregame_favourite,0022500838,2026-02-25,Saddiq Bey,Zion Williamson,0,0.2170740148011199,25,0.10272546801982124,83115c8892c0d7a4e0fb511aea16b8670ccd8dab8e059c2ebf19003ffb249617
outscores_pregame_favourite,0022500838,2026-02-25,Will Richard,Zion Williamson,0,0.04887360528091603,25,0.10272546801982124,83115c8892c0d7a4e0fb511aea16b8670ccd8dab8e059c2ebf19003ffb249617
outscores_pregame_favourite,0022500838,2026-02-25,Quinten Post,Zion Williamson,0,0.04470769939239875,25,0.10272546801982124,83115c8892c0d7a4e0fb511aea16b8670ccd8dab8e059c2ebf19003ffb249617
outscores_pregame_favourite,0022500839,2026-02-25,Baylor Scheierman,Payton Pritchard,1,2.068979767844805,25,2.326618292438202,83115c8892c0d7a4e0fb511aea16b8670ccd8dab8e059c2ebf19003ffb249617
outscores_pregame_favourite,0022500839,2026-02-25,Collin Gillespie,Payton Pritchard,1,1.0690630329203767,25,2.326618292438202,83115c8892c0d7a4e0fb511aea16b8670ccd8dab8e059c2ebf19003ffb249617
outscores_pregame_favourite,0022500839,2026-02-25,Derrick White,Payton Pritchard,1,0.5090014116210331,25,2.326618292438202,83115c8892c0d7a4e0fb511aea16b8670ccd8dab8e059c2ebf19003ffb249617
outscores_pregame_favourite,0022500839,2026-02-25,Grayson Allen,Payton Pritchard,1,0.700262380757684,25,2.326618292438202,83115c8892c0d7a4e0fb511aea16b8670ccd8dab8e059c2ebf19003ffb249617
outscores_pregame_favourite,0022500839,2026-02-25,Hugo Gonzalez,Payton Pritchard,0,0.1496539310750444,25,0.10272546801982124,83115c8892c0d7a4e0fb511aea16b8670ccd8dab8e059c2ebf19003ffb249617
outscores_pregame_favourite,0022500839,2026-02-25,Jalen Green,Payton Pritchard,1,0.3711769366815654,25,2.326618292438202,83115c8892c0d7a4e0fb511aea16b8670ccd8dab8e059c2ebf19003ffb249617
outscores_pregame_favourite,0022500839,2026-02-25,Jordan Walsh,Payton Pritchard,0,0.11792509120033995,25,0.10272546801982124,83115c8892c0d7a4e0fb511aea16b8670ccd8dab8e059c2ebf19003ffb249617
outscores_pregame_favourite,0022500839,2026-02-25,Mark Williams,Payton Pritchard,0,0.7067660680947492,25,0.10272546801982124,83115c8892c0d7a4e0fb511aea16b8670ccd8dab8e059c2ebf19003ffb249617
outscores_pregame_favourite,0022500839,2026-02-25,Neemias Queta,Payton Pritchard,1,1.3657708914805877,25,2.326618292438202,83115c8892c0d7a4e0fb511aea16b8670ccd8dab8e059c2ebf19003ffb249617
outscores_pregame_favourite,0022500839,2026-02-25,Nikola Vucevic,Payton Pritchard,0,1.0346480793976596,25,0.10272546801982124,83115c8892c0d7a4e0fb511aea16b8670ccd8dab8e059c2ebf19003ffb249617
outscores_pregame_favourite,0022500839,2026-02-25,Oso Ighodaro,Payton Pritchard,0,0.18978815733469526,25,0.10272546801982124,83115c8892c0d7a4e0fb511aea16b8670ccd8dab8e059c2ebf19003ffb249617
outscores_pregame_favourite,0022500839,2026-02-25,Royce O'Neale,Payton Pritchard,1,1.097428155906893,25,2.326618292438202,83115c8892c0d7a4e0fb511aea16b8670ccd8dab8e059c2ebf19003ffb249617
outscores_pregame_favourite,0022500839,2026-02-25,Ryan Dunn,Payton Pritchard,1,1.4444019919271713,25,2.326618292438202,83115c8892c0d7a4e0fb511aea16b8670ccd8dab8e059c2ebf19003ffb249617
outscores_pregame_favourite,0022500839,2026-02-25,Sam Hauser,Payton Pritchard,1,1.1100220172576287,25,2.326618292438202,83115c8892c0d7a4e0fb511aea16b8670ccd8dab8e059c2ebf19003ffb249617
outscores_pregame_favourite,0022500840,2026-02-25,Anthony Black,Luka Doncic,0,0.02245943716901958,25,0.10272546801982124,83115c8892c0d7a4e0fb511aea16b8670ccd8dab8e059c2ebf19003ffb249617
outscores_pregame_favourite,0022500840,2026-02-25,Austin Reaves,Luka Doncic,0,0.11107979023057958,25,0.10272546801982124,83115c8892c0d7a4e0fb511aea16b8670ccd8dab8e059c2ebf19003ffb249617
outscores_pregame_favourite,0022500840,2026-02-25,Deandre Ayton,Luka Doncic,0,0.046889744896453096,25,0.10272546801982124,83115c8892c0d7a4e0fb511aea16b8670ccd8dab8e059c2ebf19003ffb249617
outscores_pregame_favourite,0022500840,2026-02-25,Desmond Bane,Luka Doncic,0,0.1350642505980379,25,0.10272546801982124,83115c8892c0d7a4e0fb511aea16b8670ccd8dab8e059c2ebf19003ffb249617
outscores_pregame_favourite,0022500840,2026-02-25,Jake LaRavia,Luka Doncic,0,0.01542840637690937,25,0.10272546801982124,83115c8892c0d7a4e0fb511aea16b8670ccd8dab8e059c2ebf19003ffb249617
outscores_pregame_favourite,0022500840,2026-02-25,Jett Howard,Luka Doncic,0,0.00419355453270511,25,0.10272546801982124,83115c8892c0d7a4e0fb511aea16b8670ccd8dab8e059c2ebf19003ffb249617
outscores_pregame_favourite,0022500840,2026-02-25,Jevon Carter,Luka Doncic,0,0.003608268884041248,25,0.10272546801982124,83115c8892c0d7a4e0fb511aea16b8670ccd8dab8e059c2ebf19003ffb249617
outscores_pregame_favourite,0022500840,2026-02-25,LeBron James,Luka Doncic,0,0.20724124657129778,25,0.10272546801982124,83115c8892c0d7a4e0fb511aea16b8670ccd8dab8e059c2ebf19003ffb249617
outscores_pregame_favourite,0022500840,2026-02-25,Luke Kennard,Luka Doncic,0,0.012426930735172257,25,0.10272546801982124,83115c8892c0d7a4e0fb511aea16b8670ccd8dab8e059c2ebf19003ffb249617
outscores_pregame_favourite,0022500840,2026-02-25,Marcus Smart,Luka Doncic,0,0.017398180846226623,25,0.10272546801982124,83115c8892c0d7a4e0fb511aea16b8670ccd8dab8e059c2ebf19003ffb249617
outscores_pregame_favourite,0022500840,2026-02-25,Paolo Banchero,Luka Doncic,1,1.763043289671962,25,2.326618292438202,83115c8892c0d7a4e0fb511aea16b8670ccd8dab8e059c2ebf19003ffb249617
outscores_pregame_favourite,0022500840,2026-02-25,Rui Hachimura,Luka Doncic,0,0.030748458002550803,25,0.10272546801982124,83115c8892c0d7a4e0fb511aea16b8670ccd8dab8e059c2ebf19003ffb249617
outscores_pregame_favourite,0022500840,2026-02-25,Tristan da Silva,Luka Doncic,0,0.008171800916277588,25,0.10272546801982124,83115c8892c0d7a4e0fb511aea16b8670ccd8dab8e059c2ebf19003ffb249617
outscores_pregame_favourite,0022500840,2026-02-25,Wendell Carter Jr,Luka Doncic,0,0.01127053054057258,25,0.10272546801982124,83115c8892c0d7a4e0fb511aea16b8670ccd8dab8e059c2ebf19003ffb249617
outscores_pregame_favourite,0022500840,2026-02-25,Jarred Vanderbilt,Luka Doncic,0,0.0012294579639734841,25,0.10272546801982124,83115c8892c0d7a4e0fb511aea16b8670ccd8dab8e059c2ebf19003ffb249617
outscores_pregame_favourite,0022500841,2026-02-25,Ayo Dosunmu,Anthony Edwards,0,0.10658156543648341,25,0.10272546801982124,83115c8892c0d7a4e0fb511aea16b8670ccd8dab8e059c2ebf19003ffb249617
outscores_pregame_favourite,0022500841,2026-02-25,Donovan Clingan,Anthony Edwards,0,0.048857239589669456,25,0.10272546801982124,83115c8892c0d7a4e0fb511aea16b8670ccd8dab8e059c2ebf19003ffb249617
outscores_pregame_favourite,0022500841,2026-02-25,Donte DiVincenzo,Anthony Edwards,0,0.12614411175148244,25,0.10272546801982124,83115c8892c0d7a4e0fb511aea16b8670ccd8dab8e059c2ebf19003ffb249617
outscores_pregame_favourite,0022500841,2026-02-25,Jaden McDaniels,Anthony Edwards,0,0.09510480936667738,25,0.10272546801982124,83115c8892c0d7a4e0fb511aea16b8670ccd8dab8e059c2ebf19003ffb249617
outscores_pregame_favourite,0022500841,2026-02-25,Jerami Grant,Anthony Edwards,0,0.2409060076540501,25,0.10272546801982124,83115c8892c0d7a4e0fb511aea16b8670ccd8dab8e059c2ebf19003ffb249617
outscores_pregame_favourite,0022500841,2026-02-25,Jrue Holiday,Anthony Edwards,0,0.08533099236308184,25,0.10272546801982124,83115c8892c0d7a4e0fb511aea16b8670ccd8dab8e059c2ebf19003ffb249617
outscores_pregame_favourite,0022500841,2026-02-25,Julius Randle,Anthony Edwards,0,0.3252871506258439,25,0.10272546801982124,83115c8892c0d7a4e0fb511aea16b8670ccd8dab8e059c2ebf19003ffb249617
outscores_pregame_favourite,0022500841,2026-02-25,Kris Murray,Anthony Edwards,0,0.018365366507054413,25,0.10272546801982124,83115c8892c0d7a4e0fb511aea16b8670ccd8dab8e059c2ebf19003ffb249617
outscores_pregame_favourite,0022500841,2026-02-25,Naz Reid,Anthony Edwards,0,0.12560833588953682,25,0.10272546801982124,83115c8892c0d7a4e0fb511aea16b8670ccd8dab8e059c2ebf19003ffb249617
outscores_pregame_favourite,0022500841,2026-02-25,Rudy Gobert,Anthony Edwards,0,0.08701576768223954,25,0.10272546801982124,83115c8892c0d7a4e0fb511aea16b8670ccd8dab8e059c2ebf19003ffb249617
outscores_pregame_favourite,0022500841,2026-02-25,Scoot Henderson,Anthony Edwards,0,0.1140580911817802,25,0.10272546801982124,83115c8892c0d7a4e0fb511aea16b8670ccd8dab8e059c2ebf19003ffb249617
outscores_pregame_favourite,0022500841,2026-02-25,Sidy Cissoko,Anthony Edwards,0,0.018935407621072035,25,0.10272546801982124,83115c8892c0d7a4e0fb511aea16b8670ccd8dab8e059c2ebf19003ffb249617
outscores_pregame_favourite,0022500841,2026-02-25,Toumani Camara,Anthony Edwards,0,0.06442272375747653,25,0.10272546801982124,83115c8892c0d7a4e0fb511aea16b8670ccd8dab8e059c2ebf19003ffb249617
outscores_pregame_favourite,0022500841,2026-02-25,Vit Krejci,Anthony Edwards,0,0.045171143933912174,25,0.10272546801982124,83115c8892c0d7a4e0fb511aea16b8670ccd8dab8e059c2ebf19003ffb249617
outscores_pregame_favourite,0022500922,2026-03-08,Austin Reaves,Luka Doncic,0,0.10904906286533284,29,0.09923492223114361,83115c8892c0d7a4e0fb511aea16b8670ccd8dab8e059c2ebf19003ffb249617
outscores_pregame_favourite,0022500922,2026-03-08,Deandre Ayton,Luka Doncic,0,0.04557271207444991,29,0.09923492223114361,83115c8892c0d7a4e0fb511aea16b8670ccd8dab8e059c2ebf19003ffb249617
outscores_pregame_favourite,0022500922,2026-03-08,Jake LaRavia,Luka Doncic,0,0.01504106313814985,29,0.09923492223114361,83115c8892c0d7a4e0fb511aea16b8670ccd8dab8e059c2ebf19003ffb249617
outscores_pregame_favourite,0022500922,2026-03-08,Jalen Brunson,Luka Doncic,0,0.3445680520904712,29,0.09923492223114361,83115c8892c0d7a4e0fb511aea16b8670ccd8dab8e059c2ebf19003ffb249617
outscores_pregame_favourite,0022500922,2026-03-08,Jaxson Hayes,Luka Doncic,0,0.0024109177982954786,29,0.09923492223114361,83115c8892c0d7a4e0fb511aea16b8670ccd8dab8e059c2ebf19003ffb249617
outscores_pregame_favourite,0022500922,2026-03-08,Josh Hart,Luka Doncic,0,0.018562017860059538,29,0.09923492223114361,83115c8892c0d7a4e0fb511aea16b8670ccd8dab8e059c2ebf19003ffb249617
outscores_pregame_favourite,0022500922,2026-03-08,Karl-Anthony Towns,Luka Doncic,0,0.17020190947925523,29,0.09923492223114361,83115c8892c0d7a4e0fb511aea16b8670ccd8dab8e059c2ebf19003ffb249617
outscores_pregame_favourite,0022500922,2026-03-08,Landry Shamet,Luka Doncic,0,0.011690029714389621,29,0.09923492223114361,83115c8892c0d7a4e0fb511aea16b8670ccd8dab8e059c2ebf19003ffb249617
outscores_pregame_favourite,0022500922,2026-03-08,Luke Kennard,Luka Doncic,0,0.01191757029112834,29,0.09923492223114361,83115c8892c0d7a4e0fb511aea16b8670ccd8dab8e059c2ebf19003ffb249617
outscores_pregame_favourite,0022500922,2026-03-08,Marcus Smart,Luka Doncic,0,0.016408458463520476,29,0.09923492223114361,83115c8892c0d7a4e0fb511aea16b8670ccd8dab8e059c2ebf19003ffb249617
outscores_pregame_favourite,0022500922,2026-03-08,Mikal Bridges,Luka Doncic,0,0.08301836972889097,29,0.09923492223114361,83115c8892c0d7a4e0fb511aea16b8670ccd8dab8e059c2ebf19003ffb249617
outscores_pregame_favourite,0022500922,2026-03-08,Mitchell Robinson,Luka Doncic,0,0.0019277556803068865,29,0.09923492223114361,83115c8892c0d7a4e0fb511aea16b8670ccd8dab8e059c2ebf19003ffb249617
outscores_pregame_favourite,0022500922,2026-03-08,OG Anunoby,Luka Doncic,0,0.06715788208275428,29,0.09923492223114361,83115c8892c0d7a4e0fb511aea16b8670ccd8dab8e059c2ebf19003ffb249617
outscores_pregame_favourite,0022500922,2026-03-08,Rui Hachimura,Luka Doncic,0,0.02988818619964874,29,0.09923492223114361,83115c8892c0d7a4e0fb511aea16b8670ccd8dab8e059c2ebf19003ffb249617
outscores_pregame_favourite,0022500923,2026-03-08,Bam Adebayo,Cade Cunningham,0,0.3073055043348836,29,0.09923492223114361,83115c8892c0d7a4e0fb511aea16b8670ccd8dab8e059c2ebf19003ffb249617
outscores_pregame_favourite,0022500923,2026-03-08,Daniss Jenkins,Cade Cunningham,0,0.05343461254802543,29,0.09923492223114361,83115c8892c0d7a4e0fb511aea16b8670ccd8dab8e059c2ebf19003ffb249617
outscores_pregame_favourite,0022500923,2026-03-08,Davion Mitchell,Cade Cunningham,0,0.031868973902703,29,0.09923492223114361,83115c8892c0d7a4e0fb511aea16b8670ccd8dab8e059c2ebf19003ffb249617
outscores_pregame_favourite,0022500923,2026-03-08,Duncan Robinson,Cade Cunningham,0,0.10671071378292926,29,0.09923492223114361,83115c8892c0d7a4e0fb511aea16b8670ccd8dab8e059c2ebf19003ffb249617
outscores_pregame_favourite,0022500923,2026-03-08,Jaime Jaquez Jr,Cade Cunningham,0,0.11260921651614414,29,0.09923492223114361,83115c8892c0d7a4e0fb511aea16b8670ccd8dab8e059c2ebf19003ffb249617
outscores_pregame_favourite,0022500923,2026-03-08,Jalen Duren,Cade Cunningham,0,0.1481744212413746,29,0.09923492223114361,83115c8892c0d7a4e0fb511aea16b8670ccd8dab8e059c2ebf19003ffb249617
outscores_pregame_favourite,0022500923,2026-03-08,Kasparas Jakucionis,Cade Cunningham,0,0.03173932373936563,29,0.09923492223114361,83115c8892c0d7a4e0fb511aea16b8670ccd8dab8e059c2ebf19003ffb249617
outscores_pregame_favourite,0022500923,2026-03-08,Kel'el Ware,Cade Cunningham,0,0.0837503622339726,29,0.09923492223114361,83115c8892c0d7a4e0fb511aea16b8670ccd8dab8e059c2ebf19003ffb249617
outscores_pregame_favourite,0022500923,2026-03-08,Marcus Sasser,Cade Cunningham,0,0.05005205549470755,29,0.09923492223114361,83115c8892c0d7a4e0fb511aea16b8670ccd8dab8e059c2ebf19003ffb249617
outscores_pregame_favourite,0022500923,2026-03-08,Myron Gardner,Cade Cunningham,0,0.011150647719509727,29,0.09923492223114361,83115c8892c0d7a4e0fb511aea16b8670ccd8dab8e059c2ebf19003ffb249617
outscores_pregame_favourite,0022500923,2026-03-08,Pelle Larsson,Cade Cunningham,0,0.04632861983257545,29,0.09923492223114361,83115c8892c0d7a4e0fb511aea16b8670ccd8dab8e059c2ebf19003ffb249617
outscores_pregame_favourite,0022500923,2026-03-08,Tobias Harris,Cade Cunningham,0,0.17906673593337963,29,0.09923492223114361,83115c8892c0d7a4e0fb511aea16b8670ccd8dab8e059c2ebf19003ffb249617
outscores_pregame_favourite,0022500923,2026-03-08,Tyler Herro,Cade Cunningham,0,0.5157562639840797,29,0.09923492223114361,83115c8892c0d7a4e0fb511aea16b8670ccd8dab8e059c2ebf19003ffb249617
outscores_pregame_favourite,0022500924,2026-03-08,Brandon Williams,Brandon Ingram,1,1.986266258299911,29,2.359472467396097,83115c8892c0d7a4e0fb511aea16b8670ccd8dab8e059c2ebf19003ffb249617
outscores_pregame_favourite,0022500924,2026-03-08,Cooper Flagg,Brandon Ingram,1,0.8722199527895743,29,2.359472467396097,83115c8892c0d7a4e0fb511aea16b8670ccd8dab8e059c2ebf19003ffb249617
outscores_pregame_favourite,0022500924,2026-03-08,Daniel Gafford,Brandon Ingram,1,2.146433101294916,29,2.359472467396097,83115c8892c0d7a4e0fb511aea16b8670ccd8dab8e059c2ebf19003ffb249617
outscores_pregame_favourite,0022500924,2026-03-08,Immanuel Quickley,Brandon Ingram,0,0.38185992600736357,29,0.09923492223114361,83115c8892c0d7a4e0fb511aea16b8670ccd8dab8e059c2ebf19003ffb249617
outscores_pregame_favourite,0022500924,2026-03-08,Ja'Kobe Walter,Brandon Ingram,0,0.06713547749511689,29,0.09923492223114361,83115c8892c0d7a4e0fb511aea16b8670ccd8dab8e059c2ebf19003ffb249617
outscores_pregame_favourite,0022500924,2026-03-08,Jakob Poeltl,Brandon Ingram,1,1.869660933369645,29,2.359472467396097,83115c8892c0d7a4e0fb511aea16b8670ccd8dab8e059c2ebf19003ffb249617
outscores_pregame_favourite,0022500924,2026-03-08,Jamal Shead,Brandon Ingram,0,0.04130883251714332,29,0.09923492223114361,83115c8892c0d7a4e0fb511aea16b8670ccd8dab8e059c2ebf19003ffb249617
outscores_pregame_favourite,0022500924,2026-03-08,Khris Middleton,Brandon Ingram,0,0.1952330887048064,29,0.09923492223114361,83115c8892c0d7a4e0fb511aea16b8670ccd8dab8e059c2ebf19003ffb249617
outscores_pregame_favourite,0022500924,2026-03-08,Klay Thompson,Brandon Ingram,0,0.28854734896159484,29,0.09923492223114361,83115c8892c0d7a4e0fb511aea16b8670ccd8dab8e059c2ebf19003ffb249617
outscores_pregame_favourite,0022500924,2026-03-08,Marvin Bagley III,Brandon Ingram,0,0.11120894772338535,29,0.09923492223114361,83115c8892c0d7a4e0fb511aea16b8670ccd8dab8e059c2ebf19003ffb249617
outscores_pregame_favourite,0022500924,2026-03-08,Max Christie,Brandon Ingram,0,0.09223696266689493,29,0.09923492223114361,83115c8892c0d7a4e0fb511aea16b8670ccd8dab8e059c2ebf19003ffb249617
outscores_pregame_favourite,0022500924,2026-03-08,Naji Marshall,Brandon Ingram,0,0.18234337918154284,29,0.09923492223114361,83115c8892c0d7a4e0fb511aea16b8670ccd8dab8e059c2ebf19003ffb249617
outscores_pregame_favourite,0022500924,2026-03-08,P.J. Washington,Brandon Ingram,0,0.23892085645065553,29,0.09923492223114361,83115c8892c0d7a4e0fb511aea16b8670ccd8dab8e059c2ebf19003ffb249617
outscores_pregame_favourite,0022500924,2026-03-08,R.J. Barrett,Brandon Ingram,1,0.8531089922420122,29,2.359472467396097,83115c8892c0d7a4e0fb511aea16b8670ccd8dab8e059c2ebf19003ffb249617
outscores_pregame_favourite,0022500924,2026-03-08,Sandro Mamukelashvili,Brandon Ingram,1,2.6486168010396742,29,2.359472467396097,83115c8892c0d7a4e0fb511aea16b8670ccd8dab8e059c2ebf19003ffb249617
outscores_pregame_favourite,0022500924,2026-03-08,Scottie Barnes,Brandon Ingram,1,0.9215659535215639,29,2.359472467396097,83115c8892c0d7a4e0fb511aea16b8670ccd8dab8e059c2ebf19003ffb249617
outscores_pregame_favourite,0022500925,2026-03-08,Alex Sarr,Zion Williamson,0,0.20203982291006842,29,0.09923492223114361,83115c8892c0d7a4e0fb511aea16b8670ccd8dab8e059c2ebf19003ffb249617
outscores_pregame_favourite,0022500925,2026-03-08,Bilal Coulibaly,Zion Williamson,0,0.09189205214101945,29,0.09923492223114361,83115c8892c0d7a4e0fb511aea16b8670ccd8dab8e059c2ebf19003ffb249617
outscores_pregame_favourite,0022500925,2026-03-08,Dejounte Murray,Zion Williamson,0,0.488185948328926,29,0.09923492223114361,83115c8892c0d7a4e0fb511aea16b8670ccd8dab8e059c2ebf19003ffb249617
outscores_pregame_favourite,0022500925,2026-03-08,Derik Queen,Zion Williamson,0,0.1338934272631237,29,0.09923492223114361,83115c8892c0d7a4e0fb511aea16b8670ccd8dab8e059c2ebf19003ffb249617
outscores_pregame_favourite,0022500925,2026-03-08,Jaden Hardy,Zion Williamson,0,0.06512532641889113,29,0.09923492223114361,83115c8892c0d7a4e0fb511aea16b8670ccd8dab8e059c2ebf19003ffb249617
outscores_pregame_favourite,0022500925,2026-03-08,Jeremiah Fears,Zion Williamson,0,0.15229861909724685,29,0.09923492223114361,83115c8892c0d7a4e0fb511aea16b8670ccd8dab8e059c2ebf19003ffb249617
outscores_pregame_favourite,0022500925,2026-03-08,Saddiq Bey,Zion Williamson,1,1.578266985978554,29,2.359472467396097,83115c8892c0d7a4e0fb511aea16b8670ccd8dab8e059c2ebf19003ffb249617
outscores_pregame_favourite,0022500925,2026-03-08,Trae Young,Zion Williamson,0,0.7494315726526249,29,0.09923492223114361,83115c8892c0d7a4e0fb511aea16b8670ccd8dab8e059c2ebf19003ffb249617
outscores_pregame_favourite,0022500925,2026-03-08,Tre Johnson,Zion Williamson,0,0.11843824198359752,29,0.09923492223114361,83115c8892c0d7a4e0fb511aea16b8670ccd8dab8e059c2ebf19003ffb249617
outscores_pregame_favourite,0022500925,2026-03-08,Trey Murphy III,Zion Williamson,1,1.0843462502815866,29,2.359472467396097,83115c8892c0d7a4e0fb511aea16b8670ccd8dab8e059c2ebf19003ffb249617
outscores_pregame_favourite,0022500925,2026-03-08,Will Riley,Zion Williamson,0,0.06500576407902231,29,0.09923492223114361,83115c8892c0d7a4e0fb511aea16b8670ccd8dab8e059c2ebf19003ffb249617
outscores_pregame_favourite,0022500926,2026-03-09,A.J. Green,Ryan Rollins,0,0.4409717965650741,40,0.1285188508009783,83115c8892c0d7a4e0fb511aea16b8670ccd8dab8e059c2ebf19003ffb249617
outscores_pregame_favourite,0022500926,2026-03-09,Bobby Portis,Ryan Rollins,1,0.4928326183844393,40,2.115250994376547,83115c8892c0d7a4e0fb511aea16b8670ccd8dab8e059c2ebf19003ffb249617
outscores_pregame_favourite,0022500926,2026-03-09,Cam Thomas,Ryan Rollins,1,0.2737206984788192,40,2.115250994376547,83115c8892c0d7a4e0fb511aea16b8670ccd8dab8e059c2ebf19003ffb249617
outscores_pregame_favourite,0022500926,2026-03-09,Desmond Bane,Ryan Rollins,1,0.23217963874644829,40,2.115250994376547,83115c8892c0d7a4e0fb511aea16b8670ccd8dab8e059c2ebf19003ffb249617
outscores_pregame_favourite,0022500926,2026-03-09,Jalen Suggs,Ryan Rollins,1,0.5004397737338678,40,2.115250994376547,83115c8892c0d7a4e0fb511aea16b8670ccd8dab8e059c2ebf19003ffb249617
outscores_pregame_favourite,0022500926,2026-03-09,Jericho Sims,Ryan Rollins,0,0.1517024385531231,40,0.1285188508009783,83115c8892c0d7a4e0fb511aea16b8670ccd8dab8e059c2ebf19003ffb249617
outscores_pregame_favourite,0022500926,2026-03-09,Jevon Carter,Ryan Rollins,0,0.2947257149649914,40,0.1285188508009783,83115c8892c0d7a4e0fb511aea16b8670ccd8dab8e059c2ebf19003ffb249617
outscores_pregame_favourite,0022500926,2026-03-09,Myles Turner,Ryan Rollins,0,1.0884541877763183,40,0.1285188508009783,83115c8892c0d7a4e0fb511aea16b8670ccd8dab8e059c2ebf19003ffb249617
outscores_pregame_favourite,0022500926,2026-03-09,Ousmane Dieng,Ryan Rollins,0,0.25537643279716565,40,0.1285188508009783,83115c8892c0d7a4e0fb511aea16b8670ccd8dab8e059c2ebf19003ffb249617
outscores_pregame_favourite,0022500926,2026-03-09,Paolo Banchero,Ryan Rollins,1,0.1621449799458706,40,2.115250994376547,83115c8892c0d7a4e0fb511aea16b8670ccd8dab8e059c2ebf19003ffb249617
outscores_pregame_favourite,0022500926,2026-03-09,Tristan da Silva,Ryan Rollins,0,0.49288003309723344,40,0.1285188508009783,83115c8892c0d7a4e0fb511aea16b8670ccd8dab8e059c2ebf19003ffb249617
outscores_pregame_favourite,0022500926,2026-03-09,Wendell Carter Jr,Ryan Rollins,0,0.6869478485746542,40,0.1285188508009783,83115c8892c0d7a4e0fb511aea16b8670ccd8dab8e059c2ebf19003ffb249617
outscores_pregame_favourite,0022500927,2026-03-09,Alperen Sengun,Kevin Durant,0,0.2745161551806064,40,0.1285188508009783,83115c8892c0d7a4e0fb511aea16b8670ccd8dab8e059c2ebf19003ffb249617
outscores_pregame_favourite,0022500927,2026-03-09,Amen Thompson,Kevin Durant,0,0.09264188465525595,40,0.1285188508009783,83115c8892c0d7a4e0fb511aea16b8670ccd8dab8e059c2ebf19003ffb249617
outscores_pregame_favourite,0022500927,2026-03-09,Carter Bryant,Kevin Durant,0,0.0012763243596047896,40,0.1285188508009783,83115c8892c0d7a4e0fb511aea16b8670ccd8dab8e059c2ebf19003ffb249617
outscores_pregame_favourite,0022500927,2026-03-09,Clint Capela,Kevin Durant,0,0.014292576263246912,40,0.1285188508009783,83115c8892c0d7a4e0fb511aea16b8670ccd8dab8e059c2ebf19003ffb249617
outscores_pregame_favourite,0022500927,2026-03-09,De'Aaron Fox,Kevin Durant,0,0.44643816129821556,40,0.1285188508009783,83115c8892c0d7a4e0fb511aea16b8670ccd8dab8e059c2ebf19003ffb249617
outscores_pregame_favourite,0022500927,2026-03-09,Devin Vassell,Kevin Durant,0,0.17095779814363954,40,0.1285188508009783,83115c8892c0d7a4e0fb511aea16b8670ccd8dab8e059c2ebf19003ffb249617
outscores_pregame_favourite,0022500927,2026-03-09,Dorian Finney-Smith,Kevin Durant,0,0.012739025777429714,40,0.1285188508009783,83115c8892c0d7a4e0fb511aea16b8670ccd8dab8e059c2ebf19003ffb249617
outscores_pregame_favourite,0022500927,2026-03-09,Dylan Harper,Kevin Durant,0,0.041570410306273335,40,0.1285188508009783,83115c8892c0d7a4e0fb511aea16b8670ccd8dab8e059c2ebf19003ffb249617
outscores_pregame_favourite,0022500927,2026-03-09,Jabari Smith Jr,Kevin Durant,0,0.07862945687256784,40,0.1285188508009783,83115c8892c0d7a4e0fb511aea16b8670ccd8dab8e059c2ebf19003ffb249617
outscores_pregame_favourite,0022500927,2026-03-09,Julian Champagnie,Kevin Durant,0,0.03441894309382231,40,0.1285188508009783,83115c8892c0d7a4e0fb511aea16b8670ccd8dab8e059c2ebf19003ffb249617
outscores_pregame_favourite,0022500927,2026-03-09,Keldon Johnson,Kevin Durant,0,0.09243056766938665,40,0.1285188508009783,83115c8892c0d7a4e0fb511aea16b8670ccd8dab8e059c2ebf19003ffb249617
outscores_pregame_favourite,0022500927,2026-03-09,Luke Kornet,Kevin Durant,0,0.007804917669384091,40,0.1285188508009783,83115c8892c0d7a4e0fb511aea16b8670ccd8dab8e059c2ebf19003ffb249617
outscores_pregame_favourite,0022500927,2026-03-09,Reed Sheppard,Kevin Durant,0,0.05034211970937393,40,0.1285188508009783,83115c8892c0d7a4e0fb511aea16b8670ccd8dab8e059c2ebf19003ffb249617
outscores_pregame_favourite,0022500927,2026-03-09,Stephon Castle,Kevin Durant,0,0.11975622415568739,40,0.1285188508009783,83115c8892c0d7a4e0fb511aea16b8670ccd8dab8e059c2ebf19003ffb249617
outscores_pregame_favourite,0022500927,2026-03-09,Tari Eason,Kevin Durant,0,0.0470060423759306,40,0.1285188508009783,83115c8892c0d7a4e0fb511aea16b8670ccd8dab8e059c2ebf19003ffb249617
outscores_pregame_favourite,0022500927,2026-03-09,Victor Wembanyama,Kevin Durant,1,1.0796298377558196,40,2.115250994376547,83115c8892c0d7a4e0fb511aea16b8670ccd8dab8e059c2ebf19003ffb249617
outscores_pregame_favourite,0022500928,2026-03-09,Amir Coffey,Devin Booker,0,0.028611301276927195,40,0.1285188508009783,83115c8892c0d7a4e0fb511aea16b8670ccd8dab8e059c2ebf19003ffb249617
outscores_pregame_favourite,0022500928,2026-03-09,Brandon Miller,Devin Booker,0,0.3122585229888456,40,0.1285188508009783,83115c8892c0d7a4e0fb511aea16b8670ccd8dab8e059c2ebf19003ffb249617
outscores_pregame_favourite,0022500928,2026-03-09,Coby White,Devin Booker,0,0.32548302276618135,40,0.1285188508009783,83115c8892c0d7a4e0fb511aea16b8670ccd8dab8e059c2ebf19003ffb249617
outscores_pregame_favourite,0022500928,2026-03-09,Collin Gillespie,Devin Booker,0,0.06651600211784765,40,0.1285188508009783,83115c8892c0d7a4e0fb511aea16b8670ccd8dab8e059c2ebf19003ffb249617
outscores_pregame_favourite,0022500928,2026-03-09,Grant Williams,Devin Booker,0,0.06122156287531346,40,0.1285188508009783,83115c8892c0d7a4e0fb511aea16b8670ccd8dab8e059c2ebf19003ffb249617
outscores_pregame_favourite,0022500928,2026-03-09,Jalen Green,Devin Booker,0,0.37088371661202435,40,0.1285188508009783,83115c8892c0d7a4e0fb511aea16b8670ccd8dab8e059c2ebf19003ffb249617
outscores_pregame_favourite,0022500928,2026-03-09,Khaman Maluach,Devin Booker,0,0.0005640688313515959,40,0.1285188508009783,83115c8892c0d7a4e0fb511aea16b8670ccd8dab8e059c2ebf19003ffb249617
outscores_pregame_favourite,0022500928,2026-03-09,Kon Knueppel,Devin Booker,0,0.31289278080117827,40,0.1285188508009783,83115c8892c0d7a4e0fb511aea16b8670ccd8dab8e059c2ebf19003ffb249617
outscores_pregame_favourite,0022500928,2026-03-09,LaMelo Ball,Devin Booker,0,0.4653077828366064,40,0.1285188508009783,83115c8892c0d7a4e0fb511aea16b8670ccd8dab8e059c2ebf19003ffb249617
outscores_pregame_favourite,0022500928,2026-03-09,Miles Bridges,Devin Booker,0,0.3284126968774045,40,0.1285188508009783,83115c8892c0d7a4e0fb511aea16b8670ccd8dab8e059c2ebf19003ffb249617
outscores_pregame_favourite,0022500928,2026-03-09,Moussa Diabate,Devin Booker,0,0.019113155688367117,40,0.1285188508009783,83115c8892c0d7a4e0fb511aea16b8670ccd8dab8e059c2ebf19003ffb249617
outscores_pregame_favourite,0022500928,2026-03-09,Oso Ighodaro,Devin Booker,0,0.00818279369794615,40,0.1285188508009783,83115c8892c0d7a4e0fb511aea16b8670ccd8dab8e059c2ebf19003ffb249617
outscores_pregame_favourite,0022500928,2026-03-09,Royce O'Neale,Devin Booker,0,0.03814246857045588,40,0.1285188508009783,83115c8892c0d7a4e0fb511aea16b8670ccd8dab8e059c2ebf19003ffb249617
outscores_pregame_favourite,0022500928,2026-03-09,Ryan Dunn,Devin Booker,0,0.018716577585611214,40,0.1285188508009783,83115c8892c0d7a4e0fb511aea16b8670ccd8dab8e059c2ebf19003ffb249617
outscores_pregame_favourite,0022500928,2026-03-09,Ryan Kalkbrenner,Devin Booker,0,0.0184897243483707,40,0.1285188508009783,83115c8892c0d7a4e0fb511aea16b8670ccd8dab8e059c2ebf19003ffb249617
outscores_pregame_favourite,0022500929,2026-03-09,Aaron Nesmith,Pascal Siakam,0,0.14603554860826742,40,0.1285188508009783,83115c8892c0d7a4e0fb511aea16b8670ccd8dab8e059c2ebf19003ffb249617
outscores_pregame_favourite,0022500929,2026-03-09,Andrew Nembhard,Pascal Siakam,0,0.13655940402216374,40,0.1285188508009783,83115c8892c0d7a4e0fb511aea16b8670ccd8dab8e059c2ebf19003ffb249617
outscores_pregame_favourite,0022500929,2026-03-09,Ben Sheppard,Pascal Siakam,0,0.014530833367081098,40,0.1285188508009783,83115c8892c0d7a4e0fb511aea16b8670ccd8dab8e059c2ebf19003ffb249617
outscores_pregame_favourite,0022500929,2026-03-09,Deni Avdija,Pascal Siakam,0,0.40586811970936193,40,0.1285188508009783,83115c8892c0d7a4e0fb511aea16b8670ccd8dab8e059c2ebf19003ffb249617
outscores_pregame_favourite,0022500929,2026-03-09,Donovan Clingan,Pascal Siakam,0,0.07101954317087827,40,0.1285188508009783,83115c8892c0d7a4e0fb511aea16b8670ccd8dab8e059c2ebf19003ffb249617
outscores_pregame_favourite,0022500929,2026-03-09,Jarace Walker,Pascal Siakam,0,0.05117395552470824,40,0.1285188508009783,83115c8892c0d7a4e0fb511aea16b8670ccd8dab8e059c2ebf19003ffb249617
outscores_pregame_favourite,0022500929,2026-03-09,Jay Huff,Pascal Siakam,0,0.0503560153250609,40,0.1285188508009783,83115c8892c0d7a4e0fb511aea16b8670ccd8dab8e059c2ebf19003ffb249617
outscores_pregame_favourite,0022500929,2026-03-09,Jerami Grant,Pascal Siakam,0,0.42526677663203294,40,0.1285188508009783,83115c8892c0d7a4e0fb511aea16b8670ccd8dab8e059c2ebf19003ffb249617
outscores_pregame_favourite,0022500929,2026-03-09,Jrue Holiday,Pascal Siakam,0,0.15384952036104593,40,0.1285188508009783,83115c8892c0d7a4e0fb511aea16b8670ccd8dab8e059c2ebf19003ffb249617
outscores_pregame_favourite,0022500929,2026-03-09,Scoot Henderson,Pascal Siakam,1,1.8289740327804862,40,2.115250994376547,83115c8892c0d7a4e0fb511aea16b8670ccd8dab8e059c2ebf19003ffb249617
outscores_pregame_favourite,0022500929,2026-03-09,T.J. McConnell,Pascal Siakam,0,0.06322372557546009,40,0.1285188508009783,83115c8892c0d7a4e0fb511aea16b8670ccd8dab8e059c2ebf19003ffb249617
outscores_pregame_favourite,0022500929,2026-03-09,Toumani Camara,Pascal Siakam,0,0.094414354760329,40,0.1285188508009783,83115c8892c0d7a4e0fb511aea16b8670ccd8dab8e059c2ebf19003ffb249617
outscores_pregame_favourite,0022500929,2026-03-09,Vit Krejci,Pascal Siakam,0,0.06553450981701259,40,0.1285188508009783,83115c8892c0d7a4e0fb511aea16b8670ccd8dab8e059c2ebf19003ffb249617
outscores_pregame_favourite,0022500930,2026-03-09,Collin Sexton,Matas Buzelis,1,0.33637786035749917,40,2.115250994376547,83115c8892c0d7a4e0fb511aea16b8670ccd8dab8e059c2ebf19003ffb249617
outscores_pregame_favourite,0022500930,2026-03-09,Devin Carter,Matas Buzelis,0,0.2220762383892707,40,0.1285188508009783,83115c8892c0d7a4e0fb511aea16b8670ccd8dab8e059c2ebf19003ffb249617
outscores_pregame_favourite,0022500930,2026-03-09,Guerschon Yabusele,Matas Buzelis,0,0.4262042782551898,40,0.1285188508009783,83115c8892c0d7a4e0fb511aea16b8670ccd8dab8e059c2ebf19003ffb249617
outscores_pregame_favourite,0022500930,2026-03-09,Isaac Okoro,Matas Buzelis,0,0.4244969453420007,40,0.1285188508009783,83115c8892c0d7a4e0fb511aea16b8670ccd8dab8e059c2ebf19003ffb249617
outscores_pregame_favourite,0022500930,2026-03-09,Jalen Smith,Matas Buzelis,0,0.5022280352509029,40,0.1285188508009783,83115c8892c0d7a4e0fb511aea16b8670ccd8dab8e059c2ebf19003ffb249617
outscores_pregame_favourite,0022500930,2026-03-09,Josh Giddey,Matas Buzelis,0,0.8939407850327108,40,0.1285188508009783,83115c8892c0d7a4e0fb511aea16b8670ccd8dab8e059c2ebf19003ffb249617
outscores_pregame_favourite,0022500930,2026-03-09,Malik Monk,Matas Buzelis,1,0.4777651675625869,40,2.115250994376547,83115c8892c0d7a4e0fb511aea16b8670ccd8dab8e059c2ebf19003ffb249617
outscores_pregame_favourite,0022500930,2026-03-09,Maxime Raynaud,Matas Buzelis,1,0.808449643470938,40,2.115250994376547,83115c8892c0d7a4e0fb511aea16b8670ccd8dab8e059c2ebf19003ffb249617
outscores_pregame_favourite,0022500930,2026-03-09,Nique Clifford,Matas Buzelis,0,0.35366138063346797,40,0.1285188508009783,83115c8892c0d7a4e0fb511aea16b8670ccd8dab8e059c2ebf19003ffb249617
outscores_pregame_favourite,0022500930,2026-03-09,Patrick Williams,Matas Buzelis,0,0.4444216622956927,40,0.1285188508009783,83115c8892c0d7a4e0fb511aea16b8670ccd8dab8e059c2ebf19003ffb249617
outscores_pregame_favourite,0022500930,2026-03-09,Precious Achiuwa,Matas Buzelis,0,0.37737425995188245,40,0.1285188508009783,83115c8892c0d7a4e0fb511aea16b8670ccd8dab8e059c2ebf19003ffb249617
outscores_pregame_favourite,0022500930,2026-03-09,Russell Westbrook,Matas Buzelis,1,0.6003883949335705,40,2.115250994376547,83115c8892c0d7a4e0fb511aea16b8670ccd8dab8e059c2ebf19003ffb249617
outscores_pregame_favourite,0022500930,2026-03-09,Tre Jones,Matas Buzelis,0,0.5333856969584453,40,0.1285188508009783,83115c8892c0d7a4e0fb511aea16b8670ccd8dab8e059c2ebf19003ffb249617
outscores_pregame_favourite,0022501016,2026-03-20,Ben Saraf,Jalen Brunson,0,0.014742281737203431,44,0.13287328137997342,83115c8892c0d7a4e0fb511aea16b8670ccd8dab8e059c2ebf19003ffb249617
outscores_pregame_favourite,0022501016,2026-03-20,Danny Wolf,Jalen Brunson,0,0.04291315870389969,44,0.13287328137997342,83115c8892c0d7a4e0fb511aea16b8670ccd8dab8e059c2ebf19003ffb249617
outscores_pregame_favourite,0022501016,2026-03-20,Drake Powell,Jalen Brunson,0,0.018827493137973446,44,0.13287328137997342,83115c8892c0d7a4e0fb511aea16b8670ccd8dab8e059c2ebf19003ffb249617
outscores_pregame_favourite,0022501016,2026-03-20,Jordan Clarkson,Jalen Brunson,0,0.14413264945438445,44,0.13287328137997342,83115c8892c0d7a4e0fb511aea16b8670ccd8dab8e059c2ebf19003ffb249617
outscores_pregame_favourite,0022501016,2026-03-20,Jose Alvarado,Jalen Brunson,0,0.04109104075298879,44,0.13287328137997342,83115c8892c0d7a4e0fb511aea16b8670ccd8dab8e059c2ebf19003ffb249617
outscores_pregame_favourite,0022501016,2026-03-20,Josh Minott,Jalen Brunson,1,4.275690984857849,44,2.0840604875361306,83115c8892c0d7a4e0fb511aea16b8670ccd8dab8e059c2ebf19003ffb249617
outscores_pregame_favourite,0022501016,2026-03-20,Karl-Anthony Towns,Jalen Brunson,1,1.1384954532707747,44,2.0840604875361306,83115c8892c0d7a4e0fb511aea16b8670ccd8dab8e059c2ebf19003ffb249617
outscores_pregame_favourite,0022501016,2026-03-20,Landry Shamet,Jalen Brunson,0,0.03799498383025031,44,0.13287328137997342,83115c8892c0d7a4e0fb511aea16b8670ccd8dab8e059c2ebf19003ffb249617
outscores_pregame_favourite,0022501016,2026-03-20,Mikal Bridges,Jalen Brunson,0,0.2151934514449154,44,0.13287328137997342,83115c8892c0d7a4e0fb511aea16b8670ccd8dab8e059c2ebf19003ffb249617
outscores_pregame_favourite,0022501016,2026-03-20,Mitchell Robinson,Jalen Brunson,0,0.014842296739537124,44,0.13287328137997342,83115c8892c0d7a4e0fb511aea16b8670ccd8dab8e059c2ebf19003ffb249617
outscores_pregame_favourite,0022501016,2026-03-20,Mohamed Diawara,Jalen Brunson,0,0.010653690010941862,44,0.13287328137997342,83115c8892c0d7a4e0fb511aea16b8670ccd8dab8e059c2ebf19003ffb249617
outscores_pregame_favourite,0022501016,2026-03-20,Nolan Traore,Jalen Brunson,0,0.04003188217033,44,0.13287328137997342,83115c8892c0d7a4e0fb511aea16b8670ccd8dab8e059c2ebf19003ffb249617
outscores_pregame_favourite,0022501016,2026-03-20,OG Anunoby,Jalen Brunson,0,0.20004410342116336,44,0.13287328137997342,83115c8892c0d7a4e0fb511aea16b8670ccd8dab8e059c2ebf19003ffb249617
outscores_pregame_favourite,0022501016,2026-03-20,Ziaire Williams,Jalen Brunson,0,0.05264129202254623,44,0.13287328137997342,83115c8892c0d7a4e0fb511aea16b8670ccd8dab8e059c2ebf19003ffb249617
outscores_pregame_favourite,0022501017,2026-03-20,Ausar Thompson,Jalen Duren,0,0.28561221401550435,44,0.13287328137997342,83115c8892c0d7a4e0fb511aea16b8670ccd8dab8e059c2ebf19003ffb249617
outscores_pregame_favourite,0022501017,2026-03-20,Brandin Podziemski,Jalen Duren,0,0.3975529789202151,44,0.13287328137997342,83115c8892c0d7a4e0fb511aea16b8670ccd8dab8e059c2ebf19003ffb249617
outscores_pregame_favourite,0022501017,2026-03-20,Caris LeVert,Jalen Duren,0,0.4142512917976274,44,0.13287328137997342,83115c8892c0d7a4e0fb511aea16b8670ccd8dab8e059c2ebf19003ffb249617
outscores_pregame_favourite,0022501017,2026-03-20,Daniss Jenkins,Jalen Duren,0,0.19423800652056847,44,0.13287328137997342,83115c8892c0d7a4e0fb511aea16b8670ccd8dab8e059c2ebf19003ffb249617
outscores_pregame_favourite,0022501017,2026-03-20,De'Anthony Melton,Jalen Duren,0,0.44739056069688266,44,0.13287328137997342,83115c8892c0d7a4e0fb511aea16b8670ccd8dab8e059c2ebf19003ffb249617
outscores_pregame_favourite,0022501017,2026-03-20,Draymond Green,Jalen Duren,0,0.2401050532973943,44,0.13287328137997342,83115c8892c0d7a4e0fb511aea16b8670ccd8dab8e059c2ebf19003ffb249617
outscores_pregame_favourite,0022501017,2026-03-20,Duncan Robinson,Jalen Duren,0,0.46010641516262096,44,0.13287328137997342,83115c8892c0d7a4e0fb511aea16b8670ccd8dab8e059c2ebf19003ffb249617
outscores_pregame_favourite,0022501017,2026-03-20,Gary Payton II,Jalen Duren,0,0.14366630644514752,44,0.13287328137997342,83115c8892c0d7a4e0fb511aea16b8670ccd8dab8e059c2ebf19003ffb249617
outscores_pregame_favourite,0022501017,2026-03-20,Gui Santos,Jalen Duren,0,0.15316087473803447,44,0.13287328137997342,83115c8892c0d7a4e0fb511aea16b8670ccd8dab8e059c2ebf19003ffb249617
outscores_pregame_favourite,0022501017,2026-03-20,Kristaps Porzingis,Jalen Duren,0,1.1541266413074915,44,0.13287328137997342,83115c8892c0d7a4e0fb511aea16b8670ccd8dab8e059c2ebf19003ffb249617
outscores_pregame_favourite,0022501017,2026-03-20,Pat Spencer,Jalen Duren,0,0.11965920881461135,44,0.13287328137997342,83115c8892c0d7a4e0fb511aea16b8670ccd8dab8e059c2ebf19003ffb249617
outscores_pregame_favourite,0022501017,2026-03-20,Tobias Harris,Jalen Duren,0,0.6696998076178478,44,0.13287328137997342,83115c8892c0d7a4e0fb511aea16b8670ccd8dab8e059c2ebf19003ffb249617
outscores_pregame_favourite,0022501017,2026-03-20,Will Richard,Jalen Duren,0,0.16581751470356354,44,0.13287328137997342,83115c8892c0d7a4e0fb511aea16b8670ccd8dab8e059c2ebf19003ffb249617
outscores_pregame_favourite,0022501018,2026-03-21,Alperen Sengun,Kevin Durant,0,0.2790248762406451,49,0.1367110455419023,83115c8892c0d7a4e0fb511aea16b8670ccd8dab8e059c2ebf19003ffb249617
outscores_pregame_favourite,0022501018,2026-03-21,Amen Thompson,Kevin Durant,0,0.10182509194109378,49,0.1367110455419023,83115c8892c0d7a4e0fb511aea16b8670ccd8dab8e059c2ebf19003ffb249617
outscores_pregame_favourite,0022501018,2026-03-21,C.J. McCollum,Kevin Durant,0,0.28622814570760097,49,0.1367110455419023,83115c8892c0d7a4e0fb511aea16b8670ccd8dab8e059c2ebf19003ffb249617
outscores_pregame_favourite,0022501018,2026-03-21,Corey Kispert,Kevin Durant,0,0.058671348477107345,49,0.1367110455419023,83115c8892c0d7a4e0fb511aea16b8670ccd8dab8e059c2ebf19003ffb249617
outscores_pregame_favourite,0022501018,2026-03-21,Dyson Daniels,Kevin Durant,0,0.04464993634973268,49,0.1367110455419023,83115c8892c0d7a4e0fb511aea16b8670ccd8dab8e059c2ebf19003ffb249617
outscores_pregame_favourite,0022501018,2026-03-21,Jabari Smith Jr,Kevin Durant,0,0.08370122391007674,49,0.1367110455419023,83115c8892c0d7a4e0fb511aea16b8670ccd8dab8e059c2ebf19003ffb249617
outscores_pregame_favourite,0022501018,2026-03-21,Jalen Johnson,Kevin Durant,0,0.2624839894883837,49,0.1367110455419023,83115c8892c0d7a4e0fb511aea16b8670ccd8dab8e059c2ebf19003ffb249617
outscores_pregame_favourite,0022501018,2026-03-21,Jock Landale,Kevin Durant,0,0.01936955276965966,49,0.1367110455419023,83115c8892c0d7a4e0fb511aea16b8670ccd8dab8e059c2ebf19003ffb249617
outscores_pregame_favourite,0022501018,2026-03-21,Nickeil Alexander-Walker,Kevin Durant,0,0.09031192994687927,49,0.1367110455419023,83115c8892c0d7a4e0fb511aea16b8670ccd8dab8e059c2ebf19003ffb249617
outscores_pregame_favourite,0022501018,2026-03-21,Onyeka Okongwu,Kevin Durant,0,0.08072114694359625,49,0.1367110455419023,83115c8892c0d7a4e0fb511aea16b8670ccd8dab8e059c2ebf19003ffb249617
outscores_pregame_favourite,0022501018,2026-03-21,Reed Sheppard,Kevin Durant,0,0.05094595155668777,49,0.1367110455419023,83115c8892c0d7a4e0fb511aea16b8670ccd8dab8e059c2ebf19003ffb249617
outscores_pregame_favourite,0022501018,2026-03-21,Tari Eason,Kevin Durant,0,0.04683184657941529,49,0.1367110455419023,83115c8892c0d7a4e0fb511aea16b8670ccd8dab8e059c2ebf19003ffb249617
outscores_pregame_favourite,0022501018,2026-03-21,Zaccharie Risacher,Kevin Durant,0,0.06120282639940002,49,0.1367110455419023,83115c8892c0d7a4e0fb511aea16b8670ccd8dab8e059c2ebf19003ffb249617
outscores_pregame_favourite,0022501019,2026-03-21,Baylor Scheierman,Jaylen Brown,0,0.01786442585104493,49,0.1367110455419023,83115c8892c0d7a4e0fb511aea16b8670ccd8dab8e059c2ebf19003ffb249617
outscores_pregame_favourite,0022501019,2026-03-21,Cam Spencer,Jaylen Brown,0,0.07825418457812988,49,0.1367110455419023,83115c8892c0d7a4e0fb511aea16b8670ccd8dab8e059c2ebf19003ffb249617
outscores_pregame_favourite,0022501019,2026-03-21,Derrick White,Jaylen Brown,0,0.23387474748810902,49,0.1367110455419023,83115c8892c0d7a4e0fb511aea16b8670ccd8dab8e059c2ebf19003ffb249617
outscores_pregame_favourite,0022501019,2026-03-21,Jaylen Wells,Jaylen Brown,0,0.09649921533944934,49,0.1367110455419023,83115c8892c0d7a4e0fb511aea16b8670ccd8dab8e059c2ebf19003ffb249617
outscores_pregame_favourite,0022501019,2026-03-21,Jayson Tatum,Jaylen Brown,0,0.8065622393676123,49,0.1367110455419023,83115c8892c0d7a4e0fb511aea16b8670ccd8dab8e059c2ebf19003ffb249617
outscores_pregame_favourite,0022501019,2026-03-21,Neemias Queta,Jaylen Brown,0,0.03224296383062157,49,0.1367110455419023,83115c8892c0d7a4e0fb511aea16b8670ccd8dab8e059c2ebf19003ffb249617
outscores_pregame_favourite,0022501019,2026-03-21,Olivier-Maxence Prosper,Jaylen Brown,0,0.030086090554863356,49,0.1367110455419023,83115c8892c0d7a4e0fb511aea16b8670ccd8dab8e059c2ebf19003ffb249617
outscores_pregame_favourite,0022501019,2026-03-21,Payton Pritchard,Jaylen Brown,0,0.18069707918946537,49,0.1367110455419023,83115c8892c0d7a4e0fb511aea16b8670ccd8dab8e059c2ebf19003ffb249617
outscores_pregame_favourite,0022501019,2026-03-21,Sam Hauser,Jaylen Brown,0,0.06093628006343116,49,0.1367110455419023,83115c8892c0d7a4e0fb511aea16b8670ccd8dab8e059c2ebf19003ffb249617
outscores_pregame_favourite,0022501019,2026-03-21,Taylor Hendricks,Jaylen Brown,0,0.036328841300682896,49,0.1367110455419023,83115c8892c0d7a4e0fb511aea16b8670ccd8dab8e059c2ebf19003ffb249617
outscores_pregame_favourite,0022501019,2026-03-21,Ty Jerome,Jaylen Brown,0,0.16328224088598628,49,0.1367110455419023,83115c8892c0d7a4e0fb511aea16b8670ccd8dab8e059c2ebf19003ffb249617
outscores_pregame_favourite,0022501019,2026-03-21,Walter Clayton Jr.,Jaylen Brown,0,0.02688333939344053,49,0.1367110455419023,83115c8892c0d7a4e0fb511aea16b8670ccd8dab8e059c2ebf19003ffb249617
outscores_pregame_favourite,0022501020,2026-03-21,Ayo Dosunmu,Julius Randle,0,0.21640951913286569,49,0.1367110455419023,83115c8892c0d7a4e0fb511aea16b8670ccd8dab8e059c2ebf19003ffb249617
outscores_pregame_favourite,0022501020,2026-03-21,Bones Hyland,Julius Randle,0,0.08080359373616772,49,0.1367110455419023,83115c8892c0d7a4e0fb511aea16b8670ccd8dab8e059c2ebf19003ffb249617
outscores_pregame_favourite,0022501020,2026-03-21,Deni Avdija,Julius Randle,1,0.9884147609114703,49,2.0574626349610607,83115c8892c0d7a4e0fb511aea16b8670ccd8dab8e059c2ebf19003ffb249617
outscores_pregame_favourite,0022501020,2026-03-21,Donovan Clingan,Julius Randle,1,2.2671831659431296,49,2.0574626349610607,83115c8892c0d7a4e0fb511aea16b8670ccd8dab8e059c2ebf19003ffb249617
outscores_pregame_favourite,0022501020,2026-03-21,Donte DiVincenzo,Julius Randle,0,0.23511056981618628,49,0.1367110455419023,83115c8892c0d7a4e0fb511aea16b8670ccd8dab8e059c2ebf19003ffb249617
outscores_pregame_favourite,0022501020,2026-03-21,Jaden McDaniels,Julius Randle,0,0.19458046709476629,49,0.1367110455419023,83115c8892c0d7a4e0fb511aea16b8670ccd8dab8e059c2ebf19003ffb249617
outscores_pregame_favourite,0022501020,2026-03-21,Jerami Grant,Julius Randle,1,0.9660709238844816,49,2.0574626349610607,83115c8892c0d7a4e0fb511aea16b8670ccd8dab8e059c2ebf19003ffb249617
outscores_pregame_favourite,0022501020,2026-03-21,Jrue Holiday,Julius Randle,0,0.20303748600138782,49,0.1367110455419023,83115c8892c0d7a4e0fb511aea16b8670ccd8dab8e059c2ebf19003ffb249617
outscores_pregame_favourite,0022501020,2026-03-21,Kris Murray,Julius Randle,0,0.03144756271411459,49,0.1367110455419023,83115c8892c0d7a4e0fb511aea16b8670ccd8dab8e059c2ebf19003ffb249617
outscores_pregame_favourite,0022501020,2026-03-21,Kyle Anderson,Julius Randle,0,0.032840106928195806,49,0.1367110455419023,83115c8892c0d7a4e0fb511aea16b8670ccd8dab8e059c2ebf19003ffb249617
outscores_pregame_favourite,0022501020,2026-03-21,Rudy Gobert,Julius Randle,0,0.1762107873192735,49,0.1367110455419023,83115c8892c0d7a4e0fb511aea16b8670ccd8dab8e059c2ebf19003ffb249617
outscores_pregame_favourite,0022501020,2026-03-21,Scoot Henderson,Julius Randle,0,0.22885215057756572,49,0.1367110455419023,83115c8892c0d7a4e0fb511aea16b8670ccd8dab8e059c2ebf19003ffb249617
outscores_pregame_favourite,0022501020,2026-03-21,Toumani Camara,Julius Randle,0,0.1291134095782959,49,0.1367110455419023,83115c8892c0d7a4e0fb511aea16b8670ccd8dab8e059c2ebf19003ffb249617
outscores_pregame_favourite,0022501021,2026-03-21,Aaron Gordon,Nikola Jokic,0,0.12179325884596083,49,0.1367110455419023,83115c8892c0d7a4e0fb511aea16b8670ccd8dab8e059c2ebf19003ffb249617
outscores_pregame_favourite,0022501021,2026-03-21,Brandon Ingram,Nikola Jokic,0,0.32445266980519616,49,0.1367110455419023,83115c8892c0d7a4e0fb511aea16b8670ccd8dab8e059c2ebf19003ffb249617
outscores_pregame_favourite,0022501021,2026-03-21,Bruce Brown,Nikola Jokic,0,0.03812934054421371,49,0.1367110455419023,83115c8892c0d7a4e0fb511aea16b8670ccd8dab8e059c2ebf19003ffb249617
outscores_pregame_favourite,0022501021,2026-03-21,Cameron Johnson,Nikola Jokic,0,0.12261650098745228,49,0.1367110455419023,83115c8892c0d7a4e0fb511aea16b8670ccd8dab8e059c2ebf19003ffb249617
outscores_pregame_favourite,0022501021,2026-03-21,Christian Braun,Nikola Jokic,0,0.06960355852883131,49,0.1367110455419023,83115c8892c0d7a4e0fb511aea16b8670ccd8dab8e059c2ebf19003ffb249617
outscores_pregame_favourite,0022501021,2026-03-21,Immanuel Quickley,Nikola Jokic,0,0.1617580042809961,49,0.1367110455419023,83115c8892c0d7a4e0fb511aea16b8670ccd8dab8e059c2ebf19003ffb249617
outscores_pregame_favourite,0022501021,2026-03-21,Ja'Kobe Walter,Nikola Jokic,0,0.032161512955808054,49,0.1367110455419023,83115c8892c0d7a4e0fb511aea16b8670ccd8dab8e059c2ebf19003ffb249617
outscores_pregame_favourite,0022501021,2026-03-21,Jakob Poeltl,Nikola Jokic,1,2.6397983448399778,49,2.0574626349610607,83115c8892c0d7a4e0fb511aea16b8670ccd8dab8e059c2ebf19003ffb249617
outscores_pregame_favourite,0022501021,2026-03-21,Jamal Murray,Nikola Jokic,1,1.1689773302699427,49,2.0574626349610607,83115c8892c0d7a4e0fb511aea16b8670ccd8dab8e059c2ebf19003ffb249617
outscores_pregame_favourite,0022501021,2026-03-21,R.J. Barrett,Nikola Jokic,0,0.2491738637817952,49,0.1367110455419023,83115c8892c0d7a4e0fb511aea16b8670ccd8dab8e059c2ebf19003ffb249617
outscores_pregame_favourite,0022501021,2026-03-21,Sandro Mamukelashvili,Nikola Jokic,0,0.034820617879512225,49,0.1367110455419023,83115c8892c0d7a4e0fb511aea16b8670ccd8dab8e059c2ebf19003ffb249617
outscores_pregame_favourite,0022501021,2026-03-21,Scottie Barnes,Nikola Jokic,0,0.22043247296894722,49,0.1367110455419023,83115c8892c0d7a4e0fb511aea16b8670ccd8dab8e059c2ebf19003ffb249617
outscores_pregame_favourite,0022501021,2026-03-21,Spencer Jones,Nikola Jokic,0,0.019950786419348682,49,0.1367110455419023,83115c8892c0d7a4e0fb511aea16b8670ccd8dab8e059c2ebf19003ffb249617
outscores_pregame_favourite,0022501021,2026-03-21,Tim Hardaway Jr,Nikola Jokic,1,2.324048357644752,49,2.0574626349610607,83115c8892c0d7a4e0fb511aea16b8670ccd8dab8e059c2ebf19003ffb249617
outscores_pregame_favourite,0022501021,2026-03-21,Jamal Shead,Nikola Jokic,0,0.022313936503293483,49,0.1367110455419023,83115c8892c0d7a4e0fb511aea16b8670ccd8dab8e059c2ebf19003ffb249617
outscores_pregame_favourite,0022501106,2026-04-01,Andrew Wiggins,Jaylen Brown,0,0.20164462323158436,51,0.13448805585638626,83115c8892c0d7a4e0fb511aea16b8670ccd8dab8e059c2ebf19003ffb249617
outscores_pregame_favourite,0022501106,2026-04-01,Bam Adebayo,Jaylen Brown,0,0.31800346746971647,51,0.13448805585638626,83115c8892c0d7a4e0fb511aea16b8670ccd8dab8e059c2ebf19003ffb249617
outscores_pregame_favourite,0022501106,2026-04-01,Baylor Scheierman,Jaylen Brown,0,0.01792171658791859,51,0.13448805585638626,83115c8892c0d7a4e0fb511aea16b8670ccd8dab8e059c2ebf19003ffb249617
outscores_pregame_favourite,0022501106,2026-04-01,Davion Mitchell,Jaylen Brown,0,0.03151180978199436,51,0.13448805585638626,83115c8892c0d7a4e0fb511aea16b8670ccd8dab8e059c2ebf19003ffb249617
outscores_pregame_favourite,0022501106,2026-04-01,Derrick White,Jaylen Brown,0,0.2253158496588687,51,0.13448805585638626,83115c8892c0d7a4e0fb511aea16b8670ccd8dab8e059c2ebf19003ffb249617
outscores_pregame_favourite,0022501106,2026-04-01,Jaime Jaquez Jr,Jaylen Brown,0,0.11543708951924161,51,0.13448805585638626,83115c8892c0d7a4e0fb511aea16b8670ccd8dab8e059c2ebf19003ffb249617
outscores_pregame_favourite,0022501106,2026-04-01,Jayson Tatum,Jaylen Brown,0,0.7835658449724092,51,0.13448805585638626,83115c8892c0d7a4e0fb511aea16b8670ccd8dab8e059c2ebf19003ffb249617
outscores_pregame_favourite,0022501106,2026-04-01,Kel'el Ware,Jaylen Brown,0,0.08273470613030766,51,0.13448805585638626,83115c8892c0d7a4e0fb511aea16b8670ccd8dab8e059c2ebf19003ffb249617
outscores_pregame_favourite,0022501106,2026-04-01,Luka Garza,Jaylen Brown,0,0.02640612843565603,51,0.13448805585638626,83115c8892c0d7a4e0fb511aea16b8670ccd8dab8e059c2ebf19003ffb249617
outscores_pregame_favourite,0022501106,2026-04-01,Neemias Queta,Jaylen Brown,0,0.03262442611652066,51,0.13448805585638626,83115c8892c0d7a4e0fb511aea16b8670ccd8dab8e059c2ebf19003ffb249617
outscores_pregame_favourite,0022501106,2026-04-01,Payton Pritchard,Jaylen Brown,0,0.18308737973804481,51,0.13448805585638626,83115c8892c0d7a4e0fb511aea16b8670ccd8dab8e059c2ebf19003ffb249617
outscores_pregame_favourite,0022501106,2026-04-01,Pelle Larsson,Jaylen Brown,0,0.05438976697707632,51,0.13448805585638626,83115c8892c0d7a4e0fb511aea16b8670ccd8dab8e059c2ebf19003ffb249617
outscores_pregame_favourite,0022501106,2026-04-01,Sam Hauser,Jaylen Brown,0,0.05851747901244318,51,0.13448805585638626,83115c8892c0d7a4e0fb511aea16b8670ccd8dab8e059c2ebf19003ffb249617
outscores_pregame_favourite,0022501106,2026-04-01,Tyler Herro,Jaylen Brown,0,0.505986708125711,51,0.13448805585638626,83115c8892c0d7a4e0fb511aea16b8670ccd8dab8e059c2ebf19003ffb249617
outscores_pregame_favourite,0022501003,2026-04-02,Cam Spencer,Karl-Anthony Towns,0,0.1112830255662073,55,0.13353139262452263,83115c8892c0d7a4e0fb511aea16b8670ccd8dab8e059c2ebf19003ffb249617
outscores_pregame_favourite,0022501003,2026-04-02,Cedric Coward,Karl-Anthony Towns,0,0.1744960303231096,55,0.13353139262452263,83115c8892c0d7a4e0fb511aea16b8670ccd8dab8e059c2ebf19003ffb249617
outscores_pregame_favourite,0022501003,2026-04-02,G.G. Jackson,Karl-Anthony Towns,0,0.19440648134524355,55,0.13353139262452263,83115c8892c0d7a4e0fb511aea16b8670ccd8dab8e059c2ebf19003ffb249617
outscores_pregame_favourite,0022501003,2026-04-02,Jordan Clarkson,Karl-Anthony Towns,0,0.2383089078714533,55,0.13353139262452263,83115c8892c0d7a4e0fb511aea16b8670ccd8dab8e059c2ebf19003ffb249617
outscores_pregame_favourite,0022501003,2026-04-02,Jose Alvarado,Karl-Anthony Towns,0,0.07041122761386287,55,0.13353139262452263,83115c8892c0d7a4e0fb511aea16b8670ccd8dab8e059c2ebf19003ffb249617
outscores_pregame_favourite,0022501003,2026-04-02,Josh Hart,Karl-Anthony Towns,0,0.14691184348941372,55,0.13353139262452263,83115c8892c0d7a4e0fb511aea16b8670ccd8dab8e059c2ebf19003ffb249617
outscores_pregame_favourite,0022501003,2026-04-02,Mikal Bridges,Karl-Anthony Towns,1,1.1677140511008866,55,2.0794415416798357,83115c8892c0d7a4e0fb511aea16b8670ccd8dab8e059c2ebf19003ffb249617
outscores_pregame_favourite,0022501003,2026-04-02,OG Anunoby,Karl-Anthony Towns,1,1.2010049250524664,55,2.0794415416798357,83115c8892c0d7a4e0fb511aea16b8670ccd8dab8e059c2ebf19003ffb249617
outscores_pregame_favourite,0022501003,2026-04-02,Walter Clayton Jr.,Karl-Anthony Towns,0,0.045134506674030336,55,0.13353139262452263,83115c8892c0d7a4e0fb511aea16b8670ccd8dab8e059c2ebf19003ffb249617
outscores_pregame_favourite,0022501003,2026-04-02,Landry Shamet,Karl-Anthony Towns,0,0.06386543956627048,55,0.13353139262452263,83115c8892c0d7a4e0fb511aea16b8670ccd8dab8e059c2ebf19003ffb249617
outscores_pregame_favourite,0022501003,2026-04-02,Olivier-Maxence Prosper,Karl-Anthony Towns,0,0.05336209408280871,55,0.13353139262452263,83115c8892c0d7a4e0fb511aea16b8670ccd8dab8e059c2ebf19003ffb249617
outscores_pregame_favourite,0022501003,2026-04-02,Tyler Kolek,Karl-Anthony Towns,0,0.014395807113003364,55,0.13353139262452263,83115c8892c0d7a4e0fb511aea16b8670ccd8dab8e059c2ebf19003ffb249617
outscores_pregame_favourite,0022501110,2026-04-02,Reed Sheppard,Kevin Durant,1,2.9823720463874626,55,2.0794415416798357,83115c8892c0d7a4e0fb511aea16b8670ccd8dab8e059c2ebf19003ffb249617
outscores_pregame_favourite,0022501110,2026-04-02,A.J. Green,Kevin Durant,0,0.015394897581933919,55,0.13353139262452263,83115c8892c0d7a4e0fb511aea16b8670ccd8dab8e059c2ebf19003ffb249617
outscores_pregame_favourite,0022501110,2026-04-02,Alperen Sengun,Kevin Durant,1,1.4033257123340857,55,2.0794415416798357,83115c8892c0d7a4e0fb511aea16b8670ccd8dab8e059c2ebf19003ffb249617
outscores_pregame_favourite,0022501110,2026-04-02,Amen Thompson,Kevin Durant,0,0.1011347321282615,55,0.13353139262452263,83115c8892c0d7a4e0fb511aea16b8670ccd8dab8e059c2ebf19003ffb249617
outscores_pregame_favourite,0022501110,2026-04-02,Andre Jackson Jr,Kevin Durant,0,0.00026422018502337115,55,0.13353139262452263,83115c8892c0d7a4e0fb511aea16b8670ccd8dab8e059c2ebf19003ffb249617
outscores_pregame_favourite,0022501110,2026-04-02,Gary Trent Jr,Kevin Durant,0,0.057497587043299284,55,0.13353139262452263,83115c8892c0d7a4e0fb511aea16b8670ccd8dab8e059c2ebf19003ffb249617
outscores_pregame_favourite,0022501110,2026-04-02,Jabari Smith Jr,Kevin Durant,0,0.08337750983501266,55,0.13353139262452263,83115c8892c0d7a4e0fb511aea16b8670ccd8dab8e059c2ebf19003ffb249617
outscores_pregame_favourite,0022501110,2026-04-02,Jericho Sims,Kevin Durant,0,0.0009205560808419459,55,0.13353139262452263,83115c8892c0d7a4e0fb511aea16b8670ccd8dab8e059c2ebf19003ffb249617
outscores_pregame_favourite,0022501110,2026-04-02,Ousmane Dieng,Kevin Durant,1,4.819714051705984,55,2.0794415416798357,83115c8892c0d7a4e0fb511aea16b8670ccd8dab8e059c2ebf19003ffb249617
outscores_pregame_favourite,0022501110,2026-04-02,Tari Eason,Kevin Durant,0,0.04489513355921713,55,0.13353139262452263,83115c8892c0d7a4e0fb511aea16b8670ccd8dab8e059c2ebf19003ffb249617
outscores_pregame_favourite,0022501110,2026-04-02,Aaron Holiday,Kevin Durant,0,0.011662385187498537,55,0.13353139262452263,83115c8892c0d7a4e0fb511aea16b8670ccd8dab8e059c2ebf19003ffb249617
outscores_pregame_favourite,0022501110,2026-04-02,Clint Capela,Kevin Durant,0,0.014109625098677171,55,0.13353139262452263,83115c8892c0d7a4e0fb511aea16b8670ccd8dab8e059c2ebf19003ffb249617
outscores_pregame_favourite,0022501113,2026-04-02,Brandin Podziemski,Victor Wembanyama,0,0.12430324002892584,55,0.13353139262452263,83115c8892c0d7a4e0fb511aea16b8670ccd8dab8e059c2ebf19003ffb249617
outscores_pregame_favourite,0022501113,2026-04-02,De'Aaron Fox,Victor Wembanyama,0,0.6522330794074358,55,0.13353139262452263,83115c8892c0d7a4e0fb511aea16b8670ccd8dab8e059c2ebf19003ffb249617
outscores_pregame_favourite,0022501113,2026-04-02,Devin Vassell,Victor Wembanyama,0,0.3089389897980011,55,0.13353139262452263,83115c8892c0d7a4e0fb511aea16b8670ccd8dab8e059c2ebf19003ffb249617
outscores_pregame_favourite,0022501113,2026-04-02,Draymond Green,Victor Wembanyama,0,0.05299358075435773,55,0.13353139262452263,83115c8892c0d7a4e0fb511aea16b8670ccd8dab8e059c2ebf19003ffb249617
outscores_pregame_favourite,0022501113,2026-04-02,Dylan Harper,Victor Wembanyama,0,0.11865899523384364,55,0.13353139262452263,83115c8892c0d7a4e0fb511aea16b8670ccd8dab8e059c2ebf19003ffb249617
outscores_pregame_favourite,0022501113,2026-04-02,Harrison Barnes,Victor Wembanyama,0,0.12886951044518824,55,0.13353139262452263,83115c8892c0d7a4e0fb511aea16b8670ccd8dab8e059c2ebf19003ffb249617
outscores_pregame_favourite,0022501113,2026-04-02,Julian Champagnie,Victor Wembanyama,0,0.07894329145874034,55,0.13353139262452263,83115c8892c0d7a4e0fb511aea16b8670ccd8dab8e059c2ebf19003ffb249617
outscores_pregame_favourite,0022501113,2026-04-02,Keldon Johnson,Victor Wembanyama,0,0.19345176150680676,55,0.13353139262452263,83115c8892c0d7a4e0fb511aea16b8670ccd8dab8e059c2ebf19003ffb249617
outscores_pregame_favourite,0022501113,2026-04-02,Pat Spencer,Victor Wembanyama,0,0.028817868009909365,55,0.13353139262452263,83115c8892c0d7a4e0fb511aea16b8670ccd8dab8e059c2ebf19003ffb249617
outscores_pregame_favourite,0022501113,2026-04-02,Stephon Castle,Victor Wembanyama,0,0.2619659534618005,55,0.13353139262452263,83115c8892c0d7a4e0fb511aea16b8670ccd8dab8e059c2ebf19003ffb249617
outscores_pregame_favourite,0022501113,2026-04-02,Will Richard,Victor Wembanyama,0,0.045483138411936,55,0.13353139262452263,83115c8892c0d7a4e0fb511aea16b8670ccd8dab8e059c2ebf19003ffb249617
outscores_pregame_favourite,0022501174,2026-04-10,Derik Queen,Jaylen Brown,1,2.3333525341111536,58,2.096790180014449,83115c8892c0d7a4e0fb511aea16b8670ccd8dab8e059c2ebf19003ffb249617
outscores_pregame_favourite,0022501174,2026-04-10,Derrick White,Jaylen Brown,0,0.21746729985485044,58,0.13107740366295592,83115c8892c0d7a4e0fb511aea16b8670ccd8dab8e059c2ebf19003ffb249617
outscores_pregame_favourite,0022501174,2026-04-10,Jeremiah Fears,Jaylen Brown,1,2.1625511228819563,58,2.096790180014449,83115c8892c0d7a4e0fb511aea16b8670ccd8dab8e059c2ebf19003ffb249617
outscores_pregame_favourite,0022501174,2026-04-10,Jordan Poole,Jaylen Brown,0,0.30242336614738663,58,0.13107740366295592,83115c8892c0d7a4e0fb511aea16b8670ccd8dab8e059c2ebf19003ffb249617
outscores_pregame_favourite,0022501174,2026-04-10,Kevon Looney,Jaylen Brown,0,0.004938281640582566,58,0.13107740366295592,83115c8892c0d7a4e0fb511aea16b8670ccd8dab8e059c2ebf19003ffb249617
outscores_pregame_favourite,0022501174,2026-04-10,Micah Peavy,Jaylen Brown,0,0.011216119077543088,58,0.13107740366295592,83115c8892c0d7a4e0fb511aea16b8670ccd8dab8e059c2ebf19003ffb249617
outscores_pregame_favourite,0022501174,2026-04-10,Neemias Queta,Jaylen Brown,0,0.03527686578081625,58,0.13107740366295592,83115c8892c0d7a4e0fb511aea16b8670ccd8dab8e059c2ebf19003ffb249617
outscores_pregame_favourite,0022501174,2026-04-10,Payton Pritchard,Jaylen Brown,0,0.18040221763833794,58,0.13107740366295592,83115c8892c0d7a4e0fb511aea16b8670ccd8dab8e059c2ebf19003ffb249617
outscores_pregame_favourite,0022501174,2026-04-10,Sam Hauser,Jaylen Brown,1,2.8718170734766466,58,2.096790180014449,83115c8892c0d7a4e0fb511aea16b8670ccd8dab8e059c2ebf19003ffb249617
outscores_pregame_favourite,0022501178,2026-04-11,Alperen Sengun,Kevin Durant,0,0.2794730766684454,64,0.13201815147825544,83115c8892c0d7a4e0fb511aea16b8670ccd8dab8e059c2ebf19003ffb249617
outscores_pregame_favourite,0022501178,2026-04-11,Amen Thompson,Kevin Durant,1,2.334820911625376,64,2.0900988361538237,83115c8892c0d7a4e0fb511aea16b8670ccd8dab8e059c2ebf19003ffb249617
outscores_pregame_favourite,0022501178,2026-04-11,Jabari Smith Jr,Kevin Durant,0,0.08406656356193956,64,0.13201815147825544,83115c8892c0d7a4e0fb511aea16b8670ccd8dab8e059c2ebf19003ffb249617
outscores_pregame_favourite,0022501178,2026-04-11,Reed Sheppard,Kevin Durant,0,0.05411442336605758,64,0.13201815147825544,83115c8892c0d7a4e0fb511aea16b8670ccd8dab8e059c2ebf19003ffb249617
outscores_pregame_favourite,0022501178,2026-04-11,Tari Eason,Kevin Durant,0,0.04386313830298758,64,0.13201815147825544,83115c8892c0d7a4e0fb511aea16b8670ccd8dab8e059c2ebf19003ffb249617
outscores_pregame_favourite,0022501178,2026-04-11,Josh Okogie,Kevin Durant,0,0.0059116620917895836,64,0.13201815147825544,83115c8892c0d7a4e0fb511aea16b8670ccd8dab8e059c2ebf19003ffb249617
outscores_pregame_favourite,0022501180,2026-04-11,De'Aaron Fox,Cooper Flagg,0,0.8570540353325682,64,0.13201815147825544,83115c8892c0d7a4e0fb511aea16b8670ccd8dab8e059c2ebf19003ffb249617
outscores_pregame_favourite,0022501180,2026-04-11,Devin Vassell,Cooper Flagg,0,0.4522060912326608,64,0.13201815147825544,83115c8892c0d7a4e0fb511aea16b8670ccd8dab8e059c2ebf19003ffb249617
outscores_pregame_favourite,0022501180,2026-04-11,Dylan Harper,Cooper Flagg,0,0.21043151572584792,64,0.13201815147825544,83115c8892c0d7a4e0fb511aea16b8670ccd8dab8e059c2ebf19003ffb249617
outscores_pregame_favourite,0022501180,2026-04-11,Julian Champagnie,Cooper Flagg,0,0.13642333505442558,64,0.13201815147825544,83115c8892c0d7a4e0fb511aea16b8670ccd8dab8e059c2ebf19003ffb249617
outscores_pregame_favourite,0022501180,2026-04-11,Keldon Johnson,Cooper Flagg,0,0.3012851359564622,64,0.13201815147825544,83115c8892c0d7a4e0fb511aea16b8670ccd8dab8e059c2ebf19003ffb249617
outscores_pregame_favourite,0022501180,2026-04-11,Khris Middleton,Cooper Flagg,0,0.2448543687040154,64,0.13201815147825544,83115c8892c0d7a4e0fb511aea16b8670ccd8dab8e059c2ebf19003ffb249617
outscores_pregame_favourite,0022501180,2026-04-11,Luke Kornet,Cooper Flagg,0,0.048297674624880355,64,0.13201815147825544,83115c8892c0d7a4e0fb511aea16b8670ccd8dab8e059c2ebf19003ffb249617
outscores_pregame_favourite,0022501180,2026-04-11,Marvin Bagley III,Cooper Flagg,0,0.1376612653932546,64,0.13201815147825544,83115c8892c0d7a4e0fb511aea16b8670ccd8dab8e059c2ebf19003ffb249617
outscores_pregame_favourite,0022501180,2026-04-11,Max Christie,Cooper Flagg,0,0.12169432928747442,64,0.13201815147825544,83115c8892c0d7a4e0fb511aea16b8670ccd8dab8e059c2ebf19003ffb249617
outscores_pregame_favourite,0022501180,2026-04-11,Victor Wembanyama,Cooper Flagg,1,0.5276720399800906,64,2.0900988361538237,83115c8892c0d7a4e0fb511aea16b8670ccd8dab8e059c2ebf19003ffb249617
outscores_pregame_favourite,0022501182,2026-04-11,Bruce Brown,Aaron Wiggins,0,0.6454887047407779,64,0.13201815147825544,83115c8892c0d7a4e0fb511aea16b8670ccd8dab8e059c2ebf19003ffb249617
outscores_pregame_favourite,0022501182,2026-04-11,Jared McCain,Aaron Wiggins,1,0.7425149147367696,64,2.0900988361538237,83115c8892c0d7a4e0fb511aea16b8670ccd8dab8e059c2ebf19003ffb249617
outscores_pregame_favourite,0022501182,2026-04-11,Luguentz Dort,Aaron Wiggins,0,0.7155148230919004,64,0.13201815147825544,83115c8892c0d7a4e0fb511aea16b8670ccd8dab8e059c2ebf19003ffb249617
outscores_pregame_favourite,0022501184,2026-04-11,Dylan Cardwell,Stephen Curry,0,0.018182319083190474,64,0.13201815147825544,83115c8892c0d7a4e0fb511aea16b8670ccd8dab8e059c2ebf19003ffb249617
outscores_pregame_favourite,0022501184,2026-04-11,Brandin Podziemski,Stephen Curry,1,2.271099880913834,64,2.0900988361538237,83115c8892c0d7a4e0fb511aea16b8670ccd8dab8e059c2ebf19003ffb249617
outscores_pregame_favourite,0022501184,2026-04-11,De'Anthony Melton,Stephen Curry,1,2.1726985885495305,64,2.0900988361538237,83115c8892c0d7a4e0fb511aea16b8670ccd8dab8e059c2ebf19003ffb249617
outscores_pregame_favourite,0022501184,2026-04-11,Devin Carter,Stephen Curry,1,3.302987679362496,64,2.0900988361538237,83115c8892c0d7a4e0fb511aea16b8670ccd8dab8e059c2ebf19003ffb249617
outscores_pregame_favourite,0022501184,2026-04-11,Draymond Green,Stephen Curry,0,0.052177116751859286,64,0.13201815147825544,83115c8892c0d7a4e0fb511aea16b8670ccd8dab8e059c2ebf19003ffb249617
outscores_pregame_favourite,0022501184,2026-04-11,Gui Santos,Stephen Curry,0,0.050616621435022095,64,0.13201815147825544,83115c8892c0d7a4e0fb511aea16b8670ccd8dab8e059c2ebf19003ffb249617
outscores_pregame_favourite,0022501184,2026-04-11,Kristaps Porzingis,Stephen Curry,0,0.3284157472546018,64,0.13201815147825544,83115c8892c0d7a4e0fb511aea16b8670ccd8dab8e059c2ebf19003ffb249617
outscores_pregame_favourite,0022501184,2026-04-11,Maxime Raynaud,Stephen Curry,1,2.0961237354712883,64,2.0900988361538237,83115c8892c0d7a4e0fb511aea16b8670ccd8dab8e059c2ebf19003ffb249617
outscores_pregame_favourite,0022501184,2026-04-11,Nique Clifford,Stephen Curry,1,2.8930781194939077,64,2.0900988361538237,83115c8892c0d7a4e0fb511aea16b8670ccd8dab8e059c2ebf19003ffb249617
outscores_pregame_favourite,0022501184,2026-04-11,Precious Achiuwa,Stephen Curry,0,0.05661996501363518,64,0.13201815147825544,83115c8892c0d7a4e0fb511aea16b8670ccd8dab8e059c2ebf19003ffb249617
outscores_pregame_favourite,0022501185,2026-04-11,Deandre Ayton,LeBron James,0,0.17734537926794697,64,0.13201815147825544,83115c8892c0d7a4e0fb511aea16b8670ccd8dab8e059c2ebf19003ffb249617
outscores_pregame_favourite,0022501185,2026-04-11,Marcus Smart,LeBron James,0,0.07152753529879007,64,0.13201815147825544,83115c8892c0d7a4e0fb511aea16b8670ccd8dab8e059c2ebf19003ffb249617
outscores_pregame_favourite,0022501185,2026-04-11,Rui Hachimura,LeBron James,0,0.11496201262787767,64,0.13201815147825544,83115c8892c0d7a4e0fb511aea16b8670ccd8dab8e059c2ebf19003ffb249617
outscores_pregame_favourite,0022501185,2026-04-11,Collin Gillespie,LeBron James,0,0.07525690724015295,64,0.13201815147825544,83115c8892c0d7a4e0fb511aea16b8670ccd8dab8e059c2ebf19003ffb249617
outscores_pregame_favourite,0022501185,2026-04-11,Grayson Allen,LeBron James,0,0.14071690619768093,64,0.13201815147825544,83115c8892c0d7a4e0fb511aea16b8670ccd8dab8e059c2ebf19003ffb249617
outscores_pregame_favourite,0022501185,2026-04-11,Mark Williams,LeBron James,0,0.132837295364222,64,0.13201815147825544,83115c8892c0d7a4e0fb511aea16b8670ccd8dab8e059c2ebf19003ffb249617
outscores_pregame_favourite,0022501185,2026-04-11,Dillon Brooks,LeBron James,0,0.2151193798489523,64,0.13201815147825544,83115c8892c0d7a4e0fb511aea16b8670ccd8dab8e059c2ebf19003ffb249617
outscores_pregame_favourite,0022501185,2026-04-11,Luke Kennard,LeBron James,0,0.05011851672593518,64,0.13201815147825544,83115c8892c0d7a4e0fb511aea16b8670ccd8dab8e059c2ebf19003ffb249617
