game,ts,date,market,next_market,d_market,y,book_thinness,stale_quote,imbalance_age_s,quote_age_s,freshness_cap_s,depth_imbalance,spread_bp,last_trade_dir,flow_60,flow_300,is_screen,cluster_id
KXMLBGAME-26JUL061915NYMATL,2026-07-05T18:17:17Z,2026-07-05,0.5449999999999542,0.5449999999999542,0.0,0.0,,,14.0,,60,-0.24254680398615686,,,,,True,KXMLBGAME-26JUL061915NYMATL
KXMLBGAME-26JUL081945MILSTL,2026-07-07T18:45:40Z,2026-07-07,0.43999999999999995,0.43999999999999995,0.0,1.0,,,35.0,,60,0.9931448790909818,,,,,True,KXMLBGAME-26JUL081945MILSTL
KXMLBGAME-26JUL081945MILSTL,2026-07-07T19:40:55Z,2026-07-07,0.43999999999999995,0.43999999999999995,0.0,1.0,,,15.0,,60,0.9932424433866248,,,,,True,KXMLBGAME-26JUL081945MILSTL
KXMLBGAME-26JUL081945MILSTL,2026-07-07T20:39:07Z,2026-07-07,0.43999999999999995,0.43999999999999995,0.0,1.0,,,52.0,,60,0.9952810155254589,,,,,True,KXMLBGAME-26JUL081945MILSTL
KXMLBGAME-26JUL082210COLLAD,2026-07-07T05:07:29Z,2026-07-07,0.6549999999999996,0.6549999999999996,0.0,1.0,,,37.0,,60,0.3714927048260382,,,,,False,KXMLBGAME-26JUL082210COLLAD
KXMLBGAME-26JUL111605MILPIT,2026-07-11T16:45:25Z,2026-07-11,0.44500000000003503,0.44500000000003503,0.0,1.0,,,26.0,,60,0.6981737431910549,,,,,False,KXMLBGAME-26JUL111605MILPIT
KXMLBGAME-26JUL111610BOSNYM,2026-07-11T02:10:38Z,2026-07-11,0.5650000000000963,0.5650000000000963,0.0,0.0,,,21.0,,60,-0.8965023622999774,,,,,False,KXMLBGAME-26JUL111610BOSNYM
KXMLBGAME-26JUL111610BOSNYM,2026-07-11T02:33:06Z,2026-07-11,0.5650000000000963,0.5650000000000963,0.0,0.0,,,34.0,,60,-0.6330561571700616,,,,,False,KXMLBGAME-26JUL111610BOSNYM
KXMLBGAME-26JUL111810PHIDET,2026-07-11T23:34:07Z,2026-07-11,0.10499999999994984,0.1150000000004227,0.010000000000472853,0.0,,,39.0,,60,-0.16207304191674865,,,,,True,KXMLBGAME-26JUL111810PHIDET
KXMLBGAME-26JUL111905HOUTEX,2026-07-11T02:10:38Z,2026-07-11,0.5250000000000091,0.5250000000000091,0.0,0.0,,,21.0,,60,0.7934201814344723,,,,,False,KXMLBGAME-26JUL111905HOUTEX
KXMLBGAME-26JUL111905HOUTEX,2026-07-11T02:33:06Z,2026-07-11,0.53,0.53,0.0,0.0,,,34.0,,60,0.9145282975359571,,,,,False,KXMLBGAME-26JUL111905HOUTEX
KXMLBGAME-26JUL111905HOUTEX,2026-07-11T23:34:07Z,2026-07-11,0.32499999999974194,0.3050000000002047,-0.01999999999953722,0.0,,,39.0,,60,-0.9980265290480927,,,,,False,KXMLBGAME-26JUL111905HOUTEX
KXMLBGAME-26JUL111905KCBAL,2026-07-11T23:34:07Z,2026-07-11,0.7150000000003277,0.6849999999998286,-0.030000000000499072,1.0,,,39.0,,60,-0.43032480349137986,,,,,True,KXMLBGAME-26JUL111905KCBAL
KXMLBGAME-26JUL111910CHCCIN,2026-07-11T23:34:07Z,2026-07-11,0.535000000000047,0.5250000000000091,-0.010000000000037867,0.0,,,39.0,,60,-0.611048955082522,,,,,False,KXMLBGAME-26JUL111910CHCCIN
KXMLBGAME-26JUL111910CHCCIN,2026-07-12T01:31:36Z,2026-07-12,0.13500000000008688,0.13500000000008688,0.0,0.0,,,51.0,,60,-0.38716550322470206,,,,,False,KXMLBGAME-26JUL111910CHCCIN
KXMLBGAME-26JUL111915ATLSTL,2026-07-11T02:10:38Z,2026-07-11,0.4850000000000207,0.4850000000000207,0.0,1.0,,,21.0,,60,-0.9878630253119483,,,,,True,KXMLBGAME-26JUL111915ATLSTL
KXMLBGAME-26JUL111915ATLSTL,2026-07-11T02:33:06Z,2026-07-11,0.4850000000000207,0.4850000000000207,0.0,1.0,,,34.0,,60,-0.999970595040236,,,,,True,KXMLBGAME-26JUL111915ATLSTL
KXMLBGAME-26JUL111915ATLSTL,2026-07-11T23:34:07Z,2026-07-11,0.535000000000047,0.5499999999999067,0.014999999999859681,1.0,,,39.0,,60,0.9962150363987333,,,,,True,KXMLBGAME-26JUL111915ATLSTL
KXMLBGAME-26JUL111915ATLSTL,2026-07-12T01:31:36Z,2026-07-12,0.9849999999994682,0.9749999999998834,-0.009999999999584785,1.0,,,51.0,,60,-0.5225066797071779,,,,,True,KXMLBGAME-26JUL111915ATLSTL
KXMLBGAME-26JUL112040TORSD,2026-07-11T02:10:38Z,2026-07-11,0.5250000000000091,0.5250000000000091,0.0,1.0,,,21.0,,60,0.909863280481051,,,,,False,KXMLBGAME-26JUL112040TORSD
KXMLBGAME-26JUL112040TORSD,2026-07-11T02:33:06Z,2026-07-11,0.5250000000000091,0.5250000000000091,0.0,1.0,,,34.0,,60,-0.9879349616424042,,,,,False,KXMLBGAME-26JUL112040TORSD
KXMLBGAME-26JUL112040TORSD,2026-07-12T02:58:40Z,2026-07-12,0.6049999999999788,0.5650000000000963,-0.03999999999988246,1.0,,,19.0,,60,-0.16233409519551673,,,,,False,KXMLBGAME-26JUL112040TORSD
KXMLBGAME-26JUL112110AZLAD,2026-07-11T02:33:06Z,2026-07-11,0.7150000000003277,0.7150000000003277,0.0,0.0,,,34.0,,60,-0.992355463354198,,,,,True,KXMLBGAME-26JUL112110AZLAD
KXMLBGAME-26JUL112110AZLAD,2026-07-12T01:31:36Z,2026-07-12,0.7300000000003318,0.735000000000152,0.004999999999820148,0.0,,,51.0,,60,-0.46478901337599904,,,,,True,KXMLBGAME-26JUL112110AZLAD
KXMLBGAME-26JUL112110AZLAD,2026-07-12T02:58:40Z,2026-07-12,0.09500000000032009,0.10499999999994984,0.00999999999962975,0.0,,,19.0,,60,-0.31847990899191414,,,,,True,KXMLBGAME-26JUL112110AZLAD
KXMLBGAME-26JUL121215MILPIT,2026-07-11T16:45:25Z,2026-07-11,0.46499999999993896,0.46499999999993896,0.0,1.0,,,26.0,,60,-0.4433706996521067,,,,,False,KXMLBGAME-26JUL121215MILPIT
KXMLBGAME-26JUL121215MILPIT,2026-07-12T16:23:42Z,2026-07-12,0.5950000000001153,0.5750000000000883,-0.020000000000026996,1.0,,,25.0,,60,-0.42853997834216506,,,,,False,KXMLBGAME-26JUL121215MILPIT
KXMLBGAME-26JUL121215MILPIT,2026-07-12T17:04:59Z,2026-07-12,0.90499999999968,0.90499999999968,0.0,1.0,,,15.0,,60,-0.2966427793148968,,,,,False,KXMLBGAME-26JUL121215MILPIT
KXMLBGAME-26JUL121335KCBAL,2026-07-11T23:34:07Z,2026-07-11,0.5699999999999625,0.5699999999999625,0.0,1.0,,,39.0,,60,-0.4689656624773194,,,,,True,KXMLBGAME-26JUL121335KCBAL
KXMLBGAME-26JUL121335KCBAL,2026-07-12T17:46:36Z,2026-07-12,0.6250000000001539,0.6250000000001539,0.0,1.0,,,46.0,,60,0.24327454542540589,,,,,True,KXMLBGAME-26JUL121335KCBAL
KXMLBGAME-26JUL121335NYYWSH,2026-07-12T17:46:36Z,2026-07-12,0.6650000000002556,0.6949999999997953,0.029999999999539728,0.0,,,46.0,,60,0.6905579356562984,,,,,False,KXMLBGAME-26JUL121335NYYWSH
KXMLBGAME-26JUL121340BOSNYM,2026-07-12T17:46:36Z,2026-07-12,0.535000000000047,0.535000000000047,0.0,0.0,,,46.0,,60,-0.7341504077105824,,,,,True,KXMLBGAME-26JUL121340BOSNYM
KXMLBGAME-26JUL121340CHCCIN,2026-07-11T23:34:07Z,2026-07-11,0.46499999999995306,0.46499999999995306,0.0,0.0,,,39.0,,60,-0.9989711663707114,,,,,False,KXMLBGAME-26JUL121340CHCCIN
KXMLBGAME-26JUL121340CHCCIN,2026-07-12T01:31:36Z,2026-07-12,0.46499999999995306,0.46499999999995306,0.0,0.0,,,51.0,,60,-0.9995831517693683,,,,,False,KXMLBGAME-26JUL121340CHCCIN
KXMLBGAME-26JUL121340CHCCIN,2026-07-12T17:46:36Z,2026-07-12,0.38999999999987844,0.40499999999988473,0.015000000000006286,0.0,,,46.0,,60,-0.515056425736978,,,,,False,KXMLBGAME-26JUL121340CHCCIN
KXMLBGAME-26JUL121340CHCCIN,2026-07-12T20:29:28Z,2026-07-12,0.034999999999701416,0.034999999999701416,0.0,0.0,,,43.0,,60,-0.7759550187200113,,,,,False,KXMLBGAME-26JUL121340CHCCIN
KXMLBGAME-26JUL121340CLEMIA,2026-07-12T17:46:36Z,2026-07-12,0.3950000000000212,0.3950000000000212,0.0,0.0,,,46.0,,60,-0.16767525606702469,,,,,True,KXMLBGAME-26JUL121340CLEMIA
KXMLBGAME-26JUL121340CLEMIA,2026-07-12T20:29:28Z,2026-07-12,0.015000000000531725,0.015000000000531725,0.0,0.0,,,43.0,,60,-0.753337181329575,,,,,True,KXMLBGAME-26JUL121340CLEMIA
KXMLBGAME-26JUL121340PHIDET,2026-07-11T23:34:07Z,2026-07-11,0.51,0.51,0.0,0.0,,,39.0,,60,0.7817465897904655,,,,,False,KXMLBGAME-26JUL121340PHIDET
KXMLBGAME-26JUL121340PHIDET,2026-07-12T17:46:36Z,2026-07-12,0.5849999999999682,0.5849999999999682,0.0,0.0,,,46.0,,60,0.015768568953481672,,,,,False,KXMLBGAME-26JUL121340PHIDET
KXMLBGAME-26JUL121340SEATB,2026-07-12T17:46:36Z,2026-07-12,0.6149999999999062,0.6250000000001539,0.0100000000002477,0.0,,,46.0,,60,-0.5733188041457321,,,,,True,KXMLBGAME-26JUL121340SEATB
KXMLBGAME-26JUL121410LAAMIN,2026-07-11T19:40:08Z,2026-07-11,0.56,0.56,0.0,1.0,,,28.0,,60,-0.9987393504510034,,,,,False,KXMLBGAME-26JUL121410LAAMIN
KXMLBGAME-26JUL121410LAAMIN,2026-07-12T20:29:28Z,2026-07-12,0.9250000000003638,0.9250000000003638,0.0,1.0,,,43.0,,60,-0.1695571949452271,,,,,False,KXMLBGAME-26JUL121410LAAMIN
KXMLBGAME-26JUL121415ATLSTL,2026-07-11T02:33:06Z,2026-07-11,0.54,0.54,0.0,0.0,,,34.0,,60,-0.3333333333333333,,,,,True,KXMLBGAME-26JUL121415ATLSTL
KXMLBGAME-26JUL121415ATLSTL,2026-07-12T01:31:36Z,2026-07-12,0.5449999999999542,0.5449999999999542,0.0,0.0,,,51.0,,60,0.8913523815826704,,,,,True,KXMLBGAME-26JUL121415ATLSTL
KXMLBGAME-26JUL121415ATLSTL,2026-07-12T20:29:28Z,2026-07-12,0.49500000000000105,0.5650000000000963,0.07000000000009526,0.0,,,43.0,,60,-0.5536350722619869,,,,,True,KXMLBGAME-26JUL121415ATLSTL
KXMLBGAME-26JUL121435HOUTEX,2026-07-11T02:10:38Z,2026-07-11,0.5600000000000582,0.5600000000000582,0.0,1.0,,,21.0,,60,-0.9977103606182026,,,,,False,KXMLBGAME-26JUL121435HOUTEX
KXMLBGAME-26JUL121435HOUTEX,2026-07-12T01:31:36Z,2026-07-12,0.5449999999999542,0.5449999999999542,0.0,1.0,,,51.0,,60,-0.6056573758649683,,,,,False,KXMLBGAME-26JUL121435HOUTEX
KXMLBGAME-26JUL121435HOUTEX,2026-07-12T20:29:28Z,2026-07-12,0.9149999999997243,0.9149999999997243,0.0,1.0,,,43.0,,60,-0.6699077823145411,,,,,False,KXMLBGAME-26JUL121435HOUTEX
KXMLBGAME-26JUL121435HOUTEX,2026-07-12T21:17:52Z,2026-07-12,0.2849999999996723,0.2849999999996723,0.0,1.0,,,21.0,,60,-0.7694316624646336,,,,,False,KXMLBGAME-26JUL121435HOUTEX
KXMLBGAME-26JUL121605COLSF,2026-07-11T02:16:15Z,2026-07-11,0.62,0.62,0.0,1.0,5176.72,False,,25.179119110107422,60,,100.00000000000009,,,,True,KXMLBGAME-26JUL121605COLSF
KXMLBGAME-26JUL121605COLSF,2026-07-11T02:16:28Z,2026-07-11,0.62,0.62,0.0,1.0,5176.72,False,,38.17911911010742,60,,100.00000000000009,,,,True,KXMLBGAME-26JUL121605COLSF
KXMLBGAME-26JUL121605COLSF,2026-07-11T02:17:54Z,2026-07-11,0.62,0.62,0.0,1.0,5180.72,False,,32.706197023391724,60,,100.00000000000009,,,,True,KXMLBGAME-26JUL121605COLSF
KXMLBGAME-26JUL121605COLSF,2026-07-11T02:19:17Z,2026-07-11,0.62,0.62,0.0,1.0,5182.72,False,,26.01184606552124,60,,100.00000000000009,,,,True,KXMLBGAME-26JUL121605COLSF
KXMLBGAME-26JUL121605COLSF,2026-07-11T02:20:39Z,2026-07-11,0.62,0.62,0.0,1.0,5185.72,False,,17.2929470539093,60,,100.00000000000009,,,,True,KXMLBGAME-26JUL121605COLSF
KXMLBGAME-26JUL121605COLSF,2026-07-11T02:21:54Z,2026-07-11,0.62,0.62,0.0,1.0,5186.72,False,,48.76248598098755,60,,100.00000000000009,,,,True,KXMLBGAME-26JUL121605COLSF
KXMLBGAME-26JUL121605COLSF,2026-07-11T02:21:54Z,2026-07-11,0.62,0.62,0.0,1.0,5186.72,False,,48.76248598098755,60,,100.00000000000009,,,,True,KXMLBGAME-26JUL121605COLSF
KXMLBGAME-26JUL121605COLSF,2026-07-11T02:23:16Z,2026-07-11,0.62,0.62,0.0,1.0,5187.72,False,,29.494834899902344,60,,100.00000000000009,,,,True,KXMLBGAME-26JUL121605COLSF
KXMLBGAME-26JUL121605COLSF,2026-07-11T02:24:38Z,2026-07-11,0.62,0.62,0.0,1.0,5191.72,False,,10.603363990783691,60,,100.00000000000009,,,,True,KXMLBGAME-26JUL121605COLSF
KXMLBGAME-26JUL121605COLSF,2026-07-11T02:26:00Z,2026-07-11,0.62,0.62,0.0,1.0,5191.72,False,,42.71256709098816,60,,100.00000000000009,,,,True,KXMLBGAME-26JUL121605COLSF
KXMLBGAME-26JUL121605COLSF,2026-07-11T02:27:23Z,2026-07-11,0.62,0.62,0.0,1.0,5195.72,False,,25.130374908447266,60,,100.00000000000009,,,,True,KXMLBGAME-26JUL121605COLSF
KXMLBGAME-26JUL121605COLSF,2026-07-11T02:27:30Z,2026-07-11,0.62,0.62,0.0,1.0,5195.72,False,,32.130374908447266,60,,100.00000000000009,,,,True,KXMLBGAME-26JUL121605COLSF
KXMLBGAME-26JUL121605COLSF,2026-07-11T02:28:46Z,2026-07-11,0.62,0.62,0.0,1.0,5198.72,False,,7.779864072799683,60,,100.00000000000009,,,,True,KXMLBGAME-26JUL121605COLSF
KXMLBGAME-26JUL121605COLSF,2026-07-11T02:30:10Z,2026-07-11,0.62,0.62,0.0,1.0,5187.72,False,,41.10056209564209,60,,100.00000000000009,,,,True,KXMLBGAME-26JUL121605COLSF
KXMLBGAME-26JUL121605COLSF,2026-07-11T02:47:58Z,2026-07-11,0.62,0.62,0.0,1.0,3957.1000000000004,False,,27.732537031173706,60,,100.00000000000009,,,,True,KXMLBGAME-26JUL121605COLSF
KXMLBGAME-26JUL121605COLSF,2026-07-11T02:49:12Z,2026-07-11,0.62,0.62,0.0,1.0,3927.1000000000004,False,,6.832973957061768,60,,100.00000000000009,-1.0,-1156.0,-1156.0,True,KXMLBGAME-26JUL121605COLSF
KXMLBGAME-26JUL121605COLSF,2026-07-11T02:49:48Z,2026-07-11,0.62,0.62,0.0,1.0,3927.1000000000004,False,,42.83297395706177,60,,100.00000000000009,,,-1156.0,True,KXMLBGAME-26JUL121605COLSF
KXMLBGAME-26JUL121605COLSF,2026-07-11T02:50:32Z,2026-07-11,0.62,0.62,0.0,1.0,3932.1000000000004,False,,38.099668979644775,60,,100.00000000000009,,,-1156.0,True,KXMLBGAME-26JUL121605COLSF
KXMLBGAME-26JUL121605COLSF,2026-07-11T02:51:53Z,2026-07-11,0.62,0.62,0.0,1.0,8887.1,False,,24.301985025405884,60,,100.00000000000009,,,-1156.0,True,KXMLBGAME-26JUL121605COLSF
KXMLBGAME-26JUL121605COLSF,2026-07-11T02:53:07Z,2026-07-11,0.62,0.62,0.0,1.0,8896.1,False,,4.666443109512329,60,,100.00000000000009,,,-1156.0,True,KXMLBGAME-26JUL121605COLSF
KXMLBGAME-26JUL121605COLSF,2026-07-11T02:55:22Z,2026-07-11,0.62,0.62,0.0,1.0,8906.1,False,,0.5570290088653564,60,,100.00000000000009,,,,True,KXMLBGAME-26JUL121605COLSF
KXMLBGAME-26JUL121605COLSF,2026-07-11T02:55:58Z,2026-07-11,0.62,0.62,0.0,1.0,8906.1,False,,36.557029008865356,60,,100.00000000000009,,,,True,KXMLBGAME-26JUL121605COLSF
KXMLBGAME-26JUL121605COLSF,2026-07-11T02:57:17Z,2026-07-11,0.62,0.62,0.0,1.0,10172.1,False,,28.00100302696228,60,,100.00000000000009,,,,True,KXMLBGAME-26JUL121605COLSF
KXMLBGAME-26JUL121605COLSF,2026-07-11T02:58:35Z,2026-07-11,0.62,0.62,0.0,1.0,10174.1,False,,16.721338033676147,60,,100.00000000000009,,,,True,KXMLBGAME-26JUL121605COLSF
KXMLBGAME-26JUL121605COLSF,2026-07-11T04:22:20Z,2026-07-11,0.62,0.62,0.0,1.0,9516.720000000001,False,,5.731190919876099,60,,100.00000000000009,,,,True,KXMLBGAME-26JUL121605COLSF
KXMLBGAME-26JUL121605COLSF,2026-07-11T04:22:56Z,2026-07-11,0.62,0.62,0.0,1.0,9519.720000000001,False,,2.738429069519043,60,,100.00000000000009,,,,True,KXMLBGAME-26JUL121605COLSF
KXMLBGAME-26JUL121605COLSF,2026-07-11T04:23:39Z,2026-07-11,0.62,0.62,0.0,1.0,9522.720000000001,False,,7.620351076126099,60,,100.00000000000009,,,,True,KXMLBGAME-26JUL121605COLSF
KXMLBGAME-26JUL121605COLSF,2026-07-11T04:24:55Z,2026-07-11,0.62,0.62,0.0,1.0,9528.720000000001,False,,7.032807111740112,60,,100.00000000000009,,,,True,KXMLBGAME-26JUL121605COLSF
KXMLBGAME-26JUL121605COLSF,2026-07-11T04:26:13Z,2026-07-11,0.62,0.62,0.0,1.0,9534.720000000001,False,,7.745938062667847,60,,100.00000000000009,,,,True,KXMLBGAME-26JUL121605COLSF
KXMLBGAME-26JUL121605COLSF,2026-07-11T04:27:33Z,2026-07-11,0.62,0.62,0.0,1.0,9540.720000000001,False,,10.655754089355469,60,,100.00000000000009,,,,True,KXMLBGAME-26JUL121605COLSF
KXMLBGAME-26JUL121605COLSF,2026-07-11T04:28:22Z,2026-07-11,0.62,0.62,0.0,1.0,9543.720000000001,False,,21.325973987579346,60,,100.00000000000009,,,,True,KXMLBGAME-26JUL121605COLSF
KXMLBGAME-26JUL121605COLSF,2026-07-11T04:28:54Z,2026-07-11,0.62,0.62,0.0,1.0,9546.720000000001,False,,15.067576885223389,60,,100.00000000000009,,,,True,KXMLBGAME-26JUL121605COLSF
KXMLBGAME-26JUL121605COLSF,2026-07-11T04:30:20Z,2026-07-11,0.62,0.62,0.0,1.0,9552.720000000001,False,,21.445106029510498,60,,100.00000000000009,,,,True,KXMLBGAME-26JUL121605COLSF
KXMLBGAME-26JUL121605COLSF,2026-07-11T04:31:39Z,2026-07-11,0.62,0.62,0.0,1.0,9558.720000000001,False,,23.886837005615234,60,,100.00000000000009,,,,True,KXMLBGAME-26JUL121605COLSF
KXMLBGAME-26JUL121605COLSF,2026-07-11T04:32:55Z,2026-07-11,0.62,0.62,0.0,1.0,9564.720000000001,False,,25.431056022644043,60,,100.00000000000009,,,,True,KXMLBGAME-26JUL121605COLSF
KXMLBGAME-26JUL121605COLSF,2026-07-11T04:33:51Z,2026-07-11,0.62,0.62,0.0,1.0,9570.720000000001,False,,6.845314025878906,60,,100.00000000000009,,,,True,KXMLBGAME-26JUL121605COLSF
KXMLBGAME-26JUL121605COLSF,2026-07-11T04:34:18Z,2026-07-11,0.62,0.62,0.0,1.0,9570.720000000001,False,,33.845314025878906,60,,100.00000000000009,,,,True,KXMLBGAME-26JUL121605COLSF
KXMLBGAME-26JUL121605COLSF,2026-07-11T04:35:35Z,2026-07-11,0.62,0.62,0.0,1.0,9576.720000000001,False,,36.326634883880615,60,,100.00000000000009,,,,True,KXMLBGAME-26JUL121605COLSF
KXMLBGAME-26JUL121605COLSF,2026-07-11T04:36:54Z,2026-07-11,0.62,0.62,0.0,1.0,9587.720000000001,False,,3.210444927215576,60,,100.00000000000009,,,,True,KXMLBGAME-26JUL121605COLSF
KXMLBGAME-26JUL121605COLSF,2026-07-11T04:38:09Z,2026-07-11,0.62,0.62,0.0,1.0,9593.720000000001,False,,3.680172920227051,60,,100.00000000000009,,,,True,KXMLBGAME-26JUL121605COLSF
KXMLBGAME-26JUL121605COLSF,2026-07-11T04:39:11Z,2026-07-11,0.62,0.62,0.0,1.0,9596.720000000001,False,,28.629667043685913,60,,100.00000000000009,,,,True,KXMLBGAME-26JUL121605COLSF
KXMLBGAME-26JUL121605COLSF,2026-07-11T04:39:24Z,2026-07-11,0.62,0.62,0.0,1.0,9596.720000000001,False,,41.62966704368591,60,,100.00000000000009,,,,True,KXMLBGAME-26JUL121605COLSF
KXMLBGAME-26JUL121605COLSF,2026-07-11T04:42:25Z,2026-07-11,0.62,0.62,0.0,1.0,9612.720000000001,False,,22.687192916870117,60,,100.00000000000009,,,,True,KXMLBGAME-26JUL121605COLSF
KXMLBGAME-26JUL121605COLSF,2026-07-11T04:43:41Z,2026-07-11,0.62,0.62,0.0,1.0,9618.720000000001,False,,23.70892906188965,60,,100.00000000000009,,,,True,KXMLBGAME-26JUL121605COLSF
KXMLBGAME-26JUL121605COLSF,2026-07-11T04:44:33Z,2026-07-11,0.62,0.62,0.0,1.0,9624.720000000001,False,,1.6181459426879883,60,,100.00000000000009,,,,True,KXMLBGAME-26JUL121605COLSF
KXMLBGAME-26JUL121605COLSF,2026-07-11T04:44:56Z,2026-07-11,0.62,0.62,0.0,1.0,9624.720000000001,False,,24.61814594268799,60,,100.00000000000009,,,,True,KXMLBGAME-26JUL121605COLSF
KXMLBGAME-26JUL121605COLSF,2026-07-11T04:46:14Z,2026-07-11,0.62,0.59,-0.030000000000000027,1.0,9630.720000000001,False,,28.296027898788452,60,,100.00000000000009,,,,True,KXMLBGAME-26JUL121605COLSF
KXMLBGAME-26JUL121605COLSF,2026-07-11T20:04:54Z,2026-07-11,0.59,0.59,0.0,1.0,220854.0,False,,41.97564506530762,60,,100.0000000000012,,,,True,KXMLBGAME-26JUL121605COLSF
KXMLBGAME-26JUL121605COLSF,2026-07-11T20:06:06Z,2026-07-11,0.59,0.59,0.0,1.0,221017.0,False,,6.509308099746704,60,,100.0000000000012,,,,True,KXMLBGAME-26JUL121605COLSF
KXMLBGAME-26JUL121605COLSF,2026-07-11T20:06:25Z,2026-07-11,0.59,0.59,0.0,1.0,221017.0,False,,25.509308099746704,60,,100.0000000000012,,,,True,KXMLBGAME-26JUL121605COLSF
KXMLBGAME-26JUL121605COLSF,2026-07-11T20:07:22Z,2026-07-11,0.59,0.59,0.0,1.0,221916.0,False,,29.750298023223877,60,,100.0000000000012,,,,True,KXMLBGAME-26JUL121605COLSF
KXMLBGAME-26JUL121605COLSF,2026-07-11T20:08:37Z,2026-07-11,0.59,0.59,0.0,1.0,221979.0,False,,1.627458095550537,60,,100.0000000000012,,,,True,KXMLBGAME-26JUL121605COLSF
KXMLBGAME-26JUL121605COLSF,2026-07-11T20:09:48Z,2026-07-11,0.59,0.59,0.0,1.0,222042.0,False,,18.150731086730957,60,,100.0000000000012,,,,True,KXMLBGAME-26JUL121605COLSF
KXMLBGAME-26JUL121605COLSF,2026-07-11T20:11:00Z,2026-07-11,0.59,0.59,0.0,1.0,222105.0,False,,32.25942897796631,60,,100.0000000000012,,,,True,KXMLBGAME-26JUL121605COLSF
KXMLBGAME-26JUL121605COLSF,2026-07-11T20:11:55Z,2026-07-11,0.59,0.59,0.0,1.0,222169.0,False,,31.38141393661499,60,,100.0000000000012,,,,True,KXMLBGAME-26JUL121605COLSF
KXMLBGAME-26JUL121605COLSF,2026-07-11T20:12:19Z,2026-07-11,0.59,0.59,0.0,1.0,222169.0,False,,55.38141393661499,60,,100.0000000000012,,,,True,KXMLBGAME-26JUL121605COLSF
KXMLBGAME-26JUL121605COLSF,2026-07-11T20:13:43Z,2026-07-11,0.59,0.59,0.0,1.0,263837.58999999997,False,,19.727608919143677,60,,100.0000000000012,,,,True,KXMLBGAME-26JUL121605COLSF
KXMLBGAME-26JUL121605COLSF,2026-07-11T20:16:38Z,2026-07-11,0.59,0.59,0.0,1.0,264126.58999999997,False,,11.361571073532104,60,,100.0000000000012,,,,True,KXMLBGAME-26JUL121605COLSF
KXMLBGAME-26JUL121605COLSF,2026-07-11T20:17:33Z,2026-07-11,0.59,0.59,0.0,1.0,264190.58999999997,False,,4.07831597328186,60,,100.0000000000012,,,,True,KXMLBGAME-26JUL121605COLSF
KXMLBGAME-26JUL121605COLSF,2026-07-11T20:18:10Z,2026-07-11,0.59,0.59,0.0,1.0,264190.58999999997,False,,41.07831597328186,60,,100.0000000000012,,,,True,KXMLBGAME-26JUL121605COLSF
KXMLBGAME-26JUL121605COLSF,2026-07-11T20:19:42Z,2026-07-11,0.59,0.59,0.0,1.0,264286.58999999997,False,,19.707382917404175,60,,100.0000000000012,,,,True,KXMLBGAME-26JUL121605COLSF
KXMLBGAME-26JUL121605COLSF,2026-07-11T20:21:06Z,2026-07-11,0.59,0.59,0.0,1.0,264318.58999999997,False,,39.33308410644531,60,,100.0000000000012,,,,True,KXMLBGAME-26JUL121605COLSF
KXMLBGAME-26JUL121605COLSF,2026-07-11T20:22:40Z,2026-07-11,0.59,0.59,0.0,1.0,264446.58999999997,False,,12.18156099319458,60,,100.0000000000012,,,,True,KXMLBGAME-26JUL121605COLSF
KXMLBGAME-26JUL121605COLSF,2026-07-11T20:23:21Z,2026-07-11,0.59,0.59,0.0,1.0,264446.58999999997,False,,53.18156099319458,60,,100.0000000000012,,,,True,KXMLBGAME-26JUL121605COLSF
KXMLBGAME-26JUL121605COLSF,2026-07-11T20:24:13Z,2026-07-11,0.59,0.59,0.0,1.0,264478.58999999997,False,,40.079957008361816,60,,100.0000000000012,,,,True,KXMLBGAME-26JUL121605COLSF
KXMLBGAME-26JUL121605COLSF,2026-07-11T20:25:34Z,2026-07-11,0.59,0.59,0.0,1.0,264542.58999999997,False,,58.55434703826904,60,,100.0000000000012,,,,True,KXMLBGAME-26JUL121605COLSF
KXMLBGAME-26JUL121605COLSF,2026-07-11T20:27:03Z,2026-07-11,0.59,0.59,0.0,1.0,271411.58999999997,False,,21.505670070648193,60,,100.0000000000012,,,,True,KXMLBGAME-26JUL121605COLSF
KXMLBGAME-26JUL121605COLSF,2026-07-11T20:28:24Z,2026-07-11,0.59,0.59,0.0,1.0,271443.58999999997,False,,42.53130602836609,60,,100.0000000000012,,,,True,KXMLBGAME-26JUL121605COLSF
KXMLBGAME-26JUL121605COLSF,2026-07-11T20:29:04Z,2026-07-11,0.59,0.59,0.0,1.0,271507.58999999997,False,,26.351131916046143,60,,100.0000000000012,,,,True,KXMLBGAME-26JUL121605COLSF
KXMLBGAME-26JUL121605COLSF,2026-07-11T20:29:46Z,2026-07-11,0.59,0.59,0.0,1.0,271539.58999999997,False,,8.890039920806885,60,,100.0000000000012,,,,True,KXMLBGAME-26JUL121605COLSF
KXMLBGAME-26JUL121605COLSF,2026-07-11T20:31:10Z,2026-07-11,0.59,0.59,0.0,1.0,271603.58999999997,False,,34.38577890396118,60,,100.0000000000012,,,,True,KXMLBGAME-26JUL121605COLSF
KXMLBGAME-26JUL121605COLSF,2026-07-11T20:32:30Z,2026-07-11,0.59,0.59,0.0,1.0,271660.58999999997,False,,4.055942058563232,60,,100.0000000000012,,,,True,KXMLBGAME-26JUL121605COLSF
KXMLBGAME-26JUL121605COLSF,2026-07-11T20:33:57Z,2026-07-11,0.59,0.59,0.0,1.0,281086.58999999997,False,,35.462388038635254,60,,100.0000000000012,,,,True,KXMLBGAME-26JUL121605COLSF
KXMLBGAME-26JUL121605COLSF,2026-07-11T20:34:40Z,2026-07-11,0.59,0.59,0.0,1.0,281097.58999999997,False,,24.07136607170105,60,,100.0000000000012,,,,True,KXMLBGAME-26JUL121605COLSF
KXMLBGAME-26JUL121605COLSF,2026-07-11T20:35:16Z,2026-07-11,0.59,0.59,0.0,1.0,281121.58999999997,False,,3.305582046508789,60,,100.0000000000012,,,,True,KXMLBGAME-26JUL121605COLSF
KXMLBGAME-26JUL121605COLSF,2026-07-11T20:36:35Z,2026-07-11,0.59,0.59,0.0,1.0,281146.58999999997,False,,18.04562997817993,60,,100.0000000000012,,,,True,KXMLBGAME-26JUL121605COLSF
KXMLBGAME-26JUL121605COLSF,2026-07-11T20:39:26Z,2026-07-11,0.59,0.59,0.0,1.0,281223.58999999997,False,,24.61781406402588,60,,100.0000000000012,,,,True,KXMLBGAME-26JUL121605COLSF
KXMLBGAME-26JUL121605COLSF,2026-07-11T20:40:16Z,2026-07-11,0.59,0.59,0.0,1.0,281236.58999999997,False,,23.215105056762695,60,,100.0000000000012,,,,True,KXMLBGAME-26JUL121605COLSF
KXMLBGAME-26JUL121605COLSF,2026-07-11T20:40:54Z,2026-07-11,0.59,0.59,0.0,1.0,281262.58999999997,False,,2.46958589553833,60,,100.0000000000012,,,,True,KXMLBGAME-26JUL121605COLSF
KXMLBGAME-26JUL121605COLSF,2026-07-11T20:42:15Z,2026-07-11,0.59,0.59,0.0,1.0,281275.58999999997,False,,25.07535195350647,60,,100.0000000000012,,,,True,KXMLBGAME-26JUL121605COLSF
KXMLBGAME-26JUL121605COLSF,2026-07-11T20:43:40Z,2026-07-11,0.59,0.5849999999999682,-0.005000000000031757,1.0,276515.58999999997,False,,52.28570890426636,60,,100.0000000000012,,,,True,KXMLBGAME-26JUL121605COLSF
KXMLBGAME-26JUL121605COLSF,2026-07-11T20:45:02Z,2026-07-11,0.5849999999999682,0.5849999999999682,0.0,1.0,350925.58999999997,False,,19.674313068389893,60,,100.0000000000012,,,,True,KXMLBGAME-26JUL121605COLSF
KXMLBGAME-26JUL121605COLSF,2026-07-11T20:45:50Z,2026-07-11,0.5849999999999682,0.5849999999999682,0.0,1.0,350954.58999999997,False,,10.613440990447998,60,,100.0000000000012,,,,True,KXMLBGAME-26JUL121605COLSF
KXMLBGAME-26JUL121605COLSF,2026-07-11T20:46:28Z,2026-07-11,0.5849999999999682,0.5849999999999682,0.0,1.0,350954.58999999997,False,,48.613440990448,60,,100.0000000000012,,,,True,KXMLBGAME-26JUL121605COLSF
KXMLBGAME-26JUL121605COLSF,2026-07-11T20:47:57Z,2026-07-11,0.5849999999999682,0.5849999999999682,0.0,1.0,350990.58999999997,False,,21.905215978622437,60,,100.0000000000012,,,,True,KXMLBGAME-26JUL121605COLSF
KXMLBGAME-26JUL121605COLSF,2026-07-11T20:49:32Z,2026-07-11,0.5849999999999682,0.5849999999999682,0.0,1.0,351026.58999999997,False,,2.1537020206451416,60,,100.0000000000012,,,,True,KXMLBGAME-26JUL121605COLSF
KXMLBGAME-26JUL121605COLSF,2026-07-11T20:51:02Z,2026-07-11,0.5849999999999682,0.5849999999999682,0.0,1.0,351038.58999999997,False,,34.237143993377686,60,,100.0000000000012,,,,True,KXMLBGAME-26JUL121605COLSF
KXMLBGAME-26JUL121605COLSF,2026-07-11T20:51:31Z,2026-07-11,0.5849999999999682,0.5849999999999682,0.0,1.0,351062.58999999997,False,,5.544751882553101,60,,100.0000000000012,,,,True,KXMLBGAME-26JUL121605COLSF
KXMLBGAME-26JUL121605COLSF,2026-07-11T20:52:30Z,2026-07-11,0.5849999999999682,0.5849999999999682,0.0,1.0,351086.58999999997,False,,6.183861017227173,60,,100.0000000000012,,,,True,KXMLBGAME-26JUL121605COLSF
KXMLBGAME-26JUL121605COLSF,2026-07-11T20:54:06Z,2026-07-11,0.5849999999999682,0.5849999999999682,0.0,1.0,351098.58999999997,False,,43.61298608779907,60,,100.0000000000012,,,,True,KXMLBGAME-26JUL121605COLSF
KXMLBGAME-26JUL121605COLSF,2026-07-11T20:55:29Z,2026-07-11,0.5849999999999682,0.5849999999999682,0.0,1.0,351146.58999999997,False,,13.240351915359497,60,,100.0000000000012,,,,True,KXMLBGAME-26JUL121605COLSF
KXMLBGAME-26JUL121605COLSF,2026-07-11T20:56:56Z,2026-07-11,0.5849999999999682,0.5849999999999682,0.0,1.0,351158.58999999997,False,,45.44690799713135,60,,100.0000000000012,,,,True,KXMLBGAME-26JUL121605COLSF
KXMLBGAME-26JUL121605COLSF,2026-07-11T20:57:09Z,2026-07-11,0.5849999999999682,0.5849999999999682,0.0,1.0,351181.58999999997,False,,2.906346082687378,60,,100.0000000000012,,,,True,KXMLBGAME-26JUL121605COLSF
KXMLBGAME-26JUL121605COLSF,2026-07-11T20:58:24Z,2026-07-11,0.5849999999999682,0.5849999999999682,0.0,1.0,351194.58999999997,False,,23.308012008666992,60,,100.0000000000012,,,,True,KXMLBGAME-26JUL121605COLSF
KXMLBGAME-26JUL121605COLSF,2026-07-11T21:02:45Z,2026-07-11,0.5849999999999682,0.5849999999999682,0.0,1.0,351796.58999999997,False,,11.698331117630005,60,,100.0000000000012,,,,True,KXMLBGAME-26JUL121605COLSF
KXMLBGAME-26JUL121605COLSF,2026-07-11T21:03:58Z,2026-07-11,0.5849999999999682,0.5849999999999682,0.0,1.0,351812.58999999997,False,,28.252474069595337,60,,100.0000000000012,,,,True,KXMLBGAME-26JUL121605COLSF
KXMLBGAME-26JUL121605COLSF,2026-07-11T21:05:27Z,2026-07-11,0.5849999999999682,0.5849999999999682,0.0,1.0,351848.58999999997,False,,6.109337091445923,60,,100.0000000000012,,,,True,KXMLBGAME-26JUL121605COLSF
KXMLBGAME-26JUL121605COLSF,2026-07-11T21:06:57Z,2026-07-11,0.5849999999999682,0.5849999999999682,0.0,1.0,351851.58999999997,False,,41.01212000846863,60,,100.0000000000012,,,,True,KXMLBGAME-26JUL121605COLSF
KXMLBGAME-26JUL121605COLSF,2026-07-11T21:08:32Z,2026-07-11,0.5849999999999682,0.5849999999999682,0.0,1.0,351858.58999999997,False,,27.55632209777832,60,,100.0000000000012,,,,True,KXMLBGAME-26JUL121605COLSF
KXMLBGAME-26JUL121605COLSF,2026-07-11T21:08:34Z,2026-07-11,0.5849999999999682,0.5849999999999682,0.0,1.0,351858.58999999997,False,,29.55632209777832,60,,100.0000000000012,,,,True,KXMLBGAME-26JUL121605COLSF
KXMLBGAME-26JUL121605COLSF,2026-07-11T21:10:13Z,2026-07-11,0.5849999999999682,0.5849999999999682,0.0,1.0,351864.58999999997,False,,29.392839908599854,60,,100.0000000000012,,,,True,KXMLBGAME-26JUL121605COLSF
KXMLBGAME-26JUL121605COLSF,2026-07-11T21:11:52Z,2026-07-11,0.5849999999999682,0.5849999999999682,0.0,1.0,351870.58999999997,False,,19.803786993026733,60,,100.0000000000012,,,,True,KXMLBGAME-26JUL121605COLSF
KXMLBGAME-26JUL121605COLSF,2026-07-11T21:13:26Z,2026-07-11,0.5849999999999682,0.5849999999999682,0.0,1.0,351874.58999999997,False,,3.7529079914093018,60,,100.0000000000012,,,,True,KXMLBGAME-26JUL121605COLSF
KXMLBGAME-26JUL121605COLSF,2026-07-11T21:14:22Z,2026-07-11,0.5849999999999682,0.5849999999999682,0.0,1.0,351878.58999999997,False,,4.712184906005859,60,,100.0000000000012,,,,True,KXMLBGAME-26JUL121605COLSF
KXMLBGAME-26JUL121605COLSF,2026-07-11T21:15:13Z,2026-07-11,0.5849999999999682,0.5849999999999682,0.0,1.0,351880.58999999997,False,,8.145416021347046,60,,100.0000000000012,,,,True,KXMLBGAME-26JUL121605COLSF
KXMLBGAME-26JUL121605COLSF,2026-07-11T21:16:50Z,2026-07-11,0.5849999999999682,0.5849999999999682,0.0,1.0,350959.92,False,,51.819618940353394,60,,100.0000000000012,,,,True,KXMLBGAME-26JUL121605COLSF
KXMLBGAME-26JUL121605COLSF,2026-07-11T21:18:22Z,2026-07-11,0.5849999999999682,0.5849999999999682,0.0,1.0,350965.92,False,,36.4318790435791,60,,100.0000000000012,,,,True,KXMLBGAME-26JUL121605COLSF
KXMLBGAME-26JUL121605COLSF,2026-07-11T21:19:56Z,2026-07-11,0.5849999999999682,0.5849999999999682,0.0,1.0,350971.92,False,,25.307646989822388,60,,100.0000000000012,,,,True,KXMLBGAME-26JUL121605COLSF
KXMLBGAME-26JUL121605COLSF,2026-07-11T21:20:09Z,2026-07-11,0.5849999999999682,0.5849999999999682,0.0,1.0,350971.92,False,,38.30764698982239,60,,100.0000000000012,,,,True,KXMLBGAME-26JUL121605COLSF
KXMLBGAME-26JUL121605COLSF,2026-07-11T21:21:33Z,2026-07-11,0.5849999999999682,0.5849999999999682,0.0,1.0,350977.92,False,,15.667464017868042,60,,100.0000000000012,,,,True,KXMLBGAME-26JUL121605COLSF
KXMLBGAME-26JUL121605COLSF,2026-07-11T21:23:06Z,2026-07-11,0.5849999999999682,0.5849999999999682,0.0,1.0,350983.92,False,,5.477289915084839,60,,100.0000000000012,,,,True,KXMLBGAME-26JUL121605COLSF
KXMLBGAME-26JUL121605COLSF,2026-07-11T21:24:34Z,2026-07-11,0.5849999999999682,0.5849999999999682,0.0,1.0,350971.92,False,,42.18562197685242,60,,100.0000000000012,,,,True,KXMLBGAME-26JUL121605COLSF
KXMLBGAME-26JUL121605COLSF,2026-07-11T21:25:54Z,2026-07-11,0.5849999999999682,0.5849999999999682,0.0,1.0,350477.92,False,,17.191773891448975,60,,100.0000000000012,,,,True,KXMLBGAME-26JUL121605COLSF
KXMLBGAME-26JUL121605COLSF,2026-07-11T21:26:07Z,2026-07-11,0.5849999999999682,0.5849999999999682,0.0,1.0,350477.92,False,,30.191773891448975,60,,100.0000000000012,,,,True,KXMLBGAME-26JUL121605COLSF
KXMLBGAME-26JUL121605COLSF,2026-07-11T21:29:08Z,2026-07-11,0.5849999999999682,0.5849999999999682,0.0,1.0,350489.92,False,,6.340423107147217,60,,100.0000000000012,,,,True,KXMLBGAME-26JUL121605COLSF
KXMLBGAME-26JUL121605COLSF,2026-07-11T21:30:30Z,2026-07-11,0.5849999999999682,0.5849999999999682,0.0,1.0,350491.92,False,,36.963951110839844,60,,100.0000000000012,,,,True,KXMLBGAME-26JUL121605COLSF
KXMLBGAME-26JUL121605COLSF,2026-07-11T21:31:28Z,2026-07-11,0.5849999999999682,0.5849999999999682,0.0,1.0,350493.92,False,,39.34003496170044,60,,100.0000000000012,,,,True,KXMLBGAME-26JUL121605COLSF
KXMLBGAME-26JUL121605COLSF,2026-07-11T21:32:06Z,2026-07-11,0.5849999999999682,0.5849999999999682,0.0,1.0,350497.92,False,,20.898152112960815,60,,100.0000000000012,,,,True,KXMLBGAME-26JUL121605COLSF
KXMLBGAME-26JUL121605COLSF,2026-07-11T21:33:40Z,2026-07-11,0.5849999999999682,0.5849999999999682,0.0,1.0,350501.92,False,,6.593836069107056,60,,100.0000000000012,,,,True,KXMLBGAME-26JUL121605COLSF
KXMLBGAME-26JUL121605COLSF,2026-07-11T21:35:17Z,2026-07-11,0.5849999999999682,0.5849999999999682,0.0,1.0,350505.92,False,,48.116616010665894,60,,100.0000000000012,,,,True,KXMLBGAME-26JUL121605COLSF
KXMLBGAME-26JUL121605COLSF,2026-07-11T21:36:48Z,2026-07-11,0.5849999999999682,0.5849999999999682,0.0,1.0,350511.92,False,,30.29507303237915,60,,100.0000000000012,,,,True,KXMLBGAME-26JUL121605COLSF
KXMLBGAME-26JUL121605COLSF,2026-07-11T21:37:05Z,2026-07-11,0.5849999999999682,0.5849999999999682,0.0,1.0,350511.92,False,,47.29507303237915,60,,100.0000000000012,,,,True,KXMLBGAME-26JUL121605COLSF
KXMLBGAME-26JUL121605COLSF,2026-07-11T21:38:17Z,2026-07-11,0.5849999999999682,0.5849999999999682,0.0,1.0,350501.92,False,,10.47056794166565,60,,100.0000000000012,,,,True,KXMLBGAME-26JUL121605COLSF
KXMLBGAME-26JUL121605COLSF,2026-07-11T21:39:47Z,2026-07-11,0.5849999999999682,0.5849999999999682,0.0,1.0,350505.92,False,,47.104037046432495,60,,100.0000000000012,,,,True,KXMLBGAME-26JUL121605COLSF
KXMLBGAME-26JUL121605COLSF,2026-07-11T21:41:19Z,2026-07-11,0.5849999999999682,0.5849999999999682,0.0,1.0,350509.92,False,,32.28329300880432,60,,100.0000000000012,,,,True,KXMLBGAME-26JUL121605COLSF
KXMLBGAME-26JUL121605COLSF,2026-07-11T21:42:37Z,2026-07-11,0.5849999999999682,0.5849999999999682,0.0,1.0,350486.92,False,,0.19730401039123535,60,,100.0000000000012,,,,True,KXMLBGAME-26JUL121605COLSF
KXMLBGAME-26JUL121605COLSF,2026-07-11T21:43:06Z,2026-07-11,0.5849999999999682,0.5849999999999682,0.0,1.0,350486.92,False,,29.197304010391235,60,,100.0000000000012,,,,True,KXMLBGAME-26JUL121605COLSF
KXMLBGAME-26JUL121605COLSF,2026-07-11T21:44:38Z,2026-07-11,0.5849999999999682,0.5849999999999682,0.0,1.0,350492.92,False,,13.03433609008789,60,,100.0000000000012,,,,True,KXMLBGAME-26JUL121605COLSF
KXMLBGAME-26JUL121605COLSF,2026-07-11T21:46:24Z,2026-07-11,0.5849999999999682,0.5849999999999682,0.0,1.0,332603.0,False,,3.734963893890381,60,,100.0000000000012,1.0,76.0,76.0,True,KXMLBGAME-26JUL121605COLSF
KXMLBGAME-26JUL121605COLSF,2026-07-11T21:48:09Z,2026-07-11,0.5849999999999682,0.5849999999999682,0.0,1.0,331821.0,False,,4.215271949768066,60,,100.0000000000012,,,76.0,True,KXMLBGAME-26JUL121605COLSF
KXMLBGAME-26JUL121605COLSF,2026-07-11T21:48:19Z,2026-07-11,0.5849999999999682,0.5849999999999682,0.0,1.0,331821.0,False,,14.215271949768066,60,,100.0000000000012,,,76.0,True,KXMLBGAME-26JUL121605COLSF
KXMLBGAME-26JUL121605COLSF,2026-07-11T21:49:51Z,2026-07-11,0.5849999999999682,0.5849999999999682,0.0,1.0,331821.0,False,,50.84470510482788,60,,100.0000000000012,,,76.0,True,KXMLBGAME-26JUL121605COLSF
KXMLBGAME-26JUL121605COLSF,2026-07-11T21:51:20Z,2026-07-11,0.5849999999999682,0.5849999999999682,0.0,1.0,331821.0,False,,26.821152925491333,60,,100.0000000000012,,,,True,KXMLBGAME-26JUL121605COLSF
KXMLBGAME-26JUL121605COLSF,2026-07-11T21:54:00Z,2026-07-11,0.5849999999999682,0.5849999999999682,0.0,1.0,350423.60000000003,False,,21.31169295310974,60,,100.0000000000012,,,,True,KXMLBGAME-26JUL121605COLSF
KXMLBGAME-26JUL121605COLSF,2026-07-11T21:54:33Z,2026-07-11,0.5849999999999682,0.5849999999999682,0.0,1.0,350423.60000000003,False,,54.31169295310974,60,,100.0000000000012,,,,True,KXMLBGAME-26JUL121605COLSF
KXMLBGAME-26JUL121605COLSF,2026-07-11T21:56:01Z,2026-07-11,0.5849999999999682,0.5849999999999682,0.0,1.0,350423.60000000003,False,,32.8745379447937,60,,100.0000000000012,,,,True,KXMLBGAME-26JUL121605COLSF
KXMLBGAME-26JUL121605COLSF,2026-07-11T21:57:28Z,2026-07-11,0.5849999999999682,0.5849999999999682,0.0,1.0,350423.60000000003,False,,12.486577987670898,60,,100.0000000000012,,,,True,KXMLBGAME-26JUL121605COLSF
KXMLBGAME-26JUL121605COLSF,2026-07-11T21:58:58Z,2026-07-11,0.5849999999999682,0.5849999999999682,0.0,1.0,350423.60000000003,False,,48.767772912979126,60,,100.0000000000012,,,,True,KXMLBGAME-26JUL121605COLSF
KXMLBGAME-26JUL121605COLSF,2026-07-11T21:59:37Z,2026-07-11,0.5849999999999682,0.5849999999999682,0.0,1.0,350423.60000000003,False,,34.25048208236694,60,,100.0000000000012,,,,True,KXMLBGAME-26JUL121605COLSF
KXMLBGAME-26JUL121605COLSF,2026-07-11T22:00:24Z,2026-07-11,0.5849999999999682,0.5849999999999682,0.0,1.0,350423.60000000003,False,,27.29489803314209,60,,100.0000000000012,,,,True,KXMLBGAME-26JUL121605COLSF
KXMLBGAME-26JUL121605COLSF,2026-07-11T22:02:00Z,2026-07-11,0.5849999999999682,0.5849999999999682,0.0,1.0,350423.60000000003,False,,14.399856090545654,60,,100.0000000000012,,,,True,KXMLBGAME-26JUL121605COLSF
KXMLBGAME-26JUL121605COLSF,2026-07-11T22:03:38Z,2026-07-11,0.5849999999999682,0.5849999999999682,0.0,1.0,350423.60000000003,False,,4.011054992675781,60,,100.0000000000012,,,,True,KXMLBGAME-26JUL121605COLSF
KXMLBGAME-26JUL121605COLSF,2026-07-11T22:05:09Z,2026-07-11,0.5849999999999682,0.5849999999999682,0.0,1.0,350423.60000000003,False,,41.55695295333862,60,,100.0000000000012,,,,True,KXMLBGAME-26JUL121605COLSF
KXMLBGAME-26JUL121605COLSF,2026-07-11T22:05:11Z,2026-07-11,0.5849999999999682,0.5849999999999682,0.0,1.0,350423.60000000003,False,,43.55695295333862,60,,100.0000000000012,,,,True,KXMLBGAME-26JUL121605COLSF
KXMLBGAME-26JUL121605COLSF,2026-07-11T22:06:45Z,2026-07-11,0.5849999999999682,0.5849999999999682,0.0,1.0,350422.60000000003,False,,29.051708936691284,60,,100.0000000000012,,,,True,KXMLBGAME-26JUL121605COLSF
KXMLBGAME-26JUL121605COLSF,2026-07-11T22:08:14Z,2026-07-11,0.5849999999999682,0.5849999999999682,0.0,1.0,350459.60000000003,False,,10.175434112548828,60,,100.0000000000012,1.0,15.0,45.0,True,KXMLBGAME-26JUL121605COLSF
KXMLBGAME-26JUL121605COLSF,2026-07-11T22:10:00Z,2026-07-11,0.5849999999999682,0.5849999999999682,0.0,1.0,350471.60000000003,False,,11.234381914138794,60,,100.0000000000012,,,45.0,True,KXMLBGAME-26JUL121605COLSF
KXMLBGAME-26JUL121605COLSF,2026-07-11T22:10:43Z,2026-07-11,0.5849999999999682,0.5849999999999682,0.0,1.0,350471.60000000003,False,,54.234381914138794,60,,100.0000000000012,,,45.0,True,KXMLBGAME-26JUL121605COLSF
KXMLBGAME-26JUL121605COLSF,2026-07-11T22:11:36Z,2026-07-11,0.5849999999999682,0.5849999999999682,0.0,1.0,350372.60000000003,False,,52.208492040634155,60,,100.0000000000012,,,45.0,True,KXMLBGAME-26JUL121605COLSF
KXMLBGAME-26JUL121605COLSF,2026-07-11T22:13:14Z,2026-07-11,0.5849999999999682,0.5849999999999682,0.0,1.0,350555.60000000003,False,,38.62694501876831,60,,100.0000000000012,,,,True,KXMLBGAME-26JUL121605COLSF
KXMLBGAME-26JUL121605COLSF,2026-07-11T22:14:53Z,2026-07-11,0.5849999999999682,0.5849999999999682,0.0,1.0,350567.60000000003,False,,24.79630398750305,60,,100.0000000000012,,,,True,KXMLBGAME-26JUL121605COLSF
KXMLBGAME-26JUL121605COLSF,2026-07-11T22:16:28Z,2026-07-11,0.5849999999999682,0.5849999999999682,0.0,1.0,349536.61,False,,7.038662910461426,60,,100.0000000000012,1.0,214.0,214.0,True,KXMLBGAME-26JUL121605COLSF
KXMLBGAME-26JUL121605COLSF,2026-07-11T22:16:33Z,2026-07-11,0.5849999999999682,0.5849999999999682,0.0,1.0,349536.61,False,,12.038662910461426,60,,100.0000000000012,1.0,200.0,214.0,True,KXMLBGAME-26JUL121605COLSF
KXMLBGAME-26JUL121605COLSF,2026-07-11T22:19:50Z,2026-07-11,0.5849999999999682,0.5849999999999682,0.0,1.0,349426.61,False,,48.06604290008545,60,,100.0000000000012,1.0,234.0,1043.0,True,KXMLBGAME-26JUL121605COLSF
KXMLBGAME-26JUL121605COLSF,2026-07-11T22:21:37Z,2026-07-11,0.5849999999999682,0.5849999999999682,0.0,1.0,349366.61,False,,54.057559967041016,60,,100.0000000000012,1.0,346.0,1328.0,True,KXMLBGAME-26JUL121605COLSF
KXMLBGAME-26JUL121605COLSF,2026-07-11T22:22:15Z,2026-07-11,0.5849999999999682,0.5849999999999682,0.0,1.0,349273.61,False,,35.74936103820801,60,,100.0000000000012,1.0,343.0,1556.0,True,KXMLBGAME-26JUL121605COLSF
KXMLBGAME-26JUL121605COLSF,2026-07-12T20:29:28Z,2026-07-12,0.47499999999999093,0.49500000000000105,0.02000000000001012,1.0,,,43.0,,60,-0.9836613821449541,,,,,True,KXMLBGAME-26JUL121605COLSF
KXMLBGAME-26JUL121605COLSF,2026-07-12T21:17:52Z,2026-07-12,0.6250000000001539,0.6250000000001539,0.0,1.0,,,21.0,,60,-0.10525591669571599,,,,,True,KXMLBGAME-26JUL121605COLSF
KXMLBGAME-26JUL121605COLSF,2026-07-12T22:04:58Z,2026-07-12,0.64,0.7049999999996712,0.06499999999967121,1.0,,,25.0,,60,0.9848717884067472,,,,,True,KXMLBGAME-26JUL121605COLSF
KXMLBGAME-26JUL121610AZLAD,2026-07-11T02:10:38Z,2026-07-11,0.65,0.65,0.0,0.0,9186.33,False,21.0,46.95724606513977,60,0.3493865992606882,100.00000000000009,,,434.0,False,KXMLBGAME-26JUL121610AZLAD
KXMLBGAME-26JUL121610AZLAD,2026-07-11T02:12:13Z,2026-07-11,0.65,0.65,0.0,0.0,9186.33,False,,39.75417995452881,60,,100.00000000000009,-1.0,-443.0,-9.0,False,KXMLBGAME-26JUL121610AZLAD
KXMLBGAME-26JUL121610AZLAD,2026-07-11T02:13:38Z,2026-07-11,0.65,0.65,0.0,0.0,9168.33,False,,22.898250102996826,60,,100.00000000000009,,,-443.0,False,KXMLBGAME-26JUL121610AZLAD
KXMLBGAME-26JUL121610AZLAD,2026-07-11T02:15:03Z,2026-07-11,0.65,0.65,0.0,0.0,9168.33,False,,6.354171991348267,60,,100.00000000000009,,,-443.0,False,KXMLBGAME-26JUL121610AZLAD
KXMLBGAME-26JUL121610AZLAD,2026-07-11T02:16:15Z,2026-07-11,0.65,0.65,0.0,0.0,9167.33,False,,25.64190411567688,60,,100.00000000000009,,,-443.0,False,KXMLBGAME-26JUL121610AZLAD
KXMLBGAME-26JUL121610AZLAD,2026-07-11T02:16:28Z,2026-07-11,0.65,0.65,0.0,0.0,9167.33,False,,38.64190411567688,60,,100.00000000000009,,,-443.0,False,KXMLBGAME-26JUL121610AZLAD
KXMLBGAME-26JUL121610AZLAD,2026-07-11T02:17:54Z,2026-07-11,0.65,0.65,0.0,0.0,9168.33,False,,33.10057210922241,60,,100.00000000000009,,,,False,KXMLBGAME-26JUL121610AZLAD
KXMLBGAME-26JUL121610AZLAD,2026-07-11T02:19:17Z,2026-07-11,0.65,0.65,0.0,0.0,9172.33,False,,26.598697900772095,60,,100.00000000000009,,,,False,KXMLBGAME-26JUL121610AZLAD
KXMLBGAME-26JUL121610AZLAD,2026-07-11T02:20:39Z,2026-07-11,0.65,0.65,0.0,0.0,9182.33,False,,17.621962070465088,60,,100.00000000000009,,,,False,KXMLBGAME-26JUL121610AZLAD
KXMLBGAME-26JUL121610AZLAD,2026-07-11T02:21:54Z,2026-07-11,0.65,0.65,0.0,0.0,9186.33,False,,49.06157898902893,60,,100.00000000000009,,,,False,KXMLBGAME-26JUL121610AZLAD
KXMLBGAME-26JUL121610AZLAD,2026-07-11T02:21:54Z,2026-07-11,0.65,0.65,0.0,0.0,9186.33,False,,49.06157898902893,60,,100.00000000000009,,,,False,KXMLBGAME-26JUL121610AZLAD
KXMLBGAME-26JUL121610AZLAD,2026-07-11T02:23:16Z,2026-07-11,0.65,0.65,0.0,0.0,9188.35,False,,29.842967987060547,60,,100.00000000000009,,,-443.0,False,KXMLBGAME-26JUL121610AZLAD
KXMLBGAME-26JUL121610AZLAD,2026-07-11T02:24:38Z,2026-07-11,0.65,0.65,0.0,0.0,9187.35,False,,10.936920881271362,60,,100.00000000000009,,,-443.0,False,KXMLBGAME-26JUL121610AZLAD
KXMLBGAME-26JUL121610AZLAD,2026-07-11T02:26:00Z,2026-07-11,0.65,0.65,0.0,0.0,9194.35,False,,43.122381925582886,60,,100.00000000000009,,,-443.0,False,KXMLBGAME-26JUL121610AZLAD
KXMLBGAME-26JUL121610AZLAD,2026-07-11T02:27:23Z,2026-07-11,0.65,0.65,0.0,0.0,9203.35,False,,25.484941005706787,60,,100.00000000000009,,,,False,KXMLBGAME-26JUL121610AZLAD
KXMLBGAME-26JUL121610AZLAD,2026-07-11T02:27:30Z,2026-07-11,0.65,0.65,0.0,0.0,9203.35,False,,32.48494100570679,60,,100.00000000000009,,,,False,KXMLBGAME-26JUL121610AZLAD
KXMLBGAME-26JUL121610AZLAD,2026-07-11T02:28:46Z,2026-07-11,0.65,0.65,0.0,0.0,9120.33,False,,8.145333051681519,60,,100.00000000000009,1.0,436.0,436.0,False,KXMLBGAME-26JUL121610AZLAD
KXMLBGAME-26JUL121610AZLAD,2026-07-11T02:30:10Z,2026-07-11,0.65,0.65,0.0,0.0,9109.65,False,,41.47108602523804,60,,100.00000000000009,,,1.0,False,KXMLBGAME-26JUL121610AZLAD
KXMLBGAME-26JUL121610AZLAD,2026-07-11T02:31:35Z,2026-07-11,0.65,0.65,0.0,0.0,9115.65,False,,29.12468910217285,60,,100.00000000000009,,,1.0,False,KXMLBGAME-26JUL121610AZLAD
KXMLBGAME-26JUL121610AZLAD,2026-07-11T02:33:06Z,2026-07-11,0.65,0.65,0.0,0.0,9122.65,False,34.0,20.376842975616455,60,0.45346599249714564,100.00000000000009,,,-435.0,False,KXMLBGAME-26JUL121610AZLAD
KXMLBGAME-26JUL121610AZLAD,2026-07-11T02:34:25Z,2026-07-11,0.65,0.65,0.0,0.0,9130.65,False,,49.27947497367859,60,,100.00000000000009,,,,False,KXMLBGAME-26JUL121610AZLAD
KXMLBGAME-26JUL121610AZLAD,2026-07-11T02:35:47Z,2026-07-11,0.65,0.65,0.0,0.0,9140.65,False,,29.95017695426941,60,,100.00000000000009,,,,False,KXMLBGAME-26JUL121610AZLAD
KXMLBGAME-26JUL121610AZLAD,2026-07-11T02:37:14Z,2026-07-11,0.65,0.65,0.0,0.0,9147.65,False,,14.009850025177002,60,,100.00000000000009,,,,False,KXMLBGAME-26JUL121610AZLAD
KXMLBGAME-26JUL121610AZLAD,2026-07-11T02:38:34Z,2026-07-11,0.65,0.65,0.0,0.0,9153.65,False,,42.45158100128174,60,,100.00000000000009,,,,False,KXMLBGAME-26JUL121610AZLAD
KXMLBGAME-26JUL121610AZLAD,2026-07-11T02:38:39Z,2026-07-11,0.65,0.65,0.0,0.0,9153.65,False,,47.45158100128174,60,,100.00000000000009,,,,False,KXMLBGAME-26JUL121610AZLAD
KXMLBGAME-26JUL121610AZLAD,2026-07-11T02:40:00Z,2026-07-11,0.65,0.65,0.0,0.0,9147.65,False,,26.623750925064087,60,,100.00000000000009,,,,False,KXMLBGAME-26JUL121610AZLAD
KXMLBGAME-26JUL121610AZLAD,2026-07-11T02:41:20Z,2026-07-11,0.65,0.65,0.0,0.0,9156.65,False,,8.157330989837646,60,,100.00000000000009,,,,False,KXMLBGAME-26JUL121610AZLAD
KXMLBGAME-26JUL121610AZLAD,2026-07-11T02:42:44Z,2026-07-11,0.65,0.65,0.0,0.0,9159.65,False,,42.84124994277954,60,,100.00000000000009,,,,False,KXMLBGAME-26JUL121610AZLAD
KXMLBGAME-26JUL121610AZLAD,2026-07-11T02:44:05Z,2026-07-11,0.65,0.65,0.0,0.0,9168.65,False,,26.772829055786133,60,,100.00000000000009,,,,False,KXMLBGAME-26JUL121610AZLAD
KXMLBGAME-26JUL121610AZLAD,2026-07-11T02:44:15Z,2026-07-11,0.65,0.65,0.0,0.0,9168.65,False,,36.77282905578613,60,,100.00000000000009,,,,False,KXMLBGAME-26JUL121610AZLAD
KXMLBGAME-26JUL121610AZLAD,2026-07-11T02:45:22Z,2026-07-11,0.65,0.65,0.0,0.0,9174.65,False,,10.139425039291382,60,,100.00000000000009,,,,False,KXMLBGAME-26JUL121610AZLAD
KXMLBGAME-26JUL121610AZLAD,2026-07-11T02:46:39Z,2026-07-11,0.65,0.65,0.0,0.0,9177.65,False,,42.23850703239441,60,,100.00000000000009,,,,False,KXMLBGAME-26JUL121610AZLAD
KXMLBGAME-26JUL121610AZLAD,2026-07-11T02:47:58Z,2026-07-11,0.65,0.65,0.0,0.0,9188.65,False,,28.080739974975586,60,,100.00000000000009,,,,False,KXMLBGAME-26JUL121610AZLAD
KXMLBGAME-26JUL121610AZLAD,2026-07-11T02:49:12Z,2026-07-11,0.65,0.65,0.0,0.0,9180.65,False,,7.161704063415527,60,,100.00000000000009,,,,False,KXMLBGAME-26JUL121610AZLAD
KXMLBGAME-26JUL121610AZLAD,2026-07-11T02:49:48Z,2026-07-11,0.65,0.65,0.0,0.0,9180.65,False,,43.16170406341553,60,,100.00000000000009,1.0,431.0,431.0,False,KXMLBGAME-26JUL121610AZLAD
KXMLBGAME-26JUL121610AZLAD,2026-07-11T02:50:32Z,2026-07-11,0.65,0.65,0.0,0.0,9165.15,False,,38.65630888938904,60,,100.00000000000009,,,431.0,False,KXMLBGAME-26JUL121610AZLAD
KXMLBGAME-26JUL121610AZLAD,2026-07-11T02:51:53Z,2026-07-11,0.65,0.65,0.0,0.0,9171.15,False,,24.647608995437622,60,,100.00000000000009,,,431.0,False,KXMLBGAME-26JUL121610AZLAD
KXMLBGAME-26JUL121610AZLAD,2026-07-11T02:53:07Z,2026-07-11,0.65,0.65,0.0,0.0,9174.15,False,,5.016820907592773,60,,100.00000000000009,,,929.0,False,KXMLBGAME-26JUL121610AZLAD
KXMLBGAME-26JUL121610AZLAD,2026-07-11T02:55:22Z,2026-07-11,0.65,0.65,0.0,0.0,9185.15,False,,0.9057021141052246,60,,100.00000000000009,,,498.0,False,KXMLBGAME-26JUL121610AZLAD
KXMLBGAME-26JUL121610AZLAD,2026-07-11T02:55:58Z,2026-07-11,0.65,0.65,0.0,0.0,9185.15,False,,36.905702114105225,60,,100.00000000000009,,,498.0,False,KXMLBGAME-26JUL121610AZLAD
KXMLBGAME-26JUL121610AZLAD,2026-07-11T02:57:17Z,2026-07-11,0.65,0.65,0.0,0.0,9192.15,False,,28.330135107040405,60,,100.00000000000009,,,,False,KXMLBGAME-26JUL121610AZLAD
KXMLBGAME-26JUL121610AZLAD,2026-07-11T02:58:35Z,2026-07-11,0.65,0.65,0.0,0.0,9198.15,False,,17.07113003730774,60,,100.00000000000009,,,,False,KXMLBGAME-26JUL121610AZLAD
KXMLBGAME-26JUL121610AZLAD,2026-07-11T02:59:52Z,2026-07-11,0.65,0.65,0.0,0.0,9203.15,False,,10.027349948883057,60,,100.00000000000009,,,,False,KXMLBGAME-26JUL121610AZLAD
KXMLBGAME-26JUL121610AZLAD,2026-07-11T03:00:54Z,2026-07-11,0.65,0.65,0.0,0.0,9207.15,False,,31.620956897735596,60,,100.00000000000009,,,,False,KXMLBGAME-26JUL121610AZLAD
KXMLBGAME-26JUL121610AZLAD,2026-07-11T03:01:04Z,2026-07-11,0.65,0.65,0.0,0.0,9209.15,False,,0.6968650817871094,60,,100.00000000000009,,,,False,KXMLBGAME-26JUL121610AZLAD
KXMLBGAME-26JUL121610AZLAD,2026-07-11T03:02:19Z,2026-07-11,0.65,0.65,0.0,0.0,9191.15,False,,34.68836307525635,60,,100.00000000000009,,,,False,KXMLBGAME-26JUL121610AZLAD
KXMLBGAME-26JUL121610AZLAD,2026-07-11T03:03:39Z,2026-07-11,0.65,0.65,0.0,0.0,9193.15,False,,35.608959913253784,60,,100.00000000000009,,,,False,KXMLBGAME-26JUL121610AZLAD
KXMLBGAME-26JUL121610AZLAD,2026-07-11T03:04:52Z,2026-07-11,0.65,0.65,0.0,0.0,9197.15,False,,29.382932901382446,60,,100.00000000000009,,,,False,KXMLBGAME-26JUL121610AZLAD
KXMLBGAME-26JUL121610AZLAD,2026-07-11T03:06:08Z,2026-07-11,0.65,0.65,0.0,0.0,9199.15,False,,25.621227025985718,60,,100.00000000000009,,,,False,KXMLBGAME-26JUL121610AZLAD
KXMLBGAME-26JUL121610AZLAD,2026-07-11T03:06:20Z,2026-07-11,0.65,0.65,0.0,0.0,9199.15,False,,37.62122702598572,60,,100.00000000000009,,,,False,KXMLBGAME-26JUL121610AZLAD
KXMLBGAME-26JUL121610AZLAD,2026-07-11T03:07:27Z,2026-07-11,0.65,0.65,0.0,0.0,9203.15,False,,24.595494031906128,60,,100.00000000000009,,,,False,KXMLBGAME-26JUL121610AZLAD
KXMLBGAME-26JUL121610AZLAD,2026-07-11T03:08:42Z,2026-07-11,0.65,0.65,0.0,0.0,9207.15,False,,20.0506329536438,60,,100.00000000000009,,,,False,KXMLBGAME-26JUL121610AZLAD
KXMLBGAME-26JUL121610AZLAD,2026-07-11T03:10:08Z,2026-07-11,0.65,0.65,0.0,0.0,9201.15,False,,21.661963939666748,60,,100.00000000000009,,,,False,KXMLBGAME-26JUL121610AZLAD
KXMLBGAME-26JUL121610AZLAD,2026-07-11T03:11:21Z,2026-07-11,0.65,0.65,0.0,0.0,9206.15,False,,15.744611978530884,60,,100.00000000000009,,,,False,KXMLBGAME-26JUL121610AZLAD
KXMLBGAME-26JUL121610AZLAD,2026-07-11T03:11:46Z,2026-07-11,0.65,0.65,0.0,0.0,9208.15,False,,0.9839279651641846,60,,100.00000000000009,,,,False,KXMLBGAME-26JUL121610AZLAD
KXMLBGAME-26JUL121610AZLAD,2026-07-11T03:12:42Z,2026-07-11,0.65,0.65,0.0,0.0,9211.15,False,,16.641648054122925,60,,100.00000000000009,,,,False,KXMLBGAME-26JUL121610AZLAD
KXMLBGAME-26JUL121610AZLAD,2026-07-11T03:14:04Z,2026-07-11,0.65,0.65,0.0,0.0,9215.15,False,,16.636367082595825,60,,100.00000000000009,-1.0,-493.0,-493.0,False,KXMLBGAME-26JUL121610AZLAD
KXMLBGAME-26JUL121610AZLAD,2026-07-11T03:17:03Z,2026-07-11,0.65,0.65,0.0,0.0,9107.51,False,,36.104756116867065,60,,100.00000000000009,,,-493.0,False,KXMLBGAME-26JUL121610AZLAD
KXMLBGAME-26JUL121610AZLAD,2026-07-11T03:17:16Z,2026-07-11,0.65,0.65,0.0,0.0,9109.51,False,,9.945962905883789,60,,100.00000000000009,,,-493.0,False,KXMLBGAME-26JUL121610AZLAD
KXMLBGAME-26JUL121610AZLAD,2026-07-11T03:18:24Z,2026-07-11,0.65,0.65,0.0,0.0,9111.51,False,,37.95340609550476,60,,100.00000000000009,1.0,563.0,70.0,False,KXMLBGAME-26JUL121610AZLAD
KXMLBGAME-26JUL121610AZLAD,2026-07-11T03:19:45Z,2026-07-11,0.65,0.65,0.0,0.0,8932.35,False,,39.98160910606384,60,,100.00000000000009,,,563.0,False,KXMLBGAME-26JUL121610AZLAD
KXMLBGAME-26JUL121610AZLAD,2026-07-11T03:21:04Z,2026-07-11,0.65,0.65,0.0,0.0,8932.35,False,,38.41793704032898,60,,100.00000000000009,,,563.0,False,KXMLBGAME-26JUL121610AZLAD
KXMLBGAME-26JUL121610AZLAD,2026-07-11T03:22:23Z,2026-07-11,0.65,0.65,0.0,0.0,8934.35,False,,37.89397096633911,60,,100.00000000000009,,,563.0,False,KXMLBGAME-26JUL121610AZLAD
KXMLBGAME-26JUL121610AZLAD,2026-07-11T03:22:45Z,2026-07-11,0.65,0.65,0.0,0.0,8935.35,False,,19.819222927093506,60,,100.00000000000009,,,563.0,False,KXMLBGAME-26JUL121610AZLAD
KXMLBGAME-26JUL121610AZLAD,2026-07-11T03:23:45Z,2026-07-11,0.65,0.65,0.0,0.0,8936.35,False,,38.99284601211548,60,,100.00000000000009,,,,False,KXMLBGAME-26JUL121610AZLAD
KXMLBGAME-26JUL121610AZLAD,2026-07-11T03:25:02Z,2026-07-11,0.65,0.65,0.0,0.0,8938.35,False,,32.88787508010864,60,,100.00000000000009,,,,False,KXMLBGAME-26JUL121610AZLAD
KXMLBGAME-26JUL121610AZLAD,2026-07-11T03:26:21Z,2026-07-11,0.65,0.65,0.0,0.0,8940.35,False,,27.132150888442993,60,,100.00000000000009,,,,False,KXMLBGAME-26JUL121610AZLAD
KXMLBGAME-26JUL121610AZLAD,2026-07-11T03:27:40Z,2026-07-11,0.65,0.65,0.0,0.0,8942.35,False,,26.487685918807983,60,,100.00000000000009,-1.0,-681.0,-681.0,False,KXMLBGAME-26JUL121610AZLAD
KXMLBGAME-26JUL121610AZLAD,2026-07-11T03:28:15Z,2026-07-11,0.65,0.65,0.0,0.0,8831.25,False,,21.978025913238525,60,,100.00000000000009,-1.0,-681.0,-681.0,False,KXMLBGAME-26JUL121610AZLAD
KXMLBGAME-26JUL121610AZLAD,2026-07-11T03:28:58Z,2026-07-11,0.65,0.65,0.0,0.0,8832.25,False,,24.17234992980957,60,,100.00000000000009,,,-681.0,False,KXMLBGAME-26JUL121610AZLAD
KXMLBGAME-26JUL121610AZLAD,2026-07-11T03:30:24Z,2026-07-11,0.65,0.65,0.0,0.0,8833.25,False,,29.143105030059814,60,,100.00000000000009,,,-681.0,False,KXMLBGAME-26JUL121610AZLAD
KXMLBGAME-26JUL121610AZLAD,2026-07-11T03:31:44Z,2026-07-11,0.65,0.65,0.0,0.0,8834.25,False,,25.339571952819824,60,,100.00000000000009,,,-681.0,False,KXMLBGAME-26JUL121610AZLAD
KXMLBGAME-26JUL121610AZLAD,2026-07-11T03:33:07Z,2026-07-11,0.65,0.65,0.0,0.0,8836.25,False,,25.126249074935913,60,,100.00000000000009,,,,False,KXMLBGAME-26JUL121610AZLAD
KXMLBGAME-26JUL121610AZLAD,2026-07-11T03:33:47Z,2026-07-11,0.65,0.65,0.0,0.0,8837.25,False,,24.250489950180054,60,,100.00000000000009,,,,False,KXMLBGAME-26JUL121610AZLAD
KXMLBGAME-26JUL121610AZLAD,2026-07-11T03:34:25Z,2026-07-11,0.65,0.65,0.0,0.0,8838.25,False,,21.457146883010864,60,,100.00000000000009,,,,False,KXMLBGAME-26JUL121610AZLAD
KXMLBGAME-26JUL121610AZLAD,2026-07-11T03:35:46Z,2026-07-11,0.65,0.65,0.0,0.0,8832.25,False,,20.878194093704224,60,,100.00000000000009,,,,False,KXMLBGAME-26JUL121610AZLAD
KXMLBGAME-26JUL121610AZLAD,2026-07-11T03:38:43Z,2026-07-11,0.65,0.65,0.0,0.0,8837.25,False,,37.16050696372986,60,,100.00000000000009,,,,False,KXMLBGAME-26JUL121610AZLAD
KXMLBGAME-26JUL121610AZLAD,2026-07-11T03:39:19Z,2026-07-11,0.65,0.65,0.0,0.0,8838.25,False,,33.47862696647644,60,,100.00000000000009,,,,False,KXMLBGAME-26JUL121610AZLAD
KXMLBGAME-26JUL121610AZLAD,2026-07-11T03:40:09Z,2026-07-11,0.65,0.65,0.0,0.0,8833.25,False,,1.8397290706634521,60,,100.00000000000009,,,,False,KXMLBGAME-26JUL121610AZLAD
KXMLBGAME-26JUL121610AZLAD,2026-07-11T03:41:30Z,2026-07-11,0.65,0.65,0.0,0.0,8835.25,False,,2.3408501148223877,60,,100.00000000000009,,,,False,KXMLBGAME-26JUL121610AZLAD
KXMLBGAME-26JUL121610AZLAD,2026-07-11T03:42:46Z,2026-07-11,0.65,0.65,0.0,0.0,8836.25,False,,38.192068099975586,60,,100.00000000000009,,,,False,KXMLBGAME-26JUL121610AZLAD
KXMLBGAME-26JUL121610AZLAD,2026-07-11T03:44:04Z,2026-07-11,0.65,0.65,0.0,0.0,8832.25,False,,36.27766489982605,60,,100.00000000000009,,,,False,KXMLBGAME-26JUL121610AZLAD
KXMLBGAME-26JUL121610AZLAD,2026-07-11T03:44:50Z,2026-07-11,0.65,0.65,0.0,0.0,8833.25,False,,4.69911789894104,60,,100.00000000000009,,,,False,KXMLBGAME-26JUL121610AZLAD
KXMLBGAME-26JUL121610AZLAD,2026-07-11T03:45:21Z,2026-07-11,0.65,0.65,0.0,0.0,8833.25,False,,35.69911789894104,60,,100.00000000000009,,,,False,KXMLBGAME-26JUL121610AZLAD
KXMLBGAME-26JUL121610AZLAD,2026-07-11T03:46:35Z,2026-07-11,0.65,0.65,0.0,0.0,8836.25,False,,32.896761894226074,60,,100.00000000000009,,,,False,KXMLBGAME-26JUL121610AZLAD
KXMLBGAME-26JUL121610AZLAD,2026-07-11T03:47:50Z,2026-07-11,0.65,0.65,0.0,0.0,8833.25,False,,22.370609045028687,60,,100.00000000000009,,,,False,KXMLBGAME-26JUL121610AZLAD
KXMLBGAME-26JUL121610AZLAD,2026-07-11T03:49:04Z,2026-07-11,0.65,0.65,0.0,0.0,8834.25,False,,9.92906904220581,60,,100.00000000000009,,,,False,KXMLBGAME-26JUL121610AZLAD
KXMLBGAME-26JUL121610AZLAD,2026-07-11T03:50:12Z,2026-07-11,0.65,0.65,0.0,0.0,8833.25,False,,35.02068901062012,60,,100.00000000000009,,,,False,KXMLBGAME-26JUL121610AZLAD
KXMLBGAME-26JUL121610AZLAD,2026-07-11T03:50:22Z,2026-07-11,0.65,0.65,0.0,0.0,8833.25,False,,2.222625970840454,60,,100.00000000000009,,,,False,KXMLBGAME-26JUL121610AZLAD
KXMLBGAME-26JUL121610AZLAD,2026-07-11T03:51:42Z,2026-07-11,0.65,0.65,0.0,0.0,8835.25,False,,39.047280073165894,60,,100.00000000000009,,,,False,KXMLBGAME-26JUL121610AZLAD
KXMLBGAME-26JUL121610AZLAD,2026-07-11T03:53:02Z,2026-07-11,0.65,0.65,0.0,0.0,8837.25,False,,32.235596895217896,60,,100.00000000000009,,,,False,KXMLBGAME-26JUL121610AZLAD
KXMLBGAME-26JUL121610AZLAD,2026-07-11T03:54:19Z,2026-07-11,0.65,0.65,0.0,0.0,8833.25,False,,27.563764095306396,60,,100.00000000000009,,,,False,KXMLBGAME-26JUL121610AZLAD
KXMLBGAME-26JUL121610AZLAD,2026-07-11T03:55:33Z,2026-07-11,0.65,0.65,0.0,0.0,8835.25,False,,22.775996923446655,60,,100.00000000000009,,,,False,KXMLBGAME-26JUL121610AZLAD
KXMLBGAME-26JUL121610AZLAD,2026-07-11T03:55:40Z,2026-07-11,0.65,0.65,0.0,0.0,8835.25,False,,29.775996923446655,60,,100.00000000000009,,,,False,KXMLBGAME-26JUL121610AZLAD
KXMLBGAME-26JUL121610AZLAD,2026-07-11T03:56:54Z,2026-07-11,0.65,0.65,0.0,0.0,8837.25,False,,22.38188099861145,60,,100.00000000000009,,,,False,KXMLBGAME-26JUL121610AZLAD
KXMLBGAME-26JUL121610AZLAD,2026-07-11T03:59:48Z,2026-07-11,0.65,0.65,0.0,0.0,8785.25,False,,32.598474979400635,60,,100.00000000000009,,,-694.0,False,KXMLBGAME-26JUL121610AZLAD
KXMLBGAME-26JUL121610AZLAD,2026-07-11T04:01:09Z,2026-07-11,0.65,0.65,0.0,0.0,8743.73,False,,31.189682960510254,60,,100.00000000000009,,,695.0,False,KXMLBGAME-26JUL121610AZLAD
KXMLBGAME-26JUL121610AZLAD,2026-07-11T04:01:12Z,2026-07-11,0.65,0.65,0.0,0.0,8743.73,False,,34.189682960510254,60,,100.00000000000009,,,695.0,False,KXMLBGAME-26JUL121610AZLAD
KXMLBGAME-26JUL121610AZLAD,2026-07-11T04:02:26Z,2026-07-11,0.65,0.65,0.0,0.0,8744.73,False,,27.152976036071777,60,,100.00000000000009,,,695.0,False,KXMLBGAME-26JUL121610AZLAD
KXMLBGAME-26JUL121610AZLAD,2026-07-11T04:03:44Z,2026-07-11,0.65,0.65,0.0,0.0,8745.73,False,,24.441800117492676,60,,100.00000000000009,,,1389.0,False,KXMLBGAME-26JUL121610AZLAD
KXMLBGAME-26JUL121610AZLAD,2026-07-11T04:05:02Z,2026-07-11,0.65,0.65,0.0,0.0,8743.73,False,,22.885369062423706,60,,100.00000000000009,,,,False,KXMLBGAME-26JUL121610AZLAD
KXMLBGAME-26JUL121610AZLAD,2026-07-11T04:06:19Z,2026-07-11,0.65,0.65,0.0,0.0,8743.73,False,,21.95598292350769,60,,100.00000000000009,,,,False,KXMLBGAME-26JUL121610AZLAD
KXMLBGAME-26JUL121610AZLAD,2026-07-11T04:06:39Z,2026-07-11,0.65,0.65,0.0,0.0,8745.73,False,,2.3392250537872314,60,,100.00000000000009,,,,False,KXMLBGAME-26JUL121610AZLAD
KXMLBGAME-26JUL121610AZLAD,2026-07-11T04:07:37Z,2026-07-11,0.65,0.65,0.0,0.0,8745.73,False,,20.61547088623047,60,,100.00000000000009,,,,False,KXMLBGAME-26JUL121610AZLAD
KXMLBGAME-26JUL121610AZLAD,2026-07-11T04:08:54Z,2026-07-11,0.65,0.65,0.0,0.0,8745.73,False,,18.50990104675293,60,,100.00000000000009,,,,False,KXMLBGAME-26JUL121610AZLAD
KXMLBGAME-26JUL121610AZLAD,2026-07-11T04:10:14Z,2026-07-11,0.65,0.65,0.0,0.0,8745.73,False,,20.8078670501709,60,,100.00000000000009,,,,False,KXMLBGAME-26JUL121610AZLAD
KXMLBGAME-26JUL121610AZLAD,2026-07-11T04:11:32Z,2026-07-11,0.65,0.65,0.0,0.0,8745.73,False,,16.35928988456726,60,,100.00000000000009,,,,False,KXMLBGAME-26JUL121610AZLAD
KXMLBGAME-26JUL121610AZLAD,2026-07-11T04:12:05Z,2026-07-11,0.65,0.65,0.0,0.0,8745.73,False,,10.899188041687012,60,,100.00000000000009,,,,False,KXMLBGAME-26JUL121610AZLAD
KXMLBGAME-26JUL121610AZLAD,2026-07-11T04:12:52Z,2026-07-11,0.65,0.65,0.0,0.0,8745.73,False,,19.606672048568726,60,,100.00000000000009,,,,False,KXMLBGAME-26JUL121610AZLAD
KXMLBGAME-26JUL121610AZLAD,2026-07-11T04:14:11Z,2026-07-11,0.65,0.65,0.0,0.0,8745.73,False,,19.61066508293152,60,,100.00000000000009,,,,False,KXMLBGAME-26JUL121610AZLAD
KXMLBGAME-26JUL121610AZLAD,2026-07-11T04:15:28Z,2026-07-11,0.65,0.65,0.0,0.0,8745.73,False,,20.5867760181427,60,,100.00000000000009,,,,False,KXMLBGAME-26JUL121610AZLAD
KXMLBGAME-26JUL121610AZLAD,2026-07-11T04:16:48Z,2026-07-11,0.65,0.65,0.0,0.0,8743.73,False,,22.54201102256775,60,,100.00000000000009,,,,False,KXMLBGAME-26JUL121610AZLAD
KXMLBGAME-26JUL121610AZLAD,2026-07-11T04:17:32Z,2026-07-11,0.65,0.65,0.0,0.0,8743.73,False,,28.520853996276855,60,,100.00000000000009,,,,False,KXMLBGAME-26JUL121610AZLAD
KXMLBGAME-26JUL121610AZLAD,2026-07-11T04:18:08Z,2026-07-11,0.65,0.65,0.0,0.0,8743.73,False,,26.585829973220825,60,,100.00000000000009,,,,False,KXMLBGAME-26JUL121610AZLAD
KXMLBGAME-26JUL121610AZLAD,2026-07-11T04:21:05Z,2026-07-11,0.65,0.65,0.0,0.0,8746.73,False,,10.589176893234253,60,,100.00000000000009,,,,False,KXMLBGAME-26JUL121610AZLAD
KXMLBGAME-26JUL121610AZLAD,2026-07-11T04:22:20Z,2026-07-11,0.65,0.65,0.0,0.0,9746.73,False,,6.11868691444397,60,,100.00000000000009,,,,False,KXMLBGAME-26JUL121610AZLAD
KXMLBGAME-26JUL121610AZLAD,2026-07-11T04:22:56Z,2026-07-11,0.65,0.65,0.0,0.0,9746.73,False,,3.11543607711792,60,,100.00000000000009,,,,False,KXMLBGAME-26JUL121610AZLAD
KXMLBGAME-26JUL121610AZLAD,2026-07-11T04:23:39Z,2026-07-11,0.65,0.65,0.0,0.0,9750.73,False,,7.9490790367126465,60,,100.00000000000009,,,,False,KXMLBGAME-26JUL121610AZLAD
KXMLBGAME-26JUL121610AZLAD,2026-07-11T04:24:55Z,2026-07-11,0.65,0.65,0.0,0.0,9754.73,False,,7.396269083023071,60,,100.00000000000009,,,,False,KXMLBGAME-26JUL121610AZLAD
KXMLBGAME-26JUL121610AZLAD,2026-07-11T04:26:13Z,2026-07-11,0.65,0.65,0.0,0.0,9758.73,False,,8.087080955505371,60,,100.00000000000009,,,,False,KXMLBGAME-26JUL121610AZLAD
KXMLBGAME-26JUL121610AZLAD,2026-07-11T04:27:33Z,2026-07-11,0.65,0.65,0.0,0.0,9762.73,False,,11.003633975982666,60,,100.00000000000009,,,,False,KXMLBGAME-26JUL121610AZLAD
KXMLBGAME-26JUL121610AZLAD,2026-07-11T04:28:22Z,2026-07-11,0.65,0.65,0.0,0.0,9764.73,False,,21.66972589492798,60,,100.00000000000009,,,,False,KXMLBGAME-26JUL121610AZLAD
KXMLBGAME-26JUL121610AZLAD,2026-07-11T04:28:54Z,2026-07-11,0.65,0.65,0.0,0.0,9766.73,False,,15.418590068817139,60,,100.00000000000009,,,,False,KXMLBGAME-26JUL121610AZLAD
KXMLBGAME-26JUL121610AZLAD,2026-07-11T04:30:20Z,2026-07-11,0.65,0.65,0.0,0.0,9770.73,False,,22.811065912246704,60,,100.00000000000009,,,,False,KXMLBGAME-26JUL121610AZLAD
KXMLBGAME-26JUL121610AZLAD,2026-07-11T04:31:39Z,2026-07-11,0.65,0.65,0.0,0.0,9774.73,False,,24.232075929641724,60,,100.00000000000009,,,,False,KXMLBGAME-26JUL121610AZLAD
KXMLBGAME-26JUL121610AZLAD,2026-07-11T04:32:55Z,2026-07-11,0.65,0.65,0.0,0.0,9778.73,False,,25.782346963882446,60,,100.00000000000009,,,,False,KXMLBGAME-26JUL121610AZLAD
KXMLBGAME-26JUL121610AZLAD,2026-07-11T04:33:51Z,2026-07-11,0.65,0.65,0.0,0.0,9782.73,False,,7.1948370933532715,60,,100.00000000000009,,,,False,KXMLBGAME-26JUL121610AZLAD
KXMLBGAME-26JUL121610AZLAD,2026-07-11T04:34:18Z,2026-07-11,0.65,0.65,0.0,0.0,9782.73,False,,34.19483709335327,60,,100.00000000000009,,,,False,KXMLBGAME-26JUL121610AZLAD
KXMLBGAME-26JUL121610AZLAD,2026-07-11T04:35:35Z,2026-07-11,0.65,0.65,0.0,0.0,9786.73,False,,36.71547889709473,60,,100.00000000000009,,,,False,KXMLBGAME-26JUL121610AZLAD
KXMLBGAME-26JUL121610AZLAD,2026-07-11T04:36:54Z,2026-07-11,0.65,0.65,0.0,0.0,9792.73,False,,3.5355870723724365,60,,100.00000000000009,,,,False,KXMLBGAME-26JUL121610AZLAD
KXMLBGAME-26JUL121610AZLAD,2026-07-11T04:38:09Z,2026-07-11,0.65,0.65,0.0,0.0,9797.73,False,,4.0253660678863525,60,,100.00000000000009,,,,False,KXMLBGAME-26JUL121610AZLAD
KXMLBGAME-26JUL121610AZLAD,2026-07-11T04:39:11Z,2026-07-11,0.65,0.65,0.0,0.0,9799.73,False,,29.021825075149536,60,,100.00000000000009,,,,False,KXMLBGAME-26JUL121610AZLAD
KXMLBGAME-26JUL121610AZLAD,2026-07-11T04:39:24Z,2026-07-11,0.65,0.65,0.0,0.0,9799.73,False,,42.021825075149536,60,,100.00000000000009,,,,False,KXMLBGAME-26JUL121610AZLAD
KXMLBGAME-26JUL121610AZLAD,2026-07-11T04:42:25Z,2026-07-11,0.65,0.65,0.0,0.0,9776.73,False,,23.030560970306396,60,,100.00000000000009,,,,False,KXMLBGAME-26JUL121610AZLAD
KXMLBGAME-26JUL121610AZLAD,2026-07-11T04:43:41Z,2026-07-11,0.65,0.65,0.0,0.0,9780.73,False,,24.029481887817383,60,,100.00000000000009,,,,False,KXMLBGAME-26JUL121610AZLAD
KXMLBGAME-26JUL121610AZLAD,2026-07-11T04:44:33Z,2026-07-11,0.65,0.65,0.0,0.0,9784.73,False,,1.9625630378723145,60,,100.00000000000009,,,,False,KXMLBGAME-26JUL121610AZLAD
KXMLBGAME-26JUL121610AZLAD,2026-07-11T04:44:56Z,2026-07-11,0.65,0.65,0.0,0.0,9784.73,False,,24.962563037872314,60,,100.00000000000009,,,,False,KXMLBGAME-26JUL121610AZLAD
KXMLBGAME-26JUL121610AZLAD,2026-07-11T04:46:14Z,2026-07-11,0.65,0.65,0.0,0.0,9788.73,False,,28.67581796646118,60,,100.00000000000009,,,,False,KXMLBGAME-26JUL121610AZLAD
KXMLBGAME-26JUL121610AZLAD,2026-07-11T04:47:32Z,2026-07-11,0.65,0.65,0.0,0.0,8711.73,False,,31.865899085998535,60,,100.00000000000009,,,,False,KXMLBGAME-26JUL121610AZLAD
KXMLBGAME-26JUL121610AZLAD,2026-07-11T04:48:48Z,2026-07-11,0.65,0.65,0.0,0.0,8711.73,False,,31.76905107498169,60,,100.00000000000009,,,,False,KXMLBGAME-26JUL121610AZLAD
KXMLBGAME-26JUL121610AZLAD,2026-07-11T04:49:53Z,2026-07-11,0.65,0.65,0.0,0.0,8711.73,False,,21.968885898590088,60,,100.00000000000009,,,,False,KXMLBGAME-26JUL121610AZLAD
KXMLBGAME-26JUL121610AZLAD,2026-07-11T04:50:06Z,2026-07-11,0.65,0.65,0.0,0.0,8711.73,False,,34.96888589859009,60,,100.00000000000009,,,,False,KXMLBGAME-26JUL121610AZLAD
KXMLBGAME-26JUL121610AZLAD,2026-07-11T04:51:26Z,2026-07-11,0.65,0.65,0.0,0.0,8711.73,False,,39.85864305496216,60,,100.00000000000009,,,,False,KXMLBGAME-26JUL121610AZLAD
KXMLBGAME-26JUL121610AZLAD,2026-07-11T04:52:42Z,2026-07-11,0.65,0.65,0.0,0.0,8711.73,False,,0.5624120235443115,60,,100.00000000000009,,,,False,KXMLBGAME-26JUL121610AZLAD
KXMLBGAME-26JUL121610AZLAD,2026-07-11T04:53:56Z,2026-07-11,0.65,0.65,0.0,0.0,8711.73,False,,37.27440404891968,60,,100.00000000000009,,,,False,KXMLBGAME-26JUL121610AZLAD
KXMLBGAME-26JUL121610AZLAD,2026-07-11T04:55:12Z,2026-07-11,0.65,0.65,0.0,0.0,8711.73,False,,0.25751399993896484,60,,100.00000000000009,,,,False,KXMLBGAME-26JUL121610AZLAD
KXMLBGAME-26JUL121610AZLAD,2026-07-11T04:55:13Z,2026-07-11,0.65,0.65,0.0,0.0,8711.73,False,,1.2575139999389648,60,,100.00000000000009,,,,False,KXMLBGAME-26JUL121610AZLAD
KXMLBGAME-26JUL121610AZLAD,2026-07-11T04:56:31Z,2026-07-11,0.65,0.65,0.0,0.0,8711.73,False,,3.731969118118286,60,,100.00000000000009,,,,False,KXMLBGAME-26JUL121610AZLAD
KXMLBGAME-26JUL121610AZLAD,2026-07-11T04:57:53Z,2026-07-11,0.65,0.65,0.0,0.0,8711.73,False,,10.554338932037354,60,,100.00000000000009,,,,False,KXMLBGAME-26JUL121610AZLAD
KXMLBGAME-26JUL121610AZLAD,2026-07-11T04:59:07Z,2026-07-11,0.65,0.65,0.0,0.0,8462.73,False,,9.207490921020508,60,,100.00000000000009,,,,False,KXMLBGAME-26JUL121610AZLAD
KXMLBGAME-26JUL121610AZLAD,2026-07-11T05:00:24Z,2026-07-11,0.65,0.65,0.0,0.0,8462.73,False,,11.331527948379517,60,,100.00000000000009,,,,False,KXMLBGAME-26JUL121610AZLAD
KXMLBGAME-26JUL121610AZLAD,2026-07-11T05:00:33Z,2026-07-11,0.65,0.65,0.0,0.0,8462.73,False,,20.331527948379517,60,,100.00000000000009,,,,False,KXMLBGAME-26JUL121610AZLAD
KXMLBGAME-26JUL121610AZLAD,2026-07-11T05:03:13Z,2026-07-11,0.65,0.65,0.0,0.0,8462.73,False,,31.01306390762329,60,,100.00000000000009,,,,False,KXMLBGAME-26JUL121610AZLAD
KXMLBGAME-26JUL121610AZLAD,2026-07-11T05:04:21Z,2026-07-11,0.65,0.6650000000002556,0.015000000000255587,0.0,8462.73,False,,24.22186303138733,60,,100.00000000000009,,,,False,KXMLBGAME-26JUL121610AZLAD
KXMLBGAME-26JUL121610AZLAD,2026-07-12T01:11:24Z,2026-07-12,0.6650000000002556,0.6650000000002556,0.0,0.0,351476.35,False,,55.02931094169617,60,,99.99999999999898,,,,False,KXMLBGAME-26JUL121610AZLAD
KXMLBGAME-26JUL121610AZLAD,2026-07-12T01:13:14Z,2026-07-12,0.6650000000002556,0.6650000000002556,0.0,0.0,350787.35,False,,37.81264805793762,60,,99.99999999999898,,,,False,KXMLBGAME-26JUL121610AZLAD
KXMLBGAME-26JUL121610AZLAD,2026-07-12T01:14:43Z,2026-07-12,0.6650000000002556,0.6650000000002556,0.0,0.0,,,,,60,,,,,-2.0,False,KXMLBGAME-26JUL121610AZLAD
KXMLBGAME-26JUL121610AZLAD,2026-07-12T01:15:13Z,2026-07-12,0.6650000000002556,0.6650000000002556,0.0,0.0,350762.35,False,,29.95196008682251,60,,99.99999999999898,,,-2.0,False,KXMLBGAME-26JUL121610AZLAD
KXMLBGAME-26JUL121610AZLAD,2026-07-12T01:17:13Z,2026-07-12,0.6650000000002556,0.6650000000002556,0.0,0.0,350770.63,False,,22.388394117355347,60,,99.99999999999898,1.0,94.0,92.0,False,KXMLBGAME-26JUL121610AZLAD
KXMLBGAME-26JUL121610AZLAD,2026-07-12T01:19:15Z,2026-07-12,0.6650000000002556,0.6650000000002556,0.0,0.0,351760.69,False,,16.430731058120728,60,,99.99999999999898,1.0,109.0,203.0,False,KXMLBGAME-26JUL121610AZLAD
KXMLBGAME-26JUL121610AZLAD,2026-07-12T01:20:26Z,2026-07-12,0.6650000000002556,0.6650000000002556,0.0,0.0,351820.68,False,,24.172152042388916,60,,99.99999999999898,,,203.0,False,KXMLBGAME-26JUL121610AZLAD
KXMLBGAME-26JUL121610AZLAD,2026-07-12T01:21:17Z,2026-07-12,0.6650000000002556,0.6650000000002556,0.0,0.0,351891.68,False,,13.47771692276001,60,,99.99999999999898,1.0,58.0,261.0,False,KXMLBGAME-26JUL121610AZLAD
KXMLBGAME-26JUL121610AZLAD,2026-07-12T01:23:11Z,2026-07-12,0.6650000000002556,0.6650000000002556,0.0,0.0,349894.68000000005,False,,8.600477933883667,60,,99.99999999999898,,,167.0,False,KXMLBGAME-26JUL121610AZLAD
KXMLBGAME-26JUL121610AZLAD,2026-07-12T01:25:06Z,2026-07-12,0.6650000000002556,0.6650000000002556,0.0,0.0,,,,,60,,,,,58.0,False,KXMLBGAME-26JUL121610AZLAD
KXMLBGAME-26JUL121610AZLAD,2026-07-12T01:26:02Z,2026-07-12,0.6650000000002556,0.6650000000002556,0.0,0.0,349894.68000000005,False,,44.89208793640137,60,,99.99999999999898,,,58.0,False,KXMLBGAME-26JUL121610AZLAD
KXMLBGAME-26JUL121610AZLAD,2026-07-12T01:27:07Z,2026-07-12,0.6650000000002556,0.6650000000002556,0.0,0.0,349946.68,False,,51.396708965301514,60,,99.99999999999898,1.0,61.0,61.0,False,KXMLBGAME-26JUL121610AZLAD
KXMLBGAME-26JUL121610AZLAD,2026-07-12T01:29:04Z,2026-07-12,0.6650000000002556,0.6650000000002556,0.0,0.0,350005.68,False,,41.58018493652344,60,,99.99999999999898,1.0,71.0,132.0,False,KXMLBGAME-26JUL121610AZLAD
KXMLBGAME-26JUL121610AZLAD,2026-07-12T01:31:36Z,2026-07-12,0.6650000000002556,0.6650000000002556,0.0,0.0,350040.68,False,51.0,5.347271919250488,60,-0.7985258476863186,99.99999999999898,,,71.0,False,KXMLBGAME-26JUL121610AZLAD
KXMLBGAME-26JUL121610AZLAD,2026-07-12T01:32:29Z,2026-07-12,0.6650000000002556,0.6650000000002556,0.0,0.0,350040.68,False,,58.34727191925049,60,,99.99999999999898,,,71.0,False,KXMLBGAME-26JUL121610AZLAD
KXMLBGAME-26JUL121610AZLAD,2026-07-12T01:34:19Z,2026-07-12,0.6650000000002556,0.6650000000002556,0.0,0.0,350080.68,False,,49.32236194610596,60,,99.99999999999898,-1.0,-206.0,-206.0,False,KXMLBGAME-26JUL121610AZLAD
KXMLBGAME-26JUL121610AZLAD,2026-07-12T01:36:14Z,2026-07-12,0.6650000000002556,0.6650000000002556,0.0,0.0,349457.68,False,,46.44591999053955,60,,99.99999999999898,,,-137.0,False,KXMLBGAME-26JUL121610AZLAD
KXMLBGAME-26JUL121610AZLAD,2026-07-12T01:37:08Z,2026-07-12,0.6650000000002556,0.6650000000002556,0.0,0.0,349497.68,False,,41.8405179977417,60,,99.99999999999898,,,-137.0,False,KXMLBGAME-26JUL121610AZLAD
KXMLBGAME-26JUL121610AZLAD,2026-07-12T01:38:12Z,2026-07-12,0.6650000000002556,0.6650000000002556,0.0,0.0,349537.68,False,,50.00927495956421,60,,99.99999999999898,,,-137.0,False,KXMLBGAME-26JUL121610AZLAD
KXMLBGAME-26JUL121610AZLAD,2026-07-12T01:40:04Z,2026-07-12,0.6650000000002556,0.6650000000002556,0.0,0.0,349642.69,False,,50.60439205169678,60,,99.99999999999898,,,67.0,False,KXMLBGAME-26JUL121610AZLAD
KXMLBGAME-26JUL121610AZLAD,2026-07-12T01:41:54Z,2026-07-12,0.6650000000002556,0.6650000000002556,0.0,0.0,349617.69,False,,51.14880394935608,60,,99.99999999999898,,,67.0,False,KXMLBGAME-26JUL121610AZLAD
KXMLBGAME-26JUL121610AZLAD,2026-07-12T01:42:38Z,2026-07-12,0.6650000000002556,0.6650000000002556,0.0,0.0,349617.69,False,,40.774636030197144,60,,99.99999999999898,,,67.0,False,KXMLBGAME-26JUL121610AZLAD
KXMLBGAME-26JUL121610AZLAD,2026-07-12T01:43:45Z,2026-07-12,0.6650000000002556,0.6650000000002556,0.0,0.0,349637.69,False,,52.8428521156311,60,,99.99999999999898,1.0,124.0,191.0,False,KXMLBGAME-26JUL121610AZLAD
KXMLBGAME-26JUL121610AZLAD,2026-07-12T01:45:34Z,2026-07-12,0.6650000000002556,0.6650000000002556,0.0,0.0,349697.67000000004,False,,49.99543309211731,60,,99.99999999999898,,,124.0,False,KXMLBGAME-26JUL121610AZLAD
KXMLBGAME-26JUL121610AZLAD,2026-07-12T01:47:30Z,2026-07-12,0.6650000000002556,0.6650000000002556,0.0,0.0,349717.67000000004,False,,53.691482067108154,60,,99.99999999999898,1.0,59.0,183.0,False,KXMLBGAME-26JUL121610AZLAD
KXMLBGAME-26JUL121610AZLAD,2026-07-12T01:48:07Z,2026-07-12,0.6650000000002556,0.6650000000002556,0.0,0.0,330243.69,False,,36.919864892959595,60,,99.99999999999898,-1.0,57.0,181.0,False,KXMLBGAME-26JUL121610AZLAD
KXMLBGAME-26JUL121610AZLAD,2026-07-12T01:49:29Z,2026-07-12,0.6650000000002556,0.6650000000002556,0.0,0.0,327907.45,False,,8.753797054290771,60,,99.99999999999898,,,57.0,False,KXMLBGAME-26JUL121610AZLAD
KXMLBGAME-26JUL121610AZLAD,2026-07-12T01:51:18Z,2026-07-12,0.6650000000002556,0.6650000000002556,0.0,0.0,327908.45,False,,8.934863090515137,60,,99.99999999999898,,,57.0,False,KXMLBGAME-26JUL121610AZLAD
KXMLBGAME-26JUL121610AZLAD,2026-07-12T01:53:17Z,2026-07-12,0.6650000000002556,0.6650000000002556,0.0,0.0,347717.45,False,,16.26818299293518,60,,99.99999999999898,,,,False,KXMLBGAME-26JUL121610AZLAD
KXMLBGAME-26JUL121610AZLAD,2026-07-12T01:53:37Z,2026-07-12,0.6650000000002556,0.6650000000002556,0.0,0.0,347717.45,False,,36.26818299293518,60,,99.99999999999898,,,,False,KXMLBGAME-26JUL121610AZLAD
KXMLBGAME-26JUL121610AZLAD,2026-07-12T01:55:17Z,2026-07-12,0.6650000000002556,0.6650000000002556,0.0,0.0,327905.45,False,,23.574114084243774,60,,99.99999999999898,,,,False,KXMLBGAME-26JUL121610AZLAD
KXMLBGAME-26JUL121610AZLAD,2026-07-12T01:57:17Z,2026-07-12,0.6650000000002556,0.6650000000002556,0.0,0.0,349164.86,False,,30.23121690750122,60,,99.99999999999898,,,,False,KXMLBGAME-26JUL121610AZLAD
KXMLBGAME-26JUL121610AZLAD,2026-07-12T01:59:11Z,2026-07-12,0.6650000000002556,0.6650000000002556,0.0,0.0,349205.86,False,,31.73265290260315,60,,99.99999999999898,,,53.0,False,KXMLBGAME-26JUL121610AZLAD
KXMLBGAME-26JUL121610AZLAD,2026-07-12T01:59:16Z,2026-07-12,0.6650000000002556,0.6650000000002556,0.0,0.0,349205.86,False,,36.73265290260315,60,,99.99999999999898,,,53.0,False,KXMLBGAME-26JUL121610AZLAD
KXMLBGAME-26JUL121610AZLAD,2026-07-12T02:02:39Z,2026-07-12,0.6650000000002556,0.6650000000002556,0.0,0.0,349325.85,False,,24.703792095184326,60,,99.99999999999898,-1.0,-104.0,2.0,False,KXMLBGAME-26JUL121610AZLAD
KXMLBGAME-26JUL121610AZLAD,2026-07-12T02:04:42Z,2026-07-12,0.6650000000002556,0.6650000000002556,0.0,0.0,349313.41,False,,43.214595079422,60,,99.99999999999898,,,-50.0,False,KXMLBGAME-26JUL121610AZLAD
KXMLBGAME-26JUL121610AZLAD,2026-07-12T02:04:43Z,2026-07-12,0.6650000000002556,0.6650000000002556,0.0,0.0,349313.41,False,,44.214595079422,60,,99.99999999999898,,,-50.0,False,KXMLBGAME-26JUL121610AZLAD
KXMLBGAME-26JUL121610AZLAD,2026-07-12T02:06:46Z,2026-07-12,0.6650000000002556,0.6650000000002556,0.0,0.0,,,,,60,,,,,-104.0,False,KXMLBGAME-26JUL121610AZLAD
KXMLBGAME-26JUL121610AZLAD,2026-07-12T02:08:34Z,2026-07-12,0.6650000000002556,0.6650000000002556,0.0,0.0,349413.41,False,,15.504045009613037,60,,99.99999999999898,,,,False,KXMLBGAME-26JUL121610AZLAD
KXMLBGAME-26JUL121610AZLAD,2026-07-12T02:10:17Z,2026-07-12,0.6650000000002556,0.6650000000002556,0.0,0.0,347168.44999999995,False,,14.80736494064331,60,,99.99999999999898,,,,False,KXMLBGAME-26JUL121610AZLAD
KXMLBGAME-26JUL121610AZLAD,2026-07-12T02:10:22Z,2026-07-12,0.6650000000002556,0.6650000000002556,0.0,0.0,347168.44999999995,False,,19.80736494064331,60,,99.99999999999898,,,,False,KXMLBGAME-26JUL121610AZLAD
KXMLBGAME-26JUL121610AZLAD,2026-07-12T02:12:13Z,2026-07-12,0.6650000000002556,0.6650000000002556,0.0,0.0,347743.45000000007,False,,27.165918111801147,60,,99.99999999999898,1.0,43.0,87.0,False,KXMLBGAME-26JUL121610AZLAD
KXMLBGAME-26JUL121610AZLAD,2026-07-12T02:14:06Z,2026-07-12,0.6650000000002556,0.6650000000002556,0.0,0.0,347765.44,False,,32.41328692436218,60,,99.99999999999898,,,87.0,False,KXMLBGAME-26JUL121610AZLAD
KXMLBGAME-26JUL121610AZLAD,2026-07-12T02:15:41Z,2026-07-12,0.6650000000002556,0.6650000000002556,0.0,0.0,347880.44,False,,25.891243934631348,60,,99.99999999999898,,,87.0,False,KXMLBGAME-26JUL121610AZLAD
KXMLBGAME-26JUL121610AZLAD,2026-07-12T02:15:53Z,2026-07-12,0.6650000000002556,0.6650000000002556,0.0,0.0,347880.44,False,,37.89124393463135,60,,99.99999999999898,,,87.0,False,KXMLBGAME-26JUL121610AZLAD
KXMLBGAME-26JUL121610AZLAD,2026-07-12T02:17:40Z,2026-07-12,0.6650000000002556,0.6650000000002556,0.0,0.0,347885.44,False,,42.260128021240234,60,,99.99999999999898,,,,False,KXMLBGAME-26JUL121610AZLAD
KXMLBGAME-26JUL121610AZLAD,2026-07-12T02:19:24Z,2026-07-12,0.6650000000002556,0.6650000000002556,0.0,0.0,347885.44,False,,46.114131927490234,60,,99.99999999999898,,,,False,KXMLBGAME-26JUL121610AZLAD
KXMLBGAME-26JUL121610AZLAD,2026-07-12T02:21:05Z,2026-07-12,0.6650000000002556,0.6650000000002556,0.0,0.0,347889.44,False,,42.85400390625,60,,99.99999999999898,,,,False,KXMLBGAME-26JUL121610AZLAD
KXMLBGAME-26JUL121610AZLAD,2026-07-12T02:21:09Z,2026-07-12,0.6650000000002556,0.6650000000002556,0.0,0.0,347889.44,False,,46.85400390625,60,,99.99999999999898,,,,False,KXMLBGAME-26JUL121610AZLAD
KXMLBGAME-26JUL121610AZLAD,2026-07-12T02:22:56Z,2026-07-12,0.6650000000002556,0.6650000000002556,0.0,0.0,347879.44,False,,0.34458208084106445,60,,99.99999999999898,1.0,32.0,32.0,False,KXMLBGAME-26JUL121610AZLAD
KXMLBGAME-26JUL121610AZLAD,2026-07-12T02:24:46Z,2026-07-12,0.6650000000002556,0.6650000000002556,0.0,0.0,347990.44,False,,7.904259920120239,60,,99.99999999999898,,,32.0,False,KXMLBGAME-26JUL121610AZLAD
KXMLBGAME-26JUL121610AZLAD,2026-07-12T02:26:26Z,2026-07-12,0.6650000000002556,0.6650000000002556,0.0,0.0,347966.44,False,,6.932468891143799,60,,99.99999999999898,,,32.0,False,KXMLBGAME-26JUL121610AZLAD
KXMLBGAME-26JUL121610AZLAD,2026-07-12T02:26:38Z,2026-07-12,0.6650000000002556,0.6650000000002556,0.0,0.0,347966.44,False,,18.9324688911438,60,,99.99999999999898,,,32.0,False,KXMLBGAME-26JUL121610AZLAD
KXMLBGAME-26JUL121610AZLAD,2026-07-12T02:28:26Z,2026-07-12,0.6650000000002556,0.6650000000002556,0.0,0.0,347988.44,False,,24.90305209159851,60,,99.99999999999898,,,,False,KXMLBGAME-26JUL121610AZLAD
KXMLBGAME-26JUL121610AZLAD,2026-07-12T02:31:33Z,2026-07-12,0.6650000000002556,0.6650000000002556,0.0,0.0,348428.44,False,,9.035974979400635,60,,99.99999999999898,,,,False,KXMLBGAME-26JUL121610AZLAD
KXMLBGAME-26JUL121610AZLAD,2026-07-12T02:31:48Z,2026-07-12,0.6650000000002556,0.6650000000002556,0.0,0.0,348428.44,False,,24.035974979400635,60,,99.99999999999898,,,,False,KXMLBGAME-26JUL121610AZLAD
KXMLBGAME-26JUL121610AZLAD,2026-07-12T02:33:18Z,2026-07-12,0.6650000000002556,0.6650000000002556,0.0,0.0,348559.45,False,,13.028239011764526,60,,99.99999999999898,1.0,22.0,22.0,False,KXMLBGAME-26JUL121610AZLAD
KXMLBGAME-26JUL121610AZLAD,2026-07-12T02:35:01Z,2026-07-12,0.6650000000002556,0.6650000000002556,0.0,0.0,348852.45,False,,15.44158411026001,60,,99.99999999999898,,,22.0,False,KXMLBGAME-26JUL121610AZLAD
KXMLBGAME-26JUL121610AZLAD,2026-07-12T02:36:42Z,2026-07-12,0.6650000000002556,0.6650000000002556,0.0,0.0,349148.02,False,,16.505820989608765,60,,99.99999999999898,1.0,28.0,1.0,False,KXMLBGAME-26JUL121610AZLAD
KXMLBGAME-26JUL121610AZLAD,2026-07-12T02:37:10Z,2026-07-12,0.6650000000002556,0.6650000000002556,0.0,0.0,349148.02,False,,44.505820989608765,60,,99.99999999999898,-1.0,0.0,-27.0,False,KXMLBGAME-26JUL121610AZLAD
KXMLBGAME-26JUL121610AZLAD,2026-07-12T02:38:29Z,2026-07-12,0.6650000000002556,0.6650000000002556,0.0,0.0,349216.01999999996,False,,21.403309106826782,60,,99.99999999999898,1.0,90.0,41.0,False,KXMLBGAME-26JUL121610AZLAD
KXMLBGAME-26JUL121610AZLAD,2026-07-12T02:40:14Z,2026-07-12,0.6650000000002556,0.6650000000002556,0.0,0.0,349301.01,False,,25.17457604408264,60,,99.99999999999898,1.0,46.0,56.0,False,KXMLBGAME-26JUL121610AZLAD
KXMLBGAME-26JUL121610AZLAD,2026-07-12T02:42:03Z,2026-07-12,0.6650000000002556,0.6650000000002556,0.0,0.0,349322.02,False,,26.844276905059814,60,,99.99999999999898,1.0,45.0,150.0,False,KXMLBGAME-26JUL121610AZLAD
KXMLBGAME-26JUL121610AZLAD,2026-07-12T02:42:32Z,2026-07-12,0.6650000000002556,0.6650000000002556,0.0,0.0,349317.02,False,,5.100522041320801,60,,99.99999999999898,,,150.0,False,KXMLBGAME-26JUL121610AZLAD
KXMLBGAME-26JUL121610AZLAD,2026-07-12T02:43:50Z,2026-07-12,0.6650000000002556,0.6650000000002556,0.0,0.0,349347.02,False,,32.1536979675293,60,,99.99999999999898,,,60.0,False,KXMLBGAME-26JUL121610AZLAD
KXMLBGAME-26JUL121610AZLAD,2026-07-12T02:45:40Z,2026-07-12,0.6650000000002556,0.6650000000002556,0.0,0.0,349425.93,False,,40.54846906661987,60,,99.99999999999898,,,-2.0,False,KXMLBGAME-26JUL121610AZLAD
KXMLBGAME-26JUL121610AZLAD,2026-07-12T02:47:37Z,2026-07-12,0.6650000000002556,0.6650000000002556,0.0,0.0,349532.93,False,,12.300270080566406,60,,99.99999999999898,-1.0,-97.0,-144.0,False,KXMLBGAME-26JUL121610AZLAD
KXMLBGAME-26JUL121610AZLAD,2026-07-12T02:47:54Z,2026-07-12,0.6650000000002556,0.6650000000002556,0.0,0.0,349532.93,False,,29.300270080566406,60,,99.99999999999898,-1.0,-50.0,-144.0,False,KXMLBGAME-26JUL121610AZLAD
KXMLBGAME-26JUL121610AZLAD,2026-07-12T02:49:25Z,2026-07-12,0.6650000000002556,0.6650000000002556,0.0,0.0,349193.88,False,,23.54440999031067,60,,99.99999999999898,-1.0,-161.0,-253.0,False,KXMLBGAME-26JUL121610AZLAD
KXMLBGAME-26JUL121610AZLAD,2026-07-12T02:51:13Z,2026-07-12,0.6650000000002556,0.6650000000002556,0.0,0.0,349220.51,False,,35.146920919418335,60,,99.99999999999898,1.0,57.0,-205.0,False,KXMLBGAME-26JUL121610AZLAD
KXMLBGAME-26JUL121610AZLAD,2026-07-12T02:53:14Z,2026-07-12,0.6650000000002556,0.6650000000002556,0.0,0.0,348029.52999999997,False,,10.720650911331177,60,,99.99999999999898,,,-108.0,False,KXMLBGAME-26JUL121610AZLAD
KXMLBGAME-26JUL121610AZLAD,2026-07-12T02:53:18Z,2026-07-12,0.6650000000002556,0.6650000000002556,0.0,0.0,348029.52999999997,False,,14.720650911331177,60,,99.99999999999898,,,-108.0,False,KXMLBGAME-26JUL121610AZLAD
KXMLBGAME-26JUL121610AZLAD,2026-07-12T02:55:04Z,2026-07-12,0.6650000000002556,0.6650000000002556,0.0,0.0,348221.52999999997,False,,23.531738996505737,60,,99.99999999999898,,,57.0,False,KXMLBGAME-26JUL121610AZLAD
KXMLBGAME-26JUL121610AZLAD,2026-07-12T02:56:53Z,2026-07-12,0.6650000000002556,0.6650000000002556,0.0,0.0,347926.52,False,,36.39777708053589,60,,99.99999999999898,,,53.0,False,KXMLBGAME-26JUL121610AZLAD
KXMLBGAME-26JUL121610AZLAD,2026-07-12T02:58:40Z,2026-07-12,0.6650000000002556,0.6650000000002556,0.0,0.0,347986.52,False,19.0,0.11742401123046875,60,-0.8363824110526393,99.99999999999898,,,53.0,False,KXMLBGAME-26JUL121610AZLAD
KXMLBGAME-26JUL121610AZLAD,2026-07-12T03:00:06Z,2026-07-12,0.6650000000002556,0.6650000000002556,0.0,0.0,346854.05,False,,38.479377031326294,60,,99.99999999999898,-1.0,-50.0,3.0,False,KXMLBGAME-26JUL121610AZLAD
KXMLBGAME-26JUL121610AZLAD,2026-07-12T03:01:51Z,2026-07-12,0.6650000000002556,0.6650000000002556,0.0,0.0,345105.75,False,,47.30133891105652,60,,99.99999999999898,1.0,52.0,2.0,False,KXMLBGAME-26JUL121610AZLAD
KXMLBGAME-26JUL121610AZLAD,2026-07-12T03:03:33Z,2026-07-12,0.6650000000002556,0.6650000000002556,0.0,0.0,345215.75,False,,8.307971000671387,60,,99.99999999999898,,,2.0,False,KXMLBGAME-26JUL121610AZLAD
KXMLBGAME-26JUL121610AZLAD,2026-07-12T03:04:02Z,2026-07-12,0.6650000000002556,0.6650000000002556,0.0,0.0,345215.75,False,,37.30797100067139,60,,99.99999999999898,-1.0,-104.0,-102.0,False,KXMLBGAME-26JUL121610AZLAD
KXMLBGAME-26JUL121610AZLAD,2026-07-12T03:05:18Z,2026-07-12,0.6650000000002556,0.6650000000002556,0.0,0.0,347130.52,False,,20.264069080352783,60,,99.99999999999898,1.0,53.0,1.0,False,KXMLBGAME-26JUL121610AZLAD
KXMLBGAME-26JUL121610AZLAD,2026-07-12T03:07:02Z,2026-07-12,0.6650000000002556,0.6650000000002556,0.0,0.0,347160.52,False,,33.33568501472473,60,,99.99999999999898,,,-51.0,False,KXMLBGAME-26JUL121610AZLAD
KXMLBGAME-26JUL121610AZLAD,2026-07-12T03:08:49Z,2026-07-12,0.6650000000002556,0.6650000000002556,0.0,0.0,347249.52,False,,41.81010103225708,60,,99.99999999999898,,,-51.0,False,KXMLBGAME-26JUL121610AZLAD
KXMLBGAME-26JUL121610AZLAD,2026-07-12T03:09:22Z,2026-07-12,0.6650000000002556,0.6650000000002556,0.0,0.0,347274.52,False,,28.553925037384033,60,,99.99999999999898,,,53.0,False,KXMLBGAME-26JUL121610AZLAD
KXMLBGAME-26JUL121610AZLAD,2026-07-12T03:10:36Z,2026-07-12,0.6650000000002556,0.6650000000002556,0.0,0.0,347321.52,False,,7.421561002731323,60,,99.99999999999898,,,,False,KXMLBGAME-26JUL121610AZLAD
KXMLBGAME-26JUL121610AZLAD,2026-07-12T03:12:17Z,2026-07-12,0.6650000000002556,0.6650000000002556,0.0,0.0,347348.52,False,,13.187227964401245,60,,99.99999999999898,,,,False,KXMLBGAME-26JUL121610AZLAD
KXMLBGAME-26JUL121610AZLAD,2026-07-12T03:13:58Z,2026-07-12,0.6650000000002556,0.6650000000002556,0.0,0.0,347402.52,False,,18.694475889205933,60,,99.99999999999898,,,,False,KXMLBGAME-26JUL121610AZLAD
KXMLBGAME-26JUL121610AZLAD,2026-07-12T03:14:45Z,2026-07-12,0.6650000000002556,0.6650000000002556,0.0,0.0,347429.52,False,,19.06284999847412,60,,99.99999999999898,,,,False,KXMLBGAME-26JUL121610AZLAD
KXMLBGAME-26JUL121610AZLAD,2026-07-12T03:15:49Z,2026-07-12,0.6650000000002556,0.6650000000002556,0.0,0.0,347548.52,False,,35.25983500480652,60,,99.99999999999898,,,,False,KXMLBGAME-26JUL121610AZLAD
KXMLBGAME-26JUL121610AZLAD,2026-07-12T03:17:32Z,2026-07-12,0.6650000000002556,0.6650000000002556,0.0,0.0,347898.52,False,,45.1110520362854,60,,99.99999999999898,1.0,40.0,81.0,False,KXMLBGAME-26JUL121610AZLAD
KXMLBGAME-26JUL121610AZLAD,2026-07-12T03:19:20Z,2026-07-12,0.6650000000002556,0.6650000000002556,0.0,0.0,347729.52,False,,11.927376985549927,60,,99.99999999999898,,,42.0,False,KXMLBGAME-26JUL121610AZLAD
KXMLBGAME-26JUL121610AZLAD,2026-07-12T03:20:04Z,2026-07-12,0.6650000000002556,0.6650000000002556,0.0,0.0,347757.52,False,,8.746869087219238,60,,99.99999999999898,,,42.0,False,KXMLBGAME-26JUL121610AZLAD
KXMLBGAME-26JUL121610AZLAD,2026-07-12T03:21:08Z,2026-07-12,0.6650000000002556,0.6650000000002556,0.0,0.0,347813.52,False,,25.066948890686035,60,,99.99999999999898,,,42.0,False,KXMLBGAME-26JUL121610AZLAD
KXMLBGAME-26JUL121610AZLAD,2026-07-12T03:23:00Z,2026-07-12,0.6650000000002556,0.6650000000002556,0.0,0.0,347917.52,False,,42.196255922317505,60,,99.99999999999898,,,-34.0,False,KXMLBGAME-26JUL121610AZLAD
KXMLBGAME-26JUL121610AZLAD,2026-07-12T03:24:48Z,2026-07-12,0.6650000000002556,0.6650000000002556,0.0,0.0,348005.53,False,,8.195950031280518,60,,99.99999999999898,,,-34.0,False,KXMLBGAME-26JUL121610AZLAD
KXMLBGAME-26JUL121610AZLAD,2026-07-12T03:25:27Z,2026-07-12,0.6650000000002556,0.6650000000002556,0.0,0.0,348005.53,False,,47.19595003128052,60,,99.99999999999898,,,-34.0,False,KXMLBGAME-26JUL121610AZLAD
KXMLBGAME-26JUL121610AZLAD,2026-07-12T03:27:52Z,2026-07-12,0.6650000000002556,0.6650000000002556,0.0,0.0,348148.53,False,,2.9088640213012695,60,,99.99999999999898,1.0,30.0,30.0,False,KXMLBGAME-26JUL121610AZLAD
KXMLBGAME-26JUL121610AZLAD,2026-07-12T03:29:34Z,2026-07-12,0.6650000000002556,0.6650000000002556,0.0,0.0,348176.53,False,,11.523390054702759,60,,99.99999999999898,-1.0,-26.0,4.0,False,KXMLBGAME-26JUL121610AZLAD
KXMLBGAME-26JUL121610AZLAD,2026-07-12T03:30:47Z,2026-07-12,0.6650000000002556,0.6650000000002556,0.0,0.0,348183.53,False,,36.83105802536011,60,,99.99999999999898,,,31.0,False,KXMLBGAME-26JUL121610AZLAD
KXMLBGAME-26JUL121610AZLAD,2026-07-12T03:31:19Z,2026-07-12,0.6650000000002556,0.6650000000002556,0.0,0.0,348183.53,False,,21.62709903717041,60,,99.99999999999898,-1.0,-26.0,5.0,False,KXMLBGAME-26JUL121610AZLAD
KXMLBGAME-26JUL121610AZLAD,2026-07-12T03:33:03Z,2026-07-12,0.6650000000002556,0.6650000000002556,0.0,0.0,348192.45,False,,31.250596046447754,60,,99.99999999999898,1.0,25.0,0.0,False,KXMLBGAME-26JUL121610AZLAD
KXMLBGAME-26JUL121610AZLAD,2026-07-12T03:34:45Z,2026-07-12,0.6650000000002556,0.6650000000002556,0.0,0.0,348375.45999999996,False,,39.33765697479248,60,,99.99999999999898,1.0,24.0,23.0,False,KXMLBGAME-26JUL121610AZLAD
KXMLBGAME-26JUL121610AZLAD,2026-07-12T03:36:07Z,2026-07-12,0.6650000000002556,0.6650000000002556,0.0,0.0,348459.45999999996,False,,28.459532976150513,60,,99.99999999999898,,,23.0,False,KXMLBGAME-26JUL121610AZLAD
KXMLBGAME-26JUL121610AZLAD,2026-07-12T03:36:24Z,2026-07-12,0.6650000000002556,0.6650000000002556,0.0,0.0,348459.45999999996,False,,45.45953297615051,60,,99.99999999999898,1.0,22.0,71.0,False,KXMLBGAME-26JUL121610AZLAD
KXMLBGAME-26JUL121610AZLAD,2026-07-12T03:38:07Z,2026-07-12,0.6650000000002556,0.6650000000002556,0.0,0.0,348543.45,False,,55.93067193031311,60,,99.99999999999898,1.0,20.0,87.0,False,KXMLBGAME-26JUL121610AZLAD
KXMLBGAME-26JUL121610AZLAD,2026-07-12T03:40:08Z,2026-07-12,0.6650000000002556,0.6650000000002556,0.0,0.0,348627.46,False,,37.009907960891724,60,,99.99999999999898,,,63.0,False,KXMLBGAME-26JUL121610AZLAD
KXMLBGAME-26JUL121610AZLAD,2026-07-12T03:41:23Z,2026-07-12,0.6650000000002556,0.6650000000002556,0.0,0.0,348394.46,False,,22.01630997657776,60,,99.99999999999898,,,41.0,False,KXMLBGAME-26JUL121610AZLAD
KXMLBGAME-26JUL121610AZLAD,2026-07-12T03:41:51Z,2026-07-12,0.6650000000002556,0.6650000000002556,0.0,0.0,348425.46,False,,4.849821090698242,60,,99.99999999999898,,,20.0,False,KXMLBGAME-26JUL121610AZLAD
KXMLBGAME-26JUL121610AZLAD,2026-07-12T03:43:29Z,2026-07-12,0.6650000000002556,0.6650000000002556,0.0,0.0,348610.46,False,,14.410324096679688,60,,99.99999999999898,1.0,33.0,33.0,False,KXMLBGAME-26JUL121610AZLAD
KXMLBGAME-26JUL121610AZLAD,2026-07-12T03:45:06Z,2026-07-12,0.6650000000002556,0.6650000000002556,0.0,0.0,348614.44999999995,False,,23.244858026504517,60,,99.99999999999898,1.0,15.0,48.0,False,KXMLBGAME-26JUL121610AZLAD
KXMLBGAME-26JUL121610AZLAD,2026-07-12T03:46:37Z,2026-07-12,0.6650000000002556,0.6650000000002556,0.0,0.0,348697.44,False,,28.070725917816162,60,,99.99999999999898,1.0,14.0,62.0,False,KXMLBGAME-26JUL121610AZLAD
KXMLBGAME-26JUL121610AZLAD,2026-07-12T03:46:43Z,2026-07-12,0.6650000000002556,0.6650000000002556,0.0,0.0,348697.44,False,,34.07072591781616,60,,99.99999999999898,,,62.0,False,KXMLBGAME-26JUL121610AZLAD
KXMLBGAME-26JUL121610AZLAD,2026-07-12T03:48:23Z,2026-07-12,0.6650000000002556,0.6650000000002556,0.0,0.0,348761.44,False,,3.960526943206787,60,,99.99999999999898,,,16.0,False,KXMLBGAME-26JUL121610AZLAD
KXMLBGAME-26JUL121610AZLAD,2026-07-12T03:50:04Z,2026-07-12,0.6650000000002556,0.6650000000002556,0.0,0.0,348841.42,False,,18.384119033813477,60,,99.99999999999898,1.0,11.0,24.0,False,KXMLBGAME-26JUL121610AZLAD
KXMLBGAME-26JUL121610AZLAD,2026-07-12T03:51:43Z,2026-07-12,0.6650000000002556,0.6650000000002556,0.0,0.0,349056.53,False,,32.00314998626709,60,,99.99999999999898,1.0,19.0,39.0,False,KXMLBGAME-26JUL121610AZLAD
KXMLBGAME-26JUL121610AZLAD,2026-07-12T03:51:52Z,2026-07-12,0.6650000000002556,0.6650000000002556,0.0,0.0,349056.53,False,,41.00314998626709,60,,99.99999999999898,1.0,19.0,52.0,False,KXMLBGAME-26JUL121610AZLAD
KXMLBGAME-26JUL121610AZLAD,2026-07-12T03:54:36Z,2026-07-12,0.6650000000002556,0.6650000000002556,0.0,0.0,349193.53,False,,36.56248998641968,60,,99.99999999999898,1.0,9.0,83.0,False,KXMLBGAME-26JUL121610AZLAD
KXMLBGAME-26JUL121610AZLAD,2026-07-12T03:56:08Z,2026-07-12,0.6650000000002556,0.6650000000002556,0.0,0.0,348207.11,False,,3.18464994430542,60,,99.99999999999898,1.0,16.0,97.0,False,KXMLBGAME-26JUL121610AZLAD
KXMLBGAME-26JUL121610AZLAD,2026-07-12T03:57:03Z,2026-07-12,0.6650000000002556,0.6750000000002581,0.010000000000002451,0.0,348193.11,False,,16.46651792526245,60,,99.99999999999898,1.0,8.0,69.0,False,KXMLBGAME-26JUL121610AZLAD
KXMLBGAME-26JUL121610AZLAD,2026-07-12T20:10:47Z,2026-07-12,0.6750000000002581,0.6750000000002581,0.0,0.0,543525.68,False,,37.758476972579956,60,,99.99999999999898,1.0,19.0,55.0,False,KXMLBGAME-26JUL121610AZLAD
KXMLBGAME-26JUL121610AZLAD,2026-07-12T20:12:25Z,2026-07-12,0.6750000000002581,0.6750000000002581,0.0,0.0,238615.09999999998,False,,4.991389989852905,60,,99.99999999999898,1.0,17.0,52.0,False,KXMLBGAME-26JUL121610AZLAD
KXMLBGAME-26JUL121610AZLAD,2026-07-12T20:12:50Z,2026-07-12,0.6750000000002581,0.6750000000002581,0.0,0.0,238615.09999999998,False,,29.991389989852905,60,,99.99999999999898,1.0,17.0,52.0,False,KXMLBGAME-26JUL121610AZLAD
KXMLBGAME-26JUL121610AZLAD,2026-07-12T20:14:02Z,2026-07-12,0.6750000000002581,0.6750000000002581,0.0,0.0,336052.8,False,,5.8935370445251465,60,,99.99999999999898,1.0,17.0,53.0,False,KXMLBGAME-26JUL121610AZLAD
KXMLBGAME-26JUL121610AZLAD,2026-07-12T20:15:45Z,2026-07-12,0.6750000000002581,0.6750000000002581,0.0,0.0,,,,,60,,,1.0,10.0,44.0,False,KXMLBGAME-26JUL121610AZLAD
KXMLBGAME-26JUL121610AZLAD,2026-07-12T20:17:29Z,2026-07-12,0.6750000000002581,0.6849999999998286,0.009999999999570575,0.0,,,,,60,,,,,36.0,False,KXMLBGAME-26JUL121610AZLAD
KXMLBGAME-26JUL121610AZLAD,2026-07-12T20:18:29Z,2026-07-12,0.6849999999998286,0.6949999999997953,0.009999999999966702,0.0,,,,,60,,,,,27.0,False,KXMLBGAME-26JUL121610AZLAD
KXMLBGAME-26JUL121610AZLAD,2026-07-12T20:19:09Z,2026-07-12,0.6949999999997953,0.7049999999996712,0.009999999999875886,0.0,,,,,60,,,,,19.0,False,KXMLBGAME-26JUL121610AZLAD
KXMLBGAME-26JUL121610AZLAD,2026-07-12T20:20:51Z,2026-07-12,0.7049999999996712,0.7150000000003277,0.010000000000656484,0.0,310441.59,False,,57.92034411430359,60,,100.00000000000009,1.0,1.0,13.0,False,KXMLBGAME-26JUL121610AZLAD
KXMLBGAME-26JUL121610AZLAD,2026-07-12T20:22:28Z,2026-07-12,0.7150000000003277,0.795000000000027,0.07999999999969931,0.0,,,,,60,,,,,6.0,False,KXMLBGAME-26JUL121610AZLAD
KXMLBGAME-26JUL121610AZLAD,2026-07-12T20:23:58Z,2026-07-12,0.795000000000027,0.795000000000027,0.0,0.0,58069.55,False,,19.13192105293274,60,,200.00000000000017,1.0,14.0,20.0,False,KXMLBGAME-26JUL121610AZLAD
KXMLBGAME-26JUL121610AZLAD,2026-07-12T20:24:07Z,2026-07-12,0.795000000000027,0.78,-0.015000000000026992,0.0,58069.55,False,,28.13192105293274,60,,200.00000000000017,1.0,14.0,20.0,False,KXMLBGAME-26JUL121610AZLAD
KXMLBGAME-26JUL121610AZLAD,2026-07-12T20:25:44Z,2026-07-12,0.78,0.7649999999998506,-0.01500000000014945,0.0,36175.57,False,,30.45230507850647,60,,100.00000000000009,1.0,18.0,32.0,False,KXMLBGAME-26JUL121610AZLAD
KXMLBGAME-26JUL121610AZLAD,2026-07-12T20:27:26Z,2026-07-12,0.7649999999998506,0.7599999999999999,-0.0049999999998506794,0.0,219901.47999999998,False,,2.6067440509796143,60,,100.00000000000009,1.0,6.0,38.0,False,KXMLBGAME-26JUL121610AZLAD
KXMLBGAME-26JUL121610AZLAD,2026-07-12T20:29:28Z,2026-07-12,0.7599999999999999,0.7599999999999999,0.0,0.0,,,43.0,,60,0.10365869225426533,,,,24.0,False,KXMLBGAME-26JUL121610AZLAD
KXMLBGAME-26JUL121610AZLAD,2026-07-12T20:30:29Z,2026-07-12,0.7599999999999999,0.7249999999999551,-0.03500000000004477,0.0,,,,,60,,,1.0,7.0,13.0,False,KXMLBGAME-26JUL121610AZLAD
KXMLBGAME-26JUL121610AZLAD,2026-07-12T20:33:32Z,2026-07-12,0.7249999999999551,0.735000000000152,0.010000000000196851,0.0,98058.39000000001,False,,54.47979211807251,60,,100.00000000000009,1.0,5.0,38.0,False,KXMLBGAME-26JUL121610AZLAD
KXMLBGAME-26JUL121610AZLAD,2026-07-12T20:34:59Z,2026-07-12,0.735000000000152,0.735000000000152,0.0,0.0,3594.0,False,,50.515860080718994,60,,100.00000000000009,1.0,9.0,57.0,False,KXMLBGAME-26JUL121610AZLAD
KXMLBGAME-26JUL121610AZLAD,2026-07-12T20:35:08Z,2026-07-12,0.735000000000152,0.7549999999996772,0.019999999999525175,0.0,3594.0,False,,59.515860080718994,60,,100.00000000000009,,,57.0,False,KXMLBGAME-26JUL121610AZLAD
KXMLBGAME-26JUL121610AZLAD,2026-07-12T20:36:49Z,2026-07-12,0.7549999999996772,0.7549999999996772,0.0,0.0,,,,,60,,,1.0,4.0,49.0,False,KXMLBGAME-26JUL121610AZLAD
KXMLBGAME-26JUL121610AZLAD,2026-07-12T20:38:13Z,2026-07-12,0.7549999999996772,0.7850000000001042,0.03000000000042702,0.0,,,,,60,,,,,44.0,False,KXMLBGAME-26JUL121610AZLAD
KXMLBGAME-26JUL121610AZLAD,2026-07-12T20:39:44Z,2026-07-12,0.7850000000001042,0.7850000000001042,0.0,0.0,,,,,60,,,1.0,10.0,47.0,False,KXMLBGAME-26JUL121610AZLAD
KXMLBGAME-26JUL121610AZLAD,2026-07-12T20:40:29Z,2026-07-12,0.7850000000001042,0.7799999999999361,-0.005000000000168092,0.0,439908.33999999997,False,,26.56724190711975,60,,100.00000000000009,1.0,4.0,47.0,False,KXMLBGAME-26JUL121610AZLAD
KXMLBGAME-26JUL121610AZLAD,2026-07-12T20:41:12Z,2026-07-12,0.7799999999999361,0.7649999999998506,-0.0150000000000855,0.0,,,,,60,,,1.0,5.0,45.0,False,KXMLBGAME-26JUL121610AZLAD
KXMLBGAME-26JUL121610AZLAD,2026-07-12T20:42:47Z,2026-07-12,0.7649999999998506,0.7549999999996772,-0.010000000000173426,0.0,,,,,60,,,1.0,16.0,56.0,False,KXMLBGAME-26JUL121610AZLAD
KXMLBGAME-26JUL121610AZLAD,2026-07-12T20:44:18Z,2026-07-12,0.7549999999996772,0.7649999999998506,0.010000000000173426,0.0,,,,,60,,,1.0,3.0,47.0,False,KXMLBGAME-26JUL121610AZLAD
KXMLBGAME-26JUL121610AZLAD,2026-07-12T20:45:47Z,2026-07-12,0.7649999999998506,0.7649999999998506,0.0,0.0,,,,,60,,,1.0,4.0,54.0,False,KXMLBGAME-26JUL121610AZLAD
KXMLBGAME-26JUL121610AZLAD,2026-07-12T20:45:51Z,2026-07-12,0.7649999999998506,0.7850000000001042,0.020000000000253593,0.0,,,,,60,,,1.0,10.0,60.0,False,KXMLBGAME-26JUL121610AZLAD
KXMLBGAME-26JUL121610AZLAD,2026-07-12T20:47:18Z,2026-07-12,0.7850000000001042,0.7850000000001042,0.0,0.0,,,,,60,,,-1.0,9.0,50.0,False,KXMLBGAME-26JUL121610AZLAD
KXMLBGAME-26JUL121610AZLAD,2026-07-12T20:48:49Z,2026-07-12,0.7850000000001042,0.774999999999719,-0.010000000000385145,0.0,,,,,60,,,-1.0,5.0,41.0,False,KXMLBGAME-26JUL121610AZLAD
KXMLBGAME-26JUL121610AZLAD,2026-07-12T20:50:23Z,2026-07-12,0.774999999999719,0.7449999999998795,-0.02999999999983949,0.0,,,,,60,,,1.0,-4.0,28.0,False,KXMLBGAME-26JUL121610AZLAD
KXMLBGAME-26JUL121610AZLAD,2026-07-12T20:51:16Z,2026-07-12,0.7449999999998795,0.7449999999998795,0.0,0.0,370663.26,False,,45.13174510002136,60,,100.00000000000009,1.0,4.0,25.0,False,KXMLBGAME-26JUL121610AZLAD
KXMLBGAME-26JUL121610AZLAD,2026-07-12T20:51:57Z,2026-07-12,0.7449999999998795,0.7449999999998795,0.0,0.0,,,,,60,,,1.0,17.0,35.0,False,KXMLBGAME-26JUL121610AZLAD
KXMLBGAME-26JUL121610AZLAD,2026-07-12T20:54:44Z,2026-07-12,0.7449999999998795,0.774999999999719,0.02999999999983949,0.0,,,,,60,,,1.0,17.0,51.0,False,KXMLBGAME-26JUL121610AZLAD
KXMLBGAME-26JUL121610AZLAD,2026-07-12T20:56:15Z,2026-07-12,0.774999999999719,0.7850000000001042,0.010000000000385145,0.0,,,,,60,,,1.0,10.0,61.0,False,KXMLBGAME-26JUL121610AZLAD
KXMLBGAME-26JUL121610AZLAD,2026-07-12T20:56:39Z,2026-07-12,0.7850000000001042,0.795000000000027,0.009999999999922848,0.0,305363.18,False,,20.45983600616455,60,,100.00000000000009,1.0,15.0,57.0,False,KXMLBGAME-26JUL121610AZLAD
KXMLBGAME-26JUL121610AZLAD,2026-07-12T20:59:11Z,2026-07-12,0.795000000000027,0.795000000000027,0.0,0.0,382577.87,False,,6.990312099456787,60,,100.00000000000009,-1.0,9.0,63.0,False,KXMLBGAME-26JUL121610AZLAD
KXMLBGAME-26JUL121610AZLAD,2026-07-12T21:00:42Z,2026-07-12,0.795000000000027,0.8550000000001763,0.06000000000014927,0.0,228736.94,False,,17.83844304084778,60,,100.00000000000009,1.0,11.0,58.0,False,KXMLBGAME-26JUL121610AZLAD
KXMLBGAME-26JUL121610AZLAD,2026-07-12T21:02:01Z,2026-07-12,0.8550000000001763,0.84,-0.015000000000176317,0.0,157044.91,False,,16.5646390914917,60,,100.00000000000009,-1.0,0.0,42.0,False,KXMLBGAME-26JUL121610AZLAD
KXMLBGAME-26JUL121610AZLAD,2026-07-12T21:02:55Z,2026-07-12,0.84,0.85,0.010000000000000009,0.0,,,,,60,,,1.0,11.0,36.0,False,KXMLBGAME-26JUL121610AZLAD
KXMLBGAME-26JUL121610AZLAD,2026-07-12T21:04:28Z,2026-07-12,0.85,0.8649999999999132,0.014999999999913194,0.0,186789.44999999998,False,,10.002485036849976,60,,100.00000000000009,1.0,14.0,39.0,False,KXMLBGAME-26JUL121610AZLAD
KXMLBGAME-26JUL121610AZLAD,2026-07-12T21:05:51Z,2026-07-12,0.8649999999999132,0.85,-0.014999999999913194,0.0,332200.76,False,,19.904728889465332,60,,100.00000000000009,1.0,-1.0,23.0,False,KXMLBGAME-26JUL121610AZLAD
KXMLBGAME-26JUL121610AZLAD,2026-07-12T21:07:17Z,2026-07-12,0.85,0.85,0.0,0.0,114484.61,False,,30.49974298477173,60,,100.00000000000009,1.0,4.0,29.0,False,KXMLBGAME-26JUL121610AZLAD
KXMLBGAME-26JUL121610AZLAD,2026-07-12T21:07:20Z,2026-07-12,0.85,0.8049999999997075,-0.04500000000029247,0.0,114484.61,False,,33.49974298477173,60,,100.00000000000009,1.0,3.0,29.0,False,KXMLBGAME-26JUL121610AZLAD
KXMLBGAME-26JUL121610AZLAD,2026-07-12T21:08:36Z,2026-07-12,0.8049999999997075,0.90499999999968,0.09999999999997244,0.0,176884.41,False,,33.74406909942627,60,,100.00000000000009,1.0,6.0,31.0,False,KXMLBGAME-26JUL121610AZLAD
KXMLBGAME-26JUL121610AZLAD,2026-07-12T21:10:09Z,2026-07-12,0.90499999999968,0.90499999999968,0.0,0.0,282546.65,False,,52.46548509597778,60,,100.00000000000009,1.0,14.0,30.0,False,KXMLBGAME-26JUL121610AZLAD
KXMLBGAME-26JUL121610AZLAD,2026-07-12T21:11:44Z,2026-07-12,0.90499999999968,0.90499999999968,0.0,0.0,,,,,60,,,-1.0,3.0,39.0,False,KXMLBGAME-26JUL121610AZLAD
KXMLBGAME-26JUL121610AZLAD,2026-07-12T21:12:30Z,2026-07-12,0.90499999999968,0.90499999999968,0.0,0.0,410820.94000000006,False,,45.9595160484314,60,,100.00000000000009,-1.0,-1.0,34.0,False,KXMLBGAME-26JUL121610AZLAD
KXMLBGAME-26JUL121610AZLAD,2026-07-12T21:13:16Z,2026-07-12,0.90499999999968,0.90499999999968,0.0,0.0,406800.98000000004,False,,17.77431011199951,60,,100.00000000000009,-1.0,6.0,28.0,False,KXMLBGAME-26JUL121610AZLAD
KXMLBGAME-26JUL121610AZLAD,2026-07-12T21:14:42Z,2026-07-12,0.90499999999968,0.90499999999968,0.0,0.0,88347.73,False,,31.039674997329712,60,,100.00000000000009,1.0,0.0,20.0,False,KXMLBGAME-26JUL121610AZLAD
KXMLBGAME-26JUL121610AZLAD,2026-07-12T21:16:15Z,2026-07-12,0.90499999999968,0.9149999999997243,0.010000000000044307,0.0,151716.19,False,,53.08958101272583,60,,100.00000000000009,-1.0,0.0,17.0,False,KXMLBGAME-26JUL121610AZLAD
KXMLBGAME-26JUL121610AZLAD,2026-07-12T21:17:52Z,2026-07-12,0.9149999999997243,0.9250000000003638,0.010000000000639497,0.0,311986.93,False,21.0,12.320466041564941,60,0.8556848530062708,100.00000000000009,1.0,1.0,15.0,False,KXMLBGAME-26JUL121610AZLAD
KXMLBGAME-26JUL121610AZLAD,2026-07-12T21:19:14Z,2026-07-12,0.9250000000003638,0.9250000000003638,0.0,0.0,235120.13999999998,False,,30.65976095199585,60,,99.99999999999898,1.0,9.0,23.0,False,KXMLBGAME-26JUL121610AZLAD
KXMLBGAME-26JUL121610AZLAD,2026-07-12T21:20:43Z,2026-07-12,0.9250000000003638,0.9250000000003638,0.0,0.0,323680.11,False,,56.70250391960144,60,,99.99999999999898,1.0,2.0,21.0,False,KXMLBGAME-26JUL121610AZLAD
KXMLBGAME-26JUL121610AZLAD,2026-07-12T21:22:10Z,2026-07-12,0.9250000000003638,0.9250000000003638,0.0,0.0,382374.54,False,,17.889123916625977,60,,99.99999999999898,1.0,13.0,34.0,False,KXMLBGAME-26JUL121610AZLAD
KXMLBGAME-26JUL121610AZLAD,2026-07-12T21:23:09Z,2026-07-12,0.9250000000003638,0.9250000000003638,0.0,0.0,370463.14999999997,False,,14.612061023712158,60,,99.99999999999898,1.0,13.0,47.0,False,KXMLBGAME-26JUL121610AZLAD
KXMLBGAME-26JUL121610AZLAD,2026-07-12T21:23:40Z,2026-07-12,0.9250000000003638,0.9250000000003638,0.0,0.0,370463.14999999997,False,,45.61206102371216,60,,99.99999999999898,1.0,4.0,44.0,False,KXMLBGAME-26JUL121610AZLAD
KXMLBGAME-26JUL121610AZLAD,2026-07-12T21:25:06Z,2026-07-12,0.9250000000003638,0.9250000000003638,0.0,0.0,388999.29000000004,False,,4.349687099456787,60,,99.99999999999898,1.0,18.0,60.0,False,KXMLBGAME-26JUL121610AZLAD
KXMLBGAME-26JUL121610AZLAD,2026-07-12T21:26:35Z,2026-07-12,0.9250000000003638,0.9250000000003638,0.0,0.0,103241.65,False,,29.999111890792847,60,,99.99999999999898,1.0,9.0,66.0,False,KXMLBGAME-26JUL121610AZLAD
KXMLBGAME-26JUL121610AZLAD,2026-07-12T21:27:57Z,2026-07-12,0.9250000000003638,0.9250000000003638,0.0,0.0,217967.53,False,,47.90724205970764,60,,99.99999999999898,1.0,8.0,57.0,False,KXMLBGAME-26JUL121610AZLAD
KXMLBGAME-26JUL121610AZLAD,2026-07-12T21:28:24Z,2026-07-12,0.9250000000003638,0.9250000000003638,0.0,0.0,272311.63,False,,12.397541046142578,60,,99.99999999999898,-1.0,11.0,59.0,False,KXMLBGAME-26JUL121610AZLAD
KXMLBGAME-26JUL121610AZLAD,2026-07-12T21:29:44Z,2026-07-12,0.9250000000003638,0.9250000000003638,0.0,0.0,451214.02999999997,False,,26.546741008758545,60,,99.99999999999898,-1.0,-3.0,34.0,False,KXMLBGAME-26JUL121610AZLAD
KXMLBGAME-26JUL121610AZLAD,2026-07-12T21:31:12Z,2026-07-12,0.9250000000003638,0.9350000000001147,0.009999999999750986,0.0,470565.8,False,,47.15113711357117,60,,99.99999999999898,1.0,5.0,28.0,False,KXMLBGAME-26JUL121610AZLAD
KXMLBGAME-26JUL121610AZLAD,2026-07-12T21:32:41Z,2026-07-12,0.9350000000001147,0.9300000000003841,-0.004999999999730664,0.0,331911.4,False,,10.929701089859009,60,,99.99999999999898,1.0,9.0,38.0,False,KXMLBGAME-26JUL121610AZLAD
KXMLBGAME-26JUL121610AZLAD,2026-07-12T21:33:37Z,2026-07-12,0.9300000000003841,0.9200000000002387,-0.010000000000145337,0.0,71356.79000000001,False,,0.9965369701385498,60,,99.99999999999898,1.0,12.0,39.0,False,KXMLBGAME-26JUL121610AZLAD
KXMLBGAME-26JUL121610AZLAD,2026-07-12T21:34:12Z,2026-07-12,0.9200000000002387,0.8450000000001642,-0.07500000000007456,0.0,71356.79000000001,False,,35.99653697013855,60,,99.99999999999898,1.0,10.0,43.0,False,KXMLBGAME-26JUL121610AZLAD
KXMLBGAME-26JUL121610AZLAD,2026-07-12T21:35:39Z,2026-07-12,0.8450000000001642,0.8550000000001763,0.01000000000001211,0.0,137166.48,False,,58.44328498840332,60,,100.00000000000009,1.0,5.0,45.0,False,KXMLBGAME-26JUL121610AZLAD
KXMLBGAME-26JUL121610AZLAD,2026-07-12T21:37:06Z,2026-07-12,0.8550000000001763,0.774999999999719,-0.08000000000045726,0.0,321747.7,False,,14.002839088439941,60,,100.00000000000009,1.0,8.0,53.0,False,KXMLBGAME-26JUL121610AZLAD
KXMLBGAME-26JUL121610AZLAD,2026-07-12T21:38:31Z,2026-07-12,0.774999999999719,0.7649999999998506,-0.009999999999868447,0.0,217933.90999999997,False,,31.10194706916809,60,,100.00000000000009,1.0,18.0,55.0,False,KXMLBGAME-26JUL121610AZLAD
KXMLBGAME-26JUL121610AZLAD,2026-07-12T21:39:57Z,2026-07-12,0.7649999999998506,0.8049999999997075,0.03999999999985693,0.0,131543.16999999998,False,,53.01373505592346,60,,100.00000000000009,1.0,11.0,64.0,False,KXMLBGAME-26JUL121610AZLAD
KXMLBGAME-26JUL121610AZLAD,2026-07-12T21:42:46Z,2026-07-12,0.8049999999997075,0.8049999999997075,0.0,0.0,349060.24,False,,34.431647062301636,60,,100.00000000000009,-1.0,2.0,60.0,False,KXMLBGAME-26JUL121610AZLAD
KXMLBGAME-26JUL121610AZLAD,2026-07-12T21:44:05Z,2026-07-12,0.8049999999997075,0.8049999999997075,0.0,0.0,364497.41000000003,False,,50.4288330078125,60,,100.00000000000009,1.0,6.0,41.0,False,KXMLBGAME-26JUL121610AZLAD
KXMLBGAME-26JUL121610AZLAD,2026-07-12T21:44:15Z,2026-07-12,0.8049999999997075,0.7850000000001042,-0.019999999999603335,0.0,,,,,60,,,-1.0,-3.0,38.0,False,KXMLBGAME-26JUL121610AZLAD
KXMLBGAME-26JUL121610AZLAD,2026-07-12T21:45:42Z,2026-07-12,0.7850000000001042,0.7850000000001042,0.0,0.0,324763.7,False,,16.437010049819946,60,,100.00000000000009,1.0,13.0,46.0,False,KXMLBGAME-26JUL121610AZLAD
KXMLBGAME-26JUL121610AZLAD,2026-07-12T21:47:06Z,2026-07-12,0.7850000000001042,0.774999999999719,-0.010000000000385145,0.0,339469.45,False,,37.31695199012756,60,,100.00000000000009,1.0,15.0,49.0,False,KXMLBGAME-26JUL121610AZLAD
KXMLBGAME-26JUL121610AZLAD,2026-07-12T21:48:31Z,2026-07-12,0.774999999999719,0.7649999999998506,-0.009999999999868447,0.0,,,,,60,,,1.0,16.0,60.0,False,KXMLBGAME-26JUL121610AZLAD
KXMLBGAME-26JUL121610AZLAD,2026-07-12T21:49:21Z,2026-07-12,0.7649999999998506,0.7549999999996772,-0.010000000000173426,0.0,94823.17,False,,47.69441604614258,60,,100.00000000000009,1.0,12.0,55.0,False,KXMLBGAME-26JUL121610AZLAD
KXMLBGAME-26JUL121610AZLAD,2026-07-12T21:51:23Z,2026-07-12,0.7549999999996772,0.7549999999996772,0.0,0.0,450326.13,False,,43.21990895271301,60,,100.00000000000009,1.0,14.0,62.0,False,KXMLBGAME-26JUL121610AZLAD
KXMLBGAME-26JUL121610AZLAD,2026-07-12T21:52:44Z,2026-07-12,0.7549999999996772,0.735000000000152,-0.019999999999525175,0.0,354147.83999999997,False,,0.6621959209442139,60,,100.00000000000009,1.0,16.0,73.0,False,KXMLBGAME-26JUL121610AZLAD
KXMLBGAME-26JUL121610AZLAD,2026-07-12T21:54:14Z,2026-07-12,0.735000000000152,0.7249999999999551,-0.010000000000196851,0.0,49314.99,False,,30.04344391822815,60,,100.00000000000009,1.0,15.0,72.0,False,KXMLBGAME-26JUL121610AZLAD
KXMLBGAME-26JUL121610AZLAD,2026-07-12T21:54:34Z,2026-07-12,0.7249999999999551,0.7150000000003277,-0.009999999999627418,0.0,49314.99,False,,50.04344391822815,60,,100.00000000000009,1.0,11.0,64.0,False,KXMLBGAME-26JUL121610AZLAD
KXMLBGAME-26JUL121610AZLAD,2026-07-12T21:55:44Z,2026-07-12,0.7150000000003277,0.6750000000002581,-0.040000000000069647,0.0,247004.51,False,,58.54594397544861,60,,100.00000000000009,1.0,16.0,73.0,False,KXMLBGAME-26JUL121610AZLAD
KXMLBGAME-26JUL121610AZLAD,2026-07-12T21:57:19Z,2026-07-12,0.6750000000002581,0.6849999999998286,0.009999999999570575,0.0,265107.21,False,,32.24586892127991,60,,99.99999999999898,1.0,17.0,78.0,False,KXMLBGAME-26JUL121610AZLAD
KXMLBGAME-26JUL121610AZLAD,2026-07-12T21:58:51Z,2026-07-12,0.6849999999998286,0.6849999999998286,0.0,0.0,324441.45,False,,7.697489976882935,60,,99.99999999999898,-1.0,7.0,68.0,False,KXMLBGAME-26JUL121610AZLAD
KXMLBGAME-26JUL121610AZLAD,2026-07-12T22:00:24Z,2026-07-12,0.6849999999998286,0.6849999999998286,0.0,0.0,,,,,60,,,,,50.0,False,KXMLBGAME-26JUL121610AZLAD
KXMLBGAME-26JUL121610AZLAD,2026-07-12T22:01:53Z,2026-07-12,0.6849999999998286,0.6550000000002069,-0.029999999999621774,0.0,362332.85,False,,12.639990091323853,60,,99.99999999999898,1.0,15.0,52.0,False,KXMLBGAME-26JUL121610AZLAD
KXMLBGAME-26JUL121610AZLAD,2026-07-12T22:03:21Z,2026-07-12,0.6550000000002069,0.6750000000002581,0.0200000000000512,0.0,412460.99,False,,43.699156045913696,60,,99.99999999999898,1.0,14.0,52.0,False,KXMLBGAME-26JUL121610AZLAD
KXMLBGAME-26JUL121610AZLAD,2026-07-12T22:04:58Z,2026-07-12,0.6750000000002581,0.49500000000000105,-0.180000000000257,0.0,156268.99,False,25.0,23.056210041046143,60,-0.33038733853233093,99.99999999999898,1.0,19.0,76.0,False,KXMLBGAME-26JUL121610AZLAD
KXMLBGAME-26JUL121610AZLAD,2026-07-12T22:06:16Z,2026-07-12,0.49500000000000105,0.49500000000000105,0.0,0.0,9078.51,False,,42.99699592590332,60,,100.00000000000009,1.0,19.0,79.0,False,KXMLBGAME-26JUL121610AZLAD
KXMLBGAME-26JUL121610AZLAD,2026-07-12T22:09:14Z,2026-07-12,0.49500000000000105,0.49500000000000105,0.0,0.0,339874.03,False,,50.05089998245239,60,,100.00000000000009,1.0,12.0,76.0,False,KXMLBGAME-26JUL121610AZLAD
KXMLBGAME-26JUL121610AZLAD,2026-07-12T22:10:12Z,2026-07-12,0.49500000000000105,0.4600000000000749,-0.034999999999926146,0.0,336469.16000000003,False,,50.70597696304321,60,,100.00000000000009,1.0,15.0,72.0,False,KXMLBGAME-26JUL121610AZLAD
KXMLBGAME-26JUL121610AZLAD,2026-07-12T22:12:10Z,2026-07-12,0.4600000000000749,0.4150000000000319,-0.045000000000043006,0.0,438551.75,False,,2.0569028854370117,60,,99.99999999999953,1.0,18.0,80.0,False,KXMLBGAME-26JUL121610AZLAD
KXMLBGAME-26JUL121610AZLAD,2026-07-12T22:15:07Z,2026-07-12,0.4150000000000319,0.3950000000000212,-0.020000000000010676,0.0,152775.11,False,,11.386039018630981,60,,200.00000000000017,1.0,14.0,93.0,False,KXMLBGAME-26JUL121610AZLAD
KXMLBGAME-26JUL121610AZLAD,2026-07-12T22:15:27Z,2026-07-12,0.3950000000000212,0.3950000000000212,0.0,0.0,152775.11,False,,31.38603901863098,60,,200.00000000000017,1.0,14.0,75.0,False,KXMLBGAME-26JUL121610AZLAD
KXMLBGAME-26JUL121610AZLAD,2026-07-12T22:16:39Z,2026-07-12,0.3950000000000212,0.4150000000000319,0.020000000000010676,0.0,467128.27,False,,48.85502099990845,60,,100.00000000000009,1.0,18.0,77.0,False,KXMLBGAME-26JUL121610AZLAD
KXMLBGAME-26JUL121610AZLAD,2026-07-12T22:19:36Z,2026-07-12,0.4150000000000319,0.3850000000000938,-0.029999999999938076,0.0,326663.41000000003,False,,8.029979944229126,60,,100.00000000000064,-1.0,16.0,89.0,False,KXMLBGAME-26JUL121610AZLAD
KXMLBGAME-26JUL121610AZLAD,2026-07-12T22:20:42Z,2026-07-12,0.3850000000000938,0.3850000000000938,0.0,0.0,340902.24,False,,21.933173894882202,60,,100.00000000000009,1.0,11.0,86.0,False,KXMLBGAME-26JUL121610AZLAD
KXMLBGAME-26JUL121610AZLAD,2026-07-12T22:21:09Z,2026-07-12,0.3850000000000938,0.4150000000000319,0.029999999999938076,0.0,340902.24,False,,48.9331738948822,60,,100.00000000000009,1.0,17.0,77.0,False,KXMLBGAME-26JUL121610AZLAD
KXMLBGAME-26JUL121610AZLAD,2026-07-12T22:22:37Z,2026-07-12,0.4150000000000319,0.45500000000004576,0.04000000000001386,0.0,300696.67000000004,False,,33.06638503074646,60,,100.00000000000064,1.0,15.0,76.0,False,KXMLBGAME-26JUL121610AZLAD
KXMLBGAME-26JUL121610AZLAD,2026-07-12T22:25:27Z,2026-07-12,0.45500000000004576,0.45500000000004576,0.0,0.0,467065.99,False,,45.07973003387451,60,,99.99999999999953,-1.0,19.0,80.0,False,KXMLBGAME-26JUL121610AZLAD
KXMLBGAME-26JUL121610AZLAD,2026-07-12T22:25:56Z,2026-07-12,0.45500000000004576,0.45500000000004576,0.0,0.0,458343.69000000006,False,,22.522876024246216,60,,99.99999999999953,1.0,12.0,91.0,False,KXMLBGAME-26JUL121610AZLAD
KXMLBGAME-26JUL121610AZLAD,2026-07-12T22:26:52Z,2026-07-12,0.45500000000004576,0.3549999999997582,-0.10000000000028758,0.0,385803.18,False,,27.032690048217773,60,,99.99999999999953,1.0,15.0,92.0,False,KXMLBGAME-26JUL121610AZLAD
KXMLBGAME-26JUL121610AZLAD,2026-07-12T22:29:45Z,2026-07-12,0.3549999999997582,0.34499999999979314,-0.009999999999965037,0.0,380967.29,False,,43.034116983413696,60,,100.00000000000009,1.0,13.0,53.0,False,KXMLBGAME-26JUL121610AZLAD
KXMLBGAME-26JUL121610AZLAD,2026-07-12T22:31:07Z,2026-07-12,0.34499999999979314,0.34499999999979314,0.0,0.0,212738.65999999997,False,,19.119417905807495,60,,99.99999999999953,-1.0,8.0,62.0,False,KXMLBGAME-26JUL121610AZLAD
KXMLBGAME-26JUL121610AZLAD,2026-07-12T22:31:12Z,2026-07-12,0.34499999999979314,0.32499999999974194,-0.0200000000000512,0.0,212738.65999999997,False,,24.119417905807495,60,,99.99999999999953,-1.0,8.0,62.0,False,KXMLBGAME-26JUL121610AZLAD
KXMLBGAME-26JUL121610AZLAD,2026-07-12T22:32:37Z,2026-07-12,0.32499999999974194,0.40499999999988473,0.08000000000014279,0.0,267239.83999999997,False,,1.8360528945922852,60,,99.99999999999953,1.0,18.0,55.0,False,KXMLBGAME-26JUL121610AZLAD
KXMLBGAME-26JUL121610AZLAD,2026-07-12T22:34:08Z,2026-07-12,0.40499999999988473,0.3749999999998461,-0.030000000000038607,0.0,188656.81,False,,41.73087501525879,60,,100.00000000000009,1.0,14.0,53.0,False,KXMLBGAME-26JUL121610AZLAD
KXMLBGAME-26JUL121610AZLAD,2026-07-12T22:35:39Z,2026-07-12,0.3749999999998461,0.32499999999974194,-0.05000000000010418,0.0,154770.89,False,,29.420886993408203,60,,100.00000000000009,1.0,19.0,75.0,False,KXMLBGAME-26JUL121610AZLAD
KXMLBGAME-26JUL121610AZLAD,2026-07-12T22:36:13Z,2026-07-12,0.32499999999974194,0.32499999999974194,0.0,0.0,384743.13,False,,10.548737049102783,60,,99.99999999999953,1.0,2.0,69.0,False,KXMLBGAME-26JUL121610AZLAD
KXMLBGAME-26JUL121610AZLAD,2026-07-12T22:37:09Z,2026-07-12,0.32499999999974194,0.325000000000076,3.340661081097096e-13,0.0,387848.23,False,,13.560587882995605,60,,99.99999999999953,1.0,9.0,76.0,False,KXMLBGAME-26JUL121610AZLAD
KXMLBGAME-26JUL121610AZLAD,2026-07-12T22:38:43Z,2026-07-12,0.325000000000076,0.3549999999997582,0.02999999999968217,0.0,283654.13,False,,2.7749319076538086,60,,99.99999999999953,1.0,27.0,73.0,False,KXMLBGAME-26JUL121610AZLAD
KXMLBGAME-26JUL121610AZLAD,2026-07-12T22:40:20Z,2026-07-12,0.3549999999997582,0.36,0.005000000000241811,0.0,221860.49,False,,46.989514112472534,60,,99.99999999999953,1.0,17.0,55.0,False,KXMLBGAME-26JUL121610AZLAD
KXMLBGAME-26JUL121610AZLAD,2026-07-12T22:41:23Z,2026-07-12,0.36,0.3850000000000938,0.025000000000093836,0.0,30550.77,False,,5.957963943481445,60,,100.00000000000009,1.0,14.0,73.0,False,KXMLBGAME-26JUL121610AZLAD
KXMLBGAME-26JUL121610AZLAD,2026-07-12T22:43:25Z,2026-07-12,0.3850000000000938,0.37000000000002203,-0.01500000000007179,0.0,495128.74999999994,False,,22.268222093582153,60,,100.00000000000009,1.0,12.0,81.0,False,KXMLBGAME-26JUL121610AZLAD
KXMLBGAME-26JUL121610AZLAD,2026-07-12T22:44:54Z,2026-07-12,0.37000000000002203,0.47499999999999093,0.1049999999999689,0.0,154515.3,False,,8.109374046325684,60,,100.00000000000009,1.0,14.0,78.0,False,KXMLBGAME-26JUL121610AZLAD
KXMLBGAME-26JUL121610AZLAD,2026-07-12T22:46:23Z,2026-07-12,0.47499999999999093,0.24500000000032282,-0.2299999999996681,0.0,120112.4,False,,46.684065103530884,60,,100.00000000000009,1.0,8.0,59.0,False,KXMLBGAME-26JUL121610AZLAD
KXMLBGAME-26JUL121610AZLAD,2026-07-12T22:46:34Z,2026-07-12,0.24500000000032282,0.22500000000028098,-0.020000000000041845,0.0,329063.9,False,,7.091694116592407,60,,100.00000000000009,1.0,24.0,75.0,False,KXMLBGAME-26JUL121610AZLAD
KXMLBGAME-26JUL121610AZLAD,2026-07-12T22:47:49Z,2026-07-12,0.22500000000028098,0.18500000000015177,-0.04000000000012921,0.0,330414.0,False,,30.773559093475342,60,,99.99999999999982,1.0,10.0,70.0,False,KXMLBGAME-26JUL121610AZLAD
KXMLBGAME-26JUL121610AZLAD,2026-07-12T22:49:14Z,2026-07-12,0.18500000000015177,0.18500000000015177,0.0,0.0,530646.4099999999,False,,13.751280069351196,60,,99.99999999999953,1.0,7.0,61.0,False,KXMLBGAME-26JUL121610AZLAD
KXMLBGAME-26JUL121610AZLAD,2026-07-12T22:50:40Z,2026-07-12,0.18500000000015177,0.18999999999999997,0.004999999999848209,0.0,492156.03,False,,48.48795199394226,60,,99.99999999999953,-1.0,12.0,53.0,False,KXMLBGAME-26JUL121610AZLAD
KXMLBGAME-26JUL121610AZLAD,2026-07-12T22:53:27Z,2026-07-12,0.18999999999999997,0.21499999999989589,0.02499999999989591,0.0,73080.0,False,,11.367470026016235,60,,99.99999999999953,1.0,7.0,67.0,False,KXMLBGAME-26JUL121610AZLAD
KXMLBGAME-26JUL121610AZLAD,2026-07-12T22:54:59Z,2026-07-12,0.21499999999989589,0.1150000000004227,-0.09999999999947319,0.0,310568.6,False,,2.310590982437134,60,,199.99999999999963,1.0,7.0,59.0,False,KXMLBGAME-26JUL121610AZLAD
KXMLBGAME-26JUL121610AZLAD,2026-07-12T22:56:28Z,2026-07-12,0.1150000000004227,0.09500000000032009,-0.020000000000102602,0.0,190559.8,False,,39.701026916503906,60,,99.99999999999994,1.0,16.0,60.0,False,KXMLBGAME-26JUL121610AZLAD
KXMLBGAME-26JUL121610AZLAD,2026-07-12T22:56:42Z,2026-07-12,0.09500000000032009,0.10499999999994984,0.00999999999962975,0.0,287830.85,False,,2.6142489910125732,60,,99.99999999999982,-1.0,9.0,43.0,False,KXMLBGAME-26JUL121610AZLAD
KXMLBGAME-26JUL121610AZLAD,2026-07-12T23:01:07Z,2026-07-12,0.10499999999994984,0.04500000000030549,-0.05999999999964435,0.0,234851.13,False,,18.151673078536987,60,,99.99999999999982,1.0,-1.0,37.0,False,KXMLBGAME-26JUL121610AZLAD
KXMLBGAME-26JUL121610AZLAD,2026-07-12T23:01:48Z,2026-07-12,0.04500000000030549,0.034999999999701416,-0.010000000000604074,0.0,207674.85000000003,False,,8.560487985610962,60,,100.00000000000044,-1.0,13.0,52.0,False,KXMLBGAME-26JUL121610AZLAD
KXMLBGAME-26JUL121610AZLAD,2026-07-12T23:02:46Z,2026-07-12,0.034999999999701416,,,0.0,169098.42,False,,19.336139917373657,60,,100.00000000000037,-1.0,8.0,50.0,False,KXMLBGAME-26JUL121610AZLAD
KXMLBGAME-26JUL121610TORSD,2026-07-12T00:41:46Z,2026-07-12,0.46499999999995306,0.46499999999995306,0.0,1.0,543970.8,False,,39.9557569026947,60,,99.99999999999953,,,138.0,True,KXMLBGAME-26JUL121610TORSD
KXMLBGAME-26JUL121610TORSD,2026-07-12T00:43:40Z,2026-07-12,0.46499999999995306,0.46499999999995306,0.0,1.0,535040.8,False,,18.081340074539185,60,,99.99999999999953,,,,True,KXMLBGAME-26JUL121610TORSD
KXMLBGAME-26JUL121610TORSD,2026-07-12T00:47:16Z,2026-07-12,0.46499999999995306,0.46499999999995306,0.0,1.0,535080.8,False,,35.97697901725769,60,,99.99999999999953,,,,True,KXMLBGAME-26JUL121610TORSD
KXMLBGAME-26JUL121610TORSD,2026-07-12T00:49:04Z,2026-07-12,0.46499999999995306,0.46499999999995306,0.0,1.0,535140.8,False,,12.763957977294922,60,,99.99999999999953,,,,True,KXMLBGAME-26JUL121610TORSD
KXMLBGAME-26JUL121610TORSD,2026-07-12T00:50:53Z,2026-07-12,0.46499999999995306,0.46499999999995306,0.0,1.0,535140.8,False,,55.9629430770874,60,,99.99999999999953,1.0,153.0,153.0,True,KXMLBGAME-26JUL121610TORSD
KXMLBGAME-26JUL121610TORSD,2026-07-12T00:52:10Z,2026-07-12,0.46499999999995306,0.46499999999995306,0.0,1.0,,,,,60,,,,,153.0,True,KXMLBGAME-26JUL121610TORSD
KXMLBGAME-26JUL121610TORSD,2026-07-12T00:52:38Z,2026-07-12,0.46499999999995306,0.46499999999995306,0.0,1.0,535168.8,False,,23.332504987716675,60,,99.99999999999953,,,153.0,True,KXMLBGAME-26JUL121610TORSD
KXMLBGAME-26JUL121610TORSD,2026-07-12T00:54:34Z,2026-07-12,0.46499999999995306,0.46499999999995306,0.0,1.0,535168.8,False,,0.8640880584716797,60,,99.99999999999953,,,153.0,True,KXMLBGAME-26JUL121610TORSD
KXMLBGAME-26JUL121610TORSD,2026-07-12T00:56:26Z,2026-07-12,0.46499999999995306,0.46499999999995306,0.0,1.0,535178.8,False,,45.45370697975159,60,,99.99999999999953,,,,True,KXMLBGAME-26JUL121610TORSD
KXMLBGAME-26JUL121610TORSD,2026-07-12T00:57:49Z,2026-07-12,0.46499999999995306,0.46499999999995306,0.0,1.0,,,,,60,,,1.0,326.0,326.0,True,KXMLBGAME-26JUL121610TORSD
KXMLBGAME-26JUL121610TORSD,2026-07-12T00:58:19Z,2026-07-12,0.46499999999995306,0.46499999999995306,0.0,1.0,535202.8,False,,25.133605003356934,60,,99.99999999999953,,,326.0,True,KXMLBGAME-26JUL121610TORSD
KXMLBGAME-26JUL121610TORSD,2026-07-12T01:01:32Z,2026-07-12,0.46499999999995306,0.46499999999995306,0.0,1.0,535240.75,False,,21.941431045532227,60,,99.99999999999953,,,487.0,True,KXMLBGAME-26JUL121610TORSD
KXMLBGAME-26JUL121610TORSD,2026-07-12T01:03:22Z,2026-07-12,0.46499999999995306,0.46499999999995306,0.0,1.0,535270.75,False,,8.633035898208618,60,,99.99999999999953,,,161.0,True,KXMLBGAME-26JUL121610TORSD
KXMLBGAME-26JUL121610TORSD,2026-07-12T01:03:27Z,2026-07-12,0.46499999999995306,0.46499999999995306,0.0,1.0,535270.75,False,,13.633035898208618,60,,99.99999999999953,,,161.0,True,KXMLBGAME-26JUL121610TORSD
KXMLBGAME-26JUL121610TORSD,2026-07-12T01:05:36Z,2026-07-12,0.46499999999995306,0.46499999999995306,0.0,1.0,535286.75,False,,18.429330110549927,60,,99.99999999999953,,,,True,KXMLBGAME-26JUL121610TORSD
KXMLBGAME-26JUL121610TORSD,2026-07-12T01:07:33Z,2026-07-12,0.46499999999995306,0.46499999999995306,0.0,1.0,535310.75,False,,15.09724497795105,60,,99.99999999999953,,,,True,KXMLBGAME-26JUL121610TORSD
KXMLBGAME-26JUL121610TORSD,2026-07-12T01:09:01Z,2026-07-12,0.46499999999995306,0.46499999999995306,0.0,1.0,535319.75,False,,41.27967691421509,60,,99.99999999999953,1.0,154.0,154.0,True,KXMLBGAME-26JUL121610TORSD
KXMLBGAME-26JUL121610TORSD,2026-07-12T01:09:29Z,2026-07-12,0.46499999999995306,0.46499999999995306,0.0,1.0,535337.75,False,,7.635474920272827,60,,99.99999999999953,,,154.0,True,KXMLBGAME-26JUL121610TORSD
KXMLBGAME-26JUL121610TORSD,2026-07-12T01:11:24Z,2026-07-12,0.46499999999995306,0.46499999999995306,0.0,1.0,535347.75,False,,55.24345111846924,60,,99.99999999999953,,,154.0,True,KXMLBGAME-26JUL121610TORSD
KXMLBGAME-26JUL121610TORSD,2026-07-12T01:13:14Z,2026-07-12,0.46499999999995306,0.46499999999995306,0.0,1.0,535367.75,False,,38.08759689331055,60,,99.99999999999953,,,,True,KXMLBGAME-26JUL121610TORSD
KXMLBGAME-26JUL121610TORSD,2026-07-12T01:14:43Z,2026-07-12,0.46499999999995306,0.46499999999995306,0.0,1.0,535378.75,False,,0.13210606575012207,60,,99.99999999999953,1.0,1.0,1.0,True,KXMLBGAME-26JUL121610TORSD
KXMLBGAME-26JUL121610TORSD,2026-07-12T01:15:13Z,2026-07-12,0.46499999999995306,0.46499999999995306,0.0,1.0,535378.75,False,,30.132106065750122,60,,99.99999999999953,1.0,149.0,1.0,True,KXMLBGAME-26JUL121610TORSD
KXMLBGAME-26JUL121610TORSD,2026-07-12T01:17:13Z,2026-07-12,0.46499999999995306,0.46499999999995306,0.0,1.0,535412.75,False,,22.55472207069397,60,,99.99999999999953,,,1.0,True,KXMLBGAME-26JUL121610TORSD
KXMLBGAME-26JUL121610TORSD,2026-07-12T01:19:15Z,2026-07-12,0.46499999999995306,0.46499999999995306,0.0,1.0,535432.75,False,,16.60720992088318,60,,99.99999999999953,,,149.0,True,KXMLBGAME-26JUL121610TORSD
KXMLBGAME-26JUL121610TORSD,2026-07-12T01:20:26Z,2026-07-12,0.46499999999995306,0.46499999999995306,0.0,1.0,535442.75,False,,24.391145944595337,60,,99.99999999999953,,,,True,KXMLBGAME-26JUL121610TORSD
KXMLBGAME-26JUL121610TORSD,2026-07-12T01:21:17Z,2026-07-12,0.46499999999995306,0.46499999999995306,0.0,1.0,535442.75,False,,13.651715993881226,60,,99.99999999999953,,,,True,KXMLBGAME-26JUL121610TORSD
KXMLBGAME-26JUL121610TORSD,2026-07-12T01:23:11Z,2026-07-12,0.46499999999995306,0.46499999999995306,0.0,1.0,534306.75,False,,8.762414932250977,60,,99.99999999999953,,,,True,KXMLBGAME-26JUL121610TORSD
KXMLBGAME-26JUL121610TORSD,2026-07-12T01:26:02Z,2026-07-12,0.46499999999995306,0.46499999999995306,0.0,1.0,534316.75,False,,45.07604098320007,60,,99.99999999999953,,,,True,KXMLBGAME-26JUL121610TORSD
KXMLBGAME-26JUL121610TORSD,2026-07-12T01:27:07Z,2026-07-12,0.46499999999995306,0.46499999999995306,0.0,1.0,534316.75,False,,51.58888792991638,60,,99.99999999999953,,,,True,KXMLBGAME-26JUL121610TORSD
KXMLBGAME-26JUL121610TORSD,2026-07-12T01:29:04Z,2026-07-12,0.46499999999995306,0.46499999999995306,0.0,1.0,588491.75,False,,41.75701189041138,60,,99.99999999999953,,,,True,KXMLBGAME-26JUL121610TORSD
KXMLBGAME-26JUL121610TORSD,2026-07-12T01:31:36Z,2026-07-12,0.46499999999995306,0.46499999999995306,0.0,1.0,589327.29,False,51.0,5.512499094009399,60,0.8768459828800254,99.99999999999953,,,,True,KXMLBGAME-26JUL121610TORSD
KXMLBGAME-26JUL121610TORSD,2026-07-12T01:32:29Z,2026-07-12,0.46499999999995306,0.46499999999995306,0.0,1.0,589327.29,False,,58.5124990940094,60,,99.99999999999953,,,,True,KXMLBGAME-26JUL121610TORSD
KXMLBGAME-26JUL121610TORSD,2026-07-12T01:34:19Z,2026-07-12,0.46499999999995306,0.46499999999995306,0.0,1.0,586951.29,False,,49.58206295967102,60,,99.99999999999953,,,,True,KXMLBGAME-26JUL121610TORSD
KXMLBGAME-26JUL121610TORSD,2026-07-12T01:36:14Z,2026-07-12,0.46499999999995306,0.46499999999995306,0.0,1.0,586973.29,False,,46.628273010253906,60,,99.99999999999953,,,,True,KXMLBGAME-26JUL121610TORSD
KXMLBGAME-26JUL121610TORSD,2026-07-12T01:37:08Z,2026-07-12,0.46499999999995306,0.46499999999995306,0.0,1.0,586973.29,False,,42.01360297203064,60,,99.99999999999953,,,,True,KXMLBGAME-26JUL121610TORSD
KXMLBGAME-26JUL121610TORSD,2026-07-12T01:38:12Z,2026-07-12,0.46499999999995306,0.46499999999995306,0.0,1.0,586995.29,False,,50.20655608177185,60,,99.99999999999953,1.0,126.0,126.0,True,KXMLBGAME-26JUL121610TORSD
KXMLBGAME-26JUL121610TORSD,2026-07-12T01:40:04Z,2026-07-12,0.46499999999995306,0.46499999999995306,0.0,1.0,588508.29,False,,50.81941604614258,60,,99.99999999999953,,,126.0,True,KXMLBGAME-26JUL121610TORSD
KXMLBGAME-26JUL121610TORSD,2026-07-12T01:41:54Z,2026-07-12,0.46499999999995306,0.46499999999995306,0.0,1.0,588564.29,False,,51.361263036727905,60,,99.99999999999953,,,126.0,True,KXMLBGAME-26JUL121610TORSD
KXMLBGAME-26JUL121610TORSD,2026-07-12T01:42:38Z,2026-07-12,0.46499999999995306,0.46499999999995306,0.0,1.0,588592.29,False,,40.96141600608826,60,,99.99999999999953,,,126.0,True,KXMLBGAME-26JUL121610TORSD
KXMLBGAME-26JUL121610TORSD,2026-07-12T01:43:45Z,2026-07-12,0.46499999999995306,0.46499999999995306,0.0,1.0,588620.29,False,,53.08383297920227,60,,99.99999999999953,1.0,121.0,121.0,True,KXMLBGAME-26JUL121610TORSD
KXMLBGAME-26JUL121610TORSD,2026-07-12T01:45:34Z,2026-07-12,0.46499999999995306,0.46499999999995306,0.0,1.0,588666.04,False,,50.222044944763184,60,,99.99999999999953,,,121.0,True,KXMLBGAME-26JUL121610TORSD
KXMLBGAME-26JUL121610TORSD,2026-07-12T01:47:30Z,2026-07-12,0.46499999999995306,0.46499999999995306,0.0,1.0,578711.04,False,,0.09813499450683594,60,,99.99999999999953,,,121.0,True,KXMLBGAME-26JUL121610TORSD
KXMLBGAME-26JUL121610TORSD,2026-07-12T01:48:07Z,2026-07-12,0.46499999999995306,0.46499999999995306,0.0,1.0,578711.04,False,,37.098134994506836,60,,99.99999999999953,1.0,116.0,237.0,True,KXMLBGAME-26JUL121610TORSD
KXMLBGAME-26JUL121610TORSD,2026-07-12T01:49:29Z,2026-07-12,0.46499999999995306,0.46499999999995306,0.0,1.0,566749.53,False,,8.932914972305298,60,,99.99999999999953,,,116.0,True,KXMLBGAME-26JUL121610TORSD
KXMLBGAME-26JUL121610TORSD,2026-07-12T01:51:18Z,2026-07-12,0.46499999999995306,0.46499999999995306,0.0,1.0,566827.53,False,,9.113431930541992,60,,99.99999999999953,,,116.0,True,KXMLBGAME-26JUL121610TORSD
KXMLBGAME-26JUL121610TORSD,2026-07-12T01:53:17Z,2026-07-12,0.46499999999995306,0.46499999999995306,0.0,1.0,566901.53,False,,16.461435079574585,60,,99.99999999999953,,,,True,KXMLBGAME-26JUL121610TORSD
KXMLBGAME-26JUL121610TORSD,2026-07-12T01:53:37Z,2026-07-12,0.46499999999995306,0.46499999999995306,0.0,1.0,566901.53,False,,36.461435079574585,60,,99.99999999999953,,,,True,KXMLBGAME-26JUL121610TORSD
KXMLBGAME-26JUL121610TORSD,2026-07-12T01:55:17Z,2026-07-12,0.46499999999995306,0.46499999999995306,0.0,1.0,566983.53,False,,23.745425939559937,60,,99.99999999999953,,,,True,KXMLBGAME-26JUL121610TORSD
KXMLBGAME-26JUL121610TORSD,2026-07-12T01:57:17Z,2026-07-12,0.46499999999995306,0.46499999999995306,0.0,1.0,579080.53,False,,30.395544052124023,60,,99.99999999999953,,,,True,KXMLBGAME-26JUL121610TORSD
KXMLBGAME-26JUL121610TORSD,2026-07-12T01:59:11Z,2026-07-12,0.46499999999995306,0.46499999999995306,0.0,1.0,579084.53,False,,31.945523977279663,60,,99.99999999999953,1.0,211.0,211.0,True,KXMLBGAME-26JUL121610TORSD
KXMLBGAME-26JUL121610TORSD,2026-07-12T01:59:16Z,2026-07-12,0.46499999999995306,0.46499999999995306,0.0,1.0,579084.53,False,,36.94552397727966,60,,99.99999999999953,1.0,211.0,211.0,True,KXMLBGAME-26JUL121610TORSD
KXMLBGAME-26JUL121610TORSD,2026-07-12T02:02:39Z,2026-07-12,0.46499999999995306,0.46499999999995306,0.0,1.0,579190.53,False,,24.874483108520508,60,,99.99999999999953,,,211.0,True,KXMLBGAME-26JUL121610TORSD
KXMLBGAME-26JUL121610TORSD,2026-07-12T02:04:42Z,2026-07-12,0.46499999999995306,0.46499999999995306,0.0,1.0,579268.53,False,,43.412272930145264,60,,99.99999999999953,,,,True,KXMLBGAME-26JUL121610TORSD
KXMLBGAME-26JUL121610TORSD,2026-07-12T02:04:43Z,2026-07-12,0.46499999999995306,0.46499999999995306,0.0,1.0,579268.53,False,,44.412272930145264,60,,99.99999999999953,,,,True,KXMLBGAME-26JUL121610TORSD
KXMLBGAME-26JUL121610TORSD,2026-07-12T02:08:34Z,2026-07-12,0.46499999999995306,0.46499999999995306,0.0,1.0,579324.53,False,,15.680897951126099,60,,99.99999999999953,,,,True,KXMLBGAME-26JUL121610TORSD
KXMLBGAME-26JUL121610TORSD,2026-07-12T02:10:17Z,2026-07-12,0.46499999999995306,0.46499999999995306,0.0,1.0,579376.53,False,,14.9878249168396,60,,99.99999999999953,,,,True,KXMLBGAME-26JUL121610TORSD
KXMLBGAME-26JUL121610TORSD,2026-07-12T02:10:22Z,2026-07-12,0.46499999999995306,0.46499999999995306,0.0,1.0,579376.53,False,,19.9878249168396,60,,99.99999999999953,,,,True,KXMLBGAME-26JUL121610TORSD
KXMLBGAME-26JUL121610TORSD,2026-07-12T02:12:13Z,2026-07-12,0.46499999999995306,0.46499999999995306,0.0,1.0,579958.53,False,,27.35579204559326,60,,99.99999999999953,,,,True,KXMLBGAME-26JUL121610TORSD
KXMLBGAME-26JUL121610TORSD,2026-07-12T02:14:06Z,2026-07-12,0.46499999999995306,0.46499999999995306,0.0,1.0,579984.53,False,,32.568588972091675,60,,99.99999999999953,,,,True,KXMLBGAME-26JUL121610TORSD
KXMLBGAME-26JUL121610TORSD,2026-07-12T02:15:41Z,2026-07-12,0.46499999999995306,0.46499999999995306,0.0,1.0,580086.53,False,,26.076669931411743,60,,99.99999999999953,,,,True,KXMLBGAME-26JUL121610TORSD
KXMLBGAME-26JUL121610TORSD,2026-07-12T02:15:53Z,2026-07-12,0.46499999999995306,0.46499999999995306,0.0,1.0,580086.53,False,,38.07666993141174,60,,99.99999999999953,,,,True,KXMLBGAME-26JUL121610TORSD
KXMLBGAME-26JUL121610TORSD,2026-07-12T02:17:40Z,2026-07-12,0.46499999999995306,0.46499999999995306,0.0,1.0,580118.53,False,,42.48663091659546,60,,99.99999999999953,1.0,86.0,86.0,True,KXMLBGAME-26JUL121610TORSD
KXMLBGAME-26JUL121610TORSD,2026-07-12T02:19:24Z,2026-07-12,0.46499999999995306,0.46499999999995306,0.0,1.0,580170.56,False,,46.288256883621216,60,,99.99999999999953,,,86.0,True,KXMLBGAME-26JUL121610TORSD
KXMLBGAME-26JUL121610TORSD,2026-07-12T02:21:05Z,2026-07-12,0.46499999999995306,0.46499999999995306,0.0,1.0,580156.06,False,,43.06182909011841,60,,99.99999999999953,,,170.0,True,KXMLBGAME-26JUL121610TORSD
KXMLBGAME-26JUL121610TORSD,2026-07-12T02:21:09Z,2026-07-12,0.46499999999995306,0.46499999999995306,0.0,1.0,580156.06,False,,47.06182909011841,60,,99.99999999999953,,,170.0,True,KXMLBGAME-26JUL121610TORSD
KXMLBGAME-26JUL121610TORSD,2026-07-12T02:22:56Z,2026-07-12,0.46499999999995306,0.46499999999995306,0.0,1.0,580177.06,False,,0.5089609622955322,60,,99.99999999999953,,,84.0,True,KXMLBGAME-26JUL121610TORSD
KXMLBGAME-26JUL121610TORSD,2026-07-12T02:24:46Z,2026-07-12,0.46499999999995306,0.46499999999995306,0.0,1.0,581418.06,False,,8.083753108978271,60,,99.99999999999953,,,,True,KXMLBGAME-26JUL121610TORSD
KXMLBGAME-26JUL121610TORSD,2026-07-12T02:26:26Z,2026-07-12,0.46499999999995306,0.46499999999995306,0.0,1.0,581418.06,False,,7.085587978363037,60,,99.99999999999953,,,,True,KXMLBGAME-26JUL121610TORSD
KXMLBGAME-26JUL121610TORSD,2026-07-12T02:26:38Z,2026-07-12,0.46499999999995306,0.46499999999995306,0.0,1.0,581418.06,False,,19.085587978363037,60,,99.99999999999953,,,,True,KXMLBGAME-26JUL121610TORSD
KXMLBGAME-26JUL121610TORSD,2026-07-12T02:28:26Z,2026-07-12,0.46499999999995306,0.46499999999995306,0.0,1.0,581520.06,False,,25.100980043411255,60,,99.99999999999953,,,,True,KXMLBGAME-26JUL121610TORSD
KXMLBGAME-26JUL121610TORSD,2026-07-12T02:31:33Z,2026-07-12,0.46499999999995306,0.46499999999995306,0.0,1.0,581278.06,False,,9.277597904205322,60,,99.99999999999953,1.0,71.0,71.0,True,KXMLBGAME-26JUL121610TORSD
KXMLBGAME-26JUL121610TORSD,2026-07-12T02:31:48Z,2026-07-12,0.46499999999995306,0.46499999999995306,0.0,1.0,581278.06,False,,24.277597904205322,60,,99.99999999999953,1.0,71.0,71.0,True,KXMLBGAME-26JUL121610TORSD
KXMLBGAME-26JUL121610TORSD,2026-07-12T02:33:18Z,2026-07-12,0.46499999999995306,0.46499999999995306,0.0,1.0,579803.29,False,,13.199490070343018,60,,99.99999999999953,,,71.0,True,KXMLBGAME-26JUL121610TORSD
KXMLBGAME-26JUL121610TORSD,2026-07-12T02:35:01Z,2026-07-12,0.46499999999995306,0.46499999999995306,0.0,1.0,579815.29,False,,15.608392000198364,60,,99.99999999999953,,,71.0,True,KXMLBGAME-26JUL121610TORSD
KXMLBGAME-26JUL121610TORSD,2026-07-12T02:36:42Z,2026-07-12,0.46499999999995306,0.46499999999995306,0.0,1.0,579827.29,False,,16.66052007675171,60,,99.99999999999953,,,,True,KXMLBGAME-26JUL121610TORSD
KXMLBGAME-26JUL121610TORSD,2026-07-12T02:37:10Z,2026-07-12,0.46499999999995306,0.46499999999995306,0.0,1.0,579827.29,False,,44.66052007675171,60,,99.99999999999953,,,,True,KXMLBGAME-26JUL121610TORSD
KXMLBGAME-26JUL121610TORSD,2026-07-12T02:38:29Z,2026-07-12,0.46499999999995306,0.46499999999995306,0.0,1.0,579810.26,False,,21.57340097427368,60,,99.99999999999953,1.0,63.0,63.0,True,KXMLBGAME-26JUL121610TORSD
KXMLBGAME-26JUL121610TORSD,2026-07-12T02:40:14Z,2026-07-12,0.46499999999995306,0.46499999999995306,0.0,1.0,580081.26,False,,25.34804892539978,60,,99.99999999999953,,,63.0,True,KXMLBGAME-26JUL121610TORSD
KXMLBGAME-26JUL121610TORSD,2026-07-12T02:42:03Z,2026-07-12,0.46499999999995306,0.46499999999995306,0.0,1.0,580093.26,False,,27.02027201652527,60,,99.99999999999953,,,63.0,True,KXMLBGAME-26JUL121610TORSD
KXMLBGAME-26JUL121610TORSD,2026-07-12T02:42:32Z,2026-07-12,0.46499999999995306,0.46499999999995306,0.0,1.0,580105.26,False,,5.30090594291687,60,,99.99999999999953,,,63.0,True,KXMLBGAME-26JUL121610TORSD
KXMLBGAME-26JUL121610TORSD,2026-07-12T02:43:50Z,2026-07-12,0.46499999999995306,0.46499999999995306,0.0,1.0,580372.26,False,,32.329654932022095,60,,99.99999999999953,1.0,145.0,145.0,True,KXMLBGAME-26JUL121610TORSD
KXMLBGAME-26JUL121610TORSD,2026-07-12T02:45:40Z,2026-07-12,0.46499999999995306,0.46499999999995306,0.0,1.0,580362.11,False,,40.74682092666626,60,,99.99999999999953,,,145.0,True,KXMLBGAME-26JUL121610TORSD
KXMLBGAME-26JUL121610TORSD,2026-07-12T02:47:37Z,2026-07-12,0.46499999999995306,0.46499999999995306,0.0,1.0,580641.11,False,,12.472285985946655,60,,99.99999999999953,,,145.0,True,KXMLBGAME-26JUL121610TORSD
KXMLBGAME-26JUL121610TORSD,2026-07-12T02:47:54Z,2026-07-12,0.46499999999995306,0.46499999999995306,0.0,1.0,580641.11,False,,29.472285985946655,60,,99.99999999999953,,,145.0,True,KXMLBGAME-26JUL121610TORSD
KXMLBGAME-26JUL121610TORSD,2026-07-12T02:49:25Z,2026-07-12,0.46499999999995306,0.46499999999995306,0.0,1.0,580641.11,False,,23.72134804725647,60,,99.99999999999953,,,,True,KXMLBGAME-26JUL121610TORSD
KXMLBGAME-26JUL121610TORSD,2026-07-12T02:51:13Z,2026-07-12,0.46499999999995306,0.46499999999995306,0.0,1.0,580613.11,False,,35.3290901184082,60,,99.99999999999953,,,69.0,True,KXMLBGAME-26JUL121610TORSD
KXMLBGAME-26JUL121610TORSD,2026-07-12T02:53:14Z,2026-07-12,0.46499999999995306,0.46499999999995306,0.0,1.0,580617.11,False,,10.904649019241333,60,,99.99999999999953,,,69.0,True,KXMLBGAME-26JUL121610TORSD
KXMLBGAME-26JUL121610TORSD,2026-07-12T02:53:18Z,2026-07-12,0.46499999999995306,0.46499999999995306,0.0,1.0,580617.11,False,,14.904649019241333,60,,99.99999999999953,,,69.0,True,KXMLBGAME-26JUL121610TORSD
KXMLBGAME-26JUL121610TORSD,2026-07-12T02:55:04Z,2026-07-12,0.46499999999995306,0.46499999999995306,0.0,1.0,580617.11,False,,23.719899892807007,60,,99.99999999999953,,,69.0,True,KXMLBGAME-26JUL121610TORSD
KXMLBGAME-26JUL121610TORSD,2026-07-12T02:56:53Z,2026-07-12,0.46499999999995306,0.46499999999995306,0.0,1.0,580095.11,False,,36.61388802528381,60,,99.99999999999953,,,,True,KXMLBGAME-26JUL121610TORSD
KXMLBGAME-26JUL121610TORSD,2026-07-12T02:58:40Z,2026-07-12,0.46499999999995306,0.46499999999995306,0.0,1.0,580099.11,False,19.0,0.28766703605651855,60,0.9123793809035531,99.99999999999953,,,,True,KXMLBGAME-26JUL121610TORSD
KXMLBGAME-26JUL121610TORSD,2026-07-12T03:00:06Z,2026-07-12,0.46499999999995306,0.46499999999995306,0.0,1.0,579879.11,False,,38.6540789604187,60,,99.99999999999953,,,,True,KXMLBGAME-26JUL121610TORSD
KXMLBGAME-26JUL121610TORSD,2026-07-12T03:01:51Z,2026-07-12,0.46499999999995306,0.46499999999995306,0.0,1.0,579644.11,False,,47.52072310447693,60,,99.99999999999953,,,,True,KXMLBGAME-26JUL121610TORSD
KXMLBGAME-26JUL121610TORSD,2026-07-12T03:03:33Z,2026-07-12,0.46499999999995306,0.46499999999995306,0.0,1.0,580365.11,False,,8.484095096588135,60,,99.99999999999953,,,,True,KXMLBGAME-26JUL121610TORSD
KXMLBGAME-26JUL121610TORSD,2026-07-12T03:04:02Z,2026-07-12,0.46499999999995306,0.46499999999995306,0.0,1.0,580365.11,False,,37.484095096588135,60,,99.99999999999953,,,,True,KXMLBGAME-26JUL121610TORSD
KXMLBGAME-26JUL121610TORSD,2026-07-12T03:05:18Z,2026-07-12,0.46499999999995306,0.46499999999995306,0.0,1.0,580381.11,False,,20.43691110610962,60,,99.99999999999953,,,,True,KXMLBGAME-26JUL121610TORSD
KXMLBGAME-26JUL121610TORSD,2026-07-12T03:07:02Z,2026-07-12,0.46499999999995306,0.46499999999995306,0.0,1.0,580397.11,False,,33.52462291717529,60,,99.99999999999953,,,,True,KXMLBGAME-26JUL121610TORSD
KXMLBGAME-26JUL121610TORSD,2026-07-12T03:08:49Z,2026-07-12,0.46499999999995306,0.46499999999995306,0.0,1.0,581532.11,False,,42.02239108085632,60,,99.99999999999953,,,,True,KXMLBGAME-26JUL121610TORSD
KXMLBGAME-26JUL121610TORSD,2026-07-12T03:09:22Z,2026-07-12,0.46499999999995306,0.46499999999995306,0.0,1.0,581552.11,False,,28.74892497062683,60,,99.99999999999953,,,,True,KXMLBGAME-26JUL121610TORSD
KXMLBGAME-26JUL121610TORSD,2026-07-12T03:10:36Z,2026-07-12,0.46499999999995306,0.46499999999995306,0.0,1.0,581592.11,False,,7.595935106277466,60,,99.99999999999953,,,,True,KXMLBGAME-26JUL121610TORSD
KXMLBGAME-26JUL121610TORSD,2026-07-12T03:12:17Z,2026-07-12,0.46499999999995306,0.46499999999995306,0.0,1.0,581605.08,False,,13.353126049041748,60,,99.99999999999953,,,43.0,True,KXMLBGAME-26JUL121610TORSD
KXMLBGAME-26JUL121610TORSD,2026-07-12T03:13:58Z,2026-07-12,0.46499999999995306,0.46499999999995306,0.0,1.0,581571.08,False,,18.865626096725464,60,,99.99999999999953,,,43.0,True,KXMLBGAME-26JUL121610TORSD
KXMLBGAME-26JUL121610TORSD,2026-07-12T03:14:45Z,2026-07-12,0.46499999999995306,0.46499999999995306,0.0,1.0,582105.08,False,,19.287779092788696,60,,99.99999999999953,,,43.0,True,KXMLBGAME-26JUL121610TORSD
KXMLBGAME-26JUL121610TORSD,2026-07-12T03:15:49Z,2026-07-12,0.46499999999995306,0.46499999999995306,0.0,1.0,582145.08,False,,35.52558207511902,60,,99.99999999999953,,,43.0,True,KXMLBGAME-26JUL121610TORSD
KXMLBGAME-26JUL121610TORSD,2026-07-12T03:17:32Z,2026-07-12,0.46499999999995306,0.46499999999995306,0.0,1.0,582244.08,False,,45.332886934280396,60,,99.99999999999953,,,,True,KXMLBGAME-26JUL121610TORSD
KXMLBGAME-26JUL121610TORSD,2026-07-12T03:19:20Z,2026-07-12,0.46499999999995306,0.46499999999995306,0.0,1.0,581756.08,False,,12.106709003448486,60,,99.99999999999953,,,,True,KXMLBGAME-26JUL121610TORSD
KXMLBGAME-26JUL121610TORSD,2026-07-12T03:20:04Z,2026-07-12,0.46499999999995306,0.46499999999995306,0.0,1.0,581776.08,False,,8.960052967071533,60,,99.99999999999953,,,,True,KXMLBGAME-26JUL121610TORSD
KXMLBGAME-26JUL121610TORSD,2026-07-12T03:21:08Z,2026-07-12,0.46499999999995306,0.46499999999995306,0.0,1.0,581846.08,False,,25.2203209400177,60,,99.99999999999953,,,,True,KXMLBGAME-26JUL121610TORSD
KXMLBGAME-26JUL121610TORSD,2026-07-12T03:23:00Z,2026-07-12,0.46499999999995306,0.46499999999995306,0.0,1.0,581836.08,False,,42.425195932388306,60,,99.99999999999953,,,,True,KXMLBGAME-26JUL121610TORSD
KXMLBGAME-26JUL121610TORSD,2026-07-12T03:24:48Z,2026-07-12,0.46499999999995306,0.46499999999995306,0.0,1.0,581827.08,False,,8.368331909179688,60,,99.99999999999953,1.0,84.0,140.0,True,KXMLBGAME-26JUL121610TORSD
KXMLBGAME-26JUL121610TORSD,2026-07-12T03:25:27Z,2026-07-12,0.46499999999995306,0.46499999999995306,0.0,1.0,581805.08,False,,0.03748607635498047,60,,99.99999999999953,1.0,84.0,196.0,True,KXMLBGAME-26JUL121610TORSD
KXMLBGAME-26JUL121610TORSD,2026-07-12T03:27:52Z,2026-07-12,0.46499999999995306,0.46499999999995306,0.0,1.0,581813.08,False,,3.068882942199707,60,,99.99999999999953,1.0,54.0,358.0,True,KXMLBGAME-26JUL121610TORSD
KXMLBGAME-26JUL121610TORSD,2026-07-12T03:29:34Z,2026-07-12,0.46499999999995306,0.46499999999995306,0.0,1.0,581791.08,False,,11.69886302947998,60,,99.99999999999953,,,300.0,True,KXMLBGAME-26JUL121610TORSD
KXMLBGAME-26JUL121610TORSD,2026-07-12T03:30:47Z,2026-07-12,0.46499999999995306,0.46499999999995306,0.0,1.0,581831.08,False,,37.00747299194336,60,,99.99999999999953,,,189.0,True,KXMLBGAME-26JUL121610TORSD
KXMLBGAME-26JUL121610TORSD,2026-07-12T03:31:19Z,2026-07-12,0.46499999999995306,0.46499999999995306,0.0,1.0,581801.08,False,,21.829572916030884,60,,99.99999999999953,,,162.0,True,KXMLBGAME-26JUL121610TORSD
KXMLBGAME-26JUL121610TORSD,2026-07-12T03:33:03Z,2026-07-12,0.46499999999995306,0.46499999999995306,0.0,1.0,581841.08,False,,31.42306399345398,60,,99.99999999999953,,,27.0,True,KXMLBGAME-26JUL121610TORSD
KXMLBGAME-26JUL121610TORSD,2026-07-12T03:34:45Z,2026-07-12,0.46499999999995306,0.46499999999995306,0.0,1.0,581923.08,False,,39.528104066848755,60,,99.99999999999953,,,,True,KXMLBGAME-26JUL121610TORSD
KXMLBGAME-26JUL121610TORSD,2026-07-12T03:36:07Z,2026-07-12,0.46499999999995306,0.46499999999995306,0.0,1.0,581873.08,False,,28.636722087860107,60,,99.99999999999953,,,,True,KXMLBGAME-26JUL121610TORSD
KXMLBGAME-26JUL121610TORSD,2026-07-12T03:36:24Z,2026-07-12,0.46499999999995306,0.46499999999995306,0.0,1.0,581873.08,False,,45.63672208786011,60,,99.99999999999953,,,,True,KXMLBGAME-26JUL121610TORSD
KXMLBGAME-26JUL121610TORSD,2026-07-12T03:38:07Z,2026-07-12,0.46499999999995306,0.46499999999995306,0.0,1.0,581873.08,False,,56.1065890789032,60,,99.99999999999953,,,,True,KXMLBGAME-26JUL121610TORSD
KXMLBGAME-26JUL121610TORSD,2026-07-12T03:40:08Z,2026-07-12,0.46499999999995306,0.46499999999995306,0.0,1.0,581849.08,False,,37.19539999961853,60,,99.99999999999953,1.0,14.0,14.0,True,KXMLBGAME-26JUL121610TORSD
KXMLBGAME-26JUL121610TORSD,2026-07-12T03:41:23Z,2026-07-12,0.46499999999995306,0.46499999999995306,0.0,1.0,581849.08,False,,22.215326070785522,60,,99.99999999999953,,,14.0,True,KXMLBGAME-26JUL121610TORSD
KXMLBGAME-26JUL121610TORSD,2026-07-12T03:41:51Z,2026-07-12,0.46499999999995306,0.46499999999995306,0.0,1.0,581853.08,False,,5.019232988357544,60,,99.99999999999953,,,14.0,True,KXMLBGAME-26JUL121610TORSD
KXMLBGAME-26JUL121610TORSD,2026-07-12T03:43:29Z,2026-07-12,0.46499999999995306,0.46499999999995306,0.0,1.0,581853.08,False,,14.624048948287964,60,,99.99999999999953,,,14.0,True,KXMLBGAME-26JUL121610TORSD
KXMLBGAME-26JUL121610TORSD,2026-07-12T03:45:06Z,2026-07-12,0.46499999999995306,0.46499999999995306,0.0,1.0,581812.08,False,,23.404002904891968,60,,99.99999999999953,1.0,35.0,35.0,True,KXMLBGAME-26JUL121610TORSD
KXMLBGAME-26JUL121610TORSD,2026-07-12T03:46:37Z,2026-07-12,0.46499999999995306,0.46499999999995306,0.0,1.0,581655.08,False,,28.240400075912476,60,,99.99999999999953,1.0,46.0,91.0,True,KXMLBGAME-26JUL121610TORSD
KXMLBGAME-26JUL121610TORSD,2026-07-12T03:46:43Z,2026-07-12,0.46499999999995306,0.46499999999995306,0.0,1.0,581655.08,False,,34.240400075912476,60,,99.99999999999953,1.0,46.0,91.0,True,KXMLBGAME-26JUL121610TORSD
KXMLBGAME-26JUL121610TORSD,2026-07-12T03:48:23Z,2026-07-12,0.46499999999995306,0.46499999999995306,0.0,1.0,581488.03,False,,4.137583017349243,60,,99.99999999999953,1.0,119.0,286.0,True,KXMLBGAME-26JUL121610TORSD
KXMLBGAME-26JUL121610TORSD,2026-07-12T03:50:04Z,2026-07-12,0.46499999999995306,0.47499999999999093,0.010000000000037867,1.0,581303.03,False,,18.562000036239624,60,,99.99999999999953,1.0,103.0,393.0,True,KXMLBGAME-26JUL121610TORSD
KXMLBGAME-26JUL121610TORSD,2026-07-12T20:12:25Z,2026-07-12,0.47499999999999093,0.47499999999999093,0.0,1.0,344091.92,False,,5.163067102432251,60,,100.00000000000009,1.0,16.0,48.0,True,KXMLBGAME-26JUL121610TORSD
KXMLBGAME-26JUL121610TORSD,2026-07-12T20:12:50Z,2026-07-12,0.47499999999999093,0.3850000000000938,-0.0899999999998971,1.0,344091.92,False,,30.16306710243225,60,,100.00000000000009,1.0,16.0,42.0,True,KXMLBGAME-26JUL121610TORSD
KXMLBGAME-26JUL121610TORSD,2026-07-12T20:14:02Z,2026-07-12,0.3850000000000938,0.3950000000000212,0.0099999999999274,1.0,85310.29000000001,False,,6.066167116165161,60,,100.00000000000009,1.0,16.0,48.0,True,KXMLBGAME-26JUL121610TORSD
KXMLBGAME-26JUL121610TORSD,2026-07-12T20:15:45Z,2026-07-12,0.3950000000000212,0.3850000000000938,-0.0099999999999274,1.0,,,,,60,,,,,32.0,True,KXMLBGAME-26JUL121610TORSD
KXMLBGAME-26JUL121610TORSD,2026-07-12T20:17:29Z,2026-07-12,0.3850000000000938,0.3950000000000212,0.0099999999999274,1.0,,,,,60,,,,,28.0,True,KXMLBGAME-26JUL121610TORSD
KXMLBGAME-26JUL121610TORSD,2026-07-12T20:18:29Z,2026-07-12,0.3950000000000212,0.40499999999988473,0.009999999999863507,1.0,,,,,60,,,,,28.0,True,KXMLBGAME-26JUL121610TORSD
KXMLBGAME-26JUL121610TORSD,2026-07-12T20:19:09Z,2026-07-12,0.40499999999988473,0.36500000000006355,-0.03999999999982118,1.0,,,,,60,,,,,12.0,True,KXMLBGAME-26JUL121610TORSD
KXMLBGAME-26JUL121610TORSD,2026-07-12T20:22:28Z,2026-07-12,0.36500000000006355,0.3549999999997582,-0.010000000000305376,1.0,,,,,60,,,,,20.0,True,KXMLBGAME-26JUL121610TORSD
KXMLBGAME-26JUL121610TORSD,2026-07-12T20:23:58Z,2026-07-12,0.3549999999997582,0.3549999999997582,0.0,1.0,426030.03,False,,19.335782051086426,60,,100.00000000000009,-1.0,17.0,37.0,True,KXMLBGAME-26JUL121610TORSD
KXMLBGAME-26JUL121610TORSD,2026-07-12T20:24:07Z,2026-07-12,0.3549999999997582,0.3549999999997582,0.0,1.0,426030.03,False,,28.335782051086426,60,,100.00000000000009,-1.0,14.0,37.0,True,KXMLBGAME-26JUL121610TORSD
KXMLBGAME-26JUL121610TORSD,2026-07-12T20:25:44Z,2026-07-12,0.3549999999997582,0.32499999999974194,-0.030000000000016236,1.0,435174.72,False,,30.657761096954346,60,,100.00000000000009,1.0,15.0,34.0,True,KXMLBGAME-26JUL121610TORSD
KXMLBGAME-26JUL121610TORSD,2026-07-12T20:29:28Z,2026-07-12,0.32499999999974194,0.3500000000002907,0.02500000000054875,1.0,,,43.0,,60,-0.6806225404621713,,,,35.0,True,KXMLBGAME-26JUL121610TORSD
KXMLBGAME-26JUL121610TORSD,2026-07-12T20:30:29Z,2026-07-12,0.3500000000002907,0.3349999999997444,-0.015000000000546299,1.0,,,,,60,,,,,18.0,True,KXMLBGAME-26JUL121610TORSD
KXMLBGAME-26JUL121610TORSD,2026-07-12T20:33:32Z,2026-07-12,0.3349999999997444,0.34,0.005000000000255633,1.0,359930.4,False,,54.67310094833374,60,,99.99999999999953,1.0,3.0,31.0,True,KXMLBGAME-26JUL121610TORSD
KXMLBGAME-26JUL121610TORSD,2026-07-12T20:34:59Z,2026-07-12,0.34,0.34,0.0,1.0,275.99,False,,50.724225997924805,60,,499.9999999999999,1.0,11.0,42.0,True,KXMLBGAME-26JUL121610TORSD
KXMLBGAME-26JUL121610TORSD,2026-07-12T20:35:08Z,2026-07-12,0.34,0.40499999999988473,0.0649999999998847,1.0,275.99,False,,59.724225997924805,60,,499.9999999999999,,,42.0,True,KXMLBGAME-26JUL121610TORSD
KXMLBGAME-26JUL121610TORSD,2026-07-12T20:36:49Z,2026-07-12,0.40499999999988473,0.40499999999988473,0.0,1.0,,,,,60,,,1.0,11.0,52.0,True,KXMLBGAME-26JUL121610TORSD
KXMLBGAME-26JUL121610TORSD,2026-07-12T20:38:13Z,2026-07-12,0.40499999999988473,0.44500000000003503,0.040000000000150304,1.0,,,,,60,,,1.0,5.0,48.0,True,KXMLBGAME-26JUL121610TORSD
KXMLBGAME-26JUL121610TORSD,2026-07-12T20:39:44Z,2026-07-12,0.44500000000003503,0.43999999999999995,-0.0050000000000350875,1.0,,,,,60,,,1.0,10.0,58.0,True,KXMLBGAME-26JUL121610TORSD
KXMLBGAME-26JUL121610TORSD,2026-07-12T20:40:29Z,2026-07-12,0.43999999999999995,0.44500000000003503,0.0050000000000350875,1.0,341389.19,False,,26.738675117492676,60,,99.99999999999953,-1.0,9.0,47.0,True,KXMLBGAME-26JUL121610TORSD
KXMLBGAME-26JUL121610TORSD,2026-07-12T20:41:12Z,2026-07-12,0.44500000000003503,0.5,0.054999999999964966,1.0,,,,,60,,,1.0,6.0,47.0,True,KXMLBGAME-26JUL121610TORSD
KXMLBGAME-26JUL121610TORSD,2026-07-12T20:42:47Z,2026-07-12,0.5,0.49500000000000105,-0.00499999999999895,1.0,,,,,60,,,1.0,8.0,50.0,True,KXMLBGAME-26JUL121610TORSD
KXMLBGAME-26JUL121610TORSD,2026-07-12T20:44:18Z,2026-07-12,0.49500000000000105,0.5950000000001153,0.10000000000011428,1.0,,,,,60,,,,,44.0,True,KXMLBGAME-26JUL121610TORSD
KXMLBGAME-26JUL121610TORSD,2026-07-12T20:45:47Z,2026-07-12,0.5950000000001153,0.5950000000001153,0.0,1.0,,,,,60,,,,,47.0,True,KXMLBGAME-26JUL121610TORSD
KXMLBGAME-26JUL121610TORSD,2026-07-12T20:45:51Z,2026-07-12,0.5950000000001153,0.6399999999998525,0.04499999999973714,1.0,,,,,60,,,,,47.0,True,KXMLBGAME-26JUL121610TORSD
KXMLBGAME-26JUL121610TORSD,2026-07-12T20:47:18Z,2026-07-12,0.6399999999998525,0.6650000000002556,0.025000000000403144,1.0,,,,,60,,,,,38.0,True,KXMLBGAME-26JUL121610TORSD
KXMLBGAME-26JUL121610TORSD,2026-07-12T20:48:49Z,2026-07-12,0.6650000000002556,0.6650000000002556,0.0,1.0,,,,,60,,,1.0,6.0,42.0,True,KXMLBGAME-26JUL121610TORSD
KXMLBGAME-26JUL121610TORSD,2026-07-12T20:50:23Z,2026-07-12,0.6650000000002556,0.7249999999999551,0.059999999999699516,1.0,,,,,60,,,1.0,-2.0,35.0,True,KXMLBGAME-26JUL121610TORSD
KXMLBGAME-26JUL121610TORSD,2026-07-12T20:51:16Z,2026-07-12,0.7249999999999551,0.7449999999998795,0.01999999999992441,1.0,326008.49,False,,45.29524207115173,60,,100.00000000000009,-1.0,-1.0,28.0,True,KXMLBGAME-26JUL121610TORSD
KXMLBGAME-26JUL121610TORSD,2026-07-12T20:54:44Z,2026-07-12,0.7449999999998795,0.6949999999997953,-0.0500000000000842,1.0,,,,,60,,,1.0,2.0,25.0,True,KXMLBGAME-26JUL121610TORSD
KXMLBGAME-26JUL121610TORSD,2026-07-12T20:56:15Z,2026-07-12,0.6949999999997953,0.6949999999997953,0.0,1.0,,,,,60,,,-1.0,2.0,37.0,True,KXMLBGAME-26JUL121610TORSD
KXMLBGAME-26JUL121610TORSD,2026-07-12T20:56:39Z,2026-07-12,0.6949999999997953,0.7,0.0050000000002046185,1.0,122885.23,False,,20.649849891662598,60,,100.00000000000009,-1.0,1.0,36.0,True,KXMLBGAME-26JUL121610TORSD
KXMLBGAME-26JUL121610TORSD,2026-07-12T20:57:44Z,2026-07-12,0.7,0.7399999999999717,0.039999999999971725,1.0,95927.95,False,,2.139180898666382,60,,100.00000000000009,1.0,16.0,42.0,True,KXMLBGAME-26JUL121610TORSD
KXMLBGAME-26JUL121610TORSD,2026-07-12T20:59:11Z,2026-07-12,0.7399999999999717,0.7249999999999551,-0.015000000000016556,1.0,171182.11,False,,7.15792989730835,60,,100.00000000000009,-1.0,8.0,36.0,True,KXMLBGAME-26JUL121610TORSD
KXMLBGAME-26JUL121610TORSD,2026-07-12T21:00:42Z,2026-07-12,0.7249999999999551,0.6849999999998286,-0.04000000000012649,1.0,326584.08999999997,False,,18.00903296470642,60,,100.00000000000009,1.0,16.0,41.0,True,KXMLBGAME-26JUL121610TORSD
KXMLBGAME-26JUL121610TORSD,2026-07-12T21:02:55Z,2026-07-12,0.6849999999998286,0.7850000000001042,0.10000000000027554,1.0,,,,,60,,,1.0,10.0,48.0,True,KXMLBGAME-26JUL121610TORSD
KXMLBGAME-26JUL121610TORSD,2026-07-12T21:05:51Z,2026-07-12,0.7850000000001042,0.7599999999999999,-0.025000000000104272,1.0,282474.14,False,,20.080111980438232,60,,100.00000000000009,1.0,10.0,48.0,True,KXMLBGAME-26JUL121610TORSD
KXMLBGAME-26JUL121610TORSD,2026-07-12T21:08:36Z,2026-07-12,0.7599999999999999,0.7449999999998795,-0.015000000000120361,1.0,263059.27999999997,False,,33.95718502998352,60,,100.00000000000009,-1.0,-6.0,18.0,True,KXMLBGAME-26JUL121610TORSD
KXMLBGAME-26JUL121610TORSD,2026-07-12T21:10:09Z,2026-07-12,0.7449999999998795,0.7449999999998795,0.0,1.0,410184.1,False,,52.66824507713318,60,,100.00000000000009,-1.0,6.0,24.0,True,KXMLBGAME-26JUL121610TORSD
KXMLBGAME-26JUL121610TORSD,2026-07-12T21:11:44Z,2026-07-12,0.7449999999998795,0.774999999999719,0.02999999999983949,1.0,115047.0,False,,0.13014602661132812,60,,1099.9999999999998,1.0,16.0,30.0,True,KXMLBGAME-26JUL121610TORSD
KXMLBGAME-26JUL121610TORSD,2026-07-12T21:12:30Z,2026-07-12,0.774999999999719,0.7649999999998506,-0.009999999999868447,1.0,115047.0,False,,46.13014602661133,60,,1099.9999999999998,1.0,9.0,31.0,True,KXMLBGAME-26JUL121610TORSD
KXMLBGAME-26JUL121610TORSD,2026-07-12T21:13:16Z,2026-07-12,0.7649999999998506,0.7850000000001042,0.020000000000253593,1.0,380593.06,False,,17.945782899856567,60,,100.00000000000009,1.0,13.0,50.0,True,KXMLBGAME-26JUL121610TORSD
KXMLBGAME-26JUL121610TORSD,2026-07-12T21:14:42Z,2026-07-12,0.7850000000001042,0.7649999999998506,-0.020000000000253593,1.0,72451.28,False,,31.239094972610474,60,,100.00000000000009,1.0,10.0,46.0,True,KXMLBGAME-26JUL121610TORSD
KXMLBGAME-26JUL121610TORSD,2026-07-12T21:16:15Z,2026-07-12,0.7649999999998506,0.5549999999999649,-0.20999999999988572,1.0,70192.01,False,,53.28574299812317,60,,100.00000000000009,-1.0,4.0,53.0,True,KXMLBGAME-26JUL121610TORSD
KXMLBGAME-26JUL121610TORSD,2026-07-12T21:17:52Z,2026-07-12,0.5549999999999649,0.5650000000000963,0.01000000000013146,1.0,67589.0,False,21.0,12.49893593788147,60,-0.9922420480993018,200.00000000000017,1.0,15.0,56.0,True,KXMLBGAME-26JUL121610TORSD
KXMLBGAME-26JUL121610TORSD,2026-07-12T21:19:14Z,2026-07-12,0.5650000000000963,0.5600000000000582,-0.005000000000038085,1.0,411504.68999999994,False,,30.8485369682312,60,,100.00000000000009,1.0,13.0,54.0,True,KXMLBGAME-26JUL121610TORSD
KXMLBGAME-26JUL121610TORSD,2026-07-12T21:20:43Z,2026-07-12,0.5600000000000582,0.5650000000000963,0.005000000000038085,1.0,180769.29,False,,56.94001293182373,60,,100.00000000000009,1.0,9.0,59.0,True,KXMLBGAME-26JUL121610TORSD
KXMLBGAME-26JUL121610TORSD,2026-07-12T21:22:10Z,2026-07-12,0.5650000000000963,0.5950000000001153,0.03000000000001901,1.0,153333.56,False,,18.06213903427124,60,,100.00000000000009,1.0,16.0,74.0,True,KXMLBGAME-26JUL121610TORSD
KXMLBGAME-26JUL121610TORSD,2026-07-12T21:23:09Z,2026-07-12,0.5950000000001153,0.5950000000001153,0.0,1.0,128843.95999999999,False,,14.808365106582642,60,,100.00000000000009,1.0,12.0,71.0,True,KXMLBGAME-26JUL121610TORSD
KXMLBGAME-26JUL121610TORSD,2026-07-12T21:23:40Z,2026-07-12,0.5950000000001153,0.5849999999999682,-0.010000000000147113,1.0,128843.95999999999,False,,45.80836510658264,60,,100.00000000000009,1.0,12.0,61.0,True,KXMLBGAME-26JUL121610TORSD
KXMLBGAME-26JUL121610TORSD,2026-07-12T21:25:06Z,2026-07-12,0.5849999999999682,0.5449999999999542,-0.040000000000014024,1.0,144471.69,False,,4.506563901901245,60,,100.0000000000012,1.0,13.0,70.0,True,KXMLBGAME-26JUL121610TORSD
KXMLBGAME-26JUL121610TORSD,2026-07-12T21:27:57Z,2026-07-12,0.5449999999999542,0.5549999999999649,0.010000000000010667,1.0,334365.97,False,,48.09822607040405,60,,100.00000000000009,-1.0,3.0,43.0,True,KXMLBGAME-26JUL121610TORSD
KXMLBGAME-26JUL121610TORSD,2026-07-12T21:28:24Z,2026-07-12,0.5549999999999649,0.5049999999999989,-0.04999999999996596,1.0,370146.97,False,,12.572632074356079,60,,100.00000000000009,1.0,14.0,57.0,True,KXMLBGAME-26JUL121610TORSD
KXMLBGAME-26JUL121610TORSD,2026-07-12T21:29:44Z,2026-07-12,0.5049999999999989,0.49500000000000105,-0.009999999999997844,1.0,155991.69,False,,26.71077799797058,60,,100.00000000000009,-1.0,9.0,46.0,True,KXMLBGAME-26JUL121610TORSD
KXMLBGAME-26JUL121610TORSD,2026-07-12T21:31:12Z,2026-07-12,0.49500000000000105,0.49500000000000105,0.0,1.0,60829.97,False,,47.34268593788147,60,,100.00000000000009,1.0,2.0,33.0,True,KXMLBGAME-26JUL121610TORSD
KXMLBGAME-26JUL121610TORSD,2026-07-12T21:32:41Z,2026-07-12,0.49500000000000105,0.5250000000000091,0.030000000000008076,1.0,410133.38,False,,11.100321054458618,60,,100.00000000000009,1.0,11.0,53.0,True,KXMLBGAME-26JUL121610TORSD
KXMLBGAME-26JUL121610TORSD,2026-07-12T21:33:37Z,2026-07-12,0.5250000000000091,0.535000000000047,0.010000000000037867,1.0,144083.52000000002,False,,1.1880760192871094,60,,100.00000000000009,1.0,15.0,54.0,True,KXMLBGAME-26JUL121610TORSD
KXMLBGAME-26JUL121610TORSD,2026-07-12T21:34:12Z,2026-07-12,0.535000000000047,0.5449999999999542,0.009999999999907194,1.0,144083.52000000002,False,,36.18807601928711,60,,100.00000000000009,1.0,15.0,44.0,True,KXMLBGAME-26JUL121610TORSD
KXMLBGAME-26JUL121610TORSD,2026-07-12T21:35:39Z,2026-07-12,0.5449999999999542,0.5650000000000963,0.020000000000142126,1.0,337968.37,False,,58.64455199241638,60,,100.00000000000009,1.0,10.0,58.0,True,KXMLBGAME-26JUL121610TORSD
KXMLBGAME-26JUL121610TORSD,2026-07-12T21:37:06Z,2026-07-12,0.5650000000000963,0.5750000000000883,0.009999999999992015,1.0,138607.59999999998,False,,14.171436071395874,60,,100.00000000000009,1.0,15.0,62.0,True,KXMLBGAME-26JUL121610TORSD
KXMLBGAME-26JUL121610TORSD,2026-07-12T21:38:31Z,2026-07-12,0.5750000000000883,0.5750000000000883,0.0,1.0,376094.58999999997,False,,31.320056915283203,60,,100.0000000000012,1.0,20.0,59.0,True,KXMLBGAME-26JUL121610TORSD
KXMLBGAME-26JUL121610TORSD,2026-07-12T21:38:51Z,2026-07-12,0.5750000000000883,0.5750000000000883,0.0,1.0,376094.58999999997,False,,51.3200569152832,60,,100.0000000000012,1.0,8.0,56.0,True,KXMLBGAME-26JUL121610TORSD
KXMLBGAME-26JUL121610TORSD,2026-07-12T21:39:57Z,2026-07-12,0.5750000000000883,0.5149999999999793,-0.06000000000010908,1.0,379377.13,False,,53.19834804534912,60,,100.0000000000012,1.0,11.0,66.0,True,KXMLBGAME-26JUL121610TORSD
KXMLBGAME-26JUL121610TORSD,2026-07-12T21:42:46Z,2026-07-12,0.5149999999999793,0.5149999999999793,0.0,1.0,294340.24,False,,34.60109806060791,60,,100.00000000000009,1.0,17.0,76.0,True,KXMLBGAME-26JUL121610TORSD
KXMLBGAME-26JUL121610TORSD,2026-07-12T21:44:05Z,2026-07-12,0.5149999999999793,0.5149999999999793,0.0,1.0,442066.73,False,,50.69801211357117,60,,100.00000000000009,1.0,11.0,59.0,True,KXMLBGAME-26JUL121610TORSD
KXMLBGAME-26JUL121610TORSD,2026-07-12T21:44:15Z,2026-07-12,0.5149999999999793,0.5250000000000091,0.010000000000029874,1.0,,,,,60,,,1.0,8.0,67.0,True,KXMLBGAME-26JUL121610TORSD
KXMLBGAME-26JUL121610TORSD,2026-07-12T21:47:06Z,2026-07-12,0.5250000000000091,0.5449999999999542,0.01999999999994506,1.0,320589.2,False,,37.518141984939575,60,,100.00000000000009,1.0,20.0,87.0,True,KXMLBGAME-26JUL121610TORSD
KXMLBGAME-26JUL121610TORSD,2026-07-12T21:48:31Z,2026-07-12,0.5449999999999542,0.5750000000000883,0.03000000000013414,1.0,,,,,60,,,1.0,14.0,87.0,True,KXMLBGAME-26JUL121610TORSD
KXMLBGAME-26JUL121610TORSD,2026-07-12T21:49:21Z,2026-07-12,0.5750000000000883,0.5750000000000883,0.0,1.0,3078.0,False,,47.86915993690491,60,,200.00000000000017,1.0,14.0,70.0,True,KXMLBGAME-26JUL121610TORSD
KXMLBGAME-26JUL121610TORSD,2026-07-12T21:49:59Z,2026-07-12,0.5750000000000883,0.5900000000001056,0.015000000000017222,1.0,303535.44999999995,False,,22.454013109207153,60,,100.0000000000012,1.0,19.0,89.0,True,KXMLBGAME-26JUL121610TORSD
KXMLBGAME-26JUL121610TORSD,2026-07-12T21:51:23Z,2026-07-12,0.5900000000001056,0.5950000000001153,0.005000000000009774,1.0,426542.68,False,,43.424505949020386,60,,100.0000000000012,1.0,15.0,71.0,True,KXMLBGAME-26JUL121610TORSD
KXMLBGAME-26JUL121610TORSD,2026-07-12T21:52:44Z,2026-07-12,0.5950000000001153,0.6250000000001539,0.03000000000003855,1.0,191896.69,False,,0.8320620059967041,60,,100.0000000000012,1.0,12.0,74.0,True,KXMLBGAME-26JUL121610TORSD
KXMLBGAME-26JUL121610TORSD,2026-07-12T21:54:14Z,2026-07-12,0.6250000000001539,0.6250000000001539,0.0,1.0,396849.55,False,,30.191953897476196,60,,100.00000000000009,1.0,18.0,75.0,True,KXMLBGAME-26JUL121610TORSD
KXMLBGAME-26JUL121610TORSD,2026-07-12T21:54:34Z,2026-07-12,0.6250000000001539,0.6250000000001539,0.0,1.0,396849.55,False,,50.191953897476196,60,,100.00000000000009,1.0,16.0,59.0,True,KXMLBGAME-26JUL121610TORSD
KXMLBGAME-26JUL121610TORSD,2026-07-12T21:55:44Z,2026-07-12,0.6250000000001539,0.535000000000047,-0.09000000000010688,1.0,144980.19,False,,58.74497699737549,60,,100.00000000000009,1.0,13.0,60.0,True,KXMLBGAME-26JUL121610TORSD
KXMLBGAME-26JUL121610TORSD,2026-07-12T21:57:19Z,2026-07-12,0.535000000000047,0.5049999999999989,-0.0300000000000481,1.0,352301.6,False,,32.42198610305786,60,,100.00000000000009,1.0,1.0,56.0,True,KXMLBGAME-26JUL121610TORSD
KXMLBGAME-26JUL121610TORSD,2026-07-12T21:58:51Z,2026-07-12,0.5049999999999989,0.5049999999999989,0.0,1.0,481845.53,False,,7.873737096786499,60,,100.00000000000009,1.0,14.0,50.0,True,KXMLBGAME-26JUL121610TORSD
KXMLBGAME-26JUL121610TORSD,2026-07-12T22:00:24Z,2026-07-12,0.5049999999999989,0.5549999999999649,0.04999999999996596,1.0,,,,,60,,,,,39.0,True,KXMLBGAME-26JUL121610TORSD
KXMLBGAME-26JUL121610TORSD,2026-07-12T22:01:53Z,2026-07-12,0.5549999999999649,0.5650000000000963,0.01000000000013146,1.0,2160.0,False,,12.805874109268188,60,,200.00000000000017,1.0,20.0,62.0,True,KXMLBGAME-26JUL121610TORSD
KXMLBGAME-26JUL121610TORSD,2026-07-12T22:03:21Z,2026-07-12,0.5650000000000963,0.5849999999999682,0.019999999999871898,1.0,245979.09999999998,False,,43.8547089099884,60,,100.00000000000009,1.0,17.0,70.0,True,KXMLBGAME-26JUL121610TORSD
KXMLBGAME-26JUL121610TORSD,2026-07-12T22:04:58Z,2026-07-12,0.5849999999999682,0.5849999999999682,0.0,1.0,393542.86,False,25.0,23.215609073638916,60,0.32628759540025565,100.0000000000012,-1.0,11.0,81.0,True,KXMLBGAME-26JUL121610TORSD
KXMLBGAME-26JUL121610TORSD,2026-07-12T22:06:16Z,2026-07-12,0.5849999999999682,0.5849999999999682,0.0,1.0,389169.4,False,,43.1676070690155,60,,100.0000000000012,1.0,14.0,81.0,True,KXMLBGAME-26JUL121610TORSD
KXMLBGAME-26JUL121610TORSD,2026-07-12T22:07:48Z,2026-07-12,0.5849999999999682,0.535000000000047,-0.04999999999992122,1.0,206488.74,False,,22.100105047225952,60,,100.0000000000012,1.0,17.0,70.0,True,KXMLBGAME-26JUL121610TORSD
KXMLBGAME-26JUL121610TORSD,2026-07-12T22:10:12Z,2026-07-12,0.535000000000047,0.5549999999999649,0.01999999999991786,1.0,330418.49,False,,50.87828302383423,60,,100.00000000000009,1.0,8.0,63.0,True,KXMLBGAME-26JUL121610TORSD
KXMLBGAME-26JUL121610TORSD,2026-07-12T22:10:45Z,2026-07-12,0.5549999999999649,0.5049999999999989,-0.04999999999996596,1.0,215542.09,False,,28.47929096221924,60,,100.00000000000009,1.0,10.0,62.0,True,KXMLBGAME-26JUL121610TORSD
KXMLBGAME-26JUL121610TORSD,2026-07-12T22:12:10Z,2026-07-12,0.5049999999999989,0.43000000000003746,-0.07499999999996143,1.0,249695.36,False,,2.2363080978393555,60,,100.00000000000009,1.0,10.0,61.0,True,KXMLBGAME-26JUL121610TORSD
KXMLBGAME-26JUL121610TORSD,2026-07-12T22:15:07Z,2026-07-12,0.43000000000003746,0.43,-3.7470027081099033e-14,1.0,134563.15,False,,11.557159900665283,60,,99.99999999999953,1.0,13.0,80.0,True,KXMLBGAME-26JUL121610TORSD
KXMLBGAME-26JUL121610TORSD,2026-07-12T22:15:27Z,2026-07-12,0.43,0.4600000000000749,0.03000000000007491,1.0,134563.15,False,,31.557159900665283,60,,99.99999999999953,1.0,13.0,70.0,True,KXMLBGAME-26JUL121610TORSD
KXMLBGAME-26JUL121610TORSD,2026-07-12T22:16:39Z,2026-07-12,0.4600000000000749,0.43499999999990363,-0.025000000000171274,1.0,287419.99,False,,49.0654981136322,60,,99.99999999999953,1.0,20.0,75.0,True,KXMLBGAME-26JUL121610TORSD
KXMLBGAME-26JUL121610TORSD,2026-07-12T22:18:08Z,2026-07-12,0.43499999999990363,0.5149999999999793,0.08000000000007562,1.0,119238.34999999999,False,,28.410644054412842,60,,99.99999999999953,1.0,18.0,73.0,True,KXMLBGAME-26JUL121610TORSD
KXMLBGAME-26JUL121610TORSD,2026-07-12T22:19:36Z,2026-07-12,0.5149999999999793,0.5449999999999542,0.029999999999974936,1.0,307636.18,False,,8.208611965179443,60,,100.00000000000009,1.0,14.0,84.0,True,KXMLBGAME-26JUL121610TORSD
KXMLBGAME-26JUL121610TORSD,2026-07-12T22:21:09Z,2026-07-12,0.5449999999999542,0.20499999999997293,-0.33999999999998126,1.0,230864.46000000002,False,,49.1369149684906,60,,100.00000000000009,1.0,25.0,82.0,True,KXMLBGAME-26JUL121610TORSD
KXMLBGAME-26JUL121610TORSD,2026-07-12T22:22:37Z,2026-07-12,0.20499999999997293,0.2750000000000449,0.07000000000007195,1.0,7009.139999999999,False,,33.21949291229248,60,,99.99999999999982,1.0,-6.0,56.0,True,KXMLBGAME-26JUL121610TORSD
KXMLBGAME-26JUL121610TORSD,2026-07-12T22:25:27Z,2026-07-12,0.2750000000000449,0.2750000000000449,0.0,1.0,381591.66,False,,45.30392909049988,60,,100.00000000000009,1.0,13.0,37.0,True,KXMLBGAME-26JUL121610TORSD
KXMLBGAME-26JUL121610TORSD,2026-07-12T22:25:56Z,2026-07-12,0.2750000000000449,0.25500000000012046,-0.01999999999992441,1.0,396162.65,False,,22.736252069473267,60,,100.00000000000009,1.0,8.0,45.0,True,KXMLBGAME-26JUL121610TORSD
KXMLBGAME-26JUL121610TORSD,2026-07-12T22:26:52Z,2026-07-12,0.25500000000012046,0.43499999999990363,0.17999999999978317,1.0,282042.45,False,,27.249978065490723,60,,100.00000000000009,1.0,12.0,41.0,True,KXMLBGAME-26JUL121610TORSD
KXMLBGAME-26JUL121610TORSD,2026-07-12T22:29:45Z,2026-07-12,0.43499999999990363,0.6250000000001539,0.19000000000025025,1.0,268.75,False,,43.2097110748291,60,,400.00000000000034,-1.0,-9.0,30.0,True,KXMLBGAME-26JUL121610TORSD
KXMLBGAME-26JUL121610TORSD,2026-07-12T22:34:08Z,2026-07-12,0.6250000000001539,0.8349999999997849,0.20999999999963104,1.0,183145.0,False,,41.941636085510254,60,,100.00000000000009,1.0,16.0,72.0,True,KXMLBGAME-26JUL121610TORSD
KXMLBGAME-26JUL121610TORSD,2026-07-12T22:35:39Z,2026-07-12,0.8349999999997849,0.8450000000001642,0.010000000000379261,1.0,273783.59,False,,29.62481999397278,60,,100.00000000000009,1.0,-3.0,60.0,True,KXMLBGAME-26JUL121610TORSD
KXMLBGAME-26JUL121610TORSD,2026-07-12T22:36:13Z,2026-07-12,0.8450000000001642,0.8550000000001763,0.01000000000001211,1.0,252733.28,False,,10.851090908050537,60,,100.00000000000009,1.0,3.0,45.0,True,KXMLBGAME-26JUL121610TORSD
KXMLBGAME-26JUL121610TORSD,2026-07-12T22:37:09Z,2026-07-12,0.8550000000001763,0.8550000000001763,0.0,1.0,179671.13,False,,13.726018905639648,60,,100.00000000000009,-1.0,3.0,32.0,True,KXMLBGAME-26JUL121610TORSD
KXMLBGAME-26JUL121610TORSD,2026-07-12T22:38:43Z,2026-07-12,0.8550000000001763,0.8749999999998768,0.01999999999970048,1.0,331078.41000000003,False,,2.949739933013916,60,,100.00000000000009,1.0,11.0,22.0,True,KXMLBGAME-26JUL121610TORSD
KXMLBGAME-26JUL121610TORSD,2026-07-12T22:40:20Z,2026-07-12,0.8749999999998768,0.8749999999998768,0.0,1.0,408219.06,False,,47.187751054763794,60,,100.00000000000009,1.0,9.0,27.0,True,KXMLBGAME-26JUL121610TORSD
KXMLBGAME-26JUL121610TORSD,2026-07-12T22:41:23Z,2026-07-12,0.8749999999998768,0.8599999999999639,-0.01499999999991286,1.0,37733.6,False,,6.1767261028289795,60,,100.00000000000009,1.0,10.0,36.0,True,KXMLBGAME-26JUL121610TORSD
KXMLBGAME-26JUL121610TORSD,2026-07-12T22:41:54Z,2026-07-12,0.8599999999999639,,,1.0,37733.6,False,,37.17672610282898,60,,100.00000000000009,1.0,11.0,34.0,True,KXMLBGAME-26JUL121610TORSD
KXMLBGAME-26JUL061410PHIKC,2026-07-05T19:04:42Z,2026-07-05,0.37999999999988904,0.37999999999988904,0.0,1.0,,,87.0,,300,-0.5764262665018979,,,,,False,KXMLBGAME-26JUL061410PHIKC
KXMLBGAME-26JUL061410PHIKC,2026-07-05T19:05:23Z,2026-07-05,0.37999999999988904,0.37999999999988904,0.0,1.0,,,128.0,,300,-0.5764262665018979,,,,,False,KXMLBGAME-26JUL061410PHIKC
KXMLBGAME-26JUL061410PHIKC,2026-07-05T19:06:14Z,2026-07-05,0.37999999999988904,0.37999999999988904,0.0,1.0,,,179.0,,300,-0.5764262665018979,,,,,False,KXMLBGAME-26JUL061410PHIKC
KXMLBGAME-26JUL061410PHIKC,2026-07-05T19:20:12Z,2026-07-05,0.37999999999988904,0.37999999999988904,0.0,1.0,,,122.0,,300,-0.1416401352245235,,,,,False,KXMLBGAME-26JUL061410PHIKC
KXMLBGAME-26JUL061410PHIKC,2026-07-05T19:20:15Z,2026-07-05,0.37999999999988904,0.37999999999988904,0.0,1.0,,,125.0,,300,-0.1416401352245235,,,,,False,KXMLBGAME-26JUL061410PHIKC
KXMLBGAME-26JUL061410PHIKC,2026-07-05T19:21:02Z,2026-07-05,0.37999999999988904,0.37999999999988904,0.0,1.0,,,172.0,,300,-0.1416401352245235,,,,,False,KXMLBGAME-26JUL061410PHIKC
KXMLBGAME-26JUL061410PHIKC,2026-07-05T19:21:52Z,2026-07-05,0.37999999999988904,0.37999999999988904,0.0,1.0,,,222.0,,300,-0.1416401352245235,,,,,False,KXMLBGAME-26JUL061410PHIKC
KXMLBGAME-26JUL061410PHIKC,2026-07-05T19:22:42Z,2026-07-05,0.37999999999988904,0.37999999999988904,0.0,1.0,,,272.0,,300,-0.1416401352245235,,,,,False,KXMLBGAME-26JUL061410PHIKC
KXMLBGAME-26JUL061410PHIKC,2026-07-05T19:34:30Z,2026-07-05,0.37999999999988904,0.37999999999988904,0.0,1.0,,,120.0,,300,-0.14144362561612442,,,,,False,KXMLBGAME-26JUL061410PHIKC
KXMLBGAME-26JUL061410PHIKC,2026-07-05T19:35:24Z,2026-07-05,0.37999999999988904,0.37999999999988904,0.0,1.0,,,174.0,,300,-0.14144362561612442,,,,,False,KXMLBGAME-26JUL061410PHIKC
KXMLBGAME-26JUL061410PHIKC,2026-07-05T19:35:52Z,2026-07-05,0.37999999999988904,0.37999999999988904,0.0,1.0,,,202.0,,300,-0.14144362561612442,,,,,False,KXMLBGAME-26JUL061410PHIKC
KXMLBGAME-26JUL061410PHIKC,2026-07-05T19:36:17Z,2026-07-05,0.37999999999988904,0.37999999999988904,0.0,1.0,,,227.0,,300,-0.14144362561612442,,,,,False,KXMLBGAME-26JUL061410PHIKC
KXMLBGAME-26JUL061410PHIKC,2026-07-05T19:37:29Z,2026-07-05,0.37999999999988904,0.37999999999988904,0.0,1.0,,,299.0,,300,-0.14144362561612442,,,,,False,KXMLBGAME-26JUL061410PHIKC
KXMLBGAME-26JUL061410PHIKC,2026-07-05T19:49:48Z,2026-07-05,0.37999999999988904,0.37999999999988904,0.0,1.0,,,120.0,,300,-0.14144362561612442,,,,,False,KXMLBGAME-26JUL061410PHIKC
KXMLBGAME-26JUL061410PHIKC,2026-07-05T19:50:40Z,2026-07-05,0.37999999999988904,0.37999999999988904,0.0,1.0,,,172.0,,300,-0.14144362561612442,,,,,False,KXMLBGAME-26JUL061410PHIKC
KXMLBGAME-26JUL061410PHIKC,2026-07-05T19:51:31Z,2026-07-05,0.37999999999988904,0.37999999999988904,0.0,1.0,,,223.0,,300,-0.14144362561612442,,,,,False,KXMLBGAME-26JUL061410PHIKC
KXMLBGAME-26JUL061410PHIKC,2026-07-05T19:51:38Z,2026-07-05,0.37999999999988904,0.37999999999988904,0.0,1.0,,,230.0,,300,-0.14144362561612442,,,,,False,KXMLBGAME-26JUL061410PHIKC
KXMLBGAME-26JUL061410PHIKC,2026-07-05T19:52:21Z,2026-07-05,0.37999999999988904,0.37999999999988904,0.0,1.0,,,273.0,,300,-0.14144362561612442,,,,,False,KXMLBGAME-26JUL061410PHIKC
KXMLBGAME-26JUL061410PHIKC,2026-07-05T20:04:15Z,2026-07-05,0.37999999999988904,0.37999999999988904,0.0,1.0,,,121.0,,300,-0.7911038558632031,,,,,False,KXMLBGAME-26JUL061410PHIKC
KXMLBGAME-26JUL061410PHIKC,2026-07-05T20:05:13Z,2026-07-05,0.37999999999988904,0.37999999999988904,0.0,1.0,,,179.0,,300,-0.7911038558632031,,,,,False,KXMLBGAME-26JUL061410PHIKC
KXMLBGAME-26JUL061410PHIKC,2026-07-05T20:06:03Z,2026-07-05,0.37999999999988904,0.37999999999988904,0.0,1.0,,,229.0,,300,-0.7911038558632031,,,,,False,KXMLBGAME-26JUL061410PHIKC
KXMLBGAME-26JUL061410PHIKC,2026-07-05T20:06:54Z,2026-07-05,0.37999999999988904,0.37999999999988904,0.0,1.0,,,280.0,,300,-0.7911038558632031,,,,,False,KXMLBGAME-26JUL061410PHIKC
KXMLBGAME-26JUL061410PHIKC,2026-07-05T20:20:08Z,2026-07-05,0.3850000000000938,0.3850000000000938,0.0,1.0,,,122.0,,300,0.8989396063074321,,,,,False,KXMLBGAME-26JUL061410PHIKC
KXMLBGAME-26JUL061410PHIKC,2026-07-05T20:21:01Z,2026-07-05,0.3850000000000938,0.3850000000000938,0.0,1.0,,,175.0,,300,0.8989396063074321,,,,,False,KXMLBGAME-26JUL061410PHIKC
KXMLBGAME-26JUL061410PHIKC,2026-07-05T20:21:49Z,2026-07-05,0.3850000000000938,0.3850000000000938,0.0,1.0,,,223.0,,300,0.8989396063074321,,,,,False,KXMLBGAME-26JUL061410PHIKC
KXMLBGAME-26JUL061410PHIKC,2026-07-05T20:22:36Z,2026-07-05,0.3850000000000938,0.3850000000000938,0.0,1.0,,,270.0,,300,0.8989396063074321,,,,,False,KXMLBGAME-26JUL061410PHIKC
KXMLBGAME-26JUL061410PHIKC,2026-07-05T20:35:54Z,2026-07-05,0.3850000000000938,0.3850000000000938,0.0,1.0,,,122.0,,300,0.8989394014636564,,,,,False,KXMLBGAME-26JUL061410PHIKC
KXMLBGAME-26JUL061410PHIKC,2026-07-05T20:36:44Z,2026-07-05,0.3850000000000938,0.3850000000000938,0.0,1.0,,,172.0,,300,0.8989394014636564,,,,,False,KXMLBGAME-26JUL061410PHIKC
KXMLBGAME-26JUL061410PHIKC,2026-07-05T20:37:33Z,2026-07-05,0.3850000000000938,0.3850000000000938,0.0,1.0,,,221.0,,300,0.8989394014636564,,,,,False,KXMLBGAME-26JUL061410PHIKC
KXMLBGAME-26JUL061410PHIKC,2026-07-05T20:53:19Z,2026-07-05,0.3850000000000938,0.3850000000000938,0.0,1.0,,,122.0,,300,0.8989498474375487,,,,,False,KXMLBGAME-26JUL061410PHIKC
KXMLBGAME-26JUL061410PHIKC,2026-07-05T20:54:48Z,2026-07-05,0.3850000000000938,0.3850000000000938,0.0,1.0,,,211.0,,300,0.8989498474375487,,,,,False,KXMLBGAME-26JUL061410PHIKC
KXMLBGAME-26JUL061410PHIKC,2026-07-05T20:55:02Z,2026-07-05,0.3850000000000938,0.3850000000000938,0.0,1.0,,,225.0,,300,0.8989498474375487,,,,,False,KXMLBGAME-26JUL061410PHIKC
KXMLBGAME-26JUL061410PHIKC,2026-07-05T20:55:54Z,2026-07-05,0.3850000000000938,0.3850000000000938,0.0,1.0,,,277.0,,300,0.8989498474375487,,,,,False,KXMLBGAME-26JUL061410PHIKC
KXMLBGAME-26JUL061410PHIKC,2026-07-05T21:05:21Z,2026-07-05,0.3850000000000938,0.3850000000000938,0.0,1.0,,,105.0,,300,0.9328235546536867,,,,,False,KXMLBGAME-26JUL061410PHIKC
KXMLBGAME-26JUL061410PHIKC,2026-07-05T21:05:49Z,2026-07-05,0.3850000000000938,0.3850000000000938,0.0,1.0,,,133.0,,300,0.9328235546536867,,,,,False,KXMLBGAME-26JUL061410PHIKC
KXMLBGAME-26JUL061410PHIKC,2026-07-05T21:08:47Z,2026-07-05,0.3850000000000938,0.3850000000000938,0.0,1.0,,,122.0,,300,0.932993910379191,,,,,False,KXMLBGAME-26JUL061410PHIKC
KXMLBGAME-26JUL061410PHIKC,2026-07-05T21:09:37Z,2026-07-05,0.3850000000000938,0.3850000000000938,0.0,1.0,,,172.0,,300,0.932993910379191,,,,,False,KXMLBGAME-26JUL061410PHIKC
KXMLBGAME-26JUL061410PHIKC,2026-07-05T21:10:26Z,2026-07-05,0.3850000000000938,0.3850000000000938,0.0,1.0,,,221.0,,300,0.932993910379191,,,,,False,KXMLBGAME-26JUL061410PHIKC
KXMLBGAME-26JUL061410PHIKC,2026-07-05T21:10:34Z,2026-07-05,0.3850000000000938,0.3850000000000938,0.0,1.0,,,229.0,,300,0.932993910379191,,,,,False,KXMLBGAME-26JUL061410PHIKC
KXMLBGAME-26JUL061410PHIKC,2026-07-05T21:15:45Z,2026-07-05,0.3850000000000938,0.3850000000000938,0.0,1.0,,,68.0,,300,0.9333796121701481,,,,,False,KXMLBGAME-26JUL061410PHIKC
KXMLBGAME-26JUL061410PHIKC,2026-07-05T21:16:40Z,2026-07-05,0.3850000000000938,0.3850000000000938,0.0,1.0,,,123.0,,300,0.9333796121701481,,,,,False,KXMLBGAME-26JUL061410PHIKC
KXMLBGAME-26JUL061410PHIKC,2026-07-05T21:17:40Z,2026-07-05,0.3850000000000938,0.3850000000000938,0.0,1.0,,,183.0,,300,0.9333796121701481,,,,,False,KXMLBGAME-26JUL061410PHIKC
KXMLBGAME-26JUL061410PHIKC,2026-07-05T21:18:33Z,2026-07-05,0.3850000000000938,0.3850000000000938,0.0,1.0,,,236.0,,300,0.9333796121701481,,,,,False,KXMLBGAME-26JUL061410PHIKC
KXMLBGAME-26JUL061915NYMATL,2026-07-05T16:33:18Z,2026-07-05,0.5499999999999067,0.5499999999999067,0.0,0.0,,,118.0,,300,-0.9678944426139077,,,,,True,KXMLBGAME-26JUL061915NYMATL
KXMLBGAME-26JUL061915NYMATL,2026-07-05T16:33:21Z,2026-07-05,0.5499999999999067,0.5499999999999067,0.0,0.0,,,121.0,,300,-0.9678944426139077,,,,,True,KXMLBGAME-26JUL061915NYMATL
KXMLBGAME-26JUL061915NYMATL,2026-07-05T16:34:10Z,2026-07-05,0.5499999999999067,0.5499999999999067,0.0,0.0,,,170.0,,300,-0.9678944426139077,,,,,True,KXMLBGAME-26JUL061915NYMATL
KXMLBGAME-26JUL061915NYMATL,2026-07-05T16:34:59Z,2026-07-05,0.5499999999999067,0.5499999999999067,0.0,0.0,,,219.0,,300,-0.9678944426139077,,,,,True,KXMLBGAME-26JUL061915NYMATL
KXMLBGAME-26JUL061915NYMATL,2026-07-05T16:35:45Z,2026-07-05,0.5499999999999067,0.5499999999999067,0.0,0.0,,,265.0,,300,-0.9678944426139077,,,,,True,KXMLBGAME-26JUL061915NYMATL
KXMLBGAME-26JUL061915NYMATL,2026-07-05T16:47:07Z,2026-07-05,0.5499999999999067,0.5499999999999067,0.0,0.0,,,122.0,,300,-0.9678944426139077,,,,,True,KXMLBGAME-26JUL061915NYMATL
KXMLBGAME-26JUL061915NYMATL,2026-07-05T16:47:54Z,2026-07-05,0.5499999999999067,0.5499999999999067,0.0,0.0,,,169.0,,300,-0.9678944426139077,,,,,True,KXMLBGAME-26JUL061915NYMATL
KXMLBGAME-26JUL061915NYMATL,2026-07-05T16:48:39Z,2026-07-05,0.5499999999999067,0.5499999999999067,0.0,0.0,,,214.0,,300,-0.9678944426139077,,,,,True,KXMLBGAME-26JUL061915NYMATL
KXMLBGAME-26JUL061915NYMATL,2026-07-05T16:48:45Z,2026-07-05,0.5499999999999067,0.5499999999999067,0.0,0.0,,,220.0,,300,-0.9678944426139077,,,,,True,KXMLBGAME-26JUL061915NYMATL
KXMLBGAME-26JUL061915NYMATL,2026-07-05T16:49:31Z,2026-07-05,0.5499999999999067,0.5499999999999067,0.0,0.0,,,266.0,,300,-0.9678944426139077,,,,,True,KXMLBGAME-26JUL061915NYMATL
KXMLBGAME-26JUL061915NYMATL,2026-07-05T17:01:11Z,2026-07-05,0.5499999999999067,0.5499999999999067,0.0,0.0,,,122.0,,300,-0.9677031309937468,,,,,True,KXMLBGAME-26JUL061915NYMATL
KXMLBGAME-26JUL061915NYMATL,2026-07-05T17:02:01Z,2026-07-05,0.5499999999999067,0.5499999999999067,0.0,0.0,,,172.0,,300,-0.9677031309937468,,,,,True,KXMLBGAME-26JUL061915NYMATL
KXMLBGAME-26JUL061915NYMATL,2026-07-05T17:03:41Z,2026-07-05,0.5499999999999067,0.5499999999999067,0.0,0.0,,,272.0,,300,-0.9677031309937468,,,,,True,KXMLBGAME-26JUL061915NYMATL
KXMLBGAME-26JUL061915NYMATL,2026-07-05T17:16:50Z,2026-07-05,0.5449999999999542,0.5449999999999542,0.0,0.0,,,124.0,,300,0.9475574137064526,,,,,True,KXMLBGAME-26JUL061915NYMATL
KXMLBGAME-26JUL061915NYMATL,2026-07-05T17:17:44Z,2026-07-05,0.5449999999999542,0.5449999999999542,0.0,0.0,,,178.0,,300,0.9475574137064526,,,,,True,KXMLBGAME-26JUL061915NYMATL
KXMLBGAME-26JUL061915NYMATL,2026-07-05T17:18:36Z,2026-07-05,0.5449999999999542,0.5449999999999542,0.0,0.0,,,230.0,,300,0.9475574137064526,,,,,True,KXMLBGAME-26JUL061915NYMATL
KXMLBGAME-26JUL061915NYMATL,2026-07-05T17:19:34Z,2026-07-05,0.5449999999999542,0.5449999999999542,0.0,0.0,,,288.0,,300,0.9475574137064526,,,,,True,KXMLBGAME-26JUL061915NYMATL
KXMLBGAME-26JUL061915NYMATL,2026-07-05T17:34:40Z,2026-07-05,0.5449999999999542,0.5449999999999542,0.0,0.0,,,124.0,,300,0.8388967367816761,,,,,True,KXMLBGAME-26JUL061915NYMATL
KXMLBGAME-26JUL061915NYMATL,2026-07-05T17:35:34Z,2026-07-05,0.5449999999999542,0.5449999999999542,0.0,0.0,,,178.0,,300,0.8388967367816761,,,,,True,KXMLBGAME-26JUL061915NYMATL
KXMLBGAME-26JUL061915NYMATL,2026-07-05T17:35:44Z,2026-07-05,0.5449999999999542,0.5449999999999542,0.0,0.0,,,188.0,,300,0.8388967367816761,,,,,True,KXMLBGAME-26JUL061915NYMATL
KXMLBGAME-26JUL061915NYMATL,2026-07-05T17:36:29Z,2026-07-05,0.5449999999999542,0.5449999999999542,0.0,0.0,,,233.0,,300,0.8388967367816761,,,,,True,KXMLBGAME-26JUL061915NYMATL
KXMLBGAME-26JUL061915NYMATL,2026-07-05T17:37:21Z,2026-07-05,0.5449999999999542,0.5449999999999542,0.0,0.0,,,285.0,,300,0.8388967367816761,,,,,True,KXMLBGAME-26JUL061915NYMATL
KXMLBGAME-26JUL061915NYMATL,2026-07-05T17:49:42Z,2026-07-05,0.5449999999999542,0.5449999999999542,0.0,0.0,,,126.0,,300,0.8388967367816761,,,,,True,KXMLBGAME-26JUL061915NYMATL
KXMLBGAME-26JUL061915NYMATL,2026-07-05T17:50:36Z,2026-07-05,0.5449999999999542,0.5449999999999542,0.0,0.0,,,180.0,,300,0.8388967367816761,,,,,True,KXMLBGAME-26JUL061915NYMATL
KXMLBGAME-26JUL061915NYMATL,2026-07-05T17:51:17Z,2026-07-05,0.5449999999999542,0.5449999999999542,0.0,0.0,,,221.0,,300,0.8388967367816761,,,,,True,KXMLBGAME-26JUL061915NYMATL
KXMLBGAME-26JUL061915NYMATL,2026-07-05T17:51:28Z,2026-07-05,0.5449999999999542,0.5449999999999542,0.0,0.0,,,232.0,,300,0.8388967367816761,,,,,True,KXMLBGAME-26JUL061915NYMATL
KXMLBGAME-26JUL061915NYMATL,2026-07-05T17:52:18Z,2026-07-05,0.5449999999999542,0.5449999999999542,0.0,0.0,,,282.0,,300,0.8388967367816761,,,,,True,KXMLBGAME-26JUL061915NYMATL
KXMLBGAME-26JUL061915NYMATL,2026-07-05T18:05:45Z,2026-07-05,0.5449999999999542,0.5449999999999542,0.0,0.0,,,173.0,,300,-0.15673276886512186,,,,,True,KXMLBGAME-26JUL061915NYMATL
KXMLBGAME-26JUL061915NYMATL,2026-07-05T18:06:34Z,2026-07-05,0.5449999999999542,0.5449999999999542,0.0,0.0,,,222.0,,300,-0.15673276886512186,,,,,True,KXMLBGAME-26JUL061915NYMATL
KXMLBGAME-26JUL061915NYMATL,2026-07-05T18:06:56Z,2026-07-05,0.5449999999999542,0.5449999999999542,0.0,0.0,,,244.0,,300,-0.15673276886512186,,,,,True,KXMLBGAME-26JUL061915NYMATL
KXMLBGAME-26JUL061915NYMATL,2026-07-05T18:07:23Z,2026-07-05,0.5449999999999542,0.5449999999999542,0.0,0.0,,,271.0,,300,-0.15673276886512186,,,,,True,KXMLBGAME-26JUL061915NYMATL
KXMLBGAME-26JUL061915NYMATL,2026-07-05T18:17:17Z,2026-07-05,0.5449999999999542,0.5449999999999542,0.0,0.0,,,14.0,,300,-0.24254680398615686,,,,,True,KXMLBGAME-26JUL061915NYMATL
KXMLBGAME-26JUL061915NYMATL,2026-07-05T18:19:07Z,2026-07-05,0.5449999999999542,0.55,0.005000000000045857,0.0,,,124.0,,300,-0.24254680398615686,,,,,True,KXMLBGAME-26JUL061915NYMATL
KXMLBGAME-26JUL061915NYMATL,2026-07-05T18:19:54Z,2026-07-05,0.55,0.55,0.0,0.0,,,171.0,,300,-0.24254680398615686,,,,,True,KXMLBGAME-26JUL061915NYMATL
KXMLBGAME-26JUL061915NYMATL,2026-07-05T18:20:43Z,2026-07-05,0.55,0.55,0.0,0.0,,,220.0,,300,-0.24254680398615686,,,,,True,KXMLBGAME-26JUL061915NYMATL
KXMLBGAME-26JUL061915NYMATL,2026-07-05T18:21:33Z,2026-07-05,0.55,0.55,0.0,0.0,,,270.0,,300,-0.24254680398615686,,,,,True,KXMLBGAME-26JUL061915NYMATL
KXMLBGAME-26JUL061915NYMATL,2026-07-05T18:32:47Z,2026-07-05,0.55,0.55,0.0,0.0,,,105.0,,300,-0.21682747441303019,,,,,True,KXMLBGAME-26JUL061915NYMATL
KXMLBGAME-26JUL061915NYMATL,2026-07-05T18:33:04Z,2026-07-05,0.55,0.55,0.0,0.0,,,122.0,,300,-0.21682747441303019,,,,,True,KXMLBGAME-26JUL061915NYMATL
KXMLBGAME-26JUL061915NYMATL,2026-07-05T18:33:55Z,2026-07-05,0.55,0.55,0.0,0.0,,,173.0,,300,-0.21682747441303019,,,,,True,KXMLBGAME-26JUL061915NYMATL
KXMLBGAME-26JUL061915NYMATL,2026-07-05T18:34:48Z,2026-07-05,0.55,0.55,0.0,0.0,,,226.0,,300,-0.21682747441303019,,,,,True,KXMLBGAME-26JUL061915NYMATL
KXMLBGAME-26JUL061915NYMATL,2026-07-05T18:35:38Z,2026-07-05,0.55,0.5449999999999542,-0.005000000000045857,0.0,,,276.0,,300,-0.21682747441303019,,,,,True,KXMLBGAME-26JUL061915NYMATL
KXMLBGAME-26JUL061915NYMATL,2026-07-05T18:47:48Z,2026-07-05,0.5449999999999542,0.5449999999999542,0.0,0.0,,,124.0,,300,-0.9780290194491434,,,,,True,KXMLBGAME-26JUL061915NYMATL
KXMLBGAME-26JUL061915NYMATL,2026-07-05T18:48:24Z,2026-07-05,0.5449999999999542,0.5449999999999542,0.0,0.0,,,160.0,,300,-0.9780290194491434,,,,,True,KXMLBGAME-26JUL061915NYMATL
KXMLBGAME-26JUL061915NYMATL,2026-07-05T18:48:50Z,2026-07-05,0.5449999999999542,0.5399999999999251,-0.005000000000029092,0.0,,,186.0,,300,-0.9780290194491434,,,,,True,KXMLBGAME-26JUL061915NYMATL
KXMLBGAME-26JUL061915NYMATL,2026-07-05T18:49:40Z,2026-07-05,0.5399999999999251,0.5399999999999251,0.0,0.0,,,236.0,,300,-0.9780290194491434,,,,,True,KXMLBGAME-26JUL061915NYMATL
KXMLBGAME-26JUL061915NYMATL,2026-07-05T18:50:30Z,2026-07-05,0.5399999999999251,0.5399999999999251,0.0,0.0,,,286.0,,300,-0.9780290194491434,,,,,True,KXMLBGAME-26JUL061915NYMATL
KXMLBGAME-26JUL061915NYMATL,2026-07-05T19:04:42Z,2026-07-05,0.5399999999999251,0.5399999999999251,0.0,0.0,,,87.0,,300,-0.9994063793085224,,,,,True,KXMLBGAME-26JUL061915NYMATL
KXMLBGAME-26JUL061915NYMATL,2026-07-05T19:05:23Z,2026-07-05,0.5399999999999251,0.5399999999999251,0.0,0.0,,,128.0,,300,-0.9994063793085224,,,,,True,KXMLBGAME-26JUL061915NYMATL
KXMLBGAME-26JUL061915NYMATL,2026-07-05T19:06:14Z,2026-07-05,0.5399999999999251,0.5399999999999251,0.0,0.0,,,179.0,,300,-0.9994063793085224,,,,,True,KXMLBGAME-26JUL061915NYMATL
KXMLBGAME-26JUL061915NYMATL,2026-07-05T19:07:15Z,2026-07-05,0.5399999999999251,0.5399999999999251,0.0,0.0,,,240.0,,300,-0.9994063793085224,,,,,True,KXMLBGAME-26JUL061915NYMATL
KXMLBGAME-26JUL061915NYMATL,2026-07-05T19:08:12Z,2026-07-05,0.5399999999999251,0.5399999999999251,0.0,0.0,,,297.0,,300,-0.9994063793085224,,,,,True,KXMLBGAME-26JUL061915NYMATL
KXMLBGAME-26JUL061915NYMATL,2026-07-05T19:20:12Z,2026-07-05,0.5399999999999251,0.5399999999999251,0.0,0.0,,,122.0,,300,-0.9994139529871893,,,,,True,KXMLBGAME-26JUL061915NYMATL
KXMLBGAME-26JUL061915NYMATL,2026-07-05T19:20:15Z,2026-07-05,0.5399999999999251,0.5399999999999251,0.0,0.0,,,125.0,,300,-0.9994139529871893,,,,,True,KXMLBGAME-26JUL061915NYMATL
KXMLBGAME-26JUL061915NYMATL,2026-07-05T19:21:02Z,2026-07-05,0.5399999999999251,0.5399999999999251,0.0,0.0,,,172.0,,300,-0.9994139529871893,,,,,True,KXMLBGAME-26JUL061915NYMATL
KXMLBGAME-26JUL061915NYMATL,2026-07-05T19:21:52Z,2026-07-05,0.5399999999999251,0.5399999999999251,0.0,0.0,,,222.0,,300,-0.9994139529871893,,,,,True,KXMLBGAME-26JUL061915NYMATL
KXMLBGAME-26JUL061915NYMATL,2026-07-05T19:22:42Z,2026-07-05,0.5399999999999251,0.5399999999999251,0.0,0.0,,,272.0,,300,-0.9994139529871893,,,,,True,KXMLBGAME-26JUL061915NYMATL
KXMLBGAME-26JUL061915NYMATL,2026-07-05T19:34:30Z,2026-07-05,0.5399999999999251,0.5399999999999251,0.0,0.0,,,120.0,,300,-0.9994128777332812,,,,,True,KXMLBGAME-26JUL061915NYMATL
KXMLBGAME-26JUL061915NYMATL,2026-07-05T19:35:24Z,2026-07-05,0.5399999999999251,0.5399999999999251,0.0,0.0,,,174.0,,300,-0.9994128777332812,,,,,True,KXMLBGAME-26JUL061915NYMATL
KXMLBGAME-26JUL061915NYMATL,2026-07-05T19:35:52Z,2026-07-05,0.5399999999999251,0.5399999999999251,0.0,0.0,,,202.0,,300,-0.9994128777332812,,,,,True,KXMLBGAME-26JUL061915NYMATL
KXMLBGAME-26JUL061915NYMATL,2026-07-05T19:36:17Z,2026-07-05,0.5399999999999251,0.5399999999999251,0.0,0.0,,,227.0,,300,-0.9994128777332812,,,,,True,KXMLBGAME-26JUL061915NYMATL
KXMLBGAME-26JUL061915NYMATL,2026-07-05T19:37:29Z,2026-07-05,0.5399999999999251,0.5399999999999251,0.0,0.0,,,299.0,,300,-0.9994128777332812,,,,,True,KXMLBGAME-26JUL061915NYMATL
KXMLBGAME-26JUL061915NYMATL,2026-07-05T19:49:48Z,2026-07-05,0.5399999999999251,0.5399999999999251,0.0,0.0,,,120.0,,300,-0.9994128997153993,,,,,True,KXMLBGAME-26JUL061915NYMATL
KXMLBGAME-26JUL061915NYMATL,2026-07-05T19:50:40Z,2026-07-05,0.5399999999999251,0.5399999999999251,0.0,0.0,,,172.0,,300,-0.9994128997153993,,,,,True,KXMLBGAME-26JUL061915NYMATL
KXMLBGAME-26JUL061915NYMATL,2026-07-05T19:51:31Z,2026-07-05,0.5399999999999251,0.5399999999999251,0.0,0.0,,,223.0,,300,-0.9994128997153993,,,,,True,KXMLBGAME-26JUL061915NYMATL
KXMLBGAME-26JUL061915NYMATL,2026-07-05T19:51:38Z,2026-07-05,0.5399999999999251,0.5399999999999251,0.0,0.0,,,230.0,,300,-0.9994128997153993,,,,,True,KXMLBGAME-26JUL061915NYMATL
KXMLBGAME-26JUL061915NYMATL,2026-07-05T19:52:21Z,2026-07-05,0.5399999999999251,0.5399999999999251,0.0,0.0,,,273.0,,300,-0.9994128997153993,,,,,True,KXMLBGAME-26JUL061915NYMATL
KXMLBGAME-26JUL061915NYMATL,2026-07-05T20:04:15Z,2026-07-05,0.5399999999999251,0.5399999999999251,0.0,0.0,,,121.0,,300,-0.9994769004731682,,,,,True,KXMLBGAME-26JUL061915NYMATL
KXMLBGAME-26JUL061915NYMATL,2026-07-05T20:05:13Z,2026-07-05,0.5399999999999251,0.5399999999999251,0.0,0.0,,,179.0,,300,-0.9994769004731682,,,,,True,KXMLBGAME-26JUL061915NYMATL
KXMLBGAME-26JUL061915NYMATL,2026-07-05T20:06:03Z,2026-07-05,0.5399999999999251,0.5399999999999251,0.0,0.0,,,229.0,,300,-0.9994769004731682,,,,,True,KXMLBGAME-26JUL061915NYMATL
KXMLBGAME-26JUL061915NYMATL,2026-07-05T20:06:54Z,2026-07-05,0.5399999999999251,0.5399999999999251,0.0,0.0,,,280.0,,300,-0.9994769004731682,,,,,True,KXMLBGAME-26JUL061915NYMATL
KXMLBGAME-26JUL061915NYMATL,2026-07-05T20:20:08Z,2026-07-05,0.5399999999999251,0.5399999999999251,0.0,0.0,,,122.0,,300,-0.9994768893133414,,,,,True,KXMLBGAME-26JUL061915NYMATL
KXMLBGAME-26JUL061915NYMATL,2026-07-05T20:21:01Z,2026-07-05,0.5399999999999251,0.5399999999999251,0.0,0.0,,,175.0,,300,-0.9994768893133414,,,,,True,KXMLBGAME-26JUL061915NYMATL
KXMLBGAME-26JUL061915NYMATL,2026-07-05T20:21:49Z,2026-07-05,0.5399999999999251,0.5399999999999251,0.0,0.0,,,223.0,,300,-0.9994768893133414,,,,,True,KXMLBGAME-26JUL061915NYMATL
KXMLBGAME-26JUL061915NYMATL,2026-07-05T20:22:36Z,2026-07-05,0.5399999999999251,0.5399999999999251,0.0,0.0,,,270.0,,300,-0.9994768893133414,,,,,True,KXMLBGAME-26JUL061915NYMATL
KXMLBGAME-26JUL061915NYMATL,2026-07-05T20:35:54Z,2026-07-05,0.5399999999999251,0.5399999999999251,0.0,0.0,,,122.0,,300,-0.9994767417914935,,,,,True,KXMLBGAME-26JUL061915NYMATL
KXMLBGAME-26JUL061915NYMATL,2026-07-05T20:36:44Z,2026-07-05,0.5399999999999251,0.5399999999999251,0.0,0.0,,,172.0,,300,-0.9994767417914935,,,,,True,KXMLBGAME-26JUL061915NYMATL
KXMLBGAME-26JUL061915NYMATL,2026-07-05T20:37:33Z,2026-07-05,0.5399999999999251,0.5399999999999251,0.0,0.0,,,221.0,,300,-0.9994767417914935,,,,,True,KXMLBGAME-26JUL061915NYMATL
KXMLBGAME-26JUL061915NYMATL,2026-07-05T20:53:19Z,2026-07-05,0.5399999999999251,0.5399999999999251,0.0,0.0,,,122.0,,300,-0.9994743017829358,,,,,True,KXMLBGAME-26JUL061915NYMATL
KXMLBGAME-26JUL061915NYMATL,2026-07-05T20:54:48Z,2026-07-05,0.5399999999999251,0.5399999999999251,0.0,0.0,,,211.0,,300,-0.9994743017829358,,,,,True,KXMLBGAME-26JUL061915NYMATL
KXMLBGAME-26JUL061915NYMATL,2026-07-05T20:55:02Z,2026-07-05,0.5399999999999251,0.5399999999999251,0.0,0.0,,,225.0,,300,-0.9994743017829358,,,,,True,KXMLBGAME-26JUL061915NYMATL
KXMLBGAME-26JUL061915NYMATL,2026-07-05T20:55:54Z,2026-07-05,0.5399999999999251,0.5399999999999251,0.0,0.0,,,277.0,,300,-0.9994743017829358,,,,,True,KXMLBGAME-26JUL061915NYMATL
KXMLBGAME-26JUL061915NYMATL,2026-07-05T21:05:21Z,2026-07-05,0.5449999999999542,0.5449999999999542,0.0,0.0,,,105.0,,300,-0.9999061121277006,,,,,True,KXMLBGAME-26JUL061915NYMATL
KXMLBGAME-26JUL061915NYMATL,2026-07-05T21:05:49Z,2026-07-05,0.5449999999999542,0.5449999999999542,0.0,0.0,,,133.0,,300,-0.9999061121277006,,,,,True,KXMLBGAME-26JUL061915NYMATL
KXMLBGAME-26JUL061915NYMATL,2026-07-05T21:08:47Z,2026-07-05,0.5449999999999542,0.5449999999999542,0.0,0.0,,,122.0,,300,-0.9999061121277006,,,,,True,KXMLBGAME-26JUL061915NYMATL
KXMLBGAME-26JUL061915NYMATL,2026-07-05T21:09:37Z,2026-07-05,0.5449999999999542,0.5449999999999542,0.0,0.0,,,172.0,,300,-0.9999061121277006,,,,,True,KXMLBGAME-26JUL061915NYMATL
KXMLBGAME-26JUL061915NYMATL,2026-07-05T21:10:26Z,2026-07-05,0.5449999999999542,0.5449999999999542,0.0,0.0,,,221.0,,300,-0.9999061121277006,,,,,True,KXMLBGAME-26JUL061915NYMATL
KXMLBGAME-26JUL061915NYMATL,2026-07-05T21:10:34Z,2026-07-05,0.5449999999999542,0.5449999999999542,0.0,0.0,,,229.0,,300,-0.9999061121277006,,,,,True,KXMLBGAME-26JUL061915NYMATL
KXMLBGAME-26JUL061915NYMATL,2026-07-05T21:15:45Z,2026-07-05,0.5449999999999542,0.5449999999999542,0.0,0.0,,,68.0,,300,-0.9999064074351562,,,,,True,KXMLBGAME-26JUL061915NYMATL
KXMLBGAME-26JUL061915NYMATL,2026-07-05T21:16:40Z,2026-07-05,0.5449999999999542,0.5449999999999542,0.0,0.0,,,123.0,,300,-0.9999064074351562,,,,,True,KXMLBGAME-26JUL061915NYMATL
KXMLBGAME-26JUL061915NYMATL,2026-07-05T21:17:40Z,2026-07-05,0.5449999999999542,0.5449999999999542,0.0,0.0,,,183.0,,300,-0.9999064074351562,,,,,True,KXMLBGAME-26JUL061915NYMATL
KXMLBGAME-26JUL061915NYMATL,2026-07-05T21:18:33Z,2026-07-05,0.5449999999999542,0.5449999999999542,0.0,0.0,,,236.0,,300,-0.9999064074351562,,,,,True,KXMLBGAME-26JUL061915NYMATL
KXMLBGAME-26JUL081835CHCBAL,2026-07-07T22:20:53Z,2026-07-07,0.5250000000000091,0.5250000000000091,0.0,0.0,,,114.0,,300,0.5232344447361512,,,,,True,KXMLBGAME-26JUL081835CHCBAL
KXMLBGAME-26JUL081835CHCBAL,2026-07-07T22:21:58Z,2026-07-07,0.5250000000000091,0.5250000000000091,0.0,0.0,,,179.0,,300,0.5232344447361512,,,,,True,KXMLBGAME-26JUL081835CHCBAL
KXMLBGAME-26JUL081835CHCBAL,2026-07-07T22:23:02Z,2026-07-07,0.5250000000000091,0.5250000000000091,0.0,0.0,,,243.0,,300,0.5232344447361512,,,,,True,KXMLBGAME-26JUL081835CHCBAL
KXMLBGAME-26JUL081835CHCBAL,2026-07-07T22:23:40Z,2026-07-07,0.5250000000000091,0.5250000000000091,0.0,0.0,,,281.0,,300,0.5232344447361512,,,,,True,KXMLBGAME-26JUL081835CHCBAL
KXMLBGAME-26JUL081835CHCBAL,2026-07-07T22:38:58Z,2026-07-07,0.5250000000000091,0.5250000000000091,0.0,0.0,,,115.0,,300,0.5243073706220596,,,,,True,KXMLBGAME-26JUL081835CHCBAL
KXMLBGAME-26JUL081835CHCBAL,2026-07-07T22:39:32Z,2026-07-07,0.5250000000000091,0.5250000000000091,0.0,0.0,,,149.0,,300,0.5243073706220596,,,,,True,KXMLBGAME-26JUL081835CHCBAL
KXMLBGAME-26JUL081835CHCBAL,2026-07-07T22:40:06Z,2026-07-07,0.5250000000000091,0.5250000000000091,0.0,0.0,,,183.0,,300,0.5243073706220596,,,,,True,KXMLBGAME-26JUL081835CHCBAL
KXMLBGAME-26JUL081835CHCBAL,2026-07-07T22:41:14Z,2026-07-07,0.5250000000000091,0.5250000000000091,0.0,0.0,,,251.0,,300,0.5243073706220596,,,,,True,KXMLBGAME-26JUL081835CHCBAL
KXMLBGAME-26JUL081840NYYTB,2026-07-07T22:40:06Z,2026-07-07,0.5449999999999542,0.5449999999999542,0.0,1.0,,,183.0,,300,-0.9818997688841823,,,,,True,KXMLBGAME-26JUL081840NYYTB
KXMLBGAME-26JUL081840NYYTB,2026-07-07T22:41:14Z,2026-07-07,0.5449999999999542,0.5449999999999542,0.0,1.0,,,251.0,,300,-0.9818997688841823,,,,,True,KXMLBGAME-26JUL081840NYYTB
KXMLBGAME-26JUL081840SEAMIA,2026-07-07T22:41:14Z,2026-07-07,0.46,0.46,0.0,1.0,,,251.0,,300,0.7290419161676647,,,,,False,KXMLBGAME-26JUL081840SEAMIA
KXMLBGAME-26JUL081845HOUWSH,2026-07-07T22:58:48Z,2026-07-07,0.5449999999999542,0.5449999999999542,0.0,1.0,,,117.0,,300,0.9281625205887,,,,,True,KXMLBGAME-26JUL081845HOUWSH
KXMLBGAME-26JUL081845HOUWSH,2026-07-07T23:00:17Z,2026-07-07,0.5449999999999542,0.5449999999999542,0.0,1.0,,,206.0,,300,0.9281625205887,,,,,True,KXMLBGAME-26JUL081845HOUWSH
KXMLBGAME-26JUL081845HOUWSH,2026-07-07T23:00:27Z,2026-07-07,0.5449999999999542,0.5449999999999542,0.0,1.0,,,216.0,,300,0.9281625205887,,,,,True,KXMLBGAME-26JUL081845HOUWSH
KXMLBGAME-26JUL081845HOUWSH,2026-07-07T23:01:27Z,2026-07-07,0.5449999999999542,0.5449999999999542,0.0,1.0,,,276.0,,300,0.9281625205887,,,,,True,KXMLBGAME-26JUL081845HOUWSH
KXMLBGAME-26JUL081845HOUWSH,2026-07-07T23:20:45Z,2026-07-07,0.5449999999999542,0.5449999999999542,0.0,1.0,,,118.0,,300,0.936505364485942,,,,,True,KXMLBGAME-26JUL081845HOUWSH
KXMLBGAME-26JUL081845HOUWSH,2026-07-07T23:21:40Z,2026-07-07,0.5449999999999542,0.5449999999999542,0.0,1.0,,,173.0,,300,0.936505364485942,,,,,True,KXMLBGAME-26JUL081845HOUWSH
KXMLBGAME-26JUL081845HOUWSH,2026-07-07T23:22:01Z,2026-07-07,0.5449999999999542,0.5449999999999542,0.0,1.0,,,194.0,,300,0.936505364485942,,,,,True,KXMLBGAME-26JUL081845HOUWSH
KXMLBGAME-26JUL081845HOUWSH,2026-07-07T23:23:15Z,2026-07-07,0.5449999999999542,0.5449999999999542,0.0,1.0,,,268.0,,300,0.936505364485942,,,,,True,KXMLBGAME-26JUL081845HOUWSH
KXMLBGAME-26JUL081910KCNYM,2026-07-07T23:20:45Z,2026-07-07,0.57,0.57,0.0,1.0,,,118.0,,300,0.7841468875951635,,,,,False,KXMLBGAME-26JUL081910KCNYM
KXMLBGAME-26JUL081910KCNYM,2026-07-07T23:21:40Z,2026-07-07,0.57,0.57,0.0,1.0,,,173.0,,300,0.7841468875951635,,,,,False,KXMLBGAME-26JUL081910KCNYM
KXMLBGAME-26JUL081910KCNYM,2026-07-07T23:22:01Z,2026-07-07,0.57,0.57,0.0,1.0,,,194.0,,300,0.7841468875951635,,,,,False,KXMLBGAME-26JUL081910KCNYM
KXMLBGAME-26JUL081910KCNYM,2026-07-07T23:23:15Z,2026-07-07,0.57,0.57,0.0,1.0,,,268.0,,300,0.7841468875951635,,,,,False,KXMLBGAME-26JUL081910KCNYM
KXMLBGAME-26JUL081945MILSTL,2026-07-07T18:45:40Z,2026-07-07,0.43999999999999995,0.43999999999999995,0.0,1.0,,,35.0,,300,0.9931448790909818,,,,,True,KXMLBGAME-26JUL081945MILSTL
KXMLBGAME-26JUL081945MILSTL,2026-07-07T18:47:03Z,2026-07-07,0.43999999999999995,0.43999999999999995,0.0,1.0,,,118.0,,300,0.9931448790909818,,,,,True,KXMLBGAME-26JUL081945MILSTL
KXMLBGAME-26JUL081945MILSTL,2026-07-07T18:49:58Z,2026-07-07,0.43999999999999995,0.43999999999999995,0.0,1.0,,,293.0,,300,0.9931448790909818,,,,,True,KXMLBGAME-26JUL081945MILSTL
KXMLBGAME-26JUL081945MILSTL,2026-07-07T19:06:36Z,2026-07-07,0.43999999999999995,0.43999999999999995,0.0,1.0,,,117.0,,300,0.9931572818458996,,,,,True,KXMLBGAME-26JUL081945MILSTL
KXMLBGAME-26JUL081945MILSTL,2026-07-07T19:07:42Z,2026-07-07,0.43999999999999995,0.43999999999999995,0.0,1.0,,,183.0,,300,0.9931572818458996,,,,,True,KXMLBGAME-26JUL081945MILSTL
KXMLBGAME-26JUL081945MILSTL,2026-07-07T19:08:44Z,2026-07-07,0.43999999999999995,0.43999999999999995,0.0,1.0,,,245.0,,300,0.9931572818458996,,,,,True,KXMLBGAME-26JUL081945MILSTL
KXMLBGAME-26JUL081945MILSTL,2026-07-07T19:09:39Z,2026-07-07,0.43999999999999995,0.43999999999999995,0.0,1.0,,,300.0,,300,0.9931572818458996,,,,,True,KXMLBGAME-26JUL081945MILSTL
KXMLBGAME-26JUL081945MILSTL,2026-07-07T19:24:58Z,2026-07-07,0.43999999999999995,0.43999999999999995,0.0,1.0,,,118.0,,300,0.9932850452401961,,,,,True,KXMLBGAME-26JUL081945MILSTL
KXMLBGAME-26JUL081945MILSTL,2026-07-07T19:25:22Z,2026-07-07,0.43999999999999995,0.43999999999999995,0.0,1.0,,,142.0,,300,0.9932850452401961,,,,,True,KXMLBGAME-26JUL081945MILSTL
KXMLBGAME-26JUL081945MILSTL,2026-07-07T19:26:00Z,2026-07-07,0.43999999999999995,0.43999999999999995,0.0,1.0,,,180.0,,300,0.9932850452401961,,,,,True,KXMLBGAME-26JUL081945MILSTL
KXMLBGAME-26JUL081945MILSTL,2026-07-07T19:27:02Z,2026-07-07,0.43999999999999995,0.43999999999999995,0.0,1.0,,,242.0,,300,0.9932850452401961,,,,,True,KXMLBGAME-26JUL081945MILSTL
KXMLBGAME-26JUL081945MILSTL,2026-07-07T19:40:55Z,2026-07-07,0.43999999999999995,0.43999999999999995,0.0,1.0,,,15.0,,300,0.9932424433866248,,,,,True,KXMLBGAME-26JUL081945MILSTL
KXMLBGAME-26JUL081945MILSTL,2026-07-07T19:42:42Z,2026-07-07,0.43999999999999995,0.43999999999999995,0.0,1.0,,,122.0,,300,0.9932424433866248,,,,,True,KXMLBGAME-26JUL081945MILSTL
KXMLBGAME-26JUL081945MILSTL,2026-07-07T19:43:46Z,2026-07-07,0.43999999999999995,0.43999999999999995,0.0,1.0,,,186.0,,300,0.9932424433866248,,,,,True,KXMLBGAME-26JUL081945MILSTL
KXMLBGAME-26JUL081945MILSTL,2026-07-07T19:45:07Z,2026-07-07,0.43999999999999995,0.43999999999999995,0.0,1.0,,,267.0,,300,0.9932424433866248,,,,,True,KXMLBGAME-26JUL081945MILSTL
KXMLBGAME-26JUL081945MILSTL,2026-07-07T20:21:38Z,2026-07-07,0.43999999999999995,0.43999999999999995,0.0,1.0,,,117.0,,300,0.9952913478516775,,,,,True,KXMLBGAME-26JUL081945MILSTL
KXMLBGAME-26JUL081945MILSTL,2026-07-07T20:22:40Z,2026-07-07,0.43999999999999995,0.43999999999999995,0.0,1.0,,,179.0,,300,0.9952913478516775,,,,,True,KXMLBGAME-26JUL081945MILSTL
KXMLBGAME-26JUL081945MILSTL,2026-07-07T20:23:26Z,2026-07-07,0.43999999999999995,0.43999999999999995,0.0,1.0,,,225.0,,300,0.9952913478516775,,,,,True,KXMLBGAME-26JUL081945MILSTL
KXMLBGAME-26JUL081945MILSTL,2026-07-07T20:23:45Z,2026-07-07,0.43999999999999995,0.43999999999999995,0.0,1.0,,,244.0,,300,0.9952913478516775,,,,,True,KXMLBGAME-26JUL081945MILSTL
KXMLBGAME-26JUL081945MILSTL,2026-07-07T20:39:07Z,2026-07-07,0.43999999999999995,0.43999999999999995,0.0,1.0,,,52.0,,300,0.9952810155254589,,,,,True,KXMLBGAME-26JUL081945MILSTL
KXMLBGAME-26JUL081945MILSTL,2026-07-07T20:40:13Z,2026-07-07,0.43999999999999995,0.43999999999999995,0.0,1.0,,,118.0,,300,0.9952810155254589,,,,,True,KXMLBGAME-26JUL081945MILSTL
KXMLBGAME-26JUL081945MILSTL,2026-07-07T20:41:18Z,2026-07-07,0.43999999999999995,0.43999999999999995,0.0,1.0,,,183.0,,300,0.9952810155254589,,,,,True,KXMLBGAME-26JUL081945MILSTL
KXMLBGAME-26JUL081945MILSTL,2026-07-07T20:42:26Z,2026-07-07,0.43999999999999995,0.43999999999999995,0.0,1.0,,,251.0,,300,0.9952810155254589,,,,,True,KXMLBGAME-26JUL081945MILSTL
KXMLBGAME-26JUL081945MILSTL,2026-07-07T23:45:21Z,2026-07-07,0.43999999999999995,0.43999999999999995,0.0,1.0,,,256.0,,300,0.9595863422883654,,,,,True,KXMLBGAME-26JUL081945MILSTL
KXMLBGAME-26JUL082005LAATEX,2026-07-08T00:08:23Z,2026-07-08,0.59,0.59,0.0,0.0,,,278.0,,300,0.29055912007332724,,,,,False,KXMLBGAME-26JUL082005LAATEX
KXMLBGAME-26JUL082210COLLAD,2026-07-07T03:03:01Z,2026-07-07,0.6549999999999996,0.6549999999999996,0.0,1.0,,,119.0,,300,-0.9668752490825997,,,,,False,KXMLBGAME-26JUL082210COLLAD
KXMLBGAME-26JUL082210COLLAD,2026-07-07T03:03:43Z,2026-07-07,0.6549999999999996,0.6549999999999996,0.0,1.0,,,161.0,,300,-0.9668752490825997,,,,,False,KXMLBGAME-26JUL082210COLLAD
KXMLBGAME-26JUL082210COLLAD,2026-07-07T03:04:13Z,2026-07-07,0.6549999999999996,0.6549999999999996,0.0,1.0,,,191.0,,300,-0.9668752490825997,,,,,False,KXMLBGAME-26JUL082210COLLAD
KXMLBGAME-26JUL082210COLLAD,2026-07-07T03:05:24Z,2026-07-07,0.6549999999999996,0.6549999999999996,0.0,1.0,,,262.0,,300,-0.9668752490825997,,,,,False,KXMLBGAME-26JUL082210COLLAD
KXMLBGAME-26JUL082210COLLAD,2026-07-07T03:22:49Z,2026-07-07,0.6549999999999996,0.6549999999999996,0.0,1.0,,,120.0,,300,-0.9664084314836976,,,,,False,KXMLBGAME-26JUL082210COLLAD
KXMLBGAME-26JUL082210COLLAD,2026-07-07T03:23:56Z,2026-07-07,0.6549999999999996,0.6549999999999996,0.0,1.0,,,187.0,,300,-0.9664084314836976,,,,,False,KXMLBGAME-26JUL082210COLLAD
KXMLBGAME-26JUL082210COLLAD,2026-07-07T03:24:26Z,2026-07-07,0.6549999999999996,0.6549999999999996,0.0,1.0,,,217.0,,300,-0.9664084314836976,,,,,False,KXMLBGAME-26JUL082210COLLAD
KXMLBGAME-26JUL082210COLLAD,2026-07-07T03:25:00Z,2026-07-07,0.6549999999999996,0.6549999999999996,0.0,1.0,,,251.0,,300,-0.9664084314836976,,,,,False,KXMLBGAME-26JUL082210COLLAD
KXMLBGAME-26JUL082210COLLAD,2026-07-07T03:42:21Z,2026-07-07,0.6549999999999996,0.6549999999999996,0.0,1.0,,,126.0,,300,-0.9647246872071873,,,,,False,KXMLBGAME-26JUL082210COLLAD
KXMLBGAME-26JUL082210COLLAD,2026-07-07T03:43:30Z,2026-07-07,0.6549999999999996,0.6549999999999996,0.0,1.0,,,195.0,,300,-0.9647246872071873,,,,,False,KXMLBGAME-26JUL082210COLLAD
KXMLBGAME-26JUL082210COLLAD,2026-07-07T03:44:42Z,2026-07-07,0.6549999999999996,0.6549999999999996,0.0,1.0,,,267.0,,300,-0.9647246872071873,,,,,False,KXMLBGAME-26JUL082210COLLAD
KXMLBGAME-26JUL082210COLLAD,2026-07-07T04:10:51Z,2026-07-07,0.6549999999999996,0.6549999999999996,0.0,1.0,,,76.0,,300,-0.9631140927219494,,,,,False,KXMLBGAME-26JUL082210COLLAD
KXMLBGAME-26JUL082210COLLAD,2026-07-07T04:11:40Z,2026-07-07,0.6549999999999996,0.6549999999999996,0.0,1.0,,,125.0,,300,-0.9631140927219494,,,,,False,KXMLBGAME-26JUL082210COLLAD
KXMLBGAME-26JUL082210COLLAD,2026-07-07T04:12:49Z,2026-07-07,0.6549999999999996,0.6549999999999996,0.0,1.0,,,194.0,,300,-0.9631140927219494,,,,,False,KXMLBGAME-26JUL082210COLLAD
KXMLBGAME-26JUL082210COLLAD,2026-07-07T04:14:04Z,2026-07-07,0.6549999999999996,0.6549999999999996,0.0,1.0,,,269.0,,300,-0.9631140927219494,,,,,False,KXMLBGAME-26JUL082210COLLAD
KXMLBGAME-26JUL082210COLLAD,2026-07-07T04:30:35Z,2026-07-07,0.6549999999999996,0.6549999999999996,0.0,1.0,,,125.0,,300,-0.9647265295754484,,,,,False,KXMLBGAME-26JUL082210COLLAD
KXMLBGAME-26JUL082210COLLAD,2026-07-07T04:31:26Z,2026-07-07,0.6549999999999996,0.6549999999999996,0.0,1.0,,,176.0,,300,-0.9647265295754484,,,,,False,KXMLBGAME-26JUL082210COLLAD
KXMLBGAME-26JUL082210COLLAD,2026-07-07T04:31:42Z,2026-07-07,0.6549999999999996,0.6549999999999996,0.0,1.0,,,192.0,,300,-0.9647265295754484,,,,,False,KXMLBGAME-26JUL082210COLLAD
KXMLBGAME-26JUL082210COLLAD,2026-07-07T04:32:50Z,2026-07-07,0.6549999999999996,0.6549999999999996,0.0,1.0,,,260.0,,300,-0.9647265295754484,,,,,False,KXMLBGAME-26JUL082210COLLAD
KXMLBGAME-26JUL082210COLLAD,2026-07-07T04:50:11Z,2026-07-07,0.6549999999999996,0.6549999999999996,0.0,1.0,,,124.0,,300,-0.9647265295754484,,,,,False,KXMLBGAME-26JUL082210COLLAD
KXMLBGAME-26JUL082210COLLAD,2026-07-07T04:51:24Z,2026-07-07,0.6549999999999996,0.6549999999999996,0.0,1.0,,,197.0,,300,-0.9647265295754484,,,,,False,KXMLBGAME-26JUL082210COLLAD
KXMLBGAME-26JUL082210COLLAD,2026-07-07T04:52:02Z,2026-07-07,0.6549999999999996,0.6549999999999996,0.0,1.0,,,235.0,,300,-0.9647265295754484,,,,,False,KXMLBGAME-26JUL082210COLLAD
KXMLBGAME-26JUL082210COLLAD,2026-07-07T04:52:38Z,2026-07-07,0.6549999999999996,0.6549999999999996,0.0,1.0,,,271.0,,300,-0.9647265295754484,,,,,False,KXMLBGAME-26JUL082210COLLAD
KXMLBGAME-26JUL082210COLLAD,2026-07-07T05:07:29Z,2026-07-07,0.6549999999999996,0.6549999999999996,0.0,1.0,,,37.0,,300,0.3714927048260382,,,,,False,KXMLBGAME-26JUL082210COLLAD
KXMLBGAME-26JUL082210COLLAD,2026-07-07T05:08:56Z,2026-07-07,0.6549999999999996,0.6549999999999996,0.0,1.0,,,124.0,,300,0.3714927048260382,,,,,False,KXMLBGAME-26JUL082210COLLAD
KXMLBGAME-26JUL082210COLLAD,2026-07-07T05:09:59Z,2026-07-07,0.6549999999999996,0.6549999999999996,0.0,1.0,,,187.0,,300,0.3714927048260382,,,,,False,KXMLBGAME-26JUL082210COLLAD
KXMLBGAME-26JUL082210COLLAD,2026-07-07T05:11:09Z,2026-07-07,0.6549999999999996,0.6549999999999996,0.0,1.0,,,257.0,,300,0.3714927048260382,,,,,False,KXMLBGAME-26JUL082210COLLAD
KXMLBGAME-26JUL082210COLLAD,2026-07-07T05:28:01Z,2026-07-07,0.6549999999999996,0.6549999999999996,0.0,1.0,,,124.0,,300,-0.9701156733755595,,,,,False,KXMLBGAME-26JUL082210COLLAD
KXMLBGAME-26JUL082210COLLAD,2026-07-07T05:28:07Z,2026-07-07,0.6549999999999996,0.6549999999999996,0.0,1.0,,,130.0,,300,-0.9701156733755595,,,,,False,KXMLBGAME-26JUL082210COLLAD
KXMLBGAME-26JUL082210COLLAD,2026-07-07T05:29:12Z,2026-07-07,0.6549999999999996,0.6549999999999996,0.0,1.0,,,195.0,,300,-0.9701156733755595,,,,,False,KXMLBGAME-26JUL082210COLLAD
KXMLBGAME-26JUL082210COLLAD,2026-07-07T05:30:22Z,2026-07-07,0.6549999999999996,0.6549999999999996,0.0,1.0,,,265.0,,300,-0.9701156733755595,,,,,False,KXMLBGAME-26JUL082210COLLAD
KXMLBGAME-26JUL111605COLSF,2026-07-11T02:57:17Z,2026-07-11,0.58,0.58,0.0,1.0,,,192.0,,300,-0.2487848653471549,,,,,True,KXMLBGAME-26JUL111605COLSF
KXMLBGAME-26JUL111605COLSF,2026-07-11T02:58:35Z,2026-07-11,0.58,0.58,0.0,1.0,,,270.0,,300,-0.2487848653471549,,,,,True,KXMLBGAME-26JUL111605COLSF
KXMLBGAME-26JUL111605COLSF,2026-07-11T03:17:03Z,2026-07-11,0.5849999999999682,0.5849999999999682,0.0,1.0,,,112.0,,300,-0.9954848635300002,,,,,True,KXMLBGAME-26JUL111605COLSF
KXMLBGAME-26JUL111605COLSF,2026-07-11T03:17:16Z,2026-07-11,0.5849999999999682,0.5849999999999682,0.0,1.0,,,125.0,,300,-0.9954848635300002,,,,,True,KXMLBGAME-26JUL111605COLSF
KXMLBGAME-26JUL111605COLSF,2026-07-11T03:18:24Z,2026-07-11,0.5849999999999682,0.5849999999999682,0.0,1.0,,,193.0,,300,-0.9954848635300002,,,,,True,KXMLBGAME-26JUL111605COLSF
KXMLBGAME-26JUL111605COLSF,2026-07-11T03:59:48Z,2026-07-11,0.5849999999999682,0.5849999999999682,0.0,1.0,,,112.0,,300,-0.9925636167838591,,,,,True,KXMLBGAME-26JUL111605COLSF
KXMLBGAME-26JUL111605COLSF,2026-07-11T04:01:09Z,2026-07-11,0.5849999999999682,0.5849999999999682,0.0,1.0,,,193.0,,300,-0.9925636167838591,,,,,True,KXMLBGAME-26JUL111605COLSF
KXMLBGAME-26JUL111605COLSF,2026-07-11T04:01:12Z,2026-07-11,0.5849999999999682,0.58,-0.004999999999968252,1.0,,,196.0,,300,-0.9925636167838591,,,,,True,KXMLBGAME-26JUL111605COLSF
KXMLBGAME-26JUL111605COLSF,2026-07-11T04:02:26Z,2026-07-11,0.58,0.58,0.0,1.0,,,270.0,,300,-0.9925636167838591,,,,,True,KXMLBGAME-26JUL111605COLSF
KXMLBGAME-26JUL111605COLSF,2026-07-11T04:21:05Z,2026-07-11,0.5750000000000883,0.5750000000000883,0.0,1.0,,,121.0,,300,0.9289994007765586,,,,,True,KXMLBGAME-26JUL111605COLSF
KXMLBGAME-26JUL111605COLSF,2026-07-11T04:22:20Z,2026-07-11,0.5750000000000883,0.5750000000000883,0.0,1.0,,,196.0,,300,0.9289994007765586,,,,,True,KXMLBGAME-26JUL111605COLSF
KXMLBGAME-26JUL111605COLSF,2026-07-11T04:22:56Z,2026-07-11,0.5750000000000883,0.5750000000000883,0.0,1.0,,,232.0,,300,0.9289994007765586,,,,,True,KXMLBGAME-26JUL111605COLSF
KXMLBGAME-26JUL111605COLSF,2026-07-11T04:23:39Z,2026-07-11,0.5750000000000883,0.5750000000000883,0.0,1.0,,,275.0,,300,0.9289994007765586,,,,,True,KXMLBGAME-26JUL111605COLSF
KXMLBGAME-26JUL111605COLSF,2026-07-11T20:16:38Z,2026-07-11,0.5950000000001153,0.5950000000001153,0.0,1.0,,,108.0,,300,-0.05582666261938522,,,,,True,KXMLBGAME-26JUL111605COLSF
KXMLBGAME-26JUL111605COLSF,2026-07-11T20:17:33Z,2026-07-11,0.5950000000001153,0.58,-0.015000000000115365,1.0,,,163.0,,300,-0.05582666261938522,,,,,True,KXMLBGAME-26JUL111605COLSF
KXMLBGAME-26JUL111605COLSF,2026-07-11T20:18:10Z,2026-07-11,0.58,0.5650000000000963,-0.014999999999903646,1.0,,,200.0,,300,-0.05582666261938522,,,,,True,KXMLBGAME-26JUL111605COLSF
KXMLBGAME-26JUL111605COLSF,2026-07-11T20:19:42Z,2026-07-11,0.5650000000000963,0.5650000000000963,0.0,1.0,,,292.0,,300,-0.05582666261938522,,,,,True,KXMLBGAME-26JUL111605COLSF
KXMLBGAME-26JUL111605COLSF,2026-07-11T20:39:26Z,2026-07-11,0.46,0.47499999999999093,0.01499999999999091,1.0,,,110.0,,300,0.9995016992057085,,,,,True,KXMLBGAME-26JUL111605COLSF
KXMLBGAME-26JUL111605COLSF,2026-07-11T20:40:16Z,2026-07-11,0.47499999999999093,0.47499999999999093,0.0,1.0,,,160.0,,300,0.9995016992057085,,,,,True,KXMLBGAME-26JUL111605COLSF
KXMLBGAME-26JUL111605COLSF,2026-07-11T20:40:54Z,2026-07-11,0.47499999999999093,0.46499999999995306,-0.010000000000037867,1.0,,,198.0,,300,0.9995016992057085,,,,,True,KXMLBGAME-26JUL111605COLSF
KXMLBGAME-26JUL111605COLSF,2026-07-11T20:42:15Z,2026-07-11,0.46499999999995306,0.47499999999999093,0.010000000000037867,1.0,,,279.0,,300,0.9995016992057085,,,,,True,KXMLBGAME-26JUL111605COLSF
KXMLBGAME-26JUL111605COLSF,2026-07-11T21:02:45Z,2026-07-11,0.4150000000000319,0.40499999999988473,-0.010000000000147169,1.0,,,137.0,,300,-0.7837128712702652,,,,,True,KXMLBGAME-26JUL111605COLSF
KXMLBGAME-26JUL111605COLSF,2026-07-11T21:03:58Z,2026-07-11,0.40499999999988473,0.3850000000000938,-0.019999999999790907,1.0,,,210.0,,300,-0.7837128712702652,,,,,True,KXMLBGAME-26JUL111605COLSF
KXMLBGAME-26JUL111605COLSF,2026-07-11T21:05:27Z,2026-07-11,0.3850000000000938,0.4150000000000319,0.029999999999938076,1.0,,,299.0,,300,-0.7837128712702652,,,,,True,KXMLBGAME-26JUL111605COLSF
KXMLBGAME-26JUL111605COLSF,2026-07-11T21:29:08Z,2026-07-11,0.5849999999999682,0.6149999999999062,0.029999999999937965,1.0,,,111.0,,300,-0.6081645096596072,,,,,True,KXMLBGAME-26JUL111605COLSF
KXMLBGAME-26JUL111605COLSF,2026-07-11T21:31:28Z,2026-07-11,0.6149999999999062,0.6149999999999062,0.0,1.0,,,251.0,,300,-0.6081645096596072,,,,,True,KXMLBGAME-26JUL111605COLSF
KXMLBGAME-26JUL111605COLSF,2026-07-11T21:32:06Z,2026-07-11,0.6149999999999062,0.6650000000002556,0.05000000000034943,1.0,,,289.0,,300,-0.6081645096596072,,,,,True,KXMLBGAME-26JUL111605COLSF
KXMLBGAME-26JUL111605COLSF,2026-07-11T21:54:00Z,2026-07-11,0.9200000000002387,0.9300000000003841,0.010000000000145337,1.0,,,77.0,,300,0.022110256382592314,,,,,True,KXMLBGAME-26JUL111605COLSF
KXMLBGAME-26JUL111605COLSF,2026-07-11T21:54:33Z,2026-07-11,0.9300000000003841,0.9450000000004511,0.01500000000006707,1.0,,,110.0,,300,0.022110256382592314,,,,,True,KXMLBGAME-26JUL111605COLSF
KXMLBGAME-26JUL111605COLSF,2026-07-11T21:56:01Z,2026-07-11,0.9450000000004511,0.9450000000004511,0.0,1.0,,,198.0,,300,0.022110256382592314,,,,,True,KXMLBGAME-26JUL111605COLSF
KXMLBGAME-26JUL111605COLSF,2026-07-11T21:57:28Z,2026-07-11,0.9450000000004511,0.9549999999996946,0.009999999999243503,1.0,,,285.0,,300,0.022110256382592314,,,,,True,KXMLBGAME-26JUL111605COLSF
KXMLBGAME-26JUL111605COLSF,2026-07-11T22:19:50Z,2026-07-11,0.9650000000002985,,,1.0,,,111.0,,300,-0.39288591168461173,,,,,True,KXMLBGAME-26JUL111605COLSF
KXMLBGAME-26JUL111605MILPIT,2026-07-10T23:15:51Z,2026-07-10,0.46,0.46,0.0,1.0,,,147.0,,300,0.5514180558562459,,,,,False,KXMLBGAME-26JUL111605MILPIT
KXMLBGAME-26JUL111605MILPIT,2026-07-10T23:16:30Z,2026-07-10,0.46,0.46,0.0,1.0,,,186.0,,300,0.5514180558562459,,,,,False,KXMLBGAME-26JUL111605MILPIT
KXMLBGAME-26JUL111605MILPIT,2026-07-10T23:17:46Z,2026-07-10,0.46,0.46,0.0,1.0,,,262.0,,300,0.5514180558562459,,,,,False,KXMLBGAME-26JUL111605MILPIT
KXMLBGAME-26JUL111605MILPIT,2026-07-10T23:34:53Z,2026-07-10,0.46,0.46,0.0,1.0,,,109.0,,300,0.3811772112055398,,,,,False,KXMLBGAME-26JUL111605MILPIT
KXMLBGAME-26JUL111605MILPIT,2026-07-10T23:36:04Z,2026-07-10,0.46,0.46,0.0,1.0,,,180.0,,300,0.3811772112055398,,,,,False,KXMLBGAME-26JUL111605MILPIT
KXMLBGAME-26JUL111605MILPIT,2026-07-10T23:37:14Z,2026-07-10,0.46,0.46,0.0,1.0,,,250.0,,300,0.3811772112055398,,,,,False,KXMLBGAME-26JUL111605MILPIT
KXMLBGAME-26JUL111605MILPIT,2026-07-10T23:54:18Z,2026-07-10,0.46,0.46,0.0,1.0,,,113.0,,300,0.43085504068270614,,,,,False,KXMLBGAME-26JUL111605MILPIT
KXMLBGAME-26JUL111605MILPIT,2026-07-10T23:54:59Z,2026-07-10,0.46,0.46,0.0,1.0,,,154.0,,300,0.43085504068270614,,,,,False,KXMLBGAME-26JUL111605MILPIT
KXMLBGAME-26JUL111605MILPIT,2026-07-10T23:55:30Z,2026-07-10,0.46,0.46,0.0,1.0,,,185.0,,300,0.43085504068270614,,,,,False,KXMLBGAME-26JUL111605MILPIT
KXMLBGAME-26JUL111605MILPIT,2026-07-10T23:56:41Z,2026-07-10,0.46,0.46,0.0,1.0,,,256.0,,300,0.43085504068270614,,,,,False,KXMLBGAME-26JUL111605MILPIT
KXMLBGAME-26JUL111605MILPIT,2026-07-11T16:10:41Z,2026-07-11,0.45500000000004576,0.45500000000004576,0.0,1.0,,,109.0,,300,-0.9978729735641894,,,,,False,KXMLBGAME-26JUL111605MILPIT
KXMLBGAME-26JUL111605MILPIT,2026-07-11T16:11:46Z,2026-07-11,0.45500000000004576,0.45500000000004576,0.0,1.0,,,174.0,,300,-0.9978729735641894,,,,,False,KXMLBGAME-26JUL111605MILPIT
KXMLBGAME-26JUL111605MILPIT,2026-07-11T16:12:50Z,2026-07-11,0.45500000000004576,0.45500000000004576,0.0,1.0,,,238.0,,300,-0.9978729735641894,,,,,False,KXMLBGAME-26JUL111605MILPIT
KXMLBGAME-26JUL111605MILPIT,2026-07-11T16:13:42Z,2026-07-11,0.45500000000004576,0.45500000000004576,0.0,1.0,,,290.0,,300,-0.9978729735641894,,,,,False,KXMLBGAME-26JUL111605MILPIT
KXMLBGAME-26JUL111605MILPIT,2026-07-11T16:28:44Z,2026-07-11,0.45500000000004576,0.45500000000004576,0.0,1.0,,,109.0,,300,-0.9976285860674582,,,,,False,KXMLBGAME-26JUL111605MILPIT
KXMLBGAME-26JUL111605MILPIT,2026-07-11T16:29:37Z,2026-07-11,0.45500000000004576,0.45500000000004576,0.0,1.0,,,162.0,,300,-0.9976285860674582,,,,,False,KXMLBGAME-26JUL111605MILPIT
KXMLBGAME-26JUL111605MILPIT,2026-07-11T16:29:47Z,2026-07-11,0.45500000000004576,0.45500000000004576,0.0,1.0,,,172.0,,300,-0.9976285860674582,,,,,False,KXMLBGAME-26JUL111605MILPIT
KXMLBGAME-26JUL111605MILPIT,2026-07-11T16:30:51Z,2026-07-11,0.45500000000004576,0.45500000000004576,0.0,1.0,,,236.0,,300,-0.9976285860674582,,,,,False,KXMLBGAME-26JUL111605MILPIT
KXMLBGAME-26JUL111605MILPIT,2026-07-11T16:31:55Z,2026-07-11,0.45500000000004576,0.44999999999999996,-0.005000000000045801,1.0,,,300.0,,300,-0.9976285860674582,,,,,False,KXMLBGAME-26JUL111605MILPIT
KXMLBGAME-26JUL111605MILPIT,2026-07-11T16:45:25Z,2026-07-11,0.44500000000003503,0.44500000000003503,0.0,1.0,,,26.0,,300,0.6981737431910549,,,,,False,KXMLBGAME-26JUL111605MILPIT
KXMLBGAME-26JUL111605MILPIT,2026-07-11T16:46:50Z,2026-07-11,0.44500000000003503,0.44500000000003503,0.0,1.0,,,111.0,,300,0.6981737431910549,,,,,False,KXMLBGAME-26JUL111605MILPIT
KXMLBGAME-26JUL111605MILPIT,2026-07-11T16:47:59Z,2026-07-11,0.44500000000003503,0.44500000000003503,0.0,1.0,,,180.0,,300,0.6981737431910549,,,,,False,KXMLBGAME-26JUL111605MILPIT
KXMLBGAME-26JUL111605MILPIT,2026-07-11T16:49:12Z,2026-07-11,0.44500000000003503,0.44500000000003503,0.0,1.0,,,253.0,,300,0.6981737431910549,,,,,False,KXMLBGAME-26JUL111605MILPIT
KXMLBGAME-26JUL111605MILPIT,2026-07-11T17:04:51Z,2026-07-11,0.44500000000003503,0.44500000000003503,0.0,1.0,,,109.0,,300,0.711991212661127,,,,,False,KXMLBGAME-26JUL111605MILPIT
KXMLBGAME-26JUL111605MILPIT,2026-07-11T17:05:54Z,2026-07-11,0.44500000000003503,0.44500000000003503,0.0,1.0,,,172.0,,300,0.711991212661127,,,,,False,KXMLBGAME-26JUL111605MILPIT
KXMLBGAME-26JUL111605MILPIT,2026-07-11T17:06:41Z,2026-07-11,0.44500000000003503,0.44500000000003503,0.0,1.0,,,219.0,,300,0.711991212661127,,,,,False,KXMLBGAME-26JUL111605MILPIT
KXMLBGAME-26JUL111605MILPIT,2026-07-11T17:06:53Z,2026-07-11,0.44500000000003503,0.44500000000003503,0.0,1.0,,,231.0,,300,0.711991212661127,,,,,False,KXMLBGAME-26JUL111605MILPIT
KXMLBGAME-26JUL111605MILPIT,2026-07-11T17:07:59Z,2026-07-11,0.44500000000003503,0.44500000000003503,0.0,1.0,,,297.0,,300,0.711991212661127,,,,,False,KXMLBGAME-26JUL111605MILPIT
KXMLBGAME-26JUL111605MILPIT,2026-07-11T17:22:10Z,2026-07-11,0.44500000000003503,0.44500000000003503,0.0,1.0,,,112.0,,300,0.8398090540900351,,,,,False,KXMLBGAME-26JUL111605MILPIT
KXMLBGAME-26JUL111605MILPIT,2026-07-11T17:22:28Z,2026-07-11,0.44500000000003503,0.44500000000003503,0.0,1.0,,,130.0,,300,0.8398090540900351,,,,,False,KXMLBGAME-26JUL111605MILPIT
KXMLBGAME-26JUL111605MILPIT,2026-07-11T17:23:17Z,2026-07-11,0.44500000000003503,0.44500000000003503,0.0,1.0,,,179.0,,300,0.8398090540900351,,,,,False,KXMLBGAME-26JUL111605MILPIT
KXMLBGAME-26JUL111605MILPIT,2026-07-11T17:24:22Z,2026-07-11,0.44500000000003503,0.44500000000003503,0.0,1.0,,,244.0,,300,0.8398090540900351,,,,,False,KXMLBGAME-26JUL111605MILPIT
KXMLBGAME-26JUL111605MILPIT,2026-07-11T17:40:25Z,2026-07-11,0.44500000000003503,0.44500000000003503,0.0,1.0,,,109.0,,300,0.7009596096029406,,,,,False,KXMLBGAME-26JUL111605MILPIT
KXMLBGAME-26JUL111605MILPIT,2026-07-11T17:41:27Z,2026-07-11,0.44500000000003503,0.44500000000003503,0.0,1.0,,,171.0,,300,0.7009596096029406,,,,,False,KXMLBGAME-26JUL111605MILPIT
KXMLBGAME-26JUL111605MILPIT,2026-07-11T17:42:31Z,2026-07-11,0.44500000000003503,0.44500000000003503,0.0,1.0,,,235.0,,300,0.7009596096029406,,,,,False,KXMLBGAME-26JUL111605MILPIT
KXMLBGAME-26JUL111605MILPIT,2026-07-11T17:43:34Z,2026-07-11,0.44500000000003503,0.44500000000003503,0.0,1.0,,,298.0,,300,0.7009596096029406,,,,,False,KXMLBGAME-26JUL111605MILPIT
KXMLBGAME-26JUL111605MILPIT,2026-07-11T17:57:54Z,2026-07-11,0.44500000000003503,0.44500000000003503,0.0,1.0,,,112.0,,300,0.8814980949143135,,,,,False,KXMLBGAME-26JUL111605MILPIT
KXMLBGAME-26JUL111605MILPIT,2026-07-11T17:58:55Z,2026-07-11,0.44500000000003503,0.44500000000003503,0.0,1.0,,,173.0,,300,0.8814980949143135,,,,,False,KXMLBGAME-26JUL111605MILPIT
KXMLBGAME-26JUL111605MILPIT,2026-07-11T17:59:19Z,2026-07-11,0.44500000000003503,0.44500000000003503,0.0,1.0,,,197.0,,300,0.8814980949143135,,,,,False,KXMLBGAME-26JUL111605MILPIT
KXMLBGAME-26JUL111605MILPIT,2026-07-11T18:00:06Z,2026-07-11,0.44500000000003503,0.44500000000003503,0.0,1.0,,,244.0,,300,0.8814980949143135,,,,,False,KXMLBGAME-26JUL111605MILPIT
KXMLBGAME-26JUL111605MILPIT,2026-07-11T18:15:26Z,2026-07-11,0.44500000000003503,0.44500000000003503,0.0,1.0,,,92.0,,300,0.9195077952828854,,,,,False,KXMLBGAME-26JUL111605MILPIT
KXMLBGAME-26JUL111605MILPIT,2026-07-11T18:15:43Z,2026-07-11,0.44500000000003503,0.44500000000003503,0.0,1.0,,,109.0,,300,0.9195077952828854,,,,,False,KXMLBGAME-26JUL111605MILPIT
KXMLBGAME-26JUL111605MILPIT,2026-07-11T18:16:48Z,2026-07-11,0.44500000000003503,0.44500000000003503,0.0,1.0,,,174.0,,300,0.9195077952828854,,,,,False,KXMLBGAME-26JUL111605MILPIT
KXMLBGAME-26JUL111605MILPIT,2026-07-11T18:17:55Z,2026-07-11,0.44500000000003503,0.44500000000003503,0.0,1.0,,,241.0,,300,0.9195077952828854,,,,,False,KXMLBGAME-26JUL111605MILPIT
KXMLBGAME-26JUL111605MILPIT,2026-07-11T18:33:13Z,2026-07-11,0.44500000000003503,0.44500000000003503,0.0,1.0,,,108.0,,300,0.20123201454697756,,,,,False,KXMLBGAME-26JUL111605MILPIT
KXMLBGAME-26JUL111605MILPIT,2026-07-11T18:34:17Z,2026-07-11,0.44500000000003503,0.44500000000003503,0.0,1.0,,,172.0,,300,0.20123201454697756,,,,,False,KXMLBGAME-26JUL111605MILPIT
KXMLBGAME-26JUL111605MILPIT,2026-07-11T18:35:20Z,2026-07-11,0.44500000000003503,0.44500000000003503,0.0,1.0,,,235.0,,300,0.20123201454697756,,,,,False,KXMLBGAME-26JUL111605MILPIT
KXMLBGAME-26JUL111605MILPIT,2026-07-11T18:36:23Z,2026-07-11,0.44500000000003503,0.44500000000003503,0.0,1.0,,,298.0,,300,0.20123201454697756,,,,,False,KXMLBGAME-26JUL111605MILPIT
KXMLBGAME-26JUL111605MILPIT,2026-07-11T18:51:18Z,2026-07-11,0.44500000000003503,0.44500000000003503,0.0,1.0,,,108.0,,300,-0.4403885592571739,,,,,False,KXMLBGAME-26JUL111605MILPIT
KXMLBGAME-26JUL111605MILPIT,2026-07-11T18:52:19Z,2026-07-11,0.44500000000003503,0.44500000000003503,0.0,1.0,,,169.0,,300,-0.4403885592571739,,,,,False,KXMLBGAME-26JUL111605MILPIT
KXMLBGAME-26JUL111605MILPIT,2026-07-11T18:52:45Z,2026-07-11,0.44500000000003503,0.44500000000003503,0.0,1.0,,,195.0,,300,-0.4403885592571739,,,,,False,KXMLBGAME-26JUL111605MILPIT
KXMLBGAME-26JUL111605MILPIT,2026-07-11T18:53:22Z,2026-07-11,0.44500000000003503,0.44500000000003503,0.0,1.0,,,232.0,,300,-0.4403885592571739,,,,,False,KXMLBGAME-26JUL111605MILPIT
KXMLBGAME-26JUL111605MILPIT,2026-07-11T18:54:22Z,2026-07-11,0.44500000000003503,0.44500000000003503,0.0,1.0,,,292.0,,300,-0.4403885592571739,,,,,False,KXMLBGAME-26JUL111605MILPIT
KXMLBGAME-26JUL111605MILPIT,2026-07-11T21:30:30Z,2026-07-11,0.6450000000002418,0.6799999999998004,0.034999999999558606,1.0,,,193.0,,300,-0.9844931937129038,,,,,False,KXMLBGAME-26JUL111605MILPIT
KXMLBGAME-26JUL111605MILPIT,2026-07-11T21:31:28Z,2026-07-11,0.6799999999998004,0.6750000000002581,-0.0049999999995423705,1.0,,,251.0,,300,-0.9844931937129038,,,,,False,KXMLBGAME-26JUL111605MILPIT
KXMLBGAME-26JUL111605MILPIT,2026-07-11T21:32:06Z,2026-07-11,0.6750000000002581,0.44500000000003503,-0.23000000000022303,1.0,,,289.0,,300,-0.9844931937129038,,,,,False,KXMLBGAME-26JUL111605MILPIT
KXMLBGAME-26JUL111605MILPIT,2026-07-11T21:54:00Z,2026-07-11,0.44500000000003503,0.459999999999983,0.014999999999947944,1.0,,,77.0,,300,-0.634012659558128,,,,,False,KXMLBGAME-26JUL111605MILPIT
KXMLBGAME-26JUL111605MILPIT,2026-07-11T21:54:33Z,2026-07-11,0.459999999999983,0.45000000000009327,-0.009999999999889708,1.0,,,110.0,,300,-0.634012659558128,,,,,False,KXMLBGAME-26JUL111605MILPIT
KXMLBGAME-26JUL111605MILPIT,2026-07-11T21:56:01Z,2026-07-11,0.45000000000009327,0.5049999999999989,0.054999999999905624,1.0,,,198.0,,300,-0.634012659558128,,,,,False,KXMLBGAME-26JUL111605MILPIT
KXMLBGAME-26JUL111605MILPIT,2026-07-11T21:57:28Z,2026-07-11,0.5049999999999989,0.5049999999999989,0.0,1.0,,,285.0,,300,-0.634012659558128,,,,,False,KXMLBGAME-26JUL111605MILPIT
KXMLBGAME-26JUL111605MILPIT,2026-07-11T22:19:50Z,2026-07-11,0.7449999999998795,0.735000000000152,-0.00999999999972756,1.0,,,111.0,,300,-0.2889603258991823,,,,,False,KXMLBGAME-26JUL111605MILPIT
KXMLBGAME-26JUL111605MILPIT,2026-07-11T22:22:15Z,2026-07-11,0.735000000000152,0.735000000000152,0.0,1.0,,,256.0,,300,-0.2889603258991823,,,,,False,KXMLBGAME-26JUL111605MILPIT
KXMLBGAME-26JUL111605MILPIT,2026-07-11T22:44:44Z,2026-07-11,0.8450000000001642,0.85,0.0049999999998358025,1.0,,,68.0,,300,-0.2728559824052009,,,,,False,KXMLBGAME-26JUL111605MILPIT
KXMLBGAME-26JUL111605MILPIT,2026-07-11T22:45:29Z,2026-07-11,0.85,0.8599999999999639,0.009999999999963927,1.0,,,113.0,,300,-0.2728559824052009,,,,,False,KXMLBGAME-26JUL111605MILPIT
KXMLBGAME-26JUL111605MILPIT,2026-07-11T22:47:08Z,2026-07-11,0.8599999999999639,0.8849999999995775,0.024999999999613554,1.0,,,212.0,,300,-0.2728559824052009,,,,,False,KXMLBGAME-26JUL111605MILPIT
KXMLBGAME-26JUL111610BOSNYM,2026-07-10T23:15:51Z,2026-07-10,0.5650000000000963,0.5650000000000963,0.0,0.0,,,147.0,,300,-0.619276281941348,,,,,False,KXMLBGAME-26JUL111610BOSNYM
KXMLBGAME-26JUL111610BOSNYM,2026-07-10T23:16:30Z,2026-07-10,0.5650000000000963,0.5650000000000963,0.0,0.0,,,186.0,,300,-0.619276281941348,,,,,False,KXMLBGAME-26JUL111610BOSNYM
KXMLBGAME-26JUL111610BOSNYM,2026-07-10T23:17:46Z,2026-07-10,0.5650000000000963,0.5650000000000963,0.0,0.0,,,262.0,,300,-0.619276281941348,,,,,False,KXMLBGAME-26JUL111610BOSNYM
KXMLBGAME-26JUL111610BOSNYM,2026-07-10T23:34:53Z,2026-07-10,0.5650000000000963,0.5650000000000963,0.0,0.0,,,109.0,,300,-0.6191449497530234,,,,,False,KXMLBGAME-26JUL111610BOSNYM
KXMLBGAME-26JUL111610BOSNYM,2026-07-10T23:36:04Z,2026-07-10,0.5650000000000963,0.5650000000000963,0.0,0.0,,,180.0,,300,-0.6191449497530234,,,,,False,KXMLBGAME-26JUL111610BOSNYM
KXMLBGAME-26JUL111610BOSNYM,2026-07-10T23:37:14Z,2026-07-10,0.5650000000000963,0.5650000000000963,0.0,0.0,,,250.0,,300,-0.6191449497530234,,,,,False,KXMLBGAME-26JUL111610BOSNYM
KXMLBGAME-26JUL111610BOSNYM,2026-07-10T23:54:18Z,2026-07-10,0.5650000000000963,0.5650000000000963,0.0,0.0,,,113.0,,300,-0.6191123958510457,,,,,False,KXMLBGAME-26JUL111610BOSNYM
KXMLBGAME-26JUL111610BOSNYM,2026-07-10T23:54:59Z,2026-07-10,0.5650000000000963,0.5650000000000963,0.0,0.0,,,154.0,,300,-0.6191123958510457,,,,,False,KXMLBGAME-26JUL111610BOSNYM
KXMLBGAME-26JUL111610BOSNYM,2026-07-10T23:55:30Z,2026-07-10,0.5650000000000963,0.5650000000000963,0.0,0.0,,,185.0,,300,-0.6191123958510457,,,,,False,KXMLBGAME-26JUL111610BOSNYM
KXMLBGAME-26JUL111610BOSNYM,2026-07-10T23:56:41Z,2026-07-10,0.5650000000000963,0.5650000000000963,0.0,0.0,,,256.0,,300,-0.6191123958510457,,,,,False,KXMLBGAME-26JUL111610BOSNYM
KXMLBGAME-26JUL111610BOSNYM,2026-07-11T00:15:16Z,2026-07-11,0.5650000000000963,0.5650000000000963,0.0,0.0,,,112.0,,300,-0.9652780638628643,,,,,False,KXMLBGAME-26JUL111610BOSNYM
KXMLBGAME-26JUL111610BOSNYM,2026-07-11T00:16:49Z,2026-07-11,0.5650000000000963,0.5650000000000963,0.0,0.0,,,205.0,,300,-0.9652780638628643,,,,,False,KXMLBGAME-26JUL111610BOSNYM
KXMLBGAME-26JUL111610BOSNYM,2026-07-11T00:17:16Z,2026-07-11,0.5650000000000963,0.5650000000000963,0.0,0.0,,,232.0,,300,-0.9652780638628643,,,,,False,KXMLBGAME-26JUL111610BOSNYM
KXMLBGAME-26JUL111610BOSNYM,2026-07-11T00:18:23Z,2026-07-11,0.5650000000000963,0.5650000000000963,0.0,0.0,,,299.0,,300,-0.9652780638628643,,,,,False,KXMLBGAME-26JUL111610BOSNYM
KXMLBGAME-26JUL111610BOSNYM,2026-07-11T00:39:25Z,2026-07-11,0.5650000000000963,0.5650000000000963,0.0,0.0,,,106.0,,300,-0.9004097003376332,,,,,False,KXMLBGAME-26JUL111610BOSNYM
KXMLBGAME-26JUL111610BOSNYM,2026-07-11T00:40:32Z,2026-07-11,0.5650000000000963,0.5650000000000963,0.0,0.0,,,173.0,,300,-0.9004097003376332,,,,,False,KXMLBGAME-26JUL111610BOSNYM
KXMLBGAME-26JUL111610BOSNYM,2026-07-11T00:40:59Z,2026-07-11,0.5650000000000963,0.5650000000000963,0.0,0.0,,,200.0,,300,-0.9004097003376332,,,,,False,KXMLBGAME-26JUL111610BOSNYM
KXMLBGAME-26JUL111610BOSNYM,2026-07-11T00:42:29Z,2026-07-11,0.5650000000000963,0.5650000000000963,0.0,0.0,,,290.0,,300,-0.9004097003376332,,,,,False,KXMLBGAME-26JUL111610BOSNYM
KXMLBGAME-26JUL111610BOSNYM,2026-07-11T01:03:32Z,2026-07-11,0.5650000000000963,0.5650000000000963,0.0,0.0,,,82.0,,300,-0.9016253897154382,,,,,False,KXMLBGAME-26JUL111610BOSNYM
KXMLBGAME-26JUL111610BOSNYM,2026-07-11T01:04:02Z,2026-07-11,0.5650000000000963,0.5650000000000963,0.0,0.0,,,112.0,,300,-0.9016253897154382,,,,,False,KXMLBGAME-26JUL111610BOSNYM
KXMLBGAME-26JUL111610BOSNYM,2026-07-11T01:05:35Z,2026-07-11,0.5650000000000963,0.5650000000000963,0.0,0.0,,,205.0,,300,-0.9016253897154382,,,,,False,KXMLBGAME-26JUL111610BOSNYM
KXMLBGAME-26JUL111610BOSNYM,2026-07-11T01:28:53Z,2026-07-11,0.5650000000000963,0.5650000000000963,0.0,0.0,,,120.0,,300,-0.8961043496481517,,,,,False,KXMLBGAME-26JUL111610BOSNYM
KXMLBGAME-26JUL111610BOSNYM,2026-07-11T01:30:17Z,2026-07-11,0.5650000000000963,0.5650000000000963,0.0,0.0,,,204.0,,300,-0.8961043496481517,,,,,False,KXMLBGAME-26JUL111610BOSNYM
KXMLBGAME-26JUL111610BOSNYM,2026-07-11T01:31:37Z,2026-07-11,0.5650000000000963,0.5650000000000963,0.0,0.0,,,284.0,,300,-0.8961043496481517,,,,,False,KXMLBGAME-26JUL111610BOSNYM
KXMLBGAME-26JUL111610BOSNYM,2026-07-11T01:50:37Z,2026-07-11,0.5650000000000963,0.5650000000000963,0.0,0.0,,,113.0,,300,-0.8965182992324016,,,,,False,KXMLBGAME-26JUL111610BOSNYM
KXMLBGAME-26JUL111610BOSNYM,2026-07-11T01:52:02Z,2026-07-11,0.5650000000000963,0.5650000000000963,0.0,0.0,,,198.0,,300,-0.8965182992324016,,,,,False,KXMLBGAME-26JUL111610BOSNYM
KXMLBGAME-26JUL111610BOSNYM,2026-07-11T01:53:17Z,2026-07-11,0.5650000000000963,0.5650000000000963,0.0,0.0,,,273.0,,300,-0.8965182992324016,,,,,False,KXMLBGAME-26JUL111610BOSNYM
KXMLBGAME-26JUL111610BOSNYM,2026-07-11T02:10:38Z,2026-07-11,0.5650000000000963,0.5650000000000963,0.0,0.0,,,21.0,,300,-0.8965023622999774,,,,,False,KXMLBGAME-26JUL111610BOSNYM
KXMLBGAME-26JUL111610BOSNYM,2026-07-11T02:12:13Z,2026-07-11,0.5650000000000963,0.5650000000000963,0.0,0.0,,,116.0,,300,-0.8965023622999774,,,,,False,KXMLBGAME-26JUL111610BOSNYM
KXMLBGAME-26JUL111610BOSNYM,2026-07-11T02:13:38Z,2026-07-11,0.5650000000000963,0.5650000000000963,0.0,0.0,,,201.0,,300,-0.8965023622999774,,,,,False,KXMLBGAME-26JUL111610BOSNYM
KXMLBGAME-26JUL111610BOSNYM,2026-07-11T02:15:03Z,2026-07-11,0.5650000000000963,0.5650000000000963,0.0,0.0,,,286.0,,300,-0.8965023622999774,,,,,False,KXMLBGAME-26JUL111610BOSNYM
KXMLBGAME-26JUL111610BOSNYM,2026-07-11T02:33:06Z,2026-07-11,0.5650000000000963,0.5650000000000963,0.0,0.0,,,34.0,,300,-0.6330561571700616,,,,,False,KXMLBGAME-26JUL111610BOSNYM
KXMLBGAME-26JUL111610BOSNYM,2026-07-11T02:34:25Z,2026-07-11,0.5650000000000963,0.5650000000000963,0.0,0.0,,,113.0,,300,-0.6330561571700616,,,,,False,KXMLBGAME-26JUL111610BOSNYM
KXMLBGAME-26JUL111610BOSNYM,2026-07-11T02:35:47Z,2026-07-11,0.5650000000000963,0.5650000000000963,0.0,0.0,,,195.0,,300,-0.6330561571700616,,,,,False,KXMLBGAME-26JUL111610BOSNYM
KXMLBGAME-26JUL111610BOSNYM,2026-07-11T02:37:14Z,2026-07-11,0.5650000000000963,0.5650000000000963,0.0,0.0,,,282.0,,300,-0.6330561571700616,,,,,False,KXMLBGAME-26JUL111610BOSNYM
KXMLBGAME-26JUL111610BOSNYM,2026-07-11T02:55:22Z,2026-07-11,0.5650000000000963,0.5650000000000963,0.0,0.0,,,77.0,,300,0.893159116918325,,,,,False,KXMLBGAME-26JUL111610BOSNYM
KXMLBGAME-26JUL111610BOSNYM,2026-07-11T02:55:58Z,2026-07-11,0.5650000000000963,0.5650000000000963,0.0,0.0,,,113.0,,300,0.893159116918325,,,,,False,KXMLBGAME-26JUL111610BOSNYM
KXMLBGAME-26JUL111610BOSNYM,2026-07-11T02:57:17Z,2026-07-11,0.5650000000000963,0.5650000000000963,0.0,0.0,,,192.0,,300,0.893159116918325,,,,,False,KXMLBGAME-26JUL111610BOSNYM
KXMLBGAME-26JUL111610BOSNYM,2026-07-11T02:58:35Z,2026-07-11,0.5650000000000963,0.5750000000000883,0.009999999999992015,0.0,,,270.0,,300,0.893159116918325,,,,,False,KXMLBGAME-26JUL111610BOSNYM
KXMLBGAME-26JUL111610BOSNYM,2026-07-11T20:16:38Z,2026-07-11,0.6049999999999788,0.6149999999999062,0.0099999999999274,0.0,,,108.0,,300,-0.7767620142433249,,,,,False,KXMLBGAME-26JUL111610BOSNYM
KXMLBGAME-26JUL111610BOSNYM,2026-07-11T20:17:33Z,2026-07-11,0.6149999999999062,0.6149999999999062,0.0,0.0,,,163.0,,300,-0.7767620142433249,,,,,False,KXMLBGAME-26JUL111610BOSNYM
KXMLBGAME-26JUL111610BOSNYM,2026-07-11T20:18:10Z,2026-07-11,0.6149999999999062,0.6149999999999062,0.0,0.0,,,200.0,,300,-0.7767620142433249,,,,,False,KXMLBGAME-26JUL111610BOSNYM
KXMLBGAME-26JUL111610BOSNYM,2026-07-11T20:19:42Z,2026-07-11,0.6149999999999062,0.5750000000000883,-0.03999999999981785,0.0,,,292.0,,300,-0.7767620142433249,,,,,False,KXMLBGAME-26JUL111610BOSNYM
KXMLBGAME-26JUL111610BOSNYM,2026-07-11T20:39:26Z,2026-07-11,0.5950000000001153,0.5950000000001153,0.0,0.0,,,110.0,,300,-0.4806336337183297,,,,,False,KXMLBGAME-26JUL111610BOSNYM
KXMLBGAME-26JUL111610BOSNYM,2026-07-11T20:40:16Z,2026-07-11,0.5950000000001153,0.6450000000002418,0.0500000000001265,0.0,,,160.0,,300,-0.4806336337183297,,,,,False,KXMLBGAME-26JUL111610BOSNYM
KXMLBGAME-26JUL111610BOSNYM,2026-07-11T20:42:15Z,2026-07-11,0.6450000000002418,0.5650000000000963,-0.08000000000014551,0.0,,,279.0,,300,-0.4806336337183297,,,,,False,KXMLBGAME-26JUL111610BOSNYM
KXMLBGAME-26JUL111610BOSNYM,2026-07-11T21:02:45Z,2026-07-11,0.535000000000047,0.535000000000047,0.0,0.0,,,137.0,,300,0.08658233096680697,,,,,False,KXMLBGAME-26JUL111610BOSNYM
KXMLBGAME-26JUL111610BOSNYM,2026-07-11T21:03:58Z,2026-07-11,0.535000000000047,0.5250000000000091,-0.010000000000037867,0.0,,,210.0,,300,0.08658233096680697,,,,,False,KXMLBGAME-26JUL111610BOSNYM
KXMLBGAME-26JUL111610BOSNYM,2026-07-11T21:05:27Z,2026-07-11,0.5250000000000091,0.48,-0.045000000000009144,0.0,,,299.0,,300,0.08658233096680697,,,,,False,KXMLBGAME-26JUL111610BOSNYM
KXMLBGAME-26JUL111610BOSNYM,2026-07-11T21:29:08Z,2026-07-11,0.22500000000028098,0.22500000000028098,0.0,0.0,,,111.0,,300,-0.6611129309523297,,,,,False,KXMLBGAME-26JUL111610BOSNYM
KXMLBGAME-26JUL111610BOSNYM,2026-07-11T21:30:30Z,2026-07-11,0.22500000000028098,0.21499999999989589,-0.01000000000038509,0.0,,,193.0,,300,-0.6611129309523297,,,,,False,KXMLBGAME-26JUL111610BOSNYM
KXMLBGAME-26JUL111610BOSNYM,2026-07-11T21:31:28Z,2026-07-11,0.21499999999989589,0.2,-0.014999999999895874,0.0,,,251.0,,300,-0.6611129309523297,,,,,False,KXMLBGAME-26JUL111610BOSNYM
KXMLBGAME-26JUL111610BOSNYM,2026-07-11T21:32:06Z,2026-07-11,0.2,0.21499999999989589,0.014999999999895874,0.0,,,289.0,,300,-0.6611129309523297,,,,,False,KXMLBGAME-26JUL111610BOSNYM
KXMLBGAME-26JUL111610BOSNYM,2026-07-11T21:54:00Z,2026-07-11,0.22500000000028098,0.2,-0.025000000000280964,0.0,,,77.0,,300,-0.5978544445544001,,,,,False,KXMLBGAME-26JUL111610BOSNYM
KXMLBGAME-26JUL111610BOSNYM,2026-07-11T21:57:28Z,2026-07-11,0.2,0.2,0.0,0.0,,,285.0,,300,-0.5978544445544001,,,,,False,KXMLBGAME-26JUL111610BOSNYM
KXMLBGAME-26JUL111610BOSNYM,2026-07-11T22:19:50Z,2026-07-11,0.17500000000040647,0.14499999999982377,-0.0300000000005827,0.0,,,111.0,,300,0.0014182704636540497,,,,,False,KXMLBGAME-26JUL111610BOSNYM
KXMLBGAME-26JUL111610BOSNYM,2026-07-11T22:21:37Z,2026-07-11,0.14499999999982377,0.14499999999982377,0.0,0.0,,,218.0,,300,0.0014182704636540497,,,,,False,KXMLBGAME-26JUL111610BOSNYM
KXMLBGAME-26JUL111610BOSNYM,2026-07-11T22:22:15Z,2026-07-11,0.14499999999982377,0.17500000000040647,0.0300000000005827,0.0,,,256.0,,300,0.0014182704636540497,,,,,False,KXMLBGAME-26JUL111610BOSNYM
KXMLBGAME-26JUL111610BOSNYM,2026-07-11T22:44:44Z,2026-07-11,0.025000000000116544,0.025000000000116544,0.0,0.0,,,68.0,,300,-0.23672408138243206,,,,,False,KXMLBGAME-26JUL111610BOSNYM
KXMLBGAME-26JUL111610BOSNYM,2026-07-11T22:45:29Z,2026-07-11,0.025000000000116544,0.025000000000116544,0.0,0.0,,,113.0,,300,-0.23672408138243206,,,,,False,KXMLBGAME-26JUL111610BOSNYM
KXMLBGAME-26JUL111610BOSNYM,2026-07-11T22:47:08Z,2026-07-11,0.025000000000116544,0.04500000000030549,0.020000000000188946,0.0,,,212.0,,300,-0.23672408138243206,,,,,False,KXMLBGAME-26JUL111610BOSNYM
KXMLBGAME-26JUL111610CLEMIA,2026-07-11T22:47:08Z,2026-07-11,0.025000000000116544,0.025000000000116544,0.0,0.0,,,212.0,,300,-0.9564415581476914,,,,,True,KXMLBGAME-26JUL111610CLEMIA
KXMLBGAME-26JUL111810PHIDET,2026-07-10T23:15:51Z,2026-07-10,0.44500000000003503,0.44500000000003503,0.0,0.0,,,147.0,,300,0.1796505643046453,,,,,True,KXMLBGAME-26JUL111810PHIDET
KXMLBGAME-26JUL111810PHIDET,2026-07-10T23:16:30Z,2026-07-10,0.44500000000003503,0.44500000000003503,0.0,0.0,,,186.0,,300,0.1796505643046453,,,,,True,KXMLBGAME-26JUL111810PHIDET
KXMLBGAME-26JUL111810PHIDET,2026-07-10T23:17:46Z,2026-07-10,0.44500000000003503,0.44500000000003503,0.0,0.0,,,262.0,,300,0.1796505643046453,,,,,True,KXMLBGAME-26JUL111810PHIDET
KXMLBGAME-26JUL111810PHIDET,2026-07-10T23:34:53Z,2026-07-10,0.44500000000003503,0.44500000000003503,0.0,0.0,,,109.0,,300,-0.7317121187974014,,,,,True,KXMLBGAME-26JUL111810PHIDET
KXMLBGAME-26JUL111810PHIDET,2026-07-10T23:36:04Z,2026-07-10,0.44500000000003503,0.44500000000003503,0.0,0.0,,,180.0,,300,-0.7317121187974014,,,,,True,KXMLBGAME-26JUL111810PHIDET
KXMLBGAME-26JUL111810PHIDET,2026-07-10T23:37:14Z,2026-07-10,0.44500000000003503,0.44500000000003503,0.0,0.0,,,250.0,,300,-0.7317121187974014,,,,,True,KXMLBGAME-26JUL111810PHIDET
KXMLBGAME-26JUL111810PHIDET,2026-07-10T23:54:18Z,2026-07-10,0.44500000000003503,0.44500000000003503,0.0,0.0,,,113.0,,300,-0.7402070114429808,,,,,True,KXMLBGAME-26JUL111810PHIDET
KXMLBGAME-26JUL111810PHIDET,2026-07-10T23:54:59Z,2026-07-10,0.44500000000003503,0.44500000000003503,0.0,0.0,,,154.0,,300,-0.7402070114429808,,,,,True,KXMLBGAME-26JUL111810PHIDET
KXMLBGAME-26JUL111810PHIDET,2026-07-10T23:55:30Z,2026-07-10,0.44500000000003503,0.44500000000003503,0.0,0.0,,,185.0,,300,-0.7402070114429808,,,,,True,KXMLBGAME-26JUL111810PHIDET
KXMLBGAME-26JUL111810PHIDET,2026-07-10T23:56:41Z,2026-07-10,0.44500000000003503,0.44500000000003503,0.0,0.0,,,256.0,,300,-0.7402070114429808,,,,,True,KXMLBGAME-26JUL111810PHIDET
KXMLBGAME-26JUL111810PHIDET,2026-07-11T00:15:16Z,2026-07-11,0.44500000000003503,0.44500000000003503,0.0,0.0,,,112.0,,300,-0.7275924849154982,,,,,True,KXMLBGAME-26JUL111810PHIDET
KXMLBGAME-26JUL111810PHIDET,2026-07-11T00:16:49Z,2026-07-11,0.44500000000003503,0.44500000000003503,0.0,0.0,,,205.0,,300,-0.7275924849154982,,,,,True,KXMLBGAME-26JUL111810PHIDET
KXMLBGAME-26JUL111810PHIDET,2026-07-11T00:17:16Z,2026-07-11,0.44500000000003503,0.44500000000003503,0.0,0.0,,,232.0,,300,-0.7275924849154982,,,,,True,KXMLBGAME-26JUL111810PHIDET
KXMLBGAME-26JUL111810PHIDET,2026-07-11T00:18:23Z,2026-07-11,0.44500000000003503,0.44500000000003503,0.0,0.0,,,299.0,,300,-0.7275924849154982,,,,,True,KXMLBGAME-26JUL111810PHIDET
KXMLBGAME-26JUL111810PHIDET,2026-07-11T00:39:25Z,2026-07-11,0.44500000000003503,0.44500000000003503,0.0,0.0,,,106.0,,300,-0.7330127515459963,,,,,True,KXMLBGAME-26JUL111810PHIDET
KXMLBGAME-26JUL111810PHIDET,2026-07-11T00:40:32Z,2026-07-11,0.44500000000003503,0.44500000000003503,0.0,0.0,,,173.0,,300,-0.7330127515459963,,,,,True,KXMLBGAME-26JUL111810PHIDET
KXMLBGAME-26JUL111810PHIDET,2026-07-11T00:40:59Z,2026-07-11,0.44500000000003503,0.44500000000003503,0.0,0.0,,,200.0,,300,-0.7330127515459963,,,,,True,KXMLBGAME-26JUL111810PHIDET
KXMLBGAME-26JUL111810PHIDET,2026-07-11T00:42:29Z,2026-07-11,0.44500000000003503,0.44500000000003503,0.0,0.0,,,290.0,,300,-0.7330127515459963,,,,,True,KXMLBGAME-26JUL111810PHIDET
KXMLBGAME-26JUL111810PHIDET,2026-07-11T01:03:32Z,2026-07-11,0.44500000000003503,0.44500000000003503,0.0,0.0,,,82.0,,300,-0.8279731809712605,,,,,True,KXMLBGAME-26JUL111810PHIDET
KXMLBGAME-26JUL111810PHIDET,2026-07-11T01:04:02Z,2026-07-11,0.44500000000003503,0.44500000000003503,0.0,0.0,,,112.0,,300,-0.8279731809712605,,,,,True,KXMLBGAME-26JUL111810PHIDET
KXMLBGAME-26JUL111810PHIDET,2026-07-11T01:05:35Z,2026-07-11,0.44500000000003503,0.43999999999999995,-0.0050000000000350875,0.0,,,205.0,,300,-0.8279731809712605,,,,,True,KXMLBGAME-26JUL111810PHIDET
KXMLBGAME-26JUL111810PHIDET,2026-07-11T22:19:50Z,2026-07-11,0.4850000000000207,0.4899999999999944,0.004999999999973692,0.0,,,111.0,,300,0.12433036504958753,,,,,True,KXMLBGAME-26JUL111810PHIDET
KXMLBGAME-26JUL111810PHIDET,2026-07-11T22:21:37Z,2026-07-11,0.4899999999999944,0.5050000000000081,0.015000000000013725,0.0,,,218.0,,300,0.12433036504958753,,,,,True,KXMLBGAME-26JUL111810PHIDET
KXMLBGAME-26JUL111810PHIDET,2026-07-11T22:22:15Z,2026-07-11,0.5050000000000081,0.5149999999999793,0.009999999999971143,0.0,,,256.0,,300,0.12433036504958753,,,,,True,KXMLBGAME-26JUL111810PHIDET
KXMLBGAME-26JUL111810PHIDET,2026-07-11T22:45:29Z,2026-07-11,0.3749999999998461,0.36500000000006355,-0.009999999999782572,0.0,,,113.0,,300,-0.7183957313650612,,,,,True,KXMLBGAME-26JUL111810PHIDET
KXMLBGAME-26JUL111810PHIDET,2026-07-11T23:10:19Z,2026-07-11,0.09500000000032009,0.09500000000032009,0.0,0.0,,,105.0,,300,-0.7287514342602591,,,,,True,KXMLBGAME-26JUL111810PHIDET
KXMLBGAME-26JUL111810PHIDET,2026-07-11T23:11:48Z,2026-07-11,0.09500000000032009,0.09500000000032009,0.0,0.0,,,194.0,,300,-0.7287514342602591,,,,,True,KXMLBGAME-26JUL111810PHIDET
KXMLBGAME-26JUL111810PHIDET,2026-07-11T23:12:11Z,2026-07-11,0.09500000000032009,0.09500000000032009,0.0,0.0,,,217.0,,300,-0.7287514342602591,,,,,True,KXMLBGAME-26JUL111810PHIDET
KXMLBGAME-26JUL111810PHIDET,2026-07-11T23:13:15Z,2026-07-11,0.09500000000032009,0.08500000000027585,-0.010000000000044237,0.0,,,281.0,,300,-0.7287514342602591,,,,,True,KXMLBGAME-26JUL111810PHIDET
KXMLBGAME-26JUL111810PHIDET,2026-07-11T23:34:07Z,2026-07-11,0.10499999999994984,0.1150000000004227,0.010000000000472853,0.0,,,39.0,,300,-0.16207304191674865,,,,,True,KXMLBGAME-26JUL111810PHIDET
KXMLBGAME-26JUL111810PHIDET,2026-07-11T23:35:12Z,2026-07-11,0.1150000000004227,0.1150000000004227,0.0,0.0,,,104.0,,300,-0.16207304191674865,,,,,True,KXMLBGAME-26JUL111810PHIDET
KXMLBGAME-26JUL111810PHIDET,2026-07-11T23:36:45Z,2026-07-11,0.1150000000004227,0.1150000000004227,0.0,0.0,,,197.0,,300,-0.16207304191674865,,,,,True,KXMLBGAME-26JUL111810PHIDET
KXMLBGAME-26JUL111810PHIDET,2026-07-11T23:38:23Z,2026-07-11,0.1150000000004227,0.1150000000004227,0.0,0.0,,,295.0,,300,-0.16207304191674865,,,,,True,KXMLBGAME-26JUL111810PHIDET
KXMLBGAME-26JUL111810PHIDET,2026-07-12T00:01:38Z,2026-07-12,0.14999999999955343,0.14999999999955343,0.0,0.0,,,94.0,,300,-0.7781581469974626,,,,,True,KXMLBGAME-26JUL111810PHIDET
KXMLBGAME-26JUL111810PHIDET,2026-07-12T00:01:48Z,2026-07-12,0.14999999999955343,0.06499999999988525,-0.08499999999966819,0.0,,,104.0,,300,-0.7781581469974626,,,,,True,KXMLBGAME-26JUL111810PHIDET
KXMLBGAME-26JUL111810PHIDET,2026-07-12T00:32:11Z,2026-07-12,0.06499999999988525,0.06499999999988525,0.0,0.0,,,109.0,,300,-0.6244643408987116,,,,,True,KXMLBGAME-26JUL111810PHIDET
KXMLBGAME-26JUL111810PHIDET,2026-07-12T00:34:04Z,2026-07-12,0.06499999999988525,0.03,-0.03499999999988525,0.0,,,222.0,,300,-0.6244643408987116,,,,,True,KXMLBGAME-26JUL111810PHIDET
KXMLBGAME-26JUL111810PHIDET,2026-07-12T00:35:22Z,2026-07-12,0.03,0.03,0.0,0.0,,,300.0,,300,-0.6244643408987116,,,,,True,KXMLBGAME-26JUL111810PHIDET
KXMLBGAME-26JUL111905HOUTEX,2026-07-11T00:15:16Z,2026-07-11,0.53,0.53,0.0,0.0,,,112.0,,300,0.15534919713677695,,,,,False,KXMLBGAME-26JUL111905HOUTEX
KXMLBGAME-26JUL111905HOUTEX,2026-07-11T00:16:49Z,2026-07-11,0.53,0.53,0.0,0.0,,,205.0,,300,0.15534919713677695,,,,,False,KXMLBGAME-26JUL111905HOUTEX
KXMLBGAME-26JUL111905HOUTEX,2026-07-11T00:17:16Z,2026-07-11,0.53,0.53,0.0,0.0,,,232.0,,300,0.15534919713677695,,,,,False,KXMLBGAME-26JUL111905HOUTEX
KXMLBGAME-26JUL111905HOUTEX,2026-07-11T00:18:23Z,2026-07-11,0.53,0.53,0.0,0.0,,,299.0,,300,0.15534919713677695,,,,,False,KXMLBGAME-26JUL111905HOUTEX
KXMLBGAME-26JUL111905HOUTEX,2026-07-11T00:39:25Z,2026-07-11,0.53,0.53,0.0,0.0,,,106.0,,300,0.1580739689446944,,,,,False,KXMLBGAME-26JUL111905HOUTEX
KXMLBGAME-26JUL111905HOUTEX,2026-07-11T00:40:32Z,2026-07-11,0.53,0.53,0.0,0.0,,,173.0,,300,0.1580739689446944,,,,,False,KXMLBGAME-26JUL111905HOUTEX
KXMLBGAME-26JUL111905HOUTEX,2026-07-11T00:40:59Z,2026-07-11,0.53,0.53,0.0,0.0,,,200.0,,300,0.1580739689446944,,,,,False,KXMLBGAME-26JUL111905HOUTEX
KXMLBGAME-26JUL111905HOUTEX,2026-07-11T00:42:29Z,2026-07-11,0.53,0.53,0.0,0.0,,,290.0,,300,0.1580739689446944,,,,,False,KXMLBGAME-26JUL111905HOUTEX
KXMLBGAME-26JUL111905HOUTEX,2026-07-11T01:03:32Z,2026-07-11,0.53,0.53,0.0,0.0,,,82.0,,300,0.8100386078015184,,,,,False,KXMLBGAME-26JUL111905HOUTEX
KXMLBGAME-26JUL111905HOUTEX,2026-07-11T01:04:02Z,2026-07-11,0.53,0.53,0.0,0.0,,,112.0,,300,0.8100386078015184,,,,,False,KXMLBGAME-26JUL111905HOUTEX
KXMLBGAME-26JUL111905HOUTEX,2026-07-11T01:05:35Z,2026-07-11,0.53,0.53,0.0,0.0,,,205.0,,300,0.8100386078015184,,,,,False,KXMLBGAME-26JUL111905HOUTEX
KXMLBGAME-26JUL111905HOUTEX,2026-07-11T01:28:53Z,2026-07-11,0.53,0.53,0.0,0.0,,,120.0,,300,0.7649816928244698,,,,,False,KXMLBGAME-26JUL111905HOUTEX
KXMLBGAME-26JUL111905HOUTEX,2026-07-11T01:30:17Z,2026-07-11,0.53,0.53,0.0,0.0,,,204.0,,300,0.7649816928244698,,,,,False,KXMLBGAME-26JUL111905HOUTEX
KXMLBGAME-26JUL111905HOUTEX,2026-07-11T01:31:37Z,2026-07-11,0.53,0.53,0.0,0.0,,,284.0,,300,0.7649816928244698,,,,,False,KXMLBGAME-26JUL111905HOUTEX
KXMLBGAME-26JUL111905HOUTEX,2026-07-11T01:50:37Z,2026-07-11,0.5250000000000091,0.5250000000000091,0.0,0.0,,,113.0,,300,0.7488868105249988,,,,,False,KXMLBGAME-26JUL111905HOUTEX
KXMLBGAME-26JUL111905HOUTEX,2026-07-11T01:52:02Z,2026-07-11,0.5250000000000091,0.5250000000000091,0.0,0.0,,,198.0,,300,0.7488868105249988,,,,,False,KXMLBGAME-26JUL111905HOUTEX
KXMLBGAME-26JUL111905HOUTEX,2026-07-11T01:53:17Z,2026-07-11,0.5250000000000091,0.5250000000000091,0.0,0.0,,,273.0,,300,0.7488868105249988,,,,,False,KXMLBGAME-26JUL111905HOUTEX
KXMLBGAME-26JUL111905HOUTEX,2026-07-11T02:10:38Z,2026-07-11,0.5250000000000091,0.5250000000000091,0.0,0.0,,,21.0,,300,0.7934201814344723,,,,,False,KXMLBGAME-26JUL111905HOUTEX
KXMLBGAME-26JUL111905HOUTEX,2026-07-11T02:12:13Z,2026-07-11,0.5250000000000091,0.5250000000000091,0.0,0.0,,,116.0,,300,0.7934201814344723,,,,,False,KXMLBGAME-26JUL111905HOUTEX
KXMLBGAME-26JUL111905HOUTEX,2026-07-11T02:13:38Z,2026-07-11,0.5250000000000091,0.5250000000000091,0.0,0.0,,,201.0,,300,0.7934201814344723,,,,,False,KXMLBGAME-26JUL111905HOUTEX
KXMLBGAME-26JUL111905HOUTEX,2026-07-11T02:15:03Z,2026-07-11,0.5250000000000091,0.5250000000000091,0.0,0.0,,,286.0,,300,0.7934201814344723,,,,,False,KXMLBGAME-26JUL111905HOUTEX
KXMLBGAME-26JUL111905HOUTEX,2026-07-11T02:33:06Z,2026-07-11,0.53,0.53,0.0,0.0,,,34.0,,300,0.9145282975359571,,,,,False,KXMLBGAME-26JUL111905HOUTEX
KXMLBGAME-26JUL111905HOUTEX,2026-07-11T02:34:25Z,2026-07-11,0.53,0.53,0.0,0.0,,,113.0,,300,0.9145282975359571,,,,,False,KXMLBGAME-26JUL111905HOUTEX
KXMLBGAME-26JUL111905HOUTEX,2026-07-11T02:35:47Z,2026-07-11,0.53,0.53,0.0,0.0,,,195.0,,300,0.9145282975359571,,,,,False,KXMLBGAME-26JUL111905HOUTEX
KXMLBGAME-26JUL111905HOUTEX,2026-07-11T02:37:14Z,2026-07-11,0.53,0.47499999999999093,-0.0550000000000091,0.0,,,282.0,,300,0.9145282975359571,,,,,False,KXMLBGAME-26JUL111905HOUTEX
KXMLBGAME-26JUL111905HOUTEX,2026-07-11T23:10:19Z,2026-07-11,0.47499999999999093,0.3150000000001714,-0.1599999999998195,0.0,,,105.0,,300,-0.9994363021420518,,,,,False,KXMLBGAME-26JUL111905HOUTEX
KXMLBGAME-26JUL111905HOUTEX,2026-07-11T23:11:48Z,2026-07-11,0.3150000000001714,0.3150000000001714,0.0,0.0,,,194.0,,300,-0.9994363021420518,,,,,False,KXMLBGAME-26JUL111905HOUTEX
KXMLBGAME-26JUL111905HOUTEX,2026-07-11T23:12:11Z,2026-07-11,0.3150000000001714,0.2849999999996723,-0.030000000000499127,0.0,,,217.0,,300,-0.9994363021420518,,,,,False,KXMLBGAME-26JUL111905HOUTEX
KXMLBGAME-26JUL111905HOUTEX,2026-07-11T23:13:15Z,2026-07-11,0.2849999999996723,0.3050000000002047,0.020000000000532425,0.0,,,281.0,,300,-0.9994363021420518,,,,,False,KXMLBGAME-26JUL111905HOUTEX
KXMLBGAME-26JUL111905HOUTEX,2026-07-11T23:34:07Z,2026-07-11,0.32499999999974194,0.3050000000002047,-0.01999999999953722,0.0,,,39.0,,300,-0.9980265290480927,,,,,False,KXMLBGAME-26JUL111905HOUTEX
KXMLBGAME-26JUL111905HOUTEX,2026-07-11T23:36:45Z,2026-07-11,0.3050000000002047,0.2950000000003287,-0.009999999999875997,0.0,,,197.0,,300,-0.9980265290480927,,,,,False,KXMLBGAME-26JUL111905HOUTEX
KXMLBGAME-26JUL111905HOUTEX,2026-07-11T23:38:23Z,2026-07-11,0.2950000000003287,0.2950000000003287,0.0,0.0,,,295.0,,300,-0.9980265290480927,,,,,False,KXMLBGAME-26JUL111905HOUTEX
KXMLBGAME-26JUL111905HOUTEX,2026-07-12T00:01:38Z,2026-07-12,0.07499999999963623,0.07499999999963623,0.0,0.0,,,94.0,,300,-0.9233925405080443,,,,,False,KXMLBGAME-26JUL111905HOUTEX
KXMLBGAME-26JUL111905HOUTEX,2026-07-12T00:01:48Z,2026-07-12,0.07499999999963623,0.06499999999988525,-0.009999999999750986,0.0,,,104.0,,300,-0.9233925405080443,,,,,False,KXMLBGAME-26JUL111905HOUTEX
KXMLBGAME-26JUL111905HOUTEX,2026-07-12T00:32:11Z,2026-07-12,0.04500000000030549,0.04500000000030549,0.0,0.0,,,109.0,,300,-0.41817275594732733,,,,,False,KXMLBGAME-26JUL111905HOUTEX
KXMLBGAME-26JUL111905HOUTEX,2026-07-12T00:34:04Z,2026-07-12,0.04500000000030549,0.04500000000030549,0.0,0.0,,,222.0,,300,-0.41817275594732733,,,,,False,KXMLBGAME-26JUL111905HOUTEX
KXMLBGAME-26JUL111905HOUTEX,2026-07-12T00:35:22Z,2026-07-12,0.04500000000030549,0.04500000000030549,0.0,0.0,,,300.0,,300,-0.41817275594732733,,,,,False,KXMLBGAME-26JUL111905HOUTEX
KXMLBGAME-26JUL111905HOUTEX,2026-07-12T01:01:32Z,2026-07-12,0.034999999999701416,0.025000000000116544,-0.009999999999584872,0.0,,,105.0,,300,-0.8987366811097228,,,,,False,KXMLBGAME-26JUL111905HOUTEX
KXMLBGAME-26JUL111905HOUTEX,2026-07-12T01:03:22Z,2026-07-12,0.025000000000116544,0.025000000000116544,0.0,0.0,,,215.0,,300,-0.8987366811097228,,,,,False,KXMLBGAME-26JUL111905HOUTEX
KXMLBGAME-26JUL111905HOUTEX,2026-07-12T01:03:27Z,2026-07-12,0.025000000000116544,0.025000000000116544,0.0,0.0,,,220.0,,300,-0.8987366811097228,,,,,False,KXMLBGAME-26JUL111905HOUTEX
KXMLBGAME-26JUL111905KCBAL,2026-07-10T23:15:51Z,2026-07-10,0.5849999999999682,0.5849999999999682,0.0,1.0,,,147.0,,300,0.752748381793897,,,,,True,KXMLBGAME-26JUL111905KCBAL
KXMLBGAME-26JUL111905KCBAL,2026-07-10T23:16:30Z,2026-07-10,0.5849999999999682,0.5849999999999682,0.0,1.0,,,186.0,,300,0.752748381793897,,,,,True,KXMLBGAME-26JUL111905KCBAL
KXMLBGAME-26JUL111905KCBAL,2026-07-10T23:17:46Z,2026-07-10,0.5849999999999682,0.5849999999999682,0.0,1.0,,,262.0,,300,0.752748381793897,,,,,True,KXMLBGAME-26JUL111905KCBAL
KXMLBGAME-26JUL111905KCBAL,2026-07-10T23:34:53Z,2026-07-10,0.5849999999999682,0.5849999999999682,0.0,1.0,,,109.0,,300,0.772489071806539,,,,,True,KXMLBGAME-26JUL111905KCBAL
KXMLBGAME-26JUL111905KCBAL,2026-07-10T23:36:04Z,2026-07-10,0.5849999999999682,0.5849999999999682,0.0,1.0,,,180.0,,300,0.772489071806539,,,,,True,KXMLBGAME-26JUL111905KCBAL
KXMLBGAME-26JUL111905KCBAL,2026-07-10T23:37:14Z,2026-07-10,0.5849999999999682,0.5849999999999682,0.0,1.0,,,250.0,,300,0.772489071806539,,,,,True,KXMLBGAME-26JUL111905KCBAL
KXMLBGAME-26JUL111905KCBAL,2026-07-10T23:54:18Z,2026-07-10,0.5849999999999682,0.5849999999999682,0.0,1.0,,,113.0,,300,0.7736213960353208,,,,,True,KXMLBGAME-26JUL111905KCBAL
KXMLBGAME-26JUL111905KCBAL,2026-07-10T23:54:59Z,2026-07-10,0.5849999999999682,0.5849999999999682,0.0,1.0,,,154.0,,300,0.7736213960353208,,,,,True,KXMLBGAME-26JUL111905KCBAL
KXMLBGAME-26JUL111905KCBAL,2026-07-10T23:55:30Z,2026-07-10,0.5849999999999682,0.5849999999999682,0.0,1.0,,,185.0,,300,0.7736213960353208,,,,,True,KXMLBGAME-26JUL111905KCBAL
KXMLBGAME-26JUL111905KCBAL,2026-07-10T23:56:41Z,2026-07-10,0.5849999999999682,0.5849999999999682,0.0,1.0,,,256.0,,300,0.7736213960353208,,,,,True,KXMLBGAME-26JUL111905KCBAL
KXMLBGAME-26JUL111905KCBAL,2026-07-11T00:15:16Z,2026-07-11,0.5849999999999682,0.5849999999999682,0.0,1.0,,,112.0,,300,0.7842443303236335,,,,,True,KXMLBGAME-26JUL111905KCBAL
KXMLBGAME-26JUL111905KCBAL,2026-07-11T00:16:49Z,2026-07-11,0.5849999999999682,0.5849999999999682,0.0,1.0,,,205.0,,300,0.7842443303236335,,,,,True,KXMLBGAME-26JUL111905KCBAL
KXMLBGAME-26JUL111905KCBAL,2026-07-11T00:17:16Z,2026-07-11,0.5849999999999682,0.5849999999999682,0.0,1.0,,,232.0,,300,0.7842443303236335,,,,,True,KXMLBGAME-26JUL111905KCBAL
KXMLBGAME-26JUL111905KCBAL,2026-07-11T00:18:23Z,2026-07-11,0.5849999999999682,0.5849999999999682,0.0,1.0,,,299.0,,300,0.7842443303236335,,,,,True,KXMLBGAME-26JUL111905KCBAL
KXMLBGAME-26JUL111905KCBAL,2026-07-11T00:39:25Z,2026-07-11,0.5849999999999682,0.5849999999999682,0.0,1.0,,,106.0,,300,0.8189334552256989,,,,,True,KXMLBGAME-26JUL111905KCBAL
KXMLBGAME-26JUL111905KCBAL,2026-07-11T00:40:32Z,2026-07-11,0.5849999999999682,0.5849999999999682,0.0,1.0,,,173.0,,300,0.8189334552256989,,,,,True,KXMLBGAME-26JUL111905KCBAL
KXMLBGAME-26JUL111905KCBAL,2026-07-11T00:40:59Z,2026-07-11,0.5849999999999682,0.5849999999999682,0.0,1.0,,,200.0,,300,0.8189334552256989,,,,,True,KXMLBGAME-26JUL111905KCBAL
KXMLBGAME-26JUL111905KCBAL,2026-07-11T00:42:29Z,2026-07-11,0.5849999999999682,0.5849999999999682,0.0,1.0,,,290.0,,300,0.8189334552256989,,,,,True,KXMLBGAME-26JUL111905KCBAL
KXMLBGAME-26JUL111905KCBAL,2026-07-11T01:03:32Z,2026-07-11,0.5849999999999682,0.5849999999999682,0.0,1.0,,,82.0,,300,0.82896115193877,,,,,True,KXMLBGAME-26JUL111905KCBAL
KXMLBGAME-26JUL111905KCBAL,2026-07-11T01:04:02Z,2026-07-11,0.5849999999999682,0.5849999999999682,0.0,1.0,,,112.0,,300,0.82896115193877,,,,,True,KXMLBGAME-26JUL111905KCBAL
KXMLBGAME-26JUL111905KCBAL,2026-07-11T01:05:35Z,2026-07-11,0.5849999999999682,0.5849999999999682,0.0,1.0,,,205.0,,300,0.82896115193877,,,,,True,KXMLBGAME-26JUL111905KCBAL
KXMLBGAME-26JUL111905KCBAL,2026-07-11T23:10:19Z,2026-07-11,0.5950000000001153,0.6149999999999062,0.019999999999790852,1.0,,,105.0,,300,0.18278274329232322,,,,,True,KXMLBGAME-26JUL111905KCBAL
KXMLBGAME-26JUL111905KCBAL,2026-07-11T23:11:48Z,2026-07-11,0.6149999999999062,0.6149999999999062,0.0,1.0,,,194.0,,300,0.18278274329232322,,,,,True,KXMLBGAME-26JUL111905KCBAL
KXMLBGAME-26JUL111905KCBAL,2026-07-11T23:12:11Z,2026-07-11,0.6149999999999062,0.6200000000001109,0.00500000000020473,1.0,,,217.0,,300,0.18278274329232322,,,,,True,KXMLBGAME-26JUL111905KCBAL
KXMLBGAME-26JUL111905KCBAL,2026-07-11T23:13:15Z,2026-07-11,0.6200000000001109,0.6349999999999364,0.014999999999825486,1.0,,,281.0,,300,0.18278274329232322,,,,,True,KXMLBGAME-26JUL111905KCBAL
KXMLBGAME-26JUL111905KCBAL,2026-07-11T23:34:07Z,2026-07-11,0.7150000000003277,0.6849999999998286,-0.030000000000499072,1.0,,,39.0,,300,-0.43032480349137986,,,,,True,KXMLBGAME-26JUL111905KCBAL
KXMLBGAME-26JUL111905KCBAL,2026-07-11T23:36:45Z,2026-07-11,0.6849999999998286,0.6899999999997681,0.004999999999939497,1.0,,,197.0,,300,-0.43032480349137986,,,,,True,KXMLBGAME-26JUL111905KCBAL
KXMLBGAME-26JUL111905KCBAL,2026-07-11T23:38:23Z,2026-07-11,0.6899999999997681,0.7249999999999551,0.03500000000018699,1.0,,,295.0,,300,-0.43032480349137986,,,,,True,KXMLBGAME-26JUL111905KCBAL
KXMLBGAME-26JUL111905KCBAL,2026-07-12T00:01:38Z,2026-07-12,0.7500000000000736,0.7500000000000736,0.0,1.0,,,94.0,,300,-0.7329710953599742,,,,,True,KXMLBGAME-26JUL111905KCBAL
KXMLBGAME-26JUL111905KCBAL,2026-07-12T00:01:48Z,2026-07-12,0.7500000000000736,0.8749999999998768,0.12499999999980316,1.0,,,104.0,,300,-0.7329710953599742,,,,,True,KXMLBGAME-26JUL111905KCBAL
KXMLBGAME-26JUL111905KCBAL,2026-07-12T00:32:11Z,2026-07-12,0.9749999999998834,0.9749999999998834,0.0,1.0,,,109.0,,300,0.25561774428754547,,,,,True,KXMLBGAME-26JUL111905KCBAL
KXMLBGAME-26JUL111905KCBAL,2026-07-12T00:34:04Z,2026-07-12,0.9749999999998834,0.9749999999998834,0.0,1.0,,,222.0,,300,0.25561774428754547,,,,,True,KXMLBGAME-26JUL111905KCBAL
KXMLBGAME-26JUL111905KCBAL,2026-07-12T00:35:22Z,2026-07-12,0.9749999999998834,0.9749999999998834,0.0,1.0,,,300.0,,300,0.25561774428754547,,,,,True,KXMLBGAME-26JUL111905KCBAL
KXMLBGAME-26JUL111905KCBAL,2026-07-12T01:01:32Z,2026-07-12,0.9849999999994682,0.9849999999994682,0.0,1.0,,,105.0,,300,-0.9027599637348335,,,,,True,KXMLBGAME-26JUL111905KCBAL
KXMLBGAME-26JUL111905KCBAL,2026-07-12T01:03:22Z,2026-07-12,0.9849999999994682,0.9849999999994682,0.0,1.0,,,215.0,,300,-0.9027599637348335,,,,,True,KXMLBGAME-26JUL111905KCBAL
KXMLBGAME-26JUL111905KCBAL,2026-07-12T01:03:27Z,2026-07-12,0.9849999999994682,0.9849999999994682,0.0,1.0,,,220.0,,300,-0.9027599637348335,,,,,True,KXMLBGAME-26JUL111905KCBAL
KXMLBGAME-26JUL111910CHCCIN,2026-07-10T23:15:51Z,2026-07-10,0.4850000000000207,0.4850000000000207,0.0,0.0,,,147.0,,300,-0.040369088811995385,,,,,False,KXMLBGAME-26JUL111910CHCCIN
KXMLBGAME-26JUL111910CHCCIN,2026-07-10T23:16:30Z,2026-07-10,0.4850000000000207,0.4850000000000207,0.0,0.0,,,186.0,,300,-0.040369088811995385,,,,,False,KXMLBGAME-26JUL111910CHCCIN
KXMLBGAME-26JUL111910CHCCIN,2026-07-10T23:17:46Z,2026-07-10,0.4850000000000207,0.4850000000000207,0.0,0.0,,,262.0,,300,-0.040369088811995385,,,,,False,KXMLBGAME-26JUL111910CHCCIN
KXMLBGAME-26JUL111910CHCCIN,2026-07-10T23:34:53Z,2026-07-10,0.4850000000000207,0.4850000000000207,0.0,0.0,,,109.0,,300,-0.0390015600624025,,,,,False,KXMLBGAME-26JUL111910CHCCIN
KXMLBGAME-26JUL111910CHCCIN,2026-07-10T23:36:04Z,2026-07-10,0.4850000000000207,0.4850000000000207,0.0,0.0,,,180.0,,300,-0.0390015600624025,,,,,False,KXMLBGAME-26JUL111910CHCCIN
KXMLBGAME-26JUL111910CHCCIN,2026-07-10T23:37:14Z,2026-07-10,0.4850000000000207,0.4850000000000207,0.0,0.0,,,250.0,,300,-0.0390015600624025,,,,,False,KXMLBGAME-26JUL111910CHCCIN
KXMLBGAME-26JUL111910CHCCIN,2026-07-10T23:54:18Z,2026-07-10,0.4850000000000207,0.4850000000000207,0.0,0.0,,,113.0,,300,-0.037373082739252536,,,,,False,KXMLBGAME-26JUL111910CHCCIN
KXMLBGAME-26JUL111910CHCCIN,2026-07-10T23:54:59Z,2026-07-10,0.4850000000000207,0.4850000000000207,0.0,0.0,,,154.0,,300,-0.037373082739252536,,,,,False,KXMLBGAME-26JUL111910CHCCIN
KXMLBGAME-26JUL111910CHCCIN,2026-07-10T23:55:30Z,2026-07-10,0.4850000000000207,0.4850000000000207,0.0,0.0,,,185.0,,300,-0.037373082739252536,,,,,False,KXMLBGAME-26JUL111910CHCCIN
KXMLBGAME-26JUL111910CHCCIN,2026-07-10T23:56:41Z,2026-07-10,0.4850000000000207,0.4850000000000207,0.0,0.0,,,256.0,,300,-0.037373082739252536,,,,,False,KXMLBGAME-26JUL111910CHCCIN
KXMLBGAME-26JUL111910CHCCIN,2026-07-11T00:15:16Z,2026-07-11,0.4850000000000207,0.4850000000000207,0.0,0.0,,,112.0,,300,-0.967873468332169,,,,,False,KXMLBGAME-26JUL111910CHCCIN
KXMLBGAME-26JUL111910CHCCIN,2026-07-11T00:16:49Z,2026-07-11,0.4850000000000207,0.4850000000000207,0.0,0.0,,,205.0,,300,-0.967873468332169,,,,,False,KXMLBGAME-26JUL111910CHCCIN
KXMLBGAME-26JUL111910CHCCIN,2026-07-11T00:17:16Z,2026-07-11,0.4850000000000207,0.4850000000000207,0.0,0.0,,,232.0,,300,-0.967873468332169,,,,,False,KXMLBGAME-26JUL111910CHCCIN
KXMLBGAME-26JUL111910CHCCIN,2026-07-11T00:18:23Z,2026-07-11,0.4850000000000207,0.4850000000000207,0.0,0.0,,,299.0,,300,-0.967873468332169,,,,,False,KXMLBGAME-26JUL111910CHCCIN
KXMLBGAME-26JUL111910CHCCIN,2026-07-11T00:39:25Z,2026-07-11,0.4850000000000207,0.4850000000000207,0.0,0.0,,,106.0,,300,-0.9679074314401266,,,,,False,KXMLBGAME-26JUL111910CHCCIN
KXMLBGAME-26JUL111910CHCCIN,2026-07-11T00:40:32Z,2026-07-11,0.4850000000000207,0.4850000000000207,0.0,0.0,,,173.0,,300,-0.9679074314401266,,,,,False,KXMLBGAME-26JUL111910CHCCIN
KXMLBGAME-26JUL111910CHCCIN,2026-07-11T00:40:59Z,2026-07-11,0.4850000000000207,0.4850000000000207,0.0,0.0,,,200.0,,300,-0.9679074314401266,,,,,False,KXMLBGAME-26JUL111910CHCCIN
KXMLBGAME-26JUL111910CHCCIN,2026-07-11T00:42:29Z,2026-07-11,0.4850000000000207,0.4850000000000207,0.0,0.0,,,290.0,,300,-0.9679074314401266,,,,,False,KXMLBGAME-26JUL111910CHCCIN
KXMLBGAME-26JUL111910CHCCIN,2026-07-11T01:03:32Z,2026-07-11,0.4850000000000207,0.4850000000000207,0.0,0.0,,,82.0,,300,-0.987289549044789,,,,,False,KXMLBGAME-26JUL111910CHCCIN
KXMLBGAME-26JUL111910CHCCIN,2026-07-11T01:04:02Z,2026-07-11,0.4850000000000207,0.4850000000000207,0.0,0.0,,,112.0,,300,-0.987289549044789,,,,,False,KXMLBGAME-26JUL111910CHCCIN
KXMLBGAME-26JUL111910CHCCIN,2026-07-11T01:05:35Z,2026-07-11,0.4850000000000207,0.4850000000000207,0.0,0.0,,,205.0,,300,-0.987289549044789,,,,,False,KXMLBGAME-26JUL111910CHCCIN
KXMLBGAME-26JUL111910CHCCIN,2026-07-11T01:28:53Z,2026-07-11,0.4850000000000207,0.4850000000000207,0.0,0.0,,,120.0,,300,-0.9872963317074257,,,,,False,KXMLBGAME-26JUL111910CHCCIN
KXMLBGAME-26JUL111910CHCCIN,2026-07-11T01:30:17Z,2026-07-11,0.4850000000000207,0.4850000000000207,0.0,0.0,,,204.0,,300,-0.9872963317074257,,,,,False,KXMLBGAME-26JUL111910CHCCIN
KXMLBGAME-26JUL111910CHCCIN,2026-07-11T01:31:37Z,2026-07-11,0.4850000000000207,0.4850000000000207,0.0,0.0,,,284.0,,300,-0.9872963317074257,,,,,False,KXMLBGAME-26JUL111910CHCCIN
KXMLBGAME-26JUL111910CHCCIN,2026-07-11T23:11:48Z,2026-07-11,0.5149999999999793,0.5100000000000057,-0.004999999999973581,0.0,,,194.0,,300,-0.47612708687784,,,,,False,KXMLBGAME-26JUL111910CHCCIN
KXMLBGAME-26JUL111910CHCCIN,2026-07-11T23:12:11Z,2026-07-11,0.5100000000000057,0.5250000000000091,0.015000000000003455,0.0,,,217.0,,300,-0.47612708687784,,,,,False,KXMLBGAME-26JUL111910CHCCIN
KXMLBGAME-26JUL111910CHCCIN,2026-07-11T23:13:15Z,2026-07-11,0.5250000000000091,0.5449999999999542,0.01999999999994506,0.0,,,281.0,,300,-0.47612708687784,,,,,False,KXMLBGAME-26JUL111910CHCCIN
KXMLBGAME-26JUL111910CHCCIN,2026-07-11T23:34:07Z,2026-07-11,0.535000000000047,0.5250000000000091,-0.010000000000037867,0.0,,,39.0,,300,-0.611048955082522,,,,,False,KXMLBGAME-26JUL111910CHCCIN
KXMLBGAME-26JUL111910CHCCIN,2026-07-11T23:35:12Z,2026-07-11,0.5250000000000091,0.5549999999999649,0.02999999999995573,0.0,,,104.0,,300,-0.611048955082522,,,,,False,KXMLBGAME-26JUL111910CHCCIN
KXMLBGAME-26JUL111910CHCCIN,2026-07-11T23:36:45Z,2026-07-11,0.5549999999999649,0.51,-0.044999999999964846,0.0,,,197.0,,300,-0.611048955082522,,,,,False,KXMLBGAME-26JUL111910CHCCIN
KXMLBGAME-26JUL111910CHCCIN,2026-07-12T00:01:38Z,2026-07-12,0.4850000000000207,0.4850000000000207,0.0,0.0,,,94.0,,300,0.08904715740185762,,,,,False,KXMLBGAME-26JUL111910CHCCIN
KXMLBGAME-26JUL111910CHCCIN,2026-07-12T00:01:48Z,2026-07-12,0.4850000000000207,0.5650000000000963,0.08000000000007562,0.0,,,104.0,,300,0.08904715740185762,,,,,False,KXMLBGAME-26JUL111910CHCCIN
KXMLBGAME-26JUL111910CHCCIN,2026-07-12T00:32:11Z,2026-07-12,0.6849999999998286,0.6949999999997953,0.009999999999966702,0.0,,,109.0,,300,-0.5214824815181992,,,,,False,KXMLBGAME-26JUL111910CHCCIN
KXMLBGAME-26JUL111910CHCCIN,2026-07-12T00:34:04Z,2026-07-12,0.6949999999997953,0.6349999999999364,-0.059999999999858944,0.0,,,222.0,,300,-0.5214824815181992,,,,,False,KXMLBGAME-26JUL111910CHCCIN
KXMLBGAME-26JUL111910CHCCIN,2026-07-12T00:35:22Z,2026-07-12,0.6349999999999364,0.6349999999999364,0.0,0.0,,,300.0,,300,-0.5214824815181992,,,,,False,KXMLBGAME-26JUL111910CHCCIN
KXMLBGAME-26JUL111910CHCCIN,2026-07-12T01:01:32Z,2026-07-12,0.535000000000047,0.5449999999999542,0.009999999999907194,0.0,,,105.0,,300,-0.151715755318372,,,,,False,KXMLBGAME-26JUL111910CHCCIN
KXMLBGAME-26JUL111910CHCCIN,2026-07-12T01:03:22Z,2026-07-12,0.5449999999999542,0.5449999999999542,0.0,0.0,,,215.0,,300,-0.151715755318372,,,,,False,KXMLBGAME-26JUL111910CHCCIN
KXMLBGAME-26JUL111910CHCCIN,2026-07-12T01:03:27Z,2026-07-12,0.5449999999999542,0.5849999999999682,0.040000000000014024,0.0,,,220.0,,300,-0.151715755318372,,,,,False,KXMLBGAME-26JUL111910CHCCIN
KXMLBGAME-26JUL111910CHCCIN,2026-07-12T01:31:36Z,2026-07-12,0.13500000000008688,0.13500000000008688,0.0,0.0,,,51.0,,300,-0.38716550322470206,,,,,False,KXMLBGAME-26JUL111910CHCCIN
KXMLBGAME-26JUL111910CHCCIN,2026-07-12T01:32:29Z,2026-07-12,0.13500000000008688,0.1549999999998358,0.019999999999748913,0.0,,,104.0,,300,-0.38716550322470206,,,,,False,KXMLBGAME-26JUL111910CHCCIN
KXMLBGAME-26JUL111910CHCCIN,2026-07-12T01:34:19Z,2026-07-12,0.1549999999998358,0.14,-0.014999999999835784,0.0,,,214.0,,300,-0.38716550322470206,,,,,False,KXMLBGAME-26JUL111910CHCCIN
KXMLBGAME-26JUL111910CHCCIN,2026-07-12T02:02:39Z,2026-07-12,0.1150000000004227,0.1150000000004227,0.0,0.0,,,104.0,,300,-0.9935237108374985,,,,,False,KXMLBGAME-26JUL111910CHCCIN
KXMLBGAME-26JUL111910CHCCIN,2026-07-12T02:04:42Z,2026-07-12,0.1150000000004227,0.1150000000004227,0.0,0.0,,,227.0,,300,-0.9935237108374985,,,,,False,KXMLBGAME-26JUL111910CHCCIN
KXMLBGAME-26JUL111910CHCCIN,2026-07-12T02:04:43Z,2026-07-12,0.1150000000004227,0.08,-0.03500000000042269,0.0,,,228.0,,300,-0.9935237108374985,,,,,False,KXMLBGAME-26JUL111910CHCCIN
KXMLBGAME-26JUL111915ATLSTL,2026-07-11T00:16:49Z,2026-07-11,0.4850000000000207,0.4850000000000207,0.0,1.0,,,205.0,,300,-0.9678400363787163,,,,,True,KXMLBGAME-26JUL111915ATLSTL
KXMLBGAME-26JUL111915ATLSTL,2026-07-11T00:17:16Z,2026-07-11,0.4850000000000207,0.4850000000000207,0.0,1.0,,,232.0,,300,-0.9678400363787163,,,,,True,KXMLBGAME-26JUL111915ATLSTL
KXMLBGAME-26JUL111915ATLSTL,2026-07-11T00:18:23Z,2026-07-11,0.4850000000000207,0.4850000000000207,0.0,1.0,,,299.0,,300,-0.9678400363787163,,,,,True,KXMLBGAME-26JUL111915ATLSTL
KXMLBGAME-26JUL111915ATLSTL,2026-07-11T00:39:25Z,2026-07-11,0.4850000000000207,0.4850000000000207,0.0,1.0,,,106.0,,300,-0.9678740102818258,,,,,True,KXMLBGAME-26JUL111915ATLSTL
KXMLBGAME-26JUL111915ATLSTL,2026-07-11T00:40:32Z,2026-07-11,0.4850000000000207,0.4850000000000207,0.0,1.0,,,173.0,,300,-0.9678740102818258,,,,,True,KXMLBGAME-26JUL111915ATLSTL
KXMLBGAME-26JUL111915ATLSTL,2026-07-11T00:40:59Z,2026-07-11,0.4850000000000207,0.4850000000000207,0.0,1.0,,,200.0,,300,-0.9678740102818258,,,,,True,KXMLBGAME-26JUL111915ATLSTL
KXMLBGAME-26JUL111915ATLSTL,2026-07-11T00:42:29Z,2026-07-11,0.4850000000000207,0.4850000000000207,0.0,1.0,,,290.0,,300,-0.9678740102818258,,,,,True,KXMLBGAME-26JUL111915ATLSTL
KXMLBGAME-26JUL111915ATLSTL,2026-07-11T01:03:32Z,2026-07-11,0.4850000000000207,0.4850000000000207,0.0,1.0,,,82.0,,300,-0.9879082194657162,,,,,True,KXMLBGAME-26JUL111915ATLSTL
KXMLBGAME-26JUL111915ATLSTL,2026-07-11T01:04:02Z,2026-07-11,0.4850000000000207,0.4850000000000207,0.0,1.0,,,112.0,,300,-0.9879082194657162,,,,,True,KXMLBGAME-26JUL111915ATLSTL
KXMLBGAME-26JUL111915ATLSTL,2026-07-11T01:05:35Z,2026-07-11,0.4850000000000207,0.4850000000000207,0.0,1.0,,,205.0,,300,-0.9879082194657162,,,,,True,KXMLBGAME-26JUL111915ATLSTL
KXMLBGAME-26JUL111915ATLSTL,2026-07-11T01:28:53Z,2026-07-11,0.4850000000000207,0.4850000000000207,0.0,1.0,,,120.0,,300,-0.9879466128128408,,,,,True,KXMLBGAME-26JUL111915ATLSTL
KXMLBGAME-26JUL111915ATLSTL,2026-07-11T01:30:17Z,2026-07-11,0.4850000000000207,0.4850000000000207,0.0,1.0,,,204.0,,300,-0.9879466128128408,,,,,True,KXMLBGAME-26JUL111915ATLSTL
KXMLBGAME-26JUL111915ATLSTL,2026-07-11T01:31:37Z,2026-07-11,0.4850000000000207,0.4850000000000207,0.0,1.0,,,284.0,,300,-0.9879466128128408,,,,,True,KXMLBGAME-26JUL111915ATLSTL
KXMLBGAME-26JUL111915ATLSTL,2026-07-11T01:50:37Z,2026-07-11,0.4850000000000207,0.4850000000000207,0.0,1.0,,,113.0,,300,-0.9880179408178906,,,,,True,KXMLBGAME-26JUL111915ATLSTL
KXMLBGAME-26JUL111915ATLSTL,2026-07-11T01:52:02Z,2026-07-11,0.4850000000000207,0.4850000000000207,0.0,1.0,,,198.0,,300,-0.9880179408178906,,,,,True,KXMLBGAME-26JUL111915ATLSTL
KXMLBGAME-26JUL111915ATLSTL,2026-07-11T01:53:17Z,2026-07-11,0.4850000000000207,0.4850000000000207,0.0,1.0,,,273.0,,300,-0.9880179408178906,,,,,True,KXMLBGAME-26JUL111915ATLSTL
KXMLBGAME-26JUL111915ATLSTL,2026-07-11T02:10:38Z,2026-07-11,0.4850000000000207,0.4850000000000207,0.0,1.0,,,21.0,,300,-0.9878630253119483,,,,,True,KXMLBGAME-26JUL111915ATLSTL
KXMLBGAME-26JUL111915ATLSTL,2026-07-11T02:12:13Z,2026-07-11,0.4850000000000207,0.4850000000000207,0.0,1.0,,,116.0,,300,-0.9878630253119483,,,,,True,KXMLBGAME-26JUL111915ATLSTL
KXMLBGAME-26JUL111915ATLSTL,2026-07-11T02:13:38Z,2026-07-11,0.4850000000000207,0.4850000000000207,0.0,1.0,,,201.0,,300,-0.9878630253119483,,,,,True,KXMLBGAME-26JUL111915ATLSTL
KXMLBGAME-26JUL111915ATLSTL,2026-07-11T02:15:03Z,2026-07-11,0.4850000000000207,0.4850000000000207,0.0,1.0,,,286.0,,300,-0.9878630253119483,,,,,True,KXMLBGAME-26JUL111915ATLSTL
KXMLBGAME-26JUL111915ATLSTL,2026-07-11T02:33:06Z,2026-07-11,0.4850000000000207,0.4850000000000207,0.0,1.0,,,34.0,,300,-0.999970595040236,,,,,True,KXMLBGAME-26JUL111915ATLSTL
KXMLBGAME-26JUL111915ATLSTL,2026-07-11T02:34:25Z,2026-07-11,0.4850000000000207,0.4850000000000207,0.0,1.0,,,113.0,,300,-0.999970595040236,,,,,True,KXMLBGAME-26JUL111915ATLSTL
KXMLBGAME-26JUL111915ATLSTL,2026-07-11T02:35:47Z,2026-07-11,0.4850000000000207,0.4850000000000207,0.0,1.0,,,195.0,,300,-0.999970595040236,,,,,True,KXMLBGAME-26JUL111915ATLSTL
KXMLBGAME-26JUL111915ATLSTL,2026-07-11T02:37:14Z,2026-07-11,0.4850000000000207,0.4850000000000207,0.0,1.0,,,282.0,,300,-0.999970595040236,,,,,True,KXMLBGAME-26JUL111915ATLSTL
KXMLBGAME-26JUL111915ATLSTL,2026-07-11T02:55:22Z,2026-07-11,0.4850000000000207,0.4850000000000207,0.0,1.0,,,77.0,,300,-0.9999821998478265,,,,,True,KXMLBGAME-26JUL111915ATLSTL
KXMLBGAME-26JUL111915ATLSTL,2026-07-11T02:55:58Z,2026-07-11,0.4850000000000207,0.4850000000000207,0.0,1.0,,,113.0,,300,-0.9999821998478265,,,,,True,KXMLBGAME-26JUL111915ATLSTL
KXMLBGAME-26JUL111915ATLSTL,2026-07-11T02:57:17Z,2026-07-11,0.4850000000000207,0.4850000000000207,0.0,1.0,,,192.0,,300,-0.9999821998478265,,,,,True,KXMLBGAME-26JUL111915ATLSTL
KXMLBGAME-26JUL111915ATLSTL,2026-07-11T02:58:35Z,2026-07-11,0.4850000000000207,0.4850000000000207,0.0,1.0,,,270.0,,300,-0.9999821998478265,,,,,True,KXMLBGAME-26JUL111915ATLSTL
KXMLBGAME-26JUL111915ATLSTL,2026-07-11T03:17:03Z,2026-07-11,0.4850000000000207,0.4850000000000207,0.0,1.0,,,112.0,,300,-0.9992254100752515,,,,,True,KXMLBGAME-26JUL111915ATLSTL
KXMLBGAME-26JUL111915ATLSTL,2026-07-11T03:17:16Z,2026-07-11,0.4850000000000207,0.4850000000000207,0.0,1.0,,,125.0,,300,-0.9992254100752515,,,,,True,KXMLBGAME-26JUL111915ATLSTL
KXMLBGAME-26JUL111915ATLSTL,2026-07-11T03:18:24Z,2026-07-11,0.4850000000000207,0.4850000000000207,0.0,1.0,,,193.0,,300,-0.9992254100752515,,,,,True,KXMLBGAME-26JUL111915ATLSTL
KXMLBGAME-26JUL111915ATLSTL,2026-07-11T03:19:45Z,2026-07-11,0.4850000000000207,0.4850000000000207,0.0,1.0,,,274.0,,300,-0.9992254100752515,,,,,True,KXMLBGAME-26JUL111915ATLSTL
KXMLBGAME-26JUL111915ATLSTL,2026-07-11T03:38:43Z,2026-07-11,0.4850000000000207,0.4850000000000207,0.0,1.0,,,112.0,,300,-0.9992380051166643,,,,,True,KXMLBGAME-26JUL111915ATLSTL
KXMLBGAME-26JUL111915ATLSTL,2026-07-11T03:39:19Z,2026-07-11,0.4850000000000207,0.4850000000000207,0.0,1.0,,,148.0,,300,-0.9992380051166643,,,,,True,KXMLBGAME-26JUL111915ATLSTL
KXMLBGAME-26JUL111915ATLSTL,2026-07-11T03:40:09Z,2026-07-11,0.4850000000000207,0.4850000000000207,0.0,1.0,,,198.0,,300,-0.9992380051166643,,,,,True,KXMLBGAME-26JUL111915ATLSTL
KXMLBGAME-26JUL111915ATLSTL,2026-07-11T03:41:30Z,2026-07-11,0.4850000000000207,0.4850000000000207,0.0,1.0,,,279.0,,300,-0.9992380051166643,,,,,True,KXMLBGAME-26JUL111915ATLSTL
KXMLBGAME-26JUL111915ATLSTL,2026-07-11T03:59:48Z,2026-07-11,0.4850000000000207,0.4850000000000207,0.0,1.0,,,112.0,,300,-0.9992376313908342,,,,,True,KXMLBGAME-26JUL111915ATLSTL
KXMLBGAME-26JUL111915ATLSTL,2026-07-11T04:01:09Z,2026-07-11,0.4850000000000207,0.4850000000000207,0.0,1.0,,,193.0,,300,-0.9992376313908342,,,,,True,KXMLBGAME-26JUL111915ATLSTL
KXMLBGAME-26JUL111915ATLSTL,2026-07-11T04:01:12Z,2026-07-11,0.4850000000000207,0.4850000000000207,0.0,1.0,,,196.0,,300,-0.9992376313908342,,,,,True,KXMLBGAME-26JUL111915ATLSTL
KXMLBGAME-26JUL111915ATLSTL,2026-07-11T04:02:26Z,2026-07-11,0.4850000000000207,0.4850000000000207,0.0,1.0,,,270.0,,300,-0.9992376313908342,,,,,True,KXMLBGAME-26JUL111915ATLSTL
KXMLBGAME-26JUL111915ATLSTL,2026-07-11T04:21:05Z,2026-07-11,0.4850000000000207,0.4850000000000207,0.0,1.0,,,121.0,,300,-0.9990536943051455,,,,,True,KXMLBGAME-26JUL111915ATLSTL
KXMLBGAME-26JUL111915ATLSTL,2026-07-11T04:22:20Z,2026-07-11,0.4850000000000207,0.4850000000000207,0.0,1.0,,,196.0,,300,-0.9990536943051455,,,,,True,KXMLBGAME-26JUL111915ATLSTL
KXMLBGAME-26JUL111915ATLSTL,2026-07-11T04:22:56Z,2026-07-11,0.4850000000000207,0.4850000000000207,0.0,1.0,,,232.0,,300,-0.9990536943051455,,,,,True,KXMLBGAME-26JUL111915ATLSTL
KXMLBGAME-26JUL111915ATLSTL,2026-07-11T04:23:39Z,2026-07-11,0.4850000000000207,0.4850000000000207,0.0,1.0,,,275.0,,300,-0.9990536943051455,,,,,True,KXMLBGAME-26JUL111915ATLSTL
KXMLBGAME-26JUL111915ATLSTL,2026-07-11T04:42:25Z,2026-07-11,0.4850000000000207,0.4850000000000207,0.0,1.0,,,125.0,,300,-0.9959624690036293,,,,,True,KXMLBGAME-26JUL111915ATLSTL
KXMLBGAME-26JUL111915ATLSTL,2026-07-11T04:43:41Z,2026-07-11,0.4850000000000207,0.4850000000000207,0.0,1.0,,,201.0,,300,-0.9959624690036293,,,,,True,KXMLBGAME-26JUL111915ATLSTL
KXMLBGAME-26JUL111915ATLSTL,2026-07-11T04:44:33Z,2026-07-11,0.4850000000000207,0.4850000000000207,0.0,1.0,,,253.0,,300,-0.9959624690036293,,,,,True,KXMLBGAME-26JUL111915ATLSTL
KXMLBGAME-26JUL111915ATLSTL,2026-07-11T04:44:56Z,2026-07-11,0.4850000000000207,0.4850000000000207,0.0,1.0,,,276.0,,300,-0.9959624690036293,,,,,True,KXMLBGAME-26JUL111915ATLSTL
KXMLBGAME-26JUL111915ATLSTL,2026-07-11T05:03:13Z,2026-07-11,0.4850000000000207,0.4850000000000207,0.0,1.0,,,118.0,,300,-0.9965339925113187,,,,,True,KXMLBGAME-26JUL111915ATLSTL
KXMLBGAME-26JUL111915ATLSTL,2026-07-11T05:04:21Z,2026-07-11,0.4850000000000207,0.4850000000000207,0.0,1.0,,,186.0,,300,-0.9965339925113187,,,,,True,KXMLBGAME-26JUL111915ATLSTL
KXMLBGAME-26JUL111915ATLSTL,2026-07-11T05:05:34Z,2026-07-11,0.4850000000000207,0.4850000000000207,0.0,1.0,,,259.0,,300,-0.9965339925113187,,,,,True,KXMLBGAME-26JUL111915ATLSTL
KXMLBGAME-26JUL111915ATLSTL,2026-07-11T05:05:53Z,2026-07-11,0.4850000000000207,0.4850000000000207,0.0,1.0,,,278.0,,300,-0.9965339925113187,,,,,True,KXMLBGAME-26JUL111915ATLSTL
KXMLBGAME-26JUL111915ATLSTL,2026-07-11T05:21:38Z,2026-07-11,0.4850000000000207,0.4850000000000207,0.0,1.0,,,100.0,,300,-0.9992889091646908,,,,,True,KXMLBGAME-26JUL111915ATLSTL
KXMLBGAME-26JUL111915ATLSTL,2026-07-11T05:21:55Z,2026-07-11,0.4850000000000207,0.4850000000000207,0.0,1.0,,,117.0,,300,-0.9992889091646908,,,,,True,KXMLBGAME-26JUL111915ATLSTL
KXMLBGAME-26JUL111915ATLSTL,2026-07-11T05:23:02Z,2026-07-11,0.4850000000000207,0.4850000000000207,0.0,1.0,,,184.0,,300,-0.9992889091646908,,,,,True,KXMLBGAME-26JUL111915ATLSTL
KXMLBGAME-26JUL111915ATLSTL,2026-07-11T05:24:07Z,2026-07-11,0.4850000000000207,0.4850000000000207,0.0,1.0,,,249.0,,300,-0.9992889091646908,,,,,True,KXMLBGAME-26JUL111915ATLSTL
KXMLBGAME-26JUL111915ATLSTL,2026-07-11T23:34:07Z,2026-07-11,0.535000000000047,0.5499999999999067,0.014999999999859681,1.0,,,39.0,,300,0.9962150363987333,,,,,True,KXMLBGAME-26JUL111915ATLSTL
KXMLBGAME-26JUL111915ATLSTL,2026-07-11T23:35:12Z,2026-07-11,0.5499999999999067,0.795000000000027,0.24500000000012034,1.0,,,104.0,,300,0.9962150363987333,,,,,True,KXMLBGAME-26JUL111915ATLSTL
KXMLBGAME-26JUL111915ATLSTL,2026-07-11T23:36:45Z,2026-07-11,0.795000000000027,0.795000000000027,0.0,1.0,,,197.0,,300,0.9962150363987333,,,,,True,KXMLBGAME-26JUL111915ATLSTL
KXMLBGAME-26JUL111915ATLSTL,2026-07-11T23:38:23Z,2026-07-11,0.795000000000027,0.795000000000027,0.0,1.0,,,295.0,,300,0.9962150363987333,,,,,True,KXMLBGAME-26JUL111915ATLSTL
KXMLBGAME-26JUL111915ATLSTL,2026-07-12T00:32:11Z,2026-07-12,0.9250000000003638,0.9250000000003638,0.0,1.0,,,109.0,,300,-0.3050045564448635,,,,,True,KXMLBGAME-26JUL111915ATLSTL
KXMLBGAME-26JUL111915ATLSTL,2026-07-12T00:34:04Z,2026-07-12,0.9250000000003638,0.9250000000003638,0.0,1.0,,,222.0,,300,-0.3050045564448635,,,,,True,KXMLBGAME-26JUL111915ATLSTL
KXMLBGAME-26JUL111915ATLSTL,2026-07-12T00:35:22Z,2026-07-12,0.9250000000003638,0.9250000000003638,0.0,1.0,,,300.0,,300,-0.3050045564448635,,,,,True,KXMLBGAME-26JUL111915ATLSTL
KXMLBGAME-26JUL111915ATLSTL,2026-07-12T01:01:32Z,2026-07-12,0.9399999999998523,0.9399999999998523,0.0,1.0,,,105.0,,300,0.06969565198883686,,,,,True,KXMLBGAME-26JUL111915ATLSTL
KXMLBGAME-26JUL111915ATLSTL,2026-07-12T01:03:22Z,2026-07-12,0.9399999999998523,0.9399999999998523,0.0,1.0,,,215.0,,300,0.06969565198883686,,,,,True,KXMLBGAME-26JUL111915ATLSTL
KXMLBGAME-26JUL111915ATLSTL,2026-07-12T01:03:27Z,2026-07-12,0.9399999999998523,0.9450000000004511,0.005000000000598859,1.0,,,220.0,,300,0.06969565198883686,,,,,True,KXMLBGAME-26JUL111915ATLSTL
KXMLBGAME-26JUL111915ATLSTL,2026-07-12T01:31:36Z,2026-07-12,0.9849999999994682,0.9749999999998834,-0.009999999999584785,1.0,,,51.0,,300,-0.5225066797071779,,,,,True,KXMLBGAME-26JUL111915ATLSTL
KXMLBGAME-26JUL111915ATLSTL,2026-07-12T01:34:19Z,2026-07-12,0.9749999999998834,,,1.0,,,214.0,,300,-0.5225066797071779,,,,,True,KXMLBGAME-26JUL111915ATLSTL
KXMLBGAME-26JUL112040TORSD,2026-07-11T01:50:37Z,2026-07-11,0.5250000000000091,0.5250000000000091,0.0,1.0,,,113.0,,300,0.9097076874399717,,,,,False,KXMLBGAME-26JUL112040TORSD
KXMLBGAME-26JUL112040TORSD,2026-07-11T01:52:02Z,2026-07-11,0.5250000000000091,0.5250000000000091,0.0,1.0,,,198.0,,300,0.9097076874399717,,,,,False,KXMLBGAME-26JUL112040TORSD
KXMLBGAME-26JUL112040TORSD,2026-07-11T01:53:17Z,2026-07-11,0.5250000000000091,0.5250000000000091,0.0,1.0,,,273.0,,300,0.9097076874399717,,,,,False,KXMLBGAME-26JUL112040TORSD
KXMLBGAME-26JUL112040TORSD,2026-07-11T02:10:38Z,2026-07-11,0.5250000000000091,0.5250000000000091,0.0,1.0,,,21.0,,300,0.909863280481051,,,,,False,KXMLBGAME-26JUL112040TORSD
KXMLBGAME-26JUL112040TORSD,2026-07-11T02:12:13Z,2026-07-11,0.5250000000000091,0.5250000000000091,0.0,1.0,,,116.0,,300,0.909863280481051,,,,,False,KXMLBGAME-26JUL112040TORSD
KXMLBGAME-26JUL112040TORSD,2026-07-11T02:13:38Z,2026-07-11,0.5250000000000091,0.5250000000000091,0.0,1.0,,,201.0,,300,0.909863280481051,,,,,False,KXMLBGAME-26JUL112040TORSD
KXMLBGAME-26JUL112040TORSD,2026-07-11T02:15:03Z,2026-07-11,0.5250000000000091,0.5250000000000091,0.0,1.0,,,286.0,,300,0.909863280481051,,,,,False,KXMLBGAME-26JUL112040TORSD
KXMLBGAME-26JUL112040TORSD,2026-07-11T02:33:06Z,2026-07-11,0.5250000000000091,0.5250000000000091,0.0,1.0,,,34.0,,300,-0.9879349616424042,,,,,False,KXMLBGAME-26JUL112040TORSD
KXMLBGAME-26JUL112040TORSD,2026-07-11T02:34:25Z,2026-07-11,0.5250000000000091,0.5250000000000091,0.0,1.0,,,113.0,,300,-0.9879349616424042,,,,,False,KXMLBGAME-26JUL112040TORSD
KXMLBGAME-26JUL112040TORSD,2026-07-11T02:35:47Z,2026-07-11,0.5250000000000091,0.5250000000000091,0.0,1.0,,,195.0,,300,-0.9879349616424042,,,,,False,KXMLBGAME-26JUL112040TORSD
KXMLBGAME-26JUL112040TORSD,2026-07-11T02:37:14Z,2026-07-11,0.5250000000000091,0.5250000000000091,0.0,1.0,,,282.0,,300,-0.9879349616424042,,,,,False,KXMLBGAME-26JUL112040TORSD
KXMLBGAME-26JUL112040TORSD,2026-07-11T02:55:22Z,2026-07-11,0.5250000000000091,0.5250000000000091,0.0,1.0,,,77.0,,300,-0.9879615573927315,,,,,False,KXMLBGAME-26JUL112040TORSD
KXMLBGAME-26JUL112040TORSD,2026-07-11T02:55:58Z,2026-07-11,0.5250000000000091,0.5250000000000091,0.0,1.0,,,113.0,,300,-0.9879615573927315,,,,,False,KXMLBGAME-26JUL112040TORSD
KXMLBGAME-26JUL112040TORSD,2026-07-11T02:57:17Z,2026-07-11,0.5250000000000091,0.5250000000000091,0.0,1.0,,,192.0,,300,-0.9879615573927315,,,,,False,KXMLBGAME-26JUL112040TORSD
KXMLBGAME-26JUL112040TORSD,2026-07-11T02:58:35Z,2026-07-11,0.5250000000000091,0.5250000000000091,0.0,1.0,,,270.0,,300,-0.9879615573927315,,,,,False,KXMLBGAME-26JUL112040TORSD
KXMLBGAME-26JUL112040TORSD,2026-07-11T03:17:03Z,2026-07-11,0.5250000000000091,0.5250000000000091,0.0,1.0,,,112.0,,300,-0.9882100759118173,,,,,False,KXMLBGAME-26JUL112040TORSD
KXMLBGAME-26JUL112040TORSD,2026-07-11T03:17:16Z,2026-07-11,0.5250000000000091,0.5250000000000091,0.0,1.0,,,125.0,,300,-0.9882100759118173,,,,,False,KXMLBGAME-26JUL112040TORSD
KXMLBGAME-26JUL112040TORSD,2026-07-11T03:18:24Z,2026-07-11,0.5250000000000091,0.5250000000000091,0.0,1.0,,,193.0,,300,-0.9882100759118173,,,,,False,KXMLBGAME-26JUL112040TORSD
KXMLBGAME-26JUL112040TORSD,2026-07-11T03:19:45Z,2026-07-11,0.5250000000000091,0.5250000000000091,0.0,1.0,,,274.0,,300,-0.9882100759118173,,,,,False,KXMLBGAME-26JUL112040TORSD
KXMLBGAME-26JUL112040TORSD,2026-07-11T03:38:43Z,2026-07-11,0.5250000000000091,0.5250000000000091,0.0,1.0,,,112.0,,300,-0.9883071722929261,,,,,False,KXMLBGAME-26JUL112040TORSD
KXMLBGAME-26JUL112040TORSD,2026-07-11T03:39:19Z,2026-07-11,0.5250000000000091,0.5250000000000091,0.0,1.0,,,148.0,,300,-0.9883071722929261,,,,,False,KXMLBGAME-26JUL112040TORSD
KXMLBGAME-26JUL112040TORSD,2026-07-11T03:40:09Z,2026-07-11,0.5250000000000091,0.5250000000000091,0.0,1.0,,,198.0,,300,-0.9883071722929261,,,,,False,KXMLBGAME-26JUL112040TORSD
KXMLBGAME-26JUL112040TORSD,2026-07-11T03:41:30Z,2026-07-11,0.5250000000000091,0.5250000000000091,0.0,1.0,,,279.0,,300,-0.9883071722929261,,,,,False,KXMLBGAME-26JUL112040TORSD
KXMLBGAME-26JUL112040TORSD,2026-07-11T03:59:48Z,2026-07-11,0.5250000000000091,0.5250000000000091,0.0,1.0,,,112.0,,300,-0.9887753487016077,,,,,False,KXMLBGAME-26JUL112040TORSD
KXMLBGAME-26JUL112040TORSD,2026-07-11T04:01:09Z,2026-07-11,0.5250000000000091,0.5250000000000091,0.0,1.0,,,193.0,,300,-0.9887753487016077,,,,,False,KXMLBGAME-26JUL112040TORSD
KXMLBGAME-26JUL112040TORSD,2026-07-11T04:01:12Z,2026-07-11,0.5250000000000091,0.5250000000000091,0.0,1.0,,,196.0,,300,-0.9887753487016077,,,,,False,KXMLBGAME-26JUL112040TORSD
KXMLBGAME-26JUL112040TORSD,2026-07-11T04:02:26Z,2026-07-11,0.5250000000000091,0.5250000000000091,0.0,1.0,,,270.0,,300,-0.9887753487016077,,,,,False,KXMLBGAME-26JUL112040TORSD
KXMLBGAME-26JUL112040TORSD,2026-07-11T04:21:05Z,2026-07-11,0.5250000000000091,0.5250000000000091,0.0,1.0,,,121.0,,300,-0.9896628874642663,,,,,False,KXMLBGAME-26JUL112040TORSD
KXMLBGAME-26JUL112040TORSD,2026-07-11T04:22:20Z,2026-07-11,0.5250000000000091,0.5250000000000091,0.0,1.0,,,196.0,,300,-0.9896628874642663,,,,,False,KXMLBGAME-26JUL112040TORSD
KXMLBGAME-26JUL112040TORSD,2026-07-11T04:22:56Z,2026-07-11,0.5250000000000091,0.5250000000000091,0.0,1.0,,,232.0,,300,-0.9896628874642663,,,,,False,KXMLBGAME-26JUL112040TORSD
KXMLBGAME-26JUL112040TORSD,2026-07-11T04:23:39Z,2026-07-11,0.5250000000000091,0.5250000000000091,0.0,1.0,,,275.0,,300,-0.9896628874642663,,,,,False,KXMLBGAME-26JUL112040TORSD
KXMLBGAME-26JUL112040TORSD,2026-07-12T01:01:32Z,2026-07-12,0.7599999999999999,0.774999999999719,0.014999999999719127,1.0,,,105.0,,300,-0.40735121910591576,,,,,False,KXMLBGAME-26JUL112040TORSD
KXMLBGAME-26JUL112040TORSD,2026-07-12T01:03:22Z,2026-07-12,0.774999999999719,0.774999999999719,0.0,1.0,,,215.0,,300,-0.40735121910591576,,,,,False,KXMLBGAME-26JUL112040TORSD
KXMLBGAME-26JUL112040TORSD,2026-07-12T01:03:27Z,2026-07-12,0.774999999999719,0.7449999999998795,-0.02999999999983949,1.0,,,220.0,,300,-0.40735121910591576,,,,,False,KXMLBGAME-26JUL112040TORSD
KXMLBGAME-26JUL112040TORSD,2026-07-12T01:32:29Z,2026-07-12,0.3549999999997582,0.40499999999988473,0.050000000000126554,1.0,,,104.0,,300,-0.33371721797751713,,,,,False,KXMLBGAME-26JUL112040TORSD
KXMLBGAME-26JUL112040TORSD,2026-07-12T01:34:19Z,2026-07-12,0.40499999999988473,0.5750000000000883,0.1700000000002036,1.0,,,214.0,,300,-0.33371721797751713,,,,,False,KXMLBGAME-26JUL112040TORSD
KXMLBGAME-26JUL112040TORSD,2026-07-12T02:04:42Z,2026-07-12,0.795000000000027,0.795000000000027,0.0,1.0,,,227.0,,300,-0.9387492224710706,,,,,False,KXMLBGAME-26JUL112040TORSD
KXMLBGAME-26JUL112040TORSD,2026-07-12T02:04:43Z,2026-07-12,0.795000000000027,0.74,-0.05500000000002703,1.0,,,228.0,,300,-0.9387492224710706,,,,,False,KXMLBGAME-26JUL112040TORSD
KXMLBGAME-26JUL112040TORSD,2026-07-12T02:31:33Z,2026-07-12,0.8749999999998768,0.8749999999998768,0.0,1.0,,,106.0,,300,-0.9969367837760608,,,,,False,KXMLBGAME-26JUL112040TORSD
KXMLBGAME-26JUL112040TORSD,2026-07-12T02:31:48Z,2026-07-12,0.8749999999998768,0.8849999999995775,0.009999999999700693,1.0,,,121.0,,300,-0.9969367837760608,,,,,False,KXMLBGAME-26JUL112040TORSD
KXMLBGAME-26JUL112040TORSD,2026-07-12T02:33:18Z,2026-07-12,0.8849999999995775,0.8950000000000502,0.010000000000472742,1.0,,,211.0,,300,-0.9969367837760608,,,,,False,KXMLBGAME-26JUL112040TORSD
KXMLBGAME-26JUL112040TORSD,2026-07-12T02:58:40Z,2026-07-12,0.6049999999999788,0.5650000000000963,-0.03999999999988246,1.0,,,19.0,,300,-0.16233409519551673,,,,,False,KXMLBGAME-26JUL112040TORSD
KXMLBGAME-26JUL112040TORSD,2026-07-12T03:00:06Z,2026-07-12,0.5650000000000963,0.5449999999999542,-0.020000000000142126,1.0,,,105.0,,300,-0.16233409519551673,,,,,False,KXMLBGAME-26JUL112040TORSD
KXMLBGAME-26JUL112040TORSD,2026-07-12T03:01:51Z,2026-07-12,0.5449999999999542,0.7449999999998795,0.19999999999992535,1.0,,,210.0,,300,-0.16233409519551673,,,,,False,KXMLBGAME-26JUL112040TORSD
KXMLBGAME-26JUL112040TORSD,2026-07-12T03:27:52Z,2026-07-12,0.71,0.8749999999998768,0.1649999999998768,1.0,,,98.0,,300,0.194765795753939,,,,,False,KXMLBGAME-26JUL112040TORSD
KXMLBGAME-26JUL112040TORSD,2026-07-12T03:29:34Z,2026-07-12,0.8749999999998768,0.8849999999995775,0.009999999999700693,1.0,,,200.0,,300,0.194765795753939,,,,,False,KXMLBGAME-26JUL112040TORSD
KXMLBGAME-26JUL112040TORSD,2026-07-12T03:30:47Z,2026-07-12,0.8849999999995775,0.8849999999995775,0.0,1.0,,,273.0,,300,0.194765795753939,,,,,False,KXMLBGAME-26JUL112040TORSD
KXMLBGAME-26JUL112110AZLAD,2026-07-11T02:33:06Z,2026-07-11,0.7150000000003277,0.7150000000003277,0.0,0.0,,,34.0,,300,-0.992355463354198,,,,,True,KXMLBGAME-26JUL112110AZLAD
KXMLBGAME-26JUL112110AZLAD,2026-07-11T02:34:25Z,2026-07-11,0.7150000000003277,0.7150000000003277,0.0,0.0,,,113.0,,300,-0.992355463354198,,,,,True,KXMLBGAME-26JUL112110AZLAD
KXMLBGAME-26JUL112110AZLAD,2026-07-11T02:35:47Z,2026-07-11,0.7150000000003277,0.7150000000003277,0.0,0.0,,,195.0,,300,-0.992355463354198,,,,,True,KXMLBGAME-26JUL112110AZLAD
KXMLBGAME-26JUL112110AZLAD,2026-07-11T02:37:14Z,2026-07-11,0.7150000000003277,0.7150000000003277,0.0,0.0,,,282.0,,300,-0.992355463354198,,,,,True,KXMLBGAME-26JUL112110AZLAD
KXMLBGAME-26JUL112110AZLAD,2026-07-11T03:17:03Z,2026-07-11,0.7150000000003277,0.7150000000003277,0.0,0.0,,,112.0,,300,-0.983460560918729,,,,,True,KXMLBGAME-26JUL112110AZLAD
KXMLBGAME-26JUL112110AZLAD,2026-07-11T03:17:16Z,2026-07-11,0.7150000000003277,0.7150000000003277,0.0,0.0,,,125.0,,300,-0.983460560918729,,,,,True,KXMLBGAME-26JUL112110AZLAD
KXMLBGAME-26JUL112110AZLAD,2026-07-11T03:18:24Z,2026-07-11,0.7150000000003277,0.7150000000003277,0.0,0.0,,,193.0,,300,-0.983460560918729,,,,,True,KXMLBGAME-26JUL112110AZLAD
KXMLBGAME-26JUL112110AZLAD,2026-07-11T03:19:45Z,2026-07-11,0.7150000000003277,0.7150000000003277,0.0,0.0,,,274.0,,300,-0.983460560918729,,,,,True,KXMLBGAME-26JUL112110AZLAD
KXMLBGAME-26JUL112110AZLAD,2026-07-11T03:38:43Z,2026-07-11,0.7100000000001774,0.7100000000001774,0.0,0.0,,,112.0,,300,-0.9858260463557929,,,,,True,KXMLBGAME-26JUL112110AZLAD
KXMLBGAME-26JUL112110AZLAD,2026-07-11T03:39:19Z,2026-07-11,0.7100000000001774,0.7100000000001774,0.0,0.0,,,148.0,,300,-0.9858260463557929,,,,,True,KXMLBGAME-26JUL112110AZLAD
KXMLBGAME-26JUL112110AZLAD,2026-07-11T03:40:09Z,2026-07-11,0.7100000000001774,0.7150000000003277,0.005000000000150329,0.0,,,198.0,,300,-0.9858260463557929,,,,,True,KXMLBGAME-26JUL112110AZLAD
KXMLBGAME-26JUL112110AZLAD,2026-07-11T03:41:30Z,2026-07-11,0.7150000000003277,0.7150000000003277,0.0,0.0,,,279.0,,300,-0.9858260463557929,,,,,True,KXMLBGAME-26JUL112110AZLAD
KXMLBGAME-26JUL112110AZLAD,2026-07-11T03:59:48Z,2026-07-11,0.7100000000001774,0.7100000000001774,0.0,0.0,,,112.0,,300,-0.9884911395392897,,,,,True,KXMLBGAME-26JUL112110AZLAD
KXMLBGAME-26JUL112110AZLAD,2026-07-11T04:01:09Z,2026-07-11,0.7100000000001774,0.7100000000001774,0.0,0.0,,,193.0,,300,-0.9884911395392897,,,,,True,KXMLBGAME-26JUL112110AZLAD
KXMLBGAME-26JUL112110AZLAD,2026-07-11T04:01:12Z,2026-07-11,0.7100000000001774,0.7100000000001774,0.0,0.0,,,196.0,,300,-0.9884911395392897,,,,,True,KXMLBGAME-26JUL112110AZLAD
KXMLBGAME-26JUL112110AZLAD,2026-07-11T04:02:26Z,2026-07-11,0.7100000000001774,0.7049999999996712,-0.005000000000506155,0.0,,,270.0,,300,-0.9884911395392897,,,,,True,KXMLBGAME-26JUL112110AZLAD
KXMLBGAME-26JUL112110AZLAD,2026-07-11T04:21:05Z,2026-07-11,0.7100000000001774,0.7100000000001774,0.0,0.0,,,121.0,,300,-0.9929505939551183,,,,,True,KXMLBGAME-26JUL112110AZLAD
KXMLBGAME-26JUL112110AZLAD,2026-07-11T04:22:56Z,2026-07-11,0.7100000000001774,0.7100000000001774,0.0,0.0,,,232.0,,300,-0.9929505939551183,,,,,True,KXMLBGAME-26JUL112110AZLAD
KXMLBGAME-26JUL112110AZLAD,2026-07-11T04:42:25Z,2026-07-11,0.7049999999996712,0.7049999999996712,0.0,0.0,,,125.0,,300,0.9555696169158162,,,,,True,KXMLBGAME-26JUL112110AZLAD
KXMLBGAME-26JUL112110AZLAD,2026-07-11T04:43:41Z,2026-07-11,0.7049999999996712,0.7049999999996712,0.0,0.0,,,201.0,,300,0.9555696169158162,,,,,True,KXMLBGAME-26JUL112110AZLAD
KXMLBGAME-26JUL112110AZLAD,2026-07-11T04:44:33Z,2026-07-11,0.7049999999996712,0.7049999999996712,0.0,0.0,,,253.0,,300,0.9555696169158162,,,,,True,KXMLBGAME-26JUL112110AZLAD
KXMLBGAME-26JUL112110AZLAD,2026-07-11T04:44:56Z,2026-07-11,0.7049999999996712,0.7049999999996712,0.0,0.0,,,276.0,,300,0.9555696169158162,,,,,True,KXMLBGAME-26JUL112110AZLAD
KXMLBGAME-26JUL112110AZLAD,2026-07-11T05:03:13Z,2026-07-11,0.71,0.71,0.0,0.0,,,118.0,,300,0.9629754015694809,,,,,True,KXMLBGAME-26JUL112110AZLAD
KXMLBGAME-26JUL112110AZLAD,2026-07-11T05:04:21Z,2026-07-11,0.71,0.7599999999999999,0.04999999999999993,0.0,,,186.0,,300,0.9629754015694809,,,,,True,KXMLBGAME-26JUL112110AZLAD
KXMLBGAME-26JUL112110AZLAD,2026-07-12T01:31:36Z,2026-07-12,0.7300000000003318,0.735000000000152,0.004999999999820148,0.0,,,51.0,,300,-0.46478901337599904,,,,,True,KXMLBGAME-26JUL112110AZLAD
KXMLBGAME-26JUL112110AZLAD,2026-07-12T01:32:29Z,2026-07-12,0.735000000000152,0.7249999999999551,-0.010000000000196851,0.0,,,104.0,,300,-0.46478901337599904,,,,,True,KXMLBGAME-26JUL112110AZLAD
KXMLBGAME-26JUL112110AZLAD,2026-07-12T01:34:19Z,2026-07-12,0.7249999999999551,0.7300000000003318,0.005000000000376703,0.0,,,214.0,,300,-0.46478901337599904,,,,,True,KXMLBGAME-26JUL112110AZLAD
KXMLBGAME-26JUL112110AZLAD,2026-07-12T02:02:39Z,2026-07-12,0.5750000000000883,0.6149999999999062,0.03999999999981785,0.0,,,104.0,,300,-0.8395709669287007,,,,,True,KXMLBGAME-26JUL112110AZLAD
KXMLBGAME-26JUL112110AZLAD,2026-07-12T02:04:42Z,2026-07-12,0.6149999999999062,0.6149999999999062,0.0,0.0,,,227.0,,300,-0.8395709669287007,,,,,True,KXMLBGAME-26JUL112110AZLAD
KXMLBGAME-26JUL112110AZLAD,2026-07-12T02:04:43Z,2026-07-12,0.6149999999999062,0.6049999999999788,-0.0099999999999274,0.0,,,228.0,,300,-0.8395709669287007,,,,,True,KXMLBGAME-26JUL112110AZLAD
KXMLBGAME-26JUL112110AZLAD,2026-07-12T02:31:33Z,2026-07-12,0.49500000000000105,0.49500000000000105,0.0,0.0,,,106.0,,300,-0.573431513333937,,,,,True,KXMLBGAME-26JUL112110AZLAD
KXMLBGAME-26JUL112110AZLAD,2026-07-12T02:31:48Z,2026-07-12,0.49500000000000105,0.49,-0.005000000000001059,0.0,,,121.0,,300,-0.573431513333937,,,,,True,KXMLBGAME-26JUL112110AZLAD
KXMLBGAME-26JUL112110AZLAD,2026-07-12T02:33:18Z,2026-07-12,0.49,0.46499999999995306,-0.02500000000004693,0.0,,,211.0,,300,-0.573431513333937,,,,,True,KXMLBGAME-26JUL112110AZLAD
KXMLBGAME-26JUL112110AZLAD,2026-07-12T02:58:40Z,2026-07-12,0.09500000000032009,0.10499999999994984,0.00999999999962975,0.0,,,19.0,,300,-0.31847990899191414,,,,,True,KXMLBGAME-26JUL112110AZLAD
KXMLBGAME-26JUL112110AZLAD,2026-07-12T03:00:06Z,2026-07-12,0.10499999999994984,0.21499999999989589,0.10999999999994604,0.0,,,105.0,,300,-0.31847990899191414,,,,,True,KXMLBGAME-26JUL112110AZLAD
KXMLBGAME-26JUL112110AZLAD,2026-07-12T03:01:51Z,2026-07-12,0.21499999999989589,0.20499999999997293,-0.00999999999992296,0.0,,,210.0,,300,-0.31847990899191414,,,,,True,KXMLBGAME-26JUL112110AZLAD
KXMLBGAME-26JUL112110AZLAD,2026-07-12T03:27:52Z,2026-07-12,0.034999999999701416,0.025000000000116544,-0.009999999999584872,0.0,,,98.0,,300,-0.734207017714073,,,,,True,KXMLBGAME-26JUL112110AZLAD
KXMLBGAME-26JUL112110AZLAD,2026-07-12T03:29:34Z,2026-07-12,0.025000000000116544,0.020000000000535888,-0.004999999999580656,0.0,,,200.0,,300,-0.734207017714073,,,,,True,KXMLBGAME-26JUL112110AZLAD
KXMLBGAME-26JUL112110AZLAD,2026-07-12T03:30:47Z,2026-07-12,0.020000000000535888,0.020000000000535888,0.0,0.0,,,273.0,,300,-0.734207017714073,,,,,True,KXMLBGAME-26JUL112110AZLAD
KXMLBGAME-26JUL121215MILPIT,2026-07-11T16:28:44Z,2026-07-11,0.4600000000000749,0.4600000000000749,0.0,1.0,,,109.0,,300,0.6758508914100486,,,,,False,KXMLBGAME-26JUL121215MILPIT
KXMLBGAME-26JUL121215MILPIT,2026-07-11T16:29:37Z,2026-07-11,0.4600000000000749,0.4600000000000749,0.0,1.0,,,162.0,,300,0.6758508914100486,,,,,False,KXMLBGAME-26JUL121215MILPIT
KXMLBGAME-26JUL121215MILPIT,2026-07-11T16:29:47Z,2026-07-11,0.4600000000000749,0.46499999999993896,0.004999999999864058,1.0,,,172.0,,300,0.6758508914100486,,,,,False,KXMLBGAME-26JUL121215MILPIT
KXMLBGAME-26JUL121215MILPIT,2026-07-11T16:30:51Z,2026-07-11,0.46499999999993896,0.46499999999993896,0.0,1.0,,,236.0,,300,0.6758508914100486,,,,,False,KXMLBGAME-26JUL121215MILPIT
KXMLBGAME-26JUL121215MILPIT,2026-07-11T16:31:55Z,2026-07-11,0.46499999999993896,0.46499999999993896,0.0,1.0,,,300.0,,300,0.6758508914100486,,,,,False,KXMLBGAME-26JUL121215MILPIT
KXMLBGAME-26JUL121215MILPIT,2026-07-11T16:45:25Z,2026-07-11,0.46499999999993896,0.46499999999993896,0.0,1.0,,,26.0,,300,-0.4433706996521067,,,,,False,KXMLBGAME-26JUL121215MILPIT
KXMLBGAME-26JUL121215MILPIT,2026-07-11T16:46:50Z,2026-07-11,0.46499999999993896,0.46499999999993896,0.0,1.0,,,111.0,,300,-0.4433706996521067,,,,,False,KXMLBGAME-26JUL121215MILPIT
KXMLBGAME-26JUL121215MILPIT,2026-07-11T16:47:59Z,2026-07-11,0.46499999999993896,0.46499999999993896,0.0,1.0,,,180.0,,300,-0.4433706996521067,,,,,False,KXMLBGAME-26JUL121215MILPIT
KXMLBGAME-26JUL121215MILPIT,2026-07-11T16:49:12Z,2026-07-11,0.46499999999993896,0.46499999999993896,0.0,1.0,,,253.0,,300,-0.4433706996521067,,,,,False,KXMLBGAME-26JUL121215MILPIT
KXMLBGAME-26JUL121215MILPIT,2026-07-11T17:04:51Z,2026-07-11,0.46499999999993896,0.46499999999993896,0.0,1.0,,,109.0,,300,-0.44508670520231214,,,,,False,KXMLBGAME-26JUL121215MILPIT
KXMLBGAME-26JUL121215MILPIT,2026-07-11T17:05:54Z,2026-07-11,0.46499999999993896,0.46499999999993896,0.0,1.0,,,172.0,,300,-0.44508670520231214,,,,,False,KXMLBGAME-26JUL121215MILPIT
KXMLBGAME-26JUL121215MILPIT,2026-07-11T17:06:41Z,2026-07-11,0.46499999999993896,0.46499999999993896,0.0,1.0,,,219.0,,300,-0.44508670520231214,,,,,False,KXMLBGAME-26JUL121215MILPIT
KXMLBGAME-26JUL121215MILPIT,2026-07-11T17:06:53Z,2026-07-11,0.46499999999993896,0.46499999999993896,0.0,1.0,,,231.0,,300,-0.44508670520231214,,,,,False,KXMLBGAME-26JUL121215MILPIT
KXMLBGAME-26JUL121215MILPIT,2026-07-11T17:07:59Z,2026-07-11,0.46499999999993896,0.46499999999993896,0.0,1.0,,,297.0,,300,-0.44508670520231214,,,,,False,KXMLBGAME-26JUL121215MILPIT
KXMLBGAME-26JUL121215MILPIT,2026-07-11T17:22:10Z,2026-07-11,0.48,0.48,0.0,1.0,,,112.0,,300,0.10271703114645461,,,,,False,KXMLBGAME-26JUL121215MILPIT
KXMLBGAME-26JUL121215MILPIT,2026-07-11T17:40:25Z,2026-07-11,0.48,0.48,0.0,1.0,,,109.0,,300,0.6168461817741739,,,,,False,KXMLBGAME-26JUL121215MILPIT
KXMLBGAME-26JUL121215MILPIT,2026-07-11T17:41:27Z,2026-07-11,0.48,0.48,0.0,1.0,,,171.0,,300,0.6168461817741739,,,,,False,KXMLBGAME-26JUL121215MILPIT
KXMLBGAME-26JUL121215MILPIT,2026-07-11T17:42:31Z,2026-07-11,0.48,0.48,0.0,1.0,,,235.0,,300,0.6168461817741739,,,,,False,KXMLBGAME-26JUL121215MILPIT
KXMLBGAME-26JUL121215MILPIT,2026-07-11T17:43:34Z,2026-07-11,0.48,0.48,0.0,1.0,,,298.0,,300,0.6168461817741739,,,,,False,KXMLBGAME-26JUL121215MILPIT
KXMLBGAME-26JUL121215MILPIT,2026-07-11T17:57:54Z,2026-07-11,0.47499999999999093,0.47499999999999093,0.0,1.0,,,112.0,,300,0.3839685712316493,,,,,False,KXMLBGAME-26JUL121215MILPIT
KXMLBGAME-26JUL121215MILPIT,2026-07-11T17:58:55Z,2026-07-11,0.47499999999999093,0.47499999999999093,0.0,1.0,,,173.0,,300,0.3839685712316493,,,,,False,KXMLBGAME-26JUL121215MILPIT
KXMLBGAME-26JUL121215MILPIT,2026-07-11T17:59:19Z,2026-07-11,0.47499999999999093,0.47499999999999093,0.0,1.0,,,197.0,,300,0.3839685712316493,,,,,False,KXMLBGAME-26JUL121215MILPIT
KXMLBGAME-26JUL121215MILPIT,2026-07-11T18:00:06Z,2026-07-11,0.47499999999999093,0.4699999999999821,-0.005000000000008831,1.0,,,244.0,,300,0.3839685712316493,,,,,False,KXMLBGAME-26JUL121215MILPIT
KXMLBGAME-26JUL121215MILPIT,2026-07-11T18:51:18Z,2026-07-11,0.45500000000004576,0.45500000000004576,0.0,1.0,,,108.0,,300,-0.335448064507087,,,,,False,KXMLBGAME-26JUL121215MILPIT
KXMLBGAME-26JUL121215MILPIT,2026-07-11T18:52:19Z,2026-07-11,0.45500000000004576,0.45500000000004576,0.0,1.0,,,169.0,,300,-0.335448064507087,,,,,False,KXMLBGAME-26JUL121215MILPIT
KXMLBGAME-26JUL121215MILPIT,2026-07-11T18:52:45Z,2026-07-11,0.45500000000004576,0.45500000000004576,0.0,1.0,,,195.0,,300,-0.335448064507087,,,,,False,KXMLBGAME-26JUL121215MILPIT
KXMLBGAME-26JUL121215MILPIT,2026-07-11T18:53:22Z,2026-07-11,0.45500000000004576,0.45500000000004576,0.0,1.0,,,232.0,,300,-0.335448064507087,,,,,False,KXMLBGAME-26JUL121215MILPIT
KXMLBGAME-26JUL121215MILPIT,2026-07-11T18:54:22Z,2026-07-11,0.45500000000004576,0.45500000000004576,0.0,1.0,,,292.0,,300,-0.335448064507087,,,,,False,KXMLBGAME-26JUL121215MILPIT
KXMLBGAME-26JUL121215MILPIT,2026-07-12T16:23:42Z,2026-07-12,0.5950000000001153,0.5750000000000883,-0.020000000000026996,1.0,,,25.0,,300,-0.42853997834216506,,,,,False,KXMLBGAME-26JUL121215MILPIT
KXMLBGAME-26JUL121215MILPIT,2026-07-12T16:25:00Z,2026-07-12,0.5750000000000883,0.5650000000000963,-0.009999999999992015,1.0,,,103.0,,300,-0.42853997834216506,,,,,False,KXMLBGAME-26JUL121215MILPIT
KXMLBGAME-26JUL121215MILPIT,2026-07-12T16:26:17Z,2026-07-12,0.5650000000000963,0.5750000000000883,0.009999999999992015,1.0,,,180.0,,300,-0.42853997834216506,,,,,False,KXMLBGAME-26JUL121215MILPIT
KXMLBGAME-26JUL121215MILPIT,2026-07-12T16:27:31Z,2026-07-12,0.5750000000000883,0.5600000000000582,-0.0150000000000301,1.0,,,254.0,,300,-0.42853997834216506,,,,,False,KXMLBGAME-26JUL121215MILPIT
KXMLBGAME-26JUL121215MILPIT,2026-07-12T16:46:29Z,2026-07-12,0.90499999999968,0.90499999999968,0.0,1.0,,,104.0,,300,-0.16418099157991017,,,,,False,KXMLBGAME-26JUL121215MILPIT
KXMLBGAME-26JUL121215MILPIT,2026-07-12T16:47:42Z,2026-07-12,0.90499999999968,0.90499999999968,0.0,1.0,,,177.0,,300,-0.16418099157991017,,,,,False,KXMLBGAME-26JUL121215MILPIT
KXMLBGAME-26JUL121215MILPIT,2026-07-12T16:48:55Z,2026-07-12,0.90499999999968,0.9000000000004893,-0.004999999999190652,1.0,,,250.0,,300,-0.16418099157991017,,,,,False,KXMLBGAME-26JUL121215MILPIT
KXMLBGAME-26JUL121215MILPIT,2026-07-12T16:49:29Z,2026-07-12,0.9000000000004893,0.9000000000004893,0.0,1.0,,,284.0,,300,-0.16418099157991017,,,,,False,KXMLBGAME-26JUL121215MILPIT
KXMLBGAME-26JUL121215MILPIT,2026-07-12T17:04:59Z,2026-07-12,0.90499999999968,0.90499999999968,0.0,1.0,,,15.0,,300,-0.2966427793148968,,,,,False,KXMLBGAME-26JUL121215MILPIT
KXMLBGAME-26JUL121215MILPIT,2026-07-12T17:06:27Z,2026-07-12,0.90499999999968,0.8749999999998768,-0.029999999999803184,1.0,,,103.0,,300,-0.2966427793148968,,,,,False,KXMLBGAME-26JUL121215MILPIT
KXMLBGAME-26JUL121215MILPIT,2026-07-12T17:07:39Z,2026-07-12,0.8749999999998768,0.8749999999998768,0.0,1.0,,,175.0,,300,-0.2966427793148968,,,,,False,KXMLBGAME-26JUL121215MILPIT
KXMLBGAME-26JUL121215MILPIT,2026-07-12T17:08:49Z,2026-07-12,0.8749999999998768,0.8249999999995936,-0.05000000000028315,1.0,,,245.0,,300,-0.2966427793148968,,,,,False,KXMLBGAME-26JUL121215MILPIT
KXMLBGAME-26JUL121215MILPIT,2026-07-12T17:25:42Z,2026-07-12,0.9350000000001147,0.9399999999998523,0.004999999999737548,1.0,,,72.0,,300,-0.1349058597222425,,,,,False,KXMLBGAME-26JUL121215MILPIT
KXMLBGAME-26JUL121215MILPIT,2026-07-12T17:26:19Z,2026-07-12,0.9399999999998523,0.9350000000001147,-0.004999999999737548,1.0,,,109.0,,300,-0.1349058597222425,,,,,False,KXMLBGAME-26JUL121215MILPIT
KXMLBGAME-26JUL121215MILPIT,2026-07-12T17:27:35Z,2026-07-12,0.9350000000001147,0.9399999999998523,0.004999999999737548,1.0,,,185.0,,300,-0.1349058597222425,,,,,False,KXMLBGAME-26JUL121215MILPIT
KXMLBGAME-26JUL121215MILPIT,2026-07-12T17:28:50Z,2026-07-12,0.9399999999998523,0.9450000000004511,0.005000000000598859,1.0,,,260.0,,300,-0.1349058597222425,,,,,False,KXMLBGAME-26JUL121215MILPIT
KXMLBGAME-26JUL121335KCBAL,2026-07-11T23:10:19Z,2026-07-11,0.5699999999999625,0.5699999999999625,0.0,1.0,,,105.0,,300,-0.47269761854647707,,,,,True,KXMLBGAME-26JUL121335KCBAL
KXMLBGAME-26JUL121335KCBAL,2026-07-11T23:11:48Z,2026-07-11,0.5699999999999625,0.5699999999999625,0.0,1.0,,,194.0,,300,-0.47269761854647707,,,,,True,KXMLBGAME-26JUL121335KCBAL
KXMLBGAME-26JUL121335KCBAL,2026-07-11T23:12:11Z,2026-07-11,0.5699999999999625,0.5699999999999625,0.0,1.0,,,217.0,,300,-0.47269761854647707,,,,,True,KXMLBGAME-26JUL121335KCBAL
KXMLBGAME-26JUL121335KCBAL,2026-07-11T23:13:15Z,2026-07-11,0.5699999999999625,0.5699999999999625,0.0,1.0,,,281.0,,300,-0.47269761854647707,,,,,True,KXMLBGAME-26JUL121335KCBAL
KXMLBGAME-26JUL121335KCBAL,2026-07-11T23:34:07Z,2026-07-11,0.5699999999999625,0.5699999999999625,0.0,1.0,,,39.0,,300,-0.4689656624773194,,,,,True,KXMLBGAME-26JUL121335KCBAL
KXMLBGAME-26JUL121335KCBAL,2026-07-11T23:35:12Z,2026-07-11,0.5699999999999625,0.5699999999999625,0.0,1.0,,,104.0,,300,-0.4689656624773194,,,,,True,KXMLBGAME-26JUL121335KCBAL
KXMLBGAME-26JUL121335KCBAL,2026-07-11T23:36:45Z,2026-07-11,0.5699999999999625,0.5699999999999625,0.0,1.0,,,197.0,,300,-0.4689656624773194,,,,,True,KXMLBGAME-26JUL121335KCBAL
KXMLBGAME-26JUL121335KCBAL,2026-07-11T23:38:23Z,2026-07-11,0.5699999999999625,0.5699999999999625,0.0,1.0,,,295.0,,300,-0.4689656624773194,,,,,True,KXMLBGAME-26JUL121335KCBAL
KXMLBGAME-26JUL121335KCBAL,2026-07-12T00:01:38Z,2026-07-12,0.5750000000000883,0.5750000000000883,0.0,1.0,,,94.0,,300,-0.9938849198805995,,,,,True,KXMLBGAME-26JUL121335KCBAL
KXMLBGAME-26JUL121335KCBAL,2026-07-12T00:01:48Z,2026-07-12,0.5750000000000883,0.5750000000000883,0.0,1.0,,,104.0,,300,-0.9938849198805995,,,,,True,KXMLBGAME-26JUL121335KCBAL
KXMLBGAME-26JUL121335KCBAL,2026-07-12T00:32:11Z,2026-07-12,0.5750000000000883,0.5750000000000883,0.0,1.0,,,109.0,,300,-0.21071532844336135,,,,,True,KXMLBGAME-26JUL121335KCBAL
KXMLBGAME-26JUL121335KCBAL,2026-07-12T00:34:04Z,2026-07-12,0.5750000000000883,0.5750000000000883,0.0,1.0,,,222.0,,300,-0.21071532844336135,,,,,True,KXMLBGAME-26JUL121335KCBAL
KXMLBGAME-26JUL121335KCBAL,2026-07-12T00:35:22Z,2026-07-12,0.5750000000000883,0.5750000000000883,0.0,1.0,,,300.0,,300,-0.21071532844336135,,,,,True,KXMLBGAME-26JUL121335KCBAL
KXMLBGAME-26JUL121335KCBAL,2026-07-12T01:01:32Z,2026-07-12,0.5750000000000883,0.5750000000000883,0.0,1.0,,,105.0,,300,0.8926464041318559,,,,,True,KXMLBGAME-26JUL121335KCBAL
KXMLBGAME-26JUL121335KCBAL,2026-07-12T01:03:22Z,2026-07-12,0.5750000000000883,0.5750000000000883,0.0,1.0,,,215.0,,300,0.8926464041318559,,,,,True,KXMLBGAME-26JUL121335KCBAL
KXMLBGAME-26JUL121335KCBAL,2026-07-12T01:03:27Z,2026-07-12,0.5750000000000883,0.5750000000000883,0.0,1.0,,,220.0,,300,0.8926464041318559,,,,,True,KXMLBGAME-26JUL121335KCBAL
KXMLBGAME-26JUL121335KCBAL,2026-07-12T17:46:36Z,2026-07-12,0.6250000000001539,0.6250000000001539,0.0,1.0,,,46.0,,300,0.24327454542540589,,,,,True,KXMLBGAME-26JUL121335KCBAL
KXMLBGAME-26JUL121335KCBAL,2026-07-12T17:47:33Z,2026-07-12,0.6250000000001539,0.6250000000001539,0.0,1.0,,,103.0,,300,0.24327454542540589,,,,,True,KXMLBGAME-26JUL121335KCBAL
KXMLBGAME-26JUL121335KCBAL,2026-07-12T17:49:07Z,2026-07-12,0.6250000000001539,0.6650000000002556,0.04000000000010173,1.0,,,197.0,,300,0.24327454542540589,,,,,True,KXMLBGAME-26JUL121335KCBAL
KXMLBGAME-26JUL121335KCBAL,2026-07-12T17:50:40Z,2026-07-12,0.6650000000002556,0.6850000000000235,0.01999999999976787,1.0,,,290.0,,300,0.24327454542540589,,,,,True,KXMLBGAME-26JUL121335KCBAL
KXMLBGAME-26JUL121335KCBAL,2026-07-12T18:14:01Z,2026-07-12,0.5149999999999793,0.5149999999999793,0.0,1.0,,,103.0,,300,-0.8337573464787621,,,,,True,KXMLBGAME-26JUL121335KCBAL
KXMLBGAME-26JUL121335KCBAL,2026-07-12T18:14:18Z,2026-07-12,0.5149999999999793,0.6899999999998986,0.17499999999991933,1.0,,,120.0,,300,-0.8337573464787621,,,,,True,KXMLBGAME-26JUL121335KCBAL
KXMLBGAME-26JUL121335KCBAL,2026-07-12T18:17:16Z,2026-07-12,0.6899999999998986,0.7199999999997393,0.02999999999984071,1.0,,,298.0,,300,-0.8337573464787621,,,,,True,KXMLBGAME-26JUL121335KCBAL
KXMLBGAME-26JUL121335KCBAL,2026-07-12T18:41:10Z,2026-07-12,0.6149999999999062,0.6250000000001539,0.0100000000002477,1.0,,,104.0,,300,-0.9914060103206956,,,,,True,KXMLBGAME-26JUL121335KCBAL
KXMLBGAME-26JUL121335KCBAL,2026-07-12T18:42:35Z,2026-07-12,0.6250000000001539,0.6250000000001539,0.0,1.0,,,189.0,,300,-0.9914060103206956,,,,,True,KXMLBGAME-26JUL121335KCBAL
KXMLBGAME-26JUL121335KCBAL,2026-07-12T18:42:50Z,2026-07-12,0.6250000000001539,0.5849999999999682,-0.040000000000185665,1.0,,,204.0,,300,-0.9914060103206956,,,,,True,KXMLBGAME-26JUL121335KCBAL
KXMLBGAME-26JUL121335KCBAL,2026-07-12T19:10:08Z,2026-07-12,0.5549999999999649,0.5549999999999649,0.0,1.0,,,200.0,,300,0.9977804675223211,,,,,True,KXMLBGAME-26JUL121335KCBAL
KXMLBGAME-26JUL121335KCBAL,2026-07-12T19:10:43Z,2026-07-12,0.5549999999999649,0.5549999999999649,0.0,1.0,,,235.0,,300,0.9977804675223211,,,,,True,KXMLBGAME-26JUL121335KCBAL
KXMLBGAME-26JUL121335KCBAL,2026-07-12T19:11:47Z,2026-07-12,0.5549999999999649,0.5699999999999625,0.014999999999997682,1.0,,,299.0,,300,0.9977804675223211,,,,,True,KXMLBGAME-26JUL121335KCBAL
KXMLBGAME-26JUL121335KCBAL,2026-07-12T19:36:51Z,2026-07-12,0.6399999999998525,0.8249999999995936,0.18499999999974115,1.0,,,103.0,,300,-0.8309859154929577,,,,,True,KXMLBGAME-26JUL121335KCBAL
KXMLBGAME-26JUL121335KCBAL,2026-07-12T19:38:36Z,2026-07-12,0.8249999999995936,0.8100000000003617,-0.014999999999231961,1.0,,,208.0,,300,-0.8309859154929577,,,,,True,KXMLBGAME-26JUL121335KCBAL
KXMLBGAME-26JUL121335KCBAL,2026-07-12T19:39:18Z,2026-07-12,0.8100000000003617,0.8999999999999999,0.08999999999963826,1.0,,,250.0,,300,-0.8309859154929577,,,,,True,KXMLBGAME-26JUL121335KCBAL
KXMLBGAME-26JUL121335NYYWSH,2026-07-11T00:15:16Z,2026-07-11,0.4850000000000207,0.4850000000000207,0.0,0.0,,,112.0,,300,-0.9245283018867925,,,,,False,KXMLBGAME-26JUL121335NYYWSH
KXMLBGAME-26JUL121335NYYWSH,2026-07-11T00:16:49Z,2026-07-11,0.4850000000000207,0.4850000000000207,0.0,0.0,,,205.0,,300,-0.9245283018867925,,,,,False,KXMLBGAME-26JUL121335NYYWSH
KXMLBGAME-26JUL121335NYYWSH,2026-07-11T00:17:16Z,2026-07-11,0.4850000000000207,0.4850000000000207,0.0,0.0,,,232.0,,300,-0.9245283018867925,,,,,False,KXMLBGAME-26JUL121335NYYWSH
KXMLBGAME-26JUL121335NYYWSH,2026-07-11T00:18:23Z,2026-07-11,0.4850000000000207,0.4850000000000207,0.0,0.0,,,299.0,,300,-0.9245283018867925,,,,,False,KXMLBGAME-26JUL121335NYYWSH
KXMLBGAME-26JUL121335NYYWSH,2026-07-11T01:50:37Z,2026-07-11,0.4699999999999821,0.4699999999999821,0.0,0.0,,,113.0,,300,-0.171334431630972,,,,,False,KXMLBGAME-26JUL121335NYYWSH
KXMLBGAME-26JUL121335NYYWSH,2026-07-11T01:52:02Z,2026-07-11,0.4699999999999821,0.4699999999999821,0.0,0.0,,,198.0,,300,-0.171334431630972,,,,,False,KXMLBGAME-26JUL121335NYYWSH
KXMLBGAME-26JUL121335NYYWSH,2026-07-11T01:53:17Z,2026-07-11,0.4699999999999821,0.4699999999999821,0.0,0.0,,,273.0,,300,-0.171334431630972,,,,,False,KXMLBGAME-26JUL121335NYYWSH
KXMLBGAME-26JUL121335NYYWSH,2026-07-11T20:16:38Z,2026-07-11,0.45500000000004576,0.45500000000004576,0.0,0.0,,,108.0,,300,-0.4661983385134433,,,,,False,KXMLBGAME-26JUL121335NYYWSH
KXMLBGAME-26JUL121335NYYWSH,2026-07-11T20:17:33Z,2026-07-11,0.45500000000004576,0.45500000000004576,0.0,0.0,,,163.0,,300,-0.4661983385134433,,,,,False,KXMLBGAME-26JUL121335NYYWSH
KXMLBGAME-26JUL121335NYYWSH,2026-07-11T20:18:10Z,2026-07-11,0.45500000000004576,0.45500000000004576,0.0,0.0,,,200.0,,300,-0.4661983385134433,,,,,False,KXMLBGAME-26JUL121335NYYWSH
KXMLBGAME-26JUL121335NYYWSH,2026-07-11T20:19:42Z,2026-07-11,0.45500000000004576,0.45500000000004576,0.0,0.0,,,292.0,,300,-0.4661983385134433,,,,,False,KXMLBGAME-26JUL121335NYYWSH
KXMLBGAME-26JUL121335NYYWSH,2026-07-11T20:39:26Z,2026-07-11,0.45500000000004576,0.45500000000004576,0.0,0.0,,,110.0,,300,-0.48925698499112,,,,,False,KXMLBGAME-26JUL121335NYYWSH
KXMLBGAME-26JUL121335NYYWSH,2026-07-11T20:40:16Z,2026-07-11,0.45500000000004576,0.45500000000004576,0.0,0.0,,,160.0,,300,-0.48925698499112,,,,,False,KXMLBGAME-26JUL121335NYYWSH
KXMLBGAME-26JUL121335NYYWSH,2026-07-11T20:40:54Z,2026-07-11,0.45500000000004576,0.45500000000004576,0.0,0.0,,,198.0,,300,-0.48925698499112,,,,,False,KXMLBGAME-26JUL121335NYYWSH
KXMLBGAME-26JUL121335NYYWSH,2026-07-11T20:42:15Z,2026-07-11,0.45500000000004576,0.45500000000004576,0.0,0.0,,,279.0,,300,-0.48925698499112,,,,,False,KXMLBGAME-26JUL121335NYYWSH
KXMLBGAME-26JUL121335NYYWSH,2026-07-11T21:02:45Z,2026-07-11,0.45500000000004576,0.45500000000004576,0.0,0.0,,,137.0,,300,-0.4873212825032546,,,,,False,KXMLBGAME-26JUL121335NYYWSH
KXMLBGAME-26JUL121335NYYWSH,2026-07-11T21:03:58Z,2026-07-11,0.45500000000004576,0.45500000000004576,0.0,0.0,,,210.0,,300,-0.4873212825032546,,,,,False,KXMLBGAME-26JUL121335NYYWSH
KXMLBGAME-26JUL121335NYYWSH,2026-07-11T21:05:27Z,2026-07-11,0.45500000000004576,0.45500000000004576,0.0,0.0,,,299.0,,300,-0.4873212825032546,,,,,False,KXMLBGAME-26JUL121335NYYWSH
KXMLBGAME-26JUL121335NYYWSH,2026-07-11T21:30:30Z,2026-07-11,0.45500000000004576,0.45500000000004576,0.0,0.0,,,193.0,,300,-0.42305867843081446,,,,,False,KXMLBGAME-26JUL121335NYYWSH
KXMLBGAME-26JUL121335NYYWSH,2026-07-11T21:31:28Z,2026-07-11,0.45500000000004576,0.45500000000004576,0.0,0.0,,,251.0,,300,-0.42305867843081446,,,,,False,KXMLBGAME-26JUL121335NYYWSH
KXMLBGAME-26JUL121335NYYWSH,2026-07-11T21:32:06Z,2026-07-11,0.45500000000004576,0.45500000000004576,0.0,0.0,,,289.0,,300,-0.42305867843081446,,,,,False,KXMLBGAME-26JUL121335NYYWSH
KXMLBGAME-26JUL121335NYYWSH,2026-07-11T21:54:00Z,2026-07-11,0.45500000000004576,0.45500000000004576,0.0,0.0,,,77.0,,300,-0.41101137596049564,,,,,False,KXMLBGAME-26JUL121335NYYWSH
KXMLBGAME-26JUL121335NYYWSH,2026-07-11T21:54:33Z,2026-07-11,0.45500000000004576,0.45500000000004576,0.0,0.0,,,110.0,,300,-0.41101137596049564,,,,,False,KXMLBGAME-26JUL121335NYYWSH
KXMLBGAME-26JUL121335NYYWSH,2026-07-11T21:56:01Z,2026-07-11,0.45500000000004576,0.45500000000004576,0.0,0.0,,,198.0,,300,-0.41101137596049564,,,,,False,KXMLBGAME-26JUL121335NYYWSH
KXMLBGAME-26JUL121335NYYWSH,2026-07-11T21:57:28Z,2026-07-11,0.45500000000004576,0.46,0.004999999999954263,0.0,,,285.0,,300,-0.41101137596049564,,,,,False,KXMLBGAME-26JUL121335NYYWSH
KXMLBGAME-26JUL121335NYYWSH,2026-07-12T17:46:36Z,2026-07-12,0.6650000000002556,0.6949999999997953,0.029999999999539728,0.0,,,46.0,,300,0.6905579356562984,,,,,False,KXMLBGAME-26JUL121335NYYWSH
KXMLBGAME-26JUL121335NYYWSH,2026-07-12T17:47:33Z,2026-07-12,0.6949999999997953,0.6949999999997953,0.0,0.0,,,103.0,,300,0.6905579356562984,,,,,False,KXMLBGAME-26JUL121335NYYWSH
KXMLBGAME-26JUL121335NYYWSH,2026-07-12T17:49:07Z,2026-07-12,0.6949999999997953,0.6450000000002418,-0.04999999999955351,0.0,,,197.0,,300,0.6905579356562984,,,,,False,KXMLBGAME-26JUL121335NYYWSH
KXMLBGAME-26JUL121335NYYWSH,2026-07-12T17:50:40Z,2026-07-12,0.6450000000002418,0.6250000000001539,-0.020000000000087947,0.0,,,290.0,,300,0.6905579356562984,,,,,False,KXMLBGAME-26JUL121335NYYWSH
KXMLBGAME-26JUL121335NYYWSH,2026-07-12T18:14:01Z,2026-07-12,0.6149999999999062,0.6149999999999062,0.0,0.0,,,103.0,,300,0.9437972085696125,,,,,False,KXMLBGAME-26JUL121335NYYWSH
KXMLBGAME-26JUL121335NYYWSH,2026-07-12T18:14:18Z,2026-07-12,0.6149999999999062,0.6349999999999364,0.020000000000030216,0.0,,,120.0,,300,0.9437972085696125,,,,,False,KXMLBGAME-26JUL121335NYYWSH
KXMLBGAME-26JUL121335NYYWSH,2026-07-12T18:15:42Z,2026-07-12,0.6349999999999364,0.6550000000002069,0.020000000000270468,0.0,,,204.0,,300,0.9437972085696125,,,,,False,KXMLBGAME-26JUL121335NYYWSH
KXMLBGAME-26JUL121335NYYWSH,2026-07-12T18:17:16Z,2026-07-12,0.6550000000002069,0.6650000000002556,0.010000000000048748,0.0,,,298.0,,300,0.9437972085696125,,,,,False,KXMLBGAME-26JUL121335NYYWSH
KXMLBGAME-26JUL121335NYYWSH,2026-07-12T18:41:10Z,2026-07-12,0.6250000000001539,0.5549999999999649,-0.07000000000018902,0.0,,,104.0,,300,-0.9961240310077519,,,,,False,KXMLBGAME-26JUL121335NYYWSH
KXMLBGAME-26JUL121335NYYWSH,2026-07-12T19:08:31Z,2026-07-12,0.32000000000019946,0.3150000000001714,-0.005000000000028038,0.0,,,103.0,,300,-0.6466141515351685,,,,,False,KXMLBGAME-26JUL121335NYYWSH
KXMLBGAME-26JUL121335NYYWSH,2026-07-12T19:10:08Z,2026-07-12,0.3150000000001714,0.34,0.024999999999828604,0.0,,,200.0,,300,-0.6466141515351685,,,,,False,KXMLBGAME-26JUL121335NYYWSH
KXMLBGAME-26JUL121335NYYWSH,2026-07-12T19:10:43Z,2026-07-12,0.34,0.34,0.0,0.0,,,235.0,,300,-0.6466141515351685,,,,,False,KXMLBGAME-26JUL121335NYYWSH
KXMLBGAME-26JUL121335NYYWSH,2026-07-12T19:11:47Z,2026-07-12,0.34,0.36500000000006355,0.025000000000063527,0.0,,,299.0,,300,-0.6466141515351685,,,,,False,KXMLBGAME-26JUL121335NYYWSH
KXMLBGAME-26JUL121335NYYWSH,2026-07-12T19:36:51Z,2026-07-12,0.5449999999999542,0.535000000000047,-0.009999999999907194,0.0,,,103.0,,300,-0.9607371173488571,,,,,False,KXMLBGAME-26JUL121335NYYWSH
KXMLBGAME-26JUL121335NYYWSH,2026-07-12T19:38:36Z,2026-07-12,0.535000000000047,0.7549999999996772,0.21999999999963016,0.0,,,208.0,,300,-0.9607371173488571,,,,,False,KXMLBGAME-26JUL121335NYYWSH
KXMLBGAME-26JUL121335NYYWSH,2026-07-12T19:39:18Z,2026-07-12,0.7549999999996772,0.7549999999996772,0.0,0.0,,,250.0,,300,-0.9607371173488571,,,,,False,KXMLBGAME-26JUL121335NYYWSH
KXMLBGAME-26JUL121335NYYWSH,2026-07-12T20:04:25Z,2026-07-12,0.21499999999989589,0.18,-0.03499999999989589,0.0,,,104.0,,300,-0.9617348482087019,,,,,False,KXMLBGAME-26JUL121335NYYWSH
KXMLBGAME-26JUL121335NYYWSH,2026-07-12T20:05:59Z,2026-07-12,0.18,0.17,-0.009999999999999981,0.0,,,198.0,,300,-0.9617348482087019,,,,,False,KXMLBGAME-26JUL121335NYYWSH
KXMLBGAME-26JUL121335NYYWSH,2026-07-12T20:07:22Z,2026-07-12,0.17,0.17,0.0,0.0,,,281.0,,300,-0.9617348482087019,,,,,False,KXMLBGAME-26JUL121335NYYWSH
KXMLBGAME-26JUL121335NYYWSH,2026-07-12T20:07:38Z,2026-07-12,0.17,0.14499999999982377,-0.025000000000176242,0.0,,,297.0,,300,-0.9617348482087019,,,,,False,KXMLBGAME-26JUL121335NYYWSH
KXMLBGAME-26JUL121335NYYWSH,2026-07-12T20:30:29Z,2026-07-12,0.015000000000531725,,,0.0,,,104.0,,300,-0.9988241738106273,,,,,False,KXMLBGAME-26JUL121335NYYWSH
KXMLBGAME-26JUL121340BOSNYM,2026-07-11T20:16:38Z,2026-07-11,0.5300000000000179,0.5300000000000179,0.0,0.0,,,108.0,,300,-0.9957642574368982,,,,,True,KXMLBGAME-26JUL121340BOSNYM
KXMLBGAME-26JUL121340BOSNYM,2026-07-11T20:17:33Z,2026-07-11,0.5300000000000179,0.5300000000000179,0.0,0.0,,,163.0,,300,-0.9957642574368982,,,,,True,KXMLBGAME-26JUL121340BOSNYM
KXMLBGAME-26JUL121340BOSNYM,2026-07-11T20:18:10Z,2026-07-11,0.5300000000000179,0.5300000000000179,0.0,0.0,,,200.0,,300,-0.9957642574368982,,,,,True,KXMLBGAME-26JUL121340BOSNYM
KXMLBGAME-26JUL121340BOSNYM,2026-07-11T20:19:42Z,2026-07-11,0.5300000000000179,0.5300000000000179,0.0,0.0,,,292.0,,300,-0.9957642574368982,,,,,True,KXMLBGAME-26JUL121340BOSNYM
KXMLBGAME-26JUL121340BOSNYM,2026-07-11T20:39:26Z,2026-07-11,0.5300000000000179,0.5300000000000179,0.0,0.0,,,110.0,,300,-0.9961408569802989,,,,,True,KXMLBGAME-26JUL121340BOSNYM
KXMLBGAME-26JUL121340BOSNYM,2026-07-11T20:40:16Z,2026-07-11,0.5300000000000179,0.5300000000000179,0.0,0.0,,,160.0,,300,-0.9961408569802989,,,,,True,KXMLBGAME-26JUL121340BOSNYM
KXMLBGAME-26JUL121340BOSNYM,2026-07-11T20:40:54Z,2026-07-11,0.5300000000000179,0.5300000000000179,0.0,0.0,,,198.0,,300,-0.9961408569802989,,,,,True,KXMLBGAME-26JUL121340BOSNYM
KXMLBGAME-26JUL121340BOSNYM,2026-07-11T20:42:15Z,2026-07-11,0.5300000000000179,0.5300000000000179,0.0,0.0,,,279.0,,300,-0.9961408569802989,,,,,True,KXMLBGAME-26JUL121340BOSNYM
KXMLBGAME-26JUL121340BOSNYM,2026-07-11T21:02:45Z,2026-07-11,0.5300000000000179,0.5300000000000179,0.0,0.0,,,137.0,,300,-0.9962504585496476,,,,,True,KXMLBGAME-26JUL121340BOSNYM
KXMLBGAME-26JUL121340BOSNYM,2026-07-11T21:03:58Z,2026-07-11,0.5300000000000179,0.5300000000000179,0.0,0.0,,,210.0,,300,-0.9962504585496476,,,,,True,KXMLBGAME-26JUL121340BOSNYM
KXMLBGAME-26JUL121340BOSNYM,2026-07-11T21:05:27Z,2026-07-11,0.5300000000000179,0.5300000000000179,0.0,0.0,,,299.0,,300,-0.9962504585496476,,,,,True,KXMLBGAME-26JUL121340BOSNYM
KXMLBGAME-26JUL121340BOSNYM,2026-07-11T21:29:08Z,2026-07-11,0.5300000000000179,0.5300000000000179,0.0,0.0,,,111.0,,300,-0.996102200376424,,,,,True,KXMLBGAME-26JUL121340BOSNYM
KXMLBGAME-26JUL121340BOSNYM,2026-07-11T21:30:30Z,2026-07-11,0.5300000000000179,0.5300000000000179,0.0,0.0,,,193.0,,300,-0.996102200376424,,,,,True,KXMLBGAME-26JUL121340BOSNYM
KXMLBGAME-26JUL121340BOSNYM,2026-07-11T21:31:28Z,2026-07-11,0.5300000000000179,0.5300000000000179,0.0,0.0,,,251.0,,300,-0.996102200376424,,,,,True,KXMLBGAME-26JUL121340BOSNYM
KXMLBGAME-26JUL121340BOSNYM,2026-07-11T21:32:06Z,2026-07-11,0.5300000000000179,0.5300000000000179,0.0,0.0,,,289.0,,300,-0.996102200376424,,,,,True,KXMLBGAME-26JUL121340BOSNYM
KXMLBGAME-26JUL121340BOSNYM,2026-07-11T22:19:50Z,2026-07-11,0.5300000000000179,0.5300000000000179,0.0,0.0,,,111.0,,300,-0.9764382485764775,,,,,True,KXMLBGAME-26JUL121340BOSNYM
KXMLBGAME-26JUL121340BOSNYM,2026-07-11T22:21:37Z,2026-07-11,0.5300000000000179,0.5300000000000179,0.0,0.0,,,218.0,,300,-0.9764382485764775,,,,,True,KXMLBGAME-26JUL121340BOSNYM
KXMLBGAME-26JUL121340BOSNYM,2026-07-11T22:22:15Z,2026-07-11,0.5300000000000179,0.5300000000000179,0.0,0.0,,,256.0,,300,-0.9764382485764775,,,,,True,KXMLBGAME-26JUL121340BOSNYM
KXMLBGAME-26JUL121340BOSNYM,2026-07-11T22:44:44Z,2026-07-11,0.5300000000000179,0.5300000000000179,0.0,0.0,,,68.0,,300,-0.9750147234665286,,,,,True,KXMLBGAME-26JUL121340BOSNYM
KXMLBGAME-26JUL121340BOSNYM,2026-07-11T22:45:29Z,2026-07-11,0.5300000000000179,0.5300000000000179,0.0,0.0,,,113.0,,300,-0.9750147234665286,,,,,True,KXMLBGAME-26JUL121340BOSNYM
KXMLBGAME-26JUL121340BOSNYM,2026-07-11T22:47:08Z,2026-07-11,0.5300000000000179,0.5300000000000179,0.0,0.0,,,212.0,,300,-0.9750147234665286,,,,,True,KXMLBGAME-26JUL121340BOSNYM
KXMLBGAME-26JUL121340BOSNYM,2026-07-11T23:10:19Z,2026-07-11,0.5300000000000179,0.5049999999999989,-0.025000000000019007,0.0,,,105.0,,300,-0.9788150084055998,,,,,True,KXMLBGAME-26JUL121340BOSNYM
KXMLBGAME-26JUL121340BOSNYM,2026-07-12T17:46:36Z,2026-07-12,0.535000000000047,0.535000000000047,0.0,0.0,,,46.0,,300,-0.7341504077105824,,,,,True,KXMLBGAME-26JUL121340BOSNYM
KXMLBGAME-26JUL121340BOSNYM,2026-07-12T17:47:33Z,2026-07-12,0.535000000000047,0.5950000000001153,0.06000000000006833,0.0,,,103.0,,300,-0.7341504077105824,,,,,True,KXMLBGAME-26JUL121340BOSNYM
KXMLBGAME-26JUL121340BOSNYM,2026-07-12T17:49:07Z,2026-07-12,0.5950000000001153,0.6250000000001539,0.03000000000003855,0.0,,,197.0,,300,-0.7341504077105824,,,,,True,KXMLBGAME-26JUL121340BOSNYM
KXMLBGAME-26JUL121340BOSNYM,2026-07-12T17:50:40Z,2026-07-12,0.6250000000001539,0.5650000000000963,-0.06000000000005756,0.0,,,290.0,,300,-0.7341504077105824,,,,,True,KXMLBGAME-26JUL121340BOSNYM
KXMLBGAME-26JUL121340BOSNYM,2026-07-12T18:14:01Z,2026-07-12,0.6049999999999788,0.6049999999999788,0.0,0.0,,,103.0,,300,0.3384323581322337,,,,,True,KXMLBGAME-26JUL121340BOSNYM
KXMLBGAME-26JUL121340BOSNYM,2026-07-12T18:14:18Z,2026-07-12,0.6049999999999788,0.66,0.055000000000021254,0.0,,,120.0,,300,0.3384323581322337,,,,,True,KXMLBGAME-26JUL121340BOSNYM
KXMLBGAME-26JUL121340BOSNYM,2026-07-12T18:15:42Z,2026-07-12,0.66,0.6750000000002581,0.01500000000025803,0.0,,,204.0,,300,0.3384323581322337,,,,,True,KXMLBGAME-26JUL121340BOSNYM
KXMLBGAME-26JUL121340BOSNYM,2026-07-12T18:17:16Z,2026-07-12,0.6750000000002581,0.6750000000002581,0.0,0.0,,,298.0,,300,0.3384323581322337,,,,,True,KXMLBGAME-26JUL121340BOSNYM
KXMLBGAME-26JUL121340BOSNYM,2026-07-12T18:41:10Z,2026-07-12,0.6450000000002418,0.6849999999998286,0.03999999999958681,0.0,,,104.0,,300,-0.2979003510792559,,,,,True,KXMLBGAME-26JUL121340BOSNYM
KXMLBGAME-26JUL121340BOSNYM,2026-07-12T18:42:35Z,2026-07-12,0.6849999999998286,0.6849999999998286,0.0,0.0,,,189.0,,300,-0.2979003510792559,,,,,True,KXMLBGAME-26JUL121340BOSNYM
KXMLBGAME-26JUL121340BOSNYM,2026-07-12T18:42:50Z,2026-07-12,0.6849999999998286,0.6149999999999062,-0.06999999999992246,0.0,,,204.0,,300,-0.2979003510792559,,,,,True,KXMLBGAME-26JUL121340BOSNYM
KXMLBGAME-26JUL121340BOSNYM,2026-07-12T19:08:31Z,2026-07-12,0.8349999999997849,0.8249999999995936,-0.0100000000001913,0.0,,,103.0,,300,-0.27535123087772195,,,,,True,KXMLBGAME-26JUL121340BOSNYM
KXMLBGAME-26JUL121340BOSNYM,2026-07-12T19:10:08Z,2026-07-12,0.8249999999995936,0.8249999999995936,0.0,0.0,,,200.0,,300,-0.27535123087772195,,,,,True,KXMLBGAME-26JUL121340BOSNYM
KXMLBGAME-26JUL121340BOSNYM,2026-07-12T19:10:43Z,2026-07-12,0.8249999999995936,0.8649999999999132,0.04000000000031956,0.0,,,235.0,,300,-0.27535123087772195,,,,,True,KXMLBGAME-26JUL121340BOSNYM
KXMLBGAME-26JUL121340BOSNYM,2026-07-12T19:11:47Z,2026-07-12,0.8649999999999132,0.8849999999995775,0.019999999999664286,0.0,,,299.0,,300,-0.27535123087772195,,,,,True,KXMLBGAME-26JUL121340BOSNYM
KXMLBGAME-26JUL121340BOSNYM,2026-07-12T19:36:51Z,2026-07-12,0.9450000000004511,0.9549999999996946,0.009999999999243503,0.0,,,103.0,,300,0.09194442241043697,,,,,True,KXMLBGAME-26JUL121340BOSNYM
KXMLBGAME-26JUL121340BOSNYM,2026-07-12T19:38:36Z,2026-07-12,0.9549999999996946,0.9450000000004511,-0.009999999999243503,0.0,,,208.0,,300,0.09194442241043697,,,,,True,KXMLBGAME-26JUL121340BOSNYM
KXMLBGAME-26JUL121340BOSNYM,2026-07-12T19:39:18Z,2026-07-12,0.9450000000004511,0.9450000000004511,0.0,0.0,,,250.0,,300,0.09194442241043697,,,,,True,KXMLBGAME-26JUL121340BOSNYM
KXMLBGAME-26JUL121340BOSNYM,2026-07-12T20:04:25Z,2026-07-12,0.4850000000000207,0.40499999999988473,-0.08000000000013596,0.0,,,104.0,,300,0.3352394445411766,,,,,True,KXMLBGAME-26JUL121340BOSNYM
KXMLBGAME-26JUL121340BOSNYM,2026-07-12T20:07:22Z,2026-07-12,0.40499999999988473,0.40499999999988473,0.0,0.0,,,281.0,,300,0.3352394445411766,,,,,True,KXMLBGAME-26JUL121340BOSNYM
KXMLBGAME-26JUL121340BOSNYM,2026-07-12T20:07:38Z,2026-07-12,0.40499999999988473,0.40499999999988473,0.0,0.0,,,297.0,,300,0.3352394445411766,,,,,True,KXMLBGAME-26JUL121340BOSNYM
KXMLBGAME-26JUL121340CHCCIN,2026-07-11T01:03:32Z,2026-07-11,0.46,0.46,0.0,0.0,,,82.0,,300,0.25,,,,,False,KXMLBGAME-26JUL121340CHCCIN
KXMLBGAME-26JUL121340CHCCIN,2026-07-11T01:04:02Z,2026-07-11,0.46,0.46,0.0,0.0,,,112.0,,300,0.25,,,,,False,KXMLBGAME-26JUL121340CHCCIN
KXMLBGAME-26JUL121340CHCCIN,2026-07-11T01:05:35Z,2026-07-11,0.46,0.46,0.0,0.0,,,205.0,,300,0.25,,,,,False,KXMLBGAME-26JUL121340CHCCIN
KXMLBGAME-26JUL121340CHCCIN,2026-07-11T01:28:53Z,2026-07-11,0.46,0.46,0.0,0.0,,,120.0,,300,0.2855313700384123,,,,,False,KXMLBGAME-26JUL121340CHCCIN
KXMLBGAME-26JUL121340CHCCIN,2026-07-11T01:30:17Z,2026-07-11,0.46,0.46,0.0,0.0,,,204.0,,300,0.2855313700384123,,,,,False,KXMLBGAME-26JUL121340CHCCIN
KXMLBGAME-26JUL121340CHCCIN,2026-07-11T01:31:37Z,2026-07-11,0.46,0.46,0.0,0.0,,,284.0,,300,0.2855313700384123,,,,,False,KXMLBGAME-26JUL121340CHCCIN
KXMLBGAME-26JUL121340CHCCIN,2026-07-11T23:12:11Z,2026-07-11,0.46499999999995306,0.46499999999995306,0.0,0.0,,,217.0,,300,-0.9984081385042696,,,,,False,KXMLBGAME-26JUL121340CHCCIN
KXMLBGAME-26JUL121340CHCCIN,2026-07-11T23:13:15Z,2026-07-11,0.46499999999995306,0.46499999999995306,0.0,0.0,,,281.0,,300,-0.9984081385042696,,,,,False,KXMLBGAME-26JUL121340CHCCIN
KXMLBGAME-26JUL121340CHCCIN,2026-07-11T23:34:07Z,2026-07-11,0.46499999999995306,0.46499999999995306,0.0,0.0,,,39.0,,300,-0.9989711663707114,,,,,False,KXMLBGAME-26JUL121340CHCCIN
KXMLBGAME-26JUL121340CHCCIN,2026-07-11T23:35:12Z,2026-07-11,0.46499999999995306,0.46499999999995306,0.0,0.0,,,104.0,,300,-0.9989711663707114,,,,,False,KXMLBGAME-26JUL121340CHCCIN
KXMLBGAME-26JUL121340CHCCIN,2026-07-11T23:36:45Z,2026-07-11,0.46499999999995306,0.46499999999995306,0.0,0.0,,,197.0,,300,-0.9989711663707114,,,,,False,KXMLBGAME-26JUL121340CHCCIN
KXMLBGAME-26JUL121340CHCCIN,2026-07-11T23:38:23Z,2026-07-11,0.46499999999995306,0.46499999999995306,0.0,0.0,,,295.0,,300,-0.9989711663707114,,,,,False,KXMLBGAME-26JUL121340CHCCIN
KXMLBGAME-26JUL121340CHCCIN,2026-07-12T00:01:38Z,2026-07-12,0.46499999999995306,0.46499999999995306,0.0,0.0,,,94.0,,300,-0.9995668100994262,,,,,False,KXMLBGAME-26JUL121340CHCCIN
KXMLBGAME-26JUL121340CHCCIN,2026-07-12T00:01:48Z,2026-07-12,0.46499999999995306,0.46499999999995306,0.0,0.0,,,104.0,,300,-0.9995668100994262,,,,,False,KXMLBGAME-26JUL121340CHCCIN
KXMLBGAME-26JUL121340CHCCIN,2026-07-12T00:32:11Z,2026-07-12,0.46499999999995306,0.46499999999995306,0.0,0.0,,,109.0,,300,-0.9995863104294299,,,,,False,KXMLBGAME-26JUL121340CHCCIN
KXMLBGAME-26JUL121340CHCCIN,2026-07-12T00:34:04Z,2026-07-12,0.46499999999995306,0.46499999999995306,0.0,0.0,,,222.0,,300,-0.9995863104294299,,,,,False,KXMLBGAME-26JUL121340CHCCIN
KXMLBGAME-26JUL121340CHCCIN,2026-07-12T00:35:22Z,2026-07-12,0.46499999999995306,0.46499999999995306,0.0,0.0,,,300.0,,300,-0.9995863104294299,,,,,False,KXMLBGAME-26JUL121340CHCCIN
KXMLBGAME-26JUL121340CHCCIN,2026-07-12T01:01:32Z,2026-07-12,0.46499999999995306,0.46499999999995306,0.0,0.0,,,105.0,,300,-0.9995846131476108,,,,,False,KXMLBGAME-26JUL121340CHCCIN
KXMLBGAME-26JUL121340CHCCIN,2026-07-12T01:03:22Z,2026-07-12,0.46499999999995306,0.46499999999995306,0.0,0.0,,,215.0,,300,-0.9995846131476108,,,,,False,KXMLBGAME-26JUL121340CHCCIN
KXMLBGAME-26JUL121340CHCCIN,2026-07-12T01:03:27Z,2026-07-12,0.46499999999995306,0.46499999999995306,0.0,0.0,,,220.0,,300,-0.9995846131476108,,,,,False,KXMLBGAME-26JUL121340CHCCIN
KXMLBGAME-26JUL121340CHCCIN,2026-07-12T01:31:36Z,2026-07-12,0.46499999999995306,0.46499999999995306,0.0,0.0,,,51.0,,300,-0.9995831517693683,,,,,False,KXMLBGAME-26JUL121340CHCCIN
KXMLBGAME-26JUL121340CHCCIN,2026-07-12T01:32:29Z,2026-07-12,0.46499999999995306,0.4600000000000749,-0.0049999999998781575,0.0,,,104.0,,300,-0.9995831517693683,,,,,False,KXMLBGAME-26JUL121340CHCCIN
KXMLBGAME-26JUL121340CHCCIN,2026-07-12T01:34:19Z,2026-07-12,0.4600000000000749,0.4600000000000749,0.0,0.0,,,214.0,,300,-0.9995831517693683,,,,,False,KXMLBGAME-26JUL121340CHCCIN
KXMLBGAME-26JUL121340CHCCIN,2026-07-12T02:02:39Z,2026-07-12,0.4600000000000749,0.4600000000000749,0.0,0.0,,,104.0,,300,-0.9995855858252617,,,,,False,KXMLBGAME-26JUL121340CHCCIN
KXMLBGAME-26JUL121340CHCCIN,2026-07-12T02:04:42Z,2026-07-12,0.4600000000000749,0.4600000000000749,0.0,0.0,,,227.0,,300,-0.9995855858252617,,,,,False,KXMLBGAME-26JUL121340CHCCIN
KXMLBGAME-26JUL121340CHCCIN,2026-07-12T02:04:43Z,2026-07-12,0.4600000000000749,0.4600000000000749,0.0,0.0,,,228.0,,300,-0.9995855858252617,,,,,False,KXMLBGAME-26JUL121340CHCCIN
KXMLBGAME-26JUL121340CHCCIN,2026-07-12T17:46:36Z,2026-07-12,0.38999999999987844,0.40499999999988473,0.015000000000006286,0.0,,,46.0,,300,-0.515056425736978,,,,,False,KXMLBGAME-26JUL121340CHCCIN
KXMLBGAME-26JUL121340CHCCIN,2026-07-12T17:47:33Z,2026-07-12,0.40499999999988473,0.3349999999997444,-0.07000000000014034,0.0,,,103.0,,300,-0.515056425736978,,,,,False,KXMLBGAME-26JUL121340CHCCIN
KXMLBGAME-26JUL121340CHCCIN,2026-07-12T17:49:07Z,2026-07-12,0.3349999999997444,0.37,0.035000000000255604,0.0,,,197.0,,300,-0.515056425736978,,,,,False,KXMLBGAME-26JUL121340CHCCIN
KXMLBGAME-26JUL121340CHCCIN,2026-07-12T17:50:40Z,2026-07-12,0.37,0.37999999999988904,0.009999999999889042,0.0,,,290.0,,300,-0.515056425736978,,,,,False,KXMLBGAME-26JUL121340CHCCIN
KXMLBGAME-26JUL121340CHCCIN,2026-07-12T18:14:01Z,2026-07-12,0.2750000000000449,0.2750000000000449,0.0,0.0,,,103.0,,300,-0.42126512846178565,,,,,False,KXMLBGAME-26JUL121340CHCCIN
KXMLBGAME-26JUL121340CHCCIN,2026-07-12T18:14:18Z,2026-07-12,0.2750000000000449,0.2950000000003287,0.020000000000283846,0.0,,,120.0,,300,-0.42126512846178565,,,,,False,KXMLBGAME-26JUL121340CHCCIN
KXMLBGAME-26JUL121340CHCCIN,2026-07-12T18:15:42Z,2026-07-12,0.2950000000003287,0.2950000000003287,0.0,0.0,,,204.0,,300,-0.42126512846178565,,,,,False,KXMLBGAME-26JUL121340CHCCIN
KXMLBGAME-26JUL121340CHCCIN,2026-07-12T18:17:16Z,2026-07-12,0.2950000000003287,0.2750000000000449,-0.020000000000283846,0.0,,,298.0,,300,-0.42126512846178565,,,,,False,KXMLBGAME-26JUL121340CHCCIN
KXMLBGAME-26JUL121340CHCCIN,2026-07-12T18:41:10Z,2026-07-12,0.4850000000000207,0.7049999999996712,0.21999999999965053,0.0,,,104.0,,300,0.29172297243128664,,,,,False,KXMLBGAME-26JUL121340CHCCIN
KXMLBGAME-26JUL121340CHCCIN,2026-07-12T18:42:35Z,2026-07-12,0.7049999999996712,0.7049999999996712,0.0,0.0,,,189.0,,300,0.29172297243128664,,,,,False,KXMLBGAME-26JUL121340CHCCIN
KXMLBGAME-26JUL121340CHCCIN,2026-07-12T18:42:50Z,2026-07-12,0.7049999999996712,0.6949999999997953,-0.009999999999875886,0.0,,,204.0,,300,0.29172297243128664,,,,,False,KXMLBGAME-26JUL121340CHCCIN
KXMLBGAME-26JUL121340CHCCIN,2026-07-12T19:08:31Z,2026-07-12,0.5049999999999989,0.5,-0.004999999999998894,0.0,,,103.0,,300,-0.15939887019117233,,,,,False,KXMLBGAME-26JUL121340CHCCIN
KXMLBGAME-26JUL121340CHCCIN,2026-07-12T19:10:43Z,2026-07-12,0.5,0.4699999999999821,-0.0300000000000179,0.0,,,235.0,,300,-0.15939887019117233,,,,,False,KXMLBGAME-26JUL121340CHCCIN
KXMLBGAME-26JUL121340CHCCIN,2026-07-12T19:11:47Z,2026-07-12,0.4699999999999821,0.45500000000004576,-0.014999999999936342,0.0,,,299.0,,300,-0.15939887019117233,,,,,False,KXMLBGAME-26JUL121340CHCCIN
KXMLBGAME-26JUL121340CHCCIN,2026-07-12T19:36:51Z,2026-07-12,0.40499999999988473,0.4150000000000319,0.010000000000147169,0.0,,,103.0,,300,0.33605156808803904,,,,,False,KXMLBGAME-26JUL121340CHCCIN
KXMLBGAME-26JUL121340CHCCIN,2026-07-12T19:38:36Z,2026-07-12,0.4150000000000319,0.25500000000012046,-0.15999999999991144,0.0,,,208.0,,300,0.33605156808803904,,,,,False,KXMLBGAME-26JUL121340CHCCIN
KXMLBGAME-26JUL121340CHCCIN,2026-07-12T19:39:18Z,2026-07-12,0.25500000000012046,0.24500000000032282,-0.009999999999797643,0.0,,,250.0,,300,0.33605156808803904,,,,,False,KXMLBGAME-26JUL121340CHCCIN
KXMLBGAME-26JUL121340CHCCIN,2026-07-12T20:04:25Z,2026-07-12,0.034999999999701416,0.0400000000008611,0.005000000001159681,0.0,,,104.0,,300,0.72930690165215,,,,,False,KXMLBGAME-26JUL121340CHCCIN
KXMLBGAME-26JUL121340CHCCIN,2026-07-12T20:05:59Z,2026-07-12,0.0400000000008611,0.02999999999941652,-0.010000000001444576,0.0,,,198.0,,300,0.72930690165215,,,,,False,KXMLBGAME-26JUL121340CHCCIN
KXMLBGAME-26JUL121340CHCCIN,2026-07-12T20:07:22Z,2026-07-12,0.02999999999941652,0.02999999999941652,0.0,0.0,,,281.0,,300,0.72930690165215,,,,,False,KXMLBGAME-26JUL121340CHCCIN
KXMLBGAME-26JUL121340CHCCIN,2026-07-12T20:07:38Z,2026-07-12,0.02999999999941652,0.015000000000531725,-0.014999999998884796,0.0,,,297.0,,300,0.72930690165215,,,,,False,KXMLBGAME-26JUL121340CHCCIN
KXMLBGAME-26JUL121340CHCCIN,2026-07-12T20:29:28Z,2026-07-12,0.034999999999701416,0.034999999999701416,0.0,0.0,,,43.0,,300,-0.7759550187200113,,,,,False,KXMLBGAME-26JUL121340CHCCIN
KXMLBGAME-26JUL121340CHCCIN,2026-07-12T20:30:29Z,2026-07-12,0.034999999999701416,0.015000000000531725,-0.01999999999916969,0.0,,,104.0,,300,-0.7759550187200113,,,,,False,KXMLBGAME-26JUL121340CHCCIN
KXMLBGAME-26JUL121340CHCCIN,2026-07-12T20:32:08Z,2026-07-12,0.015000000000531725,0.015000000000531725,0.0,0.0,,,203.0,,300,-0.7759550187200113,,,,,False,KXMLBGAME-26JUL121340CHCCIN
KXMLBGAME-26JUL121340CHCCIN,2026-07-12T20:33:32Z,2026-07-12,0.015000000000531725,,,0.0,,,287.0,,300,-0.7759550187200113,,,,,False,KXMLBGAME-26JUL121340CHCCIN
KXMLBGAME-26JUL121340CLEMIA,2026-07-11T20:16:38Z,2026-07-11,0.55,0.55,0.0,0.0,,,108.0,,300,0.740217344615781,,,,,True,KXMLBGAME-26JUL121340CLEMIA
KXMLBGAME-26JUL121340CLEMIA,2026-07-11T20:17:33Z,2026-07-11,0.55,0.55,0.0,0.0,,,163.0,,300,0.740217344615781,,,,,True,KXMLBGAME-26JUL121340CLEMIA
KXMLBGAME-26JUL121340CLEMIA,2026-07-11T20:18:10Z,2026-07-11,0.55,0.55,0.0,0.0,,,200.0,,300,0.740217344615781,,,,,True,KXMLBGAME-26JUL121340CLEMIA
KXMLBGAME-26JUL121340CLEMIA,2026-07-11T20:19:42Z,2026-07-11,0.55,0.55,0.0,0.0,,,292.0,,300,0.740217344615781,,,,,True,KXMLBGAME-26JUL121340CLEMIA
KXMLBGAME-26JUL121340CLEMIA,2026-07-12T17:46:36Z,2026-07-12,0.3950000000000212,0.3950000000000212,0.0,0.0,,,46.0,,300,-0.16767525606702469,,,,,True,KXMLBGAME-26JUL121340CLEMIA
KXMLBGAME-26JUL121340CLEMIA,2026-07-12T17:47:33Z,2026-07-12,0.3950000000000212,0.3050000000002047,-0.0899999999998165,0.0,,,103.0,,300,-0.16767525606702469,,,,,True,KXMLBGAME-26JUL121340CLEMIA
KXMLBGAME-26JUL121340CLEMIA,2026-07-12T17:49:07Z,2026-07-12,0.3050000000002047,0.3150000000001714,0.009999999999966702,0.0,,,197.0,,300,-0.16767525606702469,,,,,True,KXMLBGAME-26JUL121340CLEMIA
KXMLBGAME-26JUL121340CLEMIA,2026-07-12T17:50:40Z,2026-07-12,0.3150000000001714,0.3349999999997444,0.01999999999957297,0.0,,,290.0,,300,-0.16767525606702469,,,,,True,KXMLBGAME-26JUL121340CLEMIA
KXMLBGAME-26JUL121340CLEMIA,2026-07-12T18:14:01Z,2026-07-12,0.40499999999988473,0.40499999999988473,0.0,0.0,,,103.0,,300,-0.511241330634656,,,,,True,KXMLBGAME-26JUL121340CLEMIA
KXMLBGAME-26JUL121340CLEMIA,2026-07-12T18:14:18Z,2026-07-12,0.40499999999988473,0.42,0.015000000000115254,0.0,,,120.0,,300,-0.511241330634656,,,,,True,KXMLBGAME-26JUL121340CLEMIA
KXMLBGAME-26JUL121340CLEMIA,2026-07-12T18:15:42Z,2026-07-12,0.42,0.47499999999999093,0.054999999999990945,0.0,,,204.0,,300,-0.511241330634656,,,,,True,KXMLBGAME-26JUL121340CLEMIA
KXMLBGAME-26JUL121340CLEMIA,2026-07-12T18:17:16Z,2026-07-12,0.47499999999999093,0.3349999999997444,-0.14000000000024654,0.0,,,298.0,,300,-0.511241330634656,,,,,True,KXMLBGAME-26JUL121340CLEMIA
KXMLBGAME-26JUL121340CLEMIA,2026-07-12T18:42:35Z,2026-07-12,0.3549999999997582,0.3549999999997582,0.0,0.0,,,189.0,,300,-0.21669538983707765,,,,,True,KXMLBGAME-26JUL121340CLEMIA
KXMLBGAME-26JUL121340CLEMIA,2026-07-12T18:42:50Z,2026-07-12,0.3549999999997582,0.36500000000006355,0.010000000000305376,0.0,,,204.0,,300,-0.21669538983707765,,,,,True,KXMLBGAME-26JUL121340CLEMIA
KXMLBGAME-26JUL121340CLEMIA,2026-07-12T19:08:31Z,2026-07-12,0.22500000000028098,0.2299999999997575,0.004999999999476534,0.0,,,103.0,,300,-0.717149563344191,,,,,True,KXMLBGAME-26JUL121340CLEMIA
KXMLBGAME-26JUL121340CLEMIA,2026-07-12T19:10:08Z,2026-07-12,0.2299999999997575,0.22500000000028098,-0.004999999999476534,0.0,,,200.0,,300,-0.717149563344191,,,,,True,KXMLBGAME-26JUL121340CLEMIA
KXMLBGAME-26JUL121340CLEMIA,2026-07-12T19:10:43Z,2026-07-12,0.22500000000028098,0.24500000000032282,0.020000000000041845,0.0,,,235.0,,300,-0.717149563344191,,,,,True,KXMLBGAME-26JUL121340CLEMIA
KXMLBGAME-26JUL121340CLEMIA,2026-07-12T19:11:47Z,2026-07-12,0.24500000000032282,0.2350000000001494,-0.010000000000173426,0.0,,,299.0,,300,-0.717149563344191,,,,,True,KXMLBGAME-26JUL121340CLEMIA
KXMLBGAME-26JUL121340CLEMIA,2026-07-12T19:36:51Z,2026-07-12,0.2350000000001494,0.20499999999997293,-0.03000000000017647,0.0,,,103.0,,300,-0.12389889621078107,,,,,True,KXMLBGAME-26JUL121340CLEMIA
KXMLBGAME-26JUL121340CLEMIA,2026-07-12T19:38:36Z,2026-07-12,0.20499999999997293,0.17500000000040647,-0.029999999999566457,0.0,,,208.0,,300,-0.12389889621078107,,,,,True,KXMLBGAME-26JUL121340CLEMIA
KXMLBGAME-26JUL121340CLEMIA,2026-07-12T19:39:18Z,2026-07-12,0.17500000000040647,0.1549999999998358,-0.020000000000570672,0.0,,,250.0,,300,-0.12389889621078107,,,,,True,KXMLBGAME-26JUL121340CLEMIA
KXMLBGAME-26JUL121340CLEMIA,2026-07-12T20:04:25Z,2026-07-12,0.07499999999963623,0.08500000000027585,0.010000000000639622,0.0,,,104.0,,300,-0.15096488818774625,,,,,True,KXMLBGAME-26JUL121340CLEMIA
KXMLBGAME-26JUL121340CLEMIA,2026-07-12T20:05:59Z,2026-07-12,0.08500000000027585,0.060000000000147706,-0.02500000000012815,0.0,,,198.0,,300,-0.15096488818774625,,,,,True,KXMLBGAME-26JUL121340CLEMIA
KXMLBGAME-26JUL121340CLEMIA,2026-07-12T20:07:22Z,2026-07-12,0.060000000000147706,0.060000000000147706,0.0,0.0,,,281.0,,300,-0.15096488818774625,,,,,True,KXMLBGAME-26JUL121340CLEMIA
KXMLBGAME-26JUL121340CLEMIA,2026-07-12T20:07:38Z,2026-07-12,0.060000000000147706,0.05,-0.010000000000147703,0.0,,,297.0,,300,-0.15096488818774625,,,,,True,KXMLBGAME-26JUL121340CLEMIA
KXMLBGAME-26JUL121340CLEMIA,2026-07-12T20:29:28Z,2026-07-12,0.015000000000531725,0.015000000000531725,0.0,0.0,,,43.0,,300,-0.753337181329575,,,,,True,KXMLBGAME-26JUL121340CLEMIA
KXMLBGAME-26JUL121340CLEMIA,2026-07-12T20:30:29Z,2026-07-12,0.015000000000531725,0.015000000000531725,0.0,0.0,,,104.0,,300,-0.753337181329575,,,,,True,KXMLBGAME-26JUL121340CLEMIA
KXMLBGAME-26JUL121340PHIDET,2026-07-11T22:19:50Z,2026-07-11,0.5049999999999989,0.5049999999999989,0.0,0.0,,,111.0,,300,0.507267277992205,,,,,False,KXMLBGAME-26JUL121340PHIDET
KXMLBGAME-26JUL121340PHIDET,2026-07-11T22:21:37Z,2026-07-11,0.5049999999999989,0.5049999999999989,0.0,0.0,,,218.0,,300,0.507267277992205,,,,,False,KXMLBGAME-26JUL121340PHIDET
KXMLBGAME-26JUL121340PHIDET,2026-07-11T22:22:15Z,2026-07-11,0.5049999999999989,0.5049999999999989,0.0,0.0,,,256.0,,300,0.507267277992205,,,,,False,KXMLBGAME-26JUL121340PHIDET
KXMLBGAME-26JUL121340PHIDET,2026-07-11T22:44:44Z,2026-07-11,0.5049999999999989,0.5049999999999989,0.0,0.0,,,68.0,,300,-0.548484207060373,,,,,False,KXMLBGAME-26JUL121340PHIDET
KXMLBGAME-26JUL121340PHIDET,2026-07-11T22:45:29Z,2026-07-11,0.5049999999999989,0.5049999999999989,0.0,0.0,,,113.0,,300,-0.548484207060373,,,,,False,KXMLBGAME-26JUL121340PHIDET
KXMLBGAME-26JUL121340PHIDET,2026-07-11T22:47:08Z,2026-07-11,0.5049999999999989,0.5049999999999989,0.0,0.0,,,212.0,,300,-0.548484207060373,,,,,False,KXMLBGAME-26JUL121340PHIDET
KXMLBGAME-26JUL121340PHIDET,2026-07-11T23:10:19Z,2026-07-11,0.51,0.51,0.0,0.0,,,105.0,,300,0.5758293838862559,,,,,False,KXMLBGAME-26JUL121340PHIDET
KXMLBGAME-26JUL121340PHIDET,2026-07-11T23:11:48Z,2026-07-11,0.51,0.51,0.0,0.0,,,194.0,,300,0.5758293838862559,,,,,False,KXMLBGAME-26JUL121340PHIDET
KXMLBGAME-26JUL121340PHIDET,2026-07-11T23:12:11Z,2026-07-11,0.51,0.51,0.0,0.0,,,217.0,,300,0.5758293838862559,,,,,False,KXMLBGAME-26JUL121340PHIDET
KXMLBGAME-26JUL121340PHIDET,2026-07-11T23:13:15Z,2026-07-11,0.51,0.51,0.0,0.0,,,281.0,,300,0.5758293838862559,,,,,False,KXMLBGAME-26JUL121340PHIDET
KXMLBGAME-26JUL121340PHIDET,2026-07-11T23:34:07Z,2026-07-11,0.51,0.51,0.0,0.0,,,39.0,,300,0.7817465897904655,,,,,False,KXMLBGAME-26JUL121340PHIDET
KXMLBGAME-26JUL121340PHIDET,2026-07-11T23:35:12Z,2026-07-11,0.51,0.51,0.0,0.0,,,104.0,,300,0.7817465897904655,,,,,False,KXMLBGAME-26JUL121340PHIDET
KXMLBGAME-26JUL121340PHIDET,2026-07-11T23:36:45Z,2026-07-11,0.51,0.51,0.0,0.0,,,197.0,,300,0.7817465897904655,,,,,False,KXMLBGAME-26JUL121340PHIDET
KXMLBGAME-26JUL121340PHIDET,2026-07-11T23:38:23Z,2026-07-11,0.51,0.51,0.0,0.0,,,295.0,,300,0.7817465897904655,,,,,False,KXMLBGAME-26JUL121340PHIDET
KXMLBGAME-26JUL121340PHIDET,2026-07-12T00:01:38Z,2026-07-12,0.51,0.51,0.0,0.0,,,94.0,,300,0.37294290436125177,,,,,False,KXMLBGAME-26JUL121340PHIDET
KXMLBGAME-26JUL121340PHIDET,2026-07-12T00:01:48Z,2026-07-12,0.51,0.51,0.0,0.0,,,104.0,,300,0.37294290436125177,,,,,False,KXMLBGAME-26JUL121340PHIDET
KXMLBGAME-26JUL121340PHIDET,2026-07-12T00:32:11Z,2026-07-12,0.51,0.51,0.0,0.0,,,109.0,,300,0.8593364815915009,,,,,False,KXMLBGAME-26JUL121340PHIDET
KXMLBGAME-26JUL121340PHIDET,2026-07-12T00:34:04Z,2026-07-12,0.51,0.51,0.0,0.0,,,222.0,,300,0.8593364815915009,,,,,False,KXMLBGAME-26JUL121340PHIDET
KXMLBGAME-26JUL121340PHIDET,2026-07-12T00:35:22Z,2026-07-12,0.51,0.51,0.0,0.0,,,300.0,,300,0.8593364815915009,,,,,False,KXMLBGAME-26JUL121340PHIDET
KXMLBGAME-26JUL121340PHIDET,2026-07-12T17:46:36Z,2026-07-12,0.5849999999999682,0.5849999999999682,0.0,0.0,,,46.0,,300,0.015768568953481672,,,,,False,KXMLBGAME-26JUL121340PHIDET
KXMLBGAME-26JUL121340PHIDET,2026-07-12T17:47:33Z,2026-07-12,0.5849999999999682,0.5849999999999682,0.0,0.0,,,103.0,,300,0.015768568953481672,,,,,False,KXMLBGAME-26JUL121340PHIDET
KXMLBGAME-26JUL121340PHIDET,2026-07-12T17:49:07Z,2026-07-12,0.5849999999999682,0.5650000000000963,-0.019999999999871898,0.0,,,197.0,,300,0.015768568953481672,,,,,False,KXMLBGAME-26JUL121340PHIDET
KXMLBGAME-26JUL121340PHIDET,2026-07-12T17:50:40Z,2026-07-12,0.5650000000000963,0.5549999999999649,-0.01000000000013146,0.0,,,290.0,,300,0.015768568953481672,,,,,False,KXMLBGAME-26JUL121340PHIDET
KXMLBGAME-26JUL121340PHIDET,2026-07-12T18:14:01Z,2026-07-12,0.535000000000047,0.535000000000047,0.0,0.0,,,103.0,,300,-0.45349246863195664,,,,,False,KXMLBGAME-26JUL121340PHIDET
KXMLBGAME-26JUL121340PHIDET,2026-07-12T18:14:18Z,2026-07-12,0.535000000000047,0.3850000000000938,-0.14999999999995317,0.0,,,120.0,,300,-0.45349246863195664,,,,,False,KXMLBGAME-26JUL121340PHIDET
KXMLBGAME-26JUL121340PHIDET,2026-07-12T18:15:42Z,2026-07-12,0.3850000000000938,0.4150000000000319,0.029999999999938076,0.0,,,204.0,,300,-0.45349246863195664,,,,,False,KXMLBGAME-26JUL121340PHIDET
KXMLBGAME-26JUL121340PHIDET,2026-07-12T18:17:16Z,2026-07-12,0.4150000000000319,0.41000000000000003,-0.005000000000031868,0.0,,,298.0,,300,-0.45349246863195664,,,,,False,KXMLBGAME-26JUL121340PHIDET
KXMLBGAME-26JUL121340PHIDET,2026-07-12T18:41:10Z,2026-07-12,0.3549999999997582,0.3549999999997582,0.0,0.0,,,104.0,,300,-0.6087177901235491,,,,,False,KXMLBGAME-26JUL121340PHIDET
KXMLBGAME-26JUL121340PHIDET,2026-07-12T18:42:35Z,2026-07-12,0.3549999999997582,0.3549999999997582,0.0,0.0,,,189.0,,300,-0.6087177901235491,,,,,False,KXMLBGAME-26JUL121340PHIDET
KXMLBGAME-26JUL121340PHIDET,2026-07-12T18:42:50Z,2026-07-12,0.3549999999997582,0.3749999999998461,0.020000000000087947,0.0,,,204.0,,300,-0.6087177901235491,,,,,False,KXMLBGAME-26JUL121340PHIDET
KXMLBGAME-26JUL121340PHIDET,2026-07-12T19:08:31Z,2026-07-12,0.2849999999996723,0.22500000000028098,-0.05999999999939132,0.0,,,103.0,,300,-0.34595678506694055,,,,,False,KXMLBGAME-26JUL121340PHIDET
KXMLBGAME-26JUL121340PHIDET,2026-07-12T19:10:08Z,2026-07-12,0.22500000000028098,0.21499999999989589,-0.01000000000038509,0.0,,,200.0,,300,-0.34595678506694055,,,,,False,KXMLBGAME-26JUL121340PHIDET
KXMLBGAME-26JUL121340PHIDET,2026-07-12T19:10:43Z,2026-07-12,0.21499999999989589,0.20499999999997293,-0.00999999999992296,0.0,,,235.0,,300,-0.34595678506694055,,,,,False,KXMLBGAME-26JUL121340PHIDET
KXMLBGAME-26JUL121340PHIDET,2026-07-12T19:11:47Z,2026-07-12,0.20499999999997293,0.27,0.06500000000002709,0.0,,,299.0,,300,-0.34595678506694055,,,,,False,KXMLBGAME-26JUL121340PHIDET
KXMLBGAME-26JUL121340PHIDET,2026-07-12T19:36:51Z,2026-07-12,0.025000000000116544,0.025000000000116544,0.0,0.0,,,103.0,,300,0.08102750999878348,,,,,False,KXMLBGAME-26JUL121340PHIDET
KXMLBGAME-26JUL121340PHIDET,2026-07-12T19:38:36Z,2026-07-12,0.025000000000116544,0.025000000000116544,0.0,0.0,,,208.0,,300,0.08102750999878348,,,,,False,KXMLBGAME-26JUL121340PHIDET
KXMLBGAME-26JUL121340PHIDET,2026-07-12T19:39:18Z,2026-07-12,0.025000000000116544,0.025000000000116544,0.0,0.0,,,250.0,,300,0.08102750999878348,,,,,False,KXMLBGAME-26JUL121340PHIDET
KXMLBGAME-26JUL121340SEATB,2026-07-11T00:15:16Z,2026-07-11,0.59,0.59,0.0,0.0,,,112.0,,300,0.07962529274004684,,,,,True,KXMLBGAME-26JUL121340SEATB
KXMLBGAME-26JUL121340SEATB,2026-07-11T00:16:49Z,2026-07-11,0.59,0.59,0.0,0.0,,,205.0,,300,0.07962529274004684,,,,,True,KXMLBGAME-26JUL121340SEATB
KXMLBGAME-26JUL121340SEATB,2026-07-11T00:17:16Z,2026-07-11,0.59,0.59,0.0,0.0,,,232.0,,300,0.07962529274004684,,,,,True,KXMLBGAME-26JUL121340SEATB
KXMLBGAME-26JUL121340SEATB,2026-07-11T00:18:23Z,2026-07-11,0.59,0.59,0.0,0.0,,,299.0,,300,0.07962529274004684,,,,,True,KXMLBGAME-26JUL121340SEATB
KXMLBGAME-26JUL121340SEATB,2026-07-11T00:39:25Z,2026-07-11,0.5849999999999682,0.5849999999999682,0.0,0.0,,,106.0,,300,0.04428044280442804,,,,,True,KXMLBGAME-26JUL121340SEATB
KXMLBGAME-26JUL121340SEATB,2026-07-11T00:40:32Z,2026-07-11,0.5849999999999682,0.5849999999999682,0.0,0.0,,,173.0,,300,0.04428044280442804,,,,,True,KXMLBGAME-26JUL121340SEATB
KXMLBGAME-26JUL121340SEATB,2026-07-11T00:40:59Z,2026-07-11,0.5849999999999682,0.59,0.005000000000031757,0.0,,,200.0,,300,0.04428044280442804,,,,,True,KXMLBGAME-26JUL121340SEATB
KXMLBGAME-26JUL121340SEATB,2026-07-11T00:42:29Z,2026-07-11,0.59,0.59,0.0,0.0,,,290.0,,300,0.04428044280442804,,,,,True,KXMLBGAME-26JUL121340SEATB
KXMLBGAME-26JUL121340SEATB,2026-07-11T01:03:32Z,2026-07-11,0.59,0.59,0.0,0.0,,,82.0,,300,0.01893939393939394,,,,,True,KXMLBGAME-26JUL121340SEATB
KXMLBGAME-26JUL121340SEATB,2026-07-11T01:04:02Z,2026-07-11,0.59,0.59,0.0,0.0,,,112.0,,300,0.01893939393939394,,,,,True,KXMLBGAME-26JUL121340SEATB
KXMLBGAME-26JUL121340SEATB,2026-07-11T01:05:35Z,2026-07-11,0.59,0.59,0.0,0.0,,,205.0,,300,0.01893939393939394,,,,,True,KXMLBGAME-26JUL121340SEATB
KXMLBGAME-26JUL121340SEATB,2026-07-11T01:28:53Z,2026-07-11,0.59,0.59,0.0,0.0,,,120.0,,300,0.03065134099616858,,,,,True,KXMLBGAME-26JUL121340SEATB
KXMLBGAME-26JUL121340SEATB,2026-07-11T01:30:17Z,2026-07-11,0.59,0.59,0.0,0.0,,,204.0,,300,0.03065134099616858,,,,,True,KXMLBGAME-26JUL121340SEATB
KXMLBGAME-26JUL121340SEATB,2026-07-11T01:31:37Z,2026-07-11,0.59,0.59,0.0,0.0,,,284.0,,300,0.03065134099616858,,,,,True,KXMLBGAME-26JUL121340SEATB
KXMLBGAME-26JUL121340SEATB,2026-07-11T20:16:38Z,2026-07-11,0.5699999999999625,0.5699999999999625,0.0,0.0,,,108.0,,300,-0.9766063290008042,,,,,True,KXMLBGAME-26JUL121340SEATB
KXMLBGAME-26JUL121340SEATB,2026-07-11T20:17:33Z,2026-07-11,0.5699999999999625,0.5699999999999625,0.0,0.0,,,163.0,,300,-0.9766063290008042,,,,,True,KXMLBGAME-26JUL121340SEATB
KXMLBGAME-26JUL121340SEATB,2026-07-11T20:18:10Z,2026-07-11,0.5699999999999625,0.5699999999999625,0.0,0.0,,,200.0,,300,-0.9766063290008042,,,,,True,KXMLBGAME-26JUL121340SEATB
KXMLBGAME-26JUL121340SEATB,2026-07-11T20:19:42Z,2026-07-11,0.5699999999999625,0.5699999999999625,0.0,0.0,,,292.0,,300,-0.9766063290008042,,,,,True,KXMLBGAME-26JUL121340SEATB
KXMLBGAME-26JUL121340SEATB,2026-07-11T20:39:26Z,2026-07-11,0.5699999999999625,0.5699999999999625,0.0,0.0,,,110.0,,300,-0.9761905977004004,,,,,True,KXMLBGAME-26JUL121340SEATB
KXMLBGAME-26JUL121340SEATB,2026-07-11T20:40:16Z,2026-07-11,0.5699999999999625,0.5699999999999625,0.0,0.0,,,160.0,,300,-0.9761905977004004,,,,,True,KXMLBGAME-26JUL121340SEATB
KXMLBGAME-26JUL121340SEATB,2026-07-11T20:40:54Z,2026-07-11,0.5699999999999625,0.5699999999999625,0.0,0.0,,,198.0,,300,-0.9761905977004004,,,,,True,KXMLBGAME-26JUL121340SEATB
KXMLBGAME-26JUL121340SEATB,2026-07-11T20:42:15Z,2026-07-11,0.5699999999999625,0.5699999999999625,0.0,0.0,,,279.0,,300,-0.9761905977004004,,,,,True,KXMLBGAME-26JUL121340SEATB
KXMLBGAME-26JUL121340SEATB,2026-07-11T21:02:45Z,2026-07-11,0.5699999999999625,0.5699999999999625,0.0,0.0,,,137.0,,300,-0.9787598259881671,,,,,True,KXMLBGAME-26JUL121340SEATB
KXMLBGAME-26JUL121340SEATB,2026-07-11T21:03:58Z,2026-07-11,0.5699999999999625,0.5699999999999625,0.0,0.0,,,210.0,,300,-0.9787598259881671,,,,,True,KXMLBGAME-26JUL121340SEATB
KXMLBGAME-26JUL121340SEATB,2026-07-11T21:05:27Z,2026-07-11,0.5699999999999625,0.5699999999999625,0.0,0.0,,,299.0,,300,-0.9787598259881671,,,,,True,KXMLBGAME-26JUL121340SEATB
KXMLBGAME-26JUL121340SEATB,2026-07-11T21:29:08Z,2026-07-11,0.5699999999999625,0.5699999999999625,0.0,0.0,,,111.0,,300,-0.9851159884752223,,,,,True,KXMLBGAME-26JUL121340SEATB
KXMLBGAME-26JUL121340SEATB,2026-07-11T21:30:30Z,2026-07-11,0.5699999999999625,0.5699999999999625,0.0,0.0,,,193.0,,300,-0.9851159884752223,,,,,True,KXMLBGAME-26JUL121340SEATB
KXMLBGAME-26JUL121340SEATB,2026-07-11T21:31:28Z,2026-07-11,0.5699999999999625,0.5699999999999625,0.0,0.0,,,251.0,,300,-0.9851159884752223,,,,,True,KXMLBGAME-26JUL121340SEATB
KXMLBGAME-26JUL121340SEATB,2026-07-11T21:32:06Z,2026-07-11,0.5699999999999625,0.5699999999999625,0.0,0.0,,,289.0,,300,-0.9851159884752223,,,,,True,KXMLBGAME-26JUL121340SEATB
KXMLBGAME-26JUL121340SEATB,2026-07-11T21:54:00Z,2026-07-11,0.5699999999999625,0.5699999999999625,0.0,0.0,,,77.0,,300,-0.9775743008108712,,,,,True,KXMLBGAME-26JUL121340SEATB
KXMLBGAME-26JUL121340SEATB,2026-07-11T21:54:33Z,2026-07-11,0.5699999999999625,0.5699999999999625,0.0,0.0,,,110.0,,300,-0.9775743008108712,,,,,True,KXMLBGAME-26JUL121340SEATB
KXMLBGAME-26JUL121340SEATB,2026-07-11T21:56:01Z,2026-07-11,0.5699999999999625,0.5699999999999625,0.0,0.0,,,198.0,,300,-0.9775743008108712,,,,,True,KXMLBGAME-26JUL121340SEATB
KXMLBGAME-26JUL121340SEATB,2026-07-11T21:57:28Z,2026-07-11,0.5699999999999625,0.5699999999999625,0.0,0.0,,,285.0,,300,-0.9775743008108712,,,,,True,KXMLBGAME-26JUL121340SEATB
KXMLBGAME-26JUL121340SEATB,2026-07-11T22:19:50Z,2026-07-11,0.5699999999999625,0.5699999999999625,0.0,0.0,,,111.0,,300,-0.9778948711826672,,,,,True,KXMLBGAME-26JUL121340SEATB
KXMLBGAME-26JUL121340SEATB,2026-07-11T22:21:37Z,2026-07-11,0.5699999999999625,0.5699999999999625,0.0,0.0,,,218.0,,300,-0.9778948711826672,,,,,True,KXMLBGAME-26JUL121340SEATB
KXMLBGAME-26JUL121340SEATB,2026-07-11T22:22:15Z,2026-07-11,0.5699999999999625,0.5699999999999625,0.0,0.0,,,256.0,,300,-0.9778948711826672,,,,,True,KXMLBGAME-26JUL121340SEATB
KXMLBGAME-26JUL121340SEATB,2026-07-11T22:44:44Z,2026-07-11,0.5699999999999625,0.5699999999999625,0.0,0.0,,,68.0,,300,-0.9607582352195616,,,,,True,KXMLBGAME-26JUL121340SEATB
KXMLBGAME-26JUL121340SEATB,2026-07-11T22:45:29Z,2026-07-11,0.5699999999999625,0.5699999999999625,0.0,0.0,,,113.0,,300,-0.9607582352195616,,,,,True,KXMLBGAME-26JUL121340SEATB
KXMLBGAME-26JUL121340SEATB,2026-07-12T17:46:36Z,2026-07-12,0.6149999999999062,0.6250000000001539,0.0100000000002477,0.0,,,46.0,,300,-0.5733188041457321,,,,,True,KXMLBGAME-26JUL121340SEATB
KXMLBGAME-26JUL121340SEATB,2026-07-12T17:47:33Z,2026-07-12,0.6250000000001539,0.6250000000001539,0.0,0.0,,,103.0,,300,-0.5733188041457321,,,,,True,KXMLBGAME-26JUL121340SEATB
KXMLBGAME-26JUL121340SEATB,2026-07-12T17:49:07Z,2026-07-12,0.6250000000001539,0.6,-0.0250000000001539,0.0,,,197.0,,300,-0.5733188041457321,,,,,True,KXMLBGAME-26JUL121340SEATB
KXMLBGAME-26JUL121340SEATB,2026-07-12T17:50:40Z,2026-07-12,0.6,0.5950000000001153,-0.004999999999884652,0.0,,,290.0,,300,-0.5733188041457321,,,,,True,KXMLBGAME-26JUL121340SEATB
KXMLBGAME-26JUL121340SEATB,2026-07-12T18:14:01Z,2026-07-12,0.24500000000032282,0.24500000000032282,0.0,0.0,,,103.0,,300,0.9860990455672157,,,,,True,KXMLBGAME-26JUL121340SEATB
KXMLBGAME-26JUL121340SEATB,2026-07-12T18:14:18Z,2026-07-12,0.24500000000032282,0.2350000000001494,-0.010000000000173426,0.0,,,120.0,,300,0.9860990455672157,,,,,True,KXMLBGAME-26JUL121340SEATB
KXMLBGAME-26JUL121340SEATB,2026-07-12T18:15:42Z,2026-07-12,0.2350000000001494,0.24500000000032282,0.010000000000173426,0.0,,,204.0,,300,0.9860990455672157,,,,,True,KXMLBGAME-26JUL121340SEATB
KXMLBGAME-26JUL121340SEATB,2026-07-12T18:17:16Z,2026-07-12,0.24500000000032282,0.24500000000032282,0.0,0.0,,,298.0,,300,0.9860990455672157,,,,,True,KXMLBGAME-26JUL121340SEATB
KXMLBGAME-26JUL121340SEATB,2026-07-12T18:41:10Z,2026-07-12,0.21499999999989589,0.21499999999989589,0.0,0.0,,,104.0,,300,-0.26766599637880956,,,,,True,KXMLBGAME-26JUL121340SEATB
KXMLBGAME-26JUL121340SEATB,2026-07-12T18:42:35Z,2026-07-12,0.21499999999989589,0.21499999999989589,0.0,0.0,,,189.0,,300,-0.26766599637880956,,,,,True,KXMLBGAME-26JUL121340SEATB
KXMLBGAME-26JUL121340SEATB,2026-07-12T18:42:50Z,2026-07-12,0.21499999999989589,0.2299999999997575,0.014999999999861624,0.0,,,204.0,,300,-0.26766599637880956,,,,,True,KXMLBGAME-26JUL121340SEATB
KXMLBGAME-26JUL121340SEATB,2026-07-12T19:08:31Z,2026-07-12,0.025000000000116544,0.025000000000116544,0.0,0.0,,,103.0,,300,0.286730613438574,,,,,True,KXMLBGAME-26JUL121340SEATB
KXMLBGAME-26JUL121340SEATB,2026-07-12T19:10:08Z,2026-07-12,0.025000000000116544,0.025000000000116544,0.0,0.0,,,200.0,,300,0.286730613438574,,,,,True,KXMLBGAME-26JUL121340SEATB
KXMLBGAME-26JUL121340SEATB,2026-07-12T19:10:43Z,2026-07-12,0.025000000000116544,0.025000000000116544,0.0,0.0,,,235.0,,300,0.286730613438574,,,,,True,KXMLBGAME-26JUL121340SEATB
KXMLBGAME-26JUL121340SEATB,2026-07-12T19:11:47Z,2026-07-12,0.025000000000116544,0.025000000000116544,0.0,0.0,,,299.0,,300,0.286730613438574,,,,,True,KXMLBGAME-26JUL121340SEATB
KXMLBGAME-26JUL121340SEATB,2026-07-12T19:36:51Z,2026-07-12,0.015000000000531725,0.015000000000531725,0.0,0.0,,,103.0,,300,-0.007099585305190381,,,,,True,KXMLBGAME-26JUL121340SEATB
KXMLBGAME-26JUL121340SEATB,2026-07-12T19:38:36Z,2026-07-12,0.015000000000531725,0.015000000000531725,0.0,0.0,,,208.0,,300,-0.007099585305190381,,,,,True,KXMLBGAME-26JUL121340SEATB
KXMLBGAME-26JUL121340SEATB,2026-07-12T19:39:18Z,2026-07-12,0.015000000000531725,0.015000000000531725,0.0,0.0,,,250.0,,300,-0.007099585305190381,,,,,True,KXMLBGAME-26JUL121340SEATB
KXMLBGAME-26JUL121410LAAMIN,2026-07-11T18:15:26Z,2026-07-11,0.58,0.58,0.0,1.0,,,92.0,,300,0.11709949045426993,,,,,False,KXMLBGAME-26JUL121410LAAMIN
KXMLBGAME-26JUL121410LAAMIN,2026-07-11T18:15:43Z,2026-07-11,0.58,0.58,0.0,1.0,,,109.0,,300,0.11709949045426993,,,,,False,KXMLBGAME-26JUL121410LAAMIN
KXMLBGAME-26JUL121410LAAMIN,2026-07-11T18:16:48Z,2026-07-11,0.58,0.58,0.0,1.0,,,174.0,,300,0.11709949045426993,,,,,False,KXMLBGAME-26JUL121410LAAMIN
KXMLBGAME-26JUL121410LAAMIN,2026-07-11T18:17:55Z,2026-07-11,0.58,0.58,0.0,1.0,,,241.0,,300,0.11709949045426993,,,,,False,KXMLBGAME-26JUL121410LAAMIN
KXMLBGAME-26JUL121410LAAMIN,2026-07-11T18:33:13Z,2026-07-11,0.56,0.56,0.0,1.0,,,108.0,,300,-0.9761566451642815,,,,,False,KXMLBGAME-26JUL121410LAAMIN
KXMLBGAME-26JUL121410LAAMIN,2026-07-11T18:34:17Z,2026-07-11,0.56,0.56,0.0,1.0,,,172.0,,300,-0.9761566451642815,,,,,False,KXMLBGAME-26JUL121410LAAMIN
KXMLBGAME-26JUL121410LAAMIN,2026-07-11T18:35:20Z,2026-07-11,0.56,0.56,0.0,1.0,,,235.0,,300,-0.9761566451642815,,,,,False,KXMLBGAME-26JUL121410LAAMIN
KXMLBGAME-26JUL121410LAAMIN,2026-07-11T18:36:23Z,2026-07-11,0.56,0.56,0.0,1.0,,,298.0,,300,-0.9761566451642815,,,,,False,KXMLBGAME-26JUL121410LAAMIN
KXMLBGAME-26JUL121410LAAMIN,2026-07-11T18:51:18Z,2026-07-11,0.56,0.56,0.0,1.0,,,108.0,,300,-0.995167989256034,,,,,False,KXMLBGAME-26JUL121410LAAMIN
KXMLBGAME-26JUL121410LAAMIN,2026-07-11T18:52:19Z,2026-07-11,0.56,0.56,0.0,1.0,,,169.0,,300,-0.995167989256034,,,,,False,KXMLBGAME-26JUL121410LAAMIN
KXMLBGAME-26JUL121410LAAMIN,2026-07-11T18:52:45Z,2026-07-11,0.56,0.56,0.0,1.0,,,195.0,,300,-0.995167989256034,,,,,False,KXMLBGAME-26JUL121410LAAMIN
KXMLBGAME-26JUL121410LAAMIN,2026-07-11T18:53:22Z,2026-07-11,0.56,0.56,0.0,1.0,,,232.0,,300,-0.995167989256034,,,,,False,KXMLBGAME-26JUL121410LAAMIN
KXMLBGAME-26JUL121410LAAMIN,2026-07-11T18:54:22Z,2026-07-11,0.56,0.56,0.0,1.0,,,292.0,,300,-0.995167989256034,,,,,False,KXMLBGAME-26JUL121410LAAMIN
KXMLBGAME-26JUL121410LAAMIN,2026-07-11T19:07:24Z,2026-07-11,0.56,0.56,0.0,1.0,,,109.0,,300,-0.9953556856190366,,,,,False,KXMLBGAME-26JUL121410LAAMIN
KXMLBGAME-26JUL121410LAAMIN,2026-07-11T19:08:20Z,2026-07-11,0.56,0.56,0.0,1.0,,,165.0,,300,-0.9953556856190366,,,,,False,KXMLBGAME-26JUL121410LAAMIN
KXMLBGAME-26JUL121410LAAMIN,2026-07-11T19:08:38Z,2026-07-11,0.56,0.56,0.0,1.0,,,183.0,,300,-0.9953556856190366,,,,,False,KXMLBGAME-26JUL121410LAAMIN
KXMLBGAME-26JUL121410LAAMIN,2026-07-11T19:09:14Z,2026-07-11,0.56,0.56,0.0,1.0,,,219.0,,300,-0.9953556856190366,,,,,False,KXMLBGAME-26JUL121410LAAMIN
KXMLBGAME-26JUL121410LAAMIN,2026-07-11T19:10:10Z,2026-07-11,0.56,0.56,0.0,1.0,,,275.0,,300,-0.9953556856190366,,,,,False,KXMLBGAME-26JUL121410LAAMIN
KXMLBGAME-26JUL121410LAAMIN,2026-07-11T19:23:29Z,2026-07-11,0.56,0.56,0.0,1.0,,,109.0,,300,-0.99530809832438,,,,,False,KXMLBGAME-26JUL121410LAAMIN
KXMLBGAME-26JUL121410LAAMIN,2026-07-11T19:24:24Z,2026-07-11,0.56,0.56,0.0,1.0,,,164.0,,300,-0.99530809832438,,,,,False,KXMLBGAME-26JUL121410LAAMIN
KXMLBGAME-26JUL121410LAAMIN,2026-07-11T19:24:31Z,2026-07-11,0.56,0.56,0.0,1.0,,,171.0,,300,-0.99530809832438,,,,,False,KXMLBGAME-26JUL121410LAAMIN
KXMLBGAME-26JUL121410LAAMIN,2026-07-11T19:25:33Z,2026-07-11,0.56,0.56,0.0,1.0,,,233.0,,300,-0.99530809832438,,,,,False,KXMLBGAME-26JUL121410LAAMIN
KXMLBGAME-26JUL121410LAAMIN,2026-07-11T19:26:33Z,2026-07-11,0.56,0.56,0.0,1.0,,,293.0,,300,-0.99530809832438,,,,,False,KXMLBGAME-26JUL121410LAAMIN
KXMLBGAME-26JUL121410LAAMIN,2026-07-11T19:40:08Z,2026-07-11,0.56,0.56,0.0,1.0,,,28.0,,300,-0.9987393504510034,,,,,False,KXMLBGAME-26JUL121410LAAMIN
KXMLBGAME-26JUL121410LAAMIN,2026-07-11T19:41:29Z,2026-07-11,0.56,0.56,0.0,1.0,,,109.0,,300,-0.9987393504510034,,,,,False,KXMLBGAME-26JUL121410LAAMIN
KXMLBGAME-26JUL121410LAAMIN,2026-07-11T19:42:28Z,2026-07-11,0.56,0.56,0.0,1.0,,,168.0,,300,-0.9987393504510034,,,,,False,KXMLBGAME-26JUL121410LAAMIN
KXMLBGAME-26JUL121410LAAMIN,2026-07-11T19:43:30Z,2026-07-11,0.56,0.56,0.0,1.0,,,230.0,,300,-0.9987393504510034,,,,,False,KXMLBGAME-26JUL121410LAAMIN
KXMLBGAME-26JUL121410LAAMIN,2026-07-11T19:44:30Z,2026-07-11,0.56,0.56,0.0,1.0,,,290.0,,300,-0.9987393504510034,,,,,False,KXMLBGAME-26JUL121410LAAMIN
KXMLBGAME-26JUL121410LAAMIN,2026-07-11T19:57:48Z,2026-07-11,0.56,0.56,0.0,1.0,,,108.0,,300,-0.9979109211110675,,,,,False,KXMLBGAME-26JUL121410LAAMIN
KXMLBGAME-26JUL121410LAAMIN,2026-07-11T19:58:46Z,2026-07-11,0.56,0.56,0.0,1.0,,,166.0,,300,-0.9979109211110675,,,,,False,KXMLBGAME-26JUL121410LAAMIN
KXMLBGAME-26JUL121410LAAMIN,2026-07-11T19:59:54Z,2026-07-11,0.56,0.56,0.0,1.0,,,234.0,,300,-0.9979109211110675,,,,,False,KXMLBGAME-26JUL121410LAAMIN
KXMLBGAME-26JUL121410LAAMIN,2026-07-11T20:00:55Z,2026-07-11,0.56,0.56,0.0,1.0,,,295.0,,300,-0.9979109211110675,,,,,False,KXMLBGAME-26JUL121410LAAMIN
KXMLBGAME-26JUL121410LAAMIN,2026-07-11T20:16:38Z,2026-07-11,0.56,0.56,0.0,1.0,,,108.0,,300,-0.9979113970334458,,,,,False,KXMLBGAME-26JUL121410LAAMIN
KXMLBGAME-26JUL121410LAAMIN,2026-07-11T20:17:33Z,2026-07-11,0.56,0.56,0.0,1.0,,,163.0,,300,-0.9979113970334458,,,,,False,KXMLBGAME-26JUL121410LAAMIN
KXMLBGAME-26JUL121410LAAMIN,2026-07-11T20:18:10Z,2026-07-11,0.56,0.56,0.0,1.0,,,200.0,,300,-0.9979113970334458,,,,,False,KXMLBGAME-26JUL121410LAAMIN
KXMLBGAME-26JUL121410LAAMIN,2026-07-11T20:19:42Z,2026-07-11,0.56,0.56,0.0,1.0,,,292.0,,300,-0.9979113970334458,,,,,False,KXMLBGAME-26JUL121410LAAMIN
KXMLBGAME-26JUL121410LAAMIN,2026-07-11T20:39:26Z,2026-07-11,0.56,0.56,0.0,1.0,,,110.0,,300,-0.9318177607975944,,,,,False,KXMLBGAME-26JUL121410LAAMIN
KXMLBGAME-26JUL121410LAAMIN,2026-07-11T20:40:16Z,2026-07-11,0.56,0.56,0.0,1.0,,,160.0,,300,-0.9318177607975944,,,,,False,KXMLBGAME-26JUL121410LAAMIN
KXMLBGAME-26JUL121410LAAMIN,2026-07-11T20:40:54Z,2026-07-11,0.56,0.56,0.0,1.0,,,198.0,,300,-0.9318177607975944,,,,,False,KXMLBGAME-26JUL121410LAAMIN
KXMLBGAME-26JUL121410LAAMIN,2026-07-11T20:42:15Z,2026-07-11,0.56,0.56,0.0,1.0,,,279.0,,300,-0.9318177607975944,,,,,False,KXMLBGAME-26JUL121410LAAMIN
KXMLBGAME-26JUL121410LAAMIN,2026-07-11T21:02:45Z,2026-07-11,0.56,0.56,0.0,1.0,,,137.0,,300,-0.9318398312805954,,,,,False,KXMLBGAME-26JUL121410LAAMIN
KXMLBGAME-26JUL121410LAAMIN,2026-07-11T21:03:58Z,2026-07-11,0.56,0.56,0.0,1.0,,,210.0,,300,-0.9318398312805954,,,,,False,KXMLBGAME-26JUL121410LAAMIN
KXMLBGAME-26JUL121410LAAMIN,2026-07-11T21:05:27Z,2026-07-11,0.56,0.56,0.0,1.0,,,299.0,,300,-0.9318398312805954,,,,,False,KXMLBGAME-26JUL121410LAAMIN
KXMLBGAME-26JUL121410LAAMIN,2026-07-12T18:14:01Z,2026-07-12,0.5800000000001183,0.5800000000001183,0.0,1.0,,,103.0,,300,0.019057835596948815,,,,,False,KXMLBGAME-26JUL121410LAAMIN
KXMLBGAME-26JUL121410LAAMIN,2026-07-12T18:14:18Z,2026-07-12,0.5800000000001183,0.6049999999999788,0.024999999999860467,1.0,,,120.0,,300,0.019057835596948815,,,,,False,KXMLBGAME-26JUL121410LAAMIN
KXMLBGAME-26JUL121410LAAMIN,2026-07-12T18:15:42Z,2026-07-12,0.6049999999999788,0.5950000000001153,-0.009999999999863451,1.0,,,204.0,,300,0.019057835596948815,,,,,False,KXMLBGAME-26JUL121410LAAMIN
KXMLBGAME-26JUL121410LAAMIN,2026-07-12T18:17:16Z,2026-07-12,0.5950000000001153,0.5950000000001153,0.0,1.0,,,298.0,,300,0.019057835596948815,,,,,False,KXMLBGAME-26JUL121410LAAMIN
KXMLBGAME-26JUL121410LAAMIN,2026-07-12T18:41:10Z,2026-07-12,0.43499999999990363,0.43499999999990363,0.0,1.0,,,104.0,,300,-0.25815434192856274,,,,,False,KXMLBGAME-26JUL121410LAAMIN
KXMLBGAME-26JUL121410LAAMIN,2026-07-12T18:42:35Z,2026-07-12,0.43499999999990363,0.43499999999990363,0.0,1.0,,,189.0,,300,-0.25815434192856274,,,,,False,KXMLBGAME-26JUL121410LAAMIN
KXMLBGAME-26JUL121410LAAMIN,2026-07-12T18:42:50Z,2026-07-12,0.43499999999990363,0.45500000000004576,0.020000000000142126,1.0,,,204.0,,300,-0.25815434192856274,,,,,False,KXMLBGAME-26JUL121410LAAMIN
KXMLBGAME-26JUL121410LAAMIN,2026-07-12T19:08:31Z,2026-07-12,0.8049999999997075,0.8149999999998482,0.010000000000140674,1.0,,,103.0,,300,-0.37247772521629824,,,,,False,KXMLBGAME-26JUL121410LAAMIN
KXMLBGAME-26JUL121410LAAMIN,2026-07-12T19:10:08Z,2026-07-12,0.8149999999998482,0.8149999999998482,0.0,1.0,,,200.0,,300,-0.37247772521629824,,,,,False,KXMLBGAME-26JUL121410LAAMIN
KXMLBGAME-26JUL121410LAAMIN,2026-07-12T19:10:43Z,2026-07-12,0.8149999999998482,0.8149999999998482,0.0,1.0,,,235.0,,300,-0.37247772521629824,,,,,False,KXMLBGAME-26JUL121410LAAMIN
KXMLBGAME-26JUL121410LAAMIN,2026-07-12T19:11:47Z,2026-07-12,0.8149999999998482,0.8149999999998482,0.0,1.0,,,299.0,,300,-0.37247772521629824,,,,,False,KXMLBGAME-26JUL121410LAAMIN
KXMLBGAME-26JUL121410LAAMIN,2026-07-12T19:36:51Z,2026-07-12,0.6949999999997953,0.8550000000001763,0.16000000000038095,1.0,,,103.0,,300,-0.8873468961867698,,,,,False,KXMLBGAME-26JUL121410LAAMIN
KXMLBGAME-26JUL121410LAAMIN,2026-07-12T19:38:36Z,2026-07-12,0.8550000000001763,0.8550000000001763,0.0,1.0,,,208.0,,300,-0.8873468961867698,,,,,False,KXMLBGAME-26JUL121410LAAMIN
KXMLBGAME-26JUL121410LAAMIN,2026-07-12T19:39:18Z,2026-07-12,0.8550000000001763,0.8550000000001763,0.0,1.0,,,250.0,,300,-0.8873468961867698,,,,,False,KXMLBGAME-26JUL121410LAAMIN
KXMLBGAME-26JUL121410LAAMIN,2026-07-12T20:04:25Z,2026-07-12,0.8,0.8149999999998482,0.014999999999848135,1.0,,,104.0,,300,0.9520787568667279,,,,,False,KXMLBGAME-26JUL121410LAAMIN
KXMLBGAME-26JUL121410LAAMIN,2026-07-12T20:05:59Z,2026-07-12,0.8149999999998482,0.7799999999999361,-0.0349999999999121,1.0,,,198.0,,300,0.9520787568667279,,,,,False,KXMLBGAME-26JUL121410LAAMIN
KXMLBGAME-26JUL121410LAAMIN,2026-07-12T20:07:22Z,2026-07-12,0.7799999999999361,0.7799999999999361,0.0,1.0,,,281.0,,300,0.9520787568667279,,,,,False,KXMLBGAME-26JUL121410LAAMIN
KXMLBGAME-26JUL121410LAAMIN,2026-07-12T20:07:38Z,2026-07-12,0.7799999999999361,0.7449999999998795,-0.03500000000005654,1.0,,,297.0,,300,0.9520787568667279,,,,,False,KXMLBGAME-26JUL121410LAAMIN
KXMLBGAME-26JUL121410LAAMIN,2026-07-12T20:29:28Z,2026-07-12,0.9250000000003638,0.9250000000003638,0.0,1.0,,,43.0,,300,-0.1695571949452271,,,,,False,KXMLBGAME-26JUL121410LAAMIN
KXMLBGAME-26JUL121410LAAMIN,2026-07-12T20:30:29Z,2026-07-12,0.9250000000003638,0.9350000000001147,0.009999999999750986,1.0,,,104.0,,300,-0.1695571949452271,,,,,False,KXMLBGAME-26JUL121410LAAMIN
KXMLBGAME-26JUL121410LAAMIN,2026-07-12T20:32:08Z,2026-07-12,0.9350000000001147,0.9549999999996946,0.01999999999957991,1.0,,,203.0,,300,-0.1695571949452271,,,,,False,KXMLBGAME-26JUL121410LAAMIN
KXMLBGAME-26JUL121410LAAMIN,2026-07-12T20:33:32Z,2026-07-12,0.9549999999996946,0.9849999999994682,0.02999999999977354,1.0,,,287.0,,300,-0.1695571949452271,,,,,False,KXMLBGAME-26JUL121410LAAMIN
KXMLBGAME-26JUL121415ATLSTL,2026-07-11T00:16:49Z,2026-07-11,0.54,0.54,0.0,0.0,,,205.0,,300,-0.3333333333333333,,,,,True,KXMLBGAME-26JUL121415ATLSTL
KXMLBGAME-26JUL121415ATLSTL,2026-07-11T00:17:16Z,2026-07-11,0.54,0.54,0.0,0.0,,,232.0,,300,-0.3333333333333333,,,,,True,KXMLBGAME-26JUL121415ATLSTL
KXMLBGAME-26JUL121415ATLSTL,2026-07-11T00:18:23Z,2026-07-11,0.54,0.54,0.0,0.0,,,299.0,,300,-0.3333333333333333,,,,,True,KXMLBGAME-26JUL121415ATLSTL
KXMLBGAME-26JUL121415ATLSTL,2026-07-11T01:03:32Z,2026-07-11,0.54,0.54,0.0,0.0,,,82.0,,300,-0.3333333333333333,,,,,True,KXMLBGAME-26JUL121415ATLSTL
KXMLBGAME-26JUL121415ATLSTL,2026-07-11T01:04:02Z,2026-07-11,0.54,0.54,0.0,0.0,,,112.0,,300,-0.3333333333333333,,,,,True,KXMLBGAME-26JUL121415ATLSTL
KXMLBGAME-26JUL121415ATLSTL,2026-07-11T01:05:35Z,2026-07-11,0.54,0.54,0.0,0.0,,,205.0,,300,-0.3333333333333333,,,,,True,KXMLBGAME-26JUL121415ATLSTL
KXMLBGAME-26JUL121415ATLSTL,2026-07-11T01:50:37Z,2026-07-11,0.54,0.54,0.0,0.0,,,113.0,,300,-0.33155792276964047,,,,,True,KXMLBGAME-26JUL121415ATLSTL
KXMLBGAME-26JUL121415ATLSTL,2026-07-11T01:52:02Z,2026-07-11,0.54,0.54,0.0,0.0,,,198.0,,300,-0.33155792276964047,,,,,True,KXMLBGAME-26JUL121415ATLSTL
KXMLBGAME-26JUL121415ATLSTL,2026-07-11T01:53:17Z,2026-07-11,0.54,0.54,0.0,0.0,,,273.0,,300,-0.33155792276964047,,,,,True,KXMLBGAME-26JUL121415ATLSTL
KXMLBGAME-26JUL121415ATLSTL,2026-07-11T02:33:06Z,2026-07-11,0.54,0.54,0.0,0.0,,,34.0,,300,-0.3333333333333333,,,,,True,KXMLBGAME-26JUL121415ATLSTL
KXMLBGAME-26JUL121415ATLSTL,2026-07-11T02:34:25Z,2026-07-11,0.54,0.54,0.0,0.0,,,113.0,,300,-0.3333333333333333,,,,,True,KXMLBGAME-26JUL121415ATLSTL
KXMLBGAME-26JUL121415ATLSTL,2026-07-11T02:35:47Z,2026-07-11,0.54,0.54,0.0,0.0,,,195.0,,300,-0.3333333333333333,,,,,True,KXMLBGAME-26JUL121415ATLSTL
KXMLBGAME-26JUL121415ATLSTL,2026-07-11T02:37:14Z,2026-07-11,0.54,0.54,0.0,0.0,,,282.0,,300,-0.3333333333333333,,,,,True,KXMLBGAME-26JUL121415ATLSTL
KXMLBGAME-26JUL121415ATLSTL,2026-07-11T03:17:03Z,2026-07-11,0.54,0.54,0.0,0.0,,,112.0,,300,-0.3333333333333333,,,,,True,KXMLBGAME-26JUL121415ATLSTL
KXMLBGAME-26JUL121415ATLSTL,2026-07-11T03:17:16Z,2026-07-11,0.54,0.54,0.0,0.0,,,125.0,,300,-0.3333333333333333,,,,,True,KXMLBGAME-26JUL121415ATLSTL
KXMLBGAME-26JUL121415ATLSTL,2026-07-11T03:18:24Z,2026-07-11,0.54,0.54,0.0,0.0,,,193.0,,300,-0.3333333333333333,,,,,True,KXMLBGAME-26JUL121415ATLSTL
KXMLBGAME-26JUL121415ATLSTL,2026-07-11T03:19:45Z,2026-07-11,0.54,0.54,0.0,0.0,,,274.0,,300,-0.3333333333333333,,,,,True,KXMLBGAME-26JUL121415ATLSTL
KXMLBGAME-26JUL121415ATLSTL,2026-07-11T04:22:20Z,2026-07-11,0.54,0.54,0.0,0.0,,,196.0,,300,0.444636678200692,,,,,True,KXMLBGAME-26JUL121415ATLSTL
KXMLBGAME-26JUL121415ATLSTL,2026-07-11T04:22:56Z,2026-07-11,0.54,0.54,0.0,0.0,,,232.0,,300,0.444636678200692,,,,,True,KXMLBGAME-26JUL121415ATLSTL
KXMLBGAME-26JUL121415ATLSTL,2026-07-11T04:23:39Z,2026-07-11,0.54,0.54,0.0,0.0,,,275.0,,300,0.444636678200692,,,,,True,KXMLBGAME-26JUL121415ATLSTL
KXMLBGAME-26JUL121415ATLSTL,2026-07-11T04:42:25Z,2026-07-11,0.54,0.54,0.0,0.0,,,125.0,,300,0.4438348252959861,,,,,True,KXMLBGAME-26JUL121415ATLSTL
KXMLBGAME-26JUL121415ATLSTL,2026-07-11T04:43:41Z,2026-07-11,0.54,0.54,0.0,0.0,,,201.0,,300,0.4438348252959861,,,,,True,KXMLBGAME-26JUL121415ATLSTL
KXMLBGAME-26JUL121415ATLSTL,2026-07-11T04:44:33Z,2026-07-11,0.54,0.54,0.0,0.0,,,253.0,,300,0.4438348252959861,,,,,True,KXMLBGAME-26JUL121415ATLSTL
KXMLBGAME-26JUL121415ATLSTL,2026-07-11T04:44:56Z,2026-07-11,0.54,0.54,0.0,0.0,,,276.0,,300,0.4438348252959861,,,,,True,KXMLBGAME-26JUL121415ATLSTL
KXMLBGAME-26JUL121415ATLSTL,2026-07-11T23:38:23Z,2026-07-11,0.5449999999999542,0.5449999999999542,0.0,0.0,,,295.0,,300,-0.43562238288603866,,,,,True,KXMLBGAME-26JUL121415ATLSTL
KXMLBGAME-26JUL121415ATLSTL,2026-07-12T00:01:38Z,2026-07-12,0.5449999999999542,0.5449999999999542,0.0,0.0,,,94.0,,300,0.9497905560516018,,,,,True,KXMLBGAME-26JUL121415ATLSTL
KXMLBGAME-26JUL121415ATLSTL,2026-07-12T00:01:48Z,2026-07-12,0.5449999999999542,0.5449999999999542,0.0,0.0,,,104.0,,300,0.9497905560516018,,,,,True,KXMLBGAME-26JUL121415ATLSTL
KXMLBGAME-26JUL121415ATLSTL,2026-07-12T00:32:11Z,2026-07-12,0.5449999999999542,0.5449999999999542,0.0,0.0,,,109.0,,300,0.9053672161741695,,,,,True,KXMLBGAME-26JUL121415ATLSTL
KXMLBGAME-26JUL121415ATLSTL,2026-07-12T00:34:04Z,2026-07-12,0.5449999999999542,0.5449999999999542,0.0,0.0,,,222.0,,300,0.9053672161741695,,,,,True,KXMLBGAME-26JUL121415ATLSTL
KXMLBGAME-26JUL121415ATLSTL,2026-07-12T00:35:22Z,2026-07-12,0.5449999999999542,0.5449999999999542,0.0,0.0,,,300.0,,300,0.9053672161741695,,,,,True,KXMLBGAME-26JUL121415ATLSTL
KXMLBGAME-26JUL121415ATLSTL,2026-07-12T01:01:32Z,2026-07-12,0.5449999999999542,0.5449999999999542,0.0,0.0,,,105.0,,300,0.8908814183037298,,,,,True,KXMLBGAME-26JUL121415ATLSTL
KXMLBGAME-26JUL121415ATLSTL,2026-07-12T01:03:22Z,2026-07-12,0.5449999999999542,0.5449999999999542,0.0,0.0,,,215.0,,300,0.8908814183037298,,,,,True,KXMLBGAME-26JUL121415ATLSTL
KXMLBGAME-26JUL121415ATLSTL,2026-07-12T01:03:27Z,2026-07-12,0.5449999999999542,0.5449999999999542,0.0,0.0,,,220.0,,300,0.8908814183037298,,,,,True,KXMLBGAME-26JUL121415ATLSTL
KXMLBGAME-26JUL121415ATLSTL,2026-07-12T01:31:36Z,2026-07-12,0.5449999999999542,0.5449999999999542,0.0,0.0,,,51.0,,300,0.8913523815826704,,,,,True,KXMLBGAME-26JUL121415ATLSTL
KXMLBGAME-26JUL121415ATLSTL,2026-07-12T01:32:29Z,2026-07-12,0.5449999999999542,0.5449999999999542,0.0,0.0,,,104.0,,300,0.8913523815826704,,,,,True,KXMLBGAME-26JUL121415ATLSTL
KXMLBGAME-26JUL121415ATLSTL,2026-07-12T01:34:19Z,2026-07-12,0.5449999999999542,0.5449999999999542,0.0,0.0,,,214.0,,300,0.8913523815826704,,,,,True,KXMLBGAME-26JUL121415ATLSTL
KXMLBGAME-26JUL121415ATLSTL,2026-07-12T18:17:16Z,2026-07-12,0.5699999999999625,0.5449999999999542,-0.02500000000000835,0.0,,,298.0,,300,-0.9548822901862413,,,,,True,KXMLBGAME-26JUL121415ATLSTL
KXMLBGAME-26JUL121415ATLSTL,2026-07-12T18:41:10Z,2026-07-12,0.66,0.6650000000002556,0.005000000000255578,0.0,,,104.0,,300,0.6170927028945182,,,,,True,KXMLBGAME-26JUL121415ATLSTL
KXMLBGAME-26JUL121415ATLSTL,2026-07-12T18:42:35Z,2026-07-12,0.6650000000002556,0.6650000000002556,0.0,0.0,,,189.0,,300,0.6170927028945182,,,,,True,KXMLBGAME-26JUL121415ATLSTL
KXMLBGAME-26JUL121415ATLSTL,2026-07-12T18:42:50Z,2026-07-12,0.6650000000002556,0.6250000000001539,-0.04000000000010173,0.0,,,204.0,,300,0.6170927028945182,,,,,True,KXMLBGAME-26JUL121415ATLSTL
KXMLBGAME-26JUL121415ATLSTL,2026-07-12T19:10:08Z,2026-07-12,0.5549999999999649,0.5449999999999542,-0.010000000000010667,0.0,,,200.0,,300,-0.7302203953727016,,,,,True,KXMLBGAME-26JUL121415ATLSTL
KXMLBGAME-26JUL121415ATLSTL,2026-07-12T19:10:43Z,2026-07-12,0.5449999999999542,0.5650000000000963,0.020000000000142126,0.0,,,235.0,,300,-0.7302203953727016,,,,,True,KXMLBGAME-26JUL121415ATLSTL
KXMLBGAME-26JUL121415ATLSTL,2026-07-12T19:11:47Z,2026-07-12,0.5650000000000963,0.5750000000000883,0.009999999999992015,0.0,,,299.0,,300,-0.7302203953727016,,,,,True,KXMLBGAME-26JUL121415ATLSTL
KXMLBGAME-26JUL121415ATLSTL,2026-07-12T19:36:51Z,2026-07-12,0.4249999999999118,0.3850000000000938,-0.03999999999981796,0.0,,,103.0,,300,-0.6855907449699105,,,,,True,KXMLBGAME-26JUL121415ATLSTL
KXMLBGAME-26JUL121415ATLSTL,2026-07-12T19:38:36Z,2026-07-12,0.3850000000000938,0.37999999999988904,-0.005000000000204785,0.0,,,208.0,,300,-0.6855907449699105,,,,,True,KXMLBGAME-26JUL121415ATLSTL
KXMLBGAME-26JUL121415ATLSTL,2026-07-12T19:39:18Z,2026-07-12,0.37999999999988904,0.3549999999997582,-0.025000000000130862,0.0,,,250.0,,300,-0.6855907449699105,,,,,True,KXMLBGAME-26JUL121415ATLSTL
KXMLBGAME-26JUL121415ATLSTL,2026-07-12T20:04:25Z,2026-07-12,0.19500000000029244,0.18500000000015177,-0.010000000000140674,0.0,,,104.0,,300,0.9598307286940994,,,,,True,KXMLBGAME-26JUL121415ATLSTL
KXMLBGAME-26JUL121415ATLSTL,2026-07-12T20:05:59Z,2026-07-12,0.18500000000015177,0.19500000000029244,0.010000000000140674,0.0,,,198.0,,300,0.9598307286940994,,,,,True,KXMLBGAME-26JUL121415ATLSTL
KXMLBGAME-26JUL121415ATLSTL,2026-07-12T20:07:22Z,2026-07-12,0.19500000000029244,0.19500000000029244,0.0,0.0,,,281.0,,300,0.9598307286940994,,,,,True,KXMLBGAME-26JUL121415ATLSTL
KXMLBGAME-26JUL121415ATLSTL,2026-07-12T20:07:38Z,2026-07-12,0.19500000000029244,0.22500000000028098,0.029999999999988536,0.0,,,297.0,,300,0.9598307286940994,,,,,True,KXMLBGAME-26JUL121415ATLSTL
KXMLBGAME-26JUL121415ATLSTL,2026-07-12T20:29:28Z,2026-07-12,0.49500000000000105,0.5650000000000963,0.07000000000009526,0.0,,,43.0,,300,-0.5536350722619869,,,,,True,KXMLBGAME-26JUL121415ATLSTL
KXMLBGAME-26JUL121415ATLSTL,2026-07-12T20:32:08Z,2026-07-12,0.5650000000000963,0.5849999999999682,0.019999999999871898,0.0,,,203.0,,300,-0.5536350722619869,,,,,True,KXMLBGAME-26JUL121415ATLSTL
KXMLBGAME-26JUL121415ATLSTL,2026-07-12T20:33:32Z,2026-07-12,0.5849999999999682,0.535000000000047,-0.04999999999992122,0.0,,,287.0,,300,-0.5536350722619869,,,,,True,KXMLBGAME-26JUL121415ATLSTL
KXMLBGAME-26JUL121415ATLSTL,2026-07-12T20:54:44Z,2026-07-12,0.5049999999999989,0.47499999999999093,-0.030000000000007965,0.0,,,104.0,,300,-0.661443552083317,,,,,True,KXMLBGAME-26JUL121415ATLSTL
KXMLBGAME-26JUL121415ATLSTL,2026-07-12T20:56:15Z,2026-07-12,0.47499999999999093,0.47499999999999093,0.0,0.0,,,195.0,,300,-0.661443552083317,,,,,True,KXMLBGAME-26JUL121415ATLSTL
KXMLBGAME-26JUL121415ATLSTL,2026-07-12T20:56:39Z,2026-07-12,0.47499999999999093,0.47499999999999093,0.0,0.0,,,219.0,,300,-0.661443552083317,,,,,True,KXMLBGAME-26JUL121415ATLSTL
KXMLBGAME-26JUL121415ATLSTL,2026-07-12T20:57:44Z,2026-07-12,0.47499999999999093,0.51,0.03500000000000908,0.0,,,284.0,,300,-0.661443552083317,,,,,True,KXMLBGAME-26JUL121415ATLSTL
KXMLBGAME-26JUL121435HOUTEX,2026-07-11T01:50:37Z,2026-07-11,0.5600000000000582,0.5600000000000582,0.0,1.0,,,113.0,,300,-0.9988545246277205,,,,,False,KXMLBGAME-26JUL121435HOUTEX
KXMLBGAME-26JUL121435HOUTEX,2026-07-11T01:53:17Z,2026-07-11,0.5600000000000582,0.5600000000000582,0.0,1.0,,,273.0,,300,-0.9988545246277205,,,,,False,KXMLBGAME-26JUL121435HOUTEX
KXMLBGAME-26JUL121435HOUTEX,2026-07-11T02:10:38Z,2026-07-11,0.5600000000000582,0.5600000000000582,0.0,1.0,,,21.0,,300,-0.9977103606182026,,,,,False,KXMLBGAME-26JUL121435HOUTEX
KXMLBGAME-26JUL121435HOUTEX,2026-07-11T02:13:38Z,2026-07-11,0.5600000000000582,0.5600000000000582,0.0,1.0,,,201.0,,300,-0.9977103606182026,,,,,False,KXMLBGAME-26JUL121435HOUTEX
KXMLBGAME-26JUL121435HOUTEX,2026-07-11T02:15:03Z,2026-07-11,0.5600000000000582,0.5600000000000582,0.0,1.0,,,286.0,,300,-0.9977103606182026,,,,,False,KXMLBGAME-26JUL121435HOUTEX
KXMLBGAME-26JUL121435HOUTEX,2026-07-12T00:01:38Z,2026-07-12,0.5449999999999542,0.5449999999999542,0.0,1.0,,,94.0,,300,0.4606533608908905,,,,,False,KXMLBGAME-26JUL121435HOUTEX
KXMLBGAME-26JUL121435HOUTEX,2026-07-12T00:01:48Z,2026-07-12,0.5449999999999542,0.5449999999999542,0.0,1.0,,,104.0,,300,0.4606533608908905,,,,,False,KXMLBGAME-26JUL121435HOUTEX
KXMLBGAME-26JUL121435HOUTEX,2026-07-12T00:32:11Z,2026-07-12,0.5449999999999542,0.5449999999999542,0.0,1.0,,,109.0,,300,-0.5637592684780045,,,,,False,KXMLBGAME-26JUL121435HOUTEX
KXMLBGAME-26JUL121435HOUTEX,2026-07-12T00:34:04Z,2026-07-12,0.5449999999999542,0.5449999999999542,0.0,1.0,,,222.0,,300,-0.5637592684780045,,,,,False,KXMLBGAME-26JUL121435HOUTEX
KXMLBGAME-26JUL121435HOUTEX,2026-07-12T00:35:22Z,2026-07-12,0.5449999999999542,0.5449999999999542,0.0,1.0,,,300.0,,300,-0.5637592684780045,,,,,False,KXMLBGAME-26JUL121435HOUTEX
KXMLBGAME-26JUL121435HOUTEX,2026-07-12T01:01:32Z,2026-07-12,0.5449999999999542,0.5449999999999542,0.0,1.0,,,105.0,,300,-0.5818587821166149,,,,,False,KXMLBGAME-26JUL121435HOUTEX
KXMLBGAME-26JUL121435HOUTEX,2026-07-12T01:03:22Z,2026-07-12,0.5449999999999542,0.5449999999999542,0.0,1.0,,,215.0,,300,-0.5818587821166149,,,,,False,KXMLBGAME-26JUL121435HOUTEX
KXMLBGAME-26JUL121435HOUTEX,2026-07-12T01:03:27Z,2026-07-12,0.5449999999999542,0.5449999999999542,0.0,1.0,,,220.0,,300,-0.5818587821166149,,,,,False,KXMLBGAME-26JUL121435HOUTEX
KXMLBGAME-26JUL121435HOUTEX,2026-07-12T01:31:36Z,2026-07-12,0.5449999999999542,0.5449999999999542,0.0,1.0,,,51.0,,300,-0.6056573758649683,,,,,False,KXMLBGAME-26JUL121435HOUTEX
KXMLBGAME-26JUL121435HOUTEX,2026-07-12T01:32:29Z,2026-07-12,0.5449999999999542,0.5449999999999542,0.0,1.0,,,104.0,,300,-0.6056573758649683,,,,,False,KXMLBGAME-26JUL121435HOUTEX
KXMLBGAME-26JUL121435HOUTEX,2026-07-12T01:34:19Z,2026-07-12,0.5449999999999542,0.5449999999999542,0.0,1.0,,,214.0,,300,-0.6056573758649683,,,,,False,KXMLBGAME-26JUL121435HOUTEX
KXMLBGAME-26JUL121435HOUTEX,2026-07-12T02:02:39Z,2026-07-12,0.55,0.5549999999999649,0.00499999999996481,1.0,,,104.0,,300,-0.6247519103904348,,,,,False,KXMLBGAME-26JUL121435HOUTEX
KXMLBGAME-26JUL121435HOUTEX,2026-07-12T02:04:42Z,2026-07-12,0.5549999999999649,0.5549999999999649,0.0,1.0,,,227.0,,300,-0.6247519103904348,,,,,False,KXMLBGAME-26JUL121435HOUTEX
KXMLBGAME-26JUL121435HOUTEX,2026-07-12T02:04:43Z,2026-07-12,0.5549999999999649,0.5650000000000963,0.01000000000013146,1.0,,,228.0,,300,-0.6247519103904348,,,,,False,KXMLBGAME-26JUL121435HOUTEX
KXMLBGAME-26JUL121435HOUTEX,2026-07-12T18:41:10Z,2026-07-12,0.58,0.57,-0.010000000000000009,1.0,,,104.0,,300,-0.43915377818917734,,,,,False,KXMLBGAME-26JUL121435HOUTEX
KXMLBGAME-26JUL121435HOUTEX,2026-07-12T19:08:31Z,2026-07-12,0.6049999999999788,0.5849999999999682,-0.020000000000010565,1.0,,,103.0,,300,-0.7453721214937277,,,,,False,KXMLBGAME-26JUL121435HOUTEX
KXMLBGAME-26JUL121435HOUTEX,2026-07-12T19:11:47Z,2026-07-12,0.5849999999999682,0.6949999999997953,0.10999999999982712,1.0,,,299.0,,300,-0.7453721214937277,,,,,False,KXMLBGAME-26JUL121435HOUTEX
KXMLBGAME-26JUL121435HOUTEX,2026-07-12T19:36:51Z,2026-07-12,0.8550000000001763,0.8550000000001763,0.0,1.0,,,103.0,,300,-0.9335101366814353,,,,,False,KXMLBGAME-26JUL121435HOUTEX
KXMLBGAME-26JUL121435HOUTEX,2026-07-12T19:38:36Z,2026-07-12,0.8550000000001763,0.8349999999997849,-0.02000000000039137,1.0,,,208.0,,300,-0.9335101366814353,,,,,False,KXMLBGAME-26JUL121435HOUTEX
KXMLBGAME-26JUL121435HOUTEX,2026-07-12T19:39:18Z,2026-07-12,0.8349999999997849,0.8349999999997849,0.0,1.0,,,250.0,,300,-0.9335101366814353,,,,,False,KXMLBGAME-26JUL121435HOUTEX
KXMLBGAME-26JUL121435HOUTEX,2026-07-12T20:04:25Z,2026-07-12,0.8249999999995936,0.8249999999995936,0.0,1.0,,,104.0,,300,-0.181591019888514,,,,,False,KXMLBGAME-26JUL121435HOUTEX
KXMLBGAME-26JUL121435HOUTEX,2026-07-12T20:05:59Z,2026-07-12,0.8249999999995936,0.8049999999997075,-0.01999999999988611,1.0,,,198.0,,300,-0.181591019888514,,,,,False,KXMLBGAME-26JUL121435HOUTEX
KXMLBGAME-26JUL121435HOUTEX,2026-07-12T20:07:22Z,2026-07-12,0.8049999999997075,0.8049999999997075,0.0,1.0,,,281.0,,300,-0.181591019888514,,,,,False,KXMLBGAME-26JUL121435HOUTEX
KXMLBGAME-26JUL121435HOUTEX,2026-07-12T20:07:38Z,2026-07-12,0.8049999999997075,0.8249999999995936,0.01999999999988611,1.0,,,297.0,,300,-0.181591019888514,,,,,False,KXMLBGAME-26JUL121435HOUTEX
KXMLBGAME-26JUL121435HOUTEX,2026-07-12T20:29:28Z,2026-07-12,0.9149999999997243,0.9149999999997243,0.0,1.0,,,43.0,,300,-0.6699077823145411,,,,,False,KXMLBGAME-26JUL121435HOUTEX
KXMLBGAME-26JUL121435HOUTEX,2026-07-12T20:30:29Z,2026-07-12,0.9149999999997243,0.9099999999999798,-0.004999999999744431,1.0,,,104.0,,300,-0.6699077823145411,,,,,False,KXMLBGAME-26JUL121435HOUTEX
KXMLBGAME-26JUL121435HOUTEX,2026-07-12T20:32:08Z,2026-07-12,0.9099999999999798,0.9149999999997243,0.004999999999744431,1.0,,,203.0,,300,-0.6699077823145411,,,,,False,KXMLBGAME-26JUL121435HOUTEX
KXMLBGAME-26JUL121435HOUTEX,2026-07-12T20:33:32Z,2026-07-12,0.9149999999997243,0.9000000000004893,-0.014999999999234959,1.0,,,287.0,,300,-0.6699077823145411,,,,,False,KXMLBGAME-26JUL121435HOUTEX
KXMLBGAME-26JUL121435HOUTEX,2026-07-12T20:54:44Z,2026-07-12,0.7249999999999551,0.59,-0.13499999999995516,1.0,,,104.0,,300,-0.9990088214887501,,,,,False,KXMLBGAME-26JUL121435HOUTEX
KXMLBGAME-26JUL121435HOUTEX,2026-07-12T20:56:39Z,2026-07-12,0.59,0.5950000000001153,0.005000000000115357,1.0,,,219.0,,300,-0.9990088214887501,,,,,False,KXMLBGAME-26JUL121435HOUTEX
KXMLBGAME-26JUL121435HOUTEX,2026-07-12T20:57:44Z,2026-07-12,0.5950000000001153,0.5950000000001153,0.0,1.0,,,284.0,,300,-0.9990088214887501,,,,,False,KXMLBGAME-26JUL121435HOUTEX
KXMLBGAME-26JUL121435HOUTEX,2026-07-12T21:17:52Z,2026-07-12,0.2849999999996723,0.2849999999996723,0.0,1.0,,,21.0,,300,-0.7694316624646336,,,,,False,KXMLBGAME-26JUL121435HOUTEX
KXMLBGAME-26JUL121435HOUTEX,2026-07-12T21:19:14Z,2026-07-12,0.2849999999996723,0.21499999999989589,-0.06999999999977641,1.0,,,103.0,,300,-0.7694316624646336,,,,,False,KXMLBGAME-26JUL121435HOUTEX
KXMLBGAME-26JUL121435HOUTEX,2026-07-12T21:20:43Z,2026-07-12,0.21499999999989589,0.18,-0.03499999999989589,1.0,,,192.0,,300,-0.7694316624646336,,,,,False,KXMLBGAME-26JUL121435HOUTEX
KXMLBGAME-26JUL121435HOUTEX,2026-07-12T21:22:10Z,2026-07-12,0.18,0.46499999999995306,0.28499999999995307,1.0,,,279.0,,300,-0.7694316624646336,,,,,False,KXMLBGAME-26JUL121435HOUTEX
KXMLBGAME-26JUL121605COLSF,2026-07-11T02:16:15Z,2026-07-11,0.62,0.62,0.0,1.0,5176.72,False,,25.179119110107422,300,,100.00000000000009,,,,True,KXMLBGAME-26JUL121605COLSF
KXMLBGAME-26JUL121605COLSF,2026-07-11T02:16:28Z,2026-07-11,0.62,0.62,0.0,1.0,5176.72,False,,38.17911911010742,300,,100.00000000000009,,,,True,KXMLBGAME-26JUL121605COLSF
KXMLBGAME-26JUL121605COLSF,2026-07-11T02:17:54Z,2026-07-11,0.62,0.62,0.0,1.0,5180.72,False,,32.706197023391724,300,,100.00000000000009,,,,True,KXMLBGAME-26JUL121605COLSF
KXMLBGAME-26JUL121605COLSF,2026-07-11T02:19:17Z,2026-07-11,0.62,0.62,0.0,1.0,5182.72,False,,26.01184606552124,300,,100.00000000000009,,,,True,KXMLBGAME-26JUL121605COLSF
KXMLBGAME-26JUL121605COLSF,2026-07-11T02:20:39Z,2026-07-11,0.62,0.62,0.0,1.0,5185.72,False,,17.2929470539093,300,,100.00000000000009,,,,True,KXMLBGAME-26JUL121605COLSF
KXMLBGAME-26JUL121605COLSF,2026-07-11T02:21:54Z,2026-07-11,0.62,0.62,0.0,1.0,5186.72,False,,48.76248598098755,300,,100.00000000000009,,,,True,KXMLBGAME-26JUL121605COLSF
KXMLBGAME-26JUL121605COLSF,2026-07-11T02:21:54Z,2026-07-11,0.62,0.62,0.0,1.0,5186.72,False,,48.76248598098755,300,,100.00000000000009,,,,True,KXMLBGAME-26JUL121605COLSF
KXMLBGAME-26JUL121605COLSF,2026-07-11T02:23:16Z,2026-07-11,0.62,0.62,0.0,1.0,5187.72,False,,29.494834899902344,300,,100.00000000000009,,,,True,KXMLBGAME-26JUL121605COLSF
KXMLBGAME-26JUL121605COLSF,2026-07-11T02:24:38Z,2026-07-11,0.62,0.62,0.0,1.0,5191.72,False,,10.603363990783691,300,,100.00000000000009,,,,True,KXMLBGAME-26JUL121605COLSF
KXMLBGAME-26JUL121605COLSF,2026-07-11T02:26:00Z,2026-07-11,0.62,0.62,0.0,1.0,5191.72,False,,42.71256709098816,300,,100.00000000000009,,,,True,KXMLBGAME-26JUL121605COLSF
KXMLBGAME-26JUL121605COLSF,2026-07-11T02:27:23Z,2026-07-11,0.62,0.62,0.0,1.0,5195.72,False,,25.130374908447266,300,,100.00000000000009,,,,True,KXMLBGAME-26JUL121605COLSF
KXMLBGAME-26JUL121605COLSF,2026-07-11T02:27:30Z,2026-07-11,0.62,0.62,0.0,1.0,5195.72,False,,32.130374908447266,300,,100.00000000000009,,,,True,KXMLBGAME-26JUL121605COLSF
KXMLBGAME-26JUL121605COLSF,2026-07-11T02:28:46Z,2026-07-11,0.62,0.62,0.0,1.0,5198.72,False,,7.779864072799683,300,,100.00000000000009,,,,True,KXMLBGAME-26JUL121605COLSF
KXMLBGAME-26JUL121605COLSF,2026-07-11T02:30:10Z,2026-07-11,0.62,0.62,0.0,1.0,5187.72,False,,41.10056209564209,300,,100.00000000000009,,,,True,KXMLBGAME-26JUL121605COLSF
KXMLBGAME-26JUL121605COLSF,2026-07-11T02:47:58Z,2026-07-11,0.62,0.62,0.0,1.0,3957.1000000000004,False,,27.732537031173706,300,,100.00000000000009,,,,True,KXMLBGAME-26JUL121605COLSF
KXMLBGAME-26JUL121605COLSF,2026-07-11T02:49:12Z,2026-07-11,0.62,0.62,0.0,1.0,3927.1000000000004,False,,6.832973957061768,300,,100.00000000000009,-1.0,-1156.0,-1156.0,True,KXMLBGAME-26JUL121605COLSF
KXMLBGAME-26JUL121605COLSF,2026-07-11T02:49:48Z,2026-07-11,0.62,0.62,0.0,1.0,3927.1000000000004,False,,42.83297395706177,300,,100.00000000000009,-1.0,,-1156.0,True,KXMLBGAME-26JUL121605COLSF
KXMLBGAME-26JUL121605COLSF,2026-07-11T02:50:32Z,2026-07-11,0.62,0.62,0.0,1.0,3932.1000000000004,False,,38.099668979644775,300,,100.00000000000009,-1.0,,-1156.0,True,KXMLBGAME-26JUL121605COLSF
KXMLBGAME-26JUL121605COLSF,2026-07-11T02:51:53Z,2026-07-11,0.62,0.62,0.0,1.0,8887.1,False,,24.301985025405884,300,,100.00000000000009,-1.0,,-1156.0,True,KXMLBGAME-26JUL121605COLSF
KXMLBGAME-26JUL121605COLSF,2026-07-11T02:53:07Z,2026-07-11,0.62,0.62,0.0,1.0,8896.1,False,,4.666443109512329,300,,100.00000000000009,-1.0,,-1156.0,True,KXMLBGAME-26JUL121605COLSF
KXMLBGAME-26JUL121605COLSF,2026-07-11T02:55:22Z,2026-07-11,0.62,0.62,0.0,1.0,8906.1,False,77.0,0.5570290088653564,300,-0.41368170886166017,100.00000000000009,,,,True,KXMLBGAME-26JUL121605COLSF
KXMLBGAME-26JUL121605COLSF,2026-07-11T02:55:58Z,2026-07-11,0.62,0.62,0.0,1.0,8906.1,False,113.0,36.557029008865356,300,-0.41368170886166017,100.00000000000009,,,,True,KXMLBGAME-26JUL121605COLSF
KXMLBGAME-26JUL121605COLSF,2026-07-11T02:57:17Z,2026-07-11,0.62,0.62,0.0,1.0,10172.1,False,192.0,28.00100302696228,300,-0.41368170886166017,100.00000000000009,,,,True,KXMLBGAME-26JUL121605COLSF
KXMLBGAME-26JUL121605COLSF,2026-07-11T02:58:35Z,2026-07-11,0.62,0.62,0.0,1.0,10174.1,False,270.0,16.721338033676147,300,-0.41368170886166017,100.00000000000009,,,,True,KXMLBGAME-26JUL121605COLSF
KXMLBGAME-26JUL121605COLSF,2026-07-11T04:22:20Z,2026-07-11,0.62,0.62,0.0,1.0,9516.720000000001,False,196.0,5.731190919876099,300,-0.997979797979798,100.00000000000009,,,,True,KXMLBGAME-26JUL121605COLSF
KXMLBGAME-26JUL121605COLSF,2026-07-11T04:22:56Z,2026-07-11,0.62,0.62,0.0,1.0,9519.720000000001,False,232.0,2.738429069519043,300,-0.997979797979798,100.00000000000009,,,,True,KXMLBGAME-26JUL121605COLSF
KXMLBGAME-26JUL121605COLSF,2026-07-11T04:23:39Z,2026-07-11,0.62,0.62,0.0,1.0,9522.720000000001,False,275.0,7.620351076126099,300,-0.997979797979798,100.00000000000009,,,,True,KXMLBGAME-26JUL121605COLSF
KXMLBGAME-26JUL121605COLSF,2026-07-11T04:24:55Z,2026-07-11,0.62,0.62,0.0,1.0,9528.720000000001,False,,7.032807111740112,300,,100.00000000000009,,,,True,KXMLBGAME-26JUL121605COLSF
KXMLBGAME-26JUL121605COLSF,2026-07-11T04:26:13Z,2026-07-11,0.62,0.62,0.0,1.0,9534.720000000001,False,,7.745938062667847,300,,100.00000000000009,,,,True,KXMLBGAME-26JUL121605COLSF
KXMLBGAME-26JUL121605COLSF,2026-07-11T04:27:33Z,2026-07-11,0.62,0.62,0.0,1.0,9540.720000000001,False,,10.655754089355469,300,,100.00000000000009,,,,True,KXMLBGAME-26JUL121605COLSF
KXMLBGAME-26JUL121605COLSF,2026-07-11T04:28:22Z,2026-07-11,0.62,0.62,0.0,1.0,9543.720000000001,False,,21.325973987579346,300,,100.00000000000009,,,,True,KXMLBGAME-26JUL121605COLSF
KXMLBGAME-26JUL121605COLSF,2026-07-11T04:28:54Z,2026-07-11,0.62,0.62,0.0,1.0,9546.720000000001,False,,15.067576885223389,300,,100.00000000000009,,,,True,KXMLBGAME-26JUL121605COLSF
KXMLBGAME-26JUL121605COLSF,2026-07-11T04:30:20Z,2026-07-11,0.62,0.62,0.0,1.0,9552.720000000001,False,,21.445106029510498,300,,100.00000000000009,,,,True,KXMLBGAME-26JUL121605COLSF
KXMLBGAME-26JUL121605COLSF,2026-07-11T04:31:39Z,2026-07-11,0.62,0.62,0.0,1.0,9558.720000000001,False,,23.886837005615234,300,,100.00000000000009,,,,True,KXMLBGAME-26JUL121605COLSF
KXMLBGAME-26JUL121605COLSF,2026-07-11T04:32:55Z,2026-07-11,0.62,0.62,0.0,1.0,9564.720000000001,False,,25.431056022644043,300,,100.00000000000009,,,,True,KXMLBGAME-26JUL121605COLSF
KXMLBGAME-26JUL121605COLSF,2026-07-11T04:33:51Z,2026-07-11,0.62,0.62,0.0,1.0,9570.720000000001,False,,6.845314025878906,300,,100.00000000000009,,,,True,KXMLBGAME-26JUL121605COLSF
KXMLBGAME-26JUL121605COLSF,2026-07-11T04:34:18Z,2026-07-11,0.62,0.62,0.0,1.0,9570.720000000001,False,,33.845314025878906,300,,100.00000000000009,,,,True,KXMLBGAME-26JUL121605COLSF
KXMLBGAME-26JUL121605COLSF,2026-07-11T04:35:35Z,2026-07-11,0.62,0.62,0.0,1.0,9576.720000000001,False,,36.326634883880615,300,,100.00000000000009,,,,True,KXMLBGAME-26JUL121605COLSF
KXMLBGAME-26JUL121605COLSF,2026-07-11T04:36:54Z,2026-07-11,0.62,0.62,0.0,1.0,9587.720000000001,False,,3.210444927215576,300,,100.00000000000009,,,,True,KXMLBGAME-26JUL121605COLSF
KXMLBGAME-26JUL121605COLSF,2026-07-11T04:38:09Z,2026-07-11,0.62,0.62,0.0,1.0,9593.720000000001,False,,3.680172920227051,300,,100.00000000000009,,,,True,KXMLBGAME-26JUL121605COLSF
KXMLBGAME-26JUL121605COLSF,2026-07-11T04:39:11Z,2026-07-11,0.62,0.62,0.0,1.0,9596.720000000001,False,,28.629667043685913,300,,100.00000000000009,,,,True,KXMLBGAME-26JUL121605COLSF
KXMLBGAME-26JUL121605COLSF,2026-07-11T04:39:24Z,2026-07-11,0.62,0.62,0.0,1.0,9596.720000000001,False,,41.62966704368591,300,,100.00000000000009,,,,True,KXMLBGAME-26JUL121605COLSF
KXMLBGAME-26JUL121605COLSF,2026-07-11T04:42:25Z,2026-07-11,0.62,0.62,0.0,1.0,9612.720000000001,False,125.0,22.687192916870117,300,-0.3275167785234899,100.00000000000009,,,,True,KXMLBGAME-26JUL121605COLSF
KXMLBGAME-26JUL121605COLSF,2026-07-11T04:43:41Z,2026-07-11,0.62,0.62,0.0,1.0,9618.720000000001,False,201.0,23.70892906188965,300,-0.3275167785234899,100.00000000000009,,,,True,KXMLBGAME-26JUL121605COLSF
KXMLBGAME-26JUL121605COLSF,2026-07-11T04:44:33Z,2026-07-11,0.62,0.62,0.0,1.0,9624.720000000001,False,253.0,1.6181459426879883,300,-0.3275167785234899,100.00000000000009,,,,True,KXMLBGAME-26JUL121605COLSF
KXMLBGAME-26JUL121605COLSF,2026-07-11T04:44:56Z,2026-07-11,0.62,0.62,0.0,1.0,9624.720000000001,False,276.0,24.61814594268799,300,-0.3275167785234899,100.00000000000009,,,,True,KXMLBGAME-26JUL121605COLSF
KXMLBGAME-26JUL121605COLSF,2026-07-11T04:46:14Z,2026-07-11,0.62,0.59,-0.030000000000000027,1.0,9630.720000000001,False,,28.296027898788452,300,,100.00000000000009,,,,True,KXMLBGAME-26JUL121605COLSF
KXMLBGAME-26JUL121605COLSF,2026-07-11T20:04:54Z,2026-07-11,0.59,0.59,0.0,1.0,220854.0,False,,41.97564506530762,300,,100.0000000000012,,,,True,KXMLBGAME-26JUL121605COLSF
KXMLBGAME-26JUL121605COLSF,2026-07-11T20:06:06Z,2026-07-11,0.59,0.59,0.0,1.0,221017.0,False,,6.509308099746704,300,,100.0000000000012,,,,True,KXMLBGAME-26JUL121605COLSF
KXMLBGAME-26JUL121605COLSF,2026-07-11T20:06:25Z,2026-07-11,0.59,0.59,0.0,1.0,221017.0,False,,25.509308099746704,300,,100.0000000000012,,,,True,KXMLBGAME-26JUL121605COLSF
KXMLBGAME-26JUL121605COLSF,2026-07-11T20:07:22Z,2026-07-11,0.59,0.59,0.0,1.0,221916.0,False,,29.750298023223877,300,,100.0000000000012,,,,True,KXMLBGAME-26JUL121605COLSF
KXMLBGAME-26JUL121605COLSF,2026-07-11T20:08:37Z,2026-07-11,0.59,0.59,0.0,1.0,221979.0,False,,1.627458095550537,300,,100.0000000000012,,,,True,KXMLBGAME-26JUL121605COLSF
KXMLBGAME-26JUL121605COLSF,2026-07-11T20:09:48Z,2026-07-11,0.59,0.59,0.0,1.0,222042.0,False,,18.150731086730957,300,,100.0000000000012,,,,True,KXMLBGAME-26JUL121605COLSF
KXMLBGAME-26JUL121605COLSF,2026-07-11T20:11:00Z,2026-07-11,0.59,0.59,0.0,1.0,222105.0,False,,32.25942897796631,300,,100.0000000000012,,,,True,KXMLBGAME-26JUL121605COLSF
KXMLBGAME-26JUL121605COLSF,2026-07-11T20:11:55Z,2026-07-11,0.59,0.59,0.0,1.0,222169.0,False,,31.38141393661499,300,,100.0000000000012,,,,True,KXMLBGAME-26JUL121605COLSF
KXMLBGAME-26JUL121605COLSF,2026-07-11T20:12:19Z,2026-07-11,0.59,0.59,0.0,1.0,222169.0,False,,55.38141393661499,300,,100.0000000000012,,,,True,KXMLBGAME-26JUL121605COLSF
KXMLBGAME-26JUL121605COLSF,2026-07-11T20:13:43Z,2026-07-11,0.59,0.59,0.0,1.0,263837.58999999997,False,,19.727608919143677,300,,100.0000000000012,,,,True,KXMLBGAME-26JUL121605COLSF
KXMLBGAME-26JUL121605COLSF,2026-07-11T20:16:38Z,2026-07-11,0.59,0.59,0.0,1.0,264126.58999999997,False,108.0,11.361571073532104,300,-0.9732767487525608,100.0000000000012,,,,True,KXMLBGAME-26JUL121605COLSF
KXMLBGAME-26JUL121605COLSF,2026-07-11T20:17:33Z,2026-07-11,0.59,0.59,0.0,1.0,264190.58999999997,False,163.0,4.07831597328186,300,-0.9732767487525608,100.0000000000012,,,,True,KXMLBGAME-26JUL121605COLSF
KXMLBGAME-26JUL121605COLSF,2026-07-11T20:18:10Z,2026-07-11,0.59,0.59,0.0,1.0,264190.58999999997,False,200.0,41.07831597328186,300,-0.9732767487525608,100.0000000000012,,,,True,KXMLBGAME-26JUL121605COLSF
KXMLBGAME-26JUL121605COLSF,2026-07-11T20:19:42Z,2026-07-11,0.59,0.59,0.0,1.0,264286.58999999997,False,292.0,19.707382917404175,300,-0.9732767487525608,100.0000000000012,,,,True,KXMLBGAME-26JUL121605COLSF
KXMLBGAME-26JUL121605COLSF,2026-07-11T20:21:06Z,2026-07-11,0.59,0.59,0.0,1.0,264318.58999999997,False,,39.33308410644531,300,,100.0000000000012,,,,True,KXMLBGAME-26JUL121605COLSF
KXMLBGAME-26JUL121605COLSF,2026-07-11T20:22:40Z,2026-07-11,0.59,0.59,0.0,1.0,264446.58999999997,False,,12.18156099319458,300,,100.0000000000012,,,,True,KXMLBGAME-26JUL121605COLSF
KXMLBGAME-26JUL121605COLSF,2026-07-11T20:23:21Z,2026-07-11,0.59,0.59,0.0,1.0,264446.58999999997,False,,53.18156099319458,300,,100.0000000000012,,,,True,KXMLBGAME-26JUL121605COLSF
KXMLBGAME-26JUL121605COLSF,2026-07-11T20:24:13Z,2026-07-11,0.59,0.59,0.0,1.0,264478.58999999997,False,,40.079957008361816,300,,100.0000000000012,,,,True,KXMLBGAME-26JUL121605COLSF
KXMLBGAME-26JUL121605COLSF,2026-07-11T20:25:34Z,2026-07-11,0.59,0.59,0.0,1.0,264542.58999999997,False,,58.55434703826904,300,,100.0000000000012,,,,True,KXMLBGAME-26JUL121605COLSF
KXMLBGAME-26JUL121605COLSF,2026-07-11T20:27:03Z,2026-07-11,0.59,0.59,0.0,1.0,271411.58999999997,False,,21.505670070648193,300,,100.0000000000012,,,,True,KXMLBGAME-26JUL121605COLSF
KXMLBGAME-26JUL121605COLSF,2026-07-11T20:28:24Z,2026-07-11,0.59,0.59,0.0,1.0,271443.58999999997,False,,42.53130602836609,300,,100.0000000000012,,,,True,KXMLBGAME-26JUL121605COLSF
KXMLBGAME-26JUL121605COLSF,2026-07-11T20:29:04Z,2026-07-11,0.59,0.59,0.0,1.0,271507.58999999997,False,,26.351131916046143,300,,100.0000000000012,,,,True,KXMLBGAME-26JUL121605COLSF
KXMLBGAME-26JUL121605COLSF,2026-07-11T20:29:46Z,2026-07-11,0.59,0.59,0.0,1.0,271539.58999999997,False,,8.890039920806885,300,,100.0000000000012,,,,True,KXMLBGAME-26JUL121605COLSF
KXMLBGAME-26JUL121605COLSF,2026-07-11T20:31:10Z,2026-07-11,0.59,0.59,0.0,1.0,271603.58999999997,False,,34.38577890396118,300,,100.0000000000012,,,,True,KXMLBGAME-26JUL121605COLSF
KXMLBGAME-26JUL121605COLSF,2026-07-11T20:32:30Z,2026-07-11,0.59,0.59,0.0,1.0,271660.58999999997,False,,4.055942058563232,300,,100.0000000000012,,,,True,KXMLBGAME-26JUL121605COLSF
KXMLBGAME-26JUL121605COLSF,2026-07-11T20:33:57Z,2026-07-11,0.59,0.59,0.0,1.0,281086.58999999997,False,,35.462388038635254,300,,100.0000000000012,,,,True,KXMLBGAME-26JUL121605COLSF
KXMLBGAME-26JUL121605COLSF,2026-07-11T20:34:40Z,2026-07-11,0.59,0.59,0.0,1.0,281097.58999999997,False,,24.07136607170105,300,,100.0000000000012,,,,True,KXMLBGAME-26JUL121605COLSF
KXMLBGAME-26JUL121605COLSF,2026-07-11T20:35:16Z,2026-07-11,0.59,0.59,0.0,1.0,281121.58999999997,False,,3.305582046508789,300,,100.0000000000012,,,,True,KXMLBGAME-26JUL121605COLSF
KXMLBGAME-26JUL121605COLSF,2026-07-11T20:36:35Z,2026-07-11,0.59,0.59,0.0,1.0,281146.58999999997,False,,18.04562997817993,300,,100.0000000000012,,,,True,KXMLBGAME-26JUL121605COLSF
KXMLBGAME-26JUL121605COLSF,2026-07-11T20:39:26Z,2026-07-11,0.59,0.59,0.0,1.0,281223.58999999997,False,110.0,24.61781406402588,300,-0.9601185781285939,100.0000000000012,,,,True,KXMLBGAME-26JUL121605COLSF
KXMLBGAME-26JUL121605COLSF,2026-07-11T20:40:16Z,2026-07-11,0.59,0.59,0.0,1.0,281236.58999999997,False,160.0,23.215105056762695,300,-0.9601185781285939,100.0000000000012,,,,True,KXMLBGAME-26JUL121605COLSF
KXMLBGAME-26JUL121605COLSF,2026-07-11T20:40:54Z,2026-07-11,0.59,0.59,0.0,1.0,281262.58999999997,False,198.0,2.46958589553833,300,-0.9601185781285939,100.0000000000012,,,,True,KXMLBGAME-26JUL121605COLSF
KXMLBGAME-26JUL121605COLSF,2026-07-11T20:42:15Z,2026-07-11,0.59,0.59,0.0,1.0,281275.58999999997,False,279.0,25.07535195350647,300,-0.9601185781285939,100.0000000000012,,,,True,KXMLBGAME-26JUL121605COLSF
KXMLBGAME-26JUL121605COLSF,2026-07-11T20:43:40Z,2026-07-11,0.59,0.5849999999999682,-0.005000000000031757,1.0,276515.58999999997,False,,52.28570890426636,300,,100.0000000000012,,,,True,KXMLBGAME-26JUL121605COLSF
KXMLBGAME-26JUL121605COLSF,2026-07-11T20:45:02Z,2026-07-11,0.5849999999999682,0.5849999999999682,0.0,1.0,350925.58999999997,False,,19.674313068389893,300,,100.0000000000012,,,,True,KXMLBGAME-26JUL121605COLSF
KXMLBGAME-26JUL121605COLSF,2026-07-11T20:45:50Z,2026-07-11,0.5849999999999682,0.5849999999999682,0.0,1.0,350954.58999999997,False,,10.613440990447998,300,,100.0000000000012,,,,True,KXMLBGAME-26JUL121605COLSF
KXMLBGAME-26JUL121605COLSF,2026-07-11T20:46:28Z,2026-07-11,0.5849999999999682,0.5849999999999682,0.0,1.0,350954.58999999997,False,,48.613440990448,300,,100.0000000000012,,,,True,KXMLBGAME-26JUL121605COLSF
KXMLBGAME-26JUL121605COLSF,2026-07-11T20:47:57Z,2026-07-11,0.5849999999999682,0.5849999999999682,0.0,1.0,350990.58999999997,False,,21.905215978622437,300,,100.0000000000012,,,,True,KXMLBGAME-26JUL121605COLSF
KXMLBGAME-26JUL121605COLSF,2026-07-11T20:49:32Z,2026-07-11,0.5849999999999682,0.5849999999999682,0.0,1.0,351026.58999999997,False,,2.1537020206451416,300,,100.0000000000012,,,,True,KXMLBGAME-26JUL121605COLSF
KXMLBGAME-26JUL121605COLSF,2026-07-11T20:51:02Z,2026-07-11,0.5849999999999682,0.5849999999999682,0.0,1.0,351038.58999999997,False,,34.237143993377686,300,,100.0000000000012,,,,True,KXMLBGAME-26JUL121605COLSF
KXMLBGAME-26JUL121605COLSF,2026-07-11T20:51:31Z,2026-07-11,0.5849999999999682,0.5849999999999682,0.0,1.0,351062.58999999997,False,,5.544751882553101,300,,100.0000000000012,,,,True,KXMLBGAME-26JUL121605COLSF
KXMLBGAME-26JUL121605COLSF,2026-07-11T20:52:30Z,2026-07-11,0.5849999999999682,0.5849999999999682,0.0,1.0,351086.58999999997,False,,6.183861017227173,300,,100.0000000000012,,,,True,KXMLBGAME-26JUL121605COLSF
KXMLBGAME-26JUL121605COLSF,2026-07-11T20:54:06Z,2026-07-11,0.5849999999999682,0.5849999999999682,0.0,1.0,351098.58999999997,False,,43.61298608779907,300,,100.0000000000012,,,,True,KXMLBGAME-26JUL121605COLSF
KXMLBGAME-26JUL121605COLSF,2026-07-11T20:55:29Z,2026-07-11,0.5849999999999682,0.5849999999999682,0.0,1.0,351146.58999999997,False,,13.240351915359497,300,,100.0000000000012,,,,True,KXMLBGAME-26JUL121605COLSF
KXMLBGAME-26JUL121605COLSF,2026-07-11T20:56:56Z,2026-07-11,0.5849999999999682,0.5849999999999682,0.0,1.0,351158.58999999997,False,,45.44690799713135,300,,100.0000000000012,,,,True,KXMLBGAME-26JUL121605COLSF
KXMLBGAME-26JUL121605COLSF,2026-07-11T20:57:09Z,2026-07-11,0.5849999999999682,0.5849999999999682,0.0,1.0,351181.58999999997,False,,2.906346082687378,300,,100.0000000000012,,,,True,KXMLBGAME-26JUL121605COLSF
KXMLBGAME-26JUL121605COLSF,2026-07-11T20:58:24Z,2026-07-11,0.5849999999999682,0.5849999999999682,0.0,1.0,351194.58999999997,False,,23.308012008666992,300,,100.0000000000012,,,,True,KXMLBGAME-26JUL121605COLSF
KXMLBGAME-26JUL121605COLSF,2026-07-11T21:02:45Z,2026-07-11,0.5849999999999682,0.5849999999999682,0.0,1.0,351796.58999999997,False,137.0,11.698331117630005,300,-0.9870195238677086,100.0000000000012,,,,True,KXMLBGAME-26JUL121605COLSF
KXMLBGAME-26JUL121605COLSF,2026-07-11T21:03:58Z,2026-07-11,0.5849999999999682,0.5849999999999682,0.0,1.0,351812.58999999997,False,210.0,28.252474069595337,300,-0.9870195238677086,100.0000000000012,,,,True,KXMLBGAME-26JUL121605COLSF
KXMLBGAME-26JUL121605COLSF,2026-07-11T21:05:27Z,2026-07-11,0.5849999999999682,0.5849999999999682,0.0,1.0,351848.58999999997,False,299.0,6.109337091445923,300,-0.9870195238677086,100.0000000000012,,,,True,KXMLBGAME-26JUL121605COLSF
KXMLBGAME-26JUL121605COLSF,2026-07-11T21:06:57Z,2026-07-11,0.5849999999999682,0.5849999999999682,0.0,1.0,351851.58999999997,False,,41.01212000846863,300,,100.0000000000012,,,,True,KXMLBGAME-26JUL121605COLSF
KXMLBGAME-26JUL121605COLSF,2026-07-11T21:08:32Z,2026-07-11,0.5849999999999682,0.5849999999999682,0.0,1.0,351858.58999999997,False,,27.55632209777832,300,,100.0000000000012,,,,True,KXMLBGAME-26JUL121605COLSF
KXMLBGAME-26JUL121605COLSF,2026-07-11T21:08:34Z,2026-07-11,0.5849999999999682,0.5849999999999682,0.0,1.0,351858.58999999997,False,,29.55632209777832,300,,100.0000000000012,,,,True,KXMLBGAME-26JUL121605COLSF
KXMLBGAME-26JUL121605COLSF,2026-07-11T21:10:13Z,2026-07-11,0.5849999999999682,0.5849999999999682,0.0,1.0,351864.58999999997,False,,29.392839908599854,300,,100.0000000000012,,,,True,KXMLBGAME-26JUL121605COLSF
KXMLBGAME-26JUL121605COLSF,2026-07-11T21:11:52Z,2026-07-11,0.5849999999999682,0.5849999999999682,0.0,1.0,351870.58999999997,False,,19.803786993026733,300,,100.0000000000012,,,,True,KXMLBGAME-26JUL121605COLSF
KXMLBGAME-26JUL121605COLSF,2026-07-11T21:13:26Z,2026-07-11,0.5849999999999682,0.5849999999999682,0.0,1.0,351874.58999999997,False,,3.7529079914093018,300,,100.0000000000012,,,,True,KXMLBGAME-26JUL121605COLSF
KXMLBGAME-26JUL121605COLSF,2026-07-11T21:14:22Z,2026-07-11,0.5849999999999682,0.5849999999999682,0.0,1.0,351878.58999999997,False,,4.712184906005859,300,,100.0000000000012,,,,True,KXMLBGAME-26JUL121605COLSF
KXMLBGAME-26JUL121605COLSF,2026-07-11T21:15:13Z,2026-07-11,0.5849999999999682,0.5849999999999682,0.0,1.0,351880.58999999997,False,,8.145416021347046,300,,100.0000000000012,,,,True,KXMLBGAME-26JUL121605COLSF
KXMLBGAME-26JUL121605COLSF,2026-07-11T21:16:50Z,2026-07-11,0.5849999999999682,0.5849999999999682,0.0,1.0,350959.92,False,,51.819618940353394,300,,100.0000000000012,,,,True,KXMLBGAME-26JUL121605COLSF
KXMLBGAME-26JUL121605COLSF,2026-07-11T21:18:22Z,2026-07-11,0.5849999999999682,0.5849999999999682,0.0,1.0,350965.92,False,,36.4318790435791,300,,100.0000000000012,,,,True,KXMLBGAME-26JUL121605COLSF
KXMLBGAME-26JUL121605COLSF,2026-07-11T21:19:56Z,2026-07-11,0.5849999999999682,0.5849999999999682,0.0,1.0,350971.92,False,,25.307646989822388,300,,100.0000000000012,,,,True,KXMLBGAME-26JUL121605COLSF
KXMLBGAME-26JUL121605COLSF,2026-07-11T21:20:09Z,2026-07-11,0.5849999999999682,0.5849999999999682,0.0,1.0,350971.92,False,,38.30764698982239,300,,100.0000000000012,,,,True,KXMLBGAME-26JUL121605COLSF
KXMLBGAME-26JUL121605COLSF,2026-07-11T21:21:33Z,2026-07-11,0.5849999999999682,0.5849999999999682,0.0,1.0,350977.92,False,,15.667464017868042,300,,100.0000000000012,,,,True,KXMLBGAME-26JUL121605COLSF
KXMLBGAME-26JUL121605COLSF,2026-07-11T21:23:06Z,2026-07-11,0.5849999999999682,0.5849999999999682,0.0,1.0,350983.92,False,,5.477289915084839,300,,100.0000000000012,,,,True,KXMLBGAME-26JUL121605COLSF
KXMLBGAME-26JUL121605COLSF,2026-07-11T21:24:34Z,2026-07-11,0.5849999999999682,0.5849999999999682,0.0,1.0,350971.92,False,,42.18562197685242,300,,100.0000000000012,,,,True,KXMLBGAME-26JUL121605COLSF
KXMLBGAME-26JUL121605COLSF,2026-07-11T21:25:54Z,2026-07-11,0.5849999999999682,0.5849999999999682,0.0,1.0,350477.92,False,,17.191773891448975,300,,100.0000000000012,,,,True,KXMLBGAME-26JUL121605COLSF
KXMLBGAME-26JUL121605COLSF,2026-07-11T21:26:07Z,2026-07-11,0.5849999999999682,0.5849999999999682,0.0,1.0,350477.92,False,,30.191773891448975,300,,100.0000000000012,,,,True,KXMLBGAME-26JUL121605COLSF
KXMLBGAME-26JUL121605COLSF,2026-07-11T21:29:08Z,2026-07-11,0.5849999999999682,0.5849999999999682,0.0,1.0,350489.92,False,111.0,6.340423107147217,300,-0.9869454526904672,100.0000000000012,,,,True,KXMLBGAME-26JUL121605COLSF
KXMLBGAME-26JUL121605COLSF,2026-07-11T21:30:30Z,2026-07-11,0.5849999999999682,0.5849999999999682,0.0,1.0,350491.92,False,193.0,36.963951110839844,300,-0.9869454526904672,100.0000000000012,,,,True,KXMLBGAME-26JUL121605COLSF
KXMLBGAME-26JUL121605COLSF,2026-07-11T21:31:28Z,2026-07-11,0.5849999999999682,0.5849999999999682,0.0,1.0,350493.92,False,251.0,39.34003496170044,300,-0.9869454526904672,100.0000000000012,,,,True,KXMLBGAME-26JUL121605COLSF
KXMLBGAME-26JUL121605COLSF,2026-07-11T21:32:06Z,2026-07-11,0.5849999999999682,0.5849999999999682,0.0,1.0,350497.92,False,289.0,20.898152112960815,300,-0.9869454526904672,100.0000000000012,,,,True,KXMLBGAME-26JUL121605COLSF
KXMLBGAME-26JUL121605COLSF,2026-07-11T21:33:40Z,2026-07-11,0.5849999999999682,0.5849999999999682,0.0,1.0,350501.92,False,,6.593836069107056,300,,100.0000000000012,,,,True,KXMLBGAME-26JUL121605COLSF
KXMLBGAME-26JUL121605COLSF,2026-07-11T21:35:17Z,2026-07-11,0.5849999999999682,0.5849999999999682,0.0,1.0,350505.92,False,,48.116616010665894,300,,100.0000000000012,,,,True,KXMLBGAME-26JUL121605COLSF
KXMLBGAME-26JUL121605COLSF,2026-07-11T21:36:48Z,2026-07-11,0.5849999999999682,0.5849999999999682,0.0,1.0,350511.92,False,,30.29507303237915,300,,100.0000000000012,,,,True,KXMLBGAME-26JUL121605COLSF
KXMLBGAME-26JUL121605COLSF,2026-07-11T21:37:05Z,2026-07-11,0.5849999999999682,0.5849999999999682,0.0,1.0,350511.92,False,,47.29507303237915,300,,100.0000000000012,,,,True,KXMLBGAME-26JUL121605COLSF
KXMLBGAME-26JUL121605COLSF,2026-07-11T21:38:17Z,2026-07-11,0.5849999999999682,0.5849999999999682,0.0,1.0,350501.92,False,,10.47056794166565,300,,100.0000000000012,,,,True,KXMLBGAME-26JUL121605COLSF
KXMLBGAME-26JUL121605COLSF,2026-07-11T21:39:47Z,2026-07-11,0.5849999999999682,0.5849999999999682,0.0,1.0,350505.92,False,,47.104037046432495,300,,100.0000000000012,,,,True,KXMLBGAME-26JUL121605COLSF
KXMLBGAME-26JUL121605COLSF,2026-07-11T21:41:19Z,2026-07-11,0.5849999999999682,0.5849999999999682,0.0,1.0,350509.92,False,,32.28329300880432,300,,100.0000000000012,,,,True,KXMLBGAME-26JUL121605COLSF
KXMLBGAME-26JUL121605COLSF,2026-07-11T21:42:37Z,2026-07-11,0.5849999999999682,0.5849999999999682,0.0,1.0,350486.92,False,,0.19730401039123535,300,,100.0000000000012,,,,True,KXMLBGAME-26JUL121605COLSF
KXMLBGAME-26JUL121605COLSF,2026-07-11T21:43:06Z,2026-07-11,0.5849999999999682,0.5849999999999682,0.0,1.0,350486.92,False,,29.197304010391235,300,,100.0000000000012,,,,True,KXMLBGAME-26JUL121605COLSF
KXMLBGAME-26JUL121605COLSF,2026-07-11T21:44:38Z,2026-07-11,0.5849999999999682,0.5849999999999682,0.0,1.0,350492.92,False,,13.03433609008789,300,,100.0000000000012,,,,True,KXMLBGAME-26JUL121605COLSF
KXMLBGAME-26JUL121605COLSF,2026-07-11T21:46:24Z,2026-07-11,0.5849999999999682,0.5849999999999682,0.0,1.0,332603.0,False,,3.734963893890381,300,,100.0000000000012,1.0,76.0,76.0,True,KXMLBGAME-26JUL121605COLSF
KXMLBGAME-26JUL121605COLSF,2026-07-11T21:48:09Z,2026-07-11,0.5849999999999682,0.5849999999999682,0.0,1.0,331821.0,False,,4.215271949768066,300,,100.0000000000012,1.0,,76.0,True,KXMLBGAME-26JUL121605COLSF
KXMLBGAME-26JUL121605COLSF,2026-07-11T21:48:19Z,2026-07-11,0.5849999999999682,0.5849999999999682,0.0,1.0,331821.0,False,,14.215271949768066,300,,100.0000000000012,1.0,,76.0,True,KXMLBGAME-26JUL121605COLSF
KXMLBGAME-26JUL121605COLSF,2026-07-11T21:49:51Z,2026-07-11,0.5849999999999682,0.5849999999999682,0.0,1.0,331821.0,False,,50.84470510482788,300,,100.0000000000012,1.0,,76.0,True,KXMLBGAME-26JUL121605COLSF
KXMLBGAME-26JUL121605COLSF,2026-07-11T21:51:20Z,2026-07-11,0.5849999999999682,0.5849999999999682,0.0,1.0,331821.0,False,,26.821152925491333,300,,100.0000000000012,,,,True,KXMLBGAME-26JUL121605COLSF
KXMLBGAME-26JUL121605COLSF,2026-07-11T21:54:00Z,2026-07-11,0.5849999999999682,0.5849999999999682,0.0,1.0,350423.60000000003,False,77.0,21.31169295310974,300,-0.9869348635255969,100.0000000000012,,,,True,KXMLBGAME-26JUL121605COLSF
KXMLBGAME-26JUL121605COLSF,2026-07-11T21:54:33Z,2026-07-11,0.5849999999999682,0.5849999999999682,0.0,1.0,350423.60000000003,False,110.0,54.31169295310974,300,-0.9869348635255969,100.0000000000012,,,,True,KXMLBGAME-26JUL121605COLSF
KXMLBGAME-26JUL121605COLSF,2026-07-11T21:56:01Z,2026-07-11,0.5849999999999682,0.5849999999999682,0.0,1.0,350423.60000000003,False,198.0,32.8745379447937,300,-0.9869348635255969,100.0000000000012,,,,True,KXMLBGAME-26JUL121605COLSF
KXMLBGAME-26JUL121605COLSF,2026-07-11T21:57:28Z,2026-07-11,0.5849999999999682,0.5849999999999682,0.0,1.0,350423.60000000003,False,285.0,12.486577987670898,300,-0.9869348635255969,100.0000000000012,,,,True,KXMLBGAME-26JUL121605COLSF
KXMLBGAME-26JUL121605COLSF,2026-07-11T21:58:58Z,2026-07-11,0.5849999999999682,0.5849999999999682,0.0,1.0,350423.60000000003,False,,48.767772912979126,300,,100.0000000000012,,,,True,KXMLBGAME-26JUL121605COLSF
KXMLBGAME-26JUL121605COLSF,2026-07-11T21:59:37Z,2026-07-11,0.5849999999999682,0.5849999999999682,0.0,1.0,350423.60000000003,False,,34.25048208236694,300,,100.0000000000012,,,,True,KXMLBGAME-26JUL121605COLSF
KXMLBGAME-26JUL121605COLSF,2026-07-11T22:00:24Z,2026-07-11,0.5849999999999682,0.5849999999999682,0.0,1.0,350423.60000000003,False,,27.29489803314209,300,,100.0000000000012,,,,True,KXMLBGAME-26JUL121605COLSF
KXMLBGAME-26JUL121605COLSF,2026-07-11T22:02:00Z,2026-07-11,0.5849999999999682,0.5849999999999682,0.0,1.0,350423.60000000003,False,,14.399856090545654,300,,100.0000000000012,,,,True,KXMLBGAME-26JUL121605COLSF
KXMLBGAME-26JUL121605COLSF,2026-07-11T22:03:38Z,2026-07-11,0.5849999999999682,0.5849999999999682,0.0,1.0,350423.60000000003,False,,4.011054992675781,300,,100.0000000000012,,,,True,KXMLBGAME-26JUL121605COLSF
KXMLBGAME-26JUL121605COLSF,2026-07-11T22:05:09Z,2026-07-11,0.5849999999999682,0.5849999999999682,0.0,1.0,350423.60000000003,False,,41.55695295333862,300,,100.0000000000012,,,,True,KXMLBGAME-26JUL121605COLSF
KXMLBGAME-26JUL121605COLSF,2026-07-11T22:05:11Z,2026-07-11,0.5849999999999682,0.5849999999999682,0.0,1.0,350423.60000000003,False,,43.55695295333862,300,,100.0000000000012,,,,True,KXMLBGAME-26JUL121605COLSF
KXMLBGAME-26JUL121605COLSF,2026-07-11T22:06:45Z,2026-07-11,0.5849999999999682,0.5849999999999682,0.0,1.0,350422.60000000003,False,,29.051708936691284,300,,100.0000000000012,,,,True,KXMLBGAME-26JUL121605COLSF
KXMLBGAME-26JUL121605COLSF,2026-07-11T22:08:14Z,2026-07-11,0.5849999999999682,0.5849999999999682,0.0,1.0,350459.60000000003,False,,10.175434112548828,300,,100.0000000000012,1.0,15.0,45.0,True,KXMLBGAME-26JUL121605COLSF
KXMLBGAME-26JUL121605COLSF,2026-07-11T22:10:00Z,2026-07-11,0.5849999999999682,0.5849999999999682,0.0,1.0,350471.60000000003,False,,11.234381914138794,300,,100.0000000000012,1.0,,45.0,True,KXMLBGAME-26JUL121605COLSF
KXMLBGAME-26JUL121605COLSF,2026-07-11T22:10:43Z,2026-07-11,0.5849999999999682,0.5849999999999682,0.0,1.0,350471.60000000003,False,,54.234381914138794,300,,100.0000000000012,1.0,,45.0,True,KXMLBGAME-26JUL121605COLSF
KXMLBGAME-26JUL121605COLSF,2026-07-11T22:11:36Z,2026-07-11,0.5849999999999682,0.5849999999999682,0.0,1.0,350372.60000000003,False,,52.208492040634155,300,,100.0000000000012,1.0,,45.0,True,KXMLBGAME-26JUL121605COLSF
KXMLBGAME-26JUL121605COLSF,2026-07-11T22:13:14Z,2026-07-11,0.5849999999999682,0.5849999999999682,0.0,1.0,350555.60000000003,False,,38.62694501876831,300,,100.0000000000012,,,,True,KXMLBGAME-26JUL121605COLSF
KXMLBGAME-26JUL121605COLSF,2026-07-11T22:14:53Z,2026-07-11,0.5849999999999682,0.5849999999999682,0.0,1.0,350567.60000000003,False,,24.79630398750305,300,,100.0000000000012,,,,True,KXMLBGAME-26JUL121605COLSF
KXMLBGAME-26JUL121605COLSF,2026-07-11T22:16:28Z,2026-07-11,0.5849999999999682,0.5849999999999682,0.0,1.0,349536.61,False,,7.038662910461426,300,,100.0000000000012,1.0,214.0,214.0,True,KXMLBGAME-26JUL121605COLSF
KXMLBGAME-26JUL121605COLSF,2026-07-11T22:16:33Z,2026-07-11,0.5849999999999682,0.5849999999999682,0.0,1.0,349536.61,False,,12.038662910461426,300,,100.0000000000012,1.0,200.0,214.0,True,KXMLBGAME-26JUL121605COLSF
KXMLBGAME-26JUL121605COLSF,2026-07-11T22:19:50Z,2026-07-11,0.5849999999999682,0.5849999999999682,0.0,1.0,349426.61,False,111.0,48.06604290008545,300,-0.9808853160948849,100.0000000000012,1.0,234.0,1043.0,True,KXMLBGAME-26JUL121605COLSF
KXMLBGAME-26JUL121605COLSF,2026-07-11T22:21:37Z,2026-07-11,0.5849999999999682,0.5849999999999682,0.0,1.0,349366.61,False,218.0,54.057559967041016,300,-0.9808853160948849,100.0000000000012,1.0,346.0,1328.0,True,KXMLBGAME-26JUL121605COLSF
KXMLBGAME-26JUL121605COLSF,2026-07-11T22:22:15Z,2026-07-11,0.5849999999999682,0.5849999999999682,0.0,1.0,349273.61,False,256.0,35.74936103820801,300,-0.9808853160948849,100.0000000000012,1.0,343.0,1556.0,True,KXMLBGAME-26JUL121605COLSF
KXMLBGAME-26JUL121605COLSF,2026-07-12T20:05:59Z,2026-07-12,0.5849999999999682,0.4850000000000207,-0.09999999999994752,1.0,,,198.0,,300,-0.8629417666000603,,,,,True,KXMLBGAME-26JUL121605COLSF
KXMLBGAME-26JUL121605COLSF,2026-07-12T20:29:28Z,2026-07-12,0.47499999999999093,0.49500000000000105,0.02000000000001012,1.0,,,43.0,,300,-0.9836613821449541,,,,,True,KXMLBGAME-26JUL121605COLSF
KXMLBGAME-26JUL121605COLSF,2026-07-12T20:30:29Z,2026-07-12,0.49500000000000105,0.5250000000000091,0.030000000000008076,1.0,,,104.0,,300,-0.9836613821449541,,,,,True,KXMLBGAME-26JUL121605COLSF
KXMLBGAME-26JUL121605COLSF,2026-07-12T20:33:32Z,2026-07-12,0.5250000000000091,0.5250000000000091,0.0,1.0,,,287.0,,300,-0.9836613821449541,,,,,True,KXMLBGAME-26JUL121605COLSF
KXMLBGAME-26JUL121605COLSF,2026-07-12T20:54:44Z,2026-07-12,0.4699999999999821,0.45500000000004576,-0.014999999999936342,1.0,,,104.0,,300,-0.06639653758033826,,,,,True,KXMLBGAME-26JUL121605COLSF
KXMLBGAME-26JUL121605COLSF,2026-07-12T20:56:15Z,2026-07-12,0.45500000000004576,0.46499999999995306,0.009999999999907305,1.0,,,195.0,,300,-0.06639653758033826,,,,,True,KXMLBGAME-26JUL121605COLSF
KXMLBGAME-26JUL121605COLSF,2026-07-12T20:56:39Z,2026-07-12,0.46499999999995306,0.5049999999999989,0.04000000000004583,1.0,,,219.0,,300,-0.06639653758033826,,,,,True,KXMLBGAME-26JUL121605COLSF
KXMLBGAME-26JUL121605COLSF,2026-07-12T21:17:52Z,2026-07-12,0.6250000000001539,0.6250000000001539,0.0,1.0,,,21.0,,300,-0.10525591669571599,,,,,True,KXMLBGAME-26JUL121605COLSF
KXMLBGAME-26JUL121605COLSF,2026-07-12T21:19:14Z,2026-07-12,0.6250000000001539,0.5549999999999649,-0.07000000000018902,1.0,,,103.0,,300,-0.10525591669571599,,,,,True,KXMLBGAME-26JUL121605COLSF
KXMLBGAME-26JUL121605COLSF,2026-07-12T21:20:43Z,2026-07-12,0.5549999999999649,0.5449999999999542,-0.010000000000010667,1.0,,,192.0,,300,-0.10525591669571599,,,,,True,KXMLBGAME-26JUL121605COLSF
KXMLBGAME-26JUL121605COLSF,2026-07-12T21:22:10Z,2026-07-12,0.5449999999999542,0.5449999999999542,0.0,1.0,,,279.0,,300,-0.10525591669571599,,,,,True,KXMLBGAME-26JUL121605COLSF
KXMLBGAME-26JUL121605COLSF,2026-07-12T21:42:46Z,2026-07-12,0.6049999999999788,0.6650000000002556,0.06000000000027683,1.0,,,103.0,,300,-0.15691590604996516,,,,,True,KXMLBGAME-26JUL121605COLSF
KXMLBGAME-26JUL121605COLSF,2026-07-12T21:44:05Z,2026-07-12,0.6650000000002556,0.6650000000002556,0.0,1.0,,,182.0,,300,-0.15691590604996516,,,,,True,KXMLBGAME-26JUL121605COLSF
KXMLBGAME-26JUL121605COLSF,2026-07-12T21:44:15Z,2026-07-12,0.6650000000002556,0.6149999999999062,-0.05000000000034943,1.0,,,192.0,,300,-0.15691590604996516,,,,,True,KXMLBGAME-26JUL121605COLSF
KXMLBGAME-26JUL121605COLSF,2026-07-12T21:45:42Z,2026-07-12,0.6149999999999062,0.6250000000001539,0.0100000000002477,1.0,,,279.0,,300,-0.15691590604996516,,,,,True,KXMLBGAME-26JUL121605COLSF
KXMLBGAME-26JUL121605COLSF,2026-07-12T22:04:58Z,2026-07-12,0.64,0.7049999999996712,0.06499999999967121,1.0,,,25.0,,300,0.9848717884067472,,,,,True,KXMLBGAME-26JUL121605COLSF
KXMLBGAME-26JUL121605COLSF,2026-07-12T22:06:16Z,2026-07-12,0.7049999999996712,0.9450000000004511,0.24000000000077992,1.0,,,103.0,,300,0.9848717884067472,,,,,True,KXMLBGAME-26JUL121605COLSF
KXMLBGAME-26JUL121605COLSF,2026-07-12T22:09:14Z,2026-07-12,0.9450000000004511,0.9549999999996946,0.009999999999243503,1.0,,,281.0,,300,0.9848717884067472,,,,,True,KXMLBGAME-26JUL121605COLSF
KXMLBGAME-26JUL121610AZLAD,2026-07-11T02:10:38Z,2026-07-11,0.65,0.65,0.0,0.0,9186.33,False,21.0,46.95724606513977,300,0.3493865992606882,100.00000000000009,1.0,,434.0,False,KXMLBGAME-26JUL121610AZLAD
KXMLBGAME-26JUL121610AZLAD,2026-07-11T02:12:13Z,2026-07-11,0.65,0.65,0.0,0.0,9186.33,False,116.0,39.75417995452881,300,0.3493865992606882,100.00000000000009,-1.0,-443.0,-9.0,False,KXMLBGAME-26JUL121610AZLAD
KXMLBGAME-26JUL121610AZLAD,2026-07-11T02:13:38Z,2026-07-11,0.65,0.65,0.0,0.0,9168.33,False,201.0,22.898250102996826,300,0.3493865992606882,100.00000000000009,-1.0,,-443.0,False,KXMLBGAME-26JUL121610AZLAD
KXMLBGAME-26JUL121610AZLAD,2026-07-11T02:15:03Z,2026-07-11,0.65,0.65,0.0,0.0,9168.33,False,286.0,6.354171991348267,300,0.3493865992606882,100.00000000000009,-1.0,,-443.0,False,KXMLBGAME-26JUL121610AZLAD
KXMLBGAME-26JUL121610AZLAD,2026-07-11T02:16:15Z,2026-07-11,0.65,0.65,0.0,0.0,9167.33,False,,25.64190411567688,300,,100.00000000000009,-1.0,,-443.0,False,KXMLBGAME-26JUL121610AZLAD
KXMLBGAME-26JUL121610AZLAD,2026-07-11T02:16:28Z,2026-07-11,0.65,0.65,0.0,0.0,9167.33,False,,38.64190411567688,300,,100.00000000000009,-1.0,,-443.0,False,KXMLBGAME-26JUL121610AZLAD
KXMLBGAME-26JUL121610AZLAD,2026-07-11T02:17:54Z,2026-07-11,0.65,0.65,0.0,0.0,9168.33,False,,33.10057210922241,300,,100.00000000000009,,,,False,KXMLBGAME-26JUL121610AZLAD
KXMLBGAME-26JUL121610AZLAD,2026-07-11T02:19:17Z,2026-07-11,0.65,0.65,0.0,0.0,9172.33,False,,26.598697900772095,300,,100.00000000000009,,,,False,KXMLBGAME-26JUL121610AZLAD
KXMLBGAME-26JUL121610AZLAD,2026-07-11T02:20:39Z,2026-07-11,0.65,0.65,0.0,0.0,9182.33,False,,17.621962070465088,300,,100.00000000000009,,,,False,KXMLBGAME-26JUL121610AZLAD
KXMLBGAME-26JUL121610AZLAD,2026-07-11T02:21:54Z,2026-07-11,0.65,0.65,0.0,0.0,9186.33,False,,49.06157898902893,300,,100.00000000000009,,,,False,KXMLBGAME-26JUL121610AZLAD
KXMLBGAME-26JUL121610AZLAD,2026-07-11T02:21:54Z,2026-07-11,0.65,0.65,0.0,0.0,9186.33,False,,49.06157898902893,300,,100.00000000000009,,,,False,KXMLBGAME-26JUL121610AZLAD
KXMLBGAME-26JUL121610AZLAD,2026-07-11T02:23:16Z,2026-07-11,0.65,0.65,0.0,0.0,9188.35,False,,29.842967987060547,300,,100.00000000000009,-1.0,,-443.0,False,KXMLBGAME-26JUL121610AZLAD
KXMLBGAME-26JUL121610AZLAD,2026-07-11T02:24:38Z,2026-07-11,0.65,0.65,0.0,0.0,9187.35,False,,10.936920881271362,300,,100.00000000000009,-1.0,,-443.0,False,KXMLBGAME-26JUL121610AZLAD
KXMLBGAME-26JUL121610AZLAD,2026-07-11T02:26:00Z,2026-07-11,0.65,0.65,0.0,0.0,9194.35,False,,43.122381925582886,300,,100.00000000000009,-1.0,,-443.0,False,KXMLBGAME-26JUL121610AZLAD
KXMLBGAME-26JUL121610AZLAD,2026-07-11T02:27:23Z,2026-07-11,0.65,0.65,0.0,0.0,9203.35,False,,25.484941005706787,300,,100.00000000000009,,,,False,KXMLBGAME-26JUL121610AZLAD
KXMLBGAME-26JUL121610AZLAD,2026-07-11T02:27:30Z,2026-07-11,0.65,0.65,0.0,0.0,9203.35,False,,32.48494100570679,300,,100.00000000000009,,,,False,KXMLBGAME-26JUL121610AZLAD
KXMLBGAME-26JUL121610AZLAD,2026-07-11T02:28:46Z,2026-07-11,0.65,0.65,0.0,0.0,9120.33,False,,8.145333051681519,300,,100.00000000000009,1.0,436.0,436.0,False,KXMLBGAME-26JUL121610AZLAD
KXMLBGAME-26JUL121610AZLAD,2026-07-11T02:30:10Z,2026-07-11,0.65,0.65,0.0,0.0,9109.65,False,,41.47108602523804,300,,100.00000000000009,-1.0,,1.0,False,KXMLBGAME-26JUL121610AZLAD
KXMLBGAME-26JUL121610AZLAD,2026-07-11T02:31:35Z,2026-07-11,0.65,0.65,0.0,0.0,9115.65,False,,29.12468910217285,300,,100.00000000000009,-1.0,,1.0,False,KXMLBGAME-26JUL121610AZLAD
KXMLBGAME-26JUL121610AZLAD,2026-07-11T02:33:06Z,2026-07-11,0.65,0.65,0.0,0.0,9122.65,False,34.0,20.376842975616455,300,0.45346599249714564,100.00000000000009,-1.0,,-435.0,False,KXMLBGAME-26JUL121610AZLAD
KXMLBGAME-26JUL121610AZLAD,2026-07-11T02:34:25Z,2026-07-11,0.65,0.65,0.0,0.0,9130.65,False,113.0,49.27947497367859,300,0.45346599249714564,100.00000000000009,,,,False,KXMLBGAME-26JUL121610AZLAD
KXMLBGAME-26JUL121610AZLAD,2026-07-11T02:35:47Z,2026-07-11,0.65,0.65,0.0,0.0,9140.65,False,195.0,29.95017695426941,300,0.45346599249714564,100.00000000000009,,,,False,KXMLBGAME-26JUL121610AZLAD
KXMLBGAME-26JUL121610AZLAD,2026-07-11T02:37:14Z,2026-07-11,0.65,0.65,0.0,0.0,9147.65,False,282.0,14.009850025177002,300,0.45346599249714564,100.00000000000009,,,,False,KXMLBGAME-26JUL121610AZLAD
KXMLBGAME-26JUL121610AZLAD,2026-07-11T02:38:34Z,2026-07-11,0.65,0.65,0.0,0.0,9153.65,False,,42.45158100128174,300,,100.00000000000009,,,,False,KXMLBGAME-26JUL121610AZLAD
KXMLBGAME-26JUL121610AZLAD,2026-07-11T02:38:39Z,2026-07-11,0.65,0.65,0.0,0.0,9153.65,False,,47.45158100128174,300,,100.00000000000009,,,,False,KXMLBGAME-26JUL121610AZLAD
KXMLBGAME-26JUL121610AZLAD,2026-07-11T02:40:00Z,2026-07-11,0.65,0.65,0.0,0.0,9147.65,False,,26.623750925064087,300,,100.00000000000009,,,,False,KXMLBGAME-26JUL121610AZLAD
KXMLBGAME-26JUL121610AZLAD,2026-07-11T02:41:20Z,2026-07-11,0.65,0.65,0.0,0.0,9156.65,False,,8.157330989837646,300,,100.00000000000009,,,,False,KXMLBGAME-26JUL121610AZLAD
KXMLBGAME-26JUL121610AZLAD,2026-07-11T02:42:44Z,2026-07-11,0.65,0.65,0.0,0.0,9159.65,False,,42.84124994277954,300,,100.00000000000009,,,,False,KXMLBGAME-26JUL121610AZLAD
KXMLBGAME-26JUL121610AZLAD,2026-07-11T02:44:05Z,2026-07-11,0.65,0.65,0.0,0.0,9168.65,False,,26.772829055786133,300,,100.00000000000009,,,,False,KXMLBGAME-26JUL121610AZLAD
KXMLBGAME-26JUL121610AZLAD,2026-07-11T02:44:15Z,2026-07-11,0.65,0.65,0.0,0.0,9168.65,False,,36.77282905578613,300,,100.00000000000009,,,,False,KXMLBGAME-26JUL121610AZLAD
KXMLBGAME-26JUL121610AZLAD,2026-07-11T02:45:22Z,2026-07-11,0.65,0.65,0.0,0.0,9174.65,False,,10.139425039291382,300,,100.00000000000009,,,,False,KXMLBGAME-26JUL121610AZLAD
KXMLBGAME-26JUL121610AZLAD,2026-07-11T02:46:39Z,2026-07-11,0.65,0.65,0.0,0.0,9177.65,False,,42.23850703239441,300,,100.00000000000009,,,,False,KXMLBGAME-26JUL121610AZLAD
KXMLBGAME-26JUL121610AZLAD,2026-07-11T02:47:58Z,2026-07-11,0.65,0.65,0.0,0.0,9188.65,False,,28.080739974975586,300,,100.00000000000009,,,,False,KXMLBGAME-26JUL121610AZLAD
KXMLBGAME-26JUL121610AZLAD,2026-07-11T02:49:12Z,2026-07-11,0.65,0.65,0.0,0.0,9180.65,False,,7.161704063415527,300,,100.00000000000009,,,,False,KXMLBGAME-26JUL121610AZLAD
KXMLBGAME-26JUL121610AZLAD,2026-07-11T02:49:48Z,2026-07-11,0.65,0.65,0.0,0.0,9180.65,False,,43.16170406341553,300,,100.00000000000009,1.0,431.0,431.0,False,KXMLBGAME-26JUL121610AZLAD
KXMLBGAME-26JUL121610AZLAD,2026-07-11T02:50:32Z,2026-07-11,0.65,0.65,0.0,0.0,9165.15,False,,38.65630888938904,300,,100.00000000000009,1.0,,431.0,False,KXMLBGAME-26JUL121610AZLAD
KXMLBGAME-26JUL121610AZLAD,2026-07-11T02:51:53Z,2026-07-11,0.65,0.65,0.0,0.0,9171.15,False,,24.647608995437622,300,,100.00000000000009,1.0,,431.0,False,KXMLBGAME-26JUL121610AZLAD
KXMLBGAME-26JUL121610AZLAD,2026-07-11T02:53:07Z,2026-07-11,0.65,0.65,0.0,0.0,9174.15,False,,5.016820907592773,300,,100.00000000000009,1.0,,929.0,False,KXMLBGAME-26JUL121610AZLAD
KXMLBGAME-26JUL121610AZLAD,2026-07-11T02:55:22Z,2026-07-11,0.65,0.65,0.0,0.0,9185.15,False,77.0,0.9057021141052246,300,0.46805257658252214,100.00000000000009,1.0,,498.0,False,KXMLBGAME-26JUL121610AZLAD
KXMLBGAME-26JUL121610AZLAD,2026-07-11T02:55:58Z,2026-07-11,0.65,0.65,0.0,0.0,9185.15,False,113.0,36.905702114105225,300,0.46805257658252214,100.00000000000009,1.0,,498.0,False,KXMLBGAME-26JUL121610AZLAD
KXMLBGAME-26JUL121610AZLAD,2026-07-11T02:57:17Z,2026-07-11,0.65,0.65,0.0,0.0,9192.15,False,192.0,28.330135107040405,300,0.46805257658252214,100.00000000000009,,,,False,KXMLBGAME-26JUL121610AZLAD
KXMLBGAME-26JUL121610AZLAD,2026-07-11T02:58:35Z,2026-07-11,0.65,0.65,0.0,0.0,9198.15,False,270.0,17.07113003730774,300,0.46805257658252214,100.00000000000009,,,,False,KXMLBGAME-26JUL121610AZLAD
KXMLBGAME-26JUL121610AZLAD,2026-07-11T02:59:52Z,2026-07-11,0.65,0.65,0.0,0.0,9203.15,False,,10.027349948883057,300,,100.00000000000009,,,,False,KXMLBGAME-26JUL121610AZLAD
KXMLBGAME-26JUL121610AZLAD,2026-07-11T03:00:54Z,2026-07-11,0.65,0.65,0.0,0.0,9207.15,False,,31.620956897735596,300,,100.00000000000009,,,,False,KXMLBGAME-26JUL121610AZLAD
KXMLBGAME-26JUL121610AZLAD,2026-07-11T03:01:04Z,2026-07-11,0.65,0.65,0.0,0.0,9209.15,False,,0.6968650817871094,300,,100.00000000000009,,,,False,KXMLBGAME-26JUL121610AZLAD
KXMLBGAME-26JUL121610AZLAD,2026-07-11T03:02:19Z,2026-07-11,0.65,0.65,0.0,0.0,9191.15,False,,34.68836307525635,300,,100.00000000000009,,,,False,KXMLBGAME-26JUL121610AZLAD
KXMLBGAME-26JUL121610AZLAD,2026-07-11T03:03:39Z,2026-07-11,0.65,0.65,0.0,0.0,9193.15,False,,35.608959913253784,300,,100.00000000000009,,,,False,KXMLBGAME-26JUL121610AZLAD
KXMLBGAME-26JUL121610AZLAD,2026-07-11T03:04:52Z,2026-07-11,0.65,0.65,0.0,0.0,9197.15,False,,29.382932901382446,300,,100.00000000000009,,,,False,KXMLBGAME-26JUL121610AZLAD
KXMLBGAME-26JUL121610AZLAD,2026-07-11T03:06:08Z,2026-07-11,0.65,0.65,0.0,0.0,9199.15,False,,25.621227025985718,300,,100.00000000000009,,,,False,KXMLBGAME-26JUL121610AZLAD
KXMLBGAME-26JUL121610AZLAD,2026-07-11T03:06:20Z,2026-07-11,0.65,0.65,0.0,0.0,9199.15,False,,37.62122702598572,300,,100.00000000000009,,,,False,KXMLBGAME-26JUL121610AZLAD
KXMLBGAME-26JUL121610AZLAD,2026-07-11T03:07:27Z,2026-07-11,0.65,0.65,0.0,0.0,9203.15,False,,24.595494031906128,300,,100.00000000000009,,,,False,KXMLBGAME-26JUL121610AZLAD
KXMLBGAME-26JUL121610AZLAD,2026-07-11T03:08:42Z,2026-07-11,0.65,0.65,0.0,0.0,9207.15,False,,20.0506329536438,300,,100.00000000000009,,,,False,KXMLBGAME-26JUL121610AZLAD
KXMLBGAME-26JUL121610AZLAD,2026-07-11T03:10:08Z,2026-07-11,0.65,0.65,0.0,0.0,9201.15,False,,21.661963939666748,300,,100.00000000000009,,,,False,KXMLBGAME-26JUL121610AZLAD
KXMLBGAME-26JUL121610AZLAD,2026-07-11T03:11:21Z,2026-07-11,0.65,0.65,0.0,0.0,9206.15,False,,15.744611978530884,300,,100.00000000000009,,,,False,KXMLBGAME-26JUL121610AZLAD
KXMLBGAME-26JUL121610AZLAD,2026-07-11T03:11:46Z,2026-07-11,0.65,0.65,0.0,0.0,9208.15,False,,0.9839279651641846,300,,100.00000000000009,,,,False,KXMLBGAME-26JUL121610AZLAD
KXMLBGAME-26JUL121610AZLAD,2026-07-11T03:12:42Z,2026-07-11,0.65,0.65,0.0,0.0,9211.15,False,,16.641648054122925,300,,100.00000000000009,,,,False,KXMLBGAME-26JUL121610AZLAD
KXMLBGAME-26JUL121610AZLAD,2026-07-11T03:14:04Z,2026-07-11,0.65,0.65,0.0,0.0,9215.15,False,,16.636367082595825,300,,100.00000000000009,-1.0,-493.0,-493.0,False,KXMLBGAME-26JUL121610AZLAD
KXMLBGAME-26JUL121610AZLAD,2026-07-11T03:17:03Z,2026-07-11,0.65,0.65,0.0,0.0,9107.51,False,112.0,36.104756116867065,300,0.3996101848518331,100.00000000000009,-1.0,,-493.0,False,KXMLBGAME-26JUL121610AZLAD
KXMLBGAME-26JUL121610AZLAD,2026-07-11T03:17:16Z,2026-07-11,0.65,0.65,0.0,0.0,9109.51,False,125.0,9.945962905883789,300,0.3996101848518331,100.00000000000009,-1.0,,-493.0,False,KXMLBGAME-26JUL121610AZLAD
KXMLBGAME-26JUL121610AZLAD,2026-07-11T03:18:24Z,2026-07-11,0.65,0.65,0.0,0.0,9111.51,False,193.0,37.95340609550476,300,0.3996101848518331,100.00000000000009,1.0,563.0,70.0,False,KXMLBGAME-26JUL121610AZLAD
KXMLBGAME-26JUL121610AZLAD,2026-07-11T03:19:45Z,2026-07-11,0.65,0.65,0.0,0.0,8932.35,False,274.0,39.98160910606384,300,0.3996101848518331,100.00000000000009,1.0,,563.0,False,KXMLBGAME-26JUL121610AZLAD
KXMLBGAME-26JUL121610AZLAD,2026-07-11T03:21:04Z,2026-07-11,0.65,0.65,0.0,0.0,8932.35,False,,38.41793704032898,300,,100.00000000000009,1.0,,563.0,False,KXMLBGAME-26JUL121610AZLAD
KXMLBGAME-26JUL121610AZLAD,2026-07-11T03:22:23Z,2026-07-11,0.65,0.65,0.0,0.0,8934.35,False,,37.89397096633911,300,,100.00000000000009,1.0,,563.0,False,KXMLBGAME-26JUL121610AZLAD
KXMLBGAME-26JUL121610AZLAD,2026-07-11T03:22:45Z,2026-07-11,0.65,0.65,0.0,0.0,8935.35,False,,19.819222927093506,300,,100.00000000000009,1.0,,563.0,False,KXMLBGAME-26JUL121610AZLAD
KXMLBGAME-26JUL121610AZLAD,2026-07-11T03:23:45Z,2026-07-11,0.65,0.65,0.0,0.0,8936.35,False,,38.99284601211548,300,,100.00000000000009,,,,False,KXMLBGAME-26JUL121610AZLAD
KXMLBGAME-26JUL121610AZLAD,2026-07-11T03:25:02Z,2026-07-11,0.65,0.65,0.0,0.0,8938.35,False,,32.88787508010864,300,,100.00000000000009,,,,False,KXMLBGAME-26JUL121610AZLAD
KXMLBGAME-26JUL121610AZLAD,2026-07-11T03:26:21Z,2026-07-11,0.65,0.65,0.0,0.0,8940.35,False,,27.132150888442993,300,,100.00000000000009,,,,False,KXMLBGAME-26JUL121610AZLAD
KXMLBGAME-26JUL121610AZLAD,2026-07-11T03:27:40Z,2026-07-11,0.65,0.65,0.0,0.0,8942.35,False,,26.487685918807983,300,,100.00000000000009,-1.0,-681.0,-681.0,False,KXMLBGAME-26JUL121610AZLAD
KXMLBGAME-26JUL121610AZLAD,2026-07-11T03:28:15Z,2026-07-11,0.65,0.65,0.0,0.0,8831.25,False,,21.978025913238525,300,,100.00000000000009,-1.0,-681.0,-681.0,False,KXMLBGAME-26JUL121610AZLAD
KXMLBGAME-26JUL121610AZLAD,2026-07-11T03:28:58Z,2026-07-11,0.65,0.65,0.0,0.0,8832.25,False,,24.17234992980957,300,,100.00000000000009,-1.0,,-681.0,False,KXMLBGAME-26JUL121610AZLAD
KXMLBGAME-26JUL121610AZLAD,2026-07-11T03:30:24Z,2026-07-11,0.65,0.65,0.0,0.0,8833.25,False,,29.143105030059814,300,,100.00000000000009,-1.0,,-681.0,False,KXMLBGAME-26JUL121610AZLAD
KXMLBGAME-26JUL121610AZLAD,2026-07-11T03:31:44Z,2026-07-11,0.65,0.65,0.0,0.0,8834.25,False,,25.339571952819824,300,,100.00000000000009,-1.0,,-681.0,False,KXMLBGAME-26JUL121610AZLAD
KXMLBGAME-26JUL121610AZLAD,2026-07-11T03:33:07Z,2026-07-11,0.65,0.65,0.0,0.0,8836.25,False,,25.126249074935913,300,,100.00000000000009,,,,False,KXMLBGAME-26JUL121610AZLAD
KXMLBGAME-26JUL121610AZLAD,2026-07-11T03:33:47Z,2026-07-11,0.65,0.65,0.0,0.0,8837.25,False,,24.250489950180054,300,,100.00000000000009,,,,False,KXMLBGAME-26JUL121610AZLAD
KXMLBGAME-26JUL121610AZLAD,2026-07-11T03:34:25Z,2026-07-11,0.65,0.65,0.0,0.0,8838.25,False,,21.457146883010864,300,,100.00000000000009,,,,False,KXMLBGAME-26JUL121610AZLAD
KXMLBGAME-26JUL121610AZLAD,2026-07-11T03:35:46Z,2026-07-11,0.65,0.65,0.0,0.0,8832.25,False,,20.878194093704224,300,,100.00000000000009,,,,False,KXMLBGAME-26JUL121610AZLAD
KXMLBGAME-26JUL121610AZLAD,2026-07-11T03:38:43Z,2026-07-11,0.65,0.65,0.0,0.0,8837.25,False,112.0,37.16050696372986,300,0.6734075723830736,100.00000000000009,,,,False,KXMLBGAME-26JUL121610AZLAD
KXMLBGAME-26JUL121610AZLAD,2026-07-11T03:39:19Z,2026-07-11,0.65,0.65,0.0,0.0,8838.25,False,148.0,33.47862696647644,300,0.6734075723830736,100.00000000000009,,,,False,KXMLBGAME-26JUL121610AZLAD
KXMLBGAME-26JUL121610AZLAD,2026-07-11T03:40:09Z,2026-07-11,0.65,0.65,0.0,0.0,8833.25,False,198.0,1.8397290706634521,300,0.6734075723830736,100.00000000000009,,,,False,KXMLBGAME-26JUL121610AZLAD
KXMLBGAME-26JUL121610AZLAD,2026-07-11T03:41:30Z,2026-07-11,0.65,0.65,0.0,0.0,8835.25,False,279.0,2.3408501148223877,300,0.6734075723830736,100.00000000000009,,,,False,KXMLBGAME-26JUL121610AZLAD
KXMLBGAME-26JUL121610AZLAD,2026-07-11T03:42:46Z,2026-07-11,0.65,0.65,0.0,0.0,8836.25,False,,38.192068099975586,300,,100.00000000000009,,,,False,KXMLBGAME-26JUL121610AZLAD
KXMLBGAME-26JUL121610AZLAD,2026-07-11T03:44:04Z,2026-07-11,0.65,0.65,0.0,0.0,8832.25,False,,36.27766489982605,300,,100.00000000000009,,,,False,KXMLBGAME-26JUL121610AZLAD
KXMLBGAME-26JUL121610AZLAD,2026-07-11T03:44:50Z,2026-07-11,0.65,0.65,0.0,0.0,8833.25,False,,4.69911789894104,300,,100.00000000000009,,,,False,KXMLBGAME-26JUL121610AZLAD
KXMLBGAME-26JUL121610AZLAD,2026-07-11T03:45:21Z,2026-07-11,0.65,0.65,0.0,0.0,8833.25,False,,35.69911789894104,300,,100.00000000000009,,,,False,KXMLBGAME-26JUL121610AZLAD
KXMLBGAME-26JUL121610AZLAD,2026-07-11T03:46:35Z,2026-07-11,0.65,0.65,0.0,0.0,8836.25,False,,32.896761894226074,300,,100.00000000000009,,,,False,KXMLBGAME-26JUL121610AZLAD
KXMLBGAME-26JUL121610AZLAD,2026-07-11T03:47:50Z,2026-07-11,0.65,0.65,0.0,0.0,8833.25,False,,22.370609045028687,300,,100.00000000000009,,,,False,KXMLBGAME-26JUL121610AZLAD
KXMLBGAME-26JUL121610AZLAD,2026-07-11T03:49:04Z,2026-07-11,0.65,0.65,0.0,0.0,8834.25,False,,9.92906904220581,300,,100.00000000000009,,,,False,KXMLBGAME-26JUL121610AZLAD
KXMLBGAME-26JUL121610AZLAD,2026-07-11T03:50:12Z,2026-07-11,0.65,0.65,0.0,0.0,8833.25,False,,35.02068901062012,300,,100.00000000000009,,,,False,KXMLBGAME-26JUL121610AZLAD
KXMLBGAME-26JUL121610AZLAD,2026-07-11T03:50:22Z,2026-07-11,0.65,0.65,0.0,0.0,8833.25,False,,2.222625970840454,300,,100.00000000000009,,,,False,KXMLBGAME-26JUL121610AZLAD
KXMLBGAME-26JUL121610AZLAD,2026-07-11T03:51:42Z,2026-07-11,0.65,0.65,0.0,0.0,8835.25,False,,39.047280073165894,300,,100.00000000000009,,,,False,KXMLBGAME-26JUL121610AZLAD
KXMLBGAME-26JUL121610AZLAD,2026-07-11T03:53:02Z,2026-07-11,0.65,0.65,0.0,0.0,8837.25,False,,32.235596895217896,300,,100.00000000000009,,,,False,KXMLBGAME-26JUL121610AZLAD
KXMLBGAME-26JUL121610AZLAD,2026-07-11T03:54:19Z,2026-07-11,0.65,0.65,0.0,0.0,8833.25,False,,27.563764095306396,300,,100.00000000000009,,,,False,KXMLBGAME-26JUL121610AZLAD
KXMLBGAME-26JUL121610AZLAD,2026-07-11T03:55:33Z,2026-07-11,0.65,0.65,0.0,0.0,8835.25,False,,22.775996923446655,300,,100.00000000000009,,,,False,KXMLBGAME-26JUL121610AZLAD
KXMLBGAME-26JUL121610AZLAD,2026-07-11T03:55:40Z,2026-07-11,0.65,0.65,0.0,0.0,8835.25,False,,29.775996923446655,300,,100.00000000000009,,,,False,KXMLBGAME-26JUL121610AZLAD
KXMLBGAME-26JUL121610AZLAD,2026-07-11T03:56:54Z,2026-07-11,0.65,0.65,0.0,0.0,8837.25,False,,22.38188099861145,300,,100.00000000000009,,,,False,KXMLBGAME-26JUL121610AZLAD
KXMLBGAME-26JUL121610AZLAD,2026-07-11T03:59:48Z,2026-07-11,0.65,0.65,0.0,0.0,8785.25,False,112.0,32.598474979400635,300,0.6734075723830736,100.00000000000009,-1.0,,-694.0,False,KXMLBGAME-26JUL121610AZLAD
KXMLBGAME-26JUL121610AZLAD,2026-07-11T04:01:09Z,2026-07-11,0.65,0.65,0.0,0.0,8743.73,False,193.0,31.189682960510254,300,0.6734075723830736,100.00000000000009,1.0,,695.0,False,KXMLBGAME-26JUL121610AZLAD
KXMLBGAME-26JUL121610AZLAD,2026-07-11T04:01:12Z,2026-07-11,0.65,0.65,0.0,0.0,8743.73,False,196.0,34.189682960510254,300,0.6734075723830736,100.00000000000009,1.0,,695.0,False,KXMLBGAME-26JUL121610AZLAD
KXMLBGAME-26JUL121610AZLAD,2026-07-11T04:02:26Z,2026-07-11,0.65,0.65,0.0,0.0,8744.73,False,270.0,27.152976036071777,300,0.6734075723830736,100.00000000000009,1.0,,695.0,False,KXMLBGAME-26JUL121610AZLAD
KXMLBGAME-26JUL121610AZLAD,2026-07-11T04:03:44Z,2026-07-11,0.65,0.65,0.0,0.0,8745.73,False,,24.441800117492676,300,,100.00000000000009,1.0,,1389.0,False,KXMLBGAME-26JUL121610AZLAD
KXMLBGAME-26JUL121610AZLAD,2026-07-11T04:05:02Z,2026-07-11,0.65,0.65,0.0,0.0,8743.73,False,,22.885369062423706,300,,100.00000000000009,,,,False,KXMLBGAME-26JUL121610AZLAD
KXMLBGAME-26JUL121610AZLAD,2026-07-11T04:06:19Z,2026-07-11,0.65,0.65,0.0,0.0,8743.73,False,,21.95598292350769,300,,100.00000000000009,,,,False,KXMLBGAME-26JUL121610AZLAD
KXMLBGAME-26JUL121610AZLAD,2026-07-11T04:06:39Z,2026-07-11,0.65,0.65,0.0,0.0,8745.73,False,,2.3392250537872314,300,,100.00000000000009,,,,False,KXMLBGAME-26JUL121610AZLAD
KXMLBGAME-26JUL121610AZLAD,2026-07-11T04:07:37Z,2026-07-11,0.65,0.65,0.0,0.0,8745.73,False,,20.61547088623047,300,,100.00000000000009,,,,False,KXMLBGAME-26JUL121610AZLAD
KXMLBGAME-26JUL121610AZLAD,2026-07-11T04:08:54Z,2026-07-11,0.65,0.65,0.0,0.0,8745.73,False,,18.50990104675293,300,,100.00000000000009,,,,False,KXMLBGAME-26JUL121610AZLAD
KXMLBGAME-26JUL121610AZLAD,2026-07-11T04:10:14Z,2026-07-11,0.65,0.65,0.0,0.0,8745.73,False,,20.8078670501709,300,,100.00000000000009,,,,False,KXMLBGAME-26JUL121610AZLAD
KXMLBGAME-26JUL121610AZLAD,2026-07-11T04:11:32Z,2026-07-11,0.65,0.65,0.0,0.0,8745.73,False,,16.35928988456726,300,,100.00000000000009,,,,False,KXMLBGAME-26JUL121610AZLAD
KXMLBGAME-26JUL121610AZLAD,2026-07-11T04:12:05Z,2026-07-11,0.65,0.65,0.0,0.0,8745.73,False,,10.899188041687012,300,,100.00000000000009,,,,False,KXMLBGAME-26JUL121610AZLAD
KXMLBGAME-26JUL121610AZLAD,2026-07-11T04:12:52Z,2026-07-11,0.65,0.65,0.0,0.0,8745.73,False,,19.606672048568726,300,,100.00000000000009,,,,False,KXMLBGAME-26JUL121610AZLAD
KXMLBGAME-26JUL121610AZLAD,2026-07-11T04:14:11Z,2026-07-11,0.65,0.65,0.0,0.0,8745.73,False,,19.61066508293152,300,,100.00000000000009,,,,False,KXMLBGAME-26JUL121610AZLAD
KXMLBGAME-26JUL121610AZLAD,2026-07-11T04:15:28Z,2026-07-11,0.65,0.65,0.0,0.0,8745.73,False,,20.5867760181427,300,,100.00000000000009,,,,False,KXMLBGAME-26JUL121610AZLAD
KXMLBGAME-26JUL121610AZLAD,2026-07-11T04:16:48Z,2026-07-11,0.65,0.65,0.0,0.0,8743.73,False,,22.54201102256775,300,,100.00000000000009,,,,False,KXMLBGAME-26JUL121610AZLAD
KXMLBGAME-26JUL121610AZLAD,2026-07-11T04:17:32Z,2026-07-11,0.65,0.65,0.0,0.0,8743.73,False,,28.520853996276855,300,,100.00000000000009,,,,False,KXMLBGAME-26JUL121610AZLAD
KXMLBGAME-26JUL121610AZLAD,2026-07-11T04:18:08Z,2026-07-11,0.65,0.65,0.0,0.0,8743.73,False,,26.585829973220825,300,,100.00000000000009,,,,False,KXMLBGAME-26JUL121610AZLAD
KXMLBGAME-26JUL121610AZLAD,2026-07-11T04:21:05Z,2026-07-11,0.65,0.65,0.0,0.0,8746.73,False,121.0,10.589176893234253,300,0.7693587820763051,100.00000000000009,,,,False,KXMLBGAME-26JUL121610AZLAD
KXMLBGAME-26JUL121610AZLAD,2026-07-11T04:22:20Z,2026-07-11,0.65,0.65,0.0,0.0,9746.73,False,196.0,6.11868691444397,300,0.7693587820763051,100.00000000000009,,,,False,KXMLBGAME-26JUL121610AZLAD
KXMLBGAME-26JUL121610AZLAD,2026-07-11T04:22:56Z,2026-07-11,0.65,0.65,0.0,0.0,9746.73,False,232.0,3.11543607711792,300,0.7693587820763051,100.00000000000009,,,,False,KXMLBGAME-26JUL121610AZLAD
KXMLBGAME-26JUL121610AZLAD,2026-07-11T04:23:39Z,2026-07-11,0.65,0.65,0.0,0.0,9750.73,False,275.0,7.9490790367126465,300,0.7693587820763051,100.00000000000009,,,,False,KXMLBGAME-26JUL121610AZLAD
KXMLBGAME-26JUL121610AZLAD,2026-07-11T04:24:55Z,2026-07-11,0.65,0.65,0.0,0.0,9754.73,False,,7.396269083023071,300,,100.00000000000009,,,,False,KXMLBGAME-26JUL121610AZLAD
KXMLBGAME-26JUL121610AZLAD,2026-07-11T04:26:13Z,2026-07-11,0.65,0.65,0.0,0.0,9758.73,False,,8.087080955505371,300,,100.00000000000009,,,,False,KXMLBGAME-26JUL121610AZLAD
KXMLBGAME-26JUL121610AZLAD,2026-07-11T04:27:33Z,2026-07-11,0.65,0.65,0.0,0.0,9762.73,False,,11.003633975982666,300,,100.00000000000009,,,,False,KXMLBGAME-26JUL121610AZLAD
KXMLBGAME-26JUL121610AZLAD,2026-07-11T04:28:22Z,2026-07-11,0.65,0.65,0.0,0.0,9764.73,False,,21.66972589492798,300,,100.00000000000009,,,,False,KXMLBGAME-26JUL121610AZLAD
KXMLBGAME-26JUL121610AZLAD,2026-07-11T04:28:54Z,2026-07-11,0.65,0.65,0.0,0.0,9766.73,False,,15.418590068817139,300,,100.00000000000009,,,,False,KXMLBGAME-26JUL121610AZLAD
KXMLBGAME-26JUL121610AZLAD,2026-07-11T04:30:20Z,2026-07-11,0.65,0.65,0.0,0.0,9770.73,False,,22.811065912246704,300,,100.00000000000009,,,,False,KXMLBGAME-26JUL121610AZLAD
KXMLBGAME-26JUL121610AZLAD,2026-07-11T04:31:39Z,2026-07-11,0.65,0.65,0.0,0.0,9774.73,False,,24.232075929641724,300,,100.00000000000009,,,,False,KXMLBGAME-26JUL121610AZLAD
KXMLBGAME-26JUL121610AZLAD,2026-07-11T04:32:55Z,2026-07-11,0.65,0.65,0.0,0.0,9778.73,False,,25.782346963882446,300,,100.00000000000009,,,,False,KXMLBGAME-26JUL121610AZLAD
KXMLBGAME-26JUL121610AZLAD,2026-07-11T04:33:51Z,2026-07-11,0.65,0.65,0.0,0.0,9782.73,False,,7.1948370933532715,300,,100.00000000000009,,,,False,KXMLBGAME-26JUL121610AZLAD
KXMLBGAME-26JUL121610AZLAD,2026-07-11T04:34:18Z,2026-07-11,0.65,0.65,0.0,0.0,9782.73,False,,34.19483709335327,300,,100.00000000000009,,,,False,KXMLBGAME-26JUL121610AZLAD
KXMLBGAME-26JUL121610AZLAD,2026-07-11T04:35:35Z,2026-07-11,0.65,0.65,0.0,0.0,9786.73,False,,36.71547889709473,300,,100.00000000000009,,,,False,KXMLBGAME-26JUL121610AZLAD
KXMLBGAME-26JUL121610AZLAD,2026-07-11T04:36:54Z,2026-07-11,0.65,0.65,0.0,0.0,9792.73,False,,3.5355870723724365,300,,100.00000000000009,,,,False,KXMLBGAME-26JUL121610AZLAD
KXMLBGAME-26JUL121610AZLAD,2026-07-11T04:38:09Z,2026-07-11,0.65,0.65,0.0,0.0,9797.73,False,,4.0253660678863525,300,,100.00000000000009,,,,False,KXMLBGAME-26JUL121610AZLAD
KXMLBGAME-26JUL121610AZLAD,2026-07-11T04:39:11Z,2026-07-11,0.65,0.65,0.0,0.0,9799.73,False,,29.021825075149536,300,,100.00000000000009,,,,False,KXMLBGAME-26JUL121610AZLAD
KXMLBGAME-26JUL121610AZLAD,2026-07-11T04:39:24Z,2026-07-11,0.65,0.65,0.0,0.0,9799.73,False,,42.021825075149536,300,,100.00000000000009,,,,False,KXMLBGAME-26JUL121610AZLAD
KXMLBGAME-26JUL121610AZLAD,2026-07-11T04:42:25Z,2026-07-11,0.65,0.65,0.0,0.0,9776.73,False,125.0,23.030560970306396,300,0.924492005945935,100.00000000000009,,,,False,KXMLBGAME-26JUL121610AZLAD
KXMLBGAME-26JUL121610AZLAD,2026-07-11T04:43:41Z,2026-07-11,0.65,0.65,0.0,0.0,9780.73,False,201.0,24.029481887817383,300,0.924492005945935,100.00000000000009,,,,False,KXMLBGAME-26JUL121610AZLAD
KXMLBGAME-26JUL121610AZLAD,2026-07-11T04:44:33Z,2026-07-11,0.65,0.65,0.0,0.0,9784.73,False,253.0,1.9625630378723145,300,0.924492005945935,100.00000000000009,,,,False,KXMLBGAME-26JUL121610AZLAD
KXMLBGAME-26JUL121610AZLAD,2026-07-11T04:44:56Z,2026-07-11,0.65,0.65,0.0,0.0,9784.73,False,276.0,24.962563037872314,300,0.924492005945935,100.00000000000009,,,,False,KXMLBGAME-26JUL121610AZLAD
KXMLBGAME-26JUL121610AZLAD,2026-07-11T04:46:14Z,2026-07-11,0.65,0.65,0.0,0.0,9788.73,False,,28.67581796646118,300,,100.00000000000009,,,,False,KXMLBGAME-26JUL121610AZLAD
KXMLBGAME-26JUL121610AZLAD,2026-07-11T04:47:32Z,2026-07-11,0.65,0.65,0.0,0.0,8711.73,False,,31.865899085998535,300,,100.00000000000009,,,,False,KXMLBGAME-26JUL121610AZLAD
KXMLBGAME-26JUL121610AZLAD,2026-07-11T04:48:48Z,2026-07-11,0.65,0.65,0.0,0.0,8711.73,False,,31.76905107498169,300,,100.00000000000009,,,,False,KXMLBGAME-26JUL121610AZLAD
KXMLBGAME-26JUL121610AZLAD,2026-07-11T04:49:53Z,2026-07-11,0.65,0.65,0.0,0.0,8711.73,False,,21.968885898590088,300,,100.00000000000009,,,,False,KXMLBGAME-26JUL121610AZLAD
KXMLBGAME-26JUL121610AZLAD,2026-07-11T04:50:06Z,2026-07-11,0.65,0.65,0.0,0.0,8711.73,False,,34.96888589859009,300,,100.00000000000009,,,,False,KXMLBGAME-26JUL121610AZLAD
KXMLBGAME-26JUL121610AZLAD,2026-07-11T04:51:26Z,2026-07-11,0.65,0.65,0.0,0.0,8711.73,False,,39.85864305496216,300,,100.00000000000009,,,,False,KXMLBGAME-26JUL121610AZLAD
KXMLBGAME-26JUL121610AZLAD,2026-07-11T04:52:42Z,2026-07-11,0.65,0.65,0.0,0.0,8711.73,False,,0.5624120235443115,300,,100.00000000000009,,,,False,KXMLBGAME-26JUL121610AZLAD
KXMLBGAME-26JUL121610AZLAD,2026-07-11T04:53:56Z,2026-07-11,0.65,0.65,0.0,0.0,8711.73,False,,37.27440404891968,300,,100.00000000000009,,,,False,KXMLBGAME-26JUL121610AZLAD
KXMLBGAME-26JUL121610AZLAD,2026-07-11T04:55:12Z,2026-07-11,0.65,0.65,0.0,0.0,8711.73,False,,0.25751399993896484,300,,100.00000000000009,,,,False,KXMLBGAME-26JUL121610AZLAD
KXMLBGAME-26JUL121610AZLAD,2026-07-11T04:55:13Z,2026-07-11,0.65,0.65,0.0,0.0,8711.73,False,,1.2575139999389648,300,,100.00000000000009,,,,False,KXMLBGAME-26JUL121610AZLAD
KXMLBGAME-26JUL121610AZLAD,2026-07-11T04:56:31Z,2026-07-11,0.65,0.65,0.0,0.0,8711.73,False,,3.731969118118286,300,,100.00000000000009,,,,False,KXMLBGAME-26JUL121610AZLAD
KXMLBGAME-26JUL121610AZLAD,2026-07-11T04:57:53Z,2026-07-11,0.65,0.65,0.0,0.0,8711.73,False,,10.554338932037354,300,,100.00000000000009,,,,False,KXMLBGAME-26JUL121610AZLAD
KXMLBGAME-26JUL121610AZLAD,2026-07-11T04:59:07Z,2026-07-11,0.65,0.65,0.0,0.0,8462.73,False,,9.207490921020508,300,,100.00000000000009,,,,False,KXMLBGAME-26JUL121610AZLAD
KXMLBGAME-26JUL121610AZLAD,2026-07-11T05:00:24Z,2026-07-11,0.65,0.65,0.0,0.0,8462.73,False,,11.331527948379517,300,,100.00000000000009,,,,False,KXMLBGAME-26JUL121610AZLAD
KXMLBGAME-26JUL121610AZLAD,2026-07-11T05:00:33Z,2026-07-11,0.65,0.65,0.0,0.0,8462.73,False,,20.331527948379517,300,,100.00000000000009,,,,False,KXMLBGAME-26JUL121610AZLAD
KXMLBGAME-26JUL121610AZLAD,2026-07-11T05:03:13Z,2026-07-11,0.65,0.65,0.0,0.0,8462.73,False,118.0,31.01306390762329,300,0.7765065745044294,100.00000000000009,,,,False,KXMLBGAME-26JUL121610AZLAD
KXMLBGAME-26JUL121610AZLAD,2026-07-11T05:04:21Z,2026-07-11,0.65,0.6650000000002556,0.015000000000255587,0.0,8462.73,False,186.0,24.22186303138733,300,0.7765065745044294,100.00000000000009,,,,False,KXMLBGAME-26JUL121610AZLAD
KXMLBGAME-26JUL121610AZLAD,2026-07-12T01:11:24Z,2026-07-12,0.6650000000002556,0.6650000000002556,0.0,0.0,351476.35,False,,55.02931094169617,300,,99.99999999999898,,,,False,KXMLBGAME-26JUL121610AZLAD
KXMLBGAME-26JUL121610AZLAD,2026-07-12T01:13:14Z,2026-07-12,0.6650000000002556,0.6650000000002556,0.0,0.0,350787.35,False,,37.81264805793762,300,,99.99999999999898,,,,False,KXMLBGAME-26JUL121610AZLAD
KXMLBGAME-26JUL121610AZLAD,2026-07-12T01:14:43Z,2026-07-12,0.6650000000002556,0.6650000000002556,0.0,0.0,350762.35,False,,63.8789849281311,300,,99.99999999999898,-1.0,,-2.0,False,KXMLBGAME-26JUL121610AZLAD
KXMLBGAME-26JUL121610AZLAD,2026-07-12T01:15:13Z,2026-07-12,0.6650000000002556,0.6650000000002556,0.0,0.0,350762.35,False,,29.95196008682251,300,,99.99999999999898,-1.0,,-2.0,False,KXMLBGAME-26JUL121610AZLAD
KXMLBGAME-26JUL121610AZLAD,2026-07-12T01:17:13Z,2026-07-12,0.6650000000002556,0.6650000000002556,0.0,0.0,350770.63,False,,22.388394117355347,300,,99.99999999999898,1.0,94.0,92.0,False,KXMLBGAME-26JUL121610AZLAD
KXMLBGAME-26JUL121610AZLAD,2026-07-12T01:19:15Z,2026-07-12,0.6650000000002556,0.6650000000002556,0.0,0.0,351760.69,False,,16.430731058120728,300,,99.99999999999898,1.0,109.0,203.0,False,KXMLBGAME-26JUL121610AZLAD
KXMLBGAME-26JUL121610AZLAD,2026-07-12T01:20:26Z,2026-07-12,0.6650000000002556,0.6650000000002556,0.0,0.0,351820.68,False,,24.172152042388916,300,,99.99999999999898,1.0,,203.0,False,KXMLBGAME-26JUL121610AZLAD
KXMLBGAME-26JUL121610AZLAD,2026-07-12T01:21:17Z,2026-07-12,0.6650000000002556,0.6650000000002556,0.0,0.0,351891.68,False,,13.47771692276001,300,,99.99999999999898,1.0,58.0,261.0,False,KXMLBGAME-26JUL121610AZLAD
KXMLBGAME-26JUL121610AZLAD,2026-07-12T01:23:11Z,2026-07-12,0.6650000000002556,0.6650000000002556,0.0,0.0,349894.68000000005,False,,8.600477933883667,300,,99.99999999999898,1.0,,167.0,False,KXMLBGAME-26JUL121610AZLAD
KXMLBGAME-26JUL121610AZLAD,2026-07-12T01:25:06Z,2026-07-12,0.6650000000002556,0.6650000000002556,0.0,0.0,349894.68000000005,False,,62.496766090393066,300,,99.99999999999898,1.0,,58.0,False,KXMLBGAME-26JUL121610AZLAD
KXMLBGAME-26JUL121610AZLAD,2026-07-12T01:26:02Z,2026-07-12,0.6650000000002556,0.6650000000002556,0.0,0.0,349894.68000000005,False,,44.89208793640137,300,,99.99999999999898,1.0,,58.0,False,KXMLBGAME-26JUL121610AZLAD
KXMLBGAME-26JUL121610AZLAD,2026-07-12T01:27:07Z,2026-07-12,0.6650000000002556,0.6650000000002556,0.0,0.0,349946.68,False,,51.396708965301514,300,,99.99999999999898,1.0,61.0,61.0,False,KXMLBGAME-26JUL121610AZLAD
KXMLBGAME-26JUL121610AZLAD,2026-07-12T01:29:04Z,2026-07-12,0.6650000000002556,0.6650000000002556,0.0,0.0,350005.68,False,,41.58018493652344,300,,99.99999999999898,1.0,71.0,132.0,False,KXMLBGAME-26JUL121610AZLAD
KXMLBGAME-26JUL121610AZLAD,2026-07-12T01:31:36Z,2026-07-12,0.6650000000002556,0.6650000000002556,0.0,0.0,350040.68,False,51.0,5.347271919250488,300,-0.7985258476863186,99.99999999999898,1.0,,71.0,False,KXMLBGAME-26JUL121610AZLAD
KXMLBGAME-26JUL121610AZLAD,2026-07-12T01:32:29Z,2026-07-12,0.6650000000002556,0.6650000000002556,0.0,0.0,350040.68,False,104.0,58.34727191925049,300,-0.7985258476863186,99.99999999999898,1.0,,71.0,False,KXMLBGAME-26JUL121610AZLAD
KXMLBGAME-26JUL121610AZLAD,2026-07-12T01:34:19Z,2026-07-12,0.6650000000002556,0.6650000000002556,0.0,0.0,350080.68,False,214.0,49.32236194610596,300,-0.7985258476863186,99.99999999999898,-1.0,-206.0,-206.0,False,KXMLBGAME-26JUL121610AZLAD
KXMLBGAME-26JUL121610AZLAD,2026-07-12T01:36:14Z,2026-07-12,0.6650000000002556,0.6650000000002556,0.0,0.0,349457.68,False,,46.44591999053955,300,,99.99999999999898,1.0,,-137.0,False,KXMLBGAME-26JUL121610AZLAD
KXMLBGAME-26JUL121610AZLAD,2026-07-12T01:37:08Z,2026-07-12,0.6650000000002556,0.6650000000002556,0.0,0.0,349497.68,False,,41.8405179977417,300,,99.99999999999898,1.0,,-137.0,False,KXMLBGAME-26JUL121610AZLAD
KXMLBGAME-26JUL121610AZLAD,2026-07-12T01:38:12Z,2026-07-12,0.6650000000002556,0.6650000000002556,0.0,0.0,349537.68,False,,50.00927495956421,300,,99.99999999999898,1.0,,-137.0,False,KXMLBGAME-26JUL121610AZLAD
KXMLBGAME-26JUL121610AZLAD,2026-07-12T01:40:04Z,2026-07-12,0.6650000000002556,0.6650000000002556,0.0,0.0,349642.69,False,,50.60439205169678,300,,99.99999999999898,1.0,,67.0,False,KXMLBGAME-26JUL121610AZLAD
KXMLBGAME-26JUL121610AZLAD,2026-07-12T01:41:54Z,2026-07-12,0.6650000000002556,0.6650000000002556,0.0,0.0,349617.69,False,,51.14880394935608,300,,99.99999999999898,1.0,,67.0,False,KXMLBGAME-26JUL121610AZLAD
KXMLBGAME-26JUL121610AZLAD,2026-07-12T01:42:38Z,2026-07-12,0.6650000000002556,0.6650000000002556,0.0,0.0,349617.69,False,,40.774636030197144,300,,99.99999999999898,1.0,,67.0,False,KXMLBGAME-26JUL121610AZLAD
KXMLBGAME-26JUL121610AZLAD,2026-07-12T01:43:45Z,2026-07-12,0.6650000000002556,0.6650000000002556,0.0,0.0,349637.69,False,,52.8428521156311,300,,99.99999999999898,1.0,124.0,191.0,False,KXMLBGAME-26JUL121610AZLAD
KXMLBGAME-26JUL121610AZLAD,2026-07-12T01:45:34Z,2026-07-12,0.6650000000002556,0.6650000000002556,0.0,0.0,349697.67000000004,False,,49.99543309211731,300,,99.99999999999898,1.0,,124.0,False,KXMLBGAME-26JUL121610AZLAD
KXMLBGAME-26JUL121610AZLAD,2026-07-12T01:47:30Z,2026-07-12,0.6650000000002556,0.6650000000002556,0.0,0.0,349717.67000000004,False,,53.691482067108154,300,,99.99999999999898,1.0,59.0,183.0,False,KXMLBGAME-26JUL121610AZLAD
KXMLBGAME-26JUL121610AZLAD,2026-07-12T01:48:07Z,2026-07-12,0.6650000000002556,0.6650000000002556,0.0,0.0,330243.69,False,,36.919864892959595,300,,99.99999999999898,-1.0,57.0,181.0,False,KXMLBGAME-26JUL121610AZLAD
KXMLBGAME-26JUL121610AZLAD,2026-07-12T01:49:29Z,2026-07-12,0.6650000000002556,0.6650000000002556,0.0,0.0,327907.45,False,,8.753797054290771,300,,99.99999999999898,-1.0,,57.0,False,KXMLBGAME-26JUL121610AZLAD
KXMLBGAME-26JUL121610AZLAD,2026-07-12T01:51:18Z,2026-07-12,0.6650000000002556,0.6650000000002556,0.0,0.0,327908.45,False,,8.934863090515137,300,,99.99999999999898,-1.0,,57.0,False,KXMLBGAME-26JUL121610AZLAD
KXMLBGAME-26JUL121610AZLAD,2026-07-12T01:53:17Z,2026-07-12,0.6650000000002556,0.6650000000002556,0.0,0.0,347717.45,False,,16.26818299293518,300,,99.99999999999898,,,,False,KXMLBGAME-26JUL121610AZLAD
KXMLBGAME-26JUL121610AZLAD,2026-07-12T01:53:37Z,2026-07-12,0.6650000000002556,0.6650000000002556,0.0,0.0,347717.45,False,,36.26818299293518,300,,99.99999999999898,,,,False,KXMLBGAME-26JUL121610AZLAD
KXMLBGAME-26JUL121610AZLAD,2026-07-12T01:55:17Z,2026-07-12,0.6650000000002556,0.6650000000002556,0.0,0.0,327905.45,False,,23.574114084243774,300,,99.99999999999898,,,,False,KXMLBGAME-26JUL121610AZLAD
KXMLBGAME-26JUL121610AZLAD,2026-07-12T01:57:17Z,2026-07-12,0.6650000000002556,0.6650000000002556,0.0,0.0,349164.86,False,,30.23121690750122,300,,99.99999999999898,,,,False,KXMLBGAME-26JUL121610AZLAD
KXMLBGAME-26JUL121610AZLAD,2026-07-12T01:59:11Z,2026-07-12,0.6650000000002556,0.6650000000002556,0.0,0.0,349205.86,False,,31.73265290260315,300,,99.99999999999898,1.0,,53.0,False,KXMLBGAME-26JUL121610AZLAD
KXMLBGAME-26JUL121610AZLAD,2026-07-12T01:59:16Z,2026-07-12,0.6650000000002556,0.6650000000002556,0.0,0.0,349205.86,False,,36.73265290260315,300,,99.99999999999898,1.0,,53.0,False,KXMLBGAME-26JUL121610AZLAD
KXMLBGAME-26JUL121610AZLAD,2026-07-12T02:02:39Z,2026-07-12,0.6650000000002556,0.6650000000002556,0.0,0.0,349325.85,False,104.0,24.703792095184326,300,-0.8056282926786484,99.99999999999898,-1.0,-104.0,2.0,False,KXMLBGAME-26JUL121610AZLAD
KXMLBGAME-26JUL121610AZLAD,2026-07-12T02:04:42Z,2026-07-12,0.6650000000002556,0.6650000000002556,0.0,0.0,349313.41,False,227.0,43.214595079422,300,-0.8056282926786484,99.99999999999898,-1.0,,-50.0,False,KXMLBGAME-26JUL121610AZLAD
KXMLBGAME-26JUL121610AZLAD,2026-07-12T02:04:43Z,2026-07-12,0.6650000000002556,0.6650000000002556,0.0,0.0,349313.41,False,228.0,44.214595079422,300,-0.8056282926786484,99.99999999999898,-1.0,,-50.0,False,KXMLBGAME-26JUL121610AZLAD
KXMLBGAME-26JUL121610AZLAD,2026-07-12T02:06:46Z,2026-07-12,0.6650000000002556,0.6650000000002556,0.0,0.0,349333.41,False,,65.65780997276306,300,,99.99999999999898,-1.0,,-104.0,False,KXMLBGAME-26JUL121610AZLAD
KXMLBGAME-26JUL121610AZLAD,2026-07-12T02:08:34Z,2026-07-12,0.6650000000002556,0.6650000000002556,0.0,0.0,349413.41,False,,15.504045009613037,300,,99.99999999999898,,,,False,KXMLBGAME-26JUL121610AZLAD
KXMLBGAME-26JUL121610AZLAD,2026-07-12T02:10:17Z,2026-07-12,0.6650000000002556,0.6650000000002556,0.0,0.0,347168.44999999995,False,,14.80736494064331,300,,99.99999999999898,,,,False,KXMLBGAME-26JUL121610AZLAD
KXMLBGAME-26JUL121610AZLAD,2026-07-12T02:10:22Z,2026-07-12,0.6650000000002556,0.6650000000002556,0.0,0.0,347168.44999999995,False,,19.80736494064331,300,,99.99999999999898,,,,False,KXMLBGAME-26JUL121610AZLAD
KXMLBGAME-26JUL121610AZLAD,2026-07-12T02:12:13Z,2026-07-12,0.6650000000002556,0.6650000000002556,0.0,0.0,347743.45000000007,False,,27.165918111801147,300,,99.99999999999898,1.0,43.0,87.0,False,KXMLBGAME-26JUL121610AZLAD
KXMLBGAME-26JUL121610AZLAD,2026-07-12T02:14:06Z,2026-07-12,0.6650000000002556,0.6650000000002556,0.0,0.0,347765.44,False,,32.41328692436218,300,,99.99999999999898,1.0,,87.0,False,KXMLBGAME-26JUL121610AZLAD
KXMLBGAME-26JUL121610AZLAD,2026-07-12T02:15:41Z,2026-07-12,0.6650000000002556,0.6650000000002556,0.0,0.0,347880.44,False,,25.891243934631348,300,,99.99999999999898,1.0,,87.0,False,KXMLBGAME-26JUL121610AZLAD
KXMLBGAME-26JUL121610AZLAD,2026-07-12T02:15:53Z,2026-07-12,0.6650000000002556,0.6650000000002556,0.0,0.0,347880.44,False,,37.89124393463135,300,,99.99999999999898,1.0,,87.0,False,KXMLBGAME-26JUL121610AZLAD
KXMLBGAME-26JUL121610AZLAD,2026-07-12T02:17:40Z,2026-07-12,0.6650000000002556,0.6650000000002556,0.0,0.0,347885.44,False,,42.260128021240234,300,,99.99999999999898,,,,False,KXMLBGAME-26JUL121610AZLAD
KXMLBGAME-26JUL121610AZLAD,2026-07-12T02:19:24Z,2026-07-12,0.6650000000002556,0.6650000000002556,0.0,0.0,347885.44,False,,46.114131927490234,300,,99.99999999999898,,,,False,KXMLBGAME-26JUL121610AZLAD
KXMLBGAME-26JUL121610AZLAD,2026-07-12T02:21:05Z,2026-07-12,0.6650000000002556,0.6650000000002556,0.0,0.0,347889.44,False,,42.85400390625,300,,99.99999999999898,,,,False,KXMLBGAME-26JUL121610AZLAD
KXMLBGAME-26JUL121610AZLAD,2026-07-12T02:21:09Z,2026-07-12,0.6650000000002556,0.6650000000002556,0.0,0.0,347889.44,False,,46.85400390625,300,,99.99999999999898,,,,False,KXMLBGAME-26JUL121610AZLAD
KXMLBGAME-26JUL121610AZLAD,2026-07-12T02:22:56Z,2026-07-12,0.6650000000002556,0.6650000000002556,0.0,0.0,347879.44,False,,0.34458208084106445,300,,99.99999999999898,1.0,32.0,32.0,False,KXMLBGAME-26JUL121610AZLAD
KXMLBGAME-26JUL121610AZLAD,2026-07-12T02:24:46Z,2026-07-12,0.6650000000002556,0.6650000000002556,0.0,0.0,347990.44,False,,7.904259920120239,300,,99.99999999999898,1.0,,32.0,False,KXMLBGAME-26JUL121610AZLAD
KXMLBGAME-26JUL121610AZLAD,2026-07-12T02:26:26Z,2026-07-12,0.6650000000002556,0.6650000000002556,0.0,0.0,347966.44,False,,6.932468891143799,300,,99.99999999999898,1.0,,32.0,False,KXMLBGAME-26JUL121610AZLAD
KXMLBGAME-26JUL121610AZLAD,2026-07-12T02:26:38Z,2026-07-12,0.6650000000002556,0.6650000000002556,0.0,0.0,347966.44,False,,18.9324688911438,300,,99.99999999999898,1.0,,32.0,False,KXMLBGAME-26JUL121610AZLAD
KXMLBGAME-26JUL121610AZLAD,2026-07-12T02:28:26Z,2026-07-12,0.6650000000002556,0.6650000000002556,0.0,0.0,347988.44,False,,24.90305209159851,300,,99.99999999999898,,,,False,KXMLBGAME-26JUL121610AZLAD
KXMLBGAME-26JUL121610AZLAD,2026-07-12T02:31:33Z,2026-07-12,0.6650000000002556,0.6650000000002556,0.0,0.0,348428.44,False,106.0,9.035974979400635,300,-0.9861686080688032,99.99999999999898,,,,False,KXMLBGAME-26JUL121610AZLAD
KXMLBGAME-26JUL121610AZLAD,2026-07-12T02:31:48Z,2026-07-12,0.6650000000002556,0.6650000000002556,0.0,0.0,348428.44,False,121.0,24.035974979400635,300,-0.9861686080688032,99.99999999999898,,,,False,KXMLBGAME-26JUL121610AZLAD
KXMLBGAME-26JUL121610AZLAD,2026-07-12T02:33:18Z,2026-07-12,0.6650000000002556,0.6650000000002556,0.0,0.0,348559.45,False,211.0,13.028239011764526,300,-0.9861686080688032,99.99999999999898,1.0,22.0,22.0,False,KXMLBGAME-26JUL121610AZLAD
KXMLBGAME-26JUL121610AZLAD,2026-07-12T02:35:01Z,2026-07-12,0.6650000000002556,0.6650000000002556,0.0,0.0,348852.45,False,,15.44158411026001,300,,99.99999999999898,1.0,,22.0,False,KXMLBGAME-26JUL121610AZLAD
KXMLBGAME-26JUL121610AZLAD,2026-07-12T02:36:42Z,2026-07-12,0.6650000000002556,0.6650000000002556,0.0,0.0,349148.02,False,,16.505820989608765,300,,99.99999999999898,1.0,28.0,1.0,False,KXMLBGAME-26JUL121610AZLAD
KXMLBGAME-26JUL121610AZLAD,2026-07-12T02:37:10Z,2026-07-12,0.6650000000002556,0.6650000000002556,0.0,0.0,349148.02,False,,44.505820989608765,300,,99.99999999999898,-1.0,0.0,-27.0,False,KXMLBGAME-26JUL121610AZLAD
KXMLBGAME-26JUL121610AZLAD,2026-07-12T02:38:29Z,2026-07-12,0.6650000000002556,0.6650000000002556,0.0,0.0,349216.01999999996,False,,21.403309106826782,300,,99.99999999999898,1.0,90.0,41.0,False,KXMLBGAME-26JUL121610AZLAD
KXMLBGAME-26JUL121610AZLAD,2026-07-12T02:40:14Z,2026-07-12,0.6650000000002556,0.6650000000002556,0.0,0.0,349301.01,False,,25.17457604408264,300,,99.99999999999898,1.0,46.0,56.0,False,KXMLBGAME-26JUL121610AZLAD
KXMLBGAME-26JUL121610AZLAD,2026-07-12T02:42:03Z,2026-07-12,0.6650000000002556,0.6650000000002556,0.0,0.0,349322.02,False,,26.844276905059814,300,,99.99999999999898,1.0,45.0,150.0,False,KXMLBGAME-26JUL121610AZLAD
KXMLBGAME-26JUL121610AZLAD,2026-07-12T02:42:32Z,2026-07-12,0.6650000000002556,0.6650000000002556,0.0,0.0,349317.02,False,,5.100522041320801,300,,99.99999999999898,1.0,,150.0,False,KXMLBGAME-26JUL121610AZLAD
KXMLBGAME-26JUL121610AZLAD,2026-07-12T02:43:50Z,2026-07-12,0.6650000000002556,0.6650000000002556,0.0,0.0,349347.02,False,,32.1536979675293,300,,99.99999999999898,1.0,,60.0,False,KXMLBGAME-26JUL121610AZLAD
KXMLBGAME-26JUL121610AZLAD,2026-07-12T02:45:40Z,2026-07-12,0.6650000000002556,0.6650000000002556,0.0,0.0,349425.93,False,,40.54846906661987,300,,99.99999999999898,-1.0,,-2.0,False,KXMLBGAME-26JUL121610AZLAD
KXMLBGAME-26JUL121610AZLAD,2026-07-12T02:47:37Z,2026-07-12,0.6650000000002556,0.6650000000002556,0.0,0.0,349532.93,False,,12.300270080566406,300,,99.99999999999898,-1.0,-97.0,-144.0,False,KXMLBGAME-26JUL121610AZLAD
KXMLBGAME-26JUL121610AZLAD,2026-07-12T02:47:54Z,2026-07-12,0.6650000000002556,0.6650000000002556,0.0,0.0,349532.93,False,,29.300270080566406,300,,99.99999999999898,-1.0,-50.0,-144.0,False,KXMLBGAME-26JUL121610AZLAD
KXMLBGAME-26JUL121610AZLAD,2026-07-12T02:49:25Z,2026-07-12,0.6650000000002556,0.6650000000002556,0.0,0.0,349193.88,False,,23.54440999031067,300,,99.99999999999898,-1.0,-161.0,-253.0,False,KXMLBGAME-26JUL121610AZLAD
KXMLBGAME-26JUL121610AZLAD,2026-07-12T02:51:13Z,2026-07-12,0.6650000000002556,0.6650000000002556,0.0,0.0,349220.51,False,,35.146920919418335,300,,99.99999999999898,1.0,57.0,-205.0,False,KXMLBGAME-26JUL121610AZLAD
KXMLBGAME-26JUL121610AZLAD,2026-07-12T02:53:14Z,2026-07-12,0.6650000000002556,0.6650000000002556,0.0,0.0,348029.52999999997,False,,10.720650911331177,300,,99.99999999999898,1.0,,-108.0,False,KXMLBGAME-26JUL121610AZLAD
KXMLBGAME-26JUL121610AZLAD,2026-07-12T02:53:18Z,2026-07-12,0.6650000000002556,0.6650000000002556,0.0,0.0,348029.52999999997,False,,14.720650911331177,300,,99.99999999999898,1.0,,-108.0,False,KXMLBGAME-26JUL121610AZLAD
KXMLBGAME-26JUL121610AZLAD,2026-07-12T02:55:04Z,2026-07-12,0.6650000000002556,0.6650000000002556,0.0,0.0,348221.52999999997,False,,23.531738996505737,300,,99.99999999999898,1.0,,57.0,False,KXMLBGAME-26JUL121610AZLAD
KXMLBGAME-26JUL121610AZLAD,2026-07-12T02:56:53Z,2026-07-12,0.6650000000002556,0.6650000000002556,0.0,0.0,347926.52,False,,36.39777708053589,300,,99.99999999999898,1.0,,53.0,False,KXMLBGAME-26JUL121610AZLAD
KXMLBGAME-26JUL121610AZLAD,2026-07-12T02:58:40Z,2026-07-12,0.6650000000002556,0.6650000000002556,0.0,0.0,347986.52,False,19.0,0.11742401123046875,300,-0.8363824110526393,99.99999999999898,1.0,,53.0,False,KXMLBGAME-26JUL121610AZLAD
KXMLBGAME-26JUL121610AZLAD,2026-07-12T03:00:06Z,2026-07-12,0.6650000000002556,0.6650000000002556,0.0,0.0,346854.05,False,105.0,38.479377031326294,300,-0.8363824110526393,99.99999999999898,-1.0,-50.0,3.0,False,KXMLBGAME-26JUL121610AZLAD
KXMLBGAME-26JUL121610AZLAD,2026-07-12T03:01:51Z,2026-07-12,0.6650000000002556,0.6650000000002556,0.0,0.0,345105.75,False,210.0,47.30133891105652,300,-0.8363824110526393,99.99999999999898,1.0,52.0,2.0,False,KXMLBGAME-26JUL121610AZLAD
KXMLBGAME-26JUL121610AZLAD,2026-07-12T03:03:33Z,2026-07-12,0.6650000000002556,0.6650000000002556,0.0,0.0,345215.75,False,,8.307971000671387,300,,99.99999999999898,1.0,,2.0,False,KXMLBGAME-26JUL121610AZLAD
KXMLBGAME-26JUL121610AZLAD,2026-07-12T03:04:02Z,2026-07-12,0.6650000000002556,0.6650000000002556,0.0,0.0,345215.75,False,,37.30797100067139,300,,99.99999999999898,-1.0,-104.0,-102.0,False,KXMLBGAME-26JUL121610AZLAD
KXMLBGAME-26JUL121610AZLAD,2026-07-12T03:05:18Z,2026-07-12,0.6650000000002556,0.6650000000002556,0.0,0.0,347130.52,False,,20.264069080352783,300,,99.99999999999898,1.0,53.0,1.0,False,KXMLBGAME-26JUL121610AZLAD
KXMLBGAME-26JUL121610AZLAD,2026-07-12T03:07:02Z,2026-07-12,0.6650000000002556,0.6650000000002556,0.0,0.0,347160.52,False,,33.33568501472473,300,,99.99999999999898,1.0,,-51.0,False,KXMLBGAME-26JUL121610AZLAD
KXMLBGAME-26JUL121610AZLAD,2026-07-12T03:08:49Z,2026-07-12,0.6650000000002556,0.6650000000002556,0.0,0.0,347249.52,False,,41.81010103225708,300,,99.99999999999898,1.0,,-51.0,False,KXMLBGAME-26JUL121610AZLAD
KXMLBGAME-26JUL121610AZLAD,2026-07-12T03:09:22Z,2026-07-12,0.6650000000002556,0.6650000000002556,0.0,0.0,347274.52,False,,28.553925037384033,300,,99.99999999999898,1.0,,53.0,False,KXMLBGAME-26JUL121610AZLAD
KXMLBGAME-26JUL121610AZLAD,2026-07-12T03:10:36Z,2026-07-12,0.6650000000002556,0.6650000000002556,0.0,0.0,347321.52,False,,7.421561002731323,300,,99.99999999999898,,,,False,KXMLBGAME-26JUL121610AZLAD
KXMLBGAME-26JUL121610AZLAD,2026-07-12T03:12:17Z,2026-07-12,0.6650000000002556,0.6650000000002556,0.0,0.0,347348.52,False,,13.187227964401245,300,,99.99999999999898,,,,False,KXMLBGAME-26JUL121610AZLAD
KXMLBGAME-26JUL121610AZLAD,2026-07-12T03:13:58Z,2026-07-12,0.6650000000002556,0.6650000000002556,0.0,0.0,347402.52,False,,18.694475889205933,300,,99.99999999999898,,,,False,KXMLBGAME-26JUL121610AZLAD
KXMLBGAME-26JUL121610AZLAD,2026-07-12T03:14:45Z,2026-07-12,0.6650000000002556,0.6650000000002556,0.0,0.0,347429.52,False,,19.06284999847412,300,,99.99999999999898,,,,False,KXMLBGAME-26JUL121610AZLAD
KXMLBGAME-26JUL121610AZLAD,2026-07-12T03:15:49Z,2026-07-12,0.6650000000002556,0.6650000000002556,0.0,0.0,347548.52,False,,35.25983500480652,300,,99.99999999999898,,,,False,KXMLBGAME-26JUL121610AZLAD
KXMLBGAME-26JUL121610AZLAD,2026-07-12T03:17:32Z,2026-07-12,0.6650000000002556,0.6650000000002556,0.0,0.0,347898.52,False,,45.1110520362854,300,,99.99999999999898,1.0,40.0,81.0,False,KXMLBGAME-26JUL121610AZLAD
KXMLBGAME-26JUL121610AZLAD,2026-07-12T03:19:20Z,2026-07-12,0.6650000000002556,0.6650000000002556,0.0,0.0,347729.52,False,,11.927376985549927,300,,99.99999999999898,-1.0,,42.0,False,KXMLBGAME-26JUL121610AZLAD
KXMLBGAME-26JUL121610AZLAD,2026-07-12T03:20:04Z,2026-07-12,0.6650000000002556,0.6650000000002556,0.0,0.0,347757.52,False,,8.746869087219238,300,,99.99999999999898,-1.0,,42.0,False,KXMLBGAME-26JUL121610AZLAD
KXMLBGAME-26JUL121610AZLAD,2026-07-12T03:21:08Z,2026-07-12,0.6650000000002556,0.6650000000002556,0.0,0.0,347813.52,False,,25.066948890686035,300,,99.99999999999898,-1.0,,42.0,False,KXMLBGAME-26JUL121610AZLAD
KXMLBGAME-26JUL121610AZLAD,2026-07-12T03:23:00Z,2026-07-12,0.6650000000002556,0.6650000000002556,0.0,0.0,347917.52,False,,42.196255922317505,300,,99.99999999999898,-1.0,,-34.0,False,KXMLBGAME-26JUL121610AZLAD
KXMLBGAME-26JUL121610AZLAD,2026-07-12T03:24:48Z,2026-07-12,0.6650000000002556,0.6650000000002556,0.0,0.0,348005.53,False,,8.195950031280518,300,,99.99999999999898,-1.0,,-34.0,False,KXMLBGAME-26JUL121610AZLAD
KXMLBGAME-26JUL121610AZLAD,2026-07-12T03:25:27Z,2026-07-12,0.6650000000002556,0.6650000000002556,0.0,0.0,348005.53,False,,47.19595003128052,300,,99.99999999999898,-1.0,,-34.0,False,KXMLBGAME-26JUL121610AZLAD
KXMLBGAME-26JUL121610AZLAD,2026-07-12T03:27:52Z,2026-07-12,0.6650000000002556,0.6650000000002556,0.0,0.0,348148.53,False,98.0,2.9088640213012695,300,-0.7842905977295734,99.99999999999898,1.0,30.0,30.0,False,KXMLBGAME-26JUL121610AZLAD
KXMLBGAME-26JUL121610AZLAD,2026-07-12T03:29:34Z,2026-07-12,0.6650000000002556,0.6650000000002556,0.0,0.0,348176.53,False,200.0,11.523390054702759,300,-0.7842905977295734,99.99999999999898,-1.0,-26.0,4.0,False,KXMLBGAME-26JUL121610AZLAD
KXMLBGAME-26JUL121610AZLAD,2026-07-12T03:30:47Z,2026-07-12,0.6650000000002556,0.6650000000002556,0.0,0.0,348183.53,False,273.0,36.83105802536011,300,-0.7842905977295734,99.99999999999898,1.0,,31.0,False,KXMLBGAME-26JUL121610AZLAD
KXMLBGAME-26JUL121610AZLAD,2026-07-12T03:31:19Z,2026-07-12,0.6650000000002556,0.6650000000002556,0.0,0.0,348183.53,False,,21.62709903717041,300,,99.99999999999898,-1.0,-26.0,5.0,False,KXMLBGAME-26JUL121610AZLAD
KXMLBGAME-26JUL121610AZLAD,2026-07-12T03:33:03Z,2026-07-12,0.6650000000002556,0.6650000000002556,0.0,0.0,348192.45,False,,31.250596046447754,300,,99.99999999999898,1.0,25.0,0.0,False,KXMLBGAME-26JUL121610AZLAD
KXMLBGAME-26JUL121610AZLAD,2026-07-12T03:34:45Z,2026-07-12,0.6650000000002556,0.6650000000002556,0.0,0.0,348375.45999999996,False,,39.33765697479248,300,,99.99999999999898,1.0,24.0,23.0,False,KXMLBGAME-26JUL121610AZLAD
KXMLBGAME-26JUL121610AZLAD,2026-07-12T03:36:07Z,2026-07-12,0.6650000000002556,0.6650000000002556,0.0,0.0,348459.45999999996,False,,28.459532976150513,300,,99.99999999999898,1.0,,23.0,False,KXMLBGAME-26JUL121610AZLAD
KXMLBGAME-26JUL121610AZLAD,2026-07-12T03:36:24Z,2026-07-12,0.6650000000002556,0.6650000000002556,0.0,0.0,348459.45999999996,False,,45.45953297615051,300,,99.99999999999898,1.0,22.0,71.0,False,KXMLBGAME-26JUL121610AZLAD
KXMLBGAME-26JUL121610AZLAD,2026-07-12T03:38:07Z,2026-07-12,0.6650000000002556,0.6650000000002556,0.0,0.0,348543.45,False,,55.93067193031311,300,,99.99999999999898,1.0,20.0,87.0,False,KXMLBGAME-26JUL121610AZLAD
KXMLBGAME-26JUL121610AZLAD,2026-07-12T03:40:08Z,2026-07-12,0.6650000000002556,0.6650000000002556,0.0,0.0,348627.46,False,,37.009907960891724,300,,99.99999999999898,1.0,,63.0,False,KXMLBGAME-26JUL121610AZLAD
KXMLBGAME-26JUL121610AZLAD,2026-07-12T03:41:23Z,2026-07-12,0.6650000000002556,0.6650000000002556,0.0,0.0,348394.46,False,,22.01630997657776,300,,99.99999999999898,1.0,,41.0,False,KXMLBGAME-26JUL121610AZLAD
KXMLBGAME-26JUL121610AZLAD,2026-07-12T03:41:51Z,2026-07-12,0.6650000000002556,0.6650000000002556,0.0,0.0,348425.46,False,,4.849821090698242,300,,99.99999999999898,1.0,,20.0,False,KXMLBGAME-26JUL121610AZLAD
KXMLBGAME-26JUL121610AZLAD,2026-07-12T03:43:29Z,2026-07-12,0.6650000000002556,0.6650000000002556,0.0,0.0,348610.46,False,,14.410324096679688,300,,99.99999999999898,1.0,33.0,33.0,False,KXMLBGAME-26JUL121610AZLAD
KXMLBGAME-26JUL121610AZLAD,2026-07-12T03:45:06Z,2026-07-12,0.6650000000002556,0.6650000000002556,0.0,0.0,348614.44999999995,False,,23.244858026504517,300,,99.99999999999898,1.0,15.0,48.0,False,KXMLBGAME-26JUL121610AZLAD
KXMLBGAME-26JUL121610AZLAD,2026-07-12T03:46:37Z,2026-07-12,0.6650000000002556,0.6650000000002556,0.0,0.0,348697.44,False,,28.070725917816162,300,,99.99999999999898,1.0,14.0,62.0,False,KXMLBGAME-26JUL121610AZLAD
KXMLBGAME-26JUL121610AZLAD,2026-07-12T03:46:43Z,2026-07-12,0.6650000000002556,0.6650000000002556,0.0,0.0,348697.44,False,,34.07072591781616,300,,99.99999999999898,1.0,,62.0,False,KXMLBGAME-26JUL121610AZLAD
KXMLBGAME-26JUL121610AZLAD,2026-07-12T03:48:23Z,2026-07-12,0.6650000000002556,0.6650000000002556,0.0,0.0,348761.44,False,,3.960526943206787,300,,99.99999999999898,-1.0,,16.0,False,KXMLBGAME-26JUL121610AZLAD
KXMLBGAME-26JUL121610AZLAD,2026-07-12T03:50:04Z,2026-07-12,0.6650000000002556,0.6650000000002556,0.0,0.0,348841.42,False,,18.384119033813477,300,,99.99999999999898,1.0,11.0,24.0,False,KXMLBGAME-26JUL121610AZLAD
KXMLBGAME-26JUL121610AZLAD,2026-07-12T03:51:43Z,2026-07-12,0.6650000000002556,0.6650000000002556,0.0,0.0,349056.53,False,,32.00314998626709,300,,99.99999999999898,1.0,19.0,39.0,False,KXMLBGAME-26JUL121610AZLAD
KXMLBGAME-26JUL121610AZLAD,2026-07-12T03:51:52Z,2026-07-12,0.6650000000002556,0.6650000000002556,0.0,0.0,349056.53,False,,41.00314998626709,300,,99.99999999999898,1.0,19.0,52.0,False,KXMLBGAME-26JUL121610AZLAD
KXMLBGAME-26JUL121610AZLAD,2026-07-12T03:54:36Z,2026-07-12,0.6650000000002556,0.6650000000002556,0.0,0.0,349193.53,False,98.0,36.56248998641968,300,-0.7990291591009013,99.99999999999898,1.0,9.0,83.0,False,KXMLBGAME-26JUL121610AZLAD
KXMLBGAME-26JUL121610AZLAD,2026-07-12T03:56:08Z,2026-07-12,0.6650000000002556,0.6650000000002556,0.0,0.0,348207.11,False,190.0,3.18464994430542,300,-0.7990291591009013,99.99999999999898,1.0,16.0,97.0,False,KXMLBGAME-26JUL121610AZLAD
KXMLBGAME-26JUL121610AZLAD,2026-07-12T03:57:03Z,2026-07-12,0.6650000000002556,0.6750000000002581,0.010000000000002451,0.0,348193.11,False,245.0,16.46651792526245,300,-0.7990291591009013,99.99999999999898,1.0,8.0,69.0,False,KXMLBGAME-26JUL121610AZLAD
KXMLBGAME-26JUL121610AZLAD,2026-07-12T20:10:47Z,2026-07-12,0.6750000000002581,0.6750000000002581,0.0,0.0,543525.68,False,,37.758476972579956,300,,99.99999999999898,1.0,19.0,55.0,False,KXMLBGAME-26JUL121610AZLAD
KXMLBGAME-26JUL121610AZLAD,2026-07-12T20:12:25Z,2026-07-12,0.6750000000002581,0.6750000000002581,0.0,0.0,238615.09999999998,False,,4.991389989852905,300,,99.99999999999898,1.0,17.0,52.0,False,KXMLBGAME-26JUL121610AZLAD
KXMLBGAME-26JUL121610AZLAD,2026-07-12T20:12:50Z,2026-07-12,0.6750000000002581,0.6750000000002581,0.0,0.0,238615.09999999998,False,,29.991389989852905,300,,99.99999999999898,1.0,17.0,52.0,False,KXMLBGAME-26JUL121610AZLAD
KXMLBGAME-26JUL121610AZLAD,2026-07-12T20:14:02Z,2026-07-12,0.6750000000002581,0.6750000000002581,0.0,0.0,336052.8,False,,5.8935370445251465,300,,99.99999999999898,1.0,17.0,53.0,False,KXMLBGAME-26JUL121610AZLAD
KXMLBGAME-26JUL121610AZLAD,2026-07-12T20:15:45Z,2026-07-12,0.6750000000002581,0.6750000000002581,0.0,0.0,336052.8,False,,108.89353704452515,300,,99.99999999999898,1.0,10.0,44.0,False,KXMLBGAME-26JUL121610AZLAD
KXMLBGAME-26JUL121610AZLAD,2026-07-12T20:17:29Z,2026-07-12,0.6750000000002581,0.6849999999998286,0.009999999999570575,0.0,194296.5,False,,82.46272611618042,300,,99.99999999999898,1.0,,36.0,False,KXMLBGAME-26JUL121610AZLAD
KXMLBGAME-26JUL121610AZLAD,2026-07-12T20:18:29Z,2026-07-12,0.6849999999998286,0.6949999999997953,0.009999999999966702,0.0,194296.5,False,,142.46272611618042,300,,99.99999999999898,1.0,,27.0,False,KXMLBGAME-26JUL121610AZLAD
KXMLBGAME-26JUL121610AZLAD,2026-07-12T20:19:09Z,2026-07-12,0.6949999999997953,0.7049999999996712,0.009999999999875886,0.0,194296.5,False,,182.46272611618042,300,,99.99999999999898,1.0,,19.0,False,KXMLBGAME-26JUL121610AZLAD
KXMLBGAME-26JUL121610AZLAD,2026-07-12T20:20:51Z,2026-07-12,0.7049999999996712,0.7150000000003277,0.010000000000656484,0.0,310441.59,False,,57.92034411430359,300,,100.00000000000009,1.0,1.0,13.0,False,KXMLBGAME-26JUL121610AZLAD
KXMLBGAME-26JUL121610AZLAD,2026-07-12T20:22:28Z,2026-07-12,0.7150000000003277,0.795000000000027,0.07999999999969931,0.0,310441.59,False,,154.9203441143036,300,,100.00000000000009,1.0,,6.0,False,KXMLBGAME-26JUL121610AZLAD
KXMLBGAME-26JUL121610AZLAD,2026-07-12T20:23:58Z,2026-07-12,0.795000000000027,0.795000000000027,0.0,0.0,58069.55,False,,19.13192105293274,300,,200.00000000000017,1.0,14.0,20.0,False,KXMLBGAME-26JUL121610AZLAD
KXMLBGAME-26JUL121610AZLAD,2026-07-12T20:24:07Z,2026-07-12,0.795000000000027,0.78,-0.015000000000026992,0.0,58069.55,False,,28.13192105293274,300,,200.00000000000017,1.0,14.0,20.0,False,KXMLBGAME-26JUL121610AZLAD
KXMLBGAME-26JUL121610AZLAD,2026-07-12T20:25:44Z,2026-07-12,0.78,0.7649999999998506,-0.01500000000014945,0.0,36175.57,False,,30.45230507850647,300,,100.00000000000009,1.0,18.0,32.0,False,KXMLBGAME-26JUL121610AZLAD
KXMLBGAME-26JUL121610AZLAD,2026-07-12T20:27:26Z,2026-07-12,0.7649999999998506,0.7599999999999999,-0.0049999999998506794,0.0,219901.47999999998,False,,2.6067440509796143,300,,100.00000000000009,1.0,6.0,38.0,False,KXMLBGAME-26JUL121610AZLAD
KXMLBGAME-26JUL121610AZLAD,2026-07-12T20:29:28Z,2026-07-12,0.7599999999999999,0.7599999999999999,0.0,0.0,219901.47999999998,False,43.0,124.60674405097961,300,0.10365869225426533,100.00000000000009,1.0,,24.0,False,KXMLBGAME-26JUL121610AZLAD
KXMLBGAME-26JUL121610AZLAD,2026-07-12T20:30:29Z,2026-07-12,0.7599999999999999,0.7249999999999551,-0.03500000000004477,0.0,219901.47999999998,False,104.0,185.60674405097961,300,0.10365869225426533,100.00000000000009,1.0,7.0,13.0,False,KXMLBGAME-26JUL121610AZLAD
KXMLBGAME-26JUL121610AZLAD,2026-07-12T20:33:32Z,2026-07-12,0.7249999999999551,0.735000000000152,0.010000000000196851,0.0,98058.39000000001,False,287.0,54.47979211807251,300,0.10365869225426533,100.00000000000009,1.0,5.0,38.0,False,KXMLBGAME-26JUL121610AZLAD
KXMLBGAME-26JUL121610AZLAD,2026-07-12T20:34:59Z,2026-07-12,0.735000000000152,0.735000000000152,0.0,0.0,3594.0,False,,50.515860080718994,300,,100.00000000000009,1.0,9.0,57.0,False,KXMLBGAME-26JUL121610AZLAD
KXMLBGAME-26JUL121610AZLAD,2026-07-12T20:35:08Z,2026-07-12,0.735000000000152,0.7549999999996772,0.019999999999525175,0.0,3594.0,False,,59.515860080718994,300,,100.00000000000009,1.0,,57.0,False,KXMLBGAME-26JUL121610AZLAD
KXMLBGAME-26JUL121610AZLAD,2026-07-12T20:36:49Z,2026-07-12,0.7549999999996772,0.7549999999996772,0.0,0.0,305142.77,False,,71.148521900177,300,,100.00000000000009,1.0,4.0,49.0,False,KXMLBGAME-26JUL121610AZLAD
KXMLBGAME-26JUL121610AZLAD,2026-07-12T20:38:13Z,2026-07-12,0.7549999999996772,0.7850000000001042,0.03000000000042702,0.0,195842.82,False,,67.28322291374207,300,,100.00000000000009,1.0,,44.0,False,KXMLBGAME-26JUL121610AZLAD
KXMLBGAME-26JUL121610AZLAD,2026-07-12T20:39:44Z,2026-07-12,0.7850000000001042,0.7850000000001042,0.0,0.0,374005.79000000004,False,,70.9465959072113,300,,100.00000000000009,1.0,10.0,47.0,False,KXMLBGAME-26JUL121610AZLAD
KXMLBGAME-26JUL121610AZLAD,2026-07-12T20:40:29Z,2026-07-12,0.7850000000001042,0.7799999999999361,-0.005000000000168092,0.0,439908.33999999997,False,,26.56724190711975,300,,100.00000000000009,1.0,4.0,47.0,False,KXMLBGAME-26JUL121610AZLAD
KXMLBGAME-26JUL121610AZLAD,2026-07-12T20:41:12Z,2026-07-12,0.7799999999999361,0.7649999999998506,-0.0150000000000855,0.0,439908.33999999997,False,,69.56724190711975,300,,100.00000000000009,1.0,5.0,45.0,False,KXMLBGAME-26JUL121610AZLAD
KXMLBGAME-26JUL121610AZLAD,2026-07-12T20:42:47Z,2026-07-12,0.7649999999998506,0.7549999999996772,-0.010000000000173426,0.0,369784.6,False,,76.89923095703125,300,,100.00000000000009,1.0,16.0,56.0,False,KXMLBGAME-26JUL121610AZLAD
KXMLBGAME-26JUL121610AZLAD,2026-07-12T20:44:18Z,2026-07-12,0.7549999999996772,0.7649999999998506,0.010000000000173426,0.0,221918.75,False,,80.63039302825928,300,,100.00000000000009,1.0,3.0,47.0,False,KXMLBGAME-26JUL121610AZLAD
KXMLBGAME-26JUL121610AZLAD,2026-07-12T20:45:47Z,2026-07-12,0.7649999999998506,0.7649999999998506,0.0,0.0,206431.53,False,,77.26136994361877,300,,100.00000000000009,1.0,4.0,54.0,False,KXMLBGAME-26JUL121610AZLAD
KXMLBGAME-26JUL121610AZLAD,2026-07-12T20:45:51Z,2026-07-12,0.7649999999998506,0.7850000000001042,0.020000000000253593,0.0,206431.53,False,,81.26136994361877,300,,100.00000000000009,1.0,10.0,60.0,False,KXMLBGAME-26JUL121610AZLAD
KXMLBGAME-26JUL121610AZLAD,2026-07-12T20:47:18Z,2026-07-12,0.7850000000001042,0.7850000000001042,0.0,0.0,11110.11,False,,78.75251793861389,300,,200.00000000000017,-1.0,9.0,50.0,False,KXMLBGAME-26JUL121610AZLAD
KXMLBGAME-26JUL121610AZLAD,2026-07-12T20:48:49Z,2026-07-12,0.7850000000001042,0.774999999999719,-0.010000000000385145,0.0,360996.69999999995,False,,79.06867504119873,300,,100.00000000000009,-1.0,5.0,41.0,False,KXMLBGAME-26JUL121610AZLAD
KXMLBGAME-26JUL121610AZLAD,2026-07-12T20:50:23Z,2026-07-12,0.774999999999719,0.7449999999998795,-0.02999999999983949,0.0,359265.43,False,,82.16777896881104,300,,100.00000000000009,1.0,-4.0,28.0,False,KXMLBGAME-26JUL121610AZLAD
KXMLBGAME-26JUL121610AZLAD,2026-07-12T20:51:16Z,2026-07-12,0.7449999999998795,0.7449999999998795,0.0,0.0,370663.26,False,,45.13174510002136,300,,100.00000000000009,1.0,4.0,25.0,False,KXMLBGAME-26JUL121610AZLAD
KXMLBGAME-26JUL121610AZLAD,2026-07-12T20:51:57Z,2026-07-12,0.7449999999998795,0.7449999999998795,0.0,0.0,370663.26,False,,86.13174510002136,300,,100.00000000000009,1.0,17.0,35.0,False,KXMLBGAME-26JUL121610AZLAD
KXMLBGAME-26JUL121610AZLAD,2026-07-12T20:54:44Z,2026-07-12,0.7449999999998795,0.774999999999719,0.02999999999983949,0.0,252941.19999999998,False,104.0,77.24422407150269,300,-0.9537432807194317,100.00000000000009,1.0,17.0,51.0,False,KXMLBGAME-26JUL121610AZLAD
KXMLBGAME-26JUL121610AZLAD,2026-07-12T20:56:15Z,2026-07-12,0.774999999999719,0.7850000000001042,0.010000000000385145,0.0,277570.39,False,195.0,81.34570503234863,300,-0.9537432807194317,100.00000000000009,1.0,10.0,61.0,False,KXMLBGAME-26JUL121610AZLAD
KXMLBGAME-26JUL121610AZLAD,2026-07-12T20:56:39Z,2026-07-12,0.7850000000001042,0.795000000000027,0.009999999999922848,0.0,305363.18,False,219.0,20.45983600616455,300,-0.9537432807194317,100.00000000000009,1.0,15.0,57.0,False,KXMLBGAME-26JUL121610AZLAD
KXMLBGAME-26JUL121610AZLAD,2026-07-12T20:59:11Z,2026-07-12,0.795000000000027,0.795000000000027,0.0,0.0,382577.87,False,,6.990312099456787,300,,100.00000000000009,-1.0,9.0,63.0,False,KXMLBGAME-26JUL121610AZLAD
KXMLBGAME-26JUL121610AZLAD,2026-07-12T21:00:42Z,2026-07-12,0.795000000000027,0.8550000000001763,0.06000000000014927,0.0,228736.94,False,,17.83844304084778,300,,100.00000000000009,1.0,11.0,58.0,False,KXMLBGAME-26JUL121610AZLAD
KXMLBGAME-26JUL121610AZLAD,2026-07-12T21:02:01Z,2026-07-12,0.8550000000001763,0.84,-0.015000000000176317,0.0,157044.91,False,,16.5646390914917,300,,100.00000000000009,-1.0,0.0,42.0,False,KXMLBGAME-26JUL121610AZLAD
KXMLBGAME-26JUL121610AZLAD,2026-07-12T21:02:55Z,2026-07-12,0.84,0.85,0.010000000000000009,0.0,157044.91,False,,70.5646390914917,300,,100.00000000000009,1.0,11.0,36.0,False,KXMLBGAME-26JUL121610AZLAD
KXMLBGAME-26JUL121610AZLAD,2026-07-12T21:04:28Z,2026-07-12,0.85,0.8649999999999132,0.014999999999913194,0.0,186789.44999999998,False,,10.002485036849976,300,,100.00000000000009,1.0,14.0,39.0,False,KXMLBGAME-26JUL121610AZLAD
KXMLBGAME-26JUL121610AZLAD,2026-07-12T21:05:51Z,2026-07-12,0.8649999999999132,0.85,-0.014999999999913194,0.0,332200.76,False,,19.904728889465332,300,,100.00000000000009,1.0,-1.0,23.0,False,KXMLBGAME-26JUL121610AZLAD
KXMLBGAME-26JUL121610AZLAD,2026-07-12T21:07:17Z,2026-07-12,0.85,0.85,0.0,0.0,114484.61,False,,30.49974298477173,300,,100.00000000000009,1.0,4.0,29.0,False,KXMLBGAME-26JUL121610AZLAD
KXMLBGAME-26JUL121610AZLAD,2026-07-12T21:07:20Z,2026-07-12,0.85,0.8049999999997075,-0.04500000000029247,0.0,114484.61,False,,33.49974298477173,300,,100.00000000000009,1.0,3.0,29.0,False,KXMLBGAME-26JUL121610AZLAD
KXMLBGAME-26JUL121610AZLAD,2026-07-12T21:08:36Z,2026-07-12,0.8049999999997075,0.90499999999968,0.09999999999997244,0.0,176884.41,False,,33.74406909942627,300,,100.00000000000009,1.0,6.0,31.0,False,KXMLBGAME-26JUL121610AZLAD
KXMLBGAME-26JUL121610AZLAD,2026-07-12T21:10:09Z,2026-07-12,0.90499999999968,0.90499999999968,0.0,0.0,282546.65,False,,52.46548509597778,300,,100.00000000000009,1.0,14.0,30.0,False,KXMLBGAME-26JUL121610AZLAD
KXMLBGAME-26JUL121610AZLAD,2026-07-12T21:11:44Z,2026-07-12,0.90499999999968,0.90499999999968,0.0,0.0,342382.57999999996,False,,73.46706008911133,300,,100.00000000000009,-1.0,3.0,39.0,False,KXMLBGAME-26JUL121610AZLAD
KXMLBGAME-26JUL121610AZLAD,2026-07-12T21:12:30Z,2026-07-12,0.90499999999968,0.90499999999968,0.0,0.0,410820.94000000006,False,,45.9595160484314,300,,100.00000000000009,-1.0,-1.0,34.0,False,KXMLBGAME-26JUL121610AZLAD
KXMLBGAME-26JUL121610AZLAD,2026-07-12T21:13:16Z,2026-07-12,0.90499999999968,0.90499999999968,0.0,0.0,406800.98000000004,False,,17.77431011199951,300,,100.00000000000009,-1.0,6.0,28.0,False,KXMLBGAME-26JUL121610AZLAD
KXMLBGAME-26JUL121610AZLAD,2026-07-12T21:14:42Z,2026-07-12,0.90499999999968,0.90499999999968,0.0,0.0,88347.73,False,,31.039674997329712,300,,100.00000000000009,1.0,0.0,20.0,False,KXMLBGAME-26JUL121610AZLAD
KXMLBGAME-26JUL121610AZLAD,2026-07-12T21:16:15Z,2026-07-12,0.90499999999968,0.9149999999997243,0.010000000000044307,0.0,151716.19,False,,53.08958101272583,300,,100.00000000000009,-1.0,0.0,17.0,False,KXMLBGAME-26JUL121610AZLAD
KXMLBGAME-26JUL121610AZLAD,2026-07-12T21:17:52Z,2026-07-12,0.9149999999997243,0.9250000000003638,0.010000000000639497,0.0,311986.93,False,21.0,12.320466041564941,300,0.8556848530062708,100.00000000000009,1.0,1.0,15.0,False,KXMLBGAME-26JUL121610AZLAD
KXMLBGAME-26JUL121610AZLAD,2026-07-12T21:19:14Z,2026-07-12,0.9250000000003638,0.9250000000003638,0.0,0.0,235120.13999999998,False,103.0,30.65976095199585,300,0.8556848530062708,99.99999999999898,1.0,9.0,23.0,False,KXMLBGAME-26JUL121610AZLAD
KXMLBGAME-26JUL121610AZLAD,2026-07-12T21:20:43Z,2026-07-12,0.9250000000003638,0.9250000000003638,0.0,0.0,323680.11,False,192.0,56.70250391960144,300,0.8556848530062708,99.99999999999898,1.0,2.0,21.0,False,KXMLBGAME-26JUL121610AZLAD
KXMLBGAME-26JUL121610AZLAD,2026-07-12T21:22:10Z,2026-07-12,0.9250000000003638,0.9250000000003638,0.0,0.0,382374.54,False,279.0,17.889123916625977,300,0.8556848530062708,99.99999999999898,1.0,13.0,34.0,False,KXMLBGAME-26JUL121610AZLAD
KXMLBGAME-26JUL121610AZLAD,2026-07-12T21:23:09Z,2026-07-12,0.9250000000003638,0.9250000000003638,0.0,0.0,370463.14999999997,False,,14.612061023712158,300,,99.99999999999898,1.0,13.0,47.0,False,KXMLBGAME-26JUL121610AZLAD
KXMLBGAME-26JUL121610AZLAD,2026-07-12T21:23:40Z,2026-07-12,0.9250000000003638,0.9250000000003638,0.0,0.0,370463.14999999997,False,,45.61206102371216,300,,99.99999999999898,1.0,4.0,44.0,False,KXMLBGAME-26JUL121610AZLAD
KXMLBGAME-26JUL121610AZLAD,2026-07-12T21:25:06Z,2026-07-12,0.9250000000003638,0.9250000000003638,0.0,0.0,388999.29000000004,False,,4.349687099456787,300,,99.99999999999898,1.0,18.0,60.0,False,KXMLBGAME-26JUL121610AZLAD
KXMLBGAME-26JUL121610AZLAD,2026-07-12T21:26:35Z,2026-07-12,0.9250000000003638,0.9250000000003638,0.0,0.0,103241.65,False,,29.999111890792847,300,,99.99999999999898,1.0,9.0,66.0,False,KXMLBGAME-26JUL121610AZLAD
KXMLBGAME-26JUL121610AZLAD,2026-07-12T21:27:57Z,2026-07-12,0.9250000000003638,0.9250000000003638,0.0,0.0,217967.53,False,,47.90724205970764,300,,99.99999999999898,1.0,8.0,57.0,False,KXMLBGAME-26JUL121610AZLAD
KXMLBGAME-26JUL121610AZLAD,2026-07-12T21:28:24Z,2026-07-12,0.9250000000003638,0.9250000000003638,0.0,0.0,272311.63,False,,12.397541046142578,300,,99.99999999999898,-1.0,11.0,59.0,False,KXMLBGAME-26JUL121610AZLAD
KXMLBGAME-26JUL121610AZLAD,2026-07-12T21:29:44Z,2026-07-12,0.9250000000003638,0.9250000000003638,0.0,0.0,451214.02999999997,False,,26.546741008758545,300,,99.99999999999898,-1.0,-3.0,34.0,False,KXMLBGAME-26JUL121610AZLAD
KXMLBGAME-26JUL121610AZLAD,2026-07-12T21:31:12Z,2026-07-12,0.9250000000003638,0.9350000000001147,0.009999999999750986,0.0,470565.8,False,,47.15113711357117,300,,99.99999999999898,1.0,5.0,28.0,False,KXMLBGAME-26JUL121610AZLAD
KXMLBGAME-26JUL121610AZLAD,2026-07-12T21:32:41Z,2026-07-12,0.9350000000001147,0.9300000000003841,-0.004999999999730664,0.0,331911.4,False,,10.929701089859009,300,,99.99999999999898,1.0,9.0,38.0,False,KXMLBGAME-26JUL121610AZLAD
KXMLBGAME-26JUL121610AZLAD,2026-07-12T21:33:37Z,2026-07-12,0.9300000000003841,0.9200000000002387,-0.010000000000145337,0.0,71356.79000000001,False,,0.9965369701385498,300,,99.99999999999898,1.0,12.0,39.0,False,KXMLBGAME-26JUL121610AZLAD
KXMLBGAME-26JUL121610AZLAD,2026-07-12T21:34:12Z,2026-07-12,0.9200000000002387,0.8450000000001642,-0.07500000000007456,0.0,71356.79000000001,False,,35.99653697013855,300,,99.99999999999898,1.0,10.0,43.0,False,KXMLBGAME-26JUL121610AZLAD
KXMLBGAME-26JUL121610AZLAD,2026-07-12T21:35:39Z,2026-07-12,0.8450000000001642,0.8550000000001763,0.01000000000001211,0.0,137166.48,False,,58.44328498840332,300,,100.00000000000009,1.0,5.0,45.0,False,KXMLBGAME-26JUL121610AZLAD
KXMLBGAME-26JUL121610AZLAD,2026-07-12T21:37:06Z,2026-07-12,0.8550000000001763,0.774999999999719,-0.08000000000045726,0.0,321747.7,False,,14.002839088439941,300,,100.00000000000009,1.0,8.0,53.0,False,KXMLBGAME-26JUL121610AZLAD
KXMLBGAME-26JUL121610AZLAD,2026-07-12T21:38:31Z,2026-07-12,0.774999999999719,0.7649999999998506,-0.009999999999868447,0.0,217933.90999999997,False,,31.10194706916809,300,,100.00000000000009,1.0,18.0,55.0,False,KXMLBGAME-26JUL121610AZLAD
KXMLBGAME-26JUL121610AZLAD,2026-07-12T21:39:57Z,2026-07-12,0.7649999999998506,0.8049999999997075,0.03999999999985693,0.0,131543.16999999998,False,,53.01373505592346,300,,100.00000000000009,1.0,11.0,64.0,False,KXMLBGAME-26JUL121610AZLAD
KXMLBGAME-26JUL121610AZLAD,2026-07-12T21:42:46Z,2026-07-12,0.8049999999997075,0.8049999999997075,0.0,0.0,349060.24,False,103.0,34.431647062301636,300,-0.7067935370321293,100.00000000000009,-1.0,2.0,60.0,False,KXMLBGAME-26JUL121610AZLAD
KXMLBGAME-26JUL121610AZLAD,2026-07-12T21:44:05Z,2026-07-12,0.8049999999997075,0.8049999999997075,0.0,0.0,364497.41000000003,False,182.0,50.4288330078125,300,-0.7067935370321293,100.00000000000009,1.0,6.0,41.0,False,KXMLBGAME-26JUL121610AZLAD
KXMLBGAME-26JUL121610AZLAD,2026-07-12T21:44:15Z,2026-07-12,0.8049999999997075,0.7850000000001042,-0.019999999999603335,0.0,364497.41000000003,False,192.0,60.4288330078125,300,-0.7067935370321293,100.00000000000009,-1.0,-3.0,38.0,False,KXMLBGAME-26JUL121610AZLAD
KXMLBGAME-26JUL121610AZLAD,2026-07-12T21:45:42Z,2026-07-12,0.7850000000001042,0.7850000000001042,0.0,0.0,324763.7,False,279.0,16.437010049819946,300,-0.7067935370321293,100.00000000000009,1.0,13.0,46.0,False,KXMLBGAME-26JUL121610AZLAD
KXMLBGAME-26JUL121610AZLAD,2026-07-12T21:47:06Z,2026-07-12,0.7850000000001042,0.774999999999719,-0.010000000000385145,0.0,339469.45,False,,37.31695199012756,300,,100.00000000000009,1.0,15.0,49.0,False,KXMLBGAME-26JUL121610AZLAD
KXMLBGAME-26JUL121610AZLAD,2026-07-12T21:48:31Z,2026-07-12,0.774999999999719,0.7649999999998506,-0.009999999999868447,0.0,21935.89,False,,60.13153791427612,300,,100.00000000000009,1.0,16.0,60.0,False,KXMLBGAME-26JUL121610AZLAD
KXMLBGAME-26JUL121610AZLAD,2026-07-12T21:49:21Z,2026-07-12,0.7649999999998506,0.7549999999996772,-0.010000000000173426,0.0,94823.17,False,,47.69441604614258,300,,100.00000000000009,1.0,12.0,55.0,False,KXMLBGAME-26JUL121610AZLAD
KXMLBGAME-26JUL121610AZLAD,2026-07-12T21:51:23Z,2026-07-12,0.7549999999996772,0.7549999999996772,0.0,0.0,450326.13,False,,43.21990895271301,300,,100.00000000000009,1.0,14.0,62.0,False,KXMLBGAME-26JUL121610AZLAD
KXMLBGAME-26JUL121610AZLAD,2026-07-12T21:52:44Z,2026-07-12,0.7549999999996772,0.735000000000152,-0.019999999999525175,0.0,354147.83999999997,False,,0.6621959209442139,300,,100.00000000000009,1.0,16.0,73.0,False,KXMLBGAME-26JUL121610AZLAD
KXMLBGAME-26JUL121610AZLAD,2026-07-12T21:54:14Z,2026-07-12,0.735000000000152,0.7249999999999551,-0.010000000000196851,0.0,49314.99,False,,30.04344391822815,300,,100.00000000000009,1.0,15.0,72.0,False,KXMLBGAME-26JUL121610AZLAD
KXMLBGAME-26JUL121610AZLAD,2026-07-12T21:54:34Z,2026-07-12,0.7249999999999551,0.7150000000003277,-0.009999999999627418,0.0,49314.99,False,,50.04344391822815,300,,100.00000000000009,1.0,11.0,64.0,False,KXMLBGAME-26JUL121610AZLAD
KXMLBGAME-26JUL121610AZLAD,2026-07-12T21:55:44Z,2026-07-12,0.7150000000003277,0.6750000000002581,-0.040000000000069647,0.0,247004.51,False,,58.54594397544861,300,,100.00000000000009,1.0,16.0,73.0,False,KXMLBGAME-26JUL121610AZLAD
KXMLBGAME-26JUL121610AZLAD,2026-07-12T21:57:19Z,2026-07-12,0.6750000000002581,0.6849999999998286,0.009999999999570575,0.0,265107.21,False,,32.24586892127991,300,,99.99999999999898,1.0,17.0,78.0,False,KXMLBGAME-26JUL121610AZLAD
KXMLBGAME-26JUL121610AZLAD,2026-07-12T21:58:51Z,2026-07-12,0.6849999999998286,0.6849999999998286,0.0,0.0,324441.45,False,,7.697489976882935,300,,99.99999999999898,-1.0,7.0,68.0,False,KXMLBGAME-26JUL121610AZLAD
KXMLBGAME-26JUL121610AZLAD,2026-07-12T22:00:24Z,2026-07-12,0.6849999999998286,0.6849999999998286,0.0,0.0,324441.45,False,,100.69748997688293,300,,99.99999999999898,-1.0,,50.0,False,KXMLBGAME-26JUL121610AZLAD
KXMLBGAME-26JUL121610AZLAD,2026-07-12T22:01:53Z,2026-07-12,0.6849999999998286,0.6550000000002069,-0.029999999999621774,0.0,362332.85,False,,12.639990091323853,300,,99.99999999999898,1.0,15.0,52.0,False,KXMLBGAME-26JUL121610AZLAD
KXMLBGAME-26JUL121610AZLAD,2026-07-12T22:03:21Z,2026-07-12,0.6550000000002069,0.6750000000002581,0.0200000000000512,0.0,412460.99,False,,43.699156045913696,300,,99.99999999999898,1.0,14.0,52.0,False,KXMLBGAME-26JUL121610AZLAD
KXMLBGAME-26JUL121610AZLAD,2026-07-12T22:04:58Z,2026-07-12,0.6750000000002581,0.49500000000000105,-0.180000000000257,0.0,156268.99,False,25.0,23.056210041046143,300,-0.33038733853233093,99.99999999999898,1.0,19.0,76.0,False,KXMLBGAME-26JUL121610AZLAD
KXMLBGAME-26JUL121610AZLAD,2026-07-12T22:06:16Z,2026-07-12,0.49500000000000105,0.49500000000000105,0.0,0.0,9078.51,False,103.0,42.99699592590332,300,-0.33038733853233093,100.00000000000009,1.0,19.0,79.0,False,KXMLBGAME-26JUL121610AZLAD
KXMLBGAME-26JUL121610AZLAD,2026-07-12T22:09:14Z,2026-07-12,0.49500000000000105,0.49500000000000105,0.0,0.0,339874.03,False,281.0,50.05089998245239,300,-0.33038733853233093,100.00000000000009,1.0,12.0,76.0,False,KXMLBGAME-26JUL121610AZLAD
KXMLBGAME-26JUL121610AZLAD,2026-07-12T22:10:12Z,2026-07-12,0.49500000000000105,0.4600000000000749,-0.034999999999926146,0.0,336469.16000000003,False,,50.70597696304321,300,,100.00000000000009,1.0,15.0,72.0,False,KXMLBGAME-26JUL121610AZLAD
KXMLBGAME-26JUL121610AZLAD,2026-07-12T22:12:10Z,2026-07-12,0.4600000000000749,0.4150000000000319,-0.045000000000043006,0.0,438551.75,False,,2.0569028854370117,300,,99.99999999999953,1.0,18.0,80.0,False,KXMLBGAME-26JUL121610AZLAD
KXMLBGAME-26JUL121610AZLAD,2026-07-12T22:15:07Z,2026-07-12,0.4150000000000319,0.3950000000000212,-0.020000000000010676,0.0,152775.11,False,,11.386039018630981,300,,200.00000000000017,1.0,14.0,93.0,False,KXMLBGAME-26JUL121610AZLAD
KXMLBGAME-26JUL121610AZLAD,2026-07-12T22:15:27Z,2026-07-12,0.3950000000000212,0.3950000000000212,0.0,0.0,152775.11,False,,31.38603901863098,300,,200.00000000000017,1.0,14.0,75.0,False,KXMLBGAME-26JUL121610AZLAD
KXMLBGAME-26JUL121610AZLAD,2026-07-12T22:16:39Z,2026-07-12,0.3950000000000212,0.4150000000000319,0.020000000000010676,0.0,467128.27,False,,48.85502099990845,300,,100.00000000000009,1.0,18.0,77.0,False,KXMLBGAME-26JUL121610AZLAD
KXMLBGAME-26JUL121610AZLAD,2026-07-12T22:19:36Z,2026-07-12,0.4150000000000319,0.3850000000000938,-0.029999999999938076,0.0,326663.41000000003,False,,8.029979944229126,300,,100.00000000000064,-1.0,16.0,89.0,False,KXMLBGAME-26JUL121610AZLAD
KXMLBGAME-26JUL121610AZLAD,2026-07-12T22:20:42Z,2026-07-12,0.3850000000000938,0.3850000000000938,0.0,0.0,340902.24,False,,21.933173894882202,300,,100.00000000000009,1.0,11.0,86.0,False,KXMLBGAME-26JUL121610AZLAD
KXMLBGAME-26JUL121610AZLAD,2026-07-12T22:21:09Z,2026-07-12,0.3850000000000938,0.4150000000000319,0.029999999999938076,0.0,340902.24,False,,48.9331738948822,300,,100.00000000000009,1.0,17.0,77.0,False,KXMLBGAME-26JUL121610AZLAD
KXMLBGAME-26JUL121610AZLAD,2026-07-12T22:22:37Z,2026-07-12,0.4150000000000319,0.45500000000004576,0.04000000000001386,0.0,300696.67000000004,False,,33.06638503074646,300,,100.00000000000064,1.0,15.0,76.0,False,KXMLBGAME-26JUL121610AZLAD
KXMLBGAME-26JUL121610AZLAD,2026-07-12T22:25:27Z,2026-07-12,0.45500000000004576,0.45500000000004576,0.0,0.0,467065.99,False,,45.07973003387451,300,,99.99999999999953,-1.0,19.0,80.0,False,KXMLBGAME-26JUL121610AZLAD
KXMLBGAME-26JUL121610AZLAD,2026-07-12T22:25:56Z,2026-07-12,0.45500000000004576,0.45500000000004576,0.0,0.0,458343.69000000006,False,,22.522876024246216,300,,99.99999999999953,1.0,12.0,91.0,False,KXMLBGAME-26JUL121610AZLAD
KXMLBGAME-26JUL121610AZLAD,2026-07-12T22:26:52Z,2026-07-12,0.45500000000004576,0.3549999999997582,-0.10000000000028758,0.0,385803.18,False,,27.032690048217773,300,,99.99999999999953,1.0,15.0,92.0,False,KXMLBGAME-26JUL121610AZLAD
KXMLBGAME-26JUL121610AZLAD,2026-07-12T22:29:45Z,2026-07-12,0.3549999999997582,0.34499999999979314,-0.009999999999965037,0.0,380967.29,False,103.0,43.034116983413696,300,-0.8895332027733986,100.00000000000009,1.0,13.0,53.0,False,KXMLBGAME-26JUL121610AZLAD
KXMLBGAME-26JUL121610AZLAD,2026-07-12T22:31:07Z,2026-07-12,0.34499999999979314,0.34499999999979314,0.0,0.0,212738.65999999997,False,185.0,19.119417905807495,300,-0.8895332027733986,99.99999999999953,-1.0,8.0,62.0,False,KXMLBGAME-26JUL121610AZLAD
KXMLBGAME-26JUL121610AZLAD,2026-07-12T22:31:12Z,2026-07-12,0.34499999999979314,0.32499999999974194,-0.0200000000000512,0.0,212738.65999999997,False,190.0,24.119417905807495,300,-0.8895332027733986,99.99999999999953,-1.0,8.0,62.0,False,KXMLBGAME-26JUL121610AZLAD
KXMLBGAME-26JUL121610AZLAD,2026-07-12T22:32:37Z,2026-07-12,0.32499999999974194,0.40499999999988473,0.08000000000014279,0.0,267239.83999999997,False,275.0,1.8360528945922852,300,-0.8895332027733986,99.99999999999953,1.0,18.0,55.0,False,KXMLBGAME-26JUL121610AZLAD
KXMLBGAME-26JUL121610AZLAD,2026-07-12T22:34:08Z,2026-07-12,0.40499999999988473,0.3749999999998461,-0.030000000000038607,0.0,188656.81,False,,41.73087501525879,300,,100.00000000000009,1.0,14.0,53.0,False,KXMLBGAME-26JUL121610AZLAD
KXMLBGAME-26JUL121610AZLAD,2026-07-12T22:35:39Z,2026-07-12,0.3749999999998461,0.32499999999974194,-0.05000000000010418,0.0,154770.89,False,,29.420886993408203,300,,100.00000000000009,1.0,19.0,75.0,False,KXMLBGAME-26JUL121610AZLAD
KXMLBGAME-26JUL121610AZLAD,2026-07-12T22:36:13Z,2026-07-12,0.32499999999974194,0.32499999999974194,0.0,0.0,384743.13,False,,10.548737049102783,300,,99.99999999999953,1.0,2.0,69.0,False,KXMLBGAME-26JUL121610AZLAD
KXMLBGAME-26JUL121610AZLAD,2026-07-12T22:37:09Z,2026-07-12,0.32499999999974194,0.325000000000076,3.340661081097096e-13,0.0,387848.23,False,,13.560587882995605,300,,99.99999999999953,1.0,9.0,76.0,False,KXMLBGAME-26JUL121610AZLAD
KXMLBGAME-26JUL121610AZLAD,2026-07-12T22:38:43Z,2026-07-12,0.325000000000076,0.3549999999997582,0.02999999999968217,0.0,283654.13,False,,2.7749319076538086,300,,99.99999999999953,1.0,27.0,73.0,False,KXMLBGAME-26JUL121610AZLAD
KXMLBGAME-26JUL121610AZLAD,2026-07-12T22:40:20Z,2026-07-12,0.3549999999997582,0.36,0.005000000000241811,0.0,221860.49,False,,46.989514112472534,300,,99.99999999999953,1.0,17.0,55.0,False,KXMLBGAME-26JUL121610AZLAD
KXMLBGAME-26JUL121610AZLAD,2026-07-12T22:41:23Z,2026-07-12,0.36,0.3850000000000938,0.025000000000093836,0.0,30550.77,False,,5.957963943481445,300,,100.00000000000009,1.0,14.0,73.0,False,KXMLBGAME-26JUL121610AZLAD
KXMLBGAME-26JUL121610AZLAD,2026-07-12T22:43:25Z,2026-07-12,0.3850000000000938,0.37000000000002203,-0.01500000000007179,0.0,495128.74999999994,False,,22.268222093582153,300,,100.00000000000009,1.0,12.0,81.0,False,KXMLBGAME-26JUL121610AZLAD
KXMLBGAME-26JUL121610AZLAD,2026-07-12T22:44:54Z,2026-07-12,0.37000000000002203,0.47499999999999093,0.1049999999999689,0.0,154515.3,False,,8.109374046325684,300,,100.00000000000009,1.0,14.0,78.0,False,KXMLBGAME-26JUL121610AZLAD
KXMLBGAME-26JUL121610AZLAD,2026-07-12T22:46:23Z,2026-07-12,0.47499999999999093,0.24500000000032282,-0.2299999999996681,0.0,120112.4,False,,46.684065103530884,300,,100.00000000000009,1.0,8.0,59.0,False,KXMLBGAME-26JUL121610AZLAD
KXMLBGAME-26JUL121610AZLAD,2026-07-12T22:46:34Z,2026-07-12,0.24500000000032282,0.22500000000028098,-0.020000000000041845,0.0,329063.9,False,,7.091694116592407,300,,100.00000000000009,1.0,24.0,75.0,False,KXMLBGAME-26JUL121610AZLAD
KXMLBGAME-26JUL121610AZLAD,2026-07-12T22:47:49Z,2026-07-12,0.22500000000028098,0.18500000000015177,-0.04000000000012921,0.0,330414.0,False,,30.773559093475342,300,,99.99999999999982,1.0,10.0,70.0,False,KXMLBGAME-26JUL121610AZLAD
KXMLBGAME-26JUL121610AZLAD,2026-07-12T22:49:14Z,2026-07-12,0.18500000000015177,0.18500000000015177,0.0,0.0,530646.4099999999,False,,13.751280069351196,300,,99.99999999999953,1.0,7.0,61.0,False,KXMLBGAME-26JUL121610AZLAD
KXMLBGAME-26JUL121610AZLAD,2026-07-12T22:50:40Z,2026-07-12,0.18500000000015177,0.18999999999999997,0.004999999999848209,0.0,492156.03,False,,48.48795199394226,300,,99.99999999999953,-1.0,12.0,53.0,False,KXMLBGAME-26JUL121610AZLAD
KXMLBGAME-26JUL121610AZLAD,2026-07-12T22:53:27Z,2026-07-12,0.18999999999999997,0.21499999999989589,0.02499999999989591,0.0,73080.0,False,99.0,11.367470026016235,300,-0.7519714798024345,99.99999999999953,1.0,7.0,67.0,False,KXMLBGAME-26JUL121610AZLAD
KXMLBGAME-26JUL121610AZLAD,2026-07-12T22:54:59Z,2026-07-12,0.21499999999989589,0.1150000000004227,-0.09999999999947319,0.0,310568.6,False,191.0,2.310590982437134,300,-0.7519714798024345,199.99999999999963,1.0,7.0,59.0,False,KXMLBGAME-26JUL121610AZLAD
KXMLBGAME-26JUL121610AZLAD,2026-07-12T22:56:28Z,2026-07-12,0.1150000000004227,0.09500000000032009,-0.020000000000102602,0.0,190559.8,False,280.0,39.701026916503906,300,-0.7519714798024345,99.99999999999994,1.0,16.0,60.0,False,KXMLBGAME-26JUL121610AZLAD
KXMLBGAME-26JUL121610AZLAD,2026-07-12T22:56:42Z,2026-07-12,0.09500000000032009,0.10499999999994984,0.00999999999962975,0.0,287830.85,False,294.0,2.6142489910125732,300,-0.7519714798024345,99.99999999999982,-1.0,9.0,43.0,False,KXMLBGAME-26JUL121610AZLAD
KXMLBGAME-26JUL121610AZLAD,2026-07-12T23:01:07Z,2026-07-12,0.10499999999994984,0.04500000000030549,-0.05999999999964435,0.0,234851.13,False,,18.151673078536987,300,,99.99999999999982,1.0,-1.0,37.0,False,KXMLBGAME-26JUL121610AZLAD
KXMLBGAME-26JUL121610AZLAD,2026-07-12T23:01:48Z,2026-07-12,0.04500000000030549,0.034999999999701416,-0.010000000000604074,0.0,207674.85000000003,False,,8.560487985610962,300,,100.00000000000044,-1.0,13.0,52.0,False,KXMLBGAME-26JUL121610AZLAD
KXMLBGAME-26JUL121610AZLAD,2026-07-12T23:02:46Z,2026-07-12,0.034999999999701416,,,0.0,169098.42,False,,19.336139917373657,300,,100.00000000000037,-1.0,8.0,50.0,False,KXMLBGAME-26JUL121610AZLAD
KXMLBGAME-26JUL121610TORSD,2026-07-12T00:41:46Z,2026-07-12,0.46499999999995306,0.46499999999995306,0.0,1.0,543970.8,False,,39.9557569026947,300,,99.99999999999953,1.0,,138.0,True,KXMLBGAME-26JUL121610TORSD
KXMLBGAME-26JUL121610TORSD,2026-07-12T00:43:40Z,2026-07-12,0.46499999999995306,0.46499999999995306,0.0,1.0,535040.8,False,,18.081340074539185,300,,99.99999999999953,,,,True,KXMLBGAME-26JUL121610TORSD
KXMLBGAME-26JUL121610TORSD,2026-07-12T00:45:29Z,2026-07-12,0.46499999999995306,0.46499999999995306,0.0,1.0,535040.8,False,,60.19841194152832,300,,99.99999999999953,,,,True,KXMLBGAME-26JUL121610TORSD
KXMLBGAME-26JUL121610TORSD,2026-07-12T00:46:37Z,2026-07-12,0.46499999999995306,0.46499999999995306,0.0,1.0,535040.8,False,,63.273228883743286,300,,99.99999999999953,,,,True,KXMLBGAME-26JUL121610TORSD
KXMLBGAME-26JUL121610TORSD,2026-07-12T00:47:16Z,2026-07-12,0.46499999999995306,0.46499999999995306,0.0,1.0,535080.8,False,,35.97697901725769,300,,99.99999999999953,,,,True,KXMLBGAME-26JUL121610TORSD
KXMLBGAME-26JUL121610TORSD,2026-07-12T00:49:04Z,2026-07-12,0.46499999999995306,0.46499999999995306,0.0,1.0,535140.8,False,,12.763957977294922,300,,99.99999999999953,,,,True,KXMLBGAME-26JUL121610TORSD
KXMLBGAME-26JUL121610TORSD,2026-07-12T00:50:53Z,2026-07-12,0.46499999999995306,0.46499999999995306,0.0,1.0,535140.8,False,,55.9629430770874,300,,99.99999999999953,1.0,153.0,153.0,True,KXMLBGAME-26JUL121610TORSD
KXMLBGAME-26JUL121610TORSD,2026-07-12T00:52:10Z,2026-07-12,0.46499999999995306,0.46499999999995306,0.0,1.0,535158.8,False,,65.82865190505981,300,,99.99999999999953,1.0,,153.0,True,KXMLBGAME-26JUL121610TORSD
KXMLBGAME-26JUL121610TORSD,2026-07-12T00:52:38Z,2026-07-12,0.46499999999995306,0.46499999999995306,0.0,1.0,535168.8,False,,23.332504987716675,300,,99.99999999999953,1.0,,153.0,True,KXMLBGAME-26JUL121610TORSD
KXMLBGAME-26JUL121610TORSD,2026-07-12T00:54:34Z,2026-07-12,0.46499999999995306,0.46499999999995306,0.0,1.0,535168.8,False,,0.8640880584716797,300,,99.99999999999953,1.0,,153.0,True,KXMLBGAME-26JUL121610TORSD
KXMLBGAME-26JUL121610TORSD,2026-07-12T00:56:26Z,2026-07-12,0.46499999999995306,0.46499999999995306,0.0,1.0,535178.8,False,,45.45370697975159,300,,99.99999999999953,,,,True,KXMLBGAME-26JUL121610TORSD
KXMLBGAME-26JUL121610TORSD,2026-07-12T00:57:49Z,2026-07-12,0.46499999999995306,0.46499999999995306,0.0,1.0,535188.8,False,,61.8324921131134,300,,99.99999999999953,1.0,326.0,326.0,True,KXMLBGAME-26JUL121610TORSD
KXMLBGAME-26JUL121610TORSD,2026-07-12T00:58:19Z,2026-07-12,0.46499999999995306,0.46499999999995306,0.0,1.0,535202.8,False,,25.133605003356934,300,,99.99999999999953,1.0,,326.0,True,KXMLBGAME-26JUL121610TORSD
KXMLBGAME-26JUL121610TORSD,2026-07-12T01:01:32Z,2026-07-12,0.46499999999995306,0.46499999999995306,0.0,1.0,535240.75,False,105.0,21.941431045532227,300,-0.4095383572083217,99.99999999999953,1.0,,487.0,True,KXMLBGAME-26JUL121610TORSD
KXMLBGAME-26JUL121610TORSD,2026-07-12T01:03:22Z,2026-07-12,0.46499999999995306,0.46499999999995306,0.0,1.0,535270.75,False,215.0,8.633035898208618,300,-0.4095383572083217,99.99999999999953,1.0,,161.0,True,KXMLBGAME-26JUL121610TORSD
KXMLBGAME-26JUL121610TORSD,2026-07-12T01:03:27Z,2026-07-12,0.46499999999995306,0.46499999999995306,0.0,1.0,535270.75,False,220.0,13.633035898208618,300,-0.4095383572083217,99.99999999999953,1.0,,161.0,True,KXMLBGAME-26JUL121610TORSD
KXMLBGAME-26JUL121610TORSD,2026-07-12T01:05:36Z,2026-07-12,0.46499999999995306,0.46499999999995306,0.0,1.0,535286.75,False,,18.429330110549927,300,,99.99999999999953,,,,True,KXMLBGAME-26JUL121610TORSD
KXMLBGAME-26JUL121610TORSD,2026-07-12T01:07:33Z,2026-07-12,0.46499999999995306,0.46499999999995306,0.0,1.0,535310.75,False,,15.09724497795105,300,,99.99999999999953,,,,True,KXMLBGAME-26JUL121610TORSD
KXMLBGAME-26JUL121610TORSD,2026-07-12T01:09:01Z,2026-07-12,0.46499999999995306,0.46499999999995306,0.0,1.0,535319.75,False,,41.27967691421509,300,,99.99999999999953,1.0,154.0,154.0,True,KXMLBGAME-26JUL121610TORSD
KXMLBGAME-26JUL121610TORSD,2026-07-12T01:09:29Z,2026-07-12,0.46499999999995306,0.46499999999995306,0.0,1.0,535337.75,False,,7.635474920272827,300,,99.99999999999953,1.0,,154.0,True,KXMLBGAME-26JUL121610TORSD
KXMLBGAME-26JUL121610TORSD,2026-07-12T01:11:24Z,2026-07-12,0.46499999999995306,0.46499999999995306,0.0,1.0,535347.75,False,,55.24345111846924,300,,99.99999999999953,1.0,,154.0,True,KXMLBGAME-26JUL121610TORSD
KXMLBGAME-26JUL121610TORSD,2026-07-12T01:13:14Z,2026-07-12,0.46499999999995306,0.46499999999995306,0.0,1.0,535367.75,False,,38.08759689331055,300,,99.99999999999953,,,,True,KXMLBGAME-26JUL121610TORSD
KXMLBGAME-26JUL121610TORSD,2026-07-12T01:14:43Z,2026-07-12,0.46499999999995306,0.46499999999995306,0.0,1.0,535378.75,False,,0.13210606575012207,300,,99.99999999999953,1.0,1.0,1.0,True,KXMLBGAME-26JUL121610TORSD
KXMLBGAME-26JUL121610TORSD,2026-07-12T01:15:13Z,2026-07-12,0.46499999999995306,0.46499999999995306,0.0,1.0,535378.75,False,,30.132106065750122,300,,99.99999999999953,1.0,149.0,1.0,True,KXMLBGAME-26JUL121610TORSD
KXMLBGAME-26JUL121610TORSD,2026-07-12T01:17:13Z,2026-07-12,0.46499999999995306,0.46499999999995306,0.0,1.0,535412.75,False,,22.55472207069397,300,,99.99999999999953,1.0,,1.0,True,KXMLBGAME-26JUL121610TORSD
KXMLBGAME-26JUL121610TORSD,2026-07-12T01:19:15Z,2026-07-12,0.46499999999995306,0.46499999999995306,0.0,1.0,535432.75,False,,16.60720992088318,300,,99.99999999999953,1.0,,149.0,True,KXMLBGAME-26JUL121610TORSD
KXMLBGAME-26JUL121610TORSD,2026-07-12T01:20:26Z,2026-07-12,0.46499999999995306,0.46499999999995306,0.0,1.0,535442.75,False,,24.391145944595337,300,,99.99999999999953,,,,True,KXMLBGAME-26JUL121610TORSD
KXMLBGAME-26JUL121610TORSD,2026-07-12T01:21:17Z,2026-07-12,0.46499999999995306,0.46499999999995306,0.0,1.0,535442.75,False,,13.651715993881226,300,,99.99999999999953,,,,True,KXMLBGAME-26JUL121610TORSD
KXMLBGAME-26JUL121610TORSD,2026-07-12T01:23:11Z,2026-07-12,0.46499999999995306,0.46499999999995306,0.0,1.0,534306.75,False,,8.762414932250977,300,,99.99999999999953,,,,True,KXMLBGAME-26JUL121610TORSD
KXMLBGAME-26JUL121610TORSD,2026-07-12T01:25:06Z,2026-07-12,0.46499999999995306,0.46499999999995306,0.0,1.0,534306.75,False,,62.79452991485596,300,,99.99999999999953,,,,True,KXMLBGAME-26JUL121610TORSD
KXMLBGAME-26JUL121610TORSD,2026-07-12T01:26:02Z,2026-07-12,0.46499999999995306,0.46499999999995306,0.0,1.0,534316.75,False,,45.07604098320007,300,,99.99999999999953,,,,True,KXMLBGAME-26JUL121610TORSD
KXMLBGAME-26JUL121610TORSD,2026-07-12T01:27:07Z,2026-07-12,0.46499999999995306,0.46499999999995306,0.0,1.0,534316.75,False,,51.58888792991638,300,,99.99999999999953,,,,True,KXMLBGAME-26JUL121610TORSD
KXMLBGAME-26JUL121610TORSD,2026-07-12T01:29:04Z,2026-07-12,0.46499999999995306,0.46499999999995306,0.0,1.0,588491.75,False,,41.75701189041138,300,,99.99999999999953,,,,True,KXMLBGAME-26JUL121610TORSD
KXMLBGAME-26JUL121610TORSD,2026-07-12T01:31:36Z,2026-07-12,0.46499999999995306,0.46499999999995306,0.0,1.0,589327.29,False,51.0,5.512499094009399,300,0.8768459828800254,99.99999999999953,,,,True,KXMLBGAME-26JUL121610TORSD
KXMLBGAME-26JUL121610TORSD,2026-07-12T01:32:29Z,2026-07-12,0.46499999999995306,0.46499999999995306,0.0,1.0,589327.29,False,104.0,58.5124990940094,300,0.8768459828800254,99.99999999999953,,,,True,KXMLBGAME-26JUL121610TORSD
KXMLBGAME-26JUL121610TORSD,2026-07-12T01:34:19Z,2026-07-12,0.46499999999995306,0.46499999999995306,0.0,1.0,586951.29,False,214.0,49.58206295967102,300,0.8768459828800254,99.99999999999953,,,,True,KXMLBGAME-26JUL121610TORSD
KXMLBGAME-26JUL121610TORSD,2026-07-12T01:36:14Z,2026-07-12,0.46499999999995306,0.46499999999995306,0.0,1.0,586973.29,False,,46.628273010253906,300,,99.99999999999953,,,,True,KXMLBGAME-26JUL121610TORSD
KXMLBGAME-26JUL121610TORSD,2026-07-12T01:37:08Z,2026-07-12,0.46499999999995306,0.46499999999995306,0.0,1.0,586973.29,False,,42.01360297203064,300,,99.99999999999953,,,,True,KXMLBGAME-26JUL121610TORSD
KXMLBGAME-26JUL121610TORSD,2026-07-12T01:38:12Z,2026-07-12,0.46499999999995306,0.46499999999995306,0.0,1.0,586995.29,False,,50.20655608177185,300,,99.99999999999953,1.0,126.0,126.0,True,KXMLBGAME-26JUL121610TORSD
KXMLBGAME-26JUL121610TORSD,2026-07-12T01:40:04Z,2026-07-12,0.46499999999995306,0.46499999999995306,0.0,1.0,588508.29,False,,50.81941604614258,300,,99.99999999999953,1.0,,126.0,True,KXMLBGAME-26JUL121610TORSD
KXMLBGAME-26JUL121610TORSD,2026-07-12T01:41:54Z,2026-07-12,0.46499999999995306,0.46499999999995306,0.0,1.0,588564.29,False,,51.361263036727905,300,,99.99999999999953,1.0,,126.0,True,KXMLBGAME-26JUL121610TORSD
KXMLBGAME-26JUL121610TORSD,2026-07-12T01:42:38Z,2026-07-12,0.46499999999995306,0.46499999999995306,0.0,1.0,588592.29,False,,40.96141600608826,300,,99.99999999999953,1.0,,126.0,True,KXMLBGAME-26JUL121610TORSD
KXMLBGAME-26JUL121610TORSD,2026-07-12T01:43:45Z,2026-07-12,0.46499999999995306,0.46499999999995306,0.0,1.0,588620.29,False,,53.08383297920227,300,,99.99999999999953,1.0,121.0,121.0,True,KXMLBGAME-26JUL121610TORSD
KXMLBGAME-26JUL121610TORSD,2026-07-12T01:45:34Z,2026-07-12,0.46499999999995306,0.46499999999995306,0.0,1.0,588666.04,False,,50.222044944763184,300,,99.99999999999953,1.0,,121.0,True,KXMLBGAME-26JUL121610TORSD
KXMLBGAME-26JUL121610TORSD,2026-07-12T01:47:30Z,2026-07-12,0.46499999999995306,0.46499999999995306,0.0,1.0,578711.04,False,,0.09813499450683594,300,,99.99999999999953,1.0,,121.0,True,KXMLBGAME-26JUL121610TORSD
KXMLBGAME-26JUL121610TORSD,2026-07-12T01:48:07Z,2026-07-12,0.46499999999995306,0.46499999999995306,0.0,1.0,578711.04,False,,37.098134994506836,300,,99.99999999999953,1.0,116.0,237.0,True,KXMLBGAME-26JUL121610TORSD
KXMLBGAME-26JUL121610TORSD,2026-07-12T01:49:29Z,2026-07-12,0.46499999999995306,0.46499999999995306,0.0,1.0,566749.53,False,,8.932914972305298,300,,99.99999999999953,1.0,,116.0,True,KXMLBGAME-26JUL121610TORSD
KXMLBGAME-26JUL121610TORSD,2026-07-12T01:51:18Z,2026-07-12,0.46499999999995306,0.46499999999995306,0.0,1.0,566827.53,False,,9.113431930541992,300,,99.99999999999953,1.0,,116.0,True,KXMLBGAME-26JUL121610TORSD
KXMLBGAME-26JUL121610TORSD,2026-07-12T01:53:17Z,2026-07-12,0.46499999999995306,0.46499999999995306,0.0,1.0,566901.53,False,,16.461435079574585,300,,99.99999999999953,,,,True,KXMLBGAME-26JUL121610TORSD
KXMLBGAME-26JUL121610TORSD,2026-07-12T01:53:37Z,2026-07-12,0.46499999999995306,0.46499999999995306,0.0,1.0,566901.53,False,,36.461435079574585,300,,99.99999999999953,,,,True,KXMLBGAME-26JUL121610TORSD
KXMLBGAME-26JUL121610TORSD,2026-07-12T01:55:17Z,2026-07-12,0.46499999999995306,0.46499999999995306,0.0,1.0,566983.53,False,,23.745425939559937,300,,99.99999999999953,,,,True,KXMLBGAME-26JUL121610TORSD
KXMLBGAME-26JUL121610TORSD,2026-07-12T01:57:17Z,2026-07-12,0.46499999999995306,0.46499999999995306,0.0,1.0,579080.53,False,,30.395544052124023,300,,99.99999999999953,,,,True,KXMLBGAME-26JUL121610TORSD
KXMLBGAME-26JUL121610TORSD,2026-07-12T01:59:11Z,2026-07-12,0.46499999999995306,0.46499999999995306,0.0,1.0,579084.53,False,,31.945523977279663,300,,99.99999999999953,1.0,211.0,211.0,True,KXMLBGAME-26JUL121610TORSD
KXMLBGAME-26JUL121610TORSD,2026-07-12T01:59:16Z,2026-07-12,0.46499999999995306,0.46499999999995306,0.0,1.0,579084.53,False,,36.94552397727966,300,,99.99999999999953,1.0,211.0,211.0,True,KXMLBGAME-26JUL121610TORSD
KXMLBGAME-26JUL121610TORSD,2026-07-12T02:02:39Z,2026-07-12,0.46499999999995306,0.46499999999995306,0.0,1.0,579190.53,False,104.0,24.874483108520508,300,0.8817384023486766,99.99999999999953,1.0,,211.0,True,KXMLBGAME-26JUL121610TORSD
KXMLBGAME-26JUL121610TORSD,2026-07-12T02:04:42Z,2026-07-12,0.46499999999995306,0.46499999999995306,0.0,1.0,579268.53,False,227.0,43.412272930145264,300,0.8817384023486766,99.99999999999953,,,,True,KXMLBGAME-26JUL121610TORSD
KXMLBGAME-26JUL121610TORSD,2026-07-12T02:04:43Z,2026-07-12,0.46499999999995306,0.46499999999995306,0.0,1.0,579268.53,False,228.0,44.412272930145264,300,0.8817384023486766,99.99999999999953,,,,True,KXMLBGAME-26JUL121610TORSD
KXMLBGAME-26JUL121610TORSD,2026-07-12T02:06:46Z,2026-07-12,0.46499999999995306,0.46499999999995306,0.0,1.0,579294.53,False,,65.86351609230042,300,,99.99999999999953,,,,True,KXMLBGAME-26JUL121610TORSD
KXMLBGAME-26JUL121610TORSD,2026-07-12T02:08:34Z,2026-07-12,0.46499999999995306,0.46499999999995306,0.0,1.0,579324.53,False,,15.680897951126099,300,,99.99999999999953,,,,True,KXMLBGAME-26JUL121610TORSD
KXMLBGAME-26JUL121610TORSD,2026-07-12T02:10:17Z,2026-07-12,0.46499999999995306,0.46499999999995306,0.0,1.0,579376.53,False,,14.9878249168396,300,,99.99999999999953,,,,True,KXMLBGAME-26JUL121610TORSD
KXMLBGAME-26JUL121610TORSD,2026-07-12T02:10:22Z,2026-07-12,0.46499999999995306,0.46499999999995306,0.0,1.0,579376.53,False,,19.9878249168396,300,,99.99999999999953,,,,True,KXMLBGAME-26JUL121610TORSD
KXMLBGAME-26JUL121610TORSD,2026-07-12T02:12:13Z,2026-07-12,0.46499999999995306,0.46499999999995306,0.0,1.0,579958.53,False,,27.35579204559326,300,,99.99999999999953,,,,True,KXMLBGAME-26JUL121610TORSD
KXMLBGAME-26JUL121610TORSD,2026-07-12T02:14:06Z,2026-07-12,0.46499999999995306,0.46499999999995306,0.0,1.0,579984.53,False,,32.568588972091675,300,,99.99999999999953,,,,True,KXMLBGAME-26JUL121610TORSD
KXMLBGAME-26JUL121610TORSD,2026-07-12T02:15:41Z,2026-07-12,0.46499999999995306,0.46499999999995306,0.0,1.0,580086.53,False,,26.076669931411743,300,,99.99999999999953,,,,True,KXMLBGAME-26JUL121610TORSD
KXMLBGAME-26JUL121610TORSD,2026-07-12T02:15:53Z,2026-07-12,0.46499999999995306,0.46499999999995306,0.0,1.0,580086.53,False,,38.07666993141174,300,,99.99999999999953,,,,True,KXMLBGAME-26JUL121610TORSD
KXMLBGAME-26JUL121610TORSD,2026-07-12T02:17:40Z,2026-07-12,0.46499999999995306,0.46499999999995306,0.0,1.0,580118.53,False,,42.48663091659546,300,,99.99999999999953,1.0,86.0,86.0,True,KXMLBGAME-26JUL121610TORSD
KXMLBGAME-26JUL121610TORSD,2026-07-12T02:19:24Z,2026-07-12,0.46499999999995306,0.46499999999995306,0.0,1.0,580170.56,False,,46.288256883621216,300,,99.99999999999953,1.0,,86.0,True,KXMLBGAME-26JUL121610TORSD
KXMLBGAME-26JUL121610TORSD,2026-07-12T02:21:05Z,2026-07-12,0.46499999999995306,0.46499999999995306,0.0,1.0,580156.06,False,,43.06182909011841,300,,99.99999999999953,1.0,,170.0,True,KXMLBGAME-26JUL121610TORSD
KXMLBGAME-26JUL121610TORSD,2026-07-12T02:21:09Z,2026-07-12,0.46499999999995306,0.46499999999995306,0.0,1.0,580156.06,False,,47.06182909011841,300,,99.99999999999953,1.0,,170.0,True,KXMLBGAME-26JUL121610TORSD
KXMLBGAME-26JUL121610TORSD,2026-07-12T02:22:56Z,2026-07-12,0.46499999999995306,0.46499999999995306,0.0,1.0,580177.06,False,,0.5089609622955322,300,,99.99999999999953,1.0,,84.0,True,KXMLBGAME-26JUL121610TORSD
KXMLBGAME-26JUL121610TORSD,2026-07-12T02:24:46Z,2026-07-12,0.46499999999995306,0.46499999999995306,0.0,1.0,581418.06,False,,8.083753108978271,300,,99.99999999999953,,,,True,KXMLBGAME-26JUL121610TORSD
KXMLBGAME-26JUL121610TORSD,2026-07-12T02:26:26Z,2026-07-12,0.46499999999995306,0.46499999999995306,0.0,1.0,581418.06,False,,7.085587978363037,300,,99.99999999999953,,,,True,KXMLBGAME-26JUL121610TORSD
KXMLBGAME-26JUL121610TORSD,2026-07-12T02:26:38Z,2026-07-12,0.46499999999995306,0.46499999999995306,0.0,1.0,581418.06,False,,19.085587978363037,300,,99.99999999999953,,,,True,KXMLBGAME-26JUL121610TORSD
KXMLBGAME-26JUL121610TORSD,2026-07-12T02:28:26Z,2026-07-12,0.46499999999995306,0.46499999999995306,0.0,1.0,581520.06,False,,25.100980043411255,300,,99.99999999999953,,,,True,KXMLBGAME-26JUL121610TORSD
KXMLBGAME-26JUL121610TORSD,2026-07-12T02:31:33Z,2026-07-12,0.46499999999995306,0.46499999999995306,0.0,1.0,581278.06,False,106.0,9.277597904205322,300,0.8840419829568413,99.99999999999953,1.0,71.0,71.0,True,KXMLBGAME-26JUL121610TORSD
KXMLBGAME-26JUL121610TORSD,2026-07-12T02:31:48Z,2026-07-12,0.46499999999995306,0.46499999999995306,0.0,1.0,581278.06,False,121.0,24.277597904205322,300,0.8840419829568413,99.99999999999953,1.0,71.0,71.0,True,KXMLBGAME-26JUL121610TORSD
KXMLBGAME-26JUL121610TORSD,2026-07-12T02:33:18Z,2026-07-12,0.46499999999995306,0.46499999999995306,0.0,1.0,579803.29,False,211.0,13.199490070343018,300,0.8840419829568413,99.99999999999953,1.0,,71.0,True,KXMLBGAME-26JUL121610TORSD
KXMLBGAME-26JUL121610TORSD,2026-07-12T02:35:01Z,2026-07-12,0.46499999999995306,0.46499999999995306,0.0,1.0,579815.29,False,,15.608392000198364,300,,99.99999999999953,1.0,,71.0,True,KXMLBGAME-26JUL121610TORSD
KXMLBGAME-26JUL121610TORSD,2026-07-12T02:36:42Z,2026-07-12,0.46499999999995306,0.46499999999995306,0.0,1.0,579827.29,False,,16.66052007675171,300,,99.99999999999953,,,,True,KXMLBGAME-26JUL121610TORSD
KXMLBGAME-26JUL121610TORSD,2026-07-12T02:37:10Z,2026-07-12,0.46499999999995306,0.46499999999995306,0.0,1.0,579827.29,False,,44.66052007675171,300,,99.99999999999953,,,,True,KXMLBGAME-26JUL121610TORSD
KXMLBGAME-26JUL121610TORSD,2026-07-12T02:38:29Z,2026-07-12,0.46499999999995306,0.46499999999995306,0.0,1.0,579810.26,False,,21.57340097427368,300,,99.99999999999953,1.0,63.0,63.0,True,KXMLBGAME-26JUL121610TORSD
KXMLBGAME-26JUL121610TORSD,2026-07-12T02:40:14Z,2026-07-12,0.46499999999995306,0.46499999999995306,0.0,1.0,580081.26,False,,25.34804892539978,300,,99.99999999999953,1.0,,63.0,True,KXMLBGAME-26JUL121610TORSD
KXMLBGAME-26JUL121610TORSD,2026-07-12T02:42:03Z,2026-07-12,0.46499999999995306,0.46499999999995306,0.0,1.0,580093.26,False,,27.02027201652527,300,,99.99999999999953,1.0,,63.0,True,KXMLBGAME-26JUL121610TORSD
KXMLBGAME-26JUL121610TORSD,2026-07-12T02:42:32Z,2026-07-12,0.46499999999995306,0.46499999999995306,0.0,1.0,580105.26,False,,5.30090594291687,300,,99.99999999999953,1.0,,63.0,True,KXMLBGAME-26JUL121610TORSD
KXMLBGAME-26JUL121610TORSD,2026-07-12T02:43:50Z,2026-07-12,0.46499999999995306,0.46499999999995306,0.0,1.0,580372.26,False,,32.329654932022095,300,,99.99999999999953,1.0,145.0,145.0,True,KXMLBGAME-26JUL121610TORSD
KXMLBGAME-26JUL121610TORSD,2026-07-12T02:45:40Z,2026-07-12,0.46499999999995306,0.46499999999995306,0.0,1.0,580362.11,False,,40.74682092666626,300,,99.99999999999953,1.0,,145.0,True,KXMLBGAME-26JUL121610TORSD
KXMLBGAME-26JUL121610TORSD,2026-07-12T02:47:37Z,2026-07-12,0.46499999999995306,0.46499999999995306,0.0,1.0,580641.11,False,,12.472285985946655,300,,99.99999999999953,1.0,,145.0,True,KXMLBGAME-26JUL121610TORSD
KXMLBGAME-26JUL121610TORSD,2026-07-12T02:47:54Z,2026-07-12,0.46499999999995306,0.46499999999995306,0.0,1.0,580641.11,False,,29.472285985946655,300,,99.99999999999953,1.0,,145.0,True,KXMLBGAME-26JUL121610TORSD
KXMLBGAME-26JUL121610TORSD,2026-07-12T02:49:25Z,2026-07-12,0.46499999999995306,0.46499999999995306,0.0,1.0,580641.11,False,,23.72134804725647,300,,99.99999999999953,,,,True,KXMLBGAME-26JUL121610TORSD
KXMLBGAME-26JUL121610TORSD,2026-07-12T02:51:13Z,2026-07-12,0.46499999999995306,0.46499999999995306,0.0,1.0,580613.11,False,,35.3290901184082,300,,99.99999999999953,1.0,,69.0,True,KXMLBGAME-26JUL121610TORSD
KXMLBGAME-26JUL121610TORSD,2026-07-12T02:53:14Z,2026-07-12,0.46499999999995306,0.46499999999995306,0.0,1.0,580617.11,False,,10.904649019241333,300,,99.99999999999953,1.0,,69.0,True,KXMLBGAME-26JUL121610TORSD
KXMLBGAME-26JUL121610TORSD,2026-07-12T02:53:18Z,2026-07-12,0.46499999999995306,0.46499999999995306,0.0,1.0,580617.11,False,,14.904649019241333,300,,99.99999999999953,1.0,,69.0,True,KXMLBGAME-26JUL121610TORSD
KXMLBGAME-26JUL121610TORSD,2026-07-12T02:55:04Z,2026-07-12,0.46499999999995306,0.46499999999995306,0.0,1.0,580617.11,False,,23.719899892807007,300,,99.99999999999953,1.0,,69.0,True,KXMLBGAME-26JUL121610TORSD
KXMLBGAME-26JUL121610TORSD,2026-07-12T02:56:53Z,2026-07-12,0.46499999999995306,0.46499999999995306,0.0,1.0,580095.11,False,,36.61388802528381,300,,99.99999999999953,,,,True,KXMLBGAME-26JUL121610TORSD
KXMLBGAME-26JUL121610TORSD,2026-07-12T02:58:40Z,2026-07-12,0.46499999999995306,0.46499999999995306,0.0,1.0,580099.11,False,19.0,0.28766703605651855,300,0.9123793809035531,99.99999999999953,,,,True,KXMLBGAME-26JUL121610TORSD
KXMLBGAME-26JUL121610TORSD,2026-07-12T03:00:06Z,2026-07-12,0.46499999999995306,0.46499999999995306,0.0,1.0,579879.11,False,105.0,38.6540789604187,300,0.9123793809035531,99.99999999999953,,,,True,KXMLBGAME-26JUL121610TORSD
KXMLBGAME-26JUL121610TORSD,2026-07-12T03:01:51Z,2026-07-12,0.46499999999995306,0.46499999999995306,0.0,1.0,579644.11,False,210.0,47.52072310447693,300,0.9123793809035531,99.99999999999953,,,,True,KXMLBGAME-26JUL121610TORSD
KXMLBGAME-26JUL121610TORSD,2026-07-12T03:03:33Z,2026-07-12,0.46499999999995306,0.46499999999995306,0.0,1.0,580365.11,False,,8.484095096588135,300,,99.99999999999953,,,,True,KXMLBGAME-26JUL121610TORSD
KXMLBGAME-26JUL121610TORSD,2026-07-12T03:04:02Z,2026-07-12,0.46499999999995306,0.46499999999995306,0.0,1.0,580365.11,False,,37.484095096588135,300,,99.99999999999953,,,,True,KXMLBGAME-26JUL121610TORSD
KXMLBGAME-26JUL121610TORSD,2026-07-12T03:05:18Z,2026-07-12,0.46499999999995306,0.46499999999995306,0.0,1.0,580381.11,False,,20.43691110610962,300,,99.99999999999953,,,,True,KXMLBGAME-26JUL121610TORSD
KXMLBGAME-26JUL121610TORSD,2026-07-12T03:07:02Z,2026-07-12,0.46499999999995306,0.46499999999995306,0.0,1.0,580397.11,False,,33.52462291717529,300,,99.99999999999953,,,,True,KXMLBGAME-26JUL121610TORSD
KXMLBGAME-26JUL121610TORSD,2026-07-12T03:08:49Z,2026-07-12,0.46499999999995306,0.46499999999995306,0.0,1.0,581532.11,False,,42.02239108085632,300,,99.99999999999953,,,,True,KXMLBGAME-26JUL121610TORSD
KXMLBGAME-26JUL121610TORSD,2026-07-12T03:09:22Z,2026-07-12,0.46499999999995306,0.46499999999995306,0.0,1.0,581552.11,False,,28.74892497062683,300,,99.99999999999953,,,,True,KXMLBGAME-26JUL121610TORSD
KXMLBGAME-26JUL121610TORSD,2026-07-12T03:10:36Z,2026-07-12,0.46499999999995306,0.46499999999995306,0.0,1.0,581592.11,False,,7.595935106277466,300,,99.99999999999953,,,,True,KXMLBGAME-26JUL121610TORSD
KXMLBGAME-26JUL121610TORSD,2026-07-12T03:12:17Z,2026-07-12,0.46499999999995306,0.46499999999995306,0.0,1.0,581605.08,False,,13.353126049041748,300,,99.99999999999953,1.0,,43.0,True,KXMLBGAME-26JUL121610TORSD
KXMLBGAME-26JUL121610TORSD,2026-07-12T03:13:58Z,2026-07-12,0.46499999999995306,0.46499999999995306,0.0,1.0,581571.08,False,,18.865626096725464,300,,99.99999999999953,1.0,,43.0,True,KXMLBGAME-26JUL121610TORSD
KXMLBGAME-26JUL121610TORSD,2026-07-12T03:14:45Z,2026-07-12,0.46499999999995306,0.46499999999995306,0.0,1.0,582105.08,False,,19.287779092788696,300,,99.99999999999953,1.0,,43.0,True,KXMLBGAME-26JUL121610TORSD
KXMLBGAME-26JUL121610TORSD,2026-07-12T03:15:49Z,2026-07-12,0.46499999999995306,0.46499999999995306,0.0,1.0,582145.08,False,,35.52558207511902,300,,99.99999999999953,1.0,,43.0,True,KXMLBGAME-26JUL121610TORSD
KXMLBGAME-26JUL121610TORSD,2026-07-12T03:17:32Z,2026-07-12,0.46499999999995306,0.46499999999995306,0.0,1.0,582244.08,False,,45.332886934280396,300,,99.99999999999953,,,,True,KXMLBGAME-26JUL121610TORSD
KXMLBGAME-26JUL121610TORSD,2026-07-12T03:19:20Z,2026-07-12,0.46499999999995306,0.46499999999995306,0.0,1.0,581756.08,False,,12.106709003448486,300,,99.99999999999953,,,,True,KXMLBGAME-26JUL121610TORSD
KXMLBGAME-26JUL121610TORSD,2026-07-12T03:20:04Z,2026-07-12,0.46499999999995306,0.46499999999995306,0.0,1.0,581776.08,False,,8.960052967071533,300,,99.99999999999953,,,,True,KXMLBGAME-26JUL121610TORSD
KXMLBGAME-26JUL121610TORSD,2026-07-12T03:21:08Z,2026-07-12,0.46499999999995306,0.46499999999995306,0.0,1.0,581846.08,False,,25.2203209400177,300,,99.99999999999953,,,,True,KXMLBGAME-26JUL121610TORSD
KXMLBGAME-26JUL121610TORSD,2026-07-12T03:23:00Z,2026-07-12,0.46499999999995306,0.46499999999995306,0.0,1.0,581836.08,False,,42.425195932388306,300,,99.99999999999953,,,,True,KXMLBGAME-26JUL121610TORSD
KXMLBGAME-26JUL121610TORSD,2026-07-12T03:24:48Z,2026-07-12,0.46499999999995306,0.46499999999995306,0.0,1.0,581827.08,False,,8.368331909179688,300,,99.99999999999953,1.0,84.0,140.0,True,KXMLBGAME-26JUL121610TORSD
KXMLBGAME-26JUL121610TORSD,2026-07-12T03:25:27Z,2026-07-12,0.46499999999995306,0.46499999999995306,0.0,1.0,581805.08,False,,0.03748607635498047,300,,99.99999999999953,1.0,84.0,196.0,True,KXMLBGAME-26JUL121610TORSD
KXMLBGAME-26JUL121610TORSD,2026-07-12T03:27:52Z,2026-07-12,0.46499999999995306,0.46499999999995306,0.0,1.0,581813.08,False,98.0,3.068882942199707,300,0.8605425795597609,99.99999999999953,1.0,54.0,358.0,True,KXMLBGAME-26JUL121610TORSD
KXMLBGAME-26JUL121610TORSD,2026-07-12T03:29:34Z,2026-07-12,0.46499999999995306,0.46499999999995306,0.0,1.0,581791.08,False,200.0,11.69886302947998,300,0.8605425795597609,99.99999999999953,1.0,,300.0,True,KXMLBGAME-26JUL121610TORSD
KXMLBGAME-26JUL121610TORSD,2026-07-12T03:30:47Z,2026-07-12,0.46499999999995306,0.46499999999995306,0.0,1.0,581831.08,False,273.0,37.00747299194336,300,0.8605425795597609,99.99999999999953,1.0,,189.0,True,KXMLBGAME-26JUL121610TORSD
KXMLBGAME-26JUL121610TORSD,2026-07-12T03:31:19Z,2026-07-12,0.46499999999995306,0.46499999999995306,0.0,1.0,581801.08,False,,21.829572916030884,300,,99.99999999999953,1.0,,162.0,True,KXMLBGAME-26JUL121610TORSD
KXMLBGAME-26JUL121610TORSD,2026-07-12T03:33:03Z,2026-07-12,0.46499999999995306,0.46499999999995306,0.0,1.0,581841.08,False,,31.42306399345398,300,,99.99999999999953,1.0,,27.0,True,KXMLBGAME-26JUL121610TORSD
KXMLBGAME-26JUL121610TORSD,2026-07-12T03:34:45Z,2026-07-12,0.46499999999995306,0.46499999999995306,0.0,1.0,581923.08,False,,39.528104066848755,300,,99.99999999999953,,,,True,KXMLBGAME-26JUL121610TORSD
KXMLBGAME-26JUL121610TORSD,2026-07-12T03:36:07Z,2026-07-12,0.46499999999995306,0.46499999999995306,0.0,1.0,581873.08,False,,28.636722087860107,300,,99.99999999999953,,,,True,KXMLBGAME-26JUL121610TORSD
KXMLBGAME-26JUL121610TORSD,2026-07-12T03:36:24Z,2026-07-12,0.46499999999995306,0.46499999999995306,0.0,1.0,581873.08,False,,45.63672208786011,300,,99.99999999999953,,,,True,KXMLBGAME-26JUL121610TORSD
KXMLBGAME-26JUL121610TORSD,2026-07-12T03:38:07Z,2026-07-12,0.46499999999995306,0.46499999999995306,0.0,1.0,581873.08,False,,56.1065890789032,300,,99.99999999999953,,,,True,KXMLBGAME-26JUL121610TORSD
KXMLBGAME-26JUL121610TORSD,2026-07-12T03:40:08Z,2026-07-12,0.46499999999995306,0.46499999999995306,0.0,1.0,581849.08,False,,37.19539999961853,300,,99.99999999999953,1.0,14.0,14.0,True,KXMLBGAME-26JUL121610TORSD
KXMLBGAME-26JUL121610TORSD,2026-07-12T03:41:23Z,2026-07-12,0.46499999999995306,0.46499999999995306,0.0,1.0,581849.08,False,,22.215326070785522,300,,99.99999999999953,1.0,,14.0,True,KXMLBGAME-26JUL121610TORSD
KXMLBGAME-26JUL121610TORSD,2026-07-12T03:41:51Z,2026-07-12,0.46499999999995306,0.46499999999995306,0.0,1.0,581853.08,False,,5.019232988357544,300,,99.99999999999953,1.0,,14.0,True,KXMLBGAME-26JUL121610TORSD
KXMLBGAME-26JUL121610TORSD,2026-07-12T03:43:29Z,2026-07-12,0.46499999999995306,0.46499999999995306,0.0,1.0,581853.08,False,,14.624048948287964,300,,99.99999999999953,1.0,,14.0,True,KXMLBGAME-26JUL121610TORSD
KXMLBGAME-26JUL121610TORSD,2026-07-12T03:45:06Z,2026-07-12,0.46499999999995306,0.46499999999995306,0.0,1.0,581812.08,False,,23.404002904891968,300,,99.99999999999953,1.0,35.0,35.0,True,KXMLBGAME-26JUL121610TORSD
KXMLBGAME-26JUL121610TORSD,2026-07-12T03:46:37Z,2026-07-12,0.46499999999995306,0.46499999999995306,0.0,1.0,581655.08,False,,28.240400075912476,300,,99.99999999999953,1.0,46.0,91.0,True,KXMLBGAME-26JUL121610TORSD
KXMLBGAME-26JUL121610TORSD,2026-07-12T03:46:43Z,2026-07-12,0.46499999999995306,0.46499999999995306,0.0,1.0,581655.08,False,,34.240400075912476,300,,99.99999999999953,1.0,46.0,91.0,True,KXMLBGAME-26JUL121610TORSD
KXMLBGAME-26JUL121610TORSD,2026-07-12T03:48:23Z,2026-07-12,0.46499999999995306,0.46499999999995306,0.0,1.0,581488.03,False,,4.137583017349243,300,,99.99999999999953,1.0,119.0,286.0,True,KXMLBGAME-26JUL121610TORSD
KXMLBGAME-26JUL121610TORSD,2026-07-12T03:50:04Z,2026-07-12,0.46499999999995306,0.47499999999999093,0.010000000000037867,1.0,581303.03,False,,18.562000036239624,300,,99.99999999999953,1.0,103.0,393.0,True,KXMLBGAME-26JUL121610TORSD
KXMLBGAME-26JUL121610TORSD,2026-07-12T20:12:25Z,2026-07-12,0.47499999999999093,0.47499999999999093,0.0,1.0,344091.92,False,,5.163067102432251,300,,100.00000000000009,1.0,16.0,48.0,True,KXMLBGAME-26JUL121610TORSD
KXMLBGAME-26JUL121610TORSD,2026-07-12T20:12:50Z,2026-07-12,0.47499999999999093,0.3850000000000938,-0.0899999999998971,1.0,344091.92,False,,30.16306710243225,300,,100.00000000000009,1.0,16.0,42.0,True,KXMLBGAME-26JUL121610TORSD
KXMLBGAME-26JUL121610TORSD,2026-07-12T20:14:02Z,2026-07-12,0.3850000000000938,0.3950000000000212,0.0099999999999274,1.0,85310.29000000001,False,,6.066167116165161,300,,100.00000000000009,1.0,16.0,48.0,True,KXMLBGAME-26JUL121610TORSD
KXMLBGAME-26JUL121610TORSD,2026-07-12T20:15:45Z,2026-07-12,0.3950000000000212,0.3850000000000938,-0.0099999999999274,1.0,85310.29000000001,False,,109.06616711616516,300,,100.00000000000009,1.0,,32.0,True,KXMLBGAME-26JUL121610TORSD
KXMLBGAME-26JUL121610TORSD,2026-07-12T20:17:29Z,2026-07-12,0.3850000000000938,0.3950000000000212,0.0099999999999274,1.0,331150.17000000004,False,,82.63757801055908,300,,100.00000000000009,1.0,,28.0,True,KXMLBGAME-26JUL121610TORSD
KXMLBGAME-26JUL121610TORSD,2026-07-12T20:18:29Z,2026-07-12,0.3950000000000212,0.40499999999988473,0.009999999999863507,1.0,331150.17000000004,False,,142.63757801055908,300,,100.00000000000009,1.0,,28.0,True,KXMLBGAME-26JUL121610TORSD
KXMLBGAME-26JUL121610TORSD,2026-07-12T20:19:09Z,2026-07-12,0.40499999999988473,0.36500000000006355,-0.03999999999982118,1.0,331150.17000000004,False,,182.63757801055908,300,,100.00000000000009,1.0,,12.0,True,KXMLBGAME-26JUL121610TORSD
KXMLBGAME-26JUL121610TORSD,2026-07-12T20:22:28Z,2026-07-12,0.36500000000006355,0.3549999999997582,-0.010000000000305376,1.0,429899.55,False,,155.1346619129181,300,,100.00000000000009,1.0,,20.0,True,KXMLBGAME-26JUL121610TORSD
KXMLBGAME-26JUL121610TORSD,2026-07-12T20:23:58Z,2026-07-12,0.3549999999997582,0.3549999999997582,0.0,1.0,426030.03,False,,19.335782051086426,300,,100.00000000000009,-1.0,17.0,37.0,True,KXMLBGAME-26JUL121610TORSD
KXMLBGAME-26JUL121610TORSD,2026-07-12T20:24:07Z,2026-07-12,0.3549999999997582,0.3549999999997582,0.0,1.0,426030.03,False,,28.335782051086426,300,,100.00000000000009,-1.0,14.0,37.0,True,KXMLBGAME-26JUL121610TORSD
KXMLBGAME-26JUL121610TORSD,2026-07-12T20:25:44Z,2026-07-12,0.3549999999997582,0.32499999999974194,-0.030000000000016236,1.0,435174.72,False,,30.657761096954346,300,,100.00000000000009,1.0,15.0,34.0,True,KXMLBGAME-26JUL121610TORSD
KXMLBGAME-26JUL121610TORSD,2026-07-12T20:29:28Z,2026-07-12,0.32499999999974194,0.3500000000002907,0.02500000000054875,1.0,288507.04,False,43.0,124.77728199958801,300,-0.6806225404621713,99.99999999999953,1.0,,35.0,True,KXMLBGAME-26JUL121610TORSD
KXMLBGAME-26JUL121610TORSD,2026-07-12T20:30:29Z,2026-07-12,0.3500000000002907,0.3349999999997444,-0.015000000000546299,1.0,288507.04,False,104.0,185.777281999588,300,-0.6806225404621713,99.99999999999953,1.0,,18.0,True,KXMLBGAME-26JUL121610TORSD
KXMLBGAME-26JUL121610TORSD,2026-07-12T20:33:32Z,2026-07-12,0.3349999999997444,0.34,0.005000000000255633,1.0,359930.4,False,287.0,54.67310094833374,300,-0.6806225404621713,99.99999999999953,1.0,3.0,31.0,True,KXMLBGAME-26JUL121610TORSD
KXMLBGAME-26JUL121610TORSD,2026-07-12T20:34:59Z,2026-07-12,0.34,0.34,0.0,1.0,275.99,False,,50.724225997924805,300,,499.9999999999999,1.0,11.0,42.0,True,KXMLBGAME-26JUL121610TORSD
KXMLBGAME-26JUL121610TORSD,2026-07-12T20:35:08Z,2026-07-12,0.34,0.40499999999988473,0.0649999999998847,1.0,275.99,False,,59.724225997924805,300,,499.9999999999999,1.0,,42.0,True,KXMLBGAME-26JUL121610TORSD
KXMLBGAME-26JUL121610TORSD,2026-07-12T20:36:49Z,2026-07-12,0.40499999999988473,0.40499999999988473,0.0,1.0,405392.69999999995,False,,71.3257110118866,300,,100.00000000000009,1.0,11.0,52.0,True,KXMLBGAME-26JUL121610TORSD
KXMLBGAME-26JUL121610TORSD,2026-07-12T20:38:13Z,2026-07-12,0.40499999999988473,0.44500000000003503,0.040000000000150304,1.0,407391.92,False,,67.4547278881073,300,,100.00000000000009,1.0,5.0,48.0,True,KXMLBGAME-26JUL121610TORSD
KXMLBGAME-26JUL121610TORSD,2026-07-12T20:39:44Z,2026-07-12,0.44500000000003503,0.43999999999999995,-0.0050000000000350875,1.0,464.64,False,,71.09393811225891,300,,399.9999999999998,1.0,10.0,58.0,True,KXMLBGAME-26JUL121610TORSD
KXMLBGAME-26JUL121610TORSD,2026-07-12T20:40:29Z,2026-07-12,0.43999999999999995,0.44500000000003503,0.0050000000000350875,1.0,341389.19,False,,26.738675117492676,300,,99.99999999999953,-1.0,9.0,47.0,True,KXMLBGAME-26JUL121610TORSD
KXMLBGAME-26JUL121610TORSD,2026-07-12T20:41:12Z,2026-07-12,0.44500000000003503,0.5,0.054999999999964966,1.0,341389.19,False,,69.73867511749268,300,,99.99999999999953,1.0,6.0,47.0,True,KXMLBGAME-26JUL121610TORSD
KXMLBGAME-26JUL121610TORSD,2026-07-12T20:42:47Z,2026-07-12,0.5,0.49500000000000105,-0.00499999999999895,1.0,168452.41999999998,False,,77.05334901809692,300,,99.99999999999953,1.0,8.0,50.0,True,KXMLBGAME-26JUL121610TORSD
KXMLBGAME-26JUL121610TORSD,2026-07-12T20:44:18Z,2026-07-12,0.49500000000000105,0.5950000000001153,0.10000000000011428,1.0,374479.52,False,,80.78578495979309,300,,100.00000000000009,1.0,,44.0,True,KXMLBGAME-26JUL121610TORSD
KXMLBGAME-26JUL121610TORSD,2026-07-12T20:45:47Z,2026-07-12,0.5950000000001153,0.5950000000001153,0.0,1.0,491.01,False,,77.4448709487915,300,,500.00000000000045,1.0,,47.0,True,KXMLBGAME-26JUL121610TORSD
KXMLBGAME-26JUL121610TORSD,2026-07-12T20:45:51Z,2026-07-12,0.5950000000001153,0.6399999999998525,0.04499999999973714,1.0,491.01,False,,81.4448709487915,300,,500.00000000000045,1.0,,47.0,True,KXMLBGAME-26JUL121610TORSD
KXMLBGAME-26JUL121610TORSD,2026-07-12T20:47:18Z,2026-07-12,0.6399999999998525,0.6650000000002556,0.025000000000403144,1.0,221508.06,False,,78.92886900901794,300,,100.00000000000009,-1.0,,38.0,True,KXMLBGAME-26JUL121610TORSD
KXMLBGAME-26JUL121610TORSD,2026-07-12T20:48:49Z,2026-07-12,0.6650000000002556,0.6650000000002556,0.0,1.0,121196.48,False,,79.23395895957947,300,,99.99999999999898,1.0,6.0,42.0,True,KXMLBGAME-26JUL121610TORSD
KXMLBGAME-26JUL121610TORSD,2026-07-12T20:50:23Z,2026-07-12,0.6650000000002556,0.7249999999999551,0.059999999999699516,1.0,306250.24,False,,82.34203290939331,300,,99.99999999999898,1.0,-2.0,35.0,True,KXMLBGAME-26JUL121610TORSD
KXMLBGAME-26JUL121610TORSD,2026-07-12T20:51:16Z,2026-07-12,0.7249999999999551,0.7449999999998795,0.01999999999992441,1.0,326008.49,False,,45.29524207115173,300,,100.00000000000009,-1.0,-1.0,28.0,True,KXMLBGAME-26JUL121610TORSD
KXMLBGAME-26JUL121610TORSD,2026-07-12T20:54:44Z,2026-07-12,0.7449999999998795,0.6949999999997953,-0.0500000000000842,1.0,11123.25,False,104.0,77.41488909721375,300,0.11579436287096491,100.00000000000009,1.0,2.0,25.0,True,KXMLBGAME-26JUL121610TORSD
KXMLBGAME-26JUL121610TORSD,2026-07-12T20:56:15Z,2026-07-12,0.6949999999997953,0.6949999999997953,0.0,1.0,113184.63,False,195.0,81.52234292030334,300,0.11579436287096491,100.00000000000009,-1.0,2.0,37.0,True,KXMLBGAME-26JUL121610TORSD
KXMLBGAME-26JUL121610TORSD,2026-07-12T20:56:39Z,2026-07-12,0.6949999999997953,0.7,0.0050000000002046185,1.0,122885.23,False,219.0,20.649849891662598,300,0.11579436287096491,100.00000000000009,-1.0,1.0,36.0,True,KXMLBGAME-26JUL121610TORSD
KXMLBGAME-26JUL121610TORSD,2026-07-12T20:57:44Z,2026-07-12,0.7,0.7399999999999717,0.039999999999971725,1.0,95927.95,False,284.0,2.139180898666382,300,0.11579436287096491,100.00000000000009,1.0,16.0,42.0,True,KXMLBGAME-26JUL121610TORSD
KXMLBGAME-26JUL121610TORSD,2026-07-12T20:59:11Z,2026-07-12,0.7399999999999717,0.7249999999999551,-0.015000000000016556,1.0,171182.11,False,,7.15792989730835,300,,100.00000000000009,-1.0,8.0,36.0,True,KXMLBGAME-26JUL121610TORSD
KXMLBGAME-26JUL121610TORSD,2026-07-12T21:00:42Z,2026-07-12,0.7249999999999551,0.6849999999998286,-0.04000000000012649,1.0,326584.08999999997,False,,18.00903296470642,300,,100.00000000000009,1.0,16.0,41.0,True,KXMLBGAME-26JUL121610TORSD
KXMLBGAME-26JUL121610TORSD,2026-07-12T21:02:55Z,2026-07-12,0.6849999999998286,0.7850000000001042,0.10000000000027554,1.0,275501.79000000004,False,,70.74000096321106,300,,99.99999999999898,1.0,10.0,48.0,True,KXMLBGAME-26JUL121610TORSD
KXMLBGAME-26JUL121610TORSD,2026-07-12T21:05:51Z,2026-07-12,0.7850000000001042,0.7599999999999999,-0.025000000000104272,1.0,282474.14,False,,20.080111980438232,300,,100.00000000000009,1.0,10.0,48.0,True,KXMLBGAME-26JUL121610TORSD
KXMLBGAME-26JUL121610TORSD,2026-07-12T21:08:36Z,2026-07-12,0.7599999999999999,0.7449999999998795,-0.015000000000120361,1.0,263059.27999999997,False,,33.95718502998352,300,,100.00000000000009,-1.0,-6.0,18.0,True,KXMLBGAME-26JUL121610TORSD
KXMLBGAME-26JUL121610TORSD,2026-07-12T21:10:09Z,2026-07-12,0.7449999999998795,0.7449999999998795,0.0,1.0,410184.1,False,,52.66824507713318,300,,100.00000000000009,-1.0,6.0,24.0,True,KXMLBGAME-26JUL121610TORSD
KXMLBGAME-26JUL121610TORSD,2026-07-12T21:11:44Z,2026-07-12,0.7449999999998795,0.774999999999719,0.02999999999983949,1.0,115047.0,False,,0.13014602661132812,300,,1099.9999999999998,1.0,16.0,30.0,True,KXMLBGAME-26JUL121610TORSD
KXMLBGAME-26JUL121610TORSD,2026-07-12T21:12:30Z,2026-07-12,0.774999999999719,0.7649999999998506,-0.009999999999868447,1.0,115047.0,False,,46.13014602661133,300,,1099.9999999999998,1.0,9.0,31.0,True,KXMLBGAME-26JUL121610TORSD
KXMLBGAME-26JUL121610TORSD,2026-07-12T21:13:16Z,2026-07-12,0.7649999999998506,0.7850000000001042,0.020000000000253593,1.0,380593.06,False,,17.945782899856567,300,,100.00000000000009,1.0,13.0,50.0,True,KXMLBGAME-26JUL121610TORSD
KXMLBGAME-26JUL121610TORSD,2026-07-12T21:14:42Z,2026-07-12,0.7850000000001042,0.7649999999998506,-0.020000000000253593,1.0,72451.28,False,,31.239094972610474,300,,100.00000000000009,1.0,10.0,46.0,True,KXMLBGAME-26JUL121610TORSD
KXMLBGAME-26JUL121610TORSD,2026-07-12T21:16:15Z,2026-07-12,0.7649999999998506,0.5549999999999649,-0.20999999999988572,1.0,70192.01,False,,53.28574299812317,300,,100.00000000000009,-1.0,4.0,53.0,True,KXMLBGAME-26JUL121610TORSD
KXMLBGAME-26JUL121610TORSD,2026-07-12T21:17:52Z,2026-07-12,0.5549999999999649,0.5650000000000963,0.01000000000013146,1.0,67589.0,False,21.0,12.49893593788147,300,-0.9922420480993018,200.00000000000017,1.0,15.0,56.0,True,KXMLBGAME-26JUL121610TORSD
KXMLBGAME-26JUL121610TORSD,2026-07-12T21:19:14Z,2026-07-12,0.5650000000000963,0.5600000000000582,-0.005000000000038085,1.0,411504.68999999994,False,103.0,30.8485369682312,300,-0.9922420480993018,100.00000000000009,1.0,13.0,54.0,True,KXMLBGAME-26JUL121610TORSD
KXMLBGAME-26JUL121610TORSD,2026-07-12T21:20:43Z,2026-07-12,0.5600000000000582,0.5650000000000963,0.005000000000038085,1.0,180769.29,False,192.0,56.94001293182373,300,-0.9922420480993018,100.00000000000009,1.0,9.0,59.0,True,KXMLBGAME-26JUL121610TORSD
KXMLBGAME-26JUL121610TORSD,2026-07-12T21:22:10Z,2026-07-12,0.5650000000000963,0.5950000000001153,0.03000000000001901,1.0,153333.56,False,279.0,18.06213903427124,300,-0.9922420480993018,100.00000000000009,1.0,16.0,74.0,True,KXMLBGAME-26JUL121610TORSD
KXMLBGAME-26JUL121610TORSD,2026-07-12T21:23:09Z,2026-07-12,0.5950000000001153,0.5950000000001153,0.0,1.0,128843.95999999999,False,,14.808365106582642,300,,100.00000000000009,1.0,12.0,71.0,True,KXMLBGAME-26JUL121610TORSD
KXMLBGAME-26JUL121610TORSD,2026-07-12T21:23:40Z,2026-07-12,0.5950000000001153,0.5849999999999682,-0.010000000000147113,1.0,128843.95999999999,False,,45.80836510658264,300,,100.00000000000009,1.0,12.0,61.0,True,KXMLBGAME-26JUL121610TORSD
KXMLBGAME-26JUL121610TORSD,2026-07-12T21:25:06Z,2026-07-12,0.5849999999999682,0.5449999999999542,-0.040000000000014024,1.0,144471.69,False,,4.506563901901245,300,,100.0000000000012,1.0,13.0,70.0,True,KXMLBGAME-26JUL121610TORSD
KXMLBGAME-26JUL121610TORSD,2026-07-12T21:27:57Z,2026-07-12,0.5449999999999542,0.5549999999999649,0.010000000000010667,1.0,334365.97,False,,48.09822607040405,300,,100.00000000000009,-1.0,3.0,43.0,True,KXMLBGAME-26JUL121610TORSD
KXMLBGAME-26JUL121610TORSD,2026-07-12T21:28:24Z,2026-07-12,0.5549999999999649,0.5049999999999989,-0.04999999999996596,1.0,370146.97,False,,12.572632074356079,300,,100.00000000000009,1.0,14.0,57.0,True,KXMLBGAME-26JUL121610TORSD
KXMLBGAME-26JUL121610TORSD,2026-07-12T21:29:44Z,2026-07-12,0.5049999999999989,0.49500000000000105,-0.009999999999997844,1.0,155991.69,False,,26.71077799797058,300,,100.00000000000009,-1.0,9.0,46.0,True,KXMLBGAME-26JUL121610TORSD
KXMLBGAME-26JUL121610TORSD,2026-07-12T21:31:12Z,2026-07-12,0.49500000000000105,0.49500000000000105,0.0,1.0,60829.97,False,,47.34268593788147,300,,100.00000000000009,1.0,2.0,33.0,True,KXMLBGAME-26JUL121610TORSD
KXMLBGAME-26JUL121610TORSD,2026-07-12T21:32:41Z,2026-07-12,0.49500000000000105,0.5250000000000091,0.030000000000008076,1.0,410133.38,False,,11.100321054458618,300,,100.00000000000009,1.0,11.0,53.0,True,KXMLBGAME-26JUL121610TORSD
KXMLBGAME-26JUL121610TORSD,2026-07-12T21:33:37Z,2026-07-12,0.5250000000000091,0.535000000000047,0.010000000000037867,1.0,144083.52000000002,False,,1.1880760192871094,300,,100.00000000000009,1.0,15.0,54.0,True,KXMLBGAME-26JUL121610TORSD
KXMLBGAME-26JUL121610TORSD,2026-07-12T21:34:12Z,2026-07-12,0.535000000000047,0.5449999999999542,0.009999999999907194,1.0,144083.52000000002,False,,36.18807601928711,300,,100.00000000000009,1.0,15.0,44.0,True,KXMLBGAME-26JUL121610TORSD
KXMLBGAME-26JUL121610TORSD,2026-07-12T21:35:39Z,2026-07-12,0.5449999999999542,0.5650000000000963,0.020000000000142126,1.0,337968.37,False,,58.64455199241638,300,,100.00000000000009,1.0,10.0,58.0,True,KXMLBGAME-26JUL121610TORSD
KXMLBGAME-26JUL121610TORSD,2026-07-12T21:37:06Z,2026-07-12,0.5650000000000963,0.5750000000000883,0.009999999999992015,1.0,138607.59999999998,False,,14.171436071395874,300,,100.00000000000009,1.0,15.0,62.0,True,KXMLBGAME-26JUL121610TORSD
KXMLBGAME-26JUL121610TORSD,2026-07-12T21:38:31Z,2026-07-12,0.5750000000000883,0.5750000000000883,0.0,1.0,376094.58999999997,False,,31.320056915283203,300,,100.0000000000012,1.0,20.0,59.0,True,KXMLBGAME-26JUL121610TORSD
KXMLBGAME-26JUL121610TORSD,2026-07-12T21:38:51Z,2026-07-12,0.5750000000000883,0.5750000000000883,0.0,1.0,376094.58999999997,False,,51.3200569152832,300,,100.0000000000012,1.0,8.0,56.0,True,KXMLBGAME-26JUL121610TORSD
KXMLBGAME-26JUL121610TORSD,2026-07-12T21:39:57Z,2026-07-12,0.5750000000000883,0.5149999999999793,-0.06000000000010908,1.0,379377.13,False,,53.19834804534912,300,,100.0000000000012,1.0,11.0,66.0,True,KXMLBGAME-26JUL121610TORSD
KXMLBGAME-26JUL121610TORSD,2026-07-12T21:42:46Z,2026-07-12,0.5149999999999793,0.5149999999999793,0.0,1.0,294340.24,False,103.0,34.60109806060791,300,-0.29910356757340384,100.00000000000009,1.0,17.0,76.0,True,KXMLBGAME-26JUL121610TORSD
KXMLBGAME-26JUL121610TORSD,2026-07-12T21:44:05Z,2026-07-12,0.5149999999999793,0.5149999999999793,0.0,1.0,442066.73,False,182.0,50.69801211357117,300,-0.29910356757340384,100.00000000000009,1.0,11.0,59.0,True,KXMLBGAME-26JUL121610TORSD
KXMLBGAME-26JUL121610TORSD,2026-07-12T21:44:15Z,2026-07-12,0.5149999999999793,0.5250000000000091,0.010000000000029874,1.0,442066.73,False,192.0,60.69801211357117,300,-0.29910356757340384,100.00000000000009,1.0,8.0,67.0,True,KXMLBGAME-26JUL121610TORSD
KXMLBGAME-26JUL121610TORSD,2026-07-12T21:47:06Z,2026-07-12,0.5250000000000091,0.5449999999999542,0.01999999999994506,1.0,320589.2,False,,37.518141984939575,300,,100.00000000000009,1.0,20.0,87.0,True,KXMLBGAME-26JUL121610TORSD
KXMLBGAME-26JUL121610TORSD,2026-07-12T21:48:31Z,2026-07-12,0.5449999999999542,0.5750000000000883,0.03000000000013414,1.0,188445.31,False,,60.31090807914734,300,,100.00000000000009,1.0,14.0,87.0,True,KXMLBGAME-26JUL121610TORSD
KXMLBGAME-26JUL121610TORSD,2026-07-12T21:49:21Z,2026-07-12,0.5750000000000883,0.5750000000000883,0.0,1.0,3078.0,False,,47.86915993690491,300,,200.00000000000017,1.0,14.0,70.0,True,KXMLBGAME-26JUL121610TORSD
KXMLBGAME-26JUL121610TORSD,2026-07-12T21:49:59Z,2026-07-12,0.5750000000000883,0.5900000000001056,0.015000000000017222,1.0,303535.44999999995,False,,22.454013109207153,300,,100.0000000000012,1.0,19.0,89.0,True,KXMLBGAME-26JUL121610TORSD
KXMLBGAME-26JUL121610TORSD,2026-07-12T21:51:23Z,2026-07-12,0.5900000000001056,0.5950000000001153,0.005000000000009774,1.0,426542.68,False,,43.424505949020386,300,,100.0000000000012,1.0,15.0,71.0,True,KXMLBGAME-26JUL121610TORSD
KXMLBGAME-26JUL121610TORSD,2026-07-12T21:52:44Z,2026-07-12,0.5950000000001153,0.6250000000001539,0.03000000000003855,1.0,191896.69,False,,0.8320620059967041,300,,100.0000000000012,1.0,12.0,74.0,True,KXMLBGAME-26JUL121610TORSD
KXMLBGAME-26JUL121610TORSD,2026-07-12T21:54:14Z,2026-07-12,0.6250000000001539,0.6250000000001539,0.0,1.0,396849.55,False,,30.191953897476196,300,,100.00000000000009,1.0,18.0,75.0,True,KXMLBGAME-26JUL121610TORSD
KXMLBGAME-26JUL121610TORSD,2026-07-12T21:54:34Z,2026-07-12,0.6250000000001539,0.6250000000001539,0.0,1.0,396849.55,False,,50.191953897476196,300,,100.00000000000009,1.0,16.0,59.0,True,KXMLBGAME-26JUL121610TORSD
KXMLBGAME-26JUL121610TORSD,2026-07-12T21:55:44Z,2026-07-12,0.6250000000001539,0.535000000000047,-0.09000000000010688,1.0,144980.19,False,,58.74497699737549,300,,100.00000000000009,1.0,13.0,60.0,True,KXMLBGAME-26JUL121610TORSD
KXMLBGAME-26JUL121610TORSD,2026-07-12T21:57:19Z,2026-07-12,0.535000000000047,0.5049999999999989,-0.0300000000000481,1.0,352301.6,False,,32.42198610305786,300,,100.00000000000009,1.0,1.0,56.0,True,KXMLBGAME-26JUL121610TORSD
KXMLBGAME-26JUL121610TORSD,2026-07-12T21:58:51Z,2026-07-12,0.5049999999999989,0.5049999999999989,0.0,1.0,481845.53,False,,7.873737096786499,300,,100.00000000000009,1.0,14.0,50.0,True,KXMLBGAME-26JUL121610TORSD
KXMLBGAME-26JUL121610TORSD,2026-07-12T22:00:24Z,2026-07-12,0.5049999999999989,0.5549999999999649,0.04999999999996596,1.0,481845.53,False,,100.8737370967865,300,,100.00000000000009,1.0,,39.0,True,KXMLBGAME-26JUL121610TORSD
KXMLBGAME-26JUL121610TORSD,2026-07-12T22:01:53Z,2026-07-12,0.5549999999999649,0.5650000000000963,0.01000000000013146,1.0,2160.0,False,,12.805874109268188,300,,200.00000000000017,1.0,20.0,62.0,True,KXMLBGAME-26JUL121610TORSD
KXMLBGAME-26JUL121610TORSD,2026-07-12T22:03:21Z,2026-07-12,0.5650000000000963,0.5849999999999682,0.019999999999871898,1.0,245979.09999999998,False,,43.8547089099884,300,,100.00000000000009,1.0,17.0,70.0,True,KXMLBGAME-26JUL121610TORSD
KXMLBGAME-26JUL121610TORSD,2026-07-12T22:04:58Z,2026-07-12,0.5849999999999682,0.5849999999999682,0.0,1.0,393542.86,False,25.0,23.215609073638916,300,0.32628759540025565,100.0000000000012,-1.0,11.0,81.0,True,KXMLBGAME-26JUL121610TORSD
KXMLBGAME-26JUL121610TORSD,2026-07-12T22:06:16Z,2026-07-12,0.5849999999999682,0.5849999999999682,0.0,1.0,389169.4,False,103.0,43.1676070690155,300,0.32628759540025565,100.0000000000012,1.0,14.0,81.0,True,KXMLBGAME-26JUL121610TORSD
KXMLBGAME-26JUL121610TORSD,2026-07-12T22:07:48Z,2026-07-12,0.5849999999999682,0.535000000000047,-0.04999999999992122,1.0,206488.74,False,195.0,22.100105047225952,300,0.32628759540025565,100.0000000000012,1.0,17.0,70.0,True,KXMLBGAME-26JUL121610TORSD
KXMLBGAME-26JUL121610TORSD,2026-07-12T22:10:12Z,2026-07-12,0.535000000000047,0.5549999999999649,0.01999999999991786,1.0,330418.49,False,,50.87828302383423,300,,100.00000000000009,1.0,8.0,63.0,True,KXMLBGAME-26JUL121610TORSD
KXMLBGAME-26JUL121610TORSD,2026-07-12T22:10:45Z,2026-07-12,0.5549999999999649,0.5049999999999989,-0.04999999999996596,1.0,215542.09,False,,28.47929096221924,300,,100.00000000000009,1.0,10.0,62.0,True,KXMLBGAME-26JUL121610TORSD
KXMLBGAME-26JUL121610TORSD,2026-07-12T22:12:10Z,2026-07-12,0.5049999999999989,0.43000000000003746,-0.07499999999996143,1.0,249695.36,False,,2.2363080978393555,300,,100.00000000000009,1.0,10.0,61.0,True,KXMLBGAME-26JUL121610TORSD
KXMLBGAME-26JUL121610TORSD,2026-07-12T22:15:07Z,2026-07-12,0.43000000000003746,0.43,-3.7470027081099033e-14,1.0,134563.15,False,,11.557159900665283,300,,99.99999999999953,1.0,13.0,80.0,True,KXMLBGAME-26JUL121610TORSD
KXMLBGAME-26JUL121610TORSD,2026-07-12T22:15:27Z,2026-07-12,0.43,0.4600000000000749,0.03000000000007491,1.0,134563.15,False,,31.557159900665283,300,,99.99999999999953,1.0,13.0,70.0,True,KXMLBGAME-26JUL121610TORSD
KXMLBGAME-26JUL121610TORSD,2026-07-12T22:16:39Z,2026-07-12,0.4600000000000749,0.43499999999990363,-0.025000000000171274,1.0,287419.99,False,,49.0654981136322,300,,99.99999999999953,1.0,20.0,75.0,True,KXMLBGAME-26JUL121610TORSD
KXMLBGAME-26JUL121610TORSD,2026-07-12T22:18:08Z,2026-07-12,0.43499999999990363,0.5149999999999793,0.08000000000007562,1.0,119238.34999999999,False,,28.410644054412842,300,,99.99999999999953,1.0,18.0,73.0,True,KXMLBGAME-26JUL121610TORSD
KXMLBGAME-26JUL121610TORSD,2026-07-12T22:19:36Z,2026-07-12,0.5149999999999793,0.5449999999999542,0.029999999999974936,1.0,307636.18,False,,8.208611965179443,300,,100.00000000000009,1.0,14.0,84.0,True,KXMLBGAME-26JUL121610TORSD
KXMLBGAME-26JUL121610TORSD,2026-07-12T22:21:09Z,2026-07-12,0.5449999999999542,0.20499999999997293,-0.33999999999998126,1.0,230864.46000000002,False,,49.1369149684906,300,,100.00000000000009,1.0,25.0,82.0,True,KXMLBGAME-26JUL121610TORSD
KXMLBGAME-26JUL121610TORSD,2026-07-12T22:22:37Z,2026-07-12,0.20499999999997293,0.2750000000000449,0.07000000000007195,1.0,7009.139999999999,False,,33.21949291229248,300,,99.99999999999982,1.0,-6.0,56.0,True,KXMLBGAME-26JUL121610TORSD
KXMLBGAME-26JUL121610TORSD,2026-07-12T22:25:27Z,2026-07-12,0.2750000000000449,0.2750000000000449,0.0,1.0,381591.66,False,,45.30392909049988,300,,100.00000000000009,1.0,13.0,37.0,True,KXMLBGAME-26JUL121610TORSD
KXMLBGAME-26JUL121610TORSD,2026-07-12T22:25:56Z,2026-07-12,0.2750000000000449,0.25500000000012046,-0.01999999999992441,1.0,396162.65,False,,22.736252069473267,300,,100.00000000000009,1.0,8.0,45.0,True,KXMLBGAME-26JUL121610TORSD
KXMLBGAME-26JUL121610TORSD,2026-07-12T22:26:52Z,2026-07-12,0.25500000000012046,0.43499999999990363,0.17999999999978317,1.0,282042.45,False,,27.249978065490723,300,,100.00000000000009,1.0,12.0,41.0,True,KXMLBGAME-26JUL121610TORSD
KXMLBGAME-26JUL121610TORSD,2026-07-12T22:29:45Z,2026-07-12,0.43499999999990363,0.6250000000001539,0.19000000000025025,1.0,268.75,False,103.0,43.2097110748291,300,-0.27111863794038404,400.00000000000034,-1.0,-9.0,30.0,True,KXMLBGAME-26JUL121610TORSD
KXMLBGAME-26JUL121610TORSD,2026-07-12T22:34:08Z,2026-07-12,0.6250000000001539,0.8349999999997849,0.20999999999963104,1.0,183145.0,False,,41.941636085510254,300,,100.00000000000009,1.0,16.0,72.0,True,KXMLBGAME-26JUL121610TORSD
KXMLBGAME-26JUL121610TORSD,2026-07-12T22:35:39Z,2026-07-12,0.8349999999997849,0.8450000000001642,0.010000000000379261,1.0,273783.59,False,,29.62481999397278,300,,100.00000000000009,1.0,-3.0,60.0,True,KXMLBGAME-26JUL121610TORSD
KXMLBGAME-26JUL121610TORSD,2026-07-12T22:36:13Z,2026-07-12,0.8450000000001642,0.8550000000001763,0.01000000000001211,1.0,252733.28,False,,10.851090908050537,300,,100.00000000000009,1.0,3.0,45.0,True,KXMLBGAME-26JUL121610TORSD
KXMLBGAME-26JUL121610TORSD,2026-07-12T22:37:09Z,2026-07-12,0.8550000000001763,0.8550000000001763,0.0,1.0,179671.13,False,,13.726018905639648,300,,100.00000000000009,-1.0,3.0,32.0,True,KXMLBGAME-26JUL121610TORSD
KXMLBGAME-26JUL121610TORSD,2026-07-12T22:38:43Z,2026-07-12,0.8550000000001763,0.8749999999998768,0.01999999999970048,1.0,331078.41000000003,False,,2.949739933013916,300,,100.00000000000009,1.0,11.0,22.0,True,KXMLBGAME-26JUL121610TORSD
KXMLBGAME-26JUL121610TORSD,2026-07-12T22:40:20Z,2026-07-12,0.8749999999998768,0.8749999999998768,0.0,1.0,408219.06,False,,47.187751054763794,300,,100.00000000000009,1.0,9.0,27.0,True,KXMLBGAME-26JUL121610TORSD
KXMLBGAME-26JUL121610TORSD,2026-07-12T22:41:23Z,2026-07-12,0.8749999999998768,0.8599999999999639,-0.01499999999991286,1.0,37733.6,False,,6.1767261028289795,300,,100.00000000000009,1.0,10.0,36.0,True,KXMLBGAME-26JUL121610TORSD
KXMLBGAME-26JUL121610TORSD,2026-07-12T22:41:54Z,2026-07-12,0.8599999999999639,,,1.0,37733.6,False,,37.17672610282898,300,,100.00000000000009,1.0,11.0,34.0,True,KXMLBGAME-26JUL121610TORSD
