frame,timestamp,ball_x2d,ball_y2d,detected,live,ball_inferred
270,4.505,,,0,1,0
276,4.605,,,0,1,0
282,4.705,,,0,1,0
288,4.805,,,0,1,0
294,4.905,,,0,1,0
300,5.005,3139,1086,1,1,0
306,5.105,3499,1080,1,1,1
312,5.205,3712,1077,1,1,1
318,5.305,3069,1094,1,1,0
324,5.405,3069,1094,1,1,0
330,5.506,3052,1088,1,1,0
336,5.606,3052,1088,1,1,0
342,5.706,3051,1088,1,1,0
348,5.806,3051,1088,1,1,0
354,5.906,3071,1088,1,1,0
360,6.006,3071,1088,1,1,0
366,6.106,3071,1088,1,1,0
372,6.206,3060,1088,1,1,0
378,6.306,3060,1088,1,1,0
384,6.406,3060,1088,1,1,0
390,6.506,3060,1088,1,1,0
396,6.607,3060,1088,1,1,0
402,6.707,3060,1088,1,1,0
408,6.807,3060,1088,1,1,0
414,6.907,3057,1088,1,1,0
420,7.007,3057,1088,1,1,0
426,7.107,3060,1088,1,1,0
432,7.207,3060,1088,1,1,0
438,7.307,3060,1088,1,1,0
444,7.407,3201,1085,1,1,0
450,7.508,3201,1085,1,1,0
456,7.608,3201,1085,1,1,0
462,7.708,3201,1085,1,1,0
468,7.808,3126,1085,1,1,0
474,7.908,3127,1085,1,1,0
480,8.008,3126,1085,1,1,0
486,8.108,3125,1085,1,1,0
492,8.208,3123,1085,1,1,0
498,8.308,3122,1085,1,1,0
504,8.408,3120,1085,1,1,0
510,8.508,3118,1085,1,1,0
516,8.609,3115,1085,1,1,0
522,8.709,3111,1085,1,1,0
528,8.809,3109,1085,1,1,0
534,8.909,3106,1086,1,1,0
540,9.009,3105,1086,1,1,0
546,9.109,3100,1086,1,1,0
552,9.209,3097,1086,1,1,0
558,9.309,3094,1086,1,1,0
564,9.409,3090,1086,1,1,0
570,9.51,3086,1086,1,1,0
576,9.61,3083,1086,1,1,0
582,9.71,3080,1086,1,1,0
588,9.81,3077,1087,1,1,0
594,9.91,3074,1087,1,1,0
600,10.01,3073,1087,1,1,0
606,10.11,3068,1087,1,1,0
612,10.21,3068,1087,1,1,0
618,10.31,3067,1087,1,1,0
624,10.41,3101,1086,1,1,0
630,10.511,3102,1086,1,1,0
636,10.611,3102,1086,1,1,0
642,10.711,3053,1087,1,1,0
648,10.811,3053,1087,1,1,0
654,10.911,226,189,1,1,0
660,11.011,216,193,1,1,0
666,11.111,206,196,1,1,0
672,11.211,2984,1091,1,1,0
678,11.311,186,201,1,1,0
684,11.411,173,203,1,1,0
690,11.511,161,208,1,1,0
696,11.612,146,210,1,1,0
702,11.712,136,214,1,1,0
708,11.812,122,216,1,1,0
714,11.912,108,221,1,1,0
720,12.012,95,224,1,1,0
726,12.112,84,228,1,1,0
732,12.212,67,233,1,1,0
738,12.312,53,232,1,1,0
744,12.412,81,214,1,1,1
750,12.513,81,214,1,1,0
756,12.613,81,214,1,1,0
762,12.713,81,214,1,1,0
768,12.813,81,214,1,1,0
774,12.913,81,214,1,1,0
780,13.013,81,214,1,1,0
786,13.113,530,439,1,1,0
792,13.213,530,439,1,1,0
798,13.313,530,440,1,1,0
804,13.413,529,442,1,1,0
810,13.514,528,443,1,1,0
816,13.614,529,444,1,1,0
822,13.714,527,447,1,1,0
828,13.814,523,448,1,1,0
834,13.914,520,450,1,1,0
840,14.014,516,452,1,1,0
846,14.114,511,454,1,1,0
852,14.214,505,454,1,1,0
858,14.314,501,456,1,1,0
864,14.414,495,457,1,1,0
870,14.514,490,458,1,1,0
876,14.615,483,459,1,1,0
882,14.715,479,461,1,1,0
888,14.815,478,462,1,1,0
894,14.915,478,462,1,1,0
900,15.015,480,463,1,1,0
906,15.115,479,461,1,1,0
912,15.215,485,458,1,1,0
918,15.315,475,455,1,1,0
924,15.415,474,448,1,1,0
930,15.515,497,441,1,1,0
936,15.616,526,451,1,1,0
942,15.716,538,451,1,1,0
948,15.816,543,452,1,1,0
954,15.916,525,399,1,1,0
960,16.016,535,405,1,1,0
966,16.116,535,402,1,1,0
972,16.216,537,402,1,1,0
978,16.316,559,382,1,1,0
984,16.416,567,424,1,1,0
990,16.517,571,426,1,1,0
996,16.617,572,426,1,1,0
1002,16.717,575,427,1,1,0
1008,16.817,575,427,1,1,0
1014,16.917,577,426,1,1,0
1020,17.017,576,424,1,1,0
1026,17.117,580,426,1,1,0
1032,17.217,575,425,1,1,0
1038,17.317,578,426,1,1,0
1044,17.417,577,426,1,1,0
1050,17.518,577,426,1,1,0
1056,17.618,575,425,1,1,0
1062,17.718,572,425,1,1,0
1068,17.818,572,425,1,1,0
1074,17.918,569,426,1,1,0
1080,18.018,570,430,1,1,0
1086,18.118,567,429,1,1,0
1092,18.218,570,428,1,1,0
1098,18.318,570,428,1,1,0
1104,18.418,571,428,1,1,0
1110,18.518,571,428,1,1,0
1116,18.619,570,428,1,1,0
1122,18.719,570,430,1,1,0
1128,18.819,569,429,1,1,0
1134,18.919,569,429,1,1,0
1140,19.019,570,427,1,1,0
1146,19.119,571,428,1,1,0
1152,19.219,570,428,1,1,0
1158,19.319,570,430,1,1,0
1164,19.419,569,430,1,1,0
1170,19.52,569,429,1,1,0
1176,19.62,567,429,1,1,0
1182,19.72,569,429,1,1,0
1188,19.82,567,429,1,1,0
1194,19.92,569,429,1,1,0
1200,20.02,569,429,1,1,0
1206,20.12,570,428,1,1,0
1212,20.22,570,428,1,1,0
1218,20.32,571,428,1,1,0
1224,20.42,571,428,1,1,0
1230,20.521,571,428,1,1,0
1236,20.621,571,428,1,1,0
1242,20.721,573,428,1,1,0
1248,20.821,571,428,1,1,0
1254,20.921,571,428,1,1,0
1260,21.021,573,430,1,1,0
1266,21.121,573,430,1,1,0
1272,21.221,760,336,1,1,1
1278,21.321,767,361,1,1,1
1284,21.421,776,388,1,1,1
1290,21.521,784,416,1,1,1
1296,21.622,794,444,1,1,1
1302,21.722,804,474,1,1,1
1308,21.822,812,503,1,1,1
1314,21.922,823,534,1,1,1
1320,22.022,833,565,1,1,1
1326,22.122,843,597,1,1,1
1332,22.222,854,630,1,1,1
1338,22.322,854,630,1,1,0
1344,22.422,854,630,1,1,0
1350,22.523,854,630,1,1,0
1356,22.623,1026,100,1,1,0
1362,22.723,1074,209,1,1,1
1368,22.823,789,114,1,1,0
1374,22.923,793,109,1,1,0
1380,23.023,753,167,1,1,1
1386,23.123,784,135,1,1,1
1392,23.223,,,0,1,0
1398,23.323,,,0,1,0
1404,23.423,,,0,1,0
1410,23.524,,,0,1,0
1416,23.624,,,0,1,0
1422,23.724,,,0,1,0
1428,23.824,,,0,1,0
1434,23.924,,,0,1,0
1440,24.024,,,0,1,0
1446,24.124,,,0,1,0
1452,24.224,,,0,1,0
1458,24.324,,,0,1,0
1464,24.424,,,0,1,0
1470,24.524,,,0,1,0
1476,24.625,,,0,1,0
1482,24.725,,,0,1,0
1488,24.825,,,0,1,0
1494,24.925,,,0,1,0
1500,25.025,,,0,1,0
1506,25.125,,,0,1,0
1512,25.225,,,0,1,0
1518,25.325,,,0,1,0
1524,25.425,,,0,1,0
1530,25.526,,,0,1,0
1536,25.626,,,0,1,0
1542,25.726,,,0,1,0
1548,25.826,,,0,1,0
1554,25.926,,,0,1,0
1560,26.026,,,0,1,0
1566,26.126,,,0,1,0
1572,26.226,,,0,1,0
1578,26.326,,,0,1,0
1584,26.426,,,0,1,0
1590,26.527,,,0,1,0
1596,26.627,,,0,1,0
1602,26.727,,,0,1,0
1608,26.827,,,0,1,0
1614,26.927,,,0,1,0
1620,27.027,,,0,1,0
1626,27.127,,,0,1,0
1632,27.227,,,0,1,0
1638,27.327,,,0,1,0
1644,27.427,,,0,1,0
1650,27.527,,,0,1,0
1656,27.628,,,0,1,0
1662,27.728,,,0,1,0
1668,27.828,,,0,1,0
1674,27.928,,,0,1,0
1680,28.028,,,0,1,0
1686,28.128,,,0,1,0
1692,28.228,,,0,1,0
1698,28.328,,,0,1,0
1704,28.428,,,0,1,0
1710,28.529,,,0,1,0
1716,28.629,,,0,1,0
1722,28.729,,,0,1,0
1728,28.829,,,0,1,0
1734,28.929,,,0,1,0
1740,29.029,,,0,1,0
1746,29.129,,,0,1,0
1752,29.229,,,0,1,0
1758,29.329,,,0,1,0
1764,29.429,,,0,1,0
1770,29.53,468,0,1,1,0
1776,29.63,468,0,1,1,0
1782,29.73,468,0,1,1,0
1788,29.83,469,0,1,1,0
1794,29.93,469,0,1,1,0
1800,30.03,469,0,1,1,0
1806,30.13,469,0,1,1,0
1812,30.23,469,0,1,1,0
1818,30.33,469,0,1,1,0
1824,30.43,469,0,1,1,0
1830,30.53,469,0,1,1,0
1836,30.631,469,0,1,1,0
1842,30.731,468,0,1,1,0
1848,30.831,469,0,1,1,0
1854,30.931,469,0,1,1,0
1860,31.031,469,0,1,1,0
1866,31.131,469,0,1,1,0
1872,31.231,469,0,1,1,0
1878,31.331,469,0,1,1,0
1884,31.431,469,0,1,1,0
1890,31.532,469,0,1,1,0
1896,31.632,469,0,1,1,0
1902,31.732,469,0,1,1,0
1908,31.832,469,0,1,1,0
1914,31.932,469,0,1,1,0
1920,32.032,469,0,1,1,0
1926,32.132,469,0,1,1,0
1932,32.232,469,0,1,1,0
1938,32.332,469,0,1,1,0
1944,32.432,469,0,1,1,0
1950,32.532,469,0,1,1,0
1956,32.633,468,0,1,1,0
1962,32.733,468,0,1,1,0
1968,32.833,469,0,1,1,0
1974,32.933,469,0,1,1,0
1980,33.033,469,0,1,1,0
1986,33.133,469,0,1,1,0
1992,33.233,469,0,1,1,0
1998,33.333,469,0,1,1,0
2004,33.433,469,0,1,1,0
2010,33.534,469,0,1,1,0
2016,33.634,469,0,1,1,0
2022,33.734,469,0,1,1,0
2028,33.834,469,0,1,1,0
2034,33.934,469,0,1,1,0
2040,34.034,469,0,1,1,0
2046,34.134,469,0,1,1,0
2052,34.234,469,0,1,1,0
2058,34.334,469,0,1,1,0
2064,34.434,469,0,1,1,0
2070,34.535,469,0,1,1,0
2076,34.635,469,0,1,1,0
2082,34.735,468,0,1,1,0
2088,34.835,468,0,1,1,0
2094,34.935,469,0,1,1,0
2100,35.035,469,0,1,1,0
2106,35.135,469,0,1,1,0
2112,35.235,469,0,1,1,0
2118,35.335,469,0,1,1,0
2124,35.435,469,0,1,1,0
2130,35.535,469,0,1,1,0
2136,35.636,469,0,1,1,0
2142,35.736,469,0,1,1,0
2148,35.836,469,0,1,1,0
2154,35.936,469,0,1,1,0
2160,36.036,469,0,1,1,0
2166,36.136,469,0,1,1,0
2172,36.236,469,0,1,1,0
2178,36.336,469,0,1,1,0
2184,36.436,469,0,1,1,0
2190,36.537,469,0,1,1,0
2196,36.637,469,0,1,1,0
2202,36.737,469,0,1,1,0
2208,36.837,469,0,1,1,0
2214,36.937,469,0,1,1,0
2220,37.037,469,0,1,1,0
2226,37.137,469,0,1,1,0
2232,37.237,469,0,1,1,0
2238,37.337,469,0,1,1,0
2244,37.437,469,0,1,1,0
2250,37.538,469,0,1,1,0
2256,37.638,469,0,1,1,0
2262,37.738,469,0,1,1,0
2268,37.838,469,0,1,1,0
2274,37.938,469,0,1,1,0
2280,38.038,469,0,1,1,0
2286,38.138,469,0,1,1,0
2292,38.238,469,0,1,1,0
2298,38.338,469,0,1,1,0
2304,38.438,469,0,1,1,0
2310,38.538,469,0,1,1,0
2316,38.639,469,0,1,1,0
2322,38.739,469,0,1,1,0
2328,38.839,469,0,1,1,0
2334,38.939,469,0,1,1,0
2340,39.039,469,0,1,1,0
2346,39.139,469,0,1,1,0
2352,39.239,469,0,1,1,0
2358,39.339,469,0,1,1,0
2364,39.439,469,0,1,1,0
2370,39.54,469,0,1,1,0
2376,39.64,469,0,1,1,0
2382,39.74,469,0,1,1,0
2388,39.84,469,0,1,1,0
2394,39.94,469,0,1,1,0
2400,40.04,469,0,1,1,0
2406,40.14,469,0,1,1,0
2412,40.24,469,0,1,1,0
2418,40.34,469,0,1,1,0
2424,40.44,469,0,1,1,0
2430,40.541,470,0,1,1,0
2436,40.641,469,0,1,1,0
2442,40.741,469,0,1,1,0
2448,40.841,470,0,1,1,0
2454,40.941,469,0,1,1,0
2460,41.041,469,0,1,1,0
2466,41.141,469,0,1,1,0
2472,41.241,469,0,1,1,0
2478,41.341,469,0,1,1,0
2484,41.441,469,0,1,1,0
2490,41.541,469,0,1,1,0
2496,41.642,469,0,1,1,0
2502,41.742,469,0,1,1,0
2508,41.842,469,0,1,1,0
2514,41.942,469,0,1,1,0
2520,42.042,469,0,1,1,0
2526,42.142,468,0,1,1,0
2532,42.242,469,0,1,1,0
2538,42.342,469,0,1,1,0
2544,42.442,469,0,1,1,0
2550,42.543,469,0,1,1,0
2556,42.643,469,0,1,1,0
2562,42.743,469,0,1,1,0
2568,42.843,469,0,1,1,0
2574,42.943,469,0,1,1,0
2580,43.043,469,0,1,1,0
2586,43.143,469,0,1,1,0
2592,43.243,469,0,1,1,0
2598,43.343,469,0,1,1,0
2604,43.443,470,0,1,1,0
2610,43.544,469,0,1,1,0
2616,43.644,469,0,1,1,0
2622,43.744,469,0,1,1,0
2628,43.844,469,0,1,1,0
2634,43.944,470,0,1,1,0
2640,44.044,469,0,1,1,0
2646,44.144,469,0,1,1,0
2652,44.244,470,0,1,1,0
2658,44.344,,,0,1,0
2664,44.444,,,0,1,0
2670,44.544,,,0,1,0
2676,44.645,,,0,1,0
2682,44.745,,,0,1,0
2688,44.845,,,0,1,0
2694,44.945,,,0,1,0
2700,45.045,,,0,1,0
2706,45.145,,,0,1,0
2712,45.245,,,0,1,0
2718,45.345,,,0,1,0
2724,45.445,798,179,1,1,0
2730,45.546,797,180,1,1,0
2736,45.646,795,180,1,1,0
2742,45.746,796,179,1,1,0
2748,45.846,797,180,1,1,0
2754,45.946,796,179,1,1,0
2760,46.046,796,179,1,1,0
2766,46.146,797,180,1,1,0
2772,46.246,795,180,1,1,0
2778,46.346,796,179,1,1,0
2784,46.446,797,180,1,1,0
3060,51.051,797,180,1,1,0
3066,51.151,796,179,1,1,0
3072,51.251,796,179,1,1,0
3078,51.351,796,179,1,1,0
3084,51.451,796,179,1,1,0
3090,51.552,796,179,1,1,0
3096,51.652,796,179,1,1,0
3102,51.752,796,179,1,1,0
3108,51.852,796,179,1,1,0
3114,51.952,796,179,1,1,0
3120,52.052,796,179,1,1,0
3126,52.152,796,179,1,1,0
3132,52.252,796,179,1,1,0
3138,52.352,796,179,1,1,0
3144,52.452,796,179,1,1,0
3150,52.553,796,179,1,1,0
3156,52.653,795,180,1,1,0
3162,52.753,796,179,1,1,0
3168,52.853,796,179,1,1,0
3174,52.953,796,179,1,1,0
3180,53.053,772,209,1,1,0
3186,53.153,812,217,1,1,0
3192,53.253,805,207,1,1,0
3198,53.353,814,192,1,1,0
3204,53.453,808,321,1,1,1
3210,53.553,477,165,1,1,0
3216,53.654,568,155,1,1,1
3222,53.754,568,155,1,1,1
3228,53.854,568,155,1,1,1
3234,53.954,568,155,1,1,1
3240,54.054,568,155,1,1,1
3246,54.154,554,457,1,1,1
3252,54.254,572,456,1,1,1
3258,54.354,561,457,1,1,1
3264,54.454,545,458,1,1,1
3270,54.555,511,458,1,1,1
3276,54.655,494,459,1,1,1
3282,54.755,256,459,1,1,1
3288,54.855,220,460,1,1,1
3294,54.955,174,460,1,1,1
3300,55.055,114,457,1,1,1
3306,55.155,71,458,1,1,1
3312,55.255,22,458,1,1,1
3318,55.355,94,501,1,1,1
3324,55.455,100,498,1,1,1
3420,57.057,86,500,1,1,1
3426,57.157,327,508,1,1,1
3432,57.257,316,461,1,1,1
3438,57.357,290,462,1,1,1
3444,57.457,283,463,1,1,1
3450,57.558,289,460,1,1,1
3456,57.658,270,461,1,1,1
3462,57.758,263,461,1,1,1
3468,57.858,175,459,1,1,1
3474,57.958,590,273,1,1,1
3480,58.058,196,463,1,1,1
3486,58.158,15,310,1,1,1
3492,58.258,8,378,1,1,0
3498,58.358,5,379,1,1,1
3504,58.458,161,284,1,1,0
3510,58.559,161,285,1,1,0
3516,58.659,160,285,1,1,0
3522,58.759,160,285,1,1,0
3528,58.859,160,286,1,1,0
3534,58.959,158,287,1,1,0
3540,59.059,158,288,1,1,0
3546,59.159,159,289,1,1,0
3552,59.259,157,289,1,1,0
3558,59.359,157,289,1,1,0
3564,59.459,157,290,1,1,0
3570,59.559,159,290,1,1,0
3576,59.66,157,289,1,1,0
3582,59.76,156,285,1,1,0
3588,59.86,155,285,1,1,0
3594,59.96,151,283,1,1,0
3600,60.06,148,283,1,1,0
3606,60.16,140,283,1,1,0
3612,60.26,129,281,1,1,0
3618,60.36,125,281,1,1,0
3624,60.46,125,281,1,1,0
3630,60.56,131,281,1,1,0
3636,60.661,132,280,1,1,0
3642,60.761,136,276,1,1,0
3648,60.861,141,272,1,1,0
3654,60.961,146,267,1,1,0
3660,61.061,153,263,1,1,0
3666,61.161,158,261,1,1,0
3672,61.261,162,261,1,1,0
3678,61.361,169,262,1,1,0
3684,61.461,176,261,1,1,0
3690,61.562,187,260,1,1,0
3696,61.662,202,259,1,1,0
3702,61.762,214,257,1,1,0
3708,61.862,227,255,1,1,0
3714,61.962,240,256,1,1,0
3720,62.062,228,263,1,1,0
3726,62.162,272,251,1,1,0
3732,62.262,279,252,1,1,0
3738,62.362,296,253,1,1,0
3744,62.462,305,251,1,1,0
3750,62.562,319,247,1,1,0
3756,62.663,332,247,1,1,0
3762,62.763,340,246,1,1,0
3768,62.863,350,244,1,1,0
3774,62.963,360,244,1,1,0
3780,63.063,368,243,1,1,0
3786,63.163,379,243,1,1,0
3792,63.263,388,242,1,1,0
3798,63.363,396,240,1,1,0
3804,63.463,400,239,1,1,0
3810,63.563,404,238,1,1,0
3816,63.664,411,236,1,1,0
3822,63.764,421,235,1,1,0
3828,63.864,439,233,1,1,0
3834,63.964,465,234,1,1,0
3840,64.064,503,235,1,1,0
3846,64.164,539,239,1,1,0
3852,64.264,582,242,1,1,0
3858,64.364,625,245,1,1,0
3864,64.464,662,245,1,1,0
3870,64.564,697,244,1,1,0
3876,64.665,727,244,1,1,0
3882,64.765,754,245,1,1,0
3888,64.865,778,247,1,1,0
3894,64.965,800,247,1,1,0
3900,65.065,820,246,1,1,0
3906,65.165,835,246,1,1,0
3912,65.265,846,246,1,1,0
3918,65.365,853,246,1,1,0
3924,65.465,860,248,1,1,0
3930,65.566,984,128,1,1,1
3936,65.666,1053,122,1,1,1
3942,65.766,1121,116,1,1,1
3948,65.866,965,89,1,1,1
3954,65.966,974,82,1,1,1
3960,66.066,977,80,1,1,1
3966,66.166,1009,75,1,1,1
3972,66.266,1022,72,1,1,1
3978,66.366,1036,70,1,1,1
3984,66.466,1049,67,1,1,1
3990,66.567,1063,64,1,1,1
3996,66.667,,,0,1,0
4002,66.767,,,0,1,0
4008,66.867,,,0,1,0
4014,66.967,,,0,1,0
4020,67.067,,,0,1,0
4026,67.167,,,0,1,0
4032,67.267,,,0,1,0
4038,67.367,,,0,1,0
4044,67.467,,,0,1,0
4050,67.567,,,0,1,0
4056,67.668,,,0,1,0
4062,67.768,,,0,1,0
4068,67.868,,,0,1,0
4074,67.968,,,0,1,0
4080,68.068,,,0,1,0
4086,68.168,,,0,1,0
4092,68.268,,,0,1,0
4098,68.368,,,0,1,0
4104,68.468,,,0,1,0
4110,68.569,,,0,1,0
4116,68.669,,,0,1,0
4122,68.769,415,238,1,1,0
4128,68.869,443,240,1,1,0
4134,68.969,469,231,1,1,0
4140,69.069,489,234,1,1,0
4146,69.169,496,232,1,1,0
4152,69.269,508,321,1,1,1
4158,69.369,518,311,1,1,1
4164,69.469,460,276,1,1,0
4170,69.57,451,272,1,1,0
4176,69.67,436,265,1,1,0
4182,69.77,422,261,1,1,0
4188,69.87,420,261,1,1,0
4194,69.97,465,287,1,1,1
4200,70.07,424,274,1,1,1
4206,70.17,430,280,1,1,1
4212,70.27,425,263,1,1,1
4218,70.37,409,274,1,1,1
4224,70.47,434,263,1,1,1
4230,70.57,417,260,1,1,1
4236,70.671,,,0,1,0
4242,70.771,,,0,1,0
4248,70.871,,,0,1,0
4254,70.971,,,0,1,0
4260,71.071,,,0,1,0
4266,71.171,,,0,1,0
4272,71.271,,,0,1,0
4278,71.371,,,0,1,0
4284,71.471,,,0,1,0
4290,71.572,,,0,1,0
4296,71.672,,,0,1,0
4302,71.772,,,0,1,0
4308,71.872,,,0,1,0
4314,71.972,,,0,1,0
4320,72.072,,,0,1,0
4326,72.172,,,0,1,0
4332,72.272,,,0,1,0
4338,72.372,,,0,1,0
4344,72.472,,,0,1,0
4350,72.573,,,0,1,0
4356,72.673,,,0,1,0
4362,72.773,,,0,1,0
4368,72.873,,,0,1,0
4374,72.973,,,0,1,0
4380,73.073,,,0,1,0
4386,73.173,,,0,1,0
4392,73.273,,,0,1,0
4398,73.373,,,0,1,0
4404,73.473,,,0,1,0
4410,73.573,,,0,1,0
4416,73.674,,,0,1,0
4422,73.774,,,0,1,0
4428,73.874,,,0,1,0
4434,73.974,,,0,1,0
4440,74.074,,,0,1,0
4446,74.174,,,0,1,0
4452,74.274,,,0,1,0
4458,74.374,,,0,1,0
4464,74.474,,,0,1,0
4470,74.575,,,0,1,0
4476,74.675,,,0,1,0
4482,74.775,,,0,1,0
4488,74.875,,,0,1,0
4494,74.975,344,355,1,1,0
4500,75.075,326,349,1,1,0
4506,75.175,305,343,1,1,0
4512,75.275,297,337,1,1,0
4518,75.375,280,336,1,1,0
4524,75.475,260,332,1,1,0
4530,75.576,253,318,1,1,0
4536,75.676,496,503,1,1,1
4542,75.776,,,0,1,0
4548,75.876,,,0,1,0
4554,75.976,,,0,1,0
4560,76.076,,,0,1,0
4566,76.176,53,259,1,1,0
4572,76.276,,,0,1,0
4578,76.376,,,0,1,0
4584,76.476,31,140,1,1,0
4590,76.576,21,137,1,1,1
4596,76.677,177,248,1,1,0
4602,76.777,175,241,1,1,0
4608,76.877,173,234,1,1,0
4614,76.977,162,232,1,1,0
4620,77.077,155,226,1,1,0
4626,77.177,141,252,1,1,1
4632,77.277,160,254,1,1,1
4638,77.377,183,87,1,1,0
4644,77.477,159,96,1,1,1
4650,77.578,1001,161,1,1,0
4656,77.678,1001,161,1,1,0
4662,77.778,1001,161,1,1,0
4668,77.878,82,52,1,1,0
4674,77.978,203,128,1,1,1
4680,78.078,59,57,1,1,0
4686,78.178,218,140,1,1,1
4692,78.278,226,145,1,1,1
4698,78.378,,,0,1,0
4704,78.478,,,0,1,0
4710,78.579,,,0,1,0
4716,78.679,,,0,1,0
4722,78.779,,,0,1,0
4728,78.879,,,0,1,0
4734,78.979,,,0,1,0
4740,79.079,,,0,1,0
4746,79.179,,,0,1,0
4752,79.279,,,0,1,0
4758,79.379,,,0,1,0
4764,79.479,,,0,1,0
4770,79.579,,,0,1,0
4776,79.68,,,0,1,0
4782,79.78,,,0,1,0
4788,79.88,,,0,1,0
4794,79.98,,,0,1,0
4800,80.08,,,0,1,0
4806,80.18,,,0,1,0
4812,80.28,,,0,1,0
4818,80.38,,,0,1,0
4824,80.48,,,0,1,0
4830,80.581,,,0,1,0
4836,80.681,,,0,1,0
4842,80.781,,,0,1,0
4848,80.881,,,0,1,0
4854,80.981,,,0,1,0
4860,81.081,,,0,1,0
4866,81.181,,,0,1,0
4872,81.281,,,0,1,0
4878,81.381,,,0,1,0
4884,81.481,,,0,1,0
4890,81.582,,,0,1,0
4896,81.682,,,0,1,0
4902,81.782,,,0,1,0
4908,81.882,,,0,1,0
4914,81.982,,,0,1,0
4920,82.082,,,0,1,0
4926,82.182,,,0,1,0
4932,82.282,,,0,1,0
4938,82.382,,,0,1,0
4944,82.482,,,0,1,0
4950,82.582,,,0,1,0
4956,82.683,,,0,1,0
4962,82.783,,,0,1,0
4968,82.883,,,0,1,0
4974,82.983,,,0,1,0
4980,83.083,,,0,1,0
4986,83.183,,,0,1,0
4992,83.283,,,0,1,0
4998,83.383,,,0,1,0
5004,83.483,627,56,1,1,0
5010,83.584,669,19,1,1,0
5016,83.684,734,29,1,1,0
5022,83.784,818,55,1,1,0
5028,83.884,919,12,1,1,0
5034,83.984,901,81,1,1,1
5130,85.585,918,446,1,1,1
5136,85.686,951,446,1,1,1
5142,85.786,347,73,1,1,0
5148,85.886,369,74,1,1,0
5154,85.986,391,75,1,1,0
5160,86.086,410,75,1,1,0
5166,86.186,428,76,1,1,0
5172,86.286,423,126,1,1,1
5178,86.386,443,127,1,1,1
5184,86.486,464,128,1,1,1
5190,86.587,485,130,1,1,1
5196,86.687,505,131,1,1,1
5202,86.787,,,0,1,0
5208,86.887,,,0,1,0
5214,86.987,,,0,1,0
5220,87.087,,,0,1,0
5226,87.187,,,0,1,0
5232,87.287,,,0,1,0
5238,87.387,,,0,1,0
5244,87.487,,,0,1,0
5250,87.588,,,0,1,0
5256,87.688,,,0,1,0
5262,87.788,,,0,1,0
5268,87.888,,,0,1,0
5274,87.988,,,0,1,0
5280,88.088,,,0,1,0
5286,88.188,,,0,1,0
5292,88.288,,,0,1,0
5298,88.388,,,0,1,0
5304,88.488,,,0,1,0
5310,88.588,,,0,1,0
5316,88.689,,,0,1,0
5322,88.789,,,0,1,0
5328,88.889,,,0,1,0
5334,88.989,,,0,1,0
5340,89.089,,,0,1,0
5346,89.189,,,0,1,0
5352,89.289,,,0,1,0
5358,89.389,,,0,1,0
5364,89.489,,,0,1,0
5370,89.59,,,0,1,0
5376,89.69,,,0,1,0
5382,89.79,,,0,1,0
5388,89.89,,,0,1,0
5394,89.99,,,0,1,0
5400,90.09,,,0,1,0
5406,90.19,,,0,1,0
5412,90.29,,,0,1,0
5418,90.39,,,0,1,0
5424,90.49,,,0,1,0
5430,90.591,,,0,1,0
5436,90.691,,,0,1,0
5442,90.791,,,0,1,0
5448,90.891,,,0,1,0
5454,90.991,,,0,1,0
5460,91.091,,,0,1,0
5466,91.191,,,0,1,0
5472,91.291,,,0,1,0
5478,91.391,,,0,1,0
5484,91.491,,,0,1,0
5490,91.591,,,0,1,0
5496,91.692,,,0,1,0
5502,91.792,,,0,1,0
5508,91.892,31,468,1,1,0
5514,91.992,37,459,1,1,0
5520,92.092,39,460,1,1,0
5526,92.192,43,464,1,1,0
5532,92.292,44,467,1,1,0
5538,92.392,48,469,1,1,0
5544,92.492,49,470,1,1,0
5550,92.593,47,469,1,1,0
5556,92.693,41,467,1,1,0
5562,92.793,35,466,1,1,0
5568,92.893,26,466,1,1,0
5574,92.993,15,465,1,1,0
5580,93.093,9,465,1,1,0
5586,93.193,2,464,1,1,0
5592,93.293,2,464,1,1,0
5598,93.393,75,465,1,1,0
5604,93.493,76,465,1,1,0
5610,93.594,79,472,1,1,0
5616,93.694,122,474,1,1,0
5622,93.794,140,475,1,1,0
5628,93.894,167,500,1,1,0
5634,93.994,144,494,1,1,0
5640,94.094,159,516,1,1,0
5646,94.194,173,516,1,1,0
5652,94.294,202,515,1,1,0
5658,94.394,172,516,1,1,0
5664,94.494,174,516,1,1,0
5670,94.594,155,464,1,1,1
5676,94.695,233,429,1,1,1
5682,94.795,58,465,1,1,1
5688,94.895,80,465,1,1,1
5694,94.995,98,464,1,1,1
5700,95.095,119,466,1,1,1
5706,95.195,108,465,1,1,1
5712,95.295,61,464,1,1,1
5718,95.395,10,464,1,1,1
5724,95.495,24,514,1,1,1
5730,95.596,,,0,1,1
5736,95.696,513,178,1,1,0
5742,95.796,505,176,1,1,0
5748,95.896,490,172,1,1,0
5754,95.996,479,172,1,1,0
5760,96.096,476,171,1,1,0
5766,96.196,471,175,1,1,0
5772,96.296,468,180,1,1,0
5778,96.396,462,188,1,1,0
5784,96.496,444,194,1,1,0
5790,96.597,475,216,1,1,0
5796,96.697,488,216,1,1,0
5802,96.797,472,207,1,1,0
5808,96.897,474,197,1,1,0
5814,96.997,463,186,1,1,0
5820,97.097,490,190,1,1,0
5826,97.197,517,186,1,1,0
5832,97.297,523,198,1,1,0
5838,97.397,511,195,1,1,0
5844,97.497,517,193,1,1,0
5850,97.597,532,196,1,1,0
5856,97.698,532,200,1,1,0
5862,97.798,509,207,1,1,0
5868,97.898,483,205,1,1,0
5874,97.998,455,205,1,1,0
5880,98.098,425,208,1,1,0
5886,98.198,297,196,1,1,0
5892,98.298,252,187,1,1,0
5898,98.398,207,183,1,1,0
5904,98.498,155,183,1,1,0
5910,98.599,97,183,1,1,0
5916,98.699,56,179,1,1,0
5922,98.799,19,189,1,1,0
5928,98.899,98,107,1,1,0
5934,98.999,63,324,1,1,0
5940,99.099,161,216,1,1,0
5946,99.199,114,106,1,1,0
5952,99.299,187,224,1,1,0
5958,99.399,213,234,1,1,0
5964,99.499,,,0,1,0
5970,99.6,195,232,1,1,0
5976,99.7,,,0,1,0
5982,99.8,,,0,1,0
5988,99.9,,,0,1,0
5994,100.0,,,0,1,0
6000,100.1,,,0,1,0
6006,100.2,,,0,1,0
6012,100.3,,,0,1,0
6018,100.4,,,0,1,0
6024,100.5,,,0,1,0
6030,100.6,,,0,1,0
6036,100.701,,,0,1,0
6042,100.801,,,0,1,0
6048,100.901,125,229,1,1,0
6054,101.001,,,0,1,0
6060,101.101,70,214,1,1,0
6066,101.201,42,205,1,1,0
6072,101.301,17,179,1,1,0
6078,101.401,65,180,1,1,0
6084,101.501,104,189,1,1,0
6090,101.602,138,192,1,1,0
6096,101.702,155,185,1,1,0
6102,101.802,215,203,1,1,0
6108,101.902,226,197,1,1,0
6114,102.002,235,200,1,1,0
6120,102.102,244,201,1,1,0
6126,102.202,262,214,1,1,0
6132,102.302,273,234,1,1,0
6138,102.402,286,235,1,1,0
6144,102.502,306,244,1,1,0
6150,102.603,323,241,1,1,0
6156,102.703,337,244,1,1,0
6162,102.803,358,258,1,1,0
6168,102.903,382,244,1,1,0
6174,103.003,399,233,1,1,0
6180,103.103,413,230,1,1,0
6186,103.203,427,232,1,1,0
6192,103.303,453,229,1,1,0
6198,103.403,481,211,1,1,0
6204,103.503,509,214,1,1,0
6210,103.603,525,211,1,1,0
6216,103.704,532,202,1,1,0
6222,103.804,536,188,1,1,0
6228,103.904,531,176,1,1,0
6234,104.004,525,174,1,1,0
6240,104.104,520,173,1,1,0
6246,104.204,512,173,1,1,0
6252,104.304,509,175,1,1,0
6258,104.404,502,180,1,1,0
6264,104.504,491,184,1,1,0
6270,104.605,480,184,1,1,0
6276,104.705,468,183,1,1,0
6282,104.805,454,177,1,1,0
6288,104.905,447,173,1,1,0
6294,105.005,439,169,1,1,0
6300,105.105,432,164,1,1,0
6306,105.205,421,161,1,1,0
6312,105.305,406,158,1,1,0
6318,105.405,389,152,1,1,0
6324,105.505,373,145,1,1,0
6330,105.606,359,139,1,1,0
6336,105.706,345,135,1,1,0
6342,105.806,329,135,1,1,0
6348,105.906,311,135,1,1,0
6354,106.006,292,140,1,1,0
6360,106.106,270,135,1,1,0
6366,106.206,254,129,1,1,0
6372,106.306,239,124,1,1,0
6378,106.406,224,121,1,1,0
6384,106.506,204,118,1,1,0
6390,106.606,183,117,1,1,0
6396,106.707,159,115,1,1,0
6402,106.807,165,116,1,1,0
6408,106.907,84,47,1,1,1
6414,107.007,86,45,1,1,1
6420,107.107,88,43,1,1,1
6426,107.207,91,42,1,1,1
6432,107.307,91,40,1,1,1
6438,107.407,94,38,1,1,1
6444,107.507,193,25,1,1,1
6450,107.608,184,21,1,1,1
6456,107.708,180,23,1,1,1
6462,107.808,732,303,1,1,0
6468,107.908,731,304,1,1,0
6474,108.008,731,305,1,1,0
6480,108.108,727,303,1,1,0
6486,108.208,725,299,1,1,0
6492,108.308,728,299,1,1,0
6498,108.408,730,297,1,1,0
6504,108.508,730,294,1,1,0
6510,108.609,729,288,1,1,0
6516,108.709,722,282,1,1,0
6522,108.809,703,273,1,1,0
6528,108.909,678,266,1,1,0
6534,109.009,662,256,1,1,0
6540,109.109,632,249,1,1,0
6546,109.209,594,242,1,1,0
6552,109.309,559,234,1,1,0
6558,109.409,527,228,1,1,0
6564,109.509,499,223,1,1,0
6570,109.609,485,220,1,1,0
6576,109.71,480,220,1,1,0
6582,109.81,485,223,1,1,0
6588,109.91,495,225,1,1,0
6594,110.01,508,228,1,1,0
6600,110.11,523,233,1,1,0
6606,110.21,540,236,1,1,0
6612,110.31,554,240,1,1,0
6618,110.41,571,244,1,1,0
6624,110.51,592,249,1,1,0
6630,110.611,617,257,1,1,0
6636,110.711,638,265,1,1,0
6642,110.811,661,273,1,1,0
6648,110.911,682,279,1,1,0
6654,111.011,707,285,1,1,0
6660,111.111,731,290,1,1,0
6666,111.211,760,295,1,1,0
6672,111.311,788,300,1,1,0
6678,111.411,814,305,1,1,0
6684,111.511,843,310,1,1,0
6690,111.612,875,316,1,1,0
6696,111.712,904,322,1,1,0
6702,111.812,930,326,1,1,0
6708,111.912,939,330,1,1,0
6714,112.012,939,330,1,1,0
6720,112.112,617,394,1,1,0
6726,112.212,639,398,1,1,0
6732,112.312,660,405,1,1,0
6738,112.412,612,444,1,1,1
6744,112.512,623,441,1,1,1
6750,112.612,,,0,1,0
6756,112.713,,,0,1,0
6762,112.813,,,0,1,0
6768,112.913,,,0,1,0
6774,113.013,,,0,1,0
6780,113.113,,,0,1,0
6786,113.213,,,0,1,0
6792,113.313,,,0,1,0
6798,113.413,574,247,1,1,0
6804,113.513,593,246,1,1,0
6810,113.614,608,245,1,1,0
6816,113.714,618,242,1,1,0
6822,113.814,623,239,1,1,0
6828,113.914,634,258,1,1,1
6834,114.014,200,25,1,1,0
6840,114.114,200,24,1,1,0
6846,114.214,210,30,1,1,0
6852,114.314,212,35,1,1,0
6858,114.414,215,40,1,1,0
6864,114.514,215,40,1,1,0
6870,114.615,215,40,1,1,0
6876,114.715,,,0,1,0
6882,114.815,,,0,1,0
6888,114.915,891,108,1,1,0
6894,115.015,891,114,1,1,0
6900,115.115,895,121,1,1,0
6906,115.215,887,169,1,1,1
6912,115.315,,,0,1,0
6918,115.415,,,0,1,0
6924,115.515,,,0,1,0
6930,115.615,,,0,1,0
6936,115.716,,,0,1,0
6942,115.816,,,0,1,0
6948,115.916,,,0,1,0
6954,116.016,,,0,1,0
6960,116.116,,,0,1,0
6966,116.216,,,0,1,0
6972,116.316,,,0,1,0
6978,116.416,262,424,1,1,0
6984,116.516,264,424,1,1,0
6990,116.617,271,422,1,1,0
6996,116.717,279,422,1,1,0
7002,116.817,290,422,1,1,0
7008,116.917,304,420,1,1,0
7014,117.017,320,415,1,1,0
7020,117.117,339,413,1,1,0
7026,117.217,353,419,1,1,0
7032,117.317,373,420,1,1,0
7038,117.417,389,419,1,1,0
7044,117.517,413,421,1,1,0
7050,117.618,440,421,1,1,0
7056,117.718,467,426,1,1,0
7062,117.818,491,429,1,1,0
7068,117.918,513,427,1,1,0
7074,118.018,534,428,1,1,0
7080,118.118,524,433,1,1,0
7086,118.218,526,434,1,1,0
7092,118.318,521,434,1,1,0
7098,118.418,515,435,1,1,0
7104,118.518,513,435,1,1,0
7110,118.618,508,434,1,1,0
7116,118.719,506,436,1,1,0
7122,118.819,504,435,1,1,0
7128,118.919,502,435,1,1,0
7134,119.019,499,435,1,1,0
7140,119.119,492,434,1,1,0
7146,119.219,488,435,1,1,0
7152,119.319,484,435,1,1,0
7158,119.419,484,435,1,1,0
7164,119.519,488,436,1,1,0
7170,119.62,497,437,1,1,0
7176,119.72,507,439,1,1,0
7182,119.82,518,440,1,1,0
7188,119.92,526,440,1,1,0
7194,120.02,534,440,1,1,0
7200,120.12,541,440,1,1,0
7206,120.22,546,440,1,1,0
7212,120.32,552,439,1,1,0
7218,120.42,557,436,1,1,0
7224,120.52,561,436,1,1,0
7230,120.621,563,435,1,1,0
7236,120.721,568,434,1,1,0
7242,120.821,574,434,1,1,0
7248,120.921,578,433,1,1,0
7254,121.021,583,432,1,1,0
7260,121.121,586,431,1,1,0
7266,121.221,588,430,1,1,0
7272,121.321,589,430,1,1,0
7278,121.421,589,430,1,1,0
7284,121.521,588,430,1,1,0
7290,121.621,587,431,1,1,0
7296,121.722,583,431,1,1,0
7302,121.822,575,432,1,1,0
7308,121.922,568,432,1,1,0
7314,122.022,559,434,1,1,0
7320,122.122,550,435,1,1,0
7326,122.222,541,436,1,1,0
7332,122.322,532,437,1,1,0
7338,122.422,523,437,1,1,0
7344,122.522,516,438,1,1,0
7350,122.623,510,439,1,1,0
7356,122.723,504,439,1,1,0
7362,122.823,499,439,1,1,0
7368,122.923,496,441,1,1,0
7374,123.023,496,444,1,1,0
7380,123.123,496,447,1,1,0
7386,123.223,496,448,1,1,0
7392,123.323,498,452,1,1,0
7398,123.423,502,457,1,1,0
7404,123.523,507,461,1,1,0
7410,123.624,515,467,1,1,0
7416,123.724,520,473,1,1,0
7422,123.824,523,478,1,1,0
7428,123.924,526,483,1,1,0
7434,124.024,526,488,1,1,0
7440,124.124,521,492,1,1,0
7446,124.224,517,496,1,1,0
7452,124.324,510,499,1,1,0
7458,124.424,497,499,1,1,0
7464,124.524,491,499,1,1,0
7470,124.624,534,499,1,1,0
7476,124.725,582,484,1,1,0
7482,124.825,578,495,1,1,0
7488,124.925,578,495,1,1,0
7494,125.025,,,0,1,0
7500,125.125,,,0,1,0
7506,125.225,850,358,1,1,0
7512,125.325,784,340,1,1,1
7518,125.425,,,0,1,0
7524,125.525,,,0,1,0
7530,125.626,,,0,1,0
7536,125.726,,,0,1,0
7542,125.826,,,0,1,0
7548,125.926,,,0,1,0
7554,126.026,,,0,1,0
7560,126.126,,,0,1,0
7566,126.226,,,0,1,0
7572,126.326,,,0,1,0
7578,126.426,,,0,1,0
7584,126.526,,,0,1,0
7590,126.627,,,0,1,0
7596,126.727,,,0,1,0
7602,126.827,,,0,1,0
7608,126.927,,,0,1,0
7614,127.027,,,0,1,0
7620,127.127,,,0,1,0
7626,127.227,,,0,1,0
7632,127.327,,,0,1,0
7638,127.427,,,0,1,0
7644,127.527,,,0,1,0
7650,127.627,,,0,1,0
7656,127.728,,,0,1,0
7662,127.828,,,0,1,0
7668,127.928,,,0,1,0
7674,128.028,,,0,1,0
7680,128.128,,,0,1,0
7686,128.228,,,0,1,0
7692,128.328,,,0,1,0
7698,128.428,,,0,1,0
7704,128.528,,,0,1,0
7710,128.629,0,247,1,1,0
7716,128.729,51,190,1,1,0
7722,128.829,54,189,1,1,0
7728,128.929,55,189,1,1,0
7734,129.029,58,190,1,1,0
7740,129.129,60,190,1,1,0
7746,129.229,60,190,1,1,0
7752,129.329,,,0,1,0
7758,129.429,,,0,1,0
7764,129.529,,,0,1,0
7770,129.63,,,0,1,0
7776,129.73,,,0,1,0
7782,129.83,,,0,1,0
7788,129.93,,,0,1,0
7794,130.03,,,0,1,0
7800,130.13,,,0,1,0
7806,130.23,,,0,1,0
7812,130.33,,,0,1,0
7818,130.43,,,0,1,0
7824,130.53,,,0,1,0
7830,130.631,,,0,1,0
7836,130.731,,,0,1,0
7842,130.831,,,0,1,0
7848,130.931,,,0,1,0
7854,131.031,,,0,1,0
7860,131.131,,,0,1,0
7866,131.231,,,0,1,0
7872,131.331,,,0,1,0
7878,131.431,,,0,1,0
7884,131.531,,,0,1,0
7890,131.631,,,0,1,0
7896,131.732,,,0,1,0
7902,131.832,,,0,1,0
7908,131.932,,,0,1,0
7914,132.032,,,0,1,0
7920,132.132,,,0,1,0
7926,132.232,,,0,1,0
7932,132.332,,,0,1,0
7938,132.432,,,0,1,0
7944,132.532,,,0,1,0
7950,132.632,,,0,1,0
7956,132.733,,,0,1,0
7962,132.833,66,9,1,1,0
7968,132.933,,,0,1,0
7974,133.033,,,0,1,0
7980,133.133,,,0,1,0
7986,133.233,,,0,1,0
7992,133.333,,,0,1,0
7998,133.433,,,0,1,0
8004,133.533,,,0,1,0
8010,133.633,,,0,1,0
8016,133.734,234,134,1,1,0
8022,133.834,250,132,1,1,0
8028,133.934,270,135,1,1,0
8034,134.034,286,138,1,1,0
8040,134.134,296,130,1,1,0
8046,134.234,328,140,1,1,0
8052,134.334,333,204,1,1,0
8058,134.434,,,0,1,0
8064,134.534,,,0,1,0
8070,134.635,,,0,1,0
8076,134.735,347,171,1,1,0
8082,134.835,351,172,1,1,0
8088,134.935,,,0,1,0
8094,135.035,360,165,1,1,0
8100,135.135,,,0,1,0
8106,135.235,,,0,1,0
8112,135.335,,,0,1,0
8118,135.435,,,0,1,0
8124,135.535,,,0,1,0
8130,135.636,,,0,1,0
8136,135.736,,,0,1,0
8142,135.836,,,0,1,0
8148,135.936,,,0,1,0
8154,136.036,,,0,1,0
8160,136.136,,,0,1,0
8166,136.236,,,0,1,0
8172,136.336,,,0,1,0
8178,136.436,,,0,1,0
8184,136.536,,,0,1,0
8190,136.637,,,0,1,0
8196,136.737,,,0,1,0
8202,136.837,,,0,1,0
8208,136.937,,,0,1,0
8214,137.037,,,0,1,0
8220,137.137,,,0,1,0
8226,137.237,163,47,1,1,0
8232,137.337,163,47,1,1,0
8238,137.437,163,47,1,1,0
8244,137.537,163,47,1,1,0
8250,137.637,163,47,1,1,0
8256,137.738,163,47,1,1,0
8262,137.838,163,47,1,1,0
8268,137.938,163,47,1,1,0
8274,138.038,163,47,1,1,0
8370,139.639,482,311,1,1,0
8376,139.74,482,311,1,1,0
8382,139.84,482,311,1,1,0
8388,139.94,,,0,1,0
8394,140.04,,,0,1,0
8400,140.14,,,0,1,0
8406,140.24,,,0,1,0
8412,140.34,,,0,1,0
8418,140.44,,,0,1,0
8424,140.54,,,0,1,0
8430,140.641,,,0,1,0
8436,140.741,,,0,1,0
8442,140.841,,,0,1,0
8448,140.941,,,0,1,0
8454,141.041,,,0,1,0
8460,141.141,,,0,1,0
8466,141.241,,,0,1,0
8472,141.341,,,0,1,0
8478,141.441,,,0,1,0
8484,141.541,,,0,1,0
8490,141.642,,,0,1,0
8496,141.742,,,0,1,0
8502,141.842,,,0,1,0
8508,141.942,,,0,1,0
8514,142.042,,,0,1,0
8520,142.142,,,0,1,0
8526,142.242,,,0,1,0
8532,142.342,,,0,1,0
8538,142.442,,,0,1,0
8544,142.542,,,0,1,0
8550,142.643,,,0,1,0
8556,142.743,,,0,1,0
8562,142.843,,,0,1,0
8568,142.943,625,401,1,1,0
8574,143.043,626,401,1,1,0
8580,143.143,630,403,1,1,0
8586,143.243,637,406,1,1,0
8592,143.343,627,401,1,1,0
8598,143.443,628,401,1,1,0
8604,143.543,630,403,1,1,0
8610,143.643,629,401,1,1,0
8616,143.744,631,402,1,1,0
8622,143.844,628,395,1,1,0
8628,143.944,630,401,1,1,0
8634,144.044,633,404,1,1,0
8640,144.144,632,402,1,1,0
8646,144.244,634,417,1,1,0
8652,144.344,634,417,1,1,0
8658,144.444,634,417,1,1,0
8664,144.544,634,417,1,1,0
8670,144.644,634,417,1,1,0
8676,144.745,633,415,1,1,0
8682,144.845,633,412,1,1,0
8688,144.945,634,409,1,1,0
8694,145.045,635,409,1,1,0
8700,145.145,636,412,1,1,0
8706,145.245,635,416,1,1,0
8712,145.345,639,419,1,1,0
8718,145.445,640,423,1,1,0
8724,145.545,640,429,1,1,0
8730,145.645,642,434,1,1,0
8736,145.746,640,442,1,1,0
8742,145.846,638,443,1,1,0
8748,145.946,636,442,1,1,0
8754,146.046,636,442,1,1,0
8760,146.146,636,442,1,1,0
8766,146.246,638,443,1,1,0
8772,146.346,637,445,1,1,0
8778,146.446,638,448,1,1,0
8784,146.546,640,451,1,1,0
8790,146.647,640,453,1,1,0
8796,146.747,641,454,1,1,0
8802,146.847,641,456,1,1,0
8808,146.947,641,456,1,1,0
8814,147.047,642,456,1,1,0
8820,147.147,642,456,1,1,0
8826,147.247,641,456,1,1,0
8832,147.347,614,458,1,1,0
8838,147.447,616,460,1,1,0
8844,147.547,637,453,1,1,0
8850,147.648,639,453,1,1,0
8856,147.748,640,456,1,1,0
8862,147.848,642,457,1,1,0
8868,147.948,644,459,1,1,0
8874,148.048,642,456,1,1,0
8880,148.148,646,465,1,1,0
8886,148.248,645,470,1,1,0
8892,148.348,649,477,1,1,0
8898,148.448,649,477,1,1,0
8904,148.548,649,477,1,1,0
8910,148.649,649,477,1,1,0
8916,148.749,649,477,1,1,0
8922,148.849,649,477,1,1,0
8928,148.949,649,477,1,1,0
8934,149.049,649,477,1,1,0
8940,149.149,649,477,1,1,0
8946,149.249,649,477,1,1,0
8952,149.349,649,477,1,1,0
8958,149.449,649,477,1,1,0
8964,149.549,649,477,1,1,0
8970,149.649,649,477,1,1,0
8976,149.75,649,477,1,1,0
8982,149.85,649,477,1,1,0
8988,149.95,649,477,1,1,0
8994,150.05,649,477,1,1,0
9090,151.651,649,477,1,1,0
9096,151.752,649,477,1,1,0
9102,151.852,649,477,1,1,0
9108,151.952,524,492,1,1,0
9114,152.052,533,493,1,1,0
9120,152.152,540,493,1,1,0
9126,152.252,,,0,1,0
9132,152.352,,,0,1,0
9138,152.452,,,0,1,0
9144,152.552,,,0,1,0
9150,152.653,,,0,1,0
9156,152.753,,,0,1,0
9162,152.853,,,0,1,0
9168,152.953,,,0,1,0
9174,153.053,,,0,1,0
9180,153.153,,,0,1,0
9186,153.253,,,0,1,0
9192,153.353,,,0,1,0
9198,153.453,,,0,1,0
9204,153.553,,,0,1,0
9210,153.654,,,0,1,0
9216,153.754,,,0,1,0
9222,153.854,,,0,1,0
9228,153.954,,,0,1,0
9234,154.054,,,0,1,0
9240,154.154,,,0,1,0
9246,154.254,,,0,1,0
9252,154.354,,,0,1,0
9258,154.454,,,0,1,0
9264,154.554,,,0,1,0
9270,154.655,,,0,1,0
9276,154.755,,,0,1,0
9282,154.855,,,0,1,0
9288,154.955,,,0,1,0
9294,155.055,,,0,1,0
9300,155.155,,,0,1,0
9306,155.255,,,0,1,0
9312,155.355,,,0,1,0
9318,155.455,,,0,1,0
9324,155.555,,,0,1,0
9330,155.655,,,0,1,0
9336,155.756,,,0,1,0
9342,155.856,57,316,1,1,0
9348,155.956,,,0,1,0
9354,156.056,,,0,1,0
9360,156.156,,,0,1,0
9366,156.256,,,0,1,0
9372,156.356,,,0,1,0
9378,156.456,,,0,1,0
9384,156.556,6,168,1,1,0
9390,156.656,,,0,1,0
9396,156.757,,,0,1,0
9402,156.857,9,168,1,1,0
9408,156.957,15,168,1,1,0
9414,157.057,23,166,1,1,0
9420,157.157,,,0,1,0
9426,157.257,,,0,1,0
9432,157.357,,,0,1,0
9438,157.457,,,0,1,0
9444,157.557,107,295,1,1,0
9450,157.657,117,269,1,1,0
9456,157.758,90,252,1,1,0
9462,157.858,56,251,1,1,0
9468,157.958,35,258,1,1,0
9474,158.058,14,274,1,1,0
9480,158.158,51,258,1,1,0
9486,158.258,12,83,1,1,0
9492,158.358,0,81,1,1,1
9498,158.458,33,72,1,1,1
9504,158.558,346,496,1,1,1
9510,158.659,386,446,1,1,1
9516,158.759,445,447,1,1,1
9522,158.859,465,452,1,1,1
9528,158.959,502,458,1,1,1
9534,159.059,826,624,1,1,1
9540,159.159,826,624,1,1,0
9546,159.259,826,624,1,1,0
9552,159.359,826,624,1,1,0
9558,159.459,826,624,1,1,0
9564,159.559,826,624,1,1,0
9570,159.66,826,624,1,1,0
9576,159.76,826,624,1,1,0
9582,159.86,826,624,1,1,0
9588,159.96,826,624,1,1,0
9594,160.06,826,624,1,1,0
9600,160.16,826,624,1,1,0
9606,160.26,826,624,1,1,0
9612,160.36,826,624,1,1,0
9618,160.46,826,624,1,1,0
9624,160.56,250,13,1,1,0
9630,160.661,286,441,1,1,1
9636,160.761,284,438,1,1,1
9642,160.861,282,436,1,1,1
9648,160.961,281,434,1,1,1
9654,161.061,279,431,1,1,1
9660,161.161,278,429,1,1,1
9666,161.261,276,427,1,1,1
9672,161.361,274,425,1,1,1
9678,161.461,273,423,1,1,1
9684,161.561,466,453,1,1,1
9690,161.661,475,452,1,1,1
9696,161.762,485,453,1,1,1
9702,161.862,496,453,1,1,1
9708,161.962,508,452,1,1,1
9714,162.062,94,204,1,1,0
9720,162.162,107,206,1,1,0
9726,162.262,118,211,1,1,0
9732,162.362,127,216,1,1,0
9738,162.462,140,225,1,1,0
9744,162.562,151,233,1,1,0
9750,162.662,155,313,1,1,0
9756,162.763,185,310,1,1,0
9762,162.863,193,315,1,1,0
9768,162.963,268,279,1,1,0
9774,163.063,277,281,1,1,0
9780,163.163,283,287,1,1,0
9786,163.263,293,247,1,1,1
9792,163.363,305,245,1,1,1
9798,163.463,320,239,1,1,1
9804,163.563,298,244,1,1,1
9810,163.663,309,248,1,1,1
9816,163.764,336,242,1,1,1
9822,163.864,353,240,1,1,1
9828,163.964,373,236,1,1,1
9834,164.064,395,235,1,1,1
9840,164.164,409,232,1,1,1
9846,164.264,395,235,1,1,1
9852,164.364,896,284,1,1,0
9858,164.464,892,284,1,1,0
9864,164.564,887,285,1,1,0
9870,164.665,882,285,1,1,0
9876,164.765,883,284,1,1,0
9882,164.865,883,286,1,1,0
9888,164.965,883,287,1,1,0
9894,165.065,883,288,1,1,0
9900,165.165,882,290,1,1,0
9906,165.265,883,291,1,1,0
9912,165.365,881,294,1,1,0
9918,165.465,884,297,1,1,0
9924,165.565,885,298,1,1,0
9930,165.666,887,301,1,1,0
9936,165.766,889,302,1,1,0
9942,165.866,890,305,1,1,0
9948,165.966,894,308,1,1,0
9954,166.066,896,312,1,1,0
9960,166.166,901,319,1,1,0
9966,166.266,907,326,1,1,0
9972,166.366,914,329,1,1,0
9978,166.466,926,332,1,1,0
9984,166.566,937,336,1,1,0
9990,166.667,946,342,1,1,0
9996,166.767,902,317,1,1,0
10002,166.867,920,319,1,1,0
10008,166.967,946,339,1,1,0
10014,167.067,946,348,1,1,0
10020,167.167,946,318,1,1,0
10026,167.267,886,308,1,1,0
10032,167.367,890,307,1,1,0
10038,167.467,892,314,1,1,0
10044,167.567,894,322,1,1,0
10050,167.667,899,338,1,1,0
10056,167.768,896,343,1,1,0
10062,167.868,897,345,1,1,0
10068,167.968,903,370,1,1,0
10074,168.068,904,376,1,1,0
10080,168.168,905,378,1,1,0
10086,168.268,906,381,1,1,0
10092,168.368,906,384,1,1,0
10098,168.468,909,383,1,1,0
10104,168.568,909,385,1,1,0
10110,168.668,907,385,1,1,0
10116,168.769,907,386,1,1,0
10122,168.869,907,385,1,1,0
10128,168.969,908,383,1,1,0
10134,169.069,907,381,1,1,0
10140,169.169,907,380,1,1,0
10146,169.269,906,381,1,1,0
10152,169.369,906,382,1,1,0
10158,169.469,907,380,1,1,0
10164,169.569,907,380,1,1,0
10170,169.669,907,380,1,1,0
10176,169.77,908,382,1,1,0
10182,169.87,907,382,1,1,0
10188,169.97,906,383,1,1,0
10194,170.07,907,383,1,1,0
10200,170.17,909,383,1,1,0
10206,170.27,908,384,1,1,0
10212,170.37,909,384,1,1,0
10218,170.47,910,382,1,1,0
10224,170.57,908,383,1,1,0
10230,170.671,909,382,1,1,0
10236,170.771,909,382,1,1,0
10242,170.871,909,381,1,1,0
10248,170.971,908,383,1,1,0
10254,171.071,910,382,1,1,0
10350,172.673,909,382,1,1,0
10356,172.773,911,382,1,1,0
10362,172.873,910,382,1,1,0
10368,172.973,910,382,1,1,0
10374,173.073,910,382,1,1,0
10380,173.173,909,382,1,1,0
10386,173.273,909,383,1,1,0
10392,173.373,909,383,1,1,0
10398,173.473,909,382,1,1,0
10404,173.573,909,382,1,1,0
10410,173.673,909,382,1,1,0
10416,173.774,910,381,1,1,0
10422,173.874,910,380,1,1,0
10428,173.974,911,381,1,1,0
10434,174.074,910,380,1,1,0
10440,174.174,910,379,1,1,0
10446,174.274,911,378,1,1,0
10452,174.374,912,379,1,1,0
10458,174.474,912,379,1,1,0
10464,174.574,911,381,1,1,0
10470,174.674,910,380,1,1,0
10476,174.775,910,381,1,1,0
10482,174.875,911,381,1,1,0
10488,174.975,909,382,1,1,0
10494,175.075,909,381,1,1,0
10500,175.175,910,380,1,1,0
10506,175.275,910,381,1,1,0
10512,175.375,910,381,1,1,0
10518,175.475,910,382,1,1,0
10524,175.575,910,382,1,1,0
10530,175.675,910,382,1,1,0
10536,175.776,909,382,1,1,0
10542,175.876,909,383,1,1,0
10548,175.976,908,384,1,1,0
10554,176.076,908,384,1,1,0
10560,176.176,907,384,1,1,0
10566,176.276,907,384,1,1,0
10572,176.376,907,384,1,1,0
10578,176.476,907,384,1,1,0
10584,176.576,907,383,1,1,0
10590,176.677,908,384,1,1,0
10596,176.777,909,383,1,1,0
10602,176.877,908,383,1,1,0
10608,176.977,909,383,1,1,0
10614,177.077,907,383,1,1,0
10620,177.177,907,383,1,1,0
10626,177.277,908,383,1,1,0
10632,177.377,908,384,1,1,0
10638,177.477,908,385,1,1,0
10644,177.577,906,384,1,1,0
10650,177.678,907,383,1,1,0
10656,177.778,908,384,1,1,0
10662,177.878,907,384,1,1,0
10668,177.978,906,383,1,1,0
10674,178.078,908,384,1,1,0
10680,178.178,907,384,1,1,0
10686,178.278,908,384,1,1,0
10692,178.378,907,384,1,1,0
10698,178.478,907,384,1,1,0
10704,178.578,906,383,1,1,0
10710,178.679,908,383,1,1,0
10716,178.779,907,384,1,1,0
10722,178.879,908,384,1,1,0
10728,178.979,907,384,1,1,0
10734,179.079,908,384,1,1,0
10740,179.179,909,385,1,1,0
10746,179.279,907,384,1,1,0
10752,179.379,907,385,1,1,0
10758,179.479,906,382,1,1,0
10764,179.579,908,384,1,1,0
10770,179.679,907,384,1,1,0
10776,179.78,907,383,1,1,0
10782,179.88,907,384,1,1,0
10788,179.98,908,384,1,1,0
10794,180.08,907,384,1,1,0
10800,180.18,908,384,1,1,0
10806,180.28,906,383,1,1,0
10812,180.38,907,384,1,1,0
10818,180.48,907,384,1,1,0
10824,180.58,907,384,1,1,0
10830,180.68,906,383,1,1,0
10836,180.781,907,384,1,1,0
10842,180.881,907,384,1,1,0
10848,180.981,907,384,1,1,0
10854,181.081,907,384,1,1,0
10860,181.181,907,384,1,1,0
10866,181.281,652,322,1,1,0
10872,181.381,681,313,1,1,0
10878,181.481,642,426,1,1,1
10884,181.581,658,420,1,1,1
10890,181.681,693,417,1,1,1
10896,181.782,408,180,1,1,0
10902,181.882,402,182,1,1,0
10908,181.982,395,183,1,1,0
10914,182.082,391,183,1,1,0
10920,182.182,390,183,1,1,0
10926,182.282,386,188,1,1,0
10932,182.382,380,192,1,1,0
10938,182.482,367,190,1,1,0
10944,182.582,366,189,1,1,0
10950,182.683,359,190,1,1,0
10956,182.783,347,195,1,1,0
10962,182.883,338,206,1,1,0
10968,182.983,325,209,1,1,0
10974,183.083,313,211,1,1,0
10980,183.183,305,211,1,1,0
10986,183.283,290,211,1,1,0
10992,183.383,290,211,1,1,0
10998,183.483,277,218,1,1,0
11004,183.583,254,224,1,1,0
11010,183.684,244,226,1,1,0
11016,183.784,237,236,1,1,0
11022,183.884,233,236,1,1,0
11028,183.984,244,232,1,1,0
11034,184.084,257,231,1,1,0
11040,184.184,264,231,1,1,0
11046,184.284,264,241,1,1,0
11052,184.384,264,253,1,1,0
11058,184.484,254,259,1,1,0
11064,184.584,228,272,1,1,0
11070,184.685,210,276,1,1,0
11076,184.785,187,283,1,1,0
11082,184.885,193,288,1,1,0
11088,184.985,185,292,1,1,0
11094,185.085,169,299,1,1,0
11100,185.185,177,264,1,1,0
11106,185.285,158,265,1,1,0
11112,185.385,135,274,1,1,0
11118,185.485,101,280,1,1,0
11124,185.585,23,320,1,1,0
11130,185.685,187,339,1,1,0
11136,185.786,148,324,1,1,0
11142,185.886,,,0,1,0
11148,185.986,39,334,1,1,0
11154,186.086,92,318,1,1,0
11160,186.186,136,300,1,1,0
11166,186.286,181,279,1,1,0
11172,186.386,219,264,1,1,0
11178,186.486,253,260,1,1,0
11184,186.586,298,246,1,1,0
11190,186.686,330,230,1,1,0
11196,186.787,357,208,1,1,0
11202,186.887,377,195,1,1,0
11208,186.987,394,183,1,1,0
11214,187.087,417,167,1,1,0
11220,187.187,429,159,1,1,0
11226,187.287,445,157,1,1,0
11232,187.387,453,138,1,1,0
11238,187.487,468,148,1,1,0
11244,187.587,474,142,1,1,0
11250,187.688,476,147,1,1,0
11256,187.788,470,140,1,1,0
11262,187.888,464,133,1,1,0
11268,187.988,459,130,1,1,0
11274,188.088,490,136,1,1,0
11280,188.188,488,129,1,1,0
11286,188.288,504,126,1,1,0
11292,188.388,521,123,1,1,0
11298,188.488,539,119,1,1,0
11304,188.588,557,115,1,1,0
11310,188.689,557,115,1,1,0
11316,188.789,557,115,1,1,0
11322,188.889,557,115,1,1,0
11328,188.989,557,115,1,1,0
11334,189.089,557,115,1,1,0
11430,190.691,557,115,1,1,0
11436,190.791,289,247,1,1,0
11442,190.891,330,224,1,1,0
11448,190.991,348,200,1,1,0
11454,191.091,337,177,1,1,0
11460,191.191,313,165,1,1,0
11466,191.291,294,160,1,1,0
11472,191.391,301,132,1,1,0
11478,191.491,299,96,1,1,0
11484,191.591,66,276,1,1,1
11490,191.691,64,285,1,1,1
11496,191.792,61,294,1,1,1
11502,191.892,59,303,1,1,1
11508,191.992,562,65,1,1,0
11514,192.092,585,102,1,1,1
11520,192.192,566,62,1,1,0
11526,192.292,598,103,1,1,1
11532,192.392,603,103,1,1,1
11538,192.492,542,138,1,1,1
11544,192.592,552,135,1,1,1
11550,192.692,,,0,1,0
11556,192.793,,,0,1,0
11562,192.893,,,0,1,0
11568,192.993,,,0,1,0
11574,193.093,,,0,1,0
11580,193.193,,,0,1,0
11586,193.293,,,0,1,0
11592,193.393,,,0,1,0
11598,193.493,,,0,1,0
11604,193.593,,,0,1,0
11610,193.694,,,0,1,0
11616,193.794,,,0,1,0
11622,193.894,,,0,1,0
11628,193.994,,,0,1,0
11634,194.094,,,0,1,0
11640,194.194,,,0,1,0
11646,194.294,,,0,1,0
11652,194.394,,,0,1,0
11658,194.494,,,0,1,0
11664,194.594,,,0,1,0
11670,194.695,,,0,1,0
11676,194.795,,,0,1,0
11682,194.895,,,0,1,0
11688,194.995,,,0,1,0
11694,195.095,,,0,1,0
11700,195.195,,,0,1,0
11706,195.295,,,0,1,0
11712,195.395,,,0,1,0
11718,195.495,,,0,1,0
11724,195.595,,,0,1,0
11730,195.696,,,0,1,0
11736,195.796,,,0,1,0
11742,195.896,,,0,1,0
11748,195.996,,,0,1,0
11754,196.096,,,0,1,0
11760,196.196,,,0,1,0
11766,196.296,,,0,1,0
11772,196.396,,,0,1,0
11778,196.496,,,0,1,0
11784,196.596,,,0,1,0
11790,196.697,,,0,1,0
11796,196.797,,,0,1,0
11802,196.897,,,0,1,0
11808,196.997,,,0,1,0
11814,197.097,,,0,1,0
11820,197.197,,,0,1,0
11826,197.297,205,335,1,1,0
11832,197.397,179,357,1,1,0
11838,197.497,155,369,1,1,0
11844,197.597,152,391,1,1,0
11850,197.697,155,389,1,1,0
11856,197.798,164,388,1,1,0
11862,197.898,159,361,1,1,0
11868,197.998,148,350,1,1,0
11874,198.098,127,359,1,1,0
11880,198.198,108,369,1,1,0
11886,198.298,115,329,1,1,0
11892,198.398,81,335,1,1,0
11898,198.498,70,384,1,1,0
11904,198.598,119,374,1,1,0
11910,198.698,138,384,1,1,0
11916,198.799,140,400,1,1,0
11922,198.899,135,418,1,1,0
11928,198.999,129,442,1,1,0
11934,199.099,115,472,1,1,0
11940,199.199,104,499,1,1,0
11946,199.299,86,526,1,1,0
11952,199.399,76,546,1,1,0
11958,199.499,62,565,1,1,0
11964,199.599,56,572,1,1,0
11970,199.7,58,573,1,1,0
11976,199.8,56,577,1,1,0
11982,199.9,61,575,1,1,0
11988,200.0,59,582,1,1,0
11994,200.1,57,589,1,1,0
12000,200.2,56,595,1,1,0
12006,200.3,126,541,1,1,0
12012,200.4,157,521,1,1,0
12018,200.5,160,513,1,1,0
12024,200.6,195,484,1,1,0
12030,200.701,143,517,1,1,0
12036,200.801,105,519,1,1,0
12042,200.901,130,498,1,1,0
12048,201.001,139,631,1,1,1
12054,201.101,132,634,1,1,1
12060,201.201,123,629,1,1,1
12066,201.301,142,634,1,1,1
12072,201.401,110,666,1,1,1
12078,201.501,111,664,1,1,1
12084,201.601,103,675,1,1,1
12090,201.702,103,675,1,1,0
12096,201.802,103,675,1,1,0
12102,201.902,103,675,1,1,0
12108,202.002,103,675,1,1,0
12114,202.102,103,675,1,1,0
12120,202.202,103,675,1,1,0
12126,202.302,103,675,1,1,0
12132,202.402,103,675,1,1,0
12138,202.502,103,675,1,1,0
12144,202.602,103,675,1,1,0
12150,202.703,103,675,1,1,0
12156,202.803,103,675,1,1,0
12162,202.903,,,0,1,0
12168,203.003,,,0,1,0
12174,203.103,,,0,1,0
12180,203.203,,,0,1,0
12186,203.303,,,0,1,0
12192,203.403,,,0,1,0
12198,203.503,,,0,1,0
12204,203.603,,,0,1,0
12210,203.703,,,0,1,0
12216,203.804,,,0,1,0
12222,203.904,,,0,1,0
12228,204.004,,,0,1,0
12234,204.104,,,0,1,0
12240,204.204,,,0,1,0
12246,204.304,,,0,1,0
12252,204.404,,,0,1,0
12258,204.504,,,0,1,0
12264,204.604,,,0,1,0
12270,204.704,84,749,1,1,0
12276,204.805,75,745,1,1,0
12282,204.905,,,0,1,0
12288,205.005,,,0,1,0
12294,205.105,,,0,1,0
12300,205.205,,,0,1,0
12306,205.305,,,0,1,0
12312,205.405,,,0,1,0
12318,205.505,,,0,1,0
12324,205.605,,,0,1,0
12330,205.706,,,0,1,0
12336,205.806,,,0,1,0
12342,205.906,,,0,1,0
12348,206.006,,,0,1,0
12354,206.106,,,0,1,0
12360,206.206,,,0,1,0
12366,206.306,18,586,1,1,0
12372,206.406,17,585,1,1,0
12378,206.506,,,0,1,0
12384,206.606,50,525,1,1,0
12390,206.707,38,530,1,1,0
12396,206.807,26,534,1,1,0
12402,206.907,23,537,1,1,0
12408,207.007,16,543,1,1,0
12414,207.107,5,504,1,1,0
12420,207.207,61,434,1,1,0
12426,207.307,63,461,1,1,0
12432,207.407,65,463,1,1,0
12438,207.507,,,0,1,0
12444,207.607,,,0,1,0
12450,207.708,,,0,1,0
12456,207.808,,,0,1,0
12462,207.908,,,0,1,0
12468,208.008,,,0,1,0
12474,208.108,,,0,1,0
12480,208.208,,,0,1,0
12486,208.308,,,0,1,0
12492,208.408,,,0,1,0
12498,208.508,,,0,1,0
12504,208.608,272,356,1,1,0
12510,208.709,255,336,1,1,0
12516,208.809,236,357,1,1,0
12522,208.909,257,341,1,1,0
12528,209.009,10,488,1,1,0
12534,209.109,20,483,1,1,0
12540,209.209,30,481,1,1,0
12546,209.309,40,479,1,1,0
12552,209.409,48,477,1,1,0
12558,209.509,54,474,1,1,0
12564,209.609,65,473,1,1,0
12570,209.709,68,479,1,1,0
12576,209.81,81,482,1,1,0
12582,209.91,97,483,1,1,0
12588,210.01,112,483,1,1,0
12594,210.11,118,487,1,1,0
12600,210.21,117,492,1,1,0
12606,210.31,110,507,1,1,0
12612,210.41,96,535,1,1,0
12618,210.51,68,559,1,1,0
12624,210.61,29,572,1,1,0
12630,210.71,103,420,1,1,0
12636,210.811,136,407,1,1,0
12642,210.911,9,557,1,1,0
12648,211.011,20,537,1,1,0
12654,211.111,26,525,1,1,0
12660,211.211,34,501,1,1,0
12666,211.311,33,480,1,1,0
12672,211.411,33,459,1,1,0
12678,211.511,66,427,1,1,0
12684,211.611,96,394,1,1,0
12690,211.712,117,380,1,1,0
12696,211.812,136,362,1,1,0
12702,211.912,169,336,1,1,0
12708,212.012,216,311,1,1,0
12714,212.112,280,284,1,1,0
12720,212.212,346,260,1,1,0
12726,212.312,397,244,1,1,0
12732,212.412,446,221,1,1,0
12738,212.512,496,198,1,1,0
12744,212.612,544,186,1,1,0
12750,212.713,591,187,1,1,0
12756,212.813,644,184,1,1,0
12762,212.913,696,178,1,1,0
12768,213.013,738,178,1,1,0
12774,213.113,773,180,1,1,0
12780,213.213,809,170,1,1,0
12786,213.313,845,164,1,1,0
12792,213.413,879,166,1,1,0
12798,213.513,869,268,1,1,1
12804,213.613,714,353,1,1,0
12810,213.714,727,348,1,1,0
12816,213.814,718,341,1,1,0
12822,213.914,710,333,1,1,0
12828,214.014,690,362,1,1,0
12834,214.114,91,686,1,1,1
12840,214.214,66,687,1,1,1
12846,214.314,66,687,1,1,0
12852,214.414,66,687,1,1,0
12858,214.514,66,687,1,1,0
12864,214.614,66,687,1,1,0
12960,216.216,66,687,1,1,0
12966,216.316,66,687,1,1,0
12972,216.416,66,687,1,1,0
12978,216.516,66,687,1,1,0
12984,216.616,66,687,1,1,0
12990,216.716,66,687,1,1,0
12996,216.817,66,687,1,1,0
13002,216.917,66,687,1,1,0
13008,217.017,66,687,1,1,0
13014,217.117,66,687,1,1,0
13020,217.217,66,687,1,1,0
13026,217.317,519,26,1,1,0
13032,217.417,492,25,1,1,0
13038,217.517,,,0,1,0
13044,217.617,,,0,1,0
13050,217.718,,,0,1,0
13056,217.818,121,347,1,1,0
13062,217.918,58,362,1,1,0
13068,218.018,,,0,1,0
13074,218.118,25,372,1,1,0
13080,218.218,,,0,1,0
13086,218.318,,,0,1,0
13092,218.418,,,0,1,0
13098,218.518,52,352,1,1,0
13104,218.618,,,0,1,0
13110,218.719,20,500,1,1,0
13116,218.819,,,0,1,0
13122,218.919,,,0,1,0
13128,219.019,,,0,1,0
13134,219.119,,,0,1,0
13140,219.219,,,0,1,0
13146,219.319,,,0,1,0
13152,219.419,,,0,1,0
13158,219.519,,,0,1,0
13164,219.619,,,0,1,0
13170,219.72,,,0,1,0
13176,219.82,,,0,1,0
13182,219.92,,,0,1,0
13188,220.02,,,0,1,0
13194,220.12,,,0,1,0
13200,220.22,,,0,1,0
13206,220.32,,,0,1,0
13212,220.42,,,0,1,0
13218,220.52,,,0,1,0
13224,220.62,,,0,1,0
13230,220.721,,,0,1,0
13236,220.821,,,0,1,0
13242,220.921,,,0,1,0
13248,221.021,,,0,1,0
13254,221.121,299,53,1,1,0
13260,221.221,297,50,1,1,0
13266,221.321,294,45,1,1,0
13272,221.421,292,41,1,1,0
13278,221.521,289,36,1,1,0
13284,221.621,285,30,1,1,0
13290,221.721,280,23,1,1,0
13296,221.822,274,19,1,1,0
13302,221.922,274,19,1,1,0
13308,222.022,274,19,1,1,0
13314,222.122,274,19,1,1,0
13320,222.222,,,0,1,0
13326,222.322,,,0,1,0
13332,222.422,,,0,1,0
13338,222.522,,,0,1,0
13344,222.622,,,0,1,0
13350,222.722,,,0,1,0
13356,222.823,,,0,1,0
13362,222.923,,,0,1,0
13368,223.023,,,0,1,0
13374,223.123,,,0,1,0
13380,223.223,,,0,1,0
13386,223.323,,,0,1,0
13392,223.423,,,0,1,0
13398,223.523,,,0,1,0
13404,223.623,,,0,1,0
13410,223.724,,,0,1,0
13416,223.824,,,0,1,0
13422,223.924,,,0,1,0
13428,224.024,,,0,1,0
13434,224.124,,,0,1,0
13440,224.224,,,0,1,0
13446,224.324,,,0,1,0
13452,224.424,,,0,1,0
13458,224.524,,,0,1,0
13464,224.624,,,0,1,0
13470,224.725,,,0,1,0
13476,224.825,,,0,1,0
13482,224.925,,,0,1,0
13488,225.025,,,0,1,0
13494,225.125,,,0,1,0
13500,225.225,,,0,1,0
13506,225.325,508,161,1,1,0
13512,225.425,507,161,1,1,0
13518,225.525,499,160,1,1,0
13524,225.625,486,162,1,1,0
13530,225.726,470,164,1,1,0
13536,225.826,451,169,1,1,0
13542,225.926,427,174,1,1,0
13548,226.026,402,182,1,1,0
13554,226.126,380,185,1,1,0
13560,226.226,358,189,1,1,0
13566,226.326,338,194,1,1,0
13572,226.426,328,194,1,1,0
13578,226.526,317,196,1,1,0
13584,226.626,343,178,1,1,0
13590,226.727,345,180,1,1,0
13596,226.827,342,180,1,1,0
13602,226.927,335,181,1,1,0
13608,227.027,334,182,1,1,0
13614,227.127,337,186,1,1,0
13620,227.227,333,188,1,1,0
13626,227.327,327,189,1,1,0
13632,227.427,322,193,1,1,0
13638,227.527,312,196,1,1,0
13644,227.627,304,202,1,1,0
13650,227.727,297,208,1,1,0
13656,227.828,291,218,1,1,0
13662,227.928,278,236,1,1,0
13668,228.028,265,254,1,1,0
13674,228.128,248,272,1,1,0
13680,228.228,234,292,1,1,0
13686,228.328,231,318,1,1,0
13692,228.428,247,339,1,1,0
13698,228.528,255,355,1,1,0
13704,228.628,254,365,1,1,0
13710,228.728,259,363,1,1,0
13716,228.829,277,349,1,1,0
13722,228.929,302,351,1,1,0
13728,229.029,336,347,1,1,0
13734,229.129,265,352,1,1,0
13740,229.229,315,338,1,1,0
13746,229.329,359,330,1,1,0
13752,229.429,456,282,1,1,0
13758,229.529,488,273,1,1,0
13764,229.629,514,268,1,1,0
13770,229.73,526,259,1,1,0
13776,229.83,520,261,1,1,0
13782,229.93,554,265,1,1,0
13788,230.03,564,221,1,1,0
13794,230.13,541,244,1,1,0
13800,230.23,549,244,1,1,0
13806,230.33,516,252,1,1,0
13812,230.43,546,248,1,1,0
13818,230.53,588,231,1,1,0
13824,230.63,614,213,1,1,0
13830,230.731,642,207,1,1,0
13836,230.831,654,217,1,1,0
13842,230.931,668,233,1,1,0
13848,231.031,627,229,1,1,0
13854,231.131,663,228,1,1,0
13860,231.231,674,220,1,1,0
13866,231.331,685,206,1,1,0
13872,231.431,678,212,1,1,0
13878,231.531,666,211,1,1,0
13884,231.631,683,209,1,1,0
13890,231.732,690,203,1,1,0
13896,231.832,685,208,1,1,0
13902,231.932,691,206,1,1,0
13908,232.032,723,213,1,1,0
13914,232.132,766,213,1,1,0
13920,232.232,804,214,1,1,0
13926,232.332,843,204,1,1,0
13932,232.432,869,213,1,1,0
13938,232.532,898,214,1,1,0
13944,232.632,923,215,1,1,0
13950,232.733,946,217,1,1,0
13956,232.833,946,217,1,1,0
13962,232.933,,,0,1,0
13968,233.033,,,0,1,0
13974,233.133,,,0,1,0
13980,233.233,,,0,1,0
13986,233.333,,,0,1,0
13992,233.433,,,0,1,0
13998,233.533,,,0,1,0
14004,233.633,,,0,1,0
14010,233.733,,,0,1,0
14016,233.834,,,0,1,0
14022,233.934,,,0,1,0
14028,234.034,,,0,1,0
14034,234.134,,,0,1,0
14040,234.234,,,0,1,0
14046,234.334,,,0,1,0
14052,234.434,,,0,1,0
14058,234.534,,,0,1,0
14064,234.634,,,0,1,0
14070,234.734,,,0,1,0
14076,234.835,,,0,1,0
14082,234.935,587,475,1,1,0
14088,235.035,592,483,1,1,0
14094,235.135,601,488,1,1,0
14100,235.235,594,476,1,1,0
14106,235.335,596,474,1,1,0
14112,235.435,598,475,1,1,0
14118,235.535,591,472,1,1,0
14124,235.635,593,474,1,1,0
14130,235.736,595,477,1,1,0
14136,235.836,597,476,1,1,0
14142,235.936,583,449,1,1,0
14148,236.036,591,447,1,1,0
14154,236.136,595,446,1,1,0
14160,236.236,607,432,1,1,0
14166,236.336,618,417,1,1,0
14172,236.436,642,402,1,1,0
14178,236.536,610,391,1,1,0
14184,236.636,624,382,1,1,0
14190,236.737,647,371,1,1,0
14196,236.837,594,456,1,1,0
14202,236.937,588,473,1,1,0
14208,237.037,592,473,1,1,0
14214,237.137,594,471,1,1,0
14220,237.237,594,472,1,1,0
14226,237.337,592,474,1,1,0
14232,237.437,590,476,1,1,0
14238,237.537,591,477,1,1,0
14244,237.637,593,476,1,1,0
14250,237.738,593,476,1,1,0
14256,237.838,588,478,1,1,0
14262,237.938,588,479,1,1,0
14268,238.038,589,479,1,1,0
14274,238.138,591,478,1,1,0
14280,238.238,593,479,1,1,0
14286,238.338,593,479,1,1,0
14292,238.438,595,478,1,1,0
14298,238.538,592,479,1,1,0
14304,238.638,594,477,1,1,0
14310,238.739,592,478,1,1,0
14316,238.839,594,476,1,1,0
14322,238.939,598,472,1,1,0
14328,239.039,597,470,1,1,0
14334,239.139,597,470,1,1,0
14340,239.239,598,471,1,1,0
14346,239.339,597,469,1,1,0
14352,239.439,596,468,1,1,0
14358,239.539,598,467,1,1,0
14364,239.639,599,466,1,1,0
14370,239.739,596,469,1,1,0
14376,239.84,598,470,1,1,0
14382,239.94,599,471,1,1,0
14388,240.04,596,474,1,1,0
14394,240.14,598,476,1,1,0
14400,240.24,596,479,1,1,0
14406,240.34,597,479,1,1,0
14412,240.44,596,481,1,1,0
14418,240.54,601,469,1,1,0
14424,240.64,600,469,1,1,0
14430,240.74,598,470,1,1,0
14436,240.841,599,468,1,1,0
14442,240.941,600,468,1,1,0
14448,241.041,600,468,1,1,0
14454,241.141,604,469,1,1,0
14460,241.241,605,470,1,1,0
14466,241.341,605,469,1,1,0
14472,241.441,605,470,1,1,0
14478,241.541,603,472,1,1,0
14484,241.641,603,473,1,1,0
14490,241.742,600,476,1,1,0
14496,241.842,598,477,1,1,0
14502,241.942,599,473,1,1,0
14508,242.042,602,470,1,1,0
14514,242.142,601,469,1,1,0
14520,242.242,603,468,1,1,0
14526,242.342,601,469,1,1,0
14532,242.442,602,470,1,1,0
14538,242.542,602,470,1,1,0
14544,242.642,605,467,1,1,0
14550,242.743,602,470,1,1,0
14556,242.843,604,468,1,1,0
14562,242.943,605,467,1,1,0
14568,243.043,603,468,1,1,0
14574,243.143,604,468,1,1,0
14580,243.243,604,468,1,1,0
14586,243.343,605,467,1,1,0
14592,243.443,605,469,1,1,0
14598,243.543,604,468,1,1,0
14604,243.643,604,469,1,1,0
14610,243.744,603,468,1,1,0
14616,243.844,1070,401,1,1,0
14622,243.944,1071,402,1,1,0
14628,244.044,1070,402,1,1,0
14634,244.144,1070,400,1,1,0
14640,244.244,1072,401,1,1,0
14646,244.344,1070,401,1,1,0
14652,244.444,1072,401,1,1,0
14658,244.544,1071,402,1,1,0
14664,244.644,1072,401,1,1,0
14670,244.745,1071,402,1,1,0
14676,244.845,1070,401,1,1,0
14682,244.945,1071,402,1,1,0
14688,245.045,1071,400,1,1,0
14694,245.145,1072,401,1,1,0
14700,245.245,1074,403,1,1,0
14706,245.345,1074,402,1,1,0
14712,245.445,1073,401,1,1,0
14718,245.545,1074,402,1,1,0
14724,245.645,1074,401,1,1,0
14730,245.745,1072,402,1,1,0
14736,245.846,1072,402,1,1,0
14742,245.946,1072,401,1,1,0
14748,246.046,1071,401,1,1,0
14754,246.146,1072,401,1,1,0
14760,246.246,1074,402,1,1,0
14766,246.346,1074,402,1,1,0
14772,246.446,1075,402,1,1,0
14778,246.546,1074,402,1,1,0
14784,246.646,1074,403,1,1,0
14790,246.746,1075,403,1,1,0
14796,246.847,1075,403,1,1,0
14802,246.947,1075,403,1,1,0
14808,247.047,1074,401,1,1,0
14814,247.147,1074,401,1,1,0
14820,247.247,1074,401,1,1,0
14826,247.347,1074,401,1,1,0
14832,247.447,1076,401,1,1,0
14838,247.547,1074,401,1,1,0
14844,247.647,1076,401,1,1,0
14850,247.748,1075,400,1,1,0
14856,247.848,1075,400,1,1,0
14862,247.948,1075,400,1,1,0
14868,248.048,1075,399,1,1,0
14874,248.148,1076,399,1,1,0
14880,248.248,1076,399,1,1,0
14886,248.348,1076,398,1,1,0
14892,248.448,1078,400,1,1,0
14898,248.548,1075,400,1,1,0
14904,248.648,1076,401,1,1,0
14910,248.749,1074,401,1,1,0
14916,248.849,1073,401,1,1,0
14922,248.949,1072,402,1,1,0
14928,249.049,1073,403,1,1,0
14934,249.149,1074,402,1,1,0
14940,249.249,1074,402,1,1,0
14946,249.349,1074,402,1,1,0
14952,249.449,1073,401,1,1,0
14958,249.549,1072,401,1,1,0
14964,249.649,1072,400,1,1,0
14970,249.75,1072,400,1,1,0
14976,249.85,1072,401,1,1,0
14982,249.95,1072,401,1,1,0
14988,250.05,1032,348,1,1,1
14994,250.15,467,319,1,1,0
15000,250.25,455,326,1,1,0
15006,250.35,441,338,1,1,0
15012,250.45,441,338,1,1,0
15018,250.55,441,338,1,1,0
15024,250.65,441,338,1,1,0
15030,250.751,1016,333,1,1,0
15036,250.851,1001,329,1,1,0
15042,250.951,987,325,1,1,0
15048,251.051,974,321,1,1,0
15054,251.151,964,318,1,1,0
15060,251.251,958,315,1,1,0
15066,251.351,962,315,1,1,0
15072,251.451,965,314,1,1,0
15078,251.551,980,318,1,1,0
15084,251.651,972,295,1,1,0
15090,251.751,964,286,1,1,0
15096,251.852,955,313,1,1,0
15102,251.952,958,313,1,1,0
15108,252.052,961,312,1,1,0
15114,252.152,967,312,1,1,0
15120,252.252,970,311,1,1,0
15126,252.352,974,312,1,1,0
15132,252.452,977,311,1,1,0
15138,252.552,980,311,1,1,0
15144,252.652,984,311,1,1,0
15150,252.752,988,311,1,1,0
15156,252.853,991,311,1,1,0
15162,252.953,997,311,1,1,0
15168,253.053,1008,313,1,1,0
15174,253.153,1019,316,1,1,0
15180,253.253,1031,318,1,1,0
15186,253.353,1043,320,1,1,0
15192,253.453,1054,323,1,1,0
15198,253.553,1067,326,1,1,0
15204,253.653,1083,330,1,1,0
15210,253.754,1094,333,1,1,0
15216,253.854,1108,336,1,1,0
15222,253.954,1123,340,1,1,0
15228,254.054,1140,344,1,1,0
15234,254.154,1158,347,1,1,0
15240,254.254,1176,349,1,1,0
15246,254.354,1198,354,1,1,0
15252,254.454,1215,357,1,1,0
15258,254.554,1234,361,1,1,0
15264,254.654,1254,364,1,1,0
15270,254.755,1254,362,1,1,0
15276,254.855,1251,345,1,1,0
15282,254.955,1268,347,1,1,0
15288,255.055,1282,349,1,1,0
15294,255.155,1246,350,1,1,0
15300,255.255,1261,352,1,1,0
15306,255.355,1075,375,1,1,0
15312,255.455,1079,377,1,1,0
15318,255.555,1079,377,1,1,0
15324,255.655,1080,377,1,1,0
15330,255.756,1080,378,1,1,0
15336,255.856,1079,378,1,1,0
15342,255.956,1079,380,1,1,0
15348,256.056,1079,381,1,1,0
15354,256.156,1079,381,1,1,0
15360,256.256,575,57,1,1,0
15366,256.356,575,57,1,1,0
15372,256.456,578,56,1,1,0
15378,256.556,578,56,1,1,0
15384,256.656,1196,49,1,1,0
15390,256.757,1198,117,1,1,1
15396,256.857,60,124,1,1,0
15402,256.957,60,124,1,1,0
15408,257.057,505,456,1,1,0
15414,257.157,515,458,1,1,0
15420,257.257,530,461,1,1,0
15426,257.357,545,463,1,1,0
15432,257.457,556,465,1,1,0
15438,257.557,567,466,1,1,0
15444,257.657,580,468,1,1,0
15450,257.757,589,469,1,1,0
15456,257.858,592,469,1,1,0
15462,257.958,596,469,1,1,0
15468,258.058,590,468,1,1,0
15474,258.158,583,469,1,1,0
15480,258.258,573,469,1,1,0
15486,258.358,600,436,1,1,0
15492,258.458,649,428,1,1,0
15498,258.558,701,423,1,1,0
15504,258.658,750,418,1,1,0
15510,258.759,803,412,1,1,0
15516,258.859,852,411,1,1,0
15522,258.959,552,421,1,1,0
15528,259.059,589,419,1,1,0
15534,259.159,621,416,1,1,0
15540,259.259,663,416,1,1,0
15546,259.359,695,407,1,1,0
15552,259.459,697,394,1,1,0
15558,259.559,698,365,1,1,0
15564,259.659,727,365,1,1,0
15570,259.76,756,364,1,1,0
15576,259.86,784,364,1,1,0
15582,259.96,811,364,1,1,0
15588,260.06,818,361,1,1,0
15594,260.16,812,368,1,1,0
15600,260.26,825,349,1,1,0
15606,260.36,848,352,1,1,0
15612,260.46,846,350,1,1,0
15618,260.56,848,338,1,1,0
15624,260.66,808,348,1,1,0
15630,260.76,779,350,1,1,0
15636,260.861,807,349,1,1,0
15642,260.961,783,323,1,1,1
15648,261.061,766,323,1,1,1
15654,261.161,753,313,1,1,1
15660,261.261,741,318,1,1,1
15666,261.361,881,307,1,1,1
15672,261.461,1100,292,1,1,1
15678,261.561,1100,292,1,1,0
15684,261.661,1100,292,1,1,0
15690,261.762,1100,292,1,1,0
15696,261.862,1100,292,1,1,0
15702,261.962,660,215,1,1,0
15708,262.062,647,206,1,1,0
15714,262.162,665,211,1,1,0
15720,262.262,682,217,1,1,0
15726,262.362,690,217,1,1,0
15732,262.462,697,219,1,1,0
15738,262.562,704,221,1,1,0
15744,262.662,713,223,1,1,0
15750,262.762,721,225,1,1,0
15756,262.863,733,228,1,1,0
15762,262.963,745,229,1,1,0
15768,263.063,757,230,1,1,0
15774,263.163,770,232,1,1,0
15780,263.263,780,231,1,1,0
15786,263.363,789,231,1,1,0
15792,263.463,797,232,1,1,0
15798,263.563,804,234,1,1,0
15804,263.663,810,235,1,1,0
15810,263.764,815,238,1,1,0
15816,263.864,819,242,1,1,0
15822,263.964,824,249,1,1,0
15828,264.064,827,254,1,1,0
15834,264.164,831,262,1,1,0
15840,264.264,834,266,1,1,0
15846,264.364,841,274,1,1,0
15852,264.464,847,280,1,1,0
15858,264.564,853,285,1,1,0
15864,264.664,859,290,1,1,0
15870,264.764,866,297,1,1,0
15876,264.865,873,301,1,1,0
15882,264.965,879,307,1,1,0
15888,265.065,886,310,1,1,0
15894,265.165,893,313,1,1,0
15900,265.265,899,316,1,1,0
15906,265.365,907,316,1,1,0
15912,265.465,915,313,1,1,0
15918,265.565,925,310,1,1,0
15924,265.665,935,307,1,1,0
15930,265.766,948,306,1,1,0
15936,265.866,959,302,1,1,0
15942,265.966,972,297,1,1,0
15948,266.066,980,291,1,1,0
15954,266.166,979,276,1,1,0
15960,266.266,984,272,1,1,0
15966,266.366,984,264,1,1,0
15972,266.466,982,254,1,1,0
15978,266.566,981,252,1,1,0
15984,266.666,983,251,1,1,0
15990,266.767,984,254,1,1,0
15996,266.867,983,259,1,1,0
16002,266.967,978,268,1,1,0
16008,267.067,965,268,1,1,0
16014,267.167,949,266,1,1,0
16020,267.267,932,273,1,1,0
16026,267.367,907,273,1,1,0
16032,267.467,877,262,1,1,0
16038,267.567,867,264,1,1,0
16044,267.667,852,280,1,1,0
16050,267.767,870,276,1,1,0
16056,267.868,891,272,1,1,0
16062,267.968,906,269,1,1,0
16068,268.068,920,265,1,1,0
16074,268.168,935,261,1,1,0
16080,268.268,952,257,1,1,0
16086,268.368,972,253,1,1,0
16092,268.468,988,250,1,1,0
16098,268.568,970,281,1,1,0
16104,268.668,985,259,1,1,0
16110,268.769,992,221,1,1,0
16116,268.869,1001,179,1,1,0
16122,268.969,1001,179,1,1,0
16128,269.069,1001,179,1,1,0
16134,269.169,632,247,1,1,0
16140,269.269,659,254,1,1,0
16146,269.369,628,216,1,1,0
16152,269.469,666,231,1,1,0
16158,269.569,671,205,1,1,0
16164,269.669,636,191,1,1,0
16170,269.769,729,195,1,1,0
16176,269.87,819,197,1,1,0
16182,269.97,819,197,1,1,0
16188,270.07,819,197,1,1,0
16194,270.17,464,230,1,1,0
16200,270.27,459,222,1,1,0
16206,270.37,473,221,1,1,0
16212,270.47,498,231,1,1,0
16218,270.57,499,214,1,1,0
16224,270.67,497,238,1,1,0
16230,270.771,497,238,1,1,0
16236,270.871,497,238,1,1,0
16242,270.971,497,238,1,1,0
16248,271.071,497,238,1,1,0
16254,271.171,497,238,1,1,0
16260,271.271,497,238,1,1,0
16266,271.371,497,238,1,1,0
16272,271.471,497,238,1,1,0
16278,271.571,497,238,1,1,0
16284,271.671,497,238,1,1,0
16290,271.772,497,238,1,1,0
16296,271.872,497,238,1,1,0
16302,271.972,420,187,1,1,0
16308,272.072,410,193,1,1,0
16314,272.172,425,195,1,1,0
16320,272.272,419,198,1,1,0
16326,272.372,418,198,1,1,0
16332,272.472,418,197,1,1,0
16338,272.572,415,195,1,1,0
16344,272.672,418,193,1,1,0
16350,272.772,417,192,1,1,0
16356,272.873,418,191,1,1,0
16362,272.973,415,188,1,1,0
16368,273.073,412,186,1,1,0
16374,273.173,408,184,1,1,0
16380,273.273,404,183,1,1,0
16386,273.373,404,179,1,1,0
16392,273.473,402,178,1,1,0
16398,273.573,399,178,1,1,0
16404,273.673,398,183,1,1,0
16410,273.774,390,189,1,1,0
16416,273.874,416,197,1,1,0
16422,273.974,411,201,1,1,0
16428,274.074,199,228,1,1,0
16434,274.174,198,228,1,1,0
16440,274.274,199,228,1,1,0
16446,274.374,198,228,1,1,0
16452,274.474,199,228,1,1,0
16458,274.574,199,227,1,1,0
16464,274.674,202,225,1,1,0
16470,274.774,187,219,1,1,0
16476,274.875,205,213,1,1,0
16482,274.975,250,212,1,1,0
16488,275.075,254,225,1,1,0
16494,275.175,286,225,1,1,0
16500,275.275,298,225,1,1,0
16506,275.375,323,216,1,1,0
16512,275.475,344,243,1,1,0
16518,275.575,369,249,1,1,0
16524,275.675,329,220,1,1,1
16530,275.776,229,81,1,1,0
16536,275.876,383,190,1,1,1
16542,275.976,,,0,1,0
16548,276.076,,,0,1,0
16554,276.176,,,0,1,0
16560,276.276,,,0,1,0
16566,276.376,,,0,1,0
16572,276.476,,,0,1,0
16578,276.576,,,0,1,0
16584,276.676,,,0,1,0
16590,276.776,,,0,1,0
16596,276.877,,,0,1,0
16602,276.977,,,0,1,0
16608,277.077,,,0,1,0
16614,277.177,,,0,1,0
16620,277.277,,,0,1,0
16626,277.377,,,0,1,0
16632,277.477,,,0,1,0
16638,277.577,,,0,1,0
16644,277.677,,,0,1,0
16650,277.778,,,0,1,0
16656,277.878,,,0,1,0
16662,277.978,,,0,1,0
16668,278.078,,,0,1,0
16674,278.178,,,0,1,0
16680,278.278,,,0,1,0
16686,278.378,,,0,1,0
16692,278.478,,,0,1,0
16698,278.578,,,0,1,0
16704,278.678,,,0,1,0
16710,278.779,,,0,1,0
16716,278.879,,,0,1,0
16722,278.979,,,0,1,0
16728,279.079,,,0,1,0
16734,279.179,,,0,1,0
16740,279.279,,,0,1,0
16746,279.379,,,0,1,0
16752,279.479,,,0,1,0
16758,279.579,,,0,1,0
16764,279.679,,,0,1,0
16770,279.779,,,0,1,0
16776,279.88,,,0,1,0
16782,279.98,,,0,1,0
16788,280.08,,,0,1,0
16794,280.18,,,0,1,0
16800,280.28,,,0,1,0
16806,280.38,,,0,1,0
16812,280.48,,,0,1,0
16818,280.58,,,0,1,0
16824,280.68,,,0,1,0
16830,280.781,,,0,1,0
16836,280.881,,,0,1,0
16842,280.981,,,0,1,0
16848,281.081,,,0,1,0
16854,281.181,,,0,1,0
16860,281.281,,,0,1,0
16866,281.381,,,0,1,0
16872,281.481,,,0,1,0
16878,281.581,,,0,1,0
16884,281.681,,,0,1,0
16890,281.781,,,0,1,0
16896,281.882,,,0,1,0
16902,281.982,,,0,1,0
16908,282.082,,,0,1,0
16914,282.182,,,0,1,0
16920,282.282,,,0,1,0
16926,282.382,,,0,1,0
16932,282.482,,,0,1,0
16938,282.582,,,0,1,0
16944,282.682,,,0,1,0
16950,282.783,,,0,1,0
16956,282.883,,,0,1,0
16962,282.983,,,0,1,0
16968,283.083,,,0,1,0
16974,283.183,,,0,1,0
16980,283.283,,,0,1,0
16986,283.383,,,0,1,0
16992,283.483,,,0,1,0
16998,283.583,,,0,1,0
17004,283.683,,,0,1,0
17010,283.784,,,0,1,0
17016,283.884,,,0,1,0
17022,283.984,,,0,1,0
17028,284.084,,,0,1,0
17034,284.184,,,0,1,0
17040,284.284,,,0,1,0
17046,284.384,,,0,1,0
17052,284.484,,,0,1,0
17058,284.584,676,283,1,1,0
17064,284.684,672,282,1,1,0
17070,284.784,672,282,1,1,0
17076,284.885,671,283,1,1,0
17082,284.985,673,286,1,1,0
17088,285.085,677,287,1,1,0
17094,285.185,678,260,1,1,1
17100,285.285,615,342,1,1,0
17106,285.385,611,340,1,1,0
17112,285.485,611,339,1,1,0
17118,285.585,614,339,1,1,0
17124,285.685,622,339,1,1,0
17130,285.786,630,341,1,1,0
17136,285.886,476,278,1,1,1
17142,285.986,471,280,1,1,1
17148,286.086,470,281,1,1,1
17154,286.186,467,282,1,1,1
17160,286.286,522,398,1,1,0
17166,286.386,540,459,1,1,1
17172,286.486,192,314,1,1,1
17178,286.586,653,241,1,1,0
17184,286.686,654,244,1,1,0
17190,286.786,669,244,1,1,0
17196,286.887,681,240,1,1,0
17202,286.987,687,236,1,1,0
17208,287.087,684,233,1,1,0
17214,287.187,685,231,1,1,0
17220,287.287,690,236,1,1,0
17226,287.387,697,235,1,1,0
17232,287.487,705,229,1,1,0
17238,287.587,719,219,1,1,0
17244,287.687,733,216,1,1,0
17250,287.788,755,220,1,1,0
17256,287.888,779,223,1,1,0
17262,287.988,805,230,1,1,0
17268,288.088,821,229,1,1,0
17274,288.188,828,229,1,1,0
17280,288.288,845,229,1,1,0
17286,288.388,852,228,1,1,0
17292,288.488,871,224,1,1,0
17298,288.588,878,222,1,1,0
17304,288.688,884,222,1,1,0
17310,288.788,879,226,1,1,0
17316,288.889,909,233,1,1,0
17322,288.989,921,244,1,1,0
17328,289.089,934,255,1,1,0
17334,289.189,982,247,1,1,0
17340,289.289,982,256,1,1,0
17346,289.389,982,256,1,1,0
17352,289.489,982,256,1,1,0
17358,289.589,602,359,1,1,0
17364,289.689,603,365,1,1,0
17370,289.79,606,371,1,1,0
17376,289.89,606,377,1,1,0
17382,289.99,606,384,1,1,0
17388,290.09,608,388,1,1,0
17394,290.19,608,391,1,1,0
17400,290.29,608,393,1,1,0
17406,290.39,609,392,1,1,0
17412,290.49,610,392,1,1,0
17418,290.59,615,388,1,1,0
17424,290.69,621,385,1,1,0
17430,290.791,627,384,1,1,0
17436,290.891,637,380,1,1,0
17442,290.991,647,377,1,1,0
17448,291.091,658,374,1,1,0
17454,291.191,670,372,1,1,0
17460,291.291,683,373,1,1,0
17466,291.391,696,373,1,1,0
17472,291.491,687,390,1,1,0
17478,291.591,706,373,1,1,0
17484,291.691,706,373,1,1,0
17490,291.791,703,372,1,1,0
17496,291.892,698,371,1,1,0
17502,291.992,692,368,1,1,0
17508,292.092,680,364,1,1,0
17514,292.192,663,357,1,1,0
17520,292.292,663,357,1,1,0
17526,292.392,663,357,1,1,0
17532,292.492,663,357,1,1,0
17538,292.592,663,357,1,1,0
17544,292.692,663,357,1,1,0
17730,295.796,663,357,1,1,0
17736,295.896,538,68,1,1,0
17742,295.996,538,68,1,1,0
17748,296.096,538,68,1,1,0
17754,296.196,538,68,1,1,0
17760,296.296,538,68,1,1,0
17766,296.396,538,68,1,1,0
17772,296.496,538,68,1,1,0
17778,296.596,323,216,1,1,0
17784,296.696,324,218,1,1,0
17790,296.796,318,221,1,1,0
17796,296.897,335,215,1,1,0
17802,296.997,343,214,1,1,0
17808,297.097,348,215,1,1,0
17814,297.197,358,215,1,1,0
17820,297.297,367,214,1,1,0
17826,297.397,376,213,1,1,0
17832,297.497,384,212,1,1,0
17838,297.597,390,212,1,1,0
17844,297.697,395,209,1,1,0
17850,297.798,394,205,1,1,0
17856,297.898,389,201,1,1,0
17862,297.998,380,201,1,1,0
17868,298.098,370,201,1,1,0
17874,298.198,359,202,1,1,0
17880,298.298,350,203,1,1,0
17886,298.398,373,182,1,1,0
17892,298.498,380,178,1,1,0
17898,298.598,375,176,1,1,0
17904,298.698,412,177,1,1,0
17910,298.798,427,178,1,1,0
17916,298.899,440,180,1,1,0
17922,298.999,449,177,1,1,0
17928,299.099,447,156,1,1,0
17934,299.199,462,153,1,1,0
17940,299.299,484,185,1,1,0
17946,299.399,499,180,1,1,0
17952,299.499,486,169,1,1,0
17958,299.599,492,170,1,1,0
17964,299.699,502,172,1,1,0
17970,299.8,522,187,1,1,0
17976,299.9,542,197,1,1,0
17982,300.0,556,218,1,1,0
17988,300.1,561,222,1,1,0
17994,300.2,576,235,1,1,0
18000,300.3,582,228,1,1,0
18006,300.4,588,219,1,1,0
18012,300.5,596,227,1,1,0
18018,300.6,606,229,1,1,0
18024,300.7,619,244,1,1,0
18030,300.8,622,247,1,1,0
18036,300.901,621,250,1,1,0
18042,301.001,654,277,1,1,0
18048,301.101,650,278,1,1,0
18054,301.201,646,274,1,1,0
18060,301.301,641,271,1,1,0
18066,301.401,637,263,1,1,0
18072,301.501,635,257,1,1,0
18078,301.601,633,253,1,1,0
18084,301.701,634,248,1,1,0
18090,301.802,634,243,1,1,0
18096,301.902,634,238,1,1,0
18102,302.002,634,233,1,1,0
18108,302.102,631,222,1,1,0
18114,302.202,619,198,1,1,0
18120,302.302,622,194,1,1,0
18126,302.402,632,192,1,1,0
18132,302.502,645,206,1,1,0
18138,302.602,669,220,1,1,0
18144,302.702,670,216,1,1,0
18150,302.803,683,220,1,1,0
18156,302.903,664,196,1,1,0
18162,303.003,670,196,1,1,0
18168,303.103,677,195,1,1,0
18174,303.203,685,193,1,1,0
18180,303.303,695,194,1,1,0
18186,303.403,706,192,1,1,0
18192,303.503,716,191,1,1,0
18198,303.603,729,191,1,1,0
18204,303.703,808,143,1,1,1
18210,303.803,911,126,1,1,1
18216,303.904,1013,107,1,1,1
18222,304.004,1013,107,1,1,0
18228,304.104,1013,107,1,1,0
18234,304.204,1013,107,1,1,0
18240,304.304,1013,107,1,1,0
18246,304.404,679,285,1,1,0
18252,304.504,663,287,1,1,0
18258,304.604,644,287,1,1,0
18264,304.704,624,285,1,1,0
18270,304.805,685,343,1,1,1
18276,304.905,694,320,1,1,1
18282,305.005,704,315,1,1,1
18288,305.105,714,310,1,1,1
18294,305.205,723,375,1,1,1
18300,305.305,723,375,1,1,1
18306,305.405,723,375,1,1,0
18312,305.505,723,375,1,1,0
18318,305.605,723,375,1,1,0
18324,305.705,723,375,1,1,0
36102,602.302,451,242,1,1,0
36108,602.402,463,239,1,1,0
36114,602.502,478,237,1,1,0
36120,602.602,493,236,1,1,0
36126,602.702,493,236,1,1,0
36132,602.802,493,236,1,1,0
36138,602.902,493,236,1,1,0
36144,603.002,493,236,1,1,0
36150,603.102,493,236,1,1,0
36156,603.203,493,236,1,1,0
36162,603.303,493,236,1,1,0
36168,603.403,493,236,1,1,0
36174,603.503,493,236,1,1,0
36180,603.603,493,236,1,1,0
36186,603.703,493,236,1,1,0
36192,603.803,493,236,1,1,0
36198,603.903,493,236,1,1,0
36204,604.003,493,236,1,1,0
36210,604.104,493,236,1,1,0
36216,604.204,493,236,1,1,0
36222,604.304,493,236,1,1,0
36228,604.404,493,236,1,1,0
36234,604.504,493,236,1,1,0
36240,604.604,493,236,1,1,0
36246,604.704,493,236,1,1,0
36252,604.804,477,436,1,1,0
36258,604.904,464,438,1,1,0
36264,605.004,450,436,1,1,0
36270,605.105,433,445,1,1,0
36276,605.205,419,448,1,1,0
36282,605.305,405,449,1,1,0
36288,605.405,392,454,1,1,0
36294,605.505,379,458,1,1,0
36300,605.605,368,458,1,1,0
36306,605.705,357,462,1,1,0
36312,605.805,350,467,1,1,0
36318,605.905,344,471,1,1,0
36324,606.005,339,476,1,1,0
36330,606.106,333,476,1,1,0
36336,606.206,327,480,1,1,0
36342,606.306,319,481,1,1,0
36348,606.406,312,483,1,1,0
36354,606.506,308,485,1,1,0
36360,606.606,300,486,1,1,0
36366,606.706,294,491,1,1,0
36372,606.806,289,496,1,1,0
36378,606.906,286,501,1,1,0
36384,607.006,285,501,1,1,0
36390,607.106,283,501,1,1,0
36396,607.207,284,501,1,1,0
36402,607.307,284,501,1,1,0
36408,607.407,283,501,1,1,0
36414,607.507,278,501,1,1,0
36420,607.607,280,501,1,1,0
36426,607.707,277,501,1,1,0
36432,607.807,277,501,1,1,0
36438,607.907,271,501,1,1,0
36444,608.007,270,501,1,1,0
36450,608.107,268,499,1,1,0
36456,608.208,267,493,1,1,0
36462,608.308,268,486,1,1,0
36468,608.408,270,480,1,1,0
36474,608.508,276,473,1,1,0
36480,608.608,285,493,1,1,0
36486,608.708,293,486,1,1,0
36492,608.808,301,480,1,1,0
36498,608.908,310,474,1,1,0
36504,609.008,319,471,1,1,0
36510,609.109,328,467,1,1,0
36516,609.209,339,466,1,1,0
36522,609.309,352,466,1,1,0
36528,609.409,363,466,1,1,0
36534,609.509,375,468,1,1,0
36540,609.609,382,466,1,1,0
36546,609.709,386,469,1,1,0
36552,609.809,392,471,1,1,0
36558,609.909,395,471,1,1,0
36564,610.009,400,469,1,1,0
36570,610.11,404,467,1,1,0
36576,610.21,407,468,1,1,0
36582,610.31,411,466,1,1,0
36588,610.41,414,467,1,1,0
36594,610.51,418,470,1,1,0
36600,610.61,421,474,1,1,0
36606,610.71,424,478,1,1,0
36612,610.81,427,482,1,1,0
36618,610.91,430,488,1,1,0
36624,611.01,432,494,1,1,0
36630,611.111,434,499,1,1,0
36636,611.211,438,501,1,1,0
36642,611.311,440,501,1,1,0
36648,611.411,442,501,1,1,0
36654,611.511,444,500,1,1,0
36660,611.611,448,501,1,1,0
36666,611.711,453,501,1,1,0
36672,611.811,455,501,1,1,0
36678,611.911,456,500,1,1,0
36684,612.011,459,500,1,1,0
36690,612.111,462,500,1,1,0
36696,612.212,464,500,1,1,0
36702,612.312,465,500,1,1,0
36708,612.412,467,500,1,1,0
36714,612.512,470,500,1,1,0
36720,612.612,473,500,1,1,0
36726,612.712,478,501,1,1,0
36732,612.812,481,501,1,1,0
36738,612.912,487,501,1,1,0
36744,613.012,493,501,1,1,0
36750,613.112,499,499,1,1,0
36756,613.213,508,496,1,1,0
36762,613.313,516,493,1,1,0
36768,613.413,525,489,1,1,0
36774,613.513,532,485,1,1,0
36780,613.613,536,482,1,1,0
36786,613.713,538,481,1,1,0
36792,613.813,538,479,1,1,0
36798,613.913,557,463,1,1,0
36804,614.013,581,462,1,1,0
36810,614.114,619,501,1,1,0
36816,614.214,510,448,1,1,1
36822,614.314,529,449,1,1,1
36828,614.414,555,450,1,1,1
36834,614.514,396,388,1,1,0
36840,614.614,464,372,1,1,0
36846,614.714,513,368,1,1,0
36852,614.814,514,359,1,1,0
36858,614.914,476,342,1,1,0
36864,615.014,582,477,1,1,1
36870,615.115,582,477,1,1,0
36876,615.215,582,477,1,1,0
36882,615.315,582,477,1,1,0
36888,615.415,223,185,1,1,0
36894,615.515,218,191,1,1,0
36990,617.116,204,192,1,1,0
36996,617.217,200,188,1,1,0
37002,617.317,197,183,1,1,0
37008,617.417,195,178,1,1,0
37014,617.517,177,177,1,1,0
37020,617.617,193,179,1,1,0
37026,617.717,210,183,1,1,0
37032,617.817,217,190,1,1,0
37038,617.917,213,204,1,1,0
37044,618.017,199,206,1,1,0
37050,618.118,185,180,1,1,0
37056,618.218,171,181,1,1,0
37062,618.318,159,187,1,1,0
37068,618.418,132,174,1,1,0
37074,618.518,133,177,1,1,0
37080,618.618,124,177,1,1,0
37086,618.718,113,179,1,1,0
37092,618.818,102,179,1,1,0
37098,618.918,91,179,1,1,0
37104,619.018,80,180,1,1,0
37110,619.119,66,182,1,1,0
37116,619.219,52,186,1,1,0
37122,619.319,38,187,1,1,0
37128,619.419,20,188,1,1,0
37134,619.519,2,190,1,1,0
37140,619.619,25,186,1,1,0
37146,619.719,6,188,1,1,0
37152,619.819,7,200,1,1,0
37158,619.919,5,221,1,1,0
37164,620.019,20,219,1,1,0
37170,620.12,36,218,1,1,0
37176,620.22,21,218,1,1,0
37182,620.32,8,219,1,1,0
37188,620.42,54,166,1,1,0
37194,620.52,50,114,1,1,1
37200,620.62,637,59,1,1,0
37206,620.72,564,158,1,1,1
37212,620.82,628,55,1,1,0
37218,620.92,562,168,1,1,1
37224,621.02,617,70,1,1,0
37230,621.12,614,71,1,1,0
37236,621.221,610,112,1,1,1
37242,621.321,610,112,1,1,1
37248,621.421,602,64,1,1,0
37254,621.521,610,112,1,1,1
37260,621.621,610,112,1,1,1
37266,621.721,610,112,1,1,1
37272,621.821,576,60,1,1,0
37278,621.921,610,112,1,1,1
37284,622.021,610,112,1,1,1
37290,622.121,610,112,1,1,0
37296,622.222,610,112,1,1,0
37302,622.322,610,112,1,1,0
37308,622.422,610,112,1,1,0
37314,622.522,610,112,1,1,0
37320,622.622,610,112,1,1,0
37326,622.722,610,112,1,1,0
37332,622.822,610,112,1,1,0
37338,622.922,610,112,1,1,0
37344,623.022,610,112,1,1,0
37350,623.123,610,112,1,1,0
37356,623.223,610,112,1,1,0
37362,623.323,610,112,1,1,0
37368,623.423,49,424,1,1,0
37374,623.523,48,420,1,1,0
37380,623.623,48,418,1,1,0
37386,623.723,39,435,1,1,1
37392,623.823,28,460,1,1,1
37398,623.923,14,427,1,1,1
37404,624.023,56,471,1,1,1
37410,624.124,368,437,1,1,0
37416,624.224,368,437,1,1,0
37422,624.324,361,453,1,1,0
37428,624.424,355,426,1,1,0
37434,624.524,355,424,1,1,0
37440,624.624,357,434,1,1,0
37446,624.724,356,458,1,1,0
37452,624.824,348,458,1,1,0
37458,624.924,338,455,1,1,0
37464,625.024,335,457,1,1,0
37470,625.125,332,461,1,1,0
37476,625.225,318,446,1,1,0
37482,625.325,309,442,1,1,0
37488,625.425,294,445,1,1,0
37494,625.525,272,476,1,1,0
37500,625.625,251,467,1,1,0
37506,625.725,230,463,1,1,0
37512,625.825,214,469,1,1,0
37518,625.925,202,484,1,1,0
37524,626.025,192,489,1,1,0
37530,626.125,181,493,1,1,0
37536,626.226,171,496,1,1,0
37542,626.326,161,499,1,1,0
37548,626.426,151,501,1,1,0
37554,626.526,141,501,1,1,0
37560,626.626,128,501,1,1,0
37566,626.726,116,501,1,1,0
37572,626.826,116,501,1,1,0
37578,626.926,116,501,1,1,0
37584,627.026,116,501,1,1,0
37590,627.126,116,501,1,1,0
37596,627.227,116,501,1,1,0
37602,627.327,116,501,1,1,0
37608,627.427,116,501,1,1,0
37614,627.527,116,501,1,1,0
37620,627.627,116,501,1,1,0
37626,627.727,116,501,1,1,0
37632,627.827,116,501,1,1,0
37638,627.927,116,501,1,1,0
37644,628.027,116,501,1,1,0
37650,628.128,116,501,1,1,0
37656,628.228,116,501,1,1,0
37662,628.328,116,501,1,1,0
37668,628.428,673,57,1,1,0
37674,628.528,673,55,1,1,0
37680,628.628,676,55,1,1,0
37686,628.728,677,55,1,1,0
37692,628.828,680,55,1,1,0
37698,628.928,681,56,1,1,0
37704,629.028,680,55,1,1,0
37710,629.129,680,56,1,1,0
37716,629.229,680,58,1,1,0
37722,629.329,681,60,1,1,0
37728,629.429,682,63,1,1,0
37734,629.529,682,66,1,1,0
37740,629.629,681,71,1,1,0
37746,629.729,680,77,1,1,0
37752,629.829,679,86,1,1,0
37758,629.929,678,93,1,1,0
37764,630.029,677,102,1,1,0
37770,630.13,676,109,1,1,0
37776,630.23,677,114,1,1,0
37782,630.33,679,120,1,1,0
37788,630.43,678,126,1,1,0
37794,630.53,677,130,1,1,0
37800,630.63,674,132,1,1,0
37806,630.73,674,132,1,1,0
37812,630.83,673,133,1,1,0
37818,630.93,671,131,1,1,0
37824,631.03,672,128,1,1,0
37830,631.13,676,125,1,1,0
37836,631.231,681,123,1,1,0
37842,631.331,684,120,1,1,0
37848,631.431,688,116,1,1,0
37854,631.531,691,109,1,1,0
37860,631.631,693,100,1,1,0
37866,631.731,695,91,1,1,0
37872,631.831,697,82,1,1,0
37878,631.931,700,72,1,1,0
37884,632.031,703,63,1,1,0
37890,632.131,708,55,1,1,0
37896,632.232,710,50,1,1,0
37902,632.332,711,47,1,1,0
37908,632.432,713,46,1,1,0
37914,632.532,714,45,1,1,0
37920,632.632,715,45,1,1,0
37926,632.732,715,45,1,1,0
37932,632.832,716,45,1,1,0
37938,632.932,718,45,1,1,0
37944,633.032,719,46,1,1,0
37950,633.133,718,48,1,1,0
37956,633.233,717,52,1,1,0
37962,633.333,716,52,1,1,0
37968,633.433,714,57,1,1,0
37974,633.533,711,61,1,1,0
37980,633.633,662,23,1,1,1
37986,633.733,643,37,1,1,1
37992,633.833,,,0,1,1
37998,633.933,,,0,1,0
38004,634.033,,,0,1,0
38010,634.134,,,0,1,0
38016,634.234,,,0,1,0
38022,634.334,,,0,1,0
38028,634.434,,,0,1,0
38034,634.534,108,233,1,1,0
38040,634.634,104,240,1,1,0
38046,634.734,104,256,1,1,0
38052,634.834,115,282,1,1,0
38058,634.934,127,311,1,1,0
38064,635.034,136,332,1,1,0
38070,635.135,107,332,1,1,0
38076,635.235,90,343,1,1,0
38082,635.335,62,364,1,1,0
38088,635.435,63,362,1,1,0
38094,635.535,64,361,1,1,0
38100,635.635,65,361,1,1,0
38106,635.735,116,456,1,1,1
38112,635.835,115,457,1,1,1
38118,635.935,114,458,1,1,1
38124,636.035,114,458,1,1,0
38130,636.135,114,458,1,1,0
38136,636.236,114,458,1,1,0
38142,636.336,114,458,1,1,0
38148,636.436,114,458,1,1,0
38154,636.536,,,0,1,0
38160,636.636,,,0,1,0
38166,636.736,,,0,1,0
38172,636.836,,,0,1,0
38178,636.936,,,0,1,0
38184,637.036,,,0,1,0
38190,637.136,,,0,1,0
38196,637.237,,,0,1,0
38202,637.337,,,0,1,0
38208,637.437,,,0,1,0
38214,637.537,,,0,1,0
38220,637.637,,,0,1,0
38226,637.737,,,0,1,0
38232,637.837,,,0,1,0
38238,637.937,584,288,1,1,0
38244,638.037,588,289,1,1,0
38250,638.138,584,289,1,1,0
38256,638.238,578,288,1,1,0
38262,638.338,575,288,1,1,0
38268,638.438,573,289,1,1,0
38274,638.538,569,288,1,1,0
38280,638.638,568,285,1,1,0
38286,638.738,566,285,1,1,0
38292,638.838,565,286,1,1,0
38298,638.938,566,285,1,1,0
38304,639.038,567,287,1,1,0
38310,639.139,570,286,1,1,0
38316,639.239,574,290,1,1,0
38322,639.339,579,292,1,1,0
38328,639.439,583,292,1,1,0
38334,639.539,581,298,1,1,0
38340,639.639,584,299,1,1,0
38346,639.739,588,300,1,1,0
38352,639.839,590,301,1,1,0
38358,639.939,592,306,1,1,0
38364,640.039,591,311,1,1,0
38370,640.139,588,318,1,1,0
38376,640.24,578,319,1,1,0
38382,640.34,581,302,1,1,0
38388,640.44,582,306,1,1,0
38394,640.54,593,246,1,1,0
38400,640.64,590,257,1,1,0
38406,640.74,592,257,1,1,0
38412,640.84,579,256,1,1,0
38418,640.94,564,292,1,1,1
38424,641.04,0,191,1,1,0
38430,641.14,0,191,1,1,0
38436,641.241,659,271,1,1,0
38442,641.341,662,271,1,1,0
38448,641.441,666,272,1,1,0
38454,641.541,670,271,1,1,0
38460,641.641,676,271,1,1,0
38466,641.741,681,269,1,1,0
38472,641.841,682,268,1,1,0
38478,641.941,684,269,1,1,0
38484,642.041,687,269,1,1,0
38490,642.142,691,268,1,1,0
38496,642.242,694,266,1,1,0
38502,642.342,696,266,1,1,0
38508,642.442,700,261,1,1,0
38514,642.542,700,258,1,1,0
38520,642.642,702,254,1,1,0
38526,642.742,702,251,1,1,0
38532,642.842,701,250,1,1,0
38538,642.942,701,249,1,1,0
38544,643.042,700,246,1,1,0
38550,643.143,695,246,1,1,0
38556,643.243,689,245,1,1,0
38562,643.343,683,242,1,1,0
38568,643.443,672,240,1,1,0
38574,643.543,665,235,1,1,0
38580,643.643,628,254,1,1,0
38586,643.743,594,261,1,1,0
38592,643.843,616,249,1,1,0
38598,643.943,664,207,1,1,0
38604,644.043,648,224,1,1,0
38700,645.645,654,233,1,1,0
38706,645.745,656,237,1,1,0
38712,645.845,654,237,1,1,0
38718,645.945,653,236,1,1,0
38724,646.045,656,236,1,1,0
38730,646.145,657,241,1,1,0
38736,646.246,652,239,1,1,0
38742,646.346,652,238,1,1,0
38748,646.446,650,239,1,1,0
38754,646.546,653,238,1,1,0
38760,646.646,653,238,1,1,0
38766,646.746,653,238,1,1,0
38772,646.846,651,240,1,1,0
38778,646.946,647,238,1,1,0
38784,647.046,645,240,1,1,0
38790,647.147,641,240,1,1,0
38796,647.247,639,243,1,1,0
38802,647.347,638,244,1,1,0
38808,647.447,638,246,1,1,0
38814,647.547,639,247,1,1,0
38820,647.647,639,248,1,1,0
38826,647.747,637,248,1,1,0
38832,647.847,632,247,1,1,0
38838,647.947,625,247,1,1,0
38844,648.047,618,250,1,1,0
38850,648.148,611,251,1,1,0
38856,648.248,610,254,1,1,0
38862,648.348,604,253,1,1,0
38868,648.448,581,262,1,1,0
38874,648.548,574,263,1,1,0
38880,648.648,573,266,1,1,0
38886,648.748,576,274,1,1,0
38892,648.848,565,272,1,1,0
38898,648.948,590,273,1,1,0
38904,649.048,591,278,1,1,0
38910,649.149,599,283,1,1,0
38916,649.249,604,296,1,1,0
38922,649.349,604,299,1,1,0
38928,649.449,603,300,1,1,0
38934,649.549,604,299,1,1,0
38940,649.649,600,291,1,1,0
38946,649.749,600,294,1,1,0
38952,649.849,600,296,1,1,0
38958,649.949,600,294,1,1,0
38964,650.049,602,286,1,1,0
38970,650.149,608,283,1,1,0
38976,650.25,610,282,1,1,0
38982,650.35,624,276,1,1,0
38988,650.45,623,267,1,1,0
38994,650.55,608,293,1,1,0
39000,650.65,600,291,1,1,0
39006,650.75,600,284,1,1,0
39012,650.85,598,284,1,1,0
39018,650.95,598,280,1,1,0
39024,651.05,593,273,1,1,0
39030,651.15,594,270,1,1,0
39036,651.251,590,273,1,1,0
39042,651.351,585,270,1,1,0
39048,651.451,578,269,1,1,0
39054,651.551,570,266,1,1,0
39060,651.651,561,267,1,1,0
39066,651.751,555,259,1,1,0
39072,651.851,553,261,1,1,0
39078,651.951,552,260,1,1,0
39084,652.051,553,261,1,1,0
39090,652.152,561,260,1,1,0
39096,652.252,577,257,1,1,0
39102,652.352,594,253,1,1,0
39108,652.452,602,252,1,1,0
39114,652.552,613,248,1,1,0
39120,652.652,618,249,1,1,0
39126,652.752,622,248,1,1,0
39132,652.852,625,248,1,1,0
39138,652.952,629,247,1,1,0
39144,653.052,635,247,1,1,0
39150,653.153,639,246,1,1,0
39156,653.253,645,246,1,1,0
39162,653.353,651,247,1,1,0
39168,653.453,656,245,1,1,0
39174,653.553,659,245,1,1,0
39180,653.653,662,245,1,1,0
39186,653.753,663,245,1,1,0
39192,653.853,666,245,1,1,0
39198,653.953,669,247,1,1,0
39204,654.053,670,246,1,1,0
39210,654.154,670,245,1,1,0
39216,654.254,669,246,1,1,0
39222,654.354,667,247,1,1,0
39228,654.454,668,247,1,1,0
39234,654.554,672,247,1,1,0
39240,654.654,677,248,1,1,0
39246,654.754,682,249,1,1,0
39252,654.854,687,249,1,1,0
39258,654.954,768,129,1,1,1
39264,655.054,772,128,1,1,1
39270,655.154,775,128,1,1,1
39276,655.255,779,127,1,1,1
39282,655.355,783,125,1,1,1
39288,655.455,787,124,1,1,1
39294,655.555,790,124,1,1,1
39300,655.655,790,124,1,1,0
39306,655.755,790,124,1,1,0
39312,655.855,790,124,1,1,0
39318,655.955,790,124,1,1,0
39324,656.055,533,198,1,1,0
39330,656.155,531,198,1,1,0
39336,656.256,531,202,1,1,0
39342,656.356,535,205,1,1,0
39348,656.456,538,204,1,1,0
39354,656.556,538,208,1,1,0
39360,656.656,543,212,1,1,0
39366,656.756,569,215,1,1,0
39372,656.856,568,218,1,1,0
39378,656.956,575,216,1,1,0
39384,657.056,577,277,1,1,1
39390,657.157,0,155,1,1,0
39396,657.257,29,183,1,1,1
39402,657.357,26,184,1,1,1
39408,657.457,37,189,1,1,1
39414,657.557,49,194,1,1,1
39420,657.657,507,108,1,1,0
39426,657.757,505,113,1,1,0
39432,657.857,500,115,1,1,0
39438,657.957,496,115,1,1,0
39444,658.057,465,281,1,1,1
39450,658.158,467,286,1,1,1
39456,658.258,524,263,1,1,1
39462,658.358,464,267,1,1,1
39468,658.458,458,270,1,1,1
39474,658.558,447,270,1,1,1
39480,658.658,432,245,1,1,1
39486,658.758,409,250,1,1,1
39492,658.858,10,356,1,1,0
39498,658.958,10,356,1,1,0
39504,659.058,10,356,1,1,0
39510,659.159,10,356,1,1,0
39516,659.259,10,356,1,1,0
39522,659.359,10,356,1,1,0
39528,659.459,10,356,1,1,0
39534,659.559,10,356,1,1,0
39540,659.659,10,356,1,1,0
39546,659.759,10,356,1,1,0
39552,659.859,10,356,1,1,0
39558,659.959,10,356,1,1,0
39564,660.059,10,356,1,1,0
39570,660.159,10,356,1,1,0
39576,660.26,44,117,1,1,0
39582,660.36,24,256,1,1,1
39588,660.46,448,154,1,1,0
39594,660.56,486,189,1,1,1
39600,660.66,483,226,1,1,1
39606,660.76,478,222,1,1,1
39612,660.86,477,227,1,1,1
39618,660.96,477,328,1,1,0
39624,661.06,475,327,1,1,0
39630,661.16,473,325,1,1,0
39636,661.261,476,323,1,1,0
39642,661.361,476,318,1,1,0
39648,661.461,477,313,1,1,0
39654,661.561,477,310,1,1,0
39660,661.661,475,306,1,1,0
39666,661.761,474,302,1,1,0
39672,661.861,557,367,1,1,1
39678,661.961,556,361,1,1,1
39684,662.061,546,361,1,1,1
39690,662.162,542,356,1,1,1
39696,662.262,550,355,1,1,1
39702,662.362,421,394,1,1,1
39708,662.462,427,391,1,1,1
39714,662.562,429,390,1,1,1
39720,662.662,430,389,1,1,1
39726,662.762,416,408,1,1,1
39732,662.862,411,405,1,1,1
39738,662.962,404,415,1,1,1
39744,663.062,402,421,1,1,1
39750,663.163,397,426,1,1,1
39756,663.263,393,430,1,1,1
39762,663.363,389,435,1,1,1
39768,663.463,384,440,1,1,1
39774,663.563,380,445,1,1,1
39780,663.663,376,450,1,1,1
39786,663.763,149,444,1,1,1
39792,663.863,172,446,1,1,1
39798,663.963,296,429,1,1,1
39804,664.063,352,442,1,1,1
39810,664.163,400,436,1,1,1
39816,664.264,460,435,1,1,1
39822,664.364,519,435,1,1,1
39828,664.464,579,434,1,1,1
39834,664.564,639,433,1,1,1
39840,664.664,726,449,1,1,1
39846,664.764,722,449,1,1,1
39852,664.864,663,452,1,1,1
39858,664.964,662,450,1,1,1
39864,665.064,662,450,1,1,0
39870,665.164,454,408,1,1,0
39876,665.265,443,408,1,1,0
39882,665.365,432,408,1,1,0
39888,665.465,428,409,1,1,0
39894,665.565,420,408,1,1,0
39900,665.665,410,410,1,1,0
39906,665.765,400,411,1,1,0
39912,665.865,394,413,1,1,0
39918,665.965,390,416,1,1,0
39924,666.065,386,417,1,1,0
39930,666.166,385,417,1,1,0
39936,666.266,383,412,1,1,0
39942,666.366,382,411,1,1,0
39948,666.466,382,410,1,1,0
39954,666.566,383,413,1,1,0
39960,666.666,379,413,1,1,0
39966,666.766,378,414,1,1,0
39972,666.866,378,418,1,1,0
39978,666.966,377,417,1,1,0
39984,667.066,374,415,1,1,0
39990,667.167,372,415,1,1,0
39996,667.267,369,413,1,1,0
40002,667.367,364,413,1,1,0
40008,667.467,363,416,1,1,0
40014,667.567,359,418,1,1,0
40020,667.667,362,418,1,1,0
40026,667.767,365,421,1,1,0
40032,667.867,368,418,1,1,0
40038,667.967,374,418,1,1,0
40044,668.067,380,421,1,1,0
40050,668.168,383,422,1,1,0
40056,668.268,387,424,1,1,0
40062,668.368,392,421,1,1,0
40068,668.468,400,427,1,1,0
40074,668.568,407,429,1,1,0
40080,668.668,415,424,1,1,0
40086,668.768,419,446,1,1,0
40092,668.868,426,428,1,1,0
40098,668.968,430,430,1,1,0
40104,669.068,440,432,1,1,0
40110,669.168,450,435,1,1,0
40116,669.269,458,440,1,1,0
40122,669.369,463,440,1,1,0
40128,669.469,463,435,1,1,0
40134,669.569,458,431,1,1,0
40140,669.669,451,431,1,1,0
40146,669.769,442,431,1,1,0
40152,669.869,435,432,1,1,0
40158,669.969,427,432,1,1,0
40164,670.069,420,436,1,1,0
40170,670.169,414,438,1,1,0
40176,670.27,410,437,1,1,0
40182,670.37,407,437,1,1,0
40188,670.47,408,437,1,1,0
40194,670.57,409,437,1,1,0
40200,670.67,410,437,1,1,0
40206,670.77,410,438,1,1,0
40212,670.87,411,440,1,1,0
40218,670.97,411,443,1,1,0
40224,671.07,411,445,1,1,0
40230,671.171,411,446,1,1,0
40236,671.271,411,448,1,1,0
40242,671.371,411,451,1,1,0
40248,671.471,410,454,1,1,0
40254,671.571,409,457,1,1,0
40260,671.671,409,461,1,1,0
40266,671.771,408,463,1,1,0
40272,671.871,407,466,1,1,0
40278,671.971,406,466,1,1,0
40284,672.071,405,463,1,1,0
40290,672.172,404,460,1,1,0
40296,672.272,404,456,1,1,0
40302,672.372,403,452,1,1,0
40308,672.472,402,448,1,1,0
40314,672.572,403,446,1,1,0
40320,672.672,403,446,1,1,0
40326,672.772,404,447,1,1,0
40332,672.872,405,448,1,1,0
40338,672.972,409,448,1,1,0
40344,673.072,418,446,1,1,0
40350,673.173,427,445,1,1,0
40356,673.273,436,444,1,1,0
40362,673.373,445,444,1,1,0
40368,673.473,450,446,1,1,0
40374,673.573,456,448,1,1,0
40380,673.673,459,448,1,1,0
40386,673.773,462,449,1,1,0
40392,673.873,464,451,1,1,0
40398,673.973,466,452,1,1,0
40404,674.073,469,455,1,1,0
40410,674.173,470,455,1,1,0
40416,674.274,472,458,1,1,0
40422,674.374,475,459,1,1,0
40428,674.474,476,461,1,1,0
40434,674.574,479,462,1,1,0
40440,674.674,482,463,1,1,0
40446,674.774,484,464,1,1,0
40452,674.874,487,466,1,1,0
40458,674.974,490,466,1,1,0
40464,675.074,492,468,1,1,0
40470,675.174,494,469,1,1,0
40476,675.275,497,470,1,1,0
40482,675.375,500,471,1,1,0
40488,675.475,504,471,1,1,0
40494,675.575,508,471,1,1,0
40500,675.675,512,471,1,1,0
40506,675.775,516,471,1,1,0
40512,675.875,520,471,1,1,0
40518,675.975,522,471,1,1,0
40524,676.075,523,472,1,1,0
40530,676.176,524,472,1,1,0
40536,676.276,545,440,1,1,0
40542,676.376,541,440,1,1,0
40548,676.476,536,441,1,1,0
40554,676.576,533,441,1,1,0
40560,676.676,532,441,1,1,0
40566,676.776,532,441,1,1,0
40572,676.876,533,439,1,1,0
40578,676.976,535,438,1,1,0
40584,677.076,538,438,1,1,0
40590,677.177,542,438,1,1,0
40596,677.277,548,438,1,1,0
40602,677.377,554,438,1,1,0
40608,677.477,557,439,1,1,0
40614,677.577,557,438,1,1,0
40620,677.677,554,436,1,1,0
40626,677.777,550,435,1,1,0
40632,677.877,545,434,1,1,0
40638,677.977,539,433,1,1,0
40644,678.077,531,433,1,1,0
40650,678.178,524,435,1,1,0
40656,678.278,515,435,1,1,0
40662,678.378,510,435,1,1,0
40668,678.478,503,436,1,1,0
40674,678.578,497,438,1,1,0
40680,678.678,493,439,1,1,0
40686,678.778,489,440,1,1,0
40692,678.878,486,439,1,1,0
40698,678.978,482,438,1,1,0
40704,679.078,478,438,1,1,0
40710,679.178,473,438,1,1,0
40716,679.279,470,438,1,1,0
40722,679.379,467,439,1,1,0
40728,679.479,465,439,1,1,0
40734,679.579,464,439,1,1,0
40740,679.679,460,439,1,1,0
40746,679.779,456,439,1,1,0
40752,679.879,451,438,1,1,0
40758,679.979,446,438,1,1,0
40764,680.079,441,438,1,1,0
40770,680.179,441,438,1,1,0
40776,680.28,357,388,1,1,1
40782,680.38,369,381,1,1,1
40788,680.48,301,316,1,1,1
40794,680.58,313,311,1,1,1
40800,680.68,329,315,1,1,1
40806,680.78,117,378,1,1,0
40812,680.88,116,380,1,1,0
40818,680.98,117,382,1,1,0
40824,681.08,124,382,1,1,0
40830,681.181,130,382,1,1,0
40836,681.281,137,384,1,1,0
40842,681.381,145,386,1,1,0
40848,681.481,152,388,1,1,0
40854,681.581,157,391,1,1,0
40860,681.681,159,392,1,1,0
40866,681.781,159,394,1,1,0
40872,681.881,155,396,1,1,0
40878,681.981,152,397,1,1,0
40884,682.081,152,401,1,1,0
40890,682.182,152,406,1,1,0
40896,682.282,153,412,1,1,0
40902,682.382,154,419,1,1,0
40908,682.482,154,424,1,1,0
40914,682.582,153,428,1,1,0
40920,682.682,152,433,1,1,0
40926,682.782,153,438,1,1,0
40932,682.882,159,441,1,1,0
40938,682.982,175,447,1,1,0
40944,683.082,175,457,1,1,0
40950,683.183,175,463,1,1,0
40956,683.283,176,468,1,1,0
40962,683.383,187,478,1,1,0
40968,683.483,203,486,1,1,0
40974,683.583,232,478,1,1,0
40980,683.683,236,481,1,1,0
40986,683.783,239,488,1,1,0
40992,683.883,242,487,1,1,0
40998,683.983,255,456,1,1,0
41004,684.083,273,446,1,1,0
41010,684.183,283,439,1,1,0
41016,684.284,318,408,1,1,0
41022,684.384,337,389,1,1,0
41028,684.484,346,379,1,1,0
41034,684.584,352,368,1,1,0
41040,684.684,361,340,1,1,0
41046,684.784,378,306,1,1,0
41052,684.884,387,302,1,1,0
41058,684.984,389,284,1,1,0
41064,685.084,406,249,1,1,0
41070,685.184,407,240,1,1,0
41076,685.285,418,228,1,1,0
41082,685.385,427,211,1,1,0
41088,685.485,441,206,1,1,0
41094,685.585,453,201,1,1,0
41100,685.685,466,187,1,1,0
41106,685.785,480,183,1,1,0
41112,685.885,490,187,1,1,0
41118,685.985,497,187,1,1,0
41124,686.085,496,178,1,1,0
41130,686.186,499,161,1,1,0
41136,686.286,501,149,1,1,0
41142,686.386,501,144,1,1,0
41148,686.486,495,143,1,1,0
41154,686.586,496,140,1,1,0
41160,686.686,499,124,1,1,0
41166,686.786,498,120,1,1,0
41172,686.886,498,123,1,1,0
41178,686.986,500,126,1,1,0
41184,687.086,489,124,1,1,0
41190,687.187,487,117,1,1,0
41196,687.287,436,120,1,1,0
41202,687.387,429,125,1,1,0
41208,687.487,419,130,1,1,0
41214,687.587,394,106,1,1,0
41220,687.687,389,95,1,1,0
41226,687.787,386,95,1,1,0
41232,687.887,372,92,1,1,0
41238,687.987,363,94,1,1,0
41244,688.087,361,98,1,1,0
41250,688.188,355,95,1,1,0
41256,688.288,347,93,1,1,0
41262,688.388,331,93,1,1,0
41268,688.488,325,89,1,1,0
41274,688.588,316,96,1,1,0
41280,688.688,301,108,1,1,0
41286,688.788,285,114,1,1,0
41292,688.888,277,118,1,1,0
41298,688.988,271,116,1,1,0
41304,689.088,273,115,1,1,0
41310,689.188,275,114,1,1,0
41316,689.289,279,114,1,1,0
41322,689.389,282,108,1,1,0
41328,689.489,283,107,1,1,0
41334,689.589,283,115,1,1,0
41340,689.689,278,123,1,1,0
41346,689.789,268,133,1,1,0
41352,689.889,256,132,1,1,0
41358,689.989,248,133,1,1,0
41364,690.089,242,140,1,1,0
41370,690.19,225,153,1,1,0
41376,690.29,219,151,1,1,0
41382,690.39,206,151,1,1,0
41388,690.49,193,148,1,1,0
41394,690.59,181,143,1,1,0
41400,690.69,168,145,1,1,0
41406,690.79,159,143,1,1,0
41412,690.89,149,135,1,1,0
41418,690.99,149,132,1,1,0
41424,691.09,142,131,1,1,0
41430,691.191,120,136,1,1,0
41436,691.291,121,136,1,1,0
41442,691.391,134,136,1,1,0
41448,691.491,138,137,1,1,0
41454,691.591,145,137,1,1,0
41460,691.691,160,128,1,1,0
41466,691.791,179,126,1,1,0
41472,691.891,195,139,1,1,0
41478,691.991,217,147,1,1,0
41484,692.091,241,153,1,1,0
41490,692.192,263,166,1,1,0
41496,692.292,276,184,1,1,0
41502,692.392,295,199,1,1,0
41508,692.492,326,204,1,1,0
41514,692.592,348,219,1,1,0
41520,692.692,366,232,1,1,0
41526,692.792,389,234,1,1,0
41532,692.892,418,240,1,1,0
41538,692.992,437,240,1,1,0
41544,693.092,453,242,1,1,0
41550,693.192,468,233,1,1,0
41556,693.293,488,232,1,1,0
41562,693.393,504,238,1,1,0
41568,693.493,522,243,1,1,0
41574,693.593,530,242,1,1,0
41580,693.693,537,238,1,1,0
41586,693.793,545,239,1,1,0
41592,693.893,551,246,1,1,0
41598,693.993,557,247,1,1,0
41604,694.093,564,243,1,1,0
41610,694.193,573,239,1,1,0
41616,694.294,579,233,1,1,0
41622,694.394,586,230,1,1,0
41628,694.494,593,231,1,1,0
41634,694.594,600,233,1,1,0
41640,694.694,602,234,1,1,0
41646,694.794,614,219,1,1,0
41652,694.894,622,239,1,1,0
41658,694.994,624,249,1,1,0
41664,695.094,625,249,1,1,0
41670,695.195,623,267,1,1,0
41676,695.295,627,276,1,1,0
41682,695.395,622,280,1,1,0
41688,695.495,610,283,1,1,0
41694,695.595,605,292,1,1,0
41700,695.695,598,290,1,1,0
41706,695.795,598,290,1,1,0
41712,695.895,556,295,1,1,1
41718,695.995,571,273,1,1,1
41724,696.095,569,269,1,1,1
41730,696.196,380,182,1,1,0
41736,696.296,395,172,1,1,0
41742,696.396,409,168,1,1,0
41748,696.496,428,174,1,1,0
41754,696.596,440,188,1,1,0
41760,696.696,551,277,1,1,1
41766,696.796,567,287,1,1,1
41772,696.896,571,314,1,1,1
41778,696.996,577,326,1,1,1
41784,697.096,581,344,1,1,1
41790,697.197,585,357,1,1,1
41796,697.297,591,367,1,1,1
41802,697.397,548,436,1,1,1
41808,697.497,727,323,1,1,1
41814,697.597,571,394,1,1,0
41820,697.697,558,404,1,1,0
41826,697.797,631,311,1,1,1
41832,697.897,632,321,1,1,1
41838,697.997,617,292,1,1,1
41844,698.097,619,265,1,1,1
41850,698.197,621,239,1,1,1
41856,698.298,623,213,1,1,1
41862,698.398,625,189,1,1,1
41868,698.498,643,273,1,1,1
41874,698.598,643,183,1,1,1
41880,698.698,692,231,1,1,1
41886,698.798,694,369,1,1,1
41892,698.898,806,494,1,1,1
41898,698.998,923,507,1,1,1
41904,699.098,1044,520,1,1,1
41910,699.198,1169,532,1,1,1
41916,699.299,1297,546,1,1,1
41922,699.399,254,379,1,1,0
41928,699.499,255,369,1,1,0
41934,699.599,287,448,1,1,1
41940,699.699,991,191,1,1,0
41946,699.799,966,187,1,1,0
41952,699.899,969,196,1,1,0
41958,699.999,1015,188,1,1,0
41964,700.099,1007,177,1,1,0
41970,700.2,1013,202,1,1,0
41976,700.3,990,226,1,1,0
41982,700.4,977,228,1,1,0
41988,700.5,973,222,1,1,0
41994,700.6,971,216,1,1,0
42000,700.7,979,214,1,1,0
42006,700.8,962,226,1,1,0
42012,700.9,959,224,1,1,0
42018,701.0,953,225,1,1,0
42024,701.1,953,225,1,1,0
42030,701.201,953,225,1,1,0
42036,701.301,661,455,1,1,0
42042,701.401,655,454,1,1,0
42048,701.501,636,452,1,1,0
42054,701.601,620,459,1,1,0
42060,701.701,606,459,1,1,0
42066,701.801,612,442,1,1,0
42072,701.901,607,438,1,1,0
42078,702.001,598,441,1,1,0
42084,702.101,592,442,1,1,0
42090,702.202,583,436,1,1,0
42096,702.302,599,417,1,1,0
42102,702.402,595,429,1,1,0
42108,702.502,573,440,1,1,0
42114,702.602,557,457,1,1,0
42120,702.702,545,465,1,1,0
42126,702.802,529,472,1,1,0
42132,702.902,518,469,1,1,0
42138,703.002,504,474,1,1,0
42144,703.102,497,482,1,1,0
42150,703.202,483,478,1,1,0
42156,703.303,471,482,1,1,0
42162,703.403,461,482,1,1,0
42168,703.503,457,487,1,1,0
42174,703.603,453,487,1,1,0
42180,703.703,455,487,1,1,0
42186,703.803,458,485,1,1,0
42192,703.903,460,483,1,1,0
42198,704.003,465,480,1,1,0
42204,704.103,468,477,1,1,0
42210,704.203,475,476,1,1,0
42216,704.304,484,473,1,1,0
42222,704.404,495,469,1,1,0
42228,704.504,507,463,1,1,0
42234,704.604,517,458,1,1,0
42240,704.704,526,455,1,1,0
42246,704.804,541,454,1,1,0
42252,704.904,558,453,1,1,0
42258,705.004,570,451,1,1,0
42264,705.104,584,449,1,1,0
42270,705.205,597,447,1,1,0
42276,705.305,610,448,1,1,0
42282,705.405,662,456,1,1,0
42288,705.505,653,458,1,1,0
42294,705.605,639,460,1,1,0
42300,705.705,629,463,1,1,0
42306,705.805,617,465,1,1,0
42312,705.905,607,469,1,1,0
42318,706.005,596,474,1,1,0
42324,706.105,584,479,1,1,0
42330,706.206,570,484,1,1,0
42336,706.306,554,492,1,1,0
42342,706.406,537,500,1,1,0
42348,706.506,522,501,1,1,0
42354,706.606,509,501,1,1,0
42360,706.706,421,458,1,1,1
42366,706.806,416,458,1,1,1
42372,706.906,416,458,1,1,1
42378,707.006,555,437,1,1,0
42384,707.106,576,436,1,1,0
42390,707.207,604,435,1,1,0
42396,707.307,634,430,1,1,0
42402,707.407,666,424,1,1,0
42408,707.507,699,418,1,1,0
42414,707.607,733,412,1,1,0
42420,707.707,769,406,1,1,0
42426,707.807,804,399,1,1,0
42432,707.907,761,400,1,1,0
42438,708.007,635,466,1,1,1
42444,708.107,659,563,1,1,1
42450,708.207,681,650,1,1,1
42456,708.308,701,729,1,1,1
42462,708.408,718,801,1,1,1
42468,708.508,734,868,1,1,1
42474,708.608,356,281,1,1,0
42480,708.708,317,283,1,1,0
42486,708.808,278,289,1,1,0
42492,708.908,241,296,1,1,0
42498,709.008,212,299,1,1,0
42504,709.108,187,300,1,1,0
42510,709.208,59,353,1,1,1
42516,709.309,68,347,1,1,1
42522,709.409,47,343,1,1,1
42528,709.509,51,331,1,1,1
42534,709.609,81,331,1,1,1
42540,709.709,73,311,1,1,1
42546,709.809,93,295,1,1,1
42552,709.909,632,452,1,1,0
42558,710.009,673,450,1,1,0
42564,710.109,716,447,1,1,0
42570,710.21,763,444,1,1,0
42576,710.31,815,443,1,1,0
42582,710.41,868,444,1,1,0
42588,710.51,868,454,1,1,0
42594,710.61,863,451,1,1,0
42600,710.71,876,455,1,1,0
42606,710.81,859,457,1,1,0
42612,710.91,827,453,1,1,0
42618,711.01,876,461,1,1,0
42624,711.11,861,431,1,1,0
42630,711.211,849,447,1,1,0
42636,711.311,863,465,1,1,0
42642,711.411,887,475,1,1,0
42648,711.511,915,488,1,1,0
42654,711.611,972,473,1,1,0
42660,711.711,989,490,1,1,0
42666,711.811,970,490,1,1,0
42672,711.911,968,486,1,1,0
42678,712.011,1009,487,1,1,0
42684,712.111,1003,488,1,1,0
42690,712.212,1033,488,1,1,0
42696,712.312,1011,488,1,1,0
42702,712.412,1030,489,1,1,0
42708,712.512,1030,488,1,1,0
42714,712.612,1029,487,1,1,0
42720,712.712,1034,487,1,1,0
42726,712.812,1035,488,1,1,0
42732,712.912,1029,488,1,1,0
42738,713.012,1033,487,1,1,0
42744,713.112,1032,487,1,1,0
42750,713.212,1038,486,1,1,0
42756,713.313,1015,487,1,1,0
42762,713.413,1019,486,1,1,0
42768,713.513,1015,486,1,1,0
42774,713.613,1030,485,1,1,0
42780,713.713,1014,485,1,1,0
42786,713.813,1026,484,1,1,0
42792,713.913,1026,483,1,1,0
42798,714.013,1027,484,1,1,0
42804,714.113,1028,484,1,1,0
42810,714.214,1027,483,1,1,0
42816,714.314,1027,484,1,1,0
42822,714.414,1026,484,1,1,0
42828,714.514,1025,484,1,1,0
42834,714.614,1027,484,1,1,0
42840,714.714,1027,484,1,1,0
42846,714.814,1027,484,1,1,0
42852,714.914,1026,484,1,1,0
42858,715.014,1024,485,1,1,0
42864,715.114,1025,485,1,1,0
42870,715.215,1028,484,1,1,0
42876,715.315,1027,485,1,1,0
42882,715.415,1025,485,1,1,0
42888,715.515,1027,485,1,1,0
42894,715.615,1027,485,1,1,0
42900,715.715,1027,485,1,1,0
42906,715.815,1027,485,1,1,0
42912,715.915,1027,485,1,1,0
42918,716.015,1027,484,1,1,0
42924,716.115,1027,484,1,1,0
42930,716.216,1026,483,1,1,0
42936,716.316,1024,483,1,1,0
42942,716.416,1024,483,1,1,0
42948,716.516,1026,483,1,1,0
42954,716.616,1026,483,1,1,0
42960,716.716,1024,483,1,1,0
42966,716.816,1025,483,1,1,0
42972,716.916,1026,483,1,1,0
42978,717.016,1027,483,1,1,0
42984,717.116,1027,484,1,1,0
42990,717.216,1027,484,1,1,0
42996,717.317,1026,483,1,1,0
43002,717.417,1027,483,1,1,0
43008,717.517,1026,483,1,1,0
43014,717.617,1026,483,1,1,0
43020,717.717,1027,483,1,1,0
43026,717.817,1026,483,1,1,0
43032,717.917,1028,483,1,1,0
43038,718.017,1027,483,1,1,0
43044,718.117,1026,483,1,1,0
43050,718.217,1027,483,1,1,0
43056,718.318,1027,483,1,1,0
43062,718.418,1026,483,1,1,0
43068,718.518,1027,483,1,1,0
43074,718.618,1027,483,1,1,0
43080,718.718,1027,483,1,1,0
43086,718.818,1027,483,1,1,0
43092,718.918,1028,483,1,1,0
43098,719.018,1028,483,1,1,0
43104,719.118,1027,483,1,1,0
43110,719.219,1028,483,1,1,0
43116,719.319,1028,483,1,1,0
43122,719.419,1027,483,1,1,0
43128,719.519,1027,483,1,1,0
43134,719.619,1027,483,1,1,0
43140,719.719,1026,483,1,1,0
43146,719.819,1027,483,1,1,0
43152,719.919,1027,483,1,1,0
43158,720.019,1028,483,1,1,0
43164,720.119,1028,483,1,1,0
43170,720.22,1028,483,1,1,0
43176,720.32,1027,483,1,1,0
43182,720.42,1028,483,1,1,0
43188,720.52,1028,483,1,1,0
43194,720.62,1028,483,1,1,0
43200,720.72,1028,482,1,1,0
43206,720.82,1029,482,1,1,0
43212,720.92,1028,483,1,1,0
43218,721.02,1028,483,1,1,0
43224,721.12,1027,482,1,1,0
43230,721.221,1029,482,1,1,0
43236,721.321,1029,482,1,1,0
43242,721.421,1029,482,1,1,0
43248,721.521,1029,482,1,1,0
43254,721.621,1029,482,1,1,0
43260,721.721,1029,482,1,1,0
43266,721.821,1029,482,1,1,0
43272,721.921,1029,482,1,1,0
43278,722.021,1029,482,1,1,0
43284,722.121,1029,482,1,1,0
43290,722.221,1028,483,1,1,0
43296,722.322,1029,482,1,1,0
43302,722.422,1028,483,1,1,0
43308,722.522,1028,482,1,1,0
43314,722.622,1027,483,1,1,0
43320,722.722,1028,482,1,1,0
43326,722.822,1028,482,1,1,0
43332,722.922,1028,483,1,1,0
43338,723.022,1030,482,1,1,0
43344,723.122,1029,482,1,1,0
43350,723.222,1029,482,1,1,0
43356,723.323,1029,482,1,1,0
43362,723.423,1029,482,1,1,0
43368,723.523,1029,482,1,1,0
43374,723.623,1029,482,1,1,0
43560,726.726,1028,482,1,1,0
43566,726.826,1028,482,1,1,0
43572,726.926,1027,482,1,1,0
43578,727.026,1027,482,1,1,0
43584,727.126,1027,482,1,1,0
43590,727.226,1029,481,1,1,0
43596,727.327,1029,482,1,1,0
43602,727.427,1030,481,1,1,0
43608,727.527,1029,480,1,1,0
43614,727.627,1029,481,1,1,0
43620,727.727,1028,480,1,1,0
43626,727.827,1027,479,1,1,0
43632,727.927,1027,479,1,1,0
43638,728.027,1027,479,1,1,0
43644,728.127,1027,479,1,1,0
43650,728.227,1027,479,1,1,0
43656,728.328,1027,479,1,1,0
43662,728.428,871,76,1,1,0
43668,728.528,876,69,1,1,0
43674,728.628,883,69,1,1,0
43680,728.728,887,72,1,1,0
43686,728.828,888,71,1,1,0
43692,728.928,889,66,1,1,0
43698,729.028,888,65,1,1,0
43704,729.128,881,78,1,1,0
43710,729.229,873,86,1,1,0
43716,729.329,871,88,1,1,0
43722,729.429,883,79,1,1,0
43728,729.529,894,65,1,1,0
43734,729.629,899,57,1,1,0
43740,729.729,900,55,1,1,0
43746,729.829,894,55,1,1,0
43752,729.929,892,60,1,1,0
43758,730.029,893,58,1,1,0
43764,730.129,905,52,1,1,0
43770,730.23,927,51,1,1,0
43776,730.33,942,51,1,1,0
43782,730.43,956,49,1,1,0
43788,730.53,970,46,1,1,0
43794,730.63,976,46,1,1,0
43800,730.73,974,55,1,1,0
43806,730.83,963,64,1,1,0
43812,730.93,943,67,1,1,0
43818,731.03,922,75,1,1,0
43824,731.13,894,83,1,1,0
43830,731.231,864,91,1,1,0
43836,731.331,827,99,1,1,0
43842,731.431,800,107,1,1,0
43848,731.531,790,106,1,1,0
43854,731.631,783,101,1,1,0
43860,731.731,775,96,1,1,0
43866,731.831,769,97,1,1,0
43872,731.931,651,120,1,1,0
43878,732.031,644,123,1,1,0
43884,732.131,634,134,1,1,0
43890,732.231,630,144,1,1,0
43896,732.332,622,148,1,1,0
43902,732.432,618,157,1,1,0
43908,732.532,612,169,1,1,0
43914,732.632,609,179,1,1,0
43920,732.732,607,182,1,1,0
43926,732.832,606,180,1,1,0
43932,732.932,605,180,1,1,0
43938,733.032,614,179,1,1,0
43944,733.132,622,176,1,1,0
43950,733.232,630,175,1,1,0
43956,733.333,636,172,1,1,0
43962,733.433,645,166,1,1,0
43968,733.533,652,160,1,1,0
43974,733.633,659,156,1,1,0
43980,733.733,663,152,1,1,0
43986,733.833,664,147,1,1,0
43992,733.933,661,144,1,1,0
43998,734.033,664,138,1,1,0
44004,734.133,684,138,1,1,0
44010,734.234,709,130,1,1,0
44016,734.334,718,133,1,1,0
44022,734.434,715,130,1,1,0
44028,734.534,716,122,1,1,0
44034,734.634,707,140,1,1,0
44040,734.734,713,131,1,1,0
44046,734.834,738,122,1,1,0
44052,734.934,759,107,1,1,0
44058,735.034,793,102,1,1,0
44064,735.134,796,102,1,1,0
44070,735.235,787,102,1,1,0
44076,735.335,769,96,1,1,0
44082,735.435,808,85,1,1,0
44088,735.535,811,83,1,1,0
44094,735.635,808,81,1,1,0
44100,735.735,826,77,1,1,0
44106,735.835,849,84,1,1,0
44112,735.935,846,89,1,1,0
44118,736.035,842,94,1,1,0
44124,736.135,854,132,1,1,1
44130,736.236,866,148,1,1,1
44136,736.336,880,165,1,1,1
44142,736.436,893,182,1,1,1
44148,736.536,906,199,1,1,1
44154,736.636,919,216,1,1,1
44160,736.736,933,233,1,1,1
44166,736.836,947,251,1,1,1
44172,736.936,817,222,1,1,1
44178,737.036,664,431,1,1,1
44184,737.136,453,435,1,1,1
44280,738.738,420,435,1,1,1
44286,738.838,953,59,1,1,0
44292,738.938,568,99,1,1,1
44298,739.038,817,202,1,1,0
44304,739.138,818,203,1,1,0
44310,739.239,819,205,1,1,0
44316,739.339,825,211,1,1,0
44322,739.439,818,206,1,1,0
44328,739.539,835,242,1,1,0
44334,739.639,848,229,1,1,0
44340,739.739,843,218,1,1,0
44346,739.839,820,199,1,1,0
44352,739.939,855,219,1,1,0
44358,740.039,845,213,1,1,0
44364,740.139,846,231,1,1,0
44370,740.24,850,219,1,1,0
44376,740.34,827,250,1,1,0
44382,740.44,812,250,1,1,0
44388,740.54,771,235,1,1,0
44394,740.64,769,236,1,1,0
44400,740.74,772,240,1,1,0
44406,740.84,756,250,1,1,0
44412,740.94,785,283,1,1,0
44418,741.04,794,291,1,1,0
44424,741.14,801,234,1,1,0
44430,741.24,808,238,1,1,0
44436,741.341,808,237,1,1,0
44442,741.441,808,238,1,1,0
44448,741.541,808,241,1,1,0
44454,741.641,811,246,1,1,0
44460,741.741,814,255,1,1,0
44466,741.841,818,266,1,1,0
44472,741.941,824,277,1,1,0
44478,742.041,832,289,1,1,0
44484,742.141,840,298,1,1,0
44490,742.241,853,305,1,1,0
44496,742.342,864,313,1,1,0
44502,742.442,877,322,1,1,0
44508,742.542,889,328,1,1,0
44514,742.642,898,333,1,1,0
44520,742.742,905,337,1,1,0
44526,742.842,909,338,1,1,0
