frame,timestamp,ball_x2d,ball_y2d,detected,live
270,4.505,,,0,1
273,4.555,,,0,1
276,4.605,,,0,1
279,4.655,,,0,1
282,4.705,,,0,1
285,4.755,,,0,1
288,4.805,,,0,1
291,4.855,,,0,1
294,4.905,,,0,1
297,4.955,,,0,1
300,5.005,,,0,1
303,5.055,,,0,1
306,5.105,,,0,1
309,5.155,,,0,1
312,5.205,,,0,1
315,5.255,,,0,1
318,5.305,,,0,1
321,5.355,,,0,1
324,5.405,,,0,1
327,5.455,,,0,1
330,5.506,,,0,1
333,5.556,,,0,1
336,5.606,,,0,1
339,5.656,,,0,1
342,5.706,,,0,1
345,5.756,,,0,1
348,5.806,,,0,1
351,5.856,,,0,1
354,5.906,,,0,1
357,5.956,,,0,1
360,6.006,718,293,1,1
363,6.056,722,291,1,1
366,6.106,727,291,1,1
369,6.156,731,298,1,1
372,6.206,734,305,1,1
375,6.256,737,313,1,1
378,6.306,740,319,1,1
381,6.356,743,322,1,1
384,6.406,744,322,1,1
387,6.456,744,322,1,1
390,6.506,742,319,1,1
393,6.557,739,316,1,1
396,6.607,738,314,1,1
399,6.657,737,312,1,1
402,6.707,736,309,1,1
405,6.757,738,310,1,1
408,6.807,741,313,1,1
411,6.857,741,313,1,1
414,6.907,747,319,1,1
417,6.957,753,318,1,1
420,7.007,760,313,1,1
423,7.057,765,308,1,1
426,7.107,766,300,1,1
429,7.157,764,295,1,1
432,7.207,759,295,1,1
435,7.257,756,295,1,1
438,7.307,752,298,1,1
441,7.357,751,302,1,1
444,7.407,751,308,1,1
447,7.457,751,316,1,1
450,7.508,751,323,1,1
453,7.558,750,329,1,1
456,7.608,748,333,1,1
459,7.658,748,333,1,1
462,7.708,687,122,1,1
465,7.758,687,122,1,1
468,7.808,704,70,1,1
471,7.858,704,70,1,1
474,7.908,690,129,1,1
477,7.958,690,129,1,1
480,8.008,496,23,1,1
483,8.058,496,23,1,1
486,8.108,493,24,1,1
489,8.158,493,24,1,1
492,8.208,689,131,1,1
495,8.258,689,131,1,1
498,8.308,491,22,1,1
501,8.358,491,22,1,1
504,8.408,748,126,1,1
507,8.458,748,126,1,1
510,8.508,687,129,1,1
513,8.559,687,129,1,1
516,8.609,779,85,1,1
519,8.659,779,85,1,1
522,8.709,725,212,1,1
525,8.759,725,212,1,1
528,8.809,507,27,1,1
531,8.859,507,27,1,1
534,8.909,689,120,1,1
537,8.959,689,120,1,1
540,9.009,488,29,1,1
543,9.059,488,29,1,1
546,9.109,689,116,1,1
549,9.159,689,116,1,1
552,9.209,699,123,1,1
555,9.259,699,123,1,1
558,9.309,690,131,1,1
561,9.359,690,131,1,1
564,9.409,692,134,1,1
567,9.459,692,134,1,1
570,9.51,690,126,1,1
573,9.56,690,126,1,1
576,9.61,701,69,1,1
579,9.66,701,69,1,1
582,9.71,692,53,1,1
585,9.76,692,53,1,1
588,9.81,690,131,1,1
591,9.86,690,131,1,1
594,9.91,687,131,1,1
597,9.96,687,131,1,1
600,10.01,690,132,1,1
603,10.06,690,132,1,1
606,10.11,689,123,1,1
609,10.16,689,123,1,1
612,10.21,687,134,1,1
615,10.26,687,134,1,1
618,10.31,689,125,1,1
621,10.36,689,125,1,1
624,10.41,687,135,1,1
627,10.46,687,135,1,1
630,10.511,687,135,1,1
633,10.561,687,135,1,1
636,10.611,687,138,1,1
639,10.661,687,138,1,1
642,10.711,687,126,1,1
645,10.761,687,126,1,1
648,10.811,686,134,1,1
651,10.861,686,134,1,1
654,10.911,412,102,1,1
657,10.961,412,102,1,1
660,11.011,412,102,1,1
663,11.061,412,102,1,1
666,11.111,412,102,1,1
669,11.161,411,102,1,1
672,11.211,411,103,1,1
675,11.261,411,103,1,1
678,11.311,411,103,1,1
681,11.361,411,103,1,1
684,11.411,411,103,1,1
687,11.461,411,103,1,1
690,11.511,410,103,1,1
693,11.562,410,103,1,1
696,11.612,410,103,1,1
699,11.662,410,103,1,1
702,11.712,410,103,1,1
705,11.762,410,103,1,1
708,11.812,268,131,1,1
711,11.862,268,131,1,1
714,11.912,303,115,1,1
717,11.962,303,115,1,1
720,12.012,342,114,1,1
723,12.062,342,114,1,1
726,12.112,341,108,1,1
729,12.162,341,108,1,1
732,12.212,309,116,1,1
735,12.262,309,116,1,1
738,12.312,286,121,1,1
741,12.362,286,121,1,1
744,12.412,303,133,1,1
747,12.462,303,133,1,1
750,12.513,292,118,1,1
753,12.563,292,118,1,1
756,12.613,347,122,1,1
759,12.663,347,122,1,1
762,12.713,456,35,1,1
765,12.763,456,35,1,1
768,12.813,304,119,1,1
771,12.863,304,119,1,1
774,12.913,309,115,1,1
777,12.963,309,115,1,1
780,13.013,319,139,1,1
783,13.063,319,139,1,1
786,13.113,306,131,1,1
789,13.163,306,131,1,1
792,13.213,317,127,1,1
795,13.263,317,127,1,1
798,13.313,450,46,1,1
801,13.363,450,46,1,1
804,13.413,448,48,1,1
807,13.463,448,48,1,1
810,13.514,447,48,1,1
813,13.564,447,48,1,1
816,13.614,540,202,1,1
819,13.664,540,202,1,1
822,13.714,783,73,1,1
825,13.764,783,73,1,1
828,13.814,567,204,1,1
831,13.864,567,204,1,1
834,13.914,779,67,1,1
837,13.964,779,67,1,1
840,14.014,556,204,1,1
843,14.064,556,204,1,1
846,14.114,778,60,1,1
849,14.164,778,60,1,1
852,14.214,565,153,1,1
855,14.264,565,153,1,1
858,14.314,778,60,1,1
861,14.364,778,60,1,1
864,14.414,778,58,1,1
867,14.464,778,58,1,1
870,14.514,780,54,1,1
873,14.565,780,54,1,1
876,14.615,85,445,1,1
879,14.665,85,445,1,1
882,14.715,86,445,1,1
885,14.765,86,445,1,1
888,14.815,86,445,1,1
891,14.865,85,445,1,1
894,14.915,86,445,1,1
897,14.965,86,445,1,1
900,15.015,86,445,1,1
903,15.065,86,445,1,1
906,15.115,86,445,1,1
909,15.165,85,445,1,1
912,15.215,86,445,1,1
915,15.265,86,445,1,1
918,15.315,86,445,1,1
921,15.365,85,445,1,1
924,15.415,86,445,1,1
927,15.465,86,445,1,1
930,15.515,85,444,1,1
933,15.566,86,445,1,1
936,15.616,86,445,1,1
939,15.666,86,445,1,1
942,15.716,86,445,1,1
945,15.766,86,445,1,1
948,15.816,86,445,1,1
951,15.866,811,58,1,1
954,15.916,811,58,1,1
957,15.966,805,75,1,1
960,16.016,807,75,1,1
963,16.066,811,75,1,1
966,16.116,814,75,1,1
969,16.166,816,74,1,1
972,16.216,817,74,1,1
975,16.266,817,74,1,1
978,16.316,516,163,1,1
981,16.366,516,163,1,1
984,16.416,572,96,1,1
987,16.466,572,96,1,1
990,16.517,372,482,1,1
993,16.567,372,482,1,1
996,16.617,387,480,1,1
999,16.667,387,480,1,1
1002,16.717,386,477,1,1
1005,16.767,386,477,1,1
1008,16.817,811,58,1,1
1011,16.867,811,58,1,1
1014,16.917,372,479,1,1
1017,16.967,372,479,1,1
1020,17.017,481,163,1,1
1023,17.067,481,163,1,1
1026,17.117,539,163,1,1
1029,17.167,539,163,1,1
1032,17.217,543,166,1,1
1035,17.267,543,166,1,1
1038,17.317,519,84,1,1
1041,17.367,519,84,1,1
1044,17.417,541,217,1,1
1047,17.467,541,217,1,1
1050,17.518,520,174,1,1
1053,17.568,520,174,1,1
1056,17.618,535,94,1,1
1059,17.668,535,94,1,1
1062,17.718,416,482,1,1
1065,17.768,416,482,1,1
1068,17.818,563,178,1,1
1071,17.868,563,178,1,1
1074,17.918,566,180,1,1
1077,17.968,566,180,1,1
1080,18.018,444,224,1,1
1083,18.068,444,224,1,1
1086,18.118,459,209,1,1
1089,18.168,459,209,1,1
1092,18.218,540,168,1,1
1095,18.268,540,168,1,1
1098,18.318,586,143,1,1
1101,18.368,586,143,1,1
1104,18.418,472,213,1,1
1107,18.468,472,213,1,1
1110,18.518,492,157,1,1
1113,18.569,492,157,1,1
1116,18.619,484,240,1,1
1119,18.669,484,240,1,1
1122,18.719,508,218,1,1
1125,18.769,508,218,1,1
1128,18.819,511,218,1,1
1131,18.869,511,218,1,1
1134,18.919,505,204,1,1
1137,18.969,505,204,1,1
1140,19.019,272,510,1,1
1143,19.069,272,510,1,1
1146,19.119,503,161,1,1
1149,19.169,503,161,1,1
1152,19.219,230,482,1,1
1155,19.269,230,482,1,1
1158,19.319,534,224,1,1
1161,19.369,534,224,1,1
1164,19.419,318,488,1,1
1167,19.469,318,488,1,1
1710,28.529,420,326,1,1
1713,28.579,420,326,1,1
1716,28.629,946,327,1,1
1719,28.679,946,327,1,1
1722,28.729,1148,418,1,1
1725,28.779,1148,418,1,1
1728,28.829,473,345,1,1
1731,28.879,473,345,1,1
1734,28.929,413,302,1,1
1737,28.979,413,302,1,1
1740,29.029,173,297,1,1
1743,29.079,173,297,1,1
1746,29.129,853,328,1,1
1749,29.179,853,328,1,1
1752,29.229,160,496,1,1
1755,29.279,159,495,1,1
1758,29.329,156,493,1,1
1761,29.379,154,492,1,1
1764,29.429,149,488,1,1
1767,29.479,146,488,1,1
1770,29.53,145,485,1,1
1773,29.58,142,484,1,1
1776,29.63,140,482,1,1
1779,29.68,138,480,1,1
1782,29.73,137,479,1,1
1785,29.78,135,476,1,1
1788,29.83,134,475,1,1
1791,29.88,133,474,1,1
1794,29.93,133,474,1,1
1797,29.98,644,298,1,1
1980,33.033,644,298,1,1
1983,33.083,424,182,1,1
1986,33.133,424,182,1,1
1989,33.183,27,212,1,1
1992,33.233,27,212,1,1
1995,33.283,767,155,1,1
1998,33.333,767,155,1,1
2001,33.383,332,160,1,1
2004,33.433,332,160,1,1
2007,33.483,551,121,1,1
2010,33.534,551,121,1,1
2013,33.584,676,94,1,1
2016,33.634,676,94,1,1
2019,33.684,1279,152,1,1
2022,33.734,1279,152,1,1
2025,33.784,810,97,1,1
2028,33.834,810,97,1,1
2031,33.884,206,170,1,1
2034,33.934,206,170,1,1
2037,33.984,56,168,1,1
2040,34.034,56,168,1,1
2043,34.084,799,88,1,1
2046,34.134,799,88,1,1
2049,34.184,391,218,1,1
2052,34.234,391,218,1,1
2055,34.284,1674,99,1,1
2058,34.334,1674,99,1,1
2061,34.384,776,86,1,1
2064,34.434,776,86,1,1
2067,34.484,1243,194,1,1
2070,34.535,1243,194,1,1
2073,34.585,843,111,1,1
2076,34.635,843,111,1,1
2079,34.685,917,133,1,1
2082,34.735,917,133,1,1
2085,34.785,1298,122,1,1
2088,34.835,1298,122,1,1
2091,34.885,558,60,1,1
2094,34.935,558,60,1,1
2097,34.985,797,121,1,1
2100,35.035,797,121,1,1
2103,35.085,686,77,1,1
2106,35.135,686,77,1,1
2109,35.185,773,56,1,1
2112,35.235,773,56,1,1
2115,35.285,732,109,1,1
2118,35.335,732,109,1,1
2121,35.385,517,60,1,1
2124,35.435,517,60,1,1
2127,35.485,820,58,1,1
2130,35.535,820,58,1,1
2133,35.586,735,101,1,1
2136,35.636,735,101,1,1
2139,35.686,1044,134,1,1
2142,35.736,1044,134,1,1
2145,35.786,751,49,1,1
2148,35.836,751,49,1,1
2151,35.886,567,75,1,1
2154,35.936,567,75,1,1
2157,35.986,476,60,1,1
2160,36.036,476,60,1,1
2163,36.086,782,46,1,1
2166,36.136,782,46,1,1
2169,36.186,420,67,1,1
2172,36.236,420,67,1,1
2175,36.286,103,64,1,1
2178,36.336,103,64,1,1
2181,36.386,1298,126,1,1
2184,36.436,1298,126,1,1
2187,36.486,675,135,1,1
2190,36.537,675,135,1,1
2193,36.587,682,153,1,1
2196,36.637,680,153,1,1
2199,36.687,680,153,1,1
2202,36.737,679,153,1,1
2205,36.787,679,153,1,1
2208,36.837,762,331,1,1
2211,36.887,762,331,1,1
2214,36.937,954,332,1,1
2217,36.987,954,332,1,1
2220,37.037,717,421,1,1
2223,37.087,717,421,1,1
2226,37.137,747,400,1,1
2229,37.187,747,400,1,1
2232,37.237,752,414,1,1
2235,37.287,752,414,1,1
2238,37.337,899,373,1,1
2241,37.387,899,373,1,1
2244,37.437,740,371,1,1
2247,37.487,740,371,1,1
2700,45.045,203,333,1,1
2703,45.095,203,333,1,1
2706,45.145,199,411,1,1
2709,45.195,199,411,1,1
2712,45.245,460,400,1,1
2715,45.295,461,400,1,1
2718,45.345,461,400,1,1
2721,45.395,463,403,1,1
2724,45.445,465,403,1,1
2727,45.495,465,406,1,1
2730,45.546,465,406,1,1
2733,45.596,464,407,1,1
2736,45.646,464,406,1,1
2739,45.696,464,406,1,1
2742,45.746,532,342,1,1
2745,45.796,532,342,1,1
2748,45.846,466,407,1,1
2751,45.896,466,407,1,1
2754,45.946,460,405,1,1
2757,45.996,460,404,1,1
2760,46.046,460,404,1,1
2763,46.096,460,403,1,1
2766,46.146,460,403,1,1
2769,46.196,459,404,1,1
2772,46.246,457,405,1,1
2775,46.296,456,406,1,1
2778,46.346,456,407,1,1
2781,46.396,456,407,1,1
2784,46.446,456,408,1,1
2787,46.496,456,409,1,1
2970,49.55,456,409,1,1
2973,49.6,430,371,1,1
2976,49.65,430,371,1,1
2979,49.7,1206,107,1,1
2982,49.75,1206,107,1,1
2985,49.8,1081,398,1,1
2988,49.85,1074,393,1,1
2991,49.9,1072,387,1,1
2994,49.95,1069,382,1,1
2997,50.0,1069,382,1,1
3000,50.05,1067,371,1,1
3003,50.1,1067,365,1,1
3006,50.15,1067,357,1,1
3009,50.2,1067,349,1,1
3012,50.25,1068,342,1,1
3015,50.3,1071,335,1,1
3018,50.35,1073,329,1,1
3021,50.4,1076,320,1,1
3024,50.45,1082,310,1,1
3027,50.5,1088,298,1,1
3030,50.55,1097,283,1,1
3033,50.601,1097,283,1,1
3036,50.651,251,60,1,1
3039,50.701,251,60,1,1
3042,50.751,309,308,1,1
3045,50.801,309,308,1,1
3048,50.851,688,170,1,1
3051,50.901,688,170,1,1
3054,50.951,653,269,1,1
3057,51.001,653,269,1,1
3060,51.051,681,199,1,1
3063,51.101,681,199,1,1
3066,51.151,415,252,1,1
3069,51.201,415,252,1,1
3072,51.251,622,468,1,1
3075,51.301,622,468,1,1
3078,51.351,438,162,1,1
3081,51.401,438,162,1,1
3084,51.451,917,168,1,1
3087,51.501,917,168,1,1
3090,51.552,616,175,1,1
3093,51.602,616,175,1,1
3096,51.652,299,182,1,1
3099,51.702,299,182,1,1
3102,51.752,172,589,1,1
3105,51.802,176,588,1,1
3108,51.852,180,586,1,1
3111,51.902,,,0,1
3114,51.952,325,126,1,1
3117,52.002,325,126,1,1
3120,52.052,41,402,1,1
3123,52.102,41,402,1,1
3126,52.152,172,183,1,1
3129,52.202,172,183,1,1
3132,52.252,,,0,1
3135,52.302,,,0,1
3138,52.352,365,169,1,1
3141,52.402,365,169,1,1
3144,52.452,390,97,1,1
3147,52.502,390,97,1,1
3150,52.553,46,507,1,1
3153,52.603,46,507,1,1
3156,52.653,13,308,1,1
3159,52.703,13,308,1,1
3162,52.753,,,0,1
3165,52.803,,,0,1
3168,52.853,24,407,1,1
3171,52.903,24,407,1,1
3174,52.953,547,13,1,1
3177,53.003,547,13,1,1
3180,53.053,573,19,1,1
3183,53.103,573,19,1,1
3186,53.153,697,292,1,1
3189,53.203,697,292,1,1
3192,53.253,336,513,1,1
3195,53.303,336,513,1,1
3198,53.353,342,462,1,1
3201,53.403,342,462,1,1
3204,53.453,374,476,1,1
3207,53.503,374,476,1,1
3210,53.553,1071,253,1,1
3213,53.604,1071,253,1,1
3216,53.654,377,14,1,1
3219,53.704,377,14,1,1
3222,53.754,304,395,1,1
3225,53.804,304,395,1,1
3228,53.854,929,262,1,1
3231,53.904,929,262,1,1
3234,53.954,348,410,1,1
3237,54.004,348,410,1,1
3240,54.054,418,356,1,1
3243,54.104,418,356,1,1
3246,54.154,1093,261,1,1
3249,54.204,1093,261,1,1
3252,54.254,1131,258,1,1
3255,54.304,1131,258,1,1
3258,54.354,504,345,1,1
3261,54.404,504,345,1,1
3264,54.454,1210,258,1,1
3267,54.504,1210,258,1,1
3270,54.555,1217,256,1,1
3273,54.605,1217,256,1,1
3276,54.655,1210,255,1,1
3279,54.705,1210,255,1,1
3282,54.755,1200,255,1,1
3285,54.805,1200,255,1,1
3288,54.855,1181,254,1,1
3291,54.905,1181,254,1,1
3294,54.955,56,268,1,1
3297,55.005,56,268,1,1
3300,55.055,41,168,1,1
3303,55.105,41,168,1,1
3306,55.155,1066,253,1,1
3309,55.205,1066,253,1,1
3312,55.255,1032,254,1,1
3315,55.305,1032,254,1,1
3318,55.355,634,421,1,1
3321,55.405,634,421,1,1
3324,55.455,984,256,1,1
3327,55.505,984,256,1,1
3330,55.556,938,254,1,1
3333,55.606,938,254,1,1
3336,55.656,909,259,1,1
3339,55.706,909,259,1,1
3342,55.756,1008,373,1,1
3345,55.806,1008,373,1,1
3348,55.856,777,428,1,1
3351,55.906,777,428,1,1
3354,55.956,695,104,1,1
3357,56.006,695,104,1,1
3360,56.056,667,128,1,1
3363,56.106,667,128,1,1
3366,56.156,864,277,1,1
3369,56.206,864,277,1,1
3372,56.256,788,358,1,1
3375,56.306,788,358,1,1
3378,56.356,426,323,1,1
3381,56.406,426,323,1,1
3384,56.456,632,512,1,1
3387,56.506,632,512,1,1
3390,56.556,729,140,1,1
3393,56.607,729,140,1,1
3396,56.657,713,145,1,1
3399,56.707,713,145,1,1
3402,56.757,693,148,1,1
3405,56.807,693,148,1,1
3408,56.857,786,102,1,1
3411,56.907,786,102,1,1
3414,56.957,765,108,1,1
3417,57.007,747,109,1,1
3780,63.063,747,109,1,1
3783,63.113,,,0,1
3786,63.163,,,0,1
3789,63.213,,,0,1
3792,63.263,,,0,1
3795,63.313,544,521,1,1
3798,63.363,542,508,1,1
3801,63.413,460,369,1,1
3804,63.463,460,369,1,1
3807,63.513,1011,62,1,1
3810,63.563,1011,62,1,1
3813,63.614,830,161,1,1
3816,63.664,830,161,1,1
3819,63.714,828,147,1,1
3822,63.764,828,147,1,1
3825,63.814,815,133,1,1
3828,63.864,815,133,1,1
3831,63.914,100,155,1,1
3834,63.964,108,146,1,1
3837,64.014,116,138,1,1
3840,64.064,121,128,1,1
3843,64.114,126,120,1,1
3846,64.164,126,120,1,1
3849,64.214,132,99,1,1
3852,64.264,134,89,1,1
3855,64.314,134,89,1,1
3858,64.364,133,64,1,1
3861,64.414,133,64,1,1
3864,64.464,280,446,1,1
3867,64.514,280,446,1,1
3870,64.564,269,424,1,1
3873,64.615,269,424,1,1
3876,64.665,441,319,1,1
3879,64.715,442,309,1,1
3882,64.765,838,102,1,1
3885,64.815,852,93,1,1
3888,64.865,870,88,1,1
3891,64.915,892,86,1,1
3894,64.965,906,89,1,1
3897,65.015,906,89,1,1
3900,65.065,,,0,1
3903,65.115,,,0,1
3906,65.165,,,0,1
3909,65.215,,,0,1
3912,65.265,,,0,1
3915,65.315,,,0,1
3918,65.365,749,505,1,1
3921,65.415,731,506,1,1
3924,65.465,726,505,1,1
3927,65.515,729,506,1,1
3930,65.566,717,506,1,1
3933,65.616,708,507,1,1
3936,65.666,713,507,1,1
3939,65.716,731,506,1,1
3942,65.766,,,0,1
3945,65.816,,,0,1
3948,65.866,682,510,1,1
3951,65.916,,,0,1
3954,65.966,,,0,1
3957,66.016,,,0,1
4050,67.567,815,61,1,1
4053,67.618,815,61,1,1
4056,67.668,,,0,1
4059,67.718,,,0,1
4062,67.768,,,0,1
4065,67.818,887,20,1,1
4068,67.868,887,20,1,1
4071,67.918,953,23,1,1
4074,67.968,953,23,1,1
4077,68.018,984,489,1,1
4080,68.068,966,490,1,1
4083,68.118,980,491,1,1
4086,68.168,1019,489,1,1
4089,68.218,1034,488,1,1
4092,68.268,694,508,1,1
4095,68.318,726,506,1,1
4098,68.368,760,505,1,1
4101,68.418,796,22,1,1
4104,68.468,796,22,1,1
4107,68.518,,,0,1
4110,68.569,,,0,1
4113,68.619,,,0,1
4116,68.669,,,0,1
4119,68.719,,,0,1
4122,68.769,,,0,1
4125,68.819,,,0,1
4128,68.869,,,0,1
4131,68.919,,,0,1
4134,68.969,,,0,1
4137,69.019,,,0,1
4140,69.069,,,0,1
4143,69.119,813,501,1,1
4146,69.169,785,505,1,1
4149,69.219,,,0,1
4152,69.269,,,0,1
4155,69.319,,,0,1
4158,69.369,,,0,1
4161,69.419,,,0,1
4164,69.469,,,0,1
4167,69.519,,,0,1
4170,69.57,,,0,1
4173,69.62,,,0,1
4176,69.67,803,2,1,1
4179,69.72,803,2,1,1
4182,69.77,334,217,1,1
4185,69.82,334,217,1,1
4188,69.87,302,101,1,1
4191,69.92,302,101,1,1
4194,69.97,269,160,1,1
4197,70.02,269,160,1,1
4200,70.07,839,367,1,1
4203,70.12,839,364,1,1
4206,70.17,838,357,1,1
4209,70.22,828,358,1,1
4212,70.27,829,354,1,1
4215,70.32,820,357,1,1
4218,70.37,820,354,1,1
4221,70.42,811,355,1,1
4224,70.47,812,350,1,1
4227,70.52,800,355,1,1
4590,76.576,800,355,1,1
4593,76.627,239,183,1,1
4596,76.677,239,183,1,1
4599,76.727,,,0,1
4602,76.777,,,0,1
4605,76.827,,,0,1
4608,76.877,,,0,1
4611,76.927,,,0,1
4614,76.977,,,0,1
4617,77.027,615,128,1,1
4620,77.077,615,128,1,1
4623,77.127,651,507,1,1
4626,77.177,662,510,1,1
4629,77.227,730,306,1,1
4632,77.277,720,312,1,1
4635,77.327,715,293,1,1
4638,77.377,708,273,1,1
4641,77.427,701,252,1,1
4644,77.477,801,502,1,1
4647,77.527,844,500,1,1
4650,77.578,681,191,1,1
4653,77.628,744,304,1,1
4656,77.678,956,494,1,1
4659,77.728,987,493,1,1
4662,77.778,1011,491,1,1
4665,77.828,1034,488,1,1
4668,77.878,,,0,1
4671,77.928,1030,490,1,1
4674,77.978,1030,490,1,1
4677,78.028,1028,489,1,1
4680,78.078,1036,488,1,1
4683,78.128,,,0,1
4686,78.178,,,0,1
4689,78.228,,,0,1
4692,78.278,,,0,1
4695,78.328,,,0,1
4698,78.378,,,0,1
4701,78.428,,,0,1
4704,78.478,,,0,1
4707,78.528,,,0,1
4710,78.579,,,0,1
4713,78.629,,,0,1
4716,78.679,,,0,1
4719,78.729,,,0,1
4722,78.779,,,0,1
4725,78.829,,,0,1
4728,78.879,,,0,1
4731,78.929,,,0,1
4734,78.979,,,0,1
4737,79.029,,,0,1
4740,79.079,,,0,1
4743,79.129,,,0,1
4746,79.179,,,0,1
4749,79.229,,,0,1
4752,79.279,,,0,1
4755,79.329,,,0,1
4758,79.379,,,0,1
4761,79.429,,,0,1
4764,79.479,,,0,1
4767,79.529,,,0,1
4770,79.579,,,0,1
4773,79.63,,,0,1
4776,79.68,,,0,1
4779,79.73,,,0,1
4782,79.78,,,0,1
4785,79.83,,,0,1
4788,79.88,,,0,1
4791,79.93,,,0,1
4794,79.98,706,322,1,1
4797,80.03,693,324,1,1
4800,80.08,680,331,1,1
4803,80.13,670,333,1,1
4806,80.18,648,336,1,1
4809,80.23,627,339,1,1
4812,80.28,626,338,1,1
4815,80.33,630,340,1,1
4818,80.38,617,340,1,1
4821,80.43,612,338,1,1
4824,80.48,616,334,1,1
4827,80.53,623,334,1,1
4830,80.581,611,334,1,1
4833,80.631,607,337,1,1
4836,80.681,595,348,1,1
4839,80.731,581,348,1,1
4842,80.781,581,341,1,1
4845,80.831,526,355,1,1
4848,80.881,515,356,1,1
4851,80.931,488,365,1,1
4854,80.981,488,365,1,1
4857,81.031,469,379,1,1
4860,81.081,458,386,1,1
4863,81.131,452,383,1,1
4866,81.181,451,385,1,1
4869,81.231,440,383,1,1
4872,81.281,432,378,1,1
4875,81.331,457,382,1,1
4878,81.381,455,384,1,1
4881,81.431,441,378,1,1
4884,81.481,445,345,1,1
4887,81.531,446,342,1,1
4890,81.582,451,344,1,1
4893,81.632,494,340,1,1
4896,81.682,491,341,1,1
4899,81.732,490,341,1,1
4902,81.782,483,340,1,1
4905,81.832,483,332,1,1
4908,81.882,483,330,1,1
4911,81.932,479,332,1,1
4914,81.982,481,331,1,1
4917,82.032,481,331,1,1
4920,82.082,481,328,1,1
4923,82.132,483,331,1,1
4926,82.182,491,336,1,1
4929,82.232,473,350,1,1
4932,82.282,470,356,1,1
4935,82.332,473,358,1,1
4938,82.382,475,358,1,1
4941,82.432,504,381,1,1
4944,82.482,508,382,1,1
4947,82.532,513,381,1,1
5310,88.588,640,455,1,1
5313,88.639,640,455,1,1
5316,88.689,152,539,1,1
5319,88.739,168,540,1,1
5322,88.789,178,538,1,1
5325,88.839,178,535,1,1
5328,88.889,881,345,1,1
5331,88.939,864,358,1,1
5334,88.989,840,383,1,1
5337,89.039,812,401,1,1
5340,89.089,787,399,1,1
5343,89.139,763,383,1,1
5346,89.189,741,363,1,1
5349,89.239,718,340,1,1
5352,89.289,690,323,1,1
5355,89.339,657,315,1,1
5358,89.389,624,318,1,1
5361,89.439,592,325,1,1
5364,89.489,560,332,1,1
5367,89.539,533,331,1,1
5370,89.59,512,327,1,1
5373,89.64,494,323,1,1
5376,89.69,471,319,1,1
5379,89.74,440,315,1,1
5382,89.79,414,312,1,1
5385,89.84,414,312,1,1
5388,89.89,215,415,1,1
5391,89.94,245,423,1,1
5394,89.99,276,414,1,1
5397,90.04,293,394,1,1
5400,90.09,476,522,1,1
5403,90.14,460,521,1,1
5406,90.19,44,542,1,1
5409,90.24,51,544,1,1
5412,90.29,8,69,1,1
5415,90.34,567,103,1,1
5418,90.39,563,97,1,1
5421,90.44,563,99,1,1
5424,90.49,563,106,1,1
5427,90.54,567,115,1,1
5430,90.591,568,118,1,1
5433,90.641,170,495,1,1
5436,90.691,348,525,1,1
5439,90.741,387,524,1,1
5442,90.791,400,144,1,1
5445,90.841,207,532,1,1
5448,90.891,234,532,1,1
5451,90.941,262,534,1,1
5454,90.991,267,526,1,1
5457,91.041,301,526,1,1
5460,91.091,329,526,1,1
5463,91.141,331,521,1,1
5466,91.191,744,507,1,1
5469,91.241,743,511,1,1
5472,91.291,,,0,1
5475,91.341,,,0,1
5478,91.391,1242,133,1,1
5481,91.441,1242,133,1,1
5484,91.491,1171,198,1,1
5487,91.541,1171,198,1,1
5490,91.591,736,473,1,1
5493,91.642,783,502,1,1
5496,91.692,786,500,1,1
5499,91.742,656,334,1,1
5502,91.792,1354,0,1,1
5505,91.842,1354,0,1,1
5508,91.892,753,501,1,1
5511,91.942,,,0,1
5514,91.992,1317,51,1,1
5517,92.042,1317,51,1,1
5520,92.092,818,504,1,1
5523,92.142,825,501,1,1
5526,92.192,835,502,1,1
5529,92.242,849,501,1,1
5532,92.292,870,500,1,1
5535,92.342,877,498,1,1
5538,92.392,888,497,1,1
5541,92.442,889,498,1,1
5544,92.492,900,498,1,1
5547,92.542,916,495,1,1
5550,92.593,934,495,1,1
5553,92.643,955,497,1,1
5556,92.693,,,0,1
5559,92.743,1036,463,1,1
5562,92.793,998,491,1,1
5565,92.843,1025,487,1,1
5568,92.893,1016,489,1,1
5571,92.943,,,0,1
5574,92.993,,,0,1
5577,93.043,,,0,1
5580,93.093,878,491,1,1
5583,93.143,862,492,1,1
5586,93.193,836,493,1,1
5589,93.243,,,0,1
5592,93.293,999,490,1,1
5595,93.343,954,492,1,1
5598,93.393,931,493,1,1
5601,93.443,872,497,1,1
5604,93.493,830,501,1,1
5607,93.543,794,502,1,1
5610,93.594,766,505,1,1
5613,93.644,757,505,1,1
5616,93.694,732,508,1,1
5619,93.744,692,508,1,1
5622,93.794,668,509,1,1
5625,93.844,641,512,1,1
5628,93.894,607,512,1,1
5631,93.944,577,513,1,1
5634,93.994,538,516,1,1
5637,94.044,504,519,1,1
5640,94.094,470,522,1,1
5643,94.144,436,524,1,1
5646,94.194,,,0,1
5649,94.244,,,0,1
5652,94.294,978,492,1,1
5655,94.344,,,0,1
5658,94.394,,,0,1
5661,94.444,,,0,1
5664,94.494,,,0,1
5667,94.544,,,0,1
5670,94.594,,,0,1
5673,94.645,76,4,1,1
5676,94.695,76,4,1,1
5679,94.745,1352,260,1,1
5682,94.795,1352,260,1,1
5685,94.845,45,548,1,1
5688,94.895,31,548,1,1
5691,94.945,16,550,1,1
5694,94.995,,,0,1
5697,95.045,512,519,1,1
5700,95.095,488,521,1,1
5703,95.145,464,522,1,1
5706,95.195,439,523,1,1
5709,95.245,412,526,1,1
5712,95.295,387,527,1,1
5715,95.345,367,529,1,1
5718,95.395,350,529,1,1
5721,95.445,787,329,1,1
5724,95.495,787,329,1,1
5727,95.545,,,0,1
5730,95.596,,,0,1
5733,95.646,1885,137,1,1
5736,95.696,1885,137,1,1
5739,95.746,895,393,1,1
5742,95.796,895,393,1,1
5745,95.846,549,339,1,1
5748,95.896,526,341,1,1
5751,95.946,503,345,1,1
5754,95.996,503,345,1,1
5757,96.046,601,511,1,1
5760,96.096,579,509,1,1
5763,96.146,357,133,1,1
5766,96.196,357,133,1,1
5769,96.246,373,170,1,1
5772,96.296,373,170,1,1
5775,96.346,368,229,1,1
5778,96.396,368,229,1,1
5781,96.446,383,259,1,1
5784,96.496,383,259,1,1
5787,96.546,426,265,1,1
5790,96.597,426,265,1,1
5793,96.647,510,157,1,1
5796,96.697,545,121,1,1
5799,96.747,545,121,1,1
5802,96.797,596,48,1,1
5805,96.847,596,48,1,1
5808,96.897,587,56,1,1
5811,96.947,587,56,1,1
5814,96.997,609,20,1,1
5817,97.047,609,20,1,1
5820,97.097,1332,203,1,1
5823,97.147,1372,205,1,1
5826,97.197,1391,204,1,1
5829,97.247,1441,197,1,1
5832,97.297,1452,191,1,1
5835,97.347,1490,185,1,1
5838,97.397,1517,180,1,1
5841,97.447,1517,180,1,1
5844,97.497,805,171,1,1
5847,97.547,816,192,1,1
6030,100.6,816,192,1,1
6033,100.651,241,222,1,1
6036,100.701,241,222,1,1
6039,100.751,226,161,1,1
6042,100.801,226,161,1,1
6045,100.851,186,94,1,1
6048,100.901,186,94,1,1
6051,100.951,144,44,1,1
6054,101.001,144,44,1,1
6057,101.051,201,537,1,1
6060,101.101,199,537,1,1
6063,101.151,813,84,1,1
6066,101.201,840,35,1,1
6069,101.251,862,8,1,1
6072,101.301,871,17,1,1
6075,101.351,870,50,1,1
6078,101.401,862,103,1,1
6081,101.451,845,148,1,1
6084,101.501,826,153,1,1
6087,101.551,803,135,1,1
6090,101.602,786,110,1,1
6093,101.652,786,100,1,1
6096,101.702,783,115,1,1
6099,101.752,786,154,1,1
6102,101.802,788,203,1,1
6105,101.852,794,251,1,1
6108,101.902,817,261,1,1
6111,101.952,846,243,1,1
6114,102.002,886,208,1,1
6117,102.052,919,182,1,1
6120,102.102,957,177,1,1
6123,102.152,957,177,1,1
6126,102.202,976,249,1,1
6129,102.252,962,301,1,1
6132,102.302,953,328,1,1
6135,102.352,951,316,1,1
6138,102.402,1006,232,1,1
6141,102.452,1090,199,1,1
6144,102.502,1090,199,1,1
6147,102.552,380,285,1,1
6150,102.603,419,288,1,1
6153,102.653,456,291,1,1
6156,102.703,264,270,1,1
6159,102.753,,,0,1
6162,102.803,,,0,1
6165,102.853,,,0,1
6168,102.903,,,0,1
6171,102.953,1032,472,1,1
6174,103.003,945,429,1,1
6177,103.053,931,499,1,1
6180,103.103,981,494,1,1
6183,103.153,1035,489,1,1
6186,103.203,1020,480,1,1
6189,103.253,784,420,1,1
6192,103.303,808,412,1,1
6195,103.353,,,0,1
6198,103.403,,,0,1
6201,103.453,,,0,1
6204,103.503,,,0,1
6207,103.553,1023,14,1,1
6210,103.603,1023,14,1,1
6213,103.654,37,537,1,1
6216,103.704,43,527,1,1
6219,103.754,1802,119,1,1
6222,103.804,1802,119,1,1
6225,103.854,58,524,1,1
6228,103.904,31,502,1,1
6231,103.954,624,217,1,1
6234,104.004,624,217,1,1
6237,104.054,655,221,1,1
6240,104.104,655,221,1,1
6243,104.154,694,228,1,1
6246,104.204,694,228,1,1
6249,104.254,698,213,1,1
6252,104.304,698,213,1,1
6255,104.354,172,1,1,1
6258,104.404,172,1,1,1
6261,104.454,780,229,1,1
6264,104.504,780,229,1,1
6267,104.554,353,511,1,1
6270,104.605,354,527,1,1
6273,104.655,544,372,1,1
6276,104.705,544,372,1,1
6279,104.755,832,218,1,1
6282,104.805,835,219,1,1
6285,104.855,835,219,1,1
6288,104.905,653,191,1,1
6291,104.955,653,191,1,1
6294,105.005,833,256,1,1
6297,105.055,833,256,1,1
6300,105.105,3,453,1,1
6303,105.155,21,497,1,1
6306,105.205,115,386,1,1
6309,105.255,118,388,1,1
6312,105.305,30,496,1,1
6315,105.355,35,500,1,1
6318,105.405,255,133,1,1
6321,105.455,259,132,1,1
6324,105.505,267,130,1,1
6327,105.555,274,124,1,1
6330,105.606,283,121,1,1
6333,105.656,295,122,1,1
6336,105.706,309,129,1,1
6339,105.756,321,135,1,1
6342,105.806,329,142,1,1
6345,105.856,330,146,1,1
6348,105.906,330,146,1,1
6351,105.956,329,144,1,1
6354,106.006,327,142,1,1
6357,106.056,320,138,1,1
6360,106.106,310,136,1,1
6363,106.156,302,137,1,1
6366,106.206,301,139,1,1
6369,106.256,301,141,1,1
6372,106.306,306,146,1,1
6375,106.356,309,149,1,1
6378,106.406,309,149,1,1
6381,106.456,319,149,1,1
6384,106.506,323,147,1,1
6387,106.556,332,146,1,1
6390,106.606,335,143,1,1
6393,106.657,337,143,1,1
6396,106.707,337,143,1,1
6399,106.757,330,141,1,1
6402,106.807,327,142,1,1
6405,106.857,322,142,1,1
6408,106.907,318,145,1,1
6411,106.957,319,150,1,1
6414,107.007,321,155,1,1
6417,107.057,320,155,1,1
6420,107.107,320,155,1,1
6423,107.157,312,149,1,1
6426,107.207,306,145,1,1
6429,107.257,303,145,1,1
6432,107.307,301,147,1,1
6435,107.357,298,148,1,1
6438,107.407,297,146,1,1
6441,107.457,297,146,1,1
6444,107.507,285,139,1,1
6447,107.557,275,133,1,1
6450,107.608,268,127,1,1
6453,107.658,260,125,1,1
6456,107.708,257,127,1,1
6459,107.758,258,132,1,1
6462,107.808,258,136,1,1
6465,107.858,260,141,1,1
6468,107.908,262,145,1,1
6471,107.958,261,147,1,1
6474,108.008,260,147,1,1
6477,108.058,263,147,1,1
6480,108.108,264,145,1,1
6483,108.158,266,144,1,1
6486,108.208,268,143,1,1
6489,108.258,273,142,1,1
6492,108.308,277,139,1,1
6495,108.358,283,135,1,1
6498,108.408,289,130,1,1
6501,108.458,295,129,1,1
6504,108.508,295,129,1,1
6507,108.558,310,126,1,1
6510,108.609,315,126,1,1
6513,108.659,321,129,1,1
6516,108.709,323,134,1,1
6519,108.759,326,136,1,1
6522,108.809,329,137,1,1
6525,108.859,343,141,1,1
6528,108.909,342,133,1,1
6531,108.959,340,129,1,1
6534,109.009,340,128,1,1
6537,109.059,341,129,1,1
6540,109.109,341,129,1,1
6543,109.159,340,128,1,1
6546,109.209,340,129,1,1
6549,109.259,340,128,1,1
6552,109.309,341,128,1,1
6555,109.359,341,129,1,1
6558,109.409,340,129,1,1
6561,109.459,340,129,1,1
6564,109.509,340,128,1,1
6567,109.559,340,128,1,1
6570,109.609,341,129,1,1
6573,109.66,341,128,1,1
6576,109.71,340,129,1,1
6579,109.76,340,128,1,1
6582,109.81,341,128,1,1
6585,109.86,341,129,1,1
6588,109.91,340,129,1,1
6591,109.96,340,129,1,1
6594,110.01,341,128,1,1
6597,110.06,341,129,1,1
6600,110.11,340,129,1,1
6603,110.16,341,129,1,1
6606,110.21,341,128,1,1
6609,110.26,340,129,1,1
6612,110.31,341,129,1,1
6615,110.36,341,129,1,1
6618,110.41,340,129,1,1
6621,110.46,341,128,1,1
6624,110.51,341,129,1,1
6627,110.56,340,128,1,1
6630,110.611,340,128,1,1
6633,110.661,340,129,1,1
6636,110.711,341,128,1,1
6639,110.761,341,129,1,1
6642,110.811,340,129,1,1
6645,110.861,341,129,1,1
6648,110.911,340,129,1,1
6651,110.961,341,128,1,1
6654,111.011,340,129,1,1
6657,111.061,341,129,1,1
6660,111.111,341,128,1,1
6663,111.161,341,129,1,1
6666,111.211,341,129,1,1
6669,111.261,341,129,1,1
6672,111.311,341,129,1,1
6675,111.361,341,129,1,1
6678,111.411,341,128,1,1
6681,111.461,340,129,1,1
6684,111.511,401,239,1,1
6687,111.561,401,239,1,1
6690,111.612,401,238,1,1
6693,111.662,401,238,1,1
6696,111.712,401,239,1,1
6699,111.762,401,239,1,1
6702,111.812,399,239,1,1
6705,111.862,401,239,1,1
6708,111.912,399,239,1,1
6711,111.962,401,239,1,1
6714,112.012,401,239,1,1
6717,112.062,401,239,1,1
6720,112.112,401,239,1,1
6723,112.162,399,239,1,1
6726,112.212,401,239,1,1
6729,112.262,401,239,1,1
6732,112.312,401,239,1,1
6735,112.362,401,239,1,1
6738,112.412,401,239,1,1
6741,112.462,401,239,1,1
6744,112.512,401,239,1,1
6747,112.562,399,239,1,1
6750,112.612,401,239,1,1
6753,112.663,401,239,1,1
6756,112.713,401,239,1,1
6759,112.763,401,239,1,1
6762,112.813,401,239,1,1
6765,112.863,401,239,1,1
6768,112.913,401,239,1,1
6771,112.963,401,239,1,1
6774,113.013,401,239,1,1
6777,113.063,401,239,1,1
6780,113.113,401,239,1,1
6783,113.163,401,239,1,1
6786,113.213,401,239,1,1
6789,113.263,401,239,1,1
6792,113.313,401,239,1,1
6795,113.363,401,239,1,1
6798,113.413,401,239,1,1
6801,113.463,401,239,1,1
6804,113.513,401,239,1,1
6807,113.563,401,239,1,1
6810,113.614,401,239,1,1
6813,113.664,401,239,1,1
6816,113.714,401,239,1,1
6819,113.764,401,239,1,1
6822,113.814,401,239,1,1
6825,113.864,401,239,1,1
6828,113.914,401,239,1,1
6831,113.964,401,239,1,1
6834,114.014,401,239,1,1
6837,114.064,401,239,1,1
6840,114.114,401,239,1,1
6843,114.164,401,239,1,1
6846,114.214,401,239,1,1
6849,114.264,401,239,1,1
6852,114.314,401,239,1,1
6855,114.364,401,239,1,1
6858,114.414,401,239,1,1
6861,114.464,401,239,1,1
6864,114.514,401,239,1,1
6867,114.564,401,239,1,1
6870,114.615,401,239,1,1
6873,114.665,401,239,1,1
6876,114.715,401,239,1,1
6879,114.765,401,239,1,1
6882,114.815,401,239,1,1
6885,114.865,401,239,1,1
6888,114.915,401,239,1,1
6891,114.965,401,239,1,1
6894,115.015,401,239,1,1
6897,115.065,401,239,1,1
6900,115.115,401,239,1,1
6903,115.165,401,239,1,1
6906,115.215,401,239,1,1
6909,115.265,401,239,1,1
6912,115.315,401,239,1,1
6915,115.365,401,239,1,1
6918,115.415,401,239,1,1
6921,115.465,401,239,1,1
6924,115.515,401,239,1,1
6927,115.565,401,239,1,1
6930,115.615,401,239,1,1
6933,115.666,401,239,1,1
6936,115.716,401,239,1,1
6939,115.766,401,239,1,1
6942,115.816,401,239,1,1
6945,115.866,401,239,1,1
6948,115.916,401,239,1,1
6951,115.966,401,239,1,1
6954,116.016,401,239,1,1
6957,116.066,401,239,1,1
6960,116.116,401,239,1,1
6963,116.166,401,239,1,1
6966,116.216,401,239,1,1
6969,116.266,401,239,1,1
6972,116.316,401,239,1,1
6975,116.366,401,239,1,1
6978,116.416,401,239,1,1
6981,116.466,401,239,1,1
6984,116.516,401,239,1,1
6987,116.566,401,239,1,1
6990,116.617,401,239,1,1
6993,116.667,401,239,1,1
6996,116.717,402,239,1,1
6999,116.767,402,239,1,1
7002,116.817,402,239,1,1
7005,116.867,402,239,1,1
7008,116.917,402,239,1,1
7011,116.967,401,239,1,1
7014,117.017,401,239,1,1
7017,117.067,402,239,1,1
7020,117.117,402,239,1,1
7023,117.167,402,239,1,1
7026,117.217,402,239,1,1
7029,117.267,402,239,1,1
7032,117.317,402,239,1,1
7035,117.367,402,239,1,1
7038,117.417,402,239,1,1
7041,117.467,402,239,1,1
7044,117.517,402,239,1,1
7047,117.567,402,239,1,1
7050,117.618,402,239,1,1
7053,117.668,402,239,1,1
7056,117.718,402,239,1,1
7059,117.768,402,239,1,1
7062,117.818,402,239,1,1
7065,117.868,402,239,1,1
7068,117.918,402,239,1,1
7071,117.968,402,239,1,1
7074,118.018,402,239,1,1
7077,118.068,402,239,1,1
7080,118.118,402,239,1,1
7083,118.168,402,239,1,1
7086,118.218,402,239,1,1
7089,118.268,402,239,1,1
7092,118.318,402,239,1,1
7095,118.368,402,239,1,1
7098,118.418,402,239,1,1
7101,118.468,402,239,1,1
7104,118.518,402,239,1,1
7107,118.568,402,239,1,1
7110,118.618,402,239,1,1
7113,118.669,402,239,1,1
7116,118.719,402,239,1,1
7119,118.769,402,239,1,1
7122,118.819,402,239,1,1
7125,118.869,402,239,1,1
7128,118.919,402,239,1,1
7131,118.969,402,239,1,1
7134,119.019,402,239,1,1
7137,119.069,402,239,1,1
7140,119.119,402,239,1,1
7143,119.169,401,239,1,1
7146,119.219,401,239,1,1
7149,119.269,402,239,1,1
7152,119.319,402,239,1,1
7155,119.369,402,239,1,1
7158,119.419,402,239,1,1
7161,119.469,402,239,1,1
7164,119.519,402,239,1,1
7167,119.569,402,239,1,1
7170,119.62,402,239,1,1
7173,119.67,402,239,1,1
7176,119.72,402,239,1,1
7179,119.77,401,239,1,1
7182,119.82,402,239,1,1
7185,119.87,402,239,1,1
7188,119.92,401,239,1,1
7191,119.97,402,239,1,1
7194,120.02,402,239,1,1
7197,120.07,402,239,1,1
7200,120.12,402,239,1,1
7203,120.17,402,239,1,1
7206,120.22,401,239,1,1
7209,120.27,402,239,1,1
7212,120.32,402,239,1,1
7215,120.37,402,239,1,1
7218,120.42,402,239,1,1
7221,120.47,401,239,1,1
7224,120.52,402,239,1,1
7227,120.57,402,239,1,1
7230,120.621,402,239,1,1
7233,120.671,402,239,1,1
7236,120.721,401,239,1,1
7239,120.771,402,239,1,1
7242,120.821,401,239,1,1
7245,120.871,402,239,1,1
7248,120.921,402,239,1,1
7251,120.971,402,239,1,1
7254,121.021,402,239,1,1
7257,121.071,402,239,1,1
7260,121.121,402,239,1,1
7263,121.171,401,239,1,1
7266,121.221,402,239,1,1
7269,121.271,402,239,1,1
7272,121.321,401,239,1,1
7275,121.371,402,239,1,1
7278,121.421,402,239,1,1
7281,121.471,402,239,1,1
7284,121.521,402,239,1,1
7287,121.571,402,239,1,1
7290,121.621,402,239,1,1
7293,121.672,402,239,1,1
7296,121.722,402,239,1,1
7299,121.772,403,239,1,1
7302,121.822,402,239,1,1
7305,121.872,402,239,1,1
7308,121.922,402,239,1,1
7311,121.972,402,239,1,1
7314,122.022,402,239,1,1
7317,122.072,402,239,1,1
7320,122.122,402,239,1,1
7323,122.172,402,239,1,1
7326,122.222,402,239,1,1
7329,122.272,402,239,1,1
7332,122.322,402,239,1,1
7335,122.372,402,239,1,1
7338,122.422,402,239,1,1
7341,122.472,402,239,1,1
7344,122.522,402,239,1,1
7347,122.572,402,239,1,1
7350,122.623,402,239,1,1
7353,122.673,402,239,1,1
7356,122.723,402,239,1,1
7359,122.773,403,239,1,1
7362,122.823,402,239,1,1
7365,122.873,402,239,1,1
7368,122.923,402,239,1,1
7371,122.973,402,239,1,1
7374,123.023,402,239,1,1
7377,123.073,403,239,1,1
7380,123.123,402,239,1,1
7383,123.173,402,239,1,1
7386,123.223,402,239,1,1
7389,123.273,402,239,1,1
7392,123.323,403,239,1,1
7395,123.373,402,239,1,1
7398,123.423,402,239,1,1
7401,123.473,402,239,1,1
7404,123.523,402,239,1,1
7407,123.573,402,239,1,1
7410,123.624,402,239,1,1
7413,123.674,402,239,1,1
7416,123.724,402,239,1,1
7419,123.774,402,239,1,1
7422,123.824,402,239,1,1
7425,123.874,403,240,1,1
7428,123.924,402,239,1,1
7431,123.974,402,240,1,1
7434,124.024,402,239,1,1
7437,124.074,402,239,1,1
7440,124.124,402,239,1,1
7443,124.174,402,239,1,1
7446,124.224,402,239,1,1
7449,124.274,402,239,1,1
7452,124.324,402,239,1,1
7455,124.374,403,239,1,1
7458,124.424,402,239,1,1
7461,124.474,403,239,1,1
7464,124.524,402,239,1,1
7467,124.574,402,239,1,1
7470,124.624,402,239,1,1
7473,124.675,402,239,1,1
7476,124.725,402,239,1,1
7479,124.775,402,239,1,1
7482,124.825,402,239,1,1
7485,124.875,402,239,1,1
7488,124.925,402,239,1,1
7491,124.975,402,239,1,1
7494,125.025,402,239,1,1
7497,125.075,402,239,1,1
7500,125.125,402,239,1,1
7503,125.175,402,239,1,1
7506,125.225,402,239,1,1
7509,125.275,402,239,1,1
7512,125.325,402,239,1,1
7515,125.375,402,239,1,1
7518,125.425,402,239,1,1
7521,125.475,402,239,1,1
7524,125.525,402,239,1,1
7527,125.575,402,239,1,1
7530,125.626,415,239,1,1
7533,125.676,484,240,1,1
7536,125.726,594,238,1,1
7539,125.776,594,238,1,1
7542,125.826,676,242,1,1
7545,125.876,676,242,1,1
7548,125.926,1111,234,1,1
7551,125.976,1025,229,1,1
7554,126.026,1192,171,1,1
7557,126.076,1192,171,1,1
7650,127.627,1216,168,1,1
7653,127.678,1216,168,1,1
7656,127.728,95,118,1,1
7659,127.778,95,118,1,1
7662,127.828,666,96,1,1
7665,127.878,666,96,1,1
7668,127.928,1145,41,1,1
7671,127.978,1145,41,1,1
7674,128.028,775,127,1,1
7677,128.078,775,127,1,1
7680,128.128,31,168,1,1
7683,128.178,30,168,1,1
7686,128.228,29,168,1,1
7689,128.278,27,168,1,1
7692,128.328,26,168,1,1
7695,128.378,25,167,1,1
7698,128.428,23,166,1,1
7701,128.478,22,166,1,1
7704,128.528,21,166,1,1
7707,128.578,18,165,1,1
7710,128.629,17,165,1,1
7713,128.679,15,165,1,1
7716,128.729,14,164,1,1
7719,128.779,12,165,1,1
7722,128.829,9,164,1,1
7725,128.879,8,163,1,1
7728,128.929,7,162,1,1
7731,128.979,5,162,1,1
7734,129.029,4,161,1,1
7737,129.079,1,161,1,1
7740,129.129,1,161,1,1
7743,129.179,0,160,1,1
7746,129.229,,,0,1
7749,129.279,,,0,1
7752,129.329,,,0,1
7755,129.379,,,0,1
7758,129.429,,,0,1
7761,129.479,,,0,1
7764,129.529,,,0,1
7767,129.579,,,0,1
7770,129.63,,,0,1
7773,129.68,651,106,1,1
7776,129.73,651,106,1,1
7779,129.78,309,102,1,1
7782,129.83,309,102,1,1
7785,129.88,258,463,1,1
7788,129.93,258,463,1,1
7791,129.98,258,463,1,1
7794,130.03,258,464,1,1
7797,130.08,258,464,1,1
7800,130.13,257,464,1,1
7803,130.18,256,465,1,1
7806,130.23,257,464,1,1
7809,130.28,256,464,1,1
7812,130.33,256,465,1,1
7815,130.38,255,464,1,1
7818,130.43,254,464,1,1
7821,130.48,254,464,1,1
7824,130.53,253,464,1,1
7827,130.58,253,465,1,1
7830,130.631,253,465,1,1
7833,130.681,253,465,1,1
7836,130.731,253,465,1,1
7839,130.781,253,465,1,1
7842,130.831,253,466,1,1
7845,130.881,253,466,1,1
7848,130.931,252,466,1,1
7851,130.981,253,466,1,1
7854,131.031,253,466,1,1
7857,131.081,252,466,1,1
7860,131.131,252,466,1,1
7863,131.181,252,466,1,1
7866,131.231,252,466,1,1
7869,131.281,252,466,1,1
7872,131.331,252,466,1,1
7875,131.381,251,466,1,1
7878,131.431,251,466,1,1
7881,131.481,252,466,1,1
7884,131.531,252,466,1,1
7887,131.581,251,466,1,1
7890,131.631,251,466,1,1
7893,131.682,252,466,1,1
7896,131.732,252,466,1,1
7899,131.782,252,466,1,1
7902,131.832,252,466,1,1
7905,131.882,252,466,1,1
7908,131.932,252,466,1,1
7911,131.982,252,466,1,1
7914,132.032,252,466,1,1
7917,132.082,252,466,1,1
7920,132.132,252,466,1,1
7923,132.182,252,466,1,1
7926,132.232,252,466,1,1
7929,132.282,252,466,1,1
7932,132.332,252,466,1,1
7935,132.382,252,466,1,1
7938,132.432,251,466,1,1
7941,132.482,251,466,1,1
7944,132.532,251,466,1,1
7947,132.582,251,466,1,1
7950,132.632,251,466,1,1
7953,132.683,251,466,1,1
7956,132.733,252,466,1,1
7959,132.783,252,466,1,1
7962,132.833,252,466,1,1
7965,132.883,252,466,1,1
7968,132.933,252,466,1,1
7971,132.983,252,466,1,1
7974,133.033,251,466,1,1
7977,133.083,252,466,1,1
7980,133.133,252,466,1,1
7983,133.183,252,466,1,1
7986,133.233,251,466,1,1
7989,133.283,251,466,1,1
7992,133.333,251,466,1,1
7995,133.383,252,466,1,1
7998,133.433,252,466,1,1
8001,133.483,251,466,1,1
8004,133.533,252,466,1,1
8007,133.583,252,466,1,1
8010,133.633,252,466,1,1
8013,133.684,252,466,1,1
8016,133.734,252,466,1,1
8019,133.784,252,466,1,1
8022,133.834,251,466,1,1
8025,133.884,251,466,1,1
8028,133.934,251,466,1,1
8031,133.984,252,466,1,1
8034,134.034,252,466,1,1
8037,134.084,251,466,1,1
8040,134.134,251,466,1,1
8043,134.184,251,466,1,1
8046,134.234,252,466,1,1
8049,134.284,252,466,1,1
8052,134.334,251,466,1,1
8055,134.384,251,466,1,1
8058,134.434,251,466,1,1
8061,134.484,252,466,1,1
8064,134.534,254,466,1,1
8067,134.584,256,466,1,1
8070,134.635,259,466,1,1
8073,134.685,262,466,1,1
8076,134.735,263,466,1,1
8079,134.785,266,466,1,1
8082,134.835,267,466,1,1
8085,134.885,268,466,1,1
8088,134.935,271,466,1,1
8091,134.985,270,466,1,1
8094,135.035,272,466,1,1
8097,135.085,272,466,1,1
8100,135.135,271,466,1,1
8103,135.185,271,466,1,1
8106,135.235,272,466,1,1
8109,135.285,272,466,1,1
8112,135.335,272,466,1,1
8115,135.385,272,466,1,1
8118,135.435,272,466,1,1
8121,135.485,272,466,1,1
8124,135.535,272,466,1,1
8127,135.585,272,466,1,1
8130,135.636,272,466,1,1
8133,135.686,74,508,1,1
8136,135.736,74,508,1,1
8139,135.786,74,508,1,1
8142,135.836,74,508,1,1
8145,135.886,74,508,1,1
8148,135.936,74,508,1,1
8151,135.986,74,508,1,1
8154,136.036,74,508,1,1
8157,136.086,74,508,1,1
8160,136.136,74,508,1,1
8163,136.186,74,508,1,1
8166,136.236,74,508,1,1
8169,136.286,74,508,1,1
8172,136.336,74,508,1,1
8175,136.386,74,508,1,1
8178,136.436,74,508,1,1
8181,136.486,74,508,1,1
8184,136.536,74,508,1,1
8187,136.586,74,508,1,1
8190,136.637,74,508,1,1
8193,136.687,74,508,1,1
8196,136.737,74,508,1,1
8199,136.787,74,508,1,1
8202,136.837,74,508,1,1
8205,136.887,74,508,1,1
8208,136.937,74,508,1,1
8211,136.987,74,508,1,1
8214,137.037,74,508,1,1
8217,137.087,74,508,1,1
8220,137.137,74,508,1,1
8223,137.187,74,508,1,1
8226,137.237,74,508,1,1
8229,137.287,74,508,1,1
8232,137.337,74,509,1,1
8235,137.387,74,508,1,1
8238,137.437,74,509,1,1
8241,137.487,74,508,1,1
8244,137.537,74,509,1,1
8247,137.587,74,509,1,1
8250,137.637,74,508,1,1
8253,137.688,74,508,1,1
8256,137.738,74,508,1,1
8259,137.788,74,508,1,1
8262,137.838,74,508,1,1
8265,137.888,74,508,1,1
8268,137.938,74,508,1,1
8271,137.988,74,508,1,1
8274,138.038,74,508,1,1
8277,138.088,74,508,1,1
8280,138.138,74,508,1,1
8283,138.188,74,508,1,1
8286,138.238,74,508,1,1
8289,138.288,74,508,1,1
8292,138.338,74,508,1,1
8295,138.388,74,508,1,1
8298,138.438,74,508,1,1
8301,138.488,74,508,1,1
8304,138.538,74,508,1,1
8307,138.588,74,509,1,1
8310,138.638,74,509,1,1
8313,138.689,74,508,1,1
8316,138.739,74,509,1,1
8319,138.789,74,508,1,1
8322,138.839,74,509,1,1
8325,138.889,74,508,1,1
8328,138.939,74,508,1,1
8331,138.989,74,509,1,1
8334,139.039,74,508,1,1
8337,139.089,74,508,1,1
8340,139.139,74,508,1,1
8343,139.189,74,508,1,1
8346,139.239,74,508,1,1
8349,139.289,74,508,1,1
8352,139.339,74,509,1,1
8355,139.389,74,509,1,1
8358,139.439,74,509,1,1
8361,139.489,74,508,1,1
8364,139.539,74,508,1,1
8367,139.589,74,509,1,1
8370,139.639,74,509,1,1
8373,139.69,74,508,1,1
8376,139.74,74,508,1,1
8379,139.79,74,509,1,1
8382,139.84,74,510,1,1
8385,139.89,74,509,1,1
8388,139.94,74,510,1,1
8391,139.99,74,509,1,1
8394,140.04,74,509,1,1
8397,140.09,74,509,1,1
8400,140.14,74,509,1,1
8403,140.19,74,509,1,1
8406,140.24,74,508,1,1
8409,140.29,74,508,1,1
8412,140.34,74,508,1,1
8415,140.39,74,509,1,1
8418,140.44,74,509,1,1
8421,140.49,74,509,1,1
8424,140.54,74,508,1,1
8427,140.59,74,509,1,1
8430,140.641,74,508,1,1
8433,140.691,74,508,1,1
8436,140.741,74,508,1,1
8439,140.791,74,508,1,1
8442,140.841,74,508,1,1
8445,140.891,74,508,1,1
8448,140.941,74,509,1,1
8451,140.991,74,509,1,1
8454,141.041,74,509,1,1
8457,141.091,74,509,1,1
8460,141.141,74,509,1,1
8463,141.191,74,509,1,1
8466,141.241,74,509,1,1
8469,141.291,74,509,1,1
8472,141.341,74,509,1,1
8475,141.391,74,509,1,1
8478,141.441,74,509,1,1
8481,141.491,74,509,1,1
8484,141.541,73,508,1,1
8487,141.591,74,509,1,1
8490,141.642,74,509,1,1
8493,141.692,74,509,1,1
8496,141.742,74,509,1,1
8499,141.792,73,508,1,1
8502,141.842,73,508,1,1
8505,141.892,73,508,1,1
8508,141.942,73,508,1,1
8511,141.992,73,508,1,1
8514,142.042,73,507,1,1
8517,142.092,73,507,1,1
8520,142.142,73,507,1,1
8523,142.192,73,507,1,1
8526,142.242,73,507,1,1
8529,142.292,73,507,1,1
8532,142.342,73,507,1,1
8535,142.392,74,509,1,1
8538,142.442,74,509,1,1
8541,142.492,74,509,1,1
8544,142.542,74,509,1,1
8547,142.592,74,509,1,1
8550,142.643,74,509,1,1
8553,142.693,74,509,1,1
8556,142.743,73,508,1,1
8559,142.793,73,508,1,1
8562,142.843,73,508,1,1
8565,142.893,73,508,1,1
8568,142.943,73,508,1,1
8571,142.993,73,508,1,1
8574,143.043,74,509,1,1
8577,143.093,74,509,1,1
8580,143.143,74,509,1,1
8583,143.193,74,509,1,1
8586,143.243,23,471,1,1
8589,143.293,23,471,1,1
8592,143.343,23,471,1,1
8595,143.393,23,471,1,1
8598,143.443,23,471,1,1
8601,143.493,23,471,1,1
8604,143.543,23,471,1,1
8607,143.593,24,472,1,1
8610,143.643,23,471,1,1
8613,143.694,23,471,1,1
8616,143.744,23,471,1,1
8619,143.794,23,471,1,1
8622,143.844,23,471,1,1
8625,143.894,23,471,1,1
8628,143.944,23,471,1,1
8631,143.994,23,471,1,1
8634,144.044,23,471,1,1
8637,144.094,23,471,1,1
8640,144.144,23,471,1,1
8643,144.194,23,471,1,1
8646,144.244,23,471,1,1
8649,144.294,23,471,1,1
8652,144.344,23,471,1,1
8655,144.394,23,471,1,1
8658,144.444,23,471,1,1
8661,144.494,23,471,1,1
8664,144.544,23,471,1,1
8667,144.594,23,471,1,1
8670,144.644,23,471,1,1
8673,144.695,23,471,1,1
8676,144.745,23,471,1,1
8679,144.795,23,471,1,1
8682,144.845,23,471,1,1
8685,144.895,23,471,1,1
8688,144.945,23,471,1,1
8691,144.995,23,471,1,1
8694,145.045,23,471,1,1
8697,145.095,23,471,1,1
8700,145.145,23,471,1,1
8703,145.195,23,471,1,1
8706,145.245,23,471,1,1
8709,145.295,23,471,1,1
8712,145.345,23,471,1,1
8715,145.395,23,471,1,1
8718,145.445,23,471,1,1
8721,145.495,23,471,1,1
8724,145.545,23,471,1,1
8727,145.595,81,458,1,0
8730,145.645,82,471,1,0
8733,145.696,80,458,1,0
8736,145.746,80,458,1,0
8739,145.796,80,458,1,0
8742,145.846,79,459,1,0
8745,145.896,76,458,1,0
8748,145.946,78,474,1,0
8751,145.996,75,458,1,0
8754,146.046,,,0,0
8757,146.096,248,224,1,0
8760,146.146,263,229,1,0
8763,146.196,,,0,0
8766,146.246,381,48,1,0
8769,146.296,,,0,0
8772,146.346,,,0,0
8775,146.396,,,0,0
8778,146.446,,,0,0
8781,146.496,,,0,0
8784,146.546,,,0,0
8787,146.596,,,0,0
8790,146.647,,,0,0
8793,146.697,,,0,0
8796,146.747,,,0,0
8799,146.797,,,0,0
8802,146.847,,,0,0
8805,146.897,,,0,0
8808,146.947,,,0,0
8811,146.997,,,0,0
8814,147.047,,,0,0
8817,147.097,,,0,0
8820,147.147,,,0,0
8823,147.197,,,0,0
8826,147.247,,,0,0
8829,147.297,,,0,0
8832,147.347,,,0,0
8835,147.397,,,0,0
8838,147.447,,,0,0
8841,147.497,,,0,0
8844,147.547,,,0,0
8847,147.597,,,0,0
8850,147.648,,,0,0
8853,147.698,,,0,0
8856,147.748,,,0,0
8859,147.798,,,0,0
8862,147.848,,,0,0
8865,147.898,,,0,0
8868,147.948,,,0,0
8871,147.998,,,0,0
8874,148.048,,,0,0
8877,148.098,,,0,0
8880,148.148,,,0,0
8883,148.198,,,0,0
8886,148.248,,,0,0
8889,148.298,,,0,0
8892,148.348,,,0,0
8895,148.398,,,0,0
8898,148.448,,,0,0
8901,148.498,,,0,0
8904,148.548,,,0,0
8907,148.598,,,0,0
8910,148.649,,,0,0
8913,148.699,,,0,0
8916,148.749,,,0,0
8919,148.799,,,0,0
8922,148.849,,,0,0
8925,148.899,,,0,0
8928,148.949,,,0,0
8931,148.999,,,0,0
8934,149.049,,,0,0
8937,149.099,,,0,0
8940,149.149,,,0,0
8943,149.199,,,0,0
8946,149.249,,,0,0
8949,149.299,,,0,0
8952,149.349,,,0,0
8955,149.399,,,0,0
8958,149.449,,,0,0
8961,149.499,,,0,0
8964,149.549,,,0,0
8967,149.599,,,0,0
8970,149.649,,,0,0
8973,149.7,,,0,0
8976,149.75,,,0,0
8979,149.8,,,0,0
8982,149.85,,,0,0
8985,149.9,,,0,0
8988,149.95,,,0,0
8991,150.0,,,0,0
8994,150.05,,,0,0
8997,150.1,,,0,0
9000,150.15,,,0,0
9003,150.2,,,0,0
9006,150.25,,,0,0
9009,150.3,,,0,0
9012,150.35,,,0,0
9015,150.4,,,0,0
9018,150.45,,,0,0
9021,150.5,,,0,0
9024,150.55,,,0,0
9027,150.6,,,0,0
9030,150.65,,,0,0
9033,150.701,,,0,0
9036,150.751,,,0,0
9039,150.801,,,0,0
9042,150.851,,,0,0
9045,150.901,,,0,0
9048,150.951,,,0,0
9051,151.001,,,0,0
9054,151.051,,,0,0
9057,151.101,,,0,0
9060,151.151,,,0,0
9063,151.201,,,0,0
9066,151.251,,,0,0
9069,151.301,,,0,0
9072,151.351,,,0,0
9075,151.401,,,0,0
9078,151.451,,,0,0
9081,151.501,,,0,0
9084,151.551,,,0,0
9087,151.601,,,0,0
9090,151.651,,,0,0
9093,151.702,,,0,0
9096,151.752,,,0,0
9099,151.802,,,0,0
9102,151.852,,,0,0
9105,151.902,,,0,0
9108,151.952,,,0,0
9111,152.002,,,0,0
9114,152.052,,,0,0
9117,152.102,,,0,0
9120,152.152,,,0,0
9123,152.202,,,0,0
9126,152.252,,,0,0
9129,152.302,,,0,0
9132,152.352,,,0,0
9135,152.402,,,0,0
9138,152.452,,,0,0
9141,152.502,,,0,0
9144,152.552,,,0,0
9147,152.602,,,0,0
9150,152.653,,,0,0
9153,152.703,,,0,0
9156,152.753,,,0,0
9159,152.803,,,0,0
9162,152.853,,,0,0
9165,152.903,,,0,0
9168,152.953,,,0,0
9171,153.003,,,0,0
9174,153.053,,,0,0
9177,153.103,,,0,0
9180,153.153,,,0,0
9183,153.203,,,0,0
9186,153.253,,,0,0
9189,153.303,,,0,0
9192,153.353,,,0,0
9195,153.403,,,0,0
9198,153.453,,,0,0
9201,153.503,,,0,0
9204,153.553,,,0,0
9207,153.603,,,0,0
9210,153.654,,,0,0
9213,153.704,,,0,0
9216,153.754,,,0,0
9219,153.804,,,0,0
9222,153.854,,,0,0
9225,153.904,,,0,0
9228,153.954,,,0,0
9231,154.004,,,0,0
9234,154.054,,,0,0
9237,154.104,,,0,0
9240,154.154,,,0,0
9243,154.204,,,0,0
9246,154.254,,,0,0
9249,154.304,,,0,0
9252,154.354,,,0,0
9255,154.404,,,0,0
9258,154.454,,,0,0
9261,154.504,,,0,0
9264,154.554,,,0,0
9267,154.604,,,0,0
9270,154.655,,,0,0
9273,154.705,,,0,0
9276,154.755,,,0,0
9279,154.805,,,0,0
9282,154.855,,,0,0
9285,154.905,,,0,0
9288,154.955,,,0,0
9291,155.005,,,0,0
9294,155.055,,,0,0
9297,155.105,,,0,0
9300,155.155,,,0,0
9303,155.205,,,0,0
9306,155.255,,,0,0
9309,155.305,,,0,0
9312,155.355,,,0,0
9315,155.405,,,0,0
9318,155.455,,,0,0
9321,155.505,,,0,0
9324,155.555,,,0,0
9327,155.605,,,0,0
9330,155.655,,,0,0
9333,155.706,,,0,0
9336,155.756,,,0,0
9339,155.806,,,0,0
9342,155.856,,,0,0
9345,155.906,,,0,0
9348,155.956,,,0,0
9351,156.006,,,0,0
9354,156.056,,,0,0
9357,156.106,,,0,0
9360,156.156,,,0,0
9363,156.206,,,0,0
9366,156.256,,,0,0
9369,156.306,,,0,0
9372,156.356,,,0,0
9375,156.406,,,0,0
9378,156.456,,,0,0
9381,156.506,,,0,0
9384,156.556,,,0,0
9387,156.606,,,0,0
9390,156.656,,,0,0
9393,156.707,,,0,0
9396,156.757,,,0,0
9399,156.807,,,0,0
9402,156.857,,,0,0
9405,156.907,,,0,0
9408,156.957,,,0,0
9411,157.007,,,0,0
9414,157.057,,,0,0
9417,157.107,,,0,0
9420,157.157,,,0,0
9423,157.207,,,0,0
9426,157.257,,,0,0
9429,157.307,,,0,0
9432,157.357,,,0,0
9435,157.407,,,0,0
9438,157.457,,,0,0
9441,157.507,,,0,0
9444,157.557,,,0,0
9447,157.607,,,0,0
9450,157.657,,,0,0
9453,157.708,,,0,0
9456,157.758,,,0,0
9459,157.808,,,0,0
9462,157.858,,,0,0
9465,157.908,,,0,0
9468,157.958,,,0,0
9471,158.008,,,0,0
9474,158.058,,,0,0
9477,158.108,,,0,0
9480,158.158,,,0,0
9483,158.208,,,0,0
9486,158.258,,,0,0
9489,158.308,,,0,0
9492,158.358,,,0,0
9495,158.408,,,0,0
9498,158.458,,,0,0
9501,158.508,,,0,0
9504,158.558,,,0,0
9507,158.608,,,0,0
9510,158.659,,,0,0
9513,158.709,,,0,0
9516,158.759,,,0,0
9519,158.809,,,0,0
9522,158.859,,,0,0
9525,158.909,,,0,0
9528,158.959,,,0,0
9531,159.009,,,0,0
9534,159.059,,,0,0
9537,159.109,,,0,0
9540,159.159,,,0,0
9543,159.209,,,0,0
9546,159.259,,,0,0
9549,159.309,,,0,0
9552,159.359,,,0,0
9555,159.409,,,0,0
9558,159.459,,,0,0
9561,159.509,,,0,0
9564,159.559,,,0,0
9567,159.609,,,0,0
9570,159.66,,,0,0
9573,159.71,,,0,0
9576,159.76,,,0,0
9579,159.81,,,0,0
9582,159.86,,,0,0
9585,159.91,,,0,0
9588,159.96,,,0,0
9591,160.01,,,0,0
9594,160.06,,,0,0
9597,160.11,,,0,0
9600,160.16,,,0,0
9603,160.21,,,0,0
9606,160.26,,,0,0
9609,160.31,,,0,0
9612,160.36,,,0,0
9615,160.41,,,0,0
9618,160.46,,,0,0
9621,160.51,,,0,0
9624,160.56,,,0,0
9627,160.61,,,0,0
9630,160.661,,,0,0
9633,160.711,,,0,0
9636,160.761,,,0,0
9639,160.811,,,0,0
9642,160.861,,,0,0
9645,160.911,,,0,0
9648,160.961,,,0,0
9651,161.011,,,0,0
9654,161.061,,,0,0
9657,161.111,,,0,0
9660,161.161,,,0,0
9663,161.211,,,0,0
9666,161.261,,,0,0
9669,161.311,,,0,0
9672,161.361,,,0,0
9675,161.411,,,0,0
9678,161.461,,,0,0
9681,161.511,,,0,0
9684,161.561,,,0,0
9687,161.611,,,0,0
9690,161.661,,,0,0
9693,161.712,,,0,0
9696,161.762,,,0,0
9699,161.812,,,0,0
9702,161.862,,,0,0
9705,161.912,,,0,0
9708,161.962,,,0,0
9711,162.012,,,0,0
9714,162.062,,,0,0
9717,162.112,,,0,0
9720,162.162,,,0,0
9723,162.212,,,0,0
9726,162.262,,,0,0
9729,162.312,,,0,0
9732,162.362,,,0,0
9735,162.412,,,0,0
9738,162.462,,,0,0
9741,162.512,,,0,0
9744,162.562,,,0,0
9747,162.612,,,0,0
9750,162.662,,,0,0
9753,162.713,,,0,0
9756,162.763,,,0,0
9759,162.813,,,0,0
9762,162.863,,,0,0
9765,162.913,,,0,0
9768,162.963,,,0,0
9771,163.013,,,0,0
9774,163.063,,,0,0
9777,163.113,,,0,0
9780,163.163,,,0,0
9783,163.213,,,0,0
9786,163.263,,,0,0
9789,163.313,,,0,0
9792,163.363,,,0,0
9795,163.413,,,0,0
9798,163.463,,,0,0
9801,163.513,,,0,0
9804,163.563,,,0,0
9807,163.613,,,0,0
9810,163.663,,,0,0
9813,163.714,,,0,0
9816,163.764,,,0,0
9819,163.814,,,0,0
9822,163.864,,,0,0
9825,163.914,,,0,0
9828,163.964,,,0,0
9831,164.014,,,0,0
9834,164.064,,,0,0
9837,164.114,,,0,0
9840,164.164,,,0,0
9843,164.214,,,0,0
9846,164.264,,,0,0
9849,164.314,,,0,0
9852,164.364,,,0,0
9855,164.414,,,0,0
9858,164.464,,,0,0
9861,164.514,,,0,0
9864,164.564,,,0,0
9867,164.614,,,0,0
9870,164.665,,,0,0
9873,164.715,,,0,0
9876,164.765,,,0,0
9879,164.815,,,0,0
9882,164.865,,,0,0
9885,164.915,,,0,0
9888,164.965,,,0,0
9891,165.015,,,0,0
9894,165.065,,,0,0
9897,165.115,,,0,0
9900,165.165,,,0,0
9903,165.215,,,0,0
9906,165.265,,,0,0
9909,165.315,,,0,0
9912,165.365,,,0,0
9915,165.415,,,0,0
9918,165.465,,,0,0
9921,165.515,,,0,0
9924,165.565,,,0,0
9927,165.615,,,0,0
9930,165.666,,,0,0
9933,165.716,,,0,0
9936,165.766,,,0,0
9939,165.816,,,0,0
9942,165.866,,,0,0
9945,165.916,,,0,0
9948,165.966,,,0,0
9951,166.016,,,0,0
9954,166.066,,,0,0
9957,166.116,,,0,0
9960,166.166,,,0,0
9963,166.216,,,0,0
9966,166.266,,,0,0
9969,166.316,,,0,0
9972,166.366,,,0,0
9975,166.416,,,0,0
9978,166.466,,,0,0
9981,166.516,,,0,0
9984,166.566,,,0,0
9987,166.616,,,0,0
9990,166.667,,,0,0
9993,166.717,,,0,0
9996,166.767,,,0,0
9999,166.817,,,0,0
10002,166.867,,,0,0
10005,166.917,,,0,0
10008,166.967,,,0,0
10011,167.017,,,0,0
10014,167.067,,,0,0
10017,167.117,,,0,0
10020,167.167,,,0,0
10023,167.217,,,0,0
10026,167.267,,,0,0
10029,167.317,,,0,0
10032,167.367,,,0,0
10035,167.417,,,0,0
10038,167.467,,,0,0
10041,167.517,,,0,0
10044,167.567,,,0,0
10047,167.617,,,0,0
10050,167.667,,,0,0
10053,167.718,,,0,0
10056,167.768,,,0,0
10059,167.818,,,0,0
10062,167.868,,,0,0
10065,167.918,,,0,0
10068,167.968,,,0,0
10071,168.018,,,0,0
10074,168.068,,,0,0
10077,168.118,,,0,0
10080,168.168,,,0,0
10083,168.218,,,0,0
10086,168.268,,,0,0
10089,168.318,,,0,0
10092,168.368,,,0,0
10095,168.418,,,0,0
10098,168.468,,,0,0
10101,168.518,,,0,0
10104,168.568,,,0,0
10107,168.618,,,0,0
10110,168.668,,,0,0
10113,168.719,,,0,0
10116,168.769,,,0,0
10119,168.819,,,0,0
10122,168.869,,,0,0
10125,168.919,,,0,0
10128,168.969,,,0,0
10131,169.019,,,0,0
10134,169.069,,,0,0
10137,169.119,,,0,0
10140,169.169,,,0,0
10143,169.219,,,0,0
10146,169.269,,,0,0
10149,169.319,,,0,0
10152,169.369,,,0,0
10155,169.419,,,0,0
10158,169.469,,,0,0
10161,169.519,,,0,0
10164,169.569,,,0,0
10167,169.619,,,0,0
10170,169.669,,,0,0
10173,169.72,,,0,0
10176,169.77,,,0,0
10179,169.82,,,0,0
10182,169.87,,,0,0
10185,169.92,,,0,0
10188,169.97,,,0,0
10191,170.02,,,0,0
10194,170.07,,,0,0
10197,170.12,,,0,0
10200,170.17,,,0,0
10203,170.22,,,0,0
10206,170.27,,,0,0
10209,170.32,,,0,0
10212,170.37,,,0,0
10215,170.42,,,0,0
10218,170.47,,,0,0
10221,170.52,,,0,0
10224,170.57,,,0,0
10227,170.62,,,0,0
10230,170.671,,,0,0
10233,170.721,,,0,0
10236,170.771,,,0,0
10239,170.821,,,0,0
10242,170.871,,,0,0
10245,170.921,,,0,0
10248,170.971,,,0,0
10251,171.021,,,0,0
10254,171.071,,,0,0
10257,171.121,,,0,0
10260,171.171,,,0,0
10263,171.221,,,0,0
10266,171.271,,,0,0
10269,171.321,,,0,0
10272,171.371,,,0,0
10275,171.421,,,0,0
10278,171.471,,,0,0
10281,171.521,,,0,0
10284,171.571,,,0,0
10287,171.621,,,0,0
10290,171.672,,,0,0
10293,171.722,,,0,0
10296,171.772,,,0,0
10299,171.822,,,0,0
10302,171.872,,,0,0
10305,171.922,,,0,0
10308,171.972,,,0,0
10311,172.022,,,0,0
10314,172.072,,,0,0
10317,172.122,,,0,0
10320,172.172,,,0,0
10323,172.222,,,0,0
10326,172.272,,,0,0
10329,172.322,,,0,0
10332,172.372,,,0,0
10335,172.422,,,0,0
10338,172.472,,,0,0
10341,172.522,,,0,0
10344,172.572,,,0,0
10347,172.622,,,0,0
10350,172.673,,,0,0
10353,172.723,,,0,0
10356,172.773,,,0,0
10359,172.823,,,0,0
10362,172.873,,,0,0
10365,172.923,,,0,0
10368,172.973,,,0,0
10371,173.023,,,0,0
10374,173.073,,,0,0
10377,173.123,,,0,0
10380,173.173,,,0,0
10383,173.223,,,0,0
10386,173.273,,,0,0
10389,173.323,,,0,0
10392,173.373,,,0,0
10395,173.423,,,0,0
10398,173.473,,,0,0
10401,173.523,,,0,0
10404,173.573,,,0,0
10407,173.623,,,0,0
10410,173.673,,,0,0
10413,173.724,,,0,0
10416,173.774,,,0,0
10419,173.824,,,0,0
10422,173.874,,,0,0
10425,173.924,,,0,0
10428,173.974,,,0,0
10431,174.024,,,0,0
10434,174.074,,,0,0
10437,174.124,,,0,0
10440,174.174,,,0,0
10443,174.224,,,0,0
10446,174.274,,,0,0
10449,174.324,,,0,0
10452,174.374,,,0,0
10455,174.424,,,0,0
10458,174.474,,,0,0
10461,174.524,,,0,0
10464,174.574,,,0,0
10467,174.624,,,0,0
10470,174.674,,,0,0
10473,174.725,,,0,0
10476,174.775,,,0,0
10479,174.825,,,0,0
10482,174.875,,,0,0
10485,174.925,,,0,0
10488,174.975,,,0,0
10491,175.025,,,0,0
10494,175.075,,,0,0
10497,175.125,,,0,0
10500,175.175,,,0,0
10503,175.225,,,0,0
10506,175.275,,,0,0
10509,175.325,,,0,0
10512,175.375,,,0,0
10515,175.425,,,0,0
10518,175.475,,,0,0
10521,175.525,,,0,0
10524,175.575,,,0,0
10527,175.625,,,0,0
10530,175.675,,,0,0
10533,175.726,,,0,0
10536,175.776,,,0,0
10539,175.826,,,0,0
10542,175.876,,,0,0
10545,175.926,,,0,0
10548,175.976,,,0,0
10551,176.026,,,0,0
10554,176.076,,,0,0
10557,176.126,,,0,0
10560,176.176,,,0,0
10563,176.226,,,0,0
10566,176.276,,,0,0
10569,176.326,,,0,0
10572,176.376,,,0,0
10575,176.426,,,0,0
10578,176.476,,,0,0
10581,176.526,,,0,0
10584,176.576,,,0,0
10587,176.626,,,0,0
10590,176.677,,,0,0
10593,176.727,,,0,0
10596,176.777,,,0,0
10599,176.827,,,0,0
10602,176.877,,,0,0
10605,176.927,,,0,0
10608,176.977,,,0,0
10611,177.027,,,0,0
10614,177.077,,,0,0
10617,177.127,,,0,0
10620,177.177,,,0,0
10623,177.227,,,0,0
10626,177.277,,,0,0
10629,177.327,,,0,0
10632,177.377,,,0,0
10635,177.427,,,0,0
10638,177.477,,,0,0
10641,177.527,,,0,0
10644,177.577,,,0,0
10647,177.627,,,0,0
10650,177.678,,,0,0
10653,177.728,,,0,0
10656,177.778,,,0,0
10659,177.828,,,0,0
10662,177.878,,,0,0
10665,177.928,,,0,0
10668,177.978,,,0,0
10671,178.028,,,0,0
10674,178.078,,,0,0
10677,178.128,,,0,0
10680,178.178,,,0,0
10683,178.228,,,0,0
10686,178.278,,,0,0
10689,178.328,,,0,0
10692,178.378,,,0,0
10695,178.428,,,0,0
10698,178.478,,,0,0
10701,178.528,,,0,0
10704,178.578,,,0,0
10707,178.628,,,0,0
10710,178.679,,,0,0
10713,178.729,,,0,0
10716,178.779,,,0,0
10719,178.829,,,0,0
10722,178.879,,,0,0
10725,178.929,,,0,0
10728,178.979,,,0,0
10731,179.029,,,0,0
10734,179.079,,,0,0
10737,179.129,,,0,0
10740,179.179,,,0,0
10743,179.229,,,0,0
10746,179.279,,,0,0
10749,179.329,,,0,0
10752,179.379,,,0,0
10755,179.429,,,0,0
10758,179.479,,,0,0
10761,179.529,,,0,0
10764,179.579,,,0,0
10767,179.629,,,0,0
10770,179.679,,,0,0
10773,179.73,,,0,0
10776,179.78,,,0,0
10779,179.83,,,0,0
10782,179.88,,,0,0
10785,179.93,,,0,0
10788,179.98,,,0,0
10791,180.03,,,0,0
10794,180.08,,,0,0
10797,180.13,,,0,0
10800,180.18,,,0,0
10803,180.23,,,0,0
10806,180.28,,,0,0
10809,180.33,,,0,0
10812,180.38,,,0,0
10815,180.43,,,0,0
10818,180.48,,,0,0
10821,180.53,,,0,0
10824,180.58,,,0,0
10827,180.63,,,0,0
10830,180.68,,,0,0
10833,180.731,,,0,0
10836,180.781,,,0,0
10839,180.831,,,0,0
10842,180.881,,,0,0
10845,180.931,,,0,0
10848,180.981,,,0,0
10851,181.031,,,0,0
10854,181.081,,,0,0
10857,181.131,,,0,0
10860,181.181,,,0,0
10863,181.231,,,0,0
10866,181.281,,,0,0
10869,181.331,,,0,0
10872,181.381,,,0,0
10875,181.431,,,0,0
10878,181.481,,,0,0
10881,181.531,,,0,0
10884,181.581,,,0,0
10887,181.631,,,0,0
10980,183.183,,,0,0
10983,183.233,,,0,0
10986,183.283,,,0,0
10989,183.333,,,0,0
10992,183.383,,,0,0
10995,183.433,,,0,0
10998,183.483,,,0,0
11001,183.533,,,0,0
11004,183.583,,,0,0
11007,183.633,,,0,0
11010,183.684,,,0,0
11013,183.734,,,0,0
11016,183.784,,,0,0
11019,183.834,,,0,0
11022,183.884,,,0,0
11025,183.934,,,0,0
11028,183.984,,,0,0
11031,184.034,,,0,0
11034,184.084,,,0,0
11037,184.134,,,0,0
11040,184.184,,,0,0
11043,184.234,,,0,0
11046,184.284,,,0,0
11049,184.334,,,0,0
11052,184.384,,,0,0
11055,184.434,,,0,0
11058,184.484,,,0,0
11061,184.534,,,0,0
11064,184.584,,,0,0
11067,184.634,,,0,0
11070,184.685,,,0,0
11073,184.735,,,0,0
11076,184.785,,,0,0
11079,184.835,,,0,0
11082,184.885,,,0,0
11085,184.935,,,0,0
11088,184.985,,,0,0
11091,185.035,,,0,0
11094,185.085,,,0,0
11097,185.135,,,0,0
11100,185.185,,,0,0
11103,185.235,,,0,0
11106,185.285,,,0,0
11109,185.335,,,0,0
11112,185.385,,,0,0
11115,185.435,,,0,0
11118,185.485,,,0,0
11121,185.535,,,0,0
11124,185.585,,,0,0
11127,185.635,,,0,0
11130,185.685,,,0,0
11133,185.736,,,0,0
11136,185.786,,,0,0
11139,185.836,,,0,0
11142,185.886,,,0,0
11145,185.936,,,0,0
11148,185.986,,,0,0
11151,186.036,,,0,0
11154,186.086,,,0,0
11157,186.136,,,0,0
11160,186.186,,,0,0
11163,186.236,,,0,0
11166,186.286,,,0,0
11169,186.336,,,0,0
11172,186.386,,,0,0
11175,186.436,,,0,0
11178,186.486,,,0,0
11181,186.536,,,0,0
11184,186.586,,,0,0
11187,186.636,,,0,0
11190,186.686,,,0,0
11193,186.737,,,0,0
11196,186.787,,,0,0
11199,186.837,,,0,0
11202,186.887,,,0,0
11205,186.937,,,0,0
11208,186.987,,,0,0
11211,187.037,,,0,0
11214,187.087,,,0,0
11217,187.137,,,0,0
11220,187.187,,,0,0
11223,187.237,,,0,0
11226,187.287,,,0,0
11229,187.337,,,0,0
11232,187.387,,,0,0
11235,187.437,,,0,0
11238,187.487,,,0,0
11241,187.537,,,0,0
11244,187.587,,,0,0
11247,187.637,,,0,0
11250,187.688,,,0,0
11253,187.738,,,0,0
11256,187.788,,,0,0
11259,187.838,,,0,0
11262,187.888,,,0,0
11265,187.938,,,0,0
11268,187.988,,,0,0
11271,188.038,,,0,0
11274,188.088,,,0,0
11277,188.138,,,0,0
11280,188.188,,,0,0
11283,188.238,,,0,0
11286,188.288,,,0,0
11289,188.338,,,0,0
11292,188.388,,,0,0
11295,188.438,,,0,0
11298,188.488,,,0,0
11301,188.538,,,0,0
11304,188.588,,,0,0
11307,188.638,,,0,0
11310,188.689,,,0,0
11313,188.739,,,0,0
11316,188.789,,,0,0
11319,188.839,,,0,0
11322,188.889,,,0,0
11325,188.939,,,0,0
11328,188.989,,,0,0
11331,189.039,,,0,0
11334,189.089,,,0,0
11337,189.139,,,0,0
11340,189.189,,,0,0
11343,189.239,,,0,0
11346,189.289,,,0,0
11349,189.339,,,0,0
11352,189.389,,,0,0
11355,189.439,,,0,0
11358,189.489,,,0,0
11361,189.539,,,0,0
11364,189.589,,,0,0
11367,189.639,,,0,0
11370,189.69,,,0,0
11373,189.74,,,0,0
11376,189.79,,,0,0
11379,189.84,,,0,0
11382,189.89,,,0,0
11385,189.94,,,0,0
11388,189.99,,,0,0
11391,190.04,,,0,0
11394,190.09,,,0,0
11397,190.14,,,0,0
11400,190.19,,,0,0
11403,190.24,,,0,0
11406,190.29,,,0,0
11409,190.34,,,0,0
11412,190.39,,,0,0
11415,190.44,,,0,0
11418,190.49,,,0,0
11421,190.54,,,0,0
11424,190.59,,,0,0
11427,190.64,,,0,0
11430,190.691,,,0,0
11433,190.741,,,0,0
11436,190.791,,,0,0
11439,190.841,,,0,0
11442,190.891,,,0,0
11445,190.941,,,0,0
11448,190.991,,,0,0
11451,191.041,,,0,0
11454,191.091,,,0,0
11457,191.141,,,0,0
11460,191.191,,,0,0
11463,191.241,,,0,0
11466,191.291,,,0,0
11469,191.341,,,0,0
11472,191.391,,,0,0
11475,191.441,,,0,0
11478,191.491,,,0,0
11481,191.541,,,0,0
11484,191.591,,,0,0
11487,191.641,,,0,0
11490,191.691,,,0,0
11493,191.742,,,0,0
11496,191.792,,,0,0
11499,191.842,,,0,0
11502,191.892,,,0,0
11505,191.942,,,0,0
11508,191.992,,,0,0
11511,192.042,,,0,0
11514,192.092,,,0,0
11517,192.142,,,0,0
11610,193.694,,,0,0
11613,193.744,,,0,0
11616,193.794,,,0,0
11619,193.844,,,0,0
11622,193.894,,,0,0
11625,193.944,,,0,0
11628,193.994,,,0,0
11631,194.044,,,0,0
11634,194.094,,,0,0
11637,194.144,,,0,0
11640,194.194,,,0,0
11643,194.244,,,0,0
11646,194.294,,,0,0
11649,194.344,,,0,0
11652,194.394,,,0,0
11655,194.444,,,0,0
11658,194.494,,,0,0
11661,194.544,,,0,0
11664,194.594,,,0,0
11667,194.644,,,0,0
11670,194.695,,,0,0
11673,194.745,,,0,0
11676,194.795,,,0,0
11679,194.845,,,0,0
11682,194.895,,,0,0
11685,194.945,,,0,0
11688,194.995,,,0,0
11691,195.045,,,0,0
11694,195.095,,,0,0
11697,195.145,,,0,0
11700,195.195,,,0,0
11703,195.245,,,0,0
11706,195.295,,,0,0
11709,195.345,,,0,0
11712,195.395,,,0,0
11715,195.445,,,0,0
11718,195.495,,,0,0
11721,195.545,,,0,0
11724,195.595,,,0,0
11727,195.645,,,0,0
11730,195.696,,,0,0
11733,195.746,,,0,0
11736,195.796,,,0,0
11739,195.846,,,0,0
11742,195.896,,,0,0
11745,195.946,,,0,0
11748,195.996,,,0,0
11751,196.046,,,0,0
11754,196.096,,,0,0
11757,196.146,,,0,0
11760,196.196,,,0,0
11763,196.246,,,0,0
11766,196.296,,,0,0
11769,196.346,,,0,0
11772,196.396,,,0,0
11775,196.446,,,0,0
11778,196.496,,,0,0
11781,196.546,,,0,0
11784,196.596,,,0,0
11787,196.646,,,0,0
11790,196.697,,,0,0
11793,196.747,,,0,0
11796,196.797,,,0,0
11799,196.847,,,0,0
11802,196.897,,,0,0
11805,196.947,,,0,0
11808,196.997,,,0,0
11811,197.047,,,0,0
11814,197.097,,,0,0
11817,197.147,,,0,0
11820,197.197,,,0,0
11823,197.247,,,0,0
11826,197.297,,,0,0
11829,197.347,,,0,0
11832,197.397,,,0,0
11835,197.447,,,0,0
11838,197.497,,,0,0
11841,197.547,,,0,0
11844,197.597,,,0,0
11847,197.647,,,0,0
11850,197.697,,,0,0
11853,197.748,,,0,0
11856,197.798,,,0,0
11859,197.848,,,0,0
11862,197.898,,,0,0
11865,197.948,,,0,0
11868,197.998,,,0,0
11871,198.048,,,0,0
11874,198.098,,,0,0
11877,198.148,,,0,0
11880,198.198,,,0,0
11883,198.248,,,0,0
11886,198.298,,,0,0
11889,198.348,,,0,0
11892,198.398,,,0,0
11895,198.448,,,0,0
11898,198.498,,,0,0
11901,198.548,,,0,0
11904,198.598,,,0,0
11907,198.648,,,0,0
11910,198.698,,,0,0
11913,198.749,,,0,0
11916,198.799,,,0,0
11919,198.849,,,0,0
11922,198.899,,,0,0
11925,198.949,,,0,0
11928,198.999,,,0,0
11931,199.049,,,0,0
11934,199.099,,,0,0
11937,199.149,,,0,0
11940,199.199,,,0,0
11943,199.249,,,0,0
11946,199.299,,,0,0
11949,199.349,,,0,0
11952,199.399,,,0,0
11955,199.449,,,0,0
11958,199.499,,,0,0
11961,199.549,,,0,0
11964,199.599,,,0,0
11967,199.649,,,0,0
11970,199.7,,,0,0
11973,199.75,,,0,0
11976,199.8,,,0,0
11979,199.85,,,0,0
11982,199.9,,,0,0
11985,199.95,,,0,0
11988,200.0,,,0,0
11991,200.05,,,0,0
11994,200.1,,,0,0
11997,200.15,,,0,0
12000,200.2,,,0,0
12003,200.25,,,0,0
12006,200.3,,,0,0
12009,200.35,,,0,0
12012,200.4,,,0,0
12015,200.45,,,0,0
12018,200.5,,,0,0
12021,200.55,,,0,0
12024,200.6,,,0,0
12027,200.65,,,0,0
12030,200.701,,,0,0
12033,200.751,,,0,0
12036,200.801,,,0,0
12039,200.851,,,0,0
12042,200.901,,,0,0
12045,200.951,,,0,0
12048,201.001,,,0,0
12051,201.051,,,0,0
12054,201.101,,,0,0
12057,201.151,,,0,0
12060,201.201,,,0,0
12063,201.251,,,0,0
12066,201.301,,,0,0
12069,201.351,,,0,0
12072,201.401,,,0,0
12075,201.451,,,0,0
12078,201.501,,,0,0
12081,201.551,,,0,0
12084,201.601,,,0,0
12087,201.651,,,0,0
12090,201.702,,,0,0
12093,201.752,,,0,0
12096,201.802,,,0,0
12099,201.852,,,0,0
12102,201.902,,,0,0
12105,201.952,,,0,0
12108,202.002,,,0,0
12111,202.052,,,0,0
12114,202.102,,,0,0
12117,202.152,,,0,0
12120,202.202,,,0,0
12123,202.252,,,0,0
12126,202.302,,,0,0
12129,202.352,,,0,0
12132,202.402,,,0,0
12135,202.452,,,0,0
12138,202.502,,,0,0
12141,202.552,,,0,0
12144,202.602,,,0,0
12147,202.652,,,0,0
12150,202.703,,,0,0
12153,202.753,,,0,0
12156,202.803,,,0,0
12159,202.853,,,0,0
12162,202.903,,,0,0
12165,202.953,,,0,0
12168,203.003,,,0,0
12171,203.053,,,0,0
12174,203.103,,,0,0
12177,203.153,,,0,0
12180,203.203,,,0,0
12183,203.253,,,0,0
12186,203.303,,,0,0
12189,203.353,,,0,0
12192,203.403,,,0,0
12195,203.453,,,0,0
12198,203.503,,,0,0
12201,203.553,,,0,0
12204,203.603,,,0,0
12207,203.653,,,0,0
12210,203.703,,,0,0
12213,203.754,,,0,0
12216,203.804,,,0,0
12219,203.854,,,0,0
12222,203.904,,,0,0
12225,203.954,,,0,0
12228,204.004,,,0,0
12231,204.054,,,0,0
12234,204.104,,,0,0
12237,204.154,,,0,0
12240,204.204,,,0,0
12243,204.254,,,0,0
12246,204.304,,,0,0
12249,204.354,,,0,0
12252,204.404,,,0,0
12255,204.454,,,0,0
12258,204.504,,,0,0
12261,204.554,,,0,0
12264,204.604,,,0,0
12267,204.654,,,0,0
12270,204.704,,,0,0
12273,204.755,,,0,0
12276,204.805,,,0,0
12279,204.855,,,0,0
12282,204.905,,,0,0
12285,204.955,,,0,0
12288,205.005,,,0,0
12291,205.055,,,0,0
12294,205.105,,,0,0
12297,205.155,,,0,0
12300,205.205,,,0,0
12303,205.255,,,0,0
12306,205.305,,,0,0
12309,205.355,,,0,0
12312,205.405,,,0,0
12315,205.455,,,0,0
12318,205.505,,,0,0
12321,205.555,,,0,0
12324,205.605,,,0,0
12327,205.655,,,0,0
12330,205.706,,,0,0
12333,205.756,,,0,0
12336,205.806,,,0,0
12339,205.856,,,0,0
12342,205.906,,,0,0
12345,205.956,,,0,0
12348,206.006,,,0,0
12351,206.056,,,0,0
12354,206.106,,,0,0
12357,206.156,,,0,0
12360,206.206,,,0,0
12363,206.256,,,0,0
12366,206.306,,,0,0
12369,206.356,,,0,0
12372,206.406,,,0,0
12375,206.456,,,0,0
12378,206.506,,,0,0
12381,206.556,,,0,0
12384,206.606,,,0,0
12387,206.656,,,0,0
12390,206.707,,,0,0
12393,206.757,,,0,0
12396,206.807,,,0,0
12399,206.857,,,0,0
12402,206.907,,,0,0
12405,206.957,,,0,0
12408,207.007,,,0,0
12411,207.057,,,0,0
12414,207.107,,,0,0
12417,207.157,,,0,0
12420,207.207,,,0,0
12423,207.257,,,0,0
12426,207.307,,,0,0
12429,207.357,,,0,0
12432,207.407,,,0,0
12435,207.457,,,0,0
12438,207.507,,,0,0
12441,207.557,,,0,0
12444,207.607,,,0,0
12447,207.657,,,0,0
12450,207.708,,,0,0
12453,207.758,,,0,0
12456,207.808,,,0,0
12459,207.858,,,0,0
12462,207.908,,,0,0
12465,207.958,,,0,0
12468,208.008,,,0,0
12471,208.058,,,0,0
12474,208.108,,,0,0
12477,208.158,,,0,0
12480,208.208,,,0,0
12483,208.258,,,0,0
12486,208.308,,,0,0
12489,208.358,,,0,0
12492,208.408,,,0,0
12495,208.458,,,0,0
12498,208.508,,,0,0
12501,208.558,,,0,0
12504,208.608,,,0,0
12507,208.658,,,0,0
12510,208.709,,,0,0
12513,208.759,,,0,0
12516,208.809,,,0,0
12519,208.859,,,0,0
12522,208.909,,,0,0
12525,208.959,,,0,0
12528,209.009,,,0,0
12531,209.059,,,0,0
12534,209.109,,,0,0
12537,209.159,,,0,0
12540,209.209,,,0,0
12543,209.259,,,0,0
12546,209.309,,,0,0
12549,209.359,,,0,0
12552,209.409,,,0,0
12555,209.459,,,0,0
12558,209.509,,,0,0
12561,209.559,,,0,0
12564,209.609,,,0,0
12567,209.659,,,0,0
12570,209.709,,,0,0
12573,209.76,,,0,0
12576,209.81,,,0,0
12579,209.86,,,0,0
12582,209.91,,,0,0
12585,209.96,,,0,0
12588,210.01,,,0,0
12591,210.06,,,0,0
12594,210.11,,,0,0
12597,210.16,,,0,0
12600,210.21,,,0,0
12603,210.26,,,0,0
12606,210.31,,,0,0
12609,210.36,,,0,0
12612,210.41,,,0,0
12615,210.46,,,0,0
12618,210.51,,,0,0
12621,210.56,,,0,0
12624,210.61,,,0,0
12627,210.66,,,0,0
12630,210.71,,,0,0
12633,210.761,,,0,0
12636,210.811,,,0,0
12639,210.861,,,0,0
12642,210.911,,,0,0
12645,210.961,,,0,0
12648,211.011,,,0,0
12651,211.061,,,0,0
12654,211.111,,,0,0
12657,211.161,,,0,0
12660,211.211,,,0,0
12663,211.261,,,0,0
12666,211.311,,,0,0
12669,211.361,,,0,0
12672,211.411,,,0,0
12675,211.461,,,0,0
12678,211.511,,,0,0
12681,211.561,,,0,0
12684,211.611,,,0,0
12687,211.661,,,0,0
12690,211.712,,,0,0
12693,211.762,,,0,0
12696,211.812,,,0,0
12699,211.862,,,0,0
12702,211.912,,,0,0
12705,211.962,,,0,0
12708,212.012,,,0,0
12711,212.062,,,0,0
12714,212.112,,,0,0
12717,212.162,,,0,0
12720,212.212,,,0,0
12723,212.262,,,0,0
12726,212.312,,,0,0
12729,212.362,,,0,0
12732,212.412,,,0,0
12735,212.462,,,0,0
12738,212.512,,,0,0
12741,212.562,,,0,0
12744,212.612,,,0,0
12747,212.662,,,0,0
12750,212.713,,,0,0
12753,212.763,,,0,0
12756,212.813,,,0,0
12759,212.863,,,0,0
12762,212.913,,,0,0
12765,212.963,,,0,0
12768,213.013,,,0,0
12771,213.063,,,0,0
12774,213.113,,,0,0
12777,213.163,,,0,0
12780,213.213,,,0,0
12783,213.263,,,0,0
12786,213.313,,,0,0
12789,213.363,,,0,0
12792,213.413,,,0,0
12795,213.463,,,0,0
12798,213.513,,,0,0
12801,213.563,,,0,0
12804,213.613,,,0,0
12807,213.663,,,0,0
12810,213.714,,,0,0
12813,213.764,,,0,0
12816,213.814,,,0,0
12819,213.864,,,0,0
12822,213.914,,,0,0
12825,213.964,,,0,0
12828,214.014,,,0,0
12831,214.064,,,0,0
12834,214.114,,,0,0
12837,214.164,,,0,0
12840,214.214,,,0,0
12843,214.264,,,0,0
12846,214.314,,,0,0
12849,214.364,,,0,0
12852,214.414,,,0,0
12855,214.464,,,0,0
12858,214.514,,,0,0
12861,214.564,,,0,0
12864,214.614,,,0,0
12867,214.664,,,0,0
12870,214.715,,,0,0
12873,214.765,,,0,0
12876,214.815,,,0,0
12879,214.865,,,0,0
12882,214.915,,,0,0
12885,214.965,,,0,0
12888,215.015,,,0,0
12891,215.065,,,0,0
12894,215.115,,,0,0
12897,215.165,,,0,0
12900,215.215,,,0,0
12903,215.265,,,0,0
12906,215.315,,,0,0
12909,215.365,,,0,0
12912,215.415,,,0,0
12915,215.465,,,0,0
12918,215.515,,,0,0
12921,215.565,,,0,0
12924,215.615,,,0,0
12927,215.665,,,0,0
12930,215.715,,,0,0
12933,215.766,,,0,0
12936,215.816,,,0,0
12939,215.866,,,0,0
12942,215.916,,,0,0
12945,215.966,,,0,0
12948,216.016,,,0,0
12951,216.066,,,0,0
12954,216.116,,,0,0
12957,216.166,,,0,0
12960,216.216,,,0,0
12963,216.266,,,0,0
12966,216.316,,,0,0
12969,216.366,,,0,0
12972,216.416,,,0,0
12975,216.466,,,0,0
12978,216.516,,,0,0
12981,216.566,,,0,0
12984,216.616,,,0,0
12987,216.666,,,0,0
12990,216.716,,,0,0
12993,216.767,,,0,0
12996,216.817,,,0,0
12999,216.867,,,0,0
13002,216.917,,,0,0
13005,216.967,,,0,0
13008,217.017,,,0,0
13011,217.067,,,0,0
13014,217.117,,,0,0
13017,217.167,,,0,0
13020,217.217,,,0,0
13023,217.267,,,0,0
13026,217.317,,,0,0
13029,217.367,,,0,0
13032,217.417,,,0,0
13035,217.467,,,0,0
13038,217.517,,,0,0
13041,217.567,,,0,0
13044,217.617,,,0,0
13047,217.667,,,0,0
13050,217.718,,,0,0
13053,217.768,,,0,0
13056,217.818,,,0,0
13059,217.868,,,0,0
13062,217.918,,,0,0
13065,217.968,,,0,0
13068,218.018,,,0,0
13071,218.068,,,0,0
13074,218.118,,,0,0
13077,218.168,,,0,0
13080,218.218,,,0,0
13083,218.268,,,0,0
13086,218.318,,,0,0
13089,218.368,,,0,0
13092,218.418,,,0,0
13095,218.468,,,0,0
13098,218.518,,,0,0
13101,218.568,,,0,0
13104,218.618,,,0,0
13107,218.668,,,0,0
13110,218.719,,,0,0
13113,218.769,,,0,0
13116,218.819,,,0,0
13119,218.869,,,0,0
13122,218.919,,,0,0
13125,218.969,,,0,0
13128,219.019,,,0,0
13131,219.069,,,0,0
13134,219.119,,,0,0
13137,219.169,,,0,0
13140,219.219,,,0,0
13143,219.269,,,0,0
13146,219.319,,,0,0
13149,219.369,,,0,0
13152,219.419,,,0,0
13155,219.469,,,0,0
13158,219.519,,,0,0
13161,219.569,,,0,0
13164,219.619,,,0,0
13167,219.669,,,0,0
13170,219.72,,,0,0
13173,219.77,,,0,0
13176,219.82,,,0,0
13179,219.87,,,0,0
13182,219.92,,,0,0
13185,219.97,,,0,0
13188,220.02,,,0,0
13191,220.07,,,0,0
13194,220.12,,,0,0
13197,220.17,,,0,0
13200,220.22,,,0,0
13203,220.27,,,0,0
13206,220.32,,,0,0
13209,220.37,,,0,0
13212,220.42,,,0,0
13215,220.47,,,0,0
13218,220.52,,,0,0
13221,220.57,,,0,0
13224,220.62,,,0,0
13227,220.67,,,0,0
13230,220.721,,,0,0
13233,220.771,,,0,0
13236,220.821,,,0,0
13239,220.871,,,0,0
13242,220.921,,,0,0
13245,220.971,,,0,0
13248,221.021,,,0,0
13251,221.071,,,0,0
13254,221.121,,,0,0
13257,221.171,,,0,0
13260,221.221,,,0,0
13263,221.271,,,0,0
13266,221.321,,,0,0
13269,221.371,,,0,0
13272,221.421,,,0,0
13275,221.471,,,0,0
13278,221.521,,,0,0
13281,221.571,,,0,0
13284,221.621,,,0,0
13287,221.671,,,0,0
13290,221.721,,,0,0
13293,221.772,,,0,0
13296,221.822,,,0,0
13299,221.872,,,0,0
13302,221.922,,,0,0
13305,221.972,,,0,0
13308,222.022,,,0,0
13311,222.072,,,0,0
13314,222.122,,,0,0
13317,222.172,,,0,0
13320,222.222,,,0,0
13323,222.272,,,0,0
13326,222.322,,,0,0
13329,222.372,,,0,0
13332,222.422,,,0,0
13335,222.472,,,0,0
13338,222.522,,,0,0
13341,222.572,,,0,0
13344,222.622,,,0,0
13347,222.672,,,0,0
13350,222.722,,,0,0
13353,222.773,,,0,0
13356,222.823,,,0,0
13359,222.873,,,0,0
13362,222.923,,,0,0
13365,222.973,,,0,0
13368,223.023,,,0,0
13371,223.073,,,0,0
13374,223.123,,,0,0
13377,223.173,,,0,0
13380,223.223,,,0,0
13383,223.273,,,0,0
13386,223.323,,,0,0
13389,223.373,,,0,0
13392,223.423,,,0,0
13395,223.473,,,0,0
13398,223.523,,,0,0
13401,223.573,,,0,0
13404,223.623,,,0,0
13407,223.673,,,0,0
13410,223.724,,,0,0
13413,223.774,,,0,0
13416,223.824,,,0,0
13419,223.874,,,0,0
13422,223.924,,,0,0
13425,223.974,,,0,0
13428,224.024,,,0,0
13431,224.074,,,0,0
13434,224.124,,,0,0
13437,224.174,,,0,0
13440,224.224,,,0,0
13443,224.274,,,0,0
13446,224.324,,,0,0
13449,224.374,,,0,0
13452,224.424,,,0,0
13455,224.474,,,0,0
13458,224.524,,,0,0
13461,224.574,,,0,0
13464,224.624,,,0,0
13467,224.674,,,0,0
13470,224.725,,,0,0
13473,224.775,,,0,0
13476,224.825,,,0,0
13479,224.875,,,0,0
13482,224.925,,,0,0
13485,224.975,,,0,0
13488,225.025,,,0,0
13491,225.075,,,0,0
13494,225.125,,,0,0
13497,225.175,,,0,0
13500,225.225,,,0,0
13503,225.275,,,0,0
13506,225.325,,,0,0
13509,225.375,,,0,0
13512,225.425,,,0,0
13515,225.475,,,0,0
13518,225.525,,,0,0
13521,225.575,,,0,0
13524,225.625,,,0,0
13527,225.675,,,0,0
13530,225.726,,,0,0
13533,225.776,,,0,0
13536,225.826,,,0,0
13539,225.876,,,0,0
13542,225.926,,,0,0
13545,225.976,,,0,0
13548,226.026,,,0,0
13551,226.076,,,0,0
13554,226.126,,,0,0
13557,226.176,,,0,0
13560,226.226,,,0,0
13563,226.276,,,0,0
13566,226.326,,,0,0
13569,226.376,,,0,0
13572,226.426,,,0,0
13575,226.476,,,0,0
13578,226.526,,,0,0
13581,226.576,,,0,0
13584,226.626,,,0,0
13587,226.676,,,0,0
13680,228.228,,,0,0
13683,228.278,,,0,0
13686,228.328,,,0,0
13689,228.378,,,0,0
13692,228.428,,,0,0
13695,228.478,,,0,0
13698,228.528,,,0,0
13701,228.578,,,0,0
13704,228.628,,,0,0
13707,228.678,,,0,0
13710,228.728,,,0,0
13713,228.779,,,0,0
13716,228.829,,,0,0
13719,228.879,,,0,0
13722,228.929,,,0,0
13725,228.979,,,0,0
13728,229.029,,,0,0
13731,229.079,,,0,0
13734,229.129,,,0,0
13737,229.179,,,0,0
13740,229.229,,,0,0
13743,229.279,,,0,0
13746,229.329,,,0,0
13749,229.379,,,0,0
13752,229.429,,,0,0
13755,229.479,,,0,0
13758,229.529,,,0,0
13761,229.579,,,0,0
13764,229.629,,,0,0
13767,229.679,,,0,0
13770,229.73,,,0,0
13773,229.78,,,0,0
13776,229.83,,,0,0
13779,229.88,,,0,0
13782,229.93,,,0,0
13785,229.98,,,0,0
13788,230.03,,,0,0
13791,230.08,,,0,0
13794,230.13,,,0,0
13797,230.18,,,0,0
13800,230.23,,,0,0
13803,230.28,,,0,0
13806,230.33,,,0,0
13809,230.38,,,0,0
13812,230.43,,,0,0
13815,230.48,,,0,0
13818,230.53,,,0,0
13821,230.58,,,0,0
13824,230.63,,,0,0
13827,230.68,,,0,0
13830,230.731,,,0,0
13833,230.781,,,0,0
13836,230.831,,,0,0
13839,230.881,,,0,0
13842,230.931,,,0,0
13845,230.981,,,0,0
13848,231.031,,,0,0
13851,231.081,,,0,0
13854,231.131,,,0,0
13857,231.181,,,0,0
13860,231.231,,,0,0
13863,231.281,,,0,0
13866,231.331,,,0,0
13869,231.381,,,0,0
13872,231.431,,,0,0
13875,231.481,,,0,0
13878,231.531,,,0,0
13881,231.581,,,0,0
13884,231.631,,,0,0
13887,231.681,,,0,0
13890,231.732,,,0,0
13893,231.782,,,0,0
13896,231.832,,,0,0
13899,231.882,,,0,0
13902,231.932,,,0,0
13905,231.982,,,0,0
13908,232.032,,,0,0
13911,232.082,,,0,0
13914,232.132,,,0,0
13917,232.182,,,0,0
13920,232.232,,,0,0
13923,232.282,,,0,0
13926,232.332,,,0,0
13929,232.382,,,0,0
13932,232.432,,,0,0
13935,232.482,,,0,0
13938,232.532,,,0,0
13941,232.582,,,0,0
13944,232.632,,,0,0
13947,232.682,,,0,0
13950,232.733,,,0,0
13953,232.783,,,0,0
13956,232.833,,,0,0
13959,232.883,,,0,0
13962,232.933,,,0,0
13965,232.983,,,0,0
13968,233.033,,,0,0
13971,233.083,,,0,0
13974,233.133,,,0,0
13977,233.183,,,0,0
13980,233.233,,,0,0
13983,233.283,,,0,0
13986,233.333,,,0,0
13989,233.383,,,0,0
13992,233.433,,,0,0
13995,233.483,,,0,0
13998,233.533,,,0,0
14001,233.583,,,0,0
14004,233.633,,,0,0
14007,233.683,,,0,0
14010,233.733,,,0,0
14013,233.784,,,0,0
14016,233.834,,,0,0
14019,233.884,,,0,0
14022,233.934,,,0,0
14025,233.984,,,0,0
14028,234.034,,,0,0
14031,234.084,,,0,0
14034,234.134,,,0,0
14037,234.184,,,0,0
14040,234.234,,,0,0
14043,234.284,,,0,0
14046,234.334,,,0,0
14049,234.384,,,0,0
14052,234.434,,,0,0
14055,234.484,,,0,0
14058,234.534,,,0,0
14061,234.584,,,0,0
14064,234.634,,,0,0
14067,234.684,,,0,0
14070,234.734,,,0,0
14073,234.785,,,0,0
14076,234.835,,,0,0
14079,234.885,,,0,0
14082,234.935,,,0,0
14085,234.985,,,0,0
14088,235.035,,,0,0
14091,235.085,,,0,0
14094,235.135,,,0,0
14097,235.185,,,0,0
14100,235.235,,,0,0
14103,235.285,,,0,0
14106,235.335,,,0,0
14109,235.385,,,0,0
14112,235.435,,,0,0
14115,235.485,,,0,0
14118,235.535,,,0,0
14121,235.585,,,0,0
14124,235.635,,,0,0
14127,235.685,,,0,0
14130,235.736,,,0,0
14133,235.786,,,0,0
14136,235.836,,,0,0
14139,235.886,,,0,0
14142,235.936,,,0,0
14145,235.986,,,0,0
14148,236.036,,,0,0
14151,236.086,,,0,0
14154,236.136,,,0,0
14157,236.186,,,0,0
14160,236.236,,,0,0
14163,236.286,,,0,0
14166,236.336,,,0,0
14169,236.386,,,0,0
14172,236.436,,,0,0
14175,236.486,,,0,0
14178,236.536,,,0,0
14181,236.586,,,0,0
14184,236.636,,,0,0
14187,236.686,,,0,0
14190,236.737,,,0,0
14193,236.787,,,0,0
14196,236.837,,,0,0
14199,236.887,,,0,0
14202,236.937,,,0,0
14205,236.987,,,0,0
14208,237.037,,,0,0
14211,237.087,,,0,0
14214,237.137,,,0,0
14217,237.187,,,0,0
14220,237.237,,,0,0
14223,237.287,,,0,0
14226,237.337,,,0,0
14229,237.387,,,0,0
14232,237.437,,,0,0
14235,237.487,,,0,0
14238,237.537,,,0,0
14241,237.587,,,0,0
14244,237.637,,,0,0
14247,237.687,,,0,0
14250,237.738,,,0,0
14253,237.788,,,0,0
14256,237.838,,,0,0
14259,237.888,,,0,0
14262,237.938,,,0,0
14265,237.988,,,0,0
14268,238.038,,,0,0
14271,238.088,,,0,0
14274,238.138,,,0,0
14277,238.188,,,0,0
14280,238.238,,,0,0
14283,238.288,,,0,0
14286,238.338,,,0,0
14289,238.388,,,0,0
14292,238.438,,,0,0
14295,238.488,,,0,0
14298,238.538,,,0,0
14301,238.588,,,0,0
14304,238.638,,,0,0
14307,238.688,,,0,0
14310,238.739,,,0,0
14313,238.789,,,0,0
14316,238.839,,,0,0
14319,238.889,,,0,0
14322,238.939,,,0,0
14325,238.989,,,0,0
14328,239.039,,,0,0
14331,239.089,,,0,0
14334,239.139,,,0,0
14337,239.189,,,0,0
14340,239.239,,,0,0
14343,239.289,,,0,0
14346,239.339,,,0,0
14349,239.389,,,0,0
14352,239.439,,,0,0
14355,239.489,,,0,0
14358,239.539,,,0,0
14361,239.589,,,0,0
14364,239.639,,,0,0
14367,239.689,,,0,0
14370,239.739,,,0,0
14373,239.79,,,0,0
14376,239.84,,,0,0
14379,239.89,,,0,0
14382,239.94,,,0,0
14385,239.99,,,0,0
14388,240.04,,,0,0
14391,240.09,,,0,0
14394,240.14,,,0,0
14397,240.19,,,0,0
14400,240.24,,,0,0
14403,240.29,,,0,0
14406,240.34,,,0,0
14409,240.39,,,0,0
14412,240.44,,,0,0
14415,240.49,,,0,0
14418,240.54,,,0,0
14421,240.59,,,0,0
14424,240.64,,,0,0
14427,240.69,,,0,0
14430,240.74,,,0,0
14433,240.791,,,0,0
14436,240.841,,,0,0
14439,240.891,,,0,0
14442,240.941,,,0,0
14445,240.991,,,0,0
14448,241.041,,,0,0
14451,241.091,,,0,0
14454,241.141,,,0,0
14457,241.191,,,0,0
14460,241.241,,,0,0
14463,241.291,,,0,0
14466,241.341,,,0,0
14469,241.391,,,0,0
14472,241.441,,,0,0
14475,241.491,,,0,0
14478,241.541,,,0,0
14481,241.591,,,0,0
14484,241.641,,,0,0
14487,241.691,,,0,0
14490,241.742,,,0,0
14493,241.792,,,0,0
14496,241.842,,,0,0
14499,241.892,,,0,0
14502,241.942,,,0,0
14505,241.992,,,0,0
14508,242.042,,,0,0
14511,242.092,,,0,0
14514,242.142,,,0,0
14517,242.192,,,0,0
14520,242.242,,,0,0
14523,242.292,,,0,0
14526,242.342,,,0,0
14529,242.392,,,0,0
14532,242.442,,,0,0
14535,242.492,,,0,0
14538,242.542,,,0,0
14541,242.592,,,0,0
14544,242.642,,,0,0
14547,242.692,,,0,0
14550,242.743,,,0,0
14553,242.793,,,0,0
14556,242.843,,,0,0
14559,242.893,,,0,0
14562,242.943,,,0,0
14565,242.993,,,0,0
14568,243.043,,,0,0
14571,243.093,,,0,0
14574,243.143,,,0,0
14577,243.193,,,0,0
14580,243.243,,,0,0
14583,243.293,,,0,0
14586,243.343,,,0,0
14589,243.393,,,0,0
14592,243.443,,,0,0
14595,243.493,,,0,0
14598,243.543,,,0,0
14601,243.593,,,0,0
14604,243.643,,,0,0
14607,243.693,,,0,0
14610,243.744,,,0,0
14613,243.794,,,0,0
14616,243.844,,,0,0
14619,243.894,,,0,0
14622,243.944,,,0,0
14625,243.994,,,0,0
14628,244.044,,,0,0
14631,244.094,,,0,0
14634,244.144,,,0,0
14637,244.194,,,0,0
14640,244.244,,,0,0
14643,244.294,,,0,0
14646,244.344,,,0,0
14649,244.394,,,0,0
14652,244.444,,,0,0
14655,244.494,,,0,0
14658,244.544,,,0,0
14661,244.594,,,0,0
14664,244.644,,,0,0
14667,244.694,,,0,0
14670,244.745,,,0,0
14673,244.795,,,0,0
14676,244.845,,,0,0
14679,244.895,,,0,0
14682,244.945,,,0,0
14685,244.995,,,0,0
14688,245.045,,,0,0
14691,245.095,,,0,0
14694,245.145,,,0,0
14697,245.195,,,0,0
14700,245.245,,,0,0
14703,245.295,,,0,0
14706,245.345,,,0,0
14709,245.395,,,0,0
14712,245.445,,,0,0
14715,245.495,,,0,0
14718,245.545,,,0,0
14721,245.595,,,0,0
14724,245.645,,,0,0
14727,245.695,,,0,0
14730,245.745,,,0,0
14733,245.796,,,0,0
14736,245.846,,,0,0
14739,245.896,,,0,0
14742,245.946,,,0,0
14745,245.996,,,0,0
14748,246.046,,,0,0
14751,246.096,,,0,0
14754,246.146,,,0,0
14757,246.196,,,0,0
14760,246.246,,,0,0
14763,246.296,,,0,0
14766,246.346,,,0,0
14769,246.396,,,0,0
14772,246.446,,,0,0
14775,246.496,,,0,0
14778,246.546,,,0,0
14781,246.596,,,0,0
14784,246.646,,,0,0
14787,246.696,,,0,0
14790,246.746,,,0,0
14793,246.797,,,0,0
14796,246.847,,,0,0
14799,246.897,,,0,0
14802,246.947,,,0,0
14805,246.997,,,0,0
14808,247.047,,,0,0
14811,247.097,,,0,0
14814,247.147,,,0,0
14817,247.197,,,0,0
14820,247.247,,,0,0
14823,247.297,,,0,0
14826,247.347,,,0,0
14829,247.397,,,0,0
14832,247.447,,,0,0
14835,247.497,,,0,0
14838,247.547,,,0,0
14841,247.597,,,0,0
14844,247.647,,,0,0
14847,247.697,,,0,0
14850,247.748,,,0,0
14853,247.798,,,0,0
14856,247.848,,,0,0
14859,247.898,,,0,0
14862,247.948,,,0,0
14865,247.998,,,0,0
14868,248.048,,,0,0
14871,248.098,,,0,0
14874,248.148,,,0,0
14877,248.198,,,0,0
14880,248.248,,,0,0
14883,248.298,,,0,0
14886,248.348,,,0,0
14889,248.398,,,0,0
14892,248.448,,,0,0
14895,248.498,,,0,0
14898,248.548,,,0,0
14901,248.598,,,0,0
14904,248.648,,,0,0
14907,248.698,,,0,0
14910,248.749,,,0,0
14913,248.799,,,0,0
14916,248.849,,,0,0
14919,248.899,,,0,0
14922,248.949,,,0,0
14925,248.999,,,0,0
14928,249.049,,,0,0
14931,249.099,,,0,0
14934,249.149,,,0,0
14937,249.199,,,0,0
14940,249.249,,,0,0
14943,249.299,,,0,0
14946,249.349,,,0,0
14949,249.399,,,0,0
14952,249.449,,,0,0
14955,249.499,,,0,0
14958,249.549,,,0,0
14961,249.599,,,0,0
14964,249.649,,,0,0
14967,249.699,,,0,0
14970,249.75,,,0,0
14973,249.8,,,0,0
14976,249.85,,,0,0
14979,249.9,,,0,0
14982,249.95,,,0,0
14985,250.0,,,0,0
14988,250.05,,,0,0
14991,250.1,,,0,0
14994,250.15,,,0,0
14997,250.2,,,0,0
15000,250.25,,,0,0
15003,250.3,,,0,0
15006,250.35,,,0,0
15009,250.4,,,0,0
15012,250.45,,,0,0
15015,250.5,,,0,0
15018,250.55,,,0,0
15021,250.6,,,0,0
15024,250.65,,,0,0
15027,250.7,,,0,0
15030,250.751,,,0,0
15033,250.801,,,0,0
15036,250.851,,,0,0
15039,250.901,,,0,0
15042,250.951,,,0,0
15045,251.001,,,0,0
15048,251.051,,,0,0
15051,251.101,,,0,0
15054,251.151,,,0,0
15057,251.201,,,0,0
15060,251.251,,,0,0
15063,251.301,,,0,0
15066,251.351,,,0,0
15069,251.401,,,0,0
15072,251.451,,,0,0
15075,251.501,,,0,0
15078,251.551,,,0,0
15081,251.601,,,0,0
15084,251.651,,,0,0
15087,251.701,,,0,0
15090,251.751,,,0,0
15093,251.802,,,0,0
15096,251.852,,,0,0
15099,251.902,,,0,0
15102,251.952,,,0,0
15105,252.002,,,0,0
15108,252.052,,,0,0
15111,252.102,,,0,0
15114,252.152,,,0,0
15117,252.202,,,0,0
15120,252.252,,,0,0
15123,252.302,,,0,0
15126,252.352,,,0,0
15129,252.402,,,0,0
15132,252.452,,,0,0
15135,252.502,,,0,0
15138,252.552,,,0,0
15141,252.602,,,0,0
15144,252.652,,,0,0
15147,252.702,,,0,0
15150,252.752,,,0,0
15153,252.803,,,0,0
15156,252.853,,,0,0
15159,252.903,,,0,0
15162,252.953,,,0,0
15165,253.003,,,0,0
15168,253.053,,,0,0
15171,253.103,,,0,0
15174,253.153,,,0,0
15177,253.203,,,0,0
15180,253.253,,,0,0
15183,253.303,,,0,0
15186,253.353,,,0,0
15189,253.403,,,0,0
15192,253.453,,,0,0
15195,253.503,,,0,0
15198,253.553,,,0,0
15201,253.603,,,0,0
15204,253.653,,,0,0
15207,253.703,,,0,0
15210,253.754,,,0,0
15213,253.804,,,0,0
15216,253.854,,,0,0
15219,253.904,,,0,0
15222,253.954,,,0,0
15225,254.004,,,0,0
15228,254.054,,,0,0
15231,254.104,,,0,0
15234,254.154,,,0,0
15237,254.204,,,0,0
15240,254.254,,,0,0
15243,254.304,,,0,0
15246,254.354,,,0,0
15249,254.404,,,0,0
15252,254.454,,,0,0
15255,254.504,,,0,0
15258,254.554,,,0,0
15261,254.604,,,0,0
15264,254.654,,,0,0
15267,254.704,,,0,0
15270,254.755,,,0,0
15273,254.805,,,0,0
15276,254.855,,,0,0
15279,254.905,,,0,0
15282,254.955,,,0,0
15285,255.005,,,0,0
15288,255.055,,,0,0
15291,255.105,,,0,0
15294,255.155,,,0,0
15297,255.205,,,0,0
15390,256.757,,,0,0
15393,256.807,,,0,0
15396,256.857,,,0,0
15399,256.907,,,0,0
15402,256.957,,,0,0
15405,257.007,,,0,0
15408,257.057,,,0,0
15411,257.107,,,0,0
15414,257.157,,,0,0
15417,257.207,,,0,0
15420,257.257,,,0,0
15423,257.307,,,0,0
15426,257.357,,,0,0
15429,257.407,,,0,0
15432,257.457,,,0,0
15435,257.507,,,0,0
15438,257.557,,,0,0
15441,257.607,,,0,0
15444,257.657,,,0,0
15447,257.707,,,0,0
15450,257.757,,,0,0
15453,257.808,,,0,0
15456,257.858,,,0,0
15459,257.908,,,0,0
15462,257.958,,,0,0
15465,258.008,,,0,0
15468,258.058,,,0,0
15471,258.108,,,0,0
15474,258.158,,,0,0
15477,258.208,,,0,0
15480,258.258,,,0,0
15483,258.308,,,0,0
15486,258.358,,,0,0
15489,258.408,,,0,0
15492,258.458,,,0,0
15495,258.508,,,0,0
15498,258.558,,,0,0
15501,258.608,,,0,0
15504,258.658,,,0,0
15507,258.708,,,0,0
15510,258.759,,,0,0
15513,258.809,,,0,0
15516,258.859,,,0,0
15519,258.909,,,0,0
15522,258.959,,,0,0
15525,259.009,,,0,0
15528,259.059,,,0,0
15531,259.109,,,0,0
15534,259.159,,,0,0
15537,259.209,,,0,0
15540,259.259,,,0,0
15543,259.309,,,0,0
15546,259.359,,,0,0
15549,259.409,,,0,0
15552,259.459,,,0,0
15555,259.509,,,0,0
15558,259.559,,,0,0
15561,259.609,,,0,0
15564,259.659,,,0,0
15567,259.709,,,0,0
15570,259.76,,,0,0
15573,259.81,,,0,0
15576,259.86,,,0,0
15579,259.91,,,0,0
15582,259.96,,,0,0
15585,260.01,,,0,0
15588,260.06,,,0,0
15591,260.11,,,0,0
15594,260.16,,,0,0
15597,260.21,,,0,0
15600,260.26,,,0,0
15603,260.31,,,0,0
15606,260.36,,,0,0
15609,260.41,,,0,0
15612,260.46,,,0,0
15615,260.51,,,0,0
15618,260.56,,,0,0
15621,260.61,,,0,0
15624,260.66,,,0,0
15627,260.71,,,0,0
15630,260.76,,,0,0
15633,260.811,,,0,0
15636,260.861,,,0,0
15639,260.911,,,0,0
15642,260.961,,,0,0
15645,261.011,,,0,0
15648,261.061,,,0,0
15651,261.111,,,0,0
15654,261.161,,,0,0
15657,261.211,,,0,0
15660,261.261,,,0,0
15663,261.311,,,0,0
15666,261.361,,,0,0
15669,261.411,,,0,0
15672,261.461,,,0,0
15675,261.511,,,0,0
15678,261.561,,,0,0
15681,261.611,,,0,0
15684,261.661,,,0,0
15687,261.711,,,0,0
15690,261.762,,,0,0
15693,261.812,,,0,0
15696,261.862,,,0,0
15699,261.912,,,0,0
15702,261.962,,,0,0
15705,262.012,,,0,0
15708,262.062,,,0,0
15711,262.112,,,0,0
15714,262.162,,,0,0
15717,262.212,,,0,0
15720,262.262,,,0,0
15723,262.312,,,0,0
15726,262.362,,,0,0
15729,262.412,,,0,0
15732,262.462,,,0,0
15735,262.512,,,0,0
15738,262.562,,,0,0
15741,262.612,,,0,0
15744,262.662,,,0,0
15747,262.712,,,0,0
15750,262.762,,,0,0
15753,262.813,,,0,0
15756,262.863,,,0,0
15759,262.913,,,0,0
15762,262.963,,,0,0
15765,263.013,,,0,0
15768,263.063,,,0,0
15771,263.113,,,0,0
15774,263.163,,,0,0
15777,263.213,,,0,0
15780,263.263,,,0,0
15783,263.313,,,0,0
15786,263.363,,,0,0
15789,263.413,,,0,0
15792,263.463,,,0,0
15795,263.513,,,0,0
15798,263.563,,,0,0
15801,263.613,,,0,0
15804,263.663,,,0,0
15807,263.713,,,0,0
15810,263.764,,,0,0
15813,263.814,,,0,0
15816,263.864,,,0,0
15819,263.914,,,0,0
15822,263.964,,,0,0
15825,264.014,,,0,0
15828,264.064,,,0,0
15831,264.114,,,0,0
15834,264.164,,,0,0
15837,264.214,,,0,0
15840,264.264,,,0,0
15843,264.314,,,0,0
15846,264.364,,,0,0
15849,264.414,,,0,0
15852,264.464,,,0,0
15855,264.514,,,0,0
15858,264.564,,,0,0
15861,264.614,,,0,0
15864,264.664,,,0,0
15867,264.714,,,0,0
15870,264.764,,,0,0
15873,264.815,,,0,0
15876,264.865,,,0,0
15879,264.915,,,0,0
15882,264.965,,,0,0
15885,265.015,,,0,0
15888,265.065,,,0,0
15891,265.115,,,0,0
15894,265.165,,,0,0
15897,265.215,,,0,0
15900,265.265,,,0,0
15903,265.315,,,0,0
15906,265.365,,,0,0
15909,265.415,,,0,0
15912,265.465,,,0,0
15915,265.515,,,0,0
15918,265.565,,,0,0
15921,265.615,,,0,0
15924,265.665,,,0,0
15927,265.715,,,0,0
15930,265.766,,,0,0
15933,265.816,,,0,0
15936,265.866,,,0,0
15939,265.916,,,0,0
15942,265.966,,,0,0
15945,266.016,,,0,0
15948,266.066,,,0,0
15951,266.116,,,0,0
15954,266.166,,,0,0
15957,266.216,,,0,0
15960,266.266,,,0,0
15963,266.316,,,0,0
15966,266.366,,,0,0
15969,266.416,,,0,0
15972,266.466,,,0,0
15975,266.516,,,0,0
15978,266.566,,,0,0
15981,266.616,,,0,0
15984,266.666,,,0,0
15987,266.716,,,0,0
15990,266.767,,,0,0
15993,266.817,,,0,0
15996,266.867,,,0,0
15999,266.917,,,0,0
16002,266.967,,,0,0
16005,267.017,,,0,0
16008,267.067,,,0,0
16011,267.117,,,0,0
16014,267.167,,,0,0
16017,267.217,,,0,0
16020,267.267,,,0,0
16023,267.317,,,0,0
16026,267.367,,,0,0
16029,267.417,,,0,0
16032,267.467,,,0,0
16035,267.517,,,0,0
16038,267.567,,,0,0
16041,267.617,,,0,0
16044,267.667,,,0,0
16047,267.717,,,0,0
16050,267.767,,,0,0
16053,267.818,,,0,0
16056,267.868,,,0,0
16059,267.918,,,0,0
16062,267.968,,,0,0
16065,268.018,,,0,0
16068,268.068,,,0,0
16071,268.118,,,0,0
16074,268.168,,,0,0
16077,268.218,,,0,0
16080,268.268,,,0,0
16083,268.318,,,0,0
16086,268.368,,,0,0
16089,268.418,,,0,0
16092,268.468,,,0,0
16095,268.518,,,0,0
16098,268.568,,,0,0
16101,268.618,,,0,0
16104,268.668,,,0,0
16107,268.718,,,0,0
16110,268.769,,,0,0
16113,268.819,,,0,0
16116,268.869,,,0,0
16119,268.919,,,0,0
16122,268.969,,,0,0
16125,269.019,,,0,0
16128,269.069,,,0,0
16131,269.119,,,0,0
16134,269.169,,,0,0
16137,269.219,,,0,0
16140,269.269,,,0,0
16143,269.319,,,0,0
16146,269.369,,,0,0
16149,269.419,,,0,0
16152,269.469,,,0,0
16155,269.519,,,0,0
16158,269.569,,,0,0
16161,269.619,,,0,0
16164,269.669,,,0,0
16167,269.719,,,0,0
16170,269.769,,,0,0
16173,269.82,,,0,0
16176,269.87,,,0,0
16179,269.92,,,0,0
16182,269.97,,,0,0
16185,270.02,,,0,0
16188,270.07,,,0,0
16191,270.12,,,0,0
16194,270.17,,,0,0
16197,270.22,,,0,0
16200,270.27,,,0,0
16203,270.32,,,0,0
16206,270.37,,,0,0
16209,270.42,,,0,0
16212,270.47,,,0,0
16215,270.52,,,0,0
16218,270.57,,,0,0
16221,270.62,,,0,0
16224,270.67,,,0,0
16227,270.72,,,0,0
16230,270.771,,,0,0
16233,270.821,,,0,0
16236,270.871,,,0,0
16239,270.921,,,0,0
16242,270.971,,,0,0
16245,271.021,,,0,0
16248,271.071,,,0,0
16251,271.121,,,0,0
16254,271.171,,,0,0
16257,271.221,,,0,0
16260,271.271,,,0,0
16263,271.321,,,0,0
16266,271.371,,,0,0
16269,271.421,,,0,0
16272,271.471,,,0,0
16275,271.521,,,0,0
16278,271.571,,,0,0
16281,271.621,,,0,0
16284,271.671,,,0,0
16287,271.721,,,0,0
16290,271.772,,,0,0
16293,271.822,,,0,0
16296,271.872,,,0,0
16299,271.922,,,0,0
16302,271.972,,,0,0
16305,272.022,,,0,0
16308,272.072,,,0,0
16311,272.122,,,0,0
16314,272.172,,,0,0
16317,272.222,,,0,0
16320,272.272,,,0,0
16323,272.322,,,0,0
16326,272.372,,,0,0
16329,272.422,,,0,0
16332,272.472,,,0,0
16335,272.522,,,0,0
16338,272.572,,,0,0
16341,272.622,,,0,0
16344,272.672,,,0,0
16347,272.722,,,0,0
16350,272.772,,,0,0
16353,272.823,,,0,0
16356,272.873,,,0,0
16359,272.923,,,0,0
16362,272.973,,,0,0
16365,273.023,,,0,0
16368,273.073,,,0,0
16371,273.123,,,0,0
16374,273.173,,,0,0
16377,273.223,,,0,0
16380,273.273,,,0,0
16383,273.323,,,0,0
16386,273.373,,,0,0
16389,273.423,,,0,0
16392,273.473,,,0,0
16395,273.523,,,0,0
16398,273.573,,,0,0
16401,273.623,,,0,0
16404,273.673,,,0,0
16407,273.723,,,0,0
16410,273.774,,,0,0
16413,273.824,,,0,0
16416,273.874,,,0,0
16419,273.924,,,0,0
16422,273.974,,,0,0
16425,274.024,,,0,0
16428,274.074,,,0,0
16431,274.124,,,0,0
16434,274.174,,,0,0
16437,274.224,,,0,0
16440,274.274,,,0,0
16443,274.324,,,0,0
16446,274.374,,,0,0
16449,274.424,,,0,0
16452,274.474,,,0,0
16455,274.524,,,0,0
16458,274.574,,,0,0
16461,274.624,,,0,0
16464,274.674,,,0,0
16467,274.724,,,0,0
16470,274.774,,,0,0
16473,274.825,,,0,0
16476,274.875,,,0,0
16479,274.925,,,0,0
16482,274.975,,,0,0
16485,275.025,,,0,0
16488,275.075,,,0,0
16491,275.125,,,0,0
16494,275.175,,,0,0
16497,275.225,,,0,0
16500,275.275,,,0,0
16503,275.325,,,0,0
16506,275.375,,,0,0
16509,275.425,,,0,0
16512,275.475,,,0,0
16515,275.525,,,0,0
16518,275.575,,,0,0
16521,275.625,,,0,0
16524,275.675,,,0,0
16527,275.725,,,0,0
16530,275.776,,,0,0
16533,275.826,,,0,0
16536,275.876,,,0,0
16539,275.926,,,0,0
16542,275.976,,,0,0
16545,276.026,,,0,0
16548,276.076,,,0,0
16551,276.126,,,0,0
16554,276.176,,,0,0
16557,276.226,,,0,0
16560,276.276,,,0,0
16563,276.326,,,0,0
16566,276.376,,,0,0
16569,276.426,,,0,0
16572,276.476,,,0,0
16575,276.526,,,0,0
16578,276.576,,,0,0
16581,276.626,,,0,0
16584,276.676,,,0,0
16587,276.726,,,0,0
16590,276.776,,,0,0
16593,276.827,,,0,0
16596,276.877,,,0,0
16599,276.927,,,0,0
16602,276.977,,,0,0
16605,277.027,,,0,0
16608,277.077,,,0,0
16611,277.127,,,0,0
16614,277.177,,,0,0
16617,277.227,,,0,0
16620,277.277,,,0,0
16623,277.327,,,0,0
16626,277.377,,,0,0
16629,277.427,,,0,0
16632,277.477,,,0,0
16635,277.527,,,0,0
16638,277.577,,,0,0
16641,277.627,,,0,0
16644,277.677,,,0,0
16647,277.727,,,0,0
16650,277.778,,,0,0
16653,277.828,,,0,0
16656,277.878,,,0,0
16659,277.928,,,0,0
16662,277.978,,,0,0
16665,278.028,,,0,0
16668,278.078,,,0,0
16671,278.128,,,0,0
16674,278.178,,,0,0
16677,278.228,,,0,0
16680,278.278,,,0,0
16683,278.328,,,0,0
16686,278.378,,,0,0
16689,278.428,,,0,0
16692,278.478,,,0,0
16695,278.528,,,0,0
16698,278.578,,,0,0
16701,278.628,,,0,0
16704,278.678,,,0,0
16707,278.728,,,0,0
16710,278.779,,,0,0
16713,278.829,,,0,0
16716,278.879,,,0,0
16719,278.929,,,0,0
16722,278.979,,,0,0
16725,279.029,,,0,0
16728,279.079,,,0,0
16731,279.129,,,0,0
16734,279.179,,,0,0
16737,279.229,,,0,0
16740,279.279,,,0,0
16743,279.329,,,0,0
16746,279.379,,,0,0
16749,279.429,,,0,0
16752,279.479,,,0,0
16755,279.529,,,0,0
16758,279.579,,,0,0
16761,279.629,,,0,0
16764,279.679,,,0,0
16767,279.729,,,0,0
16770,279.779,,,0,0
16773,279.83,,,0,0
16776,279.88,,,0,0
16779,279.93,,,0,0
16782,279.98,,,0,0
16785,280.03,,,0,0
16788,280.08,,,0,0
16791,280.13,,,0,0
16794,280.18,,,0,0
16797,280.23,,,0,0
16800,280.28,,,0,0
16803,280.33,,,0,0
16806,280.38,,,0,0
16809,280.43,,,0,0
16812,280.48,,,0,0
16815,280.53,,,0,0
16818,280.58,,,0,0
16821,280.63,,,0,0
16824,280.68,,,0,0
16827,280.73,,,0,0
16830,280.781,,,0,0
16833,280.831,,,0,0
16836,280.881,,,0,0
16839,280.931,,,0,0
16842,280.981,,,0,0
16845,281.031,,,0,0
16848,281.081,,,0,0
16851,281.131,,,0,0
16854,281.181,,,0,0
16857,281.231,,,0,0
16860,281.281,,,0,0
16863,281.331,,,0,0
16866,281.381,,,0,0
16869,281.431,,,0,0
16872,281.481,,,0,0
16875,281.531,,,0,0
16878,281.581,,,0,0
16881,281.631,,,0,0
16884,281.681,,,0,0
16887,281.731,,,0,0
16890,281.781,,,0,0
16893,281.832,,,0,0
16896,281.882,,,0,0
16899,281.932,,,0,0
16902,281.982,,,0,0
16905,282.032,,,0,0
16908,282.082,,,0,0
16911,282.132,,,0,0
16914,282.182,,,0,0
16917,282.232,23,471,1,1
16920,282.282,119,466,1,1
16923,282.332,117,465,1,1
16926,282.382,119,465,1,1
16929,282.432,117,465,1,1
16932,282.482,119,466,1,1
16935,282.532,119,466,1,1
16938,282.582,119,465,1,1
16941,282.632,119,466,1,1
16944,282.682,117,465,1,1
16947,282.732,119,465,1,1
16950,282.783,119,466,1,1
16953,282.833,117,465,1,1
16956,282.883,119,465,1,1
16959,282.933,119,466,1,1
16962,282.983,117,465,1,1
16965,283.033,119,465,1,1
16968,283.083,119,466,1,1
16971,283.133,117,465,1,1
16974,283.183,117,466,1,1
16977,283.233,117,465,1,1
16980,283.283,117,465,1,1
16983,283.333,119,466,1,1
16986,283.383,117,465,1,1
16989,283.433,119,465,1,1
16992,283.483,119,466,1,1
16995,283.533,117,465,1,1
16998,283.583,119,465,1,1
17001,283.633,119,466,1,1
17004,283.683,117,465,1,1
17007,283.733,119,466,1,1
17010,283.784,119,466,1,1
17013,283.834,117,465,1,1
17016,283.884,119,466,1,1
17019,283.934,117,465,1,1
17022,283.984,119,465,1,1
17025,284.034,119,466,1,1
17028,284.084,117,465,1,1
17031,284.134,119,465,1,1
17034,284.184,119,466,1,1
17037,284.234,117,465,1,1
17040,284.284,119,465,1,1
17043,284.334,119,465,1,1
17046,284.384,117,465,1,1
17049,284.434,119,465,1,1
17052,284.484,119,466,1,1
17055,284.534,117,465,1,1
17058,284.584,119,465,1,1
17061,284.634,117,465,1,1
17064,284.684,119,466,1,1
17067,284.734,119,466,1,1
17070,284.784,117,465,1,1
17073,284.835,119,466,1,1
17076,284.885,119,466,1,1
17079,284.935,117,465,1,1
17082,284.985,119,466,1,1
17085,285.035,119,466,1,1
17088,285.085,119,466,1,1
17091,285.135,117,465,1,1
17094,285.185,119,466,1,1
17097,285.235,119,466,1,1
17100,285.285,163,458,1,1
17103,285.335,161,458,1,1
17106,285.385,161,458,1,1
17109,285.435,163,458,1,1
17112,285.485,163,458,1,1
17115,285.535,162,457,1,1
17118,285.585,163,457,1,1
17121,285.635,163,458,1,1
17124,285.685,163,458,1,1
17127,285.735,162,457,1,1
17130,285.786,163,458,1,1
17133,285.836,163,458,1,1
17136,285.886,163,458,1,1
17139,285.936,162,457,1,1
17142,285.986,163,458,1,1
17145,286.036,163,458,1,1
17148,286.086,163,458,1,1
17151,286.136,162,457,1,1
17154,286.186,163,458,1,1
17157,286.236,163,458,1,1
17160,286.286,163,458,1,1
17163,286.336,162,457,1,1
17166,286.386,163,458,1,1
17169,286.436,163,458,1,1
17172,286.486,162,457,1,1
17175,286.536,163,457,1,1
17178,286.586,163,458,1,1
17181,286.636,163,458,1,1
17184,286.686,162,457,1,1
17187,286.736,163,458,1,1
17190,286.786,163,458,1,1
17193,286.837,162,457,1,1
17196,286.887,163,457,1,1
17199,286.937,163,458,1,1
17202,286.987,161,458,1,1
17205,287.037,163,458,1,1
17208,287.087,163,458,1,1
17211,287.137,162,457,1,1
17214,287.187,163,458,1,1
17217,287.237,162,457,1,1
17220,287.287,163,458,1,1
17223,287.337,163,458,1,1
17226,287.387,163,458,1,1
17229,287.437,162,457,1,1
17232,287.487,162,457,1,1
17235,287.537,163,458,1,1
17238,287.587,161,458,1,1
17241,287.637,163,458,1,1
17244,287.687,163,458,1,1
17247,287.737,162,457,1,1
17250,287.788,163,458,1,1
17253,287.838,163,458,1,1
17256,287.888,161,458,1,1
17259,287.938,163,458,1,1
17262,287.988,163,458,1,1
17265,288.038,162,457,1,1
17268,288.088,163,458,1,1
17271,288.138,163,458,1,1
17274,288.188,161,458,1,1
17277,288.238,163,458,1,1
17280,288.288,163,458,1,1
17283,288.338,162,457,1,1
17286,288.388,163,458,1,1
17289,288.438,163,458,1,1
17292,288.488,161,458,1,1
17295,288.538,161,458,1,1
17298,288.588,163,458,1,1
17301,288.638,162,457,1,1
17304,288.688,163,458,1,1
17307,288.738,162,457,1,1
17310,288.788,162,457,1,1
17313,288.839,163,458,1,1
17316,288.889,163,458,1,1
17319,288.939,162,457,1,1
17322,288.989,163,458,1,1
17325,289.039,162,457,1,1
17328,289.089,163,458,1,1
17331,289.139,161,458,1,1
17334,289.189,163,458,1,1
17337,289.239,162,457,1,1
17340,289.289,163,458,1,1
17343,289.339,162,457,1,1
17346,289.389,163,458,1,1
17349,289.439,162,457,1,1
17352,289.489,163,458,1,1
17355,289.539,163,458,1,1
17358,289.589,163,458,1,1
17361,289.639,163,458,1,1
17364,289.689,162,457,1,1
17367,289.739,163,458,1,1
17370,289.79,162,457,1,1
17373,289.84,163,458,1,1
17376,289.89,163,458,1,1
17379,289.94,161,458,1,1
17382,289.99,163,458,1,1
17385,290.04,161,458,1,1
17388,290.09,163,458,1,1
17391,290.14,163,458,1,1
17394,290.19,162,457,1,1
17397,290.24,163,458,1,1
17400,290.29,162,457,1,1
17403,290.34,163,458,1,1
17406,290.39,163,458,1,1
17409,290.44,162,457,1,1
17412,290.49,163,458,1,1
17415,290.54,162,457,1,1
17418,290.59,163,458,1,1
17421,290.64,163,458,1,1
17424,290.69,163,458,1,1
17427,290.74,161,458,1,1
17430,290.791,163,458,1,1
17433,290.841,163,458,1,1
17436,290.891,162,457,1,1
17439,290.941,163,458,1,1
17442,290.991,161,458,1,1
17445,291.041,163,458,1,1
17448,291.091,163,458,1,1
17451,291.141,161,458,1,1
17454,291.191,163,458,1,1
17457,291.241,162,457,1,1
17460,291.291,163,458,1,1
17463,291.341,163,458,1,1
17466,291.391,162,457,1,1
17469,291.441,163,458,1,1
17472,291.491,163,458,1,1
17475,291.541,162,457,1,1
17478,291.591,163,458,1,1
17481,291.641,162,457,1,1
17484,291.691,162,457,1,1
17487,291.741,162,457,1,1
17490,291.791,163,458,1,1
17493,291.842,161,458,1,1
17496,291.892,163,458,1,1
17499,291.942,162,457,1,1
17502,291.992,163,458,1,1
17505,292.042,162,457,1,1
17508,292.092,163,458,1,1
17511,292.142,161,458,1,1
17514,292.192,162,457,1,1
17517,292.242,163,458,1,1
17520,292.292,161,458,1,1
17523,292.342,163,458,1,1
17526,292.392,162,457,1,1
17529,292.442,163,458,1,1
17532,292.492,161,458,1,1
17535,292.542,163,458,1,1
17538,292.592,162,457,1,1
17541,292.642,161,458,1,1
17544,292.692,163,458,1,1
17547,292.742,163,458,1,1
17550,292.793,163,458,1,1
17553,292.843,396,438,1,1
17556,292.893,397,439,1,1
17559,292.943,396,438,1,1
17562,292.993,397,439,1,1
17565,293.043,396,439,1,1
17568,293.093,397,439,1,1
17571,293.143,397,439,1,1
17574,293.193,396,438,1,1
17577,293.243,397,439,1,1
17580,293.293,396,438,1,1
17583,293.343,397,439,1,1
17586,293.393,396,439,1,1
17589,293.443,397,439,1,1
17592,293.493,396,438,1,1
17595,293.543,397,439,1,1
17598,293.593,397,439,1,1
17601,293.643,396,439,1,1
17604,293.693,397,439,1,1
17607,293.743,396,438,1,1
17610,293.793,396,438,1,1
17613,293.844,396,439,1,1
17616,293.894,397,439,1,1
17619,293.944,416,438,1,1
17622,293.994,417,438,1,1
17625,294.044,417,438,1,1
17628,294.094,417,440,1,1
17631,294.144,417,440,1,1
17634,294.194,417,438,1,1
17637,294.244,417,438,1,1
17640,294.294,417,438,1,1
17643,294.344,417,440,1,1
17646,294.394,417,440,1,1
17649,294.444,417,438,1,1
17652,294.494,417,438,1,1
17655,294.544,417,438,1,1
17658,294.594,417,440,1,1
17661,294.644,417,438,1,1
17664,294.694,417,438,1,1
17667,294.744,417,440,1,1
17670,294.795,417,438,1,1
17673,294.845,417,438,1,1
17676,294.895,417,440,1,1
17679,294.945,417,440,1,1
17682,294.995,417,438,1,1
17685,295.045,417,438,1,1
17688,295.095,417,440,1,1
17691,295.145,417,440,1,1
17694,295.195,417,438,1,1
17697,295.245,417,438,1,1
17700,295.295,417,438,1,1
17703,295.345,417,440,1,1
17706,295.395,416,439,1,1
17709,295.445,416,439,1,1
17712,295.495,416,439,1,1
17715,295.545,416,439,1,1
17718,295.595,416,438,1,1
17721,295.645,416,438,1,1
17724,295.695,416,438,1,1
17727,295.745,417,440,1,1
17730,295.796,417,440,1,1
17733,295.846,417,438,1,1
17736,295.896,417,438,1,1
17739,295.946,417,440,1,1
17742,295.996,417,440,1,1
17745,296.046,416,439,1,1
17748,296.096,416,438,1,1
17751,296.146,417,440,1,1
17754,296.196,418,440,1,1
17757,296.246,417,440,1,1
17760,296.296,417,440,1,1
17763,296.346,417,440,1,1
17766,296.396,417,438,1,1
17769,296.446,417,438,1,1
17772,296.496,416,439,1,1
17775,296.546,416,439,1,1
17778,296.596,417,440,1,1
17781,296.646,418,440,1,1
17784,296.696,417,440,1,1
17787,296.746,417,440,1,1
17790,296.796,417,440,1,1
17793,296.847,417,440,1,1
17796,296.897,417,440,1,1
17799,296.947,417,440,1,1
17802,296.997,417,438,1,1
17805,297.047,416,438,1,1
17808,297.097,416,439,1,1
17811,297.147,417,440,1,1
17814,297.197,418,440,1,1
17817,297.247,417,440,1,1
17820,297.297,417,440,1,1
17823,297.347,417,440,1,1
17826,297.397,417,440,1,1
17829,297.447,417,441,1,1
17832,297.497,418,440,1,1
17835,297.547,417,441,1,1
17838,297.597,418,441,1,1
17841,297.647,417,440,1,1
17844,297.697,417,440,1,1
17847,297.747,417,440,1,1
17850,297.798,417,440,1,1
17853,297.848,417,440,1,1
17856,297.898,417,440,1,1
17859,297.948,417,440,1,1
17862,297.998,417,440,1,1
17865,298.048,417,440,1,1
17868,298.098,417,440,1,1
17871,298.148,417,440,1,1
17874,298.198,417,440,1,1
17877,298.248,417,440,1,1
17880,298.298,417,440,1,1
17883,298.348,417,440,1,1
17886,298.398,417,440,1,1
17889,298.448,417,440,1,1
17892,298.498,417,440,1,1
17895,298.548,417,440,1,1
17898,298.598,417,440,1,1
17901,298.648,417,440,1,1
17904,298.698,417,440,1,1
17907,298.748,417,440,1,1
17910,298.798,417,440,1,1
17913,298.849,417,438,1,1
17916,298.899,417,438,1,1
17919,298.949,417,438,1,1
17922,298.999,417,438,1,1
17925,299.049,417,438,1,1
17928,299.099,417,440,1,1
17931,299.149,417,440,1,1
17934,299.199,417,440,1,1
17937,299.249,417,440,1,1
17940,299.299,417,440,1,1
17943,299.349,417,440,1,1
17946,299.399,417,440,1,1
17949,299.449,417,440,1,1
17952,299.499,417,440,1,1
17955,299.549,417,440,1,1
17958,299.599,417,440,1,1
17961,299.649,417,440,1,1
17964,299.699,417,440,1,1
17967,299.749,417,440,1,1
17970,299.8,416,439,1,1
17973,299.85,416,439,1,1
17976,299.9,416,439,1,1
17979,299.95,416,439,1,1
17982,300.0,416,439,1,1
17985,300.05,417,438,1,1
17988,300.1,417,438,1,1
17991,300.15,417,438,1,1
17994,300.2,417,438,1,1
17997,300.25,417,438,1,1
18000,300.3,417,438,1,1
18003,300.35,417,438,1,1
18006,300.4,,,0,1
18009,300.45,,,0,1
18012,300.5,,,0,1
18015,300.55,,,0,1
18018,300.6,,,0,1
18021,300.65,,,0,1
18024,300.7,,,0,1
18027,300.75,,,0,1
18030,300.8,,,0,1
18033,300.851,,,0,1
18036,300.901,,,0,1
18039,300.951,,,0,1
18042,301.001,,,0,1
18045,301.051,,,0,1
18048,301.101,,,0,1
18051,301.151,,,0,1
18054,301.201,,,0,1
18057,301.251,,,0,1
18060,301.301,,,0,1
18063,301.351,,,0,1
18066,301.401,,,0,1
18069,301.451,,,0,1
18072,301.501,,,0,1
18075,301.551,,,0,1
18078,301.601,,,0,1
18081,301.651,,,0,1
18084,301.701,,,0,1
18087,301.751,,,0,1
18090,301.802,,,0,1
18093,301.852,,,0,1
18096,301.902,,,0,1
18099,301.952,,,0,1
18102,302.002,,,0,1
18105,302.052,,,0,1
18108,302.102,,,0,1
18111,302.152,,,0,1
18114,302.202,,,0,1
18117,302.252,,,0,1
18120,302.302,,,0,1
18123,302.352,,,0,1
18126,302.402,,,0,1
18129,302.452,,,0,1
18132,302.502,,,0,1
18135,302.552,,,0,1
18138,302.602,,,0,1
18141,302.652,,,0,1
18144,302.702,,,0,1
18147,302.752,,,0,1
18150,302.803,,,0,1
18153,302.853,,,0,1
18156,302.903,,,0,1
18159,302.953,,,0,1
18162,303.003,,,0,1
18165,303.053,,,0,1
18168,303.103,,,0,1
18171,303.153,,,0,1
18174,303.203,,,0,1
18177,303.253,,,0,1
18180,303.303,,,0,1
18183,303.353,,,0,1
18186,303.403,,,0,1
18189,303.453,,,0,1
18192,303.503,,,0,1
18195,303.553,,,0,1
18198,303.603,,,0,1
18201,303.653,,,0,1
18204,303.703,,,0,1
18207,303.753,,,0,1
18210,303.803,,,0,1
18213,303.854,,,0,1
18216,303.904,,,0,1
18219,303.954,,,0,1
18222,304.004,,,0,1
18225,304.054,,,0,1
18228,304.104,,,0,1
18231,304.154,,,0,1
18234,304.204,,,0,1
18237,304.254,,,0,1
18240,304.304,,,0,1
18243,304.354,,,0,1
18246,304.404,,,0,1
18249,304.454,,,0,1
18252,304.504,,,0,1
18255,304.554,,,0,1
18258,304.604,,,0,1
18261,304.654,,,0,1
18264,304.704,,,0,1
18267,304.754,,,0,1
18270,304.805,,,0,1
18273,304.855,,,0,1
18276,304.905,,,0,1
18279,304.955,,,0,1
18282,305.005,,,0,1
18285,305.055,,,0,1
18288,305.105,,,0,1
18291,305.155,,,0,1
18294,305.205,,,0,1
18297,305.255,,,0,1
18300,305.305,,,0,1
18303,305.355,,,0,1
18306,305.405,,,0,1
18309,305.455,,,0,1
18312,305.505,,,0,1
18315,305.555,,,0,1
18318,305.605,,,0,1
18321,305.655,,,0,1
18324,305.705,,,0,1
18327,305.755,,,0,1
18330,305.805,,,0,1
18333,305.856,,,0,1
18336,305.906,,,0,1
18339,305.956,,,0,1
18342,306.006,,,0,1
18345,306.056,,,0,1
18348,306.106,,,0,1
18351,306.156,,,0,1
18354,306.206,,,0,1
18357,306.256,,,0,1
18360,306.306,,,0,1
18363,306.356,,,0,1
18366,306.406,,,0,1
18369,306.456,,,0,1
18372,306.506,,,0,1
18375,306.556,,,0,1
18378,306.606,,,0,1
18381,306.656,,,0,1
18384,306.706,,,0,1
18387,306.756,,,0,1
18390,306.807,,,0,1
18393,306.857,,,0,1
18396,306.907,,,0,1
18399,306.957,,,0,1
18402,307.007,,,0,1
18405,307.057,,,0,1
18408,307.107,,,0,1
18411,307.157,,,0,1
18414,307.207,,,0,1
18417,307.257,,,0,1
18420,307.307,,,0,1
18423,307.357,,,0,1
18426,307.407,,,0,1
18429,307.457,,,0,1
18432,307.507,,,0,1
18435,307.557,,,0,1
18438,307.607,,,0,1
18441,307.657,,,0,1
18444,307.707,,,0,1
18447,307.757,,,0,1
18450,307.808,,,0,1
18453,307.858,,,0,1
18456,307.908,,,0,1
18459,307.958,407,541,1,1
18462,308.008,406,541,1,1
18465,308.058,407,541,1,1
18468,308.108,408,542,1,1
18471,308.158,407,541,1,1
18474,308.208,408,542,1,1
18477,308.258,406,541,1,1
18480,308.308,408,542,1,1
18483,308.358,406,541,1,1
18486,308.408,406,541,1,1
18489,308.458,408,542,1,1
18492,308.508,408,542,1,1
18495,308.558,406,541,1,1
18498,308.608,406,541,1,1
18501,308.658,406,541,1,1
18504,308.708,406,541,1,1
18507,308.758,406,541,1,1
18510,308.808,406,541,1,1
18513,308.859,406,541,1,1
18516,308.909,406,541,1,1
18519,308.959,406,541,1,1
18522,309.009,407,541,1,1
18525,309.059,408,542,1,1
18528,309.109,407,541,1,1
18531,309.159,408,542,1,1
18534,309.209,407,541,1,1
18537,309.259,408,543,1,1
18540,309.309,408,542,1,1
18543,309.359,406,541,1,1
18546,309.409,408,542,1,1
18549,309.459,407,541,1,1
18552,309.509,408,542,1,1
18555,309.559,408,542,1,1
18558,309.609,408,542,1,1
18561,309.659,406,541,1,1
18564,309.709,406,541,1,1
18567,309.759,406,541,1,1
18570,309.81,406,541,1,1
18573,309.86,406,541,1,1
18576,309.91,406,541,1,1
18579,309.96,406,541,1,1
18582,310.01,406,541,1,1
18585,310.06,406,541,1,1
18588,310.11,406,541,1,1
18591,310.16,406,541,1,1
18594,310.21,406,541,1,1
18597,310.26,406,541,1,1
18600,310.31,406,541,1,1
18603,310.36,406,541,1,1
18606,310.41,406,541,1,1
18609,310.46,406,541,1,1
18612,310.51,406,541,1,1
18615,310.56,406,541,1,1
18618,310.61,406,541,1,1
18621,310.66,406,541,1,1
18624,310.71,406,541,1,1
18627,310.76,406,541,1,1
18630,310.81,406,541,1,1
18633,310.861,406,541,1,1
18636,310.911,406,541,1,1
18639,310.961,406,541,1,1
18642,311.011,406,541,1,1
18645,311.061,406,541,1,1
18648,311.111,406,541,1,1
18651,311.161,406,541,1,1
18654,311.211,406,541,1,1
18657,311.261,406,541,1,1
18660,311.311,406,541,1,1
18663,311.361,406,541,1,1
18666,311.411,406,541,1,1
18669,311.461,408,542,1,1
18672,311.511,406,541,1,1
18675,311.561,406,541,1,1
18678,311.611,406,541,1,1
18681,311.661,406,541,1,1
18684,311.711,406,541,1,1
18687,311.761,406,541,1,1
18690,311.812,406,541,1,1
18693,311.862,406,541,1,1
18696,311.912,406,541,1,1
18699,311.962,406,541,1,1
18702,312.012,406,541,1,1
18705,312.062,406,541,1,1
18708,312.112,406,541,1,1
18711,312.162,406,541,1,1
18714,312.212,407,542,1,1
18717,312.262,406,541,1,1
18720,312.312,406,541,1,1
18723,312.362,406,541,1,1
18726,312.412,407,542,1,1
18729,312.462,406,541,1,1
18732,312.512,406,541,1,1
18735,312.562,406,541,1,1
18738,312.612,406,541,1,1
18741,312.662,407,542,1,1
18744,312.712,407,542,1,1
18747,312.762,407,542,1,1
18750,312.812,406,541,1,1
18753,312.863,406,541,1,1
18756,312.913,406,541,1,1
18759,312.963,407,542,1,1
18762,313.013,406,541,1,1
18765,313.063,408,542,1,1
18768,313.113,406,541,1,1
18771,313.163,406,541,1,1
18774,313.213,406,541,1,1
18777,313.263,407,541,1,1
18780,313.313,407,542,1,1
18783,313.363,407,541,1,1
18786,313.413,407,542,1,1
18789,313.463,408,542,1,1
18792,313.513,406,541,1,1
18795,313.563,406,541,1,1
18798,313.613,406,541,1,1
18801,313.663,406,541,1,1
18804,313.713,406,541,1,1
18807,313.763,406,541,1,1
18810,313.814,406,541,1,1
18813,313.864,407,541,1,1
18816,313.914,407,542,1,1
18819,313.964,406,541,1,1
18822,314.014,406,541,1,1
18825,314.064,407,542,1,1
18828,314.114,406,541,1,1
18831,314.164,407,542,1,1
18834,314.214,406,541,1,1
18837,314.264,406,541,1,1
18840,314.314,406,541,1,1
18843,314.364,406,541,1,1
18846,314.414,406,541,1,1
18849,314.464,406,541,1,1
18852,314.514,406,541,1,1
18855,314.564,406,541,1,1
18858,314.614,406,541,1,1
18861,314.664,406,541,1,1
18864,314.714,406,541,1,1
18867,314.764,406,541,1,1
18870,314.815,406,541,1,1
18873,314.865,406,541,1,1
18876,314.915,406,541,1,1
18879,314.965,407,542,1,1
18882,315.015,406,541,1,1
18885,315.065,407,541,1,1
18888,315.115,407,542,1,1
18891,315.165,408,542,1,1
18894,315.215,406,541,1,1
18897,315.265,406,541,1,1
18900,315.315,407,542,1,1
18903,315.365,407,542,1,1
18906,315.415,407,541,1,1
18909,315.465,407,542,1,1
18912,315.515,82,472,1,1
18915,315.565,81,471,1,1
18918,315.615,81,471,1,1
18921,315.665,82,471,1,1
18924,315.715,81,472,1,1
18927,315.765,81,472,1,1
18930,315.815,82,472,1,1
18933,315.866,82,472,1,1
18936,315.916,81,472,1,1
18939,315.966,82,471,1,1
18942,316.016,81,472,1,1
18945,316.066,82,472,1,1
18948,316.116,81,471,1,1
18951,316.166,82,471,1,1
18954,316.216,81,472,1,1
18957,316.266,82,472,1,1
18960,316.316,81,471,1,1
18963,316.366,81,471,1,1
18966,316.416,81,471,1,1
18969,316.466,81,472,1,1
18972,316.516,82,472,1,1
18975,316.566,81,472,1,1
18978,316.616,82,472,1,1
18981,316.666,81,471,1,1
18984,316.716,81,472,1,1
18987,316.766,82,472,1,1
18990,316.817,81,471,1,1
18993,316.867,81,471,1,1
18996,316.917,81,471,1,1
18999,316.967,82,471,1,1
19002,317.017,81,472,1,1
19005,317.067,81,472,1,1
19008,317.117,82,472,1,1
19011,317.167,81,471,1,1
19014,317.217,81,472,1,1
19017,317.267,81,471,1,1
19020,317.317,81,472,1,1
19023,317.367,82,472,1,1
19026,317.417,81,471,1,1
19029,317.467,81,471,1,1
19032,317.517,81,471,1,1
19035,317.567,81,472,1,1
19038,317.617,81,472,1,1
19041,317.667,82,471,1,1
19044,317.717,81,472,1,1
19047,317.767,82,472,1,1
19050,317.817,81,472,1,1
19053,317.868,81,471,1,1
19056,317.918,81,472,1,1
19059,317.968,81,472,1,1
19062,318.018,81,472,1,1
19065,318.068,82,472,1,1
19068,318.118,81,472,1,1
19071,318.168,81,471,1,1
19074,318.218,82,472,1,1
19077,318.268,81,471,1,1
19080,318.318,81,471,1,1
19083,318.368,81,471,1,1
19086,318.418,81,471,1,1
19089,318.468,81,472,1,1
19092,318.518,81,472,1,1
19095,318.568,82,472,1,1
19098,318.618,81,471,1,1
19101,318.668,81,472,1,1
19104,318.718,82,472,1,1
19107,318.768,81,471,1,1
19110,318.819,81,472,1,1
19113,318.869,81,471,1,1
19116,318.919,81,471,1,1
19119,318.969,81,472,1,1
19122,319.019,81,472,1,1
19125,319.069,81,472,1,1
19128,319.119,81,471,1,1
19131,319.169,81,472,1,1
19134,319.219,82,472,1,1
19137,319.269,81,471,1,1
19140,319.319,81,472,1,1
19143,319.369,82,472,1,1
19146,319.419,81,471,1,1
19149,319.469,81,472,1,1
19152,319.519,82,471,1,1
19155,319.569,82,473,1,1
19158,319.619,81,472,1,1
19161,319.669,82,472,1,1
19164,319.719,81,471,1,1
19167,319.769,82,471,1,1
19170,319.82,81,472,1,1
19173,319.87,82,472,1,1
19176,319.92,82,472,1,1
19179,319.97,81,471,1,1
19182,320.02,81,472,1,1
19185,320.07,81,472,1,1
19188,320.12,81,471,1,1
19191,320.17,81,472,1,1
19194,320.22,82,472,1,1
19197,320.27,81,471,1,1
19200,320.32,82,472,1,1
19203,320.37,81,471,1,1
19206,320.42,81,471,1,1
19209,320.47,81,473,1,1
19212,320.52,83,473,1,1
19215,320.57,82,472,1,1
19218,320.62,81,471,1,1
19221,320.67,82,471,1,1
19224,320.72,82,473,1,1
19227,320.77,81,472,1,1
19230,320.82,82,473,1,1
19233,320.871,82,472,1,1
19236,320.921,81,471,1,1
19239,320.971,81,471,1,1
19242,321.021,82,472,1,1
19245,321.071,81,472,1,1
19248,321.121,81,472,1,1
19251,321.171,82,471,1,1
19254,321.221,82,473,1,1
19257,321.271,82,472,1,1
19260,321.321,81,471,1,1
19263,321.371,81,471,1,1
19266,321.421,81,472,1,1
19269,321.471,82,472,1,1
19272,321.521,81,471,1,1
19275,321.571,81,471,1,1
19278,321.621,81,472,1,1
19281,321.671,82,472,1,1
19284,321.721,81,471,1,1
19287,321.771,81,472,1,1
19290,321.822,81,472,1,1
19293,321.872,82,472,1,1
19296,321.922,81,471,1,1
19299,321.972,81,472,1,1
19302,322.022,82,472,1,1
19305,322.072,81,471,1,1
19308,322.122,81,472,1,1
19311,322.172,81,472,1,1
19314,322.222,82,471,1,1
19317,322.272,81,473,1,1
19320,322.322,82,473,1,1
19323,322.372,82,472,1,1
19326,322.422,81,472,1,1
19329,322.472,81,471,1,1
19332,322.522,82,471,1,1
19335,322.572,81,473,1,1
19338,322.622,82,473,1,1
19341,322.672,82,472,1,1
19344,322.722,81,472,1,1
19347,322.772,81,471,1,1
19350,322.822,82,471,1,1
19353,322.873,81,473,1,1
19356,322.923,82,473,1,1
19359,322.973,82,472,1,1
19362,323.023,81,472,1,1
19365,323.073,311,460,1,1
19368,323.123,312,460,1,1
19371,323.173,310,459,1,1
19374,323.223,310,459,1,1
19377,323.273,311,460,1,1
19380,323.323,312,460,1,1
19383,323.373,310,459,1,1
19386,323.423,310,459,1,1
19389,323.473,311,459,1,1
19392,323.523,311,460,1,1
19395,323.573,313,460,1,1
19398,323.623,312,460,1,1
19401,323.673,312,460,1,1
19404,323.723,311,460,1,1
19407,323.773,312,460,1,1
19410,323.824,310,459,1,1
19413,323.874,310,459,1,1
19416,323.924,312,460,1,1
19419,323.974,310,459,1,1
19422,324.024,311,460,1,1
19425,324.074,312,460,1,1
19428,324.124,311,460,1,1
19431,324.174,311,460,1,1
19434,324.224,312,460,1,1
19437,324.274,312,460,1,1
19440,324.324,311,459,1,1
19443,324.374,311,460,1,1
19446,324.424,313,460,1,1
19449,324.474,312,460,1,1
19452,324.524,312,460,1,1
19455,324.574,311,460,1,1
19458,324.624,312,460,1,1
19461,324.674,310,459,1,1
19464,324.724,310,459,1,1
19467,324.774,311,459,1,1
19470,324.825,311,460,1,1
19473,324.875,313,460,1,1
19476,324.925,312,460,1,1
19479,324.975,312,460,1,1
19482,325.025,311,460,1,1
19485,325.075,312,460,1,1
19488,325.125,311,460,1,1
19491,325.175,310,459,1,1
19494,325.225,312,460,1,1
19497,325.275,310,459,1,1
19500,325.325,310,459,1,1
19503,325.375,312,460,1,1
19506,325.425,311,460,1,1
19509,325.475,312,460,1,1
19512,325.525,311,460,1,1
19515,325.575,312,460,1,1
19518,325.625,310,459,1,1
19521,325.675,310,459,1,1
19524,325.725,312,460,1,1
19527,325.775,310,459,1,1
19530,325.826,310,459,1,1
19533,325.876,311,460,1,1
19536,325.926,312,460,1,1
19539,325.976,311,460,1,1
19542,326.026,311,460,1,1
19545,326.076,311,460,1,1
19548,326.126,312,460,1,1
19551,326.176,311,460,1,1
19554,326.226,310,459,1,1
19557,326.276,310,459,1,1
19560,326.326,311,459,1,1
19563,326.376,311,459,1,1
19566,326.426,313,460,1,1
19569,326.476,312,460,1,1
19572,326.526,311,460,1,1
19575,326.576,312,460,1,1
19578,326.626,311,460,1,1
19581,326.676,311,460,1,1
19584,326.726,311,460,1,1
19587,326.776,311,460,1,1
19590,326.827,311,460,1,1
19593,326.877,312,460,1,1
19596,326.927,311,460,1,1
19599,326.977,311,460,1,1
19602,327.027,311,460,1,1
19605,327.077,312,460,1,1
19608,327.127,311,460,1,1
19611,327.177,310,459,1,1
19614,327.227,310,459,1,1
19617,327.277,312,460,1,1
19620,327.327,310,459,1,1
19623,327.377,310,459,1,1
19626,327.427,310,459,1,1
19629,327.477,310,459,1,1
19632,327.527,310,459,1,1
19635,327.577,312,460,1,1
19638,327.627,310,459,1,1
19641,327.677,310,459,1,1
19644,327.727,312,460,1,1
19647,327.777,311,460,1,1
19650,327.827,311,460,1,1
19653,327.878,312,460,1,1
19656,327.928,311,460,1,1
19659,327.978,311,460,1,1
19662,328.028,312,460,1,1
19665,328.078,310,459,1,1
19668,328.128,312,460,1,1
19671,328.178,311,460,1,1
19674,328.228,312,460,1,1
19677,328.278,311,460,1,1
19680,328.328,311,460,1,1
19683,328.378,312,460,1,1
19686,328.428,311,460,1,1
19689,328.478,311,460,1,1
19692,328.528,311,460,1,1
19695,328.578,311,460,1,1
19698,328.628,312,460,1,1
19701,328.678,311,460,1,1
19704,328.728,311,460,1,1
19707,328.778,312,460,1,1
19710,328.829,311,460,1,1
19713,328.879,312,460,1,1
19716,328.929,311,460,1,1
19719,328.979,312,460,1,1
19722,329.029,311,460,1,1
19725,329.079,311,460,1,1
19728,329.129,312,460,1,1
19731,329.179,311,460,1,1
19734,329.229,312,460,1,1
19737,329.279,311,460,1,1
19740,329.329,312,460,1,1
19743,329.379,312,460,1,1
19746,329.429,311,460,1,1
19749,329.479,311,460,1,1
19752,329.529,311,460,1,1
19755,329.579,312,460,1,1
19758,329.629,311,460,1,1
19761,329.679,311,460,1,1
19764,329.729,312,460,1,1
19767,329.779,311,460,1,1
19770,329.829,311,460,1,1
19773,329.88,311,460,1,1
19776,329.93,312,460,1,1
19779,329.98,311,460,1,1
19782,330.03,311,460,1,1
19785,330.08,312,460,1,1
19788,330.13,311,460,1,1
19791,330.18,311,460,1,1
19794,330.23,312,460,1,1
19797,330.28,311,460,1,1
19800,330.33,311,460,1,1
19803,330.38,311,460,1,1
19806,330.43,312,460,1,1
19809,330.48,311,460,1,1
19812,330.53,311,460,1,1
19815,330.58,311,460,1,1
19818,330.63,320,471,1,1
19821,330.68,320,471,1,1
19824,330.73,320,471,1,1
19827,330.78,321,472,1,1
19830,330.831,320,471,1,1
19833,330.881,321,472,1,1
19836,330.931,320,471,1,1
19839,330.981,320,471,1,1
19842,331.031,320,471,1,1
19845,331.081,321,472,1,1
19848,331.131,320,471,1,1
19851,331.181,321,472,1,1
19854,331.231,320,472,1,1
19857,331.281,321,472,1,1
19860,331.331,321,472,1,1
19863,331.381,320,471,1,1
19866,331.431,321,471,1,1
19869,331.481,321,471,1,1
19872,331.531,321,472,1,1
19875,331.581,320,472,1,1
19878,331.631,320,472,1,1
19881,331.681,321,472,1,1
19884,331.731,321,471,1,1
19887,331.781,321,471,1,1
19890,331.832,320,471,1,1
19893,331.882,321,472,1,1
19896,331.932,321,472,1,1
19899,331.982,320,472,1,1
19902,332.032,321,471,1,1
19905,332.082,321,471,1,1
19908,332.132,321,472,1,1
19911,332.182,320,472,1,1
19914,332.232,321,472,1,1
19917,332.282,321,471,1,1
19920,332.332,321,471,1,1
19923,332.382,321,471,1,1
19926,332.432,321,471,1,1
19929,332.482,321,472,1,1
19932,332.532,321,472,1,1
19935,332.582,321,472,1,1
19938,332.632,320,471,1,1
19941,332.682,320,471,1,1
19944,332.732,321,472,1,1
19947,332.782,321,472,1,1
19950,332.832,321,472,1,1
19953,332.883,321,472,1,1
19956,332.933,320,471,1,1
19959,332.983,321,472,1,1
19962,333.033,321,472,1,1
19965,333.083,321,471,1,1
19968,333.133,320,471,1,1
19971,333.183,321,472,1,1
19974,333.233,321,472,1,1
19977,333.283,321,472,1,1
19980,333.333,320,471,1,1
19983,333.383,321,472,1,1
19986,333.433,321,471,1,1
19989,333.483,320,471,1,1
19992,333.533,321,472,1,1
19995,333.583,321,471,1,1
19998,333.633,321,471,1,1
20001,333.683,320,471,1,1
20004,333.733,320,471,1,1
20007,333.783,321,471,1,1
20010,333.834,320,471,1,1
20013,333.884,321,472,1,1
20016,333.934,321,472,1,1
20019,333.984,321,472,1,1
20022,334.034,320,471,1,1
20025,334.084,321,472,1,1
20028,334.134,320,472,1,1
20031,334.184,321,472,1,1
20034,334.234,321,472,1,1
20037,334.284,320,471,1,1
20040,334.334,321,472,1,1
20043,334.384,321,472,1,1
20046,334.434,321,472,1,1
20049,334.484,321,472,1,1
20052,334.534,321,472,1,1
20055,334.584,321,472,1,1
20058,334.634,321,472,1,1
20061,334.684,321,472,1,1
20064,334.734,321,472,1,1
20067,334.784,321,472,1,1
20070,334.834,321,472,1,1
20073,334.885,321,472,1,1
20076,334.935,321,472,1,1
20079,334.985,320,472,1,1
20082,335.035,321,472,1,1
20085,335.085,321,471,1,1
20088,335.135,321,472,1,1
20091,335.185,321,472,1,1
20094,335.235,320,472,1,1
20097,335.285,321,472,1,1
20100,335.335,321,471,1,1
20103,335.385,321,472,1,1
20106,335.435,320,472,1,1
20109,335.485,321,472,1,1
20112,335.535,321,472,1,1
20115,335.585,321,472,1,1
20118,335.635,321,472,1,1
20121,335.685,321,472,1,1
20124,335.735,321,472,1,1
20127,335.785,321,472,1,1
20130,335.836,321,472,1,1
20133,335.886,321,472,1,1
20136,335.936,320,471,1,1
20139,335.986,321,472,1,1
20142,336.036,321,472,1,1
20145,336.086,321,472,1,1
20148,336.136,321,472,1,1
20151,336.186,321,472,1,1
20154,336.236,321,472,1,1
20157,336.286,321,472,1,1
20160,336.336,321,472,1,1
20163,336.386,320,471,1,1
20166,336.436,321,471,1,1
20169,336.486,321,472,1,1
20172,336.536,321,472,1,1
20175,336.586,320,472,1,1
20178,336.636,320,472,1,1
20181,336.686,321,472,1,1
20184,336.736,321,472,1,1
20187,336.786,321,472,1,1
20190,336.837,321,472,1,1
20193,336.887,321,472,1,1
20196,336.937,321,472,1,1
20199,336.987,321,472,1,1
20202,337.037,320,472,1,1
20205,337.087,321,472,1,1
20208,337.137,321,472,1,1
20211,337.187,321,472,1,1
20214,337.237,321,472,1,1
20217,337.287,321,472,1,1
20220,337.337,321,472,1,1
20223,337.387,321,472,1,1
20226,337.437,321,472,1,1
20229,337.487,321,472,1,1
20232,337.537,321,472,1,1
20235,337.587,321,472,1,1
20238,337.637,320,472,1,1
20241,337.687,321,472,1,1
20244,337.737,321,472,1,1
20247,337.787,321,472,1,1
20250,337.838,321,472,1,1
20253,337.888,320,472,1,1
20256,337.938,320,472,1,1
20259,337.988,321,472,1,1
20262,338.038,321,472,1,1
20265,338.088,321,472,1,1
20268,338.138,320,472,1,1
20271,338.188,321,472,1,1
20274,338.238,321,472,1,1
20277,338.288,321,472,1,1
20280,338.338,321,472,1,1
20283,338.388,321,472,1,1
20286,338.438,321,472,1,1
20289,338.488,321,472,1,1
20292,338.538,321,472,1,1
20295,338.588,321,472,1,1
20298,338.638,321,472,1,1
20301,338.688,320,472,1,1
20304,338.738,320,472,1,1
20307,338.788,321,472,1,1
20310,338.839,321,472,1,1
20313,338.889,321,472,1,1
20316,338.939,321,472,1,1
20319,338.989,321,472,1,1
20322,339.039,321,472,1,1
20325,339.089,321,472,1,1
20328,339.139,320,472,1,1
20331,339.189,320,472,1,1
20334,339.239,321,472,1,1
20337,339.289,321,472,1,1
20340,339.339,321,472,1,1
20343,339.389,321,472,1,1
20346,339.439,321,472,1,1
20349,339.489,321,472,1,1
20352,339.539,320,472,1,1
20355,339.589,321,472,1,1
20358,339.639,321,472,1,1
20361,339.689,320,472,1,1
20364,339.739,321,472,1,1
20367,339.789,321,472,1,1
20370,339.839,321,472,1,1
20373,339.89,321,472,1,1
20376,339.94,320,472,1,1
20379,339.99,320,472,1,1
20382,340.04,320,472,1,1
20385,340.09,321,472,1,1
20388,340.14,321,472,1,1
20391,340.19,321,472,1,1
20394,340.24,321,472,1,1
20397,340.29,321,472,1,1
20400,340.34,321,472,1,1
20403,340.39,321,472,1,1
20406,340.44,321,472,1,1
20409,340.49,321,472,1,1
20412,340.54,321,472,1,1
20415,340.59,321,472,1,1
20418,340.64,321,472,1,1
20421,340.69,321,472,1,1
20424,340.74,321,472,1,1
20427,340.79,321,472,1,1
20430,340.841,321,472,1,1
20433,340.891,321,472,1,1
20436,340.941,321,472,1,1
20439,340.991,321,472,1,1
20442,341.041,321,472,1,1
20445,341.091,321,472,1,1
20448,341.141,320,472,1,1
20451,341.191,321,472,1,1
20454,341.241,321,472,1,1
20457,341.291,321,472,1,1
20460,341.341,320,472,1,1
20463,341.391,321,472,1,1
20466,341.441,321,472,1,1
20469,341.491,321,472,1,1
20472,341.541,321,472,1,1
20475,341.591,321,472,1,1
20478,341.641,321,472,1,1
20481,341.691,321,472,1,1
20484,341.741,320,472,1,1
20487,341.791,320,472,1,1
20490,341.841,321,472,1,1
20493,341.892,321,472,1,1
20496,341.942,321,472,1,1
20499,341.992,320,472,1,1
20502,342.042,320,472,1,1
20505,342.092,321,472,1,1
20508,342.142,321,472,1,1
20511,342.192,321,472,1,1
20514,342.242,320,472,1,1
20517,342.292,321,472,1,1
20520,342.342,321,472,1,1
20523,342.392,321,472,1,1
20526,342.442,321,472,1,1
20529,342.492,321,472,1,1
20532,342.542,321,472,1,1
20535,342.592,321,472,1,1
20538,342.642,321,472,1,1
20541,342.692,321,472,1,1
20544,342.742,321,472,1,1
20547,342.792,320,472,1,1
20550,342.843,321,472,1,1
20553,342.893,321,472,1,1
20556,342.943,321,472,1,1
20559,342.993,321,472,1,1
20562,343.043,320,472,1,1
20565,343.093,321,472,1,1
20568,343.143,321,472,1,1
20571,343.193,321,472,1,1
20574,343.243,321,472,1,1
20577,343.293,321,472,1,1
20580,343.343,321,472,1,1
20583,343.393,321,472,1,1
20586,343.443,320,472,1,1
20589,343.493,321,472,1,1
20592,343.543,321,472,1,1
20595,343.593,321,472,1,1
20598,343.643,321,472,1,1
20601,343.693,321,472,1,1
20604,343.743,321,472,1,1
20607,343.793,321,472,1,1
20610,343.844,321,472,1,1
20613,343.894,320,472,1,1
20616,343.944,321,472,1,1
20619,343.994,321,472,1,1
20622,344.044,321,472,1,1
20625,344.094,321,472,1,1
20628,344.144,321,472,1,1
20631,344.194,320,472,1,1
20634,344.244,320,472,1,1
20637,344.294,321,472,1,1
20640,344.344,321,472,1,1
20643,344.394,321,472,1,1
20646,344.444,321,472,1,1
20649,344.494,321,472,1,1
20652,344.544,320,472,1,1
20655,344.594,320,472,1,1
20658,344.644,321,472,1,1
20661,344.694,321,472,1,1
20664,344.744,321,472,1,1
20667,344.794,320,472,1,1
20670,344.844,320,472,1,1
20673,344.895,321,472,1,1
20676,344.945,321,472,1,1
20679,344.995,321,472,1,1
20682,345.045,320,472,1,1
20685,345.095,320,472,1,1
20688,345.145,321,472,1,1
20691,345.195,321,472,1,1
20694,345.245,320,472,1,1
20697,345.295,320,472,1,1
20700,345.345,321,472,1,1
20703,345.395,321,472,1,1
20706,345.445,321,472,1,1
20709,345.495,320,472,1,1
20712,345.545,320,472,1,1
20715,345.595,321,472,1,1
20718,345.645,321,472,1,1
20721,345.695,321,472,1,1
20724,345.745,257,487,1,1
20727,345.795,257,486,1,1
20730,345.846,257,486,1,1
20733,345.896,257,486,1,1
20736,345.946,257,486,1,1
20739,345.996,257,487,1,1
20742,346.046,257,486,1,1
20745,346.096,257,486,1,1
20748,346.146,257,486,1,1
20751,346.196,257,486,1,1
20754,346.246,257,487,1,1
20757,346.296,257,486,1,1
20760,346.346,257,486,1,1
20763,346.396,257,487,1,1
20766,346.446,257,487,1,1
20769,346.496,257,486,1,1
20772,346.546,257,487,1,1
20775,346.596,257,487,1,1
20778,346.646,257,486,1,1
20781,346.696,257,487,1,1
20784,346.746,257,486,1,1
20787,346.796,257,486,1,1
20790,346.846,257,487,1,1
20793,346.897,257,487,1,1
20796,346.947,257,487,1,1
20799,346.997,257,486,1,1
20802,347.047,257,487,1,1
20805,347.097,257,487,1,1
20808,347.147,257,487,1,1
20811,347.197,257,486,1,1
20814,347.247,257,487,1,1
20817,347.297,257,486,1,1
20820,347.347,257,486,1,1
20823,347.397,257,486,1,1
20826,347.447,257,486,1,1
20829,347.497,257,487,1,1
20832,347.547,257,487,1,1
20835,347.597,257,486,1,1
20838,347.647,257,487,1,1
20841,347.697,257,487,1,1
20844,347.747,257,487,1,1
20847,347.797,257,487,1,1
20850,347.848,257,486,1,1
20853,347.898,257,487,1,1
20856,347.948,257,487,1,1
20859,347.998,257,486,1,1
20862,348.048,257,487,1,1
20865,348.098,257,487,1,1
20868,348.148,257,486,1,1
20871,348.198,257,487,1,1
20874,348.248,257,486,1,1
20877,348.298,257,486,1,1
20880,348.348,257,487,1,1
20883,348.398,257,487,1,1
20886,348.448,257,487,1,1
20889,348.498,257,487,1,1
20892,348.548,257,486,1,1
20895,348.598,257,487,1,1
20898,348.648,257,487,1,1
20901,348.698,257,486,1,1
20904,348.748,257,487,1,1
20907,348.798,257,487,1,1
20910,348.849,257,486,1,1
20913,348.899,257,487,1,1
20916,348.949,257,487,1,1
20919,348.999,257,486,1,1
20922,349.049,257,487,1,1
20925,349.099,257,487,1,1
20928,349.149,257,486,1,1
20931,349.199,257,487,1,1
20934,349.249,257,486,1,1
20937,349.299,257,486,1,1
20940,349.349,257,487,1,1
20943,349.399,257,487,1,1
20946,349.449,257,487,1,1
20949,349.499,257,487,1,1
20952,349.549,257,486,1,1
20955,349.599,257,487,1,1
20958,349.649,257,487,1,1
20961,349.699,257,486,1,1
20964,349.749,257,487,1,1
20967,349.799,257,487,1,1
20970,349.85,257,486,1,1
20973,349.9,258,487,1,1
20976,349.95,258,487,1,1
20979,350.0,257,486,1,1
20982,350.05,257,487,1,1
20985,350.1,257,487,1,1
20988,350.15,257,486,1,1
20991,350.2,257,487,1,1
20994,350.25,257,487,1,1
20997,350.3,257,486,1,1
21000,350.35,257,487,1,1
21003,350.4,257,486,1,1
21006,350.45,257,487,1,1
21009,350.5,257,486,1,1
21012,350.55,257,486,1,1
21015,350.6,257,487,1,1
21018,350.65,257,486,1,1
21021,350.7,257,487,1,1
21024,350.75,257,486,1,1
21027,350.8,257,487,1,1
21030,350.851,257,487,1,1
21033,350.901,257,487,1,1
21036,350.951,257,486,1,1
21039,351.001,257,486,1,1
21042,351.051,257,487,1,1
21045,351.101,257,487,1,1
21048,351.151,257,486,1,1
21051,351.201,257,487,1,1
21054,351.251,257,486,1,1
21057,351.301,257,486,1,1
21060,351.351,257,487,1,1
21063,351.401,257,487,1,1
21066,351.451,257,486,1,1
21069,351.501,257,487,1,1
21072,351.551,257,486,1,1
21075,351.601,257,486,1,1
21078,351.651,257,487,1,1
21081,351.701,257,487,1,1
21084,351.751,257,487,1,1
21087,351.801,257,487,1,1
21090,351.851,257,487,1,1
21093,351.902,257,487,1,1
21096,351.952,257,486,1,1
21099,352.002,257,487,1,1
21102,352.052,257,487,1,1
21105,352.102,257,487,1,1
21108,352.152,257,487,1,1
21111,352.202,257,487,1,1
21114,352.252,258,487,1,1
21117,352.302,257,486,1,1
21120,352.352,258,487,1,1
21123,352.402,258,487,1,1
21126,352.452,258,487,1,1
21129,352.502,257,487,1,1
21132,352.552,257,486,1,1
21135,352.602,257,487,1,1
21138,352.652,257,487,1,1
21141,352.702,257,487,1,1
21144,352.752,257,487,1,1
21147,352.802,257,487,1,1
21150,352.853,257,486,1,1
21153,352.903,258,487,1,1
21156,352.953,258,487,1,1
21159,353.003,258,487,1,1
21162,353.053,257,486,1,1
21165,353.103,258,487,1,1
21168,353.153,258,487,1,1
21171,353.203,258,487,1,1
21174,353.253,258,487,1,1
21177,353.303,257,486,1,1
21180,353.353,258,487,1,1
21183,353.403,258,487,1,1
21186,353.453,258,487,1,1
21189,353.503,258,487,1,1
21192,353.553,258,487,1,1
21195,353.603,258,487,1,1
21198,353.653,257,486,1,1
21201,353.703,257,486,1,1
21204,353.753,258,487,1,1
21207,353.803,258,487,1,1
21210,353.853,257,486,1,1
21213,353.904,258,487,1,1
21216,353.954,258,487,1,1
21219,354.004,258,487,1,1
21222,354.054,258,487,1,1
21225,354.104,257,486,1,1
21228,354.154,258,487,1,1
21231,354.204,258,487,1,1
21234,354.254,258,487,1,1
21237,354.304,257,486,1,1
21240,354.354,258,487,1,1
21243,354.404,258,487,1,1
21246,354.454,258,487,1,1
21249,354.504,257,486,1,1
21252,354.554,258,487,1,1
21255,354.604,258,487,1,1
21258,354.654,258,487,1,1
21261,354.704,258,487,1,1
21264,354.754,258,487,1,1
21267,354.804,258,487,1,1
21270,354.855,258,487,1,1
21273,354.905,258,487,1,1
21276,354.955,258,487,1,1
21279,355.005,258,487,1,1
21282,355.055,258,487,1,1
21285,355.105,258,487,1,1
21288,355.155,257,486,1,1
21291,355.205,257,487,1,1
21294,355.255,257,487,1,1
21297,355.305,257,487,1,1
21300,355.355,257,487,1,1
21303,355.405,257,487,1,1
21306,355.455,257,486,1,1
21309,355.505,257,487,1,1
21312,355.555,257,487,1,1
21315,355.605,257,486,1,1
21318,355.655,257,487,1,1
21321,355.705,257,486,1,1
21324,355.755,257,487,1,1
21327,355.805,257,487,1,1
21330,355.856,257,486,1,1
21333,355.906,257,487,1,1
21336,355.956,257,487,1,1
21339,356.006,257,486,1,1
21342,356.056,257,487,1,1
21345,356.106,257,487,1,1
21348,356.156,257,486,1,1
21351,356.206,257,487,1,1
21354,356.256,257,487,1,1
21357,356.306,257,487,1,1
21360,356.356,257,487,1,1
21363,356.406,258,487,1,1
21366,356.456,258,487,1,1
21369,356.506,258,487,1,1
21372,356.556,258,487,1,1
21375,356.606,258,487,1,1
21378,356.656,258,487,1,1
21381,356.706,257,486,1,1
21384,356.756,257,487,1,1
21387,356.806,257,487,1,1
21390,356.856,257,487,1,1
21393,356.907,257,487,1,1
21396,356.957,257,487,1,1
21399,357.007,257,487,1,1
21402,357.057,257,487,1,1
21405,357.107,257,487,1,1
21408,357.157,258,487,1,1
21411,357.207,258,487,1,1
21414,357.257,258,487,1,1
21417,357.307,258,487,1,1
21420,357.357,258,487,1,1
21423,357.407,257,487,1,1
21426,357.457,257,487,1,1
21429,357.507,257,487,1,1
21432,357.557,257,487,1,1
21435,357.607,257,487,1,1
21438,357.657,257,487,1,1
21441,357.707,257,487,1,1
21444,357.757,257,487,1,1
21447,357.807,257,487,1,1
21450,357.858,257,487,1,1
21453,357.908,257,487,1,1
21456,357.958,257,487,1,1
21459,358.008,257,487,1,1
21462,358.058,258,487,1,1
21465,358.108,258,487,1,1
21468,358.158,258,487,1,1
21471,358.208,257,487,1,1
21474,358.258,258,487,1,1
21477,358.308,258,487,1,1
21480,358.358,258,487,1,1
21483,358.408,258,487,1,1
21486,358.458,258,487,1,1
21489,358.508,258,487,1,1
21492,358.558,258,487,1,1
21495,358.608,258,487,1,1
21498,358.658,258,487,1,1
21501,358.708,258,487,1,1
21504,358.758,258,487,1,1
21507,358.808,258,487,1,1
21510,358.858,258,487,1,1
21513,358.909,258,487,1,1
21516,358.959,258,487,1,1
21519,359.009,258,487,1,1
21522,359.059,258,487,1,1
21525,359.109,257,487,1,1
21528,359.159,258,487,1,1
21531,359.209,258,487,1,1
21534,359.259,258,487,1,1
21537,359.309,258,487,1,1
21540,359.359,258,487,1,1
21543,359.409,258,487,1,1
21546,359.459,258,487,1,1
21549,359.509,258,487,1,1
21552,359.559,258,487,1,1
21555,359.609,258,487,1,1
21558,359.659,258,487,1,1
21561,359.709,258,487,1,1
21564,359.759,258,487,1,1
21567,359.809,258,487,1,1
21570,359.86,258,487,1,1
21573,359.91,257,487,1,1
21576,359.96,257,487,1,1
21579,360.01,257,487,1,1
21582,360.06,257,487,1,1
21585,360.11,258,487,1,1
21588,360.16,258,487,1,1
21591,360.21,258,487,1,1
21594,360.26,258,487,1,1
21597,360.31,258,487,1,1
21600,360.36,258,487,1,1
21603,360.41,258,487,1,1
21606,360.46,257,487,1,1
21609,360.51,257,487,1,1
21612,360.56,257,487,1,1
21615,360.61,257,487,1,1
21618,360.66,257,487,1,1
21621,360.71,257,487,1,1
21624,360.76,257,487,1,1
21627,360.81,257,487,1,1
21630,360.861,,,0,1
21633,360.911,,,0,1
21636,360.961,,,0,1
21639,361.011,,,0,1
21642,361.061,,,0,1
21645,361.111,23,457,1,1
21648,361.161,13,497,1,1
21651,361.211,3,516,1,1
21654,361.261,32,457,1,1
21657,361.311,32,457,1,1
21660,361.361,32,457,1,1
21663,361.411,,,0,1
21666,361.461,,,0,1
21669,361.511,,,0,1
21672,361.561,,,0,1
21675,361.611,,,0,1
21678,361.661,,,0,1
21681,361.711,,,0,1
21684,361.761,,,0,1
21687,361.811,,,0,1
21690,361.861,,,0,1
21693,361.912,48,447,1,1
21696,361.962,51,446,1,1
21699,362.012,53,447,1,1
21702,362.062,56,446,1,1
21705,362.112,58,447,1,1
21708,362.162,61,460,1,1
21711,362.212,,,0,1
21714,362.262,,,0,1
21717,362.312,,,0,1
21720,362.362,,,0,1
21723,362.412,,,0,1
21726,362.462,,,0,1
21729,362.512,,,0,1
21732,362.562,,,0,1
21735,362.612,,,0,1
21738,362.662,,,0,1
21741,362.712,,,0,1
21744,362.762,,,0,1
21747,362.812,,,0,1
21750,362.863,,,0,1
21753,362.913,32,448,1,1
21756,362.963,36,450,1,1
21759,363.013,38,449,1,1
21762,363.063,,,0,1
21765,363.113,,,0,1
21768,363.163,,,0,1
21771,363.213,,,0,1
21774,363.263,51,454,1,1
21777,363.313,55,456,1,1
21780,363.363,57,469,1,1
21783,363.413,60,456,1,1
21786,363.463,61,455,1,1
21789,363.513,63,455,1,1
21792,363.563,64,456,1,1
21795,363.613,,,0,1
21798,363.663,6,430,1,1
21801,363.713,1,433,1,1
21804,363.763,,,0,1
21807,363.813,,,0,1
21810,363.863,,,0,1
21813,363.914,,,0,1
21816,363.964,,,0,1
21819,364.014,,,0,1
21822,364.064,,,0,1
21825,364.114,,,0,1
21828,364.164,,,0,1
21831,364.214,,,0,1
21834,364.264,,,0,1
21837,364.314,,,0,1
21840,364.364,,,0,1
21843,364.414,,,0,1
21846,364.464,,,0,1
21849,364.514,,,0,1
21852,364.564,,,0,1
21855,364.614,,,0,1
21858,364.664,,,0,1
21861,364.714,,,0,1
21864,364.764,,,0,1
21867,364.814,,,0,1
21870,364.865,,,0,1
21873,364.915,,,0,1
21876,364.965,,,0,1
21879,365.015,,,0,1
21882,365.065,,,0,1
21885,365.115,,,0,1
21888,365.165,,,0,1
21891,365.215,,,0,1
21894,365.265,,,0,1
21897,365.315,833,125,1,1
21900,365.365,11,457,1,1
21903,365.415,,,0,1
21906,365.465,,,0,1
21909,365.515,,,0,1
21912,365.565,,,0,1
21915,365.615,,,0,1
21918,365.665,,,0,1
21921,365.715,,,0,1
21924,365.765,,,0,1
21927,365.815,,,0,1
21930,365.865,,,0,1
21933,365.916,,,0,1
21936,365.966,,,0,1
21939,366.016,,,0,1
21942,366.066,,,0,1
21945,366.116,,,0,1
21948,366.166,,,0,1
21951,366.216,,,0,1
21954,366.266,,,0,1
21957,366.316,,,0,1
21960,366.366,,,0,1
21963,366.416,,,0,1
21966,366.466,,,0,1
21969,366.516,,,0,1
21972,366.566,,,0,1
21975,366.616,,,0,1
21978,366.666,,,0,1
21981,366.716,,,0,1
21984,366.766,,,0,1
21987,366.816,,,0,1
21990,366.867,,,0,1
21993,366.917,,,0,1
21996,366.967,,,0,1
21999,367.017,491,456,1,1
22002,367.067,,,0,1
22005,367.117,,,0,1
22008,367.167,,,0,1
22011,367.217,,,0,1
22014,367.267,,,0,1
22017,367.317,,,0,1
22020,367.367,,,0,1
22023,367.417,,,0,1
22026,367.467,,,0,1
22029,367.517,,,0,1
22032,367.567,134,451,1,1
22035,367.617,42,452,1,1
22038,367.667,59,446,1,1
22041,367.717,45,462,1,1
22044,367.767,47,462,1,1
22047,367.817,47,462,1,1
22050,367.868,47,462,1,1
22053,367.918,44,461,1,1
22056,367.968,36,459,1,1
22059,368.018,31,460,1,1
22062,368.068,24,461,1,1
22065,368.118,4,461,1,1
22068,368.168,3,460,1,1
22071,368.218,4,461,1,1
22074,368.268,8,461,1,1
22077,368.318,27,460,1,1
22080,368.368,44,460,1,1
22083,368.418,81,460,1,1
22086,368.468,99,450,1,1
22089,368.518,122,459,1,1
22092,368.568,145,454,1,1
22095,368.618,168,450,1,1
22098,368.668,,,0,1
22101,368.718,,,0,1
22104,368.768,,,0,1
22107,368.818,,,0,1
22110,368.868,,,0,1
22113,368.919,,,0,1
22116,368.969,,,0,1
22119,369.019,,,0,1
22122,369.069,62,485,1,1
22125,369.119,,,0,1
22128,369.169,,,0,1
22131,369.219,,,0,1
22134,369.269,,,0,1
22137,369.319,,,0,1
22140,369.369,16,480,1,1
22143,369.419,147,462,1,1
22146,369.469,143,461,1,1
22149,369.519,134,459,1,1
22152,369.569,125,457,1,1
22155,369.619,119,458,1,1
22158,369.669,6,428,1,1
22161,369.719,105,459,1,1
22164,369.769,32,434,1,1
22167,369.819,32,460,1,1
22170,369.87,33,486,1,1
22173,369.92,18,286,1,1
22176,369.97,75,453,1,1
22179,370.02,71,461,1,1
22182,370.07,66,459,1,1
22185,370.12,58,459,1,1
22188,370.17,49,461,1,1
22191,370.22,50,459,1,1
22194,370.27,78,461,1,1
22197,370.32,55,471,1,1
22200,370.37,55,471,1,1
22203,370.42,62,460,1,1
22206,370.47,906,101,1,1
22209,370.52,906,101,1,1
22212,370.57,69,470,1,1
22215,370.62,71,469,1,1
22218,370.67,906,101,1,1
22221,370.72,906,101,1,1
22224,370.77,906,101,1,1
22227,370.82,906,101,1,1
22230,370.87,906,101,1,1
22233,370.921,906,101,1,1
22236,370.971,,,0,1
22239,371.021,,,0,1
22242,371.071,,,0,1
22245,371.121,,,0,1
22248,371.171,,,0,1
22251,371.221,,,0,1
22254,371.271,,,0,1
22257,371.321,,,0,1
22260,371.371,,,0,1
22263,371.421,,,0,1
22266,371.471,,,0,1
22269,371.521,,,0,1
22272,371.571,,,0,1
22275,371.621,,,0,1
22278,371.671,,,0,1
22281,371.721,,,0,1
22284,371.771,,,0,1
22287,371.821,,,0,1
22290,371.872,,,0,1
22293,371.922,,,0,1
22296,371.972,,,0,1
22299,372.022,,,0,1
22302,372.072,,,0,1
22305,372.122,,,0,1
22308,372.172,,,0,1
22311,372.222,,,0,1
22314,372.272,,,0,1
22317,372.322,,,0,0
22320,372.372,,,0,0
22323,372.422,,,0,0
22326,372.472,,,0,0
22329,372.522,,,0,0
22332,372.572,,,0,0
22335,372.622,,,0,0
22338,372.672,,,0,0
22341,372.722,,,0,0
22344,372.772,,,0,0
22347,372.822,,,0,0
22350,372.873,,,0,0
22353,372.923,,,0,0
22356,372.973,,,0,0
22359,373.023,,,0,0
22362,373.073,,,0,0
22365,373.123,,,0,0
22368,373.173,,,0,0
22371,373.223,,,0,0
22374,373.273,,,0,0
22377,373.323,,,0,0
22380,373.373,,,0,0
22383,373.423,,,0,0
22386,373.473,,,0,0
22389,373.523,,,0,0
22392,373.573,,,0,0
22395,373.623,,,0,0
22398,373.673,,,0,0
22401,373.723,,,0,0
22404,373.773,,,0,0
22407,373.823,,,0,0
22410,373.873,,,0,0
22413,373.924,,,0,0
22416,373.974,,,0,0
22419,374.024,,,0,0
22422,374.074,,,0,0
22425,374.124,,,0,0
22428,374.174,,,0,0
22431,374.224,,,0,0
22434,374.274,,,0,0
22437,374.324,,,0,0
22440,374.374,,,0,0
22443,374.424,,,0,0
22446,374.474,,,0,0
22449,374.524,,,0,0
22452,374.574,,,0,0
22455,374.624,,,0,0
22458,374.674,,,0,0
22461,374.724,,,0,0
22464,374.774,,,0,0
22467,374.824,,,0,0
22470,374.875,,,0,0
22473,374.925,,,0,0
22476,374.975,,,0,0
22479,375.025,,,0,0
22482,375.075,,,0,0
22485,375.125,,,0,0
22488,375.175,,,0,0
22491,375.225,,,0,0
22494,375.275,,,0,0
22497,375.325,,,0,0
22500,375.375,,,0,0
22503,375.425,,,0,0
22506,375.475,,,0,0
22509,375.525,,,0,0
22512,375.575,,,0,0
22515,375.625,,,0,0
22518,375.675,,,0,0
22521,375.725,,,0,0
22524,375.775,,,0,0
22527,375.825,,,0,0
22530,375.875,,,0,0
22533,375.926,,,0,0
22536,375.976,,,0,0
22539,376.026,,,0,0
22542,376.076,,,0,0
22545,376.126,,,0,0
22548,376.176,,,0,0
22551,376.226,,,0,0
22554,376.276,,,0,0
22557,376.326,,,0,0
22560,376.376,,,0,0
22563,376.426,,,0,0
22566,376.476,,,0,0
22569,376.526,,,0,0
22572,376.576,,,0,0
22575,376.626,,,0,0
22578,376.676,,,0,0
22581,376.726,,,0,0
22584,376.776,,,0,0
22587,376.826,,,0,0
22590,376.877,,,0,0
22593,376.927,,,0,0
22596,376.977,,,0,0
22599,377.027,,,0,0
22602,377.077,,,0,0
22605,377.127,,,0,0
22608,377.177,,,0,0
22611,377.227,,,0,0
22614,377.277,,,0,0
22617,377.327,,,0,0
22620,377.377,,,0,0
22623,377.427,,,0,0
22626,377.477,,,0,0
22629,377.527,,,0,0
22632,377.577,,,0,0
22635,377.627,,,0,0
22638,377.677,,,0,0
22641,377.727,,,0,0
22644,377.777,,,0,0
22647,377.827,,,0,0
22650,377.877,,,0,0
22653,377.928,,,0,0
22656,377.978,,,0,0
22659,378.028,,,0,0
22662,378.078,,,0,0
22665,378.128,,,0,0
22668,378.178,,,0,0
22671,378.228,,,0,0
22674,378.278,,,0,0
22677,378.328,,,0,0
22680,378.378,,,0,0
22683,378.428,,,0,0
22686,378.478,,,0,0
22689,378.528,,,0,0
22692,378.578,,,0,0
22695,378.628,,,0,0
22698,378.678,,,0,0
22701,378.728,,,0,0
22704,378.778,,,0,0
22707,378.828,,,0,0
22710,378.879,,,0,0
22713,378.929,,,0,0
22716,378.979,,,0,0
22719,379.029,,,0,0
22722,379.079,,,0,0
22725,379.129,,,0,0
22728,379.179,,,0,0
22731,379.229,,,0,0
22734,379.279,,,0,0
22737,379.329,,,0,0
22740,379.379,,,0,0
22743,379.429,,,0,0
22746,379.479,,,0,0
22749,379.529,,,0,0
22752,379.579,,,0,0
22755,379.629,,,0,0
22758,379.679,,,0,0
22761,379.729,,,0,0
22764,379.779,,,0,0
22767,379.829,,,0,0
22770,379.88,,,0,0
22773,379.93,,,0,0
22776,379.98,,,0,0
22779,380.03,,,0,0
22782,380.08,,,0,0
22785,380.13,,,0,0
22788,380.18,,,0,0
22791,380.23,,,0,0
22794,380.28,,,0,0
22797,380.33,,,0,0
22800,380.38,,,0,0
22803,380.43,,,0,0
22806,380.48,,,0,0
22809,380.53,,,0,0
22812,380.58,,,0,0
22815,380.63,,,0,0
22818,380.68,,,0,0
22821,380.73,,,0,0
22824,380.78,,,0,0
22827,380.83,,,0,0
22830,380.88,,,0,0
22833,380.931,,,0,0
22836,380.981,,,0,0
22839,381.031,,,0,0
22842,381.081,,,0,0
22845,381.131,,,0,0
22848,381.181,,,0,0
22851,381.231,,,0,0
22854,381.281,,,0,0
22857,381.331,,,0,0
22950,382.882,,,0,0
22953,382.933,,,0,0
22956,382.983,,,0,0
22959,383.033,,,0,0
22962,383.083,,,0,0
22965,383.133,,,0,0
22968,383.183,,,0,0
22971,383.233,,,0,0
22974,383.283,,,0,0
22977,383.333,,,0,0
22980,383.383,,,0,0
22983,383.433,,,0,0
22986,383.483,,,0,0
22989,383.533,,,0,0
22992,383.583,,,0,0
22995,383.633,,,0,0
22998,383.683,,,0,0
23001,383.733,,,0,0
23004,383.783,,,0,0
23007,383.833,,,0,0
23010,383.884,,,0,0
23013,383.934,,,0,0
23016,383.984,,,0,0
23019,384.034,,,0,0
23022,384.084,,,0,0
23025,384.134,,,0,0
23028,384.184,,,0,0
23031,384.234,,,0,0
23034,384.284,,,0,0
23037,384.334,,,0,0
23040,384.384,,,0,0
23043,384.434,,,0,0
23046,384.484,,,0,0
23049,384.534,,,0,0
23052,384.584,,,0,0
23055,384.634,,,0,0
23058,384.684,,,0,0
23061,384.734,,,0,0
23064,384.784,,,0,0
23067,384.834,,,0,0
23070,384.885,,,0,0
23073,384.935,,,0,0
23076,384.985,,,0,0
23079,385.035,,,0,0
23082,385.085,,,0,0
23085,385.135,,,0,0
23088,385.185,,,0,0
23091,385.235,,,0,0
23094,385.285,,,0,0
23097,385.335,,,0,0
23100,385.385,,,0,0
23103,385.435,,,0,0
23106,385.485,,,0,0
23109,385.535,,,0,0
23112,385.585,,,0,0
23115,385.635,,,0,0
23118,385.685,,,0,0
23121,385.735,,,0,0
23124,385.785,,,0,0
23127,385.835,,,0,0
23130,385.885,,,0,0
23133,385.936,,,0,0
23136,385.986,,,0,0
23139,386.036,,,0,0
23142,386.086,,,0,0
23145,386.136,,,0,0
23148,386.186,,,0,0
23151,386.236,,,0,0
23154,386.286,,,0,0
23157,386.336,,,0,0
23160,386.386,,,0,0
23163,386.436,,,0,0
23166,386.486,,,0,0
23169,386.536,,,0,0
23172,386.586,,,0,0
23175,386.636,,,0,0
23178,386.686,,,0,0
23181,386.736,,,0,0
23184,386.786,,,0,0
23187,386.836,,,0,0
23190,386.887,,,0,0
23193,386.937,,,0,0
23196,386.987,,,0,0
23199,387.037,,,0,0
23202,387.087,,,0,0
23205,387.137,,,0,0
23208,387.187,,,0,0
23211,387.237,,,0,0
23214,387.287,,,0,0
23217,387.337,,,0,0
23220,387.387,,,0,0
23223,387.437,,,0,0
23226,387.487,,,0,0
23229,387.537,,,0,0
23232,387.587,,,0,0
23235,387.637,,,0,0
23238,387.687,,,0,0
23241,387.737,,,0,0
23244,387.787,,,0,0
23247,387.837,,,0,0
23250,387.887,,,0,0
23253,387.938,,,0,0
23256,387.988,,,0,0
23259,388.038,,,0,0
23262,388.088,,,0,0
23265,388.138,,,0,0
23268,388.188,,,0,0
23271,388.238,,,0,0
23274,388.288,,,0,0
23277,388.338,,,0,0
23280,388.388,,,0,0
23283,388.438,,,0,0
23286,388.488,,,0,0
23289,388.538,,,0,0
23292,388.588,,,0,0
23295,388.638,,,0,0
23298,388.688,,,0,0
23301,388.738,,,0,0
23304,388.788,,,0,0
23307,388.838,,,0,0
23310,388.889,,,0,0
23313,388.939,,,0,0
23316,388.989,,,0,0
23319,389.039,,,0,0
23322,389.089,,,0,0
23325,389.139,,,0,0
23328,389.189,,,0,0
23331,389.239,,,0,0
23334,389.289,,,0,0
23337,389.339,,,0,0
23340,389.389,,,0,0
23343,389.439,,,0,0
23346,389.489,,,0,0
23349,389.539,,,0,0
23352,389.589,,,0,0
23355,389.639,,,0,0
23358,389.689,,,0,0
23361,389.739,,,0,0
23364,389.789,,,0,0
23367,389.839,,,0,0
23370,389.889,,,0,0
23373,389.94,,,0,0
23376,389.99,,,0,0
23379,390.04,,,0,0
23382,390.09,,,0,0
23385,390.14,,,0,0
23388,390.19,,,0,0
23391,390.24,,,0,0
23394,390.29,,,0,0
23397,390.34,,,0,0
23400,390.39,,,0,0
23403,390.44,,,0,0
23406,390.49,,,0,0
23409,390.54,,,0,0
23412,390.59,,,0,0
23415,390.64,,,0,0
23418,390.69,,,0,0
23421,390.74,,,0,0
23424,390.79,,,0,0
23427,390.84,,,0,0
23430,390.891,,,0,0
23433,390.941,,,0,0
23436,390.991,,,0,0
23439,391.041,,,0,0
23442,391.091,,,0,0
23445,391.141,,,0,0
23448,391.191,,,0,0
23451,391.241,,,0,0
23454,391.291,,,0,0
23457,391.341,,,0,0
23460,391.391,,,0,0
23463,391.441,,,0,0
23466,391.491,,,0,0
23469,391.541,,,0,0
23472,391.591,,,0,0
23475,391.641,,,0,0
23478,391.691,,,0,0
23481,391.741,,,0,0
23484,391.791,,,0,0
23487,391.841,,,0,0
23490,391.892,,,0,0
23493,391.942,,,0,0
23496,391.992,,,0,0
23499,392.042,,,0,0
23502,392.092,,,0,0
23505,392.142,,,0,0
23508,392.192,,,0,0
23511,392.242,,,0,0
23514,392.292,,,0,0
23517,392.342,,,0,0
23520,392.392,,,0,0
23523,392.442,,,0,0
23526,392.492,,,0,0
23529,392.542,,,0,0
23532,392.592,,,0,0
23535,392.642,,,0,0
23538,392.692,,,0,0
23541,392.742,,,0,0
23544,392.792,,,0,0
23547,392.842,,,0,0
23550,392.892,,,0,0
23553,392.943,,,0,0
23556,392.993,,,0,0
23559,393.043,,,0,0
23562,393.093,,,0,0
23565,393.143,,,0,0
23568,393.193,,,0,0
23571,393.243,,,0,0
23574,393.293,,,0,0
23577,393.343,,,0,0
23580,393.393,,,0,0
23583,393.443,,,0,0
23586,393.493,,,0,0
23589,393.543,,,0,0
23592,393.593,,,0,0
23595,393.643,,,0,0
23598,393.693,,,0,0
23601,393.743,,,0,0
23604,393.793,,,0,0
23607,393.843,,,0,0
23610,393.894,,,0,0
23613,393.944,,,0,0
23616,393.994,,,0,0
23619,394.044,,,0,0
23622,394.094,,,0,0
23625,394.144,,,0,0
23628,394.194,,,0,0
23631,394.244,,,0,0
23634,394.294,,,0,0
23637,394.344,,,0,0
23640,394.394,,,0,0
23643,394.444,,,0,0
23646,394.494,,,0,0
23649,394.544,,,0,0
23652,394.594,,,0,0
23655,394.644,,,0,0
23658,394.694,,,0,0
23661,394.744,,,0,0
23664,394.794,,,0,0
23667,394.844,,,0,0
23670,394.894,,,0,0
23673,394.945,,,0,0
23676,394.995,,,0,0
23679,395.045,,,0,0
23682,395.095,,,0,0
23685,395.145,,,0,0
23688,395.195,,,0,0
23691,395.245,,,0,0
23694,395.295,,,0,0
23697,395.345,,,0,0
23700,395.395,,,0,0
23703,395.445,,,0,0
23706,395.495,,,0,0
23709,395.545,,,0,0
23712,395.595,,,0,0
23715,395.645,,,0,0
23718,395.695,,,0,0
23721,395.745,,,0,0
23724,395.795,,,0,0
23727,395.845,,,0,0
23730,395.896,,,0,0
23733,395.946,,,0,0
23736,395.996,,,0,0
23739,396.046,,,0,0
23742,396.096,,,0,0
23745,396.146,,,0,0
23748,396.196,,,0,0
23751,396.246,,,0,0
23754,396.296,,,0,0
23757,396.346,,,0,0
23760,396.396,,,0,0
23763,396.446,,,0,0
23766,396.496,,,0,0
23769,396.546,,,0,0
23772,396.596,,,0,0
23775,396.646,,,0,0
23778,396.696,,,0,0
23781,396.746,,,0,0
23784,396.796,,,0,0
23787,396.846,,,0,0
23790,396.897,,,0,0
23793,396.947,,,0,0
23796,396.997,,,0,0
23799,397.047,,,0,0
23802,397.097,,,0,0
23805,397.147,,,0,0
23808,397.197,,,0,0
23811,397.247,,,0,0
23814,397.297,,,0,0
23817,397.347,,,0,0
23820,397.397,,,0,0
23823,397.447,,,0,0
23826,397.497,,,0,0
23829,397.547,,,0,0
23832,397.597,,,0,0
23835,397.647,,,0,0
23838,397.697,,,0,0
23841,397.747,,,0,0
23844,397.797,,,0,0
23847,397.847,,,0,0
23850,397.897,,,0,0
23853,397.948,,,0,0
23856,397.998,,,0,0
23859,398.048,,,0,0
23862,398.098,,,0,0
23865,398.148,,,0,0
23868,398.198,,,0,0
23871,398.248,,,0,0
23874,398.298,,,0,0
23877,398.348,,,0,0
23880,398.398,,,0,0
23883,398.448,,,0,0
23886,398.498,,,0,0
23889,398.548,,,0,0
23892,398.598,,,0,0
23895,398.648,,,0,0
23898,398.698,,,0,0
23901,398.748,,,0,0
23904,398.798,,,0,0
23907,398.848,,,0,0
23910,398.899,,,0,0
23913,398.949,,,0,0
23916,398.999,,,0,0
23919,399.049,,,0,0
23922,399.099,,,0,0
23925,399.149,,,0,0
23928,399.199,,,0,0
23931,399.249,,,0,0
23934,399.299,,,0,0
23937,399.349,,,0,0
23940,399.399,,,0,0
23943,399.449,,,0,0
23946,399.499,,,0,0
23949,399.549,,,0,0
23952,399.599,,,0,0
23955,399.649,,,0,0
23958,399.699,,,0,0
23961,399.749,,,0,0
23964,399.799,,,0,0
23967,399.849,,,0,0
23970,399.899,,,0,0
23973,399.95,,,0,0
23976,400.0,,,0,0
23979,400.05,,,0,0
23982,400.1,,,0,0
23985,400.15,,,0,0
23988,400.2,,,0,0
23991,400.25,,,0,0
23994,400.3,,,0,0
23997,400.35,,,0,0
24000,400.4,,,0,0
24003,400.45,,,0,0
24006,400.5,,,0,0
24009,400.55,,,0,0
24012,400.6,,,0,0
24015,400.65,,,0,0
24018,400.7,,,0,0
24021,400.75,,,0,0
24024,400.8,,,0,0
24027,400.85,,,0,0
24030,400.901,,,0,0
24033,400.951,,,0,0
24036,401.001,,,0,0
24039,401.051,,,0,0
24042,401.101,,,0,0
24045,401.151,,,0,0
24048,401.201,,,0,0
24051,401.251,,,0,0
24054,401.301,,,0,0
24057,401.351,,,0,0
24060,401.401,,,0,0
24063,401.451,,,0,0
24066,401.501,,,0,0
24069,401.551,,,0,0
24072,401.601,,,0,0
24075,401.651,,,0,0
24078,401.701,,,0,0
24081,401.751,,,0,0
24084,401.801,,,0,0
24087,401.851,,,0,0
24090,401.901,,,0,0
24093,401.952,,,0,0
24096,402.002,,,0,0
24099,402.052,,,0,0
24102,402.102,,,0,0
24105,402.152,,,0,0
24108,402.202,,,0,0
24111,402.252,,,0,0
24114,402.302,,,0,0
24117,402.352,,,0,0
24120,402.402,,,0,0
24123,402.452,,,0,0
24126,402.502,,,0,0
24129,402.552,,,0,0
24132,402.602,,,0,0
24135,402.652,,,0,0
24138,402.702,,,0,0
24141,402.752,,,0,0
24144,402.802,,,0,0
24147,402.852,,,0,0
24150,402.903,,,0,0
24153,402.953,,,0,0
24156,403.003,,,0,0
24159,403.053,,,0,0
24162,403.103,,,0,0
24165,403.153,,,0,0
24168,403.203,,,0,0
24171,403.253,,,0,0
24174,403.303,,,0,0
24177,403.353,,,0,0
24180,403.403,,,0,0
24183,403.453,,,0,0
24186,403.503,,,0,0
24189,403.553,,,0,0
24192,403.603,,,0,0
24195,403.653,,,0,0
24198,403.703,,,0,0
24201,403.753,,,0,0
24204,403.803,,,0,0
24207,403.853,,,0,0
24210,403.904,,,0,0
24213,403.954,,,0,0
24216,404.004,,,0,0
24219,404.054,,,0,0
24222,404.104,,,0,0
24225,404.154,,,0,0
24228,404.204,,,0,0
24231,404.254,,,0,0
24234,404.304,,,0,0
24237,404.354,,,0,0
24240,404.404,,,0,0
24243,404.454,,,0,0
24246,404.504,,,0,0
24249,404.554,,,0,0
24252,404.604,,,0,0
24255,404.654,,,0,0
24258,404.704,,,0,0
24261,404.754,,,0,0
24264,404.804,,,0,0
24267,404.854,,,0,0
24270,404.904,,,0,0
24273,404.955,,,0,0
24276,405.005,,,0,0
24279,405.055,,,0,0
24282,405.105,,,0,0
24285,405.155,,,0,0
24288,405.205,,,0,0
24291,405.255,,,0,0
24294,405.305,,,0,0
24297,405.355,,,0,0
24300,405.405,,,0,0
24303,405.455,,,0,0
24306,405.505,,,0,0
24309,405.555,,,0,0
24312,405.605,,,0,0
24315,405.655,,,0,0
24318,405.705,,,0,0
24321,405.755,,,0,0
24324,405.805,,,0,0
24327,405.855,,,0,0
24330,405.906,,,0,0
24333,405.956,,,0,0
24336,406.006,,,0,0
24339,406.056,,,0,0
24342,406.106,,,0,0
24345,406.156,,,0,0
24348,406.206,,,0,0
24351,406.256,,,0,0
24354,406.306,,,0,0
24357,406.356,,,0,0
24360,406.406,,,0,0
24363,406.456,,,0,0
24366,406.506,,,0,0
24369,406.556,,,0,0
24372,406.606,,,0,0
24375,406.656,,,0,0
24378,406.706,,,0,0
24381,406.756,,,0,0
24384,406.806,,,0,0
24387,406.856,,,0,0
24390,406.906,,,0,0
24393,406.957,,,0,0
24396,407.007,,,0,0
24399,407.057,,,0,0
24402,407.107,,,0,0
24405,407.157,,,0,0
24408,407.207,,,0,0
24411,407.257,,,0,0
24414,407.307,,,0,0
24417,407.357,,,0,0
24420,407.407,,,0,0
24423,407.457,,,0,0
24426,407.507,,,0,0
24429,407.557,,,0,0
24432,407.607,,,0,0
24435,407.657,,,0,0
24438,407.707,,,0,0
24441,407.757,,,0,0
24444,407.807,,,0,0
24447,407.857,,,0,0
24450,407.908,,,0,0
24453,407.958,,,0,0
24456,408.008,,,0,0
24459,408.058,,,0,0
24462,408.108,,,0,0
24465,408.158,,,0,0
24468,408.208,,,0,0
24471,408.258,,,0,0
24474,408.308,,,0,0
24477,408.358,,,0,0
24480,408.408,,,0,0
24483,408.458,,,0,0
24486,408.508,,,0,0
24489,408.558,,,0,0
24492,408.608,,,0,0
24495,408.658,,,0,0
24498,408.708,,,0,0
24501,408.758,,,0,0
24504,408.808,,,0,0
24507,408.858,,,0,0
24510,408.909,,,0,0
24513,408.959,,,0,0
24516,409.009,,,0,0
24519,409.059,,,0,0
24522,409.109,,,0,0
24525,409.159,,,0,0
24528,409.209,,,0,0
24531,409.259,,,0,0
24534,409.309,,,0,0
24537,409.359,,,0,0
24540,409.409,,,0,0
24543,409.459,,,0,0
24546,409.509,,,0,0
24549,409.559,,,0,0
24552,409.609,,,0,0
24555,409.659,,,0,0
24558,409.709,,,0,0
24561,409.759,,,0,0
24564,409.809,,,0,0
24567,409.859,,,0,0
24660,411.411,,,0,0
24663,411.461,,,0,0
24666,411.511,,,0,0
24669,411.561,,,0,0
24672,411.611,,,0,0
24675,411.661,,,0,0
24678,411.711,,,0,0
24681,411.761,,,0,0
24684,411.811,,,0,0
24687,411.861,,,0,0
24690,411.911,,,0,0
24693,411.962,,,0,0
24696,412.012,,,0,0
24699,412.062,,,0,0
24702,412.112,,,0,0
24705,412.162,,,0,0
24708,412.212,,,0,0
24711,412.262,,,0,0
24714,412.312,,,0,0
24717,412.362,,,0,0
24720,412.412,,,0,0
24723,412.462,,,0,0
24726,412.512,,,0,0
24729,412.562,,,0,0
24732,412.612,,,0,0
24735,412.662,,,0,0
24738,412.712,,,0,0
24741,412.762,,,0,0
24744,412.812,,,0,0
24747,412.862,,,0,0
24750,412.913,,,0,0
24753,412.963,,,0,0
24756,413.013,,,0,0
24759,413.063,,,0,0
24762,413.113,,,0,0
24765,413.163,,,0,0
24768,413.213,,,0,0
24771,413.263,,,0,0
24774,413.313,,,0,0
24777,413.363,,,0,0
24780,413.413,,,0,0
24783,413.463,,,0,0
24786,413.513,,,0,0
24789,413.563,,,0,0
24792,413.613,,,0,0
24795,413.663,,,0,0
24798,413.713,,,0,0
24801,413.763,,,0,0
24804,413.813,,,0,0
24807,413.863,,,0,0
24810,413.913,,,0,0
24813,413.964,,,0,0
24816,414.014,,,0,0
24819,414.064,,,0,0
24822,414.114,,,0,0
24825,414.164,,,0,0
24828,414.214,,,0,0
24831,414.264,,,0,0
24834,414.314,,,0,0
24837,414.364,,,0,0
24840,414.414,,,0,0
24843,414.464,,,0,0
24846,414.514,,,0,0
24849,414.564,,,0,0
24852,414.614,,,0,0
24855,414.664,,,0,0
24858,414.714,,,0,0
24861,414.764,,,0,0
24864,414.814,,,0,0
24867,414.864,,,0,0
24870,414.915,,,0,0
24873,414.965,,,0,0
24876,415.015,,,0,0
24879,415.065,,,0,0
24882,415.115,,,0,0
24885,415.165,,,0,0
24888,415.215,,,0,0
24891,415.265,,,0,0
24894,415.315,,,0,0
24897,415.365,,,0,0
24900,415.415,,,0,0
24903,415.465,,,0,0
24906,415.515,,,0,0
24909,415.565,,,0,0
24912,415.615,,,0,0
24915,415.665,,,0,0
24918,415.715,,,0,0
24921,415.765,,,0,0
24924,415.815,,,0,0
24927,415.865,,,0,0
24930,415.916,,,0,0
24933,415.966,,,0,0
24936,416.016,,,0,0
24939,416.066,,,0,0
24942,416.116,,,0,0
24945,416.166,,,0,0
24948,416.216,,,0,0
24951,416.266,,,0,0
24954,416.316,,,0,0
24957,416.366,,,0,0
24960,416.416,,,0,0
24963,416.466,,,0,0
24966,416.516,,,0,0
24969,416.566,,,0,0
24972,416.616,,,0,0
24975,416.666,,,0,0
24978,416.716,,,0,0
24981,416.766,,,0,0
24984,416.816,,,0,0
24987,416.866,,,0,0
24990,416.916,,,0,0
24993,416.967,,,0,0
24996,417.017,,,0,0
24999,417.067,,,0,0
25002,417.117,,,0,0
25005,417.167,,,0,0
25008,417.217,,,0,0
25011,417.267,,,0,0
25014,417.317,,,0,0
25017,417.367,,,0,0
25020,417.417,,,0,0
25023,417.467,,,0,0
25026,417.517,,,0,0
25029,417.567,,,0,0
25032,417.617,,,0,0
25035,417.667,,,0,0
25038,417.717,,,0,0
25041,417.767,,,0,0
25044,417.817,,,0,0
25047,417.867,,,0,0
25050,417.918,,,0,0
25053,417.968,,,0,0
25056,418.018,,,0,0
25059,418.068,,,0,0
25062,418.118,,,0,0
25065,418.168,,,0,0
25068,418.218,,,0,0
25071,418.268,,,0,0
25074,418.318,,,0,0
25077,418.368,,,0,0
25080,418.418,,,0,0
25083,418.468,,,0,0
25086,418.518,,,0,0
25089,418.568,,,0,0
25092,418.618,,,0,0
25095,418.668,,,0,0
25098,418.718,,,0,0
25101,418.768,,,0,0
25104,418.818,,,0,0
25107,418.868,,,0,0
25110,418.918,,,0,0
25113,418.969,,,0,0
25116,419.019,,,0,0
25119,419.069,,,0,0
25122,419.119,,,0,0
25125,419.169,,,0,0
25128,419.219,,,0,0
25131,419.269,,,0,0
25134,419.319,,,0,0
25137,419.369,,,0,0
25140,419.419,,,0,0
25143,419.469,,,0,0
25146,419.519,,,0,0
25149,419.569,,,0,0
25152,419.619,,,0,0
25155,419.669,,,0,0
25158,419.719,,,0,0
25161,419.769,,,0,0
25164,419.819,,,0,0
25167,419.869,,,0,0
25170,419.92,,,0,0
25173,419.97,,,0,0
25176,420.02,,,0,0
25179,420.07,,,0,0
25182,420.12,,,0,0
25185,420.17,,,0,0
25188,420.22,,,0,0
25191,420.27,,,0,0
25194,420.32,,,0,0
25197,420.37,,,0,0
25200,420.42,,,0,0
25203,420.47,,,0,0
25206,420.52,,,0,0
25209,420.57,,,0,0
25212,420.62,,,0,0
25215,420.67,,,0,0
25218,420.72,,,0,0
25221,420.77,,,0,0
25224,420.82,,,0,0
25227,420.87,,,0,0
25230,420.921,,,0,0
25233,420.971,,,0,0
25236,421.021,,,0,0
25239,421.071,,,0,0
25242,421.121,,,0,0
25245,421.171,,,0,0
25248,421.221,,,0,0
25251,421.271,,,0,0
25254,421.321,,,0,0
25257,421.371,,,0,0
25260,421.421,,,0,0
25263,421.471,,,0,0
25266,421.521,,,0,0
25269,421.571,,,0,0
25272,421.621,,,0,0
25275,421.671,,,0,0
25278,421.721,,,0,0
25281,421.771,,,0,0
25284,421.821,,,0,0
25287,421.871,,,0,0
25290,421.921,,,0,0
25293,421.972,,,0,0
25296,422.022,,,0,0
25299,422.072,,,0,0
25302,422.122,,,0,0
25305,422.172,,,0,0
25308,422.222,,,0,0
25311,422.272,,,0,0
25314,422.322,,,0,0
25317,422.372,,,0,0
25320,422.422,,,0,0
25323,422.472,,,0,0
25326,422.522,,,0,0
25329,422.572,,,0,0
25332,422.622,,,0,0
25335,422.672,,,0,0
25338,422.722,,,0,0
25341,422.772,,,0,0
25344,422.822,,,0,0
25347,422.872,,,0,0
25350,422.923,,,0,0
25353,422.973,,,0,0
25356,423.023,,,0,0
25359,423.073,,,0,0
25362,423.123,,,0,0
25365,423.173,,,0,0
25368,423.223,,,0,0
25371,423.273,,,0,0
25374,423.323,,,0,0
25377,423.373,,,0,1
25380,423.423,,,0,1
25383,423.473,,,0,1
25386,423.523,,,0,1
25389,423.573,,,0,1
25392,423.623,,,0,1
25395,423.673,,,0,1
25398,423.723,,,0,1
25401,423.773,,,0,1
25404,423.823,,,0,1
25407,423.873,,,0,1
25410,423.923,,,0,1
25413,423.974,,,0,1
25416,424.024,175,394,1,1
25419,424.074,5,392,1,1
25422,424.124,,,0,1
25425,424.174,,,0,1
25428,424.224,,,0,1
25431,424.274,,,0,1
25434,424.324,,,0,1
25437,424.374,,,0,1
25440,424.424,,,0,1
25443,424.474,,,0,1
25446,424.524,,,0,1
25449,424.574,,,0,1
25452,424.624,,,0,1
25455,424.674,,,0,1
25458,424.724,,,0,1
25461,424.774,,,0,1
25464,424.824,,,0,1
25467,424.874,,,0,1
25470,424.925,,,0,1
25473,424.975,,,0,1
25476,425.025,,,0,1
25479,425.075,,,0,1
25482,425.125,,,0,1
25485,425.175,,,0,1
25488,425.225,,,0,1
25491,425.275,,,0,1
25494,425.325,,,0,1
25497,425.375,,,0,1
25500,425.425,,,0,1
25503,425.475,,,0,1
25506,425.525,,,0,1
25509,425.575,,,0,1
25512,425.625,,,0,1
25515,425.675,,,0,1
25518,425.725,,,0,1
25521,425.775,,,0,1
25524,425.825,,,0,1
25527,425.875,,,0,1
25530,425.925,,,0,1
25533,425.976,,,0,1
25536,426.026,,,0,1
25539,426.076,,,0,1
25542,426.126,,,0,1
25545,426.176,,,0,1
25548,426.226,,,0,1
25551,426.276,,,0,1
25554,426.326,,,0,1
25557,426.376,,,0,1
25560,426.426,,,0,1
25563,426.476,,,0,1
25566,426.526,,,0,1
25569,426.576,,,0,1
25572,426.626,,,0,1
25575,426.676,,,0,1
25578,426.726,,,0,1
25581,426.776,,,0,1
25584,426.826,,,0,1
25587,426.876,,,0,1
25590,426.927,,,0,1
25593,426.977,,,0,1
25596,427.027,,,0,1
25599,427.077,,,0,1
25602,427.127,,,0,1
25605,427.177,,,0,1
25608,427.227,,,0,1
25611,427.277,,,0,1
25614,427.327,,,0,1
25617,427.377,,,0,1
25620,427.427,,,0,1
25623,427.477,,,0,1
25626,427.527,,,0,1
25629,427.577,277,445,1,1
25632,427.627,264,443,1,1
25635,427.677,254,449,1,1
25638,427.727,,,0,1
25641,427.777,,,0,1
25644,427.827,,,0,1
25647,427.877,,,0,1
25650,427.928,,,0,1
25653,427.978,,,0,1
25656,428.028,,,0,1
25659,428.078,,,0,1
25662,428.128,,,0,1
25665,428.178,,,0,1
25668,428.228,,,0,1
25671,428.278,,,0,1
25674,428.328,9,446,1,1
25677,428.378,43,440,1,1
25680,428.428,41,454,1,1
25683,428.478,48,439,1,1
25686,428.528,58,448,1,1
25689,428.578,63,441,1,1
25692,428.628,61,442,1,1
25695,428.678,1,439,1,1
25698,428.728,93,443,1,1
25701,428.778,109,441,1,1
25704,428.828,137,435,1,1
25707,428.878,119,438,1,1
25710,428.928,133,451,1,1
25713,428.979,140,450,1,1
25716,429.029,137,483,1,1
25719,429.079,67,487,1,1
25722,429.129,400,450,1,1
25725,429.179,400,450,1,1
25728,429.229,399,449,1,1
25731,429.279,116,438,1,1
25734,429.329,,,0,1
25737,429.379,,,0,1
25740,429.429,,,0,1
25743,429.479,,,0,1
25746,429.529,,,0,1
25749,429.579,,,0,1
25752,429.629,,,0,1
25755,429.679,,,0,1
25758,429.729,,,0,1
25761,429.779,,,0,1
25764,429.829,,,0,1
25767,429.879,,,0,1
25770,429.93,,,0,1
25773,429.98,,,0,1
25776,430.03,,,0,1
25779,430.08,,,0,1
25782,430.13,,,0,1
25785,430.18,,,0,1
25788,430.23,,,0,1
25791,430.28,,,0,1
25794,430.33,,,0,1
25797,430.38,,,0,1
25800,430.43,,,0,1
25803,430.48,,,0,1
25806,430.53,,,0,1
25809,430.58,,,0,1
25812,430.63,,,0,1
25815,430.68,,,0,1
25818,430.73,,,0,1
25821,430.78,,,0,1
25824,430.83,,,0,1
25827,430.88,,,0,1
25830,430.93,,,0,1
25833,430.981,,,0,1
25836,431.031,,,0,1
25839,431.081,,,0,1
25842,431.131,,,0,1
25845,431.181,,,0,1
25848,431.231,,,0,1
25851,431.281,,,0,1
25854,431.331,,,0,1
25857,431.381,,,0,1
25860,431.431,,,0,1
25863,431.481,,,0,1
25866,431.531,,,0,1
25869,431.581,,,0,1
25872,431.631,,,0,1
25875,431.681,,,0,1
25878,431.731,,,0,1
25881,431.781,,,0,1
25884,431.831,,,0,1
25887,431.881,7,509,1,1
25890,431.932,7,508,1,1
25893,431.982,8,510,1,1
25896,432.032,7,509,1,1
25899,432.082,7,509,1,1
25902,432.132,7,508,1,1
25905,432.182,7,509,1,1
25908,432.232,7,509,1,1
25911,432.282,7,509,1,1
25914,432.332,7,508,1,1
25917,432.382,7,509,1,1
25920,432.432,7,509,1,1
25923,432.482,7,508,1,1
25926,432.532,7,508,1,1
25929,432.582,7,509,1,1
25932,432.632,7,509,1,1
25935,432.682,7,508,1,1
25938,432.732,7,508,1,1
25941,432.782,7,509,1,1
25944,432.832,7,509,1,1
25947,432.882,7,508,1,1
25950,432.933,7,509,1,1
25953,432.983,7,509,1,1
25956,433.033,7,509,1,1
25959,433.083,7,508,1,1
25962,433.133,7,508,1,1
25965,433.183,7,508,1,1
25968,433.233,7,508,1,1
25971,433.283,7,509,1,1
25974,433.333,7,509,1,1
25977,433.383,7,508,1,1
25980,433.433,7,509,1,1
25983,433.483,7,509,1,1
25986,433.533,7,509,1,1
25989,433.583,7,508,1,1
25992,433.633,7,509,1,1
25995,433.683,7,509,1,1
25998,433.733,7,509,1,1
26001,433.783,7,508,1,1
26004,433.833,7,509,1,1
26007,433.883,7,509,1,1
26010,433.933,7,509,1,1
26013,433.984,7,508,1,1
26016,434.034,7,509,1,1
26019,434.084,7,509,1,1
26022,434.134,7,508,1,1
26025,434.184,7,508,1,1
26028,434.234,7,509,1,1
26031,434.284,7,508,1,1
26034,434.334,7,509,1,1
26037,434.384,7,509,1,1
26040,434.434,7,509,1,1
26043,434.484,7,508,1,1
26046,434.534,7,509,1,1
26049,434.584,7,508,1,1
26052,434.634,7,509,1,1
26055,434.684,7,509,1,1
26058,434.734,7,509,1,1
26061,434.784,7,508,1,1
26064,434.834,7,509,1,1
26067,434.884,7,509,1,1
26070,434.935,7,509,1,1
26073,434.985,7,509,1,1
26076,435.035,7,508,1,1
26079,435.085,7,509,1,1
26082,435.135,7,508,1,1
26085,435.185,7,509,1,1
26088,435.235,7,509,1,1
26091,435.285,7,508,1,1
26094,435.335,7,509,1,1
26097,435.385,7,509,1,1
26100,435.435,7,509,1,1
26103,435.485,7,508,1,1
26106,435.535,7,509,1,1
26109,435.585,7,509,1,1
26112,435.635,7,509,1,1
26115,435.685,7,508,1,1
26118,435.735,7,509,1,1
26121,435.785,7,509,1,1
26124,435.835,7,509,1,1
26127,435.885,7,508,1,1
26130,435.935,7,508,1,1
26133,435.986,7,509,1,1
26136,436.036,7,509,1,1
26139,436.086,7,509,1,1
26142,436.136,7,508,1,1
26145,436.186,7,509,1,1
26148,436.236,7,509,1,1
26151,436.286,7,509,1,1
26154,436.336,7,509,1,1
26157,436.386,7,508,1,1
26160,436.436,7,509,1,1
26163,436.486,7,509,1,1
26166,436.536,7,509,1,1
26169,436.586,7,509,1,1
26172,436.636,7,508,1,1
26175,436.686,7,509,1,1
26178,436.736,7,509,1,1
26181,436.786,7,508,1,1
26184,436.836,7,508,1,1
26187,436.886,7,509,1,1
26190,436.937,7,509,1,1
26193,436.987,7,509,1,1
26196,437.037,7,508,1,1
26199,437.087,7,508,1,1
26202,437.137,7,509,1,1
26205,437.187,7,509,1,1
26208,437.237,7,508,1,1
26211,437.287,7,509,1,1
26214,437.337,7,509,1,1
26217,437.387,7,509,1,1
26220,437.437,7,508,1,1
26223,437.487,7,509,1,1
26226,437.537,7,509,1,1
26229,437.587,7,509,1,1
26232,437.637,7,508,1,1
26235,437.687,7,509,1,1
26238,437.737,7,509,1,1
26241,437.787,7,508,1,1
26244,437.837,7,509,1,1
26247,437.887,7,509,1,1
26250,437.938,7,508,1,1
26253,437.988,7,509,1,1
26256,438.038,7,509,1,1
26259,438.088,7,508,1,1
26262,438.138,7,509,1,1
26265,438.188,7,509,1,1
26268,438.238,7,508,1,1
26271,438.288,7,509,1,1
26274,438.338,7,508,1,1
26277,438.388,7,508,1,1
26280,438.438,7,509,1,1
26283,438.488,7,509,1,1
26286,438.538,7,508,1,1
26289,438.588,7,509,1,1
26292,438.638,7,509,1,1
26295,438.688,7,508,1,1
26298,438.738,7,509,1,1
26301,438.788,7,509,1,1
26304,438.838,7,509,1,1
26307,438.888,7,509,1,1
26310,438.939,7,508,1,1
26313,438.989,7,509,1,1
26316,439.039,7,509,1,1
26319,439.089,7,508,1,1
26322,439.139,7,509,1,1
26325,439.189,7,509,1,1
26328,439.239,7,509,1,1
26331,439.289,7,508,1,1
26334,439.339,7,509,1,1
26337,439.389,7,508,1,1
26340,439.439,7,508,1,1
26343,439.489,135,569,1,1
26346,439.539,135,569,1,1
26349,439.589,135,569,1,1
26352,439.639,135,569,1,1
26355,439.689,135,569,1,1
26358,439.739,135,569,1,1
26361,439.789,135,569,1,1
26364,439.839,135,569,1,1
26367,439.889,135,569,1,1
26370,439.94,135,569,1,1
26373,439.99,135,569,1,1
26376,440.04,135,569,1,1
26379,440.09,135,569,1,1
26382,440.14,135,569,1,1
26385,440.19,135,569,1,1
26388,440.24,135,569,1,1
26391,440.29,135,569,1,1
26394,440.34,135,569,1,1
26397,440.39,135,569,1,1
26400,440.44,135,569,1,1
26403,440.49,135,569,1,1
26406,440.54,135,569,1,1
26409,440.59,135,569,1,1
26412,440.64,135,569,1,1
26415,440.69,135,569,1,1
26418,440.74,135,569,1,1
26421,440.79,135,569,1,1
26424,440.84,135,569,1,1
26427,440.89,135,569,1,1
26430,440.94,135,569,1,1
26433,440.991,135,569,1,1
26436,441.041,135,569,1,1
26439,441.091,135,569,1,1
26442,441.141,135,569,1,1
26445,441.191,135,569,1,1
26448,441.241,135,569,1,1
26451,441.291,135,569,1,1
26454,441.341,135,569,1,1
26457,441.391,135,569,1,1
26460,441.441,135,569,1,1
26463,441.491,135,569,1,1
26466,441.541,135,569,1,1
26469,441.591,135,569,1,1
26472,441.641,135,569,1,1
26475,441.691,135,569,1,1
26478,441.741,135,569,1,1
26481,441.791,135,569,1,1
26484,441.841,135,569,1,1
26487,441.891,135,569,1,1
26490,441.942,135,569,1,1
26493,441.992,135,569,1,1
26496,442.042,135,569,1,1
26499,442.092,135,569,1,1
26502,442.142,135,569,1,1
26505,442.192,135,569,1,1
26508,442.242,135,569,1,1
26511,442.292,135,569,1,1
26514,442.342,135,569,1,1
26517,442.392,135,569,1,1
26520,442.442,135,569,1,1
26523,442.492,135,569,1,1
26526,442.542,135,569,1,1
26529,442.592,135,569,1,1
26532,442.642,135,569,1,1
26535,442.692,135,569,1,1
26538,442.742,135,569,1,1
26541,442.792,135,569,1,1
26544,442.842,135,569,1,1
26547,442.892,135,569,1,1
26550,442.942,135,569,1,1
26553,442.993,135,569,1,1
26556,443.043,135,569,1,1
26559,443.093,135,569,1,1
26562,443.143,135,569,1,1
26565,443.193,135,569,1,1
26568,443.243,135,569,1,1
26571,443.293,135,569,1,1
26574,443.343,135,569,1,1
26577,443.393,135,569,1,1
26580,443.443,135,569,1,1
26583,443.493,135,569,1,1
26586,443.543,135,569,1,1
26589,443.593,135,569,1,1
26592,443.643,135,569,1,1
26595,443.693,135,569,1,1
26598,443.743,135,569,1,1
26601,443.793,135,569,1,1
26604,443.843,135,569,1,1
26607,443.893,135,569,1,1
26610,443.944,135,569,1,1
26613,443.994,135,569,1,1
26616,444.044,135,569,1,1
26619,444.094,135,569,1,1
26622,444.144,135,569,1,1
26625,444.194,135,569,1,1
26628,444.244,135,569,1,1
26631,444.294,135,569,1,1
26634,444.344,135,569,1,1
26637,444.394,135,569,1,1
26640,444.444,135,569,1,1
26643,444.494,135,569,1,1
26646,444.544,135,569,1,1
26649,444.594,135,569,1,1
26652,444.644,135,569,1,1
26655,444.694,135,569,1,1
26658,444.744,135,569,1,1
26661,444.794,135,569,1,1
26664,444.844,135,569,1,1
26667,444.894,135,569,1,1
26670,444.945,135,569,1,1
26673,444.995,135,569,1,1
26676,445.045,135,569,1,1
26679,445.095,135,569,1,1
26682,445.145,135,569,1,1
26685,445.195,135,569,1,1
26688,445.245,135,569,1,1
26691,445.295,135,569,1,1
26694,445.345,135,569,1,1
26697,445.395,135,569,1,1
26700,445.445,135,569,1,1
26703,445.495,135,569,1,1
26706,445.545,135,569,1,1
26709,445.595,135,569,1,1
26712,445.645,135,569,1,1
26715,445.695,135,569,1,1
26718,445.745,135,569,1,1
26721,445.795,135,569,1,1
26724,445.845,135,569,1,1
26727,445.895,135,569,1,1
26730,445.945,135,569,1,1
26733,445.996,135,569,1,1
26736,446.046,135,569,1,1
26739,446.096,135,569,1,1
26742,446.146,135,569,1,1
26745,446.196,135,569,1,1
26748,446.246,135,569,1,1
26751,446.296,135,569,1,1
26754,446.346,135,569,1,1
26757,446.396,135,569,1,1
26760,446.446,135,569,1,1
26763,446.496,135,569,1,1
26766,446.546,135,569,1,1
26769,446.596,135,569,1,1
26772,446.646,135,569,1,1
26775,446.696,135,569,1,1
26778,446.746,135,569,1,1
26781,446.796,135,569,1,1
26784,446.846,135,569,1,1
26787,446.896,135,569,1,1
26790,446.947,135,569,1,1
26793,446.997,135,569,1,1
26796,447.047,135,569,1,1
26799,447.097,135,569,1,1
26802,447.147,135,569,1,1
26805,447.197,135,569,1,1
26808,447.247,135,569,1,1
26811,447.297,135,569,1,1
26814,447.347,135,569,1,1
26817,447.397,135,569,1,1
26820,447.447,135,569,1,1
26823,447.497,135,569,1,1
26826,447.547,135,569,1,1
26829,447.597,135,569,1,1
26832,447.647,135,569,1,1
26835,447.697,135,569,1,1
26838,447.747,135,569,1,1
26841,447.797,135,569,1,1
26844,447.847,135,569,1,1
26847,447.897,135,569,1,1
26850,447.947,135,569,1,1
26853,447.998,135,569,1,1
26856,448.048,135,569,1,1
26859,448.098,135,569,1,1
26862,448.148,135,569,1,1
26865,448.198,135,569,1,1
26868,448.248,135,569,1,1
26871,448.298,135,569,1,1
26874,448.348,135,569,1,1
26877,448.398,135,569,1,1
26880,448.448,135,569,1,1
26883,448.498,135,569,1,1
26886,448.548,135,569,1,1
26889,448.598,135,569,1,1
26892,448.648,135,569,1,1
26895,448.698,135,569,1,1
26898,448.748,135,569,1,1
26901,448.798,135,569,1,1
26904,448.848,135,569,1,1
26907,448.898,135,569,1,1
26910,448.949,135,569,1,1
26913,448.999,135,569,1,1
26916,449.049,135,569,1,1
26919,449.099,135,569,1,1
26922,449.149,135,569,1,1
26925,449.199,135,569,1,1
26928,449.249,135,569,1,1
26931,449.299,135,569,1,1
26934,449.349,135,569,1,1
26937,449.399,135,569,1,1
26940,449.449,135,569,1,1
26943,449.499,135,569,1,1
26946,449.549,135,569,1,1
26949,449.599,135,569,1,1
26952,449.649,135,569,1,1
26955,449.699,135,569,1,1
26958,449.749,135,569,1,1
26961,449.799,135,569,1,1
26964,449.849,135,569,1,1
26967,449.899,135,569,1,1
26970,449.95,135,569,1,1
26973,450.0,135,569,1,1
26976,450.05,135,569,1,1
26979,450.1,135,569,1,1
26982,450.15,135,569,1,1
26985,450.2,135,569,1,1
26988,450.25,135,569,1,1
26991,450.3,135,569,1,1
26994,450.35,135,569,1,1
26997,450.4,135,569,1,1
27000,450.45,135,569,1,1
27003,450.5,135,569,1,1
27006,450.55,135,569,1,1
27009,450.6,135,569,1,1
27012,450.65,135,569,1,1
27015,450.7,135,569,1,1
27018,450.75,135,569,1,1
27021,450.8,135,569,1,1
27024,450.85,135,569,1,1
27027,450.9,135,569,1,1
27030,450.951,135,569,1,1
27033,451.001,135,569,1,1
27036,451.051,135,569,1,1
27039,451.101,135,569,1,1
27042,451.151,135,569,1,1
27045,451.201,135,569,1,1
27048,451.251,135,569,1,1
27051,451.301,135,569,1,1
27054,451.351,135,569,1,1
27057,451.401,135,569,1,1
27060,451.451,135,569,1,1
27063,451.501,135,569,1,1
27066,451.551,135,569,1,1
27069,451.601,135,569,1,1
27072,451.651,135,569,1,1
27075,451.701,135,569,1,1
27078,451.751,135,569,1,1
27081,451.801,135,569,1,1
27084,451.851,135,569,1,1
27087,451.901,135,569,1,1
27090,451.952,135,569,1,1
27093,452.002,135,569,1,1
27096,452.052,135,569,1,1
27099,452.102,135,569,1,1
27102,452.152,135,569,1,1
27105,452.202,135,569,1,1
27108,452.252,135,569,1,1
27111,452.302,135,569,1,1
27114,452.352,135,569,1,1
27117,452.402,135,569,1,1
27120,452.452,135,569,1,1
27123,452.502,135,569,1,1
27126,452.552,135,569,1,1
27129,452.602,135,569,1,1
27132,452.652,135,569,1,1
27135,452.702,135,569,1,1
27138,452.752,135,569,1,1
27141,452.802,135,569,1,1
27144,452.852,135,569,1,1
27147,452.902,135,569,1,1
27150,452.952,135,569,1,1
27153,453.003,135,569,1,1
27156,453.053,135,569,1,1
27159,453.103,135,569,1,1
27162,453.153,135,569,1,1
27165,453.203,135,569,1,1
27168,453.253,135,569,1,1
27171,453.303,135,569,1,1
27174,453.353,135,569,1,1
27177,453.403,135,569,1,1
27180,453.453,135,569,1,1
27183,453.503,135,569,1,1
27186,453.553,135,569,1,1
27189,453.603,135,569,1,1
27192,453.653,135,569,1,1
27195,453.703,135,569,1,1
27198,453.753,135,569,1,1
27201,453.803,135,569,1,1
27204,453.853,135,569,1,1
27207,453.903,135,569,1,1
27210,453.954,135,569,1,1
27213,454.004,135,569,1,1
27216,454.054,135,569,1,1
27219,454.104,135,569,1,1
27222,454.154,135,569,1,1
27225,454.204,135,569,1,1
27228,454.254,135,569,1,1
27231,454.304,135,569,1,1
27234,454.354,135,569,1,1
27237,454.404,135,569,1,1
27240,454.454,135,569,1,1
27243,454.504,135,569,1,1
27246,454.554,36,386,1,1
27249,454.604,3,390,1,1
27252,454.654,23,378,1,1
27255,454.704,37,389,1,1
27258,454.754,98,371,1,1
27261,454.804,40,387,1,1
27264,454.854,43,386,1,1
27267,454.904,47,384,1,1
27270,454.954,46,383,1,1
27273,455.005,54,381,1,1
27276,455.055,,,0,1
27279,455.105,,,0,1
27282,455.155,,,0,1
27285,455.205,,,0,1
27288,455.255,,,0,1
27291,455.305,149,419,1,1
27294,455.355,130,420,1,1
27297,455.405,111,421,1,1
27300,455.455,92,422,1,1
27303,455.505,72,423,1,1
27306,455.555,143,440,1,1
27309,455.605,132,453,1,1
27312,455.655,204,449,1,1
27315,455.705,234,445,1,1
27318,455.755,283,448,1,1
27321,455.805,326,449,1,1
27324,455.855,354,448,1,1
27327,455.905,,,0,1
27330,455.956,,,0,1
27333,456.006,,,0,1
27336,456.056,,,0,1
27339,456.106,,,0,1
27342,456.156,,,0,1
27345,456.206,,,0,1
27348,456.256,,,0,1
27351,456.306,,,0,1
27354,456.356,,,0,1
27357,456.406,,,0,1
27450,457.957,,,0,1
27453,458.008,,,0,1
27456,458.058,,,0,1
27459,458.108,,,0,1
27462,458.158,,,0,1
27465,458.208,,,0,1
27468,458.258,,,0,1
27471,458.308,,,0,1
27474,458.358,,,0,1
27477,458.408,,,0,1
27480,458.458,,,0,1
27483,458.508,,,0,1
27486,458.558,,,0,1
27489,458.608,,,0,1
27492,458.658,,,0,1
27495,458.708,,,0,1
27498,458.758,,,0,1
27501,458.808,,,0,1
27504,458.858,126,455,1,1
27507,458.908,120,456,1,1
27510,458.959,113,441,1,1
27513,459.009,107,441,1,1
27516,459.059,,,0,1
27519,459.109,,,0,1
27522,459.159,,,0,1
27525,459.209,,,0,1
27528,459.259,,,0,1
27531,459.309,,,0,1
27534,459.359,,,0,1
27537,459.409,,,0,1
27540,459.459,,,0,1
27543,459.509,,,0,1
27546,459.559,,,0,1
27549,459.609,,,0,1
27552,459.659,,,0,1
27555,459.709,,,0,1
27558,459.759,,,0,1
27561,459.809,,,0,1
27564,459.859,,,0,1
27567,459.909,,,0,1
27570,459.959,63,465,1,1
27573,460.01,2,438,1,1
27576,460.06,2,441,1,1
27579,460.11,0,441,1,1
27582,460.16,0,441,1,1
27585,460.21,,,0,1
27588,460.26,,,0,1
27591,460.31,,,0,1
27594,460.36,,,0,1
27597,460.41,,,0,1
27600,460.46,,,0,1
27603,460.51,,,0,1
27606,460.56,,,0,1
27609,460.61,,,0,1
27612,460.66,,,0,1
27615,460.71,,,0,1
27618,460.76,,,0,1
27621,460.81,,,0,1
27624,460.86,,,0,1
27627,460.91,,,0,1
27630,460.961,,,0,1
27633,461.011,,,0,1
27636,461.061,,,0,1
27639,461.111,,,0,1
27642,461.161,,,0,1
27645,461.211,,,0,1
27648,461.261,,,0,1
27651,461.311,,,0,1
27654,461.361,,,0,1
27657,461.411,,,0,1
27660,461.461,,,0,1
27663,461.511,,,0,1
27666,461.561,,,0,1
27669,461.611,,,0,1
27672,461.661,,,0,1
27675,461.711,,,0,1
27678,461.761,,,0,1
27681,461.811,,,0,1
27684,461.861,,,0,1
27687,461.911,,,0,1
27690,461.962,,,0,1
27693,462.012,,,0,1
27696,462.062,,,0,1
27699,462.112,,,0,1
27702,462.162,,,0,1
27705,462.212,,,0,1
27708,462.262,,,0,1
27711,462.312,,,0,1
27714,462.362,,,0,1
27717,462.412,,,0,1
27720,462.462,,,0,1
27723,462.512,,,0,1
27726,462.562,,,0,1
27729,462.612,,,0,1
27732,462.662,,,0,1
27735,462.712,,,0,1
27738,462.762,121,460,1,1
27741,462.812,107,460,1,1
27744,462.862,93,461,1,1
27747,462.912,79,461,1,1
27750,462.963,64,461,1,1
27753,463.013,254,446,1,1
27756,463.063,,,0,1
27759,463.113,,,0,1
27762,463.163,,,0,1
27765,463.213,,,0,1
27768,463.263,,,0,1
27771,463.313,,,0,1
27774,463.363,,,0,1
27777,463.413,,,0,1
27780,463.463,,,0,1
27783,463.513,,,0,1
27786,463.563,,,0,1
27789,463.613,,,0,1
27792,463.663,,,0,1
27795,463.713,,,0,1
27798,463.763,,,0,1
27801,463.813,,,0,1
27804,463.863,,,0,1
27807,463.913,,,0,1
27810,463.964,,,0,1
27813,464.014,,,0,1
27816,464.064,,,0,1
27819,464.114,,,0,1
27822,464.164,,,0,1
27825,464.214,,,0,1
27828,464.264,,,0,1
27831,464.314,,,0,1
27834,464.364,,,0,1
27837,464.414,,,0,1
27840,464.464,,,0,1
27843,464.514,,,0,1
27846,464.564,,,0,1
27849,464.614,,,0,1
27852,464.664,,,0,1
27855,464.714,,,0,1
27858,464.764,,,0,1
27861,464.814,,,0,1
27864,464.864,,,0,1
27867,464.914,,,0,1
27870,464.964,,,0,1
27873,465.015,,,0,1
27876,465.065,,,0,1
27879,465.115,,,0,1
27882,465.165,,,0,1
27885,465.215,,,0,1
27888,465.265,,,0,1
27891,465.315,,,0,1
27894,465.365,,,0,1
27897,465.415,,,0,1
27900,465.465,,,0,1
27903,465.515,,,0,1
27906,465.565,,,0,1
27909,465.615,,,0,1
27912,465.665,,,0,1
27915,465.715,,,0,1
27918,465.765,,,0,1
27921,465.815,,,0,1
27924,465.865,,,0,1
27927,465.915,,,0,1
27930,465.966,,,0,1
27933,466.016,,,0,1
27936,466.066,,,0,1
27939,466.116,151,452,1,1
27942,466.166,198,456,1,1
27945,466.216,228,455,1,1
27948,466.266,149,451,1,1
27951,466.316,135,451,1,1
27954,466.366,141,445,1,1
27957,466.416,167,460,1,1
27960,466.466,45,455,1,1
27963,466.516,10,453,1,1
27966,466.566,9,452,1,1
27969,466.616,9,452,1,1
27972,466.666,9,452,1,1
27975,466.716,9,452,1,1
27978,466.766,9,452,1,1
27981,466.816,9,452,1,1
27984,466.866,382,464,1,1
27987,466.916,383,459,1,1
27990,466.966,367,459,1,1
27993,467.017,327,458,1,1
27996,467.067,200,461,1,1
27999,467.117,156,460,1,1
28002,467.167,116,455,1,1
28005,467.217,75,460,1,1
28008,467.267,62,458,1,1
28011,467.317,72,457,1,1
28014,467.367,37,458,1,1
28017,467.417,29,456,1,1
28020,467.467,0,457,1,1
28023,467.517,59,455,1,1
28026,467.567,15,448,1,1
28029,467.617,101,457,1,1
28032,467.667,137,453,1,1
28035,467.717,226,454,1,1
28038,467.767,298,457,1,1
28041,467.817,373,455,1,1
28044,467.867,341,451,1,1
28047,467.917,466,458,1,1
28050,467.968,477,459,1,1
28053,468.018,486,456,1,1
28056,468.068,452,458,1,1
28059,468.118,367,455,1,1
28062,468.168,358,455,1,1
28065,468.218,323,448,1,1
28068,468.268,287,441,1,1
28071,468.318,251,435,1,1
28074,468.368,214,428,1,1
28077,468.418,174,421,1,1
28080,468.468,113,454,1,1
28083,468.518,367,455,1,1
28086,468.568,127,454,1,1
28089,468.618,134,459,1,1
28092,468.668,172,455,1,1
28095,468.718,186,454,1,1
28098,468.768,192,469,1,1
28101,468.818,203,456,1,1
28104,468.868,,,0,1
28107,468.918,,,0,1
28110,468.969,,,0,1
28113,469.019,57,444,1,1
28116,469.069,,,0,1
28119,469.119,,,0,1
28122,469.169,,,0,1
28125,469.219,,,0,1
28128,469.269,,,0,1
28131,469.319,,,0,1
28134,469.369,,,0,1
28137,469.419,,,0,1
28140,469.469,,,0,1
28143,469.519,,,0,1
28146,469.569,133,492,1,1
28149,469.619,,,0,1
28152,469.669,,,0,1
28155,469.719,,,0,1
28158,469.769,,,0,1
28161,469.819,,,0,1
28164,469.869,,,0,1
28167,469.919,,,0,1
28170,469.969,,,0,1
28173,470.02,,,0,1
28176,470.07,,,0,1
28179,470.12,,,0,1
28182,470.17,,,0,1
28185,470.22,,,0,1
28188,470.27,,,0,1
28191,470.32,,,0,1
28194,470.37,,,0,1
28197,470.42,,,0,1
28200,470.47,27,450,1,1
28203,470.52,22,450,1,1
28206,470.57,19,462,1,1
28209,470.62,17,450,1,1
28212,470.67,13,450,1,1
28215,470.72,12,450,1,1
28218,470.77,13,450,1,1
28221,470.82,13,450,1,1
28224,470.87,12,461,1,1
28227,470.92,12,450,1,1
28230,470.971,12,450,1,1
28233,471.021,15,450,1,1
28236,471.071,18,450,1,1
28239,471.121,,,0,1
28242,471.171,54,464,1,1
28245,471.221,54,464,1,1
28248,471.271,54,464,1,1
28251,471.321,54,464,1,1
28254,471.371,54,463,1,1
28257,471.421,54,463,1,1
28260,471.471,54,464,1,1
28263,471.521,55,465,1,1
28266,471.571,54,464,1,1
28269,471.621,54,464,1,1
28272,471.671,54,464,1,1
28275,471.721,54,463,1,1
28278,471.771,54,464,1,1
28281,471.821,54,464,1,1
28284,471.871,54,464,1,1
28287,471.921,55,465,1,1
28290,471.971,54,464,1,1
28293,472.022,54,464,1,1
28296,472.072,54,463,1,1
28299,472.122,54,464,1,1
28302,472.172,54,464,1,1
28305,472.222,55,465,1,1
28308,472.272,54,464,1,1
28311,472.322,54,464,1,1
28314,472.372,54,464,1,1
28317,472.422,54,463,1,1
28320,472.472,54,463,1,1
28323,472.522,54,464,1,1
28326,472.572,55,465,1,1
28329,472.622,54,464,1,1
28332,472.672,54,463,1,1
28335,472.722,54,464,1,1
28338,472.772,54,464,1,1
28341,472.822,55,465,1,1
28344,472.872,54,464,1,1
28347,472.922,54,464,1,1
28350,472.973,54,464,1,1
28353,473.023,54,463,1,1
28356,473.073,54,464,1,1
28359,473.123,54,464,1,1
28362,473.173,54,464,1,1
28365,473.223,54,464,1,1
28368,473.273,54,464,1,1
28371,473.323,54,463,1,1
28374,473.373,54,464,1,1
28377,473.423,54,463,1,1
28380,473.473,54,464,1,1
28383,473.523,54,464,1,1
28386,473.573,54,463,1,1
28389,473.623,54,464,1,1
28392,473.673,54,464,1,1
28395,473.723,54,464,1,1
28398,473.773,54,464,1,1
28401,473.823,54,464,1,1
28404,473.873,54,464,1,1
28407,473.923,54,463,1,1
28410,473.974,54,464,1,1
28413,474.024,54,464,1,1
28416,474.074,54,464,1,1
28419,474.124,54,464,1,1
28422,474.174,54,464,1,1
28425,474.224,54,463,1,1
28428,474.274,54,464,1,1
28431,474.324,54,464,1,1
28434,474.374,55,465,1,1
28437,474.424,54,464,1,1
28440,474.474,54,464,1,1
28443,474.524,54,464,1,1
28446,474.574,54,464,1,1
28449,474.624,54,464,1,1
28452,474.674,54,464,1,1
28455,474.724,54,464,1,1
28458,474.774,54,464,1,1
28461,474.824,54,463,1,1
28464,474.874,54,464,1,1
28467,474.924,54,464,1,1
28470,474.975,54,464,1,1
28473,475.025,54,463,1,1
28476,475.075,54,464,1,1
28479,475.125,54,464,1,1
28482,475.175,55,465,1,1
28485,475.225,54,464,1,1
28488,475.275,54,464,1,1
28491,475.325,54,464,1,1
28494,475.375,54,464,1,1
28497,475.425,54,463,1,1
28500,475.475,54,464,1,1
28503,475.525,54,464,1,1
28506,475.575,54,464,1,1
28509,475.625,54,464,1,1
28512,475.675,54,464,1,1
28515,475.725,54,464,1,1
28518,475.775,54,463,1,1
28521,475.825,54,464,1,1
28524,475.875,54,464,1,1
28527,475.925,54,464,1,1
28530,475.976,54,464,1,1
28533,476.026,54,463,1,1
28536,476.076,54,464,1,1
28539,476.126,55,465,1,1
28542,476.176,54,464,1,1
28545,476.226,55,465,1,1
28548,476.276,54,464,1,1
28551,476.326,54,464,1,1
28554,476.376,54,464,1,1
28557,476.426,54,464,1,1
28560,476.476,54,464,1,1
28563,476.526,54,464,1,1
28566,476.576,54,464,1,1
28569,476.626,55,465,1,1
28572,476.676,55,465,1,1
28575,476.726,54,464,1,1
28578,476.776,54,464,1,1
28581,476.826,54,464,1,1
28584,476.876,54,463,1,1
28587,476.926,54,464,1,1
28590,476.976,54,464,1,1
28593,477.027,54,464,1,1
28596,477.077,54,464,1,1
28599,477.127,54,464,1,1
28602,477.177,54,464,1,1
28605,477.227,54,464,1,1
28608,477.277,54,464,1,1
28611,477.327,54,464,1,1
28614,477.377,54,464,1,1
28617,477.427,54,464,1,1
28620,477.477,54,464,1,1
28623,477.527,54,464,1,1
28626,477.577,54,464,1,1
28629,477.627,54,464,1,1
28632,477.677,54,464,1,1
28635,477.727,54,464,1,1
28638,477.777,54,464,1,1
28641,477.827,54,464,1,1
28644,477.877,54,464,1,1
28647,477.927,54,464,1,1
28650,477.978,54,464,1,1
28653,478.028,54,464,1,1
28656,478.078,54,464,1,1
28659,478.128,54,464,1,1
28662,478.178,54,464,1,1
28665,478.228,54,464,1,1
28668,478.278,54,464,1,1
28671,478.328,55,465,1,1
28674,478.378,54,464,1,1
28677,478.428,54,464,1,1
28680,478.478,54,464,1,1
28683,478.528,54,464,1,1
28686,478.578,54,464,1,1
28689,478.628,54,464,1,1
28692,478.678,54,463,1,1
28695,478.728,54,464,1,1
28698,478.778,54,464,1,1
28701,478.828,55,465,1,1
28704,478.878,54,464,1,1
28707,478.928,54,464,1,1
28710,478.978,54,464,1,1
28713,479.029,55,465,1,1
28716,479.079,54,464,1,1
28719,479.129,54,464,1,1
28722,479.179,54,464,1,1
28725,479.229,54,464,1,1
28728,479.279,54,464,1,1
28731,479.329,54,463,1,1
28734,479.379,54,464,1,1
28737,479.429,54,464,1,1
28740,479.479,54,464,1,1
28743,479.529,54,464,1,1
28746,479.579,54,464,1,1
28749,479.629,54,464,1,1
28752,479.679,54,464,1,1
28755,479.729,54,464,1,1
28758,479.779,54,464,1,1
28761,479.829,54,464,1,1
28764,479.879,54,464,1,1
28767,479.929,54,464,1,1
28770,479.98,55,465,1,1
28773,480.03,54,464,1,1
28776,480.08,54,464,1,1
28779,480.13,54,464,1,1
28782,480.18,54,464,1,1
28785,480.23,54,464,1,1
28788,480.28,54,464,1,1
28791,480.33,54,464,1,1
28794,480.38,54,464,1,1
28797,480.43,54,464,1,1
28800,480.48,54,464,1,1
28803,480.53,55,465,1,1
28806,480.58,54,464,1,1
28809,480.63,54,464,1,1
28812,480.68,55,465,1,1
28815,480.73,54,464,1,1
28818,480.78,54,464,1,1
28821,480.83,55,465,1,1
28824,480.88,55,465,1,1
28827,480.93,54,464,1,1
28830,480.981,55,465,1,1
28833,481.031,54,464,1,1
28836,481.081,54,464,1,1
28839,481.131,54,464,1,1
28842,481.181,54,464,1,1
28845,481.231,54,464,1,1
28848,481.281,55,465,1,1
28851,481.331,54,464,1,1
28854,481.381,54,464,1,1
28857,481.431,54,464,1,1
28860,481.481,54,464,1,1
28863,481.531,55,465,1,1
28866,481.581,54,464,1,1
28869,481.631,54,464,1,1
28872,481.681,54,464,1,1
28875,481.731,55,465,1,1
28878,481.781,54,464,1,1
28881,481.831,54,464,1,1
28884,481.881,54,464,1,1
28887,481.931,54,464,1,1
28890,481.981,55,465,1,1
28893,482.032,54,464,1,1
28896,482.082,54,464,1,1
28899,482.132,54,464,1,1
28902,482.182,54,464,1,1
28905,482.232,54,464,1,1
28908,482.282,54,463,1,1
28911,482.332,55,465,1,1
28914,482.382,54,464,1,1
28917,482.432,54,464,1,1
28920,482.482,54,464,1,1
28923,482.532,54,464,1,1
28926,482.582,54,464,1,1
28929,482.632,54,464,1,1
28932,482.682,54,464,1,1
28935,482.732,54,464,1,1
28938,482.782,54,464,1,1
28941,482.832,54,464,1,1
28944,482.882,54,464,1,1
28947,482.932,54,464,1,1
28950,482.983,54,464,1,1
28953,483.033,54,464,1,1
28956,483.083,54,464,1,1
28959,483.133,54,464,1,1
28962,483.183,54,464,1,1
28965,483.233,54,464,1,1
28968,483.283,54,464,1,1
28971,483.333,54,464,1,1
28974,483.383,55,465,1,1
28977,483.433,54,464,1,1
28980,483.483,54,464,1,1
28983,483.533,54,464,1,1
28986,483.583,55,465,1,1
28989,483.633,54,464,1,1
28992,483.683,54,464,1,1
28995,483.733,54,463,1,1
28998,483.783,54,464,1,1
29001,483.833,54,464,1,1
29004,483.883,54,464,1,1
29007,483.933,54,464,1,1
29010,483.983,54,464,1,1
29013,484.034,54,464,1,1
29016,484.084,54,464,1,1
29019,484.134,54,464,1,1
29022,484.184,54,464,1,1
29025,484.234,54,464,1,1
29028,484.284,54,464,1,1
29031,484.334,54,464,1,1
29034,484.384,54,464,1,1
29037,484.434,54,464,1,1
29040,484.484,54,464,1,1
29043,484.534,54,464,1,1
29046,484.584,54,464,1,1
29049,484.634,54,464,1,1
29052,484.684,54,464,1,1
29055,484.734,54,464,1,1
29058,484.784,54,464,1,1
29061,484.834,55,465,1,1
29064,484.884,54,464,1,1
29067,484.934,55,465,1,1
29070,484.985,54,464,1,1
29073,485.035,55,465,1,1
29076,485.085,55,465,1,1
29079,485.135,55,465,1,1
29082,485.185,54,464,1,1
29085,485.235,55,465,1,1
29088,485.285,54,464,1,1
29091,485.335,55,465,1,1
29094,485.385,54,464,1,1
29097,485.435,54,464,1,1
29100,485.485,54,464,1,1
29103,485.535,54,464,1,1
29106,485.585,54,464,1,1
29109,485.635,54,464,1,1
29112,485.685,54,464,1,1
29115,485.735,54,464,1,1
29118,485.785,54,464,1,1
29121,485.835,54,464,1,1
29124,485.885,54,464,1,1
29127,485.935,54,464,1,1
29130,485.986,54,464,1,1
29133,486.036,54,464,1,1
29136,486.086,54,464,1,1
29139,486.136,54,464,1,1
29142,486.186,54,464,1,1
29145,486.236,54,464,1,1
29148,486.286,,,0,1
29151,486.336,,,0,1
29154,486.386,,,0,1
29157,486.436,,,0,1
29160,486.486,,,0,1
29163,486.536,,,0,1
29166,486.586,,,0,1
29169,486.636,,,0,1
29172,486.686,,,0,1
29175,486.736,,,0,1
29178,486.786,,,0,1
29181,486.836,,,0,1
29184,486.886,,,0,1
29187,486.936,,,0,1
29190,486.987,,,0,1
29193,487.037,,,0,1
29196,487.087,,,0,1
29199,487.137,,,0,1
29202,487.187,,,0,1
29205,487.237,,,0,1
29208,487.287,,,0,1
29211,487.337,,,0,1
29214,487.387,,,0,1
29217,487.437,,,0,1
29220,487.487,,,0,1
29223,487.537,,,0,1
29226,487.587,,,0,1
29229,487.637,,,0,1
29232,487.687,,,0,1
29235,487.737,,,0,1
29238,487.787,,,0,1
29241,487.837,,,0,1
29244,487.887,,,0,1
29247,487.937,,,0,1
29250,487.988,,,0,1
29253,488.038,,,0,1
29256,488.088,,,0,1
29259,488.138,,,0,1
29262,488.188,,,0,1
29265,488.238,,,0,1
29268,488.288,,,0,1
29271,488.338,,,0,1
29274,488.388,,,0,1
29277,488.438,,,0,1
29280,488.488,,,0,1
29283,488.538,,,0,1
29286,488.588,,,0,1
29289,488.638,,,0,1
29292,488.688,,,0,1
29295,488.738,,,0,1
29298,488.788,,,0,1
29301,488.838,,,0,1
29304,488.888,,,0,1
29307,488.938,,,0,1
29310,488.988,,,0,1
29313,489.039,,,0,1
29316,489.089,,,0,1
29319,489.139,,,0,1
29322,489.189,,,0,1
29325,489.239,,,0,1
29328,489.289,,,0,1
29331,489.339,,,0,1
29334,489.389,,,0,1
29337,489.439,,,0,1
29340,489.489,,,0,1
29343,489.539,,,0,1
29346,489.589,,,0,1
29349,489.639,,,0,1
29352,489.689,,,0,1
29355,489.739,,,0,1
29358,489.789,,,0,1
29361,489.839,,,0,1
29364,489.889,,,0,1
29367,489.939,,,0,1
29370,489.99,,,0,1
29373,490.04,,,0,1
29376,490.09,,,0,1
29379,490.14,,,0,1
29382,490.19,,,0,1
29385,490.24,,,0,1
29388,490.29,,,0,1
29391,490.34,,,0,1
29394,490.39,,,0,1
29397,490.44,,,0,1
29400,490.49,,,0,1
29403,490.54,,,0,1
29406,490.59,,,0,1
29409,490.64,,,0,1
29412,490.69,,,0,1
29415,490.74,,,0,1
29418,490.79,,,0,1
29421,490.84,,,0,1
29424,490.89,,,0,1
29427,490.94,,,0,1
29430,490.99,,,0,1
29433,491.041,,,0,1
29436,491.091,,,0,1
29439,491.141,,,0,1
29442,491.191,,,0,1
29445,491.241,,,0,1
29448,491.291,,,0,1
29451,491.341,,,0,1
29454,491.391,,,0,1
29457,491.441,,,0,1
29460,491.491,,,0,1
29463,491.541,,,0,1
29466,491.591,,,0,1
29469,491.641,,,0,1
29472,491.691,,,0,1
29475,491.741,,,0,1
29478,491.791,,,0,1
29481,491.841,,,0,1
29484,491.891,,,0,1
29487,491.941,,,0,1
29490,491.992,,,0,1
29493,492.042,,,0,1
29496,492.092,,,0,1
29499,492.142,,,0,1
29502,492.192,,,0,1
29505,492.242,,,0,1
29508,492.292,,,0,1
29511,492.342,,,0,1
29514,492.392,,,0,1
29517,492.442,,,0,1
29520,492.492,,,0,1
29523,492.542,,,0,1
29526,492.592,,,0,1
29529,492.642,,,0,1
29532,492.692,,,0,1
29535,492.742,,,0,1
29538,492.792,,,0,1
29541,492.842,,,0,1
29544,492.892,,,0,1
29547,492.942,,,0,1
29550,492.993,,,0,1
29553,493.043,,,0,1
29556,493.093,,,0,1
29559,493.143,,,0,1
29562,493.193,,,0,1
29565,493.243,,,0,1
29568,493.293,,,0,1
29571,493.343,,,0,1
29574,493.393,,,0,1
29577,493.443,,,0,1
29580,493.493,,,0,1
29583,493.543,,,0,1
29586,493.593,,,0,1
29589,493.643,,,0,1
29592,493.693,,,0,1
29595,493.743,,,0,1
29598,493.793,,,0,1
29601,493.843,,,0,1
29604,493.893,,,0,1
29607,493.943,,,0,1
29610,493.993,,,0,1
29613,494.044,,,0,1
29616,494.094,,,0,1
29619,494.144,,,0,1
29622,494.194,,,0,1
29625,494.244,,,0,1
29628,494.294,,,0,1
29631,494.344,,,0,1
29634,494.394,,,0,1
29637,494.444,,,0,1
29640,494.494,,,0,1
29643,494.544,129,358,1,1
29646,494.594,113,373,1,1
29649,494.644,,,0,1
29652,494.694,,,0,1
29655,494.744,,,0,1
29658,494.794,,,0,1
29661,494.844,,,0,1
29664,494.894,,,0,1
29667,494.944,128,351,1,1
29670,494.995,119,350,1,1
29673,495.045,102,351,1,1
29676,495.095,95,350,1,1
29679,495.145,,,0,1
29682,495.195,,,0,1
29685,495.245,,,0,1
29688,495.295,121,360,1,1
29691,495.345,123,361,1,1
29694,495.395,,,0,1
29697,495.445,,,0,1
29700,495.495,3,383,1,1
29703,495.545,74,361,1,1
29706,495.595,40,383,1,1
29709,495.645,29,388,1,1
29712,495.695,155,357,1,1
29715,495.745,12,398,1,1
29718,495.795,67,415,1,1
29721,495.845,47,429,1,1
29724,495.895,25,445,1,1
29727,495.945,2,459,1,1
29730,495.995,112,386,1,1
29733,496.046,500,301,1,1
29736,496.096,555,299,1,1
29739,496.146,187,395,1,1
29742,496.196,,,0,1
29745,496.246,,,0,1
29748,496.296,,,0,1
29751,496.346,,,0,1
29754,496.396,,,0,1
29757,496.446,,,0,1
29760,496.496,,,0,1
29763,496.546,,,0,1
29766,496.596,,,0,1
29769,496.646,,,0,1
29772,496.696,,,0,1
29775,496.746,,,0,1
29778,496.796,,,0,1
29781,496.846,,,0,1
29784,496.896,,,0,1
29787,496.946,,,0,1
29790,496.997,,,0,1
29793,497.047,,,0,1
29796,497.097,,,0,1
29799,497.147,,,0,1
29802,497.197,,,0,1
29805,497.247,,,0,1
29808,497.297,,,0,1
29811,497.347,,,0,1
29814,497.397,,,0,1
29817,497.447,,,0,1
29820,497.497,,,0,1
29823,497.547,,,0,1
29826,497.597,,,0,1
29829,497.647,,,0,1
29832,497.697,,,0,1
29835,497.747,,,0,1
29838,497.797,,,0,1
29841,497.847,,,0,1
29844,497.897,,,0,1
29847,497.947,,,0,1
29850,497.998,,,0,1
29853,498.048,,,0,1
29856,498.098,,,0,1
29859,498.148,,,0,1
29862,498.198,,,0,1
29865,498.248,,,0,1
29868,498.298,,,0,1
29871,498.348,,,0,1
29874,498.398,,,0,1
29877,498.448,,,0,1
29880,498.498,,,0,1
29883,498.548,,,0,1
29886,498.598,,,0,1
29889,498.648,,,0,1
29892,498.698,,,0,1
29895,498.748,,,0,1
29898,498.798,,,0,1
29901,498.848,,,0,1
29904,498.898,,,0,1
29907,498.948,,,0,1
29910,498.999,,,0,1
29913,499.049,,,0,1
29916,499.099,,,0,1
29919,499.149,,,0,1
29922,499.199,,,0,1
29925,499.249,,,0,1
29928,499.299,,,0,1
29931,499.349,,,0,1
29934,499.399,,,0,1
29937,499.449,,,0,1
29940,499.499,,,0,1
29943,499.549,,,0,1
29946,499.599,,,0,1
29949,499.649,,,0,1
29952,499.699,,,0,1
29955,499.749,,,0,1
29958,499.799,,,0,1
29961,499.849,,,0,1
29964,499.899,,,0,1
29967,499.949,,,0,1
29970,500.0,,,0,1
29973,500.05,,,0,1
29976,500.1,,,0,1
29979,500.15,,,0,1
29982,500.2,,,0,1
29985,500.25,,,0,1
29988,500.3,,,0,1
29991,500.35,,,0,1
29994,500.4,,,0,1
29997,500.45,,,0,1
30000,500.5,,,0,1
30003,500.55,,,0,1
30006,500.6,,,0,1
30009,500.65,,,0,1
30012,500.7,,,0,1
30015,500.75,,,0,1
30018,500.8,,,0,1
30021,500.85,,,0,1
30024,500.9,,,0,1
30027,500.95,,,0,1
30030,501.0,,,0,1
30033,501.051,,,0,1
30036,501.101,,,0,1
30039,501.151,,,0,1
30042,501.201,,,0,1
30045,501.251,,,0,1
30048,501.301,,,0,1
30051,501.351,,,0,1
30054,501.401,412,466,1,1
30057,501.451,412,466,1,1
30060,501.501,412,466,1,1
30063,501.551,412,466,1,1
30066,501.601,412,466,1,1
30069,501.651,412,466,1,1
30072,501.701,412,466,1,1
30075,501.751,412,466,1,1
30078,501.801,411,466,1,1
30081,501.851,412,466,1,1
30084,501.901,412,466,1,1
30087,501.951,412,466,1,1
30090,502.002,412,466,1,1
30093,502.052,411,466,1,1
30096,502.102,412,466,1,1
30099,502.152,412,466,1,1
30102,502.202,412,466,1,1
30105,502.252,412,466,1,1
30108,502.302,412,466,1,1
30111,502.352,411,466,1,1
30114,502.402,412,467,1,1
30117,502.452,411,466,1,1
30120,502.502,412,467,1,1
30123,502.552,412,466,1,1
30126,502.602,412,467,1,1
30129,502.652,412,466,1,1
30132,502.702,412,466,1,1
30135,502.752,412,466,1,1
30138,502.802,411,466,1,1
30141,502.852,412,466,1,1
30144,502.902,412,466,1,1
30147,502.952,412,466,1,1
30150,503.002,412,466,1,1
30153,503.053,411,466,1,1
30156,503.103,412,466,1,1
30159,503.153,412,466,1,1
30162,503.203,412,466,1,1
30165,503.253,411,466,1,1
30168,503.303,412,466,1,1
30171,503.353,411,466,1,1
30174,503.403,412,467,1,1
30177,503.453,412,467,1,1
30180,503.503,830,288,1,1
30183,503.553,830,288,1,1
30186,503.603,874,354,1,1
30189,503.653,874,354,1,1
30192,503.703,874,391,1,1
30195,503.753,874,391,1,1
30198,503.803,869,414,1,1
30201,503.853,869,414,1,1
30204,503.903,830,301,1,1
30207,503.953,830,301,1,1
30210,504.004,888,235,1,1
30213,504.054,888,235,1,1
30216,504.104,883,226,1,1
30219,504.154,883,226,1,1
30222,504.204,510,86,1,1
30225,504.254,510,86,1,1
30228,504.304,894,191,1,1
30231,504.354,894,191,1,1
30234,504.404,880,200,1,1
30237,504.454,880,200,1,1
30240,504.504,875,182,1,1
30243,504.554,875,182,1,1
30246,504.604,847,280,1,1
30249,504.654,847,280,1,1
30252,504.704,861,276,1,1
30255,504.754,861,276,1,1
30258,504.804,874,265,1,1
30261,504.854,879,265,1,1
30264,504.904,887,267,1,1
30267,504.954,893,268,1,1
30270,505.005,900,269,1,1
30273,505.055,908,273,1,1
30276,505.105,915,273,1,1
30279,505.155,924,277,1,1
30282,505.205,927,278,1,1
30285,505.255,928,278,1,1
30288,505.305,930,278,1,1
30291,505.355,929,278,1,1
30294,505.405,929,279,1,1
30297,505.455,929,279,1,1
30300,505.505,934,279,1,1
30303,505.555,935,278,1,1
30306,505.605,935,279,1,1
30309,505.655,936,280,1,1
30312,505.705,930,281,1,1
30315,505.755,924,280,1,1
30318,505.805,924,280,1,1
30321,505.855,916,278,1,1
30324,505.905,911,277,1,1
30327,505.955,908,276,1,1
30330,506.005,902,273,1,1
30333,506.056,897,275,1,1
30336,506.106,892,277,1,1
30339,506.156,884,277,1,1
30342,506.206,871,275,1,1
30345,506.256,861,275,1,1
30348,506.306,851,276,1,1
30351,506.356,840,280,1,1
30354,506.406,828,281,1,1
30357,506.456,819,284,1,1
30360,506.506,806,287,1,1
30363,506.556,792,286,1,1
30366,506.606,781,284,1,1
30369,506.656,781,284,1,1
30372,506.706,922,374,1,1
30375,506.756,922,374,1,1
30378,506.806,840,346,1,1
30381,506.856,840,346,1,1
30384,506.906,866,361,1,1
30387,506.956,866,361,1,1
30390,507.007,833,358,1,1
30393,507.057,833,358,1,1
30396,507.107,835,377,1,1
30399,507.157,835,377,1,1
30402,507.207,776,374,1,1
30405,507.257,776,374,1,1
30408,507.307,789,384,1,1
30411,507.357,789,384,1,1
30414,507.407,802,397,1,1
30417,507.457,802,397,1,1
30420,507.507,882,395,1,1
30423,507.557,882,395,1,1
30426,507.607,904,410,1,1
30429,507.657,904,410,1,1
30432,507.707,896,398,1,1
30435,507.757,896,398,1,1
30438,507.807,450,57,1,1
30441,507.857,450,57,1,1
30444,507.907,921,216,1,1
30447,507.957,921,216,1,1
30450,508.007,656,84,1,1
30453,508.058,656,84,1,1
30456,508.108,853,400,1,1
30459,508.158,853,400,1,1
30462,508.208,855,417,1,1
30465,508.258,855,417,1,1
30468,508.308,961,225,1,1
30471,508.358,961,225,1,1
30474,508.408,839,402,1,1
30477,508.458,839,402,1,1
30480,508.508,831,390,1,1
30483,508.558,831,390,1,1
30486,508.608,841,400,1,1
30489,508.658,841,400,1,1
30492,508.708,945,218,1,1
30495,508.758,945,218,1,1
30498,508.808,456,20,1,1
30501,508.858,461,20,1,1
30504,508.908,466,20,1,1
30507,508.958,,,0,1
30510,509.009,,,0,1
30513,509.059,,,0,1
30516,509.109,,,0,1
30519,509.159,,,0,1
30522,509.209,,,0,1
30525,509.259,,,0,1
30528,509.309,,,0,1
30531,509.359,,,0,1
30534,509.409,,,0,1
30537,509.459,,,0,1
30540,509.509,,,0,1
30543,509.559,,,0,1
30546,509.609,,,0,1
30549,509.659,,,0,1
30552,509.709,,,0,1
30555,509.759,,,0,1
30558,509.809,,,0,1
30561,509.859,,,0,1
30564,509.909,,,0,1
30567,509.959,,,0,1
30570,510.01,264,340,1,1
30573,510.06,218,345,1,1
30576,510.11,171,351,1,1
30579,510.16,110,354,1,1
30582,510.21,65,358,1,1
30585,510.26,28,362,1,1
30588,510.31,25,361,1,1
30591,510.36,25,361,1,1
30594,510.41,,,0,1
30597,510.46,25,361,1,1
30600,510.51,25,361,1,1
30603,510.56,874,524,1,1
30606,510.61,,,0,1
30609,510.66,874,524,1,1
30612,510.71,106,356,1,1
30615,510.76,101,353,1,1
30618,510.81,83,374,1,1
30621,510.86,56,355,1,1
30624,510.91,43,359,1,1
30627,510.96,2,364,1,1
30630,511.011,126,251,1,1
30633,511.061,848,525,1,1
30636,511.111,645,566,1,1
30639,511.161,143,264,1,1
30642,511.211,642,563,1,1
30645,511.261,163,279,1,1
30648,511.311,895,523,1,1
30651,511.361,155,240,1,1
30654,511.411,648,566,1,1
30657,511.461,831,537,1,1
30660,511.511,724,554,1,1
30663,511.561,723,550,1,1
30666,511.611,210,327,1,1
30669,511.661,133,334,1,1
30672,511.711,85,357,1,1
30675,511.761,48,362,1,1
30678,511.811,7,366,1,1
30681,511.861,158,330,1,1
30684,511.911,162,329,1,1
30687,511.961,142,330,1,1
30690,512.011,166,327,1,1
30693,512.062,195,325,1,1
30696,512.112,978,503,1,1
30699,512.162,830,528,1,1
30702,512.212,908,516,1,1
30705,512.262,688,548,1,1
30708,512.312,257,361,1,1
30711,512.362,383,325,1,1
30714,512.412,1,328,1,1
30717,512.462,1,328,1,1
30720,512.512,936,513,1,1
30723,512.562,92,351,1,1
30726,512.612,77,373,1,1
30729,512.662,77,373,1,1
30732,512.712,77,373,1,1
30735,512.762,77,373,1,1
30738,512.812,77,373,1,1
30741,512.862,77,373,1,1
30744,512.912,77,373,1,1
30747,512.962,89,352,1,1
30750,513.013,,,0,1
30753,513.063,,,0,1
30756,513.113,,,0,1
30759,513.163,,,0,1
30762,513.213,,,0,1
30765,513.263,,,0,1
30768,513.313,,,0,1
30771,513.363,,,0,1
30774,513.413,,,0,1
30777,513.463,,,0,1
30780,513.513,,,0,1
30783,513.563,919,516,1,1
30786,513.613,927,511,1,1
30789,513.663,,,0,1
30792,513.713,,,0,1
30795,513.763,,,0,1
30798,513.813,,,0,1
30801,513.863,,,0,1
30804,513.913,1022,501,1,1
30807,513.963,993,504,1,1
30810,514.014,951,507,1,1
30813,514.064,991,499,1,1
30816,514.114,976,503,1,1
30819,514.164,1023,496,1,1
30822,514.214,,,0,1
30825,514.264,1012,496,1,1
30828,514.314,,,0,1
30831,514.364,972,502,1,1
30834,514.414,,,0,1
30837,514.464,1026,497,1,1
30840,514.514,909,510,1,1
30843,514.564,980,499,1,1
30846,514.614,,,0,1
30849,514.664,972,500,1,1
30852,514.714,780,545,1,1
30855,514.764,407,330,1,1
30858,514.814,336,340,1,1
30861,514.864,331,346,1,1
30864,514.914,59,645,1,1
30867,514.964,40,648,1,0
30870,515.014,27,647,1,0
30873,515.065,10,647,1,0
30876,515.115,,,0,0
30879,515.165,,,0,0
30882,515.215,,,0,0
30885,515.265,,,0,0
30888,515.315,,,0,0
30891,515.365,,,0,0
30894,515.415,,,0,0
30897,515.465,,,0,0
30900,515.515,,,0,0
30903,515.565,,,0,0
30906,515.615,,,0,0
30909,515.665,,,0,0
30912,515.715,,,0,0
30915,515.765,,,0,0
30918,515.815,,,0,0
30921,515.865,,,0,0
30924,515.915,,,0,0
30927,515.965,,,0,0
30930,516.015,,,0,0
30933,516.066,,,0,0
30936,516.116,,,0,0
30939,516.166,,,0,0
30942,516.216,,,0,0
30945,516.266,,,0,0
30948,516.316,,,0,0
30951,516.366,,,0,0
30954,516.416,,,0,0
30957,516.466,,,0,0
30960,516.516,,,0,0
30963,516.566,,,0,0
30966,516.616,,,0,0
30969,516.666,,,0,0
30972,516.716,,,0,0
30975,516.766,,,0,0
30978,516.816,,,0,0
30981,516.866,,,0,0
30984,516.916,,,0,0
30987,516.966,,,0,0
30990,517.017,,,0,0
30993,517.067,,,0,0
30996,517.117,,,0,0
30999,517.167,,,0,0
31002,517.217,,,0,0
31005,517.267,,,0,0
31008,517.317,,,0,0
31011,517.367,,,0,0
31014,517.417,,,0,0
31017,517.467,,,0,0
31020,517.517,,,0,0
31023,517.567,,,0,0
31026,517.617,,,0,0
31029,517.667,,,0,0
31032,517.717,,,0,0
31035,517.767,,,0,0
31038,517.817,,,0,0
31041,517.867,,,0,0
31044,517.917,,,0,0
31047,517.967,,,0,0
31050,518.018,,,0,0
31053,518.068,,,0,0
31056,518.118,,,0,0
31059,518.168,,,0,0
31062,518.218,,,0,0
31065,518.268,,,0,0
31068,518.318,,,0,0
31071,518.368,,,0,0
31074,518.418,,,0,0
31077,518.468,,,0,0
31080,518.518,,,0,0
31083,518.568,,,0,0
31086,518.618,,,0,0
31089,518.668,,,0,0
31092,518.718,,,0,0
31095,518.768,,,0,0
31098,518.818,,,0,0
31101,518.868,,,0,0
31104,518.918,,,0,0
31107,518.968,,,0,0
31110,519.019,,,0,0
31113,519.069,,,0,0
31116,519.119,,,0,0
31119,519.169,,,0,0
31122,519.219,,,0,0
31125,519.269,,,0,0
31128,519.319,,,0,0
31131,519.369,,,0,0
31134,519.419,,,0,0
31137,519.469,,,0,0
31140,519.519,,,0,0
31143,519.569,,,0,0
31146,519.619,,,0,0
31149,519.669,,,0,0
31152,519.719,,,0,0
31155,519.769,,,0,0
31158,519.819,,,0,0
31161,519.869,,,0,0
31164,519.919,,,0,0
31167,519.969,,,0,0
31170,520.019,,,0,0
31173,520.07,,,0,0
31176,520.12,,,0,0
31179,520.17,,,0,0
31182,520.22,,,0,0
31185,520.27,,,0,0
31188,520.32,,,0,0
31191,520.37,,,0,0
31194,520.42,,,0,0
31197,520.47,,,0,0
31200,520.52,,,0,0
31203,520.57,,,0,0
31206,520.62,,,0,0
31209,520.67,,,0,0
31212,520.72,,,0,0
31215,520.77,,,0,0
31218,520.82,,,0,0
31221,520.87,,,0,0
31224,520.92,,,0,0
31227,520.97,,,0,0
31320,522.522,,,0,0
31323,522.572,,,0,0
31326,522.622,,,0,0
31329,522.672,,,0,0
31332,522.722,,,0,0
31335,522.772,,,0,0
31338,522.822,,,0,0
31341,522.872,,,0,0
31344,522.922,,,0,0
31347,522.972,,,0,0
31350,523.023,,,0,0
31353,523.073,,,0,0
31356,523.123,,,0,0
31359,523.173,,,0,0
31362,523.223,,,0,0
31365,523.273,,,0,0
31368,523.323,,,0,0
31371,523.373,,,0,0
31374,523.423,,,0,0
31377,523.473,,,0,0
31380,523.523,,,0,0
31383,523.573,,,0,0
31386,523.623,,,0,0
31389,523.673,,,0,0
31392,523.723,,,0,0
31395,523.773,,,0,0
31398,523.823,,,0,0
31401,523.873,,,0,0
31404,523.923,,,0,0
31407,523.973,,,0,0
31500,525.525,,,0,0
31503,525.575,,,0,0
31506,525.625,,,0,0
31509,525.675,,,0,0
31512,525.725,,,0,0
31515,525.775,,,0,0
31518,525.825,,,0,0
31521,525.875,,,0,0
31524,525.925,,,0,0
31527,525.975,,,0,0
31530,526.025,,,0,0
31533,526.076,,,0,0
31536,526.126,,,0,0
31539,526.176,,,0,0
31542,526.226,,,0,0
31545,526.276,,,0,0
31548,526.326,,,0,0
31551,526.376,,,0,0
31554,526.426,,,0,0
31557,526.476,,,0,0
31560,526.526,,,0,0
31563,526.576,,,0,0
31566,526.626,,,0,0
31569,526.676,,,0,0
31572,526.726,,,0,0
31575,526.776,,,0,0
31578,526.826,,,0,0
31581,526.876,,,0,0
31584,526.926,,,0,0
31587,526.976,,,0,0
31680,528.528,,,0,0
31683,528.578,,,0,0
31686,528.628,,,0,0
31689,528.678,,,0,0
31692,528.728,,,0,0
31695,528.778,,,0,0
31698,528.828,,,0,0
31701,528.878,,,0,0
31704,528.928,,,0,0
31707,528.978,,,0,0
31710,529.029,,,0,0
31713,529.079,,,0,0
31716,529.129,,,0,0
31719,529.179,,,0,0
31722,529.229,,,0,0
31725,529.279,,,0,0
31728,529.329,,,0,0
31731,529.379,,,0,0
31734,529.429,,,0,0
31737,529.479,,,0,0
31740,529.529,,,0,0
31743,529.579,,,0,0
31746,529.629,,,0,0
31749,529.679,,,0,0
31752,529.729,,,0,0
31755,529.779,,,0,0
31758,529.829,,,0,0
31761,529.879,,,0,0
31764,529.929,,,0,0
31767,529.979,,,0,0
31770,530.029,,,0,0
31773,530.08,,,0,0
31776,530.13,,,0,0
31779,530.18,,,0,0
31782,530.23,,,0,0
31785,530.28,,,0,0
31788,530.33,,,0,0
31791,530.38,,,0,0
31794,530.43,,,0,0
31797,530.48,,,0,0
31800,530.53,,,0,0
31803,530.58,,,0,0
31806,530.63,,,0,0
31809,530.68,,,0,0
31812,530.73,,,0,0
31815,530.78,,,0,0
31818,530.83,,,0,0
31821,530.88,,,0,0
31824,530.93,,,0,0
31827,530.98,,,0,0
31830,531.03,,,0,0
31833,531.081,,,0,0
31836,531.131,,,0,0
31839,531.181,,,0,0
31842,531.231,,,0,0
31845,531.281,,,0,0
31848,531.331,,,0,0
31851,531.381,,,0,0
31854,531.431,,,0,0
31857,531.481,,,0,0
31860,531.531,,,0,0
31863,531.581,,,0,0
31866,531.631,,,0,0
31869,531.681,,,0,0
31872,531.731,,,0,0
31875,531.781,,,0,0
31878,531.831,,,0,0
31881,531.881,,,0,0
31884,531.931,,,0,0
31887,531.981,,,0,0
31890,532.032,,,0,0
31893,532.082,,,0,0
31896,532.132,,,0,0
31899,532.182,,,0,0
31902,532.232,,,0,0
31905,532.282,,,0,0
31908,532.332,,,0,0
31911,532.382,,,0,0
31914,532.432,,,0,0
31917,532.482,,,0,0
31920,532.532,,,0,0
31923,532.582,,,0,0
31926,532.632,,,0,0
31929,532.682,,,0,0
31932,532.732,,,0,0
31935,532.782,,,0,0
31938,532.832,,,0,0
31941,532.882,,,0,0
31944,532.932,,,0,0
31947,532.982,,,0,0
31950,533.033,,,0,0
31953,533.083,,,0,0
31956,533.133,,,0,0
31959,533.183,,,0,0
31962,533.233,,,0,0
31965,533.283,,,0,0
31968,533.333,,,0,0
31971,533.383,,,0,0
31974,533.433,,,0,0
31977,533.483,,,0,0
31980,533.533,,,0,0
31983,533.583,,,0,0
31986,533.633,,,0,0
31989,533.683,,,0,0
31992,533.733,,,0,0
31995,533.783,,,0,0
31998,533.833,,,0,0
32001,533.883,,,0,0
32004,533.933,,,0,0
32007,533.983,,,0,0
32010,534.034,,,0,0
32013,534.084,,,0,0
32016,534.134,,,0,0
32019,534.184,,,0,0
32022,534.234,,,0,0
32025,534.284,,,0,0
32028,534.334,,,0,0
32031,534.384,,,0,0
32034,534.434,,,0,0
32037,534.484,,,0,0
32040,534.534,,,0,0
32043,534.584,,,0,0
32046,534.634,,,0,0
32049,534.684,,,0,0
32052,534.734,,,0,0
32055,534.784,,,0,0
32058,534.834,,,0,0
32061,534.884,,,0,0
32064,534.934,,,0,0
32067,534.984,,,0,0
32070,535.034,,,0,0
32073,535.085,,,0,0
32076,535.135,,,0,0
32079,535.185,,,0,0
32082,535.235,,,0,0
32085,535.285,,,0,0
32088,535.335,,,0,0
32091,535.385,,,0,0
32094,535.435,,,0,0
32097,535.485,,,0,0
32100,535.535,,,0,0
32103,535.585,,,0,0
32106,535.635,,,0,0
32109,535.685,,,0,0
32112,535.735,,,0,0
32115,535.785,,,0,0
32118,535.835,,,0,0
32121,535.885,,,0,0
32124,535.935,,,0,0
32127,535.985,,,0,0
32130,536.035,,,0,0
32133,536.086,,,0,0
32136,536.136,,,0,0
32139,536.186,,,0,0
32142,536.236,,,0,0
32145,536.286,,,0,0
32148,536.336,,,0,0
32151,536.386,,,0,0
32154,536.436,,,0,0
32157,536.486,,,0,0
32160,536.536,,,0,0
32163,536.586,,,0,0
32166,536.636,,,0,0
32169,536.686,,,0,0
32172,536.736,,,0,0
32175,536.786,,,0,0
32178,536.836,,,0,0
32181,536.886,,,0,0
32184,536.936,,,0,0
32187,536.986,,,0,0
32190,537.037,,,0,0
32193,537.087,,,0,0
32196,537.137,,,0,0
32199,537.187,,,0,0
32202,537.237,,,0,0
32205,537.287,,,0,0
32208,537.337,,,0,0
32211,537.387,,,0,0
32214,537.437,,,0,0
32217,537.487,,,0,0
32220,537.537,,,0,0
32223,537.587,,,0,0
32226,537.637,,,0,0
32229,537.687,,,0,0
32232,537.737,,,0,0
32235,537.787,,,0,0
32238,537.837,,,0,0
32241,537.887,,,0,0
32244,537.937,,,0,0
32247,537.987,,,0,0
32250,538.038,,,0,0
32253,538.088,,,0,0
32256,538.138,,,0,0
32259,538.188,,,0,0
32262,538.238,,,0,0
32265,538.288,,,0,0
32268,538.338,,,0,0
32271,538.388,,,0,0
32274,538.438,,,0,0
32277,538.488,,,0,0
32280,538.538,,,0,0
32283,538.588,,,0,0
32286,538.638,,,0,0
32289,538.688,,,0,0
32292,538.738,,,0,0
32295,538.788,,,0,0
32298,538.838,,,0,0
32301,538.888,,,0,0
32304,538.938,,,0,0
32307,538.988,,,0,0
32310,539.038,,,0,0
32313,539.089,,,0,0
32316,539.139,,,0,0
32319,539.189,,,0,0
32322,539.239,,,0,0
32325,539.289,,,0,0
32328,539.339,,,0,0
32331,539.389,,,0,0
32334,539.439,,,0,0
32337,539.489,,,0,0
32340,539.539,,,0,0
32343,539.589,,,0,0
32346,539.639,,,0,0
32349,539.689,,,0,0
32352,539.739,,,0,0
32355,539.789,,,0,0
32358,539.839,,,0,0
32361,539.889,,,0,0
32364,539.939,,,0,0
32367,539.989,,,0,0
32370,540.039,,,0,0
32373,540.09,,,0,0
32376,540.14,,,0,0
32379,540.19,,,0,0
32382,540.24,,,0,0
32385,540.29,,,0,0
32388,540.34,,,0,0
32391,540.39,,,0,0
32394,540.44,,,0,0
32397,540.49,,,0,0
32400,540.54,,,0,0
32403,540.59,,,0,0
32406,540.64,,,0,0
32409,540.69,,,0,0
32412,540.74,,,0,0
32415,540.79,,,0,0
32418,540.84,,,0,0
32421,540.89,,,0,0
32424,540.94,,,0,0
32427,540.99,,,0,0
32430,541.041,,,0,0
32433,541.091,,,0,0
32436,541.141,,,0,0
32439,541.191,,,0,0
32442,541.241,,,0,0
32445,541.291,,,0,0
32448,541.341,,,0,0
32451,541.391,,,0,0
32454,541.441,,,0,0
32457,541.491,,,0,0
32460,541.541,,,0,0
32463,541.591,,,0,0
32466,541.641,,,0,0
32469,541.691,,,0,0
32472,541.741,,,0,0
32475,541.791,,,0,0
32478,541.841,,,0,0
32481,541.891,,,0,0
32484,541.941,,,0,0
32487,541.991,,,0,0
32490,542.042,,,0,0
32493,542.092,,,0,0
32496,542.142,,,0,0
32499,542.192,,,0,0
32502,542.242,,,0,0
32505,542.292,,,0,0
32508,542.342,,,0,0
32511,542.392,,,0,0
32514,542.442,,,0,0
32517,542.492,,,0,0
32520,542.542,,,0,0
32523,542.592,,,0,0
32526,542.642,,,0,0
32529,542.692,,,0,0
32532,542.742,,,0,0
32535,542.792,,,0,0
32538,542.842,,,0,0
32541,542.892,,,0,0
32544,542.942,,,0,0
32547,542.992,,,0,0
32550,543.043,,,0,0
32553,543.093,,,0,0
32556,543.143,,,0,0
32559,543.193,,,0,0
32562,543.243,,,0,0
32565,543.293,,,0,0
32568,543.343,,,0,0
32571,543.393,,,0,0
32574,543.443,,,0,0
32577,543.493,,,0,0
32580,543.543,,,0,0
32583,543.593,,,0,0
32586,543.643,,,0,0
32589,543.693,,,0,0
32592,543.743,,,0,0
32595,543.793,,,0,0
32598,543.843,,,0,0
32601,543.893,,,0,0
32604,543.943,,,0,0
32607,543.993,,,0,0
32610,544.043,,,0,0
32613,544.094,,,0,0
32616,544.144,,,0,0
32619,544.194,,,0,0
32622,544.244,,,0,0
32625,544.294,,,0,0
32628,544.344,,,0,0
32631,544.394,,,0,0
32634,544.444,,,0,0
32637,544.494,,,0,0
32640,544.544,,,0,0
32643,544.594,,,0,0
32646,544.644,,,0,0
32649,544.694,,,0,0
32652,544.744,,,0,0
32655,544.794,,,0,0
32658,544.844,,,0,0
32661,544.894,,,0,0
32664,544.944,,,0,0
32667,544.994,,,0,0
32670,545.044,,,0,0
32673,545.095,,,0,0
32676,545.145,,,0,0
32679,545.195,,,0,0
32682,545.245,,,0,0
32685,545.295,,,0,0
32688,545.345,,,0,0
32691,545.395,,,0,0
32694,545.445,,,0,0
32697,545.495,,,0,0
32700,545.545,,,0,0
32703,545.595,,,0,0
32706,545.645,,,0,0
32709,545.695,,,0,0
32712,545.745,,,0,0
32715,545.795,,,0,0
32718,545.845,,,0,0
32721,545.895,,,0,0
32724,545.945,,,0,0
32727,545.995,,,0,0
32730,546.046,,,0,0
32733,546.096,,,0,0
32736,546.146,,,0,0
32739,546.196,,,0,0
32742,546.246,,,0,0
32745,546.296,,,0,0
32748,546.346,,,0,0
32751,546.396,,,0,0
32754,546.446,,,0,0
32757,546.496,,,0,0
32760,546.546,,,0,0
32763,546.596,,,0,0
32766,546.646,,,0,0
32769,546.696,,,0,0
32772,546.746,,,0,0
32775,546.796,,,0,0
32778,546.846,,,0,0
32781,546.896,,,0,0
32784,546.946,,,0,0
32787,546.996,,,0,0
32790,547.047,,,0,0
32793,547.097,,,0,0
32796,547.147,,,0,0
32799,547.197,,,0,0
32802,547.247,,,0,0
32805,547.297,,,0,0
32808,547.347,,,0,0
32811,547.397,,,0,0
32814,547.447,,,0,0
32817,547.497,,,0,0
32820,547.547,,,0,0
32823,547.597,,,0,0
32826,547.647,,,0,0
32829,547.697,,,0,0
32832,547.747,,,0,0
32835,547.797,,,0,0
32838,547.847,,,0,0
32841,547.897,,,0,0
32844,547.947,,,0,0
32847,547.997,,,0,0
32850,548.048,,,0,0
32853,548.098,,,0,0
32856,548.148,,,0,0
32859,548.198,,,0,0
32862,548.248,,,0,0
32865,548.298,,,0,0
32868,548.348,,,0,0
32871,548.398,,,0,0
32874,548.448,,,0,0
32877,548.498,,,0,0
32880,548.548,,,0,0
32883,548.598,,,0,0
32886,548.648,,,0,0
32889,548.698,,,0,0
32892,548.748,,,0,0
32895,548.798,,,0,0
32898,548.848,,,0,0
32901,548.898,,,0,0
32904,548.948,,,0,0
32907,548.998,,,0,0
32910,549.048,,,0,0
32913,549.099,,,0,0
32916,549.149,,,0,0
32919,549.199,,,0,0
32922,549.249,,,0,0
32925,549.299,,,0,0
32928,549.349,,,0,0
32931,549.399,,,0,0
32934,549.449,,,0,0
32937,549.499,,,0,0
32940,549.549,,,0,0
32943,549.599,,,0,0
32946,549.649,,,0,0
32949,549.699,,,0,0
32952,549.749,,,0,0
32955,549.799,,,0,0
32958,549.849,,,0,0
32961,549.899,,,0,0
32964,549.949,,,0,0
32967,549.999,,,0,0
32970,550.049,,,0,0
32973,550.1,,,0,0
32976,550.15,,,0,0
32979,550.2,,,0,0
32982,550.25,,,0,0
32985,550.3,,,0,0
32988,550.35,,,0,0
32991,550.4,,,0,0
32994,550.45,,,0,0
32997,550.5,,,0,0
33000,550.55,,,0,0
33003,550.6,,,0,0
33006,550.65,,,0,0
33009,550.7,,,0,0
33012,550.75,,,0,0
33015,550.8,,,0,0
33018,550.85,,,0,0
33021,550.9,,,0,0
33024,550.95,,,0,0
33027,551.0,,,0,0
33030,551.051,,,0,0
33033,551.101,,,0,0
33036,551.151,,,0,0
33039,551.201,,,0,0
33042,551.251,,,0,0
33045,551.301,,,0,0
33048,551.351,,,0,0
33051,551.401,,,0,0
33054,551.451,,,0,0
33057,551.501,,,0,0
33060,551.551,,,0,0
33063,551.601,,,0,0
33066,551.651,,,0,0
33069,551.701,,,0,0
33072,551.751,,,0,0
33075,551.801,,,0,0
33078,551.851,,,0,0
33081,551.901,,,0,0
33084,551.951,,,0,0
33087,552.001,,,0,0
33090,552.052,,,0,0
33093,552.102,,,0,0
33096,552.152,,,0,0
33099,552.202,,,0,0
33102,552.252,,,0,0
33105,552.302,,,0,0
33108,552.352,,,0,0
33111,552.402,,,0,0
33114,552.452,,,0,0
33117,552.502,,,0,0
33120,552.552,,,0,0
33123,552.602,,,0,0
33126,552.652,,,0,0
33129,552.702,,,0,0
33132,552.752,,,0,0
33135,552.802,,,0,0
33138,552.852,,,0,0
33141,552.902,,,0,0
33144,552.952,,,0,0
33147,553.002,,,0,0
33150,553.053,,,0,0
33153,553.103,,,0,0
33156,553.153,,,0,0
33159,553.203,,,0,0
33162,553.253,,,0,0
33165,553.303,,,0,0
33168,553.353,,,0,0
33171,553.403,,,0,0
33174,553.453,,,0,0
33177,553.503,,,0,0
33180,553.553,,,0,0
33183,553.603,,,0,0
33186,553.653,,,0,0
33189,553.703,,,0,0
33192,553.753,,,0,0
33195,553.803,,,0,0
33198,553.853,,,0,0
33201,553.903,,,0,0
33204,553.953,,,0,0
33207,554.003,,,0,0
33210,554.053,,,0,0
33213,554.104,,,0,0
33216,554.154,,,0,0
33219,554.204,,,0,0
33222,554.254,,,0,0
33225,554.304,,,0,0
33228,554.354,,,0,0
33231,554.404,,,0,0
33234,554.454,,,0,0
33237,554.504,,,0,0
33240,554.554,,,0,0
33243,554.604,,,0,0
33246,554.654,,,0,0
33249,554.704,,,0,0
33252,554.754,,,0,0
33255,554.804,,,0,0
33258,554.854,,,0,0
33261,554.904,,,0,0
33264,554.954,,,0,0
33267,555.004,,,0,0
33270,555.054,,,0,0
33273,555.105,,,0,0
33276,555.155,,,0,0
33279,555.205,,,0,0
33282,555.255,,,0,0
33285,555.305,,,0,0
33288,555.355,,,0,0
33291,555.405,,,0,0
33294,555.455,,,0,0
33297,555.505,,,0,0
33300,555.555,,,0,0
33303,555.605,,,0,0
33306,555.655,,,0,0
33309,555.705,,,0,0
33312,555.755,,,0,0
33315,555.805,,,0,0
33318,555.855,,,0,0
33321,555.905,,,0,0
33324,555.955,,,0,0
33327,556.005,,,0,0
33330,556.056,,,0,0
33333,556.106,,,0,0
33336,556.156,,,0,0
33339,556.206,,,0,0
33342,556.256,,,0,0
33345,556.306,,,0,0
33348,556.356,,,0,0
33351,556.406,,,0,0
33354,556.456,,,0,0
33357,556.506,,,0,0
33360,556.556,,,0,0
33363,556.606,,,0,0
33366,556.656,,,0,0
33369,556.706,,,0,0
33372,556.756,,,0,0
33375,556.806,,,0,0
33378,556.856,,,0,0
33381,556.906,,,0,0
33384,556.956,,,0,0
33387,557.006,,,0,0
33390,557.057,,,0,0
33393,557.107,,,0,0
33396,557.157,,,0,0
33399,557.207,,,0,0
33402,557.257,,,0,0
33405,557.307,,,0,0
33408,557.357,,,0,0
33411,557.407,,,0,0
33414,557.457,,,0,0
33417,557.507,,,0,0
33420,557.557,,,0,0
33423,557.607,,,0,0
33426,557.657,,,0,0
33429,557.707,,,0,0
33432,557.757,,,0,0
33435,557.807,,,0,0
33438,557.857,,,0,0
33441,557.907,,,0,0
33444,557.957,,,0,0
33447,558.007,,,0,0
33450,558.058,,,0,0
33453,558.108,,,0,0
33456,558.158,,,0,0
33459,558.208,,,0,0
33462,558.258,,,0,0
33465,558.308,,,0,0
33468,558.358,,,0,0
33471,558.408,,,0,0
33474,558.458,,,0,0
33477,558.508,,,0,0
33480,558.558,,,0,0
33483,558.608,,,0,0
33486,558.658,,,0,0
33489,558.708,,,0,0
33492,558.758,,,0,0
33495,558.808,,,0,0
33498,558.858,,,0,0
33501,558.908,,,0,0
33504,558.958,,,0,0
33507,559.008,,,0,0
33510,559.058,,,0,0
33513,559.109,,,0,0
33516,559.159,,,0,0
33519,559.209,,,0,0
33522,559.259,,,0,0
33525,559.309,,,0,0
33528,559.359,,,0,0
33531,559.409,,,0,0
33534,559.459,,,0,0
33537,559.509,,,0,0
33540,559.559,,,0,0
33543,559.609,,,0,0
33546,559.659,,,0,0
33549,559.709,,,0,0
33552,559.759,,,0,0
33555,559.809,,,0,0
33558,559.859,,,0,0
33561,559.909,,,0,0
33564,559.959,,,0,0
33567,560.009,,,0,0
33570,560.059,,,0,0
33573,560.11,,,0,0
33576,560.16,,,0,0
33579,560.21,,,0,0
33582,560.26,,,0,0
33585,560.31,,,0,0
33588,560.36,,,0,0
33591,560.41,,,0,0
33594,560.46,,,0,0
33597,560.51,,,0,0
33600,560.56,,,0,0
33603,560.61,,,0,0
33606,560.66,,,0,0
33609,560.71,,,0,0
33612,560.76,,,0,0
33615,560.81,,,0,0
33618,560.86,,,0,0
33621,560.91,,,0,0
33624,560.96,,,0,0
33627,561.01,,,0,0
33630,561.061,,,0,0
33633,561.111,,,0,0
33636,561.161,,,0,0
33639,561.211,,,0,0
33642,561.261,,,0,0
33645,561.311,,,0,0
33648,561.361,,,0,0
33651,561.411,,,0,0
33654,561.461,,,0,0
33657,561.511,,,0,0
33660,561.561,,,0,0
33663,561.611,,,0,0
33666,561.661,,,0,0
33669,561.711,,,0,0
33672,561.761,,,0,0
33675,561.811,,,0,0
33678,561.861,,,0,0
33681,561.911,,,0,0
33684,561.961,,,0,0
33687,562.011,,,0,0
33690,562.062,,,0,0
33693,562.112,,,0,0
33696,562.162,,,0,0
33699,562.212,,,0,0
33702,562.262,,,0,0
33705,562.312,,,0,0
33708,562.362,,,0,0
33711,562.412,,,0,0
33714,562.462,,,0,0
33717,562.512,,,0,0
33720,562.562,,,0,0
33723,562.612,,,0,0
33726,562.662,,,0,0
33729,562.712,,,0,0
33732,562.762,,,0,0
33735,562.812,,,0,0
33738,562.862,,,0,0
33741,562.912,,,0,0
33744,562.962,,,0,0
33747,563.012,,,0,0
33750,563.062,,,0,0
33753,563.113,,,0,0
33756,563.163,,,0,0
33759,563.213,,,0,0
33762,563.263,,,0,0
33765,563.313,,,0,0
33768,563.363,,,0,0
33771,563.413,,,0,0
33774,563.463,,,0,0
33777,563.513,,,0,0
33780,563.563,,,0,0
33783,563.613,,,0,0
33786,563.663,,,0,0
33789,563.713,,,0,0
33792,563.763,,,0,0
33795,563.813,,,0,0
33798,563.863,,,0,0
33801,563.913,,,0,0
33804,563.963,,,0,0
33807,564.013,,,0,0
33810,564.063,,,0,0
33813,564.114,,,0,0
33816,564.164,,,0,0
33819,564.214,,,0,0
33822,564.264,,,0,0
33825,564.314,,,0,0
33828,564.364,,,0,0
33831,564.414,,,0,0
33834,564.464,,,0,0
33837,564.514,,,0,0
33840,564.564,,,0,0
33843,564.614,,,0,0
33846,564.664,,,0,0
33849,564.714,,,0,0
33852,564.764,,,0,0
33855,564.814,,,0,0
33858,564.864,,,0,0
33861,564.914,,,0,0
33864,564.964,,,0,0
33867,565.014,,,0,0
33870,565.065,,,0,0
33873,565.115,,,0,0
33876,565.165,,,0,0
33879,565.215,,,0,0
33882,565.265,,,0,0
33885,565.315,,,0,0
33888,565.365,,,0,0
33891,565.415,,,0,0
33894,565.465,,,0,0
33897,565.515,,,0,0
33900,565.565,,,0,0
33903,565.615,,,0,0
33906,565.665,,,0,0
33909,565.715,,,0,0
33912,565.765,,,0,0
33915,565.815,,,0,0
33918,565.865,,,0,0
33921,565.915,,,0,0
33924,565.965,,,0,0
33927,566.015,,,0,0
33930,566.066,,,0,0
33933,566.116,,,0,0
33936,566.166,,,0,0
33939,566.216,,,0,0
33942,566.266,,,0,0
33945,566.316,,,0,0
33948,566.366,,,0,0
33951,566.416,,,0,0
33954,566.466,,,0,0
33957,566.516,,,0,0
33960,566.566,,,0,0
33963,566.616,,,0,0
33966,566.666,,,0,0
33969,566.716,,,0,0
33972,566.766,,,0,0
33975,566.816,,,0,0
33978,566.866,,,0,0
33981,566.916,,,0,0
33984,566.966,,,0,0
33987,567.016,,,0,0
33990,567.067,,,0,0
33993,567.117,,,0,0
33996,567.167,,,0,0
33999,567.217,,,0,0
34002,567.267,,,0,0
34005,567.317,,,0,0
34008,567.367,,,0,0
34011,567.417,,,0,0
34014,567.467,,,0,0
34017,567.517,,,0,0
34020,567.567,,,0,0
34023,567.617,,,0,0
34026,567.667,,,0,0
34029,567.717,,,0,0
34032,567.767,,,0,0
34035,567.817,,,0,0
34038,567.867,,,0,0
34041,567.917,,,0,0
34044,567.967,,,0,0
34047,568.017,,,0,0
34050,568.067,,,0,0
34053,568.118,,,0,0
34056,568.168,,,0,0
34059,568.218,,,0,0
34062,568.268,,,0,0
34065,568.318,,,0,0
34068,568.368,,,0,0
34071,568.418,,,0,0
34074,568.468,,,0,0
34077,568.518,,,0,0
34080,568.568,,,0,0
34083,568.618,,,0,0
34086,568.668,,,0,0
34089,568.718,,,0,0
34092,568.768,,,0,0
34095,568.818,,,0,0
34098,568.868,,,0,0
34101,568.918,,,0,0
34104,568.968,,,0,0
34107,569.018,,,0,0
34110,569.068,,,0,0
34113,569.119,,,0,0
34116,569.169,,,0,0
34119,569.219,,,0,0
34122,569.269,,,0,0
34125,569.319,,,0,0
34128,569.369,,,0,0
34131,569.419,,,0,0
34134,569.469,,,0,0
34137,569.519,,,0,0
34140,569.569,,,0,0
34143,569.619,,,0,0
34146,569.669,,,0,0
34149,569.719,,,0,0
34152,569.769,,,0,0
34155,569.819,,,0,0
34158,569.869,,,0,0
34161,569.919,,,0,0
34164,569.969,,,0,0
34167,570.019,,,0,0
34170,570.07,,,0,0
34173,570.12,,,0,0
34176,570.17,,,0,0
34179,570.22,,,0,0
34182,570.27,,,0,0
34185,570.32,,,0,0
34188,570.37,,,0,0
34191,570.42,,,0,0
34194,570.47,,,0,0
34197,570.52,,,0,0
34200,570.57,,,0,0
34203,570.62,,,0,0
34206,570.67,,,0,0
34209,570.72,,,0,0
34212,570.77,,,0,0
34215,570.82,,,0,0
34218,570.87,,,0,0
34221,570.92,,,0,0
34224,570.97,,,0,0
34227,571.02,,,0,0
34230,571.071,,,0,0
34233,571.121,,,0,0
34236,571.171,,,0,0
34239,571.221,,,0,0
34242,571.271,,,0,0
34245,571.321,,,0,0
34248,571.371,,,0,0
34251,571.421,,,0,0
34254,571.471,,,0,0
34257,571.521,,,0,0
34260,571.571,,,0,0
34263,571.621,,,0,0
34266,571.671,,,0,0
34269,571.721,,,0,0
34272,571.771,,,0,0
34275,571.821,,,0,0
34278,571.871,,,0,0
34281,571.921,,,0,0
34284,571.971,,,0,0
34287,572.021,,,0,0
34290,572.072,,,0,0
34293,572.122,,,0,0
34296,572.172,,,0,0
34299,572.222,,,0,0
34302,572.272,,,0,0
34305,572.322,,,0,0
34308,572.372,,,0,0
34311,572.422,,,0,0
34314,572.472,,,0,0
34317,572.522,,,0,0
34320,572.572,,,0,0
34323,572.622,,,0,0
34326,572.672,,,0,0
34329,572.722,,,0,0
34332,572.772,,,0,0
34335,572.822,,,0,0
34338,572.872,,,0,0
34341,572.922,,,0,0
34344,572.972,,,0,0
34347,573.022,,,0,0
34350,573.072,,,0,0
34353,573.123,,,0,0
34356,573.173,,,0,0
34359,573.223,,,0,0
34362,573.273,,,0,0
34365,573.323,,,0,0
34368,573.373,,,0,0
34371,573.423,,,0,0
34374,573.473,,,0,0
34377,573.523,,,0,0
34380,573.573,,,0,0
34383,573.623,,,0,0
34386,573.673,,,0,0
34389,573.723,,,0,0
34392,573.773,,,0,0
34395,573.823,,,0,0
34398,573.873,,,0,0
34401,573.923,,,0,0
34404,573.973,,,0,0
34407,574.023,,,0,0
34410,574.073,,,0,0
34413,574.124,,,0,0
34416,574.174,,,0,0
34419,574.224,,,0,0
34422,574.274,,,0,0
34425,574.324,,,0,0
34428,574.374,,,0,0
34431,574.424,,,0,0
34434,574.474,,,0,0
34437,574.524,,,0,0
34440,574.574,,,0,0
34443,574.624,,,0,0
34446,574.674,,,0,0
34449,574.724,,,0,0
34452,574.774,,,0,0
34455,574.824,,,0,0
34458,574.874,,,0,0
34461,574.924,,,0,0
34464,574.974,,,0,0
34467,575.024,,,0,0
34470,575.075,,,0,0
34473,575.125,,,0,0
34476,575.175,,,0,0
34479,575.225,,,0,0
34482,575.275,,,0,0
34485,575.325,,,0,0
34488,575.375,,,0,0
34491,575.425,,,0,0
34494,575.475,,,0,0
34497,575.525,,,0,0
34500,575.575,,,0,0
34503,575.625,,,0,0
34506,575.675,,,0,0
34509,575.725,,,0,0
34512,575.775,,,0,0
34515,575.825,,,0,0
34518,575.875,,,0,0
34521,575.925,,,0,0
34524,575.975,,,0,0
34527,576.025,,,0,0
34530,576.076,,,0,0
34533,576.126,,,0,0
34536,576.176,,,0,0
34539,576.226,,,0,0
34542,576.276,,,0,0
34545,576.326,,,0,0
34548,576.376,,,0,0
34551,576.426,,,0,0
34554,576.476,,,0,0
34557,576.526,,,0,0
34560,576.576,,,0,0
34563,576.626,,,0,0
34566,576.676,,,0,0
34569,576.726,,,0,0
34572,576.776,,,0,0
34575,576.826,,,0,0
34578,576.876,,,0,0
34581,576.926,,,0,0
34584,576.976,,,0,0
34587,577.026,,,0,0
34590,577.077,,,0,0
34593,577.127,,,0,0
34596,577.177,,,0,0
34599,577.227,,,0,0
34602,577.277,,,0,0
34605,577.327,,,0,0
34608,577.377,,,0,0
34611,577.427,,,0,0
34614,577.477,,,0,0
34617,577.527,,,0,0
34620,577.577,,,0,0
34623,577.627,,,0,0
34626,577.677,,,0,0
34629,577.727,,,0,0
34632,577.777,,,0,0
34635,577.827,,,0,0
34638,577.877,,,0,0
34641,577.927,,,0,0
34644,577.977,,,0,0
34647,578.027,,,0,0
34650,578.077,,,0,0
34653,578.128,,,0,0
34656,578.178,,,0,0
34659,578.228,,,0,0
34662,578.278,,,0,0
34665,578.328,,,0,0
34668,578.378,,,0,0
34671,578.428,,,0,0
34674,578.478,,,0,0
34677,578.528,,,0,0
34680,578.578,,,0,0
34683,578.628,,,0,0
34686,578.678,,,0,0
34689,578.728,,,0,0
34692,578.778,,,0,0
34695,578.828,,,0,0
34698,578.878,,,0,0
34701,578.928,,,0,0
34704,578.978,,,0,0
34707,579.028,,,0,0
34710,579.078,,,0,0
34713,579.129,,,0,0
34716,579.179,,,0,0
34719,579.229,,,0,0
34722,579.279,,,0,0
34725,579.329,,,0,0
34728,579.379,,,0,0
34731,579.429,,,0,0
34734,579.479,,,0,0
34737,579.529,,,0,0
34740,579.579,,,0,0
34743,579.629,,,0,0
34746,579.679,,,0,0
34749,579.729,,,0,0
34752,579.779,,,0,0
34755,579.829,,,0,0
34758,579.879,,,0,0
34761,579.929,,,0,0
34764,579.979,,,0,0
34767,580.029,,,0,0
34770,580.08,,,0,0
34773,580.13,,,0,0
34776,580.18,,,0,0
34779,580.23,,,0,0
34782,580.28,,,0,0
34785,580.33,,,0,0
34788,580.38,,,0,0
34791,580.43,,,0,0
34794,580.48,,,0,0
34797,580.53,,,0,0
34800,580.58,,,0,0
34803,580.63,,,0,0
34806,580.68,,,0,0
34809,580.73,,,0,0
34812,580.78,,,0,0
34815,580.83,,,0,0
34818,580.88,,,0,0
34821,580.93,,,0,0
34824,580.98,,,0,0
34827,581.03,,,0,0
34830,581.081,,,0,0
34833,581.131,,,0,0
34836,581.181,,,0,0
34839,581.231,,,0,0
34842,581.281,,,0,0
34845,581.331,,,0,0
34848,581.381,,,0,0
34851,581.431,,,0,0
34854,581.481,,,0,0
34857,581.531,,,0,0
34860,581.581,,,0,0
34863,581.631,,,0,0
34866,581.681,,,0,0
34869,581.731,,,0,0
34872,581.781,,,0,0
34875,581.831,,,0,0
34878,581.881,,,0,0
34881,581.931,,,0,0
34884,581.981,,,0,0
34887,582.031,,,0,0
34890,582.082,,,0,0
34893,582.132,,,0,0
34896,582.182,,,0,0
34899,582.232,,,0,0
34902,582.282,,,0,0
34905,582.332,,,0,0
34908,582.382,,,0,0
34911,582.432,,,0,0
34914,582.482,,,0,0
34917,582.532,,,0,0
34920,582.582,,,0,0
34923,582.632,,,0,0
34926,582.682,,,0,0
34929,582.732,,,0,0
34932,582.782,,,0,0
34935,582.832,,,0,0
34938,582.882,,,0,0
34941,582.932,,,0,0
34944,582.982,,,0,0
34947,583.032,,,0,0
34950,583.082,,,0,0
34953,583.133,,,0,0
34956,583.183,,,0,0
34959,583.233,,,0,0
34962,583.283,,,0,0
34965,583.333,,,0,0
34968,583.383,,,0,0
34971,583.433,,,0,0
34974,583.483,,,0,0
34977,583.533,,,0,0
34980,583.583,,,0,0
34983,583.633,,,0,0
34986,583.683,,,0,0
34989,583.733,,,0,0
34992,583.783,,,0,0
34995,583.833,,,0,0
34998,583.883,,,0,0
35001,583.933,,,0,0
35004,583.983,,,0,0
35007,584.033,,,0,0
35010,584.083,,,0,0
35013,584.134,,,0,0
35016,584.184,,,0,0
35019,584.234,,,0,0
35022,584.284,,,0,0
35025,584.334,,,0,0
35028,584.384,,,0,0
35031,584.434,,,0,0
35034,584.484,,,0,0
35037,584.534,,,0,0
35040,584.584,,,0,0
35043,584.634,,,0,0
35046,584.684,,,0,0
35049,584.734,,,0,0
35052,584.784,,,0,0
35055,584.834,,,0,0
35058,584.884,,,0,0
35061,584.934,,,0,0
35064,584.984,,,0,0
35067,585.034,,,0,0
35070,585.085,,,0,0
35073,585.135,,,0,0
35076,585.185,,,0,0
35079,585.235,,,0,0
35082,585.285,,,0,0
35085,585.335,,,0,0
35088,585.385,,,0,0
35091,585.435,,,0,0
35094,585.485,,,0,0
35097,585.535,,,0,0
35100,585.585,,,0,0
35103,585.635,,,0,0
35106,585.685,,,0,0
35109,585.735,,,0,0
35112,585.785,,,0,0
35115,585.835,,,0,0
35118,585.885,,,0,0
35121,585.935,,,0,0
35124,585.985,,,0,0
35127,586.035,,,0,0
35130,586.086,,,0,0
35133,586.136,,,0,0
35136,586.186,,,0,0
35139,586.236,,,0,0
35142,586.286,,,0,0
35145,586.336,,,0,0
35148,586.386,,,0,0
35151,586.436,,,0,0
35154,586.486,,,0,0
35157,586.536,,,0,0
35160,586.586,,,0,0
35163,586.636,,,0,0
35166,586.686,,,0,0
35169,586.736,,,0,0
35172,586.786,,,0,0
35175,586.836,,,0,0
35178,586.886,,,0,0
35181,586.936,,,0,0
35184,586.986,,,0,0
35187,587.036,,,0,0
35190,587.087,,,0,0
35193,587.137,,,0,0
35196,587.187,,,0,0
35199,587.237,,,0,0
35202,587.287,,,0,0
35205,587.337,,,0,0
35208,587.387,,,0,0
35211,587.437,,,0,0
35214,587.487,,,0,0
35217,587.537,,,0,0
35220,587.587,,,0,0
35223,587.637,,,0,0
35226,587.687,,,0,0
35229,587.737,,,0,0
35232,587.787,,,0,0
35235,587.837,,,0,0
35238,587.887,,,0,0
35241,587.937,,,0,0
35244,587.987,,,0,0
35247,588.037,,,0,0
35250,588.087,,,0,0
35253,588.138,,,0,0
35256,588.188,,,0,0
35259,588.238,,,0,0
35262,588.288,,,0,0
35265,588.338,,,0,0
35268,588.388,,,0,0
35271,588.438,,,0,0
35274,588.488,,,0,0
35277,588.538,,,0,0
35280,588.588,,,0,0
35283,588.638,,,0,0
35286,588.688,,,0,0
35289,588.738,,,0,0
35292,588.788,,,0,0
35295,588.838,,,0,0
35298,588.888,,,0,0
35301,588.938,,,0,0
35304,588.988,,,0,0
35307,589.038,,,0,0
35310,589.089,,,0,0
35313,589.139,,,0,0
35316,589.189,,,0,0
35319,589.239,,,0,0
35322,589.289,,,0,0
35325,589.339,,,0,0
35328,589.389,,,0,0
35331,589.439,,,0,0
35334,589.489,,,0,0
35337,589.539,,,0,0
35340,589.589,,,0,0
35343,589.639,,,0,0
35346,589.689,,,0,0
35349,589.739,,,0,0
35352,589.789,,,0,0
35355,589.839,,,0,0
35358,589.889,,,0,0
35361,589.939,,,0,0
35364,589.989,,,0,0
35367,590.039,,,0,0
35370,590.09,,,0,0
35373,590.14,,,0,0
35376,590.19,,,0,0
35379,590.24,,,0,0
35382,590.29,,,0,0
35385,590.34,,,0,0
35388,590.39,,,0,0
35391,590.44,,,0,0
35394,590.49,,,0,0
35397,590.54,,,0,0
35400,590.59,,,0,0
35403,590.64,,,0,0
35406,590.69,,,0,0
35409,590.74,,,0,0
35412,590.79,,,0,0
35415,590.84,,,0,0
35418,590.89,,,0,0
35421,590.94,,,0,0
35424,590.99,,,0,0
35427,591.04,,,0,0
35430,591.091,,,0,0
35433,591.141,,,0,0
35436,591.191,,,0,0
35439,591.241,,,0,0
35442,591.291,,,0,0
35445,591.341,,,0,0
35448,591.391,,,0,0
35451,591.441,,,0,0
35454,591.491,,,0,0
35457,591.541,,,0,0
35460,591.591,,,0,0
35463,591.641,,,0,0
35466,591.691,,,0,0
35469,591.741,,,0,0
35472,591.791,,,0,0
35475,591.841,,,0,0
35478,591.891,,,0,0
35481,591.941,,,0,0
35484,591.991,,,0,0
35487,592.041,,,0,0
35490,592.091,,,0,0
35493,592.142,,,0,0
35496,592.192,,,0,0
35499,592.242,,,0,0
35502,592.292,,,0,0
35505,592.342,,,0,0
35508,592.392,,,0,0
35511,592.442,,,0,0
35514,592.492,,,0,0
35517,592.542,,,0,0
35520,592.592,,,0,0
35523,592.642,,,0,0
35526,592.692,,,0,0
35529,592.742,,,0,0
35532,592.792,,,0,0
35535,592.842,,,0,0
35538,592.892,,,0,0
35541,592.942,,,0,0
35544,592.992,,,0,0
35547,593.042,,,0,0
35550,593.092,,,0,0
35553,593.143,,,0,0
35556,593.193,,,0,0
35559,593.243,,,0,0
35562,593.293,,,0,0
35565,593.343,,,0,0
35568,593.393,,,0,0
35571,593.443,,,0,0
35574,593.493,,,0,0
35577,593.543,,,0,0
35580,593.593,,,0,0
35583,593.643,,,0,0
35586,593.693,,,0,0
35589,593.743,,,0,0
35592,593.793,,,0,0
35595,593.843,,,0,0
35598,593.893,,,0,0
35601,593.943,,,0,0
35604,593.993,,,0,0
35607,594.043,,,0,0
35610,594.094,,,0,0
35613,594.144,,,0,0
35616,594.194,,,0,0
35619,594.244,,,0,0
35622,594.294,,,0,0
35625,594.344,,,0,0
35628,594.394,,,0,0
35631,594.444,,,0,0
35634,594.494,,,0,0
35637,594.544,,,0,0
35640,594.594,,,0,0
35643,594.644,,,0,0
35646,594.694,,,0,0
35649,594.744,,,0,0
35652,594.794,,,0,0
35655,594.844,,,0,0
35658,594.894,,,0,0
35661,594.944,,,0,0
35664,594.994,,,0,0
35667,595.044,,,0,0
35670,595.095,,,0,0
35673,595.145,,,0,0
35676,595.195,,,0,0
35679,595.245,,,0,0
35682,595.295,,,0,0
35685,595.345,,,0,0
35688,595.395,,,0,0
35691,595.445,,,0,0
35694,595.495,,,0,0
35697,595.545,,,0,0
35700,595.595,,,0,0
35703,595.645,,,0,0
35706,595.695,,,0,0
35709,595.745,,,0,0
35712,595.795,,,0,0
35715,595.845,,,0,0
35718,595.895,,,0,0
35721,595.945,,,0,0
35724,595.995,,,0,0
35727,596.045,,,0,0
35730,596.096,,,0,0
35733,596.146,,,0,0
35736,596.196,,,0,0
35739,596.246,,,0,0
35742,596.296,,,0,0
35745,596.346,,,0,0
35748,596.396,,,0,0
35751,596.446,,,0,0
35754,596.496,,,0,0
35757,596.546,,,0,0
35760,596.596,,,0,0
35763,596.646,,,0,0
35766,596.696,,,0,0
35769,596.746,,,0,0
35772,596.796,,,0,0
35775,596.846,,,0,0
35778,596.896,,,0,0
35781,596.946,,,0,0
35784,596.996,,,0,0
35787,597.046,,,0,0
35790,597.096,,,0,0
35793,597.147,,,0,0
35796,597.197,,,0,0
35799,597.247,,,0,0
35802,597.297,,,0,0
35805,597.347,,,0,0
35808,597.397,,,0,0
35811,597.447,,,0,0
35814,597.497,,,0,0
35817,597.547,,,0,0
35820,597.597,,,0,0
35823,597.647,,,0,0
35826,597.697,,,0,0
35829,597.747,,,0,0
35832,597.797,,,0,0
35835,597.847,,,0,0
35838,597.897,,,0,0
35841,597.947,,,0,0
35844,597.997,,,0,0
35847,598.047,,,0,0
35850,598.097,,,0,0
35853,598.148,,,0,0
35856,598.198,,,0,0
35859,598.248,,,0,0
35862,598.298,,,0,0
35865,598.348,,,0,0
35868,598.398,,,0,0
35871,598.448,,,0,0
35874,598.498,,,0,0
35877,598.548,,,0,0
35880,598.598,,,0,0
35883,598.648,,,0,0
35886,598.698,,,0,0
35889,598.748,,,0,0
35892,598.798,,,0,0
35895,598.848,,,0,0
35898,598.898,,,0,0
35901,598.948,,,0,0
35904,598.998,,,0,0
35907,599.048,,,0,0
35910,599.099,,,0,0
35913,599.149,,,0,0
35916,599.199,,,0,0
35919,599.249,,,0,0
35922,599.299,,,0,0
35925,599.349,,,0,0
35928,599.399,,,0,0
35931,599.449,,,0,0
35934,599.499,,,0,0
35937,599.549,,,0,0
35940,599.599,,,0,0
35943,599.649,,,0,0
35946,599.699,,,0,0
35949,599.749,,,0,0
35952,599.799,,,0,0
35955,599.849,,,0,0
35958,599.899,,,0,0
35961,599.949,,,0,0
35964,599.999,,,0,0
35967,600.049,,,0,0
35970,600.1,,,0,0
35973,600.15,,,0,0
35976,600.2,,,0,0
35979,600.25,,,0,0
35982,600.3,,,0,0
35985,600.35,,,0,0
35988,600.4,,,0,0
35991,600.45,,,0,0
35994,600.5,,,0,0
35997,600.55,,,0,0
36000,600.6,,,0,0
36003,600.65,,,0,0
36006,600.7,,,0,0
36009,600.75,,,0,0
36012,600.8,,,0,0
36015,600.85,,,0,0
36018,600.9,,,0,0
36021,600.95,,,0,0
36024,601.0,,,0,0
36027,601.05,,,0,0
36030,601.101,,,0,0
36033,601.151,,,0,0
36036,601.201,,,0,0
36039,601.251,,,0,0
36042,601.301,,,0,0
36045,601.351,,,0,0
36048,601.401,,,0,0
36051,601.451,,,0,0
36054,601.501,,,0,0
36057,601.551,,,0,0
36060,601.601,,,0,0
36063,601.651,,,0,0
36066,601.701,,,0,0
36069,601.751,,,0,0
36072,601.801,,,0,0
36075,601.851,,,0,0
36078,601.901,,,0,0
36081,601.951,,,0,0
36084,602.001,,,0,0
36087,602.051,,,0,0
36090,602.101,,,0,0
36093,602.152,,,0,0
36096,602.202,,,0,0
36099,602.252,,,0,0
36102,602.302,,,0,0
36105,602.352,,,0,0
36108,602.402,,,0,0
36111,602.452,,,0,0
36114,602.502,,,0,0
36117,602.552,,,0,0
36120,602.602,,,0,0
36123,602.652,,,0,0
36126,602.702,,,0,0
36129,602.752,,,0,0
36132,602.802,,,0,0
36135,602.852,,,0,0
36138,602.902,,,0,0
36141,602.952,,,0,0
36144,603.002,,,0,0
36147,603.052,,,0,0
36150,603.102,,,0,0
36153,603.153,,,0,0
36156,603.203,,,0,0
36159,603.253,,,0,0
36162,603.303,,,0,0
36165,603.353,,,0,0
36168,603.403,,,0,0
36171,603.453,,,0,0
36174,603.503,,,0,0
36177,603.553,,,0,0
36180,603.603,,,0,0
36183,603.653,,,0,0
36186,603.703,,,0,0
36189,603.753,,,0,0
36192,603.803,,,0,0
36195,603.853,,,0,0
36198,603.903,,,0,0
36201,603.953,,,0,0
36204,604.003,,,0,0
36207,604.053,,,0,0
36210,604.104,,,0,0
36213,604.154,,,0,0
36216,604.204,,,0,0
36219,604.254,,,0,0
36222,604.304,,,0,0
36225,604.354,,,0,0
36228,604.404,,,0,0
36231,604.454,,,0,0
36234,604.504,,,0,0
36237,604.554,,,0,0
36240,604.604,,,0,0
36243,604.654,,,0,0
36246,604.704,,,0,0
36249,604.754,,,0,0
36252,604.804,,,0,0
36255,604.854,,,0,0
36258,604.904,,,0,0
36261,604.954,,,0,0
36264,605.004,,,0,0
36267,605.054,,,0,0
36270,605.105,,,0,0
36273,605.155,,,0,0
36276,605.205,,,0,0
36279,605.255,,,0,0
36282,605.305,,,0,0
36285,605.355,,,0,0
36288,605.405,,,0,0
36291,605.455,,,0,0
36294,605.505,,,0,0
36297,605.555,,,0,0
36300,605.605,,,0,0
36303,605.655,,,0,0
36306,605.705,,,0,0
36309,605.755,,,0,0
36312,605.805,,,0,0
36315,605.855,,,0,0
36318,605.905,,,0,0
36321,605.955,,,0,0
36324,606.005,,,0,0
36327,606.055,,,0,0
36330,606.106,,,0,0
36333,606.156,,,0,0
36336,606.206,,,0,0
36339,606.256,,,0,0
36342,606.306,,,0,0
36345,606.356,,,0,0
36348,606.406,,,0,0
36351,606.456,,,0,0
36354,606.506,,,0,0
36357,606.556,,,0,0
36360,606.606,,,0,0
36363,606.656,,,0,0
36366,606.706,,,0,0
36369,606.756,,,0,0
36372,606.806,,,0,0
36375,606.856,,,0,0
36378,606.906,,,0,0
36381,606.956,,,0,0
36384,607.006,,,0,0
36387,607.056,,,0,0
36390,607.106,,,0,0
36393,607.157,,,0,0
36396,607.207,,,0,0
36399,607.257,,,0,0
36402,607.307,,,0,0
36405,607.357,,,0,0
36408,607.407,,,0,0
36411,607.457,,,0,0
36414,607.507,,,0,0
36417,607.557,,,0,0
36420,607.607,,,0,0
36423,607.657,,,0,0
36426,607.707,,,0,0
36429,607.757,,,0,0
36432,607.807,,,0,0
36435,607.857,,,0,0
36438,607.907,,,0,0
36441,607.957,,,0,0
36444,608.007,,,0,0
36447,608.057,,,0,0
36450,608.107,,,0,0
36453,608.158,,,0,0
36456,608.208,,,0,0
36459,608.258,,,0,0
36462,608.308,,,0,0
36465,608.358,,,0,0
36468,608.408,,,0,0
36471,608.458,,,0,0
36474,608.508,,,0,0
36477,608.558,,,0,0
36480,608.608,,,0,0
36483,608.658,,,0,0
36486,608.708,,,0,0
36489,608.758,,,0,0
36492,608.808,,,0,0
36495,608.858,,,0,0
36498,608.908,,,0,0
36501,608.958,,,0,0
36504,609.008,,,0,0
36507,609.058,,,0,0
36510,609.109,,,0,0
36513,609.159,,,0,0
36516,609.209,,,0,0
36519,609.259,,,0,0
36522,609.309,,,0,0
36525,609.359,,,0,0
36528,609.409,,,0,0
36531,609.459,,,0,0
36534,609.509,,,0,0
36537,609.559,,,0,0
36540,609.609,,,0,0
36543,609.659,,,0,0
36546,609.709,,,0,0
36549,609.759,,,0,0
36552,609.809,,,0,0
36555,609.859,,,0,0
36558,609.909,,,0,0
36561,609.959,,,0,0
36564,610.009,,,0,0
36567,610.059,,,0,0
36570,610.11,,,0,0
36573,610.16,,,0,0
36576,610.21,,,0,0
36579,610.26,,,0,0
36582,610.31,,,0,0
36585,610.36,,,0,0
36588,610.41,,,0,0
36591,610.46,,,0,0
36594,610.51,,,0,0
36597,610.56,,,0,0
36600,610.61,,,0,0
36603,610.66,,,0,0
36606,610.71,,,0,0
36609,610.76,,,0,0
36612,610.81,,,0,0
36615,610.86,,,0,0
36618,610.91,,,0,0
36621,610.96,,,0,0
36624,611.01,,,0,0
36627,611.06,,,0,0
36630,611.111,,,0,0
36633,611.161,,,0,0
36636,611.211,,,0,0
36639,611.261,,,0,0
36642,611.311,,,0,0
36645,611.361,,,0,0
36648,611.411,,,0,0
36651,611.461,,,0,0
36654,611.511,,,0,0
36657,611.561,,,0,0
36660,611.611,,,0,0
36663,611.661,,,0,0
36666,611.711,,,0,0
36669,611.761,,,0,0
36672,611.811,,,0,0
36675,611.861,,,0,0
36678,611.911,,,0,0
36681,611.961,,,0,0
36684,612.011,,,0,0
36687,612.061,,,0,0
36690,612.111,,,0,0
36693,612.162,,,0,0
36696,612.212,,,0,0
36699,612.262,,,0,0
36702,612.312,,,0,0
36705,612.362,,,0,0
36708,612.412,,,0,0
36711,612.462,,,0,0
36714,612.512,,,0,0
36717,612.562,,,0,0
36720,612.612,,,0,0
36723,612.662,,,0,0
36726,612.712,,,0,0
36729,612.762,,,0,0
36732,612.812,,,0,0
36735,612.862,,,0,0
36738,612.912,,,0,0
36741,612.962,,,0,0
36744,613.012,,,0,0
36747,613.062,,,0,0
36750,613.112,,,0,0
36753,613.163,,,0,0
36756,613.213,,,0,0
36759,613.263,,,0,0
36762,613.313,,,0,0
36765,613.363,,,0,0
36768,613.413,,,0,0
36771,613.463,,,0,0
36774,613.513,,,0,0
36777,613.563,,,0,0
36780,613.613,,,0,0
36783,613.663,,,0,0
36786,613.713,,,0,0
36789,613.763,,,0,0
36792,613.813,,,0,0
36795,613.863,,,0,0
36798,613.913,,,0,0
36801,613.963,,,0,0
36804,614.013,,,0,0
36807,614.063,,,0,0
36810,614.114,,,0,0
36813,614.164,,,0,0
36816,614.214,,,0,0
36819,614.264,,,0,0
36822,614.314,,,0,0
36825,614.364,,,0,0
36828,614.414,,,0,0
36831,614.464,,,0,0
36834,614.514,,,0,0
36837,614.564,,,0,0
36840,614.614,,,0,0
36843,614.664,,,0,0
36846,614.714,,,0,0
36849,614.764,,,0,0
36852,614.814,,,0,0
36855,614.864,,,0,0
36858,614.914,,,0,0
36861,614.964,,,0,0
36864,615.014,,,0,0
36867,615.064,,,0,0
36870,615.115,,,0,0
36873,615.165,,,0,0
36876,615.215,,,0,0
36879,615.265,,,0,0
36882,615.315,,,0,0
36885,615.365,,,0,0
36888,615.415,,,0,0
36891,615.465,,,0,0
36894,615.515,,,0,0
36897,615.565,,,0,0
36900,615.615,,,0,0
36903,615.665,,,0,0
36906,615.715,,,0,0
36909,615.765,,,0,0
36912,615.815,,,0,0
36915,615.865,,,0,0
36918,615.915,,,0,0
36921,615.965,,,0,0
36924,616.015,,,0,0
36927,616.065,,,0,0
36930,616.115,,,0,0
36933,616.166,,,0,0
36936,616.216,,,0,0
36939,616.266,,,0,0
36942,616.316,,,0,0
36945,616.366,,,0,0
36948,616.416,,,0,0
36951,616.466,,,0,0
36954,616.516,,,0,0
36957,616.566,,,0,0
36960,616.616,,,0,0
36963,616.666,,,0,0
36966,616.716,,,0,0
36969,616.766,,,0,0
36972,616.816,,,0,0
36975,616.866,,,0,0
36978,616.916,,,0,0
36981,616.966,,,0,0
36984,617.016,,,0,0
36987,617.066,,,0,0
36990,617.116,,,0,0
36993,617.167,,,0,0
36996,617.217,,,0,0
36999,617.267,,,0,0
37002,617.317,,,0,0
37005,617.367,,,0,0
37008,617.417,,,0,0
37011,617.467,,,0,0
37014,617.517,,,0,0
37017,617.567,,,0,0
37020,617.617,,,0,0
37023,617.667,,,0,0
37026,617.717,,,0,0
37029,617.767,,,0,0
37032,617.817,,,0,0
37035,617.867,,,0,0
37038,617.917,,,0,0
37041,617.967,,,0,0
37044,618.017,,,0,0
37047,618.067,,,0,0
37050,618.118,,,0,0
37053,618.168,,,0,0
37056,618.218,,,0,0
37059,618.268,,,0,0
37062,618.318,,,0,0
37065,618.368,,,0,0
37068,618.418,,,0,0
37071,618.468,,,0,0
37074,618.518,,,0,0
37077,618.568,,,0,0
37080,618.618,,,0,0
37083,618.668,,,0,0
37086,618.718,,,0,0
37089,618.768,,,0,0
37092,618.818,,,0,0
37095,618.868,,,0,0
37098,618.918,,,0,0
37101,618.968,,,0,0
37104,619.018,,,0,0
37107,619.068,,,0,0
37110,619.119,,,0,0
37113,619.169,,,0,0
37116,619.219,,,0,0
37119,619.269,,,0,0
37122,619.319,,,0,0
37125,619.369,,,0,0
37128,619.419,,,0,0
37131,619.469,,,0,0
37134,619.519,,,0,0
37137,619.569,,,0,0
37140,619.619,,,0,0
37143,619.669,,,0,0
37146,619.719,,,0,0
37149,619.769,,,0,0
37152,619.819,,,0,0
37155,619.869,,,0,0
37158,619.919,,,0,0
37161,619.969,,,0,0
37164,620.019,,,0,0
37167,620.069,,,0,0
37170,620.12,,,0,0
37173,620.17,,,0,0
37176,620.22,,,0,0
37179,620.27,,,0,0
37182,620.32,,,0,0
37185,620.37,,,0,0
37188,620.42,,,0,0
37191,620.47,,,0,0
37194,620.52,,,0,0
37197,620.57,,,0,0
37200,620.62,,,0,0
37203,620.67,,,0,0
37206,620.72,,,0,0
37209,620.77,,,0,0
37212,620.82,,,0,0
37215,620.87,,,0,0
37218,620.92,,,0,0
37221,620.97,,,0,0
37224,621.02,,,0,0
37227,621.07,,,0,0
37230,621.12,,,0,0
37233,621.171,,,0,0
37236,621.221,,,0,0
37239,621.271,,,0,0
37242,621.321,,,0,0
37245,621.371,,,0,0
37248,621.421,,,0,0
37251,621.471,,,0,0
37254,621.521,,,0,0
37257,621.571,,,0,0
37260,621.621,,,0,0
37263,621.671,,,0,0
37266,621.721,,,0,0
37269,621.771,,,0,0
37272,621.821,,,0,0
37275,621.871,,,0,0
37278,621.921,,,0,0
37281,621.971,,,0,0
37284,622.021,,,0,0
37287,622.071,,,0,0
37290,622.121,,,0,0
37293,622.172,,,0,0
37296,622.222,,,0,0
37299,622.272,,,0,0
37302,622.322,,,0,0
37305,622.372,,,0,0
37308,622.422,,,0,0
37311,622.472,,,0,0
37314,622.522,,,0,0
37317,622.572,,,0,0
37320,622.622,,,0,0
37323,622.672,,,0,0
37326,622.722,,,0,0
37329,622.772,,,0,0
37332,622.822,,,0,0
37335,622.872,,,0,0
37338,622.922,,,0,0
37341,622.972,,,0,0
37344,623.022,,,0,0
37347,623.072,,,0,0
37350,623.123,,,0,0
37353,623.173,,,0,0
37356,623.223,,,0,0
37359,623.273,,,0,0
37362,623.323,,,0,0
37365,623.373,,,0,0
37368,623.423,,,0,0
37371,623.473,,,0,0
37374,623.523,,,0,0
37377,623.573,,,0,0
37380,623.623,,,0,0
37383,623.673,,,0,0
37386,623.723,,,0,0
37389,623.773,,,0,0
37392,623.823,,,0,0
37395,623.873,,,0,0
37398,623.923,,,0,0
37401,623.973,,,0,0
37404,624.023,,,0,0
37407,624.073,,,0,0
37410,624.124,,,0,0
37413,624.174,,,0,0
37416,624.224,,,0,0
37419,624.274,,,0,0
37422,624.324,,,0,0
37425,624.374,,,0,0
37428,624.424,,,0,0
37431,624.474,,,0,0
37434,624.524,,,0,0
37437,624.574,,,0,0
37440,624.624,,,0,0
37443,624.674,,,0,0
37446,624.724,,,0,0
37449,624.774,,,0,0
37452,624.824,,,0,0
37455,624.874,,,0,0
37458,624.924,,,0,0
37461,624.974,,,0,0
37464,625.024,,,0,0
37467,625.074,,,0,0
37470,625.125,,,0,0
37473,625.175,,,0,0
37476,625.225,,,0,0
37479,625.275,,,0,0
37482,625.325,,,0,0
37485,625.375,,,0,0
37488,625.425,,,0,0
37491,625.475,,,0,0
37494,625.525,,,0,0
37497,625.575,,,0,0
37500,625.625,,,0,0
37503,625.675,,,0,0
37506,625.725,,,0,0
37509,625.775,,,0,0
37512,625.825,,,0,0
37515,625.875,,,0,0
37518,625.925,,,0,0
37521,625.975,,,0,0
37524,626.025,,,0,0
37527,626.075,,,0,0
37530,626.125,,,0,0
37533,626.176,,,0,0
37536,626.226,,,0,0
37539,626.276,,,0,0
37542,626.326,,,0,0
37545,626.376,,,0,0
37548,626.426,,,0,0
37551,626.476,,,0,0
37554,626.526,,,0,0
37557,626.576,,,0,0
37560,626.626,,,0,0
37563,626.676,,,0,0
37566,626.726,,,0,0
37569,626.776,,,0,0
37572,626.826,,,0,0
37575,626.876,,,0,0
37578,626.926,,,0,0
37581,626.976,,,0,0
37584,627.026,,,0,0
37587,627.076,,,0,0
37590,627.126,,,0,0
37593,627.177,,,0,0
37596,627.227,,,0,0
37599,627.277,,,0,0
37602,627.327,,,0,0
37605,627.377,,,0,0
37608,627.427,,,0,0
37611,627.477,,,0,0
37614,627.527,,,0,0
37617,627.577,,,0,0
37620,627.627,,,0,0
37623,627.677,,,0,0
37626,627.727,,,0,0
37629,627.777,,,0,0
37632,627.827,,,0,0
37635,627.877,,,0,0
37638,627.927,,,0,0
37641,627.977,,,0,0
37644,628.027,,,0,0
37647,628.077,,,0,0
37650,628.128,,,0,0
37653,628.178,,,0,0
37656,628.228,,,0,0
37659,628.278,,,0,0
37662,628.328,,,0,0
37665,628.378,,,0,0
37668,628.428,,,0,0
37671,628.478,,,0,0
37674,628.528,,,0,0
37677,628.578,,,0,0
37680,628.628,,,0,0
37683,628.678,,,0,0
37686,628.728,,,0,0
37689,628.778,,,0,0
37692,628.828,,,0,0
37695,628.878,,,0,0
37698,628.928,,,0,0
37701,628.978,,,0,0
37704,629.028,,,0,0
37707,629.078,,,0,0
37710,629.129,,,0,0
37713,629.179,,,0,0
37716,629.229,,,0,0
37719,629.279,,,0,0
37722,629.329,,,0,0
37725,629.379,,,0,0
37728,629.429,,,0,0
37731,629.479,,,0,0
37734,629.529,,,0,0
37737,629.579,,,0,0
37740,629.629,,,0,0
37743,629.679,,,0,0
37746,629.729,,,0,0
37749,629.779,,,0,0
37752,629.829,,,0,0
37755,629.879,,,0,0
37758,629.929,,,0,0
37761,629.979,,,0,0
37764,630.029,,,0,0
37767,630.079,,,0,0
37770,630.13,,,0,0
37773,630.18,,,0,0
37776,630.23,,,0,0
37779,630.28,,,0,0
37782,630.33,,,0,0
37785,630.38,,,0,0
37788,630.43,,,0,0
37791,630.48,,,0,0
37794,630.53,,,0,0
37797,630.58,,,0,0
37800,630.63,,,0,0
37803,630.68,,,0,0
37806,630.73,,,0,0
37809,630.78,,,0,0
37812,630.83,,,0,0
37815,630.88,,,0,0
37818,630.93,,,0,0
37821,630.98,,,0,0
37824,631.03,,,0,0
37827,631.08,,,0,0
37830,631.13,,,0,0
37833,631.181,,,0,0
37836,631.231,,,0,0
37839,631.281,,,0,0
37842,631.331,,,0,0
37845,631.381,,,0,0
37848,631.431,,,0,0
37851,631.481,,,0,0
37854,631.531,,,0,0
37857,631.581,,,0,0
37860,631.631,,,0,0
37863,631.681,,,0,0
37866,631.731,,,0,0
37869,631.781,,,0,0
37872,631.831,,,0,0
37875,631.881,,,0,0
37878,631.931,,,0,0
37881,631.981,,,0,0
37884,632.031,,,0,0
37887,632.081,,,0,0
37890,632.131,,,0,0
37893,632.182,,,0,0
37896,632.232,,,0,0
37899,632.282,,,0,0
37902,632.332,,,0,0
37905,632.382,,,0,0
37908,632.432,,,0,0
37911,632.482,,,0,0
37914,632.532,,,0,0
37917,632.582,,,0,0
37920,632.632,,,0,0
37923,632.682,,,0,0
37926,632.732,,,0,0
37929,632.782,,,0,0
37932,632.832,,,0,0
37935,632.882,,,0,0
37938,632.932,,,0,0
37941,632.982,,,0,0
37944,633.032,,,0,0
37947,633.082,,,0,0
37950,633.133,,,0,0
37953,633.183,,,0,0
37956,633.233,,,0,0
37959,633.283,,,0,0
37962,633.333,,,0,0
37965,633.383,,,0,0
37968,633.433,,,0,0
37971,633.483,,,0,0
37974,633.533,,,0,0
37977,633.583,,,0,0
37980,633.633,,,0,0
37983,633.683,,,0,0
37986,633.733,,,0,0
37989,633.783,,,0,0
37992,633.833,,,0,0
37995,633.883,,,0,0
37998,633.933,,,0,0
38001,633.983,,,0,0
38004,634.033,,,0,0
38007,634.083,,,0,0
38010,634.134,,,0,0
38013,634.184,,,0,0
38016,634.234,,,0,0
38019,634.284,,,0,0
38022,634.334,,,0,0
38025,634.384,,,0,0
38028,634.434,,,0,0
38031,634.484,,,0,0
38034,634.534,,,0,0
38037,634.584,,,0,0
38040,634.634,,,0,0
38043,634.684,,,0,0
38046,634.734,,,0,0
38049,634.784,,,0,0
38052,634.834,,,0,0
38055,634.884,,,0,0
38058,634.934,,,0,0
38061,634.984,,,0,0
38064,635.034,,,0,0
38067,635.084,,,0,0
38070,635.135,,,0,0
38073,635.185,,,0,0
38076,635.235,,,0,0
38079,635.285,,,0,0
38082,635.335,,,0,0
38085,635.385,,,0,0
38088,635.435,,,0,0
38091,635.485,,,0,0
38094,635.535,,,0,0
38097,635.585,,,0,0
38100,635.635,,,0,0
38103,635.685,,,0,0
38106,635.735,,,0,0
38109,635.785,,,0,0
38112,635.835,,,0,0
38115,635.885,,,0,0
38118,635.935,,,0,0
38121,635.985,,,0,0
38124,636.035,,,0,0
38127,636.085,,,0,0
38130,636.135,,,0,0
38133,636.186,,,0,0
38136,636.236,,,0,0
38139,636.286,,,0,0
38142,636.336,,,0,0
38145,636.386,,,0,0
38148,636.436,,,0,0
38151,636.486,,,0,0
38154,636.536,,,0,0
38157,636.586,,,0,0
38160,636.636,,,0,0
38163,636.686,,,0,0
38166,636.736,,,0,0
38169,636.786,,,0,0
38172,636.836,,,0,0
38175,636.886,,,0,0
38178,636.936,,,0,0
38181,636.986,,,0,0
38184,637.036,,,0,0
38187,637.086,,,0,0
38190,637.136,,,0,0
38193,637.187,,,0,0
38196,637.237,,,0,0
38199,637.287,,,0,0
38202,637.337,,,0,0
38205,637.387,,,0,0
38208,637.437,,,0,0
38211,637.487,,,0,0
38214,637.537,,,0,0
38217,637.587,,,0,0
38220,637.637,,,0,0
38223,637.687,,,0,0
38226,637.737,,,0,0
38229,637.787,,,0,0
38232,637.837,,,0,0
38235,637.887,,,0,0
38238,637.937,,,0,0
38241,637.987,,,0,0
38244,638.037,,,0,0
38247,638.087,,,0,0
38250,638.138,,,0,0
38253,638.188,,,0,0
38256,638.238,,,0,0
38259,638.288,,,0,0
38262,638.338,,,0,0
38265,638.388,,,0,0
38268,638.438,,,0,0
38271,638.488,,,0,0
38274,638.538,,,0,0
38277,638.588,,,0,0
38280,638.638,,,0,0
38283,638.688,,,0,0
38286,638.738,,,0,0
38289,638.788,,,0,0
38292,638.838,,,0,0
38295,638.888,,,0,0
38298,638.938,,,0,0
38301,638.988,,,0,0
38304,639.038,,,0,0
38307,639.088,,,0,0
38310,639.139,,,0,0
38313,639.189,,,0,0
38316,639.239,,,0,0
38319,639.289,,,0,0
38322,639.339,,,0,0
38325,639.389,,,0,0
38328,639.439,,,0,0
38331,639.489,,,0,0
38334,639.539,,,0,0
38337,639.589,,,0,0
38340,639.639,,,0,0
38343,639.689,,,0,0
38346,639.739,,,0,0
38349,639.789,,,0,0
38352,639.839,,,0,0
38355,639.889,,,0,0
38358,639.939,,,0,0
38361,639.989,,,0,0
38364,640.039,,,0,0
38367,640.089,,,0,0
38370,640.139,,,0,0
38373,640.19,,,0,0
38376,640.24,,,0,0
38379,640.29,,,0,0
38382,640.34,,,0,0
38385,640.39,,,0,0
38388,640.44,,,0,0
38391,640.49,,,0,0
38394,640.54,,,0,0
38397,640.59,,,0,0
38400,640.64,,,0,0
38403,640.69,,,0,0
38406,640.74,,,0,0
38409,640.79,,,0,0
38412,640.84,,,0,0
38415,640.89,,,0,0
38418,640.94,,,0,0
38421,640.99,,,0,0
38424,641.04,,,0,0
38427,641.09,,,0,0
38430,641.14,,,0,0
38433,641.191,,,0,0
38436,641.241,,,0,0
38439,641.291,,,0,0
38442,641.341,,,0,0
38445,641.391,,,0,0
38448,641.441,,,0,0
38451,641.491,,,0,0
38454,641.541,,,0,0
38457,641.591,,,0,0
38460,641.641,,,0,0
38463,641.691,,,0,0
38466,641.741,,,0,0
38469,641.791,,,0,0
38472,641.841,,,0,0
38475,641.891,,,0,0
38478,641.941,,,0,0
38481,641.991,,,0,0
38484,642.041,,,0,0
38487,642.091,,,0,0
38490,642.142,,,0,0
38493,642.192,,,0,0
38496,642.242,,,0,0
38499,642.292,,,0,0
38502,642.342,,,0,0
38505,642.392,,,0,0
38508,642.442,,,0,0
38511,642.492,,,0,0
38514,642.542,,,0,0
38517,642.592,,,0,0
38520,642.642,,,0,0
38523,642.692,,,0,0
38526,642.742,,,0,0
38529,642.792,,,0,0
38532,642.842,,,0,0
38535,642.892,,,0,0
38538,642.942,,,0,0
38541,642.992,,,0,0
38544,643.042,,,0,0
38547,643.092,,,0,0
38550,643.143,,,0,0
38553,643.193,,,0,0
38556,643.243,,,0,0
38559,643.293,,,0,0
38562,643.343,,,0,0
38565,643.393,,,0,0
38568,643.443,,,0,0
38571,643.493,,,0,0
38574,643.543,,,0,0
38577,643.593,,,0,0
38580,643.643,,,0,0
38583,643.693,,,0,0
38586,643.743,,,0,0
38589,643.793,,,0,0
38592,643.843,,,0,0
38595,643.893,,,0,0
38598,643.943,,,0,0
38601,643.993,,,0,0
38604,644.043,,,0,0
38607,644.093,,,0,0
38610,644.144,,,0,0
38613,644.194,,,0,0
38616,644.244,,,0,0
38619,644.294,,,0,0
38622,644.344,,,0,0
38625,644.394,,,0,0
38628,644.444,,,0,0
38631,644.494,,,0,0
38634,644.544,,,0,0
38637,644.594,,,0,0
38640,644.644,,,0,0
38643,644.694,,,0,0
38646,644.744,,,0,0
38649,644.794,,,0,0
38652,644.844,,,0,0
38655,644.894,,,0,0
38658,644.944,,,0,0
38661,644.994,,,0,0
38664,645.044,,,0,0
38667,645.094,,,0,0
38670,645.144,,,0,0
38673,645.195,,,0,0
38676,645.245,,,0,0
38679,645.295,,,0,0
38682,645.345,,,0,0
38685,645.395,,,0,0
38688,645.445,,,0,0
38691,645.495,,,0,0
38694,645.545,,,0,0
38697,645.595,,,0,0
38700,645.645,,,0,0
38703,645.695,,,0,0
38706,645.745,,,0,0
38709,645.795,,,0,0
38712,645.845,,,0,0
38715,645.895,,,0,0
38718,645.945,,,0,0
38721,645.995,,,0,0
38724,646.045,,,0,0
38727,646.095,,,0,0
38730,646.145,,,0,0
38733,646.196,,,0,0
38736,646.246,,,0,0
38739,646.296,,,0,0
38742,646.346,,,0,0
38745,646.396,,,0,0
38748,646.446,,,0,0
38751,646.496,,,0,0
38754,646.546,,,0,0
38757,646.596,,,0,0
38760,646.646,,,0,0
38763,646.696,,,0,0
38766,646.746,,,0,0
38769,646.796,,,0,0
38772,646.846,,,0,0
38775,646.896,,,0,0
38778,646.946,,,0,0
38781,646.996,,,0,0
38784,647.046,,,0,0
38787,647.096,,,0,0
38790,647.147,,,0,0
38793,647.197,,,0,0
38796,647.247,,,0,0
38799,647.297,,,0,0
38802,647.347,,,0,0
38805,647.397,,,0,0
38808,647.447,,,0,0
38811,647.497,,,0,0
38814,647.547,,,0,0
38817,647.597,,,0,0
38820,647.647,,,0,0
38823,647.697,,,0,0
38826,647.747,,,0,0
38829,647.797,,,0,0
38832,647.847,,,0,0
38835,647.897,,,0,0
38838,647.947,,,0,0
38841,647.997,,,0,0
38844,648.047,,,0,0
38847,648.097,,,0,0
38850,648.148,,,0,0
38853,648.198,,,0,0
38856,648.248,,,0,0
38859,648.298,,,0,0
38862,648.348,,,0,0
38865,648.398,,,0,0
38868,648.448,,,0,0
38871,648.498,,,0,0
38874,648.548,,,0,0
38877,648.598,,,0,0
38880,648.648,,,0,0
38883,648.698,,,0,0
38886,648.748,,,0,0
38889,648.798,,,0,0
38892,648.848,,,0,0
38895,648.898,,,0,0
38898,648.948,,,0,0
38901,648.998,,,0,0
38904,649.048,,,0,0
38907,649.098,,,0,0
38910,649.149,,,0,0
38913,649.199,,,0,0
38916,649.249,,,0,0
38919,649.299,,,0,0
38922,649.349,,,0,0
38925,649.399,,,0,0
38928,649.449,,,0,0
38931,649.499,,,0,0
38934,649.549,,,0,0
38937,649.599,,,0,0
38940,649.649,,,0,0
38943,649.699,,,0,0
38946,649.749,,,0,0
38949,649.799,,,0,0
38952,649.849,,,0,0
38955,649.899,,,0,0
38958,649.949,,,0,0
38961,649.999,,,0,0
38964,650.049,,,0,0
38967,650.099,,,0,0
38970,650.149,,,0,0
38973,650.2,,,0,0
38976,650.25,,,0,0
38979,650.3,,,0,0
38982,650.35,,,0,0
38985,650.4,,,0,0
38988,650.45,,,0,0
38991,650.5,,,0,0
38994,650.55,,,0,0
38997,650.6,,,0,0
39000,650.65,,,0,0
39003,650.7,,,0,0
39006,650.75,,,0,0
39009,650.8,,,0,0
39012,650.85,,,0,0
39015,650.9,,,0,0
39018,650.95,,,0,0
39021,651.0,,,0,0
39024,651.05,,,0,0
39027,651.1,,,0,0
39030,651.15,,,0,0
39033,651.201,,,0,0
39036,651.251,,,0,0
39039,651.301,,,0,0
39042,651.351,,,0,0
39045,651.401,,,0,0
39048,651.451,,,0,0
39051,651.501,,,0,0
39054,651.551,,,0,0
39057,651.601,,,0,0
39060,651.651,,,0,0
39063,651.701,,,0,0
39066,651.751,,,0,0
39069,651.801,,,0,0
39072,651.851,,,0,0
39075,651.901,,,0,0
39078,651.951,,,0,0
39081,652.001,,,0,0
39084,652.051,,,0,0
39087,652.101,,,0,0
39090,652.152,,,0,0
39093,652.202,,,0,0
39096,652.252,,,0,0
39099,652.302,,,0,0
39102,652.352,,,0,0
39105,652.402,,,0,0
39108,652.452,,,0,0
39111,652.502,,,0,0
39114,652.552,,,0,0
39117,652.602,,,0,0
39120,652.652,,,0,0
39123,652.702,,,0,0
39126,652.752,,,0,0
39129,652.802,,,0,0
39132,652.852,,,0,0
39135,652.902,,,0,0
39138,652.952,,,0,0
39141,653.002,,,0,0
39144,653.052,,,0,0
39147,653.102,,,0,0
39150,653.153,,,0,0
39153,653.203,,,0,0
39156,653.253,,,0,0
39159,653.303,,,0,0
39162,653.353,,,0,0
39165,653.403,,,0,0
39168,653.453,,,0,0
39171,653.503,,,0,0
39174,653.553,,,0,0
39177,653.603,,,0,0
39180,653.653,,,0,0
39183,653.703,,,0,0
39186,653.753,,,0,0
39189,653.803,,,0,0
39192,653.853,,,0,0
39195,653.903,,,0,0
39198,653.953,,,0,0
39201,654.003,,,0,0
39204,654.053,,,0,0
39207,654.103,,,0,0
39210,654.154,,,0,0
39213,654.204,,,0,0
39216,654.254,,,0,0
39219,654.304,,,0,0
39222,654.354,,,0,0
39225,654.404,,,0,0
39228,654.454,,,0,0
39231,654.504,,,0,0
39234,654.554,,,0,0
39237,654.604,,,0,0
39240,654.654,,,0,0
39243,654.704,,,0,0
39246,654.754,,,0,0
39249,654.804,,,0,0
39252,654.854,,,0,0
39255,654.904,,,0,0
39258,654.954,,,0,0
39261,655.004,,,0,0
39264,655.054,,,0,0
39267,655.104,,,0,0
39270,655.154,,,0,0
39273,655.205,,,0,0
39276,655.255,,,0,0
39279,655.305,,,0,0
39282,655.355,,,0,0
39285,655.405,,,0,0
39288,655.455,,,0,0
39291,655.505,,,0,0
39294,655.555,,,0,0
39297,655.605,,,0,0
39300,655.655,,,0,0
39303,655.705,,,0,0
39306,655.755,,,0,0
39309,655.805,,,0,0
39312,655.855,,,0,0
39315,655.905,,,0,0
39318,655.955,,,0,0
39321,656.005,,,0,0
39324,656.055,,,0,0
39327,656.105,,,0,0
39330,656.155,,,0,0
39333,656.206,,,0,0
39336,656.256,,,0,0
39339,656.306,,,0,0
39342,656.356,,,0,0
39345,656.406,,,0,0
39348,656.456,,,0,0
39351,656.506,,,0,0
39354,656.556,,,0,0
39357,656.606,,,0,0
39360,656.656,,,0,0
39363,656.706,,,0,0
39366,656.756,,,0,0
39369,656.806,,,0,0
39372,656.856,,,0,0
39375,656.906,,,0,0
39378,656.956,,,0,0
39381,657.006,,,0,0
39384,657.056,,,0,0
39387,657.106,,,0,0
39390,657.157,,,0,0
39393,657.207,,,0,0
39396,657.257,,,0,0
39399,657.307,,,0,0
39402,657.357,,,0,0
39405,657.407,,,0,0
39408,657.457,,,0,0
39411,657.507,,,0,0
39414,657.557,,,0,0
39417,657.607,,,0,0
39420,657.657,,,0,0
39423,657.707,,,0,0
39426,657.757,,,0,0
39429,657.807,,,0,0
39432,657.857,,,0,0
39435,657.907,,,0,0
39438,657.957,,,0,0
39441,658.007,,,0,0
39444,658.057,,,0,0
39447,658.107,,,0,0
39450,658.158,,,0,0
39453,658.208,,,0,0
39456,658.258,,,0,0
39459,658.308,,,0,0
39462,658.358,,,0,0
39465,658.408,,,0,0
39468,658.458,,,0,0
39471,658.508,,,0,0
39474,658.558,,,0,0
39477,658.608,,,0,0
39480,658.658,,,0,0
39483,658.708,,,0,0
39486,658.758,,,0,0
39489,658.808,,,0,0
39492,658.858,,,0,0
39495,658.908,,,0,0
39498,658.958,,,0,0
39501,659.008,,,0,0
39504,659.058,,,0,0
39507,659.108,,,0,0
39510,659.159,,,0,0
39513,659.209,,,0,0
39516,659.259,,,0,0
39519,659.309,,,0,0
39522,659.359,,,0,0
39525,659.409,,,0,0
39528,659.459,,,0,0
39531,659.509,,,0,0
39534,659.559,,,0,0
39537,659.609,,,0,0
39540,659.659,,,0,0
39543,659.709,,,0,0
39546,659.759,,,0,0
39549,659.809,,,0,0
39552,659.859,,,0,0
39555,659.909,,,0,0
39558,659.959,,,0,0
39561,660.009,,,0,0
39564,660.059,,,0,0
39567,660.109,,,0,0
39570,660.159,,,0,0
39573,660.21,,,0,0
39576,660.26,,,0,0
39579,660.31,,,0,0
39582,660.36,,,0,0
39585,660.41,,,0,0
39588,660.46,,,0,0
39591,660.51,,,0,0
39594,660.56,,,0,0
39597,660.61,,,0,0
39600,660.66,,,0,0
39603,660.71,,,0,0
39606,660.76,,,0,0
39609,660.81,,,0,0
39612,660.86,,,0,0
39615,660.91,,,0,0
39618,660.96,,,0,0
39621,661.01,,,0,0
39624,661.06,,,0,0
39627,661.11,,,0,0
39630,661.16,,,0,0
39633,661.211,,,0,0
39636,661.261,,,0,0
39639,661.311,,,0,0
39642,661.361,,,0,0
39645,661.411,,,0,0
39648,661.461,,,0,0
39651,661.511,,,0,0
39654,661.561,,,0,0
39657,661.611,,,0,0
39660,661.661,,,0,0
39663,661.711,,,0,0
39666,661.761,,,0,0
39669,661.811,,,0,0
39672,661.861,,,0,0
39675,661.911,,,0,0
39678,661.961,,,0,0
39681,662.011,,,0,0
39684,662.061,,,0,0
39687,662.111,,,0,0
39690,662.162,,,0,0
39693,662.212,,,0,0
39696,662.262,,,0,0
39699,662.312,,,0,0
39702,662.362,,,0,0
39705,662.412,,,0,0
39708,662.462,,,0,0
39711,662.512,,,0,0
39714,662.562,,,0,0
39717,662.612,,,0,0
39720,662.662,,,0,0
39723,662.712,,,0,0
39726,662.762,,,0,0
39729,662.812,,,0,0
39732,662.862,,,0,0
39735,662.912,,,0,0
39738,662.962,,,0,0
39741,663.012,,,0,0
39744,663.062,,,0,0
39747,663.112,,,0,0
39750,663.163,,,0,0
39753,663.213,,,0,0
39756,663.263,,,0,0
39759,663.313,,,0,0
39762,663.363,,,0,0
39765,663.413,,,0,0
39768,663.463,,,0,0
39771,663.513,,,0,0
39774,663.563,,,0,0
39777,663.613,,,0,0
39780,663.663,,,0,0
39783,663.713,,,0,0
39786,663.763,,,0,0
39789,663.813,,,0,0
39792,663.863,,,0,0
39795,663.913,,,0,0
39798,663.963,,,0,0
39801,664.013,,,0,0
39804,664.063,,,0,0
39807,664.113,,,0,0
39810,664.163,,,0,0
39813,664.214,,,0,0
39816,664.264,,,0,0
39819,664.314,,,0,0
39822,664.364,,,0,0
39825,664.414,,,0,0
39828,664.464,,,0,0
39831,664.514,,,0,0
39834,664.564,,,0,0
39837,664.614,,,0,0
39840,664.664,,,0,0
39843,664.714,,,0,0
39846,664.764,,,0,0
39849,664.814,,,0,0
39852,664.864,,,0,0
39855,664.914,,,0,0
39858,664.964,,,0,0
39861,665.014,,,0,0
39864,665.064,,,0,0
39867,665.114,,,0,0
39870,665.164,,,0,0
39873,665.215,,,0,0
39876,665.265,,,0,0
39879,665.315,,,0,0
39882,665.365,,,0,0
39885,665.415,,,0,0
39888,665.465,,,0,0
39891,665.515,,,0,0
39894,665.565,,,0,0
39897,665.615,,,0,0
39900,665.665,,,0,0
39903,665.715,,,0,0
39906,665.765,,,0,0
39909,665.815,,,0,0
39912,665.865,,,0,0
39915,665.915,,,0,0
39918,665.965,,,0,0
39921,666.015,,,0,0
39924,666.065,,,0,0
39927,666.115,,,0,0
39930,666.166,,,0,0
39933,666.216,,,0,0
39936,666.266,,,0,0
39939,666.316,,,0,0
39942,666.366,,,0,0
39945,666.416,,,0,0
39948,666.466,,,0,0
39951,666.516,,,0,0
39954,666.566,,,0,0
39957,666.616,,,0,0
39960,666.666,,,0,0
39963,666.716,,,0,0
39966,666.766,,,0,0
39969,666.816,,,0,0
39972,666.866,,,0,0
39975,666.916,,,0,0
39978,666.966,,,0,0
39981,667.016,,,0,0
39984,667.066,,,0,0
39987,667.116,,,0,0
39990,667.167,,,0,0
39993,667.217,,,0,0
39996,667.267,,,0,0
39999,667.317,,,0,0
40002,667.367,,,0,0
40005,667.417,,,0,0
40008,667.467,,,0,0
40011,667.517,,,0,0
40014,667.567,,,0,0
40017,667.617,,,0,0
40020,667.667,,,0,0
40023,667.717,,,0,0
40026,667.767,,,0,0
40029,667.817,,,0,0
40032,667.867,,,0,0
40035,667.917,,,0,0
40038,667.967,,,0,0
40041,668.017,,,0,0
40044,668.067,,,0,0
40047,668.117,,,0,0
40050,668.168,,,0,0
40053,668.218,,,0,0
40056,668.268,,,0,0
40059,668.318,,,0,0
40062,668.368,,,0,0
40065,668.418,,,0,0
40068,668.468,,,0,0
40071,668.518,,,0,0
40074,668.568,,,0,0
40077,668.618,,,0,0
40080,668.668,,,0,0
40083,668.718,,,0,0
40086,668.768,,,0,0
40089,668.818,,,0,0
40092,668.868,,,0,0
40095,668.918,,,0,0
40098,668.968,,,0,0
40101,669.018,,,0,0
40104,669.068,,,0,0
40107,669.118,,,0,0
40110,669.168,,,0,0
40113,669.219,,,0,0
40116,669.269,,,0,0
40119,669.319,,,0,0
40122,669.369,,,0,0
40125,669.419,,,0,0
40128,669.469,,,0,0
40131,669.519,,,0,0
40134,669.569,,,0,0
40137,669.619,,,0,0
40140,669.669,,,0,0
40143,669.719,,,0,0
40146,669.769,,,0,0
40149,669.819,,,0,0
40152,669.869,,,0,0
40155,669.919,,,0,0
40158,669.969,,,0,0
40161,670.019,,,0,0
40164,670.069,,,0,0
40167,670.119,,,0,0
40170,670.169,,,0,0
40173,670.22,,,0,0
40176,670.27,,,0,0
40179,670.32,,,0,0
40182,670.37,,,0,0
40185,670.42,,,0,0
40188,670.47,,,0,0
40191,670.52,,,0,0
40194,670.57,,,0,0
40197,670.62,,,0,0
40200,670.67,,,0,0
40203,670.72,,,0,0
40206,670.77,,,0,0
40209,670.82,,,0,0
40212,670.87,,,0,0
40215,670.92,,,0,0
40218,670.97,,,0,0
40221,671.02,,,0,0
40224,671.07,,,0,0
40227,671.12,,,0,0
40230,671.171,,,0,0
40233,671.221,,,0,0
40236,671.271,,,0,0
40239,671.321,,,0,0
40242,671.371,,,0,0
40245,671.421,,,0,0
40248,671.471,,,0,0
40251,671.521,,,0,0
40254,671.571,,,0,0
40257,671.621,,,0,0
40260,671.671,,,0,0
40263,671.721,,,0,0
40266,671.771,,,0,0
40269,671.821,,,0,0
40272,671.871,,,0,0
40275,671.921,,,0,0
40278,671.971,,,0,0
40281,672.021,,,0,0
40284,672.071,,,0,0
40287,672.121,,,0,0
40290,672.172,,,0,0
40293,672.222,,,0,0
40296,672.272,,,0,0
40299,672.322,,,0,0
40302,672.372,,,0,0
40305,672.422,,,0,0
40308,672.472,,,0,0
40311,672.522,,,0,0
40314,672.572,,,0,0
40317,672.622,,,0,0
40320,672.672,,,0,0
40323,672.722,,,0,0
40326,672.772,,,0,0
40329,672.822,,,0,0
40332,672.872,,,0,0
40335,672.922,,,0,0
40338,672.972,,,0,0
40341,673.022,,,0,0
40344,673.072,,,0,0
40347,673.122,,,0,0
40350,673.173,,,0,0
40353,673.223,,,0,0
40356,673.273,,,0,0
40359,673.323,,,0,0
40362,673.373,,,0,0
40365,673.423,,,0,0
40368,673.473,,,0,0
40371,673.523,,,0,0
40374,673.573,,,0,0
40377,673.623,,,0,0
40380,673.673,,,0,0
40383,673.723,,,0,0
40386,673.773,,,0,0
40389,673.823,,,0,0
40392,673.873,,,0,0
40395,673.923,,,0,0
40398,673.973,,,0,0
40401,674.023,,,0,0
40404,674.073,,,0,0
40407,674.123,,,0,0
40410,674.173,,,0,0
40413,674.224,,,0,0
40416,674.274,,,0,0
40419,674.324,,,0,0
40422,674.374,,,0,0
40425,674.424,,,0,0
40428,674.474,,,0,0
40431,674.524,,,0,0
40434,674.574,,,0,0
40437,674.624,,,0,0
40440,674.674,,,0,0
40443,674.724,,,0,0
40446,674.774,,,0,0
40449,674.824,,,0,0
40452,674.874,,,0,0
40455,674.924,,,0,0
40458,674.974,,,0,0
40461,675.024,,,0,0
40464,675.074,,,0,0
40467,675.124,,,0,0
40470,675.174,,,0,0
40473,675.225,,,0,0
40476,675.275,,,0,0
40479,675.325,,,0,0
40482,675.375,,,0,0
40485,675.425,,,0,0
40488,675.475,,,0,0
40491,675.525,,,0,0
40494,675.575,,,0,0
40497,675.625,,,0,0
40500,675.675,,,0,0
40503,675.725,,,0,0
40506,675.775,,,0,0
40509,675.825,,,0,0
40512,675.875,,,0,0
40515,675.925,,,0,0
40518,675.975,,,0,0
40521,676.025,,,0,0
40524,676.075,,,0,0
40527,676.125,,,0,0
40530,676.176,,,0,0
40533,676.226,,,0,0
40536,676.276,,,0,0
40539,676.326,,,0,0
40542,676.376,,,0,0
40545,676.426,,,0,0
40548,676.476,,,0,0
40551,676.526,,,0,0
40554,676.576,,,0,0
40557,676.626,,,0,0
40560,676.676,,,0,0
40563,676.726,,,0,0
40566,676.776,,,0,0
40569,676.826,,,0,0
40572,676.876,,,0,0
40575,676.926,,,0,0
40578,676.976,,,0,0
40581,677.026,,,0,0
40584,677.076,,,0,0
40587,677.126,,,0,0
40590,677.177,,,0,0
40593,677.227,,,0,0
40596,677.277,,,0,0
40599,677.327,,,0,0
40602,677.377,,,0,0
40605,677.427,,,0,0
40608,677.477,,,0,0
40611,677.527,,,0,0
40614,677.577,,,0,0
40617,677.627,,,0,0
40620,677.677,,,0,0
40623,677.727,,,0,0
40626,677.777,,,0,0
40629,677.827,,,0,0
40632,677.877,,,0,0
40635,677.927,,,0,0
40638,677.977,,,0,0
40641,678.027,,,0,0
40644,678.077,,,0,0
40647,678.127,,,0,0
40650,678.178,,,0,0
40653,678.228,,,0,0
40656,678.278,,,0,0
40659,678.328,,,0,0
40662,678.378,,,0,0
40665,678.428,,,0,0
40668,678.478,,,0,0
40671,678.528,,,0,0
40674,678.578,,,0,0
40677,678.628,,,0,0
40680,678.678,,,0,0
40683,678.728,,,0,0
40686,678.778,,,0,0
40689,678.828,,,0,0
40692,678.878,,,0,0
40695,678.928,,,0,0
40698,678.978,,,0,0
40701,679.028,,,0,0
40704,679.078,,,0,0
40707,679.128,,,0,0
40710,679.178,,,0,0
40713,679.229,,,0,0
40716,679.279,,,0,0
40719,679.329,,,0,0
40722,679.379,,,0,0
40725,679.429,,,0,0
40728,679.479,,,0,0
40731,679.529,,,0,0
40734,679.579,,,0,0
40737,679.629,,,0,0
40740,679.679,,,0,0
40743,679.729,,,0,0
40746,679.779,,,0,0
40749,679.829,,,0,0
40752,679.879,,,0,0
40755,679.929,,,0,0
40758,679.979,,,0,0
40761,680.029,,,0,0
40764,680.079,,,0,0
40767,680.129,,,0,0
40770,680.179,,,0,0
40773,680.23,,,0,0
40776,680.28,,,0,0
40779,680.33,,,0,0
40782,680.38,,,0,0
40785,680.43,,,0,0
40788,680.48,,,0,0
40791,680.53,,,0,0
40794,680.58,,,0,0
40797,680.63,,,0,0
40800,680.68,,,0,0
40803,680.73,,,0,0
40806,680.78,,,0,0
40809,680.83,,,0,0
40812,680.88,,,0,0
40815,680.93,,,0,0
40818,680.98,,,0,0
40821,681.03,,,0,0
40824,681.08,,,0,0
40827,681.13,,,0,0
40830,681.181,,,0,0
40833,681.231,,,0,0
40836,681.281,,,0,0
40839,681.331,,,0,0
40842,681.381,,,0,0
40845,681.431,,,0,0
40848,681.481,,,0,0
40851,681.531,,,0,0
40854,681.581,,,0,0
40857,681.631,,,0,0
40860,681.681,,,0,0
40863,681.731,,,0,0
40866,681.781,,,0,0
40869,681.831,,,0,0
40872,681.881,,,0,0
40875,681.931,,,0,0
40878,681.981,,,0,0
40881,682.031,,,0,0
40884,682.081,,,0,0
40887,682.131,,,0,0
40890,682.182,,,0,0
40893,682.232,,,0,0
40896,682.282,,,0,0
40899,682.332,,,0,0
40902,682.382,,,0,0
40905,682.432,,,0,0
40908,682.482,,,0,0
40911,682.532,,,0,0
40914,682.582,,,0,0
40917,682.632,,,0,0
40920,682.682,,,0,0
40923,682.732,,,0,0
40926,682.782,,,0,0
40929,682.832,,,0,0
40932,682.882,,,0,0
40935,682.932,,,0,0
40938,682.982,,,0,0
40941,683.032,,,0,0
40944,683.082,,,0,0
40947,683.132,,,0,0
40950,683.183,,,0,0
40953,683.233,,,0,0
40956,683.283,,,0,0
40959,683.333,,,0,0
40962,683.383,,,0,0
40965,683.433,,,0,0
40968,683.483,,,0,0
40971,683.533,,,0,0
40974,683.583,,,0,0
40977,683.633,,,0,0
40980,683.683,,,0,0
40983,683.733,,,0,0
40986,683.783,,,0,0
40989,683.833,,,0,0
40992,683.883,,,0,0
40995,683.933,,,0,0
40998,683.983,,,0,0
41001,684.033,,,0,0
41004,684.083,,,0,0
41007,684.133,,,0,0
41010,684.183,,,0,0
41013,684.234,,,0,0
41016,684.284,,,0,0
41019,684.334,,,0,0
41022,684.384,,,0,0
41025,684.434,,,0,0
41028,684.484,,,0,0
41031,684.534,,,0,0
41034,684.584,,,0,0
41037,684.634,,,0,0
41040,684.684,,,0,0
41043,684.734,,,0,0
41046,684.784,,,0,0
41049,684.834,,,0,0
41052,684.884,,,0,0
41055,684.934,,,0,0
41058,684.984,,,0,0
41061,685.034,,,0,0
41064,685.084,,,0,0
41067,685.134,,,0,0
41070,685.184,,,0,0
41073,685.235,,,0,0
41076,685.285,,,0,0
41079,685.335,,,0,0
41082,685.385,,,0,0
41085,685.435,,,0,0
41088,685.485,,,0,0
41091,685.535,,,0,0
41094,685.585,,,0,0
41097,685.635,,,0,0
41100,685.685,,,0,0
41103,685.735,,,0,0
41106,685.785,,,0,0
41109,685.835,,,0,0
41112,685.885,,,0,0
41115,685.935,,,0,0
41118,685.985,,,0,0
41121,686.035,,,0,0
41124,686.085,,,0,0
41127,686.135,,,0,0
41130,686.186,,,0,0
41133,686.236,,,0,0
41136,686.286,,,0,0
41139,686.336,,,0,0
41142,686.386,,,0,0
41145,686.436,,,0,0
41148,686.486,,,0,0
41151,686.536,,,0,0
41154,686.586,,,0,0
41157,686.636,,,0,0
41160,686.686,,,0,0
41163,686.736,,,0,0
41166,686.786,,,0,0
41169,686.836,,,0,0
41172,686.886,,,0,0
41175,686.936,,,0,0
41178,686.986,,,0,0
41181,687.036,,,0,0
41184,687.086,,,0,0
41187,687.136,,,0,0
41190,687.187,,,0,0
41193,687.237,,,0,0
41196,687.287,,,0,0
41199,687.337,,,0,0
41202,687.387,,,0,0
41205,687.437,,,0,0
41208,687.487,,,0,0
41211,687.537,,,0,0
41214,687.587,,,0,0
41217,687.637,,,0,0
41220,687.687,,,0,0
41223,687.737,,,0,0
41226,687.787,,,0,0
41229,687.837,,,0,0
41232,687.887,,,0,0
41235,687.937,,,0,0
41238,687.987,,,0,0
41241,688.037,,,0,0
41244,688.087,,,0,0
41247,688.137,,,0,0
41250,688.188,,,0,0
41253,688.238,,,0,0
41256,688.288,,,0,0
41259,688.338,,,0,0
41262,688.388,,,0,0
41265,688.438,,,0,0
41268,688.488,,,0,0
41271,688.538,,,0,0
41274,688.588,,,0,0
41277,688.638,,,0,0
41280,688.688,,,0,0
41283,688.738,,,0,0
41286,688.788,,,0,0
41289,688.838,,,0,0
41292,688.888,,,0,0
41295,688.938,,,0,0
41298,688.988,,,0,0
41301,689.038,,,0,0
41304,689.088,,,0,0
41307,689.138,,,0,0
41310,689.188,,,0,0
41313,689.239,,,0,0
41316,689.289,,,0,0
41319,689.339,,,0,0
41322,689.389,,,0,0
41325,689.439,,,0,0
41328,689.489,,,0,0
41331,689.539,,,0,0
41334,689.589,,,0,0
41337,689.639,,,0,0
41340,689.689,,,0,0
41343,689.739,,,0,0
41346,689.789,,,0,0
41349,689.839,,,0,0
41352,689.889,,,0,0
41355,689.939,,,0,0
41358,689.989,,,0,0
41361,690.039,,,0,0
41364,690.089,,,0,0
41367,690.139,,,0,0
41370,690.19,,,0,0
41373,690.24,,,0,0
41376,690.29,,,0,0
41379,690.34,,,0,0
41382,690.39,,,0,0
41385,690.44,,,0,0
41388,690.49,,,0,0
41391,690.54,,,0,0
41394,690.59,,,0,0
41397,690.64,,,0,0
41400,690.69,,,0,0
41403,690.74,,,0,0
41406,690.79,,,0,0
41409,690.84,,,0,0
41412,690.89,,,0,0
41415,690.94,,,0,0
41418,690.99,,,0,0
41421,691.04,,,0,0
41424,691.09,,,0,0
41427,691.14,,,0,0
41430,691.191,,,0,0
41433,691.241,,,0,0
41436,691.291,,,0,0
41439,691.341,,,0,0
41442,691.391,,,0,0
41445,691.441,,,0,0
41448,691.491,,,0,0
41451,691.541,,,0,0
41454,691.591,,,0,0
41457,691.641,,,0,0
41460,691.691,,,0,0
41463,691.741,,,0,0
41466,691.791,,,0,0
41469,691.841,,,0,0
41472,691.891,,,0,0
41475,691.941,,,0,0
41478,691.991,,,0,0
41481,692.041,,,0,0
41484,692.091,,,0,0
41487,692.141,,,0,0
41490,692.192,,,0,0
41493,692.242,,,0,0
41496,692.292,,,0,0
41499,692.342,,,0,0
41502,692.392,,,0,0
41505,692.442,,,0,0
41508,692.492,,,0,0
41511,692.542,,,0,0
41514,692.592,,,0,0
41517,692.642,,,0,0
41520,692.692,,,0,0
41523,692.742,,,0,0
41526,692.792,,,0,0
41529,692.842,,,0,0
41532,692.892,,,0,0
41535,692.942,,,0,0
41538,692.992,,,0,0
41541,693.042,,,0,0
41544,693.092,,,0,0
41547,693.142,,,0,0
41550,693.192,,,0,0
41553,693.243,,,0,0
41556,693.293,,,0,0
41559,693.343,,,0,0
41562,693.393,,,0,0
41565,693.443,,,0,0
41568,693.493,,,0,0
41571,693.543,,,0,0
41574,693.593,,,0,0
41577,693.643,,,0,0
41580,693.693,,,0,0
41583,693.743,,,0,0
41586,693.793,,,0,0
41589,693.843,,,0,0
41592,693.893,,,0,0
41595,693.943,,,0,0
41598,693.993,,,0,0
41601,694.043,,,0,0
41604,694.093,,,0,0
41607,694.143,,,0,0
41610,694.193,,,0,0
41613,694.244,,,0,0
41616,694.294,,,0,0
41619,694.344,,,0,0
41622,694.394,,,0,0
41625,694.444,,,0,0
41628,694.494,,,0,0
41631,694.544,,,0,0
41634,694.594,,,0,0
41637,694.644,,,0,0
41640,694.694,,,0,0
41643,694.744,,,0,0
41646,694.794,,,0,0
41649,694.844,,,0,0
41652,694.894,,,0,0
41655,694.944,,,0,0
41658,694.994,,,0,0
41661,695.044,,,0,0
41664,695.094,,,0,0
41667,695.144,,,0,0
41670,695.195,,,0,0
41673,695.245,,,0,0
41676,695.295,,,0,0
41679,695.345,,,0,0
41682,695.395,,,0,0
41685,695.445,,,0,0
41688,695.495,,,0,0
41691,695.545,,,0,0
41694,695.595,,,0,0
41697,695.645,,,0,0
41700,695.695,,,0,0
41703,695.745,,,0,0
41706,695.795,,,0,0
41709,695.845,,,0,0
41712,695.895,,,0,0
41715,695.945,,,0,0
41718,695.995,,,0,0
41721,696.045,,,0,0
41724,696.095,,,0,0
41727,696.145,,,0,0
41730,696.196,,,0,0
41733,696.246,,,0,0
41736,696.296,,,0,0
41739,696.346,,,0,0
41742,696.396,,,0,0
41745,696.446,,,0,0
41748,696.496,,,0,0
41751,696.546,,,0,0
41754,696.596,,,0,0
41757,696.646,,,0,0
41760,696.696,,,0,0
41763,696.746,,,0,0
41766,696.796,,,0,0
41769,696.846,,,0,0
41772,696.896,,,0,0
41775,696.946,,,0,0
41778,696.996,,,0,0
41781,697.046,,,0,0
41784,697.096,,,0,0
41787,697.146,,,0,0
41790,697.197,,,0,0
41793,697.247,,,0,0
41796,697.297,,,0,0
41799,697.347,,,0,0
41802,697.397,,,0,0
41805,697.447,,,0,0
41808,697.497,,,0,0
41811,697.547,,,0,0
41814,697.597,,,0,0
41817,697.647,,,0,0
41820,697.697,,,0,0
41823,697.747,,,0,0
41826,697.797,,,0,0
41829,697.847,,,0,0
41832,697.897,,,0,0
41835,697.947,,,0,0
41838,697.997,,,0,0
41841,698.047,,,0,0
41844,698.097,,,0,0
41847,698.147,,,0,0
41850,698.197,,,0,0
41853,698.248,,,0,0
41856,698.298,,,0,0
41859,698.348,,,0,0
41862,698.398,,,0,0
41865,698.448,,,0,0
41868,698.498,,,0,0
41871,698.548,,,0,0
41874,698.598,,,0,0
41877,698.648,,,0,0
41880,698.698,,,0,0
41883,698.748,,,0,0
41886,698.798,,,0,0
41889,698.848,,,0,0
41892,698.898,,,0,0
41895,698.948,,,0,0
41898,698.998,,,0,0
41901,699.048,,,0,0
41904,699.098,,,0,0
41907,699.148,,,0,0
41910,699.198,,,0,0
41913,699.249,,,0,0
41916,699.299,,,0,0
41919,699.349,,,0,0
41922,699.399,,,0,0
41925,699.449,,,0,0
41928,699.499,,,0,0
41931,699.549,,,0,0
41934,699.599,,,0,0
41937,699.649,,,0,0
41940,699.699,,,0,0
41943,699.749,,,0,0
41946,699.799,,,0,0
41949,699.849,,,0,0
41952,699.899,,,0,0
41955,699.949,,,0,0
41958,699.999,,,0,0
41961,700.049,,,0,0
41964,700.099,,,0,0
41967,700.149,,,0,0
41970,700.2,,,0,0
41973,700.25,,,0,0
41976,700.3,,,0,0
41979,700.35,,,0,0
41982,700.4,,,0,0
41985,700.45,,,0,0
41988,700.5,,,0,0
41991,700.55,,,0,0
41994,700.6,,,0,0
41997,700.65,,,0,0
42000,700.7,,,0,0
42003,700.75,,,0,0
42006,700.8,,,0,0
42009,700.85,,,0,0
42012,700.9,,,0,0
42015,700.95,,,0,0
42018,701.0,,,0,0
42021,701.05,,,0,0
42024,701.1,,,0,0
42027,701.15,,,0,0
42030,701.201,,,0,0
42033,701.251,,,0,0
42036,701.301,,,0,0
42039,701.351,,,0,0
42042,701.401,,,0,0
42045,701.451,,,0,0
42048,701.501,,,0,0
42051,701.551,,,0,0
42054,701.601,,,0,0
42057,701.651,,,0,0
42060,701.701,,,0,0
42063,701.751,,,0,0
42066,701.801,,,0,0
42069,701.851,,,0,0
42072,701.901,,,0,0
42075,701.951,,,0,0
42078,702.001,,,0,0
42081,702.051,,,0,0
42084,702.101,,,0,0
42087,702.151,,,0,0
42090,702.202,,,0,0
42093,702.252,,,0,0
42096,702.302,,,0,0
42099,702.352,,,0,0
42102,702.402,,,0,0
42105,702.452,,,0,0
42108,702.502,,,0,0
42111,702.552,,,0,0
42114,702.602,,,0,0
42117,702.652,,,0,0
42120,702.702,,,0,0
42123,702.752,,,0,0
42126,702.802,,,0,0
42129,702.852,,,0,0
42132,702.902,,,0,0
42135,702.952,,,0,0
42138,703.002,,,0,0
42141,703.052,,,0,0
42144,703.102,,,0,0
42147,703.152,,,0,0
42150,703.202,,,0,0
42153,703.253,,,0,0
42156,703.303,,,0,0
42159,703.353,,,0,0
42162,703.403,,,0,0
42165,703.453,,,0,0
42168,703.503,,,0,0
42171,703.553,,,0,0
42174,703.603,,,0,0
42177,703.653,,,0,0
42180,703.703,,,0,0
42183,703.753,,,0,0
42186,703.803,,,0,0
42189,703.853,,,0,0
42192,703.903,,,0,0
42195,703.953,,,0,0
42198,704.003,,,0,0
42201,704.053,,,0,0
42204,704.103,,,0,0
42207,704.153,,,0,0
42210,704.203,,,0,0
42213,704.254,,,0,0
42216,704.304,,,0,0
42219,704.354,,,0,0
42222,704.404,,,0,0
42225,704.454,,,0,0
42228,704.504,,,0,0
42231,704.554,,,0,0
42234,704.604,,,0,0
42237,704.654,,,0,0
42240,704.704,,,0,0
42243,704.754,,,0,0
42246,704.804,,,0,0
42249,704.854,,,0,0
42252,704.904,,,0,0
42255,704.954,,,0,0
42258,705.004,,,0,0
42261,705.054,,,0,0
42264,705.104,,,0,0
42267,705.154,,,0,0
42270,705.205,,,0,0
42273,705.255,,,0,0
42276,705.305,,,0,0
42279,705.355,,,0,0
42282,705.405,,,0,0
42285,705.455,,,0,0
42288,705.505,,,0,0
42291,705.555,,,0,0
42294,705.605,,,0,0
42297,705.655,,,0,0
42300,705.705,,,0,0
42303,705.755,,,0,0
42306,705.805,,,0,0
42309,705.855,,,0,0
42312,705.905,,,0,0
42315,705.955,,,0,0
42318,706.005,,,0,0
42321,706.055,,,0,0
42324,706.105,,,0,0
42327,706.155,,,0,0
42330,706.206,,,0,0
42333,706.256,,,0,0
42336,706.306,,,0,0
42339,706.356,,,0,0
42342,706.406,,,0,0
42345,706.456,,,0,0
42348,706.506,,,0,0
42351,706.556,,,0,0
42354,706.606,,,0,0
42357,706.656,,,0,0
42360,706.706,,,0,0
42363,706.756,,,0,0
42366,706.806,,,0,0
42369,706.856,,,0,0
42372,706.906,,,0,0
42375,706.956,,,0,0
42378,707.006,,,0,0
42381,707.056,,,0,0
42384,707.106,,,0,0
42387,707.156,,,0,0
42390,707.207,,,0,0
42393,707.257,,,0,0
42396,707.307,,,0,0
42399,707.357,,,0,0
42402,707.407,,,0,0
42405,707.457,,,0,0
42408,707.507,,,0,0
42411,707.557,,,0,0
42414,707.607,,,0,0
42417,707.657,,,0,0
42420,707.707,,,0,0
42423,707.757,,,0,0
42426,707.807,,,0,0
42429,707.857,,,0,0
42432,707.907,,,0,0
42435,707.957,,,0,0
42438,708.007,,,0,0
42441,708.057,,,0,0
42444,708.107,,,0,0
42447,708.157,,,0,0
42450,708.207,,,0,0
42453,708.258,,,0,0
42456,708.308,,,0,0
42459,708.358,,,0,0
42462,708.408,,,0,0
42465,708.458,,,0,0
42468,708.508,,,0,0
42471,708.558,,,0,0
42474,708.608,,,0,0
42477,708.658,,,0,0
42480,708.708,,,0,0
42483,708.758,,,0,0
42486,708.808,,,0,0
42489,708.858,,,0,0
42492,708.908,,,0,0
42495,708.958,,,0,0
42498,709.008,,,0,0
42501,709.058,,,0,0
42504,709.108,,,0,0
42507,709.158,,,0,0
42510,709.208,,,0,0
42513,709.259,,,0,0
42516,709.309,,,0,0
42519,709.359,,,0,0
42522,709.409,,,0,0
42525,709.459,,,0,0
42528,709.509,,,0,0
42531,709.559,,,0,0
42534,709.609,,,0,0
42537,709.659,,,0,0
42540,709.709,,,0,0
42543,709.759,,,0,0
42546,709.809,,,0,0
42549,709.859,,,0,0
42552,709.909,,,0,0
42555,709.959,,,0,0
42558,710.009,,,0,0
42561,710.059,,,0,0
42564,710.109,,,0,0
42567,710.159,,,0,0
42570,710.21,,,0,0
42573,710.26,,,0,0
42576,710.31,,,0,0
42579,710.36,,,0,0
42582,710.41,,,0,0
42585,710.46,,,0,0
42588,710.51,,,0,0
42591,710.56,,,0,0
42594,710.61,,,0,0
42597,710.66,,,0,0
42600,710.71,,,0,0
42603,710.76,,,0,0
42606,710.81,,,0,0
42609,710.86,,,0,0
42612,710.91,,,0,0
42615,710.96,,,0,0
42618,711.01,,,0,0
42621,711.06,,,0,0
42624,711.11,,,0,0
42627,711.16,,,0,0
42630,711.211,,,0,0
42633,711.261,,,0,0
42636,711.311,,,0,0
42639,711.361,,,0,0
42642,711.411,,,0,0
42645,711.461,,,0,0
42648,711.511,,,0,0
42651,711.561,,,0,0
42654,711.611,,,0,0
42657,711.661,,,0,0
42660,711.711,,,0,0
42663,711.761,,,0,0
42666,711.811,,,0,0
42669,711.861,,,0,0
42672,711.911,,,0,0
42675,711.961,,,0,0
42678,712.011,,,0,0
42681,712.061,,,0,0
42684,712.111,,,0,0
42687,712.161,,,0,0
42690,712.212,,,0,0
42693,712.262,,,0,0
42696,712.312,,,0,0
42699,712.362,,,0,0
42702,712.412,,,0,0
42705,712.462,,,0,0
42708,712.512,,,0,0
42711,712.562,,,0,0
42714,712.612,,,0,0
42717,712.662,,,0,0
42720,712.712,,,0,0
42723,712.762,,,0,0
42726,712.812,,,0,0
42729,712.862,,,0,0
42732,712.912,,,0,0
42735,712.962,,,0,0
42738,713.012,,,0,0
42741,713.062,,,0,0
42744,713.112,,,0,0
42747,713.162,,,0,0
42750,713.212,,,0,0
42753,713.263,,,0,0
42756,713.313,,,0,0
42759,713.363,,,0,0
42762,713.413,,,0,0
42765,713.463,,,0,0
42768,713.513,,,0,0
42771,713.563,,,0,0
42774,713.613,,,0,0
42777,713.663,,,0,0
42780,713.713,,,0,0
42783,713.763,,,0,0
42786,713.813,,,0,0
42789,713.863,,,0,0
42792,713.913,,,0,0
42795,713.963,,,0,0
42798,714.013,,,0,0
42801,714.063,,,0,0
42804,714.113,,,0,0
42807,714.163,,,0,0
42810,714.214,,,0,0
42813,714.264,,,0,0
42816,714.314,,,0,0
42819,714.364,,,0,0
42822,714.414,,,0,0
42825,714.464,,,0,0
42828,714.514,,,0,0
42831,714.564,,,0,0
42834,714.614,,,0,0
42837,714.664,,,0,0
42840,714.714,,,0,0
42843,714.764,,,0,0
42846,714.814,,,0,0
42849,714.864,,,0,0
42852,714.914,,,0,0
42855,714.964,,,0,0
42858,715.014,,,0,0
42861,715.064,,,0,0
42864,715.114,,,0,0
42867,715.164,,,0,0
42870,715.215,,,0,0
42873,715.265,,,0,0
42876,715.315,,,0,0
42879,715.365,,,0,0
42882,715.415,,,0,0
42885,715.465,,,0,0
42888,715.515,,,0,0
42891,715.565,,,0,0
42894,715.615,,,0,0
42897,715.665,,,0,0
42900,715.715,,,0,0
42903,715.765,,,0,0
42906,715.815,,,0,0
42909,715.865,,,0,0
42912,715.915,,,0,0
42915,715.965,,,0,0
42918,716.015,,,0,0
42921,716.065,,,0,0
42924,716.115,,,0,0
42927,716.165,,,0,0
42930,716.216,,,0,0
42933,716.266,,,0,0
42936,716.316,,,0,0
42939,716.366,,,0,0
42942,716.416,,,0,0
42945,716.466,,,0,0
42948,716.516,,,0,0
42951,716.566,,,0,0
42954,716.616,,,0,0
42957,716.666,,,0,0
42960,716.716,,,0,0
42963,716.766,,,0,0
42966,716.816,,,0,0
42969,716.866,,,0,0
42972,716.916,,,0,0
42975,716.966,,,0,0
42978,717.016,,,0,0
42981,717.066,,,0,0
42984,717.116,,,0,0
42987,717.166,,,0,0
42990,717.216,,,0,0
42993,717.267,,,0,0
42996,717.317,,,0,0
42999,717.367,,,0,0
43002,717.417,,,0,0
43005,717.467,,,0,0
43008,717.517,,,0,0
43011,717.567,,,0,0
43014,717.617,,,0,0
43017,717.667,,,0,0
43020,717.717,,,0,0
43023,717.767,,,0,0
43026,717.817,,,0,0
43029,717.867,,,0,0
43032,717.917,,,0,0
43035,717.967,,,0,0
43038,718.017,,,0,0
43041,718.067,,,0,0
43044,718.117,,,0,0
43047,718.167,,,0,0
43050,718.217,,,0,0
43053,718.268,,,0,0
43056,718.318,,,0,0
43059,718.368,,,0,0
43062,718.418,,,0,0
43065,718.468,,,0,0
43068,718.518,,,0,0
43071,718.568,,,0,0
43074,718.618,,,0,0
43077,718.668,,,0,0
43080,718.718,,,0,0
43083,718.768,,,0,0
43086,718.818,,,0,0
43089,718.868,,,0,0
43092,718.918,,,0,0
43095,718.968,,,0,0
43098,719.018,,,0,0
43101,719.068,,,0,0
43104,719.118,,,0,0
43107,719.168,,,0,0
43110,719.219,,,0,0
43113,719.269,,,0,0
43116,719.319,,,0,0
43119,719.369,,,0,0
43122,719.419,,,0,0
43125,719.469,,,0,0
43128,719.519,,,0,0
43131,719.569,,,0,0
43134,719.619,,,0,0
43137,719.669,,,0,0
43140,719.719,,,0,0
43143,719.769,,,0,0
43146,719.819,,,0,0
43149,719.869,,,0,0
43152,719.919,,,0,0
43155,719.969,,,0,0
43158,720.019,,,0,0
43161,720.069,,,0,0
43164,720.119,,,0,0
43167,720.169,,,0,0
43170,720.22,,,0,0
43173,720.27,,,0,0
43176,720.32,,,0,0
43179,720.37,,,0,0
43182,720.42,,,0,0
43185,720.47,,,0,0
43188,720.52,,,0,0
43191,720.57,,,0,0
43194,720.62,,,0,0
43197,720.67,,,0,0
43200,720.72,,,0,0
43203,720.77,,,0,0
43206,720.82,,,0,0
43209,720.87,,,0,0
43212,720.92,,,0,0
43215,720.97,,,0,0
43218,721.02,,,0,0
43221,721.07,,,0,0
43224,721.12,,,0,0
43227,721.17,,,0,0
43230,721.221,,,0,0
43233,721.271,,,0,0
43236,721.321,,,0,0
43239,721.371,,,0,0
43242,721.421,,,0,0
43245,721.471,,,0,0
43248,721.521,,,0,0
43251,721.571,,,0,0
43254,721.621,,,0,0
43257,721.671,,,0,0
43260,721.721,,,0,0
43263,721.771,,,0,0
43266,721.821,,,0,0
43269,721.871,,,0,0
43272,721.921,,,0,0
43275,721.971,,,0,0
43278,722.021,,,0,0
43281,722.071,,,0,0
43284,722.121,,,0,0
43287,722.171,,,0,0
43290,722.221,,,0,0
43293,722.272,,,0,0
43296,722.322,,,0,0
43299,722.372,,,0,0
43302,722.422,,,0,0
43305,722.472,,,0,0
43308,722.522,,,0,0
43311,722.572,,,0,0
43314,722.622,,,0,0
43317,722.672,,,0,0
43320,722.722,,,0,0
43323,722.772,,,0,0
43326,722.822,,,0,0
43329,722.872,,,0,0
43332,722.922,,,0,0
43335,722.972,,,0,0
43338,723.022,,,0,0
43341,723.072,,,0,0
43344,723.122,,,0,0
43347,723.172,,,0,0
43350,723.222,,,0,0
43353,723.273,,,0,0
43356,723.323,,,0,0
43359,723.373,,,0,0
43362,723.423,,,0,0
43365,723.473,,,0,0
43368,723.523,,,0,0
43371,723.573,,,0,0
43374,723.623,,,0,0
43377,723.673,,,0,0
43380,723.723,,,0,0
43383,723.773,,,0,0
43386,723.823,,,0,0
43389,723.873,,,0,0
43392,723.923,,,0,0
43395,723.973,,,0,0
43398,724.023,,,0,0
43401,724.073,,,0,0
43404,724.123,,,0,0
43407,724.173,,,0,0
43410,724.224,,,0,0
43413,724.274,,,0,0
43416,724.324,,,0,0
43419,724.374,,,0,0
43422,724.424,,,0,0
43425,724.474,,,0,0
43428,724.524,,,0,0
43431,724.574,,,0,0
43434,724.624,,,0,0
43437,724.674,,,0,0
43440,724.724,,,0,0
43443,724.774,,,0,0
43446,724.824,,,0,0
43449,724.874,,,0,0
43452,724.924,,,0,0
43455,724.974,,,0,0
43458,725.024,,,0,0
43461,725.074,,,0,0
43464,725.124,,,0,0
43467,725.174,,,0,0
43470,725.225,,,0,0
43473,725.275,,,0,0
43476,725.325,,,0,0
43479,725.375,,,0,0
43482,725.425,,,0,0
43485,725.475,,,0,0
43488,725.525,,,0,0
43491,725.575,,,0,0
43494,725.625,,,0,0
43497,725.675,,,0,0
43500,725.725,,,0,0
43503,725.775,,,0,0
43506,725.825,,,0,0
43509,725.875,,,0,0
43512,725.925,,,0,0
43515,725.975,,,0,0
43518,726.025,,,0,0
43521,726.075,,,0,0
43524,726.125,,,0,0
43527,726.175,,,0,0
43530,726.226,,,0,0
43533,726.276,,,0,0
43536,726.326,,,0,0
43539,726.376,,,0,0
43542,726.426,,,0,0
43545,726.476,,,0,0
43548,726.526,,,0,0
43551,726.576,,,0,0
43554,726.626,,,0,0
43557,726.676,,,0,0
43560,726.726,,,0,0
43563,726.776,,,0,0
43566,726.826,,,0,0
43569,726.876,,,0,0
43572,726.926,,,0,0
43575,726.976,,,0,0
43578,727.026,,,0,0
43581,727.076,,,0,0
43584,727.126,,,0,0
43587,727.176,,,0,0
43590,727.226,,,0,0
43593,727.277,,,0,0
43596,727.327,,,0,0
43599,727.377,,,0,0
43602,727.427,,,0,0
43605,727.477,,,0,0
43608,727.527,,,0,0
43611,727.577,,,0,0
43614,727.627,,,0,0
43617,727.677,,,0,0
43620,727.727,,,0,0
43623,727.777,,,0,0
43626,727.827,,,0,0
43629,727.877,,,0,0
43632,727.927,,,0,0
43635,727.977,,,0,0
43638,728.027,,,0,0
43641,728.077,,,0,0
43644,728.127,,,0,0
43647,728.177,,,0,0
43650,728.227,,,0,0
43653,728.278,,,0,0
43656,728.328,,,0,0
43659,728.378,,,0,0
43662,728.428,,,0,0
43665,728.478,,,0,0
43668,728.528,,,0,0
43671,728.578,,,0,0
43674,728.628,,,0,0
43677,728.678,,,0,0
43680,728.728,,,0,0
43683,728.778,,,0,0
43686,728.828,,,0,0
43689,728.878,,,0,0
43692,728.928,,,0,0
43695,728.978,,,0,0
43698,729.028,,,0,0
43701,729.078,,,0,0
43704,729.128,,,0,0
43707,729.178,,,0,0
43710,729.229,,,0,0
43713,729.279,,,0,0
43716,729.329,,,0,0
43719,729.379,,,0,0
43722,729.429,,,0,0
43725,729.479,,,0,0
43728,729.529,,,0,0
43731,729.579,,,0,0
43734,729.629,,,0,0
43737,729.679,,,0,0
43740,729.729,,,0,0
43743,729.779,,,0,0
43746,729.829,,,0,0
43749,729.879,,,0,0
43752,729.929,,,0,0
43755,729.979,,,0,0
43758,730.029,,,0,0
43761,730.079,,,0,0
43764,730.129,,,0,0
43767,730.179,,,0,0
43770,730.23,,,0,0
43773,730.28,,,0,0
43776,730.33,,,0,0
43779,730.38,,,0,0
43782,730.43,,,0,0
43785,730.48,,,0,0
43788,730.53,,,0,0
43791,730.58,,,0,0
43794,730.63,,,0,0
43797,730.68,,,0,0
43800,730.73,,,0,0
43803,730.78,,,0,0
43806,730.83,,,0,0
43809,730.88,,,0,0
43812,730.93,,,0,0
43815,730.98,,,0,0
43818,731.03,,,0,0
43821,731.08,,,0,0
43824,731.13,,,0,0
43827,731.18,,,0,0
43830,731.231,,,0,0
43833,731.281,,,0,0
43836,731.331,,,0,0
43839,731.381,,,0,0
43842,731.431,,,0,0
43845,731.481,,,0,0
43848,731.531,,,0,0
43851,731.581,,,0,0
43854,731.631,,,0,0
43857,731.681,,,0,0
43860,731.731,,,0,0
43863,731.781,,,0,0
43866,731.831,,,0,0
43869,731.881,,,0,0
43872,731.931,,,0,0
43875,731.981,,,0,0
43878,732.031,,,0,0
43881,732.081,,,0,0
43884,732.131,,,0,0
43887,732.181,,,0,0
43890,732.231,,,0,0
43893,732.282,,,0,0
43896,732.332,,,0,0
43899,732.382,,,0,0
43902,732.432,,,0,0
43905,732.482,,,0,0
43908,732.532,,,0,0
43911,732.582,,,0,0
43914,732.632,,,0,0
43917,732.682,,,0,0
43920,732.732,,,0,0
43923,732.782,,,0,0
43926,732.832,,,0,0
43929,732.882,,,0,0
43932,732.932,,,0,0
43935,732.982,,,0,0
43938,733.032,,,0,0
43941,733.082,,,0,0
43944,733.132,,,0,0
43947,733.182,,,0,0
43950,733.232,,,0,0
43953,733.283,,,0,0
43956,733.333,,,0,0
43959,733.383,,,0,0
43962,733.433,,,0,0
43965,733.483,,,0,0
43968,733.533,,,0,0
43971,733.583,,,0,0
43974,733.633,,,0,0
43977,733.683,,,0,0
43980,733.733,,,0,0
43983,733.783,,,0,0
43986,733.833,,,0,0
43989,733.883,,,0,0
43992,733.933,,,0,0
43995,733.983,,,0,0
43998,734.033,,,0,0
44001,734.083,,,0,0
44004,734.133,,,0,0
44007,734.183,,,0,0
44010,734.234,,,0,0
44013,734.284,,,0,0
44016,734.334,,,0,0
44019,734.384,,,0,0
44022,734.434,,,0,0
44025,734.484,,,0,0
44028,734.534,,,0,0
44031,734.584,,,0,0
44034,734.634,,,0,0
44037,734.684,,,0,0
44040,734.734,,,0,0
44043,734.784,,,0,0
44046,734.834,,,0,0
44049,734.884,,,0,0
44052,734.934,,,0,0
44055,734.984,,,0,0
44058,735.034,,,0,0
44061,735.084,,,0,0
44064,735.134,,,0,0
44067,735.184,,,0,0
44070,735.235,,,0,0
44073,735.285,,,0,0
44076,735.335,,,0,0
44079,735.385,,,0,0
44082,735.435,,,0,0
44085,735.485,,,0,0
44088,735.535,,,0,0
44091,735.585,,,0,0
44094,735.635,,,0,0
44097,735.685,,,0,0
44100,735.735,,,0,0
44103,735.785,,,0,0
44106,735.835,,,0,0
44109,735.885,,,0,0
44112,735.935,,,0,0
44115,735.985,,,0,0
44118,736.035,,,0,0
44121,736.085,,,0,0
44124,736.135,,,0,0
44127,736.185,,,0,0
44130,736.236,,,0,0
44133,736.286,,,0,0
44136,736.336,,,0,0
44139,736.386,,,0,0
44142,736.436,,,0,0
44145,736.486,,,0,0
44148,736.536,,,0,0
44151,736.586,,,0,0
44154,736.636,,,0,0
44157,736.686,,,0,0
44160,736.736,,,0,0
44163,736.786,,,0,0
44166,736.836,,,0,0
44169,736.886,,,0,0
44172,736.936,,,0,0
44175,736.986,,,0,0
44178,737.036,,,0,0
44181,737.086,,,0,0
44184,737.136,,,0,0
44187,737.186,,,0,0
44190,737.236,,,0,0
44193,737.287,,,0,0
44196,737.337,,,0,0
44199,737.387,,,0,0
44202,737.437,,,0,0
44205,737.487,,,0,0
44208,737.537,,,0,0
44211,737.587,,,0,0
44214,737.637,,,0,0
44217,737.687,,,0,0
44220,737.737,,,0,0
44223,737.787,,,0,0
44226,737.837,,,0,0
44229,737.887,,,0,0
44232,737.937,,,0,0
44235,737.987,,,0,0
44238,738.037,,,0,0
44241,738.087,,,0,0
44244,738.137,,,0,0
44247,738.187,,,0,0
44250,738.238,,,0,0
44253,738.288,,,0,0
44256,738.338,,,0,0
44259,738.388,,,0,0
44262,738.438,,,0,0
44265,738.488,,,0,0
44268,738.538,,,0,0
44271,738.588,,,0,0
44274,738.638,,,0,0
44277,738.688,,,0,0
44280,738.738,,,0,0
44283,738.788,,,0,0
44286,738.838,,,0,0
44289,738.888,,,0,0
44292,738.938,,,0,0
44295,738.988,,,0,0
44298,739.038,,,0,0
44301,739.088,,,0,0
44304,739.138,,,0,0
44307,739.188,,,0,0
44310,739.239,,,0,0
44313,739.289,,,0,0
44316,739.339,,,0,0
44319,739.389,,,0,0
44322,739.439,,,0,0
44325,739.489,,,0,0
44328,739.539,,,0,0
44331,739.589,,,0,0
44334,739.639,,,0,0
44337,739.689,,,0,0
44340,739.739,,,0,0
44343,739.789,,,0,0
44346,739.839,,,0,0
44349,739.889,,,0,0
44352,739.939,,,0,0
44355,739.989,,,0,0
44358,740.039,,,0,0
44361,740.089,,,0,0
44364,740.139,,,0,0
44367,740.189,,,0,0
44370,740.24,,,0,0
44373,740.29,,,0,0
44376,740.34,,,0,0
44379,740.39,,,0,0
44382,740.44,,,0,0
44385,740.49,,,0,0
44388,740.54,,,0,0
44391,740.59,,,0,0
44394,740.64,,,0,0
44397,740.69,,,0,0
44400,740.74,,,0,0
44403,740.79,,,0,0
44406,740.84,,,0,0
44409,740.89,,,0,0
44412,740.94,,,0,0
44415,740.99,,,0,0
44418,741.04,,,0,0
44421,741.09,,,0,0
44424,741.14,,,0,0
44427,741.19,,,0,0
44430,741.24,,,0,0
44433,741.291,,,0,0
44436,741.341,,,0,0
44439,741.391,,,0,0
44442,741.441,,,0,0
44445,741.491,,,0,0
44448,741.541,,,0,0
44451,741.591,,,0,0
44454,741.641,,,0,0
44457,741.691,,,0,0
44460,741.741,,,0,0
44463,741.791,,,0,0
44466,741.841,,,0,0
44469,741.891,,,0,0
44472,741.941,,,0,0
44475,741.991,,,0,0
44478,742.041,,,0,0
44481,742.091,,,0,0
44484,742.141,,,0,0
44487,742.191,,,0,0
44490,742.241,,,0,0
44493,742.292,,,0,0
44496,742.342,,,0,0
44499,742.392,,,0,0
44502,742.442,,,0,0
44505,742.492,,,0,0
44508,742.542,,,0,0
44511,742.592,,,0,0
44514,742.642,,,0,0
44517,742.692,,,0,0
44520,742.742,,,0,0
44523,742.792,,,0,0
44526,742.842,,,0,0
44529,742.892,,,0,0
44532,742.942,,,0,0
44535,742.992,,,0,0
44538,743.042,,,0,0
44541,743.092,,,0,0
44544,743.142,,,0,0
44547,743.192,,,0,0
44550,743.243,,,0,0
44553,743.293,,,0,0
44556,743.343,,,0,0
44559,743.393,,,0,0
44562,743.443,,,0,0
44565,743.493,,,0,0
44568,743.543,,,0,0
44571,743.593,,,0,0
44574,743.643,,,0,0
44577,743.693,,,0,0
44580,743.743,,,0,0
44583,743.793,,,0,0
44586,743.843,,,0,0
44589,743.893,,,0,0
44592,743.943,,,0,0
44595,743.993,,,0,0
44598,744.043,,,0,0
44601,744.093,,,0,0
44604,744.143,,,0,0
44607,744.193,,,0,0
44610,744.244,,,0,0
44613,744.294,,,0,0
44616,744.344,,,0,0
44619,744.394,,,0,0
44622,744.444,,,0,0
44625,744.494,,,0,0
44628,744.544,,,0,0
44631,744.594,,,0,0
44634,744.644,,,0,0
44637,744.694,,,0,0
44640,744.744,,,0,0
44643,744.794,,,0,0
44646,744.844,,,0,0
44649,744.894,,,0,0
44652,744.944,,,0,0
44655,744.994,,,0,0
44658,745.044,,,0,0
44661,745.094,,,0,0
44664,745.144,,,0,0
44667,745.194,,,0,0
44670,745.245,,,0,0
44673,745.295,,,0,0
44676,745.345,,,0,0
44679,745.395,,,0,0
44682,745.445,,,0,0
44685,745.495,,,0,0
44688,745.545,,,0,0
44691,745.595,,,0,0
44694,745.645,,,0,0
44697,745.695,,,0,0
44700,745.745,,,0,0
44703,745.795,,,0,0
44706,745.845,,,0,0
44709,745.895,,,0,0
44712,745.945,,,0,0
44715,745.995,,,0,0
44718,746.045,,,0,0
44721,746.095,,,0,0
44724,746.145,,,0,0
44727,746.195,,,0,0
44730,746.245,,,0,0
44733,746.296,,,0,0
44736,746.346,,,0,0
44739,746.396,,,0,0
44742,746.446,,,0,0
44745,746.496,,,0,0
44748,746.546,,,0,0
44751,746.596,,,0,0
44754,746.646,,,0,0
44757,746.696,,,0,0
44760,746.746,,,0,0
44763,746.796,,,0,0
44766,746.846,,,0,0
44769,746.896,,,0,0
44772,746.946,,,0,0
44775,746.996,,,0,0
44778,747.046,,,0,0
44781,747.096,,,0,0
44784,747.146,,,0,0
44787,747.196,,,0,0
44790,747.246,,,0,0
44793,747.297,,,0,0
44796,747.347,,,0,0
44799,747.397,,,0,0
44802,747.447,,,0,0
44805,747.497,,,0,0
44808,747.547,,,0,0
44811,747.597,,,0,0
44814,747.647,,,0,0
44817,747.697,,,0,0
44820,747.747,,,0,0
44823,747.797,,,0,0
44826,747.847,,,0,0
44829,747.897,,,0,0
44832,747.947,,,0,0
44835,747.997,,,0,0
44838,748.047,,,0,0
44841,748.097,,,0,0
44844,748.147,,,0,0
44847,748.197,,,0,0
44850,748.248,,,0,0
44853,748.298,,,0,0
44856,748.348,,,0,0
44859,748.398,,,0,0
44862,748.448,,,0,0
44865,748.498,,,0,0
44868,748.548,,,0,0
44871,748.598,,,0,0
44874,748.648,,,0,0
44877,748.698,,,0,0
44880,748.748,,,0,0
44883,748.798,,,0,0
44886,748.848,,,0,0
44889,748.898,,,0,0
44892,748.948,,,0,0
44895,748.998,,,0,0
44898,749.048,,,0,0
44901,749.098,,,0,0
44904,749.148,,,0,0
44907,749.198,,,0,0
44910,749.249,,,0,0
44913,749.299,,,0,0
44916,749.349,,,0,0
44919,749.399,,,0,0
44922,749.449,,,0,0
44925,749.499,,,0,0
44928,749.549,,,0,0
44931,749.599,,,0,0
44934,749.649,,,0,0
44937,749.699,,,0,0
44940,749.749,,,0,0
44943,749.799,,,0,0
44946,749.849,,,0,0
44949,749.899,,,0,0
44952,749.949,,,0,0
44955,749.999,,,0,0
44958,750.049,,,0,0
44961,750.099,,,0,0
44964,750.149,,,0,0
44967,750.199,,,0,0
44970,750.25,,,0,0
44973,750.3,,,0,0
44976,750.35,,,0,0
44979,750.4,,,0,0
44982,750.45,,,0,0
44985,750.5,,,0,0
44988,750.55,,,0,0
44991,750.6,,,0,0
44994,750.65,,,0,0
44997,750.7,,,0,0
45000,750.75,,,0,0
45003,750.8,,,0,0
45006,750.85,,,0,0
45009,750.9,,,0,0
45012,750.95,,,0,0
45015,751.0,,,0,0
45018,751.05,,,0,0
45021,751.1,,,0,0
45024,751.15,,,0,0
45027,751.2,,,0,0
45030,751.25,,,0,0
45033,751.301,,,0,0
45036,751.351,,,0,0
45039,751.401,,,0,0
45042,751.451,,,0,0
45045,751.501,,,0,0
45048,751.551,,,0,0
45051,751.601,,,0,0
45054,751.651,,,0,0
45057,751.701,,,0,0
45060,751.751,,,0,0
45063,751.801,,,0,0
45066,751.851,,,0,0
45069,751.901,,,0,0
45072,751.951,,,0,0
45075,752.001,,,0,0
45078,752.051,,,0,0
45081,752.101,,,0,0
45084,752.151,,,0,0
45087,752.201,,,0,0
45090,752.251,,,0,0
45093,752.302,,,0,0
45096,752.352,,,0,0
45099,752.402,,,0,0
45102,752.452,,,0,0
45105,752.502,,,0,0
45108,752.552,,,0,0
45111,752.602,,,0,0
45114,752.652,,,0,0
45117,752.702,,,0,0
45120,752.752,,,0,0
45123,752.802,,,0,0
45126,752.852,,,0,0
45129,752.902,,,0,0
45132,752.952,,,0,0
45135,753.002,,,0,0
45138,753.052,,,0,0
45141,753.102,,,0,0
45144,753.152,,,0,0
45147,753.202,,,0,0
45150,753.253,,,0,0
45153,753.303,,,0,0
45156,753.353,,,0,0
45159,753.403,,,0,0
45162,753.453,,,0,0
45165,753.503,,,0,0
45168,753.553,,,0,0
45171,753.603,,,0,0
45174,753.653,,,0,0
45177,753.703,,,0,0
45180,753.753,,,0,0
45183,753.803,,,0,0
45186,753.853,,,0,0
45189,753.903,,,0,0
45192,753.953,,,0,0
45195,754.003,,,0,0
45198,754.053,,,0,0
45201,754.103,,,0,0
45204,754.153,,,0,0
45207,754.203,,,0,0
45210,754.254,,,0,0
45213,754.304,,,0,0
45216,754.354,,,0,0
45219,754.404,,,0,0
45222,754.454,,,0,0
45225,754.504,,,0,0
45228,754.554,,,0,0
45231,754.604,,,0,0
45234,754.654,,,0,0
45237,754.704,,,0,0
45240,754.754,,,0,0
45243,754.804,,,0,0
45246,754.854,,,0,0
45249,754.904,,,0,0
45252,754.954,,,0,0
45255,755.004,,,0,0
45258,755.054,,,0,0
45261,755.104,,,0,0
45264,755.154,,,0,0
45267,755.204,,,0,0
45270,755.255,,,0,0
45273,755.305,,,0,0
45276,755.355,,,0,0
45279,755.405,,,0,0
45282,755.455,,,0,0
45285,755.505,,,0,0
45288,755.555,,,0,0
45291,755.605,,,0,0
45294,755.655,,,0,0
45297,755.705,,,0,0
45300,755.755,,,0,0
45303,755.805,,,0,0
45306,755.855,,,0,0
45309,755.905,,,0,0
45312,755.955,,,0,0
45315,756.005,,,0,0
45318,756.055,,,0,0
45321,756.105,,,0,0
45324,756.155,,,0,0
45327,756.205,,,0,0
45330,756.255,,,0,0
45333,756.306,,,0,0
45336,756.356,,,0,0
45339,756.406,,,0,0
45342,756.456,,,0,0
45345,756.506,,,0,0
45348,756.556,,,0,0
45351,756.606,,,0,0
45354,756.656,,,0,0
45357,756.706,,,0,0
45360,756.756,,,0,0
45363,756.806,,,0,0
45366,756.856,,,0,0
45369,756.906,,,0,0
45372,756.956,,,0,0
45375,757.006,,,0,0
45378,757.056,,,0,0
45381,757.106,,,0,0
45384,757.156,,,0,0
45387,757.206,,,0,0
45390,757.256,,,0,0
45393,757.307,,,0,0
45396,757.357,,,0,0
45399,757.407,,,0,0
45402,757.457,,,0,0
45405,757.507,,,0,0
45408,757.557,,,0,0
45411,757.607,,,0,0
45414,757.657,,,0,0
45417,757.707,,,0,0
45420,757.757,,,0,0
45423,757.807,,,0,0
45426,757.857,,,0,0
45429,757.907,,,0,0
45432,757.957,,,0,0
45435,758.007,,,0,0
45438,758.057,,,0,0
45441,758.107,,,0,0
45444,758.157,,,0,0
45447,758.207,,,0,0
45540,759.759,,,0,0
45543,759.809,,,0,0
45546,759.859,,,0,0
45549,759.909,,,0,0
45552,759.959,,,0,0
45555,760.009,,,0,0
45558,760.059,,,0,0
45561,760.109,,,0,0
45564,760.159,,,0,0
45567,760.209,,,0,0
45570,760.26,,,0,0
45573,760.31,,,0,0
45576,760.36,,,0,0
45579,760.41,,,0,0
45582,760.46,,,0,0
45585,760.51,,,0,0
45588,760.56,,,0,0
45591,760.61,,,0,0
45594,760.66,,,0,0
45597,760.71,,,0,0
45600,760.76,,,0,0
45603,760.81,,,0,0
45606,760.86,,,0,0
45609,760.91,,,0,0
45612,760.96,,,0,0
45615,761.01,,,0,0
45618,761.06,,,0,0
45621,761.11,,,0,0
45624,761.16,,,0,0
45627,761.21,,,0,0
45630,761.26,,,0,0
45633,761.311,,,0,0
45636,761.361,,,0,0
45639,761.411,,,0,0
45642,761.461,,,0,0
45645,761.511,,,0,0
45648,761.561,,,0,0
45651,761.611,,,0,0
45654,761.661,,,0,0
45657,761.711,,,0,0
45660,761.761,,,0,0
45663,761.811,,,0,0
45666,761.861,,,0,0
45669,761.911,,,0,0
45672,761.961,,,0,0
45675,762.011,,,0,0
45678,762.061,,,0,0
45681,762.111,,,0,0
45684,762.161,,,0,0
45687,762.211,,,0,0
45690,762.262,,,0,0
45693,762.312,,,0,0
45696,762.362,,,0,0
45699,762.412,,,0,0
45702,762.462,,,0,0
45705,762.512,,,0,0
45708,762.562,,,0,0
45711,762.612,,,0,0
45714,762.662,,,0,0
45717,762.712,,,0,0
45720,762.762,,,0,0
45723,762.812,,,0,0
45726,762.862,,,0,0
45729,762.912,,,0,0
45732,762.962,,,0,0
45735,763.012,,,0,0
45738,763.062,,,0,0
45741,763.112,,,0,0
45744,763.162,,,0,0
45747,763.212,,,0,0
45750,763.263,,,0,0
45753,763.313,,,0,0
45756,763.363,,,0,0
45759,763.413,,,0,0
45762,763.463,,,0,0
45765,763.513,,,0,0
45768,763.563,,,0,0
45771,763.613,,,0,0
45774,763.663,,,0,0
45777,763.713,,,0,0
45780,763.763,,,0,0
45783,763.813,,,0,0
45786,763.863,,,0,0
45789,763.913,,,0,0
45792,763.963,,,0,0
45795,764.013,,,0,0
45798,764.063,,,0,0
45801,764.113,,,0,0
45804,764.163,,,0,0
45807,764.213,,,0,0
45810,764.264,,,0,0
45813,764.314,,,0,0
45816,764.364,,,0,0
45819,764.414,,,0,0
45822,764.464,,,0,0
45825,764.514,,,0,0
45828,764.564,,,0,0
45831,764.614,,,0,0
45834,764.664,,,0,0
45837,764.714,,,0,0
45840,764.764,,,0,0
45843,764.814,,,0,0
45846,764.864,,,0,0
45849,764.914,,,0,0
45852,764.964,,,0,0
45855,765.014,,,0,0
45858,765.064,,,0,0
45861,765.114,,,0,0
45864,765.164,,,0,0
45867,765.214,,,0,0
45870,765.264,,,0,0
45873,765.315,,,0,0
45876,765.365,,,0,0
45879,765.415,,,0,0
45882,765.465,,,0,0
45885,765.515,,,0,0
45888,765.565,,,0,0
45891,765.615,,,0,0
45894,765.665,,,0,0
45897,765.715,,,0,0
45900,765.765,,,0,0
45903,765.815,,,0,0
45906,765.865,,,0,0
45909,765.915,,,0,0
45912,765.965,,,0,0
45915,766.015,,,0,0
45918,766.065,,,0,0
45921,766.115,,,0,0
45924,766.165,,,0,0
45927,766.215,,,0,0
45930,766.265,,,0,0
45933,766.316,,,0,0
45936,766.366,,,0,0
45939,766.416,,,0,0
45942,766.466,,,0,0
45945,766.516,,,0,0
45948,766.566,,,0,0
45951,766.616,,,0,0
45954,766.666,,,0,0
45957,766.716,,,0,0
45960,766.766,,,0,0
45963,766.816,,,0,0
45966,766.866,,,0,0
45969,766.916,,,0,0
45972,766.966,,,0,0
45975,767.016,,,0,0
45978,767.066,,,0,0
45981,767.116,,,0,0
45984,767.166,,,0,0
45987,767.216,,,0,0
45990,767.267,,,0,0
45993,767.317,,,0,0
45996,767.367,,,0,0
45999,767.417,,,0,0
46002,767.467,,,0,0
46005,767.517,,,0,0
46008,767.567,,,0,0
46011,767.617,,,0,0
46014,767.667,,,0,0
46017,767.717,,,0,0
46020,767.767,,,0,0
46023,767.817,,,0,0
46026,767.867,,,0,0
46029,767.917,,,0,0
46032,767.967,,,0,0
46035,768.017,,,0,0
46038,768.067,,,0,0
46041,768.117,,,0,0
46044,768.167,,,0,0
46047,768.217,,,0,0
46050,768.268,,,0,0
46053,768.318,,,0,0
46056,768.368,,,0,0
46059,768.418,,,0,0
46062,768.468,,,0,0
46065,768.518,,,0,0
46068,768.568,,,0,0
46071,768.618,,,0,0
46074,768.668,,,0,0
46077,768.718,,,0,0
46080,768.768,,,0,0
46083,768.818,,,0,0
46086,768.868,,,0,0
46089,768.918,,,0,0
46092,768.968,,,0,0
46095,769.018,,,0,0
46098,769.068,,,0,0
46101,769.118,,,0,0
46104,769.168,,,0,0
46107,769.218,,,0,0
46110,769.269,,,0,0
46113,769.319,,,0,0
46116,769.369,,,0,0
46119,769.419,,,0,0
46122,769.469,,,0,0
46125,769.519,,,0,0
46128,769.569,,,0,0
46131,769.619,,,0,0
46134,769.669,,,0,0
46137,769.719,,,0,0
46140,769.769,,,0,0
46143,769.819,,,0,0
46146,769.869,,,0,0
46149,769.919,,,0,0
46152,769.969,,,0,0
46155,770.019,,,0,0
46158,770.069,,,0,0
46161,770.119,,,0,0
46164,770.169,,,0,0
46167,770.219,,,0,0
46170,770.269,,,0,0
46173,770.32,,,0,0
46176,770.37,,,0,0
46179,770.42,,,0,0
46182,770.47,,,0,0
46185,770.52,,,0,0
46188,770.57,,,0,0
46191,770.62,,,0,0
46194,770.67,,,0,0
46197,770.72,,,0,0
46200,770.77,,,0,0
46203,770.82,,,0,0
46206,770.87,,,0,0
46209,770.92,,,0,0
46212,770.97,,,0,0
46215,771.02,,,0,0
46218,771.07,,,0,0
46221,771.12,,,0,0
46224,771.17,,,0,0
46227,771.22,,,0,0
46230,771.27,,,0,0
46233,771.321,,,0,0
46236,771.371,,,0,0
46239,771.421,,,0,0
46242,771.471,,,0,0
46245,771.521,,,0,0
46248,771.571,,,0,0
46251,771.621,,,0,0
46254,771.671,,,0,0
46257,771.721,,,0,0
46260,771.771,,,0,0
46263,771.821,,,0,0
46266,771.871,,,0,0
46269,771.921,,,0,0
46272,771.971,,,0,0
46275,772.021,,,0,0
46278,772.071,,,0,0
46281,772.121,,,0,0
46284,772.171,,,0,0
46287,772.221,,,0,0
46290,772.272,,,0,0
46293,772.322,,,0,0
46296,772.372,,,0,0
46299,772.422,,,0,0
46302,772.472,,,0,0
46305,772.522,,,0,0
46308,772.572,,,0,0
46311,772.622,,,0,0
46314,772.672,,,0,0
46317,772.722,,,0,0
46320,772.772,,,0,0
46323,772.822,,,0,0
46326,772.872,,,0,0
46329,772.922,,,0,0
46332,772.972,,,0,0
46335,773.022,,,0,0
46338,773.072,,,0,0
46341,773.122,,,0,0
46344,773.172,,,0,0
46347,773.222,,,0,0
46350,773.273,,,0,0
46353,773.323,,,0,0
46356,773.373,,,0,0
46359,773.423,,,0,0
46362,773.473,,,0,0
46365,773.523,,,0,0
46368,773.573,,,0,0
46371,773.623,,,0,0
46374,773.673,,,0,0
46377,773.723,,,0,0
46380,773.773,,,0,0
46383,773.823,,,0,0
46386,773.873,,,0,0
46389,773.923,,,0,0
46392,773.973,,,0,0
46395,774.023,,,0,0
46398,774.073,,,0,0
46401,774.123,,,0,0
46404,774.173,,,0,0
46407,774.223,,,0,0
46410,774.274,,,0,0
46413,774.324,,,0,0
46416,774.374,,,0,0
46419,774.424,,,0,0
46422,774.474,,,0,0
46425,774.524,,,0,0
46428,774.574,,,0,0
46431,774.624,,,0,0
46434,774.674,,,0,0
46437,774.724,,,0,0
46440,774.774,,,0,0
46443,774.824,,,0,0
46446,774.874,,,0,0
46449,774.924,,,0,0
46452,774.974,,,0,0
46455,775.024,,,0,0
46458,775.074,,,0,0
46461,775.124,,,0,0
46464,775.174,,,0,0
46467,775.224,,,0,0
46470,775.274,,,0,0
46473,775.325,,,0,0
46476,775.375,,,0,0
46479,775.425,,,0,0
46482,775.475,,,0,0
46485,775.525,,,0,0
46488,775.575,,,0,0
46491,775.625,,,0,0
46494,775.675,,,0,0
46497,775.725,,,0,0
46500,775.775,,,0,0
46503,775.825,,,0,0
46506,775.875,,,0,0
46509,775.925,,,0,0
46512,775.975,,,0,0
46515,776.025,,,0,0
46518,776.075,,,0,0
46521,776.125,,,0,0
46524,776.175,,,0,0
46527,776.225,,,0,0
46530,776.275,,,0,0
46533,776.326,,,0,0
46536,776.376,,,0,0
46539,776.426,,,0,0
46542,776.476,,,0,0
46545,776.526,,,0,0
46548,776.576,,,0,0
46551,776.626,,,0,0
46554,776.676,,,0,0
46557,776.726,,,0,0
46560,776.776,,,0,0
46563,776.826,,,0,0
46566,776.876,,,0,0
46569,776.926,,,0,0
46572,776.976,,,0,0
46575,777.026,,,0,0
46578,777.076,,,0,0
46581,777.126,,,0,0
46584,777.176,,,0,0
46587,777.226,,,0,0
46590,777.277,,,0,0
46593,777.327,,,0,0
46596,777.377,,,0,0
46599,777.427,,,0,0
46602,777.477,,,0,0
46605,777.527,,,0,0
46608,777.577,,,0,0
46611,777.627,,,0,0
46614,777.677,,,0,0
46617,777.727,,,0,0
46620,777.777,,,0,0
46623,777.827,,,0,0
46626,777.877,,,0,0
46629,777.927,,,0,0
46632,777.977,,,0,0
46635,778.027,,,0,0
46638,778.077,,,0,0
46641,778.127,,,0,0
46644,778.177,,,0,0
46647,778.227,,,0,0
46650,778.278,,,0,0
46653,778.328,,,0,0
46656,778.378,,,0,0
46659,778.428,,,0,0
46662,778.478,,,0,0
46665,778.528,,,0,0
46668,778.578,,,0,0
46671,778.628,,,0,0
46674,778.678,,,0,0
46677,778.728,,,0,0
46680,778.778,,,0,0
46683,778.828,,,0,0
46686,778.878,,,0,0
46689,778.928,,,0,0
46692,778.978,,,0,0
46695,779.028,,,0,0
46698,779.078,,,0,0
46701,779.128,,,0,0
46704,779.178,,,0,0
46707,779.228,,,0,0
46710,779.279,,,0,0
46713,779.329,,,0,0
46716,779.379,,,0,0
46719,779.429,,,0,0
46722,779.479,,,0,0
46725,779.529,,,0,0
46728,779.579,,,0,0
46731,779.629,,,0,0
46734,779.679,,,0,0
46737,779.729,,,0,0
46740,779.779,,,0,0
46743,779.829,,,0,0
46746,779.879,,,0,0
46749,779.929,,,0,0
46752,779.979,,,0,0
46755,780.029,,,0,0
46758,780.079,,,0,0
46761,780.129,,,0,0
46764,780.179,,,0,0
46767,780.229,,,0,0
46770,780.279,,,0,0
46773,780.33,,,0,0
46776,780.38,,,0,0
46779,780.43,,,0,0
46782,780.48,,,0,0
46785,780.53,,,0,0
46788,780.58,,,0,0
46791,780.63,,,0,0
46794,780.68,,,0,0
46797,780.73,,,0,0
46800,780.78,,,0,0
46803,780.83,,,0,0
46806,780.88,,,0,0
46809,780.93,,,0,0
46812,780.98,,,0,0
46815,781.03,,,0,0
46818,781.08,,,0,0
46821,781.13,,,0,0
46824,781.18,,,0,0
46827,781.23,,,0,0
46830,781.28,,,0,0
46833,781.331,,,0,0
46836,781.381,,,0,0
46839,781.431,,,0,0
46842,781.481,,,0,0
46845,781.531,,,0,0
46848,781.581,,,0,0
46851,781.631,,,0,0
46854,781.681,,,0,0
46857,781.731,,,0,0
46860,781.781,,,0,0
46863,781.831,,,0,0
46866,781.881,,,0,0
46869,781.931,,,0,0
46872,781.981,,,0,0
46875,782.031,,,0,0
46878,782.081,,,0,0
46881,782.131,,,0,0
46884,782.181,,,0,0
46887,782.231,,,0,0
46890,782.282,,,0,0
46893,782.332,,,0,0
46896,782.382,,,0,0
46899,782.432,,,0,0
46902,782.482,,,0,0
46905,782.532,,,0,0
46908,782.582,,,0,0
46911,782.632,,,0,0
46914,782.682,,,0,0
46917,782.732,,,0,0
46920,782.782,,,0,0
46923,782.832,,,0,0
46926,782.882,,,0,0
46929,782.932,,,0,0
46932,782.982,,,0,0
46935,783.032,,,0,0
46938,783.082,,,0,0
46941,783.132,,,0,0
46944,783.182,,,0,0
46947,783.232,,,0,0
46950,783.283,,,0,0
46953,783.333,,,0,0
46956,783.383,,,0,0
46959,783.433,,,0,0
46962,783.483,,,0,0
46965,783.533,,,0,0
46968,783.583,,,0,0
46971,783.633,,,0,0
46974,783.683,,,0,0
46977,783.733,,,0,0
46980,783.783,,,0,0
46983,783.833,,,0,0
46986,783.883,,,0,0
46989,783.933,,,0,0
46992,783.983,,,0,0
46995,784.033,,,0,0
46998,784.083,,,0,0
47001,784.133,,,0,0
47004,784.183,,,0,0
47007,784.233,,,0,0
47010,784.284,,,0,0
47013,784.334,,,0,0
47016,784.384,,,0,0
47019,784.434,,,0,0
47022,784.484,,,0,0
47025,784.534,,,0,0
47028,784.584,,,0,0
47031,784.634,,,0,0
47034,784.684,,,0,0
47037,784.734,,,0,0
47040,784.784,,,0,0
47043,784.834,,,0,0
47046,784.884,,,0,0
47049,784.934,,,0,0
47052,784.984,,,0,0
47055,785.034,,,0,0
47058,785.084,,,0,0
47061,785.134,,,0,0
47064,785.184,,,0,0
47067,785.234,,,0,0
47070,785.284,,,0,0
47073,785.335,,,0,0
47076,785.385,,,0,0
47079,785.435,,,0,0
47082,785.485,,,0,0
47085,785.535,,,0,0
47088,785.585,,,0,0
47091,785.635,,,0,0
47094,785.685,,,0,0
47097,785.735,,,0,0
47100,785.785,,,0,0
47103,785.835,,,0,0
47106,785.885,,,0,0
47109,785.935,,,0,0
47112,785.985,,,0,0
47115,786.035,,,0,0
47118,786.085,,,0,0
47121,786.135,,,0,0
47124,786.185,,,0,0
47127,786.235,,,0,0
47130,786.286,,,0,0
47133,786.336,,,0,0
47136,786.386,,,0,0
47139,786.436,,,0,0
47142,786.486,,,0,0
47145,786.536,,,0,0
47148,786.586,,,0,0
47151,786.636,,,0,0
47154,786.686,,,0,0
47157,786.736,,,0,0
47160,786.786,,,0,0
47163,786.836,,,0,0
47166,786.886,,,0,0
47169,786.936,,,0,0
47172,786.986,,,0,0
47175,787.036,,,0,0
47178,787.086,,,0,0
47181,787.136,,,0,0
47184,787.186,,,0,0
47187,787.236,,,0,0
47190,787.287,,,0,0
47193,787.337,,,0,0
47196,787.387,,,0,0
47199,787.437,,,0,0
47202,787.487,,,0,0
47205,787.537,,,0,0
47208,787.587,,,0,0
47211,787.637,,,0,0
47214,787.687,,,0,0
47217,787.737,,,0,0
47220,787.787,,,0,0
47223,787.837,,,0,0
47226,787.887,,,0,0
47229,787.937,,,0,0
47232,787.987,,,0,0
47235,788.037,,,0,0
47238,788.087,,,0,0
47241,788.137,,,0,0
47244,788.187,,,0,0
47247,788.237,,,0,0
47250,788.288,,,0,0
47253,788.338,,,0,0
47256,788.388,,,0,0
47259,788.438,,,0,0
47262,788.488,,,0,0
47265,788.538,,,0,0
47268,788.588,,,0,0
47271,788.638,,,0,0
47274,788.688,,,0,0
47277,788.738,,,0,0
47280,788.788,,,0,0
47283,788.838,,,0,0
47286,788.888,,,0,0
47289,788.938,,,0,0
47292,788.988,,,0,0
47295,789.038,,,0,0
47298,789.088,,,0,0
47301,789.138,,,0,0
47304,789.188,,,0,0
47307,789.238,,,0,0
47310,789.288,,,0,0
47313,789.339,,,0,0
47316,789.389,,,0,0
47319,789.439,,,0,0
47322,789.489,,,0,0
47325,789.539,,,0,0
47328,789.589,,,0,0
47331,789.639,,,0,0
47334,789.689,,,0,0
47337,789.739,,,0,0
47340,789.789,,,0,0
47343,789.839,,,0,0
47346,789.889,,,0,0
47349,789.939,,,0,0
47352,789.989,,,0,0
47355,790.039,,,0,0
47358,790.089,,,0,0
47361,790.139,,,0,0
47364,790.189,,,0,0
47367,790.239,,,0,0
47370,790.289,,,0,0
47373,790.34,,,0,0
47376,790.39,,,0,0
47379,790.44,,,0,0
47382,790.49,,,0,0
47385,790.54,,,0,0
47388,790.59,,,0,0
47391,790.64,,,0,0
47394,790.69,,,0,0
47397,790.74,,,0,0
47400,790.79,,,0,0
47403,790.84,,,0,0
47406,790.89,,,0,0
47409,790.94,,,0,0
47412,790.99,,,0,0
47415,791.04,,,0,0
47418,791.09,,,0,0
47421,791.14,,,0,0
47424,791.19,,,0,0
47427,791.24,,,0,0
47430,791.291,,,0,0
47433,791.341,,,0,0
47436,791.391,,,0,0
47439,791.441,,,0,0
47442,791.491,,,0,0
47445,791.541,,,0,0
47448,791.591,,,0,0
47451,791.641,,,0,0
47454,791.691,,,0,0
47457,791.741,,,0,0
47460,791.791,,,0,0
47463,791.841,,,0,0
47466,791.891,,,0,0
47469,791.941,,,0,0
47472,791.991,,,0,0
47475,792.041,,,0,0
47478,792.091,,,0,0
47481,792.141,,,0,0
47484,792.191,,,0,0
47487,792.241,,,0,0
47490,792.292,,,0,0
47493,792.342,,,0,0
47496,792.392,,,0,0
47499,792.442,,,0,0
47502,792.492,,,0,0
47505,792.542,,,0,0
47508,792.592,,,0,0
47511,792.642,,,0,0
47514,792.692,,,0,0
47517,792.742,,,0,0
47520,792.792,,,0,0
47523,792.842,,,0,0
47526,792.892,,,0,0
47529,792.942,,,0,0
47532,792.992,,,0,0
47535,793.042,,,0,0
47538,793.092,,,0,0
47541,793.142,,,0,0
47544,793.192,,,0,0
47547,793.242,,,0,0
47550,793.293,,,0,0
47553,793.343,,,0,0
47556,793.393,,,0,0
47559,793.443,,,0,0
47562,793.493,,,0,0
47565,793.543,,,0,0
47568,793.593,,,0,0
47571,793.643,,,0,0
47574,793.693,,,0,0
47577,793.743,,,0,0
47580,793.793,,,0,0
47583,793.843,,,0,0
47586,793.893,,,0,0
47589,793.943,,,0,0
47592,793.993,,,0,0
47595,794.043,,,0,0
47598,794.093,,,0,0
47601,794.143,,,0,0
47604,794.193,,,0,0
47607,794.243,,,0,0
47610,794.293,,,0,0
47613,794.344,,,0,0
47616,794.394,,,0,0
47619,794.444,,,0,0
47622,794.494,,,0,0
47625,794.544,,,0,0
47628,794.594,,,0,0
47631,794.644,,,0,0
47634,794.694,,,0,0
47637,794.744,,,0,0
47640,794.794,,,0,0
47643,794.844,,,0,0
47646,794.894,,,0,0
47649,794.944,,,0,0
47652,794.994,,,0,0
47655,795.044,,,0,0
47658,795.094,,,0,0
47661,795.144,,,0,0
47664,795.194,,,0,0
47667,795.244,,,0,0
47670,795.294,,,0,0
47673,795.345,,,0,0
47676,795.395,,,0,0
47679,795.445,,,0,0
47682,795.495,,,0,0
47685,795.545,,,0,0
47688,795.595,,,0,0
47691,795.645,,,0,0
47694,795.695,,,0,0
47697,795.745,,,0,0
47700,795.795,,,0,0
47703,795.845,,,0,0
47706,795.895,,,0,0
47709,795.945,,,0,0
47712,795.995,,,0,0
47715,796.045,,,0,0
47718,796.095,,,0,0
47721,796.145,,,0,0
47724,796.195,,,0,0
47727,796.245,,,0,0
47730,796.296,,,0,0
47733,796.346,,,0,0
47736,796.396,,,0,0
47739,796.446,,,0,0
47742,796.496,,,0,0
47745,796.546,,,0,0
47748,796.596,,,0,0
47751,796.646,,,0,0
47754,796.696,,,0,0
47757,796.746,,,0,0
47760,796.796,,,0,0
47763,796.846,,,0,0
47766,796.896,,,0,0
47769,796.946,,,0,0
47772,796.996,,,0,0
47775,797.046,,,0,0
47778,797.096,,,0,0
47781,797.146,,,0,0
47784,797.196,,,0,0
47787,797.246,,,0,0
47790,797.297,,,0,0
47793,797.347,,,0,0
47796,797.397,,,0,0
47799,797.447,,,0,0
47802,797.497,,,0,0
47805,797.547,,,0,0
47808,797.597,,,0,0
47811,797.647,,,0,0
47814,797.697,,,0,0
47817,797.747,,,0,0
47820,797.797,,,0,0
47823,797.847,,,0,0
47826,797.897,,,0,0
47829,797.947,,,0,0
47832,797.997,,,0,0
47835,798.047,,,0,0
47838,798.097,,,0,0
47841,798.147,,,0,0
47844,798.197,,,0,0
47847,798.247,,,0,0
47850,798.298,,,0,0
47853,798.348,,,0,0
47856,798.398,,,0,0
47859,798.448,,,0,0
47862,798.498,,,0,0
47865,798.548,,,0,0
47868,798.598,,,0,0
47871,798.648,,,0,0
47874,798.698,,,0,0
47877,798.748,,,0,0
47880,798.798,,,0,0
47883,798.848,,,0,0
47886,798.898,,,0,0
47889,798.948,,,0,0
47892,798.998,,,0,0
47895,799.048,,,0,0
47898,799.098,,,0,0
47901,799.148,,,0,0
47904,799.198,,,0,0
47907,799.248,,,0,0
47910,799.298,,,0,0
47913,799.349,,,0,0
47916,799.399,,,0,0
47919,799.449,,,0,0
47922,799.499,,,0,0
47925,799.549,,,0,0
47928,799.599,,,0,0
47931,799.649,,,0,0
47934,799.699,,,0,0
47937,799.749,,,0,0
47940,799.799,,,0,0
47943,799.849,,,0,0
47946,799.899,,,0,0
47949,799.949,,,0,0
47952,799.999,,,0,0
47955,800.049,,,0,0
47958,800.099,,,0,0
47961,800.149,,,0,0
47964,800.199,,,0,0
47967,800.249,,,0,0
47970,800.299,,,0,0
47973,800.35,,,0,0
47976,800.4,,,0,0
47979,800.45,,,0,0
47982,800.5,,,0,0
47985,800.55,,,0,0
47988,800.6,,,0,0
47991,800.65,,,0,0
47994,800.7,,,0,0
47997,800.75,,,0,0
48000,800.8,,,0,0
48003,800.85,,,0,0
48006,800.9,,,0,0
48009,800.95,,,0,0
48012,801.0,,,0,0
48015,801.05,,,0,0
48018,801.1,,,0,0
48021,801.15,,,0,0
48024,801.2,,,0,0
48027,801.25,,,0,0
48030,801.301,,,0,0
48033,801.351,,,0,0
48036,801.401,,,0,0
48039,801.451,,,0,0
48042,801.501,,,0,0
48045,801.551,,,0,0
48048,801.601,,,0,0
48051,801.651,,,0,0
48054,801.701,,,0,0
48057,801.751,,,0,0
48060,801.801,,,0,0
48063,801.851,,,0,0
48066,801.901,,,0,0
48069,801.951,,,0,0
48072,802.001,,,0,0
48075,802.051,,,0,0
48078,802.101,,,0,0
48081,802.151,,,0,0
48084,802.201,,,0,0
48087,802.251,,,0,0
48090,802.302,,,0,0
48093,802.352,,,0,0
48096,802.402,,,0,0
48099,802.452,,,0,0
48102,802.502,,,0,0
48105,802.552,,,0,0
48108,802.602,,,0,0
48111,802.652,,,0,0
48114,802.702,,,0,0
48117,802.752,,,0,0
48120,802.802,,,0,0
48123,802.852,,,0,0
48126,802.902,,,0,0
48129,802.952,,,0,0
48132,803.002,,,0,0
48135,803.052,,,0,0
48138,803.102,,,0,0
48141,803.152,,,0,0
48144,803.202,,,0,0
48147,803.252,,,0,0
48150,803.303,,,0,0
48153,803.353,,,0,0
48156,803.403,,,0,0
48159,803.453,,,0,0
48162,803.503,,,0,0
48165,803.553,,,0,0
48168,803.603,,,0,0
48171,803.653,,,0,0
48174,803.703,,,0,0
48177,803.753,,,0,0
48180,803.803,,,0,0
48183,803.853,,,0,0
48186,803.903,,,0,0
48189,803.953,,,0,0
48192,804.003,,,0,0
48195,804.053,,,0,0
48198,804.103,,,0,0
48201,804.153,,,0,0
48204,804.203,,,0,0
48207,804.253,,,0,0
48210,804.303,,,0,0
48213,804.354,,,0,0
48216,804.404,,,0,0
48219,804.454,,,0,0
48222,804.504,,,0,0
48225,804.554,,,0,0
48228,804.604,,,0,0
48231,804.654,,,0,0
48234,804.704,,,0,0
48237,804.754,,,0,0
48240,804.804,,,0,0
48243,804.854,,,0,0
48246,804.904,,,0,0
48249,804.954,,,0,0
48252,805.004,,,0,0
48255,805.054,,,0,0
48258,805.104,,,0,0
48261,805.154,,,0,0
48264,805.204,,,0,0
48267,805.254,,,0,0
48270,805.304,,,0,0
48273,805.355,,,0,0
48276,805.405,,,0,0
48279,805.455,,,0,0
48282,805.505,,,0,0
48285,805.555,,,0,0
48288,805.605,,,0,0
48291,805.655,,,0,0
48294,805.705,,,0,0
48297,805.755,,,0,0
48300,805.805,,,0,0
48303,805.855,,,0,0
48306,805.905,,,0,0
48309,805.955,,,0,0
48312,806.005,,,0,0
48315,806.055,,,0,0
48318,806.105,,,0,0
48321,806.155,,,0,0
48324,806.205,,,0,0
48327,806.255,,,0,0
48330,806.306,,,0,0
48333,806.356,,,0,0
48336,806.406,,,0,0
48339,806.456,,,0,0
48342,806.506,,,0,0
48345,806.556,,,0,0
48348,806.606,,,0,0
48351,806.656,,,0,0
48354,806.706,,,0,0
48357,806.756,,,0,0
48360,806.806,,,0,0
48363,806.856,,,0,0
48366,806.906,,,0,0
48369,806.956,,,0,0
48372,807.006,,,0,0
48375,807.056,,,0,0
48378,807.106,,,0,0
48381,807.156,,,0,0
48384,807.206,,,0,0
48387,807.256,,,0,0
48390,807.307,,,0,0
48393,807.357,,,0,0
48396,807.407,,,0,0
48399,807.457,,,0,0
48402,807.507,,,0,0
48405,807.557,,,0,0
48408,807.607,,,0,0
48411,807.657,,,0,0
48414,807.707,,,0,0
48417,807.757,,,0,0
48420,807.807,,,0,0
48423,807.857,,,0,0
48426,807.907,,,0,0
48429,807.957,,,0,0
48432,808.007,,,0,0
48435,808.057,,,0,0
48438,808.107,,,0,0
48441,808.157,,,0,0
48444,808.207,,,0,0
48447,808.257,,,0,0
48450,808.308,,,0,0
48453,808.358,,,0,0
48456,808.408,,,0,0
48459,808.458,,,0,0
48462,808.508,,,0,0
48465,808.558,,,0,0
48468,808.608,,,0,0
48471,808.658,,,0,0
48474,808.708,,,0,0
48477,808.758,,,0,0
48480,808.808,,,0,0
48483,808.858,,,0,0
48486,808.908,,,0,0
48489,808.958,,,0,0
48492,809.008,,,0,0
48495,809.058,,,0,0
48498,809.108,,,0,0
48501,809.158,,,0,0
48504,809.208,,,0,0
48507,809.258,,,0,0
48510,809.308,,,0,0
48513,809.359,,,0,0
48516,809.409,,,0,0
48519,809.459,,,0,0
48522,809.509,,,0,0
48525,809.559,,,0,0
48528,809.609,,,0,0
48531,809.659,,,0,0
48534,809.709,,,0,0
48537,809.759,,,0,0
48540,809.809,,,0,0
48543,809.859,,,0,0
48546,809.909,,,0,0
48549,809.959,,,0,0
48552,810.009,,,0,0
48555,810.059,,,0,0
48558,810.109,,,0,0
48561,810.159,,,0,0
48564,810.209,,,0,0
48567,810.259,,,0,0
48570,810.31,,,0,0
48573,810.36,,,0,0
48576,810.41,,,0,0
48579,810.46,,,0,0
48582,810.51,,,0,0
48585,810.56,,,0,0
48588,810.61,,,0,0
48591,810.66,,,0,0
48594,810.71,,,0,0
48597,810.76,,,0,0
48600,810.81,,,0,0
48603,810.86,,,0,0
48606,810.91,,,0,0
48609,810.96,,,0,0
48612,811.01,,,0,0
48615,811.06,,,0,0
48618,811.11,,,0,0
48621,811.16,,,0,0
48624,811.21,,,0,0
48627,811.26,,,0,0
48630,811.311,,,0,0
48633,811.361,,,0,0
48636,811.411,,,0,0
48639,811.461,,,0,0
48642,811.511,,,0,0
48645,811.561,,,0,0
48648,811.611,,,0,0
48651,811.661,,,0,0
48654,811.711,,,0,0
48657,811.761,,,0,0
48660,811.811,,,0,0
48663,811.861,,,0,0
48666,811.911,,,0,0
48669,811.961,,,0,0
48672,812.011,,,0,0
48675,812.061,,,0,0
48678,812.111,,,0,0
48681,812.161,,,0,0
48684,812.211,,,0,0
48687,812.261,,,0,0
48690,812.312,,,0,0
48693,812.362,,,0,0
48696,812.412,,,0,0
48699,812.462,,,0,0
48702,812.512,,,0,0
48705,812.562,,,0,0
48708,812.612,,,0,0
48711,812.662,,,0,0
48714,812.712,,,0,0
48717,812.762,,,0,0
48720,812.812,,,0,0
48723,812.862,,,0,0
48726,812.912,,,0,0
48729,812.962,,,0,0
48732,813.012,,,0,0
48735,813.062,,,0,0
48738,813.112,,,0,0
48741,813.162,,,0,0
48744,813.212,,,0,0
48747,813.262,,,0,0
48750,813.312,,,0,0
48753,813.363,,,0,0
48756,813.413,,,0,0
48759,813.463,,,0,0
48762,813.513,,,0,0
48765,813.563,,,0,0
48768,813.613,,,0,0
48771,813.663,,,0,0
48774,813.713,,,0,0
48777,813.763,,,0,0
48780,813.813,,,0,0
48783,813.863,,,0,0
48786,813.913,,,0,0
48789,813.963,,,0,0
48792,814.013,,,0,0
48795,814.063,,,0,0
48798,814.113,,,0,0
48801,814.163,,,0,0
48804,814.213,,,0,0
48807,814.263,,,0,0
48810,814.313,,,0,0
48813,814.364,,,0,0
48816,814.414,,,0,0
48819,814.464,,,0,0
48822,814.514,,,0,0
48825,814.564,,,0,0
48828,814.614,,,0,0
48831,814.664,,,0,0
48834,814.714,,,0,0
48837,814.764,,,0,0
48840,814.814,,,0,0
48843,814.864,,,0,0
48846,814.914,,,0,0
48849,814.964,,,0,0
48852,815.014,,,0,0
48855,815.064,,,0,0
48858,815.114,,,0,0
48861,815.164,,,0,0
48864,815.214,,,0,0
48867,815.264,,,0,0
48870,815.315,,,0,0
48873,815.365,,,0,0
48876,815.415,,,0,0
48879,815.465,,,0,0
48882,815.515,,,0,0
48885,815.565,,,0,0
48888,815.615,,,0,0
48891,815.665,,,0,0
48894,815.715,,,0,0
48897,815.765,,,0,0
48900,815.815,,,0,0
48903,815.865,,,0,0
48906,815.915,,,0,0
48909,815.965,,,0,0
48912,816.015,,,0,0
48915,816.065,,,0,0
48918,816.115,,,0,0
48921,816.165,,,0,0
48924,816.215,,,0,0
48927,816.265,,,0,0
48930,816.316,,,0,0
48933,816.366,,,0,0
48936,816.416,,,0,0
48939,816.466,,,0,0
48942,816.516,,,0,0
48945,816.566,,,0,0
48948,816.616,,,0,0
48951,816.666,,,0,0
48954,816.716,,,0,0
48957,816.766,,,0,0
48960,816.816,,,0,0
48963,816.866,,,0,0
48966,816.916,,,0,0
48969,816.966,,,0,0
48972,817.016,,,0,0
48975,817.066,,,0,0
48978,817.116,,,0,0
48981,817.166,,,0,0
48984,817.216,,,0,0
48987,817.266,,,0,0
48990,817.317,,,0,0
48993,817.367,,,0,0
48996,817.417,,,0,0
48999,817.467,,,0,0
49002,817.517,,,0,0
49005,817.567,,,0,0
49008,817.617,,,0,0
49011,817.667,,,0,0
49014,817.717,,,0,0
49017,817.767,,,0,0
49020,817.817,,,0,0
49023,817.867,,,0,0
49026,817.917,,,0,0
49029,817.967,,,0,0
49032,818.017,,,0,0
49035,818.067,,,0,0
49038,818.117,,,0,0
49041,818.167,,,0,0
49044,818.217,,,0,0
49047,818.267,,,0,0
49050,818.317,,,0,0
49053,818.368,,,0,0
49056,818.418,,,0,0
49059,818.468,,,0,0
49062,818.518,,,0,0
49065,818.568,,,0,0
49068,818.618,,,0,0
49071,818.668,,,0,0
49074,818.718,,,0,0
49077,818.768,,,0,0
49080,818.818,,,0,0
49083,818.868,,,0,0
49086,818.918,,,0,0
49089,818.968,,,0,0
49092,819.018,,,0,0
49095,819.068,,,0,0
49098,819.118,,,0,0
49101,819.168,,,0,0
49104,819.218,,,0,0
49107,819.268,,,0,0
49110,819.318,,,0,0
49113,819.369,,,0,0
49116,819.419,,,0,0
49119,819.469,,,0,0
49122,819.519,,,0,0
49125,819.569,,,0,0
49128,819.619,,,0,0
49131,819.669,,,0,0
49134,819.719,,,0,0
49137,819.769,,,0,0
49140,819.819,,,0,0
49143,819.869,,,0,0
49146,819.919,,,0,0
49149,819.969,,,0,0
49152,820.019,,,0,0
49155,820.069,,,0,0
49158,820.119,,,0,0
49161,820.169,,,0,0
49164,820.219,,,0,0
49167,820.269,,,0,0
49170,820.32,,,0,0
49173,820.37,,,0,0
49176,820.42,,,0,0
49179,820.47,,,0,0
49182,820.52,,,0,0
49185,820.57,,,0,0
49188,820.62,,,0,0
49191,820.67,,,0,0
49194,820.72,,,0,0
49197,820.77,,,0,0
49200,820.82,,,0,0
49203,820.87,,,0,0
49206,820.92,,,0,0
49209,820.97,,,0,0
49212,821.02,,,0,0
49215,821.07,,,0,0
49218,821.12,,,0,0
49221,821.17,,,0,0
49224,821.22,,,0,0
49227,821.27,,,0,0
49230,821.321,,,0,0
49233,821.371,,,0,0
49236,821.421,,,0,0
49239,821.471,,,0,0
49242,821.521,,,0,0
49245,821.571,,,0,0
49248,821.621,,,0,0
49251,821.671,,,0,0
49254,821.721,,,0,0
49257,821.771,,,0,0
49260,821.821,,,0,0
49263,821.871,,,0,0
49266,821.921,,,0,0
49269,821.971,,,0,0
49272,822.021,,,0,0
49275,822.071,,,0,0
49278,822.121,,,0,0
49281,822.171,,,0,0
49284,822.221,,,0,0
49287,822.271,,,0,0
49290,822.322,,,0,0
49293,822.372,,,0,0
49296,822.422,,,0,0
49299,822.472,,,0,0
49302,822.522,,,0,0
49305,822.572,,,0,0
49308,822.622,,,0,0
49311,822.672,,,0,0
49314,822.722,,,0,0
49317,822.772,,,0,0
49320,822.822,,,0,0
49323,822.872,,,0,0
49326,822.922,,,0,0
49329,822.972,,,0,0
49332,823.022,,,0,0
49335,823.072,,,0,0
49338,823.122,,,0,0
49341,823.172,,,0,0
49344,823.222,,,0,0
49347,823.272,,,0,0
49350,823.322,,,0,0
49353,823.373,,,0,0
49356,823.423,,,0,0
49359,823.473,,,0,0
49362,823.523,,,0,0
49365,823.573,,,0,0
49368,823.623,,,0,0
49371,823.673,,,0,0
49374,823.723,,,0,0
49377,823.773,,,0,0
49380,823.823,,,0,0
49383,823.873,,,0,0
49386,823.923,,,0,0
49389,823.973,,,0,0
49392,824.023,,,0,0
49395,824.073,,,0,0
49398,824.123,,,0,0
49401,824.173,,,0,0
49404,824.223,,,0,0
49407,824.273,,,0,0
49410,824.323,,,0,0
49413,824.374,,,0,0
49416,824.424,,,0,0
49419,824.474,,,0,0
49422,824.524,,,0,0
49425,824.574,,,0,0
49428,824.624,,,0,0
49431,824.674,,,0,0
49434,824.724,,,0,0
49437,824.774,,,0,0
49440,824.824,,,0,0
49443,824.874,,,0,0
49446,824.924,,,0,0
49449,824.974,,,0,0
49452,825.024,,,0,0
49455,825.074,,,0,0
49458,825.124,,,0,0
49461,825.174,,,0,0
49464,825.224,,,0,0
49467,825.274,,,0,0
49470,825.325,,,0,0
49473,825.375,,,0,0
49476,825.425,,,0,0
49479,825.475,,,0,0
49482,825.525,,,0,0
49485,825.575,,,0,0
49488,825.625,,,0,0
49491,825.675,,,0,0
49494,825.725,,,0,0
49497,825.775,,,0,0
49500,825.825,,,0,0
49503,825.875,,,0,0
49506,825.925,,,0,0
49509,825.975,,,0,0
49512,826.025,,,0,0
49515,826.075,,,0,0
49518,826.125,,,0,0
49521,826.175,,,0,0
49524,826.225,,,0,0
49527,826.275,,,0,0
49530,826.326,,,0,0
49533,826.376,,,0,0
49536,826.426,,,0,0
49539,826.476,,,0,0
49542,826.526,,,0,0
49545,826.576,,,0,0
49548,826.626,,,0,0
49551,826.676,,,0,0
49554,826.726,,,0,0
49557,826.776,,,0,0
49560,826.826,,,0,0
49563,826.876,,,0,0
49566,826.926,,,0,0
49569,826.976,,,0,0
49572,827.026,,,0,0
49575,827.076,,,0,0
49578,827.126,,,0,0
49581,827.176,,,0,0
49584,827.226,,,0,0
49587,827.276,,,0,0
49590,827.327,,,0,0
49593,827.377,,,0,0
49596,827.427,,,0,0
49599,827.477,,,0,0
49602,827.527,,,0,0
49605,827.577,,,0,0
49608,827.627,,,0,0
49611,827.677,,,0,0
49614,827.727,,,0,0
49617,827.777,,,0,0
49620,827.827,,,0,0
49623,827.877,,,0,0
49626,827.927,,,0,0
49629,827.977,,,0,0
49632,828.027,,,0,0
49635,828.077,,,0,0
49638,828.127,,,0,0
49641,828.177,,,0,0
49644,828.227,,,0,0
49647,828.277,,,0,0
49650,828.327,,,0,0
49653,828.378,,,0,0
49656,828.428,,,0,0
49659,828.478,,,0,0
49662,828.528,,,0,0
49665,828.578,,,0,0
49668,828.628,,,0,0
49671,828.678,,,0,0
49674,828.728,,,0,0
49677,828.778,,,0,0
49680,828.828,,,0,0
49683,828.878,,,0,0
49686,828.928,,,0,0
49689,828.978,,,0,0
49692,829.028,,,0,0
49695,829.078,,,0,0
49698,829.128,,,0,0
49701,829.178,,,0,0
49704,829.228,,,0,0
49707,829.278,,,0,0
49710,829.328,,,0,0
49713,829.379,,,0,0
49716,829.429,,,0,0
49719,829.479,,,0,0
49722,829.529,,,0,0
49725,829.579,,,0,0
49728,829.629,,,0,0
49731,829.679,,,0,0
49734,829.729,,,0,0
49737,829.779,,,0,0
49740,829.829,,,0,0
49743,829.879,,,0,0
49746,829.929,,,0,0
49749,829.979,,,0,0
49752,830.029,,,0,0
49755,830.079,,,0,0
49758,830.129,,,0,0
49761,830.179,,,0,0
49764,830.229,,,0,0
49767,830.279,,,0,0
49770,830.33,,,0,0
49773,830.38,,,0,0
49776,830.43,,,0,0
49779,830.48,,,0,0
49782,830.53,,,0,0
49785,830.58,,,0,0
49788,830.63,,,0,0
49791,830.68,,,0,0
49794,830.73,,,0,0
49797,830.78,,,0,0
49800,830.83,,,0,0
49803,830.88,,,0,0
49806,830.93,,,0,0
49809,830.98,,,0,0
49812,831.03,,,0,0
49815,831.08,,,0,0
49818,831.13,,,0,0
49821,831.18,,,0,0
49824,831.23,,,0,0
49827,831.28,,,0,0
49830,831.331,,,0,0
49833,831.381,,,0,0
49836,831.431,,,0,0
49839,831.481,,,0,0
49842,831.531,,,0,0
49845,831.581,,,0,0
49848,831.631,,,0,0
49851,831.681,,,0,0
49854,831.731,,,0,0
49857,831.781,,,0,0
49860,831.831,,,0,0
49863,831.881,,,0,0
49866,831.931,,,0,0
49869,831.981,,,0,0
49872,832.031,,,0,0
49875,832.081,,,0,0
49878,832.131,,,0,0
49881,832.181,,,0,0
49884,832.231,,,0,0
49887,832.281,,,0,0
49890,832.332,,,0,0
49893,832.382,,,0,0
49896,832.432,,,0,0
49899,832.482,,,0,0
49902,832.532,,,0,0
49905,832.582,,,0,0
49908,832.632,,,0,0
49911,832.682,,,0,0
49914,832.732,,,0,0
49917,832.782,,,0,0
49920,832.832,,,0,0
49923,832.882,,,0,0
49926,832.932,,,0,0
49929,832.982,,,0,0
49932,833.032,,,0,0
49935,833.082,,,0,0
49938,833.132,,,0,0
49941,833.182,,,0,0
49944,833.232,,,0,0
49947,833.282,,,0,0
49950,833.332,,,0,0
49953,833.383,,,0,0
49956,833.433,,,0,0
49959,833.483,,,0,0
49962,833.533,,,0,0
49965,833.583,,,0,0
49968,833.633,,,0,0
49971,833.683,,,0,0
49974,833.733,,,0,0
49977,833.783,,,0,0
49980,833.833,,,0,0
49983,833.883,,,0,0
49986,833.933,,,0,0
49989,833.983,,,0,0
49992,834.033,,,0,0
49995,834.083,,,0,0
49998,834.133,,,0,0
50001,834.183,,,0,0
50004,834.233,,,0,0
50007,834.283,,,0,0
50010,834.334,,,0,0
50013,834.384,,,0,0
50016,834.434,,,0,0
50019,834.484,,,0,0
50022,834.534,,,0,0
50025,834.584,,,0,0
50028,834.634,,,0,0
50031,834.684,,,0,0
50034,834.734,,,0,0
50037,834.784,,,0,0
50040,834.834,,,0,0
50043,834.884,,,0,0
50046,834.934,,,0,0
50049,834.984,,,0,0
50052,835.034,,,0,0
50055,835.084,,,0,0
50058,835.134,,,0,0
50061,835.184,,,0,0
50064,835.234,,,0,0
50067,835.284,,,0,0
50070,835.335,,,0,0
50073,835.385,,,0,0
50076,835.435,,,0,0
50079,835.485,,,0,0
50082,835.535,,,0,0
50085,835.585,,,0,0
50088,835.635,,,0,0
50091,835.685,,,0,0
50094,835.735,,,0,0
50097,835.785,,,0,0
50100,835.835,,,0,0
50103,835.885,,,0,0
50106,835.935,,,0,0
50109,835.985,,,0,0
50112,836.035,,,0,0
50115,836.085,,,0,0
50118,836.135,,,0,0
50121,836.185,,,0,0
50124,836.235,,,0,0
50127,836.285,,,0,0
50130,836.336,,,0,0
50133,836.386,,,0,0
50136,836.436,,,0,0
50139,836.486,,,0,0
50142,836.536,,,0,0
50145,836.586,,,0,0
50148,836.636,,,0,0
50151,836.686,,,0,0
50154,836.736,,,0,0
50157,836.786,,,0,0
50160,836.836,,,0,0
50163,836.886,,,0,0
50166,836.936,,,0,0
50169,836.986,,,0,0
50172,837.036,,,0,0
50175,837.086,,,0,0
50178,837.136,,,0,0
50181,837.186,,,0,0
50184,837.236,,,0,0
50187,837.286,,,0,0
50190,837.337,,,0,0
50193,837.387,,,0,0
50196,837.437,,,0,0
50199,837.487,,,0,0
50202,837.537,,,0,0
50205,837.587,,,0,0
50208,837.637,,,0,0
50211,837.687,,,0,0
50214,837.737,,,0,0
50217,837.787,,,0,0
50220,837.837,,,0,0
50223,837.887,,,0,0
50226,837.937,,,0,0
50229,837.987,,,0,0
50232,838.037,,,0,0
50235,838.087,,,0,0
50238,838.137,,,0,0
50241,838.187,,,0,0
50244,838.237,,,0,0
50247,838.287,,,0,0
50250,838.337,,,0,0
50253,838.388,,,0,0
50256,838.438,,,0,0
50259,838.488,,,0,0
50262,838.538,,,0,0
50265,838.588,,,0,0
50268,838.638,,,0,0
50271,838.688,,,0,0
50274,838.738,,,0,0
50277,838.788,,,0,0
50280,838.838,,,0,0
50283,838.888,,,0,0
50286,838.938,,,0,0
50289,838.988,,,0,0
50292,839.038,,,0,0
50295,839.088,,,0,0
50298,839.138,,,0,0
50301,839.188,,,0,0
50304,839.238,,,0,0
50307,839.288,,,0,0
50310,839.339,,,0,0
50313,839.389,,,0,0
50316,839.439,,,0,0
50319,839.489,,,0,0
50322,839.539,,,0,0
50325,839.589,,,0,0
50328,839.639,,,0,0
50331,839.689,,,0,0
50334,839.739,,,0,0
50337,839.789,,,0,0
50340,839.839,,,0,0
50343,839.889,,,0,0
50346,839.939,,,0,0
50349,839.989,,,0,0
50352,840.039,,,0,0
50355,840.089,,,0,0
50358,840.139,,,0,0
50361,840.189,,,0,0
50364,840.239,,,0,0
50367,840.289,,,0,0
50370,840.34,,,0,0
50373,840.39,,,0,0
50376,840.44,,,0,0
50379,840.49,,,0,0
50382,840.54,,,0,0
50385,840.59,,,0,0
50388,840.64,,,0,0
50391,840.69,,,0,0
50394,840.74,,,0,0
50397,840.79,,,0,0
50400,840.84,,,0,0
50403,840.89,,,0,0
50406,840.94,,,0,0
50409,840.99,,,0,0
50412,841.04,,,0,0
50415,841.09,,,0,0
50418,841.14,,,0,0
50421,841.19,,,0,0
50424,841.24,,,0,0
50427,841.29,,,0,0
50430,841.341,,,0,0
50433,841.391,,,0,0
50436,841.441,,,0,0
50439,841.491,,,0,0
50442,841.541,,,0,0
50445,841.591,,,0,0
50448,841.641,,,0,0
50451,841.691,,,0,0
50454,841.741,,,0,0
50457,841.791,,,0,0
50460,841.841,,,0,0
50463,841.891,,,0,0
50466,841.941,,,0,0
50469,841.991,,,0,0
50472,842.041,,,0,0
50475,842.091,,,0,0
50478,842.141,,,0,0
50481,842.191,,,0,0
50484,842.241,,,0,0
50487,842.291,,,0,0
50490,842.341,,,0,0
50493,842.392,,,0,0
50496,842.442,,,0,0
50499,842.492,,,0,0
50502,842.542,,,0,0
50505,842.592,,,0,0
50508,842.642,,,0,0
50511,842.692,,,0,0
50514,842.742,,,0,0
50517,842.792,,,0,0
50520,842.842,,,0,0
50523,842.892,,,0,0
50526,842.942,,,0,0
50529,842.992,,,0,0
50532,843.042,,,0,0
50535,843.092,,,0,0
50538,843.142,,,0,0
50541,843.192,,,0,0
50544,843.242,,,0,0
50547,843.292,,,0,0
50550,843.342,,,0,0
50553,843.393,,,0,0
50556,843.443,,,0,0
50559,843.493,,,0,0
50562,843.543,,,0,0
50565,843.593,,,0,0
50568,843.643,,,0,0
50571,843.693,,,0,0
50574,843.743,,,0,0
50577,843.793,,,0,0
50580,843.843,,,0,0
50583,843.893,,,0,0
50586,843.943,,,0,0
50589,843.993,,,0,0
50592,844.043,,,0,0
50595,844.093,,,0,0
50598,844.143,,,0,0
50601,844.193,,,0,0
50604,844.243,,,0,0
50607,844.293,,,0,0
50610,844.344,,,0,0
50613,844.394,,,0,0
50616,844.444,,,0,0
50619,844.494,,,0,0
50622,844.544,,,0,0
50625,844.594,,,0,0
50628,844.644,,,0,0
50631,844.694,,,0,0
50634,844.744,,,0,0
50637,844.794,,,0,0
50640,844.844,,,0,0
50643,844.894,,,0,0
50646,844.944,,,0,0
50649,844.994,,,0,0
50652,845.044,,,0,0
50655,845.094,,,0,0
50658,845.144,,,0,0
50661,845.194,,,0,0
50664,845.244,,,0,0
50667,845.294,,,0,0
50670,845.345,,,0,0
50673,845.395,,,0,0
50676,845.445,,,0,0
50679,845.495,,,0,0
50682,845.545,,,0,0
50685,845.595,,,0,0
50688,845.645,,,0,0
50691,845.695,,,0,0
50694,845.745,,,0,0
50697,845.795,,,0,0
50700,845.845,,,0,0
50703,845.895,,,0,0
50706,845.945,,,0,0
50709,845.995,,,0,0
50712,846.045,,,0,0
50715,846.095,,,0,0
50718,846.145,,,0,0
50721,846.195,,,0,0
50724,846.245,,,0,0
50727,846.295,,,0,0
50730,846.346,,,0,0
50733,846.396,,,0,0
50736,846.446,,,0,0
50739,846.496,,,0,0
50742,846.546,,,0,0
50745,846.596,,,0,0
50748,846.646,,,0,0
50751,846.696,,,0,0
50754,846.746,,,0,0
50757,846.796,,,0,0
50760,846.846,,,0,0
50763,846.896,,,0,0
50766,846.946,,,0,0
50769,846.996,,,0,0
50772,847.046,,,0,0
50775,847.096,,,0,0
50778,847.146,,,0,0
50781,847.196,,,0,0
50784,847.246,,,0,0
50787,847.296,,,0,0
50790,847.346,,,0,0
50793,847.397,,,0,0
50796,847.447,,,0,0
50799,847.497,,,0,0
50802,847.547,,,0,0
50805,847.597,,,0,0
50808,847.647,,,0,0
50811,847.697,,,0,0
50814,847.747,,,0,0
50817,847.797,,,0,0
50820,847.847,,,0,0
50823,847.897,,,0,0
50826,847.947,,,0,0
50829,847.997,,,0,0
50832,848.047,,,0,0
50835,848.097,,,0,0
50838,848.147,,,0,0
50841,848.197,,,0,0
50844,848.247,,,0,0
50847,848.297,,,0,0
50850,848.347,,,0,0
50853,848.398,,,0,0
50856,848.448,,,0,0
50859,848.498,,,0,0
50862,848.548,,,0,0
50865,848.598,,,0,0
50868,848.648,,,0,0
50871,848.698,,,0,0
50874,848.748,,,0,0
50877,848.798,,,0,0
50880,848.848,,,0,0
50883,848.898,,,0,0
50886,848.948,,,0,0
50889,848.998,,,0,0
50892,849.048,,,0,0
50895,849.098,,,0,0
50898,849.148,,,0,0
50901,849.198,,,0,0
50904,849.248,,,0,0
50907,849.298,,,0,0
50910,849.349,,,0,0
50913,849.399,,,0,0
50916,849.449,,,0,0
50919,849.499,,,0,0
50922,849.549,,,0,0
50925,849.599,,,0,0
50928,849.649,,,0,0
50931,849.699,,,0,0
50934,849.749,,,0,0
50937,849.799,,,0,0
50940,849.849,,,0,0
50943,849.899,,,0,0
50946,849.949,,,0,0
50949,849.999,,,0,0
50952,850.049,,,0,0
50955,850.099,,,0,0
50958,850.149,,,0,0
50961,850.199,,,0,0
50964,850.249,,,0,0
50967,850.299,,,0,0
50970,850.35,,,0,0
50973,850.4,,,0,0
50976,850.45,,,0,0
50979,850.5,,,0,0
50982,850.55,,,0,0
50985,850.6,,,0,0
50988,850.65,,,0,0
50991,850.7,,,0,0
50994,850.75,,,0,0
50997,850.8,,,0,0
51000,850.85,,,0,0
51003,850.9,,,0,0
51006,850.95,,,0,0
51009,851.0,,,0,0
51012,851.05,,,0,0
51015,851.1,,,0,0
51018,851.15,,,0,0
51021,851.2,,,0,0
51024,851.25,,,0,0
51027,851.3,,,0,0
51030,851.351,,,0,0
51033,851.401,,,0,0
51036,851.451,,,0,0
51039,851.501,,,0,0
51042,851.551,,,0,0
51045,851.601,,,0,0
51048,851.651,,,0,0
51051,851.701,,,0,0
51054,851.751,,,0,0
51057,851.801,,,0,0
51060,851.851,,,0,0
51063,851.901,,,0,0
51066,851.951,,,0,0
51069,852.001,,,0,0
51072,852.051,,,0,0
51075,852.101,,,0,0
51078,852.151,,,0,0
51081,852.201,,,0,0
51084,852.251,,,0,0
51087,852.301,,,0,0
51090,852.351,,,0,0
51093,852.402,,,0,0
51096,852.452,,,0,0
51099,852.502,,,0,0
51102,852.552,,,0,0
51105,852.602,,,0,0
51108,852.652,,,0,0
51111,852.702,,,0,0
51114,852.752,,,0,0
51117,852.802,,,0,0
51120,852.852,,,0,0
51123,852.902,,,0,0
51126,852.952,,,0,0
51129,853.002,,,0,0
51132,853.052,,,0,0
51135,853.102,,,0,0
51138,853.152,,,0,0
51141,853.202,,,0,0
51144,853.252,,,0,0
51147,853.302,,,0,0
51150,853.352,,,0,0
51153,853.403,,,0,0
51156,853.453,,,0,0
51159,853.503,,,0,0
51162,853.553,,,0,0
51165,853.603,,,0,0
51168,853.653,,,0,0
51171,853.703,,,0,0
51174,853.753,,,0,0
51177,853.803,,,0,0
51180,853.853,,,0,0
51183,853.903,,,0,0
51186,853.953,,,0,0
51189,854.003,,,0,0
51192,854.053,,,0,0
51195,854.103,,,0,0
51198,854.153,,,0,0
51201,854.203,,,0,0
51204,854.253,,,0,0
51207,854.303,,,0,0
51210,854.354,,,0,0
51213,854.404,,,0,0
51216,854.454,,,0,0
51219,854.504,,,0,0
51222,854.554,,,0,0
51225,854.604,,,0,0
51228,854.654,,,0,0
51231,854.704,,,0,0
51234,854.754,,,0,0
51237,854.804,,,0,0
51240,854.854,,,0,0
51243,854.904,,,0,0
51246,854.954,,,0,0
51249,855.004,,,0,0
51252,855.054,,,0,0
51255,855.104,,,0,0
51258,855.154,,,0,0
51261,855.204,,,0,0
51264,855.254,,,0,0
51267,855.304,,,0,0
51270,855.355,,,0,0
51273,855.405,,,0,0
51276,855.455,,,0,0
51279,855.505,,,0,0
51282,855.555,,,0,0
51285,855.605,,,0,0
51288,855.655,,,0,0
51291,855.705,,,0,0
51294,855.755,,,0,0
51297,855.805,,,0,0
51300,855.855,,,0,0
51303,855.905,,,0,0
51306,855.955,,,0,0
51309,856.005,,,0,0
51312,856.055,,,0,0
51315,856.105,,,0,0
51318,856.155,,,0,0
51321,856.205,,,0,0
51324,856.255,,,0,0
51327,856.305,,,0,0
51330,856.356,,,0,0
51333,856.406,,,0,0
51336,856.456,,,0,0
51339,856.506,,,0,0
51342,856.556,,,0,0
51345,856.606,,,0,0
51348,856.656,,,0,0
51351,856.706,,,0,0
51354,856.756,,,0,0
51357,856.806,,,0,0
51360,856.856,,,0,0
51363,856.906,,,0,0
51366,856.956,,,0,0
51369,857.006,,,0,0
51372,857.056,,,0,0
51375,857.106,,,0,0
51378,857.156,,,0,0
51381,857.206,,,0,0
51384,857.256,,,0,0
51387,857.306,,,0,0
51390,857.356,,,0,0
51393,857.407,,,0,0
51396,857.457,,,0,0
51399,857.507,,,0,0
51402,857.557,,,0,0
51405,857.607,,,0,0
51408,857.657,,,0,0
51411,857.707,,,0,0
51414,857.757,,,0,0
51417,857.807,,,0,0
51420,857.857,,,0,0
51423,857.907,,,0,0
51426,857.957,,,0,0
51429,858.007,,,0,0
51432,858.057,,,0,0
51435,858.107,,,0,0
51438,858.157,,,0,0
51441,858.207,,,0,0
51444,858.257,,,0,0
51447,858.307,,,0,0
51450,858.357,,,0,0
51453,858.408,,,0,0
51456,858.458,,,0,0
51459,858.508,,,0,0
51462,858.558,,,0,0
51465,858.608,,,0,0
51468,858.658,,,0,0
51471,858.708,,,0,0
51474,858.758,,,0,0
51477,858.808,,,0,0
51480,858.858,,,0,0
51483,858.908,,,0,0
51486,858.958,,,0,0
51489,859.008,,,0,0
51492,859.058,,,0,0
51495,859.108,,,0,0
51498,859.158,,,0,0
51501,859.208,,,0,0
51504,859.258,,,0,0
51507,859.308,,,0,0
51510,859.359,,,0,0
51513,859.409,,,0,0
51516,859.459,,,0,0
51519,859.509,,,0,0
51522,859.559,,,0,0
51525,859.609,,,0,0
51528,859.659,,,0,0
51531,859.709,,,0,0
51534,859.759,,,0,0
51537,859.809,,,0,0
51540,859.859,,,0,0
51543,859.909,,,0,0
51546,859.959,,,0,0
51549,860.009,,,0,0
51552,860.059,,,0,0
51555,860.109,,,0,0
51558,860.159,,,0,0
51561,860.209,,,0,0
51564,860.259,,,0,0
51567,860.309,,,0,0
51570,860.36,,,0,0
51573,860.41,,,0,0
51576,860.46,,,0,0
51579,860.51,,,0,0
51582,860.56,,,0,0
51585,860.61,,,0,0
51588,860.66,,,0,0
51591,860.71,,,0,0
51594,860.76,,,0,0
51597,860.81,,,0,0
51600,860.86,,,0,0
51603,860.91,,,0,0
51606,860.96,,,0,0
51609,861.01,,,0,0
51612,861.06,,,0,0
51615,861.11,,,0,0
51618,861.16,,,0,0
51621,861.21,,,0,0
51624,861.26,,,0,0
51627,861.31,,,0,0
51630,861.361,,,0,0
51633,861.411,,,0,0
51636,861.461,,,0,0
51639,861.511,,,0,0
51642,861.561,,,0,0
51645,861.611,,,0,0
51648,861.661,,,0,0
51651,861.711,,,0,0
51654,861.761,,,0,0
51657,861.811,,,0,0
51660,861.861,,,0,0
51663,861.911,,,0,0
51666,861.961,,,0,0
51669,862.011,,,0,0
51672,862.061,,,0,0
51675,862.111,,,0,0
51678,862.161,,,0,0
51681,862.211,,,0,0
51684,862.261,,,0,0
51687,862.311,,,0,0
51690,862.361,,,0,0
51693,862.412,,,0,0
51696,862.462,,,0,0
51699,862.512,,,0,0
51702,862.562,,,0,0
51705,862.612,,,0,0
51708,862.662,,,0,0
51711,862.712,,,0,0
51714,862.762,,,0,0
51717,862.812,,,0,0
51720,862.862,,,0,0
51723,862.912,,,0,0
51726,862.962,,,0,0
51729,863.012,,,0,0
51732,863.062,,,0,0
51735,863.112,,,0,0
51738,863.162,,,0,0
51741,863.212,,,0,0
51744,863.262,,,0,0
51747,863.312,,,0,0
51840,864.864,,,0,0
51843,864.914,,,0,0
51846,864.964,,,0,0
51849,865.014,,,0,0
51852,865.064,,,0,0
51855,865.114,,,0,0
51858,865.164,,,0,0
51861,865.214,,,0,0
51864,865.264,,,0,0
51867,865.314,,,0,0
51870,865.365,,,0,0
51873,865.415,,,0,0
51876,865.465,,,0,0
51879,865.515,,,0,0
51882,865.565,,,0,0
51885,865.615,,,0,0
51888,865.665,,,0,0
51891,865.715,,,0,0
51894,865.765,,,0,0
51897,865.815,,,0,0
51900,865.865,,,0,0
51903,865.915,,,0,0
51906,865.965,,,0,0
51909,866.015,,,0,0
51912,866.065,,,0,0
51915,866.115,,,0,0
51918,866.165,,,0,0
51921,866.215,,,0,0
51924,866.265,,,0,0
51927,866.315,,,0,0
51930,866.365,,,0,0
51933,866.416,,,0,0
51936,866.466,,,0,0
51939,866.516,,,0,0
51942,866.566,,,0,0
51945,866.616,,,0,0
51948,866.666,,,0,0
51951,866.716,,,0,0
51954,866.766,,,0,0
51957,866.816,,,0,0
51960,866.866,,,0,0
51963,866.916,,,0,0
51966,866.966,,,0,0
51969,867.016,,,0,0
51972,867.066,,,0,0
51975,867.116,,,0,0
51978,867.166,,,0,0
51981,867.216,,,0,0
51984,867.266,,,0,0
51987,867.316,,,0,0
51990,867.366,,,0,0
51993,867.417,,,0,0
51996,867.467,,,0,0
51999,867.517,,,0,0
52002,867.567,,,0,0
52005,867.617,,,0,0
52008,867.667,,,0,0
52011,867.717,,,0,0
52014,867.767,,,0,0
52017,867.817,,,0,0
52020,867.867,,,0,0
52023,867.917,,,0,0
52026,867.967,,,0,0
52029,868.017,,,0,0
52032,868.067,,,0,0
52035,868.117,,,0,0
52038,868.167,,,0,0
52041,868.217,,,0,0
52044,868.267,,,0,0
52047,868.317,,,0,0
52050,868.368,,,0,0
52053,868.418,,,0,0
52056,868.468,,,0,0
52059,868.518,,,0,0
52062,868.568,,,0,0
52065,868.618,,,0,0
52068,868.668,,,0,0
52071,868.718,,,0,0
52074,868.768,,,0,0
52077,868.818,,,0,0
52080,868.868,,,0,0
52083,868.918,,,0,0
52086,868.968,,,0,0
52089,869.018,,,0,0
52092,869.068,,,0,0
52095,869.118,,,0,0
52098,869.168,,,0,0
52101,869.218,,,0,0
52104,869.268,,,0,0
52107,869.318,,,0,0
52110,869.369,,,0,0
52113,869.419,,,0,0
52116,869.469,,,0,0
52119,869.519,,,0,0
52122,869.569,,,0,0
52125,869.619,,,0,0
52128,869.669,,,0,0
52131,869.719,,,0,0
52134,869.769,,,0,0
52137,869.819,,,0,0
52140,869.869,,,0,0
52143,869.919,,,0,0
52146,869.969,,,0,0
52149,870.019,,,0,0
52152,870.069,,,0,0
52155,870.119,,,0,0
52158,870.169,,,0,0
52161,870.219,,,0,0
52164,870.269,,,0,0
52167,870.319,,,0,0
52170,870.37,,,0,0
52173,870.42,,,0,0
52176,870.47,,,0,0
52179,870.52,,,0,0
52182,870.57,,,0,0
52185,870.62,,,0,0
52188,870.67,,,0,0
52191,870.72,,,0,0
52194,870.77,,,0,0
52197,870.82,,,0,0
52200,870.87,,,0,0
52203,870.92,,,0,0
52206,870.97,,,0,0
52209,871.02,,,0,0
52212,871.07,,,0,0
52215,871.12,,,0,0
52218,871.17,,,0,0
52221,871.22,,,0,0
52224,871.27,,,0,0
52227,871.32,,,0,0
52230,871.37,,,0,0
52233,871.421,,,0,0
52236,871.471,,,0,0
52239,871.521,,,0,0
52242,871.571,,,0,0
52245,871.621,,,0,0
52248,871.671,,,0,0
52251,871.721,,,0,0
52254,871.771,,,0,0
52257,871.821,,,0,0
52260,871.871,,,0,0
52263,871.921,,,0,0
52266,871.971,,,0,0
52269,872.021,,,0,0
52272,872.071,,,0,0
52275,872.121,,,0,0
52278,872.171,,,0,0
52281,872.221,,,0,0
52284,872.271,,,0,0
52287,872.321,,,0,0
52290,872.371,,,0,0
52293,872.422,,,0,0
52296,872.472,,,0,0
52299,872.522,,,0,0
52302,872.572,,,0,0
52305,872.622,,,0,0
52308,872.672,,,0,0
52311,872.722,,,0,0
52314,872.772,,,0,0
52317,872.822,,,0,0
52320,872.872,,,0,0
52323,872.922,,,0,0
52326,872.972,,,0,0
52329,873.022,,,0,0
52332,873.072,,,0,0
52335,873.122,,,0,0
52338,873.172,,,0,0
52341,873.222,,,0,0
52344,873.272,,,0,0
52347,873.322,,,0,0
52350,873.373,,,0,0
52353,873.423,,,0,0
52356,873.473,,,0,0
52359,873.523,,,0,0
52362,873.573,,,0,0
52365,873.623,,,0,0
52368,873.673,,,0,0
52371,873.723,,,0,0
52374,873.773,,,0,0
52377,873.823,,,0,0
52380,873.873,,,0,0
52383,873.923,,,0,0
52386,873.973,,,0,0
52389,874.023,,,0,0
52392,874.073,,,0,0
52395,874.123,,,0,0
52398,874.173,,,0,0
52401,874.223,,,0,0
52404,874.273,,,0,0
52407,874.323,,,0,0
52410,874.374,,,0,0
52413,874.424,,,0,0
52416,874.474,,,0,0
52419,874.524,,,0,0
52422,874.574,,,0,0
52425,874.624,,,0,0
52428,874.674,,,0,0
52431,874.724,,,0,0
52434,874.774,,,0,0
52437,874.824,,,0,0
52440,874.874,,,0,0
52443,874.924,,,0,0
52446,874.974,,,0,0
52449,875.024,,,0,0
52452,875.074,,,0,0
52455,875.124,,,0,0
52458,875.174,,,0,0
52461,875.224,,,0,0
52464,875.274,,,0,0
52467,875.324,,,0,0
52470,875.375,,,0,0
52473,875.425,,,0,0
52476,875.475,,,0,0
52479,875.525,,,0,0
52482,875.575,,,0,0
52485,875.625,,,0,0
52488,875.675,,,0,0
52491,875.725,,,0,0
52494,875.775,,,0,0
52497,875.825,,,0,0
52500,875.875,,,0,0
52503,875.925,,,0,0
52506,875.975,,,0,0
52509,876.025,,,0,0
52512,876.075,,,0,0
52515,876.125,,,0,0
52518,876.175,,,0,0
52521,876.225,,,0,0
52524,876.275,,,0,0
52527,876.325,,,0,0
52530,876.375,,,0,0
52533,876.426,,,0,0
52536,876.476,,,0,0
52539,876.526,,,0,0
52542,876.576,,,0,0
52545,876.626,,,0,0
52548,876.676,,,0,0
52551,876.726,,,0,0
52554,876.776,,,0,0
52557,876.826,,,0,0
52560,876.876,,,0,0
52563,876.926,,,0,0
52566,876.976,,,0,0
52569,877.026,,,0,0
52572,877.076,,,0,0
52575,877.126,,,0,0
52578,877.176,,,0,0
52581,877.226,,,0,0
52584,877.276,,,0,0
52587,877.326,,,0,0
52590,877.376,,,0,0
52593,877.427,,,0,0
52596,877.477,,,0,0
52599,877.527,,,0,0
52602,877.577,,,0,0
52605,877.627,,,0,0
52608,877.677,,,0,0
52611,877.727,,,0,0
52614,877.777,,,0,0
52617,877.827,,,0,0
52620,877.877,,,0,0
52623,877.927,,,0,0
52626,877.977,,,0,0
52629,878.027,,,0,0
52632,878.077,,,0,0
52635,878.127,,,0,0
52638,878.177,,,0,0
52641,878.227,,,0,0
52644,878.277,,,0,0
52647,878.327,,,0,0
52650,878.378,,,0,0
52653,878.428,,,0,0
52656,878.478,,,0,0
52659,878.528,,,0,0
52662,878.578,,,0,0
52665,878.628,,,0,0
52668,878.678,,,0,0
52671,878.728,,,0,0
52674,878.778,,,0,0
52677,878.828,,,0,0
52680,878.878,,,0,0
52683,878.928,,,0,0
52686,878.978,,,0,0
52689,879.028,,,0,0
52692,879.078,,,0,0
52695,879.128,,,0,0
52698,879.178,,,0,0
52701,879.228,,,0,0
52704,879.278,,,0,0
52707,879.328,,,0,0
52710,879.379,,,0,0
52713,879.429,,,0,0
52716,879.479,,,0,0
52719,879.529,,,0,0
52722,879.579,,,0,0
52725,879.629,,,0,0
52728,879.679,,,0,0
52731,879.729,,,0,0
52734,879.779,,,0,0
52737,879.829,,,0,0
52740,879.879,,,0,0
52743,879.929,,,0,0
52746,879.979,,,0,0
52749,880.029,,,0,0
52752,880.079,,,0,0
52755,880.129,,,0,0
52758,880.179,,,0,0
52761,880.229,,,0,0
52764,880.279,,,0,0
52767,880.329,,,0,0
52770,880.38,,,0,0
52773,880.43,,,0,0
52776,880.48,,,0,0
52779,880.53,,,0,0
52782,880.58,,,0,0
52785,880.63,,,0,0
52788,880.68,,,0,0
52791,880.73,,,0,0
52794,880.78,,,0,0
52797,880.83,,,0,0
52800,880.88,,,0,0
52803,880.93,,,0,0
52806,880.98,,,0,0
52809,881.03,,,0,0
52812,881.08,,,0,0
52815,881.13,,,0,0
52818,881.18,,,0,0
52821,881.23,,,0,0
52824,881.28,,,0,0
52827,881.33,,,0,0
52830,881.38,,,0,0
52833,881.431,,,0,0
52836,881.481,,,0,0
52839,881.531,,,0,0
52842,881.581,,,0,0
52845,881.631,,,0,0
52848,881.681,,,0,0
52851,881.731,,,0,0
52854,881.781,,,0,0
52857,881.831,,,0,0
52860,881.881,,,0,0
52863,881.931,,,0,0
52866,881.981,,,0,0
52869,882.031,,,0,0
52872,882.081,,,0,0
52875,882.131,,,0,0
52878,882.181,,,0,0
52881,882.231,,,0,0
52884,882.281,,,0,0
52887,882.331,,,0,0
52890,882.381,,,0,0
52893,882.432,,,0,0
52896,882.482,,,0,0
52899,882.532,,,0,0
52902,882.582,,,0,0
52905,882.632,,,0,0
52908,882.682,,,0,0
52911,882.732,,,0,0
52914,882.782,,,0,0
52917,882.832,,,0,0
52920,882.882,,,0,0
52923,882.932,,,0,0
52926,882.982,,,0,0
52929,883.032,,,0,0
52932,883.082,,,0,0
52935,883.132,,,0,0
52938,883.182,,,0,0
52941,883.232,,,0,0
52944,883.282,,,0,0
52947,883.332,,,0,0
52950,883.383,,,0,0
52953,883.433,,,0,0
52956,883.483,,,0,0
52959,883.533,,,0,0
52962,883.583,,,0,0
52965,883.633,,,0,0
52968,883.683,,,0,0
52971,883.733,,,0,0
52974,883.783,,,0,0
52977,883.833,,,0,0
52980,883.883,,,0,0
52983,883.933,,,0,0
52986,883.983,,,0,0
52989,884.033,,,0,0
52992,884.083,,,0,0
52995,884.133,,,0,0
52998,884.183,,,0,0
53001,884.233,,,0,0
53004,884.283,,,0,0
53007,884.333,,,0,0
53010,884.384,,,0,0
53013,884.434,,,0,0
53016,884.484,,,0,0
53019,884.534,,,0,0
53022,884.584,,,0,0
53025,884.634,,,0,0
53028,884.684,,,0,0
53031,884.734,,,0,0
53034,884.784,,,0,0
53037,884.834,,,0,0
53040,884.884,,,0,0
53043,884.934,,,0,0
53046,884.984,,,0,0
53049,885.034,,,0,0
53052,885.084,,,0,0
53055,885.134,,,0,0
53058,885.184,,,0,0
53061,885.234,,,0,0
53064,885.284,,,0,0
53067,885.334,,,0,0
53070,885.385,,,0,0
53073,885.435,,,0,0
53076,885.485,,,0,0
53079,885.535,,,0,0
53082,885.585,,,0,0
53085,885.635,,,0,0
53088,885.685,,,0,0
53091,885.735,,,0,0
53094,885.785,,,0,0
53097,885.835,,,0,0
53100,885.885,,,0,0
53103,885.935,,,0,0
53106,885.985,,,0,0
53109,886.035,,,0,0
53112,886.085,,,0,0
53115,886.135,,,0,0
53118,886.185,,,0,0
53121,886.235,,,0,0
53124,886.285,,,0,0
53127,886.335,,,0,0
53130,886.385,,,0,0
53133,886.436,,,0,0
53136,886.486,,,0,0
53139,886.536,,,0,0
53142,886.586,,,0,0
53145,886.636,,,0,0
53148,886.686,,,0,0
53151,886.736,,,0,0
53154,886.786,,,0,0
53157,886.836,,,0,0
53160,886.886,,,0,0
53163,886.936,,,0,0
53166,886.986,,,0,0
53169,887.036,,,0,0
53172,887.086,,,0,0
53175,887.136,,,0,0
53178,887.186,,,0,0
53181,887.236,,,0,0
53184,887.286,,,0,0
53187,887.336,,,0,0
53190,887.387,,,0,0
53193,887.437,,,0,0
53196,887.487,,,0,0
53199,887.537,,,0,0
53202,887.587,,,0,0
53205,887.637,,,0,0
53208,887.687,,,0,0
53211,887.737,,,0,0
53214,887.787,,,0,0
53217,887.837,,,0,0
53220,887.887,,,0,0
53223,887.937,,,0,0
53226,887.987,,,0,0
53229,888.037,,,0,0
53232,888.087,,,0,0
53235,888.137,,,0,0
53238,888.187,,,0,0
53241,888.237,,,0,0
53244,888.287,,,0,0
53247,888.337,,,0,0
53250,888.388,,,0,0
53253,888.438,,,0,0
53256,888.488,,,0,0
53259,888.538,,,0,0
53262,888.588,,,0,0
53265,888.638,,,0,0
53268,888.688,,,0,0
53271,888.738,,,0,0
53274,888.788,,,0,0
53277,888.838,,,0,0
53280,888.888,,,0,0
53283,888.938,,,0,0
53286,888.988,,,0,0
53289,889.038,,,0,0
53292,889.088,,,0,0
53295,889.138,,,0,0
53298,889.188,,,0,0
53301,889.238,,,0,0
53304,889.288,,,0,0
53307,889.338,,,0,0
53310,889.389,,,0,0
53313,889.439,,,0,0
53316,889.489,,,0,0
53319,889.539,,,0,0
53322,889.589,,,0,0
53325,889.639,,,0,0
53328,889.689,,,0,0
53331,889.739,,,0,0
53334,889.789,,,0,0
53337,889.839,,,0,0
53340,889.889,,,0,0
53343,889.939,,,0,0
53346,889.989,,,0,0
53349,890.039,,,0,0
53352,890.089,,,0,0
53355,890.139,,,0,0
53358,890.189,,,0,0
53361,890.239,,,0,0
53364,890.289,,,0,0
53367,890.339,,,0,0
53370,890.389,,,0,0
53373,890.44,,,0,0
53376,890.49,,,0,0
53379,890.54,,,0,0
53382,890.59,,,0,0
53385,890.64,,,0,0
53388,890.69,,,0,0
53391,890.74,,,0,0
53394,890.79,,,0,0
53397,890.84,,,0,0
53400,890.89,,,0,0
53403,890.94,,,0,0
53406,890.99,,,0,0
53409,891.04,,,0,0
53412,891.09,,,0,0
53415,891.14,,,0,0
53418,891.19,,,0,0
53421,891.24,,,0,0
53424,891.29,,,0,0
53427,891.34,,,0,0
53430,891.39,,,0,0
53433,891.441,,,0,0
53436,891.491,,,0,0
53439,891.541,,,0,0
53442,891.591,,,0,0
53445,891.641,,,0,0
53448,891.691,,,0,0
53451,891.741,,,0,0
53454,891.791,,,0,0
53457,891.841,,,0,0
53460,891.891,,,0,0
53463,891.941,,,0,0
53466,891.991,,,0,0
53469,892.041,,,0,0
53472,892.091,,,0,0
53475,892.141,,,0,0
53478,892.191,,,0,0
53481,892.241,,,0,0
53484,892.291,,,0,0
53487,892.341,,,0,0
53490,892.392,,,0,0
53493,892.442,,,0,0
53496,892.492,,,0,0
53499,892.542,,,0,0
53502,892.592,,,0,0
53505,892.642,,,0,0
53508,892.692,,,0,0
53511,892.742,,,0,0
53514,892.792,,,0,0
53517,892.842,,,0,0
53520,892.892,,,0,0
53523,892.942,,,0,0
53526,892.992,,,0,0
53529,893.042,,,0,0
53532,893.092,,,0,0
53535,893.142,,,0,0
53538,893.192,,,0,0
53541,893.242,,,0,0
53544,893.292,,,0,0
53547,893.342,,,0,0
53550,893.393,,,0,0
53553,893.443,,,0,0
53556,893.493,,,0,0
53559,893.543,,,0,0
53562,893.593,,,0,0
53565,893.643,,,0,0
53568,893.693,,,0,0
53571,893.743,,,0,0
53574,893.793,,,0,0
53577,893.843,,,0,0
53580,893.893,,,0,0
53583,893.943,,,0,0
53586,893.993,,,0,0
53589,894.043,,,0,0
53592,894.093,,,0,0
53595,894.143,,,0,0
53598,894.193,,,0,0
53601,894.243,,,0,0
53604,894.293,,,0,0
53607,894.343,,,0,0
53610,894.394,,,0,0
53613,894.444,,,0,0
53616,894.494,,,0,0
53619,894.544,,,0,0
53622,894.594,,,0,0
53625,894.644,,,0,0
53628,894.694,,,0,0
53631,894.744,,,0,0
53634,894.794,,,0,0
53637,894.844,,,0,0
53640,894.894,,,0,0
53643,894.944,,,0,0
53646,894.994,,,0,0
53649,895.044,,,0,0
53652,895.094,,,0,0
53655,895.144,,,0,0
53658,895.194,,,0,0
53661,895.244,,,0,0
53664,895.294,,,0,0
53667,895.344,,,0,0
53670,895.394,,,0,0
53673,895.445,,,0,0
53676,895.495,,,0,0
53679,895.545,,,0,0
53682,895.595,,,0,0
53685,895.645,,,0,0
53688,895.695,,,0,0
53691,895.745,,,0,0
53694,895.795,,,0,0
53697,895.845,,,0,0
53700,895.895,,,0,0
53703,895.945,,,0,0
53706,895.995,,,0,0
53709,896.045,,,0,0
53712,896.095,,,0,0
53715,896.145,,,0,0
53718,896.195,,,0,0
53721,896.245,,,0,0
53724,896.295,,,0,0
53727,896.345,,,0,0
53730,896.395,,,0,0
53733,896.446,,,0,0
53736,896.496,,,0,0
53739,896.546,,,0,0
53742,896.596,,,0,0
53745,896.646,,,0,0
53748,896.696,,,0,0
53751,896.746,,,0,0
53754,896.796,,,0,0
53757,896.846,,,0,0
53760,896.896,,,0,0
53763,896.946,,,0,0
53766,896.996,,,0,0
53769,897.046,,,0,0
53772,897.096,,,0,0
53775,897.146,,,0,0
53778,897.196,,,0,0
53781,897.246,,,0,0
53784,897.296,,,0,0
53787,897.346,,,0,0
53790,897.397,,,0,0
53793,897.447,,,0,0
53796,897.497,,,0,0
53799,897.547,,,0,0
53802,897.597,,,0,0
53805,897.647,,,0,0
53808,897.697,,,0,0
53811,897.747,,,0,0
53814,897.797,,,0,0
53817,897.847,,,0,0
53820,897.897,,,0,0
53823,897.947,,,0,0
53826,897.997,,,0,0
53829,898.047,,,0,0
53832,898.097,,,0,0
53835,898.147,,,0,0
53838,898.197,,,0,0
53841,898.247,,,0,0
53844,898.297,,,0,0
53847,898.347,,,0,0
53850,898.398,,,0,0
53853,898.448,,,0,0
53856,898.498,,,0,0
53859,898.548,,,0,0
53862,898.598,,,0,0
53865,898.648,,,0,0
53868,898.698,,,0,0
53871,898.748,,,0,0
53874,898.798,,,0,0
53877,898.848,,,0,0
53880,898.898,,,0,0
53883,898.948,,,0,0
53886,898.998,,,0,0
53889,899.048,,,0,0
53892,899.098,,,0,0
53895,899.148,,,0,0
53898,899.198,,,0,0
53901,899.248,,,0,0
53904,899.298,,,0,0
53907,899.348,,,0,0
53910,899.399,,,0,0
53913,899.449,,,0,0
53916,899.499,,,0,0
53919,899.549,,,0,0
53922,899.599,,,0,0
53925,899.649,,,0,0
53928,899.699,,,0,0
53931,899.749,,,0,0
53934,899.799,,,0,0
53937,899.849,,,0,0
53940,899.899,,,0,0
53943,899.949,,,0,0
53946,899.999,,,0,0
53949,900.049,,,0,0
53952,900.099,,,0,0
53955,900.149,,,0,0
53958,900.199,,,0,0
53961,900.249,,,0,0
53964,900.299,,,0,0
53967,900.349,,,0,0
53970,900.399,,,0,0
53973,900.45,,,0,0
53976,900.5,,,0,0
53979,900.55,,,0,0
53982,900.6,,,0,0
53985,900.65,,,0,0
53988,900.7,,,0,0
53991,900.75,,,0,0
53994,900.8,,,0,0
53997,900.85,,,0,0
54000,900.9,,,0,0
54003,900.95,,,0,0
54006,901.0,,,0,0
54009,901.05,,,0,0
54012,901.1,,,0,0
54015,901.15,,,0,0
54018,901.2,,,0,0
54021,901.25,,,0,0
54024,901.3,,,0,0
54027,901.35,,,0,0
54030,901.4,,,0,0
54033,901.451,,,0,0
54036,901.501,,,0,0
54039,901.551,,,0,0
54042,901.601,,,0,0
54045,901.651,,,0,0
54048,901.701,,,0,0
54051,901.751,,,0,0
54054,901.801,,,0,0
54057,901.851,,,0,0
54060,901.901,,,0,0
54063,901.951,,,0,0
54066,902.001,,,0,0
54069,902.051,,,0,0
54072,902.101,,,0,0
54075,902.151,,,0,0
54078,902.201,,,0,0
54081,902.251,,,0,0
54084,902.301,,,0,0
54087,902.351,,,0,0
54090,902.402,,,0,0
54093,902.452,,,0,0
54096,902.502,,,0,0
54099,902.552,,,0,0
54102,902.602,,,0,0
54105,902.652,,,0,0
54108,902.702,,,0,0
54111,902.752,,,0,0
54114,902.802,,,0,0
54117,902.852,,,0,0
54120,902.902,,,0,0
54123,902.952,,,0,0
54126,903.002,,,0,0
54129,903.052,,,0,0
54132,903.102,,,0,0
54135,903.152,,,0,0
54138,903.202,,,0,0
54141,903.252,,,0,0
54144,903.302,,,0,0
54147,903.352,,,0,0
54150,903.403,,,0,0
54153,903.453,,,0,0
54156,903.503,,,0,0
54159,903.553,,,0,0
54162,903.603,,,0,0
54165,903.653,,,0,0
54168,903.703,,,0,0
54171,903.753,,,0,0
54174,903.803,,,0,0
54177,903.853,,,0,0
54180,903.903,,,0,0
54183,903.953,,,0,0
54186,904.003,,,0,0
54189,904.053,,,0,0
54192,904.103,,,0,0
54195,904.153,,,0,0
54198,904.203,,,0,0
54201,904.253,,,0,0
54204,904.303,,,0,0
54207,904.353,,,0,0
54210,904.404,,,0,0
54213,904.454,,,0,0
54216,904.504,,,0,0
54219,904.554,,,0,0
54222,904.604,,,0,0
54225,904.654,,,0,0
54228,904.704,,,0,0
54231,904.754,,,0,0
54234,904.804,,,0,0
54237,904.854,,,0,0
54240,904.904,,,0,0
54243,904.954,,,0,0
54246,905.004,,,0,0
54249,905.054,,,0,0
54252,905.104,,,0,0
54255,905.154,,,0,0
54258,905.204,,,0,0
54261,905.254,,,0,0
54264,905.304,,,0,0
54267,905.354,,,0,0
54270,905.404,,,0,0
54273,905.455,,,0,0
54276,905.505,,,0,0
54279,905.555,,,0,0
54282,905.605,,,0,0
54285,905.655,,,0,0
54288,905.705,,,0,0
54291,905.755,,,0,0
54294,905.805,,,0,0
54297,905.855,,,0,0
54300,905.905,,,0,0
54303,905.955,,,0,0
54306,906.005,,,0,0
54309,906.055,,,0,0
54312,906.105,,,0,0
54315,906.155,,,0,0
54318,906.205,,,0,0
54321,906.255,,,0,0
54324,906.305,,,0,0
54327,906.355,,,0,0
54330,906.405,,,0,0
54333,906.456,,,0,0
54336,906.506,,,0,0
54339,906.556,,,0,0
54342,906.606,,,0,0
54345,906.656,,,0,0
54348,906.706,,,0,0
54351,906.756,,,0,0
54354,906.806,,,0,0
54357,906.856,,,0,0
54360,906.906,,,0,0
54363,906.956,,,0,0
54366,907.006,,,0,0
54369,907.056,,,0,0
54372,907.106,,,0,0
54375,907.156,,,0,0
54378,907.206,,,0,0
54381,907.256,,,0,0
54384,907.306,,,0,0
54387,907.356,,,0,0
54390,907.407,,,0,0
54393,907.457,,,0,0
54396,907.507,,,0,0
54399,907.557,,,0,0
54402,907.607,,,0,0
54405,907.657,,,0,0
54408,907.707,,,0,0
54411,907.757,,,0,0
54414,907.807,,,0,0
54417,907.857,,,0,0
54420,907.907,,,0,0
54423,907.957,,,0,0
54426,908.007,,,0,0
54429,908.057,,,0,0
54432,908.107,,,0,0
54435,908.157,,,0,0
54438,908.207,,,0,0
54441,908.257,,,0,0
54444,908.307,,,0,0
54447,908.357,,,0,0
54450,908.408,,,0,0
54453,908.458,,,0,0
54456,908.508,,,0,0
54459,908.558,,,0,0
54462,908.608,,,0,0
54465,908.658,,,0,0
54468,908.708,,,0,0
54471,908.758,,,0,0
54474,908.808,,,0,0
54477,908.858,,,0,0
54480,908.908,,,0,0
54483,908.958,,,0,0
54486,909.008,,,0,0
54489,909.058,,,0,0
54492,909.108,,,0,0
54495,909.158,,,0,0
54498,909.208,,,0,0
54501,909.258,,,0,0
54504,909.308,,,0,0
54507,909.358,,,0,0
54510,909.409,,,0,0
54513,909.459,,,0,0
54516,909.509,,,0,0
54519,909.559,,,0,0
54522,909.609,,,0,0
54525,909.659,,,0,0
54528,909.709,,,0,0
54531,909.759,,,0,0
54534,909.809,,,0,0
54537,909.859,,,0,0
54540,909.909,,,0,0
54543,909.959,,,0,0
54546,910.009,,,0,0
54549,910.059,,,0,0
54552,910.109,,,0,0
54555,910.159,,,0,0
54558,910.209,,,0,0
54561,910.259,,,0,0
54564,910.309,,,0,0
54567,910.359,,,0,0
54570,910.409,,,0,0
54573,910.46,,,0,0
54576,910.51,,,0,0
54579,910.56,,,0,0
54582,910.61,,,0,0
54585,910.66,,,0,0
54588,910.71,,,0,0
54591,910.76,,,0,0
54594,910.81,,,0,0
54597,910.86,,,0,0
54600,910.91,,,0,0
54603,910.96,,,0,0
54606,911.01,,,0,0
54609,911.06,,,0,0
54612,911.11,,,0,0
54615,911.16,,,0,0
54618,911.21,,,0,0
54621,911.26,,,0,0
54624,911.31,,,0,0
54627,911.36,,,0,0
54630,911.411,,,0,0
54633,911.461,,,0,0
54636,911.511,,,0,0
54639,911.561,,,0,0
54642,911.611,,,0,0
54645,911.661,,,0,0
54648,911.711,,,0,0
54651,911.761,,,0,0
54654,911.811,,,0,0
54657,911.861,,,0,0
54660,911.911,,,0,0
54663,911.961,,,0,0
54666,912.011,,,0,0
54669,912.061,,,0,0
54672,912.111,,,0,0
54675,912.161,,,0,0
54678,912.211,,,0,0
54681,912.261,,,0,0
54684,912.311,,,0,0
54687,912.361,,,0,0
54690,912.412,,,0,0
54693,912.462,,,0,0
54696,912.512,,,0,0
54699,912.562,,,0,0
54702,912.612,,,0,0
54705,912.662,,,0,0
54708,912.712,,,0,0
54711,912.762,,,0,0
54714,912.812,,,0,0
54717,912.862,,,0,0
54720,912.912,,,0,0
54723,912.962,,,0,0
54726,913.012,,,0,0
54729,913.062,,,0,0
54732,913.112,,,0,0
54735,913.162,,,0,0
54738,913.212,,,0,0
54741,913.262,,,0,0
54744,913.312,,,0,0
54747,913.362,,,0,0
54750,913.413,,,0,0
54753,913.463,,,0,0
54756,913.513,,,0,0
54759,913.563,,,0,0
54762,913.613,,,0,0
54765,913.663,,,0,0
54768,913.713,,,0,0
54771,913.763,,,0,0
54774,913.813,,,0,0
54777,913.863,,,0,0
54780,913.913,,,0,0
54783,913.963,,,0,0
54786,914.013,,,0,0
54789,914.063,,,0,0
54792,914.113,,,0,0
54795,914.163,,,0,0
54798,914.213,,,0,0
54801,914.263,,,0,0
54804,914.313,,,0,0
54807,914.363,,,0,0
54810,914.413,,,0,0
54813,914.464,,,0,0
54816,914.514,,,0,0
54819,914.564,,,0,0
54822,914.614,,,0,0
54825,914.664,,,0,0
54828,914.714,,,0,0
54831,914.764,,,0,0
54834,914.814,,,0,0
54837,914.864,,,0,0
54840,914.914,,,0,0
54843,914.964,,,0,0
54846,915.014,,,0,0
54849,915.064,,,0,0
54852,915.114,,,0,0
54855,915.164,,,0,0
54858,915.214,,,0,0
54861,915.264,,,0,0
54864,915.314,,,0,0
54867,915.364,,,0,0
54870,915.414,,,0,0
54873,915.465,,,0,0
54876,915.515,,,0,0
54879,915.565,,,0,0
54882,915.615,,,0,0
54885,915.665,,,0,0
54888,915.715,,,0,0
54891,915.765,,,0,0
54894,915.815,,,0,0
54897,915.865,,,0,0
54900,915.915,,,0,0
54903,915.965,,,0,0
54906,916.015,,,0,0
54909,916.065,,,0,0
54912,916.115,,,0,0
54915,916.165,,,0,0
54918,916.215,,,0,0
54921,916.265,,,0,0
54924,916.315,,,0,0
54927,916.365,,,0,0
54930,916.416,,,0,0
54933,916.466,,,0,0
54936,916.516,,,0,0
54939,916.566,,,0,0
54942,916.616,,,0,0
54945,916.666,,,0,0
54948,916.716,,,0,0
54951,916.766,,,0,0
54954,916.816,,,0,0
54957,916.866,,,0,0
54960,916.916,,,0,0
54963,916.966,,,0,0
54966,917.016,,,0,0
54969,917.066,,,0,0
54972,917.116,,,0,0
54975,917.166,,,0,0
54978,917.216,,,0,0
54981,917.266,,,0,0
54984,917.316,,,0,0
54987,917.366,,,0,0
54990,917.417,,,0,0
54993,917.467,,,0,0
54996,917.517,,,0,0
54999,917.567,,,0,0
55002,917.617,,,0,0
55005,917.667,,,0,0
55008,917.717,,,0,0
55011,917.767,,,0,0
55014,917.817,,,0,0
55017,917.867,,,0,0
55020,917.917,,,0,0
55023,917.967,,,0,0
55026,918.017,,,0,0
55029,918.067,,,0,0
55032,918.117,,,0,0
55035,918.167,,,0,0
55038,918.217,,,0,0
55041,918.267,,,0,0
55044,918.317,,,0,0
55047,918.367,,,0,0
55050,918.418,,,0,0
55053,918.468,,,0,0
55056,918.518,,,0,0
55059,918.568,,,0,0
55062,918.618,,,0,0
55065,918.668,,,0,0
55068,918.718,,,0,0
55071,918.768,,,0,0
55074,918.818,,,0,0
55077,918.868,,,0,0
55080,918.918,,,0,0
55083,918.968,,,0,0
55086,919.018,,,0,0
55089,919.068,,,0,0
55092,919.118,,,0,0
55095,919.168,,,0,0
55098,919.218,,,0,0
55101,919.268,,,0,0
55104,919.318,,,0,0
55107,919.368,,,0,0
55110,919.418,,,0,0
55113,919.469,,,0,0
55116,919.519,,,0,0
55119,919.569,,,0,0
55122,919.619,,,0,0
55125,919.669,,,0,0
55128,919.719,,,0,0
55131,919.769,,,0,0
55134,919.819,,,0,0
55137,919.869,,,0,0
55140,919.919,,,0,0
55143,919.969,,,0,0
55146,920.019,,,0,0
55149,920.069,,,0,0
55152,920.119,,,0,0
55155,920.169,,,0,0
55158,920.219,,,0,0
55161,920.269,,,0,0
55164,920.319,,,0,0
55167,920.369,,,0,0
55170,920.419,,,0,0
55173,920.47,,,0,0
55176,920.52,,,0,0
55179,920.57,,,0,0
55182,920.62,,,0,0
55185,920.67,,,0,0
55188,920.72,,,0,0
55191,920.77,,,0,0
55194,920.82,,,0,0
55197,920.87,,,0,0
55200,920.92,,,0,0
55203,920.97,,,0,0
55206,921.02,,,0,0
55209,921.07,,,0,0
55212,921.12,,,0,0
55215,921.17,,,0,0
55218,921.22,,,0,0
55221,921.27,,,0,0
55224,921.32,,,0,0
55227,921.37,,,0,0
55230,921.421,,,0,0
55233,921.471,,,0,0
55236,921.521,,,0,0
55239,921.571,,,0,0
55242,921.621,,,0,0
55245,921.671,,,0,0
55248,921.721,,,0,0
55251,921.771,,,0,0
55254,921.821,,,0,0
55257,921.871,,,0,0
55260,921.921,,,0,0
55263,921.971,,,0,0
55266,922.021,,,0,0
55269,922.071,,,0,0
55272,922.121,,,0,0
55275,922.171,,,0,0
55278,922.221,,,0,0
55281,922.271,,,0,0
55284,922.321,,,0,0
55287,922.371,,,0,0
55290,922.422,,,0,0
55293,922.472,,,0,0
55296,922.522,,,0,0
55299,922.572,,,0,0
55302,922.622,,,0,0
55305,922.672,,,0,0
55308,922.722,,,0,0
55311,922.772,,,0,0
55314,922.822,,,0,0
55317,922.872,,,0,0
55320,922.922,,,0,0
55323,922.972,,,0,0
55326,923.022,,,0,0
55329,923.072,,,0,0
55332,923.122,,,0,0
55335,923.172,,,0,0
55338,923.222,,,0,0
55341,923.272,,,0,0
55344,923.322,,,0,0
55347,923.372,,,0,0
55350,923.423,,,0,0
55353,923.473,,,0,0
55356,923.523,,,0,0
55359,923.573,,,0,0
55362,923.623,,,0,0
55365,923.673,,,0,0
55368,923.723,,,0,0
55371,923.773,,,0,0
55374,923.823,,,0,0
55377,923.873,,,0,0
55380,923.923,,,0,0
55383,923.973,,,0,0
55386,924.023,,,0,0
55389,924.073,,,0,0
55392,924.123,,,0,0
55395,924.173,,,0,0
55398,924.223,,,0,0
55401,924.273,,,0,0
55404,924.323,,,0,0
55407,924.373,,,0,0
55410,924.423,,,0,0
55413,924.474,,,0,0
55416,924.524,,,0,0
55419,924.574,,,0,0
55422,924.624,,,0,0
55425,924.674,,,0,0
55428,924.724,,,0,0
55431,924.774,,,0,0
55434,924.824,,,0,0
55437,924.874,,,0,0
55440,924.924,,,0,0
55443,924.974,,,0,0
55446,925.024,,,0,0
55449,925.074,,,0,0
55452,925.124,,,0,0
55455,925.174,,,0,0
55458,925.224,,,0,0
55461,925.274,,,0,0
55464,925.324,,,0,0
55467,925.374,,,0,0
55470,925.424,,,0,0
55473,925.475,,,0,0
55476,925.525,,,0,0
55479,925.575,,,0,0
55482,925.625,,,0,0
55485,925.675,,,0,0
55488,925.725,,,0,0
55491,925.775,,,0,0
55494,925.825,,,0,0
55497,925.875,,,0,0
55500,925.925,,,0,0
55503,925.975,,,0,0
55506,926.025,,,0,0
55509,926.075,,,0,0
55512,926.125,,,0,0
55515,926.175,,,0,0
55518,926.225,,,0,0
55521,926.275,,,0,0
55524,926.325,,,0,0
55527,926.375,,,0,0
55530,926.426,,,0,0
55533,926.476,,,0,0
55536,926.526,,,0,0
55539,926.576,,,0,0
55542,926.626,,,0,0
55545,926.676,,,0,0
55548,926.726,,,0,0
55551,926.776,,,0,0
55554,926.826,,,0,0
55557,926.876,,,0,0
55560,926.926,,,0,0
55563,926.976,,,0,0
55566,927.026,,,0,0
55569,927.076,,,0,0
55572,927.126,,,0,0
55575,927.176,,,0,0
55578,927.226,,,0,0
55581,927.276,,,0,0
55584,927.326,,,0,0
55587,927.376,,,0,0
55590,927.427,,,0,0
55593,927.477,,,0,0
55596,927.527,,,0,0
55599,927.577,,,0,0
55602,927.627,,,0,0
55605,927.677,,,0,0
55608,927.727,,,0,0
55611,927.777,,,0,0
55614,927.827,,,0,0
55617,927.877,,,0,0
55620,927.927,,,0,0
55623,927.977,,,0,0
55626,928.027,,,0,0
55629,928.077,,,0,0
55632,928.127,,,0,0
55635,928.177,,,0,0
55638,928.227,,,0,0
55641,928.277,,,0,0
55644,928.327,,,0,0
55647,928.377,,,0,0
55650,928.428,,,0,0
55653,928.478,,,0,0
55656,928.528,,,0,0
55659,928.578,,,0,0
55662,928.628,,,0,0
55665,928.678,,,0,0
55668,928.728,,,0,0
55671,928.778,,,0,0
55674,928.828,,,0,0
55677,928.878,,,0,0
55680,928.928,,,0,0
55683,928.978,,,0,0
55686,929.028,,,0,0
55689,929.078,,,0,0
55692,929.128,,,0,0
55695,929.178,,,0,0
55698,929.228,,,0,0
55701,929.278,,,0,0
55704,929.328,,,0,0
55707,929.378,,,0,0
55710,929.428,,,0,0
55713,929.479,,,0,0
55716,929.529,,,0,0
55719,929.579,,,0,0
55722,929.629,,,0,0
55725,929.679,,,0,0
55728,929.729,,,0,0
55731,929.779,,,0,0
55734,929.829,,,0,0
55737,929.879,,,0,0
55740,929.929,,,0,0
55743,929.979,,,0,0
55746,930.029,,,0,0
55749,930.079,,,0,0
55752,930.129,,,0,0
55755,930.179,,,0,0
55758,930.229,,,0,0
55761,930.279,,,0,0
55764,930.329,,,0,0
55767,930.379,,,0,0
55770,930.429,,,0,0
55773,930.48,,,0,0
55776,930.53,,,0,0
55779,930.58,,,0,0
55782,930.63,,,0,0
55785,930.68,,,0,0
55788,930.73,,,0,0
55791,930.78,,,0,0
55794,930.83,,,0,0
55797,930.88,,,0,0
55800,930.93,,,0,0
55803,930.98,,,0,0
55806,931.03,,,0,0
55809,931.08,,,0,0
55812,931.13,,,0,0
55815,931.18,,,0,0
55818,931.23,,,0,0
55821,931.28,,,0,0
55824,931.33,,,0,0
55827,931.38,,,0,0
55830,931.431,,,0,0
55833,931.481,,,0,0
55836,931.531,,,0,0
55839,931.581,,,0,0
55842,931.631,,,0,0
55845,931.681,,,0,0
55848,931.731,,,0,0
55851,931.781,,,0,0
55854,931.831,,,0,0
55857,931.881,,,0,0
55860,931.931,,,0,0
55863,931.981,,,0,0
55866,932.031,,,0,0
55869,932.081,,,0,0
55872,932.131,,,0,0
55875,932.181,,,0,0
55878,932.231,,,0,0
55881,932.281,,,0,0
55884,932.331,,,0,0
55887,932.381,,,0,0
55890,932.432,,,0,0
55893,932.482,,,0,0
55896,932.532,,,0,0
55899,932.582,,,0,0
55902,932.632,,,0,0
55905,932.682,,,0,0
55908,932.732,,,0,0
55911,932.782,,,0,0
55914,932.832,,,0,0
55917,932.882,,,0,0
55920,932.932,,,0,0
55923,932.982,,,0,0
55926,933.032,,,0,0
55929,933.082,,,0,0
55932,933.132,,,0,0
55935,933.182,,,0,0
55938,933.232,,,0,0
55941,933.282,,,0,0
55944,933.332,,,0,0
55947,933.382,,,0,0
55950,933.433,,,0,0
55953,933.483,,,0,0
55956,933.533,,,0,0
55959,933.583,,,0,0
55962,933.633,,,0,0
55965,933.683,,,0,0
55968,933.733,,,0,0
55971,933.783,,,0,0
55974,933.833,,,0,0
55977,933.883,,,0,0
55980,933.933,,,0,0
55983,933.983,,,0,0
55986,934.033,,,0,0
55989,934.083,,,0,0
55992,934.133,,,0,0
55995,934.183,,,0,0
55998,934.233,,,0,0
56001,934.283,,,0,0
56004,934.333,,,0,0
56007,934.383,,,0,0
56010,934.433,,,0,0
56013,934.484,,,0,0
56016,934.534,,,0,0
56019,934.584,,,0,0
56022,934.634,,,0,0
56025,934.684,,,0,0
56028,934.734,,,0,0
56031,934.784,,,0,0
56034,934.834,,,0,0
56037,934.884,,,0,0
56040,934.934,,,0,0
56043,934.984,,,0,0
56046,935.034,,,0,0
56049,935.084,,,0,0
56052,935.134,,,0,0
56055,935.184,,,0,0
56058,935.234,,,0,0
56061,935.284,,,0,0
56064,935.334,,,0,0
56067,935.384,,,0,0
56070,935.435,,,0,0
56073,935.485,,,0,0
56076,935.535,,,0,0
56079,935.585,,,0,0
56082,935.635,,,0,0
56085,935.685,,,0,0
56088,935.735,,,0,0
56091,935.785,,,0,0
56094,935.835,,,0,0
56097,935.885,,,0,0
56100,935.935,,,0,0
56103,935.985,,,0,0
56106,936.035,,,0,0
56109,936.085,,,0,0
56112,936.135,,,0,0
56115,936.185,,,0,0
56118,936.235,,,0,0
56121,936.285,,,0,0
56124,936.335,,,0,0
56127,936.385,,,0,0
56130,936.436,,,0,0
56133,936.486,,,0,0
56136,936.536,,,0,0
56139,936.586,,,0,0
56142,936.636,,,0,0
56145,936.686,,,0,0
56148,936.736,,,0,0
56151,936.786,,,0,0
56154,936.836,,,0,0
56157,936.886,,,0,0
56160,936.936,,,0,0
56163,936.986,,,0,0
56166,937.036,,,0,0
56169,937.086,,,0,0
56172,937.136,,,0,0
56175,937.186,,,0,0
56178,937.236,,,0,0
56181,937.286,,,0,0
56184,937.336,,,0,0
56187,937.386,,,0,0
56190,937.437,,,0,0
56193,937.487,,,0,0
56196,937.537,,,0,0
56199,937.587,,,0,0
56202,937.637,,,0,0
56205,937.687,,,0,0
56208,937.737,,,0,0
56211,937.787,,,0,0
56214,937.837,,,0,0
56217,937.887,,,0,0
56220,937.937,,,0,0
56223,937.987,,,0,0
56226,938.037,,,0,0
56229,938.087,,,0,0
56232,938.137,,,0,0
56235,938.187,,,0,0
56238,938.237,,,0,0
56241,938.287,,,0,0
56244,938.337,,,0,0
56247,938.387,,,0,0
56250,938.438,,,0,0
56253,938.488,,,0,0
56256,938.538,,,0,0
56259,938.588,,,0,0
56262,938.638,,,0,0
56265,938.688,,,0,0
56268,938.738,,,0,0
56271,938.788,,,0,0
56274,938.838,,,0,0
56277,938.888,,,0,0
56280,938.938,,,0,0
56283,938.988,,,0,0
56286,939.038,,,0,0
56289,939.088,,,0,0
56292,939.138,,,0,0
56295,939.188,,,0,0
56298,939.238,,,0,0
56301,939.288,,,0,0
56304,939.338,,,0,0
56307,939.388,,,0,0
56310,939.438,,,0,0
56313,939.489,,,0,0
56316,939.539,,,0,0
56319,939.589,,,0,0
56322,939.639,,,0,0
56325,939.689,,,0,0
56328,939.739,,,0,0
56331,939.789,,,0,0
56334,939.839,,,0,0
56337,939.889,,,0,0
56340,939.939,,,0,0
56343,939.989,,,0,0
56346,940.039,,,0,0
56349,940.089,,,0,0
56352,940.139,,,0,0
56355,940.189,,,0,0
56358,940.239,,,0,0
56361,940.289,,,0,0
56364,940.339,,,0,0
56367,940.389,,,0,0
56370,940.44,,,0,0
56373,940.49,,,0,0
56376,940.54,,,0,0
56379,940.59,,,0,0
56382,940.64,,,0,0
56385,940.69,,,0,0
56388,940.74,,,0,0
56391,940.79,,,0,0
56394,940.84,,,0,0
56397,940.89,,,0,0
56400,940.94,,,0,0
56403,940.99,,,0,0
56406,941.04,,,0,0
56409,941.09,,,0,0
56412,941.14,,,0,0
56415,941.19,,,0,0
56418,941.24,,,0,0
56421,941.29,,,0,0
56424,941.34,,,0,0
56427,941.39,,,0,0
56430,941.441,,,0,0
56433,941.491,,,0,0
56436,941.541,,,0,0
56439,941.591,,,0,0
56442,941.641,,,0,0
56445,941.691,,,0,0
56448,941.741,,,0,0
56451,941.791,,,0,0
56454,941.841,,,0,0
56457,941.891,,,0,0
56460,941.941,,,0,0
56463,941.991,,,0,0
56466,942.041,,,0,0
56469,942.091,,,0,0
56472,942.141,,,0,0
56475,942.191,,,0,0
56478,942.241,,,0,0
56481,942.291,,,0,0
56484,942.341,,,0,0
56487,942.391,,,0,0
56490,942.442,,,0,0
56493,942.492,,,0,0
56496,942.542,,,0,0
56499,942.592,,,0,0
56502,942.642,,,0,0
56505,942.692,,,0,0
56508,942.742,,,0,0
56511,942.792,,,0,0
56514,942.842,,,0,0
56517,942.892,,,0,0
56520,942.942,,,0,0
56523,942.992,,,0,0
56526,943.042,,,0,0
56529,943.092,,,0,0
56532,943.142,,,0,0
56535,943.192,,,0,0
56538,943.242,,,0,0
56541,943.292,,,0,0
56544,943.342,,,0,0
56547,943.392,,,0,0
56550,943.442,,,0,0
56553,943.493,,,0,0
56556,943.543,,,0,0
56559,943.593,,,0,0
56562,943.643,,,0,0
56565,943.693,,,0,0
56568,943.743,,,0,0
56571,943.793,,,0,0
56574,943.843,,,0,0
56577,943.893,,,0,0
56580,943.943,,,0,0
56583,943.993,,,0,0
56586,944.043,,,0,0
56589,944.093,,,0,0
56592,944.143,,,0,0
56595,944.193,,,0,0
56598,944.243,,,0,0
56601,944.293,,,0,0
56604,944.343,,,0,0
56607,944.393,,,0,0
56610,944.443,,,0,0
56613,944.494,,,0,0
56616,944.544,,,0,0
56619,944.594,,,0,0
56622,944.644,,,0,0
56625,944.694,,,0,0
56628,944.744,,,0,0
56631,944.794,,,0,0
56634,944.844,,,0,0
56637,944.894,,,0,0
56640,944.944,,,0,0
56643,944.994,,,0,0
56646,945.044,,,0,0
56649,945.094,,,0,0
56652,945.144,,,0,0
56655,945.194,,,0,0
56658,945.244,,,0,0
56661,945.294,,,0,0
56664,945.344,,,0,0
56667,945.394,,,0,0
56670,945.445,,,0,0
56673,945.495,,,0,0
56676,945.545,,,0,0
56679,945.595,,,0,0
56682,945.645,,,0,0
56685,945.695,,,0,0
56688,945.745,,,0,0
56691,945.795,,,0,0
56694,945.845,,,0,0
56697,945.895,,,0,0
56700,945.945,,,0,0
56703,945.995,,,0,0
56706,946.045,,,0,0
56709,946.095,,,0,0
56712,946.145,,,0,0
56715,946.195,,,0,0
56718,946.245,,,0,0
56721,946.295,,,0,0
56724,946.345,,,0,0
56727,946.395,,,0,0
56730,946.446,,,0,0
56733,946.496,,,0,0
56736,946.546,,,0,0
56739,946.596,,,0,0
56742,946.646,,,0,0
56745,946.696,,,0,0
56748,946.746,,,0,0
56751,946.796,,,0,0
56754,946.846,,,0,0
56757,946.896,,,0,0
56760,946.946,,,0,0
56763,946.996,,,0,0
56766,947.046,,,0,0
56769,947.096,,,0,0
56772,947.146,,,0,0
56775,947.196,,,0,0
56778,947.246,,,0,0
56781,947.296,,,0,0
56784,947.346,,,0,0
56787,947.396,,,0,0
56790,947.447,,,0,0
56793,947.497,,,0,0
56796,947.547,,,0,0
56799,947.597,,,0,0
56802,947.647,,,0,0
56805,947.697,,,0,0
56808,947.747,,,0,0
56811,947.797,,,0,0
56814,947.847,,,0,0
56817,947.897,,,0,0
56820,947.947,,,0,0
56823,947.997,,,0,0
56826,948.047,,,0,0
56829,948.097,,,0,0
56832,948.147,,,0,0
56835,948.197,,,0,0
56838,948.247,,,0,0
56841,948.297,,,0,0
56844,948.347,,,0,0
56847,948.397,,,0,0
56850,948.447,,,0,0
56853,948.498,,,0,0
56856,948.548,,,0,0
56859,948.598,,,0,0
56862,948.648,,,0,0
56865,948.698,,,0,0
56868,948.748,,,0,0
56871,948.798,,,0,0
56874,948.848,,,0,0
56877,948.898,,,0,0
56880,948.948,,,0,0
56883,948.998,,,0,0
56886,949.048,,,0,0
56889,949.098,,,0,0
56892,949.148,,,0,0
56895,949.198,,,0,0
56898,949.248,,,0,0
56901,949.298,,,0,0
56904,949.348,,,0,0
56907,949.398,,,0,0
56910,949.448,,,0,0
56913,949.499,,,0,0
56916,949.549,,,0,0
56919,949.599,,,0,0
56922,949.649,,,0,0
56925,949.699,,,0,0
56928,949.749,,,0,0
56931,949.799,,,0,0
56934,949.849,,,0,0
56937,949.899,,,0,0
56940,949.949,,,0,0
56943,949.999,,,0,0
56946,950.049,,,0,0
56949,950.099,,,0,0
56952,950.149,,,0,0
56955,950.199,,,0,0
56958,950.249,,,0,0
56961,950.299,,,0,0
56964,950.349,,,0,0
56967,950.399,,,0,0
56970,950.45,,,0,0
56973,950.5,,,0,0
56976,950.55,,,0,0
56979,950.6,,,0,0
56982,950.65,,,0,0
56985,950.7,,,0,0
56988,950.75,,,0,0
56991,950.8,,,0,0
56994,950.85,,,0,0
56997,950.9,,,0,0
57000,950.95,,,0,0
57003,951.0,,,0,0
57006,951.05,,,0,0
57009,951.1,,,0,0
57012,951.15,,,0,0
57015,951.2,,,0,0
57018,951.25,,,0,0
57021,951.3,,,0,0
57024,951.35,,,0,0
57027,951.4,,,0,0
57030,951.451,,,0,0
57033,951.501,,,0,0
57036,951.551,,,0,0
57039,951.601,,,0,0
57042,951.651,,,0,0
57045,951.701,,,0,0
57048,951.751,,,0,0
57051,951.801,,,0,0
57054,951.851,,,0,0
57057,951.901,,,0,0
57060,951.951,,,0,0
57063,952.001,,,0,0
57066,952.051,,,0,0
57069,952.101,,,0,0
57072,952.151,,,0,0
57075,952.201,,,0,0
57078,952.251,,,0,0
57081,952.301,,,0,0
57084,952.351,,,0,0
57087,952.401,,,0,0
57090,952.452,,,0,0
57093,952.502,,,0,0
57096,952.552,,,0,0
57099,952.602,,,0,0
57102,952.652,,,0,0
57105,952.702,,,0,0
57108,952.752,,,0,0
57111,952.802,,,0,0
57114,952.852,,,0,0
57117,952.902,,,0,0
57120,952.952,,,0,0
57123,953.002,,,0,0
57126,953.052,,,0,0
57129,953.102,,,0,0
57132,953.152,,,0,0
57135,953.202,,,0,0
57138,953.252,,,0,0
57141,953.302,,,0,0
57144,953.352,,,0,0
57147,953.402,,,0,0
57150,953.452,,,0,0
57153,953.503,,,0,0
57156,953.553,,,0,0
57159,953.603,,,0,0
57162,953.653,,,0,0
57165,953.703,,,0,0
57168,953.753,,,0,0
57171,953.803,,,0,0
57174,953.853,,,0,0
57177,953.903,,,0,0
57180,953.953,,,0,0
57183,954.003,,,0,0
57186,954.053,,,0,0
57189,954.103,,,0,0
57192,954.153,,,0,0
57195,954.203,,,0,0
57198,954.253,,,0,0
57201,954.303,,,0,0
57204,954.353,,,0,0
57207,954.403,,,0,0
57210,954.453,,,0,0
57213,954.504,,,0,0
57216,954.554,,,0,0
57219,954.604,,,0,0
57222,954.654,,,0,0
57225,954.704,,,0,0
57228,954.754,,,0,0
57231,954.804,,,0,0
57234,954.854,,,0,0
57237,954.904,,,0,0
57240,954.954,,,0,0
57243,955.004,,,0,0
57246,955.054,,,0,0
57249,955.104,,,0,0
57252,955.154,,,0,0
57255,955.204,,,0,0
57258,955.254,,,0,0
57261,955.304,,,0,0
57264,955.354,,,0,0
57267,955.404,,,0,0
57270,955.455,,,0,0
57273,955.505,,,0,0
57276,955.555,,,0,0
57279,955.605,,,0,0
57282,955.655,,,0,0
57285,955.705,,,0,0
57288,955.755,,,0,0
57291,955.805,,,0,0
57294,955.855,,,0,0
57297,955.905,,,0,0
57300,955.955,,,0,0
57303,956.005,,,0,0
57306,956.055,,,0,0
57309,956.105,,,0,0
57312,956.155,,,0,0
57315,956.205,,,0,0
57318,956.255,,,0,0
57321,956.305,,,0,0
57324,956.355,,,0,0
57327,956.405,,,0,0
57330,956.456,,,0,0
57333,956.506,,,0,0
57336,956.556,,,0,0
57339,956.606,,,0,0
57342,956.656,,,0,0
57345,956.706,,,0,0
57348,956.756,,,0,0
57351,956.806,,,0,0
57354,956.856,,,0,0
57357,956.906,,,0,0
57360,956.956,,,0,0
57363,957.006,,,0,0
57366,957.056,,,0,0
57369,957.106,,,0,0
57372,957.156,,,0,0
57375,957.206,,,0,0
57378,957.256,,,0,0
57381,957.306,,,0,0
57384,957.356,,,0,0
57387,957.406,,,0,0
57390,957.457,,,0,0
57393,957.507,,,0,0
57396,957.557,,,0,0
57399,957.607,,,0,0
57402,957.657,,,0,0
57405,957.707,,,0,0
57408,957.757,,,0,0
57411,957.807,,,0,0
57414,957.857,,,0,0
57417,957.907,,,0,0
57420,957.957,,,0,0
57423,958.007,,,0,0
57426,958.057,,,0,0
57429,958.107,,,0,0
57432,958.157,,,0,0
57435,958.207,,,0,0
57438,958.257,,,0,0
57441,958.307,,,0,0
57444,958.357,,,0,0
57447,958.407,,,0,0
57450,958.457,,,0,0
57453,958.508,,,0,0
57456,958.558,,,0,0
57459,958.608,,,0,0
57462,958.658,,,0,0
57465,958.708,,,0,0
57468,958.758,,,0,0
57471,958.808,,,0,0
57474,958.858,,,0,0
57477,958.908,,,0,0
57480,958.958,,,0,0
57483,959.008,,,0,0
57486,959.058,,,0,0
57489,959.108,,,0,0
57492,959.158,,,0,0
57495,959.208,,,0,0
57498,959.258,,,0,0
57501,959.308,,,0,0
57504,959.358,,,0,0
57507,959.408,,,0,0
57510,959.459,,,0,0
57513,959.509,,,0,0
57516,959.559,,,0,0
57519,959.609,,,0,0
57522,959.659,,,0,0
57525,959.709,,,0,0
57528,959.759,,,0,0
57531,959.809,,,0,0
57534,959.859,,,0,0
57537,959.909,,,0,0
57540,959.959,,,0,0
57543,960.009,,,0,0
57546,960.059,,,0,0
57549,960.109,,,0,0
57552,960.159,,,0,0
57555,960.209,,,0,0
57558,960.259,,,0,0
57561,960.309,,,0,0
57564,960.359,,,0,0
57567,960.409,,,0,0
57570,960.46,,,0,0
57573,960.51,,,0,0
57576,960.56,,,0,0
57579,960.61,,,0,0
57582,960.66,,,0,0
57585,960.71,,,0,0
57588,960.76,,,0,0
57591,960.81,,,0,0
57594,960.86,,,0,0
57597,960.91,,,0,0
