arm,inherits,split,frame_key,rank,x,y,w,h,score,score_e6,tick_history,source,imgsz,conf
A0,,heldout,6faaf410ce8baeb68cd1aae766f1a9963602ce6a30a92f480013269f29eab2b9,0,1792,1031,100,98,+0.061432000,000000061432,OBSERVED,full,384,0.05
A0,,heldout,b46d16a16c713c1a93c3009b7aa8cd69aefe9eb465030d9e30f27fe2576da6c7,0,1671,1044,118,72,+0.199341000,000000199341,OBSERVED,full,384,0.05
A0,,heldout,1de680a0b8185f7ae4ecfe73680f91b1c91ab01a84a4db246805c0829c70a689,0,1511,1043,98,74,+0.129883000,000000129883,OBSERVED,full,384,0.05
A0,,heldout,a7025315194d1fbbe984cf84095df51739fabb70710850e1f4972b6a77eed975,0,418,1040,100,80,+0.091736000,000000091736,OBSERVED,full,384,0.05
A0,,heldout,a7025315194d1fbbe984cf84095df51739fabb70710850e1f4972b6a77eed975,1,437,1032,96,95,+0.058136000,000000058136,OBSERVED,full,384,0.05
A0,,heldout,7c87fcdb9ebfcd86a0c769edad69a6abdf79c2bf0add33bb6efa120362dba09a,0,255,982,72,128,+0.058777000,000000058777,OBSERVED,full,384,0.05
A0,,heldout,d6342ac414c7fa42e782def5293e7fe0cd292bd37536cf667288ef6dc2129290,0,58,1036,110,88,+0.067810000,000000067810,OBSERVED,full,384,0.05
A0,,heldout,01624a78bbc487d9602526cfe4540a4fe96c753bc7e126774fc5c604335e2917,0,1162,56,88,113,+0.197388000,000000197388,OBSERVED,full,384,0.05
A0,,heldout,bfadf48da1eb124ed856eca38b95e4675f9becb12d7a269a0755e5d327aa446d,0,1056,441,60,129,+0.060760000,000000060760,OBSERVED,full,384,0.05
A0,,development,de8f6c3ca68ac5c9009f6320cf23bd13ab2937747e7f1d227404cedde658c02a,0,1897,69,45,138,+0.074219000,000000074219,OBSERVED,full,384,0.05
A0,,development,de8f6c3ca68ac5c9009f6320cf23bd13ab2937747e7f1d227404cedde658c02a,1,1887,65,65,131,+0.060303000,000000060303,OBSERVED,full,384,0.05
A1,,development,97ddf468f2894d87efd413938a7eec73b4d86187de5ffb4efa3bb5758f7a6bd3,0,488,343,62,113,+0.230957000,000000230957,OBSERVED,full,640,0.05
A1,,development,4a4d42a5cf72a295de2a1642845b6ea02226e7002ea8bdcec9c46851ae76091a,0,1897,231,45,130,+0.052246000,000000052246,OBSERVED,full,640,0.05
A1,,development,592c0c85869af2165da4e905ec3ed3fe25e6421aa22e2928926c148960cfecb5,0,12,517,24,146,+0.172729000,000000172729,OBSERVED,full,640,0.05
A1,,development,4120fe16d5c55c3885999b18d77b7a2d0eb5e1a10c2712e5709aca3d58bff755,0,14,907,28,174,+0.056854000,000000056854,OBSERVED,full,640,0.05
A1,,development,f442c7b355e0d3c2fef1eab175358a9adaa17b9512436ec645af7e227497ced1,0,21,688,42,125,+0.093018000,000000093018,OBSERVED,full,640,0.05
A1,,development,defe3c0d1e5b03d1838a890e52849dac4a007c54d71ba1ba3b393bcbb3f40124,0,1830,190,000054,119,+0.072632000,000000072632,OBSERVED,full,640,0.05
A1,,development,fbda48df8ff799d24b5917944fc848319dd73d13fc0370366a95338347039437,0,506,208,000054,109,+0.091064000,000000091064,OBSERVED,full,640,0.05
A1,,development,fbda48df8ff799d24b5917944fc848319dd73d13fc0370366a95338347039437,1,507,227,61,140,+0.063049000,000000063049,OBSERVED,full,640,0.05
A1,,development,4209e0afa63523ada47374829906a6895816cea5b6326dc490abfb52feeba092,0,1695,134,60,119,+0.090759000,000000090759,OBSERVED,full,640,0.05
A1,,development,4889322a19c9dbb01025e76af2badefd9422b9ac96ff0f4edb75b9b08e2ec741,0,554,779,61,120,+0.059875000,000000059875,OBSERVED,full,640,0.05
A1,,development,5232ad114239443128b1eba7fdd23bed50c4c791b62186315fc0c23184387e97,0,1239,1029,90,101,+0.198120000,000000198120,OBSERVED,full,640,0.05
A1,,development,4c7e2db6b6661d0bc867297b88bac7925e543d77653e8a1730377eaebbb7b0e6,0,937,248,56,107,+0.113953000,000000113953,OBSERVED,full,640,0.05
A1,,development,f3b924adc1a6d43917801364b965d8c772d44f40f07dc1af4d04f1276e117fb1,0,1749,260,000054,98,+0.154541000,000000154541,OBSERVED,full,640,0.05
A1,,development,bc46741fe1036968019ec24fe5606241ebacc92acadbc13a8c2ca62b3604ddf0,0,154,170,62,125,+0.218018000,000000218018,OBSERVED,full,640,0.05
A1,,development,bc46741fe1036968019ec24fe5606241ebacc92acadbc13a8c2ca62b3604ddf0,1,1824,278,60,116,+0.091064000,000000091064,OBSERVED,full,640,0.05
A1,,development,2f016c06f20894d50f6bf44eb17b2a86b28c2072faaba6a0a3cb7e74d300fa49,0,1010,149,51,102,+0.070312000,000000070312,OBSERVED,full,640,0.05
A1,,development,73787809c7c4a8c3ce994480c214f4221aff009d34f00ae0e1e97717532ed432,0,1896,292,48,135,+0.067322000,000000067322,OBSERVED,full,640,0.05
A1,,development,73787809c7c4a8c3ce994480c214f4221aff009d34f00ae0e1e97717532ed432,1,350,169,56,109,+0.054596000,000000054596,OBSERVED,full,640,0.05
A1,,development,d58d189f7fd0c2fcc4dec822b4cb1f455d0daa20173cf676631a453030af54d7,0,1497,628,37,71,+0.110107000,000000110107,OBSERVED,full,640,0.05
A1,,development,172177e657ab4a55685d4735067c9bfdbdc15283ad6ef388b0ca54fe0452835a,0,939,265,000054,103,+0.645996000,000000645996,OBSERVED,full,640,0.05
A1,,development,172177e657ab4a55685d4735067c9bfdbdc15283ad6ef388b0ca54fe0452835a,1,1550,147,69,133,+0.068787000,000000068787,OBSERVED,full,640,0.05
A1,,development,ddf0fb13aca0d0033bd34bfab1d59558f8d1e255e7b9426889b8c5ab925559c1,0,1324,559,60,117,+0.064514000,000000064514,OBSERVED,full,640,0.05
A1,,development,9205d986172e50907b03cacaf902aac032bbb0859f099301b06e16e80c9234e2,0,12,436,25,161,+0.084473000,000000084473,OBSERVED,full,640,0.05
A1,,development,eda38fd4a9914e452d897b0cd3933931a958b88b7c04b1a87ccc8a3680abca70,0,792,1031,55,97,+0.101562000,000000101562,OBSERVED,full,640,0.05
A1,,development,a68589ed3bb328dc8dfc0d65d8a03d9721b7a4041a184d3f2ecdca7ea6d2f365,0,13,382,27,141,+0.090393000,000000090393,OBSERVED,full,640,0.05
A1,,development,9ec4658ae5da7ea22987575bc9ec1aa4b4eeb28c3cfcf5cac77a9625cece245a,0,12,596,25,158,+0.070312000,000000070312,OBSERVED,full,640,0.05
A1,,development,0d48df02e4d51ea88e1a6518b47bbda38bf211fea655b172a1625628ce55352a,0,527,752,49,96,+0.201172000,000000201172,OBSERVED,full,640,0.05
A1,,development,5e728c70cfacdd28880ed5fa2983c5fb31a973e5f4e1cddd8a3c0e19c100e589,0,1387,449,000054,106,+0.114746000,000000114746,OBSERVED,full,640,0.05
A1,,development,dd5deee8e3b4502cbda9ea36e30509e77697479a0d94e0ccff6d602019aa5f3c,0,1000,171,62,123,+0.099487000,000000099487,OBSERVED,full,640,0.05
A1,,development,ebc32a31ced1e32d6e8ba376d1b612da97202f7bf357e83b90af1a894966de3f,0,811,230,51,102,+0.056244000,000000056244,OBSERVED,full,640,0.05
A1,,development,7a77ec659be073fb416f9a55a0d02d91e305815fa40f3412bb561bea897ba90b,0,1060,194,57,118,+0.294189000,000000294189,OBSERVED,full,640,0.05
A1,,development,05cbce45bbb85d4cd2a1fc61d2246d67799f687299f6a52c0cb837aec010cf4e,0,486,922,59,117,+0.064636000,000000064636,OBSERVED,full,640,0.05
A1,,development,a8e70f46eeb336c5bc6b07a2b741fba81361c4b7d05ad8a86939e6b74fe8e2c1,0,492,921,000054,114,+0.091370000,000000091370,OBSERVED,full,640,0.05
A1,,development,3be793e57b63e9c348c3f5568c40b12da5f0ab670a9b501d50f99e9e2686b053,0,688,104,57,116,+0.093018000,000000093018,OBSERVED,full,640,0.05
A1,,development,3be793e57b63e9c348c3f5568c40b12da5f0ab670a9b501d50f99e9e2686b053,1,681,111,60,113,+0.051666000,000000051666,OBSERVED,full,640,0.05
A1,,development,753192a7f1274c7e562246af3380f1f2aea62eeb41ba80cb7a327439a793c82d,0,676,752,60,117,+0.108582000,000000108582,OBSERVED,full,640,0.05
A1,,development,21397c7b3c55e7e30722aecce2aa333a6c2871fcb598b40464a8c9eb65cef447,0,14,537,28,162,+0.123779000,000000123779,OBSERVED,full,640,0.05
A1,,development,94565bfe6ace7bc66f7b49827ee85a0f03bb5e3f31914ff2f82238e0f33fe589,0,1651,188,69,129,+0.149536000,000000149536,OBSERVED,full,640,0.05
A1,,development,7801f246e907949a73f35b55e42f59d1e86c7325f7da6553c53f458ab7cd25aa,0,928,701,69,128,+0.074219000,000000074219,OBSERVED,full,640,0.05
A1,,development,0af26b42387635bd56de521cc5ddcbaea224a3acd03eda91359305c1f7877595,0,925,789,000054,109,+0.050720000,000000050720,OBSERVED,full,640,0.05
A2,,development,97ddf468f2894d87efd413938a7eec73b4d86187de5ffb4efa3bb5758f7a6bd3,0,488,343,62,113,+0.230957000,000000230957,OBSERVED,full,640,0.1
A2,,development,592c0c85869af2165da4e905ec3ed3fe25e6421aa22e2928926c148960cfecb5,0,12,517,24,146,+0.172729000,000000172729,OBSERVED,full,640,0.1
A2,,development,5232ad114239443128b1eba7fdd23bed50c4c791b62186315fc0c23184387e97,0,1239,1029,90,101,+0.198120000,000000198120,OBSERVED,full,640,0.1
A2,,development,4c7e2db6b6661d0bc867297b88bac7925e543d77653e8a1730377eaebbb7b0e6,0,937,248,56,107,+0.113953000,000000113953,OBSERVED,full,640,0.1
A2,,development,f3b924adc1a6d43917801364b965d8c772d44f40f07dc1af4d04f1276e117fb1,0,1749,260,000054,98,+0.154541000,000000154541,OBSERVED,full,640,0.1
A2,,development,bc46741fe1036968019ec24fe5606241ebacc92acadbc13a8c2ca62b3604ddf0,0,154,170,62,125,+0.218018000,000000218018,OBSERVED,full,640,0.1
A2,,development,d58d189f7fd0c2fcc4dec822b4cb1f455d0daa20173cf676631a453030af54d7,0,1497,628,37,71,+0.110107000,000000110107,OBSERVED,full,640,0.1
A2,,development,172177e657ab4a55685d4735067c9bfdbdc15283ad6ef388b0ca54fe0452835a,0,939,265,000054,103,+0.645996000,000000645996,OBSERVED,full,640,0.1
A2,,development,eda38fd4a9914e452d897b0cd3933931a958b88b7c04b1a87ccc8a3680abca70,0,792,1031,55,97,+0.101562000,000000101562,OBSERVED,full,640,0.1
A2,,development,0d48df02e4d51ea88e1a6518b47bbda38bf211fea655b172a1625628ce55352a,0,527,752,49,96,+0.201172000,000000201172,OBSERVED,full,640,0.1
A2,,development,5e728c70cfacdd28880ed5fa2983c5fb31a973e5f4e1cddd8a3c0e19c100e589,0,1387,449,000054,106,+0.114746000,000000114746,OBSERVED,full,640,0.1
A2,,development,7a77ec659be073fb416f9a55a0d02d91e305815fa40f3412bb561bea897ba90b,0,1060,194,57,118,+0.294189000,000000294189,OBSERVED,full,640,0.1
A2,,development,753192a7f1274c7e562246af3380f1f2aea62eeb41ba80cb7a327439a793c82d,0,676,752,60,117,+0.108582000,000000108582,OBSERVED,full,640,0.1
A2,,development,21397c7b3c55e7e30722aecce2aa333a6c2871fcb598b40464a8c9eb65cef447,0,14,537,28,162,+0.123779000,000000123779,OBSERVED,full,640,0.1
A2,,development,94565bfe6ace7bc66f7b49827ee85a0f03bb5e3f31914ff2f82238e0f33fe589,0,1651,188,69,129,+0.149536000,000000149536,OBSERVED,full,640,0.1
A3,,development,172177e657ab4a55685d4735067c9bfdbdc15283ad6ef388b0ca54fe0452835a,0,939,265,000054,103,+0.645996000,000000645996,OBSERVED,full,640,0.25
A3,,development,7a77ec659be073fb416f9a55a0d02d91e305815fa40f3412bb561bea897ba90b,0,1060,194,57,118,+0.294189000,000000294189,OBSERVED,full,640,0.25
A4,,development,97ddf468f2894d87efd413938a7eec73b4d86187de5ffb4efa3bb5758f7a6bd3,0,479,348,53,106,+0.127686000,000000127686,OBSERVED,full,960,0.05
A4,,development,85597a5e8bf84c4e99fc09019eaa3af4712cc575a5b5fe507a837000c06b34c7,0,912,401,47,90,+0.050323000,000000050323,OBSERVED,full,960,0.05
A4,,development,de8f6c3ca68ac5c9009f6320cf23bd13ab2937747e7f1d227404cedde658c02a,0,1558,669,40,75,+0.078613000,000000078613,OBSERVED,full,960,0.05
A4,,development,592c0c85869af2165da4e905ec3ed3fe25e6421aa22e2928926c148960cfecb5,0,8,498,17,107,+0.252441000,000000252441,OBSERVED,full,960,0.05
A4,,development,592c0c85869af2165da4e905ec3ed3fe25e6421aa22e2928926c148960cfecb5,1,1128,552,56,109,+0.074219000,000000074219,OBSERVED,full,960,0.05
A4,,development,51036ebc10cf82e7f12cf940b65ac306798d4a8d563ae8cfdb2b3a4a030f3fd9,0,18,1058,37,44,+0.152588000,000000152588,OBSERVED,full,960,0.05
A4,,development,51036ebc10cf82e7f12cf940b65ac306798d4a8d563ae8cfdb2b3a4a030f3fd9,1,12,1056,25,47,+0.110107000,000000110107,OBSERVED,full,960,0.05
A4,,development,51036ebc10cf82e7f12cf940b65ac306798d4a8d563ae8cfdb2b3a4a030f3fd9,2,9,1054,18,51,+0.056244000,000000056244,OBSERVED,full,960,0.05
A4,,development,139b5e762e0905a971a75a59bf0811b9a551726d69b23d7215ea4ae1bcf67ef3,0,923,149,52,95,+0.091736000,000000091736,OBSERVED,full,960,0.05
A4,,development,bf77cbc60af01953c39c553bc094a0ecdef43e23bcb3ea502fe94026aba062a9,0,598,476,55,104,+0.079773000,000000079773,OBSERVED,full,960,0.05
A4,,development,66f95c9da73da975684ff915d7af4343ad76e0fc2e1b568221aa79a84e3e9f43,0,21,655,42,118,+0.051270000,000000051270,OBSERVED,full,960,0.05
A4,,development,23cca1abd53a7a1bb7dd13b7e6b754b9c78ba99cb28f1f8824d7a7cd6fc27f8f,0,1028,645,50,100,+0.701660000,000000701660,OBSERVED,full,960,0.05
A4,,development,23cca1abd53a7a1bb7dd13b7e6b754b9c78ba99cb28f1f8824d7a7cd6fc27f8f,1,399,25,81,51,+0.176147000,000000176147,OBSERVED,full,960,0.05
A4,,development,98d4313d277b0890d32404a7474e089a036ce861dd125485ef42d017014c042a,0,772,46,94,92,+0.104126000,000000104126,OBSERVED,full,960,0.05
A4,,development,f442c7b355e0d3c2fef1eab175358a9adaa17b9512436ec645af7e227497ced1,0,1068,734,60,114,+0.122498000,000000122498,OBSERVED,full,960,0.05
A4,,development,f442c7b355e0d3c2fef1eab175358a9adaa17b9512436ec645af7e227497ced1,1,21,698,43,105,+0.072083000,000000072083,OBSERVED,full,960,0.05
A4,,development,7dac93726975443987de11b4c692c44fa4957042a2d33622e628e8c0ce69b771,0,210,1064,82,32,+0.101562000,000000101562,OBSERVED,full,960,0.05
A4,,development,7dac93726975443987de11b4c692c44fa4957042a2d33622e628e8c0ce69b771,1,538,1042,50,76,+0.097046000,000000097046,OBSERVED,full,960,0.05
A4,,development,7dac93726975443987de11b4c692c44fa4957042a2d33622e628e8c0ce69b771,2,164,1064,68,32,+0.071594000,000000071594,OBSERVED,full,960,0.05
A4,,development,7dac93726975443987de11b4c692c44fa4957042a2d33622e628e8c0ce69b771,3,178,1064,64,32,+0.056244000,000000056244,OBSERVED,full,960,0.05
A4,,development,cee1530bf9195ce8f20672a014f24ab73a04b41000112e03cc3103a9bc0aa46c,0,70,1065,70,30,+0.062103000,000000062103,OBSERVED,full,960,0.05
A4,,development,6b4ce5ad7263ecbc75b1dfdd91cf8139feb690749b8a8b67f393f172c680223c,0,176,1064,76,32,+0.137085000,000000137085,OBSERVED,full,960,0.05
A4,,development,8df8b92593dfdd3fc2c8a0005ed714d8a537f63aa277d43656023059c772730f,0,684,1046,72,68,+0.145142000,000000145142,OBSERVED,full,960,0.05
A4,,development,75772aaa460e8a5e129a537bbb765fab7e7fd559ec1314e8690c5098175bbb75,0,1027,350,65,119,+0.052826000,000000052826,OBSERVED,full,960,0.05
A4,,development,defe3c0d1e5b03d1838a890e52849dac4a007c54d71ba1ba3b393bcbb3f40124,0,1350,1058,64,44,+0.155640000,000000155640,OBSERVED,full,960,0.05
A4,,development,243411904abf14d2d21314daaa3be7f75fec2ee82a7d219f02be618e13aac30c,0,1772,639,48,96,+0.125122000,000000125122,OBSERVED,full,960,0.05
A4,,development,4ce9feada8d79aaee3dd2e51ad95f11af8bcf774d20e93383c24d6059b5ef97f,0,1346,1060,72,40,+0.235840000,000000235840,OBSERVED,full,960,0.05
A4,,development,4ce9feada8d79aaee3dd2e51ad95f11af8bcf774d20e93383c24d6059b5ef97f,1,492,1062,64,36,+0.212036000,000000212036,OBSERVED,full,960,0.05
A4,,development,4ce9feada8d79aaee3dd2e51ad95f11af8bcf774d20e93383c24d6059b5ef97f,2,892,1049,74,61,+0.066589000,000000066589,OBSERVED,full,960,0.05
A4,,development,748ad8b5bcfb830d91434d7be35cd0141c7e6112fbd645cb24b9d8145325d2c8,0,1800,1061,68,38,+0.086609000,000000086609,OBSERVED,full,960,0.05
A4,,development,4209e0afa63523ada47374829906a6895816cea5b6326dc490abfb52feeba092,0,491,1064,58,32,+0.137939000,000000137939,OBSERVED,full,960,0.05
A4,,development,4209e0afa63523ada47374829906a6895816cea5b6326dc490abfb52feeba092,1,517,1064,62,32,+0.118408000,000000118408,OBSERVED,full,960,0.05
A4,,development,4209e0afa63523ada47374829906a6895816cea5b6326dc490abfb52feeba092,2,501,1064,57,32,+0.116333000,000000116333,OBSERVED,full,960,0.05
A4,,development,4209e0afa63523ada47374829906a6895816cea5b6326dc490abfb52feeba092,3,481,1062,55,36,+0.101257000,000000101257,OBSERVED,full,960,0.05
A4,,development,4209e0afa63523ada47374829906a6895816cea5b6326dc490abfb52feeba092,4,535,1064,58,32,+0.083313000,000000083313,OBSERVED,full,960,0.05
A4,,development,6037df5845d3d2a0cdcb3209c7f78a8c3af43a80fb0d8dbbddbf296c554fa1ee,0,11,153,22,125,+0.167236000,000000167236,OBSERVED,full,960,0.05
A4,,development,6037df5845d3d2a0cdcb3209c7f78a8c3af43a80fb0d8dbbddbf296c554fa1ee,1,15,148,30,129,+0.118774000,000000118774,OBSERVED,full,960,0.05
A4,,development,6037df5845d3d2a0cdcb3209c7f78a8c3af43a80fb0d8dbbddbf296c554fa1ee,2,703,165,51,104,+0.052246000,000000052246,OBSERVED,full,960,0.05
A4,,development,e1ffcf35aa4328f0ddb050f9cc7d11d65e047f5adf73a404311ca539246c75be,0,212,241,55,101,+0.094666000,000000094666,OBSERVED,full,960,0.05
A4,,development,e1ffcf35aa4328f0ddb050f9cc7d11d65e047f5adf73a404311ca539246c75be,1,492,1056,79,48,+0.050720000,000000050720,OBSERVED,full,960,0.05
A4,,development,0f5be93bb3489c3bd006eaad1f46de00e9964a77bbb8f3756cd7f5b9f7ec58da,0,1098,172,68,128,+0.074219000,000000074219,OBSERVED,full,960,0.05
A4,,development,20acbc1fcca15521097a437ffe46365e974a1f7465a45912146e7a9d389aea3c,0,1298,1062,60,36,+0.132080000,000000132080,OBSERVED,full,960,0.05
A4,,development,20acbc1fcca15521097a437ffe46365e974a1f7465a45912146e7a9d389aea3c,1,1310,1066,56,28,+0.053986000,000000053986,OBSERVED,full,960,0.05
A4,,development,b1501c3de99d2e76dae00520d2d6160d34f3b83a2f127362efb6935dcac0d374,0,1410,1039,96,81,+0.082703000,000000082703,OBSERVED,full,960,0.05
A4,,development,b1501c3de99d2e76dae00520d2d6160d34f3b83a2f127362efb6935dcac0d374,1,1429,1040,96,79,+0.070312000,000000070312,OBSERVED,full,960,0.05
A4,,development,ee76f9191cdbd8d5027d46596a903214dfcbc5bc2ff5f55c377abe4dc4fe6fea,0,1560,1066,000054,28,+0.081238000,000000081238,OBSERVED,full,960,0.05
A4,,development,ee76f9191cdbd8d5027d46596a903214dfcbc5bc2ff5f55c377abe4dc4fe6fea,1,1550,1066,48,28,+0.054810000,000000054810,OBSERVED,full,960,0.05
A4,,development,6ccc80b59e5eb526c3ea8468fba69f15da52b3df6dfbc987215c75432eb1641e,0,1226,588,60,116,+0.058777000,000000058777,OBSERVED,full,960,0.05
A4,,development,9a43195cc9df5c4f94480b816d414874899fad38f9940f49dc4aba23375536cc,0,443,1065,61,30,+0.108215000,000000108215,OBSERVED,full,960,0.05
A4,,development,9a43195cc9df5c4f94480b816d414874899fad38f9940f49dc4aba23375536cc,1,454,1068,55,24,+0.063721000,000000063721,OBSERVED,full,960,0.05
A4,,development,9a43195cc9df5c4f94480b816d414874899fad38f9940f49dc4aba23375536cc,2,429,1067,55,26,+0.055206000,000000055206,OBSERVED,full,960,0.05
A4,,development,b1826846fffe8b200cc10fc36a63f3d4ce3424ef747297205f2fe20d96f3a8b9,0,985,633,56,107,+0.098755000,000000098755,OBSERVED,full,960,0.05
A4,,development,6a9cfc1e58d6a578df31a7a0d8dee35fb1b0bb76eb170f624dd0daa83ac6bd22,0,800,532,60,114,+0.082703000,000000082703,OBSERVED,full,960,0.05
A4,,development,6a9cfc1e58d6a578df31a7a0d8dee35fb1b0bb76eb170f624dd0daa83ac6bd22,1,1389,622,38,78,+0.056244000,000000056244,OBSERVED,full,960,0.05
A4,,development,dc81dfadb27be9b001a99a37064dbeb5dc8fdf3881c02f31ba2982db96143b0b,0,353,436,50,95,+0.056244000,000000056244,OBSERVED,full,960,0.05
A4,,development,4c7e2db6b6661d0bc867297b88bac7925e543d77653e8a1730377eaebbb7b0e6,0,1106,1064,52,32,+0.244385000,000000244385,OBSERVED,full,960,0.05
A4,,development,4c7e2db6b6661d0bc867297b88bac7925e543d77653e8a1730377eaebbb7b0e6,1,1114,1062,50,36,+0.137939000,000000137939,OBSERVED,full,960,0.05
A4,,development,4c7e2db6b6661d0bc867297b88bac7925e543d77653e8a1730377eaebbb7b0e6,2,653,141,53,102,+0.063965000,000000063965,OBSERVED,full,960,0.05
A4,,development,4c7e2db6b6661d0bc867297b88bac7925e543d77653e8a1730377eaebbb7b0e6,3,638,131,000054,106,+0.051666000,000000051666,OBSERVED,full,960,0.05
A4,,development,d2ea5a73a689c89c54f1d3c8adcf0a9e3773d8bf1c14716c9498b28141c9d17c,0,506,184,62,124,+0.147095000,000000147095,OBSERVED,full,960,0.05
A4,,development,d2ea5a73a689c89c54f1d3c8adcf0a9e3773d8bf1c14716c9498b28141c9d17c,1,329,213,68,129,+0.130737000,000000130737,OBSERVED,full,960,0.05
A4,,development,6210a2f091bda239e733240299b7918c64c7e2d0e47675ae6c9b50c0c756e61d,0,1478,223,48,97,+0.472656000,000000472656,OBSERVED,full,960,0.05
A4,,development,6210a2f091bda239e733240299b7918c64c7e2d0e47675ae6c9b50c0c756e61d,1,1272,206,56,114,+0.153564000,000000153564,OBSERVED,full,960,0.05
A4,,development,bc46741fe1036968019ec24fe5606241ebacc92acadbc13a8c2ca62b3604ddf0,0,1598,358,44,87,+0.308105000,000000308105,OBSERVED,full,960,0.05
A4,,development,bc46741fe1036968019ec24fe5606241ebacc92acadbc13a8c2ca62b3604ddf0,1,153,174,59,119,+0.181274000,000000181274,OBSERVED,full,960,0.05
A4,,development,2f016c06f20894d50f6bf44eb17b2a86b28c2072faaba6a0a3cb7e74d300fa49,0,1184,191,48,98,+0.104126000,000000104126,OBSERVED,full,960,0.05
A4,,development,2f016c06f20894d50f6bf44eb17b2a86b28c2072faaba6a0a3cb7e74d300fa49,1,1021,148,56,112,+0.067810000,000000067810,OBSERVED,full,960,0.05
A4,,development,2f016c06f20894d50f6bf44eb17b2a86b28c2072faaba6a0a3cb7e74d300fa49,2,65,144,47,94,+0.052246000,000000052246,OBSERVED,full,960,0.05
A4,,development,73787809c7c4a8c3ce994480c214f4221aff009d34f00ae0e1e97717532ed432,0,1678,346,40,79,+0.737793000,000000737793,OBSERVED,full,960,0.05
A4,,development,73787809c7c4a8c3ce994480c214f4221aff009d34f00ae0e1e97717532ed432,1,355,165,48,96,+0.616699000,000000616699,OBSERVED,full,960,0.05
A4,,development,d58d189f7fd0c2fcc4dec822b4cb1f455d0daa20173cf676631a453030af54d7,0,1620,171,40,78,+0.285400000,000000285400,OBSERVED,full,960,0.05
A4,,development,172177e657ab4a55685d4735067c9bfdbdc15283ad6ef388b0ca54fe0452835a,0,646,89,58,119,+0.263672000,000000263672,OBSERVED,full,960,0.05
A4,,development,172177e657ab4a55685d4735067c9bfdbdc15283ad6ef388b0ca54fe0452835a,1,946,274,40,86,+0.082703000,000000082703,OBSERVED,full,960,0.05
A4,,development,172177e657ab4a55685d4735067c9bfdbdc15283ad6ef388b0ca54fe0452835a,2,1311,256,62,115,+0.079224000,000000079224,OBSERVED,full,960,0.05
A4,,development,9a6c98434331b2a6042aa7fdf32088a18dbee985a7eda3fa25c861001de75625,0,1238,879,64,124,+0.298340000,000000298340,OBSERVED,full,960,0.05
A4,,development,485667db795cdc3a7da389229dedf385a70d4af26a18c5d3c301f39cb5041707,0,464,1019,68,116,+0.066345000,000000066345,OBSERVED,full,960,0.05
A4,,development,736f1ffc3672a1789c84fc8a928dd2cf220dbde1526f8c7dd8ee58a8092156ae,0,985,730,60,106,+0.323486000,000000323486,OBSERVED,full,960,0.05
A4,,development,004dfb194535143b158e2d9be51ecd2b418db9e245983615f657b3c29116dbe5,0,640,207,61,119,+0.196777000,000000196777,OBSERVED,full,960,0.05
A4,,development,24188290937e25df89ed4ca740c029339641e55c11add15a7e961abe0cd00339,0,593,217,44,85,+0.067200000,000000067200,OBSERVED,full,960,0.05
A4,,development,4bd2281bab76852367e2ab7c6b4d41e33758104e5839e832d47f0779f097e1ee,0,556,1061,56,38,+0.333740000,000000333740,OBSERVED,full,960,0.05
A4,,development,4bd2281bab76852367e2ab7c6b4d41e33758104e5839e832d47f0779f097e1ee,1,560,1066,56,28,+0.151978000,000000151978,OBSERVED,full,960,0.05
A4,,development,4bd2281bab76852367e2ab7c6b4d41e33758104e5839e832d47f0779f097e1ee,2,550,1065,000054,30,+0.075012000,000000075012,OBSERVED,full,960,0.05
A4,,development,ddf0fb13aca0d0033bd34bfab1d59558f8d1e255e7b9426889b8c5ab925559c1,0,1331,563,62,118,+0.065857000,000000065857,OBSERVED,full,960,0.05
A4,,development,7ca0d220a93be3dc20606d84aa657d63984eccb96741f12370a0ceadf748b787,0,792,393,000054,109,+0.107422000,000000107422,OBSERVED,full,960,0.05
A4,,development,7ca0d220a93be3dc20606d84aa657d63984eccb96741f12370a0ceadf748b787,1,752,286,49,99,+0.079773000,000000079773,OBSERVED,full,960,0.05
A4,,development,7ca0d220a93be3dc20606d84aa657d63984eccb96741f12370a0ceadf748b787,2,801,398,64,109,+0.079224000,000000079224,OBSERVED,full,960,0.05
A4,,development,7ca0d220a93be3dc20606d84aa657d63984eccb96741f12370a0ceadf748b787,3,698,585,68,129,+0.076965000,000000076965,OBSERVED,full,960,0.05
A4,,development,9746fd6fd1039a88834733853858a22098eb0c921e125b0a33c552d364618373,0,1446,434,40,74,+0.125122000,000000125122,OBSERVED,full,960,0.05
A4,,development,9746fd6fd1039a88834733853858a22098eb0c921e125b0a33c552d364618373,1,346,1030,90,100,+0.059875000,000000059875,OBSERVED,full,960,0.05
A4,,development,5e1d059c77e4cb5bb5b10cf65ab7df891610d0b2b151fe7b75cf2bda1d19cca9,0,517,123,41,80,+0.057495000,000000057495,OBSERVED,full,960,0.05
A4,,development,b57d818efdfde800bdbbb5eca6e83debfb63cdcf32234408547cb9d6dfd91bac,0,941,1066,60,28,+0.160278000,000000160278,OBSERVED,full,960,0.05
A4,,development,b57d818efdfde800bdbbb5eca6e83debfb63cdcf32234408547cb9d6dfd91bac,1,886,1064,66,32,+0.143677000,000000143677,OBSERVED,full,960,0.05
A4,,development,b57d818efdfde800bdbbb5eca6e83debfb63cdcf32234408547cb9d6dfd91bac,2,922,1064,61,32,+0.128906000,000000128906,OBSERVED,full,960,0.05
A4,,development,b57d818efdfde800bdbbb5eca6e83debfb63cdcf32234408547cb9d6dfd91bac,3,869,1062,65,36,+0.078064000,000000078064,OBSERVED,full,960,0.05
A4,,development,b57d818efdfde800bdbbb5eca6e83debfb63cdcf32234408547cb9d6dfd91bac,4,900,1064,66,32,+0.053589000,000000053589,OBSERVED,full,960,0.05
A4,,development,68b18aeb1053c2195aed847546087e4caa9529eb22c7532a97bc0bdf9af0540a,0,216,542,43,86,+0.268066000,000000268066,OBSERVED,full,960,0.05
A4,,development,68b18aeb1053c2195aed847546087e4caa9529eb22c7532a97bc0bdf9af0540a,1,956,171,60,112,+0.221313000,000000221313,OBSERVED,full,960,0.05
A4,,development,68b18aeb1053c2195aed847546087e4caa9529eb22c7532a97bc0bdf9af0540a,2,9,463,19,107,+0.065369000,000000065369,OBSERVED,full,960,0.05
A4,,development,9c919fa1a141fc9a5d1041045a4b318f741e3472c21137ea788a117bb1a91713,0,1068,1062,80,36,+0.160767000,000000160767,OBSERVED,full,960,0.05
A4,,development,9c919fa1a141fc9a5d1041045a4b318f741e3472c21137ea788a117bb1a91713,1,735,159,66,126,+0.134277000,000000134277,OBSERVED,full,960,0.05
A4,,development,9c919fa1a141fc9a5d1041045a4b318f741e3472c21137ea788a117bb1a91713,2,883,33,84,67,+0.054413000,000000054413,OBSERVED,full,960,0.05
A4,,development,9205d986172e50907b03cacaf902aac032bbb0859f099301b06e16e80c9234e2,0,10,422,21,109,+0.218018000,000000218018,OBSERVED,full,960,0.05
A4,,development,9205d986172e50907b03cacaf902aac032bbb0859f099301b06e16e80c9234e2,1,15,424,30,118,+0.141724000,000000141724,OBSERVED,full,960,0.05
A4,,development,9205d986172e50907b03cacaf902aac032bbb0859f099301b06e16e80c9234e2,2,361,1026,88,108,+0.087280000,000000087280,OBSERVED,full,960,0.05
A4,,development,9205d986172e50907b03cacaf902aac032bbb0859f099301b06e16e80c9234e2,3,343,1028,94,104,+0.059875000,000000059875,OBSERVED,full,960,0.05
A4,,development,0e33060e2a2dc248c1d161dd627929a7ede989b82ce9b387a7b3f50a68f4bf55,0,485,32,75,65,+0.132080000,000000132080,OBSERVED,full,960,0.05
A4,,development,0e33060e2a2dc248c1d161dd627929a7ede989b82ce9b387a7b3f50a68f4bf55,1,725,797,67,127,+0.122925000,000000122925,OBSERVED,full,960,0.05
A4,,development,b41047866cf6b5d8451879948d178358d05ad94deaf7fcd4d8a3ab4588af852c,0,945,939,64,119,+0.294189000,000000294189,OBSERVED,full,960,0.05
A4,,development,b41047866cf6b5d8451879948d178358d05ad94deaf7fcd4d8a3ab4588af852c,1,1542,287,60,120,+0.163940000,000000163940,OBSERVED,full,960,0.05
A4,,development,8b7a7979b56cf25bce732b80cb6ae7a1f4f52d8264571c798c5b705402a74926,0,372,136,68,131,+0.080383000,000000080383,OBSERVED,full,960,0.05
A4,,development,a68589ed3bb328dc8dfc0d65d8a03d9721b7a4041a184d3f2ecdca7ea6d2f365,0,8,422,16,129,+0.052612000,000000052612,OBSERVED,full,960,0.05
A4,,development,9ec4658ae5da7ea22987575bc9ec1aa4b4eeb28c3cfcf5cac77a9625cece245a,0,315,330,64,114,+0.208862000,000000208862,OBSERVED,full,960,0.05
A4,,development,9ec4658ae5da7ea22987575bc9ec1aa4b4eeb28c3cfcf5cac77a9625cece245a,1,813,549,57,108,+0.156616000,000000156616,OBSERVED,full,960,0.05
A4,,development,66294faf6cb6fa5de0d3a711b77ef456c5fd287f2f6205879f45fe6fdf051ece,0,616,216,68,125,+0.117554000,000000117554,OBSERVED,full,960,0.05
A4,,development,66294faf6cb6fa5de0d3a711b77ef456c5fd287f2f6205879f45fe6fdf051ece,1,196,406,69,126,+0.055420000,000000055420,OBSERVED,full,960,0.05
A4,,development,cc20458c6f0643078e9c3f208e7886520350d99b0035c3e34fe441d8a425e873,0,1784,397,68,131,+0.104126000,000000104126,OBSERVED,full,960,0.05
A4,,development,cc20458c6f0643078e9c3f208e7886520350d99b0035c3e34fe441d8a425e873,1,1576,1062,80,36,+0.101257000,000000101257,OBSERVED,full,960,0.05
A4,,development,cc20458c6f0643078e9c3f208e7886520350d99b0035c3e34fe441d8a425e873,2,1655,1063,78,34,+0.096680000,000000096680,OBSERVED,full,960,0.05
A4,,development,cc20458c6f0643078e9c3f208e7886520350d99b0035c3e34fe441d8a425e873,3,1504,1063,72,34,+0.088806000,000000088806,OBSERVED,full,960,0.05
A4,,development,28c45077ccf499e1a5228bc129a9ee25c1b7fe2ee89e3ee786eb20c9783d92a5,0,124,1061,78,38,+0.199951000,000000199951,OBSERVED,full,960,0.05
A4,,development,28c45077ccf499e1a5228bc129a9ee25c1b7fe2ee89e3ee786eb20c9783d92a5,1,106,1058,78,44,+0.180054000,000000180054,OBSERVED,full,960,0.05
A4,,development,28c45077ccf499e1a5228bc129a9ee25c1b7fe2ee89e3ee786eb20c9783d92a5,2,332,1062,70,36,+0.062317000,000000062317,OBSERVED,full,960,0.05
A4,,development,28c45077ccf499e1a5228bc129a9ee25c1b7fe2ee89e3ee786eb20c9783d92a5,3,399,340,51,94,+0.050049000,000000050049,OBSERVED,full,960,0.05
A4,,development,18f0cbe4d4c66f57fd89943cf98ec4afd374b683d0c171d3d0f19ee855159349,0,924,1022,65,116,+0.297363000,000000297363,OBSERVED,full,960,0.05
A4,,development,4c78585af542a3077aeb640d0159be8fb86d97fab80133675cad55515042d2be,0,150,1053,78,000054,+0.168823000,000000168823,OBSERVED,full,960,0.05
A4,,development,512975438cfd0a649cf3b623e04d12f990dce55155044c5671dfaff19b7b3599,0,1188,656,52,102,+0.054810000,000000054810,OBSERVED,full,960,0.05
A4,,development,64b97f92e69247b7a4ce4314e114784943bb9d5ac46fa740e681f1d624124191,0,874,728,52,96,+0.078369000,000000078369,OBSERVED,full,960,0.05
A4,,development,64b97f92e69247b7a4ce4314e114784943bb9d5ac46fa740e681f1d624124191,1,889,109,60,116,+0.068054000,000000068054,OBSERVED,full,960,0.05
A4,,development,1756edee9fdcc4ad55a729a74e1698fb43c6c0e485a08e783a3e714fa80279ef,0,788,630,69,132,+0.395996000,000000395996,OBSERVED,full,960,0.05
A4,,development,c07853b2493f6ad8ccb12aa1119702270ed4eb485df1fceae0daf56095757b16,0,155,563,67,126,+0.058350000,000000058350,OBSERVED,full,960,0.05
A4,,development,5dcbda1d60b16b2c9fc8d023e2f84719f342804a024b5d7e2a352b586c8c6040,0,1559,332,34,67,+0.064758000,000000064758,OBSERVED,full,960,0.05
A4,,development,5dcbda1d60b16b2c9fc8d023e2f84719f342804a024b5d7e2a352b586c8c6040,1,822,516,68,128,+0.051453000,000000051453,OBSERVED,full,960,0.05
A4,,development,28f92237d044af6d15208faf09cc998d94a9c1be19cffdc1e46b51528873faec,0,1192,703,52,103,+0.150024000,000000150024,OBSERVED,full,960,0.05
A4,,development,28f92237d044af6d15208faf09cc998d94a9c1be19cffdc1e46b51528873faec,1,407,151,66,124,+0.055817000,000000055817,OBSERVED,full,960,0.05
A4,,development,28f92237d044af6d15208faf09cc998d94a9c1be19cffdc1e46b51528873faec,2,418,132,68,123,+0.053589000,000000053589,OBSERVED,full,960,0.05
A4,,development,525736693e801aaaf8a8386e7cffe8bb29f8b84fbb6546bc07d09e1bd5a14a8c,0,37,129,69,132,+0.151489000,000000151489,OBSERVED,full,960,0.05
A4,,development,79c83579594353a96af5ac22ce9dcbae396f715ea6a0546ff0fc1afeb92d500d,0,565,719,63,116,+0.334473000,000000334473,OBSERVED,full,960,0.05
A4,,development,dd5deee8e3b4502cbda9ea36e30509e77697479a0d94e0ccff6d602019aa5f3c,0,93,601,58,108,+0.198120000,000000198120,OBSERVED,full,960,0.05
A4,,development,65efed56fbe2179ab44fd671b5583580a7b27bffa283e9d592f2519cc66923af,0,1252,475,000054,97,+0.087280000,000000087280,OBSERVED,full,960,0.05
A4,,development,c8585e20f6732d52c48dd7f484aa6e4ce9b131e18bacc3e69b161cbadf266a7b,0,602,1056,76,48,+0.159790000,000000159790,OBSERVED,full,960,0.05
A4,,development,c8585e20f6732d52c48dd7f484aa6e4ce9b131e18bacc3e69b161cbadf266a7b,1,482,1054,80,52,+0.125122000,000000125122,OBSERVED,full,960,0.05
A4,,development,c8585e20f6732d52c48dd7f484aa6e4ce9b131e18bacc3e69b161cbadf266a7b,2,531,1052,84,56,+0.105225000,000000105225,OBSERVED,full,960,0.05
A4,,development,c8585e20f6732d52c48dd7f484aa6e4ce9b131e18bacc3e69b161cbadf266a7b,3,867,1060,84,40,+0.055817000,000000055817,OBSERVED,full,960,0.05
A4,,development,ebc32a31ced1e32d6e8ba376d1b612da97202f7bf357e83b90af1a894966de3f,0,90,650,34,66,+0.279053000,000000279053,OBSERVED,full,960,0.05
A4,,development,eb1b380880aafbbeded4c24a2fa7343edec4c15cf79d6f9227ae44b7eb10c66a,0,1128,203,34,67,+0.067444000,000000067444,OBSERVED,full,960,0.05
A4,,development,89521b5d0d6a28a67788b72db9b340949bc414b6d078c43c048d272d04a4d2bb,0,1059,1031,52,98,+0.057281000,000000057281,OBSERVED,full,960,0.05
A4,,development,54c516efc7f61db837114abde1ba1f2359c70ea882e56125d8b491485f1e14a9,0,616,294,68,133,+0.167725000,000000167725,OBSERVED,full,960,0.05
A4,,development,54c516efc7f61db837114abde1ba1f2359c70ea882e56125d8b491485f1e14a9,1,153,211,65,130,+0.070068000,000000070068,OBSERVED,full,960,0.05
A4,,development,74855cdd4b060b44b21fbf118ec3346897eefb8ebe8f084bc0982d94a5e52f8e,0,792,178,68,134,+0.248657000,000000248657,OBSERVED,full,960,0.05
A4,,development,74855cdd4b060b44b21fbf118ec3346897eefb8ebe8f084bc0982d94a5e52f8e,1,862,140,65,127,+0.112427000,000000112427,OBSERVED,full,960,0.05
A4,,development,934374068bfcf61e1be0c05a549bdb7ad22c9f76e7a74e77a28755991effc24f,0,1332,509,68,133,+0.180054000,000000180054,OBSERVED,full,960,0.05
A4,,development,e3ae0f5c4408c889fb01d856ee1cb63b5c66efde2fda2efb17fa5513e3ee6d89,0,275,530,66,124,+0.523438000,000000523438,OBSERVED,full,960,0.05
A4,,development,e3ae0f5c4408c889fb01d856ee1cb63b5c66efde2fda2efb17fa5513e3ee6d89,1,472,472,56,105,+0.090393000,000000090393,OBSERVED,full,960,0.05
A4,,development,18655fec2b1913c9a5ed381a0f22048c0a75367fbd4edd75254743cc2036af68,0,1555,1055,78,50,+0.086914000,000000086914,OBSERVED,full,960,0.05
A4,,development,18655fec2b1913c9a5ed381a0f22048c0a75367fbd4edd75254743cc2036af68,1,1568,1052,80,56,+0.069824000,000000069824,OBSERVED,full,960,0.05
A4,,development,18655fec2b1913c9a5ed381a0f22048c0a75367fbd4edd75254743cc2036af68,2,1454,1062,64,36,+0.063049000,000000063049,OBSERVED,full,960,0.05
A4,,development,e463c48202f2d155e4545d2e726b1e8dfcd6e3206b331bfed34cba705f79a0e8,0,483,184,67,128,+0.142212000,000000142212,OBSERVED,full,960,0.05
A4,,development,e463c48202f2d155e4545d2e726b1e8dfcd6e3206b331bfed34cba705f79a0e8,1,538,213,68,135,+0.101257000,000000101257,OBSERVED,full,960,0.05
A4,,development,e463c48202f2d155e4545d2e726b1e8dfcd6e3206b331bfed34cba705f79a0e8,2,12,361,24,125,+0.091736000,000000091736,OBSERVED,full,960,0.05
A4,,development,e463c48202f2d155e4545d2e726b1e8dfcd6e3206b331bfed34cba705f79a0e8,3,17,358,35,129,+0.080078000,000000080078,OBSERVED,full,960,0.05
A4,,development,493100e98464b4fd6069f97bf684305eb9f66930f355dbadf330a3fe3b6075f4,0,1289,1056,78,48,+0.080627000,000000080627,OBSERVED,full,960,0.05
A4,,development,13fe9b95f2baa8247ef5b480db021592c1f1b12bbfbfce4ae710f4b67a61ac29,0,51,1061,49,38,+0.066101000,000000066101,OBSERVED,full,960,0.05
A4,,development,a5e3d23f6e545af2e266e273014227a307296c7759129c47fbafc15a72ec6314,0,1531,129,64,123,+0.104492000,000000104492,OBSERVED,full,960,0.05
A4,,development,48a31ddd32d36fef3f3651aede1bcc4547776bcb4de803f1e4f32c443ce3bec6,0,69,58,78,117,+0.232300000,000000232300,OBSERVED,full,960,0.05
A4,,development,48a31ddd32d36fef3f3651aede1bcc4547776bcb4de803f1e4f32c443ce3bec6,1,25,44,49,89,+0.219360000,000000219360,OBSERVED,full,960,0.05
A4,,development,a568b80a706eb8d853b03bfdf38f7470e7948224823bf4c951d417f48127922b,0,1366,31,92,62,+0.130737000,000000130737,OBSERVED,full,960,0.05
A4,,development,753192a7f1274c7e562246af3380f1f2aea62eeb41ba80cb7a327439a793c82d,0,1598,38,90,76,+0.226074000,000000226074,OBSERVED,full,960,0.05
A4,,development,21397c7b3c55e7e30722aecce2aa333a6c2871fcb598b40464a8c9eb65cef447,0,556,398,58,125,+0.057068000,000000057068,OBSERVED,full,960,0.05
A4,,development,cf839e7ef9ae2d813c63ddc67c335185f856132f0dd4ff0509ce4b8673d3858f,0,734,606,52,108,+0.204956000,000000204956,OBSERVED,full,960,0.05
A4,,development,3d5bfeaf149137570da522c6d992297469c1a205b1708c0484ce376bf6f02812,0,1846,495,52,102,+0.431152000,000000431152,OBSERVED,full,960,0.05
A4,,development,3d5bfeaf149137570da522c6d992297469c1a205b1708c0484ce376bf6f02812,1,1674,200,64,122,+0.058777000,000000058777,OBSERVED,full,960,0.05
A4,,development,162155c0f0604f3d22ae6b211e8c549877d26044be323067f408a954fc87e257,0,1020,116,66,128,+0.062805000,000000062805,OBSERVED,full,960,0.05
A4,,development,bd090799c4f823c1d64f27052a4dbeda6b6733e36219d6acab4efd30f94fdf12,0,1152,1057,72,46,+0.055206000,000000055206,OBSERVED,full,960,0.05
A4,,development,438ec97a364869617e96721e963604375ae841664b055410bf29900a6197c760,0,1157,274,68,131,+0.134277000,000000134277,OBSERVED,full,960,0.05
A4,,development,438ec97a364869617e96721e963604375ae841664b055410bf29900a6197c760,1,1220,468,64,127,+0.077515000,000000077515,OBSERVED,full,960,0.05
A4,,development,0af26b42387635bd56de521cc5ddcbaea224a3acd03eda91359305c1f7877595,0,372,64,68,121,+0.105957000,000000105957,OBSERVED,full,960,0.05
A4,,development,ae193f07928ea52599ef29e31e60fc25742d98438cb87543b742f7291e124760,0,1251,1021,72,118,+0.230957000,000000230957,OBSERVED,full,960,0.05
A4,,development,ae193f07928ea52599ef29e31e60fc25742d98438cb87543b742f7291e124760,1,574,373,58,111,+0.077209000,000000077209,OBSERVED,full,960,0.05
A4,,development,ae193f07928ea52599ef29e31e60fc25742d98438cb87543b742f7291e124760,2,578,29,78,59,+0.073669000,000000073669,OBSERVED,full,960,0.05
A4,,development,9965a69284579dd14b173bffb5c9c67bf101500bf1075cdad2c9fdb6a180038f,0,8,255,16,86,+0.050903000,000000050903,OBSERVED,full,960,0.05
A4,,development,de6c72f8a75859f8ed67f1bd6a3e1642e79ba9743b01323a6399674ebb514f8f,0,1457,30,88,61,+0.095337000,000000095337,OBSERVED,full,960,0.05
A5,,development,97ddf468f2894d87efd413938a7eec73b4d86187de5ffb4efa3bb5758f7a6bd3,0,479,348,53,106,+0.127686000,000000127686,OBSERVED,full,960,0.1
A5,,development,592c0c85869af2165da4e905ec3ed3fe25e6421aa22e2928926c148960cfecb5,0,8,498,17,107,+0.252441000,000000252441,OBSERVED,full,960,0.1
A5,,development,51036ebc10cf82e7f12cf940b65ac306798d4a8d563ae8cfdb2b3a4a030f3fd9,0,18,1058,37,44,+0.152588000,000000152588,OBSERVED,full,960,0.1
A5,,development,51036ebc10cf82e7f12cf940b65ac306798d4a8d563ae8cfdb2b3a4a030f3fd9,1,12,1056,25,47,+0.110107000,000000110107,OBSERVED,full,960,0.1
A5,,development,23cca1abd53a7a1bb7dd13b7e6b754b9c78ba99cb28f1f8824d7a7cd6fc27f8f,0,1028,645,50,100,+0.701660000,000000701660,OBSERVED,full,960,0.1
A5,,development,23cca1abd53a7a1bb7dd13b7e6b754b9c78ba99cb28f1f8824d7a7cd6fc27f8f,1,399,25,81,51,+0.176147000,000000176147,OBSERVED,full,960,0.1
A5,,development,98d4313d277b0890d32404a7474e089a036ce861dd125485ef42d017014c042a,0,772,46,94,92,+0.104126000,000000104126,OBSERVED,full,960,0.1
A5,,development,f442c7b355e0d3c2fef1eab175358a9adaa17b9512436ec645af7e227497ced1,0,1068,734,60,114,+0.122498000,000000122498,OBSERVED,full,960,0.1
A5,,development,7dac93726975443987de11b4c692c44fa4957042a2d33622e628e8c0ce69b771,0,210,1064,82,32,+0.101562000,000000101562,OBSERVED,full,960,0.1
A5,,development,6b4ce5ad7263ecbc75b1dfdd91cf8139feb690749b8a8b67f393f172c680223c,0,176,1064,76,32,+0.137085000,000000137085,OBSERVED,full,960,0.1
A5,,development,8df8b92593dfdd3fc2c8a0005ed714d8a537f63aa277d43656023059c772730f,0,684,1046,72,68,+0.145142000,000000145142,OBSERVED,full,960,0.1
A5,,development,defe3c0d1e5b03d1838a890e52849dac4a007c54d71ba1ba3b393bcbb3f40124,0,1350,1058,64,44,+0.155640000,000000155640,OBSERVED,full,960,0.1
A5,,development,243411904abf14d2d21314daaa3be7f75fec2ee82a7d219f02be618e13aac30c,0,1772,639,48,96,+0.125122000,000000125122,OBSERVED,full,960,0.1
A5,,development,4ce9feada8d79aaee3dd2e51ad95f11af8bcf774d20e93383c24d6059b5ef97f,0,1346,1060,72,40,+0.235840000,000000235840,OBSERVED,full,960,0.1
A5,,development,4ce9feada8d79aaee3dd2e51ad95f11af8bcf774d20e93383c24d6059b5ef97f,1,492,1062,64,36,+0.212036000,000000212036,OBSERVED,full,960,0.1
A5,,development,4209e0afa63523ada47374829906a6895816cea5b6326dc490abfb52feeba092,0,491,1064,58,32,+0.137939000,000000137939,OBSERVED,full,960,0.1
A5,,development,4209e0afa63523ada47374829906a6895816cea5b6326dc490abfb52feeba092,1,517,1064,62,32,+0.118408000,000000118408,OBSERVED,full,960,0.1
A5,,development,4209e0afa63523ada47374829906a6895816cea5b6326dc490abfb52feeba092,2,501,1064,57,32,+0.116333000,000000116333,OBSERVED,full,960,0.1
A5,,development,4209e0afa63523ada47374829906a6895816cea5b6326dc490abfb52feeba092,3,481,1062,55,36,+0.101257000,000000101257,OBSERVED,full,960,0.1
A5,,development,6037df5845d3d2a0cdcb3209c7f78a8c3af43a80fb0d8dbbddbf296c554fa1ee,0,11,153,22,125,+0.167236000,000000167236,OBSERVED,full,960,0.1
A5,,development,6037df5845d3d2a0cdcb3209c7f78a8c3af43a80fb0d8dbbddbf296c554fa1ee,1,15,148,30,129,+0.118774000,000000118774,OBSERVED,full,960,0.1
A5,,development,20acbc1fcca15521097a437ffe46365e974a1f7465a45912146e7a9d389aea3c,0,1298,1062,60,36,+0.132080000,000000132080,OBSERVED,full,960,0.1
A5,,development,9a43195cc9df5c4f94480b816d414874899fad38f9940f49dc4aba23375536cc,0,443,1065,61,30,+0.108215000,000000108215,OBSERVED,full,960,0.1
A5,,development,4c7e2db6b6661d0bc867297b88bac7925e543d77653e8a1730377eaebbb7b0e6,0,1106,1064,52,32,+0.244385000,000000244385,OBSERVED,full,960,0.1
A5,,development,4c7e2db6b6661d0bc867297b88bac7925e543d77653e8a1730377eaebbb7b0e6,1,1114,1062,50,36,+0.137939000,000000137939,OBSERVED,full,960,0.1
A5,,development,d2ea5a73a689c89c54f1d3c8adcf0a9e3773d8bf1c14716c9498b28141c9d17c,0,506,184,62,124,+0.147095000,000000147095,OBSERVED,full,960,0.1
A5,,development,d2ea5a73a689c89c54f1d3c8adcf0a9e3773d8bf1c14716c9498b28141c9d17c,1,329,213,68,129,+0.130737000,000000130737,OBSERVED,full,960,0.1
A5,,development,6210a2f091bda239e733240299b7918c64c7e2d0e47675ae6c9b50c0c756e61d,0,1478,223,48,97,+0.472656000,000000472656,OBSERVED,full,960,0.1
A5,,development,6210a2f091bda239e733240299b7918c64c7e2d0e47675ae6c9b50c0c756e61d,1,1272,206,56,114,+0.153564000,000000153564,OBSERVED,full,960,0.1
A5,,development,bc46741fe1036968019ec24fe5606241ebacc92acadbc13a8c2ca62b3604ddf0,0,1598,358,44,87,+0.308105000,000000308105,OBSERVED,full,960,0.1
A5,,development,bc46741fe1036968019ec24fe5606241ebacc92acadbc13a8c2ca62b3604ddf0,1,153,174,59,119,+0.181274000,000000181274,OBSERVED,full,960,0.1
A5,,development,2f016c06f20894d50f6bf44eb17b2a86b28c2072faaba6a0a3cb7e74d300fa49,0,1184,191,48,98,+0.104126000,000000104126,OBSERVED,full,960,0.1
A5,,development,73787809c7c4a8c3ce994480c214f4221aff009d34f00ae0e1e97717532ed432,0,1678,346,40,79,+0.737793000,000000737793,OBSERVED,full,960,0.1
A5,,development,73787809c7c4a8c3ce994480c214f4221aff009d34f00ae0e1e97717532ed432,1,355,165,48,96,+0.616699000,000000616699,OBSERVED,full,960,0.1
A5,,development,d58d189f7fd0c2fcc4dec822b4cb1f455d0daa20173cf676631a453030af54d7,0,1620,171,40,78,+0.285400000,000000285400,OBSERVED,full,960,0.1
A5,,development,172177e657ab4a55685d4735067c9bfdbdc15283ad6ef388b0ca54fe0452835a,0,646,89,58,119,+0.263672000,000000263672,OBSERVED,full,960,0.1
A5,,development,9a6c98434331b2a6042aa7fdf32088a18dbee985a7eda3fa25c861001de75625,0,1238,879,64,124,+0.298340000,000000298340,OBSERVED,full,960,0.1
A5,,development,736f1ffc3672a1789c84fc8a928dd2cf220dbde1526f8c7dd8ee58a8092156ae,0,985,730,60,106,+0.323486000,000000323486,OBSERVED,full,960,0.1
A5,,development,004dfb194535143b158e2d9be51ecd2b418db9e245983615f657b3c29116dbe5,0,640,207,61,119,+0.196777000,000000196777,OBSERVED,full,960,0.1
A5,,development,4bd2281bab76852367e2ab7c6b4d41e33758104e5839e832d47f0779f097e1ee,0,556,1061,56,38,+0.333740000,000000333740,OBSERVED,full,960,0.1
A5,,development,4bd2281bab76852367e2ab7c6b4d41e33758104e5839e832d47f0779f097e1ee,1,560,1066,56,28,+0.151978000,000000151978,OBSERVED,full,960,0.1
A5,,development,7ca0d220a93be3dc20606d84aa657d63984eccb96741f12370a0ceadf748b787,0,792,393,000054,109,+0.107422000,000000107422,OBSERVED,full,960,0.1
A5,,development,9746fd6fd1039a88834733853858a22098eb0c921e125b0a33c552d364618373,0,1446,434,40,74,+0.125122000,000000125122,OBSERVED,full,960,0.1
A5,,development,b57d818efdfde800bdbbb5eca6e83debfb63cdcf32234408547cb9d6dfd91bac,0,941,1066,60,28,+0.160278000,000000160278,OBSERVED,full,960,0.1
A5,,development,b57d818efdfde800bdbbb5eca6e83debfb63cdcf32234408547cb9d6dfd91bac,1,886,1064,66,32,+0.143677000,000000143677,OBSERVED,full,960,0.1
A5,,development,b57d818efdfde800bdbbb5eca6e83debfb63cdcf32234408547cb9d6dfd91bac,2,922,1064,61,32,+0.128906000,000000128906,OBSERVED,full,960,0.1
A5,,development,68b18aeb1053c2195aed847546087e4caa9529eb22c7532a97bc0bdf9af0540a,0,216,542,43,86,+0.268066000,000000268066,OBSERVED,full,960,0.1
A5,,development,68b18aeb1053c2195aed847546087e4caa9529eb22c7532a97bc0bdf9af0540a,1,956,171,60,112,+0.221313000,000000221313,OBSERVED,full,960,0.1
A5,,development,9c919fa1a141fc9a5d1041045a4b318f741e3472c21137ea788a117bb1a91713,0,1068,1062,80,36,+0.160767000,000000160767,OBSERVED,full,960,0.1
A5,,development,9c919fa1a141fc9a5d1041045a4b318f741e3472c21137ea788a117bb1a91713,1,735,159,66,126,+0.134277000,000000134277,OBSERVED,full,960,0.1
A5,,development,9205d986172e50907b03cacaf902aac032bbb0859f099301b06e16e80c9234e2,0,10,422,21,109,+0.218018000,000000218018,OBSERVED,full,960,0.1
A5,,development,9205d986172e50907b03cacaf902aac032bbb0859f099301b06e16e80c9234e2,1,15,424,30,118,+0.141724000,000000141724,OBSERVED,full,960,0.1
A5,,development,0e33060e2a2dc248c1d161dd627929a7ede989b82ce9b387a7b3f50a68f4bf55,0,485,32,75,65,+0.132080000,000000132080,OBSERVED,full,960,0.1
A5,,development,0e33060e2a2dc248c1d161dd627929a7ede989b82ce9b387a7b3f50a68f4bf55,1,725,797,67,127,+0.122925000,000000122925,OBSERVED,full,960,0.1
A5,,development,b41047866cf6b5d8451879948d178358d05ad94deaf7fcd4d8a3ab4588af852c,0,945,939,64,119,+0.294189000,000000294189,OBSERVED,full,960,0.1
A5,,development,b41047866cf6b5d8451879948d178358d05ad94deaf7fcd4d8a3ab4588af852c,1,1542,287,60,120,+0.163940000,000000163940,OBSERVED,full,960,0.1
A5,,development,9ec4658ae5da7ea22987575bc9ec1aa4b4eeb28c3cfcf5cac77a9625cece245a,0,315,330,64,114,+0.208862000,000000208862,OBSERVED,full,960,0.1
A5,,development,9ec4658ae5da7ea22987575bc9ec1aa4b4eeb28c3cfcf5cac77a9625cece245a,1,813,549,57,108,+0.156616000,000000156616,OBSERVED,full,960,0.1
A5,,development,66294faf6cb6fa5de0d3a711b77ef456c5fd287f2f6205879f45fe6fdf051ece,0,616,216,68,125,+0.117554000,000000117554,OBSERVED,full,960,0.1
A5,,development,cc20458c6f0643078e9c3f208e7886520350d99b0035c3e34fe441d8a425e873,0,1784,397,68,131,+0.104126000,000000104126,OBSERVED,full,960,0.1
A5,,development,cc20458c6f0643078e9c3f208e7886520350d99b0035c3e34fe441d8a425e873,1,1576,1062,80,36,+0.101257000,000000101257,OBSERVED,full,960,0.1
A5,,development,28c45077ccf499e1a5228bc129a9ee25c1b7fe2ee89e3ee786eb20c9783d92a5,0,124,1061,78,38,+0.199951000,000000199951,OBSERVED,full,960,0.1
A5,,development,28c45077ccf499e1a5228bc129a9ee25c1b7fe2ee89e3ee786eb20c9783d92a5,1,106,1058,78,44,+0.180054000,000000180054,OBSERVED,full,960,0.1
A5,,development,18f0cbe4d4c66f57fd89943cf98ec4afd374b683d0c171d3d0f19ee855159349,0,924,1022,65,116,+0.297363000,000000297363,OBSERVED,full,960,0.1
A5,,development,4c78585af542a3077aeb640d0159be8fb86d97fab80133675cad55515042d2be,0,150,1053,78,000054,+0.168823000,000000168823,OBSERVED,full,960,0.1
A5,,development,1756edee9fdcc4ad55a729a74e1698fb43c6c0e485a08e783a3e714fa80279ef,0,788,630,69,132,+0.395996000,000000395996,OBSERVED,full,960,0.1
A5,,development,28f92237d044af6d15208faf09cc998d94a9c1be19cffdc1e46b51528873faec,0,1192,703,52,103,+0.150024000,000000150024,OBSERVED,full,960,0.1
A5,,development,525736693e801aaaf8a8386e7cffe8bb29f8b84fbb6546bc07d09e1bd5a14a8c,0,37,129,69,132,+0.151489000,000000151489,OBSERVED,full,960,0.1
A5,,development,79c83579594353a96af5ac22ce9dcbae396f715ea6a0546ff0fc1afeb92d500d,0,565,719,63,116,+0.334473000,000000334473,OBSERVED,full,960,0.1
A5,,development,dd5deee8e3b4502cbda9ea36e30509e77697479a0d94e0ccff6d602019aa5f3c,0,93,601,58,108,+0.198120000,000000198120,OBSERVED,full,960,0.1
A5,,development,c8585e20f6732d52c48dd7f484aa6e4ce9b131e18bacc3e69b161cbadf266a7b,0,602,1056,76,48,+0.159790000,000000159790,OBSERVED,full,960,0.1
A5,,development,c8585e20f6732d52c48dd7f484aa6e4ce9b131e18bacc3e69b161cbadf266a7b,1,482,1054,80,52,+0.125122000,000000125122,OBSERVED,full,960,0.1
A5,,development,c8585e20f6732d52c48dd7f484aa6e4ce9b131e18bacc3e69b161cbadf266a7b,2,531,1052,84,56,+0.105225000,000000105225,OBSERVED,full,960,0.1
A5,,development,ebc32a31ced1e32d6e8ba376d1b612da97202f7bf357e83b90af1a894966de3f,0,90,650,34,66,+0.279053000,000000279053,OBSERVED,full,960,0.1
A5,,development,54c516efc7f61db837114abde1ba1f2359c70ea882e56125d8b491485f1e14a9,0,616,294,68,133,+0.167725000,000000167725,OBSERVED,full,960,0.1
A5,,development,74855cdd4b060b44b21fbf118ec3346897eefb8ebe8f084bc0982d94a5e52f8e,0,792,178,68,134,+0.248657000,000000248657,OBSERVED,full,960,0.1
A5,,development,74855cdd4b060b44b21fbf118ec3346897eefb8ebe8f084bc0982d94a5e52f8e,1,862,140,65,127,+0.112427000,000000112427,OBSERVED,full,960,0.1
A5,,development,934374068bfcf61e1be0c05a549bdb7ad22c9f76e7a74e77a28755991effc24f,0,1332,509,68,133,+0.180054000,000000180054,OBSERVED,full,960,0.1
A5,,development,e3ae0f5c4408c889fb01d856ee1cb63b5c66efde2fda2efb17fa5513e3ee6d89,0,275,530,66,124,+0.523438000,000000523438,OBSERVED,full,960,0.1
A5,,development,e463c48202f2d155e4545d2e726b1e8dfcd6e3206b331bfed34cba705f79a0e8,0,483,184,67,128,+0.142212000,000000142212,OBSERVED,full,960,0.1
A5,,development,e463c48202f2d155e4545d2e726b1e8dfcd6e3206b331bfed34cba705f79a0e8,1,538,213,68,135,+0.101257000,000000101257,OBSERVED,full,960,0.1
A5,,development,a5e3d23f6e545af2e266e273014227a307296c7759129c47fbafc15a72ec6314,0,1531,129,64,123,+0.104492000,000000104492,OBSERVED,full,960,0.1
A5,,development,48a31ddd32d36fef3f3651aede1bcc4547776bcb4de803f1e4f32c443ce3bec6,0,69,58,78,117,+0.232300000,000000232300,OBSERVED,full,960,0.1
A5,,development,48a31ddd32d36fef3f3651aede1bcc4547776bcb4de803f1e4f32c443ce3bec6,1,25,44,49,89,+0.219360000,000000219360,OBSERVED,full,960,0.1
A5,,development,a568b80a706eb8d853b03bfdf38f7470e7948224823bf4c951d417f48127922b,0,1366,31,92,62,+0.130737000,000000130737,OBSERVED,full,960,0.1
A5,,development,753192a7f1274c7e562246af3380f1f2aea62eeb41ba80cb7a327439a793c82d,0,1598,38,90,76,+0.226074000,000000226074,OBSERVED,full,960,0.1
A5,,development,cf839e7ef9ae2d813c63ddc67c335185f856132f0dd4ff0509ce4b8673d3858f,0,734,606,52,108,+0.204956000,000000204956,OBSERVED,full,960,0.1
A5,,development,3d5bfeaf149137570da522c6d992297469c1a205b1708c0484ce376bf6f02812,0,1846,495,52,102,+0.431152000,000000431152,OBSERVED,full,960,0.1
A5,,development,438ec97a364869617e96721e963604375ae841664b055410bf29900a6197c760,0,1157,274,68,131,+0.134277000,000000134277,OBSERVED,full,960,0.1
A5,,development,0af26b42387635bd56de521cc5ddcbaea224a3acd03eda91359305c1f7877595,0,372,64,68,121,+0.105957000,000000105957,OBSERVED,full,960,0.1
A5,,development,ae193f07928ea52599ef29e31e60fc25742d98438cb87543b742f7291e124760,0,1251,1021,72,118,+0.230957000,000000230957,OBSERVED,full,960,0.1
A6,,development,97ddf468f2894d87efd413938a7eec73b4d86187de5ffb4efa3bb5758f7a6bd3,0,526,508,35,66,+0.171021000,000000171021,OBSERVED,tile2,640,0.05
A6,,development,97ddf468f2894d87efd413938a7eec73b4d86187de5ffb4efa3bb5758f7a6bd3,1,483,349,59,112,+0.053406000,000000053406,OBSERVED,tile2,640,0.05
A6,,development,9c55d00df5a80514cef10b4a521418bcf466aefaeed08201231b76e124d83aca,0,1543,602,42,79,+0.070312000,000000070312,OBSERVED,tile2,640,0.05
A6,,development,f848c4f039c2958153ed931dd720f05115fbda9c9a88d7c1312dd77e218ad688,0,1483,573,58,107,+0.120850000,000000120850,OBSERVED,tile2,640,0.05
A6,,development,078b67d10e8d352cb836eb095e4d3b7e8962cafb312eebb9fa57b34a0d97cdb6,0,1397,758,60,116,+0.068054000,000000068054,OBSERVED,tile2,640,0.05
A6,,development,078b67d10e8d352cb836eb095e4d3b7e8962cafb312eebb9fa57b34a0d97cdb6,1,778,303,20,128,+0.052246000,000000052246,OBSERVED,tile2,640,0.05
A6,,development,914518aa85f595b1534a72b83bde1f3768c13030027215f2cda311cd22b70684,0,94,212,50,97,+0.076660000,000000076660,OBSERVED,tile2,640,0.05
A6,,development,85597a5e8bf84c4e99fc09019eaa3af4712cc575a5b5fe507a837000c06b34c7,0,993,237,49,92,+0.149536000,000000149536,OBSERVED,tile2,640,0.05
A6,,development,0996009510971daace753d9ad4ac50e072508cb7b32c81430bd4657683de2ccc,0,1363,371,67,115,+0.116760000,000000116760,OBSERVED,tile2,640,0.05
A6,,development,fc7d49e94fc2feab024df67469101f3323d0a90abdd88ff258159671705f3f66,0,993,371,25,53,+0.089783000,000000089783,OBSERVED,tile2,640,0.05
A6,,development,fc7d49e94fc2feab024df67469101f3323d0a90abdd88ff258159671705f3f66,1,1033,518,000054,107,+0.053406000,000000053406,OBSERVED,tile2,640,0.05
A6,,development,de8f6c3ca68ac5c9009f6320cf23bd13ab2937747e7f1d227404cedde658c02a,0,1096,503,40,74,+0.299072000,000000299072,OBSERVED,tile2,640,0.05
A6,,development,de8f6c3ca68ac5c9009f6320cf23bd13ab2937747e7f1d227404cedde658c02a,1,1492,409,56,107,+0.053589000,000000053589,OBSERVED,tile2,640,0.05
A6,,development,9c2f3a5abf4713d2b1f6291c87a172bab64c6f3ca09b0f157ba658ae2a4f69ed,0,1359,469,48,98,+0.128052000,000000128052,OBSERVED,tile2,640,0.05
A6,,development,592c0c85869af2165da4e905ec3ed3fe25e6421aa22e2928926c148960cfecb5,0,1125,552,53,104,+0.198730000,000000198730,OBSERVED,tile2,640,0.05
A6,,development,f15fccffca03276c1d8633ea654df2261496ddb605f7b304fe28a00fd21910fd,0,27,299,000054,114,+0.066101000,000000066101,OBSERVED,tile2,640,0.05
A6,,development,806edbdc1576c643f67ba0843c7573c73a30d8351253483513b5f4e7cffbe9b5,0,429,963,31,55,+0.173828000,000000173828,OBSERVED,tile2,640,0.05
A6,,development,30154a7e31103db64f8bbe2024a6f240d6327313267156aba1a723009f6a356d,0,1016,635,69,130,+0.056030000,000000056030,OBSERVED,tile2,640,0.05
A6,,development,23cca1abd53a7a1bb7dd13b7e6b754b9c78ba99cb28f1f8824d7a7cd6fc27f8f,0,1029,639,52,105,+0.389648000,000000389648,OBSERVED,tile2,640,0.05
A6,,development,23cca1abd53a7a1bb7dd13b7e6b754b9c78ba99cb28f1f8824d7a7cd6fc27f8f,1,836,588,70,120,+0.176636000,000000176636,OBSERVED,tile2,640,0.05
A6,,development,af9749790c503761fc4ae9ee3c3cb5fdaebd5a5021268925af3bc5af2f67450c,0,1332,516,68,133,+0.054413000,000000054413,OBSERVED,tile2,640,0.05
A6,,development,39adef9c83249a4e5ef43f71db222d86e09aacb8c7011dff0f5aeecbd6359f70,0,1132,551,61,103,+0.078918000,000000078918,OBSERVED,tile2,640,0.05
A6,,development,7dac93726975443987de11b4c692c44fa4957042a2d33622e628e8c0ce69b771,0,1695,206,67,126,+0.064209000,000000064209,OBSERVED,tile2,640,0.05
A6,,development,7dac93726975443987de11b4c692c44fa4957042a2d33622e628e8c0ce69b771,1,786,73,36,123,+0.055206000,000000055206,OBSERVED,tile2,640,0.05
A6,,development,defe3c0d1e5b03d1838a890e52849dac4a007c54d71ba1ba3b393bcbb3f40124,0,1033,237,70,132,+0.135742000,000000135742,OBSERVED,tile2,640,0.05
A6,,development,defe3c0d1e5b03d1838a890e52849dac4a007c54d71ba1ba3b393bcbb3f40124,1,1858,850,39,75,+0.104492000,000000104492,OBSERVED,tile2,640,0.05
A6,,development,4ce9feada8d79aaee3dd2e51ad95f11af8bcf774d20e93383c24d6059b5ef97f,0,490,1057,68,45,+0.167725000,000000167725,OBSERVED,tile2,640,0.05
A6,,development,fbda48df8ff799d24b5917944fc848319dd73d13fc0370366a95338347039437,0,776,154,17,122,+0.124634000,000000124634,OBSERVED,tile2,640,0.05
A6,,development,0c5bbe8d978af5495bbe5f7acf5a7d19be589175d5322792b87b7ade7031fe38,0,1182,518,000054,108,+0.151489000,000000151489,OBSERVED,tile2,640,0.05
A6,,development,6037df5845d3d2a0cdcb3209c7f78a8c3af43a80fb0d8dbbddbf296c554fa1ee,0,378,221,63,127,+0.110107000,000000110107,OBSERVED,tile2,640,0.05
A6,,development,6037df5845d3d2a0cdcb3209c7f78a8c3af43a80fb0d8dbbddbf296c554fa1ee,1,10,151,20,121,+0.066833000,000000066833,OBSERVED,tile2,640,0.05
A6,,development,b03e51a438c71b2c69a33825b1e111a5d685abaa91740a3bad11c20c2467abf1,0,441,521,39,78,+0.146606000,000000146606,OBSERVED,tile2,640,0.05
A6,,development,b03e51a438c71b2c69a33825b1e111a5d685abaa91740a3bad11c20c2467abf1,1,337,200,49,92,+0.059875000,000000059875,OBSERVED,tile2,640,0.05
A6,,development,d2a668fbeec06def70b50253d68d47295e3e6135d27436fd6aec306721f356c1,0,1515,224,56,116,+0.059662000,000000059662,OBSERVED,tile2,640,0.05
A6,,development,d2a668fbeec06def70b50253d68d47295e3e6135d27436fd6aec306721f356c1,1,1046,163,55,106,+0.055206000,000000055206,OBSERVED,tile2,640,0.05
A6,,development,e1ffcf35aa4328f0ddb050f9cc7d11d65e047f5adf73a404311ca539246c75be,0,71,204,66,126,+0.108215000,000000108215,OBSERVED,tile2,640,0.05
A6,,development,e1ffcf35aa4328f0ddb050f9cc7d11d65e047f5adf73a404311ca539246c75be,1,645,1049,72,62,+0.090088000,000000090088,OBSERVED,tile2,640,0.05
A6,,development,89dd8715dd8a53230e612760e0e9faaa294f4cf71a215a36fcbd0e8f14505647,0,1903,595,33,101,+0.083862000,000000083862,OBSERVED,tile2,640,0.05
A6,,development,b1501c3de99d2e76dae00520d2d6160d34f3b83a2f127362efb6935dcac0d374,0,1495,1047,85,65,+0.055206000,000000055206,OBSERVED,tile2,640,0.05
A6,,development,cbcac3d74a867a70882820740b59fede2dd69ef455fb805bc58a1ca56eed253f,0,1507,487,65,110,+0.073181000,000000073181,OBSERVED,tile2,640,0.05
A6,,development,cbcac3d74a867a70882820740b59fede2dd69ef455fb805bc58a1ca56eed253f,1,786,337,37,136,+0.058563000,000000058563,OBSERVED,tile2,640,0.05
A6,,development,196f3c56062a843077a6e7166247f2cf97d7dabab56e10ef04428d5c1cdfa126,0,327,393,52,103,+0.073425000,000000073425,OBSERVED,tile2,640,0.05
A6,,development,8d8ac13542381d6227de271b72bb04db254e1dbdc4d5374ad856259d6e97cf72,0,849,525,40,75,+0.116760000,000000116760,OBSERVED,tile2,640,0.05
A6,,development,4889322a19c9dbb01025e76af2badefd9422b9ac96ff0f4edb75b9b08e2ec741,0,699,610,46,90,+0.161865000,000000161865,OBSERVED,tile2,640,0.05
A6,,development,4889322a19c9dbb01025e76af2badefd9422b9ac96ff0f4edb75b9b08e2ec741,1,654,648,65,132,+0.088806000,000000088806,OBSERVED,tile2,640,0.05
A6,,development,6ccc80b59e5eb526c3ea8468fba69f15da52b3df6dfbc987215c75432eb1641e,0,1223,587,58,112,+0.093994000,000000093994,OBSERVED,tile2,640,0.05
A6,,development,2f243ae981ad41911be70d35816286e6c356f500d8d93e00b3c3dfb32a89144c,0,1670,391,64,126,+0.072632000,000000072632,OBSERVED,tile2,640,0.05
A6,,development,189ad3ac674890c5633fc2dd5cc3b95a790c360eeaaca3e494a4055f9b7d1e82,0,1555,492,67,135,+0.218018000,000000218018,OBSERVED,tile2,640,0.05
A6,,development,0cd289ec6c7ac638897bb971594b0a9b66843838e58f207c10b8de92e1f25d58,0,777,736,18,106,+0.098083000,000000098083,OBSERVED,tile2,640,0.05
A6,,development,b1826846fffe8b200cc10fc36a63f3d4ce3424ef747297205f2fe20d96f3a8b9,0,798,545,61,140,+0.127197000,000000127197,OBSERVED,tile2,640,0.05
A6,,development,6a9cfc1e58d6a578df31a7a0d8dee35fb1b0bb76eb170f624dd0daa83ac6bd22,0,799,536,65,124,+0.092346000,000000092346,OBSERVED,tile2,640,0.05
A6,,development,6a9cfc1e58d6a578df31a7a0d8dee35fb1b0bb76eb170f624dd0daa83ac6bd22,1,872,618,60,59,+0.051270000,000000051270,OBSERVED,tile2,640,0.05
A6,,development,d0a6fb8d652fe30d1534be6fb3e652057841e5f24b39810390a5e4db880449a6,0,784,513,32,118,+0.558105000,000000558105,OBSERVED,tile2,640,0.05
A6,,development,d0a6fb8d652fe30d1534be6fb3e652057841e5f24b39810390a5e4db880449a6,1,859,285,52,97,+0.056244000,000000056244,OBSERVED,tile2,640,0.05
A6,,development,1bde52a9fa30008382a935a8b75ef863bcf4ce0025698ee8fe4e70d85a705b46,0,1016,101,41,79,+0.058655000,000000058655,OBSERVED,tile2,640,0.05
A6,,development,dc81dfadb27be9b001a99a37064dbeb5dc8fdf3881c02f31ba2982db96143b0b,0,1354,491,43,86,+0.113586000,000000113586,OBSERVED,tile2,640,0.05
A6,,development,dc81dfadb27be9b001a99a37064dbeb5dc8fdf3881c02f31ba2982db96143b0b,1,555,169,50,95,+0.064392000,000000064392,OBSERVED,tile2,640,0.05
A6,,development,dc81dfadb27be9b001a99a37064dbeb5dc8fdf3881c02f31ba2982db96143b0b,2,589,739,32,61,+0.063965000,000000063965,OBSERVED,tile2,640,0.05
A6,,development,4c7e2db6b6661d0bc867297b88bac7925e543d77653e8a1730377eaebbb7b0e6,0,919,105,43,78,+0.203735000,000000203735,OBSERVED,tile2,640,0.05
A6,,development,4c7e2db6b6661d0bc867297b88bac7925e543d77653e8a1730377eaebbb7b0e6,1,935,212,38,76,+0.093323000,000000093323,OBSERVED,tile2,640,0.05
A6,,development,4c7e2db6b6661d0bc867297b88bac7925e543d77653e8a1730377eaebbb7b0e6,2,1509,507,38,80,+0.090393000,000000090393,OBSERVED,tile2,640,0.05
A6,,development,d2ea5a73a689c89c54f1d3c8adcf0a9e3773d8bf1c14716c9498b28141c9d17c,0,1226,678,44,83,+0.057068000,000000057068,OBSERVED,tile2,640,0.05
A6,,development,d2ea5a73a689c89c54f1d3c8adcf0a9e3773d8bf1c14716c9498b28141c9d17c,1,933,95,63,115,+0.056854000,000000056854,OBSERVED,tile2,640,0.05
A6,,development,d2ea5a73a689c89c54f1d3c8adcf0a9e3773d8bf1c14716c9498b28141c9d17c,2,1220,654,39,79,+0.056854000,000000056854,OBSERVED,tile2,640,0.05
A6,,development,d2ea5a73a689c89c54f1d3c8adcf0a9e3773d8bf1c14716c9498b28141c9d17c,3,328,216,58,115,+0.052429000,000000052429,OBSERVED,tile2,640,0.05
A6,,development,d2ea5a73a689c89c54f1d3c8adcf0a9e3773d8bf1c14716c9498b28141c9d17c,4,498,181,56,115,+0.052246000,000000052246,OBSERVED,tile2,640,0.05
A6,,development,6210a2f091bda239e733240299b7918c64c7e2d0e47675ae6c9b50c0c756e61d,0,1478,215,45,93,+0.413086000,000000413086,OBSERVED,tile2,640,0.05
A6,,development,6210a2f091bda239e733240299b7918c64c7e2d0e47675ae6c9b50c0c756e61d,1,1102,151,38,79,+0.160767000,000000160767,OBSERVED,tile2,640,0.05
A6,,development,6210a2f091bda239e733240299b7918c64c7e2d0e47675ae6c9b50c0c756e61d,2,451,104,33,65,+0.104126000,000000104126,OBSERVED,tile2,640,0.05
A6,,development,6210a2f091bda239e733240299b7918c64c7e2d0e47675ae6c9b50c0c756e61d,3,1083,168,44,99,+0.103760000,000000103760,OBSERVED,tile2,640,0.05
A6,,development,6210a2f091bda239e733240299b7918c64c7e2d0e47675ae6c9b50c0c756e61d,4,1268,214,48,95,+0.079224000,000000079224,OBSERVED,tile2,640,0.05
A6,,development,6210a2f091bda239e733240299b7918c64c7e2d0e47675ae6c9b50c0c756e61d,5,1374,126,47,104,+0.056244000,000000056244,OBSERVED,tile2,640,0.05
A6,,development,bc46741fe1036968019ec24fe5606241ebacc92acadbc13a8c2ca62b3604ddf0,0,1598,357,47,91,+0.203735000,000000203735,OBSERVED,tile2,640,0.05
A6,,development,bc46741fe1036968019ec24fe5606241ebacc92acadbc13a8c2ca62b3604ddf0,1,509,134,42,81,+0.102661000,000000102661,OBSERVED,tile2,640,0.05
A6,,development,2f016c06f20894d50f6bf44eb17b2a86b28c2072faaba6a0a3cb7e74d300fa49,0,1182,196,43,82,+0.249390000,000000249390,OBSERVED,tile2,640,0.05
A6,,development,2f016c06f20894d50f6bf44eb17b2a86b28c2072faaba6a0a3cb7e74d300fa49,1,548,563,39,79,+0.068542000,000000068542,OBSERVED,tile2,640,0.05
A6,,development,2f016c06f20894d50f6bf44eb17b2a86b28c2072faaba6a0a3cb7e74d300fa49,2,1013,153,46,91,+0.059418000,000000059418,OBSERVED,tile2,640,0.05
A6,,development,73787809c7c4a8c3ce994480c214f4221aff009d34f00ae0e1e97717532ed432,0,1677,349,38,76,+0.758301000,000000758301,OBSERVED,tile2,640,0.05
A6,,development,73787809c7c4a8c3ce994480c214f4221aff009d34f00ae0e1e97717532ed432,1,353,168,49,98,+0.487305000,000000487305,OBSERVED,tile2,640,0.05
A6,,development,d58d189f7fd0c2fcc4dec822b4cb1f455d0daa20173cf676631a453030af54d7,0,1387,123,40,77,+0.396973000,000000396973,OBSERVED,tile2,640,0.05
A6,,development,d58d189f7fd0c2fcc4dec822b4cb1f455d0daa20173cf676631a453030af54d7,1,1619,168,38,73,+0.387695000,000000387695,OBSERVED,tile2,640,0.05
A6,,development,d58d189f7fd0c2fcc4dec822b4cb1f455d0daa20173cf676631a453030af54d7,2,1494,216,49,91,+0.113953000,000000113953,OBSERVED,tile2,640,0.05
A6,,development,d58d189f7fd0c2fcc4dec822b4cb1f455d0daa20173cf676631a453030af54d7,3,1074,154,43,85,+0.099792000,000000099792,OBSERVED,tile2,640,0.05
A6,,development,d58d189f7fd0c2fcc4dec822b4cb1f455d0daa20173cf676631a453030af54d7,4,1909,241,22,69,+0.055817000,000000055817,OBSERVED,tile2,640,0.05
A6,,development,172177e657ab4a55685d4735067c9bfdbdc15283ad6ef388b0ca54fe0452835a,0,946,280,47,104,+0.168335000,000000168335,OBSERVED,tile2,640,0.05
A6,,development,172177e657ab4a55685d4735067c9bfdbdc15283ad6ef388b0ca54fe0452835a,1,643,91,000054,111,+0.150513000,000000150513,OBSERVED,tile2,640,0.05
A6,,development,9a6c98434331b2a6042aa7fdf32088a18dbee985a7eda3fa25c861001de75625,0,1245,874,51,102,+0.230957000,000000230957,OBSERVED,tile2,640,0.05
A6,,development,004dfb194535143b158e2d9be51ecd2b418db9e245983615f657b3c29116dbe5,0,636,207,57,108,+0.476562000,000000476562,OBSERVED,tile2,640,0.05
A6,,development,004dfb194535143b158e2d9be51ecd2b418db9e245983615f657b3c29116dbe5,1,970,486,68,130,+0.279785000,000000279785,OBSERVED,tile2,640,0.05
A6,,development,6fcf278b16033b938a8444e26794ffff2e5231dd22080a7deda9a97c2ebda398,0,167,915,72,128,+0.082703000,000000082703,OBSERVED,tile2,640,0.05
A6,,development,4bd2281bab76852367e2ab7c6b4d41e33758104e5839e832d47f0779f097e1ee,0,551,1058,48,44,+0.052246000,000000052246,OBSERVED,tile2,640,0.05
A6,,development,ddf0fb13aca0d0033bd34bfab1d59558f8d1e255e7b9426889b8c5ab925559c1,0,1329,558,65,120,+0.093323000,000000093323,OBSERVED,tile2,640,0.05
A6,,development,7ca0d220a93be3dc20606d84aa657d63984eccb96741f12370a0ceadf748b787,0,1582,319,40,81,+0.130249000,000000130249,OBSERVED,tile2,640,0.05
A6,,development,7ca0d220a93be3dc20606d84aa657d63984eccb96741f12370a0ceadf748b787,1,866,619,69,58,+0.105957000,000000105957,OBSERVED,tile2,640,0.05
A6,,development,7ca0d220a93be3dc20606d84aa657d63984eccb96741f12370a0ceadf748b787,2,803,399,58,107,+0.092712000,000000092712,OBSERVED,tile2,640,0.05
A6,,development,7ca0d220a93be3dc20606d84aa657d63984eccb96741f12370a0ceadf748b787,3,1355,257,48,84,+0.088806000,000000088806,OBSERVED,tile2,640,0.05
A6,,development,7ca0d220a93be3dc20606d84aa657d63984eccb96741f12370a0ceadf748b787,4,775,337,14,104,+0.076660000,000000076660,OBSERVED,tile2,640,0.05
A6,,development,7ca0d220a93be3dc20606d84aa657d63984eccb96741f12370a0ceadf748b787,5,752,284,43,86,+0.060303000,000000060303,OBSERVED,tile2,640,0.05
A6,,development,9746fd6fd1039a88834733853858a22098eb0c921e125b0a33c552d364618373,0,322,468,59,73,+0.105957000,000000105957,OBSERVED,tile2,640,0.05
A6,,development,9746fd6fd1039a88834733853858a22098eb0c921e125b0a33c552d364618373,1,138,237,55,122,+0.091370000,000000091370,OBSERVED,tile2,640,0.05
A6,,development,9746fd6fd1039a88834733853858a22098eb0c921e125b0a33c552d364618373,2,1150,609,72,77,+0.055206000,000000055206,OBSERVED,tile2,640,0.05
A6,,development,b57d818efdfde800bdbbb5eca6e83debfb63cdcf32234408547cb9d6dfd91bac,0,923,614,56,103,+0.078918000,000000078918,OBSERVED,tile2,640,0.05
A6,,development,1f22a2a528473a7b93dcd7544caf156e9af80dad501a893bc33f16e8158c789a,0,1450,942,61,114,+0.095337000,000000095337,OBSERVED,tile2,640,0.05
A6,,development,68b18aeb1053c2195aed847546087e4caa9529eb22c7532a97bc0bdf9af0540a,0,8,454,16,98,+0.073181000,000000073181,OBSERVED,tile2,640,0.05
A6,,development,68b18aeb1053c2195aed847546087e4caa9529eb22c7532a97bc0bdf9af0540a,1,213,559,61,118,+0.066833000,000000066833,OBSERVED,tile2,640,0.05
A6,,development,9205d986172e50907b03cacaf902aac032bbb0859f099301b06e16e80c9234e2,0,281,489,67,114,+0.299805000,000000299805,OBSERVED,tile2,640,0.05
A6,,development,9205d986172e50907b03cacaf902aac032bbb0859f099301b06e16e80c9234e2,1,9,417,19,100,+0.206299000,000000206299,OBSERVED,tile2,640,0.05
A6,,development,9205d986172e50907b03cacaf902aac032bbb0859f099301b06e16e80c9234e2,2,322,675,61,111,+0.052032000,000000052032,OBSERVED,tile2,640,0.05
A6,,development,fe5fa5337cc3492a681f43b6104ebe37878bcec0d6b4c11be36c0211403036af,0,985,477,52,90,+0.217285000,000000217285,OBSERVED,tile2,640,0.05
A6,,development,fe5fa5337cc3492a681f43b6104ebe37878bcec0d6b4c11be36c0211403036af,1,1457,561,63,124,+0.053589000,000000053589,OBSERVED,tile2,640,0.05
A6,,development,67f48fec58a70f3d0fbb3416de6e606e2ffc4de18dd30c4bbbca1e723e0573b8,0,742,833,52,100,+0.070557000,000000070557,OBSERVED,tile2,640,0.05
A6,,development,f2d1b5c0bd14d7b8d71339d751c7d1ba8f6b1258a25d88170bde089ca8af64da,0,1051,1071,52,17,+0.073425000,000000073425,OBSERVED,tile2,640,0.05
A6,,development,4a66870b97d6f459546a8e225f48301e920d8f36a191f29921910408edaf1b54,0,989,254,61,107,+0.165649000,000000165649,OBSERVED,tile2,640,0.05
A6,,development,4a66870b97d6f459546a8e225f48301e920d8f36a191f29921910408edaf1b54,1,1173,477,64,126,+0.093994000,000000093994,OBSERVED,tile2,640,0.05
A6,,development,4a66870b97d6f459546a8e225f48301e920d8f36a191f29921910408edaf1b54,2,1138,469,27,123,+0.069275000,000000069275,OBSERVED,tile2,640,0.05
A6,,development,618600d99e29080cfa1cb219b092ebbd8cac852daec64052dae35e8a4c2f15ab,0,1149,623,75,49,+0.291748000,000000291748,OBSERVED,tile2,640,0.05
A6,,development,618600d99e29080cfa1cb219b092ebbd8cac852daec64052dae35e8a4c2f15ab,1,1754,618,76,60,+0.146606000,000000146606,OBSERVED,tile2,640,0.05
A6,,development,618600d99e29080cfa1cb219b092ebbd8cac852daec64052dae35e8a4c2f15ab,2,1422,605,77,86,+0.100159000,000000100159,OBSERVED,tile2,640,0.05
A6,,development,5034f723871938bdca9740e94f20d5efcd1aaa066ea592364b8a9e20c8b7fbe9,0,816,628,74,40,+0.250244000,000000250244,OBSERVED,tile2,640,0.05
A6,,development,5034f723871938bdca9740e94f20d5efcd1aaa066ea592364b8a9e20c8b7fbe9,1,715,569,68,130,+0.119629000,000000119629,OBSERVED,tile2,640,0.05
A6,,development,b41047866cf6b5d8451879948d178358d05ad94deaf7fcd4d8a3ab4588af852c,0,952,938,64,121,+0.656738000,000000656738,OBSERVED,tile2,640,0.05
A6,,development,b41047866cf6b5d8451879948d178358d05ad94deaf7fcd4d8a3ab4588af852c,1,1375,1074,45,11,+0.053406000,000000053406,OBSERVED,tile2,640,0.05
A6,,development,c9eb4df95680b262d7a5439ffafb8fe2bc47c750fcf3b367454fc4706541eb2e,0,767,594,59,108,+0.291748000,000000291748,OBSERVED,tile2,640,0.05
A6,,development,1e020a4bdc8924fa0053f68a60d1f7954eb5d78e887924970ecc0bc2bc710281,0,984,582,61,113,+0.091370000,000000091370,OBSERVED,tile2,640,0.05
A6,,development,3522f413dafd1bb6a298d6f8718c4dc246d8c217f350fd9eb9569242e0dc0301,0,1521,101,38,72,+0.052246000,000000052246,OBSERVED,tile2,640,0.05
A6,,development,825f402b5578f087a4d1bdc44283d2801096df41568ba068bd4f2ceec5517146,0,952,435,58,109,+0.127686000,000000127686,OBSERVED,tile2,640,0.05
A6,,development,a68589ed3bb328dc8dfc0d65d8a03d9721b7a4041a184d3f2ecdca7ea6d2f365,0,484,436,42,82,+0.051086000,000000051086,OBSERVED,tile2,640,0.05
A6,,development,56424db05fc44766f95a9561fd0e2910df4d907c80a97aa8962027348f64b9f9,0,800,573,64,126,+0.080933000,000000080933,OBSERVED,tile2,640,0.05
A6,,development,56424db05fc44766f95a9561fd0e2910df4d907c80a97aa8962027348f64b9f9,1,1113,246,61,110,+0.052612000,000000052612,OBSERVED,tile2,640,0.05
A6,,development,9ec4658ae5da7ea22987575bc9ec1aa4b4eeb28c3cfcf5cac77a9625cece245a,0,800,549,47,91,+0.549805000,000000549805,OBSERVED,tile2,640,0.05
A6,,development,9ec4658ae5da7ea22987575bc9ec1aa4b4eeb28c3cfcf5cac77a9625cece245a,1,704,303,49,94,+0.262207000,000000262207,OBSERVED,tile2,640,0.05
A6,,development,9ec4658ae5da7ea22987575bc9ec1aa4b4eeb28c3cfcf5cac77a9625cece245a,2,475,535,49,104,+0.206909000,000000206909,OBSERVED,tile2,640,0.05
A6,,development,9ec4658ae5da7ea22987575bc9ec1aa4b4eeb28c3cfcf5cac77a9625cece245a,3,111,750,50,87,+0.051666000,000000051666,OBSERVED,tile2,640,0.05
A6,,development,35d8cfec5e3d2be8057c87714074fcb3af31eba724c5264f08a3a78448135c47,0,1406,481,74,99,+0.057922000,000000057922,OBSERVED,tile2,640,0.05
A6,,development,01ce08140eff3b64b4971ca44c434016601f1fa298dc7d5b2836ac2e50bed778,0,1130,106,44,104,+0.053986000,000000053986,OBSERVED,tile2,640,0.05
A6,,development,422239c9c6fb0e2e7582a06e2c51ff7a3c25dba2e8858d44bfaa84d8f10cd4a3,0,788,145,41,124,+0.146118000,000000146118,OBSERVED,tile2,640,0.05
A6,,development,66294faf6cb6fa5de0d3a711b77ef456c5fd287f2f6205879f45fe6fdf051ece,0,616,212,62,119,+0.381104000,000000381104,OBSERVED,tile2,640,0.05
A6,,development,66294faf6cb6fa5de0d3a711b77ef456c5fd287f2f6205879f45fe6fdf051ece,1,194,403,65,117,+0.273682000,000000273682,OBSERVED,tile2,640,0.05
A6,,development,66294faf6cb6fa5de0d3a711b77ef456c5fd287f2f6205879f45fe6fdf051ece,2,1228,92,50,98,+0.052612000,000000052612,OBSERVED,tile2,640,0.05
A6,,development,1eeefb37ee64be56ca106e5c964e27a6a27b0e51c5ee4e8fad095bbfd712e140,0,832,528,42,85,+0.122925000,000000122925,OBSERVED,tile2,640,0.05
A6,,development,29a5e8320a7051398a643a2c629e0f5895c9eea8748f00d76377e34fb01b6522,0,1855,590,72,116,+0.084473000,000000084473,OBSERVED,tile2,640,0.05
A6,,development,cc20458c6f0643078e9c3f208e7886520350d99b0035c3e34fe441d8a425e873,0,1783,397,68,126,+0.119202000,000000119202,OBSERVED,tile2,640,0.05
A6,,development,cc20458c6f0643078e9c3f208e7886520350d99b0035c3e34fe441d8a425e873,1,998,184,51,105,+0.099121000,000000099121,OBSERVED,tile2,640,0.05
A6,,development,5e728c70cfacdd28880ed5fa2983c5fb31a973e5f4e1cddd8a3c0e19c100e589,0,1798,459,60,115,+0.085083000,000000085083,OBSERVED,tile2,640,0.05
A6,,development,5e728c70cfacdd28880ed5fa2983c5fb31a973e5f4e1cddd8a3c0e19c100e589,1,1505,379,55,103,+0.058350000,000000058350,OBSERVED,tile2,640,0.05
A6,,development,18f0cbe4d4c66f57fd89943cf98ec4afd374b683d0c171d3d0f19ee855159349,0,925,1025,58,110,+0.107056000,000000107056,OBSERVED,tile2,640,0.05
A6,,development,c130340efee4549e459681638e244506e98b84a3a5dd7aa17077c3088927043d,0,80,569,60,113,+0.065125000,000000065125,OBSERVED,tile2,640,0.05
A6,,development,b14aee495a834c851eebe30d29250502356ce14f1eba09a94a106545345f4214,0,1437,282,65,129,+0.050903000,000000050903,OBSERVED,tile2,640,0.05
A6,,development,4c78585af542a3077aeb640d0159be8fb86d97fab80133675cad55515042d2be,0,145,1052,73,55,+0.658203000,000000658203,OBSERVED,tile2,640,0.05
A6,,development,4c78585af542a3077aeb640d0159be8fb86d97fab80133675cad55515042d2be,1,1636,305,56,102,+0.309814000,000000309814,OBSERVED,tile2,640,0.05
A6,,development,512975438cfd0a649cf3b623e04d12f990dce55155044c5671dfaff19b7b3599,0,1189,654,48,95,+0.274414000,000000274414,OBSERVED,tile2,640,0.05
A6,,development,512975438cfd0a649cf3b623e04d12f990dce55155044c5671dfaff19b7b3599,1,1184,625,65,46,+0.117981000,000000117981,OBSERVED,tile2,640,0.05
A6,,development,512975438cfd0a649cf3b623e04d12f990dce55155044c5671dfaff19b7b3599,2,1277,579,70,130,+0.055420000,000000055420,OBSERVED,tile2,640,0.05
A6,,development,64b97f92e69247b7a4ce4314e114784943bb9d5ac46fa740e681f1d624124191,0,876,726,43,74,+0.332764000,000000332764,OBSERVED,tile2,640,0.05
A6,,development,64b97f92e69247b7a4ce4314e114784943bb9d5ac46fa740e681f1d624124191,1,867,700,52,106,+0.093323000,000000093323,OBSERVED,tile2,640,0.05
A6,,development,64b97f92e69247b7a4ce4314e114784943bb9d5ac46fa740e681f1d624124191,2,151,129,50,96,+0.057922000,000000057922,OBSERVED,tile2,640,0.05
A6,,development,64b97f92e69247b7a4ce4314e114784943bb9d5ac46fa740e681f1d624124191,3,581,83,56,104,+0.053192000,000000053192,OBSERVED,tile2,640,0.05
A6,,development,64b97f92e69247b7a4ce4314e114784943bb9d5ac46fa740e681f1d624124191,4,889,105,000054,112,+0.051849000,000000051849,OBSERVED,tile2,640,0.05
A6,,development,1756edee9fdcc4ad55a729a74e1698fb43c6c0e485a08e783a3e714fa80279ef,0,784,627,66,131,+0.486328000,000000486328,OBSERVED,tile2,640,0.05
A6,,development,c07853b2493f6ad8ccb12aa1119702270ed4eb485df1fceae0daf56095757b16,0,1090,545,70,131,+0.577637000,000000577637,OBSERVED,tile2,640,0.05
A6,,development,c07853b2493f6ad8ccb12aa1119702270ed4eb485df1fceae0daf56095757b16,1,775,774,15,92,+0.181885000,000000181885,OBSERVED,tile2,640,0.05
A6,,development,c07853b2493f6ad8ccb12aa1119702270ed4eb485df1fceae0daf56095757b16,2,792,480,59,111,+0.151978000,000000151978,OBSERVED,tile2,640,0.05
A6,,development,c07853b2493f6ad8ccb12aa1119702270ed4eb485df1fceae0daf56095757b16,3,155,557,65,125,+0.122498000,000000122498,OBSERVED,tile2,640,0.05
A6,,development,5dcbda1d60b16b2c9fc8d023e2f84719f342804a024b5d7e2a352b586c8c6040,0,97,589,69,118,+0.060089000,000000060089,OBSERVED,tile2,640,0.05
A6,,development,5dcbda1d60b16b2c9fc8d023e2f84719f342804a024b5d7e2a352b586c8c6040,1,876,724,42,78,+0.056458000,000000056458,OBSERVED,tile2,640,0.05
A6,,development,28f92237d044af6d15208faf09cc998d94a9c1be19cffdc1e46b51528873faec,0,361,164,59,115,+0.113159000,000000113159,OBSERVED,tile2,640,0.05
A6,,development,28f92237d044af6d15208faf09cc998d94a9c1be19cffdc1e46b51528873faec,1,1195,706,52,106,+0.096375000,000000096375,OBSERVED,tile2,640,0.05
A6,,development,28f92237d044af6d15208faf09cc998d94a9c1be19cffdc1e46b51528873faec,2,1907,308,25,86,+0.050507000,000000050507,OBSERVED,tile2,640,0.05
A6,,development,79c83579594353a96af5ac22ce9dcbae396f715ea6a0546ff0fc1afeb92d500d,0,564,718,62,112,+0.398926000,000000398926,OBSERVED,tile2,640,0.05
A6,,development,79c83579594353a96af5ac22ce9dcbae396f715ea6a0546ff0fc1afeb92d500d,1,154,188,63,119,+0.188354000,000000188354,OBSERVED,tile2,640,0.05
A6,,development,dd5deee8e3b4502cbda9ea36e30509e77697479a0d94e0ccff6d602019aa5f3c,0,95,598,000054,101,+0.494141000,000000494141,OBSERVED,tile2,640,0.05
A6,,development,dd5deee8e3b4502cbda9ea36e30509e77697479a0d94e0ccff6d602019aa5f3c,1,435,487,63,111,+0.269775000,000000269775,OBSERVED,tile2,640,0.05
A6,,development,dd5deee8e3b4502cbda9ea36e30509e77697479a0d94e0ccff6d602019aa5f3c,2,1000,520,64,118,+0.081238000,000000081238,OBSERVED,tile2,640,0.05
A6,,development,ab9d66958bec3ed71ba0b770e8cbe6b58051abb353fd18994f46675d1f2795ff,0,795,531,52,99,+0.253174000,000000253174,OBSERVED,tile2,640,0.05
A6,,development,ab9d66958bec3ed71ba0b770e8cbe6b58051abb353fd18994f46675d1f2795ff,1,1669,583,49,95,+0.154053000,000000154053,OBSERVED,tile2,640,0.05
A6,,development,ab9d66958bec3ed71ba0b770e8cbe6b58051abb353fd18994f46675d1f2795ff,2,781,508,26,109,+0.134277000,000000134277,OBSERVED,tile2,640,0.05
A6,,development,ab9d66958bec3ed71ba0b770e8cbe6b58051abb353fd18994f46675d1f2795ff,3,1710,617,59,62,+0.053802000,000000053802,OBSERVED,tile2,640,0.05
A6,,development,e9a686856100d65a562621af0d9f4d268d32b44ec363fd0382391c47eb41c5dd,0,1703,434,61,109,+0.389648000,000000389648,OBSERVED,tile2,640,0.05
A6,,development,e9a686856100d65a562621af0d9f4d268d32b44ec363fd0382391c47eb41c5dd,1,412,201,61,122,+0.081787000,000000081787,OBSERVED,tile2,640,0.05
A6,,development,e9a686856100d65a562621af0d9f4d268d32b44ec363fd0382391c47eb41c5dd,2,673,603,87,90,+0.068054000,000000068054,OBSERVED,tile2,640,0.05
A6,,development,7499f207fded6dc07b570a2c3c5e61d65c0d81d19f4d730674ed975dcfbaeefb,0,710,138,63,124,+0.074768000,000000074768,OBSERVED,tile2,640,0.05
A6,,development,9c4c692c9a8f5c38ad7b0f03a2c3bd14d99f5f5d385e00cccbda94d49d643067,0,983,1028,45,86,+0.252441000,000000252441,OBSERVED,tile2,640,0.05
A6,,development,65efed56fbe2179ab44fd671b5583580a7b27bffa283e9d592f2519cc66923af,0,1250,473,47,83,+0.220703000,000000220703,OBSERVED,tile2,640,0.05
A6,,development,65efed56fbe2179ab44fd671b5583580a7b27bffa283e9d592f2519cc66923af,1,708,205,63,120,+0.093994000,000000093994,OBSERVED,tile2,640,0.05
A6,,development,c8585e20f6732d52c48dd7f484aa6e4ce9b131e18bacc3e69b161cbadf266a7b,0,595,1055,70,49,+0.119629000,000000119629,OBSERVED,tile2,640,0.05
A6,,development,c8585e20f6732d52c48dd7f484aa6e4ce9b131e18bacc3e69b161cbadf266a7b,1,479,1053,72,000054,+0.052246000,000000052246,OBSERVED,tile2,640,0.05
A6,,development,7886f160304b3ff1dbeeea5106e090fcdd0552c4381cbc1628aa8e05fb70e76d,0,1219,59,58,112,+0.194946000,000000194946,OBSERVED,tile2,640,0.05
A6,,development,7a77ec659be073fb416f9a55a0d02d91e305815fa40f3412bb561bea897ba90b,0,1011,257,58,112,+0.060516000,000000060516,OBSERVED,tile2,640,0.05
A6,,development,d1d602cc6a04ee5541e01a7a36369e63826a128bc24011aaec85ef8b6d310e6e,0,129,543,36,67,+0.055817000,000000055817,OBSERVED,tile2,640,0.05
A6,,development,05cbce45bbb85d4cd2a1fc61d2246d67799f687299f6a52c0cb837aec010cf4e,0,855,89,36,68,+0.245850000,000000245850,OBSERVED,tile2,640,0.05
A6,,development,3be793e57b63e9c348c3f5568c40b12da5f0ab670a9b501d50f99e9e2686b053,0,427,542,55,111,+0.387695000,000000387695,OBSERVED,tile2,640,0.05
A6,,development,3be793e57b63e9c348c3f5568c40b12da5f0ab670a9b501d50f99e9e2686b053,1,565,674,32,58,+0.090759000,000000090759,OBSERVED,tile2,640,0.05
A6,,development,b3549eb2457dab26b5e94f42636d3c96600905779732d92ccf4a4165c8d32bb9,0,1553,539,67,127,+0.324219000,000000324219,OBSERVED,tile2,640,0.05
A6,,development,b3549eb2457dab26b5e94f42636d3c96600905779732d92ccf4a4165c8d32bb9,1,1254,815,70,131,+0.065857000,000000065857,OBSERVED,tile2,640,0.05
A6,,development,b3549eb2457dab26b5e94f42636d3c96600905779732d92ccf4a4165c8d32bb9,2,1114,513,69,111,+0.063477000,000000063477,OBSERVED,tile2,640,0.05
A6,,development,540e83f6d87c34f919e61e464047771e8a31061fa2320f570eb4ec107a727333,0,868,351,68,126,+0.071045000,000000071045,OBSERVED,tile2,640,0.05
A6,,development,54c516efc7f61db837114abde1ba1f2359c70ea882e56125d8b491485f1e14a9,0,621,304,66,126,+0.217285000,000000217285,OBSERVED,tile2,640,0.05
A6,,development,54c516efc7f61db837114abde1ba1f2359c70ea882e56125d8b491485f1e14a9,1,156,201,63,122,+0.068542000,000000068542,OBSERVED,tile2,640,0.05
A6,,development,54c516efc7f61db837114abde1ba1f2359c70ea882e56125d8b491485f1e14a9,2,1700,330,56,113,+0.059418000,000000059418,OBSERVED,tile2,640,0.05
A6,,development,74855cdd4b060b44b21fbf118ec3346897eefb8ebe8f084bc0982d94a5e52f8e,0,789,176,68,132,+0.219360000,000000219360,OBSERVED,tile2,640,0.05
A6,,development,74855cdd4b060b44b21fbf118ec3346897eefb8ebe8f084bc0982d94a5e52f8e,1,797,202,51,95,+0.138428000,000000138428,OBSERVED,tile2,640,0.05
A6,,development,934374068bfcf61e1be0c05a549bdb7ad22c9f76e7a74e77a28755991effc24f,0,1326,521,55,102,+0.626953000,000000626953,OBSERVED,tile2,640,0.05
A6,,development,e3ae0f5c4408c889fb01d856ee1cb63b5c66efde2fda2efb17fa5513e3ee6d89,0,469,479,50,94,+0.228882000,000000228882,OBSERVED,tile2,640,0.05
A6,,development,e3ae0f5c4408c889fb01d856ee1cb63b5c66efde2fda2efb17fa5513e3ee6d89,1,274,531,56,114,+0.168335000,000000168335,OBSERVED,tile2,640,0.05
A6,,development,e3ae0f5c4408c889fb01d856ee1cb63b5c66efde2fda2efb17fa5513e3ee6d89,2,898,440,67,131,+0.131226000,000000131226,OBSERVED,tile2,640,0.05
A6,,development,e463c48202f2d155e4545d2e726b1e8dfcd6e3206b331bfed34cba705f79a0e8,0,13,358,26,113,+0.204956000,000000204956,OBSERVED,tile2,640,0.05
A6,,development,e463c48202f2d155e4545d2e726b1e8dfcd6e3206b331bfed34cba705f79a0e8,1,939,898,36,67,+0.159790000,000000159790,OBSERVED,tile2,640,0.05
A6,,development,e463c48202f2d155e4545d2e726b1e8dfcd6e3206b331bfed34cba705f79a0e8,2,977,502,46,90,+0.078064000,000000078064,OBSERVED,tile2,640,0.05
A6,,development,e463c48202f2d155e4545d2e726b1e8dfcd6e3206b331bfed34cba705f79a0e8,3,75,308,68,129,+0.059875000,000000059875,OBSERVED,tile2,640,0.05
A6,,development,fa1b699643c057f5d2161bb533489079bb8bb1d2ce6a119a9b8db56aad7c8b2b,0,195,345,64,124,+0.296631000,000000296631,OBSERVED,tile2,640,0.05
A6,,development,fa1b699643c057f5d2161bb533489079bb8bb1d2ce6a119a9b8db56aad7c8b2b,1,608,193,64,126,+0.111267000,000000111267,OBSERVED,tile2,640,0.05
A6,,development,6d18d309bab8cc5dfbb328fced4ad9cb39ccf0e72526d228c1547937b5c7605f,0,27,164,000054,143,+0.066833000,000000066833,OBSERVED,tile2,640,0.05
A6,,development,6af1d5d127b068c5231f76ac18510ac2bd87a92c1a4c09651e27fd722d2b21e9,0,769,461,48,86,+0.235840000,000000235840,OBSERVED,tile2,640,0.05
A6,,development,ee27ca49da66243ef9e51c56f1c6ed60fca7847ab05c1146a1afb2ffb65ca286,0,450,588,72,120,+0.056854000,000000056854,OBSERVED,tile2,640,0.05
A6,,development,ceb578923915b5469c15bfc27a34660f304e2244a42d4a48228ff4d033901694,0,1634,1071,59,18,+0.070801000,000000070801,OBSERVED,tile2,640,0.05
A6,,development,a62bb168d5c0dfbe23b2afcfdfd348e112352be82e3f9367bc74742d3764f29a,0,1383,109,53,98,+0.053192000,000000053192,OBSERVED,tile2,640,0.05
A6,,development,8fc5f69f75423607a5af3ff25e76b8393faea61e80b5cf5bab9336e7458c8af8,0,1483,477,45,88,+0.096008000,000000096008,OBSERVED,tile2,640,0.05
A6,,development,a886ebe8dcfbabd0a7b75f04cacb4423a1c585a272f47b694045f84870f5ec7e,0,851,618,47,60,+0.099792000,000000099792,OBSERVED,tile2,640,0.05
A6,,development,5fda84db502fe9c7283fd89b68426e43c248cae2cb0d23dd8c1c6fcaca49a498,0,1402,501,50,98,+0.151978000,000000151978,OBSERVED,tile2,640,0.05
A6,,development,cf839e7ef9ae2d813c63ddc67c335185f856132f0dd4ff0509ce4b8673d3858f,0,319,568,000054,101,+0.146118000,000000146118,OBSERVED,tile2,640,0.05
A6,,development,cf839e7ef9ae2d813c63ddc67c335185f856132f0dd4ff0509ce4b8673d3858f,1,484,679,52,98,+0.091736000,000000091736,OBSERVED,tile2,640,0.05
A6,,development,94565bfe6ace7bc66f7b49827ee85a0f03bb5e3f31914ff2f82238e0f33fe589,0,384,292,59,116,+0.168335000,000000168335,OBSERVED,tile2,640,0.05
A6,,development,94565bfe6ace7bc66f7b49827ee85a0f03bb5e3f31914ff2f82238e0f33fe589,1,1909,475,22,76,+0.126343000,000000126343,OBSERVED,tile2,640,0.05
A6,,development,3d5bfeaf149137570da522c6d992297469c1a205b1708c0484ce376bf6f02812,0,1850,496,59,113,+0.057709000,000000057709,OBSERVED,tile2,640,0.05
A6,,development,167958b50c68c4e4a66e3a490eda19b440264c9845ca2909291cd357e741ad9f,0,1401,592,61,112,+0.111633000,000000111633,OBSERVED,tile2,640,0.05
A6,,development,fd56bbf0af4a1f64f0f31d8179c4a3458b00e021647460ed16bbcd57b357f688,0,1013,566,28,52,+0.107056000,000000107056,OBSERVED,tile2,640,0.05
A6,,development,7801f246e907949a73f35b55e42f59d1e86c7325f7da6553c53f458ab7cd25aa,0,64,594,57,108,+0.386719000,000000386719,OBSERVED,tile2,640,0.05
A6,,development,5d88e82139c338cce986dbc753cdeb614fb903dacb3c532b35721f6b4e5412be,0,1438,204,52,100,+0.086609000,000000086609,OBSERVED,tile2,640,0.05
A6,,development,5d88e82139c338cce986dbc753cdeb614fb903dacb3c532b35721f6b4e5412be,1,773,596,11,74,+0.056244000,000000056244,OBSERVED,tile2,640,0.05
A6,,development,162155c0f0604f3d22ae6b211e8c549877d26044be323067f408a954fc87e257,0,1020,111,72,123,+0.057068000,000000057068,OBSERVED,tile2,640,0.05
A6,,development,bd090799c4f823c1d64f27052a4dbeda6b6733e36219d6acab4efd30f94fdf12,0,1128,560,47,124,+0.098755000,000000098755,OBSERVED,tile2,640,0.05
A6,,development,438ec97a364869617e96721e963604375ae841664b055410bf29900a6197c760,0,1042,456,59,117,+0.334473000,000000334473,OBSERVED,tile2,640,0.05
A6,,development,438ec97a364869617e96721e963604375ae841664b055410bf29900a6197c760,1,1156,271,57,111,+0.142700000,000000142700,OBSERVED,tile2,640,0.05
A6,,development,438ec97a364869617e96721e963604375ae841664b055410bf29900a6197c760,2,1250,497,48,93,+0.129395000,000000129395,OBSERVED,tile2,640,0.05
A6,,development,438ec97a364869617e96721e963604375ae841664b055410bf29900a6197c760,3,1548,469,55,109,+0.105225000,000000105225,OBSERVED,tile2,640,0.05
A6,,development,438ec97a364869617e96721e963604375ae841664b055410bf29900a6197c760,4,1478,608,56,79,+0.083008000,000000083008,OBSERVED,tile2,640,0.05
A6,,development,438ec97a364869617e96721e963604375ae841664b055410bf29900a6197c760,5,1211,464,62,118,+0.055603000,000000055603,OBSERVED,tile2,640,0.05
A6,,development,0af26b42387635bd56de521cc5ddcbaea224a3acd03eda91359305c1f7877595,0,370,67,62,114,+0.255371000,000000255371,OBSERVED,tile2,640,0.05
A6,,development,0af26b42387635bd56de521cc5ddcbaea224a3acd03eda91359305c1f7877595,1,1581,185,56,103,+0.066589000,000000066589,OBSERVED,tile2,640,0.05
A6,,development,0af26b42387635bd56de521cc5ddcbaea224a3acd03eda91359305c1f7877595,2,829,520,33,62,+0.054596000,000000054596,OBSERVED,tile2,640,0.05
A6,,development,12fae7c643419925b0a63d4c7d30afc1a04c1a565d5ce9068fb177a8f9c525c4,0,1144,510,15,88,+0.068054000,000000068054,OBSERVED,tile2,640,0.05
A6,,development,50fc0905e9b86426b0a3b203e59639cc3a07a57faf306181eb59db5829f10a36,0,904,957,53,99,+0.406494000,000000406494,OBSERVED,tile2,640,0.05
A6,,development,303ac8d28eeb70d76f501c2db26c060116a2737673e2e628fe09f29d9abc4764,0,904,957,000054,102,+0.180054000,000000180054,OBSERVED,tile2,640,0.05
A6,,development,b86e4c31ee79587ba1f889c136aa7751114a62259dd00b7433d6575181afeb3b,0,906,957,50,96,+0.312256000,000000312256,OBSERVED,tile2,640,0.05
A6,,development,63b3b82354a0f12afac8c71ba2083b3ae0d6638094338a3434ac42e5718ebc03,0,905,957,51,97,+0.286865000,000000286865,OBSERVED,tile2,640,0.05
A6,,development,9553ae33713a507c8435a5f3fd836f986abb1d7d06575ddb2d63def9b5d80937,0,906,957,50,96,+0.223389000,000000223389,OBSERVED,tile2,640,0.05
A6,,development,b70a17fb2007e6ea1da09c86d5b9ed95a3f35e44c3e77dba7bd59844d7f6fa0b,0,906,958,49,93,+0.204346000,000000204346,OBSERVED,tile2,640,0.05
A7,A4,development,97ddf468f2894d87efd413938a7eec73b4d86187de5ffb4efa3bb5758f7a6bd3,0,479,348,53,106,+0.127686000,000000127686,OBSERVED,full,960,0.05
A7,A4,development,9c55d00df5a80514cef10b4a521418bcf466aefaeed08201231b76e124d83aca,-1,140,230,67,135,+0.077515000,000000077515,INFERRED,history0,960,0.05
A7,A4,development,97d7b429f1c7ceb18f39c85c68978d69aa38efe60ba28ddc1d6c22705a578b69,-1,1900,236,40,139,+0.069031000,000000069031,INFERRED,history0,960,0.05
A7,A4,development,914518aa85f595b1534a72b83bde1f3768c13030027215f2cda311cd22b70684,-1,158,201,72,130,+0.073975000,000000073975,INFERRED,history0,960,0.05
A7,A4,development,914518aa85f595b1534a72b83bde1f3768c13030027215f2cda311cd22b70684,-1,156,200,71,129,+0.061432000,000000061432,INFERRED,history1,960,0.05
A7,A4,development,85597a5e8bf84c4e99fc09019eaa3af4712cc575a5b5fe507a837000c06b34c7,0,912,401,47,90,+0.050323000,000000050323,OBSERVED,full,960,0.05
A7,A4,development,fc7d49e94fc2feab024df67469101f3323d0a90abdd88ff258159671705f3f66,-1,1758,684,40,76,+0.063965000,000000063965,INFERRED,history0,960,0.05
A7,A4,development,de8f6c3ca68ac5c9009f6320cf23bd13ab2937747e7f1d227404cedde658c02a,0,1558,669,40,75,+0.078613000,000000078613,OBSERVED,full,960,0.05
A7,A4,development,de8f6c3ca68ac5c9009f6320cf23bd13ab2937747e7f1d227404cedde658c02a,-1,1558,669,40,75,+0.065857000,000000065857,INFERRED,history0,960,0.05
A7,A4,development,592c0c85869af2165da4e905ec3ed3fe25e6421aa22e2928926c148960cfecb5,-1,1106,545,52,105,+0.072083000,000000072083,INFERRED,history0,960,0.05
A7,A4,development,592c0c85869af2165da4e905ec3ed3fe25e6421aa22e2928926c148960cfecb5,-1,8,501,16,114,+0.096375000,000000096375,INFERRED,history1,960,0.05
A7,A4,development,51036ebc10cf82e7f12cf940b65ac306798d4a8d563ae8cfdb2b3a4a030f3fd9,0,18,1058,37,44,+0.152588000,000000152588,OBSERVED,full,960,0.05
A7,A4,development,51036ebc10cf82e7f12cf940b65ac306798d4a8d563ae8cfdb2b3a4a030f3fd9,1,12,1056,25,47,+0.110107000,000000110107,OBSERVED,full,960,0.05
A7,A4,development,51036ebc10cf82e7f12cf940b65ac306798d4a8d563ae8cfdb2b3a4a030f3fd9,2,9,1054,18,51,+0.056244000,000000056244,OBSERVED,full,960,0.05
A7,A4,development,51036ebc10cf82e7f12cf940b65ac306798d4a8d563ae8cfdb2b3a4a030f3fd9,-1,23,1057,45,46,+0.199951000,000000199951,INFERRED,history0,960,0.05
A7,A4,development,139b5e762e0905a971a75a59bf0811b9a551726d69b23d7215ea4ae1bcf67ef3,0,923,149,52,95,+0.091736000,000000091736,OBSERVED,full,960,0.05
A7,A4,development,139b5e762e0905a971a75a59bf0811b9a551726d69b23d7215ea4ae1bcf67ef3,-1,563,864,58,116,+0.054413000,000000054413,INFERRED,history0,960,0.05
A7,A4,development,bf77cbc60af01953c39c553bc094a0ecdef43e23bcb3ea502fe94026aba062a9,0,598,476,55,104,+0.079773000,000000079773,OBSERVED,full,960,0.05
A7,A4,development,66f95c9da73da975684ff915d7af4343ad76e0fc2e1b568221aa79a84e3e9f43,0,21,655,42,118,+0.051270000,000000051270,OBSERVED,full,960,0.05
A7,A4,development,66f95c9da73da975684ff915d7af4343ad76e0fc2e1b568221aa79a84e3e9f43,-1,20,655,40,116,+0.221313000,000000221313,INFERRED,history0,960,0.05
A7,A4,development,66f95c9da73da975684ff915d7af4343ad76e0fc2e1b568221aa79a84e3e9f43,-1,20,655,40,116,+0.230225000,000000230225,INFERRED,history1,960,0.05
A7,A4,development,0e28ec60437d97badf30bfeebc4bfefd2af91be56c178e38903ba8e81356707e,-1,326,911,64,120,+0.068787000,000000068787,INFERRED,history0,960,0.05
A7,A4,development,23cca1abd53a7a1bb7dd13b7e6b754b9c78ba99cb28f1f8824d7a7cd6fc27f8f,0,1028,645,50,100,+0.701660000,000000701660,OBSERVED,full,960,0.05
A7,A4,development,23cca1abd53a7a1bb7dd13b7e6b754b9c78ba99cb28f1f8824d7a7cd6fc27f8f,1,399,25,81,51,+0.176147000,000000176147,OBSERVED,full,960,0.05
A7,A4,development,23cca1abd53a7a1bb7dd13b7e6b754b9c78ba99cb28f1f8824d7a7cd6fc27f8f,-1,1025,644,48,98,+0.201172000,000000201172,INFERRED,history0,960,0.05
A7,A4,development,98d4313d277b0890d32404a7474e089a036ce861dd125485ef42d017014c042a,0,772,46,94,92,+0.104126000,000000104126,OBSERVED,full,960,0.05
A7,A4,development,39adef9c83249a4e5ef43f71db222d86e09aacb8c7011dff0f5aeecbd6359f70,-1,1130,564,68,124,+0.203125000,000000203125,INFERRED,history0,960,0.05
A7,A4,development,39adef9c83249a4e5ef43f71db222d86e09aacb8c7011dff0f5aeecbd6359f70,-1,286,675,69,133,+0.132080000,000000132080,INFERRED,history1,960,0.05
A7,A4,development,f442c7b355e0d3c2fef1eab175358a9adaa17b9512436ec645af7e227497ced1,-1,23,704,47,122,+0.080078000,000000080078,INFERRED,history0,960,0.05
A7,A4,development,f442c7b355e0d3c2fef1eab175358a9adaa17b9512436ec645af7e227497ced1,-1,1068,733,60,113,+0.158691000,000000158691,INFERRED,history1,960,0.05
A7,A4,development,7dac93726975443987de11b4c692c44fa4957042a2d33622e628e8c0ce69b771,0,538,1042,50,76,+0.097046000,000000097046,OBSERVED,full,960,0.05
A7,A4,development,7dac93726975443987de11b4c692c44fa4957042a2d33622e628e8c0ce69b771,-1,536,1042,53,76,+0.127197000,000000127197,INFERRED,history0,960,0.05
A7,A4,development,7dac93726975443987de11b4c692c44fa4957042a2d33622e628e8c0ce69b771,-1,537,1042,53,76,+0.132568000,000000132568,INFERRED,history1,960,0.05
A7,A4,development,cee1530bf9195ce8f20672a014f24ab73a04b41000112e03cc3103a9bc0aa46c,0,70,1065,70,30,+0.062103000,000000062103,OBSERVED,full,960,0.05
A7,A4,development,cee1530bf9195ce8f20672a014f24ab73a04b41000112e03cc3103a9bc0aa46c,-1,139,1058,80,44,+0.082397000,000000082397,INFERRED,history0,960,0.05
A7,A4,development,6b4ce5ad7263ecbc75b1dfdd91cf8139feb690749b8a8b67f393f172c680223c,0,176,1064,76,32,+0.137085000,000000137085,OBSERVED,full,960,0.05
A7,A4,development,6b4ce5ad7263ecbc75b1dfdd91cf8139feb690749b8a8b67f393f172c680223c,-1,501,1056,88,48,+0.058136000,000000058136,INFERRED,history0,960,0.05
A7,A4,development,6b4ce5ad7263ecbc75b1dfdd91cf8139feb690749b8a8b67f393f172c680223c,-1,292,1044,85,72,+0.061432000,000000061432,INFERRED,history1,960,0.05
A7,A4,development,8df8b92593dfdd3fc2c8a0005ed714d8a537f63aa277d43656023059c772730f,0,684,1046,72,68,+0.145142000,000000145142,OBSERVED,full,960,0.05
A7,A4,development,8df8b92593dfdd3fc2c8a0005ed714d8a537f63aa277d43656023059c772730f,-1,683,1046,74,68,+0.168823000,000000168823,INFERRED,history0,960,0.05
A7,A4,development,8df8b92593dfdd3fc2c8a0005ed714d8a537f63aa277d43656023059c772730f,-1,684,1046,74,68,+0.114380000,000000114380,INFERRED,history1,960,0.05
A7,A4,development,75772aaa460e8a5e129a537bbb765fab7e7fd559ec1314e8690c5098175bbb75,-1,354,34,88,68,+0.131592000,000000131592,INFERRED,history0,960,0.05
A7,A4,development,75772aaa460e8a5e129a537bbb765fab7e7fd559ec1314e8690c5098175bbb75,-1,1028,353,68,123,+0.301514000,000000301514,INFERRED,history1,960,0.05
A7,A4,development,defe3c0d1e5b03d1838a890e52849dac4a007c54d71ba1ba3b393bcbb3f40124,0,1350,1058,64,44,+0.155640000,000000155640,OBSERVED,full,960,0.05
A7,A4,development,defe3c0d1e5b03d1838a890e52849dac4a007c54d71ba1ba3b393bcbb3f40124,-1,1350,1058,64,44,+0.157104000,000000157104,INFERRED,history0,960,0.05
A7,A4,development,defe3c0d1e5b03d1838a890e52849dac4a007c54d71ba1ba3b393bcbb3f40124,-1,1350,1058,64,44,+0.158691000,000000158691,INFERRED,history1,960,0.05
A7,A4,development,243411904abf14d2d21314daaa3be7f75fec2ee82a7d219f02be618e13aac30c,0,1772,639,48,96,+0.125122000,000000125122,OBSERVED,full,960,0.05
A7,A4,development,243411904abf14d2d21314daaa3be7f75fec2ee82a7d219f02be618e13aac30c,-1,1774,641,44,84,+0.604004000,000000604004,INFERRED,history0,960,0.05
A7,A4,development,243411904abf14d2d21314daaa3be7f75fec2ee82a7d219f02be618e13aac30c,-1,1770,638,48,94,+0.212036000,000000212036,INFERRED,history1,960,0.05
A7,A4,development,4ce9feada8d79aaee3dd2e51ad95f11af8bcf774d20e93383c24d6059b5ef97f,0,1346,1060,72,40,+0.235840000,000000235840,OBSERVED,full,960,0.05
A7,A4,development,4ce9feada8d79aaee3dd2e51ad95f11af8bcf774d20e93383c24d6059b5ef97f,-1,1354,1058,72,44,+0.131592000,000000131592,INFERRED,history0,960,0.05
A7,A4,development,4ce9feada8d79aaee3dd2e51ad95f11af8bcf774d20e93383c24d6059b5ef97f,-1,1347,1060,70,40,+0.270508000,000000270508,INFERRED,history1,960,0.05
A7,A4,development,748ad8b5bcfb830d91434d7be35cd0141c7e6112fbd645cb24b9d8145325d2c8,0,1800,1061,68,38,+0.086609000,000000086609,OBSERVED,full,960,0.05
A7,A4,development,748ad8b5bcfb830d91434d7be35cd0141c7e6112fbd645cb24b9d8145325d2c8,-1,1768,1059,80,42,+0.232300000,000000232300,INFERRED,history0,960,0.05
A7,A4,development,748ad8b5bcfb830d91434d7be35cd0141c7e6112fbd645cb24b9d8145325d2c8,-1,1786,1060,72,40,+0.062805000,000000062805,INFERRED,history1,960,0.05
A7,A4,development,4209e0afa63523ada47374829906a6895816cea5b6326dc490abfb52feeba092,0,491,1064,58,32,+0.137939000,000000137939,OBSERVED,full,960,0.05
A7,A4,development,4209e0afa63523ada47374829906a6895816cea5b6326dc490abfb52feeba092,1,517,1064,62,32,+0.118408000,000000118408,OBSERVED,full,960,0.05
A7,A4,development,4209e0afa63523ada47374829906a6895816cea5b6326dc490abfb52feeba092,2,501,1064,57,32,+0.116333000,000000116333,OBSERVED,full,960,0.05
A7,A4,development,4209e0afa63523ada47374829906a6895816cea5b6326dc490abfb52feeba092,3,481,1062,55,36,+0.101257000,000000101257,OBSERVED,full,960,0.05
A7,A4,development,4209e0afa63523ada47374829906a6895816cea5b6326dc490abfb52feeba092,4,535,1064,58,32,+0.083313000,000000083313,OBSERVED,full,960,0.05
A7,A4,development,4209e0afa63523ada47374829906a6895816cea5b6326dc490abfb52feeba092,-1,516,1064,62,32,+0.110107000,000000110107,INFERRED,history0,960,0.05
A7,A4,development,4209e0afa63523ada47374829906a6895816cea5b6326dc490abfb52feeba092,-1,517,1064,62,32,+0.120422000,000000120422,INFERRED,history1,960,0.05
A7,A4,development,6037df5845d3d2a0cdcb3209c7f78a8c3af43a80fb0d8dbbddbf296c554fa1ee,0,11,153,22,125,+0.167236000,000000167236,OBSERVED,full,960,0.05
A7,A4,development,6037df5845d3d2a0cdcb3209c7f78a8c3af43a80fb0d8dbbddbf296c554fa1ee,1,15,148,30,129,+0.118774000,000000118774,OBSERVED,full,960,0.05
A7,A4,development,6037df5845d3d2a0cdcb3209c7f78a8c3af43a80fb0d8dbbddbf296c554fa1ee,-1,11,154,22,126,+0.114380000,000000114380,INFERRED,history0,960,0.05
A7,A4,development,6037df5845d3d2a0cdcb3209c7f78a8c3af43a80fb0d8dbbddbf296c554fa1ee,-1,11,153,22,125,+0.127197000,000000127197,INFERRED,history1,960,0.05
A7,A4,development,d2a668fbeec06def70b50253d68d47295e3e6135d27436fd6aec306721f356c1,-1,1512,213,000054,110,+0.135742000,000000135742,INFERRED,history0,960,0.05
A7,A4,development,e1ffcf35aa4328f0ddb050f9cc7d11d65e047f5adf73a404311ca539246c75be,0,212,241,55,101,+0.094666000,000000094666,OBSERVED,full,960,0.05
A7,A4,development,e1ffcf35aa4328f0ddb050f9cc7d11d65e047f5adf73a404311ca539246c75be,1,492,1056,79,48,+0.050720000,000000050720,OBSERVED,full,960,0.05
A7,A4,development,e1ffcf35aa4328f0ddb050f9cc7d11d65e047f5adf73a404311ca539246c75be,-1,633,1046,77,67,+0.215332000,000000215332,INFERRED,history0,960,0.05
A7,A4,development,0f5be93bb3489c3bd006eaad1f46de00e9964a77bbb8f3756cd7f5b9f7ec58da,-1,671,677,62,122,+0.093994000,000000093994,INFERRED,history0,960,0.05
A7,A4,development,0f5be93bb3489c3bd006eaad1f46de00e9964a77bbb8f3756cd7f5b9f7ec58da,-1,1738,1039,72,82,+0.093994000,000000093994,INFERRED,history1,960,0.05
A7,A4,development,89dd8715dd8a53230e612760e0e9faaa294f4cf71a215a36fcbd0e8f14505647,-1,1106,360,70,124,+0.310791000,000000310791,INFERRED,history0,960,0.05
A7,A4,development,20acbc1fcca15521097a437ffe46365e974a1f7465a45912146e7a9d389aea3c,0,1298,1062,60,36,+0.132080000,000000132080,OBSERVED,full,960,0.05
A7,A4,development,20acbc1fcca15521097a437ffe46365e974a1f7465a45912146e7a9d389aea3c,1,1310,1066,56,28,+0.053986000,000000053986,OBSERVED,full,960,0.05
A7,A4,development,b1501c3de99d2e76dae00520d2d6160d34f3b83a2f127362efb6935dcac0d374,0,1410,1039,96,81,+0.082703000,000000082703,OBSERVED,full,960,0.05
A7,A4,development,b1501c3de99d2e76dae00520d2d6160d34f3b83a2f127362efb6935dcac0d374,1,1429,1040,96,79,+0.070312000,000000070312,OBSERVED,full,960,0.05
A7,A4,development,b1501c3de99d2e76dae00520d2d6160d34f3b83a2f127362efb6935dcac0d374,-1,948,121,56,103,+0.130737000,000000130737,INFERRED,history0,960,0.05
A7,A4,development,ee76f9191cdbd8d5027d46596a903214dfcbc5bc2ff5f55c377abe4dc4fe6fea,0,1560,1066,000054,28,+0.081238000,000000081238,OBSERVED,full,960,0.05
A7,A4,development,ee76f9191cdbd8d5027d46596a903214dfcbc5bc2ff5f55c377abe4dc4fe6fea,1,1550,1066,48,28,+0.054810000,000000054810,OBSERVED,full,960,0.05
A7,A4,development,ee76f9191cdbd8d5027d46596a903214dfcbc5bc2ff5f55c377abe4dc4fe6fea,-1,1550,1066,48,28,+0.088806000,000000088806,INFERRED,history0,960,0.05
A7,A4,development,ee76f9191cdbd8d5027d46596a903214dfcbc5bc2ff5f55c377abe4dc4fe6fea,-1,1560,1066,000054,28,+0.081787000,000000081787,INFERRED,history1,960,0.05
A7,A4,development,b643cb7a398bfc3527bfa89aaf3869d063242b24302ffcab3bb5be4d72a270c1,-1,1582,1062,80,36,+0.055817000,000000055817,INFERRED,history0,960,0.05
A7,A4,development,b643cb7a398bfc3527bfa89aaf3869d063242b24302ffcab3bb5be4d72a270c1,-1,1582,1062,80,36,+0.056854000,000000056854,INFERRED,history1,960,0.05
A7,A4,development,b8a141378049c37b3efa1ea3f0c68712147baac7e5eff1ea5421ecbd242b7d76,-1,1206,314,70,130,+0.193726000,000000193726,INFERRED,history0,960,0.05
A7,A4,development,b8a141378049c37b3efa1ea3f0c68712147baac7e5eff1ea5421ecbd242b7d76,-1,1206,314,70,130,+0.193726000,000000193726,INFERRED,history1,960,0.05
A7,A4,development,6ccc80b59e5eb526c3ea8468fba69f15da52b3df6dfbc987215c75432eb1641e,0,1226,588,60,116,+0.058777000,000000058777,OBSERVED,full,960,0.05
A7,A4,development,6ccc80b59e5eb526c3ea8468fba69f15da52b3df6dfbc987215c75432eb1641e,-1,854,607,48,92,+0.216675000,000000216675,INFERRED,history0,960,0.05
A7,A4,development,2f243ae981ad41911be70d35816286e6c356f500d8d93e00b3c3dfb32a89144c,-1,1500,704,48,94,+0.052612000,000000052612,INFERRED,history0,960,0.05
A7,A4,development,9a43195cc9df5c4f94480b816d414874899fad38f9940f49dc4aba23375536cc,0,443,1065,61,30,+0.108215000,000000108215,OBSERVED,full,960,0.05
A7,A4,development,9a43195cc9df5c4f94480b816d414874899fad38f9940f49dc4aba23375536cc,1,454,1068,55,24,+0.063721000,000000063721,OBSERVED,full,960,0.05
A7,A4,development,9a43195cc9df5c4f94480b816d414874899fad38f9940f49dc4aba23375536cc,2,429,1067,55,26,+0.055206000,000000055206,OBSERVED,full,960,0.05
A7,A4,development,9a43195cc9df5c4f94480b816d414874899fad38f9940f49dc4aba23375536cc,-1,442,1065,61,30,+0.105591000,000000105591,INFERRED,history0,960,0.05
A7,A4,development,9a43195cc9df5c4f94480b816d414874899fad38f9940f49dc4aba23375536cc,-1,443,1065,61,30,+0.108948000,000000108948,INFERRED,history1,960,0.05
A7,A4,development,b1826846fffe8b200cc10fc36a63f3d4ce3424ef747297205f2fe20d96f3a8b9,0,985,633,56,107,+0.098755000,000000098755,OBSERVED,full,960,0.05
A7,A4,development,b1826846fffe8b200cc10fc36a63f3d4ce3424ef747297205f2fe20d96f3a8b9,-1,1000,630,46,88,+0.119629000,000000119629,INFERRED,history0,960,0.05
A7,A4,development,6a9cfc1e58d6a578df31a7a0d8dee35fb1b0bb76eb170f624dd0daa83ac6bd22,0,800,532,60,114,+0.082703000,000000082703,OBSERVED,full,960,0.05
A7,A4,development,6a9cfc1e58d6a578df31a7a0d8dee35fb1b0bb76eb170f624dd0daa83ac6bd22,1,1389,622,38,78,+0.056244000,000000056244,OBSERVED,full,960,0.05
A7,A4,development,6a9cfc1e58d6a578df31a7a0d8dee35fb1b0bb76eb170f624dd0daa83ac6bd22,-1,804,529,59,111,+0.220703000,000000220703,INFERRED,history0,960,0.05
A7,A4,development,d3a3b719e817f3a05276f22716d3f0ec546346f0145b1336ed3e0a5b9d9eb759,-1,1306,375,72,126,+0.056244000,000000056244,INFERRED,history0,960,0.05
A7,A4,development,dc81dfadb27be9b001a99a37064dbeb5dc8fdf3881c02f31ba2982db96143b0b,0,353,436,50,95,+0.056244000,000000056244,OBSERVED,full,960,0.05
A7,A4,development,dc81dfadb27be9b001a99a37064dbeb5dc8fdf3881c02f31ba2982db96143b0b,-1,353,436,50,96,+0.056030000,000000056030,INFERRED,history0,960,0.05
A7,A4,development,dc81dfadb27be9b001a99a37064dbeb5dc8fdf3881c02f31ba2982db96143b0b,-1,353,436,50,96,+0.054993000,000000054993,INFERRED,history1,960,0.05
A7,A4,development,4c7e2db6b6661d0bc867297b88bac7925e543d77653e8a1730377eaebbb7b0e6,0,1106,1064,52,32,+0.244385000,000000244385,OBSERVED,full,960,0.05
A7,A4,development,4c7e2db6b6661d0bc867297b88bac7925e543d77653e8a1730377eaebbb7b0e6,1,1114,1062,50,36,+0.137939000,000000137939,OBSERVED,full,960,0.05
A7,A4,development,4c7e2db6b6661d0bc867297b88bac7925e543d77653e8a1730377eaebbb7b0e6,-1,1102,1064,52,32,+0.259033000,000000259033,INFERRED,history0,960,0.05
A7,A4,development,4c7e2db6b6661d0bc867297b88bac7925e543d77653e8a1730377eaebbb7b0e6,-1,1104,1064,52,32,+0.354980000,000000354980,INFERRED,history1,960,0.05
A7,A4,development,d2ea5a73a689c89c54f1d3c8adcf0a9e3773d8bf1c14716c9498b28141c9d17c,-1,305,215,65,126,+0.087585000,000000087585,INFERRED,history0,960,0.05
A7,A4,development,d2ea5a73a689c89c54f1d3c8adcf0a9e3773d8bf1c14716c9498b28141c9d17c,-1,1232,677,44,84,+0.109314000,000000109314,INFERRED,history1,960,0.05
A7,A4,development,6210a2f091bda239e733240299b7918c64c7e2d0e47675ae6c9b50c0c756e61d,0,1478,223,48,97,+0.472656000,000000472656,OBSERVED,full,960,0.05
A7,A4,development,6210a2f091bda239e733240299b7918c64c7e2d0e47675ae6c9b50c0c756e61d,-1,1479,223,48,94,+0.578613000,000000578613,INFERRED,history0,960,0.05
A7,A4,development,6210a2f091bda239e733240299b7918c64c7e2d0e47675ae6c9b50c0c756e61d,-1,1478,223,48,96,+0.536133000,000000536133,INFERRED,history1,960,0.05
A7,A4,development,bc46741fe1036968019ec24fe5606241ebacc92acadbc13a8c2ca62b3604ddf0,-1,157,172,60,121,+0.327637000,000000327637,INFERRED,history0,960,0.05
A7,A4,development,bc46741fe1036968019ec24fe5606241ebacc92acadbc13a8c2ca62b3604ddf0,-1,1600,361,44,91,+0.412109000,000000412109,INFERRED,history1,960,0.05
A7,A4,development,2f016c06f20894d50f6bf44eb17b2a86b28c2072faaba6a0a3cb7e74d300fa49,0,1184,191,48,98,+0.104126000,000000104126,OBSERVED,full,960,0.05
A7,A4,development,2f016c06f20894d50f6bf44eb17b2a86b28c2072faaba6a0a3cb7e74d300fa49,-1,1184,193,46,96,+0.279785000,000000279785,INFERRED,history0,960,0.05
A7,A4,development,2f016c06f20894d50f6bf44eb17b2a86b28c2072faaba6a0a3cb7e74d300fa49,-1,1184,191,48,97,+0.235840000,000000235840,INFERRED,history1,960,0.05
A7,A4,development,73787809c7c4a8c3ce994480c214f4221aff009d34f00ae0e1e97717532ed432,0,1678,346,40,79,+0.737793000,000000737793,OBSERVED,full,960,0.05
A7,A4,development,73787809c7c4a8c3ce994480c214f4221aff009d34f00ae0e1e97717532ed432,-1,1678,347,40,80,+0.779297000,000000779297,INFERRED,history0,960,0.05
A7,A4,development,73787809c7c4a8c3ce994480c214f4221aff009d34f00ae0e1e97717532ed432,-1,1678,346,40,79,+0.739258000,000000739258,INFERRED,history1,960,0.05
A7,A4,development,d58d189f7fd0c2fcc4dec822b4cb1f455d0daa20173cf676631a453030af54d7,0,1620,171,40,78,+0.285400000,000000285400,OBSERVED,full,960,0.05
A7,A4,development,d58d189f7fd0c2fcc4dec822b4cb1f455d0daa20173cf676631a453030af54d7,-1,1668,137,64,126,+0.082092000,000000082092,INFERRED,history0,960,0.05
A7,A4,development,d58d189f7fd0c2fcc4dec822b4cb1f455d0daa20173cf676631a453030af54d7,-1,1618,171,40,78,+0.157715000,000000157715,INFERRED,history1,960,0.05
A7,A4,development,172177e657ab4a55685d4735067c9bfdbdc15283ad6ef388b0ca54fe0452835a,0,646,89,58,119,+0.263672000,000000263672,OBSERVED,full,960,0.05
A7,A4,development,172177e657ab4a55685d4735067c9bfdbdc15283ad6ef388b0ca54fe0452835a,-1,651,87,58,119,+0.214722000,000000214722,INFERRED,history0,960,0.05
A7,A4,development,172177e657ab4a55685d4735067c9bfdbdc15283ad6ef388b0ca54fe0452835a,-1,648,91,62,124,+0.440674000,000000440674,INFERRED,history1,960,0.05
A7,A4,development,9a6c98434331b2a6042aa7fdf32088a18dbee985a7eda3fa25c861001de75625,0,1238,879,64,124,+0.298340000,000000298340,OBSERVED,full,960,0.05
A7,A4,development,9a6c98434331b2a6042aa7fdf32088a18dbee985a7eda3fa25c861001de75625,-1,1241,872,60,118,+0.260498000,000000260498,INFERRED,history0,960,0.05
A7,A4,development,9a6c98434331b2a6042aa7fdf32088a18dbee985a7eda3fa25c861001de75625,-1,1241,873,60,117,+0.387695000,000000387695,INFERRED,history1,960,0.05
A7,A4,development,485667db795cdc3a7da389229dedf385a70d4af26a18c5d3c301f39cb5041707,-1,1183,525,64,119,+0.102661000,000000102661,INFERRED,history0,960,0.05
A7,A4,development,485667db795cdc3a7da389229dedf385a70d4af26a18c5d3c301f39cb5041707,-1,464,1019,68,116,+0.083008000,000000083008,INFERRED,history1,960,0.05
A7,A4,development,736f1ffc3672a1789c84fc8a928dd2cf220dbde1526f8c7dd8ee58a8092156ae,0,985,730,60,106,+0.323486000,000000323486,OBSERVED,full,960,0.05
A7,A4,development,736f1ffc3672a1789c84fc8a928dd2cf220dbde1526f8c7dd8ee58a8092156ae,-1,989,726,67,116,+0.128540000,000000128540,INFERRED,history0,960,0.05
A7,A4,development,736f1ffc3672a1789c84fc8a928dd2cf220dbde1526f8c7dd8ee58a8092156ae,-1,989,730,64,110,+0.551758000,000000551758,INFERRED,history1,960,0.05
A7,A4,development,004dfb194535143b158e2d9be51ecd2b418db9e245983615f657b3c29116dbe5,-1,967,493,62,116,+0.466797000,000000466797,INFERRED,history0,960,0.05
A7,A4,development,004dfb194535143b158e2d9be51ecd2b418db9e245983615f657b3c29116dbe5,-1,965,493,60,117,+0.373047000,000000373047,INFERRED,history1,960,0.05
A7,A4,development,24188290937e25df89ed4ca740c029339641e55c11add15a7e961abe0cd00339,0,593,217,44,85,+0.067200000,000000067200,OBSERVED,full,960,0.05
A7,A4,development,24188290937e25df89ed4ca740c029339641e55c11add15a7e961abe0cd00339,-1,590,215,48,89,+0.062927000,000000062927,INFERRED,history0,960,0.05
A7,A4,development,4bd2281bab76852367e2ab7c6b4d41e33758104e5839e832d47f0779f097e1ee,0,556,1061,56,38,+0.333740000,000000333740,OBSERVED,full,960,0.05
A7,A4,development,4bd2281bab76852367e2ab7c6b4d41e33758104e5839e832d47f0779f097e1ee,1,560,1066,56,28,+0.151978000,000000151978,OBSERVED,full,960,0.05
A7,A4,development,4bd2281bab76852367e2ab7c6b4d41e33758104e5839e832d47f0779f097e1ee,2,550,1065,000054,30,+0.075012000,000000075012,OBSERVED,full,960,0.05
A7,A4,development,4bd2281bab76852367e2ab7c6b4d41e33758104e5839e832d47f0779f097e1ee,-1,562,1061,52,38,+0.290283000,000000290283,INFERRED,history0,960,0.05
A7,A4,development,ddf0fb13aca0d0033bd34bfab1d59558f8d1e255e7b9426889b8c5ab925559c1,0,1331,563,62,118,+0.065857000,000000065857,OBSERVED,full,960,0.05
A7,A4,development,ddf0fb13aca0d0033bd34bfab1d59558f8d1e255e7b9426889b8c5ab925559c1,-1,1334,560,64,119,+0.070801000,000000070801,INFERRED,history0,960,0.05
A7,A4,development,ddf0fb13aca0d0033bd34bfab1d59558f8d1e255e7b9426889b8c5ab925559c1,-1,1336,562,68,123,+0.078918000,000000078918,INFERRED,history1,960,0.05
A7,A4,development,7ca0d220a93be3dc20606d84aa657d63984eccb96741f12370a0ceadf748b787,-1,812,429,66,130,+0.089111000,000000089111,INFERRED,history0,960,0.05
A7,A4,development,7ca0d220a93be3dc20606d84aa657d63984eccb96741f12370a0ceadf748b787,-1,1079,828,000054,102,+0.093018000,000000093018,INFERRED,history1,960,0.05
A7,A4,development,9746fd6fd1039a88834733853858a22098eb0c921e125b0a33c552d364618373,-1,346,1030,90,100,+0.066833000,000000066833,INFERRED,history0,960,0.05
A7,A4,development,9746fd6fd1039a88834733853858a22098eb0c921e125b0a33c552d364618373,-1,1052,337,44,86,+0.092346000,000000092346,INFERRED,history1,960,0.05
A7,A4,development,5e1d059c77e4cb5bb5b10cf65ab7df891610d0b2b151fe7b75cf2bda1d19cca9,0,517,123,41,80,+0.057495000,000000057495,OBSERVED,full,960,0.05
A7,A4,development,b57d818efdfde800bdbbb5eca6e83debfb63cdcf32234408547cb9d6dfd91bac,0,941,1066,60,28,+0.160278000,000000160278,OBSERVED,full,960,0.05
A7,A4,development,b57d818efdfde800bdbbb5eca6e83debfb63cdcf32234408547cb9d6dfd91bac,1,886,1064,66,32,+0.143677000,000000143677,OBSERVED,full,960,0.05
A7,A4,development,b57d818efdfde800bdbbb5eca6e83debfb63cdcf32234408547cb9d6dfd91bac,2,922,1064,61,32,+0.128906000,000000128906,OBSERVED,full,960,0.05
A7,A4,development,b57d818efdfde800bdbbb5eca6e83debfb63cdcf32234408547cb9d6dfd91bac,3,869,1062,65,36,+0.078064000,000000078064,OBSERVED,full,960,0.05
A7,A4,development,b57d818efdfde800bdbbb5eca6e83debfb63cdcf32234408547cb9d6dfd91bac,4,900,1064,66,32,+0.053589000,000000053589,OBSERVED,full,960,0.05
A7,A4,development,b57d818efdfde800bdbbb5eca6e83debfb63cdcf32234408547cb9d6dfd91bac,-1,924,1065,60,30,+0.182983000,000000182983,INFERRED,history0,960,0.05
A7,A4,development,b57d818efdfde800bdbbb5eca6e83debfb63cdcf32234408547cb9d6dfd91bac,-1,941,1065,60,30,+0.211426000,000000211426,INFERRED,history1,960,0.05
A7,A4,development,68b18aeb1053c2195aed847546087e4caa9529eb22c7532a97bc0bdf9af0540a,0,956,171,60,112,+0.221313000,000000221313,OBSERVED,full,960,0.05
A7,A4,development,68b18aeb1053c2195aed847546087e4caa9529eb22c7532a97bc0bdf9af0540a,-1,956,171,60,113,+0.196167000,000000196167,INFERRED,history0,960,0.05
A7,A4,development,68b18aeb1053c2195aed847546087e4caa9529eb22c7532a97bc0bdf9af0540a,-1,956,171,60,112,+0.198730000,000000198730,INFERRED,history1,960,0.05
A7,A4,development,9c919fa1a141fc9a5d1041045a4b318f741e3472c21137ea788a117bb1a91713,-1,879,31,84,63,+0.117981000,000000117981,INFERRED,history0,960,0.05
A7,A4,development,9c919fa1a141fc9a5d1041045a4b318f741e3472c21137ea788a117bb1a91713,-1,1066,1062,80,36,+0.203735000,000000203735,INFERRED,history1,960,0.05
A7,A4,development,9205d986172e50907b03cacaf902aac032bbb0859f099301b06e16e80c9234e2,-1,736,649,70,130,+0.237915000,000000237915,INFERRED,history0,960,0.05
A7,A4,development,9205d986172e50907b03cacaf902aac032bbb0859f099301b06e16e80c9234e2,-1,728,651,66,128,+0.339844000,000000339844,INFERRED,history1,960,0.05
A7,A4,development,fe5fa5337cc3492a681f43b6104ebe37878bcec0d6b4c11be36c0211403036af,-1,993,472,50,102,+0.115173000,000000115173,INFERRED,history0,960,0.05
A7,A4,development,fe5fa5337cc3492a681f43b6104ebe37878bcec0d6b4c11be36c0211403036af,-1,356,1027,91,106,+0.063477000,000000063477,INFERRED,history1,960,0.05
A7,A4,development,67f48fec58a70f3d0fbb3416de6e606e2ffc4de18dd30c4bbbca1e723e0573b8,-1,736,824,51,102,+0.061432000,000000061432,INFERRED,history0,960,0.05
A7,A4,development,0e33060e2a2dc248c1d161dd627929a7ede989b82ce9b387a7b3f50a68f4bf55,0,485,32,75,65,+0.132080000,000000132080,OBSERVED,full,960,0.05
A7,A4,development,0e33060e2a2dc248c1d161dd627929a7ede989b82ce9b387a7b3f50a68f4bf55,-1,484,33,80,67,+0.081787000,000000081787,INFERRED,history0,960,0.05
A7,A4,development,0e33060e2a2dc248c1d161dd627929a7ede989b82ce9b387a7b3f50a68f4bf55,-1,484,34,78,68,+0.116760000,000000116760,INFERRED,history1,960,0.05
A7,A4,development,86fe4e94afa22933946b064b9b17534b3f1a70d522a5dde567ce1b5d74a39e4f,-1,206,1064,66,32,+0.054596000,000000054596,INFERRED,history0,960,0.05
A7,A4,development,86fe4e94afa22933946b064b9b17534b3f1a70d522a5dde567ce1b5d74a39e4f,-1,269,1064,65,32,+0.060974000,000000060974,INFERRED,history1,960,0.05
A7,A4,development,b41047866cf6b5d8451879948d178358d05ad94deaf7fcd4d8a3ab4588af852c,0,945,939,64,119,+0.294189000,000000294189,OBSERVED,full,960,0.05
A7,A4,development,b41047866cf6b5d8451879948d178358d05ad94deaf7fcd4d8a3ab4588af852c,-1,946,939,63,118,+0.178955000,000000178955,INFERRED,history0,960,0.05
A7,A4,development,b41047866cf6b5d8451879948d178358d05ad94deaf7fcd4d8a3ab4588af852c,-1,946,939,64,120,+0.189575000,000000189575,INFERRED,history1,960,0.05
A7,A4,development,c9eb4df95680b262d7a5439ffafb8fe2bc47c750fcf3b367454fc4706541eb2e,-1,311,1054,75,52,+0.202393000,000000202393,INFERRED,history0,960,0.05
A7,A4,development,c9eb4df95680b262d7a5439ffafb8fe2bc47c750fcf3b367454fc4706541eb2e,-1,300,1053,75,000054,+0.070557000,000000070557,INFERRED,history1,960,0.05
A7,A4,development,32a9b704493fbb795fb761f37bef3fdce018f9bee88a4ec8ec651ab518983bac,-1,1558,1058,72,44,+0.068298000,000000068298,INFERRED,history0,960,0.05
A7,A4,development,32a9b704493fbb795fb761f37bef3fdce018f9bee88a4ec8ec651ab518983bac,-1,1556,1056,76,48,+0.078064000,000000078064,INFERRED,history1,960,0.05
A7,A4,development,8b7a7979b56cf25bce732b80cb6ae7a1f4f52d8264571c798c5b705402a74926,0,372,136,68,131,+0.080383000,000000080383,OBSERVED,full,960,0.05
A7,A4,development,8b7a7979b56cf25bce732b80cb6ae7a1f4f52d8264571c798c5b705402a74926,-1,375,135,68,130,+0.069275000,000000069275,INFERRED,history0,960,0.05
A7,A4,development,8b7a7979b56cf25bce732b80cb6ae7a1f4f52d8264571c798c5b705402a74926,-1,374,135,68,130,+0.068298000,000000068298,INFERRED,history1,960,0.05
A7,A4,development,a68589ed3bb328dc8dfc0d65d8a03d9721b7a4041a184d3f2ecdca7ea6d2f365,0,8,422,16,129,+0.052612000,000000052612,OBSERVED,full,960,0.05
A7,A4,development,a68589ed3bb328dc8dfc0d65d8a03d9721b7a4041a184d3f2ecdca7ea6d2f365,-1,10,436,21,124,+0.162964000,000000162964,INFERRED,history0,960,0.05
A7,A4,development,a68589ed3bb328dc8dfc0d65d8a03d9721b7a4041a184d3f2ecdca7ea6d2f365,-1,9,434,19,120,+0.082397000,000000082397,INFERRED,history1,960,0.05
A7,A4,development,9ec4658ae5da7ea22987575bc9ec1aa4b4eeb28c3cfcf5cac77a9625cece245a,0,315,330,64,114,+0.208862000,000000208862,OBSERVED,full,960,0.05
A7,A4,development,9ec4658ae5da7ea22987575bc9ec1aa4b4eeb28c3cfcf5cac77a9625cece245a,-1,315,330,64,114,+0.198120000,000000198120,INFERRED,history0,960,0.05
A7,A4,development,9ec4658ae5da7ea22987575bc9ec1aa4b4eeb28c3cfcf5cac77a9625cece245a,-1,315,330,64,114,+0.213379000,000000213379,INFERRED,history1,960,0.05
A7,A4,development,35d8cfec5e3d2be8057c87714074fcb3af31eba724c5264f08a3a78448135c47,-1,1421,407,72,128,+0.057495000,000000057495,INFERRED,history0,960,0.05
A7,A4,development,66294faf6cb6fa5de0d3a711b77ef456c5fd287f2f6205879f45fe6fdf051ece,0,616,216,68,125,+0.117554000,000000117554,OBSERVED,full,960,0.05
A7,A4,development,66294faf6cb6fa5de0d3a711b77ef456c5fd287f2f6205879f45fe6fdf051ece,1,196,406,69,126,+0.055420000,000000055420,OBSERVED,full,960,0.05
A7,A4,development,66294faf6cb6fa5de0d3a711b77ef456c5fd287f2f6205879f45fe6fdf051ece,-1,617,217,69,125,+0.132568000,000000132568,INFERRED,history0,960,0.05
A7,A4,development,cc20458c6f0643078e9c3f208e7886520350d99b0035c3e34fe441d8a425e873,0,1784,397,68,131,+0.104126000,000000104126,OBSERVED,full,960,0.05
A7,A4,development,cc20458c6f0643078e9c3f208e7886520350d99b0035c3e34fe441d8a425e873,-1,1782,400,68,130,+0.286865000,000000286865,INFERRED,history0,960,0.05
A7,A4,development,cc20458c6f0643078e9c3f208e7886520350d99b0035c3e34fe441d8a425e873,-1,1784,400,68,130,+0.233765000,000000233765,INFERRED,history1,960,0.05
A7,A4,development,28c45077ccf499e1a5228bc129a9ee25c1b7fe2ee89e3ee786eb20c9783d92a5,0,124,1061,78,38,+0.199951000,000000199951,OBSERVED,full,960,0.05
A7,A4,development,28c45077ccf499e1a5228bc129a9ee25c1b7fe2ee89e3ee786eb20c9783d92a5,1,106,1058,78,44,+0.180054000,000000180054,OBSERVED,full,960,0.05
A7,A4,development,28c45077ccf499e1a5228bc129a9ee25c1b7fe2ee89e3ee786eb20c9783d92a5,-1,123,1061,79,38,+0.201172000,000000201172,INFERRED,history0,960,0.05
A7,A4,development,28c45077ccf499e1a5228bc129a9ee25c1b7fe2ee89e3ee786eb20c9783d92a5,-1,123,1061,79,38,+0.196777000,000000196777,INFERRED,history1,960,0.05
A7,A4,development,18f0cbe4d4c66f57fd89943cf98ec4afd374b683d0c171d3d0f19ee855159349,0,924,1022,65,116,+0.297363000,000000297363,OBSERVED,full,960,0.05
A7,A4,development,18f0cbe4d4c66f57fd89943cf98ec4afd374b683d0c171d3d0f19ee855159349,-1,920,1026,62,108,+0.201172000,000000201172,INFERRED,history0,960,0.05
A7,A4,development,18f0cbe4d4c66f57fd89943cf98ec4afd374b683d0c171d3d0f19ee855159349,-1,922,1023,64,113,+0.342529000,000000342529,INFERRED,history1,960,0.05
A7,A4,development,b14aee495a834c851eebe30d29250502356ce14f1eba09a94a106545345f4214,-1,9,503,18,156,+0.067566000,000000067566,INFERRED,history0,960,0.05
A7,A4,development,b14aee495a834c851eebe30d29250502356ce14f1eba09a94a106545345f4214,-1,9,503,18,159,+0.075317000,000000075317,INFERRED,history1,960,0.05
A7,A4,development,4c78585af542a3077aeb640d0159be8fb86d97fab80133675cad55515042d2be,0,150,1053,78,000054,+0.168823000,000000168823,OBSERVED,full,960,0.05
A7,A4,development,4c78585af542a3077aeb640d0159be8fb86d97fab80133675cad55515042d2be,-1,166,1052,78,56,+0.191895000,000000191895,INFERRED,history0,960,0.05
A7,A4,development,4c78585af542a3077aeb640d0159be8fb86d97fab80133675cad55515042d2be,-1,158,1052,78,56,+0.289307000,000000289307,INFERRED,history1,960,0.05
A7,A4,development,512975438cfd0a649cf3b623e04d12f990dce55155044c5671dfaff19b7b3599,0,1188,656,52,102,+0.054810000,000000054810,OBSERVED,full,960,0.05
A7,A4,development,512975438cfd0a649cf3b623e04d12f990dce55155044c5671dfaff19b7b3599,-1,1190,659,52,100,+0.119995000,000000119995,INFERRED,history0,960,0.05
A7,A4,development,512975438cfd0a649cf3b623e04d12f990dce55155044c5671dfaff19b7b3599,-1,1188,656,52,102,+0.054413000,000000054413,INFERRED,history1,960,0.05
A7,A4,development,64b97f92e69247b7a4ce4314e114784943bb9d5ac46fa740e681f1d624124191,0,874,728,52,96,+0.078369000,000000078369,OBSERVED,full,960,0.05
A7,A4,development,64b97f92e69247b7a4ce4314e114784943bb9d5ac46fa740e681f1d624124191,1,889,109,60,116,+0.068054000,000000068054,OBSERVED,full,960,0.05
A7,A4,development,64b97f92e69247b7a4ce4314e114784943bb9d5ac46fa740e681f1d624124191,-1,889,109,58,115,+0.075012000,000000075012,INFERRED,history0,960,0.05
A7,A4,development,1756edee9fdcc4ad55a729a74e1698fb43c6c0e485a08e783a3e714fa80279ef,0,788,630,69,132,+0.395996000,000000395996,OBSERVED,full,960,0.05
A7,A4,development,1756edee9fdcc4ad55a729a74e1698fb43c6c0e485a08e783a3e714fa80279ef,-1,799,608,60,116,+0.392334000,000000392334,INFERRED,history0,960,0.05
A7,A4,development,1756edee9fdcc4ad55a729a74e1698fb43c6c0e485a08e783a3e714fa80279ef,-1,793,617,60,120,+0.647949000,000000647949,INFERRED,history1,960,0.05
A7,A4,development,c07853b2493f6ad8ccb12aa1119702270ed4eb485df1fceae0daf56095757b16,-1,1076,559,68,130,+0.612305000,000000612305,INFERRED,history0,960,0.05
A7,A4,development,c07853b2493f6ad8ccb12aa1119702270ed4eb485df1fceae0daf56095757b16,-1,1084,558,68,125,+0.344238000,000000344238,INFERRED,history1,960,0.05
A7,A4,development,5dcbda1d60b16b2c9fc8d023e2f84719f342804a024b5d7e2a352b586c8c6040,-1,838,502,56,112,+0.107422000,000000107422,INFERRED,history0,960,0.05
A7,A4,development,5dcbda1d60b16b2c9fc8d023e2f84719f342804a024b5d7e2a352b586c8c6040,-1,1560,333,32,66,+0.067932000,000000067932,INFERRED,history1,960,0.05
A7,A4,development,28f92237d044af6d15208faf09cc998d94a9c1be19cffdc1e46b51528873faec,0,1192,703,52,103,+0.150024000,000000150024,OBSERVED,full,960,0.05
A7,A4,development,28f92237d044af6d15208faf09cc998d94a9c1be19cffdc1e46b51528873faec,-1,1206,703,52,101,+0.148071000,000000148071,INFERRED,history0,960,0.05
A7,A4,development,28f92237d044af6d15208faf09cc998d94a9c1be19cffdc1e46b51528873faec,-1,1199,705,52,104,+0.114746000,000000114746,INFERRED,history1,960,0.05
A7,A4,development,525736693e801aaaf8a8386e7cffe8bb29f8b84fbb6546bc07d09e1bd5a14a8c,0,37,129,69,132,+0.151489000,000000151489,OBSERVED,full,960,0.05
A7,A4,development,79c83579594353a96af5ac22ce9dcbae396f715ea6a0546ff0fc1afeb92d500d,-1,55,559,68,130,+0.066345000,000000066345,INFERRED,history0,960,0.05
A7,A4,development,79c83579594353a96af5ac22ce9dcbae396f715ea6a0546ff0fc1afeb92d500d,-1,564,722,66,112,+0.320068000,000000320068,INFERRED,history1,960,0.05
A7,A4,development,dd5deee8e3b4502cbda9ea36e30509e77697479a0d94e0ccff6d602019aa5f3c,0,93,601,58,108,+0.198120000,000000198120,OBSERVED,full,960,0.05
A7,A4,development,dd5deee8e3b4502cbda9ea36e30509e77697479a0d94e0ccff6d602019aa5f3c,-1,92,592,62,117,+0.238647000,000000238647,INFERRED,history0,960,0.05
A7,A4,development,dd5deee8e3b4502cbda9ea36e30509e77697479a0d94e0ccff6d602019aa5f3c,-1,92,595,62,118,+0.101562000,000000101562,INFERRED,history1,960,0.05
A7,A4,development,ab9d66958bec3ed71ba0b770e8cbe6b58051abb353fd18994f46675d1f2795ff,-1,1692,264,56,112,+0.298340000,000000298340,INFERRED,history0,960,0.05
A7,A4,development,ab9d66958bec3ed71ba0b770e8cbe6b58051abb353fd18994f46675d1f2795ff,-1,1678,268,56,107,+0.204346000,000000204346,INFERRED,history1,960,0.05
A7,A4,development,e9a686856100d65a562621af0d9f4d268d32b44ec363fd0382391c47eb41c5dd,-1,773,773,68,130,+0.473633000,000000473633,INFERRED,history0,960,0.05
A7,A4,development,e9a686856100d65a562621af0d9f4d268d32b44ec363fd0382391c47eb41c5dd,-1,1690,442,72,111,+0.072083000,000000072083,INFERRED,history1,960,0.05
A7,A4,development,65efed56fbe2179ab44fd671b5583580a7b27bffa283e9d592f2519cc66923af,0,1252,475,000054,97,+0.087280000,000000087280,OBSERVED,full,960,0.05
A7,A4,development,c8585e20f6732d52c48dd7f484aa6e4ce9b131e18bacc3e69b161cbadf266a7b,0,602,1056,76,48,+0.159790000,000000159790,OBSERVED,full,960,0.05
A7,A4,development,c8585e20f6732d52c48dd7f484aa6e4ce9b131e18bacc3e69b161cbadf266a7b,1,482,1054,80,52,+0.125122000,000000125122,OBSERVED,full,960,0.05
A7,A4,development,c8585e20f6732d52c48dd7f484aa6e4ce9b131e18bacc3e69b161cbadf266a7b,2,531,1052,84,56,+0.105225000,000000105225,OBSERVED,full,960,0.05
A7,A4,development,c8585e20f6732d52c48dd7f484aa6e4ce9b131e18bacc3e69b161cbadf266a7b,-1,532,1054,77,52,+0.151489000,000000151489,INFERRED,history0,960,0.05
A7,A4,development,c8585e20f6732d52c48dd7f484aa6e4ce9b131e18bacc3e69b161cbadf266a7b,-1,535,1052,80,56,+0.220703000,000000220703,INFERRED,history1,960,0.05
A7,A4,development,ebc32a31ced1e32d6e8ba376d1b612da97202f7bf357e83b90af1a894966de3f,0,90,650,34,66,+0.279053000,000000279053,OBSERVED,full,960,0.05
A7,A4,development,ebc32a31ced1e32d6e8ba376d1b612da97202f7bf357e83b90af1a894966de3f,-1,90,650,34,66,+0.282227000,000000282227,INFERRED,history0,960,0.05
A7,A4,development,eb1b380880aafbbeded4c24a2fa7343edec4c15cf79d6f9227ae44b7eb10c66a,0,1128,203,34,67,+0.067444000,000000067444,OBSERVED,full,960,0.05
A7,A4,development,eb1b380880aafbbeded4c24a2fa7343edec4c15cf79d6f9227ae44b7eb10c66a,-1,1048,163,64,119,+0.053192000,000000053192,INFERRED,history0,960,0.05
A7,A4,development,eb1b380880aafbbeded4c24a2fa7343edec4c15cf79d6f9227ae44b7eb10c66a,-1,1053,170,68,122,+0.054810000,000000054810,INFERRED,history1,960,0.05
A7,A4,development,05cbce45bbb85d4cd2a1fc61d2246d67799f687299f6a52c0cb837aec010cf4e,-1,861,87,42,74,+0.052826000,000000052826,INFERRED,history0,960,0.05
A7,A4,development,89521b5d0d6a28a67788b72db9b340949bc414b6d078c43c048d272d04a4d2bb,0,1059,1031,52,98,+0.057281000,000000057281,OBSERVED,full,960,0.05
A7,A4,development,3be793e57b63e9c348c3f5568c40b12da5f0ab670a9b501d50f99e9e2686b053,-1,566,671,33,57,+0.051849000,000000051849,INFERRED,history0,960,0.05
A7,A4,development,b3549eb2457dab26b5e94f42636d3c96600905779732d92ccf4a4165c8d32bb9,-1,498,26,68,53,+0.063965000,000000063965,INFERRED,history0,960,0.05
A7,A4,development,b3549eb2457dab26b5e94f42636d3c96600905779732d92ccf4a4165c8d32bb9,-1,499,28,70,56,+0.051666000,000000051666,INFERRED,history1,960,0.05
A7,A4,development,540e83f6d87c34f919e61e464047771e8a31061fa2320f570eb4ec107a727333,-1,860,351,66,124,+0.064880000,000000064880,INFERRED,history0,960,0.05
A7,A4,development,54c516efc7f61db837114abde1ba1f2359c70ea882e56125d8b491485f1e14a9,0,616,294,68,133,+0.167725000,000000167725,OBSERVED,full,960,0.05
A7,A4,development,54c516efc7f61db837114abde1ba1f2359c70ea882e56125d8b491485f1e14a9,1,153,211,65,130,+0.070068000,000000070068,OBSERVED,full,960,0.05
A7,A4,development,54c516efc7f61db837114abde1ba1f2359c70ea882e56125d8b491485f1e14a9,-1,637,293,72,128,+0.075317000,000000075317,INFERRED,history0,960,0.05
A7,A4,development,74855cdd4b060b44b21fbf118ec3346897eefb8ebe8f084bc0982d94a5e52f8e,0,792,178,68,134,+0.248657000,000000248657,OBSERVED,full,960,0.05
A7,A4,development,74855cdd4b060b44b21fbf118ec3346897eefb8ebe8f084bc0982d94a5e52f8e,1,862,140,65,127,+0.112427000,000000112427,OBSERVED,full,960,0.05
A7,A4,development,74855cdd4b060b44b21fbf118ec3346897eefb8ebe8f084bc0982d94a5e52f8e,-1,861,143,64,125,+0.235107000,000000235107,INFERRED,history0,960,0.05
A7,A4,development,74855cdd4b060b44b21fbf118ec3346897eefb8ebe8f084bc0982d94a5e52f8e,-1,863,141,66,129,+0.138428000,000000138428,INFERRED,history1,960,0.05
A7,A4,development,934374068bfcf61e1be0c05a549bdb7ad22c9f76e7a74e77a28755991effc24f,0,1332,509,68,133,+0.180054000,000000180054,OBSERVED,full,960,0.05
A7,A4,development,e3ae0f5c4408c889fb01d856ee1cb63b5c66efde2fda2efb17fa5513e3ee6d89,0,275,530,66,124,+0.523438000,000000523438,OBSERVED,full,960,0.05
A7,A4,development,e3ae0f5c4408c889fb01d856ee1cb63b5c66efde2fda2efb17fa5513e3ee6d89,-1,276,530,68,123,+0.324219000,000000324219,INFERRED,history0,960,0.05
A7,A4,development,e3ae0f5c4408c889fb01d856ee1cb63b5c66efde2fda2efb17fa5513e3ee6d89,-1,276,533,68,122,+0.332031000,000000332031,INFERRED,history1,960,0.05
A7,A4,development,18655fec2b1913c9a5ed381a0f22048c0a75367fbd4edd75254743cc2036af68,-1,1706,1058,82,44,+0.056030000,000000056030,INFERRED,history0,960,0.05
A7,A4,development,18655fec2b1913c9a5ed381a0f22048c0a75367fbd4edd75254743cc2036af68,-1,1455,1062,62,36,+0.064880000,000000064880,INFERRED,history1,960,0.05
A7,A4,development,e463c48202f2d155e4545d2e726b1e8dfcd6e3206b331bfed34cba705f79a0e8,-1,567,214,62,127,+0.289307000,000000289307,INFERRED,history0,960,0.05
A7,A4,development,e463c48202f2d155e4545d2e726b1e8dfcd6e3206b331bfed34cba705f79a0e8,-1,24,348,49,153,+0.291748000,000000291748,INFERRED,history1,960,0.05
A7,A4,development,493100e98464b4fd6069f97bf684305eb9f66930f355dbadf330a3fe3b6075f4,0,1289,1056,78,48,+0.080627000,000000080627,OBSERVED,full,960,0.05
A7,A4,development,6d18d309bab8cc5dfbb328fced4ad9cb39ccf0e72526d228c1547937b5c7605f,-1,718,360,34,68,+0.053589000,000000053589,INFERRED,history0,960,0.05
A7,A4,development,6d18d309bab8cc5dfbb328fced4ad9cb39ccf0e72526d228c1547937b5c7605f,-1,718,379,40,73,+0.073181000,000000073181,INFERRED,history1,960,0.05
A7,A4,development,6af1d5d127b068c5231f76ac18510ac2bd87a92c1a4c09651e27fd722d2b21e9,-1,773,461,52,95,+0.061646000,000000061646,INFERRED,history0,960,0.05
A7,A4,development,13fe9b95f2baa8247ef5b480db021592c1f1b12bbfbfce4ae710f4b67a61ac29,0,51,1061,49,38,+0.066101000,000000066101,OBSERVED,full,960,0.05
A7,A4,development,a5e3d23f6e545af2e266e273014227a307296c7759129c47fbafc15a72ec6314,0,1531,129,64,123,+0.104492000,000000104492,OBSERVED,full,960,0.05
A7,A4,development,a5e3d23f6e545af2e266e273014227a307296c7759129c47fbafc15a72ec6314,-1,1532,128,56,118,+0.063965000,000000063965,INFERRED,history0,960,0.05
A7,A4,development,a5e3d23f6e545af2e266e273014227a307296c7759129c47fbafc15a72ec6314,-1,1532,127,62,118,+0.052612000,000000052612,INFERRED,history1,960,0.05
A7,A4,development,bb224239090a463daae4968be47f515dc521c1ade3ea432131f5ee6cbee87d5c,-1,1662,633,72,125,+0.288574000,000000288574,INFERRED,history0,960,0.05
A7,A4,development,48a31ddd32d36fef3f3651aede1bcc4547776bcb4de803f1e4f32c443ce3bec6,-1,24,44,47,88,+0.196167000,000000196167,INFERRED,history0,960,0.05
A7,A4,development,48a31ddd32d36fef3f3651aede1bcc4547776bcb4de803f1e4f32c443ce3bec6,-1,1577,736,58,103,+0.373047000,000000373047,INFERRED,history1,960,0.05
A7,A4,development,a568b80a706eb8d853b03bfdf38f7470e7948224823bf4c951d417f48127922b,0,1366,31,92,62,+0.130737000,000000130737,OBSERVED,full,960,0.05
A7,A4,development,a568b80a706eb8d853b03bfdf38f7470e7948224823bf4c951d417f48127922b,-1,1340,31,92,63,+0.121704000,000000121704,INFERRED,history0,960,0.05
A7,A4,development,a568b80a706eb8d853b03bfdf38f7470e7948224823bf4c951d417f48127922b,-1,1351,31,90,63,+0.241455000,000000241455,INFERRED,history1,960,0.05
A7,A4,development,753192a7f1274c7e562246af3380f1f2aea62eeb41ba80cb7a327439a793c82d,-1,1676,1064,52,32,+0.201782000,000000201782,INFERRED,history0,960,0.05
A7,A4,development,753192a7f1274c7e562246af3380f1f2aea62eeb41ba80cb7a327439a793c82d,-1,1690,1064,52,32,+0.130249000,000000130249,INFERRED,history1,960,0.05
A7,A4,development,21397c7b3c55e7e30722aecce2aa333a6c2871fcb598b40464a8c9eb65cef447,0,556,398,58,125,+0.057068000,000000057068,OBSERVED,full,960,0.05
A7,A4,development,cf839e7ef9ae2d813c63ddc67c335185f856132f0dd4ff0509ce4b8673d3858f,0,734,606,52,108,+0.204956000,000000204956,OBSERVED,full,960,0.05
A7,A4,development,cf839e7ef9ae2d813c63ddc67c335185f856132f0dd4ff0509ce4b8673d3858f,-1,735,604,50,106,+0.250977000,000000250977,INFERRED,history0,960,0.05
A7,A4,development,cf839e7ef9ae2d813c63ddc67c335185f856132f0dd4ff0509ce4b8673d3858f,-1,734,605,50,106,+0.428223000,000000428223,INFERRED,history1,960,0.05
A7,A4,development,3d5bfeaf149137570da522c6d992297469c1a205b1708c0484ce376bf6f02812,0,1846,495,52,102,+0.431152000,000000431152,OBSERVED,full,960,0.05
A7,A4,development,3d5bfeaf149137570da522c6d992297469c1a205b1708c0484ce376bf6f02812,-1,1844,495,52,103,+0.517578000,000000517578,INFERRED,history0,960,0.05
A7,A4,development,3d5bfeaf149137570da522c6d992297469c1a205b1708c0484ce376bf6f02812,-1,1846,496,52,104,+0.568848000,000000568848,INFERRED,history1,960,0.05
A7,A4,development,7801f246e907949a73f35b55e42f59d1e86c7325f7da6553c53f458ab7cd25aa,-1,20,571,40,137,+0.055206000,000000055206,INFERRED,history0,960,0.05
A7,A4,development,7801f246e907949a73f35b55e42f59d1e86c7325f7da6553c53f458ab7cd25aa,-1,21,570,42,141,+0.054199000,000000054199,INFERRED,history1,960,0.05
A7,A4,development,162155c0f0604f3d22ae6b211e8c549877d26044be323067f408a954fc87e257,0,1020,116,66,128,+0.062805000,000000062805,OBSERVED,full,960,0.05
A7,A4,development,bd090799c4f823c1d64f27052a4dbeda6b6733e36219d6acab4efd30f94fdf12,0,1152,1057,72,46,+0.055206000,000000055206,OBSERVED,full,960,0.05
A7,A4,development,bd090799c4f823c1d64f27052a4dbeda6b6733e36219d6acab4efd30f94fdf12,-1,1152,1057,72,46,+0.051086000,000000051086,INFERRED,history0,960,0.05
A7,A4,development,bd090799c4f823c1d64f27052a4dbeda6b6733e36219d6acab4efd30f94fdf12,-1,1152,1057,72,46,+0.051666000,000000051666,INFERRED,history1,960,0.05
A7,A4,development,438ec97a364869617e96721e963604375ae841664b055410bf29900a6197c760,0,1157,274,68,131,+0.134277000,000000134277,OBSERVED,full,960,0.05
A7,A4,development,438ec97a364869617e96721e963604375ae841664b055410bf29900a6197c760,-1,1160,272,66,130,+0.085083000,000000085083,INFERRED,history0,960,0.05
A7,A4,development,438ec97a364869617e96721e963604375ae841664b055410bf29900a6197c760,-1,1158,272,68,128,+0.405518000,000000405518,INFERRED,history1,960,0.05
A7,A4,development,0af26b42387635bd56de521cc5ddcbaea224a3acd03eda91359305c1f7877595,0,372,64,68,121,+0.105957000,000000105957,OBSERVED,full,960,0.05
A7,A4,development,0af26b42387635bd56de521cc5ddcbaea224a3acd03eda91359305c1f7877595,-1,381,60,67,120,+0.286865000,000000286865,INFERRED,history0,960,0.05
A7,A4,development,0af26b42387635bd56de521cc5ddcbaea224a3acd03eda91359305c1f7877595,-1,376,60,68,121,+0.147095000,000000147095,INFERRED,history1,960,0.05
A7,A4,development,ae193f07928ea52599ef29e31e60fc25742d98438cb87543b742f7291e124760,-1,574,374,58,112,+0.082092000,000000082092,INFERRED,history0,960,0.05
A7,A4,development,ae193f07928ea52599ef29e31e60fc25742d98438cb87543b742f7291e124760,-1,1232,1027,68,105,+0.093689000,000000093689,INFERRED,history1,960,0.05
A7,A4,development,9965a69284579dd14b173bffb5c9c67bf101500bf1075cdad2c9fdb6a180038f,0,8,255,16,86,+0.050903000,000000050903,OBSERVED,full,960,0.05
A7,A4,development,12fae7c643419925b0a63d4c7d30afc1a04c1a565d5ce9068fb177a8f9c525c4,-1,1799,345,64,121,+0.058777000,000000058777,INFERRED,history0,960,0.05
A7,A4,development,ba855df11c50a3fc257c56b75533382b18f9d81f956c99a0f47e5a1aed8770e3,-1,1895,91,50,150,+0.197388000,000000197388,INFERRED,history0,960,0.05
A7,A4,development,de6c72f8a75859f8ed67f1bd6a3e1642e79ba9743b01323a6399674ebb514f8f,0,1457,30,88,61,+0.095337000,000000095337,OBSERVED,full,960,0.05
A7,A4,heldout,3a1eac61e1a942b7b31700298f56457707bb1a95295d339f60a60d7a26b4a833,0,877,1050,86,60,+0.230957000,000000230957,OBSERVED,full,960,0.05
A7,A4,heldout,3a1eac61e1a942b7b31700298f56457707bb1a95295d339f60a60d7a26b4a833,-1,868,1054,85,52,+0.194946000,000000194946,INFERRED,history0,960,0.05
A7,A4,heldout,3a1eac61e1a942b7b31700298f56457707bb1a95295d339f60a60d7a26b4a833,-1,877,1055,82,50,+0.233765000,000000233765,INFERRED,history1,960,0.05
A7,A4,heldout,23cbad5a1c2d68a647f3c4466f4a7ab7908ed1babf8a4a6885299e6a84e5f3e0,-1,1544,1054,78,52,+0.090759000,000000090759,INFERRED,history0,960,0.05
A7,A4,heldout,23cbad5a1c2d68a647f3c4466f4a7ab7908ed1babf8a4a6885299e6a84e5f3e0,-1,1574,1033,86,93,+0.285400000,000000285400,INFERRED,history1,960,0.05
A7,A4,heldout,f0679fbea70cd2c5b293079063810b65bf4575f16453cfcb7074ae884ea22a1b,-1,1821,1069,000054,22,+0.055206000,000000055206,INFERRED,history0,960,0.05
A7,A4,heldout,f0679fbea70cd2c5b293079063810b65bf4575f16453cfcb7074ae884ea22a1b,-1,1434,1057,68,46,+0.076660000,000000076660,INFERRED,history1,960,0.05
A7,A4,heldout,83048a796e3367c151899264bb8d4a03851209931e0e34da7ce21dba41349b90,-1,837,68,64,128,+0.271973000,000000271973,INFERRED,history0,960,0.05
A7,A4,heldout,83048a796e3367c151899264bb8d4a03851209931e0e34da7ce21dba41349b90,-1,1094,423,70,133,+0.091736000,000000091736,INFERRED,history1,960,0.05
A7,A4,heldout,52bed970ae0792b81fd9c55c6404dcbf7c74b3007150b876b8cf6f279bc59871,-1,1636,324,52,104,+0.106323000,000000106323,INFERRED,history0,960,0.05
A7,A4,heldout,52bed970ae0792b81fd9c55c6404dcbf7c74b3007150b876b8cf6f279bc59871,-1,1320,936,32,58,+0.104492000,000000104492,INFERRED,history1,960,0.05
A7,A4,heldout,e37e781e4500a438029cb4d64dcc430168a45ea318f1cb7503f9c75464031648,0,502,105,65,135,+0.052032000,000000052032,OBSERVED,full,960,0.05
A7,A4,heldout,4fecde40157eb2e3864127bbf27a6c1cba754ddb60b39e6c0de0d08e0efd7d2a,-1,970,683,74,121,+0.177856000,000000177856,INFERRED,history0,960,0.05
A7,A4,heldout,4fecde40157eb2e3864127bbf27a6c1cba754ddb60b39e6c0de0d08e0efd7d2a,-1,10,1042,20,75,+0.053802000,000000053802,INFERRED,history1,960,0.05
A7,A4,heldout,088c361670696e6a29f5f5ea6f0009a47928be5e093fd13f6d48e27c83176f71,-1,955,248,68,132,+0.063721000,000000063721,INFERRED,history0,960,0.05
A7,A4,heldout,088c361670696e6a29f5f5ea6f0009a47928be5e093fd13f6d48e27c83176f71,-1,1198,1064,52,32,+0.201172000,000000201172,INFERRED,history1,960,0.05
A7,A4,heldout,24896f416885b7cc499029d081e869ebc69559396cb60cdfa62d03bc7007657c,-1,1786,740,40,78,+0.209473000,000000209473,INFERRED,history0,960,0.05
A7,A4,heldout,24896f416885b7cc499029d081e869ebc69559396cb60cdfa62d03bc7007657c,-1,1306,297,44,90,+0.129395000,000000129395,INFERRED,history1,960,0.05
A7,A4,heldout,70e494b21995e75785c69eeebe42d8553639a3f32eebb734a022f10959e940f4,-1,1558,102,64,137,+0.193726000,000000193726,INFERRED,history0,960,0.05
A7,A4,heldout,70e494b21995e75785c69eeebe42d8553639a3f32eebb734a022f10959e940f4,-1,1633,1063,74,34,+0.071838000,000000071838,INFERRED,history1,960,0.05
A7,A4,heldout,661810290336c62bd4aa6f982bccdb11ab94da055c7d6974bd84e38043d18d31,0,1138,1044,72,72,+0.259033000,000000259033,OBSERVED,full,960,0.05
A7,A4,heldout,661810290336c62bd4aa6f982bccdb11ab94da055c7d6974bd84e38043d18d31,1,1125,1047,70,66,+0.056641000,000000056641,OBSERVED,full,960,0.05
A7,A4,heldout,661810290336c62bd4aa6f982bccdb11ab94da055c7d6974bd84e38043d18d31,-1,1134,1045,68,69,+0.157715000,000000157715,INFERRED,history0,960,0.05
A7,A4,heldout,661810290336c62bd4aa6f982bccdb11ab94da055c7d6974bd84e38043d18d31,-1,1136,1045,68,70,+0.412109000,000000412109,INFERRED,history1,960,0.05
A7,A4,heldout,b255be247dea55232bc0606c2012271c1c1cb886b43bb5beb14089f90abd37bf,-1,1798,1061,72,38,+0.119995000,000000119995,INFERRED,history0,960,0.05
A7,A4,heldout,b255be247dea55232bc0606c2012271c1c1cb886b43bb5beb14089f90abd37bf,-1,1805,1060,74,40,+0.162354000,000000162354,INFERRED,history1,960,0.05
A7,A4,heldout,cba96941045f0167baff7a2c2e7f5f5ba5938416fe6ea67dc4e92b15c3edb0aa,-1,1703,46,84,93,+0.122131000,000000122131,INFERRED,history0,960,0.05
A7,A4,heldout,cba96941045f0167baff7a2c2e7f5f5ba5938416fe6ea67dc4e92b15c3edb0aa,-1,1156,1062,76,36,+0.204956000,000000204956,INFERRED,history1,960,0.05
A7,A4,heldout,d20dae939d7d3441f7fad84c37cbd4bc728af92027181193b07d93cbc5d9e2a5,0,1584,477,42,81,+0.099121000,000000099121,OBSERVED,full,960,0.05
A7,A4,heldout,d20dae939d7d3441f7fad84c37cbd4bc728af92027181193b07d93cbc5d9e2a5,1,408,1025,76,109,+0.069824000,000000069824,OBSERVED,full,960,0.05
A7,A4,heldout,d20dae939d7d3441f7fad84c37cbd4bc728af92027181193b07d93cbc5d9e2a5,-1,1036,187,56,107,+0.065125000,000000065125,INFERRED,history0,960,0.05
A7,A4,heldout,07663802c0296b89e792475d24663fd02261514fbe6ea86cb7df11563a9de53f,-1,1276,905,36,72,+0.071472000,000000071472,INFERRED,history0,960,0.05
A7,A4,heldout,07663802c0296b89e792475d24663fd02261514fbe6ea86cb7df11563a9de53f,-1,1724,543,40,78,+0.104126000,000000104126,INFERRED,history1,960,0.05
A7,A4,heldout,8eaa76587cb161a74b611168e90626963c5a629290f5b0979e635b6e6525d378,0,1294,902,30,56,+0.062805000,000000062805,OBSERVED,full,960,0.05
A7,A4,heldout,836422850d55c8d4f7ce0635178b89d249b4acd6b162893b35581da3f672e744,-1,1700,954,64,128,+0.057922000,000000057922,INFERRED,history0,960,0.05
A7,A4,heldout,712b543a733ed4d91c0b827b3de5fee8bd8f2b27d8efeabfb5e73fcd11594835,0,1314,152,56,102,+0.050507000,000000050507,OBSERVED,full,960,0.05
A7,A4,heldout,712b543a733ed4d91c0b827b3de5fee8bd8f2b27d8efeabfb5e73fcd11594835,-1,1318,152,58,106,+0.179565000,000000179565,INFERRED,history0,960,0.05
A7,A4,heldout,712b543a733ed4d91c0b827b3de5fee8bd8f2b27d8efeabfb5e73fcd11594835,-1,1319,153,58,104,+0.096375000,000000096375,INFERRED,history1,960,0.05
A7,A4,heldout,a45b83a13ce2a68bc5d60e23aeda2e7b1cfc0df45619f65f4cc9846a44971acf,0,1815,1008,66,130,+0.181885000,000000181885,OBSERVED,full,960,0.05
A7,A4,heldout,a45b83a13ce2a68bc5d60e23aeda2e7b1cfc0df45619f65f4cc9846a44971acf,-1,1814,1008,68,131,+0.201782000,000000201782,INFERRED,history0,960,0.05
A7,A4,heldout,a45b83a13ce2a68bc5d60e23aeda2e7b1cfc0df45619f65f4cc9846a44971acf,-1,1815,1008,66,130,+0.199951000,000000199951,INFERRED,history1,960,0.05
A7,A4,heldout,b2ac3849b75b90f45eb35c47547556d6b289eac5f086068b4da94932ae46ed51,0,1043,937,66,126,+0.740723000,000000740723,OBSERVED,full,960,0.05
A7,A4,heldout,b2ac3849b75b90f45eb35c47547556d6b289eac5f086068b4da94932ae46ed51,-1,1044,932,66,128,+0.788574000,000000788574,INFERRED,history0,960,0.05
A7,A4,heldout,b2ac3849b75b90f45eb35c47547556d6b289eac5f086068b4da94932ae46ed51,-1,1041,935,65,124,+0.780762000,000000780762,INFERRED,history1,960,0.05
A7,A4,heldout,b3851928e652b8d4cafd9cef64c210bae068adbccdeb63b86436fda1c92b8660,0,1780,1048,72,64,+0.337158000,000000337158,OBSERVED,full,960,0.05
A7,A4,heldout,b3851928e652b8d4cafd9cef64c210bae068adbccdeb63b86436fda1c92b8660,1,1772,1053,72,000054,+0.054596000,000000054596,OBSERVED,full,960,0.05
A7,A4,heldout,b3851928e652b8d4cafd9cef64c210bae068adbccdeb63b86436fda1c92b8660,-1,1778,1059,72,42,+0.287842000,000000287842,INFERRED,history0,960,0.05
A7,A4,heldout,b3851928e652b8d4cafd9cef64c210bae068adbccdeb63b86436fda1c92b8660,-1,1782,1053,74,000054,+0.403564000,000000403564,INFERRED,history1,960,0.05
A7,A4,heldout,311dcabd8fc06df051cac04a20433cddd8ae920a34ee3f2540859fad02969855,-1,365,213,68,133,+0.131226000,000000131226,INFERRED,history0,960,0.05
A7,A4,heldout,311dcabd8fc06df051cac04a20433cddd8ae920a34ee3f2540859fad02969855,-1,365,214,68,133,+0.137573000,000000137573,INFERRED,history1,960,0.05
A7,A4,heldout,793ae92955816d2ffe6e7238cdeaba6e08acea023b3540b42ae9aa024a357073,0,1536,120,60,114,+0.119202000,000000119202,OBSERVED,full,960,0.05
A7,A4,heldout,793ae92955816d2ffe6e7238cdeaba6e08acea023b3540b42ae9aa024a357073,-1,1536,119,60,116,+0.094666000,000000094666,INFERRED,history0,960,0.05
A7,A4,heldout,793ae92955816d2ffe6e7238cdeaba6e08acea023b3540b42ae9aa024a357073,-1,1536,119,60,115,+0.129395000,000000129395,INFERRED,history1,960,0.05
A7,A4,heldout,3e1def3d25f97e16f4213a2e990cbc8bd901c29da79e22ddf10eb5f9fbfc37d6,-1,1039,387,60,112,+0.137939000,000000137939,INFERRED,history0,960,0.05
A7,A4,heldout,3e1def3d25f97e16f4213a2e990cbc8bd901c29da79e22ddf10eb5f9fbfc37d6,-1,1041,395,58,101,+0.082092000,000000082092,INFERRED,history1,960,0.05
A7,A4,heldout,18f3d180b4854a548ba4cd699bd2cd3452fb4d7882658dced319d09ae2037998,0,1564,130,56,106,+0.057281000,000000057281,OBSERVED,full,960,0.05
A7,A4,heldout,4aacb40e95d793da832e75868b2e20fc5da56a0b36c909e4e339c137e70971d4,0,72,506,62,114,+0.058777000,000000058777,OBSERVED,full,960,0.05
A7,A4,heldout,4aacb40e95d793da832e75868b2e20fc5da56a0b36c909e4e339c137e70971d4,-1,765,133,70,128,+0.142700000,000000142700,INFERRED,history0,960,0.05
A7,A4,heldout,4b05e098a7059b2de698d1a5665249995291732360fc88ec23375a788bb121ad,0,487,711,44,87,+0.151978000,000000151978,OBSERVED,full,960,0.05
A7,A4,heldout,4b05e098a7059b2de698d1a5665249995291732360fc88ec23375a788bb121ad,-1,487,712,44,88,+0.088196000,000000088196,INFERRED,history0,960,0.05
A7,A4,heldout,4b05e098a7059b2de698d1a5665249995291732360fc88ec23375a788bb121ad,-1,487,712,44,88,+0.097412000,000000097412,INFERRED,history1,960,0.05
A7,A4,heldout,98d9b066d86637bc09bddc955f3499f1438d6fd7e91f4ff728544007922fc9b3,0,1384,1048,64,64,+0.163940000,000000163940,OBSERVED,full,960,0.05
A7,A4,heldout,98d9b066d86637bc09bddc955f3499f1438d6fd7e91f4ff728544007922fc9b3,-1,1384,1048,66,64,+0.150024000,000000150024,INFERRED,history0,960,0.05
A7,A4,heldout,98d9b066d86637bc09bddc955f3499f1438d6fd7e91f4ff728544007922fc9b3,-1,1385,1048,64,64,+0.143188000,000000143188,INFERRED,history1,960,0.05
A7,A4,heldout,077503ec977dee0bade6e66673ed011259f3257ca46d469441c7f03b37c42c6f,-1,764,627,58,122,+0.132080000,000000132080,INFERRED,history0,960,0.05
A7,A4,heldout,077503ec977dee0bade6e66673ed011259f3257ca46d469441c7f03b37c42c6f,-1,760,621,000054,98,+0.157104000,000000157104,INFERRED,history1,960,0.05
A7,A4,heldout,805123a819feb614ff8ece08a134c61348f83b535649250024b349fdeb877234,0,1646,185,64,123,+0.100159000,000000100159,OBSERVED,full,960,0.05
A7,A4,heldout,805123a819feb614ff8ece08a134c61348f83b535649250024b349fdeb877234,-1,1683,184,68,127,+0.099487000,000000099487,INFERRED,history0,960,0.05
A7,A4,heldout,805123a819feb614ff8ece08a134c61348f83b535649250024b349fdeb877234,-1,1662,189,68,128,+0.254639000,000000254639,INFERRED,history1,960,0.05
A7,A4,heldout,2fc1c0c397b9c2352c2522ad63fd3afe145092e42f789740cc554e84ea337cec,0,293,1060,61,40,+0.177246000,000000177246,OBSERVED,full,960,0.05
A7,A4,heldout,2fc1c0c397b9c2352c2522ad63fd3afe145092e42f789740cc554e84ea337cec,1,305,1060,60,40,+0.151978000,000000151978,OBSERVED,full,960,0.05
A7,A4,heldout,2fc1c0c397b9c2352c2522ad63fd3afe145092e42f789740cc554e84ea337cec,2,316,1060,59,40,+0.066101000,000000066101,OBSERVED,full,960,0.05
A7,A4,heldout,2fc1c0c397b9c2352c2522ad63fd3afe145092e42f789740cc554e84ea337cec,-1,292,1060,61,40,+0.213379000,000000213379,INFERRED,history0,960,0.05
A7,A4,heldout,2fc1c0c397b9c2352c2522ad63fd3afe145092e42f789740cc554e84ea337cec,-1,292,1060,60,40,+0.193726000,000000193726,INFERRED,history1,960,0.05
A7,A4,heldout,f7f4a82ba9cb34a726da0c9efcc079824b2e2efe3154e9aa17064bf8b52fcedb,0,67,1047,76,66,+0.193726000,000000193726,OBSERVED,full,960,0.05
A7,A4,heldout,f7f4a82ba9cb34a726da0c9efcc079824b2e2efe3154e9aa17064bf8b52fcedb,-1,65,1050,75,60,+0.255371000,000000255371,INFERRED,history0,960,0.05
A7,A4,heldout,f7f4a82ba9cb34a726da0c9efcc079824b2e2efe3154e9aa17064bf8b52fcedb,-1,66,1047,75,66,+0.200562000,000000200562,INFERRED,history1,960,0.05
A7,A4,heldout,e848892b2b1700dc05b6c9a1b91fdb65db644b5ae13bebecf3cec627330c222f,0,1043,62,66,124,+0.419678000,000000419678,OBSERVED,full,960,0.05
A7,A4,heldout,e848892b2b1700dc05b6c9a1b91fdb65db644b5ae13bebecf3cec627330c222f,1,916,53,000054,107,+0.118408000,000000118408,OBSERVED,full,960,0.05
A7,A4,heldout,e848892b2b1700dc05b6c9a1b91fdb65db644b5ae13bebecf3cec627330c222f,-1,1043,62,66,124,+0.371094000,000000371094,INFERRED,history0,960,0.05
A7,A4,heldout,e848892b2b1700dc05b6c9a1b91fdb65db644b5ae13bebecf3cec627330c222f,-1,1043,62,66,124,+0.403564000,000000403564,INFERRED,history1,960,0.05
A7,A4,heldout,0e3b7e8661689213774c1287168ca73ac6945355d8efbfeef736625138e5b201,-1,166,339,64,127,+0.185303000,000000185303,INFERRED,history0,960,0.05
A7,A4,heldout,0e3b7e8661689213774c1287168ca73ac6945355d8efbfeef736625138e5b201,-1,1665,103,000054,101,+0.075012000,000000075012,INFERRED,history1,960,0.05
A7,A4,heldout,2d4b0c99d15d4db6fe8ae0cc36eb685d80bb3b10efba8902878330d54af88916,0,90,1066,57,28,+0.055603000,000000055603,OBSERVED,full,960,0.05
A7,A4,heldout,2d4b0c99d15d4db6fe8ae0cc36eb685d80bb3b10efba8902878330d54af88916,-1,172,1066,55,28,+0.051270000,000000051270,INFERRED,history0,960,0.05
A7,A4,heldout,2d4b0c99d15d4db6fe8ae0cc36eb685d80bb3b10efba8902878330d54af88916,-1,134,1066,58,28,+0.086304000,000000086304,INFERRED,history1,960,0.05
A7,A4,heldout,06b61a76a7ed92f4e227015c169b53e2bd2699dd8c7c5fe8fb0f38d92c9527a6,-1,1856,355,52,103,+0.122498000,000000122498,INFERRED,history0,960,0.05
A7,A4,heldout,06b61a76a7ed92f4e227015c169b53e2bd2699dd8c7c5fe8fb0f38d92c9527a6,-1,1644,378,000054,119,+0.155640000,000000155640,INFERRED,history1,960,0.05
A7,A4,heldout,29396a12ecc8abc4e34ee6c08b698ea1b464d1df679a2019eaab5d52e5a453ad,0,187,342,63,128,+0.055206000,000000055206,OBSERVED,full,960,0.05
A7,A4,heldout,29396a12ecc8abc4e34ee6c08b698ea1b464d1df679a2019eaab5d52e5a453ad,-1,182,343,62,123,+0.052032000,000000052032,INFERRED,history0,960,0.05
A7,A4,heldout,29396a12ecc8abc4e34ee6c08b698ea1b464d1df679a2019eaab5d52e5a453ad,-1,185,340,62,126,+0.483398000,000000483398,INFERRED,history1,960,0.05
A7,A4,heldout,e1f1ab7f928fd7ed75aa5f0b6f631cd8fafd683a4bc8ff9d402ac37631b8d07d,0,591,269,64,119,+0.090759000,000000090759,OBSERVED,full,960,0.05
A7,A4,heldout,bf661bdb958235995b9bc4f4c5137dfb29c1a3f5d720f4fd581015db775cf124,0,1858,359,56,111,+0.515625000,000000515625,OBSERVED,full,960,0.05
A7,A4,heldout,bf661bdb958235995b9bc4f4c5137dfb29c1a3f5d720f4fd581015db775cf124,-1,1858,359,60,113,+0.547852000,000000547852,INFERRED,history0,960,0.05
A7,A4,heldout,bf661bdb958235995b9bc4f4c5137dfb29c1a3f5d720f4fd581015db775cf124,-1,1858,360,58,112,+0.482422000,000000482422,INFERRED,history1,960,0.05
A7,A4,heldout,a9b8c4b4cd72589b687eb3bd4225b9d1e5f700b1c5a29e9526ae42b066206641,-1,294,328,57,118,+0.119629000,000000119629,INFERRED,history0,960,0.05
A7,A4,heldout,a9b8c4b4cd72589b687eb3bd4225b9d1e5f700b1c5a29e9526ae42b066206641,-1,1514,72,64,120,+0.058777000,000000058777,INFERRED,history1,960,0.05
A7,A4,heldout,554d4042c10083a140c7068ca38045bd46a198e42b1e25ac8609ab44881eedf3,0,1758,714,56,108,+0.156128000,000000156128,OBSERVED,full,960,0.05
A7,A4,heldout,554d4042c10083a140c7068ca38045bd46a198e42b1e25ac8609ab44881eedf3,-1,1755,715,58,114,+0.072632000,000000072632,INFERRED,history0,960,0.05
A7,A4,heldout,554d4042c10083a140c7068ca38045bd46a198e42b1e25ac8609ab44881eedf3,-1,1756,712,56,106,+0.067322000,000000067322,INFERRED,history1,960,0.05
A7,A4,heldout,88a603090bfcfe4a80920f2a07ffabcce75448d2962c53c0b3ef4579d500ab51,0,1470,388,48,94,+0.059662000,000000059662,OBSERVED,full,960,0.05
A7,A4,heldout,c8584a3adc7a13ed1dca39a2b55f3b733471de4a305e600c49d0421adc94c7c7,0,1863,274,64,123,+0.614258000,000000614258,OBSERVED,full,960,0.05
A7,A4,heldout,c8584a3adc7a13ed1dca39a2b55f3b733471de4a305e600c49d0421adc94c7c7,-1,1872,269,64,123,+0.661133000,000000661133,INFERRED,history0,960,0.05
A7,A4,heldout,c8584a3adc7a13ed1dca39a2b55f3b733471de4a305e600c49d0421adc94c7c7,-1,1870,272,64,124,+0.728516000,000000728516,INFERRED,history1,960,0.05
A7,A4,heldout,67cf74d777b13d0d1892db39626731a60588c3b5c02beae8de26f7af1afe3062,0,1756,330,56,111,+0.142700000,000000142700,OBSERVED,full,960,0.05
A7,A4,heldout,67cf74d777b13d0d1892db39626731a60588c3b5c02beae8de26f7af1afe3062,-1,1755,331,000054,110,+0.203125000,000000203125,INFERRED,history0,960,0.05
A7,A4,heldout,67cf74d777b13d0d1892db39626731a60588c3b5c02beae8de26f7af1afe3062,-1,1756,331,56,110,+0.194946000,000000194946,INFERRED,history1,960,0.05
A7,A4,heldout,61efdf2a867a36dfa9145eb9ef0ef147c5678e1dfd8888e183c946b59b192914,0,1905,444,30,151,+0.063049000,000000063049,OBSERVED,full,960,0.05
A7,A4,heldout,0b3f308131cbbd453856325831312cba0ee41b607e376f5a6bb7fa3845eec80b,0,612,995,60,118,+0.072876000,000000072876,OBSERVED,full,960,0.05
A7,A4,heldout,0b3f308131cbbd453856325831312cba0ee41b607e376f5a6bb7fa3845eec80b,-1,612,1002,64,128,+0.054993000,000000054993,INFERRED,history0,960,0.05
A7,A4,heldout,21d9b9c5350fc1377eae8266d72c429f2f116ffbc1462e9c987f1e7d530a8396,0,91,1050,89,59,+0.096680000,000000096680,OBSERVED,full,960,0.05
A7,A4,heldout,21d9b9c5350fc1377eae8266d72c429f2f116ffbc1462e9c987f1e7d530a8396,1,13,76,26,153,+0.056458000,000000056458,OBSERVED,full,960,0.05
A7,A4,heldout,21d9b9c5350fc1377eae8266d72c429f2f116ffbc1462e9c987f1e7d530a8396,-1,82,1042,88,76,+0.101929000,000000101929,INFERRED,history0,960,0.05
A7,A4,heldout,8e018c1de817782df05c6ba94e15088fcb1f0a393e2c88352f3bbbf207938923,0,576,1050,80,60,+0.085083000,000000085083,OBSERVED,full,960,0.05
A7,A4,heldout,8e018c1de817782df05c6ba94e15088fcb1f0a393e2c88352f3bbbf207938923,-1,584,1050,78,60,+0.156128000,000000156128,INFERRED,history0,960,0.05
A7,A4,heldout,8e018c1de817782df05c6ba94e15088fcb1f0a393e2c88352f3bbbf207938923,-1,584,1050,78,60,+0.147095000,000000147095,INFERRED,history1,960,0.05
A7,A4,heldout,24fd0a97b8dd48fb65390c75b3bc5f69734e729687e17adde219149614006ef4,0,1511,119,70,132,+0.295898000,000000295898,OBSERVED,full,960,0.05
A7,A4,heldout,24fd0a97b8dd48fb65390c75b3bc5f69734e729687e17adde219149614006ef4,-1,1512,124,68,130,+0.417725000,000000417725,INFERRED,history0,960,0.05
A7,A4,heldout,24fd0a97b8dd48fb65390c75b3bc5f69734e729687e17adde219149614006ef4,-1,1512,121,66,126,+0.406494000,000000406494,INFERRED,history1,960,0.05
A7,A4,heldout,88dc262ed7483d434a187baede6dae4860a8e1088a47edb72a9ca5b6dcc0a5df,0,1158,58,60,104,+0.171021000,000000171021,OBSERVED,full,960,0.05
A7,A4,heldout,88dc262ed7483d434a187baede6dae4860a8e1088a47edb72a9ca5b6dcc0a5df,-1,1156,56,60,106,+0.074524000,000000074524,INFERRED,history0,960,0.05
A7,A4,heldout,88dc262ed7483d434a187baede6dae4860a8e1088a47edb72a9ca5b6dcc0a5df,-1,1156,56,60,106,+0.061890000,000000061890,INFERRED,history1,960,0.05
A7,A4,heldout,5366926a5926519dda7536d35ca325af019d61fb894f76428244a5bfe20c255a,-1,1128,47,70,94,+0.053192000,000000053192,INFERRED,history0,960,0.05
A7,A4,heldout,5366926a5926519dda7536d35ca325af019d61fb894f76428244a5bfe20c255a,-1,1128,47,70,94,+0.053986000,000000053986,INFERRED,history1,960,0.05
A7,A4,heldout,560a17ccd5de3c151990adb9409ce4b2302151451342771dbc62162d0bae49a3,0,1600,555,42,78,+0.181274000,000000181274,OBSERVED,full,960,0.05
A7,A4,heldout,560a17ccd5de3c151990adb9409ce4b2302151451342771dbc62162d0bae49a3,-1,1604,549,48,90,+0.165649000,000000165649,INFERRED,history0,960,0.05
A7,A4,heldout,560a17ccd5de3c151990adb9409ce4b2302151451342771dbc62162d0bae49a3,-1,1600,555,42,78,+0.188354000,000000188354,INFERRED,history1,960,0.05
A7,A4,heldout,4b5b66ab7b3050228a0cd033f4234af41a9e91813b3f571cf5b71e4eadf64e10,0,1236,472,48,97,+0.800293000,000000800293,OBSERVED,full,960,0.05
A7,A4,heldout,4b5b66ab7b3050228a0cd033f4234af41a9e91813b3f571cf5b71e4eadf64e10,-1,1254,476,48,100,+0.332764000,000000332764,INFERRED,history0,960,0.05
A7,A4,heldout,4b5b66ab7b3050228a0cd033f4234af41a9e91813b3f571cf5b71e4eadf64e10,-1,1250,476,48,104,+0.186523000,000000186523,INFERRED,history1,960,0.05
A7,A4,heldout,0714d445d447cd121675c903f4e6b79a77bf4fa7d4a9f0abb53fe142698754b8,-1,63,609,57,114,+0.086304000,000000086304,INFERRED,history0,960,0.05
A7,A4,heldout,0714d445d447cd121675c903f4e6b79a77bf4fa7d4a9f0abb53fe142698754b8,-1,975,129,52,118,+0.088501000,000000088501,INFERRED,history1,960,0.05
A7,A4,heldout,c6b1b8c35c709efae26af0bbeac7500174a3228c4404977d7e0f75eb78c7ea64,-1,1704,274,52,103,+0.062317000,000000062317,INFERRED,history0,960,0.05
A7,A4,heldout,c6b1b8c35c709efae26af0bbeac7500174a3228c4404977d7e0f75eb78c7ea64,-1,1358,679,48,96,+0.398926000,000000398926,INFERRED,history1,960,0.05
A7,A4,heldout,e156d800c4405fb89da685a79ff9ad540add767bbdfc5bf0176885997875a3a9,0,276,102,53,105,+0.109314000,000000109314,OBSERVED,full,960,0.05
A7,A4,heldout,e156d800c4405fb89da685a79ff9ad540add767bbdfc5bf0176885997875a3a9,-1,274,100,52,105,+0.158203000,000000158203,INFERRED,history0,960,0.05
A7,A4,heldout,e156d800c4405fb89da685a79ff9ad540add767bbdfc5bf0176885997875a3a9,-1,274,102,52,107,+0.073425000,000000073425,INFERRED,history1,960,0.05
A7,A4,heldout,49759debf1d117119d61a2cf7a79034cc51e177d741377a0fd4b679f7c43cb27,0,1632,589,48,98,+0.627930000,000000627930,OBSERVED,full,960,0.05
A7,A4,heldout,49759debf1d117119d61a2cf7a79034cc51e177d741377a0fd4b679f7c43cb27,-1,1633,587,50,98,+0.312256000,000000312256,INFERRED,history0,960,0.05
A7,A4,heldout,49759debf1d117119d61a2cf7a79034cc51e177d741377a0fd4b679f7c43cb27,-1,1633,587,50,98,+0.311523000,000000311523,INFERRED,history1,960,0.05
A7,A4,heldout,98fd5ff88f79649a6fe17e13eda946c352892597e832581b1c8c18b2a554a23d,-1,1754,591,56,108,+0.077820000,000000077820,INFERRED,history0,960,0.05
A7,A4,heldout,98fd5ff88f79649a6fe17e13eda946c352892597e832581b1c8c18b2a554a23d,-1,1634,466,48,102,+0.064209000,000000064209,INFERRED,history1,960,0.05
A7,A4,heldout,429d0d1fbda6316ac6e85bc976d268e5c0f40afda19e1c692e7902e8187d3c48,-1,1648,775,36,69,+0.075867000,000000075867,INFERRED,history0,960,0.05
A7,A4,heldout,5c55340d7f2914b1b8589bd326b689518040199b492e89f37794f183ef81ad22,0,9,694,19,91,+0.131592000,000000131592,OBSERVED,full,960,0.05
A7,A4,heldout,5c55340d7f2914b1b8589bd326b689518040199b492e89f37794f183ef81ad22,1,790,136,42,79,+0.067566000,000000067566,OBSERVED,full,960,0.05
A7,A4,heldout,5c55340d7f2914b1b8589bd326b689518040199b492e89f37794f183ef81ad22,2,783,143,38,73,+0.059875000,000000059875,OBSERVED,full,960,0.05
A7,A4,heldout,5c55340d7f2914b1b8589bd326b689518040199b492e89f37794f183ef81ad22,-1,9,693,18,91,+0.083862000,000000083862,INFERRED,history0,960,0.05
A7,A4,heldout,4d0b01c58d65e01ff97ae232627dda289fcd6484dee1d91d4416b9d9c5c367d5,-1,1194,618,44,80,+0.053802000,000000053802,INFERRED,history0,960,0.05
A7,A4,heldout,6979ca1d49e855986e5d219a981424dd06a46ff9229b74d782dd3c27c647bdfe,-1,1912,472,16,101,+0.064636000,000000064636,INFERRED,history0,960,0.05
A7,A4,heldout,e0b7002a2d9ee61cd244142399973845526bf0e2969cea1fc6d74c2ccaf2fad0,0,1320,586,44,91,+0.233765000,000000233765,OBSERVED,full,960,0.05
A7,A4,heldout,e0b7002a2d9ee61cd244142399973845526bf0e2969cea1fc6d74c2ccaf2fad0,-1,1320,589,52,104,+0.071045000,000000071045,INFERRED,history0,960,0.05
A7,A4,heldout,10ad02178e7d11a79a1d4911a941be512f13e93fd6711324138085919e3a168d,0,1604,428,68,132,+0.184204000,000000184204,OBSERVED,full,960,0.05
A7,A4,heldout,10ad02178e7d11a79a1d4911a941be512f13e93fd6711324138085919e3a168d,1,919,748,64,118,+0.075317000,000000075317,OBSERVED,full,960,0.05
A7,A4,heldout,d81fad7aafb0125c9c7a43799ecfe96b2f8a0365842d357747d006b5bce6dbad,0,904,110,73,119,+0.167236000,000000167236,OBSERVED,full,960,0.05
A7,A4,heldout,d81fad7aafb0125c9c7a43799ecfe96b2f8a0365842d357747d006b5bce6dbad,-1,912,92,76,118,+0.269775000,000000269775,INFERRED,history0,960,0.05
A7,A4,heldout,22bbc4ff9c7e0b873dff66b9f914fae6837adff6df78b956e65bec5b8e577dea,-1,660,139,66,129,+0.168335000,000000168335,INFERRED,history0,960,0.05
A7,A4,heldout,85f8416413ff85976efc4561566ef4b21ff800f2dbe7694cdca10ab51fe3a15e,-1,610,60,66,121,+0.113953000,000000113953,INFERRED,history0,960,0.05
A7,A4,heldout,85f8416413ff85976efc4561566ef4b21ff800f2dbe7694cdca10ab51fe3a15e,-1,276,124,60,116,+0.177246000,000000177246,INFERRED,history1,960,0.05
A7,A4,heldout,fdc404d87dff0f2aa2cb8335c3b61419a04f6255496e1997c5ec3ad6a9de68b4,0,1694,1057,78,46,+0.083313000,000000083313,OBSERVED,full,960,0.05
A7,A4,heldout,fdc404d87dff0f2aa2cb8335c3b61419a04f6255496e1997c5ec3ad6a9de68b4,1,1706,1061,72,38,+0.051849000,000000051849,OBSERVED,full,960,0.05
A7,A4,heldout,fdc404d87dff0f2aa2cb8335c3b61419a04f6255496e1997c5ec3ad6a9de68b4,-1,1694,1055,76,50,+0.076660000,000000076660,INFERRED,history0,960,0.05
A7,A4,heldout,46b6196afc9b02b1fb2691a64c4b963d6f9d8d245468d0bacd908d5f810635e3,-1,967,109,51,99,+0.059875000,000000059875,INFERRED,history0,960,0.05
A7,A4,heldout,46b6196afc9b02b1fb2691a64c4b963d6f9d8d245468d0bacd908d5f810635e3,-1,969,110,50,98,+0.082703000,000000082703,INFERRED,history1,960,0.05
A7,A4,heldout,d945df5188e96ac7c4b857c6710a4c7ea298d394d82afdd8992f3c3e44a0e98f,-1,335,1066,46,28,+0.055420000,000000055420,INFERRED,history0,960,0.05
A7,A4,heldout,d945df5188e96ac7c4b857c6710a4c7ea298d394d82afdd8992f3c3e44a0e98f,-1,334,1066,45,28,+0.066833000,000000066833,INFERRED,history1,960,0.05
A7,A4,heldout,82fbbc268e44bafcf5363d701f43b75fc70ddfb804314586a64323bad9b07a9e,0,236,735,66,126,+0.222046000,000000222046,OBSERVED,full,960,0.05
A7,A4,heldout,82fbbc268e44bafcf5363d701f43b75fc70ddfb804314586a64323bad9b07a9e,-1,222,734,59,124,+0.060516000,000000060516,INFERRED,history0,960,0.05
A7,A4,heldout,82fbbc268e44bafcf5363d701f43b75fc70ddfb804314586a64323bad9b07a9e,-1,227,736,55,114,+0.344238000,000000344238,INFERRED,history1,960,0.05
A7,A4,heldout,95a0ce7b95876ad2a4d58556798b5b5af68f384a74d886cde957ac64939a8cc0,-1,1894,419,52,149,+0.083618000,000000083618,INFERRED,history0,960,0.05
A7,A4,heldout,6faaf410ce8baeb68cd1aae766f1a9963602ce6a30a92f480013269f29eab2b9,-1,110,748,42,78,+0.073975000,000000073975,INFERRED,history0,960,0.05
A7,A4,heldout,91472eb3a6244434131930847469dbc873a1f11412a2a137fc5c8e262485240b,0,1774,948,60,107,+0.302490000,000000302490,OBSERVED,full,960,0.05
A7,A4,heldout,91472eb3a6244434131930847469dbc873a1f11412a2a137fc5c8e262485240b,1,1771,939,50,89,+0.151978000,000000151978,OBSERVED,full,960,0.05
A7,A4,heldout,91472eb3a6244434131930847469dbc873a1f11412a2a137fc5c8e262485240b,-1,1776,956,66,124,+0.259033000,000000259033,INFERRED,history0,960,0.05
A7,A4,heldout,91472eb3a6244434131930847469dbc873a1f11412a2a137fc5c8e262485240b,-1,1774,951,64,112,+0.288574000,000000288574,INFERRED,history1,960,0.05
A7,A4,heldout,1623782c2aebfa8ca01815dc8824efd1bc748dec80580a27181bb14350d87767,0,1180,108,56,110,+0.117554000,000000117554,OBSERVED,full,960,0.05
A7,A4,heldout,1623782c2aebfa8ca01815dc8824efd1bc748dec80580a27181bb14350d87767,-1,1186,106,56,108,+0.367432000,000000367432,INFERRED,history0,960,0.05
A7,A4,heldout,1623782c2aebfa8ca01815dc8824efd1bc748dec80580a27181bb14350d87767,-1,1184,108,58,110,+0.371094000,000000371094,INFERRED,history1,960,0.05
A7,A4,heldout,727b74f3b8cc3762fd72afd6c6d1ec49e12bee23929ddd4d51d321b2c12b6ce6,0,1735,457,46,87,+0.076660000,000000076660,OBSERVED,full,960,0.05
A7,A4,heldout,727b74f3b8cc3762fd72afd6c6d1ec49e12bee23929ddd4d51d321b2c12b6ce6,-1,1772,1060,000054,40,+0.113159000,000000113159,INFERRED,history0,960,0.05
A7,A4,heldout,700e6aa694bba2dc7aeb4529c463dcb4f4e9a56ac4e1205821e2b52c82a05096,0,952,116,63,123,+0.134277000,000000134277,OBSERVED,full,960,0.05
A7,A4,heldout,bea639731fa94154f1208b6c86e2eea8e2a5ce2f7fa050cd7c6c8ba742283db0,0,571,528,64,114,+0.202393000,000000202393,OBSERVED,full,960,0.05
A7,A4,heldout,bea639731fa94154f1208b6c86e2eea8e2a5ce2f7fa050cd7c6c8ba742283db0,-1,571,525,58,110,+0.099121000,000000099121,INFERRED,history0,960,0.05
A7,A4,heldout,831ec00d02dfe5881fde406d7143b2c5993b956357e391e7d2b24d277806fa22,-1,726,476,63,125,+0.093018000,000000093018,INFERRED,history0,960,0.05
A7,A4,heldout,513d233d9a075155fd4c83c3ca956cf558daa5a044c07f8e151caa322288096e,-1,1622,1047,76,66,+0.051086000,000000051086,INFERRED,history0,960,0.05
A7,A4,heldout,947b87f4c0e66d1191b7c4e40c2f4db1d615a51f04a7ccab8c80b19f514427a5,0,912,250,44,86,+0.424316000,000000424316,OBSERVED,full,960,0.05
A7,A4,heldout,947b87f4c0e66d1191b7c4e40c2f4db1d615a51f04a7ccab8c80b19f514427a5,-1,912,251,44,89,+0.157715000,000000157715,INFERRED,history0,960,0.05
A7,A4,heldout,947b87f4c0e66d1191b7c4e40c2f4db1d615a51f04a7ccab8c80b19f514427a5,-1,912,251,44,87,+0.330322000,000000330322,INFERRED,history1,960,0.05
A7,A4,heldout,a308bded2489eb275e5afcaae1c66825d47bb0eb942443a2f132cacf2b9ef768,0,794,152,64,124,+0.364746000,000000364746,OBSERVED,full,960,0.05
A7,A4,heldout,a308bded2489eb275e5afcaae1c66825d47bb0eb942443a2f132cacf2b9ef768,-1,768,152,66,126,+0.369385000,000000369385,INFERRED,history0,960,0.05
A7,A4,heldout,a308bded2489eb275e5afcaae1c66825d47bb0eb942443a2f132cacf2b9ef768,-1,780,154,66,126,+0.240112000,000000240112,INFERRED,history1,960,0.05
A7,A4,heldout,96bef25962ec6ad0102df132db9be9d9b96a38d4a325236dd5485b153b8b372e,-1,1368,237,46,94,+0.075317000,000000075317,INFERRED,history0,960,0.05
A7,A4,heldout,96bef25962ec6ad0102df132db9be9d9b96a38d4a325236dd5485b153b8b372e,-1,1558,190,64,136,+0.053406000,000000053406,INFERRED,history1,960,0.05
A7,A4,heldout,9afdaea39bee674fa289caec464eca747d12754079e07b055656d1096bb197cb,0,86,395,62,127,+0.069275000,000000069275,OBSERVED,full,960,0.05
A7,A4,heldout,9afdaea39bee674fa289caec464eca747d12754079e07b055656d1096bb197cb,-1,83,404,63,119,+0.151978000,000000151978,INFERRED,history0,960,0.05
A7,A4,heldout,9afdaea39bee674fa289caec464eca747d12754079e07b055656d1096bb197cb,-1,86,395,61,127,+0.060516000,000000060516,INFERRED,history1,960,0.05
A7,A4,heldout,dd6672ddb657e5e47c0108623eb80670d8a25d687fcafefe5d3e783aa7536f82,0,688,112,000054,101,+0.122131000,000000122131,OBSERVED,full,960,0.05
A7,A4,heldout,dd6672ddb657e5e47c0108623eb80670d8a25d687fcafefe5d3e783aa7536f82,1,594,158,56,111,+0.112793000,000000112793,OBSERVED,full,960,0.05
A7,A4,heldout,dd6672ddb657e5e47c0108623eb80670d8a25d687fcafefe5d3e783aa7536f82,-1,286,324,52,102,+0.050323000,000000050323,INFERRED,history0,960,0.05
A7,A4,heldout,eaa882f182d838e614de6785087352906fae1defe182255a4ea61825ee7eab7d,-1,1090,229,56,122,+0.075867000,000000075867,INFERRED,history0,960,0.05
A7,A4,heldout,eaa882f182d838e614de6785087352906fae1defe182255a4ea61825ee7eab7d,-1,961,306,56,106,+0.127197000,000000127197,INFERRED,history1,960,0.05
A7,A4,heldout,36b7d96fbb5b5ae81d39193fef2a27b129ec5af36ac9b5e11350a135efeb6279,-1,1591,1059,74,42,+0.117981000,000000117981,INFERRED,history0,960,0.05
A7,A4,heldout,36b7d96fbb5b5ae81d39193fef2a27b129ec5af36ac9b5e11350a135efeb6279,-1,787,232,69,129,+0.127686000,000000127686,INFERRED,history1,960,0.05
A7,A4,heldout,aca6049481908720d3ee2f99b2a79d6c95872c262a07ed2bd1af5b3431b5c031,0,1737,330,64,122,+0.461914000,000000461914,OBSERVED,full,960,0.05
A7,A4,heldout,aca6049481908720d3ee2f99b2a79d6c95872c262a07ed2bd1af5b3431b5c031,-1,1741,326,62,121,+0.125122000,000000125122,INFERRED,history0,960,0.05
A7,A4,heldout,aca6049481908720d3ee2f99b2a79d6c95872c262a07ed2bd1af5b3431b5c031,-1,1739,326,64,123,+0.332031000,000000332031,INFERRED,history1,960,0.05
A7,A4,heldout,ac19abac83a32f840d6658fba73c7b945f82d6c31e20ff0f3b661c429b01edf9,0,1392,307,60,112,+0.292480000,000000292480,OBSERVED,full,960,0.05
A7,A4,heldout,ac19abac83a32f840d6658fba73c7b945f82d6c31e20ff0f3b661c429b01edf9,-1,1364,302,64,113,+0.157715000,000000157715,INFERRED,history0,960,0.05
A7,A4,heldout,ac19abac83a32f840d6658fba73c7b945f82d6c31e20ff0f3b661c429b01edf9,-1,1378,303,62,112,+0.199951000,000000199951,INFERRED,history1,960,0.05
A7,A4,heldout,4f1ca53421db45c87e44819b935fc030c9dc2fc56443bba10930628f8ac8f8b3,0,1566,346,68,126,+0.060760000,000000060760,OBSERVED,full,960,0.05
A7,A4,heldout,4f1ca53421db45c87e44819b935fc030c9dc2fc56443bba10930628f8ac8f8b3,1,847,309,66,130,+0.056244000,000000056244,OBSERVED,full,960,0.05
A7,A4,heldout,4f1ca53421db45c87e44819b935fc030c9dc2fc56443bba10930628f8ac8f8b3,-1,1566,346,68,126,+0.063721000,000000063721,INFERRED,history0,960,0.05
A7,A4,heldout,b46d16a16c713c1a93c3009b7aa8cd69aefe9eb465030d9e30f27fe2576da6c7,0,331,343,60,123,+0.110474000,000000110474,OBSERVED,full,960,0.05
A7,A4,heldout,b46d16a16c713c1a93c3009b7aa8cd69aefe9eb465030d9e30f27fe2576da6c7,-1,333,343,63,129,+0.162354000,000000162354,INFERRED,history0,960,0.05
A7,A4,heldout,b46d16a16c713c1a93c3009b7aa8cd69aefe9eb465030d9e30f27fe2576da6c7,-1,332,345,58,126,+0.118774000,000000118774,INFERRED,history1,960,0.05
A7,A4,heldout,1de680a0b8185f7ae4ecfe73680f91b1c91ab01a84a4db246805c0829c70a689,0,17,302,35,124,+0.408203000,000000408203,OBSERVED,full,960,0.05
A7,A4,heldout,1de680a0b8185f7ae4ecfe73680f91b1c91ab01a84a4db246805c0829c70a689,1,24,303,49,118,+0.383057000,000000383057,OBSERVED,full,960,0.05
A7,A4,heldout,1de680a0b8185f7ae4ecfe73680f91b1c91ab01a84a4db246805c0829c70a689,-1,12,304,25,121,+0.271973000,000000271973,INFERRED,history0,960,0.05
A7,A4,heldout,1de680a0b8185f7ae4ecfe73680f91b1c91ab01a84a4db246805c0829c70a689,-1,13,303,27,121,+0.309814000,000000309814,INFERRED,history1,960,0.05
A7,A4,heldout,58f51910570677304c194d54924cccc78e939f618dccebd801e003b81516e109,0,792,227,56,108,+0.065369000,000000065369,OBSERVED,full,960,0.05
A7,A4,heldout,58f51910570677304c194d54924cccc78e939f618dccebd801e003b81516e109,-1,792,227,56,108,+0.081543000,000000081543,INFERRED,history0,960,0.05
A7,A4,heldout,58f51910570677304c194d54924cccc78e939f618dccebd801e003b81516e109,-1,792,227,56,109,+0.084778000,000000084778,INFERRED,history1,960,0.05
A7,A4,heldout,93d0e95c3c2213526e9dd9b2f882cb1498fa6aa8c07849ecd8f9837795f879ab,0,478,317,43,79,+0.052032000,000000052032,OBSERVED,full,960,0.05
A7,A4,heldout,43abca024ee0133823832eaab48ce3e9d334131640876245faf137e3b0d72717,0,325,1058,70,44,+0.070312000,000000070312,OBSERVED,full,960,0.05
A7,A4,heldout,43abca024ee0133823832eaab48ce3e9d334131640876245faf137e3b0d72717,1,297,1060,74,40,+0.056854000,000000056854,OBSERVED,full,960,0.05
A7,A4,heldout,43abca024ee0133823832eaab48ce3e9d334131640876245faf137e3b0d72717,-1,328,1056,70,48,+0.055420000,000000055420,INFERRED,history0,960,0.05
A7,A4,heldout,43abca024ee0133823832eaab48ce3e9d334131640876245faf137e3b0d72717,-1,325,1056,71,48,+0.058350000,000000058350,INFERRED,history1,960,0.05
A7,A4,heldout,22548044b18e3773b228619f0d0827eeaf1ed2d4ce77987181f32d2a689cc70a,0,863,447,46,90,+0.373047000,000000373047,OBSERVED,full,960,0.05
A7,A4,heldout,22548044b18e3773b228619f0d0827eeaf1ed2d4ce77987181f32d2a689cc70a,-1,873,449,47,91,+0.084167000,000000084167,INFERRED,history0,960,0.05
A7,A4,heldout,4bfbd15059d0c58f0997241208c12f7623edd999b41b8cfcdff9d5fcdaae37b1,-1,240,444,63,128,+0.172119000,000000172119,INFERRED,history0,960,0.05
A7,A4,heldout,caaf10a7dd5bd2ebeacad6e50aae69caac1dca2f950f116d03d035760afbaa6a,0,1448,641,48,85,+0.064209000,000000064209,OBSERVED,full,960,0.05
A7,A4,heldout,caaf10a7dd5bd2ebeacad6e50aae69caac1dca2f950f116d03d035760afbaa6a,1,1039,433,62,118,+0.050140000,000000050140,OBSERVED,full,960,0.05
A7,A4,heldout,caaf10a7dd5bd2ebeacad6e50aae69caac1dca2f950f116d03d035760afbaa6a,-1,757,582,60,120,+0.064392000,000000064392,INFERRED,history0,960,0.05
A7,A4,heldout,fe542224de892f6b3360d9b40409e1acf7270c185087f4bd7872f14dd7f3eb90,0,460,1020,67,118,+0.430176000,000000430176,OBSERVED,full,960,0.05
A7,A4,heldout,fe542224de892f6b3360d9b40409e1acf7270c185087f4bd7872f14dd7f3eb90,-1,485,1018,66,119,+0.233032000,000000233032,INFERRED,history0,960,0.05
A7,A4,heldout,3cd9af01508e7038b88eccb5605661f483c593d925287c309fe2c77b1e59eb34,0,1146,559,52,98,+0.058350000,000000058350,OBSERVED,full,960,0.05
A7,A4,heldout,d188f300bf34656e8894ac210d9523c7cf0289fc4a3349a056ebdc5fe7d8b48f,0,810,630,32,58,+0.178955000,000000178955,OBSERVED,full,960,0.05
A7,A4,heldout,d188f300bf34656e8894ac210d9523c7cf0289fc4a3349a056ebdc5fe7d8b48f,-1,791,626,35,66,+0.056641000,000000056641,INFERRED,history0,960,0.05
A7,A4,heldout,d188f300bf34656e8894ac210d9523c7cf0289fc4a3349a056ebdc5fe7d8b48f,-1,794,628,32,63,+0.095703000,000000095703,INFERRED,history1,960,0.05
A7,A4,heldout,5d3fb328a3927d16f70b8ea851eabaced5776bc9cea89fb254da41dc3d5550e3,0,520,341,59,113,+0.340820000,000000340820,OBSERVED,full,960,0.05
A7,A4,heldout,5d3fb328a3927d16f70b8ea851eabaced5776bc9cea89fb254da41dc3d5550e3,-1,521,344,56,112,+0.118408000,000000118408,INFERRED,history0,960,0.05
A7,A4,heldout,89b4f8ed448c865dcda2a730ea3cf22c9221a1175a09cf6c4de184b988a2bd89,0,891,739,51,99,+0.155640000,000000155640,OBSERVED,full,960,0.05
A7,A4,heldout,89b4f8ed448c865dcda2a730ea3cf22c9221a1175a09cf6c4de184b988a2bd89,-1,905,741,000054,103,+0.075867000,000000075867,INFERRED,history0,960,0.05
A7,A4,heldout,89b4f8ed448c865dcda2a730ea3cf22c9221a1175a09cf6c4de184b988a2bd89,-1,897,737,50,100,+0.054413000,000000054413,INFERRED,history1,960,0.05
A7,A4,heldout,34a68e7844f33d03dc91bf0ac111d896bb6f340377dbf2be9dc62f1ee5c3fcc7,-1,1020,1061,74,38,+0.075867000,000000075867,INFERRED,history0,960,0.05
A7,A4,heldout,97b0f9504773181b12c920ba3b1b1c0e2349fc5526f283e90be4c1fe9b69917f,0,17,469,34,114,+0.083862000,000000083862,OBSERVED,full,960,0.05
A7,A4,heldout,97b0f9504773181b12c920ba3b1b1c0e2349fc5526f283e90be4c1fe9b69917f,-1,17,469,35,115,+0.088196000,000000088196,INFERRED,history0,960,0.05
A7,A4,heldout,e54779db1e96dfde54b99ad0603b9c6f87b17a26dacfdf641ce57718b72b17a9,0,1688,324,68,134,+0.409180000,000000409180,OBSERVED,full,960,0.05
A7,A4,heldout,e54779db1e96dfde54b99ad0603b9c6f87b17a26dacfdf641ce57718b72b17a9,-1,1690,325,68,132,+0.072083000,000000072083,INFERRED,history0,960,0.05
A7,A4,heldout,e54779db1e96dfde54b99ad0603b9c6f87b17a26dacfdf641ce57718b72b17a9,-1,1688,324,68,134,+0.291016000,000000291016,INFERRED,history1,960,0.05
A7,A4,heldout,b8556e868f732cc5d70d9c5371e7a9e0a8b56a95b9659e3edb33fe1da5bd7246,-1,723,915,44,84,+0.054688000,000000054688,INFERRED,history0,960,0.05
A7,A4,heldout,110f054be70cd154599e5f285465922b9fbf9a086b04f2a3d321912f5c1557c9,0,718,813,37,98,+0.092712000,000000092712,OBSERVED,full,960,0.05
A7,A4,heldout,110f054be70cd154599e5f285465922b9fbf9a086b04f2a3d321912f5c1557c9,-1,720,811,39,86,+0.117554000,000000117554,INFERRED,history0,960,0.05
A7,A4,heldout,110f054be70cd154599e5f285465922b9fbf9a086b04f2a3d321912f5c1557c9,-1,721,812,38,92,+0.067566000,000000067566,INFERRED,history1,960,0.05
A7,A4,heldout,93765f85386b118cba2dd10a69e8ea631f7e13daa6b5f2f891d837d786322d09,-1,1019,575,68,128,+0.064636000,000000064636,INFERRED,history0,960,0.05
A7,A4,heldout,e979919ec4742c9cafcd760cfe6fb091c47f5fab9a5b786c88de0cbcdd50b8ca,0,1252,619,36,78,+0.085571000,000000085571,OBSERVED,full,960,0.05
A7,A4,heldout,e979919ec4742c9cafcd760cfe6fb091c47f5fab9a5b786c88de0cbcdd50b8ca,-1,1252,617,36,78,+0.097900000,000000097900,INFERRED,history0,960,0.05
A7,A4,heldout,b03e2fa047ac83a3467519744358ca18eae784ee110835141c1b0f767b1a07fd,-1,736,1043,70,74,+0.577637000,000000577637,INFERRED,history0,960,0.05
A7,A4,heldout,66cea5293a7f7eb181ae2ebead07218e4e883e2748d49632dc96bbb11013c1de,-1,1562,1064,56,32,+0.078064000,000000078064,INFERRED,history0,960,0.05
A7,A4,heldout,f183ac9e41aa49dde97766504e80649a4e977cd4b2546ee4e3f0251db1b38702,0,362,1054,49,52,+0.208862000,000000208862,OBSERVED,full,960,0.05
A7,A4,heldout,f183ac9e41aa49dde97766504e80649a4e977cd4b2546ee4e3f0251db1b38702,1,345,1062,48,36,+0.150513000,000000150513,OBSERVED,full,960,0.05
A7,A4,heldout,f183ac9e41aa49dde97766504e80649a4e977cd4b2546ee4e3f0251db1b38702,2,330,1064,44,32,+0.115967000,000000115967,OBSERVED,full,960,0.05
A7,A4,heldout,f183ac9e41aa49dde97766504e80649a4e977cd4b2546ee4e3f0251db1b38702,3,350,1058,46,44,+0.078918000,000000078918,OBSERVED,full,960,0.05
A7,A4,heldout,f183ac9e41aa49dde97766504e80649a4e977cd4b2546ee4e3f0251db1b38702,-1,362,1054,49,52,+0.201782000,000000201782,INFERRED,history0,960,0.05
A7,A4,heldout,f183ac9e41aa49dde97766504e80649a4e977cd4b2546ee4e3f0251db1b38702,-1,362,1054,49,52,+0.211426000,000000211426,INFERRED,history1,960,0.05
A7,A4,heldout,9061d91c2aad6f456848b30d1106cae637a44481dfea95d00a556ee4c9e68520,-1,806,635,69,132,+0.065613000,000000065613,INFERRED,history0,960,0.05
A7,A4,heldout,ac32eaa830f248038ffda02fc212f9e2985b9aba0b057a595dc5a337a9ecf586,0,310,36,77,73,+0.140381000,000000140381,OBSERVED,full,960,0.05
A7,A4,heldout,8986d22a3ee6c11dcdbdd69c64ff86f1fcc3a307fcea0bff087ef28c8d7646ac,0,1630,1060,80,40,+0.174927000,000000174927,OBSERVED,full,960,0.05
A7,A4,heldout,8986d22a3ee6c11dcdbdd69c64ff86f1fcc3a307fcea0bff087ef28c8d7646ac,1,1555,1054,80,52,+0.096680000,000000096680,OBSERVED,full,960,0.05
A7,A4,heldout,8986d22a3ee6c11dcdbdd69c64ff86f1fcc3a307fcea0bff087ef28c8d7646ac,2,1570,1055,82,50,+0.094666000,000000094666,OBSERVED,full,960,0.05
A7,A4,heldout,8986d22a3ee6c11dcdbdd69c64ff86f1fcc3a307fcea0bff087ef28c8d7646ac,3,1613,1059,88,42,+0.062317000,000000062317,OBSERVED,full,960,0.05
A7,A4,heldout,8986d22a3ee6c11dcdbdd69c64ff86f1fcc3a307fcea0bff087ef28c8d7646ac,-1,1622,1056,72,48,+0.145142000,000000145142,INFERRED,history0,960,0.05
A7,A4,heldout,8986d22a3ee6c11dcdbdd69c64ff86f1fcc3a307fcea0bff087ef28c8d7646ac,-1,1620,1058,76,44,+0.351318000,000000351318,INFERRED,history1,960,0.05
A7,A4,heldout,a2e2075549febda5567a7e5d7c454afe9897d3a72f0541825899b63de48664f8,-1,1566,462,44,80,+0.177856000,000000177856,INFERRED,history0,960,0.05
A7,A4,heldout,a2e2075549febda5567a7e5d7c454afe9897d3a72f0541825899b63de48664f8,-1,1520,179,56,106,+0.092712000,000000092712,INFERRED,history1,960,0.05
A7,A4,heldout,47826bc60f3c7de62941f86f607822d55a0662c6b19699f8cbb5880649344f90,-1,1686,412,52,98,+0.055206000,000000055206,INFERRED,history0,960,0.05
A7,A4,heldout,30356bf13742170128ef8fcec769eca428171917548ad839851350ae93776098,0,1148,101,68,125,+0.154541000,000000154541,OBSERVED,full,960,0.05
A7,A4,heldout,30356bf13742170128ef8fcec769eca428171917548ad839851350ae93776098,1,1001,1062,72,36,+0.103394000,000000103394,OBSERVED,full,960,0.05
A7,A4,heldout,30356bf13742170128ef8fcec769eca428171917548ad839851350ae93776098,-1,1000,1061,71,38,+0.085388000,000000085388,INFERRED,history0,960,0.05
A7,A4,heldout,4d5ff17b43bdbdf6d70a7aa78414db6fe98669c4751c2f3f535bddddc9b16161,0,1376,1064,58,32,+0.091064000,000000091064,OBSERVED,full,960,0.05
A7,A4,heldout,4d5ff17b43bdbdf6d70a7aa78414db6fe98669c4751c2f3f535bddddc9b16161,-1,1702,116,66,134,+0.070312000,000000070312,INFERRED,history0,960,0.05
A7,A4,heldout,2faa7ff03a5c92ab1171b9db598ac35dec447153b5d8b2ddf224c55ae60ec7d7,-1,749,330,43,76,+0.058777000,000000058777,INFERRED,history0,960,0.05
A7,A4,heldout,2faa7ff03a5c92ab1171b9db598ac35dec447153b5d8b2ddf224c55ae60ec7d7,-1,749,331,42,78,+0.078918000,000000078918,INFERRED,history1,960,0.05
A7,A4,heldout,d0daa78771d38fbb6789e50395d2168800483be92f525246ca5845be27d8fc43,0,492,120,61,115,+0.255371000,000000255371,OBSERVED,full,960,0.05
A7,A4,heldout,d0daa78771d38fbb6789e50395d2168800483be92f525246ca5845be27d8fc43,-1,484,120,64,116,+0.300781000,000000300781,INFERRED,history0,960,0.05
A7,A4,heldout,d0daa78771d38fbb6789e50395d2168800483be92f525246ca5845be27d8fc43,-1,488,121,63,115,+0.195557000,000000195557,INFERRED,history1,960,0.05
A7,A4,heldout,06b7146c14f12cbd722f89b4164cc1c10ab99530456e6615fa38a5107f7643a3,-1,745,707,68,122,+0.115173000,000000115173,INFERRED,history0,960,0.05
A7,A4,heldout,06b7146c14f12cbd722f89b4164cc1c10ab99530456e6615fa38a5107f7643a3,-1,688,237,40,75,+0.158203000,000000158203,INFERRED,history1,960,0.05
A7,A4,heldout,0b241fe2e28c13757d751c8df6bf0dc9808ec56f08b1725c5c354396b7f826a2,-1,528,629,65,122,+0.052612000,000000052612,INFERRED,history0,960,0.05
A7,A4,heldout,0b241fe2e28c13757d751c8df6bf0dc9808ec56f08b1725c5c354396b7f826a2,-1,76,278,68,130,+0.064880000,000000064880,INFERRED,history1,960,0.05
A7,A4,heldout,a0545d1e9dbbea7e2642da4c94b427005fa1af700020ad1205449442406313c4,0,1090,1060,64,40,+0.366699000,000000366699,OBSERVED,full,960,0.05
A7,A4,heldout,a0545d1e9dbbea7e2642da4c94b427005fa1af700020ad1205449442406313c4,1,1102,1063,64,34,+0.187744000,000000187744,OBSERVED,full,960,0.05
A7,A4,heldout,a0545d1e9dbbea7e2642da4c94b427005fa1af700020ad1205449442406313c4,2,1070,1056,64,48,+0.054413000,000000054413,OBSERVED,full,960,0.05
A7,A4,heldout,a0545d1e9dbbea7e2642da4c94b427005fa1af700020ad1205449442406313c4,-1,1115,1060,58,40,+0.283691000,000000283691,INFERRED,history0,960,0.05
A7,A4,heldout,a0545d1e9dbbea7e2642da4c94b427005fa1af700020ad1205449442406313c4,-1,1105,1058,60,44,+0.386719000,000000386719,INFERRED,history1,960,0.05
A7,A4,heldout,21ad836779ea367c0d211410934d94bc61d8343faa66103b0839eeb7e52bf042,-1,997,838,50,91,+0.051666000,000000051666,INFERRED,history0,960,0.05
A7,A4,heldout,b91495e194056e3578100f3bb5b831ce72f661d4126fed9b0fb82d189b3da927,0,1053,314,69,131,+0.275879000,000000275879,OBSERVED,full,960,0.05
A7,A4,heldout,b91495e194056e3578100f3bb5b831ce72f661d4126fed9b0fb82d189b3da927,-1,1057,313,69,128,+0.204346000,000000204346,INFERRED,history0,960,0.05
A7,A4,heldout,56ec309abe0f27e23f9887c9d5eb182f86aecf756d3403c7be1e73f98da48f4a,-1,583,255,69,133,+0.084167000,000000084167,INFERRED,history0,960,0.05
A7,A4,heldout,cf9bb3e7d2cd6d698c82cbeb785874dba9a55a617140a0d3e7b3b98dc5ba1f90,-1,788,286,68,129,+0.087891000,000000087891,INFERRED,history0,960,0.05
A7,A4,heldout,7b1fefc4335749478bd292edda8a6bff7b4df6e4c3c2d536b1842cc8470548ff,-1,1806,1054,76,52,+0.238647000,000000238647,INFERRED,history0,960,0.05
A7,A4,heldout,e36ad0f4105877b7f9eebc2d54ccb5d1edfc22bfc66dc391a375c47d6acbbdbf,-1,1397,74,000054,103,+0.199951000,000000199951,INFERRED,history0,960,0.05
A7,A4,heldout,65c1594f57bce72b2adbd33485cdee3eb3dcb80319210c882fd0b001352351d5,0,1732,1060,64,40,+0.115173000,000000115173,OBSERVED,full,960,0.05
A7,A4,heldout,65c1594f57bce72b2adbd33485cdee3eb3dcb80319210c882fd0b001352351d5,1,1722,1061,60,38,+0.097046000,000000097046,OBSERVED,full,960,0.05
A7,A4,heldout,65c1594f57bce72b2adbd33485cdee3eb3dcb80319210c882fd0b001352351d5,2,1754,1058,72,44,+0.052246000,000000052246,OBSERVED,full,960,0.05
A7,A4,heldout,65c1594f57bce72b2adbd33485cdee3eb3dcb80319210c882fd0b001352351d5,-1,1720,1061,68,38,+0.071350000,000000071350,INFERRED,history0,960,0.05
A7,A4,heldout,65c1594f57bce72b2adbd33485cdee3eb3dcb80319210c882fd0b001352351d5,-1,1721,1061,64,38,+0.102295000,000000102295,INFERRED,history1,960,0.05
A7,A4,heldout,e102e7fbb88385561a69a1771a85f1e1a8041d277d67962385b67ab23e253824,-1,1854,1065,000054,30,+0.058777000,000000058777,INFERRED,history0,960,0.05
A7,A4,heldout,00256fbe30cdbc6d29c9b1bbcb9c4c2c3662d87474a4b7f9d82502c79abee13e,-1,672,1061,000054,38,+0.061188000,000000061188,INFERRED,history0,960,0.05
A7,A4,heldout,85cb6b627d5b629c33dc553a8250607aca3b9e97201683a81d604a41da385583,0,20,330,40,137,+0.051849000,000000051849,OBSERVED,full,960,0.05
A7,A4,heldout,3460c10d21ee16eaa06c2ae873e279e4fbba155b259be0c12f2494d06576eee1,0,961,1060,70,40,+0.089478000,000000089478,OBSERVED,full,960,0.05
A7,A4,heldout,24ff204830b96a8cbfeb2688e0dc2e2062849f5daa3febdf4b4f67828af15dfa,0,1856,1044,72,71,+0.150024000,000000150024,OBSERVED,full,960,0.05
A7,A4,heldout,24ff204830b96a8cbfeb2688e0dc2e2062849f5daa3febdf4b4f67828af15dfa,-1,1857,1044,70,72,+0.172119000,000000172119,INFERRED,history0,960,0.05
A7,A4,heldout,24ff204830b96a8cbfeb2688e0dc2e2062849f5daa3febdf4b4f67828af15dfa,-1,1856,1044,72,72,+0.143677000,000000143677,INFERRED,history1,960,0.05
A7,A4,heldout,640da5e14096ed438c6d768e65a8eb67f93f41e642d9488b6ed8ec60e39ead5a,0,1049,1064,52,32,+0.057068000,000000057068,OBSERVED,full,960,0.05
A7,A4,heldout,640da5e14096ed438c6d768e65a8eb67f93f41e642d9488b6ed8ec60e39ead5a,-1,1050,1064,52,32,+0.199951000,000000199951,INFERRED,history0,960,0.05
A7,A4,heldout,640da5e14096ed438c6d768e65a8eb67f93f41e642d9488b6ed8ec60e39ead5a,-1,1049,1064,52,32,+0.123352000,000000123352,INFERRED,history1,960,0.05
A7,A4,heldout,3a43247ea7551d6a14ba6048aa80349de0e47f77911f3860ba85389fd92fa492,-1,1908,552,24,114,+0.115540000,000000115540,INFERRED,history0,960,0.05
A7,A4,heldout,3a43247ea7551d6a14ba6048aa80349de0e47f77911f3860ba85389fd92fa492,-1,704,443,44,85,+0.365723000,000000365723,INFERRED,history1,960,0.05
A7,A4,heldout,743b7be3d8ee0e65ca800a1dcb7c4466e221e38d935a11a05782bdb9ab7e30bf,0,10,721,21,130,+0.184204000,000000184204,OBSERVED,full,960,0.05
A7,A4,heldout,743b7be3d8ee0e65ca800a1dcb7c4466e221e38d935a11a05782bdb9ab7e30bf,1,15,702,30,98,+0.181885000,000000181885,OBSERVED,full,960,0.05
A7,A4,heldout,743b7be3d8ee0e65ca800a1dcb7c4466e221e38d935a11a05782bdb9ab7e30bf,2,9,619,18,108,+0.053192000,000000053192,OBSERVED,full,960,0.05
A7,A4,heldout,743b7be3d8ee0e65ca800a1dcb7c4466e221e38d935a11a05782bdb9ab7e30bf,-1,17,699,35,104,+0.187134000,000000187134,INFERRED,history0,960,0.05
A7,A4,heldout,743b7be3d8ee0e65ca800a1dcb7c4466e221e38d935a11a05782bdb9ab7e30bf,-1,17,700,34,103,+0.216064000,000000216064,INFERRED,history1,960,0.05
A7,A4,heldout,41d019c3b574a31c1a73f27c69c1923021c4d5984c3eb04e81ff63d63c0aa3b0,0,514,285,59,119,+0.073975000,000000073975,OBSERVED,full,960,0.05
A7,A4,heldout,41d019c3b574a31c1a73f27c69c1923021c4d5984c3eb04e81ff63d63c0aa3b0,-1,515,285,59,119,+0.068298000,000000068298,INFERRED,history0,960,0.05
A7,A4,heldout,41d019c3b574a31c1a73f27c69c1923021c4d5984c3eb04e81ff63d63c0aa3b0,-1,514,285,59,118,+0.072876000,000000072876,INFERRED,history1,960,0.05
A7,A4,heldout,5f81b9f9e38b5466e0f9e8de08b166779c1dc2e3e58994cd3e1f769ad0d28269,0,283,761,61,107,+0.391357000,000000391357,OBSERVED,full,960,0.05
A7,A4,heldout,5f81b9f9e38b5466e0f9e8de08b166779c1dc2e3e58994cd3e1f769ad0d28269,-1,282,760,61,107,+0.391357000,000000391357,INFERRED,history0,960,0.05
A7,A4,heldout,5f81b9f9e38b5466e0f9e8de08b166779c1dc2e3e58994cd3e1f769ad0d28269,-1,283,760,61,107,+0.401611000,000000401611,INFERRED,history1,960,0.05
A7,A4,heldout,538d2e85209eac040555e63e077cecc0184fcf87d0f61daf1cc0a7a4d66c48f7,0,285,761,69,122,+0.213379000,000000213379,OBSERVED,full,960,0.05
A7,A4,heldout,538d2e85209eac040555e63e077cecc0184fcf87d0f61daf1cc0a7a4d66c48f7,1,270,739,63,127,+0.100159000,000000100159,OBSERVED,full,960,0.05
A7,A4,heldout,538d2e85209eac040555e63e077cecc0184fcf87d0f61daf1cc0a7a4d66c48f7,2,261,733,56,118,+0.054993000,000000054993,OBSERVED,full,960,0.05
A7,A4,heldout,538d2e85209eac040555e63e077cecc0184fcf87d0f61daf1cc0a7a4d66c48f7,-1,281,761,65,115,+0.117188000,000000117188,INFERRED,history0,960,0.05
A7,A4,heldout,538d2e85209eac040555e63e077cecc0184fcf87d0f61daf1cc0a7a4d66c48f7,-1,282,757,66,120,+0.152588000,000000152588,INFERRED,history1,960,0.05
A7,A4,heldout,e3f8f96a0d79b6aa49a693643e9888c20fabd99b538c1066ff87eb40f6280c6a,-1,116,118,66,134,+0.052429000,000000052429,INFERRED,history0,960,0.05
A7,A4,heldout,e3f8f96a0d79b6aa49a693643e9888c20fabd99b538c1066ff87eb40f6280c6a,-1,873,51,57,102,+0.096375000,000000096375,INFERRED,history1,960,0.05
A7,A4,heldout,a12b95f43c96fd1a26e8a8317da8c3f01f3ac17a27ee0e0f081941be588b0182,0,353,44,90,88,+0.100891000,000000100891,OBSERVED,full,960,0.05
A7,A4,heldout,d89130c2299a26280faa875fd3c86e4afa065898199528d0884c14b3018a5a08,0,1088,1058,52,44,+0.090393000,000000090393,OBSERVED,full,960,0.05
A7,A4,heldout,d89130c2299a26280faa875fd3c86e4afa065898199528d0884c14b3018a5a08,-1,1098,1058,60,44,+0.050323000,000000050323,INFERRED,history0,960,0.05
A7,A4,heldout,350458ba9feec4e39bf5581d4b4537cff555839a192050d9322d8bf57de03859,0,1795,285,62,118,+0.204956000,000000204956,OBSERVED,full,960,0.05
A7,A4,heldout,350458ba9feec4e39bf5581d4b4537cff555839a192050d9322d8bf57de03859,-1,1798,284,60,118,+0.137939000,000000137939,INFERRED,history0,960,0.05
A7,A4,heldout,350458ba9feec4e39bf5581d4b4537cff555839a192050d9322d8bf57de03859,-1,1797,284,60,117,+0.132080000,000000132080,INFERRED,history1,960,0.05
A7,A4,heldout,c2579c7c4aba220914cec5d6576021cb3d2ba794a49c4ce2f4b1031d69f648de,-1,926,21,56,43,+0.146118000,000000146118,INFERRED,history0,960,0.05
A7,A4,heldout,e86b1958b0e933225f4d64262291b7186822cf745302bfa18fd5e63db8024f40,0,16,334,33,152,+0.422607000,000000422607,OBSERVED,full,960,0.05
A7,A4,heldout,e86b1958b0e933225f4d64262291b7186822cf745302bfa18fd5e63db8024f40,1,9,333,18,150,+0.410156000,000000410156,OBSERVED,full,960,0.05
A7,A4,heldout,e86b1958b0e933225f4d64262291b7186822cf745302bfa18fd5e63db8024f40,-1,9,328,18,148,+0.321777000,000000321777,INFERRED,history0,960,0.05
A7,A4,heldout,e86b1958b0e933225f4d64262291b7186822cf745302bfa18fd5e63db8024f40,-1,19,333,39,152,+0.407227000,000000407227,INFERRED,history1,960,0.05
A7,A4,heldout,8bfa5dc8d8c9f708ec7647d2eccffb0b1f39bdaefe3261f5f187712515b1a108,0,1804,292,52,100,+0.147583000,000000147583,OBSERVED,full,960,0.05
A7,A4,heldout,8bfa5dc8d8c9f708ec7647d2eccffb0b1f39bdaefe3261f5f187712515b1a108,-1,1807,291,52,102,+0.159180000,000000159180,INFERRED,history0,960,0.05
A7,A4,heldout,8bfa5dc8d8c9f708ec7647d2eccffb0b1f39bdaefe3261f5f187712515b1a108,-1,1812,289,50,101,+0.069275000,000000069275,INFERRED,history1,960,0.05
A7,A4,heldout,fd9b7a4304f763255a4e53ad3e1457ce205cceb1c8a42647abb97dd28af533ca,-1,1396,410,60,111,+0.053802000,000000053802,INFERRED,history0,960,0.05
A7,A4,heldout,dd56edfca863168247935e46cb72f9c70da47380451c0a5e3575c156c0858a62,0,1296,34,90,69,+0.054810000,000000054810,OBSERVED,full,960,0.05
A7,A4,heldout,dd56edfca863168247935e46cb72f9c70da47380451c0a5e3575c156c0858a62,-1,1280,32,92,65,+0.078613000,000000078613,INFERRED,history0,960,0.05
A7,A4,heldout,dd56edfca863168247935e46cb72f9c70da47380451c0a5e3575c156c0858a62,-1,1290,31,84,63,+0.111267000,000000111267,INFERRED,history1,960,0.05
A7,A4,heldout,bf710d95bb510b119779bc16b64324421086b0993144eb4b2516d18118ec4834,0,239,756,56,109,+0.332764000,000000332764,OBSERVED,full,960,0.05
A7,A4,heldout,bf710d95bb510b119779bc16b64324421086b0993144eb4b2516d18118ec4834,-1,236,757,59,114,+0.140869000,000000140869,INFERRED,history0,960,0.05
A7,A4,heldout,bf710d95bb510b119779bc16b64324421086b0993144eb4b2516d18118ec4834,-1,238,757,57,112,+0.110474000,000000110474,INFERRED,history1,960,0.05
A7,A4,heldout,c53712c3ac6c58b8065aa32c26ee09a938474805ea44cc90f8a57d77a8b4a806,-1,1422,815,64,118,+0.325195000,000000325195,INFERRED,history0,960,0.05
A7,A4,heldout,c53712c3ac6c58b8065aa32c26ee09a938474805ea44cc90f8a57d77a8b4a806,-1,1426,819,68,130,+0.128052000,000000128052,INFERRED,history1,960,0.05
A7,A4,heldout,f7a84e2f89d654ba032b4e0be8fc07a367ff9fb403efe1993d8539412caa0567,-1,854,534,55,100,+0.086304000,000000086304,INFERRED,history0,960,0.05
A7,A4,heldout,c65239bf86fb55718d25e9abd4af4ad377ee0c1f783287b742141bf7beaed6bb,0,653,845,50,101,+0.054199000,000000054199,OBSERVED,full,960,0.05
A7,A4,heldout,c65239bf86fb55718d25e9abd4af4ad377ee0c1f783287b742141bf7beaed6bb,-1,651,847,47,95,+0.060760000,000000060760,INFERRED,history0,960,0.05
A7,A4,heldout,c65239bf86fb55718d25e9abd4af4ad377ee0c1f783287b742141bf7beaed6bb,-1,652,846,48,98,+0.105591000,000000105591,INFERRED,history1,960,0.05
A7,A4,heldout,858022bbc89bf337c9c3813d63887fb11c81fb0086fdb1a6cc23f8c747702d15,-1,1050,715,68,126,+0.103027000,000000103027,INFERRED,history0,960,0.05
A7,A4,heldout,858022bbc89bf337c9c3813d63887fb11c81fb0086fdb1a6cc23f8c747702d15,-1,1052,712,68,132,+0.060760000,000000060760,INFERRED,history1,960,0.05
A7,A4,heldout,9a52f5e42e75214cc068409115bcbe62ca42fd60c1b7218140b51bb3fc4ee460,0,1895,747,50,132,+0.168823000,000000168823,OBSERVED,full,960,0.05
A7,A4,heldout,9a52f5e42e75214cc068409115bcbe62ca42fd60c1b7218140b51bb3fc4ee460,1,1902,745,36,126,+0.095337000,000000095337,OBSERVED,full,960,0.05
A7,A4,heldout,9a52f5e42e75214cc068409115bcbe62ca42fd60c1b7218140b51bb3fc4ee460,-1,1897,737,46,130,+0.521484000,000000521484,INFERRED,history0,960,0.05
A7,A4,heldout,9a52f5e42e75214cc068409115bcbe62ca42fd60c1b7218140b51bb3fc4ee460,-1,1894,740,52,121,+0.493164000,000000493164,INFERRED,history1,960,0.05
A7,A4,heldout,4d4cfea838a047c54af112649205a1192f978b5179773030db3740d272430a68,0,1904,64,32,123,+0.312256000,000000312256,OBSERVED,full,960,0.05
A7,A4,heldout,4d4cfea838a047c54af112649205a1192f978b5179773030db3740d272430a68,-1,1904,65,32,122,+0.328613000,000000328613,INFERRED,history0,960,0.05
A7,A4,heldout,4d4cfea838a047c54af112649205a1192f978b5179773030db3740d272430a68,-1,1904,64,32,123,+0.291016000,000000291016,INFERRED,history1,960,0.05
A7,A4,heldout,8d80190d0e2b0e2d086e05aa298aa9ca9dd23a189b569fc02e9a862c21919c5b,0,1380,1054,76,52,+0.081543000,000000081543,OBSERVED,full,960,0.05
A7,A4,heldout,8d80190d0e2b0e2d086e05aa298aa9ca9dd23a189b569fc02e9a862c21919c5b,-1,1412,1051,80,58,+0.096008000,000000096008,INFERRED,history0,960,0.05
A7,A4,heldout,e414c921e9331c9c6cb97cd17cdde6cf08dd54931691d23116cf6fcb8904654b,0,1626,56,48,96,+0.243652000,000000243652,OBSERVED,full,960,0.05
A7,A4,heldout,e414c921e9331c9c6cb97cd17cdde6cf08dd54931691d23116cf6fcb8904654b,-1,1625,55,50,97,+0.260498000,000000260498,INFERRED,history0,960,0.05
A7,A4,heldout,e414c921e9331c9c6cb97cd17cdde6cf08dd54931691d23116cf6fcb8904654b,-1,1624,55,48,97,+0.270508000,000000270508,INFERRED,history1,960,0.05
A7,A4,heldout,98429c1bb9aea2b9ca593b6d3abb6b9741f73324527b6e8e3afc422d9f1058d9,0,1444,136,48,96,+0.379395000,000000379395,OBSERVED,full,960,0.05
A7,A4,heldout,98429c1bb9aea2b9ca593b6d3abb6b9741f73324527b6e8e3afc422d9f1058d9,-1,1442,134,48,99,+0.207520000,000000207520,INFERRED,history0,960,0.05
A7,A4,heldout,98429c1bb9aea2b9ca593b6d3abb6b9741f73324527b6e8e3afc422d9f1058d9,-1,1443,135,48,98,+0.332764000,000000332764,INFERRED,history1,960,0.05
A7,A4,heldout,2fe64d28cb18ab19038a3f89507381f11d2d211ce72b6fb10aad289f67bd8ead,-1,101,543,65,124,+0.098083000,000000098083,INFERRED,history0,960,0.05
A7,A4,heldout,2fe64d28cb18ab19038a3f89507381f11d2d211ce72b6fb10aad289f67bd8ead,-1,24,381,48,134,+0.070312000,000000070312,INFERRED,history1,960,0.05
A7,A4,heldout,ba0cc82a3fe4304cf23eb9b24a9da7d36dac016ca416f4afac57d6d468a8f0c1,-1,452,1052,76,56,+0.113586000,000000113586,INFERRED,history0,960,0.05
A7,A4,heldout,ba0cc82a3fe4304cf23eb9b24a9da7d36dac016ca416f4afac57d6d468a8f0c1,-1,452,1051,78,58,+0.057495000,000000057495,INFERRED,history1,960,0.05
A7,A4,heldout,57f8aa9e46814f1e9b221b97b4ac21a6fb30da72427c990bd31fd4cf22b134e9,0,427,1045,61,70,+0.057709000,000000057709,OBSERVED,full,960,0.05
A7,A4,heldout,a5959793412f2de2d03694e9aae5db01fab4b08c4f8b0260997344a320c72be8,0,753,1068,72,24,+0.055420000,000000055420,OBSERVED,full,960,0.05
A7,A4,heldout,a5959793412f2de2d03694e9aae5db01fab4b08c4f8b0260997344a320c72be8,-1,777,1068,67,24,+0.088196000,000000088196,INFERRED,history0,960,0.05
A7,A4,heldout,a5959793412f2de2d03694e9aae5db01fab4b08c4f8b0260997344a320c72be8,-1,769,1068,70,24,+0.064209000,000000064209,INFERRED,history1,960,0.05
A7,A4,heldout,ee311d78fabf4f142cba98e2de9aaaa13cebafcfa70c4a5a6138c67cb9f83a46,-1,1722,1023,76,113,+0.098755000,000000098755,INFERRED,history0,960,0.05
A7,A4,heldout,ee311d78fabf4f142cba98e2de9aaaa13cebafcfa70c4a5a6138c67cb9f83a46,-1,512,1020,73,119,+0.112793000,000000112793,INFERRED,history1,960,0.05
A7,A4,heldout,716a47c0e6facd866ffd6faeaf0a77eb65fe7a72991782afed6281d0bf48e86b,0,1452,186,64,120,+0.088806000,000000088806,OBSERVED,full,960,0.05
A7,A4,heldout,716a47c0e6facd866ffd6faeaf0a77eb65fe7a72991782afed6281d0bf48e86b,-1,1427,183,64,124,+0.279053000,000000279053,INFERRED,history0,960,0.05
A7,A4,heldout,716a47c0e6facd866ffd6faeaf0a77eb65fe7a72991782afed6281d0bf48e86b,-1,1427,182,64,125,+0.298340000,000000298340,INFERRED,history1,960,0.05
A7,A4,heldout,91237c714d311e4b716de96beedb2ee2da3bb41ea73a5ea15ed68175697e3622,-1,1002,224,52,99,+0.102661000,000000102661,INFERRED,history0,960,0.05
A7,A4,heldout,91237c714d311e4b716de96beedb2ee2da3bb41ea73a5ea15ed68175697e3622,-1,899,560,38,72,+0.106689000,000000106689,INFERRED,history1,960,0.05
A7,A4,heldout,779d823c6747f97f30dbdc10ec8a9bd00ff91c00139acdc85d20138d88ce3baf,0,1650,80,40,80,+0.137939000,000000137939,OBSERVED,full,960,0.05
A7,A4,heldout,779d823c6747f97f30dbdc10ec8a9bd00ff91c00139acdc85d20138d88ce3baf,-1,1650,80,40,79,+0.205566000,000000205566,INFERRED,history0,960,0.05
A7,A4,heldout,779d823c6747f97f30dbdc10ec8a9bd00ff91c00139acdc85d20138d88ce3baf,-1,1650,80,40,80,+0.147583000,000000147583,INFERRED,history1,960,0.05
A7,A4,heldout,e8521bf0d237ae2d37a23d606d4fd8ee568034f8d4ddedaffb50ac6e12af6533,0,95,1027,70,105,+0.295898000,000000295898,OBSERVED,full,960,0.05
A7,A4,heldout,e8521bf0d237ae2d37a23d606d4fd8ee568034f8d4ddedaffb50ac6e12af6533,-1,94,1027,69,105,+0.329346000,000000329346,INFERRED,history0,960,0.05
A7,A4,heldout,e8521bf0d237ae2d37a23d606d4fd8ee568034f8d4ddedaffb50ac6e12af6533,-1,95,1027,70,105,+0.313232000,000000313232,INFERRED,history1,960,0.05
A7,A4,heldout,5ef705e78f2b76707123257b180720ee731df1c7e84659a1d47ecefa35fc27f0,0,339,671,50,86,+0.056244000,000000056244,OBSERVED,full,960,0.05
A7,A4,heldout,5ef705e78f2b76707123257b180720ee731df1c7e84659a1d47ecefa35fc27f0,-1,1497,515,44,86,+0.067566000,000000067566,INFERRED,history0,960,0.05
A7,A4,heldout,afe10082487bbcdf4569dbd83b20ccb9d068356186ddc2ab1910d9049b6db1d1,-1,1392,639,48,88,+0.072083000,000000072083,INFERRED,history0,960,0.05
A7,A4,heldout,afe10082487bbcdf4569dbd83b20ccb9d068356186ddc2ab1910d9049b6db1d1,-1,874,705,59,131,+0.051270000,000000051270,INFERRED,history1,960,0.05
A7,A4,heldout,c23aaae11919107b8cb0e9f971a67c897c2378b5701672a0679066d73a4c64a6,0,993,489,48,91,+0.076965000,000000076965,OBSERVED,full,960,0.05
A7,A4,heldout,c23aaae11919107b8cb0e9f971a67c897c2378b5701672a0679066d73a4c64a6,-1,994,493,47,93,+0.068054000,000000068054,INFERRED,history0,960,0.05
A7,A4,heldout,20ea1070cef466b895f7eef7c87325e152af9358bd76ef5c722eb2e08133a5af,0,991,480,49,101,+0.542969000,000000542969,OBSERVED,full,960,0.05
A7,A4,heldout,20ea1070cef466b895f7eef7c87325e152af9358bd76ef5c722eb2e08133a5af,-1,991,507,52,125,+0.172729000,000000172729,INFERRED,history0,960,0.05
A7,A4,heldout,20ea1070cef466b895f7eef7c87325e152af9358bd76ef5c722eb2e08133a5af,-1,991,501,000054,129,+0.303223000,000000303223,INFERRED,history1,960,0.05
A7,A4,heldout,fd74ef3ff8775523a9726de1fd609b2296f73d66b81bce6d432f5ee1c349752b,0,1292,414,58,113,+0.260498000,000000260498,OBSERVED,full,960,0.05
A7,A4,heldout,fd74ef3ff8775523a9726de1fd609b2296f73d66b81bce6d432f5ee1c349752b,1,1448,25,72,50,+0.082397000,000000082397,OBSERVED,full,960,0.05
A7,A4,heldout,fd74ef3ff8775523a9726de1fd609b2296f73d66b81bce6d432f5ee1c349752b,-1,1432,23,68,47,+0.180664000,000000180664,INFERRED,history0,960,0.05
A7,A4,heldout,b3395d88475586a6331b95f436b61476264b84282c08b1173eeb9aea7ede3bee,0,100,1056,80,48,+0.142700000,000000142700,OBSERVED,full,960,0.05
A7,A4,heldout,b3395d88475586a6331b95f436b61476264b84282c08b1173eeb9aea7ede3bee,-1,86,1060,77,40,+0.083008000,000000083008,INFERRED,history0,960,0.05
A7,A4,heldout,b3395d88475586a6331b95f436b61476264b84282c08b1173eeb9aea7ede3bee,-1,96,1059,80,42,+0.084778000,000000084778,INFERRED,history1,960,0.05
A7,A4,heldout,95cd346765f1291bd07a18bd3d65b39885d9ed86fdc7dab4478da86276dac028,-1,384,431,39,79,+0.117981000,000000117981,INFERRED,history0,960,0.05
A7,A4,heldout,95cd346765f1291bd07a18bd3d65b39885d9ed86fdc7dab4478da86276dac028,-1,1434,453,48,94,+0.224731000,000000224731,INFERRED,history1,960,0.05
A7,A4,heldout,3a1086cbf8943b8233eb6e9c621c8750283d5b0d2e11a30e99bd73cea799f3ab,-1,1472,745,56,108,+0.163940000,000000163940,INFERRED,history0,960,0.05
A7,A4,heldout,3a1086cbf8943b8233eb6e9c621c8750283d5b0d2e11a30e99bd73cea799f3ab,-1,1182,516,56,108,+0.054993000,000000054993,INFERRED,history1,960,0.05
A7,A4,heldout,a77de0779abafb5ce70dba85a83170c17bbb4b4b3237f1d56ed35cbedb798df5,-1,984,127,64,120,+0.066589000,000000066589,INFERRED,history0,960,0.05
A7,A4,heldout,64d9361b521300c8d4b001f35a25d98dcc2913678bc3f3640ebf2cc737e9c7d2,-1,1324,883,48,88,+0.050720000,000000050720,INFERRED,history0,960,0.05
A7,A4,heldout,af3d55f58e9ed3153b516ad4fbe21fb39ddafe0048d406f45ab383e613398362,0,1392,22,52,45,+0.100159000,000000100159,OBSERVED,full,960,0.05
A7,A4,heldout,af3d55f58e9ed3153b516ad4fbe21fb39ddafe0048d406f45ab383e613398362,-1,1390,21,52,43,+0.093689000,000000093689,INFERRED,history0,960,0.05
A7,A4,heldout,4650fce328c9f95e72e2eea82a69b831d283c708530ab1edac9a640bec77279a,0,730,533,44,89,+0.088196000,000000088196,OBSERVED,full,960,0.05
A7,A4,heldout,4650fce328c9f95e72e2eea82a69b831d283c708530ab1edac9a640bec77279a,-1,738,534,46,88,+0.069031000,000000069031,INFERRED,history0,960,0.05
A7,A4,heldout,4650fce328c9f95e72e2eea82a69b831d283c708530ab1edac9a640bec77279a,-1,733,534,47,95,+0.237183000,000000237183,INFERRED,history1,960,0.05
A7,A4,heldout,face585feda88f8ae674ca1aef5685b9f6dd1956629900fc7f694337b0f0267b,0,288,542,55,107,+0.144165000,000000144165,OBSERVED,full,960,0.05
A7,A4,heldout,face585feda88f8ae674ca1aef5685b9f6dd1956629900fc7f694337b0f0267b,-1,1704,556,58,109,+0.052429000,000000052429,INFERRED,history0,960,0.05
A7,A4,heldout,afc6f3608db5b441b8e546080a959597bf9df715882f12ab17bf8818bb1a274e,0,1080,243,64,124,+0.050507000,000000050507,OBSERVED,full,960,0.05
A7,A4,heldout,afc6f3608db5b441b8e546080a959597bf9df715882f12ab17bf8818bb1a274e,-1,655,269,56,108,+0.129395000,000000129395,INFERRED,history0,960,0.05
A7,A4,heldout,e5bd3c488188e13caaacad21a1367cefb446f61ae64e4f0e925dd74a763a1c84,-1,1000,679,58,110,+0.155029000,000000155029,INFERRED,history0,960,0.05
A7,A4,heldout,e5bd3c488188e13caaacad21a1367cefb446f61ae64e4f0e925dd74a763a1c84,-1,1138,777,000054,98,+0.108215000,000000108215,INFERRED,history1,960,0.05
A7,A4,heldout,c1bbbb7f318c63fb7fd810608e2115f29fb2f75ab2b2b25205b44f0595e07289,0,1090,688,44,81,+0.123352000,000000123352,OBSERVED,full,960,0.05
A7,A4,heldout,73021c4609c1a9b18bf1041cccc73753996a5dd1f4acd3bf868bbd7534d9aabc,0,1738,24,72,49,+0.139404000,000000139404,OBSERVED,full,960,0.05
A7,A4,heldout,73021c4609c1a9b18bf1041cccc73753996a5dd1f4acd3bf868bbd7534d9aabc,-1,1667,22,74,45,+0.092041000,000000092041,INFERRED,history0,960,0.05
A7,A4,heldout,bfb8daf6db573ff44b5c3befaef6d864c7a3f20cfd0bfcc3a86d25a989bc1b23,0,1379,48,56,96,+0.177246000,000000177246,OBSERVED,full,960,0.05
A7,A4,heldout,50a956f66e3d77ba40d4096aa41030205549046c85b899501108a63e46887815,0,1904,39,32,78,+0.105225000,000000105225,OBSERVED,full,960,0.05
A7,A4,heldout,50a956f66e3d77ba40d4096aa41030205549046c85b899501108a63e46887815,-1,44,626,51,78,+0.116333000,000000116333,INFERRED,history0,960,0.05
A7,A4,heldout,c370975d7d0f627c1ab13558de2af021cc0068eb9b5d673af94a52c88e51b6e9,-1,837,488,66,116,+0.054596000,000000054596,INFERRED,history0,960,0.05
A7,A4,heldout,b716e12e42a764637e3398a5d33153cd8133d4532da6039e2fa5adf783802d04,0,1128,551,64,123,+0.142212000,000000142212,OBSERVED,full,960,0.05
A7,A4,heldout,0fe4c8ddae336a282ae19bce206c65ec4a54eed69b2eb6303488544000d2c7a7,-1,1242,591,60,115,+0.131226000,000000131226,INFERRED,history0,960,0.05
A7,A4,heldout,77f595ac7e96900a97da47e604df99289bf09e03a00255daba70a3138a307f1a,-1,1438,294,58,108,+0.053192000,000000053192,INFERRED,history0,960,0.05
A7,A4,heldout,918f12e96516f2d52f3a4b88f0ab8846a71ca4e7e3deec9fa422a0d888934753,-1,1910,385,20,81,+0.050903000,000000050903,INFERRED,history0,960,0.05
A7,A4,heldout,4aa64724a263ec9b72c8b0dd853da47466633fa55c1c9695305bd39c59a52bb9,0,1362,1064,72,32,+0.084167000,000000084167,OBSERVED,full,960,0.05
A7,A4,heldout,4aa64724a263ec9b72c8b0dd853da47466633fa55c1c9695305bd39c59a52bb9,-1,1362,1064,72,32,+0.122131000,000000122131,INFERRED,history0,960,0.05
A7,A4,heldout,4aa64724a263ec9b72c8b0dd853da47466633fa55c1c9695305bd39c59a52bb9,-1,1362,1064,72,32,+0.107788000,000000107788,INFERRED,history1,960,0.05
A7,A4,heldout,58794fe201bb50a0f931bcbd47e033cb612421d00b348c2ce8f6b237a6ea7e04,-1,37,1052,68,55,+0.063477000,000000063477,INFERRED,history0,960,0.05
A7,A4,heldout,c33c8426f8484bdf91022a77abbefe2c417c203dbd1392622325f0ae6a28e314,0,1007,807,67,125,+0.126343000,000000126343,OBSERVED,full,960,0.05
A7,A4,heldout,c33c8426f8484bdf91022a77abbefe2c417c203dbd1392622325f0ae6a28e314,-1,991,804,71,126,+0.112000000,000000112000,INFERRED,history0,960,0.05
A7,A4,heldout,c70d5872450ef2c5c0764af612c95cd2e26e24eebb41461ca33aeb8ea6676081,0,616,853,50,98,+0.168823000,000000168823,OBSERVED,full,960,0.05
A7,A4,heldout,c70d5872450ef2c5c0764af612c95cd2e26e24eebb41461ca33aeb8ea6676081,-1,616,853,50,98,+0.172119000,000000172119,INFERRED,history0,960,0.05
A7,A4,heldout,c70d5872450ef2c5c0764af612c95cd2e26e24eebb41461ca33aeb8ea6676081,-1,616,853,50,98,+0.171021000,000000171021,INFERRED,history1,960,0.05
A7,A4,heldout,8eddb6561311dd70236d0de46f2cf5064ca795cc1c9d859b5e689f4014bda93e,-1,1232,556,50,99,+0.058563000,000000058563,INFERRED,history0,960,0.05
A7,A4,heldout,08037ac3f45254131d1151faa079a5588d3837fca39b1ef18eba470f3ae48096,0,1142,577,56,108,+0.210815000,000000210815,OBSERVED,full,960,0.05
A7,A4,heldout,08037ac3f45254131d1151faa079a5588d3837fca39b1ef18eba470f3ae48096,-1,1142,576,56,106,+0.181885000,000000181885,INFERRED,history0,960,0.05
A7,A4,heldout,08037ac3f45254131d1151faa079a5588d3837fca39b1ef18eba470f3ae48096,-1,1141,574,000054,107,+0.235840000,000000235840,INFERRED,history1,960,0.05
A7,A4,heldout,87e899b0a0313af2eb471f4026a341d4744a1f3fc564c98e84f94cd8ff50b8e7,-1,1876,196,64,132,+0.106689000,000000106689,INFERRED,history0,960,0.05
A7,A4,heldout,87e899b0a0313af2eb471f4026a341d4744a1f3fc564c98e84f94cd8ff50b8e7,-1,746,148,48,88,+0.063721000,000000063721,INFERRED,history1,960,0.05
A7,A4,heldout,97d09f6e918233c8dfa0abf95226ce4b0e9b5b0232b5b0bbf2a926daf9a029c7,0,1168,542,50,95,+0.053406000,000000053406,OBSERVED,full,960,0.05
A7,A4,heldout,f43576229b16a9afa1ea528acb9a901aaea8efe61896e7b32469216a829f09e4,0,201,49,58,98,+0.119202000,000000119202,OBSERVED,full,960,0.05
A7,A4,heldout,f43576229b16a9afa1ea528acb9a901aaea8efe61896e7b32469216a829f09e4,-1,201,51,63,102,+0.151489000,000000151489,INFERRED,history0,960,0.05
A7,A4,heldout,f43576229b16a9afa1ea528acb9a901aaea8efe61896e7b32469216a829f09e4,-1,201,49,58,98,+0.133911000,000000133911,INFERRED,history1,960,0.05
A7,A4,heldout,5adff6aa4e48148482c44d0861b5a738f1afd8ed39f08c8e4da53ae88bdc0559,-1,604,147,58,111,+0.062103000,000000062103,INFERRED,history0,960,0.05
A7,A4,heldout,09a4d0d36e4889f9edcb88f707e82e15af5d84f8e1af5769f4346d2b5fc4fd8e,-1,281,48,68,97,+0.054413000,000000054413,INFERRED,history0,960,0.05
A7,A4,heldout,09a4d0d36e4889f9edcb88f707e82e15af5d84f8e1af5769f4346d2b5fc4fd8e,-1,1171,442,36,69,+0.075317000,000000075317,INFERRED,history1,960,0.05
A7,A4,heldout,f7d5f65f5257cf5cafa9b3fc64ddb82fae247d7f893c0d498fed2af5b08321f3,-1,37,1055,75,50,+0.060303000,000000060303,INFERRED,history0,960,0.05
A7,A4,heldout,4680eba1cd06ec91b0046cd3789bb61d43dbd9a4afffb4975e87e2a003d47e18,-1,1498,167,66,126,+0.309082000,000000309082,INFERRED,history0,960,0.05
A7,A4,heldout,4680eba1cd06ec91b0046cd3789bb61d43dbd9a4afffb4975e87e2a003d47e18,-1,1494,164,64,126,+0.189575000,000000189575,INFERRED,history1,960,0.05
A7,A4,heldout,cb10f94b2e678bf34463c8cfef1a517c4c94d5b3538a8d8c3dee7a246b0c81d5,-1,746,329,46,86,+0.078247000,000000078247,INFERRED,history0,960,0.05
A7,A4,heldout,26d7d47a599a028304d4273454bcaac90dee7e27cd1e3314a595652187d94677,0,343,321,63,125,+0.051453000,000000051453,OBSERVED,full,960,0.05
A7,A4,heldout,26d7d47a599a028304d4273454bcaac90dee7e27cd1e3314a595652187d94677,-1,429,330,49,92,+0.067810000,000000067810,INFERRED,history0,960,0.05
A7,A4,heldout,67847dd707fc61d6060b098b5e94a4633a68c84f4080ecc191d10024382517dc,-1,1626,1058,70,44,+0.070557000,000000070557,INFERRED,history0,960,0.05
A7,A4,heldout,67847dd707fc61d6060b098b5e94a4633a68c84f4080ecc191d10024382517dc,-1,1656,1056,72,48,+0.077515000,000000077515,INFERRED,history1,960,0.05
A7,A4,heldout,488ece7f5ce8fe81cc4f23534bf8331d69fa14ae44421fac50793c669a215f49,-1,1892,292,56,134,+0.098450000,000000098450,INFERRED,history0,960,0.05
A7,A4,heldout,488ece7f5ce8fe81cc4f23534bf8331d69fa14ae44421fac50793c669a215f49,-1,1129,355,42,85,+0.060516000,000000060516,INFERRED,history1,960,0.05
A7,A4,heldout,6af73144cd5b114d4b4f2112ba62c16ded577cfac981328f1cadd4d88b0660df,0,1816,1056,78,48,+0.382080000,000000382080,OBSERVED,full,960,0.05
A7,A4,heldout,6af73144cd5b114d4b4f2112ba62c16ded577cfac981328f1cadd4d88b0660df,-1,1815,1056,78,48,+0.218018000,000000218018,INFERRED,history0,960,0.05
A7,A4,heldout,6af73144cd5b114d4b4f2112ba62c16ded577cfac981328f1cadd4d88b0660df,-1,1815,1056,78,48,+0.348633000,000000348633,INFERRED,history1,960,0.05
A7,A4,heldout,d644011a1cffb42cfa23739f40c4995d43b372a93571ae52c86bd533841c4b9c,0,956,444,47,89,+0.114380000,000000114380,OBSERVED,full,960,0.05
A7,A4,heldout,d644011a1cffb42cfa23739f40c4995d43b372a93571ae52c86bd533841c4b9c,-1,958,459,44,84,+0.216675000,000000216675,INFERRED,history0,960,0.05
A7,A4,heldout,d644011a1cffb42cfa23739f40c4995d43b372a93571ae52c86bd533841c4b9c,-1,956,454,47,88,+0.072083000,000000072083,INFERRED,history1,960,0.05
A7,A4,heldout,ee7f587678ccf2dc828eb9a25ba019d4d5c8a5180ec9842e8d794b4e88374e85,0,673,614,50,100,+0.058777000,000000058777,OBSERVED,full,960,0.05
A7,A4,heldout,296bcac9920829e44e07e65abc78d00136d9c7a02ac7c408fd07f86a6ab69571,0,789,597,57,97,+0.100525000,000000100525,OBSERVED,full,960,0.05
A7,A4,heldout,20cbcbd309628c8ada7b8db72cf55148de1a4f1df202827fb50fdb9860f6beb1,0,975,1036,55,88,+0.063049000,000000063049,OBSERVED,full,960,0.05
A7,A4,heldout,20cbcbd309628c8ada7b8db72cf55148de1a4f1df202827fb50fdb9860f6beb1,-1,975,1036,55,88,+0.060974000,000000060974,INFERRED,history0,960,0.05
A7,A4,heldout,20cbcbd309628c8ada7b8db72cf55148de1a4f1df202827fb50fdb9860f6beb1,-1,976,1036,56,88,+0.063232000,000000063232,INFERRED,history1,960,0.05
A7,A4,heldout,2fa4df83ec62b00aad3b497c6e1d7656afcaa13a19aedb0f7daf3bcacfc533ae,-1,37,172,63,119,+0.056854000,000000056854,INFERRED,history0,960,0.05
A7,A4,heldout,3d11e940c721c0fa603253f4e78940a080db2b69669fa073e4590b854834301d,0,352,542,66,122,+0.556641000,000000556641,OBSERVED,full,960,0.05
A7,A4,heldout,3d11e940c721c0fa603253f4e78940a080db2b69669fa073e4590b854834301d,-1,351,541,59,117,+0.359375000,000000359375,INFERRED,history0,960,0.05
A7,A4,heldout,3d11e940c721c0fa603253f4e78940a080db2b69669fa073e4590b854834301d,-1,351,544,59,118,+0.317383000,000000317383,INFERRED,history1,960,0.05
A7,A4,heldout,0a8431fe20e09972aa2278fb7c06501abaee90d8ce1b8e76211ba80117be76ff,0,126,1017,75,126,+0.054596000,000000054596,OBSERVED,full,960,0.05
A7,A4,heldout,0a8431fe20e09972aa2278fb7c06501abaee90d8ce1b8e76211ba80117be76ff,1,371,617,68,134,+0.053802000,000000053802,OBSERVED,full,960,0.05
A7,A4,heldout,0a6565dfbcddaef56b56582099b31117fea20682cefe1c2c949467e518004210,-1,142,1063,71,34,+0.054596000,000000054596,INFERRED,history0,960,0.05
A7,A4,heldout,299468af20c51dbf3e2090310433847fecdb8dbc1138dae74f3314da344bebf7,-1,1683,179,42,83,+0.053101000,000000053101,INFERRED,history0,960,0.05
A7,A4,heldout,6df3a9076a298c3efb2f8d1743dcea54dbeb3b81bcc939addd9ea373a4950d64,-1,20,555,40,141,+0.231567000,000000231567,INFERRED,history0,960,0.05
A7,A4,heldout,6df3a9076a298c3efb2f8d1743dcea54dbeb3b81bcc939addd9ea373a4950d64,-1,1238,1063,72,34,+0.100525000,000000100525,INFERRED,history1,960,0.05
A7,A4,heldout,442d0172d04ac1e8943bee1b954bfdb4822abae9d0042570a86d02100364d12c,0,1420,668,44,86,+0.075012000,000000075012,OBSERVED,full,960,0.05
A7,A4,heldout,6e9a9606a37272072d57e2ba023017b5a1b19b113c5c2ecca9d116b759b40a8e,0,204,1064,73,32,+0.062317000,000000062317,OBSERVED,full,960,0.05
A7,A4,heldout,bdd7a34c674c502ba824b19561ff5b2397f1e1acae43c4a777338829e96ce8be,-1,1308,29,80,58,+0.102295000,000000102295,INFERRED,history0,960,0.05
A7,A4,heldout,bdd7a34c674c502ba824b19561ff5b2397f1e1acae43c4a777338829e96ce8be,-1,203,270,38,73,+0.107788000,000000107788,INFERRED,history1,960,0.05
A7,A4,heldout,f8df04ea06fa81ed43ef7cb9921b715e956561135c2c08d3e6e94e3dd8aaaa40,-1,1020,705,63,112,+0.228882000,000000228882,INFERRED,history0,960,0.05
A7,A4,heldout,f8df04ea06fa81ed43ef7cb9921b715e956561135c2c08d3e6e94e3dd8aaaa40,-1,836,35,86,71,+0.240112000,000000240112,INFERRED,history1,960,0.05
A7,A4,heldout,aa7a1eaec87df65e2b7d64bfecc024f9de427b8753f82f758e89b8a49e91c3a1,0,1216,880,32,62,+0.067810000,000000067810,OBSERVED,full,960,0.05
A7,A4,heldout,aa7a1eaec87df65e2b7d64bfecc024f9de427b8753f82f758e89b8a49e91c3a1,-1,1216,880,32,62,+0.054810000,000000054810,INFERRED,history0,960,0.05
A7,A4,heldout,aa7a1eaec87df65e2b7d64bfecc024f9de427b8753f82f758e89b8a49e91c3a1,-1,1216,880,32,62,+0.065369000,000000065369,INFERRED,history1,960,0.05
A7,A4,heldout,8c364576216e062ae80d7dc44545f90fb9c96f55698c6ba3bdd9b5843e975ed1,0,168,1054,59,52,+0.298340000,000000298340,OBSERVED,full,960,0.05
A7,A4,heldout,8c364576216e062ae80d7dc44545f90fb9c96f55698c6ba3bdd9b5843e975ed1,-1,168,1054,60,52,+0.130249000,000000130249,INFERRED,history0,960,0.05
A7,A4,heldout,8c364576216e062ae80d7dc44545f90fb9c96f55698c6ba3bdd9b5843e975ed1,-1,167,1054,59,52,+0.178955000,000000178955,INFERRED,history1,960,0.05
A7,A4,heldout,263140f3bad0766eea3bd19f135b64591ae55a35c9172a97507e475fd3b50ce8,0,893,282,70,131,+0.054596000,000000054596,OBSERVED,full,960,0.05
A7,A4,heldout,2bbe984f4a74b18664c665c3420d3ce26fbf10d4597350334bca69f149859531,-1,1524,944,44,88,+0.143677000,000000143677,INFERRED,history0,960,0.05
A7,A4,heldout,dbfe4e1eba57759ee12eb943f83ae31ebbb6bdcf8fa04c34096469c5518264e1,-1,201,1064,61,32,+0.107056000,000000107056,INFERRED,history0,960,0.05
A7,A4,heldout,ed5e6a35bf81817508284dc95ee8cf3daa1b7c2f5f0e82f5d3c62bf21594a6ac,-1,1375,1038,84,84,+0.054199000,000000054199,INFERRED,history0,960,0.05
A7,A4,heldout,523405dbdd66ee53b37a0210e167a3e19b672e95eff4f6dbd855aaa2bb847971,-1,283,127,45,91,+0.071594000,000000071594,INFERRED,history0,960,0.05
A7,A4,heldout,def4b74088e9c27f98617d6a2ef784f1e5ed6e00196e0e3117a1c21675f4d624,-1,1527,892,50,94,+0.083313000,000000083313,INFERRED,history0,960,0.05
A7,A4,heldout,def4b74088e9c27f98617d6a2ef784f1e5ed6e00196e0e3117a1c21675f4d624,-1,1585,88,44,87,+0.077209000,000000077209,INFERRED,history1,960,0.05
A7,A4,heldout,7d9d521aeec69ee8646f8e3bedba0ec5751fe26aaa5055de9e9adb5f84458b87,0,1904,47,32,95,+0.156616000,000000156616,OBSERVED,full,960,0.05
A7,A4,heldout,7d9d521aeec69ee8646f8e3bedba0ec5751fe26aaa5055de9e9adb5f84458b87,-1,1904,50,32,100,+0.050140000,000000050140,INFERRED,history0,960,0.05
A7,A4,heldout,7d9d521aeec69ee8646f8e3bedba0ec5751fe26aaa5055de9e9adb5f84458b87,-1,1904,49,32,98,+0.084778000,000000084778,INFERRED,history1,960,0.05
A7,A4,heldout,78c1ebe2dc5f1a72164bec33fc0c97dacceff477384d2e7f4d37c1ded520d147,0,1597,940,70,126,+0.074524000,000000074524,OBSERVED,full,960,0.05
A7,A4,heldout,02a8ebb076270a5e8156d01dd9351034a2358f6c799902ea671c86bf3bf6d635,0,1640,834,64,126,+0.059875000,000000059875,OBSERVED,full,960,0.05
A7,A4,heldout,02a8ebb076270a5e8156d01dd9351034a2358f6c799902ea671c86bf3bf6d635,-1,1640,833,64,124,+0.052612000,000000052612,INFERRED,history0,960,0.05
A7,A4,heldout,bc77f4a2b217155434b683cc98bb534490a213d5e4bf7100586f7c778b41f540,-1,36,1033,71,94,+0.091370000,000000091370,INFERRED,history0,960,0.05
A7,A4,heldout,42118b6a72a0f59ea5950ec9fe1f7f6a3c2303d1fbd0537d6fb9971f18ab9f21,0,37,1046,70,68,+0.130249000,000000130249,OBSERVED,full,960,0.05
A7,A4,heldout,42118b6a72a0f59ea5950ec9fe1f7f6a3c2303d1fbd0537d6fb9971f18ab9f21,1,27,1008,55,144,+0.059662000,000000059662,OBSERVED,full,960,0.05
A7,A4,heldout,42118b6a72a0f59ea5950ec9fe1f7f6a3c2303d1fbd0537d6fb9971f18ab9f21,-1,35,1047,67,65,+0.106689000,000000106689,INFERRED,history0,960,0.05
A7,A4,heldout,42118b6a72a0f59ea5950ec9fe1f7f6a3c2303d1fbd0537d6fb9971f18ab9f21,-1,30,1047,59,65,+0.054413000,000000054413,INFERRED,history1,960,0.05
A7,A4,heldout,80333f68bec088849971145aa5f219526452796ecfa0a0b1645cd2b9b98da751,0,1102,1041,72,77,+0.228149000,000000228149,OBSERVED,full,960,0.05
A7,A4,heldout,80333f68bec088849971145aa5f219526452796ecfa0a0b1645cd2b9b98da751,1,1116,1051,72,58,+0.053986000,000000053986,OBSERVED,full,960,0.05
A7,A4,heldout,853663d3fa8888ad62cabce66974845f85c0126be6b8093dffec5a5cde1b428e,0,888,45,63,91,+0.053802000,000000053802,OBSERVED,full,960,0.05
A7,A4,heldout,622ac07d4c362f2f56b0dc4b5df6f3c0cbadb42c88b5ddd70a34b5933536db7e,-1,1356,251,000054,117,+0.055206000,000000055206,INFERRED,history0,960,0.05
A7,A4,heldout,622ac07d4c362f2f56b0dc4b5df6f3c0cbadb42c88b5ddd70a34b5933536db7e,-1,1517,28,92,57,+0.054810000,000000054810,INFERRED,history1,960,0.05
A7,A4,heldout,60d18369e4cee2ae17b2abdd505f625991db5e8fea017932593b1cab3f812b0f,0,1708,225,56,109,+0.148560000,000000148560,OBSERVED,full,960,0.05
A7,A4,heldout,60d18369e4cee2ae17b2abdd505f625991db5e8fea017932593b1cab3f812b0f,1,1688,212,58,109,+0.098755000,000000098755,OBSERVED,full,960,0.05
A7,A4,heldout,60d18369e4cee2ae17b2abdd505f625991db5e8fea017932593b1cab3f812b0f,-1,1707,225,56,111,+0.149536000,000000149536,INFERRED,history0,960,0.05
A7,A4,heldout,60d18369e4cee2ae17b2abdd505f625991db5e8fea017932593b1cab3f812b0f,-1,1708,225,56,111,+0.142700000,000000142700,INFERRED,history1,960,0.05
A7,A4,heldout,4391d4db24bc5d6405403dadfe69125f35ba14b76a1584133a2c522d86928e01,0,1518,1066,52,28,+0.089783000,000000089783,OBSERVED,full,960,0.05
A7,A4,heldout,4391d4db24bc5d6405403dadfe69125f35ba14b76a1584133a2c522d86928e01,-1,1515,1066,000054,28,+0.077515000,000000077515,INFERRED,history0,960,0.05
A7,A4,heldout,4391d4db24bc5d6405403dadfe69125f35ba14b76a1584133a2c522d86928e01,-1,1516,1066,000054,28,+0.079773000,000000079773,INFERRED,history1,960,0.05
A7,A4,heldout,61439814103c2de8a61ef17022ac429cac8d8abf1c23069c0ffdbbab1f88398b,0,1438,1061,64,38,+0.063721000,000000063721,OBSERVED,full,960,0.05
A7,A4,heldout,61439814103c2de8a61ef17022ac429cac8d8abf1c23069c0ffdbbab1f88398b,-1,1442,1059,68,42,+0.057709000,000000057709,INFERRED,history0,960,0.05
A7,A4,heldout,61439814103c2de8a61ef17022ac429cac8d8abf1c23069c0ffdbbab1f88398b,-1,1438,1061,68,38,+0.112000000,000000112000,INFERRED,history1,960,0.05
A7,A4,heldout,01624a78bbc487d9602526cfe4540a4fe96c753bc7e126774fc5c604335e2917,-1,1338,641,52,99,+0.063477000,000000063477,INFERRED,history0,960,0.05
A7,A4,heldout,37bec05d324a20b5dbde969991f97f107abbfe1716d257d72e1c10f115f5b1a0,-1,1892,317,56,126,+0.136108000,000000136108,INFERRED,history0,960,0.05
A7,A4,heldout,6fed7dc9b40b039c561610c7427be477b3bc1311793462e80035b11386c30eb1,-1,1344,1055,76,50,+0.080383000,000000080383,INFERRED,history0,960,0.05
A7,A4,heldout,bf815b63838042db36835710188387ec5ee3354a39e5eb8a7cb4ce384172769a,0,1768,354,56,110,+0.051666000,000000051666,OBSERVED,full,960,0.05
A7,A4,heldout,d071617e6ff7d7120790d82a82b255c8a649f88a0bbc46d50e2d9a5498ae3032,0,1017,706,51,95,+0.094360000,000000094360,OBSERVED,full,960,0.05
A7,A4,heldout,d071617e6ff7d7120790d82a82b255c8a649f88a0bbc46d50e2d9a5498ae3032,-1,1017,706,51,96,+0.090088000,000000090088,INFERRED,history0,960,0.05
A7,A4,heldout,9b505d1a36458beb200cdf80b58417e1dbed1044248aad1aa9a5bb1afa8012a6,0,1211,833,38,72,+0.085693000,000000085693,OBSERVED,full,960,0.05
A7,A4,heldout,9b505d1a36458beb200cdf80b58417e1dbed1044248aad1aa9a5bb1afa8012a6,1,1374,1066,48,28,+0.050323000,000000050323,OBSERVED,full,960,0.05
A7,A4,heldout,dc30f641fd411f5eae982edb6032c3c5d34a421e8174341e4f16b62bb2b7dfb6,-1,1550,412,60,115,+0.061890000,000000061890,INFERRED,history0,960,0.05
A7,A4,heldout,e89b2b5cefc1ed21c6002f5f6018a90435fc8b6314b2b510344b572209197557,-1,22,150,45,157,+0.356689000,000000356689,INFERRED,history0,960,0.05
A7,A4,heldout,ff4169c59f81bb3188d80864ba7eb8993ca011c8beb08d32de06952776be41f3,0,1358,607,56,110,+0.062561000,000000062561,OBSERVED,full,960,0.05
A7,A4,heldout,ff4169c59f81bb3188d80864ba7eb8993ca011c8beb08d32de06952776be41f3,-1,1350,607,56,111,+0.073975000,000000073975,INFERRED,history0,960,0.05
A7,A4,heldout,313bff52e59385f621946dc5a1184395813ac6d11ff8969370b15855d18d01e6,0,1177,34,74,69,+0.387695000,000000387695,OBSERVED,full,960,0.05
A7,A4,heldout,313bff52e59385f621946dc5a1184395813ac6d11ff8969370b15855d18d01e6,1,1191,38,78,76,+0.131226000,000000131226,OBSERVED,full,960,0.05
A7,A4,heldout,313bff52e59385f621946dc5a1184395813ac6d11ff8969370b15855d18d01e6,-1,1170,42,64,85,+0.247314000,000000247314,INFERRED,history0,960,0.05
A7,A4,heldout,313bff52e59385f621946dc5a1184395813ac6d11ff8969370b15855d18d01e6,-1,1170,35,64,70,+0.325928000,000000325928,INFERRED,history1,960,0.05
A7,A4,heldout,8a6623a9c489ab14262071544b7b4338e78a48b11e342a414e56856bc0b286fb,0,252,42,81,84,+0.537109000,000000537109,OBSERVED,full,960,0.05
A7,A4,heldout,8a6623a9c489ab14262071544b7b4338e78a48b11e342a414e56856bc0b286fb,-1,257,41,78,82,+0.388672000,000000388672,INFERRED,history0,960,0.05
A7,A4,heldout,8a6623a9c489ab14262071544b7b4338e78a48b11e342a414e56856bc0b286fb,-1,254,41,80,83,+0.458008000,000000458008,INFERRED,history1,960,0.05
A7,A4,heldout,33525f98eccfbcfe08bd471bb58e98acfa141df0fbaecbf1f08e08d1e88dcd18,0,40,38,76,77,+0.500977000,000000500977,OBSERVED,full,960,0.05
A7,A4,heldout,33525f98eccfbcfe08bd471bb58e98acfa141df0fbaecbf1f08e08d1e88dcd18,-1,40,38,76,77,+0.524414000,000000524414,INFERRED,history0,960,0.05
A7,A4,heldout,33525f98eccfbcfe08bd471bb58e98acfa141df0fbaecbf1f08e08d1e88dcd18,-1,40,39,76,78,+0.526367000,000000526367,INFERRED,history1,960,0.05
A7,A4,heldout,69c25565cb86617fd3fc5bbee55c509bfebc1aefa2d7e8da8e4d6e4092ab074c,0,654,976,39,78,+0.218018000,000000218018,OBSERVED,full,960,0.05
A7,A4,heldout,69c25565cb86617fd3fc5bbee55c509bfebc1aefa2d7e8da8e4d6e4092ab074c,-1,655,976,40,81,+0.173340000,000000173340,INFERRED,history0,960,0.05
A7,A4,heldout,69c25565cb86617fd3fc5bbee55c509bfebc1aefa2d7e8da8e4d6e4092ab074c,-1,655,976,40,80,+0.154541000,000000154541,INFERRED,history1,960,0.05
A7,A4,heldout,9aabc8a8d7212b10b99a333c094a5f50f1d148334c3c3b3d796094b0753e5209,0,659,980,27,52,+0.106323000,000000106323,OBSERVED,full,960,0.05
A7,A4,heldout,9aabc8a8d7212b10b99a333c094a5f50f1d148334c3c3b3d796094b0753e5209,-1,450,1066,50,28,+0.093994000,000000093994,INFERRED,history0,960,0.05
A7,A4,heldout,060e54341df9b6ddc705b8cb5d961bcec09c739c266d965a8e793b02c8c3f32a,-1,295,1061,71,38,+0.052032000,000000052032,INFERRED,history0,960,0.05
A7,A4,heldout,9a153a7bf4f008f6d7b7fe03da871967136c214e2188643102594de81ab44c06,0,996,43,87,86,+0.189575000,000000189575,OBSERVED,full,960,0.05
A7,A4,heldout,9a153a7bf4f008f6d7b7fe03da871967136c214e2188643102594de81ab44c06,-1,992,42,88,85,+0.293457000,000000293457,INFERRED,history0,960,0.05
A7,A4,heldout,9a153a7bf4f008f6d7b7fe03da871967136c214e2188643102594de81ab44c06,-1,993,42,88,84,+0.241455000,000000241455,INFERRED,history1,960,0.05
A7,A4,heldout,65d33cab1581e220b4ffba9fb8dfb2d5b2a92ee1f7200f312699b7dd03981bdf,0,918,59,76,118,+0.075867000,000000075867,OBSERVED,full,960,0.05
A7,A4,heldout,65d33cab1581e220b4ffba9fb8dfb2d5b2a92ee1f7200f312699b7dd03981bdf,1,1337,37,82,75,+0.066101000,000000066101,OBSERVED,full,960,0.05
A7,A4,heldout,a21fcdda97690a97db67b4380e92125839f612904e3be2036d55844b8be9414c,0,785,973,38,72,+0.060760000,000000060760,OBSERVED,full,960,0.05
A7,A4,heldout,b6478b24d22284a33fa2e084ca4b2b92ad795abd7a32e6475f3295368112799f,-1,1696,1058,72,44,+0.107056000,000000107056,INFERRED,history0,960,0.05
A7,A4,heldout,b6478b24d22284a33fa2e084ca4b2b92ad795abd7a32e6475f3295368112799f,-1,37,1052,74,56,+0.111267000,000000111267,INFERRED,history1,960,0.05
A7,A4,heldout,625771c208470357d3748afb303e493f20fd776dc622a1872d85b5ca09af653e,0,1462,865,66,124,+0.077515000,000000077515,OBSERVED,full,960,0.05
A7,A4,heldout,625771c208470357d3748afb303e493f20fd776dc622a1872d85b5ca09af653e,-1,1464,867,68,127,+0.145630000,000000145630,INFERRED,history0,960,0.05
A7,A4,heldout,d13c6dc3777b23232d2fc1109060ae21e20fb376be523825218a502044b1fb3c,0,781,979,26,48,+0.050720000,000000050720,OBSERVED,full,960,0.05
A7,A4,heldout,d13c6dc3777b23232d2fc1109060ae21e20fb376be523825218a502044b1fb3c,-1,783,978,28,52,+0.100525000,000000100525,INFERRED,history0,960,0.05
A7,A4,heldout,ea2300654a31a0e8a65fc808aada10f371e953bc3ca8638b24925a48b8c699bc,-1,39,1056,77,48,+0.104858000,000000104858,INFERRED,history0,960,0.05
A7,A4,heldout,0bd4386adf802886b9b44360e518cb26ccaba0a6ad0250f497075e4e2f0acbb7,-1,1774,22,80,44,+0.080627000,000000080627,INFERRED,history0,960,0.05
A7,A4,heldout,852f5100c7bff45fc549f9b7b7ef704126836a41fea90c7eac72d44426e49264,0,781,978,26,52,+0.309814000,000000309814,OBSERVED,full,960,0.05
A7,A4,heldout,852f5100c7bff45fc549f9b7b7ef704126836a41fea90c7eac72d44426e49264,-1,781,977,26,51,+0.276611000,000000276611,INFERRED,history0,960,0.05
A7,A4,heldout,852f5100c7bff45fc549f9b7b7ef704126836a41fea90c7eac72d44426e49264,-1,781,978,26,52,+0.328613000,000000328613,INFERRED,history1,960,0.05
A7,A4,heldout,2efda39878646c2e8253f9676d7dd9abf4a7417459ff4bfffbc3dfcb490d21b1,0,1565,1051,84,58,+0.158691000,000000158691,OBSERVED,full,960,0.05
A7,A4,heldout,2efda39878646c2e8253f9676d7dd9abf4a7417459ff4bfffbc3dfcb490d21b1,1,1582,1052,76,56,+0.063232000,000000063232,OBSERVED,full,960,0.05
A7,A4,heldout,2efda39878646c2e8253f9676d7dd9abf4a7417459ff4bfffbc3dfcb490d21b1,2,1552,1049,80,62,+0.050903000,000000050903,OBSERVED,full,960,0.05
A7,A4,heldout,f1bbb0bdf8333f1191382b2de3b5f51e679b10f813345d5700fa76aab52fa52c,0,1746,1054,76,52,+0.221313000,000000221313,OBSERVED,full,960,0.05
A7,A4,heldout,f1bbb0bdf8333f1191382b2de3b5f51e679b10f813345d5700fa76aab52fa52c,1,1758,1052,80,56,+0.087891000,000000087891,OBSERVED,full,960,0.05
A7,A4,heldout,f1bbb0bdf8333f1191382b2de3b5f51e679b10f813345d5700fa76aab52fa52c,-1,1746,1054,76,52,+0.221313000,000000221313,INFERRED,history0,960,0.05
A7,A4,heldout,f1bbb0bdf8333f1191382b2de3b5f51e679b10f813345d5700fa76aab52fa52c,-1,1746,1054,76,52,+0.221313000,000000221313,INFERRED,history1,960,0.05
A7,A4,heldout,7e5fb041828c9737db695ac6021581b8420527c0be1e0d9ada86a5635a7f53f7,-1,772,976,35,64,+0.185913000,000000185913,INFERRED,history0,960,0.05
A7,A4,heldout,dec72afbbafe76fbbc0b94920387810768a7086b109ca0a4e09efd2c27842de8,-1,55,934,62,120,+0.070068000,000000070068,INFERRED,history0,960,0.05
A7,A4,heldout,dec72afbbafe76fbbc0b94920387810768a7086b109ca0a4e09efd2c27842de8,-1,1904,578,32,93,+0.103760000,000000103760,INFERRED,history1,960,0.05
A7,A4,heldout,7f5565ff893c451ea2f13bc412b7dd85c7098b67626f4d6817ca098cf6477b04,0,216,1059,60,42,+0.471680000,000000471680,OBSERVED,full,960,0.05
A7,A4,heldout,7f5565ff893c451ea2f13bc412b7dd85c7098b67626f4d6817ca098cf6477b04,1,205,1060,64,40,+0.458008000,000000458008,OBSERVED,full,960,0.05
A7,A4,heldout,7f5565ff893c451ea2f13bc412b7dd85c7098b67626f4d6817ca098cf6477b04,2,190,1060,71,40,+0.241455000,000000241455,OBSERVED,full,960,0.05
A7,A4,heldout,7f5565ff893c451ea2f13bc412b7dd85c7098b67626f4d6817ca098cf6477b04,3,179,1062,78,36,+0.104492000,000000104492,OBSERVED,full,960,0.05
A7,A4,heldout,7f5565ff893c451ea2f13bc412b7dd85c7098b67626f4d6817ca098cf6477b04,4,251,1057,57,46,+0.088806000,000000088806,OBSERVED,full,960,0.05
A7,A4,heldout,7f5565ff893c451ea2f13bc412b7dd85c7098b67626f4d6817ca098cf6477b04,-1,217,1058,59,44,+0.437744000,000000437744,INFERRED,history0,960,0.05
A7,A4,heldout,7f5565ff893c451ea2f13bc412b7dd85c7098b67626f4d6817ca098cf6477b04,-1,217,1059,60,42,+0.435791000,000000435791,INFERRED,history1,960,0.05
A7,A4,heldout,b264cffd139ad025805e92c60eefcbbd45708fe59a50f29f40f4da32b464b8b7,0,1037,1039,62,81,+0.210083000,000000210083,OBSERVED,full,960,0.05
A7,A4,heldout,b264cffd139ad025805e92c60eefcbbd45708fe59a50f29f40f4da32b464b8b7,1,1038,1042,42,76,+0.051361000,000000051361,OBSERVED,full,960,0.05
A7,A4,heldout,b264cffd139ad025805e92c60eefcbbd45708fe59a50f29f40f4da32b464b8b7,-1,1040,1039,62,81,+0.385010000,000000385010,INFERRED,history0,960,0.05
A7,A4,heldout,b264cffd139ad025805e92c60eefcbbd45708fe59a50f29f40f4da32b464b8b7,-1,1040,1038,60,84,+0.150513000,000000150513,INFERRED,history1,960,0.05
A7,A4,heldout,9df5e693833bdfac95d917b4ed440d5999ecaf8091a3819ad3b741737a6390d9,-1,1338,1064,68,32,+0.052429000,000000052429,INFERRED,history0,960,0.05
A7,A4,heldout,1ef290866cdef99eac79963839aae1037aedcca489dfd0eb48cf2e68e655d97f,0,109,666,39,75,+0.178955000,000000178955,OBSERVED,full,960,0.05
A7,A4,heldout,1ef290866cdef99eac79963839aae1037aedcca489dfd0eb48cf2e68e655d97f,1,8,672,16,120,+0.087585000,000000087585,OBSERVED,full,960,0.05
A7,A4,heldout,1ef290866cdef99eac79963839aae1037aedcca489dfd0eb48cf2e68e655d97f,-1,110,668,39,76,+0.188965000,000000188965,INFERRED,history0,960,0.05
A7,A4,heldout,1ef290866cdef99eac79963839aae1037aedcca489dfd0eb48cf2e68e655d97f,-1,110,667,39,76,+0.196777000,000000196777,INFERRED,history1,960,0.05
A7,A4,heldout,b0dfa7dc180e0279af1722e6d8da32ae910dc2c1a1af97d723c957dc70140869,0,32,832,65,124,+0.076416000,000000076416,OBSERVED,full,960,0.05
A7,A4,heldout,b0dfa7dc180e0279af1722e6d8da32ae910dc2c1a1af97d723c957dc70140869,1,22,830,44,126,+0.062317000,000000062317,OBSERVED,full,960,0.05
A7,A4,heldout,b0dfa7dc180e0279af1722e6d8da32ae910dc2c1a1af97d723c957dc70140869,-1,25,830,51,132,+0.066589000,000000066589,INFERRED,history0,960,0.05
A7,A4,heldout,b0dfa7dc180e0279af1722e6d8da32ae910dc2c1a1af97d723c957dc70140869,-1,26,837,52,134,+0.082092000,000000082092,INFERRED,history1,960,0.05
A7,A4,heldout,e2758462fda61984e7b653289770e70d3566a2aab44059917dba0e811c0c2ea8,0,152,651,58,113,+0.211426000,000000211426,OBSERVED,full,960,0.05
A7,A4,heldout,e2758462fda61984e7b653289770e70d3566a2aab44059917dba0e811c0c2ea8,-1,153,655,60,118,+0.078064000,000000078064,INFERRED,history0,960,0.05
A7,A4,heldout,e2758462fda61984e7b653289770e70d3566a2aab44059917dba0e811c0c2ea8,-1,152,653,60,116,+0.165649000,000000165649,INFERRED,history1,960,0.05
A7,A4,heldout,1574171a0438267ad6899c56745773b4dc6b78e79bc455a83bfb15774fc9f7d9,0,1618,211,52,102,+0.145142000,000000145142,OBSERVED,full,960,0.05
A7,A4,heldout,1574171a0438267ad6899c56745773b4dc6b78e79bc455a83bfb15774fc9f7d9,-1,1615,206,52,111,+0.174438000,000000174438,INFERRED,history0,960,0.05
A7,A4,heldout,1574171a0438267ad6899c56745773b4dc6b78e79bc455a83bfb15774fc9f7d9,-1,1616,211,48,100,+0.096375000,000000096375,INFERRED,history1,960,0.05
A7,A4,heldout,a1d483474a18dd31d5f984b5f1087ea40b411cf29e97b5d9a57326ed48280927,0,1288,701,56,112,+0.076965000,000000076965,OBSERVED,full,960,0.05
A7,A4,heldout,a1d483474a18dd31d5f984b5f1087ea40b411cf29e97b5d9a57326ed48280927,-1,1288,697,58,112,+0.066345000,000000066345,INFERRED,history0,960,0.05
A7,A4,heldout,0fcb847654626ca47b1cea6a7c42470ec4bdb91e299b01c2b0bb442e1e315b72,-1,88,786,71,131,+0.097717000,000000097717,INFERRED,history0,960,0.05
A7,A4,heldout,0fcb847654626ca47b1cea6a7c42470ec4bdb91e299b01c2b0bb442e1e315b72,-1,99,800,64,134,+0.061188000,000000061188,INFERRED,history1,960,0.05
A7,A4,heldout,1bf643c2eec3b066c6c9ef5bf4972ec773b2be2c1c1bb4dc728159a46d1efac5,0,1190,735,40,70,+0.182983000,000000182983,OBSERVED,full,960,0.05
A7,A4,heldout,1bf643c2eec3b066c6c9ef5bf4972ec773b2be2c1c1bb4dc728159a46d1efac5,-1,1192,736,38,70,+0.166626000,000000166626,INFERRED,history0,960,0.05
A7,A4,heldout,1bf643c2eec3b066c6c9ef5bf4972ec773b2be2c1c1bb4dc728159a46d1efac5,-1,1190,734,36,70,+0.202393000,000000202393,INFERRED,history1,960,0.05
A7,A4,heldout,054db0ba29fc8e4ded1791cd9cf25f22812f33c60f74080c78cf35f4f69e10f8,0,321,476,68,128,+0.218018000,000000218018,OBSERVED,full,960,0.05
A7,A4,heldout,054db0ba29fc8e4ded1791cd9cf25f22812f33c60f74080c78cf35f4f69e10f8,-1,326,482,64,121,+0.256104000,000000256104,INFERRED,history0,960,0.05
A7,A4,heldout,054db0ba29fc8e4ded1791cd9cf25f22812f33c60f74080c78cf35f4f69e10f8,-1,325,477,66,124,+0.282227000,000000282227,INFERRED,history1,960,0.05
A7,A4,heldout,5dfbffaacae647643991cae5464059616876c343b6bf5b5b13b91ca12b29f7c0,-1,573,746,52,100,+0.124634000,000000124634,INFERRED,history0,960,0.05
A7,A4,heldout,5dfbffaacae647643991cae5464059616876c343b6bf5b5b13b91ca12b29f7c0,-1,575,745,52,102,+0.256836000,000000256836,INFERRED,history1,960,0.05
A7,A4,heldout,98c7fd78a17a81f7c63ce09f22d3daaa888a6bd1fe84fee11323ef268fe8d1c2,0,1182,208,52,99,+0.410156000,000000410156,OBSERVED,full,960,0.05
A7,A4,heldout,98c7fd78a17a81f7c63ce09f22d3daaa888a6bd1fe84fee11323ef268fe8d1c2,-1,1182,209,52,98,+0.456055000,000000456055,INFERRED,history0,960,0.05
A7,A4,heldout,98c7fd78a17a81f7c63ce09f22d3daaa888a6bd1fe84fee11323ef268fe8d1c2,-1,1182,208,52,99,+0.353027000,000000353027,INFERRED,history1,960,0.05
A7,A4,heldout,55e1a59bf974c9b4f1da41425346100aebb5b3da7d9296a5bf6847686aadd7cb,0,451,1048,57,63,+0.308105000,000000308105,OBSERVED,full,960,0.05
A7,A4,heldout,55e1a59bf974c9b4f1da41425346100aebb5b3da7d9296a5bf6847686aadd7cb,1,630,1063,61,34,+0.291016000,000000291016,OBSERVED,full,960,0.05
A7,A4,heldout,55e1a59bf974c9b4f1da41425346100aebb5b3da7d9296a5bf6847686aadd7cb,2,640,1064,65,32,+0.092346000,000000092346,OBSERVED,full,960,0.05
A7,A4,heldout,55e1a59bf974c9b4f1da41425346100aebb5b3da7d9296a5bf6847686aadd7cb,-1,482,1049,55,61,+0.238647000,000000238647,INFERRED,history0,960,0.05
A7,A4,heldout,fb255f6b5089f3c72bc17655b1c866e0dbd1881ece9c1d81f2089c1a53a9b97d,0,631,538,55,97,+0.407227000,000000407227,OBSERVED,full,960,0.05
A7,A4,heldout,fb255f6b5089f3c72bc17655b1c866e0dbd1881ece9c1d81f2089c1a53a9b97d,-1,598,538,52,85,+0.167236000,000000167236,INFERRED,history0,960,0.05
A7,A4,heldout,fb255f6b5089f3c72bc17655b1c866e0dbd1881ece9c1d81f2089c1a53a9b97d,-1,599,533,000054,89,+0.221313000,000000221313,INFERRED,history1,960,0.05
A7,A4,heldout,23cbbd9e412d21fe818271273fbcf19e86ffdbb20b971eeb9841d934679b159d,0,307,1066,59,28,+0.056244000,000000056244,OBSERVED,full,960,0.05
A7,A4,heldout,23cbbd9e412d21fe818271273fbcf19e86ffdbb20b971eeb9841d934679b159d,-1,278,1065,56,30,+0.105957000,000000105957,INFERRED,history0,960,0.05
A7,A4,heldout,23cbbd9e412d21fe818271273fbcf19e86ffdbb20b971eeb9841d934679b159d,-1,251,1064,57,32,+0.062561000,000000062561,INFERRED,history1,960,0.05
A7,A4,heldout,9654729789be2f7d2df4f8409e9824e820ce337d4ab537a59e3c1f97f5991012,-1,820,1059,63,42,+0.090088000,000000090088,INFERRED,history0,960,0.05
A7,A4,heldout,52b0f15257e93294edbf758def739efba9135f503d60642d5c1d43561709c628,0,1533,1048,64,64,+0.203735000,000000203735,OBSERVED,full,960,0.05
A7,A4,heldout,52b0f15257e93294edbf758def739efba9135f503d60642d5c1d43561709c628,1,612,1063,62,34,+0.110474000,000000110474,OBSERVED,full,960,0.05
A7,A4,heldout,52b0f15257e93294edbf758def739efba9135f503d60642d5c1d43561709c628,2,599,1062,66,36,+0.091370000,000000091370,OBSERVED,full,960,0.05
A7,A4,heldout,52b0f15257e93294edbf758def739efba9135f503d60642d5c1d43561709c628,3,621,1065,55,30,+0.057922000,000000057922,OBSERVED,full,960,0.05
A7,A4,heldout,52b0f15257e93294edbf758def739efba9135f503d60642d5c1d43561709c628,-1,543,1061,71,38,+0.110840000,000000110840,INFERRED,history0,960,0.05
A7,A4,heldout,4c56920ee7936022f81d89bcd40575203ed6e7854fd9e8d10c13ab7008de8a65,0,508,1051,83,58,+0.117981000,000000117981,OBSERVED,full,960,0.05
A7,A4,heldout,4c56920ee7936022f81d89bcd40575203ed6e7854fd9e8d10c13ab7008de8a65,1,491,1053,82,000054,+0.075562000,000000075562,OBSERVED,full,960,0.05
A7,A4,heldout,4c56920ee7936022f81d89bcd40575203ed6e7854fd9e8d10c13ab7008de8a65,-1,489,1053,77,000054,+0.069519000,000000069519,INFERRED,history0,960,0.05
A7,A4,heldout,4c56920ee7936022f81d89bcd40575203ed6e7854fd9e8d10c13ab7008de8a65,-1,509,1052,79,56,+0.159180000,000000159180,INFERRED,history1,960,0.05
A7,A4,heldout,c5c35b92fd2daca3da01f67c29963c4b5a659e20e626c40c1d3e8534d0dafc46,-1,1060,1052,76,56,+0.052826000,000000052826,INFERRED,history0,960,0.05
A7,A4,heldout,d31f9a0c0ce22b96036d80126d652e92eba5ed96415b998a4f30574739177851,0,424,408,67,130,+0.109314000,000000109314,OBSERVED,full,960,0.05
A7,A4,heldout,d31f9a0c0ce22b96036d80126d652e92eba5ed96415b998a4f30574739177851,1,431,383,52,88,+0.085693000,000000085693,OBSERVED,full,960,0.05
A7,A4,heldout,d31f9a0c0ce22b96036d80126d652e92eba5ed96415b998a4f30574739177851,2,420,374,51,86,+0.053192000,000000053192,OBSERVED,full,960,0.05
A7,A4,heldout,d31f9a0c0ce22b96036d80126d652e92eba5ed96415b998a4f30574739177851,-1,584,45,78,90,+0.067078000,000000067078,INFERRED,history0,960,0.05
A7,A4,heldout,17b7e5165d18e89ec8cdf10e61e1e730045270597666889957436ca209916965,-1,1546,1061,48,38,+0.156128000,000000156128,INFERRED,history0,960,0.05
