frame,team,momentum
90,green,0.2
93,green,0.2
96,green,0.2006
99,green,0.2013
102,green,0.2121
105,green,0.2238
105,white,0.1697
108,green,0.2261
108,white,0.1906
111,green,0.2296
111,white,0.1935
114,green,0.2319
114,white,0.1955
117,green,0.234
117,white,0.1962
120,green,0.2365
120,white,0.1952
123,green,0.238
123,white,0.1958
126,green,0.2386
126,white,0.1974
129,green,0.2407
129,white,0.1965
132,green,0.2416
132,white,0.1973
135,green,0.2391
135,white,0.2029
138,green,0.2379
138,white,0.2063
141,green,0.2386
141,white,0.2059
144,green,0.2394
144,white,0.2054
147,green,0.2406
147,white,0.2046
150,green,0.2404
150,white,0.2055
153,green,0.2405
153,white,0.2058
156,green,0.2388
156,white,0.2083
159,green,0.2388
159,white,0.2088
162,green,0.238
162,white,0.2102
165,green,0.2366
165,white,0.2124
168,green,0.236
168,white,0.2137
171,green,0.2361
171,white,0.2142
174,green,0.2387
174,white,0.2116
177,green,0.2397
177,white,0.211
180,green,0.243
180,white,0.2094
183,green,0.2444
183,white,0.2094
186,green,0.2461
186,white,0.2089
189,green,0.2472
189,white,0.2098
192,green,0.2474
192,white,0.2097
195,green,0.2454
195,white,0.2124
198,green,0.2458
198,white,0.2128
201,green,0.2459
201,white,0.2127
204,green,0.2459
204,white,0.2127
207,green,0.246
207,white,0.2127
210,green,0.2453
210,white,0.2136
213,green,0.2461
213,white,0.2129
216,white,0.2127
219,white,0.2131
222,white,0.213
225,white,0.2113
228,white,0.2098
231,white,0.21
234,white,0.2103
237,white,0.2109
240,white,0.2106
243,white,0.2108
246,white,0.2096
249,white,0.2096
252,white,0.209
255,white,0.2095
258,white,0.2106
261,white,0.2122
264,white,0.2163
267,white,0.2181
270,white,0.2218
273,white,0.2231
276,white,0.2249
279,white,0.2255
282,white,0.2279
285,white,0.2278
288,white,0.2288
291,white,0.2305
294,white,0.2322
297,white,0.2338
300,white,0.235
303,white,0.2373
306,white,0.2389
309,white,0.2405
312,white,0.2421
315,white,0.2436
318,white,0.2452
321,white,0.2477
324,white,0.2502
327,white,0.2527
330,white,0.2552
333,white,0.2577
336,white,0.2601
339,white,0.2626
342,white,0.2651
345,white,0.2644
348,white,0.2636
351,white,0.2628
354,white,0.262
357,white,0.262
900,white,0.261
903,green,0.2463
903,white,0.261
906,green,0.2458
906,white,0.261
909,green,0.2475
909,white,0.2594
912,green,0.2507
912,white,0.257
915,green,0.2507
915,white,0.2583
918,green,0.2509
918,white,0.2585
921,green,0.2514
921,white,0.2582
924,green,0.2531
924,white,0.2566
927,green,0.2535
927,white,0.2566
930,green,0.2541
930,white,0.2563
933,green,0.2557
933,white,0.2563
936,green,0.2565
936,white,0.2559
939,green,0.2575
939,white,0.2559
942,green,0.2572
942,white,0.2578
945,green,0.2584
945,white,0.2576
948,green,0.2588
948,white,0.2576
951,green,0.2559
951,white,0.2574
954,green,0.255
954,white,0.2565
957,green,0.2534
957,white,0.2554
960,green,0.2537
960,white,0.2541
963,green,0.2537
963,white,0.2528
966,green,0.2542
966,white,0.2514
969,green,0.2538
969,white,0.2499
972,green,0.2556
972,white,0.2476
975,white,0.2476
978,white,0.2476
981,green,0.2555
981,white,0.2476
984,green,0.2554
984,white,0.2476
987,green,0.2553
987,white,0.2477
990,green,0.2549
990,white,0.2479
993,green,0.2551
993,white,0.248
996,green,0.2548
996,white,0.2474
999,green,0.2539
999,white,0.25
1000,green,0.2538
1002,green,0.2536
1002,white,0.2498
1003,green,0.2521
1005,green,0.2518
1005,white,0.2497
1006,green,0.2516
1008,green,0.25
1008,white,0.2505
1009,green,0.248
1011,green,0.2466
1011,white,0.2521
1012,green,0.2463
1012,white,0.2537
1014,green,0.2462
1014,white,0.2539
1015,green,0.2477
1015,white,0.2542
1017,green,0.2492
1017,white,0.2542
1018,green,0.253
1018,white,0.2546
1020,green,0.2547
1020,white,0.2544
1021,green,0.2566
1021,white,0.2524
1023,green,0.2593
1023,white,0.2526
1024,green,0.2612
1024,white,0.2526
1026,green,0.2627
1026,white,0.252
1027,green,0.2643
1027,white,0.2517
1029,green,0.2658
1029,white,0.2518
1030,green,0.2675
1030,white,0.2519
1032,green,0.2675
1032,white,0.2519
1033,green,0.2666
1033,white,0.2519
1035,green,0.2665
1035,white,0.2521
1036,green,0.2666
1036,white,0.253
1038,green,0.2666
1038,white,0.2513
1039,green,0.2668
1039,white,0.2497
1041,green,0.2671
1041,white,0.2477
1042,green,0.2665
1042,white,0.2461
1044,green,0.2672
1044,white,0.2445
1045,green,0.2672
1045,white,0.2426
1047,green,0.2633
1047,white,0.2431
1048,green,0.2633
1048,white,0.242
1050,green,0.2644
1050,white,0.2395
1051,green,0.2644
1051,white,0.2394
1053,green,0.2655
1053,white,0.2364
1054,green,0.2656
1054,white,0.2339
1056,green,0.2663
1056,white,0.2317
1057,green,0.2663
1057,white,0.2301
1059,green,0.2656
1059,white,0.2291
1060,green,0.2639
1060,white,0.2275
1062,green,0.2622
1062,white,0.2259
1063,green,0.2604
1063,white,0.2242
1065,green,0.2585
1065,white,0.2229
1066,green,0.2566
1066,white,0.2212
1068,white,0.2197
1069,green,0.2548
1069,white,0.2181
1071,white,0.2162
1072,green,0.2532
1072,white,0.2144
1074,white,0.2128
1075,green,0.2518
1075,white,0.2111
1077,white,0.2096
1078,green,0.2501
1078,white,0.208
1080,white,0.2063
1081,green,0.2485
1081,white,0.2047
1083,white,0.2049
1084,green,0.2468
1084,white,0.2049
1086,white,0.2053
1087,green,0.2467
1087,white,0.2057
1089,white,0.2059
1090,green,0.2452
1090,white,0.2075
1092,white,0.207
1093,green,0.2467
1093,white,0.2074
1095,white,0.2089
1096,green,0.2479
1096,white,0.2096
1098,white,0.2113
1099,green,0.2474
1099,white,0.2139
1101,white,0.2147
1102,green,0.2471
1102,white,0.2167
1104,white,0.2177
1105,green,0.2458
1105,white,0.2205
1107,white,0.2221
1108,green,0.246
1108,white,0.2236
1110,white,0.2253
1111,green,0.2458
1111,white,0.2273
1113,white,0.229
1114,green,0.2459
1114,white,0.2306
1116,white,0.2323
1117,green,0.2485
1117,white,0.2337
1119,white,0.2353
1120,green,0.2483
1120,white,0.2373
1122,white,0.239
1123,green,0.2475
1123,white,0.2418
1125,white,0.2434
1126,green,0.2476
1126,white,0.2453
1128,white,0.2468
1129,green,0.2472
1129,white,0.2494
1131,white,0.2508
1132,green,0.2473
1132,white,0.2525
1134,white,0.2538
1135,green,0.247
1135,white,0.2552
1137,white,0.2552
1138,green,0.245
1138,white,0.2585
1140,white,0.2586
1141,green,0.2442
1141,white,0.2613
1143,white,0.2614
1144,green,0.2426
1144,white,0.2622
1146,white,0.2623
1147,green,0.2406
1147,white,0.2642
1149,white,0.264
1150,green,0.2394
1150,white,0.2642
1152,white,0.2642
1153,green,0.2392
1153,white,0.2648
1155,white,0.2648
1156,green,0.2399
1156,white,0.2639
1158,white,0.2639
1159,green,0.2402
1159,white,0.2638
1161,white,0.2638
1162,green,0.24
1162,white,0.2643
1164,white,0.2643
1165,green,0.2403
1165,white,0.2636
1167,white,0.2637
1168,green,0.2409
1168,white,0.2619
1171,green,0.2419
1171,white,0.261
1174,green,0.2429
1174,white,0.26
1177,green,0.244
1177,white,0.2595
1180,green,0.247
1180,white,0.2573
1183,green,0.2479
1183,white,0.2557
1186,green,0.2482
1186,white,0.2547
1189,green,0.2492
1189,white,0.2552
1192,green,0.25
1192,white,0.2543
1195,green,0.2525
1195,white,0.2539
1198,green,0.2536
1198,white,0.2519
1201,green,0.2552
1201,white,0.2519
1204,green,0.2575
1204,white,0.2493
1207,green,0.2579
1207,white,0.2501
1210,green,0.2602
1210,white,0.248
1213,green,0.263
1213,white,0.2479
1216,green,0.2627
1216,white,0.2469
1219,green,0.2643
1219,white,0.2466
1222,green,0.2654
1222,white,0.245
1225,green,0.2691
1225,white,0.2422
1228,green,0.2722
1228,white,0.2405
1231,green,0.2749
1231,white,0.2395
1234,green,0.2752
1234,white,0.2396
1237,green,0.2755
1237,white,0.2397
1240,green,0.2746
1240,white,0.2402
1243,green,0.2729
1243,white,0.2403
1246,green,0.271
1246,white,0.2397
1249,green,0.2689
1249,white,0.2396
1252,green,0.2675
1252,white,0.2398
1255,green,0.266
1255,white,0.2392
1258,green,0.2638
1258,white,0.2397
1260,white,0.2407
1261,green,0.2611
1261,white,0.2414
1263,white,0.2419
1264,green,0.2584
1266,white,0.2432
1267,green,0.2557
1269,white,0.2449
1270,green,0.2492
1270,white,0.2488
1272,white,0.2485
1273,green,0.245
1273,white,0.2482
1275,white,0.2471
1276,green,0.2419
1276,white,0.2454
1278,white,0.244
1279,green,0.2399
1279,white,0.243
1281,white,0.2408
1282,green,0.2377
1282,white,0.2395
1284,white,0.2383
1285,green,0.2346
1285,white,0.2354
1287,white,0.2344
1288,green,0.2316
1288,white,0.233
1290,white,0.2347
1291,green,0.2286
1291,white,0.2342
1293,white,0.2342
1294,green,0.2246
1296,white,0.2335
1297,green,0.2222
1299,white,0.2324
1300,green,0.2184
1302,white,0.2312
1303,green,0.2149
1305,white,0.2301
1306,green,0.2134
1308,green,0.2111
1308,white,0.2291
1309,green,0.208
1311,green,0.2053
1311,white,0.2266
1312,green,0.2025
1314,green,0.2012
1314,white,0.2246
1315,green,0.2009
1317,green,0.2032
1317,white,0.2223
1318,green,0.2035
1320,green,0.2057
1320,white,0.2197
1321,green,0.2053
1323,green,0.2045
1323,white,0.22
1324,green,0.2043
1326,green,0.2063
1326,white,0.2171
1327,green,0.2063
1329,green,0.2092
1329,white,0.2143
1330,green,0.2109
1332,green,0.2123
1332,white,0.2131
1333,green,0.2172
1335,green,0.2225
1335,white,0.208
1336,green,0.2242
1338,green,0.2272
1338,white,0.2017
1339,green,0.2289
1341,green,0.2299
1341,white,0.2006
1342,green,0.2316
1344,green,0.2333
1344,white,0.1989
1345,green,0.235
1347,green,0.2366
1347,white,0.1991
1348,green,0.2382
1350,green,0.2405
1350,white,0.1989
1351,green,0.2421
1353,green,0.2446
1353,white,0.1976
1354,green,0.2462
1356,green,0.2457
1356,white,0.1986
1357,green,0.2474
1359,green,0.2474
1359,white,0.199
1360,green,0.2491
1362,green,0.2515
1362,white,0.1962
1363,green,0.2532
1365,green,0.2548
1365,white,0.194
1366,green,0.2564
1368,green,0.2595
1368,white,0.1935
1369,green,0.2612
1371,green,0.2624
1371,white,0.1911
1372,green,0.2641
1374,green,0.2645
1374,white,0.1896
1375,green,0.2645
1377,green,0.2658
1377,white,0.1882
1378,green,0.2658
1380,green,0.263
1380,white,0.188
1381,green,0.263
1383,green,0.2616
1383,white,0.1877
1384,green,0.2616
1386,green,0.2624
1386,white,0.1868
1387,green,0.2624
1389,green,0.2629
1389,white,0.1856
1390,green,0.2629
1392,green,0.2644
1392,white,0.1837
1393,green,0.2646
1395,green,0.2652
1395,white,0.1822
1396,green,0.2655
1398,green,0.2646
1398,white,0.1821
1399,green,0.265
1401,green,0.2655
1401,white,0.1829
1402,green,0.2655
1404,green,0.265
1404,white,0.1842
1405,green,0.2651
1407,green,0.2636
1407,white,0.1838
1408,green,0.2637
1410,green,0.263
1410,white,0.1836
1411,green,0.2631
1413,green,0.2623
1413,white,0.1818
1414,green,0.2599
1414,white,0.1855
1416,green,0.2559
1416,white,0.1887
1417,green,0.2558
1417,white,0.1883
1419,green,0.2548
1419,white,0.1911
1420,green,0.2549
1420,white,0.1924
1422,green,0.2563
1422,white,0.1894
1423,green,0.2563
1423,white,0.1892
1425,green,0.257
1425,white,0.1877
1426,green,0.257
1426,white,0.1879
1428,green,0.2575
1428,white,0.1887
1429,green,0.2575
1429,white,0.1877
1431,green,0.2592
1431,white,0.1854
1432,green,0.2592
1432,white,0.1882
1434,green,0.2584
1434,white,0.1907
1435,green,0.2592
1435,white,0.1903
1437,green,0.2571
1437,white,0.1934
1438,green,0.258
1438,white,0.1939
1440,green,0.2559
1440,white,0.1958
1441,green,0.2556
1443,green,0.2523
1443,white,0.1989
1444,green,0.2519
1444,white,0.1986
1446,green,0.2492
1446,white,0.2016
1447,green,0.2493
1447,white,0.2021
1449,green,0.2481
1449,white,0.2052
1452,green,0.2493
1452,white,0.2048
1455,green,0.2462
1455,white,0.2079
1458,green,0.2451
1458,white,0.2107
1461,green,0.2427
1461,white,0.2129
1464,green,0.2416
1464,white,0.2173
1467,green,0.2407
1467,white,0.2212
1470,green,0.2431
1470,white,0.2228
1473,green,0.2441
1473,white,0.2229
1476,green,0.2457
1476,white,0.2212
1479,green,0.2435
1479,white,0.2226
1482,green,0.2432
1482,white,0.2236
1485,green,0.2406
1485,white,0.224
1488,green,0.2388
1488,white,0.2283
1491,green,0.2373
1491,white,0.2284
1494,green,0.2364
1494,white,0.2304
1497,green,0.2325
1497,white,0.2342
1500,green,0.2309
1500,white,0.2359
1503,green,0.2302
1503,white,0.2347
1506,green,0.2284
1506,white,0.2381
1509,green,0.2277
1509,white,0.2395
1512,green,0.2252
1512,white,0.2407
1515,green,0.2259
1515,white,0.2418
1518,green,0.2234
1518,white,0.242
1521,green,0.225
1521,white,0.2425
1524,green,0.2247
1524,white,0.2417
1527,green,0.2264
1527,white,0.2401
1530,green,0.2264
1530,white,0.2402
1533,green,0.2287
1533,white,0.238
1536,green,0.2272
1536,white,0.2396
1539,green,0.2287
1539,white,0.2384
1540,green,0.2264
1540,white,0.2406
1542,green,0.2295
1542,white,0.2358
1543,green,0.2291
1543,white,0.2345
1545,green,0.2306
1545,white,0.2312
1546,green,0.2301
1546,white,0.2298
1548,white,0.2289
1549,green,0.2296
1549,white,0.2287
1551,green,0.2274
1551,white,0.2284
1552,green,0.2269
1552,white,0.2297
1554,green,0.224
1554,white,0.2299
1555,green,0.224
1555,white,0.231
1557,green,0.2227
1557,white,0.2322
1558,green,0.2214
1558,white,0.2318
1560,green,0.2226
1560,white,0.2324
1561,green,0.2211
1561,white,0.2331
1563,green,0.2218
1563,white,0.2296
1564,green,0.2237
1566,green,0.2247
1566,white,0.2288
1567,green,0.2221
1569,green,0.2219
1569,white,0.2322
1570,green,0.2213
1572,green,0.2225
1572,white,0.2312
1573,green,0.2209
1575,green,0.2222
1575,white,0.2306
1576,green,0.22
1578,green,0.2202
1578,white,0.2288
1579,green,0.2196
1581,green,0.2175
1581,white,0.2306
1582,green,0.2162
1584,green,0.2149
1584,white,0.2318
1585,green,0.2138
1587,green,0.2133
1587,white,0.234
1588,green,0.2101
1590,green,0.2098
1590,white,0.2356
1591,green,0.2078
1593,green,0.2072
1593,white,0.2366
1594,green,0.2057
1594,white,0.2396
1596,green,0.2094
1596,white,0.2377
1597,green,0.2094
1597,white,0.2377
1599,green,0.2082
1599,white,0.2399
1600,green,0.2084
1600,white,0.2422
1602,green,0.209
1602,white,0.2467
1603,green,0.2095
1603,white,0.2488
1605,green,0.2088
1605,white,0.2524
1606,green,0.2094
1606,white,0.2546
1608,green,0.2084
1608,white,0.2558
1609,green,0.209
1609,white,0.2579
1611,green,0.2091
1611,white,0.2576
1612,green,0.2073
1612,white,0.2622
1614,green,0.2093
1614,white,0.2621
1615,green,0.21
1615,white,0.2633
1617,green,0.205
1617,white,0.2687
1618,green,0.2048
1618,white,0.2706
1620,green,0.2023
1620,white,0.2743
1621,green,0.2022
1621,white,0.2763
1623,green,0.2006
1623,white,0.2793
1624,green,0.202
1624,white,0.2808
1626,green,0.2009
1626,white,0.2834
1627,white,0.2863
1629,green,0.2009
1629,white,0.2887
1632,green,0.2034
1632,white,0.2904
1635,green,0.2041
1635,white,0.291
1638,green,0.2041
1638,white,0.2915
1641,green,0.2042
1641,white,0.2931
1644,green,0.2045
1644,white,0.2945
1647,green,0.2077
1647,white,0.2924
1650,green,0.2111
1650,white,0.2897
1653,green,0.2135
1653,white,0.2936
1656,green,0.2115
1656,white,0.2946
1659,green,0.2121
1659,white,0.2942
1662,green,0.2139
1662,white,0.2934
1665,green,0.2139
1665,white,0.2916
1668,green,0.2137
1668,white,0.2891
1671,green,0.2141
1671,white,0.2866
1674,green,0.2152
1674,white,0.2828
1677,green,0.2157
1677,white,0.2804
1680,green,0.2153
1683,green,0.2146
1686,green,0.2156
1686,white,0.2761
1689,green,0.2191
1689,white,0.2737
1692,green,0.2172
1692,white,0.2694
1695,green,0.218
1695,white,0.2679
1698,green,0.2193
1698,white,0.2693
1701,green,0.2201
1701,white,0.2633
1704,green,0.2227
1704,white,0.2601
1707,green,0.2262
1707,white,0.2547
1710,white,0.2528
1713,white,0.2511
1716,green,0.2257
1716,white,0.251
1719,white,0.248
1720,green,0.224
1720,white,0.2469
1722,green,0.2265
1722,white,0.2442
1723,green,0.2262
1723,white,0.245
1725,green,0.2248
1725,white,0.2439
1726,green,0.2221
1726,white,0.2452
1728,green,0.2215
1728,white,0.2439
1729,green,0.2214
1731,green,0.2224
1731,white,0.2413
1732,green,0.2191
1734,green,0.2146
1734,white,0.2445
1735,green,0.2136
1737,green,0.2113
1737,white,0.2469
1738,green,0.2104
1740,green,0.2099
1740,white,0.2458
1741,green,0.2093
1743,green,0.2089
1743,white,0.2447
1744,green,0.208
1746,green,0.2088
1746,white,0.2415
1747,green,0.2077
1749,green,0.2077
1749,white,0.2404
1750,green,0.2077
1752,green,0.2054
1752,white,0.241
1753,green,0.2035
1755,green,0.2046
1755,white,0.2405
1756,green,0.2031
1758,green,0.2066
1758,white,0.2403
1759,green,0.2061
1761,green,0.2057
1761,white,0.2407
1762,green,0.2023
1764,green,0.2021
1764,white,0.2424
1765,green,0.2024
1767,green,0.201
1767,white,0.2451
1768,green,0.2013
1770,green,0.2011
1770,white,0.247
1771,green,0.2032
1773,green,0.2039
1773,white,0.2464
1774,green,0.2039
1776,green,0.2034
1776,white,0.2474
1777,green,0.2035
1779,green,0.2068
1779,white,0.2434
1780,green,0.2069
1782,green,0.2088
1782,white,0.2434
1783,green,0.2088
1785,green,0.2087
1785,white,0.2447
1786,green,0.2087
1788,green,0.209
1788,white,0.2471
1789,green,0.209
1791,green,0.2074
1791,white,0.2463
1792,green,0.2075
1794,green,0.2082
1794,white,0.2455
1795,green,0.2084
1797,green,0.2087
1797,white,0.2448
1798,green,0.2089
1800,green,0.2059
1800,white,0.2469
1801,green,0.2079
1803,green,0.2084
1804,green,0.2104
1806,green,0.2108
1806,white,0.246
1807,green,0.2128
1809,green,0.2128
1809,white,0.2493
1812,green,0.2153
1812,white,0.2476
1815,green,0.219
1815,white,0.2461
1818,green,0.2214
1818,white,0.2425
1821,green,0.2243
1821,white,0.241
1824,green,0.2272
1824,white,0.2408
1827,green,0.2298
1827,white,0.2378
1830,green,0.2321
1830,white,0.2361
1833,green,0.2332
1833,white,0.2362
1836,green,0.2348
1836,white,0.2363
1839,green,0.2365
1839,white,0.2371
1842,green,0.2383
1842,white,0.2351
1845,green,0.236
1845,white,0.2368
1848,green,0.2352
1848,white,0.2385
1851,green,0.2352
1851,white,0.2396
1854,green,0.2378
1854,white,0.2389
1857,green,0.2391
1860,green,0.2407
1863,green,0.2396
1863,white,0.2385
1866,green,0.2413
1866,white,0.2363
1869,green,0.2422
1869,white,0.2346
1872,green,0.2437
1875,green,0.2467
1875,white,0.2317
1878,green,0.2482
1881,green,0.2519
1881,white,0.2305
1884,green,0.2516
1887,green,0.2516
1890,green,0.2513
1890,white,0.2305
1893,green,0.2506
1893,white,0.2301
1896,green,0.2506
1896,white,0.2285
1899,green,0.2531
1899,white,0.2275
1902,green,0.2513
1902,white,0.2277
1905,green,0.2493
1905,white,0.2272
1908,green,0.2483
1908,white,0.226
1911,green,0.2468
1911,white,0.2226
1914,green,0.2448
1914,white,0.2217
1917,green,0.2431
1917,white,0.218
1920,green,0.242
1920,white,0.2178
1923,green,0.242
1923,white,0.2177
1926,green,0.2409
1926,white,0.218
1929,green,0.2387
1929,white,0.2199
1932,green,0.2385
1932,white,0.221
1935,green,0.2408
1935,white,0.2235
1938,green,0.2435
1938,white,0.2239
1941,green,0.2452
1941,white,0.2241
1944,green,0.2446
1944,white,0.2242
1947,green,0.2444
1947,white,0.2264
1950,green,0.2438
1950,white,0.2295
1953,green,0.2462
1953,white,0.2277
1956,green,0.2467
1956,white,0.2269
1959,green,0.2459
1959,white,0.2282
1962,green,0.2456
1962,white,0.2313
1965,green,0.2442
1965,white,0.2314
1968,green,0.2454
1968,white,0.2328
1971,green,0.2459
1971,white,0.2341
1974,green,0.2473
1974,white,0.2359
1977,green,0.2485
1977,white,0.2364
1980,green,0.2485
1980,white,0.2381
1983,green,0.2494
1983,white,0.2388
1986,green,0.2499
1986,white,0.2403
1989,green,0.2498
1989,white,0.2416
1992,green,0.2501
1992,white,0.243
1995,green,0.2507
1995,white,0.244
1998,green,0.2512
1998,white,0.2451
2001,green,0.2514
2001,white,0.2466
2004,green,0.2514
2004,white,0.2483
2007,green,0.2517
2007,white,0.2496
2010,green,0.2527
2010,white,0.2504
2013,green,0.2519
2013,white,0.2528
2016,green,0.2526
2016,white,0.2539
2019,green,0.2533
2019,white,0.2533
2022,green,0.2535
2022,white,0.2532
2025,green,0.2542
2025,white,0.2527
2028,green,0.2531
2028,white,0.254
2031,green,0.253
2031,white,0.2542
2034,green,0.2531
2034,white,0.2543
2037,green,0.2546
2037,white,0.253
2040,green,0.2564
2040,white,0.2508
2043,green,0.2563
2043,white,0.2506
2046,green,0.2558
2046,white,0.2508
2049,green,0.2556
2049,white,0.2508
2052,green,0.257
2052,white,0.249
2055,green,0.2567
2055,white,0.2488
2058,green,0.2546
2058,white,0.2505
2061,green,0.2535
2061,white,0.252
2064,green,0.2505
2064,white,0.2539
2067,green,0.2467
2067,white,0.2565
2070,green,0.2452
2070,white,0.2569
2073,green,0.2438
2073,white,0.2573
2076,green,0.2417
2076,white,0.2576
2079,green,0.2404
2079,white,0.2579
2082,green,0.2404
2082,white,0.2571
2085,green,0.2395
2085,white,0.2572
2088,green,0.2384
2088,white,0.2576
2091,green,0.2374
2091,white,0.2579
2094,green,0.2343
2094,white,0.2604
2097,green,0.2334
2097,white,0.2607
2100,green,0.2326
2100,white,0.261
2103,green,0.2361
2103,white,0.257
2106,green,0.2363
2106,white,0.2564
2109,green,0.2358
2109,white,0.2563
2112,green,0.2351
2112,white,0.2565
2115,green,0.2369
2115,white,0.2542
2118,green,0.2376
2118,white,0.253
2121,green,0.2376
2121,white,0.2525
2124,green,0.2373
2124,white,0.2523
2127,green,0.2365
2127,white,0.2526
2130,green,0.2355
2130,white,0.2536
2133,green,0.2353
2133,white,0.2539
2136,green,0.2354
2136,white,0.2538
2139,green,0.2355
2139,white,0.2536
2142,green,0.2345
2142,white,0.2546
2145,green,0.2364
2145,white,0.2545
2148,green,0.2394
2148,white,0.2533
2151,green,0.2384
2151,white,0.2539
2154,green,0.2399
2154,white,0.2537
2157,green,0.2436
2157,white,0.2513
2160,green,0.2451
2160,white,0.251
2163,green,0.2461
2163,white,0.251
2166,green,0.2473
2166,white,0.2509
2169,green,0.2485
2169,white,0.2507
2172,green,0.2493
2172,white,0.2509
2175,green,0.2501
2175,white,0.251
2178,green,0.251
2178,white,0.2511
2181,green,0.2522
2181,white,0.2508
2184,green,0.2564
2184,white,0.2476
2187,green,0.2576
2187,white,0.2474
2190,green,0.2579
2190,white,0.2475
2193,green,0.255
2193,white,0.2509
2196,green,0.2556
2196,white,0.2507
2199,green,0.2562
2199,white,0.2488
2202,green,0.2563
2202,white,0.2473
2205,green,0.2567
2205,white,0.2454
2208,green,0.258
2208,white,0.2426
2211,green,0.2599
2211,white,0.2391
2214,green,0.2602
2214,white,0.2373
2217,green,0.2599
2217,white,0.236
2220,green,0.2599
2220,white,0.2344
2223,green,0.26
2223,white,0.2327
2226,green,0.26
2226,white,0.2311
2229,green,0.2608
2229,white,0.2284
2232,green,0.2607
2232,white,0.2265
2235,green,0.2594
2235,white,0.2241
2238,green,0.254
2238,white,0.2258
2241,green,0.2551
2241,white,0.2229
2244,green,0.2551
2244,white,0.2212
2247,green,0.254
2247,white,0.2204
2250,green,0.2531
2250,white,0.2196
2253,green,0.2532
2253,white,0.2177
2256,green,0.2541
2256,white,0.2155
2259,green,0.2552
2259,white,0.213
2262,green,0.2553
2262,white,0.2116
2265,green,0.2584
2265,white,0.2072
2268,green,0.2579
2268,white,0.208
2271,green,0.2572
2271,white,0.2091
2274,green,0.2568
2274,white,0.2092
2277,green,0.2551
2277,white,0.2104
2280,green,0.2542
2280,white,0.2113
2283,green,0.2548
2283,white,0.2107
2286,green,0.2535
2286,white,0.212
2289,green,0.2538
2289,white,0.2134
2292,green,0.2529
2292,white,0.2159
2295,green,0.2522
2295,white,0.2183
2298,green,0.2512
2298,white,0.2211
2301,green,0.2489
2301,white,0.2252
2304,green,0.2483
2304,white,0.2274
2307,green,0.2491
2307,white,0.2281
2310,green,0.2498
2310,white,0.2289
2313,green,0.2507
2313,white,0.2294
2316,green,0.2505
2316,white,0.231
2319,green,0.2521
2319,white,0.2311
2322,green,0.2522
2322,white,0.2327
2325,green,0.2515
2325,white,0.235
2328,green,0.2558
2328,white,0.2324
2331,green,0.2565
2331,white,0.2335
2334,green,0.2569
2334,white,0.2347
2337,green,0.2569
2340,green,0.2577
2343,green,0.2577
2346,green,0.2569
2349,green,0.2558
2352,green,0.2557
2355,green,0.2524
2358,green,0.2528
2361,green,0.2533
2364,green,0.2535
2367,green,0.2547
2370,green,0.2558
2373,green,0.2553
2376,green,0.2563
2379,green,0.2544
2379,white,0.2378
2382,green,0.2554
2382,white,0.2387
2385,green,0.2543
2385,white,0.2403
2388,green,0.2545
2388,white,0.242
2391,green,0.2551
2391,white,0.2442
2394,green,0.2548
2394,white,0.2462
2397,green,0.2534
2397,white,0.251
2400,green,0.2514
2400,white,0.2511
2403,green,0.25
2403,white,0.2504
2406,green,0.25
2406,white,0.2502
2409,green,0.2484
2409,white,0.249
2412,green,0.2483
2412,white,0.2481
2415,green,0.2483
2415,white,0.2473
2418,green,0.2459
2418,white,0.2461
2421,green,0.2456
2421,white,0.2449
2424,green,0.2438
2424,white,0.2438
2427,green,0.2406
2427,white,0.2465
2430,green,0.2391
2430,white,0.2468
2433,green,0.2368
2433,white,0.2473
2436,green,0.2344
2436,white,0.2477
2439,green,0.2326
2439,white,0.249
2442,green,0.2312
2442,white,0.2498
2445,green,0.2318
2445,white,0.2505
2448,green,0.2319
2448,white,0.2508
2451,green,0.2317
2451,white,0.2525
2454,green,0.2316
2454,white,0.2528
2457,green,0.2314
2457,white,0.253
2460,green,0.2309
2460,white,0.2545
2463,green,0.2292
2463,white,0.2563
2466,green,0.2295
2466,white,0.2563
2469,green,0.2309
2469,white,0.2549
2472,green,0.2309
2475,green,0.2309
2475,white,0.2549
2478,green,0.2304
2478,white,0.2549
2481,green,0.2319
2481,white,0.2537
2484,green,0.2325
2484,white,0.2539
2487,green,0.2339
2487,white,0.2523
2490,green,0.235
2490,white,0.2518
2493,green,0.2354
2493,white,0.2506
2496,green,0.2368
2496,white,0.2488
2499,green,0.2382
2499,white,0.2474
2502,green,0.2391
2502,white,0.2463
2505,green,0.2394
2505,white,0.2458
2508,green,0.2412
2508,white,0.247
2511,green,0.24
2511,white,0.2484
2514,green,0.2417
2514,white,0.2499
2517,green,0.2452
2517,white,0.2497
2520,green,0.2471
2520,white,0.2478
2523,green,0.2496
2523,white,0.2475
2526,green,0.2527
2526,white,0.2458
2529,green,0.2543
2529,white,0.2452
2532,green,0.2558
2532,white,0.2449
2535,green,0.2552
2535,white,0.2451
2538,green,0.2546
2538,white,0.246
2541,green,0.2557
2541,white,0.245
2544,green,0.2558
2544,white,0.2448
2547,green,0.256
2547,white,0.2447
2550,green,0.2564
2550,white,0.2448
2553,green,0.2579
2553,white,0.2445
2556,green,0.2569
2556,white,0.2439
2559,green,0.2569
2559,white,0.2442
2562,green,0.2561
2562,white,0.2451
2565,green,0.2561
2565,white,0.2453
2568,green,0.256
2568,white,0.2456
2571,green,0.2549
2571,white,0.2467
2574,green,0.2544
2574,white,0.2472
2577,green,0.2531
2577,white,0.2487
2580,green,0.2526
2580,white,0.2495
2583,green,0.2529
2583,white,0.2478
2586,green,0.2511
2586,white,0.2479
2589,green,0.2504
2589,white,0.2474
2592,green,0.2493
2592,white,0.2471
2595,green,0.2483
2595,white,0.2466
2598,green,0.2475
2598,white,0.2459
2601,green,0.2481
2601,white,0.2435
2604,green,0.2474
2604,white,0.2426
2607,green,0.246
2607,white,0.2423
2610,green,0.2452
2610,white,0.2414
2613,green,0.2449
2613,white,0.2403
2616,green,0.244
2616,white,0.2397
2619,green,0.2438
2619,white,0.2385
2622,green,0.2431
2622,white,0.2378
2625,green,0.2428
2625,white,0.2369
2628,green,0.2423
2628,white,0.2361
2631,green,0.2432
2631,white,0.2339
2634,green,0.2415
2634,white,0.2346
2637,green,0.2408
2637,white,0.2336
2640,green,0.2407
2640,white,0.2318
2643,green,0.2419
2643,white,0.2287
2646,green,0.2426
2646,white,0.226
2649,green,0.2436
2649,white,0.2239
2652,green,0.2443
2652,white,0.2222
2655,green,0.2444
2655,white,0.2203
2658,green,0.2456
2658,white,0.2173
2661,green,0.2451
2661,white,0.216
2664,green,0.2456
2664,white,0.2138
2667,green,0.2459
2667,white,0.2116
2670,green,0.2447
2670,white,0.2109
2673,green,0.2443
2673,white,0.2117
2676,green,0.2438
2676,white,0.213
2679,green,0.2432
2679,white,0.2142
2682,green,0.2433
2682,white,0.2146
2685,green,0.2437
2685,white,0.2152
2688,green,0.2443
2688,white,0.2155
2691,green,0.2449
2691,white,0.216
2694,green,0.2449
2694,white,0.216
2697,green,0.2457
2697,white,0.2152
2700,green,0.246
2700,white,0.2161
2703,green,0.2459
2703,white,0.2172
2706,green,0.2453
2706,white,0.2176
2709,green,0.2456
2709,white,0.217
2712,green,0.246
2712,white,0.2175
2715,green,0.2447
2715,white,0.2181
2718,green,0.2443
2718,white,0.2164
2721,green,0.2408
2721,white,0.2177
2724,green,0.241
2724,white,0.2166
2727,green,0.2399
2727,white,0.2175
2730,green,0.2395
2730,white,0.2177
2733,green,0.2395
2733,white,0.2177
2736,green,0.2378
2736,white,0.2193
2739,green,0.2346
2739,white,0.2203
2742,green,0.2326
2742,white,0.2201
2745,green,0.2305
2745,white,0.2222
2748,green,0.2268
2748,white,0.226
2751,green,0.2243
2751,white,0.2285
2754,green,0.2226
2754,white,0.2302
2757,green,0.2211
2757,white,0.2318
2760,green,0.2213
2760,white,0.2317
2763,green,0.2199
2763,white,0.2324
2766,green,0.2193
2766,white,0.2323
2769,green,0.2179
2769,white,0.233
2772,green,0.2164
2772,white,0.2338
2775,white,0.2341
2778,green,0.2149
2778,white,0.2349
2781,green,0.2133
2781,white,0.2355
2784,green,0.2117
2784,white,0.2366
2787,green,0.2095
2787,white,0.2393
2790,green,0.208
2790,white,0.2396
2793,green,0.2066
2793,white,0.2399
2796,green,0.205
2796,white,0.2409
2799,green,0.2042
2799,white,0.2424
2802,green,0.2024
2802,white,0.2429
2805,green,0.2007
2805,white,0.2433
2808,green,0.2006
2808,white,0.2454
2811,green,0.2003
2811,white,0.2472
2814,green,0.1999
2814,white,0.2478
2817,green,0.1998
2817,white,0.2479
2820,green,0.1999
2820,white,0.2494
2823,green,0.1986
2823,white,0.2524
2826,green,0.1959
2826,white,0.2525
2829,green,0.1959
2829,white,0.2537
2832,green,0.1966
2832,white,0.2548
2835,green,0.1971
2835,white,0.2544
2838,green,0.1964
2838,white,0.2546
2841,green,0.1972
2841,white,0.2539
2844,green,0.1979
2844,white,0.254
2847,green,0.1978
2847,white,0.2542
2850,green,0.1975
2850,white,0.2545
2853,green,0.1976
2853,white,0.2544
2856,green,0.1992
2856,white,0.2527
2859,green,0.2002
2859,white,0.2517
2862,green,0.2008
2862,white,0.2511
2865,green,0.1999
2865,white,0.2521
2868,green,0.2004
2868,white,0.2519
2871,green,0.2
2871,white,0.2527
2874,green,0.2
2874,white,0.2531
2877,green,0.2021
2877,white,0.2514
2880,green,0.2033
2880,white,0.2506
2883,green,0.2034
2883,white,0.2506
2886,green,0.2035
2886,white,0.2506
2889,green,0.2031
2889,white,0.2511
2892,green,0.2036
2892,white,0.2506
2895,green,0.2047
2895,white,0.2495
2898,green,0.2058
2898,white,0.2486
2901,green,0.2059
2901,white,0.2486
2904,green,0.2057
2904,white,0.249
2907,green,0.2053
2907,white,0.2495
2910,green,0.2053
2910,white,0.2497
2913,green,0.2042
2913,white,0.2512
2916,green,0.2023
2916,white,0.2537
2919,green,0.2028
2919,white,0.2557
2922,green,0.2035
2922,white,0.2576
2925,green,0.2024
2925,white,0.2614
2928,green,0.2031
2928,white,0.263
2931,green,0.2027
2931,white,0.2657
2934,green,0.2025
2934,white,0.2684
2937,green,0.2025
2937,white,0.2708
2940,green,0.2016
2940,white,0.2743
2943,green,0.2021
2943,white,0.2763
2946,green,0.2004
2946,white,0.2806
2949,green,0.1992
2949,white,0.2843
2952,green,0.1978
2952,white,0.2872
2955,green,0.1997
2955,white,0.2867
2958,green,0.1996
2958,white,0.2884
2961,green,0.1996
2961,white,0.2898
2964,green,0.1992
2964,white,0.2918
2967,green,0.1978
2967,white,0.2944
2970,green,0.1967
2970,white,0.2968
2973,green,0.1968
2973,white,0.2984
2976,green,0.1958
2976,white,0.3012
2979,green,0.1968
2979,white,0.3019
2980,green,0.2017
2980,white,0.302
2982,green,0.2041
2982,white,0.3046
2983,green,0.2074
2983,white,0.3063
2985,green,0.2101
2985,white,0.3085
2986,green,0.2133
2986,white,0.3101
2988,green,0.2187
2988,white,0.3096
2989,green,0.2222
2989,white,0.3108
2991,green,0.2285
2991,white,0.3094
2992,green,0.2337
2992,white,0.3085
2994,green,0.2369
2994,white,0.308
2995,green,0.2395
2995,white,0.308
2997,green,0.2438
2997,white,0.3047
2998,green,0.2479
2998,white,0.3021
3000,green,0.2515
3000,white,0.3
3001,green,0.255
3001,white,0.298
3003,green,0.2579
3003,white,0.2965
3004,green,0.2626
3004,white,0.2927
3006,green,0.2648
3006,white,0.2913
3007,green,0.2681
3007,white,0.2888
3009,green,0.27
3009,white,0.2877
3010,green,0.2723
3010,white,0.287
3012,green,0.2742
3012,white,0.2866
3013,green,0.2775
3013,white,0.285
3015,white,0.2827
3016,green,0.2815
3016,white,0.2803
3018,white,0.2781
3019,green,0.2847
3019,white,0.2771
3021,green,0.2885
3021,white,0.2754
3022,green,0.2911
3022,white,0.2732
3024,green,0.2934
3024,white,0.2729
3025,green,0.2975
3025,white,0.2735
3027,white,0.2719
3028,green,0.3002
3028,white,0.271
3030,green,0.2966
3030,white,0.2704
3031,green,0.296
3031,white,0.2687
3033,green,0.2952
3033,white,0.2686
3034,green,0.2969
3034,white,0.266
3036,green,0.2975
3036,white,0.2658
3037,green,0.2958
3037,white,0.2642
3039,white,0.2626
3040,green,0.2953
3040,white,0.2614
3042,green,0.2933
3042,white,0.2611
3043,green,0.2936
3043,white,0.2611
3045,green,0.2933
3045,white,0.2604
3046,green,0.2924
3046,white,0.2606
3048,white,0.2595
3049,green,0.293
3049,white,0.2595
3051,white,0.2592
3052,green,0.2929
3052,white,0.259
3054,white,0.2574
3055,green,0.2932
3055,white,0.2558
3057,white,0.2556
3058,green,0.2935
3058,white,0.2556
3060,green,0.293
3060,white,0.2565
3061,green,0.2931
3061,white,0.2567
3063,green,0.2933
3063,white,0.2568
3064,green,0.2931
3064,white,0.2563
3066,green,0.2964
3066,white,0.2548
3067,green,0.298
3067,white,0.2543
3069,green,0.2978
3069,white,0.2543
3070,green,0.2988
3070,white,0.2531
3072,green,0.2968
3072,white,0.2546
3073,green,0.2973
3073,white,0.2549
3075,green,0.2964
3075,white,0.254
3076,green,0.2977
3076,white,0.2532
3078,green,0.2974
3078,white,0.2543
3079,green,0.2982
3079,white,0.2552
3081,green,0.297
3081,white,0.2564
3082,green,0.2992
3082,white,0.2563
3084,green,0.2997
3084,white,0.2546
3085,green,0.3007
3085,white,0.2517
3087,green,0.2996
3087,white,0.2497
3088,green,0.3017
3088,white,0.2465
3090,white,0.2448
3091,green,0.303
3091,white,0.2417
3093,green,0.3026
3093,white,0.2408
3094,green,0.3038
3094,white,0.2401
3096,green,0.3032
3096,white,0.2387
3097,green,0.3045
3097,white,0.2376
3099,green,0.3053
3099,white,0.2359
3100,green,0.3058
3100,white,0.2342
3102,green,0.3053
3102,white,0.2327
3103,green,0.3062
3103,white,0.2311
3105,green,0.3093
3105,white,0.2252
3106,green,0.3114
3106,white,0.2244
3108,green,0.3109
3108,white,0.2225
3109,green,0.3123
3109,white,0.2216
3111,green,0.3125
3111,white,0.2212
3112,green,0.3121
3112,white,0.2193
3114,green,0.312
3114,white,0.2168
3115,green,0.3137
3115,white,0.2169
3117,green,0.3126
3117,white,0.2135
3118,green,0.316
3118,white,0.2111
3120,green,0.3157
3120,white,0.2089
3121,green,0.3174
3121,white,0.2066
3123,green,0.3167
3123,white,0.204
3124,green,0.3178
3124,white,0.2025
3126,green,0.317
3126,white,0.1998
3127,green,0.3183
3127,white,0.1981
3129,green,0.3148
3129,white,0.1977
3130,green,0.3121
3130,white,0.1976
3132,green,0.3078
3132,white,0.1976
3133,green,0.3043
3133,white,0.1994
3135,green,0.2978
3135,white,0.2005
3136,green,0.2933
3136,white,0.2011
3138,white,0.2003
3139,green,0.2913
3139,white,0.1992
3141,white,0.1991
3142,green,0.2869
3142,white,0.199
3144,white,0.1991
3145,green,0.2836
3145,white,0.1995
3147,green,0.279
3147,white,0.1995
3148,green,0.2758
3148,white,0.1995
3150,green,0.2728
3150,white,0.2017
3151,green,0.2704
3151,white,0.2002
3153,green,0.267
3153,white,0.1997
3154,green,0.2597
3154,white,0.1998
3156,green,0.2569
3156,white,0.1986
3157,green,0.2536
3157,white,0.1991
3159,green,0.2494
3159,white,0.1991
3160,green,0.247
3160,white,0.1976
3162,green,0.243
3162,white,0.1976
3163,green,0.2404
3163,white,0.198
3165,green,0.2357
3165,white,0.1978
3166,green,0.2322
3166,white,0.1989
3168,green,0.2271
3168,white,0.1989
3169,green,0.2239
3169,white,0.1993
3171,green,0.2197
3171,white,0.201
3172,green,0.2158
3172,white,0.2034
3174,green,0.2135
3174,white,0.2043
3175,green,0.21
3175,white,0.207
3177,green,0.2075
3177,white,0.2079
3178,green,0.2089
3178,white,0.2091
3180,green,0.2102
3180,white,0.2095
3181,green,0.212
3181,white,0.2112
3183,green,0.2139
3183,white,0.2128
3184,green,0.2166
3184,white,0.2151
3186,green,0.2181
3186,white,0.2166
3187,green,0.2188
3187,white,0.2187
3189,green,0.221
3189,white,0.2199
3190,green,0.223
3190,white,0.2212
3192,green,0.225
3192,white,0.2225
3193,green,0.2266
3193,white,0.2242
3195,green,0.2274
3195,white,0.2266
3196,green,0.2289
3196,white,0.2285
3198,green,0.2299
3198,white,0.2306
3199,green,0.232
3199,white,0.2315
3201,green,0.2323
3201,white,0.2344
3202,green,0.2346
3202,white,0.235
3204,green,0.2365
3204,white,0.236
3205,green,0.237
3205,white,0.2384
3207,green,0.2394
3207,white,0.2388
3208,green,0.2402
3208,white,0.2408
3210,green,0.2432
3210,white,0.2413
3211,green,0.245
3211,white,0.2429
3213,green,0.2474
3213,white,0.2439
3214,green,0.2492
3214,white,0.2453
3216,green,0.2503
3216,white,0.2457
3217,green,0.2523
3217,white,0.2454
3219,green,0.2522
3219,white,0.2471
3220,green,0.2543
3220,white,0.2468
3222,green,0.2553
3222,white,0.2474
3223,green,0.2556
3223,white,0.2472
3225,green,0.2561
3225,white,0.2467
3226,green,0.2568
3226,white,0.2463
3228,green,0.2569
3228,white,0.2461
3229,green,0.2569
3229,white,0.2466
3231,green,0.2581
3231,white,0.2458
3232,green,0.2597
3232,white,0.245
3234,green,0.2598
3234,white,0.2453
3235,green,0.2608
3235,white,0.2455
3237,green,0.2611
3237,white,0.2457
3238,green,0.2618
3238,white,0.2463
3240,green,0.2615
3240,white,0.2466
3241,green,0.2601
3241,white,0.2478
3243,green,0.2603
3243,white,0.2477
3244,green,0.2614
3244,white,0.2466
3246,green,0.2614
3246,white,0.2465
3247,green,0.2614
3247,white,0.2466
3249,green,0.2607
3249,white,0.2472
3252,green,0.2609
3252,white,0.2471
3255,green,0.2609
3255,white,0.2471
3258,green,0.2607
3258,white,0.2473
3261,green,0.2594
3261,white,0.2487
3264,green,0.2593
3264,white,0.2489
3267,green,0.2588
3267,white,0.2492
3270,green,0.2589
3270,white,0.2491
3273,green,0.2586
3273,white,0.2494
3276,green,0.2591
3276,white,0.2489
3279,green,0.2598
3279,white,0.2482
3282,green,0.2599
3282,white,0.2479
3285,green,0.2596
3285,white,0.2484
3288,green,0.2592
3288,white,0.2486
3291,green,0.2584
3291,white,0.2495
3294,green,0.2575
3294,white,0.2501
3297,green,0.2573
3297,white,0.2504
3300,green,0.2581
3300,white,0.2491
3303,green,0.2571
3303,white,0.25
3306,green,0.2562
3306,white,0.2503
3309,green,0.2558
3309,white,0.2504
3312,green,0.2552
3312,white,0.2503
3315,green,0.2549
3315,white,0.2504
3318,green,0.2546
3318,white,0.2498
3321,green,0.2544
3321,white,0.2501
3324,green,0.2547
3324,white,0.2498
3327,green,0.2541
3327,white,0.2506
3330,green,0.2529
3330,white,0.252
3333,green,0.2531
3333,white,0.252
3336,green,0.2521
3336,white,0.2533
3339,green,0.2516
3339,white,0.2541
3342,green,0.2514
3342,white,0.2547
3345,green,0.2498
3345,white,0.2567
3348,green,0.2502
3348,white,0.2563
3351,green,0.2511
3351,white,0.2555
3354,green,0.2512
3354,white,0.2551
3357,green,0.2509
3357,white,0.2554
3360,green,0.2512
3360,white,0.2552
3363,green,0.2531
3363,white,0.2518
3366,green,0.2536
3366,white,0.2499
3369,green,0.2538
3369,white,0.248
3372,green,0.254
3372,white,0.2461
3375,green,0.2549
3375,white,0.2434
3378,green,0.2529
3378,white,0.242
3381,green,0.2516
3381,white,0.24
3384,green,0.2501
3384,white,0.2381
3387,green,0.2482
3387,white,0.2366
3390,green,0.2459
3390,white,0.2355
3393,green,0.2448
3393,white,0.2331
3396,green,0.243
3396,white,0.2315
3399,green,0.2412
3399,white,0.23
3402,green,0.2397
3402,white,0.2279
3405,green,0.2378
3405,white,0.2261
3408,green,0.2354
3408,white,0.2246
3411,green,0.2341
3411,white,0.2226
3414,green,0.2329
3414,white,0.2204
3417,green,0.2312
3417,white,0.2186
3420,green,0.23
3420,white,0.2163
3423,green,0.2286
3423,white,0.2142
3426,green,0.2271
3426,white,0.2121
3429,green,0.2258
3429,white,0.2096
3432,green,0.2246
3432,white,0.207
3435,green,0.2234
3435,white,0.2043
3438,green,0.2222
3438,white,0.2021
3441,green,0.2197
3441,white,0.201
3444,green,0.218
3444,white,0.1994
3447,green,0.2158
3447,white,0.1983
3450,green,0.2139
3450,white,0.1967
3453,green,0.2115
3453,white,0.1971
3456,green,0.2094
3456,white,0.1973
3459,green,0.2075
3459,white,0.1975
3462,green,0.2061
3462,white,0.1973
3465,green,0.2037
3465,white,0.198
3468,green,0.204
3468,white,0.1976
3471,green,0.204
3471,white,0.1976
3474,green,0.2039
3474,white,0.1977
3477,green,0.2057
3477,white,0.1959
3480,green,0.2059
3480,white,0.1956
3483,green,0.2053
3483,white,0.1961
3486,green,0.2071
3486,white,0.1957
3489,green,0.2089
3489,white,0.1954
3492,green,0.2102
3492,white,0.1955
3495,green,0.2119
3495,white,0.1957
3498,green,0.2137
3498,white,0.1955
3501,green,0.216
3501,white,0.1949
3504,green,0.2178
3504,white,0.1947
3507,green,0.2204
3507,white,0.1938
3510,green,0.222
3510,white,0.194
3513,green,0.2232
3513,white,0.1945
3516,green,0.2251
3516,white,0.1944
3519,green,0.2263
3519,white,0.195
3522,green,0.2276
3522,white,0.1955
3525,green,0.2286
3525,white,0.1964
3528,green,0.2304
3528,white,0.1966
3531,green,0.2323
3531,white,0.1967
3534,green,0.2347
3534,white,0.1959
3537,green,0.238
3537,white,0.1942
3540,green,0.2395
3540,white,0.1946
3543,green,0.2407
3543,white,0.1954
3546,green,0.2422
3546,white,0.196
3549,green,0.2438
3549,white,0.1961
3552,green,0.2465
3552,white,0.1953
3555,green,0.2484
3555,white,0.1952
3558,green,0.2501
3558,white,0.1952
3561,green,0.2518
3561,white,0.1951
3564,green,0.2536
3564,white,0.195
3567,green,0.2538
3567,white,0.1965
3570,green,0.2553
3570,white,0.1966
3573,green,0.2562
3573,white,0.1976
3576,green,0.2563
3576,white,0.1975
3579,green,0.256
3579,white,0.198
3582,green,0.2557
3582,white,0.1982
3585,green,0.2556
3585,white,0.1982
3588,green,0.2557
3588,white,0.1981
3591,green,0.255
3591,white,0.1988
3594,green,0.255
3594,white,0.199
3597,green,0.2543
3597,white,0.1996
3600,green,0.2543
3600,white,0.1999
3603,green,0.254
3603,white,0.2004
3606,green,0.254
3606,white,0.2009
3609,green,0.2545
3609,white,0.2009
3612,green,0.254
3612,white,0.2019
3615,green,0.2544
3615,white,0.2019
3618,green,0.2543
3618,white,0.2017
3621,green,0.2531
3621,white,0.2033
3624,green,0.2515
3624,white,0.2057
3627,green,0.2504
3627,white,0.2076
3630,green,0.2502
3630,white,0.2086
3633,green,0.2496
3633,white,0.2098
3636,green,0.2491
3636,white,0.2109
3639,green,0.2489
3639,white,0.2122
3642,green,0.2473
3642,white,0.2137
3645,green,0.2466
3645,white,0.2145
3648,green,0.2457
3648,white,0.2154
3651,green,0.2453
3651,white,0.2159
3654,green,0.245
3654,white,0.2164
3657,green,0.2455
3657,white,0.2162
3660,green,0.2457
3660,white,0.2159
3663,green,0.2463
3663,white,0.2152
3666,green,0.246
3666,white,0.2155
3669,green,0.2457
3669,white,0.2155
3672,green,0.2456
3672,white,0.2156
3675,green,0.2453
3675,white,0.2158
3678,green,0.2441
3678,white,0.217
3681,green,0.2439
3681,white,0.2172
3684,green,0.2453
3684,white,0.2155
3687,green,0.2457
3687,white,0.2151
3690,green,0.2458
3690,white,0.2147
3693,green,0.2457
3693,white,0.2143
3696,green,0.2457
3696,white,0.2138
3699,green,0.2451
3699,white,0.2138
3702,green,0.2456
3702,white,0.2126
3705,green,0.2458
3705,white,0.2118
3708,green,0.2453
3708,white,0.2123
3711,green,0.2463
3711,white,0.2105
3714,green,0.2472
3714,white,0.2089
3717,green,0.2472
3717,white,0.2081
3720,green,0.2474
3720,white,0.2069
3723,green,0.2481
3723,white,0.2052
3726,green,0.2493
3726,white,0.2031
3729,green,0.2499
3729,white,0.2015
3732,green,0.2499
3732,white,0.2017
3735,green,0.2509
3735,white,0.2008
3738,green,0.2521
3738,white,0.1998
3741,green,0.2525
3741,white,0.1997
3744,green,0.2522
3744,white,0.2003
3747,green,0.2521
3747,white,0.2007
3750,green,0.2517
3750,white,0.2016
3753,green,0.2518
3753,white,0.2022
3756,green,0.2502
3756,white,0.2028
3759,green,0.2491
3759,white,0.2023
3762,green,0.2476
3762,white,0.2021
3765,green,0.2464
3765,white,0.2024
3768,green,0.2459
3768,white,0.202
3771,green,0.2445
3771,white,0.2018
3774,green,0.2412
3774,white,0.2034
3777,green,0.2393
3777,white,0.2036
3780,green,0.2382
3780,white,0.203
3783,green,0.2374
3783,white,0.2021
3786,green,0.2367
3786,white,0.2011
3789,green,0.2371
3789,white,0.199
3792,green,0.2366
3792,white,0.1988
3795,green,0.2361
3795,white,0.1985
3798,green,0.2353
3798,white,0.1986
3801,green,0.2337
3801,white,0.1997
3804,green,0.2324
3804,white,0.2004
3807,green,0.2311
3807,white,0.2
3810,green,0.2296
3810,white,0.1999
3813,green,0.2275
3813,white,0.2004
3816,green,0.2249
3816,white,0.2014
3819,green,0.2234
3819,white,0.2011
3822,green,0.2213
3822,white,0.2014
3825,green,0.219
3825,white,0.202
3828,green,0.2165
3828,white,0.2027
3831,green,0.2143
3831,white,0.2031
3834,green,0.215
3834,white,0.2003
3837,green,0.2134
3837,white,0.1997
3840,green,0.2123
3840,white,0.1985
3843,green,0.2106
3843,white,0.1979
3846,green,0.2106
3846,white,0.1972
3849,green,0.2105
3849,white,0.1973
3852,green,0.2106
3852,white,0.1972
3855,green,0.2104
3855,white,0.1966
3858,green,0.2105
3858,white,0.1958
3861,green,0.211
3861,white,0.1952
3864,green,0.2111
3864,white,0.1952
3867,green,0.2109
3867,white,0.1954
3870,green,0.2102
3870,white,0.196
3873,green,0.2099
3873,white,0.1963
3876,green,0.2093
3876,white,0.1973
3879,green,0.2078
3879,white,0.1988
3882,green,0.2065
3882,white,0.1992
3885,green,0.2051
3885,white,0.1997
3888,green,0.2042
3888,white,0.1996
3891,green,0.2042
3891,white,0.1985
3894,green,0.2032
3894,white,0.1984
3897,green,0.2032
3897,white,0.1984
3900,green,0.2035
3900,white,0.1984
3903,green,0.2046
3903,white,0.1976
3906,green,0.205
3906,white,0.1971
3909,green,0.2052
3909,white,0.1973
3912,green,0.2062
3912,white,0.1968
3915,green,0.2065
3915,white,0.1963
3918,green,0.2074
3918,white,0.1953
3921,green,0.2083
3921,white,0.1942
3924,green,0.2061
3924,white,0.1964
3927,green,0.2056
3927,white,0.1969
3930,green,0.2049
3930,white,0.1976
3933,green,0.2048
3933,white,0.1977
3936,green,0.2048
3936,white,0.1977
3939,green,0.2047
3939,white,0.1978
3942,green,0.2049
3942,white,0.1976
3945,green,0.2064
3945,white,0.1961
3948,green,0.2076
3948,white,0.1949
3951,green,0.2073
3951,white,0.1952
3954,green,0.2071
3954,white,0.1954
3957,green,0.2083
3957,white,0.1942
3960,green,0.2074
3960,white,0.1951
3963,green,0.2071
3963,white,0.1954
3966,green,0.2085
3966,white,0.1938
3969,green,0.2078
3969,white,0.1945
3972,green,0.208
3972,white,0.1942
3975,green,0.207
3975,white,0.1953
3978,green,0.2076
3978,white,0.1949
3981,green,0.2076
3981,white,0.1951
3984,green,0.2085
3984,white,0.1946
3987,green,0.2088
3987,white,0.1946
3990,green,0.2088
3990,white,0.1946
3993,green,0.2084
3993,white,0.195
3996,green,0.2089
3996,white,0.195
3999,green,0.208
3999,white,0.196
4002,green,0.2081
4002,white,0.1959
4005,green,0.2088
4005,white,0.1966
4008,green,0.2083
4008,white,0.1972
4011,green,0.2079
4011,white,0.1974
4014,green,0.2076
4014,white,0.1979
4017,green,0.2086
4017,white,0.1972
4020,green,0.2087
4020,white,0.1976
4023,green,0.2087
4023,white,0.1982
4026,green,0.2085
4026,white,0.199
4029,green,0.209
4029,white,0.199
4032,green,0.2093
4032,white,0.1992
4035,green,0.2084
4035,white,0.2011
4038,green,0.2077
4038,white,0.2029
4041,green,0.2082
4041,white,0.2031
4044,green,0.21
4044,white,0.202
4047,green,0.2105
4047,white,0.2023
4050,green,0.2113
4050,white,0.2015
4053,green,0.2121
4053,white,0.2007
4056,green,0.2096
4056,white,0.2031
4059,green,0.2101
4059,white,0.2026
4062,green,0.2104
4062,white,0.2023
4065,green,0.212
4065,white,0.2006
4068,green,0.212
4068,white,0.2004
4071,green,0.2122
4071,white,0.2
4074,green,0.2119
4074,white,0.2
4077,green,0.2113
4077,white,0.2003
4080,green,0.211
4080,white,0.2003
4083,green,0.2111
4083,white,0.1998
4086,green,0.2104
4086,white,0.1999
4089,green,0.211
4089,white,0.1987
4092,green,0.2107
4092,white,0.1984
4095,green,0.2099
4095,white,0.1978
4098,green,0.2097
4098,white,0.198
4101,green,0.2102
4101,white,0.1974
4104,green,0.2112
4104,white,0.1963
4107,green,0.2105
4107,white,0.1966
4110,green,0.2113
4110,white,0.1954
4113,green,0.212
4113,white,0.194
4116,green,0.2125
4116,white,0.1929
4119,green,0.2124
4119,white,0.1925
4122,green,0.212
4122,white,0.1925
4125,green,0.2117
4125,white,0.1918
4128,green,0.2108
4128,white,0.1914
4131,green,0.2103
4131,white,0.1914
4134,green,0.2087
4134,white,0.1924
4137,green,0.2074
4137,white,0.1932
4140,green,0.207
4140,white,0.1936
4143,green,0.2062
4143,white,0.1944
4146,green,0.207
4146,white,0.1936
4149,green,0.2074
4149,white,0.1932
4152,green,0.2077
4152,white,0.1929
4155,green,0.207
4155,white,0.1936
4158,green,0.2067
4158,white,0.1939
4161,green,0.2066
4161,white,0.194
4164,green,0.2068
4164,white,0.1938
4167,green,0.2064
4167,white,0.1942
4170,green,0.2064
4170,white,0.194
4173,green,0.2061
4173,white,0.1943
4176,green,0.2064
4176,white,0.1941
4179,green,0.2061
4179,white,0.1945
4182,green,0.2052
4182,white,0.1956
4185,green,0.2054
4185,white,0.1956
4188,green,0.2058
4188,white,0.1955
4191,green,0.2062
4191,white,0.1955
4194,green,0.2063
4194,white,0.1957
4197,green,0.2065
4197,white,0.1961
4200,green,0.207
4200,white,0.1961
4203,green,0.2064
4203,white,0.1967
4206,green,0.2067
4206,white,0.1965
4209,green,0.2061
4209,white,0.1972
4212,green,0.206
4212,white,0.1976
4215,green,0.2063
4215,white,0.1976
4218,green,0.2063
4218,white,0.1979
4221,green,0.2069
4221,white,0.1974
4224,green,0.2069
4224,white,0.1973
4227,green,0.2059
4227,white,0.1982
4230,green,0.2062
4230,white,0.1981
4233,green,0.2055
4233,white,0.1988
4236,green,0.2049
4236,white,0.1997
4239,green,0.205
4239,white,0.1999
4242,green,0.2045
4242,white,0.2007
4245,green,0.204
4245,white,0.2014
4248,green,0.2041
4248,white,0.2021
4251,green,0.2039
4251,white,0.2027
4254,green,0.2039
4254,white,0.2036
4257,green,0.2047
4257,white,0.2039
4260,green,0.2056
4260,white,0.2042
4263,green,0.2056
4263,white,0.2055
4266,green,0.2054
4266,white,0.207
4269,green,0.2059
4269,white,0.2079
4272,green,0.207
4272,white,0.2082
4275,green,0.2082
4275,white,0.2085
4278,green,0.2085
4278,white,0.2098
4281,green,0.208
4281,white,0.212
4284,green,0.2079
4284,white,0.2133
4287,green,0.2071
4287,white,0.2155
4290,green,0.206
4290,white,0.2178
4293,green,0.2059
4293,white,0.2196
4296,green,0.2064
4296,white,0.2207
4299,green,0.2064
4299,white,0.2223
4302,green,0.2065
4302,white,0.2237
4305,green,0.2056
4305,white,0.2261
4308,green,0.2058
4308,white,0.2272
4311,green,0.2048
4311,white,0.2299
4314,green,0.206
4314,white,0.2306
4317,green,0.2065
4317,white,0.2318
4320,green,0.2071
4320,white,0.233
4323,green,0.2086
4323,white,0.2334
4326,green,0.2094
4326,white,0.2344
4329,green,0.2092
4329,white,0.2369
4332,green,0.2098
4332,white,0.2383
4335,green,0.2103
4335,white,0.2397
4338,green,0.2101
4338,white,0.2415
4341,green,0.2106
4341,white,0.243
4344,green,0.2105
4344,white,0.2453
4347,green,0.2111
4347,white,0.247
4350,green,0.2115
4350,white,0.2479
4353,green,0.2124
4353,white,0.2493
4356,green,0.2132
4356,white,0.2498
4359,green,0.2134
4359,white,0.2507
4362,green,0.2133
4362,white,0.252
4365,green,0.2128
4365,white,0.2536
4368,green,0.2132
4368,white,0.2554
4371,green,0.2137
4371,white,0.2559
4374,green,0.2137
4374,white,0.2585
4377,green,0.2157
4377,white,0.2578
4380,green,0.2168
4380,white,0.2595
4383,green,0.2184
4383,white,0.2609
4386,green,0.2193
4386,white,0.2615
4389,green,0.2216
4389,white,0.2607
4392,green,0.224
4392,white,0.2617
4395,green,0.2266
4395,white,0.2625
4398,green,0.2289
4398,white,0.2619
4401,green,0.2318
4401,white,0.2607
4404,green,0.2328
4404,white,0.2634
4407,green,0.2349
4407,white,0.2631
4410,green,0.2373
4410,white,0.2625
4413,green,0.2384
4413,white,0.2631
4416,green,0.2408
4416,white,0.2625
4419,green,0.2426
4419,white,0.262
4422,green,0.2444
4422,white,0.2619
4425,green,0.2467
4425,white,0.2614
4428,green,0.2483
4428,white,0.2639
4431,green,0.2509
4431,white,0.2631
4434,green,0.2531
4434,white,0.2618
4437,green,0.2548
4437,white,0.2611
4440,green,0.2557
4440,white,0.262
4443,green,0.2541
4443,white,0.2617
4446,green,0.2529
4446,white,0.262
4449,green,0.2513
4449,white,0.2625
4452,green,0.2504
4452,white,0.2622
4455,green,0.2487
4455,white,0.2628
4458,green,0.2474
4458,white,0.2616
4461,green,0.2454
4461,white,0.2624
4464,green,0.245
4464,white,0.26
4467,green,0.2436
4467,white,0.26
4470,green,0.2425
4470,white,0.2583
4473,green,0.2409
4473,white,0.2569
4476,green,0.2389
4476,white,0.2573
4479,green,0.2376
4479,white,0.257
4482,green,0.2355
4482,white,0.2557
4485,green,0.2329
4485,white,0.2548
4488,green,0.231
4488,white,0.2549
4491,green,0.2288
4491,white,0.2554
4494,green,0.2266
4494,white,0.2537
4497,green,0.2244
4497,white,0.2539
4500,green,0.2222
4500,white,0.2541
4503,green,0.2203
4503,white,0.2539
4506,green,0.217
4506,white,0.2551
4509,green,0.2151
4509,white,0.2548
4512,green,0.2124
4512,white,0.2552
4515,green,0.2098
4515,white,0.2554
4518,green,0.2089
4518,white,0.2516
4521,green,0.2058
4521,white,0.2523
4524,green,0.2034
4524,white,0.2523
4527,green,0.2009
4527,white,0.2523
4530,green,0.1992
4530,white,0.2513
4533,green,0.2003
4533,white,0.2502
4536,green,0.2015
4536,white,0.2492
4539,green,0.2018
4539,white,0.2489
4542,green,0.2029
4542,white,0.2479
4545,green,0.2051
4545,white,0.2459
4548,green,0.206
4548,white,0.2449
4551,green,0.2058
4551,white,0.2453
4554,green,0.2051
4554,white,0.2444
4557,green,0.2039
4557,white,0.244
4560,green,0.2045
4560,white,0.2416
4563,green,0.2043
4563,white,0.2401
4566,green,0.2036
4566,white,0.2393
4569,green,0.203
4569,white,0.2385
4572,green,0.2031
4572,white,0.2367
4575,green,0.202
4575,white,0.2362
4578,green,0.2012
4578,white,0.2352
4581,green,0.1997
4581,white,0.235
4584,green,0.2006
4584,white,0.2327
4587,green,0.2009
4587,white,0.2307
4590,green,0.2012
4590,white,0.2287
4593,green,0.2026
4593,white,0.2256
4596,green,0.2043
4596,white,0.2222
4599,green,0.2039
4599,white,0.221
4602,green,0.2053
4602,white,0.2179
4605,green,0.2058
4605,white,0.2158
4608,green,0.2056
4608,white,0.2143
4611,green,0.206
4611,white,0.2125
4614,green,0.2055
4614,white,0.2113
4617,green,0.2059
4617,white,0.2096
4620,green,0.2054
4620,white,0.2085
4623,green,0.205
4623,white,0.2072
4626,green,0.2045
4626,white,0.2061
4629,green,0.2044
4629,white,0.2047
4632,green,0.204
4632,white,0.2037
4635,green,0.2021
4635,white,0.204
4638,green,0.2016
4638,white,0.2032
4641,green,0.2026
4641,white,0.2011
4644,green,0.2029
4644,white,0.2011
4647,green,0.204
4647,white,0.2006
4650,green,0.2031
4650,white,0.2021
4653,green,0.2035
4653,white,0.2025
4656,green,0.2048
4656,white,0.2018
4659,green,0.2049
4659,white,0.2014
4662,green,0.2048
4662,white,0.2023
4665,green,0.2061
4665,white,0.2019
4668,green,0.2066
4668,white,0.2024
4671,green,0.2069
4671,white,0.2021
4674,green,0.2063
4674,white,0.2027
4677,green,0.2067
4677,white,0.2027
4680,green,0.2055
4680,white,0.2038
4683,green,0.2038
4683,white,0.2057
4686,green,0.2028
4686,white,0.2069
4689,green,0.203
4689,white,0.2068
4692,green,0.2029
4692,white,0.2071
4695,green,0.2025
4695,white,0.2076
4698,green,0.2014
4698,white,0.2089
4701,green,0.2015
4701,white,0.2086
4704,green,0.2029
4704,white,0.2072
4707,green,0.2028
4707,white,0.2073
4710,green,0.2024
4710,white,0.2078
4713,green,0.2025
4713,white,0.2079
4716,green,0.2049
4716,white,0.2075
4719,green,0.2067
4719,white,0.2078
4722,green,0.2091
4722,white,0.2074
4725,green,0.213
4725,white,0.2056
4728,green,0.2155
4728,white,0.2054
4731,green,0.2182
4731,white,0.2039
4734,green,0.221
4734,white,0.2023
4737,green,0.2235
4737,white,0.2012
4740,green,0.2257
4740,white,0.2003
4743,green,0.2278
4743,white,0.1992
4746,green,0.2295
4746,white,0.1986
4749,green,0.2313
4749,white,0.1986
4752,green,0.2323
4752,white,0.1985
4755,green,0.2353
4755,white,0.1964
4758,green,0.2353
4758,white,0.1972
4761,green,0.2376
4761,white,0.1966
4764,green,0.2378
4764,white,0.1981
4767,green,0.2388
4767,white,0.1987
4770,green,0.2405
4770,white,0.1989
4773,green,0.2425
4773,white,0.199
4776,green,0.2446
4776,white,0.1983
4779,green,0.2467
4779,white,0.1978
4782,green,0.2483
4782,white,0.1976
4785,green,0.2512
4785,white,0.1963
4788,green,0.2535
4788,white,0.1961
4791,green,0.2547
4791,white,0.1968
4794,green,0.256
4794,white,0.1975
4797,green,0.2568
4797,white,0.199
4800,green,0.2588
4800,white,0.1991
4803,green,0.2601
4803,white,0.1999
4806,green,0.2592
4806,white,0.2011
4809,green,0.2603
4809,white,0.2003
4812,green,0.2598
4812,white,0.2011
4815,green,0.2592
4815,white,0.201
4818,green,0.2588
4818,white,0.2007
4821,green,0.2589
4821,white,0.2007
4824,green,0.2587
4824,white,0.201
4827,green,0.258
4827,white,0.2014
4830,green,0.2578
4830,white,0.2016
4833,green,0.2586
4833,white,0.2008
4836,green,0.2592
4836,white,0.2007
4839,green,0.2589
4839,white,0.2009
4842,green,0.2595
4842,white,0.2004
4845,green,0.259
4845,white,0.2009
4848,green,0.2612
4848,white,0.1988
4851,green,0.2623
4851,white,0.1978
4854,green,0.2638
4854,white,0.1962
4857,green,0.2647
4857,white,0.1952
4860,green,0.2655
4860,white,0.1944
4863,green,0.2654
4863,white,0.1944
4866,green,0.2653
4866,white,0.1949
4869,green,0.2663
4869,white,0.1943
4872,green,0.2664
4872,white,0.1948
4875,green,0.2674
4875,white,0.1944
4878,green,0.269
4878,white,0.193
4881,green,0.2691
4881,white,0.1937
4884,green,0.2695
4884,white,0.1942
4887,green,0.2717
4887,white,0.1931
4890,green,0.2734
4890,white,0.1925
4893,green,0.2758
4893,white,0.1911
4896,green,0.2766
4896,white,0.1915
4899,green,0.2747
4899,white,0.1946
4902,green,0.2755
4902,white,0.1951
4905,green,0.2757
4905,white,0.1971
4908,green,0.2764
4908,white,0.1986
4911,green,0.2762
4911,white,0.2012
4914,green,0.2778
4914,white,0.202
4917,green,0.2804
4917,white,0.2009
4920,green,0.2821
4920,white,0.2003
4923,green,0.2833
4923,white,0.2006
4926,green,0.2842
4926,white,0.2022
4929,green,0.2833
4929,white,0.2031
4932,green,0.2822
4932,white,0.2042
4935,green,0.281
4935,white,0.2054
4938,green,0.2794
4938,white,0.2072
4941,green,0.2775
4941,white,0.209
4944,green,0.278
4944,white,0.2088
4947,green,0.278
4947,white,0.2089
4950,green,0.2784
4950,white,0.2087
4953,green,0.2792
4953,white,0.2081
4956,green,0.2798
4956,white,0.2077
4959,green,0.2783
4959,white,0.2093
4962,green,0.2773
4962,white,0.2105
4965,green,0.2752
4965,white,0.2128
4968,green,0.2737
4968,white,0.2137
4971,green,0.2739
4971,white,0.2124
4974,green,0.2739
4974,white,0.211
4977,green,0.273
4977,white,0.2107
4980,green,0.2713
4980,white,0.2107
4983,green,0.2682
4983,white,0.212
4986,green,0.2659
4986,white,0.2108
4989,green,0.2656
4989,white,0.2075
4992,green,0.2639
4992,white,0.2056
4995,green,0.2611
4995,white,0.2044
4998,green,0.2593
4998,white,0.2021
5001,green,0.2573
5001,white,0.2001
5004,green,0.254
5004,white,0.1992
5007,green,0.2492
5007,white,0.2011
5010,green,0.2458
5010,white,0.2017
5013,green,0.2419
5013,white,0.2027
5016,green,0.2389
5016,white,0.2014
5019,green,0.238
5019,white,0.2009
5022,green,0.2378
5022,white,0.1999
5025,green,0.237
5025,white,0.1994
5028,green,0.2361
5028,white,0.1992
5031,green,0.2356
5031,white,0.1984
5034,green,0.2343
5034,white,0.1984
5037,green,0.2329
5037,white,0.1985
5040,green,0.2313
5040,white,0.1989
5043,green,0.2287
5043,white,0.1993
5046,green,0.227
5046,white,0.1988
5049,green,0.2264
5049,white,0.1973
5052,green,0.225
5052,white,0.1963
5055,green,0.2238
5055,white,0.1952
5058,green,0.2222
5058,white,0.1953
5061,green,0.2213
5061,white,0.1944
5064,green,0.2185
5064,white,0.1959
5067,green,0.2176
5067,white,0.195
5070,green,0.2168
5070,white,0.1948
5073,green,0.217
5073,white,0.1932
5076,green,0.2183
5076,white,0.1927
5079,green,0.2192
5079,white,0.1922
5082,green,0.2185
5082,white,0.1938
5085,green,0.2197
5085,white,0.1939
5088,green,0.2191
5088,white,0.1958
5091,green,0.2194
5091,white,0.1969
5094,green,0.2204
5094,white,0.1973
5097,green,0.222
5097,white,0.1972
5100,green,0.223
5100,white,0.1978
5103,green,0.2234
5103,white,0.1991
5106,green,0.2238
5106,white,0.2003
5109,green,0.2238
5109,white,0.2021
5112,green,0.2248
5112,white,0.2017
5115,green,0.2258
5115,white,0.2026
5118,green,0.2278
5118,white,0.2025
5121,green,0.2287
5121,white,0.2036
5124,green,0.2297
5124,white,0.2047
5127,green,0.2293
5127,white,0.2043
5130,green,0.2296
5130,white,0.2032
5133,green,0.2299
5133,white,0.2029
5136,green,0.2289
5136,white,0.204
5139,green,0.2286
5139,white,0.2041
5142,green,0.2288
5142,white,0.2039
5145,green,0.2281
5145,white,0.2048
5148,green,0.2284
5148,white,0.2044
5151,green,0.2277
5151,white,0.2048
5154,green,0.2288
5154,white,0.2032
5157,green,0.2285
5157,white,0.2034
5160,green,0.228
5160,white,0.2032
5163,green,0.2269
5163,white,0.204
5166,green,0.2257
5166,white,0.2043
5169,green,0.2251
5169,white,0.2044
5172,green,0.2245
5172,white,0.2039
5175,green,0.2235
5175,white,0.2038
5178,green,0.2233
5178,white,0.2028
5181,green,0.2219
5181,white,0.203
5184,green,0.221
5184,white,0.2026
5187,green,0.2197
5187,white,0.2026
5190,green,0.2187
5190,white,0.2022
5193,green,0.2185
5193,white,0.201
5196,green,0.2183
5196,white,0.1996
5199,green,0.2182
5199,white,0.1982
5202,green,0.217
5202,white,0.1988
5205,green,0.2159
5205,white,0.1983
5208,green,0.2144
5208,white,0.198
5211,green,0.2129
5211,white,0.1978
5214,green,0.2109
5214,white,0.1978
5217,green,0.2101
5217,white,0.1996
5220,green,0.2089
5220,white,0.2017
5223,green,0.2088
5223,white,0.2029
5226,green,0.2083
5226,white,0.2044
5229,green,0.2078
5229,white,0.205
5232,green,0.2076
5232,white,0.2053
5235,green,0.2079
5235,white,0.2048
5238,green,0.208
5238,white,0.2048
5241,green,0.2076
5241,white,0.2052
5244,green,0.206
5244,white,0.207
5247,green,0.2057
5247,white,0.2075
5250,green,0.2048
5250,white,0.2084
5253,green,0.2051
5253,white,0.2082
5256,green,0.2056
5256,white,0.2079
5259,green,0.2051
5259,white,0.2085
5262,green,0.2065
5262,white,0.2073
5265,green,0.2063
5265,white,0.2077
5268,green,0.2057
5268,white,0.2084
5271,green,0.2065
5271,white,0.2074
5274,green,0.2054
5274,white,0.2086
5277,green,0.2052
5277,white,0.2089
5280,green,0.205
5280,white,0.2092
5283,green,0.2039
5283,white,0.2105
5286,green,0.2023
5286,white,0.2122
5289,green,0.2011
5289,white,0.2135
5292,green,0.1999
5292,white,0.2148
5295,green,0.1986
5295,white,0.2162
5298,green,0.1987
5298,white,0.2162
5301,green,0.1996
5301,white,0.2145
5304,green,0.2001
5304,white,0.2132
5307,green,0.1999
5307,white,0.2124
5310,green,0.1997
5310,white,0.2117
5313,green,0.2
5313,white,0.2105
5316,green,0.2005
5316,white,0.2089
5319,green,0.2005
5319,white,0.2089
5322,green,0.2003
5322,white,0.2091
5325,green,0.2012
5325,white,0.2082
5328,green,0.2007
5328,white,0.2089
5331,green,0.2012
5331,white,0.2087
5334,green,0.2008
5334,white,0.2088
5337,green,0.2007
5337,white,0.2091
5340,green,0.2016
5340,white,0.2085
5343,green,0.2013
5343,white,0.2092
5346,green,0.2012
5346,white,0.2096
5349,green,0.2013
5349,white,0.2099
5352,green,0.2007
5352,white,0.2108
5355,green,0.2011
5355,white,0.2108
5358,green,0.2017
5358,white,0.2105
5361,green,0.2017
5361,white,0.2106
5364,green,0.202
5364,white,0.2098
5367,green,0.202
5367,white,0.2093
5370,green,0.2017
5370,white,0.209
5373,green,0.2021
5373,white,0.2079
5376,green,0.2029
5376,white,0.2065
5379,green,0.204
5379,white,0.2049
5382,green,0.2057
5382,white,0.2026
5385,green,0.2072
5385,white,0.2005
5388,green,0.2067
5388,white,0.2004
5391,green,0.2067
5391,white,0.2008
5394,green,0.2077
5394,white,0.2001
5397,green,0.209
5397,white,0.1993
5400,green,0.2099
5400,white,0.1989
5403,green,0.2104
5403,white,0.1988
5406,green,0.2109
5406,white,0.1984
5409,green,0.2114
5409,white,0.1979
5412,green,0.2112
5412,white,0.1981
5415,green,0.2108
5415,white,0.1984
5418,green,0.2131
5418,white,0.1977
5421,green,0.2149
5421,white,0.1975
5424,green,0.218
5424,white,0.1964
5427,green,0.2201
5427,white,0.1959
5430,green,0.2221
5430,white,0.1951
5433,green,0.2244
5433,white,0.194
5436,green,0.2262
5436,white,0.1938
5439,green,0.2282
5439,white,0.1934
5442,green,0.2305
5442,white,0.1926
5445,green,0.2324
5445,white,0.1923
5448,green,0.2353
5448,white,0.1909
5451,green,0.2364
5451,white,0.1915
5454,green,0.2387
5454,white,0.191
5457,green,0.2404
5457,white,0.1911
5460,green,0.2427
5460,white,0.1905
5463,green,0.2448
5463,white,0.1902
5466,green,0.2463
5466,white,0.1902
5469,green,0.2486
5469,white,0.1895
5472,green,0.2498
5472,white,0.1899
5475,green,0.2509
5475,white,0.1903
5478,green,0.2534
5478,white,0.1893
5481,green,0.2546
5481,white,0.1897
5484,green,0.255
5484,white,0.1906
5487,green,0.2566
5487,white,0.1902
5490,green,0.2584
5490,white,0.1895
5493,green,0.26
5493,white,0.189
5496,green,0.261
5496,white,0.1897
5499,green,0.2612
5499,white,0.1912
5502,green,0.2635
5502,white,0.1908
5505,green,0.2649
5505,white,0.191
5508,green,0.2646
5508,white,0.1912
5511,green,0.2639
5511,white,0.1917
5514,green,0.2639
5514,white,0.1915
5517,green,0.2629
5517,white,0.1923
5520,green,0.2627
5520,white,0.1926
5523,green,0.2627
5523,white,0.1926
5526,green,0.2624
5526,white,0.1925
5529,green,0.2622
5529,white,0.1922
5532,green,0.2613
5532,white,0.1926
5535,green,0.2605
5535,white,0.1928
5538,green,0.2586
5538,white,0.1941
5541,green,0.2583
5541,white,0.1943
5544,green,0.2576
5544,white,0.1949
5547,green,0.2574
5547,white,0.1949
5550,green,0.2574
5550,white,0.1948
5553,green,0.2586
5553,white,0.1954
5556,green,0.2593
5556,white,0.1964
5559,green,0.2598
5559,white,0.1977
5562,green,0.2598
5562,white,0.1992
5565,green,0.259
5565,white,0.2018
5568,green,0.2586
5568,white,0.2039
5571,green,0.2585
5571,white,0.2053
5574,green,0.2581
5574,white,0.2074
5577,green,0.258
5577,white,0.209
5580,green,0.2579
5580,white,0.2107
5583,green,0.2566
5583,white,0.2136
5586,green,0.2569
5586,white,0.2149
5589,green,0.2583
5589,white,0.215
5592,green,0.2577
5592,white,0.217
5595,green,0.2583
5595,white,0.2181
5598,green,0.2589
5598,white,0.2189
5601,green,0.259
5601,white,0.2205
5604,green,0.2592
5604,white,0.2222
5607,green,0.2592
5607,white,0.2243
5610,green,0.2579
5610,white,0.227
5613,green,0.2565
5613,white,0.2301
5616,green,0.2557
5616,white,0.2326
5619,green,0.2556
5619,white,0.2345
5622,green,0.2557
5622,white,0.2363
5625,green,0.2562
5625,white,0.2377
5628,green,0.2566
5628,white,0.2389
5631,green,0.2572
5631,white,0.2401
5634,green,0.2582
5634,white,0.241
5637,green,0.2586
5637,white,0.2426
5640,green,0.2587
5640,white,0.2441
5643,green,0.2578
5643,white,0.245
5646,green,0.2572
5646,white,0.2455
5649,green,0.2564
5649,white,0.2461
5652,green,0.2546
5652,white,0.2479
5655,green,0.2539
5655,white,0.2484
5658,green,0.2531
5658,white,0.2489
5661,green,0.2527
5661,white,0.2493
5664,green,0.2521
5664,white,0.2499
5667,green,0.2503
5667,white,0.2516
5670,green,0.2496
5670,white,0.2528
5673,green,0.25
5673,white,0.2528
5676,green,0.249
5676,white,0.2539
5679,green,0.2484
5679,white,0.2544
5682,green,0.249
5682,white,0.2539
5685,green,0.2481
5685,white,0.2549
5688,green,0.2443
5688,white,0.2572
5691,green,0.2425
5691,white,0.2576
5694,green,0.2399
5694,white,0.2582
5697,green,0.2388
5697,white,0.2574
5700,green,0.238
5700,white,0.2567
5703,green,0.2369
5703,white,0.2561
5706,green,0.2356
5706,white,0.2559
5709,green,0.2342
5709,white,0.2555
5712,green,0.2333
5712,white,0.2547
5715,green,0.2318
5715,white,0.2545
5718,green,0.2308
5718,white,0.254
5721,green,0.2302
5721,white,0.2533
5724,green,0.2288
5724,white,0.2531
5727,green,0.2275
5727,white,0.2528
5730,green,0.2258
5730,white,0.2533
5733,green,0.2243
5733,white,0.2536
5736,green,0.223
5736,white,0.2539
5739,green,0.2219
5739,white,0.254
5742,green,0.2227
5742,white,0.2521
5745,green,0.2232
5745,white,0.2508
5748,green,0.2225
5748,white,0.2506
5751,green,0.2231
5751,white,0.2492
5754,green,0.2225
5754,white,0.2481
5757,green,0.2214
5757,white,0.2476
5760,green,0.2205
5760,white,0.2464
5763,green,0.2199
5763,white,0.2448
5766,green,0.2194
5766,white,0.2437
5769,green,0.2184
5769,white,0.2439
5772,green,0.2172
5772,white,0.2444
5775,green,0.2163
5775,white,0.2447
5778,green,0.2184
5778,white,0.2435
5781,green,0.2205
5781,white,0.2422
5784,green,0.2223
5784,white,0.2417
5787,green,0.2229
5787,white,0.2422
5790,green,0.2224
5790,white,0.2425
5793,green,0.2242
5793,white,0.2421
5796,green,0.2264
5796,white,0.2411
5799,green,0.2275
5799,white,0.2414
5802,green,0.2268
5802,white,0.242
5805,green,0.2279
5805,white,0.2423
5808,green,0.2286
5808,white,0.2429
5811,green,0.2293
5811,white,0.2435
5814,green,0.2291
5814,white,0.245
5817,green,0.2287
5817,white,0.2451
5820,green,0.2279
5820,white,0.2455
5823,green,0.2266
5823,white,0.2449
5826,green,0.2264
5826,white,0.2428
5829,green,0.2255
5829,white,0.2414
5832,green,0.2238
5832,white,0.2407
5835,green,0.2235
5835,white,0.2386
5838,green,0.2231
5838,white,0.2367
5841,green,0.2211
5841,white,0.2361
5844,green,0.2204
5844,white,0.2352
5847,green,0.2213
5847,white,0.2326
5850,green,0.2209
5850,white,0.2313
5853,green,0.2204
5853,white,0.2302
5856,green,0.2204
5856,white,0.2285
5859,green,0.22
5859,white,0.2263
5862,green,0.2194
5862,white,0.2243
5865,green,0.2196
5865,white,0.2213
5868,green,0.2196
5868,white,0.2186
5871,green,0.2181
5871,white,0.2172
5874,green,0.2166
5874,white,0.2158
5877,green,0.2158
5877,white,0.2137
5880,green,0.2164
5880,white,0.2114
5883,green,0.2142
5883,white,0.2106
5886,green,0.2125
5886,white,0.2092
5889,green,0.2111
5889,white,0.2075
5892,green,0.2115
5892,white,0.2055
5895,green,0.21
5895,white,0.2037
5898,green,0.2088
5898,white,0.2017
5901,green,0.2078
5901,white,0.1995
5904,green,0.2074
5904,white,0.1964
5907,green,0.2077
5907,white,0.1945
5910,green,0.2087
5910,white,0.1917
5913,green,0.2098
5913,white,0.1904
5916,green,0.2099
5916,white,0.1904
5919,green,0.2111
5919,white,0.1895
5922,green,0.2122
5922,white,0.1887
5925,green,0.2125
5925,white,0.1886
5928,green,0.2132
5928,white,0.1883
5931,green,0.2139
5931,white,0.188
5934,green,0.2147
5934,white,0.1872
5937,green,0.2142
5937,white,0.1879
5940,green,0.2151
5940,white,0.1871
5943,green,0.2152
5943,white,0.1873
5946,green,0.2158
5946,white,0.187
5949,green,0.2159
5949,white,0.187
5952,green,0.2161
5952,white,0.1868
5955,green,0.216
5955,white,0.1872
5958,green,0.2154
5958,white,0.188
5961,green,0.2153
5961,white,0.1884
5964,green,0.2154
5964,white,0.1886
5967,green,0.2153
5967,white,0.1888
5970,green,0.2155
5970,white,0.1887
5973,green,0.2168
5973,white,0.1876
5976,green,0.2166
5976,white,0.188
5979,green,0.2166
5979,white,0.1883
5982,green,0.2162
5982,white,0.1891
5985,green,0.2172
5985,white,0.1884
5988,green,0.2168
5988,white,0.1893
5991,green,0.2178
5991,white,0.1889
5994,green,0.2186
5994,white,0.1887
5997,green,0.2176
5997,white,0.1903
6000,green,0.2164
6000,white,0.1921
6003,green,0.216
6003,white,0.1926
6006,green,0.2161
6006,white,0.1923
6009,green,0.2156
6009,white,0.1933
6012,green,0.2141
6012,white,0.1954
6015,green,0.2129
6015,white,0.1971
6018,green,0.212
6018,white,0.1985
6021,green,0.2108
6021,white,0.2003
6024,green,0.2104
6024,white,0.2017
6027,green,0.2101
6027,white,0.2029
6030,green,0.2094
6030,white,0.2046
6033,green,0.2084
6033,white,0.2066
6036,green,0.2074
6036,white,0.2073
6039,green,0.208
6039,white,0.2066
6042,green,0.2077
6042,white,0.2081
6045,green,0.207
6045,white,0.21
6048,green,0.2064
6048,white,0.2117
6051,green,0.2061
6051,white,0.2132
6054,green,0.2056
6054,white,0.2148
6057,green,0.2053
6057,white,0.2167
6060,green,0.2054
6060,white,0.2181
6063,green,0.2057
6063,white,0.2193
6066,green,0.2054
6066,white,0.2211
6069,green,0.2058
6069,white,0.2222
6072,green,0.2061
6072,white,0.2235
6075,green,0.2051
6075,white,0.226
6078,green,0.2046
6078,white,0.228
6081,green,0.2032
6081,white,0.2309
6084,green,0.2024
6084,white,0.2332
6087,green,0.2035
6087,white,0.2336
6090,green,0.2039
6090,white,0.2326
6093,green,0.2038
6093,white,0.2326
6096,green,0.2034
6096,white,0.233
6099,green,0.2042
6099,white,0.2315
6102,green,0.2049
6102,white,0.23
6105,green,0.205
6105,white,0.229
6108,green,0.205
6108,white,0.2303
6111,green,0.2055
6111,white,0.2311
6114,green,0.2051
6114,white,0.2328
6117,green,0.2049
6117,white,0.2343
6120,green,0.2042
6120,white,0.2362
6123,green,0.2039
6123,white,0.2378
6126,green,0.2035
6126,white,0.2408
6129,green,0.2025
6129,white,0.2444
6132,green,0.2021
6132,white,0.2462
6135,green,0.2015
6135,white,0.2482
6138,green,0.2016
6138,white,0.2495
6141,green,0.2016
6141,white,0.2509
6144,green,0.2024
6144,white,0.2515
6147,green,0.2024
6147,white,0.2529
6150,green,0.202
6150,white,0.2547
6153,green,0.2011
6153,white,0.2539
6156,green,0.2002
6156,white,0.2531
6159,green,0.1997
6159,white,0.2517
6162,green,0.1989
6162,white,0.2507
6165,green,0.198
6165,white,0.2497
6168,green,0.1994
6168,white,0.2462
6171,green,0.1998
6171,white,0.2439
6174,green,0.199
6174,white,0.2426
6177,green,0.1977
6177,white,0.2448
6180,green,0.1977
6180,white,0.2479
6183,green,0.1977
6183,white,0.2479
6186,green,0.1978
6186,white,0.251
6189,green,0.1967
6189,white,0.2521
6192,green,0.1967
6192,white,0.2522
6195,green,0.197
6195,white,0.2518
6198,green,0.197
6198,white,0.2496
6201,green,0.1965
6201,white,0.2479
6204,green,0.1973
6204,white,0.2447
6207,green,0.1978
6207,white,0.2418
6210,green,0.1976
6210,white,0.2396
6213,green,0.1977
6213,white,0.237
6216,green,0.1979
6216,white,0.2342
6219,green,0.1974
6219,white,0.2321
6222,green,0.1976
6222,white,0.2291
6225,green,0.1976
6225,white,0.2264
6228,green,0.1973
6228,white,0.2239
6231,green,0.1983
6231,white,0.2201
6234,green,0.1978
6234,white,0.2177
6237,green,0.1981
6237,white,0.2144
6240,green,0.198
6240,white,0.2114
6243,green,0.1972
6243,white,0.2122
6246,green,0.1979
6246,white,0.2116
6249,green,0.1973
6249,white,0.2121
6252,green,0.1968
6252,white,0.2127
6255,green,0.1964
6255,white,0.2131
6258,green,0.1947
6258,white,0.2148
6261,green,0.1957
6261,white,0.2138
6264,green,0.1957
6264,white,0.2138
6267,green,0.1957
6267,white,0.2107
6270,green,0.1954
6270,white,0.2078
6273,green,0.1959
6273,white,0.2073
6276,green,0.196
6276,white,0.204
6279,green,0.1967
6279,white,0.2033
6282,green,0.1964
6282,white,0.2036
6285,green,0.1971
6285,white,0.2029
6288,green,0.1977
6288,white,0.2023
6291,green,0.1987
6291,white,0.2013
6294,green,0.1995
6294,white,0.2005
6297,green,0.2006
6297,white,0.1994
6300,green,0.2021
6300,white,0.1979
6303,green,0.2029
6303,white,0.2003
6306,green,0.2037
6306,white,0.1996
6309,green,0.2046
6309,white,0.1987
6312,green,0.2052
6312,white,0.1981
6315,green,0.206
6315,white,0.1972
6318,green,0.2067
6318,white,0.1966
6321,green,0.2067
6321,white,0.1966
6324,green,0.2081
6324,white,0.1952
6327,green,0.2093
6327,white,0.1939
6330,green,0.2095
6330,white,0.1971
6333,green,0.2104
6333,white,0.1996
6336,green,0.2107
6336,white,0.2027
6339,green,0.2116
6339,white,0.2018
6342,green,0.2126
6342,white,0.2008
6345,green,0.2141
6345,white,0.1993
6348,green,0.2152
6348,white,0.2017
6351,green,0.2155
6351,white,0.205
6354,green,0.2163
6354,white,0.2078
6357,green,0.2179
6357,white,0.2098
6360,green,0.2184
6360,white,0.2131
6363,green,0.2185
6363,white,0.2168
6366,green,0.2186
6366,white,0.2206
6369,green,0.2185
6369,white,0.2246
6372,green,0.22
6372,white,0.227
6375,green,0.2194
6375,white,0.2316
6378,green,0.2197
6378,white,0.2314
6381,green,0.2201
6381,white,0.231
6384,green,0.2197
6384,white,0.2314
6387,green,0.2194
6387,white,0.2317
6390,green,0.2179
6390,white,0.2331
6393,green,0.2185
6393,white,0.2293
6396,green,0.2187
6396,white,0.2292
6399,green,0.2186
6399,white,0.2295
6402,green,0.2182
6402,white,0.2301
6405,green,0.2187
6405,white,0.23
6408,green,0.2191
6408,white,0.2299
6411,green,0.2186
6411,white,0.2308
6414,green,0.2183
6414,white,0.2316
6417,green,0.217
6417,white,0.2334
6420,green,0.2167
6420,white,0.2304
6423,green,0.2172
6423,white,0.2265
6426,green,0.2169
6426,white,0.2233
6429,green,0.2168
6429,white,0.2234
6432,green,0.2164
6432,white,0.2238
6435,green,0.2159
6435,white,0.2243
6438,green,0.2162
6438,white,0.2206
6441,green,0.2157
6441,white,0.2181
6444,green,0.2162
6444,white,0.2146
6447,green,0.216
6447,white,0.2118
6450,green,0.2169
6450,white,0.2079
6453,green,0.2172
6453,white,0.2047
6456,green,0.2182
6456,white,0.2007
6459,green,0.2177
6459,white,0.1973
6462,green,0.2175
6462,white,0.1935
6465,green,0.2167
6465,white,0.1903
6468,green,0.2161
6468,white,0.1909
6471,green,0.2165
6471,white,0.1914
6474,green,0.2175
6474,white,0.1914
6477,green,0.2176
6477,white,0.1924
6480,green,0.219
6480,white,0.192
6483,green,0.2193
6483,white,0.1929
6486,green,0.2207
6486,white,0.1926
6489,green,0.2219
6489,white,0.1925
6492,green,0.2243
6492,white,0.1929
6495,green,0.2277
6495,white,0.1923
6498,green,0.2309
6498,white,0.1919
6501,green,0.2337
6501,white,0.1918
6504,green,0.2363
6504,white,0.192
6507,green,0.2398
6507,white,0.1913
6510,green,0.2432
6510,white,0.1912
6513,green,0.2441
6513,white,0.192
6516,green,0.2461
6516,white,0.1934
6519,green,0.2493
6519,white,0.1936
6522,green,0.2529
6522,white,0.1936
6525,green,0.2555
6525,white,0.1946
6528,green,0.2588
6528,white,0.195
6531,green,0.2617
6531,white,0.1952
6534,green,0.2636
6534,white,0.1964
6537,green,0.2665
6537,white,0.1966
6540,green,0.2676
6540,white,0.1964
6543,green,0.2719
6543,white,0.1952
6546,green,0.2736
6546,white,0.1965
6549,green,0.2771
6549,white,0.197
6552,green,0.2767
6552,white,0.1991
6555,green,0.2807
6555,white,0.1992
6558,green,0.2837
6558,white,0.2003
6561,green,0.2864
6561,white,0.2008
6564,green,0.2885
6564,white,0.202
6567,green,0.2909
6567,white,0.2029
6570,green,0.2936
6570,white,0.2033
6573,green,0.296
6573,white,0.2042
6576,green,0.2976
6576,white,0.2058
6579,green,0.2999
6579,white,0.2068
6582,green,0.2986
6582,white,0.2067
6585,green,0.2958
6585,white,0.2081
6588,green,0.2929
6588,white,0.2096
6591,green,0.2906
6591,white,0.2103
6594,green,0.2885
6594,white,0.2109
6597,green,0.2879
6597,white,0.2099
6600,green,0.2872
6600,white,0.2089
6603,green,0.2875
6603,white,0.2086
6606,green,0.2873
6606,white,0.207
6609,green,0.2856
6609,white,0.2069
6612,green,0.2846
6612,white,0.2061
6615,green,0.2843
6615,white,0.2044
6618,green,0.2825
6618,white,0.2043
6621,green,0.2801
6621,white,0.2046
6624,green,0.2774
6624,white,0.2052
6627,green,0.2747
6627,white,0.2058
6630,green,0.273
6630,white,0.2074
6633,green,0.2694
6633,white,0.2088
6636,green,0.2686
6636,white,0.2073
6639,green,0.267
6639,white,0.2066
6642,green,0.2686
6642,white,0.205
6645,green,0.2667
6645,white,0.2045
6648,green,0.265
6648,white,0.2038
6651,green,0.2619
6651,white,0.2044
6654,green,0.2587
6654,white,0.2051
6657,green,0.256
6657,white,0.2052
6660,green,0.2526
6660,white,0.206
6663,green,0.249
6663,white,0.207
6666,green,0.2459
6666,white,0.2076
6669,green,0.2432
6669,white,0.2075
6672,green,0.2423
6672,white,0.2083
6675,green,0.2416
6675,white,0.2091
6678,green,0.243
6678,white,0.2077
6681,green,0.2446
6681,white,0.206
6684,green,0.245
6684,white,0.2056
6687,green,0.2444
6687,white,0.2062
6690,green,0.2439
6690,white,0.2068
6693,green,0.2444
6693,white,0.2063
6696,green,0.2444
6696,white,0.2063
6699,green,0.2443
6699,white,0.2064
6702,green,0.2429
6702,white,0.2077
6705,green,0.242
6705,white,0.2086
6708,green,0.2413
6708,white,0.2093
6711,green,0.2413
6711,white,0.2093
6714,green,0.243
6714,white,0.2076
6717,green,0.2441
6717,white,0.2065
6720,green,0.2452
6720,white,0.2054
6723,green,0.2454
6723,white,0.2053
6726,green,0.2447
6726,white,0.206
6729,green,0.2444
6729,white,0.2062
6732,green,0.2455
6732,white,0.2051
6735,green,0.2469
6735,white,0.2038
6738,green,0.2472
6738,white,0.2035
6741,green,0.2479
6741,white,0.2027
6744,green,0.2498
6744,white,0.2008
6747,green,0.2511
6747,white,0.1994
6750,green,0.2537
6750,white,0.1968
6753,green,0.2556
6753,white,0.1947
6756,green,0.2571
6756,white,0.1929
6759,green,0.258
6759,white,0.192
6762,green,0.2574
6762,white,0.1909
6765,green,0.2573
6765,white,0.1894
6768,green,0.2551
6768,white,0.1899
6771,green,0.2536
6771,white,0.1899
6774,green,0.2525
6774,white,0.1894
6777,green,0.2518
6777,white,0.1888
6780,green,0.2502
6780,white,0.1887
6783,green,0.2471
6783,white,0.1903
6786,green,0.2457
6786,white,0.19
6789,green,0.2444
6789,white,0.1896
6792,green,0.2442
6792,white,0.1881
6795,green,0.2421
6795,white,0.1886
6798,green,0.2405
6798,white,0.1887
6801,green,0.24
6801,white,0.1876
6804,green,0.2378
6804,white,0.1883
6807,green,0.2354
6807,white,0.1891
6810,green,0.2345
6810,white,0.1886
6813,green,0.2336
6813,white,0.1881
6816,green,0.2322
6816,white,0.1882
6819,green,0.231
6819,white,0.1882
6822,green,0.2276
6822,white,0.1904
6825,green,0.2254
6825,white,0.1915
6828,green,0.2244
6828,white,0.1914
6831,green,0.2235
6831,white,0.1912
6834,green,0.2227
6834,white,0.191
6837,green,0.2222
6837,white,0.1906
6840,green,0.2197
6840,white,0.1923
6843,green,0.2187
6843,white,0.1925
6846,green,0.2179
6846,white,0.1925
6849,green,0.2172
6849,white,0.1926
6852,green,0.2193
6852,white,0.1916
6855,green,0.2208
6855,white,0.1912
6858,green,0.2223
6858,white,0.1908
6861,green,0.2231
6861,white,0.1911
6864,green,0.2224
6864,white,0.1917
6867,green,0.2212
6867,white,0.1928
6870,green,0.2206
6870,white,0.1935
6873,green,0.2211
6873,white,0.1931
6876,green,0.2209
6876,white,0.1937
6879,green,0.2205
6879,white,0.1944
6882,green,0.2193
6882,white,0.196
6885,green,0.2205
6885,white,0.1952
6888,green,0.2208
6888,white,0.1953
6891,green,0.2198
6891,white,0.1968
6894,green,0.2202
6894,white,0.197
6897,green,0.2209
6897,white,0.1967
6900,green,0.2204
6900,white,0.1978
6903,green,0.2198
6903,white,0.199
6906,green,0.2204
6906,white,0.1989
6909,green,0.2215
6909,white,0.1983
6912,green,0.2226
6912,white,0.1967
6915,green,0.2224
6915,white,0.1964
6918,green,0.2233
6918,white,0.1949
6921,green,0.2225
6921,white,0.1961
6924,green,0.2224
6924,white,0.1965
6927,green,0.222
6927,white,0.1973
6930,green,0.2229
6930,white,0.1967
6933,green,0.2239
6933,white,0.196
6936,green,0.2241
6936,white,0.1962
6939,green,0.2257
6939,white,0.195
6942,green,0.2236
6942,white,0.1974
6945,green,0.2234
6945,white,0.1979
6948,green,0.2228
6948,white,0.1989
6951,green,0.2219
6951,white,0.2001
6954,green,0.2232
6954,white,0.2005
6957,green,0.2238
6957,white,0.2014
6960,green,0.226
6960,white,0.2008
6963,green,0.2274
6963,white,0.201
6966,green,0.2274
6966,white,0.2025
6969,green,0.2286
6969,white,0.2029
6972,green,0.2298
6972,white,0.2033
6975,green,0.2303
6975,white,0.2043
6978,green,0.2296
6978,white,0.2066
6981,green,0.23
6981,white,0.2078
6984,green,0.2303
6984,white,0.2091
6987,green,0.23
6987,white,0.2109
6990,green,0.2296
6990,white,0.213
6993,green,0.2298
6993,white,0.2119
6996,green,0.2303
6996,white,0.2129
6999,green,0.2304
6999,white,0.2143
7002,green,0.2306
7002,white,0.2167
7005,green,0.2318
7005,white,0.218
7008,green,0.2321
7008,white,0.2204
7011,green,0.2345
7011,white,0.2196
7014,green,0.2339
7014,white,0.2219
7017,green,0.2339
7017,white,0.2236
7020,green,0.2343
7020,white,0.2249
7023,green,0.233
7023,white,0.2279
7026,green,0.2318
7026,white,0.2308
7029,green,0.2301
7029,white,0.2342
7032,green,0.2309
7032,white,0.235
7035,green,0.2308
7035,white,0.2338
7038,green,0.2302
7038,white,0.233
7041,green,0.2298
7041,white,0.2318
7044,green,0.2286
7044,white,0.2314
7047,green,0.227
7047,white,0.2312
7050,green,0.2253
7050,white,0.2313
7053,green,0.2245
7053,white,0.2303
7056,green,0.224
7056,white,0.2288
7059,green,0.2227
7059,white,0.2282
7062,green,0.2216
7062,white,0.2273
7065,green,0.2206
7065,white,0.2263
7068,green,0.2214
7068,white,0.2234
7071,green,0.2193
7071,white,0.2233
7074,green,0.2188
7074,white,0.2216
7077,green,0.2191
7077,white,0.2192
7080,green,0.2199
7080,white,0.2163
7083,green,0.2194
7083,white,0.2168
7086,green,0.218
7086,white,0.2158
7089,green,0.2157
7089,white,0.2157
7092,green,0.2147
7092,white,0.2142
7095,green,0.213
7095,white,0.2133
7098,green,0.2112
7098,white,0.2125
7101,green,0.2082
7101,white,0.213
7104,green,0.2071
7104,white,0.2116
7107,green,0.2059
7107,white,0.2102
7110,green,0.2041
7110,white,0.2091
7113,green,0.2034
7113,white,0.2069
7116,green,0.2028
7116,white,0.2045
7119,green,0.2013
7119,white,0.203
7122,green,0.2007
7122,white,0.2004
7125,green,0.1993
7125,white,0.2018
7128,green,0.1986
7128,white,0.2023
7131,green,0.1983
7131,white,0.2027
7134,green,0.1976
7134,white,0.2033
7137,green,0.1979
7137,white,0.2031
7140,green,0.1969
7140,white,0.2041
7143,green,0.1964
7143,white,0.2046
7146,green,0.1975
7146,white,0.2035
7149,green,0.1974
7149,white,0.2036
7152,green,0.1974
7152,white,0.2036
7155,green,0.198
7155,white,0.203
7158,green,0.1978
7158,white,0.2032
7161,green,0.1993
7161,white,0.2017
7164,green,0.1993
7164,white,0.2017
7167,green,0.1994
7167,white,0.2014
7170,green,0.1988
7170,white,0.2018
7173,green,0.1987
7173,white,0.2018
7176,green,0.1997
7176,white,0.2009
7179,green,0.2003
7179,white,0.2003
7182,green,0.2003
7182,white,0.2003
7185,green,0.2003
7185,white,0.2003
7188,green,0.2004
7188,white,0.2001
7191,green,0.201
7191,white,0.1994
7194,green,0.2012
7194,white,0.1991
7197,green,0.2013
7197,white,0.1987
7200,green,0.2014
7200,white,0.1986
7203,green,0.2015
7203,white,0.1985
7206,green,0.202
7206,white,0.198
7209,green,0.2024
7209,white,0.1976
7212,green,0.2025
7212,white,0.1975
7215,green,0.2019
7215,white,0.1981
7218,green,0.2025
7218,white,0.1975
7221,green,0.2026
7221,white,0.1974
7224,green,0.2034
7224,white,0.1966
7227,green,0.2036
7227,white,0.1964
7230,green,0.2042
7230,white,0.1958
7233,green,0.2048
7233,white,0.1952
7236,green,0.204
7236,white,0.196
7239,green,0.2041
7239,white,0.1959
7242,green,0.2043
7242,white,0.1957
7245,green,0.2042
7245,white,0.1958
7248,green,0.2045
7248,white,0.1955
7251,green,0.2046
7251,white,0.1954
7254,green,0.2047
7254,white,0.1953
7257,green,0.2045
7257,white,0.1955
7260,green,0.2036
7260,white,0.1964
7263,green,0.2045
7263,white,0.1955
7266,green,0.2044
7266,white,0.1956
7269,green,0.2045
7269,white,0.1955
7272,green,0.2037
7272,white,0.1963
7275,green,0.2037
7275,white,0.1963
7278,green,0.2036
7278,white,0.1964
7281,green,0.2037
7281,white,0.1963
7284,green,0.2037
7284,white,0.1963
7287,green,0.2044
7287,white,0.1956
7290,green,0.2042
7290,white,0.1958
7293,green,0.2044
7293,white,0.1956
7296,green,0.2051
7296,white,0.1952
7299,green,0.2055
7299,white,0.1948
7302,green,0.2056
7302,white,0.1948
7305,green,0.2065
7305,white,0.194
7308,green,0.2065
7308,white,0.1941
7311,green,0.2063
7311,white,0.1943
7314,green,0.2069
7314,white,0.1939
7317,green,0.2075
7317,white,0.1935
7320,green,0.2074
7320,white,0.1936
7323,green,0.2077
7323,white,0.1934
7326,green,0.2083
7326,white,0.1929
7329,green,0.2078
7329,white,0.1934
7332,green,0.2078
7332,white,0.1935
7335,green,0.2078
7335,white,0.1937
7338,green,0.2096
7338,white,0.1919
7341,green,0.2096
7341,white,0.192
7344,green,0.2101
7344,white,0.1916
7347,green,0.2098
7347,white,0.1919
7350,green,0.2107
7350,white,0.1913
7353,green,0.2096
7353,white,0.1926
7356,green,0.2093
7356,white,0.1932
7359,green,0.2086
7359,white,0.1942
7362,green,0.2096
7362,white,0.1936
7365,green,0.2106
7365,white,0.1931
7368,green,0.2108
7368,white,0.1934
7371,green,0.2112
7371,white,0.1935
7374,green,0.2125
7374,white,0.1946
7377,green,0.2124
7377,white,0.1964
7380,green,0.2136
7380,white,0.197
7383,green,0.2151
7383,white,0.1974
7386,green,0.2158
7386,white,0.1982
7389,green,0.2176
7389,white,0.1984
7392,green,0.2192
7392,white,0.1987
7395,green,0.2206
7395,white,0.1992
7398,green,0.222
7398,white,0.1999
7401,green,0.2238
7401,white,0.2003
7404,green,0.2255
7404,white,0.2007
7407,green,0.2272
7407,white,0.2011
7410,green,0.2276
7410,white,0.2031
7413,green,0.2291
7413,white,0.2039
7416,green,0.2296
7416,white,0.2058
7419,green,0.2325
7419,white,0.2054
7422,green,0.2347
7422,white,0.2057
7425,green,0.2357
7425,white,0.2072
7428,green,0.236
7428,white,0.2096
7431,green,0.2378
7431,white,0.2094
7434,green,0.239
7434,white,0.2098
7437,green,0.2405
7437,white,0.2109
7440,green,0.2426
7440,white,0.2115
7443,green,0.2439
7443,white,0.2129
7446,green,0.2451
7446,white,0.2143
7449,green,0.2483
7449,white,0.2124
7452,green,0.2496
7452,white,0.2124
7455,green,0.2505
7455,white,0.2126
7458,green,0.2523
7458,white,0.212
7461,green,0.2531
7461,white,0.2123
7464,green,0.2536
7464,white,0.2111
7467,green,0.2544
7467,white,0.2116
7470,green,0.2546
7470,white,0.2127
7473,green,0.254
7473,white,0.2132
7476,green,0.2537
7476,white,0.2134
7479,green,0.2536
7479,white,0.2133
7482,green,0.2535
7482,white,0.2134
7485,green,0.253
7485,white,0.2137
7488,green,0.2523
7488,white,0.2144
7491,green,0.2517
7491,white,0.2148
7494,green,0.25
7494,white,0.2164
7497,green,0.2494
7497,white,0.2169
7500,green,0.2507
7500,white,0.2155
7503,green,0.2508
7503,white,0.2153
7506,green,0.2521
7506,white,0.2138
7509,green,0.2517
7509,white,0.2141
7512,green,0.2509
7512,white,0.214
7515,green,0.2495
7515,white,0.2144
7518,green,0.2492
7518,white,0.2136
7521,green,0.2488
7521,white,0.2141
7524,green,0.2486
7524,white,0.2142
7527,green,0.2483
7527,white,0.2134
7530,green,0.2477
7530,white,0.2128
7533,green,0.2497
7533,white,0.2096
7536,green,0.2495
7536,white,0.2085
7539,green,0.2491
7539,white,0.209
7542,green,0.2488
7542,white,0.2092
7545,green,0.2484
7545,white,0.2096
7548,green,0.248
7548,white,0.2101
7551,green,0.2477
7551,white,0.2104
7554,green,0.2478
7554,white,0.2103
7557,green,0.2476
7557,white,0.2091
7560,green,0.2473
7560,white,0.208
7563,green,0.2478
7563,white,0.2074
7566,green,0.2492
7566,white,0.2059
7569,green,0.2487
7569,white,0.2062
7572,green,0.2479
7572,white,0.2068
7575,green,0.2474
7575,white,0.207
7578,green,0.2479
7578,white,0.2062
7581,green,0.2472
7581,white,0.2065
7584,green,0.2474
7584,white,0.2058
7587,green,0.2468
7587,white,0.2058
7590,green,0.2461
7590,white,0.206
7593,green,0.2445
7593,white,0.207
7596,green,0.2429
7596,white,0.2078
7599,green,0.2417
7599,white,0.2083
7602,green,0.2416
7602,white,0.2084
7605,green,0.2435
7605,white,0.2065
7608,green,0.2428
7608,white,0.2072
7611,green,0.2436
7611,white,0.2064
7614,green,0.243
7614,white,0.207
7617,green,0.2428
7617,white,0.2072
7620,green,0.2431
7620,white,0.2069
7623,green,0.2416
7623,white,0.2084
7626,green,0.2413
7626,white,0.2087
7629,green,0.2406
7629,white,0.2094
7632,green,0.2397
7632,white,0.2103
7635,green,0.2382
7635,white,0.2118
7638,green,0.2381
7638,white,0.2119
7641,green,0.2385
7641,white,0.2115
7644,green,0.237
7644,white,0.2113
7647,green,0.2357
7647,white,0.211
7650,green,0.2347
7650,white,0.2103
7653,green,0.2319
7653,white,0.2114
7656,green,0.2284
7656,white,0.2133
7659,green,0.2267
7659,white,0.2133
7662,green,0.2256
7662,white,0.2127
7665,green,0.2234
7665,white,0.2133
7668,green,0.221
7668,white,0.214
7671,green,0.2198
7671,white,0.2135
7674,green,0.2182
7674,white,0.2134
7677,green,0.2178
7677,white,0.2122
7680,green,0.2166
7680,white,0.2118
7683,green,0.2158
7683,white,0.2109
7686,green,0.2141
7686,white,0.2109
7689,green,0.214
7689,white,0.2094
7692,green,0.2134
7692,white,0.2083
7695,green,0.2109
7695,white,0.2091
7698,green,0.2096
7698,white,0.2087
7701,green,0.2073
7701,white,0.2093
7704,green,0.2072
7704,white,0.2078
7707,green,0.2069
7707,white,0.2064
7710,green,0.2045
7710,white,0.2072
7713,green,0.2039
7713,white,0.2061
7716,green,0.2023
7716,white,0.206
7719,green,0.2015
7719,white,0.2052
7722,green,0.2015
7722,white,0.2035
7725,green,0.2004
7725,white,0.2029
7728,green,0.1991
7728,white,0.2026
7731,green,0.1972
7731,white,0.2028
7734,green,0.1972
7734,white,0.2028
7737,green,0.1982
7737,white,0.2018
7740,green,0.1977
7740,white,0.2023
7743,green,0.1983
7743,white,0.2017
7746,green,0.1998
7746,white,0.2002
7749,green,0.2002
7749,white,0.1998
7752,green,0.1999
7752,white,0.2001
7755,green,0.2012
7755,white,0.1988
7758,green,0.2015
7758,white,0.1985
7761,green,0.2007
7761,white,0.1993
7764,green,0.2022
7764,white,0.1979
7767,green,0.2013
7767,white,0.1989
7770,green,0.2018
7770,white,0.1984
7773,green,0.2022
7773,white,0.1982
7776,green,0.2025
7776,white,0.1981
7779,green,0.2011
7779,white,0.1996
7782,green,0.2004
7782,white,0.2003
7785,green,0.2011
7785,white,0.1998
7788,green,0.2014
7788,white,0.1998
7791,green,0.2021
7791,white,0.1994
7794,green,0.2022
7794,white,0.1996
7797,green,0.2019
7797,white,0.2003
7800,green,0.2026
7800,white,0.1996
7803,green,0.2018
7803,white,0.2004
7806,green,0.2022
7806,white,0.2
7809,green,0.2015
7809,white,0.2007
7812,green,0.2006
7812,white,0.2016
7815,green,0.2033
7815,white,0.2011
7818,green,0.2053
7818,white,0.2012
7821,green,0.207
7821,white,0.2012
7824,green,0.208
7824,white,0.2018
7827,green,0.2084
7827,white,0.2031
7830,green,0.2101
7830,white,0.2031
7833,green,0.2128
7833,white,0.2021
7836,green,0.2143
7836,white,0.2023
7839,green,0.2154
7839,white,0.2028
7842,green,0.217
7842,white,0.2029
7845,green,0.2187
7845,white,0.2029
7848,green,0.2212
7848,white,0.202
7851,green,0.2237
7851,white,0.2012
7854,green,0.2242
7854,white,0.2023
7857,green,0.2262
7857,white,0.2018
7860,green,0.2277
7860,white,0.202
7863,green,0.2297
7863,white,0.2015
7866,green,0.2319
7866,white,0.2007
7869,green,0.235
7869,white,0.1993
7872,green,0.2357
7872,white,0.2001
7875,green,0.2365
7875,white,0.2008
7878,green,0.2375
7878,white,0.2012
7881,green,0.2395
7881,white,0.2006
7884,green,0.2402
7884,white,0.2012
7887,green,0.2417
7887,white,0.2009
7890,green,0.2425
7890,white,0.2019
7893,green,0.2433
7893,white,0.2027
7896,green,0.2453
7896,white,0.2024
7899,green,0.2478
7899,white,0.2021
7902,green,0.2499
7902,white,0.2023
7905,green,0.2511
7905,white,0.2013
7908,green,0.251
7908,white,0.2017
7911,green,0.2518
7911,white,0.2017
7914,green,0.2528
7914,white,0.2016
7917,green,0.2541
7917,white,0.2012
7920,green,0.256
7920,white,0.2003
7923,green,0.2558
7923,white,0.2015
7926,green,0.2561
7926,white,0.2024
7929,green,0.2568
7929,white,0.2028
7932,green,0.2574
7932,white,0.2035
7935,green,0.2567
7935,white,0.2054
7938,green,0.2568
7938,white,0.2067
7941,green,0.2582
7941,white,0.2067
7944,green,0.2593
7944,white,0.207
7947,green,0.2612
7947,white,0.2067
7950,green,0.2633
7950,white,0.2062
7953,green,0.264
7953,white,0.2071
7956,green,0.265
7956,white,0.2078
7959,green,0.2664
7959,white,0.2081
7962,green,0.2689
7962,white,0.2074
7965,green,0.2713
7965,white,0.2069
7968,green,0.2734
7968,white,0.2067
7971,green,0.2754
7971,white,0.2067
7974,green,0.2772
7974,white,0.207
7977,green,0.2783
7977,white,0.208
7980,green,0.2821
7980,white,0.2062
7983,green,0.2853
7983,white,0.2053
7986,green,0.2865
7986,white,0.2064
7989,green,0.2872
7989,white,0.2074
7992,green,0.2899
7992,white,0.2065
7995,green,0.2927
7995,white,0.2054
7998,green,0.2955
7998,white,0.2044
8001,green,0.2967
8001,white,0.2024
8004,green,0.3006
8004,white,0.2002
8007,green,0.2989
8007,white,0.2009
8010,green,0.2975
8010,white,0.2013
8013,green,0.2977
8013,white,0.2
8016,green,0.2967
8016,white,0.2
8019,green,0.2954
8019,white,0.2001
8022,green,0.2986
8022,white,0.1983
8025,green,0.303
8025,white,0.1953
8028,green,0.3054
8028,white,0.1943
8031,green,0.3052
8031,white,0.1931
8034,green,0.3075
8034,white,0.1921
8037,green,0.3081
8037,white,0.1929
8040,green,0.3087
8040,white,0.1936
8043,green,0.311
8043,white,0.1927
8046,green,0.3133
8046,white,0.1917
8049,green,0.3154
8049,white,0.1909
8052,green,0.3185
8052,white,0.1892
8055,green,0.3208
8055,white,0.1882
8058,green,0.3225
8058,white,0.1879
8061,green,0.3248
8061,white,0.1869
8064,green,0.3233
8064,white,0.1864
8067,green,0.3261
8067,white,0.1849
8070,green,0.3258
8070,white,0.1864
8073,green,0.3264
8073,white,0.1871
8076,green,0.3283
8076,white,0.1865
8079,green,0.3314
8079,white,0.1847
8082,green,0.3324
8082,white,0.1849
8085,green,0.3315
8085,white,0.1854
8088,green,0.3313
8088,white,0.1853
8091,green,0.3319
8091,white,0.1869
8094,green,0.33
8094,white,0.1885
8097,green,0.3335
8097,white,0.1873
8100,green,0.3365
8100,white,0.1866
8103,green,0.3388
8103,white,0.1867
8106,green,0.3433
8106,white,0.1847
8109,green,0.3493
8109,white,0.1812
8112,green,0.3493
8112,white,0.1812
8115,green,0.3497
8115,white,0.1808
8118,green,0.351
8118,white,0.1794
8121,green,0.3541
8121,white,0.1791
8124,green,0.3501
8124,white,0.1787
8127,green,0.3459
8127,white,0.1785
8130,green,0.3438
8130,white,0.1761
8133,green,0.3398
8133,white,0.1754
8136,green,0.335
8136,white,0.1755
8139,green,0.3293
8139,white,0.1765
8142,green,0.3227
8142,white,0.1782
8145,green,0.3166
8145,white,0.1794
8148,green,0.3104
8148,white,0.1806
8151,green,0.3042
8151,white,0.1819
8154,green,0.3024
8154,white,0.182
8157,green,0.2957
8157,white,0.1839
8160,green,0.2916
8160,white,0.1831
8163,green,0.2871
8163,white,0.1827
8166,green,0.2833
8166,white,0.1817
8169,green,0.2771
8169,white,0.1826
8172,green,0.2714
8172,white,0.1831
8175,green,0.2669
8175,white,0.1839
8178,green,0.2619
8178,white,0.1852
8181,green,0.2568
8181,white,0.1866
8184,green,0.2532
8184,white,0.1864
8187,green,0.2482
8187,white,0.1875
8190,green,0.2439
8190,white,0.1878
8193,green,0.2396
8193,white,0.1881
8196,green,0.2335
8196,white,0.1901
8199,green,0.2265
8199,white,0.1929
8202,green,0.2245
8202,white,0.1908
8205,green,0.2213
8205,white,0.1899
8208,green,0.2149
8208,white,0.192
8211,green,0.2106
8211,white,0.192
8214,green,0.2108
8214,white,0.1919
8217,green,0.2111
8217,white,0.1917
8220,green,0.208
8220,white,0.1951
8223,green,0.2066
8223,white,0.1968
8226,green,0.2078
8226,white,0.1957
8229,green,0.2089
8229,white,0.1948
8232,green,0.2078
8232,white,0.196
8235,green,0.2079
8235,white,0.1961
8238,green,0.2092
8238,white,0.1952
8241,green,0.2107
8241,white,0.194
8244,green,0.2106
8244,white,0.1945
8247,green,0.213
8247,white,0.1919
8250,green,0.2133
8250,white,0.1915
8253,green,0.2123
8253,white,0.1923
8256,green,0.212
8256,white,0.1923
8259,green,0.212
8259,white,0.1924
8262,green,0.2136
8262,white,0.1906
8265,green,0.2135
8265,white,0.1908
8268,green,0.2157
8268,white,0.1888
8271,green,0.2174
8271,white,0.1872
8274,green,0.2173
8274,white,0.1876
8277,green,0.2185
8277,white,0.1864
8280,green,0.2178
8280,white,0.1872
8283,green,0.2172
8283,white,0.1879
8286,green,0.2186
8286,white,0.1867
8289,green,0.2188
8289,white,0.1867
8292,green,0.2161
8292,white,0.1896
8295,green,0.2156
8295,white,0.1904
8298,green,0.216
8298,white,0.1904
8301,green,0.2148
8301,white,0.192
8304,green,0.2135
8304,white,0.1937
8307,green,0.2132
8307,white,0.1944
8310,green,0.2138
8310,white,0.1942
8313,green,0.2132
8313,white,0.1952
8316,green,0.2112
8316,white,0.198
8319,green,0.2099
8319,white,0.1992
8322,green,0.212
8322,white,0.1971
8325,green,0.2129
8325,white,0.1959
8328,green,0.2144
8328,white,0.1943
8331,green,0.2132
8331,white,0.1952
8334,green,0.2139
8334,white,0.1942
8337,green,0.2127
8337,white,0.1957
8340,green,0.2127
8340,white,0.1959
8343,green,0.2142
8343,white,0.1948
8346,green,0.2137
8346,white,0.1957
8349,green,0.2141
8349,white,0.1957
8352,green,0.2139
8352,white,0.1964
8355,green,0.2145
8355,white,0.1964
8358,green,0.2126
8358,white,0.1987
8361,green,0.2142
8361,white,0.1976
8364,green,0.2149
8364,white,0.1973
8367,green,0.2147
8367,white,0.1983
8370,green,0.2162
8370,white,0.1977
8373,green,0.2184
8373,white,0.1963
8376,green,0.2193
8376,white,0.1962
8379,green,0.2199
8379,white,0.1953
8382,green,0.2199
8382,white,0.195
8385,green,0.2173
8385,white,0.1972
8388,green,0.217
8388,white,0.197
8391,green,0.2168
8391,white,0.1967
8394,green,0.2174
8394,white,0.1954
8397,green,0.218
8397,white,0.1943
8400,green,0.2177
8400,white,0.1938
8403,green,0.2177
8403,white,0.1931
8406,green,0.2184
8406,white,0.1916
8409,green,0.2183
8409,white,0.1916
8412,green,0.2184
8412,white,0.1914
8415,green,0.2175
8415,white,0.1923
8418,green,0.2157
8418,white,0.1939
8421,green,0.2163
8421,white,0.1933
8424,green,0.2159
8424,white,0.1935
8427,green,0.2171
8427,white,0.192
8430,green,0.2179
8430,white,0.1908
8433,green,0.2177
8433,white,0.1906
8436,green,0.2174
8436,white,0.1905
8439,green,0.2181
8439,white,0.1893
8442,green,0.218
8442,white,0.1887
8445,green,0.2187
8445,white,0.1874
8448,green,0.2191
8448,white,0.1863
8451,green,0.218
8451,white,0.1867
8454,green,0.2152
8454,white,0.1886
8457,green,0.2153
8457,white,0.1877
8460,green,0.2152
8460,white,0.1868
8463,green,0.2138
8463,white,0.1872
8466,green,0.2124
8466,white,0.1876
8469,green,0.2119
8469,white,0.1881
8472,green,0.2114
8472,white,0.1886
8475,green,0.2129
8475,white,0.1871
8478,green,0.2147
8478,white,0.1853
8481,green,0.2161
8481,white,0.1839
8484,green,0.2161
8484,white,0.1839
8487,green,0.217
8487,white,0.183
8490,green,0.2176
8490,white,0.1824
8493,green,0.2183
8493,white,0.1817
8496,green,0.2187
8496,white,0.1813
8499,green,0.2192
8499,white,0.1808
8502,green,0.2197
8502,white,0.1803
8505,green,0.2204
8505,white,0.1796
8508,green,0.2207
8508,white,0.1793
8511,green,0.2195
8511,white,0.1805
8514,green,0.2205
8514,white,0.1807
8517,green,0.2204
8517,white,0.1819
8520,green,0.2194
8520,white,0.1828
8523,green,0.2208
8523,white,0.1827
8526,green,0.2213
8526,white,0.1822
8529,green,0.2205
8529,white,0.183
8532,green,0.2204
8532,white,0.1831
8535,green,0.2188
8535,white,0.1847
8538,green,0.2187
8538,white,0.1848
8541,green,0.2179
8541,white,0.1856
8544,green,0.2193
8544,white,0.1842
8547,green,0.2189
8547,white,0.1846
8550,green,0.2177
8550,white,0.1858
8553,green,0.2176
8553,white,0.1859
8556,green,0.2173
8556,white,0.1862
8559,green,0.2179
8559,white,0.1856
8562,green,0.2187
8562,white,0.1848
8565,green,0.2185
8565,white,0.185
8568,green,0.2176
8568,white,0.1859
8571,green,0.2166
8571,white,0.1869
8574,green,0.2161
8574,white,0.1874
8577,green,0.2146
8577,white,0.1889
8580,green,0.2142
8580,white,0.1893
8583,green,0.2136
8583,white,0.1899
8586,green,0.2129
8586,white,0.1906
8589,green,0.2121
8589,white,0.1914
8592,green,0.2104
8592,white,0.1931
8595,green,0.2088
8595,white,0.1947
8598,green,0.208
8598,white,0.1955
8601,green,0.2073
8601,white,0.1962
8604,green,0.2053
8604,white,0.1971
8607,green,0.2042
8607,white,0.197
8610,green,0.2027
8610,white,0.1985
8613,green,0.201
8613,white,0.199
8616,green,0.2005
8616,white,0.1995
8619,green,0.1995
8619,white,0.2005
8622,green,0.198
8622,white,0.202
8625,green,0.1978
8625,white,0.2022
8628,green,0.1974
8628,white,0.2026
8631,green,0.1973
8631,white,0.2027
8634,green,0.1961
8634,white,0.2039
8637,green,0.1959
8637,white,0.2041
8640,green,0.1955
8640,white,0.2045
8643,green,0.1946
8643,white,0.2054
8646,green,0.1939
8646,white,0.2061
8649,green,0.193
8649,white,0.207
8652,green,0.1922
8652,white,0.2078
8655,green,0.1921
8655,white,0.2079
8658,green,0.1914
8658,white,0.2086
8661,green,0.1917
8661,white,0.2083
8664,green,0.1916
8664,white,0.2084
8667,green,0.1913
8667,white,0.2087
8670,green,0.1919
8670,white,0.2081
8673,green,0.1925
8673,white,0.2075
8676,green,0.1931
8676,white,0.2069
8679,green,0.194
8679,white,0.206
8682,green,0.1956
8682,white,0.2044
8685,green,0.1973
8685,white,0.2027
8688,green,0.1989
8688,white,0.2011
8691,green,0.2002
8691,white,0.1998
8694,green,0.2015
8694,white,0.1985
8697,green,0.2025
8697,white,0.1975
8700,green,0.2038
8700,white,0.1962
8703,green,0.2037
8703,white,0.1963
8706,green,0.204
8706,white,0.196
8709,green,0.2059
8709,white,0.1941
8712,green,0.2072
8712,white,0.1928
8715,green,0.2079
8715,white,0.1921
8718,green,0.2087
8718,white,0.1913
8721,green,0.2079
8721,white,0.1921
8724,green,0.209
8724,white,0.191
8727,green,0.2089
8727,white,0.1911
8730,green,0.2095
8730,white,0.1905
8733,green,0.2103
8733,white,0.1897
8736,green,0.2104
8736,white,0.1896
8739,green,0.2108
8739,white,0.1892
8742,green,0.2105
8742,white,0.1895
8745,green,0.21
8745,white,0.19
8748,green,0.2084
8748,white,0.1916
8751,green,0.2072
8751,white,0.1928
8754,green,0.2068
8754,white,0.1932
8757,green,0.2062
8757,white,0.1938
8760,green,0.2049
8760,white,0.1951
8763,green,0.2035
8763,white,0.1965
8766,green,0.202
8766,white,0.198
8769,green,0.2002
8769,white,0.1998
8772,green,0.1981
8772,white,0.2019
8775,green,0.1964
8775,white,0.2036
8778,green,0.1954
8778,white,0.2046
8781,green,0.1936
8781,white,0.2064
8784,green,0.1923
8784,white,0.2077
8787,green,0.1901
8787,white,0.2099
8790,green,0.1892
8790,white,0.2108
8793,green,0.1894
8793,white,0.2106
8796,green,0.1887
8796,white,0.2113
8799,green,0.1872
8799,white,0.2128
8802,green,0.1865
8802,white,0.2135
8805,green,0.186
8805,white,0.214
8808,green,0.1854
8808,white,0.2146
8811,green,0.1862
8811,white,0.2138
8814,green,0.1857
8814,white,0.2143
8817,green,0.1866
8817,white,0.2134
8820,green,0.186
8820,white,0.214
8823,green,0.1862
8823,white,0.2138
8826,green,0.1863
8826,white,0.2137
8829,green,0.1865
8829,white,0.2135
8832,green,0.1868
8832,white,0.2132
8835,green,0.1868
8835,white,0.2132
8838,green,0.1884
8838,white,0.2116
8841,green,0.1892
8841,white,0.2108
8844,green,0.1901
8844,white,0.2099
8847,green,0.1911
8847,white,0.2089
8850,green,0.1924
8850,white,0.2076
8853,green,0.1941
8853,white,0.2059
8856,green,0.1956
8856,white,0.2044
8859,green,0.1965
8859,white,0.2035
8862,green,0.1967
8862,white,0.2033
8865,green,0.1976
8865,white,0.2024
8868,green,0.197
8868,white,0.203
8871,green,0.1972
8871,white,0.2028
8874,green,0.1975
8874,white,0.2025
8877,green,0.1984
8877,white,0.2016
8880,green,0.199
8880,white,0.201
8883,green,0.1979
8883,white,0.2021
8886,green,0.1974
8886,white,0.2026
8889,green,0.1982
8889,white,0.2018
8892,green,0.1985
8892,white,0.2015
8895,green,0.1991
8895,white,0.2009
8898,green,0.1996
8898,white,0.2004
8901,green,0.1996
8901,white,0.2004
8904,green,0.1999
8904,white,0.2001
8907,green,0.2006
8907,white,0.1994
8910,green,0.2003
8910,white,0.1997
8913,green,0.1995
8913,white,0.2005
8916,green,0.201
8916,white,0.199
8919,green,0.1986
8919,white,0.2014
8922,green,0.1974
8922,white,0.2026
8925,green,0.1967
8925,white,0.2033
8928,green,0.1963
8928,white,0.2037
8931,green,0.1947
8931,white,0.2053
8934,green,0.1925
8934,white,0.2075
8937,green,0.1907
8937,white,0.2093
8940,green,0.1889
8940,white,0.2111
8943,green,0.1873
8943,white,0.2127
8946,green,0.1849
8946,white,0.2151
8949,green,0.1849
8949,white,0.2151
8952,green,0.1852
8952,white,0.2148
8955,green,0.1849
8955,white,0.2151
8958,green,0.1851
8958,white,0.2149
8961,green,0.1859
8961,white,0.2141
8964,green,0.1862
8964,white,0.2138
8967,green,0.186
8967,white,0.214
8970,green,0.1845
8970,white,0.2155
8973,green,0.1842
8973,white,0.2158
8976,green,0.1849
8976,white,0.2151
8979,green,0.1826
8979,white,0.2174
8982,green,0.1823
8982,white,0.2177
8985,green,0.1818
8985,white,0.2182
8988,green,0.1808
8988,white,0.2192
8991,green,0.1802
8991,white,0.2198
8994,green,0.1799
8994,white,0.2201
8997,green,0.1787
8997,white,0.2213
9000,green,0.1794
9000,white,0.2224
9003,green,0.18
9003,white,0.2235
9006,green,0.1794
9006,white,0.2257
9009,green,0.181
9009,white,0.2258
9012,green,0.1821
9012,white,0.2264
9015,green,0.1828
9015,white,0.2274
9018,green,0.1823
9018,white,0.2295
9021,green,0.1834
9021,white,0.2301
9024,green,0.1845
9024,white,0.2307
9027,green,0.186
9027,white,0.2308
9030,green,0.187
9030,white,0.2316
9033,green,0.1882
9033,white,0.232
9036,green,0.1898
9036,white,0.232
9039,green,0.1904
9039,white,0.2332
9042,green,0.1909
9042,white,0.2343
9045,green,0.1918
9045,white,0.2352
9048,green,0.1929
9048,white,0.236
9051,green,0.1931
9051,white,0.2376
9054,green,0.1938
9054,white,0.2389
9057,green,0.1947
9057,white,0.24
9060,green,0.1968
9060,white,0.2396
9063,green,0.1987
9063,white,0.2394
9066,green,0.1989
9066,white,0.2408
9069,green,0.2011
9069,white,0.2407
9072,green,0.2021
9072,white,0.2419
9075,green,0.2023
9075,white,0.2433
9078,green,0.2032
9078,white,0.2442
9081,green,0.2036
9081,white,0.2456
9084,green,0.204
9084,white,0.247
9087,green,0.2042
9087,white,0.2486
9090,green,0.204
9090,white,0.249
9093,green,0.2039
9093,white,0.249
9096,green,0.2037
9096,white,0.2493
9099,green,0.205
9099,white,0.248
9102,green,0.2044
9102,white,0.2486
9105,green,0.2041
9105,white,0.249
9108,green,0.2056
9108,white,0.2477
9111,green,0.2052
9111,white,0.2482
9114,green,0.2061
9114,white,0.2475
9117,green,0.2058
9117,white,0.2479
9120,green,0.2057
9120,white,0.2483
9123,green,0.2053
9123,white,0.2487
9126,green,0.2051
9126,white,0.2492
9129,green,0.2057
9129,white,0.2489
9132,green,0.2058
9132,white,0.2492
9135,green,0.2056
9135,white,0.2499
9138,green,0.2056
9138,white,0.25
9141,green,0.2061
9141,white,0.2498
9144,green,0.2059
9144,white,0.2506
9147,green,0.2065
9147,white,0.2501
9150,green,0.2059
9150,white,0.2508
9153,green,0.2053
9153,white,0.2516
9156,green,0.2049
9156,white,0.2521
9159,green,0.2046
9159,white,0.2521
9162,green,0.204
9162,white,0.2525
9165,green,0.2036
9165,white,0.2531
9168,green,0.2038
9168,white,0.2531
9171,green,0.2043
9171,white,0.2526
9174,green,0.2031
9174,white,0.2537
9177,green,0.2025
9177,white,0.2541
9180,green,0.2018
9180,white,0.2546
9183,green,0.2022
9183,white,0.2543
9186,green,0.2016
9186,white,0.2549
9189,green,0.2008
9189,white,0.2559
9192,green,0.2014
9192,white,0.2558
9195,green,0.202
9195,white,0.2557
9198,green,0.2017
9198,white,0.2557
9201,green,0.2026
9201,white,0.2548
9204,green,0.2019
9204,white,0.2554
9207,green,0.2027
9207,white,0.2544
9210,green,0.2034
9210,white,0.2534
9213,green,0.2041
9213,white,0.2527
9216,green,0.2038
9216,white,0.2528
9219,green,0.2027
9219,white,0.2535
9222,green,0.2025
9222,white,0.2533
9225,green,0.2021
9225,white,0.2532
9228,green,0.2009
9228,white,0.2542
9231,green,0.1999
9231,white,0.2549
9234,green,0.1996
9234,white,0.2544
9237,green,0.1986
9237,white,0.2553
9240,green,0.1993
9240,white,0.2548
9243,green,0.2001
9243,white,0.2544
9246,green,0.2007
9246,white,0.2541
9249,green,0.2016
9249,white,0.2536
9252,green,0.2018
9252,white,0.2537
9255,green,0.2019
9255,white,0.2539
9258,green,0.2034
9258,white,0.2528
9261,green,0.2034
9261,white,0.2536
9264,green,0.2053
9264,white,0.2525
9267,green,0.2066
9267,white,0.252
9270,green,0.2077
9270,white,0.2493
9273,green,0.2078
9273,white,0.2483
9276,green,0.2087
9276,white,0.2465
9279,green,0.2094
9279,white,0.245
9282,green,0.2107
9282,white,0.2427
9285,green,0.2105
9285,white,0.2407
9288,green,0.2105
9288,white,0.239
9291,green,0.2116
9291,white,0.2374
9294,green,0.2131
9294,white,0.2353
9297,green,0.214
9297,white,0.2341
9300,green,0.215
9300,white,0.2328
9303,green,0.2161
9303,white,0.2314
9306,green,0.2181
9306,white,0.2292
9309,green,0.2182
9309,white,0.2275
9312,green,0.2179
9312,white,0.2261
9315,green,0.2178
9315,white,0.2245
9318,green,0.2181
9318,white,0.2224
9321,green,0.2183
9321,white,0.2203
9324,green,0.2178
9324,white,0.2189
9327,green,0.2173
9327,white,0.2174
9330,green,0.2167
9330,white,0.216
9333,green,0.2161
9333,white,0.2145
9336,green,0.2161
9336,white,0.2124
9339,green,0.2151
9339,white,0.2113
9342,green,0.2147
9342,white,0.2094
9345,green,0.2162
9345,white,0.2071
9348,green,0.2143
9348,white,0.2066
9351,green,0.2141
9351,white,0.2044
9354,green,0.2133
9354,white,0.2027
9357,green,0.2123
9357,white,0.2012
9360,green,0.2137
9360,white,0.2014
9363,green,0.2144
9363,white,0.2013
9366,green,0.2153
9366,white,0.2012
9369,green,0.2143
9369,white,0.2011
9372,green,0.2133
9372,white,0.201
9375,green,0.2127
9375,white,0.2016
9378,green,0.2127
9378,white,0.2016
9381,green,0.2115
9381,white,0.2016
9384,green,0.2097
9384,white,0.2022
9387,green,0.2079
9387,white,0.2027
9390,green,0.2057
9390,white,0.2036
9393,green,0.2038
9393,white,0.2041
9396,green,0.2014
9396,white,0.2051
9399,green,0.2015
9399,white,0.2051
9402,green,0.201
9402,white,0.2058
9405,green,0.2006
9405,white,0.2064
9408,green,0.2015
9408,white,0.2055
9411,green,0.2009
9411,white,0.2061
9414,green,0.2002
9414,white,0.2068
9417,green,0.1996
9417,white,0.2074
9420,green,0.1985
9420,white,0.2085
9423,green,0.1984
9423,white,0.2089
9426,green,0.1974
9426,white,0.2103
9429,green,0.1969
9429,white,0.2108
9432,green,0.1957
9432,white,0.2124
9435,green,0.1934
9435,white,0.2131
9438,green,0.1937
9438,white,0.2133
9441,green,0.1937
9441,white,0.2133
9444,green,0.1935
9444,white,0.2135
9447,green,0.1929
9447,white,0.2141
9450,green,0.1926
9450,white,0.2128
9453,green,0.1907
9453,white,0.2132
9456,green,0.1889
9456,white,0.2133
9459,green,0.1895
9459,white,0.213
9462,green,0.1897
9462,white,0.213
9465,green,0.1905
9465,white,0.2122
9468,green,0.1899
9468,white,0.2127
9471,green,0.1898
9471,white,0.2129
9474,green,0.1904
9474,white,0.2122
9477,green,0.1912
9477,white,0.2114
9480,green,0.1923
9480,white,0.2104
9483,green,0.1931
9483,white,0.2097
9486,green,0.1939
9486,white,0.2089
9489,green,0.1947
9489,white,0.208
9492,green,0.1958
9492,white,0.2068
9495,green,0.1972
9495,white,0.2052
9498,green,0.1977
9498,white,0.205
9501,green,0.1996
9501,white,0.203
9504,green,0.2014
9504,white,0.2013
9507,green,0.2026
9507,white,0.2001
9510,green,0.2023
9510,white,0.2004
9513,green,0.2027
9513,white,0.1997
9516,green,0.2016
9516,white,0.2005
9519,green,0.2017
9519,white,0.2005
9522,green,0.2015
9522,white,0.2004
9525,green,0.2026
9525,white,0.1994
9528,green,0.2025
9528,white,0.1993
9531,green,0.2026
9531,white,0.1995
9534,green,0.2027
9534,white,0.1997
9537,green,0.2041
9537,white,0.1987
9540,green,0.2037
9540,white,0.1996
9543,green,0.2042
9543,white,0.1996
9546,green,0.2049
9546,white,0.1993
9549,green,0.2053
9549,white,0.1994
9552,green,0.2067
9552,white,0.1984
9555,green,0.2064
9555,white,0.1994
9558,green,0.2087
9558,white,0.198
9561,green,0.2098
9561,white,0.1978
9564,green,0.211
9564,white,0.1975
9567,green,0.2118
9567,white,0.1977
9570,green,0.2131
9570,white,0.1974
9573,green,0.214
9573,white,0.1976
9576,green,0.216
9576,white,0.1967
9579,green,0.2154
9579,white,0.1973
9582,green,0.2144
9582,white,0.1984
9585,green,0.2132
9585,white,0.1995
9588,green,0.2124
9588,white,0.2002
9591,green,0.2113
9591,white,0.2015
9594,green,0.211
9594,white,0.2018
9597,green,0.211
9597,white,0.202
9600,green,0.2132
9600,white,0.1999
9603,green,0.2129
9603,white,0.2004
9606,green,0.2151
9606,white,0.1983
9609,green,0.2154
9609,white,0.1981
9612,green,0.2183
9612,white,0.1956
9615,green,0.2183
9615,white,0.1959
9618,green,0.2188
9618,white,0.1958
9621,green,0.2187
9621,white,0.1962
9624,green,0.2193
9624,white,0.1961
9627,green,0.2201
9627,white,0.1958
9630,green,0.2191
9630,white,0.1965
9633,green,0.2189
9633,white,0.1962
9636,green,0.2177
9636,white,0.197
9639,green,0.2165
9639,white,0.1978
9642,green,0.2164
9642,white,0.1989
9645,green,0.2181
9645,white,0.1982
9648,green,0.218
9648,white,0.1994
9651,green,0.2191
9651,white,0.1993
9654,green,0.2194
9654,white,0.2
9657,green,0.2197
9657,white,0.2004
9660,green,0.2199
9660,white,0.2008
9663,green,0.22
9663,white,0.2012
9666,green,0.2189
9666,white,0.2029
9669,green,0.2203
9669,white,0.2031
9672,green,0.2217
9672,white,0.2032
9675,green,0.2225
9675,white,0.204
9678,green,0.2236
9678,white,0.2045
9681,green,0.2246
9681,white,0.2051
9684,green,0.2245
9684,white,0.2069
9687,green,0.226
9687,white,0.2069
9690,green,0.2257
9690,white,0.2087
9693,green,0.2277
9693,white,0.2082
9696,green,0.229
9696,white,0.2086
9699,green,0.2304
9699,white,0.2087
9702,green,0.2311
9702,white,0.2096
9705,green,0.2324
9705,white,0.2096
9708,green,0.2333
9708,white,0.2099
9711,green,0.2347
9711,white,0.2096
9714,green,0.2357
9714,white,0.2097
9717,green,0.2358
9717,white,0.2104
9720,green,0.2374
9720,white,0.2104
9723,green,0.2395
9723,white,0.2098
9726,green,0.2423
9726,white,0.2085
9729,green,0.2444
9729,white,0.2079
9732,green,0.2446
9732,white,0.2076
9735,green,0.2445
9735,white,0.2076
9738,green,0.2449
9738,white,0.207
9741,green,0.2446
9741,white,0.2073
9744,green,0.2447
9744,white,0.2073
9747,green,0.2453
9747,white,0.2067
9750,green,0.2456
9750,white,0.2065
9753,green,0.2466
9753,white,0.2055
9756,green,0.2468
9756,white,0.2053
9759,green,0.2469
9759,white,0.2053
9762,green,0.2464
9762,white,0.2058
9765,green,0.2483
9765,white,0.204
9768,green,0.2484
9768,white,0.2042
9771,green,0.2493
9771,white,0.2032
9774,green,0.2505
9774,white,0.2019
9777,green,0.2501
9777,white,0.2026
9780,green,0.2507
9780,white,0.2024
9783,green,0.2507
9783,white,0.2027
9786,green,0.2515
9786,white,0.2023
9789,green,0.253
9789,white,0.2011
9792,green,0.2532
9792,white,0.2006
9795,green,0.2542
9795,white,0.1996
9798,green,0.2557
9798,white,0.1986
9801,green,0.2561
9801,white,0.1986
9804,green,0.2567
9804,white,0.1977
9807,green,0.2579
9807,white,0.1966
9810,green,0.2587
9810,white,0.1958
9813,green,0.2585
9813,white,0.196
9816,green,0.2585
9816,white,0.196
9819,green,0.2577
9819,white,0.1968
9822,green,0.259
9822,white,0.1962
9825,green,0.2601
9825,white,0.1959
9828,green,0.2605
9828,white,0.1963
9831,green,0.2614
9831,white,0.196
9834,green,0.2616
9834,white,0.1963
9837,green,0.2616
9837,white,0.1972
9840,green,0.2627
9840,white,0.1971
9843,green,0.2629
9843,white,0.198
9846,green,0.2646
9846,white,0.1975
9849,green,0.265
9849,white,0.1983
9852,green,0.2676
9852,white,0.197
9855,green,0.2683
9855,white,0.1974
9858,green,0.2684
9858,white,0.1971
9861,green,0.2674
9861,white,0.1981
9864,green,0.2669
9864,white,0.1987
9867,green,0.2674
9867,white,0.198
9870,green,0.268
9870,white,0.1973
9873,green,0.2676
9873,white,0.1974
9876,green,0.2663
9876,white,0.1986
9879,green,0.2654
9879,white,0.1989
9882,green,0.2649
9882,white,0.1995
9885,green,0.2639
9885,white,0.2005
9888,green,0.2624
9888,white,0.2016
9891,green,0.262
9891,white,0.2014
9894,green,0.261
9894,white,0.2025
9897,green,0.2594
9897,white,0.2041
9900,green,0.2593
9900,white,0.2042
9903,green,0.259
9903,white,0.2045
9906,green,0.2578
9906,white,0.2057
9909,green,0.2576
9909,white,0.2059
9912,green,0.2538
9912,white,0.2074
9915,green,0.2503
9915,white,0.2086
9918,green,0.2472
9918,white,0.2094
9921,green,0.244
9921,white,0.2102
9924,green,0.2416
9924,white,0.2103
9927,green,0.2394
9927,white,0.2102
9930,green,0.2369
9930,white,0.2105
9933,green,0.2342
9933,white,0.2104
9936,green,0.2311
9936,white,0.2106
9939,green,0.2289
9939,white,0.21
9942,green,0.2257
9942,white,0.2103
9945,green,0.2222
9945,white,0.211
9948,green,0.2198
9948,white,0.2117
9951,green,0.2187
9951,white,0.2112
9954,green,0.2172
9954,white,0.2112
9957,green,0.2144
9957,white,0.2125
9960,green,0.2116
9960,white,0.2135
9963,green,0.2093
9963,white,0.214
9966,green,0.2078
9966,white,0.2137
9969,green,0.2064
9969,white,0.2137
9972,green,0.2051
9972,white,0.2136
9975,green,0.2038
9975,white,0.2135
9978,green,0.202
9978,white,0.2136
9981,green,0.1997
9981,white,0.2143
9984,green,0.1982
9984,white,0.214
9987,green,0.1967
9987,white,0.2138
9990,green,0.1941
9990,white,0.2148
9993,green,0.1922
9993,white,0.2151
9996,green,0.1922
9996,white,0.2133
9999,green,0.1922
9999,white,0.2117
10002,green,0.1939
10002,white,0.2099
10005,green,0.1954
10005,white,0.2083
10008,green,0.1956
10008,white,0.208
10011,green,0.1968
10011,white,0.2065
10014,green,0.1973
10014,white,0.2057
10017,green,0.198
10017,white,0.2047
10020,green,0.1975
10020,white,0.2048
10023,green,0.1978
10023,white,0.2045
10026,green,0.1983
10026,white,0.204
10029,green,0.1987
10029,white,0.2035
10032,green,0.1997
10032,white,0.2024
10035,green,0.2013
10035,white,0.2006
10038,green,0.2022
10038,white,0.1997
10041,green,0.2024
10041,white,0.1995
10044,green,0.204
10044,white,0.1977
10047,green,0.2052
10047,white,0.1962
10050,green,0.2062
10050,white,0.1951
10053,green,0.207
10053,white,0.1942
10056,green,0.2088
10056,white,0.1924
10059,green,0.209
10059,white,0.192
10062,green,0.2091
10062,white,0.1916
10065,green,0.2094
10065,white,0.1912
10068,green,0.2099
10068,white,0.1906
10071,green,0.2117
10071,white,0.1887
10074,green,0.2128
10074,white,0.1876
10077,green,0.2132
10077,white,0.1872
10080,green,0.2134
10080,white,0.187
10083,green,0.2128
10083,white,0.1876
10086,green,0.2107
10086,white,0.1897
10089,green,0.2112
10089,white,0.1892
10092,green,0.2108
10092,white,0.1896
10095,green,0.2098
10095,white,0.1906
10098,green,0.2108
10098,white,0.1896
10101,green,0.2109
10101,white,0.1895
10104,green,0.2106
10104,white,0.1898
10107,green,0.2105
10107,white,0.1899
10110,green,0.2114
10110,white,0.189
10113,green,0.2129
10113,white,0.1875
10116,green,0.2146
10116,white,0.1858
10119,green,0.2154
10119,white,0.185
10122,green,0.2157
10122,white,0.1847
10125,green,0.2143
10125,white,0.1862
10128,green,0.2134
10128,white,0.187
10131,green,0.2131
10131,white,0.1873
10134,green,0.2109
10134,white,0.1895
10137,green,0.2102
10137,white,0.1902
10140,green,0.2096
10140,white,0.1908
10143,green,0.2093
10143,white,0.1912
10146,green,0.2079
10146,white,0.1924
10149,green,0.2083
10149,white,0.1921
10152,green,0.2083
10152,white,0.1921
10155,green,0.2077
10155,white,0.1927
10158,green,0.2087
10158,white,0.1916
10161,green,0.2077
10161,white,0.1929
10164,green,0.2082
10164,white,0.1924
10167,green,0.2082
10167,white,0.1927
10170,green,0.2085
10170,white,0.1923
10173,green,0.209
10173,white,0.1919
10176,green,0.21
10176,white,0.1909
10179,green,0.2077
10179,white,0.1932
10182,green,0.2073
10182,white,0.1935
10185,green,0.2079
10185,white,0.193
10188,green,0.2076
10188,white,0.1933
10191,green,0.2069
10191,white,0.1943
10194,green,0.2079
10194,white,0.1938
10197,green,0.2084
10197,white,0.1932
10200,green,0.2072
10200,white,0.1944
10203,green,0.2049
10203,white,0.1967
10206,green,0.2033
10206,white,0.1984
10209,green,0.2028
10209,white,0.1988
10212,green,0.2028
10212,white,0.1989
10215,green,0.2032
10215,white,0.1985
10218,green,0.2038
10218,white,0.1979
10221,green,0.2038
10221,white,0.1979
10224,green,0.2054
10224,white,0.1963
10227,green,0.2055
10227,white,0.1962
10230,green,0.2049
10230,white,0.1968
10233,green,0.2053
10233,white,0.1964
10236,green,0.205
10236,white,0.1966
10239,green,0.2041
10239,white,0.1974
10242,green,0.2029
10242,white,0.1987
10245,green,0.2024
10245,white,0.199
10248,green,0.1998
10248,white,0.2016
10251,green,0.1989
10251,white,0.2024
10254,green,0.1961
10254,white,0.2052
10257,green,0.1965
10257,white,0.2049
10260,green,0.1959
10260,white,0.2055
10263,green,0.1959
10263,white,0.2055
10266,green,0.1955
10266,white,0.2059
10269,green,0.1957
10269,white,0.2057
10272,green,0.1953
10272,white,0.2062
10275,green,0.1949
10275,white,0.2066
10278,green,0.1944
10278,white,0.2071
10281,green,0.1947
10281,white,0.2067
10284,green,0.1942
10284,white,0.2068
10287,green,0.1942
10287,white,0.2067
10290,green,0.1943
10290,white,0.2066
10293,green,0.1954
10293,white,0.2056
10296,green,0.1962
10296,white,0.2049
10299,green,0.1959
10299,white,0.2054
10302,green,0.1952
10302,white,0.206
10305,green,0.1953
10305,white,0.2059
10308,green,0.1957
10308,white,0.2055
10311,green,0.1961
10311,white,0.2053
10314,green,0.1962
10314,white,0.2055
10317,green,0.1966
10317,white,0.2055
10320,green,0.1975
10320,white,0.205
10323,green,0.197
10323,white,0.2064
10326,green,0.1982
10326,white,0.2063
10329,green,0.1976
10329,white,0.2069
10332,green,0.1983
10332,white,0.2064
10335,green,0.1994
10335,white,0.2054
10338,green,0.2008
10338,white,0.204
10341,green,0.2016
10341,white,0.2031
10344,green,0.203
10344,white,0.2019
10347,green,0.2027
10347,white,0.2019
10350,green,0.2032
10350,white,0.2014
10353,green,0.2039
10353,white,0.2008
10356,green,0.2037
10356,white,0.2009
10359,green,0.2042
10359,white,0.2004
10362,green,0.2039
10362,white,0.2006
10365,green,0.2045
10365,white,0.2001
10368,green,0.2052
10368,white,0.1994
10371,green,0.2053
10371,white,0.199
10374,green,0.206
10374,white,0.1984
10377,green,0.2053
10377,white,0.1991
10380,green,0.206
10380,white,0.1984
10383,green,0.2061
10383,white,0.1982
10386,green,0.2055
10386,white,0.1987
10389,green,0.2058
10389,white,0.1983
10392,green,0.2061
10392,white,0.1981
10395,green,0.2061
10395,white,0.1983
10398,green,0.2055
10398,white,0.1991
10401,green,0.2051
10401,white,0.1995
10404,green,0.2036
10404,white,0.2011
10407,green,0.2035
10407,white,0.2009
10410,green,0.2035
10410,white,0.2007
10413,green,0.2044
10413,white,0.199
10416,green,0.2038
10416,white,0.1987
10419,green,0.2041
10419,white,0.1987
10422,green,0.2043
10422,white,0.1988
10425,green,0.2028
10425,white,0.2006
10428,green,0.2027
10428,white,0.2006
10431,green,0.2024
10431,white,0.2008
10434,green,0.2009
10434,white,0.2022
10437,green,0.2002
10437,white,0.2027
10440,green,0.2002
10440,white,0.2028
10443,green,0.2001
10443,white,0.2029
10446,green,0.1996
10446,white,0.2033
10449,green,0.1996
10449,white,0.2033
10452,green,0.1997
10452,white,0.2032
10455,green,0.1994
10455,white,0.2036
10458,green,0.198
10458,white,0.205
10461,green,0.1971
10461,white,0.2059
10464,green,0.1959
10464,white,0.207
10467,green,0.196
10467,white,0.2071
10470,green,0.1947
10470,white,0.2084
10473,green,0.1937
10473,white,0.2095
10476,green,0.1926
10476,white,0.2108
10479,green,0.1927
10479,white,0.2107
10482,green,0.1924
10482,white,0.2112
10485,green,0.1921
10485,white,0.2113
10488,green,0.1917
10488,white,0.2116
10491,green,0.1914
10491,white,0.2116
10494,green,0.1909
10494,white,0.2119
10497,green,0.1911
10497,white,0.2115
10500,green,0.1904
10500,white,0.2124
10503,green,0.1883
10503,white,0.2145
10506,green,0.1868
10506,white,0.216
10509,green,0.1864
10509,white,0.2166
10512,green,0.1853
10512,white,0.2177
10515,green,0.1857
10515,white,0.2173
10518,green,0.1855
10518,white,0.218
10521,green,0.1863
10521,white,0.2178
10524,green,0.1881
10524,white,0.216
10527,green,0.189
10527,white,0.2158
10530,green,0.1888
10530,white,0.2167
10533,green,0.188
10533,white,0.2182
10536,green,0.1884
10536,white,0.2179
10539,green,0.1899
10539,white,0.2164
10542,green,0.19
10542,white,0.2164
10545,green,0.1896
10545,white,0.2169
10548,green,0.1921
10548,white,0.2145
10551,green,0.1926
10551,white,0.214
10554,green,0.1942
10554,white,0.2124
10557,green,0.1942
10557,white,0.2124
10560,green,0.196
10560,white,0.2107
10563,green,0.1992
10563,white,0.2077
10566,green,0.2006
10566,white,0.2064
10569,green,0.2007
10569,white,0.2066
10572,green,0.2023
10572,white,0.205
10575,green,0.2023
10575,white,0.2055
10578,green,0.2036
10578,white,0.2047
10581,green,0.2045
10581,white,0.2044
10584,green,0.2066
10584,white,0.2028
10587,green,0.2071
10587,white,0.2029
10590,green,0.2065
10590,white,0.2035
10593,green,0.2068
10593,white,0.203
10596,green,0.2075
10596,white,0.2023
10599,green,0.2078
10599,white,0.2018
10602,green,0.2088
10602,white,0.2007
10605,green,0.2091
10605,white,0.1999
10608,green,0.2095
10608,white,0.199
10611,green,0.2092
10611,white,0.1988
10614,green,0.2079
10614,white,0.2
10617,green,0.207
10617,white,0.2003
10620,green,0.2075
10620,white,0.1991
10623,green,0.2065
10623,white,0.1994
10626,green,0.2081
10626,white,0.1981
10629,green,0.206
10629,white,0.2001
10632,green,0.2075
10632,white,0.1985
10635,green,0.2085
10635,white,0.1974
10638,green,0.2065
10638,white,0.1994
10641,green,0.2072
10641,white,0.1986
10644,green,0.2056
10644,white,0.2002
10647,green,0.2062
10647,white,0.1995
10650,green,0.2046
10650,white,0.201
10653,green,0.2023
10653,white,0.203
10656,green,0.2012
10656,white,0.2039
10659,green,0.1995
10659,white,0.2051
10662,green,0.1967
10662,white,0.2076
10665,green,0.196
10665,white,0.2078
10668,green,0.1947
10668,white,0.2086
10671,green,0.1931
10671,white,0.2095
10674,green,0.1922
10674,white,0.2099
10677,green,0.1907
10677,white,0.2108
10680,green,0.1927
10680,white,0.2089
10683,green,0.1935
10683,white,0.2083
10686,green,0.1931
10686,white,0.2084
10689,green,0.1931
10689,white,0.2083
10692,green,0.1928
10692,white,0.2084
10695,green,0.1923
10695,white,0.2089
10698,green,0.1919
10698,white,0.2093
10701,green,0.1914
10701,white,0.2098
10704,green,0.1932
10704,white,0.2081
10707,green,0.1934
10707,white,0.2079
10710,green,0.1936
10710,white,0.2076
10713,green,0.1933
10713,white,0.208
10716,green,0.1911
10716,white,0.2098
10719,green,0.1911
10719,white,0.2097
10722,green,0.1899
10722,white,0.2108
10725,green,0.1911
10725,white,0.2097
10728,green,0.1889
10728,white,0.2118
10731,green,0.1864
10731,white,0.2143
10734,green,0.1861
10734,white,0.2147
10737,green,0.184
10737,white,0.2167
10740,green,0.182
10740,white,0.2189
10743,green,0.1831
10743,white,0.218
10746,green,0.1848
10746,white,0.2164
10749,green,0.1865
10749,white,0.2146
10752,green,0.1878
10752,white,0.2133
10755,green,0.1885
10755,white,0.2126
10758,green,0.1902
10758,white,0.211
10761,green,0.192
10761,white,0.2092
10764,green,0.1902
10764,white,0.2109
10767,green,0.1908
10767,white,0.2102
10770,green,0.1898
10770,white,0.211
10773,green,0.1901
10773,white,0.2104
10776,green,0.1896
10776,white,0.211
10779,green,0.1887
10779,white,0.2119
10782,green,0.1902
10782,white,0.2102
10785,green,0.19
10785,white,0.2104
10788,green,0.1895
10788,white,0.2109
10791,green,0.1901
10791,white,0.2103
10794,green,0.1882
10794,white,0.2122
10797,green,0.1884
10797,white,0.212
10800,green,0.1879
10800,white,0.2125
10803,green,0.1885
10803,white,0.2119
10806,green,0.1885
10806,white,0.2122
10809,green,0.1881
10809,white,0.213
10812,green,0.1885
10812,white,0.2129
10815,green,0.1868
10815,white,0.2151
10818,green,0.1887
10818,white,0.2154
10821,green,0.1901
10821,white,0.2163
10824,green,0.1907
10824,white,0.218
10827,green,0.1915
10827,white,0.2195
10830,green,0.1943
10830,white,0.219
10833,green,0.1925
10833,white,0.223
10836,green,0.1919
10836,white,0.2262
10839,green,0.1922
10839,white,0.2285
10842,green,0.1914
10842,white,0.2319
10845,green,0.1921
10845,white,0.2339
10848,green,0.1921
10848,white,0.2356
10851,green,0.1908
10851,white,0.2386
10854,green,0.1935
10854,white,0.2375
10857,green,0.1945
10857,white,0.2382
10860,green,0.1956
10860,white,0.2388
10863,green,0.1948
10863,white,0.2413
10866,green,0.1958
10866,white,0.242
10869,green,0.1979
10869,white,0.2416
10872,green,0.1971
10872,white,0.2443
10875,green,0.1968
10875,white,0.2463
10878,green,0.197
10878,white,0.2479
10881,green,0.1964
10881,white,0.2504
10884,green,0.1986
10884,white,0.25
10887,green,0.1987
10887,white,0.2519
10890,green,0.1985
10890,white,0.2539
10893,green,0.201
10893,white,0.2531
10896,green,0.2031
10896,white,0.2525
10899,green,0.2048
10899,white,0.2524
10902,green,0.2054
10902,white,0.2534
10905,green,0.2057
10905,white,0.2546
10908,green,0.2057
10908,white,0.2545
10911,green,0.2074
10911,white,0.2527
10914,green,0.2097
10914,white,0.2502
10917,green,0.2104
10917,white,0.2489
10920,green,0.211
10920,white,0.2475
10923,green,0.212
10923,white,0.2457
10926,green,0.2127
10926,white,0.2442
10929,green,0.2123
10929,white,0.2436
10932,green,0.2146
10932,white,0.2403
10935,green,0.2147
10935,white,0.2392
10938,green,0.2148
10938,white,0.2391
10941,green,0.2176
10941,white,0.2362
10944,green,0.2181
10944,white,0.2358
10947,green,0.22
10947,white,0.2339
10950,green,0.2205
10950,white,0.2333
10953,green,0.2225
10953,white,0.2313
10956,green,0.2243
10956,white,0.2295
10959,green,0.2264
10959,white,0.2272
10962,green,0.2281
10962,white,0.2254
10965,green,0.2287
10965,white,0.2247
10968,green,0.2298
10968,white,0.2236
10971,green,0.2323
10971,white,0.2209
10974,green,0.2333
10974,white,0.2196
10977,green,0.2355
10977,white,0.2171
10980,green,0.2366
10980,white,0.216
10983,green,0.237
10983,white,0.2154
10986,green,0.2376
10986,white,0.2147
10989,green,0.2362
10989,white,0.2158
10992,green,0.2348
10992,white,0.217
10995,green,0.2361
10995,white,0.2153
10998,green,0.2363
10998,white,0.2147
11001,green,0.2353
11001,white,0.2152
11004,green,0.2325
11004,white,0.2175
11007,green,0.2296
11007,white,0.2204
11010,green,0.2307
11010,white,0.2193
11013,green,0.2287
11013,white,0.2213
11016,green,0.2244
11016,white,0.2256
11019,green,0.2239
11022,green,0.222
11025,green,0.2212
11028,green,0.2202
11031,green,0.2178
11034,green,0.2167
11037,green,0.2138
11040,green,0.2128
11043,green,0.2118
11046,green,0.2101
11049,green,0.2067
11052,green,0.2047
11055,green,0.2049
11058,green,0.2045
11061,green,0.2025
11064,green,0.2004
11067,green,0.1982
11070,green,0.1975
11073,green,0.1958
11076,green,0.1943
11079,green,0.1952
11082,green,0.1956
11085,green,0.1939
11088,green,0.1943
11091,green,0.1939
11094,green,0.1946
11097,green,0.1971
11100,green,0.1954
11103,green,0.1967
11106,green,0.2
11109,green,0.2
11112,green,0.2
11115,green,0.2
11118,green,0.2
11121,green,0.2
11124,green,0.2
11127,green,0.2
11130,green,0.2
11133,green,0.2
11136,green,0.2
11136,white,0.2261
11139,green,0.2017
11139,white,0.2263
11142,green,0.2044
11142,white,0.2244
11145,green,0.2072
11145,white,0.2226
11148,green,0.2086
11148,white,0.2236
11151,green,0.2096
11151,white,0.2237
11154,green,0.2099
11154,white,0.2263
11157,green,0.2107
11157,white,0.2265
11160,white,0.2275
11163,green,0.2129
11163,white,0.2271
11166,green,0.2146
11166,white,0.2287
11169,green,0.2163
11169,white,0.229
11172,green,0.2163
11172,white,0.2288
11175,green,0.2186
11175,white,0.227
11178,green,0.2186
11181,green,0.2186
11184,green,0.2186
11187,green,0.2189
11187,white,0.2285
11190,green,0.2175
11190,white,0.2321
11193,green,0.2155
11193,white,0.2363
11196,green,0.2142
11196,white,0.2383
11199,green,0.216
11199,white,0.2382
11202,green,0.2181
11202,white,0.2377
11205,green,0.2199
11205,white,0.2349
11208,green,0.2212
11208,white,0.2333
11211,green,0.222
11211,white,0.2341
11214,green,0.223
11214,white,0.231
11217,green,0.2241
11217,white,0.2287
11220,green,0.2241
11220,white,0.2264
11223,green,0.2253
11223,white,0.221
11226,green,0.2272
11226,white,0.219
11229,green,0.2261
11229,white,0.2172
11232,green,0.2237
11232,white,0.2129
11235,green,0.2212
11235,white,0.211
11238,green,0.2175
11238,white,0.212
11241,green,0.2158
11241,white,0.2133
11244,green,0.2141
11244,white,0.2152
11247,green,0.2138
11247,white,0.2149
11250,green,0.2163
11250,white,0.2109
11253,green,0.2142
11253,white,0.2094
11256,green,0.2131
11256,white,0.208
11259,green,0.2106
11259,white,0.2072
11262,green,0.2108
11262,white,0.2075
11265,green,0.2099
11265,white,0.2062
11268,green,0.2102
11268,white,0.2059
11271,green,0.2096
11271,white,0.2048
11274,green,0.2113
11274,white,0.2037
11277,green,0.2111
11277,white,0.2022
11280,green,0.2128
11280,white,0.1988
11283,green,0.2155
11283,white,0.1945
11286,green,0.2169
11286,white,0.1915
11289,green,0.2133
11289,white,0.1933
11292,green,0.2113
11292,white,0.1937
11295,green,0.2062
11295,white,0.1972
11298,white,0.1968
11301,green,0.2049
11301,white,0.196
11304,green,0.2027
11304,white,0.1983
11307,green,0.1999
11307,white,0.2012
11310,green,0.1994
11310,white,0.2005
11313,green,0.1995
11316,green,0.1983
11316,white,0.2017
11319,green,0.1976
11319,white,0.2024
11322,green,0.2003
11322,white,0.1997
11325,green,0.2026
11325,white,0.1974
11328,green,0.2041
11328,white,0.1959
11331,green,0.2055
11331,white,0.1945
11334,green,0.2074
11334,white,0.1926
11337,green,0.2082
11340,green,0.2082
11343,green,0.2048
11346,green,0.2053
11346,white,0.1912
11349,green,0.2064
11349,white,0.1895
11352,green,0.2088
11352,white,0.1913
11355,green,0.2094
11355,white,0.1906
11358,green,0.2081
11361,green,0.2078
11364,green,0.2084
11367,green,0.2067
11370,green,0.2065
11373,green,0.2062
11376,green,0.2055
11379,green,0.2055
11382,green,0.2065
11382,white,0.1918
11385,green,0.2077
11385,white,0.1898
11388,green,0.2101
11388,white,0.1909
11391,green,0.2087
11391,white,0.1937
11394,green,0.2078
11394,white,0.1962
11397,green,0.2083
11397,white,0.197
11400,green,0.2073
11400,white,0.199
11403,green,0.2074
11403,white,0.1991
11406,green,0.2061
11406,white,0.2007
11409,green,0.2051
11409,white,0.2011
11412,green,0.204
11412,white,0.2007
11415,green,0.2012
11415,white,0.2002
11418,green,0.2005
11418,white,0.1992
11421,green,0.2009
11421,white,0.195
11424,green,0.1959
11424,white,0.1983
11427,green,0.1957
11427,white,0.1985
11430,green,0.1937
11430,white,0.1992
11433,green,0.1916
11433,white,0.1994
11436,green,0.1905
11436,white,0.2006
11439,green,0.1914
11439,white,0.1979
11442,green,0.1902
11442,white,0.199
11445,green,0.189
11445,white,0.2008
11448,green,0.1886
11448,white,0.2029
11451,green,0.1872
11451,white,0.206
11454,green,0.1889
11454,white,0.2047
11457,green,0.1905
11457,white,0.2048
11460,green,0.19
11460,white,0.2059
11463,green,0.1896
11463,white,0.208
11466,green,0.1886
11466,white,0.2105
11469,green,0.189
11469,white,0.211
11472,green,0.1911
11472,white,0.2089
11475,green,0.1909
11475,white,0.2091
11478,green,0.192
11478,white,0.208
11481,green,0.1935
11481,white,0.2065
11484,green,0.1961
11484,white,0.2039
11487,green,0.1985
11487,white,0.2015
11490,green,0.1982
11490,white,0.2018
11493,green,0.1981
11496,green,0.1994
11499,green,0.1992
11499,white,0.2018
11502,green,0.1987
11505,green,0.1999
11508,green,0.1989
11511,green,0.1981
11514,green,0.1994
11514,white,0.2025
11517,green,0.1996
11517,white,0.2028
11520,green,0.2023
11520,white,0.2026
11523,green,0.2016
11523,white,0.2042
11526,green,0.2003
11526,white,0.2069
11529,green,0.1959
11529,white,0.2096
11532,green,0.1949
11532,white,0.207
11535,green,0.1952
11535,white,0.2068
11538,green,0.1973
11538,white,0.203
11541,green,0.1999
11541,white,0.1998
11544,green,0.1986
11544,white,0.1989
11547,green,0.2001
11547,white,0.1984
11550,green,0.2003
11550,white,0.199
11553,green,0.2041
11553,white,0.1954
11556,green,0.2084
11556,white,0.1916
11559,green,0.2101
11559,white,0.1881
11562,green,0.2097
11562,white,0.1888
11565,green,0.2098
11565,white,0.1893
11568,green,0.2102
11568,white,0.1882
11571,green,0.2114
11571,white,0.1864
11574,green,0.2113
11574,white,0.1853
11577,green,0.2107
11577,white,0.1851
11580,green,0.2116
11580,white,0.1863
11583,green,0.2138
11583,white,0.1851
11586,green,0.2139
11586,white,0.1852
11589,green,0.2135
11589,white,0.1857
11592,green,0.2146
11592,white,0.1848
11595,green,0.2122
11595,white,0.1884
11598,green,0.2121
11598,white,0.1878
11601,green,0.2109
11601,white,0.1891
11604,green,0.213
11604,white,0.187
11607,green,0.2145
11607,white,0.1855
11610,green,0.2146
11610,white,0.1854
11613,green,0.2166
11613,white,0.1834
11616,green,0.2179
11616,white,0.1821
11619,green,0.2177
11619,white,0.1823
11622,green,0.2181
11622,white,0.1819
11625,green,0.2153
11625,white,0.1847
11628,green,0.2111
11628,white,0.1889
11631,green,0.2112
11631,white,0.1888
11634,green,0.2114
11634,white,0.1886
11637,green,0.2082
11637,white,0.1918
11640,green,0.2106
11640,white,0.1894
11643,green,0.2078
11643,white,0.1922
11646,green,0.2066
11646,white,0.1934
11649,green,0.2031
11649,white,0.1969
11652,green,0.2043
11652,white,0.1957
11655,green,0.2018
11655,white,0.1982
11658,green,0.2035
11658,white,0.1965
11661,green,0.2032
11661,white,0.1968
11664,green,0.2047
11664,white,0.1953
11667,green,0.2046
11667,white,0.1954
11670,green,0.2043
11670,white,0.1957
11673,green,0.203
11673,white,0.197
11676,green,0.2008
11676,white,0.1992
11679,green,0.2028
11679,white,0.1972
11682,green,0.205
11682,white,0.195
11685,green,0.2106
11685,white,0.1894
11688,green,0.2107
11691,green,0.2133
11691,white,0.1879
11694,green,0.2131
11694,white,0.1867
11697,green,0.2132
11697,white,0.1853
12060,green,0.2121
12060,white,0.1871
12063,green,0.2148
12063,white,0.1861
12066,green,0.2145
12066,white,0.1859
12069,green,0.2146
12069,white,0.1875
12072,green,0.2142
12072,white,0.1861
12075,green,0.2172
12075,white,0.1856
12078,green,0.219
12078,white,0.1835
12081,white,0.181
12084,white,0.1823
12087,white,0.183
12090,white,0.1829
12093,white,0.185
12096,white,0.1854
12099,white,0.1876
12102,white,0.1861
12105,white,0.1884
12108,white,0.187
12111,white,0.1893
12114,white,0.1904
12117,white,0.192
12120,white,0.1925
12123,white,0.1924
12126,white,0.1933
12129,white,0.1913
12132,white,0.1928
12135,white,0.1962
12138,white,0.1994
12141,white,0.2008
12144,white,0.2008
12147,white,0.2024
12150,white,0.202
12153,white,0.2038
12156,green,0.2192
12156,white,0.2017
12159,green,0.218
12159,white,0.2002
12162,green,0.2173
12162,white,0.2003
12165,green,0.2137
12165,white,0.202
12168,green,0.2123
12168,white,0.2023
12171,green,0.209
12171,white,0.2034
12174,green,0.2085
12174,white,0.2054
12177,green,0.2053
12177,white,0.2063
12180,white,0.2063
12183,green,0.2066
12183,white,0.2063
12186,white,0.2063
12189,green,0.2041
12189,white,0.2066
12192,green,0.2017
12192,white,0.208
12195,green,0.1984
12195,white,0.2095
12198,white,0.2095
12201,white,0.2095
12204,white,0.2095
12207,white,0.2095
12210,white,0.2095
12213,white,0.2095
12216,white,0.2095
12219,white,0.2095
12222,white,0.2095
12225,white,0.2095
12228,white,0.2095
12231,white,0.2095
12234,white,0.2095
12237,white,0.2095
12240,white,0.2095
12243,white,0.2095
12246,white,0.211
12249,white,0.2105
12252,white,0.2097
12255,white,0.2082
12258,white,0.2073
12261,white,0.2062
12264,white,0.2042
12267,white,0.2032
12270,white,0.2032
12273,white,0.2032
12276,white,0.2032
12279,white,0.2029
12282,white,0.2016
12285,white,0.2
12288,white,0.2
12291,white,0.2
12294,white,0.2
12297,white,0.2
12300,white,0.2
12303,white,0.2
12306,white,0.2
12309,white,0.2
12312,white,0.2
12315,white,0.2
12318,white,0.2
12321,white,0.2
12324,white,0.2
12327,white,0.2
12330,white,0.2
12333,white,0.2
12336,white,0.2
12339,white,0.2
12342,white,0.2
12345,white,0.2
12348,white,0.2
12351,white,0.2
12354,white,0.2
12357,white,0.2
12360,white,0.2
12363,white,0.2
12366,white,0.2
12369,white,0.2
12372,white,0.2
12375,white,0.2
12378,white,0.2
12381,white,0.2
12384,white,0.2
12387,white,0.2
12390,white,0.2
12393,white,0.2
12396,white,0.2
12399,white,0.2
12402,white,0.2
12405,white,0.2
12408,white,0.2
12411,white,0.2
12414,white,0.2
12417,white,0.2
12420,white,0.2
12423,white,0.2
12426,white,0.2
12429,white,0.2
12432,white,0.2
12435,white,0.2
12438,white,0.2
12441,white,0.2
12444,white,0.2
12447,white,0.2
12450,white,0.2
12453,white,0.2
12456,white,0.2
12459,white,0.2
12462,white,0.2
12465,white,0.2
12468,white,0.2
12471,white,0.2
12474,white,0.2
12477,white,0.2
12480,white,0.2
12483,white,0.2
12486,green,0.1975
12486,white,0.2005
12489,green,0.198
12489,white,0.2001
12492,green,0.1983
12492,white,0.1988
12495,white,0.1988
12498,white,0.1988
12501,green,0.2012
12501,white,0.198
12504,green,0.2019
12504,white,0.1958
12507,green,0.1984
12507,white,0.1959
12510,green,0.1969
12510,white,0.1942
12513,green,0.1985
12513,white,0.1926
12516,white,0.1926
12519,white,0.1926
12522,white,0.1926
12525,white,0.1926
12528,white,0.1926
12531,white,0.1926
12534,white,0.1926
12537,white,0.1926
12540,white,0.1926
12543,white,0.1926
12546,white,0.1926
12549,white,0.1926
12552,green,0.1996
12552,white,0.19
12555,green,0.1982
12555,white,0.1915
12558,green,0.1988
12558,white,0.1893
12561,green,0.1981
12561,white,0.1904
12564,green,0.1971
12564,white,0.1895
12567,green,0.1969
12567,white,0.1904
12570,green,0.2007
12570,white,0.1885
12573,green,0.201
12573,white,0.189
12576,green,0.199
12576,white,0.1903
12579,green,0.1998
12579,white,0.1906
12582,green,0.1983
12582,white,0.1919
12585,green,0.2008
12585,white,0.1898
12588,green,0.2041
12588,white,0.1873
12591,green,0.2069
12591,white,0.1868
12594,green,0.2081
12594,white,0.1889
12597,green,0.2088
12597,white,0.1891
12600,green,0.2116
12600,white,0.19
12603,green,0.2113
12603,white,0.1929
12606,green,0.2115
12606,white,0.1927
12609,green,0.2102
12609,white,0.1943
12612,green,0.2129
12612,white,0.1929
12615,green,0.2156
12615,white,0.1919
12618,green,0.2165
12618,white,0.1915
12621,green,0.2125
12621,white,0.195
12624,green,0.2084
12624,white,0.1979
12627,green,0.2061
12627,white,0.1993
12630,green,0.2047
12630,white,0.1985
12633,green,0.2061
12633,white,0.1973
12636,green,0.2043
12636,white,0.1974
12639,green,0.2048
12639,white,0.1952
12642,green,0.202
12642,white,0.198
12645,green,0.2054
12645,white,0.1946
12648,green,0.2045
12648,white,0.1955
12651,green,0.2039
12651,white,0.1961
12654,green,0.2049
12654,white,0.1951
12657,green,0.2075
12657,white,0.1925
12660,green,0.206
12660,white,0.194
12663,green,0.2064
12663,white,0.1936
12666,green,0.2084
12666,white,0.1916
12669,green,0.2095
12669,white,0.1905
12672,green,0.209
12672,white,0.191
12675,green,0.2065
12675,white,0.1935
12678,green,0.2018
12678,white,0.1982
12681,green,0.1994
12681,white,0.2006
12684,green,0.1996
12684,white,0.2004
12687,green,0.2002
12687,white,0.1998
12690,green,0.2017
12690,white,0.1983
12693,green,0.205
12693,white,0.195
12696,green,0.2049
12696,white,0.1951
12699,green,0.209
12699,white,0.191
12702,green,0.2082
12702,white,0.1918
12705,green,0.2078
12705,white,0.1922
12708,green,0.2077
12708,white,0.1923
12711,green,0.2119
12711,white,0.1881
12714,green,0.214
12714,white,0.186
12717,green,0.215
12717,white,0.185
12720,green,0.2149
12720,white,0.1851
12723,green,0.2123
12723,white,0.1877
12726,green,0.2132
12726,white,0.1868
12729,green,0.2119
12729,white,0.1881
12732,white,0.1878
12735,white,0.1897
12738,white,0.191
12741,white,0.1894
12744,white,0.1911
12747,white,0.1929
12750,white,0.1933
12753,white,0.1933
12756,white,0.1934
12759,green,0.2131
12759,white,0.1937
12762,green,0.2111
12762,white,0.1933
12765,green,0.2074
12765,white,0.1951
12768,green,0.2061
12768,white,0.196
12771,green,0.2019
12771,white,0.1973
12774,green,0.199
12774,white,0.1988
12777,green,0.197
12777,white,0.2008
12780,green,0.1953
12780,white,0.2047
12783,white,0.2067
12786,white,0.2068
12789,white,0.2093
12792,white,0.2099
12795,white,0.2105
12798,white,0.2108
12801,white,0.2115
12804,white,0.2108
12807,white,0.2104
12810,white,0.2111
12813,white,0.2097
12816,white,0.2104
12819,green,0.1959
12819,white,0.2107
12822,green,0.193
12822,white,0.2124
12825,green,0.192
12825,white,0.2139
12828,green,0.1944
12828,white,0.212
12831,green,0.1986
12831,white,0.2099
12834,green,0.203
12834,white,0.2066
12837,green,0.2033
12837,white,0.2058
12840,green,0.2007
12840,white,0.2083
12843,green,0.2003
12843,white,0.2064
12846,green,0.199
12846,white,0.2057
12849,green,0.198
12849,white,0.2075
12852,green,0.1973
12852,white,0.2055
12855,green,0.1984
12855,white,0.2016
12858,green,0.1965
12858,white,0.1999
12861,green,0.1963
12861,white,0.1973
12864,green,0.1961
12864,white,0.1958
12867,green,0.1987
12867,white,0.1922
12870,green,0.2009
12870,white,0.1887
12873,green,0.2023
12873,white,0.1866
12876,green,0.2027
12876,white,0.1876
12879,green,0.2029
12879,white,0.1867
12882,green,0.2026
12882,white,0.1861
12885,green,0.2028
12885,white,0.1849
12888,green,0.2049
12888,white,0.1829
12891,green,0.2066
12891,white,0.1836
12894,green,0.2079
12894,white,0.1852
12897,green,0.212
12897,white,0.1836
12900,green,0.2124
12900,white,0.1842
12903,green,0.2148
12903,white,0.1836
12906,green,0.2176
12906,white,0.1824
12909,white,0.1831
12912,white,0.1814
12915,white,0.1799
12918,green,0.216
12918,white,0.1827
12921,green,0.2187
12921,white,0.1837
12924,green,0.2208
12924,white,0.1865
12927,white,0.1873
12930,white,0.1848
12933,green,0.2203
12933,white,0.1853
12936,green,0.2167
12936,white,0.1876
12939,green,0.2132
12939,white,0.1869
12942,green,0.2116
12942,white,0.1895
12945,green,0.2167
12945,white,0.1884
12948,green,0.2146
12948,white,0.1874
12951,green,0.2155
12951,white,0.1859
12954,green,0.2192
12954,white,0.1836
12957,green,0.2156
12957,white,0.1872
12960,green,0.2161
12960,white,0.1869
12963,green,0.2196
12963,white,0.1868
12966,green,0.2205
12966,white,0.1847
12969,white,0.1856
12972,white,0.1862
12975,white,0.1874
12978,white,0.1894
12981,white,0.1887
12984,white,0.1871
12987,white,0.1887
12990,white,0.1881
12993,white,0.1887
12996,white,0.1899
12999,white,0.1899
13002,white,0.1899
13005,white,0.1899
13008,white,0.189
13011,white,0.19
13014,white,0.1906
13017,white,0.1906
13020,white,0.1906
13023,white,0.192
13026,white,0.1904
13029,white,0.1902
13032,white,0.1894
13035,white,0.1921
13038,white,0.1919
13041,white,0.1935
13044,white,0.1963
13047,white,0.1945
13050,white,0.1967
13053,white,0.1989
13056,white,0.2
13059,white,0.2
13062,white,0.2
13065,white,0.2
13068,white,0.2
13071,white,0.2
13074,white,0.2
13077,white,0.2
13080,white,0.2
13083,white,0.2
13086,white,0.2
13089,white,0.2
13092,white,0.2
13095,white,0.2
13098,white,0.2
13101,white,0.2
13104,white,0.2
13107,white,0.2
13110,white,0.2
13113,white,0.2
13116,white,0.2
13119,white,0.2
13122,white,0.2
13125,white,0.2
13128,green,0.2188
13128,white,0.2013
13131,green,0.2176
13131,white,0.2007
13134,green,0.2151
13134,white,0.2013
13137,green,0.2131
13137,white,0.2013
13140,green,0.2147
13140,white,0.2006
13143,green,0.2155
13143,white,0.1989
13146,white,0.1989
13149,green,0.2149
13149,white,0.1988
13152,green,0.2121
13152,white,0.2005
13155,green,0.2109
13155,white,0.1997
13158,green,0.2086
13158,white,0.2027
13161,green,0.2108
13161,white,0.2021
13164,green,0.2072
13164,white,0.2041
13167,green,0.2066
13167,white,0.2053
13170,green,0.2056
13170,white,0.2057
13173,green,0.2029
13173,white,0.2072
13176,green,0.2058
13176,white,0.2052
13179,green,0.2055
13179,white,0.2045
13182,green,0.2049
13182,white,0.2045
13185,white,0.2045
13188,white,0.2045
13191,white,0.2045
13194,white,0.2045
13197,white,0.2045
13200,white,0.2045
13203,white,0.2045
13206,white,0.2045
13209,white,0.2045
13212,white,0.2045
13215,white,0.2045
13218,white,0.2032
13221,white,0.2039
13224,white,0.2032
13227,white,0.2033
13230,white,0.2039
13233,white,0.2056
13236,white,0.2056
13239,white,0.2057
13242,white,0.204
13245,white,0.2048
13248,white,0.2018
13251,white,0.2024
13254,white,0.2005
13257,white,0.1993
13260,white,0.1988
13263,white,0.1973
13266,white,0.1993
13269,white,0.2
13272,white,0.2
13275,white,0.2
13278,white,0.2
13281,white,0.2
13284,green,0.2034
13284,white,0.2001
13287,green,0.2035
13287,white,0.2016
13290,green,0.2032
13290,white,0.202
13293,green,0.2036
13293,white,0.2025
13296,green,0.2004
13296,white,0.2029
13299,green,0.2003
13299,white,0.2033
13302,green,0.198
13302,white,0.2039
13305,green,0.1947
13305,white,0.2045
13308,green,0.1959
13308,white,0.2051
13311,white,0.2051
13314,white,0.2051
13317,white,0.2051
13320,white,0.2051
13323,white,0.2051
13326,white,0.2051
13329,white,0.2051
13332,white,0.2051
13335,white,0.2051
13338,white,0.2051
13341,white,0.2051
13344,white,0.2051
13347,white,0.2051
13350,white,0.2051
13353,white,0.2051
13356,white,0.2051
13359,white,0.2051
13362,white,0.2051
13365,white,0.2051
13368,white,0.2051
13371,white,0.2051
13374,white,0.205
13377,white,0.2035
13380,white,0.203
13383,white,0.2026
13386,white,0.2022
13389,white,0.2017
13392,white,0.2012
13395,white,0.2006
13398,white,0.2
13401,white,0.2
13404,white,0.2
13407,white,0.2
13410,white,0.2
13413,white,0.2
13416,white,0.2
13419,white,0.2
13422,white,0.2
13425,white,0.2
13428,white,0.2
13431,white,0.2
13434,green,0.1928
13434,white,0.2009
13437,green,0.1898
13437,white,0.2018
13440,green,0.1885
13440,white,0.2019
13443,green,0.1898
13443,white,0.2019
13446,green,0.1891
13446,white,0.202
13449,green,0.1888
13449,white,0.2029
13452,green,0.1886
13452,white,0.2031
13455,green,0.1877
13455,white,0.2033
13458,green,0.1851
13458,white,0.2043
13461,green,0.1858
13461,white,0.2034
13464,green,0.1873
13464,white,0.2037
13467,green,0.1863
13467,white,0.2038
13470,green,0.1892
13470,white,0.2039
13473,green,0.187
13473,white,0.2055
13476,green,0.1887
13476,white,0.2057
13479,green,0.1897
13479,white,0.2059
13482,green,0.1891
13482,white,0.207
13485,green,0.1904
13485,white,0.2072
13488,white,0.2072
13491,white,0.2072
13494,white,0.2072
13497,white,0.2072
13500,white,0.2072
13503,white,0.2072
13506,white,0.2072
13509,green,0.1876
13509,white,0.2081
13512,green,0.1865
13512,white,0.2084
13515,green,0.1864
13515,white,0.2086
13518,green,0.1863
13518,white,0.2087
13521,green,0.1878
13521,white,0.2087
13524,green,0.188
13524,white,0.2081
13527,green,0.1883
13527,white,0.2073
13530,green,0.1872
13530,white,0.2087
13533,green,0.1856
13533,white,0.2108
13536,green,0.1853
13536,white,0.2116
13539,green,0.1846
13539,white,0.2119
13542,green,0.1843
13542,white,0.2126
13545,green,0.1844
13545,white,0.2132
13548,green,0.1846
13548,white,0.2129
13551,green,0.1839
13551,white,0.2145
13554,green,0.1828
13554,white,0.2154
13557,green,0.1818
13557,white,0.2164
13560,green,0.1816
13560,white,0.2174
13563,green,0.1799
13563,white,0.2177
13566,green,0.1784
13566,white,0.2192
13569,green,0.179
13569,white,0.2193
13572,green,0.1773
13572,white,0.2191
13575,green,0.1769
13575,white,0.2195
13578,green,0.1765
13578,white,0.2201
13581,green,0.1765
13581,white,0.2201
13584,green,0.1772
13584,white,0.2211
13587,green,0.1769
13587,white,0.2216
13590,green,0.1758
13590,white,0.2228
13593,green,0.1764
13593,white,0.2234
13596,green,0.1758
13596,white,0.2242
13599,green,0.1755
13599,white,0.2245
13602,green,0.1748
13602,white,0.2252
13605,green,0.1744
13605,white,0.2256
13608,green,0.1738
13608,white,0.2262
13611,green,0.172
13611,white,0.228
13614,green,0.1734
13614,white,0.2266
13617,green,0.173
13617,white,0.227
13620,green,0.1739
13620,white,0.2261
13623,green,0.1755
13623,white,0.2245
13626,green,0.1758
13626,white,0.2242
13629,green,0.1761
13629,white,0.2239
13632,green,0.1759
13632,white,0.2241
13635,green,0.1756
13635,white,0.2244
13638,white,0.2237
13641,white,0.2229
13644,white,0.2218
13647,green,0.175
13647,white,0.2221
13650,green,0.1747
13650,white,0.222
13653,green,0.175
13653,white,0.2209
13656,green,0.1751
13656,white,0.2202
13659,green,0.1763
13659,white,0.2197
13662,green,0.1781
13662,white,0.219
13665,green,0.1797
13665,white,0.2185
13668,green,0.1795
13668,white,0.2185
13671,green,0.1792
13671,white,0.2195
13674,green,0.1799
13674,white,0.2186
13677,green,0.1795
13677,white,0.219
13680,green,0.1785
13680,white,0.2188
13683,green,0.1777
13683,white,0.2199
13686,green,0.1775
13686,white,0.2199
13689,green,0.1774
13689,white,0.2201
13692,green,0.1756
13692,white,0.2214
13695,green,0.1744
13695,white,0.2228
13698,green,0.1741
13698,white,0.2236
13701,green,0.1739
13701,white,0.223
13704,green,0.1735
13704,white,0.2251
13707,green,0.1736
13707,white,0.2253
13710,green,0.1741
13710,white,0.2259
13713,green,0.1722
13713,white,0.2262
13716,green,0.1718
13716,white,0.2265
13719,green,0.171
13719,white,0.2269
13722,green,0.1706
13722,white,0.2268
13725,green,0.1689
13725,white,0.228
13728,green,0.1678
13728,white,0.2301
13731,green,0.1666
13731,white,0.2323
13734,green,0.165
13734,white,0.235
13737,green,0.1639
13737,white,0.2361
13740,green,0.1628
13740,white,0.2372
13743,green,0.1615
13743,white,0.2385
13746,green,0.161
13746,white,0.239
13749,green,0.1591
13749,white,0.2409
13752,green,0.1577
13752,white,0.2423
13755,green,0.1563
13755,white,0.2437
13758,green,0.1555
13758,white,0.2445
13761,green,0.1546
13761,white,0.2454
13764,green,0.1529
13764,white,0.2471
13767,green,0.1528
13767,white,0.2472
13770,green,0.1514
13770,white,0.2486
13773,green,0.1513
13773,white,0.2487
13776,green,0.1503
13776,white,0.2497
13779,green,0.15
13779,white,0.25
13782,green,0.1507
13782,white,0.2493
13785,green,0.1524
13785,white,0.2476
13788,green,0.1535
13788,white,0.2465
13791,green,0.1535
13791,white,0.2465
13794,green,0.1542
13794,white,0.2458
13797,green,0.1533
13797,white,0.2467
13800,green,0.1531
13800,white,0.2469
13803,green,0.152
13803,white,0.248
13806,green,0.1515
13806,white,0.2485
13809,green,0.1511
13809,white,0.2489
13812,green,0.1505
13812,white,0.2495
13815,green,0.1514
13815,white,0.2486
13818,green,0.1519
13818,white,0.2481
13821,green,0.1524
13821,white,0.2476
13824,green,0.1534
13824,white,0.2466
13827,green,0.1535
13827,white,0.2465
13830,green,0.1542
13830,white,0.2458
13833,green,0.1544
13833,white,0.2456
13836,green,0.1541
13836,white,0.2459
