frame,track_id,cls,x,y,calibration_provenance,projection_status,projection_rejection_reason,raw_projected_x_ft,raw_projected_y_ft,coordinate_space,observation,calibration
0,1,player,3.251889705657959,22.54595184326172,solved,,,,,court_feet,observed,homography
0,2,player,39.47746658325195,32.59217834472656,solved,,,,,court_feet,observed,homography
5,1,player,4.2931413650512695,22.584692001342773,solved,,,,,court_feet,observed,homography
5,2,player,40.92212677001953,30.33439064025879,solved,,,,,court_feet,observed,homography
10,1,player,4.288112640380859,22.611173629760742,solved,,,,,court_feet,observed,homography
10,2,player,41.140625,29.38863182067871,solved,,,,,court_feet,observed,homography
15,1,player,5.61726188659668,22.819564819335938,solved,,,,,court_feet,observed,homography
15,2,player,43.54530715942383,27.987083435058594,solved,,,,,court_feet,observed,homography
20,1,player,5.965885639190674,22.934690475463867,solved,,,,,court_feet,observed,homography
20,2,player,42.10017395019531,25.98637580871582,solved,,,,,court_feet,observed,homography
25,1,player,6.411933898925781,23.112228393554688,solved,,,,,court_feet,observed,homography
25,2,player,42.99382400512695,24.760726928710938,solved,,,,,court_feet,observed,homography
30,1,player,6.772500514984131,23.298786163330078,solved,,,,,court_feet,observed,homography
30,2,player,41.396873474121094,22.182313919067383,solved,,,,,court_feet,observed,homography
35,1,player,6.7854814529418945,23.550045013427734,solved,,,,,court_feet,observed,homography
35,2,player,42.15740966796875,20.646120071411133,solved,,,,,court_feet,observed,homography
40,1,player,7.052381992340088,23.57350730895996,camera_lock_drift_checked,,,,,court_feet,observed,homography
40,2,player,40.86874008178711,18.70362663269043,camera_lock_drift_checked,,,,,court_feet,observed,homography
45,1,player,7.368199348449707,23.78562355041504,solved,,,,,court_feet,observed,homography
45,2,player,41.023681640625,16.313268661499023,solved,,,,,court_feet,observed,homography
50,1,player,7.826684951782227,23.897043228149414,solved,,,,,court_feet,observed,homography
50,2,player,42.626800537109375,14.83187484741211,solved,,,,,court_feet,observed,homography
5500,3,player,-2.122703790664673,21.015033721923828,solved,,,,,court_feet,observed,homography
5500,4,player,87.84196472167969,5.477764129638672,solved,,,,,court_feet,observed,homography
5505,3,player,-2.0377004146575928,21.065563201904297,solved,,,,,court_feet,observed,homography
5505,4,player,88.01055908203125,5.49539852142334,solved,,,,,court_feet,observed,homography
5515,3,player,-1.975996971130371,21.184900283813477,solved,,,,,court_feet,observed,homography
5515,4,player,87.82788848876953,5.471604824066162,solved,,,,,court_feet,observed,homography
5520,3,player,-2.1095454692840576,21.105438232421875,solved,,,,,court_feet,observed,homography
5520,4,player,87.8107681274414,5.447696208953857,solved,,,,,court_feet,observed,homography
5525,3,player,-2.087820291519165,21.084747314453125,camera_lock_drift_checked,,,,,court_feet,observed,homography
5525,4,player,87.95635223388672,5.464531898498535,camera_lock_drift_checked,,,,,court_feet,observed,homography
5530,3,player,-2.0974678993225098,21.018115997314453,camera_lock_drift_checked,,,,,court_feet,observed,homography
5530,4,player,88.02102661132812,5.463216304779053,camera_lock_drift_checked,,,,,court_feet,observed,homography
5535,3,player,-2.2674832344055176,20.94701385498047,solved,,,,,court_feet,observed,homography
5535,4,player,88.06415557861328,5.470022201538086,solved,,,,,court_feet,observed,homography
5540,3,player,-2.1016223430633545,20.648550033569336,solved,,,,,court_feet,observed,homography
5540,4,player,88.53468322753906,5.546803951263428,solved,,,,,court_feet,observed,homography
5545,3,player,-2.0888872146606445,20.766427993774414,camera_lock_drift_checked,,,,,court_feet,observed,homography
5545,4,player,87.9578628540039,5.495166778564453,camera_lock_drift_checked,,,,,court_feet,observed,homography
5550,3,player,-2.1043553352355957,20.716135025024414,solved,,,,,court_feet,observed,homography
5550,4,player,88.38134765625,5.5462117195129395,solved,,,,,court_feet,observed,homography
5555,3,player,-2.258416175842285,20.716480255126953,solved,,,,,court_feet,observed,homography
5555,4,player,88.18070220947266,5.462330341339111,solved,,,,,court_feet,observed,homography
5560,3,player,-2.2236039638519287,20.722864151000977,solved,,,,,court_feet,observed,homography
5560,4,player,88.30779266357422,5.482546806335449,solved,,,,,court_feet,observed,homography
5565,3,player,-2.2783915996551514,20.956295013427734,solved,,,,,court_feet,observed,homography
5565,4,player,87.9140625,5.455422878265381,solved,,,,,court_feet,observed,homography
5570,3,player,-2.2142062187194824,21.168975830078125,solved,,,,,court_feet,observed,homography
5570,4,player,87.80854797363281,5.482125759124756,solved,,,,,court_feet,observed,homography
5575,3,player,-2.1890833377838135,21.1441650390625,solved,,,,,court_feet,observed,homography
5575,4,player,87.65433502197266,5.485164642333984,solved,,,,,court_feet,observed,homography
5580,3,player,-2.047839403152466,21.197643280029297,solved,,,,,court_feet,observed,homography
5580,4,player,87.598876953125,5.472971439361572,solved,,,,,court_feet,observed,homography
5585,3,player,-1.4724839925765991,21.35627555847168,solved,,,,,court_feet,observed,homography
5585,4,player,88.10602569580078,5.502398490905762,solved,,,,,court_feet,observed,homography
5590,3,player,-1.206085205078125,21.67136001586914,solved,,,,,court_feet,observed,homography
5590,4,player,87.86243438720703,5.495153903961182,solved,,,,,court_feet,observed,homography
5595,3,player,-1.1127523183822632,21.789087295532227,camera_lock_drift_checked,,,,,court_feet,observed,homography
5595,4,player,87.51054382324219,5.487077236175537,camera_lock_drift_checked,,,,,court_feet,observed,homography
5600,3,player,-1.2381993532180786,21.734785079956055,camera_lock_drift_checked,,,,,court_feet,observed,homography
5600,4,player,87.4012451171875,5.500957489013672,camera_lock_drift_checked,,,,,court_feet,observed,homography
5605,3,player,-1.3460594415664673,21.555030822753906,solved,,,,,court_feet,observed,homography
5605,4,player,88.07022094726562,5.52978515625,solved,,,,,court_feet,observed,homography
5610,3,player,-1.2591935396194458,21.45549201965332,solved,,,,,court_feet,observed,homography
5610,4,player,87.9577407836914,5.5196428298950195,solved,,,,,court_feet,observed,homography
5615,3,player,1.1894891262054443,21.51424217224121,solved,,,,,court_feet,observed,homography
5615,4,player,88.05097961425781,5.487648010253906,solved,,,,,court_feet,observed,homography
5620,3,player,2.7990739345550537,21.869165420532227,solved,,,,,court_feet,observed,homography
5620,4,player,87.13020324707031,5.150755882263184,solved,,,,,court_feet,observed,homography
5625,3,player,4.521464824676514,22.050804138183594,solved,,,,,court_feet,observed,homography
5625,4,player,85.2043685913086,4.995951175689697,solved,,,,,court_feet,observed,homography
5630,3,player,2.1994407176971436,21.521377563476562,camera_lock_drift_checked,,,,,court_feet,observed,homography
5630,4,player,85.2694091796875,5.0192108154296875,camera_lock_drift_checked,,,,,court_feet,observed,homography
5635,3,player,1.1533724069595337,21.472156524658203,camera_lock_drift_checked,,,,,court_feet,observed,homography
5635,4,player,84.78345489501953,4.93745231628418,camera_lock_drift_checked,,,,,court_feet,observed,homography
5640,3,player,1.1612783670425415,21.10670280456543,camera_lock_drift_checked,,,,,court_feet,observed,homography
5640,4,player,85.40834045410156,4.288707256317139,camera_lock_drift_checked,,,,,court_feet,observed,homography
5645,3,player,2.672027587890625,21.492061614990234,camera_lock_drift_checked,,,,,court_feet,observed,homography
5645,4,player,85.2152099609375,3.238402843475342,camera_lock_drift_checked,,,,,court_feet,observed,homography
5650,3,player,2.907313823699951,20.960674285888672,solved,,,,,court_feet,observed,homography
5650,4,player,84.93415832519531,0.6482312679290771,solved,,,,,court_feet,observed,homography
5655,3,player,2.1067352294921875,20.737199783325195,solved,,,,,court_feet,observed,homography
5655,4,player,86.4419174194336,0.7200915813446045,solved,,,,,court_feet,observed,homography
5660,3,player,2.8237133026123047,20.464683532714844,solved,,,,,court_feet,observed,homography
5660,4,player,82.5533447265625,-0.11318131536245346,solved,,,,,court_feet,observed,homography
5665,3,player,1.9006538391113281,20.121097564697266,camera_lock_drift_checked,,,,,court_feet,observed,homography
5665,4,player,82.7589340209961,-1.1293655633926392,camera_lock_drift_checked,,,,,court_feet,observed,homography
5670,3,player,2.056955099105835,20.102689743041992,solved,,,,,court_feet,observed,homography
5670,4,player,82.36488342285156,-1.9801344871520996,solved,,,,,court_feet,observed,homography
5675,3,player,1.8806259632110596,19.579118728637695,camera_lock_drift_checked,,,,,court_feet,observed,homography
5675,4,player,82.15298461914062,-2.6182467937469482,camera_lock_drift_checked,,,,,court_feet,observed,homography
5680,3,player,1.6416045427322388,18.289644241333008,solved,,,,,court_feet,observed,homography
5680,4,player,82.15476989746094,-2.677096366882324,solved,,,,,court_feet,observed,homography
5685,3,player,0.35986530780792236,17.79385757446289,camera_lock_drift_checked,,,,,court_feet,observed,homography
5685,4,player,82.58055114746094,-2.636639356613159,camera_lock_drift_checked,,,,,court_feet,observed,homography
5690,3,player,-0.4759402573108673,16.997331619262695,solved,,,,,court_feet,observed,homography
5690,4,player,82.9006118774414,-2.6009926795959473,solved,,,,,court_feet,observed,homography
5695,3,player,-1.1268987655639648,16.06916618347168,solved,,,,,court_feet,observed,homography
5695,4,player,83.15985870361328,-2.6272928714752197,solved,,,,,court_feet,observed,homography
5700,3,player,-0.9830264449119568,14.571941375732422,solved,,,,,court_feet,observed,homography
5700,4,player,82.944091796875,-2.5175960063934326,solved,,,,,court_feet,observed,homography
5705,3,player,-0.3061210811138153,13.696167945861816,solved,,,,,court_feet,observed,homography
5705,4,player,82.96920776367188,-2.364534854888916,solved,,,,,court_feet,observed,homography
5710,3,player,0.4931495487689972,12.382453918457031,solved,,,,,court_feet,observed,homography
5710,4,player,83.53665161132812,-1.9630506038665771,solved,,,,,court_feet,observed,homography
5715,3,player,1.035163164138794,11.318854331970215,solved,,,,,court_feet,observed,homography
5715,4,player,82.99800109863281,-1.4786076545715332,solved,,,,,court_feet,observed,homography
5720,3,player,0.9087331891059875,10.346721649169922,solved,,,,,court_feet,observed,homography
5720,4,player,84.1198959350586,-1.0588393211364746,solved,,,,,court_feet,observed,homography
5725,3,player,0.7971858382225037,9.492674827575684,solved,,,,,court_feet,observed,homography
5725,4,player,83.06571197509766,-0.6499923467636108,solved,,,,,court_feet,observed,homography
5730,3,player,0.9591639041900635,8.72147274017334,solved,,,,,court_feet,observed,homography
5730,4,player,82.91349029541016,-0.21067945659160614,solved,,,,,court_feet,observed,homography
5735,3,player,1.3139126300811768,8.283734321594238,camera_lock_drift_checked,,,,,court_feet,observed,homography
5735,4,player,83.4140853881836,0.03629080951213837,camera_lock_drift_checked,,,,,court_feet,observed,homography
5740,3,player,1.4715101718902588,7.8086724281311035,solved,,,,,court_feet,observed,homography
5740,4,player,83.397705078125,0.02634337730705738,solved,,,,,court_feet,observed,homography
5745,3,player,2.135566234588623,7.855599403381348,camera_lock_drift_checked,,,,,court_feet,observed,homography
5745,4,player,83.24723815917969,0.39010390639305115,camera_lock_drift_checked,,,,,court_feet,observed,homography
5750,3,player,2.1844522953033447,7.554888725280762,camera_lock_drift_checked,,,,,court_feet,observed,homography
5750,4,player,83.40411376953125,0.795295774936676,camera_lock_drift_checked,,,,,court_feet,observed,homography
5755,3,player,2.643883466720581,7.071341037750244,camera_lock_drift_checked,,,,,court_feet,observed,homography
5755,4,player,83.93418884277344,0.9685958027839661,camera_lock_drift_checked,,,,,court_feet,observed,homography
5760,3,player,2.7490217685699463,6.071704387664795,camera_lock_drift_checked,,,,,court_feet,observed,homography
5760,4,player,83.99725341796875,1.6642746925354004,camera_lock_drift_checked,,,,,court_feet,observed,homography
5765,3,player,2.5631823539733887,6.0855560302734375,solved,,,,,court_feet,observed,homography
5765,4,player,84.59669494628906,2.0201404094696045,solved,,,,,court_feet,observed,homography
5770,3,player,1.8155490159988403,5.9253339767456055,solved,,,,,court_feet,observed,homography
5770,4,player,84.57743835449219,2.3996427059173584,solved,,,,,court_feet,observed,homography
5775,3,player,2.6932802200317383,5.417295932769775,solved,,,,,court_feet,observed,homography
5775,4,player,84.86744689941406,2.497725248336792,solved,,,,,court_feet,observed,homography
5780,3,player,2.6589927673339844,4.916499614715576,solved,,,,,court_feet,observed,homography
5780,4,player,85.45482635498047,2.9076449871063232,solved,,,,,court_feet,observed,homography
5785,3,player,2.3481318950653076,4.461601734161377,solved,,,,,court_feet,observed,homography
5785,4,player,86.05569458007812,3.3992183208465576,solved,,,,,court_feet,observed,homography
5795,3,player,3.180095911026001,3.7710726261138916,solved,,,,,court_feet,observed,homography
5795,4,player,86.23002624511719,4.487454891204834,solved,,,,,court_feet,observed,homography
5800,3,player,3.7256832122802734,3.3579704761505127,solved,,,,,court_feet,observed,homography
5800,4,player,85.36919403076172,4.703729152679443,solved,,,,,court_feet,observed,homography
5805,3,player,2.3315773010253906,3.1454148292541504,solved,,,,,court_feet,observed,homography
5805,4,player,85.84317016601562,4.724086761474609,solved,,,,,court_feet,observed,homography
5810,3,player,2.93819522857666,2.7338876724243164,solved,,,,,court_feet,observed,homography
5810,4,player,86.35234069824219,5.511149883270264,solved,,,,,court_feet,observed,homography
5815,3,player,3.7235043048858643,2.610889434814453,solved,,,,,court_feet,observed,homography
5815,4,player,85.17465209960938,6.12413215637207,solved,,,,,court_feet,observed,homography
5820,3,player,4.21147346496582,2.3428092002868652,solved,,,,,court_feet,observed,homography
5820,4,player,85.09979248046875,6.686564922332764,solved,,,,,court_feet,observed,homography
5825,3,player,4.325878143310547,2.153778553009033,solved,,,,,court_feet,observed,homography
5825,4,player,85.21662902832031,7.022677421569824,solved,,,,,court_feet,observed,homography
5830,3,player,3.684112787246704,1.5852909088134766,camera_lock_drift_checked,,,,,court_feet,observed,homography
5830,4,player,85.69152069091797,7.18772029876709,camera_lock_drift_checked,,,,,court_feet,observed,homography
5835,3,player,3.8751280307769775,0.9711406230926514,solved,,,,,court_feet,observed,homography
5835,4,player,86.5427017211914,7.703534126281738,solved,,,,,court_feet,observed,homography
5840,3,player,4.196012496948242,0.6322088241577148,solved,,,,,court_feet,observed,homography
5840,4,player,86.55745697021484,8.206059455871582,solved,,,,,court_feet,observed,homography
5845,3,player,3.6205570697784424,0.32388776540756226,solved,,,,,court_feet,observed,homography
5845,4,player,86.09705352783203,8.538776397705078,solved,,,,,court_feet,observed,homography
5850,3,player,2.7564280033111572,0.3880153000354767,solved,,,,,court_feet,observed,homography
5850,4,player,85.94709777832031,9.032833099365234,solved,,,,,court_feet,observed,homography
5855,3,player,2.0158865451812744,0.4567817747592926,solved,,,,,court_feet,observed,homography
5855,4,player,86.46049499511719,9.467988014221191,solved,,,,,court_feet,observed,homography
5860,3,player,2.0809051990509033,0.08369997143745422,solved,,,,,court_feet,observed,homography
5860,4,player,85.76222229003906,9.736482620239258,solved,,,,,court_feet,observed,homography
5865,3,player,1.8963584899902344,-0.11214258521795273,solved,,,,,court_feet,observed,homography
5865,4,player,85.81890869140625,10.120793342590332,solved,,,,,court_feet,observed,homography
5870,3,player,0.39424851536750793,0.010443235747516155,solved,,,,,court_feet,observed,homography
5870,4,player,86.04969024658203,10.736323356628418,solved,,,,,court_feet,observed,homography
5875,3,player,0.7022174000740051,-0.14258545637130737,solved,,,,,court_feet,observed,homography
5875,4,player,85.42314147949219,11.125419616699219,solved,,,,,court_feet,observed,homography
5880,3,player,-0.29163873195648193,-0.060037851333618164,solved,,,,,court_feet,observed,homography
5880,4,player,86.09575653076172,11.694159507751465,solved,,,,,court_feet,observed,homography
5885,3,player,-0.33121198415756226,-0.07121823728084564,solved,,,,,court_feet,observed,homography
5885,4,player,86.11761474609375,12.048441886901855,solved,,,,,court_feet,observed,homography
5890,3,player,0.2594132721424103,-0.14754073321819305,solved,,,,,court_feet,observed,homography
5890,4,player,85.5905990600586,12.253474235534668,solved,,,,,court_feet,observed,homography
5895,3,player,-0.4056227505207062,-0.03536451235413551,solved,,,,,court_feet,observed,homography
5895,4,player,86.26283264160156,12.738558769226074,solved,,,,,court_feet,observed,homography
5900,3,player,-1.5091006755828857,0.17205823957920074,solved,,,,,court_feet,observed,homography
5900,4,player,86.93770599365234,13.368782997131348,solved,,,,,court_feet,observed,homography
6795,5,player,-1.4204249382019043,14.491437911987305,solved,,,,,court_feet,observed,homography
6795,6,player,89.55596923828125,31.058746337890625,solved,,,,,court_feet,observed,homography
6800,5,player,-1.3943228721618652,14.623165130615234,solved,,,,,court_feet,observed,homography
6800,6,player,88.6321029663086,30.734798431396484,solved,,,,,court_feet,observed,homography
6805,5,player,-1.404058814048767,14.567893028259277,solved,,,,,court_feet,observed,homography
6805,6,player,89.5312728881836,30.99199104309082,solved,,,,,court_feet,observed,homography
6810,5,player,-1.4504495859146118,14.442205429077148,camera_lock_drift_checked,,,,,court_feet,observed,homography
6810,6,player,89.56431579589844,30.939651489257812,camera_lock_drift_checked,,,,,court_feet,observed,homography
6815,5,player,-1.5203289985656738,14.148528099060059,camera_lock_drift_checked,,,,,court_feet,observed,homography
6815,6,player,89.36967468261719,30.963218688964844,camera_lock_drift_checked,,,,,court_feet,observed,homography
6820,5,player,0.6805286407470703,14.306193351745605,camera_lock_drift_checked,,,,,court_feet,observed,homography
6820,6,player,89.29927062988281,31.091642379760742,camera_lock_drift_checked,,,,,court_feet,observed,homography
6825,5,player,3.2951292991638184,14.717577934265137,solved,,,,,court_feet,observed,homography
6825,6,player,88.92893981933594,30.36246681213379,solved,,,,,court_feet,observed,homography
6830,5,player,3.983161449432373,14.391616821289062,camera_lock_drift_checked,,,,,court_feet,observed,homography
6830,6,player,88.36551666259766,29.77642822265625,camera_lock_drift_checked,,,,,court_feet,observed,homography
6835,5,player,3.059948682785034,14.032089233398438,solved,,,,,court_feet,observed,homography
6835,6,player,87.98921203613281,29.585384368896484,solved,,,,,court_feet,observed,homography
6840,5,player,0.30902767181396484,13.951443672180176,camera_lock_drift_checked,,,,,court_feet,observed,homography
6840,6,player,89.19364929199219,29.854703903198242,camera_lock_drift_checked,,,,,court_feet,observed,homography
6845,5,player,0.5365811586380005,14.05782699584961,solved,,,,,court_feet,observed,homography
6845,6,player,88.87061309814453,29.33847999572754,solved,,,,,court_feet,observed,homography
6850,5,player,0.5392122864723206,14.003183364868164,solved,,,,,court_feet,observed,homography
6850,6,player,88.49678039550781,28.265457153320312,solved,,,,,court_feet,observed,homography
6855,5,player,1.3667588233947754,14.167190551757812,solved,,,,,court_feet,observed,homography
6855,6,player,86.89204406738281,27.28570556640625,solved,,,,,court_feet,observed,homography
6860,5,player,2.0576303005218506,14.260862350463867,solved,,,,,court_feet,observed,homography
6860,6,player,86.57310485839844,26.90349006652832,solved,,,,,court_feet,observed,homography
6865,5,player,2.2566957473754883,14.307641983032227,solved,,,,,court_feet,observed,homography
6865,6,player,85.93245697021484,26.689769744873047,solved,,,,,court_feet,observed,homography
6870,5,player,3.137819766998291,14.276328086853027,camera_lock_drift_checked,,,,,court_feet,observed,homography
6870,6,player,85.9285659790039,26.550045013427734,camera_lock_drift_checked,,,,,court_feet,observed,homography
6875,5,player,3.449416160583496,14.203444480895996,camera_lock_drift_checked,,,,,court_feet,observed,homography
6875,6,player,86.11509704589844,26.245018005371094,camera_lock_drift_checked,,,,,court_feet,observed,homography
6880,5,player,3.520136594772339,14.112125396728516,camera_lock_drift_checked,,,,,court_feet,observed,homography
6880,6,player,85.45039367675781,25.970966339111328,camera_lock_drift_checked,,,,,court_feet,observed,homography
6885,5,player,3.6277682781219482,14.062332153320312,solved,,,,,court_feet,observed,homography
6885,6,player,86.18923950195312,26.1735782623291,solved,,,,,court_feet,observed,homography
6890,5,player,3.6925110816955566,14.052048683166504,solved,,,,,court_feet,observed,homography
6890,6,player,85.8713150024414,26.062725067138672,solved,,,,,court_feet,observed,homography
6895,5,player,3.595576047897339,13.9398832321167,solved,,,,,court_feet,observed,homography
6895,6,player,85.46806335449219,25.915143966674805,solved,,,,,court_feet,observed,homography
6900,5,player,3.2758536338806152,14.07568359375,solved,,,,,court_feet,observed,homography
6900,6,player,84.939697265625,25.97878074645996,solved,,,,,court_feet,observed,homography
6905,5,player,2.4968466758728027,13.882672309875488,solved,,,,,court_feet,observed,homography
6905,6,player,84.62523651123047,26.053112030029297,solved,,,,,court_feet,observed,homography
6910,5,player,1.9305227994918823,13.732275009155273,solved,,,,,court_feet,observed,homography
6910,6,player,84.69584655761719,26.109390258789062,solved,,,,,court_feet,observed,homography
6915,5,player,1.7329061031341553,13.627376556396484,solved,,,,,court_feet,observed,homography
6915,6,player,84.55262756347656,26.090314865112305,solved,,,,,court_feet,observed,homography
6920,5,player,1.5068410634994507,13.574636459350586,solved,,,,,court_feet,observed,homography
6920,6,player,84.67666625976562,26.342456817626953,solved,,,,,court_feet,observed,homography
6925,5,player,1.3991779088974,13.49840259552002,solved,,,,,court_feet,observed,homography
6925,6,player,84.32099151611328,27.204683303833008,solved,,,,,court_feet,observed,homography
6930,5,player,1.297861099243164,13.496736526489258,solved,,,,,court_feet,observed,homography
6930,6,player,84.46798706054688,27.021930694580078,solved,,,,,court_feet,observed,homography
6935,5,player,1.4369672536849976,13.465348243713379,solved,,,,,court_feet,observed,homography
6935,6,player,83.0998306274414,27.223817825317383,solved,,,,,court_feet,observed,homography
6940,5,player,1.072779655456543,13.550729751586914,solved,,,,,court_feet,observed,homography
6940,6,player,83.60877990722656,27.577808380126953,solved,,,,,court_feet,observed,homography
6945,5,player,0.05777624249458313,13.64168930053711,camera_lock_drift_checked,,,,,court_feet,observed,homography
6945,6,player,83.16484069824219,27.88848876953125,camera_lock_drift_checked,,,,,court_feet,observed,homography
6950,5,player,-0.1788148134946823,13.740103721618652,camera_lock_drift_checked,,,,,court_feet,observed,homography
6950,6,player,83.2870864868164,28.04545021057129,camera_lock_drift_checked,,,,,court_feet,observed,homography
6955,5,player,-0.6043348908424377,13.753852844238281,solved,,,,,court_feet,observed,homography
6955,6,player,84.41388702392578,29.11122703552246,solved,,,,,court_feet,observed,homography
6960,5,player,-0.9359540343284607,13.927205085754395,solved,,,,,court_feet,observed,homography
6960,6,player,82.98992919921875,28.981632232666016,solved,,,,,court_feet,observed,homography
6965,5,player,-0.8564048409461975,13.989535331726074,solved,,,,,court_feet,observed,homography
6965,6,player,82.74287414550781,29.24693489074707,solved,,,,,court_feet,observed,homography
6970,5,player,-1.0454214811325073,14.001506805419922,solved,,,,,court_feet,observed,homography
6970,6,player,83.26681518554688,29.421646118164062,solved,,,,,court_feet,observed,homography
6975,5,player,-1.156313180923462,14.016660690307617,solved,,,,,court_feet,observed,homography
6975,6,player,82.42981719970703,29.725749969482422,solved,,,,,court_feet,observed,homography
6980,5,player,-1.5556503534317017,13.918118476867676,solved,,,,,court_feet,observed,homography
6980,6,player,82.24459075927734,29.934162139892578,solved,,,,,court_feet,observed,homography
6985,5,player,-1.683306097984314,13.83989429473877,solved,,,,,court_feet,observed,homography
6985,6,player,82.7221908569336,30.353742599487305,solved,,,,,court_feet,observed,homography
6990,5,player,-1.7663203477859497,13.647493362426758,solved,,,,,court_feet,observed,homography
6990,6,player,83.39053344726562,30.7489070892334,solved,,,,,court_feet,observed,homography
6995,5,player,-1.6902046203613281,13.622798919677734,solved,,,,,court_feet,observed,homography
6995,6,player,82.20752716064453,30.821697235107422,solved,,,,,court_feet,observed,homography
7000,5,player,-1.775458574295044,13.65261459350586,solved,,,,,court_feet,observed,homography
7000,6,player,81.28520965576172,30.79877281188965,solved,,,,,court_feet,observed,homography
7005,5,player,-1.8605279922485352,13.648198127746582,solved,,,,,court_feet,observed,homography
7005,6,player,81.38755798339844,30.767406463623047,solved,,,,,court_feet,observed,homography
7010,5,player,-1.818236231803894,13.683371543884277,solved,,,,,court_feet,observed,homography
7010,6,player,80.7692642211914,30.650150299072266,solved,,,,,court_feet,observed,homography
7015,5,player,-1.8158706426620483,13.676868438720703,camera_lock_drift_checked,,,,,court_feet,observed,homography
7015,6,player,80.85806274414062,30.807090759277344,camera_lock_drift_checked,,,,,court_feet,observed,homography
7020,5,player,-1.7908514738082886,13.718402862548828,solved,,,,,court_feet,observed,homography
7020,6,player,80.59193420410156,30.804155349731445,solved,,,,,court_feet,observed,homography
7025,5,player,-1.86089289188385,13.733965873718262,camera_lock_drift_checked,,,,,court_feet,observed,homography
7025,6,player,80.41486358642578,30.883941650390625,camera_lock_drift_checked,,,,,court_feet,observed,homography
7030,5,player,-1.865541934967041,13.718165397644043,camera_lock_drift_checked,,,,,court_feet,observed,homography
7030,6,player,80.56254577636719,30.929697036743164,camera_lock_drift_checked,,,,,court_feet,observed,homography
7035,5,player,-1.8643604516983032,13.716490745544434,camera_lock_drift_checked,,,,,court_feet,observed,homography
7035,6,player,80.98320007324219,31.080785751342773,camera_lock_drift_checked,,,,,court_feet,observed,homography
7040,5,player,-1.8699276447296143,13.720091819763184,camera_lock_drift_checked,,,,,court_feet,observed,homography
7040,6,player,81.9534683227539,31.177154541015625,camera_lock_drift_checked,,,,,court_feet,observed,homography
7045,5,player,-1.758407473564148,13.679178237915039,solved,,,,,court_feet,observed,homography
7045,6,player,82.35900115966797,31.332334518432617,solved,,,,,court_feet,observed,homography
7050,5,player,-1.869795799255371,13.690103530883789,camera_lock_drift_checked,,,,,court_feet,observed,homography
7050,6,player,81.91255950927734,31.10847282409668,camera_lock_drift_checked,,,,,court_feet,observed,homography
7055,5,player,-1.7348320484161377,13.621929168701172,solved,,,,,court_feet,observed,homography
7055,6,player,82.16453552246094,31.313682556152344,solved,,,,,court_feet,observed,homography
7060,5,player,-1.7510607242584229,13.636176109313965,solved,,,,,court_feet,observed,homography
7060,6,player,82.19190979003906,31.249977111816406,solved,,,,,court_feet,observed,homography
7065,5,player,-1.7772704362869263,13.664031028747559,solved,,,,,court_feet,observed,homography
7065,6,player,81.85169219970703,31.129640579223633,solved,,,,,court_feet,observed,homography
7070,5,player,-1.8001456260681152,13.704304695129395,solved,,,,,court_feet,observed,homography
7070,6,player,82.19629669189453,30.988788604736328,solved,,,,,court_feet,observed,homography
7075,5,player,-1.9063255786895752,13.692537307739258,camera_lock_drift_checked,,,,,court_feet,observed,homography
7075,6,player,82.75355529785156,30.89540672302246,camera_lock_drift_checked,,,,,court_feet,observed,homography
7080,5,player,-1.905343770980835,13.71613597869873,camera_lock_drift_checked,,,,,court_feet,observed,homography
7080,6,player,82.58033752441406,30.819013595581055,camera_lock_drift_checked,,,,,court_feet,observed,homography
7085,5,player,-1.955610990524292,13.716259002685547,camera_lock_drift_checked,,,,,court_feet,observed,homography
7085,6,player,82.40000915527344,30.840953826904297,camera_lock_drift_checked,,,,,court_feet,observed,homography
7090,5,player,-1.9418044090270996,13.7342529296875,camera_lock_drift_checked,,,,,court_feet,observed,homography
7090,6,player,82.41853332519531,30.89661979675293,camera_lock_drift_checked,,,,,court_feet,observed,homography
7095,5,player,-1.8374123573303223,13.739263534545898,solved,,,,,court_feet,observed,homography
7095,6,player,82.50611877441406,30.861249923706055,solved,,,,,court_feet,observed,homography
7100,5,player,-1.7325297594070435,13.71571159362793,solved,,,,,court_feet,observed,homography
7100,6,player,83.05530548095703,30.96173095703125,solved,,,,,court_feet,observed,homography
7105,5,player,-1.6812328100204468,13.730591773986816,solved,,,,,court_feet,observed,homography
7105,6,player,83.19477844238281,30.769611358642578,solved,,,,,court_feet,observed,homography
7110,5,player,-1.720831274986267,13.69912052154541,solved,,,,,court_feet,observed,homography
7110,6,player,83.3476333618164,30.774110794067383,solved,,,,,court_feet,observed,homography
7115,5,player,-1.6897855997085571,13.733101844787598,solved,,,,,court_feet,observed,homography
7115,6,player,82.12138366699219,30.37010955810547,solved,,,,,court_feet,observed,homography
7120,5,player,-1.831863284111023,13.687027931213379,camera_lock_drift_checked,,,,,court_feet,observed,homography
7120,6,player,80.80863189697266,29.988969802856445,camera_lock_drift_checked,,,,,court_feet,observed,homography
7125,5,player,-1.9266833066940308,13.643254280090332,solved,,,,,court_feet,observed,homography
7125,6,player,80.24645233154297,29.891860961914062,solved,,,,,court_feet,observed,homography
7130,5,player,-1.924262523651123,13.547079086303711,camera_lock_drift_checked,,,,,court_feet,observed,homography
7130,6,player,80.70927429199219,30.339157104492188,camera_lock_drift_checked,,,,,court_feet,observed,homography
7135,5,player,-1.8931310176849365,13.536072731018066,camera_lock_drift_checked,,,,,court_feet,observed,homography
7135,6,player,80.43549346923828,30.47431755065918,camera_lock_drift_checked,,,,,court_feet,observed,homography
7140,5,player,-1.786460280418396,13.58222484588623,solved,,,,,court_feet,observed,homography
7140,6,player,79.9694595336914,30.369630813598633,solved,,,,,court_feet,observed,homography
7145,5,player,-1.7701382637023926,13.508334159851074,solved,,,,,court_feet,observed,homography
7145,6,player,79.96504211425781,30.564697265625,solved,,,,,court_feet,observed,homography
7150,5,player,-1.731464147567749,13.511215209960938,solved,,,,,court_feet,observed,homography
7150,6,player,79.89655303955078,30.69601058959961,solved,,,,,court_feet,observed,homography
7155,5,player,-1.7943488359451294,13.546289443969727,solved,,,,,court_feet,observed,homography
7155,6,player,79.42880249023438,30.597946166992188,solved,,,,,court_feet,observed,homography
7160,5,player,-1.8385422229766846,13.558032035827637,solved,,,,,court_feet,observed,homography
7160,6,player,79.79012298583984,30.66687774658203,solved,,,,,court_feet,observed,homography
7165,5,player,-1.8901023864746094,13.541093826293945,solved,,,,,court_feet,observed,homography
7165,6,player,79.55471801757812,30.474424362182617,solved,,,,,court_feet,observed,homography
7170,5,player,-1.9166958332061768,13.565301895141602,solved,,,,,court_feet,observed,homography
7170,6,player,79.9278793334961,30.601327896118164,solved,,,,,court_feet,observed,homography
7175,5,player,-1.7549816370010376,13.525094032287598,solved,,,,,court_feet,observed,homography
7175,6,player,79.95966339111328,30.6914119720459,solved,,,,,court_feet,observed,homography
7180,5,player,-1.7565950155258179,13.561864852905273,solved,,,,,court_feet,observed,homography
7180,6,player,79.5435562133789,30.524503707885742,solved,,,,,court_feet,observed,homography
7185,5,player,-1.9765183925628662,13.624926567077637,solved,,,,,court_feet,observed,homography
7185,6,player,78.5660400390625,29.993417739868164,solved,,,,,court_feet,observed,homography
7190,5,player,-1.9036699533462524,13.615324020385742,solved,,,,,court_feet,observed,homography
7190,6,player,78.77879333496094,30.112991333007812,solved,,,,,court_feet,observed,homography
7195,5,player,-1.7362620830535889,13.517393112182617,solved,,,,,court_feet,observed,homography
7195,6,player,80.15969848632812,30.676000595092773,solved,,,,,court_feet,observed,homography
7200,5,player,-1.707189679145813,13.46867561340332,solved,,,,,court_feet,observed,homography
7200,6,player,80.34759521484375,30.851093292236328,solved,,,,,court_feet,observed,homography
7205,5,player,-1.648301362991333,13.506180763244629,solved,,,,,court_feet,observed,homography
7205,6,player,80.06803131103516,30.823152542114258,solved,,,,,court_feet,observed,homography
7210,5,player,-1.7526698112487793,13.55830192565918,solved,,,,,court_feet,observed,homography
7210,6,player,79.54446411132812,30.310331344604492,solved,,,,,court_feet,observed,homography
7215,5,player,-1.6823278665542603,13.504541397094727,solved,,,,,court_feet,observed,homography
7215,6,player,79.5940933227539,30.539306640625,solved,,,,,court_feet,observed,homography
7220,5,player,-1.7359586954116821,13.591631889343262,camera_lock_drift_checked,,,,,court_feet,observed,homography
7220,6,player,79.04287719726562,30.24550437927246,camera_lock_drift_checked,,,,,court_feet,observed,homography
7225,5,player,-1.6822302341461182,13.509559631347656,solved,,,,,court_feet,observed,homography
7225,6,player,79.37080383300781,30.57341957092285,solved,,,,,court_feet,observed,homography
7230,5,player,-1.7813674211502075,13.62309455871582,solved,,,,,court_feet,observed,homography
7230,6,player,78.60926818847656,30.13089942932129,solved,,,,,court_feet,observed,homography
7235,5,player,-1.7471436262130737,13.513638496398926,solved,,,,,court_feet,observed,homography
7235,6,player,79.20113372802734,30.426170349121094,solved,,,,,court_feet,observed,homography
7240,5,player,-1.7812130451202393,13.515915870666504,solved,,,,,court_feet,observed,homography
7240,6,player,79.15919494628906,30.373035430908203,solved,,,,,court_feet,observed,homography
7245,5,player,-1.760196328163147,13.518040657043457,solved,,,,,court_feet,observed,homography
7245,6,player,79.47034454345703,30.511384963989258,solved,,,,,court_feet,observed,homography
7250,5,player,-2.053537130355835,13.56545639038086,solved,,,,,court_feet,observed,homography
7250,6,player,79.57740783691406,30.270505905151367,solved,,,,,court_feet,observed,homography
7255,5,player,-2.01765513420105,13.60142993927002,solved,,,,,court_feet,observed,homography
7255,6,player,78.80366516113281,30.02611541748047,solved,,,,,court_feet,observed,homography
7260,5,player,-1.756034255027771,13.500162124633789,camera_lock_drift_checked,,,,,court_feet,observed,homography
7260,6,player,79.18130493164062,30.37502098083496,camera_lock_drift_checked,,,,,court_feet,observed,homography
7265,5,player,-1.7353825569152832,13.53470516204834,solved,,,,,court_feet,observed,homography
7265,6,player,79.72882080078125,30.595539093017578,solved,,,,,court_feet,observed,homography
7270,5,player,-1.7556818723678589,13.492818832397461,solved,,,,,court_feet,observed,homography
7270,6,player,79.56499481201172,30.66171646118164,solved,,,,,court_feet,observed,homography
7275,5,player,-1.707948923110962,13.52199649810791,solved,,,,,court_feet,observed,homography
7275,6,player,79.29527282714844,30.48683738708496,solved,,,,,court_feet,observed,homography
7280,5,player,-1.7074449062347412,13.5200777053833,solved,,,,,court_feet,observed,homography
7280,6,player,79.42739868164062,30.562175750732422,solved,,,,,court_feet,observed,homography
7285,5,player,-1.791255235671997,13.574763298034668,camera_lock_drift_checked,,,,,court_feet,observed,homography
7285,6,player,79.36637115478516,30.506412506103516,camera_lock_drift_checked,,,,,court_feet,observed,homography
7290,5,player,-1.8328700065612793,13.612911224365234,solved,,,,,court_feet,observed,homography
7290,6,player,78.94058227539062,30.355684280395508,solved,,,,,court_feet,observed,homography
7295,5,player,-1.7532274723052979,13.655641555786133,solved,,,,,court_feet,observed,homography
7295,6,player,79.1539077758789,30.40074920654297,solved,,,,,court_feet,observed,homography
7300,5,player,-1.759285807609558,13.762423515319824,solved,,,,,court_feet,observed,homography
7300,6,player,78.94835662841797,30.33847999572754,solved,,,,,court_feet,observed,homography
7305,5,player,-1.6332144737243652,13.728764533996582,solved,,,,,court_feet,observed,homography
7305,6,player,79.45540618896484,30.572919845581055,solved,,,,,court_feet,observed,homography
7310,5,player,-1.697904348373413,13.843299865722656,camera_lock_drift_checked,,,,,court_feet,observed,homography
7310,6,player,79.28687286376953,30.438695907592773,camera_lock_drift_checked,,,,,court_feet,observed,homography
7315,5,player,-1.7617175579071045,13.898853302001953,camera_lock_drift_checked,,,,,court_feet,observed,homography
7315,6,player,79.27873229980469,30.435871124267578,camera_lock_drift_checked,,,,,court_feet,observed,homography
7320,5,player,-1.7199841737747192,13.771520614624023,solved,,,,,court_feet,observed,homography
7320,6,player,79.82723236083984,30.658662796020508,solved,,,,,court_feet,observed,homography
7325,5,player,-1.7803421020507812,13.804781913757324,solved,,,,,court_feet,observed,homography
7325,6,player,79.31548309326172,30.39189338684082,solved,,,,,court_feet,observed,homography
7330,5,player,-1.7604734897613525,13.620391845703125,solved,,,,,court_feet,observed,homography
7330,6,player,79.43902587890625,30.527544021606445,solved,,,,,court_feet,observed,homography
7335,5,player,-1.6746549606323242,13.571409225463867,solved,,,,,court_feet,observed,homography
7335,6,player,79.65251159667969,30.641862869262695,solved,,,,,court_feet,observed,homography
7340,5,player,-1.701411485671997,13.511940002441406,solved,,,,,court_feet,observed,homography
7340,6,player,79.64593505859375,30.682308197021484,solved,,,,,court_feet,observed,homography
7345,5,player,-1.7751383781433105,13.381307601928711,solved,,,,,court_feet,observed,homography
7345,6,player,80.36282348632812,30.845184326171875,solved,,,,,court_feet,observed,homography
7350,5,player,-1.7889841794967651,13.38291072845459,solved,,,,,court_feet,observed,homography
7350,6,player,80.06522369384766,30.750648498535156,solved,,,,,court_feet,observed,homography
7355,5,player,-1.6522308588027954,13.399847030639648,solved,,,,,court_feet,observed,homography
7355,6,player,80.07733917236328,30.752765655517578,solved,,,,,court_feet,observed,homography
7360,5,player,-1.6141756772994995,13.498501777648926,camera_lock_drift_checked,,,,,court_feet,observed,homography
7360,6,player,79.43511199951172,30.514219284057617,camera_lock_drift_checked,,,,,court_feet,observed,homography
7365,5,player,-1.8291187286376953,13.730023384094238,solved,,,,,court_feet,observed,homography
7365,6,player,79.16995239257812,30.28567886352539,solved,,,,,court_feet,observed,homography
7370,5,player,-1.803005576133728,13.891374588012695,solved,,,,,court_feet,observed,homography
7370,6,player,79.41244506835938,30.511882781982422,solved,,,,,court_feet,observed,homography
7375,5,player,-1.8585149049758911,13.863873481750488,solved,,,,,court_feet,observed,homography
7375,6,player,79.57717895507812,30.64043426513672,solved,,,,,court_feet,observed,homography
7380,5,player,-1.6009432077407837,13.73587703704834,solved,,,,,court_feet,observed,homography
7380,6,player,79.51736450195312,30.77580451965332,solved,,,,,court_feet,observed,homography
7385,5,player,-1.505770206451416,14.152566909790039,solved,,,,,court_feet,observed,homography
7385,6,player,79.1182861328125,30.48305892944336,solved,,,,,court_feet,observed,homography
7390,5,player,-1.391360878944397,14.397486686706543,solved,,,,,court_feet,observed,homography
7390,6,player,79.60279083251953,30.57276725769043,solved,,,,,court_feet,observed,homography
7395,5,player,-1.5786824226379395,14.458199501037598,solved,,,,,court_feet,observed,homography
7395,6,player,79.43619537353516,30.537080764770508,solved,,,,,court_feet,observed,homography
7400,5,player,-1.5908033847808838,14.615300178527832,solved,,,,,court_feet,observed,homography
7400,6,player,78.72383117675781,30.161006927490234,solved,,,,,court_feet,observed,homography
7405,5,player,-1.589092493057251,14.433318138122559,solved,,,,,court_feet,observed,homography
7405,6,player,79.00006866455078,30.367572784423828,solved,,,,,court_feet,observed,homography
7410,5,player,-1.4296883344650269,14.797353744506836,solved,,,,,court_feet,observed,homography
7410,6,player,78.86996459960938,30.333982467651367,solved,,,,,court_feet,observed,homography
7415,5,player,0.2895180583000183,14.801105499267578,solved,,,,,court_feet,observed,homography
7415,6,player,79.06126403808594,30.166372299194336,solved,,,,,court_feet,observed,homography
7420,5,player,2.872263193130493,15.547755241394043,camera_lock_drift_checked,,,,,court_feet,observed,homography
7420,6,player,79.81770324707031,29.47547149658203,camera_lock_drift_checked,,,,,court_feet,observed,homography
7425,5,player,2.9624342918395996,14.970829963684082,camera_lock_drift_checked,,,,,court_feet,observed,homography
7425,6,player,79.47223663330078,29.036462783813477,camera_lock_drift_checked,,,,,court_feet,observed,homography
7430,5,player,3.397629499435425,14.616313934326172,camera_lock_drift_checked,,,,,court_feet,observed,homography
7430,6,player,79.5302505493164,29.002817153930664,camera_lock_drift_checked,,,,,court_feet,observed,homography
7435,5,player,0.3673096299171448,14.915631294250488,solved,,,,,court_feet,observed,homography
7435,6,player,80.00386047363281,28.94453239440918,solved,,,,,court_feet,observed,homography
7440,5,player,0.4778502285480499,15.000253677368164,camera_lock_drift_checked,,,,,court_feet,observed,homography
7440,6,player,79.88163757324219,29.176054000854492,camera_lock_drift_checked,,,,,court_feet,observed,homography
7445,5,player,1.22212815284729,15.779738426208496,camera_lock_drift_checked,,,,,court_feet,observed,homography
7445,6,player,79.43059539794922,29.265079498291016,camera_lock_drift_checked,,,,,court_feet,observed,homography
7450,5,player,2.1340396404266357,15.80771255493164,solved,,,,,court_feet,observed,homography
7450,6,player,79.47714233398438,29.641357421875,solved,,,,,court_feet,observed,homography
7455,5,player,1.7898846864700317,15.513310432434082,camera_lock_drift_checked,,,,,court_feet,observed,homography
7455,6,player,79.55766296386719,30.205886840820312,camera_lock_drift_checked,,,,,court_feet,observed,homography
7460,5,player,2.0915300846099854,15.261219024658203,solved,,,,,court_feet,observed,homography
7460,6,player,79.20195007324219,30.98013687133789,solved,,,,,court_feet,observed,homography
7465,5,player,1.7574732303619385,14.768866539001465,solved,,,,,court_feet,observed,homography
7465,6,player,78.66393280029297,31.05138397216797,solved,,,,,court_feet,observed,homography
7470,5,player,0.8130886554718018,14.482049942016602,solved,,,,,court_feet,observed,homography
7470,6,player,78.88729858398438,31.094663619995117,solved,,,,,court_feet,observed,homography
7475,5,player,0.9446345567703247,14.652445793151855,solved,,,,,court_feet,observed,homography
7475,6,player,79.4232177734375,31.2811336517334,solved,,,,,court_feet,observed,homography
7480,5,player,0.6902250051498413,13.767069816589355,solved,,,,,court_feet,observed,homography
7480,6,player,78.05718231201172,30.91058349609375,solved,,,,,court_feet,observed,homography
7485,5,player,9.837000846862793,13.371316909790039,solved,,,,,court_feet,observed,homography
7485,6,player,77.77944946289062,30.45513153076172,solved,,,,,court_feet,observed,homography
7490,5,player,11.939397811889648,12.9588623046875,solved,,,,,court_feet,observed,homography
7490,6,player,78.76954650878906,29.525054931640625,solved,,,,,court_feet,observed,homography
7495,5,player,-0.08758942037820816,11.30819034576416,solved,,,,,court_feet,observed,homography
7495,6,player,78.66846466064453,28.260845184326172,solved,,,,,court_feet,observed,homography
7500,5,player,-0.02181495726108551,10.248961448669434,solved,,,,,court_feet,observed,homography
7500,6,player,78.34210205078125,27.404844284057617,solved,,,,,court_feet,observed,homography
7505,5,player,-0.3226511776447296,9.326504707336426,solved,,,,,court_feet,observed,homography
7505,6,player,79.175537109375,27.162290573120117,solved,,,,,court_feet,observed,homography
7510,5,player,0.43873849511146545,9.019511222839355,solved,,,,,court_feet,observed,homography
7510,6,player,79.46924591064453,26.539228439331055,solved,,,,,court_feet,observed,homography
7515,5,player,-0.4727998971939087,8.730772018432617,solved,,,,,court_feet,observed,homography
7515,6,player,82.048828125,25.728763580322266,solved,,,,,court_feet,observed,homography
7520,5,player,-1.1204781532287598,7.800427436828613,solved,,,,,court_feet,observed,homography
7520,6,player,84.16400146484375,25.088897705078125,solved,,,,,court_feet,observed,homography
7525,5,player,-0.8498888611793518,6.998759746551514,solved,,,,,court_feet,observed,homography
7525,6,player,83.55513763427734,23.872316360473633,solved,,,,,court_feet,observed,homography
7530,5,player,-0.7977507710456848,6.854526042938232,camera_lock_drift_checked,,,,,court_feet,observed,homography
7530,6,player,82.98827362060547,23.586469650268555,camera_lock_drift_checked,,,,,court_feet,observed,homography
7535,5,player,-0.46376797556877136,6.929929256439209,camera_lock_drift_checked,,,,,court_feet,observed,homography
7535,6,player,83.24728393554688,23.330469131469727,camera_lock_drift_checked,,,,,court_feet,observed,homography
7540,5,player,-0.991429328918457,7.990758895874023,solved,,,,,court_feet,observed,homography
7540,6,player,82.14349365234375,23.072214126586914,solved,,,,,court_feet,observed,homography
7545,5,player,-0.9609633684158325,8.961334228515625,solved,,,,,court_feet,observed,homography
7545,6,player,83.44007110595703,23.440593719482422,solved,,,,,court_feet,observed,homography
7550,5,player,-2.381688117980957,9.630122184753418,solved,,,,,court_feet,observed,homography
7550,6,player,84.26295471191406,23.75833511352539,solved,,,,,court_feet,observed,homography
7555,5,player,-2.5895700454711914,10.071063995361328,camera_lock_drift_checked,,,,,court_feet,observed,homography
7555,6,player,84.40707397460938,23.907785415649414,camera_lock_drift_checked,,,,,court_feet,observed,homography
7560,5,player,-2.8935556411743164,11.478377342224121,camera_lock_drift_checked,,,,,court_feet,observed,homography
7560,6,player,83.04286193847656,23.971548080444336,camera_lock_drift_checked,,,,,court_feet,observed,homography
7565,5,player,-4.389586925506592,12.195440292358398,camera_lock_drift_checked,,,,,court_feet,observed,homography
7565,6,player,81.99933624267578,23.603527069091797,camera_lock_drift_checked,,,,,court_feet,observed,homography
7570,5,player,-4.924436569213867,12.513115882873535,solved,,,,,court_feet,observed,homography
7570,6,player,81.98637390136719,24.551868438720703,solved,,,,,court_feet,observed,homography
7575,5,player,-4.9842424392700195,13.182022094726562,solved,,,,,court_feet,observed,homography
7575,6,player,81.77704620361328,24.57401466369629,solved,,,,,court_feet,observed,homography
7580,5,player,-5.456071853637695,13.871746063232422,solved,,,,,court_feet,observed,homography
7580,6,player,82.67202758789062,24.54810905456543,solved,,,,,court_feet,observed,homography
7585,5,player,-6.878021717071533,14.475013732910156,solved,,,,,court_feet,observed,homography
7585,6,player,83.13274383544922,25.92417335510254,solved,,,,,court_feet,observed,homography
7590,5,player,-7.773585319519043,14.80724048614502,camera_lock_drift_checked,,,,,court_feet,observed,homography
7590,6,player,82.15022277832031,25.915571212768555,camera_lock_drift_checked,,,,,court_feet,observed,homography
7595,5,player,-8.06552505493164,15.027229309082031,solved,,,,,court_feet,observed,homography
7595,6,player,81.89224243164062,25.573640823364258,solved,,,,,court_feet,observed,homography
7600,5,player,-7.804023742675781,14.561325073242188,solved,,,,,court_feet,observed,homography
7600,6,player,82.88591003417969,25.95256233215332,solved,,,,,court_feet,observed,homography
7605,5,player,-8.634307861328125,14.229331016540527,solved,,,,,court_feet,observed,homography
7605,6,player,81.89946746826172,25.48628807067871,solved,,,,,court_feet,observed,homography
7610,5,player,-8.897665977478027,13.632181167602539,solved,,,,,court_feet,observed,homography
7610,6,player,81.31497955322266,25.46009063720703,solved,,,,,court_feet,observed,homography
7615,5,player,-8.881439208984375,12.211450576782227,solved,,,,,court_feet,observed,homography
7615,6,player,81.92847442626953,25.1478328704834,solved,,,,,court_feet,observed,homography
7620,5,player,-8.935266494750977,11.597755432128906,solved,,,,,court_feet,observed,homography
7620,6,player,82.4787826538086,24.45927619934082,solved,,,,,court_feet,observed,homography
7625,5,player,-8.694476127624512,11.056875228881836,solved,,,,,court_feet,observed,homography
7625,6,player,81.83030700683594,24.06499481201172,solved,,,,,court_feet,observed,homography
7630,5,player,-8.655072212219238,10.70948314666748,solved,,,,,court_feet,observed,homography
7630,6,player,81.61438751220703,23.62737464904785,solved,,,,,court_feet,observed,homography
7635,5,player,-8.328676223754883,10.429020881652832,solved,,,,,court_feet,observed,homography
7635,6,player,81.91203308105469,23.799158096313477,solved,,,,,court_feet,observed,homography
7640,5,player,-6.571791648864746,9.622199058532715,solved,,,,,court_feet,observed,homography
7640,6,player,82.30206298828125,23.895038604736328,solved,,,,,court_feet,observed,homography
7645,5,player,-7.406505584716797,9.935749053955078,solved,,,,,court_feet,observed,homography
7645,6,player,82.62256622314453,24.278884887695312,solved,,,,,court_feet,observed,homography
7650,5,player,-5.967209339141846,9.298739433288574,solved,,,,,court_feet,observed,homography
7650,6,player,83.6419448852539,24.775527954101562,solved,,,,,court_feet,observed,homography
7655,5,player,-6.606050968170166,9.251529693603516,solved,,,,,court_feet,observed,homography
7655,6,player,82.9868392944336,24.776399612426758,solved,,,,,court_feet,observed,homography
7660,5,player,-8.52062702178955,9.08034610748291,solved,,,,,court_feet,observed,homography
7660,6,player,82.41192626953125,24.607179641723633,solved,,,,,court_feet,observed,homography
7665,5,player,-8.714449882507324,9.209453582763672,solved,,,,,court_feet,observed,homography
7665,6,player,83.33219909667969,25.60116958618164,solved,,,,,court_feet,observed,homography
7670,5,player,-8.866436958312988,9.595223426818848,solved,,,,,court_feet,observed,homography
7670,6,player,83.14738464355469,26.828834533691406,solved,,,,,court_feet,observed,homography
7675,5,player,-8.705241203308105,9.681432723999023,solved,,,,,court_feet,observed,homography
7675,6,player,82.23869323730469,27.691343307495117,solved,,,,,court_feet,observed,homography
7680,5,player,-8.585783004760742,10.22365665435791,solved,,,,,court_feet,observed,homography
7680,6,player,82.18229675292969,28.469812393188477,solved,,,,,court_feet,observed,homography
7685,5,player,-8.413453102111816,11.157458305358887,solved,,,,,court_feet,observed,homography
7685,6,player,81.72676849365234,29.094093322753906,solved,,,,,court_feet,observed,homography
7690,5,player,-8.902434349060059,11.782615661621094,solved,,,,,court_feet,observed,homography
7690,6,player,81.19633483886719,29.419986724853516,solved,,,,,court_feet,observed,homography
7695,5,player,-8.9957914352417,12.459212303161621,solved,,,,,court_feet,observed,homography
7695,6,player,80.58499145507812,30.122913360595703,solved,,,,,court_feet,observed,homography
7700,5,player,-9.437845230102539,12.733206748962402,camera_lock_drift_checked,,,,,court_feet,observed,homography
7700,6,player,79.40006256103516,30.1414737701416,camera_lock_drift_checked,,,,,court_feet,observed,homography
7705,5,player,-9.521442413330078,12.76430892944336,solved,,,,,court_feet,observed,homography
7705,6,player,77.90684509277344,30.276737213134766,solved,,,,,court_feet,observed,homography
7710,5,player,-9.123930931091309,12.773660659790039,solved,,,,,court_feet,observed,homography
7710,6,player,78.37030792236328,30.58139991760254,solved,,,,,court_feet,observed,homography
7715,5,player,-9.114648818969727,12.73127555847168,solved,,,,,court_feet,observed,homography
7715,6,player,78.18891143798828,30.641698837280273,solved,,,,,court_feet,observed,homography
7720,5,player,-10.205366134643555,12.434087753295898,solved,,,,,court_feet,observed,homography
7720,6,player,78.842529296875,31.054723739624023,solved,,,,,court_feet,observed,homography
7725,5,player,-10.342595100402832,12.39114761352539,solved,,,,,court_feet,observed,homography
7725,6,player,78.76839447021484,31.716365814208984,solved,,,,,court_feet,observed,homography
7730,5,player,-10.157005310058594,12.429031372070312,solved,,,,,court_feet,observed,homography
7730,6,player,78.16069793701172,32.112464904785156,solved,,,,,court_feet,observed,homography
7735,5,player,-10.10672664642334,11.584681510925293,solved,,,,,court_feet,observed,homography
7735,6,player,78.365966796875,32.18844985961914,solved,,,,,court_feet,observed,homography
7740,5,player,-9.395140647888184,10.078062057495117,solved,,,,,court_feet,observed,homography
7740,6,player,78.869873046875,32.282073974609375,solved,,,,,court_feet,observed,homography
7745,5,player,-8.824399948120117,8.874398231506348,camera_lock_drift_checked,,,,,court_feet,observed,homography
7745,6,player,78.34590911865234,31.419431686401367,camera_lock_drift_checked,,,,,court_feet,observed,homography
7750,5,player,-9.177410125732422,7.928858280181885,camera_lock_drift_checked,,,,,court_feet,observed,homography
7750,6,player,78.74966430664062,30.259340286254883,camera_lock_drift_checked,,,,,court_feet,observed,homography
7755,5,player,-9.41256046295166,7.212040901184082,solved,,,,,court_feet,observed,homography
7755,6,player,78.69142150878906,29.628246307373047,solved,,,,,court_feet,observed,homography
7760,5,player,-9.73886489868164,6.826001167297363,solved,,,,,court_feet,observed,homography
7760,6,player,78.26648712158203,29.30071449279785,solved,,,,,court_feet,observed,homography
7765,5,player,-9.190098762512207,6.209651470184326,solved,,,,,court_feet,observed,homography
7765,6,player,79.44307708740234,28.60151481628418,solved,,,,,court_feet,observed,homography
7770,5,player,-9.298755645751953,5.053305625915527,solved,,,,,court_feet,observed,homography
7770,6,player,80.8829574584961,27.683029174804688,solved,,,,,court_feet,observed,homography
7775,5,player,-10.05138111114502,4.538913249969482,solved,,,,,court_feet,observed,homography
7775,6,player,79.89967346191406,26.80959701538086,solved,,,,,court_feet,observed,homography
7780,5,player,-10.491957664489746,4.321451187133789,solved,,,,,court_feet,observed,homography
7780,6,player,80.73567962646484,26.658832550048828,solved,,,,,court_feet,observed,homography
7785,5,player,-10.629633903503418,4.3902177810668945,solved,,,,,court_feet,observed,homography
7785,6,player,80.4712142944336,26.080364227294922,solved,,,,,court_feet,observed,homography
7790,5,player,-10.71817398071289,4.542078018188477,solved,,,,,court_feet,observed,homography
7790,6,player,80.15203094482422,26.150529861450195,solved,,,,,court_feet,observed,homography
7795,5,player,-10.780061721801758,4.753648281097412,solved,,,,,court_feet,observed,homography
7795,6,player,79.60415649414062,26.112930297851562,solved,,,,,court_feet,observed,homography
7800,5,player,-10.814220428466797,5.232906341552734,solved,,,,,court_feet,observed,homography
7800,6,player,80.15164184570312,26.423994064331055,solved,,,,,court_feet,observed,homography
7805,5,player,-10.795353889465332,5.577087879180908,solved,,,,,court_feet,observed,homography
7805,6,player,80.17779541015625,26.57090950012207,solved,,,,,court_feet,observed,homography
7810,5,player,-10.746973037719727,5.884830474853516,solved,,,,,court_feet,observed,homography
7810,6,player,81.9079360961914,27.184661865234375,solved,,,,,court_feet,observed,homography
7815,5,player,-10.648324966430664,6.095329284667969,solved,,,,,court_feet,observed,homography
7815,6,player,83.187255859375,27.885921478271484,solved,,,,,court_feet,observed,homography
7820,5,player,-10.560876846313477,6.322009086608887,solved,,,,,court_feet,observed,homography
7820,6,player,83.16686248779297,28.042951583862305,solved,,,,,court_feet,observed,homography
7825,5,player,-10.60446548461914,6.821237564086914,solved,,,,,court_feet,observed,homography
7825,6,player,83.42203521728516,28.275440216064453,solved,,,,,court_feet,observed,homography
7830,5,player,-10.506525039672852,7.411867141723633,solved,,,,,court_feet,observed,homography
7830,6,player,84.30339050292969,28.492164611816406,solved,,,,,court_feet,observed,homography
7835,5,player,-10.569869995117188,8.128520965576172,solved,,,,,court_feet,observed,homography
7835,6,player,84.55448150634766,28.511062622070312,solved,,,,,court_feet,observed,homography
7840,5,player,-10.585489273071289,8.528576850891113,solved,,,,,court_feet,observed,homography
7840,6,player,83.70087432861328,27.99285125732422,solved,,,,,court_feet,observed,homography
7845,5,player,-10.593599319458008,8.764897346496582,solved,,,,,court_feet,observed,homography
7845,6,player,84.40474700927734,28.136627197265625,solved,,,,,court_feet,observed,homography
7850,5,player,-10.457574844360352,8.997288703918457,solved,,,,,court_feet,observed,homography
7850,6,player,85.37673950195312,28.28591537475586,solved,,,,,court_feet,observed,homography
7855,5,player,-10.580921173095703,9.380736351013184,solved,,,,,court_feet,observed,homography
7855,6,player,84.7366714477539,27.91686248779297,solved,,,,,court_feet,observed,homography
7860,5,player,-10.474106788635254,9.864781379699707,solved,,,,,court_feet,observed,homography
7860,6,player,86.22810363769531,27.794063568115234,solved,,,,,court_feet,observed,homography
7865,5,player,-10.592275619506836,10.201254844665527,solved,,,,,court_feet,observed,homography
7865,6,player,85.71526336669922,27.493640899658203,solved,,,,,court_feet,observed,homography
7870,5,player,-10.658860206604004,10.470673561096191,solved,,,,,court_feet,observed,homography
7870,6,player,85.39366149902344,27.289987564086914,solved,,,,,court_feet,observed,homography
7875,5,player,-10.684995651245117,10.549142837524414,solved,,,,,court_feet,observed,homography
7875,6,player,84.76124572753906,26.802873611450195,solved,,,,,court_feet,observed,homography
7880,5,player,-10.638813018798828,10.770529747009277,solved,,,,,court_feet,observed,homography
7880,6,player,85.13407897949219,26.448869705200195,solved,,,,,court_feet,observed,homography
7885,5,player,-10.498411178588867,11.220742225646973,camera_lock_drift_checked,,,,,court_feet,observed,homography
7885,6,player,86.0355453491211,26.493587493896484,camera_lock_drift_checked,,,,,court_feet,observed,homography
7890,5,player,-10.490936279296875,11.69947338104248,camera_lock_drift_checked,,,,,court_feet,observed,homography
7890,6,player,86.34110260009766,25.99664878845215,camera_lock_drift_checked,,,,,court_feet,observed,homography
7895,5,player,-10.616401672363281,12.120268821716309,solved,,,,,court_feet,observed,homography
7895,6,player,85.6326904296875,25.21734046936035,solved,,,,,court_feet,observed,homography
7900,5,player,-10.532726287841797,12.472068786621094,solved,,,,,court_feet,observed,homography
7900,6,player,86.2061996459961,25.2731876373291,solved,,,,,court_feet,observed,homography
7905,5,player,-10.690839767456055,12.618904113769531,solved,,,,,court_feet,observed,homography
7905,6,player,85.76274108886719,24.470333099365234,solved,,,,,court_feet,observed,homography
7910,5,player,-10.4602632522583,12.613688468933105,solved,,,,,court_feet,observed,homography
7910,6,player,86.72886657714844,24.095623016357422,solved,,,,,court_feet,observed,homography
7915,5,player,-10.61660099029541,12.913585662841797,solved,,,,,court_feet,observed,homography
7915,6,player,86.34913635253906,23.33307456970215,solved,,,,,court_feet,observed,homography
7920,5,player,-10.37610149383545,13.313385009765625,camera_lock_drift_checked,,,,,court_feet,observed,homography
7920,6,player,86.97433471679688,23.093246459960938,camera_lock_drift_checked,,,,,court_feet,observed,homography
7925,5,player,-10.861615180969238,13.746927261352539,solved,,,,,court_feet,observed,homography
7925,6,player,85.61152648925781,22.42180633544922,solved,,,,,court_feet,observed,homography
7930,5,player,-10.956597328186035,14.329998016357422,solved,,,,,court_feet,observed,homography
7930,6,player,85.37025451660156,22.108051300048828,solved,,,,,court_feet,observed,homography
7935,5,player,-10.655816078186035,14.479866027832031,solved,,,,,court_feet,observed,homography
7935,6,player,85.8207778930664,21.919822692871094,solved,,,,,court_feet,observed,homography
7940,5,player,-10.645195960998535,14.52262020111084,solved,,,,,court_feet,observed,homography
7940,6,player,86.14010620117188,21.56905746459961,solved,,,,,court_feet,observed,homography
7945,5,player,-10.574176788330078,14.7298583984375,solved,,,,,court_feet,observed,homography
7945,6,player,86.81897735595703,21.381113052368164,solved,,,,,court_feet,observed,homography
7950,5,player,-10.51539134979248,15.166857719421387,solved,,,,,court_feet,observed,homography
7950,6,player,87.66521453857422,21.091510772705078,solved,,,,,court_feet,observed,homography
7955,5,player,-10.383699417114258,15.454567909240723,solved,,,,,court_feet,observed,homography
7955,6,player,88.22335815429688,20.822349548339844,solved,,,,,court_feet,observed,homography
7960,5,player,-10.482460975646973,15.894082069396973,solved,,,,,court_feet,observed,homography
7960,6,player,88.44530487060547,20.50864028930664,solved,,,,,court_feet,observed,homography
7965,5,player,-10.533110618591309,16.407907485961914,solved,,,,,court_feet,observed,homography
7965,6,player,88.61285400390625,19.830368041992188,solved,,,,,court_feet,observed,homography
7970,5,player,-10.466968536376953,16.436511993408203,solved,,,,,court_feet,observed,homography
7970,6,player,89.54438781738281,19.420621871948242,solved,,,,,court_feet,observed,homography
8660,7,player,-2.0149319171905518,20.83556365966797,solved,,,,,court_feet,observed,homography
8660,8,player,90.14385223388672,4.774653434753418,solved,,,,,court_feet,observed,homography
8675,7,player,-2.1069016456604004,20.776384353637695,solved,,,,,court_feet,observed,homography
8675,8,player,91.10411834716797,4.563204288482666,solved,,,,,court_feet,observed,homography
8680,7,player,-2.083707809448242,20.706344604492188,solved,,,,,court_feet,observed,homography
8680,8,player,91.34867095947266,4.355355262756348,solved,,,,,court_feet,observed,homography
8685,7,player,-2.1154401302337646,20.750085830688477,camera_lock_drift_checked,,,,,court_feet,observed,homography
8685,8,player,91.16996765136719,4.356319904327393,camera_lock_drift_checked,,,,,court_feet,observed,homography
8690,7,player,-2.1083767414093018,20.75608253479004,camera_lock_drift_checked,,,,,court_feet,observed,homography
8690,8,player,91.10297393798828,4.405568599700928,camera_lock_drift_checked,,,,,court_feet,observed,homography
8695,7,player,-2.0943307876586914,20.752391815185547,camera_lock_drift_checked,,,,,court_feet,observed,homography
8695,8,player,91.7490005493164,4.453721046447754,camera_lock_drift_checked,,,,,court_feet,observed,homography
8700,7,player,-2.094515562057495,20.80707550048828,solved,,,,,court_feet,observed,homography
8700,8,player,91.61848449707031,4.457291126251221,solved,,,,,court_feet,observed,homography
8705,7,player,-2.2624833583831787,20.832170486450195,solved,,,,,court_feet,observed,homography
8705,8,player,91.5995101928711,4.407917499542236,solved,,,,,court_feet,observed,homography
8710,7,player,-2.2179276943206787,20.85579490661621,solved,,,,,court_feet,observed,homography
8710,8,player,91.49226379394531,4.333523273468018,solved,,,,,court_feet,observed,homography
8715,7,player,-2.154999017715454,20.81310272216797,solved,,,,,court_feet,observed,homography
8715,8,player,91.71585845947266,4.288715839385986,solved,,,,,court_feet,observed,homography
8720,7,player,-2.1507585048675537,20.82342529296875,solved,,,,,court_feet,observed,homography
8720,8,player,91.64928436279297,4.20599889755249,solved,,,,,court_feet,observed,homography
8725,7,player,-2.1205554008483887,20.820486068725586,solved,,,,,court_feet,observed,homography
8725,8,player,91.23313903808594,4.190797328948975,solved,,,,,court_feet,observed,homography
8730,7,player,-2.1878821849823,20.813425064086914,solved,,,,,court_feet,observed,homography
8730,8,player,91.14315795898438,4.134492874145508,solved,,,,,court_feet,observed,homography
8735,7,player,-2.0521433353424072,20.83513641357422,solved,,,,,court_feet,observed,homography
8735,8,player,91.29190063476562,4.119587421417236,solved,,,,,court_feet,observed,homography
8740,7,player,-2.0999104976654053,20.805191040039062,solved,,,,,court_feet,observed,homography
8740,8,player,91.01618957519531,4.103824138641357,solved,,,,,court_feet,observed,homography
8745,7,player,-2.07454514503479,20.801698684692383,solved,,,,,court_feet,observed,homography
8745,8,player,91.13912963867188,4.167844772338867,solved,,,,,court_feet,observed,homography
8750,7,player,-2.10459303855896,20.81240463256836,solved,,,,,court_feet,observed,homography
8750,8,player,91.50458526611328,4.151607990264893,solved,,,,,court_feet,observed,homography
8755,7,player,-2.0992486476898193,20.827144622802734,camera_lock_drift_checked,,,,,court_feet,observed,homography
8755,8,player,91.54881286621094,4.150060653686523,camera_lock_drift_checked,,,,,court_feet,observed,homography
8760,7,player,-2.032221794128418,20.822389602661133,solved,,,,,court_feet,observed,homography
8760,8,player,91.53974151611328,4.127832889556885,solved,,,,,court_feet,observed,homography
8765,7,player,-2.183840751647949,20.83753204345703,solved,,,,,court_feet,observed,homography
8765,8,player,91.11841583251953,4.022375106811523,solved,,,,,court_feet,observed,homography
8770,7,player,-2.1492769718170166,20.7885684967041,solved,,,,,court_feet,observed,homography
8770,8,player,91.18611907958984,3.9968488216400146,solved,,,,,court_feet,observed,homography
8775,7,player,-1.948726773262024,20.726089477539062,solved,,,,,court_feet,observed,homography
8775,8,player,91.20854949951172,3.9259445667266846,solved,,,,,court_feet,observed,homography
8780,7,player,-2.135596513748169,20.798099517822266,solved,,,,,court_feet,observed,homography
8780,8,player,91.10095977783203,3.8467328548431396,solved,,,,,court_feet,observed,homography
8785,7,player,-2.249359369277954,20.7928524017334,solved,,,,,court_feet,observed,homography
8785,8,player,91.20147705078125,3.784240484237671,solved,,,,,court_feet,observed,homography
8790,7,player,-2.205341100692749,20.784151077270508,solved,,,,,court_feet,observed,homography
8790,8,player,90.9232177734375,3.8908793926239014,solved,,,,,court_feet,observed,homography
8795,7,player,-2.1677463054656982,20.784408569335938,solved,,,,,court_feet,observed,homography
8795,8,player,91.01299285888672,3.9309051036834717,solved,,,,,court_feet,observed,homography
8800,7,player,-2.1275486946105957,20.743471145629883,solved,,,,,court_feet,observed,homography
8800,8,player,90.95804595947266,3.9582467079162598,solved,,,,,court_feet,observed,homography
8805,7,player,-1.9406079053878784,20.745872497558594,solved,,,,,court_feet,observed,homography
8805,8,player,91.12877655029297,3.961367130279541,solved,,,,,court_feet,observed,homography
8810,7,player,-1.9847863912582397,20.74884033203125,solved,,,,,court_feet,observed,homography
8810,8,player,90.7659912109375,3.978170156478882,solved,,,,,court_feet,observed,homography
8815,7,player,-1.924180507659912,20.750112533569336,solved,,,,,court_feet,observed,homography
8815,8,player,90.632080078125,3.982846975326538,solved,,,,,court_feet,observed,homography
8820,7,player,-2.103037118911743,20.770132064819336,solved,,,,,court_feet,observed,homography
8820,8,player,91.11540222167969,3.971810817718506,solved,,,,,court_feet,observed,homography
8825,7,player,-1.9448754787445068,20.738845825195312,solved,,,,,court_feet,observed,homography
8825,8,player,90.37015533447266,4.358969688415527,solved,,,,,court_feet,observed,homography
8830,7,player,-1.8681021928787231,20.71397590637207,solved,,,,,court_feet,observed,homography
8830,8,player,90.29139709472656,4.837103843688965,solved,,,,,court_feet,observed,homography
8835,7,player,-1.861108422279358,20.720277786254883,solved,,,,,court_feet,observed,homography
8835,8,player,89.4809341430664,5.256744384765625,solved,,,,,court_feet,observed,homography
8840,7,player,-1.9625358581542969,20.741817474365234,solved,,,,,court_feet,observed,homography
8840,8,player,88.47821807861328,5.29728364944458,solved,,,,,court_feet,observed,homography
8845,7,player,-2.1252682209014893,20.79640007019043,solved,,,,,court_feet,observed,homography
8845,8,player,88.1556625366211,5.24088191986084,solved,,,,,court_feet,observed,homography
8850,7,player,-2.0341804027557373,20.762563705444336,solved,,,,,court_feet,observed,homography
8850,8,player,88.69234466552734,5.211864471435547,solved,,,,,court_feet,observed,homography
8855,7,player,-2.113292694091797,20.709434509277344,solved,,,,,court_feet,observed,homography
8855,8,player,88.61404418945312,5.250542640686035,solved,,,,,court_feet,observed,homography
8860,7,player,-1.8763148784637451,20.732065200805664,solved,,,,,court_feet,observed,homography
8860,8,player,88.4220199584961,5.293030261993408,solved,,,,,court_feet,observed,homography
8865,7,player,-1.8563176393508911,20.754802703857422,solved,,,,,court_feet,observed,homography
8865,8,player,88.05801391601562,5.3543500900268555,solved,,,,,court_feet,observed,homography
8870,7,player,-2.146810293197632,20.87487030029297,solved,,,,,court_feet,observed,homography
8870,8,player,87.99908447265625,5.26212739944458,solved,,,,,court_feet,observed,homography
8875,7,player,-2.1017186641693115,20.86414337158203,solved,,,,,court_feet,observed,homography
8875,8,player,89.00578308105469,5.175539970397949,solved,,,,,court_feet,observed,homography
8880,7,player,-2.1044270992279053,20.903785705566406,solved,,,,,court_feet,observed,homography
8880,8,player,89.35589599609375,5.181575298309326,solved,,,,,court_feet,observed,homography
8885,7,player,-2.0275700092315674,20.943716049194336,solved,,,,,court_feet,observed,homography
8885,8,player,89.25173950195312,5.098835468292236,solved,,,,,court_feet,observed,homography
8890,7,player,-1.8966611623764038,20.920429229736328,solved,,,,,court_feet,observed,homography
8890,8,player,89.47677612304688,5.106626033782959,solved,,,,,court_feet,observed,homography
8895,7,player,-2.036684989929199,20.944337844848633,solved,,,,,court_feet,observed,homography
8895,8,player,89.27762603759766,5.121999740600586,solved,,,,,court_feet,observed,homography
8900,7,player,-2.020134925842285,20.92245864868164,solved,,,,,court_feet,observed,homography
8900,8,player,89.01685333251953,5.2278265953063965,solved,,,,,court_feet,observed,homography
8905,7,player,-1.8673189878463745,20.84687042236328,solved,,,,,court_feet,observed,homography
8905,8,player,88.9671401977539,5.26279354095459,solved,,,,,court_feet,observed,homography
8910,7,player,-2.0220844745635986,20.78584861755371,solved,,,,,court_feet,observed,homography
8910,8,player,88.59868621826172,5.269975662231445,solved,,,,,court_feet,observed,homography
8915,7,player,-2.4681284427642822,20.895729064941406,solved,,,,,court_feet,observed,homography
8915,8,player,89.03282928466797,5.154982089996338,solved,,,,,court_feet,observed,homography
8920,7,player,-2.2977192401885986,20.808103561401367,solved,,,,,court_feet,observed,homography
8920,8,player,89.0910873413086,5.180475234985352,solved,,,,,court_feet,observed,homography
8925,7,player,-2.297694683074951,20.821792602539062,solved,,,,,court_feet,observed,homography
8925,8,player,89.33090209960938,5.175627708435059,solved,,,,,court_feet,observed,homography
8930,7,player,-2.3150148391723633,20.834449768066406,solved,,,,,court_feet,observed,homography
8930,8,player,89.69703674316406,5.242059707641602,solved,,,,,court_feet,observed,homography
8935,7,player,-2.1909775733947754,20.822607040405273,solved,,,,,court_feet,observed,homography
8935,8,player,89.94700622558594,5.270763397216797,solved,,,,,court_feet,observed,homography
8940,7,player,-2.0814476013183594,20.812118530273438,solved,,,,,court_feet,observed,homography
8940,8,player,89.71674346923828,5.297621250152588,solved,,,,,court_feet,observed,homography
8945,7,player,-1.9872452020645142,20.781240463256836,solved,,,,,court_feet,observed,homography
8945,8,player,89.59496307373047,5.305142402648926,solved,,,,,court_feet,observed,homography
8950,7,player,-2.2269790172576904,20.813440322875977,camera_lock_drift_checked,,,,,court_feet,observed,homography
8950,8,player,89.25,5.210202693939209,camera_lock_drift_checked,,,,,court_feet,observed,homography
8955,7,player,-1.9911041259765625,20.787933349609375,solved,,,,,court_feet,observed,homography
8955,8,player,89.96397399902344,5.2907938957214355,solved,,,,,court_feet,observed,homography
8960,7,player,-2.008068323135376,20.72951316833496,solved,,,,,court_feet,observed,homography
8960,8,player,89.80823516845703,5.316686153411865,solved,,,,,court_feet,observed,homography
8965,7,player,-2.100346088409424,20.723583221435547,solved,,,,,court_feet,observed,homography
8965,8,player,89.63509368896484,5.389344215393066,solved,,,,,court_feet,observed,homography
8970,7,player,-2.0896286964416504,20.798072814941406,solved,,,,,court_feet,observed,homography
8970,8,player,89.46240234375,5.343697547912598,solved,,,,,court_feet,observed,homography
8975,7,player,-2.3478686809539795,20.90082550048828,solved,,,,,court_feet,observed,homography
8975,8,player,89.09597778320312,5.2450432777404785,solved,,,,,court_feet,observed,homography
8980,7,player,-2.473978042602539,20.946758270263672,solved,,,,,court_feet,observed,homography
8980,8,player,88.66305541992188,5.254085540771484,solved,,,,,court_feet,observed,homography
8985,7,player,-2.2441134452819824,20.93921661376953,solved,,,,,court_feet,observed,homography
8985,8,player,89.22331237792969,5.2806220054626465,solved,,,,,court_feet,observed,homography
9215,9,player,-1.9864658117294312,21.034692764282227,solved,,,,,court_feet,observed,homography
9215,10,player,90.17041015625,5.288537502288818,solved,,,,,court_feet,observed,homography
9220,9,player,-1.276689052581787,21.521451950073242,solved,,,,,court_feet,observed,homography
9220,10,player,89.7249526977539,5.297338962554932,solved,,,,,court_feet,observed,homography
9225,9,player,-1.188905954360962,21.70276641845703,solved,,,,,court_feet,observed,homography
9225,10,player,89.45840454101562,5.338977813720703,solved,,,,,court_feet,observed,homography
9230,9,player,-1.331178069114685,21.76009750366211,solved,,,,,court_feet,observed,homography
9230,10,player,88.76067352294922,5.274748802185059,solved,,,,,court_feet,observed,homography
9235,9,player,-1.2486159801483154,21.633609771728516,solved,,,,,court_feet,observed,homography
9235,10,player,89.19129180908203,5.243866920471191,solved,,,,,court_feet,observed,homography
9240,9,player,-1.2539185285568237,21.481042861938477,solved,,,,,court_feet,observed,homography
9240,10,player,89.76763153076172,5.300712585449219,solved,,,,,court_feet,observed,homography
9245,9,player,-0.9327788949012756,21.13494300842285,solved,,,,,court_feet,observed,homography
9245,10,player,89.2927017211914,5.3353729248046875,solved,,,,,court_feet,observed,homography
9250,9,player,1.6284356117248535,21.245615005493164,solved,,,,,court_feet,observed,homography
9250,10,player,90.43524932861328,5.319165229797363,solved,,,,,court_feet,observed,homography
9255,9,player,3.22261118888855,21.705095291137695,camera_lock_drift_checked,,,,,court_feet,observed,homography
9255,10,player,89.07354736328125,5.6015238761901855,camera_lock_drift_checked,,,,,court_feet,observed,homography
9260,9,player,5.093532085418701,21.7053279876709,solved,,,,,court_feet,observed,homography
9260,10,player,89.1943588256836,5.84472131729126,solved,,,,,court_feet,observed,homography
9265,9,player,2.155264377593994,21.34126853942871,solved,,,,,court_feet,observed,homography
9265,10,player,88.14507293701172,5.881234645843506,solved,,,,,court_feet,observed,homography
9270,9,player,0.8184990286827087,21.17929458618164,solved,,,,,court_feet,observed,homography
9270,10,player,88.02750396728516,5.7619171142578125,solved,,,,,court_feet,observed,homography
9275,9,player,0.6402554512023926,20.826467514038086,solved,,,,,court_feet,observed,homography
9275,10,player,87.53145599365234,5.386449337005615,solved,,,,,court_feet,observed,homography
9280,9,player,0.909377932548523,20.494007110595703,solved,,,,,court_feet,observed,homography
9280,10,player,88.06704711914062,4.453227519989014,solved,,,,,court_feet,observed,homography
9285,9,player,1.5665782690048218,20.23872947692871,solved,,,,,court_feet,observed,homography
9285,10,player,86.7641830444336,3.193936586380005,solved,,,,,court_feet,observed,homography
9290,9,player,2.7802319526672363,20.019227981567383,solved,,,,,court_feet,observed,homography
9290,10,player,86.3287124633789,2.8566348552703857,solved,,,,,court_feet,observed,homography
9295,9,player,3.9176206588745117,19.908161163330078,solved,,,,,court_feet,observed,homography
9295,10,player,85.71923828125,2.056605100631714,solved,,,,,court_feet,observed,homography
9300,9,player,4.538759708404541,19.784608840942383,solved,,,,,court_feet,observed,homography
9300,10,player,83.91046905517578,1.8104521036148071,solved,,,,,court_feet,observed,homography
9305,9,player,4.643474102020264,19.570281982421875,solved,,,,,court_feet,observed,homography
9305,10,player,83.35697937011719,1.3229976892471313,solved,,,,,court_feet,observed,homography
9310,9,player,4.887795925140381,19.367515563964844,camera_lock_drift_checked,,,,,court_feet,observed,homography
9310,10,player,83.40497589111328,1.1603504419326782,camera_lock_drift_checked,,,,,court_feet,observed,homography
9315,9,player,4.924057960510254,19.300416946411133,solved,,,,,court_feet,observed,homography
9315,10,player,83.2490234375,0.9387800097465515,solved,,,,,court_feet,observed,homography
9320,9,player,4.912380218505859,19.165864944458008,solved,,,,,court_feet,observed,homography
9320,10,player,83.3146743774414,0.8627777099609375,solved,,,,,court_feet,observed,homography
9325,9,player,5.015585422515869,19.03691291809082,solved,,,,,court_feet,observed,homography
9325,10,player,83.49498748779297,0.7684499025344849,solved,,,,,court_feet,observed,homography
9330,9,player,4.785454273223877,18.9360408782959,solved,,,,,court_feet,observed,homography
9330,10,player,83.29717254638672,0.7936962842941284,solved,,,,,court_feet,observed,homography
9335,9,player,4.397526264190674,18.965171813964844,solved,,,,,court_feet,observed,homography
9335,10,player,82.87562561035156,0.9947888851165771,solved,,,,,court_feet,observed,homography
9340,9,player,3.948864221572876,19.005800247192383,solved,,,,,court_feet,observed,homography
9340,10,player,82.78771209716797,1.1661272048950195,solved,,,,,court_feet,observed,homography
9345,9,player,3.7856733798980713,18.984251022338867,solved,,,,,court_feet,observed,homography
9345,10,player,82.27609252929688,1.2588621377944946,solved,,,,,court_feet,observed,homography
9350,9,player,3.652914047241211,19.309398651123047,solved,,,,,court_feet,observed,homography
9350,10,player,82.06036376953125,1.3030169010162354,solved,,,,,court_feet,observed,homography
9355,9,player,3.7858519554138184,19.352832794189453,camera_lock_drift_checked,,,,,court_feet,observed,homography
9355,10,player,82.03801727294922,1.3975147008895874,camera_lock_drift_checked,,,,,court_feet,observed,homography
9360,9,player,3.7086567878723145,19.342763900756836,solved,,,,,court_feet,observed,homography
9360,10,player,82.0414810180664,1.7769160270690918,solved,,,,,court_feet,observed,homography
9365,9,player,3.1320960521698,19.462913513183594,solved,,,,,court_feet,observed,homography
9365,10,player,81.92666625976562,2.265300989151001,solved,,,,,court_feet,observed,homography
9370,9,player,2.6341326236724854,19.542211532592773,solved,,,,,court_feet,observed,homography
9370,10,player,82.1360092163086,2.4793004989624023,solved,,,,,court_feet,observed,homography
9375,9,player,2.0955309867858887,19.678340911865234,solved,,,,,court_feet,observed,homography
9375,10,player,81.41204833984375,2.8684825897216797,solved,,,,,court_feet,observed,homography
9380,9,player,2.073148250579834,19.750324249267578,solved,,,,,court_feet,observed,homography
9380,10,player,81.3878173828125,3.0916695594787598,solved,,,,,court_feet,observed,homography
9385,9,player,1.917897343635559,19.841787338256836,solved,,,,,court_feet,observed,homography
9385,10,player,81.73340606689453,3.25891375541687,solved,,,,,court_feet,observed,homography
9390,9,player,1.9421690702438354,19.844270706176758,solved,,,,,court_feet,observed,homography
9390,10,player,82.1246566772461,3.2891411781311035,solved,,,,,court_feet,observed,homography
9395,9,player,1.2574565410614014,19.904605865478516,solved,,,,,court_feet,observed,homography
9395,10,player,81.87565612792969,3.6103808879852295,solved,,,,,court_feet,observed,homography
9400,9,player,0.6717138886451721,20.074398040771484,solved,,,,,court_feet,observed,homography
9400,10,player,82.295166015625,3.833016872406006,solved,,,,,court_feet,observed,homography
9405,9,player,0.28383156657218933,20.154197692871094,solved,,,,,court_feet,observed,homography
9405,10,player,82.20911407470703,4.060108661651611,solved,,,,,court_feet,observed,homography
9410,9,player,0.23187430202960968,20.1466064453125,solved,,,,,court_feet,observed,homography
9410,10,player,82.04905700683594,4.428340911865234,solved,,,,,court_feet,observed,homography
9415,9,player,-0.03403022885322571,20.203704833984375,solved,,,,,court_feet,observed,homography
9415,10,player,82.45991516113281,4.468382358551025,solved,,,,,court_feet,observed,homography
9420,9,player,0.07719603925943375,20.275028228759766,solved,,,,,court_feet,observed,homography
9420,10,player,82.38578796386719,4.607860088348389,solved,,,,,court_feet,observed,homography
9425,9,player,-0.25948503613471985,20.377395629882812,solved,,,,,court_feet,observed,homography
9425,10,player,82.374755859375,4.720264911651611,solved,,,,,court_feet,observed,homography
9430,9,player,-0.8075792193412781,20.545454025268555,solved,,,,,court_feet,observed,homography
9430,10,player,82.626953125,4.745359897613525,solved,,,,,court_feet,observed,homography
9435,9,player,-1.2142200469970703,20.61669921875,solved,,,,,court_feet,observed,homography
9435,10,player,82.50769805908203,4.829898357391357,solved,,,,,court_feet,observed,homography
9440,9,player,-1.2305952310562134,20.634567260742188,solved,,,,,court_feet,observed,homography
9440,10,player,82.6759262084961,4.912676811218262,solved,,,,,court_feet,observed,homography
9445,9,player,-1.2303568124771118,20.581279754638672,solved,,,,,court_feet,observed,homography
9445,10,player,83.40007781982422,4.943417072296143,solved,,,,,court_feet,observed,homography
9450,9,player,-1.480912446975708,20.69523048400879,solved,,,,,court_feet,observed,homography
9450,10,player,82.77362823486328,4.9527459144592285,solved,,,,,court_feet,observed,homography
9455,9,player,-1.9949042797088623,20.79291534423828,solved,,,,,court_feet,observed,homography
9455,10,player,82.64073181152344,4.835140705108643,solved,,,,,court_feet,observed,homography
9460,9,player,-2.599012613296509,20.871828079223633,solved,,,,,court_feet,observed,homography
9460,10,player,82.95597076416016,4.657598495483398,solved,,,,,court_feet,observed,homography
9465,9,player,-2.2153334617614746,20.641311645507812,solved,,,,,court_feet,observed,homography
9465,10,player,82.35678100585938,4.689569473266602,solved,,,,,court_feet,observed,homography
9470,9,player,-2.3853659629821777,20.633502960205078,camera_lock_drift_checked,,,,,court_feet,observed,homography
9470,10,player,82.5997543334961,4.629854202270508,camera_lock_drift_checked,,,,,court_feet,observed,homography
9475,9,player,-2.395144462585449,20.660900115966797,solved,,,,,court_feet,observed,homography
9475,10,player,84.04586029052734,4.4390740394592285,solved,,,,,court_feet,observed,homography
9480,9,player,-2.496659278869629,20.583847045898438,solved,,,,,court_feet,observed,homography
9480,10,player,84.27983856201172,4.497939586639404,solved,,,,,court_feet,observed,homography
9485,9,player,-2.2142534255981445,20.47457504272461,solved,,,,,court_feet,observed,homography
9485,10,player,84.76860809326172,4.674592971801758,solved,,,,,court_feet,observed,homography
9490,9,player,-2.375854015350342,20.508956909179688,camera_lock_drift_checked,,,,,court_feet,observed,homography
9490,10,player,84.70244598388672,4.672330379486084,camera_lock_drift_checked,,,,,court_feet,observed,homography
9495,9,player,-2.3949246406555176,20.46129608154297,camera_lock_drift_checked,,,,,court_feet,observed,homography
9495,10,player,84.84334564208984,4.696643352508545,camera_lock_drift_checked,,,,,court_feet,observed,homography
9500,9,player,-2.3652923107147217,20.46341323852539,camera_lock_drift_checked,,,,,court_feet,observed,homography
9500,10,player,85.71122741699219,4.576594829559326,camera_lock_drift_checked,,,,,court_feet,observed,homography
9505,9,player,-1.9420968294143677,20.36008644104004,solved,,,,,court_feet,observed,homography
9505,10,player,86.14247131347656,4.658640384674072,solved,,,,,court_feet,observed,homography
9510,9,player,-1.9252368211746216,20.245378494262695,solved,,,,,court_feet,observed,homography
9510,10,player,86.37960052490234,4.536661624908447,solved,,,,,court_feet,observed,homography
9515,9,player,-1.9856947660446167,20.217714309692383,solved,,,,,court_feet,observed,homography
9515,10,player,86.4413833618164,4.40438175201416,solved,,,,,court_feet,observed,homography
9520,9,player,-2.065502166748047,20.33745002746582,solved,,,,,court_feet,observed,homography
9520,10,player,86.74031829833984,4.176834583282471,solved,,,,,court_feet,observed,homography
9525,9,player,-2.309856414794922,20.46259880065918,solved,,,,,court_feet,observed,homography
9525,10,player,86.48344421386719,4.018000602722168,solved,,,,,court_feet,observed,homography
9530,9,player,-2.281843423843384,20.472536087036133,solved,,,,,court_feet,observed,homography
9530,10,player,86.38835906982422,4.014871597290039,solved,,,,,court_feet,observed,homography
9535,9,player,-2.2718982696533203,20.679014205932617,solved,,,,,court_feet,observed,homography
9535,10,player,86.18495178222656,4.061906814575195,solved,,,,,court_feet,observed,homography
9540,9,player,-2.31892466545105,20.734535217285156,solved,,,,,court_feet,observed,homography
9540,10,player,86.19853210449219,4.0100417137146,solved,,,,,court_feet,observed,homography
9545,9,player,-2.252194881439209,20.76376724243164,solved,,,,,court_feet,observed,homography
9545,10,player,86.08064270019531,4.047732830047607,solved,,,,,court_feet,observed,homography
9550,9,player,-2.23820424079895,20.777332305908203,solved,,,,,court_feet,observed,homography
9550,10,player,86.43800354003906,4.055776596069336,solved,,,,,court_feet,observed,homography
9555,9,player,-2.210855722427368,20.80352210998535,solved,,,,,court_feet,observed,homography
9555,10,player,86.69841003417969,4.073376178741455,solved,,,,,court_feet,observed,homography
9560,9,player,-2.201578140258789,20.841293334960938,solved,,,,,court_feet,observed,homography
9560,10,player,86.00112915039062,4.053619861602783,solved,,,,,court_feet,observed,homography
9565,9,player,-2.2574679851531982,20.850406646728516,solved,,,,,court_feet,observed,homography
9565,10,player,86.6127700805664,3.964398145675659,solved,,,,,court_feet,observed,homography
9570,9,player,-2.4625205993652344,20.91264533996582,solved,,,,,court_feet,observed,homography
9570,10,player,85.71479797363281,3.9755239486694336,solved,,,,,court_feet,observed,homography
9575,9,player,-2.3365228176116943,20.872589111328125,solved,,,,,court_feet,observed,homography
9575,10,player,86.37330627441406,3.898895025253296,solved,,,,,court_feet,observed,homography
9580,9,player,-2.284752368927002,20.853145599365234,solved,,,,,court_feet,observed,homography
9580,10,player,86.53568267822266,3.8454978466033936,solved,,,,,court_feet,observed,homography
9585,9,player,-2.2240071296691895,20.792627334594727,solved,,,,,court_feet,observed,homography
9585,10,player,86.32743835449219,4.0603485107421875,solved,,,,,court_feet,observed,homography
9590,9,player,-2.0818912982940674,20.781740188598633,solved,,,,,court_feet,observed,homography
9590,10,player,86.04662322998047,4.233979225158691,solved,,,,,court_feet,observed,homography
9595,9,player,-2.119852304458618,20.785825729370117,solved,,,,,court_feet,observed,homography
9595,10,player,85.8875503540039,4.275509834289551,solved,,,,,court_feet,observed,homography
9600,9,player,-2.179410457611084,20.85173988342285,solved,,,,,court_feet,observed,homography
9600,10,player,85.74639129638672,4.290627956390381,solved,,,,,court_feet,observed,homography
9605,9,player,-2.1155128479003906,20.737035751342773,solved,,,,,court_feet,observed,homography
9605,10,player,85.84153747558594,4.34068489074707,solved,,,,,court_feet,observed,homography
9610,9,player,-2.1786930561065674,20.751157760620117,solved,,,,,court_feet,observed,homography
9610,10,player,85.7802505493164,4.389944553375244,solved,,,,,court_feet,observed,homography
9615,9,player,-2.429360866546631,20.875335693359375,solved,,,,,court_feet,observed,homography
9615,10,player,85.05770111083984,4.351163864135742,solved,,,,,court_feet,observed,homography
9620,9,player,-2.411123752593994,20.869483947753906,solved,,,,,court_feet,observed,homography
9620,10,player,85.01802062988281,4.318220615386963,solved,,,,,court_feet,observed,homography
9625,9,player,-2.1854701042175293,20.807390213012695,solved,,,,,court_feet,observed,homography
9625,10,player,85.32129669189453,4.355859756469727,solved,,,,,court_feet,observed,homography
9630,9,player,-1.946835994720459,20.728849411010742,solved,,,,,court_feet,observed,homography
9630,10,player,85.44288635253906,4.586611270904541,solved,,,,,court_feet,observed,homography
9635,9,player,-2.053201198577881,20.796422958374023,solved,,,,,court_feet,observed,homography
9635,10,player,84.75994873046875,4.989176273345947,solved,,,,,court_feet,observed,homography
9640,9,player,-2.1084935665130615,20.8200626373291,solved,,,,,court_feet,observed,homography
9640,10,player,84.50941467285156,5.238404750823975,solved,,,,,court_feet,observed,homography
9645,9,player,-1.9369292259216309,20.655832290649414,solved,,,,,court_feet,observed,homography
9645,10,player,84.76844024658203,5.31685733795166,solved,,,,,court_feet,observed,homography
9650,9,player,-1.9780185222625732,20.699487686157227,solved,,,,,court_feet,observed,homography
9650,10,player,84.42505645751953,5.365365982055664,solved,,,,,court_feet,observed,homography
9655,9,player,-2.175307273864746,20.79983901977539,solved,,,,,court_feet,observed,homography
9655,10,player,84.193603515625,5.315481662750244,solved,,,,,court_feet,observed,homography
9660,9,player,-2.252058506011963,20.878244400024414,solved,,,,,court_feet,observed,homography
9660,10,player,84.10249328613281,5.3708271980285645,solved,,,,,court_feet,observed,homography
9665,9,player,-2.3391144275665283,20.858917236328125,solved,,,,,court_feet,observed,homography
9665,10,player,84.20115661621094,5.361774444580078,solved,,,,,court_feet,observed,homography
9670,9,player,-2.1704139709472656,20.897098541259766,solved,,,,,court_feet,observed,homography
9670,10,player,84.20243072509766,5.413074016571045,solved,,,,,court_feet,observed,homography
9675,9,player,-2.232712507247925,20.895883560180664,camera_lock_drift_checked,,,,,court_feet,observed,homography
9675,10,player,84.34268951416016,5.3867387771606445,camera_lock_drift_checked,,,,,court_feet,observed,homography
9680,9,player,-2.2803537845611572,20.925037384033203,solved,,,,,court_feet,observed,homography
9680,10,player,84.19781494140625,5.375977993011475,solved,,,,,court_feet,observed,homography
9685,9,player,-1.9500024318695068,20.810283660888672,solved,,,,,court_feet,observed,homography
9685,10,player,84.32861328125,5.424159049987793,solved,,,,,court_feet,observed,homography
9690,9,player,-1.8190690279006958,20.80208969116211,solved,,,,,court_feet,observed,homography
9690,10,player,84.59141540527344,5.401017189025879,solved,,,,,court_feet,observed,homography
9695,9,player,-1.8889415264129639,20.75324821472168,solved,,,,,court_feet,observed,homography
9695,10,player,84.41084289550781,5.357359409332275,solved,,,,,court_feet,observed,homography
9700,9,player,-1.8086695671081543,20.693641662597656,solved,,,,,court_feet,observed,homography
9700,10,player,84.35041809082031,5.421172142028809,solved,,,,,court_feet,observed,homography
9705,9,player,-1.8810456991195679,20.6450252532959,solved,,,,,court_feet,observed,homography
9705,10,player,84.33647155761719,5.413403511047363,solved,,,,,court_feet,observed,homography
9710,9,player,-2.110016107559204,20.772464752197266,solved,,,,,court_feet,observed,homography
9710,10,player,84.12505340576172,5.392673015594482,solved,,,,,court_feet,observed,homography
9715,9,player,-2.2218241691589355,20.808523178100586,solved,,,,,court_feet,observed,homography
9715,10,player,84.15592956542969,5.374582767486572,solved,,,,,court_feet,observed,homography
9720,9,player,-2.0486035346984863,20.723644256591797,solved,,,,,court_feet,observed,homography
9720,10,player,84.28271484375,5.504273414611816,solved,,,,,court_feet,observed,homography
9725,9,player,-1.9516409635543823,20.689735412597656,solved,,,,,court_feet,observed,homography
9725,10,player,84.63766479492188,5.499211311340332,solved,,,,,court_feet,observed,homography
9730,9,player,-1.9067578315734863,20.660490036010742,solved,,,,,court_feet,observed,homography
9730,10,player,84.53034973144531,5.578727722167969,solved,,,,,court_feet,observed,homography
9735,9,player,-1.971381425857544,20.71920394897461,solved,,,,,court_feet,observed,homography
9735,10,player,84.46395111083984,5.5276384353637695,solved,,,,,court_feet,observed,homography
9740,9,player,-2.1469995975494385,20.80718994140625,solved,,,,,court_feet,observed,homography
9740,10,player,84.04877471923828,5.4075212478637695,solved,,,,,court_feet,observed,homography
9745,9,player,-2.1228322982788086,20.786123275756836,solved,,,,,court_feet,observed,homography
9745,10,player,84.13206481933594,5.419638156890869,solved,,,,,court_feet,observed,homography
9750,9,player,-2.0982306003570557,20.679061889648438,solved,,,,,court_feet,observed,homography
9750,10,player,84.23406219482422,5.411909103393555,solved,,,,,court_feet,observed,homography
9755,9,player,-1.9094637632369995,20.613895416259766,solved,,,,,court_feet,observed,homography
9755,10,player,84.47018432617188,5.469051837921143,solved,,,,,court_feet,observed,homography
9760,9,player,-1.9652600288391113,20.631433486938477,solved,,,,,court_feet,observed,homography
9760,10,player,84.62348937988281,5.432784557342529,solved,,,,,court_feet,observed,homography
9765,9,player,-2.0489468574523926,20.69707679748535,solved,,,,,court_feet,observed,homography
9765,10,player,84.54621124267578,5.439922332763672,solved,,,,,court_feet,observed,homography
9770,9,player,-2.0063118934631348,20.644868850708008,solved,,,,,court_feet,observed,homography
9770,10,player,84.80118560791016,5.525462627410889,solved,,,,,court_feet,observed,homography
9775,9,player,-1.89407479763031,20.611209869384766,solved,,,,,court_feet,observed,homography
9775,10,player,84.8426513671875,5.539070129394531,solved,,,,,court_feet,observed,homography
9780,9,player,-2.0575270652770996,20.695831298828125,camera_lock_drift_checked,,,,,court_feet,observed,homography
9780,10,player,84.52318572998047,5.478719234466553,camera_lock_drift_checked,,,,,court_feet,observed,homography
9785,9,player,-2.059976100921631,20.695188522338867,camera_lock_drift_checked,,,,,court_feet,observed,homography
9785,10,player,84.59537506103516,5.476146221160889,camera_lock_drift_checked,,,,,court_feet,observed,homography
9790,9,player,-2.0697591304779053,20.70181655883789,solved,,,,,court_feet,observed,homography
9790,10,player,84.62916564941406,5.457164764404297,solved,,,,,court_feet,observed,homography
9795,9,player,-2.0848042964935303,20.70349884033203,solved,,,,,court_feet,observed,homography
9795,10,player,84.40946960449219,5.492877006530762,solved,,,,,court_feet,observed,homography
9800,9,player,-2.1375672817230225,20.72186851501465,solved,,,,,court_feet,observed,homography
9800,10,player,84.37467193603516,5.481048107147217,solved,,,,,court_feet,observed,homography
9805,9,player,-2.167555570602417,20.727632522583008,solved,,,,,court_feet,observed,homography
9805,10,player,84.46920776367188,5.514704704284668,solved,,,,,court_feet,observed,homography
9810,9,player,-1.9953128099441528,20.665813446044922,solved,,,,,court_feet,observed,homography
9810,10,player,84.54502868652344,5.570478439331055,solved,,,,,court_feet,observed,homography
9815,9,player,-2.015652656555176,20.695085525512695,solved,,,,,court_feet,observed,homography
9815,10,player,84.40667724609375,5.53176736831665,solved,,,,,court_feet,observed,homography
9820,9,player,-2.1367180347442627,20.69579315185547,solved,,,,,court_feet,observed,homography
9820,10,player,84.43389892578125,5.450018405914307,solved,,,,,court_feet,observed,homography
9825,9,player,-2.1837172508239746,20.724294662475586,solved,,,,,court_feet,observed,homography
9825,10,player,84.35670471191406,5.46305513381958,solved,,,,,court_feet,observed,homography
9830,9,player,-2.1854374408721924,20.71794891357422,solved,,,,,court_feet,observed,homography
9830,10,player,84.44284057617188,5.4670844078063965,solved,,,,,court_feet,observed,homography
9835,9,player,-2.1302363872528076,20.708967208862305,solved,,,,,court_feet,observed,homography
9835,10,player,84.42572784423828,5.482528209686279,solved,,,,,court_feet,observed,homography
9840,9,player,-1.9580769538879395,20.657663345336914,solved,,,,,court_feet,observed,homography
9840,10,player,84.73014831542969,5.513872146606445,solved,,,,,court_feet,observed,homography
9845,9,player,-1.8801864385604858,20.617889404296875,solved,,,,,court_feet,observed,homography
9845,10,player,84.86976623535156,5.536655426025391,solved,,,,,court_feet,observed,homography
9850,9,player,-1.8614434003829956,20.617517471313477,solved,,,,,court_feet,observed,homography
9850,10,player,85.2149658203125,5.577244758605957,solved,,,,,court_feet,observed,homography
9855,9,player,-1.9792184829711914,20.657333374023438,solved,,,,,court_feet,observed,homography
9855,10,player,84.98103332519531,5.541450023651123,solved,,,,,court_feet,observed,homography
9860,9,player,-1.9066897630691528,20.690183639526367,solved,,,,,court_feet,observed,homography
9860,10,player,84.7384033203125,5.568120956420898,solved,,,,,court_feet,observed,homography
9865,9,player,-1.874733805656433,20.74631118774414,solved,,,,,court_feet,observed,homography
9865,10,player,84.78337860107422,5.5715107917785645,solved,,,,,court_feet,observed,homography
9870,9,player,-1.8497110605239868,20.80813217163086,solved,,,,,court_feet,observed,homography
9870,10,player,84.89559936523438,5.578098773956299,solved,,,,,court_feet,observed,homography
9875,9,player,-1.7528645992279053,20.8411865234375,solved,,,,,court_feet,observed,homography
9875,10,player,84.90359497070312,5.594143390655518,solved,,,,,court_feet,observed,homography
9880,9,player,-1.8024288415908813,20.947126388549805,solved,,,,,court_feet,observed,homography
9880,10,player,84.68257141113281,5.555717945098877,solved,,,,,court_feet,observed,homography
9885,9,player,-1.888951063156128,21.041980743408203,camera_lock_drift_checked,,,,,court_feet,observed,homography
9885,10,player,84.88890075683594,5.532168865203857,camera_lock_drift_checked,,,,,court_feet,observed,homography
9890,9,player,-2.058810234069824,21.227434158325195,solved,,,,,court_feet,observed,homography
9890,10,player,84.65291595458984,5.537015438079834,solved,,,,,court_feet,observed,homography
9895,9,player,-2.16192626953125,21.104326248168945,solved,,,,,court_feet,observed,homography
9895,10,player,84.63916778564453,5.48643684387207,solved,,,,,court_feet,observed,homography
9900,9,player,-2.0478107929229736,20.912694931030273,solved,,,,,court_feet,observed,homography
9900,10,player,85.00253295898438,5.554751396179199,solved,,,,,court_feet,observed,homography
9905,9,player,-2.0328598022460938,20.908222198486328,solved,,,,,court_feet,observed,homography
9905,10,player,85.14456176757812,5.514737129211426,solved,,,,,court_feet,observed,homography
9910,9,player,-2.1425650119781494,20.683412551879883,solved,,,,,court_feet,observed,homography
9910,10,player,84.97331237792969,5.485811710357666,solved,,,,,court_feet,observed,homography
9915,9,player,-1.9349464178085327,20.559345245361328,solved,,,,,court_feet,observed,homography
9915,10,player,85.28350830078125,5.513941287994385,solved,,,,,court_feet,observed,homography
9920,9,player,-2.03977632522583,20.639116287231445,camera_lock_drift_checked,,,,,court_feet,observed,homography
9920,10,player,84.88111114501953,5.5175275802612305,camera_lock_drift_checked,,,,,court_feet,observed,homography
9925,9,player,-1.923346757888794,20.59624481201172,solved,,,,,court_feet,observed,homography
9925,10,player,84.9874496459961,5.597410202026367,solved,,,,,court_feet,observed,homography
9930,9,player,-1.902880311012268,20.592130661010742,solved,,,,,court_feet,observed,homography
9930,10,player,84.93010711669922,5.601929664611816,solved,,,,,court_feet,observed,homography
9935,9,player,-2.032069683074951,20.68529510498047,solved,,,,,court_feet,observed,homography
9935,10,player,84.658447265625,5.573838710784912,solved,,,,,court_feet,observed,homography
9940,9,player,-2.0095341205596924,21.054492950439453,solved,,,,,court_feet,observed,homography
9940,10,player,84.75724792480469,5.583893775939941,solved,,,,,court_feet,observed,homography
9945,9,player,-2.264116048812866,21.083248138427734,solved,,,,,court_feet,observed,homography
9945,10,player,84.4814453125,5.505031108856201,solved,,,,,court_feet,observed,homography
9950,9,player,-2.471376657485962,21.133434295654297,solved,,,,,court_feet,observed,homography
9950,10,player,84.08182525634766,5.393198013305664,solved,,,,,court_feet,observed,homography
9955,9,player,-2.4233903884887695,21.265987396240234,solved,,,,,court_feet,observed,homography
9955,10,player,84.08012390136719,5.358086109161377,solved,,,,,court_feet,observed,homography
9960,9,player,-1.9472652673721313,21.745458602905273,solved,,,,,court_feet,observed,homography
9960,10,player,84.22419738769531,5.354697227478027,solved,,,,,court_feet,observed,homography
9965,9,player,-1.6905041933059692,21.746007919311523,solved,,,,,court_feet,observed,homography
9965,10,player,84.30313873291016,5.453342437744141,solved,,,,,court_feet,observed,homography
9970,9,player,-2.0151939392089844,21.85875701904297,camera_lock_drift_checked,,,,,court_feet,observed,homography
9970,10,player,83.7673110961914,5.4939141273498535,camera_lock_drift_checked,,,,,court_feet,observed,homography
9975,9,player,-1.4756661653518677,21.620731353759766,solved,,,,,court_feet,observed,homography
9975,10,player,84.40254211425781,5.699374675750732,solved,,,,,court_feet,observed,homography
9980,9,player,-1.3091366291046143,21.358060836791992,solved,,,,,court_feet,observed,homography
9980,10,player,84.78172302246094,5.79753303527832,solved,,,,,court_feet,observed,homography
10035,11,player,2.5212600231170654,20.03703498840332,solved,,,,,court_feet,observed,homography
10035,12,player,82.81159973144531,9.39557933807373,solved,,,,,court_feet,observed,homography
10040,11,player,2.736873149871826,19.80972671508789,solved,,,,,court_feet,observed,homography
10040,12,player,83.31471252441406,9.989116668701172,solved,,,,,court_feet,observed,homography
10045,11,player,2.258523941040039,19.549129486083984,solved,,,,,court_feet,observed,homography
10045,12,player,85.48163604736328,11.443183898925781,solved,,,,,court_feet,observed,homography
10050,11,player,0.8364579081535339,19.28812599182129,solved,,,,,court_feet,observed,homography
10050,12,player,83.69273376464844,11.599102973937988,solved,,,,,court_feet,observed,homography
10055,11,player,0.5199055075645447,19.377601623535156,solved,,,,,court_feet,observed,homography
10055,12,player,83.29801940917969,11.726969718933105,solved,,,,,court_feet,observed,homography
10060,11,player,0.42896243929862976,19.044260025024414,solved,,,,,court_feet,observed,homography
10060,12,player,83.26254272460938,12.099242210388184,solved,,,,,court_feet,observed,homography
10065,11,player,0.23279082775115967,18.145708084106445,solved,,,,,court_feet,observed,homography
10065,12,player,83.27824401855469,12.247596740722656,solved,,,,,court_feet,observed,homography
10070,11,player,-0.5529666543006897,17.867713928222656,solved,,,,,court_feet,observed,homography
10070,12,player,83.86194610595703,12.778972625732422,solved,,,,,court_feet,observed,homography
10075,11,player,-0.8455012440681458,17.285991668701172,camera_lock_drift_checked,,,,,court_feet,observed,homography
10075,12,player,83.43016815185547,13.130101203918457,camera_lock_drift_checked,,,,,court_feet,observed,homography
10080,11,player,-1.1868606805801392,16.43739891052246,solved,,,,,court_feet,observed,homography
10080,12,player,83.3360366821289,14.029036521911621,solved,,,,,court_feet,observed,homography
10085,11,player,-2.6112277507781982,15.66370677947998,solved,,,,,court_feet,observed,homography
10085,12,player,83.19046783447266,14.870940208435059,solved,,,,,court_feet,observed,homography
10090,11,player,9.157563209533691,15.862062454223633,solved,,,,,court_feet,observed,homography
10090,12,player,83.42021179199219,16.135194778442383,solved,,,,,court_feet,observed,homography
10095,11,player,6.832089900970459,14.517355918884277,solved,,,,,court_feet,observed,homography
10095,12,player,82.52910614013672,16.333005905151367,solved,,,,,court_feet,observed,homography
10100,11,player,-2.5119593143463135,13.490778923034668,solved,,,,,court_feet,observed,homography
10100,12,player,82.71709442138672,16.592195510864258,solved,,,,,court_feet,observed,homography
10105,11,player,-2.5056636333465576,12.095949172973633,solved,,,,,court_feet,observed,homography
10105,12,player,84.393798828125,16.87796401977539,solved,,,,,court_feet,observed,homography
10110,11,player,-3.2156107425689697,11.264267921447754,solved,,,,,court_feet,observed,homography
10110,12,player,85.80068969726562,17.38827133178711,solved,,,,,court_feet,observed,homography
10115,11,player,-4.427863597869873,10.401737213134766,solved,,,,,court_feet,observed,homography
10115,12,player,85.96922302246094,17.51582908630371,solved,,,,,court_feet,observed,homography
10120,11,player,-5.794676780700684,10.085861206054688,camera_lock_drift_checked,,,,,court_feet,observed,homography
10120,12,player,85.57862091064453,17.37955665588379,camera_lock_drift_checked,,,,,court_feet,observed,homography
10125,11,player,-6.165884494781494,9.87134838104248,solved,,,,,court_feet,observed,homography
10125,12,player,85.34088134765625,17.698091506958008,solved,,,,,court_feet,observed,homography
10130,11,player,-6.0315022468566895,9.93940544128418,solved,,,,,court_feet,observed,homography
10130,12,player,86.0621109008789,18.280241012573242,solved,,,,,court_feet,observed,homography
10135,11,player,-6.466556072235107,10.491694450378418,solved,,,,,court_feet,observed,homography
10135,12,player,86.008056640625,18.404146194458008,solved,,,,,court_feet,observed,homography
10140,11,player,-5.959774971008301,11.410146713256836,solved,,,,,court_feet,observed,homography
10140,12,player,86.07950592041016,18.54949188232422,solved,,,,,court_feet,observed,homography
10145,11,player,-7.336583137512207,11.725897789001465,solved,,,,,court_feet,observed,homography
10145,12,player,85.98989868164062,18.682537078857422,solved,,,,,court_feet,observed,homography
10150,11,player,-7.609804153442383,12.252943992614746,solved,,,,,court_feet,observed,homography
10150,12,player,85.17064666748047,18.594951629638672,solved,,,,,court_feet,observed,homography
10155,11,player,-8.285764694213867,13.263908386230469,camera_lock_drift_checked,,,,,court_feet,observed,homography
10155,12,player,84.48902130126953,18.68805694580078,camera_lock_drift_checked,,,,,court_feet,observed,homography
10160,11,player,-8.980985641479492,13.449577331542969,camera_lock_drift_checked,,,,,court_feet,observed,homography
10160,12,player,83.31037139892578,18.64380645751953,camera_lock_drift_checked,,,,,court_feet,observed,homography
10165,11,player,-9.026078224182129,13.560538291931152,camera_lock_drift_checked,,,,,court_feet,observed,homography
10165,12,player,83.16009521484375,18.77845001220703,camera_lock_drift_checked,,,,,court_feet,observed,homography
10170,11,player,-8.91132640838623,13.85693359375,solved,,,,,court_feet,observed,homography
10170,12,player,82.14225006103516,18.857093811035156,solved,,,,,court_feet,observed,homography
10175,11,player,-9.330357551574707,14.060233116149902,solved,,,,,court_feet,observed,homography
10175,12,player,81.71988677978516,18.004531860351562,solved,,,,,court_feet,observed,homography
10180,11,player,-9.959480285644531,14.127492904663086,solved,,,,,court_feet,observed,homography
10180,12,player,81.84173583984375,17.97508430480957,solved,,,,,court_feet,observed,homography
10185,11,player,-10.375447273254395,13.977378845214844,solved,,,,,court_feet,observed,homography
10185,12,player,83.80962371826172,18.23264503479004,solved,,,,,court_feet,observed,homography
10190,11,player,-9.834809303283691,14.104804039001465,solved,,,,,court_feet,observed,homography
10190,12,player,84.6865005493164,18.424331665039062,solved,,,,,court_feet,observed,homography
10195,11,player,-9.721291542053223,15.474480628967285,solved,,,,,court_feet,observed,homography
10195,12,player,82.54535675048828,18.697093963623047,solved,,,,,court_feet,observed,homography
10200,11,player,-9.863903999328613,17.05958366394043,solved,,,,,court_feet,observed,homography
10200,12,player,81.72161865234375,18.295936584472656,solved,,,,,court_feet,observed,homography
10205,11,player,-9.326196670532227,18.059795379638672,solved,,,,,court_feet,observed,homography
10205,12,player,81.7871322631836,18.247907638549805,solved,,,,,court_feet,observed,homography
10210,11,player,-10.292303085327148,18.993982315063477,solved,,,,,court_feet,observed,homography
10210,12,player,82.48042297363281,18.31449317932129,solved,,,,,court_feet,observed,homography
10215,11,player,-10.270408630371094,19.513957977294922,solved,,,,,court_feet,observed,homography
10215,12,player,83.45342254638672,17.672014236450195,solved,,,,,court_feet,observed,homography
10220,11,player,-10.341606140136719,20.54404067993164,solved,,,,,court_feet,observed,homography
10220,12,player,83.69346618652344,17.483642578125,solved,,,,,court_feet,observed,homography
10225,11,player,-9.890921592712402,20.75172233581543,camera_lock_drift_checked,,,,,court_feet,observed,homography
10225,12,player,83.11084747314453,17.356151580810547,camera_lock_drift_checked,,,,,court_feet,observed,homography
10230,11,player,-8.846726417541504,21.573453903198242,camera_lock_drift_checked,,,,,court_feet,observed,homography
10230,12,player,84.22185516357422,17.245140075683594,camera_lock_drift_checked,,,,,court_feet,observed,homography
10235,11,player,-7.712118148803711,21.693031311035156,camera_lock_drift_checked,,,,,court_feet,observed,homography
10235,12,player,84.60248565673828,16.805540084838867,camera_lock_drift_checked,,,,,court_feet,observed,homography
10240,11,player,-8.39928913116455,22.01308250427246,camera_lock_drift_checked,,,,,court_feet,observed,homography
10240,12,player,84.58375549316406,16.545671463012695,camera_lock_drift_checked,,,,,court_feet,observed,homography
10245,11,player,-9.107145309448242,22.884891510009766,camera_lock_drift_checked,,,,,court_feet,observed,homography
10245,12,player,85.21524047851562,16.41023826599121,camera_lock_drift_checked,,,,,court_feet,observed,homography
10250,11,player,-9.742141723632812,23.199777603149414,solved,,,,,court_feet,observed,homography
10250,12,player,85.20222473144531,16.42328643798828,solved,,,,,court_feet,observed,homography
10255,11,player,-10.089277267456055,23.256389617919922,solved,,,,,court_feet,observed,homography
10255,12,player,84.29048156738281,15.537452697753906,solved,,,,,court_feet,observed,homography
10260,11,player,-10.363160133361816,23.430892944335938,solved,,,,,court_feet,observed,homography
10260,12,player,84.12922668457031,13.8071870803833,solved,,,,,court_feet,observed,homography
10265,11,player,-10.661568641662598,23.510786056518555,solved,,,,,court_feet,observed,homography
10265,12,player,84.726318359375,13.159924507141113,solved,,,,,court_feet,observed,homography
10270,11,player,-10.825161933898926,23.12347412109375,solved,,,,,court_feet,observed,homography
10270,12,player,83.71372985839844,11.929397583007812,solved,,,,,court_feet,observed,homography
10275,11,player,-10.807475090026855,22.55951690673828,solved,,,,,court_feet,observed,homography
10275,12,player,83.96998596191406,10.538145065307617,solved,,,,,court_feet,observed,homography
10280,11,player,-10.564444541931152,22.090728759765625,solved,,,,,court_feet,observed,homography
10280,12,player,84.42259979248047,9.88190746307373,solved,,,,,court_feet,observed,homography
10285,11,player,-10.440199851989746,22.033126831054688,solved,,,,,court_feet,observed,homography
10285,12,player,84.7796859741211,9.67771053314209,solved,,,,,court_feet,observed,homography
10290,11,player,-10.194720268249512,21.81743049621582,solved,,,,,court_feet,observed,homography
10290,12,player,85.2298583984375,8.69456958770752,solved,,,,,court_feet,observed,homography
10295,11,player,-10.307451248168945,21.526470184326172,solved,,,,,court_feet,observed,homography
10295,12,player,86.32069396972656,8.210790634155273,solved,,,,,court_feet,observed,homography
10300,11,player,-10.376426696777344,21.241483688354492,solved,,,,,court_feet,observed,homography
10300,12,player,85.98895263671875,7.836576461791992,solved,,,,,court_feet,observed,homography
10305,11,player,-10.647005081176758,21.043018341064453,solved,,,,,court_feet,observed,homography
10305,12,player,83.63223266601562,6.7527337074279785,solved,,,,,court_feet,observed,homography
10310,11,player,-10.83724308013916,21.340421676635742,solved,,,,,court_feet,observed,homography
10310,12,player,82.22795104980469,6.034801006317139,solved,,,,,court_feet,observed,homography
10315,11,player,-11.035276412963867,21.0849552154541,solved,,,,,court_feet,observed,homography
10315,12,player,82.24954223632812,5.630564212799072,solved,,,,,court_feet,observed,homography
10320,11,player,-10.53547191619873,19.522069931030273,camera_lock_drift_checked,,,,,court_feet,observed,homography
10320,12,player,82.6832504272461,5.695376396179199,camera_lock_drift_checked,,,,,court_feet,observed,homography
10325,11,player,-10.727651596069336,18.774080276489258,solved,,,,,court_feet,observed,homography
10325,12,player,82.78832244873047,5.606939315795898,solved,,,,,court_feet,observed,homography
10330,11,player,-10.752017974853516,17.46841812133789,solved,,,,,court_feet,observed,homography
10330,12,player,82.66998291015625,5.584417343139648,solved,,,,,court_feet,observed,homography
10335,11,player,-10.385371208190918,15.95030403137207,solved,,,,,court_feet,observed,homography
10335,12,player,83.0144271850586,5.600766658782959,solved,,,,,court_feet,observed,homography
10340,11,player,-10.884809494018555,15.56533432006836,solved,,,,,court_feet,observed,homography
10340,12,player,82.40377807617188,5.5080695152282715,solved,,,,,court_feet,observed,homography
10345,11,player,-10.7816801071167,14.871848106384277,solved,,,,,court_feet,observed,homography
10345,12,player,82.30878448486328,5.575722694396973,solved,,,,,court_feet,observed,homography
10350,11,player,-10.367764472961426,14.187947273254395,solved,,,,,court_feet,observed,homography
10350,12,player,82.39449310302734,5.632112503051758,solved,,,,,court_feet,observed,homography
10355,11,player,-10.559161186218262,13.599969863891602,solved,,,,,court_feet,observed,homography
10355,12,player,82.60248565673828,5.439990520477295,solved,,,,,court_feet,observed,homography
10360,11,player,-10.513710975646973,13.244009017944336,camera_lock_drift_checked,,,,,court_feet,observed,homography
10360,12,player,82.91121673583984,5.153016567230225,camera_lock_drift_checked,,,,,court_feet,observed,homography
10365,11,player,-10.680290222167969,12.290822982788086,solved,,,,,court_feet,observed,homography
10365,12,player,82.73694610595703,5.267397403717041,solved,,,,,court_feet,observed,homography
10370,11,player,-10.767698287963867,11.84446907043457,solved,,,,,court_feet,observed,homography
10370,12,player,82.64716339111328,5.316636562347412,solved,,,,,court_feet,observed,homography
10375,11,player,-10.7987699508667,11.62826156616211,solved,,,,,court_feet,observed,homography
10375,12,player,82.89739227294922,5.390201091766357,solved,,,,,court_feet,observed,homography
10380,11,player,-10.777170181274414,11.384897232055664,camera_lock_drift_checked,,,,,court_feet,observed,homography
10380,12,player,83.394287109375,5.8511433601379395,camera_lock_drift_checked,,,,,court_feet,observed,homography
10385,11,player,-10.864383697509766,10.748653411865234,solved,,,,,court_feet,observed,homography
10385,12,player,83.13546752929688,6.261107921600342,solved,,,,,court_feet,observed,homography
10390,11,player,-10.976320266723633,9.958381652832031,solved,,,,,court_feet,observed,homography
10390,12,player,82.97337341308594,6.458037376403809,solved,,,,,court_feet,observed,homography
10395,11,player,-10.96584701538086,9.766225814819336,solved,,,,,court_feet,observed,homography
10395,12,player,82.0416488647461,6.965890407562256,solved,,,,,court_feet,observed,homography
10400,11,player,-10.671577453613281,9.42298698425293,solved,,,,,court_feet,observed,homography
10400,12,player,82.76609802246094,7.205748081207275,solved,,,,,court_feet,observed,homography
10405,11,player,-10.721600532531738,9.334807395935059,solved,,,,,court_feet,observed,homography
10405,12,player,82.13920593261719,7.364391803741455,solved,,,,,court_feet,observed,homography
10410,11,player,-10.882488250732422,8.984282493591309,solved,,,,,court_feet,observed,homography
10410,12,player,82.59085845947266,7.817570209503174,solved,,,,,court_feet,observed,homography
10415,11,player,-10.786592483520508,8.598526000976562,solved,,,,,court_feet,observed,homography
10415,12,player,83.17671966552734,8.349747657775879,solved,,,,,court_feet,observed,homography
10420,11,player,-10.843523979187012,8.31690502166748,solved,,,,,court_feet,observed,homography
10420,12,player,82.56208801269531,8.804570198059082,solved,,,,,court_feet,observed,homography
10425,11,player,-10.97441577911377,8.422374725341797,solved,,,,,court_feet,observed,homography
10425,12,player,83.21412658691406,9.149866104125977,solved,,,,,court_feet,observed,homography
10430,11,player,-10.852689743041992,7.97723388671875,camera_lock_drift_checked,,,,,court_feet,observed,homography
10430,12,player,84.73368835449219,9.394996643066406,camera_lock_drift_checked,,,,,court_feet,observed,homography
10435,11,player,-11.071573257446289,7.908750534057617,solved,,,,,court_feet,observed,homography
10435,12,player,82.84542846679688,9.59852409362793,solved,,,,,court_feet,observed,homography
10440,11,player,-11.025064468383789,7.87712287902832,solved,,,,,court_feet,observed,homography
10440,12,player,83.32433319091797,10.029573440551758,solved,,,,,court_feet,observed,homography
10445,11,player,-11.06525707244873,7.4966206550598145,solved,,,,,court_feet,observed,homography
10445,12,player,83.76612854003906,10.688309669494629,solved,,,,,court_feet,observed,homography
10450,11,player,-11.227856636047363,7.284067153930664,solved,,,,,court_feet,observed,homography
10450,12,player,81.9826431274414,11.02022933959961,solved,,,,,court_feet,observed,homography
10455,11,player,-11.258227348327637,6.967141151428223,solved,,,,,court_feet,observed,homography
10455,12,player,82.02188873291016,11.42715072631836,solved,,,,,court_feet,observed,homography
10460,11,player,-10.788565635681152,6.641351222991943,solved,,,,,court_feet,observed,homography
10460,12,player,82.79549407958984,12.027105331420898,solved,,,,,court_feet,observed,homography
10465,11,player,-11.175408363342285,6.512966632843018,solved,,,,,court_feet,observed,homography
10465,12,player,81.94801330566406,12.029147148132324,solved,,,,,court_feet,observed,homography
10470,11,player,-11.354596138000488,6.418514251708984,solved,,,,,court_feet,observed,homography
10470,12,player,81.78535461425781,12.297492027282715,solved,,,,,court_feet,observed,homography
10475,11,player,-11.266793251037598,6.242175579071045,solved,,,,,court_feet,observed,homography
10475,12,player,81.85260772705078,12.879338264465332,solved,,,,,court_feet,observed,homography
10480,11,player,-11.015890121459961,6.03104305267334,solved,,,,,court_feet,observed,homography
10480,12,player,81.43890380859375,13.506580352783203,solved,,,,,court_feet,observed,homography
10485,11,player,-11.356865882873535,6.059045791625977,solved,,,,,court_feet,observed,homography
10485,12,player,81.86493682861328,14.09426498413086,solved,,,,,court_feet,observed,homography
10490,11,player,-11.196118354797363,5.7739715576171875,solved,,,,,court_feet,observed,homography
10490,12,player,82.71742248535156,14.303939819335938,solved,,,,,court_feet,observed,homography
10495,11,player,-11.197648048400879,5.720801830291748,solved,,,,,court_feet,observed,homography
10495,12,player,82.44831848144531,14.315790176391602,solved,,,,,court_feet,observed,homography
10500,11,player,-11.116260528564453,5.514196395874023,solved,,,,,court_feet,observed,homography
10500,12,player,83.46916198730469,14.64566707611084,solved,,,,,court_feet,observed,homography
10505,11,player,-11.153614044189453,5.4301323890686035,solved,,,,,court_feet,observed,homography
10505,12,player,82.81163787841797,15.03093147277832,solved,,,,,court_feet,observed,homography
10510,11,player,-11.086820602416992,5.388436794281006,solved,,,,,court_feet,observed,homography
10510,12,player,83.46902465820312,15.763459205627441,solved,,,,,court_feet,observed,homography
10515,11,player,-11.056743621826172,5.408364772796631,solved,,,,,court_feet,observed,homography
10515,12,player,83.0057144165039,16.267885208129883,solved,,,,,court_feet,observed,homography
10520,11,player,-11.1632661819458,5.485158920288086,solved,,,,,court_feet,observed,homography
10520,12,player,83.8900375366211,16.89545249938965,solved,,,,,court_feet,observed,homography
10525,11,player,-11.186513900756836,5.633011817932129,solved,,,,,court_feet,observed,homography
10525,12,player,83.15021514892578,16.763225555419922,solved,,,,,court_feet,observed,homography
11645,13,player,-2.017652750015259,13.888798713684082,solved,,,,,court_feet,observed,homography
11645,14,player,90.5014877319336,31.26361656188965,solved,,,,,court_feet,observed,homography
11650,13,player,-1.9120389223098755,14.012803077697754,solved,,,,,court_feet,observed,homography
11650,14,player,89.89653015136719,31.183063507080078,solved,,,,,court_feet,observed,homography
11655,13,player,-1.693826675415039,13.744236946105957,solved,,,,,court_feet,observed,homography
11655,14,player,90.3284912109375,31.220008850097656,solved,,,,,court_feet,observed,homography
11660,13,player,-1.5607521533966064,13.947590827941895,solved,,,,,court_feet,observed,homography
11660,14,player,89.89225769042969,30.97858428955078,solved,,,,,court_feet,observed,homography
11665,13,player,-1.2951698303222656,14.375718116760254,solved,,,,,court_feet,observed,homography
11665,14,player,90.55677795410156,31.32585334777832,solved,,,,,court_feet,observed,homography
11670,13,player,-1.4008139371871948,14.427339553833008,solved,,,,,court_feet,observed,homography
11670,14,player,90.86209869384766,31.382301330566406,solved,,,,,court_feet,observed,homography
11675,13,player,-1.4231947660446167,14.528116226196289,camera_lock_drift_checked,,,,,court_feet,observed,homography
11675,14,player,90.45992279052734,31.15477180480957,camera_lock_drift_checked,,,,,court_feet,observed,homography
11680,13,player,-1.38178288936615,14.534462928771973,camera_lock_drift_checked,,,,,court_feet,observed,homography
11680,14,player,90.51924133300781,31.134021759033203,camera_lock_drift_checked,,,,,court_feet,observed,homography
11685,13,player,-1.4058916568756104,14.563148498535156,solved,,,,,court_feet,observed,homography
11685,14,player,89.9629135131836,30.854965209960938,solved,,,,,court_feet,observed,homography
11690,13,player,0.17169837653636932,14.59024429321289,solved,,,,,court_feet,observed,homography
11690,14,player,89.54183197021484,30.69746971130371,solved,,,,,court_feet,observed,homography
11695,13,player,2.50343918800354,15.188712120056152,solved,,,,,court_feet,observed,homography
11695,14,player,90.30475616455078,30.97993278503418,solved,,,,,court_feet,observed,homography
11700,13,player,3.6412203311920166,15.06291389465332,solved,,,,,court_feet,observed,homography
11700,14,player,86.61121368408203,30.241300582885742,solved,,,,,court_feet,observed,homography
11705,13,player,3.435518503189087,14.526103973388672,solved,,,,,court_feet,observed,homography
11705,14,player,87.10169219970703,30.53852081298828,solved,,,,,court_feet,observed,homography
11710,13,player,0.6235565543174744,14.495884895324707,solved,,,,,court_feet,observed,homography
11710,14,player,88.11552429199219,30.78005599975586,solved,,,,,court_feet,observed,homography
11715,13,player,0.6576220989227295,14.76067066192627,solved,,,,,court_feet,observed,homography
11715,14,player,86.83158111572266,31.081270217895508,solved,,,,,court_feet,observed,homography
11720,13,player,0.9237396717071533,15.442744255065918,solved,,,,,court_feet,observed,homography
11720,14,player,88.45147705078125,32.736846923828125,solved,,,,,court_feet,observed,homography
11725,13,player,2.234835624694824,15.139256477355957,solved,,,,,court_feet,observed,homography
11725,14,player,105.95729064941406,38.800689697265625,solved,,,,,court_feet,observed,homography
11730,13,player,3.2392754554748535,15.099174499511719,solved,,,,,court_feet,observed,homography
11730,14,player,112.72142028808594,61.67619323730469,solved,,,,,court_feet,observed,homography
11735,13,player,4.160569667816162,14.835779190063477,camera_lock_drift_checked,,,,,court_feet,observed,homography
11735,14,player,111.52191162109375,60.97498321533203,camera_lock_drift_checked,,,,,court_feet,observed,homography
11740,13,player,3.4602437019348145,14.247963905334473,solved,,,,,court_feet,observed,homography
11740,14,player,113.12920379638672,62.05352783203125,solved,,,,,court_feet,observed,homography
11745,13,player,3.8525168895721436,14.056196212768555,solved,,,,,court_feet,observed,homography
11745,14,player,112.21941375732422,61.33656311035156,solved,,,,,court_feet,observed,homography
11750,13,player,4.377842903137207,13.75708293914795,camera_lock_drift_checked,,,,,court_feet,observed,homography
11750,14,player,113.03947448730469,61.84656524658203,camera_lock_drift_checked,,,,,court_feet,observed,homography
11755,13,player,3.9117870330810547,13.718478202819824,solved,,,,,court_feet,observed,homography
11755,14,player,113.28857421875,62.09611892700195,solved,,,,,court_feet,observed,homography
11760,13,player,3.9277727603912354,13.867779731750488,solved,,,,,court_feet,observed,homography
11760,14,player,128.68130493164062,49.740665435791016,solved,,,,,court_feet,observed,homography
11765,13,player,4.019184112548828,14.152445793151855,camera_lock_drift_checked,,,,,court_feet,observed,homography
11765,14,player,127.95745849609375,49.50844955444336,camera_lock_drift_checked,,,,,court_feet,observed,homography
11770,13,player,5.506027698516846,13.836109161376953,camera_lock_drift_checked,,,,,court_feet,observed,homography
11770,14,player,127.9216079711914,49.50432586669922,camera_lock_drift_checked,,,,,court_feet,observed,homography
11775,13,player,7.4419684410095215,13.646185874938965,solved,,,,,court_feet,observed,homography
11775,14,player,128.8878173828125,49.61616897583008,solved,,,,,court_feet,observed,homography
11780,13,player,9.228401184082031,14.698991775512695,camera_lock_drift_checked,,,,,court_feet,observed,homography
11780,14,player,128.5659637451172,49.53352737426758,camera_lock_drift_checked,,,,,court_feet,observed,homography
11785,13,player,10.302202224731445,14.845259666442871,camera_lock_drift_checked,,,,,court_feet,observed,homography
11785,14,player,128.50250244140625,49.53150939941406,camera_lock_drift_checked,,,,,court_feet,observed,homography
11790,13,player,10.157280921936035,15.24198055267334,camera_lock_drift_checked,,,,,court_feet,observed,homography
11790,14,player,128.5345001220703,49.56157302856445,camera_lock_drift_checked,,,,,court_feet,observed,homography
11795,13,player,10.686108589172363,15.348688125610352,solved,,,,,court_feet,observed,homography
11795,14,player,129.0630340576172,49.847164154052734,solved,,,,,court_feet,observed,homography
11800,13,player,12.658035278320312,15.494033813476562,camera_lock_drift_checked,,,,,court_feet,observed,homography
11800,14,player,127.47542572021484,49.261924743652344,camera_lock_drift_checked,,,,,court_feet,observed,homography
11805,13,player,13.265793800354004,15.465655326843262,solved,,,,,court_feet,observed,homography
11805,14,player,128.3583221435547,49.67763900756836,solved,,,,,court_feet,observed,homography
11810,13,player,13.387826919555664,15.377626419067383,solved,,,,,court_feet,observed,homography
11810,14,player,124.99774169921875,48.21995162963867,solved,,,,,court_feet,observed,homography
11815,13,player,14.83280086517334,15.055414199829102,solved,,,,,court_feet,observed,homography
11815,14,player,126.58355712890625,48.79271697998047,solved,,,,,court_feet,observed,homography
11820,13,player,15.412757873535156,15.557315826416016,camera_lock_drift_checked,,,,,court_feet,observed,homography
11820,14,player,128.0852508544922,49.494285583496094,camera_lock_drift_checked,,,,,court_feet,observed,homography
11825,13,player,16.455795288085938,15.488944053649902,solved,,,,,court_feet,observed,homography
11825,14,player,126.78429412841797,48.89487075805664,solved,,,,,court_feet,observed,homography
11830,13,player,17.353294372558594,15.824324607849121,solved,,,,,court_feet,observed,homography
11830,14,player,124.51361846923828,47.99645233154297,solved,,,,,court_feet,observed,homography
11835,13,player,18.380144119262695,15.639789581298828,solved,,,,,court_feet,observed,homography
11835,14,player,128.23989868164062,49.42243194580078,solved,,,,,court_feet,observed,homography
11840,13,player,17.963911056518555,16.622528076171875,solved,,,,,court_feet,observed,homography
11840,14,player,129.1909637451172,49.99880599975586,solved,,,,,court_feet,observed,homography
11845,13,player,18.197534561157227,16.66180419921875,camera_lock_drift_checked,,,,,court_feet,observed,homography
11845,14,player,127.82049560546875,49.35969543457031,camera_lock_drift_checked,,,,,court_feet,observed,homography
11850,13,player,18.4814395904541,16.658586502075195,camera_lock_drift_checked,,,,,court_feet,observed,homography
11850,14,player,127.78447723388672,49.34223175048828,camera_lock_drift_checked,,,,,court_feet,observed,homography
11855,13,player,21.1689395904541,16.873838424682617,solved,,,,,court_feet,observed,homography
11855,14,player,128.1445770263672,49.62948226928711,solved,,,,,court_feet,observed,homography
11860,13,player,22.12708854675293,16.830474853515625,camera_lock_drift_checked,,,,,court_feet,observed,homography
11860,14,player,128.46926879882812,49.617698669433594,camera_lock_drift_checked,,,,,court_feet,observed,homography
11865,13,player,22.78386688232422,16.83108901977539,solved,,,,,court_feet,observed,homography
11865,14,player,127.89164733886719,49.4951057434082,solved,,,,,court_feet,observed,homography
11870,13,player,23.467145919799805,16.74134635925293,solved,,,,,court_feet,observed,homography
11870,14,player,129.5950164794922,49.87998580932617,solved,,,,,court_feet,observed,homography
11875,13,player,24.200227737426758,16.748868942260742,solved,,,,,court_feet,observed,homography
11875,14,player,131.19195556640625,50.322357177734375,solved,,,,,court_feet,observed,homography
11880,13,player,25.35422134399414,16.591489791870117,solved,,,,,court_feet,observed,homography
11880,14,player,132.19786071777344,50.8314323425293,solved,,,,,court_feet,observed,homography
11885,13,player,25.8494873046875,16.5145320892334,camera_lock_drift_checked,,,,,court_feet,observed,homography
11885,14,player,127.71744537353516,49.39015579223633,camera_lock_drift_checked,,,,,court_feet,observed,homography
11890,13,player,25.440044403076172,16.383827209472656,camera_lock_drift_checked,,,,,court_feet,observed,homography
11890,14,player,127.70536041259766,49.383201599121094,camera_lock_drift_checked,,,,,court_feet,observed,homography
11895,13,player,26.666662216186523,16.26104736328125,camera_lock_drift_checked,,,,,court_feet,observed,homography
11895,14,player,127.6988296508789,49.385955810546875,camera_lock_drift_checked,,,,,court_feet,observed,homography
11900,13,player,27.272075653076172,16.003042221069336,solved,,,,,court_feet,observed,homography
11900,14,player,106.85453033447266,38.835933685302734,solved,,,,,court_feet,observed,homography
11905,13,player,27.424097061157227,15.829264640808105,solved,,,,,court_feet,observed,homography
11905,14,player,108.20196533203125,39.30290222167969,solved,,,,,court_feet,observed,homography
11910,13,player,27.772558212280273,15.616532325744629,camera_lock_drift_checked,,,,,court_feet,observed,homography
11910,14,player,106.96719360351562,38.87282943725586,camera_lock_drift_checked,,,,,court_feet,observed,homography
11915,13,player,27.91002082824707,15.156424522399902,solved,,,,,court_feet,observed,homography
11915,14,player,107.12674713134766,38.8580436706543,solved,,,,,court_feet,observed,homography
11920,13,player,27.905296325683594,14.701739311218262,camera_lock_drift_checked,,,,,court_feet,observed,homography
11920,14,player,107.16323852539062,38.93560791015625,camera_lock_drift_checked,,,,,court_feet,observed,homography
11925,13,player,28.039485931396484,14.475461959838867,solved,,,,,court_feet,observed,homography
11925,14,player,106.9977035522461,38.87931823730469,solved,,,,,court_feet,observed,homography
11930,13,player,28.077451705932617,14.153002738952637,solved,,,,,court_feet,observed,homography
11930,14,player,106.51886749267578,38.71200942993164,solved,,,,,court_feet,observed,homography
11935,13,player,28.041540145874023,13.989709854125977,camera_lock_drift_checked,,,,,court_feet,observed,homography
11935,14,player,107.19396209716797,38.949462890625,camera_lock_drift_checked,,,,,court_feet,observed,homography
11940,13,player,27.888887405395508,13.511220932006836,camera_lock_drift_checked,,,,,court_feet,observed,homography
11940,14,player,107.17662048339844,38.94890594482422,camera_lock_drift_checked,,,,,court_feet,observed,homography
11945,13,player,28.22503089904785,13.237770080566406,camera_lock_drift_checked,,,,,court_feet,observed,homography
11945,14,player,107.18351745605469,38.94893264770508,camera_lock_drift_checked,,,,,court_feet,observed,homography
11950,13,player,26.872879028320312,13.015928268432617,solved,,,,,court_feet,observed,homography
11950,14,player,106.7470932006836,38.837196350097656,solved,,,,,court_feet,observed,homography
11955,13,player,26.619430541992188,12.721311569213867,solved,,,,,court_feet,observed,homography
11955,14,player,107.71233367919922,39.24421691894531,solved,,,,,court_feet,observed,homography
11960,13,player,26.44759178161621,12.464090347290039,solved,,,,,court_feet,observed,homography
11960,14,player,107.37309265136719,39.121788024902344,solved,,,,,court_feet,observed,homography
11965,13,player,25.939973831176758,12.252949714660645,solved,,,,,court_feet,observed,homography
11965,14,player,107.9034194946289,39.20674133300781,solved,,,,,court_feet,observed,homography
11970,13,player,26.86627960205078,12.09775161743164,camera_lock_drift_checked,,,,,court_feet,observed,homography
11970,14,player,107.20626831054688,38.96952819824219,camera_lock_drift_checked,,,,,court_feet,observed,homography
13360,15,player,-2.622546911239624,20.891210556030273,solved,,,,,court_feet,observed,homography
13360,16,player,89.58692169189453,5.22199010848999,solved,,,,,court_feet,observed,homography
13365,15,player,-2.14679217338562,20.786640167236328,solved,,,,,court_feet,observed,homography
13365,16,player,89.86067199707031,5.3728790283203125,solved,,,,,court_feet,observed,homography
13375,15,player,-2.4918324947357178,21.372621536254883,solved,,,,,court_feet,observed,homography
13375,16,player,89.33721160888672,5.198290824890137,solved,,,,,court_feet,observed,homography
13380,15,player,-2.3775277137756348,21.16413688659668,solved,,,,,court_feet,observed,homography
13380,16,player,89.40682220458984,5.226614475250244,solved,,,,,court_feet,observed,homography
13385,15,player,-2.0476624965667725,21.350135803222656,solved,,,,,court_feet,observed,homography
13385,16,player,89.62250518798828,5.185235977172852,solved,,,,,court_feet,observed,homography
13390,15,player,-1.6725417375564575,21.64836311340332,camera_lock_drift_checked,,,,,court_feet,observed,homography
13390,16,player,89.59239959716797,5.219723701477051,camera_lock_drift_checked,,,,,court_feet,observed,homography
13395,15,player,-1.392272710800171,21.718076705932617,solved,,,,,court_feet,observed,homography
13395,16,player,89.78715515136719,5.232787132263184,solved,,,,,court_feet,observed,homography
13400,15,player,-1.7201249599456787,21.842937469482422,camera_lock_drift_checked,,,,,court_feet,observed,homography
13400,16,player,89.51229858398438,5.17137336730957,camera_lock_drift_checked,,,,,court_feet,observed,homography
13405,15,player,-1.7400803565979004,21.781335830688477,camera_lock_drift_checked,,,,,court_feet,observed,homography
13405,16,player,89.6702651977539,5.182977676391602,camera_lock_drift_checked,,,,,court_feet,observed,homography
13410,15,player,-1.6570818424224854,21.611347198486328,camera_lock_drift_checked,,,,,court_feet,observed,homography
13410,16,player,89.88301849365234,5.169162750244141,camera_lock_drift_checked,,,,,court_feet,observed,homography
13415,15,player,-1.74782395362854,21.266857147216797,camera_lock_drift_checked,,,,,court_feet,observed,homography
13415,16,player,89.61922454833984,5.214788436889648,camera_lock_drift_checked,,,,,court_feet,observed,homography
13420,15,player,0.24777071177959442,21.25824737548828,camera_lock_drift_checked,,,,,court_feet,observed,homography
13420,16,player,89.48099517822266,5.317000865936279,camera_lock_drift_checked,,,,,court_feet,observed,homography
13425,15,player,3.1328957080841064,21.590600967407227,solved,,,,,court_feet,observed,homography
13425,16,player,88.44525909423828,6.115274429321289,solved,,,,,court_feet,observed,homography
13430,15,player,5.110118865966797,21.730636596679688,solved,,,,,court_feet,observed,homography
13430,16,player,87.89363861083984,6.508163928985596,solved,,,,,court_feet,observed,homography
13435,15,player,3.4930965900421143,21.227005004882812,camera_lock_drift_checked,,,,,court_feet,observed,homography
13435,16,player,88.3028335571289,6.511516094207764,camera_lock_drift_checked,,,,,court_feet,observed,homography
13440,15,player,0.9552825093269348,20.638582229614258,camera_lock_drift_checked,,,,,court_feet,observed,homography
13440,16,player,88.4931640625,7.163263320922852,camera_lock_drift_checked,,,,,court_feet,observed,homography
13445,15,player,1.1274386644363403,20.34356117248535,camera_lock_drift_checked,,,,,court_feet,observed,homography
13445,16,player,87.3912353515625,7.425639629364014,camera_lock_drift_checked,,,,,court_feet,observed,homography
13450,15,player,1.8016798496246338,20.62116813659668,camera_lock_drift_checked,,,,,court_feet,observed,homography
13450,16,player,87.53723907470703,8.684402465820312,camera_lock_drift_checked,,,,,court_feet,observed,homography
13455,15,player,3.307164192199707,20.03235626220703,solved,,,,,court_feet,observed,homography
13455,16,player,87.54490661621094,10.131872177124023,solved,,,,,court_feet,observed,homography
13460,15,player,3.8375446796417236,19.65502166748047,camera_lock_drift_checked,,,,,court_feet,observed,homography
13460,16,player,88.43868255615234,10.165836334228516,camera_lock_drift_checked,,,,,court_feet,observed,homography
13465,15,player,2.7953789234161377,19.024633407592773,camera_lock_drift_checked,,,,,court_feet,observed,homography
13465,16,player,88.58827209472656,10.461591720581055,camera_lock_drift_checked,,,,,court_feet,observed,homography
13470,15,player,2.7012157440185547,17.95378303527832,camera_lock_drift_checked,,,,,court_feet,observed,homography
13470,16,player,85.07874298095703,11.452735900878906,camera_lock_drift_checked,,,,,court_feet,observed,homography
13475,15,player,2.1247475147247314,17.537860870361328,camera_lock_drift_checked,,,,,court_feet,observed,homography
13475,16,player,85.73739624023438,12.512853622436523,camera_lock_drift_checked,,,,,court_feet,observed,homography
13480,15,player,0.96265709400177,17.608165740966797,camera_lock_drift_checked,,,,,court_feet,observed,homography
13480,16,player,85.28025817871094,13.510091781616211,camera_lock_drift_checked,,,,,court_feet,observed,homography
13485,15,player,0.20725804567337036,18.030920028686523,camera_lock_drift_checked,,,,,court_feet,observed,homography
13485,16,player,85.8465805053711,14.214912414550781,camera_lock_drift_checked,,,,,court_feet,observed,homography
13490,15,player,0.492645800113678,18.706045150756836,camera_lock_drift_checked,,,,,court_feet,observed,homography
13490,16,player,86.01622009277344,14.55221939086914,camera_lock_drift_checked,,,,,court_feet,observed,homography
13495,15,player,0.7098947763442993,18.870563507080078,solved,,,,,court_feet,observed,homography
13495,16,player,85.31495666503906,15.338685035705566,solved,,,,,court_feet,observed,homography
13500,15,player,0.961307942867279,19.02309226989746,camera_lock_drift_checked,,,,,court_feet,observed,homography
13500,16,player,84.70349884033203,16.20543670654297,camera_lock_drift_checked,,,,,court_feet,observed,homography
13505,15,player,2.0904085636138916,19.24293327331543,camera_lock_drift_checked,,,,,court_feet,observed,homography
13505,16,player,85.33727264404297,16.846397399902344,camera_lock_drift_checked,,,,,court_feet,observed,homography
13510,15,player,2.237600088119507,19.625368118286133,camera_lock_drift_checked,,,,,court_feet,observed,homography
13510,16,player,86.15298461914062,17.157880783081055,camera_lock_drift_checked,,,,,court_feet,observed,homography
13515,15,player,3.1259355545043945,19.73100471496582,solved,,,,,court_feet,observed,homography
13515,16,player,85.10894775390625,17.729991912841797,solved,,,,,court_feet,observed,homography
13520,15,player,3.747575283050537,19.95218276977539,camera_lock_drift_checked,,,,,court_feet,observed,homography
13520,16,player,85.5467758178711,18.325664520263672,camera_lock_drift_checked,,,,,court_feet,observed,homography
13525,15,player,4.008323669433594,20.123498916625977,camera_lock_drift_checked,,,,,court_feet,observed,homography
13525,16,player,84.87539672851562,18.864015579223633,camera_lock_drift_checked,,,,,court_feet,observed,homography
13530,15,player,4.021793365478516,20.406658172607422,camera_lock_drift_checked,,,,,court_feet,observed,homography
13530,16,player,86.08966827392578,19.188434600830078,camera_lock_drift_checked,,,,,court_feet,observed,homography
13535,15,player,4.032996654510498,20.58574676513672,solved,,,,,court_feet,observed,homography
13535,16,player,86.14439392089844,19.299440383911133,solved,,,,,court_feet,observed,homography
13540,15,player,4.3530097007751465,21.061132431030273,solved,,,,,court_feet,observed,homography
13540,16,player,86.29590606689453,19.957218170166016,solved,,,,,court_feet,observed,homography
13545,15,player,4.405587196350098,21.32111930847168,solved,,,,,court_feet,observed,homography
13545,16,player,86.27784729003906,20.295387268066406,solved,,,,,court_feet,observed,homography
13550,15,player,4.531551837921143,21.565393447875977,camera_lock_drift_checked,,,,,court_feet,observed,homography
13550,16,player,86.4006576538086,20.76000213623047,camera_lock_drift_checked,,,,,court_feet,observed,homography
13555,15,player,4.319466590881348,21.87014389038086,solved,,,,,court_feet,observed,homography
13555,16,player,86.41304016113281,21.177772521972656,solved,,,,,court_feet,observed,homography
13560,15,player,4.5360107421875,22.075416564941406,camera_lock_drift_checked,,,,,court_feet,observed,homography
13560,16,player,86.4522933959961,21.331356048583984,camera_lock_drift_checked,,,,,court_feet,observed,homography
13565,15,player,4.7944254875183105,22.619657516479492,solved,,,,,court_feet,observed,homography
13565,16,player,86.7264404296875,21.758424758911133,solved,,,,,court_feet,observed,homography
13570,15,player,4.783039093017578,22.929536819458008,solved,,,,,court_feet,observed,homography
13570,16,player,87.53572845458984,22.273723602294922,solved,,,,,court_feet,observed,homography
13575,15,player,4.7842488288879395,23.43101692199707,solved,,,,,court_feet,observed,homography
13575,16,player,86.66071319580078,22.28833770751953,solved,,,,,court_feet,observed,homography
13580,15,player,5.010689735412598,23.694372177124023,camera_lock_drift_checked,,,,,court_feet,observed,homography
13580,16,player,87.14634704589844,22.908445358276367,camera_lock_drift_checked,,,,,court_feet,observed,homography
13585,15,player,4.748210906982422,23.775829315185547,solved,,,,,court_feet,observed,homography
13585,16,player,86.88758087158203,23.201576232910156,solved,,,,,court_feet,observed,homography
13590,15,player,4.754106521606445,24.047775268554688,solved,,,,,court_feet,observed,homography
13590,16,player,86.96402740478516,23.4543399810791,solved,,,,,court_feet,observed,homography
13595,15,player,4.865902900695801,24.359102249145508,solved,,,,,court_feet,observed,homography
13595,16,player,87.20664978027344,23.54477310180664,solved,,,,,court_feet,observed,homography
13600,15,player,4.768000602722168,24.86374282836914,solved,,,,,court_feet,observed,homography
13600,16,player,88.27393341064453,24.127578735351562,solved,,,,,court_feet,observed,homography
13605,15,player,4.548199653625488,25.380008697509766,solved,,,,,court_feet,observed,homography
13605,16,player,87.21712493896484,24.218372344970703,solved,,,,,court_feet,observed,homography
13610,15,player,4.251530647277832,26.015974044799805,solved,,,,,court_feet,observed,homography
13610,16,player,86.9913330078125,24.507644653320312,solved,,,,,court_feet,observed,homography
13615,15,player,4.212986469268799,26.111797332763672,solved,,,,,court_feet,observed,homography
13615,16,player,88.42345428466797,25.215131759643555,solved,,,,,court_feet,observed,homography
13620,15,player,3.5739152431488037,26.271520614624023,solved,,,,,court_feet,observed,homography
13620,16,player,88.76568603515625,25.047618865966797,solved,,,,,court_feet,observed,homography
13625,15,player,4.00762414932251,26.663373947143555,camera_lock_drift_checked,,,,,court_feet,observed,homography
13625,16,player,89.33434295654297,25.435941696166992,camera_lock_drift_checked,,,,,court_feet,observed,homography
13630,15,player,3.6705121994018555,27.16045570373535,solved,,,,,court_feet,observed,homography
13630,16,player,89.3817138671875,26.0020809173584,solved,,,,,court_feet,observed,homography
13635,15,player,3.227099657058716,27.431289672851562,camera_lock_drift_checked,,,,,court_feet,observed,homography
13635,16,player,89.16472625732422,25.881473541259766,camera_lock_drift_checked,,,,,court_feet,observed,homography
13640,15,player,2.4770519733428955,27.812366485595703,solved,,,,,court_feet,observed,homography
13640,16,player,90.93970489501953,26.860918045043945,solved,,,,,court_feet,observed,homography
15205,17,player,-14.613884925842285,31.327999114990234,solved,,,,,court_feet,observed,homography
15205,18,player,111.41632080078125,-16.645008087158203,solved,,,,,court_feet,observed,homography
15215,17,player,-14.704389572143555,31.575824737548828,solved,,,,,court_feet,observed,homography
15215,18,player,111.33628845214844,-16.603866577148438,solved,,,,,court_feet,observed,homography
15220,17,player,-14.637012481689453,31.59653663635254,solved,,,,,court_feet,observed,homography
15220,18,player,111.56442260742188,-16.63746452331543,solved,,,,,court_feet,observed,homography
15225,17,player,-14.64066219329834,31.56024169921875,solved,,,,,court_feet,observed,homography
15225,18,player,111.50983428955078,-16.672239303588867,solved,,,,,court_feet,observed,homography
15230,17,player,-14.609548568725586,31.443527221679688,solved,,,,,court_feet,observed,homography
15230,18,player,111.80023956298828,-16.74013900756836,solved,,,,,court_feet,observed,homography
15235,17,player,-14.714557647705078,31.530963897705078,solved,,,,,court_feet,observed,homography
15235,18,player,106.3125991821289,-3.0417544841766357,solved,,,,,court_feet,observed,homography
15240,17,player,-14.735968589782715,31.451072692871094,solved,,,,,court_feet,observed,homography
15240,18,player,106.41484832763672,-3.037001371383667,solved,,,,,court_feet,observed,homography
15245,17,player,-14.60610294342041,31.431758880615234,solved,,,,,court_feet,observed,homography
15245,18,player,106.78422546386719,-3.0324110984802246,solved,,,,,court_feet,observed,homography
15250,17,player,-14.802114486694336,31.523208618164062,solved,,,,,court_feet,observed,homography
15250,18,player,106.24858856201172,-2.986698865890503,solved,,,,,court_feet,observed,homography
15255,17,player,-14.632378578186035,31.45121955871582,camera_lock_drift_checked,,,,,court_feet,observed,homography
15255,18,player,106.51908111572266,-3.0457041263580322,camera_lock_drift_checked,,,,,court_feet,observed,homography
15260,17,player,-14.962454795837402,31.486934661865234,solved,,,,,court_feet,observed,homography
15260,18,player,106.40446472167969,-3.0217461585998535,solved,,,,,court_feet,observed,homography
15265,17,player,-14.894682884216309,31.440929412841797,solved,,,,,court_feet,observed,homography
15265,18,player,106.59637451171875,-3.079441547393799,solved,,,,,court_feet,observed,homography
15270,17,player,-14.852751731872559,31.463016510009766,camera_lock_drift_checked,,,,,court_feet,observed,homography
15270,18,player,106.54739379882812,-3.04585599899292,camera_lock_drift_checked,,,,,court_feet,observed,homography
15275,17,player,-14.83284854888916,31.342334747314453,solved,,,,,court_feet,observed,homography
15275,18,player,106.74141693115234,-2.9003992080688477,solved,,,,,court_feet,observed,homography
15280,17,player,-14.750219345092773,31.42023277282715,solved,,,,,court_feet,observed,homography
15280,18,player,106.59519958496094,-2.988766670227051,solved,,,,,court_feet,observed,homography
15285,17,player,-14.799985885620117,31.399131774902344,solved,,,,,court_feet,observed,homography
15285,18,player,106.67244720458984,-3.059051036834717,solved,,,,,court_feet,observed,homography
15290,17,player,-14.802252769470215,31.44243812561035,camera_lock_drift_checked,,,,,court_feet,observed,homography
15290,18,player,106.5819091796875,-3.029090642929077,camera_lock_drift_checked,,,,,court_feet,observed,homography
15295,17,player,-14.756810188293457,31.44609260559082,camera_lock_drift_checked,,,,,court_feet,observed,homography
15295,18,player,106.64929962158203,-3.0360124111175537,camera_lock_drift_checked,,,,,court_feet,observed,homography
15300,17,player,-14.70734691619873,31.392114639282227,solved,,,,,court_feet,observed,homography
15300,18,player,106.78909301757812,-3.1136324405670166,solved,,,,,court_feet,observed,homography
15305,17,player,-15.059942245483398,31.438207626342773,solved,,,,,court_feet,observed,homography
15305,18,player,106.47731018066406,-3.0527496337890625,solved,,,,,court_feet,observed,homography
15310,17,player,-14.897965431213379,31.455459594726562,solved,,,,,court_feet,observed,homography
15310,18,player,106.44099426269531,-3.071878671646118,solved,,,,,court_feet,observed,homography
15315,17,player,-14.861589431762695,31.370153427124023,camera_lock_drift_checked,,,,,court_feet,observed,homography
15315,18,player,106.89282989501953,-3.102405071258545,camera_lock_drift_checked,,,,,court_feet,observed,homography
15320,17,player,-14.681238174438477,31.346172332763672,solved,,,,,court_feet,observed,homography
15320,18,player,106.84451293945312,-2.9651052951812744,solved,,,,,court_feet,observed,homography
15325,17,player,-14.594242095947266,31.382291793823242,solved,,,,,court_feet,observed,homography
15325,18,player,107.0119857788086,-3.0276408195495605,solved,,,,,court_feet,observed,homography
15330,17,player,-14.7416410446167,31.367382049560547,solved,,,,,court_feet,observed,homography
15330,18,player,106.82121276855469,-3.0074775218963623,solved,,,,,court_feet,observed,homography
15335,17,player,-14.915660858154297,31.375957489013672,camera_lock_drift_checked,,,,,court_feet,observed,homography
15335,18,player,106.82394409179688,-3.0214548110961914,camera_lock_drift_checked,,,,,court_feet,observed,homography
15340,17,player,-15.018418312072754,31.318878173828125,camera_lock_drift_checked,,,,,court_feet,observed,homography
15340,18,player,106.84978485107422,-3.025280714035034,camera_lock_drift_checked,,,,,court_feet,observed,homography
15345,17,player,-14.90458869934082,31.34225845336914,solved,,,,,court_feet,observed,homography
15345,18,player,106.6814956665039,-3.03905987739563,solved,,,,,court_feet,observed,homography
15350,17,player,-15.09783935546875,31.30702781677246,camera_lock_drift_checked,,,,,court_feet,observed,homography
15350,18,player,106.71019744873047,-3.002851963043213,camera_lock_drift_checked,,,,,court_feet,observed,homography
15355,17,player,-15.107192993164062,31.305526733398438,camera_lock_drift_checked,,,,,court_feet,observed,homography
15355,18,player,106.73600769042969,-3.003077507019043,camera_lock_drift_checked,,,,,court_feet,observed,homography
15360,17,player,-15.163902282714844,31.31473159790039,camera_lock_drift_checked,,,,,court_feet,observed,homography
15360,18,player,106.69375610351562,-2.990593194961548,camera_lock_drift_checked,,,,,court_feet,observed,homography
15365,17,player,-15.187931060791016,31.29177474975586,camera_lock_drift_checked,,,,,court_feet,observed,homography
15365,18,player,106.6865234375,-2.9932949542999268,camera_lock_drift_checked,,,,,court_feet,observed,homography
15370,17,player,-15.187385559082031,31.296588897705078,camera_lock_drift_checked,,,,,court_feet,observed,homography
15370,18,player,106.65254974365234,-2.9925553798675537,camera_lock_drift_checked,,,,,court_feet,observed,homography
15375,17,player,-15.054015159606934,31.243619918823242,solved,,,,,court_feet,observed,homography
15375,18,player,107.21778869628906,-3.0947422981262207,solved,,,,,court_feet,observed,homography
15380,17,player,-15.176397323608398,31.312152862548828,solved,,,,,court_feet,observed,homography
15380,18,player,106.77535247802734,-3.106935501098633,solved,,,,,court_feet,observed,homography
15385,17,player,-15.226583480834961,31.290287017822266,camera_lock_drift_checked,,,,,court_feet,observed,homography
15385,18,player,106.59878540039062,-2.9877898693084717,camera_lock_drift_checked,,,,,court_feet,observed,homography
15390,17,player,-15.227595329284668,31.2924747467041,camera_lock_drift_checked,,,,,court_feet,observed,homography
15390,18,player,106.60871124267578,-2.9901299476623535,camera_lock_drift_checked,,,,,court_feet,observed,homography
15395,17,player,-15.269993782043457,31.276065826416016,camera_lock_drift_checked,,,,,court_feet,observed,homography
15395,18,player,106.57146453857422,-2.984255075454712,camera_lock_drift_checked,,,,,court_feet,observed,homography
15400,17,player,-15.280430793762207,31.33930778503418,solved,,,,,court_feet,observed,homography
15400,18,player,106.54474639892578,-3.0632591247558594,solved,,,,,court_feet,observed,homography
15405,17,player,-15.16285514831543,31.251577377319336,solved,,,,,court_feet,observed,homography
15405,18,player,107.0771255493164,-2.9208109378814697,solved,,,,,court_feet,observed,homography
15410,17,player,-15.19609260559082,31.26182746887207,solved,,,,,court_feet,observed,homography
15410,18,player,107.19570922851562,-2.9708704948425293,solved,,,,,court_feet,observed,homography
15415,17,player,-15.094791412353516,31.271764755249023,solved,,,,,court_feet,observed,homography
15415,18,player,107.31012725830078,-2.909463882446289,solved,,,,,court_feet,observed,homography
15420,17,player,-14.994383811950684,31.32769775390625,solved,,,,,court_feet,observed,homography
15420,18,player,107.13860321044922,-3.0030782222747803,solved,,,,,court_feet,observed,homography
15425,17,player,-14.954358100891113,31.346317291259766,solved,,,,,court_feet,observed,homography
15425,18,player,107.13594818115234,-3.0717694759368896,solved,,,,,court_feet,observed,homography
15430,17,player,-14.976473808288574,31.2878475189209,solved,,,,,court_feet,observed,homography
15430,18,player,107.236083984375,-3.124757766723633,solved,,,,,court_feet,observed,homography
15435,17,player,-14.785355567932129,31.29999542236328,solved,,,,,court_feet,observed,homography
15435,18,player,107.0564193725586,-3.1260433197021484,solved,,,,,court_feet,observed,homography
15440,17,player,-14.169933319091797,31.404720306396484,solved,,,,,court_feet,observed,homography
15440,18,player,106.9488754272461,-3.0952324867248535,solved,,,,,court_feet,observed,homography
15445,17,player,-14.20855712890625,31.422739028930664,solved,,,,,court_feet,observed,homography
15445,18,player,106.893310546875,-3.066253900527954,solved,,,,,court_feet,observed,homography
15450,17,player,-13.908126831054688,31.41544532775879,solved,,,,,court_feet,observed,homography
15450,18,player,106.77073669433594,-3.0521934032440186,solved,,,,,court_feet,observed,homography
15455,17,player,-13.523785591125488,31.33251190185547,solved,,,,,court_feet,observed,homography
15455,18,player,106.37619018554688,-2.990736246109009,solved,,,,,court_feet,observed,homography
15460,17,player,-11.989500999450684,31.111587524414062,camera_lock_drift_checked,,,,,court_feet,observed,homography
15460,18,player,106.35639953613281,-2.9797067642211914,camera_lock_drift_checked,,,,,court_feet,observed,homography
15465,17,player,-12.184680938720703,30.762096405029297,camera_lock_drift_checked,,,,,court_feet,observed,homography
15465,18,player,106.30728912353516,-2.9739444255828857,camera_lock_drift_checked,,,,,court_feet,observed,homography
15470,17,player,-12.189083099365234,30.691162109375,solved,,,,,court_feet,observed,homography
15470,18,player,106.39513397216797,-3.0445914268493652,solved,,,,,court_feet,observed,homography
15475,17,player,-11.758336067199707,31.234357833862305,camera_lock_drift_checked,,,,,court_feet,observed,homography
15475,18,player,106.23374938964844,-2.988577365875244,camera_lock_drift_checked,,,,,court_feet,observed,homography
15480,17,player,-10.780970573425293,32.447853088378906,solved,,,,,court_feet,observed,homography
15480,18,player,106.32840728759766,-3.074659585952759,solved,,,,,court_feet,observed,homography
15485,17,player,-10.416544914245605,33.70457458496094,solved,,,,,court_feet,observed,homography
15485,18,player,106.69819641113281,-3.1600372791290283,solved,,,,,court_feet,observed,homography
15495,17,player,-6.42141580581665,35.42477035522461,solved,,,,,court_feet,observed,homography
15495,18,player,107.8296127319336,-3.546609401702881,solved,,,,,court_feet,observed,homography
15500,17,player,-5.489943504333496,35.705810546875,solved,,,,,court_feet,observed,homography
15500,18,player,106.68194580078125,-3.121598243713379,solved,,,,,court_feet,observed,homography
15505,17,player,-5.258304119110107,36.52462387084961,solved,,,,,court_feet,observed,homography
15505,18,player,106.99325561523438,-3.118199586868286,solved,,,,,court_feet,observed,homography
15515,17,player,-5.100584506988525,38.453765869140625,solved,,,,,court_feet,observed,homography
15515,18,player,106.86382293701172,-3.1518917083740234,solved,,,,,court_feet,observed,homography
15520,17,player,-4.817483425140381,39.000160217285156,solved,,,,,court_feet,observed,homography
15520,18,player,106.60521697998047,-2.749659776687622,solved,,,,,court_feet,observed,homography
15525,17,player,-4.483138084411621,39.168270111083984,solved,,,,,court_feet,observed,homography
15525,18,player,107.28130340576172,-2.744831085205078,solved,,,,,court_feet,observed,homography
15530,17,player,-4.346710681915283,38.861175537109375,solved,,,,,court_feet,observed,homography
15530,18,player,107.59239196777344,-2.730944871902466,solved,,,,,court_feet,observed,homography
15535,17,player,-3.925429344177246,38.286590576171875,solved,,,,,court_feet,observed,homography
15535,18,player,107.6269302368164,-3.0543155670166016,solved,,,,,court_feet,observed,homography
15540,17,player,-3.7433695793151855,37.34231948852539,camera_lock_drift_checked,,,,,court_feet,observed,homography
15540,18,player,106.82664489746094,-2.944904327392578,camera_lock_drift_checked,,,,,court_feet,observed,homography
15545,17,player,-3.631235361099243,36.3328971862793,solved,,,,,court_feet,observed,homography
15545,18,player,106.96475219726562,-3.0336973667144775,solved,,,,,court_feet,observed,homography
15550,17,player,-3.569355010986328,35.312564849853516,camera_lock_drift_checked,,,,,court_feet,observed,homography
15550,18,player,106.38245391845703,-2.719297170639038,camera_lock_drift_checked,,,,,court_feet,observed,homography
15560,17,player,-4.5649542808532715,32.61982727050781,solved,,,,,court_feet,observed,homography
15560,18,player,107.13872528076172,-3.076690673828125,solved,,,,,court_feet,observed,homography
15565,17,player,-4.33964204788208,30.726280212402344,solved,,,,,court_feet,observed,homography
15565,18,player,106.87667846679688,-3.207890510559082,solved,,,,,court_feet,observed,homography
15585,19,player,-3.6520042419433594,26.63802146911621,solved,,,,,court_feet,observed,homography
15585,20,player,78.73600769042969,16.132659912109375,solved,,,,,court_feet,observed,homography
17085,21,player,-13.807804107666016,5.1417765617370605,solved,,,,,court_feet,observed,homography
17085,22,player,77.3292465209961,20.879079818725586,solved,,,,,court_feet,observed,homography
17090,21,player,-13.17685317993164,5.158320426940918,solved,,,,,court_feet,observed,homography
17090,22,player,79.18616485595703,20.390016555786133,solved,,,,,court_feet,observed,homography
17095,21,player,-11.939988136291504,5.410958290100098,solved,,,,,court_feet,observed,homography
17095,22,player,77.01414489746094,20.129446029663086,solved,,,,,court_feet,observed,homography
17100,21,player,-11.870505332946777,6.042630195617676,solved,,,,,court_feet,observed,homography
17100,22,player,75.55348205566406,19.832883834838867,solved,,,,,court_feet,observed,homography
17105,21,player,-11.73609447479248,6.08413553237915,solved,,,,,court_feet,observed,homography
17105,22,player,75.52642822265625,19.74384117126465,solved,,,,,court_feet,observed,homography
17110,21,player,-11.511514663696289,5.9682183265686035,solved,,,,,court_feet,observed,homography
17110,22,player,75.78812408447266,19.871936798095703,solved,,,,,court_feet,observed,homography
17115,21,player,-11.229652404785156,5.3299055099487305,solved,,,,,court_feet,observed,homography
17115,22,player,75.41533660888672,19.613426208496094,solved,,,,,court_feet,observed,homography
17120,21,player,-11.049543380737305,4.389469146728516,solved,,,,,court_feet,observed,homography
17120,22,player,74.66238403320312,19.477941513061523,solved,,,,,court_feet,observed,homography
17125,21,player,-10.724252700805664,3.4586734771728516,solved,,,,,court_feet,observed,homography
17125,22,player,74.49140167236328,19.608205795288086,solved,,,,,court_feet,observed,homography
17130,21,player,-9.064496994018555,2.799255847930908,solved,,,,,court_feet,observed,homography
17130,22,player,73.94827270507812,19.32978057861328,solved,,,,,court_feet,observed,homography
17135,21,player,-6.851831436157227,1.5751398801803589,solved,,,,,court_feet,observed,homography
17135,22,player,75.17650604248047,20.174890518188477,solved,,,,,court_feet,observed,homography
17140,21,player,-6.747624397277832,1.0415799617767334,solved,,,,,court_feet,observed,homography
17140,22,player,74.69639587402344,21.125131607055664,solved,,,,,court_feet,observed,homography
17145,21,player,-6.84611701965332,0.09417874366044998,solved,,,,,court_feet,observed,homography
17145,22,player,76.706298828125,21.206207275390625,solved,,,,,court_feet,observed,homography
17150,21,player,-6.6163530349731445,-0.8735795617103577,solved,,,,,court_feet,observed,homography
17150,22,player,75.92426300048828,21.083820343017578,solved,,,,,court_feet,observed,homography
17155,21,player,-6.225986480712891,-1.2157809734344482,solved,,,,,court_feet,observed,homography
17155,22,player,75.90476989746094,20.690265655517578,solved,,,,,court_feet,observed,homography
17160,21,player,-5.783034324645996,-1.5993820428848267,solved,,,,,court_feet,observed,homography
17160,22,player,76.53555297851562,20.824846267700195,solved,,,,,court_feet,observed,homography
17165,21,player,-6.195106506347656,-1.6024436950683594,solved,,,,,court_feet,observed,homography
17165,22,player,75.8197021484375,20.97919464111328,solved,,,,,court_feet,observed,homography
17170,21,player,-5.5986809730529785,-1.5544357299804688,solved,,,,,court_feet,observed,homography
17170,22,player,74.87134552001953,21.056066513061523,solved,,,,,court_feet,observed,homography
17175,21,player,-5.411416053771973,-1.3629404306411743,solved,,,,,court_feet,observed,homography
17175,22,player,74.73324584960938,21.156389236450195,solved,,,,,court_feet,observed,homography
17180,21,player,-5.7133893966674805,-1.264730453491211,camera_lock_drift_checked,,,,,court_feet,observed,homography
17180,22,player,74.30587768554688,20.937864303588867,camera_lock_drift_checked,,,,,court_feet,observed,homography
17185,21,player,-5.358893394470215,-1.164079189300537,solved,,,,,court_feet,observed,homography
17185,22,player,74.48790740966797,21.14234161376953,solved,,,,,court_feet,observed,homography
17190,21,player,-5.437160015106201,-0.8971695303916931,solved,,,,,court_feet,observed,homography
17190,22,player,74.72161102294922,21.26002311706543,solved,,,,,court_feet,observed,homography
17195,21,player,-5.447275161743164,-0.4621497392654419,solved,,,,,court_feet,observed,homography
17195,22,player,75.17225646972656,21.273883819580078,solved,,,,,court_feet,observed,homography
17200,21,player,-5.562473773956299,-0.21330320835113525,solved,,,,,court_feet,observed,homography
17200,22,player,75.10166931152344,21.301572799682617,solved,,,,,court_feet,observed,homography
17205,21,player,-5.596217155456543,-0.31897321343421936,solved,,,,,court_feet,observed,homography
17205,22,player,75.06629943847656,21.48958969116211,solved,,,,,court_feet,observed,homography
17210,21,player,-5.754827499389648,-0.16178245842456818,solved,,,,,court_feet,observed,homography
17210,22,player,75.98343658447266,21.564443588256836,solved,,,,,court_feet,observed,homography
17215,21,player,-5.699880599975586,-0.2187686264514923,solved,,,,,court_feet,observed,homography
17215,22,player,76.69277954101562,22.087718963623047,solved,,,,,court_feet,observed,homography
17220,21,player,-5.8439836502075195,-0.29782289266586304,solved,,,,,court_feet,observed,homography
17220,22,player,76.72555541992188,22.499706268310547,solved,,,,,court_feet,observed,homography
17225,21,player,-5.81414270401001,-0.1815176010131836,solved,,,,,court_feet,observed,homography
17225,22,player,75.46403503417969,22.65572166442871,solved,,,,,court_feet,observed,homography
17230,21,player,-5.825392246246338,-0.14771820604801178,solved,,,,,court_feet,observed,homography
17230,22,player,76.11846923828125,22.921545028686523,solved,,,,,court_feet,observed,homography
17235,21,player,-5.849164962768555,-0.4296203851699829,solved,,,,,court_feet,observed,homography
17235,22,player,76.97589111328125,23.321826934814453,solved,,,,,court_feet,observed,homography
17240,21,player,-5.695223331451416,-0.48672986030578613,solved,,,,,court_feet,observed,homography
17240,22,player,76.86622619628906,23.464107513427734,solved,,,,,court_feet,observed,homography
17245,21,player,-5.654049873352051,-0.5030971169471741,solved,,,,,court_feet,observed,homography
17245,22,player,77.64517211914062,23.734891891479492,solved,,,,,court_feet,observed,homography
17250,21,player,-5.673162937164307,-0.5578299164772034,solved,,,,,court_feet,observed,homography
17250,22,player,77.92379760742188,24.026504516601562,solved,,,,,court_feet,observed,homography
17255,21,player,-5.735786437988281,-0.587345540523529,solved,,,,,court_feet,observed,homography
17255,22,player,78.81839752197266,24.199188232421875,solved,,,,,court_feet,observed,homography
17260,21,player,-5.75897216796875,-0.5148465633392334,solved,,,,,court_feet,observed,homography
17260,22,player,78.41027069091797,24.503530502319336,solved,,,,,court_feet,observed,homography
17265,21,player,-5.8384318351745605,-0.44610917568206787,solved,,,,,court_feet,observed,homography
17265,22,player,78.84335327148438,24.825790405273438,solved,,,,,court_feet,observed,homography
17270,21,player,-5.8745880126953125,-0.42152658104896545,solved,,,,,court_feet,observed,homography
17270,22,player,79.71768951416016,25.070444107055664,solved,,,,,court_feet,observed,homography
17275,21,player,-5.818209171295166,-0.2508099675178528,solved,,,,,court_feet,observed,homography
17275,22,player,79.58782196044922,25.149499893188477,solved,,,,,court_feet,observed,homography
17280,21,player,-5.738808631896973,-0.5365509986877441,solved,,,,,court_feet,observed,homography
17280,22,player,79.24773406982422,25.129919052124023,solved,,,,,court_feet,observed,homography
17285,21,player,-5.719880104064941,-0.6245325803756714,solved,,,,,court_feet,observed,homography
17285,22,player,79.26254272460938,25.250835418701172,solved,,,,,court_feet,observed,homography
17290,21,player,-5.659916877746582,-0.644234299659729,solved,,,,,court_feet,observed,homography
17290,22,player,79.21024322509766,25.429058074951172,solved,,,,,court_feet,observed,homography
17295,21,player,-5.584582328796387,-0.633590579032898,solved,,,,,court_feet,observed,homography
17295,22,player,79.9017333984375,25.5965518951416,solved,,,,,court_feet,observed,homography
17300,21,player,-5.584203720092773,-0.6149262189865112,solved,,,,,court_feet,observed,homography
17300,22,player,79.79901123046875,25.809885025024414,solved,,,,,court_feet,observed,homography
17305,21,player,-5.602362155914307,-0.6208280920982361,solved,,,,,court_feet,observed,homography
17305,22,player,80.97969055175781,26.222566604614258,solved,,,,,court_feet,observed,homography
17310,21,player,-5.687498092651367,-0.5899834036827087,solved,,,,,court_feet,observed,homography
17310,22,player,82.34921264648438,26.580934524536133,solved,,,,,court_feet,observed,homography
17315,21,player,-5.721675872802734,-0.6127318143844604,solved,,,,,court_feet,observed,homography
17315,22,player,81.78105926513672,26.730777740478516,solved,,,,,court_feet,observed,homography
17975,23,player,-11.686351776123047,32.74932098388672,solved,,,,,court_feet,observed,homography
17975,24,player,77.30242156982422,16.562488555908203,solved,,,,,court_feet,observed,homography
18170,25,player,-15.281340599060059,32.5292854309082,solved,,,,,court_feet,observed,homography
18170,26,player,106.94119262695312,-2.3949999809265137,solved,,,,,court_feet,observed,homography
18175,25,player,-15.285834312438965,32.11800003051758,solved,,,,,court_feet,observed,homography
18175,26,player,107.1130599975586,-2.436793804168701,solved,,,,,court_feet,observed,homography
18180,25,player,-15.497793197631836,32.352264404296875,solved,,,,,court_feet,observed,homography
18180,26,player,106.36134338378906,-2.3756396770477295,solved,,,,,court_feet,observed,homography
18185,25,player,-15.053248405456543,32.302040100097656,solved,,,,,court_feet,observed,homography
18185,26,player,106.84220123291016,-2.3833019733428955,solved,,,,,court_feet,observed,homography
18190,25,player,-14.994247436523438,32.384681701660156,solved,,,,,court_feet,observed,homography
18190,26,player,106.69062042236328,-2.3827664852142334,solved,,,,,court_feet,observed,homography
18195,25,player,-14.139907836914062,32.34945297241211,solved,,,,,court_feet,observed,homography
18195,26,player,107.16166687011719,-2.40621018409729,solved,,,,,court_feet,observed,homography
18200,25,player,-14.588461875915527,32.12200927734375,solved,,,,,court_feet,observed,homography
18200,26,player,107.4146957397461,-2.4616193771362305,solved,,,,,court_feet,observed,homography
18205,25,player,-14.645476341247559,32.11104965209961,solved,,,,,court_feet,observed,homography
18205,26,player,107.36764526367188,-2.440497636795044,solved,,,,,court_feet,observed,homography
18210,25,player,-15.082547187805176,32.245059967041016,solved,,,,,court_feet,observed,homography
18210,26,player,106.71076965332031,-2.3831627368927,solved,,,,,court_feet,observed,homography
18215,25,player,-13.799921035766602,32.36052322387695,solved,,,,,court_feet,observed,homography
18215,26,player,106.981689453125,-2.4315457344055176,solved,,,,,court_feet,observed,homography
18220,25,player,-14.162175178527832,32.547607421875,solved,,,,,court_feet,observed,homography
18220,26,player,106.23348999023438,-2.3798775672912598,solved,,,,,court_feet,observed,homography
18225,25,player,-14.630008697509766,32.43787384033203,solved,,,,,court_feet,observed,homography
18225,26,player,106.49217987060547,-2.3756728172302246,solved,,,,,court_feet,observed,homography
18230,25,player,-14.96982192993164,32.24187088012695,solved,,,,,court_feet,observed,homography
18230,26,player,107.05365753173828,-2.407754898071289,solved,,,,,court_feet,observed,homography
18235,25,player,-14.539596557617188,32.175750732421875,solved,,,,,court_feet,observed,homography
18235,26,player,107.53492736816406,-2.472811222076416,solved,,,,,court_feet,observed,homography
18240,25,player,-14.657180786132812,32.441654205322266,solved,,,,,court_feet,observed,homography
18240,26,player,106.83904266357422,-2.419039011001587,solved,,,,,court_feet,observed,homography
18245,25,player,-14.950617790222168,32.57809066772461,solved,,,,,court_feet,observed,homography
18245,26,player,106.3766098022461,-2.3713457584381104,solved,,,,,court_feet,observed,homography
18250,25,player,-14.459918022155762,32.716793060302734,solved,,,,,court_feet,observed,homography
18250,26,player,106.14643859863281,-2.306206703186035,solved,,,,,court_feet,observed,homography
18255,25,player,-14.15573501586914,32.686195373535156,solved,,,,,court_feet,observed,homography
18255,26,player,105.98046875,-2.3002536296844482,solved,,,,,court_feet,observed,homography
18260,25,player,-14.546577453613281,32.52901077270508,solved,,,,,court_feet,observed,homography
18260,26,player,105.7545394897461,-2.273909568786621,solved,,,,,court_feet,observed,homography
18265,25,player,-14.364065170288086,32.36280059814453,solved,,,,,court_feet,observed,homography
18265,26,player,106.04399871826172,-2.3186845779418945,solved,,,,,court_feet,observed,homography
18270,25,player,-14.109488487243652,32.4189453125,solved,,,,,court_feet,observed,homography
18270,26,player,106.33720397949219,-2.3911659717559814,solved,,,,,court_feet,observed,homography
18275,25,player,-13.758806228637695,32.49217224121094,solved,,,,,court_feet,observed,homography
18275,26,player,106.28819274902344,-2.3686165809631348,solved,,,,,court_feet,observed,homography
18280,25,player,-13.295877456665039,32.459346771240234,solved,,,,,court_feet,observed,homography
18280,26,player,106.8084945678711,-2.365612268447876,solved,,,,,court_feet,observed,homography
18285,25,player,-13.829326629638672,32.62088394165039,solved,,,,,court_feet,observed,homography
18285,26,player,106.35462951660156,-2.3736178874969482,solved,,,,,court_feet,observed,homography
18290,25,player,-13.714799880981445,32.542606353759766,solved,,,,,court_feet,observed,homography
18290,26,player,106.93972778320312,-2.355320930480957,solved,,,,,court_feet,observed,homography
18295,25,player,-13.939777374267578,32.40565872192383,solved,,,,,court_feet,observed,homography
18295,26,player,107.2929916381836,-2.3752174377441406,solved,,,,,court_feet,observed,homography
18300,25,player,-14.395987510681152,32.20016860961914,solved,,,,,court_feet,observed,homography
18300,26,player,107.52474212646484,-2.366722822189331,solved,,,,,court_feet,observed,homography
18690,27,player,-14.671259880065918,31.447616577148438,solved,,,,,court_feet,observed,homography
18690,28,player,77.68709564208984,15.923500061035156,solved,,,,,court_feet,observed,homography
18695,27,player,-14.89439582824707,31.31043243408203,solved,,,,,court_feet,observed,homography
18695,28,player,77.91325378417969,16.099109649658203,solved,,,,,court_feet,observed,homography
18710,27,player,-14.621371269226074,31.370800018310547,solved,,,,,court_feet,observed,homography
18710,28,player,77.28296661376953,16.09801483154297,solved,,,,,court_feet,observed,homography
18715,27,player,-14.768145561218262,31.280115127563477,solved,,,,,court_feet,observed,homography
18715,28,player,77.74536895751953,16.042884826660156,solved,,,,,court_feet,observed,homography
18720,27,player,-14.80615520477295,31.367002487182617,solved,,,,,court_feet,observed,homography
18720,28,player,77.49749755859375,16.014774322509766,solved,,,,,court_feet,observed,homography
18725,27,player,-14.713768005371094,31.3356990814209,solved,,,,,court_feet,observed,homography
18725,28,player,77.38915252685547,15.952537536621094,solved,,,,,court_feet,observed,homography
18730,27,player,-14.379016876220703,31.33804702758789,camera_lock_drift_checked,,,,,court_feet,observed,homography
18730,28,player,77.37353515625,15.782959938049316,camera_lock_drift_checked,,,,,court_feet,observed,homography
18735,27,player,-13.819098472595215,31.51727294921875,solved,,,,,court_feet,observed,homography
18735,28,player,76.60527038574219,15.558774948120117,solved,,,,,court_feet,observed,homography
18740,27,player,-13.679949760437012,31.516908645629883,solved,,,,,court_feet,observed,homography
18740,28,player,77.49739837646484,15.65892219543457,solved,,,,,court_feet,observed,homography
18745,27,player,-13.794661521911621,31.49634552001953,solved,,,,,court_feet,observed,homography
18745,28,player,78.26720428466797,15.816508293151855,solved,,,,,court_feet,observed,homography
18750,27,player,-12.927640914916992,31.187246322631836,solved,,,,,court_feet,observed,homography
18750,28,player,78.92686462402344,15.63614559173584,solved,,,,,court_feet,observed,homography
18755,27,player,-11.669729232788086,30.99505615234375,camera_lock_drift_checked,,,,,court_feet,observed,homography
18755,28,player,76.41876983642578,15.383224487304688,camera_lock_drift_checked,,,,,court_feet,observed,homography
18760,27,player,-11.374876022338867,30.60393524169922,camera_lock_drift_checked,,,,,court_feet,observed,homography
18760,28,player,76.20730590820312,15.298847198486328,camera_lock_drift_checked,,,,,court_feet,observed,homography
18765,27,player,-11.319225311279297,30.351675033569336,solved,,,,,court_feet,observed,homography
18765,28,player,74.96019744873047,15.138725280761719,solved,,,,,court_feet,observed,homography
18770,27,player,-11.03890323638916,30.123165130615234,solved,,,,,court_feet,observed,homography
18770,28,player,74.2128677368164,15.049373626708984,solved,,,,,court_feet,observed,homography
18775,27,player,-10.969866752624512,29.725061416625977,solved,,,,,court_feet,observed,homography
18775,28,player,74.94031524658203,15.339323997497559,solved,,,,,court_feet,observed,homography
18780,27,player,-10.074310302734375,30.105398178100586,solved,,,,,court_feet,observed,homography
18780,28,player,74.8899917602539,15.448722839355469,solved,,,,,court_feet,observed,homography
18785,27,player,-10.052312850952148,30.99578857421875,solved,,,,,court_feet,observed,homography
18785,28,player,74.58740997314453,15.514181137084961,solved,,,,,court_feet,observed,homography
18790,27,player,-9.263509750366211,31.70115089416504,camera_lock_drift_checked,,,,,court_feet,observed,homography
18790,28,player,74.8739013671875,15.725336074829102,camera_lock_drift_checked,,,,,court_feet,observed,homography
18795,27,player,-8.784647941589355,32.64501190185547,solved,,,,,court_feet,observed,homography
18795,28,player,76.37744903564453,16.214017868041992,solved,,,,,court_feet,observed,homography
18800,27,player,-8.73318862915039,33.16428756713867,solved,,,,,court_feet,observed,homography
18800,28,player,76.11351776123047,16.714839935302734,solved,,,,,court_feet,observed,homography
18805,27,player,-9.10785961151123,33.456703186035156,solved,,,,,court_feet,observed,homography
18805,28,player,75.95045471191406,16.550613403320312,solved,,,,,court_feet,observed,homography
18810,27,player,-8.860221862792969,33.03559494018555,solved,,,,,court_feet,observed,homography
18810,28,player,76.16670989990234,17.006757736206055,solved,,,,,court_feet,observed,homography
18815,27,player,-8.801216125488281,32.60056686401367,solved,,,,,court_feet,observed,homography
18815,28,player,78.38583374023438,17.558305740356445,solved,,,,,court_feet,observed,homography
18820,27,player,-9.071123123168945,31.48740005493164,solved,,,,,court_feet,observed,homography
18820,28,player,79.62791442871094,18.14491081237793,solved,,,,,court_feet,observed,homography
18825,27,player,-9.66218376159668,30.545284271240234,solved,,,,,court_feet,observed,homography
18825,28,player,79.2936782836914,18.03662109375,solved,,,,,court_feet,observed,homography
18830,27,player,-9.505524635314941,29.90093994140625,solved,,,,,court_feet,observed,homography
18830,28,player,78.52180480957031,18.24091339111328,solved,,,,,court_feet,observed,homography
18835,27,player,-9.17073917388916,28.554882049560547,solved,,,,,court_feet,observed,homography
18835,28,player,79.93182373046875,18.54819107055664,solved,,,,,court_feet,observed,homography
18840,27,player,-8.945804595947266,27.460622787475586,solved,,,,,court_feet,observed,homography
18840,28,player,78.82801055908203,18.710481643676758,solved,,,,,court_feet,observed,homography
18845,27,player,-9.980483055114746,25.816734313964844,solved,,,,,court_feet,observed,homography
18845,28,player,77.89322662353516,19.11844825744629,solved,,,,,court_feet,observed,homography
18850,27,player,-11.1122465133667,25.124107360839844,solved,,,,,court_feet,observed,homography
18850,28,player,77.32256317138672,18.95337677001953,solved,,,,,court_feet,observed,homography
18855,27,player,-10.936671257019043,24.619770050048828,solved,,,,,court_feet,observed,homography
18855,28,player,77.04411315917969,19.88674545288086,solved,,,,,court_feet,observed,homography
18860,27,player,-10.913826942443848,23.714092254638672,solved,,,,,court_feet,observed,homography
18860,28,player,77.39140319824219,19.60082244873047,solved,,,,,court_feet,observed,homography
18865,27,player,-11.77545166015625,22.71697235107422,solved,,,,,court_feet,observed,homography
18865,28,player,77.53345489501953,19.980356216430664,solved,,,,,court_feet,observed,homography
18870,27,player,-13.198723793029785,21.698396682739258,camera_lock_drift_checked,,,,,court_feet,observed,homography
18870,28,player,77.12413024902344,19.92519187927246,camera_lock_drift_checked,,,,,court_feet,observed,homography
18875,27,player,-14.206605911254883,21.29827880859375,camera_lock_drift_checked,,,,,court_feet,observed,homography
18875,28,player,77.55609893798828,19.845481872558594,camera_lock_drift_checked,,,,,court_feet,observed,homography
18880,27,player,-14.788105010986328,20.781301498413086,solved,,,,,court_feet,observed,homography
18880,28,player,78.28530883789062,20.199060440063477,solved,,,,,court_feet,observed,homography
18885,27,player,-14.889625549316406,18.974870681762695,solved,,,,,court_feet,observed,homography
18885,28,player,77.45613861083984,20.15227508544922,solved,,,,,court_feet,observed,homography
18890,27,player,-15.05766773223877,18.195932388305664,solved,,,,,court_feet,observed,homography
18890,28,player,76.27021789550781,20.207244873046875,solved,,,,,court_feet,observed,homography
18895,27,player,-14.977503776550293,15.603271484375,solved,,,,,court_feet,observed,homography
18895,28,player,76.09628295898438,20.340070724487305,solved,,,,,court_feet,observed,homography
18900,27,player,-14.010209083557129,14.203304290771484,solved,,,,,court_feet,observed,homography
18900,28,player,75.36847686767578,20.207164764404297,solved,,,,,court_feet,observed,homography
18905,27,player,-14.490655899047852,12.713875770568848,solved,,,,,court_feet,observed,homography
18905,28,player,74.42961120605469,20.34888458251953,solved,,,,,court_feet,observed,homography
18910,27,player,-13.742830276489258,11.243385314941406,solved,,,,,court_feet,observed,homography
18910,28,player,75.42864227294922,20.720905303955078,solved,,,,,court_feet,observed,homography
18915,27,player,-14.55771541595459,9.838586807250977,solved,,,,,court_feet,observed,homography
18915,28,player,75.21495056152344,20.81084632873535,solved,,,,,court_feet,observed,homography
18920,27,player,-13.242044448852539,8.222864151000977,solved,,,,,court_feet,observed,homography
18920,28,player,76.18875885009766,20.863733291625977,solved,,,,,court_feet,observed,homography
18925,27,player,-13.22278118133545,7.2351508140563965,solved,,,,,court_feet,observed,homography
18925,28,player,76.3976058959961,20.92658042907715,solved,,,,,court_feet,observed,homography
18930,27,player,-15.06552791595459,6.578585147857666,solved,,,,,court_feet,observed,homography
18930,28,player,76.90254974365234,20.89392852783203,solved,,,,,court_feet,observed,homography
18935,27,player,-15.015357971191406,5.727823734283447,solved,,,,,court_feet,observed,homography
18935,28,player,78.58099365234375,21.317890167236328,solved,,,,,court_feet,observed,homography
18940,27,player,-15.054621696472168,4.794288158416748,solved,,,,,court_feet,observed,homography
18940,28,player,79.4175796508789,21.210012435913086,solved,,,,,court_feet,observed,homography
18945,27,player,-14.263249397277832,3.9647343158721924,solved,,,,,court_feet,observed,homography
18945,28,player,79.3314437866211,21.43358039855957,solved,,,,,court_feet,observed,homography
18950,27,player,-12.677578926086426,3.105971336364746,solved,,,,,court_feet,observed,homography
18950,28,player,80.25426483154297,20.628562927246094,solved,,,,,court_feet,observed,homography
18955,27,player,-13.721030235290527,2.7028727531433105,solved,,,,,court_feet,observed,homography
18955,28,player,81.2386245727539,19.24945831298828,solved,,,,,court_feet,observed,homography
18960,27,player,-14.860668182373047,2.96358585357666,solved,,,,,court_feet,observed,homography
18960,28,player,80.50727844238281,18.332273483276367,solved,,,,,court_feet,observed,homography
18965,27,player,-15.12086296081543,3.2234363555908203,solved,,,,,court_feet,observed,homography
18965,28,player,80.04977416992188,17.41988182067871,solved,,,,,court_feet,observed,homography
18970,27,player,-15.199457168579102,3.936833143234253,solved,,,,,court_feet,observed,homography
18970,28,player,80.10855102539062,16.57362937927246,solved,,,,,court_feet,observed,homography
18975,27,player,-14.658404350280762,4.765164375305176,solved,,,,,court_feet,observed,homography
18975,28,player,80.34446716308594,16.121028900146484,solved,,,,,court_feet,observed,homography
18980,27,player,-15.095765113830566,5.435070514678955,camera_lock_drift_checked,,,,,court_feet,observed,homography
18980,28,player,79.82510375976562,16.100435256958008,camera_lock_drift_checked,,,,,court_feet,observed,homography
18985,27,player,-13.590555191040039,6.956667423248291,solved,,,,,court_feet,observed,homography
18985,28,player,79.6227035522461,15.422760963439941,solved,,,,,court_feet,observed,homography
18990,27,player,-11.668766021728516,7.761745452880859,camera_lock_drift_checked,,,,,court_feet,observed,homography
18990,28,player,80.89151763916016,15.73668098449707,camera_lock_drift_checked,,,,,court_feet,observed,homography
18995,27,player,-12.35430908203125,9.046669960021973,camera_lock_drift_checked,,,,,court_feet,observed,homography
18995,28,player,80.26824188232422,15.829811096191406,camera_lock_drift_checked,,,,,court_feet,observed,homography
19000,27,player,-13.067154884338379,9.972367286682129,solved,,,,,court_feet,observed,homography
19000,28,player,81.56532287597656,16.055166244506836,solved,,,,,court_feet,observed,homography
19005,27,player,-14.682085037231445,11.113395690917969,solved,,,,,court_feet,observed,homography
19005,28,player,81.5711441040039,16.015832901000977,solved,,,,,court_feet,observed,homography
19010,27,player,-14.134939193725586,13.502384185791016,solved,,,,,court_feet,observed,homography
19010,28,player,79.80560302734375,15.78408432006836,solved,,,,,court_feet,observed,homography
19015,27,player,-14.489072799682617,14.394330978393555,solved,,,,,court_feet,observed,homography
19015,28,player,79.8773422241211,15.744672775268555,solved,,,,,court_feet,observed,homography
19020,27,player,-15.1183443069458,16.695262908935547,camera_lock_drift_checked,,,,,court_feet,observed,homography
19020,28,player,78.87631225585938,15.895379066467285,camera_lock_drift_checked,,,,,court_feet,observed,homography
19025,27,player,-15.056510925292969,17.765905380249023,camera_lock_drift_checked,,,,,court_feet,observed,homography
19025,28,player,78.9425277709961,15.967737197875977,camera_lock_drift_checked,,,,,court_feet,observed,homography
19030,27,player,-14.66048812866211,19.184185028076172,solved,,,,,court_feet,observed,homography
19030,28,player,79.53294372558594,15.965179443359375,solved,,,,,court_feet,observed,homography
19035,27,player,-12.308258056640625,21.36410140991211,solved,,,,,court_feet,observed,homography
19035,28,player,80.04165649414062,16.292552947998047,solved,,,,,court_feet,observed,homography
19040,27,player,-14.510623931884766,22.406797409057617,solved,,,,,court_feet,observed,homography
19040,28,player,80.92893981933594,16.4437313079834,solved,,,,,court_feet,observed,homography
19045,27,player,-12.541460037231445,24.02598762512207,solved,,,,,court_feet,observed,homography
19045,28,player,80.48101043701172,16.538352966308594,solved,,,,,court_feet,observed,homography
19050,27,player,-11.510663032531738,25.61872673034668,solved,,,,,court_feet,observed,homography
19050,28,player,79.7760238647461,16.22214126586914,solved,,,,,court_feet,observed,homography
19055,27,player,-8.978628158569336,26.983694076538086,solved,,,,,court_feet,observed,homography
19055,28,player,79.42183685302734,16.14760398864746,solved,,,,,court_feet,observed,homography
19060,27,player,-6.580426216125488,28.21331787109375,solved,,,,,court_feet,observed,homography
19060,28,player,79.90319061279297,16.1772403717041,solved,,,,,court_feet,observed,homography
19065,27,player,-10.309837341308594,28.833242416381836,camera_lock_drift_checked,,,,,court_feet,observed,homography
19065,28,player,79.22653198242188,16.180225372314453,camera_lock_drift_checked,,,,,court_feet,observed,homography
19070,27,player,-9.623875617980957,29.60763931274414,camera_lock_drift_checked,,,,,court_feet,observed,homography
19070,28,player,78.91865539550781,16.06320571899414,camera_lock_drift_checked,,,,,court_feet,observed,homography
19075,27,player,-8.132627487182617,30.157915115356445,solved,,,,,court_feet,observed,homography
19075,28,player,81.14266967773438,16.10150146484375,solved,,,,,court_feet,observed,homography
19080,27,player,-8.251473426818848,30.721956253051758,solved,,,,,court_feet,observed,homography
19080,28,player,81.04569244384766,15.955938339233398,solved,,,,,court_feet,observed,homography
19090,27,player,-6.078118324279785,31.720651626586914,solved,,,,,court_feet,observed,homography
19090,28,player,80.72423553466797,15.996036529541016,solved,,,,,court_feet,observed,homography
19100,27,player,-4.231610298156738,32.363067626953125,solved,,,,,court_feet,observed,homography
19100,28,player,80.6083984375,15.958056449890137,solved,,,,,court_feet,observed,homography
19105,27,player,-4.110776901245117,32.50358581542969,solved,,,,,court_feet,observed,homography
19105,28,player,79.51412963867188,15.744810104370117,solved,,,,,court_feet,observed,homography
19110,27,player,-3.524160861968994,32.444252014160156,solved,,,,,court_feet,observed,homography
19110,28,player,80.42133331298828,15.873584747314453,solved,,,,,court_feet,observed,homography
19115,27,player,-0.8944249749183655,32.969032287597656,solved,,,,,court_feet,observed,homography
19115,28,player,82.4897232055664,15.796090126037598,solved,,,,,court_feet,observed,homography
19120,27,player,-0.7346339821815491,32.8048095703125,solved,,,,,court_feet,observed,homography
19120,28,player,82.68475341796875,15.732865333557129,solved,,,,,court_feet,observed,homography
19125,27,player,-0.8564738035202026,32.6948356628418,camera_lock_drift_checked,,,,,court_feet,observed,homography
19125,28,player,82.27271270751953,15.483113288879395,camera_lock_drift_checked,,,,,court_feet,observed,homography
19130,27,player,-0.33546704053878784,32.62950134277344,solved,,,,,court_feet,observed,homography
19130,28,player,81.91910552978516,15.324262619018555,solved,,,,,court_feet,observed,homography
19135,27,player,1.5892252922058105,32.706756591796875,solved,,,,,court_feet,observed,homography
19135,28,player,82.86767578125,15.411197662353516,solved,,,,,court_feet,observed,homography
19140,27,player,2.2594988346099854,32.360374450683594,solved,,,,,court_feet,observed,homography
19140,28,player,83.41783142089844,15.038838386535645,solved,,,,,court_feet,observed,homography
19145,27,player,2.231562614440918,31.917682647705078,solved,,,,,court_feet,observed,homography
19145,28,player,83.9332504272461,14.988394737243652,solved,,,,,court_feet,observed,homography
19150,27,player,2.6583175659179688,31.68899917602539,solved,,,,,court_feet,observed,homography
19150,28,player,84.06294250488281,14.712418556213379,solved,,,,,court_feet,observed,homography
19155,27,player,2.271491527557373,31.407649993896484,solved,,,,,court_feet,observed,homography
19155,28,player,84.75022888183594,14.581917762756348,solved,,,,,court_feet,observed,homography
19160,27,player,3.610668659210205,30.996810913085938,camera_lock_drift_checked,,,,,court_feet,observed,homography
19160,28,player,84.05575561523438,14.411450386047363,camera_lock_drift_checked,,,,,court_feet,observed,homography
19165,27,player,4.020779609680176,30.5485782623291,solved,,,,,court_feet,observed,homography
19165,28,player,84.15216827392578,14.28125286102295,solved,,,,,court_feet,observed,homography
19170,27,player,3.961423635482788,30.351360321044922,solved,,,,,court_feet,observed,homography
19170,28,player,84.48252868652344,14.122276306152344,solved,,,,,court_feet,observed,homography
19175,27,player,3.8574304580688477,29.38844871520996,solved,,,,,court_feet,observed,homography
19175,28,player,84.61924743652344,13.926133155822754,solved,,,,,court_feet,observed,homography
19180,27,player,3.8109335899353027,29.233850479125977,solved,,,,,court_feet,observed,homography
19180,28,player,85.91332244873047,13.725756645202637,solved,,,,,court_feet,observed,homography
20250,29,player,-14.69141674041748,4.778327465057373,solved,,,,,court_feet,observed,homography
20250,30,player,70.17631530761719,46.409950256347656,solved,,,,,court_feet,observed,homography
20255,29,player,-14.542603492736816,4.7491774559021,solved,,,,,court_feet,observed,homography
20255,30,player,70.61643981933594,46.58610153198242,solved,,,,,court_feet,observed,homography
20260,29,player,-14.396397590637207,4.700633525848389,solved,,,,,court_feet,observed,homography
20260,30,player,70.8469467163086,46.7316780090332,solved,,,,,court_feet,observed,homography
20265,29,player,-14.688716888427734,4.777779579162598,solved,,,,,court_feet,observed,homography
20265,30,player,70.1075668334961,46.10166549682617,solved,,,,,court_feet,observed,homography
20270,29,player,-14.599184036254883,4.785275936126709,solved,,,,,court_feet,observed,homography
20270,30,player,70.84622955322266,46.47563171386719,solved,,,,,court_feet,observed,homography
20275,29,player,-14.548235893249512,4.749341011047363,solved,,,,,court_feet,observed,homography
20275,30,player,71.10443878173828,46.69849395751953,solved,,,,,court_feet,observed,homography
20280,29,player,-14.683788299560547,4.771818161010742,solved,,,,,court_feet,observed,homography
20280,30,player,71.07447052001953,46.49303436279297,solved,,,,,court_feet,observed,homography
20285,29,player,-14.5780668258667,4.7914910316467285,solved,,,,,court_feet,observed,homography
20285,30,player,71.04120635986328,46.60792541503906,solved,,,,,court_feet,observed,homography
20290,29,player,-14.612739562988281,4.788629531860352,solved,,,,,court_feet,observed,homography
20290,30,player,70.7562484741211,46.69135284423828,solved,,,,,court_feet,observed,homography
20295,29,player,-14.577160835266113,4.771767616271973,solved,,,,,court_feet,observed,homography
20295,30,player,71.38079071044922,46.96763610839844,solved,,,,,court_feet,observed,homography
20300,29,player,-14.628901481628418,4.797325134277344,solved,,,,,court_feet,observed,homography
20300,30,player,127.73490905761719,48.966346740722656,solved,,,,,court_feet,observed,homography
20305,29,player,-14.643712997436523,4.801348686218262,solved,,,,,court_feet,observed,homography
20305,30,player,128.76824951171875,49.28383255004883,solved,,,,,court_feet,observed,homography
20310,29,player,-14.664033889770508,4.8155717849731445,solved,,,,,court_feet,observed,homography
20310,30,player,128.6830291748047,49.24885940551758,solved,,,,,court_feet,observed,homography
20315,29,player,-14.70769214630127,4.825039863586426,solved,,,,,court_feet,observed,homography
20315,30,player,128.2121124267578,48.958290100097656,solved,,,,,court_feet,observed,homography
20320,29,player,-14.891135215759277,4.8518571853637695,solved,,,,,court_feet,observed,homography
20320,30,player,126.51153564453125,48.1671028137207,solved,,,,,court_feet,observed,homography
20325,29,player,-14.773488998413086,4.879980564117432,solved,,,,,court_feet,observed,homography
20325,30,player,127.06009674072266,48.36726379394531,solved,,,,,court_feet,observed,homography
20330,29,player,-14.633633613586426,4.824212074279785,solved,,,,,court_feet,observed,homography
20330,30,player,128.38429260253906,49.00077819824219,solved,,,,,court_feet,observed,homography
20335,29,player,-14.592368125915527,4.806488990783691,solved,,,,,court_feet,observed,homography
20335,30,player,126.8466567993164,48.471927642822266,solved,,,,,court_feet,observed,homography
20340,29,player,-14.82420825958252,4.855332851409912,solved,,,,,court_feet,observed,homography
20340,30,player,125.62838745117188,48.017494201660156,solved,,,,,court_feet,observed,homography
20345,29,player,-14.680885314941406,4.796951770782471,solved,,,,,court_feet,observed,homography
20345,30,player,128.8146209716797,48.95393753051758,solved,,,,,court_feet,observed,homography
20350,29,player,-14.714713096618652,4.815964221954346,solved,,,,,court_feet,observed,homography
20350,30,player,128.45603942871094,48.91162872314453,solved,,,,,court_feet,observed,homography
20355,29,player,-14.686993598937988,4.798523426055908,solved,,,,,court_feet,observed,homography
20355,30,player,128.8517303466797,49.14692306518555,solved,,,,,court_feet,observed,homography
20360,29,player,-14.633410453796387,4.792464256286621,solved,,,,,court_feet,observed,homography
20360,30,player,129.79632568359375,49.48182678222656,solved,,,,,court_feet,observed,homography
20365,29,player,-14.623795509338379,4.8013482093811035,solved,,,,,court_feet,observed,homography
20365,30,player,128.73294067382812,49.116920471191406,solved,,,,,court_feet,observed,homography
20370,29,player,-14.5643892288208,4.807922840118408,solved,,,,,court_feet,observed,homography
20370,30,player,128.61402893066406,49.13496398925781,solved,,,,,court_feet,observed,homography
20375,29,player,-14.545276641845703,4.791798114776611,solved,,,,,court_feet,observed,homography
20375,30,player,129.63365173339844,49.46099090576172,solved,,,,,court_feet,observed,homography
20380,29,player,-14.607917785644531,4.832836627960205,solved,,,,,court_feet,observed,homography
20380,30,player,127.2793960571289,48.66584777832031,solved,,,,,court_feet,observed,homography
20385,29,player,-14.60261344909668,4.8083109855651855,solved,,,,,court_feet,observed,homography
20385,30,player,128.65908813476562,49.10090637207031,solved,,,,,court_feet,observed,homography
20390,29,player,-14.560661315917969,4.837424278259277,solved,,,,,court_feet,observed,homography
20390,30,player,127.51514434814453,48.79946517944336,solved,,,,,court_feet,observed,homography
20395,29,player,-14.58758544921875,4.810183525085449,solved,,,,,court_feet,observed,homography
20395,30,player,128.40037536621094,49.13273239135742,solved,,,,,court_feet,observed,homography
20400,29,player,-14.541855812072754,4.802000999450684,solved,,,,,court_feet,observed,homography
20400,30,player,128.8159637451172,49.28594207763672,solved,,,,,court_feet,observed,homography
20405,29,player,-14.586371421813965,4.786640167236328,solved,,,,,court_feet,observed,homography
20405,30,player,129.5846405029297,49.54112243652344,solved,,,,,court_feet,observed,homography
20410,29,player,-14.506424903869629,4.791049480438232,solved,,,,,court_feet,observed,homography
20410,30,player,129.11831665039062,49.38888168334961,solved,,,,,court_feet,observed,homography
20415,29,player,-14.587993621826172,4.78383731842041,solved,,,,,court_feet,observed,homography
20415,30,player,128.56607055664062,49.12606430053711,solved,,,,,court_feet,observed,homography
20420,29,player,-14.519575119018555,4.774501800537109,solved,,,,,court_feet,observed,homography
20420,30,player,127.58888244628906,48.684913635253906,solved,,,,,court_feet,observed,homography
20425,29,player,-14.51496696472168,4.776125431060791,solved,,,,,court_feet,observed,homography
20425,30,player,127.31517791748047,48.61239242553711,solved,,,,,court_feet,observed,homography
20430,29,player,-14.49388313293457,4.796443462371826,solved,,,,,court_feet,observed,homography
20430,30,player,127.23046112060547,48.62748336791992,solved,,,,,court_feet,observed,homography
20435,29,player,-14.35451889038086,4.764331817626953,solved,,,,,court_feet,observed,homography
20435,30,player,127.47549438476562,48.75303268432617,solved,,,,,court_feet,observed,homography
20440,29,player,-14.282264709472656,4.791733741760254,solved,,,,,court_feet,observed,homography
20440,30,player,126.5644760131836,48.34445571899414,solved,,,,,court_feet,observed,homography
20445,29,player,-13.681321144104004,4.933722496032715,solved,,,,,court_feet,observed,homography
20445,30,player,128.17172241210938,48.99319839477539,solved,,,,,court_feet,observed,homography
20450,29,player,-13.68190860748291,4.956797122955322,solved,,,,,court_feet,observed,homography
20450,30,player,129.68240356445312,49.65498352050781,solved,,,,,court_feet,observed,homography
20455,29,player,-13.185821533203125,4.8594183921813965,solved,,,,,court_feet,observed,homography
20455,30,player,129.3863525390625,49.402565002441406,solved,,,,,court_feet,observed,homography
20460,29,player,-12.286792755126953,4.980345726013184,solved,,,,,court_feet,observed,homography
20460,30,player,130.2789306640625,49.69221115112305,solved,,,,,court_feet,observed,homography
20465,29,player,-11.831663131713867,5.454103946685791,solved,,,,,court_feet,observed,homography
20465,30,player,126.93793487548828,48.45673751831055,solved,,,,,court_feet,observed,homography
20470,29,player,-12.289931297302246,5.603353500366211,solved,,,,,court_feet,observed,homography
20470,30,player,126.43143463134766,48.323238372802734,solved,,,,,court_feet,observed,homography
20475,29,player,-11.91662883758545,5.5974931716918945,solved,,,,,court_feet,observed,homography
20475,30,player,125.99092864990234,48.275516510009766,solved,,,,,court_feet,observed,homography
20480,29,player,-11.390108108520508,5.854586601257324,solved,,,,,court_feet,observed,homography
20480,30,player,126.67498779296875,48.68144226074219,solved,,,,,court_feet,observed,homography
20485,29,player,-11.568612098693848,6.697689056396484,solved,,,,,court_feet,observed,homography
20485,30,player,127.11611938476562,48.71504592895508,solved,,,,,court_feet,observed,homography
20490,29,player,-11.621219635009766,7.961388111114502,solved,,,,,court_feet,observed,homography
20490,30,player,128.318359375,49.0842399597168,solved,,,,,court_feet,observed,homography
20495,29,player,-10.759268760681152,8.35555648803711,solved,,,,,court_feet,observed,homography
20495,30,player,129.71290588378906,49.45024871826172,solved,,,,,court_feet,observed,homography
20500,29,player,-10.330031394958496,8.652363777160645,solved,,,,,court_feet,observed,homography
20500,30,player,128.9874725341797,49.280906677246094,solved,,,,,court_feet,observed,homography
20505,29,player,-9.738364219665527,8.918885231018066,solved,,,,,court_feet,observed,homography
20505,30,player,128.1912841796875,49.11198425292969,solved,,,,,court_feet,observed,homography
20510,29,player,-9.549260139465332,9.216293334960938,solved,,,,,court_feet,observed,homography
20510,30,player,128.35092163085938,49.120845794677734,solved,,,,,court_feet,observed,homography
20515,29,player,-9.268800735473633,9.504106521606445,solved,,,,,court_feet,observed,homography
20515,30,player,127.67378234863281,49.111228942871094,solved,,,,,court_feet,observed,homography
20520,29,player,-9.254547119140625,9.688092231750488,camera_lock_drift_checked,,,,,court_feet,observed,homography
20520,30,player,126.824951171875,48.49752426147461,camera_lock_drift_checked,,,,,court_feet,observed,homography
20525,29,player,-8.998973846435547,9.729079246520996,solved,,,,,court_feet,observed,homography
20525,30,player,129.75779724121094,49.79216766357422,solved,,,,,court_feet,observed,homography
20530,29,player,-8.941099166870117,9.819965362548828,solved,,,,,court_feet,observed,homography
20530,30,player,129.83058166503906,49.70951843261719,solved,,,,,court_feet,observed,homography
20535,29,player,-9.284989356994629,10.11148738861084,solved,,,,,court_feet,observed,homography
20535,30,player,124.87738037109375,47.58826446533203,solved,,,,,court_feet,observed,homography
20540,29,player,-9.379786491394043,10.22354793548584,solved,,,,,court_feet,observed,homography
20540,30,player,123.21288299560547,46.91506576538086,solved,,,,,court_feet,observed,homography
20545,29,player,-9.358220100402832,10.257495880126953,solved,,,,,court_feet,observed,homography
20545,30,player,122.07907104492188,46.468135833740234,solved,,,,,court_feet,observed,homography
20550,29,player,-9.393413543701172,10.11393928527832,solved,,,,,court_feet,observed,homography
20550,30,player,122.2657470703125,46.57854080200195,solved,,,,,court_feet,observed,homography
20555,29,player,-9.115684509277344,9.787531852722168,solved,,,,,court_feet,observed,homography
20555,30,player,125.1839599609375,48.00761032104492,solved,,,,,court_feet,observed,homography
20560,29,player,-9.038204193115234,9.658060073852539,solved,,,,,court_feet,observed,homography
20560,30,player,128.31661987304688,49.367618560791016,solved,,,,,court_feet,observed,homography
20565,29,player,-9.165432929992676,9.549206733703613,solved,,,,,court_feet,observed,homography
20565,30,player,127.92424774169922,48.89558029174805,solved,,,,,court_feet,observed,homography
20570,29,player,-8.941469192504883,9.417491912841797,solved,,,,,court_feet,observed,homography
20570,30,player,129.63204956054688,49.722652435302734,solved,,,,,court_feet,observed,homography
20575,29,player,-8.953032493591309,9.21761703491211,solved,,,,,court_feet,observed,homography
20575,30,player,127.9898452758789,49.200984954833984,solved,,,,,court_feet,observed,homography
20580,29,player,-9.12175178527832,8.977919578552246,solved,,,,,court_feet,observed,homography
20580,30,player,126.64522552490234,48.53364181518555,solved,,,,,court_feet,observed,homography
20585,29,player,-9.349676132202148,8.845537185668945,solved,,,,,court_feet,observed,homography
20585,30,player,123.95655822753906,47.05350112915039,solved,,,,,court_feet,observed,homography
20590,29,player,-8.930914878845215,8.5336275100708,camera_lock_drift_checked,,,,,court_feet,observed,homography
20590,30,player,126.45355224609375,48.45713424682617,camera_lock_drift_checked,,,,,court_feet,observed,homography
20595,29,player,-9.316275596618652,8.24698543548584,solved,,,,,court_feet,observed,homography
20595,30,player,125.6402816772461,47.96820068359375,solved,,,,,court_feet,observed,homography
20600,29,player,-9.115554809570312,8.160037994384766,solved,,,,,court_feet,observed,homography
20600,30,player,125.1610107421875,47.84816360473633,solved,,,,,court_feet,observed,homography
20605,29,player,-8.924936294555664,7.895266532897949,solved,,,,,court_feet,observed,homography
20605,30,player,126.87002563476562,48.55072784423828,solved,,,,,court_feet,observed,homography
20610,29,player,-8.65756607055664,7.478224277496338,solved,,,,,court_feet,observed,homography
20610,30,player,127.75450134277344,48.81869888305664,solved,,,,,court_feet,observed,homography
20615,29,player,-9.032183647155762,7.21306848526001,solved,,,,,court_feet,observed,homography
20615,30,player,129.32098388671875,49.696895599365234,solved,,,,,court_feet,observed,homography
20620,29,player,-8.922304153442383,6.993489742279053,camera_lock_drift_checked,,,,,court_feet,observed,homography
20620,30,player,126.16146087646484,48.44303894042969,camera_lock_drift_checked,,,,,court_feet,observed,homography
20625,29,player,-9.111688613891602,6.623415470123291,solved,,,,,court_feet,observed,homography
20625,30,player,124.8857650756836,47.82731246948242,solved,,,,,court_feet,observed,homography
20630,29,player,-9.16451358795166,6.585546016693115,solved,,,,,court_feet,observed,homography
20630,30,player,125.0946273803711,47.96377944946289,solved,,,,,court_feet,observed,homography
20635,29,player,-9.314413070678711,6.509952545166016,solved,,,,,court_feet,observed,homography
20635,30,player,124.08181762695312,47.58401870727539,solved,,,,,court_feet,observed,homography
20640,29,player,-9.250592231750488,6.26296329498291,solved,,,,,court_feet,observed,homography
20640,30,player,126.17948913574219,48.475791931152344,solved,,,,,court_feet,observed,homography
20645,29,player,-9.317896842956543,6.051469326019287,solved,,,,,court_feet,observed,homography
20645,30,player,129.3925018310547,49.780426025390625,solved,,,,,court_feet,observed,homography
20650,29,player,-9.32241153717041,5.838864803314209,solved,,,,,court_feet,observed,homography
20650,30,player,129.51177978515625,50.15857696533203,solved,,,,,court_feet,observed,homography
20655,29,player,-9.269906997680664,5.811132907867432,solved,,,,,court_feet,observed,homography
20655,30,player,128.61769104003906,49.81633758544922,solved,,,,,court_feet,observed,homography
20660,29,player,-8.91749382019043,5.81426477432251,solved,,,,,court_feet,observed,homography
20660,30,player,127.1642074584961,48.950157165527344,solved,,,,,court_feet,observed,homography
20665,29,player,-8.778541564941406,5.746895790100098,solved,,,,,court_feet,observed,homography
20665,30,player,129.25009155273438,49.51081466674805,solved,,,,,court_feet,observed,homography
20670,29,player,-8.820171356201172,5.755259037017822,solved,,,,,court_feet,observed,homography
20670,30,player,126.92932891845703,48.54254150390625,solved,,,,,court_feet,observed,homography
20675,29,player,-8.782368659973145,5.665228843688965,solved,,,,,court_feet,observed,homography
20675,30,player,127.1911392211914,48.65932846069336,solved,,,,,court_feet,observed,homography
20680,29,player,-8.657170295715332,5.567906379699707,solved,,,,,court_feet,observed,homography
20680,30,player,128.56210327148438,49.37345504760742,solved,,,,,court_feet,observed,homography
20685,29,player,-8.71120834350586,5.4279985427856445,solved,,,,,court_feet,observed,homography
20685,30,player,128.07359313964844,49.33184814453125,solved,,,,,court_feet,observed,homography
20690,29,player,-8.825666427612305,5.303770065307617,solved,,,,,court_feet,observed,homography
20690,30,player,129.13754272460938,49.772159576416016,solved,,,,,court_feet,observed,homography
20695,29,player,-8.812533378601074,5.224493026733398,solved,,,,,court_feet,observed,homography
20695,30,player,128.99807739257812,49.576107025146484,solved,,,,,court_feet,observed,homography
20700,29,player,-8.853053092956543,5.213807106018066,solved,,,,,court_feet,observed,homography
20700,30,player,129.22784423828125,49.426536560058594,solved,,,,,court_feet,observed,homography
20705,29,player,-8.996731758117676,5.379563331604004,solved,,,,,court_feet,observed,homography
20705,30,player,126.31941986083984,48.176204681396484,solved,,,,,court_feet,observed,homography
20710,29,player,-9.14657211303711,5.4259161949157715,solved,,,,,court_feet,observed,homography
20710,30,player,125.78036499023438,47.70027160644531,solved,,,,,court_feet,observed,homography
20715,29,player,-9.20386791229248,5.354308128356934,solved,,,,,court_feet,observed,homography
20715,30,player,128.50006103515625,48.876827239990234,solved,,,,,court_feet,observed,homography
20720,29,player,-9.137778282165527,5.493402004241943,solved,,,,,court_feet,observed,homography
20720,30,player,128.22845458984375,49.07075500488281,solved,,,,,court_feet,observed,homography
20725,29,player,-8.920241355895996,5.551987648010254,solved,,,,,court_feet,observed,homography
20725,30,player,128.9380340576172,49.467620849609375,solved,,,,,court_feet,observed,homography
20730,29,player,-9.042997360229492,5.695837020874023,solved,,,,,court_feet,observed,homography
20730,30,player,124.53302764892578,47.515785217285156,solved,,,,,court_feet,observed,homography
20735,29,player,-8.983818054199219,5.716452598571777,solved,,,,,court_feet,observed,homography
20735,30,player,125.89046478271484,48.18318176269531,solved,,,,,court_feet,observed,homography
20740,29,player,-8.980937004089355,5.729207515716553,solved,,,,,court_feet,observed,homography
20740,30,player,125.92064666748047,48.31964874267578,solved,,,,,court_feet,observed,homography
20745,29,player,-9.027016639709473,5.647862911224365,solved,,,,,court_feet,observed,homography
20745,30,player,129.10008239746094,49.29191589355469,solved,,,,,court_feet,observed,homography
20750,29,player,-9.060221672058105,5.568389415740967,solved,,,,,court_feet,observed,homography
20750,30,player,130.50515747070312,49.697471618652344,solved,,,,,court_feet,observed,homography
20755,29,player,-9.014225006103516,5.59780740737915,camera_lock_drift_checked,,,,,court_feet,observed,homography
20755,30,player,127.36042785644531,48.79978561401367,camera_lock_drift_checked,,,,,court_feet,observed,homography
20760,29,player,-9.067231178283691,5.512760639190674,solved,,,,,court_feet,observed,homography
20760,30,player,130.11688232421875,49.756126403808594,solved,,,,,court_feet,observed,homography
20765,29,player,-8.974651336669922,5.461845874786377,solved,,,,,court_feet,observed,homography
20765,30,player,129.83152770996094,49.63777542114258,solved,,,,,court_feet,observed,homography
20770,29,player,-8.860332489013672,5.413252830505371,solved,,,,,court_feet,observed,homography
20770,30,player,128.12705993652344,49.10152816772461,solved,,,,,court_feet,observed,homography
20775,29,player,-8.94874095916748,5.41737699508667,solved,,,,,court_feet,observed,homography
20775,30,player,126.86958312988281,48.5217399597168,solved,,,,,court_feet,observed,homography
20780,29,player,-9.031875610351562,5.426891803741455,solved,,,,,court_feet,observed,homography
20780,30,player,128.98123168945312,49.35750198364258,solved,,,,,court_feet,observed,homography
20785,29,player,-9.179001808166504,5.476169586181641,solved,,,,,court_feet,observed,homography
20785,30,player,124.93110656738281,47.568702697753906,solved,,,,,court_feet,observed,homography
20790,29,player,-9.015380859375,5.481605052947998,solved,,,,,court_feet,observed,homography
20790,30,player,129.28558349609375,49.2507209777832,solved,,,,,court_feet,observed,homography
20795,29,player,-8.937689781188965,5.50330924987793,solved,,,,,court_feet,observed,homography
20795,30,player,131.79367065429688,50.28302764892578,solved,,,,,court_feet,observed,homography
20800,29,player,-8.749916076660156,5.559345245361328,solved,,,,,court_feet,observed,homography
20800,30,player,131.4422607421875,50.459144592285156,solved,,,,,court_feet,observed,homography
20805,29,player,-8.694075584411621,5.598813056945801,solved,,,,,court_feet,observed,homography
20805,30,player,131.60952758789062,50.50061798095703,solved,,,,,court_feet,observed,homography
20810,29,player,-8.674853324890137,5.568024158477783,solved,,,,,court_feet,observed,homography
20810,30,player,131.87779235839844,50.517120361328125,solved,,,,,court_feet,observed,homography
20815,29,player,-8.815569877624512,5.579600811004639,solved,,,,,court_feet,observed,homography
20815,30,player,130.49591064453125,49.89345169067383,solved,,,,,court_feet,observed,homography
20820,29,player,-8.870781898498535,5.536800384521484,solved,,,,,court_feet,observed,homography
20820,30,player,128.43115234375,49.09065246582031,solved,,,,,court_feet,observed,homography
20825,29,player,-8.966353416442871,5.491621017456055,solved,,,,,court_feet,observed,homography
20825,30,player,125.25970458984375,47.745304107666016,solved,,,,,court_feet,observed,homography
20830,29,player,-8.896719932556152,5.468279838562012,solved,,,,,court_feet,observed,homography
20830,30,player,127.28450012207031,48.54277420043945,solved,,,,,court_feet,observed,homography
20835,29,player,-8.822745323181152,5.446306228637695,solved,,,,,court_feet,observed,homography
20835,30,player,127.17953491210938,48.577911376953125,solved,,,,,court_feet,observed,homography
20840,29,player,-8.870450019836426,5.424485683441162,solved,,,,,court_feet,observed,homography
20840,30,player,128.21173095703125,49.101993560791016,solved,,,,,court_feet,observed,homography
20845,29,player,-8.845320701599121,5.466581344604492,solved,,,,,court_feet,observed,homography
20845,30,player,129.30039978027344,49.537532806396484,solved,,,,,court_feet,observed,homography
20850,29,player,-8.771381378173828,5.4945597648620605,solved,,,,,court_feet,observed,homography
20850,30,player,129.7746124267578,49.57834243774414,solved,,,,,court_feet,observed,homography
20855,29,player,-8.669169425964355,5.4454755783081055,solved,,,,,court_feet,observed,homography
20855,30,player,129.67271423339844,49.61032485961914,solved,,,,,court_feet,observed,homography
20860,29,player,-8.703476905822754,5.417275428771973,solved,,,,,court_feet,observed,homography
20860,30,player,128.70648193359375,49.32029724121094,solved,,,,,court_feet,observed,homography
20865,29,player,-8.512612342834473,5.348738670349121,solved,,,,,court_feet,observed,homography
20865,30,player,128.22201538085938,49.09459686279297,solved,,,,,court_feet,observed,homography
20870,29,player,-8.59731674194336,5.351343154907227,solved,,,,,court_feet,observed,homography
20870,30,player,130.5077362060547,50.10403060913086,solved,,,,,court_feet,observed,homography
20875,29,player,-7.965897083282471,5.279572010040283,solved,,,,,court_feet,observed,homography
20875,30,player,132.26219177246094,50.807350158691406,solved,,,,,court_feet,observed,homography
20880,29,player,-7.558717250823975,5.292602062225342,solved,,,,,court_feet,observed,homography
20880,30,player,133.25852966308594,51.25760269165039,solved,,,,,court_feet,observed,homography
20885,29,player,-7.4222917556762695,5.584850788116455,solved,,,,,court_feet,observed,homography
20885,30,player,130.23007202148438,49.99851989746094,solved,,,,,court_feet,observed,homography
20890,29,player,-7.616139888763428,5.668386936187744,solved,,,,,court_feet,observed,homography
20890,30,player,128.49195861816406,49.20779037475586,solved,,,,,court_feet,observed,homography
20895,29,player,-7.708519458770752,5.728346824645996,solved,,,,,court_feet,observed,homography
20895,30,player,126.32846069335938,48.269317626953125,solved,,,,,court_feet,observed,homography
20900,29,player,-7.757565498352051,5.68480920791626,solved,,,,,court_feet,observed,homography
20900,30,player,123.34661865234375,47.13043212890625,solved,,,,,court_feet,observed,homography
20905,29,player,-7.7941575050354,5.5361456871032715,solved,,,,,court_feet,observed,homography
20905,30,player,125.15550231933594,47.849273681640625,solved,,,,,court_feet,observed,homography
20910,29,player,-7.7354865074157715,5.477035999298096,solved,,,,,court_feet,observed,homography
20910,30,player,127.1899185180664,48.59903335571289,solved,,,,,court_feet,observed,homography
20915,29,player,-7.821569919586182,5.468947410583496,solved,,,,,court_feet,observed,homography
20915,30,player,127.96004486083984,48.946163177490234,solved,,,,,court_feet,observed,homography
20920,29,player,-7.676595211029053,5.415739059448242,solved,,,,,court_feet,observed,homography
20920,30,player,130.47879028320312,49.97874450683594,solved,,,,,court_feet,observed,homography
20925,29,player,-7.7798285484313965,5.393229007720947,solved,,,,,court_feet,observed,homography
20925,30,player,131.2018280029297,50.20301818847656,solved,,,,,court_feet,observed,homography
20930,29,player,-7.798277378082275,5.367558479309082,solved,,,,,court_feet,observed,homography
20930,30,player,133.29489135742188,50.99221420288086,solved,,,,,court_feet,observed,homography
20935,29,player,-7.839576721191406,5.345663547515869,solved,,,,,court_feet,observed,homography
20935,30,player,133.68173217773438,51.083187103271484,solved,,,,,court_feet,observed,homography
21175,31,player,-7.721353054046631,5.372955799102783,solved,,,,,court_feet,observed,homography
21175,32,player,77.39006042480469,21.714717864990234,solved,,,,,court_feet,observed,homography
21185,31,player,-7.748865604400635,5.466846466064453,solved,,,,,court_feet,observed,homography
21185,32,player,77.11243438720703,21.3151798248291,solved,,,,,court_feet,observed,homography
21190,31,player,-7.697991371154785,5.453727722167969,solved,,,,,court_feet,observed,homography
21190,32,player,76.89122009277344,21.11626434326172,solved,,,,,court_feet,observed,homography
21195,31,player,-7.363114356994629,5.420180797576904,solved,,,,,court_feet,observed,homography
21195,32,player,77.392578125,21.09804916381836,solved,,,,,court_feet,observed,homography
21200,31,player,-7.015125751495361,5.582466125488281,solved,,,,,court_feet,observed,homography
21200,32,player,77.86143493652344,21.12093734741211,solved,,,,,court_feet,observed,homography
21205,31,player,-7.118878364562988,5.692224979400635,solved,,,,,court_feet,observed,homography
21205,32,player,77.9510498046875,20.76863670349121,solved,,,,,court_feet,observed,homography
21210,31,player,-6.6117777824401855,5.671182632446289,solved,,,,,court_feet,observed,homography
21210,32,player,79.23455047607422,20.855167388916016,solved,,,,,court_feet,observed,homography
21215,31,player,-5.73881721496582,5.248505592346191,solved,,,,,court_feet,observed,homography
21215,32,player,78.68647766113281,20.159791946411133,solved,,,,,court_feet,observed,homography
21220,31,player,-4.6349968910217285,4.862369060516357,solved,,,,,court_feet,observed,homography
21220,32,player,78.39788818359375,20.209793090820312,solved,,,,,court_feet,observed,homography
21225,31,player,-4.879319190979004,4.630031585693359,solved,,,,,court_feet,observed,homography
21225,32,player,75.9485092163086,20.28987693786621,solved,,,,,court_feet,observed,homography
21230,31,player,-4.244612693786621,4.533598899841309,solved,,,,,court_feet,observed,homography
21230,32,player,75.6846923828125,20.097639083862305,solved,,,,,court_feet,observed,homography
21235,31,player,-3.7099156379699707,4.3218817710876465,solved,,,,,court_feet,observed,homography
21235,32,player,74.88461303710938,19.88235855102539,solved,,,,,court_feet,observed,homography
21240,31,player,-3.7174484729766846,4.360172748565674,solved,,,,,court_feet,observed,homography
21240,32,player,74.93620300292969,20.044132232666016,solved,,,,,court_feet,observed,homography
21245,31,player,-3.6560943126678467,4.157859802246094,solved,,,,,court_feet,observed,homography
21245,32,player,75.07941436767578,20.075225830078125,solved,,,,,court_feet,observed,homography
21250,31,player,-3.5043938159942627,3.8342363834381104,solved,,,,,court_feet,observed,homography
21250,32,player,76.04498291015625,20.316940307617188,solved,,,,,court_feet,observed,homography
21255,31,player,-3.471630096435547,3.7287304401397705,solved,,,,,court_feet,observed,homography
21255,32,player,75.8536376953125,20.320392608642578,solved,,,,,court_feet,observed,homography
21260,31,player,-1.2868552207946777,3.580252170562744,solved,,,,,court_feet,observed,homography
21260,32,player,76.37278747558594,20.44951629638672,solved,,,,,court_feet,observed,homography
21265,31,player,1.3725258111953735,3.067085027694702,solved,,,,,court_feet,observed,homography
21265,32,player,77.5422592163086,21.105037689208984,solved,,,,,court_feet,observed,homography
21270,31,player,0.16195353865623474,3.357539653778076,solved,,,,,court_feet,observed,homography
21270,32,player,77.97637176513672,21.651037216186523,solved,,,,,court_feet,observed,homography
21275,31,player,-0.0649455264210701,3.350498914718628,solved,,,,,court_feet,observed,homography
21275,32,player,78.87120819091797,21.73663902282715,solved,,,,,court_feet,observed,homography
21280,31,player,-0.19412556290626526,3.234726667404175,solved,,,,,court_feet,observed,homography
21280,32,player,78.68406677246094,22.058780670166016,solved,,,,,court_feet,observed,homography
21285,31,player,-0.5911836624145508,3.3914988040924072,camera_lock_drift_checked,,,,,court_feet,observed,homography
21285,32,player,78.62020111083984,21.897199630737305,camera_lock_drift_checked,,,,,court_feet,observed,homography
21290,31,player,0.20644651353359222,3.368803024291992,camera_lock_drift_checked,,,,,court_feet,observed,homography
21290,32,player,78.51641845703125,21.387025833129883,camera_lock_drift_checked,,,,,court_feet,observed,homography
21295,31,player,0.6973176002502441,3.459308385848999,camera_lock_drift_checked,,,,,court_feet,observed,homography
21295,32,player,78.84819793701172,20.708547592163086,camera_lock_drift_checked,,,,,court_feet,observed,homography
21300,31,player,0.608244001865387,3.511864423751831,solved,,,,,court_feet,observed,homography
21300,32,player,79.66323852539062,20.137948989868164,solved,,,,,court_feet,observed,homography
21305,31,player,1.1328526735305786,3.7792398929595947,camera_lock_drift_checked,,,,,court_feet,observed,homography
21305,32,player,78.60289001464844,20.108781814575195,camera_lock_drift_checked,,,,,court_feet,observed,homography
21310,31,player,1.8650771379470825,3.8996620178222656,solved,,,,,court_feet,observed,homography
21310,32,player,80.01876831054688,19.73438262939453,solved,,,,,court_feet,observed,homography
21315,31,player,2.4445886611938477,4.083597660064697,solved,,,,,court_feet,observed,homography
21315,32,player,79.75569915771484,19.512683868408203,solved,,,,,court_feet,observed,homography
21320,31,player,2.3215301036834717,4.348844528198242,solved,,,,,court_feet,observed,homography
21320,32,player,79.58180236816406,19.33007049560547,solved,,,,,court_feet,observed,homography
21325,31,player,2.994889736175537,4.505748271942139,solved,,,,,court_feet,observed,homography
21325,32,player,79.9289779663086,19.14505958557129,solved,,,,,court_feet,observed,homography
21330,31,player,2.989560842514038,4.677234649658203,solved,,,,,court_feet,observed,homography
21330,32,player,80.07266998291016,18.70118522644043,solved,,,,,court_feet,observed,homography
21335,31,player,3.1533734798431396,4.848340034484863,solved,,,,,court_feet,observed,homography
21335,32,player,80.65435028076172,18.350223541259766,solved,,,,,court_feet,observed,homography
21340,31,player,3.0009658336639404,5.366681098937988,solved,,,,,court_feet,observed,homography
21340,32,player,80.54995727539062,18.073566436767578,solved,,,,,court_feet,observed,homography
21345,31,player,3.203125238418579,5.582425594329834,solved,,,,,court_feet,observed,homography
21345,32,player,81.03987121582031,17.78767967224121,solved,,,,,court_feet,observed,homography
21350,31,player,3.467972755432129,5.6564249992370605,camera_lock_drift_checked,,,,,court_feet,observed,homography
21350,32,player,81.12660217285156,17.645986557006836,camera_lock_drift_checked,,,,,court_feet,observed,homography
21355,31,player,3.3841400146484375,5.910481929779053,solved,,,,,court_feet,observed,homography
21355,32,player,82.23995208740234,17.583641052246094,solved,,,,,court_feet,observed,homography
21360,31,player,3.4669382572174072,6.247515678405762,solved,,,,,court_feet,observed,homography
21360,32,player,82.41898345947266,17.4125919342041,solved,,,,,court_feet,observed,homography
21365,31,player,3.3334262371063232,6.960105895996094,solved,,,,,court_feet,observed,homography
21365,32,player,82.36564636230469,17.434228897094727,solved,,,,,court_feet,observed,homography
21370,31,player,3.4753191471099854,7.285793304443359,camera_lock_drift_checked,,,,,court_feet,observed,homography
21370,32,player,82.244384765625,17.085121154785156,camera_lock_drift_checked,,,,,court_feet,observed,homography
21375,31,player,3.4853479862213135,7.783102035522461,solved,,,,,court_feet,observed,homography
21375,32,player,82.15562438964844,16.94987678527832,solved,,,,,court_feet,observed,homography
21380,31,player,3.22869873046875,7.970110893249512,solved,,,,,court_feet,observed,homography
21380,32,player,82.08453369140625,16.79485321044922,solved,,,,,court_feet,observed,homography
21385,31,player,3.131831169128418,8.170342445373535,solved,,,,,court_feet,observed,homography
21385,32,player,83.33596801757812,16.604381561279297,solved,,,,,court_feet,observed,homography
21390,31,player,3.178565740585327,8.446837425231934,solved,,,,,court_feet,observed,homography
21390,32,player,85.6745376586914,16.507740020751953,solved,,,,,court_feet,observed,homography
21395,31,player,2.92435622215271,9.054871559143066,solved,,,,,court_feet,observed,homography
21395,32,player,84.93619537353516,16.364337921142578,solved,,,,,court_feet,observed,homography
21400,31,player,2.6525678634643555,9.691542625427246,solved,,,,,court_feet,observed,homography
21400,32,player,84.16291809082031,16.086200714111328,solved,,,,,court_feet,observed,homography
21405,31,player,2.3860702514648438,10.107855796813965,solved,,,,,court_feet,observed,homography
21405,32,player,84.31549072265625,15.984405517578125,solved,,,,,court_feet,observed,homography
21410,31,player,2.4568850994110107,10.347391128540039,solved,,,,,court_feet,observed,homography
21410,32,player,85.16738891601562,16.127460479736328,solved,,,,,court_feet,observed,homography
23965,33,player,-15.012594223022461,4.972148895263672,solved,,,,,court_feet,observed,homography
23965,34,player,77.98780059814453,21.288387298583984,solved,,,,,court_feet,observed,homography
23970,33,player,-14.911911010742188,4.9526143074035645,solved,,,,,court_feet,observed,homography
23970,34,player,77.67327117919922,21.18805694580078,solved,,,,,court_feet,observed,homography
23975,33,player,-14.751941680908203,4.941031455993652,solved,,,,,court_feet,observed,homography
23975,34,player,77.83154296875,21.26316261291504,solved,,,,,court_feet,observed,homography
23980,33,player,-14.708856582641602,4.943243980407715,solved,,,,,court_feet,observed,homography
23980,34,player,77.90907287597656,21.397872924804688,solved,,,,,court_feet,observed,homography
23985,33,player,-14.879524230957031,4.942061901092529,solved,,,,,court_feet,observed,homography
23985,34,player,77.93511962890625,21.403223037719727,solved,,,,,court_feet,observed,homography
23990,33,player,-14.664283752441406,4.869575023651123,solved,,,,,court_feet,observed,homography
23990,34,player,77.87033081054688,21.439311981201172,solved,,,,,court_feet,observed,homography
23995,33,player,-15.094902038574219,4.905830383300781,solved,,,,,court_feet,observed,homography
23995,34,player,77.76510620117188,21.30330467224121,solved,,,,,court_feet,observed,homography
24000,33,player,-14.594388961791992,4.765052795410156,solved,,,,,court_feet,observed,homography
24000,34,player,78.51114654541016,21.451993942260742,solved,,,,,court_feet,observed,homography
24005,33,player,-14.694994926452637,4.821077346801758,solved,,,,,court_feet,observed,homography
24005,34,player,77.90747833251953,21.420059204101562,solved,,,,,court_feet,observed,homography
24010,33,player,-14.890103340148926,4.8656439781188965,solved,,,,,court_feet,observed,homography
24010,34,player,77.64026641845703,21.341699600219727,solved,,,,,court_feet,observed,homography
24015,33,player,-14.708945274353027,4.8613104820251465,solved,,,,,court_feet,observed,homography
24015,34,player,77.77165985107422,21.350366592407227,solved,,,,,court_feet,observed,homography
24020,33,player,-14.107773780822754,4.744972229003906,solved,,,,,court_feet,observed,homography
24020,34,player,78.20369720458984,21.537702560424805,solved,,,,,court_feet,observed,homography
24025,33,player,-14.333709716796875,4.755150318145752,solved,,,,,court_feet,observed,homography
24025,34,player,78.17649841308594,21.47579574584961,solved,,,,,court_feet,observed,homography
24030,33,player,-14.366397857666016,4.745657444000244,solved,,,,,court_feet,observed,homography
24030,34,player,77.80601501464844,21.3804931640625,solved,,,,,court_feet,observed,homography
24035,33,player,-14.361730575561523,4.743632793426514,solved,,,,,court_feet,observed,homography
24035,34,player,78.34923553466797,21.538921356201172,solved,,,,,court_feet,observed,homography
24040,33,player,-14.311178207397461,4.731645584106445,solved,,,,,court_feet,observed,homography
24040,34,player,79.57427978515625,21.8717041015625,solved,,,,,court_feet,observed,homography
24045,33,player,-14.740629196166992,4.791593074798584,solved,,,,,court_feet,observed,homography
24045,34,player,78.67127990722656,21.615720748901367,solved,,,,,court_feet,observed,homography
24050,33,player,-14.753195762634277,4.819767951965332,solved,,,,,court_feet,observed,homography
24050,34,player,77.94153594970703,21.44915008544922,solved,,,,,court_feet,observed,homography
24055,33,player,-14.90504264831543,4.899556636810303,solved,,,,,court_feet,observed,homography
24055,34,player,77.78666687011719,21.34616470336914,solved,,,,,court_feet,observed,homography
24060,33,player,-14.929191589355469,4.912234306335449,solved,,,,,court_feet,observed,homography
24060,34,player,77.80711364746094,21.326772689819336,solved,,,,,court_feet,observed,homography
24065,33,player,-14.90895938873291,4.916605472564697,solved,,,,,court_feet,observed,homography
24065,34,player,77.41255187988281,21.25571632385254,solved,,,,,court_feet,observed,homography
24070,33,player,-14.986103057861328,4.933366775512695,solved,,,,,court_feet,observed,homography
24070,34,player,77.04780578613281,21.20917320251465,solved,,,,,court_feet,observed,homography
24075,33,player,-14.950166702270508,4.924857139587402,solved,,,,,court_feet,observed,homography
24075,34,player,77.26011657714844,21.276700973510742,solved,,,,,court_feet,observed,homography
24080,33,player,-14.841785430908203,4.917720794677734,solved,,,,,court_feet,observed,homography
24080,34,player,77.38270568847656,21.470335006713867,solved,,,,,court_feet,observed,homography
24085,33,player,-14.825179100036621,4.926623344421387,solved,,,,,court_feet,observed,homography
24085,34,player,77.69788360595703,21.347551345825195,solved,,,,,court_feet,observed,homography
24090,33,player,-14.534527778625488,4.896973609924316,solved,,,,,court_feet,observed,homography
24090,34,player,77.50260925292969,21.269773483276367,solved,,,,,court_feet,observed,homography
24095,33,player,-14.369966506958008,4.87258768081665,solved,,,,,court_feet,observed,homography
24095,34,player,77.5662612915039,21.284645080566406,solved,,,,,court_feet,observed,homography
24100,33,player,-14.337646484375,4.859676837921143,solved,,,,,court_feet,observed,homography
24100,34,player,77.80809783935547,21.40590476989746,solved,,,,,court_feet,observed,homography
24105,33,player,-14.522202491760254,4.803075313568115,solved,,,,,court_feet,observed,homography
24105,34,player,78.26130676269531,21.470130920410156,solved,,,,,court_feet,observed,homography
24110,33,player,-14.839788436889648,4.851747989654541,solved,,,,,court_feet,observed,homography
24110,34,player,77.87175750732422,21.398588180541992,solved,,,,,court_feet,observed,homography
24115,33,player,-14.975369453430176,4.8672590255737305,solved,,,,,court_feet,observed,homography
24115,34,player,78.02923583984375,21.352598190307617,solved,,,,,court_feet,observed,homography
24120,33,player,-14.98392105102539,4.889948844909668,solved,,,,,court_feet,observed,homography
24120,34,player,77.8931884765625,21.17045021057129,solved,,,,,court_feet,observed,homography
24125,33,player,-14.934158325195312,4.911166667938232,solved,,,,,court_feet,observed,homography
24125,34,player,77.65325927734375,21.0473575592041,solved,,,,,court_feet,observed,homography
24130,33,player,-14.916866302490234,4.942815780639648,solved,,,,,court_feet,observed,homography
24130,34,player,77.18687438964844,21.026453018188477,solved,,,,,court_feet,observed,homography
24135,33,player,-14.885262489318848,4.934861660003662,solved,,,,,court_feet,observed,homography
24135,34,player,76.98055267333984,20.969711303710938,solved,,,,,court_feet,observed,homography
24140,33,player,-14.874138832092285,4.887823581695557,solved,,,,,court_feet,observed,homography
24140,34,player,77.00152587890625,20.92702293395996,solved,,,,,court_feet,observed,homography
24145,33,player,-14.990744590759277,4.871097087860107,solved,,,,,court_feet,observed,homography
24145,34,player,77.25700378417969,21.04412269592285,solved,,,,,court_feet,observed,homography
24150,33,player,-14.97244644165039,4.8596673011779785,solved,,,,,court_feet,observed,homography
24150,34,player,77.41860961914062,21.070371627807617,solved,,,,,court_feet,observed,homography
24155,33,player,-14.980416297912598,4.8754048347473145,solved,,,,,court_feet,observed,homography
24155,34,player,77.32317352294922,21.027732849121094,solved,,,,,court_feet,observed,homography
24160,33,player,-14.710418701171875,4.797504425048828,solved,,,,,court_feet,observed,homography
24160,34,player,78.13086700439453,21.331228256225586,solved,,,,,court_feet,observed,homography
24165,33,player,-14.718204498291016,4.810621738433838,solved,,,,,court_feet,observed,homography
24165,34,player,77.77059936523438,21.37496566772461,solved,,,,,court_feet,observed,homography
24170,33,player,-14.88264274597168,4.828007698059082,solved,,,,,court_feet,observed,homography
24170,34,player,77.42717742919922,21.211423873901367,solved,,,,,court_feet,observed,homography
24175,33,player,-14.839249610900879,4.832304954528809,solved,,,,,court_feet,observed,homography
24175,34,player,77.64459991455078,21.066099166870117,solved,,,,,court_feet,observed,homography
24180,33,player,-14.703838348388672,4.837535381317139,solved,,,,,court_feet,observed,homography
24180,34,player,76.80931091308594,21.060474395751953,solved,,,,,court_feet,observed,homography
24185,33,player,-14.752312660217285,4.846532821655273,solved,,,,,court_feet,observed,homography
24185,34,player,76.96978759765625,21.108016967773438,solved,,,,,court_feet,observed,homography
24190,33,player,-14.889240264892578,4.889395236968994,solved,,,,,court_feet,observed,homography
24190,34,player,76.97454071044922,20.99334716796875,solved,,,,,court_feet,observed,homography
24195,33,player,-14.609374046325684,4.850988388061523,solved,,,,,court_feet,observed,homography
24195,34,player,77.40771484375,21.020986557006836,solved,,,,,court_feet,observed,homography
24200,33,player,-14.062806129455566,4.827017784118652,solved,,,,,court_feet,observed,homography
24200,34,player,77.58158111572266,21.022310256958008,solved,,,,,court_feet,observed,homography
24205,33,player,-13.755651473999023,4.973936080932617,solved,,,,,court_feet,observed,homography
24205,34,player,77.2100830078125,20.816688537597656,solved,,,,,court_feet,observed,homography
24210,33,player,-13.618575096130371,5.130141735076904,solved,,,,,court_feet,observed,homography
24210,34,player,77.21450805664062,20.775575637817383,solved,,,,,court_feet,observed,homography
24215,33,player,-13.46960735321045,5.102808475494385,solved,,,,,court_feet,observed,homography
24215,34,player,77.52651977539062,20.91360855102539,solved,,,,,court_feet,observed,homography
24220,33,player,-12.936944961547852,5.181944370269775,solved,,,,,court_feet,observed,homography
24220,34,player,78.25067138671875,20.266286849975586,solved,,,,,court_feet,observed,homography
24225,33,player,-11.672687530517578,5.405953407287598,solved,,,,,court_feet,observed,homography
24225,34,player,77.35263061523438,20.344135284423828,solved,,,,,court_feet,observed,homography
24230,33,player,-11.688695907592773,5.876436710357666,solved,,,,,court_feet,observed,homography
24230,34,player,77.0018310546875,20.324777603149414,solved,,,,,court_feet,observed,homography
24235,33,player,-11.502228736877441,5.853719234466553,solved,,,,,court_feet,observed,homography
24235,34,player,76.38496398925781,19.96377182006836,solved,,,,,court_feet,observed,homography
24240,33,player,-11.509207725524902,5.988554954528809,solved,,,,,court_feet,observed,homography
24240,34,player,75.55181121826172,19.635860443115234,solved,,,,,court_feet,observed,homography
24245,33,player,-10.86679458618164,6.402868747711182,solved,,,,,court_feet,observed,homography
24245,34,player,75.08714294433594,19.663406372070312,solved,,,,,court_feet,observed,homography
24250,33,player,-10.497296333312988,8.13065242767334,solved,,,,,court_feet,observed,homography
24250,34,player,74.68114471435547,19.481985092163086,solved,,,,,court_feet,observed,homography
24255,33,player,-10.816033363342285,9.644937515258789,solved,,,,,court_feet,observed,homography
24255,34,player,74.85032653808594,19.522306442260742,solved,,,,,court_feet,observed,homography
24260,33,player,-9.447568893432617,10.26295280456543,solved,,,,,court_feet,observed,homography
24260,34,player,74.85643005371094,19.591575622558594,solved,,,,,court_feet,observed,homography
24265,33,player,-10.703774452209473,11.640939712524414,solved,,,,,court_feet,observed,homography
24265,34,player,74.979736328125,19.603694915771484,solved,,,,,court_feet,observed,homography
24270,33,player,-11.492850303649902,13.493260383605957,solved,,,,,court_feet,observed,homography
24270,34,player,76.285888671875,20.40544319152832,solved,,,,,court_feet,observed,homography
24275,33,player,-11.074559211730957,14.377524375915527,solved,,,,,court_feet,observed,homography
24275,34,player,75.58479309082031,20.579065322875977,solved,,,,,court_feet,observed,homography
24280,33,player,-10.928272247314453,15.437110900878906,solved,,,,,court_feet,observed,homography
24280,34,player,76.47119903564453,20.734956741333008,solved,,,,,court_feet,observed,homography
24285,33,player,-11.185708045959473,16.19310188293457,solved,,,,,court_feet,observed,homography
24285,34,player,77.16696166992188,21.360027313232422,solved,,,,,court_feet,observed,homography
24290,33,player,-11.143637657165527,16.860132217407227,solved,,,,,court_feet,observed,homography
24290,34,player,76.50670623779297,21.997575759887695,solved,,,,,court_feet,observed,homography
24295,33,player,-10.80981159210205,17.762638092041016,solved,,,,,court_feet,observed,homography
24295,34,player,76.82390594482422,22.452396392822266,solved,,,,,court_feet,observed,homography
24300,33,player,-10.791862487792969,18.322059631347656,solved,,,,,court_feet,observed,homography
24300,34,player,76.3812026977539,22.71139144897461,solved,,,,,court_feet,observed,homography
24305,33,player,-11.276551246643066,19.110013961791992,solved,,,,,court_feet,observed,homography
24305,34,player,74.31015014648438,22.565876007080078,solved,,,,,court_feet,observed,homography
24310,33,player,-10.460598945617676,19.455421447753906,solved,,,,,court_feet,observed,homography
24310,34,player,75.26587677001953,23.05387306213379,solved,,,,,court_feet,observed,homography
24315,33,player,-10.274388313293457,19.95121192932129,solved,,,,,court_feet,observed,homography
24315,34,player,76.0247802734375,23.56890106201172,solved,,,,,court_feet,observed,homography
24320,33,player,-10.56025218963623,20.77199363708496,solved,,,,,court_feet,observed,homography
24320,34,player,73.92850494384766,23.490243911743164,solved,,,,,court_feet,observed,homography
24325,33,player,-10.14864444732666,21.106727600097656,camera_lock_drift_checked,,,,,court_feet,observed,homography
24325,34,player,72.46002197265625,23.879531860351562,camera_lock_drift_checked,,,,,court_feet,observed,homography
24330,33,player,-9.867429733276367,21.519140243530273,solved,,,,,court_feet,observed,homography
24330,34,player,74.66094207763672,24.454177856445312,solved,,,,,court_feet,observed,homography
24335,33,player,-9.769761085510254,21.745716094970703,solved,,,,,court_feet,observed,homography
24335,34,player,74.2797622680664,24.64032554626465,solved,,,,,court_feet,observed,homography
24340,33,player,-8.98668384552002,22.16335105895996,solved,,,,,court_feet,observed,homography
24340,34,player,72.25862121582031,24.724218368530273,solved,,,,,court_feet,observed,homography
24345,33,player,-9.035449981689453,22.500030517578125,solved,,,,,court_feet,observed,homography
24345,34,player,72.63138580322266,25.05259895324707,solved,,,,,court_feet,observed,homography
24350,33,player,-9.00407886505127,22.81531524658203,solved,,,,,court_feet,observed,homography
24350,34,player,72.1584701538086,25.37458610534668,solved,,,,,court_feet,observed,homography
24355,33,player,-9.001472473144531,23.10870933532715,solved,,,,,court_feet,observed,homography
24355,34,player,70.36351013183594,25.581052780151367,solved,,,,,court_feet,observed,homography
24360,33,player,-8.737987518310547,23.47554588317871,solved,,,,,court_feet,observed,homography
24360,34,player,69.28511047363281,25.844926834106445,solved,,,,,court_feet,observed,homography
29665,35,player,-13.454757690429688,31.54623794555664,solved,,,,,court_feet,observed,homography
29665,36,player,76.63311004638672,15.088827133178711,solved,,,,,court_feet,observed,homography
29670,35,player,-12.891146659851074,31.247297286987305,solved,,,,,court_feet,observed,homography
29670,36,player,78.44060516357422,15.444552421569824,solved,,,,,court_feet,observed,homography
29675,35,player,-12.944070816040039,30.880638122558594,solved,,,,,court_feet,observed,homography
29675,36,player,78.03741455078125,15.34080696105957,solved,,,,,court_feet,observed,homography
29680,35,player,-12.608477592468262,30.60086441040039,solved,,,,,court_feet,observed,homography
29680,36,player,78.23902130126953,15.359477996826172,solved,,,,,court_feet,observed,homography
29685,35,player,-13.177730560302734,30.32780647277832,solved,,,,,court_feet,observed,homography
29685,36,player,78.42032623291016,15.355254173278809,solved,,,,,court_feet,observed,homography
29690,35,player,-13.439278602600098,30.34162139892578,solved,,,,,court_feet,observed,homography
29690,36,player,78.09767150878906,15.47309684753418,solved,,,,,court_feet,observed,homography
29695,35,player,-13.064148902893066,30.267236709594727,solved,,,,,court_feet,observed,homography
29695,36,player,78.20843505859375,15.313179969787598,solved,,,,,court_feet,observed,homography
29700,35,player,-13.184967994689941,30.37257194519043,solved,,,,,court_feet,observed,homography
29700,36,player,78.02760314941406,15.2026948928833,solved,,,,,court_feet,observed,homography
29705,35,player,-13.14879322052002,30.305971145629883,solved,,,,,court_feet,observed,homography
29705,36,player,78.12671661376953,15.273698806762695,solved,,,,,court_feet,observed,homography
29710,35,player,-13.236515045166016,30.165260314941406,solved,,,,,court_feet,observed,homography
29710,36,player,78.0202407836914,15.389435768127441,solved,,,,,court_feet,observed,homography
29715,35,player,-13.164023399353027,30.137845993041992,solved,,,,,court_feet,observed,homography
29715,36,player,78.81975555419922,15.436578750610352,solved,,,,,court_feet,observed,homography
29720,35,player,-13.172042846679688,30.155290603637695,solved,,,,,court_feet,observed,homography
29720,36,player,78.97049713134766,15.514082908630371,solved,,,,,court_feet,observed,homography
29725,35,player,-13.452378273010254,30.372806549072266,camera_lock_drift_checked,,,,,court_feet,observed,homography
29725,36,player,79.37594604492188,15.422709465026855,camera_lock_drift_checked,,,,,court_feet,observed,homography
29730,35,player,-13.504228591918945,30.415449142456055,camera_lock_drift_checked,,,,,court_feet,observed,homography
29730,36,player,79.50719451904297,15.38007926940918,camera_lock_drift_checked,,,,,court_feet,observed,homography
29735,35,player,-13.557709693908691,30.415035247802734,camera_lock_drift_checked,,,,,court_feet,observed,homography
29735,36,player,80.17523956298828,15.369335174560547,camera_lock_drift_checked,,,,,court_feet,observed,homography
29740,35,player,-13.684650421142578,30.433046340942383,camera_lock_drift_checked,,,,,court_feet,observed,homography
29740,36,player,80.27948760986328,15.364079475402832,camera_lock_drift_checked,,,,,court_feet,observed,homography
29745,35,player,-13.848047256469727,30.454809188842773,camera_lock_drift_checked,,,,,court_feet,observed,homography
29745,36,player,80.4604263305664,15.340902328491211,camera_lock_drift_checked,,,,,court_feet,observed,homography
29750,35,player,-13.724262237548828,30.463443756103516,camera_lock_drift_checked,,,,,court_feet,observed,homography
29750,36,player,80.47490692138672,15.317036628723145,camera_lock_drift_checked,,,,,court_feet,observed,homography
31845,37,player,-14.158563613891602,5.238394260406494,solved,,,,,court_feet,observed,homography
31845,38,player,78.22151947021484,22.480911254882812,solved,,,,,court_feet,observed,homography
31850,37,player,-14.036571502685547,5.193684101104736,solved,,,,,court_feet,observed,homography
31850,38,player,77.63578796386719,22.10980987548828,solved,,,,,court_feet,observed,homography
31855,37,player,-13.963232040405273,5.152137279510498,solved,,,,,court_feet,observed,homography
31855,38,player,78.0803451538086,21.681678771972656,solved,,,,,court_feet,observed,homography
31860,37,player,-13.790647506713867,5.081496715545654,solved,,,,,court_feet,observed,homography
31860,38,player,77.87303161621094,21.641489028930664,solved,,,,,court_feet,observed,homography
31865,37,player,-13.258712768554688,4.991568565368652,solved,,,,,court_feet,observed,homography
31865,38,player,78.12995147705078,21.6712703704834,solved,,,,,court_feet,observed,homography
31870,37,player,-14.072248458862305,5.129924297332764,solved,,,,,court_feet,observed,homography
31870,38,player,78.39665222167969,21.768598556518555,solved,,,,,court_feet,observed,homography
31875,37,player,-13.82279109954834,5.204540729522705,solved,,,,,court_feet,observed,homography
31875,38,player,79.01972961425781,21.81732177734375,solved,,,,,court_feet,observed,homography
31880,37,player,-12.588634490966797,5.305341720581055,solved,,,,,court_feet,observed,homography
31880,38,player,78.61317443847656,21.522653579711914,solved,,,,,court_feet,observed,homography
31885,37,player,-11.814546585083008,6.098053932189941,camera_lock_drift_checked,,,,,court_feet,observed,homography
31885,38,player,81.800537109375,21.415708541870117,camera_lock_drift_checked,,,,,court_feet,observed,homography
31890,37,player,-11.959765434265137,6.787816047668457,solved,,,,,court_feet,observed,homography
31890,38,player,80.866943359375,21.373809814453125,solved,,,,,court_feet,observed,homography
31895,37,player,-11.73348331451416,6.72344446182251,solved,,,,,court_feet,observed,homography
31895,38,player,75.90839385986328,21.526432037353516,solved,,,,,court_feet,observed,homography
31900,37,player,-10.806785583496094,7.058267116546631,solved,,,,,court_feet,observed,homography
31900,38,player,75.30784606933594,21.17441177368164,solved,,,,,court_feet,observed,homography
31905,37,player,-12.417671203613281,7.926180839538574,solved,,,,,court_feet,observed,homography
31905,38,player,74.75089263916016,21.00792694091797,solved,,,,,court_feet,observed,homography
31910,37,player,-11.91545295715332,8.427149772644043,solved,,,,,court_feet,observed,homography
31910,38,player,74.18013000488281,20.708463668823242,solved,,,,,court_feet,observed,homography
31915,37,player,-11.722919464111328,8.624102592468262,camera_lock_drift_checked,,,,,court_feet,observed,homography
31915,38,player,73.39006042480469,21.055639266967773,camera_lock_drift_checked,,,,,court_feet,observed,homography
31920,37,player,-10.463062286376953,9.05386734008789,solved,,,,,court_feet,observed,homography
31920,38,player,72.79043579101562,20.94071388244629,solved,,,,,court_feet,observed,homography
31925,37,player,-10.022071838378906,9.27680492401123,solved,,,,,court_feet,observed,homography
31925,38,player,73.0544662475586,21.44582176208496,solved,,,,,court_feet,observed,homography
31930,37,player,-10.041187286376953,9.590108871459961,solved,,,,,court_feet,observed,homography
31930,38,player,73.14250183105469,22.109092712402344,solved,,,,,court_feet,observed,homography
31935,37,player,-9.797521591186523,9.83539867401123,solved,,,,,court_feet,observed,homography
31935,38,player,74.47132110595703,22.424402236938477,solved,,,,,court_feet,observed,homography
31940,37,player,-8.733603477478027,9.998862266540527,solved,,,,,court_feet,observed,homography
31940,38,player,73.3886489868164,22.340044021606445,solved,,,,,court_feet,observed,homography
31945,37,player,-8.607259750366211,10.259154319763184,solved,,,,,court_feet,observed,homography
31945,38,player,74.06242370605469,21.772438049316406,solved,,,,,court_feet,observed,homography
31950,37,player,-8.732793807983398,10.496855735778809,solved,,,,,court_feet,observed,homography
31950,38,player,74.51119232177734,20.761014938354492,solved,,,,,court_feet,observed,homography
31955,37,player,-8.845094680786133,11.143843650817871,solved,,,,,court_feet,observed,homography
31955,38,player,75.4654541015625,20.11260223388672,solved,,,,,court_feet,observed,homography
31960,37,player,-8.774559020996094,11.874113082885742,solved,,,,,court_feet,observed,homography
31960,38,player,75.87257385253906,19.777708053588867,solved,,,,,court_feet,observed,homography
31965,37,player,-8.553647994995117,12.308821678161621,solved,,,,,court_feet,observed,homography
31965,38,player,75.46717834472656,19.185659408569336,solved,,,,,court_feet,observed,homography
31970,37,player,-8.536575317382812,12.72481632232666,solved,,,,,court_feet,observed,homography
31970,38,player,76.47248840332031,18.38906478881836,solved,,,,,court_feet,observed,homography
31975,37,player,-8.150751113891602,12.912086486816406,solved,,,,,court_feet,observed,homography
31975,38,player,76.78239440917969,17.790891647338867,solved,,,,,court_feet,observed,homography
31980,37,player,-8.235215187072754,13.32067584991455,solved,,,,,court_feet,observed,homography
31980,38,player,76.5782699584961,17.422691345214844,solved,,,,,court_feet,observed,homography
31985,37,player,-7.9895524978637695,13.604403495788574,solved,,,,,court_feet,observed,homography
31985,38,player,76.22946166992188,16.970121383666992,solved,,,,,court_feet,observed,homography
31990,37,player,-7.928373336791992,13.845874786376953,solved,,,,,court_feet,observed,homography
31990,38,player,76.43455505371094,16.760303497314453,solved,,,,,court_feet,observed,homography
31995,37,player,-8.114606857299805,14.355794906616211,solved,,,,,court_feet,observed,homography
31995,38,player,77.7843246459961,16.42432975769043,solved,,,,,court_feet,observed,homography
32000,37,player,-7.901865482330322,14.948234558105469,solved,,,,,court_feet,observed,homography
32000,38,player,78.49746704101562,16.098875045776367,solved,,,,,court_feet,observed,homography
32005,37,player,-7.456413745880127,15.280561447143555,solved,,,,,court_feet,observed,homography
32005,38,player,78.05143737792969,15.837418556213379,solved,,,,,court_feet,observed,homography
32010,37,player,-7.496641635894775,15.455862045288086,solved,,,,,court_feet,observed,homography
32010,38,player,79.05557250976562,15.509859085083008,solved,,,,,court_feet,observed,homography
32015,37,player,-7.498600006103516,15.534417152404785,solved,,,,,court_feet,observed,homography
32015,38,player,79.17648315429688,15.38931941986084,solved,,,,,court_feet,observed,homography
32020,37,player,-7.40167236328125,15.970556259155273,solved,,,,,court_feet,observed,homography
32020,38,player,79.83731842041016,15.265199661254883,solved,,,,,court_feet,observed,homography
32025,37,player,-7.67245626449585,16.649921417236328,solved,,,,,court_feet,observed,homography
32025,38,player,79.52714538574219,15.092367172241211,solved,,,,,court_feet,observed,homography
32030,37,player,-7.918552875518799,16.923498153686523,solved,,,,,court_feet,observed,homography
32030,38,player,79.49661254882812,14.84082317352295,solved,,,,,court_feet,observed,homography
32035,37,player,-7.781858444213867,17.20182228088379,solved,,,,,court_feet,observed,homography
32035,38,player,79.19788360595703,14.70930004119873,solved,,,,,court_feet,observed,homography
32040,37,player,-7.821627140045166,17.414081573486328,solved,,,,,court_feet,observed,homography
32040,38,player,79.5656967163086,14.522385597229004,solved,,,,,court_feet,observed,homography
32045,37,player,-8.463776588439941,17.479965209960938,camera_lock_drift_checked,,,,,court_feet,observed,homography
32045,38,player,79.32645416259766,14.216835021972656,camera_lock_drift_checked,,,,,court_feet,observed,homography
32050,37,player,-8.238784790039062,17.891761779785156,solved,,,,,court_feet,observed,homography
32050,38,player,79.96350860595703,14.303606986999512,solved,,,,,court_feet,observed,homography
32055,37,player,-8.304478645324707,18.495323181152344,solved,,,,,court_feet,observed,homography
32055,38,player,81.18124389648438,14.223217010498047,solved,,,,,court_feet,observed,homography
32060,37,player,-8.171836853027344,18.853675842285156,solved,,,,,court_feet,observed,homography
32060,38,player,82.05532836914062,14.016890525817871,solved,,,,,court_feet,observed,homography
32065,37,player,-8.205065727233887,19.44680404663086,solved,,,,,court_feet,observed,homography
32065,38,player,82.2479476928711,13.91537094116211,solved,,,,,court_feet,observed,homography
32070,37,player,-8.368294715881348,19.743301391601562,solved,,,,,court_feet,observed,homography
32070,38,player,81.93142700195312,13.806425094604492,solved,,,,,court_feet,observed,homography
32075,37,player,-8.580291748046875,19.82346534729004,solved,,,,,court_feet,observed,homography
32075,38,player,82.0510025024414,13.690381050109863,solved,,,,,court_feet,observed,homography
32080,37,player,-8.664314270019531,20.16259765625,solved,,,,,court_feet,observed,homography
32080,38,player,82.17935943603516,13.590689659118652,solved,,,,,court_feet,observed,homography
32085,37,player,-8.784684181213379,20.61980628967285,solved,,,,,court_feet,observed,homography
32085,38,player,82.42657470703125,13.434989929199219,solved,,,,,court_feet,observed,homography
32090,37,player,-9.203121185302734,21.114370346069336,solved,,,,,court_feet,observed,homography
32090,38,player,83.08485412597656,13.334425926208496,solved,,,,,court_feet,observed,homography
32095,37,player,-9.61996078491211,21.48240852355957,solved,,,,,court_feet,observed,homography
32095,38,player,83.51969909667969,13.259549140930176,solved,,,,,court_feet,observed,homography
32100,37,player,-9.702926635742188,21.808252334594727,solved,,,,,court_feet,observed,homography
32100,38,player,83.48235321044922,13.094328880310059,solved,,,,,court_feet,observed,homography
32105,37,player,-10.187600135803223,21.882116317749023,solved,,,,,court_feet,observed,homography
32105,38,player,83.52129364013672,13.08751392364502,solved,,,,,court_feet,observed,homography
32990,39,player,-14.914735794067383,30.31942367553711,solved,,,,,court_feet,observed,homography
32990,40,player,77.17459869384766,14.988993644714355,solved,,,,,court_feet,observed,homography
32995,39,player,-14.88005542755127,30.272653579711914,solved,,,,,court_feet,observed,homography
32995,40,player,77.51020050048828,14.9714937210083,solved,,,,,court_feet,observed,homography
33000,39,player,-14.899226188659668,30.35317611694336,solved,,,,,court_feet,observed,homography
33000,40,player,76.64535522460938,15.004426956176758,solved,,,,,court_feet,observed,homography
33005,39,player,-15.557971954345703,30.410491943359375,solved,,,,,court_feet,observed,homography
33005,40,player,76.78564453125,14.897260665893555,solved,,,,,court_feet,observed,homography
33010,39,player,-14.934181213378906,30.42746925354004,solved,,,,,court_feet,observed,homography
33010,40,player,76.53744506835938,15.086657524108887,solved,,,,,court_feet,observed,homography
33015,39,player,-14.929412841796875,30.263242721557617,solved,,,,,court_feet,observed,homography
33015,40,player,77.24552154541016,15.134486198425293,solved,,,,,court_feet,observed,homography
33020,39,player,-14.939242362976074,30.31414222717285,solved,,,,,court_feet,observed,homography
33020,40,player,77.16911315917969,15.110107421875,solved,,,,,court_feet,observed,homography
33025,39,player,-14.961506843566895,30.123594284057617,solved,,,,,court_feet,observed,homography
33025,40,player,77.57691192626953,15.348599433898926,solved,,,,,court_feet,observed,homography
33030,39,player,-14.849018096923828,30.259859085083008,solved,,,,,court_feet,observed,homography
33030,40,player,77.46800231933594,15.205825805664062,solved,,,,,court_feet,observed,homography
33035,39,player,-14.531269073486328,30.20560646057129,solved,,,,,court_feet,observed,homography
33035,40,player,79.0189208984375,15.588435173034668,solved,,,,,court_feet,observed,homography
33040,39,player,-14.52880573272705,30.258541107177734,solved,,,,,court_feet,observed,homography
33040,40,player,78.71695709228516,15.632499694824219,solved,,,,,court_feet,observed,homography
33045,39,player,-14.736777305603027,30.32076072692871,solved,,,,,court_feet,observed,homography
33045,40,player,77.7038803100586,15.293659210205078,solved,,,,,court_feet,observed,homography
33050,39,player,-14.763209342956543,30.325960159301758,solved,,,,,court_feet,observed,homography
33050,40,player,77.41332244873047,15.240683555603027,solved,,,,,court_feet,observed,homography
33055,39,player,-14.86029052734375,30.145164489746094,solved,,,,,court_feet,observed,homography
33055,40,player,77.33344268798828,15.284028053283691,solved,,,,,court_feet,observed,homography
33060,39,player,-14.977633476257324,30.197534561157227,solved,,,,,court_feet,observed,homography
33060,40,player,76.7699966430664,15.217554092407227,solved,,,,,court_feet,observed,homography
33065,39,player,-14.966506958007812,30.147052764892578,solved,,,,,court_feet,observed,homography
33065,40,player,77.18276977539062,15.050250053405762,solved,,,,,court_feet,observed,homography
33070,39,player,-14.955345153808594,30.17803382873535,solved,,,,,court_feet,observed,homography
33070,40,player,77.41699981689453,15.138010025024414,solved,,,,,court_feet,observed,homography
33075,39,player,-14.932247161865234,30.222095489501953,solved,,,,,court_feet,observed,homography
33075,40,player,76.98332977294922,14.772699356079102,solved,,,,,court_feet,observed,homography
33080,39,player,-14.712143898010254,30.23290252685547,solved,,,,,court_feet,observed,homography
33080,40,player,76.43663787841797,14.477326393127441,solved,,,,,court_feet,observed,homography
33085,39,player,-14.47813892364502,30.296165466308594,solved,,,,,court_feet,observed,homography
33085,40,player,77.03873443603516,14.281634330749512,solved,,,,,court_feet,observed,homography
33090,39,player,-14.704273223876953,30.265901565551758,solved,,,,,court_feet,observed,homography
33090,40,player,76.81603240966797,14.337282180786133,solved,,,,,court_feet,observed,homography
33095,39,player,-15.222744941711426,30.462575912475586,solved,,,,,court_feet,observed,homography
33095,40,player,76.25669860839844,14.529170989990234,solved,,,,,court_feet,observed,homography
33100,39,player,-15.037395477294922,30.383106231689453,solved,,,,,court_feet,observed,homography
33100,40,player,77.6529312133789,14.875969886779785,solved,,,,,court_feet,observed,homography
33105,39,player,-13.999847412109375,30.50765609741211,solved,,,,,court_feet,observed,homography
33105,40,player,79.91123962402344,14.716874122619629,solved,,,,,court_feet,observed,homography
33110,39,player,-13.208963394165039,30.948591232299805,solved,,,,,court_feet,observed,homography
33110,40,player,81.08727264404297,14.557451248168945,solved,,,,,court_feet,observed,homography
33115,39,player,-12.948137283325195,31.073822021484375,solved,,,,,court_feet,observed,homography
33115,40,player,79.37410736083984,14.73546028137207,solved,,,,,court_feet,observed,homography
33120,39,player,-13.032022476196289,31.093429565429688,solved,,,,,court_feet,observed,homography
33120,40,player,76.27723693847656,15.357097625732422,solved,,,,,court_feet,observed,homography
33125,39,player,-12.908406257629395,31.08233070373535,solved,,,,,court_feet,observed,homography
33125,40,player,77.35729217529297,15.549220085144043,solved,,,,,court_feet,observed,homography
33130,39,player,-12.551481246948242,31.478910446166992,solved,,,,,court_feet,observed,homography
33130,40,player,76.45262145996094,15.48757266998291,solved,,,,,court_feet,observed,homography
33135,39,player,-12.247130393981934,32.06304931640625,solved,,,,,court_feet,observed,homography
33135,40,player,76.22957611083984,15.60172176361084,solved,,,,,court_feet,observed,homography
33140,39,player,-11.928719520568848,32.46680450439453,solved,,,,,court_feet,observed,homography
33140,40,player,74.14618682861328,16.186689376831055,solved,,,,,court_feet,observed,homography
33145,39,player,-11.902495384216309,32.564109802246094,solved,,,,,court_feet,observed,homography
33145,40,player,74.91667938232422,16.46973419189453,solved,,,,,court_feet,observed,homography
33150,39,player,-11.589608192443848,32.5594482421875,solved,,,,,court_feet,observed,homography
33150,40,player,73.46979522705078,16.85146141052246,solved,,,,,court_feet,observed,homography
33155,39,player,-9.800446510314941,32.23490524291992,solved,,,,,court_feet,observed,homography
33155,40,player,72.4583740234375,17.2076416015625,solved,,,,,court_feet,observed,homography
33160,39,player,-9.621112823486328,32.21615982055664,solved,,,,,court_feet,observed,homography
33160,40,player,72.41058349609375,17.51943588256836,solved,,,,,court_feet,observed,homography
33165,39,player,-9.909464836120605,32.16706085205078,solved,,,,,court_feet,observed,homography
33165,40,player,71.54933166503906,17.64240837097168,solved,,,,,court_feet,observed,homography
33170,39,player,-9.471532821655273,32.02549743652344,solved,,,,,court_feet,observed,homography
33170,40,player,71.8226089477539,17.74361801147461,solved,,,,,court_feet,observed,homography
33175,39,player,-9.7489013671875,32.04167556762695,solved,,,,,court_feet,observed,homography
33175,40,player,71.77975463867188,17.839290618896484,solved,,,,,court_feet,observed,homography
33180,39,player,-10.07248592376709,32.393619537353516,solved,,,,,court_feet,observed,homography
33180,40,player,71.70893096923828,18.026363372802734,solved,,,,,court_feet,observed,homography
33185,39,player,-10.234153747558594,32.50397872924805,solved,,,,,court_feet,observed,homography
33185,40,player,71.60342407226562,18.040388107299805,solved,,,,,court_feet,observed,homography
33190,39,player,-10.234569549560547,32.33287048339844,solved,,,,,court_feet,observed,homography
33190,40,player,71.95023345947266,18.217811584472656,solved,,,,,court_feet,observed,homography
33195,39,player,-10.250578880310059,32.348567962646484,solved,,,,,court_feet,observed,homography
33195,40,player,71.33547973632812,18.14677619934082,solved,,,,,court_feet,observed,homography
33200,39,player,-10.243646621704102,32.49925994873047,solved,,,,,court_feet,observed,homography
33200,40,player,71.1873779296875,18.073944091796875,solved,,,,,court_feet,observed,homography
33205,39,player,-10.07373046875,32.50397491455078,solved,,,,,court_feet,observed,homography
33205,40,player,70.40126037597656,18.00075340270996,solved,,,,,court_feet,observed,homography
33210,39,player,-10.96833324432373,32.2229118347168,solved,,,,,court_feet,observed,homography
33210,40,player,71.73368072509766,17.83441925048828,solved,,,,,court_feet,observed,homography
33215,39,player,-11.589505195617676,32.112953186035156,solved,,,,,court_feet,observed,homography
33215,40,player,72.15079498291016,17.60354232788086,solved,,,,,court_feet,observed,homography
33220,39,player,-11.70628547668457,31.875301361083984,solved,,,,,court_feet,observed,homography
33220,40,player,72.81864929199219,17.59783172607422,solved,,,,,court_feet,observed,homography
33225,39,player,-11.748005867004395,31.81458282470703,solved,,,,,court_feet,observed,homography
33225,40,player,73.02405548095703,17.466876983642578,solved,,,,,court_feet,observed,homography
33230,39,player,-11.629656791687012,31.663660049438477,solved,,,,,court_feet,observed,homography
33230,40,player,73.9335708618164,17.40064239501953,solved,,,,,court_feet,observed,homography
33235,39,player,-11.459132194519043,31.650840759277344,solved,,,,,court_feet,observed,homography
33235,40,player,73.77993774414062,17.273834228515625,solved,,,,,court_feet,observed,homography
33240,39,player,-11.454889297485352,31.617931365966797,solved,,,,,court_feet,observed,homography
33240,40,player,74.02223205566406,17.138151168823242,solved,,,,,court_feet,observed,homography
33245,39,player,-11.658697128295898,31.664962768554688,solved,,,,,court_feet,observed,homography
33245,40,player,74.27711486816406,16.814044952392578,solved,,,,,court_feet,observed,homography
33250,39,player,-11.421921730041504,31.797903060913086,camera_lock_drift_checked,,,,,court_feet,observed,homography
33250,40,player,74.25341796875,17.00933074951172,camera_lock_drift_checked,,,,,court_feet,observed,homography
33255,39,player,-11.693288803100586,31.755186080932617,solved,,,,,court_feet,observed,homography
33255,40,player,74.32574462890625,16.575319290161133,solved,,,,,court_feet,observed,homography
33260,39,player,-11.971141815185547,32.063602447509766,solved,,,,,court_feet,observed,homography
33260,40,player,74.88776397705078,16.427061080932617,solved,,,,,court_feet,observed,homography
33265,39,player,-12.123394012451172,32.186500549316406,solved,,,,,court_feet,observed,homography
33265,40,player,75.5186996459961,16.46426010131836,solved,,,,,court_feet,observed,homography
33270,39,player,-12.370494842529297,32.40425491333008,solved,,,,,court_feet,observed,homography
33270,40,player,75.37821960449219,16.314014434814453,solved,,,,,court_feet,observed,homography
33275,39,player,-12.2229642868042,32.383792877197266,solved,,,,,court_feet,observed,homography
33275,40,player,77.40521240234375,16.191816329956055,solved,,,,,court_feet,observed,homography
33280,39,player,-12.406774520874023,32.34002685546875,solved,,,,,court_feet,observed,homography
33280,40,player,76.77674102783203,16.173994064331055,solved,,,,,court_feet,observed,homography
33285,39,player,-12.996134757995605,32.216270446777344,solved,,,,,court_feet,observed,homography
33285,40,player,77.09127807617188,16.178375244140625,solved,,,,,court_feet,observed,homography
33290,39,player,-11.612663269042969,32.537532806396484,solved,,,,,court_feet,observed,homography
33290,40,player,76.74657440185547,16.119401931762695,solved,,,,,court_feet,observed,homography
33295,39,player,-12.534557342529297,32.369815826416016,solved,,,,,court_feet,observed,homography
33295,40,player,77.36114501953125,15.936074256896973,solved,,,,,court_feet,observed,homography
33300,39,player,-12.6367826461792,32.49990463256836,camera_lock_drift_checked,,,,,court_feet,observed,homography
33300,40,player,76.78767395019531,16.057415008544922,camera_lock_drift_checked,,,,,court_feet,observed,homography
33305,39,player,-11.664294242858887,32.58599090576172,solved,,,,,court_feet,observed,homography
33305,40,player,77.20126342773438,15.70003890991211,solved,,,,,court_feet,observed,homography
33310,39,player,-11.693699836730957,32.59909439086914,solved,,,,,court_feet,observed,homography
33310,40,player,77.23822021484375,15.570192337036133,solved,,,,,court_feet,observed,homography
33315,39,player,-11.281709671020508,32.65203094482422,solved,,,,,court_feet,observed,homography
33315,40,player,77.0978775024414,15.5109224319458,solved,,,,,court_feet,observed,homography
33320,39,player,-11.38222885131836,32.36623764038086,solved,,,,,court_feet,observed,homography
33320,40,player,77.06246948242188,15.427412986755371,solved,,,,,court_feet,observed,homography
33325,39,player,-11.417177200317383,32.23252868652344,solved,,,,,court_feet,observed,homography
33325,40,player,77.57566833496094,15.465453147888184,solved,,,,,court_feet,observed,homography
33330,39,player,-11.578630447387695,32.13555908203125,solved,,,,,court_feet,observed,homography
33330,40,player,77.88719940185547,15.481769561767578,solved,,,,,court_feet,observed,homography
33335,39,player,-11.547500610351562,32.00679016113281,solved,,,,,court_feet,observed,homography
33335,40,player,78.6117935180664,15.492822647094727,solved,,,,,court_feet,observed,homography
33340,39,player,-12.409123420715332,31.864253997802734,solved,,,,,court_feet,observed,homography
33340,40,player,78.00897216796875,15.43880558013916,solved,,,,,court_feet,observed,homography
33345,39,player,-12.222738265991211,31.760677337646484,solved,,,,,court_feet,observed,homography
33345,40,player,78.44456481933594,15.516412734985352,solved,,,,,court_feet,observed,homography
33350,39,player,-12.007012367248535,31.673635482788086,solved,,,,,court_feet,observed,homography
33350,40,player,78.05101776123047,15.604635238647461,solved,,,,,court_feet,observed,homography
33355,39,player,-10.950928688049316,31.74327850341797,solved,,,,,court_feet,observed,homography
33355,40,player,77.70712280273438,15.51595401763916,solved,,,,,court_feet,observed,homography
33360,39,player,-10.975361824035645,31.710859298706055,solved,,,,,court_feet,observed,homography
33360,40,player,77.72688293457031,15.534205436706543,solved,,,,,court_feet,observed,homography
33365,39,player,-11.142987251281738,31.6468563079834,solved,,,,,court_feet,observed,homography
33365,40,player,77.99251556396484,15.429459571838379,solved,,,,,court_feet,observed,homography
33370,39,player,-11.026144027709961,31.558685302734375,solved,,,,,court_feet,observed,homography
33370,40,player,78.4194564819336,15.433534622192383,solved,,,,,court_feet,observed,homography
33375,39,player,-10.938471794128418,31.398147583007812,solved,,,,,court_feet,observed,homography
33375,40,player,77.89844512939453,15.328755378723145,solved,,,,,court_feet,observed,homography
33380,39,player,-10.98001766204834,31.51637840270996,solved,,,,,court_feet,observed,homography
33380,40,player,77.3245849609375,15.134037017822266,solved,,,,,court_feet,observed,homography
33385,39,player,-10.642894744873047,31.410049438476562,solved,,,,,court_feet,observed,homography
33385,40,player,76.84455108642578,15.290831565856934,solved,,,,,court_feet,observed,homography
33390,39,player,-10.445308685302734,31.29631996154785,solved,,,,,court_feet,observed,homography
33390,40,player,77.68396759033203,15.301732063293457,solved,,,,,court_feet,observed,homography
33395,39,player,-10.49730110168457,31.248966217041016,solved,,,,,court_feet,observed,homography
33395,40,player,77.87349700927734,15.285324096679688,solved,,,,,court_feet,observed,homography
33400,39,player,-10.364395141601562,31.240921020507812,solved,,,,,court_feet,observed,homography
33400,40,player,78.21856689453125,15.360061645507812,solved,,,,,court_feet,observed,homography
33405,39,player,-9.911137580871582,31.313343048095703,solved,,,,,court_feet,observed,homography
33405,40,player,78.07879638671875,15.33280086517334,solved,,,,,court_feet,observed,homography
33410,39,player,-9.519818305969238,31.576194763183594,camera_lock_drift_checked,,,,,court_feet,observed,homography
33410,40,player,77.36276245117188,15.504366874694824,camera_lock_drift_checked,,,,,court_feet,observed,homography
33415,39,player,-8.934033393859863,31.520980834960938,solved,,,,,court_feet,observed,homography
33415,40,player,77.7354965209961,15.380769729614258,solved,,,,,court_feet,observed,homography
33420,39,player,-8.87314510345459,31.36821174621582,solved,,,,,court_feet,observed,homography
33420,40,player,76.76751708984375,15.380374908447266,solved,,,,,court_feet,observed,homography
33425,39,player,-9.05173110961914,31.294200897216797,solved,,,,,court_feet,observed,homography
33425,40,player,77.15160369873047,15.199139595031738,solved,,,,,court_feet,observed,homography
33430,39,player,-9.03677749633789,31.23374366760254,solved,,,,,court_feet,observed,homography
33430,40,player,77.51171112060547,15.22687816619873,solved,,,,,court_feet,observed,homography
33435,39,player,-8.740553855895996,31.189373016357422,solved,,,,,court_feet,observed,homography
33435,40,player,77.86676788330078,15.302336692810059,solved,,,,,court_feet,observed,homography
33440,39,player,-8.47407341003418,31.158105850219727,solved,,,,,court_feet,observed,homography
33440,40,player,77.7231674194336,15.265387535095215,solved,,,,,court_feet,observed,homography
33450,39,player,-8.028258323669434,31.114654541015625,solved,,,,,court_feet,observed,homography
33450,40,player,77.62968444824219,15.37017822265625,solved,,,,,court_feet,observed,homography
33455,39,player,-8.115253448486328,31.157697677612305,solved,,,,,court_feet,observed,homography
33455,40,player,77.7375717163086,15.35028076171875,solved,,,,,court_feet,observed,homography
33460,39,player,-8.105927467346191,31.3574161529541,solved,,,,,court_feet,observed,homography
33460,40,player,77.70796966552734,15.297286987304688,solved,,,,,court_feet,observed,homography
33465,39,player,-8.061978340148926,31.37060546875,solved,,,,,court_feet,observed,homography
33465,40,player,78.13481140136719,15.365525245666504,solved,,,,,court_feet,observed,homography
33470,39,player,-8.293760299682617,31.42270278930664,camera_lock_drift_checked,,,,,court_feet,observed,homography
33470,40,player,77.23074340820312,15.391844749450684,camera_lock_drift_checked,,,,,court_feet,observed,homography
33475,39,player,-8.244576454162598,31.459075927734375,solved,,,,,court_feet,observed,homography
33475,40,player,77.46501922607422,15.345877647399902,solved,,,,,court_feet,observed,homography
33480,39,player,-8.405965805053711,31.467321395874023,solved,,,,,court_feet,observed,homography
33480,40,player,77.25248718261719,15.312630653381348,solved,,,,,court_feet,observed,homography
33485,39,player,-8.4627046585083,31.50812339782715,solved,,,,,court_feet,observed,homography
33485,40,player,76.78372955322266,15.299756050109863,solved,,,,,court_feet,observed,homography
33490,39,player,-8.63585376739502,31.561155319213867,solved,,,,,court_feet,observed,homography
33490,40,player,77.60311889648438,15.429553985595703,solved,,,,,court_feet,observed,homography
33495,39,player,-8.527962684631348,31.681142807006836,solved,,,,,court_feet,observed,homography
33495,40,player,77.2647933959961,15.379749298095703,solved,,,,,court_feet,observed,homography
33500,39,player,-8.693937301635742,31.553804397583008,camera_lock_drift_checked,,,,,court_feet,observed,homography
33500,40,player,77.14057922363281,15.384651184082031,camera_lock_drift_checked,,,,,court_feet,observed,homography
33505,39,player,-8.612645149230957,31.540203094482422,solved,,,,,court_feet,observed,homography
33505,40,player,77.37476348876953,15.387228965759277,solved,,,,,court_feet,observed,homography
33510,39,player,-8.334691047668457,31.46061897277832,solved,,,,,court_feet,observed,homography
33510,40,player,77.63304138183594,15.404522895812988,solved,,,,,court_feet,observed,homography
33515,39,player,-8.319741249084473,31.46862030029297,solved,,,,,court_feet,observed,homography
33515,40,player,77.43799591064453,15.410114288330078,solved,,,,,court_feet,observed,homography
33520,39,player,-8.536450386047363,31.479881286621094,solved,,,,,court_feet,observed,homography
33520,40,player,77.51358795166016,15.35943603515625,solved,,,,,court_feet,observed,homography
33525,39,player,-8.767289161682129,31.460628509521484,solved,,,,,court_feet,observed,homography
33525,40,player,77.201171875,15.38037109375,solved,,,,,court_feet,observed,homography
33530,39,player,-8.918257713317871,31.479686737060547,solved,,,,,court_feet,observed,homography
33530,40,player,77.13213348388672,15.34731674194336,solved,,,,,court_feet,observed,homography
33535,39,player,-8.91139030456543,31.536563873291016,solved,,,,,court_feet,observed,homography
33535,40,player,77.49267578125,15.358726501464844,solved,,,,,court_feet,observed,homography
33540,39,player,-9.180768013000488,31.723709106445312,solved,,,,,court_feet,observed,homography
33540,40,player,76.9979248046875,15.153729438781738,solved,,,,,court_feet,observed,homography
33545,39,player,-9.08410930633545,31.61734390258789,solved,,,,,court_feet,observed,homography
33545,40,player,77.40404510498047,15.294069290161133,solved,,,,,court_feet,observed,homography
33550,39,player,-8.866703033447266,31.547840118408203,solved,,,,,court_feet,observed,homography
33550,40,player,77.54109954833984,15.384893417358398,solved,,,,,court_feet,observed,homography
33555,39,player,-8.738851547241211,31.471492767333984,solved,,,,,court_feet,observed,homography
33555,40,player,77.65679931640625,15.477707862854004,solved,,,,,court_feet,observed,homography
33560,39,player,-8.737356185913086,31.398595809936523,solved,,,,,court_feet,observed,homography
33560,40,player,77.39610290527344,15.500726699829102,solved,,,,,court_feet,observed,homography
33565,39,player,-8.888429641723633,31.398653030395508,camera_lock_drift_checked,,,,,court_feet,observed,homography
33565,40,player,76.72937774658203,15.495368003845215,camera_lock_drift_checked,,,,,court_feet,observed,homography
33570,39,player,-8.8986177444458,31.327322006225586,camera_lock_drift_checked,,,,,court_feet,observed,homography
33570,40,player,76.8712387084961,15.492732048034668,camera_lock_drift_checked,,,,,court_feet,observed,homography
33575,39,player,-8.497596740722656,31.254121780395508,solved,,,,,court_feet,observed,homography
33575,40,player,77.59471130371094,15.583016395568848,solved,,,,,court_feet,observed,homography
33580,39,player,-8.538701057434082,31.23558235168457,solved,,,,,court_feet,observed,homography
33580,40,player,77.8321762084961,15.558637619018555,solved,,,,,court_feet,observed,homography
33585,39,player,-8.570369720458984,31.234012603759766,solved,,,,,court_feet,observed,homography
33585,40,player,77.78117370605469,15.563738822937012,solved,,,,,court_feet,observed,homography
33590,39,player,-8.574329376220703,31.284879684448242,solved,,,,,court_feet,observed,homography
33590,40,player,78.16732788085938,15.457794189453125,solved,,,,,court_feet,observed,homography
33595,39,player,-8.399327278137207,31.344356536865234,solved,,,,,court_feet,observed,homography
33595,40,player,77.97308349609375,15.46321964263916,solved,,,,,court_feet,observed,homography
33600,39,player,-7.531589984893799,31.462797164916992,camera_lock_drift_checked,,,,,court_feet,observed,homography
33600,40,player,77.15925598144531,15.532812118530273,camera_lock_drift_checked,,,,,court_feet,observed,homography
33605,39,player,-7.200256824493408,31.100187301635742,solved,,,,,court_feet,observed,homography
33605,40,player,78.236083984375,15.61078929901123,solved,,,,,court_feet,observed,homography
33610,39,player,-7.405142307281494,30.639957427978516,solved,,,,,court_feet,observed,homography
33610,40,player,77.95704650878906,15.465482711791992,solved,,,,,court_feet,observed,homography
33615,39,player,-7.189211845397949,30.436397552490234,solved,,,,,court_feet,observed,homography
33615,40,player,77.2430419921875,15.425126075744629,solved,,,,,court_feet,observed,homography
33620,39,player,-7.426339626312256,30.337610244750977,solved,,,,,court_feet,observed,homography
33620,40,player,77.37935638427734,15.447210311889648,solved,,,,,court_feet,observed,homography
33625,39,player,-7.40362024307251,30.320079803466797,solved,,,,,court_feet,observed,homography
33625,40,player,77.57292938232422,15.459701538085938,solved,,,,,court_feet,observed,homography
33630,39,player,-7.258096218109131,30.286067962646484,solved,,,,,court_feet,observed,homography
33630,40,player,77.70014190673828,15.60700798034668,solved,,,,,court_feet,observed,homography
33635,39,player,-7.227461814880371,30.299598693847656,camera_lock_drift_checked,,,,,court_feet,observed,homography
33635,40,player,77.24075317382812,15.469938278198242,camera_lock_drift_checked,,,,,court_feet,observed,homography
33640,39,player,-7.103067398071289,30.212251663208008,solved,,,,,court_feet,observed,homography
33640,40,player,78.75257873535156,15.60748291015625,solved,,,,,court_feet,observed,homography
33645,39,player,-7.108842849731445,30.229700088500977,solved,,,,,court_feet,observed,homography
33645,40,player,78.8207015991211,15.559179306030273,solved,,,,,court_feet,observed,homography
33650,39,player,-7.060776233673096,30.199249267578125,solved,,,,,court_feet,observed,homography
33650,40,player,78.88214874267578,15.557646751403809,solved,,,,,court_feet,observed,homography
33655,39,player,-7.372427940368652,30.263708114624023,camera_lock_drift_checked,,,,,court_feet,observed,homography
33655,40,player,77.16761779785156,15.457406997680664,camera_lock_drift_checked,,,,,court_feet,observed,homography
33660,39,player,-6.922050952911377,30.202312469482422,solved,,,,,court_feet,observed,homography
33660,40,player,78.6422348022461,15.605713844299316,solved,,,,,court_feet,observed,homography
33665,39,player,-6.834015846252441,30.28363800048828,solved,,,,,court_feet,observed,homography
33665,40,player,77.87924194335938,15.530875205993652,solved,,,,,court_feet,observed,homography
33670,39,player,-6.88340950012207,30.282739639282227,solved,,,,,court_feet,observed,homography
33670,40,player,77.45587158203125,15.548341751098633,solved,,,,,court_feet,observed,homography
33675,39,player,-6.899194240570068,30.286344528198242,solved,,,,,court_feet,observed,homography
33675,40,player,77.46939849853516,15.499860763549805,solved,,,,,court_feet,observed,homography
33680,39,player,-7.027548789978027,30.227581024169922,solved,,,,,court_feet,observed,homography
33680,40,player,77.56655883789062,15.470083236694336,solved,,,,,court_feet,observed,homography
33685,39,player,-6.991143703460693,30.215286254882812,solved,,,,,court_feet,observed,homography
33685,40,player,78.2735824584961,15.494405746459961,solved,,,,,court_feet,observed,homography
33690,39,player,-7.0022101402282715,30.25628662109375,solved,,,,,court_feet,observed,homography
33690,40,player,77.59159088134766,15.325718879699707,solved,,,,,court_feet,observed,homography
33695,39,player,-7.091341018676758,30.16803741455078,solved,,,,,court_feet,observed,homography
33695,40,player,77.65094757080078,15.265393257141113,solved,,,,,court_feet,observed,homography
33700,39,player,-7.107789516448975,30.2109432220459,solved,,,,,court_feet,observed,homography
33700,40,player,77.58308410644531,15.191855430603027,solved,,,,,court_feet,observed,homography
33705,39,player,-7.097503662109375,30.236845016479492,solved,,,,,court_feet,observed,homography
33705,40,player,77.65054321289062,15.150136947631836,solved,,,,,court_feet,observed,homography
33710,39,player,-6.90745735168457,30.155872344970703,solved,,,,,court_feet,observed,homography
33710,40,player,78.44696044921875,15.306580543518066,solved,,,,,court_feet,observed,homography
33715,39,player,-6.87709903717041,30.082645416259766,solved,,,,,court_feet,observed,homography
33715,40,player,78.37890625,15.369926452636719,solved,,,,,court_feet,observed,homography
33720,39,player,-6.892314910888672,30.115962982177734,solved,,,,,court_feet,observed,homography
33720,40,player,77.86354064941406,15.408550262451172,solved,,,,,court_feet,observed,homography
33725,39,player,-6.8714399337768555,30.08683967590332,solved,,,,,court_feet,observed,homography
33725,40,player,77.55400848388672,15.456851959228516,solved,,,,,court_feet,observed,homography
33730,39,player,-6.824650764465332,30.117080688476562,solved,,,,,court_feet,observed,homography
33730,40,player,77.45193481445312,15.340643882751465,solved,,,,,court_feet,observed,homography
33735,39,player,-7.036669731140137,30.15506362915039,solved,,,,,court_feet,observed,homography
33735,40,player,77.47734069824219,15.048623085021973,solved,,,,,court_feet,observed,homography
33740,39,player,-7.179653167724609,30.209529876708984,solved,,,,,court_feet,observed,homography
33740,40,player,77.44420623779297,15.199172019958496,solved,,,,,court_feet,observed,homography
33745,39,player,-7.2039971351623535,30.2178897857666,solved,,,,,court_feet,observed,homography
33745,40,player,77.39595794677734,15.262471199035645,solved,,,,,court_feet,observed,homography
33750,39,player,-7.436916828155518,30.27813720703125,solved,,,,,court_feet,observed,homography
33750,40,player,77.58799743652344,15.115341186523438,solved,,,,,court_feet,observed,homography
33755,39,player,-7.274004936218262,30.196821212768555,solved,,,,,court_feet,observed,homography
33755,40,player,77.96830749511719,15.246081352233887,solved,,,,,court_feet,observed,homography
33760,39,player,-7.160102844238281,30.177095413208008,camera_lock_drift_checked,,,,,court_feet,observed,homography
33760,40,player,77.46743774414062,15.469496726989746,camera_lock_drift_checked,,,,,court_feet,observed,homography
33765,39,player,-7.029709339141846,30.162445068359375,solved,,,,,court_feet,observed,homography
33765,40,player,77.99600219726562,15.383800506591797,solved,,,,,court_feet,observed,homography
33770,39,player,-6.9987969398498535,30.164106369018555,solved,,,,,court_feet,observed,homography
33770,40,player,77.92584228515625,15.371999740600586,solved,,,,,court_feet,observed,homography
33775,39,player,-7.132107734680176,30.16024398803711,camera_lock_drift_checked,,,,,court_feet,observed,homography
33775,40,player,77.35010528564453,15.028518676757812,camera_lock_drift_checked,,,,,court_feet,observed,homography
33780,39,player,-7.123220443725586,30.163677215576172,camera_lock_drift_checked,,,,,court_feet,observed,homography
33780,40,player,76.72010040283203,15.041297912597656,camera_lock_drift_checked,,,,,court_feet,observed,homography
33785,39,player,-6.953780174255371,30.171100616455078,solved,,,,,court_feet,observed,homography
33785,40,player,77.58019256591797,15.119470596313477,solved,,,,,court_feet,observed,homography
33790,39,player,-6.836747169494629,30.14676856994629,solved,,,,,court_feet,observed,homography
33790,40,player,77.54399108886719,14.725391387939453,solved,,,,,court_feet,observed,homography
33795,39,player,-6.608648300170898,30.141742706298828,solved,,,,,court_feet,observed,homography
33795,40,player,77.61114501953125,14.491185188293457,solved,,,,,court_feet,observed,homography
33800,39,player,-6.217402935028076,30.057701110839844,solved,,,,,court_feet,observed,homography
33800,40,player,77.87129974365234,14.569201469421387,solved,,,,,court_feet,observed,homography
33805,39,player,-6.309615135192871,29.97661781311035,solved,,,,,court_feet,observed,homography
33805,40,player,78.75747680664062,14.677531242370605,solved,,,,,court_feet,observed,homography
33810,39,player,-6.333463191986084,29.986328125,solved,,,,,court_feet,observed,homography
33810,40,player,78.18868255615234,14.878222465515137,solved,,,,,court_feet,observed,homography
33815,39,player,-6.327017784118652,30.063453674316406,solved,,,,,court_feet,observed,homography
33815,40,player,79.17351531982422,15.02470874786377,solved,,,,,court_feet,observed,homography
33820,39,player,-5.918806552886963,29.91556167602539,solved,,,,,court_feet,observed,homography
33820,40,player,80.69175720214844,14.594755172729492,solved,,,,,court_feet,observed,homography
33825,39,player,-4.879859924316406,29.575002670288086,solved,,,,,court_feet,observed,homography
33825,40,player,81.88020324707031,14.316153526306152,solved,,,,,court_feet,observed,homography
33830,39,player,-4.619230270385742,29.39398765563965,solved,,,,,court_feet,observed,homography
33830,40,player,81.248779296875,14.958637237548828,solved,,,,,court_feet,observed,homography
33835,39,player,-4.750588417053223,29.274446487426758,solved,,,,,court_feet,observed,homography
33835,40,player,75.53388214111328,14.930465698242188,solved,,,,,court_feet,observed,homography
33840,39,player,-4.66804838180542,29.214946746826172,solved,,,,,court_feet,observed,homography
33840,40,player,77.62872314453125,14.775991439819336,solved,,,,,court_feet,observed,homography
33845,39,player,-4.306063652038574,29.301633834838867,solved,,,,,court_feet,observed,homography
33845,40,player,75.84690856933594,14.78152847290039,solved,,,,,court_feet,observed,homography
33850,39,player,-4.102038860321045,29.35798454284668,solved,,,,,court_feet,observed,homography
33850,40,player,73.35315704345703,14.86583423614502,solved,,,,,court_feet,observed,homography
33855,39,player,-3.8129892349243164,29.444711685180664,solved,,,,,court_feet,observed,homography
33855,40,player,74.56914520263672,15.347428321838379,solved,,,,,court_feet,observed,homography
33860,39,player,-3.6469109058380127,29.165475845336914,solved,,,,,court_feet,observed,homography
33860,40,player,73.91456604003906,15.518836975097656,solved,,,,,court_feet,observed,homography
33865,39,player,-2.3396646976470947,28.714452743530273,solved,,,,,court_feet,observed,homography
33865,40,player,74.66121673583984,15.813481330871582,solved,,,,,court_feet,observed,homography
33870,39,player,-1.7993533611297607,28.684606552124023,solved,,,,,court_feet,observed,homography
33870,40,player,74.74295043945312,16.062389373779297,solved,,,,,court_feet,observed,homography
33875,39,player,-1.801228404045105,28.63877296447754,camera_lock_drift_checked,,,,,court_feet,observed,homography
33875,40,player,74.55844116210938,16.091588973999023,camera_lock_drift_checked,,,,,court_feet,observed,homography
33880,39,player,-1.263541579246521,28.538320541381836,solved,,,,,court_feet,observed,homography
33880,40,player,74.85858154296875,16.37255096435547,solved,,,,,court_feet,observed,homography
33885,39,player,-1.79682457447052,28.14314842224121,solved,,,,,court_feet,observed,homography
33885,40,player,75.77527618408203,17.47300148010254,solved,,,,,court_feet,observed,homography
33890,39,player,-2.2529819011688232,27.519718170166016,solved,,,,,court_feet,observed,homography
33890,40,player,75.78059387207031,17.88456153869629,solved,,,,,court_feet,observed,homography
33895,39,player,-1.9922431707382202,26.76970100402832,solved,,,,,court_feet,observed,homography
33895,40,player,77.86294555664062,18.305381774902344,solved,,,,,court_feet,observed,homography
33900,39,player,-1.8602887392044067,25.8784122467041,solved,,,,,court_feet,observed,homography
33900,40,player,78.37321472167969,18.716611862182617,solved,,,,,court_feet,observed,homography
33905,39,player,-2.9161620140075684,25.149524688720703,solved,,,,,court_feet,observed,homography
33905,40,player,77.93212127685547,18.965030670166016,solved,,,,,court_feet,observed,homography
33910,39,player,-3.9722485542297363,24.498573303222656,solved,,,,,court_feet,observed,homography
33910,40,player,78.41617584228516,19.399059295654297,solved,,,,,court_feet,observed,homography
33915,39,player,-3.6942050457000732,23.624927520751953,solved,,,,,court_feet,observed,homography
33915,40,player,77.92472076416016,19.337953567504883,solved,,,,,court_feet,observed,homography
33920,39,player,-3.697374105453491,22.6534423828125,solved,,,,,court_feet,observed,homography
33920,40,player,78.34062957763672,19.50901222229004,solved,,,,,court_feet,observed,homography
33925,39,player,-4.995787620544434,21.232168197631836,solved,,,,,court_feet,observed,homography
33925,40,player,79.42292785644531,19.63062858581543,solved,,,,,court_feet,observed,homography
33930,39,player,-5.304261207580566,20.908390045166016,solved,,,,,court_feet,observed,homography
33930,40,player,79.88579559326172,19.653825759887695,solved,,,,,court_feet,observed,homography
33935,39,player,-5.140524864196777,20.525634765625,solved,,,,,court_feet,observed,homography
33935,40,player,81.43138122558594,19.78055763244629,solved,,,,,court_feet,observed,homography
33940,39,player,4.569377422332764,20.548532485961914,solved,,,,,court_feet,observed,homography
33940,40,player,82.51248168945312,19.710691452026367,solved,,,,,court_feet,observed,homography
33945,39,player,-6.3833417892456055,18.576045989990234,solved,,,,,court_feet,observed,homography
33945,40,player,83.09140014648438,19.57370948791504,solved,,,,,court_feet,observed,homography
33950,39,player,-6.185657501220703,18.430898666381836,solved,,,,,court_feet,observed,homography
33950,40,player,85.9985122680664,19.17693328857422,solved,,,,,court_feet,observed,homography
33955,39,player,-6.310565948486328,18.50541877746582,solved,,,,,court_feet,observed,homography
33955,40,player,85.25469207763672,18.507537841796875,solved,,,,,court_feet,observed,homography
33960,39,player,-6.630737781524658,18.40316390991211,camera_lock_drift_checked,,,,,court_feet,observed,homography
33960,40,player,85.78636169433594,18.766033172607422,camera_lock_drift_checked,,,,,court_feet,observed,homography
33965,39,player,-7.053548812866211,18.315420150756836,solved,,,,,court_feet,observed,homography
33965,40,player,86.04476165771484,18.476240158081055,solved,,,,,court_feet,observed,homography
33970,39,player,-6.994312763214111,18.20118522644043,solved,,,,,court_feet,observed,homography
33970,40,player,86.1790542602539,18.1763973236084,solved,,,,,court_feet,observed,homography
33975,39,player,-6.972822189331055,18.196557998657227,solved,,,,,court_feet,observed,homography
33975,40,player,87.70294952392578,17.860912322998047,solved,,,,,court_feet,observed,homography
33980,39,player,-6.982237339019775,17.74843978881836,solved,,,,,court_feet,observed,homography
33980,40,player,87.74748229980469,17.77222442626953,solved,,,,,court_feet,observed,homography
33985,39,player,-6.666342258453369,17.335641860961914,solved,,,,,court_feet,observed,homography
33985,40,player,87.54644775390625,17.87671661376953,solved,,,,,court_feet,observed,homography
33990,39,player,-6.680637359619141,17.61510467529297,solved,,,,,court_feet,observed,homography
33990,40,player,87.97026824951172,17.980209350585938,solved,,,,,court_feet,observed,homography
33995,39,player,-6.803232192993164,16.78339958190918,solved,,,,,court_feet,observed,homography
33995,40,player,88.42045593261719,18.451555252075195,solved,,,,,court_feet,observed,homography
34000,39,player,-6.915280342102051,16.640953063964844,solved,,,,,court_feet,observed,homography
34000,40,player,89.3478775024414,18.46973991394043,solved,,,,,court_feet,observed,homography
34005,39,player,-6.431891918182373,16.696229934692383,solved,,,,,court_feet,observed,homography
34005,40,player,88.94491577148438,18.403411865234375,solved,,,,,court_feet,observed,homography
34010,39,player,-5.73922872543335,16.61730194091797,solved,,,,,court_feet,observed,homography
34010,40,player,90.17268371582031,19.357723236083984,solved,,,,,court_feet,observed,homography
34015,39,player,-5.537557125091553,16.438827514648438,solved,,,,,court_feet,observed,homography
34015,40,player,88.50259399414062,20.443862915039062,solved,,,,,court_feet,observed,homography
34020,39,player,-5.971202850341797,16.33733367919922,solved,,,,,court_feet,observed,homography
34020,40,player,87.8031234741211,21.385421752929688,solved,,,,,court_feet,observed,homography
34025,39,player,-5.811306476593018,16.269742965698242,solved,,,,,court_feet,observed,homography
34025,40,player,87.82289123535156,22.02897071838379,solved,,,,,court_feet,observed,homography
34030,39,player,-6.0391974449157715,16.34988021850586,solved,,,,,court_feet,observed,homography
34030,40,player,87.67769622802734,23.06610870361328,solved,,,,,court_feet,observed,homography
34035,39,player,-6.730686187744141,16.340316772460938,solved,,,,,court_feet,observed,homography
34035,40,player,88.19023895263672,23.530908584594727,solved,,,,,court_feet,observed,homography
34040,39,player,-7.396332740783691,16.41554069519043,solved,,,,,court_feet,observed,homography
34040,40,player,86.59407806396484,23.60117530822754,solved,,,,,court_feet,observed,homography
34045,39,player,-7.3393659591674805,16.332111358642578,solved,,,,,court_feet,observed,homography
34045,40,player,86.27272033691406,24.100297927856445,solved,,,,,court_feet,observed,homography
34050,39,player,-7.098667621612549,15.997283935546875,solved,,,,,court_feet,observed,homography
34050,40,player,87.06598663330078,24.38488006591797,solved,,,,,court_feet,observed,homography
34055,39,player,-7.787921905517578,15.370771408081055,solved,,,,,court_feet,observed,homography
34055,40,player,88.13347625732422,25.013654708862305,solved,,,,,court_feet,observed,homography
34060,39,player,-8.114066123962402,15.102560997009277,solved,,,,,court_feet,observed,homography
34060,40,player,86.40914154052734,25.311199188232422,solved,,,,,court_feet,observed,homography
34065,39,player,-8.371223449707031,15.052286148071289,solved,,,,,court_feet,observed,homography
34065,40,player,88.33146667480469,25.797924041748047,solved,,,,,court_feet,observed,homography
34070,39,player,-8.334466934204102,14.861841201782227,solved,,,,,court_feet,observed,homography
34070,40,player,87.56902313232422,26.439964294433594,solved,,,,,court_feet,observed,homography
34075,39,player,-8.42743968963623,13.947232246398926,solved,,,,,court_feet,observed,homography
34075,40,player,86.63510131835938,26.28959083557129,solved,,,,,court_feet,observed,homography
34080,39,player,-8.020540237426758,13.244696617126465,solved,,,,,court_feet,observed,homography
34080,40,player,86.8728256225586,26.292829513549805,solved,,,,,court_feet,observed,homography
34085,39,player,-8.27762222290039,12.84862232208252,solved,,,,,court_feet,observed,homography
34085,40,player,86.79947662353516,26.07064437866211,solved,,,,,court_feet,observed,homography
34090,39,player,-8.318613052368164,12.508086204528809,solved,,,,,court_feet,observed,homography
34090,40,player,87.05209350585938,25.15003204345703,solved,,,,,court_feet,observed,homography
34095,39,player,-8.16381549835205,12.04397201538086,solved,,,,,court_feet,observed,homography
34095,40,player,85.78512573242188,24.23227882385254,solved,,,,,court_feet,observed,homography
34100,39,player,-8.204915046691895,11.788423538208008,solved,,,,,court_feet,observed,homography
34100,40,player,86.64757537841797,23.600139617919922,solved,,,,,court_feet,observed,homography
34105,39,player,-7.854008197784424,11.716995239257812,solved,,,,,court_feet,observed,homography
34105,40,player,86.76335144042969,23.64406967163086,solved,,,,,court_feet,observed,homography
34110,39,player,-6.118754863739014,11.387483596801758,camera_lock_drift_checked,,,,,court_feet,observed,homography
34110,40,player,87.35025024414062,23.42999267578125,camera_lock_drift_checked,,,,,court_feet,observed,homography
34115,39,player,-5.395324230194092,11.783865928649902,solved,,,,,court_feet,observed,homography
34115,40,player,87.73477172851562,23.220497131347656,solved,,,,,court_feet,observed,homography
34120,39,player,-5.126707077026367,12.003207206726074,solved,,,,,court_feet,observed,homography
34120,40,player,87.9610824584961,23.244285583496094,solved,,,,,court_feet,observed,homography
34125,39,player,-5.1398444175720215,11.96546459197998,solved,,,,,court_feet,observed,homography
34125,40,player,87.73147583007812,23.182090759277344,solved,,,,,court_feet,observed,homography
34130,39,player,-5.517687797546387,11.346017837524414,camera_lock_drift_checked,,,,,court_feet,observed,homography
34130,40,player,88.19800567626953,23.288074493408203,camera_lock_drift_checked,,,,,court_feet,observed,homography
34135,39,player,-4.84048318862915,11.16569709777832,solved,,,,,court_feet,observed,homography
34135,40,player,89.0872573852539,22.296945571899414,solved,,,,,court_feet,observed,homography
34140,39,player,-4.961477756500244,11.480534553527832,solved,,,,,court_feet,observed,homography
34140,40,player,87.57479858398438,20.28447723388672,solved,,,,,court_feet,observed,homography
34145,39,player,-4.651989936828613,11.946598052978516,solved,,,,,court_feet,observed,homography
34145,40,player,87.09487915039062,19.100706100463867,solved,,,,,court_feet,observed,homography
34150,39,player,-4.204594135284424,13.09150505065918,solved,,,,,court_feet,observed,homography
34150,40,player,88.21070861816406,18.029733657836914,solved,,,,,court_feet,observed,homography
34155,39,player,-4.9632391929626465,13.909910202026367,solved,,,,,court_feet,observed,homography
34155,40,player,88.02749633789062,17.567073822021484,solved,,,,,court_feet,observed,homography
34160,39,player,-5.14532470703125,14.859883308410645,solved,,,,,court_feet,observed,homography
34160,40,player,86.90164947509766,16.60259246826172,solved,,,,,court_feet,observed,homography
34165,39,player,-5.312227249145508,15.056683540344238,solved,,,,,court_feet,observed,homography
34165,40,player,85.42353057861328,16.51371192932129,solved,,,,,court_feet,observed,homography
34170,39,player,-5.238414764404297,15.68760871887207,solved,,,,,court_feet,observed,homography
34170,40,player,85.52349853515625,16.084726333618164,solved,,,,,court_feet,observed,homography
34175,39,player,-5.819473743438721,16.426279067993164,solved,,,,,court_feet,observed,homography
34175,40,player,85.23662567138672,15.794974327087402,solved,,,,,court_feet,observed,homography
34180,39,player,-6.997591018676758,17.116979598999023,solved,,,,,court_feet,observed,homography
34180,40,player,84.74551391601562,16.169010162353516,solved,,,,,court_feet,observed,homography
34185,39,player,-7.646499156951904,17.481399536132812,solved,,,,,court_feet,observed,homography
34185,40,player,84.6016845703125,15.85987663269043,solved,,,,,court_feet,observed,homography
34190,39,player,-7.466274261474609,17.712907791137695,solved,,,,,court_feet,observed,homography
34190,40,player,84.81002807617188,15.639280319213867,solved,,,,,court_feet,observed,homography
34195,39,player,-7.651956558227539,17.615888595581055,solved,,,,,court_feet,observed,homography
34195,40,player,86.21566009521484,15.295032501220703,solved,,,,,court_feet,observed,homography
34200,39,player,-8.250066757202148,17.211002349853516,solved,,,,,court_feet,observed,homography
34200,40,player,87.53876495361328,15.464832305908203,solved,,,,,court_feet,observed,homography
34205,39,player,-8.49814224243164,16.091291427612305,solved,,,,,court_feet,observed,homography
34205,40,player,87.50316619873047,15.592710494995117,solved,,,,,court_feet,observed,homography
34210,39,player,-8.466938972473145,15.474512100219727,solved,,,,,court_feet,observed,homography
34210,40,player,87.5154800415039,15.791121482849121,solved,,,,,court_feet,observed,homography
34215,39,player,-8.29987621307373,14.267208099365234,solved,,,,,court_feet,observed,homography
34215,40,player,87.04644012451172,16.792160034179688,solved,,,,,court_feet,observed,homography
34220,39,player,-8.411157608032227,12.772958755493164,camera_lock_drift_checked,,,,,court_feet,observed,homography
34220,40,player,87.51622772216797,17.530010223388672,camera_lock_drift_checked,,,,,court_feet,observed,homography
34225,39,player,-8.87926959991455,11.533501625061035,solved,,,,,court_feet,observed,homography
34225,40,player,87.15259552001953,18.18259048461914,solved,,,,,court_feet,observed,homography
34230,39,player,-9.601428031921387,10.716364860534668,solved,,,,,court_feet,observed,homography
34230,40,player,86.9332046508789,18.287202835083008,solved,,,,,court_feet,observed,homography
34235,39,player,-9.50306224822998,9.94117546081543,solved,,,,,court_feet,observed,homography
34235,40,player,87.58025360107422,19.246488571166992,solved,,,,,court_feet,observed,homography
34240,39,player,-8.631660461425781,8.687540054321289,solved,,,,,court_feet,observed,homography
34240,40,player,87.26433563232422,20.218730926513672,solved,,,,,court_feet,observed,homography
34245,39,player,-9.72658920288086,7.651702404022217,solved,,,,,court_feet,observed,homography
34245,40,player,86.97197723388672,21.536449432373047,solved,,,,,court_feet,observed,homography
34250,39,player,-10.28453540802002,7.313379287719727,solved,,,,,court_feet,observed,homography
34250,40,player,86.39096069335938,21.663555145263672,solved,,,,,court_feet,observed,homography
34255,39,player,-10.277124404907227,7.014235496520996,solved,,,,,court_feet,observed,homography
34255,40,player,86.88134002685547,21.664201736450195,solved,,,,,court_feet,observed,homography
34260,39,player,-10.468244552612305,7.028665065765381,solved,,,,,court_feet,observed,homography
34260,40,player,86.10809326171875,21.425451278686523,solved,,,,,court_feet,observed,homography
34265,39,player,-10.624552726745605,7.0551557540893555,solved,,,,,court_feet,observed,homography
34265,40,player,86.02159118652344,21.273963928222656,solved,,,,,court_feet,observed,homography
34270,39,player,-10.48148250579834,7.068703651428223,solved,,,,,court_feet,observed,homography
34270,40,player,86.37309265136719,20.736427307128906,solved,,,,,court_feet,observed,homography
34275,39,player,-10.099803924560547,7.2248125076293945,solved,,,,,court_feet,observed,homography
34275,40,player,86.31262969970703,19.845916748046875,solved,,,,,court_feet,observed,homography
34280,39,player,-10.017399787902832,7.361837387084961,solved,,,,,court_feet,observed,homography
34280,40,player,86.2225112915039,19.43695640563965,solved,,,,,court_feet,observed,homography
34285,39,player,-9.891542434692383,7.40487813949585,solved,,,,,court_feet,observed,homography
34285,40,player,86.49481964111328,18.932804107666016,solved,,,,,court_feet,observed,homography
34290,39,player,-10.021368980407715,7.370265960693359,solved,,,,,court_feet,observed,homography
34290,40,player,85.84297180175781,18.584449768066406,solved,,,,,court_feet,observed,homography
34295,39,player,-10.051858901977539,7.30460262298584,solved,,,,,court_feet,observed,homography
34295,40,player,86.03460693359375,18.400348663330078,solved,,,,,court_feet,observed,homography
34300,39,player,-10.18822193145752,7.23286247253418,solved,,,,,court_feet,observed,homography
34300,40,player,84.83534240722656,17.780033111572266,solved,,,,,court_feet,observed,homography
34305,39,player,-10.1244535446167,6.900918960571289,solved,,,,,court_feet,observed,homography
34305,40,player,85.4104995727539,17.33338737487793,solved,,,,,court_feet,observed,homography
34310,39,player,-10.34267807006836,6.649326324462891,camera_lock_drift_checked,,,,,court_feet,observed,homography
34310,40,player,85.14002990722656,16.94232177734375,camera_lock_drift_checked,,,,,court_feet,observed,homography
34315,39,player,-10.210509300231934,6.536940097808838,solved,,,,,court_feet,observed,homography
34315,40,player,85.33157348632812,16.42690658569336,solved,,,,,court_feet,observed,homography
34320,39,player,-10.217576026916504,6.339450836181641,solved,,,,,court_feet,observed,homography
34320,40,player,84.99604034423828,16.290891647338867,solved,,,,,court_feet,observed,homography
34325,39,player,-10.2260103225708,6.138504505157471,solved,,,,,court_feet,observed,homography
34325,40,player,86.23759460449219,16.275691986083984,solved,,,,,court_feet,observed,homography
34330,39,player,-10.027050971984863,5.9990925788879395,solved,,,,,court_feet,observed,homography
34330,40,player,86.60553741455078,15.894754409790039,solved,,,,,court_feet,observed,homography
34335,39,player,-10.114893913269043,5.811794757843018,solved,,,,,court_feet,observed,homography
34335,40,player,86.68386840820312,15.338024139404297,solved,,,,,court_feet,observed,homography
34340,39,player,-9.727230072021484,5.536938667297363,solved,,,,,court_feet,observed,homography
34340,40,player,86.09505462646484,15.05411148071289,solved,,,,,court_feet,observed,homography
34345,39,player,-9.901861190795898,5.300784111022949,solved,,,,,court_feet,observed,homography
34345,40,player,86.29702758789062,14.494885444641113,solved,,,,,court_feet,observed,homography
34350,39,player,-10.774614334106445,5.21091890335083,solved,,,,,court_feet,observed,homography
34350,40,player,86.30323791503906,14.361574172973633,solved,,,,,court_feet,observed,homography
34355,39,player,-10.707112312316895,4.812252998352051,solved,,,,,court_feet,observed,homography
34355,40,player,86.11222076416016,14.356369972229004,solved,,,,,court_feet,observed,homography
34360,39,player,-10.724448204040527,4.656357288360596,solved,,,,,court_feet,observed,homography
34360,40,player,85.82933044433594,14.125372886657715,solved,,,,,court_feet,observed,homography
34365,39,player,-10.884366989135742,4.570699214935303,solved,,,,,court_feet,observed,homography
34365,40,player,86.24065399169922,13.77096176147461,solved,,,,,court_feet,observed,homography
34370,39,player,-11.109782218933105,4.52589225769043,solved,,,,,court_feet,observed,homography
34370,40,player,86.03893280029297,13.47399616241455,solved,,,,,court_feet,observed,homography
34375,39,player,-11.318862915039062,4.1197190284729,solved,,,,,court_feet,observed,homography
34375,40,player,86.18529510498047,13.23056411743164,solved,,,,,court_feet,observed,homography
34380,39,player,-11.207287788391113,3.7709126472473145,solved,,,,,court_feet,observed,homography
34380,40,player,85.69439697265625,13.05345344543457,solved,,,,,court_feet,observed,homography
34385,39,player,-11.2791109085083,3.204570770263672,solved,,,,,court_feet,observed,homography
34385,40,player,86.84060668945312,12.896788597106934,solved,,,,,court_feet,observed,homography
34390,39,player,-11.614501953125,3.1363768577575684,solved,,,,,court_feet,observed,homography
34390,40,player,86.40172576904297,12.783300399780273,solved,,,,,court_feet,observed,homography
34395,39,player,-12.029373168945312,2.9130184650421143,solved,,,,,court_feet,observed,homography
34395,40,player,87.92384338378906,12.430793762207031,solved,,,,,court_feet,observed,homography
34400,39,player,-12.473613739013672,2.989034414291382,solved,,,,,court_feet,observed,homography
34400,40,player,88.71870422363281,12.132356643676758,solved,,,,,court_feet,observed,homography
34405,39,player,-12.60886001586914,2.917553663253784,solved,,,,,court_feet,observed,homography
34405,40,player,88.87311553955078,11.887626647949219,solved,,,,,court_feet,observed,homography
34410,39,player,-12.674349784851074,2.6655285358428955,solved,,,,,court_feet,observed,homography
34410,40,player,89.20404052734375,11.602298736572266,solved,,,,,court_feet,observed,homography
36280,41,player,-6.907928466796875,5.63571834564209,solved,,,,,court_feet,observed,homography
36280,42,player,77.42117309570312,22.619321823120117,solved,,,,,court_feet,observed,homography
36285,41,player,-6.906506538391113,5.61471700668335,solved,,,,,court_feet,observed,homography
36285,42,player,77.37725830078125,22.73421287536621,solved,,,,,court_feet,observed,homography
36290,41,player,-6.986318588256836,5.634443759918213,solved,,,,,court_feet,observed,homography
36290,42,player,77.81007385253906,22.7271728515625,solved,,,,,court_feet,observed,homography
36295,41,player,-6.86661958694458,5.6149678230285645,solved,,,,,court_feet,observed,homography
36295,42,player,77.54933166503906,22.67987632751465,solved,,,,,court_feet,observed,homography
36300,41,player,-6.914690017700195,5.620132923126221,solved,,,,,court_feet,observed,homography
36300,42,player,77.86589813232422,22.695207595825195,solved,,,,,court_feet,observed,homography
36305,41,player,-6.9243998527526855,5.606896877288818,solved,,,,,court_feet,observed,homography
36305,42,player,77.9703140258789,23.02155876159668,solved,,,,,court_feet,observed,homography
36310,41,player,-6.927950859069824,5.621013641357422,solved,,,,,court_feet,observed,homography
36310,42,player,77.6025390625,22.82179069519043,solved,,,,,court_feet,observed,homography
36315,41,player,-7.1254401206970215,5.726443767547607,solved,,,,,court_feet,observed,homography
36315,42,player,76.89466857910156,22.407939910888672,solved,,,,,court_feet,observed,homography
36320,41,player,-7.013665199279785,5.661219596862793,solved,,,,,court_feet,observed,homography
36320,42,player,77.45626831054688,22.637645721435547,solved,,,,,court_feet,observed,homography
36325,41,player,-6.958346366882324,5.627123832702637,solved,,,,,court_feet,observed,homography
36325,42,player,77.89867401123047,22.607345581054688,solved,,,,,court_feet,observed,homography
36330,41,player,-6.886879920959473,5.627108573913574,solved,,,,,court_feet,observed,homography
36330,42,player,77.7880859375,22.582216262817383,solved,,,,,court_feet,observed,homography
36335,41,player,-6.741992473602295,5.64052152633667,solved,,,,,court_feet,observed,homography
36335,42,player,77.49745178222656,22.531455993652344,solved,,,,,court_feet,observed,homography
36340,41,player,-6.56527042388916,5.675436973571777,solved,,,,,court_feet,observed,homography
36340,42,player,77.33291625976562,22.354475021362305,solved,,,,,court_feet,observed,homography
36345,41,player,-6.509324073791504,5.656626224517822,solved,,,,,court_feet,observed,homography
36345,42,player,77.45565795898438,21.898962020874023,solved,,,,,court_feet,observed,homography
36350,41,player,-6.100315570831299,5.653010845184326,solved,,,,,court_feet,observed,homography
36350,42,player,77.56564331054688,21.769432067871094,solved,,,,,court_feet,observed,homography
36355,41,player,-5.815862655639648,5.66261625289917,solved,,,,,court_feet,observed,homography
36355,42,player,77.64541625976562,21.680370330810547,solved,,,,,court_feet,observed,homography
36360,41,player,-5.974996089935303,5.724236011505127,solved,,,,,court_feet,observed,homography
36360,42,player,77.894287109375,21.948518753051758,solved,,,,,court_feet,observed,homography
36365,41,player,-5.926963806152344,5.71323299407959,solved,,,,,court_feet,observed,homography
36365,42,player,77.9583740234375,22.07831382751465,solved,,,,,court_feet,observed,homography
36370,41,player,-5.5982160568237305,5.68634557723999,camera_lock_drift_checked,,,,,court_feet,observed,homography
36370,42,player,79.17509460449219,22.09769058227539,camera_lock_drift_checked,,,,,court_feet,observed,homography
36375,41,player,-5.038322448730469,5.93146276473999,solved,,,,,court_feet,observed,homography
36375,42,player,81.11559295654297,21.9062442779541,solved,,,,,court_feet,observed,homography
36380,41,player,-4.048129558563232,6.131373405456543,solved,,,,,court_feet,observed,homography
36380,42,player,83.58258819580078,21.638628005981445,solved,,,,,court_feet,observed,homography
36385,41,player,-4.138102054595947,6.208301544189453,solved,,,,,court_feet,observed,homography
36385,42,player,82.76696014404297,22.33740997314453,solved,,,,,court_feet,observed,homography
36390,41,player,-3.989781379699707,6.241361141204834,solved,,,,,court_feet,observed,homography
36390,42,player,76.18316650390625,22.07604217529297,solved,,,,,court_feet,observed,homography
36395,41,player,-3.867199182510376,6.274977207183838,solved,,,,,court_feet,observed,homography
36395,42,player,76.44105529785156,21.798734664916992,solved,,,,,court_feet,observed,homography
36400,41,player,-3.658358097076416,6.253213882446289,solved,,,,,court_feet,observed,homography
36400,42,player,75.8134765625,21.879329681396484,solved,,,,,court_feet,observed,homography
36405,41,player,-3.19824481010437,6.263443470001221,solved,,,,,court_feet,observed,homography
36405,42,player,76.14923095703125,21.462129592895508,solved,,,,,court_feet,observed,homography
36410,41,player,-2.847722291946411,6.3779802322387695,camera_lock_drift_checked,,,,,court_feet,observed,homography
36410,42,player,73.46492004394531,21.595195770263672,camera_lock_drift_checked,,,,,court_feet,observed,homography
36415,41,player,-2.276639699935913,6.397151470184326,solved,,,,,court_feet,observed,homography
36415,42,player,73.91705322265625,22.26285171508789,solved,,,,,court_feet,observed,homography
36420,41,player,-0.6320374608039856,6.352222442626953,camera_lock_drift_checked,,,,,court_feet,observed,homography
36420,42,player,72.86737823486328,22.157840728759766,camera_lock_drift_checked,,,,,court_feet,observed,homography
36425,41,player,-0.3173275887966156,7.013190269470215,solved,,,,,court_feet,observed,homography
36425,42,player,74.50930786132812,22.4849796295166,solved,,,,,court_feet,observed,homography
36430,41,player,-1.7510672807693481,8.021320343017578,solved,,,,,court_feet,observed,homography
36430,42,player,75.19697570800781,23.185558319091797,solved,,,,,court_feet,observed,homography
36435,41,player,-1.7465180158615112,8.287776947021484,solved,,,,,court_feet,observed,homography
36435,42,player,75.14498901367188,23.34674644470215,solved,,,,,court_feet,observed,homography
36440,41,player,-1.7137686014175415,8.459178924560547,solved,,,,,court_feet,observed,homography
36440,42,player,75.25927734375,23.76498031616211,solved,,,,,court_feet,observed,homography
36445,41,player,-1.7045625448226929,8.338167190551758,solved,,,,,court_feet,observed,homography
36445,42,player,76.62059783935547,24.10100555419922,solved,,,,,court_feet,observed,homography
36450,41,player,-2.3353071212768555,7.980620861053467,solved,,,,,court_feet,observed,homography
36450,42,player,76.47879028320312,23.946643829345703,solved,,,,,court_feet,observed,homography
36455,41,player,-3.1718356609344482,8.027670860290527,solved,,,,,court_feet,observed,homography
36455,42,player,76.86481475830078,24.302040100097656,solved,,,,,court_feet,observed,homography
36460,41,player,-2.6989054679870605,8.492680549621582,solved,,,,,court_feet,observed,homography
36460,42,player,76.2967758178711,24.389060974121094,solved,,,,,court_feet,observed,homography
36465,41,player,-2.5975120067596436,8.857529640197754,solved,,,,,court_feet,observed,homography
36465,42,player,74.63915252685547,24.6717529296875,solved,,,,,court_feet,observed,homography
36470,41,player,-2.9104273319244385,9.380742073059082,solved,,,,,court_feet,observed,homography
36470,42,player,75.48741149902344,25.007516860961914,solved,,,,,court_feet,observed,homography
36475,41,player,-2.8492484092712402,9.614707946777344,solved,,,,,court_feet,observed,homography
36475,42,player,75.4359130859375,24.861942291259766,solved,,,,,court_feet,observed,homography
36480,41,player,-2.874351739883423,10.143013000488281,solved,,,,,court_feet,observed,homography
36480,42,player,75.1269760131836,24.821613311767578,solved,,,,,court_feet,observed,homography
36485,41,player,-3.005420684814453,10.531787872314453,solved,,,,,court_feet,observed,homography
36485,42,player,75.12420654296875,24.832265853881836,solved,,,,,court_feet,observed,homography
36490,41,player,-2.836344003677368,10.768303871154785,solved,,,,,court_feet,observed,homography
36490,42,player,75.16079711914062,24.77632713317871,solved,,,,,court_feet,observed,homography
36495,41,player,-2.7888734340667725,11.11391830444336,solved,,,,,court_feet,observed,homography
36495,42,player,75.66735076904297,24.99039077758789,solved,,,,,court_feet,observed,homography
36500,41,player,-2.961817979812622,11.463808059692383,camera_lock_drift_checked,,,,,court_feet,observed,homography
36500,42,player,75.0588607788086,24.816959381103516,camera_lock_drift_checked,,,,,court_feet,observed,homography
36505,41,player,-2.733818531036377,11.578654289245605,solved,,,,,court_feet,observed,homography
36505,42,player,75.5858154296875,24.98271369934082,solved,,,,,court_feet,observed,homography
36510,41,player,-2.71071720123291,11.96895980834961,solved,,,,,court_feet,observed,homography
36510,42,player,76.61498260498047,25.18250274658203,solved,,,,,court_feet,observed,homography
36515,41,player,-2.996981143951416,12.53032398223877,solved,,,,,court_feet,observed,homography
36515,42,player,76.37873077392578,25.273605346679688,solved,,,,,court_feet,observed,homography
36520,41,player,-3.4192633628845215,12.953622817993164,solved,,,,,court_feet,observed,homography
36520,42,player,76.34611511230469,25.292451858520508,solved,,,,,court_feet,observed,homography
36525,41,player,-3.6651885509490967,13.332115173339844,solved,,,,,court_feet,observed,homography
36525,42,player,76.30829620361328,25.225406646728516,solved,,,,,court_feet,observed,homography
36530,41,player,-3.990652084350586,13.579968452453613,solved,,,,,court_feet,observed,homography
36530,42,player,76.41319274902344,25.405073165893555,solved,,,,,court_feet,observed,homography
36535,41,player,-4.302237510681152,13.815003395080566,solved,,,,,court_feet,observed,homography
36535,42,player,77.2208023071289,25.441295623779297,solved,,,,,court_feet,observed,homography
36540,41,player,-4.420826435089111,14.102361679077148,solved,,,,,court_feet,observed,homography
36540,42,player,77.44039154052734,25.545299530029297,solved,,,,,court_feet,observed,homography
36545,41,player,-4.309196472167969,14.518661499023438,solved,,,,,court_feet,observed,homography
36545,42,player,78.08183288574219,25.491609573364258,solved,,,,,court_feet,observed,homography
36550,41,player,-4.425298690795898,15.055459976196289,solved,,,,,court_feet,observed,homography
36550,42,player,78.00504302978516,25.415512084960938,solved,,,,,court_feet,observed,homography
36555,41,player,-4.808724403381348,15.593180656433105,solved,,,,,court_feet,observed,homography
36555,42,player,77.7215576171875,25.418533325195312,solved,,,,,court_feet,observed,homography
36560,41,player,-5.292553901672363,15.700356483459473,solved,,,,,court_feet,observed,homography
36560,42,player,78.64911651611328,25.2779598236084,solved,,,,,court_feet,observed,homography
36565,41,player,-5.59361457824707,15.965717315673828,solved,,,,,court_feet,observed,homography
36565,42,player,79.02093505859375,25.17759132385254,solved,,,,,court_feet,observed,homography
36570,41,player,-5.74790620803833,16.331541061401367,solved,,,,,court_feet,observed,homography
36570,42,player,80.02568817138672,25.151084899902344,solved,,,,,court_feet,observed,homography
36575,41,player,-5.880893707275391,16.647397994995117,camera_lock_drift_checked,,,,,court_feet,observed,homography
36575,42,player,80.44490051269531,24.95109748840332,camera_lock_drift_checked,,,,,court_feet,observed,homography
36580,41,player,-7.0189433097839355,17.001636505126953,solved,,,,,court_feet,observed,homography
36580,42,player,80.38026428222656,24.713462829589844,solved,,,,,court_feet,observed,homography
36585,41,player,-7.255209445953369,17.12815284729004,solved,,,,,court_feet,observed,homography
36585,42,player,80.88505554199219,24.753015518188477,solved,,,,,court_feet,observed,homography
36590,41,player,-7.689336776733398,17.44553565979004,camera_lock_drift_checked,,,,,court_feet,observed,homography
36590,42,player,80.92093658447266,24.452295303344727,camera_lock_drift_checked,,,,,court_feet,observed,homography
36595,41,player,-8.10097885131836,17.755403518676758,solved,,,,,court_feet,observed,homography
36595,42,player,82.58468627929688,24.18832015991211,solved,,,,,court_feet,observed,homography
36600,41,player,-7.937470436096191,18.094736099243164,solved,,,,,court_feet,observed,homography
36600,42,player,82.85236358642578,24.082347869873047,solved,,,,,court_feet,observed,homography
37825,43,player,-0.49947768449783325,19.936294555664062,solved,,,,,court_feet,observed,homography
37825,44,player,89.65679931640625,3.9487314224243164,solved,,,,,court_feet,observed,homography
37835,43,player,-1.3678282499313354,19.702377319335938,solved,,,,,court_feet,observed,homography
37835,44,player,89.45931243896484,3.8106257915496826,solved,,,,,court_feet,observed,homography
37840,43,player,-1.8280296325683594,19.470054626464844,solved,,,,,court_feet,observed,homography
37840,44,player,89.67463684082031,3.835888147354126,solved,,,,,court_feet,observed,homography
37845,43,player,-2.0350406169891357,19.386293411254883,solved,,,,,court_feet,observed,homography
37845,44,player,89.68706512451172,3.903607130050659,solved,,,,,court_feet,observed,homography
37850,43,player,-2.1937496662139893,19.385082244873047,solved,,,,,court_feet,observed,homography
37850,44,player,89.17747497558594,4.054358959197998,solved,,,,,court_feet,observed,homography
37855,43,player,-2.1763410568237305,19.341794967651367,solved,,,,,court_feet,observed,homography
37855,44,player,89.62637329101562,4.280782699584961,solved,,,,,court_feet,observed,homography
37860,43,player,-2.2807776927948,19.360410690307617,solved,,,,,court_feet,observed,homography
37860,44,player,89.79069519042969,4.293887615203857,solved,,,,,court_feet,observed,homography
37865,43,player,-2.1176114082336426,19.333765029907227,solved,,,,,court_feet,observed,homography
37865,44,player,89.96805572509766,4.357340335845947,solved,,,,,court_feet,observed,homography
37870,43,player,-2.073721408843994,19.455400466918945,solved,,,,,court_feet,observed,homography
37870,44,player,89.61833953857422,4.311336994171143,solved,,,,,court_feet,observed,homography
37875,43,player,-2.2621428966522217,19.49759864807129,solved,,,,,court_feet,observed,homography
37875,44,player,90.2897720336914,4.097670555114746,solved,,,,,court_feet,observed,homography
37880,43,player,-2.1643497943878174,19.371109008789062,solved,,,,,court_feet,observed,homography
37880,44,player,90.55988311767578,3.9317798614501953,solved,,,,,court_feet,observed,homography
37885,43,player,-2.042499542236328,19.520952224731445,solved,,,,,court_feet,observed,homography
37885,44,player,90.65038299560547,3.805535078048706,solved,,,,,court_feet,observed,homography
37890,43,player,-2.14652156829834,19.616525650024414,solved,,,,,court_feet,observed,homography
37890,44,player,90.49836730957031,3.752469539642334,solved,,,,,court_feet,observed,homography
37895,43,player,-2.2123255729675293,19.59587860107422,solved,,,,,court_feet,observed,homography
37895,44,player,90.69430541992188,3.7492597103118896,solved,,,,,court_feet,observed,homography
37900,43,player,-2.2153525352478027,19.58829116821289,solved,,,,,court_feet,observed,homography
37900,44,player,90.82489013671875,3.8457608222961426,solved,,,,,court_feet,observed,homography
37905,43,player,-2.195054769515991,19.500873565673828,solved,,,,,court_feet,observed,homography
37905,44,player,91.40516662597656,3.790461778640747,solved,,,,,court_feet,observed,homography
37910,43,player,-2.278352975845337,19.644012451171875,solved,,,,,court_feet,observed,homography
37910,44,player,91.09619903564453,3.731107711791992,solved,,,,,court_feet,observed,homography
37915,43,player,-2.2973878383636475,19.58017349243164,camera_lock_drift_checked,,,,,court_feet,observed,homography
37915,44,player,90.79695892333984,3.639676094055176,camera_lock_drift_checked,,,,,court_feet,observed,homography
37920,43,player,-2.2809486389160156,19.627817153930664,solved,,,,,court_feet,observed,homography
37920,44,player,91.56187438964844,3.7362475395202637,solved,,,,,court_feet,observed,homography
37925,43,player,-2.4022436141967773,19.597225189208984,solved,,,,,court_feet,observed,homography
37925,44,player,91.57557678222656,3.7972583770751953,solved,,,,,court_feet,observed,homography
37930,43,player,-2.260885715484619,19.579959869384766,solved,,,,,court_feet,observed,homography
37930,44,player,91.62474060058594,3.918765068054199,solved,,,,,court_feet,observed,homography
37935,43,player,-2.1920065879821777,19.515365600585938,solved,,,,,court_feet,observed,homography
37935,44,player,91.91297149658203,3.8397905826568604,solved,,,,,court_feet,observed,homography
37940,43,player,-2.268470287322998,19.504409790039062,solved,,,,,court_feet,observed,homography
37940,44,player,91.80387878417969,3.671037435531616,solved,,,,,court_feet,observed,homography
37945,43,player,-2.204488515853882,19.508066177368164,solved,,,,,court_feet,observed,homography
37945,44,player,91.6932601928711,3.5922658443450928,solved,,,,,court_feet,observed,homography
37950,43,player,-2.072126626968384,19.49131202697754,solved,,,,,court_feet,observed,homography
37950,44,player,91.96247100830078,3.6752233505249023,solved,,,,,court_feet,observed,homography
37955,43,player,-2.04213547706604,19.54547119140625,solved,,,,,court_feet,observed,homography
37955,44,player,91.80847930908203,3.6823716163635254,solved,,,,,court_feet,observed,homography
37960,43,player,-2.1601662635803223,19.583290100097656,solved,,,,,court_feet,observed,homography
37960,44,player,91.65959930419922,3.712416172027588,solved,,,,,court_feet,observed,homography
37965,43,player,-2.2527084350585938,19.550907135009766,solved,,,,,court_feet,observed,homography
37965,44,player,91.38455963134766,3.777822732925415,solved,,,,,court_feet,observed,homography
37970,43,player,-2.262382745742798,19.492172241210938,solved,,,,,court_feet,observed,homography
37970,44,player,91.71516418457031,3.720324754714966,solved,,,,,court_feet,observed,homography
37975,43,player,-2.2237160205841064,19.507326126098633,solved,,,,,court_feet,observed,homography
37975,44,player,91.99820709228516,3.8795626163482666,solved,,,,,court_feet,observed,homography
37980,43,player,-2.121333122253418,19.53872299194336,solved,,,,,court_feet,observed,homography
37980,44,player,91.90912628173828,4.029021739959717,solved,,,,,court_feet,observed,homography
37985,43,player,-2.175147533416748,19.487470626831055,solved,,,,,court_feet,observed,homography
37985,44,player,91.69774627685547,4.068088054656982,solved,,,,,court_feet,observed,homography
37990,43,player,-2.175281286239624,19.488073348999023,solved,,,,,court_feet,observed,homography
37990,44,player,91.43214416503906,4.124243259429932,solved,,,,,court_feet,observed,homography
37995,43,player,-2.13733172416687,19.58307456970215,solved,,,,,court_feet,observed,homography
37995,44,player,91.12313842773438,3.7716641426086426,solved,,,,,court_feet,observed,homography
38000,43,player,-2.1488821506500244,19.467042922973633,solved,,,,,court_feet,observed,homography
38000,44,player,91.4415054321289,3.7700586318969727,solved,,,,,court_feet,observed,homography
38005,43,player,-2.2846627235412598,19.62215805053711,solved,,,,,court_feet,observed,homography
38005,44,player,91.28927612304688,3.788970947265625,solved,,,,,court_feet,observed,homography
38015,43,player,-2.2347474098205566,19.59337615966797,solved,,,,,court_feet,observed,homography
38015,44,player,91.24845123291016,3.9085071086883545,solved,,,,,court_feet,observed,homography
38020,43,player,-2.1049928665161133,19.57505989074707,solved,,,,,court_feet,observed,homography
38020,44,player,91.1467514038086,4.034215450286865,solved,,,,,court_feet,observed,homography
38025,43,player,-2.0011179447174072,19.551753997802734,solved,,,,,court_feet,observed,homography
38025,44,player,91.0520248413086,4.2463765144348145,solved,,,,,court_feet,observed,homography
38030,43,player,-1.940037488937378,19.507036209106445,solved,,,,,court_feet,observed,homography
38030,44,player,90.3858413696289,4.409543037414551,solved,,,,,court_feet,observed,homography
38035,43,player,-1.797514796257019,19.487607955932617,solved,,,,,court_feet,observed,homography
38035,44,player,90.36959838867188,4.472615718841553,solved,,,,,court_feet,observed,homography
38040,43,player,-1.8758748769760132,19.4808349609375,solved,,,,,court_feet,observed,homography
38040,44,player,90.27693176269531,4.449703693389893,solved,,,,,court_feet,observed,homography
38045,43,player,-2.0764284133911133,19.50873374938965,solved,,,,,court_feet,observed,homography
38045,44,player,90.41030883789062,4.475320339202881,solved,,,,,court_feet,observed,homography
38050,43,player,-2.427785873413086,19.628637313842773,solved,,,,,court_feet,observed,homography
38050,44,player,90.92723846435547,4.388469219207764,solved,,,,,court_feet,observed,homography
38055,43,player,-2.229952096939087,19.647703170776367,solved,,,,,court_feet,observed,homography
38055,44,player,90.77299499511719,4.304640293121338,solved,,,,,court_feet,observed,homography
38060,43,player,-2.101853609085083,19.557453155517578,solved,,,,,court_feet,observed,homography
38060,44,player,91.07579040527344,4.045410633087158,solved,,,,,court_feet,observed,homography
38065,43,player,-2.0859487056732178,19.600826263427734,solved,,,,,court_feet,observed,homography
38065,44,player,91.21998596191406,3.9641878604888916,solved,,,,,court_feet,observed,homography
38070,43,player,-2.0263314247131348,19.581544876098633,solved,,,,,court_feet,observed,homography
38070,44,player,91.09786224365234,4.244251251220703,solved,,,,,court_feet,observed,homography
38075,43,player,-2.1504390239715576,19.71521759033203,solved,,,,,court_feet,observed,homography
38075,44,player,91.14222717285156,4.023503303527832,solved,,,,,court_feet,observed,homography
38080,43,player,-2.24357008934021,19.84198570251465,solved,,,,,court_feet,observed,homography
38080,44,player,91.13211822509766,4.070633888244629,solved,,,,,court_feet,observed,homography
38085,43,player,-2.138967990875244,19.849952697753906,solved,,,,,court_feet,observed,homography
38085,44,player,91.28755187988281,4.2730512619018555,solved,,,,,court_feet,observed,homography
38090,43,player,-2.20461368560791,19.850284576416016,solved,,,,,court_feet,observed,homography
38090,44,player,91.43000793457031,4.279133319854736,solved,,,,,court_feet,observed,homography
38095,43,player,-2.1764731407165527,19.8759822845459,camera_lock_drift_checked,,,,,court_feet,observed,homography
38095,44,player,92.11331176757812,4.196796417236328,camera_lock_drift_checked,,,,,court_feet,observed,homography
38100,43,player,-2.0585007667541504,19.878097534179688,solved,,,,,court_feet,observed,homography
38100,44,player,92.05845642089844,4.225088119506836,solved,,,,,court_feet,observed,homography
38105,43,player,-1.9111661911010742,19.8386287689209,solved,,,,,court_feet,observed,homography
38105,44,player,92.1711654663086,4.254841327667236,solved,,,,,court_feet,observed,homography
38110,43,player,-1.773490309715271,19.897933959960938,solved,,,,,court_feet,observed,homography
38110,44,player,92.02518463134766,4.236528396606445,solved,,,,,court_feet,observed,homography
38115,43,player,-1.8294081687927246,19.92919921875,solved,,,,,court_feet,observed,homography
38115,44,player,91.44304656982422,4.104647159576416,solved,,,,,court_feet,observed,homography
38120,43,player,-1.8832885026931763,20.005142211914062,solved,,,,,court_feet,observed,homography
38120,44,player,91.38190460205078,4.142674922943115,solved,,,,,court_feet,observed,homography
38125,43,player,-1.8808257579803467,19.925403594970703,solved,,,,,court_feet,observed,homography
38125,44,player,91.1852035522461,4.2154998779296875,solved,,,,,court_feet,observed,homography
38130,43,player,-1.804342269897461,19.86264419555664,solved,,,,,court_feet,observed,homography
38130,44,player,90.75698852539062,4.309567451477051,solved,,,,,court_feet,observed,homography
38135,43,player,-1.9035139083862305,19.887367248535156,solved,,,,,court_feet,observed,homography
38135,44,player,90.52310943603516,4.372686386108398,solved,,,,,court_feet,observed,homography
38140,43,player,-1.935691237449646,19.921062469482422,solved,,,,,court_feet,observed,homography
38140,44,player,90.24552154541016,4.38164758682251,solved,,,,,court_feet,observed,homography
38145,43,player,-1.9722009897232056,19.900245666503906,solved,,,,,court_feet,observed,homography
38145,44,player,90.31974029541016,4.406640529632568,solved,,,,,court_feet,observed,homography
38150,43,player,-1.956251859664917,19.8968448638916,solved,,,,,court_feet,observed,homography
38150,44,player,90.63667297363281,4.475686073303223,solved,,,,,court_feet,observed,homography
38160,43,player,-2.0488624572753906,19.859771728515625,solved,,,,,court_feet,observed,homography
38160,44,player,90.78433227539062,4.39471960067749,solved,,,,,court_feet,observed,homography
38165,43,player,-2.0676910877227783,19.817487716674805,solved,,,,,court_feet,observed,homography
38165,44,player,90.5545425415039,4.3868279457092285,solved,,,,,court_feet,observed,homography
38170,43,player,-1.9914125204086304,19.810508728027344,solved,,,,,court_feet,observed,homography
38170,44,player,90.67460632324219,4.368946552276611,solved,,,,,court_feet,observed,homography
38175,43,player,-2.0458943843841553,19.765296936035156,camera_lock_drift_checked,,,,,court_feet,observed,homography
38175,44,player,90.46905517578125,4.3810014724731445,camera_lock_drift_checked,,,,,court_feet,observed,homography
38180,43,player,-1.8753108978271484,19.610647201538086,solved,,,,,court_feet,observed,homography
38180,44,player,90.71016693115234,4.429673194885254,solved,,,,,court_feet,observed,homography
38185,43,player,-1.8761720657348633,19.60660171508789,solved,,,,,court_feet,observed,homography
38185,44,player,90.47975158691406,4.372455596923828,solved,,,,,court_feet,observed,homography
38190,43,player,-1.874733328819275,19.621768951416016,solved,,,,,court_feet,observed,homography
38190,44,player,90.96682739257812,4.13482141494751,solved,,,,,court_feet,observed,homography
38195,43,player,-1.8434756994247437,19.60196304321289,solved,,,,,court_feet,observed,homography
38195,44,player,91.10733795166016,4.20201301574707,solved,,,,,court_feet,observed,homography
38200,43,player,-1.8771638870239258,19.611724853515625,solved,,,,,court_feet,observed,homography
38200,44,player,91.39456939697266,4.199177265167236,solved,,,,,court_feet,observed,homography
38205,43,player,-1.8735359907150269,19.568937301635742,solved,,,,,court_feet,observed,homography
38205,44,player,91.42499542236328,4.091777324676514,solved,,,,,court_feet,observed,homography
38210,43,player,-1.8858610391616821,19.60381507873535,solved,,,,,court_feet,observed,homography
38210,44,player,91.29090118408203,4.118232250213623,solved,,,,,court_feet,observed,homography
38215,43,player,-1.7042685747146606,19.589157104492188,solved,,,,,court_feet,observed,homography
38215,44,player,91.15394592285156,4.322882175445557,solved,,,,,court_feet,observed,homography
38220,43,player,-1.8271340131759644,19.581579208374023,solved,,,,,court_feet,observed,homography
38220,44,player,91.18043518066406,4.346619606018066,solved,,,,,court_feet,observed,homography
38225,43,player,-1.85886812210083,19.648929595947266,solved,,,,,court_feet,observed,homography
38225,44,player,91.3497085571289,4.266050815582275,solved,,,,,court_feet,observed,homography
38230,43,player,-1.8397732973098755,19.662630081176758,solved,,,,,court_feet,observed,homography
38230,44,player,91.66133880615234,4.083128452301025,solved,,,,,court_feet,observed,homography
38235,43,player,-1.8595255613327026,19.603776931762695,solved,,,,,court_feet,observed,homography
38235,44,player,91.5887222290039,4.337010383605957,solved,,,,,court_feet,observed,homography
38240,43,player,-1.8685246706008911,19.55742645263672,solved,,,,,court_feet,observed,homography
38240,44,player,91.87549591064453,4.348852157592773,solved,,,,,court_feet,observed,homography
38245,43,player,-1.8589890003204346,19.552534103393555,solved,,,,,court_feet,observed,homography
38245,44,player,91.78166198730469,4.278709888458252,solved,,,,,court_feet,observed,homography
38250,43,player,-1.9366151094436646,19.55954933166504,solved,,,,,court_feet,observed,homography
38250,44,player,91.73590087890625,4.269839286804199,solved,,,,,court_feet,observed,homography
38255,43,player,-1.9105377197265625,19.595317840576172,solved,,,,,court_feet,observed,homography
38255,44,player,91.64347839355469,4.3032026290893555,solved,,,,,court_feet,observed,homography
38260,43,player,-2.1395397186279297,19.70255470275879,solved,,,,,court_feet,observed,homography
38260,44,player,91.43043518066406,4.242510795593262,solved,,,,,court_feet,observed,homography
38265,43,player,-1.9104654788970947,19.743860244750977,solved,,,,,court_feet,observed,homography
38265,44,player,91.38438415527344,4.3044114112854,solved,,,,,court_feet,observed,homography
38270,43,player,-1.973008155822754,19.843334197998047,solved,,,,,court_feet,observed,homography
38270,44,player,90.99636840820312,4.269298553466797,solved,,,,,court_feet,observed,homography
38275,43,player,-2.028855800628662,19.90922737121582,solved,,,,,court_feet,observed,homography
38275,44,player,90.97225952148438,4.2433624267578125,solved,,,,,court_feet,observed,homography
38280,43,player,-1.9613292217254639,19.91754150390625,solved,,,,,court_feet,observed,homography
38280,44,player,90.9091567993164,4.264174938201904,solved,,,,,court_feet,observed,homography
38285,43,player,-1.9373831748962402,19.92241668701172,solved,,,,,court_feet,observed,homography
38285,44,player,90.57498931884766,4.3740620613098145,solved,,,,,court_feet,observed,homography
38290,43,player,-1.9330768585205078,19.877920150756836,solved,,,,,court_feet,observed,homography
38290,44,player,90.5874252319336,4.489291667938232,solved,,,,,court_feet,observed,homography
38295,43,player,-1.868407964706421,19.875825881958008,solved,,,,,court_feet,observed,homography
38295,44,player,90.71569061279297,4.519331455230713,solved,,,,,court_feet,observed,homography
38300,43,player,-1.770861029624939,19.932153701782227,camera_lock_drift_checked,,,,,court_feet,observed,homography
38300,44,player,89.96256256103516,4.476668834686279,camera_lock_drift_checked,,,,,court_feet,observed,homography
38305,43,player,-1.7176320552825928,19.78831672668457,solved,,,,,court_feet,observed,homography
38305,44,player,90.21435546875,4.597875595092773,solved,,,,,court_feet,observed,homography
38310,43,player,-1.8116393089294434,19.80361557006836,solved,,,,,court_feet,observed,homography
38310,44,player,90.34056091308594,4.581044673919678,solved,,,,,court_feet,observed,homography
38315,43,player,-1.9067555665969849,19.898681640625,solved,,,,,court_feet,observed,homography
38315,44,player,90.19749450683594,4.59100341796875,solved,,,,,court_feet,observed,homography
38320,43,player,-1.8842359781265259,19.893386840820312,camera_lock_drift_checked,,,,,court_feet,observed,homography
38320,44,player,89.20390319824219,4.939927577972412,camera_lock_drift_checked,,,,,court_feet,observed,homography
38325,43,player,-1.9641246795654297,19.934349060058594,solved,,,,,court_feet,observed,homography
38325,44,player,88.66466522216797,5.048119068145752,solved,,,,,court_feet,observed,homography
38330,43,player,-1.9803155660629272,19.949207305908203,solved,,,,,court_feet,observed,homography
38330,44,player,88.77267456054688,5.046410083770752,solved,,,,,court_feet,observed,homography
38335,43,player,-1.9251161813735962,19.900318145751953,solved,,,,,court_feet,observed,homography
38335,44,player,88.87290954589844,5.07536506652832,solved,,,,,court_feet,observed,homography
38340,43,player,-1.8392218351364136,19.871423721313477,solved,,,,,court_feet,observed,homography
38340,44,player,89.06758880615234,5.0211687088012695,solved,,,,,court_feet,observed,homography
38345,43,player,-1.7928400039672852,19.817598342895508,solved,,,,,court_feet,observed,homography
38345,44,player,88.48541259765625,4.863521099090576,solved,,,,,court_feet,observed,homography
38350,43,player,-1.7455865144729614,19.83236312866211,solved,,,,,court_feet,observed,homography
38350,44,player,88.79872131347656,4.7915425300598145,solved,,,,,court_feet,observed,homography
38355,43,player,-1.7212051153182983,19.84390640258789,solved,,,,,court_feet,observed,homography
38355,44,player,88.47802734375,4.781355381011963,solved,,,,,court_feet,observed,homography
38360,43,player,-1.8792977333068848,19.89719009399414,solved,,,,,court_feet,observed,homography
38360,44,player,88.33785247802734,4.792648792266846,solved,,,,,court_feet,observed,homography
38365,43,player,-1.87446928024292,19.893157958984375,solved,,,,,court_feet,observed,homography
38365,44,player,88.25379180908203,4.837796688079834,solved,,,,,court_feet,observed,homography
38370,43,player,-1.794991374015808,19.883142471313477,solved,,,,,court_feet,observed,homography
38370,44,player,88.38943481445312,4.854496002197266,solved,,,,,court_feet,observed,homography
38375,43,player,-1.7599986791610718,19.867794036865234,solved,,,,,court_feet,observed,homography
38375,44,player,88.2295150756836,4.884803771972656,solved,,,,,court_feet,observed,homography
38380,43,player,-1.7801616191864014,19.828067779541016,solved,,,,,court_feet,observed,homography
38380,44,player,88.23760986328125,4.916928768157959,solved,,,,,court_feet,observed,homography
38385,43,player,-1.7611021995544434,19.8425350189209,solved,,,,,court_feet,observed,homography
38385,44,player,88.18033599853516,4.931291580200195,solved,,,,,court_feet,observed,homography
38390,43,player,-1.826083779335022,19.848098754882812,solved,,,,,court_feet,observed,homography
38390,44,player,88.18382263183594,4.903752326965332,solved,,,,,court_feet,observed,homography
38395,43,player,-1.891566514968872,19.876768112182617,solved,,,,,court_feet,observed,homography
38395,44,player,88.02365112304688,4.867151260375977,solved,,,,,court_feet,observed,homography
38400,43,player,-1.9557079076766968,19.931108474731445,solved,,,,,court_feet,observed,homography
38400,44,player,87.92205810546875,4.822225570678711,solved,,,,,court_feet,observed,homography
38405,43,player,-1.9500046968460083,19.924959182739258,solved,,,,,court_feet,observed,homography
38405,44,player,87.85546875,4.835982799530029,solved,,,,,court_feet,observed,homography
38410,43,player,-1.9308654069900513,19.877256393432617,solved,,,,,court_feet,observed,homography
38410,44,player,87.900390625,4.87113094329834,solved,,,,,court_feet,observed,homography
38415,43,player,-1.8823542594909668,19.913127899169922,solved,,,,,court_feet,observed,homography
38415,44,player,88.08705139160156,4.895253658294678,solved,,,,,court_feet,observed,homography
38420,43,player,-2.0711538791656494,19.965635299682617,solved,,,,,court_feet,observed,homography
38420,44,player,87.53446197509766,4.882146835327148,solved,,,,,court_feet,observed,homography
38425,43,player,-1.8905067443847656,19.928810119628906,solved,,,,,court_feet,observed,homography
38425,44,player,87.73518371582031,4.92028284072876,solved,,,,,court_feet,observed,homography
38430,43,player,-1.7739572525024414,19.877622604370117,solved,,,,,court_feet,observed,homography
38430,44,player,88.38758087158203,4.917934894561768,solved,,,,,court_feet,observed,homography
38435,43,player,-1.684515118598938,19.860403060913086,solved,,,,,court_feet,observed,homography
38435,44,player,88.2087631225586,4.972720623016357,solved,,,,,court_feet,observed,homography
38440,43,player,-1.6898711919784546,19.763568878173828,solved,,,,,court_feet,observed,homography
38440,44,player,88.42085266113281,4.9394354820251465,solved,,,,,court_feet,observed,homography
38445,43,player,-1.7204960584640503,19.81519889831543,solved,,,,,court_feet,observed,homography
38445,44,player,89.80929565429688,4.792328357696533,solved,,,,,court_feet,observed,homography
38450,43,player,-1.7607725858688354,19.870615005493164,solved,,,,,court_feet,observed,homography
38450,44,player,88.96959686279297,4.757662773132324,solved,,,,,court_feet,observed,homography
38455,43,player,-1.8472806215286255,19.97378158569336,solved,,,,,court_feet,observed,homography
38455,44,player,88.58853149414062,4.769073963165283,solved,,,,,court_feet,observed,homography
38460,43,player,-1.9070178270339966,19.972999572753906,solved,,,,,court_feet,observed,homography
38460,44,player,88.88887023925781,4.622096538543701,solved,,,,,court_feet,observed,homography
38465,43,player,-1.823521375656128,19.94533920288086,solved,,,,,court_feet,observed,homography
38465,44,player,88.93620300292969,4.601707458496094,solved,,,,,court_feet,observed,homography
38470,43,player,-1.7795790433883667,19.917903900146484,solved,,,,,court_feet,observed,homography
38470,44,player,89.07440185546875,4.616939544677734,solved,,,,,court_feet,observed,homography
38475,43,player,-1.8339929580688477,19.887310028076172,solved,,,,,court_feet,observed,homography
38475,44,player,89.84103393554688,4.528816223144531,solved,,,,,court_feet,observed,homography
38480,43,player,-1.8064604997634888,19.85382080078125,solved,,,,,court_feet,observed,homography
38480,44,player,90.39800262451172,4.462400913238525,solved,,,,,court_feet,observed,homography
38485,43,player,-1.8347985744476318,19.822711944580078,solved,,,,,court_feet,observed,homography
38485,44,player,90.40426635742188,4.319911956787109,solved,,,,,court_feet,observed,homography
38490,43,player,-1.8487515449523926,19.836095809936523,solved,,,,,court_feet,observed,homography
38490,44,player,90.29084014892578,4.316425323486328,solved,,,,,court_feet,observed,homography
38495,43,player,-1.7763632535934448,19.86624526977539,solved,,,,,court_feet,observed,homography
38495,44,player,90.5560302734375,4.262300491333008,solved,,,,,court_feet,observed,homography
38500,43,player,-1.7090615034103394,19.839570999145508,solved,,,,,court_feet,observed,homography
38500,44,player,90.34476470947266,4.346846580505371,solved,,,,,court_feet,observed,homography
38505,43,player,-1.7277277708053589,19.876501083374023,solved,,,,,court_feet,observed,homography
38505,44,player,90.43109893798828,4.3213090896606445,solved,,,,,court_feet,observed,homography
38510,43,player,-1.776903748512268,19.936336517333984,solved,,,,,court_feet,observed,homography
38510,44,player,91.40055084228516,4.2601776123046875,solved,,,,,court_feet,observed,homography
38515,43,player,-1.8837227821350098,19.89436149597168,camera_lock_drift_checked,,,,,court_feet,observed,homography
38515,44,player,91.28546905517578,4.2667951583862305,camera_lock_drift_checked,,,,,court_feet,observed,homography
38520,43,player,-1.7610604763031006,19.912967681884766,solved,,,,,court_feet,observed,homography
38520,44,player,91.40633392333984,4.291860103607178,solved,,,,,court_feet,observed,homography
38525,43,player,-1.7826722860336304,19.878732681274414,solved,,,,,court_feet,observed,homography
38525,44,player,91.62670135498047,4.235426902770996,solved,,,,,court_feet,observed,homography
38530,43,player,-1.8538051843643188,19.873510360717773,solved,,,,,court_feet,observed,homography
38530,44,player,91.56720733642578,4.1748504638671875,solved,,,,,court_feet,observed,homography
38535,43,player,-1.8337117433547974,19.881685256958008,solved,,,,,court_feet,observed,homography
38535,44,player,91.1501693725586,4.202479839324951,solved,,,,,court_feet,observed,homography
38540,43,player,-1.8543399572372437,19.909473419189453,solved,,,,,court_feet,observed,homography
38540,44,player,91.51631927490234,4.230483055114746,solved,,,,,court_feet,observed,homography
38545,43,player,-1.9225826263427734,19.971988677978516,solved,,,,,court_feet,observed,homography
38545,44,player,91.4739761352539,4.245126247406006,solved,,,,,court_feet,observed,homography
38550,43,player,-1.813571810722351,20.089921951293945,solved,,,,,court_feet,observed,homography
38550,44,player,92.43851470947266,4.26741886138916,solved,,,,,court_feet,observed,homography
38555,43,player,-1.7084804773330688,20.161033630371094,solved,,,,,court_feet,observed,homography
38555,44,player,92.2057113647461,4.303030490875244,solved,,,,,court_feet,observed,homography
38560,43,player,-1.7609020471572876,20.18631935119629,camera_lock_drift_checked,,,,,court_feet,observed,homography
38560,44,player,91.64729309082031,4.269826412200928,camera_lock_drift_checked,,,,,court_feet,observed,homography
38565,43,player,-2.0649759769439697,20.22640037536621,solved,,,,,court_feet,observed,homography
38565,44,player,91.70883178710938,4.205019950866699,solved,,,,,court_feet,observed,homography
38570,43,player,-1.999027967453003,20.202375411987305,solved,,,,,court_feet,observed,homography
38570,44,player,91.43392944335938,4.220261573791504,solved,,,,,court_feet,observed,homography
38575,43,player,-2.009262800216675,20.15598487854004,solved,,,,,court_feet,observed,homography
38575,44,player,91.57889556884766,4.093353748321533,solved,,,,,court_feet,observed,homography
38580,43,player,-1.9206076860427856,20.066650390625,solved,,,,,court_feet,observed,homography
38580,44,player,91.58099365234375,4.1210198402404785,solved,,,,,court_feet,observed,homography
38585,43,player,-1.8699116706848145,20.031545639038086,solved,,,,,court_feet,observed,homography
38585,44,player,91.7572250366211,4.175858497619629,solved,,,,,court_feet,observed,homography
38590,43,player,-1.8481205701828003,19.96357536315918,solved,,,,,court_feet,observed,homography
38590,44,player,91.67325592041016,4.1558518409729,solved,,,,,court_feet,observed,homography
38595,43,player,-1.8439915180206299,20.073040008544922,solved,,,,,court_feet,observed,homography
38595,44,player,91.85301971435547,4.161532402038574,solved,,,,,court_feet,observed,homography
38600,43,player,-1.9216372966766357,20.176118850708008,solved,,,,,court_feet,observed,homography
38600,44,player,91.80106353759766,4.159491062164307,solved,,,,,court_feet,observed,homography
38605,43,player,-1.9084420204162598,19.995925903320312,solved,,,,,court_feet,observed,homography
38605,44,player,91.8525619506836,4.139565467834473,solved,,,,,court_feet,observed,homography
38610,43,player,-1.8367500305175781,19.946578979492188,solved,,,,,court_feet,observed,homography
38610,44,player,91.67716979980469,4.10265588760376,solved,,,,,court_feet,observed,homography
38615,43,player,-1.7365275621414185,20.05711555480957,solved,,,,,court_feet,observed,homography
38615,44,player,91.49102020263672,4.099163055419922,solved,,,,,court_feet,observed,homography
38620,43,player,-1.6532076597213745,20.116601943969727,solved,,,,,court_feet,observed,homography
38620,44,player,91.29293060302734,4.161962032318115,solved,,,,,court_feet,observed,homography
38625,43,player,-1.6372736692428589,20.247251510620117,solved,,,,,court_feet,observed,homography
38625,44,player,91.12244415283203,4.183333396911621,solved,,,,,court_feet,observed,homography
38630,43,player,-1.517460823059082,20.29338836669922,camera_lock_drift_checked,,,,,court_feet,observed,homography
38630,44,player,91.69715881347656,4.127859592437744,camera_lock_drift_checked,,,,,court_feet,observed,homography
38635,43,player,-1.3531367778778076,20.380125045776367,solved,,,,,court_feet,observed,homography
38635,44,player,91.46485900878906,4.113221168518066,solved,,,,,court_feet,observed,homography
38640,43,player,-0.7654898762702942,20.216703414916992,solved,,,,,court_feet,observed,homography
38640,44,player,91.0376205444336,4.160788059234619,solved,,,,,court_feet,observed,homography
38645,43,player,0.554158091545105,20.50528907775879,solved,,,,,court_feet,observed,homography
38645,44,player,90.64454650878906,4.170019626617432,solved,,,,,court_feet,observed,homography
38650,43,player,1.2898637056350708,20.662033081054688,solved,,,,,court_feet,observed,homography
38650,44,player,90.80511474609375,4.283016681671143,solved,,,,,court_feet,observed,homography
38655,43,player,2.534839391708374,20.943408966064453,solved,,,,,court_feet,observed,homography
38655,44,player,88.15774536132812,4.708486557006836,solved,,,,,court_feet,observed,homography
38660,43,player,2.051295280456543,21.009376525878906,solved,,,,,court_feet,observed,homography
38660,44,player,88.43636322021484,4.874842166900635,solved,,,,,court_feet,observed,homography
38665,43,player,2.1129932403564453,21.18791961669922,solved,,,,,court_feet,observed,homography
38665,44,player,87.94412994384766,5.007912635803223,solved,,,,,court_feet,observed,homography
38670,43,player,2.0901455879211426,21.428119659423828,solved,,,,,court_feet,observed,homography
38670,44,player,88.0294418334961,4.229233264923096,solved,,,,,court_feet,observed,homography
38675,43,player,2.0205745697021484,21.191505432128906,solved,,,,,court_feet,observed,homography
38675,44,player,88.8406753540039,2.784076452255249,solved,,,,,court_feet,observed,homography
38680,43,player,1.9377174377441406,20.967416763305664,solved,,,,,court_feet,observed,homography
38680,44,player,86.99925231933594,2.1519956588745117,solved,,,,,court_feet,observed,homography
38685,43,player,1.5003412961959839,20.97478485107422,solved,,,,,court_feet,observed,homography
38685,44,player,86.41447448730469,0.9470108151435852,solved,,,,,court_feet,observed,homography
38690,43,player,1.1822855472564697,21.075111389160156,solved,,,,,court_feet,observed,homography
38690,44,player,85.19890594482422,0.12813648581504822,solved,,,,,court_feet,observed,homography
38695,43,player,1.0244534015655518,21.051280975341797,solved,,,,,court_feet,observed,homography
38695,44,player,84.92015838623047,-0.6617647409439087,solved,,,,,court_feet,observed,homography
38700,43,player,0.9744250178337097,21.087194442749023,camera_lock_drift_checked,,,,,court_feet,observed,homography
38700,44,player,84.92449951171875,-1.4070497751235962,camera_lock_drift_checked,,,,,court_feet,observed,homography
38705,43,player,0.9557573199272156,20.985864639282227,solved,,,,,court_feet,observed,homography
38705,44,player,84.5945053100586,-2.157183885574341,solved,,,,,court_feet,observed,homography
38710,43,player,0.9055745601654053,21.011863708496094,solved,,,,,court_feet,observed,homography
38710,44,player,84.04950714111328,-2.507789373397827,solved,,,,,court_feet,observed,homography
38715,43,player,0.7203671932220459,20.90445327758789,solved,,,,,court_feet,observed,homography
38715,44,player,84.03271484375,-2.6885623931884766,solved,,,,,court_feet,observed,homography
38720,43,player,0.5278107523918152,20.7027530670166,solved,,,,,court_feet,observed,homography
38720,44,player,84.26598358154297,-2.8355915546417236,solved,,,,,court_feet,observed,homography
38725,43,player,0.21323972940444946,20.62128448486328,solved,,,,,court_feet,observed,homography
38725,44,player,84.27356719970703,-2.705822467803955,solved,,,,,court_feet,observed,homography
38730,43,player,-0.043694619089365005,20.452302932739258,solved,,,,,court_feet,observed,homography
38730,44,player,84.18222045898438,-2.643498420715332,solved,,,,,court_feet,observed,homography
38735,43,player,-0.12867975234985352,20.417390823364258,camera_lock_drift_checked,,,,,court_feet,observed,homography
38735,44,player,84.18646240234375,-2.673708200454712,camera_lock_drift_checked,,,,,court_feet,observed,homography
38740,43,player,-0.09468874335289001,20.232484817504883,solved,,,,,court_feet,observed,homography
38740,44,player,84.08317565917969,-2.708010673522949,solved,,,,,court_feet,observed,homography
38745,43,player,-0.1959209144115448,20.1491756439209,solved,,,,,court_feet,observed,homography
38745,44,player,84.17910766601562,-2.6990325450897217,solved,,,,,court_feet,observed,homography
38750,43,player,-0.5166347026824951,19.957599639892578,solved,,,,,court_feet,observed,homography
38750,44,player,84.26332092285156,-2.6443583965301514,solved,,,,,court_feet,observed,homography
38755,43,player,-0.9846986532211304,19.714269638061523,solved,,,,,court_feet,observed,homography
38755,44,player,83.79644012451172,-2.471950054168701,solved,,,,,court_feet,observed,homography
38760,43,player,-1.4101792573928833,19.540769577026367,solved,,,,,court_feet,observed,homography
38760,44,player,84.25071716308594,-2.088304281234741,solved,,,,,court_feet,observed,homography
38765,43,player,-1.634639024734497,19.38974952697754,solved,,,,,court_feet,observed,homography
38765,44,player,84.3586654663086,-1.8843234777450562,solved,,,,,court_feet,observed,homography
38770,43,player,-1.5699007511138916,19.33945083618164,solved,,,,,court_feet,observed,homography
38770,44,player,84.3991470336914,-1.6008027791976929,solved,,,,,court_feet,observed,homography
38775,43,player,-1.7534279823303223,19.322690963745117,solved,,,,,court_feet,observed,homography
38775,44,player,84.14049530029297,-1.1789562702178955,solved,,,,,court_feet,observed,homography
38780,43,player,-2.1266772747039795,19.339191436767578,solved,,,,,court_feet,observed,homography
38780,44,player,84.11026000976562,-0.9711315631866455,solved,,,,,court_feet,observed,homography
38785,43,player,-2.1640846729278564,19.238073348999023,solved,,,,,court_feet,observed,homography
38785,44,player,83.96952056884766,-0.8119148015975952,solved,,,,,court_feet,observed,homography
38795,43,player,-2.078516721725464,19.226978302001953,solved,,,,,court_feet,observed,homography
38795,44,player,84.52650451660156,-0.5488211512565613,solved,,,,,court_feet,observed,homography
38800,43,player,-2.019242525100708,19.06900978088379,solved,,,,,court_feet,observed,homography
38800,44,player,84.85362243652344,-0.3903815448284149,solved,,,,,court_feet,observed,homography
38805,43,player,-2.0273807048797607,19.04986572265625,solved,,,,,court_feet,observed,homography
38805,44,player,84.22785949707031,-0.15102143585681915,solved,,,,,court_feet,observed,homography
38810,43,player,-2.0924570560455322,19.04985237121582,camera_lock_drift_checked,,,,,court_feet,observed,homography
38810,44,player,84.69263458251953,0.09487903863191605,camera_lock_drift_checked,,,,,court_feet,observed,homography
38815,43,player,-2.076843023300171,19.109596252441406,solved,,,,,court_feet,observed,homography
38815,44,player,84.79535675048828,0.09495346248149872,solved,,,,,court_feet,observed,homography
38820,43,player,-1.9059940576553345,19.137855529785156,solved,,,,,court_feet,observed,homography
38820,44,player,85.22877502441406,0.34889349341392517,solved,,,,,court_feet,observed,homography
38825,43,player,-1.905741572380066,19.136629104614258,solved,,,,,court_feet,observed,homography
38825,44,player,84.50100708007812,0.7883004546165466,solved,,,,,court_feet,observed,homography
38830,43,player,-2.006793260574341,19.165861129760742,camera_lock_drift_checked,,,,,court_feet,observed,homography
38830,44,player,84.74552154541016,1.2667208909988403,camera_lock_drift_checked,,,,,court_feet,observed,homography
38835,43,player,-1.9261797666549683,19.1739501953125,camera_lock_drift_checked,,,,,court_feet,observed,homography
38835,44,player,85.14901733398438,1.2201533317565918,camera_lock_drift_checked,,,,,court_feet,observed,homography
38840,43,player,-1.8669945001602173,19.169591903686523,solved,,,,,court_feet,observed,homography
38840,44,player,84.92052459716797,1.3785805702209473,solved,,,,,court_feet,observed,homography
38845,43,player,-1.8494458198547363,19.177404403686523,solved,,,,,court_feet,observed,homography
38845,44,player,84.85033416748047,1.61459219455719,solved,,,,,court_feet,observed,homography
38850,43,player,-1.9019259214401245,19.27396583557129,solved,,,,,court_feet,observed,homography
38850,44,player,84.84420776367188,2.226360321044922,solved,,,,,court_feet,observed,homography
38855,43,player,-1.9650352001190186,19.306903839111328,solved,,,,,court_feet,observed,homography
38855,44,player,84.21991729736328,2.5349316596984863,solved,,,,,court_feet,observed,homography
38860,43,player,-1.9236385822296143,19.27482795715332,camera_lock_drift_checked,,,,,court_feet,observed,homography
38860,44,player,84.24813079833984,3.0215206146240234,camera_lock_drift_checked,,,,,court_feet,observed,homography
38865,43,player,-1.9072766304016113,19.208328247070312,solved,,,,,court_feet,observed,homography
38865,44,player,84.19042205810547,3.470632791519165,solved,,,,,court_feet,observed,homography
38870,43,player,-1.8746410608291626,19.186037063598633,solved,,,,,court_feet,observed,homography
38870,44,player,83.94451141357422,3.645014524459839,solved,,,,,court_feet,observed,homography
38875,43,player,-1.888649582862854,19.186269760131836,solved,,,,,court_feet,observed,homography
38875,44,player,83.90446472167969,3.7268552780151367,solved,,,,,court_feet,observed,homography
38880,43,player,-1.8612874746322632,19.13081169128418,solved,,,,,court_feet,observed,homography
38880,44,player,84.38825988769531,3.993562698364258,solved,,,,,court_feet,observed,homography
38885,43,player,-1.8391472101211548,19.1240234375,solved,,,,,court_feet,observed,homography
38885,44,player,83.68196868896484,4.414804458618164,solved,,,,,court_feet,observed,homography
38890,43,player,-1.8464411497116089,19.13787078857422,solved,,,,,court_feet,observed,homography
38890,44,player,82.62422180175781,4.835726261138916,solved,,,,,court_feet,observed,homography
38895,43,player,-1.8799954652786255,19.15009117126465,solved,,,,,court_feet,observed,homography
38895,44,player,82.81756591796875,4.913597106933594,solved,,,,,court_feet,observed,homography
38900,43,player,-1.8232985734939575,19.191375732421875,solved,,,,,court_feet,observed,homography
38900,44,player,82.7459487915039,5.084621906280518,solved,,,,,court_feet,observed,homography
38905,43,player,-1.7011654376983643,19.355865478515625,camera_lock_drift_checked,,,,,court_feet,observed,homography
38905,44,player,83.81716918945312,5.181185245513916,camera_lock_drift_checked,,,,,court_feet,observed,homography
38910,43,player,-1.7888002395629883,19.48802375793457,solved,,,,,court_feet,observed,homography
38910,44,player,82.84174346923828,5.489861965179443,solved,,,,,court_feet,observed,homography
38915,43,player,-1.7571258544921875,19.56078338623047,solved,,,,,court_feet,observed,homography
38915,44,player,83.56682586669922,5.7003374099731445,solved,,,,,court_feet,observed,homography
38920,43,player,-1.6996731758117676,19.63724136352539,camera_lock_drift_checked,,,,,court_feet,observed,homography
38920,44,player,83.87770080566406,5.885217666625977,camera_lock_drift_checked,,,,,court_feet,observed,homography
38925,43,player,-1.7041213512420654,19.655879974365234,camera_lock_drift_checked,,,,,court_feet,observed,homography
38925,44,player,83.92587280273438,5.953726291656494,camera_lock_drift_checked,,,,,court_feet,observed,homography
38930,43,player,-1.9681791067123413,19.688007354736328,solved,,,,,court_feet,observed,homography
38930,44,player,83.3704833984375,6.098036766052246,solved,,,,,court_feet,observed,homography
38935,43,player,-1.978521704673767,19.78660774230957,solved,,,,,court_feet,observed,homography
38935,44,player,76.93690490722656,6.808499813079834,solved,,,,,court_feet,observed,homography
38940,43,player,-1.5778177976608276,19.791017532348633,solved,,,,,court_feet,observed,homography
38940,44,player,82.8795394897461,6.432555198669434,solved,,,,,court_feet,observed,homography
38950,43,player,-1.5958572626113892,19.803197860717773,solved,,,,,court_feet,observed,homography
38950,44,player,83.48991394042969,6.4389238357543945,solved,,,,,court_feet,observed,homography
38955,43,player,-1.6073237657546997,19.763864517211914,solved,,,,,court_feet,observed,homography
38955,44,player,83.39883422851562,6.4128923416137695,solved,,,,,court_feet,observed,homography
38960,43,player,-1.585663914680481,19.72528839111328,solved,,,,,court_feet,observed,homography
38960,44,player,83.71382141113281,6.393582344055176,solved,,,,,court_feet,observed,homography
38965,43,player,-1.6376646757125854,19.739606857299805,solved,,,,,court_feet,observed,homography
38965,44,player,84.05126953125,6.418934345245361,solved,,,,,court_feet,observed,homography
38970,43,player,-1.7144511938095093,19.764680862426758,camera_lock_drift_checked,,,,,court_feet,observed,homography
38970,44,player,83.81672668457031,6.565229415893555,camera_lock_drift_checked,,,,,court_feet,observed,homography
38975,43,player,-1.5796066522598267,19.779420852661133,solved,,,,,court_feet,observed,homography
38975,44,player,83.01187133789062,6.859731197357178,solved,,,,,court_feet,observed,homography
38980,43,player,-1.620883822441101,19.81126594543457,solved,,,,,court_feet,observed,homography
38980,44,player,83.04772186279297,6.937732696533203,solved,,,,,court_feet,observed,homography
38985,43,player,-1.6347962617874146,19.864898681640625,solved,,,,,court_feet,observed,homography
38985,44,player,82.74380493164062,6.973833084106445,solved,,,,,court_feet,observed,homography
38990,43,player,-1.6684170961380005,19.871793746948242,solved,,,,,court_feet,observed,homography
38990,44,player,82.62965393066406,6.970614910125732,solved,,,,,court_feet,observed,homography
38995,43,player,-1.5970968008041382,19.792835235595703,solved,,,,,court_feet,observed,homography
38995,44,player,82.7287368774414,6.918540954589844,solved,,,,,court_feet,observed,homography
39000,43,player,-1.5370286703109741,19.70181655883789,camera_lock_drift_checked,,,,,court_feet,observed,homography
39000,44,player,82.48674011230469,6.793110370635986,camera_lock_drift_checked,,,,,court_feet,observed,homography
39005,43,player,-1.8694140911102295,19.858596801757812,solved,,,,,court_feet,observed,homography
39005,44,player,81.9975357055664,6.598196029663086,solved,,,,,court_feet,observed,homography
39245,45,player,-1.7115553617477417,19.75288963317871,solved,,,,,court_feet,observed,homography
39245,46,player,82.6309814453125,6.632349967956543,solved,,,,,court_feet,observed,homography
39250,45,player,-1.741188645362854,19.91309356689453,solved,,,,,court_feet,observed,homography
39250,46,player,82.45494079589844,6.6583251953125,solved,,,,,court_feet,observed,homography
39260,45,player,-1.8663572072982788,20.11847686767578,solved,,,,,court_feet,observed,homography
39260,46,player,82.771728515625,6.572749614715576,solved,,,,,court_feet,observed,homography
39265,45,player,-1.7772527933120728,20.192068099975586,solved,,,,,court_feet,observed,homography
39265,46,player,82.50804138183594,6.5850911140441895,solved,,,,,court_feet,observed,homography
39270,45,player,-1.47490394115448,20.230098724365234,camera_lock_drift_checked,,,,,court_feet,observed,homography
39270,46,player,81.92339324951172,6.519482612609863,camera_lock_drift_checked,,,,,court_feet,observed,homography
39275,45,player,-1.1724789142608643,20.10730743408203,solved,,,,,court_feet,observed,homography
39275,46,player,81.57233428955078,6.547671794891357,solved,,,,,court_feet,observed,homography
39280,45,player,0.36828190088272095,20.622556686401367,solved,,,,,court_feet,observed,homography
39280,46,player,81.58740997314453,6.5915069580078125,solved,,,,,court_feet,observed,homography
39285,45,player,1.67656672000885,20.592336654663086,camera_lock_drift_checked,,,,,court_feet,observed,homography
39285,46,player,81.70783996582031,6.7266621589660645,camera_lock_drift_checked,,,,,court_feet,observed,homography
39290,45,player,2.0929322242736816,20.75832748413086,solved,,,,,court_feet,observed,homography
39290,46,player,81.37364196777344,7.0176920890808105,solved,,,,,court_feet,observed,homography
39295,45,player,1.992152214050293,20.9894962310791,camera_lock_drift_checked,,,,,court_feet,observed,homography
39295,46,player,79.54486083984375,7.508274555206299,camera_lock_drift_checked,,,,,court_feet,observed,homography
39300,45,player,1.767001748085022,21.000898361206055,solved,,,,,court_feet,observed,homography
39300,46,player,79.82170104980469,7.8982439041137695,solved,,,,,court_feet,observed,homography
39305,45,player,1.7976776361465454,21.109352111816406,solved,,,,,court_feet,observed,homography
39305,46,player,79.7328872680664,8.198040008544922,solved,,,,,court_feet,observed,homography
39310,45,player,1.7410295009613037,20.9283504486084,camera_lock_drift_checked,,,,,court_feet,observed,homography
39310,46,player,79.04642486572266,8.52801513671875,camera_lock_drift_checked,,,,,court_feet,observed,homography
39315,45,player,1.3500490188598633,20.690330505371094,solved,,,,,court_feet,observed,homography
39315,46,player,78.68155670166016,10.018045425415039,solved,,,,,court_feet,observed,homography
39320,45,player,0.6495233774185181,20.38678550720215,solved,,,,,court_feet,observed,homography
39320,46,player,77.7855453491211,10.74209213256836,solved,,,,,court_feet,observed,homography
39325,45,player,-0.40288376808166504,20.21776008605957,solved,,,,,court_feet,observed,homography
39325,46,player,78.17716217041016,11.844931602478027,solved,,,,,court_feet,observed,homography
39330,45,player,-0.793370246887207,20.040443420410156,solved,,,,,court_feet,observed,homography
39330,46,player,79.59016418457031,11.802230834960938,solved,,,,,court_feet,observed,homography
39335,45,player,-1.8555817604064941,19.617734909057617,solved,,,,,court_feet,observed,homography
39335,46,player,75.4452896118164,12.756087303161621,solved,,,,,court_feet,observed,homography
39340,45,player,-2.0795865058898926,19.46942138671875,solved,,,,,court_feet,observed,homography
39340,46,player,77.14386749267578,13.58133602142334,solved,,,,,court_feet,observed,homography
39345,45,player,-3.409231185913086,19.10381507873535,solved,,,,,court_feet,observed,homography
39345,46,player,76.76973724365234,14.572248458862305,solved,,,,,court_feet,observed,homography
39350,45,player,-3.6377112865448,18.25004005432129,solved,,,,,court_feet,observed,homography
39350,46,player,76.21733856201172,15.590693473815918,solved,,,,,court_feet,observed,homography
39355,45,player,-3.504065990447998,16.45417594909668,solved,,,,,court_feet,observed,homography
39355,46,player,75.28702545166016,16.110225677490234,solved,,,,,court_feet,observed,homography
39360,45,player,-3.539499521255493,16.102811813354492,solved,,,,,court_feet,observed,homography
39360,46,player,75.69745635986328,16.08681869506836,solved,,,,,court_feet,observed,homography
39365,45,player,-4.166297435760498,13.99216079711914,solved,,,,,court_feet,observed,homography
39365,46,player,76.29914855957031,16.0780086517334,solved,,,,,court_feet,observed,homography
39370,45,player,-4.683309078216553,13.003631591796875,solved,,,,,court_feet,observed,homography
39370,46,player,75.4928207397461,15.882081031799316,solved,,,,,court_feet,observed,homography
39375,45,player,-4.346736431121826,11.94627857208252,solved,,,,,court_feet,observed,homography
39375,46,player,74.96829986572266,15.787435531616211,solved,,,,,court_feet,observed,homography
39380,45,player,-7.246274471282959,10.77468204498291,solved,,,,,court_feet,observed,homography
39380,46,player,76.18071746826172,15.445923805236816,solved,,,,,court_feet,observed,homography
39385,45,player,-7.2042365074157715,9.340692520141602,solved,,,,,court_feet,observed,homography
39385,46,player,73.88243103027344,15.619750022888184,solved,,,,,court_feet,observed,homography
39390,45,player,-7.111536026000977,8.458256721496582,solved,,,,,court_feet,observed,homography
39390,46,player,70.65536499023438,15.606599807739258,solved,,,,,court_feet,observed,homography
39395,45,player,-7.823183536529541,7.430047035217285,solved,,,,,court_feet,observed,homography
39395,46,player,69.60945892333984,15.422804832458496,solved,,,,,court_feet,observed,homography
39400,45,player,-9.132705688476562,6.828884124755859,solved,,,,,court_feet,observed,homography
39400,46,player,69.76084899902344,15.184097290039062,solved,,,,,court_feet,observed,homography
39410,45,player,-9.942852973937988,5.47863245010376,solved,,,,,court_feet,observed,homography
39410,46,player,66.943115234375,15.32544231414795,solved,,,,,court_feet,observed,homography
39415,45,player,-10.4407377243042,4.890885353088379,solved,,,,,court_feet,observed,homography
39415,46,player,65.3920669555664,15.027010917663574,solved,,,,,court_feet,observed,homography
40405,47,player,-1.8584550619125366,14.696181297302246,solved,,,,,court_feet,observed,homography
40405,48,player,88.23192596435547,30.830671310424805,solved,,,,,court_feet,observed,homography
40445,49,player,-1.7759766578674316,14.835161209106445,solved,,,,,court_feet,observed,homography
40445,50,player,89.43099212646484,31.535423278808594,solved,,,,,court_feet,observed,homography
40450,49,player,-1.8550035953521729,14.895872116088867,solved,,,,,court_feet,observed,homography
40450,50,player,89.27415466308594,31.4658145904541,solved,,,,,court_feet,observed,homography
40455,49,player,-1.6586618423461914,14.923629760742188,solved,,,,,court_feet,observed,homography
40455,50,player,89.40753936767578,31.62575912475586,solved,,,,,court_feet,observed,homography
40460,49,player,-1.588426947593689,14.963441848754883,solved,,,,,court_feet,observed,homography
40460,50,player,89.64814758300781,31.639177322387695,solved,,,,,court_feet,observed,homography
40465,49,player,-1.7526558637619019,15.009073257446289,camera_lock_drift_checked,,,,,court_feet,observed,homography
40465,50,player,89.52067565917969,31.545488357543945,camera_lock_drift_checked,,,,,court_feet,observed,homography
40470,49,player,-1.6300808191299438,14.923198699951172,solved,,,,,court_feet,observed,homography
40470,50,player,89.74832153320312,31.707592010498047,solved,,,,,court_feet,observed,homography
40475,49,player,-1.7347413301467896,14.9016752243042,solved,,,,,court_feet,observed,homography
40475,50,player,89.7389144897461,31.679988861083984,solved,,,,,court_feet,observed,homography
40480,49,player,-1.5738598108291626,14.859090805053711,solved,,,,,court_feet,observed,homography
40480,50,player,89.5920639038086,31.60007667541504,solved,,,,,court_feet,observed,homography
40485,49,player,-1.5099101066589355,14.854727745056152,camera_lock_drift_checked,,,,,court_feet,observed,homography
40485,50,player,89.67386627197266,31.606033325195312,camera_lock_drift_checked,,,,,court_feet,observed,homography
40490,49,player,-1.5191481113433838,14.847745895385742,camera_lock_drift_checked,,,,,court_feet,observed,homography
40490,50,player,89.76722717285156,31.599891662597656,camera_lock_drift_checked,,,,,court_feet,observed,homography
40495,49,player,-1.5557774305343628,14.683335304260254,solved,,,,,court_feet,observed,homography
40495,50,player,90.40856170654297,31.78815269470215,solved,,,,,court_feet,observed,homography
40500,49,player,-1.6195627450942993,14.814079284667969,solved,,,,,court_feet,observed,homography
40500,50,player,90.13453674316406,31.711322784423828,solved,,,,,court_feet,observed,homography
40505,49,player,-1.5778119564056396,14.901895523071289,camera_lock_drift_checked,,,,,court_feet,observed,homography
40505,50,player,89.78668212890625,31.636127471923828,camera_lock_drift_checked,,,,,court_feet,observed,homography
40510,49,player,-1.5241159200668335,14.724059104919434,camera_lock_drift_checked,,,,,court_feet,observed,homography
40510,50,player,89.76985168457031,31.631546020507812,camera_lock_drift_checked,,,,,court_feet,observed,homography
40515,49,player,-1.5175620317459106,14.66816234588623,solved,,,,,court_feet,observed,homography
40515,50,player,89.87808990478516,31.70618438720703,solved,,,,,court_feet,observed,homography
40520,49,player,-1.6234768629074097,14.795626640319824,solved,,,,,court_feet,observed,homography
40520,50,player,89.01622009277344,31.315568923950195,solved,,,,,court_feet,observed,homography
40525,49,player,-1.6353105306625366,14.858892440795898,solved,,,,,court_feet,observed,homography
40525,50,player,89.6345443725586,31.59502601623535,solved,,,,,court_feet,observed,homography
40530,49,player,-1.330547571182251,14.991610527038574,solved,,,,,court_feet,observed,homography
40530,50,player,89.70121765136719,31.640827178955078,solved,,,,,court_feet,observed,homography
40535,49,player,-1.27566659450531,15.093536376953125,solved,,,,,court_feet,observed,homography
40535,50,player,90.42858123779297,31.704811096191406,solved,,,,,court_feet,observed,homography
40540,49,player,-1.2849781513214111,15.199427604675293,solved,,,,,court_feet,observed,homography
40540,50,player,89.99829864501953,31.423202514648438,solved,,,,,court_feet,observed,homography
40545,49,player,-0.13789674639701843,15.280542373657227,solved,,,,,court_feet,observed,homography
40545,50,player,90.36404418945312,31.57135772705078,solved,,,,,court_feet,observed,homography
40550,49,player,1.068496584892273,15.731983184814453,solved,,,,,court_feet,observed,homography
40550,50,player,90.83989715576172,31.46908187866211,solved,,,,,court_feet,observed,homography
40555,49,player,1.8271193504333496,15.824294090270996,solved,,,,,court_feet,observed,homography
40555,50,player,90.18690490722656,31.271286010742188,solved,,,,,court_feet,observed,homography
40560,49,player,1.7270716428756714,15.876279830932617,solved,,,,,court_feet,observed,homography
40560,50,player,87.10494232177734,30.586679458618164,solved,,,,,court_feet,observed,homography
40565,49,player,1.1062273979187012,15.787452697753906,solved,,,,,court_feet,observed,homography
40565,50,player,87.59994506835938,30.745315551757812,solved,,,,,court_feet,observed,homography
40570,49,player,1.6658329963684082,16.043807983398438,solved,,,,,court_feet,observed,homography
40570,50,player,88.85631561279297,30.8819522857666,solved,,,,,court_feet,observed,homography
40575,49,player,3.562303066253662,15.920721054077148,solved,,,,,court_feet,observed,homography
40575,50,player,89.34725189208984,31.20821189880371,solved,,,,,court_feet,observed,homography
40580,49,player,3.867936134338379,15.928808212280273,solved,,,,,court_feet,observed,homography
40580,50,player,88.83959197998047,32.24763107299805,solved,,,,,court_feet,observed,homography
40585,49,player,3.3107056617736816,15.516152381896973,solved,,,,,court_feet,observed,homography
40585,50,player,87.78132629394531,32.88117599487305,solved,,,,,court_feet,observed,homography
40590,49,player,3.3117856979370117,15.4752779006958,solved,,,,,court_feet,observed,homography
40590,50,player,87.96748352050781,33.835941314697266,solved,,,,,court_feet,observed,homography
40595,49,player,2.790433168411255,15.201478958129883,solved,,,,,court_feet,observed,homography
40595,50,player,88.04242706298828,34.2185173034668,solved,,,,,court_feet,observed,homography
40600,49,player,1.8245395421981812,14.778687477111816,solved,,,,,court_feet,observed,homography
40600,50,player,83.1666259765625,34.30828094482422,solved,,,,,court_feet,observed,homography
40605,49,player,1.011322021484375,14.581779479980469,camera_lock_drift_checked,,,,,court_feet,observed,homography
40605,50,player,84.30708312988281,35.04130554199219,camera_lock_drift_checked,,,,,court_feet,observed,homography
40610,49,player,1.020011067390442,14.565903663635254,camera_lock_drift_checked,,,,,court_feet,observed,homography
40610,50,player,85.29327392578125,35.01158142089844,camera_lock_drift_checked,,,,,court_feet,observed,homography
40615,49,player,0.7507582902908325,14.581868171691895,camera_lock_drift_checked,,,,,court_feet,observed,homography
40615,50,player,84.89964294433594,34.970550537109375,camera_lock_drift_checked,,,,,court_feet,observed,homography
40620,49,player,0.16313013434410095,14.465845108032227,solved,,,,,court_feet,observed,homography
40620,50,player,83.9625473022461,34.22245788574219,solved,,,,,court_feet,observed,homography
40625,49,player,-1.5227711200714111,14.518818855285645,solved,,,,,court_feet,observed,homography
40625,50,player,84.55215454101562,33.68450927734375,solved,,,,,court_feet,observed,homography
40630,49,player,-1.591914415359497,14.565580368041992,solved,,,,,court_feet,observed,homography
40630,50,player,85.01002502441406,32.335052490234375,solved,,,,,court_feet,observed,homography
40635,49,player,-1.4801708459854126,14.760491371154785,solved,,,,,court_feet,observed,homography
40635,50,player,83.80786895751953,31.367568969726562,solved,,,,,court_feet,observed,homography
40640,49,player,-1.5483936071395874,14.827282905578613,solved,,,,,court_feet,observed,homography
40640,50,player,85.33428192138672,30.15763282775879,solved,,,,,court_feet,observed,homography
40645,49,player,-1.7390753030776978,14.174211502075195,solved,,,,,court_feet,observed,homography
40645,50,player,84.26292419433594,28.817371368408203,solved,,,,,court_feet,observed,homography
40650,49,player,-1.402533769607544,14.508356094360352,solved,,,,,court_feet,observed,homography
40650,50,player,85.14518737792969,28.160898208618164,solved,,,,,court_feet,observed,homography
40655,49,player,-1.3147528171539307,14.064188957214355,solved,,,,,court_feet,observed,homography
40655,50,player,86.67036437988281,26.907211303710938,solved,,,,,court_feet,observed,homography
40660,49,player,-1.2209891080856323,13.618589401245117,solved,,,,,court_feet,observed,homography
40660,50,player,86.62762451171875,25.595422744750977,solved,,,,,court_feet,observed,homography
40665,49,player,-0.9261292219161987,13.640157699584961,solved,,,,,court_feet,observed,homography
40665,50,player,86.6938247680664,24.504411697387695,solved,,,,,court_feet,observed,homography
40670,49,player,-0.7090299725532532,13.505738258361816,solved,,,,,court_feet,observed,homography
40670,50,player,87.87564849853516,24.286575317382812,solved,,,,,court_feet,observed,homography
40675,49,player,-0.6231635808944702,13.129759788513184,solved,,,,,court_feet,observed,homography
40675,50,player,88.3455581665039,23.865373611450195,solved,,,,,court_feet,observed,homography
40680,49,player,-1.6928514242172241,13.161683082580566,solved,,,,,court_feet,observed,homography
40680,50,player,86.65386199951172,23.047359466552734,solved,,,,,court_feet,observed,homography
40685,49,player,-1.8564929962158203,13.382295608520508,solved,,,,,court_feet,observed,homography
40685,50,player,86.84508514404297,23.411949157714844,solved,,,,,court_feet,observed,homography
40690,49,player,-1.8299659490585327,13.397965431213379,solved,,,,,court_feet,observed,homography
40690,50,player,87.14166259765625,23.44684410095215,solved,,,,,court_feet,observed,homography
40695,49,player,-0.04717935249209404,13.654215812683105,solved,,,,,court_feet,observed,homography
40695,50,player,87.29883575439453,23.509397506713867,solved,,,,,court_feet,observed,homography
40700,49,player,0.7685959339141846,14.176441192626953,camera_lock_drift_checked,,,,,court_feet,observed,homography
40700,50,player,87.0953140258789,23.456575393676758,camera_lock_drift_checked,,,,,court_feet,observed,homography
40705,49,player,0.9501526355743408,14.510531425476074,solved,,,,,court_feet,observed,homography
40705,50,player,87.59317016601562,23.62398910522461,solved,,,,,court_feet,observed,homography
40710,49,player,1.7356756925582886,14.731762886047363,camera_lock_drift_checked,,,,,court_feet,observed,homography
40710,50,player,87.411865234375,23.81024169921875,camera_lock_drift_checked,,,,,court_feet,observed,homography
40715,49,player,3.4640331268310547,14.935439109802246,camera_lock_drift_checked,,,,,court_feet,observed,homography
40715,50,player,87.03389739990234,24.0039119720459,camera_lock_drift_checked,,,,,court_feet,observed,homography
40720,49,player,4.797839164733887,15.226229667663574,solved,,,,,court_feet,observed,homography
40720,50,player,86.7756576538086,23.980606079101562,solved,,,,,court_feet,observed,homography
40725,49,player,5.25813627243042,15.498689651489258,solved,,,,,court_feet,observed,homography
40725,50,player,87.72732543945312,23.820817947387695,solved,,,,,court_feet,observed,homography
40730,49,player,6.188257694244385,15.754813194274902,camera_lock_drift_checked,,,,,court_feet,observed,homography
40730,50,player,87.53535461425781,23.407270431518555,camera_lock_drift_checked,,,,,court_feet,observed,homography
40735,49,player,6.641278266906738,16.0872802734375,camera_lock_drift_checked,,,,,court_feet,observed,homography
40735,50,player,86.57721710205078,23.02337646484375,camera_lock_drift_checked,,,,,court_feet,observed,homography
40740,49,player,7.1192474365234375,16.606035232543945,solved,,,,,court_feet,observed,homography
40740,50,player,86.49050903320312,22.845582962036133,solved,,,,,court_feet,observed,homography
40745,49,player,7.257533550262451,17.08107566833496,solved,,,,,court_feet,observed,homography
40745,50,player,86.90276336669922,22.722558975219727,solved,,,,,court_feet,observed,homography
40750,49,player,8.035539627075195,17.472843170166016,camera_lock_drift_checked,,,,,court_feet,observed,homography
40750,50,player,86.49919891357422,22.401294708251953,camera_lock_drift_checked,,,,,court_feet,observed,homography
40755,49,player,8.332139015197754,17.632078170776367,solved,,,,,court_feet,observed,homography
40755,50,player,87.0422134399414,22.251773834228516,solved,,,,,court_feet,observed,homography
40760,49,player,8.657732009887695,18.171363830566406,solved,,,,,court_feet,observed,homography
40760,50,player,87.52471160888672,22.137454986572266,solved,,,,,court_feet,observed,homography
40765,49,player,8.602269172668457,18.709379196166992,solved,,,,,court_feet,observed,homography
40765,50,player,87.7639389038086,21.82210922241211,solved,,,,,court_feet,observed,homography
40770,49,player,8.690804481506348,19.062458038330078,solved,,,,,court_feet,observed,homography
40770,50,player,87.00139617919922,21.09293556213379,solved,,,,,court_feet,observed,homography
40775,49,player,8.806450843811035,19.431169509887695,solved,,,,,court_feet,observed,homography
40775,50,player,85.5999526977539,21.096538543701172,solved,,,,,court_feet,observed,homography
40780,49,player,8.289554595947266,19.7255916595459,solved,,,,,court_feet,observed,homography
40780,50,player,85.57040405273438,20.973979949951172,solved,,,,,court_feet,observed,homography
40785,49,player,8.219499588012695,20.109872817993164,solved,,,,,court_feet,observed,homography
40785,50,player,86.99872589111328,20.680185317993164,solved,,,,,court_feet,observed,homography
40790,49,player,8.286617279052734,20.515714645385742,solved,,,,,court_feet,observed,homography
40790,50,player,87.5472640991211,20.32866859436035,solved,,,,,court_feet,observed,homography
40795,49,player,8.124297142028809,21.029388427734375,solved,,,,,court_feet,observed,homography
40795,50,player,87.1570053100586,19.49757957458496,solved,,,,,court_feet,observed,homography
41870,51,player,-1.7222167253494263,20.137521743774414,solved,,,,,court_feet,observed,homography
41870,52,player,88.95421600341797,4.849928855895996,solved,,,,,court_feet,observed,homography
41875,51,player,-1.746720552444458,20.263587951660156,solved,,,,,court_feet,observed,homography
41875,52,player,89.23434448242188,4.865232944488525,solved,,,,,court_feet,observed,homography
41880,51,player,-1.7206729650497437,20.271076202392578,solved,,,,,court_feet,observed,homography
41880,52,player,89.60157012939453,4.777487754821777,solved,,,,,court_feet,observed,homography
41885,51,player,-0.8942685127258301,20.16353988647461,solved,,,,,court_feet,observed,homography
41885,52,player,88.83198547363281,4.842135429382324,solved,,,,,court_feet,observed,homography
41890,51,player,-0.3628634512424469,20.161399841308594,solved,,,,,court_feet,observed,homography
41890,52,player,88.89321899414062,4.908146381378174,solved,,,,,court_feet,observed,homography
41895,51,player,1.2116107940673828,20.53897476196289,solved,,,,,court_feet,observed,homography
41895,52,player,89.43545532226562,4.896536827087402,solved,,,,,court_feet,observed,homography
41900,51,player,1.9460827112197876,20.82343864440918,solved,,,,,court_feet,observed,homography
41900,52,player,88.65382385253906,4.912009239196777,solved,,,,,court_feet,observed,homography
41905,51,player,1.433333396911621,20.972209930419922,solved,,,,,court_feet,observed,homography
41905,52,player,87.15267944335938,5.311944961547852,solved,,,,,court_feet,observed,homography
41910,51,player,1.303002119064331,21.03472137451172,solved,,,,,court_feet,observed,homography
41910,52,player,87.01819610595703,5.408341884613037,solved,,,,,court_feet,observed,homography
41915,51,player,1.4036535024642944,20.46462059020996,solved,,,,,court_feet,observed,homography
41915,52,player,87.11265563964844,5.4366583824157715,solved,,,,,court_feet,observed,homography
41920,51,player,1.3594598770141602,20.549205780029297,solved,,,,,court_feet,observed,homography
41920,52,player,87.56918334960938,6.206222057342529,solved,,,,,court_feet,observed,homography
41925,51,player,1.313869595527649,20.158906936645508,solved,,,,,court_feet,observed,homography
41925,52,player,87.78914642333984,7.868305206298828,solved,,,,,court_feet,observed,homography
41930,51,player,1.773087501525879,20.037912368774414,solved,,,,,court_feet,observed,homography
41930,52,player,87.07001495361328,9.55463695526123,solved,,,,,court_feet,observed,homography
41935,51,player,2.2162694931030273,19.517412185668945,solved,,,,,court_feet,observed,homography
41935,52,player,87.63243103027344,11.097277641296387,solved,,,,,court_feet,observed,homography
41940,51,player,2.543793201446533,19.404504776000977,solved,,,,,court_feet,observed,homography
41940,52,player,86.43919372558594,13.149370193481445,solved,,,,,court_feet,observed,homography
41945,51,player,2.4836459159851074,19.296476364135742,solved,,,,,court_feet,observed,homography
41945,52,player,86.84205627441406,12.746282577514648,solved,,,,,court_feet,observed,homography
41950,51,player,2.3102524280548096,19.01808738708496,solved,,,,,court_feet,observed,homography
41950,52,player,87.686279296875,14.674097061157227,solved,,,,,court_feet,observed,homography
41955,51,player,1.645317554473877,18.8149471282959,camera_lock_drift_checked,,,,,court_feet,observed,homography
41955,52,player,85.93390655517578,15.02816104888916,camera_lock_drift_checked,,,,,court_feet,observed,homography
41960,51,player,1.6427102088928223,18.68964958190918,solved,,,,,court_feet,observed,homography
41960,52,player,85.7179946899414,15.754266738891602,solved,,,,,court_feet,observed,homography
41965,51,player,1.460049033164978,18.663068771362305,solved,,,,,court_feet,observed,homography
41965,52,player,84.9317855834961,16.291223526000977,solved,,,,,court_feet,observed,homography
41970,51,player,2.547494411468506,18.80501937866211,solved,,,,,court_feet,observed,homography
41970,52,player,85.6636962890625,17.00217056274414,solved,,,,,court_feet,observed,homography
41975,51,player,3.149406909942627,19.093441009521484,solved,,,,,court_feet,observed,homography
41975,52,player,86.06997680664062,17.558197021484375,solved,,,,,court_feet,observed,homography
41980,51,player,3.219521999359131,19.176923751831055,solved,,,,,court_feet,observed,homography
41980,52,player,85.45246887207031,18.04932403564453,solved,,,,,court_feet,observed,homography
41985,51,player,5.427783489227295,19.626888275146484,solved,,,,,court_feet,observed,homography
41985,52,player,85.93580627441406,18.422666549682617,solved,,,,,court_feet,observed,homography
41990,51,player,7.197720527648926,20.08529281616211,solved,,,,,court_feet,observed,homography
41990,52,player,86.25652313232422,19.062639236450195,solved,,,,,court_feet,observed,homography
41995,51,player,7.717113494873047,20.34758186340332,solved,,,,,court_feet,observed,homography
41995,52,player,86.26961517333984,19.46710205078125,solved,,,,,court_feet,observed,homography
42000,51,player,10.244729995727539,20.789443969726562,solved,,,,,court_feet,observed,homography
42000,52,player,85.98878479003906,19.89556312561035,solved,,,,,court_feet,observed,homography
42005,51,player,10.661256790161133,21.162418365478516,solved,,,,,court_feet,observed,homography
42005,52,player,86.0479736328125,19.957109451293945,solved,,,,,court_feet,observed,homography
42010,51,player,10.927359580993652,21.500186920166016,solved,,,,,court_feet,observed,homography
42010,52,player,86.79940795898438,19.955646514892578,solved,,,,,court_feet,observed,homography
42015,51,player,14.94426441192627,22.325395584106445,camera_lock_drift_checked,,,,,court_feet,observed,homography
42015,52,player,87.074462890625,19.806474685668945,camera_lock_drift_checked,,,,,court_feet,observed,homography
42020,51,player,15.159296035766602,22.915857315063477,solved,,,,,court_feet,observed,homography
42020,52,player,86.68803405761719,19.999042510986328,solved,,,,,court_feet,observed,homography
42025,51,player,16.625965118408203,23.330657958984375,solved,,,,,court_feet,observed,homography
42025,52,player,86.86581420898438,20.127532958984375,solved,,,,,court_feet,observed,homography
42030,51,player,19.76791763305664,24.100000381469727,solved,,,,,court_feet,observed,homography
42030,52,player,86.99790954589844,20.258495330810547,solved,,,,,court_feet,observed,homography
42035,51,player,20.016950607299805,24.949220657348633,solved,,,,,court_feet,observed,homography
42035,52,player,87.63182830810547,20.357336044311523,solved,,,,,court_feet,observed,homography
42040,51,player,21.682531356811523,25.482898712158203,solved,,,,,court_feet,observed,homography
42040,52,player,86.38651275634766,20.39632225036621,solved,,,,,court_feet,observed,homography
42045,51,player,24.892728805541992,26.442035675048828,solved,,,,,court_feet,observed,homography
42045,52,player,86.66584777832031,20.30425262451172,solved,,,,,court_feet,observed,homography
42050,51,player,25.299072265625,27.170650482177734,solved,,,,,court_feet,observed,homography
42050,52,player,86.45702362060547,20.18349838256836,solved,,,,,court_feet,observed,homography
42055,51,player,26.37312889099121,27.77488136291504,solved,,,,,court_feet,observed,homography
42055,52,player,85.78404235839844,20.14484214782715,solved,,,,,court_feet,observed,homography
42060,51,player,28.759105682373047,28.511632919311523,solved,,,,,court_feet,observed,homography
42060,52,player,86.06729888916016,20.271207809448242,solved,,,,,court_feet,observed,homography
42065,51,player,29.11343002319336,28.98775863647461,solved,,,,,court_feet,observed,homography
42065,52,player,86.09521484375,20.509050369262695,solved,,,,,court_feet,observed,homography
42070,51,player,29.652368545532227,29.245084762573242,solved,,,,,court_feet,observed,homography
42070,52,player,85.83167266845703,20.596336364746094,solved,,,,,court_feet,observed,homography
42075,51,player,31.344383239746094,29.529226303100586,solved,,,,,court_feet,observed,homography
42075,52,player,85.65827941894531,20.70302963256836,solved,,,,,court_feet,observed,homography
42080,51,player,32.32245635986328,29.83427619934082,solved,,,,,court_feet,observed,homography
42080,52,player,85.17378234863281,20.679689407348633,solved,,,,,court_feet,observed,homography
42085,51,player,32.71062469482422,30.016334533691406,solved,,,,,court_feet,observed,homography
42085,52,player,84.81568908691406,20.689430236816406,solved,,,,,court_feet,observed,homography
42090,51,player,33.578365325927734,29.88640022277832,solved,,,,,court_feet,observed,homography
42090,52,player,85.052490234375,21.050474166870117,solved,,,,,court_feet,observed,homography
42095,51,player,33.97410202026367,29.818525314331055,solved,,,,,court_feet,observed,homography
42095,52,player,85.87104797363281,21.269685745239258,solved,,,,,court_feet,observed,homography
42100,51,player,34.745582580566406,29.751995086669922,camera_lock_drift_checked,,,,,court_feet,observed,homography
42100,52,player,86.93801879882812,21.485065460205078,camera_lock_drift_checked,,,,,court_feet,observed,homography
42105,51,player,35.37990951538086,29.56377601623535,solved,,,,,court_feet,observed,homography
42105,52,player,85.84847259521484,21.830772399902344,solved,,,,,court_feet,observed,homography
42110,51,player,35.993934631347656,29.398828506469727,solved,,,,,court_feet,observed,homography
42110,52,player,85.29963684082031,22.08701515197754,solved,,,,,court_feet,observed,homography
42115,51,player,36.063873291015625,28.893970489501953,solved,,,,,court_feet,observed,homography
42115,52,player,84.9827651977539,22.157432556152344,solved,,,,,court_feet,observed,homography
42120,51,player,36.062747955322266,28.613994598388672,solved,,,,,court_feet,observed,homography
42120,52,player,84.36103057861328,22.16573143005371,solved,,,,,court_feet,observed,homography
42125,51,player,36.474422454833984,28.047649383544922,solved,,,,,court_feet,observed,homography
42125,52,player,84.44682312011719,22.279436111450195,solved,,,,,court_feet,observed,homography
42130,51,player,36.549747467041016,27.74190330505371,camera_lock_drift_checked,,,,,court_feet,observed,homography
42130,52,player,85.26255798339844,22.996593475341797,camera_lock_drift_checked,,,,,court_feet,observed,homography
42135,51,player,36.45863723754883,27.044921875,solved,,,,,court_feet,observed,homography
42135,52,player,85.69403839111328,23.209375381469727,solved,,,,,court_feet,observed,homography
42140,51,player,36.13278579711914,26.854061126708984,camera_lock_drift_checked,,,,,court_feet,observed,homography
42140,52,player,85.5194091796875,23.60370635986328,camera_lock_drift_checked,,,,,court_feet,observed,homography
42145,51,player,36.11772155761719,26.591676712036133,solved,,,,,court_feet,observed,homography
42145,52,player,85.57960510253906,23.92583656311035,solved,,,,,court_feet,observed,homography
42150,51,player,36.668907165527344,26.236352920532227,solved,,,,,court_feet,observed,homography
42150,52,player,85.55074310302734,24.221330642700195,solved,,,,,court_feet,observed,homography
42155,51,player,35.4239387512207,25.675445556640625,solved,,,,,court_feet,observed,homography
42155,52,player,85.17032623291016,24.331850051879883,solved,,,,,court_feet,observed,homography
43200,53,player,-1.52373206615448,14.672567367553711,solved,,,,,court_feet,observed,homography
43200,54,player,91.27002716064453,31.971233367919922,solved,,,,,court_feet,observed,homography
43205,53,player,-1.4609014987945557,14.912879943847656,solved,,,,,court_feet,observed,homography
43205,54,player,90.29141235351562,31.970500946044922,solved,,,,,court_feet,observed,homography
43210,53,player,-1.46961510181427,14.644196510314941,solved,,,,,court_feet,observed,homography
43210,54,player,90.17868041992188,31.8114070892334,solved,,,,,court_feet,observed,homography
43215,53,player,-1.6141340732574463,14.64909553527832,solved,,,,,court_feet,observed,homography
43215,54,player,90.3424072265625,31.77798080444336,solved,,,,,court_feet,observed,homography
43220,53,player,-1.5419549942016602,14.801212310791016,solved,,,,,court_feet,observed,homography
43220,54,player,89.6717758178711,31.703432083129883,solved,,,,,court_feet,observed,homography
43225,53,player,-1.4196250438690186,14.91622543334961,solved,,,,,court_feet,observed,homography
43225,54,player,89.20143127441406,31.523164749145508,solved,,,,,court_feet,observed,homography
43230,53,player,-1.3192315101623535,15.095931053161621,solved,,,,,court_feet,observed,homography
43230,54,player,89.88825225830078,31.701696395874023,solved,,,,,court_feet,observed,homography
43235,53,player,-1.2958331108093262,15.264057159423828,solved,,,,,court_feet,observed,homography
43235,54,player,89.373291015625,31.612712860107422,solved,,,,,court_feet,observed,homography
43240,53,player,-0.7862926721572876,15.407280921936035,solved,,,,,court_feet,observed,homography
43240,54,player,90.06675720214844,31.548830032348633,solved,,,,,court_feet,observed,homography
43245,53,player,0.11069189012050629,15.646294593811035,solved,,,,,court_feet,observed,homography
43245,54,player,90.00139617919922,31.552209854125977,solved,,,,,court_feet,observed,homography
43250,53,player,1.3390446901321411,16.017412185668945,solved,,,,,court_feet,observed,homography
43250,54,player,89.48637390136719,31.467443466186523,solved,,,,,court_feet,observed,homography
43255,53,player,1.4721331596374512,16.276613235473633,solved,,,,,court_feet,observed,homography
43255,54,player,88.5392837524414,30.791433334350586,solved,,,,,court_feet,observed,homography
43260,53,player,1.1423170566558838,16.293354034423828,solved,,,,,court_feet,observed,homography
43260,54,player,87.15845489501953,30.589115142822266,solved,,,,,court_feet,observed,homography
43265,53,player,0.9687915444374084,16.660337448120117,solved,,,,,court_feet,observed,homography
43265,54,player,86.23712158203125,30.32529640197754,solved,,,,,court_feet,observed,homography
43270,53,player,0.9873548746109009,17.134389877319336,solved,,,,,court_feet,observed,homography
43270,54,player,86.99470520019531,29.828500747680664,solved,,,,,court_feet,observed,homography
43275,53,player,1.1292626857757568,16.905092239379883,solved,,,,,court_feet,observed,homography
43275,54,player,86.99842071533203,28.63776206970215,solved,,,,,court_feet,observed,homography
43280,53,player,1.16248619556427,16.66309356689453,camera_lock_drift_checked,,,,,court_feet,observed,homography
43280,54,player,86.92240905761719,27.806856155395508,camera_lock_drift_checked,,,,,court_feet,observed,homography
43285,53,player,1.4844374656677246,16.729509353637695,solved,,,,,court_feet,observed,homography
43285,54,player,86.99722290039062,27.24407958984375,solved,,,,,court_feet,observed,homography
43290,53,player,2.411846876144409,16.754268646240234,solved,,,,,court_feet,observed,homography
43290,54,player,86.26200866699219,26.356142044067383,solved,,,,,court_feet,observed,homography
43295,53,player,2.531992197036743,16.733139038085938,solved,,,,,court_feet,observed,homography
43295,54,player,87.28177642822266,26.05813217163086,solved,,,,,court_feet,observed,homography
43300,53,player,2.5255932807922363,16.619739532470703,solved,,,,,court_feet,observed,homography
43300,54,player,86.13904571533203,25.128128051757812,solved,,,,,court_feet,observed,homography
43305,53,player,2.491788625717163,16.370038986206055,solved,,,,,court_feet,observed,homography
43305,54,player,86.00857543945312,24.56689453125,solved,,,,,court_feet,observed,homography
43310,53,player,2.379232406616211,16.464380264282227,solved,,,,,court_feet,observed,homography
43310,54,player,85.5533447265625,23.804922103881836,solved,,,,,court_feet,observed,homography
43315,53,player,2.23978853225708,16.25428009033203,solved,,,,,court_feet,observed,homography
43315,54,player,85.1389389038086,23.583473205566406,solved,,,,,court_feet,observed,homography
43320,53,player,2.2793691158294678,16.28293800354004,solved,,,,,court_feet,observed,homography
43320,54,player,85.1750259399414,23.45642852783203,solved,,,,,court_feet,observed,homography
43325,53,player,2.1348321437835693,16.176422119140625,solved,,,,,court_feet,observed,homography
43325,54,player,85.42330169677734,23.502992630004883,solved,,,,,court_feet,observed,homography
43330,53,player,1.8100224733352661,15.89634895324707,solved,,,,,court_feet,observed,homography
43330,54,player,86.0838851928711,23.419023513793945,solved,,,,,court_feet,observed,homography
43335,53,player,1.349796175956726,15.668794631958008,solved,,,,,court_feet,observed,homography
43335,54,player,86.41175842285156,23.41557502746582,solved,,,,,court_feet,observed,homography
43340,53,player,1.1335309743881226,15.506322860717773,solved,,,,,court_feet,observed,homography
43340,54,player,86.16995239257812,23.347280502319336,solved,,,,,court_feet,observed,homography
43345,53,player,1.3123528957366943,15.358721733093262,solved,,,,,court_feet,observed,homography
43345,54,player,85.74466705322266,23.235984802246094,solved,,,,,court_feet,observed,homography
43350,53,player,1.0311912298202515,15.266143798828125,solved,,,,,court_feet,observed,homography
43350,54,player,85.82867431640625,23.360801696777344,solved,,,,,court_feet,observed,homography
43355,53,player,1.0996553897857666,15.14822006225586,solved,,,,,court_feet,observed,homography
43355,54,player,85.85738372802734,23.482194900512695,solved,,,,,court_feet,observed,homography
43360,53,player,1.138736367225647,15.112358093261719,solved,,,,,court_feet,observed,homography
43360,54,player,85.65363311767578,23.61485481262207,solved,,,,,court_feet,observed,homography
43365,53,player,0.9307242631912231,14.998334884643555,camera_lock_drift_checked,,,,,court_feet,observed,homography
43365,54,player,85.5970230102539,23.762571334838867,camera_lock_drift_checked,,,,,court_feet,observed,homography
43370,53,player,0.8246821761131287,14.932100296020508,solved,,,,,court_feet,observed,homography
43370,54,player,85.39849853515625,23.857772827148438,solved,,,,,court_feet,observed,homography
43375,53,player,0.4250339865684509,14.87950325012207,solved,,,,,court_feet,observed,homography
43375,54,player,85.41564178466797,24.034788131713867,solved,,,,,court_feet,observed,homography
43380,53,player,0.1859326958656311,14.963676452636719,solved,,,,,court_feet,observed,homography
43380,54,player,85.78526306152344,24.488611221313477,solved,,,,,court_feet,observed,homography
43385,53,player,-0.06801337003707886,15.036561012268066,solved,,,,,court_feet,observed,homography
43385,54,player,84.91179656982422,24.74631118774414,solved,,,,,court_feet,observed,homography
43390,53,player,-0.42122238874435425,15.045697212219238,solved,,,,,court_feet,observed,homography
43390,54,player,84.55106353759766,24.960941314697266,solved,,,,,court_feet,observed,homography
43395,53,player,-0.5527415871620178,15.016181945800781,camera_lock_drift_checked,,,,,court_feet,observed,homography
43395,54,player,85.87702178955078,25.361074447631836,camera_lock_drift_checked,,,,,court_feet,observed,homography
43400,53,player,-0.7494184374809265,15.033707618713379,solved,,,,,court_feet,observed,homography
43400,54,player,85.41340637207031,25.483779907226562,solved,,,,,court_feet,observed,homography
43405,53,player,-0.44578370451927185,15.007627487182617,solved,,,,,court_feet,observed,homography
43405,54,player,85.47236633300781,25.880319595336914,solved,,,,,court_feet,observed,homography
43410,53,player,-0.4961360991001129,15.007938385009766,solved,,,,,court_feet,observed,homography
43410,54,player,85.45330047607422,26.3719539642334,solved,,,,,court_feet,observed,homography
43415,53,player,-0.6753620505332947,14.87393856048584,solved,,,,,court_feet,observed,homography
43415,54,player,84.68631744384766,26.732805252075195,solved,,,,,court_feet,observed,homography
43420,53,player,-1.0187617540359497,14.785054206848145,solved,,,,,court_feet,observed,homography
43420,54,player,85.10694885253906,27.073421478271484,solved,,,,,court_feet,observed,homography
43425,53,player,-1.2086831331253052,14.788304328918457,solved,,,,,court_feet,observed,homography
43425,54,player,85.23722076416016,27.588239669799805,solved,,,,,court_feet,observed,homography
43430,53,player,-1.5836241245269775,14.731727600097656,solved,,,,,court_feet,observed,homography
43430,54,player,85.11772155761719,27.588212966918945,solved,,,,,court_feet,observed,homography
43435,53,player,-1.2921147346496582,14.667384147644043,solved,,,,,court_feet,observed,homography
43435,54,player,84.63099670410156,27.473806381225586,solved,,,,,court_feet,observed,homography
43440,53,player,-1.308877944946289,14.616697311401367,solved,,,,,court_feet,observed,homography
43440,54,player,84.93633270263672,27.911235809326172,solved,,,,,court_feet,observed,homography
43445,53,player,-1.3693842887878418,14.519811630249023,solved,,,,,court_feet,observed,homography
43445,54,player,85.23641204833984,28.551204681396484,solved,,,,,court_feet,observed,homography
43450,53,player,-1.3999371528625488,14.571745872497559,solved,,,,,court_feet,observed,homography
43450,54,player,85.20994567871094,28.879985809326172,solved,,,,,court_feet,observed,homography
43455,53,player,-1.4589996337890625,14.446937561035156,solved,,,,,court_feet,observed,homography
43455,54,player,84.77599334716797,29.05860710144043,solved,,,,,court_feet,observed,homography
43460,53,player,-1.5030964612960815,14.48027229309082,solved,,,,,court_feet,observed,homography
43460,54,player,84.22576904296875,29.14977264404297,solved,,,,,court_feet,observed,homography
43465,53,player,-1.4591712951660156,14.480610847473145,solved,,,,,court_feet,observed,homography
43465,54,player,83.37992095947266,29.222734451293945,solved,,,,,court_feet,observed,homography
43470,53,player,-1.4625191688537598,14.456583023071289,solved,,,,,court_feet,observed,homography
43470,54,player,83.8771743774414,29.058218002319336,solved,,,,,court_feet,observed,homography
43475,53,player,-1.4243524074554443,14.41952896118164,solved,,,,,court_feet,observed,homography
43475,54,player,83.75728607177734,29.762393951416016,solved,,,,,court_feet,observed,homography
43480,53,player,-1.5208306312561035,14.437395095825195,solved,,,,,court_feet,observed,homography
43480,54,player,84.0389175415039,30.228851318359375,solved,,,,,court_feet,observed,homography
43485,53,player,-1.4538630247116089,14.431306838989258,camera_lock_drift_checked,,,,,court_feet,observed,homography
43485,54,player,84.27210235595703,30.434337615966797,camera_lock_drift_checked,,,,,court_feet,observed,homography
43490,53,player,-1.4566785097122192,14.425804138183594,camera_lock_drift_checked,,,,,court_feet,observed,homography
43490,54,player,83.24966430664062,30.605772018432617,camera_lock_drift_checked,,,,,court_feet,observed,homography
43495,53,player,-1.3605812788009644,14.387321472167969,solved,,,,,court_feet,observed,homography
43495,54,player,84.08576202392578,30.820219039916992,solved,,,,,court_feet,observed,homography
43500,53,player,-1.3493133783340454,14.328598976135254,solved,,,,,court_feet,observed,homography
43500,54,player,84.93933868408203,31.11415672302246,solved,,,,,court_feet,observed,homography
43505,53,player,-1.3857519626617432,14.403461456298828,camera_lock_drift_checked,,,,,court_feet,observed,homography
43505,54,player,83.96314239501953,30.90160369873047,camera_lock_drift_checked,,,,,court_feet,observed,homography
43510,53,player,-1.348681926727295,14.341251373291016,solved,,,,,court_feet,observed,homography
43510,54,player,85.41104125976562,31.32586669921875,solved,,,,,court_feet,observed,homography
43515,53,player,-1.4143071174621582,14.369044303894043,camera_lock_drift_checked,,,,,court_feet,observed,homography
43515,54,player,84.29331970214844,31.051725387573242,camera_lock_drift_checked,,,,,court_feet,observed,homography
43520,53,player,-1.392482042312622,14.329377174377441,solved,,,,,court_feet,observed,homography
43520,54,player,85.07512664794922,31.358274459838867,solved,,,,,court_feet,observed,homography
43525,53,player,-1.4536105394363403,14.36864185333252,solved,,,,,court_feet,observed,homography
43525,54,player,84.37822723388672,31.088302612304688,solved,,,,,court_feet,observed,homography
43530,53,player,-1.3894922733306885,14.505077362060547,camera_lock_drift_checked,,,,,court_feet,observed,homography
43530,54,player,84.50885009765625,31.11305809020996,camera_lock_drift_checked,,,,,court_feet,observed,homography
43535,53,player,-1.3831361532211304,14.63700008392334,camera_lock_drift_checked,,,,,court_feet,observed,homography
43535,54,player,84.3003158569336,31.11408233642578,camera_lock_drift_checked,,,,,court_feet,observed,homography
43540,53,player,-1.369147777557373,14.698375701904297,camera_lock_drift_checked,,,,,court_feet,observed,homography
43540,54,player,84.31434631347656,31.06300926208496,camera_lock_drift_checked,,,,,court_feet,observed,homography
43545,53,player,-1.511102557182312,14.7197847366333,camera_lock_drift_checked,,,,,court_feet,observed,homography
43545,54,player,84.32723236083984,30.995357513427734,camera_lock_drift_checked,,,,,court_feet,observed,homography
43550,53,player,-1.4779880046844482,14.71882152557373,camera_lock_drift_checked,,,,,court_feet,observed,homography
43550,54,player,84.23794555664062,30.967832565307617,camera_lock_drift_checked,,,,,court_feet,observed,homography
43555,53,player,-1.4204673767089844,14.709390640258789,camera_lock_drift_checked,,,,,court_feet,observed,homography
43555,54,player,84.29080963134766,30.92778205871582,camera_lock_drift_checked,,,,,court_feet,observed,homography
43560,53,player,-1.4098329544067383,14.750602722167969,solved,,,,,court_feet,observed,homography
43560,54,player,84.15914916992188,30.87537956237793,solved,,,,,court_feet,observed,homography
43565,53,player,-1.4063960313796997,14.718608856201172,camera_lock_drift_checked,,,,,court_feet,observed,homography
43565,54,player,84.53559112548828,30.979576110839844,camera_lock_drift_checked,,,,,court_feet,observed,homography
43570,53,player,-1.4106974601745605,14.754490852355957,solved,,,,,court_feet,observed,homography
43570,54,player,84.44558715820312,31.17658805847168,solved,,,,,court_feet,observed,homography
43575,53,player,-1.5117554664611816,14.771932601928711,solved,,,,,court_feet,observed,homography
43575,54,player,84.54203033447266,31.077444076538086,solved,,,,,court_feet,observed,homography
43580,53,player,-1.5117511749267578,14.752147674560547,solved,,,,,court_feet,observed,homography
43580,54,player,84.35816955566406,31.093801498413086,solved,,,,,court_feet,observed,homography
43585,53,player,-1.420395851135254,14.699212074279785,solved,,,,,court_feet,observed,homography
43585,54,player,84.09172821044922,31.395051956176758,solved,,,,,court_feet,observed,homography
43590,53,player,-1.4367319345474243,14.735699653625488,solved,,,,,court_feet,observed,homography
43590,54,player,83.9667739868164,31.413785934448242,solved,,,,,court_feet,observed,homography
43595,53,player,-1.4541842937469482,14.757801055908203,solved,,,,,court_feet,observed,homography
43595,54,player,83.46855926513672,31.26262664794922,solved,,,,,court_feet,observed,homography
43600,53,player,-1.4154703617095947,14.794973373413086,solved,,,,,court_feet,observed,homography
43600,54,player,83.23717498779297,31.126920700073242,solved,,,,,court_feet,observed,homography
43605,53,player,-1.4448320865631104,14.795713424682617,solved,,,,,court_feet,observed,homography
43605,54,player,82.55355834960938,30.763259887695312,solved,,,,,court_feet,observed,homography
43610,53,player,-1.5350810289382935,14.781362533569336,solved,,,,,court_feet,observed,homography
43610,54,player,82.64360046386719,30.765832901000977,solved,,,,,court_feet,observed,homography
43615,53,player,-1.5343502759933472,14.753780364990234,camera_lock_drift_checked,,,,,court_feet,observed,homography
43615,54,player,83.00277709960938,30.94388198852539,camera_lock_drift_checked,,,,,court_feet,observed,homography
43620,53,player,-1.4824937582015991,14.735091209411621,solved,,,,,court_feet,observed,homography
43620,54,player,83.04890441894531,31.083553314208984,solved,,,,,court_feet,observed,homography
43625,53,player,-1.4136356115341187,14.69926643371582,solved,,,,,court_feet,observed,homography
43625,54,player,83.53096771240234,31.296640396118164,solved,,,,,court_feet,observed,homography
43630,53,player,-1.4115149974822998,14.706902503967285,solved,,,,,court_feet,observed,homography
43630,54,player,83.54281616210938,31.288911819458008,solved,,,,,court_feet,observed,homography
43635,53,player,-1.4057098627090454,14.7111177444458,solved,,,,,court_feet,observed,homography
43635,54,player,83.51239776611328,31.292158126831055,solved,,,,,court_feet,observed,homography
43640,53,player,-1.4797475337982178,14.673505783081055,solved,,,,,court_feet,observed,homography
43640,54,player,82.97075653076172,31.208335876464844,solved,,,,,court_feet,observed,homography
43645,53,player,-1.5228464603424072,14.727591514587402,solved,,,,,court_feet,observed,homography
43645,54,player,83.12052917480469,31.201021194458008,solved,,,,,court_feet,observed,homography
43650,53,player,-1.5538407564163208,14.735279083251953,solved,,,,,court_feet,observed,homography
43650,54,player,82.89034271240234,31.01386260986328,solved,,,,,court_feet,observed,homography
43655,53,player,-1.4780330657958984,14.731385231018066,solved,,,,,court_feet,observed,homography
43655,54,player,82.69935607910156,30.97186279296875,solved,,,,,court_feet,observed,homography
43660,53,player,-1.5216728448867798,14.752803802490234,solved,,,,,court_feet,observed,homography
43660,54,player,82.52172088623047,30.84185028076172,solved,,,,,court_feet,observed,homography
43665,53,player,-1.5438086986541748,14.734657287597656,solved,,,,,court_feet,observed,homography
43665,54,player,82.51919555664062,30.958465576171875,solved,,,,,court_feet,observed,homography
43670,53,player,-1.541542649269104,14.751970291137695,solved,,,,,court_feet,observed,homography
43670,54,player,82.71227264404297,31.072189331054688,solved,,,,,court_feet,observed,homography
43675,53,player,-1.4994544982910156,14.768404006958008,solved,,,,,court_feet,observed,homography
43675,54,player,82.86028289794922,31.163063049316406,solved,,,,,court_feet,observed,homography
43680,53,player,-1.3782367706298828,14.775015830993652,solved,,,,,court_feet,observed,homography
43680,54,player,83.17555236816406,31.37783432006836,solved,,,,,court_feet,observed,homography
43685,53,player,-1.4080078601837158,14.8080472946167,solved,,,,,court_feet,observed,homography
43685,54,player,82.7990493774414,31.155912399291992,solved,,,,,court_feet,observed,homography
43690,53,player,-1.3091708421707153,14.800264358520508,solved,,,,,court_feet,observed,homography
43690,54,player,82.98873901367188,31.268251419067383,solved,,,,,court_feet,observed,homography
43695,53,player,-1.3776881694793701,14.813980102539062,solved,,,,,court_feet,observed,homography
43695,54,player,82.77881622314453,31.135164260864258,solved,,,,,court_feet,observed,homography
43700,53,player,-1.4874927997589111,14.836996078491211,camera_lock_drift_checked,,,,,court_feet,observed,homography
43700,54,player,83.09766387939453,31.250123977661133,camera_lock_drift_checked,,,,,court_feet,observed,homography
43705,53,player,-1.3730922937393188,14.950613021850586,solved,,,,,court_feet,observed,homography
43705,54,player,83.01884460449219,31.188213348388672,solved,,,,,court_feet,observed,homography
43710,53,player,-1.253780484199524,14.945538520812988,solved,,,,,court_feet,observed,homography
43710,54,player,83.45207977294922,31.35428810119629,solved,,,,,court_feet,observed,homography
43715,53,player,-1.2484709024429321,15.00385856628418,solved,,,,,court_feet,observed,homography
43715,54,player,82.85701751708984,31.182069778442383,solved,,,,,court_feet,observed,homography
43720,53,player,-1.3484150171279907,15.030485153198242,solved,,,,,court_feet,observed,homography
43720,54,player,82.58078002929688,31.02716636657715,solved,,,,,court_feet,observed,homography
43725,53,player,-1.389216661453247,14.848333358764648,solved,,,,,court_feet,observed,homography
43725,54,player,83.52127075195312,31.367746353149414,solved,,,,,court_feet,observed,homography
43730,53,player,-1.4380812644958496,14.879277229309082,solved,,,,,court_feet,observed,homography
43730,54,player,83.57595825195312,31.31196403503418,solved,,,,,court_feet,observed,homography
43735,53,player,-1.1984056234359741,14.870162963867188,solved,,,,,court_feet,observed,homography
43735,54,player,83.45014190673828,31.298648834228516,solved,,,,,court_feet,observed,homography
43740,53,player,-1.302708625793457,14.875741004943848,solved,,,,,court_feet,observed,homography
43740,54,player,83.08180236816406,31.194034576416016,solved,,,,,court_feet,observed,homography
43745,53,player,-1.2508803606033325,14.82909107208252,solved,,,,,court_feet,observed,homography
43745,54,player,82.70081329345703,31.05219841003418,solved,,,,,court_feet,observed,homography
43750,53,player,-1.3546011447906494,14.949440956115723,solved,,,,,court_feet,observed,homography
43750,54,player,82.3015365600586,31.00293731689453,solved,,,,,court_feet,observed,homography
43755,53,player,-1.454988718032837,15.062253952026367,solved,,,,,court_feet,observed,homography
43755,54,player,82.36280822753906,30.92547607421875,solved,,,,,court_feet,observed,homography
43760,53,player,-1.4395710229873657,14.856608390808105,solved,,,,,court_feet,observed,homography
43760,54,player,82.99993133544922,31.1888370513916,solved,,,,,court_feet,observed,homography
43765,53,player,-1.4166319370269775,14.688438415527344,solved,,,,,court_feet,observed,homography
43765,54,player,83.38578033447266,31.3384952545166,solved,,,,,court_feet,observed,homography
43770,53,player,-1.3967164754867554,14.748566627502441,solved,,,,,court_feet,observed,homography
43770,54,player,83.37106323242188,31.401321411132812,solved,,,,,court_feet,observed,homography
43775,53,player,-1.4592337608337402,14.851929664611816,solved,,,,,court_feet,observed,homography
43775,54,player,83.13465118408203,31.278541564941406,solved,,,,,court_feet,observed,homography
43780,53,player,-1.3831032514572144,14.981156349182129,solved,,,,,court_feet,observed,homography
43780,54,player,83.24801635742188,31.274763107299805,solved,,,,,court_feet,observed,homography
43785,53,player,-1.196101188659668,15.106592178344727,solved,,,,,court_feet,observed,homography
43785,54,player,83.2525634765625,31.256879806518555,solved,,,,,court_feet,observed,homography
43790,53,player,-1.2893047332763672,15.212248802185059,solved,,,,,court_feet,observed,homography
43790,54,player,83.09796905517578,31.217836380004883,solved,,,,,court_feet,observed,homography
43795,53,player,-0.17937932908535004,15.1419677734375,solved,,,,,court_feet,observed,homography
43795,54,player,82.3558349609375,31.12542724609375,solved,,,,,court_feet,observed,homography
43800,53,player,0.7244837284088135,15.714827537536621,solved,,,,,court_feet,observed,homography
43800,54,player,82.81217193603516,31.163145065307617,solved,,,,,court_feet,observed,homography
43805,53,player,1.6923317909240723,15.919272422790527,solved,,,,,court_feet,observed,homography
43805,54,player,82.63259887695312,31.113767623901367,solved,,,,,court_feet,observed,homography
43810,53,player,2.292386293411255,15.851226806640625,solved,,,,,court_feet,observed,homography
43810,54,player,81.14745330810547,31.0162296295166,solved,,,,,court_feet,observed,homography
43815,53,player,1.3693459033966064,15.862634658813477,solved,,,,,court_feet,observed,homography
43815,54,player,78.80978393554688,30.994762420654297,solved,,,,,court_feet,observed,homography
43820,53,player,1.3735367059707642,15.898604393005371,solved,,,,,court_feet,observed,homography
43820,54,player,78.8658218383789,30.98613739013672,solved,,,,,court_feet,observed,homography
43825,53,player,1.2898056507110596,16.00855827331543,solved,,,,,court_feet,observed,homography
43825,54,player,81.27009582519531,31.844497680664062,solved,,,,,court_feet,observed,homography
43830,53,player,1.3408316373825073,16.25082778930664,solved,,,,,court_feet,observed,homography
43830,54,player,79.26322937011719,31.95591163635254,solved,,,,,court_feet,observed,homography
43835,53,player,0.4614231288433075,16.171524047851562,solved,,,,,court_feet,observed,homography
43835,54,player,79.0489273071289,32.530616760253906,solved,,,,,court_feet,observed,homography
43840,53,player,0.3368660807609558,16.147377014160156,solved,,,,,court_feet,observed,homography
43840,54,player,79.65036010742188,33.56027603149414,solved,,,,,court_feet,observed,homography
43845,53,player,-0.14986364543437958,15.871162414550781,solved,,,,,court_feet,observed,homography
43845,54,player,81.20440673828125,34.604461669921875,solved,,,,,court_feet,observed,homography
43850,53,player,-1.490148663520813,15.315787315368652,solved,,,,,court_feet,observed,homography
43850,54,player,80.36430358886719,35.50160217285156,solved,,,,,court_feet,observed,homography
43855,53,player,-1.9046746492385864,15.226701736450195,solved,,,,,court_feet,observed,homography
43855,54,player,79.73541259765625,35.61525344848633,solved,,,,,court_feet,observed,homography
43860,53,player,-2.085841178894043,15.262747764587402,solved,,,,,court_feet,observed,homography
43860,54,player,79.56600189208984,35.63283157348633,solved,,,,,court_feet,observed,homography
43865,53,player,-3.0899078845977783,15.522854804992676,solved,,,,,court_feet,observed,homography
43865,54,player,79.93043518066406,35.79080581665039,solved,,,,,court_feet,observed,homography
43870,53,player,-3.1286187171936035,17.00100326538086,solved,,,,,court_feet,observed,homography
43870,54,player,78.53523254394531,35.49349594116211,solved,,,,,court_feet,observed,homography
43875,53,player,-2.748657464981079,17.952299118041992,camera_lock_drift_checked,,,,,court_feet,observed,homography
43875,54,player,78.90599822998047,35.4799919128418,camera_lock_drift_checked,,,,,court_feet,observed,homography
43880,53,player,-2.646664619445801,18.633790969848633,solved,,,,,court_feet,observed,homography
43880,54,player,78.47459411621094,35.27111053466797,solved,,,,,court_feet,observed,homography
43885,53,player,-3.255840301513672,19.651430130004883,solved,,,,,court_feet,observed,homography
43885,54,player,79.2392578125,34.891483306884766,solved,,,,,court_feet,observed,homography
43890,53,player,-3.6646721363067627,20.682104110717773,solved,,,,,court_feet,observed,homography
43890,54,player,78.86337280273438,34.88199996948242,solved,,,,,court_feet,observed,homography
43895,53,player,-5.788530349731445,21.434709548950195,solved,,,,,court_feet,observed,homography
43895,54,player,78.80599975585938,34.49873352050781,solved,,,,,court_feet,observed,homography
43900,53,player,-5.911410331726074,22.376298904418945,solved,,,,,court_feet,observed,homography
43900,54,player,79.4686050415039,34.15193176269531,solved,,,,,court_feet,observed,homography
43905,53,player,-5.881962776184082,23.311471939086914,solved,,,,,court_feet,observed,homography
43905,54,player,78.80170440673828,33.36617660522461,solved,,,,,court_feet,observed,homography
43910,53,player,-5.466399192810059,23.84249496459961,solved,,,,,court_feet,observed,homography
43910,54,player,78.70909118652344,33.0261344909668,solved,,,,,court_feet,observed,homography
43915,53,player,-6.006314754486084,24.391239166259766,solved,,,,,court_feet,observed,homography
43915,54,player,79.24925994873047,32.705142974853516,solved,,,,,court_feet,observed,homography
43920,53,player,-6.334914207458496,24.437175750732422,solved,,,,,court_feet,observed,homography
43920,54,player,79.01708221435547,32.465782165527344,solved,,,,,court_feet,observed,homography
43925,53,player,-6.282198905944824,24.602968215942383,solved,,,,,court_feet,observed,homography
43925,54,player,79.46820068359375,31.999561309814453,solved,,,,,court_feet,observed,homography
43930,53,player,-6.127358913421631,25.00728988647461,solved,,,,,court_feet,observed,homography
43930,54,player,78.46134185791016,31.700977325439453,solved,,,,,court_feet,observed,homography
43935,53,player,-6.023172855377197,25.63957977294922,solved,,,,,court_feet,observed,homography
43935,54,player,77.61386108398438,31.238140106201172,solved,,,,,court_feet,observed,homography
43940,53,player,-5.838580131530762,25.91195297241211,solved,,,,,court_feet,observed,homography
43940,54,player,78.8830337524414,31.395715713500977,solved,,,,,court_feet,observed,homography
43945,53,player,-5.871085166931152,26.002296447753906,solved,,,,,court_feet,observed,homography
43945,54,player,78.75992584228516,31.224079132080078,solved,,,,,court_feet,observed,homography
43950,53,player,-5.499940395355225,26.37494659423828,solved,,,,,court_feet,observed,homography
43950,54,player,78.38574981689453,31.134233474731445,solved,,,,,court_feet,observed,homography
43955,53,player,-5.652759552001953,26.718772888183594,solved,,,,,court_feet,observed,homography
43955,54,player,77.97882843017578,31.034366607666016,solved,,,,,court_feet,observed,homography
43960,53,player,-5.57306432723999,27.02225685119629,camera_lock_drift_checked,,,,,court_feet,observed,homography
43960,54,player,77.35636138916016,30.751190185546875,camera_lock_drift_checked,,,,,court_feet,observed,homography
43965,53,player,-5.506985187530518,27.754098892211914,solved,,,,,court_feet,observed,homography
43965,54,player,77.81873321533203,30.841182708740234,solved,,,,,court_feet,observed,homography
43970,53,player,-5.361677169799805,28.051443099975586,solved,,,,,court_feet,observed,homography
43970,54,player,77.04087829589844,30.61349105834961,solved,,,,,court_feet,observed,homography
43975,53,player,-5.166999816894531,28.34086036682129,solved,,,,,court_feet,observed,homography
43975,54,player,76.46044921875,30.385761260986328,solved,,,,,court_feet,observed,homography
43980,53,player,-4.490230560302734,28.59559440612793,solved,,,,,court_feet,observed,homography
43980,54,player,76.12197875976562,30.43895721435547,solved,,,,,court_feet,observed,homography
43985,53,player,-3.567044734954834,28.725603103637695,solved,,,,,court_feet,observed,homography
43985,54,player,75.73224639892578,30.60296630859375,solved,,,,,court_feet,observed,homography
43990,53,player,-3.43098783493042,28.831199645996094,camera_lock_drift_checked,,,,,court_feet,observed,homography
43990,54,player,75.56649017333984,30.66779327392578,camera_lock_drift_checked,,,,,court_feet,observed,homography
43995,53,player,-3.238909959793091,29.07927703857422,camera_lock_drift_checked,,,,,court_feet,observed,homography
43995,54,player,74.13137817382812,30.59544563293457,camera_lock_drift_checked,,,,,court_feet,observed,homography
5,99,ball,,,solved,rejected,outside_physical_envelope,50.7114480472722,41.105861503163865,court_feet,observed,homography
15,99,ball,,,solved,rejected,outside_physical_envelope,53.24029808820342,42.08292151985144,court_feet,observed,homography
5505,99,ball,,,solved,rejected,outside_physical_envelope,120.6856418071116,3.8216066509978384,court_feet,observed,homography
5535,99,ball,,,solved,rejected,outside_physical_envelope,123.96653954737587,2.9803444105984336,court_feet,observed,homography
5575,99,ball,22.926232997066602,23.54215160156024,solved,accepted,,22.926232997066602,23.54215160156024,court_feet,observed,homography
5585,99,ball,20.45427488450804,22.26504385343527,solved,accepted,,20.45427488450804,22.26504385343527,court_feet,observed,homography
5595,99,ball,19.124666501639314,22.49329651077591,camera_lock_drift_checked,accepted,,19.124666501639314,22.49329651077591,court_feet,observed,homography
5600,99,ball,18.499135696586805,22.54984738878204,camera_lock_drift_checked,accepted,,18.499135696586805,22.54984738878204,court_feet,observed,homography
5630,99,ball,,,camera_lock_drift_checked,rejected,outside_physical_envelope,123.42209378367767,2.0137693796435965,court_feet,observed,homography
5650,99,ball,,,solved,rejected,outside_physical_envelope,115.41252955145556,-3.8663937256447096,court_feet,observed,homography
5660,99,ball,,,solved,rejected,outside_physical_envelope,96.50367496070022,0.9121777548817677,court_feet,observed,homography
5665,99,ball,,,camera_lock_drift_checked,rejected,outside_physical_envelope,91.10483164968201,-1.973478872755915,court_feet,observed,homography
5670,99,ball,,,solved,rejected,outside_physical_envelope,85.86985647770582,-5.152757775978876,court_feet,observed,homography
5700,99,ball,,,solved,rejected,outside_physical_envelope,92.21086994165434,-2.5351370747060047,court_feet,observed,homography
5725,99,ball,18.719655269042875,7.375059284563165,solved,accepted,,18.719655269042875,7.375059284563165,court_feet,observed,homography
5745,99,ball,30.968043079165643,6.202969477071911,camera_lock_drift_checked,accepted,,30.968043079165643,6.202969477071911,court_feet,observed,homography
5760,99,ball,25.529739160273433,5.7058387084575095,camera_lock_drift_checked,accepted,,25.529739160273433,5.7058387084575095,court_feet,observed,homography
5775,99,ball,20.425014876161388,4.2816895857226465,solved,accepted,,20.425014876161388,4.2816895857226465,court_feet,observed,homography
5800,99,ball,,,solved,rejected,outside_physical_envelope,92.39540479481167,2.9539578754344706,court_feet,observed,homography
5810,99,ball,,,solved,rejected,outside_physical_envelope,91.84783067220798,3.4592820461121336,court_feet,observed,homography
5850,99,ball,,,solved,rejected,outside_physical_envelope,110.64635113367736,41.552620925223444,court_feet,observed,homography
5865,99,ball,,,solved,rejected,outside_physical_envelope,63.958098562029505,41.36752055566144,court_feet,observed,homography
5890,99,ball,,,solved,rejected,outside_physical_envelope,137.3832469131494,50.263421935169305,court_feet,observed,homography
6795,99,ball,,,solved,rejected,outside_physical_envelope,132.3673267266502,36.709312393683106,court_feet,observed,homography
6835,99,ball,,,solved,rejected,outside_physical_envelope,104.58354362138878,30.061847217027697,court_feet,observed,homography
6845,99,ball,,,solved,rejected,outside_physical_envelope,102.73040728869316,29.370700860778047,court_feet,observed,homography
6850,99,ball,,,solved,rejected,outside_physical_envelope,99.33176724610587,28.382165606533185,court_feet,observed,homography
6865,99,ball,,,solved,rejected,outside_physical_envelope,90.10745200056228,22.924328465277483,court_feet,observed,homography
6875,99,ball,,,camera_lock_drift_checked,rejected,outside_physical_envelope,89.01609855083842,25.652458688544733,court_feet,observed,homography
6895,99,ball,,,solved,rejected,outside_physical_envelope,117.75707714828077,28.426819025886612,court_feet,observed,homography
6900,99,ball,,,solved,rejected,outside_physical_envelope,131.0201119464245,28.426019895780207,court_feet,observed,homography
6920,99,ball,,,solved,rejected,outside_physical_envelope,88.24469014970332,25.30623440673229,court_feet,observed,homography
6940,99,ball,41.86337813443198,32.3680053913306,solved,accepted,,41.86337813443198,32.3680053913306,court_feet,observed,homography
6945,99,ball,42.00033005524619,32.34751469041036,camera_lock_drift_checked,accepted,,42.00033005524619,32.34751469041036,court_feet,observed,homography
6965,99,ball,,,solved,rejected,outside_physical_envelope,96.61521089059205,29.655346043602105,court_feet,observed,homography
6970,99,ball,,,solved,rejected,outside_physical_envelope,128.97120125901537,32.025669100298494,court_feet,observed,homography
6975,99,ball,,,solved,rejected,outside_physical_envelope,128.70622351824764,32.47863564601915,court_feet,observed,homography
6985,99,ball,,,solved,rejected,outside_physical_envelope,86.13162057811665,29.515051682337365,court_feet,observed,homography
7025,99,ball,,,camera_lock_drift_checked,rejected,outside_physical_envelope,103.4931515084397,31.56990200739583,court_feet,observed,homography
7030,99,ball,,,camera_lock_drift_checked,rejected,outside_physical_envelope,106.29109361085736,32.124852183913234,court_feet,observed,homography
7040,99,ball,,,camera_lock_drift_checked,rejected,outside_physical_envelope,107.79522066477975,33.00358676735125,court_feet,observed,homography
7045,99,ball,,,solved,rejected,outside_physical_envelope,89.10190089208723,31.0822110590555,court_feet,observed,homography
7055,99,ball,,,solved,rejected,outside_physical_envelope,113.15863246728908,33.78881050374397,court_feet,observed,homography
7070,99,ball,,,solved,rejected,outside_physical_envelope,89.38134265722067,31.971725389149274,court_feet,observed,homography
7090,99,ball,,,camera_lock_drift_checked,rejected,outside_physical_envelope,127.87622362159878,33.99537463819893,court_feet,observed,homography
7110,99,ball,,,solved,rejected,outside_physical_envelope,87.9037119422514,30.143863025933953,court_feet,observed,homography
7115,99,ball,,,solved,rejected,outside_physical_envelope,95.38373771817187,30.741601135475484,court_feet,observed,homography
7130,99,ball,,,camera_lock_drift_checked,rejected,outside_physical_envelope,122.27968865045874,33.039095180700514,court_feet,observed,homography
7135,99,ball,,,camera_lock_drift_checked,rejected,outside_physical_envelope,122.44308522577197,32.75024973934999,court_feet,observed,homography
7160,99,ball,,,solved,rejected,outside_physical_envelope,112.65643358885106,34.471525755951646,court_feet,observed,homography
7165,99,ball,,,solved,rejected,outside_physical_envelope,121.42591243222265,34.01679490267196,court_feet,observed,homography
7180,99,ball,,,solved,rejected,outside_physical_envelope,110.89831453045922,33.52533773652474,court_feet,observed,homography
7185,99,ball,,,solved,rejected,outside_physical_envelope,105.01079361266807,31.484098250412167,court_feet,observed,homography
7190,99,ball,,,solved,rejected,outside_physical_envelope,102.50326301649017,31.17382587089868,court_feet,observed,homography
7195,99,ball,,,solved,rejected,outside_physical_envelope,106.73259288789711,32.31339102523765,court_feet,observed,homography
7225,99,ball,,,solved,rejected,outside_physical_envelope,104.14519200813322,32.09219527568194,court_feet,observed,homography
7235,99,ball,,,solved,rejected,outside_physical_envelope,119.08467528888949,33.23568450818458,court_feet,observed,homography
7250,99,ball,,,solved,rejected,outside_physical_envelope,109.4091630664644,33.41669430310642,court_feet,observed,homography
7255,99,ball,,,solved,rejected,outside_physical_envelope,103.02025269239599,32.35502579015767,court_feet,observed,homography
7275,99,ball,,,solved,rejected,outside_physical_envelope,122.12659489128313,33.41214215573425,court_feet,observed,homography
7280,99,ball,,,solved,rejected,outside_physical_envelope,103.35400373709109,31.781831670610302,court_feet,observed,homography
7305,99,ball,,,solved,rejected,outside_physical_envelope,103.16405015725302,53.68588016712807,court_feet,observed,homography
7325,99,ball,,,solved,rejected,outside_physical_envelope,115.25593767859979,33.2785591288974,court_feet,observed,homography
7330,99,ball,,,solved,rejected,outside_physical_envelope,102.96974327625938,31.74618468658671,court_feet,observed,homography
7335,99,ball,,,solved,rejected,outside_physical_envelope,118.33678025644126,33.95137996368399,court_feet,observed,homography
7345,99,ball,,,solved,rejected,outside_physical_envelope,117.92358981141331,34.25970574601638,court_feet,observed,homography
7355,99,ball,,,solved,rejected,outside_physical_envelope,114.98158923076221,34.15948184429947,court_feet,observed,homography
7360,99,ball,,,camera_lock_drift_checked,rejected,outside_physical_envelope,113.78500818114705,33.692886782823656,court_feet,observed,homography
7380,99,ball,,,solved,rejected,outside_physical_envelope,117.37269293657354,33.90613998260688,court_feet,observed,homography
7390,99,ball,,,solved,rejected,outside_physical_envelope,100.72494969621887,31.67969912622133,court_feet,observed,homography
7405,99,ball,,,solved,rejected,outside_physical_envelope,119.96898254270381,33.52267609128891,court_feet,observed,homography
7420,99,ball,,,camera_lock_drift_checked,rejected,outside_physical_envelope,113.54857379905647,31.313002331193662,court_feet,observed,homography
7450,99,ball,,,solved,rejected,outside_physical_envelope,99.88051394884886,53.315652139155574,court_feet,observed,homography
7470,99,ball,,,solved,rejected,outside_physical_envelope,103.01478329306998,53.53555116412776,court_feet,observed,homography
7480,99,ball,,,solved,rejected,outside_physical_envelope,100.64441242267712,52.957468868083495,court_feet,observed,homography
7485,99,ball,,,solved,rejected,outside_physical_envelope,102.2867815185335,53.1735833241104,court_feet,observed,homography
7515,99,ball,,,solved,rejected,outside_physical_envelope,85.5089832953637,20.094917966838217,court_feet,observed,homography
7530,99,ball,,,camera_lock_drift_checked,rejected,outside_physical_envelope,84.93220452904778,19.144144060205484,court_feet,observed,homography
7540,99,ball,,,solved,rejected,outside_physical_envelope,116.43804828262809,23.704906892215813,court_feet,observed,homography
7555,99,ball,,,camera_lock_drift_checked,rejected,outside_physical_envelope,86.79535573235965,23.738459865265003,court_feet,observed,homography
7560,99,ball,,,camera_lock_drift_checked,rejected,outside_physical_envelope,94.3348897264045,24.522917487635514,court_feet,observed,homography
7565,99,ball,,,camera_lock_drift_checked,rejected,outside_physical_envelope,117.29848180779577,22.688491477605925,court_feet,observed,homography
7570,99,ball,,,solved,rejected,outside_physical_envelope,116.18635244846217,22.86966989942288,court_feet,observed,homography
7580,99,ball,,,solved,rejected,outside_physical_envelope,111.25107139867171,25.964960762495355,court_feet,observed,homography
7610,99,ball,,,solved,rejected,outside_physical_envelope,98.3814434067944,53.25003491202194,court_feet,observed,homography
7640,99,ball,,,solved,rejected,outside_physical_envelope,87.45234354113244,22.731391639522016,court_feet,observed,homography
7660,99,ball,,,solved,rejected,outside_physical_envelope,85.26624120115436,26.550140511505717,court_feet,observed,homography
7670,99,ball,,,solved,rejected,outside_physical_envelope,121.87087235276297,28.326043864391707,court_feet,observed,homography
7675,99,ball,,,solved,rejected,outside_physical_envelope,103.64189839110125,29.76507416739776,court_feet,observed,homography
7690,99,ball,,,solved,rejected,outside_physical_envelope,119.68279816816309,32.209653521376666,court_feet,observed,homography
7695,99,ball,,,solved,rejected,outside_physical_envelope,89.14876360423125,30.908243978105652,court_feet,observed,homography
7700,99,ball,,,camera_lock_drift_checked,rejected,outside_physical_envelope,116.92866351903855,33.59330194590472,court_feet,observed,homography
7715,99,ball,,,solved,rejected,outside_physical_envelope,88.20534217267418,30.796476285292243,court_feet,observed,homography
7720,99,ball,,,solved,rejected,outside_physical_envelope,95.20220121258794,32.11812206077415,court_feet,observed,homography
7725,99,ball,,,solved,rejected,outside_physical_envelope,116.95867227999483,33.04308847483681,court_feet,observed,homography
7750,99,ball,,,camera_lock_drift_checked,rejected,outside_physical_envelope,107.08646112895798,31.957327108705798,court_feet,observed,homography
7760,99,ball,81.40386433508442,28.214161522247995,solved,accepted,,81.40386433508442,28.214161522247995,court_feet,observed,homography
7765,99,ball,,,solved,rejected,outside_physical_envelope,97.54525084861486,28.766038689903983,court_feet,observed,homography
7770,99,ball,,,solved,rejected,outside_physical_envelope,92.19914085262083,27.567563603620513,court_feet,observed,homography
7790,99,ball,,,solved,rejected,outside_physical_envelope,114.35858774737598,27.716162286312258,court_feet,observed,homography
7795,99,ball,,,solved,rejected,outside_physical_envelope,113.96821204341074,27.51763963240136,court_feet,observed,homography
7800,99,ball,,,solved,rejected,outside_physical_envelope,101.89344695225861,26.835741243405902,court_feet,observed,homography
7815,99,ball,,,solved,rejected,outside_physical_envelope,88.02515592504471,19.027006013073542,court_feet,observed,homography
7825,99,ball,,,solved,rejected,outside_physical_envelope,118.55950792400715,28.42914691712775,court_feet,observed,homography
7830,99,ball,,,solved,rejected,outside_physical_envelope,94.77942496199661,28.564065114563,court_feet,observed,homography
7850,99,ball,52.70378486125834,39.74579772482943,solved,accepted,,52.70378486125834,39.74579772482943,court_feet,observed,homography
7865,99,ball,,,solved,rejected,outside_physical_envelope,51.111346093295914,40.093683992505404,court_feet,observed,homography
7880,99,ball,,,solved,rejected,outside_physical_envelope,110.81844775252574,36.41765371301581,court_feet,observed,homography
7885,99,ball,,,camera_lock_drift_checked,rejected,outside_physical_envelope,110.10335270276113,34.94288200644104,court_feet,observed,homography
7890,99,ball,,,camera_lock_drift_checked,rejected,outside_physical_envelope,110.9183009048683,36.40343251507911,court_feet,observed,homography
7900,99,ball,,,solved,rejected,outside_physical_envelope,111.88781205792488,34.44472912333773,court_feet,observed,homography
7915,99,ball,33.49335296600805,28.58847278195699,solved,accepted,,33.49335296600805,28.58847278195699,court_feet,observed,homography
7970,99,ball,58.73779102438066,8.781625086147395,solved,accepted,,58.73779102438066,8.781625086147395,court_feet,observed,homography
8680,99,ball,,,solved,rejected,outside_physical_envelope,96.47532558462221,4.8377967297945,court_feet,observed,homography
8700,99,ball,,,solved,rejected,outside_physical_envelope,101.50089723626343,3.041890441298812,court_feet,observed,homography
8705,99,ball,,,solved,rejected,outside_physical_envelope,95.06142939104944,3.475901546848312,court_feet,observed,homography
8720,99,ball,,,solved,rejected,outside_physical_envelope,122.59224942465313,2.936774487343643,court_feet,observed,homography
8725,99,ball,,,solved,rejected,outside_physical_envelope,116.67825054932399,1.3260469530614039,court_feet,observed,homography
8730,99,ball,,,solved,rejected,outside_physical_envelope,119.20257885838085,0.9690617353111735,court_feet,observed,homography
8740,99,ball,,,solved,rejected,outside_physical_envelope,99.7766461560326,4.113663580444124,court_feet,observed,homography
8745,99,ball,,,solved,rejected,outside_physical_envelope,123.4161983131124,2.7495322001728817,court_feet,observed,homography
8750,99,ball,,,solved,rejected,outside_physical_envelope,121.14416832117153,2.984044692451062,court_feet,observed,homography
8770,99,ball,,,solved,rejected,outside_physical_envelope,126.69615174150584,0.9080507248647953,court_feet,observed,homography
8785,99,ball,,,solved,rejected,outside_physical_envelope,99.36083737456251,3.9097622119276196,court_feet,observed,homography
8790,99,ball,,,solved,rejected,outside_physical_envelope,123.41963934602325,2.3657688873478113,court_feet,observed,homography
8795,99,ball,,,solved,rejected,outside_physical_envelope,121.24372385295645,2.6979667286645954,court_feet,observed,homography
8805,99,ball,,,solved,rejected,outside_physical_envelope,110.22687405651727,2.844175059063876,court_feet,observed,homography
8810,99,ball,,,solved,rejected,outside_physical_envelope,127.67554363417067,0.9278500316049044,court_feet,observed,homography
8815,99,ball,,,solved,rejected,outside_physical_envelope,112.65598472014611,1.4812600720385996,court_feet,observed,homography
8820,99,ball,,,solved,rejected,outside_physical_envelope,112.29961747907113,1.263959173693746,court_feet,observed,homography
8825,99,ball,,,solved,rejected,outside_physical_envelope,109.80036932003343,2.213926029675646,court_feet,observed,homography
8830,99,ball,,,solved,rejected,outside_physical_envelope,110.79462719663626,1.7431087548270654,court_feet,observed,homography
8840,99,ball,,,solved,rejected,outside_physical_envelope,109.09976225681235,2.3268689079082407,court_feet,observed,homography
8855,99,ball,,,solved,rejected,outside_physical_envelope,107.63753776757181,3.449589273631518,court_feet,observed,homography
8860,99,ball,,,solved,rejected,outside_physical_envelope,97.76388689184547,3.1090557331021147,court_feet,observed,homography
8865,99,ball,,,solved,rejected,outside_physical_envelope,123.20856775039779,2.40321775796038,court_feet,observed,homography
8875,99,ball,,,solved,rejected,outside_physical_envelope,134.522991934582,1.9049959117607245,court_feet,observed,homography
8885,99,ball,,,solved,rejected,outside_physical_envelope,122.17825306968977,1.888064065287943,court_feet,observed,homography
8890,99,ball,,,solved,rejected,outside_physical_envelope,130.6984784874515,2.582301650456703,court_feet,observed,homography
8900,99,ball,,,solved,rejected,outside_physical_envelope,119.86022677763681,2.4095396035538585,court_feet,observed,homography
8905,99,ball,,,solved,rejected,outside_physical_envelope,120.74347172848839,3.2583740072796004,court_feet,observed,homography
8910,99,ball,,,solved,rejected,outside_physical_envelope,120.04886273327789,2.5165227703842254,court_feet,observed,homography
8920,99,ball,,,solved,rejected,outside_physical_envelope,131.75881973817997,2.0583474683370686,court_feet,observed,homography
8930,99,ball,,,solved,rejected,outside_physical_envelope,118.80685562389668,3.3902154410378853,court_feet,observed,homography
8935,99,ball,,,solved,rejected,outside_physical_envelope,120.25783761654293,2.4576336826461755,court_feet,observed,homography
8950,99,ball,,,camera_lock_drift_checked,rejected,outside_physical_envelope,119.94358174333367,2.7144527951265083,court_feet,observed,homography
8960,99,ball,,,solved,rejected,outside_physical_envelope,121.78569528584819,2.1313564784877053,court_feet,observed,homography
8965,99,ball,,,solved,rejected,outside_physical_envelope,109.95692253102015,4.917508496862495,court_feet,observed,homography
8970,99,ball,,,solved,rejected,outside_physical_envelope,120.76797500857077,2.5703058672042585,court_feet,observed,homography
9230,99,ball,,,solved,rejected,outside_physical_envelope,109.62447933515085,3.393959108172046,court_feet,observed,homography
9250,99,ball,,,solved,rejected,outside_physical_envelope,118.76538250623356,3.9698705804754164,court_feet,observed,homography
9275,99,ball,22.371133158051922,20.376884894089624,solved,accepted,,22.371133158051922,20.376884894089624,court_feet,observed,homography
9305,99,ball,,,solved,rejected,outside_physical_envelope,90.28120475966543,1.5690006040654398,court_feet,observed,homography
9330,99,ball,,,solved,rejected,outside_physical_envelope,114.54393738807987,-1.538033554728395,court_feet,observed,homography
9335,99,ball,,,solved,rejected,outside_physical_envelope,127.79353622519211,-3.0982812141906457,court_feet,observed,homography
9345,99,ball,,,solved,rejected,outside_physical_envelope,126.04144584554089,-2.5345317968000862,court_feet,observed,homography
9365,99,ball,,,solved,rejected,outside_physical_envelope,126.65410949298882,-1.382091326933639,court_feet,observed,homography
9370,99,ball,,,solved,rejected,outside_physical_envelope,127.02562953334953,-1.0781215872307994,court_feet,observed,homography
9390,99,ball,,,solved,rejected,outside_physical_envelope,84.68420376200083,2.1587468454887637,court_feet,observed,homography
9420,99,ball,,,solved,rejected,outside_physical_envelope,105.55768907767327,3.483073395683531,court_feet,observed,homography
9440,99,ball,20.54711404103754,5.340715660599637,solved,accepted,,20.54711404103754,5.340715660599637,court_feet,observed,homography
9460,99,ball,22.536698280894125,3.58128784591107,solved,accepted,,22.536698280894125,3.58128784591107,court_feet,observed,homography
9480,99,ball,,,solved,rejected,outside_physical_envelope,103.86854857726132,3.593719671258883,court_feet,observed,homography
9500,99,ball,,,camera_lock_drift_checked,rejected,outside_physical_envelope,106.49525157483745,3.52377506687018,court_feet,observed,homography
9515,99,ball,,,solved,rejected,outside_physical_envelope,134.36754987809664,0.9953332783586882,court_feet,observed,homography
9520,99,ball,,,solved,rejected,outside_physical_envelope,133.29246085369175,0.6921413123555973,court_feet,observed,homography
9525,99,ball,,,solved,rejected,outside_physical_envelope,114.89435810851148,0.8880524299938312,court_feet,observed,homography
9555,99,ball,,,solved,rejected,outside_physical_envelope,40.075501363147325,-10.792156571865197,court_feet,observed,homography
9590,99,ball,,,solved,rejected,outside_physical_envelope,92.26372888795198,4.517816244180422,court_feet,observed,homography
9595,99,ball,,,solved,rejected,outside_physical_envelope,130.6410092463059,0.6358293394498156,court_feet,observed,homography
9625,99,ball,18.795891375014083,21.899585065304766,solved,accepted,,18.795891375014083,21.899585065304766,court_feet,observed,homography
9660,99,ball,,,solved,rejected,outside_physical_envelope,114.85701815260246,2.7905566297775235,court_feet,observed,homography
9665,99,ball,,,solved,rejected,outside_physical_envelope,88.88195453510585,3.4692124802404964,court_feet,observed,homography
9670,99,ball,,,solved,rejected,outside_physical_envelope,102.55447551518755,5.001507276740725,court_feet,observed,homography
9675,99,ball,,,camera_lock_drift_checked,rejected,outside_physical_envelope,99.32354207958463,5.1095850612483495,court_feet,observed,homography
9680,99,ball,,,solved,rejected,outside_physical_envelope,128.9232108760711,1.6718285977816127,court_feet,observed,homography
9695,99,ball,,,solved,rejected,outside_physical_envelope,104.31480602480096,4.652073726704847,court_feet,observed,homography
9700,99,ball,,,solved,rejected,outside_physical_envelope,99.23806615758257,5.240297314182703,court_feet,observed,homography
9705,99,ball,,,solved,rejected,outside_physical_envelope,112.06505745218931,3.3902762230342236,court_feet,observed,homography
9720,99,ball,,,solved,rejected,outside_physical_envelope,125.96759552824959,2.339133500506549,court_feet,observed,homography
9750,99,ball,,,solved,rejected,outside_physical_envelope,102.04387790296289,4.964584064333371,court_feet,observed,homography
9760,99,ball,,,solved,rejected,outside_physical_envelope,112.95659927603684,3.3881826582184593,court_feet,observed,homography
9765,99,ball,,,solved,rejected,outside_physical_envelope,109.17273678815918,3.41942552383203,court_feet,observed,homography
9790,99,ball,,,solved,rejected,outside_physical_envelope,111.04310341692903,3.0827394164220903,court_feet,observed,homography
9800,99,ball,,,solved,rejected,outside_physical_envelope,101.33707922216574,4.917258396263966,court_feet,observed,homography
9805,99,ball,,,solved,rejected,outside_physical_envelope,111.9490641003526,3.962813184648094,court_feet,observed,homography
9820,99,ball,,,solved,rejected,outside_physical_envelope,123.08028704024558,2.4142478940951126,court_feet,observed,homography
9825,99,ball,,,solved,rejected,outside_physical_envelope,111.4754640125048,3.3444040590153534,court_feet,observed,homography
9830,99,ball,,,solved,rejected,outside_physical_envelope,109.42605103109224,3.4644483389167524,court_feet,observed,homography
9835,99,ball,,,solved,rejected,outside_physical_envelope,127.66365465595075,2.0250303383902963,court_feet,observed,homography
9850,99,ball,,,solved,rejected,outside_physical_envelope,89.49906962709973,3.5298395277421375,court_feet,observed,homography
9855,99,ball,,,solved,rejected,outside_physical_envelope,111.48918549054115,4.026864865102315,court_feet,observed,homography
9865,99,ball,,,solved,rejected,outside_physical_envelope,111.55435932043056,3.316342153803745,court_feet,observed,homography
9880,99,ball,,,solved,rejected,outside_physical_envelope,110.33392093059229,4.029658684054093,court_feet,observed,homography
9895,99,ball,,,solved,rejected,outside_physical_envelope,114.61927529839501,3.553021077630263,court_feet,observed,homography
9900,99,ball,,,solved,rejected,outside_physical_envelope,119.4005879089321,3.1424564382980766,court_feet,observed,homography
9915,99,ball,,,solved,rejected,outside_physical_envelope,114.46639903372424,4.115709866453201,court_feet,observed,homography
9945,99,ball,20.79670810633434,23.37046678356834,solved,accepted,,20.79670810633434,23.37046678356834,court_feet,observed,homography
9950,99,ball,20.66148194915629,23.319213966976513,solved,accepted,,20.66148194915629,23.319213966976513,court_feet,observed,homography
9955,99,ball,19.6716963021698,21.872190727026446,solved,accepted,,19.6716963021698,21.872190727026446,court_feet,observed,homography
9975,99,ball,20.242018028196544,21.571336450161535,solved,accepted,,20.242018028196544,21.571336450161535,court_feet,observed,homography
10050,99,ball,23.596615458117864,20.06537880324783,solved,accepted,,23.596615458117864,20.06537880324783,court_feet,observed,homography
10075,99,ball,,,camera_lock_drift_checked,rejected,outside_physical_envelope,123.65142611795417,12.211870716236081,court_feet,observed,homography
10080,99,ball,,,solved,rejected,outside_physical_envelope,86.93256894332464,13.009631966084667,court_feet,observed,homography
10085,99,ball,,,solved,rejected,outside_physical_envelope,87.19343893988545,10.63050782639394,court_feet,observed,homography
10100,99,ball,,,solved,rejected,outside_physical_envelope,87.25224678993013,15.026780863511025,court_feet,observed,homography
10120,99,ball,,,camera_lock_drift_checked,rejected,outside_physical_envelope,93.08932733626743,16.003741039366922,court_feet,observed,homography
10130,99,ball,,,solved,rejected,outside_physical_envelope,89.00183209715723,18.85000933108334,court_feet,observed,homography
10145,99,ball,,,solved,rejected,outside_physical_envelope,88.7361541901103,17.44951813946182,court_feet,observed,homography
10150,99,ball,,,solved,rejected,outside_physical_envelope,89.50104685762521,18.627233490193635,court_feet,observed,homography
10165,99,ball,,,camera_lock_drift_checked,rejected,outside_physical_envelope,127.59977171481776,18.89164780660786,court_feet,observed,homography
10175,99,ball,,,solved,rejected,outside_physical_envelope,126.70027939316424,18.091894377690096,court_feet,observed,homography
10200,99,ball,,,solved,rejected,outside_physical_envelope,111.59619936391891,17.25274406271284,court_feet,observed,homography
10225,99,ball,,,camera_lock_drift_checked,rejected,outside_physical_envelope,100.48577093941314,17.178910367037986,court_feet,observed,homography
10230,99,ball,,,camera_lock_drift_checked,rejected,outside_physical_envelope,89.17112285174989,18.62935585884359,court_feet,observed,homography
10255,99,ball,,,solved,rejected,outside_physical_envelope,87.2297883742817,13.037160070156633,court_feet,observed,homography
10260,99,ball,,,solved,rejected,outside_physical_envelope,86.62322803518128,11.2542796526072,court_feet,observed,homography
10270,99,ball,,,solved,rejected,outside_physical_envelope,88.09162429493934,7.852505150531989,court_feet,observed,homography
10285,99,ball,,,solved,rejected,outside_physical_envelope,94.74832356856744,7.893633014606473,court_feet,observed,homography
10290,99,ball,,,solved,rejected,outside_physical_envelope,89.8856210360395,9.6391627224306,court_feet,observed,homography
10295,99,ball,,,solved,rejected,outside_physical_envelope,86.07351966098045,6.66056293155087,court_feet,observed,homography
10300,99,ball,,,solved,rejected,outside_physical_envelope,85.34927258188728,6.603780828646418,court_feet,observed,homography
10305,99,ball,,,solved,rejected,outside_physical_envelope,87.30417098245537,3.8085972829894854,court_feet,observed,homography
10320,99,ball,,,camera_lock_drift_checked,rejected,outside_physical_envelope,122.74196399149676,3.726285634496965,court_feet,observed,homography
10325,99,ball,,,solved,rejected,outside_physical_envelope,96.48422504415225,4.077293951959411,court_feet,observed,homography
10330,99,ball,,,solved,rejected,outside_physical_envelope,122.05048573452191,2.833004386737444,court_feet,observed,homography
10335,99,ball,,,solved,rejected,outside_physical_envelope,123.33928178558432,2.4739481049462175,court_feet,observed,homography
10340,99,ball,,,solved,rejected,outside_physical_envelope,96.03251859151278,3.696181748605945,court_feet,observed,homography
10345,99,ball,,,solved,rejected,outside_physical_envelope,103.80960850549097,4.7411388255979,court_feet,observed,homography
10355,99,ball,,,solved,rejected,outside_physical_envelope,128.47853133370327,2.0786001884602254,court_feet,observed,homography
10360,99,ball,,,camera_lock_drift_checked,rejected,outside_physical_envelope,126.45730804579235,2.165966952066522,court_feet,observed,homography
10365,99,ball,,,solved,rejected,outside_physical_envelope,128.2062812691073,2.438031181065765,court_feet,observed,homography
10410,99,ball,,,solved,rejected,outside_physical_envelope,37.67642889422673,-5.40523021587954,court_feet,observed,homography
10430,99,ball,,,camera_lock_drift_checked,rejected,outside_physical_envelope,148.1466602086504,-18.13716634329598,court_feet,observed,homography
10445,99,ball,,,solved,rejected,outside_physical_envelope,187.8471807031243,-41.04824982118991,court_feet,observed,homography
10470,99,ball,,,solved,rejected,outside_physical_envelope,42.43552188366119,-9.712162682628184,court_feet,observed,homography
10485,99,ball,,,solved,rejected,outside_physical_envelope,25.526979335332072,-7.367785093181932,court_feet,observed,homography
10495,99,ball,,,solved,rejected,outside_physical_envelope,21.303458616416517,-7.9008649462775065,court_feet,observed,homography
10510,99,ball,,,solved,rejected,outside_physical_envelope,21.651907926687027,-7.717922450636951,court_feet,observed,homography
10515,99,ball,,,solved,rejected,outside_physical_envelope,32.201802304121195,-10.37914220458287,court_feet,observed,homography
10520,99,ball,,,solved,rejected,outside_physical_envelope,26.09970655148824,-9.870168606955447,court_feet,observed,homography
11670,99,ball,18.423361672294245,12.513013250991474,solved,accepted,,18.423361672294245,12.513013250991474,court_feet,observed,homography
11700,99,ball,,,solved,rejected,outside_physical_envelope,90.41297906339567,29.535207475892037,court_feet,observed,homography
11735,99,ball,,,camera_lock_drift_checked,rejected,outside_physical_envelope,107.8324563986342,41.65941382987161,court_feet,observed,homography
11745,99,ball,,,solved,rejected,outside_physical_envelope,90.32564221214079,36.720077546339745,court_feet,observed,homography
11755,99,ball,,,solved,rejected,outside_physical_envelope,94.19074668851727,38.63688836721461,court_feet,observed,homography
11780,99,ball,,,camera_lock_drift_checked,rejected,outside_physical_envelope,89.18532535088707,40.50593144475854,court_feet,observed,homography
11800,99,ball,,,camera_lock_drift_checked,rejected,outside_physical_envelope,88.83019011514547,28.281949565887174,court_feet,observed,homography
11835,99,ball,,,solved,rejected,outside_physical_envelope,86.51858913810818,22.866192569494814,court_feet,observed,homography
11850,99,ball,,,camera_lock_drift_checked,rejected,outside_physical_envelope,88.91326851720065,23.81425515553916,court_feet,observed,homography
11865,99,ball,53.38207494967568,16.11449048208537,solved,accepted,,53.38207494967568,16.11449048208537,court_feet,observed,homography
11870,99,ball,43.971550306764044,15.505221860852403,solved,accepted,,43.971550306764044,15.505221860852403,court_feet,observed,homography
11880,99,ball,45.292940531447236,17.12018012056594,solved,accepted,,45.292940531447236,17.12018012056594,court_feet,observed,homography
11885,99,ball,46.20187648351952,17.00790675519205,camera_lock_drift_checked,accepted,,46.20187648351952,17.00790675519205,court_feet,observed,homography
11895,99,ball,45.63646856027573,15.322481365114339,camera_lock_drift_checked,accepted,,45.63646856027573,15.322481365114339,court_feet,observed,homography
11925,99,ball,,,solved,rejected,outside_physical_envelope,189.6810556263885,-7.217549163539553,court_feet,observed,homography
11940,99,ball,,,camera_lock_drift_checked,rejected,outside_physical_envelope,112.04288203086854,-4.927432897284026,court_feet,observed,homography
11955,99,ball,,,solved,rejected,outside_physical_envelope,123.82829918955369,-6.469770734076807,court_feet,observed,homography
13395,99,ball,,,solved,rejected,outside_physical_envelope,108.78420807721022,3.564716111359333,court_feet,observed,homography
13420,99,ball,55.54993655252784,22.673755999623857,camera_lock_drift_checked,accepted,,55.54993655252784,22.673755999623857,court_feet,observed,homography
13450,99,ball,,,camera_lock_drift_checked,rejected,outside_physical_envelope,98.19292908883044,52.44501778581618,court_feet,observed,homography
13495,99,ball,,,solved,rejected,outside_physical_envelope,54.98371626641856,40.209197930565615,court_feet,observed,homography
13515,99,ball,52.35483691738631,39.855270046581225,solved,accepted,,52.35483691738631,39.855270046581225,court_feet,observed,homography
13530,99,ball,,,camera_lock_drift_checked,rejected,outside_physical_envelope,113.39447337058112,40.047053575509615,court_feet,observed,homography
13570,99,ball,,,solved,rejected,outside_physical_envelope,93.15549668055728,21.23869873963587,court_feet,observed,homography
13590,99,ball,22.701330296296636,24.343575957276183,solved,accepted,,22.701330296296636,24.343575957276183,court_feet,observed,homography
13605,99,ball,22.70068461192415,25.433375949972486,solved,accepted,,22.70068461192415,25.433375949972486,court_feet,observed,homography
13615,99,ball,48.05023050011835,23.671898119979954,solved,accepted,,48.05023050011835,23.671898119979954,court_feet,observed,homography
13635,99,ball,,,camera_lock_drift_checked,rejected,outside_physical_envelope,95.05369229083739,25.554664225634223,court_feet,observed,homography
15225,99,ball,,,solved,rejected,outside_physical_envelope,96.63829568149937,15.435029008210861,court_feet,observed,homography
15230,99,ball,,,solved,rejected,outside_physical_envelope,99.7082184337039,15.40164304231691,court_feet,observed,homography
15265,99,ball,,,solved,rejected,outside_physical_envelope,101.38038566181258,15.398704388888454,court_feet,observed,homography
15275,99,ball,,,solved,rejected,outside_physical_envelope,98.9348387400561,15.499406158351722,court_feet,observed,homography
15315,99,ball,,,camera_lock_drift_checked,rejected,outside_physical_envelope,146.62662817748569,-11.63980411106436,court_feet,observed,homography
15335,99,ball,,,camera_lock_drift_checked,rejected,outside_physical_envelope,113.17618669567558,15.274410909835781,court_feet,observed,homography
15350,99,ball,,,camera_lock_drift_checked,rejected,outside_physical_envelope,93.84335658788558,14.872943871212406,court_feet,observed,homography
15355,99,ball,,,camera_lock_drift_checked,rejected,outside_physical_envelope,95.47442156386967,14.744441148653317,court_feet,observed,homography
15360,99,ball,,,camera_lock_drift_checked,rejected,outside_physical_envelope,99.78310782694118,14.5857273514772,court_feet,observed,homography
15370,99,ball,,,camera_lock_drift_checked,rejected,outside_physical_envelope,102.72841839455576,14.300885705644177,court_feet,observed,homography
15375,99,ball,,,solved,rejected,outside_physical_envelope,106.78847342281897,13.920059505582742,court_feet,observed,homography
15380,99,ball,,,solved,rejected,outside_physical_envelope,100.77843023055267,15.717207242895357,court_feet,observed,homography
15395,99,ball,,,camera_lock_drift_checked,rejected,outside_physical_envelope,104.74729800946943,14.52167515881051,court_feet,observed,homography
15400,99,ball,,,solved,rejected,outside_physical_envelope,121.45892390609488,15.482718992398764,court_feet,observed,homography
15415,99,ball,,,solved,rejected,outside_physical_envelope,87.7850525860695,15.301195568612501,court_feet,observed,homography
15425,99,ball,,,solved,rejected,outside_physical_envelope,86.51993634811704,14.756393196082778,court_feet,observed,homography
15435,99,ball,,,solved,rejected,outside_physical_envelope,86.2759995271764,14.396656961042579,court_feet,observed,homography
15440,99,ball,,,solved,rejected,outside_physical_envelope,97.68611025336028,15.604158991534606,court_feet,observed,homography
15450,99,ball,81.60640579755245,8.358784970769284,solved,accepted,,81.60640579755245,8.358784970769284,court_feet,observed,homography
15460,99,ball,,,camera_lock_drift_checked,rejected,outside_physical_envelope,104.15679082421471,15.394345678866127,court_feet,observed,homography
15465,99,ball,,,camera_lock_drift_checked,rejected,outside_physical_envelope,96.15304522712921,14.957752790638256,court_feet,observed,homography
15505,99,ball,,,solved,rejected,outside_physical_envelope,199.70500472326725,68.79369543041837,court_feet,observed,homography
15525,99,ball,,,solved,rejected,outside_physical_envelope,59.29051840224709,46.401265355908556,court_feet,observed,homography
15530,99,ball,,,solved,rejected,outside_physical_envelope,57.00830159368049,45.75678192470996,court_feet,observed,homography
15550,99,ball,,,camera_lock_drift_checked,rejected,outside_physical_envelope,221.0327575583442,57.599905693366374,court_feet,observed,homography
17085,99,ball,,,solved,rejected,outside_physical_envelope,113.23867641268603,43.90433252902597,court_feet,observed,homography
17105,99,ball,,,solved,rejected,outside_physical_envelope,92.90989545677682,19.862579307566964,court_feet,observed,homography
17120,99,ball,,,solved,rejected,outside_physical_envelope,103.87755811053317,20.246879432196913,court_feet,observed,homography
17150,99,ball,,,solved,rejected,outside_physical_envelope,182.7278900150986,35.877264733029754,court_feet,observed,homography
17165,99,ball,,,solved,rejected,outside_physical_envelope,110.13842987239214,21.880046624924642,court_feet,observed,homography
17195,99,ball,46.20316652093757,18.039885150501412,solved,accepted,,46.20316652093757,18.039885150501412,court_feet,observed,homography
17210,99,ball,46.273719438466856,18.033298105714536,solved,accepted,,46.273719438466856,18.033298105714536,court_feet,observed,homography
17220,99,ball,46.364092517428396,18.048560075629045,solved,accepted,,46.364092517428396,18.048560075629045,court_feet,observed,homography
17230,99,ball,46.69217090338585,18.02420533644197,solved,accepted,,46.69217090338585,18.02420533644197,court_feet,observed,homography
17255,99,ball,66.43433645970082,4.558673167006238,solved,accepted,,66.43433645970082,4.558673167006238,court_feet,observed,homography
17285,99,ball,,,solved,rejected,outside_physical_envelope,17.092536656453124,-5.068421803949303,court_feet,observed,homography
18230,99,ball,,,solved,rejected,outside_physical_envelope,97.28981315790914,14.665656868379195,court_feet,observed,homography
18240,99,ball,,,solved,rejected,outside_physical_envelope,116.20217217049503,15.933719720951856,court_feet,observed,homography
18255,99,ball,,,solved,rejected,outside_physical_envelope,100.06463781046344,16.24449901295133,court_feet,observed,homography
18260,99,ball,,,solved,rejected,outside_physical_envelope,105.17342257644042,16.530979673841184,court_feet,observed,homography
18300,99,ball,50.87079839449671,39.81453133316803,solved,accepted,,50.87079839449671,39.81453133316803,court_feet,observed,homography
18690,99,ball,54.65523321248348,39.62728854506196,solved,accepted,,54.65523321248348,39.62728854506196,court_feet,observed,homography
18730,99,ball,,,camera_lock_drift_checked,rejected,outside_physical_envelope,101.56869339072469,15.201720416081399,court_feet,observed,homography
18735,99,ball,,,solved,rejected,outside_physical_envelope,97.54339431716873,15.716689004124737,court_feet,observed,homography
18745,99,ball,81.57328067850725,8.392536639047814,solved,accepted,,81.57328067850725,8.392536639047814,court_feet,observed,homography
18760,99,ball,80.61990627876041,7.367927907484242,camera_lock_drift_checked,accepted,,80.61990627876041,7.367927907484242,court_feet,observed,homography
18780,99,ball,,,solved,rejected,outside_physical_envelope,93.4604727577095,16.07035135701722,court_feet,observed,homography
18805,99,ball,44.42670996983423,28.244442839885327,solved,accepted,,44.42670996983423,28.244442839885327,court_feet,observed,homography
18835,99,ball,,,solved,rejected,outside_physical_envelope,86.75450380898513,17.997375169850084,court_feet,observed,homography
18845,99,ball,,,solved,rejected,outside_physical_envelope,107.44032256786191,19.340832625475446,court_feet,observed,homography
18850,99,ball,,,solved,rejected,outside_physical_envelope,89.3244613801842,18.857493461440843,court_feet,observed,homography
18860,99,ball,82.84656070427845,12.732129483821266,solved,accepted,,82.84656070427845,12.732129483821266,court_feet,observed,homography
18870,99,ball,,,camera_lock_drift_checked,rejected,outside_physical_envelope,85.5934333936541,20.66095283594384,court_feet,observed,homography
18875,99,ball,81.13983110052521,20.689629317349585,camera_lock_drift_checked,accepted,,81.13983110052521,20.689629317349585,court_feet,observed,homography
18880,99,ball,79.62146928165168,17.752235698421067,solved,accepted,,79.62146928165168,17.752235698421067,court_feet,observed,homography
18890,99,ball,,,solved,rejected,outside_physical_envelope,85.93049791736695,20.251677656412266,court_feet,observed,homography
18900,99,ball,,,solved,rejected,outside_physical_envelope,100.36122132583337,21.302259778531205,court_feet,observed,homography
18905,99,ball,83.2938627873381,19.759005495169948,solved,accepted,,83.2938627873381,19.759005495169948,court_feet,observed,homography
18920,99,ball,,,solved,rejected,outside_physical_envelope,84.65277254142393,19.939738012180214,court_feet,observed,homography
18925,99,ball,,,solved,rejected,outside_physical_envelope,105.5493708635006,20.913976120678793,court_feet,observed,homography
18930,99,ball,,,solved,rejected,outside_physical_envelope,110.00176895543208,21.541720595957674,court_feet,observed,homography
18935,99,ball,,,solved,rejected,outside_physical_envelope,114.83436408620528,22.00879897987587,court_feet,observed,homography
18945,99,ball,,,solved,rejected,outside_physical_envelope,100.38739158415478,20.402404760975674,court_feet,observed,homography
18950,99,ball,80.82579412182866,22.880872093668074,solved,accepted,,80.82579412182866,22.880872093668074,court_feet,observed,homography
18955,99,ball,,,solved,rejected,outside_physical_envelope,85.00191618524924,22.059952187518064,court_feet,observed,homography
18965,99,ball,,,solved,rejected,outside_physical_envelope,87.37094036653828,19.044038869232736,court_feet,observed,homography
18970,99,ball,83.41098288518846,15.809218375950172,solved,accepted,,83.41098288518846,15.809218375950172,court_feet,observed,homography
18975,99,ball,,,solved,rejected,outside_physical_envelope,109.62573730360812,14.681261192378921,court_feet,observed,homography
18985,99,ball,,,solved,rejected,outside_physical_envelope,84.28780928415263,16.832070366037172,court_feet,observed,homography
18990,99,ball,,,camera_lock_drift_checked,rejected,outside_physical_envelope,87.0998647001718,16.36863096110772,court_feet,observed,homography
19000,99,ball,,,solved,rejected,outside_physical_envelope,97.77162226614139,16.57589279858748,court_feet,observed,homography
19005,99,ball,,,solved,rejected,outside_physical_envelope,126.95452689910596,15.911458832429405,court_feet,observed,homography
19040,99,ball,,,solved,rejected,outside_physical_envelope,85.09852806654061,15.497683647597446,court_feet,observed,homography
19065,99,ball,,,camera_lock_drift_checked,rejected,outside_physical_envelope,112.60666261548218,16.284115713294817,court_feet,observed,homography
19070,99,ball,,,camera_lock_drift_checked,rejected,outside_physical_envelope,115.16626994783809,16.354614113482363,court_feet,observed,homography
19075,99,ball,,,solved,rejected,outside_physical_envelope,91.65477092572347,16.184990999183764,court_feet,observed,homography
19105,99,ball,65.28627719831607,25.473053538100256,solved,accepted,,65.28627719831607,25.473053538100256,court_feet,observed,homography
19125,99,ball,,,camera_lock_drift_checked,rejected,outside_physical_envelope,106.01225576824582,15.821444483020583,court_feet,observed,homography
19135,99,ball,61.907787312257646,16.135917594149632,solved,accepted,,61.907787312257646,16.135917594149632,court_feet,observed,homography
19165,99,ball,53.21077773636936,9.440923480527987,solved,accepted,,53.21077773636936,9.440923480527987,court_feet,observed,homography
20255,99,ball,,,solved,rejected,outside_physical_envelope,96.44243161617635,21.04616494074779,court_feet,observed,homography
20270,99,ball,,,solved,rejected,outside_physical_envelope,98.99799145334747,21.28900938033957,court_feet,observed,homography
20275,99,ball,,,solved,rejected,outside_physical_envelope,105.29901201941222,23.045042074530407,court_feet,observed,homography
20280,99,ball,,,solved,rejected,outside_physical_envelope,99.15994055099199,21.161168823336318,court_feet,observed,homography
20285,99,ball,,,solved,rejected,outside_physical_envelope,96.4364300798691,21.224221200125818,court_feet,observed,homography
20295,99,ball,,,solved,rejected,outside_physical_envelope,97.18478643297125,21.42136694453967,court_feet,observed,homography
20300,99,ball,,,solved,rejected,outside_physical_envelope,98.64263135998507,21.26404655038748,court_feet,observed,homography
20305,99,ball,,,solved,rejected,outside_physical_envelope,99.50555801002278,21.149417033082315,court_feet,observed,homography
20315,99,ball,,,solved,rejected,outside_physical_envelope,95.9713301000343,21.115219147495,court_feet,observed,homography
20320,99,ball,,,solved,rejected,outside_physical_envelope,107.1968567957989,22.65597137204952,court_feet,observed,homography
20325,99,ball,,,solved,rejected,outside_physical_envelope,116.27334840170838,21.190240027485274,court_feet,observed,homography
20330,99,ball,,,solved,rejected,outside_physical_envelope,116.45454585283682,21.26985369295422,court_feet,observed,homography
20340,99,ball,,,solved,rejected,outside_physical_envelope,115.61644607397504,20.775869368252597,court_feet,observed,homography
20345,99,ball,,,solved,rejected,outside_physical_envelope,110.27505248903343,21.6509193671196,court_feet,observed,homography
20365,99,ball,,,solved,rejected,outside_physical_envelope,102.32898556345322,20.75548178686336,court_feet,observed,homography
20370,99,ball,,,solved,rejected,outside_physical_envelope,103.96879223238442,20.59075149473952,court_feet,observed,homography
20375,99,ball,,,solved,rejected,outside_physical_envelope,105.02163028822964,20.289715869725804,court_feet,observed,homography
20390,99,ball,,,solved,rejected,outside_physical_envelope,110.35923698321261,20.64261564161801,court_feet,observed,homography
20400,99,ball,,,solved,rejected,outside_physical_envelope,106.2568288085457,20.650966131017267,court_feet,observed,homography
20405,99,ball,,,solved,rejected,outside_physical_envelope,90.97382516146766,21.57586100224632,court_feet,observed,homography
20415,99,ball,,,solved,rejected,outside_physical_envelope,121.58619876208844,22.883200856721068,court_feet,observed,homography
20420,99,ball,,,solved,rejected,outside_physical_envelope,104.32145886714785,21.685032748411725,court_feet,observed,homography
20425,99,ball,,,solved,rejected,outside_physical_envelope,123.61934319104235,21.591561691582708,court_feet,observed,homography
20435,99,ball,,,solved,rejected,outside_physical_envelope,102.20333560689087,20.963495146284636,court_feet,observed,homography
20440,99,ball,,,solved,rejected,outside_physical_envelope,85.4473017228985,19.790973250731533,court_feet,observed,homography
20450,99,ball,80.91655375229452,13.393947121004398,solved,accepted,,80.91655375229452,13.393947121004398,court_feet,observed,homography
20455,99,ball,81.6093038788565,13.141175066205998,solved,accepted,,81.6093038788565,13.141175066205998,court_feet,observed,homography
20465,99,ball,80.92638705643785,11.635116844308426,solved,accepted,,80.92638705643785,11.635116844308426,court_feet,observed,homography
20485,99,ball,,,solved,rejected,outside_physical_envelope,85.44004287983019,18.423735681875097,court_feet,observed,homography
20490,99,ball,83.76614834282942,18.608863163099546,solved,accepted,,83.76614834282942,18.608863163099546,court_feet,observed,homography
20505,99,ball,83.0427720314575,19.53513477581831,solved,accepted,,83.0427720314575,19.53513477581831,court_feet,observed,homography
20510,99,ball,77.95957131107353,19.58164504871362,solved,accepted,,77.95957131107353,19.58164504871362,court_feet,observed,homography
20520,99,ball,,,camera_lock_drift_checked,rejected,outside_physical_envelope,119.41615637386768,20.77206052151933,court_feet,observed,homography
20525,99,ball,,,solved,rejected,outside_physical_envelope,112.8482569633498,21.78043776788256,court_feet,observed,homography
20540,99,ball,,,solved,rejected,outside_physical_envelope,86.3610046378325,19.824188901173358,court_feet,observed,homography
20545,99,ball,76.46933469484719,19.345066560629167,solved,accepted,,76.46933469484719,19.345066560629167,court_feet,observed,homography
20555,99,ball,,,solved,rejected,outside_physical_envelope,112.80090894059137,22.049974389528213,court_feet,observed,homography
20560,99,ball,,,solved,rejected,outside_physical_envelope,114.42952695329762,22.776016337158044,court_feet,observed,homography
20565,99,ball,,,solved,rejected,outside_physical_envelope,109.91198786452995,22.69229103573683,court_feet,observed,homography
20575,99,ball,,,solved,rejected,outside_physical_envelope,101.96735025518578,22.476553376248955,court_feet,observed,homography
20580,99,ball,,,solved,rejected,outside_physical_envelope,98.6928171189627,22.41901976777075,court_feet,observed,homography
20585,99,ball,,,solved,rejected,outside_physical_envelope,85.28457829202216,21.777415218674836,court_feet,observed,homography
20600,99,ball,,,solved,rejected,outside_physical_envelope,95.92358094063616,20.892184354212674,court_feet,observed,homography
20605,99,ball,,,solved,rejected,outside_physical_envelope,97.6543443564541,22.737620709688215,court_feet,observed,homography
20610,99,ball,,,solved,rejected,outside_physical_envelope,109.97198674901139,23.573645830269875,court_feet,observed,homography
20625,99,ball,,,solved,rejected,outside_physical_envelope,96.30499699197438,20.839567814472513,court_feet,observed,homography
20630,99,ball,,,solved,rejected,outside_physical_envelope,98.99249633263486,22.86346013864877,court_feet,observed,homography
20655,99,ball,,,solved,rejected,outside_physical_envelope,100.60897280559277,23.436982338537668,court_feet,observed,homography
20660,99,ball,,,solved,rejected,outside_physical_envelope,99.2645210601217,21.021213148003266,court_feet,observed,homography
20695,99,ball,13.357793997114465,1.7216839244912154,solved,accepted,,13.357793997114465,1.7216839244912154,court_feet,observed,homography
20710,99,ball,14.150492331157045,1.5166537417657406,solved,accepted,,14.150492331157045,1.5166537417657406,court_feet,observed,homography
20715,99,ball,13.924092014990554,1.593069179460545,solved,accepted,,13.924092014990554,1.593069179460545,court_feet,observed,homography
20720,99,ball,13.879030656370572,1.7446059073618523,solved,accepted,,13.879030656370572,1.7446059073618523,court_feet,observed,homography
20725,99,ball,14.055796326794484,1.8548034587335172,solved,accepted,,14.055796326794484,1.8548034587335172,court_feet,observed,homography
20730,99,ball,14.17540994735654,2.0297175903014226,solved,accepted,,14.17540994735654,2.0297175903014226,court_feet,observed,homography
20735,99,ball,13.98016716738339,2.1440450188628564,solved,accepted,,13.98016716738339,2.1440450188628564,court_feet,observed,homography
20750,99,ball,14.361342108600338,2.0216405295058713,solved,accepted,,14.361342108600338,2.0216405295058713,court_feet,observed,homography
20760,99,ball,13.838533801861853,1.9570825494245723,solved,accepted,,13.838533801861853,1.9570825494245723,court_feet,observed,homography
20765,99,ball,13.990960705820845,1.8436930934325169,solved,accepted,,13.990960705820845,1.8436930934325169,court_feet,observed,homography
20770,99,ball,14.072630049738112,1.7468307649310018,solved,accepted,,14.072630049738112,1.7468307649310018,court_feet,observed,homography
20775,99,ball,14.781473556995415,1.549452548472246,solved,accepted,,14.781473556995415,1.549452548472246,court_feet,observed,homography
20795,99,ball,14.057207349613279,1.7606846607981068,solved,accepted,,14.057207349613279,1.7606846607981068,court_feet,observed,homography
20800,99,ball,14.176957410457874,1.8591928885631697,solved,accepted,,14.176957410457874,1.8591928885631697,court_feet,observed,homography
20835,99,ball,,,solved,rejected,outside_physical_envelope,101.65027425297187,21.24512878543115,court_feet,observed,homography
20855,99,ball,,,solved,rejected,outside_physical_envelope,110.60684501857901,22.424373857501028,court_feet,observed,homography
20860,99,ball,,,solved,rejected,outside_physical_envelope,111.05570292140379,22.50461421093684,court_feet,observed,homography
20870,99,ball,,,solved,rejected,outside_physical_envelope,89.90975020125137,21.544485612399615,court_feet,observed,homography
20875,99,ball,,,solved,rejected,outside_physical_envelope,105.55449406548581,21.847133416356904,court_feet,observed,homography
20880,99,ball,,,solved,rejected,outside_physical_envelope,112.92052628339864,23.10662952379674,court_feet,observed,homography
20885,99,ball,,,solved,rejected,outside_physical_envelope,119.75938448071322,21.81037940973122,court_feet,observed,homography
20890,99,ball,,,solved,rejected,outside_physical_envelope,111.09128357744845,22.25341462160898,court_feet,observed,homography
20895,99,ball,,,solved,rejected,outside_physical_envelope,114.651613103935,21.043245245807498,court_feet,observed,homography
20910,99,ball,,,solved,rejected,outside_physical_envelope,110.66599012475822,22.04484697085221,court_feet,observed,homography
20920,99,ball,,,solved,rejected,outside_physical_envelope,98.84007025915528,21.618507558667968,court_feet,observed,homography
20930,99,ball,,,solved,rejected,outside_physical_envelope,109.0010947953511,22.636348262738377,court_feet,observed,homography
20935,99,ball,,,solved,rejected,outside_physical_envelope,101.62933857686775,21.93224307066527,court_feet,observed,homography
21190,99,ball,,,solved,rejected,outside_physical_envelope,85.80563734846325,20.136098490507823,court_feet,observed,homography
21200,99,ball,,,solved,rejected,outside_physical_envelope,111.81727647840216,23.031342420801654,court_feet,observed,homography
21215,99,ball,,,solved,rejected,outside_physical_envelope,135.46653771175284,19.874785702610726,court_feet,observed,homography
21220,99,ball,,,solved,rejected,outside_physical_envelope,135.95406491682192,19.862576881885662,court_feet,observed,homography
21240,99,ball,66.30334331326837,31.525712051714542,solved,accepted,,66.30334331326837,31.525712051714542,court_feet,observed,homography
21260,99,ball,,,solved,rejected,outside_physical_envelope,117.90481917423848,50.99181516493151,court_feet,observed,homography
21385,99,ball,48.64264179699885,24.900241956675956,solved,accepted,,48.64264179699885,24.900241956675956,court_feet,observed,homography
21410,99,ball,,,solved,rejected,outside_physical_envelope,103.45846471341682,15.718273699131919,court_feet,observed,homography
23970,99,ball,,,solved,rejected,outside_physical_envelope,99.79603418484149,20.92812469974604,court_feet,observed,homography
23975,99,ball,,,solved,rejected,outside_physical_envelope,100.78767707689444,20.980892360088944,court_feet,observed,homography
23980,99,ball,,,solved,rejected,outside_physical_envelope,99.37511132830356,21.080294476490533,court_feet,observed,homography
23985,99,ball,,,solved,rejected,outside_physical_envelope,97.41267967028783,21.165967298992395,court_feet,observed,homography
23990,99,ball,,,solved,rejected,outside_physical_envelope,94.81917045642979,21.01520578456944,court_feet,observed,homography
23995,99,ball,,,solved,rejected,outside_physical_envelope,97.72519099904565,21.051011045411986,court_feet,observed,homography
24005,99,ball,,,solved,rejected,outside_physical_envelope,99.87884225803894,21.104391919132603,court_feet,observed,homography
24025,99,ball,,,solved,rejected,outside_physical_envelope,99.43885653704838,21.48081137086639,court_feet,observed,homography
24035,99,ball,,,solved,rejected,outside_physical_envelope,101.24301168117141,21.34972647012829,court_feet,observed,homography
24040,99,ball,,,solved,rejected,outside_physical_envelope,100.59490972496116,21.68216549164594,court_feet,observed,homography
24045,99,ball,,,solved,rejected,outside_physical_envelope,97.76267370705048,21.492669871486942,court_feet,observed,homography
24050,99,ball,,,solved,rejected,outside_physical_envelope,93.77419507877772,20.996624995295416,court_feet,observed,homography
24070,99,ball,,,solved,rejected,outside_physical_envelope,95.47697434263578,20.77199450213616,court_feet,observed,homography
24075,99,ball,,,solved,rejected,outside_physical_envelope,95.36536855743644,20.935133295992706,court_feet,observed,homography
24080,99,ball,,,solved,rejected,outside_physical_envelope,110.27555399397967,22.712636663330002,court_feet,observed,homography
24085,99,ball,,,solved,rejected,outside_physical_envelope,98.20191149675489,21.115694530703887,court_feet,observed,homography
24090,99,ball,,,solved,rejected,outside_physical_envelope,106.76933477447405,22.55451679676468,court_feet,observed,homography
24095,99,ball,,,solved,rejected,outside_physical_envelope,106.91181316619638,22.056548805441064,court_feet,observed,homography
24115,99,ball,,,solved,rejected,outside_physical_envelope,99.93239012212928,20.78793553720596,court_feet,observed,homography
24130,99,ball,,,solved,rejected,outside_physical_envelope,101.41020422296063,19.912400625853348,court_feet,observed,homography
24145,99,ball,,,solved,rejected,outside_physical_envelope,110.55972613836755,20.364327318364037,court_feet,observed,homography
24150,99,ball,,,solved,rejected,outside_physical_envelope,110.84499349807292,20.48748857722034,court_feet,observed,homography
24155,99,ball,,,solved,rejected,outside_physical_envelope,107.01936315739341,22.541006821177817,court_feet,observed,homography
24165,99,ball,,,solved,rejected,outside_physical_envelope,121.07915208147602,22.832791415871018,court_feet,observed,homography
24170,99,ball,,,solved,rejected,outside_physical_envelope,111.65831167257869,21.380779852837886,court_feet,observed,homography
24175,99,ball,,,solved,rejected,outside_physical_envelope,103.8978760177443,22.701821951768494,court_feet,observed,homography
24180,99,ball,,,solved,rejected,outside_physical_envelope,119.30632414811416,22.462779262902828,court_feet,observed,homography
24185,99,ball,,,solved,rejected,outside_physical_envelope,98.73435770072508,22.125433856210762,court_feet,observed,homography
24190,99,ball,,,solved,rejected,outside_physical_envelope,126.4323441923877,21.735823327518638,court_feet,observed,homography
24205,99,ball,,,solved,rejected,outside_physical_envelope,97.75728124959973,21.489511479385964,court_feet,observed,homography
24210,99,ball,,,solved,rejected,outside_physical_envelope,85.66432092789891,19.862281376952115,court_feet,observed,homography
24220,99,ball,,,solved,rejected,outside_physical_envelope,118.39753086029627,22.3604197981743,court_feet,observed,homography
24225,99,ball,,,solved,rejected,outside_physical_envelope,122.88229020920957,19.63905136094022,court_feet,observed,homography
24245,99,ball,,,solved,rejected,outside_physical_envelope,102.76256454649248,20.4068018999932,court_feet,observed,homography
24255,99,ball,,,solved,rejected,outside_physical_envelope,94.74390317441598,20.75145607176078,court_feet,observed,homography
24260,99,ball,77.46545750510008,16.54437953715161,solved,accepted,,77.46545750510008,16.54437953715161,court_feet,observed,homography
24265,99,ball,79.0987028079459,14.517330532581678,solved,accepted,,79.0987028079459,14.517330532581678,court_feet,observed,homography
24300,99,ball,,,solved,rejected,outside_physical_envelope,40.278234274703195,-8.053411557082555,court_feet,observed,homography
24305,99,ball,,,solved,rejected,outside_physical_envelope,42.26571552635155,-10.063451459421325,court_feet,observed,homography
29685,99,ball,,,solved,rejected,outside_physical_envelope,98.26320995854718,52.51092903611294,court_feet,observed,homography
29700,99,ball,,,solved,rejected,outside_physical_envelope,98.46389364229881,51.80605413210241,court_feet,observed,homography
31850,99,ball,,,solved,rejected,outside_physical_envelope,129.11354229392938,22.578712645034813,court_feet,observed,homography
31855,99,ball,,,solved,rejected,outside_physical_envelope,129.06857848479686,22.783370927331756,court_feet,observed,homography
31865,99,ball,,,solved,rejected,outside_physical_envelope,84.94510606871503,21.11737514720597,court_feet,observed,homography
31870,99,ball,81.74008741977286,16.916979342788647,solved,accepted,,81.74008741977286,16.916979342788647,court_feet,observed,homography
31880,99,ball,82.02831835292027,13.806892522708232,solved,accepted,,82.02831835292027,13.806892522708232,court_feet,observed,homography
31890,99,ball,,,solved,rejected,outside_physical_envelope,123.03520436806518,22.088212142903064,court_feet,observed,homography
31900,99,ball,80.15487672137222,12.97132263376486,solved,accepted,,80.15487672137222,12.97132263376486,court_feet,observed,homography
31910,99,ball,76.5596905308715,16.13403593825893,solved,accepted,,76.5596905308715,16.13403593825893,court_feet,observed,homography
31925,99,ball,,,solved,rejected,outside_physical_envelope,88.37110005375335,21.29355593312849,court_feet,observed,homography
31935,99,ball,80.56676164177486,23.261265122573775,solved,accepted,,80.56676164177486,23.261265122573775,court_feet,observed,homography
31955,99,ball,79.97608813126452,22.166201968902588,solved,accepted,,79.97608813126452,22.166201968902588,court_feet,observed,homography
31960,99,ball,79.22154386160999,18.663898296898743,solved,accepted,,79.22154386160999,18.663898296898743,court_feet,observed,homography
31965,99,ball,79.53374767655971,18.731451686185665,solved,accepted,,79.53374767655971,18.731451686185665,court_feet,observed,homography
31970,99,ball,80.4161829516203,20.854457073382,solved,accepted,,80.4161829516203,20.854457073382,court_feet,observed,homography
32010,99,ball,,,solved,rejected,outside_physical_envelope,95.85805803444744,15.210956764206438,court_feet,observed,homography
32040,99,ball,,,solved,rejected,outside_physical_envelope,146.11526942542517,-20.844936181061875,court_feet,observed,homography
32080,99,ball,,,solved,rejected,outside_physical_envelope,108.37439129513945,13.895501761216842,court_feet,observed,homography
32090,99,ball,,,solved,rejected,outside_physical_envelope,116.63440921883793,13.57936461967889,court_feet,observed,homography
32995,99,ball,,,solved,rejected,outside_physical_envelope,100.13088609664537,13.427997828978738,court_feet,observed,homography
33000,99,ball,,,solved,rejected,outside_physical_envelope,100.218343691785,13.3946762642399,court_feet,observed,homography
33005,99,ball,,,solved,rejected,outside_physical_envelope,106.79107698316135,14.401896651419639,court_feet,observed,homography
33035,99,ball,,,solved,rejected,outside_physical_envelope,103.20924515869753,14.801295602349693,court_feet,observed,homography
33040,99,ball,,,solved,rejected,outside_physical_envelope,101.33350956368722,14.621686147267921,court_feet,observed,homography
33045,99,ball,,,solved,rejected,outside_physical_envelope,100.04919698043487,14.370624309951559,court_feet,observed,homography
33060,99,ball,,,solved,rejected,outside_physical_envelope,103.6830735990953,15.732722146424383,court_feet,observed,homography
33065,99,ball,,,solved,rejected,outside_physical_envelope,114.0728807277774,12.883131597765134,court_feet,observed,homography
33070,99,ball,,,solved,rejected,outside_physical_envelope,106.98895360760898,14.225398634817466,court_feet,observed,homography
33075,99,ball,81.87089394988958,10.863130719171105,solved,accepted,,81.87089394988958,10.863130719171105,court_feet,observed,homography
33085,99,ball,,,solved,rejected,outside_physical_envelope,111.31978202580574,14.268689285016151,court_feet,observed,homography
33090,99,ball,,,solved,rejected,outside_physical_envelope,125.90142430882719,13.341376530767908,court_feet,observed,homography
33095,99,ball,,,solved,rejected,outside_physical_envelope,123.64445285621696,12.82339088862787,court_feet,observed,homography
33120,99,ball,,,solved,rejected,outside_physical_envelope,112.92281851444457,12.917924197113978,court_feet,observed,homography
33165,99,ball,,,solved,rejected,outside_physical_envelope,212.94362443289603,55.42827871970776,court_feet,observed,homography
33190,99,ball,,,solved,rejected,outside_physical_envelope,103.27711106495481,18.877160825027406,court_feet,observed,homography
33195,99,ball,,,solved,rejected,outside_physical_envelope,106.63908264031149,18.968270225578074,court_feet,observed,homography
33220,99,ball,46.18905836003276,18.011659711903206,solved,accepted,,46.18905836003276,18.011659711903206,court_feet,observed,homography
33230,99,ball,46.14752721791671,18.062099593789473,solved,accepted,,46.14752721791671,18.062099593789473,court_feet,observed,homography
33260,99,ball,,,solved,rejected,outside_physical_envelope,120.37503715826583,51.84636138888144,court_feet,observed,homography
33265,99,ball,,,solved,rejected,outside_physical_envelope,120.5697899971546,52.25278064809156,court_feet,observed,homography
33270,99,ball,,,solved,rejected,outside_physical_envelope,118.67225307955422,51.4341428945834,court_feet,observed,homography
33275,99,ball,,,solved,rejected,outside_physical_envelope,119.3166338976742,51.68913217436052,court_feet,observed,homography
33280,99,ball,,,solved,rejected,outside_physical_envelope,120.67694181697978,52.28047038889807,court_feet,observed,homography
33285,99,ball,,,solved,rejected,outside_physical_envelope,121.87854038804922,52.75372650258743,court_feet,observed,homography
33290,99,ball,,,solved,rejected,outside_physical_envelope,120.07250835190774,52.021099809690824,court_feet,observed,homography
33295,99,ball,,,solved,rejected,outside_physical_envelope,120.75886156198726,52.15768672204904,court_feet,observed,homography
33300,99,ball,,,camera_lock_drift_checked,rejected,outside_physical_envelope,119.56434762895455,52.12439381894184,court_feet,observed,homography
33305,99,ball,,,solved,rejected,outside_physical_envelope,99.57252988836619,52.79409348524221,court_feet,observed,homography
33310,99,ball,,,solved,rejected,outside_physical_envelope,118.56999742397437,51.14834930815477,court_feet,observed,homography
33315,99,ball,,,solved,rejected,outside_physical_envelope,118.24263987135704,51.0761639277595,court_feet,observed,homography
33320,99,ball,,,solved,rejected,outside_physical_envelope,118.31103972059233,51.1800873226697,court_feet,observed,homography
33325,99,ball,,,solved,rejected,outside_physical_envelope,119.07598927553502,51.49986295927011,court_feet,observed,homography
33330,99,ball,,,solved,rejected,outside_physical_envelope,119.2330133940936,51.560270259223195,court_feet,observed,homography
33350,99,ball,,,solved,rejected,outside_physical_envelope,118.27534912600034,51.121274753046485,court_feet,observed,homography
33360,99,ball,,,solved,rejected,outside_physical_envelope,118.2144835795317,51.21679480609037,court_feet,observed,homography
33365,99,ball,,,solved,rejected,outside_physical_envelope,118.14011344690091,51.09049542709537,court_feet,observed,homography
33370,99,ball,,,solved,rejected,outside_physical_envelope,119.60504307042204,51.72083487297512,court_feet,observed,homography
33380,99,ball,,,solved,rejected,outside_physical_envelope,116.02902800363704,49.977226922301575,court_feet,observed,homography
33390,99,ball,,,solved,rejected,outside_physical_envelope,119.01590391079745,51.230331974589646,court_feet,observed,homography
33395,99,ball,,,solved,rejected,outside_physical_envelope,119.1383519974406,51.31422117387731,court_feet,observed,homography
33425,99,ball,,,solved,rejected,outside_physical_envelope,118.23058484933915,51.06677834991833,court_feet,observed,homography
33435,99,ball,,,solved,rejected,outside_physical_envelope,167.4288713342974,65.72031945897133,court_feet,observed,homography
33455,99,ball,,,solved,rejected,outside_physical_envelope,139.3318040528191,57.8050919513956,court_feet,observed,homography
33460,99,ball,,,solved,rejected,outside_physical_envelope,104.70266241570012,53.17640622065651,court_feet,observed,homography
33465,99,ball,,,solved,rejected,outside_physical_envelope,104.08737244401775,53.81575743300204,court_feet,observed,homography
33485,99,ball,,,solved,rejected,outside_physical_envelope,53.008337566113966,40.12555709375361,court_feet,observed,homography
33500,99,ball,14.35471560616432,35.93933860151125,camera_lock_drift_checked,accepted,,14.35471560616432,35.93933860151125,court_feet,observed,homography
33540,99,ball,,,solved,rejected,outside_physical_envelope,108.22042918765662,14.769037998140735,court_feet,observed,homography
33545,99,ball,,,solved,rejected,outside_physical_envelope,104.09247287241149,14.714024713361878,court_feet,observed,homography
33555,99,ball,,,solved,rejected,outside_physical_envelope,104.20479904319986,15.013702574664377,court_feet,observed,homography
33575,99,ball,,,solved,rejected,outside_physical_envelope,93.13933901072852,14.338955050506772,court_feet,observed,homography
33585,99,ball,,,solved,rejected,outside_physical_envelope,106.7834486538193,15.36959997657132,court_feet,observed,homography
33595,99,ball,,,solved,rejected,outside_physical_envelope,101.39116448770929,14.768819749623022,court_feet,observed,homography
33620,99,ball,,,solved,rejected,outside_physical_envelope,100.42788299646483,14.77743501598972,court_feet,observed,homography
33625,99,ball,,,solved,rejected,outside_physical_envelope,101.24105174437689,14.854408515977296,court_feet,observed,homography
33635,99,ball,,,camera_lock_drift_checked,rejected,outside_physical_envelope,100.90528490530338,14.833931105241271,court_feet,observed,homography
33640,99,ball,,,solved,rejected,outside_physical_envelope,97.06342673335149,14.684099985258015,court_feet,observed,homography
33645,99,ball,,,solved,rejected,outside_physical_envelope,93.6574828880951,14.480209328917876,court_feet,observed,homography
33675,99,ball,,,solved,rejected,outside_physical_envelope,101.34840726099515,14.393722722346569,court_feet,observed,homography
33680,99,ball,,,solved,rejected,outside_physical_envelope,97.57476169872355,14.380387846696866,court_feet,observed,homography
33685,99,ball,,,solved,rejected,outside_physical_envelope,97.72768437648192,14.285551876927878,court_feet,observed,homography
33695,99,ball,,,solved,rejected,outside_physical_envelope,99.46717468678558,13.866823146346581,court_feet,observed,homography
33700,99,ball,,,solved,rejected,outside_physical_envelope,99.33686588265321,13.657813943288774,court_feet,observed,homography
33720,99,ball,,,solved,rejected,outside_physical_envelope,105.08277002995999,15.537570212319745,court_feet,observed,homography
33725,99,ball,,,solved,rejected,outside_physical_envelope,106.15970112885984,14.710460831426932,court_feet,observed,homography
33730,99,ball,,,solved,rejected,outside_physical_envelope,103.61453880729367,13.90724730271382,court_feet,observed,homography
33735,99,ball,,,solved,rejected,outside_physical_envelope,106.1240512109665,15.297712277907896,court_feet,observed,homography
33740,99,ball,,,solved,rejected,outside_physical_envelope,101.4339984571259,13.974390985163977,court_feet,observed,homography
33745,99,ball,,,solved,rejected,outside_physical_envelope,101.05219935279692,14.34188450435176,court_feet,observed,homography
33750,99,ball,,,solved,rejected,outside_physical_envelope,98.67404781961486,14.166636904027607,court_feet,observed,homography
33755,99,ball,,,solved,rejected,outside_physical_envelope,99.71602862615146,14.388269374401116,court_feet,observed,homography
33760,99,ball,,,camera_lock_drift_checked,rejected,outside_physical_envelope,102.72815851649503,15.110584245509763,court_feet,observed,homography
33765,99,ball,,,solved,rejected,outside_physical_envelope,115.78085784016508,14.636741215402028,court_feet,observed,homography
33780,99,ball,,,camera_lock_drift_checked,rejected,outside_physical_envelope,118.10609288672823,12.530249447804145,court_feet,observed,homography
33785,99,ball,,,solved,rejected,outside_physical_envelope,106.92640554296217,14.19651582317735,court_feet,observed,homography
33790,99,ball,,,solved,rejected,outside_physical_envelope,128.30201764862417,13.19283593337561,court_feet,observed,homography
33795,99,ball,,,solved,rejected,outside_physical_envelope,113.61937913066477,14.50173756249153,court_feet,observed,homography
33830,99,ball,,,solved,rejected,outside_physical_envelope,113.4106809063006,12.223641090517148,court_feet,observed,homography
33850,99,ball,,,solved,rejected,outside_physical_envelope,108.28411870345018,14.811841701837528,court_feet,observed,homography
33855,99,ball,,,solved,rejected,outside_physical_envelope,106.08515629857393,15.004480375175634,court_feet,observed,homography
33870,99,ball,76.39413428915597,16.814364201333202,solved,accepted,,76.39413428915597,16.814364201333202,court_feet,observed,homography
33885,99,ball,77.26249814200096,13.477653910406618,solved,accepted,,77.26249814200096,13.477653910406618,court_feet,observed,homography
33910,99,ball,,,solved,rejected,outside_physical_envelope,93.3937404650252,20.33581864322162,court_feet,observed,homography
33925,99,ball,,,solved,rejected,outside_physical_envelope,95.39842601349024,19.443296103773452,court_feet,observed,homography
33930,99,ball,,,solved,rejected,outside_physical_envelope,111.78433479721951,20.62289231899032,court_feet,observed,homography
33960,99,ball,15.410979646521898,18.904691481816627,camera_lock_drift_checked,accepted,,15.410979646521898,18.904691481816627,court_feet,observed,homography
33970,99,ball,14.753870563754239,18.983050866181895,solved,accepted,,14.753870563754239,18.983050866181895,court_feet,observed,homography
33995,99,ball,,,solved,rejected,outside_physical_envelope,125.50704418419645,18.275894357507187,court_feet,observed,homography
34010,99,ball,,,solved,rejected,outside_physical_envelope,98.04946280405116,18.256331380766795,court_feet,observed,homography
34020,99,ball,,,solved,rejected,outside_physical_envelope,100.88398234372409,20.193370177217112,court_feet,observed,homography
34045,99,ball,,,solved,rejected,outside_physical_envelope,92.4440195012338,22.61716786152536,court_feet,observed,homography
34050,99,ball,,,solved,rejected,outside_physical_envelope,129.45686031697372,26.316196650466686,court_feet,observed,homography
34055,99,ball,,,solved,rejected,outside_physical_envelope,94.17092381482786,23.88175883335347,court_feet,observed,homography
34060,99,ball,,,solved,rejected,outside_physical_envelope,94.54188708093757,24.047134985160113,court_feet,observed,homography
34075,99,ball,,,solved,rejected,outside_physical_envelope,88.99630456368587,24.77123576672643,court_feet,observed,homography
34090,99,ball,,,solved,rejected,outside_physical_envelope,91.5080265046997,27.694226045043077,court_feet,observed,homography
34095,99,ball,,,solved,rejected,outside_physical_envelope,90.96077682993099,26.12044672489603,court_feet,observed,homography
34110,99,ball,,,camera_lock_drift_checked,rejected,outside_physical_envelope,91.32830008888192,25.271542238179187,court_feet,observed,homography
34135,99,ball,,,solved,rejected,outside_physical_envelope,90.64854606713509,24.869120948261926,court_feet,observed,homography
34150,99,ball,,,solved,rejected,outside_physical_envelope,90.55140972697399,14.78688000839647,court_feet,observed,homography
34155,99,ball,,,solved,rejected,outside_physical_envelope,123.83300889905176,15.82185331222374,court_feet,observed,homography
34160,99,ball,,,solved,rejected,outside_physical_envelope,117.68612638123692,14.979371090595746,court_feet,observed,homography
34165,99,ball,,,solved,rejected,outside_physical_envelope,92.6974235460406,15.698687340940703,court_feet,observed,homography
34170,99,ball,,,solved,rejected,outside_physical_envelope,91.18200497407459,11.039718975519797,court_feet,observed,homography
34180,99,ball,,,solved,rejected,outside_physical_envelope,110.83075662003372,15.21797074817922,court_feet,observed,homography
34195,99,ball,,,solved,rejected,outside_physical_envelope,119.89799919404007,16.177708903778125,court_feet,observed,homography
34205,99,ball,,,solved,rejected,outside_physical_envelope,107.74799218218256,16.34560039517784,court_feet,observed,homography
34210,99,ball,,,solved,rejected,outside_physical_envelope,91.30889710407783,13.914344063440193,court_feet,observed,homography
34225,99,ball,,,solved,rejected,outside_physical_envelope,123.01353805142377,16.83004395813875,court_feet,observed,homography
34230,99,ball,,,solved,rejected,outside_physical_envelope,90.71104053975132,14.501735912136096,court_feet,observed,homography
34235,99,ball,,,solved,rejected,outside_physical_envelope,96.30810387568955,20.010142290317365,court_feet,observed,homography
34240,99,ball,,,solved,rejected,outside_physical_envelope,91.64480429675494,18.411925704333132,court_feet,observed,homography
34245,99,ball,,,solved,rejected,outside_physical_envelope,122.97910858358993,19.965738909413567,court_feet,observed,homography
34255,99,ball,,,solved,rejected,outside_physical_envelope,117.119413728326,21.836341981896563,court_feet,observed,homography
34260,99,ball,,,solved,rejected,outside_physical_envelope,99.28779756738327,22.25811800269969,court_feet,observed,homography
34275,99,ball,55.17393014169073,10.462872441926068,solved,accepted,,55.17393014169073,10.462872441926068,court_feet,observed,homography
34305,99,ball,,,solved,rejected,outside_physical_envelope,93.18408352200824,18.48192294273987,court_feet,observed,homography
34335,99,ball,,,solved,rejected,outside_physical_envelope,93.24459527182104,16.43165272058116,court_feet,observed,homography
34355,99,ball,53.46902719153138,28.939066829862945,solved,accepted,,53.46902719153138,28.939066829862945,court_feet,observed,homography
34375,99,ball,32.266850684097896,38.96757822375969,solved,accepted,,32.266850684097896,38.96757822375969,court_feet,observed,homography
34380,99,ball,,,solved,rejected,outside_physical_envelope,44.85717429605311,40.137915443271005,court_feet,observed,homography
34410,99,ball,,,solved,rejected,outside_physical_envelope,52.77027286086411,43.967689218518444,court_feet,observed,homography
36300,99,ball,,,solved,rejected,outside_physical_envelope,101.70752007286478,53.80356597586304,court_feet,observed,homography
36330,99,ball,,,solved,rejected,outside_physical_envelope,113.14557042498004,21.59845444682037,court_feet,observed,homography
36335,99,ball,,,solved,rejected,outside_physical_envelope,118.53334351024493,22.840887642383773,court_feet,observed,homography
36345,99,ball,,,solved,rejected,outside_physical_envelope,128.42242326902183,23.15321089175454,court_feet,observed,homography
36350,99,ball,,,solved,rejected,outside_physical_envelope,125.94957168799111,23.017252950696598,court_feet,observed,homography
36355,99,ball,,,solved,rejected,outside_physical_envelope,108.29050526002408,23.19646459400227,court_feet,observed,homography
36360,99,ball,,,solved,rejected,outside_physical_envelope,108.05307123149358,23.927317395068815,court_feet,observed,homography
36365,99,ball,,,solved,rejected,outside_physical_envelope,106.50795597859903,22.118435675775046,court_feet,observed,homography
36375,99,ball,,,solved,rejected,outside_physical_envelope,119.22254666403937,24.98387035894872,court_feet,observed,homography
36380,99,ball,,,solved,rejected,outside_physical_envelope,100.18094338385946,21.9268516632349,court_feet,observed,homography
36385,99,ball,,,solved,rejected,outside_physical_envelope,126.3154848519092,21.200360385101362,court_feet,observed,homography
36395,99,ball,82.01957172444116,13.47586770678401,solved,accepted,,82.01957172444116,13.47586770678401,court_feet,observed,homography
36410,99,ball,,,camera_lock_drift_checked,rejected,outside_physical_envelope,100.74189414060133,22.197964524670535,court_feet,observed,homography
36425,99,ball,75.11934189476916,19.5414105973347,solved,accepted,,75.11934189476916,19.5414105973347,court_feet,observed,homography
36455,99,ball,19.235034022185037,6.15620608398658,solved,accepted,,19.235034022185037,6.15620608398658,court_feet,observed,homography
36495,99,ball,,,solved,rejected,outside_physical_envelope,95.68659644337366,25.915446965980728,court_feet,observed,homography
36505,99,ball,78.02252783377891,21.512787163828236,solved,accepted,,78.02252783377891,21.512787163828236,court_feet,observed,homography
36510,99,ball,76.93784986446816,24.641681952523538,solved,accepted,,76.93784986446816,24.641681952523538,court_feet,observed,homography
36535,99,ball,,,solved,rejected,outside_physical_envelope,58.86943090118618,40.480892130394444,court_feet,observed,homography
37855,99,ball,,,solved,rejected,outside_physical_envelope,113.4210465856725,1.2549687882567817,court_feet,observed,homography
37880,99,ball,,,solved,rejected,outside_physical_envelope,111.7488022707845,1.7717971478930878,court_feet,observed,homography
37890,99,ball,,,solved,rejected,outside_physical_envelope,139.2105842789411,0.22508754565889386,court_feet,observed,homography
37895,99,ball,,,solved,rejected,outside_physical_envelope,112.61071238069924,1.894987422806603,court_feet,observed,homography
37900,99,ball,,,solved,rejected,outside_physical_envelope,116.84852825210321,1.745657058431613,court_feet,observed,homography
37910,99,ball,,,solved,rejected,outside_physical_envelope,124.85884212352292,2.145102988390418,court_feet,observed,homography
37920,99,ball,,,solved,rejected,outside_physical_envelope,121.5391591183532,1.1357621845648689,court_feet,observed,homography
37930,99,ball,,,solved,rejected,outside_physical_envelope,115.14267332412601,2.3273371021373412,court_feet,observed,homography
37940,99,ball,,,solved,rejected,outside_physical_envelope,122.42357094083594,0.959246719792281,court_feet,observed,homography
37945,99,ball,,,solved,rejected,outside_physical_envelope,120.34476090277803,1.1603056161036984,court_feet,observed,homography
37950,99,ball,,,solved,rejected,outside_physical_envelope,112.1491672981166,2.315722843463557,court_feet,observed,homography
37990,99,ball,,,solved,rejected,outside_physical_envelope,143.0833724607,-9.35199198242304,court_feet,observed,homography
38000,99,ball,,,solved,rejected,outside_physical_envelope,146.2160335928787,-9.781581483983354,court_feet,observed,homography
38005,99,ball,,,solved,rejected,outside_physical_envelope,146.892245213313,-9.773686054134398,court_feet,observed,homography
38015,99,ball,,,solved,rejected,outside_physical_envelope,148.5604169851439,-10.014334619129244,court_feet,observed,homography
38030,99,ball,,,solved,rejected,outside_physical_envelope,117.83645263917983,1.4399510581156907,court_feet,observed,homography
38035,99,ball,,,solved,rejected,outside_physical_envelope,128.29706310347387,1.1004206897603728,court_feet,observed,homography
38040,99,ball,,,solved,rejected,outside_physical_envelope,108.36420075419038,2.239093821074049,court_feet,observed,homography
38045,99,ball,,,solved,rejected,outside_physical_envelope,103.45709823046691,2.5912386304811434,court_feet,observed,homography
38050,99,ball,,,solved,rejected,outside_physical_envelope,104.29623333012478,2.67884957226114,court_feet,observed,homography
38060,99,ball,,,solved,rejected,outside_physical_envelope,111.52258149279591,2.542147509268081,court_feet,observed,homography
38075,99,ball,,,solved,rejected,outside_physical_envelope,143.0147468950502,-14.663693606110272,court_feet,observed,homography
38095,99,ball,,,camera_lock_drift_checked,rejected,outside_physical_envelope,136.39818867532694,0.7378715693671246,court_feet,observed,homography
38100,99,ball,,,solved,rejected,outside_physical_envelope,123.73245625494232,1.5250175594169588,court_feet,observed,homography
38105,99,ball,,,solved,rejected,outside_physical_envelope,122.0895701135728,1.6644447576489616,court_feet,observed,homography
38110,99,ball,,,solved,rejected,outside_physical_envelope,136.46424577955176,1.4176549742200584,court_feet,observed,homography
38120,99,ball,,,solved,rejected,outside_physical_envelope,119.6739201990517,1.2489571221465798,court_feet,observed,homography
38125,99,ball,,,solved,rejected,outside_physical_envelope,95.46829215485502,4.910990360103181,court_feet,observed,homography
38145,99,ball,,,solved,rejected,outside_physical_envelope,115.61378545434177,1.3717509516436477,court_feet,observed,homography
38165,99,ball,,,solved,rejected,outside_physical_envelope,122.80738292100123,2.80488251884374,court_feet,observed,homography
38185,99,ball,,,solved,rejected,outside_physical_envelope,132.65404890086455,2.0209486996862016,court_feet,observed,homography
38190,99,ball,,,solved,rejected,outside_physical_envelope,124.22016400214699,2.7614028913456194,court_feet,observed,homography
38195,99,ball,,,solved,rejected,outside_physical_envelope,136.37787769383777,0.47072629015435397,court_feet,observed,homography
38200,99,ball,,,solved,rejected,outside_physical_envelope,133.29486426353176,1.8003056162192494,court_feet,observed,homography
38205,99,ball,,,solved,rejected,outside_physical_envelope,133.37494682531548,0.5653582322137342,court_feet,observed,homography
38215,99,ball,,,solved,rejected,outside_physical_envelope,135.7444103056251,0.5644931937637809,court_feet,observed,homography
38230,99,ball,,,solved,rejected,outside_physical_envelope,93.69836829874302,5.179057041723215,court_feet,observed,homography
38240,99,ball,,,solved,rejected,outside_physical_envelope,106.15638418874464,2.495278517348719,court_feet,observed,homography
38250,99,ball,,,solved,rejected,outside_physical_envelope,116.15562549412951,1.6602673942460926,court_feet,observed,homography
38265,99,ball,,,solved,rejected,outside_physical_envelope,145.63406909497334,-20.22491612015928,court_feet,observed,homography
38270,99,ball,,,solved,rejected,outside_physical_envelope,148.0441856065104,-21.624284708752434,court_feet,observed,homography
38280,99,ball,,,solved,rejected,outside_physical_envelope,148.03463008283092,-21.27865193606125,court_feet,observed,homography
38285,99,ball,,,solved,rejected,outside_physical_envelope,148.01778163883503,-21.132792677516484,court_feet,observed,homography
38300,99,ball,,,camera_lock_drift_checked,rejected,outside_physical_envelope,115.939365083439,1.5682316451025555,court_feet,observed,homography
38315,99,ball,,,solved,rejected,outside_physical_envelope,122.1421338209881,2.9057513803685526,court_feet,observed,homography
38320,99,ball,,,camera_lock_drift_checked,rejected,outside_physical_envelope,115.72209803270334,1.8251508358297786,court_feet,observed,homography
38330,99,ball,,,solved,rejected,outside_physical_envelope,109.93859799943118,4.040080973632431,court_feet,observed,homography
38345,99,ball,,,solved,rejected,outside_physical_envelope,115.64648160932758,2.7306114354743167,court_feet,observed,homography
38355,99,ball,,,solved,rejected,outside_physical_envelope,101.07083511061184,2.256990880819473,court_feet,observed,homography
38360,99,ball,,,solved,rejected,outside_physical_envelope,107.08873660718385,4.180871609176928,court_feet,observed,homography
38375,99,ball,,,solved,rejected,outside_physical_envelope,122.07626542564837,1.6526699853005706,court_feet,observed,homography
38390,99,ball,,,solved,rejected,outside_physical_envelope,115.96536951018334,2.8680934425684073,court_feet,observed,homography
38400,99,ball,,,solved,rejected,outside_physical_envelope,109.74530742792264,2.5693873158017775,court_feet,observed,homography
38405,99,ball,,,solved,rejected,outside_physical_envelope,116.10058843342759,2.335343920674618,court_feet,observed,homography
38410,99,ball,,,solved,rejected,outside_physical_envelope,117.81728437542834,2.195179703270826,court_feet,observed,homography
38425,99,ball,,,solved,rejected,outside_physical_envelope,114.53085196992276,2.1345663474857286,court_feet,observed,homography
38435,99,ball,,,solved,rejected,outside_physical_envelope,107.9671714032824,4.408797417947832,court_feet,observed,homography
38440,99,ball,,,solved,rejected,outside_physical_envelope,107.56120588316533,4.346824602488146,court_feet,observed,homography
38445,99,ball,,,solved,rejected,outside_physical_envelope,119.60652687705911,2.826508861617115,court_feet,observed,homography
38450,99,ball,,,solved,rejected,outside_physical_envelope,94.26726471564665,6.095648176143917,court_feet,observed,homography
38460,99,ball,,,solved,rejected,outside_physical_envelope,105.80118206346296,4.414566568986199,court_feet,observed,homography
38465,99,ball,,,solved,rejected,outside_physical_envelope,118.42884805452663,2.649066701939992,court_feet,observed,homography
38470,99,ball,,,solved,rejected,outside_physical_envelope,127.2569207189481,2.1277856326984335,court_feet,observed,homography
38475,99,ball,,,solved,rejected,outside_physical_envelope,128.7231198551002,1.5695485634016129,court_feet,observed,homography
38480,99,ball,,,solved,rejected,outside_physical_envelope,111.79174745148873,3.339297727543933,court_feet,observed,homography
38490,99,ball,,,solved,rejected,outside_physical_envelope,129.1166773200216,1.816987597139432,court_feet,observed,homography
38495,99,ball,,,solved,rejected,outside_physical_envelope,121.91482500669271,2.7034393468213644,court_feet,observed,homography
38505,99,ball,,,solved,rejected,outside_physical_envelope,151.64622099160098,-9.558520633762551,court_feet,observed,homography
38540,99,ball,,,solved,rejected,outside_physical_envelope,119.4087366783042,1.450043560804197,court_feet,observed,homography
38545,99,ball,,,solved,rejected,outside_physical_envelope,124.55970533573013,1.1841649396123202,court_feet,observed,homography
38550,99,ball,,,solved,rejected,outside_physical_envelope,119.79080183606142,1.6983185630256197,court_feet,observed,homography
38560,99,ball,,,camera_lock_drift_checked,rejected,outside_physical_envelope,143.07540447048652,-10.69095384286237,court_feet,observed,homography
38570,99,ball,,,solved,rejected,outside_physical_envelope,128.3039358562179,1.4387384553445437,court_feet,observed,homography
38575,99,ball,,,solved,rejected,outside_physical_envelope,97.68298853617009,5.312139220692099,court_feet,observed,homography
38580,99,ball,,,solved,rejected,outside_physical_envelope,113.78718681861173,1.9369133151285052,court_feet,observed,homography
38585,99,ball,,,solved,rejected,outside_physical_envelope,116.12798902818245,2.864788915195274,court_feet,observed,homography
38615,99,ball,18.676374249263112,19.831025054705925,solved,accepted,,18.676374249263112,19.831025054705925,court_feet,observed,homography
38620,99,ball,20.881581863935263,19.698988864199293,solved,accepted,,20.881581863935263,19.698988864199293,court_feet,observed,homography
38625,99,ball,19.79259541516701,20.648394920230093,solved,accepted,,19.79259541516701,20.648394920230093,court_feet,observed,homography
38630,99,ball,18.907811531303288,19.94490462236984,camera_lock_drift_checked,accepted,,18.907811531303288,19.94490462236984,court_feet,observed,homography
38660,99,ball,,,solved,rejected,outside_physical_envelope,93.49693421455626,6.206477520129565,court_feet,observed,homography
38675,99,ball,,,solved,rejected,outside_physical_envelope,92.78995366555586,-5.384823888376421,court_feet,observed,homography
38685,99,ball,,,solved,rejected,outside_physical_envelope,106.80616876736391,-2.5103481615983787,court_feet,observed,homography
38695,99,ball,,,solved,rejected,outside_physical_envelope,142.27216630472665,-5.080959793512714,court_feet,observed,homography
38705,99,ball,,,solved,rejected,outside_physical_envelope,140.16292044311876,-4.89062128660175,court_feet,observed,homography
38725,99,ball,,,solved,rejected,outside_physical_envelope,126.8628364187013,-7.830654727088296,court_feet,observed,homography
38735,99,ball,,,camera_lock_drift_checked,rejected,outside_physical_envelope,121.60186365183556,-6.39578055820367,court_feet,observed,homography
38740,99,ball,,,solved,rejected,outside_physical_envelope,89.50701707724197,-2.3385704533610854,court_feet,observed,homography
38745,99,ball,,,solved,rejected,outside_physical_envelope,119.7094974233364,-3.786011932937718,court_feet,observed,homography
38760,99,ball,,,solved,rejected,outside_physical_envelope,128.88168309049388,-3.2069173452055253,court_feet,observed,homography
38765,99,ball,,,solved,rejected,outside_physical_envelope,115.50468736627352,-4.589002339237724,court_feet,observed,homography
38775,99,ball,,,solved,rejected,outside_physical_envelope,126.71429743349236,-0.6999393895354714,court_feet,observed,homography
38780,99,ball,,,solved,rejected,outside_physical_envelope,124.66012532378919,-0.22458296206366352,court_feet,observed,homography
38785,99,ball,,,solved,rejected,outside_physical_envelope,136.50680465517735,-0.9349478901997212,court_feet,observed,homography
38800,99,ball,,,solved,rejected,outside_physical_envelope,97.39445845631023,0.42124050434574584,court_feet,observed,homography
38815,99,ball,,,solved,rejected,outside_physical_envelope,118.69990985917302,7.083461147869109,court_feet,observed,homography
38830,99,ball,,,camera_lock_drift_checked,rejected,outside_physical_envelope,89.25736806635197,8.551334345127485,court_feet,observed,homography
38835,99,ball,,,camera_lock_drift_checked,rejected,outside_physical_envelope,87.60487549512436,9.836686198700601,court_feet,observed,homography
38840,99,ball,,,solved,rejected,outside_physical_envelope,86.06838871887872,11.61686461491567,court_feet,observed,homography
38845,99,ball,82.34935361711628,12.294461945059117,solved,accepted,,82.34935361711628,12.294461945059117,court_feet,observed,homography
38860,99,ball,,,camera_lock_drift_checked,rejected,outside_physical_envelope,95.98445508134921,1.1463941433251885,court_feet,observed,homography
38870,99,ball,73.80191822730265,10.012728114631656,solved,accepted,,73.80191822730265,10.012728114631656,court_feet,observed,homography
38880,99,ball,82.8061030591787,15.70952054871911,solved,accepted,,82.8061030591787,15.70952054871911,court_feet,observed,homography
38890,99,ball,,,solved,rejected,outside_physical_envelope,93.06762887891368,13.237166541163853,court_feet,observed,homography
38895,99,ball,,,solved,rejected,outside_physical_envelope,94.05355736538833,12.74474033120009,court_feet,observed,homography
38905,99,ball,72.11628620183834,15.825172109591843,camera_lock_drift_checked,accepted,,72.11628620183834,15.825172109591843,court_feet,observed,homography
38910,99,ball,,,solved,rejected,outside_physical_envelope,92.7068360406699,13.277569670613985,court_feet,observed,homography
38925,99,ball,74.91378484091784,13.111336469456255,camera_lock_drift_checked,accepted,,74.91378484091784,13.111336469456255,court_feet,observed,homography
38935,99,ball,73.79594284586715,9.573947971647268,solved,accepted,,73.79594284586715,9.573947971647268,court_feet,observed,homography
38960,99,ball,82.80971710771071,0.8409010676307691,solved,accepted,,82.80971710771071,0.8409010676307691,court_feet,observed,homography
38985,99,ball,,,solved,rejected,outside_physical_envelope,126.75507271739363,3.8113707837826056,court_feet,observed,homography
38990,99,ball,,,solved,rejected,outside_physical_envelope,125.9261291956702,4.079989071194926,court_feet,observed,homography
39000,99,ball,,,camera_lock_drift_checked,rejected,outside_physical_envelope,98.26942746210183,-2.577000950772077,court_feet,observed,homography
39270,99,ball,27.848605908794372,20.91894788340547,camera_lock_drift_checked,accepted,,27.848605908794372,20.91894788340547,court_feet,observed,homography
39275,99,ball,27.885103225619275,20.9328791423233,solved,accepted,,27.885103225619275,20.9328791423233,court_feet,observed,homography
39280,99,ball,23.181992961747834,20.104330142408674,solved,accepted,,23.181992961747834,20.104330142408674,court_feet,observed,homography
39290,99,ball,37.35207727737736,22.413969573114915,solved,accepted,,37.35207727737736,22.413969573114915,court_feet,observed,homography
39320,99,ball,18.97742843140429,20.21234428440925,solved,accepted,,18.97742843140429,20.21234428440925,court_feet,observed,homography
39350,99,ball,,,solved,rejected,outside_physical_envelope,88.12259348369693,15.916779190961249,court_feet,observed,homography
39385,99,ball,,,solved,rejected,outside_physical_envelope,229.35061485923958,-31.825421747303103,court_feet,observed,homography
39395,99,ball,,,solved,rejected,outside_physical_envelope,224.9857786579813,-31.31890396687234,court_feet,observed,homography
39410,99,ball,,,solved,rejected,outside_physical_envelope,147.10741373257338,-19.198606299516545,court_feet,observed,homography
40470,99,ball,,,solved,rejected,outside_physical_envelope,139.96654444898556,-16.584466011786304,court_feet,observed,homography
40475,99,ball,,,solved,rejected,outside_physical_envelope,141.74042541267343,-17.21515248998109,court_feet,observed,homography
40510,99,ball,19.90848237495422,14.190576220003079,camera_lock_drift_checked,accepted,,19.90848237495422,14.190576220003079,court_feet,observed,homography
40525,99,ball,19.180863573894737,14.127280547201297,solved,accepted,,19.180863573894737,14.127280547201297,court_feet,observed,homography
40530,99,ball,28.150332999420538,13.621033889243563,solved,accepted,,28.150332999420538,13.621033889243563,court_feet,observed,homography
40540,99,ball,23.97581639307621,14.31124016963722,solved,accepted,,23.97581639307621,14.31124016963722,court_feet,observed,homography
40545,99,ball,28.008626175467384,15.066345642829946,solved,accepted,,28.008626175467384,15.066345642829946,court_feet,observed,homography
40555,99,ball,24.429471071948303,13.706839556291317,solved,accepted,,24.429471071948303,13.706839556291317,court_feet,observed,homography
40580,99,ball,,,solved,rejected,outside_physical_envelope,90.22420448245279,29.54618942645883,court_feet,observed,homography
40585,99,ball,,,solved,rejected,outside_physical_envelope,97.24286335922106,31.93045858651074,court_feet,observed,homography
40590,99,ball,,,solved,rejected,outside_physical_envelope,89.50106067057673,31.937640218169133,court_feet,observed,homography
40595,99,ball,,,solved,rejected,outside_physical_envelope,90.75133802318003,35.62796154983317,court_feet,observed,homography
40615,99,ball,,,camera_lock_drift_checked,rejected,outside_physical_envelope,104.15400298813545,54.450348369336474,court_feet,observed,homography
40645,99,ball,,,solved,rejected,outside_physical_envelope,93.00740226005368,31.028918533842067,court_feet,observed,homography
40650,99,ball,,,solved,rejected,outside_physical_envelope,100.57400411495429,29.404604581663094,court_feet,observed,homography
40665,99,ball,,,solved,rejected,outside_physical_envelope,98.1067342635255,23.926343585906732,court_feet,observed,homography
40685,99,ball,,,solved,rejected,outside_physical_envelope,106.10656219088297,24.328065885424323,court_feet,observed,homography
40695,99,ball,,,solved,rejected,outside_physical_envelope,99.32469072047903,25.25780184875002,court_feet,observed,homography
40705,99,ball,,,solved,rejected,outside_physical_envelope,92.64676539432467,21.989035902581403,court_feet,observed,homography
40710,99,ball,,,camera_lock_drift_checked,rejected,outside_physical_envelope,114.55614906403974,23.932927027479124,court_feet,observed,homography
40715,99,ball,,,camera_lock_drift_checked,rejected,outside_physical_envelope,115.07090740241968,23.870264461336134,court_feet,observed,homography
40720,99,ball,,,solved,rejected,outside_physical_envelope,106.97772251639253,23.560413137669762,court_feet,observed,homography
40735,99,ball,,,camera_lock_drift_checked,rejected,outside_physical_envelope,120.60346226727488,23.88471925457673,court_feet,observed,homography
40740,99,ball,,,solved,rejected,outside_physical_envelope,121.11646494511554,23.5874833491245,court_feet,observed,homography
40755,99,ball,,,solved,rejected,outside_physical_envelope,93.84699751581937,23.221265739896754,court_feet,observed,homography
40785,99,ball,,,solved,rejected,outside_physical_envelope,110.35858694111707,38.6309345002948,court_feet,observed,homography
41870,99,ball,,,solved,rejected,outside_physical_envelope,116.98215707853551,53.71231965040644,court_feet,observed,homography
41965,99,ball,24.634619671138648,19.34214384906846,solved,accepted,,24.634619671138648,19.34214384906846,court_feet,observed,homography
41970,99,ball,17.004017722636306,18.095814333721716,solved,accepted,,17.004017722636306,18.095814333721716,court_feet,observed,homography
41990,99,ball,,,solved,rejected,outside_physical_envelope,99.15885543605819,18.990354183117343,court_feet,observed,homography
41995,99,ball,,,solved,rejected,outside_physical_envelope,91.89481263646914,20.062701178171956,court_feet,observed,homography
42020,99,ball,,,solved,rejected,outside_physical_envelope,122.99141457117338,20.30961721974041,court_feet,observed,homography
42050,99,ball,,,solved,rejected,outside_physical_envelope,146.27928640414817,-10.744392737846779,court_feet,observed,homography
42075,99,ball,,,solved,rejected,outside_physical_envelope,43.49820640733153,-10.072743467754652,court_feet,observed,homography
42090,99,ball,,,solved,rejected,outside_physical_envelope,43.88037159956024,-4.4811244786858175,court_feet,observed,homography
43205,99,ball,21.345472432073766,13.079789902357389,solved,accepted,,21.345472432073766,13.079789902357389,court_feet,observed,homography
43210,99,ball,25.825726525727326,14.962976181695156,solved,accepted,,25.825726525727326,14.962976181695156,court_feet,observed,homography
43220,99,ball,21.46983358524779,13.195769531258065,solved,accepted,,21.46983358524779,13.195769531258065,court_feet,observed,homography
43275,99,ball,,,solved,rejected,outside_physical_envelope,90.70085674261243,26.222544830105097,court_feet,observed,homography
43280,99,ball,,,camera_lock_drift_checked,rejected,outside_physical_envelope,90.44983532017426,24.293918942404837,court_feet,observed,homography
43300,99,ball,19.611231165832358,16.322907023020242,solved,accepted,,19.611231165832358,16.322907023020242,court_feet,observed,homography
43315,99,ball,26.95866855510768,15.518694975611865,solved,accepted,,26.95866855510768,15.518694975611865,court_feet,observed,homography
43360,99,ball,,,solved,rejected,outside_physical_envelope,111.09811954970901,28.212224987698406,court_feet,observed,homography
43370,99,ball,,,solved,rejected,outside_physical_envelope,101.00955574094691,24.912748621205758,court_feet,observed,homography
43385,99,ball,,,solved,rejected,outside_physical_envelope,114.48955583029844,26.39730764194226,court_feet,observed,homography
43420,99,ball,,,solved,rejected,outside_physical_envelope,116.18143071349566,20.395692426585917,court_feet,observed,homography
43430,99,ball,,,solved,rejected,outside_physical_envelope,99.60947017143907,20.4215878781601,court_feet,observed,homography
43450,99,ball,,,solved,rejected,outside_physical_envelope,89.10997623550644,28.532325186243284,court_feet,observed,homography
43455,99,ball,,,solved,rejected,outside_physical_envelope,101.60270386882601,26.225145835154024,court_feet,observed,homography
43460,99,ball,,,solved,rejected,outside_physical_envelope,103.67618918324106,26.411989298169985,court_feet,observed,homography
43470,99,ball,,,solved,rejected,outside_physical_envelope,89.96821193668588,29.349157364328224,court_feet,observed,homography
43495,99,ball,,,solved,rejected,outside_physical_envelope,111.21181503349443,34.4170748962602,court_feet,observed,homography
43500,99,ball,,,solved,rejected,outside_physical_envelope,113.98568122855801,38.06073362080801,court_feet,observed,homography
43510,99,ball,,,solved,rejected,outside_physical_envelope,112.43949904703032,37.39529496221048,court_feet,observed,homography
43520,99,ball,,,solved,rejected,outside_physical_envelope,114.54515642929618,39.591586401075695,court_feet,observed,homography
43525,99,ball,,,solved,rejected,outside_physical_envelope,119.75037875406404,40.71778379528669,court_feet,observed,homography
43535,99,ball,,,camera_lock_drift_checked,rejected,outside_physical_envelope,102.70207041266521,32.08859888068298,court_feet,observed,homography
43540,99,ball,,,camera_lock_drift_checked,rejected,outside_physical_envelope,118.30076886638085,34.51757065456844,court_feet,observed,homography
43545,99,ball,,,camera_lock_drift_checked,rejected,outside_physical_envelope,118.7640110600243,34.50663734806419,court_feet,observed,homography
43550,99,ball,,,camera_lock_drift_checked,rejected,outside_physical_envelope,107.93683002635227,31.596678748320958,court_feet,observed,homography
43555,99,ball,,,camera_lock_drift_checked,rejected,outside_physical_envelope,109.53817325875897,31.775595104418965,court_feet,observed,homography
43565,99,ball,,,camera_lock_drift_checked,rejected,outside_physical_envelope,109.48645804168778,32.1346147173319,court_feet,observed,homography
43580,99,ball,,,solved,rejected,outside_physical_envelope,128.21993771618617,34.18225677086254,court_feet,observed,homography
43585,99,ball,,,solved,rejected,outside_physical_envelope,129.04799934292998,34.68375323248909,court_feet,observed,homography
43590,99,ball,,,solved,rejected,outside_physical_envelope,102.03008619691693,32.39219582401432,court_feet,observed,homography
43595,99,ball,,,solved,rejected,outside_physical_envelope,98.57873887624825,31.679119396604243,court_feet,observed,homography
43610,99,ball,,,solved,rejected,outside_physical_envelope,91.75527819402964,30.35038850378645,court_feet,observed,homography
43630,99,ball,,,solved,rejected,outside_physical_envelope,120.5106920116413,34.08605861669992,court_feet,observed,homography
43655,99,ball,,,solved,rejected,outside_physical_envelope,108.13390713883518,32.4872101586274,court_feet,observed,homography
43660,99,ball,,,solved,rejected,outside_physical_envelope,114.96939433805977,34.20144026590011,court_feet,observed,homography
43685,99,ball,,,solved,rejected,outside_physical_envelope,113.27780479815478,33.84587221205291,court_feet,observed,homography
43700,99,ball,,,camera_lock_drift_checked,rejected,outside_physical_envelope,115.97698226155092,34.17142494436045,court_feet,observed,homography
43715,99,ball,,,solved,rejected,outside_physical_envelope,111.29925768934801,33.533661549457356,court_feet,observed,homography
43720,99,ball,,,solved,rejected,outside_physical_envelope,108.99199285016631,33.4998117529382,court_feet,observed,homography
43745,99,ball,,,solved,rejected,outside_physical_envelope,110.84512919836247,32.56185671064856,court_feet,observed,homography
43775,99,ball,21.34574033483209,13.176620274617084,solved,accepted,,21.34574033483209,13.176620274617084,court_feet,observed,homography
43780,99,ball,20.39619123581071,13.229741598988628,solved,accepted,,20.39619123581071,13.229741598988628,court_feet,observed,homography
43785,99,ball,19.042087566825334,13.393365413989688,solved,accepted,,19.042087566825334,13.393365413989688,court_feet,observed,homography
43815,99,ball,,,solved,rejected,outside_physical_envelope,141.0056997847785,-10.294465233748628,court_feet,observed,homography
43820,99,ball,,,solved,rejected,outside_physical_envelope,143.52689030811314,-10.754443535558714,court_feet,observed,homography
43870,99,ball,,,solved,rejected,outside_physical_envelope,112.09455767107981,38.20982368419561,court_feet,observed,homography
43885,99,ball,,,solved,rejected,outside_physical_envelope,119.38484414514622,39.29309864677597,court_feet,observed,homography
43890,99,ball,,,solved,rejected,outside_physical_envelope,119.26788095337616,39.4095550196065,court_feet,observed,homography
43895,99,ball,,,solved,rejected,outside_physical_envelope,90.93414509937139,36.09932733593417,court_feet,observed,homography
43905,99,ball,81.87542347245164,31.69551858700149,solved,accepted,,81.87542347245164,31.69551858700149,court_feet,observed,homography
43910,99,ball,82.10695636495808,31.638018234002608,solved,accepted,,82.10695636495808,31.638018234002608,court_feet,observed,homography
43940,99,ball,,,solved,rejected,outside_physical_envelope,100.44129403299995,53.61635224632817,court_feet,observed,homography
