frame_approx,video_sec,game_clock_sec,period,score_home,score_away,score_margin,shot_clock_est
0,0,0,1,0,0,0,24.0
60,1,1,1,0,0,0,23.0
120,2,2,1,0,0,0,22.0
180,3,3,1,0,0,0,21.0
240,4,4,1,0,0,0,20.0
300,5,5,1,0,0,0,19.0
360,6,6,1,0,0,0,18.0
420,7,7,1,0,0,0,17.0
480,8,8,1,0,0,0,16.0
540,9,9,1,0,0,0,15.0
600,10,10,1,0,0,0,14.0
660,11,11,1,0,0,0,13.0
720,12,12,1,0,0,0,12.0
780,13,13,1,0,0,0,11.0
840,14,14,1,0,2,-2,24.0
900,15,15,1,0,2,-2,23.0
960,16,16,1,0,2,-2,22.0
1020,17,17,1,0,2,-2,21.0
1080,18,18,1,0,2,-2,20.0
1140,19,19,1,0,2,-2,19.0
1200,20,20,1,0,2,-2,18.0
1260,21,21,1,0,2,-2,17.0
1320,22,22,1,0,2,-2,16.0
1380,23,23,1,0,2,-2,15.0
1440,24,24,1,0,2,-2,14.0
1500,25,25,1,0,2,-2,13.0
1560,26,26,1,0,2,-2,12.0
1620,27,27,1,0,2,-2,11.0
1680,28,28,1,0,2,-2,10.0
1740,29,29,1,0,2,-2,9.0
1800,30,30,1,0,2,-2,8.0
1860,31,31,1,0,2,-2,7.0
1920,32,32,1,0,2,-2,6.0
1980,33,33,1,0,2,-2,5.0
2040,34,34,1,0,2,-2,4.0
2100,35,35,1,0,2,-2,3.0
2160,36,36,1,0,2,-2,2.0
2220,37,37,1,0,2,-2,1.0
2280,38,38,1,0,2,-2,0.0
2340,39,39,1,1,2,-1,24.0
2400,40,40,1,1,2,-1,23.0
2460,41,41,1,1,2,-1,22.0
2520,42,42,1,1,2,-1,21.0
2580,43,43,1,1,2,-1,20.0
2640,44,44,1,1,2,-1,19.0
2700,45,45,1,1,2,-1,18.0
2760,46,46,1,1,2,-1,17.0
2820,47,47,1,1,2,-1,16.0
2880,48,48,1,1,2,-1,15.0
2940,49,49,1,1,2,-1,14.0
3000,50,50,1,1,2,-1,13.0
3060,51,51,1,1,2,-1,12.0
3120,52,52,1,1,2,-1,11.0
3180,53,53,1,1,2,-1,10.0
3240,54,54,1,1,2,-1,24.0
3300,55,55,1,1,2,-1,23.0
3360,56,56,1,1,2,-1,22.0
3420,57,57,1,1,2,-1,21.0
3480,58,58,1,1,2,-1,20.0
3540,59,59,1,1,2,-1,19.0
3600,60,60,1,1,2,-1,18.0
3660,61,61,1,1,2,-1,17.0
3720,62,62,1,1,2,-1,16.0
3780,63,63,1,1,2,-1,15.0
3840,64,64,1,1,2,-1,14.0
3900,65,65,1,1,2,-1,13.0
3960,66,66,1,1,2,-1,12.0
4020,67,67,1,1,2,-1,11.0
4080,68,68,1,1,2,-1,10.0
4140,69,69,1,1,2,-1,9.0
4200,70,70,1,1,2,-1,8.0
4260,71,71,1,1,2,-1,7.0
4320,72,72,1,1,2,-1,6.0
4380,73,73,1,1,2,-1,5.0
4440,74,74,1,1,2,-1,4.0
4500,75,75,1,1,2,-1,3.0
4560,76,76,1,1,2,-1,14.0
4620,77,77,1,1,2,-1,13.0
4680,78,78,1,1,2,-1,12.0
4740,79,79,1,1,2,-1,11.0
4800,80,80,1,1,2,-1,10.0
4860,81,81,1,1,2,-1,9.0
4920,82,82,1,1,2,-1,8.0
4980,83,83,1,1,2,-1,7.0
5040,84,84,1,1,2,-1,6.0
5100,85,85,1,1,2,-1,5.0
5160,86,86,1,1,2,-1,4.0
5220,87,87,1,1,5,-4,24.0
5280,88,88,1,1,5,-4,23.0
5340,89,89,1,1,5,-4,22.0
5400,90,90,1,1,5,-4,21.0
5460,91,91,1,1,5,-4,20.0
5520,92,92,1,1,5,-4,19.0
5580,93,93,1,1,5,-4,18.0
5640,94,94,1,1,5,-4,17.0
5700,95,95,1,1,5,-4,16.0
5760,96,96,1,1,5,-4,15.0
5820,97,97,1,1,5,-4,14.0
5880,98,98,1,1,5,-4,13.0
5940,99,99,1,1,5,-4,12.0
6000,100,100,1,1,5,-4,11.0
6060,101,101,1,1,5,-4,10.0
6120,102,102,1,1,5,-4,9.0
6180,103,103,1,1,5,-4,8.0
6240,104,104,1,1,5,-4,7.0
6300,105,105,1,1,5,-4,6.0
6360,106,106,1,1,5,-4,5.0
6420,107,107,1,1,5,-4,4.0
6480,108,108,1,1,5,-4,3.0
6540,109,109,1,1,6,-5,24.0
6600,110,110,1,1,6,-5,23.0
6660,111,111,1,1,6,-5,22.0
6720,112,112,1,1,6,-5,21.0
6780,113,113,1,1,6,-5,20.0
6840,114,114,1,1,6,-5,19.0
6900,115,115,1,1,6,-5,18.0
6960,116,116,1,1,6,-5,17.0
7020,117,117,1,1,6,-5,16.0
7080,118,118,1,1,6,-5,15.0
7140,119,119,1,1,6,-5,14.0
7200,120,120,1,1,6,-5,13.0
7260,121,121,1,1,6,-5,12.0
7320,122,122,1,1,6,-5,11.0
7380,123,123,1,1,6,-5,10.0
7440,124,124,1,1,6,-5,9.0
7500,125,125,1,1,6,-5,8.0
7560,126,126,1,1,6,-5,7.0
7620,127,127,1,1,6,-5,6.0
7680,128,128,1,1,6,-5,5.0
7740,129,129,1,1,6,-5,4.0
7800,130,130,1,1,6,-5,14.0
7860,131,131,1,1,6,-5,13.0
7920,132,132,1,1,6,-5,12.0
7980,133,133,1,1,6,-5,11.0
8040,134,134,1,1,6,-5,10.0
8100,135,135,1,1,6,-5,9.0
8160,136,136,1,1,6,-5,8.0
8220,137,137,1,1,6,-5,7.0
8280,138,138,1,1,6,-5,6.0
8340,139,139,1,1,6,-5,5.0
8400,140,140,1,1,6,-5,4.0
8460,141,141,1,1,6,-5,3.0
8520,142,142,1,2,6,-4,24.0
8580,143,143,1,2,6,-4,23.0
8640,144,144,1,2,6,-4,22.0
8700,145,145,1,2,6,-4,21.0
8760,146,146,1,2,6,-4,20.0
8820,147,147,1,2,6,-4,19.0
8880,148,148,1,2,6,-4,18.0
8940,149,149,1,2,6,-4,17.0
9000,150,150,1,2,6,-4,14.0
9060,151,151,1,2,6,-4,13.0
9120,152,152,1,2,6,-4,12.0
9180,153,153,1,2,6,-4,11.0
9240,154,154,1,2,6,-4,10.0
9300,155,155,1,2,6,-4,9.0
9360,156,156,1,2,6,-4,8.0
9420,157,157,1,2,6,-4,7.0
9480,158,158,1,2,6,-4,6.0
9540,159,159,1,2,6,-4,5.0
9600,160,160,1,2,6,-4,4.0
9660,161,161,1,2,6,-4,3.0
9720,162,162,1,2,6,-4,2.0
9780,163,163,1,2,9,-7,24.0
9840,164,164,1,2,9,-7,23.0
9900,165,165,1,2,9,-7,22.0
9960,166,166,1,2,9,-7,21.0
10020,167,167,1,2,9,-7,20.0
10080,168,168,1,2,9,-7,19.0
10140,169,169,1,2,9,-7,18.0
10200,170,170,1,2,9,-7,17.0
10260,171,171,1,2,9,-7,16.0
10320,172,172,1,2,9,-7,15.0
10380,173,173,1,2,9,-7,14.0
10440,174,174,1,2,9,-7,13.0
10500,175,175,1,2,9,-7,12.0
10560,176,176,1,2,9,-7,11.0
10620,177,177,1,2,9,-7,10.0
10680,178,178,1,2,9,-7,9.0
10740,179,179,1,5,9,-4,24.0
10800,180,180,1,5,9,-4,23.0
10860,181,181,1,5,9,-4,22.0
10920,182,182,1,5,9,-4,21.0
10980,183,183,1,5,9,-4,20.0
11040,184,184,1,5,9,-4,19.0
11100,185,185,1,5,9,-4,18.0
11160,186,186,1,5,9,-4,17.0
11220,187,187,1,5,9,-4,16.0
11280,188,188,1,5,9,-4,15.0
11340,189,189,1,5,9,-4,14.0
11400,190,190,1,5,9,-4,13.0
11460,191,191,1,5,9,-4,12.0
11520,192,192,1,5,9,-4,11.0
11580,193,193,1,5,9,-4,10.0
11640,194,194,1,5,9,-4,9.0
11700,195,195,1,5,9,-4,8.0
11760,196,196,1,5,9,-4,24.0
11820,197,197,1,5,9,-4,23.0
11880,198,198,1,5,9,-4,22.0
11940,199,199,1,5,9,-4,21.0
12000,200,200,1,8,9,-1,24.0
12060,201,201,1,8,9,-1,23.0
12120,202,202,1,8,9,-1,22.0
12180,203,203,1,8,9,-1,21.0
12240,204,204,1,8,9,-1,20.0
12300,205,205,1,8,9,-1,19.0
12360,206,206,1,8,9,-1,18.0
12420,207,207,1,8,9,-1,17.0
12480,208,208,1,8,9,-1,16.0
12540,209,209,1,8,9,-1,15.0
12600,210,210,1,8,9,-1,14.0
12660,211,211,1,8,9,-1,13.0
12720,212,212,1,8,9,-1,12.0
12780,213,213,1,8,9,-1,11.0
12840,214,214,1,8,9,-1,10.0
12900,215,215,1,8,9,-1,9.0
12960,216,216,1,8,9,-1,14.0
13020,217,217,1,8,9,-1,13.0
13080,218,218,1,8,9,-1,12.0
13140,219,219,1,8,9,-1,11.0
13200,220,220,1,8,9,-1,10.0
13260,221,221,1,8,9,-1,9.0
13320,222,222,1,8,9,-1,8.0
13380,223,223,1,8,9,-1,7.0
13440,224,224,1,8,9,-1,6.0
13500,225,225,1,8,9,-1,5.0
13560,226,226,1,8,9,-1,4.0
13620,227,227,1,8,9,-1,3.0
13680,228,228,1,8,9,-1,2.0
13740,229,229,1,11,9,2,24.0
13800,230,230,1,11,9,2,23.0
13860,231,231,1,11,9,2,22.0
13920,232,232,1,11,9,2,21.0
13980,233,233,1,11,9,2,20.0
14040,234,234,1,11,9,2,19.0
14100,235,235,1,11,9,2,18.0
14160,236,236,1,11,9,2,17.0
14220,237,237,1,11,9,2,16.0
14280,238,238,1,11,9,2,15.0
14340,239,239,1,11,9,2,14.0
14400,240,240,1,11,9,2,13.0
14460,241,241,1,11,9,2,12.0
14520,242,242,1,11,9,2,11.0
14580,243,243,1,11,9,2,10.0
14640,244,244,1,11,9,2,9.0
14700,245,245,1,11,9,2,8.0
14760,246,246,1,11,9,2,7.0
14820,247,247,1,11,9,2,6.0
14880,248,248,1,11,9,2,5.0
14940,249,249,1,11,9,2,4.0
15000,250,250,1,11,9,2,14.0
15060,251,251,1,11,9,2,13.0
15120,252,252,1,11,9,2,12.0
15180,253,253,1,11,9,2,11.0
15240,254,254,1,11,9,2,10.0
15300,255,255,1,11,9,2,9.0
15360,256,256,1,11,9,2,8.0
15420,257,257,1,11,9,2,7.0
15480,258,258,1,11,9,2,24.0
15540,259,259,1,11,9,2,23.0
15600,260,260,1,11,9,2,22.0
15660,261,261,1,14,9,5,24.0
15720,262,262,1,14,9,5,23.0
15780,263,263,1,14,9,5,22.0
15840,264,264,1,14,9,5,21.0
15900,265,265,1,14,9,5,20.0
15960,266,266,1,14,9,5,19.0
16020,267,267,1,14,9,5,18.0
16080,268,268,1,14,9,5,17.0
16140,269,269,1,14,9,5,16.0
16200,270,270,1,14,9,5,15.0
16260,271,271,1,14,9,5,14.0
16320,272,272,1,14,9,5,13.0
16380,273,273,1,14,9,5,12.0
16440,274,274,1,14,9,5,11.0
16500,275,275,1,14,9,5,10.0
16560,276,276,1,14,9,5,9.0
16620,277,277,1,14,9,5,8.0
16680,278,278,1,14,12,2,24.0
16740,279,279,1,14,12,2,23.0
16800,280,280,1,14,12,2,22.0
16860,281,281,1,14,12,2,21.0
16920,282,282,1,14,12,2,20.0
16980,283,283,1,14,12,2,19.0
17040,284,284,1,14,12,2,18.0
17100,285,285,1,14,12,2,17.0
17160,286,286,1,14,12,2,16.0
17220,287,287,1,14,12,2,15.0
17280,288,288,1,14,12,2,14.0
17340,289,289,1,14,12,2,13.0
17400,290,290,1,14,12,2,12.0
17460,291,291,1,14,12,2,11.0
17520,292,292,1,14,12,2,10.0
17580,293,293,1,14,12,2,9.0
17640,294,294,1,14,12,2,8.0
17700,295,295,1,14,12,2,14.0
17760,296,296,1,14,12,2,13.0
17820,297,297,1,14,12,2,12.0
17880,298,298,1,14,12,2,11.0
17940,299,299,1,14,12,2,10.0
18000,300,300,1,14,12,2,9.0
18060,301,301,1,14,12,2,8.0
18120,302,302,1,14,12,2,7.0
18180,303,303,1,14,12,2,6.0
18240,304,304,1,14,12,2,5.0
18300,305,305,1,14,12,2,4.0
18360,306,306,1,14,12,2,3.0
18420,307,307,1,14,12,2,14.0
18480,308,308,1,14,12,2,13.0
18540,309,309,1,14,12,2,12.0
18600,310,310,1,14,12,2,11.0
18660,311,311,1,14,12,2,10.0
18720,312,312,1,16,12,4,24.0
18780,313,313,1,16,12,4,23.0
18840,314,314,1,16,12,4,22.0
18900,315,315,1,16,12,4,21.0
18960,316,316,1,16,12,4,20.0
19020,317,317,1,16,12,4,19.0
19080,318,318,1,16,12,4,18.0
19140,319,319,1,16,12,4,17.0
19200,320,320,1,16,12,4,16.0
19260,321,321,1,16,12,4,15.0
19320,322,322,1,16,12,4,14.0
19380,323,323,1,16,12,4,13.0
19440,324,324,1,16,12,4,12.0
19500,325,325,1,16,12,4,11.0
19560,326,326,1,16,12,4,10.0
19620,327,327,1,16,12,4,9.0
19680,328,328,1,16,14,2,24.0
19740,329,329,1,16,14,2,23.0
19800,330,330,1,16,14,2,22.0
19860,331,331,1,16,14,2,21.0
19920,332,332,1,16,14,2,20.0
19980,333,333,1,16,14,2,19.0
20040,334,334,1,16,14,2,18.0
20100,335,335,1,16,14,2,17.0
20160,336,336,1,16,14,2,16.0
20220,337,337,1,16,14,2,15.0
20280,338,338,1,16,14,2,14.0
20340,339,339,1,16,14,2,13.0
20400,340,340,1,16,14,2,12.0
20460,341,341,1,16,14,2,11.0
20520,342,342,1,16,14,2,14.0
20580,343,343,1,16,14,2,13.0
20640,344,344,1,16,14,2,12.0
20700,345,345,1,16,14,2,11.0
20760,346,346,1,16,14,2,10.0
20820,347,347,1,16,14,2,9.0
20880,348,348,1,16,14,2,8.0
20940,349,349,1,16,14,2,7.0
21000,350,350,1,16,14,2,6.0
21060,351,351,1,16,14,2,5.0
21120,352,352,1,16,14,2,4.0
21180,353,353,1,16,14,2,3.0
21240,354,354,1,16,14,2,2.0
21300,355,355,1,16,14,2,1.0
21360,356,356,1,16,14,2,0.0
21420,357,357,1,16,14,2,0.0
21480,358,358,1,16,14,2,0.0
21540,359,359,1,16,14,2,0.0
21600,360,360,1,16,14,2,0.0
21660,361,361,1,16,14,2,14.0
21720,362,362,1,16,14,2,13.0
21780,363,363,1,16,14,2,12.0
21840,364,364,1,16,14,2,11.0
21900,365,365,1,16,14,2,10.0
21960,366,366,1,16,14,2,9.0
22020,367,367,1,16,14,2,8.0
22080,368,368,1,16,14,2,7.0
22140,369,369,1,16,14,2,6.0
22200,370,370,1,16,14,2,5.0
22260,371,371,1,16,14,2,4.0
22320,372,372,1,16,14,2,3.0
22380,373,373,1,16,14,2,2.0
22440,374,374,1,18,14,4,24.0
22500,375,375,1,18,14,4,23.0
22560,376,376,1,18,14,4,22.0
22620,377,377,1,18,14,4,21.0
22680,378,378,1,18,14,4,20.0
22740,379,379,1,18,14,4,19.0
22800,380,380,1,18,14,4,18.0
22860,381,381,1,18,14,4,17.0
22920,382,382,1,18,14,4,16.0
22980,383,383,1,18,14,4,15.0
23040,384,384,1,18,14,4,14.0
23100,385,385,1,18,14,4,13.0
23160,386,386,1,18,14,4,12.0
23220,387,387,1,18,14,4,11.0
23280,388,388,1,18,14,4,10.0
23340,389,389,1,18,14,4,14.0
23400,390,390,1,18,14,4,13.0
23460,391,391,1,18,17,1,24.0
23520,392,392,1,18,17,1,23.0
23580,393,393,1,18,17,1,22.0
23640,394,394,1,18,17,1,21.0
23700,395,395,1,18,17,1,20.0
23760,396,396,1,18,17,1,19.0
23820,397,397,1,18,17,1,18.0
23880,398,398,1,18,17,1,17.0
23940,399,399,1,18,17,1,16.0
24000,400,400,1,18,17,1,15.0
24060,401,401,1,18,17,1,14.0
24120,402,402,1,18,17,1,13.0
24180,403,403,1,18,17,1,12.0
24240,404,404,1,18,17,1,11.0
24300,405,405,1,18,17,1,10.0
24360,406,406,1,18,17,1,9.0
24420,407,407,1,18,17,1,8.0
24480,408,408,1,18,17,1,7.0
24540,409,409,1,18,17,1,14.0
24600,410,410,1,18,17,1,13.0
24660,411,411,1,18,17,1,12.0
24720,412,412,1,18,17,1,11.0
24780,413,413,1,18,17,1,10.0
24840,414,414,1,18,17,1,9.0
24900,415,415,1,18,17,1,8.0
24960,416,416,1,18,17,1,7.0
25020,417,417,1,18,17,1,6.0
25080,418,418,1,18,17,1,5.0
25140,419,419,1,18,17,1,4.0
25200,420,420,1,18,17,1,14.0
25260,421,421,1,18,17,1,13.0
25320,422,422,1,18,17,1,12.0
25380,423,423,1,18,17,1,11.0
25440,424,424,1,18,17,1,10.0
25500,425,425,1,18,17,1,9.0
25560,426,426,1,18,17,1,8.0
25620,427,427,1,18,17,1,7.0
25680,428,428,1,18,17,1,6.0
25740,429,429,1,18,17,1,5.0
25800,430,430,1,18,17,1,4.0
25860,431,431,1,18,17,1,3.0
25920,432,432,1,18,17,1,2.0
25980,433,433,1,18,17,1,1.0
26040,434,434,1,18,17,1,0.0
26100,435,435,1,18,17,1,0.0
26160,436,436,1,18,17,1,0.0
26220,437,437,1,20,17,3,24.0
26280,438,438,1,20,17,3,23.0
26340,439,439,1,20,17,3,22.0
26400,440,440,1,20,17,3,21.0
26460,441,441,1,20,17,3,20.0
26520,442,442,1,20,17,3,19.0
26580,443,443,1,20,17,3,18.0
26640,444,444,1,20,17,3,17.0
26700,445,445,1,20,17,3,16.0
26760,446,446,1,20,17,3,15.0
26820,447,447,1,20,17,3,14.0
26880,448,448,1,20,17,3,13.0
26940,449,449,1,20,17,3,12.0
27000,450,450,1,20,17,3,11.0
27060,451,451,1,20,17,3,10.0
27120,452,452,1,20,17,3,9.0
27180,453,453,1,20,17,3,14.0
27240,454,454,1,20,17,3,13.0
27300,455,455,1,20,17,3,12.0
27360,456,456,1,20,17,3,11.0
27420,457,457,1,20,17,3,10.0
27480,458,458,1,20,17,3,9.0
27540,459,459,1,20,17,3,8.0
27600,460,460,1,20,17,3,7.0
27660,461,461,1,20,17,3,6.0
27720,462,462,1,20,17,3,5.0
27780,463,463,1,20,17,3,4.0
27840,464,464,1,20,17,3,3.0
27900,465,465,1,20,17,3,2.0
27960,466,466,1,20,17,3,1.0
28020,467,467,1,20,17,3,0.0
28080,468,468,1,20,17,3,0.0
28140,469,469,1,20,17,3,0.0
28200,470,470,1,20,17,3,0.0
28260,471,471,1,20,17,3,0.0
28320,472,472,1,20,17,3,0.0
28380,473,473,1,20,17,3,0.0
28440,474,474,1,20,17,3,0.0
28500,475,475,1,20,17,3,0.0
28560,476,476,1,20,17,3,0.0
28620,477,477,1,20,17,3,0.0
28680,478,478,1,20,17,3,0.0
28740,479,479,1,20,17,3,14.0
28800,480,480,1,20,17,3,13.0
28860,481,481,1,20,17,3,12.0
28920,482,482,1,20,17,3,11.0
28980,483,483,1,20,17,3,10.0
29040,484,484,1,20,17,3,9.0
29100,485,485,1,20,17,3,8.0
29160,486,486,1,20,17,3,7.0
29220,487,487,1,20,17,3,6.0
29280,488,488,1,20,17,3,5.0
29340,489,489,1,20,17,3,4.0
29400,490,490,1,20,17,3,3.0
29460,491,491,1,20,17,3,24.0
29520,492,492,1,20,17,3,23.0
29580,493,493,1,20,17,3,22.0
29640,494,494,1,20,17,3,21.0
29700,495,495,1,20,17,3,20.0
29760,496,496,1,20,17,3,19.0
29820,497,497,1,20,17,3,18.0
29880,498,498,1,20,17,3,17.0
29940,499,499,1,20,17,3,16.0
30000,500,500,1,20,17,3,15.0
30060,501,501,1,20,17,3,14.0
30120,502,502,1,20,17,3,13.0
30180,503,503,1,20,17,3,12.0
30240,504,504,1,22,17,5,24.0
30300,505,505,1,22,17,5,23.0
30360,506,506,1,22,17,5,22.0
30420,507,507,1,22,17,5,21.0
30480,508,508,1,22,17,5,20.0
30540,509,509,1,22,17,5,19.0
30600,510,510,1,22,17,5,18.0
30660,511,511,1,22,17,5,17.0
30720,512,512,1,22,17,5,16.0
30780,513,513,1,22,17,5,15.0
30840,514,514,1,22,17,5,14.0
30900,515,515,1,22,17,5,13.0
30960,516,516,1,22,17,5,12.0
31020,517,517,1,22,17,5,11.0
31080,518,518,1,22,17,5,10.0
31140,519,519,1,22,17,5,9.0
31200,520,520,1,22,17,5,8.0
31260,521,521,1,22,17,5,7.0
31320,522,522,1,22,17,5,24.0
31380,523,523,1,22,17,5,23.0
31440,524,524,1,22,17,5,22.0
31500,525,525,1,22,17,5,21.0
31560,526,526,1,22,17,5,20.0
31620,527,527,1,22,17,5,19.0
31680,528,528,1,22,17,5,18.0
31740,529,529,1,22,17,5,17.0
31800,530,530,1,22,17,5,16.0
31860,531,531,1,22,17,5,15.0
31920,532,532,1,22,17,5,14.0
31980,533,533,1,22,17,5,13.0
32040,534,534,1,22,17,5,12.0
32100,535,535,1,22,17,5,11.0
32160,536,536,1,22,17,5,10.0
32220,537,537,1,22,17,5,9.0
32280,538,538,1,22,17,5,8.0
32340,539,539,1,22,17,5,7.0
32400,540,540,1,22,17,5,6.0
32460,541,541,1,22,17,5,5.0
32520,542,542,1,22,17,5,4.0
32580,543,543,1,22,17,5,3.0
32640,544,544,1,24,17,7,24.0
32700,545,545,1,24,17,7,23.0
32760,546,546,1,24,17,7,22.0
32820,547,547,1,24,17,7,21.0
32880,548,548,1,24,17,7,20.0
32940,549,549,1,24,17,7,19.0
33000,550,550,1,24,17,7,18.0
33060,551,551,1,24,17,7,17.0
33120,552,552,1,24,17,7,16.0
33180,553,553,1,24,17,7,15.0
33240,554,554,1,24,17,7,14.0
33300,555,555,1,24,17,7,13.0
33360,556,556,1,24,17,7,12.0
33420,557,557,1,24,17,7,11.0
33480,558,558,1,24,17,7,10.0
33540,559,559,1,24,17,7,9.0
33600,560,560,1,24,17,7,8.0
33660,561,561,1,24,17,7,7.0
33720,562,562,1,24,17,7,6.0
33780,563,563,1,24,17,7,5.0
33840,564,564,1,24,17,7,4.0
33900,565,565,1,24,17,7,3.0
33960,566,566,1,24,17,7,2.0
34020,567,567,1,24,17,7,1.0
34080,568,568,1,24,17,7,14.0
34140,569,569,1,24,17,7,13.0
34200,570,570,1,24,17,7,12.0
34260,571,571,1,24,17,7,11.0
34320,572,572,1,24,17,7,10.0
34380,573,573,1,24,17,7,9.0
34440,574,574,1,24,17,7,8.0
34500,575,575,1,24,17,7,7.0
34560,576,576,1,24,17,7,6.0
34620,577,577,1,24,17,7,5.0
34680,578,578,1,24,17,7,24.0
34740,579,579,1,24,17,7,23.0
34800,580,580,1,24,17,7,22.0
34860,581,581,1,24,17,7,21.0
34920,582,582,1,24,17,7,20.0
34980,583,583,1,24,17,7,19.0
35040,584,584,1,24,17,7,18.0
35100,585,585,1,24,17,7,17.0
35160,586,586,1,24,17,7,16.0
35220,587,587,1,24,17,7,14.0
35280,588,588,1,24,17,7,13.0
35340,589,589,1,24,20,4,24.0
35400,590,590,1,24,20,4,23.0
35460,591,591,1,24,20,4,22.0
35520,592,592,1,24,20,4,21.0
35580,593,593,1,24,20,4,20.0
35640,594,594,1,24,20,4,19.0
35700,595,595,1,24,20,4,18.0
35760,596,596,1,24,20,4,17.0
35820,597,597,1,24,20,4,16.0
35880,598,598,1,24,20,4,15.0
35940,599,599,1,24,20,4,14.0
36000,600,600,1,24,20,4,13.0
36060,601,601,1,24,20,4,12.0
36120,602,602,1,24,20,4,11.0
36180,603,603,1,24,20,4,10.0
36240,604,604,1,24,20,4,9.0
36300,605,605,1,24,20,4,8.0
36360,606,606,1,24,20,4,7.0
36420,607,607,1,24,20,4,6.0
36480,608,608,1,24,20,4,5.0
36540,609,609,1,24,20,4,4.0
36600,610,610,1,24,20,4,3.0
36660,611,611,1,24,20,4,2.0
36720,612,612,1,24,20,4,1.0
36780,613,613,1,24,20,4,0.0
36840,614,614,1,24,20,4,0.0
36900,615,615,1,24,20,4,14.0
36960,616,616,1,24,20,4,13.0
37020,617,617,1,24,20,4,24.0
37080,618,618,1,24,20,4,23.0
37140,619,619,1,24,20,4,22.0
37200,620,620,1,24,20,4,21.0
37260,621,621,1,24,20,4,20.0
37320,622,622,1,24,20,4,19.0
37380,623,623,1,24,20,4,18.0
37440,624,624,1,24,20,4,17.0
37500,625,625,1,24,20,4,24.0
37560,626,626,1,24,20,4,23.0
37620,627,627,1,24,20,4,22.0
37680,628,628,1,24,20,4,21.0
37740,629,629,1,24,20,4,20.0
37800,630,630,1,24,20,4,19.0
37860,631,631,1,24,20,4,18.0
37920,632,632,1,24,20,4,17.0
37980,633,633,1,27,20,7,24.0
38040,634,634,1,27,20,7,23.0
38100,635,635,1,27,20,7,22.0
38160,636,636,1,27,20,7,21.0
38220,637,637,1,27,20,7,20.0
38280,638,638,1,27,20,7,19.0
38340,639,639,1,27,20,7,18.0
38400,640,640,1,27,20,7,17.0
38460,641,641,1,27,20,7,16.0
38520,642,642,1,27,20,7,15.0
38580,643,643,1,27,20,7,14.0
38640,644,644,1,27,20,7,13.0
38700,645,645,1,27,20,7,12.0
38760,646,646,1,27,20,7,11.0
38820,647,647,1,27,20,7,10.0
38880,648,648,1,27,20,7,9.0
38940,649,649,1,27,20,7,8.0
39000,650,650,1,27,22,5,24.0
39060,651,651,1,27,22,5,23.0
39120,652,652,1,27,22,5,22.0
39180,653,653,1,27,22,5,21.0
39240,654,654,1,27,22,5,20.0
39300,655,655,1,27,22,5,19.0
39360,656,656,1,27,22,5,18.0
39420,657,657,1,27,22,5,17.0
39480,658,658,1,27,22,5,16.0
39540,659,659,1,27,22,5,15.0
39600,660,660,1,27,22,5,14.0
39660,661,661,1,27,22,5,13.0
39720,662,662,1,27,22,5,12.0
39780,663,663,1,27,22,5,11.0
39840,664,664,1,27,22,5,10.0
39900,665,665,1,27,22,5,9.0
39960,666,666,1,27,22,5,8.0
40020,667,667,1,27,22,5,7.0
40080,668,668,1,27,22,5,6.0
40140,669,669,1,27,22,5,5.0
40200,670,670,1,29,22,7,24.0
40260,671,671,1,29,22,7,23.0
40320,672,672,1,29,22,7,22.0
40380,673,673,1,29,22,7,21.0
40440,674,674,1,29,22,7,20.0
40500,675,675,1,29,22,7,19.0
40560,676,676,1,29,22,7,18.0
40620,677,677,1,29,22,7,17.0
40680,678,678,1,29,22,7,16.0
40740,679,679,1,29,22,7,15.0
40800,680,680,1,29,22,7,14.0
40860,681,681,1,29,22,7,13.0
40920,682,682,1,29,22,7,14.0
40980,683,683,1,29,22,7,13.0
41040,684,684,1,29,22,7,12.0
41100,685,685,1,29,22,7,11.0
41160,686,686,1,29,22,7,10.0
41220,687,687,1,29,22,7,9.0
41280,688,688,1,29,22,7,8.0
41340,689,689,1,29,22,7,7.0
41400,690,690,1,29,22,7,6.0
41460,691,691,1,29,22,7,5.0
41520,692,692,1,29,22,7,4.0
41580,693,693,1,29,22,7,3.0
41640,694,694,1,29,22,7,2.0
41700,695,695,1,29,22,7,1.0
41760,696,696,1,29,22,7,0.0
41820,697,697,1,29,22,7,0.0
41880,698,698,1,29,22,7,0.0
41940,699,699,1,32,22,10,24.0
42000,700,700,1,32,22,10,23.0
42060,701,701,1,32,22,10,22.0
42120,702,702,1,32,22,10,21.0
42180,703,703,1,32,22,10,20.0
42240,704,704,1,32,22,10,19.0
42300,705,705,1,32,22,10,18.0
42360,706,706,1,32,22,10,17.0
42420,707,707,1,32,22,10,16.0
42480,708,708,1,32,22,10,15.0
42540,709,709,1,32,22,10,14.0
42600,710,710,1,32,22,10,13.0
42660,711,711,1,32,22,10,12.0
42720,712,712,1,32,22,10,11.0
42780,713,713,1,32,22,10,10.0
42840,714,714,1,32,22,10,9.0
42900,715,715,1,32,22,10,24.0
42960,716,716,1,32,22,10,23.0
43020,717,717,1,32,22,10,22.0
43080,718,718,1,32,22,10,21.0
43140,719,719,1,32,22,10,14.0
43200,720,720,2,32,22,10,24.0
43260,721,721,2,32,22,10,23.0
43320,722,722,2,32,22,10,22.0
43380,723,723,2,32,22,10,21.0
43440,724,724,2,32,22,10,20.0
43500,725,725,2,32,22,10,19.0
43560,726,726,2,32,22,10,18.0
43620,727,727,2,32,22,10,17.0
43680,728,728,2,32,22,10,16.0
43740,729,729,2,32,22,10,15.0
43800,730,730,2,32,22,10,14.0
43860,731,731,2,32,22,10,13.0
43920,732,732,2,32,22,10,12.0
43980,733,733,2,32,22,10,11.0
44040,734,734,2,34,22,12,24.0
44100,735,735,2,34,22,12,23.0
44160,736,736,2,34,22,12,22.0
44220,737,737,2,34,22,12,21.0
44280,738,738,2,34,22,12,20.0
44340,739,739,2,34,22,12,19.0
44400,740,740,2,34,22,12,18.0
44460,741,741,2,34,22,12,17.0
44520,742,742,2,34,22,12,16.0
44580,743,743,2,34,22,12,15.0
44640,744,744,2,34,22,12,14.0
44700,745,745,2,34,22,12,13.0
44760,746,746,2,34,22,12,12.0
44820,747,747,2,34,22,12,11.0
44880,748,748,2,34,22,12,10.0
44940,749,749,2,34,22,12,9.0
45000,750,750,2,34,22,12,8.0
45060,751,751,2,34,22,12,7.0
45120,752,752,2,34,22,12,6.0
45180,753,753,2,34,22,12,5.0
45240,754,754,2,34,24,10,24.0
45300,755,755,2,34,24,10,23.0
45360,756,756,2,34,24,10,22.0
45420,757,757,2,34,24,10,21.0
45480,758,758,2,34,24,10,20.0
45540,759,759,2,34,24,10,19.0
45600,760,760,2,34,24,10,18.0
45660,761,761,2,34,24,10,17.0
45720,762,762,2,34,24,10,16.0
45780,763,763,2,34,24,10,15.0
45840,764,764,2,34,24,10,14.0
45900,765,765,2,34,24,10,13.0
45960,766,766,2,34,24,10,12.0
46020,767,767,2,34,24,10,11.0
46080,768,768,2,34,24,10,10.0
46140,769,769,2,34,24,10,9.0
46200,770,770,2,34,24,10,8.0
46260,771,771,2,34,24,10,7.0
46320,772,772,2,34,24,10,6.0
46380,773,773,2,34,24,10,5.0
46440,774,774,2,34,24,10,4.0
46500,775,775,2,34,24,10,3.0
46560,776,776,2,34,24,10,2.0
46620,777,777,2,36,24,12,24.0
46680,778,778,2,36,24,12,23.0
46740,779,779,2,36,24,12,22.0
46800,780,780,2,36,24,12,21.0
46860,781,781,2,36,24,12,20.0
46920,782,782,2,36,24,12,19.0
46980,783,783,2,36,24,12,18.0
47040,784,784,2,36,24,12,17.0
47100,785,785,2,36,24,12,16.0
47160,786,786,2,36,24,12,15.0
47220,787,787,2,36,24,12,14.0
47280,788,788,2,36,24,12,13.0
47340,789,789,2,36,24,12,12.0
47400,790,790,2,36,24,12,11.0
47460,791,791,2,36,24,12,10.0
47520,792,792,2,36,24,12,9.0
47580,793,793,2,36,24,12,8.0
47640,794,794,2,36,24,12,7.0
47700,795,795,2,36,24,12,6.0
47760,796,796,2,36,24,12,5.0
47820,797,797,2,36,24,12,4.0
47880,798,798,2,36,26,10,24.0
47940,799,799,2,36,26,10,23.0
48000,800,800,2,36,26,10,22.0
48060,801,801,2,36,26,10,21.0
48120,802,802,2,36,26,10,20.0
48180,803,803,2,36,26,10,19.0
48240,804,804,2,36,26,10,18.0
48300,805,805,2,36,26,10,17.0
48360,806,806,2,36,26,10,16.0
48420,807,807,2,36,26,10,15.0
48480,808,808,2,36,26,10,14.0
48540,809,809,2,36,26,10,13.0
48600,810,810,2,36,26,10,12.0
48660,811,811,2,36,26,10,11.0
48720,812,812,2,36,26,10,10.0
48780,813,813,2,36,26,10,9.0
48840,814,814,2,36,26,10,8.0
48900,815,815,2,36,26,10,7.0
48960,816,816,2,38,26,12,24.0
49020,817,817,2,38,26,12,23.0
49080,818,818,2,38,26,12,22.0
49140,819,819,2,38,26,12,21.0
49200,820,820,2,38,26,12,20.0
49260,821,821,2,38,26,12,19.0
49320,822,822,2,38,26,12,18.0
49380,823,823,2,38,26,12,17.0
49440,824,824,2,38,26,12,16.0
49500,825,825,2,38,26,12,15.0
49560,826,826,2,38,26,12,14.0
49620,827,827,2,38,26,12,13.0
49680,828,828,2,38,26,12,12.0
49740,829,829,2,38,26,12,11.0
49800,830,830,2,38,26,12,10.0
49860,831,831,2,38,26,12,9.0
49920,832,832,2,38,26,12,8.0
49980,833,833,2,38,26,12,7.0
50040,834,834,2,38,26,12,6.0
50100,835,835,2,38,26,12,5.0
50160,836,836,2,38,26,12,4.0
50220,837,837,2,38,29,9,24.0
50280,838,838,2,38,29,9,23.0
50340,839,839,2,38,29,9,22.0
50400,840,840,2,38,29,9,21.0
50460,841,841,2,38,29,9,20.0
50520,842,842,2,38,29,9,19.0
50580,843,843,2,38,29,9,18.0
50640,844,844,2,38,29,9,17.0
50700,845,845,2,38,29,9,16.0
50760,846,846,2,38,29,9,15.0
50820,847,847,2,38,29,9,14.0
50880,848,848,2,38,29,9,13.0
50940,849,849,2,38,29,9,12.0
51000,850,850,2,38,29,9,11.0
51060,851,851,2,38,29,9,10.0
51120,852,852,2,38,29,9,9.0
51180,853,853,2,38,29,9,8.0
51240,854,854,2,38,29,9,7.0
51300,855,855,2,38,29,9,6.0
51360,856,856,2,38,29,9,5.0
51420,857,857,2,38,29,9,4.0
51480,858,858,2,38,29,9,3.0
51540,859,859,2,38,29,9,2.0
51600,860,860,2,41,29,12,24.0
51660,861,861,2,41,29,12,23.0
51720,862,862,2,41,29,12,22.0
51780,863,863,2,41,29,12,21.0
51840,864,864,2,41,29,12,20.0
51900,865,865,2,41,29,12,19.0
51960,866,866,2,41,29,12,18.0
52020,867,867,2,41,29,12,17.0
52080,868,868,2,41,29,12,16.0
52140,869,869,2,41,29,12,15.0
52200,870,870,2,41,29,12,14.0
52260,871,871,2,41,29,12,13.0
52320,872,872,2,41,29,12,12.0
52380,873,873,2,41,29,12,11.0
52440,874,874,2,41,29,12,10.0
52500,875,875,2,41,29,12,9.0
52560,876,876,2,41,29,12,8.0
52620,877,877,2,41,29,12,7.0
52680,878,878,2,41,29,12,6.0
52740,879,879,2,41,29,12,5.0
52800,880,880,2,41,29,12,4.0
52860,881,881,2,41,31,10,24.0
52920,882,882,2,41,31,10,23.0
52980,883,883,2,41,31,10,22.0
53040,884,884,2,41,31,10,21.0
53100,885,885,2,41,31,10,20.0
53160,886,886,2,41,31,10,19.0
53220,887,887,2,41,31,10,18.0
53280,888,888,2,41,31,10,17.0
53340,889,889,2,41,31,10,16.0
53400,890,890,2,41,31,10,15.0
53460,891,891,2,41,31,10,14.0
53520,892,892,2,41,31,10,13.0
53580,893,893,2,41,31,10,12.0
53640,894,894,2,41,31,10,11.0
53700,895,895,2,41,31,10,10.0
53760,896,896,2,41,31,10,9.0
53820,897,897,2,41,31,10,8.0
53880,898,898,2,41,31,10,7.0
53940,899,899,2,41,31,10,6.0
54000,900,900,2,41,31,10,5.0
54060,901,901,2,41,31,10,4.0
54120,902,902,2,41,31,10,14.0
54180,903,903,2,41,31,10,13.0
54240,904,904,2,41,31,10,12.0
54300,905,905,2,41,31,10,11.0
54360,906,906,2,41,31,10,10.0
54420,907,907,2,41,31,10,9.0
54480,908,908,2,41,31,10,8.0
54540,909,909,2,41,31,10,7.0
54600,910,910,2,41,31,10,6.0
54660,911,911,2,41,31,10,5.0
54720,912,912,2,41,34,7,24.0
54780,913,913,2,41,34,7,23.0
54840,914,914,2,41,34,7,22.0
54900,915,915,2,41,34,7,21.0
54960,916,916,2,41,34,7,20.0
55020,917,917,2,41,34,7,19.0
55080,918,918,2,41,34,7,18.0
55140,919,919,2,41,34,7,17.0
55200,920,920,2,41,34,7,16.0
55260,921,921,2,41,34,7,15.0
55320,922,922,2,41,34,7,14.0
55380,923,923,2,41,34,7,13.0
55440,924,924,2,41,34,7,12.0
55500,925,925,2,41,34,7,11.0
55560,926,926,2,41,34,7,10.0
55620,927,927,2,41,34,7,9.0
55680,928,928,2,41,34,7,8.0
55740,929,929,2,41,34,7,7.0
55800,930,930,2,41,34,7,6.0
55860,931,931,2,41,34,7,5.0
55920,932,932,2,41,34,7,4.0
55980,933,933,2,41,34,7,3.0
56040,934,934,2,41,34,7,2.0
56100,935,935,2,41,34,7,14.0
56160,936,936,2,41,34,7,13.0
56220,937,937,2,41,34,7,12.0
56280,938,938,2,41,34,7,11.0
56340,939,939,2,41,34,7,10.0
56400,940,940,2,41,34,7,9.0
56460,941,941,2,41,34,7,8.0
56520,942,942,2,41,34,7,7.0
56580,943,943,2,41,34,7,6.0
56640,944,944,2,41,34,7,5.0
56700,945,945,2,41,34,7,4.0
56760,946,946,2,41,34,7,3.0
56820,947,947,2,41,34,7,2.0
56880,948,948,2,41,34,7,1.0
56940,949,949,2,41,34,7,0.0
57000,950,950,2,41,34,7,0.0
57060,951,951,2,41,34,7,0.0
57120,952,952,2,41,34,7,0.0
57180,953,953,2,41,34,7,0.0
57240,954,954,2,41,34,7,0.0
57300,955,955,2,41,34,7,0.0
57360,956,956,2,41,34,7,14.0
57420,957,957,2,41,34,7,13.0
57480,958,958,2,41,34,7,12.0
57540,959,959,2,41,34,7,11.0
57600,960,960,2,41,34,7,10.0
57660,961,961,2,41,34,7,9.0
57720,962,962,2,41,34,7,8.0
57780,963,963,2,44,34,10,24.0
57840,964,964,2,44,34,10,23.0
57900,965,965,2,44,34,10,22.0
57960,966,966,2,44,34,10,21.0
58020,967,967,2,44,34,10,20.0
58080,968,968,2,44,34,10,19.0
58140,969,969,2,44,34,10,18.0
58200,970,970,2,44,34,10,17.0
58260,971,971,2,44,34,10,16.0
58320,972,972,2,44,34,10,15.0
58380,973,973,2,44,34,10,14.0
58440,974,974,2,44,34,10,13.0
58500,975,975,2,44,34,10,12.0
58560,976,976,2,44,34,10,11.0
58620,977,977,2,44,34,10,10.0
58680,978,978,2,44,36,8,24.0
58740,979,979,2,44,36,8,23.0
58800,980,980,2,44,36,8,22.0
58860,981,981,2,44,36,8,21.0
58920,982,982,2,44,36,8,20.0
58980,983,983,2,44,36,8,19.0
59040,984,984,2,44,36,8,18.0
59100,985,985,2,44,36,8,17.0
59160,986,986,2,44,36,8,16.0
59220,987,987,2,44,36,8,15.0
59280,988,988,2,44,36,8,14.0
59340,989,989,2,44,36,8,13.0
59400,990,990,2,44,36,8,12.0
59460,991,991,2,44,36,8,11.0
59520,992,992,2,44,36,8,10.0
59580,993,993,2,44,36,8,9.0
59640,994,994,2,44,36,8,8.0
59700,995,995,2,44,36,8,7.0
59760,996,996,2,44,36,8,6.0
59820,997,997,2,44,36,8,5.0
59880,998,998,2,44,36,8,4.0
59940,999,999,2,44,36,8,3.0
60000,1000,1000,2,44,36,8,2.0
60060,1001,1001,2,47,36,11,24.0
60120,1002,1002,2,47,36,11,23.0
60180,1003,1003,2,47,36,11,22.0
60240,1004,1004,2,47,36,11,21.0
60300,1005,1005,2,47,36,11,20.0
60360,1006,1006,2,47,36,11,19.0
60420,1007,1007,2,47,36,11,18.0
60480,1008,1008,2,47,36,11,17.0
60540,1009,1009,2,47,36,11,16.0
60600,1010,1010,2,47,36,11,15.0
60660,1011,1011,2,47,36,11,14.0
60720,1012,1012,2,47,36,11,13.0
60780,1013,1013,2,47,36,11,12.0
60840,1014,1014,2,47,36,11,11.0
60900,1015,1015,2,47,36,11,10.0
60960,1016,1016,2,47,36,11,9.0
61020,1017,1017,2,47,36,11,8.0
61080,1018,1018,2,47,36,11,7.0
61140,1019,1019,2,47,36,11,6.0
61200,1020,1020,2,47,36,11,14.0
61260,1021,1021,2,47,36,11,13.0
61320,1022,1022,2,47,36,11,12.0
61380,1023,1023,2,47,36,11,11.0
61440,1024,1024,2,47,36,11,10.0
61500,1025,1025,2,47,36,11,9.0
61560,1026,1026,2,47,36,11,8.0
61620,1027,1027,2,47,36,11,7.0
61680,1028,1028,2,47,36,11,6.0
61740,1029,1029,2,47,36,11,5.0
61800,1030,1030,2,47,36,11,4.0
61860,1031,1031,2,47,36,11,3.0
61920,1032,1032,2,47,36,11,2.0
61980,1033,1033,2,47,36,11,1.0
62040,1034,1034,2,47,36,11,14.0
62100,1035,1035,2,47,36,11,13.0
62160,1036,1036,2,47,36,11,12.0
62220,1037,1037,2,47,36,11,11.0
62280,1038,1038,2,47,36,11,10.0
62340,1039,1039,2,47,36,11,9.0
62400,1040,1040,2,47,36,11,8.0
62460,1041,1041,2,47,36,11,7.0
62520,1042,1042,2,47,36,11,6.0
62580,1043,1043,2,47,36,11,5.0
62640,1044,1044,2,47,36,11,4.0
62700,1045,1045,2,47,36,11,3.0
62760,1046,1046,2,47,36,11,2.0
62820,1047,1047,2,47,36,11,1.0
62880,1048,1048,2,47,36,11,0.0
62940,1049,1049,2,47,36,11,0.0
63000,1050,1050,2,47,36,11,0.0
63060,1051,1051,2,47,36,11,0.0
63120,1052,1052,2,47,36,11,0.0
63180,1053,1053,2,47,36,11,0.0
63240,1054,1054,2,47,36,11,14.0
63300,1055,1055,2,47,38,9,24.0
63360,1056,1056,2,47,38,9,23.0
63420,1057,1057,2,47,38,9,22.0
63480,1058,1058,2,47,38,9,21.0
63540,1059,1059,2,47,38,9,20.0
63600,1060,1060,2,47,38,9,19.0
63660,1061,1061,2,47,38,9,18.0
63720,1062,1062,2,47,38,9,17.0
63780,1063,1063,2,47,38,9,16.0
63840,1064,1064,2,47,38,9,15.0
63900,1065,1065,2,47,38,9,14.0
63960,1066,1066,2,47,38,9,13.0
64020,1067,1067,2,47,38,9,12.0
64080,1068,1068,2,47,38,9,11.0
64140,1069,1069,2,47,38,9,10.0
64200,1070,1070,2,50,38,12,24.0
64260,1071,1071,2,50,38,12,23.0
64320,1072,1072,2,50,38,12,22.0
64380,1073,1073,2,50,38,12,21.0
64440,1074,1074,2,50,38,12,20.0
64500,1075,1075,2,50,38,12,19.0
64560,1076,1076,2,50,38,12,18.0
64620,1077,1077,2,50,38,12,17.0
64680,1078,1078,2,50,38,12,16.0
64740,1079,1079,2,50,38,12,15.0
64800,1080,1080,2,50,38,12,14.0
64860,1081,1081,2,50,38,12,13.0
64920,1082,1082,2,50,38,12,12.0
64980,1083,1083,2,50,38,12,11.0
65040,1084,1084,2,50,38,12,10.0
65100,1085,1085,2,50,38,12,9.0
65160,1086,1086,2,50,38,12,8.0
65220,1087,1087,2,50,38,12,7.0
65280,1088,1088,2,50,38,12,6.0
65340,1089,1089,2,50,38,12,5.0
65400,1090,1090,2,50,38,12,4.0
65460,1091,1091,2,50,38,12,14.0
65520,1092,1092,2,50,38,12,13.0
65580,1093,1093,2,50,38,12,12.0
65640,1094,1094,2,50,38,12,11.0
65700,1095,1095,2,50,38,12,10.0
65760,1096,1096,2,50,38,12,9.0
65820,1097,1097,2,50,38,12,8.0
65880,1098,1098,2,50,38,12,7.0
65940,1099,1099,2,50,38,12,6.0
66000,1100,1100,2,50,38,12,5.0
66060,1101,1101,2,50,38,12,4.0
66120,1102,1102,2,50,38,12,3.0
66180,1103,1103,2,50,38,12,14.0
66240,1104,1104,2,50,38,12,13.0
66300,1105,1105,2,50,38,12,12.0
66360,1106,1106,2,50,38,12,11.0
66420,1107,1107,2,50,38,12,10.0
66480,1108,1108,2,51,38,13,24.0
66540,1109,1109,2,51,38,13,23.0
66600,1110,1110,2,51,38,13,14.0
66660,1111,1111,2,51,38,13,13.0
66720,1112,1112,2,51,38,13,12.0
66780,1113,1113,2,51,38,13,11.0
66840,1114,1114,2,51,38,13,10.0
66900,1115,1115,2,51,38,13,9.0
66960,1116,1116,2,51,38,13,8.0
67020,1117,1117,2,51,38,13,7.0
67080,1118,1118,2,51,38,13,6.0
67140,1119,1119,2,51,38,13,5.0
67200,1120,1120,2,51,38,13,4.0
67260,1121,1121,2,51,38,13,3.0
67320,1122,1122,2,51,41,10,24.0
67380,1123,1123,2,51,41,10,23.0
67440,1124,1124,2,51,41,10,22.0
67500,1125,1125,2,51,41,10,21.0
67560,1126,1126,2,51,41,10,20.0
67620,1127,1127,2,51,41,10,19.0
67680,1128,1128,2,51,41,10,18.0
67740,1129,1129,2,51,41,10,17.0
67800,1130,1130,2,51,41,10,16.0
67860,1131,1131,2,51,41,10,15.0
67920,1132,1132,2,51,41,10,14.0
67980,1133,1133,2,51,41,10,13.0
68040,1134,1134,2,51,41,10,12.0
68100,1135,1135,2,53,41,12,24.0
68160,1136,1136,2,53,41,12,23.0
68220,1137,1137,2,53,41,12,22.0
68280,1138,1138,2,53,41,12,21.0
68340,1139,1139,2,53,41,12,20.0
68400,1140,1140,2,53,41,12,19.0
68460,1141,1141,2,53,41,12,18.0
68520,1142,1142,2,53,41,12,17.0
68580,1143,1143,2,53,41,12,16.0
68640,1144,1144,2,53,41,12,15.0
68700,1145,1145,2,53,41,12,14.0
68760,1146,1146,2,53,41,12,13.0
68820,1147,1147,2,53,41,12,12.0
68880,1148,1148,2,53,41,12,11.0
68940,1149,1149,2,53,41,12,10.0
69000,1150,1150,2,53,41,12,14.0
69060,1151,1151,2,53,41,12,13.0
69120,1152,1152,2,53,41,12,12.0
69180,1153,1153,2,53,41,12,11.0
69240,1154,1154,2,53,41,12,10.0
69300,1155,1155,2,53,41,12,9.0
69360,1156,1156,2,53,41,12,8.0
69420,1157,1157,2,53,41,12,7.0
69480,1158,1158,2,53,41,12,6.0
69540,1159,1159,2,53,41,12,5.0
69600,1160,1160,2,53,41,12,4.0
69660,1161,1161,2,53,41,12,3.0
69720,1162,1162,2,53,41,12,2.0
69780,1163,1163,2,53,41,12,1.0
69840,1164,1164,2,53,41,12,0.0
69900,1165,1165,2,53,41,12,0.0
69960,1166,1166,2,53,41,12,0.0
70020,1167,1167,2,53,41,12,0.0
70080,1168,1168,2,53,41,12,0.0
70140,1169,1169,2,53,41,12,0.0
70200,1170,1170,2,53,41,12,0.0
70260,1171,1171,2,53,41,12,0.0
70320,1172,1172,2,53,41,12,0.0
70380,1173,1173,2,53,41,12,14.0
70440,1174,1174,2,53,41,12,13.0
70500,1175,1175,2,53,41,12,12.0
70560,1176,1176,2,53,41,12,11.0
70620,1177,1177,2,53,41,12,10.0
70680,1178,1178,2,53,41,12,9.0
70740,1179,1179,2,53,41,12,24.0
70800,1180,1180,2,53,41,12,23.0
70860,1181,1181,2,53,41,12,22.0
70920,1182,1182,2,53,41,12,21.0
70980,1183,1183,2,53,41,12,20.0
71040,1184,1184,2,53,41,12,19.0
71100,1185,1185,2,53,41,12,18.0
71160,1186,1186,2,53,41,12,17.0
71220,1187,1187,2,53,41,12,16.0
71280,1188,1188,2,53,41,12,15.0
71340,1189,1189,2,53,41,12,14.0
71400,1190,1190,2,53,41,12,13.0
71460,1191,1191,2,53,41,12,12.0
71520,1192,1192,2,55,41,14,24.0
71580,1193,1193,2,55,41,14,23.0
71640,1194,1194,2,55,41,14,22.0
71700,1195,1195,2,55,41,14,21.0
71760,1196,1196,2,55,41,14,20.0
71820,1197,1197,2,55,41,14,19.0
71880,1198,1198,2,55,41,14,18.0
71940,1199,1199,2,55,41,14,17.0
72000,1200,1200,2,55,41,14,16.0
72060,1201,1201,2,55,41,14,15.0
72120,1202,1202,2,55,41,14,14.0
72180,1203,1203,2,55,41,14,13.0
72240,1204,1204,2,55,41,14,12.0
72300,1205,1205,2,55,41,14,11.0
72360,1206,1206,2,55,43,12,24.0
72420,1207,1207,2,55,43,12,23.0
72480,1208,1208,2,55,43,12,22.0
72540,1209,1209,2,55,43,12,21.0
72600,1210,1210,2,55,43,12,20.0
72660,1211,1211,2,55,43,12,19.0
72720,1212,1212,2,55,43,12,18.0
72780,1213,1213,2,55,43,12,17.0
72840,1214,1214,2,55,43,12,16.0
72900,1215,1215,2,55,43,12,15.0
72960,1216,1216,2,55,43,12,14.0
73020,1217,1217,2,55,43,12,13.0
73080,1218,1218,2,55,43,12,12.0
73140,1219,1219,2,55,43,12,11.0
73200,1220,1220,2,55,43,12,10.0
73260,1221,1221,2,55,43,12,9.0
73320,1222,1222,2,55,43,12,8.0
73380,1223,1223,2,55,43,12,7.0
73440,1224,1224,2,55,43,12,6.0
73500,1225,1225,2,55,43,12,5.0
73560,1226,1226,2,55,43,12,4.0
73620,1227,1227,2,55,43,12,3.0
73680,1228,1228,2,55,43,12,2.0
73740,1229,1229,2,55,43,12,1.0
73800,1230,1230,2,55,43,12,0.0
73860,1231,1231,2,55,43,12,0.0
73920,1232,1232,2,55,43,12,0.0
73980,1233,1233,2,55,43,12,0.0
74040,1234,1234,2,55,43,12,0.0
74100,1235,1235,2,57,43,14,24.0
74160,1236,1236,2,57,43,14,23.0
74220,1237,1237,2,57,43,14,22.0
74280,1238,1238,2,57,43,14,21.0
74340,1239,1239,2,57,43,14,20.0
74400,1240,1240,2,57,43,14,19.0
74460,1241,1241,2,57,43,14,18.0
74520,1242,1242,2,57,43,14,17.0
74580,1243,1243,2,57,43,14,16.0
74640,1244,1244,2,57,43,14,15.0
74700,1245,1245,2,57,43,14,14.0
74760,1246,1246,2,57,43,14,13.0
74820,1247,1247,2,57,43,14,12.0
74880,1248,1248,2,57,43,14,11.0
74940,1249,1249,2,57,43,14,10.0
75000,1250,1250,2,57,43,14,9.0
75060,1251,1251,2,57,43,14,8.0
75120,1252,1252,2,57,43,14,7.0
75180,1253,1253,2,57,43,14,6.0
75240,1254,1254,2,57,43,14,5.0
75300,1255,1255,2,57,43,14,4.0
75360,1256,1256,2,57,43,14,3.0
75420,1257,1257,2,57,43,14,2.0
75480,1258,1258,2,57,44,13,24.0
75540,1259,1259,2,57,44,13,23.0
75600,1260,1260,2,57,44,13,22.0
75660,1261,1261,2,57,44,13,21.0
75720,1262,1262,2,57,44,13,20.0
75780,1263,1263,2,57,44,13,19.0
75840,1264,1264,2,57,44,13,18.0
75900,1265,1265,2,57,44,13,17.0
75960,1266,1266,2,57,44,13,16.0
76020,1267,1267,2,57,44,13,15.0
76080,1268,1268,2,57,44,13,14.0
76140,1269,1269,2,57,44,13,13.0
76200,1270,1270,2,57,44,13,12.0
76260,1271,1271,2,60,44,16,24.0
76320,1272,1272,2,60,44,16,23.0
76380,1273,1273,2,60,44,16,22.0
76440,1274,1274,2,60,44,16,21.0
76500,1275,1275,2,60,44,16,20.0
76560,1276,1276,2,60,44,16,19.0
76620,1277,1277,2,60,44,16,18.0
76680,1278,1278,2,60,44,16,17.0
76740,1279,1279,2,60,44,16,16.0
76800,1280,1280,2,60,44,16,15.0
76860,1281,1281,2,60,44,16,14.0
76920,1282,1282,2,60,44,16,13.0
76980,1283,1283,2,60,44,16,24.0
77040,1284,1284,2,60,44,16,23.0
77100,1285,1285,2,60,44,16,22.0
77160,1286,1286,2,60,44,16,21.0
77220,1287,1287,2,60,44,16,20.0
77280,1288,1288,2,61,44,17,24.0
77340,1289,1289,2,61,44,17,23.0
77400,1290,1290,2,61,44,17,22.0
77460,1291,1291,2,61,44,17,14.0
77520,1292,1292,2,61,44,17,13.0
77580,1293,1293,2,61,44,17,12.0
77640,1294,1294,2,61,44,17,11.0
77700,1295,1295,2,61,44,17,10.0
77760,1296,1296,2,61,44,17,9.0
77820,1297,1297,2,61,44,17,8.0
77880,1298,1298,2,61,44,17,7.0
77940,1299,1299,2,61,44,17,6.0
78000,1300,1300,2,61,44,17,5.0
78060,1301,1301,2,61,44,17,14.0
78120,1302,1302,2,61,44,17,13.0
78180,1303,1303,2,61,44,17,12.0
78240,1304,1304,2,61,44,17,11.0
78300,1305,1305,2,61,44,17,10.0
78360,1306,1306,2,61,44,17,9.0
78420,1307,1307,2,61,44,17,8.0
78480,1308,1308,2,61,44,17,7.0
78540,1309,1309,2,61,44,17,6.0
78600,1310,1310,2,61,44,17,5.0
78660,1311,1311,2,61,44,17,14.0
78720,1312,1312,2,61,44,17,13.0
78780,1313,1313,2,61,44,17,12.0
78840,1314,1314,2,61,44,17,11.0
78900,1315,1315,2,61,44,17,10.0
78960,1316,1316,2,61,44,17,9.0
79020,1317,1317,2,61,44,17,8.0
79080,1318,1318,2,61,44,17,7.0
79140,1319,1319,2,61,44,17,6.0
79200,1320,1320,2,61,44,17,5.0
79260,1321,1321,2,61,44,17,4.0
79320,1322,1322,2,61,44,17,3.0
79380,1323,1323,2,61,44,17,2.0
79440,1324,1324,2,61,46,15,24.0
79500,1325,1325,2,61,46,15,23.0
79560,1326,1326,2,61,46,15,22.0
79620,1327,1327,2,61,46,15,21.0
79680,1328,1328,2,61,46,15,20.0
79740,1329,1329,2,61,46,15,19.0
79800,1330,1330,2,61,46,15,18.0
79860,1331,1331,2,61,46,15,17.0
79920,1332,1332,2,61,46,15,16.0
79980,1333,1333,2,61,46,15,15.0
80040,1334,1334,2,61,46,15,14.0
80100,1335,1335,2,61,46,15,14.0
80160,1336,1336,2,61,46,15,13.0
80220,1337,1337,2,61,46,15,12.0
80280,1338,1338,2,61,46,15,11.0
80340,1339,1339,2,61,46,15,10.0
80400,1340,1340,2,61,46,15,9.0
80460,1341,1341,2,61,49,12,24.0
80520,1342,1342,2,61,49,12,23.0
80580,1343,1343,2,61,49,12,22.0
80640,1344,1344,2,61,49,12,21.0
80700,1345,1345,2,61,49,12,20.0
80760,1346,1346,2,61,49,12,19.0
80820,1347,1347,2,61,49,12,18.0
80880,1348,1348,2,61,49,12,17.0
80940,1349,1349,2,61,49,12,16.0
81000,1350,1350,2,61,49,12,15.0
81060,1351,1351,2,61,49,12,14.0
81120,1352,1352,2,61,49,12,13.0
81180,1353,1353,2,61,49,12,12.0
81240,1354,1354,2,61,49,12,11.0
81300,1355,1355,2,61,49,12,10.0
81360,1356,1356,2,61,49,12,9.0
81420,1357,1357,2,61,49,12,8.0
81480,1358,1358,2,61,49,12,7.0
81540,1359,1359,2,61,49,12,6.0
81600,1360,1360,2,61,49,12,5.0
81660,1361,1361,2,61,49,12,4.0
81720,1362,1362,2,61,49,12,3.0
81780,1363,1363,2,61,49,12,2.0
81840,1364,1364,2,61,49,12,1.0
81900,1365,1365,2,61,49,12,0.0
81960,1366,1366,2,61,49,12,0.0
82020,1367,1367,2,61,49,12,0.0
82080,1368,1368,2,61,49,12,0.0
82140,1369,1369,2,61,49,12,0.0
82200,1370,1370,2,61,49,12,0.0
82260,1371,1371,2,61,49,12,0.0
82320,1372,1372,2,61,49,12,0.0
82380,1373,1373,2,61,49,12,0.0
82440,1374,1374,2,63,49,14,24.0
82500,1375,1375,2,63,49,14,23.0
82560,1376,1376,2,63,49,14,22.0
82620,1377,1377,2,63,49,14,21.0
82680,1378,1378,2,63,49,14,20.0
82740,1379,1379,2,63,49,14,19.0
82800,1380,1380,2,63,49,14,18.0
82860,1381,1381,2,63,49,14,17.0
82920,1382,1382,2,63,51,12,24.0
82980,1383,1383,2,63,51,12,23.0
83040,1384,1384,2,63,51,12,22.0
83100,1385,1385,2,63,51,12,21.0
83160,1386,1386,2,63,51,12,20.0
83220,1387,1387,2,63,51,12,19.0
83280,1388,1388,2,63,51,12,18.0
83340,1389,1389,2,63,51,12,17.0
83400,1390,1390,2,63,51,12,16.0
83460,1391,1391,2,63,51,12,15.0
83520,1392,1392,2,63,51,12,14.0
83580,1393,1393,2,63,51,12,13.0
83640,1394,1394,2,63,51,12,12.0
83700,1395,1395,2,63,51,12,11.0
83760,1396,1396,2,63,51,12,10.0
83820,1397,1397,2,63,51,12,9.0
83880,1398,1398,2,63,51,12,8.0
83940,1399,1399,2,63,51,12,7.0
84000,1400,1400,2,65,51,14,24.0
84060,1401,1401,2,65,51,14,23.0
84120,1402,1402,2,65,51,14,22.0
84180,1403,1403,2,65,51,14,21.0
84240,1404,1404,2,65,51,14,20.0
84300,1405,1405,2,65,51,14,19.0
84360,1406,1406,2,65,51,14,18.0
84420,1407,1407,2,65,51,14,17.0
84480,1408,1408,2,65,51,14,14.0
84540,1409,1409,2,65,51,14,13.0
84600,1410,1410,2,65,51,14,12.0
84660,1411,1411,2,65,51,14,11.0
84720,1412,1412,2,65,51,14,10.0
84780,1413,1413,2,65,51,14,9.0
84840,1414,1414,2,65,51,14,8.0
84900,1415,1415,2,65,51,14,14.0
84960,1416,1416,2,65,51,14,13.0
85020,1417,1417,2,65,51,14,12.0
85080,1418,1418,2,65,51,14,11.0
85140,1419,1419,2,65,51,14,10.0
85200,1420,1420,2,65,51,14,9.0
85260,1421,1421,2,65,51,14,8.0
85320,1422,1422,2,65,51,14,7.0
85380,1423,1423,2,65,51,14,6.0
85440,1424,1424,2,65,51,14,5.0
85500,1425,1425,2,65,51,14,4.0
85560,1426,1426,2,65,51,14,3.0
85620,1427,1427,2,65,51,14,2.0
85680,1428,1428,2,65,51,14,1.0
85740,1429,1429,2,65,51,14,0.0
85800,1430,1430,2,65,51,14,0.0
85860,1431,1431,2,65,51,14,0.0
85920,1432,1432,2,65,51,14,0.0
85980,1433,1433,2,65,51,14,0.0
86040,1434,1434,2,65,51,14,0.0
86100,1435,1435,2,65,51,14,0.0
86160,1436,1436,2,65,51,14,0.0
86220,1437,1437,2,65,51,14,0.0
86280,1438,1438,2,65,51,14,14.0
86340,1439,1439,2,65,51,14,13.0
86400,1440,1440,3,65,51,14,24.0
86460,1441,1441,3,65,51,14,23.0
86520,1442,1442,3,65,51,14,22.0
86580,1443,1443,3,65,51,14,21.0
86640,1444,1444,3,65,51,14,20.0
86700,1445,1445,3,65,51,14,19.0
86760,1446,1446,3,65,51,14,18.0
86820,1447,1447,3,65,51,14,17.0
86880,1448,1448,3,65,51,14,16.0
86940,1449,1449,3,65,51,14,15.0
87000,1450,1450,3,65,51,14,14.0
87060,1451,1451,3,65,51,14,13.0
87120,1452,1452,3,65,51,14,12.0
87180,1453,1453,3,65,51,14,11.0
87240,1454,1454,3,65,51,14,10.0
87300,1455,1455,3,65,51,14,9.0
87360,1456,1456,3,65,51,14,8.0
87420,1457,1457,3,65,51,14,7.0
87480,1458,1458,3,65,51,14,6.0
87540,1459,1459,3,65,51,14,5.0
87600,1460,1460,3,65,51,14,4.0
87660,1461,1461,3,65,51,14,14.0
87720,1462,1462,3,65,51,14,13.0
87780,1463,1463,3,65,51,14,12.0
87840,1464,1464,3,65,51,14,11.0
87900,1465,1465,3,65,51,14,10.0
87960,1466,1466,3,65,51,14,9.0
88020,1467,1467,3,65,51,14,8.0
88080,1468,1468,3,65,51,14,7.0
88140,1469,1469,3,65,51,14,6.0
88200,1470,1470,3,65,51,14,5.0
88260,1471,1471,3,65,51,14,4.0
88320,1472,1472,3,65,51,14,3.0
88380,1473,1473,3,65,51,14,2.0
88440,1474,1474,3,65,51,14,1.0
88500,1475,1475,3,65,51,14,14.0
88560,1476,1476,3,65,51,14,13.0
88620,1477,1477,3,65,51,14,12.0
88680,1478,1478,3,65,51,14,11.0
88740,1479,1479,3,65,51,14,10.0
88800,1480,1480,3,65,51,14,24.0
88860,1481,1481,3,65,51,14,23.0
88920,1482,1482,3,65,51,14,22.0
88980,1483,1483,3,65,51,14,21.0
89040,1484,1484,3,65,51,14,20.0
89100,1485,1485,3,68,51,17,24.0
89160,1486,1486,3,68,51,17,23.0
89220,1487,1487,3,68,51,17,22.0
89280,1488,1488,3,68,51,17,21.0
89340,1489,1489,3,68,51,17,20.0
89400,1490,1490,3,68,51,17,19.0
89460,1491,1491,3,68,51,17,18.0
89520,1492,1492,3,68,51,17,17.0
89580,1493,1493,3,68,51,17,16.0
89640,1494,1494,3,68,51,17,15.0
89700,1495,1495,3,68,51,17,14.0
89760,1496,1496,3,68,51,17,13.0
89820,1497,1497,3,68,51,17,14.0
89880,1498,1498,3,68,51,17,13.0
89940,1499,1499,3,68,51,17,12.0
90000,1500,1500,3,68,51,17,11.0
90060,1501,1501,3,68,51,17,10.0
90120,1502,1502,3,68,51,17,9.0
90180,1503,1503,3,68,51,17,8.0
90240,1504,1504,3,68,51,17,7.0
90300,1505,1505,3,68,51,17,14.0
90360,1506,1506,3,68,51,17,13.0
90420,1507,1507,3,68,51,17,12.0
90480,1508,1508,3,68,51,17,11.0
90540,1509,1509,3,68,51,17,10.0
90600,1510,1510,3,68,51,17,9.0
90660,1511,1511,3,68,51,17,8.0
90720,1512,1512,3,68,51,17,7.0
90780,1513,1513,3,68,51,17,6.0
90840,1514,1514,3,68,51,17,5.0
90900,1515,1515,3,68,51,17,14.0
90960,1516,1516,3,68,51,17,13.0
91020,1517,1517,3,68,51,17,12.0
91080,1518,1518,3,68,51,17,11.0
91140,1519,1519,3,68,51,17,10.0
91200,1520,1520,3,68,51,17,9.0
91260,1521,1521,3,68,51,17,8.0
91320,1522,1522,3,68,51,17,7.0
91380,1523,1523,3,68,51,17,6.0
91440,1524,1524,3,68,51,17,5.0
91500,1525,1525,3,68,51,17,4.0
91560,1526,1526,3,68,51,17,3.0
91620,1527,1527,3,68,51,17,2.0
91680,1528,1528,3,68,51,17,1.0
91740,1529,1529,3,68,51,17,0.0
91800,1530,1530,3,68,51,17,0.0
91860,1531,1531,3,68,51,17,14.0
91920,1532,1532,3,68,51,17,13.0
91980,1533,1533,3,68,51,17,12.0
92040,1534,1534,3,68,51,17,11.0
92100,1535,1535,3,68,51,17,10.0
92160,1536,1536,3,68,51,17,9.0
92220,1537,1537,3,68,51,17,8.0
92280,1538,1538,3,68,53,15,24.0
92340,1539,1539,3,68,53,15,23.0
92400,1540,1540,3,68,53,15,22.0
92460,1541,1541,3,68,53,15,21.0
92520,1542,1542,3,68,53,15,20.0
92580,1543,1543,3,68,53,15,19.0
92640,1544,1544,3,68,53,15,18.0
92700,1545,1545,3,68,53,15,17.0
92760,1546,1546,3,68,53,15,16.0
92820,1547,1547,3,68,53,15,15.0
92880,1548,1548,3,68,53,15,14.0
92940,1549,1549,3,68,53,15,13.0
93000,1550,1550,3,68,53,15,12.0
93060,1551,1551,3,68,53,15,11.0
93120,1552,1552,3,68,53,15,10.0
93180,1553,1553,3,68,53,15,9.0
93240,1554,1554,3,68,53,15,8.0
93300,1555,1555,3,71,53,18,24.0
93360,1556,1556,3,71,53,18,23.0
93420,1557,1557,3,71,53,18,22.0
93480,1558,1558,3,71,53,18,21.0
93540,1559,1559,3,71,53,18,20.0
93600,1560,1560,3,71,53,18,19.0
93660,1561,1561,3,71,53,18,18.0
93720,1562,1562,3,71,53,18,17.0
93780,1563,1563,3,71,53,18,16.0
93840,1564,1564,3,71,53,18,15.0
93900,1565,1565,3,71,53,18,14.0
93960,1566,1566,3,71,53,18,13.0
94020,1567,1567,3,71,53,18,12.0
94080,1568,1568,3,71,53,18,11.0
94140,1569,1569,3,71,53,18,10.0
94200,1570,1570,3,71,53,18,9.0
94260,1571,1571,3,71,53,18,8.0
94320,1572,1572,3,71,53,18,7.0
94380,1573,1573,3,71,56,15,24.0
94440,1574,1574,3,71,56,15,23.0
94500,1575,1575,3,71,56,15,22.0
94560,1576,1576,3,71,56,15,21.0
94620,1577,1577,3,71,56,15,20.0
94680,1578,1578,3,71,56,15,19.0
94740,1579,1579,3,71,56,15,18.0
94800,1580,1580,3,71,56,15,17.0
94860,1581,1581,3,71,56,15,16.0
94920,1582,1582,3,71,56,15,15.0
94980,1583,1583,3,71,56,15,14.0
95040,1584,1584,3,71,56,15,13.0
95100,1585,1585,3,71,56,15,12.0
95160,1586,1586,3,71,56,15,11.0
95220,1587,1587,3,71,56,15,10.0
95280,1588,1588,3,71,56,15,9.0
95340,1589,1589,3,71,56,15,8.0
95400,1590,1590,3,71,56,15,7.0
95460,1591,1591,3,71,56,15,6.0
95520,1592,1592,3,71,56,15,5.0
95580,1593,1593,3,71,56,15,4.0
95640,1594,1594,3,71,56,15,3.0
95700,1595,1595,3,71,56,15,2.0
95760,1596,1596,3,71,56,15,14.0
95820,1597,1597,3,71,56,15,13.0
95880,1598,1598,3,71,56,15,12.0
95940,1599,1599,3,71,56,15,24.0
96000,1600,1600,3,71,56,15,23.0
96060,1601,1601,3,71,56,15,22.0
96120,1602,1602,3,71,56,15,21.0
96180,1603,1603,3,71,56,15,20.0
96240,1604,1604,3,71,56,15,19.0
96300,1605,1605,3,71,56,15,18.0
96360,1606,1606,3,71,56,15,17.0
96420,1607,1607,3,71,56,15,16.0
96480,1608,1608,3,71,56,15,15.0
96540,1609,1609,3,71,56,15,14.0
96600,1610,1610,3,71,56,15,13.0
96660,1611,1611,3,71,56,15,12.0
96720,1612,1612,3,73,56,17,24.0
96780,1613,1613,3,73,56,17,23.0
96840,1614,1614,3,73,56,17,22.0
96900,1615,1615,3,73,56,17,21.0
96960,1616,1616,3,73,56,17,20.0
97020,1617,1617,3,73,56,17,19.0
97080,1618,1618,3,73,56,17,18.0
97140,1619,1619,3,73,56,17,17.0
97200,1620,1620,3,73,56,17,16.0
97260,1621,1621,3,73,56,17,15.0
97320,1622,1622,3,73,56,17,14.0
97380,1623,1623,3,73,56,17,13.0
97440,1624,1624,3,73,56,17,12.0
97500,1625,1625,3,73,56,17,11.0
97560,1626,1626,3,73,56,17,10.0
97620,1627,1627,3,73,56,17,9.0
97680,1628,1628,3,73,56,17,8.0
97740,1629,1629,3,73,56,17,7.0
97800,1630,1630,3,73,56,17,6.0
97860,1631,1631,3,73,56,17,5.0
97920,1632,1632,3,73,56,17,4.0
97980,1633,1633,3,73,58,15,24.0
98040,1634,1634,3,73,58,15,23.0
98100,1635,1635,3,73,58,15,22.0
98160,1636,1636,3,73,58,15,21.0
98220,1637,1637,3,73,58,15,20.0
98280,1638,1638,3,73,58,15,19.0
98340,1639,1639,3,73,58,15,18.0
98400,1640,1640,3,73,58,15,17.0
98460,1641,1641,3,73,58,15,16.0
98520,1642,1642,3,73,58,15,15.0
98580,1643,1643,3,73,58,15,14.0
98640,1644,1644,3,73,58,15,13.0
98700,1645,1645,3,73,58,15,12.0
98760,1646,1646,3,73,58,15,11.0
98820,1647,1647,3,73,58,15,10.0
98880,1648,1648,3,73,58,15,9.0
98940,1649,1649,3,73,58,15,8.0
99000,1650,1650,3,73,58,15,7.0
99060,1651,1651,3,73,58,15,6.0
99120,1652,1652,3,73,58,15,14.0
99180,1653,1653,3,73,58,15,13.0
99240,1654,1654,3,73,58,15,12.0
99300,1655,1655,3,73,58,15,11.0
99360,1656,1656,3,73,60,13,24.0
99420,1657,1657,3,73,60,13,23.0
99480,1658,1658,3,73,60,13,22.0
99540,1659,1659,3,73,60,13,21.0
99600,1660,1660,3,73,60,13,20.0
99660,1661,1661,3,73,60,13,19.0
99720,1662,1662,3,73,60,13,18.0
99780,1663,1663,3,73,60,13,17.0
99840,1664,1664,3,73,60,13,16.0
99900,1665,1665,3,73,60,13,15.0
99960,1666,1666,3,73,60,13,14.0
100020,1667,1667,3,73,60,13,13.0
100080,1668,1668,3,73,60,13,12.0
100140,1669,1669,3,73,60,13,11.0
100200,1670,1670,3,73,60,13,10.0
100260,1671,1671,3,73,60,13,9.0
100320,1672,1672,3,73,60,13,8.0
100380,1673,1673,3,73,60,13,7.0
100440,1674,1674,3,73,60,13,6.0
100500,1675,1675,3,76,60,16,24.0
100560,1676,1676,3,76,60,16,23.0
100620,1677,1677,3,76,60,16,22.0
100680,1678,1678,3,76,60,16,21.0
100740,1679,1679,3,76,60,16,20.0
100800,1680,1680,3,76,60,16,19.0
100860,1681,1681,3,76,60,16,18.0
100920,1682,1682,3,76,60,16,17.0
100980,1683,1683,3,76,60,16,16.0
101040,1684,1684,3,76,60,16,15.0
101100,1685,1685,3,76,60,16,14.0
101160,1686,1686,3,76,60,16,13.0
101220,1687,1687,3,76,60,16,12.0
101280,1688,1688,3,76,60,16,11.0
101340,1689,1689,3,76,60,16,10.0
101400,1690,1690,3,76,60,16,9.0
101460,1691,1691,3,76,60,16,14.0
101520,1692,1692,3,76,60,16,13.0
101580,1693,1693,3,76,60,16,12.0
101640,1694,1694,3,76,60,16,11.0
101700,1695,1695,3,76,60,16,10.0
101760,1696,1696,3,76,60,16,9.0
101820,1697,1697,3,76,60,16,8.0
101880,1698,1698,3,76,60,16,7.0
101940,1699,1699,3,76,60,16,6.0
102000,1700,1700,3,76,60,16,5.0
102060,1701,1701,3,76,60,16,4.0
102120,1702,1702,3,76,60,16,3.0
102180,1703,1703,3,77,60,17,24.0
102240,1704,1704,3,77,60,17,23.0
102300,1705,1705,3,77,60,17,22.0
102360,1706,1706,3,77,60,17,21.0
102420,1707,1707,3,77,60,17,20.0
102480,1708,1708,3,77,60,17,19.0
102540,1709,1709,3,77,60,17,18.0
102600,1710,1710,3,77,60,17,17.0
102660,1711,1711,3,77,60,17,16.0
102720,1712,1712,3,77,60,17,15.0
102780,1713,1713,3,77,60,17,14.0
102840,1714,1714,3,77,60,17,13.0
102900,1715,1715,3,77,60,17,12.0
102960,1716,1716,3,77,60,17,11.0
103020,1717,1717,3,77,60,17,10.0
103080,1718,1718,3,77,60,17,9.0
103140,1719,1719,3,77,60,17,8.0
103200,1720,1720,3,77,60,17,14.0
103260,1721,1721,3,77,60,17,13.0
103320,1722,1722,3,77,60,17,12.0
103380,1723,1723,3,77,60,17,11.0
103440,1724,1724,3,77,60,17,10.0
103500,1725,1725,3,77,60,17,9.0
103560,1726,1726,3,77,60,17,8.0
103620,1727,1727,3,77,60,17,7.0
103680,1728,1728,3,77,60,17,6.0
103740,1729,1729,3,77,60,17,5.0
103800,1730,1730,3,77,60,17,4.0
103860,1731,1731,3,77,60,17,3.0
103920,1732,1732,3,77,60,17,14.0
103980,1733,1733,3,77,60,17,13.0
104040,1734,1734,3,77,60,17,12.0
104100,1735,1735,3,77,60,17,11.0
104160,1736,1736,3,77,60,17,10.0
104220,1737,1737,3,77,60,17,9.0
104280,1738,1738,3,77,60,17,8.0
104340,1739,1739,3,77,60,17,14.0
104400,1740,1740,3,77,60,17,13.0
104460,1741,1741,3,77,60,17,12.0
104520,1742,1742,3,77,60,17,11.0
104580,1743,1743,3,77,60,17,10.0
104640,1744,1744,3,77,60,17,9.0
104700,1745,1745,3,77,60,17,8.0
104760,1746,1746,3,77,60,17,7.0
104820,1747,1747,3,77,60,17,6.0
104880,1748,1748,3,77,60,17,5.0
104940,1749,1749,3,77,60,17,4.0
105000,1750,1750,3,77,60,17,3.0
105060,1751,1751,3,77,60,17,2.0
105120,1752,1752,3,77,60,17,1.0
105180,1753,1753,3,79,60,19,24.0
105240,1754,1754,3,79,60,19,23.0
105300,1755,1755,3,79,60,19,22.0
105360,1756,1756,3,79,60,19,21.0
105420,1757,1757,3,79,60,19,20.0
105480,1758,1758,3,79,60,19,19.0
105540,1759,1759,3,79,60,19,18.0
105600,1760,1760,3,79,60,19,17.0
105660,1761,1761,3,79,60,19,16.0
105720,1762,1762,3,79,60,19,15.0
105780,1763,1763,3,79,60,19,14.0
105840,1764,1764,3,79,60,19,13.0
105900,1765,1765,3,79,60,19,12.0
105960,1766,1766,3,79,60,19,11.0
106020,1767,1767,3,79,60,19,10.0
106080,1768,1768,3,79,60,19,9.0
106140,1769,1769,3,79,60,19,8.0
106200,1770,1770,3,79,60,19,7.0
106260,1771,1771,3,79,60,19,6.0
106320,1772,1772,3,79,60,19,5.0
106380,1773,1773,3,79,60,19,14.0
106440,1774,1774,3,79,60,19,13.0
106500,1775,1775,3,79,60,19,12.0
106560,1776,1776,3,79,60,19,11.0
106620,1777,1777,3,79,60,19,10.0
106680,1778,1778,3,79,60,19,9.0
106740,1779,1779,3,79,60,19,8.0
106800,1780,1780,3,79,60,19,7.0
106860,1781,1781,3,79,60,19,6.0
106920,1782,1782,3,79,60,19,5.0
106980,1783,1783,3,79,60,19,4.0
107040,1784,1784,3,79,60,19,3.0
107100,1785,1785,3,79,60,19,2.0
107160,1786,1786,3,81,60,21,24.0
107220,1787,1787,3,81,60,21,23.0
107280,1788,1788,3,81,60,21,22.0
107340,1789,1789,3,81,60,21,21.0
107400,1790,1790,3,81,60,21,20.0
107460,1791,1791,3,81,60,21,19.0
107520,1792,1792,3,81,60,21,18.0
107580,1793,1793,3,81,60,21,17.0
107640,1794,1794,3,81,60,21,14.0
107700,1795,1795,3,81,60,21,13.0
107760,1796,1796,3,81,60,21,12.0
107820,1797,1797,3,81,60,21,11.0
107880,1798,1798,3,81,60,21,10.0
107940,1799,1799,3,81,60,21,9.0
108000,1800,1800,3,81,60,21,8.0
108060,1801,1801,3,81,60,21,14.0
108120,1802,1802,3,81,60,21,13.0
108180,1803,1803,3,81,60,21,12.0
108240,1804,1804,3,81,60,21,11.0
108300,1805,1805,3,81,60,21,10.0
108360,1806,1806,3,81,60,21,9.0
108420,1807,1807,3,81,60,21,8.0
108480,1808,1808,3,81,60,21,7.0
108540,1809,1809,3,81,60,21,6.0
108600,1810,1810,3,81,60,21,5.0
108660,1811,1811,3,81,60,21,4.0
108720,1812,1812,3,81,60,21,3.0
108780,1813,1813,3,81,60,21,2.0
108840,1814,1814,3,81,60,21,1.0
108900,1815,1815,3,81,60,21,0.0
108960,1816,1816,3,81,60,21,24.0
109020,1817,1817,3,81,60,21,23.0
109080,1818,1818,3,81,60,21,22.0
109140,1819,1819,3,81,60,21,21.0
109200,1820,1820,3,81,60,21,20.0
109260,1821,1821,3,81,60,21,19.0
109320,1822,1822,3,81,60,21,18.0
109380,1823,1823,3,81,60,21,14.0
109440,1824,1824,3,81,60,21,14.0
109500,1825,1825,3,81,60,21,13.0
109560,1826,1826,3,81,60,21,12.0
109620,1827,1827,3,81,60,21,11.0
109680,1828,1828,3,81,62,19,24.0
109740,1829,1829,3,81,62,19,23.0
109800,1830,1830,3,81,62,19,22.0
109860,1831,1831,3,81,62,19,21.0
109920,1832,1832,3,81,62,19,20.0
109980,1833,1833,3,81,62,19,19.0
110040,1834,1834,3,81,62,19,18.0
110100,1835,1835,3,81,62,19,17.0
110160,1836,1836,3,81,62,19,16.0
110220,1837,1837,3,81,62,19,15.0
110280,1838,1838,3,81,62,19,14.0
110340,1839,1839,3,81,62,19,13.0
110400,1840,1840,3,81,62,19,12.0
110460,1841,1841,3,81,62,19,11.0
110520,1842,1842,3,83,62,21,24.0
110580,1843,1843,3,83,62,21,23.0
110640,1844,1844,3,83,62,21,22.0
110700,1845,1845,3,83,62,21,21.0
110760,1846,1846,3,83,62,21,20.0
110820,1847,1847,3,83,62,21,19.0
110880,1848,1848,3,83,62,21,18.0
110940,1849,1849,3,83,62,21,17.0
111000,1850,1850,3,83,62,21,16.0
111060,1851,1851,3,83,62,21,15.0
111120,1852,1852,3,83,62,21,14.0
111180,1853,1853,3,83,62,21,13.0
111240,1854,1854,3,83,62,21,12.0
111300,1855,1855,3,83,62,21,11.0
111360,1856,1856,3,83,62,21,14.0
111420,1857,1857,3,83,62,21,13.0
111480,1858,1858,3,83,62,21,12.0
111540,1859,1859,3,83,62,21,11.0
111600,1860,1860,3,83,62,21,24.0
111660,1861,1861,3,83,62,21,23.0
111720,1862,1862,3,83,62,21,22.0
111780,1863,1863,3,83,62,21,21.0
111840,1864,1864,3,83,62,21,20.0
111900,1865,1865,3,83,62,21,19.0
111960,1866,1866,3,83,62,21,18.0
112020,1867,1867,3,83,62,21,17.0
112080,1868,1868,3,83,62,21,16.0
112140,1869,1869,3,83,62,21,15.0
112200,1870,1870,3,83,62,21,14.0
112260,1871,1871,3,83,62,21,13.0
112320,1872,1872,3,83,62,21,12.0
112380,1873,1873,3,83,62,21,11.0
112440,1874,1874,3,83,62,21,10.0
112500,1875,1875,3,83,62,21,9.0
112560,1876,1876,3,83,62,21,8.0
112620,1877,1877,3,83,62,21,7.0
112680,1878,1878,3,83,62,21,14.0
112740,1879,1879,3,83,62,21,13.0
112800,1880,1880,3,83,62,21,12.0
112860,1881,1881,3,83,62,21,11.0
112920,1882,1882,3,83,62,21,10.0
112980,1883,1883,3,83,62,21,9.0
113040,1884,1884,3,83,62,21,8.0
113100,1885,1885,3,83,62,21,7.0
113160,1886,1886,3,83,62,21,6.0
113220,1887,1887,3,83,62,21,5.0
113280,1888,1888,3,83,62,21,4.0
113340,1889,1889,3,83,62,21,3.0
113400,1890,1890,3,83,62,21,2.0
113460,1891,1891,3,83,62,21,14.0
113520,1892,1892,3,83,62,21,13.0
113580,1893,1893,3,83,62,21,12.0
113640,1894,1894,3,83,62,21,11.0
113700,1895,1895,3,83,62,21,10.0
113760,1896,1896,3,83,64,19,24.0
113820,1897,1897,3,83,64,19,23.0
113880,1898,1898,3,83,64,19,22.0
113940,1899,1899,3,83,64,19,21.0
114000,1900,1900,3,83,64,19,20.0
114060,1901,1901,3,83,64,19,19.0
114120,1902,1902,3,83,64,19,18.0
114180,1903,1903,3,83,64,19,17.0
114240,1904,1904,3,83,64,19,16.0
114300,1905,1905,3,83,64,19,15.0
114360,1906,1906,3,83,64,19,14.0
114420,1907,1907,3,83,64,19,13.0
114480,1908,1908,3,83,64,19,12.0
114540,1909,1909,3,83,64,19,11.0
114600,1910,1910,3,83,64,19,10.0
114660,1911,1911,3,83,64,19,9.0
114720,1912,1912,3,83,64,19,8.0
114780,1913,1913,3,83,64,19,7.0
114840,1914,1914,3,85,64,21,24.0
114900,1915,1915,3,85,64,21,23.0
114960,1916,1916,3,85,64,21,22.0
115020,1917,1917,3,85,64,21,21.0
115080,1918,1918,3,85,64,21,20.0
115140,1919,1919,3,85,64,21,19.0
115200,1920,1920,3,85,64,21,18.0
115260,1921,1921,3,85,64,21,17.0
115320,1922,1922,3,85,64,21,16.0
115380,1923,1923,3,85,64,21,15.0
115440,1924,1924,3,85,64,21,14.0
115500,1925,1925,3,85,64,21,13.0
115560,1926,1926,3,85,66,19,24.0
115620,1927,1927,3,85,66,19,23.0
115680,1928,1928,3,85,66,19,22.0
115740,1929,1929,3,85,66,19,21.0
115800,1930,1930,3,85,66,19,20.0
115860,1931,1931,3,85,66,19,19.0
115920,1932,1932,3,85,66,19,18.0
115980,1933,1933,3,85,66,19,17.0
116040,1934,1934,3,85,66,19,16.0
116100,1935,1935,3,85,66,19,15.0
116160,1936,1936,3,85,66,19,14.0
116220,1937,1937,3,85,66,19,13.0
116280,1938,1938,3,85,66,19,12.0
116340,1939,1939,3,85,66,19,11.0
116400,1940,1940,3,85,66,19,10.0
116460,1941,1941,3,85,66,19,9.0
116520,1942,1942,3,85,66,19,8.0
116580,1943,1943,3,85,66,19,7.0
116640,1944,1944,3,85,66,19,6.0
116700,1945,1945,3,85,66,19,5.0
116760,1946,1946,3,85,66,19,4.0
116820,1947,1947,3,85,66,19,3.0
116880,1948,1948,3,85,66,19,2.0
116940,1949,1949,3,85,66,19,1.0
117000,1950,1950,3,88,66,22,24.0
117060,1951,1951,3,88,66,22,23.0
117120,1952,1952,3,88,66,22,22.0
117180,1953,1953,3,88,66,22,21.0
117240,1954,1954,3,88,66,22,20.0
117300,1955,1955,3,88,66,22,19.0
117360,1956,1956,3,88,66,22,18.0
117420,1957,1957,3,88,66,22,17.0
117480,1958,1958,3,88,66,22,16.0
117540,1959,1959,3,88,66,22,15.0
117600,1960,1960,3,88,66,22,24.0
117660,1961,1961,3,88,66,22,23.0
117720,1962,1962,3,88,66,22,22.0
117780,1963,1963,3,88,66,22,21.0
117840,1964,1964,3,88,66,22,20.0
117900,1965,1965,3,88,66,22,19.0
117960,1966,1966,3,88,66,22,18.0
118020,1967,1967,3,88,66,22,17.0
118080,1968,1968,3,88,66,22,16.0
118140,1969,1969,3,88,66,22,15.0
118200,1970,1970,3,88,66,22,14.0
118260,1971,1971,3,88,66,22,13.0
118320,1972,1972,3,88,66,22,12.0
118380,1973,1973,3,88,66,22,11.0
118440,1974,1974,3,91,66,25,24.0
118500,1975,1975,3,91,66,25,23.0
118560,1976,1976,3,91,66,25,22.0
118620,1977,1977,3,91,66,25,21.0
118680,1978,1978,3,91,66,25,20.0
118740,1979,1979,3,91,66,25,19.0
118800,1980,1980,3,91,66,25,18.0
118860,1981,1981,3,91,66,25,17.0
118920,1982,1982,3,91,66,25,16.0
118980,1983,1983,3,91,66,25,15.0
119040,1984,1984,3,91,66,25,14.0
119100,1985,1985,3,91,66,25,13.0
119160,1986,1986,3,91,66,25,12.0
119220,1987,1987,3,91,66,25,11.0
119280,1988,1988,3,91,66,25,10.0
119340,1989,1989,3,91,66,25,24.0
119400,1990,1990,3,91,66,25,23.0
119460,1991,1991,3,91,66,25,22.0
119520,1992,1992,3,91,66,25,21.0
119580,1993,1993,3,91,66,25,20.0
119640,1994,1994,3,91,66,25,19.0
119700,1995,1995,3,91,66,25,18.0
119760,1996,1996,3,91,66,25,17.0
119820,1997,1997,3,91,66,25,16.0
119880,1998,1998,3,91,66,25,15.0
119940,1999,1999,3,91,66,25,14.0
120000,2000,2000,3,91,66,25,13.0
120060,2001,2001,3,91,66,25,12.0
120120,2002,2002,3,91,66,25,11.0
120180,2003,2003,3,91,66,25,10.0
120240,2004,2004,3,91,66,25,9.0
120300,2005,2005,3,91,66,25,8.0
120360,2006,2006,3,94,66,28,24.0
120420,2007,2007,3,94,66,28,23.0
120480,2008,2008,3,94,66,28,22.0
120540,2009,2009,3,94,66,28,21.0
120600,2010,2010,3,94,66,28,20.0
120660,2011,2011,3,94,66,28,19.0
120720,2012,2012,3,94,66,28,18.0
120780,2013,2013,3,94,66,28,17.0
120840,2014,2014,3,94,66,28,16.0
120900,2015,2015,3,94,66,28,15.0
120960,2016,2016,3,94,66,28,14.0
121020,2017,2017,3,94,66,28,13.0
121080,2018,2018,3,94,66,28,12.0
121140,2019,2019,3,94,69,25,24.0
121200,2020,2020,3,94,69,25,23.0
121260,2021,2021,3,94,69,25,22.0
121320,2022,2022,3,94,69,25,21.0
121380,2023,2023,3,94,69,25,20.0
121440,2024,2024,3,94,69,25,19.0
121500,2025,2025,3,94,69,25,18.0
121560,2026,2026,3,94,69,25,17.0
121620,2027,2027,3,94,69,25,16.0
121680,2028,2028,3,94,69,25,15.0
121740,2029,2029,3,94,69,25,14.0
121800,2030,2030,3,94,69,25,13.0
121860,2031,2031,3,94,69,25,12.0
121920,2032,2032,3,94,69,25,11.0
121980,2033,2033,3,94,69,25,10.0
122040,2034,2034,3,94,69,25,9.0
122100,2035,2035,3,94,69,25,8.0
122160,2036,2036,3,94,69,25,24.0
122220,2037,2037,3,94,69,25,23.0
122280,2038,2038,3,94,69,25,22.0
122340,2039,2039,3,94,69,25,21.0
122400,2040,2040,3,94,69,25,20.0
122460,2041,2041,3,94,71,23,24.0
122520,2042,2042,3,94,71,23,23.0
122580,2043,2043,3,94,71,23,22.0
122640,2044,2044,3,94,71,23,21.0
122700,2045,2045,3,94,71,23,20.0
122760,2046,2046,3,94,71,23,19.0
122820,2047,2047,3,94,71,23,18.0
122880,2048,2048,3,94,71,23,17.0
122940,2049,2049,3,94,71,23,16.0
123000,2050,2050,3,94,71,23,15.0
123060,2051,2051,3,94,71,23,14.0
123120,2052,2052,3,94,71,23,13.0
123180,2053,2053,3,94,71,23,12.0
123240,2054,2054,3,94,71,23,11.0
123300,2055,2055,3,94,71,23,10.0
123360,2056,2056,3,94,71,23,9.0
123420,2057,2057,3,94,71,23,8.0
123480,2058,2058,3,94,71,23,7.0
123540,2059,2059,3,94,71,23,6.0
123600,2060,2060,3,94,71,23,5.0
123660,2061,2061,3,94,71,23,4.0
123720,2062,2062,3,94,71,23,3.0
123780,2063,2063,3,94,71,23,2.0
123840,2064,2064,3,94,71,23,1.0
123900,2065,2065,3,94,71,23,0.0
123960,2066,2066,3,94,71,23,0.0
124020,2067,2067,3,94,71,23,14.0
124080,2068,2068,3,94,71,23,13.0
124140,2069,2069,3,94,71,23,14.0
124200,2070,2070,3,94,71,23,13.0
124260,2071,2071,3,94,71,23,12.0
124320,2072,2072,3,94,71,23,11.0
124380,2073,2073,3,94,71,23,10.0
124440,2074,2074,3,94,71,23,9.0
124500,2075,2075,3,94,71,23,8.0
124560,2076,2076,3,94,73,21,24.0
124620,2077,2077,3,94,73,21,23.0
124680,2078,2078,3,94,73,21,22.0
124740,2079,2079,3,94,73,21,21.0
124800,2080,2080,3,94,73,21,20.0
124860,2081,2081,3,94,73,21,19.0
124920,2082,2082,3,94,73,21,18.0
124980,2083,2083,3,94,73,21,17.0
125040,2084,2084,3,94,73,21,16.0
125100,2085,2085,3,94,73,21,15.0
125160,2086,2086,3,94,73,21,24.0
125220,2087,2087,3,94,73,21,23.0
125280,2088,2088,3,94,73,21,22.0
125340,2089,2089,3,94,73,21,21.0
125400,2090,2090,3,94,73,21,20.0
125460,2091,2091,3,94,73,21,19.0
125520,2092,2092,3,94,73,21,18.0
125580,2093,2093,3,94,73,21,17.0
125640,2094,2094,3,94,73,21,16.0
125700,2095,2095,3,94,73,21,15.0
125760,2096,2096,3,94,73,21,14.0
125820,2097,2097,3,94,73,21,14.0
125880,2098,2098,3,94,73,21,13.0
125940,2099,2099,3,94,73,21,12.0
126000,2100,2100,3,94,73,21,11.0
126060,2101,2101,3,94,73,21,10.0
126120,2102,2102,3,94,73,21,9.0
126180,2103,2103,3,94,75,19,24.0
126240,2104,2104,3,94,75,19,23.0
126300,2105,2105,3,94,75,19,22.0
126360,2106,2106,3,94,75,19,21.0
126420,2107,2107,3,94,75,19,20.0
126480,2108,2108,3,94,75,19,19.0
126540,2109,2109,3,94,75,19,18.0
126600,2110,2110,3,94,75,19,17.0
126660,2111,2111,3,94,75,19,16.0
126720,2112,2112,3,94,75,19,15.0
126780,2113,2113,3,94,75,19,14.0
126840,2114,2114,3,94,75,19,13.0
126900,2115,2115,3,94,75,19,12.0
126960,2116,2116,3,94,75,19,11.0
127020,2117,2117,3,94,75,19,10.0
127080,2118,2118,3,94,75,19,9.0
127140,2119,2119,3,94,75,19,8.0
127200,2120,2120,3,94,75,19,7.0
127260,2121,2121,3,94,75,19,6.0
127320,2122,2122,3,94,75,19,5.0
127380,2123,2123,3,94,75,19,4.0
127440,2124,2124,3,94,75,19,3.0
127500,2125,2125,3,94,75,19,2.0
127560,2126,2126,3,94,75,19,1.0
127620,2127,2127,3,94,75,19,0.0
127680,2128,2128,3,94,75,19,0.0
127740,2129,2129,3,94,75,19,0.0
127800,2130,2130,3,94,75,19,0.0
127860,2131,2131,3,94,75,19,0.0
127920,2132,2132,3,94,75,19,0.0
127980,2133,2133,3,94,75,19,0.0
128040,2134,2134,3,94,75,19,0.0
128100,2135,2135,3,94,75,19,0.0
128160,2136,2136,3,94,75,19,0.0
128220,2137,2137,3,94,75,19,0.0
128280,2138,2138,3,94,75,19,14.0
128340,2139,2139,3,94,75,19,13.0
128400,2140,2140,3,94,75,19,12.0
128460,2141,2141,3,94,75,19,11.0
128520,2142,2142,3,94,75,19,10.0
128580,2143,2143,3,94,75,19,9.0
128640,2144,2144,3,94,75,19,8.0
128700,2145,2145,3,94,75,19,7.0
128760,2146,2146,3,94,75,19,6.0
128820,2147,2147,3,94,75,19,5.0
128880,2148,2148,3,94,75,19,4.0
128940,2149,2149,3,94,75,19,3.0
129000,2150,2150,3,94,75,19,2.0
129060,2151,2151,3,94,75,19,1.0
129120,2152,2152,3,94,75,19,0.0
129180,2153,2153,3,94,75,19,0.0
129240,2154,2154,3,94,75,19,0.0
129300,2155,2155,3,94,75,19,0.0
129360,2156,2156,3,94,75,19,0.0
129420,2157,2157,3,94,75,19,0.0
129480,2158,2158,3,94,75,19,0.0
129540,2159,2159,3,94,75,19,0.0
129600,2160,2160,4,94,75,19,24.0
129660,2161,2161,4,94,75,19,23.0
129720,2162,2162,4,94,75,19,22.0
129780,2163,2163,4,94,75,19,21.0
129840,2164,2164,4,94,75,19,20.0
129900,2165,2165,4,94,75,19,19.0
129960,2166,2166,4,94,75,19,18.0
130020,2167,2167,4,94,75,19,17.0
130080,2168,2168,4,94,75,19,14.0
130140,2169,2169,4,94,78,16,24.0
130200,2170,2170,4,94,78,16,23.0
130260,2171,2171,4,94,78,16,22.0
130320,2172,2172,4,94,78,16,21.0
130380,2173,2173,4,94,78,16,20.0
130440,2174,2174,4,94,78,16,19.0
130500,2175,2175,4,94,78,16,18.0
130560,2176,2176,4,94,78,16,17.0
130620,2177,2177,4,94,78,16,16.0
130680,2178,2178,4,94,78,16,15.0
130740,2179,2179,4,94,78,16,14.0
130800,2180,2180,4,94,78,16,13.0
130860,2181,2181,4,94,78,16,12.0
130920,2182,2182,4,94,78,16,11.0
130980,2183,2183,4,94,78,16,10.0
131040,2184,2184,4,94,78,16,9.0
131100,2185,2185,4,94,78,16,8.0
131160,2186,2186,4,94,78,16,7.0
131220,2187,2187,4,94,78,16,6.0
131280,2188,2188,4,94,78,16,5.0
131340,2189,2189,4,94,78,16,4.0
131400,2190,2190,4,94,78,16,3.0
131460,2191,2191,4,94,78,16,14.0
131520,2192,2192,4,94,78,16,13.0
131580,2193,2193,4,94,78,16,12.0
131640,2194,2194,4,94,78,16,11.0
131700,2195,2195,4,94,78,16,10.0
131760,2196,2196,4,94,78,16,9.0
131820,2197,2197,4,94,78,16,8.0
131880,2198,2198,4,94,78,16,7.0
131940,2199,2199,4,94,78,16,6.0
132000,2200,2200,4,94,78,16,5.0
132060,2201,2201,4,94,81,13,24.0
132120,2202,2202,4,94,81,13,23.0
132180,2203,2203,4,94,81,13,22.0
132240,2204,2204,4,94,81,13,21.0
132300,2205,2205,4,94,81,13,20.0
132360,2206,2206,4,94,81,13,19.0
132420,2207,2207,4,94,81,13,18.0
132480,2208,2208,4,94,81,13,17.0
132540,2209,2209,4,94,81,13,16.0
132600,2210,2210,4,94,81,13,15.0
132660,2211,2211,4,94,81,13,14.0
132720,2212,2212,4,94,81,13,13.0
132780,2213,2213,4,94,81,13,12.0
132840,2214,2214,4,94,81,13,11.0
132900,2215,2215,4,94,81,13,10.0
132960,2216,2216,4,94,81,13,9.0
133020,2217,2217,4,94,81,13,8.0
133080,2218,2218,4,94,81,13,7.0
133140,2219,2219,4,94,81,13,6.0
133200,2220,2220,4,94,81,13,5.0
133260,2221,2221,4,94,81,13,4.0
133320,2222,2222,4,94,81,13,3.0
133380,2223,2223,4,94,81,13,2.0
133440,2224,2224,4,94,81,13,1.0
133500,2225,2225,4,94,81,13,0.0
133560,2226,2226,4,94,81,13,24.0
133620,2227,2227,4,94,81,13,23.0
133680,2228,2228,4,94,81,13,24.0
133740,2229,2229,4,94,81,13,23.0
133800,2230,2230,4,96,81,15,24.0
133860,2231,2231,4,96,81,15,23.0
133920,2232,2232,4,96,81,15,22.0
133980,2233,2233,4,96,81,15,21.0
134040,2234,2234,4,96,81,15,20.0
134100,2235,2235,4,96,81,15,19.0
134160,2236,2236,4,96,81,15,18.0
134220,2237,2237,4,96,81,15,17.0
134280,2238,2238,4,96,81,15,16.0
134340,2239,2239,4,96,81,15,15.0
134400,2240,2240,4,96,81,15,14.0
134460,2241,2241,4,96,81,15,13.0
134520,2242,2242,4,96,81,15,12.0
134580,2243,2243,4,96,81,15,11.0
134640,2244,2244,4,96,81,15,10.0
134700,2245,2245,4,96,81,15,9.0
134760,2246,2246,4,96,81,15,8.0
134820,2247,2247,4,96,81,15,7.0
134880,2248,2248,4,96,81,15,6.0
134940,2249,2249,4,96,81,15,5.0
135000,2250,2250,4,96,81,15,4.0
135060,2251,2251,4,96,81,15,3.0
135120,2252,2252,4,96,81,15,2.0
135180,2253,2253,4,96,81,15,1.0
135240,2254,2254,4,96,81,15,0.0
135300,2255,2255,4,96,81,15,0.0
135360,2256,2256,4,96,81,15,0.0
135420,2257,2257,4,96,81,15,0.0
135480,2258,2258,4,99,81,18,24.0
135540,2259,2259,4,99,81,18,23.0
135600,2260,2260,4,99,81,18,22.0
135660,2261,2261,4,99,81,18,21.0
135720,2262,2262,4,99,81,18,20.0
135780,2263,2263,4,99,81,18,19.0
135840,2264,2264,4,99,81,18,18.0
135900,2265,2265,4,99,81,18,17.0
135960,2266,2266,4,99,81,18,16.0
136020,2267,2267,4,99,81,18,15.0
136080,2268,2268,4,99,81,18,14.0
136140,2269,2269,4,99,81,18,13.0
136200,2270,2270,4,99,81,18,12.0
136260,2271,2271,4,99,81,18,11.0
136320,2272,2272,4,99,81,18,10.0
136380,2273,2273,4,99,81,18,9.0
136440,2274,2274,4,99,81,18,8.0
136500,2275,2275,4,99,82,17,24.0
136560,2276,2276,4,99,82,17,23.0
136620,2277,2277,4,99,82,17,22.0
136680,2278,2278,4,99,82,17,21.0
136740,2279,2279,4,99,82,17,20.0
136800,2280,2280,4,99,82,17,19.0
136860,2281,2281,4,99,82,17,18.0
136920,2282,2282,4,99,82,17,17.0
136980,2283,2283,4,99,82,17,16.0
137040,2284,2284,4,101,82,19,24.0
137100,2285,2285,4,101,82,19,23.0
137160,2286,2286,4,101,82,19,22.0
137220,2287,2287,4,101,82,19,21.0
137280,2288,2288,4,101,82,19,20.0
137340,2289,2289,4,101,82,19,19.0
137400,2290,2290,4,101,82,19,18.0
137460,2291,2291,4,101,82,19,17.0
137520,2292,2292,4,101,82,19,16.0
137580,2293,2293,4,101,82,19,15.0
137640,2294,2294,4,101,85,16,24.0
137700,2295,2295,4,101,85,16,23.0
137760,2296,2296,4,101,85,16,22.0
137820,2297,2297,4,101,85,16,21.0
137880,2298,2298,4,101,85,16,20.0
137940,2299,2299,4,101,85,16,19.0
138000,2300,2300,4,101,85,16,18.0
138060,2301,2301,4,101,85,16,17.0
138120,2302,2302,4,101,85,16,16.0
138180,2303,2303,4,101,85,16,15.0
138240,2304,2304,4,101,85,16,14.0
138300,2305,2305,4,101,85,16,13.0
138360,2306,2306,4,101,85,16,12.0
138420,2307,2307,4,101,85,16,11.0
138480,2308,2308,4,101,85,16,10.0
138540,2309,2309,4,101,85,16,9.0
138600,2310,2310,4,101,85,16,8.0
138660,2311,2311,4,101,85,16,7.0
138720,2312,2312,4,101,85,16,6.0
138780,2313,2313,4,101,85,16,5.0
138840,2314,2314,4,101,85,16,4.0
138900,2315,2315,4,101,85,16,3.0
138960,2316,2316,4,101,85,16,2.0
139020,2317,2317,4,101,85,16,24.0
139080,2318,2318,4,101,85,16,23.0
139140,2319,2319,4,101,85,16,22.0
139200,2320,2320,4,101,85,16,21.0
139260,2321,2321,4,101,85,16,20.0
139320,2322,2322,4,101,85,16,19.0
139380,2323,2323,4,101,85,16,18.0
139440,2324,2324,4,101,85,16,17.0
139500,2325,2325,4,101,85,16,16.0
139560,2326,2326,4,101,85,16,15.0
139620,2327,2327,4,101,85,16,14.0
139680,2328,2328,4,101,85,16,13.0
139740,2329,2329,4,101,85,16,12.0
139800,2330,2330,4,101,85,16,11.0
139860,2331,2331,4,101,85,16,14.0
139920,2332,2332,4,101,85,16,13.0
139980,2333,2333,4,101,85,16,12.0
140040,2334,2334,4,101,85,16,11.0
140100,2335,2335,4,103,85,18,24.0
140160,2336,2336,4,103,85,18,23.0
140220,2337,2337,4,103,85,18,22.0
140280,2338,2338,4,103,85,18,21.0
140340,2339,2339,4,103,85,18,20.0
140400,2340,2340,4,103,85,18,19.0
140460,2341,2341,4,103,85,18,18.0
140520,2342,2342,4,103,85,18,17.0
140580,2343,2343,4,103,85,18,16.0
140640,2344,2344,4,103,87,16,24.0
140700,2345,2345,4,103,87,16,23.0
140760,2346,2346,4,103,87,16,22.0
140820,2347,2347,4,103,87,16,21.0
140880,2348,2348,4,103,87,16,20.0
140940,2349,2349,4,103,87,16,19.0
141000,2350,2350,4,103,87,16,18.0
141060,2351,2351,4,103,87,16,17.0
141120,2352,2352,4,103,87,16,16.0
141180,2353,2353,4,103,87,16,15.0
141240,2354,2354,4,103,87,16,14.0
141300,2355,2355,4,103,87,16,13.0
141360,2356,2356,4,103,87,16,12.0
141420,2357,2357,4,106,87,19,24.0
141480,2358,2358,4,106,87,19,23.0
141540,2359,2359,4,106,87,19,22.0
141600,2360,2360,4,106,87,19,21.0
141660,2361,2361,4,106,87,19,20.0
141720,2362,2362,4,106,87,19,19.0
141780,2363,2363,4,106,87,19,18.0
141840,2364,2364,4,106,87,19,17.0
141900,2365,2365,4,106,87,19,16.0
141960,2366,2366,4,106,87,19,15.0
142020,2367,2367,4,106,87,19,14.0
142080,2368,2368,4,106,87,19,13.0
142140,2369,2369,4,106,87,19,12.0
142200,2370,2370,4,106,87,19,11.0
142260,2371,2371,4,106,87,19,10.0
142320,2372,2372,4,106,87,19,9.0
142380,2373,2373,4,106,87,19,8.0
142440,2374,2374,4,106,87,19,7.0
142500,2375,2375,4,106,87,19,14.0
142560,2376,2376,4,106,87,19,13.0
142620,2377,2377,4,106,87,19,12.0
142680,2378,2378,4,106,87,19,11.0
142740,2379,2379,4,106,87,19,10.0
142800,2380,2380,4,106,87,19,9.0
142860,2381,2381,4,106,87,19,8.0
142920,2382,2382,4,106,87,19,7.0
142980,2383,2383,4,106,87,19,6.0
143040,2384,2384,4,106,87,19,5.0
143100,2385,2385,4,106,87,19,14.0
143160,2386,2386,4,106,87,19,13.0
143220,2387,2387,4,106,87,19,12.0
143280,2388,2388,4,106,87,19,11.0
143340,2389,2389,4,106,87,19,10.0
143400,2390,2390,4,106,87,19,9.0
143460,2391,2391,4,106,87,19,8.0
143520,2392,2392,4,106,87,19,7.0
143580,2393,2393,4,106,87,19,6.0
143640,2394,2394,4,106,87,19,14.0
143700,2395,2395,4,106,87,19,13.0
143760,2396,2396,4,106,87,19,24.0
143820,2397,2397,4,106,87,19,23.0
143880,2398,2398,4,106,87,19,22.0
143940,2399,2399,4,106,87,19,21.0
144000,2400,2400,4,106,87,19,20.0
144060,2401,2401,4,106,87,19,19.0
144120,2402,2402,4,106,87,19,18.0
144180,2403,2403,4,106,87,19,17.0
144240,2404,2404,4,106,87,19,16.0
144300,2405,2405,4,106,87,19,15.0
144360,2406,2406,4,106,87,19,14.0
144420,2407,2407,4,106,87,19,13.0
144480,2408,2408,4,106,87,19,12.0
144540,2409,2409,4,106,87,19,11.0
144600,2410,2410,4,106,87,19,10.0
144660,2411,2411,4,106,87,19,9.0
144720,2412,2412,4,106,87,19,8.0
144780,2413,2413,4,106,87,19,24.0
144840,2414,2414,4,106,87,19,23.0
144900,2415,2415,4,106,87,19,22.0
144960,2416,2416,4,106,87,19,21.0
145020,2417,2417,4,106,87,19,20.0
145080,2418,2418,4,106,87,19,19.0
145140,2419,2419,4,106,87,19,18.0
145200,2420,2420,4,106,89,17,24.0
145260,2421,2421,4,106,89,17,23.0
145320,2422,2422,4,106,89,17,22.0
145380,2423,2423,4,106,89,17,21.0
145440,2424,2424,4,106,89,17,20.0
145500,2425,2425,4,106,89,17,19.0
145560,2426,2426,4,106,89,17,18.0
145620,2427,2427,4,106,89,17,17.0
145680,2428,2428,4,106,89,17,16.0
145740,2429,2429,4,106,89,17,15.0
145800,2430,2430,4,106,89,17,14.0
145860,2431,2431,4,107,89,18,24.0
145920,2432,2432,4,107,89,18,23.0
145980,2433,2433,4,107,89,18,22.0
146040,2434,2434,4,107,89,18,21.0
146100,2435,2435,4,107,89,18,20.0
146160,2436,2436,4,107,89,18,19.0
146220,2437,2437,4,107,89,18,18.0
146280,2438,2438,4,107,89,18,17.0
146340,2439,2439,4,107,89,18,16.0
146400,2440,2440,4,107,89,18,15.0
146460,2441,2441,4,107,91,16,24.0
146520,2442,2442,4,107,91,16,23.0
146580,2443,2443,4,107,91,16,22.0
146640,2444,2444,4,107,91,16,21.0
146700,2445,2445,4,107,91,16,20.0
146760,2446,2446,4,107,91,16,19.0
146820,2447,2447,4,107,91,16,18.0
146880,2448,2448,4,107,91,16,17.0
146940,2449,2449,4,107,91,16,16.0
147000,2450,2450,4,107,91,16,15.0
147060,2451,2451,4,107,91,16,14.0
147120,2452,2452,4,107,91,16,13.0
147180,2453,2453,4,107,91,16,12.0
147240,2454,2454,4,107,91,16,11.0
147300,2455,2455,4,107,91,16,10.0
147360,2456,2456,4,107,91,16,9.0
147420,2457,2457,4,107,91,16,8.0
147480,2458,2458,4,107,91,16,7.0
147540,2459,2459,4,107,91,16,6.0
147600,2460,2460,4,107,91,16,5.0
147660,2461,2461,4,107,91,16,4.0
147720,2462,2462,4,107,91,16,14.0
147780,2463,2463,4,107,91,16,13.0
147840,2464,2464,4,107,91,16,12.0
147900,2465,2465,4,107,91,16,11.0
147960,2466,2466,4,107,91,16,10.0
148020,2467,2467,4,107,91,16,9.0
148080,2468,2468,4,107,93,14,24.0
148140,2469,2469,4,107,93,14,23.0
148200,2470,2470,4,107,93,14,22.0
148260,2471,2471,4,107,93,14,21.0
148320,2472,2472,4,107,93,14,20.0
148380,2473,2473,4,107,93,14,19.0
148440,2474,2474,4,107,93,14,18.0
148500,2475,2475,4,107,93,14,17.0
148560,2476,2476,4,107,93,14,16.0
148620,2477,2477,4,107,93,14,15.0
148680,2478,2478,4,107,93,14,14.0
148740,2479,2479,4,107,93,14,13.0
148800,2480,2480,4,107,93,14,12.0
148860,2481,2481,4,107,93,14,11.0
148920,2482,2482,4,107,93,14,10.0
148980,2483,2483,4,107,93,14,9.0
149040,2484,2484,4,107,93,14,8.0
149100,2485,2485,4,107,93,14,7.0
149160,2486,2486,4,107,93,14,14.0
149220,2487,2487,4,107,93,14,13.0
149280,2488,2488,4,107,93,14,12.0
149340,2489,2489,4,107,93,14,11.0
149400,2490,2490,4,107,93,14,10.0
149460,2491,2491,4,107,93,14,9.0
149520,2492,2492,4,107,93,14,8.0
149580,2493,2493,4,107,93,14,24.0
149640,2494,2494,4,107,93,14,23.0
149700,2495,2495,4,107,93,14,22.0
149760,2496,2496,4,107,93,14,21.0
149820,2497,2497,4,107,93,14,20.0
149880,2498,2498,4,107,93,14,19.0
149940,2499,2499,4,107,93,14,18.0
150000,2500,2500,4,107,93,14,17.0
150060,2501,2501,4,107,93,14,16.0
150120,2502,2502,4,107,93,14,15.0
150180,2503,2503,4,107,93,14,14.0
150240,2504,2504,4,107,93,14,13.0
150300,2505,2505,4,107,93,14,12.0
150360,2506,2506,4,107,93,14,11.0
150420,2507,2507,4,107,93,14,10.0
150480,2508,2508,4,107,93,14,9.0
150540,2509,2509,4,107,93,14,8.0
150600,2510,2510,4,107,93,14,7.0
150660,2511,2511,4,107,93,14,14.0
150720,2512,2512,4,107,93,14,13.0
150780,2513,2513,4,107,93,14,12.0
150840,2514,2514,4,107,93,14,11.0
150900,2515,2515,4,107,93,14,10.0
150960,2516,2516,4,107,93,14,9.0
151020,2517,2517,4,107,93,14,8.0
151080,2518,2518,4,107,93,14,7.0
151140,2519,2519,4,107,93,14,6.0
151200,2520,2520,4,107,93,14,5.0
151260,2521,2521,4,107,93,14,4.0
151320,2522,2522,4,107,93,14,3.0
151380,2523,2523,4,107,93,14,2.0
151440,2524,2524,4,107,93,14,1.0
151500,2525,2525,4,107,93,14,0.0
151560,2526,2526,4,107,93,14,24.0
151620,2527,2527,4,107,93,14,23.0
151680,2528,2528,4,107,93,14,22.0
151740,2529,2529,4,107,93,14,21.0
151800,2530,2530,4,107,93,14,20.0
151860,2531,2531,4,107,95,12,24.0
151920,2532,2532,4,107,95,12,23.0
151980,2533,2533,4,107,95,12,22.0
152040,2534,2534,4,107,95,12,21.0
152100,2535,2535,4,107,95,12,20.0
152160,2536,2536,4,107,95,12,19.0
152220,2537,2537,4,107,95,12,18.0
152280,2538,2538,4,107,95,12,17.0
152340,2539,2539,4,107,95,12,16.0
152400,2540,2540,4,107,95,12,15.0
152460,2541,2541,4,107,95,12,14.0
152520,2542,2542,4,107,95,12,13.0
152580,2543,2543,4,107,95,12,12.0
152640,2544,2544,4,107,95,12,11.0
152700,2545,2545,4,107,95,12,10.0
152760,2546,2546,4,107,95,12,9.0
152820,2547,2547,4,107,95,12,8.0
152880,2548,2548,4,107,95,12,7.0
152940,2549,2549,4,107,95,12,6.0
153000,2550,2550,4,107,95,12,5.0
153060,2551,2551,4,107,95,12,4.0
153120,2552,2552,4,107,95,12,3.0
153180,2553,2553,4,107,95,12,2.0
153240,2554,2554,4,109,95,14,24.0
153300,2555,2555,4,109,95,14,23.0
153360,2556,2556,4,109,95,14,22.0
153420,2557,2557,4,109,95,14,21.0
153480,2558,2558,4,109,95,14,20.0
153540,2559,2559,4,109,95,14,19.0
153600,2560,2560,4,109,95,14,18.0
153660,2561,2561,4,109,95,14,17.0
153720,2562,2562,4,109,95,14,16.0
153780,2563,2563,4,109,95,14,15.0
153840,2564,2564,4,109,95,14,14.0
153900,2565,2565,4,109,95,14,13.0
153960,2566,2566,4,109,95,14,12.0
154020,2567,2567,4,109,95,14,14.0
154080,2568,2568,4,109,95,14,13.0
154140,2569,2569,4,109,95,14,12.0
154200,2570,2570,4,109,95,14,11.0
154260,2571,2571,4,109,95,14,10.0
154320,2572,2572,4,109,95,14,9.0
154380,2573,2573,4,109,95,14,8.0
154440,2574,2574,4,109,95,14,7.0
154500,2575,2575,4,109,95,14,6.0
154560,2576,2576,4,109,95,14,5.0
154620,2577,2577,4,109,95,14,4.0
154680,2578,2578,4,109,95,14,3.0
154740,2579,2579,4,109,95,14,2.0
154800,2580,2580,4,109,95,14,1.0
154860,2581,2581,4,109,95,14,14.0
154920,2582,2582,4,109,95,14,13.0
154980,2583,2583,4,109,95,14,12.0
155040,2584,2584,4,109,97,12,24.0
155100,2585,2585,4,109,97,12,23.0
155160,2586,2586,4,109,97,12,22.0
155220,2587,2587,4,109,97,12,21.0
155280,2588,2588,4,109,97,12,20.0
155340,2589,2589,4,109,97,12,19.0
155400,2590,2590,4,109,97,12,18.0
155460,2591,2591,4,109,97,12,17.0
155520,2592,2592,4,109,97,12,16.0
155580,2593,2593,4,109,97,12,15.0
155640,2594,2594,4,109,97,12,14.0
155700,2595,2595,4,109,97,12,13.0
155760,2596,2596,4,111,97,14,24.0
155820,2597,2597,4,111,97,14,23.0
155880,2598,2598,4,111,97,14,22.0
155940,2599,2599,4,111,97,14,21.0
156000,2600,2600,4,111,97,14,20.0
156060,2601,2601,4,111,97,14,19.0
156120,2602,2602,4,111,97,14,18.0
156180,2603,2603,4,111,97,14,17.0
156240,2604,2604,4,111,97,14,16.0
156300,2605,2605,4,111,97,14,15.0
156360,2606,2606,4,111,97,14,14.0
156420,2607,2607,4,111,97,14,13.0
156480,2608,2608,4,111,97,14,12.0
156540,2609,2609,4,111,97,14,11.0
156600,2610,2610,4,111,97,14,10.0
156660,2611,2611,4,111,97,14,9.0
156720,2612,2612,4,111,97,14,8.0
156780,2613,2613,4,111,97,14,7.0
156840,2614,2614,4,111,97,14,6.0
156900,2615,2615,4,111,97,14,14.0
156960,2616,2616,4,111,97,14,13.0
157020,2617,2617,4,111,97,14,12.0
157080,2618,2618,4,111,97,14,11.0
157140,2619,2619,4,111,97,14,10.0
157200,2620,2620,4,111,97,14,9.0
157260,2621,2621,4,111,97,14,8.0
157320,2622,2622,4,111,97,14,7.0
157380,2623,2623,4,111,97,14,6.0
157440,2624,2624,4,111,97,14,5.0
157500,2625,2625,4,111,97,14,4.0
157560,2626,2626,4,111,97,14,3.0
157620,2627,2627,4,113,97,16,24.0
157680,2628,2628,4,113,97,16,23.0
157740,2629,2629,4,113,97,16,22.0
157800,2630,2630,4,113,97,16,21.0
157860,2631,2631,4,113,97,16,20.0
157920,2632,2632,4,113,97,16,19.0
157980,2633,2633,4,113,97,16,18.0
158040,2634,2634,4,113,97,16,17.0
158100,2635,2635,4,113,100,13,24.0
158160,2636,2636,4,113,100,13,23.0
158220,2637,2637,4,113,100,13,22.0
158280,2638,2638,4,113,100,13,21.0
158340,2639,2639,4,113,100,13,20.0
158400,2640,2640,4,113,100,13,19.0
158460,2641,2641,4,113,100,13,18.0
158520,2642,2642,4,113,100,13,17.0
158580,2643,2643,4,113,100,13,16.0
158640,2644,2644,4,113,100,13,15.0
158700,2645,2645,4,113,100,13,14.0
158760,2646,2646,4,113,100,13,24.0
158820,2647,2647,4,113,100,13,23.0
158880,2648,2648,4,113,100,13,22.0
158940,2649,2649,4,113,100,13,21.0
159000,2650,2650,4,113,102,11,24.0
159060,2651,2651,4,113,102,11,23.0
159120,2652,2652,4,113,102,11,22.0
159180,2653,2653,4,113,102,11,21.0
159240,2654,2654,4,113,102,11,20.0
159300,2655,2655,4,113,102,11,19.0
159360,2656,2656,4,113,102,11,18.0
159420,2657,2657,4,113,102,11,17.0
159480,2658,2658,4,113,102,11,16.0
159540,2659,2659,4,113,102,11,15.0
159600,2660,2660,4,113,102,11,14.0
159660,2661,2661,4,113,102,11,13.0
159720,2662,2662,4,113,102,11,12.0
159780,2663,2663,4,113,102,11,11.0
159840,2664,2664,4,113,102,11,10.0
159900,2665,2665,4,113,102,11,9.0
159960,2666,2666,4,113,102,11,8.0
160020,2667,2667,4,113,102,11,7.0
160080,2668,2668,4,113,102,11,24.0
160140,2669,2669,4,113,102,11,23.0
160200,2670,2670,4,113,102,11,22.0
160260,2671,2671,4,113,102,11,21.0
160320,2672,2672,4,113,102,11,20.0
160380,2673,2673,4,115,102,13,24.0
160440,2674,2674,4,115,102,13,23.0
160500,2675,2675,4,115,102,13,22.0
160560,2676,2676,4,115,102,13,21.0
160620,2677,2677,4,115,102,13,20.0
160680,2678,2678,4,115,102,13,19.0
160740,2679,2679,4,115,102,13,18.0
160800,2680,2680,4,115,102,13,17.0
160860,2681,2681,4,115,102,13,16.0
160920,2682,2682,4,115,102,13,15.0
160980,2683,2683,4,115,102,13,14.0
161040,2684,2684,4,115,102,13,13.0
161100,2685,2685,4,115,102,13,12.0
161160,2686,2686,4,115,102,13,11.0
161220,2687,2687,4,115,102,13,10.0
161280,2688,2688,4,115,102,13,9.0
161340,2689,2689,4,115,102,13,8.0
161400,2690,2690,4,115,102,13,7.0
161460,2691,2691,4,115,102,13,24.0
161520,2692,2692,4,115,102,13,23.0
161580,2693,2693,4,115,102,13,22.0
161640,2694,2694,4,115,102,13,21.0
161700,2695,2695,4,115,102,13,20.0
161760,2696,2696,4,115,102,13,19.0
161820,2697,2697,4,115,102,13,18.0
161880,2698,2698,4,115,102,13,17.0
161940,2699,2699,4,115,102,13,16.0
162000,2700,2700,4,115,102,13,15.0
162060,2701,2701,4,115,102,13,14.0
162120,2702,2702,4,115,102,13,13.0
162180,2703,2703,4,115,102,13,12.0
162240,2704,2704,4,115,102,13,11.0
162300,2705,2705,4,115,102,13,10.0
162360,2706,2706,4,115,102,13,9.0
162420,2707,2707,4,115,102,13,8.0
162480,2708,2708,4,115,102,13,7.0
162540,2709,2709,4,115,102,13,6.0
162600,2710,2710,4,115,102,13,5.0
162660,2711,2711,4,115,102,13,4.0
162720,2712,2712,4,115,102,13,3.0
162780,2713,2713,4,115,102,13,2.0
162840,2714,2714,4,118,102,16,24.0
162900,2715,2715,4,118,102,16,23.0
162960,2716,2716,4,118,102,16,22.0
163020,2717,2717,4,118,102,16,21.0
163080,2718,2718,4,118,102,16,20.0
163140,2719,2719,4,118,102,16,19.0
163200,2720,2720,4,118,102,16,18.0
163260,2721,2721,4,118,102,16,17.0
163320,2722,2722,4,118,102,16,16.0
163380,2723,2723,4,118,102,16,14.0
163440,2724,2724,4,118,102,16,13.0
163500,2725,2725,4,118,102,16,12.0
163560,2726,2726,4,118,102,16,11.0
163620,2727,2727,4,118,102,16,10.0
163680,2728,2728,4,118,102,16,9.0
163740,2729,2729,4,118,102,16,8.0
163800,2730,2730,4,120,102,18,24.0
163860,2731,2731,4,120,102,18,23.0
163920,2732,2732,4,120,102,18,22.0
163980,2733,2733,4,120,102,18,21.0
164040,2734,2734,4,120,102,18,20.0
164100,2735,2735,4,120,102,18,19.0
164160,2736,2736,4,120,102,18,18.0
164220,2737,2737,4,120,102,18,17.0
164280,2738,2738,4,120,102,18,16.0
164340,2739,2739,4,120,102,18,15.0
164400,2740,2740,4,120,102,18,14.0
164460,2741,2741,4,120,102,18,13.0
164520,2742,2742,4,120,102,18,24.0
164580,2743,2743,4,120,102,18,23.0
164640,2744,2744,4,120,102,18,22.0
164700,2745,2745,4,120,102,18,21.0
164760,2746,2746,4,120,102,18,20.0
164820,2747,2747,4,120,102,18,19.0
164880,2748,2748,4,120,102,18,18.0
164940,2749,2749,4,120,102,18,17.0
165000,2750,2750,4,120,102,18,16.0
165060,2751,2751,4,120,102,18,15.0
165120,2752,2752,4,120,102,18,14.0
165180,2753,2753,4,120,102,18,13.0
165240,2754,2754,4,120,102,18,12.0
165300,2755,2755,4,120,102,18,11.0
165360,2756,2756,4,120,102,18,10.0
165420,2757,2757,4,120,102,18,9.0
165480,2758,2758,4,120,102,18,8.0
165540,2759,2759,4,122,102,20,24.0
165600,2760,2760,4,122,102,20,23.0
165660,2761,2761,4,122,102,20,22.0
165720,2762,2762,4,122,102,20,21.0
165780,2763,2763,4,122,102,20,20.0
165840,2764,2764,4,122,102,20,19.0
165900,2765,2765,4,122,102,20,18.0
165960,2766,2766,4,122,102,20,17.0
166020,2767,2767,4,122,102,20,16.0
166080,2768,2768,4,122,102,20,15.0
166140,2769,2769,4,122,102,20,14.0
166200,2770,2770,4,122,102,20,13.0
166260,2771,2771,4,122,102,20,12.0
166320,2772,2772,4,122,102,20,11.0
166380,2773,2773,4,122,102,20,10.0
166440,2774,2774,4,122,102,20,9.0
166500,2775,2775,4,122,102,20,8.0
166560,2776,2776,4,122,104,18,24.0
166620,2777,2777,4,122,104,18,23.0
166680,2778,2778,4,122,104,18,22.0
166740,2779,2779,4,122,104,18,21.0
166800,2780,2780,4,122,104,18,20.0
166860,2781,2781,4,122,104,18,19.0
166920,2782,2782,4,122,104,18,18.0
166980,2783,2783,4,122,104,18,17.0
167040,2784,2784,4,122,104,18,16.0
167100,2785,2785,4,122,104,18,15.0
167160,2786,2786,4,122,104,18,14.0
167220,2787,2787,4,122,104,18,13.0
167280,2788,2788,4,122,104,18,12.0
167340,2789,2789,4,122,104,18,14.0
167400,2790,2790,4,122,104,18,13.0
167460,2791,2791,4,122,104,18,12.0
167520,2792,2792,4,122,104,18,11.0
167580,2793,2793,4,122,104,18,10.0
167640,2794,2794,4,122,104,18,9.0
167700,2795,2795,4,122,104,18,8.0
167760,2796,2796,4,122,104,18,7.0
167820,2797,2797,4,122,104,18,6.0
167880,2798,2798,4,122,107,15,24.0
167940,2799,2799,4,122,107,15,23.0
168000,2800,2800,4,122,107,15,22.0
168060,2801,2801,4,122,107,15,21.0
168120,2802,2802,4,122,107,15,20.0
168180,2803,2803,4,122,107,15,19.0
168240,2804,2804,4,122,107,15,18.0
168300,2805,2805,4,122,107,15,17.0
168360,2806,2806,4,122,107,15,16.0
168420,2807,2807,4,122,107,15,15.0
168480,2808,2808,4,122,107,15,14.0
168540,2809,2809,4,122,107,15,13.0
168600,2810,2810,4,122,107,15,12.0
168660,2811,2811,4,125,107,18,24.0
168720,2812,2812,4,125,107,18,23.0
168780,2813,2813,4,125,107,18,22.0
168840,2814,2814,4,125,107,18,21.0
168900,2815,2815,4,125,107,18,20.0
168960,2816,2816,4,125,107,18,19.0
169020,2817,2817,4,125,107,18,18.0
169080,2818,2818,4,125,107,18,17.0
169140,2819,2819,4,125,107,18,16.0
169200,2820,2820,4,125,107,18,15.0
169260,2821,2821,4,125,107,18,14.0
169320,2822,2822,4,125,107,18,24.0
169380,2823,2823,4,125,107,18,23.0
169440,2824,2824,4,125,107,18,22.0
169500,2825,2825,4,125,107,18,21.0
169560,2826,2826,4,125,107,18,20.0
169620,2827,2827,4,125,107,18,19.0
169680,2828,2828,4,125,107,18,18.0
169740,2829,2829,4,125,107,18,17.0
169800,2830,2830,4,125,107,18,16.0
169860,2831,2831,4,125,107,18,15.0
169920,2832,2832,4,125,107,18,14.0
169980,2833,2833,4,125,107,18,13.0
170040,2834,2834,4,125,107,18,12.0
170100,2835,2835,4,125,107,18,11.0
170160,2836,2836,4,125,107,18,10.0
170220,2837,2837,4,125,107,18,9.0
170280,2838,2838,4,125,107,18,14.0
170340,2839,2839,4,125,107,18,13.0
170400,2840,2840,4,125,107,18,12.0
170460,2841,2841,4,125,107,18,11.0
170520,2842,2842,4,125,109,16,24.0
170580,2843,2843,4,125,109,16,23.0
170640,2844,2844,4,125,109,16,22.0
170700,2845,2845,4,125,109,16,21.0
170760,2846,2846,4,125,109,16,20.0
170820,2847,2847,4,125,109,16,19.0
170880,2848,2848,4,125,109,16,18.0
170940,2849,2849,4,125,109,16,17.0
171000,2850,2850,4,125,109,16,16.0
171060,2851,2851,4,125,109,16,15.0
171120,2852,2852,4,125,109,16,14.0
171180,2853,2853,4,125,109,16,13.0
171240,2854,2854,4,125,109,16,12.0
171300,2855,2855,4,125,109,16,11.0
171360,2856,2856,4,125,109,16,10.0
171420,2857,2857,4,125,109,16,9.0
171480,2858,2858,4,125,109,16,8.0
171540,2859,2859,4,125,109,16,7.0
171600,2860,2860,4,125,109,16,6.0
171660,2861,2861,4,125,109,16,14.0
171720,2862,2862,4,125,109,16,13.0
171780,2863,2863,4,125,109,16,12.0
171840,2864,2864,4,125,109,16,11.0
171900,2865,2865,4,125,109,16,10.0
171960,2866,2866,4,125,109,16,9.0
172020,2867,2867,4,125,109,16,8.0
172080,2868,2868,4,125,109,16,7.0
172140,2869,2869,4,125,109,16,6.0
172200,2870,2870,4,125,109,16,5.0
172260,2871,2871,4,125,109,16,4.0
172320,2872,2872,4,125,109,16,3.0
172380,2873,2873,4,125,109,16,2.0
172440,2874,2874,4,125,109,16,1.0
172500,2875,2875,4,125,109,16,0.0
172560,2876,2876,4,125,109,16,0.0
172620,2877,2877,4,125,109,16,0.0
172680,2878,2878,4,125,109,16,0.0
172740,2879,2879,4,125,109,16,14.0
172800,2880,2880,4,125,109,16,24.0
172860,2881,2881,4,125,109,16,24.0
172920,2882,2882,4,125,109,16,24.0
172980,2883,2883,4,125,109,16,24.0
173040,2884,2884,4,125,109,16,24.0
173100,2885,2885,4,125,109,16,24.0
173160,2886,2886,4,125,109,16,24.0
173220,2887,2887,4,125,109,16,24.0
173280,2888,2888,4,125,109,16,24.0
173340,2889,2889,4,125,109,16,24.0
173400,2890,2890,4,125,109,16,24.0
173460,2891,2891,4,125,109,16,24.0
173520,2892,2892,4,125,109,16,24.0
173580,2893,2893,4,125,109,16,24.0
173640,2894,2894,4,125,109,16,24.0
173700,2895,2895,4,125,109,16,24.0
173760,2896,2896,4,125,109,16,24.0
173820,2897,2897,4,125,109,16,24.0
173880,2898,2898,4,125,109,16,24.0
173940,2899,2899,4,125,109,16,24.0
174000,2900,2900,4,125,109,16,24.0
174060,2901,2901,4,125,109,16,24.0
174120,2902,2902,4,125,109,16,24.0
174180,2903,2903,4,125,109,16,24.0
174240,2904,2904,4,125,109,16,24.0
174300,2905,2905,4,125,109,16,24.0
174360,2906,2906,4,125,109,16,24.0
174420,2907,2907,4,125,109,16,24.0
174480,2908,2908,4,125,109,16,24.0
174540,2909,2909,4,125,109,16,24.0
174600,2910,2910,4,125,109,16,24.0
174660,2911,2911,4,125,109,16,24.0
174720,2912,2912,4,125,109,16,24.0
174780,2913,2913,4,125,109,16,24.0
174840,2914,2914,4,125,109,16,24.0
174900,2915,2915,4,125,109,16,24.0
174960,2916,2916,4,125,109,16,24.0
175020,2917,2917,4,125,109,16,24.0
175080,2918,2918,4,125,109,16,24.0
175140,2919,2919,4,125,109,16,24.0
175200,2920,2920,4,125,109,16,24.0
175260,2921,2921,4,125,109,16,24.0
175320,2922,2922,4,125,109,16,24.0
175380,2923,2923,4,125,109,16,24.0
175440,2924,2924,4,125,109,16,24.0
175500,2925,2925,4,125,109,16,24.0
175560,2926,2926,4,125,109,16,24.0
175620,2927,2927,4,125,109,16,24.0
175680,2928,2928,4,125,109,16,24.0
175740,2929,2929,4,125,109,16,24.0
175800,2930,2930,4,125,109,16,24.0
175860,2931,2931,4,125,109,16,24.0
175920,2932,2932,4,125,109,16,24.0
175980,2933,2933,4,125,109,16,24.0
176040,2934,2934,4,125,109,16,24.0
176100,2935,2935,4,125,109,16,24.0
176160,2936,2936,4,125,109,16,24.0
176220,2937,2937,4,125,109,16,24.0
176280,2938,2938,4,125,109,16,24.0
176340,2939,2939,4,125,109,16,24.0
176400,2940,2940,4,125,109,16,24.0
176460,2941,2941,4,125,109,16,24.0
176520,2942,2942,4,125,109,16,24.0
176580,2943,2943,4,125,109,16,24.0
176640,2944,2944,4,125,109,16,24.0
176700,2945,2945,4,125,109,16,24.0
176760,2946,2946,4,125,109,16,24.0
176820,2947,2947,4,125,109,16,24.0
176880,2948,2948,4,125,109,16,24.0
176940,2949,2949,4,125,109,16,24.0
177000,2950,2950,4,125,109,16,24.0
177060,2951,2951,4,125,109,16,24.0
177120,2952,2952,4,125,109,16,24.0
177180,2953,2953,4,125,109,16,24.0
177240,2954,2954,4,125,109,16,24.0
177300,2955,2955,4,125,109,16,24.0
177360,2956,2956,4,125,109,16,24.0
177420,2957,2957,4,125,109,16,24.0
177480,2958,2958,4,125,109,16,24.0
177540,2959,2959,4,125,109,16,24.0
177600,2960,2960,4,125,109,16,24.0
177660,2961,2961,4,125,109,16,24.0
177720,2962,2962,4,125,109,16,24.0
177780,2963,2963,4,125,109,16,24.0
177840,2964,2964,4,125,109,16,24.0
177900,2965,2965,4,125,109,16,24.0
177960,2966,2966,4,125,109,16,24.0
178020,2967,2967,4,125,109,16,24.0
178080,2968,2968,4,125,109,16,24.0
178140,2969,2969,4,125,109,16,24.0
178200,2970,2970,4,125,109,16,24.0
178260,2971,2971,4,125,109,16,24.0
178320,2972,2972,4,125,109,16,24.0
178380,2973,2973,4,125,109,16,24.0
178440,2974,2974,4,125,109,16,24.0
178500,2975,2975,4,125,109,16,24.0
178560,2976,2976,4,125,109,16,24.0
178620,2977,2977,4,125,109,16,24.0
178680,2978,2978,4,125,109,16,24.0
178740,2979,2979,4,125,109,16,24.0
178800,2980,2980,4,125,109,16,24.0
178860,2981,2981,4,125,109,16,24.0
178920,2982,2982,4,125,109,16,24.0
178980,2983,2983,4,125,109,16,24.0
179040,2984,2984,4,125,109,16,24.0
179100,2985,2985,4,125,109,16,24.0
179160,2986,2986,4,125,109,16,24.0
179220,2987,2987,4,125,109,16,24.0
179280,2988,2988,4,125,109,16,24.0
179340,2989,2989,4,125,109,16,24.0
179400,2990,2990,4,125,109,16,24.0
179460,2991,2991,4,125,109,16,24.0
179520,2992,2992,4,125,109,16,24.0
179580,2993,2993,4,125,109,16,24.0
179640,2994,2994,4,125,109,16,24.0
179700,2995,2995,4,125,109,16,24.0
179760,2996,2996,4,125,109,16,24.0
179820,2997,2997,4,125,109,16,24.0
179880,2998,2998,4,125,109,16,24.0
179940,2999,2999,4,125,109,16,24.0
180000,3000,3000,4,125,109,16,24.0
180060,3001,3001,4,125,109,16,24.0
180120,3002,3002,4,125,109,16,24.0
180180,3003,3003,4,125,109,16,24.0
180240,3004,3004,4,125,109,16,24.0
180300,3005,3005,4,125,109,16,24.0
180360,3006,3006,4,125,109,16,24.0
180420,3007,3007,4,125,109,16,24.0
180480,3008,3008,4,125,109,16,24.0
180540,3009,3009,4,125,109,16,24.0
180600,3010,3010,4,125,109,16,24.0
180660,3011,3011,4,125,109,16,24.0
180720,3012,3012,4,125,109,16,24.0
180780,3013,3013,4,125,109,16,24.0
180840,3014,3014,4,125,109,16,24.0
180900,3015,3015,4,125,109,16,24.0
180960,3016,3016,4,125,109,16,24.0
181020,3017,3017,4,125,109,16,24.0
181080,3018,3018,4,125,109,16,24.0
181140,3019,3019,4,125,109,16,24.0
181200,3020,3020,4,125,109,16,24.0
181260,3021,3021,4,125,109,16,24.0
181320,3022,3022,4,125,109,16,24.0
181380,3023,3023,4,125,109,16,24.0
181440,3024,3024,4,125,109,16,24.0
181500,3025,3025,4,125,109,16,24.0
181560,3026,3026,4,125,109,16,24.0
181620,3027,3027,4,125,109,16,24.0
181680,3028,3028,4,125,109,16,24.0
181740,3029,3029,4,125,109,16,24.0
181800,3030,3030,4,125,109,16,24.0
181860,3031,3031,4,125,109,16,24.0
181920,3032,3032,4,125,109,16,24.0
181980,3033,3033,4,125,109,16,24.0
182040,3034,3034,4,125,109,16,24.0
182100,3035,3035,4,125,109,16,24.0
182160,3036,3036,4,125,109,16,24.0
182220,3037,3037,4,125,109,16,24.0
182280,3038,3038,4,125,109,16,24.0
182340,3039,3039,4,125,109,16,24.0
182400,3040,3040,4,125,109,16,24.0
182460,3041,3041,4,125,109,16,24.0
182520,3042,3042,4,125,109,16,24.0
182580,3043,3043,4,125,109,16,24.0
182640,3044,3044,4,125,109,16,24.0
182700,3045,3045,4,125,109,16,24.0
182760,3046,3046,4,125,109,16,24.0
182820,3047,3047,4,125,109,16,24.0
182880,3048,3048,4,125,109,16,24.0
182940,3049,3049,4,125,109,16,24.0
183000,3050,3050,4,125,109,16,24.0
183060,3051,3051,4,125,109,16,24.0
183120,3052,3052,4,125,109,16,24.0
183180,3053,3053,4,125,109,16,24.0
183240,3054,3054,4,125,109,16,24.0
183300,3055,3055,4,125,109,16,24.0
183360,3056,3056,4,125,109,16,24.0
183420,3057,3057,4,125,109,16,24.0
183480,3058,3058,4,125,109,16,24.0
183540,3059,3059,4,125,109,16,24.0
183600,3060,3060,4,125,109,16,24.0
183660,3061,3061,4,125,109,16,24.0
183720,3062,3062,4,125,109,16,24.0
183780,3063,3063,4,125,109,16,24.0
183840,3064,3064,4,125,109,16,24.0
183900,3065,3065,4,125,109,16,24.0
183960,3066,3066,4,125,109,16,24.0
184020,3067,3067,4,125,109,16,24.0
184080,3068,3068,4,125,109,16,24.0
184140,3069,3069,4,125,109,16,24.0
184200,3070,3070,4,125,109,16,24.0
184260,3071,3071,4,125,109,16,24.0
184320,3072,3072,4,125,109,16,24.0
184380,3073,3073,4,125,109,16,24.0
184440,3074,3074,4,125,109,16,24.0
184500,3075,3075,4,125,109,16,24.0
184560,3076,3076,4,125,109,16,24.0
184620,3077,3077,4,125,109,16,24.0
184680,3078,3078,4,125,109,16,24.0
184740,3079,3079,4,125,109,16,24.0
184800,3080,3080,4,125,109,16,24.0
184860,3081,3081,4,125,109,16,24.0
184920,3082,3082,4,125,109,16,24.0
184980,3083,3083,4,125,109,16,24.0
185040,3084,3084,4,125,109,16,24.0
185100,3085,3085,4,125,109,16,24.0
185160,3086,3086,4,125,109,16,24.0
185220,3087,3087,4,125,109,16,24.0
185280,3088,3088,4,125,109,16,24.0
185340,3089,3089,4,125,109,16,24.0
185400,3090,3090,4,125,109,16,24.0
185460,3091,3091,4,125,109,16,24.0
185520,3092,3092,4,125,109,16,24.0
185580,3093,3093,4,125,109,16,24.0
185640,3094,3094,4,125,109,16,24.0
185700,3095,3095,4,125,109,16,24.0
185760,3096,3096,4,125,109,16,24.0
185820,3097,3097,4,125,109,16,24.0
185880,3098,3098,4,125,109,16,24.0
185940,3099,3099,4,125,109,16,24.0
186000,3100,3100,4,125,109,16,24.0
186060,3101,3101,4,125,109,16,24.0
186120,3102,3102,4,125,109,16,24.0
186180,3103,3103,4,125,109,16,24.0
186240,3104,3104,4,125,109,16,24.0
186300,3105,3105,4,125,109,16,24.0
186360,3106,3106,4,125,109,16,24.0
186420,3107,3107,4,125,109,16,24.0
186480,3108,3108,4,125,109,16,24.0
186540,3109,3109,4,125,109,16,24.0
186600,3110,3110,4,125,109,16,24.0
186660,3111,3111,4,125,109,16,24.0
186720,3112,3112,4,125,109,16,24.0
186780,3113,3113,4,125,109,16,24.0
186840,3114,3114,4,125,109,16,24.0
186900,3115,3115,4,125,109,16,24.0
186960,3116,3116,4,125,109,16,24.0
187020,3117,3117,4,125,109,16,24.0
187080,3118,3118,4,125,109,16,24.0
187140,3119,3119,4,125,109,16,24.0
187200,3120,3120,4,125,109,16,24.0
187260,3121,3121,4,125,109,16,24.0
187320,3122,3122,4,125,109,16,24.0
187380,3123,3123,4,125,109,16,24.0
187440,3124,3124,4,125,109,16,24.0
187500,3125,3125,4,125,109,16,24.0
187560,3126,3126,4,125,109,16,24.0
187620,3127,3127,4,125,109,16,24.0
187680,3128,3128,4,125,109,16,24.0
187740,3129,3129,4,125,109,16,24.0
187800,3130,3130,4,125,109,16,24.0
187860,3131,3131,4,125,109,16,24.0
187920,3132,3132,4,125,109,16,24.0
187980,3133,3133,4,125,109,16,24.0
188040,3134,3134,4,125,109,16,24.0
188100,3135,3135,4,125,109,16,24.0
188160,3136,3136,4,125,109,16,24.0
188220,3137,3137,4,125,109,16,24.0
188280,3138,3138,4,125,109,16,24.0
188340,3139,3139,4,125,109,16,24.0
188400,3140,3140,4,125,109,16,24.0
188460,3141,3141,4,125,109,16,24.0
188520,3142,3142,4,125,109,16,24.0
188580,3143,3143,4,125,109,16,24.0
188640,3144,3144,4,125,109,16,24.0
188700,3145,3145,4,125,109,16,24.0
188760,3146,3146,4,125,109,16,24.0
188820,3147,3147,4,125,109,16,24.0
188880,3148,3148,4,125,109,16,24.0
188940,3149,3149,4,125,109,16,24.0
189000,3150,3150,4,125,109,16,24.0
189060,3151,3151,4,125,109,16,24.0
189120,3152,3152,4,125,109,16,24.0
189180,3153,3153,4,125,109,16,24.0
189240,3154,3154,4,125,109,16,24.0
189300,3155,3155,4,125,109,16,24.0
189360,3156,3156,4,125,109,16,24.0
189420,3157,3157,4,125,109,16,24.0
189480,3158,3158,4,125,109,16,24.0
189540,3159,3159,4,125,109,16,24.0
189600,3160,3160,4,125,109,16,24.0
189660,3161,3161,4,125,109,16,24.0
189720,3162,3162,4,125,109,16,24.0
189780,3163,3163,4,125,109,16,24.0
189840,3164,3164,4,125,109,16,24.0
189900,3165,3165,4,125,109,16,24.0
189960,3166,3166,4,125,109,16,24.0
190020,3167,3167,4,125,109,16,24.0
190080,3168,3168,4,125,109,16,24.0
190140,3169,3169,4,125,109,16,24.0
190200,3170,3170,4,125,109,16,24.0
190260,3171,3171,4,125,109,16,24.0
190320,3172,3172,4,125,109,16,24.0
190380,3173,3173,4,125,109,16,24.0
190440,3174,3174,4,125,109,16,24.0
190500,3175,3175,4,125,109,16,24.0
190560,3176,3176,4,125,109,16,24.0
190620,3177,3177,4,125,109,16,24.0
190680,3178,3178,4,125,109,16,24.0
190740,3179,3179,4,125,109,16,24.0
190800,3180,3180,4,125,109,16,24.0
190860,3181,3181,4,125,109,16,24.0
190920,3182,3182,4,125,109,16,24.0
190980,3183,3183,4,125,109,16,24.0
191040,3184,3184,4,125,109,16,24.0
191100,3185,3185,4,125,109,16,24.0
191160,3186,3186,4,125,109,16,24.0
191220,3187,3187,4,125,109,16,24.0
191280,3188,3188,4,125,109,16,24.0
191340,3189,3189,4,125,109,16,24.0
191400,3190,3190,4,125,109,16,24.0
191460,3191,3191,4,125,109,16,24.0
191520,3192,3192,4,125,109,16,24.0
191580,3193,3193,4,125,109,16,24.0
191640,3194,3194,4,125,109,16,24.0
191700,3195,3195,4,125,109,16,24.0
191760,3196,3196,4,125,109,16,24.0
191820,3197,3197,4,125,109,16,24.0
191880,3198,3198,4,125,109,16,24.0
191940,3199,3199,4,125,109,16,24.0
192000,3200,3200,4,125,109,16,24.0
192060,3201,3201,4,125,109,16,24.0
192120,3202,3202,4,125,109,16,24.0
192180,3203,3203,4,125,109,16,24.0
192240,3204,3204,4,125,109,16,24.0
192300,3205,3205,4,125,109,16,24.0
192360,3206,3206,4,125,109,16,24.0
192420,3207,3207,4,125,109,16,24.0
192480,3208,3208,4,125,109,16,24.0
192540,3209,3209,4,125,109,16,24.0
192600,3210,3210,4,125,109,16,24.0
192660,3211,3211,4,125,109,16,24.0
192720,3212,3212,4,125,109,16,24.0
192780,3213,3213,4,125,109,16,24.0
192840,3214,3214,4,125,109,16,24.0
192900,3215,3215,4,125,109,16,24.0
192960,3216,3216,4,125,109,16,24.0
193020,3217,3217,4,125,109,16,24.0
193080,3218,3218,4,125,109,16,24.0
193140,3219,3219,4,125,109,16,24.0
193200,3220,3220,4,125,109,16,24.0
193260,3221,3221,4,125,109,16,24.0
193320,3222,3222,4,125,109,16,24.0
193380,3223,3223,4,125,109,16,24.0
193440,3224,3224,4,125,109,16,24.0
193500,3225,3225,4,125,109,16,24.0
193560,3226,3226,4,125,109,16,24.0
193620,3227,3227,4,125,109,16,24.0
193680,3228,3228,4,125,109,16,24.0
193740,3229,3229,4,125,109,16,24.0
193800,3230,3230,4,125,109,16,24.0
193860,3231,3231,4,125,109,16,24.0
193920,3232,3232,4,125,109,16,24.0
193980,3233,3233,4,125,109,16,24.0
194040,3234,3234,4,125,109,16,24.0
194100,3235,3235,4,125,109,16,24.0
194160,3236,3236,4,125,109,16,24.0
194220,3237,3237,4,125,109,16,24.0
194280,3238,3238,4,125,109,16,24.0
194340,3239,3239,4,125,109,16,24.0
194400,3240,3240,4,125,109,16,24.0
194460,3241,3241,4,125,109,16,24.0
194520,3242,3242,4,125,109,16,24.0
194580,3243,3243,4,125,109,16,24.0
194640,3244,3244,4,125,109,16,24.0
194700,3245,3245,4,125,109,16,24.0
194760,3246,3246,4,125,109,16,24.0
194820,3247,3247,4,125,109,16,24.0
194880,3248,3248,4,125,109,16,24.0
194940,3249,3249,4,125,109,16,24.0
195000,3250,3250,4,125,109,16,24.0
195060,3251,3251,4,125,109,16,24.0
195120,3252,3252,4,125,109,16,24.0
195180,3253,3253,4,125,109,16,24.0
195240,3254,3254,4,125,109,16,24.0
195300,3255,3255,4,125,109,16,24.0
195360,3256,3256,4,125,109,16,24.0
195420,3257,3257,4,125,109,16,24.0
195480,3258,3258,4,125,109,16,24.0
195540,3259,3259,4,125,109,16,24.0
195600,3260,3260,4,125,109,16,24.0
195660,3261,3261,4,125,109,16,24.0
195720,3262,3262,4,125,109,16,24.0
195780,3263,3263,4,125,109,16,24.0
195840,3264,3264,4,125,109,16,24.0
195900,3265,3265,4,125,109,16,24.0
195960,3266,3266,4,125,109,16,24.0
196020,3267,3267,4,125,109,16,24.0
196080,3268,3268,4,125,109,16,24.0
196140,3269,3269,4,125,109,16,24.0
196200,3270,3270,4,125,109,16,24.0
196260,3271,3271,4,125,109,16,24.0
196320,3272,3272,4,125,109,16,24.0
196380,3273,3273,4,125,109,16,24.0
196440,3274,3274,4,125,109,16,24.0
196500,3275,3275,4,125,109,16,24.0
196560,3276,3276,4,125,109,16,24.0
196620,3277,3277,4,125,109,16,24.0
196680,3278,3278,4,125,109,16,24.0
196740,3279,3279,4,125,109,16,24.0
196800,3280,3280,4,125,109,16,24.0
196860,3281,3281,4,125,109,16,24.0
196920,3282,3282,4,125,109,16,24.0
196980,3283,3283,4,125,109,16,24.0
197040,3284,3284,4,125,109,16,24.0
197100,3285,3285,4,125,109,16,24.0
197160,3286,3286,4,125,109,16,24.0
197220,3287,3287,4,125,109,16,24.0
197280,3288,3288,4,125,109,16,24.0
197340,3289,3289,4,125,109,16,24.0
197400,3290,3290,4,125,109,16,24.0
197460,3291,3291,4,125,109,16,24.0
197520,3292,3292,4,125,109,16,24.0
197580,3293,3293,4,125,109,16,24.0
197640,3294,3294,4,125,109,16,24.0
197700,3295,3295,4,125,109,16,24.0
197760,3296,3296,4,125,109,16,24.0
197820,3297,3297,4,125,109,16,24.0
197880,3298,3298,4,125,109,16,24.0
197940,3299,3299,4,125,109,16,24.0
198000,3300,3300,4,125,109,16,24.0
198060,3301,3301,4,125,109,16,24.0
198120,3302,3302,4,125,109,16,24.0
198180,3303,3303,4,125,109,16,24.0
198240,3304,3304,4,125,109,16,24.0
198300,3305,3305,4,125,109,16,24.0
198360,3306,3306,4,125,109,16,24.0
198420,3307,3307,4,125,109,16,24.0
198480,3308,3308,4,125,109,16,24.0
198540,3309,3309,4,125,109,16,24.0
198600,3310,3310,4,125,109,16,24.0
198660,3311,3311,4,125,109,16,24.0
198720,3312,3312,4,125,109,16,24.0
198780,3313,3313,4,125,109,16,24.0
198840,3314,3314,4,125,109,16,24.0
198900,3315,3315,4,125,109,16,24.0
198960,3316,3316,4,125,109,16,24.0
199020,3317,3317,4,125,109,16,24.0
199080,3318,3318,4,125,109,16,24.0
199140,3319,3319,4,125,109,16,24.0
199200,3320,3320,4,125,109,16,24.0
199260,3321,3321,4,125,109,16,24.0
199320,3322,3322,4,125,109,16,24.0
199380,3323,3323,4,125,109,16,24.0
199440,3324,3324,4,125,109,16,24.0
199500,3325,3325,4,125,109,16,24.0
199560,3326,3326,4,125,109,16,24.0
199620,3327,3327,4,125,109,16,24.0
199680,3328,3328,4,125,109,16,24.0
199740,3329,3329,4,125,109,16,24.0
199800,3330,3330,4,125,109,16,24.0
199860,3331,3331,4,125,109,16,24.0
199920,3332,3332,4,125,109,16,24.0
199980,3333,3333,4,125,109,16,24.0
200040,3334,3334,4,125,109,16,24.0
200100,3335,3335,4,125,109,16,24.0
200160,3336,3336,4,125,109,16,24.0
200220,3337,3337,4,125,109,16,24.0
200280,3338,3338,4,125,109,16,24.0
200340,3339,3339,4,125,109,16,24.0
200400,3340,3340,4,125,109,16,24.0
200460,3341,3341,4,125,109,16,24.0
200520,3342,3342,4,125,109,16,24.0
200580,3343,3343,4,125,109,16,24.0
200640,3344,3344,4,125,109,16,24.0
200700,3345,3345,4,125,109,16,24.0
200760,3346,3346,4,125,109,16,24.0
200820,3347,3347,4,125,109,16,24.0
200880,3348,3348,4,125,109,16,24.0
200940,3349,3349,4,125,109,16,24.0
201000,3350,3350,4,125,109,16,24.0
201060,3351,3351,4,125,109,16,24.0
201120,3352,3352,4,125,109,16,24.0
201180,3353,3353,4,125,109,16,24.0
201240,3354,3354,4,125,109,16,24.0
201300,3355,3355,4,125,109,16,24.0
201360,3356,3356,4,125,109,16,24.0
201420,3357,3357,4,125,109,16,24.0
201480,3358,3358,4,125,109,16,24.0
201540,3359,3359,4,125,109,16,24.0
201600,3360,3360,4,125,109,16,24.0
201660,3361,3361,4,125,109,16,24.0
201720,3362,3362,4,125,109,16,24.0
201780,3363,3363,4,125,109,16,24.0
201840,3364,3364,4,125,109,16,24.0
201900,3365,3365,4,125,109,16,24.0
201960,3366,3366,4,125,109,16,24.0
202020,3367,3367,4,125,109,16,24.0
202080,3368,3368,4,125,109,16,24.0
202140,3369,3369,4,125,109,16,24.0
202200,3370,3370,4,125,109,16,24.0
202260,3371,3371,4,125,109,16,24.0
202320,3372,3372,4,125,109,16,24.0
202380,3373,3373,4,125,109,16,24.0
202440,3374,3374,4,125,109,16,24.0
202500,3375,3375,4,125,109,16,24.0
202560,3376,3376,4,125,109,16,24.0
202620,3377,3377,4,125,109,16,24.0
202680,3378,3378,4,125,109,16,24.0
202740,3379,3379,4,125,109,16,24.0
202800,3380,3380,4,125,109,16,24.0
202860,3381,3381,4,125,109,16,24.0
202920,3382,3382,4,125,109,16,24.0
202980,3383,3383,4,125,109,16,24.0
203040,3384,3384,4,125,109,16,24.0
203100,3385,3385,4,125,109,16,24.0
203160,3386,3386,4,125,109,16,24.0
203220,3387,3387,4,125,109,16,24.0
203280,3388,3388,4,125,109,16,24.0
203340,3389,3389,4,125,109,16,24.0
203400,3390,3390,4,125,109,16,24.0
203460,3391,3391,4,125,109,16,24.0
203520,3392,3392,4,125,109,16,24.0
203580,3393,3393,4,125,109,16,24.0
203640,3394,3394,4,125,109,16,24.0
203700,3395,3395,4,125,109,16,24.0
203760,3396,3396,4,125,109,16,24.0
203820,3397,3397,4,125,109,16,24.0
203880,3398,3398,4,125,109,16,24.0
203940,3399,3399,4,125,109,16,24.0
204000,3400,3400,4,125,109,16,24.0
204060,3401,3401,4,125,109,16,24.0
204120,3402,3402,4,125,109,16,24.0
204180,3403,3403,4,125,109,16,24.0
204240,3404,3404,4,125,109,16,24.0
204300,3405,3405,4,125,109,16,24.0
204360,3406,3406,4,125,109,16,24.0
204420,3407,3407,4,125,109,16,24.0
204480,3408,3408,4,125,109,16,24.0
204540,3409,3409,4,125,109,16,24.0
204600,3410,3410,4,125,109,16,24.0
204660,3411,3411,4,125,109,16,24.0
204720,3412,3412,4,125,109,16,24.0
204780,3413,3413,4,125,109,16,24.0
204840,3414,3414,4,125,109,16,24.0
204900,3415,3415,4,125,109,16,24.0
204960,3416,3416,4,125,109,16,24.0
205020,3417,3417,4,125,109,16,24.0
205080,3418,3418,4,125,109,16,24.0
205140,3419,3419,4,125,109,16,24.0
205200,3420,3420,4,125,109,16,24.0
205260,3421,3421,4,125,109,16,24.0
205320,3422,3422,4,125,109,16,24.0
205380,3423,3423,4,125,109,16,24.0
205440,3424,3424,4,125,109,16,24.0
205500,3425,3425,4,125,109,16,24.0
205560,3426,3426,4,125,109,16,24.0
205620,3427,3427,4,125,109,16,24.0
205680,3428,3428,4,125,109,16,24.0
205740,3429,3429,4,125,109,16,24.0
205800,3430,3430,4,125,109,16,24.0
205860,3431,3431,4,125,109,16,24.0
205920,3432,3432,4,125,109,16,24.0
205980,3433,3433,4,125,109,16,24.0
206040,3434,3434,4,125,109,16,24.0
206100,3435,3435,4,125,109,16,24.0
206160,3436,3436,4,125,109,16,24.0
206220,3437,3437,4,125,109,16,24.0
206280,3438,3438,4,125,109,16,24.0
206340,3439,3439,4,125,109,16,24.0
206400,3440,3440,4,125,109,16,24.0
206460,3441,3441,4,125,109,16,24.0
206520,3442,3442,4,125,109,16,24.0
206580,3443,3443,4,125,109,16,24.0
206640,3444,3444,4,125,109,16,24.0
206700,3445,3445,4,125,109,16,24.0
206760,3446,3446,4,125,109,16,24.0
206820,3447,3447,4,125,109,16,24.0
206880,3448,3448,4,125,109,16,24.0
206940,3449,3449,4,125,109,16,24.0
207000,3450,3450,4,125,109,16,24.0
207060,3451,3451,4,125,109,16,24.0
207120,3452,3452,4,125,109,16,24.0
207180,3453,3453,4,125,109,16,24.0
207240,3454,3454,4,125,109,16,24.0
207300,3455,3455,4,125,109,16,24.0
207360,3456,3456,4,125,109,16,24.0
207420,3457,3457,4,125,109,16,24.0
207480,3458,3458,4,125,109,16,24.0
207540,3459,3459,4,125,109,16,24.0
207600,3460,3460,4,125,109,16,24.0
207660,3461,3461,4,125,109,16,24.0
207720,3462,3462,4,125,109,16,24.0
207780,3463,3463,4,125,109,16,24.0
207840,3464,3464,4,125,109,16,24.0
207900,3465,3465,4,125,109,16,24.0
207960,3466,3466,4,125,109,16,24.0
208020,3467,3467,4,125,109,16,24.0
208080,3468,3468,4,125,109,16,24.0
208140,3469,3469,4,125,109,16,24.0
208200,3470,3470,4,125,109,16,24.0
208260,3471,3471,4,125,109,16,24.0
208320,3472,3472,4,125,109,16,24.0
208380,3473,3473,4,125,109,16,24.0
208440,3474,3474,4,125,109,16,24.0
208500,3475,3475,4,125,109,16,24.0
208560,3476,3476,4,125,109,16,24.0
208620,3477,3477,4,125,109,16,24.0
208680,3478,3478,4,125,109,16,24.0
208740,3479,3479,4,125,109,16,24.0
208800,3480,3480,4,125,109,16,24.0
208860,3481,3481,4,125,109,16,24.0
208920,3482,3482,4,125,109,16,24.0
208980,3483,3483,4,125,109,16,24.0
209040,3484,3484,4,125,109,16,24.0
209100,3485,3485,4,125,109,16,24.0
209160,3486,3486,4,125,109,16,24.0
209220,3487,3487,4,125,109,16,24.0
209280,3488,3488,4,125,109,16,24.0
209340,3489,3489,4,125,109,16,24.0
209400,3490,3490,4,125,109,16,24.0
209460,3491,3491,4,125,109,16,24.0
209520,3492,3492,4,125,109,16,24.0
209580,3493,3493,4,125,109,16,24.0
209640,3494,3494,4,125,109,16,24.0
209700,3495,3495,4,125,109,16,24.0
209760,3496,3496,4,125,109,16,24.0
209820,3497,3497,4,125,109,16,24.0
209880,3498,3498,4,125,109,16,24.0
209940,3499,3499,4,125,109,16,24.0
210000,3500,3500,4,125,109,16,24.0
210060,3501,3501,4,125,109,16,24.0
210120,3502,3502,4,125,109,16,24.0
210180,3503,3503,4,125,109,16,24.0
210240,3504,3504,4,125,109,16,24.0
210300,3505,3505,4,125,109,16,24.0
210360,3506,3506,4,125,109,16,24.0
210420,3507,3507,4,125,109,16,24.0
210480,3508,3508,4,125,109,16,24.0
210540,3509,3509,4,125,109,16,24.0
210600,3510,3510,4,125,109,16,24.0
210660,3511,3511,4,125,109,16,24.0
210720,3512,3512,4,125,109,16,24.0
210780,3513,3513,4,125,109,16,24.0
210840,3514,3514,4,125,109,16,24.0
210900,3515,3515,4,125,109,16,24.0
210960,3516,3516,4,125,109,16,24.0
211020,3517,3517,4,125,109,16,24.0
211080,3518,3518,4,125,109,16,24.0
211140,3519,3519,4,125,109,16,24.0
211200,3520,3520,4,125,109,16,24.0
211260,3521,3521,4,125,109,16,24.0
211320,3522,3522,4,125,109,16,24.0
211380,3523,3523,4,125,109,16,24.0
211440,3524,3524,4,125,109,16,24.0
211500,3525,3525,4,125,109,16,24.0
211560,3526,3526,4,125,109,16,24.0
211620,3527,3527,4,125,109,16,24.0
211680,3528,3528,4,125,109,16,24.0
211740,3529,3529,4,125,109,16,24.0
211800,3530,3530,4,125,109,16,24.0
211860,3531,3531,4,125,109,16,24.0
211920,3532,3532,4,125,109,16,24.0
211980,3533,3533,4,125,109,16,24.0
212040,3534,3534,4,125,109,16,24.0
212100,3535,3535,4,125,109,16,24.0
212160,3536,3536,4,125,109,16,24.0
212220,3537,3537,4,125,109,16,24.0
212280,3538,3538,4,125,109,16,24.0
212340,3539,3539,4,125,109,16,24.0
212400,3540,3540,4,125,109,16,24.0
212460,3541,3541,4,125,109,16,24.0
212520,3542,3542,4,125,109,16,24.0
212580,3543,3543,4,125,109,16,24.0
212640,3544,3544,4,125,109,16,24.0
212700,3545,3545,4,125,109,16,24.0
212760,3546,3546,4,125,109,16,24.0
212820,3547,3547,4,125,109,16,24.0
212880,3548,3548,4,125,109,16,24.0
212940,3549,3549,4,125,109,16,24.0
213000,3550,3550,4,125,109,16,24.0
213060,3551,3551,4,125,109,16,24.0
213120,3552,3552,4,125,109,16,24.0
213180,3553,3553,4,125,109,16,24.0
213240,3554,3554,4,125,109,16,24.0
213300,3555,3555,4,125,109,16,24.0
213360,3556,3556,4,125,109,16,24.0
213420,3557,3557,4,125,109,16,24.0
213480,3558,3558,4,125,109,16,24.0
213540,3559,3559,4,125,109,16,24.0
213600,3560,3560,4,125,109,16,24.0
213660,3561,3561,4,125,109,16,24.0
213720,3562,3562,4,125,109,16,24.0
213780,3563,3563,4,125,109,16,24.0
213840,3564,3564,4,125,109,16,24.0
213900,3565,3565,4,125,109,16,24.0
213960,3566,3566,4,125,109,16,24.0
214020,3567,3567,4,125,109,16,24.0
214080,3568,3568,4,125,109,16,24.0
214140,3569,3569,4,125,109,16,24.0
214200,3570,3570,4,125,109,16,24.0
214260,3571,3571,4,125,109,16,24.0
214320,3572,3572,4,125,109,16,24.0
214380,3573,3573,4,125,109,16,24.0
214440,3574,3574,4,125,109,16,24.0
214500,3575,3575,4,125,109,16,24.0
214560,3576,3576,4,125,109,16,24.0
214620,3577,3577,4,125,109,16,24.0
214680,3578,3578,4,125,109,16,24.0
214740,3579,3579,4,125,109,16,24.0
214800,3580,3580,4,125,109,16,24.0
214860,3581,3581,4,125,109,16,24.0
214920,3582,3582,4,125,109,16,24.0
214980,3583,3583,4,125,109,16,24.0
215040,3584,3584,4,125,109,16,24.0
215100,3585,3585,4,125,109,16,24.0
215160,3586,3586,4,125,109,16,24.0
215220,3587,3587,4,125,109,16,24.0
215280,3588,3588,4,125,109,16,24.0
215340,3589,3589,4,125,109,16,24.0
215400,3590,3590,4,125,109,16,24.0
215460,3591,3591,4,125,109,16,24.0
215520,3592,3592,4,125,109,16,24.0
215580,3593,3593,4,125,109,16,24.0
215640,3594,3594,4,125,109,16,24.0
215700,3595,3595,4,125,109,16,24.0
215760,3596,3596,4,125,109,16,24.0
215820,3597,3597,4,125,109,16,24.0
215880,3598,3598,4,125,109,16,24.0
215940,3599,3599,4,125,109,16,24.0
216000,3600,3600,4,125,109,16,24.0
216060,3601,3601,4,125,109,16,24.0
216120,3602,3602,4,125,109,16,24.0
216180,3603,3603,4,125,109,16,24.0
216240,3604,3604,4,125,109,16,24.0
216300,3605,3605,4,125,109,16,24.0
216360,3606,3606,4,125,109,16,24.0
216420,3607,3607,4,125,109,16,24.0
216480,3608,3608,4,125,109,16,24.0
216540,3609,3609,4,125,109,16,24.0
216600,3610,3610,4,125,109,16,24.0
216660,3611,3611,4,125,109,16,24.0
216720,3612,3612,4,125,109,16,24.0
216780,3613,3613,4,125,109,16,24.0
216840,3614,3614,4,125,109,16,24.0
216900,3615,3615,4,125,109,16,24.0
216960,3616,3616,4,125,109,16,24.0
217020,3617,3617,4,125,109,16,24.0
217080,3618,3618,4,125,109,16,24.0
217140,3619,3619,4,125,109,16,24.0
217200,3620,3620,4,125,109,16,24.0
217260,3621,3621,4,125,109,16,24.0
217320,3622,3622,4,125,109,16,24.0
217380,3623,3623,4,125,109,16,24.0
217440,3624,3624,4,125,109,16,24.0
217500,3625,3625,4,125,109,16,24.0
217560,3626,3626,4,125,109,16,24.0
217620,3627,3627,4,125,109,16,24.0
217680,3628,3628,4,125,109,16,24.0
217740,3629,3629,4,125,109,16,24.0
217800,3630,3630,4,125,109,16,24.0
217860,3631,3631,4,125,109,16,24.0
217920,3632,3632,4,125,109,16,24.0
217980,3633,3633,4,125,109,16,24.0
218040,3634,3634,4,125,109,16,24.0
218100,3635,3635,4,125,109,16,24.0
218160,3636,3636,4,125,109,16,24.0
218220,3637,3637,4,125,109,16,24.0
218280,3638,3638,4,125,109,16,24.0
218340,3639,3639,4,125,109,16,24.0
218400,3640,3640,4,125,109,16,24.0
218460,3641,3641,4,125,109,16,24.0
218520,3642,3642,4,125,109,16,24.0
218580,3643,3643,4,125,109,16,24.0
218640,3644,3644,4,125,109,16,24.0
218700,3645,3645,4,125,109,16,24.0
218760,3646,3646,4,125,109,16,24.0
218820,3647,3647,4,125,109,16,24.0
218880,3648,3648,4,125,109,16,24.0
218940,3649,3649,4,125,109,16,24.0
219000,3650,3650,4,125,109,16,24.0
219060,3651,3651,4,125,109,16,24.0
219120,3652,3652,4,125,109,16,24.0
219180,3653,3653,4,125,109,16,24.0
219240,3654,3654,4,125,109,16,24.0
219300,3655,3655,4,125,109,16,24.0
219360,3656,3656,4,125,109,16,24.0
219420,3657,3657,4,125,109,16,24.0
219480,3658,3658,4,125,109,16,24.0
219540,3659,3659,4,125,109,16,24.0
219600,3660,3660,4,125,109,16,24.0
219660,3661,3661,4,125,109,16,24.0
219720,3662,3662,4,125,109,16,24.0
219780,3663,3663,4,125,109,16,24.0
219840,3664,3664,4,125,109,16,24.0
219900,3665,3665,4,125,109,16,24.0
219960,3666,3666,4,125,109,16,24.0
220020,3667,3667,4,125,109,16,24.0
220080,3668,3668,4,125,109,16,24.0
220140,3669,3669,4,125,109,16,24.0
220200,3670,3670,4,125,109,16,24.0
220260,3671,3671,4,125,109,16,24.0
220320,3672,3672,4,125,109,16,24.0
220380,3673,3673,4,125,109,16,24.0
220440,3674,3674,4,125,109,16,24.0
220500,3675,3675,4,125,109,16,24.0
220560,3676,3676,4,125,109,16,24.0
220620,3677,3677,4,125,109,16,24.0
220680,3678,3678,4,125,109,16,24.0
220740,3679,3679,4,125,109,16,24.0
220800,3680,3680,4,125,109,16,24.0
220860,3681,3681,4,125,109,16,24.0
220920,3682,3682,4,125,109,16,24.0
220980,3683,3683,4,125,109,16,24.0
221040,3684,3684,4,125,109,16,24.0
221100,3685,3685,4,125,109,16,24.0
221160,3686,3686,4,125,109,16,24.0
221220,3687,3687,4,125,109,16,24.0
221280,3688,3688,4,125,109,16,24.0
221340,3689,3689,4,125,109,16,24.0
221400,3690,3690,4,125,109,16,24.0
221460,3691,3691,4,125,109,16,24.0
221520,3692,3692,4,125,109,16,24.0
221580,3693,3693,4,125,109,16,24.0
221640,3694,3694,4,125,109,16,24.0
221700,3695,3695,4,125,109,16,24.0
221760,3696,3696,4,125,109,16,24.0
221820,3697,3697,4,125,109,16,24.0
221880,3698,3698,4,125,109,16,24.0
221940,3699,3699,4,125,109,16,24.0
222000,3700,3700,4,125,109,16,24.0
222060,3701,3701,4,125,109,16,24.0
222120,3702,3702,4,125,109,16,24.0
222180,3703,3703,4,125,109,16,24.0
222240,3704,3704,4,125,109,16,24.0
222300,3705,3705,4,125,109,16,24.0
222360,3706,3706,4,125,109,16,24.0
222420,3707,3707,4,125,109,16,24.0
222480,3708,3708,4,125,109,16,24.0
222540,3709,3709,4,125,109,16,24.0
222600,3710,3710,4,125,109,16,24.0
222660,3711,3711,4,125,109,16,24.0
222720,3712,3712,4,125,109,16,24.0
222780,3713,3713,4,125,109,16,24.0
222840,3714,3714,4,125,109,16,24.0
222900,3715,3715,4,125,109,16,24.0
222960,3716,3716,4,125,109,16,24.0
223020,3717,3717,4,125,109,16,24.0
223080,3718,3718,4,125,109,16,24.0
223140,3719,3719,4,125,109,16,24.0
223200,3720,3720,4,125,109,16,24.0
223260,3721,3721,4,125,109,16,24.0
223320,3722,3722,4,125,109,16,24.0
223380,3723,3723,4,125,109,16,24.0
223440,3724,3724,4,125,109,16,24.0
223500,3725,3725,4,125,109,16,24.0
223560,3726,3726,4,125,109,16,24.0
223620,3727,3727,4,125,109,16,24.0
223680,3728,3728,4,125,109,16,24.0
223740,3729,3729,4,125,109,16,24.0
223800,3730,3730,4,125,109,16,24.0
223860,3731,3731,4,125,109,16,24.0
223920,3732,3732,4,125,109,16,24.0
223980,3733,3733,4,125,109,16,24.0
224040,3734,3734,4,125,109,16,24.0
224100,3735,3735,4,125,109,16,24.0
224160,3736,3736,4,125,109,16,24.0
224220,3737,3737,4,125,109,16,24.0
224280,3738,3738,4,125,109,16,24.0
224340,3739,3739,4,125,109,16,24.0
224400,3740,3740,4,125,109,16,24.0
224460,3741,3741,4,125,109,16,24.0
224520,3742,3742,4,125,109,16,24.0
224580,3743,3743,4,125,109,16,24.0
224640,3744,3744,4,125,109,16,24.0
224700,3745,3745,4,125,109,16,24.0
224760,3746,3746,4,125,109,16,24.0
224820,3747,3747,4,125,109,16,24.0
224880,3748,3748,4,125,109,16,24.0
224940,3749,3749,4,125,109,16,24.0
225000,3750,3750,4,125,109,16,24.0
225060,3751,3751,4,125,109,16,24.0
225120,3752,3752,4,125,109,16,24.0
225180,3753,3753,4,125,109,16,24.0
225240,3754,3754,4,125,109,16,24.0
225300,3755,3755,4,125,109,16,24.0
225360,3756,3756,4,125,109,16,24.0
225420,3757,3757,4,125,109,16,24.0
225480,3758,3758,4,125,109,16,24.0
225540,3759,3759,4,125,109,16,24.0
225600,3760,3760,4,125,109,16,24.0
225660,3761,3761,4,125,109,16,24.0
225720,3762,3762,4,125,109,16,24.0
225780,3763,3763,4,125,109,16,24.0
225840,3764,3764,4,125,109,16,24.0
225900,3765,3765,4,125,109,16,24.0
225960,3766,3766,4,125,109,16,24.0
226020,3767,3767,4,125,109,16,24.0
226080,3768,3768,4,125,109,16,24.0
226140,3769,3769,4,125,109,16,24.0
226200,3770,3770,4,125,109,16,24.0
226260,3771,3771,4,125,109,16,24.0
226320,3772,3772,4,125,109,16,24.0
226380,3773,3773,4,125,109,16,24.0
226440,3774,3774,4,125,109,16,24.0
226500,3775,3775,4,125,109,16,24.0
226560,3776,3776,4,125,109,16,24.0
226620,3777,3777,4,125,109,16,24.0
226680,3778,3778,4,125,109,16,24.0
226740,3779,3779,4,125,109,16,24.0
226800,3780,3780,4,125,109,16,24.0
226860,3781,3781,4,125,109,16,24.0
226920,3782,3782,4,125,109,16,24.0
226980,3783,3783,4,125,109,16,24.0
227040,3784,3784,4,125,109,16,24.0
227100,3785,3785,4,125,109,16,24.0
227160,3786,3786,4,125,109,16,24.0
227220,3787,3787,4,125,109,16,24.0
227280,3788,3788,4,125,109,16,24.0
227340,3789,3789,4,125,109,16,24.0
227400,3790,3790,4,125,109,16,24.0
227460,3791,3791,4,125,109,16,24.0
227520,3792,3792,4,125,109,16,24.0
227580,3793,3793,4,125,109,16,24.0
227640,3794,3794,4,125,109,16,24.0
227700,3795,3795,4,125,109,16,24.0
227760,3796,3796,4,125,109,16,24.0
227820,3797,3797,4,125,109,16,24.0
227880,3798,3798,4,125,109,16,24.0
227940,3799,3799,4,125,109,16,24.0
228000,3800,3800,4,125,109,16,24.0
228060,3801,3801,4,125,109,16,24.0
228120,3802,3802,4,125,109,16,24.0
228180,3803,3803,4,125,109,16,24.0
228240,3804,3804,4,125,109,16,24.0
228300,3805,3805,4,125,109,16,24.0
228360,3806,3806,4,125,109,16,24.0
228420,3807,3807,4,125,109,16,24.0
228480,3808,3808,4,125,109,16,24.0
228540,3809,3809,4,125,109,16,24.0
228600,3810,3810,4,125,109,16,24.0
228660,3811,3811,4,125,109,16,24.0
228720,3812,3812,4,125,109,16,24.0
228780,3813,3813,4,125,109,16,24.0
228840,3814,3814,4,125,109,16,24.0
228900,3815,3815,4,125,109,16,24.0
228960,3816,3816,4,125,109,16,24.0
229020,3817,3817,4,125,109,16,24.0
229080,3818,3818,4,125,109,16,24.0
229140,3819,3819,4,125,109,16,24.0
229200,3820,3820,4,125,109,16,24.0
229260,3821,3821,4,125,109,16,24.0
229320,3822,3822,4,125,109,16,24.0
229380,3823,3823,4,125,109,16,24.0
229440,3824,3824,4,125,109,16,24.0
229500,3825,3825,4,125,109,16,24.0
229560,3826,3826,4,125,109,16,24.0
229620,3827,3827,4,125,109,16,24.0
229680,3828,3828,4,125,109,16,24.0
229740,3829,3829,4,125,109,16,24.0
229800,3830,3830,4,125,109,16,24.0
229860,3831,3831,4,125,109,16,24.0
229920,3832,3832,4,125,109,16,24.0
229980,3833,3833,4,125,109,16,24.0
230040,3834,3834,4,125,109,16,24.0
230100,3835,3835,4,125,109,16,24.0
230160,3836,3836,4,125,109,16,24.0
230220,3837,3837,4,125,109,16,24.0
230280,3838,3838,4,125,109,16,24.0
230340,3839,3839,4,125,109,16,24.0
230400,3840,3840,4,125,109,16,24.0
230460,3841,3841,4,125,109,16,24.0
230520,3842,3842,4,125,109,16,24.0
230580,3843,3843,4,125,109,16,24.0
230640,3844,3844,4,125,109,16,24.0
230700,3845,3845,4,125,109,16,24.0
230760,3846,3846,4,125,109,16,24.0
230820,3847,3847,4,125,109,16,24.0
230880,3848,3848,4,125,109,16,24.0
230940,3849,3849,4,125,109,16,24.0
231000,3850,3850,4,125,109,16,24.0
231060,3851,3851,4,125,109,16,24.0
231120,3852,3852,4,125,109,16,24.0
231180,3853,3853,4,125,109,16,24.0
231240,3854,3854,4,125,109,16,24.0
231300,3855,3855,4,125,109,16,24.0
231360,3856,3856,4,125,109,16,24.0
231420,3857,3857,4,125,109,16,24.0
231480,3858,3858,4,125,109,16,24.0
231540,3859,3859,4,125,109,16,24.0
231600,3860,3860,4,125,109,16,24.0
231660,3861,3861,4,125,109,16,24.0
231720,3862,3862,4,125,109,16,24.0
231780,3863,3863,4,125,109,16,24.0
231840,3864,3864,4,125,109,16,24.0
231900,3865,3865,4,125,109,16,24.0
231960,3866,3866,4,125,109,16,24.0
232020,3867,3867,4,125,109,16,24.0
232080,3868,3868,4,125,109,16,24.0
232140,3869,3869,4,125,109,16,24.0
232200,3870,3870,4,125,109,16,24.0
232260,3871,3871,4,125,109,16,24.0
232320,3872,3872,4,125,109,16,24.0
232380,3873,3873,4,125,109,16,24.0
232440,3874,3874,4,125,109,16,24.0
232500,3875,3875,4,125,109,16,24.0
232560,3876,3876,4,125,109,16,24.0
232620,3877,3877,4,125,109,16,24.0
232680,3878,3878,4,125,109,16,24.0
232740,3879,3879,4,125,109,16,24.0
232800,3880,3880,4,125,109,16,24.0
232860,3881,3881,4,125,109,16,24.0
232920,3882,3882,4,125,109,16,24.0
232980,3883,3883,4,125,109,16,24.0
233040,3884,3884,4,125,109,16,24.0
233100,3885,3885,4,125,109,16,24.0
233160,3886,3886,4,125,109,16,24.0
233220,3887,3887,4,125,109,16,24.0
233280,3888,3888,4,125,109,16,24.0
233340,3889,3889,4,125,109,16,24.0
233400,3890,3890,4,125,109,16,24.0
233460,3891,3891,4,125,109,16,24.0
233520,3892,3892,4,125,109,16,24.0
233580,3893,3893,4,125,109,16,24.0
233640,3894,3894,4,125,109,16,24.0
233700,3895,3895,4,125,109,16,24.0
233760,3896,3896,4,125,109,16,24.0
233820,3897,3897,4,125,109,16,24.0
233880,3898,3898,4,125,109,16,24.0
233940,3899,3899,4,125,109,16,24.0
234000,3900,3900,4,125,109,16,24.0
234060,3901,3901,4,125,109,16,24.0
234120,3902,3902,4,125,109,16,24.0
234180,3903,3903,4,125,109,16,24.0
234240,3904,3904,4,125,109,16,24.0
234300,3905,3905,4,125,109,16,24.0
234360,3906,3906,4,125,109,16,24.0
234420,3907,3907,4,125,109,16,24.0
234480,3908,3908,4,125,109,16,24.0
234540,3909,3909,4,125,109,16,24.0
234600,3910,3910,4,125,109,16,24.0
234660,3911,3911,4,125,109,16,24.0
234720,3912,3912,4,125,109,16,24.0
234780,3913,3913,4,125,109,16,24.0
234840,3914,3914,4,125,109,16,24.0
234900,3915,3915,4,125,109,16,24.0
234960,3916,3916,4,125,109,16,24.0
235020,3917,3917,4,125,109,16,24.0
235080,3918,3918,4,125,109,16,24.0
235140,3919,3919,4,125,109,16,24.0
235200,3920,3920,4,125,109,16,24.0
235260,3921,3921,4,125,109,16,24.0
235320,3922,3922,4,125,109,16,24.0
235380,3923,3923,4,125,109,16,24.0
235440,3924,3924,4,125,109,16,24.0
235500,3925,3925,4,125,109,16,24.0
235560,3926,3926,4,125,109,16,24.0
235620,3927,3927,4,125,109,16,24.0
235680,3928,3928,4,125,109,16,24.0
235740,3929,3929,4,125,109,16,24.0
235800,3930,3930,4,125,109,16,24.0
235860,3931,3931,4,125,109,16,24.0
235920,3932,3932,4,125,109,16,24.0
235980,3933,3933,4,125,109,16,24.0
236040,3934,3934,4,125,109,16,24.0
236100,3935,3935,4,125,109,16,24.0
236160,3936,3936,4,125,109,16,24.0
236220,3937,3937,4,125,109,16,24.0
236280,3938,3938,4,125,109,16,24.0
236340,3939,3939,4,125,109,16,24.0
236400,3940,3940,4,125,109,16,24.0
236460,3941,3941,4,125,109,16,24.0
236520,3942,3942,4,125,109,16,24.0
236580,3943,3943,4,125,109,16,24.0
236640,3944,3944,4,125,109,16,24.0
236700,3945,3945,4,125,109,16,24.0
236760,3946,3946,4,125,109,16,24.0
236820,3947,3947,4,125,109,16,24.0
236880,3948,3948,4,125,109,16,24.0
236940,3949,3949,4,125,109,16,24.0
237000,3950,3950,4,125,109,16,24.0
237060,3951,3951,4,125,109,16,24.0
237120,3952,3952,4,125,109,16,24.0
237180,3953,3953,4,125,109,16,24.0
237240,3954,3954,4,125,109,16,24.0
237300,3955,3955,4,125,109,16,24.0
237360,3956,3956,4,125,109,16,24.0
237420,3957,3957,4,125,109,16,24.0
237480,3958,3958,4,125,109,16,24.0
237540,3959,3959,4,125,109,16,24.0
237600,3960,3960,4,125,109,16,24.0
237660,3961,3961,4,125,109,16,24.0
237720,3962,3962,4,125,109,16,24.0
237780,3963,3963,4,125,109,16,24.0
237840,3964,3964,4,125,109,16,24.0
237900,3965,3965,4,125,109,16,24.0
237960,3966,3966,4,125,109,16,24.0
238020,3967,3967,4,125,109,16,24.0
238080,3968,3968,4,125,109,16,24.0
238140,3969,3969,4,125,109,16,24.0
238200,3970,3970,4,125,109,16,24.0
238260,3971,3971,4,125,109,16,24.0
238320,3972,3972,4,125,109,16,24.0
238380,3973,3973,4,125,109,16,24.0
238440,3974,3974,4,125,109,16,24.0
238500,3975,3975,4,125,109,16,24.0
238560,3976,3976,4,125,109,16,24.0
238620,3977,3977,4,125,109,16,24.0
238680,3978,3978,4,125,109,16,24.0
238740,3979,3979,4,125,109,16,24.0
238800,3980,3980,4,125,109,16,24.0
238860,3981,3981,4,125,109,16,24.0
238920,3982,3982,4,125,109,16,24.0
238980,3983,3983,4,125,109,16,24.0
239040,3984,3984,4,125,109,16,24.0
239100,3985,3985,4,125,109,16,24.0
239160,3986,3986,4,125,109,16,24.0
239220,3987,3987,4,125,109,16,24.0
239280,3988,3988,4,125,109,16,24.0
239340,3989,3989,4,125,109,16,24.0
239400,3990,3990,4,125,109,16,24.0
